"seqnames","logFC","AveExpr","t","P.Value","adj.P.Val","B","significant","contrast","lake","Date","Year","Month","Day","Clade","sample_date","Year_lake","sig_label","strain_clade"
"NIES-2520",-2.57522011220063,2.11390555809893,-4.77355543931158,1.42247604956339e-05,0.00258890641020537,3.00694879453,"Decreased","logqc_LE_18_06_28","Lake Erie","18_06_28","2018","06","28","Mae3_2","06/28","2018 Lake Erie","2018 Lake Erie","NIES-2520 (Mae3_2)"
"F13-15",1.81664599113186,1.40698658172397,4.24915191237588,8.53960088508133e-05,0.00777103680542401,1.38517340463416,"Increased","logqc_LE_18_06_28","Lake Erie","18_06_28","2018","06","28","Mae4","06/28","2018 Lake Erie","2018 Lake Erie","F13-15 (Mae4)"
"LE17-10A",-1.69220611935921,1.13435182819568,-3.4710992710898,0.00102785487799343,0.0623565292649348,-0.846249292411253,"Not Significant","logqc_LE_18_06_28","Lake Erie","18_06_28","2018","06","28","Mae5","06/28","2018 Lake Erie","No change","LE17-10A (Mae5)"
"FCY-27",0.621832320064462,0.0672416368619685,3.01656026416586,0.00389405567183859,0.14920948687707,-2.02231380919878,"Not Significant","logqc_LE_18_06_28","Lake Erie","18_06_28","2018","06","28","Unclassified","06/28","2018 Lake Erie","No change","FCY-27 (Unclassified)"
"LE18-22",-1.83555465722177,2.37538675014286,-2.99830246669386,0.00409916172739203,0.14920948687707,-2.06723335356041,"Not Significant","logqc_LE_18_06_28","Lake Erie","18_06_28","2018","06","28","Mae3_1","06/28","2018 Lake Erie","No change","LE18-22 (Mae3_1)"
"LG11-05",0.187912502510712,0.0100220001339047,2.77652869139108,0.00753752579930426,0.185319323394913,-2.5973159574125,"Not Significant","logqc_LE_18_06_28","Lake Erie","18_06_28","2018","06","28","Mae10","06/28","2018 Lake Erie","No change","LG11-05 (Mae10)"
"NIES-2481",0.187912502510712,0.0102832125020514,2.77558007570792,0.00755674761884845,0.185319323394913,-2.59951993044922,"Not Significant","logqc_LE_18_06_28","Lake Erie","18_06_28","2018","06","28","Mfl_ae4","06/28","2018 Lake Erie","No change","NIES-2481 (Mfl_ae4)"
"Mv_BB_P_19951000_S68",0.00375393260485428,0.000200209738925561,2.7475320956239,0.00814590432505113,0.185319323394913,-2.66443453636691,"Not Significant","logqc_LE_18_06_28","Lake Erie","18_06_28","2018","06","28","Mvi","06/28","2018 Lake Erie","No change","Mv_BB_P_19951000_S68 (Mvi)"
"Ma_QC_Ch_20071001_S25",0.0383691325335769,0.00284874706007544,2.66704591472795,0.0100789182924114,0.201722597286184,-2.84798646492123,"Not Significant","logqc_LE_18_06_28","Lake Erie","18_06_28","2018","06","28","Mae2_(LL/LG)","06/28","2018 Lake Erie","No change","Ma_QC_Ch_20071001_S25 (Mae2_(LL/LG))"
"LE19-338",-1.10369383843206,0.859899611526082,-2.62114628041152,0.0113610567577668,0.201722597286184,-2.95082222265621,"Not Significant","logqc_LE_18_06_28","Lake Erie","18_06_28","2018","06","28","Mfl_ae3","06/28","2018 Lake Erie","No change","LE19-338 (Mfl_ae3)"
"FD4",-1.17972630352398,1.73455209737951,-2.59386295227489,0.0121920251107034,0.201722597286184,-3.01130560290011,"Not Significant","logqc_LE_18_06_28","Lake Erie","18_06_28","2018","06","28","Mvi","06/28","2018 Lake Erie","No change","FD4 (Mvi)"
"NIES-3804",0.310831172561922,0.0375041297968267,2.54694609268313,0.0137513338625422,0.208561896915223,-3.11417810494941,"Not Significant","logqc_LE_18_06_28","Lake Erie","18_06_28","2018","06","28","Mfl_ae3","06/28","2018 Lake Erie","No change","NIES-3804 (Mfl_ae3)"
"L211-101",-0.982463486088061,1.6167805291691,-2.42987264736066,0.0184610008775164,0.25845401228523,-3.3644963610005,"Not Significant","logqc_LE_18_06_28","Lake Erie","18_06_28","2018","06","28","Mae3_1","06/28","2018 Lake Erie","No change","L211-101 (Mae3_1)"
"W13-15",-0.15130791907121,0.0310915074799987,-2.34920009415995,0.0225041104632899,0.292553436022769,-3.53155407284448,"Not Significant","logqc_LE_18_06_28","Lake Erie","18_06_28","2018","06","28","Mae2_(HL/LG)","06/28","2018 Lake Erie","No change","W13-15 (Mae2_(HL/LG))"
"NIES-87",-0.593038265265391,0.746447175377667,-2.20181196954083,0.0319729611471081,0.387938595251578,-3.82495309932846,"Not Significant","logqc_LE_18_06_28","Lake Erie","18_06_28","2018","06","28","Mfl_ae6","06/28","2018 Lake Erie","No change","NIES-87 (Mfl_ae6)"
"Ma_QC_B_20070730_S2",0.930306027460252,0.435470995302504,2.15776990979223,0.0354143803436931,0.402838576409509,-3.90959018048454,"Not Significant","logqc_LE_18_06_28","Lake Erie","18_06_28","2018","06","28","Mae1","06/28","2018 Lake Erie","No change","Ma_QC_B_20070730_S2 (Mae1)"
"LE19-84",0.812206483586906,1.48578914474714,2.03923640284038,0.0463359391559354,0.450423710010068,-4.13025701414439,"Not Significant","logqc_LE_18_06_28","Lake Erie","18_06_28","2018","06","28","Mae4","06/28","2018 Lake Erie","No change","LE19-84 (Mae4)"
"Ma_QC_Ca_00000000_S207",0.617665876844529,0.583676704350923,2.0116692437282,0.0492590691081011,0.450423710010068,-4.1800652209993,"Not Significant","logqc_LE_18_06_28","Lake Erie","18_06_28","2018","06","28","Mae2_(LL/LG)","06/28","2018 Lake Erie","No change","Ma_QC_Ca_00000000_S207 (Mae2_(LL/LG))"
"Ma_MB_S_20031200_S102",0.233750830680769,0.0997020858566253,2.01040958047535,0.0493963581467174,0.450423710010068,-4.18232738223645,"Not Significant","logqc_LE_18_06_28","Lake Erie","18_06_28","2018","06","28","Mae6","06/28","2018 Lake Erie","No change","Ma_MB_S_20031200_S102 (Mae6)"
"LE19-251",-0.69165326424191,2.14433901987754,-2.00948706592615,0.0494971109901173,0.450423710010068,-4.18398330992099,"Not Significant","logqc_LE_18_06_28","Lake Erie","18_06_28","2018","06","28","Mae3_3","06/28","2018 Lake Erie","No change","LE19-251 (Mae3_3)"
"LG13-13",1.04727695021335,1.00860655239236,1.92115971635371,0.0600001201238956,0.47711611738271,-4.33951001626023,"Not Significant","logqc_LE_18_06_28","Lake Erie","18_06_28","2018","06","28","Mae10","06/28","2018 Lake Erie","No change","LG13-13 (Mae10)"
"K13-06",-0.137533446100969,0.0866228644935585,-1.92080116988783,0.0600463592573529,0.47711611738271,-4.34012907036404,"Not Significant","logqc_LE_18_06_28","Lake Erie","18_06_28","2018","06","28","Mae3_2","06/28","2018 Lake Erie","No change","K13-06 (Mae3_2)"
"M_OC_Ca_00000000_C217Col",0.313219699961966,0.111285924783708,1.90960719297958,0.0615053160242079,0.47711611738271,-4.3594059157865,"Not Significant","logqc_LE_18_06_28","Lake Erie","18_06_28","2018","06","28","Mae4","06/28","2018 Lake Erie","No change","M_OC_Ca_00000000_C217Col (Mae4)"
"LE19-114",-0.960516779919575,0.564634074616638,-1.89899339566308,0.0629164110834343,0.47711611738271,-4.37759348280725,"Not Significant","logqc_LE_18_06_28","Lake Erie","18_06_28","2018","06","28","Mae5","06/28","2018 Lake Erie","No change","LE19-114 (Mae5)"
"Ma_MB_F_20061100_S20D",0.409807731297555,0.0680865720923015,1.8490576698924,0.0699298132928843,0.509089040772198,-4.46197816128624,"Not Significant","logqc_LE_18_06_28","Lake Erie","18_06_28","2018","06","28","Mae5","06/28","2018 Lake Erie","No change","Ma_MB_F_20061100_S20D (Mae5)"
"LSC13-02",1.00279936948849,1.50391835237686,1.7723033473531,0.0819888401586141,0.573921881110299,-4.58783673766605,"Not Significant","logqc_LE_18_06_28","Lake Erie","18_06_28","2018","06","28","Mae2_(LL/LG)","06/28","2018 Lake Erie","No change","LSC13-02 (Mae2_(LL/LG))"
"KLA2",0.522036012785017,0.368715473471586,1.73282801891125,0.0888376426653077,0.598551792487929,-4.65073075094304,"Not Significant","logqc_LE_18_06_28","Lake Erie","18_06_28","2018","06","28","Mae1","06/28","2018 Lake Erie","No change","KLA2 (Mae1)"
"NIES-4325",0.581593350817026,0.515605768568284,1.71498759098349,0.092084891151989,0.598551792487929,-4.67874203781604,"Not Significant","logqc_LE_18_06_28","Lake Erie","18_06_28","2018","06","28","Mae10","06/28","2018 Lake Erie","No change","NIES-4325 (Mae10)"
"LG13-11",-0.502826156448253,0.494245808471573,-1.64825822568653,0.105110095194271,0.659656459495077,-4.78121597360002,"Not Significant","logqc_LE_18_06_28","Lake Erie","18_06_28","2018","06","28","Mvi","06/28","2018 Lake Erie","No change","LG13-11 (Mvi)"
"Mp_MB_F_20080800_S26D",-0.32833266866726,0.310031748566602,-1.62135807414802,0.11076954292521,0.663500780107997,-4.82149251271264,"Not Significant","logqc_LE_18_06_28","Lake Erie","18_06_28","2018","06","28","Mpa","06/28","2018 Lake Erie","No change","Mp_MB_F_20080800_S26D (Mpa)"
"DF17",0.717520168924148,0.597718933770284,1.57978085472309,0.12000096166252,0.663500780107997,-4.88256655575175,"Not Significant","logqc_LE_18_06_28","Lake Erie","18_06_28","2018","06","28","Mae3_1","06/28","2018 Lake Erie","No change","DF17 (Mae3_1)"
"BK11-02",0.62620091084351,1.09855776593583,1.57496692557097,0.121108707104038,0.663500780107997,-4.88954506704155,"Not Significant","logqc_LE_18_06_28","Lake Erie","18_06_28","2018","06","28","Mae2_(LL/LG)","06/28","2018 Lake Erie","No change","BK11-02 (Mae2_(LL/LG))"
"G11-06",0.054100979368981,0.0125333798659142,1.54103454239541,0.129151978641172,0.663500780107997,-4.93818601493988,"Not Significant","logqc_LE_18_06_28","Lake Erie","18_06_28","2018","06","28","Mae2_(HL/LG)","06/28","2018 Lake Erie","No change","G11-06 (Mae2_(HL/LG))"
"G13-12",-0.065192080145788,0.0160517041433756,-1.5387236871257,0.129714902275499,0.663500780107997,-4.94146348202474,"Not Significant","logqc_LE_18_06_28","Lake Erie","18_06_28","2018","06","28","Mae2_(HL/LG)","06/28","2018 Lake Erie","No change","G13-12 (Mae2_(HL/LG))"
"G13-11",-0.206287892586415,0.144613938089757,-1.53849726433604,0.129770163969994,0.663500780107997,-4.94178437454057,"Not Significant","logqc_LE_18_06_28","Lake Erie","18_06_28","2018","06","28","Mae2_(HL/LG)","06/28","2018 Lake Erie","No change","G13-11 (Mae2_(HL/LG))"
"LE19-131",0.310831172561922,0.0903619212896802,1.52433875618655,0.133263221989588,0.663500780107997,-4.96176464737435,"Not Significant","logqc_LE_18_06_28","Lake Erie","18_06_28","2018","06","28","Mae1","06/28","2018 Lake Erie","No change","LE19-131 (Mae1)"
"G11-09",0.0924701119025579,0.0504221903893531,1.50388643649413,0.138440627600415,0.663500780107997,-4.99032870434538,"Not Significant","logqc_LE_18_06_28","Lake Erie","18_06_28","2018","06","28","Mae2_(HL/LG)","06/28","2018 Lake Erie","No change","G11-09 (Mae2_(HL/LG))"
"NIES-843",0.456078011893041,0.41419869861001,1.50352658084791,0.138533129912659,0.663500780107997,-4.99082812602315,"Not Significant","logqc_LE_18_06_28","Lake Erie","18_06_28","2018","06","28","Mae3_1","06/28","2018 Lake Erie","No change","NIES-843 (Mae3_1)"
"K13-07",0.303835632827456,0.103993129310759,1.47631556945283,0.145670675574599,0.679796486014797,-5.02827531115501,"Not Significant","logqc_LE_18_06_28","Lake Erie","18_06_28","2018","06","28","Mae2_(LL/LG)","06/28","2018 Lake Erie","No change","K13-07 (Mae2_(LL/LG))"
"Mf_QC_C_20070823_S10",0.94108042579861,1.65735306210632,1.41994012683581,0.161376286200056,0.734262102210255,-5.10385524154333,"Not Significant","logqc_LE_18_06_28","Lake Erie","18_06_28","2018","06","28","Mfl_ae1","06/28","2018 Lake Erie","No change","Mf_QC_C_20070823_S10 (Mfl_ae1)"
"M_QC_C_20170808_M9Col",-0.282204201008289,0.257986840954712,-1.38535439930644,0.171643547967588,0.761929895856121,-5.14887677826667,"Not Significant","logqc_LE_18_06_28","Lake Erie","18_06_28","2018","06","28","Mae3_1","06/28","2018 Lake Erie","No change","M_QC_C_20170808_M9Col (Mae3_1)"
"Ma_SC_T_19800800_S464",0.396048853115465,0.403603032421017,1.36031123346094,0.179386507751009,0.776757562780263,-5.18083345469753,"Not Significant","logqc_LE_18_06_28","Lake Erie","18_06_28","2018","06","28","Mwe","06/28","2018 Lake Erie","No change","Ma_SC_T_19800800_S464 (Mwe)"
"Ma_QC_C_20070703_M131",-0.14187616436839,0.0650762610075088,-1.33999671705558,0.185861286744252,0.776757562780263,-5.20635764901676,"Not Significant","logqc_LE_18_06_28","Lake Erie","18_06_28","2018","06","28","Mae9","06/28","2018 Lake Erie","No change","Ma_QC_C_20070703_M131 (Mae9)"
"NIES-88",0.0383691325335769,0.0166130923980228,1.33405718632015,0.187787542650174,0.776757562780263,-5.21375276857396,"Not Significant","logqc_LE_18_06_28","Lake Erie","18_06_28","2018","06","28","Mae3_1","06/28","2018 Lake Erie","No change","NIES-88 (Mae3_1)"
"S11-01",0.311739152915968,0.197274366514199,1.3038174985324,0.197830030563358,0.788180180978509,-5.25092749519242,"Not Significant","logqc_LE_18_06_28","Lake Erie","18_06_28","2018","06","28","Mae2_(LL/LG)","06/28","2018 Lake Erie","No change","S11-01 (Mae2_(LL/LG))"
"Mp_MB_F_20051200_S6",0.0383691325335769,0.00763925243983875,1.29352850732267,0.20133751981729,0.788180180978509,-5.26339435718256,"Not Significant","logqc_LE_18_06_28","Lake Erie","18_06_28","2018","06","28","Mpa","06/28","2018 Lake Erie","No change","Mp_MB_F_20051200_S6 (Mpa)"
"LE17-20C",0.187912502510712,0.0405752117684644,1.28713321287809,0.203541035747197,0.788180180978509,-5.27109672398002,"Not Significant","logqc_LE_18_06_28","Lake Erie","18_06_28","2018","06","28","Mae8","06/28","2018 Lake Erie","No change","LE17-20C (Mae8)"
"G13-05",-0.0614381475409337,0.0306149934736053,-1.26888839762773,0.209926454998418,0.795971141869003,-5.29287365785997,"Not Significant","logqc_LE_18_06_28","Lake Erie","18_06_28","2018","06","28","Mae2_(HL/LG)","06/28","2018 Lake Erie","No change","G13-05 (Mae2_(HL/LG))"
"L211-07",0.310831172561922,0.11190625229484,1.2546654611769,0.215006784876,0.798596629539429,-5.30964758760067,"Not Significant","logqc_LE_18_06_28","Lake Erie","18_06_28","2018","06","28","Mae3_1","06/28","2018 Lake Erie","No change","L211-07 (Mae3_1)"
"TA09",0.286134721574363,0.259888765804974,1.19078426914591,0.238949585151848,0.853652468945547,-5.38278809678336,"Not Significant","logqc_LE_18_06_28","Lake Erie","18_06_28","2018","06","28","Mae10","06/28","2018 Lake Erie","No change","TA09 (Mae10)"
"EAWAG127a",0.416608844703891,0.222501133930924,1.19011493721119,0.239210307231994,0.853652468945547,-5.38353533805853,"Not Significant","logqc_LE_18_06_28","Lake Erie","18_06_28","2018","06","28","Mae6","06/28","2018 Lake Erie","No change","EAWAG127a (Mae6)"
"G13-07",0.163062038279519,0.240259247661432,1.13698769792663,0.260566665895303,0.905275556584651,-5.44157562763102,"Not Significant","logqc_LE_18_06_28","Lake Erie","18_06_28","2018","06","28","Mae2_(HL/LG)","06/28","2018 Lake Erie","No change","G13-07 (Mae2_(HL/LG))"
"BS13-02",0.162415015355425,0.137650099733605,1.12119364805463,0.267169695561035,0.905275556584651,-5.45834470053627,"Not Significant","logqc_LE_18_06_28","Lake Erie","18_06_28","2018","06","28","Mae6","06/28","2018 Lake Erie","No change","BS13-02 (Mae6)"
"LE19-8",-0.503984334327995,0.640050823369167,-1.1178130999128,0.268598242063578,0.905275556584651,-5.46190493470347,"Not Significant","logqc_LE_18_06_28","Lake Erie","18_06_28","2018","06","28","Mae8","06/28","2018 Lake Erie","No change","LE19-8 (Mae8)"
"LE19-59",-0.0830526680300839,0.040524784548568,-1.08800393447338,0.281428505140498,0.931272507919465,-5.49285486361841,"Not Significant","logqc_LE_18_06_28","Lake Erie","18_06_28","2018","06","28","Mae3_3","06/28","2018 Lake Erie","No change","LE19-59 (Mae3_3)"
"NIES-44",-0.433984206440629,1.07510902301778,-1.06066063240222,0.293567986857742,0.934451963472905,-5.52054193469498,"Not Significant","logqc_LE_18_06_28","Lake Erie","18_06_28","2018","06","28","Mae8","06/28","2018 Lake Erie","No change","NIES-44 (Mae8)"
"TF09",0.323780981363886,0.375654853281397,1.05584471187359,0.29574295885209,0.934451963472905,-5.52534858635527,"Not Significant","logqc_LE_18_06_28","Lake Erie","18_06_28","2018","06","28","Mae1","06/28","2018 Lake Erie","No change","TF09 (Mae1)"
"Ma_QC_Ch_20071001_S25D",0.33324270085763,0.372566968085964,1.05132903839058,0.297792383963893,0.934451963472905,-5.5298365445114,"Not Significant","logqc_LE_18_06_28","Lake Erie","18_06_28","2018","06","28","Mae2_(LL/LG)","06/28","2018 Lake Erie","No change","Ma_QC_Ch_20071001_S25D (Mae2_(LL/LG))"
"SX13-01",-0.150196446529859,0.101462483160348,-1.02301618880896,0.310864149130369,0.946658467385683,-5.55755534743169,"Not Significant","logqc_LE_18_06_28","Lake Erie","18_06_28","2018","06","28","Mae2_(HL/LG)","06/28","2018 Lake Erie","No change","SX13-01 (Mae2_(HL/LG))"
"Sj",0.230820302884009,0.167634640982776,1.0204131269597,0.312085209028247,0.946658467385683,-5.56006735245463,"Not Significant","logqc_LE_18_06_28","Lake Erie","18_06_28","2018","06","28","Unclassified","06/28","2018 Lake Erie","No change","Sj (Unclassified)"
"LE19-197",-0.0683001082130778,0.0203531721026541,-1.0084840877352,0.317722476480515,0.94795886425334,-5.5715004745655,"Not Significant","logqc_LE_18_06_28","Lake Erie","18_06_28","2018","06","28","Mfl_ae1","06/28","2018 Lake Erie","No change","LE19-197 (Mfl_ae1)"
"LG13-12",0.769404876364353,1.67744404555595,0.952356595359909,0.345162225442814,0.997371080578489,-5.62355720183533,"Not Significant","logqc_LE_18_06_28","Lake Erie","18_06_28","2018","06","28","Mae10","06/28","2018 Lake Erie","No change","LG13-12 (Mae10)"
"11-30S32",-0.338836953892846,0.534806423440277,-0.94615005004497,0.348289245364051,0.997371080578489,-5.62913713584213,"Not Significant","logqc_LE_18_06_28","Lake Erie","18_06_28","2018","06","28","Mae3_1","06/28","2018 Lake Erie","No change","11-30S32 (Mae3_1)"
"FCY-26",-0.0319061712812624,0.0140327118228079,-0.936338714690389,0.353270089205772,0.997371080578489,-5.63788604299285,"Not Significant","logqc_LE_18_06_28","Lake Erie","18_06_28","2018","06","28","Mae1","06/28","2018 Lake Erie","No change","FCY-26 (Mae1)"
"K13-10",-0.448358383898558,1.90090039066495,-0.92658527951196,0.35826720428517,0.997371080578489,-5.64649596104338,"Not Significant","logqc_LE_18_06_28","Lake Erie","18_06_28","2018","06","28","Mae3_3","06/28","2018 Lake Erie","No change","K13-10 (Mae3_3)"
"LE19-41",0.0821258779227239,0.0886701153905635,0.919966861491931,0.36168401823176,0.997371080578489,-5.65228876696592,"Not Significant","logqc_LE_18_06_28","Lake Erie","18_06_28","2018","06","28","Mae3_3","06/28","2018 Lake Erie","No change","LE19-41 (Mae3_3)"
"FCY-28",0.155719866889775,0.128940385549611,0.902234528047765,0.370941570997753,1,-5.66761098160812,"Not Significant","logqc_LE_18_06_28","Lake Erie","18_06_28","2018","06","28","Mae1","06/28","2018 Lake Erie","No change","FCY-28 (Mae1)"
"Ma_MB_S_20031200_S102D",-0.0432331050388594,0.0260079543864669,-0.893877018543144,0.375356762046109,1,-5.6747324121914,"Not Significant","logqc_LE_18_06_28","Lake Erie","18_06_28","2018","06","28","Mae6","06/28","2018 Lake Erie","No change","Ma_MB_S_20031200_S102D (Mae6)"
"Mp_GB_SS_20050300_S99D",0.122720422364924,0.0713286176546508,0.884623372995405,0.380284135685436,1,-5.68254249178471,"Not Significant","logqc_LE_18_06_28","Lake Erie","18_06_28","2018","06","28","Mpa","06/28","2018 Lake Erie","No change","Mp_GB_SS_20050300_S99D (Mpa)"
"BS13-10",0.57077609004059,3.71435705831315,0.843823117166726,0.402493116254658,1,-5.71603682764849,"Not Significant","logqc_LE_18_06_28","Lake Erie","18_06_28","2018","06","28","Mae2_(HL/LG)","06/28","2018 Lake Erie","No change","BS13-10 (Mae2_(HL/LG))"
"Mw_QC_S_20081001_S30",-0.270033497805045,0.483802100567593,-0.839420708307827,0.404936414142916,1,-5.71955904477475,"Not Significant","logqc_LE_18_06_28","Lake Erie","18_06_28","2018","06","28","Mwe","06/28","2018 Lake Erie","No change","Mw_QC_S_20081001_S30 (Mwe)"
"LE19-281",0.0236560457536447,0.0185045581236523,0.797367939080287,0.428731729307024,1,-5.75229954902553,"Not Significant","logqc_LE_18_06_28","Lake Erie","18_06_28","2018","06","28","Mae3_3","06/28","2018 Lake Erie","No change","LE19-281 (Mae3_3)"
"Mn_MB_F_20050700_S1D",0.1354488590179,0.225709300796186,0.753545463563337,0.454397266932652,1,-5.78467055456471,"Not Significant","logqc_LE_18_06_28","Lake Erie","18_06_28","2018","06","28","Mn","06/28","2018 Lake Erie","No change","Mn_MB_F_20050700_S1D (Mn)"
"Ma_AC_P_19900807_S300",0.0776582338979726,0.0918720102450322,0.752873533111024,0.454797609659573,1,-5.78515298117679,"Not Significant","logqc_LE_18_06_28","Lake Erie","18_06_28","2018","06","28","Mae1","06/28","2018 Lake Erie","No change","Ma_AC_P_19900807_S300 (Mae1)"
"Ma_QC_C_20070823_S18",-0.0617641422514123,0.0667747573911391,-0.716150052009744,0.476986244710745,1,-5.81087852537378,"Not Significant","logqc_LE_18_06_28","Lake Erie","18_06_28","2018","06","28","Mfl_ae1","06/28","2018 Lake Erie","No change","Ma_QC_C_20070823_S18 (Mfl_ae1)"
"LE3",0.0768000512797762,0.0550937925627485,0.71423103294964,0.478162257390825,1,-5.81218819312671,"Not Significant","logqc_LE_18_06_28","Lake Erie","18_06_28","2018","06","28","Mae1","06/28","2018 Lake Erie","No change","LE3 (Mae1)"
"PCC_9809",0.177603080406796,0.268086319503821,0.687394041063738,0.494778071588412,1,-5.83014236688435,"Not Significant","logqc_LE_18_06_28","Lake Erie","18_06_28","2018","06","28","Mae3_1","06/28","2018 Lake Erie","No change","PCC_9809 (Mae3_1)"
"M_QC_C_20170808_M3Col",0.168229871884024,0.198066234462503,0.679584356696317,0.499672300343875,1,-5.83524034401069,"Not Significant","logqc_LE_18_06_28","Lake Erie","18_06_28","2018","06","28","Mae2_(LL/LG)","06/28","2018 Lake Erie","No change","M_QC_C_20170808_M3Col (Mae2_(LL/LG))"
"Mn_MB_F_20050700_S1",0.150436375881999,0.149138906345602,0.679195191902736,0.499916874204555,1,-5.83549288531178,"Not Significant","logqc_LE_18_06_28","Lake Erie","18_06_28","2018","06","28","Mn","06/28","2018 Lake Erie","No change","Mn_MB_F_20050700_S1 (Mn)"
"KW",-0.112891946065579,0.228886029414017,-0.644367281860119,0.522066781791279,1,-5.85751798527829,"Not Significant","logqc_LE_18_06_28","Lake Erie","18_06_28","2018","06","28","Mae3_1","06/28","2018 Lake Erie","No change","KW (Mae3_1)"
"Mw_MB_S_20031200_S109",0.10467956804915,0.157347921766283,0.633269534872246,0.529232241121836,1,-5.86429661502878,"Not Significant","logqc_LE_18_06_28","Lake Erie","18_06_28","2018","06","28","Mwe","06/28","2018 Lake Erie","No change","Mw_MB_S_20031200_S109 (Mwe)"
"BS11-05",-0.233653640181819,1.11655886680262,-0.579085010666068,0.564941149081293,1,-5.89572636876704,"Not Significant","logqc_LE_18_06_28","Lake Erie","18_06_28","2018","06","28","Mae2_(HL/LG)","06/28","2018 Lake Erie","No change","BS11-05 (Mae2_(HL/LG))"
"NIES-4285",0.0219589751069286,0.0209054276086438,0.572923096693697,0.569076267550047,1,-5.8991250771951,"Not Significant","logqc_LE_18_06_28","Lake Erie","18_06_28","2018","06","28","Mae1","06/28","2018 Lake Erie","No change","NIES-4285 (Mae1)"
"G13-10",0.361056620373175,1.91344585883941,0.538473024024403,0.592464683880857,1,-5.91746481542144,"Not Significant","logqc_LE_18_06_28","Lake Erie","18_06_28","2018","06","28","Mae2_(HL/LG)","06/28","2018 Lake Erie","No change","G13-10 (Mae2_(HL/LG))"
"PCC_9443",-0.153809157346886,0.395547888570149,-0.527336948593331,0.600120893123053,1,-5.92315278930546,"Not Significant","logqc_LE_18_06_28","Lake Erie","18_06_28","2018","06","28","Mae4","06/28","2018 Lake Erie","No change","PCC_9443 (Mae4)"
"Mf_QC_C_20070823_S10D",0.0111465783515624,0.00757522624448734,0.506910824316214,0.614282417423155,1,-5.93328013036416,"Not Significant","logqc_LE_18_06_28","Lake Erie","18_06_28","2018","06","28","Mfl_ae1","06/28","2018 Lake Erie","No change","Mf_QC_C_20070823_S10D (Mfl_ae1)"
"CHAOHU_1326",-0.065192080145788,0.0362841489748562,-0.484203794596492,0.630200486381507,1,-5.94407340533229,"Not Significant","logqc_LE_18_06_28","Lake Erie","18_06_28","2018","06","28","Mae4","06/28","2018 Lake Erie","No change","CHAOHU_1326 (Mae4)"
"LE13-04",-0.065192080145788,0.0605714405924541,-0.471260262414672,0.639354422993604,1,-5.95000652938643,"Not Significant","logqc_LE_18_06_28","Lake Erie","18_06_28","2018","06","28","Mae2_(HL/LG)","06/28","2018 Lake Erie","No change","LE13-04 (Mae2_(HL/LG))"
"TW10",0.0383691325335769,0.0304914841160064,0.469355905789152,0.640706046854033,1,-5.95086601137308,"Not Significant","logqc_LE_18_06_28","Lake Erie","18_06_28","2018","06","28","Mae8","06/28","2018 Lake Erie","No change","TW10 (Mae8)"
"LE19-55",-0.0960958277275253,0.232007677225329,-0.458483826619953,0.648445908380537,1,-5.95570675189791,"Not Significant","logqc_LE_18_06_28","Lake Erie","18_06_28","2018","06","28","Mfl_ae1","06/28","2018 Lake Erie","No change","LE19-55 (Mfl_ae1)"
"NIES-102",0.0867814886350745,0.108348188815705,0.45789719022108,0.648864658696723,1,-5.95596474981626,"Not Significant","logqc_LE_18_06_28","Lake Erie","18_06_28","2018","06","28","Mae3_1","06/28","2018 Lake Erie","No change","NIES-102 (Mae3_1)"
"Msp_OC_L_20101000_S702",0.00746919563647928,0.00613463632603834,0.387553008447838,0.699871163043089,1,-5.98452361439632,"Not Significant","logqc_LE_18_06_28","Lake Erie","18_06_28","2018","06","28","Mae1","06/28","2018 Lake Erie","No change","Msp_OC_L_20101000_S702 (Mae1)"
"Mp_MB_F_20051200_S6D",0.00746919563647928,0.00542826465134461,0.36330774931861,0.717794259354066,1,-5.9932722300182,"Not Significant","logqc_LE_18_06_28","Lake Erie","18_06_28","2018","06","28","Mpa","06/28","2018 Lake Erie","No change","Mp_MB_F_20051200_S6D (Mpa)"
"SPC777",0.122246837104368,0.738352326476179,0.338132589326174,0.736575157895237,1,-6.00176144986509,"Not Significant","logqc_LE_18_06_28","Lake Erie","18_06_28","2018","06","28","Mae1","06/28","2018 Lake Erie","No change","SPC777 (Mae1)"
"M_QC_C_20170808_M2Col",0.0346875523708916,0.118615750646058,0.29481915889335,0.769263191336495,1,-6.01494671080325,"Not Significant","logqc_LE_18_06_28","Lake Erie","18_06_28","2018","06","28","Mae3_1","06/28","2018 Lake Erie","No change","M_QC_C_20170808_M2Col (Mae3_1)"
"W11-03",0.00746919563647928,0.00624387145981817,0.272776894842041,0.786065782576647,1,-6.02096620664328,"Not Significant","logqc_LE_18_06_28","Lake Erie","18_06_28","2018","06","28","Mwe","06/28","2018 Lake Erie","No change","W11-03 (Mwe)"
"L211-11",0.0147868450627751,0.018938467828755,0.272741147331651,0.78609311832294,1,-6.02097559030893,"Not Significant","logqc_LE_18_06_28","Lake Erie","18_06_28","2018","06","28","Mae3_1","06/28","2018 Lake Erie","No change","L211-11 (Mae3_1)"
"NIES-98",0.0111465783515624,0.0383344961775684,0.271015394911511,0.787413104922513,1,-6.02142713906191,"Not Significant","logqc_LE_18_06_28","Lake Erie","18_06_28","2018","06","28","Mae1","06/28","2018 Lake Erie","No change","NIES-98 (Mae1)"
"T1-4",-0.0912366758784658,0.676099264574117,-0.263892343612642,0.792867961582814,1,-6.02326066358005,"Not Significant","logqc_LE_18_06_28","Lake Erie","18_06_28","2018","06","28","Mfl_ae2","06/28","2018 Lake Erie","No change","T1-4 (Mfl_ae2)"
"Mv_BB_P_19951000_S69",-0.039880251340794,0.1576481250027,-0.236695280135951,0.813789325903564,1,-6.02981332436097,"Not Significant","logqc_LE_18_06_28","Lake Erie","18_06_28","2018","06","28","Mvi","06/28","2018 Lake Erie","No change","Mv_BB_P_19951000_S69 (Mvi)"
"Mv_BB_P_19951000_S69D",0.00746919563647928,0.013868195965796,0.212046390240473,0.832869664450997,1,-6.03513825364656,"Not Significant","logqc_LE_18_06_28","Lake Erie","18_06_28","2018","06","28","Mvi","06/28","2018 Lake Erie","No change","Mv_BB_P_19951000_S69D (Mvi)"
"LE19-13",0.0289912613797649,0.0801902782450253,0.211896325359746,0.832986150507453,1,-6.03516888410174,"Not Significant","logqc_LE_18_06_28","Lake Erie","18_06_28","2018","06","28","Mfl_ae1","06/28","2018 Lake Erie","No change","LE19-13 (Mfl_ae1)"
"LE19-10",0.0147868450627751,0.035897013020471,0.188864865508798,0.850907191557918,1,-6.03961328991639,"Not Significant","logqc_LE_18_06_28","Lake Erie","18_06_28","2018","06","28","Mae3_3","06/28","2018 Lake Erie","No change","LE19-10 (Mae3_3)"
"Mp_MB_F_20051200_S9",0.00746919563647928,0.0129444695602966,0.186843273356669,0.852484147093479,1,-6.03997904725963,"Not Significant","logqc_LE_18_06_28","Lake Erie","18_06_28","2018","06","28","Mpa","06/28","2018 Lake Erie","No change","Mp_MB_F_20051200_S9 (Mpa)"
"G13-09",0.00375393260485428,0.0147038367069868,0.181931421040918,0.856318182136361,1,-6.04085134794554,"Not Significant","logqc_LE_18_06_28","Lake Erie","18_06_28","2018","06","28","Mae2_(HL/LG)","06/28","2018 Lake Erie","No change","G13-09 (Mae2_(HL/LG))"
"W13-13",0.00375393260485428,0.00963758644345188,0.181001223988727,0.857044659959279,1,-6.04101392898673,"Not Significant","logqc_LE_18_06_28","Lake Erie","18_06_28","2018","06","28","Mae2_(HL/LG)","06/28","2018 Lake Erie","No change","W13-13 (Mae2_(HL/LG))"
"PCC_9807",0.0215179360211908,0.0953927111816176,0.173578787618481,0.86284594357801,1,-6.04228141222301,"Not Significant","logqc_LE_18_06_28","Lake Erie","18_06_28","2018","06","28","Mae4","06/28","2018 Lake Erie","No change","PCC_9807 (Mae4)"
"NIES-2521",0.0351814154780983,0.28888964313418,0.172431756282902,0.863743136062058,1,-6.04247255546205,"Not Significant","logqc_LE_18_06_28","Lake Erie","18_06_28","2018","06","28","Mfl_ae4","06/28","2018 Lake Erie","No change","NIES-2521 (Mfl_ae4)"
"Mf_WU_F_19750830_S460",0.00746919563647928,0.0199662542891306,0.153524272121913,0.878557480735833,1,-6.04544090396333,"Not Significant","logqc_LE_18_06_28","Lake Erie","18_06_28","2018","06","28","Mfl_ae3","06/28","2018 Lake Erie","No change","Mf_WU_F_19750830_S460 (Mfl_ae3)"
"Mw_QC_S_20081001_S30D",0.0111465783515624,0.0393285602473755,0.152782717989349,0.879139429236294,1,-6.04555031193687,"Not Significant","logqc_LE_18_06_28","Lake Erie","18_06_28","2018","06","28","Mwe","06/28","2018 Lake Erie","No change","Mw_QC_S_20081001_S30D (Mwe)"
"Ma_QC_C_20070823_S18D",0.00375393260485428,0.00470352069963393,0.131725891529922,0.895690970619867,1,-6.04843609640643,"Not Significant","logqc_LE_18_06_28","Lake Erie","18_06_28","2018","06","28","Mfl_ae1","06/28","2018 Lake Erie","No change","Ma_QC_C_20070823_S18D (Mfl_ae1)"
"LL13-06",0.00375393260485428,0.0165886045674064,0.123237677424137,0.902376711482507,1,-6.04947866486366,"Not Significant","logqc_LE_18_06_28","Lake Erie","18_06_28","2018","06","28","Mae2_(LL/LG)","06/28","2018 Lake Erie","No change","LL13-06 (Mae2_(LL/LG))"
"NIES-2549",0.0219589751069286,0.0785609694088359,0.122381488274424,0.903051492396039,1,-6.04957997482797,"Not Significant","logqc_LE_18_06_28","Lake Erie","18_06_28","2018","06","28","Mfl_ae4","06/28","2018 Lake Erie","No change","NIES-2549 (Mfl_ae4)"
"PCC_7941",0.0111465783515624,0.047432122570435,0.107845553400607,0.914518156379916,1,-6.05119223293496,"Not Significant","logqc_LE_18_06_28","Lake Erie","18_06_28","2018","06","28","Mae1","06/28","2018 Lake Erie","No change","PCC_7941 (Mae1)"
"LE19-195",0.0542904816644916,1.59120313463519,0.0998746417795417,0.92081393837988,1,-6.05198993954058,"Not Significant","logqc_LE_18_06_28","Lake Erie","18_06_28","2018","06","28","Mae3_1","06/28","2018 Lake Erie","No change","LE19-195 (Mae3_1)"
"LE19-196",0.00375393260485428,0.0169609752758347,0.0931460824594435,0.926132445631376,1,-6.05261568113347,"Not Significant","logqc_LE_18_06_28","Lake Erie","18_06_28","2018","06","28","Mae5","06/28","2018 Lake Erie","No change","LE19-196 (Mae5)"
"W13-11",0.00375393260485428,0.0159541083323116,0.0901061502388765,0.928536450980114,1,-6.05288408578592,"Not Significant","logqc_LE_18_06_28","Lake Erie","18_06_28","2018","06","28","Mae1","06/28","2018 Lake Erie","No change","W13-11 (Mae1)"
"Mp_MB_F_20080800_S26",0.00375393260485428,0.0214366700714064,0.0767141252313573,0.939134665063256,1,-6.05396051080293,"Not Significant","logqc_LE_18_06_28","Lake Erie","18_06_28","2018","06","28","Mpa","06/28","2018 Lake Erie","No change","Mp_MB_F_20080800_S26 (Mpa)"
"PCC_7005",0.00375393260485428,0.105333022534326,0.0205317848104077,0.983694880517733,1,-6.05659315703167,"Not Significant","logqc_LE_18_06_28","Lake Erie","18_06_28","2018","06","28","Mae1","06/28","2018 Lake Erie","No change","PCC_7005 (Mae1)"
"Mv_BB_P_19951000_S68D",0.00375393260485428,0.058572760991269,0.0188155424144729,0.985057646633275,1,-6.05662569861233,"Not Significant","logqc_LE_18_06_28","Lake Erie","18_06_28","2018","06","28","Mvi","06/28","2018 Lake Erie","No change","Mv_BB_P_19951000_S68D (Mvi)"
"K13-05",-8.6265553345885e-05,0.0483281679742078,-0.000710913522444794,0.99943539450945,1,-6.05679605546952,"Not Significant","logqc_LE_18_06_28","Lake Erie","18_06_28","2018","06","28","Mae3_3","06/28","2018 Lake Erie","No change","K13-05 (Mae3_3)"
"0824",0,0.0337903604092532,0,1,1,-6.05679629901586,"Not Significant","logqc_LE_18_06_28","Lake Erie","18_06_28","2018","06","28","Mfl_ae5","06/28","2018 Lake Erie","No change","0824 (Mfl_ae5)"
"MC19",0,0.000214372615189159,0,1,1,-6.05679629901586,"Not Significant","logqc_LE_18_06_28","Lake Erie","18_06_28","2018","06","28","Mfl_ae2","06/28","2018 Lake Erie","No change","MC19 (Mfl_ae2)"
"M_OC_Ca_00000000_S217Cul",0,0,0,1,1,-6.05679629901586,"Not Significant","logqc_LE_18_06_28","Lake Erie","18_06_28","2018","06","28","Mae4","06/28","2018 Lake Erie","No change","M_OC_Ca_00000000_S217Cul (Mae4)"
"CACIAM_03",0,0,0,1,1,-6.05679629901586,"Not Significant","logqc_LE_18_06_28","Lake Erie","18_06_28","2018","06","28","Mae1","06/28","2018 Lake Erie","No change","CACIAM_03 (Mae1)"
"DA14",0,0.00571196148917547,0,1,1,-6.05679629901586,"Not Significant","logqc_LE_18_06_28","Lake Erie","18_06_28","2018","06","28","Mae1","06/28","2018 Lake Erie","No change","DA14 (Mae1)"
"DIANCHI905",0,0.0136551134488945,0,1,1,-6.05679629901586,"Not Significant","logqc_LE_18_06_28","Lake Erie","18_06_28","2018","06","28","Mae1","06/28","2018 Lake Erie","No change","DIANCHI905 (Mae1)"
"FACHB-524",0,0.0547789840713263,0,1,1,-6.05679629901586,"Not Significant","logqc_LE_18_06_28","Lake Erie","18_06_28","2018","06","28","Mae1","06/28","2018 Lake Erie","No change","FACHB-524 (Mae1)"
"FCY-27",0,0,0,1,1,-6.05679629901586,"Not Significant","logqc_LE_18_06_28","Lake Erie","18_06_28","2018","06","28","Unclassified","06/28","2018 Lake Erie","No change","FCY-27 (Unclassified)"
"FCY-27",0,0,0,1,1,-6.05679629901586,"Not Significant","logqc_LE_18_06_28","Lake Erie","18_06_28","2018","06","28","Unclassified","06/28","2018 Lake Erie","No change","FCY-27 (Unclassified)"
"G11-01",0,0.000188710934714087,0,1,1,-6.05679629901586,"Not Significant","logqc_LE_18_06_28","Lake Erie","18_06_28","2018","06","28","Mae2_(HL/LG)","06/28","2018 Lake Erie","No change","G11-01 (Mae2_(HL/LG))"
"G11-04",0,0.0104425127262745,0,1,1,-6.05679629901586,"Not Significant","logqc_LE_18_06_28","Lake Erie","18_06_28","2018","06","28","Mae2_(HL/LG)","06/28","2018 Lake Erie","No change","G11-04 (Mae2_(HL/LG))"
"G13-01",0,0.00494134073905403,0,1,1,-6.05679629901586,"Not Significant","logqc_LE_18_06_28","Lake Erie","18_06_28","2018","06","28","Mae2_(HL/LG)","06/28","2018 Lake Erie","No change","G13-01 (Mae2_(HL/LG))"
"G13-03",0,0,0,1,1,-6.05679629901586,"Not Significant","logqc_LE_18_06_28","Lake Erie","18_06_28","2018","06","28","Mae2_(HL/LG)","06/28","2018 Lake Erie","No change","G13-03 (Mae2_(HL/LG))"
"L111-01",0,0.00187237805834669,0,1,1,-6.05679629901586,"Not Significant","logqc_LE_18_06_28","Lake Erie","18_06_28","2018","06","28","Mae2_(HL/LG)","06/28","2018 Lake Erie","No change","L111-01 (Mae2_(HL/LG))"
"L311-01",0,0.0187007574921333,0,1,1,-6.05679629901586,"Not Significant","logqc_LE_18_06_28","Lake Erie","18_06_28","2018","06","28","Mae1","06/28","2018 Lake Erie","No change","L311-01 (Mae1)"
"LG13-03",0,0.0252745359021614,0,1,1,-6.05679629901586,"Not Significant","logqc_LE_18_06_28","Lake Erie","18_06_28","2018","06","28","Mae10","06/28","2018 Lake Erie","No change","LG13-03 (Mae10)"
"LL11-07",0,0.0120445568874154,0,1,1,-6.05679629901586,"Not Significant","logqc_LE_18_06_28","Lake Erie","18_06_28","2018","06","28","Mae2_(HL/LG)","06/28","2018 Lake Erie","No change","LL11-07 (Mae2_(HL/LG))"
"LL13-03",0,0.0038955905749627,0,1,1,-6.05679629901586,"Not Significant","logqc_LE_18_06_28","Lake Erie","18_06_28","2018","06","28","Mae2_(HL/LG)","06/28","2018 Lake Erie","No change","LL13-03 (Mae2_(HL/LG))"
"Ma_MB_F_20061100_S19",0,0.00150678531318592,0,1,1,-6.05679629901586,"Not Significant","logqc_LE_18_06_28","Lake Erie","18_06_28","2018","06","28","Mae1","06/28","2018 Lake Erie","No change","Ma_MB_F_20061100_S19 (Mae1)"
"Ma_MB_F_20061100_S19D",0,0,0,1,1,-6.05679629901586,"Not Significant","logqc_LE_18_06_28","Lake Erie","18_06_28","2018","06","28","Mae1","06/28","2018 Lake Erie","No change","Ma_MB_F_20061100_S19D (Mae1)"
"Ma_MB_F_20061100_S20",0,0.0146020964372637,0,1,1,-6.05679629901586,"Not Significant","logqc_LE_18_06_28","Lake Erie","18_06_28","2018","06","28","Mae5","06/28","2018 Lake Erie","No change","Ma_MB_F_20061100_S20 (Mae5)"
"Ma_OC_H_19870700_S124",0,0.000626101344307828,0,1,1,-6.05679629901586,"Not Significant","logqc_LE_18_06_28","Lake Erie","18_06_28","2018","06","28","Mae8","06/28","2018 Lake Erie","No change","Ma_OC_H_19870700_S124 (Mae8)"
"Ma_OC_LR_19540900_S633",0,0,0,1,1,-6.05679629901586,"Not Significant","logqc_LE_18_06_28","Lake Erie","18_06_28","2018","06","28","Mae1","06/28","2018 Lake Erie","No change","Ma_OC_LR_19540900_S633 (Mae1)"
"Ma_QC_C_20070823_S13",0,0,0,1,1,-6.05679629901586,"Not Significant","logqc_LE_18_06_28","Lake Erie","18_06_28","2018","06","28","Mae2_(HL/LG)","06/28","2018 Lake Erie","No change","Ma_QC_C_20070823_S13 (Mae2_(HL/LG))"
"Ma_QC_C_20070823_S13D",0,0,0,1,1,-6.05679629901586,"Not Significant","logqc_LE_18_06_28","Lake Erie","18_06_28","2018","06","28","Mae2_(HL/LG)","06/28","2018 Lake Erie","No change","Ma_QC_C_20070823_S13D (Mae2_(HL/LG))"
"Ma_QC_Ch_20071001_M135",0,0.00567770030287288,0,1,1,-6.05679629901586,"Not Significant","logqc_LE_18_06_28","Lake Erie","18_06_28","2018","06","28","Mae2_(LL/LG)","06/28","2018 Lake Erie","No change","Ma_QC_Ch_20071001_M135 (Mae2_(LL/LG))"
"NIES-1211",0,0,0,1,1,-6.05679629901586,"Not Significant","logqc_LE_18_06_28","Lake Erie","18_06_28","2018","06","28","Mfl_ae2","06/28","2018 Lake Erie","No change","NIES-1211 (Mfl_ae2)"
"NIES-2519",0,0,0,1,1,-6.05679629901586,"Not Significant","logqc_LE_18_06_28","Lake Erie","18_06_28","2018","06","28","Mfl_ae2","06/28","2018 Lake Erie","No change","NIES-2519 (Mfl_ae2)"
"NIES-2522",0,0.00907699685756601,0,1,1,-6.05679629901586,"Not Significant","logqc_LE_18_06_28","Lake Erie","18_06_28","2018","06","28","Mfl_ae2","06/28","2018 Lake Erie","No change","NIES-2522 (Mfl_ae2)"
"NIES-298",0,0.00396058292170508,0,1,1,-6.05679629901586,"Not Significant","logqc_LE_18_06_28","Lake Erie","18_06_28","2018","06","28","Mae1","06/28","2018 Lake Erie","No change","NIES-298 (Mae1)"
"NIES-3787",0,0.00428337259915598,0,1,1,-6.05679629901586,"Not Significant","logqc_LE_18_06_28","Lake Erie","18_06_28","2018","06","28","Mfl_ae4","06/28","2018 Lake Erie","No change","NIES-3787 (Mfl_ae4)"
"NIES-3806",0,0.00256348426910084,0,1,1,-6.05679629901586,"Not Significant","logqc_LE_18_06_28","Lake Erie","18_06_28","2018","06","28","Mfl_ae4","06/28","2018 Lake Erie","No change","NIES-3806 (Mfl_ae4)"
"NIES-3807",0,0.00304191839117172,0,1,1,-6.05679629901586,"Not Significant","logqc_LE_18_06_28","Lake Erie","18_06_28","2018","06","28","Mfl_ae4","06/28","2018 Lake Erie","No change","NIES-3807 (Mfl_ae4)"
"NIES-4264",0,0.00159482942609291,0,1,1,-6.05679629901586,"Not Significant","logqc_LE_18_06_28","Lake Erie","18_06_28","2018","06","28","Mfl_ae2","06/28","2018 Lake Erie","No change","NIES-4264 (Mfl_ae2)"
"NaRes975",0,0.000426382505789865,0,1,1,-6.05679629901586,"Not Significant","logqc_LE_18_06_28","Lake Erie","18_06_28","2018","06","28","Mae1","06/28","2018 Lake Erie","No change","NaRes975 (Mae1)"
"PCC_7806SL",0,0.000426382505789865,0,1,1,-6.05679629901586,"Not Significant","logqc_LE_18_06_28","Lake Erie","18_06_28","2018","06","28","Mae1","06/28","2018 Lake Erie","No change","PCC_7806SL (Mae1)"
"PCC_9432",0,0.0246211750270618,0,1,1,-6.05679629901586,"Not Significant","logqc_LE_18_06_28","Lake Erie","18_06_28","2018","06","28","Mae1","06/28","2018 Lake Erie","No change","PCC_9432 (Mae1)"
"PCC_9701",0,0,0,1,1,-6.05679629901586,"Not Significant","logqc_LE_18_06_28","Lake Erie","18_06_28","2018","06","28","Mfl_ae1","06/28","2018 Lake Erie","No change","PCC_9701 (Mfl_ae1)"
"PCC_9717",0,0.000188710934714087,0,1,1,-6.05679629901586,"Not Significant","logqc_LE_18_06_28","Lake Erie","18_06_28","2018","06","28","Mae3_3","06/28","2018 Lake Erie","No change","PCC_9717 (Mae3_3)"
"PCC_9806",0,0.000253070833139477,0,1,1,-6.05679629901586,"Not Significant","logqc_LE_18_06_28","Lake Erie","18_06_28","2018","06","28","Mfl_ae3","06/28","2018 Lake Erie","No change","PCC_9806 (Mfl_ae3)"
"PCC_9808",0,0.00937374958881915,0,1,1,-6.05679629901586,"Not Significant","logqc_LE_18_06_28","Lake Erie","18_06_28","2018","06","28","Mae1","06/28","2018 Lake Erie","No change","PCC_9808 (Mae1)"
"S11-05",0,0,0,1,1,-6.05679629901586,"Not Significant","logqc_LE_18_06_28","Lake Erie","18_06_28","2018","06","28","Mae2_(LL/LG)","06/28","2018 Lake Erie","No change","S11-05 (Mae2_(LL/LG))"
"SX13-11",0,0.017622386286122,0,1,1,-6.05679629901586,"Not Significant","logqc_LE_18_06_28","Lake Erie","18_06_28","2018","06","28","Mae2_(HL/LG)","06/28","2018 Lake Erie","No change","SX13-11 (Mae2_(HL/LG))"
"TAIHU98",0,0.00144659403385004,0,1,1,-6.05679629901586,"Not Significant","logqc_LE_18_06_28","Lake Erie","18_06_28","2018","06","28","Mae1","06/28","2018 Lake Erie","No change","TAIHU98 (Mae1)"
"W11-06",0,0,0,1,1,-6.05679629901586,"Not Significant","logqc_LE_18_06_28","Lake Erie","18_06_28","2018","06","28","Mwe","06/28","2018 Lake Erie","No change","W11-06 (Mwe)"
"W13-16",0,0.0277228925437981,0,1,1,-6.05679629901586,"Not Significant","logqc_LE_18_06_28","Lake Erie","18_06_28","2018","06","28","Mae2_(HL/LG)","06/28","2018 Lake Erie","No change","W13-16 (Mae2_(HL/LG))"
"W13-18",0,0,0,1,1,-6.05679629901586,"Not Significant","logqc_LE_18_06_28","Lake Erie","18_06_28","2018","06","28","Mae2_(LL/LG)","06/28","2018 Lake Erie","No change","W13-18 (Mae2_(LL/LG))"
"Mf_QC_C_20070823_S20",0,0,0,1,1,-6.05679629901586,"Not Significant","logqc_LE_18_06_28","Lake Erie","18_06_28","2018","06","28","Mfl_ae1","06/28","2018 Lake Erie","No change","Mf_QC_C_20070823_S20 (Mfl_ae1)"
"Mf_QC_C_20070823_S20D",0,0,0,1,1,-6.05679629901586,"Not Significant","logqc_LE_18_06_28","Lake Erie","18_06_28","2018","06","28","Mfl_ae1","06/28","2018 Lake Erie","No change","Mf_QC_C_20070823_S20D (Mfl_ae1)"
"Mf_QC_C_20070823_S20T",0,0,0,1,1,-6.05679629901586,"Not Significant","logqc_LE_18_06_28","Lake Erie","18_06_28","2018","06","28","Mfl_ae1","06/28","2018 Lake Erie","No change","Mf_QC_C_20070823_S20T (Mfl_ae1)"
"FACHB-1757",0,0.0146020964372637,0,1,1,-6.05679629901586,"Not Significant","logqc_LE_18_06_28","Lake Erie","18_06_28","2018","06","28","Mae4","06/28","2018 Lake Erie","No change","FACHB-1757 (Mae4)"
"Mp_GB_SS_20050300_S99",0,0.011287167771039,0,1,1,-6.05679629901586,"Not Significant","logqc_LE_18_06_28","Lake Erie","18_06_28","2018","06","28","Mpa","06/28","2018 Lake Erie","No change","Mp_GB_SS_20050300_S99 (Mpa)"
"Mp_MB_F_20051200_S9D",0,0,0,1,1,-6.05679629901586,"Not Significant","logqc_LE_18_06_28","Lake Erie","18_06_28","2018","06","28","Mpa","06/28","2018 Lake Erie","No change","Mp_MB_F_20051200_S9D (Mpa)"
"LE013-01",0,0.00867546477728927,0,1,1,-6.05679629901586,"Not Significant","logqc_LE_18_06_28","Lake Erie","18_06_28","2018","06","28","Mae8","06/28","2018 Lake Erie","No change","LE013-01 (Mae8)"
"Mw_MB_S_20031200_S109D",0,0.0326903523882331,0,1,1,-6.05679629901586,"Not Significant","logqc_LE_18_06_28","Lake Erie","18_06_28","2018","06","28","Mwe","06/28","2018 Lake Erie","No change","Mw_MB_S_20031200_S109D (Mwe)"
"Mw_QC_B_20070930_S4",0,0,0,1,1,-6.05679629901586,"Not Significant","logqc_LE_18_06_28","Lake Erie","18_06_28","2018","06","28","Mwe","06/28","2018 Lake Erie","No change","Mw_QC_B_20070930_S4 (Mwe)"
"Mw_QC_B_20070930_S4D",0,0.0115942067576874,0,1,1,-6.05679629901586,"Not Significant","logqc_LE_18_06_28","Lake Erie","18_06_28","2018","06","28","Mwe","06/28","2018 Lake Erie","No change","Mw_QC_B_20070930_S4D (Mwe)"
"LE19-12",0,0.00848597483020087,0,1,1,-6.05679629901586,"Not Significant","logqc_LE_18_06_28","Lake Erie","18_06_28","2018","06","28","Mfl_ae1","06/28","2018 Lake Erie","No change","LE19-12 (Mfl_ae1)"
"LE19-388",0,0.00205546863257623,0,1,1,-6.05679629901586,"Not Significant","logqc_LE_18_06_28","Lake Erie","18_06_28","2018","06","28","Mfl_ae3","06/28","2018 Lake Erie","No change","LE19-388 (Mfl_ae3)"
"LE19-4",0,0.00652576662414928,0,1,1,-6.05679629901586,"Not Significant","logqc_LE_18_06_28","Lake Erie","18_06_28","2018","06","28","Mae5","06/28","2018 Lake Erie","No change","LE19-4 (Mae5)"
"LE19-98",0,0.000253070833139477,0,1,1,-6.05679629901586,"Not Significant","logqc_LE_18_06_28","Lake Erie","18_06_28","2018","06","28","Mfl_ae1","06/28","2018 Lake Erie","No change","LE19-98 (Mfl_ae1)"
"NIES-87",1.2828015835968,0.746447175377667,4.76274137225425,1.47714705788409e-05,0.00268840764534904,2.97223993941985,"Increased","logqc_LE_18_07_10","Lake Erie","18_07_10","2018","07","10","Mfl_ae6","07/10","2018 Lake Erie","2018 Lake Erie","NIES-87 (Mfl_ae6)"
"NIES-2520",1.98754120264715,2.11390555809893,3.68420473022969,0.00053254608782943,0.0470152226684932,-0.259235332607083,"Increased","logqc_LE_18_07_10","Lake Erie","18_07_10","2018","07","10","Mae3_2","07/10","2018 Lake Erie","2018 Lake Erie","NIES-2520 (Mae3_2)"
"LE18-22",2.18150929025005,2.37538675014286,3.56340502329265,0.000774976197832305,0.0470152226684932,-0.594058804885883,"Increased","logqc_LE_18_07_10","Lake Erie","18_07_10","2018","07","10","Mae3_1","07/10","2018 Lake Erie","2018 Lake Erie","LE18-22 (Mae3_1)"
"LE17-10A",1.67263321168726,1.13435182819568,3.43095078989952,0.00116080067678411,0.052816430793677,-0.953499323873786,"Not Significant","logqc_LE_18_07_10","Lake Erie","18_07_10","2018","07","10","Mae5","07/10","2018 Lake Erie","No change","LE17-10A (Mae5)"
"LG13-13",-1.82348575578904,1.00860655239236,-3.34506300043464,0.00150204309124438,0.0546743685212954,-1.18206691524195,"Not Significant","logqc_LE_18_07_10","Lake Erie","18_07_10","2018","07","10","Mae10","07/10","2018 Lake Erie","No change","LG13-13 (Mae10)"
"NIES-298",-0.0582944362057116,0.00396058292170508,-3.15470941566697,0.00262590440743303,0.0796524336921354,-1.67529590412749,"Not Significant","logqc_LE_18_07_10","Lake Erie","18_07_10","2018","07","10","Mae1","07/10","2018 Lake Erie","No change","NIES-298 (Mae1)"
"PCC_7005",-0.550392402200179,0.105333022534326,-3.01031999046667,0.0039630557150171,0.103039448590445,-2.03647998553216,"Not Significant","logqc_LE_18_07_10","Lake Erie","18_07_10","2018","07","10","Mae1","07/10","2018 Lake Erie","No change","PCC_7005 (Mae1)"
"LL13-06",-0.0876032519810158,0.0165886045674064,-2.8759230506646,0.00575597927364555,0.130948528475436,-2.36204389060785,"Not Significant","logqc_LE_18_07_10","Lake Erie","18_07_10","2018","07","10","Mae2_(LL/LG)","07/10","2018 Lake Erie","No change","LL13-06 (Mae2_(LL/LG))"
"Ma_MB_F_20061100_S19",0.028252224622236,0.00150678531318592,2.77593064472929,0.00754963877540267,0.14390439710151,-2.59732308701556,"Not Significant","logqc_LE_18_07_10","Lake Erie","18_07_10","2018","07","10","Mae1","07/10","2018 Lake Erie","No change","Ma_MB_F_20061100_S19 (Mae1)"
"Mp_MB_F_20051200_S9",-0.110280271596534,0.0129444695602966,-2.75868084524713,0.00790683500557745,0.14390439710151,-2.6372952512548,"Not Significant","logqc_LE_18_07_10","Lake Erie","18_07_10","2018","07","10","Mpa","07/10","2018 Lake Erie","No change","Mp_MB_F_20051200_S9 (Mpa)"
"TF09",-0.809730132570496,0.375654853281397,-2.6405172870806,0.0108028060186628,0.178737335945149,-2.90611040843653,"Not Significant","logqc_LE_18_07_10","Lake Erie","18_07_10","2018","07","10","Mae1","07/10","2018 Lake Erie","No change","TF09 (Mae1)"
"LSC13-02",-1.44510083629174,1.50391835237686,-2.55400743892473,0.0135056188560686,0.197252730068879,-3.09725257276008,"Not Significant","logqc_LE_18_07_10","Lake Erie","18_07_10","2018","07","10","Mae2_(LL/LG)","07/10","2018 Lake Erie","No change","LSC13-02 (Mae2_(LL/LG))"
"SPC777",-0.905869039073089,0.738352326476179,-2.50561774052847,0.0152725769047956,0.197252730068879,-3.20202686617912,"Not Significant","logqc_LE_18_07_10","Lake Erie","18_07_10","2018","07","10","Mae1","07/10","2018 Lake Erie","No change","SPC777 (Mae1)"
"LE19-114",1.25776188471502,0.564634074616638,2.48666297385305,0.0160199459995038,0.197252730068879,-3.2426428017921,"Not Significant","logqc_LE_18_07_10","Lake Erie","18_07_10","2018","07","10","Mae5","07/10","2018 Lake Erie","No change","LE19-114 (Mae5)"
"G13-10",-1.66343490122765,1.91344585883941,-2.48081539290432,0.016257093137545,0.197252730068879,-3.25512422820063,"Not Significant","logqc_LE_18_07_10","Lake Erie","18_07_10","2018","07","10","Mae2_(HL/LG)","07/10","2018 Lake Erie","No change","G13-10 (Mae2_(HL/LG))"
"NIES-3806",0.028252224622236,0.00256348426910084,2.43585269831363,0.0181890449901861,0.201200235523865,-3.35032354374864,"Not Significant","logqc_LE_18_07_10","Lake Erie","18_07_10","2018","07","10","Mfl_ae4","07/10","2018 Lake Erie","No change","NIES-3806 (Mfl_ae4)"
"LE19-84",-0.952153676185363,1.48578914474714,-2.39060691685273,0.0203393592977284,0.201200235523865,-3.44473078415677,"Not Significant","logqc_LE_18_07_10","Lake Erie","18_07_10","2018","07","10","Mae4","07/10","2018 Lake Erie","No change","LE19-84 (Mae4)"
"BS13-10",-1.60885494099221,3.71435705831315,-2.37849660324873,0.0209523219100539,0.201200235523865,-3.46976038070424,"Not Significant","logqc_LE_18_07_10","Lake Erie","18_07_10","2018","07","10","Mae2_(HL/LG)","07/10","2018 Lake Erie","No change","BS13-10 (Mae2_(HL/LG))"
"LE19-10",-0.186140803572786,0.035897013020471,-2.37748199046024,0.0210044201920518,0.201200235523865,-3.47185277381459,"Not Significant","logqc_LE_18_07_10","Lake Erie","18_07_10","2018","07","10","Mae3_3","07/10","2018 Lake Erie","No change","LE19-10 (Mae3_3)"
"Mv_BB_P_19951000_S69",-0.387444396369202,0.1576481250027,-2.29954067119695,0.025370139509508,0.230868269536523,-3.6304402376258,"Not Significant","logqc_LE_18_07_10","Lake Erie","18_07_10","2018","07","10","Mvi","07/10","2018 Lake Erie","No change","Mv_BB_P_19951000_S69 (Mvi)"
"NIES-44",0.90242885211835,1.07510902301778,2.20554283492528,0.031695439511107,0.273337688176975,-3.81596916060576,"Not Significant","logqc_LE_18_07_10","Lake Erie","18_07_10","2018","07","10","Mae8","07/10","2018 Lake Erie","No change","NIES-44 (Mae8)"
"G13-11",-0.293337910861707,0.144613938089757,-2.18771721271878,0.033040819449964,0.273337688176975,-3.85043417511953,"Not Significant","logqc_LE_18_07_10","Lake Erie","18_07_10","2018","07","10","Mae2_(HL/LG)","07/10","2018 Lake Erie","No change","G13-11 (Mae2_(HL/LG))"
"Mv_BB_P_19951000_S69D",0.0755012392670922,0.013868195965796,2.14343900259863,0.036602216489012,0.289634930478269,-3.93503960078476,"Not Significant","logqc_LE_18_07_10","Lake Erie","18_07_10","2018","07","10","Mvi","07/10","2018 Lake Erie","No change","Mv_BB_P_19951000_S69D (Mvi)"
"G11-09",-0.129612726753605,0.0504221903893531,-2.10795485969747,0.0396946146058451,0.301017494094326,-4.00179927149382,"Not Significant","logqc_LE_18_07_10","Lake Erie","18_07_10","2018","07","10","Mae2_(HL/LG)","07/10","2018 Lake Erie","No change","G11-09 (Mae2_(HL/LG))"
"LE19-338",0.834717035220017,0.859899611526082,1.9823572225168,0.0525403443126511,0.371453197369695,-4.23052102853102,"Not Significant","logqc_LE_18_07_10","Lake Erie","18_07_10","2018","07","10","Mfl_ae3","07/10","2018 Lake Erie","No change","LE19-338 (Mfl_ae3)"
"NIES-98",-0.0813456384633064,0.0383344961775684,-1.97781952785286,0.053064742481385,0.371453197369695,-4.23856038724178,"Not Significant","logqc_LE_18_07_10","Lake Erie","18_07_10","2018","07","10","Mae1","07/10","2018 Lake Erie","No change","NIES-98 (Mae1)"
"Mw_QC_S_20081001_S30",-0.630031035346023,0.483802100567593,-1.95850182382888,0.0553477780617206,0.373085022490117,-4.27260832587473,"Not Significant","logqc_LE_18_07_10","Lake Erie","18_07_10","2018","07","10","Mwe","07/10","2018 Lake Erie","No change","Mw_QC_S_20081001_S30 (Mwe)"
"Mw_MB_S_20031200_S109",-0.317904260052815,0.157347921766283,-1.92319367236046,0.0597383896530455,0.388299532744796,-4.33409602377288,"Not Significant","logqc_LE_18_07_10","Lake Erie","18_07_10","2018","07","10","Mwe","07/10","2018 Lake Erie","No change","Mw_MB_S_20031200_S109 (Mwe)"
"LE19-195",1.03425639635523,1.59120313463519,1.90265372358519,0.0624266964478611,0.391781336327956,-4.36942061335394,"Not Significant","logqc_LE_18_07_10","Lake Erie","18_07_10","2018","07","10","Mae3_1","07/10","2018 Lake Erie","No change","LE19-195 (Mae3_1)"
"LG13-11",-0.566909892827841,0.494245808471573,-1.85832395966999,0.0685806296232988,0.41605581971468,-4.44453532409098,"Not Significant","logqc_LE_18_07_10","Lake Erie","18_07_10","2018","07","10","Mvi","07/10","2018 Lake Erie","No change","LG13-11 (Mvi)"
"K13-10",0.876912293679645,1.90090039066495,1.81224228636364,0.0755133606882188,0.443336504685671,-4.52097749896496,"Not Significant","logqc_LE_18_07_10","Lake Erie","18_07_10","2018","07","10","Mae3_3","07/10","2018 Lake Erie","No change","K13-10 (Mae3_3)"
"LE19-41",0.159344575636058,0.0886701153905635,1.78496392186642,0.0798877487988733,0.454361571293592,-4.56543309734411,"Not Significant","logqc_LE_18_07_10","Lake Erie","18_07_10","2018","07","10","Mae3_3","07/10","2018 Lake Erie","No change","LE19-41 (Mae3_3)"
"Mw_MB_S_20031200_S109D",0.109218618299938,0.0326903523882331,1.74100276634843,0.0873817045228802,0.477847927186046,-4.63582246736506,"Not Significant","logqc_LE_18_07_10","Lake Erie","18_07_10","2018","07","10","Mwe","07/10","2018 Lake Erie","No change","Mw_MB_S_20031200_S109D (Mwe)"
"LE19-59",0.132092294029398,0.040524784548568,1.73043129169001,0.0892682940897009,0.477847927186046,-4.65251704675376,"Not Significant","logqc_LE_18_07_10","Lake Erie","18_07_10","2018","07","10","Mae3_3","07/10","2018 Lake Erie","No change","LE19-59 (Mae3_3)"
"LE19-281",0.0507672536950075,0.0185045581236523,1.71119809595893,0.0927871152342822,0.482492999218267,-4.68265828967297,"Not Significant","logqc_LE_18_07_10","Lake Erie","18_07_10","2018","07","10","Mae3_3","07/10","2018 Lake Erie","No change","LE19-281 (Mae3_3)"
"Ma_QC_Ca_00000000_S207",-0.519336763879209,0.583676704350923,-1.69142223036567,0.0965237819346591,0.487981342002999,-4.71333670849707,"Not Significant","logqc_LE_18_07_10","Lake Erie","18_07_10","2018","07","10","Mae2_(LL/LG)","07/10","2018 Lake Erie","No change","Ma_QC_Ca_00000000_S207 (Mae2_(LL/LG))"
"BK11-02",-0.630602374853989,1.09855776593583,-1.58603711106664,0.118573522839932,0.583253544780205,-4.87141426779586,"Not Significant","logqc_LE_18_07_10","Lake Erie","18_07_10","2018","07","10","Mae2_(LL/LG)","07/10","2018 Lake Erie","No change","BK11-02 (Mae2_(LL/LG))"
"0824",0.112899475039412,0.0337903604092532,1.56904989626269,0.122481539315661,0.586622109353953,-4.89603518065288,"Not Significant","logqc_LE_18_07_10","Lake Erie","18_07_10","2018","07","10","Mfl_ae5","07/10","2018 Lake Erie","No change","0824 (Mfl_ae5)"
"LE19-55",-0.315740338326538,0.232007677225329,-1.50643208927545,0.137787653849535,0.626211422044762,-4.98470653614223,"Not Significant","logqc_LE_18_07_10","Lake Erie","18_07_10","2018","07","10","Mfl_ae1","07/10","2018 Lake Erie","No change","LE19-55 (Mfl_ae1)"
"LG13-12",-1.2118347117393,1.67744404555595,-1.49998890787439,0.139445110494516,0.626211422044762,-4.99364341232808,"Not Significant","logqc_LE_18_07_10","Lake Erie","18_07_10","2018","07","10","Mae10","07/10","2018 Lake Erie","No change","LG13-12 (Mae10)"
"Ma_QC_Ch_20071001_M135",-0.03221796657829,0.00567770030287288,-1.49150575645117,0.141651346158522,0.626211422044762,-5.00535628961536,"Not Significant","logqc_LE_18_07_10","Lake Erie","18_07_10","2018","07","10","Mae2_(LL/LG)","07/10","2018 Lake Erie","No change","Ma_QC_Ch_20071001_M135 (Mae2_(LL/LG))"
"G11-04",-0.0300299835587185,0.0104425127262745,-1.48066657868058,0.144510328164176,0.626211422044762,-5.02023356930806,"Not Significant","logqc_LE_18_07_10","Lake Erie","18_07_10","2018","07","10","Mae2_(HL/LG)","07/10","2018 Lake Erie","No change","G11-04 (Mae2_(HL/LG))"
"T1-4",-0.495041647626359,0.676099264574117,-1.4318551100218,0.157951707811187,0.668539786549675,-5.08599282279814,"Not Significant","logqc_LE_18_07_10","Lake Erie","18_07_10","2018","07","10","Mfl_ae2","07/10","2018 Lake Erie","No change","T1-4 (Mfl_ae2)"
"FCY-28",-0.243671642827921,0.128940385549611,-1.4118235139585,0.16374196154398,0.67366777420858,-5.11239115422517,"Not Significant","logqc_LE_18_07_10","Lake Erie","18_07_10","2018","07","10","Mae1","07/10","2018 Lake Erie","No change","FCY-28 (Mae1)"
"NIES-2522",0.0282602677281243,0.00907699685756601,1.40225164958195,0.166566207908715,0.67366777420858,-5.12488385441058,"Not Significant","logqc_LE_18_07_10","Lake Erie","18_07_10","2018","07","10","Mfl_ae2","07/10","2018 Lake Erie","No change","NIES-2522 (Mfl_ae2)"
"L111-01",-0.0127603843819837,0.00187237805834669,-1.37755766173002,0.174026123937125,0.675824100949398,-5.15674946418237,"Not Significant","logqc_LE_18_07_10","Lake Erie","18_07_10","2018","07","10","Mae2_(HL/LG)","07/10","2018 Lake Erie","No change","L111-01 (Mae2_(HL/LG))"
"Ma_AC_P_19900807_S300",-0.141926187689457,0.0918720102450322,-1.37593227406025,0.174526004091328,0.675824100949398,-5.15882847326932,"Not Significant","logqc_LE_18_07_10","Lake Erie","18_07_10","2018","07","10","Mae1","07/10","2018 Lake Erie","No change","Ma_AC_P_19900807_S300 (Mae1)"
"BS11-05",-0.54941656465124,1.11655886680262,-1.36166890853316,0.178960002533201,0.678556676271719,-5.17697471932236,"Not Significant","logqc_LE_18_07_10","Lake Erie","18_07_10","2018","07","10","Mae2_(HL/LG)","07/10","2018 Lake Erie","No change","BS11-05 (Mae2_(HL/LG))"
"LE19-8",0.588649856770955,0.640050823369167,1.3055971710663,0.19722803461784,0.723441685968009,-5.24660211731046,"Not Significant","logqc_LE_18_07_10","Lake Erie","18_07_10","2018","07","10","Mae8","07/10","2018 Lake Erie","No change","LE19-8 (Mae8)"
"KLA2",-0.391976301319961,0.368715473471586,-1.30111237738716,0.198747715925277,0.723441685968009,-5.25205301687746,"Not Significant","logqc_LE_18_07_10","Lake Erie","18_07_10","2018","07","10","Mae1","07/10","2018 Lake Erie","No change","KLA2 (Mae1)"
"BS13-02",-0.186328415457546,0.137650099733605,-1.2862741502435,0.203838397861093,0.727423302170959,-5.26996248498114,"Not Significant","logqc_LE_18_07_10","Lake Erie","18_07_10","2018","07","10","Mae6","07/10","2018 Lake Erie","No change","BS13-02 (Mae6)"
"Ma_QC_Ch_20071001_S25D",-0.387055061290404,0.372566968085964,-1.22109868976394,0.227356591629092,0.795748070701824,-5.34634162954249,"Not Significant","logqc_LE_18_07_10","Lake Erie","18_07_10","2018","07","10","Mae2_(LL/LG)","07/10","2018 Lake Erie","No change","Ma_QC_Ch_20071001_S25D (Mae2_(LL/LG))"
"K13-06",-0.0828455888568315,0.0866228644935585,-1.15702695240708,0.252357018745218,0.857286636129706,-5.41777118420855,"Not Significant","logqc_LE_18_07_10","Lake Erie","18_07_10","2018","07","10","Mae3_2","07/10","2018 Lake Erie","No change","K13-06 (Mae3_2)"
"L211-101",0.462793961099531,1.6167805291691,1.14460272912234,0.257424845935099,0.857286636129706,-5.43119977557878,"Not Significant","logqc_LE_18_07_10","Lake Erie","18_07_10","2018","07","10","Mae3_1","07/10","2018 Lake Erie","No change","L211-101 (Mae3_1)"
"G13-07",0.163224008349618,0.240259247661432,1.13811707162438,0.260098992534749,0.857286636129706,-5.43815501795931,"Not Significant","logqc_LE_18_07_10","Lake Erie","18_07_10","2018","07","10","Mae2_(HL/LG)","07/10","2018 Lake Erie","No change","G13-07 (Mae2_(HL/LG))"
"KW",0.197845188262983,0.228886029414017,1.12926537838284,0.263780503424525,0.857286636129706,-5.44758696598544,"Not Significant","logqc_LE_18_07_10","Lake Erie","18_07_10","2018","07","10","Mae3_1","07/10","2018 Lake Erie","No change","KW (Mae3_1)"
"Ma_MB_S_20031200_S102",-0.12853488729207,0.0997020858566253,-1.10548385254811,0.2738539747701,0.862417788389779,-5.47258020448611,"Not Significant","logqc_LE_18_07_10","Lake Erie","18_07_10","2018","07","10","Mae6","07/10","2018 Lake Erie","No change","Ma_MB_S_20031200_S102 (Mae6)"
"F13-15",-0.467824529326397,1.40698658172397,-1.09424593627352,0.278707063494503,0.862417788389779,-5.48421429264147,"Not Significant","logqc_LE_18_07_10","Lake Erie","18_07_10","2018","07","10","Mae4","07/10","2018 Lake Erie","No change","F13-15 (Mae4)"
"FACHB-524",-0.0926548504948836,0.0547789840713263,-1.09225060380093,0.279574997335148,0.862417788389779,-5.48626811114213,"Not Significant","logqc_LE_18_07_10","Lake Erie","18_07_10","2018","07","10","Mae1","07/10","2018 Lake Erie","No change","FACHB-524 (Mae1)"
"NIES-88",0.0296764725648626,0.0166130923980228,1.03182190671479,0.306757558438336,0.924704480061783,-5.5467690805416,"Not Significant","logqc_LE_18_07_10","Lake Erie","18_07_10","2018","07","10","Mae3_1","07/10","2018 Lake Erie","No change","NIES-88 (Mae3_1)"
"L311-01",-0.0582944362057116,0.0187007574921333,-1.0250156682475,0.309928424636092,0.924704480061783,-5.55337676094217,"Not Significant","logqc_LE_18_07_10","Lake Erie","18_07_10","2018","07","10","Mae1","07/10","2018 Lake Erie","No change","L311-01 (Mae1)"
"FCY-26",0.0336807880054395,0.0140327118228079,0.988417741281711,0.327359045109972,0.960957196935725,-5.58818651103125,"Not Significant","logqc_LE_18_07_10","Lake Erie","18_07_10","2018","07","10","Mae1","07/10","2018 Lake Erie","No change","FCY-26 (Mae1)"
"M_QC_C_20170808_M9Col",0.197824526108619,0.257986840954712,0.971130396202841,0.335815887509491,0.970134786138529,-5.60420566978824,"Not Significant","logqc_LE_18_07_10","Lake Erie","18_07_10","2018","07","10","Mae3_1","07/10","2018 Lake Erie","No change","M_QC_C_20170808_M9Col (Mae3_1)"
"PCC_9808",0.0280422274876799,0.00937374958881915,0.946212229961298,0.348257825976357,0.990358192620264,-5.6268162617151,"Not Significant","logqc_LE_18_07_10","Lake Erie","18_07_10","2018","07","10","Mae1","07/10","2018 Lake Erie","No change","PCC_9808 (Mae1)"
"Mp_MB_F_20080800_S26D",-0.189015479356694,0.310031748566602,-0.933388001985601,0.354777067936153,0.991348122767024,-5.6382317082198,"Not Significant","logqc_LE_18_07_10","Lake Erie","18_07_10","2018","07","10","Mpa","07/10","2018 Lake Erie","No change","Mp_MB_F_20080800_S26D (Mpa)"
"K13-05",0.11214586630247,0.0483281679742078,0.924192910709647,0.359499868695734,0.991348122767024,-5.64632400836247,"Not Significant","logqc_LE_18_07_10","Lake Erie","18_07_10","2018","07","10","Mae3_3","07/10","2018 Lake Erie","No change","K13-05 (Mae3_3)"
"Mf_QC_C_20070823_S10D",0.0198231928423698,0.00757522624448734,0.901495571768577,0.371330613952171,1,-5.66596730418486,"Not Significant","logqc_LE_18_07_10","Lake Erie","18_07_10","2018","07","10","Mfl_ae1","07/10","2018 Lake Erie","No change","Mf_QC_C_20070823_S10D (Mfl_ae1)"
"G13-12",-0.0373082083472368,0.0160517041433756,-0.880582791341152,0.382448419882854,1,-5.6836472276744,"Not Significant","logqc_LE_18_07_10","Lake Erie","18_07_10","2018","07","10","Mae2_(HL/LG)","07/10","2018 Lake Erie","No change","G13-12 (Mae2_(HL/LG))"
"Mn_MB_F_20050700_S1",-0.190209297984523,0.149138906345602,-0.858763313652394,0.394269407220623,1,-5.70166440990397,"Not Significant","logqc_LE_18_07_10","Lake Erie","18_07_10","2018","07","10","Mn","07/10","2018 Lake Erie","No change","Mn_MB_F_20050700_S1 (Mn)"
"11-30S32",-0.304876352791766,0.534806423440277,-0.851320297675323,0.398353214822709,1,-5.70770994771621,"Not Significant","logqc_LE_18_07_10","Lake Erie","18_07_10","2018","07","10","Mae3_1","07/10","2018 Lake Erie","No change","11-30S32 (Mae3_1)"
"NIES-843",-0.257541134196637,0.41419869861001,-0.849021287650175,0.399619903993266,1,-5.70956696245598,"Not Significant","logqc_LE_18_07_10","Lake Erie","18_07_10","2018","07","10","Mae3_1","07/10","2018 Lake Erie","No change","NIES-843 (Mae3_1)"
"LE19-251",-0.276831505983544,2.14433901987754,-0.804289315867703,0.424758771109804,1,-5.74472600595474,"Not Significant","logqc_LE_18_07_10","Lake Erie","18_07_10","2018","07","10","Mae3_3","07/10","2018 Lake Erie","No change","LE19-251 (Mae3_3)"
"Mp_MB_F_20051200_S6D",-0.0163787397026073,0.00542826465134461,-0.796675217471539,0.429130579862789,1,-5.75052597680649,"Not Significant","logqc_LE_18_07_10","Lake Erie","18_07_10","2018","07","10","Mpa","07/10","2018 Lake Erie","No change","Mp_MB_F_20051200_S6D (Mpa)"
"G13-09",-0.0163787397026072,0.0147038367069868,-0.793782867892032,0.430798311357192,1,-5.75271509414058,"Not Significant","logqc_LE_18_07_10","Lake Erie","18_07_10","2018","07","10","Mae2_(HL/LG)","07/10","2018 Lake Erie","No change","G13-09 (Mae2_(HL/LG))"
"Mf_WU_F_19750830_S460",0.0386133997902456,0.0199662542891306,0.793672355828691,0.430862109294402,1,-5.75279858275072,"Not Significant","logqc_LE_18_07_10","Lake Erie","18_07_10","2018","07","10","Mfl_ae3","07/10","2018 Lake Erie","No change","Mf_WU_F_19750830_S460 (Mfl_ae3)"
"Mw_QC_S_20081001_S30D",0.0575217435357447,0.0393285602473755,0.788432830568632,0.433893315940399,1,-5.75674387209401,"Not Significant","logqc_LE_18_07_10","Lake Erie","18_07_10","2018","07","10","Mwe","07/10","2018 Lake Erie","No change","Mw_QC_S_20081001_S30D (Mwe)"
"M_OC_Ca_00000000_C217Col",0.127894749886384,0.111285924783708,0.779736186315929,0.43895243511782,1,-5.76323601587248,"Not Significant","logqc_LE_18_07_10","Lake Erie","18_07_10","2018","07","10","Mae4","07/10","2018 Lake Erie","No change","M_OC_Ca_00000000_C217Col (Mae4)"
"G13-01",-0.0163787397026073,0.00494134073905403,-0.738838857258486,0.463206164696262,1,-5.79282245460056,"Not Significant","logqc_LE_18_07_10","Lake Erie","18_07_10","2018","07","10","Mae2_(HL/LG)","07/10","2018 Lake Erie","No change","G13-01 (Mae2_(HL/LG))"
"LE19-196",0.028587304889665,0.0169609752758347,0.709334913232774,0.481170064394637,1,-5.81319768514002,"Not Significant","logqc_LE_18_07_10","Lake Erie","18_07_10","2018","07","10","Mae5","07/10","2018 Lake Erie","No change","LE19-196 (Mae5)"
"W13-15",-0.0427903679407022,0.0310915074799987,-0.664361369930199,0.50928781021341,1,-5.8426886500406,"Not Significant","logqc_LE_18_07_10","Lake Erie","18_07_10","2018","07","10","Mae2_(HL/LG)","07/10","2018 Lake Erie","No change","W13-15 (Mae2_(HL/LG))"
"NIES-3804",-0.0746731759083188,0.0375041297968267,-0.611870913848078,0.543192423883274,1,-5.87470657182421,"Not Significant","logqc_LE_18_07_10","Lake Erie","18_07_10","2018","07","10","Mfl_ae3","07/10","2018 Lake Erie","No change","NIES-3804 (Mfl_ae3)"
"W11-03",-0.0163787397026072,0.00624387145981817,-0.598155674980982,0.552238188874216,1,-5.882644979225,"Not Significant","logqc_LE_18_07_10","Lake Erie","18_07_10","2018","07","10","Mwe","07/10","2018 Lake Erie","No change","W11-03 (Mwe)"
"L211-11",-0.03221796657829,0.018938467828755,-0.594255578654617,0.554824278915322,1,-5.88486995878485,"Not Significant","logqc_LE_18_07_10","Lake Erie","18_07_10","2018","07","10","Mae3_1","07/10","2018 Lake Erie","No change","L211-11 (Mae3_1)"
"PCC_7941",-0.0604008487669307,0.047432122570435,-0.58439125942384,0.561392191156421,1,-5.89043340695823,"Not Significant","logqc_LE_18_07_10","Lake Erie","18_07_10","2018","07","10","Mae1","07/10","2018 Lake Erie","No change","PCC_7941 (Mae1)"
"Mp_MB_F_20051200_S6",-0.0163787397026073,0.00763925243983875,-0.552172158200342,0.583110011422075,1,-5.90796428821826,"Not Significant","logqc_LE_18_07_10","Lake Erie","18_07_10","2018","07","10","Mpa","07/10","2018 Lake Erie","No change","Mp_MB_F_20051200_S6 (Mpa)"
"Mp_MB_F_20080800_S26",-0.0269931889624558,0.0214366700714064,-0.551623882586968,0.583483046719209,1,-5.90825411692238,"Not Significant","logqc_LE_18_07_10","Lake Erie","18_07_10","2018","07","10","Mpa","07/10","2018 Lake Erie","No change","Mp_MB_F_20080800_S26 (Mpa)"
"SX13-11",-0.0322179665782899,0.017622386286122,-0.550975693191726,0.583924208687188,1,-5.9085963948894,"Not Significant","logqc_LE_18_07_10","Lake Erie","18_07_10","2018","07","10","Mae2_(HL/LG)","07/10","2018 Lake Erie","No change","SX13-11 (Mae2_(HL/LG))"
"LG13-03",-0.0415696516428353,0.0252745359021614,-0.550687213895464,0.584120600925632,1,-5.90874859919347,"Not Significant","logqc_LE_18_07_10","Lake Erie","18_07_10","2018","07","10","Mae10","07/10","2018 Lake Erie","No change","LG13-03 (Mae10)"
"TW10",0.0386133997902455,0.0304914841160064,0.472343939970222,0.638585827821446,1,-5.94716297408111,"Not Significant","logqc_LE_18_07_10","Lake Erie","18_07_10","2018","07","10","Mae8","07/10","2018 Lake Erie","No change","TW10 (Mae8)"
"LE013-01",0.0141846323246103,0.00867546477728927,0.445094886410563,0.658031372444201,1,-5.95915729669592,"Not Significant","logqc_LE_18_07_10","Lake Erie","18_07_10","2018","07","10","Mae8","07/10","2018 Lake Erie","No change","LE013-01 (Mae8)"
"Ma_QC_B_20070730_S2",-0.188590305153028,0.435470995302504,-0.437420024944559,0.663552296476617,1,-5.96240797537981,"Not Significant","logqc_LE_18_07_10","Lake Erie","18_07_10","2018","07","10","Mae1","07/10","2018 Lake Erie","No change","Ma_QC_B_20070730_S2 (Mae1)"
"PCC_9809",0.109793212274775,0.268086319503821,0.424943079219469,0.672567706169312,1,-5.96757278131041,"Not Significant","logqc_LE_18_07_10","Lake Erie","18_07_10","2018","07","10","Mae3_1","07/10","2018 Lake Erie","No change","PCC_9809 (Mae3_1)"
"PCC_9807",-0.0503099154763343,0.0953927111816176,-0.405835119361372,0.68646836716424,1,-5.97519475711346,"Not Significant","logqc_LE_18_07_10","Lake Erie","18_07_10","2018","07","10","Mae4","07/10","2018 Lake Erie","No change","PCC_9807 (Mae4)"
"PCC_9443",-0.108185342758873,0.395547888570149,-0.370915032089557,0.712152860676506,1,-5.98822362450589,"Not Significant","logqc_LE_18_07_10","Lake Erie","18_07_10","2018","07","10","Mae4","07/10","2018 Lake Erie","No change","PCC_9443 (Mae4)"
"Mf_QC_C_20070823_S10",0.245472589499067,1.65735306210632,0.370378949888615,0.712549882220306,1,-5.98841456070421,"Not Significant","logqc_LE_18_07_10","Lake Erie","18_07_10","2018","07","10","Mfl_ae1","07/10","2018 Lake Erie","No change","Mf_QC_C_20070823_S10 (Mfl_ae1)"
"LE3",-0.0392842754847894,0.0550937925627485,-0.365338931297926,0.716286413907677,1,-5.99019623054265,"Not Significant","logqc_LE_18_07_10","Lake Erie","18_07_10","2018","07","10","Mae1","07/10","2018 Lake Erie","No change","LE3 (Mae1)"
"M_QC_C_20170808_M3Col",-0.0874388620772364,0.198066234462503,-0.353219568971566,0.725299858578178,1,-5.99438106434608,"Not Significant","logqc_LE_18_07_10","Lake Erie","18_07_10","2018","07","10","Mae2_(LL/LG)","07/10","2018 Lake Erie","No change","M_QC_C_20170808_M3Col (Mae2_(LL/LG))"
"EAWAG127a",-0.111540011925804,0.222501133930924,-0.318633259896256,0.751234537630036,1,-6.00555097961426,"Not Significant","logqc_LE_18_07_10","Lake Erie","18_07_10","2018","07","10","Mae6","07/10","2018 Lake Erie","No change","EAWAG127a (Mae6)"
"NIES-4285",0.0118734849196287,0.0209054276086438,0.309786486644962,0.757916379447758,1,-6.00822415909933,"Not Significant","logqc_LE_18_07_10","Lake Erie","18_07_10","2018","07","10","Mae1","07/10","2018 Lake Erie","No change","NIES-4285 (Mae1)"
"S11-01",-0.0716668718062883,0.197274366514199,-0.299739447714817,0.765527348774854,1,-6.0111690766442,"Not Significant","logqc_LE_18_07_10","Lake Erie","18_07_10","2018","07","10","Mae2_(LL/LG)","07/10","2018 Lake Erie","No change","S11-01 (Mae2_(LL/LG))"
"Mn_MB_F_20050700_S1D",0.0515739685352587,0.225709300796186,0.286922535261567,0.775270377014605,1,-6.0147854394852,"Not Significant","logqc_LE_18_07_10","Lake Erie","18_07_10","2018","07","10","Mn","07/10","2018 Lake Erie","No change","Mn_MB_F_20050700_S1D (Mn)"
"DF17",-0.129537875612755,0.597718933770284,-0.28520655546362,0.776577616415125,1,-6.01525765780741,"Not Significant","logqc_LE_18_07_10","Lake Erie","18_07_10","2018","07","10","Mae3_1","07/10","2018 Lake Erie","No change","DF17 (Mae3_1)"
"LE17-20C",0.0415895740366366,0.0405752117684644,0.284873658414269,0.776831294035589,1,-6.01534894030356,"Not Significant","logqc_LE_18_07_10","Lake Erie","18_07_10","2018","07","10","Mae8","07/10","2018 Lake Erie","No change","LE17-20C (Mae8)"
"Ma_QC_C_20070823_S18",0.0198231928423699,0.0667747573911391,0.229848259322953,0.819078648858834,1,-6.02897587672404,"Not Significant","logqc_LE_18_07_10","Lake Erie","18_07_10","2018","07","10","Mfl_ae1","07/10","2018 Lake Erie","No change","Ma_QC_C_20070823_S18 (Mfl_ae1)"
"LE19-13",-0.029576423720761,0.0801902782450253,-0.216173260680764,0.829667718039229,1,-6.0319114389761,"Not Significant","logqc_LE_18_07_10","Lake Erie","18_07_10","2018","07","10","Mfl_ae1","07/10","2018 Lake Erie","No change","LE19-13 (Mfl_ae1)"
"NIES-4325",-0.0725901839000707,0.515605768568284,-0.214052076835034,0.831313137520305,1,-6.03235068940663,"Not Significant","logqc_LE_18_07_10","Lake Erie","18_07_10","2018","07","10","Mae10","07/10","2018 Lake Erie","No change","NIES-4325 (Mae10)"
"LE13-04",-0.029139124084591,0.0605714405924541,-0.210640789984445,0.833960892183701,1,-6.03304802384539,"Not Significant","logqc_LE_18_07_10","Lake Erie","18_07_10","2018","07","10","Mae2_(HL/LG)","07/10","2018 Lake Erie","No change","LE13-04 (Mae2_(HL/LG))"
"FCY-27",0.0367071349307748,0.0672416368619685,0.178069362223037,0.859335236670717,1,-6.03914297715708,"Not Significant","logqc_LE_18_07_10","Lake Erie","18_07_10","2018","07","10","Unclassified","07/10","2018 Lake Erie","No change","FCY-27 (Unclassified)"
"Mp_GB_SS_20050300_S99D",0.0242291375877185,0.0713286176546508,0.174654397406502,0.862004781237677,1,-6.039722922969,"Not Significant","logqc_LE_18_07_10","Lake Erie","18_07_10","2018","07","10","Mpa","07/10","2018 Lake Erie","No change","Mp_GB_SS_20050300_S99D (Mpa)"
"Ma_QC_C_20070703_M131",-0.0165582705277657,0.0650762610075088,-0.156390104328671,0.876309102065741,1,-6.04263421954483,"Not Significant","logqc_LE_18_07_10","Lake Erie","18_07_10","2018","07","10","Mae9","07/10","2018 Lake Erie","No change","Ma_QC_C_20070703_M131 (Mae9)"
"FD4",-0.0612582736889575,1.73455209737951,-0.134688500347465,0.893359238442156,1,-6.04567616715758,"Not Significant","logqc_LE_18_07_10","Lake Erie","18_07_10","2018","07","10","Mvi","07/10","2018 Lake Erie","No change","FD4 (Mvi)"
"L211-07",-0.03221796657829,0.11190625229484,-0.130047348732629,0.897012486487488,1,-6.0462678924214,"Not Significant","logqc_LE_18_07_10","Lake Erie","18_07_10","2018","07","10","Mae3_1","07/10","2018 Lake Erie","No change","L211-07 (Mae3_1)"
"NIES-2521",-0.0212592138451601,0.28888964313418,-0.104196023118991,0.917400058963717,1,-6.04918439667079,"Not Significant","logqc_LE_18_07_10","Lake Erie","18_07_10","2018","07","10","Mfl_ae4","07/10","2018 Lake Erie","No change","NIES-2521 (Mfl_ae4)"
"M_QC_C_20170808_M2Col",-0.0110450163782881,0.118615750646058,-0.0938746673098421,0.92555637639589,1,-6.05016909634312,"Not Significant","logqc_LE_18_07_10","Lake Erie","18_07_10","2018","07","10","Mae3_1","07/10","2018 Lake Erie","No change","M_QC_C_20170808_M2Col (Mae3_1)"
"SX13-01",-0.0127603843819837,0.101462483160348,-0.086913373117647,0.93106204914728,1,-6.05077530274526,"Not Significant","logqc_LE_18_07_10","Lake Erie","18_07_10","2018","07","10","Mae2_(HL/LG)","07/10","2018 Lake Erie","No change","SX13-01 (Mae2_(HL/LG))"
"Ma_SC_T_19800800_S464",-0.0251860882011503,0.403603032421017,-0.0865067994452046,0.931383714897079,1,-6.05080926568976,"Not Significant","logqc_LE_18_07_10","Lake Erie","18_07_10","2018","07","10","Mwe","07/10","2018 Lake Erie","No change","Ma_SC_T_19800800_S464 (Mwe)"
"TA09",0.0181335257884331,0.259888765804974,0.0754648619161234,0.940123905574243,1,-6.05167077241945,"Not Significant","logqc_LE_18_07_10","Lake Erie","18_07_10","2018","07","10","Mae10","07/10","2018 Lake Erie","No change","TA09 (Mae10)"
"G13-05",0.00164228818307096,0.0306149934736053,0.033918347223465,0.973067403006321,1,-6.05385997758992,"Not Significant","logqc_LE_18_07_10","Lake Erie","18_07_10","2018","07","10","Mae2_(HL/LG)","07/10","2018 Lake Erie","No change","G13-05 (Mae2_(HL/LG))"
"Sj",0.00621498823233402,0.167634640982776,0.0274752935375903,0.978181994343056,1,-6.05405054002579,"Not Significant","logqc_LE_18_07_10","Lake Erie","18_07_10","2018","07","10","Unclassified","07/10","2018 Lake Erie","No change","Sj (Unclassified)"
"NIES-102",-0.00359131542157825,0.108348188815705,-0.0189493550595037,0.984951392298467,1,-6.05424122493863,"Not Significant","logqc_LE_18_07_10","Lake Erie","18_07_10","2018","07","10","Mae3_1","07/10","2018 Lake Erie","No change","NIES-102 (Mae3_1)"
"NIES-2549",0.00201149127385711,0.0785609694088359,0.0112104182707496,0.991096906976618,1,-6.05435366926683,"Not Significant","logqc_LE_18_07_10","Lake Erie","18_07_10","2018","07","10","Mfl_ae4","07/10","2018 Lake Erie","No change","NIES-2549 (Mfl_ae4)"
"K13-07",-0.000935910628733133,0.103993129310759,-0.00454752268506887,0.996388382831152,1,-6.0544042508121,"Not Significant","logqc_LE_18_07_10","Lake Erie","18_07_10","2018","07","10","Mae2_(LL/LG)","07/10","2018 Lake Erie","No change","K13-07 (Mae2_(LL/LG))"
"Mv_BB_P_19951000_S68D",0.000120398317991356,0.058572760991269,0.00060346306054301,0.999520731348134,1,-6.05441403813615,"Not Significant","logqc_LE_18_07_10","Lake Erie","18_07_10","2018","07","10","Mvi","07/10","2018 Lake Erie","No change","Mv_BB_P_19951000_S68D (Mvi)"
"MC19",8.28618806257231e-21,0.000214372615189159,5.6714405023569e-18,1,1,-6.05441421357736,"Not Significant","logqc_LE_18_07_10","Lake Erie","18_07_10","2018","07","10","Mfl_ae2","07/10","2018 Lake Erie","No change","MC19 (Mfl_ae2)"
"M_OC_Ca_00000000_S217Cul",0,0,0,1,1,-6.05441421357736,"Not Significant","logqc_LE_18_07_10","Lake Erie","18_07_10","2018","07","10","Mae4","07/10","2018 Lake Erie","No change","M_OC_Ca_00000000_S217Cul (Mae4)"
"Msp_OC_L_20101000_S702",-4.93184193920078e-19,0.00613463632603834,-2.55897726308241e-17,1,1,-6.05441421357736,"Not Significant","logqc_LE_18_07_10","Lake Erie","18_07_10","2018","07","10","Mae1","07/10","2018 Lake Erie","No change","Msp_OC_L_20101000_S702 (Mae1)"
"CACIAM_03",0,0,0,1,1,-6.05441421357736,"Not Significant","logqc_LE_18_07_10","Lake Erie","18_07_10","2018","07","10","Mae1","07/10","2018 Lake Erie","No change","CACIAM_03 (Mae1)"
"CHAOHU_1326",2.00426309920624e-17,0.0362841489748562,1.48863450258856e-16,1,1,-6.05441421357736,"Not Significant","logqc_LE_18_07_10","Lake Erie","18_07_10","2018","07","10","Mae4","07/10","2018 Lake Erie","No change","CHAOHU_1326 (Mae4)"
"DA14",-8.66533119182146e-18,0.00571196148917547,-2.71426468921852e-16,1,1,-6.05441421357736,"Not Significant","logqc_LE_18_07_10","Lake Erie","18_07_10","2018","07","10","Mae1","07/10","2018 Lake Erie","No change","DA14 (Mae1)"
"DIANCHI905",-4.57666023531709e-19,0.0136551134488945,-6.40391425524628e-18,1,1,-6.05441421357736,"Not Significant","logqc_LE_18_07_10","Lake Erie","18_07_10","2018","07","10","Mae1","07/10","2018 Lake Erie","No change","DIANCHI905 (Mae1)"
"FCY-27",0,0,0,1,1,-6.05441421357736,"Not Significant","logqc_LE_18_07_10","Lake Erie","18_07_10","2018","07","10","Unclassified","07/10","2018 Lake Erie","No change","FCY-27 (Unclassified)"
"FCY-27",0,0,0,1,1,-6.05441421357736,"Not Significant","logqc_LE_18_07_10","Lake Erie","18_07_10","2018","07","10","Unclassified","07/10","2018 Lake Erie","No change","FCY-27 (Unclassified)"
"G11-01",5.92455954282617e-21,0.000188710934714087,4.59458235385525e-18,1,1,-6.05441421357736,"Not Significant","logqc_LE_18_07_10","Lake Erie","18_07_10","2018","07","10","Mae2_(HL/LG)","07/10","2018 Lake Erie","No change","G11-01 (Mae2_(HL/LG))"
"G11-06",4.26185503003863e-18,0.0125333798659142,1.21396431128874e-16,1,1,-6.05441421357736,"Not Significant","logqc_LE_18_07_10","Lake Erie","18_07_10","2018","07","10","Mae2_(HL/LG)","07/10","2018 Lake Erie","No change","G11-06 (Mae2_(HL/LG))"
"G13-03",0,0,0,1,1,-6.05441421357736,"Not Significant","logqc_LE_18_07_10","Lake Erie","18_07_10","2018","07","10","Mae2_(HL/LG)","07/10","2018 Lake Erie","No change","G13-03 (Mae2_(HL/LG))"
"LG11-05",0,0.0100220001339047,0,1,1,-6.05441421357736,"Not Significant","logqc_LE_18_07_10","Lake Erie","18_07_10","2018","07","10","Mae10","07/10","2018 Lake Erie","No change","LG11-05 (Mae10)"
"LL11-07",-3.44773266502518e-18,0.0120445568874154,-1.46713283652358e-16,1,1,-6.05441421357736,"Not Significant","logqc_LE_18_07_10","Lake Erie","18_07_10","2018","07","10","Mae2_(HL/LG)","07/10","2018 Lake Erie","No change","LL11-07 (Mae2_(HL/LG))"
"LL13-03",0,0.0038955905749627,0,1,1,-6.05441421357736,"Not Significant","logqc_LE_18_07_10","Lake Erie","18_07_10","2018","07","10","Mae2_(HL/LG)","07/10","2018 Lake Erie","No change","LL13-03 (Mae2_(HL/LG))"
"Ma_MB_F_20061100_S19D",0,0,0,1,1,-6.05441421357736,"Not Significant","logqc_LE_18_07_10","Lake Erie","18_07_10","2018","07","10","Mae1","07/10","2018 Lake Erie","No change","Ma_MB_F_20061100_S19D (Mae1)"
"Ma_MB_F_20061100_S20",0,0.0146020964372637,0,1,1,-6.05441421357736,"Not Significant","logqc_LE_18_07_10","Lake Erie","18_07_10","2018","07","10","Mae5","07/10","2018 Lake Erie","No change","Ma_MB_F_20061100_S20 (Mae5)"
"Ma_MB_F_20061100_S20D",5.92455954282617e-21,0.0680865720923015,2.67316876348601e-20,1,1,-6.05441421357736,"Not Significant","logqc_LE_18_07_10","Lake Erie","18_07_10","2018","07","10","Mae5","07/10","2018 Lake Erie","No change","Ma_MB_F_20061100_S20D (Mae5)"
"Ma_MB_S_20031200_S102D",1.65897594729715e-17,0.0260079543864669,3.43005775845123e-16,1,1,-6.05441421357736,"Not Significant","logqc_LE_18_07_10","Lake Erie","18_07_10","2018","07","10","Mae6","07/10","2018 Lake Erie","No change","Ma_MB_S_20031200_S102D (Mae6)"
"Ma_OC_H_19870700_S124",5.92455954282617e-21,0.000626101344307828,1.83795965138262e-18,1,1,-6.05441421357736,"Not Significant","logqc_LE_18_07_10","Lake Erie","18_07_10","2018","07","10","Mae8","07/10","2018 Lake Erie","No change","Ma_OC_H_19870700_S124 (Mae8)"
"Ma_OC_LR_19540900_S633",0,0,0,1,1,-6.05441421357736,"Not Significant","logqc_LE_18_07_10","Lake Erie","18_07_10","2018","07","10","Mae1","07/10","2018 Lake Erie","No change","Ma_OC_LR_19540900_S633 (Mae1)"
"Ma_QC_C_20070823_S13",0,0,0,1,1,-6.05441421357736,"Not Significant","logqc_LE_18_07_10","Lake Erie","18_07_10","2018","07","10","Mae2_(HL/LG)","07/10","2018 Lake Erie","No change","Ma_QC_C_20070823_S13 (Mae2_(HL/LG))"
"Ma_QC_C_20070823_S13D",0,0,0,1,1,-6.05441421357736,"Not Significant","logqc_LE_18_07_10","Lake Erie","18_07_10","2018","07","10","Mae2_(HL/LG)","07/10","2018 Lake Erie","No change","Ma_QC_C_20070823_S13D (Mae2_(HL/LG))"
"Ma_QC_Ch_20071001_S25",-9.99817903186457e-20,0.00284874706007544,-6.94975382055301e-18,1,1,-6.05441421357736,"Not Significant","logqc_LE_18_07_10","Lake Erie","18_07_10","2018","07","10","Mae2_(LL/LG)","07/10","2018 Lake Erie","No change","Ma_QC_Ch_20071001_S25 (Mae2_(LL/LG))"
"NIES-1211",0,0,0,1,1,-6.05441421357736,"Not Significant","logqc_LE_18_07_10","Lake Erie","18_07_10","2018","07","10","Mfl_ae2","07/10","2018 Lake Erie","No change","NIES-1211 (Mfl_ae2)"
"NIES-2481",0,0.0102832125020514,0,1,1,-6.05441421357736,"Not Significant","logqc_LE_18_07_10","Lake Erie","18_07_10","2018","07","10","Mfl_ae4","07/10","2018 Lake Erie","No change","NIES-2481 (Mfl_ae4)"
"NIES-2519",0,0,0,1,1,-6.05441421357736,"Not Significant","logqc_LE_18_07_10","Lake Erie","18_07_10","2018","07","10","Mfl_ae2","07/10","2018 Lake Erie","No change","NIES-2519 (Mfl_ae2)"
"NIES-3787",0,0.00428337259915598,0,1,1,-6.05441421357736,"Not Significant","logqc_LE_18_07_10","Lake Erie","18_07_10","2018","07","10","Mfl_ae4","07/10","2018 Lake Erie","No change","NIES-3787 (Mfl_ae4)"
"NIES-3807",0,0.00304191839117172,0,1,1,-6.05441421357736,"Not Significant","logqc_LE_18_07_10","Lake Erie","18_07_10","2018","07","10","Mfl_ae4","07/10","2018 Lake Erie","No change","NIES-3807 (Mfl_ae4)"
"NIES-4264",0,0.00159482942609291,0,1,1,-6.05441421357736,"Not Significant","logqc_LE_18_07_10","Lake Erie","18_07_10","2018","07","10","Mfl_ae2","07/10","2018 Lake Erie","No change","NIES-4264 (Mfl_ae2)"
"NaRes975",-3.01375384060905e-20,0.000426382505789865,-1.04412978534639e-17,1,1,-6.05441421357736,"Not Significant","logqc_LE_18_07_10","Lake Erie","18_07_10","2018","07","10","Mae1","07/10","2018 Lake Erie","No change","NaRes975 (Mae1)"
"PCC_7806SL",-3.01375384060905e-20,0.000426382505789865,-1.04412978534639e-17,1,1,-6.05441421357736,"Not Significant","logqc_LE_18_07_10","Lake Erie","18_07_10","2018","07","10","Mae1","07/10","2018 Lake Erie","No change","PCC_7806SL (Mae1)"
"PCC_9432",0,0.0246211750270618,0,1,1,-6.05441421357736,"Not Significant","logqc_LE_18_07_10","Lake Erie","18_07_10","2018","07","10","Mae1","07/10","2018 Lake Erie","No change","PCC_9432 (Mae1)"
"PCC_9701",0,0,0,1,1,-6.05441421357736,"Not Significant","logqc_LE_18_07_10","Lake Erie","18_07_10","2018","07","10","Mfl_ae1","07/10","2018 Lake Erie","No change","PCC_9701 (Mfl_ae1)"
"PCC_9717",5.92455954282617e-21,0.000188710934714087,4.59458235385525e-18,1,1,-6.05441421357736,"Not Significant","logqc_LE_18_07_10","Lake Erie","18_07_10","2018","07","10","Mae3_3","07/10","2018 Lake Erie","No change","PCC_9717 (Mae3_3)"
"PCC_9806",-9.77465518627133e-20,0.000253070833139477,-5.6815475279497e-17,1,1,-6.05441421357736,"Not Significant","logqc_LE_18_07_10","Lake Erie","18_07_10","2018","07","10","Mfl_ae3","07/10","2018 Lake Erie","No change","PCC_9806 (Mfl_ae3)"
"S11-05",0,0,0,1,1,-6.05441421357736,"Not Significant","logqc_LE_18_07_10","Lake Erie","18_07_10","2018","07","10","Mae2_(LL/LG)","07/10","2018 Lake Erie","No change","S11-05 (Mae2_(LL/LG))"
"TAIHU98",-9.77465518627133e-20,0.00144659403385004,-1.25448190388783e-17,1,1,-6.05441421357736,"Not Significant","logqc_LE_18_07_10","Lake Erie","18_07_10","2018","07","10","Mae1","07/10","2018 Lake Erie","No change","TAIHU98 (Mae1)"
"W11-06",0,0,0,1,1,-6.05441421357736,"Not Significant","logqc_LE_18_07_10","Lake Erie","18_07_10","2018","07","10","Mwe","07/10","2018 Lake Erie","No change","W11-06 (Mwe)"
"W13-11",0,0.0159541083323116,0,1,1,-6.05441421357736,"Not Significant","logqc_LE_18_07_10","Lake Erie","18_07_10","2018","07","10","Mae1","07/10","2018 Lake Erie","No change","W13-11 (Mae1)"
"W13-13",1.12007489339459e-17,0.00963758644345188,5.40060112963409e-16,1,1,-6.05441421357736,"Not Significant","logqc_LE_18_07_10","Lake Erie","18_07_10","2018","07","10","Mae2_(HL/LG)","07/10","2018 Lake Erie","No change","W13-13 (Mae2_(HL/LG))"
"W13-16",-5.4132338395336e-18,0.0277228925437981,-1.05711241927484e-16,1,1,-6.05441421357736,"Not Significant","logqc_LE_18_07_10","Lake Erie","18_07_10","2018","07","10","Mae2_(HL/LG)","07/10","2018 Lake Erie","No change","W13-16 (Mae2_(HL/LG))"
"W13-18",0,0,0,1,1,-6.05441421357736,"Not Significant","logqc_LE_18_07_10","Lake Erie","18_07_10","2018","07","10","Mae2_(LL/LG)","07/10","2018 Lake Erie","No change","W13-18 (Mae2_(LL/LG))"
"Ma_QC_C_20070823_S18D",0,0.00470352069963393,0,1,1,-6.05441421357736,"Not Significant","logqc_LE_18_07_10","Lake Erie","18_07_10","2018","07","10","Mfl_ae1","07/10","2018 Lake Erie","No change","Ma_QC_C_20070823_S18D (Mfl_ae1)"
"Mf_QC_C_20070823_S20",0,0,0,1,1,-6.05441421357736,"Not Significant","logqc_LE_18_07_10","Lake Erie","18_07_10","2018","07","10","Mfl_ae1","07/10","2018 Lake Erie","No change","Mf_QC_C_20070823_S20 (Mfl_ae1)"
"Mf_QC_C_20070823_S20D",0,0,0,1,1,-6.05441421357736,"Not Significant","logqc_LE_18_07_10","Lake Erie","18_07_10","2018","07","10","Mfl_ae1","07/10","2018 Lake Erie","No change","Mf_QC_C_20070823_S20D (Mfl_ae1)"
"Mf_QC_C_20070823_S20T",0,0,0,1,1,-6.05441421357736,"Not Significant","logqc_LE_18_07_10","Lake Erie","18_07_10","2018","07","10","Mfl_ae1","07/10","2018 Lake Erie","No change","Mf_QC_C_20070823_S20T (Mfl_ae1)"
"FACHB-1757",0,0.0146020964372637,0,1,1,-6.05441421357736,"Not Significant","logqc_LE_18_07_10","Lake Erie","18_07_10","2018","07","10","Mae4","07/10","2018 Lake Erie","No change","FACHB-1757 (Mae4)"
"Mp_GB_SS_20050300_S99",0,0.011287167771039,0,1,1,-6.05441421357736,"Not Significant","logqc_LE_18_07_10","Lake Erie","18_07_10","2018","07","10","Mpa","07/10","2018 Lake Erie","No change","Mp_GB_SS_20050300_S99 (Mpa)"
"Mp_MB_F_20051200_S9D",0,0,0,1,1,-6.05441421357736,"Not Significant","logqc_LE_18_07_10","Lake Erie","18_07_10","2018","07","10","Mpa","07/10","2018 Lake Erie","No change","Mp_MB_F_20051200_S9D (Mpa)"
"Mv_BB_P_19951000_S68",0,0.000200209738925561,0,1,1,-6.05441421357736,"Not Significant","logqc_LE_18_07_10","Lake Erie","18_07_10","2018","07","10","Mvi","07/10","2018 Lake Erie","No change","Mv_BB_P_19951000_S68 (Mvi)"
"Mw_QC_B_20070930_S4",0,0,0,1,1,-6.05441421357736,"Not Significant","logqc_LE_18_07_10","Lake Erie","18_07_10","2018","07","10","Mwe","07/10","2018 Lake Erie","No change","Mw_QC_B_20070930_S4 (Mwe)"
"Mw_QC_B_20070930_S4D",-1.33930721178773e-17,0.0115942067576874,-2.38485804266129e-16,1,1,-6.05441421357736,"Not Significant","logqc_LE_18_07_10","Lake Erie","18_07_10","2018","07","10","Mwe","07/10","2018 Lake Erie","No change","Mw_QC_B_20070930_S4D (Mwe)"
"LE19-12",7.66623915043411e-18,0.00848597483020087,2.00585527492919e-16,1,1,-6.05441421357736,"Not Significant","logqc_LE_18_07_10","Lake Erie","18_07_10","2018","07","10","Mfl_ae1","07/10","2018 Lake Erie","No change","LE19-12 (Mfl_ae1)"
"LE19-131",0,0.0903619212896802,0,1,1,-6.05441421357736,"Not Significant","logqc_LE_18_07_10","Lake Erie","18_07_10","2018","07","10","Mae1","07/10","2018 Lake Erie","No change","LE19-131 (Mae1)"
"LE19-197",2.37185721823711e-17,0.0203531721026541,3.50216174696191e-16,1,1,-6.05441421357736,"Not Significant","logqc_LE_18_07_10","Lake Erie","18_07_10","2018","07","10","Mfl_ae1","07/10","2018 Lake Erie","No change","LE19-197 (Mfl_ae1)"
"LE19-388",0,0.00205546863257623,0,1,1,-6.05441421357736,"Not Significant","logqc_LE_18_07_10","Lake Erie","18_07_10","2018","07","10","Mfl_ae3","07/10","2018 Lake Erie","No change","LE19-388 (Mfl_ae3)"
"LE19-4",-6.22358897133301e-18,0.00652576662414928,-2.01410127226241e-16,1,1,-6.05441421357736,"Not Significant","logqc_LE_18_07_10","Lake Erie","18_07_10","2018","07","10","Mae5","07/10","2018 Lake Erie","No change","LE19-4 (Mae5)"
"LE19-98",-9.77465518627133e-20,0.000253070833139477,-5.6815475279497e-17,1,1,-6.05441421357736,"Not Significant","logqc_LE_18_07_10","Lake Erie","18_07_10","2018","07","10","Mfl_ae1","07/10","2018 Lake Erie","No change","LE19-98 (Mfl_ae1)"
"LE19-197",-0.244405859307685,0.0203531721026541,-3.60877056434669,0.000673624380325311,0.122599637219207,-0.466286813901671,"Not Significant","logqc_LE_18_07_25","Lake Erie","18_07_25","2018","07","25","Mfl_ae1","07/25","2018 Lake Erie","No change","LE19-197 (Mfl_ae1)"
"W13-11",0.137143155750279,0.0159541083323116,3.29186565051505,0.00175893644029609,0.160063216066944,-1.2655602036763,"Not Significant","logqc_LE_18_07_25","Lake Erie","18_07_25","2018","07","25","Mae1","07/25","2018 Lake Erie","No change","W13-11 (Mae1)"
"LE19-41",-0.266644380952448,0.0886701153905635,-2.98692690396686,0.00423200257820821,0.256741489744631,-1.99060273539243,"Not Significant","logqc_LE_18_07_25","Lake Erie","18_07_25","2018","07","25","Mae3_3","07/25","2018 Lake Erie","No change","LE19-41 (Mae3_3)"
"K13-06",-0.199710929021863,0.0866228644935585,-2.78917599303779,0.00728552231076658,0.331491265139879,-2.43501017704042,"Not Significant","logqc_LE_18_07_25","Lake Erie","18_07_25","2018","07","25","Mae3_2","07/25","2018 Lake Erie","No change","K13-06 (Mae3_2)"
"G13-07",-0.385283718217104,0.240259247661432,-2.6864796518326,0.00957710602681931,0.348606659376223,-2.65718230043053,"Not Significant","logqc_LE_18_07_25","Lake Erie","18_07_25","2018","07","25","Mae2_(HL/LG)","07/25","2018 Lake Erie","No change","G13-07 (Mae2_(HL/LG))"
"LL13-03",0.051561746190844,0.0038955905749627,2.56282196951664,0.0132044958962252,0.400536375518831,-2.91649381989097,"Not Significant","logqc_LE_18_07_25","Lake Erie","18_07_25","2018","07","25","Mae2_(HL/LG)","07/25","2018 Lake Erie","No change","LL13-03 (Mae2_(HL/LG))"
"NIES-87",0.626799642012616,0.746447175377667,2.32716004197416,0.0237383949404832,0.463979319399864,-3.38457837458734,"Not Significant","logqc_LE_18_07_25","Lake Erie","18_07_25","2018","07","25","Mfl_ae6","07/25","2018 Lake Erie","No change","NIES-87 (Mfl_ae6)"
"L211-11",-0.12476632356199,0.018938467828755,-2.30129619213463,0.0252635281821856,0.463979319399864,-3.43378216463351,"Not Significant","logqc_LE_18_07_25","Lake Erie","18_07_25","2018","07","25","Mae3_1","07/25","2018 Lake Erie","No change","L211-11 (Mae3_1)"
"Mp_MB_F_20051200_S6",0.0681547025332555,0.00763925243983875,2.29768162096741,0.0254834741732248,0.463979319399864,-3.44062352979001,"Not Significant","logqc_LE_18_07_25","Lake Erie","18_07_25","2018","07","25","Mpa","07/25","2018 Lake Erie","No change","Mp_MB_F_20051200_S6 (Mpa)"
"Mp_MB_F_20080800_S26D",0.465258583762913,0.310031748566602,2.29751966020521,0.0254933691977947,0.463979319399864,-3.44092987412036,"Not Significant","logqc_LE_18_07_25","Lake Erie","18_07_25","2018","07","25","Mpa","07/25","2018 Lake Erie","No change","Mp_MB_F_20080800_S26D (Mpa)"
"LE19-59",0.164820525785661,0.040524784548568,2.15917663803183,0.0352996242828008,0.543981759229441,-3.69619626411211,"Not Significant","logqc_LE_18_07_25","Lake Erie","18_07_25","2018","07","25","Mae3_3","07/25","2018 Lake Erie","No change","LE19-59 (Mae3_3)"
"BS13-02",-0.311774431603793,0.137650099733605,-2.15226105526664,0.0358669291799631,0.543981759229441,-3.70861635992386,"Not Significant","logqc_LE_18_07_25","Lake Erie","18_07_25","2018","07","25","Mae6","07/25","2018 Lake Erie","No change","BS13-02 (Mae6)"
"KW",0.351457546164152,0.228886029414017,2.00605757632583,0.0498732195386569,0.698225073541196,-3.96340900794184,"Not Significant","logqc_LE_18_07_25","Lake Erie","18_07_25","2018","07","25","Mae3_1","07/25","2018 Lake Erie","No change","KW (Mae3_1)"
"LE19-281",-0.0578986966663624,0.0185045581236523,-1.95157571629143,0.0561865785721286,0.730425521437671,-4.05448722996576,"Not Significant","logqc_LE_18_07_25","Lake Erie","18_07_25","2018","07","25","Mae3_3","07/25","2018 Lake Erie","No change","LE19-281 (Mae3_3)"
"LE19-338",0.79235743235347,0.859899611526082,1.88175802405512,0.0652664217927675,0.791899251085579,-4.16806316125296,"Not Significant","logqc_LE_18_07_25","Lake Erie","18_07_25","2018","07","25","Mfl_ae3","07/25","2018 Lake Erie","No change","LE19-338 (Mfl_ae3)"
"Ma_QC_C_20070703_M131",-0.187008108041803,0.0650762610075088,-1.76626040007763,0.0830078294573412,0.944214060077256,-4.34805975941684,"Not Significant","logqc_LE_18_07_25","Lake Erie","18_07_25","2018","07","25","Mae9","07/25","2018 Lake Erie","No change","Ma_QC_C_20070703_M131 (Mae9)"
"Mn_MB_F_20050700_S1",0.358014021713816,0.149138906345602,1.61637370453885,0.111844880574698,1,-4.56661987139768,"Not Significant","logqc_LE_18_07_25","Lake Erie","18_07_25","2018","07","25","Mn","07/25","2018 Lake Erie","No change","Mn_MB_F_20050700_S1 (Mn)"
"G11-09",0.096665823252405,0.0504221903893531,1.57212333229381,0.121766907688102,1,-4.62782742857372,"Not Significant","logqc_LE_18_07_25","Lake Erie","18_07_25","2018","07","25","Mae2_(HL/LG)","07/25","2018 Lake Erie","No change","G11-09 (Mae2_(HL/LG))"
"M_QC_C_20170808_M9Col",0.314088227379423,0.257986840954712,1.54187466386322,0.12894780943412,1,-4.66878453811255,"Not Significant","logqc_LE_18_07_25","Lake Erie","18_07_25","2018","07","25","Mae3_1","07/25","2018 Lake Erie","No change","M_QC_C_20170808_M9Col (Mae3_1)"
"Mp_GB_SS_20050300_S99",0.0681547025332555,0.011287167771039,1.541639795991,0.129004861857298,1,-4.6690997330732,"Not Significant","logqc_LE_18_07_25","Lake Erie","18_07_25","2018","07","25","Mpa","07/25","2018 Lake Erie","No change","Mp_GB_SS_20050300_S99 (Mpa)"
"Mw_MB_S_20031200_S109D",0.0966658232524052,0.0326903523882331,1.54090454826676,0.129183593309012,1,-4.67008616121174,"Not Significant","logqc_LE_18_07_25","Lake Erie","18_07_25","2018","07","25","Mwe","07/25","2018 Lake Erie","No change","Mw_MB_S_20031200_S109D (Mwe)"
"Mn_MB_F_20050700_S1D",0.266508102150323,0.225709300796186,1.48267008548009,0.143978477726139,1,-4.74685509979173,"Not Significant","logqc_LE_18_07_25","Lake Erie","18_07_25","2018","07","25","Mn","07/25","2018 Lake Erie","No change","Mn_MB_F_20050700_S1D (Mn)"
"F13-15",0.619469974083787,1.40698658172397,1.44894604556255,0.153138599600395,1,-4.79007741324286,"Not Significant","logqc_LE_18_07_25","Lake Erie","18_07_25","2018","07","25","Mae4","07/25","2018 Lake Erie","No change","F13-15 (Mae4)"
"G13-05",0.0681547025332555,0.0306149934736053,1.40760610060058,0.164981734446216,1,-4.84181472915379,"Not Significant","logqc_LE_18_07_25","Lake Erie","18_07_25","2018","07","25","Mae2_(HL/LG)","07/25","2018 Lake Erie","No change","G13-05 (Mae2_(HL/LG))"
"LE19-84",-0.514901129530383,1.48578914474714,-1.29278102110796,0.201594141392261,1,-4.97824063167813,"Not Significant","logqc_LE_18_07_25","Lake Erie","18_07_25","2018","07","25","Mae4","07/25","2018 Lake Erie","No change","LE19-84 (Mae4)"
"NIES-2521",0.259277657283135,0.28888964313418,1.27077609592143,0.209258952790305,1,-5.00315080719211,"Not Significant","logqc_LE_18_07_25","Lake Erie","18_07_25","2018","07","25","Mfl_ae4","07/25","2018 Lake Erie","No change","NIES-2521 (Mfl_ae4)"
"Ma_QC_C_20070823_S18",0.106713798876561,0.0667747573911391,1.23733755266162,0.221318563947743,1,-5.040237229728,"Not Significant","logqc_LE_18_07_25","Lake Erie","18_07_25","2018","07","25","Mfl_ae1","07/25","2018 Lake Erie","No change","Ma_QC_C_20070823_S18 (Mfl_ae1)"
"Ma_SC_T_19800800_S464",-0.352271648291581,0.403603032421017,-1.20994942071233,0.231571512260805,1,-5.06992111679051,"Not Significant","logqc_LE_18_07_25","Lake Erie","18_07_25","2018","07","25","Mwe","07/25","2018 Lake Erie","No change","Ma_SC_T_19800800_S464 (Mwe)"
"0824",0.0857939218735331,0.0337903604092532,1.19234340255916,0.238343061722324,1,-5.08867253825477,"Not Significant","logqc_LE_18_07_25","Lake Erie","18_07_25","2018","07","25","Mfl_ae5","07/25","2018 Lake Erie","No change","0824 (Mfl_ae5)"
"Mw_MB_S_20031200_S109",-0.192844113116841,0.157347921766283,-1.16662978356018,0.248489304576027,1,-5.11559283334322,"Not Significant","logqc_LE_18_07_25","Lake Erie","18_07_25","2018","07","25","Mwe","07/25","2018 Lake Erie","No change","Mw_MB_S_20031200_S109 (Mwe)"
"FD4",0.51006821971467,1.73455209737951,1.12148644503272,0.267046219090241,1,-5.16151022898888,"Not Significant","logqc_LE_18_07_25","Lake Erie","18_07_25","2018","07","25","Mvi","07/25","2018 Lake Erie","No change","FD4 (Mvi)"
"LE19-195",-0.585605630447334,1.59120313463519,-1.07730030701244,0.286138198867447,1,-5.20478613762834,"Not Significant","logqc_LE_18_07_25","Lake Erie","18_07_25","2018","07","25","Mae3_1","07/25","2018 Lake Erie","No change","LE19-195 (Mae3_1)"
"DF17",-0.454885144021133,0.597718933770284,-1.00153120810533,0.321039635754569,1,-5.27512543954539,"Not Significant","logqc_LE_18_07_25","Lake Erie","18_07_25","2018","07","25","Mae3_1","07/25","2018 Lake Erie","No change","DF17 (Mae3_1)"
"M_QC_C_20170808_M2Col",0.110972396520813,0.118615750646058,0.94318527444156,0.349789489803848,1,-5.32593394234317,"Not Significant","logqc_LE_18_07_25","Lake Erie","18_07_25","2018","07","25","Mae3_1","07/25","2018 Lake Erie","No change","M_QC_C_20170808_M2Col (Mae3_1)"
"LE19-8",-0.4146054525641,0.640050823369167,-0.91957502367486,0.361886964108026,1,-5.34565887541765,"Not Significant","logqc_LE_18_07_25","Lake Erie","18_07_25","2018","07","25","Mae8","07/25","2018 Lake Erie","No change","LE19-8 (Mae8)"
"11-30S32",-0.326693032579482,0.534806423440277,-0.912240018608392,0.365699541002769,1,-5.35168851456273,"Not Significant","logqc_LE_18_07_25","Lake Erie","18_07_25","2018","07","25","Mae3_1","07/25","2018 Lake Erie","No change","11-30S32 (Mae3_1)"
"G13-10",0.610495210460636,1.91344585883941,0.910481025910521,0.36661764520396,1,-5.35312753313719,"Not Significant","logqc_LE_18_07_25","Lake Erie","18_07_25","2018","07","25","Mae2_(HL/LG)","07/25","2018 Lake Erie","No change","G13-10 (Mae2_(HL/LG))"
"BS13-10",0.600078784738437,3.71435705831315,0.887143591890121,0.378938139172651,1,-5.37196541548667,"Not Significant","logqc_LE_18_07_25","Lake Erie","18_07_25","2018","07","25","Mae2_(HL/LG)","07/25","2018 Lake Erie","No change","BS13-10 (Mae2_(HL/LG))"
"LG13-13",-0.464963707737463,1.00860655239236,-0.852944910789545,0.397459600088111,1,-5.39871428033437,"Not Significant","logqc_LE_18_07_25","Lake Erie","18_07_25","2018","07","25","Mae10","07/25","2018 Lake Erie","No change","LG13-13 (Mae10)"
"BK11-02",-0.315867149342477,1.09855776593583,-0.794442014494466,0.430417907091087,1,-5.44210348104011,"Not Significant","logqc_LE_18_07_25","Lake Erie","18_07_25","2018","07","25","Mae2_(LL/LG)","07/25","2018 Lake Erie","No change","BK11-02 (Mae2_(LL/LG))"
"LE19-251",-0.270034731058447,2.14433901987754,-0.784542381951381,0.436152220926884,1,-5.4491487476417,"Not Significant","logqc_LE_18_07_25","Lake Erie","18_07_25","2018","07","25","Mae3_3","07/25","2018 Lake Erie","No change","LE19-251 (Mae3_3)"
"Sj",-0.169418230559476,0.167634640982776,-0.748966118877537,0.457129728977075,1,-5.47375557334832,"Not Significant","logqc_LE_18_07_25","Lake Erie","18_07_25","2018","07","25","Unclassified","07/25","2018 Lake Erie","No change","Sj (Unclassified)"
"LG13-12",-0.584843523514527,1.67744404555595,-0.723909613758192,0.472247668976167,1,-5.49041645439605,"Not Significant","logqc_LE_18_07_25","Lake Erie","18_07_25","2018","07","25","Mae10","07/25","2018 Lake Erie","No change","LG13-12 (Mae10)"
"Mv_BB_P_19951000_S69",0.119582802935618,0.1576481250027,0.70974189200596,0.48091964442966,1,-5.49959146964911,"Not Significant","logqc_LE_18_07_25","Lake Erie","18_07_25","2018","07","25","Mvi","07/25","2018 Lake Erie","No change","Mv_BB_P_19951000_S69 (Mvi)"
"NIES-2520",-0.352732077651424,2.11390555809893,-0.6538416347074,0.515990309873228,1,-5.53405692129958,"Not Significant","logqc_LE_18_07_25","Lake Erie","18_07_25","2018","07","25","Mae3_2","07/25","2018 Lake Erie","No change","NIES-2520 (Mae3_2)"
"NIES-44",0.253032707938197,1.07510902301778,0.618413822524417,0.538903980357545,1,-5.55446216274872,"Not Significant","logqc_LE_18_07_25","Lake Erie","18_07_25","2018","07","25","Mae8","07/25","2018 Lake Erie","No change","NIES-44 (Mae8)"
"M_OC_Ca_00000000_C217Col",-0.0990062804689593,0.111285924783708,-0.603611795032803,0.548630561714083,1,-5.5626562998174,"Not Significant","logqc_LE_18_07_25","Lake Erie","18_07_25","2018","07","25","Mae4","07/25","2018 Lake Erie","No change","M_OC_Ca_00000000_C217Col (Mae4)"
"LG13-11",0.183688857272272,0.494245808471573,0.602129913257883,0.549609208753976,1,-5.5634658751332,"Not Significant","logqc_LE_18_07_25","Lake Erie","18_07_25","2018","07","25","Mvi","07/25","2018 Lake Erie","No change","LG13-11 (Mvi)"
"LE17-10A",0.28445358624409,1.13435182819568,0.583478941823371,0.562001583169007,1,-5.57348749229785,"Not Significant","logqc_LE_18_07_25","Lake Erie","18_07_25","2018","07","25","Mae5","07/25","2018 Lake Erie","No change","LE17-10A (Mae5)"
"Mw_QC_S_20081001_S30",0.183061518303293,0.483802100567593,0.569061359450291,0.571675343849726,1,-5.58102129902991,"Not Significant","logqc_LE_18_07_25","Lake Erie","18_07_25","2018","07","25","Mwe","07/25","2018 Lake Erie","No change","Mw_QC_S_20081001_S30 (Mwe)"
"TF09",-0.172701534773395,0.375654853281397,-0.563177001486726,0.5756468332326,1,-5.5840426812484,"Not Significant","logqc_LE_18_07_25","Lake Erie","18_07_25","2018","07","25","Mae1","07/25","2018 Lake Erie","No change","TF09 (Mae1)"
"LSC13-02",0.315935616636154,1.50391835237686,0.55837066510915,0.57890064992066,1,-5.58648754046589,"Not Significant","logqc_LE_18_07_25","Lake Erie","18_07_25","2018","07","25","Mae2_(LL/LG)","07/25","2018 Lake Erie","No change","LSC13-02 (Mae2_(LL/LG))"
"K13-10",0.269071522320745,1.90090039066495,0.556067915024613,0.580462717462757,1,-5.58765155941699,"Not Significant","logqc_LE_18_07_25","Lake Erie","18_07_25","2018","07","25","Mae3_3","07/25","2018 Lake Erie","No change","K13-10 (Mae3_3)"
"SX13-11",-0.0276773700353816,0.017622386286122,-0.473324661999127,0.637890597441713,1,-5.62632017050281,"Not Significant","logqc_LE_18_07_25","Lake Erie","18_07_25","2018","07","25","Mae2_(HL/LG)","07/25","2018 Lake Erie","No change","SX13-11 (Mae2_(HL/LG))"
"LE19-55",0.096665823252405,0.232007677225329,0.461203338336363,0.646506172333139,1,-5.63146787979596,"Not Significant","logqc_LE_18_07_25","Lake Erie","18_07_25","2018","07","25","Mfl_ae1","07/25","2018 Lake Erie","No change","LE19-55 (Mfl_ae1)"
"TA09",-0.102269253719227,0.259888765804974,-0.425605875009117,0.672087559010546,1,-5.64581982375238,"Not Significant","logqc_LE_18_07_25","Lake Erie","18_07_25","2018","07","25","Mae10","07/25","2018 Lake Erie","No change","TA09 (Mae10)"
"FCY-26",0.0143065732684078,0.0140327118228079,0.419849762219255,0.67626201107716,1,-5.6480331369485,"Not Significant","logqc_LE_18_07_25","Lake Erie","18_07_25","2018","07","25","Mae1","07/25","2018 Lake Erie","No change","FCY-26 (Mae1)"
"LE19-114",0.207440904167171,0.564634074616638,0.410121837784884,0.683340152221768,1,-5.65170565103335,"Not Significant","logqc_LE_18_07_25","Lake Erie","18_07_25","2018","07","25","Mae5","07/25","2018 Lake Erie","No change","LE19-114 (Mae5)"
"S11-01",0.0895349853438958,0.197274366514199,0.374471026594728,0.70952133232963,1,-5.66443345440968,"Not Significant","logqc_LE_18_07_25","Lake Erie","18_07_25","2018","07","25","Mae2_(LL/LG)","07/25","2018 Lake Erie","No change","S11-01 (Mae2_(LL/LG))"
"PCC_7005",0.0681547025332555,0.105333022534326,0.37276579883737,0.710782803021241,1,-5.66501343022963,"Not Significant","logqc_LE_18_07_25","Lake Erie","18_07_25","2018","07","25","Mae1","07/25","2018 Lake Erie","No change","PCC_7005 (Mae1)"
"SPC777",-0.124850576985757,0.738352326476179,-0.345334487787355,0.731185345031559,1,-5.67398139350362,"Not Significant","logqc_LE_18_07_25","Lake Erie","18_07_25","2018","07","25","Mae1","07/25","2018 Lake Erie","No change","SPC777 (Mae1)"
"BS11-05",-0.137740133113721,1.11655886680262,-0.341373865997706,0.734147758136069,1,-5.67521989689651,"Not Significant","logqc_LE_18_07_25","Lake Erie","18_07_25","2018","07","25","Mae2_(HL/LG)","07/25","2018 Lake Erie","No change","BS11-05 (Mae2_(HL/LG))"
"PCC_9807",0.0421141661265154,0.0953927111816176,0.339722447850241,0.735384169613911,1,-5.67573210225703,"Not Significant","logqc_LE_18_07_25","Lake Erie","18_07_25","2018","07","25","Mae4","07/25","2018 Lake Erie","No change","PCC_9807 (Mae4)"
"LE19-13",0.0428176939875573,0.0801902782450253,0.312953337817655,0.755522334508077,1,-5.68368989091798,"Not Significant","logqc_LE_18_07_25","Lake Erie","18_07_25","2018","07","25","Mfl_ae1","07/25","2018 Lake Erie","No change","LE19-13 (Mfl_ae1)"
"FCY-28",-0.0538481292648478,0.128940385549611,-0.311993854502294,0.756247421667326,1,-5.68396305388638,"Not Significant","logqc_LE_18_07_25","Lake Erie","18_07_25","2018","07","25","Mae1","07/25","2018 Lake Erie","No change","FCY-28 (Mae1)"
"NIES-4325",0.104640016670461,0.515605768568284,0.308559803612,0.758844358353646,1,-5.68493387507928,"Not Significant","logqc_LE_18_07_25","Lake Erie","18_07_25","2018","07","25","Mae10","07/25","2018 Lake Erie","No change","NIES-4325 (Mae10)"
"T1-4",0.0973989248058096,0.676099264574117,0.281715990689914,0.779238745410771,1,-5.6921537897937,"Not Significant","logqc_LE_18_07_25","Lake Erie","18_07_25","2018","07","25","Mfl_ae2","07/25","2018 Lake Erie","No change","T1-4 (Mfl_ae2)"
"Mv_BB_P_19951000_S68D",-0.0538481292648477,0.058572760991269,-0.269898761318356,0.788267526068522,1,-5.69512465946268,"Not Significant","logqc_LE_18_07_25","Lake Erie","18_07_25","2018","07","25","Mvi","07/25","2018 Lake Erie","No change","Mv_BB_P_19951000_S68D (Mvi)"
"K13-07",-0.0509758890005904,0.103993129310759,-0.247688192125273,0.805315629810348,1,-5.70036494527219,"Not Significant","logqc_LE_18_07_25","Lake Erie","18_07_25","2018","07","25","Mae2_(LL/LG)","07/25","2018 Lake Erie","No change","K13-07 (Mae2_(LL/LG))"
"K13-05",-0.0276773700353815,0.0483281679742078,-0.228088916846896,0.820439119210363,1,-5.70461650108126,"Not Significant","logqc_LE_18_07_25","Lake Erie","18_07_25","2018","07","25","Mae3_3","07/25","2018 Lake Erie","No change","K13-05 (Mae3_3)"
"Mf_WU_F_19750830_S460",0.0108671176178141,0.0199662542891306,0.223366263723216,0.824093804858819,1,-5.70558870159912,"Not Significant","logqc_LE_18_07_25","Lake Erie","18_07_25","2018","07","25","Mfl_ae3","07/25","2018 Lake Erie","No change","Mf_WU_F_19750830_S460 (Mfl_ae3)"
"Mf_QC_C_20070823_S10",0.144359882983581,1.65735306210632,0.217816017562748,0.82839394530876,1,-5.70670532259856,"Not Significant","logqc_LE_18_07_25","Lake Erie","18_07_25","2018","07","25","Mfl_ae1","07/25","2018 Lake Erie","No change","Mf_QC_C_20070823_S10 (Mfl_ae1)"
"M_QC_C_20170808_M3Col",-0.0538481292648477,0.198066234462503,-0.217525852429938,0.828618902024794,1,-5.70676292791584,"Not Significant","logqc_LE_18_07_25","Lake Erie","18_07_25","2018","07","25","Mae2_(LL/LG)","07/25","2018 Lake Erie","No change","M_QC_C_20170808_M3Col (Mae2_(LL/LG))"
"Ma_QC_Ca_00000000_S207",-0.0538481292648475,0.583676704350923,-0.175377383688075,0.861439472445084,1,-5.71431608241063,"Not Significant","logqc_LE_18_07_25","Lake Erie","18_07_25","2018","07","25","Mae2_(LL/LG)","07/25","2018 Lake Erie","No change","Ma_QC_Ca_00000000_S207 (Mae2_(LL/LG))"
"L211-101",-0.0653328191601186,1.6167805291691,-0.161584051214198,0.872236835708615,1,-5.71643641743763,"Not Significant","logqc_LE_18_07_25","Lake Erie","18_07_25","2018","07","25","Mae3_1","07/25","2018 Lake Erie","No change","L211-101 (Mae3_1)"
"NIES-843",-0.040805009624195,0.41419869861001,-0.134519566832615,0.893492172916051,1,-5.72009282636371,"Not Significant","logqc_LE_18_07_25","Lake Erie","18_07_25","2018","07","25","Mae3_1","07/25","2018 Lake Erie","No change","NIES-843 (Mae3_1)"
"Mp_GB_SS_20050300_S99D",-0.0121211173649708,0.0713286176546508,-0.0873744037156961,0.930697313140334,1,-5.72486675534089,"Not Significant","logqc_LE_18_07_25","Lake Erie","18_07_25","2018","07","25","Mpa","07/25","2018 Lake Erie","No change","Mp_GB_SS_20050300_S99D (Mpa)"
"PCC_9443",0.0170369853026162,0.395547888570149,0.0584115536271285,0.953636561050854,1,-5.72679390523034,"Not Significant","logqc_LE_18_07_25","Lake Erie","18_07_25","2018","07","25","Mae4","07/25","2018 Lake Erie","No change","PCC_9443 (Mae4)"
"LE18-22",0.0216512168891363,2.37538675014286,0.0353663655561621,0.971918093607288,1,-5.72778033847311,"Not Significant","logqc_LE_18_07_25","Lake Erie","18_07_25","2018","07","25","Mae3_1","07/25","2018 Lake Erie","No change","LE18-22 (Mae3_1)"
"PCC_9809",0.00805719376599884,0.268086319503821,0.0311845209540159,0.975237428243169,1,-5.72790737231092,"Not Significant","logqc_LE_18_07_25","Lake Erie","18_07_25","2018","07","25","Mae3_1","07/25","2018 Lake Erie","No change","PCC_9809 (Mae3_1)"
"MC19",-3.10732052346462e-21,0.000214372615189159,-2.12679018838384e-18,1,1,-5.72835126847462,"Not Significant","logqc_LE_18_07_25","Lake Erie","18_07_25","2018","07","25","Mfl_ae2","07/25","2018 Lake Erie","No change","MC19 (Mfl_ae2)"
"M_OC_Ca_00000000_S217Cul",0,0,0,1,1,-5.72835126847462,"Not Significant","logqc_LE_18_07_25","Lake Erie","18_07_25","2018","07","25","Mae4","07/25","2018 Lake Erie","No change","M_OC_Ca_00000000_S217Cul (Mae4)"
"Msp_OC_L_20101000_S702",1.84944072720029e-19,0.00613463632603834,9.59616473655905e-18,1,1,-5.72835126847462,"Not Significant","logqc_LE_18_07_25","Lake Erie","18_07_25","2018","07","25","Mae1","07/25","2018 Lake Erie","No change","Msp_OC_L_20101000_S702 (Mae1)"
"CACIAM_03",0,0,0,1,1,-5.72835126847462,"Not Significant","logqc_LE_18_07_25","Lake Erie","18_07_25","2018","07","25","Mae1","07/25","2018 Lake Erie","No change","CACIAM_03 (Mae1)"
"CHAOHU_1326",5.13920525165036e-17,0.0362841489748562,3.81706286790436e-16,1,1,-5.72835126847462,"Not Significant","logqc_LE_18_07_25","Lake Erie","18_07_25","2018","07","25","Mae4","07/25","2018 Lake Erie","No change","CHAOHU_1326 (Mae4)"
"DA14",-4.27918743202618e-20,0.00571196148917547,-1.34038123739098e-18,1,1,-5.72835126847462,"Not Significant","logqc_LE_18_07_25","Lake Erie","18_07_25","2018","07","25","Mae1","07/25","2018 Lake Erie","No change","DA14 (Mae1)"
"DIANCHI905",3.05730402976891e-17,0.0136551134488945,4.27794764133338e-16,1,1,-5.72835126847462,"Not Significant","logqc_LE_18_07_25","Lake Erie","18_07_25","2018","07","25","Mae1","07/25","2018 Lake Erie","No change","DIANCHI905 (Mae1)"
"EAWAG127a",4.26666711599729e-17,0.222501133930924,1.21884696674293e-16,1,1,-5.72835126847462,"Not Significant","logqc_LE_18_07_25","Lake Erie","18_07_25","2018","07","25","Mae6","07/25","2018 Lake Erie","No change","EAWAG127a (Mae6)"
"FACHB-524",3.34570167408975e-17,0.0547789840713263,3.94404033263657e-16,1,1,-5.72835126847462,"Not Significant","logqc_LE_18_07_25","Lake Erie","18_07_25","2018","07","25","Mae1","07/25","2018 Lake Erie","No change","FACHB-524 (Mae1)"
"FCY-27",0,0,0,1,1,-5.72835126847462,"Not Significant","logqc_LE_18_07_25","Lake Erie","18_07_25","2018","07","25","Unclassified","07/25","2018 Lake Erie","No change","FCY-27 (Unclassified)"
"FCY-27",-1.09450500558966e-17,0.0672416368619685,-5.30953474475262e-17,1,1,-5.72835126847462,"Not Significant","logqc_LE_18_07_25","Lake Erie","18_07_25","2018","07","25","Unclassified","07/25","2018 Lake Erie","No change","FCY-27 (Unclassified)"
"FCY-27",0,0,0,1,1,-5.72835126847462,"Not Significant","logqc_LE_18_07_25","Lake Erie","18_07_25","2018","07","25","Unclassified","07/25","2018 Lake Erie","No change","FCY-27 (Unclassified)"
"G11-01",-2.22170982855982e-21,0.000188710934714087,-1.72296838269572e-18,1,1,-5.72835126847462,"Not Significant","logqc_LE_18_07_25","Lake Erie","18_07_25","2018","07","25","Mae2_(HL/LG)","07/25","2018 Lake Erie","No change","G11-01 (Mae2_(HL/LG))"
"G11-04",2.69016232029447e-18,0.0104425127262745,1.32641878777499e-16,1,1,-5.72835126847462,"Not Significant","logqc_LE_18_07_25","Lake Erie","18_07_25","2018","07","25","Mae2_(HL/LG)","07/25","2018 Lake Erie","No change","G11-04 (Mae2_(HL/LG))"
"G11-06",2.63956204391691e-18,0.0125333798659142,7.51863706335044e-17,1,1,-5.72835126847462,"Not Significant","logqc_LE_18_07_25","Lake Erie","18_07_25","2018","07","25","Mae2_(HL/LG)","07/25","2018 Lake Erie","No change","G11-06 (Mae2_(HL/LG))"
"G13-01",9.70589319345519e-18,0.00494134073905403,4.3782923264748e-16,1,1,-5.72835126847462,"Not Significant","logqc_LE_18_07_25","Lake Erie","18_07_25","2018","07","25","Mae2_(HL/LG)","07/25","2018 Lake Erie","No change","G13-01 (Mae2_(HL/LG))"
"G13-03",0,0,0,1,1,-5.72835126847462,"Not Significant","logqc_LE_18_07_25","Lake Erie","18_07_25","2018","07","25","Mae2_(HL/LG)","07/25","2018 Lake Erie","No change","G13-03 (Mae2_(HL/LG))"
"G13-09",4.31974377184113e-19,0.0147038367069868,2.09353018732263e-17,1,1,-5.72835126847462,"Not Significant","logqc_LE_18_07_25","Lake Erie","18_07_25","2018","07","25","Mae2_(HL/LG)","07/25","2018 Lake Erie","No change","G13-09 (Mae2_(HL/LG))"
"G13-11",1.66447870973624e-17,0.144613938089757,1.24136996571529e-16,1,1,-5.72835126847462,"Not Significant","logqc_LE_18_07_25","Lake Erie","18_07_25","2018","07","25","Mae2_(HL/LG)","07/25","2018 Lake Erie","No change","G13-11 (Mae2_(HL/LG))"
"G13-12",9.07950288340175e-18,0.0160517041433756,2.14302812899567e-16,1,1,-5.72835126847462,"Not Significant","logqc_LE_18_07_25","Lake Erie","18_07_25","2018","07","25","Mae2_(HL/LG)","07/25","2018 Lake Erie","No change","G13-12 (Mae2_(HL/LG))"
"KLA2",1.86812404784595e-16,0.368715473471586,6.20098539876493e-16,1,1,-5.72835126847462,"Not Significant","logqc_LE_18_07_25","Lake Erie","18_07_25","2018","07","25","Mae1","07/25","2018 Lake Erie","No change","KLA2 (Mae1)"
"L111-01",-3.96204039042506e-19,0.00187237805834669,-4.27725288872947e-17,1,1,-5.72835126847462,"Not Significant","logqc_LE_18_07_25","Lake Erie","18_07_25","2018","07","25","Mae2_(HL/LG)","07/25","2018 Lake Erie","No change","L111-01 (Mae2_(HL/LG))"
"L211-07",9.17802379127592e-19,0.11190625229484,3.70469581858935e-18,1,1,-5.72835126847462,"Not Significant","logqc_LE_18_07_25","Lake Erie","18_07_25","2018","07","25","Mae3_1","07/25","2018 Lake Erie","No change","L211-07 (Mae3_1)"
"L311-01",-3.70976043022476e-20,0.0187007574921333,-6.52302829211068e-19,1,1,-5.72835126847462,"Not Significant","logqc_LE_18_07_25","Lake Erie","18_07_25","2018","07","25","Mae1","07/25","2018 Lake Erie","No change","L311-01 (Mae1)"
"LE13-04",4.06309169185323e-18,0.0605714405924541,2.93712618562815e-17,1,1,-5.72835126847462,"Not Significant","logqc_LE_18_07_25","Lake Erie","18_07_25","2018","07","25","Mae2_(HL/LG)","07/25","2018 Lake Erie","No change","LE13-04 (Mae2_(HL/LG))"
"LE3",-1.0432288237183e-18,0.0550937925627485,-9.70189977676962e-18,1,1,-5.72835126847462,"Not Significant","logqc_LE_18_07_25","Lake Erie","18_07_25","2018","07","25","Mae1","07/25","2018 Lake Erie","No change","LE3 (Mae1)"
"LG11-05",0,0.0100220001339047,0,1,1,-5.72835126847462,"Not Significant","logqc_LE_18_07_25","Lake Erie","18_07_25","2018","07","25","Mae10","07/25","2018 Lake Erie","No change","LG11-05 (Mae10)"
"LG13-03",4.10267693636727e-17,0.0252745359021614,5.43495469005372e-16,1,1,-5.72835126847462,"Not Significant","logqc_LE_18_07_25","Lake Erie","18_07_25","2018","07","25","Mae10","07/25","2018 Lake Erie","No change","LG13-03 (Mae10)"
"LL11-07",3.84684396168467e-18,0.0120445568874154,1.6369688840503e-16,1,1,-5.72835126847462,"Not Significant","logqc_LE_18_07_25","Lake Erie","18_07_25","2018","07","25","Mae2_(HL/LG)","07/25","2018 Lake Erie","No change","LL11-07 (Mae2_(HL/LG))"
"LL13-06",1.04609934771313e-17,0.0165886045674064,3.43423464236846e-16,1,1,-5.72835126847462,"Not Significant","logqc_LE_18_07_25","Lake Erie","18_07_25","2018","07","25","Mae2_(LL/LG)","07/25","2018 Lake Erie","No change","LL13-06 (Mae2_(LL/LG))"
"Ma_AC_P_19900807_S300",1.81143249808215e-17,0.0918720102450322,1.75613005391672e-16,1,1,-5.72835126847462,"Not Significant","logqc_LE_18_07_25","Lake Erie","18_07_25","2018","07","25","Mae1","07/25","2018 Lake Erie","No change","Ma_AC_P_19900807_S300 (Mae1)"
"Ma_MB_F_20061100_S19",1.63015263288117e-18,0.00150678531318592,1.6017112668853e-16,1,1,-5.72835126847462,"Not Significant","logqc_LE_18_07_25","Lake Erie","18_07_25","2018","07","25","Mae1","07/25","2018 Lake Erie","No change","Ma_MB_F_20061100_S19 (Mae1)"
"Ma_MB_F_20061100_S19D",0,0,0,1,1,-5.72835126847462,"Not Significant","logqc_LE_18_07_25","Lake Erie","18_07_25","2018","07","25","Mae1","07/25","2018 Lake Erie","No change","Ma_MB_F_20061100_S19D (Mae1)"
"Ma_MB_F_20061100_S20",0,0.0146020964372637,0,1,1,-5.72835126847462,"Not Significant","logqc_LE_18_07_25","Lake Erie","18_07_25","2018","07","25","Mae5","07/25","2018 Lake Erie","No change","Ma_MB_F_20061100_S20 (Mae5)"
"Ma_MB_F_20061100_S20D",9.70589319345519e-18,0.0680865720923015,4.37931129207611e-17,1,1,-5.72835126847462,"Not Significant","logqc_LE_18_07_25","Lake Erie","18_07_25","2018","07","25","Mae5","07/25","2018 Lake Erie","No change","Ma_MB_F_20061100_S20D (Mae5)"
"Ma_MB_S_20031200_S102",-1.26344014330604e-17,0.0997020858566253,-1.08664091633904e-16,1,1,-5.72835126847462,"Not Significant","logqc_LE_18_07_25","Lake Erie","18_07_25","2018","07","25","Mae6","07/25","2018 Lake Erie","No change","Ma_MB_S_20031200_S102 (Mae6)"
"Ma_MB_S_20031200_S102D",-4.58115622211598e-19,0.0260079543864669,-9.47188563399434e-18,1,1,-5.72835126847462,"Not Significant","logqc_LE_18_07_25","Lake Erie","18_07_25","2018","07","25","Mae6","07/25","2018 Lake Erie","No change","Ma_MB_S_20031200_S102D (Mae6)"
"Ma_OC_H_19870700_S124",-2.22170982855982e-21,0.000626101344307828,-6.89234869268484e-19,1,1,-5.72835126847462,"Not Significant","logqc_LE_18_07_25","Lake Erie","18_07_25","2018","07","25","Mae8","07/25","2018 Lake Erie","No change","Ma_OC_H_19870700_S124 (Mae8)"
"Ma_OC_LR_19540900_S633",0,0,0,1,1,-5.72835126847462,"Not Significant","logqc_LE_18_07_25","Lake Erie","18_07_25","2018","07","25","Mae1","07/25","2018 Lake Erie","No change","Ma_OC_LR_19540900_S633 (Mae1)"
"Ma_QC_B_20070730_S2",2.51715947119257e-16,0.435470995302504,5.83834867749461e-16,1,1,-5.72835126847462,"Not Significant","logqc_LE_18_07_25","Lake Erie","18_07_25","2018","07","25","Mae1","07/25","2018 Lake Erie","No change","Ma_QC_B_20070730_S2 (Mae1)"
"Ma_QC_C_20070823_S13",0,0,0,1,1,-5.72835126847462,"Not Significant","logqc_LE_18_07_25","Lake Erie","18_07_25","2018","07","25","Mae2_(HL/LG)","07/25","2018 Lake Erie","No change","Ma_QC_C_20070823_S13 (Mae2_(HL/LG))"
"Ma_QC_C_20070823_S13D",0,0,0,1,1,-5.72835126847462,"Not Significant","logqc_LE_18_07_25","Lake Erie","18_07_25","2018","07","25","Mae2_(HL/LG)","07/25","2018 Lake Erie","No change","Ma_QC_C_20070823_S13D (Mae2_(HL/LG))"
"Ma_QC_Ch_20071001_M135",3.50730774342651e-18,0.00567770030287288,1.62368089750624e-16,1,1,-5.72835126847462,"Not Significant","logqc_LE_18_07_25","Lake Erie","18_07_25","2018","07","25","Mae2_(LL/LG)","07/25","2018 Lake Erie","No change","Ma_QC_Ch_20071001_M135 (Mae2_(LL/LG))"
"Ma_QC_Ch_20071001_S25",3.74931713694921e-20,0.00284874706007544,2.60615768270738e-18,1,1,-5.72835126847462,"Not Significant","logqc_LE_18_07_25","Lake Erie","18_07_25","2018","07","25","Mae2_(LL/LG)","07/25","2018 Lake Erie","No change","Ma_QC_Ch_20071001_S25 (Mae2_(LL/LG))"
"Ma_QC_Ch_20071001_S25D",1.58334902215567e-16,0.372566968085964,4.99522060232838e-16,1,1,-5.72835126847462,"Not Significant","logqc_LE_18_07_25","Lake Erie","18_07_25","2018","07","25","Mae2_(LL/LG)","07/25","2018 Lake Erie","No change","Ma_QC_Ch_20071001_S25D (Mae2_(LL/LG))"
"NIES-1211",0,0,0,1,1,-5.72835126847462,"Not Significant","logqc_LE_18_07_25","Lake Erie","18_07_25","2018","07","25","Mfl_ae2","07/25","2018 Lake Erie","No change","NIES-1211 (Mfl_ae2)"
"NIES-2481",0,0.0102832125020514,0,1,1,-5.72835126847462,"Not Significant","logqc_LE_18_07_25","Lake Erie","18_07_25","2018","07","25","Mfl_ae4","07/25","2018 Lake Erie","No change","NIES-2481 (Mfl_ae4)"
"NIES-2519",0,0,0,1,1,-5.72835126847462,"Not Significant","logqc_LE_18_07_25","Lake Erie","18_07_25","2018","07","25","Mfl_ae2","07/25","2018 Lake Erie","No change","NIES-2519 (Mfl_ae2)"
"NIES-2522",-1.39985243687846e-18,0.00907699685756601,-6.94595467979458e-17,1,1,-5.72835126847462,"Not Significant","logqc_LE_18_07_25","Lake Erie","18_07_25","2018","07","25","Mfl_ae2","07/25","2018 Lake Erie","No change","NIES-2522 (Mfl_ae2)"
"NIES-2549",1.90461694181316e-17,0.0785609694088359,1.06147875662116e-16,1,1,-5.72835126847462,"Not Significant","logqc_LE_18_07_25","Lake Erie","18_07_25","2018","07","25","Mfl_ae4","07/25","2018 Lake Erie","No change","NIES-2549 (Mfl_ae4)"
"NIES-298",0,0.00396058292170508,0,1,1,-5.72835126847462,"Not Significant","logqc_LE_18_07_25","Lake Erie","18_07_25","2018","07","25","Mae1","07/25","2018 Lake Erie","No change","NIES-298 (Mae1)"
"NIES-3787",0,0.00428337259915598,0,1,1,-5.72835126847462,"Not Significant","logqc_LE_18_07_25","Lake Erie","18_07_25","2018","07","25","Mfl_ae4","07/25","2018 Lake Erie","No change","NIES-3787 (Mfl_ae4)"
"NIES-3804",-1.53551713260348e-19,0.0375041297968267,-1.25820049800615e-18,1,1,-5.72835126847462,"Not Significant","logqc_LE_18_07_25","Lake Erie","18_07_25","2018","07","25","Mfl_ae3","07/25","2018 Lake Erie","No change","NIES-3804 (Mfl_ae3)"
"NIES-3806",-1.65599921653444e-18,0.00256348426910084,-1.4277708088254e-16,1,1,-5.72835126847462,"Not Significant","logqc_LE_18_07_25","Lake Erie","18_07_25","2018","07","25","Mfl_ae4","07/25","2018 Lake Erie","No change","NIES-3806 (Mfl_ae4)"
"NIES-3807",0,0.00304191839117172,0,1,1,-5.72835126847462,"Not Significant","logqc_LE_18_07_25","Lake Erie","18_07_25","2018","07","25","Mfl_ae4","07/25","2018 Lake Erie","No change","NIES-3807 (Mfl_ae4)"
"NIES-4264",0,0.00159482942609291,0,1,1,-5.72835126847462,"Not Significant","logqc_LE_18_07_25","Lake Erie","18_07_25","2018","07","25","Mfl_ae2","07/25","2018 Lake Erie","No change","NIES-4264 (Mfl_ae2)"
"NIES-4285",2.21358327245429e-18,0.0209054276086438,5.77537420152056e-17,1,1,-5.72835126847462,"Not Significant","logqc_LE_18_07_25","Lake Erie","18_07_25","2018","07","25","Mae1","07/25","2018 Lake Erie","No change","NIES-4285 (Mae1)"
"NIES-88",1.10877247738476e-17,0.0166130923980228,3.8550933882978e-16,1,1,-5.72835126847462,"Not Significant","logqc_LE_18_07_25","Lake Erie","18_07_25","2018","07","25","Mae3_1","07/25","2018 Lake Erie","No change","NIES-88 (Mae3_1)"
"NIES-98",1.81143249808215e-17,0.0383344961775684,4.40427616744352e-16,1,1,-5.72835126847462,"Not Significant","logqc_LE_18_07_25","Lake Erie","18_07_25","2018","07","25","Mae1","07/25","2018 Lake Erie","No change","NIES-98 (Mae1)"
"NaRes975",1.13015769022839e-20,0.000426382505789865,3.91548669504896e-18,1,1,-5.72835126847462,"Not Significant","logqc_LE_18_07_25","Lake Erie","18_07_25","2018","07","25","Mae1","07/25","2018 Lake Erie","No change","NaRes975 (Mae1)"
"PCC_7806SL",1.13015769022839e-20,0.000426382505789865,3.91548669504896e-18,1,1,-5.72835126847462,"Not Significant","logqc_LE_18_07_25","Lake Erie","18_07_25","2018","07","25","Mae1","07/25","2018 Lake Erie","No change","PCC_7806SL (Mae1)"
"PCC_7941",2.65181228369903e-17,0.047432122570435,2.56568566810428e-16,1,1,-5.72835126847462,"Not Significant","logqc_LE_18_07_25","Lake Erie","18_07_25","2018","07","25","Mae1","07/25","2018 Lake Erie","No change","PCC_7941 (Mae1)"
"PCC_9432",5.20733319839064e-17,0.0246211750270618,4.63098042610491e-16,1,1,-5.72835126847462,"Not Significant","logqc_LE_18_07_25","Lake Erie","18_07_25","2018","07","25","Mae1","07/25","2018 Lake Erie","No change","PCC_9432 (Mae1)"
"PCC_9701",0,0,0,1,1,-5.72835126847462,"Not Significant","logqc_LE_18_07_25","Lake Erie","18_07_25","2018","07","25","Mfl_ae1","07/25","2018 Lake Erie","No change","PCC_9701 (Mfl_ae1)"
"PCC_9717",-2.22170982855982e-21,0.000188710934714087,-1.72296838269572e-18,1,1,-5.72835126847462,"Not Significant","logqc_LE_18_07_25","Lake Erie","18_07_25","2018","07","25","Mae3_3","07/25","2018 Lake Erie","No change","PCC_9717 (Mae3_3)"
"PCC_9806",-7.17652603000329e-20,0.000253070833139477,-4.17137719418474e-17,1,1,-5.72835126847462,"Not Significant","logqc_LE_18_07_25","Lake Erie","18_07_25","2018","07","25","Mfl_ae3","07/25","2018 Lake Erie","No change","PCC_9806 (Mfl_ae3)"
"PCC_9808",-9.66563233566336e-19,0.00937374958881915,-3.26141692215147e-17,1,1,-5.72835126847462,"Not Significant","logqc_LE_18_07_25","Lake Erie","18_07_25","2018","07","25","Mae1","07/25","2018 Lake Erie","No change","PCC_9808 (Mae1)"
"S11-05",0,0,0,1,1,-5.72835126847462,"Not Significant","logqc_LE_18_07_25","Lake Erie","18_07_25","2018","07","25","Mae2_(LL/LG)","07/25","2018 Lake Erie","No change","S11-05 (Mae2_(LL/LG))"
"SX13-01",1.5352869383047e-16,0.101462483160348,1.04571275062783e-15,0.999999999999999,1,-5.72835126847462,"Not Significant","logqc_LE_18_07_25","Lake Erie","18_07_25","2018","07","25","Mae2_(HL/LG)","07/25","2018 Lake Erie","No change","SX13-01 (Mae2_(HL/LG))"
"TAIHU98",-7.17652603000329e-20,0.00144659403385004,-9.21037301659881e-18,1,1,-5.72835126847462,"Not Significant","logqc_LE_18_07_25","Lake Erie","18_07_25","2018","07","25","Mae1","07/25","2018 Lake Erie","No change","TAIHU98 (Mae1)"
"W11-03",3.73293622974962e-19,0.00624387145981817,1.36327765793323e-17,1,1,-5.72835126847462,"Not Significant","logqc_LE_18_07_25","Lake Erie","18_07_25","2018","07","25","Mwe","07/25","2018 Lake Erie","No change","W11-03 (Mwe)"
"W11-06",0,0,0,1,1,-5.72835126847462,"Not Significant","logqc_LE_18_07_25","Lake Erie","18_07_25","2018","07","25","Mwe","07/25","2018 Lake Erie","No change","W11-06 (Mwe)"
"W13-13",1.0456749386988e-19,0.00963758644345188,5.04187111814616e-18,1,1,-5.72835126847462,"Not Significant","logqc_LE_18_07_25","Lake Erie","18_07_25","2018","07","25","Mae2_(HL/LG)","07/25","2018 Lake Erie","No change","W13-13 (Mae2_(HL/LG))"
"W13-15",7.04346139777711e-18,0.0310915074799987,1.09356471759305e-16,1,1,-5.72835126847462,"Not Significant","logqc_LE_18_07_25","Lake Erie","18_07_25","2018","07","25","Mae2_(HL/LG)","07/25","2018 Lake Erie","No change","W13-15 (Mae2_(HL/LG))"
"W13-16",4.75934733593159e-18,0.0277228925437981,9.29419516244173e-17,1,1,-5.72835126847462,"Not Significant","logqc_LE_18_07_25","Lake Erie","18_07_25","2018","07","25","Mae2_(HL/LG)","07/25","2018 Lake Erie","No change","W13-16 (Mae2_(HL/LG))"
"W13-18",0,0,0,1,1,-5.72835126847462,"Not Significant","logqc_LE_18_07_25","Lake Erie","18_07_25","2018","07","25","Mae2_(LL/LG)","07/25","2018 Lake Erie","No change","W13-18 (Mae2_(LL/LG))"
"Ma_QC_C_20070823_S18D",0,0.00470352069963393,0,1,1,-5.72835126847462,"Not Significant","logqc_LE_18_07_25","Lake Erie","18_07_25","2018","07","25","Mfl_ae1","07/25","2018 Lake Erie","No change","Ma_QC_C_20070823_S18D (Mfl_ae1)"
"Mf_QC_C_20070823_S10D",-1.31206716359121e-18,0.00757522624448734,-5.96686289260266e-17,1,1,-5.72835126847462,"Not Significant","logqc_LE_18_07_25","Lake Erie","18_07_25","2018","07","25","Mfl_ae1","07/25","2018 Lake Erie","No change","Mf_QC_C_20070823_S10D (Mfl_ae1)"
"Mf_QC_C_20070823_S20",0,0,0,1,1,-5.72835126847462,"Not Significant","logqc_LE_18_07_25","Lake Erie","18_07_25","2018","07","25","Mfl_ae1","07/25","2018 Lake Erie","No change","Mf_QC_C_20070823_S20 (Mfl_ae1)"
"Mf_QC_C_20070823_S20D",0,0,0,1,1,-5.72835126847462,"Not Significant","logqc_LE_18_07_25","Lake Erie","18_07_25","2018","07","25","Mfl_ae1","07/25","2018 Lake Erie","No change","Mf_QC_C_20070823_S20D (Mfl_ae1)"
"Mf_QC_C_20070823_S20T",0,0,0,1,1,-5.72835126847462,"Not Significant","logqc_LE_18_07_25","Lake Erie","18_07_25","2018","07","25","Mfl_ae1","07/25","2018 Lake Erie","No change","Mf_QC_C_20070823_S20T (Mfl_ae1)"
"FACHB-1757",0,0.0146020964372637,0,1,1,-5.72835126847462,"Not Significant","logqc_LE_18_07_25","Lake Erie","18_07_25","2018","07","25","Mae4","07/25","2018 Lake Erie","No change","FACHB-1757 (Mae4)"
"Mp_MB_F_20051200_S6D",2.90726423303139e-20,0.00542826465134461,1.41411696330262e-18,1,1,-5.72835126847462,"Not Significant","logqc_LE_18_07_25","Lake Erie","18_07_25","2018","07","25","Mpa","07/25","2018 Lake Erie","No change","Mp_MB_F_20051200_S6D (Mpa)"
"Mp_MB_F_20051200_S9",6.32746306055917e-19,0.0129444695602966,1.58282627449768e-17,1,1,-5.72835126847462,"Not Significant","logqc_LE_18_07_25","Lake Erie","18_07_25","2018","07","25","Mpa","07/25","2018 Lake Erie","No change","Mp_MB_F_20051200_S9 (Mpa)"
"Mp_MB_F_20051200_S9D",0,0,0,1,1,-5.72835126847462,"Not Significant","logqc_LE_18_07_25","Lake Erie","18_07_25","2018","07","25","Mpa","07/25","2018 Lake Erie","No change","Mp_MB_F_20051200_S9D (Mpa)"
"Mp_MB_F_20080800_S26",1.34017085646574e-17,0.0214366700714064,2.73872884082636e-16,1,1,-5.72835126847462,"Not Significant","logqc_LE_18_07_25","Lake Erie","18_07_25","2018","07","25","Mpa","07/25","2018 Lake Erie","No change","Mp_MB_F_20080800_S26 (Mpa)"
"Mv_BB_P_19951000_S68",0,0.000200209738925561,0,1,1,-5.72835126847462,"Not Significant","logqc_LE_18_07_25","Lake Erie","18_07_25","2018","07","25","Mvi","07/25","2018 Lake Erie","No change","Mv_BB_P_19951000_S68 (Mvi)"
"Mv_BB_P_19951000_S69D",-3.18901449227663e-19,0.013868195965796,-9.05343820704313e-18,1,1,-5.72835126847462,"Not Significant","logqc_LE_18_07_25","Lake Erie","18_07_25","2018","07","25","Mvi","07/25","2018 Lake Erie","No change","Mv_BB_P_19951000_S69D (Mvi)"
"NIES-102",2.0114234049316e-17,0.108348188815705,1.06131519515194e-16,1,1,-5.72835126847462,"Not Significant","logqc_LE_18_07_25","Lake Erie","18_07_25","2018","07","25","Mae3_1","07/25","2018 Lake Erie","No change","NIES-102 (Mae3_1)"
"LE013-01",9.50477197640897e-19,0.00867546477728927,2.98247096321142e-17,1,1,-5.72835126847462,"Not Significant","logqc_LE_18_07_25","Lake Erie","18_07_25","2018","07","25","Mae8","07/25","2018 Lake Erie","No change","LE013-01 (Mae8)"
"Mw_QC_B_20070930_S4",0,0,0,1,1,-5.72835126847462,"Not Significant","logqc_LE_18_07_25","Lake Erie","18_07_25","2018","07","25","Mwe","07/25","2018 Lake Erie","No change","Mw_QC_B_20070930_S4 (Mwe)"
"Mw_QC_B_20070930_S4D",9.94910420672148e-19,0.0115942067576874,1.77160258496656e-17,1,1,-5.72835126847462,"Not Significant","logqc_LE_18_07_25","Lake Erie","18_07_25","2018","07","25","Mwe","07/25","2018 Lake Erie","No change","Mw_QC_B_20070930_S4D (Mwe)"
"Mw_QC_S_20081001_S30D",1.19405615054166e-17,0.0393285602473755,1.63665600651417e-16,1,1,-5.72835126847462,"Not Significant","logqc_LE_18_07_25","Lake Erie","18_07_25","2018","07","25","Mwe","07/25","2018 Lake Erie","No change","Mw_QC_S_20081001_S30D (Mwe)"
"TW10",-5.36930829120212e-19,0.0304914841160064,-6.56808322229599e-18,1,1,-5.72835126847462,"Not Significant","logqc_LE_18_07_25","Lake Erie","18_07_25","2018","07","25","Mae8","07/25","2018 Lake Erie","No change","TW10 (Mae8)"
"LE17-20C",3.05730402976891e-17,0.0405752117684644,2.09414355404971e-16,1,1,-5.72835126847462,"Not Significant","logqc_LE_18_07_25","Lake Erie","18_07_25","2018","07","25","Mae8","07/25","2018 Lake Erie","No change","LE17-20C (Mae8)"
"LE19-10",9.70589319345519e-18,0.035897013020471,1.23968446605245e-16,1,1,-5.72835126847462,"Not Significant","logqc_LE_18_07_25","Lake Erie","18_07_25","2018","07","25","Mae3_3","07/25","2018 Lake Erie","No change","LE19-10 (Mae3_3)"
"LE19-12",-2.5554130501447e-18,0.00848597483020087,-6.68618424976396e-17,1,1,-5.72835126847462,"Not Significant","logqc_LE_18_07_25","Lake Erie","18_07_25","2018","07","25","Mfl_ae1","07/25","2018 Lake Erie","No change","LE19-12 (Mfl_ae1)"
"LE19-131",1.28212179009473e-16,0.0903619212896802,6.28761883399365e-16,1,1,-5.72835126847462,"Not Significant","logqc_LE_18_07_25","Lake Erie","18_07_25","2018","07","25","Mae1","07/25","2018 Lake Erie","No change","LE19-131 (Mae1)"
"LE19-196",-1.6672517550943e-20,0.0169609752758347,-4.1369407980273e-19,1,1,-5.72835126847462,"Not Significant","logqc_LE_18_07_25","Lake Erie","18_07_25","2018","07","25","Mae5","07/25","2018 Lake Erie","No change","LE19-196 (Mae5)"
"LE19-388",0,0.00205546863257623,0,1,1,-5.72835126847462,"Not Significant","logqc_LE_18_07_25","Lake Erie","18_07_25","2018","07","25","Mfl_ae3","07/25","2018 Lake Erie","No change","LE19-388 (Mfl_ae3)"
"LE19-4",3.73895620786199e-19,0.00652576662414928,1.21001507166938e-17,1,1,-5.72835126847462,"Not Significant","logqc_LE_18_07_25","Lake Erie","18_07_25","2018","07","25","Mae5","07/25","2018 Lake Erie","No change","LE19-4 (Mae5)"
"LE19-98",-7.17652603000329e-20,0.000253070833139477,-4.17137719418474e-17,1,1,-5.72835126847462,"Not Significant","logqc_LE_18_07_25","Lake Erie","18_07_25","2018","07","25","Mfl_ae1","07/25","2018 Lake Erie","No change","LE19-98 (Mfl_ae1)"
"Mf_WU_F_19750830_S460",-0.204636199212737,0.0199662542891306,-4.20615887746904,9.85527664015926e-05,0.0179366034850899,1.24144999670497,"Decreased","logqc_LE_18_08_15","Lake Erie","18_08_15","2018","08","15","Mfl_ae3","08/15","2018 Lake Erie","2018 Lake Erie","Mf_WU_F_19750830_S460 (Mfl_ae3)"
"Mp_MB_F_20051200_S9",-0.0969449010640843,0.0129444695602966,-2.42509415091315,0.0186809367226629,1,-3.28378214582554,"Not Significant","logqc_LE_18_08_15","Lake Erie","18_08_15","2018","08","15","Mpa","08/15","2018 Lake Erie","No change","Mp_MB_F_20051200_S9 (Mpa)"
"Mf_QC_C_20070823_S10D",-0.050911230677791,0.00757522624448734,-2.31528035742149,0.024428417673392,1,-3.50500766249001,"Not Significant","logqc_LE_18_08_15","Lake Erie","18_08_15","2018","08","15","Mfl_ae1","08/15","2018 Lake Erie","No change","Mf_QC_C_20070823_S10D (Mfl_ae1)"
"PCC_9808",-0.0509112306777909,0.00937374958881915,-1.71786742443591,0.0915541743212988,1,-4.55696842335726,"Not Significant","logqc_LE_18_08_15","Lake Erie","18_08_15","2018","08","15","Mae1","08/15","2018 Lake Erie","No change","PCC_9808 (Mae1)"
"Ma_MB_S_20031200_S102",-0.196190497391112,0.0997020858566253,-1.68736621985304,0.0973052651880388,1,-4.60338701724059,"Not Significant","logqc_LE_18_08_15","Lake Erie","18_08_15","2018","08","15","Mae6","08/15","2018 Lake Erie","No change","Ma_MB_S_20031200_S102 (Mae6)"
"W13-13",0.0344972182952307,0.00963758644345188,1.66333266813815,0.10204318219009,1,-4.63943982278382,"Not Significant","logqc_LE_18_08_15","Lake Erie","18_08_15","2018","08","15","Mae2_(HL/LG)","08/15","2018 Lake Erie","No change","W13-13 (Mae2_(HL/LG))"
"NIES-298",0.0305401026276865,0.00396058292170508,1.65273318666316,0.104191906920282,1,-4.65519304246023,"Not Significant","logqc_LE_18_08_15","Lake Erie","18_08_15","2018","08","15","Mae1","08/15","2018 Lake Erie","No change","NIES-298 (Mae1)"
"LG13-11",-0.487697530349441,0.494245808471573,-1.59866676730489,0.115733628577158,1,-4.73413882627302,"Not Significant","logqc_LE_18_08_15","Lake Erie","18_08_15","2018","08","15","Mvi","08/15","2018 Lake Erie","No change","LG13-11 (Mvi)"
"G11-04",0.0319453292679265,0.0104425127262745,1.57510513781925,0.121076788457905,1,-4.76780129106199,"Not Significant","logqc_LE_18_08_15","Lake Erie","18_08_15","2018","08","15","Mae2_(HL/LG)","08/15","2018 Lake Erie","No change","G11-04 (Mae2_(HL/LG))"
"Ma_QC_C_20070823_S18",-0.134900495024807,0.0667747573911391,-1.56415993174335,0.123625487613233,1,-4.7832847471314,"Not Significant","logqc_LE_18_08_15","Lake Erie","18_08_15","2018","08","15","Mfl_ae1","08/15","2018 Lake Erie","No change","Ma_QC_C_20070823_S18 (Mfl_ae1)"
"NIES-2522",0.0302259809386037,0.00907699685756601,1.49978875073462,0.139496850888309,1,-4.87235815894451,"Not Significant","logqc_LE_18_08_15","Lake Erie","18_08_15","2018","08","15","Mfl_ae2","08/15","2018 Lake Erie","No change","NIES-2522 (Mfl_ae2)"
"LL11-07",0.0305401026276865,0.0120445568874154,1.29958995517281,0.199265587334175,1,-5.12730581205815,"Not Significant","logqc_LE_18_08_15","Lake Erie","18_08_15","2018","08","15","Mae2_(HL/LG)","08/15","2018 Lake Erie","No change","LL11-07 (Mae2_(HL/LG))"
"NIES-2521",0.262962354546988,0.28888964313418,1.28883559727869,0.202952719436128,1,-5.14004093620052,"Not Significant","logqc_LE_18_08_15","Lake Erie","18_08_15","2018","08","15","Mfl_ae4","08/15","2018 Lake Erie","No change","NIES-2521 (Mfl_ae4)"
"LE19-10",-0.0969449010640843,0.035897013020471,-1.23822800763125,0.220990918708577,1,-5.19863694408637,"Not Significant","logqc_LE_18_08_15","Lake Erie","18_08_15","2018","08","15","Mae3_3","08/15","2018 Lake Erie","No change","LE19-10 (Mae3_3)"
"M_QC_C_20170808_M9Col",-0.245126306688705,0.257986840954712,-1.20333717975715,0.23409803124735,1,-5.23774899121365,"Not Significant","logqc_LE_18_08_15","Lake Erie","18_08_15","2018","08","15","Mae3_1","08/15","2018 Lake Erie","No change","M_QC_C_20170808_M9Col (Mae3_1)"
"PCC_9807",-0.146076177630435,0.0953927111816176,-1.17835306267583,0.243825557976978,1,-5.26510727006171,"Not Significant","logqc_LE_18_08_15","Lake Erie","18_08_15","2018","08","15","Mae4","08/15","2018 Lake Erie","No change","PCC_9807 (Mae4)"
"Ma_SC_T_19800800_S464",0.332932479988875,0.403603032421017,1.14352507007725,0.257867819519563,1,-5.30233773937813,"Not Significant","logqc_LE_18_08_15","Lake Erie","18_08_15","2018","08","15","Mwe","08/15","2018 Lake Erie","No change","Ma_SC_T_19800800_S464 (Mwe)"
"Sj",0.254349572717642,0.167634640982776,1.12443160153072,0.265806450163319,1,-5.32229834204475,"Not Significant","logqc_LE_18_08_15","Lake Erie","18_08_15","2018","08","15","Unclassified","08/15","2018 Lake Erie","No change","Sj (Unclassified)"
"LE19-281",0.0325337004197011,0.0185045581236523,1.096604644938,0.277683500193836,1,-5.35081633763046,"Not Significant","logqc_LE_18_08_15","Lake Erie","18_08_15","2018","08","15","Mae3_3","08/15","2018 Lake Erie","No change","LE19-281 (Mae3_3)"
"W13-16",0.0561356146608649,0.0277228925437981,1.09623299455949,0.277844603261406,1,-5.35119261065823,"Not Significant","logqc_LE_18_08_15","Lake Erie","18_08_15","2018","08","15","Mae2_(HL/LG)","08/15","2018 Lake Erie","No change","W13-16 (Mae2_(HL/LG))"
"Mn_MB_F_20050700_S1D",-0.190434992444525,0.225709300796186,-1.05945096696109,0.294113257344389,1,-5.38782973300602,"Not Significant","logqc_LE_18_08_15","Lake Erie","18_08_15","2018","08","15","Mn","08/15","2018 Lake Erie","No change","Mn_MB_F_20050700_S1D (Mn)"
"K13-07",-0.208646362135409,0.103993129310759,-1.01379772366963,0.315203007336454,1,-5.43163834081245,"Not Significant","logqc_LE_18_08_15","Lake Erie","18_08_15","2018","08","15","Mae2_(LL/LG)","08/15","2018 Lake Erie","No change","K13-07 (Mae2_(LL/LG))"
"Mw_QC_S_20081001_S30D",-0.0720326831807435,0.0393285602473755,-0.987329813088076,0.327887025040316,1,-5.45618859800574,"Not Significant","logqc_LE_18_08_15","Lake Erie","18_08_15","2018","08","15","Mwe","08/15","2018 Lake Erie","No change","Mw_QC_S_20081001_S30D (Mwe)"
"M_QC_C_20170808_M2Col",0.114249213998652,0.118615750646058,0.971035857911216,0.335862529024379,1,-5.47099132662683,"Not Significant","logqc_LE_18_08_15","Lake Erie","18_08_15","2018","08","15","Mae3_1","08/15","2018 Lake Erie","No change","M_QC_C_20170808_M2Col (Mae3_1)"
"LE19-195",0.51610016550954,1.59120313463519,0.949435657454122,0.346631571304291,1,-5.49024876560405,"Not Significant","logqc_LE_18_08_15","Lake Erie","18_08_15","2018","08","15","Mae3_1","08/15","2018 Lake Erie","No change","LE19-195 (Mae3_1)"
"G13-07",0.135508947278439,0.240259247661432,0.944867411447812,0.348937773206608,1,-5.49426801208226,"Not Significant","logqc_LE_18_08_15","Lake Erie","18_08_15","2018","08","15","Mae2_(HL/LG)","08/15","2018 Lake Erie","No change","G13-07 (Mae2_(HL/LG))"
"T1-4",-0.320581821532594,0.676099264574117,-0.927248690170807,0.357925867545952,1,-5.50959404308773,"Not Significant","logqc_LE_18_08_15","Lake Erie","18_08_15","2018","08","15","Mfl_ae2","08/15","2018 Lake Erie","No change","T1-4 (Mfl_ae2)"
"Mv_BB_P_19951000_S69D",0.0305401026276865,0.013868195965796,0.867016856292578,0.389771454376425,1,-5.55987864162581,"Not Significant","logqc_LE_18_08_15","Lake Erie","18_08_15","2018","08","15","Mvi","08/15","2018 Lake Erie","No change","Mv_BB_P_19951000_S69D (Mvi)"
"LSC13-02",0.48344976496377,1.50391835237686,0.854427777671431,0.396645038099938,1,-5.56997491517841,"Not Significant","logqc_LE_18_08_15","Lake Erie","18_08_15","2018","08","15","Mae2_(LL/LG)","08/15","2018 Lake Erie","No change","LSC13-02 (Mae2_(LL/LG))"
"KW",-0.14476558426915,0.228886029414017,-0.826296377141169,0.412274221686693,1,-5.59201714723982,"Not Significant","logqc_LE_18_08_15","Lake Erie","18_08_15","2018","08","15","Mae3_1","08/15","2018 Lake Erie","No change","KW (Mae3_1)"
"LE19-84",-0.324895763711691,1.48578914474714,-0.815727628230165,0.418241716911281,1,-5.60011269521199,"Not Significant","logqc_LE_18_08_15","Lake Erie","18_08_15","2018","08","15","Mae4","08/15","2018 Lake Erie","No change","LE19-84 (Mae4)"
"LE19-196",0.0319453292679265,0.0169609752758347,0.792657350943534,0.43144832886318,1,-5.61743151069971,"Not Significant","logqc_LE_18_08_15","Lake Erie","18_08_15","2018","08","15","Mae5","08/15","2018 Lake Erie","No change","LE19-196 (Mae5)"
"K13-10",-0.372242078049009,1.90090039066495,-0.769281990304416,0.445079855218417,1,-5.63448494565236,"Not Significant","logqc_LE_18_08_15","Lake Erie","18_08_15","2018","08","15","Mae3_3","08/15","2018 Lake Erie","No change","K13-10 (Mae3_3)"
"CHAOHU_1326",-0.0992455963270273,0.0362841489748562,-0.737130863612166,0.464235516591663,1,-5.65712576790652,"Not Significant","logqc_LE_18_08_15","Lake Erie","18_08_15","2018","08","15","Mae4","08/15","2018 Lake Erie","No change","CHAOHU_1326 (Mae4)"
"BS11-05",0.293251449540012,1.11655886680262,0.726791667583579,0.470494480837133,1,-5.66420568776944,"Not Significant","logqc_LE_18_08_15","Lake Erie","18_08_15","2018","08","15","Mae2_(HL/LG)","08/15","2018 Lake Erie","No change","BS11-05 (Mae2_(HL/LG))"
"LE19-13",-0.0969449010640843,0.0801902782450253,-0.708567593136239,0.48164240607007,1,-5.67644638165133,"Not Significant","logqc_LE_18_08_15","Lake Erie","18_08_15","2018","08","15","Mfl_ae1","08/15","2018 Lake Erie","No change","LE19-13 (Mfl_ae1)"
"SPC777",0.233755462660816,0.738352326476179,0.646563475430937,0.520654870724808,1,-5.7158080044626,"Not Significant","logqc_LE_18_08_15","Lake Erie","18_08_15","2018","08","15","Mae1","08/15","2018 Lake Erie","No change","SPC777 (Mae1)"
"FD4",-0.293191610864703,1.73455209737951,-0.644640078862404,0.521891293297634,1,-5.71697241153705,"Not Significant","logqc_LE_18_08_15","Lake Erie","18_08_15","2018","08","15","Mvi","08/15","2018 Lake Erie","No change","FD4 (Mvi)"
"G13-05",0.0302259809386037,0.0306149934736053,0.624260301701931,0.5350868132291,1,-5.72910042336459,"Not Significant","logqc_LE_18_08_15","Lake Erie","18_08_15","2018","08","15","Mae2_(HL/LG)","08/15","2018 Lake Erie","No change","G13-05 (Mae2_(HL/LG))"
"FCY-27",-0.123819902574283,0.0672416368619685,-0.600660637870595,0.550580403064191,1,-5.7426651521628,"Not Significant","logqc_LE_18_08_15","Lake Erie","18_08_15","2018","08","15","Unclassified","08/15","2018 Lake Erie","No change","FCY-27 (Unclassified)"
"LE19-114",-0.296600163474642,0.564634074616638,-0.586394494470045,0.560055263407927,1,-5.75061522574561,"Not Significant","logqc_LE_18_08_15","Lake Erie","18_08_15","2018","08","15","Mae5","08/15","2018 Lake Erie","No change","LE19-114 (Mae5)"
"Mw_MB_S_20031200_S109D",0.0360397798801017,0.0326903523882331,0.574493226947196,0.568021179548979,1,-5.75710319706698,"Not Significant","logqc_LE_18_08_15","Lake Erie","18_08_15","2018","08","15","Mwe","08/15","2018 Lake Erie","No change","Mw_MB_S_20031200_S109D (Mwe)"
"Mp_MB_F_20080800_S26D",0.115131067836685,0.310031748566602,0.568535221243754,0.572029900865057,1,-5.76030188500776,"Not Significant","logqc_LE_18_08_15","Lake Erie","18_08_15","2018","08","15","Mpa","08/15","2018 Lake Erie","No change","Mp_MB_F_20080800_S26D (Mpa)"
"PCC_9809",-0.145646892109376,0.268086319503821,-0.563710975654943,0.575285889592569,1,-5.76286776785239,"Not Significant","logqc_LE_18_08_15","Lake Erie","18_08_15","2018","08","15","Mae3_1","08/15","2018 Lake Erie","No change","PCC_9809 (Mae3_1)"
"LG13-12",0.453829919918209,1.67744404555595,0.561743148091374,0.576616600350523,1,-5.76390820129277,"Not Significant","logqc_LE_18_08_15","Lake Erie","18_08_15","2018","08","15","Mae10","08/15","2018 Lake Erie","No change","LG13-12 (Mae10)"
"K13-06",-0.0382500192505569,0.0866228644935585,-0.534202289025491,0.595395429449148,1,-5.77809240159616,"Not Significant","logqc_LE_18_08_15","Lake Erie","18_08_15","2018","08","15","Mae3_2","08/15","2018 Lake Erie","No change","K13-06 (Mae3_2)"
"LE13-04",0.0681879767735013,0.0605714405924541,0.492916988627213,0.62407092289053,1,-5.79803428940299,"Not Significant","logqc_LE_18_08_15","Lake Erie","18_08_15","2018","08","15","Mae2_(HL/LG)","08/15","2018 Lake Erie","No change","LE13-04 (Mae2_(HL/LG))"
"Ma_QC_C_20070703_M131",-0.0509112306777909,0.0650762610075088,-0.480848085181945,0.632568192599936,1,-5.80356402604459,"Not Significant","logqc_LE_18_08_15","Lake Erie","18_08_15","2018","08","15","Mae9","08/15","2018 Lake Erie","No change","Ma_QC_C_20070703_M131 (Mae9)"
"NIES-3804",-0.0568538896984566,0.0375041297968267,-0.465859942642899,0.643190507602307,1,-5.81024220013785,"Not Significant","logqc_LE_18_08_15","Lake Erie","18_08_15","2018","08","15","Mfl_ae3","08/15","2018 Lake Erie","No change","NIES-3804 (Mfl_ae3)"
"NIES-87",0.121948949394697,0.746447175377667,0.452767843454441,0.652530916899764,1,-5.81590401089918,"Not Significant","logqc_LE_18_08_15","Lake Erie","18_08_15","2018","08","15","Mfl_ae6","08/15","2018 Lake Erie","No change","NIES-87 (Mfl_ae6)"
"NIES-843",-0.134899649529314,0.41419869861001,-0.444716043144734,0.658303447835173,1,-5.81930659498491,"Not Significant","logqc_LE_18_08_15","Lake Erie","18_08_15","2018","08","15","Mae3_1","08/15","2018 Lake Erie","No change","NIES-843 (Mae3_1)"
"NIES-44",-0.176445914777131,1.07510902301778,-0.431235129700287,0.668015134454178,1,-5.82486781700955,"Not Significant","logqc_LE_18_08_15","Lake Erie","18_08_15","2018","08","15","Mae8","08/15","2018 Lake Erie","No change","NIES-44 (Mae8)"
"NIES-4325",0.141409947321342,0.515605768568284,0.41698603424032,0.678342672917665,1,-5.83056119639054,"Not Significant","logqc_LE_18_08_15","Lake Erie","18_08_15","2018","08","15","Mae10","08/15","2018 Lake Erie","No change","NIES-4325 (Mae10)"
"DF17",-0.18920474452576,0.597718933770284,-0.416576489372757,0.678640437264831,1,-5.83072202629999,"Not Significant","logqc_LE_18_08_15","Lake Erie","18_08_15","2018","08","15","Mae3_1","08/15","2018 Lake Erie","No change","DF17 (Mae3_1)"
"Mf_QC_C_20070823_S10",-0.275455892984256,1.65735306210632,-0.415618968261739,0.679336815300244,1,-5.83109743621726,"Not Significant","logqc_LE_18_08_15","Lake Erie","18_08_15","2018","08","15","Mfl_ae1","08/15","2018 Lake Erie","No change","Mf_QC_C_20070823_S10 (Mfl_ae1)"
"G13-11",-0.0523859845921121,0.144613938089757,-0.390695221973593,0.69756057971757,1,-5.84056720785561,"Not Significant","logqc_LE_18_08_15","Lake Erie","18_08_15","2018","08","15","Mae2_(HL/LG)","08/15","2018 Lake Erie","No change","G13-11 (Mae2_(HL/LG))"
"LE17-10A",-0.187790652277479,1.13435182819568,-0.38520129952294,0.701602331859463,1,-5.84257636063485,"Not Significant","logqc_LE_18_08_15","Lake Erie","18_08_15","2018","08","15","Mae5","08/15","2018 Lake Erie","No change","LE17-10A (Mae5)"
"BS13-02",0.054730388020625,0.137650099733605,0.377818290199362,0.70704752012062,1,-5.8452318116992,"Not Significant","logqc_LE_18_08_15","Lake Erie","18_08_15","2018","08","15","Mae6","08/15","2018 Lake Erie","No change","BS13-02 (Mae6)"
"Ma_QC_Ca_00000000_S207",0.115944152849357,0.583676704350923,0.377617244243334,0.707196014744315,1,-5.84530340738167,"Not Significant","logqc_LE_18_08_15","Lake Erie","18_08_15","2018","08","15","Mae2_(LL/LG)","08/15","2018 Lake Erie","No change","Ma_QC_Ca_00000000_S207 (Mae2_(LL/LG))"
"W13-15",0.0241902853929385,0.0310915074799987,0.375577306671585,0.708703380496695,1,-5.84602771889872,"Not Significant","logqc_LE_18_08_15","Lake Erie","18_08_15","2018","08","15","Mae2_(HL/LG)","08/15","2018 Lake Erie","No change","W13-15 (Mae2_(HL/LG))"
"G13-10",-0.245758585094707,1.91344585883941,-0.366519711947477,0.715410384832083,1,-5.84919663280817,"Not Significant","logqc_LE_18_08_15","Lake Erie","18_08_15","2018","08","15","Mae2_(HL/LG)","08/15","2018 Lake Erie","No change","G13-10 (Mae2_(HL/LG))"
"LE19-41",0.0319453292679265,0.0886701153905635,0.357848768856922,0.721852316011452,1,-5.85215818021522,"Not Significant","logqc_LE_18_08_15","Lake Erie","18_08_15","2018","08","15","Mae3_3","08/15","2018 Lake Erie","No change","LE19-41 (Mae3_3)"
"Mw_MB_S_20031200_S109",0.0586948818135273,0.157347921766283,0.355080568234497,0.723913208324004,1,-5.85308880019348,"Not Significant","logqc_LE_18_08_15","Lake Erie","18_08_15","2018","08","15","Mwe","08/15","2018 Lake Erie","No change","Mw_MB_S_20031200_S109 (Mwe)"
"LE19-338",0.146594122207873,0.859899611526082,0.348144226936365,0.729086246434808,1,-5.85538908935507,"Not Significant","logqc_LE_18_08_15","Lake Erie","18_08_15","2018","08","15","Mfl_ae3","08/15","2018 Lake Erie","No change","LE19-338 (Mfl_ae3)"
"NIES-2549",0.0612900023663044,0.0785609694088359,0.341580682586802,0.733992965056917,1,-5.85752416176763,"Not Significant","logqc_LE_18_08_15","Lake Erie","18_08_15","2018","08","15","Mfl_ae4","08/15","2018 Lake Erie","No change","NIES-2549 (Mfl_ae4)"
"KLA2",-0.0969449010640843,0.368715473471586,-0.321795502111469,0.748850755330103,1,-5.8637153518302,"Not Significant","logqc_LE_18_08_15","Lake Erie","18_08_15","2018","08","15","Mae1","08/15","2018 Lake Erie","No change","KLA2 (Mae1)"
"LG13-13",0.174467444363572,1.00860655239236,0.320048890466073,0.750167094322691,1,-5.8642442373335,"Not Significant","logqc_LE_18_08_15","Lake Erie","18_08_15","2018","08","15","Mae10","08/15","2018 Lake Erie","No change","LG13-13 (Mae10)"
"SX13-01",0.0468596117349152,0.101462483160348,0.31916961095741,0.750830049295065,1,-5.86450940410085,"Not Significant","logqc_LE_18_08_15","Lake Erie","18_08_15","2018","08","15","Mae2_(HL/LG)","08/15","2018 Lake Erie","No change","SX13-01 (Mae2_(HL/LG))"
"TF09",-0.0969449010640843,0.375654853281397,-0.316135804828464,0.753118913411747,1,-5.86541873909285,"Not Significant","logqc_LE_18_08_15","Lake Erie","18_08_15","2018","08","15","Mae1","08/15","2018 Lake Erie","No change","TF09 (Mae1)"
"EAWAG127a",-0.107009104537667,0.222501133930924,-0.305689942368816,0.761016785582067,1,-5.86848354364917,"Not Significant","logqc_LE_18_08_15","Lake Erie","18_08_15","2018","08","15","Mae6","08/15","2018 Lake Erie","No change","EAWAG127a (Mae6)"
"PCC_7941",0.0302259809386037,0.047432122570435,0.292442894903531,0.771069404471874,1,-5.87222265670516,"Not Significant","logqc_LE_18_08_15","Lake Erie","18_08_15","2018","08","15","Mae1","08/15","2018 Lake Erie","No change","PCC_7941 (Mae1)"
"Mv_BB_P_19951000_S69",0.0461125060580154,0.1576481250027,0.273684647719559,0.78537172441478,1,-5.87723497037954,"Not Significant","logqc_LE_18_08_15","Lake Erie","18_08_15","2018","08","15","Mvi","08/15","2018 Lake Erie","No change","Mv_BB_P_19951000_S69 (Mvi)"
"NIES-102",-0.0509112306777909,0.108348188815705,-0.268629979097128,0.78923868556159,1,-5.8785289673104,"Not Significant","logqc_LE_18_08_15","Lake Erie","18_08_15","2018","08","15","Mae3_1","08/15","2018 Lake Erie","No change","NIES-102 (Mae3_1)"
"TA09",-0.0608316864137379,0.259888765804974,-0.25315842428536,0.801107669599372,1,-5.88234018888532,"Not Significant","logqc_LE_18_08_15","Lake Erie","18_08_15","2018","08","15","Mae10","08/15","2018 Lake Erie","No change","TA09 (Mae10)"
"M_OC_Ca_00000000_C217Col",-0.0409184194645815,0.111285924783708,-0.249467412632119,0.803946326855533,1,-5.88321611767979,"Not Significant","logqc_LE_18_08_15","Lake Erie","18_08_15","2018","08","15","Mae4","08/15","2018 Lake Erie","No change","M_OC_Ca_00000000_C217Col (Mae4)"
"LE19-55",0.0473183563436646,0.232007677225329,0.225761113659628,0.822240024060434,1,-5.88853599185381,"Not Significant","logqc_LE_18_08_15","Lake Erie","18_08_15","2018","08","15","Mfl_ae1","08/15","2018 Lake Erie","No change","LE19-55 (Mfl_ae1)"
"Mp_GB_SS_20050300_S99D",0.0305401026276865,0.0713286176546508,0.220146639634217,0.82658760713238,1,-5.8897183485692,"Not Significant","logqc_LE_18_08_15","Lake Erie","18_08_15","2018","08","15","Mpa","08/15","2018 Lake Erie","No change","Mp_GB_SS_20050300_S99D (Mpa)"
"BS13-10",-0.133936285213625,3.71435705831315,-0.198008528497848,0.843782365916764,1,-5.8940907812144,"Not Significant","logqc_LE_18_08_15","Lake Erie","18_08_15","2018","08","15","Mae2_(HL/LG)","08/15","2018 Lake Erie","No change","BS13-10 (Mae2_(HL/LG))"
"S11-01",-0.0454258910966107,0.197274366514199,-0.189989198161943,0.850030413623243,1,-5.89556060637691,"Not Significant","logqc_LE_18_08_15","Lake Erie","18_08_15","2018","08","15","Mae2_(LL/LG)","08/15","2018 Lake Erie","No change","S11-01 (Mae2_(LL/LG))"
"Ma_QC_Ch_20071001_S25D",0.058113599337787,0.372566968085964,0.183339393036888,0.855218803451847,1,-5.89673340290244,"Not Significant","logqc_LE_18_08_15","Lake Erie","18_08_15","2018","08","15","Mae2_(LL/LG)","08/15","2018 Lake Erie","No change","Ma_QC_Ch_20071001_S25D (Mae2_(LL/LG))"
"BK11-02",0.0702027157204398,1.09855776593583,0.176567860937821,0.86050878781709,1,-5.89788478969844,"Not Significant","logqc_LE_18_08_15","Lake Erie","18_08_15","2018","08","15","Mae2_(LL/LG)","08/15","2018 Lake Erie","No change","BK11-02 (Mae2_(LL/LG))"
"NIES-2520",-0.0925330716539432,2.11390555809893,-0.171523880780983,0.864453392210613,1,-5.89871431352208,"Not Significant","logqc_LE_18_08_15","Lake Erie","18_08_15","2018","08","15","Mae3_2","08/15","2018 Lake Erie","No change","NIES-2520 (Mae3_2)"
"Mn_MB_F_20050700_S1",-0.0379555939607229,0.149138906345602,-0.171363187744941,0.86457911856838,1,-5.89874034613384,"Not Significant","logqc_LE_18_08_15","Lake Erie","18_08_15","2018","08","15","Mn","08/15","2018 Lake Erie","No change","Mn_MB_F_20050700_S1 (Mn)"
"L211-101",0.0653253136775698,1.6167805291691,0.161565488318977,0.872251383648305,1,-5.9002815468113,"Not Significant","logqc_LE_18_08_15","Lake Erie","18_08_15","2018","08","15","Mae3_1","08/15","2018 Lake Erie","No change","L211-101 (Mae3_1)"
"Mv_BB_P_19951000_S68D",0.0302259809386037,0.058572760991269,0.151499317178451,0.88014676051357,1,-5.90177059953556,"Not Significant","logqc_LE_18_08_15","Lake Erie","18_08_15","2018","08","15","Mvi","08/15","2018 Lake Erie","No change","Mv_BB_P_19951000_S68D (Mvi)"
"Ma_MB_F_20061100_S20D",0.0302259809386037,0.0680865720923015,0.136380008516643,0.892028354170799,1,-5.90382737211706,"Not Significant","logqc_LE_18_08_15","Lake Erie","18_08_15","2018","08","15","Mae5","08/15","2018 Lake Erie","No change","Ma_MB_F_20061100_S20D (Mae5)"
"Mw_QC_S_20081001_S30",0.0432783721283623,0.483802100567593,0.134534278456918,0.893480596156382,1,-5.90406367274512,"Not Significant","logqc_LE_18_08_15","Lake Erie","18_08_15","2018","08","15","Mwe","08/15","2018 Lake Erie","No change","Mw_QC_S_20081001_S30 (Mwe)"
"LE18-22",-0.07738687776245,2.37538675014286,-0.126408257891966,0.899878544632696,1,-5.90506574462484,"Not Significant","logqc_LE_18_08_15","Lake Erie","18_08_15","2018","08","15","Mae3_1","08/15","2018 Lake Erie","No change","LE18-22 (Mae3_1)"
"LE19-8",0.0478968816061607,0.640050823369167,0.106232987927547,0.91579140112759,1,-5.90728399990558,"Not Significant","logqc_LE_18_08_15","Lake Erie","18_08_15","2018","08","15","Mae8","08/15","2018 Lake Erie","No change","LE19-8 (Mae8)"
"LE19-251",0.0264302464190838,2.14433901987754,0.0767888204599203,0.939075520010985,1,-5.90983112952129,"Not Significant","logqc_LE_18_08_15","Lake Erie","18_08_15","2018","08","15","Mae3_3","08/15","2018 Lake Erie","No change","LE19-251 (Mae3_3)"
"11-30S32",0.0161038455695384,0.534806423440277,0.0449675105282456,0.964299183270102,1,-5.91166259387887,"Not Significant","logqc_LE_18_08_15","Lake Erie","18_08_15","2018","08","15","Mae3_1","08/15","2018 Lake Erie","No change","11-30S32 (Mae3_1)"
"Ma_QC_B_20070730_S2",-0.00861969720493744,0.435470995302504,-0.0199926934915283,0.984122935827994,1,-5.91242953542176,"Not Significant","logqc_LE_18_08_15","Lake Erie","18_08_15","2018","08","15","Mae1","08/15","2018 Lake Erie","No change","Ma_QC_B_20070730_S2 (Mae1)"
"F13-15",-0.00380497351313713,1.40698658172397,-0.00889986852629051,0.992931844248321,1,-5.91258104816436,"Not Significant","logqc_LE_18_08_15","Lake Erie","18_08_15","2018","08","15","Mae4","08/15","2018 Lake Erie","No change","F13-15 (Mae4)"
"PCC_9443",0.00225450140352382,0.395547888570149,0.00772959108053851,0.99386124255874,1,-5.91259024819732,"Not Significant","logqc_LE_18_08_15","Lake Erie","18_08_15","2018","08","15","Mae4","08/15","2018 Lake Erie","No change","PCC_9443 (Mae4)"
"0824",0,0.0337903604092532,0,1,1,-5.91261849282087,"Not Significant","logqc_LE_18_08_15","Lake Erie","18_08_15","2018","08","15","Mfl_ae5","08/15","2018 Lake Erie","No change","0824 (Mfl_ae5)"
"MC19",0,0.000214372615189159,0,1,1,-5.91261849282087,"Not Significant","logqc_LE_18_08_15","Lake Erie","18_08_15","2018","08","15","Mfl_ae2","08/15","2018 Lake Erie","No change","MC19 (Mfl_ae2)"
"M_OC_Ca_00000000_S217Cul",0,0,0,1,1,-5.91261849282087,"Not Significant","logqc_LE_18_08_15","Lake Erie","18_08_15","2018","08","15","Mae4","08/15","2018 Lake Erie","No change","M_OC_Ca_00000000_S217Cul (Mae4)"
"M_QC_C_20170808_M3Col",0,0.198066234462503,0,1,1,-5.91261849282087,"Not Significant","logqc_LE_18_08_15","Lake Erie","18_08_15","2018","08","15","Mae2_(LL/LG)","08/15","2018 Lake Erie","No change","M_QC_C_20170808_M3Col (Mae2_(LL/LG))"
"Msp_OC_L_20101000_S702",0,0.00613463632603834,0,1,1,-5.91261849282087,"Not Significant","logqc_LE_18_08_15","Lake Erie","18_08_15","2018","08","15","Mae1","08/15","2018 Lake Erie","No change","Msp_OC_L_20101000_S702 (Mae1)"
"CACIAM_03",0,0,0,1,1,-5.91261849282087,"Not Significant","logqc_LE_18_08_15","Lake Erie","18_08_15","2018","08","15","Mae1","08/15","2018 Lake Erie","No change","CACIAM_03 (Mae1)"
"DA14",0,0.00571196148917547,0,1,1,-5.91261849282087,"Not Significant","logqc_LE_18_08_15","Lake Erie","18_08_15","2018","08","15","Mae1","08/15","2018 Lake Erie","No change","DA14 (Mae1)"
"DIANCHI905",0,0.0136551134488945,0,1,1,-5.91261849282087,"Not Significant","logqc_LE_18_08_15","Lake Erie","18_08_15","2018","08","15","Mae1","08/15","2018 Lake Erie","No change","DIANCHI905 (Mae1)"
"FACHB-524",0,0.0547789840713263,0,1,1,-5.91261849282087,"Not Significant","logqc_LE_18_08_15","Lake Erie","18_08_15","2018","08","15","Mae1","08/15","2018 Lake Erie","No change","FACHB-524 (Mae1)"
"FCY-26",0,0.0140327118228079,0,1,1,-5.91261849282087,"Not Significant","logqc_LE_18_08_15","Lake Erie","18_08_15","2018","08","15","Mae1","08/15","2018 Lake Erie","No change","FCY-26 (Mae1)"
"FCY-27",0,0,0,1,1,-5.91261849282087,"Not Significant","logqc_LE_18_08_15","Lake Erie","18_08_15","2018","08","15","Unclassified","08/15","2018 Lake Erie","No change","FCY-27 (Unclassified)"
"FCY-27",0,0,0,1,1,-5.91261849282087,"Not Significant","logqc_LE_18_08_15","Lake Erie","18_08_15","2018","08","15","Unclassified","08/15","2018 Lake Erie","No change","FCY-27 (Unclassified)"
"FCY-28",0,0.128940385549611,0,1,1,-5.91261849282087,"Not Significant","logqc_LE_18_08_15","Lake Erie","18_08_15","2018","08","15","Mae1","08/15","2018 Lake Erie","No change","FCY-28 (Mae1)"
"G11-01",0,0.000188710934714087,0,1,1,-5.91261849282087,"Not Significant","logqc_LE_18_08_15","Lake Erie","18_08_15","2018","08","15","Mae2_(HL/LG)","08/15","2018 Lake Erie","No change","G11-01 (Mae2_(HL/LG))"
"G11-06",0,0.0125333798659142,0,1,1,-5.91261849282087,"Not Significant","logqc_LE_18_08_15","Lake Erie","18_08_15","2018","08","15","Mae2_(HL/LG)","08/15","2018 Lake Erie","No change","G11-06 (Mae2_(HL/LG))"
"G11-09",0,0.0504221903893531,0,1,1,-5.91261849282087,"Not Significant","logqc_LE_18_08_15","Lake Erie","18_08_15","2018","08","15","Mae2_(HL/LG)","08/15","2018 Lake Erie","No change","G11-09 (Mae2_(HL/LG))"
"G13-01",0,0.00494134073905403,0,1,1,-5.91261849282087,"Not Significant","logqc_LE_18_08_15","Lake Erie","18_08_15","2018","08","15","Mae2_(HL/LG)","08/15","2018 Lake Erie","No change","G13-01 (Mae2_(HL/LG))"
"G13-03",0,0,0,1,1,-5.91261849282087,"Not Significant","logqc_LE_18_08_15","Lake Erie","18_08_15","2018","08","15","Mae2_(HL/LG)","08/15","2018 Lake Erie","No change","G13-03 (Mae2_(HL/LG))"
"G13-09",0,0.0147038367069868,0,1,1,-5.91261849282087,"Not Significant","logqc_LE_18_08_15","Lake Erie","18_08_15","2018","08","15","Mae2_(HL/LG)","08/15","2018 Lake Erie","No change","G13-09 (Mae2_(HL/LG))"
"G13-12",0,0.0160517041433756,0,1,1,-5.91261849282087,"Not Significant","logqc_LE_18_08_15","Lake Erie","18_08_15","2018","08","15","Mae2_(HL/LG)","08/15","2018 Lake Erie","No change","G13-12 (Mae2_(HL/LG))"
"K13-05",0,0.0483281679742078,0,1,1,-5.91261849282087,"Not Significant","logqc_LE_18_08_15","Lake Erie","18_08_15","2018","08","15","Mae3_3","08/15","2018 Lake Erie","No change","K13-05 (Mae3_3)"
"L111-01",0,0.00187237805834669,0,1,1,-5.91261849282087,"Not Significant","logqc_LE_18_08_15","Lake Erie","18_08_15","2018","08","15","Mae2_(HL/LG)","08/15","2018 Lake Erie","No change","L111-01 (Mae2_(HL/LG))"
"L211-07",0,0.11190625229484,0,1,1,-5.91261849282087,"Not Significant","logqc_LE_18_08_15","Lake Erie","18_08_15","2018","08","15","Mae3_1","08/15","2018 Lake Erie","No change","L211-07 (Mae3_1)"
"L211-11",0,0.018938467828755,0,1,1,-5.91261849282087,"Not Significant","logqc_LE_18_08_15","Lake Erie","18_08_15","2018","08","15","Mae3_1","08/15","2018 Lake Erie","No change","L211-11 (Mae3_1)"
"L311-01",0,0.0187007574921333,0,1,1,-5.91261849282087,"Not Significant","logqc_LE_18_08_15","Lake Erie","18_08_15","2018","08","15","Mae1","08/15","2018 Lake Erie","No change","L311-01 (Mae1)"
"LE3",0,0.0550937925627485,0,1,1,-5.91261849282087,"Not Significant","logqc_LE_18_08_15","Lake Erie","18_08_15","2018","08","15","Mae1","08/15","2018 Lake Erie","No change","LE3 (Mae1)"
"LG11-05",0,0.0100220001339047,0,1,1,-5.91261849282087,"Not Significant","logqc_LE_18_08_15","Lake Erie","18_08_15","2018","08","15","Mae10","08/15","2018 Lake Erie","No change","LG11-05 (Mae10)"
"LG13-03",0,0.0252745359021614,0,1,1,-5.91261849282087,"Not Significant","logqc_LE_18_08_15","Lake Erie","18_08_15","2018","08","15","Mae10","08/15","2018 Lake Erie","No change","LG13-03 (Mae10)"
"LL13-03",0,0.0038955905749627,0,1,1,-5.91261849282087,"Not Significant","logqc_LE_18_08_15","Lake Erie","18_08_15","2018","08","15","Mae2_(HL/LG)","08/15","2018 Lake Erie","No change","LL13-03 (Mae2_(HL/LG))"
"LL13-06",0,0.0165886045674064,0,1,1,-5.91261849282087,"Not Significant","logqc_LE_18_08_15","Lake Erie","18_08_15","2018","08","15","Mae2_(LL/LG)","08/15","2018 Lake Erie","No change","LL13-06 (Mae2_(LL/LG))"
"Ma_AC_P_19900807_S300",0,0.0918720102450322,0,1,1,-5.91261849282087,"Not Significant","logqc_LE_18_08_15","Lake Erie","18_08_15","2018","08","15","Mae1","08/15","2018 Lake Erie","No change","Ma_AC_P_19900807_S300 (Mae1)"
"Ma_MB_F_20061100_S19",0,0.00150678531318592,0,1,1,-5.91261849282087,"Not Significant","logqc_LE_18_08_15","Lake Erie","18_08_15","2018","08","15","Mae1","08/15","2018 Lake Erie","No change","Ma_MB_F_20061100_S19 (Mae1)"
"Ma_MB_F_20061100_S19D",0,0,0,1,1,-5.91261849282087,"Not Significant","logqc_LE_18_08_15","Lake Erie","18_08_15","2018","08","15","Mae1","08/15","2018 Lake Erie","No change","Ma_MB_F_20061100_S19D (Mae1)"
"Ma_MB_F_20061100_S20",0,0.0146020964372637,0,1,1,-5.91261849282087,"Not Significant","logqc_LE_18_08_15","Lake Erie","18_08_15","2018","08","15","Mae5","08/15","2018 Lake Erie","No change","Ma_MB_F_20061100_S20 (Mae5)"
"Ma_MB_S_20031200_S102D",0,0.0260079543864669,0,1,1,-5.91261849282087,"Not Significant","logqc_LE_18_08_15","Lake Erie","18_08_15","2018","08","15","Mae6","08/15","2018 Lake Erie","No change","Ma_MB_S_20031200_S102D (Mae6)"
"Ma_OC_H_19870700_S124",0,0.000626101344307828,0,1,1,-5.91261849282087,"Not Significant","logqc_LE_18_08_15","Lake Erie","18_08_15","2018","08","15","Mae8","08/15","2018 Lake Erie","No change","Ma_OC_H_19870700_S124 (Mae8)"
"Ma_OC_LR_19540900_S633",0,0,0,1,1,-5.91261849282087,"Not Significant","logqc_LE_18_08_15","Lake Erie","18_08_15","2018","08","15","Mae1","08/15","2018 Lake Erie","No change","Ma_OC_LR_19540900_S633 (Mae1)"
"Ma_QC_C_20070823_S13",0,0,0,1,1,-5.91261849282087,"Not Significant","logqc_LE_18_08_15","Lake Erie","18_08_15","2018","08","15","Mae2_(HL/LG)","08/15","2018 Lake Erie","No change","Ma_QC_C_20070823_S13 (Mae2_(HL/LG))"
"Ma_QC_C_20070823_S13D",0,0,0,1,1,-5.91261849282087,"Not Significant","logqc_LE_18_08_15","Lake Erie","18_08_15","2018","08","15","Mae2_(HL/LG)","08/15","2018 Lake Erie","No change","Ma_QC_C_20070823_S13D (Mae2_(HL/LG))"
"Ma_QC_Ch_20071001_M135",0,0.00567770030287288,0,1,1,-5.91261849282087,"Not Significant","logqc_LE_18_08_15","Lake Erie","18_08_15","2018","08","15","Mae2_(LL/LG)","08/15","2018 Lake Erie","No change","Ma_QC_Ch_20071001_M135 (Mae2_(LL/LG))"
"Ma_QC_Ch_20071001_S25",0,0.00284874706007544,0,1,1,-5.91261849282087,"Not Significant","logqc_LE_18_08_15","Lake Erie","18_08_15","2018","08","15","Mae2_(LL/LG)","08/15","2018 Lake Erie","No change","Ma_QC_Ch_20071001_S25 (Mae2_(LL/LG))"
"NIES-1211",0,0,0,1,1,-5.91261849282087,"Not Significant","logqc_LE_18_08_15","Lake Erie","18_08_15","2018","08","15","Mfl_ae2","08/15","2018 Lake Erie","No change","NIES-1211 (Mfl_ae2)"
"NIES-2481",0,0.0102832125020514,0,1,1,-5.91261849282087,"Not Significant","logqc_LE_18_08_15","Lake Erie","18_08_15","2018","08","15","Mfl_ae4","08/15","2018 Lake Erie","No change","NIES-2481 (Mfl_ae4)"
"NIES-2519",0,0,0,1,1,-5.91261849282087,"Not Significant","logqc_LE_18_08_15","Lake Erie","18_08_15","2018","08","15","Mfl_ae2","08/15","2018 Lake Erie","No change","NIES-2519 (Mfl_ae2)"
"NIES-3787",0,0.00428337259915598,0,1,1,-5.91261849282087,"Not Significant","logqc_LE_18_08_15","Lake Erie","18_08_15","2018","08","15","Mfl_ae4","08/15","2018 Lake Erie","No change","NIES-3787 (Mfl_ae4)"
"NIES-3806",0,0.00256348426910084,0,1,1,-5.91261849282087,"Not Significant","logqc_LE_18_08_15","Lake Erie","18_08_15","2018","08","15","Mfl_ae4","08/15","2018 Lake Erie","No change","NIES-3806 (Mfl_ae4)"
"NIES-3807",0,0.00304191839117172,0,1,1,-5.91261849282087,"Not Significant","logqc_LE_18_08_15","Lake Erie","18_08_15","2018","08","15","Mfl_ae4","08/15","2018 Lake Erie","No change","NIES-3807 (Mfl_ae4)"
"NIES-4264",0,0.00159482942609291,0,1,1,-5.91261849282087,"Not Significant","logqc_LE_18_08_15","Lake Erie","18_08_15","2018","08","15","Mfl_ae2","08/15","2018 Lake Erie","No change","NIES-4264 (Mfl_ae2)"
"NIES-4285",0,0.0209054276086438,0,1,1,-5.91261849282087,"Not Significant","logqc_LE_18_08_15","Lake Erie","18_08_15","2018","08","15","Mae1","08/15","2018 Lake Erie","No change","NIES-4285 (Mae1)"
"NIES-88",0,0.0166130923980228,0,1,1,-5.91261849282087,"Not Significant","logqc_LE_18_08_15","Lake Erie","18_08_15","2018","08","15","Mae3_1","08/15","2018 Lake Erie","No change","NIES-88 (Mae3_1)"
"NIES-98",0,0.0383344961775684,0,1,1,-5.91261849282087,"Not Significant","logqc_LE_18_08_15","Lake Erie","18_08_15","2018","08","15","Mae1","08/15","2018 Lake Erie","No change","NIES-98 (Mae1)"
"NaRes975",0,0.000426382505789865,0,1,1,-5.91261849282087,"Not Significant","logqc_LE_18_08_15","Lake Erie","18_08_15","2018","08","15","Mae1","08/15","2018 Lake Erie","No change","NaRes975 (Mae1)"
"PCC_7005",0,0.105333022534326,0,1,1,-5.91261849282087,"Not Significant","logqc_LE_18_08_15","Lake Erie","18_08_15","2018","08","15","Mae1","08/15","2018 Lake Erie","No change","PCC_7005 (Mae1)"
"PCC_7806SL",0,0.000426382505789865,0,1,1,-5.91261849282087,"Not Significant","logqc_LE_18_08_15","Lake Erie","18_08_15","2018","08","15","Mae1","08/15","2018 Lake Erie","No change","PCC_7806SL (Mae1)"
"PCC_9432",0,0.0246211750270618,0,1,1,-5.91261849282087,"Not Significant","logqc_LE_18_08_15","Lake Erie","18_08_15","2018","08","15","Mae1","08/15","2018 Lake Erie","No change","PCC_9432 (Mae1)"
"PCC_9701",0,0,0,1,1,-5.91261849282087,"Not Significant","logqc_LE_18_08_15","Lake Erie","18_08_15","2018","08","15","Mfl_ae1","08/15","2018 Lake Erie","No change","PCC_9701 (Mfl_ae1)"
"PCC_9717",0,0.000188710934714087,0,1,1,-5.91261849282087,"Not Significant","logqc_LE_18_08_15","Lake Erie","18_08_15","2018","08","15","Mae3_3","08/15","2018 Lake Erie","No change","PCC_9717 (Mae3_3)"
"PCC_9806",0,0.000253070833139477,0,1,1,-5.91261849282087,"Not Significant","logqc_LE_18_08_15","Lake Erie","18_08_15","2018","08","15","Mfl_ae3","08/15","2018 Lake Erie","No change","PCC_9806 (Mfl_ae3)"
"S11-05",0,0,0,1,1,-5.91261849282087,"Not Significant","logqc_LE_18_08_15","Lake Erie","18_08_15","2018","08","15","Mae2_(LL/LG)","08/15","2018 Lake Erie","No change","S11-05 (Mae2_(LL/LG))"
"SX13-11",0,0.017622386286122,0,1,1,-5.91261849282087,"Not Significant","logqc_LE_18_08_15","Lake Erie","18_08_15","2018","08","15","Mae2_(HL/LG)","08/15","2018 Lake Erie","No change","SX13-11 (Mae2_(HL/LG))"
"TAIHU98",0,0.00144659403385004,0,1,1,-5.91261849282087,"Not Significant","logqc_LE_18_08_15","Lake Erie","18_08_15","2018","08","15","Mae1","08/15","2018 Lake Erie","No change","TAIHU98 (Mae1)"
"W11-03",0,0.00624387145981817,0,1,1,-5.91261849282087,"Not Significant","logqc_LE_18_08_15","Lake Erie","18_08_15","2018","08","15","Mwe","08/15","2018 Lake Erie","No change","W11-03 (Mwe)"
"W11-06",0,0,0,1,1,-5.91261849282087,"Not Significant","logqc_LE_18_08_15","Lake Erie","18_08_15","2018","08","15","Mwe","08/15","2018 Lake Erie","No change","W11-06 (Mwe)"
"W13-11",0,0.0159541083323116,0,1,1,-5.91261849282087,"Not Significant","logqc_LE_18_08_15","Lake Erie","18_08_15","2018","08","15","Mae1","08/15","2018 Lake Erie","No change","W13-11 (Mae1)"
"W13-18",0,0,0,1,1,-5.91261849282087,"Not Significant","logqc_LE_18_08_15","Lake Erie","18_08_15","2018","08","15","Mae2_(LL/LG)","08/15","2018 Lake Erie","No change","W13-18 (Mae2_(LL/LG))"
"Ma_QC_C_20070823_S18D",0,0.00470352069963393,0,1,1,-5.91261849282087,"Not Significant","logqc_LE_18_08_15","Lake Erie","18_08_15","2018","08","15","Mfl_ae1","08/15","2018 Lake Erie","No change","Ma_QC_C_20070823_S18D (Mfl_ae1)"
"Mf_QC_C_20070823_S20",0,0,0,1,1,-5.91261849282087,"Not Significant","logqc_LE_18_08_15","Lake Erie","18_08_15","2018","08","15","Mfl_ae1","08/15","2018 Lake Erie","No change","Mf_QC_C_20070823_S20 (Mfl_ae1)"
"Mf_QC_C_20070823_S20D",0,0,0,1,1,-5.91261849282087,"Not Significant","logqc_LE_18_08_15","Lake Erie","18_08_15","2018","08","15","Mfl_ae1","08/15","2018 Lake Erie","No change","Mf_QC_C_20070823_S20D (Mfl_ae1)"
"Mf_QC_C_20070823_S20T",0,0,0,1,1,-5.91261849282087,"Not Significant","logqc_LE_18_08_15","Lake Erie","18_08_15","2018","08","15","Mfl_ae1","08/15","2018 Lake Erie","No change","Mf_QC_C_20070823_S20T (Mfl_ae1)"
"FACHB-1757",0,0.0146020964372637,0,1,1,-5.91261849282087,"Not Significant","logqc_LE_18_08_15","Lake Erie","18_08_15","2018","08","15","Mae4","08/15","2018 Lake Erie","No change","FACHB-1757 (Mae4)"
"Mp_GB_SS_20050300_S99",0,0.011287167771039,0,1,1,-5.91261849282087,"Not Significant","logqc_LE_18_08_15","Lake Erie","18_08_15","2018","08","15","Mpa","08/15","2018 Lake Erie","No change","Mp_GB_SS_20050300_S99 (Mpa)"
"Mp_MB_F_20051200_S6",0,0.00763925243983875,0,1,1,-5.91261849282087,"Not Significant","logqc_LE_18_08_15","Lake Erie","18_08_15","2018","08","15","Mpa","08/15","2018 Lake Erie","No change","Mp_MB_F_20051200_S6 (Mpa)"
"Mp_MB_F_20051200_S6D",0,0.00542826465134461,0,1,1,-5.91261849282087,"Not Significant","logqc_LE_18_08_15","Lake Erie","18_08_15","2018","08","15","Mpa","08/15","2018 Lake Erie","No change","Mp_MB_F_20051200_S6D (Mpa)"
"Mp_MB_F_20051200_S9D",0,0,0,1,1,-5.91261849282087,"Not Significant","logqc_LE_18_08_15","Lake Erie","18_08_15","2018","08","15","Mpa","08/15","2018 Lake Erie","No change","Mp_MB_F_20051200_S9D (Mpa)"
"Mp_MB_F_20080800_S26",0,0.0214366700714064,0,1,1,-5.91261849282087,"Not Significant","logqc_LE_18_08_15","Lake Erie","18_08_15","2018","08","15","Mpa","08/15","2018 Lake Erie","No change","Mp_MB_F_20080800_S26 (Mpa)"
"Mv_BB_P_19951000_S68",0,0.000200209738925561,0,1,1,-5.91261849282087,"Not Significant","logqc_LE_18_08_15","Lake Erie","18_08_15","2018","08","15","Mvi","08/15","2018 Lake Erie","No change","Mv_BB_P_19951000_S68 (Mvi)"
"LE013-01",0,0.00867546477728927,0,1,1,-5.91261849282087,"Not Significant","logqc_LE_18_08_15","Lake Erie","18_08_15","2018","08","15","Mae8","08/15","2018 Lake Erie","No change","LE013-01 (Mae8)"
"Mw_QC_B_20070930_S4",0,0,0,1,1,-5.91261849282087,"Not Significant","logqc_LE_18_08_15","Lake Erie","18_08_15","2018","08","15","Mwe","08/15","2018 Lake Erie","No change","Mw_QC_B_20070930_S4 (Mwe)"
"Mw_QC_B_20070930_S4D",0,0.0115942067576874,0,1,1,-5.91261849282087,"Not Significant","logqc_LE_18_08_15","Lake Erie","18_08_15","2018","08","15","Mwe","08/15","2018 Lake Erie","No change","Mw_QC_B_20070930_S4D (Mwe)"
"TW10",0,0.0304914841160064,0,1,1,-5.91261849282087,"Not Significant","logqc_LE_18_08_15","Lake Erie","18_08_15","2018","08","15","Mae8","08/15","2018 Lake Erie","No change","TW10 (Mae8)"
"LE17-20C",0,0.0405752117684644,0,1,1,-5.91261849282087,"Not Significant","logqc_LE_18_08_15","Lake Erie","18_08_15","2018","08","15","Mae8","08/15","2018 Lake Erie","No change","LE17-20C (Mae8)"
"LE19-12",0,0.00848597483020087,0,1,1,-5.91261849282087,"Not Significant","logqc_LE_18_08_15","Lake Erie","18_08_15","2018","08","15","Mfl_ae1","08/15","2018 Lake Erie","No change","LE19-12 (Mfl_ae1)"
"LE19-131",0,0.0903619212896802,0,1,1,-5.91261849282087,"Not Significant","logqc_LE_18_08_15","Lake Erie","18_08_15","2018","08","15","Mae1","08/15","2018 Lake Erie","No change","LE19-131 (Mae1)"
"LE19-197",0,0.0203531721026541,0,1,1,-5.91261849282087,"Not Significant","logqc_LE_18_08_15","Lake Erie","18_08_15","2018","08","15","Mfl_ae1","08/15","2018 Lake Erie","No change","LE19-197 (Mfl_ae1)"
"LE19-388",0,0.00205546863257623,0,1,1,-5.91261849282087,"Not Significant","logqc_LE_18_08_15","Lake Erie","18_08_15","2018","08","15","Mfl_ae3","08/15","2018 Lake Erie","No change","LE19-388 (Mfl_ae3)"
"LE19-4",0,0.00652576662414928,0,1,1,-5.91261849282087,"Not Significant","logqc_LE_18_08_15","Lake Erie","18_08_15","2018","08","15","Mae5","08/15","2018 Lake Erie","No change","LE19-4 (Mae5)"
"LE19-59",0,0.040524784548568,0,1,1,-5.91261849282087,"Not Significant","logqc_LE_18_08_15","Lake Erie","18_08_15","2018","08","15","Mae3_3","08/15","2018 Lake Erie","No change","LE19-59 (Mae3_3)"
"LE19-98",0,0.000253070833139477,0,1,1,-5.91261849282087,"Not Significant","logqc_LE_18_08_15","Lake Erie","18_08_15","2018","08","15","Mfl_ae1","08/15","2018 Lake Erie","No change","LE19-98 (Mfl_ae1)"
"NIES-4264",0.059806103478484,0.00159482942609291,5.6884360168148,5.36903582008522e-07,9.77164519255511e-05,6.06208697521256,"Increased","logqc_LE_18_10_4","Lake Erie","18_10_4","2018","10","4","Mfl_ae2","10/4","2018 Lake Erie","2018 Lake Erie","NIES-4264 (Mfl_ae2)"
"Mp_MB_F_20051200_S6D",0.133979510006938,0.00542826465134461,5.45240656138166,1.26794461054252e-06,0.000115382959559369,5.26122160801338,"Increased","logqc_LE_18_10_4","Lake Erie","18_10_4","2018","10","4","Mpa","10/4","2018 Lake Erie","2018 Lake Erie","Mp_MB_F_20051200_S6D (Mpa)"
"G11-09",-0.322996537332488,0.0504221903893531,-4.3950168637079,5.22872916302973e-05,0.00317209569223803,1.80605471827582,"Decreased","logqc_LE_18_10_4","Lake Erie","18_10_4","2018","10","4","Mae2_(HL/LG)","10/4","2018 Lake Erie","2018 Lake Erie","G11-09 (Mae2_(HL/LG))"
"G11-04",0.0817590434163182,0.0104425127262745,3.37277213227228,0.00138272699951265,0.0629140784778257,-1.1953653310715,"Not Significant","logqc_LE_18_10_4","Lake Erie","18_10_4","2018","10","4","Mae2_(HL/LG)","10/4","2018 Lake Erie","No change","G11-04 (Mae2_(HL/LG))"
"W11-03",-0.103172699429263,0.00624387145981817,-3.1524453037254,0.00264312462872687,0.096209736485658,-1.77946233370056,"Not Significant","logqc_LE_18_10_4","Lake Erie","18_10_4","2018","10","4","Mwe","10/4","2018 Lake Erie","No change","W11-03 (Mwe)"
"Mv_BB_P_19951000_S69D",0.115031139582566,0.013868195965796,2.73225664654558,0.00848426893418361,0.229378802165803,-2.81689989136927,"Not Significant","logqc_LE_18_10_4","Lake Erie","18_10_4","2018","10","4","Mvi","10/4","2018 Lake Erie","No change","Mv_BB_P_19951000_S69D (Mvi)"
"Ma_QC_C_20070823_S18",-0.280130531084781,0.0667747573911391,-2.71754708726542,0.00882226162176165,0.229378802165803,-2.85125854472467,"Not Significant","logqc_LE_18_10_4","Lake Erie","18_10_4","2018","10","4","Mfl_ae1","10/4","2018 Lake Erie","No change","Ma_QC_C_20070823_S18 (Mfl_ae1)"
"LE19-12",-0.103265493504498,0.00848597483020087,-2.2605883062204,0.0278408763514133,0.633379936994653,-3.84624818448606,"Not Significant","logqc_LE_18_10_4","Lake Erie","18_10_4","2018","10","4","Mfl_ae1","10/4","2018 Lake Erie","No change","LE19-12 (Mfl_ae1)"
"LL11-07",0.059806103478484,0.0120445568874154,2.12926826689747,0.0378109390869528,0.764621212647267,-4.10473706683435,"Not Significant","logqc_LE_18_10_4","Lake Erie","18_10_4","2018","10","4","Mae2_(HL/LG)","10/4","2018 Lake Erie","No change","LL11-07 (Mae2_(HL/LG))"
"Ma_MB_S_20031200_S102",0.249010649589504,0.0997020858566253,1.79183627114982,0.0787662045752859,1,-4.70817378774293,"Not Significant","logqc_LE_18_10_4","Lake Erie","18_10_4","2018","10","4","Mae6","10/4","2018 Lake Erie","No change","Ma_MB_S_20031200_S102 (Mae6)"
"Ma_MB_S_20031200_S102D",-0.103265493504498,0.0260079543864669,-1.78634602774523,0.0796611281424997,1,-4.71724248202137,"Not Significant","logqc_LE_18_10_4","Lake Erie","18_10_4","2018","10","4","Mae6","10/4","2018 Lake Erie","No change","Ma_MB_S_20031200_S102D (Mae6)"
"NIES-2522",-0.0427361082157033,0.00907699685756601,-1.77416365466025,0.081677253909714,1,-4.7372772236674,"Not Significant","logqc_LE_18_10_4","Lake Erie","18_10_4","2018","10","4","Mfl_ae2","10/4","2018 Lake Erie","No change","NIES-2522 (Mfl_ae2)"
"K13-10",1.01798843628477,1.90090039066495,1.76015926505914,0.0840473096440087,1,-4.76015834099702,"Not Significant","logqc_LE_18_10_4","Lake Erie","18_10_4","2018","10","4","Mae3_3","10/4","2018 Lake Erie","No change","K13-10 (Mae3_3)"
"LE19-41",0.185127019891186,0.0886701153905635,1.73504598086271,0.088440646774013,1,-4.80078641645063,"Not Significant","logqc_LE_18_10_4","Lake Erie","18_10_4","2018","10","4","Mae3_3","10/4","2018 Lake Erie","No change","LE19-41 (Mae3_3)"
"G11-06",0.0700958803086199,0.0125333798659142,1.67050877312453,0.100609127956545,1,-4.90280231489371,"Not Significant","logqc_LE_18_10_4","Lake Erie","18_10_4","2018","10","4","Mae2_(HL/LG)","10/4","2018 Lake Erie","No change","G11-06 (Mae2_(HL/LG))"
"LL13-06",0.059806103478484,0.0165886045674064,1.64267467398007,0.106264993886867,1,-4.94572947581303,"Not Significant","logqc_LE_18_10_4","Lake Erie","18_10_4","2018","10","4","Mae2_(LL/LG)","10/4","2018 Lake Erie","No change","LL13-06 (Mae2_(LL/LG))"
"Mp_MB_F_20080800_S26D",-0.375465206968946,0.310031748566602,-1.55125630867112,0.126685320984817,1,-5.0821252938994,"Not Significant","logqc_LE_18_10_4","Lake Erie","18_10_4","2018","10","4","Mpa","10/4","2018 Lake Erie","No change","Mp_MB_F_20080800_S26D (Mpa)"
"Mw_QC_S_20081001_S30D",0.133979510006938,0.0393285602473755,1.53645577399553,0.130269267420115,1,-5.10353968097453,"Not Significant","logqc_LE_18_10_4","Lake Erie","18_10_4","2018","10","4","Mwe","10/4","2018 Lake Erie","No change","Mw_QC_S_20081001_S30D (Mwe)"
"PCC_9808",-0.0543992713234017,0.00937374958881915,-1.53574160986636,0.130444227328505,1,-5.10456824281036,"Not Significant","logqc_LE_18_10_4","Lake Erie","18_10_4","2018","10","4","Mae1","10/4","2018 Lake Erie","No change","PCC_9808 (Mae1)"
"Mw_QC_S_20081001_S30",0.573473636476362,0.483802100567593,1.49150431607708,0.141651723087875,1,-5.16742693522829,"Not Significant","logqc_LE_18_10_4","Lake Erie","18_10_4","2018","10","4","Mwe","10/4","2018 Lake Erie","No change","Mw_QC_S_20081001_S30 (Mwe)"
"W13-15",-0.108747185566918,0.0310915074799987,-1.41262015082296,0.163508590475076,1,-5.27531982627111,"Not Significant","logqc_LE_18_10_4","Lake Erie","18_10_4","2018","10","4","Mae2_(HL/LG)","10/4","2018 Lake Erie","No change","W13-15 (Mae2_(HL/LG))"
"M_QC_C_20170808_M2Col",0.193785613485422,0.118615750646058,1.37801072874352,0.173886981465088,1,-5.32094412049942,"Not Significant","logqc_LE_18_10_4","Lake Erie","18_10_4","2018","10","4","Mae3_1","10/4","2018 Lake Erie","No change","M_QC_C_20170808_M2Col (Mae3_1)"
"PCC_9807",-0.199954278714016,0.0953927111816176,-1.34950892330244,0.182807707151329,1,-5.35772681232196,"Not Significant","logqc_LE_18_10_4","Lake Erie","18_10_4","2018","10","4","Mae4","10/4","2018 Lake Erie","No change","PCC_9807 (Mae4)"
"LE19-338",0.596302803824975,0.859899611526082,1.18483673860987,0.241273530751781,1,-5.5561060393671,"Not Significant","logqc_LE_18_10_4","Lake Erie","18_10_4","2018","10","4","Mfl_ae3","10/4","2018 Lake Erie","No change","LE19-338 (Mfl_ae3)"
"PCC_9443",-0.406195476732843,0.395547888570149,-1.16517219390876,0.24907361599089,1,-5.57816811451507,"Not Significant","logqc_LE_18_10_4","Lake Erie","18_10_4","2018","10","4","Mae4","10/4","2018 Lake Erie","No change","PCC_9443 (Mae4)"
"NIES-2520",-0.681539488478381,2.11390555809893,-1.05698216489138,0.295228263177305,1,-5.69325462874347,"Not Significant","logqc_LE_18_10_4","Lake Erie","18_10_4","2018","10","4","Mae3_2","10/4","2018 Lake Erie","No change","NIES-2520 (Mae3_2)"
"NIES-4285",-0.0481429403707856,0.0209054276086438,-1.05091089850013,0.297982647832373,1,-5.69939543766688,"Not Significant","logqc_LE_18_10_4","Lake Erie","18_10_4","2018","10","4","Mae1","10/4","2018 Lake Erie","No change","NIES-4285 (Mae1)"
"LE3",0.133979510006938,0.0550937925627485,1.04247250955596,0.301840166053599,1,-5.70787416683123,"Not Significant","logqc_LE_18_10_4","Lake Erie","18_10_4","2018","10","4","Mae1","10/4","2018 Lake Erie","No change","LE3 (Mae1)"
"S11-01",-0.291338649428626,0.197274366514199,-1.01946560275492,0.3125304849803,1,-5.73065780098258,"Not Significant","logqc_LE_18_10_4","Lake Erie","18_10_4","2018","10","4","Mae2_(LL/LG)","10/4","2018 Lake Erie","No change","S11-01 (Mae2_(LL/LG))"
"BS11-05",-0.482704616193882,1.11655886680262,-1.00092202113923,0.321331377911512,1,-5.74866579964267,"Not Significant","logqc_LE_18_10_4","Lake Erie","18_10_4","2018","10","4","Mae2_(HL/LG)","10/4","2018 Lake Erie","No change","BS11-05 (Mae2_(HL/LG))"
"NIES-87",-0.321189705114342,0.746447175377667,-0.997718782907882,0.322868349742419,1,-5.75174431273852,"Not Significant","logqc_LE_18_10_4","Lake Erie","18_10_4","2018","10","4","Mfl_ae6","10/4","2018 Lake Erie","No change","NIES-87 (Mfl_ae6)"
"LE19-55",0.249010649589504,0.232007677225329,0.994000103176886,0.324658811420124,1,-5.75530628456123,"Not Significant","logqc_LE_18_10_4","Lake Erie","18_10_4","2018","10","4","Mfl_ae1","10/4","2018 Lake Erie","No change","LE19-55 (Mfl_ae1)"
"11-30S32",-0.423380571010582,0.534806423440277,-0.989120475510475,0.327018304550996,1,-5.75996085445334,"Not Significant","logqc_LE_18_10_4","Lake Erie","18_10_4","2018","10","4","Mae3_1","10/4","2018 Lake Erie","No change","11-30S32 (Mae3_1)"
"SPC777",0.414460338225217,0.738352326476179,0.95913865872459,0.341766351570685,1,-5.78807519560093,"Not Significant","logqc_LE_18_10_4","Lake Erie","18_10_4","2018","10","4","Mae1","10/4","2018 Lake Erie","No change","SPC777 (Mae1)"
"G13-07",0.15710881728321,0.240259247661432,0.916542226251508,0.363460231551983,1,-5.82658077183468,"Not Significant","logqc_LE_18_10_4","Lake Erie","18_10_4","2018","10","4","Mae2_(HL/LG)","10/4","2018 Lake Erie","No change","G13-07 (Mae2_(HL/LG))"
"Ma_QC_Ca_00000000_S207",-0.33583548018931,0.583676704350923,-0.915121087704978,0.364198960295155,1,-5.82783626012923,"Not Significant","logqc_LE_18_10_4","Lake Erie","18_10_4","2018","10","4","Mae2_(LL/LG)","10/4","2018 Lake Erie","No change","Ma_QC_Ca_00000000_S207 (Mae2_(LL/LG))"
"NIES-2521",-0.22044637628539,0.28888964313418,-0.90397397433819,0.370026820857134,1,-5.83761859547635,"Not Significant","logqc_LE_18_10_4","Lake Erie","18_10_4","2018","10","4","Mfl_ae4","10/4","2018 Lake Erie","No change","NIES-2521 (Mfl_ae4)"
"Mn_MB_F_20050700_S1D",-0.157613407748015,0.225709300796186,-0.733628657427432,0.466350269905135,1,-5.97257614557423,"Not Significant","logqc_LE_18_10_4","Lake Erie","18_10_4","2018","10","4","Mn","10/4","2018 Lake Erie","No change","Mn_MB_F_20050700_S1D (Mn)"
"Ma_QC_C_20070703_M131",-0.0919018323062942,0.0650762610075088,-0.726218797231238,0.470842670348872,1,-5.97782388009177,"Not Significant","logqc_LE_18_10_4","Lake Erie","18_10_4","2018","10","4","Mae9","10/4","2018 Lake Erie","No change","Ma_QC_C_20070703_M131 (Mae9)"
"L211-07",0.214216554214765,0.11190625229484,0.723444843078938,0.472530740614602,1,-5.97977499236312,"Not Significant","logqc_LE_18_10_4","Lake Erie","18_10_4","2018","10","4","Mae3_1","10/4","2018 Lake Erie","No change","L211-07 (Mae3_1)"
"M_OC_Ca_00000000_C217Col",-0.138058200318657,0.111285924783708,-0.70421650638767,0.484325717147355,1,-5.993098324725,"Not Significant","logqc_LE_18_10_4","Lake Erie","18_10_4","2018","10","4","Mae4","10/4","2018 Lake Erie","No change","M_OC_Ca_00000000_C217Col (Mae4)"
"Sj",-0.188228698778486,0.167634640982776,-0.696204602969373,0.489288373188646,1,-5.99854586329578,"Not Significant","logqc_LE_18_10_4","Lake Erie","18_10_4","2018","10","4","Unclassified","10/4","2018 Lake Erie","No change","Sj (Unclassified)"
"G13-11",0.111043854785502,0.144613938089757,0.692893582038473,0.491347446072413,1,-6.00077926224018,"Not Significant","logqc_LE_18_10_4","Lake Erie","18_10_4","2018","10","4","Mae2_(HL/LG)","10/4","2018 Lake Erie","No change","G13-11 (Mae2_(HL/LG))"
"NIES-44",-0.3333566135765,1.07510902301778,-0.681648715325462,0.49837602955129,1,-6.00828627036617,"Not Significant","logqc_LE_18_10_4","Lake Erie","18_10_4","2018","10","4","Mae8","10/4","2018 Lake Erie","No change","NIES-44 (Mae8)"
"BS13-02",0.111927985597955,0.137650099733605,0.64646074571399,0.520720869528144,1,-6.03099747202365,"Not Significant","logqc_LE_18_10_4","Lake Erie","18_10_4","2018","10","4","Mae6","10/4","2018 Lake Erie","No change","BS13-02 (Mae6)"
"LE13-04",0.10616792622147,0.0605714405924541,0.642108377904063,0.523521117092819,1,-6.03372432792401,"Not Significant","logqc_LE_18_10_4","Lake Erie","18_10_4","2018","10","4","Mae2_(HL/LG)","10/4","2018 Lake Erie","No change","LE13-04 (Mae2_(HL/LG))"
"LE19-195",0.409455834157155,1.59120313463519,0.63021338592762,0.531214493099383,1,-6.04108429653203,"Not Significant","logqc_LE_18_10_4","Lake Erie","18_10_4","2018","10","4","Mae3_1","10/4","2018 Lake Erie","No change","LE19-195 (Mae3_1)"
"KW",0.129901983787104,0.228886029414017,0.620347911663266,0.537639661587481,1,-6.04708568430986,"Not Significant","logqc_LE_18_10_4","Lake Erie","18_10_4","2018","10","4","Mae3_1","10/4","2018 Lake Erie","No change","KW (Mae3_1)"
"TA09",-0.176370258625184,0.259888765804974,-0.614096891753496,0.541731484050019,1,-6.05084003162723,"Not Significant","logqc_LE_18_10_4","Lake Erie","18_10_4","2018","10","4","Mae10","10/4","2018 Lake Erie","No change","TA09 (Mae10)"
"LE18-22",-0.424619939980949,2.37538675014286,-0.580306620990938,0.564123122119928,1,-6.07048512319283,"Not Significant","logqc_LE_18_10_4","Lake Erie","18_10_4","2018","10","4","Mae3_1","10/4","2018 Lake Erie","No change","LE18-22 (Mae3_1)"
"LSC13-02",0.379543496516767,1.50391835237686,0.561221861202771,0.576969361803463,1,-6.08109578896783,"Not Significant","logqc_LE_18_10_4","Lake Erie","18_10_4","2018","10","4","Mae2_(LL/LG)","10/4","2018 Lake Erie","No change","LSC13-02 (Mae2_(LL/LG))"
"BK11-02",0.265595086140885,1.09855776593583,0.558890591648347,0.578548239503011,1,-6.0823678987054,"Not Significant","logqc_LE_18_10_4","Lake Erie","18_10_4","2018","10","4","Mae2_(LL/LG)","10/4","2018 Lake Erie","No change","BK11-02 (Mae2_(LL/LG))"
"LE17-10A",0.289019904877093,1.13435182819568,0.496010130877946,0.621901345011483,1,-6.11470373886276,"Not Significant","logqc_LE_18_10_4","Lake Erie","18_10_4","2018","10","4","Mae5","10/4","2018 Lake Erie","No change","LE17-10A (Mae5)"
"FD4",0.263100493714777,1.73455209737951,0.483990064740384,0.630351172901979,1,-6.12045038462496,"Not Significant","logqc_LE_18_10_4","Lake Erie","18_10_4","2018","10","4","Mvi","10/4","2018 Lake Erie","No change","FD4 (Mvi)"
"LE19-251",-0.196155991164956,2.14433901987754,-0.47681222476369,0.635420931325655,1,-6.12381539846458,"Not Significant","logqc_LE_18_10_4","Lake Erie","18_10_4","2018","10","4","Mae3_3","10/4","2018 Lake Erie","No change","LE19-251 (Mae3_3)"
"Mv_BB_P_19951000_S69",0.0932251875848914,0.1576481250027,0.462928583462815,0.645276891217265,1,-6.13018267126245,"Not Significant","logqc_LE_18_10_4","Lake Erie","18_10_4","2018","10","4","Mvi","10/4","2018 Lake Erie","No change","Mv_BB_P_19951000_S69 (Mvi)"
"NIES-3804",0.0668881992117801,0.0375041297968267,0.458557404086271,0.648393395685716,1,-6.13214874753775,"Not Significant","logqc_LE_18_10_4","Lake Erie","18_10_4","2018","10","4","Mfl_ae3","10/4","2018 Lake Erie","No change","NIES-3804 (Mfl_ae3)"
"F13-15",-0.220446680468091,1.40698658172397,-0.431404366594913,0.667892856473752,1,-6.14394706436718,"Not Significant","logqc_LE_18_10_4","Lake Erie","18_10_4","2018","10","4","Mae4","10/4","2018 Lake Erie","No change","F13-15 (Mae4)"
"LG13-13",-0.273640486798667,1.00860655239236,-0.41998260289525,0.676165556234661,1,-6.14869638467123,"Not Significant","logqc_LE_18_10_4","Lake Erie","18_10_4","2018","10","4","Mae10","10/4","2018 Lake Erie","No change","LG13-13 (Mae10)"
"K13-07",-0.102490854614302,0.103993129310759,-0.416653111378475,0.678584724423037,1,-6.1500570072253,"Not Significant","logqc_LE_18_10_4","Lake Erie","18_10_4","2018","10","4","Mae2_(LL/LG)","10/4","2018 Lake Erie","No change","K13-07 (Mae2_(LL/LG))"
"NIES-102",-0.0919018323062942,0.108348188815705,-0.405708468707642,0.686560874310269,1,-6.15445380822746,"Not Significant","logqc_LE_18_10_4","Lake Erie","18_10_4","2018","10","4","Mae3_1","10/4","2018 Lake Erie","No change","NIES-102 (Mae3_1)"
"LE19-114",-0.235475648728386,0.564634074616638,-0.389505433318185,0.698435136727603,1,-6.16074950587253,"Not Significant","logqc_LE_18_10_4","Lake Erie","18_10_4","2018","10","4","Mae5","10/4","2018 Lake Erie","No change","LE19-114 (Mae5)"
"M_QC_C_20170808_M3Col",-0.103265493504498,0.198066234462503,-0.349015330693121,0.728435885507811,1,-6.17536633894442,"Not Significant","logqc_LE_18_10_4","Lake Erie","18_10_4","2018","10","4","Mae2_(LL/LG)","10/4","2018 Lake Erie","No change","M_QC_C_20170808_M3Col (Mae2_(LL/LG))"
"Mw_MB_S_20031200_S109",0.0668881992117801,0.157347921766283,0.338551854910738,0.736261016080372,1,-6.17888427008734,"Not Significant","logqc_LE_18_10_4","Lake Erie","18_10_4","2018","10","4","Mwe","10/4","2018 Lake Erie","No change","Mw_MB_S_20031200_S109 (Mwe)"
"CHAOHU_1326",-0.0543992713234017,0.0362841489748562,-0.338045728220345,0.73664024570692,1,-6.17905173248408,"Not Significant","logqc_LE_18_10_4","Lake Erie","18_10_4","2018","10","4","Mae4","10/4","2018 Lake Erie","No change","CHAOHU_1326 (Mae4)"
"Mp_GB_SS_20050300_S99D",-0.0543992713234017,0.0713286176546508,-0.328082957264545,0.744118447475288,1,-6.18229733238782,"Not Significant","logqc_LE_18_10_4","Lake Erie","18_10_4","2018","10","4","Mpa","10/4","2018 Lake Erie","No change","Mp_GB_SS_20050300_S99D (Mpa)"
"Ma_QC_Ch_20071001_S25D",0.122314721908471,0.372566968085964,0.322853699068281,0.748053607625603,1,-6.18396219098133,"Not Significant","logqc_LE_18_10_4","Lake Erie","18_10_4","2018","10","4","Mae2_(LL/LG)","10/4","2018 Lake Erie","No change","Ma_QC_Ch_20071001_S25D (Mae2_(LL/LG))"
"TF09",-0.103265493504498,0.375654853281397,-0.281742886010605,0.779218230798002,1,-6.19612231706589,"Not Significant","logqc_LE_18_10_4","Lake Erie","18_10_4","2018","10","4","Mae1","10/4","2018 Lake Erie","No change","TF09 (Mae1)"
"DF17",-0.134638654483374,0.597718933770284,-0.248017037659646,0.805062501160346,1,-6.20486684584588,"Not Significant","logqc_LE_18_10_4","Lake Erie","18_10_4","2018","10","4","Mae3_1","10/4","2018 Lake Erie","No change","DF17 (Mae3_1)"
"SX13-01",0.0424699736853738,0.101462483160348,0.242021450975046,0.809680873443333,1,-6.2063051245885,"Not Significant","logqc_LE_18_10_4","Lake Erie","18_10_4","2018","10","4","Mae2_(HL/LG)","10/4","2018 Lake Erie","No change","SX13-01 (Mae2_(HL/LG))"
"LG13-11",0.0881009900774709,0.494245808471573,0.241622403292002,0.809988501935067,1,-6.20639960563806,"Not Significant","logqc_LE_18_10_4","Lake Erie","18_10_4","2018","10","4","Mvi","10/4","2018 Lake Erie","No change","LG13-11 (Mvi)"
"T1-4",0.0946318025579542,0.676099264574117,0.229004211325604,0.819731267577286,1,-6.20930692961186,"Not Significant","logqc_LE_18_10_4","Lake Erie","18_10_4","2018","10","4","Mfl_ae2","10/4","2018 Lake Erie","No change","T1-4 (Mfl_ae2)"
"NIES-4325",0.0914386788368394,0.515605768568284,0.225590346734054,0.822372175926542,1,-6.21006676861407,"Not Significant","logqc_LE_18_10_4","Lake Erie","18_10_4","2018","10","4","Mae10","10/4","2018 Lake Erie","No change","NIES-4325 (Mae10)"
"NIES-2549",-0.0481429403707856,0.0785609694088359,-0.224483950017846,0.823228511517934,1,-6.2103105804016,"Not Significant","logqc_LE_18_10_4","Lake Erie","18_10_4","2018","10","4","Mfl_ae4","10/4","2018 Lake Erie","No change","NIES-2549 (Mfl_ae4)"
"NIES-843",0.0651251571979286,0.41419869861001,0.179626240401268,0.85811874104083,1,-6.21918774370327,"Not Significant","logqc_LE_18_10_4","Lake Erie","18_10_4","2018","10","4","Mae3_1","10/4","2018 Lake Erie","No change","NIES-843 (Mae3_1)"
"Ma_SC_T_19800800_S464",0.0588194972902257,0.403603032421017,0.169028467101206,0.866406201798352,1,-6.2209975767669,"Not Significant","logqc_LE_18_10_4","Lake Erie","18_10_4","2018","10","4","Mwe","10/4","2018 Lake Erie","No change","Ma_SC_T_19800800_S464 (Mwe)"
"KLA2",0.059806103478484,0.368715473471586,0.16609231013877,0.868704992268122,1,-6.22147955620071,"Not Significant","logqc_LE_18_10_4","Lake Erie","18_10_4","2018","10","4","Mae1","10/4","2018 Lake Erie","No change","KLA2 (Mae1)"
"Mn_MB_F_20050700_S1",0.0425724566557429,0.149138906345602,0.160812377380767,0.872841642153845,1,-6.22232504670152,"Not Significant","logqc_LE_18_10_4","Lake Erie","18_10_4","2018","10","4","Mn","10/4","2018 Lake Erie","No change","Mn_MB_F_20050700_S1 (Mn)"
"G13-10",0.12456202912719,1.91344585883941,0.155425879262549,0.877065467899723,1,-6.22315948537529,"Not Significant","logqc_LE_18_10_4","Lake Erie","18_10_4","2018","10","4","Mae2_(HL/LG)","10/4","2018 Lake Erie","No change","G13-10 (Mae2_(HL/LG))"
"EAWAG127a",-0.061913029992484,0.222501133930924,-0.147976073373706,0.882913147335592,1,-6.22426675497048,"Not Significant","logqc_LE_18_10_4","Lake Erie","18_10_4","2018","10","4","Mae6","10/4","2018 Lake Erie","No change","EAWAG127a (Mae6)"
"Ma_QC_B_20070730_S2",0.0700958803086199,0.435470995302504,0.136025650684657,0.892307138341169,1,-6.22592947024752,"Not Significant","logqc_LE_18_10_4","Lake Erie","18_10_4","2018","10","4","Mae1","10/4","2018 Lake Erie","No change","Ma_QC_B_20070730_S2 (Mae1)"
"M_QC_C_20170808_M9Col",-0.0330768191206432,0.257986840954712,-0.135853293646705,0.892442741855265,1,-6.22595242817086,"Not Significant","logqc_LE_18_10_4","Lake Erie","18_10_4","2018","10","4","Mae3_1","10/4","2018 Lake Erie","No change","M_QC_C_20170808_M9Col (Mae3_1)"
"LE19-8",-0.0714146491082897,0.640050823369167,-0.132522153429868,0.895064177844983,1,-6.22639042163106,"Not Significant","logqc_LE_18_10_4","Lake Erie","18_10_4","2018","10","4","Mae8","10/4","2018 Lake Erie","No change","LE19-8 (Mae8)"
"Mf_QC_C_20070823_S10",-0.075849845245118,1.65735306210632,-0.0957518141564102,0.924072360742249,1,-6.23050309976908,"Not Significant","logqc_LE_18_10_4","Lake Erie","18_10_4","2018","10","4","Mfl_ae1","10/4","2018 Lake Erie","No change","Mf_QC_C_20070823_S10 (Mfl_ae1)"
"LE19-84",-0.044021169298438,1.48578914474714,-0.0924723122914492,0.926665210053945,1,-6.23080557616098,"Not Significant","logqc_LE_18_10_4","Lake Erie","18_10_4","2018","10","4","Mae4","10/4","2018 Lake Erie","No change","LE19-84 (Mae4)"
"PCC_9809",0.0266364902826057,0.268086319503821,0.0862544060641287,0.931583404817186,1,-6.23135014047327,"Not Significant","logqc_LE_18_10_4","Lake Erie","18_10_4","2018","10","4","Mae3_1","10/4","2018 Lake Erie","No change","PCC_9809 (Mae3_1)"
"BS13-10",0.0683445358944121,3.71435705831315,0.0845353715143494,0.93294359669783,1,-6.23149400968709,"Not Significant","logqc_LE_18_10_4","Lake Erie","18_10_4","2018","10","4","Mae2_(HL/LG)","10/4","2018 Lake Erie","No change","BS13-10 (Mae2_(HL/LG))"
"L211-101",0.0314239440466595,1.6167805291691,0.0650244678359944,0.948394790458116,1,-6.23292398050381,"Not Significant","logqc_LE_18_10_4","Lake Erie","18_10_4","2018","10","4","Mae3_1","10/4","2018 Lake Erie","No change","L211-101 (Mae3_1)"
"LG13-12",0.00334262811833641,1.67744404555595,0.00346163873168099,0.997250781755449,1,-6.23499024365288,"Not Significant","logqc_LE_18_10_4","Lake Erie","18_10_4","2018","10","4","Mae10","10/4","2018 Lake Erie","No change","LG13-12 (Mae10)"
"0824",0,0.0337903604092532,0,1,1,-6.23499611645974,"Not Significant","logqc_LE_18_10_4","Lake Erie","18_10_4","2018","10","4","Mfl_ae5","10/4","2018 Lake Erie","No change","0824 (Mfl_ae5)"
"MC19",0,0.000214372615189159,0,1,1,-6.23499611645974,"Not Significant","logqc_LE_18_10_4","Lake Erie","18_10_4","2018","10","4","Mfl_ae2","10/4","2018 Lake Erie","No change","MC19 (Mfl_ae2)"
"M_OC_Ca_00000000_S217Cul",0,0,0,1,1,-6.23499611645974,"Not Significant","logqc_LE_18_10_4","Lake Erie","18_10_4","2018","10","4","Mae4","10/4","2018 Lake Erie","No change","M_OC_Ca_00000000_S217Cul (Mae4)"
"Msp_OC_L_20101000_S702",0,0.00613463632603834,0,1,1,-6.23499611645974,"Not Significant","logqc_LE_18_10_4","Lake Erie","18_10_4","2018","10","4","Mae1","10/4","2018 Lake Erie","No change","Msp_OC_L_20101000_S702 (Mae1)"
"CACIAM_03",0,0,0,1,1,-6.23499611645974,"Not Significant","logqc_LE_18_10_4","Lake Erie","18_10_4","2018","10","4","Mae1","10/4","2018 Lake Erie","No change","CACIAM_03 (Mae1)"
"DA14",0,0.00571196148917547,0,1,1,-6.23499611645974,"Not Significant","logqc_LE_18_10_4","Lake Erie","18_10_4","2018","10","4","Mae1","10/4","2018 Lake Erie","No change","DA14 (Mae1)"
"DIANCHI905",0,0.0136551134488945,0,1,1,-6.23499611645974,"Not Significant","logqc_LE_18_10_4","Lake Erie","18_10_4","2018","10","4","Mae1","10/4","2018 Lake Erie","No change","DIANCHI905 (Mae1)"
"FACHB-524",0,0.0547789840713263,0,1,1,-6.23499611645974,"Not Significant","logqc_LE_18_10_4","Lake Erie","18_10_4","2018","10","4","Mae1","10/4","2018 Lake Erie","No change","FACHB-524 (Mae1)"
"FCY-26",0,0.0140327118228079,0,1,1,-6.23499611645974,"Not Significant","logqc_LE_18_10_4","Lake Erie","18_10_4","2018","10","4","Mae1","10/4","2018 Lake Erie","No change","FCY-26 (Mae1)"
"FCY-27",0,0,0,1,1,-6.23499611645974,"Not Significant","logqc_LE_18_10_4","Lake Erie","18_10_4","2018","10","4","Unclassified","10/4","2018 Lake Erie","No change","FCY-27 (Unclassified)"
"FCY-27",0,0.0672416368619685,0,1,1,-6.23499611645974,"Not Significant","logqc_LE_18_10_4","Lake Erie","18_10_4","2018","10","4","Unclassified","10/4","2018 Lake Erie","No change","FCY-27 (Unclassified)"
"FCY-27",0,0,0,1,1,-6.23499611645974,"Not Significant","logqc_LE_18_10_4","Lake Erie","18_10_4","2018","10","4","Unclassified","10/4","2018 Lake Erie","No change","FCY-27 (Unclassified)"
"FCY-28",0,0.128940385549611,0,1,1,-6.23499611645974,"Not Significant","logqc_LE_18_10_4","Lake Erie","18_10_4","2018","10","4","Mae1","10/4","2018 Lake Erie","No change","FCY-28 (Mae1)"
"G11-01",0,0.000188710934714087,0,1,1,-6.23499611645974,"Not Significant","logqc_LE_18_10_4","Lake Erie","18_10_4","2018","10","4","Mae2_(HL/LG)","10/4","2018 Lake Erie","No change","G11-01 (Mae2_(HL/LG))"
"G13-01",0,0.00494134073905403,0,1,1,-6.23499611645974,"Not Significant","logqc_LE_18_10_4","Lake Erie","18_10_4","2018","10","4","Mae2_(HL/LG)","10/4","2018 Lake Erie","No change","G13-01 (Mae2_(HL/LG))"
"G13-03",0,0,0,1,1,-6.23499611645974,"Not Significant","logqc_LE_18_10_4","Lake Erie","18_10_4","2018","10","4","Mae2_(HL/LG)","10/4","2018 Lake Erie","No change","G13-03 (Mae2_(HL/LG))"
"G13-05",0,0.0306149934736053,0,1,1,-6.23499611645974,"Not Significant","logqc_LE_18_10_4","Lake Erie","18_10_4","2018","10","4","Mae2_(HL/LG)","10/4","2018 Lake Erie","No change","G13-05 (Mae2_(HL/LG))"
"G13-09",0,0.0147038367069868,0,1,1,-6.23499611645974,"Not Significant","logqc_LE_18_10_4","Lake Erie","18_10_4","2018","10","4","Mae2_(HL/LG)","10/4","2018 Lake Erie","No change","G13-09 (Mae2_(HL/LG))"
"G13-12",0,0.0160517041433756,0,1,1,-6.23499611645974,"Not Significant","logqc_LE_18_10_4","Lake Erie","18_10_4","2018","10","4","Mae2_(HL/LG)","10/4","2018 Lake Erie","No change","G13-12 (Mae2_(HL/LG))"
"K13-05",0,0.0483281679742078,0,1,1,-6.23499611645974,"Not Significant","logqc_LE_18_10_4","Lake Erie","18_10_4","2018","10","4","Mae3_3","10/4","2018 Lake Erie","No change","K13-05 (Mae3_3)"
"K13-06",0,0.0866228644935585,0,1,1,-6.23499611645974,"Not Significant","logqc_LE_18_10_4","Lake Erie","18_10_4","2018","10","4","Mae3_2","10/4","2018 Lake Erie","No change","K13-06 (Mae3_2)"
"L111-01",0,0.00187237805834669,0,1,1,-6.23499611645974,"Not Significant","logqc_LE_18_10_4","Lake Erie","18_10_4","2018","10","4","Mae2_(HL/LG)","10/4","2018 Lake Erie","No change","L111-01 (Mae2_(HL/LG))"
"L211-11",0,0.018938467828755,0,1,1,-6.23499611645974,"Not Significant","logqc_LE_18_10_4","Lake Erie","18_10_4","2018","10","4","Mae3_1","10/4","2018 Lake Erie","No change","L211-11 (Mae3_1)"
"L311-01",0,0.0187007574921333,0,1,1,-6.23499611645974,"Not Significant","logqc_LE_18_10_4","Lake Erie","18_10_4","2018","10","4","Mae1","10/4","2018 Lake Erie","No change","L311-01 (Mae1)"
"LG11-05",0,0.0100220001339047,0,1,1,-6.23499611645974,"Not Significant","logqc_LE_18_10_4","Lake Erie","18_10_4","2018","10","4","Mae10","10/4","2018 Lake Erie","No change","LG11-05 (Mae10)"
"LG13-03",0,0.0252745359021614,0,1,1,-6.23499611645974,"Not Significant","logqc_LE_18_10_4","Lake Erie","18_10_4","2018","10","4","Mae10","10/4","2018 Lake Erie","No change","LG13-03 (Mae10)"
"LL13-03",0,0.0038955905749627,0,1,1,-6.23499611645974,"Not Significant","logqc_LE_18_10_4","Lake Erie","18_10_4","2018","10","4","Mae2_(HL/LG)","10/4","2018 Lake Erie","No change","LL13-03 (Mae2_(HL/LG))"
"Ma_AC_P_19900807_S300",0,0.0918720102450322,0,1,1,-6.23499611645974,"Not Significant","logqc_LE_18_10_4","Lake Erie","18_10_4","2018","10","4","Mae1","10/4","2018 Lake Erie","No change","Ma_AC_P_19900807_S300 (Mae1)"
"Ma_MB_F_20061100_S19",0,0.00150678531318592,0,1,1,-6.23499611645974,"Not Significant","logqc_LE_18_10_4","Lake Erie","18_10_4","2018","10","4","Mae1","10/4","2018 Lake Erie","No change","Ma_MB_F_20061100_S19 (Mae1)"
"Ma_MB_F_20061100_S19D",0,0,0,1,1,-6.23499611645974,"Not Significant","logqc_LE_18_10_4","Lake Erie","18_10_4","2018","10","4","Mae1","10/4","2018 Lake Erie","No change","Ma_MB_F_20061100_S19D (Mae1)"
"Ma_MB_F_20061100_S20",0,0.0146020964372637,0,1,1,-6.23499611645974,"Not Significant","logqc_LE_18_10_4","Lake Erie","18_10_4","2018","10","4","Mae5","10/4","2018 Lake Erie","No change","Ma_MB_F_20061100_S20 (Mae5)"
"Ma_MB_F_20061100_S20D",0,0.0680865720923015,0,1,1,-6.23499611645974,"Not Significant","logqc_LE_18_10_4","Lake Erie","18_10_4","2018","10","4","Mae5","10/4","2018 Lake Erie","No change","Ma_MB_F_20061100_S20D (Mae5)"
"Ma_OC_H_19870700_S124",0,0.000626101344307828,0,1,1,-6.23499611645974,"Not Significant","logqc_LE_18_10_4","Lake Erie","18_10_4","2018","10","4","Mae8","10/4","2018 Lake Erie","No change","Ma_OC_H_19870700_S124 (Mae8)"
"Ma_OC_LR_19540900_S633",0,0,0,1,1,-6.23499611645974,"Not Significant","logqc_LE_18_10_4","Lake Erie","18_10_4","2018","10","4","Mae1","10/4","2018 Lake Erie","No change","Ma_OC_LR_19540900_S633 (Mae1)"
"Ma_QC_C_20070823_S13",0,0,0,1,1,-6.23499611645974,"Not Significant","logqc_LE_18_10_4","Lake Erie","18_10_4","2018","10","4","Mae2_(HL/LG)","10/4","2018 Lake Erie","No change","Ma_QC_C_20070823_S13 (Mae2_(HL/LG))"
"Ma_QC_C_20070823_S13D",0,0,0,1,1,-6.23499611645974,"Not Significant","logqc_LE_18_10_4","Lake Erie","18_10_4","2018","10","4","Mae2_(HL/LG)","10/4","2018 Lake Erie","No change","Ma_QC_C_20070823_S13D (Mae2_(HL/LG))"
"Ma_QC_Ch_20071001_M135",0,0.00567770030287288,0,1,1,-6.23499611645974,"Not Significant","logqc_LE_18_10_4","Lake Erie","18_10_4","2018","10","4","Mae2_(LL/LG)","10/4","2018 Lake Erie","No change","Ma_QC_Ch_20071001_M135 (Mae2_(LL/LG))"
"Ma_QC_Ch_20071001_S25",0,0.00284874706007544,0,1,1,-6.23499611645974,"Not Significant","logqc_LE_18_10_4","Lake Erie","18_10_4","2018","10","4","Mae2_(LL/LG)","10/4","2018 Lake Erie","No change","Ma_QC_Ch_20071001_S25 (Mae2_(LL/LG))"
"NIES-1211",0,0,0,1,1,-6.23499611645974,"Not Significant","logqc_LE_18_10_4","Lake Erie","18_10_4","2018","10","4","Mfl_ae2","10/4","2018 Lake Erie","No change","NIES-1211 (Mfl_ae2)"
"NIES-2481",0,0.0102832125020514,0,1,1,-6.23499611645974,"Not Significant","logqc_LE_18_10_4","Lake Erie","18_10_4","2018","10","4","Mfl_ae4","10/4","2018 Lake Erie","No change","NIES-2481 (Mfl_ae4)"
"NIES-2519",0,0,0,1,1,-6.23499611645974,"Not Significant","logqc_LE_18_10_4","Lake Erie","18_10_4","2018","10","4","Mfl_ae2","10/4","2018 Lake Erie","No change","NIES-2519 (Mfl_ae2)"
"NIES-298",0,0.00396058292170508,0,1,1,-6.23499611645974,"Not Significant","logqc_LE_18_10_4","Lake Erie","18_10_4","2018","10","4","Mae1","10/4","2018 Lake Erie","No change","NIES-298 (Mae1)"
"NIES-3787",0,0.00428337259915598,0,1,1,-6.23499611645974,"Not Significant","logqc_LE_18_10_4","Lake Erie","18_10_4","2018","10","4","Mfl_ae4","10/4","2018 Lake Erie","No change","NIES-3787 (Mfl_ae4)"
"NIES-3806",0,0.00256348426910084,0,1,1,-6.23499611645974,"Not Significant","logqc_LE_18_10_4","Lake Erie","18_10_4","2018","10","4","Mfl_ae4","10/4","2018 Lake Erie","No change","NIES-3806 (Mfl_ae4)"
"NIES-3807",0,0.00304191839117172,0,1,1,-6.23499611645974,"Not Significant","logqc_LE_18_10_4","Lake Erie","18_10_4","2018","10","4","Mfl_ae4","10/4","2018 Lake Erie","No change","NIES-3807 (Mfl_ae4)"
"NIES-88",0,0.0166130923980228,0,1,1,-6.23499611645974,"Not Significant","logqc_LE_18_10_4","Lake Erie","18_10_4","2018","10","4","Mae3_1","10/4","2018 Lake Erie","No change","NIES-88 (Mae3_1)"
"NIES-98",0,0.0383344961775684,0,1,1,-6.23499611645974,"Not Significant","logqc_LE_18_10_4","Lake Erie","18_10_4","2018","10","4","Mae1","10/4","2018 Lake Erie","No change","NIES-98 (Mae1)"
"NaRes975",0,0.000426382505789865,0,1,1,-6.23499611645974,"Not Significant","logqc_LE_18_10_4","Lake Erie","18_10_4","2018","10","4","Mae1","10/4","2018 Lake Erie","No change","NaRes975 (Mae1)"
"PCC_7005",0,0.105333022534326,0,1,1,-6.23499611645974,"Not Significant","logqc_LE_18_10_4","Lake Erie","18_10_4","2018","10","4","Mae1","10/4","2018 Lake Erie","No change","PCC_7005 (Mae1)"
"PCC_7806SL",0,0.000426382505789865,0,1,1,-6.23499611645974,"Not Significant","logqc_LE_18_10_4","Lake Erie","18_10_4","2018","10","4","Mae1","10/4","2018 Lake Erie","No change","PCC_7806SL (Mae1)"
"PCC_7941",0,0.047432122570435,0,1,1,-6.23499611645974,"Not Significant","logqc_LE_18_10_4","Lake Erie","18_10_4","2018","10","4","Mae1","10/4","2018 Lake Erie","No change","PCC_7941 (Mae1)"
"PCC_9432",0,0.0246211750270618,0,1,1,-6.23499611645974,"Not Significant","logqc_LE_18_10_4","Lake Erie","18_10_4","2018","10","4","Mae1","10/4","2018 Lake Erie","No change","PCC_9432 (Mae1)"
"PCC_9701",0,0,0,1,1,-6.23499611645974,"Not Significant","logqc_LE_18_10_4","Lake Erie","18_10_4","2018","10","4","Mfl_ae1","10/4","2018 Lake Erie","No change","PCC_9701 (Mfl_ae1)"
"PCC_9717",0,0.000188710934714087,0,1,1,-6.23499611645974,"Not Significant","logqc_LE_18_10_4","Lake Erie","18_10_4","2018","10","4","Mae3_3","10/4","2018 Lake Erie","No change","PCC_9717 (Mae3_3)"
"PCC_9806",0,0.000253070833139477,0,1,1,-6.23499611645974,"Not Significant","logqc_LE_18_10_4","Lake Erie","18_10_4","2018","10","4","Mfl_ae3","10/4","2018 Lake Erie","No change","PCC_9806 (Mfl_ae3)"
"S11-05",0,0,0,1,1,-6.23499611645974,"Not Significant","logqc_LE_18_10_4","Lake Erie","18_10_4","2018","10","4","Mae2_(LL/LG)","10/4","2018 Lake Erie","No change","S11-05 (Mae2_(LL/LG))"
"SX13-11",0,0.017622386286122,0,1,1,-6.23499611645974,"Not Significant","logqc_LE_18_10_4","Lake Erie","18_10_4","2018","10","4","Mae2_(HL/LG)","10/4","2018 Lake Erie","No change","SX13-11 (Mae2_(HL/LG))"
"TAIHU98",0,0.00144659403385004,0,1,1,-6.23499611645974,"Not Significant","logqc_LE_18_10_4","Lake Erie","18_10_4","2018","10","4","Mae1","10/4","2018 Lake Erie","No change","TAIHU98 (Mae1)"
"W11-06",0,0,0,1,1,-6.23499611645974,"Not Significant","logqc_LE_18_10_4","Lake Erie","18_10_4","2018","10","4","Mwe","10/4","2018 Lake Erie","No change","W11-06 (Mwe)"
"W13-11",0,0.0159541083323116,0,1,1,-6.23499611645974,"Not Significant","logqc_LE_18_10_4","Lake Erie","18_10_4","2018","10","4","Mae1","10/4","2018 Lake Erie","No change","W13-11 (Mae1)"
"W13-13",0,0.00963758644345188,0,1,1,-6.23499611645974,"Not Significant","logqc_LE_18_10_4","Lake Erie","18_10_4","2018","10","4","Mae2_(HL/LG)","10/4","2018 Lake Erie","No change","W13-13 (Mae2_(HL/LG))"
"W13-16",0,0.0277228925437981,0,1,1,-6.23499611645974,"Not Significant","logqc_LE_18_10_4","Lake Erie","18_10_4","2018","10","4","Mae2_(HL/LG)","10/4","2018 Lake Erie","No change","W13-16 (Mae2_(HL/LG))"
"W13-18",0,0,0,1,1,-6.23499611645974,"Not Significant","logqc_LE_18_10_4","Lake Erie","18_10_4","2018","10","4","Mae2_(LL/LG)","10/4","2018 Lake Erie","No change","W13-18 (Mae2_(LL/LG))"
"Ma_QC_C_20070823_S18D",0,0.00470352069963393,0,1,1,-6.23499611645974,"Not Significant","logqc_LE_18_10_4","Lake Erie","18_10_4","2018","10","4","Mfl_ae1","10/4","2018 Lake Erie","No change","Ma_QC_C_20070823_S18D (Mfl_ae1)"
"Mf_QC_C_20070823_S10D",0,0.00757522624448734,0,1,1,-6.23499611645974,"Not Significant","logqc_LE_18_10_4","Lake Erie","18_10_4","2018","10","4","Mfl_ae1","10/4","2018 Lake Erie","No change","Mf_QC_C_20070823_S10D (Mfl_ae1)"
"Mf_QC_C_20070823_S20",0,0,0,1,1,-6.23499611645974,"Not Significant","logqc_LE_18_10_4","Lake Erie","18_10_4","2018","10","4","Mfl_ae1","10/4","2018 Lake Erie","No change","Mf_QC_C_20070823_S20 (Mfl_ae1)"
"Mf_QC_C_20070823_S20D",0,0,0,1,1,-6.23499611645974,"Not Significant","logqc_LE_18_10_4","Lake Erie","18_10_4","2018","10","4","Mfl_ae1","10/4","2018 Lake Erie","No change","Mf_QC_C_20070823_S20D (Mfl_ae1)"
"Mf_QC_C_20070823_S20T",0,0,0,1,1,-6.23499611645974,"Not Significant","logqc_LE_18_10_4","Lake Erie","18_10_4","2018","10","4","Mfl_ae1","10/4","2018 Lake Erie","No change","Mf_QC_C_20070823_S20T (Mfl_ae1)"
"Mf_WU_F_19750830_S460",0,0.0199662542891306,0,1,1,-6.23499611645974,"Not Significant","logqc_LE_18_10_4","Lake Erie","18_10_4","2018","10","4","Mfl_ae3","10/4","2018 Lake Erie","No change","Mf_WU_F_19750830_S460 (Mfl_ae3)"
"FACHB-1757",0,0.0146020964372637,0,1,1,-6.23499611645974,"Not Significant","logqc_LE_18_10_4","Lake Erie","18_10_4","2018","10","4","Mae4","10/4","2018 Lake Erie","No change","FACHB-1757 (Mae4)"
"Mp_GB_SS_20050300_S99",0,0.011287167771039,0,1,1,-6.23499611645974,"Not Significant","logqc_LE_18_10_4","Lake Erie","18_10_4","2018","10","4","Mpa","10/4","2018 Lake Erie","No change","Mp_GB_SS_20050300_S99 (Mpa)"
"Mp_MB_F_20051200_S6",0,0.00763925243983875,0,1,1,-6.23499611645974,"Not Significant","logqc_LE_18_10_4","Lake Erie","18_10_4","2018","10","4","Mpa","10/4","2018 Lake Erie","No change","Mp_MB_F_20051200_S6 (Mpa)"
"Mp_MB_F_20051200_S9",0,0.0129444695602966,0,1,1,-6.23499611645974,"Not Significant","logqc_LE_18_10_4","Lake Erie","18_10_4","2018","10","4","Mpa","10/4","2018 Lake Erie","No change","Mp_MB_F_20051200_S9 (Mpa)"
"Mp_MB_F_20051200_S9D",0,0,0,1,1,-6.23499611645974,"Not Significant","logqc_LE_18_10_4","Lake Erie","18_10_4","2018","10","4","Mpa","10/4","2018 Lake Erie","No change","Mp_MB_F_20051200_S9D (Mpa)"
"Mp_MB_F_20080800_S26",0,0.0214366700714064,0,1,1,-6.23499611645974,"Not Significant","logqc_LE_18_10_4","Lake Erie","18_10_4","2018","10","4","Mpa","10/4","2018 Lake Erie","No change","Mp_MB_F_20080800_S26 (Mpa)"
"Mv_BB_P_19951000_S68",0,0.000200209738925561,0,1,1,-6.23499611645974,"Not Significant","logqc_LE_18_10_4","Lake Erie","18_10_4","2018","10","4","Mvi","10/4","2018 Lake Erie","No change","Mv_BB_P_19951000_S68 (Mvi)"
"Mv_BB_P_19951000_S68D",0,0.058572760991269,0,1,1,-6.23499611645974,"Not Significant","logqc_LE_18_10_4","Lake Erie","18_10_4","2018","10","4","Mvi","10/4","2018 Lake Erie","No change","Mv_BB_P_19951000_S68D (Mvi)"
"LE013-01",0,0.00867546477728927,0,1,1,-6.23499611645974,"Not Significant","logqc_LE_18_10_4","Lake Erie","18_10_4","2018","10","4","Mae8","10/4","2018 Lake Erie","No change","LE013-01 (Mae8)"
"Mw_MB_S_20031200_S109D",0,0.0326903523882331,0,1,1,-6.23499611645974,"Not Significant","logqc_LE_18_10_4","Lake Erie","18_10_4","2018","10","4","Mwe","10/4","2018 Lake Erie","No change","Mw_MB_S_20031200_S109D (Mwe)"
"Mw_QC_B_20070930_S4",0,0,0,1,1,-6.23499611645974,"Not Significant","logqc_LE_18_10_4","Lake Erie","18_10_4","2018","10","4","Mwe","10/4","2018 Lake Erie","No change","Mw_QC_B_20070930_S4 (Mwe)"
"Mw_QC_B_20070930_S4D",0,0.0115942067576874,0,1,1,-6.23499611645974,"Not Significant","logqc_LE_18_10_4","Lake Erie","18_10_4","2018","10","4","Mwe","10/4","2018 Lake Erie","No change","Mw_QC_B_20070930_S4D (Mwe)"
"TW10",0,0.0304914841160064,0,1,1,-6.23499611645974,"Not Significant","logqc_LE_18_10_4","Lake Erie","18_10_4","2018","10","4","Mae8","10/4","2018 Lake Erie","No change","TW10 (Mae8)"
"LE17-20C",0,0.0405752117684644,0,1,1,-6.23499611645974,"Not Significant","logqc_LE_18_10_4","Lake Erie","18_10_4","2018","10","4","Mae8","10/4","2018 Lake Erie","No change","LE17-20C (Mae8)"
"LE19-10",0,0.035897013020471,0,1,1,-6.23499611645974,"Not Significant","logqc_LE_18_10_4","Lake Erie","18_10_4","2018","10","4","Mae3_3","10/4","2018 Lake Erie","No change","LE19-10 (Mae3_3)"
"LE19-131",0,0.0903619212896802,0,1,1,-6.23499611645974,"Not Significant","logqc_LE_18_10_4","Lake Erie","18_10_4","2018","10","4","Mae1","10/4","2018 Lake Erie","No change","LE19-131 (Mae1)"
"LE19-13",0,0.0801902782450253,0,1,1,-6.23499611645974,"Not Significant","logqc_LE_18_10_4","Lake Erie","18_10_4","2018","10","4","Mfl_ae1","10/4","2018 Lake Erie","No change","LE19-13 (Mfl_ae1)"
"LE19-196",0,0.0169609752758347,0,1,1,-6.23499611645974,"Not Significant","logqc_LE_18_10_4","Lake Erie","18_10_4","2018","10","4","Mae5","10/4","2018 Lake Erie","No change","LE19-196 (Mae5)"
"LE19-197",0,0.0203531721026541,0,1,1,-6.23499611645974,"Not Significant","logqc_LE_18_10_4","Lake Erie","18_10_4","2018","10","4","Mfl_ae1","10/4","2018 Lake Erie","No change","LE19-197 (Mfl_ae1)"
"LE19-281",0,0.0185045581236523,0,1,1,-6.23499611645974,"Not Significant","logqc_LE_18_10_4","Lake Erie","18_10_4","2018","10","4","Mae3_3","10/4","2018 Lake Erie","No change","LE19-281 (Mae3_3)"
"LE19-388",0,0.00205546863257623,0,1,1,-6.23499611645974,"Not Significant","logqc_LE_18_10_4","Lake Erie","18_10_4","2018","10","4","Mfl_ae3","10/4","2018 Lake Erie","No change","LE19-388 (Mfl_ae3)"
"LE19-4",0,0.00652576662414928,0,1,1,-6.23499611645974,"Not Significant","logqc_LE_18_10_4","Lake Erie","18_10_4","2018","10","4","Mae5","10/4","2018 Lake Erie","No change","LE19-4 (Mae5)"
"LE19-59",0,0.040524784548568,0,1,1,-6.23499611645974,"Not Significant","logqc_LE_18_10_4","Lake Erie","18_10_4","2018","10","4","Mae3_3","10/4","2018 Lake Erie","No change","LE19-59 (Mae3_3)"
"LE19-98",0,0.000253070833139477,0,1,1,-6.23499611645974,"Not Significant","logqc_LE_18_10_4","Lake Erie","18_10_4","2018","10","4","Mfl_ae1","10/4","2018 Lake Erie","No change","LE19-98 (Mfl_ae1)"
"G13-09",-0.325563053848163,0.0147038367069868,-15.7781599351106,7.22255409847748e-22,1.3145048459229e-19,39.5433519365109,"Decreased","logqc_LH_19_06_12","Lake Huron","19_06_12","2019","06","12","Mae2_(HL/LG)","06/12","2019 Lake Huron","2019 Lake Huron","G13-09 (Mae2_(HL/LG))"
"NIES-4325",3.09260451540951,0.515605768568284,9.11939306096957,1.61821077709913e-12,1.47257180716021e-10,18.1684663229624,"Increased","logqc_LH_19_06_12","Lake Huron","19_06_12","2019","06","12","Mae10","06/12","2019 Lake Huron","2019 Lake Huron","NIES-4325 (Mae10)"
"TA09",2.14551654780734,0.259888765804974,8.92882674379397,3.23710828211903e-12,1.96384569115221e-10,17.478854560523,"Increased","logqc_LH_19_06_12","Lake Huron","19_06_12","2019","06","12","Mae10","06/12","2019 Lake Huron","2019 Lake Huron","TA09 (Mae10)"
"Ma_QC_B_20070730_S2",3.36153891421323,0.435470995302504,7.79681879465716,2.10832638825301e-10,9.59288506655122e-09,13.3286552606638,"Increased","logqc_LH_19_06_12","Lake Huron","19_06_12","2019","06","12","Mae1","06/12","2019 Lake Huron","2019 Lake Huron","Ma_QC_B_20070730_S2 (Mae1)"
"G13-10",-3.53322326285454,1.91344585883941,-5.26938243906525,2.45441247360368e-06,8.93406140391739e-05,4.08378140031484,"Decreased","logqc_LH_19_06_12","Lake Huron","19_06_12","2019","06","12","Mae2_(HL/LG)","06/12","2019 Lake Huron","2019 Lake Huron","G13-10 (Mae2_(HL/LG))"
"KLA2",1.54405954066107,0.368715473471586,5.12529704732572,4.11116966446678e-06,0.0001086988047294,3.57920790714889,"Increased","logqc_LH_19_06_12","Lake Huron","19_06_12","2019","06","12","Mae1","06/12","2019 Lake Huron","2019 Lake Huron","KLA2 (Mae1)"
"LG13-13",2.79137549247976,1.00860655239236,5.12059216836255,4.1807232588231e-06,0.0001086988047294,3.56281052938116,"Increased","logqc_LH_19_06_12","Lake Huron","19_06_12","2019","06","12","Mae10","06/12","2019 Lake Huron","2019 Lake Huron","LG13-13 (Mae10)"
"PCC_9809",1.21041318037703,0.268086319503821,4.68477689413061,1.93701025019763e-05,0.000440669831919961,2.06830915247631,"Increased","logqc_LH_19_06_12","Lake Huron","19_06_12","2019","06","12","Mae3_1","06/12","2019 Lake Huron","2019 Lake Huron","PCC_9809 (Mae3_1)"
"Ma_QC_Ca_00000000_S207",-1.42406387595228,0.583676704350923,-4.63801807377268,2.27720612642731e-05,0.00046050168334419,1.91111829696863,"Decreased","logqc_LH_19_06_12","Lake Huron","19_06_12","2019","06","12","Mae2_(LL/LG)","06/12","2019 Lake Huron","2019 Lake Huron","Ma_QC_Ca_00000000_S207 (Mae2_(LL/LG))"
"G13-11",-0.586445602503383,0.144613938089757,-4.37371744808241,5.61931404157121e-05,0.00102271515556596,1.03578182326226,"Decreased","logqc_LH_19_06_12","Lake Huron","19_06_12","2019","06","12","Mae2_(HL/LG)","06/12","2019 Lake Huron","2019 Lake Huron","G13-11 (Mae2_(HL/LG))"
"NIES-102",0.80479813660609,0.108348188815705,4.24646789589809,8.61648788899521e-05,0.0014256370870883,0.622953168086614,"Increased","logqc_LH_19_06_12","Lake Huron","19_06_12","2019","06","12","Mae3_1","06/12","2019 Lake Huron","2019 Lake Huron","NIES-102 (Mae3_1)"
"LE19-251",1.44074113791941,2.14433901987754,4.18584113120615,0.000105435326057765,0.00159910244520944,0.428384363933822,"Increased","logqc_LH_19_06_12","Lake Huron","19_06_12","2019","06","12","Mae3_3","06/12","2019 Lake Huron","2019 Lake Huron","LE19-251 (Mae3_3)"
"BS13-10",-2.81459391005652,3.71435705831315,-4.16103520834848,0.000114471773204045,0.00160260482485662,0.34918281470933,"Decreased","logqc_LH_19_06_12","Lake Huron","19_06_12","2019","06","12","Mae2_(HL/LG)","06/12","2019 Lake Huron","2019 Lake Huron","BS13-10 (Mae2_(HL/LG))"
"NIES-2549",0.741708284063032,0.0785609694088359,4.13367942843844,0.000125307442094544,0.00162899674722907,0.262119435629383,"Increased","logqc_LH_19_06_12","Lake Huron","19_06_12","2019","06","12","Mfl_ae4","06/12","2019 Lake Huron","2019 Lake Huron","NIES-2549 (Mfl_ae4)"
"L211-07",0.978191386275618,0.11190625229484,3.94845515868031,0.000229577636598679,0.00278554199073064,-0.319382300326158,"Increased","logqc_LH_19_06_12","Lake Huron","19_06_12","2019","06","12","Mae3_1","06/12","2019 Lake Huron","2019 Lake Huron","L211-07 (Mae3_1)"
"L111-01",-0.0340490670766835,0.00187237805834669,-3.67579469568869,0.000546748057575558,0.00621925915492198,-1.14812687981355,"Decreased","logqc_LH_19_06_12","Lake Huron","19_06_12","2019","06","12","Mae2_(HL/LG)","06/12","2019 Lake Huron","2019 Lake Huron","L111-01 (Mae2_(HL/LG))"
"BS11-05",-1.4696313556519,1.11655886680262,-3.64232069571278,0.00060695176742338,0.00649795421594442,-1.24747246152347,"Decreased","logqc_LH_19_06_12","Lake Huron","19_06_12","2019","06","12","Mae2_(HL/LG)","06/12","2019 Lake Huron","2019 Lake Huron","BS11-05 (Mae2_(HL/LG))"
"Ma_MB_F_20061100_S20D",0.772469651786658,0.0680865720923015,3.4853928447683,0.000984120586853303,0.00995055260040562,-1.70576904964746,"Increased","logqc_LH_19_06_12","Lake Huron","19_06_12","2019","06","12","Mae5","06/12","2019 Lake Huron","2019 Lake Huron","Ma_MB_F_20061100_S20D (Mae5)"
"SX13-11",-0.190693844946486,0.017622386286122,-3.26115160469454,0.00192561598385083,0.0184453741610974,-2.33819516790295,"Decreased","logqc_LH_19_06_12","Lake Huron","19_06_12","2019","06","12","Mae2_(HL/LG)","06/12","2019 Lake Huron","2019 Lake Huron","SX13-11 (Mae2_(HL/LG))"
"LE19-131",0.643996226169086,0.0903619212896802,3.15820449505223,0.00259952859731724,0.022166542910074,-2.6191446087126,"Increased","logqc_LH_19_06_12","Lake Huron","19_06_12","2019","06","12","Mae1","06/12","2019 Lake Huron","2019 Lake Huron","LE19-131 (Mae1)"
"Mw_MB_S_20031200_S109",-0.521725056806339,0.157347921766283,-3.15622800334654,0.00261441355941301,0.022166542910074,-2.62447847497123,"Decreased","logqc_LH_19_06_12","Lake Huron","19_06_12","2019","06","12","Mwe","06/12","2019 Lake Huron","2019 Lake Huron","Mw_MB_S_20031200_S109 (Mwe)"
"F13-15",1.34574558511379,1.40698658172397,3.14771147183988,0.00267947221989906,0.022166542910074,-2.64743539941825,"Increased","logqc_LH_19_06_12","Lake Huron","19_06_12","2019","06","12","Mae4","06/12","2019 Lake Huron","2019 Lake Huron","F13-15 (Mae4)"
"PCC_9443",0.854063177310049,0.395547888570149,2.92816811168705,0.00498439321141434,0.03944172019467,-3.22413922663527,"Increased","logqc_LH_19_06_12","Lake Huron","19_06_12","2019","06","12","Mae4","06/12","2019 Lake Huron","2019 Lake Huron","PCC_9443 (Mae4)"
"Ma_MB_F_20061100_S20",0.273789308198694,0.0146020964372637,2.77650763481839,0.007537951979649,0.0548762904118447,-3.6048385000909,"Not Significant","logqc_LH_19_06_12","Lake Huron","19_06_12","2019","06","12","Mae5","06/12","2019 Lake Huron","No change","Ma_MB_F_20061100_S20 (Mae5)"
"FACHB-1757",0.273789308198694,0.0146020964372637,2.77650763481839,0.007537951979649,0.0548762904118447,-3.6048385000909,"Not Significant","logqc_LH_19_06_12","Lake Huron","19_06_12","2019","06","12","Mae4","06/12","2019 Lake Huron","No change","FACHB-1757 (Mae4)"
"M_QC_C_20170808_M2Col",-0.308448908141279,0.118615750646058,-2.62159309159255,0.0113478889440972,0.0794352226086805,-3.97794656071173,"Not Significant","logqc_LH_19_06_12","Lake Huron","19_06_12","2019","06","12","Mae3_1","06/12","2019 Lake Huron","No change","M_QC_C_20170808_M2Col (Mae3_1)"
"G11-09",-0.149551936413688,0.0504221903893531,-2.4322359311188,0.0183530912060938,0.123713429611447,-4.41130262116142,"Not Significant","logqc_LH_19_06_12","Lake Huron","19_06_12","2019","06","12","Mae2_(HL/LG)","06/12","2019 Lake Huron","No change","G11-09 (Mae2_(HL/LG))"
"DF17",1.07621114315677,0.597718933770284,2.36951912048405,0.0214173419877244,0.139212722920209,-4.54911646230299,"Not Significant","logqc_LH_19_06_12","Lake Huron","19_06_12","2019","06","12","Mae3_1","06/12","2019 Lake Huron","No change","DF17 (Mae3_1)"
"CHAOHU_1326",0.297582803017932,0.0362841489748562,2.21024888461475,0.0313484081763607,0.19673828579647,-4.88584080856904,"Not Significant","logqc_LH_19_06_12","Lake Huron","19_06_12","2019","06","12","Mae4","06/12","2019 Lake Huron","No change","CHAOHU_1326 (Mae4)"
"Mv_BB_P_19951000_S68D",0.42762334573131,0.058572760991269,2.14334300744288,0.0366102894257166,0.222102422516014,-5.02147928690406,"Not Significant","logqc_LH_19_06_12","Lake Huron","19_06_12","2019","06","12","Mvi","06/12","2019 Lake Huron","No change","Mv_BB_P_19951000_S68D (Mvi)"
"Mn_MB_F_20050700_S1",0.458384713454936,0.149138906345602,2.06953066766586,0.0432979249965122,0.246362745292713,-5.16703311246751,"Not Significant","logqc_LH_19_06_12","Lake Huron","19_06_12","2019","06","12","Mn","06/12","2019 Lake Huron","No change","Mn_MB_F_20050700_S1 (Mn)"
"EAWAG127a",0.724388182746366,0.222501133930924,2.06933963977281,0.0433165266448726,0.246362745292713,-5.16740418646721,"Not Significant","logqc_LH_19_06_12","Lake Huron","19_06_12","2019","06","12","Mae6","06/12","2019 Lake Huron","No change","EAWAG127a (Mae6)"
"LE17-20C",0.297582803017932,0.0405752117684644,2.03833541796349,0.0464290501963978,0.254218452615103,-5.22724252146388,"Not Significant","logqc_LH_19_06_12","Lake Huron","19_06_12","2019","06","12","Mae8","06/12","2019 Lake Huron","No change","LE17-20C (Mae8)"
"LE13-04",0.280567482855576,0.0605714405924541,2.02816515901718,0.0474913592797445,0.254218452615103,-5.2467027831489,"Not Significant","logqc_LH_19_06_12","Lake Huron","19_06_12","2019","06","12","Mae2_(HL/LG)","06/12","2019 Lake Huron","No change","LE13-04 (Mae2_(HL/LG))"
"Sj",0.42762334573131,0.167634640982776,1.89044234812363,0.0640731887340447,0.333180581417032,-5.50192885826047,"Not Significant","logqc_LH_19_06_12","Lake Huron","19_06_12","2019","06","12","Unclassified","06/12","2019 Lake Huron","No change","Sj (Unclassified)"
"Ma_SC_T_19800800_S464",0.519806672820683,0.403603032421017,1.78538291603077,0.0798189904892386,0.403529340806706,-5.68604236389738,"Not Significant","logqc_LH_19_06_12","Lake Huron","19_06_12","2019","06","12","Mwe","06/12","2019 Lake Huron","No change","Ma_SC_T_19800800_S464 (Mwe)"
"LSC13-02",-0.979120980892601,1.50391835237686,-1.73045520838805,0.0892639881399754,0.439082320039879,-5.778581466315,"Not Significant","logqc_LH_19_06_12","Lake Huron","19_06_12","2019","06","12","Mae2_(LL/LG)","06/12","2019 Lake Huron","No change","LSC13-02 (Mae2_(LL/LG))"
"W13-13",-0.0340490670766835,0.00963758644345188,-1.64172441683811,0.106462570614887,0.507119121300416,-5.92258660147683,"Not Significant","logqc_LH_19_06_12","Lake Huron","19_06_12","2019","06","12","Mae2_(HL/LG)","06/12","2019 Lake Huron","No change","W13-13 (Mae2_(HL/LG))"
"S11-01",-0.390018218650705,0.197274366514199,-1.63121177903598,0.108668383135804,0.507119121300416,-5.9391948856698,"Not Significant","logqc_LH_19_06_12","Lake Huron","19_06_12","2019","06","12","Mae2_(LL/LG)","06/12","2019 Lake Huron","No change","S11-01 (Mae2_(LL/LG))"
"LG13-12",1.3058292098993,1.67744404555595,1.61633373879515,0.111853536952811,0.508933593135291,-5.96253459136426,"Not Significant","logqc_LH_19_06_12","Lake Huron","19_06_12","2019","06","12","Mae10","06/12","2019 Lake Huron","No change","LG13-12 (Mae10)"
"Mp_MB_F_20080800_S26D",-0.31271023760917,0.310031748566602,-1.54421206599516,0.12838112196297,0.569886931640501,-6.0729143326001,"Not Significant","logqc_LH_19_06_12","Lake Huron","19_06_12","2019","06","12","Mpa","06/12","2019 Lake Huron","No change","Mp_MB_F_20080800_S26D (Mpa)"
"Mw_QC_S_20081001_S30D",-0.104737774770148,0.0393285602473755,-1.43560843523758,0.156884734743001,0.679833850553004,-6.23039733671428,"Not Significant","logqc_LH_19_06_12","Lake Huron","19_06_12","2019","06","12","Mwe","06/12","2019 Lake Huron","No change","Mw_QC_S_20081001_S30D (Mwe)"
"Mp_GB_SS_20050300_S99D",-0.189028405859121,0.0713286176546508,-1.36260080238148,0.178667702842749,0.750081328926776,-6.33028279343073,"Not Significant","logqc_LH_19_06_12","Lake Huron","19_06_12","2019","06","12","Mpa","06/12","2019 Lake Huron","No change","Mp_GB_SS_20050300_S99D (Mpa)"
"NIES-843",0.410760020383273,0.41419869861001,1.35412932193871,0.181338343257023,0.750081328926776,-6.34155858576233,"Not Significant","logqc_LH_19_06_12","Lake Huron","19_06_12","2019","06","12","Mae3_1","06/12","2019 Lake Huron","No change","NIES-843 (Mae3_1)"
"SPC777",0.462847090919397,0.738352326476179,1.28022686739166,0.205940849617752,0.832916325120687,-6.43712981055728,"Not Significant","logqc_LH_19_06_12","Lake Huron","19_06_12","2019","06","12","Mae1","06/12","2019 Lake Huron","No change","SPC777 (Mae1)"
"K13-05",-0.150284622508241,0.0483281679742078,-1.23849400151928,0.220893114930729,0.870412706584878,-6.48886998450685,"Not Significant","logqc_LH_19_06_12","Lake Huron","19_06_12","2019","06","12","Mae3_3","06/12","2019 Lake Huron","No change","K13-05 (Mae3_3)"
"PCC_9807",-0.152230398234758,0.0953927111816176,-1.22799732921622,0.224776907744447,0.870412706584878,-6.50162895643406,"Not Significant","logqc_LH_19_06_12","Lake Huron","19_06_12","2019","06","12","Mae4","06/12","2019 Lake Huron","No change","PCC_9807 (Mae4)"
"LE19-84",0.450292312955202,1.48578914474714,1.13056531196625,0.263237544481361,0.998109022825162,-6.61514074466076,"Not Significant","logqc_LH_19_06_12","Lake Huron","19_06_12","2019","06","12","Mae4","06/12","2019 Lake Huron","No change","LE19-84 (Mae4)"
"LE19-195",-0.577527896837485,1.59120313463519,-1.06244022977718,0.292767081004163,1,-6.68919254819566,"Not Significant","logqc_LH_19_06_12","Lake Huron","19_06_12","2019","06","12","Mae3_1","06/12","2019 Lake Huron","No change","LE19-195 (Mae3_1)"
"SX13-01",-0.149551936413688,0.101462483160348,-1.01862630943479,0.312925258466495,1,-6.73448641904378,"Not Significant","logqc_LH_19_06_12","Lake Huron","19_06_12","2019","06","12","Mae2_(HL/LG)","06/12","2019 Lake Huron","No change","SX13-01 (Mae2_(HL/LG))"
"Mf_QC_C_20070823_S10",0.655490531925833,1.65735306210632,0.989030569042586,0.3270618850308,1,-6.7640432179848,"Not Significant","logqc_LH_19_06_12","Lake Huron","19_06_12","2019","06","12","Mfl_ae1","06/12","2019 Lake Huron","No change","Mf_QC_C_20070823_S10 (Mfl_ae1)"
"G11-06",-0.0340490670766835,0.0125333798659142,-0.969867627416591,0.33643924224302,1,-6.78273272114314,"Not Significant","logqc_LH_19_06_12","Lake Huron","19_06_12","2019","06","12","Mae2_(HL/LG)","06/12","2019 Lake Huron","No change","G11-06 (Mae2_(HL/LG))"
"NIES-87",-0.259717113552585,0.746447175377667,-0.964268720600636,0.339212305293247,1,-6.78812666262705,"Not Significant","logqc_LH_19_06_12","Lake Huron","19_06_12","2019","06","12","Mfl_ae6","06/12","2019 Lake Huron","No change","NIES-87 (Mfl_ae6)"
"K13-10",0.460331323292651,1.90090039066495,0.951328765512136,0.345678797814482,1,-6.80047744671338,"Not Significant","logqc_LH_19_06_12","Lake Huron","19_06_12","2019","06","12","Mae3_3","06/12","2019 Lake Huron","No change","K13-10 (Mae3_3)"
"Ma_QC_Ch_20071001_S25D",-0.298593588949892,0.372566968085964,-0.942016464073723,0.350382091591514,1,-6.8092659117069,"Not Significant","logqc_LH_19_06_12","Lake Huron","19_06_12","2019","06","12","Mae2_(LL/LG)","06/12","2019 Lake Huron","No change","Ma_QC_Ch_20071001_S25D (Mae2_(LL/LG))"
"11-30S32",0.324405121190786,0.534806423440277,0.905851378142693,0.369041138945057,1,-6.84260262082232,"Not Significant","logqc_LH_19_06_12","Lake Huron","19_06_12","2019","06","12","Mae3_1","06/12","2019 Lake Huron","No change","11-30S32 (Mae3_1)"
"T1-4",-0.312535819023272,0.676099264574117,-0.90397648698657,0.370025500533894,1,-6.84429639383595,"Not Significant","logqc_LH_19_06_12","Lake Huron","19_06_12","2019","06","12","Mfl_ae2","06/12","2019 Lake Huron","No change","T1-4 (Mfl_ae2)"
"LG13-11",-0.251996786982285,0.494245808471573,-0.826042503285872,0.412416957024037,1,-6.9116825598405,"Not Significant","logqc_LH_19_06_12","Lake Huron","19_06_12","2019","06","12","Mvi","06/12","2019 Lake Huron","No change","LG13-11 (Mvi)"
"BK11-02",-0.300201680221667,1.09855776593583,-0.755041567590622,0.453506607371026,1,-6.96791649813969,"Not Significant","logqc_LH_19_06_12","Lake Huron","19_06_12","2019","06","12","Mae2_(LL/LG)","06/12","2019 Lake Huron","No change","BK11-02 (Mae2_(LL/LG))"
"LE19-338",0.303871062311826,0.859899611526082,0.721658921132386,0.473619361317744,1,-6.99264733188012,"Not Significant","logqc_LH_19_06_12","Lake Huron","19_06_12","2019","06","12","Mfl_ae3","06/12","2019 Lake Huron","No change","LE19-338 (Mfl_ae3)"
"Mw_QC_S_20081001_S30",0.229894655265304,0.483802100567593,0.714645908480247,0.477907875532388,1,-6.99770341858138,"Not Significant","logqc_LH_19_06_12","Lake Huron","19_06_12","2019","06","12","Mwe","06/12","2019 Lake Huron","No change","Mw_QC_S_20081001_S30 (Mwe)"
"G13-05",-0.0340490670766835,0.0306149934736053,-0.703218894008263,0.48494211585363,1,-7.00583801702656,"Not Significant","logqc_LH_19_06_12","Lake Huron","19_06_12","2019","06","12","Mae2_(HL/LG)","06/12","2019 Lake Huron","No change","G13-05 (Mae2_(HL/LG))"
"LE17-10A",0.290948040973355,1.13435182819568,0.596800544209145,0.553136063971107,1,-7.07539723705951,"Not Significant","logqc_LH_19_06_12","Lake Huron","19_06_12","2019","06","12","Mae5","06/12","2019 Lake Huron","No change","LE17-10A (Mae5)"
"BS13-02",-0.0837059961181099,0.137650099733605,-0.577844548093843,0.565772399681932,1,-7.08660931775362,"Not Significant","logqc_LH_19_06_12","Lake Huron","19_06_12","2019","06","12","Mae6","06/12","2019 Lake Huron","No change","BS13-02 (Mae6)"
"W13-15",-0.0340490670766835,0.0310915074799987,-0.52864431732062,0.599219678116085,1,-7.1140411898907,"Not Significant","logqc_LH_19_06_12","Lake Huron","19_06_12","2019","06","12","Mae2_(HL/LG)","06/12","2019 Lake Huron","No change","W13-15 (Mae2_(HL/LG))"
"M_QC_C_20170808_M3Col",-0.12478621109698,0.198066234462503,-0.504088578581182,0.616250941230174,1,-7.12682920680279,"Not Significant","logqc_LH_19_06_12","Lake Huron","19_06_12","2019","06","12","Mae2_(LL/LG)","06/12","2019 Lake Huron","No change","M_QC_C_20170808_M3Col (Mae2_(LL/LG))"
"FD4",-0.220269767125527,1.73455209737951,-0.484306899614288,0.630127799634751,1,-7.13669283794877,"Not Significant","logqc_LH_19_06_12","Lake Huron","19_06_12","2019","06","12","Mvi","06/12","2019 Lake Huron","No change","FD4 (Mvi)"
"NIES-2520",0.258925621428721,2.11390555809893,0.479957345274069,0.633197328947741,1,-7.13880914820672,"Not Significant","logqc_LH_19_06_12","Lake Huron","19_06_12","2019","06","12","Mae3_2","06/12","2019 Lake Huron","No change","NIES-2520 (Mae3_2)"
"LE18-22",0.269312884667059,2.37538675014286,0.439911436705379,0.661758017008705,1,-7.15740378867875,"Not Significant","logqc_LH_19_06_12","Lake Huron","19_06_12","2019","06","12","Mae3_1","06/12","2019 Lake Huron","No change","LE18-22 (Mae3_1)"
"LE19-8",0.194793894345733,0.640050823369167,0.432043522092855,0.667431132052999,1,-7.16086823197643,"Not Significant","logqc_LH_19_06_12","Lake Huron","19_06_12","2019","06","12","Mae8","06/12","2019 Lake Huron","No change","LE19-8 (Mae8)"
"M_QC_C_20170808_M9Col",-0.0658459402955778,0.257986840954712,-0.323240982023043,0.747761933619183,1,-7.20240075889652,"Not Significant","logqc_LH_19_06_12","Lake Huron","19_06_12","2019","06","12","Mae3_1","06/12","2019 Lake Huron","No change","M_QC_C_20170808_M9Col (Mae3_1)"
"Ma_MB_S_20031200_S102",-0.0340490670766835,0.0997020858566253,-0.292844181378322,0.770764294245163,1,-7.21187434430895,"Not Significant","logqc_LH_19_06_12","Lake Huron","19_06_12","2019","06","12","Mae6","06/12","2019 Lake Huron","No change","Ma_MB_S_20031200_S102 (Mae6)"
"LE19-114",0.0728398909947633,0.564634074616638,0.144008386768064,0.886030259221487,1,-7.24479179787513,"Not Significant","logqc_LH_19_06_12","Lake Huron","19_06_12","2019","06","12","Mae5","06/12","2019 Lake Huron","No change","LE19-114 (Mae5)"
"L211-101",-0.0314455889136473,1.6167805291691,-0.0777726373177096,0.93829654814365,1,-7.25223436616755,"Not Significant","logqc_LH_19_06_12","Lake Huron","19_06_12","2019","06","12","Mae3_1","06/12","2019 Lake Huron","No change","L211-101 (Mae3_1)"
"NIES-44",0.0231829619533367,1.07510902301778,0.0566593316564546,0.955025826704589,1,-7.25367262033574,"Not Significant","logqc_LH_19_06_12","Lake Huron","19_06_12","2019","06","12","Mae8","06/12","2019 Lake Huron","No change","NIES-44 (Mae8)"
"0824",0,0.0337903604092532,0,1,1,-7.25529945791638,"Not Significant","logqc_LH_19_06_12","Lake Huron","19_06_12","2019","06","12","Mfl_ae5","06/12","2019 Lake Huron","No change","0824 (Mfl_ae5)"
"MC19",0,0.000214372615189159,0,1,1,-7.25529945791638,"Not Significant","logqc_LH_19_06_12","Lake Huron","19_06_12","2019","06","12","Mfl_ae2","06/12","2019 Lake Huron","No change","MC19 (Mfl_ae2)"
"M_OC_Ca_00000000_C217Col",0,0.111285924783708,0,1,1,-7.25529945791638,"Not Significant","logqc_LH_19_06_12","Lake Huron","19_06_12","2019","06","12","Mae4","06/12","2019 Lake Huron","No change","M_OC_Ca_00000000_C217Col (Mae4)"
"M_OC_Ca_00000000_S217Cul",0,0,0,1,1,-7.25529945791638,"Not Significant","logqc_LH_19_06_12","Lake Huron","19_06_12","2019","06","12","Mae4","06/12","2019 Lake Huron","No change","M_OC_Ca_00000000_S217Cul (Mae4)"
"Msp_OC_L_20101000_S702",0,0.00613463632603834,0,1,1,-7.25529945791638,"Not Significant","logqc_LH_19_06_12","Lake Huron","19_06_12","2019","06","12","Mae1","06/12","2019 Lake Huron","No change","Msp_OC_L_20101000_S702 (Mae1)"
"CACIAM_03",0,0,0,1,1,-7.25529945791638,"Not Significant","logqc_LH_19_06_12","Lake Huron","19_06_12","2019","06","12","Mae1","06/12","2019 Lake Huron","No change","CACIAM_03 (Mae1)"
"DA14",0,0.00571196148917547,0,1,1,-7.25529945791638,"Not Significant","logqc_LH_19_06_12","Lake Huron","19_06_12","2019","06","12","Mae1","06/12","2019 Lake Huron","No change","DA14 (Mae1)"
"DIANCHI905",0,0.0136551134488945,0,1,1,-7.25529945791638,"Not Significant","logqc_LH_19_06_12","Lake Huron","19_06_12","2019","06","12","Mae1","06/12","2019 Lake Huron","No change","DIANCHI905 (Mae1)"
"FACHB-524",0,0.0547789840713263,0,1,1,-7.25529945791638,"Not Significant","logqc_LH_19_06_12","Lake Huron","19_06_12","2019","06","12","Mae1","06/12","2019 Lake Huron","No change","FACHB-524 (Mae1)"
"FCY-26",0,0.0140327118228079,0,1,1,-7.25529945791638,"Not Significant","logqc_LH_19_06_12","Lake Huron","19_06_12","2019","06","12","Mae1","06/12","2019 Lake Huron","No change","FCY-26 (Mae1)"
"FCY-27",0,0,0,1,1,-7.25529945791638,"Not Significant","logqc_LH_19_06_12","Lake Huron","19_06_12","2019","06","12","Unclassified","06/12","2019 Lake Huron","No change","FCY-27 (Unclassified)"
"FCY-27",0,0.0672416368619685,0,1,1,-7.25529945791638,"Not Significant","logqc_LH_19_06_12","Lake Huron","19_06_12","2019","06","12","Unclassified","06/12","2019 Lake Huron","No change","FCY-27 (Unclassified)"
"FCY-27",0,0,0,1,1,-7.25529945791638,"Not Significant","logqc_LH_19_06_12","Lake Huron","19_06_12","2019","06","12","Unclassified","06/12","2019 Lake Huron","No change","FCY-27 (Unclassified)"
"FCY-28",0,0.128940385549611,0,1,1,-7.25529945791638,"Not Significant","logqc_LH_19_06_12","Lake Huron","19_06_12","2019","06","12","Mae1","06/12","2019 Lake Huron","No change","FCY-28 (Mae1)"
"G11-01",0,0.000188710934714087,0,1,1,-7.25529945791638,"Not Significant","logqc_LH_19_06_12","Lake Huron","19_06_12","2019","06","12","Mae2_(HL/LG)","06/12","2019 Lake Huron","No change","G11-01 (Mae2_(HL/LG))"
"G11-04",0,0.0104425127262745,0,1,1,-7.25529945791638,"Not Significant","logqc_LH_19_06_12","Lake Huron","19_06_12","2019","06","12","Mae2_(HL/LG)","06/12","2019 Lake Huron","No change","G11-04 (Mae2_(HL/LG))"
"G13-01",0,0.00494134073905403,0,1,1,-7.25529945791638,"Not Significant","logqc_LH_19_06_12","Lake Huron","19_06_12","2019","06","12","Mae2_(HL/LG)","06/12","2019 Lake Huron","No change","G13-01 (Mae2_(HL/LG))"
"G13-03",0,0,0,1,1,-7.25529945791638,"Not Significant","logqc_LH_19_06_12","Lake Huron","19_06_12","2019","06","12","Mae2_(HL/LG)","06/12","2019 Lake Huron","No change","G13-03 (Mae2_(HL/LG))"
"G13-07",0,0.240259247661432,0,1,1,-7.25529945791638,"Not Significant","logqc_LH_19_06_12","Lake Huron","19_06_12","2019","06","12","Mae2_(HL/LG)","06/12","2019 Lake Huron","No change","G13-07 (Mae2_(HL/LG))"
"G13-12",0,0.0160517041433756,0,1,1,-7.25529945791638,"Not Significant","logqc_LH_19_06_12","Lake Huron","19_06_12","2019","06","12","Mae2_(HL/LG)","06/12","2019 Lake Huron","No change","G13-12 (Mae2_(HL/LG))"
"K13-06",0,0.0866228644935585,0,1,1,-7.25529945791638,"Not Significant","logqc_LH_19_06_12","Lake Huron","19_06_12","2019","06","12","Mae3_2","06/12","2019 Lake Huron","No change","K13-06 (Mae3_2)"
"K13-07",0,0.103993129310759,0,1,1,-7.25529945791638,"Not Significant","logqc_LH_19_06_12","Lake Huron","19_06_12","2019","06","12","Mae2_(LL/LG)","06/12","2019 Lake Huron","No change","K13-07 (Mae2_(LL/LG))"
"KW",0,0.228886029414017,0,1,1,-7.25529945791638,"Not Significant","logqc_LH_19_06_12","Lake Huron","19_06_12","2019","06","12","Mae3_1","06/12","2019 Lake Huron","No change","KW (Mae3_1)"
"L211-11",0,0.018938467828755,0,1,1,-7.25529945791638,"Not Significant","logqc_LH_19_06_12","Lake Huron","19_06_12","2019","06","12","Mae3_1","06/12","2019 Lake Huron","No change","L211-11 (Mae3_1)"
"L311-01",0,0.0187007574921333,0,1,1,-7.25529945791638,"Not Significant","logqc_LH_19_06_12","Lake Huron","19_06_12","2019","06","12","Mae1","06/12","2019 Lake Huron","No change","L311-01 (Mae1)"
"LE3",0,0.0550937925627485,0,1,1,-7.25529945791638,"Not Significant","logqc_LH_19_06_12","Lake Huron","19_06_12","2019","06","12","Mae1","06/12","2019 Lake Huron","No change","LE3 (Mae1)"
"LG11-05",0,0.0100220001339047,0,1,1,-7.25529945791638,"Not Significant","logqc_LH_19_06_12","Lake Huron","19_06_12","2019","06","12","Mae10","06/12","2019 Lake Huron","No change","LG11-05 (Mae10)"
"LG13-03",0,0.0252745359021614,0,1,1,-7.25529945791638,"Not Significant","logqc_LH_19_06_12","Lake Huron","19_06_12","2019","06","12","Mae10","06/12","2019 Lake Huron","No change","LG13-03 (Mae10)"
"LL11-07",0,0.0120445568874154,0,1,1,-7.25529945791638,"Not Significant","logqc_LH_19_06_12","Lake Huron","19_06_12","2019","06","12","Mae2_(HL/LG)","06/12","2019 Lake Huron","No change","LL11-07 (Mae2_(HL/LG))"
"LL13-03",0,0.0038955905749627,0,1,1,-7.25529945791638,"Not Significant","logqc_LH_19_06_12","Lake Huron","19_06_12","2019","06","12","Mae2_(HL/LG)","06/12","2019 Lake Huron","No change","LL13-03 (Mae2_(HL/LG))"
"LL13-06",0,0.0165886045674064,0,1,1,-7.25529945791638,"Not Significant","logqc_LH_19_06_12","Lake Huron","19_06_12","2019","06","12","Mae2_(LL/LG)","06/12","2019 Lake Huron","No change","LL13-06 (Mae2_(LL/LG))"
"Ma_AC_P_19900807_S300",0,0.0918720102450322,0,1,1,-7.25529945791638,"Not Significant","logqc_LH_19_06_12","Lake Huron","19_06_12","2019","06","12","Mae1","06/12","2019 Lake Huron","No change","Ma_AC_P_19900807_S300 (Mae1)"
"Ma_MB_F_20061100_S19",0,0.00150678531318592,0,1,1,-7.25529945791638,"Not Significant","logqc_LH_19_06_12","Lake Huron","19_06_12","2019","06","12","Mae1","06/12","2019 Lake Huron","No change","Ma_MB_F_20061100_S19 (Mae1)"
"Ma_MB_F_20061100_S19D",0,0,0,1,1,-7.25529945791638,"Not Significant","logqc_LH_19_06_12","Lake Huron","19_06_12","2019","06","12","Mae1","06/12","2019 Lake Huron","No change","Ma_MB_F_20061100_S19D (Mae1)"
"Ma_MB_S_20031200_S102D",0,0.0260079543864669,0,1,1,-7.25529945791638,"Not Significant","logqc_LH_19_06_12","Lake Huron","19_06_12","2019","06","12","Mae6","06/12","2019 Lake Huron","No change","Ma_MB_S_20031200_S102D (Mae6)"
"Ma_OC_H_19870700_S124",0,0.000626101344307828,0,1,1,-7.25529945791638,"Not Significant","logqc_LH_19_06_12","Lake Huron","19_06_12","2019","06","12","Mae8","06/12","2019 Lake Huron","No change","Ma_OC_H_19870700_S124 (Mae8)"
"Ma_OC_LR_19540900_S633",0,0,0,1,1,-7.25529945791638,"Not Significant","logqc_LH_19_06_12","Lake Huron","19_06_12","2019","06","12","Mae1","06/12","2019 Lake Huron","No change","Ma_OC_LR_19540900_S633 (Mae1)"
"Ma_QC_C_20070703_M131",0,0.0650762610075088,0,1,1,-7.25529945791638,"Not Significant","logqc_LH_19_06_12","Lake Huron","19_06_12","2019","06","12","Mae9","06/12","2019 Lake Huron","No change","Ma_QC_C_20070703_M131 (Mae9)"
"Ma_QC_C_20070823_S13",0,0,0,1,1,-7.25529945791638,"Not Significant","logqc_LH_19_06_12","Lake Huron","19_06_12","2019","06","12","Mae2_(HL/LG)","06/12","2019 Lake Huron","No change","Ma_QC_C_20070823_S13 (Mae2_(HL/LG))"
"Ma_QC_C_20070823_S13D",0,0,0,1,1,-7.25529945791638,"Not Significant","logqc_LH_19_06_12","Lake Huron","19_06_12","2019","06","12","Mae2_(HL/LG)","06/12","2019 Lake Huron","No change","Ma_QC_C_20070823_S13D (Mae2_(HL/LG))"
"Ma_QC_Ch_20071001_M135",0,0.00567770030287288,0,1,1,-7.25529945791638,"Not Significant","logqc_LH_19_06_12","Lake Huron","19_06_12","2019","06","12","Mae2_(LL/LG)","06/12","2019 Lake Huron","No change","Ma_QC_Ch_20071001_M135 (Mae2_(LL/LG))"
"Ma_QC_Ch_20071001_S25",0,0.00284874706007544,0,1,1,-7.25529945791638,"Not Significant","logqc_LH_19_06_12","Lake Huron","19_06_12","2019","06","12","Mae2_(LL/LG)","06/12","2019 Lake Huron","No change","Ma_QC_Ch_20071001_S25 (Mae2_(LL/LG))"
"NIES-1211",0,0,0,1,1,-7.25529945791638,"Not Significant","logqc_LH_19_06_12","Lake Huron","19_06_12","2019","06","12","Mfl_ae2","06/12","2019 Lake Huron","No change","NIES-1211 (Mfl_ae2)"
"NIES-2481",0,0.0102832125020514,0,1,1,-7.25529945791638,"Not Significant","logqc_LH_19_06_12","Lake Huron","19_06_12","2019","06","12","Mfl_ae4","06/12","2019 Lake Huron","No change","NIES-2481 (Mfl_ae4)"
"NIES-2519",0,0,0,1,1,-7.25529945791638,"Not Significant","logqc_LH_19_06_12","Lake Huron","19_06_12","2019","06","12","Mfl_ae2","06/12","2019 Lake Huron","No change","NIES-2519 (Mfl_ae2)"
"NIES-2521",0,0.28888964313418,0,1,1,-7.25529945791638,"Not Significant","logqc_LH_19_06_12","Lake Huron","19_06_12","2019","06","12","Mfl_ae4","06/12","2019 Lake Huron","No change","NIES-2521 (Mfl_ae4)"
"NIES-2522",0,0.00907699685756601,0,1,1,-7.25529945791638,"Not Significant","logqc_LH_19_06_12","Lake Huron","19_06_12","2019","06","12","Mfl_ae2","06/12","2019 Lake Huron","No change","NIES-2522 (Mfl_ae2)"
"NIES-298",0,0.00396058292170508,0,1,1,-7.25529945791638,"Not Significant","logqc_LH_19_06_12","Lake Huron","19_06_12","2019","06","12","Mae1","06/12","2019 Lake Huron","No change","NIES-298 (Mae1)"
"NIES-3787",0,0.00428337259915598,0,1,1,-7.25529945791638,"Not Significant","logqc_LH_19_06_12","Lake Huron","19_06_12","2019","06","12","Mfl_ae4","06/12","2019 Lake Huron","No change","NIES-3787 (Mfl_ae4)"
"NIES-3804",0,0.0375041297968267,0,1,1,-7.25529945791638,"Not Significant","logqc_LH_19_06_12","Lake Huron","19_06_12","2019","06","12","Mfl_ae3","06/12","2019 Lake Huron","No change","NIES-3804 (Mfl_ae3)"
"NIES-3806",0,0.00256348426910084,0,1,1,-7.25529945791638,"Not Significant","logqc_LH_19_06_12","Lake Huron","19_06_12","2019","06","12","Mfl_ae4","06/12","2019 Lake Huron","No change","NIES-3806 (Mfl_ae4)"
"NIES-3807",0,0.00304191839117172,0,1,1,-7.25529945791638,"Not Significant","logqc_LH_19_06_12","Lake Huron","19_06_12","2019","06","12","Mfl_ae4","06/12","2019 Lake Huron","No change","NIES-3807 (Mfl_ae4)"
"NIES-4264",0,0.00159482942609291,0,1,1,-7.25529945791638,"Not Significant","logqc_LH_19_06_12","Lake Huron","19_06_12","2019","06","12","Mfl_ae2","06/12","2019 Lake Huron","No change","NIES-4264 (Mfl_ae2)"
"NIES-4285",0,0.0209054276086438,0,1,1,-7.25529945791638,"Not Significant","logqc_LH_19_06_12","Lake Huron","19_06_12","2019","06","12","Mae1","06/12","2019 Lake Huron","No change","NIES-4285 (Mae1)"
"NIES-88",0,0.0166130923980228,0,1,1,-7.25529945791638,"Not Significant","logqc_LH_19_06_12","Lake Huron","19_06_12","2019","06","12","Mae3_1","06/12","2019 Lake Huron","No change","NIES-88 (Mae3_1)"
"NIES-98",0,0.0383344961775684,0,1,1,-7.25529945791638,"Not Significant","logqc_LH_19_06_12","Lake Huron","19_06_12","2019","06","12","Mae1","06/12","2019 Lake Huron","No change","NIES-98 (Mae1)"
"NaRes975",0,0.000426382505789865,0,1,1,-7.25529945791638,"Not Significant","logqc_LH_19_06_12","Lake Huron","19_06_12","2019","06","12","Mae1","06/12","2019 Lake Huron","No change","NaRes975 (Mae1)"
"PCC_7005",0,0.105333022534326,0,1,1,-7.25529945791638,"Not Significant","logqc_LH_19_06_12","Lake Huron","19_06_12","2019","06","12","Mae1","06/12","2019 Lake Huron","No change","PCC_7005 (Mae1)"
"PCC_7806SL",0,0.000426382505789865,0,1,1,-7.25529945791638,"Not Significant","logqc_LH_19_06_12","Lake Huron","19_06_12","2019","06","12","Mae1","06/12","2019 Lake Huron","No change","PCC_7806SL (Mae1)"
"PCC_7941",0,0.047432122570435,0,1,1,-7.25529945791638,"Not Significant","logqc_LH_19_06_12","Lake Huron","19_06_12","2019","06","12","Mae1","06/12","2019 Lake Huron","No change","PCC_7941 (Mae1)"
"PCC_9432",0,0.0246211750270618,0,1,1,-7.25529945791638,"Not Significant","logqc_LH_19_06_12","Lake Huron","19_06_12","2019","06","12","Mae1","06/12","2019 Lake Huron","No change","PCC_9432 (Mae1)"
"PCC_9701",0,0,0,1,1,-7.25529945791638,"Not Significant","logqc_LH_19_06_12","Lake Huron","19_06_12","2019","06","12","Mfl_ae1","06/12","2019 Lake Huron","No change","PCC_9701 (Mfl_ae1)"
"PCC_9717",0,0.000188710934714087,0,1,1,-7.25529945791638,"Not Significant","logqc_LH_19_06_12","Lake Huron","19_06_12","2019","06","12","Mae3_3","06/12","2019 Lake Huron","No change","PCC_9717 (Mae3_3)"
"PCC_9806",0,0.000253070833139477,0,1,1,-7.25529945791638,"Not Significant","logqc_LH_19_06_12","Lake Huron","19_06_12","2019","06","12","Mfl_ae3","06/12","2019 Lake Huron","No change","PCC_9806 (Mfl_ae3)"
"PCC_9808",0,0.00937374958881915,0,1,1,-7.25529945791638,"Not Significant","logqc_LH_19_06_12","Lake Huron","19_06_12","2019","06","12","Mae1","06/12","2019 Lake Huron","No change","PCC_9808 (Mae1)"
"S11-05",0,0,0,1,1,-7.25529945791638,"Not Significant","logqc_LH_19_06_12","Lake Huron","19_06_12","2019","06","12","Mae2_(LL/LG)","06/12","2019 Lake Huron","No change","S11-05 (Mae2_(LL/LG))"
"TAIHU98",0,0.00144659403385004,0,1,1,-7.25529945791638,"Not Significant","logqc_LH_19_06_12","Lake Huron","19_06_12","2019","06","12","Mae1","06/12","2019 Lake Huron","No change","TAIHU98 (Mae1)"
"W11-03",0,0.00624387145981817,0,1,1,-7.25529945791638,"Not Significant","logqc_LH_19_06_12","Lake Huron","19_06_12","2019","06","12","Mwe","06/12","2019 Lake Huron","No change","W11-03 (Mwe)"
"W11-06",0,0,0,1,1,-7.25529945791638,"Not Significant","logqc_LH_19_06_12","Lake Huron","19_06_12","2019","06","12","Mwe","06/12","2019 Lake Huron","No change","W11-06 (Mwe)"
"W13-11",0,0.0159541083323116,0,1,1,-7.25529945791638,"Not Significant","logqc_LH_19_06_12","Lake Huron","19_06_12","2019","06","12","Mae1","06/12","2019 Lake Huron","No change","W13-11 (Mae1)"
"W13-16",0,0.0277228925437981,0,1,1,-7.25529945791638,"Not Significant","logqc_LH_19_06_12","Lake Huron","19_06_12","2019","06","12","Mae2_(HL/LG)","06/12","2019 Lake Huron","No change","W13-16 (Mae2_(HL/LG))"
"W13-18",0,0,0,1,1,-7.25529945791638,"Not Significant","logqc_LH_19_06_12","Lake Huron","19_06_12","2019","06","12","Mae2_(LL/LG)","06/12","2019 Lake Huron","No change","W13-18 (Mae2_(LL/LG))"
"Ma_QC_C_20070823_S18",0,0.0667747573911391,0,1,1,-7.25529945791638,"Not Significant","logqc_LH_19_06_12","Lake Huron","19_06_12","2019","06","12","Mfl_ae1","06/12","2019 Lake Huron","No change","Ma_QC_C_20070823_S18 (Mfl_ae1)"
"Ma_QC_C_20070823_S18D",0,0.00470352069963393,0,1,1,-7.25529945791638,"Not Significant","logqc_LH_19_06_12","Lake Huron","19_06_12","2019","06","12","Mfl_ae1","06/12","2019 Lake Huron","No change","Ma_QC_C_20070823_S18D (Mfl_ae1)"
"Mf_QC_C_20070823_S10D",0,0.00757522624448734,0,1,1,-7.25529945791638,"Not Significant","logqc_LH_19_06_12","Lake Huron","19_06_12","2019","06","12","Mfl_ae1","06/12","2019 Lake Huron","No change","Mf_QC_C_20070823_S10D (Mfl_ae1)"
"Mf_QC_C_20070823_S20",0,0,0,1,1,-7.25529945791638,"Not Significant","logqc_LH_19_06_12","Lake Huron","19_06_12","2019","06","12","Mfl_ae1","06/12","2019 Lake Huron","No change","Mf_QC_C_20070823_S20 (Mfl_ae1)"
"Mf_QC_C_20070823_S20D",0,0,0,1,1,-7.25529945791638,"Not Significant","logqc_LH_19_06_12","Lake Huron","19_06_12","2019","06","12","Mfl_ae1","06/12","2019 Lake Huron","No change","Mf_QC_C_20070823_S20D (Mfl_ae1)"
"Mf_QC_C_20070823_S20T",0,0,0,1,1,-7.25529945791638,"Not Significant","logqc_LH_19_06_12","Lake Huron","19_06_12","2019","06","12","Mfl_ae1","06/12","2019 Lake Huron","No change","Mf_QC_C_20070823_S20T (Mfl_ae1)"
"Mf_WU_F_19750830_S460",0,0.0199662542891306,0,1,1,-7.25529945791638,"Not Significant","logqc_LH_19_06_12","Lake Huron","19_06_12","2019","06","12","Mfl_ae3","06/12","2019 Lake Huron","No change","Mf_WU_F_19750830_S460 (Mfl_ae3)"
"TF09",0,0.375654853281397,0,1,1,-7.25529945791638,"Not Significant","logqc_LH_19_06_12","Lake Huron","19_06_12","2019","06","12","Mae1","06/12","2019 Lake Huron","No change","TF09 (Mae1)"
"Mn_MB_F_20050700_S1D",0,0.225709300796186,0,1,1,-7.25529945791638,"Not Significant","logqc_LH_19_06_12","Lake Huron","19_06_12","2019","06","12","Mn","06/12","2019 Lake Huron","No change","Mn_MB_F_20050700_S1D (Mn)"
"Mp_GB_SS_20050300_S99",0,0.011287167771039,0,1,1,-7.25529945791638,"Not Significant","logqc_LH_19_06_12","Lake Huron","19_06_12","2019","06","12","Mpa","06/12","2019 Lake Huron","No change","Mp_GB_SS_20050300_S99 (Mpa)"
"Mp_MB_F_20051200_S6",0,0.00763925243983875,0,1,1,-7.25529945791638,"Not Significant","logqc_LH_19_06_12","Lake Huron","19_06_12","2019","06","12","Mpa","06/12","2019 Lake Huron","No change","Mp_MB_F_20051200_S6 (Mpa)"
"Mp_MB_F_20051200_S6D",0,0.00542826465134461,0,1,1,-7.25529945791638,"Not Significant","logqc_LH_19_06_12","Lake Huron","19_06_12","2019","06","12","Mpa","06/12","2019 Lake Huron","No change","Mp_MB_F_20051200_S6D (Mpa)"
"Mp_MB_F_20051200_S9",0,0.0129444695602966,0,1,1,-7.25529945791638,"Not Significant","logqc_LH_19_06_12","Lake Huron","19_06_12","2019","06","12","Mpa","06/12","2019 Lake Huron","No change","Mp_MB_F_20051200_S9 (Mpa)"
"Mp_MB_F_20051200_S9D",0,0,0,1,1,-7.25529945791638,"Not Significant","logqc_LH_19_06_12","Lake Huron","19_06_12","2019","06","12","Mpa","06/12","2019 Lake Huron","No change","Mp_MB_F_20051200_S9D (Mpa)"
"Mp_MB_F_20080800_S26",0,0.0214366700714064,0,1,1,-7.25529945791638,"Not Significant","logqc_LH_19_06_12","Lake Huron","19_06_12","2019","06","12","Mpa","06/12","2019 Lake Huron","No change","Mp_MB_F_20080800_S26 (Mpa)"
"Mv_BB_P_19951000_S68",0,0.000200209738925561,0,1,1,-7.25529945791638,"Not Significant","logqc_LH_19_06_12","Lake Huron","19_06_12","2019","06","12","Mvi","06/12","2019 Lake Huron","No change","Mv_BB_P_19951000_S68 (Mvi)"
"Mv_BB_P_19951000_S69",0,0.1576481250027,0,1,1,-7.25529945791638,"Not Significant","logqc_LH_19_06_12","Lake Huron","19_06_12","2019","06","12","Mvi","06/12","2019 Lake Huron","No change","Mv_BB_P_19951000_S69 (Mvi)"
"Mv_BB_P_19951000_S69D",0,0.013868195965796,0,1,1,-7.25529945791638,"Not Significant","logqc_LH_19_06_12","Lake Huron","19_06_12","2019","06","12","Mvi","06/12","2019 Lake Huron","No change","Mv_BB_P_19951000_S69D (Mvi)"
"LE013-01",0,0.00867546477728927,0,1,1,-7.25529945791638,"Not Significant","logqc_LH_19_06_12","Lake Huron","19_06_12","2019","06","12","Mae8","06/12","2019 Lake Huron","No change","LE013-01 (Mae8)"
"Mw_MB_S_20031200_S109D",0,0.0326903523882331,0,1,1,-7.25529945791638,"Not Significant","logqc_LH_19_06_12","Lake Huron","19_06_12","2019","06","12","Mwe","06/12","2019 Lake Huron","No change","Mw_MB_S_20031200_S109D (Mwe)"
"Mw_QC_B_20070930_S4",0,0,0,1,1,-7.25529945791638,"Not Significant","logqc_LH_19_06_12","Lake Huron","19_06_12","2019","06","12","Mwe","06/12","2019 Lake Huron","No change","Mw_QC_B_20070930_S4 (Mwe)"
"Mw_QC_B_20070930_S4D",0,0.0115942067576874,0,1,1,-7.25529945791638,"Not Significant","logqc_LH_19_06_12","Lake Huron","19_06_12","2019","06","12","Mwe","06/12","2019 Lake Huron","No change","Mw_QC_B_20070930_S4D (Mwe)"
"TW10",0,0.0304914841160064,0,1,1,-7.25529945791638,"Not Significant","logqc_LH_19_06_12","Lake Huron","19_06_12","2019","06","12","Mae8","06/12","2019 Lake Huron","No change","TW10 (Mae8)"
"LE19-10",0,0.035897013020471,0,1,1,-7.25529945791638,"Not Significant","logqc_LH_19_06_12","Lake Huron","19_06_12","2019","06","12","Mae3_3","06/12","2019 Lake Huron","No change","LE19-10 (Mae3_3)"
"LE19-12",0,0.00848597483020087,0,1,1,-7.25529945791638,"Not Significant","logqc_LH_19_06_12","Lake Huron","19_06_12","2019","06","12","Mfl_ae1","06/12","2019 Lake Huron","No change","LE19-12 (Mfl_ae1)"
"LE19-13",0,0.0801902782450253,0,1,1,-7.25529945791638,"Not Significant","logqc_LH_19_06_12","Lake Huron","19_06_12","2019","06","12","Mfl_ae1","06/12","2019 Lake Huron","No change","LE19-13 (Mfl_ae1)"
"LE19-196",0,0.0169609752758347,0,1,1,-7.25529945791638,"Not Significant","logqc_LH_19_06_12","Lake Huron","19_06_12","2019","06","12","Mae5","06/12","2019 Lake Huron","No change","LE19-196 (Mae5)"
"LE19-197",0,0.0203531721026541,0,1,1,-7.25529945791638,"Not Significant","logqc_LH_19_06_12","Lake Huron","19_06_12","2019","06","12","Mfl_ae1","06/12","2019 Lake Huron","No change","LE19-197 (Mfl_ae1)"
"LE19-281",0,0.0185045581236523,0,1,1,-7.25529945791638,"Not Significant","logqc_LH_19_06_12","Lake Huron","19_06_12","2019","06","12","Mae3_3","06/12","2019 Lake Huron","No change","LE19-281 (Mae3_3)"
"LE19-388",0,0.00205546863257623,0,1,1,-7.25529945791638,"Not Significant","logqc_LH_19_06_12","Lake Huron","19_06_12","2019","06","12","Mfl_ae3","06/12","2019 Lake Huron","No change","LE19-388 (Mfl_ae3)"
"LE19-41",0,0.0886701153905635,0,1,1,-7.25529945791638,"Not Significant","logqc_LH_19_06_12","Lake Huron","19_06_12","2019","06","12","Mae3_3","06/12","2019 Lake Huron","No change","LE19-41 (Mae3_3)"
"LE19-4",0,0.00652576662414928,0,1,1,-7.25529945791638,"Not Significant","logqc_LH_19_06_12","Lake Huron","19_06_12","2019","06","12","Mae5","06/12","2019 Lake Huron","No change","LE19-4 (Mae5)"
"LE19-55",0,0.232007677225329,0,1,1,-7.25529945791638,"Not Significant","logqc_LH_19_06_12","Lake Huron","19_06_12","2019","06","12","Mfl_ae1","06/12","2019 Lake Huron","No change","LE19-55 (Mfl_ae1)"
"LE19-59",0,0.040524784548568,0,1,1,-7.25529945791638,"Not Significant","logqc_LH_19_06_12","Lake Huron","19_06_12","2019","06","12","Mae3_3","06/12","2019 Lake Huron","No change","LE19-59 (Mae3_3)"
"LE19-98",0,0.000253070833139477,0,1,1,-7.25529945791638,"Not Significant","logqc_LH_19_06_12","Lake Huron","19_06_12","2019","06","12","Mfl_ae1","06/12","2019 Lake Huron","No change","LE19-98 (Mfl_ae1)"
"NIES-4285",-0.208389485508065,0.0209054276086438,-5.43700918527913,1.3406746895339e-06,0.000244002793495171,5.20194445408754,"Decreased","logqc_LE_19_07_18","Lake Erie","19_07_18","2019","07","18","Mae1","07/18","2019 Lake Erie","2019 Lake Erie","NIES-4285 (Mae1)"
"0824",0.286963639506583,0.0337903604092532,3.98815201436308,0.000201848649193539,0.0163526317544307,0.577490648328563,"Increased","logqc_LE_19_07_18","Lake Erie","19_07_18","2019","07","18","Mfl_ae5","07/18","2019 Lake Erie","2019 Lake Erie","0824 (Mfl_ae5)"
"DA14",-0.124466594351252,0.00571196148917547,-3.89870017148041,0.000269548875073033,0.0163526317544307,0.313214643268033,"Decreased","logqc_LE_19_07_18","Lake Erie","19_07_18","2019","07","18","Mae1","07/18","2019 Lake Erie","2019 Lake Erie","DA14 (Mae1)"
"EAWAG127a",1.31366109072338,0.222501133930924,3.75269921985034,0.000429333375139837,0.0195346685688626,-0.111108594920481,"Increased","logqc_LE_19_07_18","Lake Erie","19_07_18","2019","07","18","Mae6","07/18","2019 Lake Erie","2019 Lake Erie","EAWAG127a (Mae6)"
"LE19-10",-0.261234297005529,0.035897013020471,-3.33661306118906,0.00154032680937539,0.056067895861264,-1.26771604876362,"Not Significant","logqc_LE_19_07_18","Lake Erie","19_07_18","2019","07","18","Mae3_3","07/18","2019 Lake Erie","No change","LE19-10 (Mae3_3)"
"LE19-55",0.677785528496095,0.232007677225329,3.23378975009865,0.00208655555873986,0.0632921852817757,-1.54036006984857,"Not Significant","logqc_LE_19_07_18","Lake Erie","19_07_18","2019","07","18","Mfl_ae1","07/18","2019 Lake Erie","No change","LE19-55 (Mfl_ae1)"
"LE3",-0.329939364097688,0.0550937925627485,-3.06839551410942,0.00336276548831817,0.0863309892347745,-1.96695062559322,"Not Significant","logqc_LE_19_07_18","Lake Erie","19_07_18","2019","07","18","Mae1","07/18","2019 Lake Erie","No change","LE3 (Mae1)"
"LE19-196",-0.121941372359066,0.0169609752758347,-3.02572324028608,0.0037947687575725,0.0863309892347745,-2.0745251859159,"Not Significant","logqc_LE_19_07_18","Lake Erie","19_07_18","2019","07","18","Mae5","07/18","2019 Lake Erie","No change","LE19-196 (Mae5)"
"Ma_AC_P_19900807_S300",0.27722208147515,0.0918720102450322,2.68758581621616,0.00954924358068409,0.193106925742723,-2.88852032887444,"Not Significant","logqc_LE_19_07_18","Lake Erie","19_07_18","2019","07","18","Mae1","07/18","2019 Lake Erie","No change","Ma_AC_P_19900807_S300 (Mae1)"
"Mp_MB_F_20080800_S26D",0.478666504511389,0.310031748566602,2.36373007006579,0.0217220840111957,0.395341929003762,-3.5991167284508,"Not Significant","logqc_LE_19_07_18","Lake Erie","19_07_18","2019","07","18","Mpa","07/18","2019 Lake Erie","No change","Mp_MB_F_20080800_S26D (Mpa)"
"PCC_9807",0.282058649182289,0.0953927111816176,2.27528320161157,0.0268847732733148,0.414052556734508,-3.78054688051138,"Not Significant","logqc_LE_19_07_18","Lake Erie","19_07_18","2019","07","18","Mae4","07/18","2019 Lake Erie","No change","PCC_9807 (Mae4)"
"L311-01",0.127210336567104,0.0187007574921333,2.23679302230809,0.0294530679446994,0.414052556734508,-3.85773751701228,"Not Significant","logqc_LE_19_07_18","Lake Erie","19_07_18","2019","07","18","Mae1","07/18","2019 Lake Erie","No change","L311-01 (Mae1)"
"SX13-11",0.130692478500402,0.017622386286122,2.23503797987135,0.0295751826238935,0.414052556734508,-3.86123140399828,"Not Significant","logqc_LE_19_07_18","Lake Erie","19_07_18","2019","07","18","Mae2_(HL/LG)","07/18","2019 Lake Erie","No change","SX13-11 (Mae2_(HL/LG))"
"T1-4",-0.692431437110108,0.676099264574117,-2.0027840007396,0.0502345243353185,0.564876064668368,-4.3032954940354,"Not Significant","logqc_LE_19_07_18","Lake Erie","19_07_18","2019","07","18","Mfl_ae2","07/18","2019 Lake Erie","No change","T1-4 (Mfl_ae2)"
"NIES-44",0.807050979559284,1.07510902301778,1.97243860411609,0.0536924080296467,0.564876064668368,-4.3580132717531,"Not Significant","logqc_LE_19_07_18","Lake Erie","19_07_18","2019","07","18","Mae8","07/18","2019 Lake Erie","No change","NIES-44 (Mae8)"
"S11-01",0.469222656252724,0.197274366514199,1.96247633384398,0.0548712982110378,0.564876064668368,-4.37582039525524,"Not Significant","logqc_LE_19_07_18","Lake Erie","19_07_18","2019","07","18","Mae2_(LL/LG)","07/18","2019 Lake Erie","No change","S11-01 (Mae2_(LL/LG))"
"FACHB-524",-0.166347233140427,0.0547789840713263,-1.96096442731057,0.055052135574752,0.564876064668368,-4.37851607979288,"Not Significant","logqc_LE_19_07_18","Lake Erie","19_07_18","2019","07","18","Mae1","07/18","2019 Lake Erie","No change","FACHB-524 (Mae1)"
"TW10",0.159753302939479,0.0304914841160064,1.95420514493915,0.0558668635386298,0.564876064668368,-4.39054579215745,"Not Significant","logqc_LE_19_07_18","Lake Erie","19_07_18","2019","07","18","Mae8","07/18","2019 Lake Erie","No change","TW10 (Mae8)"
"Mf_QC_C_20070823_S10D",0.042042252367638,0.00757522624448734,1.91194751713224,0.0611978220000867,0.569283181754591,-4.46493906361623,"Not Significant","logqc_LE_19_07_18","Lake Erie","19_07_18","2019","07","18","Mfl_ae1","07/18","2019 Lake Erie","No change","Mf_QC_C_20070823_S10D (Mfl_ae1)"
"LE19-13",0.260182337915985,0.0801902782450253,1.90166549173971,0.0625585914016034,0.569283181754591,-4.48282703378013,"Not Significant","logqc_LE_19_07_18","Lake Erie","19_07_18","2019","07","18","Mfl_ae1","07/18","2019 Lake Erie","No change","LE19-13 (Mfl_ae1)"
"KLA2",0.543478736434196,0.368715473471586,1.80400424321585,0.0768127351462806,0.637301752282913,-4.64852503511296,"Not Significant","logqc_LE_19_07_18","Lake Erie","19_07_18","2019","07","18","Mae1","07/18","2019 Lake Erie","No change","KLA2 (Mae1)"
"Mp_GB_SS_20050300_S99",0.0796914422098076,0.011287167771039,1.80259753390619,0.0770364755506818,0.637301752282913,-4.65085570336609,"Not Significant","logqc_LE_19_07_18","Lake Erie","19_07_18","2019","07","18","Mpa","07/18","2019 Lake Erie","No change","Mp_GB_SS_20050300_S99 (Mpa)"
"NIES-87",0.461518935112558,0.746447175377667,1.71351154726217,0.0923578904981679,0.708229906326198,-4.79517124149426,"Not Significant","logqc_LE_19_07_18","Lake Erie","19_07_18","2019","07","18","Mfl_ae6","07/18","2019 Lake Erie","No change","NIES-87 (Mfl_ae6)"
"G13-10",-1.1452121051218,1.91344585883941,-1.70794770293071,0.0933929546803778,0.708229906326198,-4.80396851030468,"Not Significant","logqc_LE_19_07_18","Lake Erie","19_07_18","2019","07","18","Mae2_(HL/LG)","07/18","2019 Lake Erie","No change","G13-10 (Mae2_(HL/LG))"
"LL11-07",-0.0392841438161712,0.0120445568874154,-1.67167999804877,0.100376648027578,0.709889712306217,-4.86068572072363,"Not Significant","logqc_LE_19_07_18","Lake Erie","19_07_18","2019","07","18","Mae2_(HL/LG)","07/18","2019 Lake Erie","No change","LL11-07 (Mae2_(HL/LG))"
"LE19-59",0.127210336567104,0.040524784548568,1.66647682697632,0.101412816043745,0.709889712306217,-4.86873318119893,"Not Significant","logqc_LE_19_07_18","Lake Erie","19_07_18","2019","07","18","Mae3_3","07/18","2019 Lake Erie","No change","LE19-59 (Mae3_3)"
"Mf_QC_C_20070823_S10",1.08502229549295,1.65735306210632,1.63712542907745,0.107423022552657,0.724110744614205,-4.91370674058407,"Not Significant","logqc_LE_19_07_18","Lake Erie","19_07_18","2019","07","18","Mfl_ae1","07/18","2019 Lake Erie","No change","Mf_QC_C_20070823_S10 (Mfl_ae1)"
"W13-11",-0.0648254590568405,0.0159541083323116,-1.55601423039041,0.125550095554911,0.816075621106924,-5.03422824046194,"Not Significant","logqc_LE_19_07_18","Lake Erie","19_07_18","2019","07","18","Mae1","07/18","2019 Lake Erie","No change","W13-11 (Mae1)"
"W13-16",-0.075600141767785,0.0277228925437981,-1.47634207445488,0.145663584964388,0.893263530856798,-5.1471721797326,"Not Significant","logqc_LE_19_07_18","Lake Erie","19_07_18","2019","07","18","Mae2_(HL/LG)","07/18","2019 Lake Erie","No change","W13-16 (Mae2_(HL/LG))"
"FCY-28",-0.252560958892151,0.128940385549611,-1.46332784698979,0.149177939850547,0.893263530856798,-5.16510382232716,"Not Significant","logqc_LE_19_07_18","Lake Erie","19_07_18","2019","07","18","Mae1","07/18","2019 Lake Erie","No change","FCY-28 (Mae1)"
"LE19-41",0.129081084667989,0.0886701153905635,1.44595495772626,0.153972564988566,0.893263530856798,-5.18881316429598,"Not Significant","logqc_LE_19_07_18","Lake Erie","19_07_18","2019","07","18","Mae3_3","07/18","2019 Lake Erie","No change","LE19-41 (Mae3_3)"
"Mp_MB_F_20080800_S26",0.0691847539171086,0.0214366700714064,1.41383675062108,0.16315269066078,0.893263530856798,-5.23195737484605,"Not Significant","logqc_LE_19_07_18","Lake Erie","19_07_18","2019","07","18","Mpa","07/18","2019 Lake Erie","No change","Mp_MB_F_20080800_S26 (Mpa)"
"PCC_7005",0.253425666976793,0.105333022534326,1.38608808615081,0.171420641541171,0.893263530856798,-5.26850937225979,"Not Significant","logqc_LE_19_07_18","Lake Erie","19_07_18","2019","07","18","Mae1","07/18","2019 Lake Erie","No change","PCC_7005 (Mae1)"
"BS11-05",-0.558983853606552,1.11655886680262,-1.38538038857867,0.171635648180516,0.893263530856798,-5.26943279975829,"Not Significant","logqc_LE_19_07_18","Lake Erie","19_07_18","2019","07","18","Mae2_(HL/LG)","07/18","2019 Lake Erie","No change","BS11-05 (Mae2_(HL/LG))"
"LL13-06",0.042042252367638,0.0165886045674064,1.38020313118228,0.173214874299237,0.893263530856798,-5.27617493787662,"Not Significant","logqc_LE_19_07_18","Lake Erie","19_07_18","2019","07","18","Mae2_(LL/LG)","07/18","2019 Lake Erie","No change","LL13-06 (Mae2_(LL/LG))"
"Ma_QC_C_20070703_M131",0.144922024948738,0.0650762610075088,1.36876436239224,0.176743614252892,0.893263530856798,-5.2909880207208,"Not Significant","logqc_LE_19_07_18","Lake Erie","19_07_18","2019","07","18","Mae9","07/18","2019 Lake Erie","No change","Ma_QC_C_20070703_M131 (Mae9)"
"NIES-2521",0.276117585431881,0.28888964313418,1.35331224027224,0.18159753099836,0.893263530856798,-5.31081621090473,"Not Significant","logqc_LE_19_07_18","Lake Erie","19_07_18","2019","07","18","Mfl_ae4","07/18","2019 Lake Erie","No change","NIES-2521 (Mfl_ae4)"
"Ma_QC_Ca_00000000_S207",0.408859137059124,0.583676704350923,1.33160885500256,0.188585958113591,0.903227483596672,-5.33831165427344,"Not Significant","logqc_LE_19_07_18","Lake Erie","19_07_18","2019","07","18","Mae2_(LL/LG)","07/18","2019 Lake Erie","No change","Ma_QC_Ca_00000000_S207 (Mae2_(LL/LG))"
"BS13-10",-0.87495915171531,3.71435705831315,-1.29352082485001,0.201340156062091,0.939587394956426,-5.38555970697684,"Not Significant","logqc_LE_19_07_18","Lake Erie","19_07_18","2019","07","18","Mae2_(HL/LG)","07/18","2019 Lake Erie","No change","BS13-10 (Mae2_(HL/LG))"
"M_QC_C_20170808_M2Col",0.148181713733557,0.118615750646058,1.2594376143692,0.2132921474533,0.970479270912517,-5.42674949610929,"Not Significant","logqc_LE_19_07_18","Lake Erie","19_07_18","2019","07","18","Mae3_1","07/18","2019 Lake Erie","No change","M_QC_C_20170808_M2Col (Mae3_1)"
"Mw_QC_B_20070930_S4D",0.0691847539171086,0.0115942067576874,1.23194899091538,0.223308937291831,0.982006832688883,-5.45921580494722,"Not Significant","logqc_LE_19_07_18","Lake Erie","19_07_18","2019","07","18","Mwe","07/18","2019 Lake Erie","No change","Mw_QC_B_20070930_S4D (Mwe)"
"NIES-2520",-0.659817692321894,2.11390555809893,-1.22307072673709,0.226616961389742,0.982006832688883,-5.46955745876201,"Not Significant","logqc_LE_19_07_18","Lake Erie","19_07_18","2019","07","18","Mae3_2","07/18","2019 Lake Erie","No change","NIES-2520 (Mae3_2)"
"Mw_MB_S_20031200_S109",-0.193245843753849,0.157347921766283,-1.16906009329858,0.247517246845031,1,-5.53094607043879,"Not Significant","logqc_LE_19_07_18","Lake Erie","19_07_18","2019","07","18","Mwe","07/18","2019 Lake Erie","No change","Mw_MB_S_20031200_S109 (Mwe)"
"LG13-12",-0.937505192755315,1.67744404555595,-1.16042837903965,0.250982127678571,1,-5.54051341470535,"Not Significant","logqc_LE_19_07_18","Lake Erie","19_07_18","2019","07","18","Mae10","07/18","2019 Lake Erie","No change","LG13-12 (Mae10)"
"LG13-11",-0.353463825118593,0.494245808471573,-1.15865026065784,0.25170018934613,1,-5.54247591194276,"Not Significant","logqc_LE_19_07_18","Lake Erie","19_07_18","2019","07","18","Mvi","07/18","2019 Lake Erie","No change","LG13-11 (Mvi)"
"NIES-3804",-0.14091423041242,0.0375041297968267,-1.15464914794177,0.253321351003033,1,-5.5468814634702,"Not Significant","logqc_LE_19_07_18","Lake Erie","19_07_18","2019","07","18","Mfl_ae3","07/18","2019 Lake Erie","No change","NIES-3804 (Mfl_ae3)"
"LG13-03",-0.0798991199914278,0.0252745359021614,-1.05845062544233,0.294564699730237,1,-5.64842856391929,"Not Significant","logqc_LE_19_07_18","Lake Erie","19_07_18","2019","07","18","Mae10","07/18","2019 Lake Erie","No change","LG13-03 (Mae10)"
"K13-06",-0.0756001417677851,0.0866228644935585,-1.05583656098198,0.295746649344724,1,-5.65107020739475,"Not Significant","logqc_LE_19_07_18","Lake Erie","19_07_18","2019","07","18","Mae3_2","07/18","2019 Lake Erie","No change","K13-06 (Mae3_2)"
"TA09",0.247059105764117,0.259888765804974,1.02816636539061,0.308457832808084,1,-5.67864829652213,"Not Significant","logqc_LE_19_07_18","Lake Erie","19_07_18","2019","07","18","Mae10","07/18","2019 Lake Erie","No change","TA09 (Mae10)"
"BS13-02",-0.145779818074962,0.137650099733605,-1.00635649778146,0.318735070686655,1,-5.69988997156378,"Not Significant","logqc_LE_19_07_18","Lake Erie","19_07_18","2019","07","18","Mae6","07/18","2019 Lake Erie","No change","BS13-02 (Mae6)"
"KW",0.176229560505421,0.228886029414017,1.00588719429388,0.318958720670406,1,-5.70034223756621,"Not Significant","logqc_LE_19_07_18","Lake Erie","19_07_18","2019","07","18","Mae3_1","07/18","2019 Lake Erie","No change","KW (Mae3_1)"
"LE19-8",0.446647334058708,0.640050823369167,0.990642381211445,0.3262811774717,1,-5.71492321400244,"Not Significant","logqc_LE_19_07_18","Lake Erie","19_07_18","2019","07","18","Mae8","07/18","2019 Lake Erie","No change","LE19-8 (Mae8)"
"LE19-84",0.38283643604287,1.48578914474714,0.961201384732311,0.340737888606288,1,-5.74247490862093,"Not Significant","logqc_LE_19_07_18","Lake Erie","19_07_18","2019","07","18","Mae4","07/18","2019 Lake Erie","No change","LE19-84 (Mae4)"
"11-30S32",0.336081496287085,0.534806423440277,0.938455858718921,0.352191395610053,1,-5.76321147676922,"Not Significant","logqc_LE_19_07_18","Lake Erie","19_07_18","2019","07","18","Mae3_1","07/18","2019 Lake Erie","No change","11-30S32 (Mae3_1)"
"M_QC_C_20170808_M3Col",-0.231306551491082,0.198066234462503,-0.934390023806694,0.354264851290974,1,-5.76686765206414,"Not Significant","logqc_LE_19_07_18","Lake Erie","19_07_18","2019","07","18","Mae2_(LL/LG)","07/18","2019 Lake Erie","No change","M_QC_C_20170808_M3Col (Mae2_(LL/LG))"
"DF17",0.421412245255097,0.597718933770284,0.927833147879432,0.357625327888762,1,-5.77273154061499,"Not Significant","logqc_LE_19_07_18","Lake Erie","19_07_18","2019","07","18","Mae3_1","07/18","2019 Lake Erie","No change","DF17 (Mae3_1)"
"PCC_7941",-0.094348080040572,0.047432122570435,-0.912838055171801,0.365387732831704,1,-5.7859916368543,"Not Significant","logqc_LE_19_07_18","Lake Erie","19_07_18","2019","07","18","Mae1","07/18","2019 Lake Erie","No change","PCC_7941 (Mae1)"
"Ma_MB_S_20031200_S102",-0.101755026133456,0.0997020858566253,-0.875159582553947,0.385365464255898,1,-5.818386317429,"Not Significant","logqc_LE_19_07_18","Lake Erie","19_07_18","2019","07","18","Mae6","07/18","2019 Lake Erie","No change","Ma_MB_S_20031200_S102 (Mae6)"
"L211-07",0.206901778776911,0.11190625229484,0.835155990140403,0.407311967608929,1,-5.85132831564104,"Not Significant","logqc_LE_19_07_18","Lake Erie","19_07_18","2019","07","18","Mae3_1","07/18","2019 Lake Erie","No change","L211-07 (Mae3_1)"
"SPC777",0.30053180911324,0.738352326476179,0.831265668686234,0.409486406726545,1,-5.8544519118571,"Not Significant","logqc_LE_19_07_18","Lake Erie","19_07_18","2019","07","18","Mae1","07/18","2019 Lake Erie","No change","SPC777 (Mae1)"
"F13-15",-0.339005700803328,1.40698658172397,-0.792937495200866,0.431286483109988,1,-5.88446616597457,"Not Significant","logqc_LE_19_07_18","Lake Erie","19_07_18","2019","07","18","Mae4","07/18","2019 Lake Erie","No change","F13-15 (Mae4)"
"G13-07",-0.111938194552852,0.240259247661432,-0.780514897750398,0.438498018158003,1,-5.89389751654756,"Not Significant","logqc_LE_19_07_18","Lake Erie","19_07_18","2019","07","18","Mae2_(HL/LG)","07/18","2019 Lake Erie","No change","G13-07 (Mae2_(HL/LG))"
"TF09",0.237177483166808,0.375654853281397,0.773432059913737,0.442641432938683,1,-5.89920976005875,"Not Significant","logqc_LE_19_07_18","Lake Erie","19_07_18","2019","07","18","Mae1","07/18","2019 Lake Erie","No change","TF09 (Mae1)"
"LE19-251",-0.226913003058209,2.14433901987754,-0.659259152395833,0.512532751151266,1,-5.97829121572479,"Not Significant","logqc_LE_19_07_18","Lake Erie","19_07_18","2019","07","18","Mae3_3","07/18","2019 Lake Erie","No change","LE19-251 (Mae3_3)"
"NIES-843",0.197086440102248,0.41419869861001,0.649723717634325,0.518626736585873,1,-5.98433577365627,"Not Significant","logqc_LE_19_07_18","Lake Erie","19_07_18","2019","07","18","Mae3_1","07/18","2019 Lake Erie","No change","NIES-843 (Mae3_1)"
"PCC_9809",0.159753302939479,0.268086319503821,0.618308354952645,0.538972968791576,1,-6.00363678152574,"Not Significant","logqc_LE_19_07_18","Lake Erie","19_07_18","2019","07","18","Mae3_1","07/18","2019 Lake Erie","No change","PCC_9809 (Mae3_1)"
"Ma_SC_T_19800800_S464",-0.171883975653255,0.403603032421017,-0.590370862316026,0.557406207044239,1,-6.02000918388353,"Not Significant","logqc_LE_19_07_18","Lake Erie","19_07_18","2019","07","18","Mwe","07/18","2019 Lake Erie","No change","Ma_SC_T_19800800_S464 (Mwe)"
"Mn_MB_F_20050700_S1D",0.102555261988391,0.225709300796186,0.570547828872361,0.570674214257568,1,-6.03117324582031,"Not Significant","logqc_LE_19_07_18","Lake Erie","19_07_18","2019","07","18","Mn","07/18","2019 Lake Erie","No change","Mn_MB_F_20050700_S1D (Mn)"
"G11-09",0.0341532407853506,0.0504221903893531,0.555450777798681,0.580881696344497,1,-6.0394231129211,"Not Significant","logqc_LE_19_07_18","Lake Erie","19_07_18","2019","07","18","Mae2_(HL/LG)","07/18","2019 Lake Erie","No change","G11-09 (Mae2_(HL/LG))"
"Mw_QC_S_20081001_S30",-0.174390913449519,0.483802100567593,-0.542108091329953,0.589975529793175,1,-6.04653229965819,"Not Significant","logqc_LE_19_07_18","Lake Erie","19_07_18","2019","07","18","Mwe","07/18","2019 Lake Erie","No change","Mw_QC_S_20081001_S30 (Mwe)"
"Mn_MB_F_20050700_S1",0.116960517604003,0.149138906345602,0.528057264962333,0.599624275868275,1,-6.05383402129799,"Not Significant","logqc_LE_19_07_18","Lake Erie","19_07_18","2019","07","18","Mn","07/18","2019 Lake Erie","No change","Mn_MB_F_20050700_S1 (Mn)"
"Ma_QC_C_20070823_S18",-0.0444058607813611,0.0667747573911391,-0.514882233426985,0.608737784594403,1,-6.06050828345536,"Not Significant","logqc_LE_19_07_18","Lake Erie","19_07_18","2019","07","18","Mfl_ae1","07/18","2019 Lake Erie","No change","Ma_QC_C_20070823_S18 (Mfl_ae1)"
"LE19-195",0.271657427696121,1.59120313463519,0.499750369605713,0.619282389429889,1,-6.06796787480276,"Not Significant","logqc_LE_19_07_18","Lake Erie","19_07_18","2019","07","18","Mae3_1","07/18","2019 Lake Erie","No change","LE19-195 (Mae3_1)"
"LSC13-02",0.277051592706331,1.50391835237686,0.489648757351533,0.62636695764494,1,-6.07282502725387,"Not Significant","logqc_LE_19_07_18","Lake Erie","19_07_18","2019","07","18","Mae2_(LL/LG)","07/18","2019 Lake Erie","No change","LSC13-02 (Mae2_(LL/LG))"
"LE18-22",-0.272752686589229,2.37538675014286,-0.445530210598929,0.657718791404945,1,-6.09288587618209,"Not Significant","logqc_LE_19_07_18","Lake Erie","19_07_18","2019","07","18","Mae3_1","07/18","2019 Lake Erie","No change","LE18-22 (Mae3_1)"
"LE19-114",-0.220346903144273,0.564634074616638,-0.435637692722893,0.66483712582011,1,-6.09712628250213,"Not Significant","logqc_LE_19_07_18","Lake Erie","19_07_18","2019","07","18","Mae5","07/18","2019 Lake Erie","No change","LE19-114 (Mae5)"
"K13-10",0.198850306379107,1.90090039066495,0.41094752174638,0.682738252108559,1,-6.10729720671975,"Not Significant","logqc_LE_19_07_18","Lake Erie","19_07_18","2019","07","18","Mae3_3","07/18","2019 Lake Erie","No change","K13-10 (Mae3_3)"
"G13-11",-0.0524997491123591,0.144613938089757,-0.391543678957588,0.696937171460122,1,-6.11487680186155,"Not Significant","logqc_LE_19_07_18","Lake Erie","19_07_18","2019","07","18","Mae2_(HL/LG)","07/18","2019 Lake Erie","No change","G13-11 (Mae2_(HL/LG))"
"M_QC_C_20170808_M9Col",0.0653503228046841,0.257986840954712,0.320807971214098,0.749594918742525,1,-6.13941975265985,"Not Significant","logqc_LE_19_07_18","Lake Erie","19_07_18","2019","07","18","Mae3_1","07/18","2019 Lake Erie","No change","M_QC_C_20170808_M9Col (Mae3_1)"
"PCC_9443",-0.0926643951034935,0.395547888570149,-0.317701235739281,0.751937589342392,1,-6.14038643550064,"Not Significant","logqc_LE_19_07_18","Lake Erie","19_07_18","2019","07","18","Mae4","07/18","2019 Lake Erie","No change","PCC_9443 (Mae4)"
"SX13-01",0.0450563755423291,0.101462483160348,0.306887430786822,0.76011007429942,1,-6.14367814683706,"Not Significant","logqc_LE_19_07_18","Lake Erie","19_07_18","2019","07","18","Mae2_(HL/LG)","07/18","2019 Lake Erie","No change","SX13-01 (Mae2_(HL/LG))"
"Mp_GB_SS_20050300_S99D",0.042042252367638,0.0713286176546508,0.303059249480011,0.76300987062959,1,-6.14481622344124,"Not Significant","logqc_LE_19_07_18","Lake Erie","19_07_18","2019","07","18","Mpa","07/18","2019 Lake Erie","No change","Mp_GB_SS_20050300_S99D (Mpa)"
"Sj",-0.0648254590568405,0.167634640982776,-0.286581156667267,0.775530388390622,1,-6.14955244177601,"Not Significant","logqc_LE_19_07_18","Lake Erie","19_07_18","2019","07","18","Unclassified","07/18","2019 Lake Erie","No change","Sj (Unclassified)"
"LG13-13",0.147474677680673,1.00860655239236,0.270532460286305,0.787782602660136,1,-6.15391156470309,"Not Significant","logqc_LE_19_07_18","Lake Erie","19_07_18","2019","07","18","Mae10","07/18","2019 Lake Erie","No change","LG13-13 (Mae10)"
"Ma_QC_B_20070730_S2",-0.112307995694109,0.435470995302504,-0.260489351444276,0.795477685747096,1,-6.15651205856082,"Not Significant","logqc_LE_19_07_18","Lake Erie","19_07_18","2019","07","18","Mae1","07/18","2019 Lake Erie","No change","Ma_QC_B_20070730_S2 (Mae1)"
"NIES-4325",0.0859460931932707,0.515605768568284,0.253435640405632,0.800894578613,1,-6.15827984659173,"Not Significant","logqc_LE_19_07_18","Lake Erie","19_07_18","2019","07","18","Mae10","07/18","2019 Lake Erie","No change","NIES-4325 (Mae10)"
"FD4",-0.0997837439730231,1.73455209737951,-0.21939441034566,0.827170516473637,1,-6.16613049693252,"Not Significant","logqc_LE_19_07_18","Lake Erie","19_07_18","2019","07","18","Mvi","07/18","2019 Lake Erie","No change","FD4 (Mvi)"
"BK11-02",0.0821515777994528,1.09855776593583,0.206620615967042,0.83708373376835,1,-6.16878528773611,"Not Significant","logqc_LE_19_07_18","Lake Erie","19_07_18","2019","07","18","Mae2_(LL/LG)","07/18","2019 Lake Erie","No change","BK11-02 (Mae2_(LL/LG))"
"L211-101",-0.0495391637283114,1.6167805291691,-0.122522476021827,0.902940371982929,1,-6.18229341931876,"Not Significant","logqc_LE_19_07_18","Lake Erie","19_07_18","2019","07","18","Mae3_1","07/18","2019 Lake Erie","No change","L211-101 (Mae3_1)"
"K13-07",0.0187255546375868,0.103993129310759,0.0909861282590519,0.927840486596011,1,-6.18558038400482,"Not Significant","logqc_LE_19_07_18","Lake Erie","19_07_18","2019","07","18","Mae2_(LL/LG)","07/18","2019 Lake Erie","No change","K13-07 (Mae2_(LL/LG))"
"LE19-338",-0.0260249543123224,0.859899611526082,-0.061806281613869,0.950945434960244,1,-6.18775709076507,"Not Significant","logqc_LE_19_07_18","Lake Erie","19_07_18","2019","07","18","Mfl_ae3","07/18","2019 Lake Erie","No change","LE19-338 (Mfl_ae3)"
"Ma_QC_Ch_20071001_S25D",-0.0145150143596046,0.372566968085964,-0.0457926191620566,0.963644571185097,1,-6.18859836877987,"Not Significant","logqc_LE_19_07_18","Lake Erie","19_07_18","2019","07","18","Mae2_(LL/LG)","07/18","2019 Lake Erie","No change","Ma_QC_Ch_20071001_S25D (Mae2_(LL/LG))"
"LE13-04",-0.00475667818543796,0.0605714405924541,-0.0343850572781035,0.972696963279562,1,-6.18904494787016,"Not Significant","logqc_LE_19_07_18","Lake Erie","19_07_18","2019","07","18","Mae2_(HL/LG)","07/18","2019 Lake Erie","No change","LE13-04 (Mae2_(HL/LG))"
"LE17-10A",-0.0153807069984659,1.13435182819568,-0.0315493250145187,0.974947847008109,1,-6.1891362401108,"Not Significant","logqc_LE_19_07_18","Lake Erie","19_07_18","2019","07","18","Mae5","07/18","2019 Lake Erie","No change","LE17-10A (Mae5)"
"MC19",0,0.000214372615189159,0,1,1,-6.18962224629738,"Not Significant","logqc_LE_19_07_18","Lake Erie","19_07_18","2019","07","18","Mfl_ae2","07/18","2019 Lake Erie","No change","MC19 (Mfl_ae2)"
"M_OC_Ca_00000000_C217Col",0,0.111285924783708,0,1,1,-6.18962224629738,"Not Significant","logqc_LE_19_07_18","Lake Erie","19_07_18","2019","07","18","Mae4","07/18","2019 Lake Erie","No change","M_OC_Ca_00000000_C217Col (Mae4)"
"M_OC_Ca_00000000_S217Cul",0,0,0,1,1,-6.18962224629738,"Not Significant","logqc_LE_19_07_18","Lake Erie","19_07_18","2019","07","18","Mae4","07/18","2019 Lake Erie","No change","M_OC_Ca_00000000_S217Cul (Mae4)"
"Msp_OC_L_20101000_S702",0,0.00613463632603834,0,1,1,-6.18962224629738,"Not Significant","logqc_LE_19_07_18","Lake Erie","19_07_18","2019","07","18","Mae1","07/18","2019 Lake Erie","No change","Msp_OC_L_20101000_S702 (Mae1)"
"CACIAM_03",0,0,0,1,1,-6.18962224629738,"Not Significant","logqc_LE_19_07_18","Lake Erie","19_07_18","2019","07","18","Mae1","07/18","2019 Lake Erie","No change","CACIAM_03 (Mae1)"
"CHAOHU_1326",0,0.0362841489748562,0,1,1,-6.18962224629738,"Not Significant","logqc_LE_19_07_18","Lake Erie","19_07_18","2019","07","18","Mae4","07/18","2019 Lake Erie","No change","CHAOHU_1326 (Mae4)"
"DIANCHI905",0,0.0136551134488945,0,1,1,-6.18962224629738,"Not Significant","logqc_LE_19_07_18","Lake Erie","19_07_18","2019","07","18","Mae1","07/18","2019 Lake Erie","No change","DIANCHI905 (Mae1)"
"FCY-26",0,0.0140327118228079,0,1,1,-6.18962224629738,"Not Significant","logqc_LE_19_07_18","Lake Erie","19_07_18","2019","07","18","Mae1","07/18","2019 Lake Erie","No change","FCY-26 (Mae1)"
"FCY-27",0,0,0,1,1,-6.18962224629738,"Not Significant","logqc_LE_19_07_18","Lake Erie","19_07_18","2019","07","18","Unclassified","07/18","2019 Lake Erie","No change","FCY-27 (Unclassified)"
"FCY-27",0,0.0672416368619685,0,1,1,-6.18962224629738,"Not Significant","logqc_LE_19_07_18","Lake Erie","19_07_18","2019","07","18","Unclassified","07/18","2019 Lake Erie","No change","FCY-27 (Unclassified)"
"FCY-27",0,0,0,1,1,-6.18962224629738,"Not Significant","logqc_LE_19_07_18","Lake Erie","19_07_18","2019","07","18","Unclassified","07/18","2019 Lake Erie","No change","FCY-27 (Unclassified)"
"G11-01",0,0.000188710934714087,0,1,1,-6.18962224629738,"Not Significant","logqc_LE_19_07_18","Lake Erie","19_07_18","2019","07","18","Mae2_(HL/LG)","07/18","2019 Lake Erie","No change","G11-01 (Mae2_(HL/LG))"
"G11-04",0,0.0104425127262745,0,1,1,-6.18962224629738,"Not Significant","logqc_LE_19_07_18","Lake Erie","19_07_18","2019","07","18","Mae2_(HL/LG)","07/18","2019 Lake Erie","No change","G11-04 (Mae2_(HL/LG))"
"G11-06",0,0.0125333798659142,0,1,1,-6.18962224629738,"Not Significant","logqc_LE_19_07_18","Lake Erie","19_07_18","2019","07","18","Mae2_(HL/LG)","07/18","2019 Lake Erie","No change","G11-06 (Mae2_(HL/LG))"
"G13-01",0,0.00494134073905403,0,1,1,-6.18962224629738,"Not Significant","logqc_LE_19_07_18","Lake Erie","19_07_18","2019","07","18","Mae2_(HL/LG)","07/18","2019 Lake Erie","No change","G13-01 (Mae2_(HL/LG))"
"G13-03",0,0,0,1,1,-6.18962224629738,"Not Significant","logqc_LE_19_07_18","Lake Erie","19_07_18","2019","07","18","Mae2_(HL/LG)","07/18","2019 Lake Erie","No change","G13-03 (Mae2_(HL/LG))"
"G13-05",0,0.0306149934736053,0,1,1,-6.18962224629738,"Not Significant","logqc_LE_19_07_18","Lake Erie","19_07_18","2019","07","18","Mae2_(HL/LG)","07/18","2019 Lake Erie","No change","G13-05 (Mae2_(HL/LG))"
"G13-09",0,0.0147038367069868,0,1,1,-6.18962224629738,"Not Significant","logqc_LE_19_07_18","Lake Erie","19_07_18","2019","07","18","Mae2_(HL/LG)","07/18","2019 Lake Erie","No change","G13-09 (Mae2_(HL/LG))"
"G13-12",0,0.0160517041433756,0,1,1,-6.18962224629738,"Not Significant","logqc_LE_19_07_18","Lake Erie","19_07_18","2019","07","18","Mae2_(HL/LG)","07/18","2019 Lake Erie","No change","G13-12 (Mae2_(HL/LG))"
"K13-05",0,0.0483281679742078,0,1,1,-6.18962224629738,"Not Significant","logqc_LE_19_07_18","Lake Erie","19_07_18","2019","07","18","Mae3_3","07/18","2019 Lake Erie","No change","K13-05 (Mae3_3)"
"L111-01",0,0.00187237805834669,0,1,1,-6.18962224629738,"Not Significant","logqc_LE_19_07_18","Lake Erie","19_07_18","2019","07","18","Mae2_(HL/LG)","07/18","2019 Lake Erie","No change","L111-01 (Mae2_(HL/LG))"
"L211-11",0,0.018938467828755,0,1,1,-6.18962224629738,"Not Significant","logqc_LE_19_07_18","Lake Erie","19_07_18","2019","07","18","Mae3_1","07/18","2019 Lake Erie","No change","L211-11 (Mae3_1)"
"LG11-05",0,0.0100220001339047,0,1,1,-6.18962224629738,"Not Significant","logqc_LE_19_07_18","Lake Erie","19_07_18","2019","07","18","Mae10","07/18","2019 Lake Erie","No change","LG11-05 (Mae10)"
"LL13-03",0,0.0038955905749627,0,1,1,-6.18962224629738,"Not Significant","logqc_LE_19_07_18","Lake Erie","19_07_18","2019","07","18","Mae2_(HL/LG)","07/18","2019 Lake Erie","No change","LL13-03 (Mae2_(HL/LG))"
"Ma_MB_F_20061100_S19",0,0.00150678531318592,0,1,1,-6.18962224629738,"Not Significant","logqc_LE_19_07_18","Lake Erie","19_07_18","2019","07","18","Mae1","07/18","2019 Lake Erie","No change","Ma_MB_F_20061100_S19 (Mae1)"
"Ma_MB_F_20061100_S19D",0,0,0,1,1,-6.18962224629738,"Not Significant","logqc_LE_19_07_18","Lake Erie","19_07_18","2019","07","18","Mae1","07/18","2019 Lake Erie","No change","Ma_MB_F_20061100_S19D (Mae1)"
"Ma_MB_F_20061100_S20",0,0.0146020964372637,0,1,1,-6.18962224629738,"Not Significant","logqc_LE_19_07_18","Lake Erie","19_07_18","2019","07","18","Mae5","07/18","2019 Lake Erie","No change","Ma_MB_F_20061100_S20 (Mae5)"
"Ma_MB_F_20061100_S20D",0,0.0680865720923015,0,1,1,-6.18962224629738,"Not Significant","logqc_LE_19_07_18","Lake Erie","19_07_18","2019","07","18","Mae5","07/18","2019 Lake Erie","No change","Ma_MB_F_20061100_S20D (Mae5)"
"Ma_MB_S_20031200_S102D",0,0.0260079543864669,0,1,1,-6.18962224629738,"Not Significant","logqc_LE_19_07_18","Lake Erie","19_07_18","2019","07","18","Mae6","07/18","2019 Lake Erie","No change","Ma_MB_S_20031200_S102D (Mae6)"
"Ma_OC_H_19870700_S124",0,0.000626101344307828,0,1,1,-6.18962224629738,"Not Significant","logqc_LE_19_07_18","Lake Erie","19_07_18","2019","07","18","Mae8","07/18","2019 Lake Erie","No change","Ma_OC_H_19870700_S124 (Mae8)"
"Ma_OC_LR_19540900_S633",0,0,0,1,1,-6.18962224629738,"Not Significant","logqc_LE_19_07_18","Lake Erie","19_07_18","2019","07","18","Mae1","07/18","2019 Lake Erie","No change","Ma_OC_LR_19540900_S633 (Mae1)"
"Ma_QC_C_20070823_S13",0,0,0,1,1,-6.18962224629738,"Not Significant","logqc_LE_19_07_18","Lake Erie","19_07_18","2019","07","18","Mae2_(HL/LG)","07/18","2019 Lake Erie","No change","Ma_QC_C_20070823_S13 (Mae2_(HL/LG))"
"Ma_QC_C_20070823_S13D",0,0,0,1,1,-6.18962224629738,"Not Significant","logqc_LE_19_07_18","Lake Erie","19_07_18","2019","07","18","Mae2_(HL/LG)","07/18","2019 Lake Erie","No change","Ma_QC_C_20070823_S13D (Mae2_(HL/LG))"
"Ma_QC_Ch_20071001_M135",0,0.00567770030287288,0,1,1,-6.18962224629738,"Not Significant","logqc_LE_19_07_18","Lake Erie","19_07_18","2019","07","18","Mae2_(LL/LG)","07/18","2019 Lake Erie","No change","Ma_QC_Ch_20071001_M135 (Mae2_(LL/LG))"
"Ma_QC_Ch_20071001_S25",0,0.00284874706007544,0,1,1,-6.18962224629738,"Not Significant","logqc_LE_19_07_18","Lake Erie","19_07_18","2019","07","18","Mae2_(LL/LG)","07/18","2019 Lake Erie","No change","Ma_QC_Ch_20071001_S25 (Mae2_(LL/LG))"
"NIES-1211",0,0,0,1,1,-6.18962224629738,"Not Significant","logqc_LE_19_07_18","Lake Erie","19_07_18","2019","07","18","Mfl_ae2","07/18","2019 Lake Erie","No change","NIES-1211 (Mfl_ae2)"
"NIES-2481",0,0.0102832125020514,0,1,1,-6.18962224629738,"Not Significant","logqc_LE_19_07_18","Lake Erie","19_07_18","2019","07","18","Mfl_ae4","07/18","2019 Lake Erie","No change","NIES-2481 (Mfl_ae4)"
"NIES-2519",0,0,0,1,1,-6.18962224629738,"Not Significant","logqc_LE_19_07_18","Lake Erie","19_07_18","2019","07","18","Mfl_ae2","07/18","2019 Lake Erie","No change","NIES-2519 (Mfl_ae2)"
"NIES-2522",0,0.00907699685756601,0,1,1,-6.18962224629738,"Not Significant","logqc_LE_19_07_18","Lake Erie","19_07_18","2019","07","18","Mfl_ae2","07/18","2019 Lake Erie","No change","NIES-2522 (Mfl_ae2)"
"NIES-2549",0,0.0785609694088359,0,1,1,-6.18962224629738,"Not Significant","logqc_LE_19_07_18","Lake Erie","19_07_18","2019","07","18","Mfl_ae4","07/18","2019 Lake Erie","No change","NIES-2549 (Mfl_ae4)"
"NIES-298",0,0.00396058292170508,0,1,1,-6.18962224629738,"Not Significant","logqc_LE_19_07_18","Lake Erie","19_07_18","2019","07","18","Mae1","07/18","2019 Lake Erie","No change","NIES-298 (Mae1)"
"NIES-3787",0,0.00428337259915598,0,1,1,-6.18962224629738,"Not Significant","logqc_LE_19_07_18","Lake Erie","19_07_18","2019","07","18","Mfl_ae4","07/18","2019 Lake Erie","No change","NIES-3787 (Mfl_ae4)"
"NIES-3806",0,0.00256348426910084,0,1,1,-6.18962224629738,"Not Significant","logqc_LE_19_07_18","Lake Erie","19_07_18","2019","07","18","Mfl_ae4","07/18","2019 Lake Erie","No change","NIES-3806 (Mfl_ae4)"
"NIES-3807",0,0.00304191839117172,0,1,1,-6.18962224629738,"Not Significant","logqc_LE_19_07_18","Lake Erie","19_07_18","2019","07","18","Mfl_ae4","07/18","2019 Lake Erie","No change","NIES-3807 (Mfl_ae4)"
"NIES-4264",0,0.00159482942609291,0,1,1,-6.18962224629738,"Not Significant","logqc_LE_19_07_18","Lake Erie","19_07_18","2019","07","18","Mfl_ae2","07/18","2019 Lake Erie","No change","NIES-4264 (Mfl_ae2)"
"NIES-88",0,0.0166130923980228,0,1,1,-6.18962224629738,"Not Significant","logqc_LE_19_07_18","Lake Erie","19_07_18","2019","07","18","Mae3_1","07/18","2019 Lake Erie","No change","NIES-88 (Mae3_1)"
"NIES-98",0,0.0383344961775684,0,1,1,-6.18962224629738,"Not Significant","logqc_LE_19_07_18","Lake Erie","19_07_18","2019","07","18","Mae1","07/18","2019 Lake Erie","No change","NIES-98 (Mae1)"
"NaRes975",0,0.000426382505789865,0,1,1,-6.18962224629738,"Not Significant","logqc_LE_19_07_18","Lake Erie","19_07_18","2019","07","18","Mae1","07/18","2019 Lake Erie","No change","NaRes975 (Mae1)"
"PCC_7806SL",0,0.000426382505789865,0,1,1,-6.18962224629738,"Not Significant","logqc_LE_19_07_18","Lake Erie","19_07_18","2019","07","18","Mae1","07/18","2019 Lake Erie","No change","PCC_7806SL (Mae1)"
"PCC_9432",0,0.0246211750270618,0,1,1,-6.18962224629738,"Not Significant","logqc_LE_19_07_18","Lake Erie","19_07_18","2019","07","18","Mae1","07/18","2019 Lake Erie","No change","PCC_9432 (Mae1)"
"PCC_9701",0,0,0,1,1,-6.18962224629738,"Not Significant","logqc_LE_19_07_18","Lake Erie","19_07_18","2019","07","18","Mfl_ae1","07/18","2019 Lake Erie","No change","PCC_9701 (Mfl_ae1)"
"PCC_9717",0,0.000188710934714087,0,1,1,-6.18962224629738,"Not Significant","logqc_LE_19_07_18","Lake Erie","19_07_18","2019","07","18","Mae3_3","07/18","2019 Lake Erie","No change","PCC_9717 (Mae3_3)"
"PCC_9806",0,0.000253070833139477,0,1,1,-6.18962224629738,"Not Significant","logqc_LE_19_07_18","Lake Erie","19_07_18","2019","07","18","Mfl_ae3","07/18","2019 Lake Erie","No change","PCC_9806 (Mfl_ae3)"
"PCC_9808",0,0.00937374958881915,0,1,1,-6.18962224629738,"Not Significant","logqc_LE_19_07_18","Lake Erie","19_07_18","2019","07","18","Mae1","07/18","2019 Lake Erie","No change","PCC_9808 (Mae1)"
"S11-05",0,0,0,1,1,-6.18962224629738,"Not Significant","logqc_LE_19_07_18","Lake Erie","19_07_18","2019","07","18","Mae2_(LL/LG)","07/18","2019 Lake Erie","No change","S11-05 (Mae2_(LL/LG))"
"TAIHU98",0,0.00144659403385004,0,1,1,-6.18962224629738,"Not Significant","logqc_LE_19_07_18","Lake Erie","19_07_18","2019","07","18","Mae1","07/18","2019 Lake Erie","No change","TAIHU98 (Mae1)"
"W11-03",0,0.00624387145981817,0,1,1,-6.18962224629738,"Not Significant","logqc_LE_19_07_18","Lake Erie","19_07_18","2019","07","18","Mwe","07/18","2019 Lake Erie","No change","W11-03 (Mwe)"
"W11-06",0,0,0,1,1,-6.18962224629738,"Not Significant","logqc_LE_19_07_18","Lake Erie","19_07_18","2019","07","18","Mwe","07/18","2019 Lake Erie","No change","W11-06 (Mwe)"
"W13-13",0,0.00963758644345188,0,1,1,-6.18962224629738,"Not Significant","logqc_LE_19_07_18","Lake Erie","19_07_18","2019","07","18","Mae2_(HL/LG)","07/18","2019 Lake Erie","No change","W13-13 (Mae2_(HL/LG))"
"W13-15",0,0.0310915074799987,0,1,1,-6.18962224629738,"Not Significant","logqc_LE_19_07_18","Lake Erie","19_07_18","2019","07","18","Mae2_(HL/LG)","07/18","2019 Lake Erie","No change","W13-15 (Mae2_(HL/LG))"
"W13-18",0,0,0,1,1,-6.18962224629738,"Not Significant","logqc_LE_19_07_18","Lake Erie","19_07_18","2019","07","18","Mae2_(LL/LG)","07/18","2019 Lake Erie","No change","W13-18 (Mae2_(LL/LG))"
"Ma_QC_C_20070823_S18D",0,0.00470352069963393,0,1,1,-6.18962224629738,"Not Significant","logqc_LE_19_07_18","Lake Erie","19_07_18","2019","07","18","Mfl_ae1","07/18","2019 Lake Erie","No change","Ma_QC_C_20070823_S18D (Mfl_ae1)"
"Mf_QC_C_20070823_S20",0,0,0,1,1,-6.18962224629738,"Not Significant","logqc_LE_19_07_18","Lake Erie","19_07_18","2019","07","18","Mfl_ae1","07/18","2019 Lake Erie","No change","Mf_QC_C_20070823_S20 (Mfl_ae1)"
"Mf_QC_C_20070823_S20D",0,0,0,1,1,-6.18962224629738,"Not Significant","logqc_LE_19_07_18","Lake Erie","19_07_18","2019","07","18","Mfl_ae1","07/18","2019 Lake Erie","No change","Mf_QC_C_20070823_S20D (Mfl_ae1)"
"Mf_QC_C_20070823_S20T",0,0,0,1,1,-6.18962224629738,"Not Significant","logqc_LE_19_07_18","Lake Erie","19_07_18","2019","07","18","Mfl_ae1","07/18","2019 Lake Erie","No change","Mf_QC_C_20070823_S20T (Mfl_ae1)"
"Mf_WU_F_19750830_S460",0,0.0199662542891306,0,1,1,-6.18962224629738,"Not Significant","logqc_LE_19_07_18","Lake Erie","19_07_18","2019","07","18","Mfl_ae3","07/18","2019 Lake Erie","No change","Mf_WU_F_19750830_S460 (Mfl_ae3)"
"FACHB-1757",0,0.0146020964372637,0,1,1,-6.18962224629738,"Not Significant","logqc_LE_19_07_18","Lake Erie","19_07_18","2019","07","18","Mae4","07/18","2019 Lake Erie","No change","FACHB-1757 (Mae4)"
"Mp_MB_F_20051200_S6",0,0.00763925243983875,0,1,1,-6.18962224629738,"Not Significant","logqc_LE_19_07_18","Lake Erie","19_07_18","2019","07","18","Mpa","07/18","2019 Lake Erie","No change","Mp_MB_F_20051200_S6 (Mpa)"
"Mp_MB_F_20051200_S6D",0,0.00542826465134461,0,1,1,-6.18962224629738,"Not Significant","logqc_LE_19_07_18","Lake Erie","19_07_18","2019","07","18","Mpa","07/18","2019 Lake Erie","No change","Mp_MB_F_20051200_S6D (Mpa)"
"Mp_MB_F_20051200_S9",0,0.0129444695602966,0,1,1,-6.18962224629738,"Not Significant","logqc_LE_19_07_18","Lake Erie","19_07_18","2019","07","18","Mpa","07/18","2019 Lake Erie","No change","Mp_MB_F_20051200_S9 (Mpa)"
"Mp_MB_F_20051200_S9D",0,0,0,1,1,-6.18962224629738,"Not Significant","logqc_LE_19_07_18","Lake Erie","19_07_18","2019","07","18","Mpa","07/18","2019 Lake Erie","No change","Mp_MB_F_20051200_S9D (Mpa)"
"Mv_BB_P_19951000_S68",0,0.000200209738925561,0,1,1,-6.18962224629738,"Not Significant","logqc_LE_19_07_18","Lake Erie","19_07_18","2019","07","18","Mvi","07/18","2019 Lake Erie","No change","Mv_BB_P_19951000_S68 (Mvi)"
"Mv_BB_P_19951000_S68D",0,0.058572760991269,0,1,1,-6.18962224629738,"Not Significant","logqc_LE_19_07_18","Lake Erie","19_07_18","2019","07","18","Mvi","07/18","2019 Lake Erie","No change","Mv_BB_P_19951000_S68D (Mvi)"
"Mv_BB_P_19951000_S69",0,0.1576481250027,0,1,1,-6.18962224629738,"Not Significant","logqc_LE_19_07_18","Lake Erie","19_07_18","2019","07","18","Mvi","07/18","2019 Lake Erie","No change","Mv_BB_P_19951000_S69 (Mvi)"
"Mv_BB_P_19951000_S69D",0,0.013868195965796,0,1,1,-6.18962224629738,"Not Significant","logqc_LE_19_07_18","Lake Erie","19_07_18","2019","07","18","Mvi","07/18","2019 Lake Erie","No change","Mv_BB_P_19951000_S69D (Mvi)"
"NIES-102",0,0.108348188815705,0,1,1,-6.18962224629738,"Not Significant","logqc_LE_19_07_18","Lake Erie","19_07_18","2019","07","18","Mae3_1","07/18","2019 Lake Erie","No change","NIES-102 (Mae3_1)"
"LE013-01",0,0.00867546477728927,0,1,1,-6.18962224629738,"Not Significant","logqc_LE_19_07_18","Lake Erie","19_07_18","2019","07","18","Mae8","07/18","2019 Lake Erie","No change","LE013-01 (Mae8)"
"Mw_MB_S_20031200_S109D",0,0.0326903523882331,0,1,1,-6.18962224629738,"Not Significant","logqc_LE_19_07_18","Lake Erie","19_07_18","2019","07","18","Mwe","07/18","2019 Lake Erie","No change","Mw_MB_S_20031200_S109D (Mwe)"
"Mw_QC_B_20070930_S4",0,0,0,1,1,-6.18962224629738,"Not Significant","logqc_LE_19_07_18","Lake Erie","19_07_18","2019","07","18","Mwe","07/18","2019 Lake Erie","No change","Mw_QC_B_20070930_S4 (Mwe)"
"Mw_QC_S_20081001_S30D",0,0.0393285602473755,0,1,1,-6.18962224629738,"Not Significant","logqc_LE_19_07_18","Lake Erie","19_07_18","2019","07","18","Mwe","07/18","2019 Lake Erie","No change","Mw_QC_S_20081001_S30D (Mwe)"
"LE17-20C",0,0.0405752117684644,0,1,1,-6.18962224629738,"Not Significant","logqc_LE_19_07_18","Lake Erie","19_07_18","2019","07","18","Mae8","07/18","2019 Lake Erie","No change","LE17-20C (Mae8)"
"LE19-12",0,0.00848597483020087,0,1,1,-6.18962224629738,"Not Significant","logqc_LE_19_07_18","Lake Erie","19_07_18","2019","07","18","Mfl_ae1","07/18","2019 Lake Erie","No change","LE19-12 (Mfl_ae1)"
"LE19-131",0,0.0903619212896802,0,1,1,-6.18962224629738,"Not Significant","logqc_LE_19_07_18","Lake Erie","19_07_18","2019","07","18","Mae1","07/18","2019 Lake Erie","No change","LE19-131 (Mae1)"
"LE19-197",0,0.0203531721026541,0,1,1,-6.18962224629738,"Not Significant","logqc_LE_19_07_18","Lake Erie","19_07_18","2019","07","18","Mfl_ae1","07/18","2019 Lake Erie","No change","LE19-197 (Mfl_ae1)"
"LE19-281",0,0.0185045581236523,0,1,1,-6.18962224629738,"Not Significant","logqc_LE_19_07_18","Lake Erie","19_07_18","2019","07","18","Mae3_3","07/18","2019 Lake Erie","No change","LE19-281 (Mae3_3)"
"LE19-388",0,0.00205546863257623,0,1,1,-6.18962224629738,"Not Significant","logqc_LE_19_07_18","Lake Erie","19_07_18","2019","07","18","Mfl_ae3","07/18","2019 Lake Erie","No change","LE19-388 (Mfl_ae3)"
"LE19-4",0,0.00652576662414928,0,1,1,-6.18962224629738,"Not Significant","logqc_LE_19_07_18","Lake Erie","19_07_18","2019","07","18","Mae5","07/18","2019 Lake Erie","No change","LE19-4 (Mae5)"
"LE19-98",0,0.000253070833139477,0,1,1,-6.18962224629738,"Not Significant","logqc_LE_19_07_18","Lake Erie","19_07_18","2019","07","18","Mfl_ae1","07/18","2019 Lake Erie","No change","LE19-98 (Mfl_ae1)"
"Ma_MB_S_20031200_S102D",0.190252966811943,0.0260079543864669,3.93362342561306,0.000240852670545376,0.0438351860392584,0.435169934188774,"Increased","logqc_LE_19_07_31","Lake Erie","19_07_31","2019","07","31","Mae6","07/31","2019 Lake Erie","2019 Lake Erie","Ma_MB_S_20031200_S102D (Mae6)"
"LE19-4",-0.114646055653208,0.00652576662414928,-3.7102187759282,0.00049081848337669,0.0446644819872788,-0.175181378221949,"Decreased","logqc_LE_19_07_31","Lake Erie","19_07_31","2019","07","31","Mae5","07/31","2019 Lake Erie","2019 Lake Erie","LE19-4 (Mae5)"
"Mw_QC_B_20070930_S4D",-0.19760883038604,0.0115942067576874,-3.51875211526697,0.000888837044100518,0.0539227806754314,-0.682519699359084,"Not Significant","logqc_LE_19_07_31","Lake Erie","19_07_31","2019","07","31","Mwe","07/31","2019 Lake Erie","No change","Mw_QC_B_20070930_S4D (Mwe)"
"LE013-01",-0.0991540316267194,0.00867546477728927,-3.11132156506259,0.00297496563322426,0.135360936311704,-1.70721468270479,"Not Significant","logqc_LE_19_07_31","Lake Erie","19_07_31","2019","07","31","Mae8","07/31","2019 Lake Erie","No change","LE013-01 (Mae8)"
"Ma_QC_C_20070823_S18D",0.0844370805132819,0.00470352069963393,2.9629060719985,0.0045257997072598,0.164739109344257,-2.05989357114086,"Not Significant","logqc_LE_19_07_31","Lake Erie","19_07_31","2019","07","31","Mfl_ae1","07/31","2019 Lake Erie","No change","Ma_QC_C_20070823_S18D (Mfl_ae1)"
"LE19-12",-0.108883877250524,0.00848597483020087,-2.84892364107031,0.00619679300668751,0.187969387869521,-2.32262000128811,"Not Significant","logqc_LE_19_07_31","Lake Erie","19_07_31","2019","07","31","Mfl_ae1","07/31","2019 Lake Erie","No change","LE19-12 (Mfl_ae1)"
"NIES-3787",0.0803132362341746,0.00428337259915598,2.77647086519747,0.00753869624183927,0.196006102287821,-2.48579998202316,"Not Significant","logqc_LE_19_07_31","Lake Erie","19_07_31","2019","07","31","Mfl_ae4","07/31","2019 Lake Erie","No change","NIES-3787 (Mfl_ae4)"
"K13-10",1.29990892446054,1.90090039066495,2.68641452321738,0.00957874882874809,0.217916535854019,-2.68435254412497,"Not Significant","logqc_LE_19_07_31","Lake Erie","19_07_31","2019","07","31","Mae3_3","07/31","2019 Lake Erie","No change","K13-10 (Mae3_3)"
"Ma_OC_H_19870700_S124",0.00820107017988264,0.000626101344307828,2.54419522326063,0.0138481497092292,0.280040360786636,-2.98793177769132,"Not Significant","logqc_LE_19_07_31","Lake Erie","19_07_31","2019","07","31","Mae8","07/31","2019 Lake Erie","No change","Ma_OC_H_19870700_S124 (Mae8)"
"FCY-26",0.0838910383655321,0.0140327118228079,2.46191955608773,0.017045240056899,0.310223369035562,-3.15778612303042,"Not Significant","logqc_LE_19_07_31","Lake Erie","19_07_31","2019","07","31","Mae1","07/31","2019 Lake Erie","No change","FCY-26 (Mae1)"
"PCC_9809",0.578817770943901,0.268086319503821,2.24025329795692,0.0292136096075783,0.483352449870841,-3.59339017639862,"Not Significant","logqc_LE_19_07_31","Lake Erie","19_07_31","2019","07","31","Mae3_1","07/31","2019 Lake Erie","No change","PCC_9809 (Mae3_1)"
"DF17",0.991615879297733,0.597718933770284,2.18326375926524,0.0333846885005543,0.506334442258407,-3.70001147097013,"Not Significant","logqc_LE_19_07_31","Lake Erie","19_07_31","2019","07","31","Mae3_1","07/31","2019 Lake Erie","No change","DF17 (Mae3_1)"
"NIES-88",0.060707639846618,0.0166130923980228,2.11074522289614,0.0394434337875771,0.528113814027045,-3.8324069567829,"Not Significant","logqc_LE_19_07_31","Lake Erie","19_07_31","2019","07","31","Mae3_1","07/31","2019 Lake Erie","No change","NIES-88 (Mae3_1)"
"FCY-27",-0.432431458484463,0.0672416368619685,-2.09776094382533,0.040624139540542,0.528113814027045,-3.85571963772235,"Not Significant","logqc_LE_19_07_31","Lake Erie","19_07_31","2019","07","31","Unclassified","07/31","2019 Lake Erie","No change","FCY-27 (Unclassified)"
"Mp_MB_F_20080800_S26",0.094811312438546,0.0214366700714064,1.93753262548045,0.0579207290508384,0.702771512483505,-4.13338713736396,"Not Significant","logqc_LE_19_07_31","Lake Erie","19_07_31","2019","07","31","Mpa","07/31","2019 Lake Erie","No change","Mp_MB_F_20080800_S26 (Mpa)"
"Msp_OC_L_20101000_S702",0.0354238916333534,0.00613463632603834,1.83803403225726,0.0715639683704004,0.775986619935502,-4.29628053664831,"Not Significant","logqc_LE_19_07_31","Lake Erie","19_07_31","2019","07","31","Mae1","07/31","2019 Lake Erie","No change","Msp_OC_L_20101000_S702 (Mae1)"
"TW10",-0.148086550620081,0.0304914841160064,-1.81148992723917,0.0756312590210372,0.775986619935502,-4.33847533175246,"Not Significant","logqc_LE_19_07_31","Lake Erie","19_07_31","2019","07","31","Mae8","07/31","2019 Lake Erie","No change","TW10 (Mae8)"
"LE19-84",0.714366762023061,1.48578914474714,1.79358665011293,0.0784826619815456,0.775986619935502,-4.36663126678295,"Not Significant","logqc_LE_19_07_31","Lake Erie","19_07_31","2019","07","31","Mae4","07/31","2019 Lake Erie","No change","LE19-84 (Mae4)"
"K13-06",0.12732074442944,0.0866228644935585,1.77816990546079,0.0810095921910689,0.775986619935502,-4.39068006014497,"Not Significant","logqc_LE_19_07_31","Lake Erie","19_07_31","2019","07","31","Mae3_2","07/31","2019 Lake Erie","No change","K13-06 (Mae3_2)"
"Mn_MB_F_20050700_S1D",-0.302195816607353,0.225709300796186,-1.68121229195585,0.0985008820877372,0.896358026998408,-4.53771572486937,"Not Significant","logqc_LE_19_07_31","Lake Erie","19_07_31","2019","07","31","Mn","07/31","2019 Lake Erie","No change","Mn_MB_F_20050700_S1D (Mn)"
"LE19-195",0.888478477520977,1.59120313463519,1.63447563828261,0.107979600135078,0.935823201170678,-4.60596795071738,"Not Significant","logqc_LE_19_07_31","Lake Erie","19_07_31","2019","07","31","Mae3_1","07/31","2019 Lake Erie","No change","LE19-195 (Mae3_1)"
"Sj",-0.347352240767449,0.167634640982776,-1.53557889721721,0.130484115782793,1,-4.74467416908148,"Not Significant","logqc_LE_19_07_31","Lake Erie","19_07_31","2019","07","31","Unclassified","07/31","2019 Lake Erie","No change","Sj (Unclassified)"
"M_QC_C_20170808_M9Col",0.306777857210257,0.257986840954712,1.5059876946465,0.137901467322578,1,-4.78465031484402,"Not Significant","logqc_LE_19_07_31","Lake Erie","19_07_31","2019","07","31","Mae3_1","07/31","2019 Lake Erie","No change","M_QC_C_20170808_M9Col (Mae3_1)"
"LE19-55",-0.311193637974154,0.232007677225329,-1.48473927882414,0.143430810812459,1,-4.81291802914268,"Not Significant","logqc_LE_19_07_31","Lake Erie","19_07_31","2019","07","31","Mfl_ae1","07/31","2019 Lake Erie","No change","LE19-55 (Mfl_ae1)"
"Mf_QC_C_20070823_S10",-0.973344101263782,1.65735306210632,-1.46862086248423,0.147740671366405,1,-4.83411601397632,"Not Significant","logqc_LE_19_07_31","Lake Erie","19_07_31","2019","07","31","Mfl_ae1","07/31","2019 Lake Erie","No change","Mf_QC_C_20070823_S10 (Mfl_ae1)"
"Mp_GB_SS_20050300_S99",0.0637882509639174,0.011287167771039,1.44287191561951,0.154835878175749,1,-4.8675392200408,"Not Significant","logqc_LE_19_07_31","Lake Erie","19_07_31","2019","07","31","Mpa","07/31","2019 Lake Erie","No change","Mp_GB_SS_20050300_S99 (Mpa)"
"F13-15",0.604213717795872,1.40698658172397,1.41326151984981,0.163320891738654,1,-4.90530247803688,"Not Significant","logqc_LE_19_07_31","Lake Erie","19_07_31","2019","07","31","Mae4","07/31","2019 Lake Erie","No change","F13-15 (Mae4)"
"BS11-05",0.536085179713598,1.11655886680262,1.32862852798184,0.189561330641707,1,-5.0092411044817,"Not Significant","logqc_LE_19_07_31","Lake Erie","19_07_31","2019","07","31","Mae2_(HL/LG)","07/31","2019 Lake Erie","No change","BS11-05 (Mae2_(HL/LG))"
"LE19-8",0.596713534399886,0.640050823369167,1.32348202159268,0.191254619084137,1,-5.0153693039498,"Not Significant","logqc_LE_19_07_31","Lake Erie","19_07_31","2019","07","31","Mae8","07/31","2019 Lake Erie","No change","LE19-8 (Mae8)"
"BK11-02",-0.524776236479321,1.09855776593583,-1.31987226698092,0.192449099709517,1,-5.01965439728403,"Not Significant","logqc_LE_19_07_31","Lake Erie","19_07_31","2019","07","31","Mae2_(LL/LG)","07/31","2019 Lake Erie","No change","BK11-02 (Mae2_(LL/LG))"
"L311-01",0.0719893211438,0.0187007574921333,1.26581860846038,0.211015333476159,1,-5.0825128450326,"Not Significant","logqc_LE_19_07_31","Lake Erie","19_07_31","2019","07","31","Mae1","07/31","2019 Lake Erie","No change","L311-01 (Mae1)"
"NIES-3806",0.0144980762043714,0.00256348426910084,1.24999636364847,0.216694256782012,1,-5.10044665847263,"Not Significant","logqc_LE_19_07_31","Lake Erie","19_07_31","2019","07","31","Mfl_ae4","07/31","2019 Lake Erie","No change","NIES-3806 (Mfl_ae4)"
"PCC_7941",0.128912345691851,0.047432122570435,1.24725479181326,0.217689650577841,1,-5.10353259072517,"Not Significant","logqc_LE_19_07_31","Lake Erie","19_07_31","2019","07","31","Mae1","07/31","2019 Lake Erie","No change","PCC_7941 (Mae1)"
"Ma_QC_C_20070703_M131",0.130025231927503,0.0650762610075088,1.22806663609003,0.224751100580548,1,-5.12495266433589,"Not Significant","logqc_LE_19_07_31","Lake Erie","19_07_31","2019","07","31","Mae9","07/31","2019 Lake Erie","No change","Ma_QC_C_20070703_M131 (Mae9)"
"W13-16",0.0615915800530446,0.0277228925437981,1.20277871096815,0.234312336688489,1,-5.15270447374579,"Not Significant","logqc_LE_19_07_31","Lake Erie","19_07_31","2019","07","31","Mae2_(HL/LG)","07/31","2019 Lake Erie","No change","W13-16 (Mae2_(HL/LG))"
"LE19-59",-0.0905122008105275,0.040524784548568,-1.18572506983192,0.240925387605263,1,-5.17111219293016,"Not Significant","logqc_LE_19_07_31","Lake Erie","19_07_31","2019","07","31","Mae3_3","07/31","2019 Lake Erie","No change","LE19-59 (Mae3_3)"
"LE19-196",-0.0476326151510234,0.0169609752758347,-1.18190494226744,0.242425105344344,1,-5.17520160787389,"Not Significant","logqc_LE_19_07_31","Lake Erie","19_07_31","2019","07","31","Mae5","07/31","2019 Lake Erie","No change","LE19-196 (Mae5)"
"FACHB-524",0.0982441520378614,0.0547789840713263,1.15813941536919,0.251906757289229,1,-5.20036199387092,"Not Significant","logqc_LE_19_07_31","Lake Erie","19_07_31","2019","07","31","Mae1","07/31","2019 Lake Erie","No change","FACHB-524 (Mae1)"
"NIES-4285",0.0440127799590045,0.0209054276086438,1.14832035946226,0.255900874192564,1,-5.21061605515036,"Not Significant","logqc_LE_19_07_31","Lake Erie","19_07_31","2019","07","31","Mae1","07/31","2019 Lake Erie","No change","NIES-4285 (Mae1)"
"11-30S32",0.409458928612804,0.534806423440277,1.14335104641768,0.257939403176078,1,-5.21577397463165,"Not Significant","logqc_LE_19_07_31","Lake Erie","19_07_31","2019","07","31","Mae3_1","07/31","2019 Lake Erie","No change","11-30S32 (Mae3_1)"
"LE19-114",0.570509797044527,0.564634074616638,1.12792858948217,0.264339683902375,1,-5.23164659527071,"Not Significant","logqc_LE_19_07_31","Lake Erie","19_07_31","2019","07","31","Mae5","07/31","2019 Lake Erie","No change","LE19-114 (Mae5)"
"Ma_SC_T_19800800_S464",-0.306800155808312,0.403603032421017,-1.05376822856735,0.296684156172532,1,-5.30510373061491,"Not Significant","logqc_LE_19_07_31","Lake Erie","19_07_31","2019","07","31","Mwe","07/31","2019 Lake Erie","No change","Ma_SC_T_19800800_S464 (Mwe)"
"SPC777",-0.378424151510969,0.738352326476179,-1.04671451012447,0.299896730027028,1,-5.31184221519229,"Not Significant","logqc_LE_19_07_31","Lake Erie","19_07_31","2019","07","31","Mae1","07/31","2019 Lake Erie","No change","SPC777 (Mae1)"
"L211-101",0.421158201007,1.6167805291691,1.04162730455593,0.302228416729049,1,-5.31667519622665,"Not Significant","logqc_LE_19_07_31","Lake Erie","19_07_31","2019","07","31","Mae3_1","07/31","2019 Lake Erie","No change","L211-101 (Mae3_1)"
"M_OC_Ca_00000000_C217Col",-0.150481516411579,0.111285924783708,-0.917440972534355,0.362993547789705,1,-5.42763092995175,"Not Significant","logqc_LE_19_07_31","Lake Erie","19_07_31","2019","07","31","Mae4","07/31","2019 Lake Erie","No change","M_OC_Ca_00000000_C217Col (Mae4)"
"L211-07",-0.215460301340409,0.11190625229484,-0.869702340722357,0.38831488297182,1,-5.4666674362618,"Not Significant","logqc_LE_19_07_31","Lake Erie","19_07_31","2019","07","31","Mae3_1","07/31","2019 Lake Erie","No change","L211-07 (Mae3_1)"
"NIES-4325",-0.286805868006922,0.515605768568284,-0.845725804743369,0.401439959420566,1,-5.48551027663644,"Not Significant","logqc_LE_19_07_31","Lake Erie","19_07_31","2019","07","31","Mae10","07/31","2019 Lake Erie","No change","NIES-4325 (Mae10)"
"L211-11",0.0455351988344798,0.018938467828755,0.839889937398188,0.404675562912368,1,-5.49001918660117,"Not Significant","logqc_LE_19_07_31","Lake Erie","19_07_31","2019","07","31","Mae3_1","07/31","2019 Lake Erie","No change","L211-11 (Mae3_1)"
"LE19-251",0.285920135411573,2.14433901987754,0.830694863599251,0.40980604610574,1,-5.49706190332258,"Not Significant","logqc_LE_19_07_31","Lake Erie","19_07_31","2019","07","31","Mae3_3","07/31","2019 Lake Erie","No change","LE19-251 (Mae3_3)"
"PCC_9443",-0.240823006664475,0.395547888570149,-0.825665205349927,0.412629140629878,1,-5.50088233215617,"Not Significant","logqc_LE_19_07_31","Lake Erie","19_07_31","2019","07","31","Mae4","07/31","2019 Lake Erie","No change","PCC_9443 (Mae4)"
"LE19-197",0.0555909588481487,0.0203531721026541,0.820827358653669,0.415355722917237,1,-5.50453576573451,"Not Significant","logqc_LE_19_07_31","Lake Erie","19_07_31","2019","07","31","Mfl_ae1","07/31","2019 Lake Erie","No change","LE19-197 (Mfl_ae1)"
"Mv_BB_P_19951000_S69",-0.136107561885367,0.1576481250027,-0.807818817734583,0.422741334083211,1,-5.51425586577645,"Not Significant","logqc_LE_19_07_31","Lake Erie","19_07_31","2019","07","31","Mvi","07/31","2019 Lake Erie","No change","Mv_BB_P_19951000_S69 (Mvi)"
"LE18-22",0.485562703743062,2.37538675014286,0.793146554715456,0.431165728222506,1,-5.52503757700586,"Not Significant","logqc_LE_19_07_31","Lake Erie","19_07_31","2019","07","31","Mae3_1","07/31","2019 Lake Erie","No change","LE18-22 (Mae3_1)"
"G13-05",0.0382002108024223,0.0306149934736053,0.788952893506956,0.433591880205682,1,-5.52808383102307,"Not Significant","logqc_LE_19_07_31","Lake Erie","19_07_31","2019","07","31","Mae2_(HL/LG)","07/31","2019 Lake Erie","No change","G13-05 (Mae2_(HL/LG))"
"PCC_9807",-0.0973087005542267,0.0953927111816176,-0.784960334964212,0.435909211913447,1,-5.5309693702353,"Not Significant","logqc_LE_19_07_31","Lake Erie","19_07_31","2019","07","31","Mae4","07/31","2019 Lake Erie","No change","PCC_9807 (Mae4)"
"LE3",0.0839515392453157,0.0550937925627485,0.780738991624652,0.438367299729164,1,-5.53400472702911,"Not Significant","logqc_LE_19_07_31","Lake Erie","19_07_31","2019","07","31","Mae1","07/31","2019 Lake Erie","No change","LE3 (Mae1)"
"Mw_MB_S_20031200_S109",0.122327562057336,0.157347921766283,0.740032842796339,0.46248736594622,1,-5.56245402002798,"Not Significant","logqc_LE_19_07_31","Lake Erie","19_07_31","2019","07","31","Mwe","07/31","2019 Lake Erie","No change","Mw_MB_S_20031200_S109 (Mwe)"
"K13-05",0.087059343822523,0.0483281679742078,0.717455141456582,0.476187391006716,1,-5.57759112630511,"Not Significant","logqc_LE_19_07_31","Lake Erie","19_07_31","2019","07","31","Mae3_3","07/31","2019 Lake Erie","No change","K13-05 (Mae3_3)"
"LSC13-02",0.403839644938941,1.50391835237686,0.713728365110814,0.47847057121207,1,-5.58004556714994,"Not Significant","logqc_LE_19_07_31","Lake Erie","19_07_31","2019","07","31","Mae2_(LL/LG)","07/31","2019 Lake Erie","No change","LSC13-02 (Mae2_(LL/LG))"
"NIES-2520",0.380443138563133,2.11390555809893,0.705208228544361,0.483713390888682,1,-5.58560984762609,"Not Significant","logqc_LE_19_07_31","Lake Erie","19_07_31","2019","07","31","Mae3_2","07/31","2019 Lake Erie","No change","NIES-2520 (Mae3_2)"
"FD4",-0.313813576260078,1.73455209737951,-0.689981571954809,0.493162326764436,1,-5.59539081677514,"Not Significant","logqc_LE_19_07_31","Lake Erie","19_07_31","2019","07","31","Mvi","07/31","2019 Lake Erie","No change","FD4 (Mvi)"
"Ma_QC_Ch_20071001_S25",0.00972984562380417,0.00284874706007544,0.676323474323838,0.501723646408865,1,-5.6039859983114,"Not Significant","logqc_LE_19_07_31","Lake Erie","19_07_31","2019","07","31","Mae2_(LL/LG)","07/31","2019 Lake Erie","No change","Ma_QC_Ch_20071001_S25 (Mae2_(LL/LG))"
"S11-01",0.16032128806438,0.197274366514199,0.670527583110288,0.505380991323993,1,-5.60758243004623,"Not Significant","logqc_LE_19_07_31","Lake Erie","19_07_31","2019","07","31","Mae2_(LL/LG)","07/31","2019 Lake Erie","No change","S11-01 (Mae2_(LL/LG))"
"LE19-41",0.0595179411235413,0.0886701153905635,0.666714741843088,0.507794833332026,1,-5.60993177546986,"Not Significant","logqc_LE_19_07_31","Lake Erie","19_07_31","2019","07","31","Mae3_3","07/31","2019 Lake Erie","No change","LE19-41 (Mae3_3)"
"G13-07",0.0951296269655756,0.240259247661432,0.66331328069627,0.509953476875411,1,-5.61201653569467,"Not Significant","logqc_LE_19_07_31","Lake Erie","19_07_31","2019","07","31","Mae2_(HL/LG)","07/31","2019 Lake Erie","No change","G13-07 (Mae2_(HL/LG))"
"TF09",-0.201861464623084,0.375654853281397,-0.658267076267236,0.513164982357572,1,-5.61509006114383,"Not Significant","logqc_LE_19_07_31","Lake Erie","19_07_31","2019","07","31","Mae1","07/31","2019 Lake Erie","No change","TF09 (Mae1)"
"BS13-10",-0.43582730127818,3.71435705831315,-0.644317725160425,0.522098664632975,1,-5.62346624617649,"Not Significant","logqc_LE_19_07_31","Lake Erie","19_07_31","2019","07","31","Mae2_(HL/LG)","07/31","2019 Lake Erie","No change","BS13-10 (Mae2_(HL/LG))"
"Mf_QC_C_20070823_S10D",0.0138536899029116,0.00757522624448734,0.630021621614652,0.531339002498491,1,-5.63186755719087,"Not Significant","logqc_LE_19_07_31","Lake Erie","19_07_31","2019","07","31","Mfl_ae1","07/31","2019 Lake Erie","No change","Mf_QC_C_20070823_S10D (Mfl_ae1)"
"KLA2",0.188029488116613,0.368715473471586,0.624138483572753,0.535166205127623,1,-5.63527099247073,"Not Significant","logqc_LE_19_07_31","Lake Erie","19_07_31","2019","07","31","Mae1","07/31","2019 Lake Erie","No change","KLA2 (Mae1)"
"Ma_MB_S_20031200_S102",-0.0719180071444495,0.0997020858566253,-0.618541761545028,0.538820299010659,1,-5.63847955778452,"Not Significant","logqc_LE_19_07_31","Lake Erie","19_07_31","2019","07","31","Mae6","07/31","2019 Lake Erie","No change","Ma_MB_S_20031200_S102 (Mae6)"
"NIES-2549",-0.110522211374101,0.0785609694088359,-0.615961020470174,0.540509583641832,1,-5.63994949344011,"Not Significant","logqc_LE_19_07_31","Lake Erie","19_07_31","2019","07","31","Mfl_ae4","07/31","2019 Lake Erie","No change","NIES-2549 (Mfl_ae4)"
"G11-04",0.0122327199348098,0.0104425127262745,0.603149833179775,0.548935550258325,1,-5.64715685185044,"Not Significant","logqc_LE_19_07_31","Lake Erie","19_07_31","2019","07","31","Mae2_(HL/LG)","07/31","2019 Lake Erie","No change","G11-04 (Mae2_(HL/LG))"
"NIES-3807",0.00972984562380417,0.00304191839117172,0.5917355514182,0.556498498619235,1,-5.65345257398334,"Not Significant","logqc_LE_19_07_31","Lake Erie","19_07_31","2019","07","31","Mfl_ae4","07/31","2019 Lake Erie","No change","NIES-3807 (Mfl_ae4)"
"BS13-02",-0.0820863901978224,0.137650099733605,-0.566663981652962,0.573291772231528,1,-5.66686465620419,"Not Significant","logqc_LE_19_07_31","Lake Erie","19_07_31","2019","07","31","Mae6","07/31","2019 Lake Erie","No change","BS13-02 (Mae6)"
"Mn_MB_F_20050700_S1",-0.118904230227537,0.149138906345602,-0.53683280386112,0.593589462567936,1,-5.68207599074863,"Not Significant","logqc_LE_19_07_31","Lake Erie","19_07_31","2019","07","31","Mn","07/31","2019 Lake Erie","No change","Mn_MB_F_20050700_S1 (Mn)"
"LG13-11",0.163314885931482,0.494245808471573,0.535344274878281,0.594611088169903,1,-5.68281372482762,"Not Significant","logqc_LE_19_07_31","Lake Erie","19_07_31","2019","07","31","Mvi","07/31","2019 Lake Erie","No change","LG13-11 (Mvi)"
"M_QC_C_20170808_M3Col",0.128138305808511,0.198066234462503,0.517629759482105,0.606832022707265,1,-5.6914377718373,"Not Significant","logqc_LE_19_07_31","Lake Erie","19_07_31","2019","07","31","Mae2_(LL/LG)","07/31","2019 Lake Erie","No change","M_QC_C_20170808_M3Col (Mae2_(LL/LG))"
"Ma_QC_C_20070823_S18",0.0425542336275185,0.0667747573911391,0.49341277179131,0.623722946600624,1,-5.70276285886492,"Not Significant","logqc_LE_19_07_31","Lake Erie","19_07_31","2019","07","31","Mfl_ae1","07/31","2019 Lake Erie","No change","Ma_QC_C_20070823_S18 (Mfl_ae1)"
"LG13-13",-0.265643676027247,1.00860655239236,-0.487305606395419,0.628015390649397,1,-5.7055340642567,"Not Significant","logqc_LE_19_07_31","Lake Erie","19_07_31","2019","07","31","Mae10","07/31","2019 Lake Erie","No change","LG13-13 (Mae10)"
"NIES-102",-0.0818321530774901,0.108348188815705,-0.431782325393061,0.667619804305145,1,-5.72915871397893,"Not Significant","logqc_LE_19_07_31","Lake Erie","19_07_31","2019","07","31","Mae3_1","07/31","2019 Lake Erie","No change","NIES-102 (Mae3_1)"
"NIES-843",0.128729755289539,0.41419869861001,0.424376101843866,0.672978548850461,1,-5.73209591860011,"Not Significant","logqc_LE_19_07_31","Lake Erie","19_07_31","2019","07","31","Mae3_1","07/31","2019 Lake Erie","No change","NIES-843 (Mae3_1)"
"Mp_MB_F_20080800_S26D",-0.0842345994652697,0.310031748566602,-0.41596362774381,0.679086121756433,1,-5.73537098690652,"Not Significant","logqc_LE_19_07_31","Lake Erie","19_07_31","2019","07","31","Mpa","07/31","2019 Lake Erie","No change","Mp_MB_F_20080800_S26D (Mpa)"
"Mv_BB_P_19951000_S68D",0.0803132362341746,0.058572760991269,0.402547744425036,0.688871065076374,1,-5.74045918997583,"Not Significant","logqc_LE_19_07_31","Lake Erie","19_07_31","2019","07","31","Mvi","07/31","2019 Lake Erie","No change","Mv_BB_P_19951000_S68D (Mvi)"
"Mw_QC_S_20081001_S30D",0.0274051609469479,0.0393285602473755,0.375634104417647,0.708661395176919,1,-5.7501668205569,"Not Significant","logqc_LE_19_07_31","Lake Erie","19_07_31","2019","07","31","Mwe","07/31","2019 Lake Erie","No change","Mw_QC_S_20081001_S30D (Mwe)"
"Mp_GB_SS_20050300_S99D",0.0495222797659582,0.0713286176546508,0.356978613019387,0.72249991386102,1,-5.75650393958486,"Not Significant","logqc_LE_19_07_31","Lake Erie","19_07_31","2019","07","31","Mpa","07/31","2019 Lake Erie","No change","Mp_GB_SS_20050300_S99D (Mpa)"
"Mp_MB_F_20051200_S9",0.0138536899029116,0.0129444695602966,0.346552546687389,0.730275103009256,1,-5.75990571937778,"Not Significant","logqc_LE_19_07_31","Lake Erie","19_07_31","2019","07","31","Mpa","07/31","2019 Lake Erie","No change","Mp_MB_F_20051200_S9 (Mpa)"
"M_QC_C_20170808_M2Col",0.0393673790484635,0.118615750646058,0.334594307917881,0.739228073080864,1,-5.76368385830731,"Not Significant","logqc_LE_19_07_31","Lake Erie","19_07_31","2019","07","31","Mae3_1","07/31","2019 Lake Erie","No change","M_QC_C_20170808_M2Col (Mae3_1)"
"LE19-281",0.00973705406740594,0.0185045581236523,0.328204249150329,0.744027252996168,1,-5.76564862234736,"Not Significant","logqc_LE_19_07_31","Lake Erie","19_07_31","2019","07","31","Mae3_3","07/31","2019 Lake Erie","No change","LE19-281 (Mae3_3)"
"LG13-12",0.261772166120213,1.67744404555595,0.324017245724055,0.74717741874475,1,-5.76691555296339,"Not Significant","logqc_LE_19_07_31","Lake Erie","19_07_31","2019","07","31","Mae10","07/31","2019 Lake Erie","No change","LG13-12 (Mae10)"
"SX13-01",0.0464012809823049,0.101462483160348,0.316047834173856,0.753185316539778,1,-5.7692822299686,"Not Significant","logqc_LE_19_07_31","Lake Erie","19_07_31","2019","07","31","Mae2_(HL/LG)","07/31","2019 Lake Erie","No change","SX13-01 (Mae2_(HL/LG))"
"0824",0.022699146384254,0.0337903604092532,0.315467306354011,0.753623564970469,1,-5.76945233583025,"Not Significant","logqc_LE_19_07_31","Lake Erie","19_07_31","2019","07","31","Mfl_ae5","07/31","2019 Lake Erie","No change","0824 (Mfl_ae5)"
"DA14",0.00972984562380417,0.00571196148917547,0.30477053702419,0.761713167746585,1,-5.77253094060496,"Not Significant","logqc_LE_19_07_31","Lake Erie","19_07_31","2019","07","31","Mae1","07/31","2019 Lake Erie","No change","DA14 (Mae1)"
"NIES-2521",-0.0610373495370398,0.28888964313418,-0.299157303266471,0.765969064974871,1,-5.7741041444598,"Not Significant","logqc_LE_19_07_31","Lake Erie","19_07_31","2019","07","31","Mfl_ae4","07/31","2019 Lake Erie","No change","NIES-2521 (Mfl_ae4)"
"W13-15",0.0186219204834788,0.0310915074799987,0.289123118087686,0.773594923513768,1,-5.77684378708408,"Not Significant","logqc_LE_19_07_31","Lake Erie","19_07_31","2019","07","31","Mae2_(HL/LG)","07/31","2019 Lake Erie","No change","W13-15 (Mae2_(HL/LG))"
"KW",0.0499152174182441,0.228886029414017,0.284907241766979,0.776805701394968,1,-5.7779670630929,"Not Significant","logqc_LE_19_07_31","Lake Erie","19_07_31","2019","07","31","Mae3_1","07/31","2019 Lake Erie","No change","KW (Mae3_1)"
"PCC_9808",0.00820107017988264,0.00937374958881915,0.276723841085203,0.783049269047424,1,-5.78010049780126,"Not Significant","logqc_LE_19_07_31","Lake Erie","19_07_31","2019","07","31","Mae1","07/31","2019 Lake Erie","No change","PCC_9808 (Mae1)"
"LE19-13",-0.0348062812209612,0.0801902782450253,-0.254398144101015,0.800154837875633,1,-5.78560560254967,"Not Significant","logqc_LE_19_07_31","Lake Erie","19_07_31","2019","07","31","Mfl_ae1","07/31","2019 Lake Erie","No change","LE19-13 (Mfl_ae1)"
"NIES-2522",0.0048977319027522,0.00907699685756601,0.243021499510056,0.808910062325672,1,-5.78823332767214,"Not Significant","logqc_LE_19_07_31","Lake Erie","19_07_31","2019","07","31","Mfl_ae2","07/31","2019 Lake Erie","No change","NIES-2522 (Mfl_ae2)"
"LE13-04",0.0333024788996701,0.0605714405924541,0.240736833526727,0.810671301245121,1,-5.7887465712693,"Not Significant","logqc_LE_19_07_31","Lake Erie","19_07_31","2019","07","31","Mae2_(HL/LG)","07/31","2019 Lake Erie","No change","LE13-04 (Mae2_(HL/LG))"
"TA09",0.0576004319603714,0.259888765804974,0.239711167861863,0.811462303540063,1,-5.78897541106778,"Not Significant","logqc_LE_19_07_31","Lake Erie","19_07_31","2019","07","31","Mae10","07/31","2019 Lake Erie","No change","TA09 (Mae10)"
"W13-11",0.00972984562380417,0.0159541083323116,0.233546795817771,0.816220461784703,1,-5.79033022926858,"Not Significant","logqc_LE_19_07_31","Lake Erie","19_07_31","2019","07","31","Mae1","07/31","2019 Lake Erie","No change","W13-11 (Mae1)"
"LE19-10",0.0179309158036868,0.035897013020471,0.229022485008531,0.819717136987039,1,-5.79130218248912,"Not Significant","logqc_LE_19_07_31","Lake Erie","19_07_31","2019","07","31","Mae3_3","07/31","2019 Lake Erie","No change","LE19-10 (Mae3_3)"
"LL11-07",0.0048977319027522,0.0120445568874154,0.208415906833785,0.835688835749596,1,-5.7954890330493,"Not Significant","logqc_LE_19_07_31","Lake Erie","19_07_31","2019","07","31","Mae2_(HL/LG)","07/31","2019 Lake Erie","No change","LL11-07 (Mae2_(HL/LG))"
"FCY-28",-0.0351322127026174,0.128940385549611,-0.203554600836235,0.839467169570905,1,-5.79641935210539,"Not Significant","logqc_LE_19_07_31","Lake Erie","19_07_31","2019","07","31","Mae1","07/31","2019 Lake Erie","No change","FCY-28 (Mae1)"
"G13-09",0.00412384427910739,0.0147038367069868,0.199858902335992,0.842342114762659,1,-5.79711194027028,"Not Significant","logqc_LE_19_07_31","Lake Erie","19_07_31","2019","07","31","Mae2_(HL/LG)","07/31","2019 Lake Erie","No change","G13-09 (Mae2_(HL/LG))"
"W13-13",0.00412384427910739,0.00963758644345188,0.198837043875571,0.843137418594627,1,-5.7973012046839,"Not Significant","logqc_LE_19_07_31","Lake Erie","19_07_31","2019","07","31","Mae2_(HL/LG)","07/31","2019 Lake Erie","No change","W13-13 (Mae2_(HL/LG))"
"NIES-3804",0.022699146384254,0.0375041297968267,0.185996474272866,0.85314487855655,1,-5.79959691433359,"Not Significant","logqc_LE_19_07_31","Lake Erie","19_07_31","2019","07","31","Mfl_ae3","07/31","2019 Lake Erie","No change","NIES-3804 (Mfl_ae3)"
"EAWAG127a",-0.056817742962577,0.222501133930924,-0.16230967118917,0.87166819442402,1,-5.80343032223119,"Not Significant","logqc_LE_19_07_31","Lake Erie","19_07_31","2019","07","31","Mae6","07/31","2019 Lake Erie","No change","EAWAG127a (Mae6)"
"Ma_QC_Ca_00000000_S207",0.0498330460821433,0.583676704350923,0.162300703151796,0.871675221924627,1,-5.80343167496807,"Not Significant","logqc_LE_19_07_31","Lake Erie","19_07_31","2019","07","31","Mae2_(LL/LG)","07/31","2019 Lake Erie","No change","Ma_QC_Ca_00000000_S207 (Mae2_(LL/LG))"
"Mw_MB_S_20031200_S109D",0.00972984562380416,0.0326903523882331,0.155098905396021,0.87732198182994,1,-5.80449388608261,"Not Significant","logqc_LE_19_07_31","Lake Erie","19_07_31","2019","07","31","Mwe","07/31","2019 Lake Erie","No change","Mw_MB_S_20031200_S109D (Mwe)"
"Ma_QC_B_20070730_S2",-0.0664625778387565,0.435470995302504,-0.154154596825741,0.878062874631987,1,-5.8046295934301,"Not Significant","logqc_LE_19_07_31","Lake Erie","19_07_31","2019","07","31","Mae1","07/31","2019 Lake Erie","No change","Ma_QC_B_20070730_S2 (Mae1)"
"W11-03",0.00412384427910739,0.00624387145981817,0.150603825634599,0.880849743052856,1,-5.8051324674703,"Not Significant","logqc_LE_19_07_31","Lake Erie","19_07_31","2019","07","31","Mwe","07/31","2019 Lake Erie","No change","W11-03 (Mwe)"
"T1-4",0.0489217224754434,0.676099264574117,0.141500858874004,0.88800117313029,1,-5.80636818340892,"Not Significant","logqc_LE_19_07_31","Lake Erie","19_07_31","2019","07","31","Mfl_ae2","07/31","2019 Lake Erie","No change","T1-4 (Mfl_ae2)"
"LE19-338",-0.0561730890467269,0.859899611526082,-0.133404643830597,0.894369587348375,1,-5.80740257265236,"Not Significant","logqc_LE_19_07_31","Lake Erie","19_07_31","2019","07","31","Mfl_ae3","07/31","2019 Lake Erie","No change","LE19-338 (Mfl_ae3)"
"Ma_AC_P_19900807_S300",0.0110434650818876,0.0918720102450322,0.107063116899005,0.915135922360884,1,-5.81034668082924,"Not Significant","logqc_LE_19_07_31","Lake Erie","19_07_31","2019","07","31","Mae1","07/31","2019 Lake Erie","No change","Ma_AC_P_19900807_S300 (Mae1)"
"Mf_WU_F_19750830_S460",0.0048977319027522,0.0199662542891306,0.100669571666586,0.920185831401017,1,-5.81096403736403,"Not Significant","logqc_LE_19_07_31","Lake Erie","19_07_31","2019","07","31","Mfl_ae3","07/31","2019 Lake Erie","No change","Mf_WU_F_19750830_S460 (Mfl_ae3)"
"K13-07",0.0196063638134638,0.103993129310759,0.0952659169328264,0.924456470583896,1,-5.81145619088922,"Not Significant","logqc_LE_19_07_31","Lake Erie","19_07_31","2019","07","31","Mae2_(LL/LG)","07/31","2019 Lake Erie","No change","K13-07 (Mae2_(LL/LG))"
"NIES-2481",0.0048977319027522,0.0102832125020514,0.0723424301406612,0.942596843527369,1,-5.81324225752433,"Not Significant","logqc_LE_19_07_31","Lake Erie","19_07_31","2019","07","31","Mfl_ae4","07/31","2019 Lake Erie","No change","NIES-2481 (Mfl_ae4)"
"NIES-44",0.0273090712842803,1.07510902301778,0.0667435735882356,0.947032496282446,1,-5.81360427064931,"Not Significant","logqc_LE_19_07_31","Lake Erie","19_07_31","2019","07","31","Mae8","07/31","2019 Lake Erie","No change","NIES-44 (Mae8)"
"Ma_QC_Ch_20071001_S25D",0.0192040907670652,0.372566968085964,0.0605859279958536,0.951912789729044,1,-5.81396876609814,"Not Significant","logqc_LE_19_07_31","Lake Erie","19_07_31","2019","07","31","Mae2_(LL/LG)","07/31","2019 Lake Erie","No change","Ma_QC_Ch_20071001_S25D (Mae2_(LL/LG))"
"G13-10",-0.0372774487143459,1.91344585883941,-0.0555948829199748,0.955869853754874,1,-5.81423834148841,"Not Significant","logqc_LE_19_07_31","Lake Erie","19_07_31","2019","07","31","Mae2_(HL/LG)","07/31","2019 Lake Erie","No change","G13-10 (Mae2_(HL/LG))"
"PCC_7005",0.00820107017988264,0.105333022534326,0.0448549896528946,0.964388455290401,1,-5.81473988770332,"Not Significant","logqc_LE_19_07_31","Lake Erie","19_07_31","2019","07","31","Mae1","07/31","2019 Lake Erie","No change","PCC_7005 (Mae1)"
"Mw_QC_S_20081001_S30",-0.0109230810984938,0.483802100567593,-0.0339552705391434,0.973038095806104,1,-5.81513925099657,"Not Significant","logqc_LE_19_07_31","Lake Erie","19_07_31","2019","07","31","Mwe","07/31","2019 Lake Erie","No change","Mw_QC_S_20081001_S30 (Mwe)"
"LE17-10A",-0.010633464612245,1.13435182819568,-0.0218116521636854,0.9826786455072,1,-5.81545409946671,"Not Significant","logqc_LE_19_07_31","Lake Erie","19_07_31","2019","07","31","Mae5","07/31","2019 Lake Erie","No change","LE17-10A (Mae5)"
"NIES-87",0.00188210829778845,0.746447175377667,0.00698782662226398,0.99445033356569,1,-5.81565258394453,"Not Significant","logqc_LE_19_07_31","Lake Erie","19_07_31","2019","07","31","Mfl_ae6","07/31","2019 Lake Erie","No change","NIES-87 (Mfl_ae6)"
"MC19",0,0.000214372615189159,0,1,1,-5.81567528614471,"Not Significant","logqc_LE_19_07_31","Lake Erie","19_07_31","2019","07","31","Mfl_ae2","07/31","2019 Lake Erie","No change","MC19 (Mfl_ae2)"
"M_OC_Ca_00000000_S217Cul",0,0,0,1,1,-5.81567528614471,"Not Significant","logqc_LE_19_07_31","Lake Erie","19_07_31","2019","07","31","Mae4","07/31","2019 Lake Erie","No change","M_OC_Ca_00000000_S217Cul (Mae4)"
"CACIAM_03",0,0,0,1,1,-5.81567528614471,"Not Significant","logqc_LE_19_07_31","Lake Erie","19_07_31","2019","07","31","Mae1","07/31","2019 Lake Erie","No change","CACIAM_03 (Mae1)"
"CHAOHU_1326",0,0.0362841489748562,0,1,1,-5.81567528614471,"Not Significant","logqc_LE_19_07_31","Lake Erie","19_07_31","2019","07","31","Mae4","07/31","2019 Lake Erie","No change","CHAOHU_1326 (Mae4)"
"DIANCHI905",0,0.0136551134488945,0,1,1,-5.81567528614471,"Not Significant","logqc_LE_19_07_31","Lake Erie","19_07_31","2019","07","31","Mae1","07/31","2019 Lake Erie","No change","DIANCHI905 (Mae1)"
"FCY-27",0,0,0,1,1,-5.81567528614471,"Not Significant","logqc_LE_19_07_31","Lake Erie","19_07_31","2019","07","31","Unclassified","07/31","2019 Lake Erie","No change","FCY-27 (Unclassified)"
"FCY-27",0,0,0,1,1,-5.81567528614471,"Not Significant","logqc_LE_19_07_31","Lake Erie","19_07_31","2019","07","31","Unclassified","07/31","2019 Lake Erie","No change","FCY-27 (Unclassified)"
"G11-01",0,0.000188710934714087,0,1,1,-5.81567528614471,"Not Significant","logqc_LE_19_07_31","Lake Erie","19_07_31","2019","07","31","Mae2_(HL/LG)","07/31","2019 Lake Erie","No change","G11-01 (Mae2_(HL/LG))"
"G11-06",0,0.0125333798659142,0,1,1,-5.81567528614471,"Not Significant","logqc_LE_19_07_31","Lake Erie","19_07_31","2019","07","31","Mae2_(HL/LG)","07/31","2019 Lake Erie","No change","G11-06 (Mae2_(HL/LG))"
"G11-09",0,0.0504221903893531,0,1,1,-5.81567528614471,"Not Significant","logqc_LE_19_07_31","Lake Erie","19_07_31","2019","07","31","Mae2_(HL/LG)","07/31","2019 Lake Erie","No change","G11-09 (Mae2_(HL/LG))"
"G13-01",0,0.00494134073905403,0,1,1,-5.81567528614471,"Not Significant","logqc_LE_19_07_31","Lake Erie","19_07_31","2019","07","31","Mae2_(HL/LG)","07/31","2019 Lake Erie","No change","G13-01 (Mae2_(HL/LG))"
"G13-03",0,0,0,1,1,-5.81567528614471,"Not Significant","logqc_LE_19_07_31","Lake Erie","19_07_31","2019","07","31","Mae2_(HL/LG)","07/31","2019 Lake Erie","No change","G13-03 (Mae2_(HL/LG))"
"G13-11",0,0.144613938089757,0,1,1,-5.81567528614471,"Not Significant","logqc_LE_19_07_31","Lake Erie","19_07_31","2019","07","31","Mae2_(HL/LG)","07/31","2019 Lake Erie","No change","G13-11 (Mae2_(HL/LG))"
"G13-12",0,0.0160517041433756,0,1,1,-5.81567528614471,"Not Significant","logqc_LE_19_07_31","Lake Erie","19_07_31","2019","07","31","Mae2_(HL/LG)","07/31","2019 Lake Erie","No change","G13-12 (Mae2_(HL/LG))"
"L111-01",0,0.00187237805834669,0,1,1,-5.81567528614471,"Not Significant","logqc_LE_19_07_31","Lake Erie","19_07_31","2019","07","31","Mae2_(HL/LG)","07/31","2019 Lake Erie","No change","L111-01 (Mae2_(HL/LG))"
"LG11-05",0,0.0100220001339047,0,1,1,-5.81567528614471,"Not Significant","logqc_LE_19_07_31","Lake Erie","19_07_31","2019","07","31","Mae10","07/31","2019 Lake Erie","No change","LG11-05 (Mae10)"
"LG13-03",0,0.0252745359021614,0,1,1,-5.81567528614471,"Not Significant","logqc_LE_19_07_31","Lake Erie","19_07_31","2019","07","31","Mae10","07/31","2019 Lake Erie","No change","LG13-03 (Mae10)"
"LL13-03",0,0.0038955905749627,0,1,1,-5.81567528614471,"Not Significant","logqc_LE_19_07_31","Lake Erie","19_07_31","2019","07","31","Mae2_(HL/LG)","07/31","2019 Lake Erie","No change","LL13-03 (Mae2_(HL/LG))"
"LL13-06",0,0.0165886045674064,0,1,1,-5.81567528614471,"Not Significant","logqc_LE_19_07_31","Lake Erie","19_07_31","2019","07","31","Mae2_(LL/LG)","07/31","2019 Lake Erie","No change","LL13-06 (Mae2_(LL/LG))"
"Ma_MB_F_20061100_S19",0,0.00150678531318592,0,1,1,-5.81567528614471,"Not Significant","logqc_LE_19_07_31","Lake Erie","19_07_31","2019","07","31","Mae1","07/31","2019 Lake Erie","No change","Ma_MB_F_20061100_S19 (Mae1)"
"Ma_MB_F_20061100_S19D",0,0,0,1,1,-5.81567528614471,"Not Significant","logqc_LE_19_07_31","Lake Erie","19_07_31","2019","07","31","Mae1","07/31","2019 Lake Erie","No change","Ma_MB_F_20061100_S19D (Mae1)"
"Ma_MB_F_20061100_S20",0,0.0146020964372637,0,1,1,-5.81567528614471,"Not Significant","logqc_LE_19_07_31","Lake Erie","19_07_31","2019","07","31","Mae5","07/31","2019 Lake Erie","No change","Ma_MB_F_20061100_S20 (Mae5)"
"Ma_MB_F_20061100_S20D",0,0.0680865720923015,0,1,1,-5.81567528614471,"Not Significant","logqc_LE_19_07_31","Lake Erie","19_07_31","2019","07","31","Mae5","07/31","2019 Lake Erie","No change","Ma_MB_F_20061100_S20D (Mae5)"
"Ma_OC_LR_19540900_S633",0,0,0,1,1,-5.81567528614471,"Not Significant","logqc_LE_19_07_31","Lake Erie","19_07_31","2019","07","31","Mae1","07/31","2019 Lake Erie","No change","Ma_OC_LR_19540900_S633 (Mae1)"
"Ma_QC_C_20070823_S13",0,0,0,1,1,-5.81567528614471,"Not Significant","logqc_LE_19_07_31","Lake Erie","19_07_31","2019","07","31","Mae2_(HL/LG)","07/31","2019 Lake Erie","No change","Ma_QC_C_20070823_S13 (Mae2_(HL/LG))"
"Ma_QC_C_20070823_S13D",0,0,0,1,1,-5.81567528614471,"Not Significant","logqc_LE_19_07_31","Lake Erie","19_07_31","2019","07","31","Mae2_(HL/LG)","07/31","2019 Lake Erie","No change","Ma_QC_C_20070823_S13D (Mae2_(HL/LG))"
"Ma_QC_Ch_20071001_M135",0,0.00567770030287288,0,1,1,-5.81567528614471,"Not Significant","logqc_LE_19_07_31","Lake Erie","19_07_31","2019","07","31","Mae2_(LL/LG)","07/31","2019 Lake Erie","No change","Ma_QC_Ch_20071001_M135 (Mae2_(LL/LG))"
"NIES-1211",0,0,0,1,1,-5.81567528614471,"Not Significant","logqc_LE_19_07_31","Lake Erie","19_07_31","2019","07","31","Mfl_ae2","07/31","2019 Lake Erie","No change","NIES-1211 (Mfl_ae2)"
"NIES-2519",0,0,0,1,1,-5.81567528614471,"Not Significant","logqc_LE_19_07_31","Lake Erie","19_07_31","2019","07","31","Mfl_ae2","07/31","2019 Lake Erie","No change","NIES-2519 (Mfl_ae2)"
"NIES-298",0,0.00396058292170508,0,1,1,-5.81567528614471,"Not Significant","logqc_LE_19_07_31","Lake Erie","19_07_31","2019","07","31","Mae1","07/31","2019 Lake Erie","No change","NIES-298 (Mae1)"
"NIES-4264",0,0.00159482942609291,0,1,1,-5.81567528614471,"Not Significant","logqc_LE_19_07_31","Lake Erie","19_07_31","2019","07","31","Mfl_ae2","07/31","2019 Lake Erie","No change","NIES-4264 (Mfl_ae2)"
"NIES-98",0,0.0383344961775684,0,1,1,-5.81567528614471,"Not Significant","logqc_LE_19_07_31","Lake Erie","19_07_31","2019","07","31","Mae1","07/31","2019 Lake Erie","No change","NIES-98 (Mae1)"
"NaRes975",0,0.000426382505789865,0,1,1,-5.81567528614471,"Not Significant","logqc_LE_19_07_31","Lake Erie","19_07_31","2019","07","31","Mae1","07/31","2019 Lake Erie","No change","NaRes975 (Mae1)"
"PCC_7806SL",0,0.000426382505789865,0,1,1,-5.81567528614471,"Not Significant","logqc_LE_19_07_31","Lake Erie","19_07_31","2019","07","31","Mae1","07/31","2019 Lake Erie","No change","PCC_7806SL (Mae1)"
"PCC_9432",0,0.0246211750270618,0,1,1,-5.81567528614471,"Not Significant","logqc_LE_19_07_31","Lake Erie","19_07_31","2019","07","31","Mae1","07/31","2019 Lake Erie","No change","PCC_9432 (Mae1)"
"PCC_9701",0,0,0,1,1,-5.81567528614471,"Not Significant","logqc_LE_19_07_31","Lake Erie","19_07_31","2019","07","31","Mfl_ae1","07/31","2019 Lake Erie","No change","PCC_9701 (Mfl_ae1)"
"PCC_9717",0,0.000188710934714087,0,1,1,-5.81567528614471,"Not Significant","logqc_LE_19_07_31","Lake Erie","19_07_31","2019","07","31","Mae3_3","07/31","2019 Lake Erie","No change","PCC_9717 (Mae3_3)"
"PCC_9806",0,0.000253070833139477,0,1,1,-5.81567528614471,"Not Significant","logqc_LE_19_07_31","Lake Erie","19_07_31","2019","07","31","Mfl_ae3","07/31","2019 Lake Erie","No change","PCC_9806 (Mfl_ae3)"
"S11-05",0,0,0,1,1,-5.81567528614471,"Not Significant","logqc_LE_19_07_31","Lake Erie","19_07_31","2019","07","31","Mae2_(LL/LG)","07/31","2019 Lake Erie","No change","S11-05 (Mae2_(LL/LG))"
"SX13-11",0,0.017622386286122,0,1,1,-5.81567528614471,"Not Significant","logqc_LE_19_07_31","Lake Erie","19_07_31","2019","07","31","Mae2_(HL/LG)","07/31","2019 Lake Erie","No change","SX13-11 (Mae2_(HL/LG))"
"TAIHU98",0,0.00144659403385004,0,1,1,-5.81567528614471,"Not Significant","logqc_LE_19_07_31","Lake Erie","19_07_31","2019","07","31","Mae1","07/31","2019 Lake Erie","No change","TAIHU98 (Mae1)"
"W11-06",0,0,0,1,1,-5.81567528614471,"Not Significant","logqc_LE_19_07_31","Lake Erie","19_07_31","2019","07","31","Mwe","07/31","2019 Lake Erie","No change","W11-06 (Mwe)"
"W13-18",0,0,0,1,1,-5.81567528614471,"Not Significant","logqc_LE_19_07_31","Lake Erie","19_07_31","2019","07","31","Mae2_(LL/LG)","07/31","2019 Lake Erie","No change","W13-18 (Mae2_(LL/LG))"
"Mf_QC_C_20070823_S20",0,0,0,1,1,-5.81567528614471,"Not Significant","logqc_LE_19_07_31","Lake Erie","19_07_31","2019","07","31","Mfl_ae1","07/31","2019 Lake Erie","No change","Mf_QC_C_20070823_S20 (Mfl_ae1)"
"Mf_QC_C_20070823_S20D",0,0,0,1,1,-5.81567528614471,"Not Significant","logqc_LE_19_07_31","Lake Erie","19_07_31","2019","07","31","Mfl_ae1","07/31","2019 Lake Erie","No change","Mf_QC_C_20070823_S20D (Mfl_ae1)"
"Mf_QC_C_20070823_S20T",0,0,0,1,1,-5.81567528614471,"Not Significant","logqc_LE_19_07_31","Lake Erie","19_07_31","2019","07","31","Mfl_ae1","07/31","2019 Lake Erie","No change","Mf_QC_C_20070823_S20T (Mfl_ae1)"
"FACHB-1757",0,0.0146020964372637,0,1,1,-5.81567528614471,"Not Significant","logqc_LE_19_07_31","Lake Erie","19_07_31","2019","07","31","Mae4","07/31","2019 Lake Erie","No change","FACHB-1757 (Mae4)"
"Mp_MB_F_20051200_S6",0,0.00763925243983875,0,1,1,-5.81567528614471,"Not Significant","logqc_LE_19_07_31","Lake Erie","19_07_31","2019","07","31","Mpa","07/31","2019 Lake Erie","No change","Mp_MB_F_20051200_S6 (Mpa)"
"Mp_MB_F_20051200_S6D",0,0.00542826465134461,0,1,1,-5.81567528614471,"Not Significant","logqc_LE_19_07_31","Lake Erie","19_07_31","2019","07","31","Mpa","07/31","2019 Lake Erie","No change","Mp_MB_F_20051200_S6D (Mpa)"
"Mp_MB_F_20051200_S9D",0,0,0,1,1,-5.81567528614471,"Not Significant","logqc_LE_19_07_31","Lake Erie","19_07_31","2019","07","31","Mpa","07/31","2019 Lake Erie","No change","Mp_MB_F_20051200_S9D (Mpa)"
"Mv_BB_P_19951000_S68",0,0.000200209738925561,0,1,1,-5.81567528614471,"Not Significant","logqc_LE_19_07_31","Lake Erie","19_07_31","2019","07","31","Mvi","07/31","2019 Lake Erie","No change","Mv_BB_P_19951000_S68 (Mvi)"
"Mv_BB_P_19951000_S69D",0,0.013868195965796,0,1,1,-5.81567528614471,"Not Significant","logqc_LE_19_07_31","Lake Erie","19_07_31","2019","07","31","Mvi","07/31","2019 Lake Erie","No change","Mv_BB_P_19951000_S69D (Mvi)"
"Mw_QC_B_20070930_S4",0,0,0,1,1,-5.81567528614471,"Not Significant","logqc_LE_19_07_31","Lake Erie","19_07_31","2019","07","31","Mwe","07/31","2019 Lake Erie","No change","Mw_QC_B_20070930_S4 (Mwe)"
"LE17-20C",0,0.0405752117684644,0,1,1,-5.81567528614471,"Not Significant","logqc_LE_19_07_31","Lake Erie","19_07_31","2019","07","31","Mae8","07/31","2019 Lake Erie","No change","LE17-20C (Mae8)"
"LE19-131",0,0.0903619212896802,0,1,1,-5.81567528614471,"Not Significant","logqc_LE_19_07_31","Lake Erie","19_07_31","2019","07","31","Mae1","07/31","2019 Lake Erie","No change","LE19-131 (Mae1)"
"LE19-388",0,0.00205546863257623,0,1,1,-5.81567528614471,"Not Significant","logqc_LE_19_07_31","Lake Erie","19_07_31","2019","07","31","Mfl_ae3","07/31","2019 Lake Erie","No change","LE19-388 (Mfl_ae3)"
"LE19-98",0,0.000253070833139477,0,1,1,-5.81567528614471,"Not Significant","logqc_LE_19_07_31","Lake Erie","19_07_31","2019","07","31","Mfl_ae1","07/31","2019 Lake Erie","No change","LE19-98 (Mfl_ae1)"
"Ma_QC_Ca_00000000_S207",1.70491046144794,0.583676704350923,5.99760606841596,1.72378070382774e-07,3.13728088096649e-05,7.13603279715215,"Increased","logqc_LE_19_08_13","Lake Erie","19_08_13","2019","08","13","Mae2_(LL/LG)","08/13","2019 Lake Erie","2019 Lake Erie","Ma_QC_Ca_00000000_S207 (Mae2_(LL/LG))"
"LSC13-02",2.98600160268866,1.50391835237686,5.70016512658307,5.14357196686055e-07,4.6806504898431e-05,6.11039572629324,"Increased","logqc_LE_19_08_13","Lake Erie","19_08_13","2019","08","13","Mae2_(LL/LG)","08/13","2019 Lake Erie","2019 Lake Erie","LSC13-02 (Mae2_(LL/LG))"
"G13-10",3.40407528397858,1.91344585883941,5.48354219567122,1.13258086870207e-06,6.87099060345925e-05,5.3702477329252,"Increased","logqc_LE_19_08_13","Lake Erie","19_08_13","2019","08","13","Mae2_(HL/LG)","08/13","2019 Lake Erie","2019 Lake Erie","G13-10 (Mae2_(HL/LG))"
"Mf_QC_C_20070823_S10",-3.29139759701084,1.65735306210632,-5.36410208716379,1.74501158771188e-06,7.93980272408904e-05,4.96514472261736,"Decreased","logqc_LE_19_08_13","Lake Erie","19_08_13","2019","08","13","Mfl_ae1","08/13","2019 Lake Erie","2019 Lake Erie","Mf_QC_C_20070823_S10 (Mfl_ae1)"
"F13-15",-1.91653182557498,1.40698658172397,-4.84196207407278,1.11983150231843e-05,0.000356480043050937,3.22584634666202,"Decreased","logqc_LE_19_08_13","Lake Erie","19_08_13","2019","08","13","Mae4","08/13","2019 Lake Erie","2019 Lake Erie","F13-15 (Mae4)"
"BS13-10",2.99735522176134,3.71435705831315,4.78627069000173,1.36072634456204e-05,0.000356480043050937,3.04392372647682,"Increased","logqc_LE_19_08_13","Lake Erie","19_08_13","2019","08","13","Mae2_(HL/LG)","08/13","2019 Lake Erie","2019 Lake Erie","BS13-10 (Mae2_(HL/LG))"
"LE19-84",-1.76411040965646,1.48578914474714,-4.78410034959101,1.37107708865745e-05,0.000356480043050937,3.03684993378679,"Decreased","logqc_LE_19_08_13","Lake Erie","19_08_13","2019","08","13","Mae4","08/13","2019 Lake Erie","2019 Lake Erie","LE19-84 (Mae4)"
"K13-10",-1.93373956842747,1.90090039066495,-4.31649736371374,6.81453395511167e-05,0.00155030647478791,1.54373861149514,"Decreased","logqc_LE_19_08_13","Lake Erie","19_08_13","2019","08","13","Mae3_3","08/13","2019 Lake Erie","2019 Lake Erie","K13-10 (Mae3_3)"
"LE19-8",-1.70212993645681,0.640050823369167,-4.07772808649552,0.000150648870114373,0.00304645492897954,0.808488829672994,"Decreased","logqc_LE_19_08_13","Lake Erie","19_08_13","2019","08","13","Mae8","08/13","2019 Lake Erie","2019 Lake Erie","LE19-8 (Mae8)"
"NIES-44",-1.39755147409549,1.07510902301778,-3.68929796515863,0.000524117650887881,0.00953894124615942,-0.340365757162246,"Decreased","logqc_LE_19_08_13","Lake Erie","19_08_13","2019","08","13","Mae8","08/13","2019 Lake Erie","2019 Lake Erie","NIES-44 (Mae8)"
"W13-16",0.171549366565286,0.0277228925437981,3.61848603310632,0.0006536296651722,0.0108145999146673,-0.542784331239382,"Increased","logqc_LE_19_08_13","Lake Erie","19_08_13","2019","08","13","Mae2_(HL/LG)","08/13","2019 Lake Erie","2019 Lake Erie","W13-16 (Mae2_(HL/LG))"
"BK11-02",1.31107944118786,1.09855776593583,3.56172303612133,0.000779000558473364,0.0118148418035127,-0.703359686479777,"Increased","logqc_LE_19_08_13","Lake Erie","19_08_13","2019","08","13","Mae2_(LL/LG)","08/13","2019 Lake Erie","2019 Lake Erie","BK11-02 (Mae2_(LL/LG))"
"Ma_QC_Ch_20071001_S25D",0.959696091225774,0.372566968085964,3.27028148201216,0.00187457368509971,0.0262440315913959,-1.50281668326239,"Increased","logqc_LE_19_08_13","Lake Erie","19_08_13","2019","08","13","Mae2_(LL/LG)","08/13","2019 Lake Erie","2019 Lake Erie","Ma_QC_Ch_20071001_S25D (Mae2_(LL/LG))"
"L211-101",-1.20550376656038,1.6167805291691,-3.22039438132715,0.00216989207414168,0.0282085969638419,-1.635243933225,"Decreased","logqc_LE_19_08_13","Lake Erie","19_08_13","2019","08","13","Mae3_1","08/13","2019 Lake Erie","2019 Lake Erie","L211-101 (Mae3_1)"
"LE19-388",0.0385400368608044,0.00205546863257623,2.99864496723198,0.00409522306484528,0.0363595519063694,-2.20712169834906,"Increased","logqc_LE_19_08_13","Lake Erie","19_08_13","2019","08","13","Mfl_ae3","08/13","2019 Lake Erie","2019 Lake Erie","LE19-388 (Mfl_ae3)"
"NaRes975",-0.00799467198355996,0.000426382505789865,-2.99171867508831,0.00417556363817588,0.0363595519063694,-2.22452853122881,"Decreased","logqc_LE_19_08_13","Lake Erie","19_08_13","2019","08","13","Mae1","08/13","2019 Lake Erie","2019 Lake Erie","NaRes975 (Mae1)"
"PCC_7806SL",-0.00799467198355996,0.000426382505789865,-2.99171867508831,0.00417556363817588,0.0363595519063694,-2.22452853122881,"Decreased","logqc_LE_19_08_13","Lake Erie","19_08_13","2019","08","13","Mae1","08/13","2019 Lake Erie","2019 Lake Erie","PCC_7806SL (Mae1)"
"PCC_9806",-0.00474507812136519,0.000253070833139477,-2.97907858581593,0.00432598098679507,0.0363595519063694,-2.25622185851753,"Decreased","logqc_LE_19_08_13","Lake Erie","19_08_13","2019","08","13","Mfl_ae3","08/13","2019 Lake Erie","2019 Lake Erie","PCC_9806 (Mfl_ae3)"
"LE19-98",-0.00474507812136519,0.000253070833139477,-2.97907858581593,0.00432598098679507,0.0363595519063694,-2.25622185851753,"Decreased","logqc_LE_19_08_13","Lake Erie","19_08_13","2019","08","13","Mfl_ae1","08/13","2019 Lake Erie","2019 Lake Erie","LE19-98 (Mfl_ae1)"
"MC19",-0.00401948653479673,0.000214372615189159,-2.9715467521758,0.00441799509632883,0.0363595519063694,-2.27506184364413,"Decreased","logqc_LE_19_08_13","Lake Erie","19_08_13","2019","08","13","Mfl_ae2","08/13","2019 Lake Erie","2019 Lake Erie","MC19 (Mfl_ae2)"
"G11-01",-0.00353833002588914,0.000188710934714087,-2.9638874263568,0.00451343378220822,0.0363595519063694,-2.2941861052452,"Decreased","logqc_LE_19_08_13","Lake Erie","19_08_13","2019","08","13","Mae2_(HL/LG)","08/13","2019 Lake Erie","2019 Lake Erie","G11-01 (Mae2_(HL/LG))"
"PCC_9717",-0.00353833002588914,0.000188710934714087,-2.9638874263568,0.00451343378220822,0.0363595519063694,-2.2941861052452,"Decreased","logqc_LE_19_08_13","Lake Erie","19_08_13","2019","08","13","Mae3_3","08/13","2019 Lake Erie","2019 Lake Erie","PCC_9717 (Mae3_3)"
"DF17",-1.24360950819116,0.597718933770284,-2.95746873210552,0.004594888427728,0.0363595519063694,-2.31018572408565,"Decreased","logqc_LE_19_08_13","Lake Erie","19_08_13","2019","08","13","Mae3_1","08/13","2019 Lake Erie","2019 Lake Erie","DF17 (Mae3_1)"
"NIES-2521",0.53959227754298,0.28888964313418,2.85655811085483,0.00606907848436865,0.046023845173129,-2.55844837473677,"Increased","logqc_LE_19_08_13","Lake Erie","19_08_13","2019","08","13","Mfl_ae4","08/13","2019 Lake Erie","2019 Lake Erie","NIES-2521 (Mfl_ae4)"
"G13-11",0.330184744746266,0.144613938089757,2.65982698637194,0.0102713739067612,0.0727273857608509,-3.02415844482575,"Not Significant","logqc_LE_19_08_13","Lake Erie","19_08_13","2019","08","13","Mae2_(HL/LG)","08/13","2019 Lake Erie","No change","G13-11 (Mae2_(HL/LG))"
"PCC_9809",-0.635199104074228,0.268086319503821,-2.65545252022706,0.0103896265372644,0.0727273857608509,-3.0342301723316,"Not Significant","logqc_LE_19_08_13","Lake Erie","19_08_13","2019","08","13","Mae3_1","08/13","2019 Lake Erie","No change","PCC_9809 (Mae3_1)"
"Ma_MB_S_20031200_S102D",-0.114930084382076,0.0260079543864669,-2.56666071910096,0.0130752735644445,0.0881370292121817,-3.23591634907953,"Not Significant","logqc_LE_19_08_13","Lake Erie","19_08_13","2019","08","13","Mae6","08/13","2019 Lake Erie","No change","Ma_MB_S_20031200_S102D (Mae6)"
"BS11-05",0.926905144125677,1.11655886680262,2.4812953367083,0.0162375103590692,0.10554381733395,-3.42479503794865,"Not Significant","logqc_LE_19_08_13","Lake Erie","19_08_13","2019","08","13","Mae2_(HL/LG)","08/13","2019 Lake Erie","No change","BS11-05 (Mae2_(HL/LG))"
"LE19-195",-1.23253445658661,1.59120313463519,-2.44908582082527,0.0176000175070683,0.110455282285739,-3.49475605458384,"Not Significant","logqc_LE_19_08_13","Lake Erie","19_08_13","2019","08","13","Mae3_1","08/13","2019 Lake Erie","No change","LE19-195 (Mae3_1)"
"T1-4",0.776378118621545,0.676099264574117,2.42551529671052,0.0186614587458044,0.111677267807275,-3.54549339530604,"Not Significant","logqc_LE_19_08_13","Lake Erie","19_08_13","2019","08","13","Mfl_ae2","08/13","2019 Lake Erie","No change","T1-4 (Mfl_ae2)"
"G13-12",0.0948371115507724,0.0160517041433756,2.41778408040769,0.0190219522089315,0.111677267807275,-3.56205039352895,"Not Significant","logqc_LE_19_08_13","Lake Erie","19_08_13","2019","08","13","Mae2_(HL/LG)","08/13","2019 Lake Erie","No change","G13-12 (Mae2_(HL/LG))"
"G13-05",0.10246852625652,0.0306149934736053,2.28585774002579,0.0262148980224077,0.149097232502444,-3.83801041178325,"Not Significant","logqc_LE_19_08_13","Lake Erie","19_08_13","2019","08","13","Mae2_(HL/LG)","08/13","2019 Lake Erie","No change","G13-05 (Mae2_(HL/LG))"
"PCC_9808",0.0605316306219019,0.00937374958881915,2.20613364024477,0.031651687544822,0.174563852519928,-3.99863990793338,"Not Significant","logqc_LE_19_08_13","Lake Erie","19_08_13","2019","08","13","Mae1","08/13","2019 Lake Erie","No change","PCC_9808 (Mae1)"
"G13-07",-0.282739362084275,0.240259247661432,-2.12942607437794,0.0377972886532295,0.202326662790816,-4.14871985489677,"Not Significant","logqc_LE_19_08_13","Lake Erie","19_08_13","2019","08","13","Mae2_(HL/LG)","08/13","2019 Lake Erie","No change","G13-07 (Mae2_(HL/LG))"
"LE18-22",-1.18547366835806,2.37538675014286,-2.09157493058474,0.0411974062098004,0.214226512290962,-4.22113439966812,"Not Significant","logqc_LE_19_08_13","Lake Erie","19_08_13","2019","08","13","Mae3_1","08/13","2019 Lake Erie","No change","LE18-22 (Mae3_1)"
"LE19-251",-0.606800818546471,2.14433901987754,-1.9042165572566,0.0622185945412568,0.314549561291909,-4.56321329646343,"Not Significant","logqc_LE_19_08_13","Lake Erie","19_08_13","2019","08","13","Mae3_3","08/13","2019 Lake Erie","No change","LE19-251 (Mae3_3)"
"LL11-07",0.0403733372536169,0.0120445568874154,1.85568346590172,0.068962830068968,0.339222569528437,-4.64729224957485,"Not Significant","logqc_LE_19_08_13","Lake Erie","19_08_13","2019","08","13","Mae2_(HL/LG)","08/13","2019 Lake Erie","No change","LL11-07 (Mae2_(HL/LG))"
"LE19-55",-0.342163077373293,0.232007677225329,-1.76329926431175,0.0835109876959857,0.394728600309347,-4.80206142194987,"Not Significant","logqc_LE_19_08_13","Lake Erie","19_08_13","2019","08","13","Mfl_ae1","08/13","2019 Lake Erie","No change","LE19-55 (Mfl_ae1)"
"K13-06",-0.116474704758751,0.0866228644935585,-1.75702968774225,0.0845847000662886,0.394728600309347,-4.81231140050955,"Not Significant","logqc_LE_19_08_13","Lake Erie","19_08_13","2019","08","13","Mae3_2","08/13","2019 Lake Erie","No change","K13-06 (Mae3_2)"
"NIES-843",-0.465192963913594,0.41419869861001,-1.65645067319824,0.103434129547279,0.47062528944012,-4.97228560142826,"Not Significant","logqc_LE_19_08_13","Lake Erie","19_08_13","2019","08","13","Mae3_1","08/13","2019 Lake Erie","No change","NIES-843 (Mae3_1)"
"KW",0.254664052307652,0.228886029414017,1.57004305229673,0.122250244368054,0.542671816463069,-5.10293083471325,"Not Significant","logqc_LE_19_08_13","Lake Erie","19_08_13","2019","08","13","Mae3_1","08/13","2019 Lake Erie","No change","KW (Mae3_1)"
"Msp_OC_L_20101000_S702",-0.0248252196327206,0.00613463632603834,-1.39130956865521,0.169840696637199,0.735976352094529,-5.35281109476295,"Not Significant","logqc_LE_19_08_13","Lake Erie","19_08_13","2019","08","13","Mae1","08/13","2019 Lake Erie","No change","Msp_OC_L_20101000_S702 (Mae1)"
"PCC_9807",0.156916074139063,0.0953927111816176,1.36721516729966,0.177225729322957,0.737200735140555,-5.38436230538937,"Not Significant","logqc_LE_19_08_13","Lake Erie","19_08_13","2019","08","13","Mae4","08/13","2019 Lake Erie","No change","PCC_9807 (Mae4)"
"NIES-4285",-0.0480760885248556,0.0209054276086438,-1.35483617874738,0.181114347892971,0.737200735140555,-5.400372902529,"Not Significant","logqc_LE_19_08_13","Lake Erie","19_08_13","2019","08","13","Mae1","08/13","2019 Lake Erie","No change","NIES-4285 (Mae1)"
"TW10",-0.102263307821847,0.0304914841160064,-1.35118102424021,0.182274907040247,0.737200735140555,-5.40507441787448,"Not Significant","logqc_LE_19_08_13","Lake Erie","19_08_13","2019","08","13","Mae8","08/13","2019 Lake Erie","No change","TW10 (Mae8)"
"M_QC_C_20170808_M3Col",0.295208907533344,0.198066234462503,1.28808081429216,0.203213402848967,0.80371371532176,-5.48436586140503,"Not Significant","logqc_LE_19_08_13","Lake Erie","19_08_13","2019","08","13","Mae2_(LL/LG)","08/13","2019 Lake Erie","No change","M_QC_C_20170808_M3Col (Mae2_(LL/LG))"
"NIES-88",0.0335556549317731,0.0166130923980228,1.26017709201051,0.213027363042158,0.80371371532176,-5.51829539574411,"Not Significant","logqc_LE_19_08_13","Lake Erie","19_08_13","2019","08","13","Mae3_1","08/13","2019 Lake Erie","No change","NIES-88 (Mae3_1)"
"LE19-338",-0.490933122431987,0.859899611526082,-1.25932657922534,0.213331926831762,0.80371371532176,-5.51931860471368,"Not Significant","logqc_LE_19_08_13","Lake Erie","19_08_13","2019","08","13","Mfl_ae3","08/13","2019 Lake Erie","No change","LE19-338 (Mfl_ae3)"
"LE19-197",-0.0784304500722043,0.0203531721026541,-1.25085151929154,0.216384461817397,0.80371371532176,-5.5294789985252,"Not Significant","logqc_LE_19_08_13","Lake Erie","19_08_13","2019","08","13","Mfl_ae1","08/13","2019 Lake Erie","No change","LE19-197 (Mfl_ae1)"
"11-30S32",-0.396287207734512,0.534806423440277,-1.19523333219512,0.237221796986786,0.843360001963159,-5.594550179107,"Not Significant","logqc_LE_19_08_13","Lake Erie","19_08_13","2019","08","13","Mae3_1","08/13","2019 Lake Erie","No change","11-30S32 (Mae3_1)"
"LL13-06",0.0335556549317731,0.0165886045674064,1.18986077560317,0.239309363758838,0.843360001963159,-5.60068765900891,"Not Significant","logqc_LE_19_08_13","Lake Erie","19_08_13","2019","08","13","Mae2_(LL/LG)","08/13","2019 Lake Erie","No change","LL13-06 (Mae2_(LL/LG))"
"Ma_OC_H_19870700_S124",-0.00353833002588914,0.000626101344307828,-1.1856367089194,0.240960000560903,0.843360001963159,-5.60549474173172,"Not Significant","logqc_LE_19_08_13","Lake Erie","19_08_13","2019","08","13","Mae8","08/13","2019 Lake Erie","No change","Ma_OC_H_19870700_S124 (Mae8)"
"Sj",-0.242180762027626,0.167634640982776,-1.15641859521767,0.252603490748016,0.855751809783527,-5.63830155827852,"Not Significant","logqc_LE_19_08_13","Lake Erie","19_08_13","2019","08","13","Unclassified","08/13","2019 Lake Erie","No change","Sj (Unclassified)"
"LL13-03",0.0214805770897065,0.0038955905749627,1.15321467725993,0.253904383122585,0.855751809783527,-5.64185171152356,"Not Significant","logqc_LE_19_08_13","Lake Erie","19_08_13","2019","08","13","Mae2_(HL/LG)","08/13","2019 Lake Erie","No change","LL13-03 (Mae2_(HL/LG))"
"W13-13",0.0214805770897065,0.00963758644345188,1.11870191097812,0.268222128245658,0.887571406194722,-5.67949986367601,"Not Significant","logqc_LE_19_08_13","Lake Erie","19_08_13","2019","08","13","Mae2_(HL/LG)","08/13","2019 Lake Erie","No change","W13-13 (Mae2_(HL/LG))"
"NIES-2520",-0.529501589514329,2.11390555809893,-1.06015234481359,0.293797018300028,0.950381546754947,-5.74087065506805,"Not Significant","logqc_LE_19_08_13","Lake Erie","19_08_13","2019","08","13","Mae3_2","08/13","2019 Lake Erie","No change","NIES-2520 (Mae3_2)"
"M_QC_C_20170808_M2Col",0.11416310029527,0.118615750646058,1.04804805363882,0.299287554492227,0.950381546754947,-5.75316441954072,"Not Significant","logqc_LE_19_08_13","Lake Erie","19_08_13","2019","08","13","Mae3_1","08/13","2019 Lake Erie","No change","M_QC_C_20170808_M2Col (Mae3_1)"
"L211-11",-0.0520279933369343,0.018938467828755,-1.03653891496021,0.304573019574521,0.950381546754947,-5.76472816305363,"Not Significant","logqc_LE_19_08_13","Lake Erie","19_08_13","2019","08","13","Mae3_1","08/13","2019 Lake Erie","No change","L211-11 (Mae3_1)"
"Mv_BB_P_19951000_S69D",0.0335556549317731,0.013868195965796,1.02895448228526,0.30809072120078,0.950381546754947,-5.7722815956912,"Not Significant","logqc_LE_19_08_13","Lake Erie","19_08_13","2019","08","13","Mvi","08/13","2019 Lake Erie","No change","Mv_BB_P_19951000_S69D (Mvi)"
"FACHB-524",-0.0782003912033324,0.0547789840713263,-0.995718220528438,0.32383075191812,0.982286614151631,-5.80475316216849,"Not Significant","logqc_LE_19_08_13","Lake Erie","19_08_13","2019","08","13","Mae1","08/13","2019 Lake Erie","No change","FACHB-524 (Mae1)"
"G13-01",0.0197845513983597,0.00494134073905403,0.963981832497896,0.339354801956112,1,-5.83480095366045,"Not Significant","logqc_LE_19_08_13","Lake Erie","19_08_13","2019","08","13","Mae2_(HL/LG)","08/13","2019 Lake Erie","No change","G13-01 (Mae2_(HL/LG))"
"NIES-102",-0.168094235383459,0.108348188815705,-0.958003504422772,0.342333202910966,1,-5.84035611459887,"Not Significant","logqc_LE_19_08_13","Lake Erie","19_08_13","2019","08","13","Mae3_1","08/13","2019 Lake Erie","No change","NIES-102 (Mae3_1)"
"Mw_QC_S_20081001_S30",-0.278752863304713,0.483802100567593,-0.935954569365728,0.35346604278341,1,-5.86055571528239,"Not Significant","logqc_LE_19_08_13","Lake Erie","19_08_13","2019","08","13","Mwe","08/13","2019 Lake Erie","No change","Mw_QC_S_20081001_S30 (Mwe)"
"LE19-59",-0.0638478907461288,0.040524784548568,-0.90343482369816,0.370310198340985,1,-5.88951725750655,"Not Significant","logqc_LE_19_08_13","Lake Erie","19_08_13","2019","08","13","Mae3_3","08/13","2019 Lake Erie","No change","LE19-59 (Mae3_3)"
"SX13-01",0.122081362926934,0.101462483160348,0.898143254249349,0.373098796080316,1,-5.89413598852002,"Not Significant","logqc_LE_19_08_13","Lake Erie","19_08_13","2019","08","13","Mae2_(HL/LG)","08/13","2019 Lake Erie","No change","SX13-01 (Mae2_(HL/LG))"
"G11-09",0.0510167454866829,0.0504221903893531,0.896189402981064,0.374131824514402,1,-5.8958347523619,"Not Significant","logqc_LE_19_08_13","Lake Erie","19_08_13","2019","08","13","Mae2_(HL/LG)","08/13","2019 Lake Erie","No change","G11-09 (Mae2_(HL/LG))"
"LE19-281",-0.0235056467992258,0.0185045581236523,-0.855780169794271,0.395903051628126,1,-5.9301629151975,"Not Significant","logqc_LE_19_08_13","Lake Erie","19_08_13","2019","08","13","Mae3_3","08/13","2019 Lake Erie","No change","LE19-281 (Mae3_3)"
"S11-01",0.188857475666083,0.197274366514199,0.853164997928567,0.397338637293191,1,-5.93233152109636,"Not Significant","logqc_LE_19_08_13","Lake Erie","19_08_13","2019","08","13","Mae2_(LL/LG)","08/13","2019 Lake Erie","No change","S11-01 (Mae2_(LL/LG))"
"Mf_QC_C_20070823_S10D",-0.0169863556113127,0.00757522624448734,-0.834379448652603,0.407745438021481,1,-5.94771944196998,"Not Significant","logqc_LE_19_08_13","Lake Erie","19_08_13","2019","08","13","Mfl_ae1","08/13","2019 Lake Erie","No change","Mf_QC_C_20070823_S10D (Mfl_ae1)"
"Mp_MB_F_20051200_S6D",-0.0150369567958075,0.00542826465134461,-0.79001288262873,0.432977881263592,1,-5.98273604760381,"Not Significant","logqc_LE_19_08_13","Lake Erie","19_08_13","2019","08","13","Mpa","08/13","2019 Lake Erie","No change","Mp_MB_F_20051200_S6D (Mpa)"
"M_QC_C_20170808_M9Col",-0.147457999022378,0.257986840954712,-0.781878272508668,0.43770309069855,1,-5.98895382878909,"Not Significant","logqc_LE_19_08_13","Lake Erie","19_08_13","2019","08","13","Mae3_1","08/13","2019 Lake Erie","No change","M_QC_C_20170808_M9Col (Mae3_1)"
"PCC_9443",-0.198169018257963,0.395547888570149,-0.733863286799747,0.46620842096758,1,-6.02437234950919,"Not Significant","logqc_LE_19_08_13","Lake Erie","19_08_13","2019","08","13","Mae4","08/13","2019 Lake Erie","No change","PCC_9443 (Mae4)"
"Mp_MB_F_20080800_S26D",-0.135497878006968,0.310031748566602,-0.722721094206881,0.47297173581192,1,-6.03227733953807,"Not Significant","logqc_LE_19_08_13","Lake Erie","19_08_13","2019","08","13","Mpa","08/13","2019 Lake Erie","No change","Mp_MB_F_20080800_S26D (Mpa)"
"Ma_QC_C_20070703_M131",-0.0672526138615724,0.0650762610075088,-0.686083316688586,0.495597642306968,1,-6.05743408871566,"Not Significant","logqc_LE_19_08_13","Lake Erie","19_08_13","2019","08","13","Mae9","08/13","2019 Lake Erie","No change","Ma_QC_C_20070703_M131 (Mae9)"
"LE013-01",0.0199924950337421,0.00867546477728927,0.677602365375229,0.500918579642555,1,-6.06307428333478,"Not Significant","logqc_LE_19_08_13","Lake Erie","19_08_13","2019","08","13","Mae8","08/13","2019 Lake Erie","No change","LE013-01 (Mae8)"
"TAIHU98",-0.00474507812136519,0.00144659403385004,-0.657778564340283,0.513476455058508,1,-6.07598898252301,"Not Significant","logqc_LE_19_08_13","Lake Erie","19_08_13","2019","08","13","Mae1","08/13","2019 Lake Erie","No change","TAIHU98 (Mae1)"
"FD4",-0.276033792771919,1.73455209737951,-0.655543342448837,0.514902910651941,1,-6.07742151802656,"Not Significant","logqc_LE_19_08_13","Lake Erie","19_08_13","2019","08","13","Mvi","08/13","2019 Lake Erie","No change","FD4 (Mvi)"
"NIES-87",0.162277061594176,0.746447175377667,0.650770775452371,0.517955697764954,1,-6.08046416154502,"Not Significant","logqc_LE_19_08_13","Lake Erie","19_08_13","2019","08","13","Mfl_ae6","08/13","2019 Lake Erie","No change","NIES-87 (Mfl_ae6)"
"SPC777",-0.216203453279902,0.738352326476179,-0.645929946932265,0.521061952277015,1,-6.08352797644334,"Not Significant","logqc_LE_19_08_13","Lake Erie","19_08_13","2019","08","13","Mae1","08/13","2019 Lake Erie","No change","SPC777 (Mae1)"
"W11-03",-0.0158159706071012,0.00624387145981817,-0.623882768201198,0.535332881037839,1,-6.09719699397202,"Not Significant","logqc_LE_19_08_13","Lake Erie","19_08_13","2019","08","13","Mwe","08/13","2019 Lake Erie","No change","W11-03 (Mwe)"
"LE3",-0.0611400650667261,0.0550937925627485,-0.614152886706473,0.541694759802915,1,-6.10308069642466,"Not Significant","logqc_LE_19_08_13","Lake Erie","19_08_13","2019","08","13","Mae1","08/13","2019 Lake Erie","No change","LE3 (Mae1)"
"LE19-114",-0.284829134140267,0.564634074616638,-0.608241855809486,0.545578540964462,1,-6.10661061206274,"Not Significant","logqc_LE_19_08_13","Lake Erie","19_08_13","2019","08","13","Mae5","08/13","2019 Lake Erie","No change","LE19-114 (Mae5)"
"Ma_MB_S_20031200_S102",0.0635022662058077,0.0997020858566253,0.589921196812264,0.557705459490526,1,-6.11733733891652,"Not Significant","logqc_LE_19_08_13","Lake Erie","19_08_13","2019","08","13","Mae6","08/13","2019 Lake Erie","No change","Ma_MB_S_20031200_S102 (Mae6)"
"LE13-04",0.0722378723886439,0.0605714405924541,0.564032752002643,0.575068435688848,1,-6.13194292224657,"Not Significant","logqc_LE_19_08_13","Lake Erie","19_08_13","2019","08","13","Mae2_(HL/LG)","08/13","2019 Lake Erie","No change","LE13-04 (Mae2_(HL/LG))"
"K13-05",-0.0611296556756079,0.0483281679742078,-0.544132551117263,0.588591408345994,1,-6.14272993630518,"Not Significant","logqc_LE_19_08_13","Lake Erie","19_08_13","2019","08","13","Mae3_3","08/13","2019 Lake Erie","No change","K13-05 (Mae3_3)"
"Mn_MB_F_20050700_S1",-0.109731771505925,0.149138906345602,-0.535115493733202,0.594768181268952,1,-6.14749157947869,"Not Significant","logqc_LE_19_08_13","Lake Erie","19_08_13","2019","08","13","Mn","08/13","2019 Lake Erie","No change","Mn_MB_F_20050700_S1 (Mn)"
"NIES-3806",-0.00531502921903343,0.00256348426910084,-0.494968342167291,0.622631695892887,1,-6.16773619482377,"Not Significant","logqc_LE_19_08_13","Lake Erie","19_08_13","2019","08","13","Mfl_ae4","08/13","2019 Lake Erie","No change","NIES-3806 (Mfl_ae4)"
"Mw_MB_S_20031200_S109D",0.0282406257127397,0.0326903523882331,0.486239787401627,0.62876583861952,1,-6.17193081262707,"Not Significant","logqc_LE_19_08_13","Lake Erie","19_08_13","2019","08","13","Mwe","08/13","2019 Lake Erie","No change","Mw_MB_S_20031200_S109D (Mwe)"
"M_OC_Ca_00000000_C217Col",-0.0726873216413116,0.111285924783708,-0.478659886935865,0.63411422166345,1,-6.17551342937169,"Not Significant","logqc_LE_19_08_13","Lake Erie","19_08_13","2019","08","13","Mae4","08/13","2019 Lake Erie","No change","M_OC_Ca_00000000_C217Col (Mae4)"
"Mf_WU_F_19750830_S460",-0.0213739050437122,0.0199662542891306,-0.474526513090389,0.637039055780481,1,-6.17744354725197,"Not Significant","logqc_LE_19_08_13","Lake Erie","19_08_13","2019","08","13","Mfl_ae3","08/13","2019 Lake Erie","No change","Mf_WU_F_19750830_S460 (Mfl_ae3)"
"Mv_BB_P_19951000_S69",-0.0693187089154402,0.1576481250027,-0.44438109134655,0.658544040264413,1,-6.19101810326069,"Not Significant","logqc_LE_19_08_13","Lake Erie","19_08_13","2019","08","13","Mvi","08/13","2019 Lake Erie","No change","Mv_BB_P_19951000_S69 (Mvi)"
"G11-04",-0.00828340814725433,0.0104425127262745,-0.441148325311334,0.660867967756848,1,-6.1924213574853,"Not Significant","logqc_LE_19_08_13","Lake Erie","19_08_13","2019","08","13","Mae2_(HL/LG)","08/13","2019 Lake Erie","No change","G11-04 (Mae2_(HL/LG))"
"W13-11",-0.0164708238628743,0.0159541083323116,-0.427028323409286,0.671057563332205,1,-6.1984312213551,"Not Significant","logqc_LE_19_08_13","Lake Erie","19_08_13","2019","08","13","Mae1","08/13","2019 Lake Erie","No change","W13-11 (Mae1)"
"LE19-13",0.0527857686078354,0.0801902782450253,0.41672212436319,0.678534545743532,1,-6.20269526068906,"Not Significant","logqc_LE_19_08_13","Lake Erie","19_08_13","2019","08","13","Mfl_ae1","08/13","2019 Lake Erie","No change","LE19-13 (Mfl_ae1)"
"Ma_QC_Ch_20071001_S25",-0.00531502921903343,0.00284874706007544,-0.399050227726777,0.691430899591111,1,-6.2097658669461,"Not Significant","logqc_LE_19_08_13","Lake Erie","19_08_13","2019","08","13","Mae2_(LL/LG)","08/13","2019 Lake Erie","No change","Ma_QC_Ch_20071001_S25 (Mae2_(LL/LG))"
"EAWAG127a",-0.12164902549171,0.222501133930924,-0.375355210788622,0.708867564172562,1,-6.2187684231703,"Not Significant","logqc_LE_19_08_13","Lake Erie","19_08_13","2019","08","13","Mae6","08/13","2019 Lake Erie","No change","EAWAG127a (Mae6)"
"NIES-4325",-0.112934216713563,0.515605768568284,-0.359700041668535,0.72047522160481,1,-6.22441573870801,"Not Significant","logqc_LE_19_08_13","Lake Erie","19_08_13","2019","08","13","Mae10","08/13","2019 Lake Erie","No change","NIES-4325 (Mae10)"
"LE19-196",-0.0128728457797193,0.0169609752758347,-0.345005551833871,0.731431222045855,1,-6.22949870548079,"Not Significant","logqc_LE_19_08_13","Lake Erie","19_08_13","2019","08","13","Mae5","08/13","2019 Lake Erie","No change","LE19-196 (Mae5)"
"FCY-28",-0.049915493978164,0.128940385549611,-0.312380695627912,0.755955056974715,1,-6.24002938223704,"Not Significant","logqc_LE_19_08_13","Lake Erie","19_08_13","2019","08","13","Mae1","08/13","2019 Lake Erie","No change","FCY-28 (Mae1)"
"Ma_QC_C_20070823_S18",-0.0247590057123584,0.0667747573911391,-0.310080323245512,0.757694146859801,1,-6.24073260408997,"Not Significant","logqc_LE_19_08_13","Lake Erie","19_08_13","2019","08","13","Mfl_ae1","08/13","2019 Lake Erie","No change","Ma_QC_C_20070823_S18 (Mfl_ae1)"
"LE19-4",-0.00876456465616193,0.00652576662414928,-0.306368524693938,0.760502936797184,1,-6.24185637800061,"Not Significant","logqc_LE_19_08_13","Lake Erie","19_08_13","2019","08","13","Mae5","08/13","2019 Lake Erie","No change","LE19-4 (Mae5)"
"Mp_MB_F_20080800_S26",-0.0134480255854235,0.0214366700714064,-0.296838882055811,0.767728998018248,1,-6.24467978936062,"Not Significant","logqc_LE_19_08_13","Lake Erie","19_08_13","2019","08","13","Mpa","08/13","2019 Lake Erie","No change","Mp_MB_F_20080800_S26 (Mpa)"
"BS13-02",-0.0365138776202316,0.137650099733605,-0.272261229625946,0.786460132595538,1,-6.25155113695739,"Not Significant","logqc_LE_19_08_13","Lake Erie","19_08_13","2019","08","13","Mae6","08/13","2019 Lake Erie","No change","BS13-02 (Mae6)"
"Mw_QC_S_20081001_S30D",-0.0178721800832757,0.0393285602473755,-0.264596189377186,0.792328485033807,1,-6.25357304520949,"Not Significant","logqc_LE_19_08_13","Lake Erie","19_08_13","2019","08","13","Mwe","08/13","2019 Lake Erie","No change","Mw_QC_S_20081001_S30D (Mwe)"
"LG13-11",0.0717876980046591,0.494245808471573,0.254173818023954,0.800327229225788,1,-6.25622990727928,"Not Significant","logqc_LE_19_08_13","Lake Erie","19_08_13","2019","08","13","Mvi","08/13","2019 Lake Erie","No change","LG13-11 (Mvi)"
"LG13-12",-0.185717555560857,1.67744404555595,-0.248296737344813,0.804847219025847,1,-6.25768113181,"Not Significant","logqc_LE_19_08_13","Lake Erie","19_08_13","2019","08","13","Mae10","08/13","2019 Lake Erie","No change","LG13-12 (Mae10)"
"PCC_7005",-0.0399420799890122,0.105333022534326,-0.235963214761797,0.814354434449698,1,-6.26061651713221,"Not Significant","logqc_LE_19_08_13","Lake Erie","19_08_13","2019","08","13","Mae1","08/13","2019 Lake Erie","No change","PCC_7005 (Mae1)"
"K13-07",-0.0439304521890786,0.103993129310759,-0.230557663989792,0.818530236106483,1,-6.26185601494677,"Not Significant","logqc_LE_19_08_13","Lake Erie","19_08_13","2019","08","13","Mae2_(LL/LG)","08/13","2019 Lake Erie","No change","K13-07 (Mae2_(LL/LG))"
"LE19-41",-0.019044995124132,0.0886701153905635,-0.23043392600706,0.818625886494347,1,-6.26188405258843,"Not Significant","logqc_LE_19_08_13","Lake Erie","19_08_13","2019","08","13","Mae3_3","08/13","2019 Lake Erie","No change","LE19-41 (Mae3_3)"
"Mn_MB_F_20050700_S1D",0.0378790580712699,0.225709300796186,0.227618037434927,0.820803336873288,1,-6.26251804091077,"Not Significant","logqc_LE_19_08_13","Lake Erie","19_08_13","2019","08","13","Mn","08/13","2019 Lake Erie","No change","Mn_MB_F_20050700_S1D (Mn)"
"L211-07",0.0515186293191743,0.11190625229484,0.224616197426918,0.823126142462227,1,-6.26318532846394,"Not Significant","logqc_LE_19_08_13","Lake Erie","19_08_13","2019","08","13","Mae3_1","08/13","2019 Lake Erie","No change","L211-07 (Mae3_1)"
"NIES-2549",-0.0362571284784454,0.0785609694088359,-0.218258147260492,0.828051202642604,1,-6.26456948071866,"Not Significant","logqc_LE_19_08_13","Lake Erie","19_08_13","2019","08","13","Mfl_ae4","08/13","2019 Lake Erie","No change","NIES-2549 (Mfl_ae4)"
"Ma_SC_T_19800800_S464",0.0587292594528536,0.403603032421017,0.217880038801266,0.82834431342397,1,-6.26465054551327,"Not Significant","logqc_LE_19_08_13","Lake Erie","19_08_13","2019","08","13","Mwe","08/13","2019 Lake Erie","No change","Ma_SC_T_19800800_S464 (Mwe)"
"DIANCHI905",-0.0140519625552153,0.0136551134488945,-0.212376869442946,0.83261314725439,1,-6.265814518864,"Not Significant","logqc_LE_19_08_13","Lake Erie","19_08_13","2019","08","13","Mae1","08/13","2019 Lake Erie","No change","DIANCHI905 (Mae1)"
"LE19-10",-0.0150369567958075,0.035897013020471,-0.207447878647118,0.836440904776082,1,-6.26683181358926,"Not Significant","logqc_LE_19_08_13","Lake Erie","19_08_13","2019","08","13","Mae3_3","08/13","2019 Lake Erie","No change","LE19-10 (Mae3_3)"
"Mw_MB_S_20031200_S109",-0.030873346297687,0.157347921766283,-0.201736170674661,0.840881483977761,1,-6.26798082345077,"Not Significant","logqc_LE_19_08_13","Lake Erie","19_08_13","2019","08","13","Mwe","08/13","2019 Lake Erie","No change","Mw_MB_S_20031200_S109 (Mwe)"
"LE17-20C",-0.0267062080163538,0.0405752117684644,-0.197584759579235,0.844112285131365,1,-6.26879585324901,"Not Significant","logqc_LE_19_08_13","Lake Erie","19_08_13","2019","08","13","Mae8","08/13","2019 Lake Erie","No change","LE17-20C (Mae8)"
"PCC_7941",-0.0175951546557498,0.047432122570435,-0.183876891619518,0.854799187582917,1,-6.27136687112795,"Not Significant","logqc_LE_19_08_13","Lake Erie","19_08_13","2019","08","13","Mae1","08/13","2019 Lake Erie","No change","PCC_7941 (Mae1)"
"TA09",-0.0398653588310147,0.259888765804974,-0.17919735696407,0.858453822635538,1,-6.27220230333983,"Not Significant","logqc_LE_19_08_13","Lake Erie","19_08_13","2019","08","13","Mae10","08/13","2019 Lake Erie","No change","TA09 (Mae10)"
"Ma_AC_P_19900807_S300",-0.0165692106831934,0.0918720102450322,-0.173504097413022,0.862904359730493,1,-6.27318971157965,"Not Significant","logqc_LE_19_08_13","Lake Erie","19_08_13","2019","08","13","Mae1","08/13","2019 Lake Erie","No change","Ma_AC_P_19900807_S300 (Mae1)"
"LG13-13",-0.0727299593335033,1.00860655239236,-0.144108190844497,0.885951828247431,1,-6.27778126706491,"Not Significant","logqc_LE_19_08_13","Lake Erie","19_08_13","2019","08","13","Mae10","08/13","2019 Lake Erie","No change","LG13-13 (Mae10)"
"W13-15",-0.00821710655032752,0.0310915074799987,-0.137800459063676,0.890910980229985,1,-6.2786558550702,"Not Significant","logqc_LE_19_08_13","Lake Erie","19_08_13","2019","08","13","Mae2_(HL/LG)","08/13","2019 Lake Erie","No change","W13-15 (Mae2_(HL/LG))"
"DA14",-0.00401948653479673,0.00571196148917547,-0.13599126183894,0.892334193829297,1,-6.2788994888909,"Not Significant","logqc_LE_19_08_13","Lake Erie","19_08_13","2019","08","13","Mae1","08/13","2019 Lake Erie","No change","DA14 (Mae1)"
"NIES-3804",0.0145478449282103,0.0375041297968267,0.128755931207045,0.898029418972584,1,-6.27984166290799,"Not Significant","logqc_LE_19_08_13","Lake Erie","19_08_13","2019","08","13","Mfl_ae3","08/13","2019 Lake Erie","No change","NIES-3804 (Mfl_ae3)"
"KLA2",-0.0357974327556431,0.368715473471586,-0.128345390139791,0.898352737516115,1,-6.27989358004052,"Not Significant","logqc_LE_19_08_13","Lake Erie","19_08_13","2019","08","13","Mae1","08/13","2019 Lake Erie","No change","KLA2 (Mae1)"
"TF09",-0.032836226978051,0.375654853281397,-0.115657914744925,0.908352947290166,1,-6.28141634900569,"Not Significant","logqc_LE_19_08_13","Lake Erie","19_08_13","2019","08","13","Mae1","08/13","2019 Lake Erie","No change","TF09 (Mae1)"
"Mp_GB_SS_20050300_S99D",-0.0113897096050953,0.0713286176546508,-0.0886803941462734,0.929664183951131,1,-6.28412810572166,"Not Significant","logqc_LE_19_08_13","Lake Erie","19_08_13","2019","08","13","Mpa","08/13","2019 Lake Erie","No change","Mp_GB_SS_20050300_S99D (Mpa)"
"L311-01",0.00438591701418758,0.0187007574921333,0.0832985041583804,0.933922396929724,1,-6.28458344556329,"Not Significant","logqc_LE_19_08_13","Lake Erie","19_08_13","2019","08","13","Mae1","08/13","2019 Lake Erie","No change","L311-01 (Mae1)"
"Mp_MB_F_20051200_S9",-0.00289863814166154,0.0129444695602966,-0.0783197026157218,0.937863416014962,1,-6.28497931135053,"Not Significant","logqc_LE_19_08_13","Lake Erie","19_08_13","2019","08","13","Mpa","08/13","2019 Lake Erie","No change","Mp_MB_F_20051200_S9 (Mpa)"
"LE17-10A",0.0272374995718102,1.13435182819568,0.0603468220415229,0.952102333770241,1,-6.28620543961307,"Not Significant","logqc_LE_19_08_13","Lake Erie","19_08_13","2019","08","13","Mae5","08/13","2019 Lake Erie","No change","LE17-10A (Mae5)"
"LG13-03",-0.00401948653479673,0.0252745359021614,-0.0575138685902278,0.954348281249614,1,-6.28636971282889,"Not Significant","logqc_LE_19_08_13","Lake Erie","19_08_13","2019","08","13","Mae10","08/13","2019 Lake Erie","No change","LG13-03 (Mae10)"
"Mv_BB_P_19951000_S68D",-0.00401948653479673,0.058572760991269,-0.0217607692749495,0.982719046788864,1,-6.28776421591451,"Not Significant","logqc_LE_19_08_13","Lake Erie","19_08_13","2019","08","13","Mvi","08/13","2019 Lake Erie","No change","Mv_BB_P_19951000_S68D (Mvi)"
"FCY-27",0.00355264964390862,0.0672416368619685,0.0186150621293635,0.985216839118301,1,-6.28782670779635,"Not Significant","logqc_LE_19_08_13","Lake Erie","19_08_13","2019","08","13","Unclassified","08/13","2019 Lake Erie","No change","FCY-27 (Unclassified)"
"Ma_MB_F_20061100_S20D",-0.00353833002588914,0.0680865720923015,-0.017244159917991,0.986305427517533,1,-6.28785089534796,"Not Significant","logqc_LE_19_08_13","Lake Erie","19_08_13","2019","08","13","Mae5","08/13","2019 Lake Erie","No change","Ma_MB_F_20061100_S20D (Mae5)"
"Ma_QC_B_20070730_S2",-0.000130616784492041,0.435470995302504,-0.00032722892132356,0.999740115707037,1,-6.287997151343,"Not Significant","logqc_LE_19_08_13","Lake Erie","19_08_13","2019","08","13","Mae1","08/13","2019 Lake Erie","No change","Ma_QC_B_20070730_S2 (Mae1)"
"0824",0,0.0337903604092532,0,1,1,-6.28799720402844,"Not Significant","logqc_LE_19_08_13","Lake Erie","19_08_13","2019","08","13","Mfl_ae5","08/13","2019 Lake Erie","No change","0824 (Mfl_ae5)"
"M_OC_Ca_00000000_S217Cul",0,0,0,1,1,-6.28799720402844,"Not Significant","logqc_LE_19_08_13","Lake Erie","19_08_13","2019","08","13","Mae4","08/13","2019 Lake Erie","No change","M_OC_Ca_00000000_S217Cul (Mae4)"
"CACIAM_03",0,0,0,1,1,-6.28799720402844,"Not Significant","logqc_LE_19_08_13","Lake Erie","19_08_13","2019","08","13","Mae1","08/13","2019 Lake Erie","No change","CACIAM_03 (Mae1)"
"CHAOHU_1326",0,0.0362841489748562,0,1,1,-6.28799720402844,"Not Significant","logqc_LE_19_08_13","Lake Erie","19_08_13","2019","08","13","Mae4","08/13","2019 Lake Erie","No change","CHAOHU_1326 (Mae4)"
"FCY-26",0,0.0140327118228079,0,1,1,-6.28799720402844,"Not Significant","logqc_LE_19_08_13","Lake Erie","19_08_13","2019","08","13","Mae1","08/13","2019 Lake Erie","No change","FCY-26 (Mae1)"
"FCY-27",0,0,0,1,1,-6.28799720402844,"Not Significant","logqc_LE_19_08_13","Lake Erie","19_08_13","2019","08","13","Unclassified","08/13","2019 Lake Erie","No change","FCY-27 (Unclassified)"
"FCY-27",0,0,0,1,1,-6.28799720402844,"Not Significant","logqc_LE_19_08_13","Lake Erie","19_08_13","2019","08","13","Unclassified","08/13","2019 Lake Erie","No change","FCY-27 (Unclassified)"
"G11-06",0,0.0125333798659142,0,1,1,-6.28799720402844,"Not Significant","logqc_LE_19_08_13","Lake Erie","19_08_13","2019","08","13","Mae2_(HL/LG)","08/13","2019 Lake Erie","No change","G11-06 (Mae2_(HL/LG))"
"G13-03",0,0,0,1,1,-6.28799720402844,"Not Significant","logqc_LE_19_08_13","Lake Erie","19_08_13","2019","08","13","Mae2_(HL/LG)","08/13","2019 Lake Erie","No change","G13-03 (Mae2_(HL/LG))"
"G13-09",0,0.0147038367069868,0,1,1,-6.28799720402844,"Not Significant","logqc_LE_19_08_13","Lake Erie","19_08_13","2019","08","13","Mae2_(HL/LG)","08/13","2019 Lake Erie","No change","G13-09 (Mae2_(HL/LG))"
"L111-01",0,0.00187237805834669,0,1,1,-6.28799720402844,"Not Significant","logqc_LE_19_08_13","Lake Erie","19_08_13","2019","08","13","Mae2_(HL/LG)","08/13","2019 Lake Erie","No change","L111-01 (Mae2_(HL/LG))"
"LG11-05",0,0.0100220001339047,0,1,1,-6.28799720402844,"Not Significant","logqc_LE_19_08_13","Lake Erie","19_08_13","2019","08","13","Mae10","08/13","2019 Lake Erie","No change","LG11-05 (Mae10)"
"Ma_MB_F_20061100_S19",0,0.00150678531318592,0,1,1,-6.28799720402844,"Not Significant","logqc_LE_19_08_13","Lake Erie","19_08_13","2019","08","13","Mae1","08/13","2019 Lake Erie","No change","Ma_MB_F_20061100_S19 (Mae1)"
"Ma_MB_F_20061100_S19D",0,0,0,1,1,-6.28799720402844,"Not Significant","logqc_LE_19_08_13","Lake Erie","19_08_13","2019","08","13","Mae1","08/13","2019 Lake Erie","No change","Ma_MB_F_20061100_S19D (Mae1)"
"Ma_MB_F_20061100_S20",0,0.0146020964372637,0,1,1,-6.28799720402844,"Not Significant","logqc_LE_19_08_13","Lake Erie","19_08_13","2019","08","13","Mae5","08/13","2019 Lake Erie","No change","Ma_MB_F_20061100_S20 (Mae5)"
"Ma_OC_LR_19540900_S633",0,0,0,1,1,-6.28799720402844,"Not Significant","logqc_LE_19_08_13","Lake Erie","19_08_13","2019","08","13","Mae1","08/13","2019 Lake Erie","No change","Ma_OC_LR_19540900_S633 (Mae1)"
"Ma_QC_C_20070823_S13",0,0,0,1,1,-6.28799720402844,"Not Significant","logqc_LE_19_08_13","Lake Erie","19_08_13","2019","08","13","Mae2_(HL/LG)","08/13","2019 Lake Erie","No change","Ma_QC_C_20070823_S13 (Mae2_(HL/LG))"
"Ma_QC_C_20070823_S13D",0,0,0,1,1,-6.28799720402844,"Not Significant","logqc_LE_19_08_13","Lake Erie","19_08_13","2019","08","13","Mae2_(HL/LG)","08/13","2019 Lake Erie","No change","Ma_QC_C_20070823_S13D (Mae2_(HL/LG))"
"Ma_QC_Ch_20071001_M135",0,0.00567770030287288,0,1,1,-6.28799720402844,"Not Significant","logqc_LE_19_08_13","Lake Erie","19_08_13","2019","08","13","Mae2_(LL/LG)","08/13","2019 Lake Erie","No change","Ma_QC_Ch_20071001_M135 (Mae2_(LL/LG))"
"NIES-1211",0,0,0,1,1,-6.28799720402844,"Not Significant","logqc_LE_19_08_13","Lake Erie","19_08_13","2019","08","13","Mfl_ae2","08/13","2019 Lake Erie","No change","NIES-1211 (Mfl_ae2)"
"NIES-2481",0,0.0102832125020514,0,1,1,-6.28799720402844,"Not Significant","logqc_LE_19_08_13","Lake Erie","19_08_13","2019","08","13","Mfl_ae4","08/13","2019 Lake Erie","No change","NIES-2481 (Mfl_ae4)"
"NIES-2519",0,0,0,1,1,-6.28799720402844,"Not Significant","logqc_LE_19_08_13","Lake Erie","19_08_13","2019","08","13","Mfl_ae2","08/13","2019 Lake Erie","No change","NIES-2519 (Mfl_ae2)"
"NIES-2522",0,0.00907699685756601,0,1,1,-6.28799720402844,"Not Significant","logqc_LE_19_08_13","Lake Erie","19_08_13","2019","08","13","Mfl_ae2","08/13","2019 Lake Erie","No change","NIES-2522 (Mfl_ae2)"
"NIES-298",0,0.00396058292170508,0,1,1,-6.28799720402844,"Not Significant","logqc_LE_19_08_13","Lake Erie","19_08_13","2019","08","13","Mae1","08/13","2019 Lake Erie","No change","NIES-298 (Mae1)"
"NIES-3787",0,0.00428337259915598,0,1,1,-6.28799720402844,"Not Significant","logqc_LE_19_08_13","Lake Erie","19_08_13","2019","08","13","Mfl_ae4","08/13","2019 Lake Erie","No change","NIES-3787 (Mfl_ae4)"
"NIES-3807",0,0.00304191839117172,0,1,1,-6.28799720402844,"Not Significant","logqc_LE_19_08_13","Lake Erie","19_08_13","2019","08","13","Mfl_ae4","08/13","2019 Lake Erie","No change","NIES-3807 (Mfl_ae4)"
"NIES-4264",0,0.00159482942609291,0,1,1,-6.28799720402844,"Not Significant","logqc_LE_19_08_13","Lake Erie","19_08_13","2019","08","13","Mfl_ae2","08/13","2019 Lake Erie","No change","NIES-4264 (Mfl_ae2)"
"NIES-98",0,0.0383344961775684,0,1,1,-6.28799720402844,"Not Significant","logqc_LE_19_08_13","Lake Erie","19_08_13","2019","08","13","Mae1","08/13","2019 Lake Erie","No change","NIES-98 (Mae1)"
"PCC_9432",0,0.0246211750270618,0,1,1,-6.28799720402844,"Not Significant","logqc_LE_19_08_13","Lake Erie","19_08_13","2019","08","13","Mae1","08/13","2019 Lake Erie","No change","PCC_9432 (Mae1)"
"PCC_9701",0,0,0,1,1,-6.28799720402844,"Not Significant","logqc_LE_19_08_13","Lake Erie","19_08_13","2019","08","13","Mfl_ae1","08/13","2019 Lake Erie","No change","PCC_9701 (Mfl_ae1)"
"S11-05",0,0,0,1,1,-6.28799720402844,"Not Significant","logqc_LE_19_08_13","Lake Erie","19_08_13","2019","08","13","Mae2_(LL/LG)","08/13","2019 Lake Erie","No change","S11-05 (Mae2_(LL/LG))"
"SX13-11",0,0.017622386286122,0,1,1,-6.28799720402844,"Not Significant","logqc_LE_19_08_13","Lake Erie","19_08_13","2019","08","13","Mae2_(HL/LG)","08/13","2019 Lake Erie","No change","SX13-11 (Mae2_(HL/LG))"
"W11-06",0,0,0,1,1,-6.28799720402844,"Not Significant","logqc_LE_19_08_13","Lake Erie","19_08_13","2019","08","13","Mwe","08/13","2019 Lake Erie","No change","W11-06 (Mwe)"
"W13-18",0,0,0,1,1,-6.28799720402844,"Not Significant","logqc_LE_19_08_13","Lake Erie","19_08_13","2019","08","13","Mae2_(LL/LG)","08/13","2019 Lake Erie","No change","W13-18 (Mae2_(LL/LG))"
"Ma_QC_C_20070823_S18D",0,0.00470352069963393,0,1,1,-6.28799720402844,"Not Significant","logqc_LE_19_08_13","Lake Erie","19_08_13","2019","08","13","Mfl_ae1","08/13","2019 Lake Erie","No change","Ma_QC_C_20070823_S18D (Mfl_ae1)"
"Mf_QC_C_20070823_S20",0,0,0,1,1,-6.28799720402844,"Not Significant","logqc_LE_19_08_13","Lake Erie","19_08_13","2019","08","13","Mfl_ae1","08/13","2019 Lake Erie","No change","Mf_QC_C_20070823_S20 (Mfl_ae1)"
"Mf_QC_C_20070823_S20D",0,0,0,1,1,-6.28799720402844,"Not Significant","logqc_LE_19_08_13","Lake Erie","19_08_13","2019","08","13","Mfl_ae1","08/13","2019 Lake Erie","No change","Mf_QC_C_20070823_S20D (Mfl_ae1)"
"Mf_QC_C_20070823_S20T",0,0,0,1,1,-6.28799720402844,"Not Significant","logqc_LE_19_08_13","Lake Erie","19_08_13","2019","08","13","Mfl_ae1","08/13","2019 Lake Erie","No change","Mf_QC_C_20070823_S20T (Mfl_ae1)"
"FACHB-1757",0,0.0146020964372637,0,1,1,-6.28799720402844,"Not Significant","logqc_LE_19_08_13","Lake Erie","19_08_13","2019","08","13","Mae4","08/13","2019 Lake Erie","No change","FACHB-1757 (Mae4)"
"Mp_GB_SS_20050300_S99",0,0.011287167771039,0,1,1,-6.28799720402844,"Not Significant","logqc_LE_19_08_13","Lake Erie","19_08_13","2019","08","13","Mpa","08/13","2019 Lake Erie","No change","Mp_GB_SS_20050300_S99 (Mpa)"
"Mp_MB_F_20051200_S6",0,0.00763925243983875,0,1,1,-6.28799720402844,"Not Significant","logqc_LE_19_08_13","Lake Erie","19_08_13","2019","08","13","Mpa","08/13","2019 Lake Erie","No change","Mp_MB_F_20051200_S6 (Mpa)"
"Mp_MB_F_20051200_S9D",0,0,0,1,1,-6.28799720402844,"Not Significant","logqc_LE_19_08_13","Lake Erie","19_08_13","2019","08","13","Mpa","08/13","2019 Lake Erie","No change","Mp_MB_F_20051200_S9D (Mpa)"
"Mv_BB_P_19951000_S68",0,0.000200209738925561,0,1,1,-6.28799720402844,"Not Significant","logqc_LE_19_08_13","Lake Erie","19_08_13","2019","08","13","Mvi","08/13","2019 Lake Erie","No change","Mv_BB_P_19951000_S68 (Mvi)"
"Mw_QC_B_20070930_S4",0,0,0,1,1,-6.28799720402844,"Not Significant","logqc_LE_19_08_13","Lake Erie","19_08_13","2019","08","13","Mwe","08/13","2019 Lake Erie","No change","Mw_QC_B_20070930_S4 (Mwe)"
"Mw_QC_B_20070930_S4D",0,0.0115942067576874,0,1,1,-6.28799720402844,"Not Significant","logqc_LE_19_08_13","Lake Erie","19_08_13","2019","08","13","Mwe","08/13","2019 Lake Erie","No change","Mw_QC_B_20070930_S4D (Mwe)"
"LE19-12",0,0.00848597483020087,0,1,1,-6.28799720402844,"Not Significant","logqc_LE_19_08_13","Lake Erie","19_08_13","2019","08","13","Mfl_ae1","08/13","2019 Lake Erie","No change","LE19-12 (Mfl_ae1)"
"LE19-131",0,0.0903619212896802,0,1,1,-6.28799720402844,"Not Significant","logqc_LE_19_08_13","Lake Erie","19_08_13","2019","08","13","Mae1","08/13","2019 Lake Erie","No change","LE19-131 (Mae1)"
"NIES-98",0.628982126691695,0.0383344961775684,14.3052258721865,5.24726370217734e-20,9.55001993796276e-18,35.2947134392126,"Increased","logqc_LH_19_08_22","Lake Huron","19_08_22","2019","08","22","Mae1","08/22","2019 Lake Huron","2019 Lake Huron","NIES-98 (Mae1)"
"Ma_QC_B_20070730_S2",-2.93748337430305,0.435470995302504,-6.37321752286764,4.2845423637712e-08,3.89893355103179e-06,8.14163850639719,"Decreased","logqc_LH_19_08_22","Lake Huron","19_08_22","2019","08","22","Mae1","08/22","2019 Lake Huron","2019 Lake Huron","Ma_QC_B_20070730_S2 (Mae1)"
"SX13-01",-0.831414740882617,0.101462483160348,-5.2971783469977,2.2209672903149e-06,0.000134738682279104,4.26454697940678,"Decreased","logqc_LH_19_08_22","Lake Huron","19_08_22","2019","08","22","Mae2_(HL/LG)","08/22","2019 Lake Huron","2019 Lake Huron","SX13-01 (Mae2_(HL/LG))"
"NIES-4325",-1.69310094334218,0.515605768568284,-4.67012416639486,2.03788218150665e-05,0.000927236392585527,2.10524355399614,"Decreased","logqc_LH_19_08_22","Lake Huron","19_08_22","2019","08","22","Mae10","08/22","2019 Lake Huron","2019 Lake Huron","NIES-4325 (Mae10)"
"LE19-131",-0.985944833933994,0.0903619212896802,-4.52286439849513,3.38355628730416e-05,0.00123161448857871,1.61390231655747,"Decreased","logqc_LH_19_08_22","Lake Huron","19_08_22","2019","08","22","Mae1","08/22","2019 Lake Huron","2019 Lake Huron","LE19-131 (Mae1)"
"F13-15",-1.8629190630028,1.40698658172397,-4.07596049820992,0.0001515252940601,0.00400349790907565,0.168455992241711,"Decreased","logqc_LH_19_08_22","Lake Huron","19_08_22","2019","08","22","Mae4","08/22","2019 Lake Huron","2019 Lake Huron","F13-15 (Mae4)"
"PCC_9432",-0.48937971111477,0.0246211750270618,-4.07106057631996,0.000153980688810602,0.00400349790907565,0.153027820165621,"Decreased","logqc_LH_19_08_22","Lake Huron","19_08_22","2019","08","22","Mae1","08/22","2019 Lake Huron","2019 Lake Huron","PCC_9432 (Mae1)"
"DIANCHI905",-0.275992177436097,0.0136551134488945,-3.61241498762544,0.000666056505221673,0.012103965941483,-1.244790920608,"Decreased","logqc_LH_19_08_22","Lake Huron","19_08_22","2019","08","22","Mae1","08/22","2019 Lake Huron","2019 Lake Huron","DIANCHI905 (Mae1)"
"Mw_MB_S_20031200_S109",-0.636335396906287,0.157347921766283,-3.6009474392627,0.000690147985403825,0.012103965941483,-1.27848500409291,"Decreased","logqc_LH_19_08_22","Lake Huron","19_08_22","2019","08","22","Mwe","08/22","2019 Lake Huron","2019 Lake Huron","Mw_MB_S_20031200_S109 (Mwe)"
"NIES-3807",0.0630748322808875,0.00304191839117172,3.5882429779578,0.000717809405631732,0.012103965941483,-1.3157370738727,"Increased","logqc_LH_19_08_22","Lake Huron","19_08_22","2019","08","22","Mfl_ae4","08/22","2019 Lake Huron","2019 Lake Huron","NIES-3807 (Mfl_ae4)"
"TAIHU98",0.0298380800177641,0.00144659403385004,3.58210123705871,0.00073155838107864,0.012103965941483,-1.33371702641295,"Increased","logqc_LH_19_08_22","Lake Huron","19_08_22","2019","08","22","Mae1","08/22","2019 Lake Huron","2019 Lake Huron","TAIHU98 (Mae1)"
"G13-01",-0.080775376909264,0.00494134073905403,-3.40841342027443,0.00124242788677761,0.0188434896161271,-1.83419619000726,"Decreased","logqc_LH_19_08_22","Lake Huron","19_08_22","2019","08","22","Mae2_(HL/LG)","08/22","2019 Lake Huron","2019 Lake Huron","G13-01 (Mae2_(HL/LG))"
"K13-05",-0.431489831299527,0.0483281679742078,-3.32624285437499,0.00158857322705774,0.0210973201259293,-2.06540769572544,"Decreased","logqc_LH_19_08_22","Lake Huron","19_08_22","2019","08","22","Mae3_3","08/22","2019 Lake Huron","2019 Lake Huron","K13-05 (Mae3_3)"
"TF09",1.08808074228664,0.375654853281397,3.31905053158127,0.00162287077891764,0.0210973201259293,-2.08546979430019,"Increased","logqc_LH_19_08_22","Lake Huron","19_08_22","2019","08","22","Mae1","08/22","2019 Lake Huron","2019 Lake Huron","TF09 (Mae1)"
"LE19-281",0.101088370241815,0.0185045581236523,3.18729190144602,0.00238947928555192,0.0289923486646966,-2.44785531370327,"Increased","logqc_LH_19_08_22","Lake Huron","19_08_22","2019","08","22","Mae3_3","08/22","2019 Lake Huron","2019 Lake Huron","LE19-281 (Mae3_3)"
"Msp_OC_L_20101000_S702",0.0630748322808875,0.00613463632603834,3.06138118402752,0.00343046364661558,0.0373737261046925,-2.78476183966572,"Increased","logqc_LH_19_08_22","Lake Huron","19_08_22","2019","08","22","Mae1","08/22","2019 Lake Huron","2019 Lake Huron","Msp_OC_L_20101000_S702 (Mae1)"
"NIES-88",0.0939390914851953,0.0166130923980228,3.05522253187016,0.0034909524383504,0.0373737261046925,-2.8009981454724,"Increased","logqc_LH_19_08_22","Lake Huron","19_08_22","2019","08","22","Mae3_1","08/22","2019 Lake Huron","2019 Lake Huron","NIES-88 (Mae3_1)"
"LG13-03",-0.229210943277922,0.0252745359021614,-2.84032464942421,0.00634361848747875,0.0641410313733962,-3.35280951885683,"Not Significant","logqc_LH_19_08_22","Lake Huron","19_08_22","2019","08","22","Mae10","08/22","2019 Lake Huron","No change","LG13-03 (Mae10)"
"LE19-196",0.121007306136744,0.0169609752758347,2.80862490119381,0.00691311951476526,0.0658777928143708,-3.4317168663563,"Not Significant","logqc_LH_19_08_22","Lake Huron","19_08_22","2019","08","22","Mae5","08/22","2019 Lake Huron","No change","LE19-196 (Mae5)"
"Ma_QC_C_20070703_M131",0.31596960215983,0.0650762610075088,2.79153852290989,0.0072393178916891,0.0658777928143708,-3.4739754776066,"Not Significant","logqc_LH_19_08_22","Lake Huron","19_08_22","2019","08","22","Mae9","08/22","2019 Lake Huron","No change","Ma_QC_C_20070703_M131 (Mae9)"
"Ma_QC_Ch_20071001_M135",0.0630748322808875,0.00567770030287288,2.73141027052734,0.00850338941899765,0.073696041631313,-3.62114936834386,"Not Significant","logqc_LH_19_08_22","Lake Huron","19_08_22","2019","08","22","Mae2_(LL/LG)","08/22","2019 Lake Huron","No change","Ma_QC_Ch_20071001_M135 (Mae2_(LL/LG))"
"G13-10",1.92063629794806,1.91344585883941,2.67940150756908,0.00975716342244127,0.0787870292456734,-3.74649313574823,"Not Significant","logqc_LH_19_08_22","Lake Huron","19_08_22","2019","08","22","Mae2_(HL/LG)","08/22","2019 Lake Huron","No change","G13-10 (Mae2_(HL/LG))"
"Ma_AC_P_19900807_S300",0.294611101489428,0.0918720102450322,2.6716997802867,0.0099566025969807,0.0787870292456734,-3.76489859457482,"Not Significant","logqc_LH_19_08_22","Lake Huron","19_08_22","2019","08","22","Mae1","08/22","2019 Lake Huron","No change","Ma_AC_P_19900807_S300 (Mae1)"
"PCC_9443",-0.825007453249931,0.395547888570149,-2.64586637775079,0.0106531292977065,0.080786230507608,-3.82633830523286,"Not Significant","logqc_LH_19_08_22","Lake Huron","19_08_22","2019","08","22","Mae4","08/22","2019 Lake Huron","No change","PCC_9443 (Mae4)"
"G13-11",0.357635696589218,0.144613938089757,2.49498463870295,0.0156878515270628,0.112836700350942,-4.17589240891368,"Not Significant","logqc_LH_19_08_22","Lake Huron","19_08_22","2019","08","22","Mae2_(HL/LG)","08/22","2019 Lake Huron","No change","G13-11 (Mae2_(HL/LG))"
"LL11-07",0.0624088712220158,0.0120445568874154,2.48419800082736,0.0161195286215632,0.112836700350942,-4.2002639951011,"Not Significant","logqc_LH_19_08_22","Lake Huron","19_08_22","2019","08","22","Mae2_(HL/LG)","08/22","2019 Lake Huron","No change","LL11-07 (Mae2_(HL/LG))"
"BS11-05",1.05176724160792,1.11655886680262,2.43833537150588,0.0180772031152289,0.121853739517469,-4.30294834187059,"Not Significant","logqc_LH_19_08_22","Lake Huron","19_08_22","2019","08","22","Mae2_(HL/LG)","08/22","2019 Lake Huron","No change","BS11-05 (Mae2_(HL/LG))"
"LL13-06",0.0782510327930798,0.0165886045674064,2.40298543401184,0.0197294863460714,0.128241661249464,-4.38104934244638,"Not Significant","logqc_LH_19_08_22","Lake Huron","19_08_22","2019","08","22","Mae2_(LL/LG)","08/22","2019 Lake Huron","No change","LL13-06 (Mae2_(LL/LG))"
"BS13-10",1.65940542532184,3.71435705831315,2.29478593344403,0.0256609030983142,0.16104428841011,-4.614348356943,"Not Significant","logqc_LH_19_08_22","Lake Huron","19_08_22","2019","08","22","Mae2_(HL/LG)","08/22","2019 Lake Huron","No change","BS13-10 (Mae2_(HL/LG))"
"LE19-55",0.50381560185701,0.232007677225329,2.24851157240776,0.0286490658552005,0.173804332854883,-4.71143358689812,"Not Significant","logqc_LH_19_08_22","Lake Huron","19_08_22","2019","08","22","Mfl_ae1","08/22","2019 Lake Huron","No change","LE19-55 (Mfl_ae1)"
"FACHB-524",0.194427701112984,0.0547789840713263,2.14395813923353,0.0365585854880881,0.212398931410636,-4.92472434856183,"Not Significant","logqc_LH_19_08_22","Lake Huron","19_08_22","2019","08","22","Mae1","08/22","2019 Lake Huron","No change","FACHB-524 (Mae1)"
"Mp_MB_F_20080800_S26D",0.462130764909151,0.310031748566602,2.13468476118793,0.0373448670612106,0.212398931410636,-4.94323089308732,"Not Significant","logqc_LH_19_08_22","Lake Huron","19_08_22","2019","08","22","Mpa","08/22","2019 Lake Huron","No change","Mp_MB_F_20080800_S26D (Mpa)"
"Mv_BB_P_19951000_S69",0.378062211454708,0.1576481250027,2.098935089542,0.0405161180928669,0.223452530087933,-5.01394062049486,"Not Significant","logqc_LH_19_08_22","Lake Huron","19_08_22","2019","08","22","Mvi","08/22","2019 Lake Huron","No change","Mv_BB_P_19951000_S69 (Mvi)"
"K13-06",0.15846563449633,0.0866228644935585,2.07020430304108,0.0432323840270751,0.23142040861552,-5.07003302342339,"Not Significant","logqc_LH_19_08_22","Lake Huron","19_08_22","2019","08","22","Mae3_2","08/22","2019 Lake Huron","No change","K13-06 (Mae3_2)"
"CHAOHU_1326",-0.291489705884611,0.0362841489748562,-2.02516586428985,0.0478086273381733,0.248604862158501,-5.15663513291393,"Not Significant","logqc_LH_19_08_22","Lake Huron","19_08_22","2019","08","22","Mae4","08/22","2019 Lake Huron","No change","CHAOHU_1326 (Mae4)"
"Mv_BB_P_19951000_S68D",-0.409270295264378,0.058572760991269,-1.91886544714345,0.0602965203068688,0.304483028422667,-5.35451567873006,"Not Significant","logqc_LH_19_08_22","Lake Huron","19_08_22","2019","08","22","Mvi","08/22","2019 Lake Huron","No change","Mv_BB_P_19951000_S68D (Mvi)"
"LE19-251",0.699082480900197,2.14433901987754,1.89989338036458,0.0627957006081359,0.304483028422667,-5.38885754202767,"Not Significant","logqc_LH_19_08_22","Lake Huron","19_08_22","2019","08","22","Mae3_3","08/22","2019 Lake Huron","No change","LE19-251 (Mae3_3)"
"PCC_7005",0.368016477172937,0.105333022534326,1.88283179151525,0.0651178720031843,0.304483028422667,-5.41948642287331,"Not Significant","logqc_LH_19_08_22","Lake Huron","19_08_22","2019","08","22","Mae1","08/22","2019 Lake Huron","No change","PCC_7005 (Mae1)"
"Mw_QC_S_20081001_S30",0.643205426978073,0.483802100567593,1.87031933509432,0.0668668074316953,0.304483028422667,-5.44179485739934,"Not Significant","logqc_LH_19_08_22","Lake Huron","19_08_22","2019","08","22","Mwe","08/22","2019 Lake Huron","No change","Mw_QC_S_20081001_S30 (Mwe)"
"Mp_GB_SS_20050300_S99D",-0.275992177436097,0.0713286176546508,-1.86098283723155,0.0681975780113898,0.304483028422667,-5.45835583274479,"Not Significant","logqc_LH_19_08_22","Lake Huron","19_08_22","2019","08","22","Mpa","08/22","2019 Lake Huron","No change","Mp_GB_SS_20050300_S99D (Mpa)"
"Mn_MB_F_20050700_S1",0.440004100664339,0.149138906345602,1.85824293748482,0.0685923305787326,0.304483028422667,-5.46320201785625,"Not Significant","logqc_LH_19_08_22","Lake Huron","19_08_22","2019","08","22","Mn","08/22","2019 Lake Huron","No change","Mn_MB_F_20050700_S1 (Mn)"
"Ma_SC_T_19800800_S464",-0.568912929389179,0.403603032421017,-1.82784495699146,0.073102897043924,0.31677922052367,-5.51654640646851,"Not Significant","logqc_LH_19_08_22","Lake Huron","19_08_22","2019","08","22","Mwe","08/22","2019 Lake Huron","No change","Ma_SC_T_19800800_S464 (Mwe)"
"LE19-84",0.759915240905824,1.48578914474714,1.7847208797353,0.079927655476534,0.338298448761144,-5.59088862206733,"Not Significant","logqc_LH_19_08_22","Lake Huron","19_08_22","2019","08","22","Mae4","08/22","2019 Lake Huron","No change","LE19-84 (Mae4)"
"LE17-20C",-0.275992177436097,0.0405752117684644,-1.76835160108002,0.0826540144302531,0.341887059688774,-5.61869541759535,"Not Significant","logqc_LH_19_08_22","Lake Huron","19_08_22","2019","08","22","Mae8","08/22","2019 Lake Huron","No change","LE17-20C (Mae8)"
"Mw_MB_S_20031200_S109D",0.117233356282516,0.0326903523882331,1.74806673417988,0.0861395897037115,0.3483867850239,-5.6528371590298,"Not Significant","logqc_LH_19_08_22","Lake Huron","19_08_22","2019","08","22","Mwe","08/22","2019 Lake Huron","No change","Mw_MB_S_20031200_S109D (Mwe)"
"M_QC_C_20170808_M9Col",-0.371400934749221,0.257986840954712,-1.7054713674409,0.0938567042697964,0.371346090806586,-5.7233839200061,"Not Significant","logqc_LH_19_08_22","Lake Huron","19_08_22","2019","08","22","Mae3_1","08/22","2019 Lake Huron","No change","M_QC_C_20170808_M9Col (Mae3_1)"
"M_QC_C_20170808_M3Col",-0.447701262741684,0.198066234462503,-1.69173605374905,0.096463532397609,0.373539636092869,-5.74579975799667,"Not Significant","logqc_LH_19_08_22","Lake Huron","19_08_22","2019","08","22","Mae2_(LL/LG)","08/22","2019 Lake Huron","No change","M_QC_C_20170808_M3Col (Mae2_(LL/LG))"
"G11-06",0.0630748322808875,0.0125333798659142,1.68061167968554,0.098618215307161,0.373927399706319,-5.76383516301409,"Not Significant","logqc_LH_19_08_22","Lake Huron","19_08_22","2019","08","22","Mae2_(HL/LG)","08/22","2019 Lake Huron","No change","G11-06 (Mae2_(HL/LG))"
"G13-12",0.073646311448214,0.0160517041433756,1.62600107130264,0.109775417672653,0.407737265641283,-5.85081494087839,"Not Significant","logqc_LH_19_08_22","Lake Huron","19_08_22","2019","08","22","Mae2_(HL/LG)","08/22","2019 Lake Huron","No change","G13-12 (Mae2_(HL/LG))"
"FCY-28",0.292348361270261,0.128940385549611,1.58445573134373,0.118933034572499,0.421749635523344,-5.9152405354643,"Not Significant","logqc_LH_19_08_22","Lake Huron","19_08_22","2019","08","22","Mae1","08/22","2019 Lake Huron","No change","FCY-28 (Mae1)"
"KW",0.296533087032689,0.228886029414017,1.58324347350643,0.119209224221052,0.421749635523344,-5.91709764954331,"Not Significant","logqc_LH_19_08_22","Lake Huron","19_08_22","2019","08","22","Mae3_1","08/22","2019 Lake Huron","No change","KW (Mae3_1)"
"W13-15",0.108626749891009,0.0310915074799987,1.57760823016506,0.120499895863813,0.421749635523344,-5.92571354106169,"Not Significant","logqc_LH_19_08_22","Lake Huron","19_08_22","2019","08","22","Mae2_(HL/LG)","08/22","2019 Lake Huron","No change","W13-15 (Mae2_(HL/LG))"
"M_QC_C_20170808_M2Col",0.193230847585475,0.118615750646058,1.5362522503012,0.130319108706788,0.446182754157841,-5.98808539919671,"Not Significant","logqc_LH_19_08_22","Lake Huron","19_08_22","2019","08","22","Mae3_1","08/22","2019 Lake Huron","No change","M_QC_C_20170808_M2Col (Mae3_1)"
"LE19-10",0.127881613167823,0.035897013020471,1.52787485641038,0.132383894090788,0.446182754157841,-6.00053529078315,"Not Significant","logqc_LH_19_08_22","Lake Huron","19_08_22","2019","08","22","Mae3_3","08/22","2019 Lake Huron","No change","LE19-10 (Mae3_3)"
"Mw_QC_S_20081001_S30D",0.11797877636555,0.0393285602473755,1.51265738747826,0.136201112054971,0.450701861709177,-6.02299070713102,"Not Significant","logqc_LH_19_08_22","Lake Huron","19_08_22","2019","08","22","Mwe","08/22","2019 Lake Huron","No change","Mw_QC_S_20081001_S30D (Mwe)"
"NIES-4285",0.0599911003506042,0.0209054276086438,1.4641147590446,0.148963569641936,0.476611006656247,-6.09323959075276,"Not Significant","logqc_LH_19_08_22","Lake Huron","19_08_22","2019","08","22","Mae1","08/22","2019 Lake Huron","No change","NIES-4285 (Mae1)"
"LE19-8",-0.70515907243632,0.640050823369167,-1.46299648283774,0.149268282304429,0.476611006656247,-6.0948330232364,"Not Significant","logqc_LH_19_08_22","Lake Huron","19_08_22","2019","08","22","Mae8","08/22","2019 Lake Huron","No change","LE19-8 (Mae8)"
"DF17",-0.643740851291435,0.597718933770284,-1.32579943493458,0.190490739722525,0.597746803956888,-6.28173494557236,"Not Significant","logqc_LH_19_08_22","Lake Huron","19_08_22","2019","08","22","Mae3_1","08/22","2019 Lake Huron","No change","DF17 (Mae3_1)"
"PCC_7941",0.143888925317355,0.047432122570435,1.30224310203236,0.198363740482927,0.611901707930385,-6.31209698990499,"Not Significant","logqc_LH_19_08_22","Lake Huron","19_08_22","2019","08","22","Mae1","08/22","2019 Lake Huron","No change","PCC_7941 (Mae1)"
"LE19-41",0.108626749891009,0.0886701153905635,1.13823771248399,0.260049070512766,0.788227120089895,-6.5092225866505,"Not Significant","logqc_LH_19_08_22","Lake Huron","19_08_22","2019","08","22","Mae3_3","08/22","2019 Lake Huron","No change","LE19-41 (Mae3_3)"
"LSC13-02",0.682487849201764,1.50391835237686,1.12829575907654,0.264186012777383,0.788227120089895,-6.52036322346077,"Not Significant","logqc_LH_19_08_22","Lake Huron","19_08_22","2019","08","22","Mae2_(LL/LG)","08/22","2019 Lake Huron","No change","LSC13-02 (Mae2_(LL/LG))"
"Mp_MB_F_20051200_S6",0.0325707912042517,0.00763925243983875,1.02713223414041,0.308939990986147,0.906888360636754,-6.62840370321901,"Not Significant","logqc_LH_19_08_22","Lake Huron","19_08_22","2019","08","22","Mpa","08/22","2019 Lake Huron","No change","Mp_MB_F_20051200_S6 (Mpa)"
"L311-01",0.0599911003506042,0.0187007574921333,0.986720728977036,0.328182866130894,0.94808383548925,-6.66883796067956,"Not Significant","logqc_LH_19_08_22","Lake Huron","19_08_22","2019","08","22","Mae1","08/22","2019 Lake Huron","No change","L311-01 (Mae1)"
"LE19-338",-0.434525001863974,0.859899611526082,-0.965298068570656,0.338701355345614,0.96318197926409,-6.68963798378785,"Not Significant","logqc_LH_19_08_22","Lake Huron","19_08_22","2019","08","22","Mfl_ae3","08/22","2019 Lake Huron","No change","LE19-338 (Mfl_ae3)"
"KLA2",-0.29775520623691,0.368715473471586,-0.924524422414589,0.359328894493269,0.994561621440709,-6.72800695320897,"Not Significant","logqc_LH_19_08_22","Lake Huron","19_08_22","2019","08","22","Mae1","08/22","2019 Lake Huron","No change","KLA2 (Mae1)"
"G13-05",0.0477212128162018,0.0306149934736053,0.921936083024968,0.360665203379598,0.994561621440709,-6.73038854175895,"Not Significant","logqc_LH_19_08_22","Lake Huron","19_08_22","2019","08","22","Mae2_(HL/LG)","08/22","2019 Lake Huron","No change","G13-05 (Mae2_(HL/LG))"
"Ma_QC_Ch_20071001_S25D",-0.30170913042264,0.372566968085964,-0.890369949845648,0.377219413109711,1,-6.75891222053167,"Not Significant","logqc_LH_19_08_22","Lake Huron","19_08_22","2019","08","22","Mae2_(LL/LG)","08/22","2019 Lake Huron","No change","Ma_QC_Ch_20071001_S25D (Mae2_(LL/LG))"
"Ma_MB_S_20031200_S102",0.109856066439063,0.0997020858566253,0.88381110311456,0.380718594920665,1,-6.76471789368021,"Not Significant","logqc_LH_19_08_22","Lake Huron","19_08_22","2019","08","22","Mae6","08/22","2019 Lake Huron","No change","Ma_MB_S_20031200_S102 (Mae6)"
"Ma_MB_S_20031200_S102D",0.0455519176101218,0.0260079543864669,0.88099214153761,0.382228804117203,1,-6.76720033443162,"Not Significant","logqc_LH_19_08_22","Lake Huron","19_08_22","2019","08","22","Mae6","08/22","2019 Lake Huron","No change","Ma_MB_S_20031200_S102D (Mae6)"
"LG13-12",-0.748825427490238,1.67744404555595,-0.867020305883008,0.389769581175668,1,-6.77939047634884,"Not Significant","logqc_LH_19_08_22","Lake Huron","19_08_22","2019","08","22","Mae10","08/22","2019 Lake Huron","No change","LG13-12 (Mae10)"
"TA09",0.216472367195976,0.259888765804974,0.842692289644686,0.40311984677277,1,-6.80016371324383,"Not Significant","logqc_LH_19_08_22","Lake Huron","19_08_22","2019","08","22","Mae10","08/22","2019 Lake Huron","No change","TA09 (Mae10)"
"LE3",0.0897706511685993,0.0550937925627485,0.780936295675008,0.438252227405539,1,-6.85030635487434,"Not Significant","logqc_LH_19_08_22","Lake Huron","19_08_22","2019","08","22","Mae1","08/22","2019 Lake Huron","No change","LE3 (Mae1)"
"FD4",0.377862181937195,1.73455209737951,0.777147077418347,0.440465307369497,1,-6.85326168759786,"Not Significant","logqc_LH_19_08_22","Lake Huron","19_08_22","2019","08","22","Mvi","08/22","2019 Lake Huron","No change","FD4 (Mvi)"
"LE17-10A",-0.399547950770562,1.13435182819568,-0.766631583497363,0.446641244493242,1,-6.86138942012377,"Not Significant","logqc_LH_19_08_22","Lake Huron","19_08_22","2019","08","22","Mae5","08/22","2019 Lake Huron","No change","LE17-10A (Mae5)"
"L211-101",0.315293657343867,1.6167805291691,0.729434591233507,0.468890010726946,1,-6.88926996406379,"Not Significant","logqc_LH_19_08_22","Lake Huron","19_08_22","2019","08","22","Mae3_1","08/22","2019 Lake Huron","No change","L211-101 (Mae3_1)"
"LG13-13",0.420837947762617,1.00860655239236,0.722139077843469,0.473326539303903,1,-6.89457884480507,"Not Significant","logqc_LH_19_08_22","Lake Huron","19_08_22","2019","08","22","Mae10","08/22","2019 Lake Huron","No change","LG13-13 (Mae10)"
"G13-09",0.0151504216119501,0.0147038367069868,0.686831153191969,0.495129943280491,1,-6.91953191611834,"Not Significant","logqc_LH_19_08_22","Lake Huron","19_08_22","2019","08","22","Mae2_(HL/LG)","08/22","2019 Lake Huron","No change","G13-09 (Mae2_(HL/LG))"
"NIES-87",0.191222751294383,0.746447175377667,0.664111652726801,0.509446369147223,1,-6.93493857539635,"Not Significant","logqc_LH_19_08_22","Lake Huron","19_08_22","2019","08","22","Mfl_ae6","08/22","2019 Lake Huron","No change","NIES-87 (Mfl_ae6)"
"11-30S32",0.234197329585863,0.534806423440277,0.611723568207383,0.543289199970499,1,-6.9685194138786,"Not Significant","logqc_LH_19_08_22","Lake Huron","19_08_22","2019","08","22","Mae3_1","08/22","2019 Lake Huron","No change","11-30S32 (Mae3_1)"
"W13-16",0.0325707912042517,0.0277228925437981,0.594972266036198,0.554348599110301,1,-6.97868331963647,"Not Significant","logqc_LH_19_08_22","Lake Huron","19_08_22","2019","08","22","Mae2_(HL/LG)","08/22","2019 Lake Huron","No change","W13-16 (Mae2_(HL/LG))"
"PCC_9809",-0.160674100995989,0.268086319503821,-0.581708184213216,0.563185316142718,1,-6.98653375999748,"Not Significant","logqc_LH_19_08_22","Lake Huron","19_08_22","2019","08","22","Mae3_1","08/22","2019 Lake Huron","No change","PCC_9809 (Mae3_1)"
"Mf_QC_C_20070823_S10",-0.410910671122336,1.65735306210632,-0.579955589334953,0.564358123413769,1,-6.98755797524379,"Not Significant","logqc_LH_19_08_22","Lake Huron","19_08_22","2019","08","22","Mfl_ae1","08/22","2019 Lake Huron","No change","Mf_QC_C_20070823_S10 (Mfl_ae1)"
"K13-10",0.29090023482251,1.90090039066495,0.562351942465567,0.576204753870577,1,-6.99767619326726,"Not Significant","logqc_LH_19_08_22","Lake Huron","19_08_22","2019","08","22","Mae3_3","08/22","2019 Lake Huron","No change","K13-10 (Mae3_3)"
"LG13-11",0.178258425406578,0.494245808471573,0.546589749886155,0.586913497834222,1,-7.00647441580469,"Not Significant","logqc_LH_19_08_22","Lake Huron","19_08_22","2019","08","22","Mvi","08/22","2019 Lake Huron","No change","LG13-11 (Mvi)"
"NIES-843",-0.170700609492516,0.41419869861001,-0.526394173842008,0.600771171650266,1,-7.01738571985018,"Not Significant","logqc_LH_19_08_22","Lake Huron","19_08_22","2019","08","22","Mae3_1","08/22","2019 Lake Huron","No change","NIES-843 (Mae3_1)"
"NIES-2520",0.29296689684358,2.11390555809893,0.5079841862685,0.613534492813549,1,-7.02697804884098,"Not Significant","logqc_LH_19_08_22","Lake Huron","19_08_22","2019","08","22","Mae3_2","08/22","2019 Lake Huron","No change","NIES-2520 (Mae3_2)"
"NIES-102",0.0993669304814637,0.108348188815705,0.490441016371907,0.625810027780656,1,-7.03580401015617,"Not Significant","logqc_LH_19_08_22","Lake Huron","19_08_22","2019","08","22","Mae3_1","08/22","2019 Lake Huron","No change","NIES-102 (Mae3_1)"
"LE19-13",0.0630748322808875,0.0801902782450253,0.431237425672354,0.668013475495077,1,-7.06331818202974,"Not Significant","logqc_LH_19_08_22","Lake Huron","19_08_22","2019","08","22","Mfl_ae1","08/22","2019 Lake Huron","No change","LE19-13 (Mfl_ae1)"
"Mv_BB_P_19951000_S69D",0.0151504216119502,0.013868195965796,0.402333128328614,0.689028037669024,1,-7.07547586943995,"Not Significant","logqc_LH_19_08_22","Lake Huron","19_08_22","2019","08","22","Mvi","08/22","2019 Lake Huron","No change","Mv_BB_P_19951000_S69D (Mvi)"
"0824",0.0309304153462932,0.0337903604092532,0.402100497463336,0.689198202009368,1,-7.07557031938568,"Not Significant","logqc_LH_19_08_22","Lake Huron","19_08_22","2019","08","22","Mfl_ae5","08/22","2019 Lake Huron","No change","0824 (Mfl_ae5)"
"LE19-59",0.0325707912042517,0.040524784548568,0.39912525807108,0.691375946634431,1,-7.07677350145989,"Not Significant","logqc_LH_19_08_22","Lake Huron","19_08_22","2019","08","22","Mae3_3","08/22","2019 Lake Huron","No change","LE19-59 (Mae3_3)"
"G13-07",0.0607684953640573,0.240259247661432,0.396355974353661,0.69340530232873,1,-7.07788541351063,"Not Significant","logqc_LH_19_08_22","Lake Huron","19_08_22","2019","08","22","Mae2_(HL/LG)","08/22","2019 Lake Huron","No change","G13-07 (Mae2_(HL/LG))"
"EAWAG127a",-0.141633454582903,0.222501133930924,-0.378468984478462,0.706566989171579,1,-7.08488187972347,"Not Significant","logqc_LH_19_08_22","Lake Huron","19_08_22","2019","08","22","Mae6","08/22","2019 Lake Huron","No change","EAWAG127a (Mae6)"
"S11-01",0.0929129122986517,0.197274366514199,0.363500953115884,0.717650785994504,1,-7.09048964273992,"Not Significant","logqc_LH_19_08_22","Lake Huron","19_08_22","2019","08","22","Mae2_(LL/LG)","08/22","2019 Lake Huron","No change","S11-01 (Mae2_(LL/LG))"
"T1-4",0.133517459045846,0.676099264574117,0.361242984420085,0.719328194194093,1,-7.09131604712406,"Not Significant","logqc_LH_19_08_22","Lake Huron","19_08_22","2019","08","22","Mfl_ae2","08/22","2019 Lake Huron","No change","T1-4 (Mfl_ae2)"
"L211-07",0.0929129122986517,0.11190625229484,0.350819298275513,0.727089693284201,1,-7.09506462029849,"Not Significant","logqc_LH_19_08_22","Lake Huron","19_08_22","2019","08","22","Mae3_1","08/22","2019 Lake Huron","No change","L211-07 (Mae3_1)"
"Ma_MB_F_20061100_S20D",-0.080775376909264,0.0680865720923015,-0.340920666471114,0.734486996788328,1,-7.0985232363161,"Not Significant","logqc_LH_19_08_22","Lake Huron","19_08_22","2019","08","22","Mae5","08/22","2019 Lake Huron","No change","Ma_MB_F_20061100_S20D (Mae5)"
"Ma_QC_Ca_00000000_S207",0.103534687332095,0.583676704350923,0.315422645285434,0.75365728360719,1,-7.10697830439198,"Not Significant","logqc_LH_19_08_22","Lake Huron","19_08_22","2019","08","22","Mae2_(LL/LG)","08/22","2019 Lake Huron","No change","Ma_QC_Ca_00000000_S207 (Mae2_(LL/LG))"
"Mn_MB_F_20050700_S1D",0.0591868616266028,0.225709300796186,0.308009028812232,0.759261132702041,1,-7.10931383102743,"Not Significant","logqc_LH_19_08_22","Lake Huron","19_08_22","2019","08","22","Mn","08/22","2019 Lake Huron","No change","Mn_MB_F_20050700_S1D (Mn)"
"LE13-04",0.0440904095797711,0.0605714405924541,0.298135808758343,0.766744337657856,1,-7.1123382637603,"Not Significant","logqc_LH_19_08_22","Lake Huron","19_08_22","2019","08","22","Mae2_(HL/LG)","08/22","2019 Lake Huron","No change","LE13-04 (Mae2_(HL/LG))"
"NIES-2521",0.059549351224835,0.28888964313418,0.273014053924593,0.785884436380759,1,-7.11959081693499,"Not Significant","logqc_LH_19_08_22","Lake Huron","19_08_22","2019","08","22","Mfl_ae4","08/22","2019 Lake Huron","No change","NIES-2521 (Mfl_ae4)"
"LE18-22",-0.177477626562079,2.37538675014286,-0.271178815710627,0.787288081295574,1,-7.12009570858626,"Not Significant","logqc_LH_19_08_22","Lake Huron","19_08_22","2019","08","22","Mae3_1","08/22","2019 Lake Huron","No change","LE18-22 (Mae3_1)"
"L211-11",0.0151504216119501,0.018938467828755,0.261398978435947,0.794779869236214,1,-7.12272896210386,"Not Significant","logqc_LH_19_08_22","Lake Huron","19_08_22","2019","08","22","Mae3_1","08/22","2019 Lake Huron","No change","L211-11 (Mae3_1)"
"LE19-195",-0.148752572401307,1.59120313463519,-0.255976473243975,0.798942198117903,1,-7.12414741912301,"Not Significant","logqc_LH_19_08_22","Lake Huron","19_08_22","2019","08","22","Mae3_1","08/22","2019 Lake Huron","No change","LE19-195 (Mae3_1)"
"SX13-11",0.0157138375923577,0.017622386286122,0.251374141317508,0.802479578876636,1,-7.12532805858491,"Not Significant","logqc_LH_19_08_22","Lake Huron","19_08_22","2019","08","22","Mae2_(HL/LG)","08/22","2019 Lake Huron","No change","SX13-11 (Mae2_(HL/LG))"
"NIES-3804",0.0309304153462932,0.0375041297968267,0.237074566286812,0.813496579947761,1,-7.12885997926716,"Not Significant","logqc_LH_19_08_22","Lake Huron","19_08_22","2019","08","22","Mfl_ae3","08/22","2019 Lake Huron","No change","NIES-3804 (Mfl_ae3)"
"BK11-02",-0.100495258310496,1.09855776593583,-0.236432590342145,0.813992094500726,1,-7.12901370395424,"Not Significant","logqc_LH_19_08_22","Lake Huron","19_08_22","2019","08","22","Mae2_(LL/LG)","08/22","2019 Lake Huron","No change","BK11-02 (Mae2_(LL/LG))"
"BS13-02",-0.0315613175610382,0.137650099733605,-0.203804421946789,0.839272908549498,1,-7.1362787250278,"Not Significant","logqc_LH_19_08_22","Lake Huron","19_08_22","2019","08","22","Mae6","08/22","2019 Lake Huron","No change","BS13-02 (Mae6)"
"SPC777",-0.0776197059872583,0.738352326476179,-0.200828534295275,0.841587611200698,1,-7.13688783873584,"Not Significant","logqc_LH_19_08_22","Lake Huron","19_08_22","2019","08","22","Mae1","08/22","2019 Lake Huron","No change","SPC777 (Mae1)"
"NIES-2549",-0.0319906920090771,0.0785609694088359,-0.166775144305182,0.868170281793369,1,-7.14322093801996,"Not Significant","logqc_LH_19_08_22","Lake Huron","19_08_22","2019","08","22","Mfl_ae4","08/22","2019 Lake Huron","No change","NIES-2549 (Mfl_ae4)"
"G11-09",-0.00563385494670969,0.0504221903893531,-0.0857083919336523,0.93201541827477,1,-7.15357916417183,"Not Significant","logqc_LH_19_08_22","Lake Huron","19_08_22","2019","08","22","Mae2_(HL/LG)","08/22","2019 Lake Huron","No change","G11-09 (Mae2_(HL/LG))"
"NIES-44",0.0208828740662387,1.07510902301778,0.0477415836341672,0.96209843236253,1,-7.15614385763548,"Not Significant","logqc_LH_19_08_22","Lake Huron","19_08_22","2019","08","22","Mae8","08/22","2019 Lake Huron","No change","NIES-44 (Mae8)"
"LE19-114",0.0157138375923576,0.564634074616638,0.029060613927905,0.976923449694725,1,-7.1568701512952,"Not Significant","logqc_LH_19_08_22","Lake Huron","19_08_22","2019","08","22","Mae5","08/22","2019 Lake Huron","No change","LE19-114 (Mae5)"
"MC19",0,0.000214372615189159,0,1,1,-7.15729767281959,"Not Significant","logqc_LH_19_08_22","Lake Huron","19_08_22","2019","08","22","Mfl_ae2","08/22","2019 Lake Huron","No change","MC19 (Mfl_ae2)"
"M_OC_Ca_00000000_C217Col",0,0.111285924783708,0,1,1,-7.15729767281959,"Not Significant","logqc_LH_19_08_22","Lake Huron","19_08_22","2019","08","22","Mae4","08/22","2019 Lake Huron","No change","M_OC_Ca_00000000_C217Col (Mae4)"
"M_OC_Ca_00000000_S217Cul",0,0,0,1,1,-7.15729767281959,"Not Significant","logqc_LH_19_08_22","Lake Huron","19_08_22","2019","08","22","Mae4","08/22","2019 Lake Huron","No change","M_OC_Ca_00000000_S217Cul (Mae4)"
"CACIAM_03",0,0,0,1,1,-7.15729767281959,"Not Significant","logqc_LH_19_08_22","Lake Huron","19_08_22","2019","08","22","Mae1","08/22","2019 Lake Huron","No change","CACIAM_03 (Mae1)"
"DA14",0,0.00571196148917547,0,1,1,-7.15729767281959,"Not Significant","logqc_LH_19_08_22","Lake Huron","19_08_22","2019","08","22","Mae1","08/22","2019 Lake Huron","No change","DA14 (Mae1)"
"FCY-26",0,0.0140327118228079,0,1,1,-7.15729767281959,"Not Significant","logqc_LH_19_08_22","Lake Huron","19_08_22","2019","08","22","Mae1","08/22","2019 Lake Huron","No change","FCY-26 (Mae1)"
"FCY-27",0,0,0,1,1,-7.15729767281959,"Not Significant","logqc_LH_19_08_22","Lake Huron","19_08_22","2019","08","22","Unclassified","08/22","2019 Lake Huron","No change","FCY-27 (Unclassified)"
"FCY-27",0,0.0672416368619685,0,1,1,-7.15729767281959,"Not Significant","logqc_LH_19_08_22","Lake Huron","19_08_22","2019","08","22","Unclassified","08/22","2019 Lake Huron","No change","FCY-27 (Unclassified)"
"FCY-27",0,0,0,1,1,-7.15729767281959,"Not Significant","logqc_LH_19_08_22","Lake Huron","19_08_22","2019","08","22","Unclassified","08/22","2019 Lake Huron","No change","FCY-27 (Unclassified)"
"G11-01",0,0.000188710934714087,0,1,1,-7.15729767281959,"Not Significant","logqc_LH_19_08_22","Lake Huron","19_08_22","2019","08","22","Mae2_(HL/LG)","08/22","2019 Lake Huron","No change","G11-01 (Mae2_(HL/LG))"
"G11-04",0,0.0104425127262745,0,1,1,-7.15729767281959,"Not Significant","logqc_LH_19_08_22","Lake Huron","19_08_22","2019","08","22","Mae2_(HL/LG)","08/22","2019 Lake Huron","No change","G11-04 (Mae2_(HL/LG))"
"G13-03",0,0,0,1,1,-7.15729767281959,"Not Significant","logqc_LH_19_08_22","Lake Huron","19_08_22","2019","08","22","Mae2_(HL/LG)","08/22","2019 Lake Huron","No change","G13-03 (Mae2_(HL/LG))"
"K13-07",0,0.103993129310759,0,1,1,-7.15729767281959,"Not Significant","logqc_LH_19_08_22","Lake Huron","19_08_22","2019","08","22","Mae2_(LL/LG)","08/22","2019 Lake Huron","No change","K13-07 (Mae2_(LL/LG))"
"L111-01",0,0.00187237805834669,0,1,1,-7.15729767281959,"Not Significant","logqc_LH_19_08_22","Lake Huron","19_08_22","2019","08","22","Mae2_(HL/LG)","08/22","2019 Lake Huron","No change","L111-01 (Mae2_(HL/LG))"
"LG11-05",0,0.0100220001339047,0,1,1,-7.15729767281959,"Not Significant","logqc_LH_19_08_22","Lake Huron","19_08_22","2019","08","22","Mae10","08/22","2019 Lake Huron","No change","LG11-05 (Mae10)"
"LL13-03",0,0.0038955905749627,0,1,1,-7.15729767281959,"Not Significant","logqc_LH_19_08_22","Lake Huron","19_08_22","2019","08","22","Mae2_(HL/LG)","08/22","2019 Lake Huron","No change","LL13-03 (Mae2_(HL/LG))"
"Ma_MB_F_20061100_S19",0,0.00150678531318592,0,1,1,-7.15729767281959,"Not Significant","logqc_LH_19_08_22","Lake Huron","19_08_22","2019","08","22","Mae1","08/22","2019 Lake Huron","No change","Ma_MB_F_20061100_S19 (Mae1)"
"Ma_MB_F_20061100_S19D",0,0,0,1,1,-7.15729767281959,"Not Significant","logqc_LH_19_08_22","Lake Huron","19_08_22","2019","08","22","Mae1","08/22","2019 Lake Huron","No change","Ma_MB_F_20061100_S19D (Mae1)"
"Ma_MB_F_20061100_S20",0,0.0146020964372637,0,1,1,-7.15729767281959,"Not Significant","logqc_LH_19_08_22","Lake Huron","19_08_22","2019","08","22","Mae5","08/22","2019 Lake Huron","No change","Ma_MB_F_20061100_S20 (Mae5)"
"Ma_OC_H_19870700_S124",0,0.000626101344307828,0,1,1,-7.15729767281959,"Not Significant","logqc_LH_19_08_22","Lake Huron","19_08_22","2019","08","22","Mae8","08/22","2019 Lake Huron","No change","Ma_OC_H_19870700_S124 (Mae8)"
"Ma_OC_LR_19540900_S633",0,0,0,1,1,-7.15729767281959,"Not Significant","logqc_LH_19_08_22","Lake Huron","19_08_22","2019","08","22","Mae1","08/22","2019 Lake Huron","No change","Ma_OC_LR_19540900_S633 (Mae1)"
"Ma_QC_C_20070823_S13",0,0,0,1,1,-7.15729767281959,"Not Significant","logqc_LH_19_08_22","Lake Huron","19_08_22","2019","08","22","Mae2_(HL/LG)","08/22","2019 Lake Huron","No change","Ma_QC_C_20070823_S13 (Mae2_(HL/LG))"
"Ma_QC_C_20070823_S13D",0,0,0,1,1,-7.15729767281959,"Not Significant","logqc_LH_19_08_22","Lake Huron","19_08_22","2019","08","22","Mae2_(HL/LG)","08/22","2019 Lake Huron","No change","Ma_QC_C_20070823_S13D (Mae2_(HL/LG))"
"Ma_QC_Ch_20071001_S25",0,0.00284874706007544,0,1,1,-7.15729767281959,"Not Significant","logqc_LH_19_08_22","Lake Huron","19_08_22","2019","08","22","Mae2_(LL/LG)","08/22","2019 Lake Huron","No change","Ma_QC_Ch_20071001_S25 (Mae2_(LL/LG))"
"NIES-1211",0,0,0,1,1,-7.15729767281959,"Not Significant","logqc_LH_19_08_22","Lake Huron","19_08_22","2019","08","22","Mfl_ae2","08/22","2019 Lake Huron","No change","NIES-1211 (Mfl_ae2)"
"NIES-2481",0,0.0102832125020514,0,1,1,-7.15729767281959,"Not Significant","logqc_LH_19_08_22","Lake Huron","19_08_22","2019","08","22","Mfl_ae4","08/22","2019 Lake Huron","No change","NIES-2481 (Mfl_ae4)"
"NIES-2519",0,0,0,1,1,-7.15729767281959,"Not Significant","logqc_LH_19_08_22","Lake Huron","19_08_22","2019","08","22","Mfl_ae2","08/22","2019 Lake Huron","No change","NIES-2519 (Mfl_ae2)"
"NIES-2522",0,0.00907699685756601,0,1,1,-7.15729767281959,"Not Significant","logqc_LH_19_08_22","Lake Huron","19_08_22","2019","08","22","Mfl_ae2","08/22","2019 Lake Huron","No change","NIES-2522 (Mfl_ae2)"
"NIES-298",0,0.00396058292170508,0,1,1,-7.15729767281959,"Not Significant","logqc_LH_19_08_22","Lake Huron","19_08_22","2019","08","22","Mae1","08/22","2019 Lake Huron","No change","NIES-298 (Mae1)"
"NIES-3787",0,0.00428337259915598,0,1,1,-7.15729767281959,"Not Significant","logqc_LH_19_08_22","Lake Huron","19_08_22","2019","08","22","Mfl_ae4","08/22","2019 Lake Huron","No change","NIES-3787 (Mfl_ae4)"
"NIES-3806",0,0.00256348426910084,0,1,1,-7.15729767281959,"Not Significant","logqc_LH_19_08_22","Lake Huron","19_08_22","2019","08","22","Mfl_ae4","08/22","2019 Lake Huron","No change","NIES-3806 (Mfl_ae4)"
"NIES-4264",0,0.00159482942609291,0,1,1,-7.15729767281959,"Not Significant","logqc_LH_19_08_22","Lake Huron","19_08_22","2019","08","22","Mfl_ae2","08/22","2019 Lake Huron","No change","NIES-4264 (Mfl_ae2)"
"NaRes975",0,0.000426382505789865,0,1,1,-7.15729767281959,"Not Significant","logqc_LH_19_08_22","Lake Huron","19_08_22","2019","08","22","Mae1","08/22","2019 Lake Huron","No change","NaRes975 (Mae1)"
"PCC_7806SL",0,0.000426382505789865,0,1,1,-7.15729767281959,"Not Significant","logqc_LH_19_08_22","Lake Huron","19_08_22","2019","08","22","Mae1","08/22","2019 Lake Huron","No change","PCC_7806SL (Mae1)"
"PCC_9701",0,0,0,1,1,-7.15729767281959,"Not Significant","logqc_LH_19_08_22","Lake Huron","19_08_22","2019","08","22","Mfl_ae1","08/22","2019 Lake Huron","No change","PCC_9701 (Mfl_ae1)"
"PCC_9717",0,0.000188710934714087,0,1,1,-7.15729767281959,"Not Significant","logqc_LH_19_08_22","Lake Huron","19_08_22","2019","08","22","Mae3_3","08/22","2019 Lake Huron","No change","PCC_9717 (Mae3_3)"
"PCC_9806",0,0.000253070833139477,0,1,1,-7.15729767281959,"Not Significant","logqc_LH_19_08_22","Lake Huron","19_08_22","2019","08","22","Mfl_ae3","08/22","2019 Lake Huron","No change","PCC_9806 (Mfl_ae3)"
"PCC_9807",0,0.0953927111816176,0,1,1,-7.15729767281959,"Not Significant","logqc_LH_19_08_22","Lake Huron","19_08_22","2019","08","22","Mae4","08/22","2019 Lake Huron","No change","PCC_9807 (Mae4)"
"PCC_9808",0,0.00937374958881915,0,1,1,-7.15729767281959,"Not Significant","logqc_LH_19_08_22","Lake Huron","19_08_22","2019","08","22","Mae1","08/22","2019 Lake Huron","No change","PCC_9808 (Mae1)"
"S11-05",0,0,0,1,1,-7.15729767281959,"Not Significant","logqc_LH_19_08_22","Lake Huron","19_08_22","2019","08","22","Mae2_(LL/LG)","08/22","2019 Lake Huron","No change","S11-05 (Mae2_(LL/LG))"
"Sj",0,0.167634640982776,0,1,1,-7.15729767281959,"Not Significant","logqc_LH_19_08_22","Lake Huron","19_08_22","2019","08","22","Unclassified","08/22","2019 Lake Huron","No change","Sj (Unclassified)"
"W11-03",0,0.00624387145981817,0,1,1,-7.15729767281959,"Not Significant","logqc_LH_19_08_22","Lake Huron","19_08_22","2019","08","22","Mwe","08/22","2019 Lake Huron","No change","W11-03 (Mwe)"
"W11-06",0,0,0,1,1,-7.15729767281959,"Not Significant","logqc_LH_19_08_22","Lake Huron","19_08_22","2019","08","22","Mwe","08/22","2019 Lake Huron","No change","W11-06 (Mwe)"
"W13-11",0,0.0159541083323116,0,1,1,-7.15729767281959,"Not Significant","logqc_LH_19_08_22","Lake Huron","19_08_22","2019","08","22","Mae1","08/22","2019 Lake Huron","No change","W13-11 (Mae1)"
"W13-13",0,0.00963758644345188,0,1,1,-7.15729767281959,"Not Significant","logqc_LH_19_08_22","Lake Huron","19_08_22","2019","08","22","Mae2_(HL/LG)","08/22","2019 Lake Huron","No change","W13-13 (Mae2_(HL/LG))"
"W13-18",0,0,0,1,1,-7.15729767281959,"Not Significant","logqc_LH_19_08_22","Lake Huron","19_08_22","2019","08","22","Mae2_(LL/LG)","08/22","2019 Lake Huron","No change","W13-18 (Mae2_(LL/LG))"
"Ma_QC_C_20070823_S18",0,0.0667747573911391,0,1,1,-7.15729767281959,"Not Significant","logqc_LH_19_08_22","Lake Huron","19_08_22","2019","08","22","Mfl_ae1","08/22","2019 Lake Huron","No change","Ma_QC_C_20070823_S18 (Mfl_ae1)"
"Ma_QC_C_20070823_S18D",0,0.00470352069963393,0,1,1,-7.15729767281959,"Not Significant","logqc_LH_19_08_22","Lake Huron","19_08_22","2019","08","22","Mfl_ae1","08/22","2019 Lake Huron","No change","Ma_QC_C_20070823_S18D (Mfl_ae1)"
"Mf_QC_C_20070823_S10D",0,0.00757522624448734,0,1,1,-7.15729767281959,"Not Significant","logqc_LH_19_08_22","Lake Huron","19_08_22","2019","08","22","Mfl_ae1","08/22","2019 Lake Huron","No change","Mf_QC_C_20070823_S10D (Mfl_ae1)"
"Mf_QC_C_20070823_S20",0,0,0,1,1,-7.15729767281959,"Not Significant","logqc_LH_19_08_22","Lake Huron","19_08_22","2019","08","22","Mfl_ae1","08/22","2019 Lake Huron","No change","Mf_QC_C_20070823_S20 (Mfl_ae1)"
"Mf_QC_C_20070823_S20D",0,0,0,1,1,-7.15729767281959,"Not Significant","logqc_LH_19_08_22","Lake Huron","19_08_22","2019","08","22","Mfl_ae1","08/22","2019 Lake Huron","No change","Mf_QC_C_20070823_S20D (Mfl_ae1)"
"Mf_QC_C_20070823_S20T",0,0,0,1,1,-7.15729767281959,"Not Significant","logqc_LH_19_08_22","Lake Huron","19_08_22","2019","08","22","Mfl_ae1","08/22","2019 Lake Huron","No change","Mf_QC_C_20070823_S20T (Mfl_ae1)"
"Mf_WU_F_19750830_S460",0,0.0199662542891306,0,1,1,-7.15729767281959,"Not Significant","logqc_LH_19_08_22","Lake Huron","19_08_22","2019","08","22","Mfl_ae3","08/22","2019 Lake Huron","No change","Mf_WU_F_19750830_S460 (Mfl_ae3)"
"FACHB-1757",0,0.0146020964372637,0,1,1,-7.15729767281959,"Not Significant","logqc_LH_19_08_22","Lake Huron","19_08_22","2019","08","22","Mae4","08/22","2019 Lake Huron","No change","FACHB-1757 (Mae4)"
"Mp_GB_SS_20050300_S99",0,0.011287167771039,0,1,1,-7.15729767281959,"Not Significant","logqc_LH_19_08_22","Lake Huron","19_08_22","2019","08","22","Mpa","08/22","2019 Lake Huron","No change","Mp_GB_SS_20050300_S99 (Mpa)"
"Mp_MB_F_20051200_S6D",0,0.00542826465134461,0,1,1,-7.15729767281959,"Not Significant","logqc_LH_19_08_22","Lake Huron","19_08_22","2019","08","22","Mpa","08/22","2019 Lake Huron","No change","Mp_MB_F_20051200_S6D (Mpa)"
"Mp_MB_F_20051200_S9",0,0.0129444695602966,0,1,1,-7.15729767281959,"Not Significant","logqc_LH_19_08_22","Lake Huron","19_08_22","2019","08","22","Mpa","08/22","2019 Lake Huron","No change","Mp_MB_F_20051200_S9 (Mpa)"
"Mp_MB_F_20051200_S9D",0,0,0,1,1,-7.15729767281959,"Not Significant","logqc_LH_19_08_22","Lake Huron","19_08_22","2019","08","22","Mpa","08/22","2019 Lake Huron","No change","Mp_MB_F_20051200_S9D (Mpa)"
"Mp_MB_F_20080800_S26",0,0.0214366700714064,0,1,1,-7.15729767281959,"Not Significant","logqc_LH_19_08_22","Lake Huron","19_08_22","2019","08","22","Mpa","08/22","2019 Lake Huron","No change","Mp_MB_F_20080800_S26 (Mpa)"
"Mv_BB_P_19951000_S68",0,0.000200209738925561,0,1,1,-7.15729767281959,"Not Significant","logqc_LH_19_08_22","Lake Huron","19_08_22","2019","08","22","Mvi","08/22","2019 Lake Huron","No change","Mv_BB_P_19951000_S68 (Mvi)"
"LE013-01",0,0.00867546477728927,0,1,1,-7.15729767281959,"Not Significant","logqc_LH_19_08_22","Lake Huron","19_08_22","2019","08","22","Mae8","08/22","2019 Lake Huron","No change","LE013-01 (Mae8)"
"Mw_QC_B_20070930_S4",0,0,0,1,1,-7.15729767281959,"Not Significant","logqc_LH_19_08_22","Lake Huron","19_08_22","2019","08","22","Mwe","08/22","2019 Lake Huron","No change","Mw_QC_B_20070930_S4 (Mwe)"
"Mw_QC_B_20070930_S4D",0,0.0115942067576874,0,1,1,-7.15729767281959,"Not Significant","logqc_LH_19_08_22","Lake Huron","19_08_22","2019","08","22","Mwe","08/22","2019 Lake Huron","No change","Mw_QC_B_20070930_S4D (Mwe)"
"TW10",0,0.0304914841160064,0,1,1,-7.15729767281959,"Not Significant","logqc_LH_19_08_22","Lake Huron","19_08_22","2019","08","22","Mae8","08/22","2019 Lake Huron","No change","TW10 (Mae8)"
"LE19-12",0,0.00848597483020087,0,1,1,-7.15729767281959,"Not Significant","logqc_LH_19_08_22","Lake Huron","19_08_22","2019","08","22","Mfl_ae1","08/22","2019 Lake Huron","No change","LE19-12 (Mfl_ae1)"
"LE19-197",0,0.0203531721026541,0,1,1,-7.15729767281959,"Not Significant","logqc_LH_19_08_22","Lake Huron","19_08_22","2019","08","22","Mfl_ae1","08/22","2019 Lake Huron","No change","LE19-197 (Mfl_ae1)"
"LE19-388",0,0.00205546863257623,0,1,1,-7.15729767281959,"Not Significant","logqc_LH_19_08_22","Lake Huron","19_08_22","2019","08","22","Mfl_ae3","08/22","2019 Lake Huron","No change","LE19-388 (Mfl_ae3)"
"LE19-4",0,0.00652576662414928,0,1,1,-7.15729767281959,"Not Significant","logqc_LH_19_08_22","Lake Huron","19_08_22","2019","08","22","Mae5","08/22","2019 Lake Huron","No change","LE19-4 (Mae5)"
"LE19-98",0,0.000253070833139477,0,1,1,-7.15729767281959,"Not Significant","logqc_LH_19_08_22","Lake Huron","19_08_22","2019","08","22","Mfl_ae1","08/22","2019 Lake Huron","No change","LE19-98 (Mfl_ae1)"
"LE19-251",-1.71884267003859,2.14433901987754,-4.9938203032849,6.55901892267849e-06,0.00119374144392748,3.72195485021391,"Decreased","logqc_LE_19_09_18","Lake Erie","19_09_18","2019","09","18","Mae3_3","09/18","2019 Lake Erie","2019 Lake Erie","LE19-251 (Mae3_3)"
"F13-15",-1.64177972218395,1.40698658172397,-3.84013807878517,0.000325206912099735,0.0286611961011898,0.170596736440238,"Decreased","logqc_LE_19_09_18","Lake Erie","19_09_18","2019","09","18","Mae4","09/18","2019 Lake Erie","2019 Lake Erie","F13-15 (Mae4)"
"NIES-2521",-0.759476133495178,0.28888964313418,-3.72235743712607,0.000472437298371261,0.0286611961011898,-0.166070559060303,"Decreased","logqc_LE_19_09_18","Lake Erie","19_09_18","2019","09","18","Mfl_ae4","09/18","2019 Lake Erie","2019 Lake Erie","NIES-2521 (Mfl_ae4)"
"LL13-06",-0.103187640553054,0.0165886045674064,-3.38754221218329,0.00132285410939058,0.0601898619772712,-1.08936735011573,"Not Significant","logqc_LE_19_09_18","Lake Erie","19_09_18","2019","09","18","Mae2_(LL/LG)","09/18","2019 Lake Erie","No change","LL13-06 (Mae2_(LL/LG))"
"NIES-88",-0.075202121738304,0.0166130923980228,-2.61470417251977,0.011552465768855,0.42050975398632,-2.99527264851067,"Not Significant","logqc_LE_19_09_18","Lake Erie","19_09_18","2019","09","18","Mae3_1","09/18","2019 Lake Erie","No change","NIES-88 (Mae3_1)"
"G13-12",-0.0986965215754551,0.0160517041433756,-2.32952645851227,0.0236030375351437,0.619415885717341,-3.60513691116319,"Not Significant","logqc_LE_19_09_18","Lake Erie","19_09_18","2019","09","18","Mae2_(HL/LG)","09/18","2019 Lake Erie","No change","G13-12 (Mae2_(HL/LG))"
"G13-05",-0.11028784912216,0.0306149934736053,-2.27778632253174,0.0267248477245784,0.619415885717341,-3.70975185092345,"Not Significant","logqc_LE_19_09_18","Lake Erie","19_09_18","2019","09","18","Mae2_(HL/LG)","09/18","2019 Lake Erie","No change","G13-05 (Mae2_(HL/LG))"
"LE19-195",-1.233924319006,1.59120313463519,-2.26996971781137,0.0272270718996633,0.619415885717341,-3.72539022252085,"Not Significant","logqc_LE_19_09_18","Lake Erie","19_09_18","2019","09","18","Mae3_1","09/18","2019 Lake Erie","No change","LE19-195 (Mae3_1)"
"Ma_QC_Ch_20071001_M135",-0.0466497087126444,0.00567770030287288,-2.1596120572229,0.0352641704491947,0.713119891305936,-3.94145134337831,"Not Significant","logqc_LE_19_09_18","Lake Erie","19_09_18","2019","09","18","Mae2_(LL/LG)","09/18","2019 Lake Erie","No change","Ma_QC_Ch_20071001_M135 (Mae2_(LL/LG))"
"L211-11",0.113645200740795,0.018938467828755,2.09616874371734,0.0407710228253996,0.742032615422273,-4.06160344075136,"Not Significant","logqc_LE_19_09_18","Lake Erie","19_09_18","2019","09","18","Mae3_1","09/18","2019 Lake Erie","No change","L211-11 (Mae3_1)"
"BS11-05",-0.769328599801968,1.11655886680262,-1.90669685298016,0.0618895375103166,1,-4.40226577192512,"Not Significant","logqc_LE_19_09_18","Lake Erie","19_09_18","2019","09","18","Mae2_(HL/LG)","09/18","2019 Lake Erie","No change","BS11-05 (Mae2_(HL/LG))"
"PCC_9807",-0.224920317839253,0.0953927111816176,-1.81436528312255,0.0751815079531288,1,-4.55814326718011,"Not Significant","logqc_LE_19_09_18","Lake Erie","19_09_18","2019","09","18","Mae4","09/18","2019 Lake Erie","No change","PCC_9807 (Mae4)"
"LE19-338",-0.703622647899096,0.859899611526082,-1.67102308822716,0.10050698575191,1,-4.78657606348426,"Not Significant","logqc_LE_19_09_18","Lake Erie","19_09_18","2019","09","18","Mfl_ae3","09/18","2019 Lake Erie","No change","LE19-338 (Mfl_ae3)"
"LG13-11",-0.466768364216201,0.494245808471573,-1.53006120692684,0.131842525936608,1,-4.99471589689364,"Not Significant","logqc_LE_19_09_18","Lake Erie","19_09_18","2019","09","18","Mvi","09/18","2019 Lake Erie","No change","LG13-11 (Mvi)"
"Mp_MB_F_20080800_S26",-0.072989670615279,0.0214366700714064,-1.49159276992225,0.141628577201989,1,-5.04861729930831,"Not Significant","logqc_LE_19_09_18","Lake Erie","19_09_18","2019","09","18","Mpa","09/18","2019 Lake Erie","No change","Mp_MB_F_20080800_S26 (Mpa)"
"LG13-13",0.762193580112865,1.00860655239236,1.39819328772389,0.167774961589031,1,-5.17422920253071,"Not Significant","logqc_LE_19_09_18","Lake Erie","19_09_18","2019","09","18","Mae10","09/18","2019 Lake Erie","No change","LG13-13 (Mae10)"
"S11-01",-0.331899427863808,0.197274366514199,-1.38813581083404,0.170799686811698,1,-5.18730762604205,"Not Significant","logqc_LE_19_09_18","Lake Erie","19_09_18","2019","09","18","Mae2_(LL/LG)","09/18","2019 Lake Erie","No change","S11-01 (Mae2_(LL/LG))"
"BK11-02",-0.540379574874682,1.09855776593583,-1.35911644800276,0.179762484445275,1,-5.22455196726625,"Not Significant","logqc_LE_19_09_18","Lake Erie","19_09_18","2019","09","18","Mae2_(LL/LG)","09/18","2019 Lake Erie","No change","BK11-02 (Mae2_(LL/LG))"
"K13-10",-0.632674979887767,1.90090039066495,-1.30749718112144,0.196586855544911,1,-5.28898886396797,"Not Significant","logqc_LE_19_09_18","Lake Erie","19_09_18","2019","09","18","Mae3_3","09/18","2019 Lake Erie","No change","K13-10 (Mae3_3)"
"G11-04",-0.0263399619026345,0.0104425127262745,-1.29872536215984,0.19956014062941,1,-5.2997070396518,"Not Significant","logqc_LE_19_09_18","Lake Erie","19_09_18","2019","09","18","Mae2_(HL/LG)","09/18","2019 Lake Erie","No change","G11-04 (Mae2_(HL/LG))"
"Ma_SC_T_19800800_S464",-0.372553380563969,0.403603032421017,-1.27961120113954,0.206155802606387,1,-5.32282823554263,"Not Significant","logqc_LE_19_09_18","Lake Erie","19_09_18","2019","09","18","Mwe","09/18","2019 Lake Erie","No change","Ma_SC_T_19800800_S464 (Mwe)"
"G13-11",0.169584046266694,0.144613938089757,1.26475959391097,0.21139194681273,1,-5.34057120986939,"Not Significant","logqc_LE_19_09_18","Lake Erie","19_09_18","2019","09","18","Mae2_(HL/LG)","09/18","2019 Lake Erie","No change","G13-11 (Mae2_(HL/LG))"
"Mn_MB_F_20050700_S1D",-0.216411174737189,0.225709300796186,-1.20396480391223,0.233857358721898,1,-5.41116773124285,"Not Significant","logqc_LE_19_09_18","Lake Erie","19_09_18","2019","09","18","Mn","09/18","2019 Lake Erie","No change","Mn_MB_F_20050700_S1D (Mn)"
"LG13-12",0.956913636973237,1.67744404555595,1.18445182940294,0.241424492336458,1,-5.43313047977029,"Not Significant","logqc_LE_19_09_18","Lake Erie","19_09_18","2019","09","18","Mae10","09/18","2019 Lake Erie","No change","LG13-12 (Mae10)"
"LE19-84",-0.462826068336382,1.48578914474714,-1.16203426814193,0.250334881825499,1,-5.45794283973881,"Not Significant","logqc_LE_19_09_18","Lake Erie","19_09_18","2019","09","18","Mae4","09/18","2019 Lake Erie","No change","LE19-84 (Mae4)"
"LSC13-02",0.637526045685883,1.50391835237686,1.12673539610442,0.264839507351475,1,-5.49609987500046,"Not Significant","logqc_LE_19_09_18","Lake Erie","19_09_18","2019","09","18","Mae2_(LL/LG)","09/18","2019 Lake Erie","No change","LSC13-02 (Mae2_(LL/LG))"
"W13-11",-0.0466497087126444,0.0159541083323116,-1.11973924529861,0.267783635113173,1,-5.50352956299091,"Not Significant","logqc_LE_19_09_18","Lake Erie","19_09_18","2019","09","18","Mae1","09/18","2019 Lake Erie","No change","W13-11 (Mae1)"
"LE18-22",-0.683234592616017,2.37538675014286,-1.11603539361327,0.26935162201168,1,-5.50744509328408,"Not Significant","logqc_LE_19_09_18","Lake Erie","19_09_18","2019","09","18","Mae3_1","09/18","2019 Lake Erie","No change","LE18-22 (Mae3_1)"
"LL11-07",-0.0238902915787593,0.0120445568874154,-1.01661685097805,0.313871806729185,1,-5.60790842152255,"Not Significant","logqc_LE_19_09_18","Lake Erie","19_09_18","2019","09","18","Mae2_(HL/LG)","09/18","2019 Lake Erie","No change","LL11-07 (Mae2_(HL/LG))"
"Mw_QC_S_20081001_S30D",-0.072989670615279,0.0393285602473755,-1.00044694524455,0.321559017212308,1,-5.62339872424712,"Not Significant","logqc_LE_19_09_18","Lake Erie","19_09_18","2019","09","18","Mwe","09/18","2019 Lake Erie","No change","Mw_QC_S_20081001_S30D (Mwe)"
"SPC777",-0.358444951019748,0.738352326476179,-0.991452394925568,0.32588930452842,1,-5.63191185235635,"Not Significant","logqc_LE_19_09_18","Lake Erie","19_09_18","2019","09","18","Mae1","09/18","2019 Lake Erie","No change","SPC777 (Mae1)"
"Ma_MB_S_20031200_S102",0.113645200740795,0.0997020858566253,0.977422838151804,0.332721079188411,1,-5.64504271933928,"Not Significant","logqc_LE_19_09_18","Lake Erie","19_09_18","2019","09","18","Mae6","09/18","2019 Lake Erie","No change","Ma_MB_S_20031200_S102 (Mae6)"
"11-30S32",0.339729436335413,0.534806423440277,0.948642169921501,0.3470314326379,1,-5.67141501046203,"Not Significant","logqc_LE_19_09_18","Lake Erie","19_09_18","2019","09","18","Mae3_1","09/18","2019 Lake Erie","No change","11-30S32 (Mae3_1)"
"FCY-28",0.161534153896496,0.128940385549611,0.935922268720938,0.353482522649362,1,-5.68282803065149,"Not Significant","logqc_LE_19_09_18","Lake Erie","19_09_18","2019","09","18","Mae1","09/18","2019 Lake Erie","No change","FCY-28 (Mae1)"
"Ma_QC_Ch_20071001_S25D",0.29211164255304,0.372566968085964,0.921566928480706,0.36085605151103,1,-5.69552956251588,"Not Significant","logqc_LE_19_09_18","Lake Erie","19_09_18","2019","09","18","Mae2_(LL/LG)","09/18","2019 Lake Erie","No change","Ma_QC_Ch_20071001_S25D (Mae2_(LL/LG))"
"NIES-102",-0.173576250974898,0.108348188815705,-0.915864418329318,0.363812445809194,1,-5.70052240574741,"Not Significant","logqc_LE_19_09_18","Lake Erie","19_09_18","2019","09","18","Mae3_1","09/18","2019 Lake Erie","No change","NIES-102 (Mae3_1)"
"NIES-2549",0.161534153896496,0.0785609694088359,0.900260147148919,0.371981616710758,1,-5.71403134728253,"Not Significant","logqc_LE_19_09_18","Lake Erie","19_09_18","2019","09","18","Mfl_ae4","09/18","2019 Lake Erie","No change","NIES-2549 (Mfl_ae4)"
"LE19-4",0.0276090178067309,0.00652576662414928,0.893493419096119,0.375560211901518,1,-5.71981952829021,"Not Significant","logqc_LE_19_09_18","Lake Erie","19_09_18","2019","09","18","Mae5","09/18","2019 Lake Erie","No change","LE19-4 (Mae5)"
"Ma_AC_P_19900807_S300",-0.0891716160423182,0.0918720102450322,-0.864492356486006,0.391143820110615,1,-5.74414675749235,"Not Significant","logqc_LE_19_09_18","Lake Erie","19_09_18","2019","09","18","Mae1","09/18","2019 Lake Erie","No change","Ma_AC_P_19900807_S300 (Mae1)"
"NIES-44",-0.350805152062916,1.07510902301778,-0.85737040407233,0.395031676979865,1,-5.75000172325931,"Not Significant","logqc_LE_19_09_18","Lake Erie","19_09_18","2019","09","18","Mae8","09/18","2019 Lake Erie","No change","NIES-44 (Mae8)"
"LE17-10A",-0.417339283338006,1.13435182819568,-0.856057702202526,0.395750890826318,1,-5.75107576017643,"Not Significant","logqc_LE_19_09_18","Lake Erie","19_09_18","2019","09","18","Mae5","09/18","2019 Lake Erie","No change","LE17-10A (Mae5)"
"NIES-87",-0.229818662626249,0.746447175377667,-0.853262785611136,0.397284899216219,1,-5.75335719909803,"Not Significant","logqc_LE_19_09_18","Lake Erie","19_09_18","2019","09","18","Mfl_ae6","09/18","2019 Lake Erie","No change","NIES-87 (Mfl_ae6)"
"NIES-4325",-0.279134266473134,0.515605768568284,-0.823103982442728,0.414071270314233,1,-5.77751349254093,"Not Significant","logqc_LE_19_09_18","Lake Erie","19_09_18","2019","09","18","Mae10","09/18","2019 Lake Erie","No change","NIES-4325 (Mae10)"
"FD4",-0.372112121774942,1.73455209737951,-0.818162521155322,0.416862272599351,1,-5.78139076443552,"Not Significant","logqc_LE_19_09_18","Lake Erie","19_09_18","2019","09","18","Mvi","09/18","2019 Lake Erie","No change","FD4 (Mvi)"
"Mw_MB_S_20031200_S109D",-0.0513118301595448,0.0326903523882331,-0.817937817239524,0.416989458874746,1,-5.78156653562425,"Not Significant","logqc_LE_19_09_18","Lake Erie","19_09_18","2019","09","18","Mwe","09/18","2019 Lake Erie","No change","Mw_MB_S_20031200_S109D (Mwe)"
"W13-15",-0.0502302534813938,0.0310915074799987,-0.779872705490279,0.438872749272549,1,-5.81066264008156,"Not Significant","logqc_LE_19_09_18","Lake Erie","19_09_18","2019","09","18","Mae2_(HL/LG)","09/18","2019 Lake Erie","No change","W13-15 (Mae2_(HL/LG))"
"G11-06",0.0269140951148112,0.0125333798659142,0.766632152190203,0.446640909125493,1,-5.82046609720385,"Not Significant","logqc_LE_19_09_18","Lake Erie","19_09_18","2019","09","18","Mae2_(HL/LG)","09/18","2019 Lake Erie","No change","G11-06 (Mae2_(HL/LG))"
"DF17",-0.34793063863356,0.597718933770284,-0.766046984447879,0.446986070307433,1,-5.82089557698393,"Not Significant","logqc_LE_19_09_18","Lake Erie","19_09_18","2019","09","18","Mae3_1","09/18","2019 Lake Erie","No change","DF17 (Mae3_1)"
"G13-07",0.105797336024785,0.240259247661432,0.737696344304185,0.463894575013045,1,-5.84131904876283,"Not Significant","logqc_LE_19_09_18","Lake Erie","19_09_18","2019","09","18","Mae2_(HL/LG)","09/18","2019 Lake Erie","No change","G13-07 (Mae2_(HL/LG))"
"K13-06",-0.0518758103935089,0.0866228644935585,-0.724500985888035,0.471887628762262,1,-5.85056771258496,"Not Significant","logqc_LE_19_09_18","Lake Erie","19_09_18","2019","09","18","Mae3_2","09/18","2019 Lake Erie","No change","K13-06 (Mae3_2)"
"Mp_MB_F_20080800_S26D",0.141270696540383,0.310031748566602,0.697616796421773,0.488411607101617,1,-5.86890457084538,"Not Significant","logqc_LE_19_09_18","Lake Erie","19_09_18","2019","09","18","Mpa","09/18","2019 Lake Erie","No change","Mp_MB_F_20080800_S26D (Mpa)"
"DIANCHI905",-0.0466497087126444,0.0136551134488945,-0.652748334522787,0.516689579371445,1,-5.89799153565643,"Not Significant","logqc_LE_19_09_18","Lake Erie","19_09_18","2019","09","18","Mae1","09/18","2019 Lake Erie","No change","DIANCHI905 (Mae1)"
"BS13-10",0.413999257944256,3.71435705831315,0.612047614535483,0.543076379144428,1,-5.92273143830968,"Not Significant","logqc_LE_19_09_18","Lake Erie","19_09_18","2019","09","18","Mae2_(HL/LG)","09/18","2019 Lake Erie","No change","BS13-10 (Mae2_(HL/LG))"
"TW10",-0.0466497087126444,0.0304914841160064,-0.570649239162827,0.570605946235423,1,-5.94628482091834,"Not Significant","logqc_LE_19_09_18","Lake Erie","19_09_18","2019","09","18","Mae8","09/18","2019 Lake Erie","No change","TW10 (Mae8)"
"M_QC_C_20170808_M2Col",-0.065596786680278,0.118615750646058,-0.557525341321423,0.579473838391415,1,-5.95341176297307,"Not Significant","logqc_LE_19_09_18","Lake Erie","19_09_18","2019","09","18","Mae3_1","09/18","2019 Lake Erie","No change","M_QC_C_20170808_M2Col (Mae3_1)"
"EAWAG127a",-0.187868137617773,0.222501133930924,-0.536677700551159,0.593695876430392,1,-5.96439617512155,"Not Significant","logqc_LE_19_09_18","Lake Erie","19_09_18","2019","09","18","Mae6","09/18","2019 Lake Erie","No change","EAWAG127a (Mae6)"
"LE19-41",-0.0453806528085481,0.0886701153905635,-0.508350081517768,0.613279629377671,1,-5.9786581612045,"Not Significant","logqc_LE_19_09_18","Lake Erie","19_09_18","2019","09","18","Mae3_3","09/18","2019 Lake Erie","No change","LE19-41 (Mae3_3)"
"LE19-8",-0.229052532555914,0.640050823369167,-0.508027539785735,0.613504292519286,1,-5.9788161436497,"Not Significant","logqc_LE_19_09_18","Lake Erie","19_09_18","2019","09","18","Mae8","09/18","2019 Lake Erie","No change","LE19-8 (Mae8)"
"SX13-01",-0.0709165012994224,0.101462483160348,-0.483025601198748,0.631031347705814,1,-5.99075998292569,"Not Significant","logqc_LE_19_09_18","Lake Erie","19_09_18","2019","09","18","Mae2_(HL/LG)","09/18","2019 Lake Erie","No change","SX13-01 (Mae2_(HL/LG))"
"KW",0.0824068291880307,0.228886029414017,0.4703636209775,0.639990664452354,1,-5.99658101602654,"Not Significant","logqc_LE_19_09_18","Lake Erie","19_09_18","2019","09","18","Mae3_1","09/18","2019 Lake Erie","No change","KW (Mae3_1)"
"Ma_QC_C_20070703_M131",-0.0466497087126444,0.0650762610075088,-0.440598720756438,0.661263395414556,1,-6.00966071714226,"Not Significant","logqc_LE_19_09_18","Lake Erie","19_09_18","2019","09","18","Mae9","09/18","2019 Lake Erie","No change","Ma_QC_C_20070703_M131 (Mae9)"
"NIES-2520",0.235091905335267,2.11390555809893,0.435777989669514,0.664735953226658,1,-6.01169930059816,"Not Significant","logqc_LE_19_09_18","Lake Erie","19_09_18","2019","09","18","Mae3_2","09/18","2019 Lake Erie","No change","NIES-2520 (Mae3_2)"
"PCC_9443",0.125185478521004,0.395547888570149,0.429200246527449,0.669486097978985,1,-6.01444497198251,"Not Significant","logqc_LE_19_09_18","Lake Erie","19_09_18","2019","09","18","Mae4","09/18","2019 Lake Erie","No change","PCC_9443 (Mae4)"
"G11-09",-0.0263399619026345,0.0504221903893531,-0.428379620486308,0.670079676394836,1,-6.0147846076038,"Not Significant","logqc_LE_19_09_18","Lake Erie","19_09_18","2019","09","18","Mae2_(HL/LG)","09/18","2019 Lake Erie","No change","G11-09 (Mae2_(HL/LG))"
"M_QC_C_20170808_M3Col",-0.101624847798877,0.198066234462503,-0.410525527020387,0.683045848373793,1,-6.02201413660586,"Not Significant","logqc_LE_19_09_18","Lake Erie","19_09_18","2019","09","18","Mae2_(LL/LG)","09/18","2019 Lake Erie","No change","M_QC_C_20170808_M3Col (Mae2_(LL/LG))"
"Mn_MB_F_20050700_S1",-0.0872293891844172,0.149138906345602,-0.393826169896173,0.695261144105739,1,-6.02849935530133,"Not Significant","logqc_LE_19_09_18","Lake Erie","19_09_18","2019","09","18","Mn","09/18","2019 Lake Erie","No change","Mn_MB_F_20050700_S1 (Mn)"
"PCC_9809",-0.0979615388721892,0.268086319503821,-0.379149831860686,0.706064319154646,1,-6.0339779212393,"Not Significant","logqc_LE_19_09_18","Lake Erie","19_09_18","2019","09","18","Mae3_1","09/18","2019 Lake Erie","No change","PCC_9809 (Mae3_1)"
"LE13-04",-0.0502302534813938,0.0605714405924541,-0.363104266405687,0.717945377060303,1,-6.03973084615566,"Not Significant","logqc_LE_19_09_18","Lake Erie","19_09_18","2019","09","18","Mae2_(HL/LG)","09/18","2019 Lake Erie","No change","LE13-04 (Mae2_(HL/LG))"
"Mf_QC_C_20070823_S10",0.218533575240403,1.65735306210632,0.329732277962761,0.742878706206075,1,-6.05090311733263,"Not Significant","logqc_LE_19_09_18","Lake Erie","19_09_18","2019","09","18","Mfl_ae1","09/18","2019 Lake Erie","No change","Mf_QC_C_20070823_S10 (Mfl_ae1)"
"Ma_QC_B_20070730_S2",0.140747291385138,0.435470995302504,0.3264520074805,0.74534505067595,1,-6.05194344590897,"Not Significant","logqc_LE_19_09_18","Lake Erie","19_09_18","2019","09","18","Mae1","09/18","2019 Lake Erie","No change","Ma_QC_B_20070730_S2 (Mae1)"
"Ma_QC_C_20070823_S18",-0.0263399619026345,0.0667747573911391,-0.30540965030685,0.76122906521762,1,-6.05837056757978,"Not Significant","logqc_LE_19_09_18","Lake Erie","19_09_18","2019","09","18","Mfl_ae1","09/18","2019 Lake Erie","No change","Ma_QC_C_20070823_S18 (Mfl_ae1)"
"Mv_BB_P_19951000_S69",-0.0466497087126444,0.1576481250027,-0.276873026141265,0.782935317515883,1,-6.06640513759019,"Not Significant","logqc_LE_19_09_18","Lake Erie","19_09_18","2019","09","18","Mvi","09/18","2019 Lake Erie","No change","Mv_BB_P_19951000_S69 (Mvi)"
"Mv_BB_P_19951000_S68D",-0.0513118301595448,0.058572760991269,-0.257186267937439,0.798013042793518,1,-6.071490292709,"Not Significant","logqc_LE_19_09_18","Lake Erie","19_09_18","2019","09","18","Mvi","09/18","2019 Lake Erie","No change","Mv_BB_P_19951000_S68D (Mvi)"
"PCC_7005",-0.0466497087126444,0.105333022534326,-0.255146237712863,0.799580011124871,1,-6.07199585859299,"Not Significant","logqc_LE_19_09_18","Lake Erie","19_09_18","2019","09","18","Mae1","09/18","2019 Lake Erie","No change","PCC_7005 (Mae1)"
"TA09",0.0532540570174458,0.259888765804974,0.221623202579744,0.825443690955072,1,-6.07972823137084,"Not Significant","logqc_LE_19_09_18","Lake Erie","19_09_18","2019","09","18","Mae10","09/18","2019 Lake Erie","No change","TA09 (Mae10)"
"Ma_QC_Ca_00000000_S207",-0.0544137497883344,0.583676704350923,-0.177219546989264,0.859999400602189,1,-6.08829907458708,"Not Significant","logqc_LE_19_09_18","Lake Erie","19_09_18","2019","09","18","Mae2_(LL/LG)","09/18","2019 Lake Erie","No change","Ma_QC_Ca_00000000_S207 (Mae2_(LL/LG))"
"G13-10",-0.116037748152514,1.91344585883941,-0.173056505885658,0.863254442848857,1,-6.08900491271959,"Not Significant","logqc_LE_19_09_18","Lake Erie","19_09_18","2019","09","18","Mae2_(HL/LG)","09/18","2019 Lake Erie","No change","G13-10 (Mae2_(HL/LG))"
"KLA2",-0.0513118301595448,0.368715473471586,-0.1703226881374,0.865393291431387,1,-6.0894593119822,"Not Significant","logqc_LE_19_09_18","Lake Erie","19_09_18","2019","09","18","Mae1","09/18","2019 Lake Erie","No change","KLA2 (Mae1)"
"T1-4",0.0579138783130375,0.676099264574117,0.16750970953921,0.867595131218785,1,-6.08991932463228,"Not Significant","logqc_LE_19_09_18","Lake Erie","19_09_18","2019","09","18","Mfl_ae2","09/18","2019 Lake Erie","No change","T1-4 (Mfl_ae2)"
"LE19-114",0.0810242198300974,0.564634074616638,0.160189245584019,0.873330083196619,1,-6.09108058563906,"Not Significant","logqc_LE_19_09_18","Lake Erie","19_09_18","2019","09","18","Mae5","09/18","2019 Lake Erie","No change","LE19-114 (Mae5)"
"TF09",-0.0466497087126444,0.375654853281397,-0.152123969873738,0.879656450477121,1,-6.09229998652704,"Not Significant","logqc_LE_19_09_18","Lake Erie","19_09_18","2019","09","18","Mae1","09/18","2019 Lake Erie","No change","TF09 (Mae1)"
"NIES-843",-0.0452714620887076,0.41419869861001,-0.149243867999019,0.881917527147909,1,-6.0927201864494,"Not Significant","logqc_LE_19_09_18","Lake Erie","19_09_18","2019","09","18","Mae3_1","09/18","2019 Lake Erie","No change","NIES-843 (Mae3_1)"
"Mw_QC_S_20081001_S30",0.0474272206504368,0.483802100567593,0.147431305653063,0.883341020990983,1,-6.09298052069754,"Not Significant","logqc_LE_19_09_18","Lake Erie","19_09_18","2019","09","18","Mwe","09/18","2019 Lake Erie","No change","Mw_QC_S_20081001_S30 (Mwe)"
"LE19-55",0.0276090178067309,0.232007677225329,0.131725678758295,0.895691138116085,1,-6.09510318681399,"Not Significant","logqc_LE_19_09_18","Lake Erie","19_09_18","2019","09","18","Mfl_ae1","09/18","2019 Lake Erie","No change","LE19-55 (Mfl_ae1)"
"K13-07",-0.0238902915787593,0.103993129310759,-0.116081214992052,0.908019053869713,1,-6.09698028433052,"Not Significant","logqc_LE_19_09_18","Lake Erie","19_09_18","2019","09","18","Mae2_(LL/LG)","09/18","2019 Lake Erie","No change","K13-07 (Mae2_(LL/LG))"
"M_QC_C_20170808_M9Col",0.0213552419752102,0.257986840954712,0.104833940504457,0.916896236994695,1,-6.0981834139464,"Not Significant","logqc_LE_19_09_18","Lake Erie","19_09_18","2019","09","18","Mae3_1","09/18","2019 Lake Erie","No change","M_QC_C_20170808_M9Col (Mae3_1)"
"W13-16",-0.0029643582936809,0.0277228925437981,-0.0578888712426368,0.954050959731242,1,-6.10188272421746,"Not Significant","logqc_LE_19_09_18","Lake Erie","19_09_18","2019","09","18","Mae2_(HL/LG)","09/18","2019 Lake Erie","No change","W13-16 (Mae2_(HL/LG))"
"L211-101",-0.0122340034079675,1.6167805291691,-0.0302576845548771,0.975973165398058,1,-6.10306231056086,"Not Significant","logqc_LE_19_09_18","Lake Erie","19_09_18","2019","09","18","Mae3_1","09/18","2019 Lake Erie","No change","L211-101 (Mae3_1)"
"LE19-13",0.001942226857901,0.0801902782450253,0.0141956822372509,0.988726214375932,1,-6.10340812449399,"Not Significant","logqc_LE_19_09_18","Lake Erie","19_09_18","2019","09","18","Mfl_ae1","09/18","2019 Lake Erie","No change","LE19-13 (Mfl_ae1)"
"Sj",0.00137824662393691,0.167634640982776,0.00609296898791365,0.995161011499672,1,-6.10348774510346,"Not Significant","logqc_LE_19_09_18","Lake Erie","19_09_18","2019","09","18","Unclassified","09/18","2019 Lake Erie","No change","Sj (Unclassified)"
"0824",0,0.0337903604092532,0,1,1,-6.1035057255568,"Not Significant","logqc_LE_19_09_18","Lake Erie","19_09_18","2019","09","18","Mfl_ae5","09/18","2019 Lake Erie","No change","0824 (Mfl_ae5)"
"MC19",0,0.000214372615189159,0,1,1,-6.1035057255568,"Not Significant","logqc_LE_19_09_18","Lake Erie","19_09_18","2019","09","18","Mfl_ae2","09/18","2019 Lake Erie","No change","MC19 (Mfl_ae2)"
"M_OC_Ca_00000000_C217Col",0,0.111285924783708,0,1,1,-6.1035057255568,"Not Significant","logqc_LE_19_09_18","Lake Erie","19_09_18","2019","09","18","Mae4","09/18","2019 Lake Erie","No change","M_OC_Ca_00000000_C217Col (Mae4)"
"M_OC_Ca_00000000_S217Cul",0,0,0,1,1,-6.1035057255568,"Not Significant","logqc_LE_19_09_18","Lake Erie","19_09_18","2019","09","18","Mae4","09/18","2019 Lake Erie","No change","M_OC_Ca_00000000_S217Cul (Mae4)"
"Msp_OC_L_20101000_S702",0,0.00613463632603834,0,1,1,-6.1035057255568,"Not Significant","logqc_LE_19_09_18","Lake Erie","19_09_18","2019","09","18","Mae1","09/18","2019 Lake Erie","No change","Msp_OC_L_20101000_S702 (Mae1)"
"BS13-02",0,0.137650099733605,0,1,1,-6.1035057255568,"Not Significant","logqc_LE_19_09_18","Lake Erie","19_09_18","2019","09","18","Mae6","09/18","2019 Lake Erie","No change","BS13-02 (Mae6)"
"CACIAM_03",0,0,0,1,1,-6.1035057255568,"Not Significant","logqc_LE_19_09_18","Lake Erie","19_09_18","2019","09","18","Mae1","09/18","2019 Lake Erie","No change","CACIAM_03 (Mae1)"
"CHAOHU_1326",0,0.0362841489748562,0,1,1,-6.1035057255568,"Not Significant","logqc_LE_19_09_18","Lake Erie","19_09_18","2019","09","18","Mae4","09/18","2019 Lake Erie","No change","CHAOHU_1326 (Mae4)"
"DA14",0,0.00571196148917547,0,1,1,-6.1035057255568,"Not Significant","logqc_LE_19_09_18","Lake Erie","19_09_18","2019","09","18","Mae1","09/18","2019 Lake Erie","No change","DA14 (Mae1)"
"FACHB-524",0,0.0547789840713263,0,1,1,-6.1035057255568,"Not Significant","logqc_LE_19_09_18","Lake Erie","19_09_18","2019","09","18","Mae1","09/18","2019 Lake Erie","No change","FACHB-524 (Mae1)"
"FCY-26",0,0.0140327118228079,0,1,1,-6.1035057255568,"Not Significant","logqc_LE_19_09_18","Lake Erie","19_09_18","2019","09","18","Mae1","09/18","2019 Lake Erie","No change","FCY-26 (Mae1)"
"FCY-27",0,0,0,1,1,-6.1035057255568,"Not Significant","logqc_LE_19_09_18","Lake Erie","19_09_18","2019","09","18","Unclassified","09/18","2019 Lake Erie","No change","FCY-27 (Unclassified)"
"FCY-27",0,0.0672416368619685,0,1,1,-6.1035057255568,"Not Significant","logqc_LE_19_09_18","Lake Erie","19_09_18","2019","09","18","Unclassified","09/18","2019 Lake Erie","No change","FCY-27 (Unclassified)"
"FCY-27",0,0,0,1,1,-6.1035057255568,"Not Significant","logqc_LE_19_09_18","Lake Erie","19_09_18","2019","09","18","Unclassified","09/18","2019 Lake Erie","No change","FCY-27 (Unclassified)"
"G11-01",0,0.000188710934714087,0,1,1,-6.1035057255568,"Not Significant","logqc_LE_19_09_18","Lake Erie","19_09_18","2019","09","18","Mae2_(HL/LG)","09/18","2019 Lake Erie","No change","G11-01 (Mae2_(HL/LG))"
"G13-01",0,0.00494134073905403,0,1,1,-6.1035057255568,"Not Significant","logqc_LE_19_09_18","Lake Erie","19_09_18","2019","09","18","Mae2_(HL/LG)","09/18","2019 Lake Erie","No change","G13-01 (Mae2_(HL/LG))"
"G13-03",0,0,0,1,1,-6.1035057255568,"Not Significant","logqc_LE_19_09_18","Lake Erie","19_09_18","2019","09","18","Mae2_(HL/LG)","09/18","2019 Lake Erie","No change","G13-03 (Mae2_(HL/LG))"
"G13-09",0,0.0147038367069868,0,1,1,-6.1035057255568,"Not Significant","logqc_LE_19_09_18","Lake Erie","19_09_18","2019","09","18","Mae2_(HL/LG)","09/18","2019 Lake Erie","No change","G13-09 (Mae2_(HL/LG))"
"K13-05",0,0.0483281679742078,0,1,1,-6.1035057255568,"Not Significant","logqc_LE_19_09_18","Lake Erie","19_09_18","2019","09","18","Mae3_3","09/18","2019 Lake Erie","No change","K13-05 (Mae3_3)"
"L111-01",0,0.00187237805834669,0,1,1,-6.1035057255568,"Not Significant","logqc_LE_19_09_18","Lake Erie","19_09_18","2019","09","18","Mae2_(HL/LG)","09/18","2019 Lake Erie","No change","L111-01 (Mae2_(HL/LG))"
"L211-07",0,0.11190625229484,0,1,1,-6.1035057255568,"Not Significant","logqc_LE_19_09_18","Lake Erie","19_09_18","2019","09","18","Mae3_1","09/18","2019 Lake Erie","No change","L211-07 (Mae3_1)"
"L311-01",0,0.0187007574921333,0,1,1,-6.1035057255568,"Not Significant","logqc_LE_19_09_18","Lake Erie","19_09_18","2019","09","18","Mae1","09/18","2019 Lake Erie","No change","L311-01 (Mae1)"
"LE3",0,0.0550937925627485,0,1,1,-6.1035057255568,"Not Significant","logqc_LE_19_09_18","Lake Erie","19_09_18","2019","09","18","Mae1","09/18","2019 Lake Erie","No change","LE3 (Mae1)"
"LG11-05",0,0.0100220001339047,0,1,1,-6.1035057255568,"Not Significant","logqc_LE_19_09_18","Lake Erie","19_09_18","2019","09","18","Mae10","09/18","2019 Lake Erie","No change","LG11-05 (Mae10)"
"LG13-03",0,0.0252745359021614,0,1,1,-6.1035057255568,"Not Significant","logqc_LE_19_09_18","Lake Erie","19_09_18","2019","09","18","Mae10","09/18","2019 Lake Erie","No change","LG13-03 (Mae10)"
"LL13-03",0,0.0038955905749627,0,1,1,-6.1035057255568,"Not Significant","logqc_LE_19_09_18","Lake Erie","19_09_18","2019","09","18","Mae2_(HL/LG)","09/18","2019 Lake Erie","No change","LL13-03 (Mae2_(HL/LG))"
"Ma_MB_F_20061100_S19",0,0.00150678531318592,0,1,1,-6.1035057255568,"Not Significant","logqc_LE_19_09_18","Lake Erie","19_09_18","2019","09","18","Mae1","09/18","2019 Lake Erie","No change","Ma_MB_F_20061100_S19 (Mae1)"
"Ma_MB_F_20061100_S19D",0,0,0,1,1,-6.1035057255568,"Not Significant","logqc_LE_19_09_18","Lake Erie","19_09_18","2019","09","18","Mae1","09/18","2019 Lake Erie","No change","Ma_MB_F_20061100_S19D (Mae1)"
"Ma_MB_F_20061100_S20",0,0.0146020964372637,0,1,1,-6.1035057255568,"Not Significant","logqc_LE_19_09_18","Lake Erie","19_09_18","2019","09","18","Mae5","09/18","2019 Lake Erie","No change","Ma_MB_F_20061100_S20 (Mae5)"
"Ma_MB_F_20061100_S20D",0,0.0680865720923015,0,1,1,-6.1035057255568,"Not Significant","logqc_LE_19_09_18","Lake Erie","19_09_18","2019","09","18","Mae5","09/18","2019 Lake Erie","No change","Ma_MB_F_20061100_S20D (Mae5)"
"Ma_MB_S_20031200_S102D",0,0.0260079543864669,0,1,1,-6.1035057255568,"Not Significant","logqc_LE_19_09_18","Lake Erie","19_09_18","2019","09","18","Mae6","09/18","2019 Lake Erie","No change","Ma_MB_S_20031200_S102D (Mae6)"
"Ma_OC_H_19870700_S124",0,0.000626101344307828,0,1,1,-6.1035057255568,"Not Significant","logqc_LE_19_09_18","Lake Erie","19_09_18","2019","09","18","Mae8","09/18","2019 Lake Erie","No change","Ma_OC_H_19870700_S124 (Mae8)"
"Ma_OC_LR_19540900_S633",0,0,0,1,1,-6.1035057255568,"Not Significant","logqc_LE_19_09_18","Lake Erie","19_09_18","2019","09","18","Mae1","09/18","2019 Lake Erie","No change","Ma_OC_LR_19540900_S633 (Mae1)"
"Ma_QC_C_20070823_S13",0,0,0,1,1,-6.1035057255568,"Not Significant","logqc_LE_19_09_18","Lake Erie","19_09_18","2019","09","18","Mae2_(HL/LG)","09/18","2019 Lake Erie","No change","Ma_QC_C_20070823_S13 (Mae2_(HL/LG))"
"Ma_QC_C_20070823_S13D",0,0,0,1,1,-6.1035057255568,"Not Significant","logqc_LE_19_09_18","Lake Erie","19_09_18","2019","09","18","Mae2_(HL/LG)","09/18","2019 Lake Erie","No change","Ma_QC_C_20070823_S13D (Mae2_(HL/LG))"
"Ma_QC_Ch_20071001_S25",0,0.00284874706007544,0,1,1,-6.1035057255568,"Not Significant","logqc_LE_19_09_18","Lake Erie","19_09_18","2019","09","18","Mae2_(LL/LG)","09/18","2019 Lake Erie","No change","Ma_QC_Ch_20071001_S25 (Mae2_(LL/LG))"
"NIES-1211",0,0,0,1,1,-6.1035057255568,"Not Significant","logqc_LE_19_09_18","Lake Erie","19_09_18","2019","09","18","Mfl_ae2","09/18","2019 Lake Erie","No change","NIES-1211 (Mfl_ae2)"
"NIES-2481",0,0.0102832125020514,0,1,1,-6.1035057255568,"Not Significant","logqc_LE_19_09_18","Lake Erie","19_09_18","2019","09","18","Mfl_ae4","09/18","2019 Lake Erie","No change","NIES-2481 (Mfl_ae4)"
"NIES-2519",0,0,0,1,1,-6.1035057255568,"Not Significant","logqc_LE_19_09_18","Lake Erie","19_09_18","2019","09","18","Mfl_ae2","09/18","2019 Lake Erie","No change","NIES-2519 (Mfl_ae2)"
"NIES-2522",0,0.00907699685756601,0,1,1,-6.1035057255568,"Not Significant","logqc_LE_19_09_18","Lake Erie","19_09_18","2019","09","18","Mfl_ae2","09/18","2019 Lake Erie","No change","NIES-2522 (Mfl_ae2)"
"NIES-298",0,0.00396058292170508,0,1,1,-6.1035057255568,"Not Significant","logqc_LE_19_09_18","Lake Erie","19_09_18","2019","09","18","Mae1","09/18","2019 Lake Erie","No change","NIES-298 (Mae1)"
"NIES-3787",0,0.00428337259915598,0,1,1,-6.1035057255568,"Not Significant","logqc_LE_19_09_18","Lake Erie","19_09_18","2019","09","18","Mfl_ae4","09/18","2019 Lake Erie","No change","NIES-3787 (Mfl_ae4)"
"NIES-3804",0,0.0375041297968267,0,1,1,-6.1035057255568,"Not Significant","logqc_LE_19_09_18","Lake Erie","19_09_18","2019","09","18","Mfl_ae3","09/18","2019 Lake Erie","No change","NIES-3804 (Mfl_ae3)"
"NIES-3806",0,0.00256348426910084,0,1,1,-6.1035057255568,"Not Significant","logqc_LE_19_09_18","Lake Erie","19_09_18","2019","09","18","Mfl_ae4","09/18","2019 Lake Erie","No change","NIES-3806 (Mfl_ae4)"
"NIES-3807",0,0.00304191839117172,0,1,1,-6.1035057255568,"Not Significant","logqc_LE_19_09_18","Lake Erie","19_09_18","2019","09","18","Mfl_ae4","09/18","2019 Lake Erie","No change","NIES-3807 (Mfl_ae4)"
"NIES-4264",0,0.00159482942609291,0,1,1,-6.1035057255568,"Not Significant","logqc_LE_19_09_18","Lake Erie","19_09_18","2019","09","18","Mfl_ae2","09/18","2019 Lake Erie","No change","NIES-4264 (Mfl_ae2)"
"NIES-4285",0,0.0209054276086438,0,1,1,-6.1035057255568,"Not Significant","logqc_LE_19_09_18","Lake Erie","19_09_18","2019","09","18","Mae1","09/18","2019 Lake Erie","No change","NIES-4285 (Mae1)"
"NIES-98",0,0.0383344961775684,0,1,1,-6.1035057255568,"Not Significant","logqc_LE_19_09_18","Lake Erie","19_09_18","2019","09","18","Mae1","09/18","2019 Lake Erie","No change","NIES-98 (Mae1)"
"NaRes975",0,0.000426382505789865,0,1,1,-6.1035057255568,"Not Significant","logqc_LE_19_09_18","Lake Erie","19_09_18","2019","09","18","Mae1","09/18","2019 Lake Erie","No change","NaRes975 (Mae1)"
"PCC_7806SL",0,0.000426382505789865,0,1,1,-6.1035057255568,"Not Significant","logqc_LE_19_09_18","Lake Erie","19_09_18","2019","09","18","Mae1","09/18","2019 Lake Erie","No change","PCC_7806SL (Mae1)"
"PCC_7941",0,0.047432122570435,0,1,1,-6.1035057255568,"Not Significant","logqc_LE_19_09_18","Lake Erie","19_09_18","2019","09","18","Mae1","09/18","2019 Lake Erie","No change","PCC_7941 (Mae1)"
"PCC_9432",0,0.0246211750270618,0,1,1,-6.1035057255568,"Not Significant","logqc_LE_19_09_18","Lake Erie","19_09_18","2019","09","18","Mae1","09/18","2019 Lake Erie","No change","PCC_9432 (Mae1)"
"PCC_9701",0,0,0,1,1,-6.1035057255568,"Not Significant","logqc_LE_19_09_18","Lake Erie","19_09_18","2019","09","18","Mfl_ae1","09/18","2019 Lake Erie","No change","PCC_9701 (Mfl_ae1)"
"PCC_9717",0,0.000188710934714087,0,1,1,-6.1035057255568,"Not Significant","logqc_LE_19_09_18","Lake Erie","19_09_18","2019","09","18","Mae3_3","09/18","2019 Lake Erie","No change","PCC_9717 (Mae3_3)"
"PCC_9806",0,0.000253070833139477,0,1,1,-6.1035057255568,"Not Significant","logqc_LE_19_09_18","Lake Erie","19_09_18","2019","09","18","Mfl_ae3","09/18","2019 Lake Erie","No change","PCC_9806 (Mfl_ae3)"
"PCC_9808",0,0.00937374958881915,0,1,1,-6.1035057255568,"Not Significant","logqc_LE_19_09_18","Lake Erie","19_09_18","2019","09","18","Mae1","09/18","2019 Lake Erie","No change","PCC_9808 (Mae1)"
"S11-05",0,0,0,1,1,-6.1035057255568,"Not Significant","logqc_LE_19_09_18","Lake Erie","19_09_18","2019","09","18","Mae2_(LL/LG)","09/18","2019 Lake Erie","No change","S11-05 (Mae2_(LL/LG))"
"SX13-11",0,0.017622386286122,0,1,1,-6.1035057255568,"Not Significant","logqc_LE_19_09_18","Lake Erie","19_09_18","2019","09","18","Mae2_(HL/LG)","09/18","2019 Lake Erie","No change","SX13-11 (Mae2_(HL/LG))"
"TAIHU98",0,0.00144659403385004,0,1,1,-6.1035057255568,"Not Significant","logqc_LE_19_09_18","Lake Erie","19_09_18","2019","09","18","Mae1","09/18","2019 Lake Erie","No change","TAIHU98 (Mae1)"
"W11-03",0,0.00624387145981817,0,1,1,-6.1035057255568,"Not Significant","logqc_LE_19_09_18","Lake Erie","19_09_18","2019","09","18","Mwe","09/18","2019 Lake Erie","No change","W11-03 (Mwe)"
"W11-06",0,0,0,1,1,-6.1035057255568,"Not Significant","logqc_LE_19_09_18","Lake Erie","19_09_18","2019","09","18","Mwe","09/18","2019 Lake Erie","No change","W11-06 (Mwe)"
"W13-13",0,0.00963758644345188,0,1,1,-6.1035057255568,"Not Significant","logqc_LE_19_09_18","Lake Erie","19_09_18","2019","09","18","Mae2_(HL/LG)","09/18","2019 Lake Erie","No change","W13-13 (Mae2_(HL/LG))"
"W13-18",0,0,0,1,1,-6.1035057255568,"Not Significant","logqc_LE_19_09_18","Lake Erie","19_09_18","2019","09","18","Mae2_(LL/LG)","09/18","2019 Lake Erie","No change","W13-18 (Mae2_(LL/LG))"
"Ma_QC_C_20070823_S18D",0,0.00470352069963393,0,1,1,-6.1035057255568,"Not Significant","logqc_LE_19_09_18","Lake Erie","19_09_18","2019","09","18","Mfl_ae1","09/18","2019 Lake Erie","No change","Ma_QC_C_20070823_S18D (Mfl_ae1)"
"Mf_QC_C_20070823_S10D",0,0.00757522624448734,0,1,1,-6.1035057255568,"Not Significant","logqc_LE_19_09_18","Lake Erie","19_09_18","2019","09","18","Mfl_ae1","09/18","2019 Lake Erie","No change","Mf_QC_C_20070823_S10D (Mfl_ae1)"
"Mf_QC_C_20070823_S20",0,0,0,1,1,-6.1035057255568,"Not Significant","logqc_LE_19_09_18","Lake Erie","19_09_18","2019","09","18","Mfl_ae1","09/18","2019 Lake Erie","No change","Mf_QC_C_20070823_S20 (Mfl_ae1)"
"Mf_QC_C_20070823_S20D",0,0,0,1,1,-6.1035057255568,"Not Significant","logqc_LE_19_09_18","Lake Erie","19_09_18","2019","09","18","Mfl_ae1","09/18","2019 Lake Erie","No change","Mf_QC_C_20070823_S20D (Mfl_ae1)"
"Mf_QC_C_20070823_S20T",0,0,0,1,1,-6.1035057255568,"Not Significant","logqc_LE_19_09_18","Lake Erie","19_09_18","2019","09","18","Mfl_ae1","09/18","2019 Lake Erie","No change","Mf_QC_C_20070823_S20T (Mfl_ae1)"
"Mf_WU_F_19750830_S460",0,0.0199662542891306,0,1,1,-6.1035057255568,"Not Significant","logqc_LE_19_09_18","Lake Erie","19_09_18","2019","09","18","Mfl_ae3","09/18","2019 Lake Erie","No change","Mf_WU_F_19750830_S460 (Mfl_ae3)"
"FACHB-1757",0,0.0146020964372637,0,1,1,-6.1035057255568,"Not Significant","logqc_LE_19_09_18","Lake Erie","19_09_18","2019","09","18","Mae4","09/18","2019 Lake Erie","No change","FACHB-1757 (Mae4)"
"Mp_GB_SS_20050300_S99",0,0.011287167771039,0,1,1,-6.1035057255568,"Not Significant","logqc_LE_19_09_18","Lake Erie","19_09_18","2019","09","18","Mpa","09/18","2019 Lake Erie","No change","Mp_GB_SS_20050300_S99 (Mpa)"
"Mp_GB_SS_20050300_S99D",0,0.0713286176546508,0,1,1,-6.1035057255568,"Not Significant","logqc_LE_19_09_18","Lake Erie","19_09_18","2019","09","18","Mpa","09/18","2019 Lake Erie","No change","Mp_GB_SS_20050300_S99D (Mpa)"
"Mp_MB_F_20051200_S6",0,0.00763925243983875,0,1,1,-6.1035057255568,"Not Significant","logqc_LE_19_09_18","Lake Erie","19_09_18","2019","09","18","Mpa","09/18","2019 Lake Erie","No change","Mp_MB_F_20051200_S6 (Mpa)"
"Mp_MB_F_20051200_S6D",0,0.00542826465134461,0,1,1,-6.1035057255568,"Not Significant","logqc_LE_19_09_18","Lake Erie","19_09_18","2019","09","18","Mpa","09/18","2019 Lake Erie","No change","Mp_MB_F_20051200_S6D (Mpa)"
"Mp_MB_F_20051200_S9",0,0.0129444695602966,0,1,1,-6.1035057255568,"Not Significant","logqc_LE_19_09_18","Lake Erie","19_09_18","2019","09","18","Mpa","09/18","2019 Lake Erie","No change","Mp_MB_F_20051200_S9 (Mpa)"
"Mp_MB_F_20051200_S9D",0,0,0,1,1,-6.1035057255568,"Not Significant","logqc_LE_19_09_18","Lake Erie","19_09_18","2019","09","18","Mpa","09/18","2019 Lake Erie","No change","Mp_MB_F_20051200_S9D (Mpa)"
"Mv_BB_P_19951000_S68",0,0.000200209738925561,0,1,1,-6.1035057255568,"Not Significant","logqc_LE_19_09_18","Lake Erie","19_09_18","2019","09","18","Mvi","09/18","2019 Lake Erie","No change","Mv_BB_P_19951000_S68 (Mvi)"
"Mv_BB_P_19951000_S69D",0,0.013868195965796,0,1,1,-6.1035057255568,"Not Significant","logqc_LE_19_09_18","Lake Erie","19_09_18","2019","09","18","Mvi","09/18","2019 Lake Erie","No change","Mv_BB_P_19951000_S69D (Mvi)"
"LE013-01",0,0.00867546477728927,0,1,1,-6.1035057255568,"Not Significant","logqc_LE_19_09_18","Lake Erie","19_09_18","2019","09","18","Mae8","09/18","2019 Lake Erie","No change","LE013-01 (Mae8)"
"Mw_MB_S_20031200_S109",0,0.157347921766283,0,1,1,-6.1035057255568,"Not Significant","logqc_LE_19_09_18","Lake Erie","19_09_18","2019","09","18","Mwe","09/18","2019 Lake Erie","No change","Mw_MB_S_20031200_S109 (Mwe)"
"Mw_QC_B_20070930_S4",0,0,0,1,1,-6.1035057255568,"Not Significant","logqc_LE_19_09_18","Lake Erie","19_09_18","2019","09","18","Mwe","09/18","2019 Lake Erie","No change","Mw_QC_B_20070930_S4 (Mwe)"
"Mw_QC_B_20070930_S4D",0,0.0115942067576874,0,1,1,-6.1035057255568,"Not Significant","logqc_LE_19_09_18","Lake Erie","19_09_18","2019","09","18","Mwe","09/18","2019 Lake Erie","No change","Mw_QC_B_20070930_S4D (Mwe)"
"LE17-20C",0,0.0405752117684644,0,1,1,-6.1035057255568,"Not Significant","logqc_LE_19_09_18","Lake Erie","19_09_18","2019","09","18","Mae8","09/18","2019 Lake Erie","No change","LE17-20C (Mae8)"
"LE19-10",0,0.035897013020471,0,1,1,-6.1035057255568,"Not Significant","logqc_LE_19_09_18","Lake Erie","19_09_18","2019","09","18","Mae3_3","09/18","2019 Lake Erie","No change","LE19-10 (Mae3_3)"
"LE19-12",0,0.00848597483020087,0,1,1,-6.1035057255568,"Not Significant","logqc_LE_19_09_18","Lake Erie","19_09_18","2019","09","18","Mfl_ae1","09/18","2019 Lake Erie","No change","LE19-12 (Mfl_ae1)"
"LE19-131",0,0.0903619212896802,0,1,1,-6.1035057255568,"Not Significant","logqc_LE_19_09_18","Lake Erie","19_09_18","2019","09","18","Mae1","09/18","2019 Lake Erie","No change","LE19-131 (Mae1)"
"LE19-196",0,0.0169609752758347,0,1,1,-6.1035057255568,"Not Significant","logqc_LE_19_09_18","Lake Erie","19_09_18","2019","09","18","Mae5","09/18","2019 Lake Erie","No change","LE19-196 (Mae5)"
"LE19-197",0,0.0203531721026541,0,1,1,-6.1035057255568,"Not Significant","logqc_LE_19_09_18","Lake Erie","19_09_18","2019","09","18","Mfl_ae1","09/18","2019 Lake Erie","No change","LE19-197 (Mfl_ae1)"
"LE19-281",0,0.0185045581236523,0,1,1,-6.1035057255568,"Not Significant","logqc_LE_19_09_18","Lake Erie","19_09_18","2019","09","18","Mae3_3","09/18","2019 Lake Erie","No change","LE19-281 (Mae3_3)"
"LE19-388",0,0.00205546863257623,0,1,1,-6.1035057255568,"Not Significant","logqc_LE_19_09_18","Lake Erie","19_09_18","2019","09","18","Mfl_ae3","09/18","2019 Lake Erie","No change","LE19-388 (Mfl_ae3)"
"LE19-59",0,0.040524784548568,0,1,1,-6.1035057255568,"Not Significant","logqc_LE_19_09_18","Lake Erie","19_09_18","2019","09","18","Mae3_3","09/18","2019 Lake Erie","No change","LE19-59 (Mae3_3)"
"LE19-98",0,0.000253070833139477,0,1,1,-6.1035057255568,"Not Significant","logqc_LE_19_09_18","Lake Erie","19_09_18","2019","09","18","Mfl_ae1","09/18","2019 Lake Erie","No change","LE19-98 (Mfl_ae1)"
