Query_Name,Reference_Name,Identity_Score,Query_Coverage,Query_Length
EIDGHK_00025 HAD family phosphatase,ctg20_15_NRPS-T1PKS_26_0,98.09,99.46,738
EIDGHK_00605 pyruvate dehydrogenase (acetyl-transferring) E1 component subunit alpha,ctg2_26_samp_4305_693378_NRPS,74.57,95.75,1035
EIDGHK_01000 magnesium-protoporphyrin IX monomethyl ester (oxidative) cyclase,ctg20_16_samp_2073_1151163_NRPS,76.17,71.31,1077
EIDGHK_01020 EamA family transporter,ctg30_7_Novel-T3PKS_28_0,96.89,99.78,903
EIDGHK_01025 Uncharacterized protein sll0103,ctg30_6_Novel-T3PKS_28_0,96.4,100,1251
EIDGHK_01245 clan AA aspartic protease,ctg3_4_lanthipeptide_54_0,98.92,100,369
EIDGHK_01250 hypothetical protein,ctg3_5_lanthipeptide_54_0,100,100,276
EIDGHK_01255 hypothetical protein,ctg3_7_lanthipeptide_54_0,99.27,96.49,285
EIDGHK_01270 Tnp-DNA-bind domain-containing protein,ctg115_1_Cyanobactin_90_0,95.74,100.2,492
EIDGHK_01280 transglutaminase,ctg82_2_T3PKS-Merocyclophane_5_0,96.54,100,2313
EIDGHK_01350 DUF2288 domain-containing protein,ctg44_2_1-heptadecene_20_0,97.59,100,291
EIDGHK_01380 radical SAM protein,ctg44_8_1-heptadecene_20_0,96.03,100,807
EIDGHK_01385 penicillin-binding protein 2,ctg44_9_1-heptadecene_20_0,96.31,100,1899
EIDGHK_01395 S-(hydroxymethyl)glutathione dehydrogenase/class III alcohol dehydrogenase,ctg44_17_1-heptadecene_20_0,97.84,100,1110
EIDGHK_02025 Phosphate-starvation-inducible E family,ctg105_2_Anabaenopeptin_16_0,97.21,100,501
EIDGHK_02125 hypothetical protein,ctg27_33_T1PKS-Terpene_11_0,92.69,100,465
EIDGHK_02130 ABC transporter permease,ctg27_32_T1PKS-Terpene_11_0,97.31,100,780
EIDGHK_03150 LprI domain-containing protein,ctg20_14_NRPS-T1PKS_26_0,96.02,76.76,426
EIDGHK_03155 oxidoreductase,ctg20_13_NRPS-T1PKS_26_0,95.22,100,2238
EIDGHK_03160 hypothetical protein,ctg20_12_NRPS-T1PKS_26_0,95.27,82.22,180
EIDGHK_03305 Transposase,ctg27_30_T1PKS-Terpene_11_0,93,100,1215
EIDGHK_03315 hypothetical protein,ctg27_30_T1PKS-Terpene_11_0,93.35,99.04,942
EIDGHK_03855 ATP-dependent Clp endopeptidase proteolytic subunit ClpP,ctg83_20_lanthipeptide_21_0,75.96,74.17,600
EIDGHK_04265 hypothetical protein,ctg34_2_Bartoloside-T1PKS_18_0,95.83,100,240
EIDGHK_04285 FAD-dependent oxidoreductase,AAF00964.1_uma1_MicrocystisaeruginosaPCC7806_microcystinLR,96.78,100,2052
EIDGHK_04290 Putative restriction endonuclease,AAF00965.1_uma2_MicrocystisaeruginosaPCC7806_microcystinLR,97.34,100,564
EIDGHK_04295 adenylyl-sulfate kinase,AAF00966.1_uma3_MicrocystisaeruginosaPCC7806_microcystinLR,96.34,100.07,1527
EIDGHK_04995 cysteine--tRNA ligase,ctg82_3_T3PKS-Merocyclophane_5_0,97.3,100,1443
EIDGHK_05000 glycine/betaine ABC transporter substrate-binding protein,ctg82_4_T3PKS-Merocyclophane_5_0,97.84,100,1530
EIDGHK_05005 metal-binding protein,ctg82_5_T3PKS-Merocyclophane_5_0,97.71,100,1005
EIDGHK_05010 bifunctional orotidine-5'-phosphate decarboxylase/orotate phosphoribosyltransferase,ctg82_6_T3PKS-Merocyclophane_5_0,97.42,100,1434
EIDGHK_05015 DUF1816 domain-containing protein,ctg82_7_T3PKS-Merocyclophane_5_0,97.31,100,297
EIDGHK_05020 23S rRNA (guanosine(2251)-2'-O)-methyltransferase RlmB,ctg82_8_T3PKS-Merocyclophane_5_0,97.81,100,867
EIDGHK_05025 Mini-ribonuclease 3,ctg82_9_T3PKS-Merocyclophane_5_0,96.16,100,417
EIDGHK_05030 anti-sigma F factor antagonist,ctg82_10_T3PKS-Merocyclophane_5_0,97.15,100,351
EIDGHK_05035 carbamoyl phosphate synthase small subunit,ctg82_11_T3PKS-Merocyclophane_5_0,97.48,100,1149
EIDGHK_05040 transposase,ctg82_12_T3PKS-Merocyclophane_5_0,96.97,100,891
EIDGHK_05045 receptor ligand binding region family protein,ctg82_13_T3PKS-Merocyclophane_5_0,98.45,99.45,2733
EIDGHK_05050 AAA-like domain-containing protein,ctg82_14_T3PKS-Merocyclophane_5_0,98.96,100,1443
EIDGHK_05055 bleomycin resistance protein,ctg82_15_T3PKS-Merocyclophane_5_0,98.92,100,930
EIDGHK_05060 nitroreductase family protein,ctg82_16_T3PKS-Merocyclophane_5_0,98.79,100,663
EIDGHK_05065 AMP-binding enzyme family protein,ctg82_17_T3PKS-Merocyclophane_5_0,98.58,100,3795
EIDGHK_05070 short chain dehydrogenase,ctg82_18_T3PKS-Merocyclophane_5_0,98.73,100,5442
EIDGHK_05075 type I polyketide synthase,ctg82_19_T3PKS-Merocyclophane_5_0,98.69,100,3963
EIDGHK_05080 flavin-binding monooxygenase-like family protein,ctg82_20_T3PKS-Merocyclophane_5_0,99.09,100,1320
EIDGHK_05085 3-oxoacyl-ACP synthase,ctg82_21_T3PKS-Merocyclophane_5_0,98.55,100,1176
EIDGHK_05090 isoprenylcysteine carboxyl methyltransferase,ctg82_22_T3PKS-Merocyclophane_5_0,99.67,100,606
EIDGHK_05095 FAD-linked oxidase,ctg82_23_T3PKS-Merocyclophane_5_0,98.22,100,1632
EIDGHK_05100 MFS transporter,ctg82_24_T3PKS-Merocyclophane_5_0,98.16,100,1302
EIDGHK_05105 efflux RND transporter periplasmic adaptor subunit,ctg82_25_T3PKS-Merocyclophane_5_0,98.6,100,1356
EIDGHK_05110 acriflavine resistance protein B,ctg82_26_T3PKS-Merocyclophane_5_0,98.55,100,3099
EIDGHK_05115 Secreted effector protein PipB2,ctg82_27_T3PKS-Merocyclophane_5_0,95.64,100,780
EIDGHK_05120 hypothetical protein,ctg82_28_T3PKS-Merocyclophane_5_0,93.75,100,528
EIDGHK_05385 rhodanese-related sulfurtransferase,ctg20_3_samp_2073_1151163_NRPS,97.05,100,339
EIDGHK_05980 NHLP family bacteriocin export ABC transporter peptidase/permease/ATPase subunit,ctg109_2_RiPP-like_80_0,100,100,2217
EIDGHK_05985 NHLP bacteriocin system secretion protein,ctg109_3_RiPP-like_80_0,100,100,1611
EIDGHK_05990 RiPP maturation radical SAM protein 1,ctg109_4_RiPP-like_80_0,100,100,1920
EIDGHK_06375 hypothetical protein,ctg34_24_Bartoloside-T1PKS_18_0,98.71,100,387
EIDGHK_06385 hypothetical protein,ctg34_23_Bartoloside-T1PKS_18_0,83.49,93.16,351
EIDGHK_06400 hypothetical protein,ctg34_23_Bartoloside-T1PKS_18_0,92.56,100,336
EIDGHK_06415 ATP-dependent sacrificial sulfur transferase LarE,ctg34_20_Bartoloside-T1PKS_18_0,97.04,100,810
EIDGHK_06555 DUF4351 domain-containing protein,ctg34_26_Bartoloside-T1PKS_18_0,91.1,77.64,246
EIDGHK_06560 hypothetical protein,ctg34_26_Bartoloside-T1PKS_18_0,95.31,91.42,303
EIDGHK_06570 hypothetical protein,ctg34_27_Bartoloside-T1PKS_18_0,98.14,88.85,906
EIDGHK_06575 Uma2 family endonuclease,"AFK79997.1_AFK79997.1_MicrocystisaeruginosaPCC7005_piricyclamide7005E1,piricyclamide7005E2,piricyclamide7005E3,piricyclamide7005E4",94.78,99.83,576
EIDGHK_06580 hypothetical protein,"AFK79998.1_pirG_MicrocystisaeruginosaPCC7005_piricyclamide7005E1,piricyclamide7005E2,piricyclamide7005E3,piricyclamide7005E4",85.47,93.22,369
EIDGHK_06585 Light-repressed protein A,ctg39_6_Cyanobactin_50_0,96.5,100,600
EIDGHK_06590 heat-shock protein,ctg39_7_Cyanobactin_50_0,96.59,100,411
EIDGHK_06595 L-threonylcarbamoyladenylate synthase,ctg39_8_Cyanobactin_50_0,97.2,100,642
EIDGHK_06600 nickel pincer cofactor biosynthesis protein LarC,ctg39_9_Cyanobactin_50_0,96.19,100,1182
EIDGHK_06605 DUF29 domain-containing protein,ctg39_10_Cyanobactin_50_0,95.81,100.22,453
EIDGHK_06740 Phosphomannomutase,ctg82_29_T3PKS-Merocyclophane_5_0,86.23,74.23,489
EIDGHK_06745 Phosphomannomutase,ctg82_29_T3PKS-Merocyclophane_5_0,98.58,100,423
EIDGHK_06750 serine/threonine protein kinase,ctg82_30_T3PKS-Merocyclophane_5_0,95.79,101.16,1548
EIDGHK_06755 rhodanese-related sulfurtransferase,ctg82_31_T3PKS-Merocyclophane_5_0,96.92,99.75,813
EIDGHK_06765 DNA repair protein RecO,ctg82_32_T3PKS-Merocyclophane_5_0,97.7,100.13,780
EIDGHK_06770 arabinose efflux permease,ctg82_33_T3PKS-Merocyclophane_5_0,97.79,100,1491
EIDGHK_06775 flagellar assembly protein H,ctg82_34_T3PKS-Merocyclophane_5_0,95.77,77.17,981
EIDGHK_06785 Uncharacterised protein family (UPF0175),ctg82_35_T3PKS-Merocyclophane_5_0,95.12,100,246
EIDGHK_06790 DUF3368 domain-containing protein,ctg82_36_T3PKS-Merocyclophane_5_0,95.78,100,498
EIDGHK_06885 peptidase S8,"AFK79998.1_pirG_MicrocystisaeruginosaPCC7005_piricyclamide7005E1,piricyclamide7005E2,piricyclamide7005E3,piricyclamide7005E4",92.76,98.76,2097
EIDGHK_06890 Putative restriction endonuclease,"AFK79997.1_AFK79997.1_MicrocystisaeruginosaPCC7005_piricyclamide7005E1,piricyclamide7005E2,piricyclamide7005E3,piricyclamide7005E4",94.69,99.87,792
EIDGHK_06900 Uma2 family endonuclease,ctg13_4_Cyanobactin_64_0,93.86,99.54,654
EIDGHK_06910 Putative restriction endonuclease,ctg13_2_Cyanobactin_64_0,91.01,100,567
EIDGHK_06915 transposase,ctg13_6_Cyanobactin_64_0,96.93,100,261
EIDGHK_06945 hypothetical protein,"AED99440.1_AED99440.1_PlanktothrixagardhiiNIES-596_prenylagaramideB,prenylagaramideC",84.89,80.65,279
EIDGHK_06950 hypothetical protein,"AED99441.1_AED99441.1_PlanktothrixagardhiiNIES-596_prenylagaramideB,prenylagaramideC",90.62,100,288
EIDGHK_07225 BarH protein,ctg5_2_RRE-containing_23_0,100,100,1086
EIDGHK_07230 hypothetical protein,ctg5_3_RRE-containing_23_0,100,100,198
EIDGHK_07235 CopG family transcriptional regulator,ctg5_4_RRE-containing_23_0,100,100,255
EIDGHK_07240 hypothetical protein,ctg5_5_RRE-containing_23_0,100,79.17,216
EIDGHK_07245 hypothetical protein,ctg5_6_RRE-containing_23_0,100,100,408
EIDGHK_07250 hypothetical protein,ctg5_7_RRE-containing_23_0,100,100,411
EIDGHK_07255 Inclusion body protein,ctg5_8_RRE-containing_23_0,100,100,498
EIDGHK_07260 Aspartyl protease,ctg5_9_RRE-containing_23_0,100,100,366
EIDGHK_07265 hypothetical protein,ctg5_10_RRE-containing_23_0,100,100,318
EIDGHK_07270 hypothetical protein,ctg5_12_RRE-containing_23_0,100,100,273
EIDGHK_07275 DUF1778 domain-containing protein,ctg5_13_RRE-containing_23_0,100,100,291
EIDGHK_07280 GNAT family N-acetyltransferase,ctg5_14_RRE-containing_23_0,100,100,495
EIDGHK_07285 Phage-related protein,ctg5_15_RRE-containing_23_0,100,100,252
EIDGHK_07290 XRE family transcriptional regulator,ctg5_16_RRE-containing_23_0,100,100,300
EIDGHK_07295 adenylate cyclase,ctg5_21_RRE-containing_23_0,96.35,100,192
EIDGHK_07305 DUF1902 domain-containing protein,ctg5_19_RRE-containing_23_0,100,100,225
EIDGHK_07310 YcfA family protein,ctg5_20_RRE-containing_23_0,100,100,228
EIDGHK_07315 adenylate cyclase,ctg5_21_RRE-containing_23_0,100,100,2298
EIDGHK_07320 Antitoxin,ctg5_22_RRE-containing_23_0,100,100,222
EIDGHK_07325 type II toxin-antitoxin system prevent-host-death family antitoxin,ctg5_23_RRE-containing_23_0,100,100,219
EIDGHK_07330 Type II toxin-antitoxin system VapC family toxin,ctg5_24_RRE-containing_23_0,100,100,147
EIDGHK_07345 ferredoxin,ctg5_26_RRE-containing_23_0,100,100,318
EIDGHK_07350 CTP synthase,ctg5_27_RRE-containing_23_0,100,100,1641
EIDGHK_07355 hypothetical protein,ctg5_28_RRE-containing_23_0,100,100,354
EIDGHK_07360 ABC transporter permease,ctg5_29_RRE-containing_23_0,100,100,771
EIDGHK_07365 ABC transporter substrate-binding protein,ctg5_30_RRE-containing_23_0,100,100,1209
EIDGHK_07370 ABC transporter ATP-binding protein,ctg5_31_RRE-containing_23_0,100,100,783
EIDGHK_07375 acyl-CoA dehydrogenase,ctg5_32_RRE-containing_23_0,100,100,1116
EIDGHK_07380 DUF4242 domain-containing protein,ctg5_33_RRE-containing_23_0,100,100,531
EIDGHK_08090 carotenoid biosynthesis protein,ctg30_17_Novel-T3PKS_28_0,98.03,100,915
EIDGHK_08095 Non-specific serine/threonine protein kinase,ctg30_16_Novel-T3PKS_28_0,93.07,99.42,1539
EIDGHK_08105 DUF1957 domain-containing protein,ctg30_15_Novel-T3PKS_28_0,97.48,100,1590
EIDGHK_08110 histidine kinase,ctg30_14_Novel-T3PKS_28_0,96.54,100,1155
EIDGHK_08115 alpha/beta hydrolase,ctg30_13_Novel-T3PKS_28_0,95.05,100,828
EIDGHK_08125 ribonuclease III,ctg30_12_Novel-T3PKS_28_0,95.46,100,705
EIDGHK_08130 WD40 repeat domain-containing protein,ctg30_11_Novel-T3PKS_28_0,95.45,99.91,1056
EIDGHK_08135 hypothetical protein,ctg30_10_Novel-T3PKS_28_0,95.92,100,294
EIDGHK_08175 hypothetical protein,ctg36_5_NRPS-like_34_0,96.85,100,381
EIDGHK_08185 recombinase B,ctg36_6_NRPS-like_34_0,97.14,100,1434
EIDGHK_08190 cysteine lyase,ctg36_7_NRPS-like_34_0,96.38,100,1215
"EIDGHK_08195 Superfamily II DNA/RNA helicases, SNF2 family",ctg36_8_NRPS-like_34_0,95.92,99.54,3030
EIDGHK_08220 hypothetical protein,ctg36_2_NRPS-like_34_0,97.56,100,615
EIDGHK_08580 glutathione peroxidase,ctg83_3_lanthipeptide_21_0,97.68,100,732
EIDGHK_08585 undecaprenyl-diphosphate phosphatase,ctg83_4_lanthipeptide_21_0,98.73,100,948
EIDGHK_08590 alpha/beta hydrolase,ctg83_18_lanthipeptide_21_0,96.84,87.24,870
EIDGHK_08600 ATP-dependent protease ATP-binding subunit ClpX,ctg83_19_lanthipeptide_21_0,98.43,100,1335
EIDGHK_08605 ATP-dependent Clp endopeptidase proteolytic subunit ClpP,ctg83_20_lanthipeptide_21_0,98.84,85.9,702
EIDGHK_08610 trigger factor,ctg83_21_lanthipeptide_21_0,96.62,99.78,1392
EIDGHK_08615 aspartate-semialdehyde dehydrogenase,ctg83_22_lanthipeptide_21_0,97.78,100,1038
EIDGHK_08620 4-hydroxy-tetrahydrodipicolinate synthase,ctg83_23_lanthipeptide_21_0,96.2,100,894
EIDGHK_08625 ribonuclease J,ctg83_24_lanthipeptide_21_0,97.31,100,1749
EIDGHK_08630 nickel pincer cofactor biosynthesis protein LarB,ctg83_25_lanthipeptide_21_0,97.41,100,771
EIDGHK_08635 1-deoxy-D-xylulose-5-phosphate synthase,ctg83_26_lanthipeptide_21_0,98.02,76.71,1911
EIDGHK_09175 glycogen debranching protein,ctg28_3_RiPP-like_84_0,96.19,100,210
EIDGHK_09180 Dolichyl-phosphate-mannose-protein mannosyltransferase,ctg28_2_RiPP-like_84_0,96.79,100,1680
EIDGHK_09185 hypothetical protein,ctg28_1_RiPP-like_84_0,98.16,100.62,324
EIDGHK_09410 tRNA uridine-5-carboxymethylaminomethyl(34) synthesis enzyme MnmG,ctg1_9_samp_4305_554341_lanthipeptide-class-v,73.81,89.05,1908
EIDGHK_10455 transposase,ctg27_30_T1PKS-Terpene_11_0,92.3,100,1260
EIDGHK_11260 imidazole glycerol phosphate synthase subunit HisH,ctg13_7_Cyanobactin_64_0,96.56,100,639
EIDGHK_11265 ABC transporter ATP-binding protein,ctg13_8_Cyanobactin_64_0,96.68,100,753
EIDGHK_11270 branched-chain amino acid ABC transporter permease,ctg13_9_Cyanobactin_64_0,98.03,100,1116
EIDGHK_11275 DNA-binding response regulator,ctg13_10_Cyanobactin_64_0,99.09,90.5,726
EIDGHK_11280 protein tyrosine phosphatase,ctg13_11_Cyanobactin_64_0,99.23,100,519
EIDGHK_11285 hypothetical protein,ctg13_12_Cyanobactin_64_0,99.32,100,294
EIDGHK_11290 DUF2834 domain-containing protein,ctg13_13_Cyanobactin_64_0,97.97,100,639
EIDGHK_11375 phosphoadenosine phosphosulfate reductase,ctg27_34_T1PKS-Terpene_11_0,97.45,100,822
EIDGHK_11380 hydrolase,ctg27_35_T1PKS-Terpene_11_0,97.51,97.23,867
EIDGHK_11385 GTPase,ctg27_40_T1PKS-Terpene_11_0,96.81,98.88,1872
"EIDGHK_11390 3'(2'),5'-bisphosphate nucleotidase CysQ",ctg27_41_T1PKS-Terpene_11_0,96.35,100,876
EIDGHK_12765 hypothetical protein,ctg36_3_NRPS-like_34_0,96.34,97.62,336
EIDGHK_12775 methylthioribulose 1-phosphate dehydratase,ctg36_4_NRPS-like_34_0,96.28,100,618
EIDGHK_13480 recombinase RecQ,ctg3_13_lanthipeptide_54_0,97.38,100,1452
EIDGHK_13485 DUF3285 domain-containing protein,ctg3_14_lanthipeptide_54_0,93.55,100,186
EIDGHK_13490 rRNA maturation RNase YbeY,ctg3_15_lanthipeptide_54_0,96.47,100,510
EIDGHK_13495 diacylglycerol kinase,ctg3_16_lanthipeptide_54_0,95.3,100,489
EIDGHK_13500 DUF4327 domain-containing protein,ctg3_17_lanthipeptide_54_0,98.75,100,240
EIDGHK_13565 glycine cleavage system aminomethyltransferase GcvT,ctg34_19_Bartoloside-T1PKS_18_0,96.39,100,1107
EIDGHK_13570 NFACT N-terminal and middle domains,ctg34_5_Bartoloside-T1PKS_18_0,95.67,100,1731
EIDGHK_13655 5S ribosomal RNA,ctg44_1_1-heptadecene_20_0,100,88.98,118
EIDGHK_14160 lipoprotein NlpI,ctg27_2_T1PKS-Terpene_11_0,97.27,99.9,954
EIDGHK_14165 DEAD/DEAH box helicase,ctg27_3_T1PKS-Terpene_11_0,97.23,100,2928
EIDGHK_14170 ABC transporter substrate-binding protein,ctg27_5_T1PKS-Terpene_11_0,96.93,100,783
EIDGHK_14175 Tetratricopeptide TPR_1 repeat-containing protein,ctg27_6_T1PKS-Terpene_11_0,96.28,100,537
EIDGHK_14180 SLC13 family permease,ctg27_7_T1PKS-Terpene_11_0,96,100,1800
EIDGHK_14185 magnesium-transporting ATPase,ctg27_8_T1PKS-Terpene_11_0,96.8,100.04,2781
EIDGHK_14190 15-cis-phytoene desaturase,ctg27_9_T1PKS-Terpene_11_0,97.55,100,1431
EIDGHK_14195 phytoene synthase,ctg27_10_T1PKS-Terpene_11_0,97.86,100,933
EIDGHK_14200 hypothetical protein,ctg27_11_T1PKS-Terpene_11_0,96.76,100,339
EIDGHK_14205 hypothetical protein,ctg27_12_T1PKS-Terpene_11_0,94.61,99.18,243
EIDGHK_14210 pirin family protein,ctg27_13_T1PKS-Terpene_11_0,95.38,99.86,693
EIDGHK_14355 aluminum resistance family protein,ctg30_5_Novel-T3PKS_28_0,97.21,99.43,1224
EIDGHK_14570 reactive intermediate/imine deaminase,ctg39_13_Cyanobactin_50_0,98.72,100,390
EIDGHK_14575 DNA-directed RNA polymerase subunit gamma,ctg39_14_Cyanobactin_50_0,98.56,100,1881
EIDGHK_15045 ISL3 family transposase,AAF00967.1_uma4_MicrocystisaeruginosaPCC7806_microcystinLR,96.86,100,1020
EIDGHK_15050 N-terminal part of Q9RNA5_MICAE Uma4,AAF00967.1_uma4_MicrocystisaeruginosaPCC7806_microcystinLR,98.75,98.77,81
EIDGHK_15730 hypothetical protein,ctg71_3_T1PKS_51_0,95.73,100,351
EIDGHK_15735 AAA family ATPase,ctg71_4_T1PKS_51_0,97.09,100,1512
EIDGHK_15740 DUF1257 domain-containing protein,ctg71_5_T1PKS_51_0,98.02,81.38,435
EIDGHK_15745 SAM-dependent methyltransferase,ctg71_6_T1PKS_51_0,98.15,100.15,648
EIDGHK_16690 Esterase PHB depolymerase,ctg75_1_T1PKS_37_0,100,100,1032
EIDGHK_16695 HlyD family secretion protein,ctg75_2_T1PKS_37_0,100,99.77,2598
EIDGHK_16700 6-deoxyerythronolide-B synthase,ctg75_3_T1PKS_37_0,100,100,4584
EIDGHK_16705 acyl carrier protein,ctg75_4_T1PKS_37_0,100,100,303
EIDGHK_16710 phosphodiesterase,ctg75_5_T1PKS_37_0,100,100,1599
EIDGHK_16715 hypothetical protein,ctg75_6_T1PKS_37_0,100,100,126
EIDGHK_16720 alpha/beta hydrolase,ctg75_7_T1PKS_37_0,100,100,885
EIDGHK_16725 NAD(P)-dependent oxidoreductase,ctg75_8_T1PKS_37_0,100,100,759
EIDGHK_16730 NAD(P)-dependent oxidoreductase,ctg75_9_T1PKS_37_0,100,100,774
EIDGHK_16735 hypothetical protein,ctg75_10_T1PKS_37_0,100,100,1491
EIDGHK_16740 sulfotransferase family protein,ctg75_11_T1PKS_37_0,100,100,960
EIDGHK_16745 TIGR03032 family protein,ctg75_12_T1PKS_37_0,100,100,1065
EIDGHK_16750 hypothetical protein,ctg75_13_T1PKS_37_0,100,100,270
EIDGHK_16885 IS4 family transposase,ctg115_1_Cyanobactin_90_0,99.34,98.28,1392
EIDGHK_17295 Putative cytoplasmic protein,ctg82_34_T3PKS-Merocyclophane_5_0,92.12,100.25,405
EIDGHK_17300 DUF4351 domain-containing protein,ctg82_34_T3PKS-Merocyclophane_5_0,92.74,100.92,546
EIDGHK_17975 aromatic ring-hydroxylating dioxygenase subunit alpha,ctg35_9_hglE-KS_45_0,98.1,100,1104
EIDGHK_17980 hypothetical protein,ctg35_8_hglE-KS_45_0,99.31,71.06,819
EIDGHK_17985 Beta-barrel assembly-enhancing protease,ctg35_7_hglE-KS_45_0,98.93,100,933
EIDGHK_17990 metalloenzyme,ctg35_6_hglE-KS_45_0,98.93,100,840
EIDGHK_17995 class I SAM-dependent methyltransferase,ctg35_5_hglE-KS_45_0,97.97,100,885
EIDGHK_18000 GTP-binding protein,ctg35_4_hglE-KS_45_0,98.85,100,954
EIDGHK_18005 6-deoxyerythronolide-B synthase,ctg35_3_hglE-KS_45_0,98.09,100.02,5913
EIDGHK_18010 polyketide synthase,ctg35_2_hglE-KS_45_0,98.09,100,2460
EIDGHK_18545 2TM domain-containing protein,ctg71_11_T1PKS_51_0,98.04,100,255
EIDGHK_18550 thylakoid-associated protein,ctg71_10_T1PKS_51_0,96.04,100,303
EIDGHK_18555 alanine dehydrogenase,ctg71_9_T1PKS_51_0,96.87,97.05,1119
EIDGHK_18560 restriction endonuclease,ctg71_8_T1PKS_51_0,98.08,100,780
EIDGHK_18980 glutamate--cysteine ligase,ctg30_9_Novel-T3PKS_28_0,96.52,99.39,1155
EIDGHK_18985 resolvase,ctg30_8_Novel-T3PKS_28_0,95.42,100,393
EIDGHK_20510 hypothetical protein,ctg30_4_Novel-T3PKS_28_0,97.45,77.4,354
EIDGHK_21405 DUF1995 domain-containing protein,ctg105_6_Anabaenopeptin_16_0,96.91,100,744
EIDGHK_21410 hypothetical protein,ctg105_5_Anabaenopeptin_16_0,96.34,100,273
EIDGHK_21420 flavin oxidoreductase,ctg105_3_Anabaenopeptin_16_0,96.56,100,1746
"EIDGHK_00005 Putative nuclease, containings PIN domain, putative toxin-antitoxin system component",Unmatched,0,0,0
EIDGHK_00010 hypothetical protein,Unmatched,0,0,0
EIDGHK_00015 type II toxin-antitoxin system VapC family toxin,Unmatched,0,0,0
EIDGHK_00020 hypothetical protein,Unmatched,0,0,0
EIDGHK_00030 tRNA-Gly(tcc),Unmatched,0,0,0
EIDGHK_00035 4-alpha-glucanotransferase,Unmatched,0,0,0
EIDGHK_00040 hypothetical protein,Unmatched,0,0,0
EIDGHK_00045 ornithine carbamoyltransferase,Unmatched,0,0,0
EIDGHK_00050 Tubulin like,Unmatched,0,0,0
EIDGHK_00055 ribonuclease Z,Unmatched,0,0,0
EIDGHK_00060 Uncharacterized protein sll1735,Unmatched,0,0,0
EIDGHK_00065 hypothetical protein,Unmatched,0,0,0
"EIDGHK_00070 1,4-alpha-glucan branching enzyme",Unmatched,0,0,0
EIDGHK_00075 TatA/E family twin arginine-targeting protein translocase,Unmatched,0,0,0
EIDGHK_00080 photosystem II reaction center protein PsbH,Unmatched,0,0,0
EIDGHK_00085 superoxide dismutase [Fe],Unmatched,0,0,0
EIDGHK_00090 alpha/beta hydrolase,Unmatched,0,0,0
EIDGHK_00095 S-adenosyl-L-methionine-dependent methyltransferase,Unmatched,0,0,0
EIDGHK_00100 hypothetical protein,Unmatched,0,0,0
EIDGHK_00105 ABC transporter ATP-binding protein,Unmatched,0,0,0
EIDGHK_00110 dynamin family protein,Unmatched,0,0,0
EIDGHK_00115 competence protein ComE,Unmatched,0,0,0
EIDGHK_00120 DUF2488 domain-containing protein,Unmatched,0,0,0
EIDGHK_00125 pyridoxine 5'-phosphate synthase,Unmatched,0,0,0
EIDGHK_00130 YbaB/EbfC family nucleoid-associated protein,Unmatched,0,0,0
EIDGHK_00135 meta domain protein,Unmatched,0,0,0
EIDGHK_00140 Beta-hexosaminidase,Unmatched,0,0,0
EIDGHK_00145 iron ABC transporter substrate-binding protein,Unmatched,0,0,0
EIDGHK_00150 DUF3153 domain-containing protein,Unmatched,0,0,0
EIDGHK_00155 class 1 fructose-bisphosphatase,Unmatched,0,0,0
EIDGHK_00160 ATP-binding protein,Unmatched,0,0,0
EIDGHK_00165 TIGR02646 family protein,Unmatched,0,0,0
EIDGHK_00170 cation:proton antiporter,Unmatched,0,0,0
EIDGHK_00175 cation:proton antiporter,Unmatched,0,0,0
EIDGHK_00180 cation:proton antiporter,Unmatched,0,0,0
EIDGHK_00185 Na+/H+ antiporter complex subunit F MrpF,Unmatched,0,0,0
EIDGHK_00190 sodium:proton antiporter,Unmatched,0,0,0
EIDGHK_00195 DUF4040 domain-containing protein,Unmatched,0,0,0
EIDGHK_00200 cation:proton antiporter,Unmatched,0,0,0
EIDGHK_00205 calcium-binding protein,Unmatched,0,0,0
EIDGHK_00210 signal peptidase I,Unmatched,0,0,0
EIDGHK_00215 ribose-phosphate pyrophosphokinase,Unmatched,0,0,0
EIDGHK_00220 translational GTPase TypA,Unmatched,0,0,0
EIDGHK_00225 transposase,Unmatched,0,0,0
EIDGHK_00230 epimerase,Unmatched,0,0,0
EIDGHK_00235 photosynthetic/respiratory NAD(P)H-quinone oxidoreductase subunit H,Unmatched,0,0,0
EIDGHK_00240 Similarity,Unmatched,0,0,0
EIDGHK_00245 Similarity,Unmatched,0,0,0
EIDGHK_00250 AAA domain-containing protein,Unmatched,0,0,0
EIDGHK_00255 FGE-sulfatase domain-containing protein,Unmatched,0,0,0
EIDGHK_00260 DNA topoisomerase (ATP-hydrolyzing) subunit B,Unmatched,0,0,0
EIDGHK_00265 BrnT family toxin,Unmatched,0,0,0
EIDGHK_00270 cytidine deaminase,Unmatched,0,0,0
EIDGHK_00275 protease HtpX,Unmatched,0,0,0
EIDGHK_00280 cobalamin biosynthesis protein CbiM,Unmatched,0,0,0
EIDGHK_00285 cobalt transport protein,Unmatched,0,0,0
EIDGHK_00290 cobalt ECF transporter T component CbiQ,Unmatched,0,0,0
EIDGHK_00295 cobalt ABC transporter ATP-binding protein,Unmatched,0,0,0
EIDGHK_00300 PBS lyase,Unmatched,0,0,0
EIDGHK_00305 glycoside hydrolase,Unmatched,0,0,0
EIDGHK_00310 Putative addiction module antidote protein,Unmatched,0,0,0
"EIDGHK_00315 Death on curing protein, Doc toxin",Unmatched,0,0,0
EIDGHK_00320 AbrB/MazE/SpoVT family DNA-binding domain-containing protein,Unmatched,0,0,0
EIDGHK_00325 HTH merR-type domain-containing protein,Unmatched,0,0,0
EIDGHK_00330 hypothetical protein,Unmatched,0,0,0
EIDGHK_00335 heavy metal-responsive transcriptional regulator,Unmatched,0,0,0
EIDGHK_00340 phycobiliprotein lyase,Unmatched,0,0,0
EIDGHK_00345 glycosyltransferase,Unmatched,0,0,0
EIDGHK_00350 glycosyl transferase family 1,Unmatched,0,0,0
"EIDGHK_00355 GDP-mannose 4,6-dehydratase",Unmatched,0,0,0
EIDGHK_00360 glycosyltransferase,Unmatched,0,0,0
EIDGHK_00365 glycosyl transferase family 2,Unmatched,0,0,0
EIDGHK_00370 dihydroneopterin aldolase,Unmatched,0,0,0
EIDGHK_00375 NADPH-dependent FMN reductase,Unmatched,0,0,0
EIDGHK_00380 antibiotic biosynthesis monooxygenase,Unmatched,0,0,0
EIDGHK_00385 rhomboid family intramembrane serine protease,Unmatched,0,0,0
EIDGHK_00390 endonuclease III,Unmatched,0,0,0
EIDGHK_00395 RIP metalloprotease RseP,Unmatched,0,0,0
EIDGHK_00400 phycobilisome protein,Unmatched,0,0,0
EIDGHK_00405 fibrillin,Unmatched,0,0,0
EIDGHK_00410 hypothetical protein,Unmatched,0,0,0
EIDGHK_00415 UDP-N-acetylmuramoyl-tripeptide--D-alanyl-D-alanine ligase,Unmatched,0,0,0
EIDGHK_00420 hypothetical protein,Unmatched,0,0,0
EIDGHK_00425 phosphoribosylamine--glycine ligase,Unmatched,0,0,0
EIDGHK_00430 glycosyltransferase WbuB,Unmatched,0,0,0
EIDGHK_00435 CPBP family intramembrane metalloprotease domain-containing protein,Unmatched,0,0,0
EIDGHK_00440 iron-sulfur cluster biosynthesis transcriptional regulator SufR,Unmatched,0,0,0
EIDGHK_00445 Fe-S cluster assembly protein SufB,Unmatched,0,0,0
EIDGHK_00450 Fe-S cluster assembly ATPase SufC,Unmatched,0,0,0
EIDGHK_00455 Fe-S cluster assembly protein SufD,Unmatched,0,0,0
EIDGHK_00460 cysteine desulfurase,Unmatched,0,0,0
EIDGHK_00465 RNA pseudouridine synthase,Unmatched,0,0,0
EIDGHK_00470 tRNA-Phe(gaa),Unmatched,0,0,0
EIDGHK_00475 hypothetical protein,Unmatched,0,0,0
EIDGHK_00480 Integrase family protein,Unmatched,0,0,0
EIDGHK_00485 DUF4164 domain-containing protein,Unmatched,0,0,0
EIDGHK_00490 DUF4164 domain-containing protein,Unmatched,0,0,0
EIDGHK_00495 undecaprenyl-phosphate alpha-N-acetylglucosaminyl 1-phosphate transferase,Unmatched,0,0,0
EIDGHK_00500 Serine hydroxymethyltransferase,Unmatched,0,0,0
EIDGHK_00505 phosphoenolpyruvate carboxylase,Unmatched,0,0,0
EIDGHK_00510 hypothetical protein,Unmatched,0,0,0
EIDGHK_00515 cell division topological specificity factor MinE,Unmatched,0,0,0
EIDGHK_00520 septum site-determining protein MinD,Unmatched,0,0,0
EIDGHK_00525 septum site-determining protein MinC,Unmatched,0,0,0
EIDGHK_00530 peptidase,Unmatched,0,0,0
EIDGHK_00535 homoserine dehydrogenase,Unmatched,0,0,0
EIDGHK_00540 hypothetical protein,Unmatched,0,0,0
EIDGHK_00545 glycolate oxidase,Unmatched,0,0,0
EIDGHK_00550 FAD-binding oxidoreductase,Unmatched,0,0,0
EIDGHK_00555 aspartate aminotransferase,Unmatched,0,0,0
EIDGHK_00560 DNA repair protein RadC,Unmatched,0,0,0
EIDGHK_00565 DUF4164 domain-containing protein,Unmatched,0,0,0
EIDGHK_00570 Phosphoribosylformylglycinamidine cyclo-ligase,Unmatched,0,0,0
"EIDGHK_00575 7,8-didemethyl-8-hydroxy-5-deazariboflavin synthase subunit CofH",Unmatched,0,0,0
EIDGHK_00580 photosystem II biogenesis protein Psp29,Unmatched,0,0,0
EIDGHK_00585 SsrA-binding protein SmpB,Unmatched,0,0,0
EIDGHK_00590 DUF2808 domain-containing protein,Unmatched,0,0,0
EIDGHK_00595 stress-induced bacterial acidophilic repeat motif family protein,Unmatched,0,0,0
EIDGHK_00600 IscS subfamily cysteine desulfurase,Unmatched,0,0,0
EIDGHK_00610 molecular chaperone DnaJ,Unmatched,0,0,0
EIDGHK_00615 SIMPL domain-containing protein,Unmatched,0,0,0
EIDGHK_00620 signal recognition particle protein,Unmatched,0,0,0
EIDGHK_00625 thiamine-phosphate kinase,Unmatched,0,0,0
EIDGHK_00630 MBL fold metallo-hydrolase,Unmatched,0,0,0
EIDGHK_00635 site-2 protease family protein,Unmatched,0,0,0
EIDGHK_00640 DUF218 domain-containing protein,Unmatched,0,0,0
EIDGHK_00645 calcium/proton exchanger,Unmatched,0,0,0
EIDGHK_00650 16S rRNA (guanine(527)-N(7))-methyltransferase RsmG,Unmatched,0,0,0
EIDGHK_00655 Restriction endonuclease,Unmatched,0,0,0
EIDGHK_00660 Stress induced hydrophobic peptide,Unmatched,0,0,0
EIDGHK_00665 AbrB family transcriptional regulator,Unmatched,0,0,0
EIDGHK_00670 transcriptional regulator,Unmatched,0,0,0
EIDGHK_00675 GFA family protein,Unmatched,0,0,0
EIDGHK_00680 adenosylcobinamide-phosphate synthase CbiB,Unmatched,0,0,0
EIDGHK_00685 hypothetical protein,Unmatched,0,0,0
EIDGHK_00690 1-acyl-sn-glycerol-3-phosphate acyltransferase,Unmatched,0,0,0
EIDGHK_00695 Cyano-1 RNA,Unmatched,0,0,0
EIDGHK_00700 hypothetical protein,Unmatched,0,0,0
EIDGHK_00705 hypothetical protein,Unmatched,0,0,0
EIDGHK_00710 hypothetical protein,Unmatched,0,0,0
EIDGHK_00715 hypothetical protein,Unmatched,0,0,0
EIDGHK_00720 dethiobiotin synthase,Unmatched,0,0,0
EIDGHK_00725 biosynthetic-type acetolactate synthase large subunit,Unmatched,0,0,0
EIDGHK_00730 phosphoglycerate dehydrogenase,Unmatched,0,0,0
EIDGHK_00735 50S ribosomal protein L11 methyltransferase,Unmatched,0,0,0
EIDGHK_00740 Molybdenum cofactor biosynthesis protein MoaE,Unmatched,0,0,0
EIDGHK_00745 Bacterial archaeo-eukaryotic release factor family 3,Unmatched,0,0,0
EIDGHK_00750 B12-binding domain-containing radical SAM protein,Unmatched,0,0,0
EIDGHK_00755 putative high light inducible protein,Unmatched,0,0,0
EIDGHK_00760 tRNA preQ1(34) S-adenosylmethionine ribosyltransferase-isomerase QueA,Unmatched,0,0,0
EIDGHK_00765 hypothetical protein,Unmatched,0,0,0
EIDGHK_00770 hypothetical protein,Unmatched,0,0,0
EIDGHK_00775 TPR repeat-containing protein,Unmatched,0,0,0
EIDGHK_00780 endonuclease/exonuclease/phosphatase,Unmatched,0,0,0
EIDGHK_00785 NYN domain-containing protein,Unmatched,0,0,0
EIDGHK_00790 sulfurtransferase,Unmatched,0,0,0
EIDGHK_00795 ATP-binding protein,Unmatched,0,0,0
EIDGHK_00800 regulator,Unmatched,0,0,0
EIDGHK_00805 anti-sigma factor antagonist,Unmatched,0,0,0
EIDGHK_00810 NAD(P)/FAD-dependent oxidoreductase,Unmatched,0,0,0
EIDGHK_00815 DUF3782 domain-containing protein,Unmatched,0,0,0
EIDGHK_00820 Antitoxin,Unmatched,0,0,0
EIDGHK_00825 Plasmid stabilization protein,Unmatched,0,0,0
"EIDGHK_00830 HicA toxin of bacterial toxin-antitoxin,",Unmatched,0,0,0
EIDGHK_00835 HicB-like domain-containing protein,Unmatched,0,0,0
EIDGHK_00840 hypothetical protein,Unmatched,0,0,0
EIDGHK_00845 potassium-transporting ATPase subunit C,Unmatched,0,0,0
EIDGHK_00850 AbrB/MazE/SpoVT family DNA-binding domain-containing protein,Unmatched,0,0,0
EIDGHK_00855 hypothetical protein,Unmatched,0,0,0
EIDGHK_00860 ion transporter,Unmatched,0,0,0
EIDGHK_00865 HNH endonuclease,Unmatched,0,0,0
EIDGHK_00870 hypothetical protein,Unmatched,0,0,0
EIDGHK_00875 hypothetical protein,Unmatched,0,0,0
EIDGHK_00880 aminotransferase DegT,Unmatched,0,0,0
EIDGHK_00885 polyprenol monophosphomannose synthase,Unmatched,0,0,0
EIDGHK_00890 hypothetical protein,Unmatched,0,0,0
EIDGHK_00895 Putative cytoplasmic protein,Unmatched,0,0,0
EIDGHK_00900 Putative cytoplasmic protein,Unmatched,0,0,0
EIDGHK_00905 hypothetical protein,Unmatched,0,0,0
EIDGHK_00910 hypothetical protein,Unmatched,0,0,0
EIDGHK_00915 tRNA-Thr(cgt),Unmatched,0,0,0
EIDGHK_00920 DUF3493 domain-containing protein,Unmatched,0,0,0
EIDGHK_00925 RNA-binding protein,Unmatched,0,0,0
EIDGHK_00930 glycogen phosphorylase,Unmatched,0,0,0
EIDGHK_00935 DUF1350 domain-containing protein,Unmatched,0,0,0
EIDGHK_00940 uridine phosphorylase,Unmatched,0,0,0
EIDGHK_00945 RloB domain-containing protein,Unmatched,0,0,0
EIDGHK_00950 abortive infection protein,Unmatched,0,0,0
EIDGHK_00955 ferredoxin:protochlorophyllide reductase (ATP-dependent) subunit N,Unmatched,0,0,0
EIDGHK_00960 DUF5331 domain-containing protein,Unmatched,0,0,0
EIDGHK_00965 ferredoxin:protochlorophyllide reductase (ATP-dependent) iron-sulfur ATP-binding protein,Unmatched,0,0,0
EIDGHK_00970 hypothetical protein,Unmatched,0,0,0
EIDGHK_00975 hypothetical protein,Unmatched,0,0,0
EIDGHK_00980 hypothetical protein,Unmatched,0,0,0
EIDGHK_00985 hypothetical protein,Unmatched,0,0,0
EIDGHK_00990 hypothetical protein,Unmatched,0,0,0
EIDGHK_00995 zinc ribbon domain-containing protein,Unmatched,0,0,0
EIDGHK_01005 ApeA-NTD1 domain-containing protein,Unmatched,0,0,0
EIDGHK_01010 hypothetical protein,Unmatched,0,0,0
EIDGHK_01015 Gll3965 protein,Unmatched,0,0,0
EIDGHK_01030 restriction endonuclease,Unmatched,0,0,0
EIDGHK_01035 iron-sulfur cluster assembly accessory protein,Unmatched,0,0,0
EIDGHK_01040 Glycosyltransferase,Unmatched,0,0,0
EIDGHK_01045 hypothetical protein,Unmatched,0,0,0
EIDGHK_01050 hypothetical protein,Unmatched,0,0,0
"EIDGHK_01055 Mycobacterial 4 TMS phage holin, superfamily IV",Unmatched,0,0,0
EIDGHK_01060 RluA family pseudouridine synthase,Unmatched,0,0,0
EIDGHK_01065 saccharopine dehydrogenase-like oxidoreductase,Unmatched,0,0,0
EIDGHK_01070 DUF2997 domain-containing protein,Unmatched,0,0,0
EIDGHK_01075 DUF1257 domain-containing protein,Unmatched,0,0,0
EIDGHK_01080 ferredoxin,Unmatched,0,0,0
EIDGHK_01085 hypothetical protein,Unmatched,0,0,0
EIDGHK_01090 hypothetical protein,Unmatched,0,0,0
EIDGHK_01095 DUF2442 domain-containing protein,Unmatched,0,0,0
"EIDGHK_01100 transfer-messenger RNA, SsrA",Unmatched,0,0,0
EIDGHK_01105 pyridoxal phosphate-dependent aminotransferase,Unmatched,0,0,0
EIDGHK_01110 DDE-3 domain-containing protein,Unmatched,0,0,0
EIDGHK_01115 Transposase,Unmatched,0,0,0
EIDGHK_01120 16S rRNA (cytosine(1402)-N(4))-methyltransferase RsmH,Unmatched,0,0,0
"EIDGHK_01125 threonine ammonia-lyase, biosynthetic",Unmatched,0,0,0
EIDGHK_01130 DNA-cytosine methylase,Unmatched,0,0,0
EIDGHK_01135 DUF4926 domain-containing protein,Unmatched,0,0,0
EIDGHK_01140 hypothetical protein,Unmatched,0,0,0
EIDGHK_01145 EAL domain-containing protein,Unmatched,0,0,0
EIDGHK_01150 Phosphotransferase enzyme family,Unmatched,0,0,0
EIDGHK_01155 fused N-dimethylarginine dimethylaminohydrolase/saccharopine dehydrogenase domain-containing protein,Unmatched,0,0,0
EIDGHK_01160 SWIM zinc finger domain-containing protein,Unmatched,0,0,0
EIDGHK_01165 SWIM-type domain-containing protein,Unmatched,0,0,0
EIDGHK_01170 chromosome partitioning protein ParB,Unmatched,0,0,0
EIDGHK_01175 HTH cro/C1-type domain-containing protein,Unmatched,0,0,0
EIDGHK_01180 peptidase M28,Unmatched,0,0,0
EIDGHK_01185 FAD dependent oxidoreductase,Unmatched,0,0,0
EIDGHK_01190 mannose-1-phosphate guanylyltransferase,Unmatched,0,0,0
EIDGHK_01195 hypothetical protein,Unmatched,0,0,0
EIDGHK_01200 tRNA-Arg(cct),Unmatched,0,0,0
EIDGHK_01205 RDD family,Unmatched,0,0,0
EIDGHK_01210 DUF6464 domain-containing protein,Unmatched,0,0,0
EIDGHK_01215 8-amino-7-oxononanoate synthase,Unmatched,0,0,0
"EIDGHK_01220 nucleic-acid-binding protein, contains PIN domain protein",Unmatched,0,0,0
EIDGHK_01225 DUF104 domain-containing protein,Unmatched,0,0,0
EIDGHK_01230 DUF3368 domain-containing protein,Unmatched,0,0,0
EIDGHK_01235 Uncharacterised protein family (UPF0175),Unmatched,0,0,0
EIDGHK_01240 hypothetical protein,Unmatched,0,0,0
EIDGHK_01260 hypothetical protein,Unmatched,0,0,0
EIDGHK_01265 hypothetical protein,Unmatched,0,0,0
EIDGHK_01275 phycocyanobilin:ferredoxin oxidoreductase,Unmatched,0,0,0
EIDGHK_01285 Txe/YoeB family addiction module toxin,Unmatched,0,0,0
EIDGHK_01290 type II toxin-antitoxin system prevent-host-death family antitoxin,Unmatched,0,0,0
EIDGHK_01295 hypothetical protein,Unmatched,0,0,0
EIDGHK_01300 SRPBCC family protein,Unmatched,0,0,0
EIDGHK_01305 hypothetical protein,Unmatched,0,0,0
EIDGHK_01310 DUF1499 domain-containing protein,Unmatched,0,0,0
EIDGHK_01315 NTP-transf-9 domain-containing protein,Unmatched,0,0,0
EIDGHK_01320 4-hydroxybenzoate solanesyltransferase,Unmatched,0,0,0
EIDGHK_01325 hypothetical protein,Unmatched,0,0,0
EIDGHK_01330 hypothetical protein,Unmatched,0,0,0
EIDGHK_01335 DNA helicase UvrD,Unmatched,0,0,0
EIDGHK_01340 tRNA lysidine(34) synthetase TilS,Unmatched,0,0,0
EIDGHK_01345 oxygen-dependent coproporphyrinogen oxidase,Unmatched,0,0,0
EIDGHK_01355 TetR family transcriptional regulator,Unmatched,0,0,0
EIDGHK_01360 HlyD family secretion protein,Unmatched,0,0,0
EIDGHK_01365 ABC transporter permease DevC,Unmatched,0,0,0
EIDGHK_01370 ABC transporter,Unmatched,0,0,0
EIDGHK_01375 tRNA-Ser(gct),Unmatched,0,0,0
EIDGHK_01390 hypothetical protein,Unmatched,0,0,0
EIDGHK_01400 Fe(3+) ABC transporter substrate-binding protein,Unmatched,0,0,0
EIDGHK_01405 Glycosyl transferase family 41,Unmatched,0,0,0
EIDGHK_01410 UPF0284 protein MAE_56900,Unmatched,0,0,0
EIDGHK_01415 PIN domain nuclease,Unmatched,0,0,0
EIDGHK_01420 hypothetical protein,Unmatched,0,0,0
EIDGHK_01425 peptide ABC transporter permease,Unmatched,0,0,0
EIDGHK_01430 thiol reductase thioredoxin,Unmatched,0,0,0
EIDGHK_01435 LL-diaminopimelate aminotransferase,Unmatched,0,0,0
EIDGHK_01440 hypothetical protein,Unmatched,0,0,0
EIDGHK_01445 Serine/threonine kinase,Unmatched,0,0,0
EIDGHK_01450 Radical SAM family RiPP maturation amino acid epimerase,Unmatched,0,0,0
EIDGHK_01455 hypothetical protein,Unmatched,0,0,0
EIDGHK_01460 hypothetical protein,Unmatched,0,0,0
EIDGHK_01465 DDE-Tnp-1 domain-containing protein,Unmatched,0,0,0
EIDGHK_01470 hypothetical protein,Unmatched,0,0,0
EIDGHK_01475 Dolichol-phosphate mannosyltransferase,Unmatched,0,0,0
EIDGHK_01480 Glycosyltransferase family 2 protein,Unmatched,0,0,0
EIDGHK_01485 Class I SAM-dependent methyltransferase,Unmatched,0,0,0
EIDGHK_01490 Glycosyltransferase,Unmatched,0,0,0
EIDGHK_01495 Aminotransferase class I/II-fold pyridoxal phosphate-dependent enzyme,Unmatched,0,0,0
EIDGHK_01500 Formyl-trans-N domain-containing protein,Unmatched,0,0,0
EIDGHK_01505 Methyltransferase domain-containing protein,Unmatched,0,0,0
EIDGHK_01510 ABC transporter ATP-binding protein,Unmatched,0,0,0
EIDGHK_01515 DUF433 domain-containing protein,Unmatched,0,0,0
EIDGHK_01520 DUF5615 domain-containing protein,Unmatched,0,0,0
EIDGHK_01525 ABC transporter ATP-binding protein,Unmatched,0,0,0
EIDGHK_01530 putative UDP-N-acetylglucosamine--peptide N-acetylglucosaminyltransferase SPINDLY,Unmatched,0,0,0
EIDGHK_01535 phycocyanin alpha phycocyanobilin lyase,Unmatched,0,0,0
EIDGHK_01540 SycD/LcrH family type III secretion system chaperone,Unmatched,0,0,0
EIDGHK_01545 PEP-CTERM domain-containing protein,Unmatched,0,0,0
EIDGHK_01550 DNA methyltransferase,Unmatched,0,0,0
EIDGHK_01555 tRNA-Pro(cgg),Unmatched,0,0,0
EIDGHK_01560 lipoyl synthase,Unmatched,0,0,0
EIDGHK_01565 RdgB/HAM1 family non-canonical purine NTP pyrophosphatase,Unmatched,0,0,0
EIDGHK_01570 ketose-bisphosphate aldolase,Unmatched,0,0,0
EIDGHK_01575 GTPase HflX,Unmatched,0,0,0
EIDGHK_01580 Cys/Met metabolism pyridoxal-phosphate-dependent enzyme,Unmatched,0,0,0
EIDGHK_01585 iron export ABC transporter permease subunit FetB,Unmatched,0,0,0
EIDGHK_01590 type I glyceraldehyde-3-phosphate dehydrogenase,Unmatched,0,0,0
EIDGHK_01595 UDP-N-acetylmuramate--L-alanine ligase,Unmatched,0,0,0
EIDGHK_01600 UDP-N-acetylmuramate dehydrogenase,Unmatched,0,0,0
EIDGHK_01605 HigA family addiction module antitoxin,Unmatched,0,0,0
EIDGHK_01610 hypothetical protein,Unmatched,0,0,0
EIDGHK_01615 ACP S-malonyltransferase,Unmatched,0,0,0
EIDGHK_01620 DUF433 domain-containing protein,Unmatched,0,0,0
EIDGHK_01625 hypothetical protein,Unmatched,0,0,0
EIDGHK_01630 hypothetical protein,Unmatched,0,0,0
EIDGHK_01635 peptide ABC transporter substrate-binding protein,Unmatched,0,0,0
EIDGHK_01640 ABC transporter substrate-binding protein,Unmatched,0,0,0
EIDGHK_01645 glyoxalase,Unmatched,0,0,0
EIDGHK_01650 cytochrome C biogenesis protein,Unmatched,0,0,0
EIDGHK_01655 Cytochrome c biogenesis protein CcsB,Unmatched,0,0,0
EIDGHK_01660 DNA-formamidopyrimidine glycosylase,Unmatched,0,0,0
EIDGHK_01665 Potassium channel protein,Unmatched,0,0,0
EIDGHK_01670 potassium channel protein,Unmatched,0,0,0
EIDGHK_01675 DUF4278 domain-containing protein,Unmatched,0,0,0
EIDGHK_01680 peptidase,Unmatched,0,0,0
EIDGHK_01685 adenosylcobinamide-GDP ribazoletransferase,Unmatched,0,0,0
EIDGHK_01690 SnoaL-like polyketide cyclase,Unmatched,0,0,0
EIDGHK_01695 class I SAM-dependent DNA methyltransferase,Unmatched,0,0,0
EIDGHK_01700 Transport permease protein,Unmatched,0,0,0
EIDGHK_01705 Beta-barrel assembly-enhancing protease,Unmatched,0,0,0
EIDGHK_01710 hypothetical protein,Unmatched,0,0,0
EIDGHK_01715 allophycocyanin,Unmatched,0,0,0
EIDGHK_01720 SPFH domain / Band 7 family,Unmatched,0,0,0
EIDGHK_01725 glutathione-disulfide reductase,Unmatched,0,0,0
EIDGHK_01730 D-alanyl-D-alanine carboxypeptidase/D-alanyl-D-alanine-endopeptidase,Unmatched,0,0,0
EIDGHK_01735 glycogen synthase GlgA,Unmatched,0,0,0
EIDGHK_01740 co-chaperone YbbN,Unmatched,0,0,0
EIDGHK_01745 hypothetical protein,Unmatched,0,0,0
EIDGHK_01750 tRNA (guanosine(46)-N7)-methyltransferase TrmB,Unmatched,0,0,0
EIDGHK_01755 metallophosphoesterase,Unmatched,0,0,0
EIDGHK_01760 hypothetical protein,Unmatched,0,0,0
EIDGHK_01765 HAS-barrel domain-containing protein,Unmatched,0,0,0
EIDGHK_01770 DUF3252 domain-containing protein,Unmatched,0,0,0
"EIDGHK_01775 addiction module toxin, HicA family",Unmatched,0,0,0
EIDGHK_01780 type II toxin-antitoxin system HicB family antitoxin,Unmatched,0,0,0
EIDGHK_01785 hypothetical protein,Unmatched,0,0,0
EIDGHK_01790 hypothetical protein,Unmatched,0,0,0
EIDGHK_01795 Asl2194 protein,Unmatched,0,0,0
EIDGHK_01800 hypothetical protein,Unmatched,0,0,0
EIDGHK_01805 HigB toxin protein,Unmatched,0,0,0
EIDGHK_01810 hypothetical protein,Unmatched,0,0,0
EIDGHK_01815 DUF4114 domain-containing protein,Unmatched,0,0,0
EIDGHK_01820 HNH endonuclease,Unmatched,0,0,0
EIDGHK_01825 hypothetical protein,Unmatched,0,0,0
EIDGHK_01830 hydrogenase formation protein HypD,Unmatched,0,0,0
EIDGHK_01835 HypC/HybG/HupF family hydrogenase formation chaperone,Unmatched,0,0,0
EIDGHK_01840 16S rRNA (uracil(1498)-N(3))-methyltransferase,Unmatched,0,0,0
EIDGHK_01845 Slr0723 protein,Unmatched,0,0,0
EIDGHK_01850 hypothetical protein,Unmatched,0,0,0
EIDGHK_01855 photosystem I reaction center subunit IV,Unmatched,0,0,0
EIDGHK_01860 Dipeptide transport ATP-binding protein DppD,Unmatched,0,0,0
EIDGHK_01865 hypothetical protein,Unmatched,0,0,0
EIDGHK_01870 sulfate ABC transporter permease subunit CysT,Unmatched,0,0,0
EIDGHK_01875 ABC transporter,Unmatched,0,0,0
EIDGHK_01880 sulfate ABC transporter substrate-binding protein,Unmatched,0,0,0
EIDGHK_01885 cAMP-binding protein,Unmatched,0,0,0
EIDGHK_01890 ribonuclease III,Unmatched,0,0,0
EIDGHK_01895 hypothetical protein,Unmatched,0,0,0
EIDGHK_01900 threonine--tRNA ligase,Unmatched,0,0,0
EIDGHK_01905 cobalamin biosynthesis protein CobW,Unmatched,0,0,0
EIDGHK_01910 hypothetical protein,Unmatched,0,0,0
EIDGHK_01915 Signal recognition particle GTPase,Unmatched,0,0,0
EIDGHK_01920 metallophosphatase family protein,Unmatched,0,0,0
EIDGHK_01925 metallophosphatase,Unmatched,0,0,0
EIDGHK_01930 SAM-dependent methyltransferase,Unmatched,0,0,0
EIDGHK_01935 Sugar metabolism transcriptional regulator,Unmatched,0,0,0
EIDGHK_01940 Fe(2+) transporter permease subunit FeoB,Unmatched,0,0,0
EIDGHK_01945 ferrous iron transport protein A,Unmatched,0,0,0
EIDGHK_01950 Similar to tr|Q73K01|Q73K01,Unmatched,0,0,0
EIDGHK_01955 ApeA-NTD1 domain-containing protein,Unmatched,0,0,0
EIDGHK_01960 agmatinase,Unmatched,0,0,0
EIDGHK_01965 tRNA-Val(gac),Unmatched,0,0,0
EIDGHK_01970 hypothetical protein,Unmatched,0,0,0
EIDGHK_01975 hypothetical protein,Unmatched,0,0,0
EIDGHK_01980 hypothetical protein,Unmatched,0,0,0
EIDGHK_01985 hypothetical protein,Unmatched,0,0,0
EIDGHK_01990 DUF5615 domain-containing protein,Unmatched,0,0,0
EIDGHK_01995 nuclease,Unmatched,0,0,0
EIDGHK_02000 HigA family addiction module antitoxin,Unmatched,0,0,0
EIDGHK_02005 transposase,Unmatched,0,0,0
EIDGHK_02010 Cadherin domain-containing protein,Unmatched,0,0,0
EIDGHK_02015 hypothetical protein,Unmatched,0,0,0
EIDGHK_02020 diflavin flavoprotein A,Unmatched,0,0,0
EIDGHK_02030 peptidase C14,Unmatched,0,0,0
EIDGHK_02035 hypothetical protein,Unmatched,0,0,0
EIDGHK_02040 peptide-methionine (S)-S-oxide reductase,Unmatched,0,0,0
EIDGHK_02045 maltooligosyl trehalose synthase,Unmatched,0,0,0
"EIDGHK_02050 sulfite reductase, ferredoxin dependent",Unmatched,0,0,0
EIDGHK_02055 hypothetical protein,Unmatched,0,0,0
EIDGHK_02060 hypothetical protein,Unmatched,0,0,0
EIDGHK_02065 molecular chaperone DnaJ,Unmatched,0,0,0
EIDGHK_02070 complex I intermediate-associated 30 family protein,Unmatched,0,0,0
EIDGHK_02075 DnaJ-class molecular chaperone,Unmatched,0,0,0
EIDGHK_02080 haloacid dehalogenase,Unmatched,0,0,0
EIDGHK_02085 solanesyl diphosphate synthase,Unmatched,0,0,0
EIDGHK_02090 hypothetical protein,Unmatched,0,0,0
EIDGHK_02095 Competence protein CoiA,Unmatched,0,0,0
EIDGHK_02100 (2Fe-2S)-binding protein,Unmatched,0,0,0
EIDGHK_02105 citramalate synthase,Unmatched,0,0,0
EIDGHK_02110 hypothetical protein,Unmatched,0,0,0
EIDGHK_02115 PIN domain nuclease,Unmatched,0,0,0
EIDGHK_02120 hypothetical protein,Unmatched,0,0,0
EIDGHK_02135 ribosome maturation factor RimM,Unmatched,0,0,0
EIDGHK_02140 DUF1092 domain-containing protein,Unmatched,0,0,0
EIDGHK_02145 CPBP family intramembrane metalloprotease domain-containing protein,Unmatched,0,0,0
EIDGHK_02150 AbrB family transcriptional regulator,Unmatched,0,0,0
EIDGHK_02155 succinate dehydrogenase/fumarate reductase iron-sulfur subunit,Unmatched,0,0,0
EIDGHK_02160 penicillin-binding protein activator LpoB,Unmatched,0,0,0
EIDGHK_02165 protochlorophyllide reductase,Unmatched,0,0,0
EIDGHK_02170 sodium/glutamate symporter,Unmatched,0,0,0
EIDGHK_02175 molecular chaperone DnaK,Unmatched,0,0,0
EIDGHK_02180 RNA-splicing ligase RtcB,Unmatched,0,0,0
EIDGHK_02185 ribonucleoside-triphosphate reductase,Unmatched,0,0,0
EIDGHK_02190 HD domain-containing protein,Unmatched,0,0,0
EIDGHK_02195 DUF29 domain-containing protein,Unmatched,0,0,0
EIDGHK_02200 Putative restriction endonuclease,Unmatched,0,0,0
EIDGHK_02205 Arylsulfatase,Unmatched,0,0,0
EIDGHK_02210 Transposase,Unmatched,0,0,0
EIDGHK_02215 hypothetical protein,Unmatched,0,0,0
EIDGHK_02220 lipoyl(octanoyl) transferase LipB,Unmatched,0,0,0
EIDGHK_02225 low-complexity protein,Unmatched,0,0,0
EIDGHK_02230 tRNA-Arg(acg),Unmatched,0,0,0
EIDGHK_02235 cyclic pyranopterin monophosphate synthase MoaC,Unmatched,0,0,0
EIDGHK_02240 magnesium chelatase subunit H,Unmatched,0,0,0
EIDGHK_02245 flavin oxidoreductase,Unmatched,0,0,0
EIDGHK_02250 DNA topoisomerase III,Unmatched,0,0,0
EIDGHK_02255 carbamoyltransferase HypF,Unmatched,0,0,0
EIDGHK_02260 ATP-dependent Zn protease,Unmatched,0,0,0
EIDGHK_02265 hypothetical protein,Unmatched,0,0,0
EIDGHK_02270 histidinol-phosphatase,Unmatched,0,0,0
EIDGHK_02275 ribulose-phosphate 3-epimerase,Unmatched,0,0,0
EIDGHK_02280 DUF1815 domain-containing protein,Unmatched,0,0,0
EIDGHK_02285 glycosyl transferase,Unmatched,0,0,0
EIDGHK_02290 Bll3066 protein,Unmatched,0,0,0
EIDGHK_02295 sulfonate ABC transporter permease,Unmatched,0,0,0
EIDGHK_02300 serine/threonine protein kinase,Unmatched,0,0,0
EIDGHK_02305 DUF1698 domain-containing protein,Unmatched,0,0,0
EIDGHK_02310 hypothetical protein,Unmatched,0,0,0
EIDGHK_02315 mannosyltransferase,Unmatched,0,0,0
EIDGHK_02320 glycosyltransferase,Unmatched,0,0,0
EIDGHK_02325 Glycosyltransferase family 87,Unmatched,0,0,0
EIDGHK_02330 glycosyl transferase,Unmatched,0,0,0
EIDGHK_02335 aminomethyl-transferring glycine dehydrogenase,Unmatched,0,0,0
EIDGHK_02340 phospholipid carrier-dependent glycosyltransferase,Unmatched,0,0,0
EIDGHK_02345 4-amino-4-deoxychorismate lyase,Unmatched,0,0,0
EIDGHK_02350 single-stranded DNA-binding protein,Unmatched,0,0,0
EIDGHK_02355 rod shape-determining protein,Unmatched,0,0,0
EIDGHK_02360 rod shape-determining protein MreC,Unmatched,0,0,0
EIDGHK_02365 rod shape-determining protein MreD,Unmatched,0,0,0
EIDGHK_02370 penicillin-binding protein,Unmatched,0,0,0
EIDGHK_02375 peptidase M61,Unmatched,0,0,0
EIDGHK_02380 branched-chain amino acid transaminase,Unmatched,0,0,0
EIDGHK_02385 hypothetical protein,Unmatched,0,0,0
EIDGHK_02390 hypothetical protein,Unmatched,0,0,0
EIDGHK_02395 hypothetical protein,Unmatched,0,0,0
EIDGHK_02400 circadian clock protein KaiC,Unmatched,0,0,0
EIDGHK_02405 PBPb domain-containing protein,Unmatched,0,0,0
EIDGHK_02410 DNA polymerase III subunit alpha,Unmatched,0,0,0
EIDGHK_02415 hypothetical protein,Unmatched,0,0,0
EIDGHK_02420 N-acetyltransferase domain-containing protein,Unmatched,0,0,0
EIDGHK_02425 hypothetical protein,Unmatched,0,0,0
EIDGHK_02430 30S ribosomal protein S4,Unmatched,0,0,0
EIDGHK_02435 BFN domain-containing protein,Unmatched,0,0,0
EIDGHK_02440 oxidoreductase,Unmatched,0,0,0
EIDGHK_02445 fructose-bisphosphate aldolase class II,Unmatched,0,0,0
EIDGHK_02450 carboxyl-terminal protease,Unmatched,0,0,0
EIDGHK_02455 amino acid ABC transporter substrate-binding protein,Unmatched,0,0,0
EIDGHK_02460 photosystem II reaction center protein Ycf12,Unmatched,0,0,0
EIDGHK_02465 transcriptional regulator,Unmatched,0,0,0
EIDGHK_02470 ACR3 family arsenite efflux transporter,Unmatched,0,0,0
EIDGHK_02475 arsenical resistance protein ArsH,Unmatched,0,0,0
"EIDGHK_02480 arsenate reductase, glutathione/glutaredoxin type",Unmatched,0,0,0
EIDGHK_02485 universal stress protein UspA-like protein,Unmatched,0,0,0
EIDGHK_02490 NblA-related protein,Unmatched,0,0,0
EIDGHK_02495 RNA-binding protein,Unmatched,0,0,0
EIDGHK_02500 ribose-5-phosphate isomerase RpiA,Unmatched,0,0,0
EIDGHK_02505 DNA replication/repair protein RecF,Unmatched,0,0,0
EIDGHK_02510 DUF2808 domain-containing protein,Unmatched,0,0,0
EIDGHK_02515 Metallothionein,Unmatched,0,0,0
EIDGHK_02520 transcriptional regulator,Unmatched,0,0,0
EIDGHK_02525 Pentapeptide repeat protein,Unmatched,0,0,0
EIDGHK_02530 ATP-dependent helicase,Unmatched,0,0,0
EIDGHK_02535 hypothetical protein,Unmatched,0,0,0
EIDGHK_02540 OrfB-Zn-ribbon domain-containing protein,Unmatched,0,0,0
EIDGHK_02545 peptidase M10A and M12B matrixin and adamalysin,Unmatched,0,0,0
EIDGHK_02550 stress protein,Unmatched,0,0,0
EIDGHK_02555 chemical-damaging agent resistance protein C,Unmatched,0,0,0
EIDGHK_02560 hypothetical protein,Unmatched,0,0,0
EIDGHK_02565 helix-turn-helix domain-containing protein,Unmatched,0,0,0
EIDGHK_02570 hypothetical protein,Unmatched,0,0,0
EIDGHK_02575 hypothetical protein,Unmatched,0,0,0
EIDGHK_02580 DUF5615 domain-containing protein,Unmatched,0,0,0
EIDGHK_02585 Type III restriction-modification system methylation subunit,Unmatched,0,0,0
EIDGHK_02590 photosystem II q(b) protein,Unmatched,0,0,0
EIDGHK_02595 IS891/IS1136/IS1341 transposase,Unmatched,0,0,0
EIDGHK_02600 recombinase family protein,Unmatched,0,0,0
EIDGHK_02605 STAS/SEC14 domain-containing protein,Unmatched,0,0,0
EIDGHK_02610 glycosyl transferase,Unmatched,0,0,0
EIDGHK_02615 type III restriction endonuclease subunit R,Unmatched,0,0,0
EIDGHK_02620 XisI protein,Unmatched,0,0,0
EIDGHK_02625 fatty-acid oxidation protein subunit alpha,Unmatched,0,0,0
EIDGHK_02630 FdxN element excision controlling factor protein (Modular protein),Unmatched,0,0,0
EIDGHK_02635 DUF2283 domain-containing protein,Unmatched,0,0,0
EIDGHK_02640 hypothetical protein,Unmatched,0,0,0
EIDGHK_02645 Antitoxin,Unmatched,0,0,0
EIDGHK_02650 hypothetical protein,Unmatched,0,0,0
EIDGHK_02655 INTEIN-C-TER domain-containing protein,Unmatched,0,0,0
EIDGHK_02660 flagellar assembly protein H,Unmatched,0,0,0
EIDGHK_02665 hypothetical protein,Unmatched,0,0,0
EIDGHK_02670 SAM-dependent methyltransferase,Unmatched,0,0,0
EIDGHK_02675 type I DNA topoisomerase,Unmatched,0,0,0
EIDGHK_02680 SWIM-type domain-containing protein,Unmatched,0,0,0
EIDGHK_02685 porin,Unmatched,0,0,0
EIDGHK_02690 orotate phosphoribosyltransferase,Unmatched,0,0,0
EIDGHK_02695 NADH-quinone oxidoreductase subunit NuoH,Unmatched,0,0,0
EIDGHK_02700 photosynthetic/respiratory NAD(P)H-quinone oxidoreductase subunit I,Unmatched,0,0,0
EIDGHK_02705 NADH-quinone oxidoreductase subunit J,Unmatched,0,0,0
EIDGHK_02710 photosynthetic/respiratory NAD(P)H-quinone oxidoreductase subunit E,Unmatched,0,0,0
EIDGHK_02715 LPS export ABC transporter periplasmic protein LptC,Unmatched,0,0,0
EIDGHK_02720 DUF262 domain-containing protein,Unmatched,0,0,0
EIDGHK_02725 serine protease,Unmatched,0,0,0
EIDGHK_02730 DUF1727 domain-containing protein,Unmatched,0,0,0
EIDGHK_02735 cobalamin biosynthesis protein CobQ,Unmatched,0,0,0
EIDGHK_02740 hypothetical protein,Unmatched,0,0,0
EIDGHK_02745 2Fe-2S ferredoxin,Unmatched,0,0,0
EIDGHK_02750 transposase,Unmatched,0,0,0
EIDGHK_02755 IS200/IS605 family transposase,Unmatched,0,0,0
EIDGHK_02760 Methyltranfer-dom domain-containing protein,Unmatched,0,0,0
EIDGHK_02765 acetyl-CoA carboxylase biotin carboxyl carrier protein,Unmatched,0,0,0
EIDGHK_02770 elongation factor P,Unmatched,0,0,0
EIDGHK_02775 Expressed protein,Unmatched,0,0,0
EIDGHK_02780 PEP-CTERM sorting domain-containing protein,Unmatched,0,0,0
EIDGHK_02785 hypothetical protein,Unmatched,0,0,0
EIDGHK_02790 hypothetical protein,Unmatched,0,0,0
EIDGHK_02795 hypothetical protein,Unmatched,0,0,0
EIDGHK_02800 PHP domain-containing protein,Unmatched,0,0,0
EIDGHK_02805 NAD(P)H-quinone oxidoreductase subunit F,Unmatched,0,0,0
EIDGHK_02810 tRNA-Thr(tgt),Unmatched,0,0,0
EIDGHK_02815 heavy metal transporter,Unmatched,0,0,0
"EIDGHK_02820 Type I restriction-modification system, S subunit",Unmatched,0,0,0
EIDGHK_02825 nucleotidyltransferase,Unmatched,0,0,0
EIDGHK_02830 hypothetical protein,Unmatched,0,0,0
EIDGHK_02835 Site-specific DNA-methyltransferase (adenine-specific),Unmatched,0,0,0
EIDGHK_02840 DUF2283 domain-containing protein,Unmatched,0,0,0
EIDGHK_02845 PBECR2 domain-containing protein,Unmatched,0,0,0
EIDGHK_02850 glutamine--fructose-6-phosphate transaminase (isomerizing),Unmatched,0,0,0
EIDGHK_02855 DNA methylase,Unmatched,0,0,0
EIDGHK_02860 Programmed cell death toxin YdcE,Unmatched,0,0,0
EIDGHK_02865 adenylate kinase,Unmatched,0,0,0
EIDGHK_02870 preprotein translocase subunit SecY,Unmatched,0,0,0
EIDGHK_02875 50S ribosomal protein L15,Unmatched,0,0,0
EIDGHK_02880 30S ribosomal protein S5,Unmatched,0,0,0
EIDGHK_02885 50S ribosomal protein L18,Unmatched,0,0,0
EIDGHK_02890 50S ribosomal protein L6,Unmatched,0,0,0
EIDGHK_02895 30S ribosomal protein S8,Unmatched,0,0,0
EIDGHK_02900 50S ribosomal protein L5,Unmatched,0,0,0
EIDGHK_02905 50S ribosomal protein L24,Unmatched,0,0,0
EIDGHK_02910 50S ribosomal protein L14,Unmatched,0,0,0
EIDGHK_02915 30S ribosomal protein S17,Unmatched,0,0,0
EIDGHK_02920 50S ribosomal protein L29,Unmatched,0,0,0
EIDGHK_02925 50S ribosomal protein L16,Unmatched,0,0,0
EIDGHK_02930 30S ribosomal protein S3,Unmatched,0,0,0
EIDGHK_02935 50S ribosomal protein L22,Unmatched,0,0,0
EIDGHK_02940 30S ribosomal protein S19,Unmatched,0,0,0
EIDGHK_02945 50S ribosomal protein L2,Unmatched,0,0,0
EIDGHK_02950 50S ribosomal protein L23,Unmatched,0,0,0
EIDGHK_02955 50S ribosomal protein L4,Unmatched,0,0,0
EIDGHK_02960 50S ribosomal protein L3,Unmatched,0,0,0
EIDGHK_02965 Nitrogen regulatory protein P-II,Unmatched,0,0,0
EIDGHK_02970 DUF4079 domain-containing protein,Unmatched,0,0,0
EIDGHK_02975 phosphoribosyltransferase,Unmatched,0,0,0
EIDGHK_02980 tRNA-Arg(ccg),Unmatched,0,0,0
EIDGHK_02985 5'/3'-nucleotidase SurE,Unmatched,0,0,0
EIDGHK_02990 DUF3727 domain-containing protein,Unmatched,0,0,0
EIDGHK_02995 adenosine deaminase,Unmatched,0,0,0
EIDGHK_03000 MAPEG family protein,Unmatched,0,0,0
EIDGHK_03005 DNA recombination-mediator protein A,Unmatched,0,0,0
EIDGHK_03010 hypothetical protein,Unmatched,0,0,0
EIDGHK_03015 GNAT family N-acetyltransferase,Unmatched,0,0,0
EIDGHK_03020 Holliday junction resolvase RuvX,Unmatched,0,0,0
EIDGHK_03025 allophycocyanin subunit beta,Unmatched,0,0,0
EIDGHK_03030 Glutamate 5-kinase,Unmatched,0,0,0
EIDGHK_03035 single-stranded-DNA-specific exonuclease RecJ,Unmatched,0,0,0
EIDGHK_03040 LppP/LprE lipoprotein,Unmatched,0,0,0
EIDGHK_03045 hypothetical protein,Unmatched,0,0,0
EIDGHK_03050 hybrid sensor histidine kinase/response regulator,Unmatched,0,0,0
"EIDGHK_03055 beta-propeller domain-containing protein, methanol dehydrogenase",Unmatched,0,0,0
EIDGHK_03060 hypothetical protein,Unmatched,0,0,0
EIDGHK_03065 transglutaminase,Unmatched,0,0,0
EIDGHK_03070 DNA-binding response regulator,Unmatched,0,0,0
EIDGHK_03075 two-component sensor histidine kinase,Unmatched,0,0,0
EIDGHK_03080 cupin,Unmatched,0,0,0
EIDGHK_03085 thioredoxin family protein,Unmatched,0,0,0
EIDGHK_03090 Cytochrome C biogenesis protein transmembrane region,Unmatched,0,0,0
EIDGHK_03095 hypothetical protein,Unmatched,0,0,0
EIDGHK_03100 undecaprenyldiphospho-muramoylpentapeptide beta-N-acetylglucosaminyltransferase,Unmatched,0,0,0
EIDGHK_03105 Uma2 family endonuclease,Unmatched,0,0,0
EIDGHK_03110 Fructosamine kinase,Unmatched,0,0,0
EIDGHK_03115 peptidase M16,Unmatched,0,0,0
EIDGHK_03120 6S / SsrS RNA,Unmatched,0,0,0
EIDGHK_03125 FAD-dependent oxidoreductase,Unmatched,0,0,0
EIDGHK_03130 hypothetical protein,Unmatched,0,0,0
EIDGHK_03135 Carboxysome shell protein CcmP,Unmatched,0,0,0
EIDGHK_03140 glucokinase,Unmatched,0,0,0
EIDGHK_03145 tRNA-Gly(ccc),Unmatched,0,0,0
"EIDGHK_03165 1,4-alpha-glucan branching enzyme",Unmatched,0,0,0
EIDGHK_03170 asparaginase,Unmatched,0,0,0
EIDGHK_03175 Uncharacterized membrane protein Ycf36,Unmatched,0,0,0
EIDGHK_03180 ribosome silencing factor,Unmatched,0,0,0
EIDGHK_03185 bis(5'-nucleosyl)-tetraphosphatase (symmetrical) YqeK,Unmatched,0,0,0
EIDGHK_03190 GTP-binding protein,Unmatched,0,0,0
EIDGHK_03195 alpha-ketoacid dehydrogenase subunit beta,Unmatched,0,0,0
EIDGHK_03200 protein translocase subunit SecD,Unmatched,0,0,0
EIDGHK_03205 protein translocase subunit SecF,Unmatched,0,0,0
EIDGHK_03210 XRE family transcriptional regulator,Unmatched,0,0,0
EIDGHK_03215 hypothetical protein,Unmatched,0,0,0
EIDGHK_03220 hypothetical protein,Unmatched,0,0,0
EIDGHK_03225 crossover junction endodeoxyribonuclease RuvC,Unmatched,0,0,0
EIDGHK_03230 UDP-N-acetylglucosamine 2-epimerase (non-hydrolyzing),Unmatched,0,0,0
EIDGHK_03235 MCE family protein,Unmatched,0,0,0
EIDGHK_03240 ABC transporter ATP-binding protein,Unmatched,0,0,0
EIDGHK_03245 TIGR03936 family radical SAM-associated protein,Unmatched,0,0,0
EIDGHK_03250 Type IV pilin PilA,Unmatched,0,0,0
EIDGHK_03255 hypothetical protein,Unmatched,0,0,0
EIDGHK_03260 Streptococcal hemagglutinin protein,Unmatched,0,0,0
EIDGHK_03265 ABC transporter permease,Unmatched,0,0,0
EIDGHK_03270 ATP-binding protein,Unmatched,0,0,0
EIDGHK_03275 Photosynthesis regulatory RNA1,Unmatched,0,0,0
EIDGHK_03280 DUF4278 domain-containing protein,Unmatched,0,0,0
EIDGHK_03285 thymidylate synthase,Unmatched,0,0,0
EIDGHK_03290 dTMP kinase,Unmatched,0,0,0
EIDGHK_03295 NAD(P)/FAD-dependent oxidoreductase,Unmatched,0,0,0
EIDGHK_03300 bifunctional phosphoribosyl-AMP cyclohydrolase/phosphoribosyl-ATP diphosphatase HisIE,Unmatched,0,0,0
EIDGHK_03310 PEP-CTERM domain-containing protein,Unmatched,0,0,0
EIDGHK_03320 PEP-CTERM domain-containing protein,Unmatched,0,0,0
EIDGHK_03325 hypothetical protein,Unmatched,0,0,0
EIDGHK_03330 PEP-CTERM domain-containing protein,Unmatched,0,0,0
EIDGHK_03335 hypothetical protein,Unmatched,0,0,0
EIDGHK_03340 hypothetical protein,Unmatched,0,0,0
EIDGHK_03345 Pentapeptide repeat,Unmatched,0,0,0
EIDGHK_03350 DUF29 domain-containing protein,Unmatched,0,0,0
EIDGHK_03355 Gll0026 protein,Unmatched,0,0,0
EIDGHK_03360 peptidase C69,Unmatched,0,0,0
EIDGHK_03365 DUF456 domain-containing protein,Unmatched,0,0,0
EIDGHK_03370 Metalloprotease slr1322,Unmatched,0,0,0
EIDGHK_03375 hypothetical protein,Unmatched,0,0,0
EIDGHK_03380 hypothetical protein,Unmatched,0,0,0
EIDGHK_03385 DNA (cytosine-5-)-methyltransferase,Unmatched,0,0,0
EIDGHK_03390 PINc domain-containing protein,Unmatched,0,0,0
EIDGHK_03395 Programmed cell death antitoxin MazE,Unmatched,0,0,0
EIDGHK_03400 DUF5615 domain-containing protein,Unmatched,0,0,0
EIDGHK_03405 tRNA-Leu(caa),Unmatched,0,0,0
"EIDGHK_03410 Zn-dependent protease, containings TPR repeats",Unmatched,0,0,0
EIDGHK_03415 sulfite exporter TauE/SafE family protein,Unmatched,0,0,0
EIDGHK_03420 peptidase,Unmatched,0,0,0
EIDGHK_03425 transposase,Unmatched,0,0,0
EIDGHK_03430 hypothetical protein,Unmatched,0,0,0
EIDGHK_03435 t-SNARE coiled-coil-like y domain-containing protein,Unmatched,0,0,0
EIDGHK_03440 DUF262 domain-containing protein,Unmatched,0,0,0
EIDGHK_03445 L-lactate dehydrogenase,Unmatched,0,0,0
EIDGHK_03450 DUF952 domain-containing protein,Unmatched,0,0,0
EIDGHK_03455 cytosine deaminase,Unmatched,0,0,0
EIDGHK_03460 2-amino-4-hydroxy-6-hydroxymethyldihydropteridine diphosphokinase,Unmatched,0,0,0
EIDGHK_03465 sirohydrochlorin chelatase,Unmatched,0,0,0
EIDGHK_03470 chloride channel protein,Unmatched,0,0,0
EIDGHK_03475 hypothetical protein,Unmatched,0,0,0
EIDGHK_03480 isoaspartyl peptidase,Unmatched,0,0,0
EIDGHK_03485 cell division protein FtsW,Unmatched,0,0,0
EIDGHK_03490 DUF751 domain-containing protein,Unmatched,0,0,0
EIDGHK_03495 30S ribosome-binding factor RbfA,Unmatched,0,0,0
EIDGHK_03500 beta-glucosidase,Unmatched,0,0,0
EIDGHK_03505 hypothetical protein,Unmatched,0,0,0
EIDGHK_03510 tRNA (adenosine(37)-N6)-threonylcarbamoyltransferase complex ATPase subunit type 1 TsaE,Unmatched,0,0,0
EIDGHK_03515 aquaporin Z,Unmatched,0,0,0
EIDGHK_03520 tRNA (guanine-N1)-methyltransferase,Unmatched,0,0,0
EIDGHK_03525 DUF3086 domain-containing protein,Unmatched,0,0,0
EIDGHK_03530 Glycerol dehydrogenase,Unmatched,0,0,0
EIDGHK_03535 manganese ABC transporter ATP-binding protein,Unmatched,0,0,0
EIDGHK_03540 signal recognition particle-docking protein FtsY,Unmatched,0,0,0
EIDGHK_03545 Putative restriction endonuclease,Unmatched,0,0,0
EIDGHK_03550 Proto-chlorophyllide reductase 57 kD subunit,Unmatched,0,0,0
"EIDGHK_03555 GTP 3',8-cyclase MoaA",Unmatched,0,0,0
EIDGHK_03560 DUF3370 domain-containing protein,Unmatched,0,0,0
EIDGHK_03565 biopolymer transporter,Unmatched,0,0,0
EIDGHK_03570 hypothetical protein,Unmatched,0,0,0
EIDGHK_03575 tRNA-Asp(gtc),Unmatched,0,0,0
EIDGHK_03580 glycogen phosphorylase,Unmatched,0,0,0
EIDGHK_03585 fluoride efflux transporter CrcB,Unmatched,0,0,0
EIDGHK_03590 fluoride efflux transporter CrcB,Unmatched,0,0,0
EIDGHK_03595 16S rRNA (adenine(1518)-N(6)/adenine(1519)-N(6))-dimethyltransferase RsmA,Unmatched,0,0,0
EIDGHK_03600 4-(cytidine 5'-diphospho)-2-C-methyl-D-erythritol kinase,Unmatched,0,0,0
EIDGHK_03605 Urease accessory protein UreD,Unmatched,0,0,0
EIDGHK_03610 hypothetical protein,Unmatched,0,0,0
EIDGHK_03615 DNA gyrase subunit A,Unmatched,0,0,0
EIDGHK_03620 DNA uptake protein,Unmatched,0,0,0
EIDGHK_03625 TM2 domain-containing protein,Unmatched,0,0,0
"EIDGHK_03630 Transposase, IS605 OrfB family",Unmatched,0,0,0
EIDGHK_03635 asparagine--tRNA ligase,Unmatched,0,0,0
EIDGHK_03640 hypothetical protein,Unmatched,0,0,0
EIDGHK_03645 IS4 family transposase,Unmatched,0,0,0
EIDGHK_03650 hypothetical protein,Unmatched,0,0,0
EIDGHK_03655 AAA-15 domain-containing protein,Unmatched,0,0,0
EIDGHK_03660 alanine--tRNA ligase,Unmatched,0,0,0
EIDGHK_03665 hypothetical protein,Unmatched,0,0,0
EIDGHK_03670 ISH3 family transposase,Unmatched,0,0,0
EIDGHK_03675 lmo0937 family membrane protein,Unmatched,0,0,0
EIDGHK_03680 CsbD-like protein,Unmatched,0,0,0
EIDGHK_03685 CsbD family protein,Unmatched,0,0,0
EIDGHK_03690 hypothetical protein,Unmatched,0,0,0
EIDGHK_03695 hypothetical protein,Unmatched,0,0,0
EIDGHK_03700 hypothetical protein,Unmatched,0,0,0
EIDGHK_03705 Na+/H+ antiporter,Unmatched,0,0,0
EIDGHK_03710 hypothetical protein,Unmatched,0,0,0
EIDGHK_03715 hypothetical protein,Unmatched,0,0,0
EIDGHK_03720 hypothetical protein,Unmatched,0,0,0
EIDGHK_03725 single-stranded DNA-binding protein,Unmatched,0,0,0
EIDGHK_03730 amino acid ABC transporter permease,Unmatched,0,0,0
EIDGHK_03735 hypothetical protein,Unmatched,0,0,0
EIDGHK_03740 shikimate dehydrogenase,Unmatched,0,0,0
EIDGHK_03745 AI-2E family transporter,Unmatched,0,0,0
EIDGHK_03750 EamA family transporter,Unmatched,0,0,0
EIDGHK_03755 methyltransferase type 11,Unmatched,0,0,0
EIDGHK_03760 Beta-lactamase-like,Unmatched,0,0,0
EIDGHK_03765 Beta-lactamase domain protein,Unmatched,0,0,0
EIDGHK_03770 precorrin-4 C(11)-methyltransferase,Unmatched,0,0,0
EIDGHK_03775 replicative DNA helicase,Unmatched,0,0,0
EIDGHK_03780 Dolichyl-phosphate-mannose-protein mannosyltransferase,Unmatched,0,0,0
EIDGHK_03785 GHL10 domain-containing protein,Unmatched,0,0,0
EIDGHK_03790 hypothetical protein,Unmatched,0,0,0
EIDGHK_03795 AAA family ATPase,Unmatched,0,0,0
EIDGHK_03800 SH3b domain-containing protein,Unmatched,0,0,0
EIDGHK_03805 photosynthetic/respiratory NAD(P)H-quinone oxidoreductase subunit C,Unmatched,0,0,0
EIDGHK_03810 photosynthetic/respiratory NAD(P)H-quinone oxidoreductase subunit K,Unmatched,0,0,0
EIDGHK_03815 NAD(P)H-quinone oxidoreductase subunit J,Unmatched,0,0,0
EIDGHK_03820 UbiD family decarboxylase,Unmatched,0,0,0
"EIDGHK_03825 ATPase/GTPase, AAA15 family",Unmatched,0,0,0
EIDGHK_03830 DUF3226 domain-containing protein,Unmatched,0,0,0
EIDGHK_03835 photosystem II cytochrome c-550,Unmatched,0,0,0
EIDGHK_03840 translation initiation factor IF-2,Unmatched,0,0,0
EIDGHK_03845 Putative regulatory protein MAE_11840,Unmatched,0,0,0
EIDGHK_03850 guanylate kinase,Unmatched,0,0,0
EIDGHK_03860 Mobile element protein,Unmatched,0,0,0
EIDGHK_03865 hypothetical protein,Unmatched,0,0,0
EIDGHK_03870 tRNA guanosine(34) transglycosylase Tgt,Unmatched,0,0,0
EIDGHK_03875 photosystem II reaction center protein K,Unmatched,0,0,0
EIDGHK_03880 PEP-CTERM sorting domain-containing protein,Unmatched,0,0,0
EIDGHK_03885 Methyltransferase,Unmatched,0,0,0
EIDGHK_03890 pentapeptide repeat-containing protein,Unmatched,0,0,0
EIDGHK_03895 transcriptional regulator,Unmatched,0,0,0
EIDGHK_03900 Asp-tRNA(Asn)/Glu-tRNA(Gln) amidotransferase subunit GatA,Unmatched,0,0,0
EIDGHK_03905 type II toxin-antitoxin system death-on-curing family toxin,Unmatched,0,0,0
EIDGHK_03910 DNA-binding protein,Unmatched,0,0,0
EIDGHK_03915 hypothetical protein,Unmatched,0,0,0
EIDGHK_03920 Lactamase-B domain-containing protein,Unmatched,0,0,0
EIDGHK_03925 HNH endonuclease,Unmatched,0,0,0
EIDGHK_03930 hypothetical protein,Unmatched,0,0,0
EIDGHK_03935 hypothetical protein,Unmatched,0,0,0
EIDGHK_03940 hypothetical protein,Unmatched,0,0,0
EIDGHK_03945 cysteine synthase A,Unmatched,0,0,0
EIDGHK_03950 hypothetical protein,Unmatched,0,0,0
EIDGHK_03955 DUF2235 domain-containing protein,Unmatched,0,0,0
EIDGHK_03960 Endolysin,Unmatched,0,0,0
EIDGHK_03965 hypothetical protein,Unmatched,0,0,0
EIDGHK_03970 DUF4127 domain-containing protein,Unmatched,0,0,0
EIDGHK_03975 hypothetical protein,Unmatched,0,0,0
EIDGHK_03980 DUF2272 domain-containing protein,Unmatched,0,0,0
EIDGHK_03985 class II fructose-bisphosphatase,Unmatched,0,0,0
EIDGHK_03990 glutamyl-tRNA reductase,Unmatched,0,0,0
EIDGHK_03995 Site-specific DNA-methyltransferase (adenine-specific),Unmatched,0,0,0
EIDGHK_04000 HEAT domain-containing protein,Unmatched,0,0,0
EIDGHK_04005 aromatic acid decarboxylase,Unmatched,0,0,0
EIDGHK_04010 hypothetical protein,Unmatched,0,0,0
EIDGHK_04015 DUF3038 domain-containing protein,Unmatched,0,0,0
EIDGHK_04020 DUF4335 domain-containing protein,Unmatched,0,0,0
EIDGHK_04025 DUF2389 domain-containing protein,Unmatched,0,0,0
EIDGHK_04030 transcriptional repressor LexA,Unmatched,0,0,0
EIDGHK_04035 pyruvate:ferredoxin (flavodoxin) oxidoreductase,Unmatched,0,0,0
EIDGHK_04040 dihydroorotate dehydrogenase,Unmatched,0,0,0
EIDGHK_04045 6-phosphofructokinase,Unmatched,0,0,0
EIDGHK_04050 30S ribosomal protein S14,Unmatched,0,0,0
EIDGHK_04055 NUDIX hydrolase,Unmatched,0,0,0
EIDGHK_04060 hypothetical protein,Unmatched,0,0,0
EIDGHK_04065 glycosyl transferase 2 family protein,Unmatched,0,0,0
EIDGHK_04070 EF-hand domain-containing protein,Unmatched,0,0,0
EIDGHK_04075 DUF4079 domain-containing protein,Unmatched,0,0,0
"EIDGHK_04080 UDP-N-acetylmuramoyl-L-alanyl-D-glutamate--2,6-diaminopimelate ligase",Unmatched,0,0,0
EIDGHK_04085 Serine/threonine-protein kinase B,Unmatched,0,0,0
EIDGHK_04090 fatty acid desaturase,Unmatched,0,0,0
EIDGHK_04095 hypothetical protein,Unmatched,0,0,0
EIDGHK_04100 lytic murein transglycosylase,Unmatched,0,0,0
EIDGHK_04105 endonuclease,Unmatched,0,0,0
EIDGHK_04110 DNA methyltransferase,Unmatched,0,0,0
EIDGHK_04115 exopolyphosphatase-like protein,Unmatched,0,0,0
EIDGHK_04120 phosphohistidine phosphatase SixA,Unmatched,0,0,0
EIDGHK_04125 hypothetical protein,Unmatched,0,0,0
EIDGHK_04130 GTPase,Unmatched,0,0,0
EIDGHK_04135 hypothetical protein,Unmatched,0,0,0
EIDGHK_04140 cell division protein FtsI,Unmatched,0,0,0
EIDGHK_04145 DUF3226 domain-containing protein,Unmatched,0,0,0
EIDGHK_04150 recombination protein F,Unmatched,0,0,0
EIDGHK_04155 acid phosphatase,Unmatched,0,0,0
EIDGHK_04160 farnesyl-diphosphate synthase,Unmatched,0,0,0
EIDGHK_04165 serine/threonine protein kinase,Unmatched,0,0,0
EIDGHK_04170 peptide deformylase,Unmatched,0,0,0
EIDGHK_04175 hypothetical protein,Unmatched,0,0,0
EIDGHK_04180 hypothetical protein,Unmatched,0,0,0
EIDGHK_04185 transketolase,Unmatched,0,0,0
EIDGHK_04190 ATP-dependent chaperone ClpB,Unmatched,0,0,0
EIDGHK_04195 Uma2 domain-containing protein,Unmatched,0,0,0
EIDGHK_04200 tRNA-Leu(tag),Unmatched,0,0,0
EIDGHK_04205 prolipoprotein diacylglyceryl transferase,Unmatched,0,0,0
EIDGHK_04210 flagellar biosynthesis protein FlgM,Unmatched,0,0,0
EIDGHK_04215 glycosyl transferase family 2,Unmatched,0,0,0
EIDGHK_04220 hypothetical protein,Unmatched,0,0,0
EIDGHK_04225 DUF721 domain-containing protein,Unmatched,0,0,0
EIDGHK_04230 hypothetical protein,Unmatched,0,0,0
EIDGHK_04235 phage shock protein A,Unmatched,0,0,0
EIDGHK_04240 PspA/IM30 family,Unmatched,0,0,0
EIDGHK_04245 Phage shock protein A,Unmatched,0,0,0
EIDGHK_04250 Re/Si-specific NAD(P)(+) transhydrogenase subunit alpha,Unmatched,0,0,0
EIDGHK_04255 pyridine nucleotide transhydrogenase,Unmatched,0,0,0
EIDGHK_04260 NAD synthetase,Unmatched,0,0,0
EIDGHK_04270 leucyl aminopeptidase,Unmatched,0,0,0
EIDGHK_04275 Tetratricopeptide repeat family protein,Unmatched,0,0,0
EIDGHK_04280 ATP-dependent zinc metalloprotease FtsH4,Unmatched,0,0,0
EIDGHK_04300 hypothetical protein,Unmatched,0,0,0
EIDGHK_04305 DUF4258 domain-containing protein,Unmatched,0,0,0
EIDGHK_04310 hypothetical protein,Unmatched,0,0,0
EIDGHK_04315 hypothetical protein,Unmatched,0,0,0
EIDGHK_04320 nuclease,Unmatched,0,0,0
EIDGHK_04325 hypothetical protein,Unmatched,0,0,0
EIDGHK_04330 hypothetical protein,Unmatched,0,0,0
EIDGHK_04335 hypothetical protein,Unmatched,0,0,0
EIDGHK_04340 2-hydroxy-3-keto-5-methylthiopentenyl-1-phosphate phosphatase,Unmatched,0,0,0
EIDGHK_04345 hydrolase,Unmatched,0,0,0
EIDGHK_04350 hypothetical protein,Unmatched,0,0,0
EIDGHK_04355 hypothetical protein,Unmatched,0,0,0
EIDGHK_04360 hypothetical protein,Unmatched,0,0,0
EIDGHK_04365 [cytidine(C)-cytidine(C)-adenosine (A)]-adding enzyme,Unmatched,0,0,0
EIDGHK_04370 Hypothetical chloroplast protein Ycf34,Unmatched,0,0,0
EIDGHK_04375 NADH dehydrogenase,Unmatched,0,0,0
EIDGHK_04380 nucleic acid-binding protein,Unmatched,0,0,0
EIDGHK_04385 hypothetical protein,Unmatched,0,0,0
EIDGHK_04390 acyl carrier protein,Unmatched,0,0,0
EIDGHK_04395 beta-ketoacyl-ACP synthase II,Unmatched,0,0,0
EIDGHK_04400 transketolase,Unmatched,0,0,0
EIDGHK_04405 Doublecortin domain-containing protein,Unmatched,0,0,0
EIDGHK_04410 hypothetical protein,Unmatched,0,0,0
EIDGHK_04415 tRNA-Ile2(cat),Unmatched,0,0,0
EIDGHK_04420 hypothetical protein,Unmatched,0,0,0
EIDGHK_04425 Magnesium and cobalt efflux protein CorC,Unmatched,0,0,0
EIDGHK_04430 murein transglycosylase,Unmatched,0,0,0
EIDGHK_04435 GRRM system radical SAM/SPASM domain protein,Unmatched,0,0,0
EIDGHK_04440 Putative restriction endonuclease,Unmatched,0,0,0
EIDGHK_04445 LysR family transcriptional regulator,Unmatched,0,0,0
EIDGHK_04450 NAD(P)H-quinone oxidoreductase subunit F,Unmatched,0,0,0
EIDGHK_04455 carbonate dehydratase,Unmatched,0,0,0
EIDGHK_04460 NADH-quinone oxidoreductase subunit M,Unmatched,0,0,0
EIDGHK_04465 carbon dioxide transporter,Unmatched,0,0,0
EIDGHK_04470 Putative restriction endonuclease,Unmatched,0,0,0
EIDGHK_04475 DUF2232 domain-containing protein,Unmatched,0,0,0
EIDGHK_04480 FkbM family methyltransferase,Unmatched,0,0,0
EIDGHK_04485 ribonuclease E/G,Unmatched,0,0,0
EIDGHK_04490 ribonuclease HII,Unmatched,0,0,0
EIDGHK_04495 decarboxylating NADP(+)-dependent phosphogluconate dehydrogenase,Unmatched,0,0,0
EIDGHK_04500 Zn-dependent hydrolase,Unmatched,0,0,0
EIDGHK_04505 site-specific DNA-methyltransferase,Unmatched,0,0,0
EIDGHK_04510 mannosyltransferase,Unmatched,0,0,0
EIDGHK_04515 glycosyl transferase family 1,Unmatched,0,0,0
EIDGHK_04520 WD40 repeat domain-containing protein,Unmatched,0,0,0
EIDGHK_04525 AAA+ family ATPase,Unmatched,0,0,0
EIDGHK_04530 hypothetical protein,Unmatched,0,0,0
EIDGHK_04535 peroxiredoxin,Unmatched,0,0,0
EIDGHK_04540 3-phosphoshikimate 1-carboxyvinyltransferase,Unmatched,0,0,0
EIDGHK_04545 hypothetical protein,Unmatched,0,0,0
EIDGHK_04550 NAD(P)-dependent oxidoreductase,Unmatched,0,0,0
EIDGHK_04555 hypothetical protein,Unmatched,0,0,0
EIDGHK_04560 Ureidoglycolate hydrolase,Unmatched,0,0,0
EIDGHK_04565 efflux RND transporter periplasmic adaptor subunit,Unmatched,0,0,0
EIDGHK_04570 GUN4 domain-containing protein,Unmatched,0,0,0
EIDGHK_04575 aspartate carbamoyltransferase catalytic subunit,Unmatched,0,0,0
EIDGHK_04580 hypothetical protein,Unmatched,0,0,0
EIDGHK_04585 urease accessory protein UreE,Unmatched,0,0,0
EIDGHK_04590 DUF4168 domain-containing protein,Unmatched,0,0,0
EIDGHK_04595 DNA-binding protein,Unmatched,0,0,0
EIDGHK_04600 threonine-phosphate decarboxylase CobD,Unmatched,0,0,0
EIDGHK_04605 photosystem II reaction center protein CP43,Unmatched,0,0,0
EIDGHK_04610 Antisense RNA which regulates isiA expression,Unmatched,0,0,0
EIDGHK_04615 Photosynthetic reaction centre protein,Unmatched,0,0,0
EIDGHK_04620 hypothetical protein,Unmatched,0,0,0
EIDGHK_04625 chromosome partitioning protein ParA,Unmatched,0,0,0
EIDGHK_04630 hypothetical protein,Unmatched,0,0,0
EIDGHK_04635 gamma-glutamyltransferase,Unmatched,0,0,0
EIDGHK_04640 Site-specific recombinase XerD,Unmatched,0,0,0
EIDGHK_04645 GIY-YIG nuclease family protein,Unmatched,0,0,0
EIDGHK_04650 HNH endonuclease,Unmatched,0,0,0
EIDGHK_04655 hypothetical protein,Unmatched,0,0,0
EIDGHK_04660 NUDIX hydrolase,Unmatched,0,0,0
EIDGHK_04665 CRISPR-associated endonuclease Cas2,Unmatched,0,0,0
EIDGHK_04670 CRISPR-associated endonuclease Cas1,Unmatched,0,0,0
EIDGHK_04675 CRISPR-associated protein Cas5,Unmatched,0,0,0
EIDGHK_04680 type I-B CRISPR-associated protein Cas7/Cst2/DevR,Unmatched,0,0,0
EIDGHK_04685 Type I-MYXAN CRISPR-associated Cas8a1/Cmx1,Unmatched,0,0,0
EIDGHK_04690 CRISPR-associated helicase Cas3,Unmatched,0,0,0
EIDGHK_04695 type I-MYXAN CRISPR-associated protein Cas6/Cmx6,Unmatched,0,0,0
EIDGHK_04700 DNA-binding protein,Unmatched,0,0,0
EIDGHK_04705 9-O-acetyl-N-acetylneuraminate esterase,Unmatched,0,0,0
EIDGHK_04710 Putative restriction endonuclease,Unmatched,0,0,0
"EIDGHK_04715 Membrane-bound metal-dependent hydrolase YdjM, induced during SOS response",Unmatched,0,0,0
EIDGHK_04720 ATP-binding protein,Unmatched,0,0,0
EIDGHK_04725 hypothetical protein,Unmatched,0,0,0
EIDGHK_04730 Outer membrane efflux protein,Unmatched,0,0,0
EIDGHK_04735 IS1634 family transposase,Unmatched,0,0,0
EIDGHK_04740 hypothetical protein,Unmatched,0,0,0
"EIDGHK_04745 putative toxin-antitoxin system toxin component, PIN family",Unmatched,0,0,0
EIDGHK_04750 Flavin-dependent dehydrogenase,Unmatched,0,0,0
EIDGHK_04755 hypothetical protein,Unmatched,0,0,0
EIDGHK_04760 DUF2993 domain-containing protein,Unmatched,0,0,0
EIDGHK_04765 spore germination protein,Unmatched,0,0,0
EIDGHK_04770 mechanosensitive ion channel protein MscS,Unmatched,0,0,0
EIDGHK_04775 Cytochrome c-553-like,Unmatched,0,0,0
EIDGHK_04780 Peptide deformylase,Unmatched,0,0,0
EIDGHK_04785 chromosomal replication initiator protein DnaA,Unmatched,0,0,0
EIDGHK_04790 heme o synthase,Unmatched,0,0,0
EIDGHK_04795 heme A synthase,Unmatched,0,0,0
EIDGHK_04800 cytochrome c oxidase subunit II,Unmatched,0,0,0
EIDGHK_04805 cytochrome c oxidase subunit I,Unmatched,0,0,0
EIDGHK_04810 heme-copper oxidase subunit III,Unmatched,0,0,0
EIDGHK_04815 polyketide synthase,Unmatched,0,0,0
EIDGHK_04820 isovaleryl-CoA dehydrogenase,Unmatched,0,0,0
EIDGHK_04825 Alkaline phosphatase,Unmatched,0,0,0
EIDGHK_04830 DUF29 domain-containing protein,Unmatched,0,0,0
EIDGHK_04835 FkbM family methyltransferase,Unmatched,0,0,0
EIDGHK_04840 Acetylglutamate kinase,Unmatched,0,0,0
EIDGHK_04845 anti-anti-sigma factor,Unmatched,0,0,0
EIDGHK_04850 heterodisulfide reductase,Unmatched,0,0,0
EIDGHK_04855 phospholipid-binding protein,Unmatched,0,0,0
EIDGHK_04860 leucine--tRNA ligase,Unmatched,0,0,0
EIDGHK_04865 hypothetical protein,Unmatched,0,0,0
EIDGHK_04870 hypothetical protein,Unmatched,0,0,0
EIDGHK_04875 tetratricopeptide repeat protein,Unmatched,0,0,0
EIDGHK_04880 glucose-6-phosphate 1-dehydrogenase,Unmatched,0,0,0
EIDGHK_04885 hypothetical protein,Unmatched,0,0,0
EIDGHK_04890 cysteine synthase A,Unmatched,0,0,0
EIDGHK_04895 phosphate starvation-inducible protein PhoH,Unmatched,0,0,0
EIDGHK_04900 50S ribosomal protein L20,Unmatched,0,0,0
EIDGHK_04905 50S ribosomal protein L35,Unmatched,0,0,0
EIDGHK_04910 transaldolase,Unmatched,0,0,0
EIDGHK_04915 peptide chain release factor 1,Unmatched,0,0,0
EIDGHK_04920 Polyribonucleotide nucleotidyltransferase,Unmatched,0,0,0
"EIDGHK_04925 glutamate-1-semialdehyde 2,1-aminomutase",Unmatched,0,0,0
EIDGHK_04930 DNA polymerase III subunit beta,Unmatched,0,0,0
EIDGHK_04935 DUF4351 domain-containing protein,Unmatched,0,0,0
EIDGHK_04940 hypothetical protein,Unmatched,0,0,0
EIDGHK_04945 DUF3326 domain-containing protein,Unmatched,0,0,0
EIDGHK_04950 CPBP family intramembrane metalloprotease,Unmatched,0,0,0
EIDGHK_04955 DUF3531 domain-containing protein,Unmatched,0,0,0
EIDGHK_04960 bile acid beta-glucosidase,Unmatched,0,0,0
EIDGHK_04965 DUF2157 domain-containing protein,Unmatched,0,0,0
EIDGHK_04970 DNA-binding response regulator,Unmatched,0,0,0
EIDGHK_04975 DNA repair protein RecN,Unmatched,0,0,0
EIDGHK_04980 Putative restriction endonuclease,Unmatched,0,0,0
EIDGHK_04985 FAD-dependent oxidoreductase,Unmatched,0,0,0
EIDGHK_04990 Ribonuclease HI,Unmatched,0,0,0
EIDGHK_05125 NAD(P)H-quinone oxidoreductase subunit M,Unmatched,0,0,0
EIDGHK_05130 30S ribosomal protein S15,Unmatched,0,0,0
EIDGHK_05135 DUF3464 domain-containing protein,Unmatched,0,0,0
EIDGHK_05140 bifunctional 3-deoxy-7-phosphoheptulonate synthase/chorismate mutase,Unmatched,0,0,0
EIDGHK_05145 Uma2 family endonuclease,Unmatched,0,0,0
"EIDGHK_05150 Endonuclease, Uma2 family (restriction endonuclease fold)",Unmatched,0,0,0
EIDGHK_05155 Serine/threonine-protein kinase pkn1,Unmatched,0,0,0
EIDGHK_05160 aspartate--tRNA ligase,Unmatched,0,0,0
EIDGHK_05165 citrate lyase beta subunit,Unmatched,0,0,0
EIDGHK_05170 DUF3598 domain-containing protein,Unmatched,0,0,0
EIDGHK_05175 aspartate 1-decarboxylase,Unmatched,0,0,0
EIDGHK_05180 arsenic-transporting ATPase,Unmatched,0,0,0
EIDGHK_05185 hypothetical protein,Unmatched,0,0,0
EIDGHK_05190 hypothetical protein,Unmatched,0,0,0
EIDGHK_05195 YiaAB domain-containing protein,Unmatched,0,0,0
EIDGHK_05200 hypothetical protein,Unmatched,0,0,0
EIDGHK_05205 hypothetical protein,Unmatched,0,0,0
EIDGHK_05210 hypothetical protein,Unmatched,0,0,0
EIDGHK_05215 leucyl/phenylalanyl-tRNA--protein transferase,Unmatched,0,0,0
EIDGHK_05220 glycosyl hydrolase family 57,Unmatched,0,0,0
EIDGHK_05225 Magnesium and cobalt efflux protein CorC,Unmatched,0,0,0
EIDGHK_05230 hypothetical protein,Unmatched,0,0,0
EIDGHK_05235 Proton extrusion protein PcxA,Unmatched,0,0,0
EIDGHK_05240 UvrD-like helicase C-terminal domain-containing protein,Unmatched,0,0,0
EIDGHK_05245 primosomal protein N',Unmatched,0,0,0
"EIDGHK_05250 RNA polymerase sigma factor, RpoD/SigA family",Unmatched,0,0,0
EIDGHK_05255 hypothetical protein,Unmatched,0,0,0
EIDGHK_05260 aminotransferase,Unmatched,0,0,0
EIDGHK_05265 RNA polymerase sigma factor SigF,Unmatched,0,0,0
EIDGHK_05270 PEP-CTERM sorting domain-containing protein,Unmatched,0,0,0
EIDGHK_05275 chaperonin GroEL,Unmatched,0,0,0
EIDGHK_05280 co-chaperone GroES,Unmatched,0,0,0
EIDGHK_05285 CP12 domain-containing protein,Unmatched,0,0,0
EIDGHK_05290 hypothetical protein,Unmatched,0,0,0
EIDGHK_05295 thioredoxin,Unmatched,0,0,0
EIDGHK_05300 hypothetical protein,Unmatched,0,0,0
EIDGHK_05305 recombinase,Unmatched,0,0,0
EIDGHK_05310 histidine kinase,Unmatched,0,0,0
EIDGHK_05315 CAAD domain-containing protein,Unmatched,0,0,0
EIDGHK_05320 DNA helicase PcrA,Unmatched,0,0,0
EIDGHK_05325 methionine adenosyltransferase,Unmatched,0,0,0
EIDGHK_05330 Cyanobacterial functional RNA 1,Unmatched,0,0,0
EIDGHK_05335 DUF2203 domain-containing protein,Unmatched,0,0,0
EIDGHK_05340 DUF6439 domain-containing protein,Unmatched,0,0,0
EIDGHK_05345 ATP-binding protein,Unmatched,0,0,0
EIDGHK_05350 23S rRNA (uracil(1939)-C(5))-methyltransferase RlmD,Unmatched,0,0,0
EIDGHK_05355 DUF29 domain-containing protein,Unmatched,0,0,0
EIDGHK_05360 ATPase,Unmatched,0,0,0
"EIDGHK_05365 2-carboxy-1,4-naphthoquinone phytyltransferase",Unmatched,0,0,0
EIDGHK_05370 PEP-CTERM domain-containing protein,Unmatched,0,0,0
EIDGHK_05375 hypothetical protein,Unmatched,0,0,0
EIDGHK_05380 heat-inducible transcriptional repressor HrcA,Unmatched,0,0,0
EIDGHK_05390 hypothetical protein,Unmatched,0,0,0
EIDGHK_05395 PIN domain nuclease,Unmatched,0,0,0
EIDGHK_05400 ATP-binding cassette family protein,Unmatched,0,0,0
EIDGHK_05405 molybdopterin synthase sulfur carrier subunit,Unmatched,0,0,0
EIDGHK_05410 single-stranded-DNA-specific exonuclease RecJ,Unmatched,0,0,0
EIDGHK_05415 spermidine synthase,Unmatched,0,0,0
EIDGHK_05420 acetyl-CoA carboxylase carboxyl transferase subunit alpha,Unmatched,0,0,0
EIDGHK_05425 Cobalamin biosynthesis protein,Unmatched,0,0,0
EIDGHK_05430 Lipid-A-disaccharide synthase,Unmatched,0,0,0
EIDGHK_05435 alpha/beta hydrolase,Unmatched,0,0,0
EIDGHK_05440 alpha/beta hydrolase,Unmatched,0,0,0
EIDGHK_05445 chorismate mutase,Unmatched,0,0,0
EIDGHK_05450 signal peptide peptidase SppA,Unmatched,0,0,0
EIDGHK_05455 DUF4160 domain-containing protein,Unmatched,0,0,0
EIDGHK_05460 HTH cro/C1-type domain-containing protein,Unmatched,0,0,0
EIDGHK_05465 hypothetical protein,Unmatched,0,0,0
EIDGHK_05470 hypothetical protein,Unmatched,0,0,0
EIDGHK_05475 Restriction endonuclease subunit S,Unmatched,0,0,0
EIDGHK_05480 type I restriction endonuclease subunit R,Unmatched,0,0,0
EIDGHK_05485 Uma2 domain-containing protein,Unmatched,0,0,0
EIDGHK_05490 ATPase,Unmatched,0,0,0
EIDGHK_05495 30S ribosomal protein S18,Unmatched,0,0,0
EIDGHK_05500 50S ribosomal protein L33,Unmatched,0,0,0
EIDGHK_05505 hypothetical protein,Unmatched,0,0,0
EIDGHK_05510 DUF2358 domain-containing protein,Unmatched,0,0,0
EIDGHK_05515 tRNA (N6-isopentenyl adenosine(37)-C2)-methylthiotransferase MiaB,Unmatched,0,0,0
EIDGHK_05520 Nif11-like leader peptide family natural product precursor,Unmatched,0,0,0
EIDGHK_05525 carbon dioxide-concentrating protein CcmK,Unmatched,0,0,0
EIDGHK_05530 Carboxysome shell protein CcmK,Unmatched,0,0,0
EIDGHK_05535 carbon dioxide concentrating mechanism protein CcmL,Unmatched,0,0,0
EIDGHK_05540 carbon dioxide concentrating mechanism protein CcmM,Unmatched,0,0,0
EIDGHK_05545 carbon dioxide concentrating mechanism protein,Unmatched,0,0,0
EIDGHK_05550 Ribulose bisphosphate carboxylase large chain,Unmatched,0,0,0
EIDGHK_05555 RbcX chaperonin protein,Unmatched,0,0,0
EIDGHK_05560 ribulose bisphosphate carboxylase small subunit,Unmatched,0,0,0
EIDGHK_05565 transcriptional regulator,Unmatched,0,0,0
EIDGHK_05570 Diaminopimelate decarboxylase,Unmatched,0,0,0
EIDGHK_05575 hypothetical protein,Unmatched,0,0,0
EIDGHK_05580 Fusaric acid resistance protein-like,Unmatched,0,0,0
EIDGHK_05585 H(+)/Cl(-) exchange transporter ClcA,Unmatched,0,0,0
EIDGHK_05590 H(+)/Cl(-) exchange transporter ClcA,Unmatched,0,0,0
EIDGHK_05595 transposase,Unmatched,0,0,0
EIDGHK_05600 transketolase,Unmatched,0,0,0
EIDGHK_05605 transketolase,Unmatched,0,0,0
EIDGHK_05610 epimerase,Unmatched,0,0,0
EIDGHK_05615 Uma2 domain-containing protein,Unmatched,0,0,0
EIDGHK_05620 hypothetical protein,Unmatched,0,0,0
EIDGHK_05625 hormogonium polysaccharide biosynthesis acetyltransferase HpsU,Unmatched,0,0,0
EIDGHK_05630 glycosyltransferase,Unmatched,0,0,0
EIDGHK_05635 Urease accessory protein UreF,Unmatched,0,0,0
EIDGHK_05640 hypothetical protein,Unmatched,0,0,0
EIDGHK_05645 molybdenum cofactor biosynthesis protein,Unmatched,0,0,0
EIDGHK_05650 DUF4115 domain-containing protein,Unmatched,0,0,0
EIDGHK_05655 dihem cytochrome c family protein,Unmatched,0,0,0
EIDGHK_05660 hypothetical protein,Unmatched,0,0,0
EIDGHK_05665 hypothetical protein,Unmatched,0,0,0
EIDGHK_05670 5-oxoprolinase,Unmatched,0,0,0
EIDGHK_05675 tRNA (adenosine(37)-N6)-threonylcarbamoyltransferase complex transferase subunit TsaD,Unmatched,0,0,0
EIDGHK_05680 tRNA pseudouridine(55) synthase TruB,Unmatched,0,0,0
EIDGHK_05685 cobaltochelatase,Unmatched,0,0,0
EIDGHK_05690 histidinol-phosphate transaminase,Unmatched,0,0,0
EIDGHK_05695 (E)-4-hydroxy-3-methylbut-2-enyl-diphosphate synthase,Unmatched,0,0,0
EIDGHK_05700 alpha/beta hydrolase,Unmatched,0,0,0
EIDGHK_05705 TIGR04376 family protein,Unmatched,0,0,0
EIDGHK_05710 lysine--tRNA ligase,Unmatched,0,0,0
EIDGHK_05715 DUF3685 domain-containing protein,Unmatched,0,0,0
EIDGHK_05720 transcriptional repressor,Unmatched,0,0,0
EIDGHK_05725 PEP-CTERM sorting domain-containing protein,Unmatched,0,0,0
EIDGHK_05730 DUF29 domain-containing protein,Unmatched,0,0,0
EIDGHK_05735 phosphoglucosamine mutase,Unmatched,0,0,0
EIDGHK_05740 hypothetical protein,Unmatched,0,0,0
EIDGHK_05745 Photosystem II manganese-stabilizing polypeptide,Unmatched,0,0,0
EIDGHK_05750 dihydroorotase,Unmatched,0,0,0
EIDGHK_05755 phosphoribosyltransferase,Unmatched,0,0,0
EIDGHK_05760 hypothetical protein,Unmatched,0,0,0
EIDGHK_05765 translation initiation factor,Unmatched,0,0,0
EIDGHK_05770 TspO protein,Unmatched,0,0,0
EIDGHK_05775 hypothetical protein,Unmatched,0,0,0
EIDGHK_05780 ABC transporter ATP-binding protein,Unmatched,0,0,0
EIDGHK_05785 ABC transporter substrate-binding protein,Unmatched,0,0,0
EIDGHK_05790 phycobilisome maturation protein,Unmatched,0,0,0
EIDGHK_05795 DUF29 domain-containing protein,Unmatched,0,0,0
EIDGHK_05800 phycocyanobilin lyase,Unmatched,0,0,0
EIDGHK_05805 pyruvate kinase,Unmatched,0,0,0
EIDGHK_05810 S-layer protein,Unmatched,0,0,0
EIDGHK_05815 Ycf66 protein N-terminus,Unmatched,0,0,0
EIDGHK_05820 biopolymer transporter Tol,Unmatched,0,0,0
EIDGHK_05825 Tol biopolymer transporter periplasmic protein,Unmatched,0,0,0
EIDGHK_05830 Patatin-like phospholipase,Unmatched,0,0,0
EIDGHK_05835 glucose-1-phosphate adenylyltransferase,Unmatched,0,0,0
EIDGHK_05840 hypothetical protein,Unmatched,0,0,0
EIDGHK_05845 tRNA dihydrouridine(20/20a) synthase DusA,Unmatched,0,0,0
EIDGHK_05850 DUF362 domain-containing protein,Unmatched,0,0,0
EIDGHK_05855 Undecaprenyl-phosphate galactosephosphotransferase,Unmatched,0,0,0
EIDGHK_05860 (2Fe-2S)-binding protein,Unmatched,0,0,0
EIDGHK_05865 DUF1997 domain-containing protein,Unmatched,0,0,0
EIDGHK_05870 hypothetical protein,Unmatched,0,0,0
EIDGHK_05875 peptidoglycan editing factor PgeF,Unmatched,0,0,0
EIDGHK_05880 methionyl-tRNA formyltransferase,Unmatched,0,0,0
EIDGHK_05885 cyclic nucleotide-binding protein,Unmatched,0,0,0
EIDGHK_05890 hypothetical protein,Unmatched,0,0,0
EIDGHK_05895 TlyA family rRNA (cytidine-2'-O)-methyltransferase,Unmatched,0,0,0
EIDGHK_05900 hypothetical protein,Unmatched,0,0,0
EIDGHK_05905 4Fe-4S ferredoxin,Unmatched,0,0,0
EIDGHK_05910 single-stranded DNA-binding protein,Unmatched,0,0,0
EIDGHK_05915 Unsaturated chondroitin disaccharide hydrolase,Unmatched,0,0,0
EIDGHK_05920 Cof-type HAD-IIB family hydrolase,Unmatched,0,0,0
EIDGHK_05925 carboxymethylenebutenolidase,Unmatched,0,0,0
EIDGHK_05930 30S ribosomal protein S1,Unmatched,0,0,0
EIDGHK_05935 hypothetical protein,Unmatched,0,0,0
EIDGHK_05940 SAM-dependent methyltransferase,Unmatched,0,0,0
EIDGHK_05945 hydroxyacid dehydrogenase,Unmatched,0,0,0
EIDGHK_05950 DUF760 domain-containing protein,Unmatched,0,0,0
EIDGHK_05955 SMC-Scp complex subunit ScpB,Unmatched,0,0,0
EIDGHK_05960 inositol monophosphatase,Unmatched,0,0,0
EIDGHK_05965 ABC transporter,Unmatched,0,0,0
EIDGHK_05970 TolC family protein,Unmatched,0,0,0
EIDGHK_05975 NHLP bacteriocin export ABC transporter permease/ATPase subunit,Unmatched,0,0,0
EIDGHK_05995 acetyl-CoA carboxylase biotin carboxylase subunit,Unmatched,0,0,0
EIDGHK_06000 hypothetical protein,Unmatched,0,0,0
EIDGHK_06005 IS982 family transposase,Unmatched,0,0,0
EIDGHK_06010 helix-turn-helix domain-containing protein,Unmatched,0,0,0
EIDGHK_06015 IS1 transposase,Unmatched,0,0,0
EIDGHK_06020 IS630 family transposase,Unmatched,0,0,0
EIDGHK_06025 hypothetical protein,Unmatched,0,0,0
EIDGHK_06030 hypothetical protein,Unmatched,0,0,0
EIDGHK_06035 translation initiation factor IF-3,Unmatched,0,0,0
EIDGHK_06040 polyketide synthase,Unmatched,0,0,0
EIDGHK_06045 Polyketide synthase modules and related proteins,Unmatched,0,0,0
EIDGHK_06050 polyketide synthase,Unmatched,0,0,0
EIDGHK_06055 bifunctional 3-hydroxydecanoyl-ACP dehydratase/trans-2-decenoyl-ACP isomerase,Unmatched,0,0,0
EIDGHK_06060 2-nitropropane dioxygenase,Unmatched,0,0,0
EIDGHK_06065 MFS transporter,Unmatched,0,0,0
EIDGHK_06070 dehydrogenase,Unmatched,0,0,0
EIDGHK_06075 DUF4214 domain-containing protein,Unmatched,0,0,0
EIDGHK_06080 Methyltransf-11 domain-containing protein,Unmatched,0,0,0
EIDGHK_06085 glycosyl transferase,Unmatched,0,0,0
EIDGHK_06090 glycosyl transferase,Unmatched,0,0,0
EIDGHK_06095 Phenazine biosynthesis-like protein,Unmatched,0,0,0
EIDGHK_06100 hypothetical protein,Unmatched,0,0,0
EIDGHK_06105 Xaa-Pro aminopeptidase,Unmatched,0,0,0
EIDGHK_06110 Uma2 family endonuclease,Unmatched,0,0,0
EIDGHK_06115 Uma2 family endonuclease,Unmatched,0,0,0
EIDGHK_06120 NAD-dependent DNA ligase LigA,Unmatched,0,0,0
EIDGHK_06125 hypothetical protein,Unmatched,0,0,0
EIDGHK_06130 DNA (cytosine-5-)-methyltransferase,Unmatched,0,0,0
EIDGHK_06135 hypothetical protein,Unmatched,0,0,0
EIDGHK_06140 hypothetical protein,Unmatched,0,0,0
EIDGHK_06145 tRNA (uridine(34)/cytosine(34)/5-carboxymethylaminomethyluridine(34)-2'-O)-methyltransferase TrmL,Unmatched,0,0,0
EIDGHK_06150 Prepilin-type cleavage/methylation domain-containing protein,Unmatched,0,0,0
EIDGHK_06155 4a-hydroxytetrahydrobiopterin dehydratase,Unmatched,0,0,0
EIDGHK_06160 chromosome partitioning protein ParA,Unmatched,0,0,0
EIDGHK_06165 ferredoxin:protochlorophyllide reductase (ATP-dependent) subunit B,Unmatched,0,0,0
EIDGHK_06170 Uncharacterized conserved protein,Unmatched,0,0,0
EIDGHK_06175 lipoyl synthase,Unmatched,0,0,0
EIDGHK_06180 mechanosensitive ion channel family protein,Unmatched,0,0,0
EIDGHK_06185 Grx4 family monothiol glutaredoxin,Unmatched,0,0,0
EIDGHK_06190 DNA polymerase III subunit gamma/tau,Unmatched,0,0,0
EIDGHK_06195 nitrate reductase catalytic subunit,Unmatched,0,0,0
EIDGHK_06200 Uncharacterized protein alr1449,Unmatched,0,0,0
EIDGHK_06205 S15 family X-Pro dipeptidyl-peptidase,Unmatched,0,0,0
EIDGHK_06210 polyketide cyclase/dehydrase and lipid transport protein,Unmatched,0,0,0
EIDGHK_06215 acetolactate synthase large subunit,Unmatched,0,0,0
EIDGHK_06220 Rho termination protein,Unmatched,0,0,0
EIDGHK_06225 alpha-ribazole phosphatase,Unmatched,0,0,0
EIDGHK_06230 PEP-CTERM sorting domain-containing protein,Unmatched,0,0,0
"EIDGHK_06235 C-3',4' desaturase CrtD",Unmatched,0,0,0
EIDGHK_06240 homoserine kinase,Unmatched,0,0,0
EIDGHK_06245 superoxide dismutase,Unmatched,0,0,0
EIDGHK_06250 PEP-CTERM sorting domain-containing protein,Unmatched,0,0,0
EIDGHK_06255 TIGR04283 family arsenosugar biosynthesis glycosyltransferase,Unmatched,0,0,0
EIDGHK_06260 CoA-binding protein,Unmatched,0,0,0
"EIDGHK_06265 Carbohydrate-selective porin, OprB family",Unmatched,0,0,0
EIDGHK_06270 hypothetical protein,Unmatched,0,0,0
"EIDGHK_06275 cobyrinate a,c-diamide synthase",Unmatched,0,0,0
EIDGHK_06280 hypothetical protein,Unmatched,0,0,0
EIDGHK_06285 phosphoenolpyruvate carboxykinase (ATP),Unmatched,0,0,0
EIDGHK_06290 Amino acid transport system substrate-binding protein,Unmatched,0,0,0
"EIDGHK_06295 dTDP-4-dehydrorhamnose 3,5-epimerase",Unmatched,0,0,0
EIDGHK_06300 hypothetical protein,Unmatched,0,0,0
EIDGHK_06305 hypothetical protein,Unmatched,0,0,0
EIDGHK_06310 alpha/beta hydrolase,Unmatched,0,0,0
EIDGHK_06315 hypothetical protein,Unmatched,0,0,0
EIDGHK_06320 sulfotransferase family protein,Unmatched,0,0,0
EIDGHK_06325 hypothetical protein,Unmatched,0,0,0
EIDGHK_06330 DUF4346 domain-containing protein,Unmatched,0,0,0
EIDGHK_06335 branched-chain amino acid ABC transporter permease,Unmatched,0,0,0
EIDGHK_06340 Pentapeptide repeat protein,Unmatched,0,0,0
EIDGHK_06345 5-(carboxyamino)imidazole ribonucleotide synthase,Unmatched,0,0,0
EIDGHK_06350 lipolytic protein G-D-S-L family,Unmatched,0,0,0
EIDGHK_06355 hypothetical protein,Unmatched,0,0,0
EIDGHK_06360 histidine kinase,Unmatched,0,0,0
EIDGHK_06365 argininosuccinate synthase,Unmatched,0,0,0
EIDGHK_06370 XisI protein,Unmatched,0,0,0
EIDGHK_06380 HNHc domain-containing protein,Unmatched,0,0,0
EIDGHK_06390 HTH-33 domain-containing protein,Unmatched,0,0,0
EIDGHK_06395 IS630 family transposase,Unmatched,0,0,0
EIDGHK_06405 Similarity,Unmatched,0,0,0
"EIDGHK_06410 type II toxin-antitoxin system mRNA interferase toxin, RelE/StbE family",Unmatched,0,0,0
EIDGHK_06420 putative permease,Unmatched,0,0,0
EIDGHK_06425 TIGR03943 family protein,Unmatched,0,0,0
EIDGHK_06430 Big-5 domain-containing protein,Unmatched,0,0,0
EIDGHK_06435 aldehyde dehydrogenase family protein,Unmatched,0,0,0
EIDGHK_06440 isochorismate synthase,Unmatched,0,0,0
EIDGHK_06445 ferredoxin,Unmatched,0,0,0
EIDGHK_06450 thiol:disulfide interchange protein,Unmatched,0,0,0
EIDGHK_06455 hypothetical protein,Unmatched,0,0,0
EIDGHK_06460 hypothetical protein,Unmatched,0,0,0
EIDGHK_06465 ATP-dependent zinc metalloprotease FtsH,Unmatched,0,0,0
EIDGHK_06470 c-type cytochrome biogenesis protein CcsB,Unmatched,0,0,0
EIDGHK_06475 aspartoacylase,Unmatched,0,0,0
EIDGHK_06480 serine/threonine protein kinase,Unmatched,0,0,0
EIDGHK_06485 AAA+ family ATPase,Unmatched,0,0,0
EIDGHK_06490 Putative restriction endonuclease,Unmatched,0,0,0
EIDGHK_06495 DUF3084 domain-containing protein,Unmatched,0,0,0
EIDGHK_06500 global nitrogen regulator NtcA,Unmatched,0,0,0
EIDGHK_06505 enoyl-ACP reductase FabI,Unmatched,0,0,0
EIDGHK_06510 Uncharacterised protein family (UPF0175),Unmatched,0,0,0
EIDGHK_06515 Patatin-like protein,Unmatched,0,0,0
EIDGHK_06520 HicB family protein,Unmatched,0,0,0
EIDGHK_06525 hypothetical protein,Unmatched,0,0,0
EIDGHK_06530 cadmium-translocating P-type ATPase,Unmatched,0,0,0
EIDGHK_06535 histidine--tRNA ligase,Unmatched,0,0,0
EIDGHK_06540 hypothetical protein,Unmatched,0,0,0
EIDGHK_06545 murein biosynthesis integral membrane protein MurJ,Unmatched,0,0,0
EIDGHK_06550 NAD(P)H-quinone oxidoreductase subunit 5,Unmatched,0,0,0
EIDGHK_06565 group II intron reverse transcriptase/maturase,Unmatched,0,0,0
EIDGHK_06610 hypothetical protein,Unmatched,0,0,0
EIDGHK_06615 Peptidase S74 domain-containing protein,Unmatched,0,0,0
EIDGHK_06620 type I restriction endonuclease subunit R,Unmatched,0,0,0
EIDGHK_06625 nucleotidyltransferase,Unmatched,0,0,0
EIDGHK_06630 Protein kinase domain containing protein,Unmatched,0,0,0
EIDGHK_06635 Transcriptional activator srcap,Unmatched,0,0,0
EIDGHK_06640 hypothetical protein,Unmatched,0,0,0
EIDGHK_06645 hypothetical protein,Unmatched,0,0,0
EIDGHK_06650 hypothetical protein,Unmatched,0,0,0
EIDGHK_06655 AI-2E family transporter,Unmatched,0,0,0
EIDGHK_06660 high-affinity branched-chain amino acid ABC transporter ATP-binding protein LivG,Unmatched,0,0,0
EIDGHK_06665 hypothetical protein,Unmatched,0,0,0
EIDGHK_06670 DUF790 domain-containing protein,Unmatched,0,0,0
EIDGHK_06675 molecular chaperone,Unmatched,0,0,0
EIDGHK_06680 glycerol acyltransferase,Unmatched,0,0,0
EIDGHK_06685 Uma2 family endonuclease,Unmatched,0,0,0
EIDGHK_06690 Lysylphosphatidylglycerol synthase TM region,Unmatched,0,0,0
EIDGHK_06695 DUF29 domain-containing protein,Unmatched,0,0,0
EIDGHK_06700 DUF29 domain-containing protein,Unmatched,0,0,0
EIDGHK_06705 DUF29 domain-containing protein,Unmatched,0,0,0
EIDGHK_06710 DUF29 domain-containing protein,Unmatched,0,0,0
EIDGHK_06715 DUF29 domain-containing protein,Unmatched,0,0,0
EIDGHK_06720 cytochrome b6-f complex subunit PetL,Unmatched,0,0,0
EIDGHK_06725 DNA repair protein RadA,Unmatched,0,0,0
EIDGHK_06730 DNA-binding response regulator,Unmatched,0,0,0
EIDGHK_06735 Cofactor assembly of complex C subunit B,Unmatched,0,0,0
EIDGHK_06760 tRNA-Ala(tgc),Unmatched,0,0,0
EIDGHK_06780 hypothetical protein,Unmatched,0,0,0
EIDGHK_06795 Alkaline phosphatase,Unmatched,0,0,0
EIDGHK_06800 twin-arginine translocase TatA/TatE family subunit,Unmatched,0,0,0
EIDGHK_06805 bidirectional hydrogenase complex protein HoxE,Unmatched,0,0,0
EIDGHK_06810 NADH-quinone oxidoreductase subunit NuoF,Unmatched,0,0,0
EIDGHK_06815 Chloroplast import apparatus Tic20-like,Unmatched,0,0,0
EIDGHK_06820 2-phospho-L-lactate transferase CofD,Unmatched,0,0,0
EIDGHK_06825 ABC transporter ATP-binding protein,Unmatched,0,0,0
EIDGHK_06830 ferredoxin,Unmatched,0,0,0
EIDGHK_06835 Glycosyltransferase involved in cell wall bisynthesis,Unmatched,0,0,0
EIDGHK_06840 tyrosine--tRNA ligase,Unmatched,0,0,0
EIDGHK_06845 ferredoxin--nitrite reductase,Unmatched,0,0,0
EIDGHK_06850 carbamoyl-phosphate synthase large subunit,Unmatched,0,0,0
EIDGHK_06855 Metalloprotease slr0863,Unmatched,0,0,0
EIDGHK_06860 DDE-Tnp-IS66 domain-containing protein,Unmatched,0,0,0
EIDGHK_06865 hypothetical protein,Unmatched,0,0,0
EIDGHK_06870 hypothetical protein,Unmatched,0,0,0
EIDGHK_06875 Mobile element protein,Unmatched,0,0,0
EIDGHK_06880 DUF2252 domain-containing protein,Unmatched,0,0,0
EIDGHK_06895 S8 family serine peptidase,Unmatched,0,0,0
EIDGHK_06905 Putative restriction endonuclease,Unmatched,0,0,0
EIDGHK_06920 DUF5840 domain-containing protein,Unmatched,0,0,0
"EIDGHK_06925 type II toxin-antitoxin system mRNA interferase toxin, RelE/StbE family",Unmatched,0,0,0
EIDGHK_06930 HigA protein (Antitoxin to HigB),Unmatched,0,0,0
EIDGHK_06935 hypothetical protein,Unmatched,0,0,0
EIDGHK_06940 type II toxin-antitoxin system ParD family antitoxin,Unmatched,0,0,0
EIDGHK_06955 Type II toxin-antitoxin system RelE/ParE family toxin,Unmatched,0,0,0
EIDGHK_06960 type II toxin-antitoxin system ParD family antitoxin,Unmatched,0,0,0
"EIDGHK_06965 HicA toxin of bacterial toxin-antitoxin,",Unmatched,0,0,0
EIDGHK_06970 HicB-like domain-containing protein,Unmatched,0,0,0
EIDGHK_06975 AraC family transcriptional regulator,Unmatched,0,0,0
EIDGHK_06980 urease accessory protein UreJ,Unmatched,0,0,0
EIDGHK_06985 SAM-dependent methyltransferase,Unmatched,0,0,0
EIDGHK_06990 DUF3370 domain-containing protein,Unmatched,0,0,0
EIDGHK_06995 hypothetical protein,Unmatched,0,0,0
EIDGHK_07000 GHL10 domain-containing protein,Unmatched,0,0,0
EIDGHK_07005 ATPase,Unmatched,0,0,0
"EIDGHK_07010 Periplasmic protein Wza involved in polysaccharide export, contains SLBB domain of the beta-grasp fold",Unmatched,0,0,0
EIDGHK_07015 hypothetical protein,Unmatched,0,0,0
EIDGHK_07020 cyanoexosortase B,Unmatched,0,0,0
EIDGHK_07025 erythromycin biosynthesis sensory transduction protein eryC1,Unmatched,0,0,0
EIDGHK_07030 hypothetical protein,Unmatched,0,0,0
EIDGHK_07035 molybdenum cofactor guanylyltransferase,Unmatched,0,0,0
"EIDGHK_07040 Flp pilus assembly protein TadD, contains TPR repeats",Unmatched,0,0,0
EIDGHK_07045 transcriptional repressor,Unmatched,0,0,0
EIDGHK_07050 cysteine desulfuration protein SufE,Unmatched,0,0,0
EIDGHK_07055 hypothetical protein,Unmatched,0,0,0
EIDGHK_07060 DNA-directed RNA polymerase subunit omega,Unmatched,0,0,0
EIDGHK_07065 photosystem II q(b) protein,Unmatched,0,0,0
EIDGHK_07070 hypothetical protein,Unmatched,0,0,0
EIDGHK_07075 FUSC family protein,Unmatched,0,0,0
EIDGHK_07080 ATP-binding protein,Unmatched,0,0,0
EIDGHK_07085 hypothetical protein,Unmatched,0,0,0
EIDGHK_07090 isopropylmalate isomerase,Unmatched,0,0,0
EIDGHK_07095 class I SAM-dependent methyltransferase,Unmatched,0,0,0
EIDGHK_07100 bifunctional adenosylcobinamide kinase/adenosylcobinamide-phosphate guanylyltransferase,Unmatched,0,0,0
EIDGHK_07105 mannose-6-phosphate isomerase,Unmatched,0,0,0
EIDGHK_07110 flotillin family protein,Unmatched,0,0,0
EIDGHK_07115 SagB-type dehydrogenase domain-containing protein,Unmatched,0,0,0
EIDGHK_07120 DNA sulfur modification protein DndE,Unmatched,0,0,0
EIDGHK_07125 DNA sulfur modification protein DndD,Unmatched,0,0,0
EIDGHK_07130 preprotein translocase subunit Tim44,Unmatched,0,0,0
EIDGHK_07135 IctB family putative bicarbonate transporter,Unmatched,0,0,0
EIDGHK_07140 magnesium chelatase,Unmatched,0,0,0
EIDGHK_07145 bifunctional riboflavin kinase/FAD synthetase,Unmatched,0,0,0
EIDGHK_07150 hypothetical protein,Unmatched,0,0,0
EIDGHK_07155 hypothetical protein,Unmatched,0,0,0
EIDGHK_07160 50S ribosomal protein L1,Unmatched,0,0,0
EIDGHK_07165 50S ribosomal protein L11,Unmatched,0,0,0
EIDGHK_07170 transcription termination/antitermination protein NusG,Unmatched,0,0,0
EIDGHK_07175 preprotein translocase subunit SecE,Unmatched,0,0,0
EIDGHK_07180 tRNA-Trp(cca),Unmatched,0,0,0
EIDGHK_07185 50S ribosomal protein L19,Unmatched,0,0,0
EIDGHK_07190 Putative N-acetylgalactosaminyl-diphosphoundecaprenol glucuronosyltransferase,Unmatched,0,0,0
EIDGHK_07195 glyoxalase-like domain protein,Unmatched,0,0,0
EIDGHK_07200 hypothetical protein,Unmatched,0,0,0
EIDGHK_07205 flotillin,Unmatched,0,0,0
EIDGHK_07210 serine/threonine protein kinase,Unmatched,0,0,0
EIDGHK_07215 AAA-like domain-containing protein,Unmatched,0,0,0
EIDGHK_07220 hypothetical protein,Unmatched,0,0,0
EIDGHK_07300 Thiol-cytolys-C domain-containing protein,Unmatched,0,0,0
EIDGHK_07335 hypothetical protein,Unmatched,0,0,0
EIDGHK_07340 hypothetical protein,Unmatched,0,0,0
EIDGHK_07385 serine/threonine protein kinase,Unmatched,0,0,0
EIDGHK_07390 Lysine decarboxylase,Unmatched,0,0,0
EIDGHK_07395 long-chain fatty acid--CoA ligase,Unmatched,0,0,0
EIDGHK_07400 Uncharacterized protein slr0039,Unmatched,0,0,0
EIDGHK_07405 Slr0038 protein,Unmatched,0,0,0
EIDGHK_07410 histidine kinase,Unmatched,0,0,0
EIDGHK_07415 DUF3155 domain-containing protein,Unmatched,0,0,0
EIDGHK_07420 DNA-binding response regulator,Unmatched,0,0,0
EIDGHK_07425 ATP-dependent zinc metalloprotease FtsH,Unmatched,0,0,0
EIDGHK_07430 ribosome maturation factor RimP,Unmatched,0,0,0
EIDGHK_07435 transcription termination/antitermination protein NusA,Unmatched,0,0,0
EIDGHK_07440 DUF448 domain-containing protein,Unmatched,0,0,0
EIDGHK_07445 translation initiation factor IF-2,Unmatched,0,0,0
EIDGHK_07450 Low-complexity tail membrane protein,Unmatched,0,0,0
EIDGHK_07455 carbonic anhydrase,Unmatched,0,0,0
EIDGHK_07460 hypothetical protein,Unmatched,0,0,0
EIDGHK_07465 hypothetical protein,Unmatched,0,0,0
EIDGHK_07470 hypothetical protein,Unmatched,0,0,0
EIDGHK_07475 hypothetical protein,Unmatched,0,0,0
EIDGHK_07480 hypothetical protein,Unmatched,0,0,0
EIDGHK_07485 hypothetical protein,Unmatched,0,0,0
EIDGHK_07490 PINc domain-containing protein,Unmatched,0,0,0
EIDGHK_07495 type II toxin-antitoxin system prevent-host-death family antitoxin,Unmatched,0,0,0
EIDGHK_07500 transposase,Unmatched,0,0,0
EIDGHK_07505 hypothetical protein,Unmatched,0,0,0
EIDGHK_07510 GH3 auxin-responsive promoter,Unmatched,0,0,0
EIDGHK_07515 Acyl transferase,Unmatched,0,0,0
EIDGHK_07520 Sterol desaturase-like protein,Unmatched,0,0,0
EIDGHK_07525 Phenoxybenzoate dioxygenase,Unmatched,0,0,0
EIDGHK_07530 (2Fe-2S)-binding protein,Unmatched,0,0,0
EIDGHK_07535 Sll0266 protein,Unmatched,0,0,0
EIDGHK_07540 Ferritin-like domain-containing protein,Unmatched,0,0,0
EIDGHK_07545 Vanillate O-demethylase oxygenase subunit,Unmatched,0,0,0
EIDGHK_07550 hypothetical protein,Unmatched,0,0,0
EIDGHK_07555 hypothetical protein,Unmatched,0,0,0
EIDGHK_07560 ATPase-AAA-core domain-containing protein,Unmatched,0,0,0
EIDGHK_07565 adenylosuccinate lyase,Unmatched,0,0,0
EIDGHK_07570 FAD-linked oxidase,Unmatched,0,0,0
EIDGHK_07575 photosystem II protein Y,Unmatched,0,0,0
EIDGHK_07580 gamma carbonic anhydrase family protein,Unmatched,0,0,0
EIDGHK_07585 TIGR02652 family protein,Unmatched,0,0,0
EIDGHK_07590 Similar to tr|Q8YRU7|Q8YRU7,Unmatched,0,0,0
EIDGHK_07595 dihydroxy-acid dehydratase,Unmatched,0,0,0
EIDGHK_07600 TPR domain protein component of TonB system,Unmatched,0,0,0
EIDGHK_07605 bacterioferritin,Unmatched,0,0,0
EIDGHK_07610 Iron permease FTR1 family,Unmatched,0,0,0
EIDGHK_07615 branched-chain amino acid ABC transporter substrate-binding protein,Unmatched,0,0,0
EIDGHK_07620 Proline-rich protein,Unmatched,0,0,0
EIDGHK_07625 DNA (cytosine-5-)-methyltransferase,Unmatched,0,0,0
EIDGHK_07630 Restriction endonuclease,Unmatched,0,0,0
EIDGHK_07635 methyltransferase,Unmatched,0,0,0
EIDGHK_07640 VKc domain-containing protein,Unmatched,0,0,0
EIDGHK_07645 phosphorybosylanthranilate isomerase,Unmatched,0,0,0
EIDGHK_07650 30S ribosomal protein S12 methylthiotransferase RimO,Unmatched,0,0,0
EIDGHK_07655 ATP-dependent RNA helicase,Unmatched,0,0,0
EIDGHK_07660 DUF4332 domain-containing protein,Unmatched,0,0,0
EIDGHK_07665 Macrophage migration inhibitory factor (MIF),Unmatched,0,0,0
EIDGHK_07670 Putative restriction endonuclease,Unmatched,0,0,0
"EIDGHK_07675 cob(I)yrinic acid a,c-diamide adenosyltransferase",Unmatched,0,0,0
EIDGHK_07680 aldo/keto reductase,Unmatched,0,0,0
EIDGHK_07685 type I methionyl aminopeptidase,Unmatched,0,0,0
EIDGHK_07690 oxidoreductase,Unmatched,0,0,0
EIDGHK_07695 hydantoinase,Unmatched,0,0,0
EIDGHK_07700 chorismate lyase,Unmatched,0,0,0
EIDGHK_07705 glutathione S-transferase,Unmatched,0,0,0
EIDGHK_07710 glutathione S-transferase,Unmatched,0,0,0
EIDGHK_07715 signal peptidase I,Unmatched,0,0,0
EIDGHK_07720 hypothetical protein,Unmatched,0,0,0
EIDGHK_07725 DUF1818 domain-containing protein,Unmatched,0,0,0
EIDGHK_07730 esterase,Unmatched,0,0,0
EIDGHK_07735 ISKra4 family transposase,Unmatched,0,0,0
EIDGHK_07740 Serine/threonine kinase,Unmatched,0,0,0
EIDGHK_07745 hypothetical protein,Unmatched,0,0,0
EIDGHK_07750 hypothetical protein,Unmatched,0,0,0
EIDGHK_07755 flagellar assembly protein H,Unmatched,0,0,0
EIDGHK_07760 DUF29 domain-containing protein,Unmatched,0,0,0
EIDGHK_07765 phosphoribosylformylglycinamidine synthase subunit PurL,Unmatched,0,0,0
EIDGHK_07770 amidophosphoribosyltransferase,Unmatched,0,0,0
EIDGHK_07775 energy-coupling factor transporter ATPase,Unmatched,0,0,0
EIDGHK_07780 cysteine synthase A,Unmatched,0,0,0
EIDGHK_07785 serine acetyltransferase,Unmatched,0,0,0
EIDGHK_07790 hypothetical protein,Unmatched,0,0,0
EIDGHK_07795 Major membrane protein I,Unmatched,0,0,0
EIDGHK_07800 Cysteine desulfurase,Unmatched,0,0,0
EIDGHK_07805 YkuD domain-containing protein,Unmatched,0,0,0
EIDGHK_07810 hypothetical protein,Unmatched,0,0,0
EIDGHK_07815 Conserved protein,Unmatched,0,0,0
EIDGHK_07820 hypothetical protein,Unmatched,0,0,0
EIDGHK_07825 Putative restriction endonuclease,Unmatched,0,0,0
EIDGHK_07830 DUF1350 domain-containing protein,Unmatched,0,0,0
EIDGHK_07835 two-component system response regulator,Unmatched,0,0,0
EIDGHK_07840 Photosynthesis regulatory RNA1,Unmatched,0,0,0
EIDGHK_07845 peptidase S8,Unmatched,0,0,0
EIDGHK_07850 glyoxalase,Unmatched,0,0,0
EIDGHK_07855 5-histidylcysteine sulfoxide synthase,Unmatched,0,0,0
EIDGHK_07860 L-histidine N(alpha)-methyltransferase,Unmatched,0,0,0
EIDGHK_07865 hypothetical protein,Unmatched,0,0,0
EIDGHK_07870 DUF3177 domain-containing protein,Unmatched,0,0,0
EIDGHK_07875 CP12 domain-containing protein,Unmatched,0,0,0
EIDGHK_07880 hypothetical protein,Unmatched,0,0,0
EIDGHK_07885 DUF1232 domain-containing protein,Unmatched,0,0,0
EIDGHK_07890 prepilin peptidase,Unmatched,0,0,0
EIDGHK_07895 hypothetical protein,Unmatched,0,0,0
"EIDGHK_07900 acetyl-CoA carboxylase, carboxyltransferase subunit beta",Unmatched,0,0,0
EIDGHK_07905 transcriptional repressor,Unmatched,0,0,0
EIDGHK_07910 phosphoribosylformylglycinamidine synthase subunit PurS,Unmatched,0,0,0
EIDGHK_07915 phosphoribosylformylglycinamidine synthase subunit PurQ,Unmatched,0,0,0
EIDGHK_07920 cation-efflux pump,Unmatched,0,0,0
"EIDGHK_07925 dTDP-glucose 4,6-dehydratase",Unmatched,0,0,0
EIDGHK_07930 30S ribosomal protein S16,Unmatched,0,0,0
EIDGHK_07935 RNA-binding protein,Unmatched,0,0,0
EIDGHK_07940 GTPase ObgE,Unmatched,0,0,0
EIDGHK_07945 signal peptide peptidase SppA,Unmatched,0,0,0
EIDGHK_07950 competence protein,Unmatched,0,0,0
EIDGHK_07955 universal stress protein,Unmatched,0,0,0
EIDGHK_07960 hypothetical protein,Unmatched,0,0,0
EIDGHK_07965 glutaredoxin family protein,Unmatched,0,0,0
EIDGHK_07970 serine hydrolase,Unmatched,0,0,0
EIDGHK_07975 RNA methyltransferase,Unmatched,0,0,0
EIDGHK_07980 glycosyltransferase,Unmatched,0,0,0
EIDGHK_07985 ATPase,Unmatched,0,0,0
EIDGHK_07990 TrkA family potassium uptake protein,Unmatched,0,0,0
EIDGHK_07995 amidase,Unmatched,0,0,0
EIDGHK_08000 hypothetical protein,Unmatched,0,0,0
EIDGHK_08005 Mobile element protein,Unmatched,0,0,0
EIDGHK_08010 hypothetical protein,Unmatched,0,0,0
EIDGHK_08015 YGGT family,Unmatched,0,0,0
EIDGHK_08020 hypothetical protein,Unmatched,0,0,0
EIDGHK_08025 hypothetical protein,Unmatched,0,0,0
EIDGHK_08030 UDP-N-acetylmuramoyl-L-alanine--D-glutamate ligase,Unmatched,0,0,0
EIDGHK_08035 GHL10 domain-containing protein,Unmatched,0,0,0
EIDGHK_08040 NAD(P)H-quinone oxidoreductase subunit O,Unmatched,0,0,0
EIDGHK_08045 malate dehydrogenase,Unmatched,0,0,0
EIDGHK_08050 RNA methyltransferase,Unmatched,0,0,0
EIDGHK_08055 hypothetical protein,Unmatched,0,0,0
EIDGHK_08060 photosystem I reaction center subunit XII,Unmatched,0,0,0
EIDGHK_08065 DUF475 domain-containing protein,Unmatched,0,0,0
EIDGHK_08070 thiol-disulfide oxidoreductase,Unmatched,0,0,0
EIDGHK_08075 hypothetical protein,Unmatched,0,0,0
EIDGHK_08080 hypothetical protein,Unmatched,0,0,0
EIDGHK_08085 glycosyl transferase,Unmatched,0,0,0
EIDGHK_08100 hypothetical protein,Unmatched,0,0,0
EIDGHK_08120 Bacterial RNase P class A,Unmatched,0,0,0
EIDGHK_08140 Mobile element protein,Unmatched,0,0,0
EIDGHK_08145 Mobile element protein,Unmatched,0,0,0
EIDGHK_08150 universal stress protein,Unmatched,0,0,0
EIDGHK_08155 3'-5' exonuclease,Unmatched,0,0,0
EIDGHK_08160 prephenate dehydratase,Unmatched,0,0,0
EIDGHK_08165 hypothetical protein,Unmatched,0,0,0
EIDGHK_08170 hypothetical protein,Unmatched,0,0,0
EIDGHK_08180 hypothetical protein,Unmatched,0,0,0
EIDGHK_08200 Putative restriction endonuclease,Unmatched,0,0,0
EIDGHK_08205 Dioxygenase,Unmatched,0,0,0
EIDGHK_08210 hypothetical protein,Unmatched,0,0,0
EIDGHK_08215 hypothetical protein,Unmatched,0,0,0
EIDGHK_08225 30S ribosomal protein S20,Unmatched,0,0,0
EIDGHK_08230 deoxyribonuclease,Unmatched,0,0,0
EIDGHK_08235 DNA-directed RNA polymerase subunit beta,Unmatched,0,0,0
EIDGHK_08240 DNA-directed RNA polymerase subunit beta',Unmatched,0,0,0
EIDGHK_08245 tRNA-Pro(tgg),Unmatched,0,0,0
EIDGHK_08250 GNAT family N-acetyltransferase,Unmatched,0,0,0
EIDGHK_08255 tRNA-Ser(tga),Unmatched,0,0,0
EIDGHK_08260 peptidylprolyl isomerase,Unmatched,0,0,0
EIDGHK_08265 type I secretion system permease/ATPase,Unmatched,0,0,0
EIDGHK_08270 hemolysin secretion protein D,Unmatched,0,0,0
EIDGHK_08275 1-(5-phosphoribosyl)-5-[(5-phosphoribosylamino)methylideneamino]imidazole-4-carboxamide isomerase,Unmatched,0,0,0
EIDGHK_08280 helix-turn-helix transcriptional regulator,Unmatched,0,0,0
EIDGHK_08285 biopolymer transporter,Unmatched,0,0,0
EIDGHK_08290 DCC1-like thiol-disulfide oxidoreductase,Unmatched,0,0,0
EIDGHK_08295 DUF760 domain-containing protein,Unmatched,0,0,0
EIDGHK_08300 GuaB3 family IMP dehydrogenase-related protein,Unmatched,0,0,0
EIDGHK_08305 hypothetical protein,Unmatched,0,0,0
EIDGHK_08310 NC domain-containing protein,Unmatched,0,0,0
EIDGHK_08315 cryptochrome/photolyase family protein,Unmatched,0,0,0
EIDGHK_08320 hypothetical protein,Unmatched,0,0,0
EIDGHK_08325 hypothetical protein,Unmatched,0,0,0
EIDGHK_08330 replicative DNA helicase,Unmatched,0,0,0
EIDGHK_08335 hypothetical protein,Unmatched,0,0,0
EIDGHK_08340 DUF3318 domain-containing protein,Unmatched,0,0,0
EIDGHK_08345 DNA helicase RecQ,Unmatched,0,0,0
EIDGHK_08350 hypothetical protein,Unmatched,0,0,0
EIDGHK_08355 apolipoprotein N-acyltransferase,Unmatched,0,0,0
EIDGHK_08360 GAF domain-containing protein,Unmatched,0,0,0
EIDGHK_08365 hypothetical protein,Unmatched,0,0,0
EIDGHK_08370 hormogonium polysaccharide biosynthesis glycosyltransferase HpsP,Unmatched,0,0,0
EIDGHK_08375 transcriptional regulator,Unmatched,0,0,0
EIDGHK_08380 hydrogenase nickel incorporation protein HypB,Unmatched,0,0,0
EIDGHK_08385 hydrogenase maturation nickel metallochaperone HypA,Unmatched,0,0,0
EIDGHK_08390 hydrogenase expression/formation protein HypE,Unmatched,0,0,0
EIDGHK_08395 hypothetical protein,Unmatched,0,0,0
EIDGHK_08400 ATP-dependent DNA helicase RecG,Unmatched,0,0,0
EIDGHK_08405 oxidoreductase,Unmatched,0,0,0
EIDGHK_08410 hypothetical protein,Unmatched,0,0,0
EIDGHK_08415 hypothetical protein,Unmatched,0,0,0
EIDGHK_08420 bidirectional hydrogenase complex protein HoxU,Unmatched,0,0,0
EIDGHK_08425 hydroxylamine reductase,Unmatched,0,0,0
EIDGHK_08430 DUF5131 domain-containing protein,Unmatched,0,0,0
EIDGHK_08435 hypothetical protein,Unmatched,0,0,0
EIDGHK_08440 geranylgeranyl reductase,Unmatched,0,0,0
EIDGHK_08445 class III poly(R)-hydroxyalkanoic acid synthase subunit PhaC,Unmatched,0,0,0
EIDGHK_08450 class III poly(R)-hydroxyalkanoic acid synthase subunit PhaE,Unmatched,0,0,0
EIDGHK_08455 hypothetical protein,Unmatched,0,0,0
EIDGHK_08460 BrnT family toxin,Unmatched,0,0,0
EIDGHK_08465 beta-ketoacyl-ACP reductase,Unmatched,0,0,0
EIDGHK_08470 acetyl-CoA C-acyltransferase,Unmatched,0,0,0
EIDGHK_08475 FAD-dependent oxidoreductase,Unmatched,0,0,0
EIDGHK_08480 photosystem II protein PsbQ,Unmatched,0,0,0
EIDGHK_08485 iron ABC transporter substrate-binding protein,Unmatched,0,0,0
EIDGHK_08490 phosphopantothenoylcysteine decarboxylase,Unmatched,0,0,0
EIDGHK_08495 DUF1517 domain-containing protein,Unmatched,0,0,0
EIDGHK_08500 UDP-glucose 4-epimerase,Unmatched,0,0,0
EIDGHK_08505 DUF1622 domain-containing protein,Unmatched,0,0,0
EIDGHK_08510 putative bacterial Ig-like domain (Group 1),Unmatched,0,0,0
EIDGHK_08515 ATP-dependent Clp protease proteolytic subunit,Unmatched,0,0,0
EIDGHK_08520 ATP-dependent Clp protease proteolytic subunit,Unmatched,0,0,0
EIDGHK_08525 6-carboxytetrahydropterin synthase QueD,Unmatched,0,0,0
EIDGHK_08530 DUF29 domain-containing protein,Unmatched,0,0,0
EIDGHK_08535 hypothetical protein,Unmatched,0,0,0
EIDGHK_08540 Putative restriction endonuclease,Unmatched,0,0,0
EIDGHK_08545 30S ribosomal protein S6,Unmatched,0,0,0
"EIDGHK_08550 5-oxo-1,2,5-tricarboxylic-3-penten acid decarboxylase",Unmatched,0,0,0
EIDGHK_08555 triose-phosphate isomerase,Unmatched,0,0,0
EIDGHK_08560 DNA starvation/stationary phase protection protein Dps,Unmatched,0,0,0
"EIDGHK_08565 HicA toxin of bacterial toxin-antitoxin,",Unmatched,0,0,0
EIDGHK_08570 HicB family protein,Unmatched,0,0,0
EIDGHK_08575 HNH endonuclease,Unmatched,0,0,0
EIDGHK_08595 Similarity,Unmatched,0,0,0
EIDGHK_08640 hypothetical protein,Unmatched,0,0,0
EIDGHK_08645 DUF1400 domain-containing protein,Unmatched,0,0,0
EIDGHK_08650 TetR/AcrR family transcriptional regulator,Unmatched,0,0,0
EIDGHK_08655 YbjN domain-containing protein,Unmatched,0,0,0
EIDGHK_08660 Octanoyltransferase LipM,Unmatched,0,0,0
EIDGHK_08665 Transposase IS66,Unmatched,0,0,0
EIDGHK_08670 IS30 family transposase,Unmatched,0,0,0
EIDGHK_08675 hypothetical protein,Unmatched,0,0,0
EIDGHK_08680 DUF3148 domain-containing protein,Unmatched,0,0,0
EIDGHK_08685 transposase,Unmatched,0,0,0
EIDGHK_08690 carboxylate-amine ligase,Unmatched,0,0,0
EIDGHK_08695 photosystem I reaction center subunit IX,Unmatched,0,0,0
EIDGHK_08700 Photosystem I reaction center subunit III,Unmatched,0,0,0
EIDGHK_08705 Uncharacterized protein sll1880 (YjbQ family),Unmatched,0,0,0
EIDGHK_08710 uroporphyrin-III methyltransferase,Unmatched,0,0,0
EIDGHK_08715 transcriptional regulator,Unmatched,0,0,0
EIDGHK_08720 addiction module antitoxin RelB,Unmatched,0,0,0
EIDGHK_08725 Reverse transcriptase domain-containing protein,Unmatched,0,0,0
EIDGHK_08730 hypothetical protein,Unmatched,0,0,0
EIDGHK_08735 Oligopeptide transport system permease protein OppB,Unmatched,0,0,0
EIDGHK_08740 hypothetical protein,Unmatched,0,0,0
EIDGHK_08745 hypothetical protein,Unmatched,0,0,0
EIDGHK_08750 Gas vesicle structural protein,Unmatched,0,0,0
EIDGHK_08755 gas vesicle protein,Unmatched,0,0,0
EIDGHK_08760 gas vesicle protein GvpN,Unmatched,0,0,0
EIDGHK_08765 gas vesicle protein,Unmatched,0,0,0
EIDGHK_08770 gas vesicle protein,Unmatched,0,0,0
EIDGHK_08775 Gas vesicle protein gvpJ,Unmatched,0,0,0
EIDGHK_08780 gas vesicle protein K,Unmatched,0,0,0
EIDGHK_08785 protein gvpF/L,Unmatched,0,0,0
EIDGHK_08790 gas vesicle protein GvpG,Unmatched,0,0,0
EIDGHK_08795 gas vesicle protein,Unmatched,0,0,0
EIDGHK_08800 gas vesicle protein,Unmatched,0,0,0
EIDGHK_08805 arsenic transporter,Unmatched,0,0,0
EIDGHK_08810 AAA family ATPase,Unmatched,0,0,0
EIDGHK_08815 alkene reductase,Unmatched,0,0,0
EIDGHK_08820 rSAM-associated Gly-rich repeat protein,Unmatched,0,0,0
EIDGHK_08825 amino acid ABC transporter substrate-binding protein,Unmatched,0,0,0
EIDGHK_08830 phosphate ABC transporter permease,Unmatched,0,0,0
EIDGHK_08835 septal ring lytic transglycosylase RlpA family lipoprotein,Unmatched,0,0,0
EIDGHK_08840 ABC transporter ATP-binding protein,Unmatched,0,0,0
EIDGHK_08845 NAD(P)H-quinone oxidoreductase chain 4 2,Unmatched,0,0,0
EIDGHK_08850 Similar to tr|Q8YLY9|Q8YLY9,Unmatched,0,0,0
EIDGHK_08855 photosystem I core protein PsaA,Unmatched,0,0,0
EIDGHK_08860 photosystem I core protein PsaB,Unmatched,0,0,0
EIDGHK_08865 DUF29 domain-containing protein,Unmatched,0,0,0
EIDGHK_08870 Cysteinyl-tRNA synthetase,Unmatched,0,0,0
EIDGHK_08875 hypothetical protein,Unmatched,0,0,0
EIDGHK_08880 ATP-binding protein,Unmatched,0,0,0
EIDGHK_08885 integron cassette protein,Unmatched,0,0,0
EIDGHK_08890 DUF4160 domain-containing protein,Unmatched,0,0,0
EIDGHK_08895 PEP-CTERM sorting domain-containing protein,Unmatched,0,0,0
EIDGHK_08900 ATPase,Unmatched,0,0,0
EIDGHK_08905 nucleotidyltransferase,Unmatched,0,0,0
EIDGHK_08910 DUF86 domain-containing protein,Unmatched,0,0,0
EIDGHK_08915 ATPase,Unmatched,0,0,0
EIDGHK_08920 aminopeptidase,Unmatched,0,0,0
EIDGHK_08925 DUF4079 domain-containing protein,Unmatched,0,0,0
EIDGHK_08930 cobalamin biosynthesis protein CobW,Unmatched,0,0,0
EIDGHK_08935 metal ABC transporter substrate-binding protein,Unmatched,0,0,0
EIDGHK_08940 threonine--tRNA ligase,Unmatched,0,0,0
EIDGHK_08945 Isopropylmalate/homocitrate/citramalate synthase,Unmatched,0,0,0
EIDGHK_08950 phosphoribosylaminoimidazolesuccinocarboxamide synthase,Unmatched,0,0,0
EIDGHK_08955 dephospho-CoA kinase,Unmatched,0,0,0
EIDGHK_08960 energy-coupling factor transporter transmembrane protein EcfT,Unmatched,0,0,0
EIDGHK_08965 tail length tape measure protein,Unmatched,0,0,0
EIDGHK_08970 Adenylyl-sulfate kinase,Unmatched,0,0,0
EIDGHK_08975 LuxR family transcriptional regulator,Unmatched,0,0,0
EIDGHK_08980 epimerase,Unmatched,0,0,0
EIDGHK_08985 uroporphyrinogen decarboxylase,Unmatched,0,0,0
EIDGHK_08990 diversity-generating retroelement protein bAvd family protein,Unmatched,0,0,0
EIDGHK_08995 cadmium-translocating P-type ATPase,Unmatched,0,0,0
EIDGHK_09000 peroxiredoxin,Unmatched,0,0,0
EIDGHK_09005 N-acetylmuramoyl-L-alanine amidase,Unmatched,0,0,0
EIDGHK_09010 hypothetical protein,Unmatched,0,0,0
EIDGHK_09015 phosphate acetyltransferase,Unmatched,0,0,0
EIDGHK_09020 DUF2281 domain-containing protein,Unmatched,0,0,0
EIDGHK_09025 plasmid stabilization protein,Unmatched,0,0,0
EIDGHK_09030 hypothetical protein,Unmatched,0,0,0
EIDGHK_09035 PEP-CTERM domain-containing protein,Unmatched,0,0,0
EIDGHK_09040 P/Homo B domain-containing protein,Unmatched,0,0,0
EIDGHK_09045 hypothetical protein,Unmatched,0,0,0
"EIDGHK_09050 Type II toxin-antitoxin system mRNA interferase toxin, RelE/StbE family",Unmatched,0,0,0
EIDGHK_09055 phosphoribulokinase,Unmatched,0,0,0
EIDGHK_09060 Two-component response regulator,Unmatched,0,0,0
EIDGHK_09065 S-methyl-5-thioribose-1-phosphate isomerase,Unmatched,0,0,0
EIDGHK_09070 hypothetical protein,Unmatched,0,0,0
EIDGHK_09075 Tic22-like family,Unmatched,0,0,0
EIDGHK_09080 peptide chain release factor N(5)-glutamine methyltransferase,Unmatched,0,0,0
EIDGHK_09085 hypothetical protein,Unmatched,0,0,0
EIDGHK_09090 orotidine-5'-phosphate decarboxylase,Unmatched,0,0,0
EIDGHK_09095 MEKHLA domain-containing protein,Unmatched,0,0,0
EIDGHK_09100 hydrolase,Unmatched,0,0,0
EIDGHK_09105 preQ(1) synthase,Unmatched,0,0,0
EIDGHK_09110 hypothetical protein,Unmatched,0,0,0
EIDGHK_09115 Y1-Tnp domain-containing protein,Unmatched,0,0,0
EIDGHK_09120 Putative ATPase subunit of terminase (gpP-like),Unmatched,0,0,0
EIDGHK_09125 ISAs1 family transposase,Unmatched,0,0,0
EIDGHK_09130 Transposase family protein,Unmatched,0,0,0
EIDGHK_09135 hypothetical protein,Unmatched,0,0,0
EIDGHK_09140 nucleotide exchange factor GrpE,Unmatched,0,0,0
EIDGHK_09145 hydrolase,Unmatched,0,0,0
EIDGHK_09150 glycogen debranching protein,Unmatched,0,0,0
EIDGHK_09155 ribonuclease P protein component,Unmatched,0,0,0
EIDGHK_09160 ribonuclease P,Unmatched,0,0,0
EIDGHK_09165 membrane protein insertase YidC,Unmatched,0,0,0
EIDGHK_09170 RNA-binding protein,Unmatched,0,0,0
EIDGHK_09190 IS1380 family transposase,Unmatched,0,0,0
EIDGHK_09195 cyanophycinase,Unmatched,0,0,0
EIDGHK_09200 tRNA (guanosine(37)-N1)-methyltransferase TrmD,Unmatched,0,0,0
EIDGHK_09205 transposase,Unmatched,0,0,0
EIDGHK_09210 Site-specific DNA-methyltransferase (adenine-specific),Unmatched,0,0,0
EIDGHK_09215 bifunctional acetaldehyde-CoA/alcohol dehydrogenase,Unmatched,0,0,0
EIDGHK_09220 hydroxyacylglutathione hydrolase,Unmatched,0,0,0
EIDGHK_09225 polysaccharide deacetylase,Unmatched,0,0,0
EIDGHK_09230 NAD-dependent dehydratase,Unmatched,0,0,0
EIDGHK_09235 hypothetical protein,Unmatched,0,0,0
EIDGHK_09240 LTXXQ motif family protein,Unmatched,0,0,0
EIDGHK_09245 hypothetical protein,Unmatched,0,0,0
EIDGHK_09250 RNA polymerase subunit sigma,Unmatched,0,0,0
EIDGHK_09255 hormogonium polysaccharide biosynthesis glycosyltransferase HpsO,Unmatched,0,0,0
EIDGHK_09260 hormogonium polysaccharide biosynthesis glycosyltransferase HpsN,Unmatched,0,0,0
EIDGHK_09265 hormogonium polysaccharide biosynthesis protein HpsL,Unmatched,0,0,0
EIDGHK_09270 phosphoglucosamine mutase,Unmatched,0,0,0
EIDGHK_09275 family 2 glycosyl transferase,Unmatched,0,0,0
EIDGHK_09280 hypothetical protein,Unmatched,0,0,0
EIDGHK_09285 META domain-containing protein,Unmatched,0,0,0
EIDGHK_09290 Uncharacterized domain,Unmatched,0,0,0
EIDGHK_09295 photosystem I assembly protein Ycf3,Unmatched,0,0,0
EIDGHK_09300 Asp-tRNA(Asn)/Glu-tRNA(Gln) amidotransferase subunit GatC,Unmatched,0,0,0
EIDGHK_09305 mannose-6-phosphate isomerase,Unmatched,0,0,0
EIDGHK_09310 molecular chaperone Hsp70,Unmatched,0,0,0
EIDGHK_09315 LysM domain-containing protein,Unmatched,0,0,0
EIDGHK_09320 Photosystem I assembly protein Ycf3,Unmatched,0,0,0
EIDGHK_09325 molecular chaperone DnaJ,Unmatched,0,0,0
EIDGHK_09330 nucleotide exchange factor GrpE,Unmatched,0,0,0
EIDGHK_09335 hypothetical protein,Unmatched,0,0,0
EIDGHK_09340 IS1634 family transposase,Unmatched,0,0,0
EIDGHK_09345 Mobile element protein,Unmatched,0,0,0
EIDGHK_09350 DNA mismatch repair endonuclease MutL,Unmatched,0,0,0
EIDGHK_09355 two-component sensor histidine kinase,Unmatched,0,0,0
EIDGHK_09360 CpcD phycobilisome linker protein,Unmatched,0,0,0
EIDGHK_09365 Fructose-bisphosphate aldolase,Unmatched,0,0,0
EIDGHK_09370 T2SSE-N domain-containing protein,Unmatched,0,0,0
EIDGHK_09375 DUF3082 domain-containing protein,Unmatched,0,0,0
EIDGHK_09380 DUF1400 domain-containing protein,Unmatched,0,0,0
EIDGHK_09385 exopolyphosphatase,Unmatched,0,0,0
EIDGHK_09390 glutamate dehydrogenase,Unmatched,0,0,0
EIDGHK_09395 Phosphoribosyltransferase,Unmatched,0,0,0
EIDGHK_09400 cytochrome d ubiquinol oxidase subunit II,Unmatched,0,0,0
EIDGHK_09405 cytochrome ubiquinol oxidase subunit I,Unmatched,0,0,0
EIDGHK_09415 peroxiredoxin,Unmatched,0,0,0
EIDGHK_09420 ABC-F type ribosomal protection protein,Unmatched,0,0,0
EIDGHK_09425 hypothetical protein,Unmatched,0,0,0
EIDGHK_09430 NAD(P)H-dependent glycerol-3-phosphate dehydrogenase,Unmatched,0,0,0
EIDGHK_09435 ABC transporter permease,Unmatched,0,0,0
EIDGHK_09440 glucose-6-phosphate isomerase,Unmatched,0,0,0
EIDGHK_09445 tRNA dihydrouridine synthase DusB,Unmatched,0,0,0
EIDGHK_09450 hypothetical protein,Unmatched,0,0,0
EIDGHK_09455 hypothetical protein,Unmatched,0,0,0
EIDGHK_09460 Similar to Q3M894_ANAVT S-layer region-like,Unmatched,0,0,0
EIDGHK_09465 NAD(P)/FAD-dependent oxidoreductase,Unmatched,0,0,0
EIDGHK_09470 glycosyl transferase family 2,Unmatched,0,0,0
EIDGHK_09475 cytochrome c biogenesis factor,Unmatched,0,0,0
EIDGHK_09480 efflux transporter periplasmic adaptor subunit,Unmatched,0,0,0
EIDGHK_09485 ABC transporter permease,Unmatched,0,0,0
EIDGHK_09490 NUDIX hydrolase,Unmatched,0,0,0
EIDGHK_09495 Transposase,Unmatched,0,0,0
EIDGHK_09500 glycosyl transferase group 1,Unmatched,0,0,0
EIDGHK_09505 MFS transporter,Unmatched,0,0,0
EIDGHK_09510 hypothetical protein,Unmatched,0,0,0
EIDGHK_09515 tRNA-His(gtg),Unmatched,0,0,0
EIDGHK_09520 hypothetical protein,Unmatched,0,0,0
EIDGHK_09525 transglutaminase,Unmatched,0,0,0
"EIDGHK_09530 7,8-didemethyl-8-hydroxy-5-deazariboflavin synthase subunit CofG",Unmatched,0,0,0
EIDGHK_09535 UDP-3-O-(3-hydroxymyristoyl)glucosamine N-acyltransferase,Unmatched,0,0,0
EIDGHK_09540 gamma-glutamyltransferase,Unmatched,0,0,0
EIDGHK_09545 transporter,Unmatched,0,0,0
EIDGHK_09550 glycine oxidase ThiO,Unmatched,0,0,0
EIDGHK_09555 DUF2301 domain-containing protein,Unmatched,0,0,0
EIDGHK_09560 bacitracin ABC transporter ATP-binding protein,Unmatched,0,0,0
EIDGHK_09565 bacitracin ABC transporter ATP-binding protein,Unmatched,0,0,0
EIDGHK_09570 nitrate ABC transporter permease,Unmatched,0,0,0
EIDGHK_09575 bicarbonate-binding protein,Unmatched,0,0,0
EIDGHK_09580 Similarity,Unmatched,0,0,0
EIDGHK_09585 ABC transporter transmembrane region,Unmatched,0,0,0
EIDGHK_09590 metallophosphoesterase,Unmatched,0,0,0
EIDGHK_09595 hypothetical protein,Unmatched,0,0,0
EIDGHK_09600 histidine kinase,Unmatched,0,0,0
EIDGHK_09605 outer membrane protein assembly factor,Unmatched,0,0,0
EIDGHK_09610 UDP-3-O-acyl-N-acetylglucosamine deacetylase,Unmatched,0,0,0
EIDGHK_09615 DUF1460 domain-containing protein,Unmatched,0,0,0
EIDGHK_09620 hypothetical protein,Unmatched,0,0,0
EIDGHK_09625 NUBPL iron-transfer P-loop NTPase,Unmatched,0,0,0
EIDGHK_09630 DNA-binding protein,Unmatched,0,0,0
"EIDGHK_09635 Cobalamin biosynthesis protein CobN, Mg-chelatase",Unmatched,0,0,0
EIDGHK_09640 hypothetical protein,Unmatched,0,0,0
EIDGHK_09645 hypothetical protein,Unmatched,0,0,0
EIDGHK_09650 6-carboxytetrahydropterin synthase QueD,Unmatched,0,0,0
EIDGHK_09655 3-ketoacyl-ACP reductase,Unmatched,0,0,0
EIDGHK_09660 hybrid sensor histidine kinase/response regulator,Unmatched,0,0,0
EIDGHK_09665 response regulator,Unmatched,0,0,0
EIDGHK_09670 cyanobacterial phytochrome A,Unmatched,0,0,0
EIDGHK_09675 hypothetical protein,Unmatched,0,0,0
EIDGHK_09680 peptidase M3,Unmatched,0,0,0
EIDGHK_09685 cobalamin biosynthesis protein CobW,Unmatched,0,0,0
EIDGHK_09690 hypothetical protein,Unmatched,0,0,0
EIDGHK_09695 polymerase,Unmatched,0,0,0
EIDGHK_09700 hypothetical protein,Unmatched,0,0,0
EIDGHK_09705 FAD dependent oxidoreductase,Unmatched,0,0,0
EIDGHK_09710 hypothetical protein,Unmatched,0,0,0
EIDGHK_09715 hypothetical protein,Unmatched,0,0,0
EIDGHK_09720 hypothetical protein,Unmatched,0,0,0
EIDGHK_09725 rod shape-determining protein RodA,Unmatched,0,0,0
EIDGHK_09730 sodium:proton antiporter,Unmatched,0,0,0
EIDGHK_09735 MOSC domain-containing protein,Unmatched,0,0,0
EIDGHK_09740 glycosyl transferase group 1 family protein,Unmatched,0,0,0
EIDGHK_09745 group 1 glycosyl transferase,Unmatched,0,0,0
EIDGHK_09750 AtzE family amidohydrolase,Unmatched,0,0,0
EIDGHK_09755 DUF4089 domain-containing protein,Unmatched,0,0,0
EIDGHK_09760 radical SAM protein,Unmatched,0,0,0
EIDGHK_09765 receptor ligand binding family protein,Unmatched,0,0,0
EIDGHK_09770 glycosyltransferase,Unmatched,0,0,0
EIDGHK_09775 urease accessory protein UreG,Unmatched,0,0,0
EIDGHK_09780 Nucleoside triphosphate pyrophosphatase,Unmatched,0,0,0
EIDGHK_09785 hypothetical protein,Unmatched,0,0,0
EIDGHK_09790 photosystem II oxygen evolving complex protein PsbP,Unmatched,0,0,0
EIDGHK_09795 Mom72 protein,Unmatched,0,0,0
EIDGHK_09800 ssl1498 family light-harvesting-like protein,Unmatched,0,0,0
EIDGHK_09805 galactosyl-1-phosphate transferase,Unmatched,0,0,0
EIDGHK_09810 hypothetical protein,Unmatched,0,0,0
EIDGHK_09815 6-phosphogluconolactonase,Unmatched,0,0,0
EIDGHK_09820 FraH protein,Unmatched,0,0,0
EIDGHK_09825 site-2 protease family protein,Unmatched,0,0,0
EIDGHK_09830 serine/threonine protein phosphatase,Unmatched,0,0,0
EIDGHK_09835 serine/threonine protein kinase,Unmatched,0,0,0
EIDGHK_09840 phage tail protein,Unmatched,0,0,0
EIDGHK_09845 hypothetical protein,Unmatched,0,0,0
EIDGHK_09850 hypothetical protein,Unmatched,0,0,0
EIDGHK_09855 hypothetical protein,Unmatched,0,0,0
EIDGHK_09860 DNA circularisation protein N-terminus,Unmatched,0,0,0
EIDGHK_09865 DUF4455 domain-containing protein,Unmatched,0,0,0
EIDGHK_09870 Phage protein D,Unmatched,0,0,0
EIDGHK_09875 Phage-base-V domain-containing protein,Unmatched,0,0,0
EIDGHK_09880 hypothetical protein,Unmatched,0,0,0
EIDGHK_09885 lysozyme,Unmatched,0,0,0
EIDGHK_09890 Baseplate J-like protein,Unmatched,0,0,0
EIDGHK_09895 hypothetical protein,Unmatched,0,0,0
EIDGHK_09900 hypothetical protein,Unmatched,0,0,0
EIDGHK_09905 hypothetical protein,Unmatched,0,0,0
EIDGHK_09910 Peptidase S74 domain-containing protein,Unmatched,0,0,0
EIDGHK_09915 restriction endonuclease subunit S,Unmatched,0,0,0
EIDGHK_09920 hypothetical protein,Unmatched,0,0,0
EIDGHK_09925 hypothetical protein,Unmatched,0,0,0
EIDGHK_09930 hypothetical protein,Unmatched,0,0,0
EIDGHK_09935 NADP-dependent isocitrate dehydrogenase,Unmatched,0,0,0
EIDGHK_09940 valine--tRNA ligase,Unmatched,0,0,0
EIDGHK_09945 Putative restriction endonuclease,Unmatched,0,0,0
EIDGHK_09950 phosphoribosylglycinamide formyltransferase,Unmatched,0,0,0
EIDGHK_09955 polyphosphate:AMP phosphotransferase,Unmatched,0,0,0
EIDGHK_09960 UDP-glucose 4-epimerase GalE,Unmatched,0,0,0
EIDGHK_09965 hypothetical protein,Unmatched,0,0,0
EIDGHK_09970 FkbM family methyltransferase,Unmatched,0,0,0
EIDGHK_09975 membrane-bound O-acyltransferase family protein,Unmatched,0,0,0
EIDGHK_09980 hypothetical protein,Unmatched,0,0,0
EIDGHK_09985 NAD(P)/FAD-dependent oxidoreductase,Unmatched,0,0,0
EIDGHK_09990 hypothetical protein,Unmatched,0,0,0
EIDGHK_09995 bifunctional phosphoribosylaminoimidazolecarboxamide formyltransferase/IMP cyclohydrolase,Unmatched,0,0,0
EIDGHK_10000 hypothetical protein,Unmatched,0,0,0
EIDGHK_10005 DNA-binding protein,Unmatched,0,0,0
EIDGHK_10010 3-oxoacyl-ACP synthase,Unmatched,0,0,0
EIDGHK_10015 Protein phosphatase 2C domain-containing protein,Unmatched,0,0,0
EIDGHK_10020 VWFA domain-containing protein,Unmatched,0,0,0
EIDGHK_10025 Thioredoxin associated with NnrU/NnuR ortholog membrane enzyme,Unmatched,0,0,0
EIDGHK_10030 NnrU protein,Unmatched,0,0,0
EIDGHK_10035 Mobile element protein,Unmatched,0,0,0
EIDGHK_10040 DUF433 domain-containing protein,Unmatched,0,0,0
EIDGHK_10045 DUF5615 domain-containing protein,Unmatched,0,0,0
EIDGHK_10050 Endo/exonuclease/phosphatase domain-containing protein,Unmatched,0,0,0
EIDGHK_10055 hypothetical protein,Unmatched,0,0,0
EIDGHK_10060 folate/biopterin family MFS transporter,Unmatched,0,0,0
EIDGHK_10065 hypothetical protein,Unmatched,0,0,0
EIDGHK_10070 hypothetical protein,Unmatched,0,0,0
EIDGHK_10075 PEP-CTERM sorting domain-containing protein,Unmatched,0,0,0
EIDGHK_10080 glutamine synthetase type III,Unmatched,0,0,0
"EIDGHK_10085 Apocarotenoid-15,15'-oxygenase",Unmatched,0,0,0
EIDGHK_10090 DUF1092 domain-containing protein,Unmatched,0,0,0
EIDGHK_10095 glycosyltransferase,Unmatched,0,0,0
"EIDGHK_10100 ABC-type dipeptide/oligopeptide/nickel transport systems, permease components",Unmatched,0,0,0
EIDGHK_10105 DUF2499 domain-containing protein,Unmatched,0,0,0
EIDGHK_10110 glutathione synthase,Unmatched,0,0,0
EIDGHK_10115 glutaredoxin 3,Unmatched,0,0,0
EIDGHK_10120 ABC 3 transport family,Unmatched,0,0,0
EIDGHK_10125 YebC/PmpR family DNA-binding transcriptional regulator,Unmatched,0,0,0
"EIDGHK_10130 Transposase, IS605 OrfB",Unmatched,0,0,0
EIDGHK_10135 DNA-processing protein DprA,Unmatched,0,0,0
EIDGHK_10140 thioredoxin,Unmatched,0,0,0
EIDGHK_10145 hypothetical protein,Unmatched,0,0,0
EIDGHK_10150 Acetate kinase,Unmatched,0,0,0
EIDGHK_10155 Fis family transcriptional regulator,Unmatched,0,0,0
EIDGHK_10160 RNA polymerase subunit sigma,Unmatched,0,0,0
EIDGHK_10165 protoporphyrinogen oxidase HemJ,Unmatched,0,0,0
EIDGHK_10170 helicase,Unmatched,0,0,0
EIDGHK_10175 transcription antitermination factor NusB,Unmatched,0,0,0
EIDGHK_10180 adenylate cyclase,Unmatched,0,0,0
EIDGHK_10185 lactoylglutathione lyase,Unmatched,0,0,0
EIDGHK_10190 hypothetical protein,Unmatched,0,0,0
EIDGHK_10195 anthranilate synthase component I,Unmatched,0,0,0
EIDGHK_10200 Photosystem I reaction center subunit II,Unmatched,0,0,0
EIDGHK_10205 iron ABC transporter permease,Unmatched,0,0,0
EIDGHK_10210 hypothetical protein,Unmatched,0,0,0
EIDGHK_10215 Zn-dependent hydrolase,Unmatched,0,0,0
EIDGHK_10220 aminodeoxychorismate/anthranilate synthase component II,Unmatched,0,0,0
EIDGHK_10225 Pentapeptide repeat protein,Unmatched,0,0,0
EIDGHK_10230 LytR family transcriptional regulator,Unmatched,0,0,0
EIDGHK_10235 glycoside hydrolase,Unmatched,0,0,0
EIDGHK_10240 cation transporter,Unmatched,0,0,0
EIDGHK_10245 endonuclease MutS2,Unmatched,0,0,0
EIDGHK_10250 photosystem II protein Psb27,Unmatched,0,0,0
EIDGHK_10255 Putative restriction endonuclease,Unmatched,0,0,0
EIDGHK_10260 L-glutamate gamma-semialdehyde dehydrogenase,Unmatched,0,0,0
EIDGHK_10265 alpha-D-glucose phosphate-specific phosphoglucomutase,Unmatched,0,0,0
EIDGHK_10270 aminoacetone oxidase family FAD-binding enzyme,Unmatched,0,0,0
EIDGHK_10275 urea ABC transporter ATP-binding subunit UrtE,Unmatched,0,0,0
EIDGHK_10280 urea ABC transporter ATP-binding protein UrtD,Unmatched,0,0,0
EIDGHK_10285 urea ABC transporter permease subunit UrtC,Unmatched,0,0,0
EIDGHK_10290 urea ABC transporter permease subunit UrtB,Unmatched,0,0,0
EIDGHK_10295 urea ABC transporter substrate-binding protein,Unmatched,0,0,0
EIDGHK_10300 Uncharacterized protein family UPF0016,Unmatched,0,0,0
EIDGHK_10305 Uncharacterized protein family UPF0016,Unmatched,0,0,0
EIDGHK_10310 VWFA domain-containing protein,Unmatched,0,0,0
EIDGHK_10315 glycogen synthase GlgA,Unmatched,0,0,0
EIDGHK_10320 hypothetical protein,Unmatched,0,0,0
"EIDGHK_10325 Gamma-glutamyl cyclotransferase, AIG2-like",Unmatched,0,0,0
EIDGHK_10330 aldo/keto reductase,Unmatched,0,0,0
EIDGHK_10335 Tetratricopeptide repeat protein,Unmatched,0,0,0
EIDGHK_10340 HTH-Tnp-4 domain-containing protein,Unmatched,0,0,0
EIDGHK_10345 DDE Tnp4 domain-containing protein,Unmatched,0,0,0
EIDGHK_10350 hypothetical protein,Unmatched,0,0,0
EIDGHK_10355 DUF4351 domain-containing protein,Unmatched,0,0,0
EIDGHK_10360 putative methyltransferase regulatory domain-containing protein,Unmatched,0,0,0
EIDGHK_10365 hypothetical protein,Unmatched,0,0,0
EIDGHK_10370 FkbM family methyltransferase,Unmatched,0,0,0
EIDGHK_10375 glycosyl transferase,Unmatched,0,0,0
EIDGHK_10380 peptidylprolyl isomerase,Unmatched,0,0,0
"EIDGHK_10385 Glycosyl transferase, group 1",Unmatched,0,0,0
EIDGHK_10390 Glycosyl transferase,Unmatched,0,0,0
EIDGHK_10395 DUF4351 domain-containing protein,Unmatched,0,0,0
EIDGHK_10400 PINc domain-containing protein,Unmatched,0,0,0
EIDGHK_10405 DUF2281 domain-containing protein,Unmatched,0,0,0
EIDGHK_10410 IS5 family transposase,Unmatched,0,0,0
EIDGHK_10415 hypothetical protein,Unmatched,0,0,0
EIDGHK_10420 DUF2283 domain-containing protein,Unmatched,0,0,0
EIDGHK_10425 hypothetical protein,Unmatched,0,0,0
EIDGHK_10430 DUF5615 domain-containing protein,Unmatched,0,0,0
EIDGHK_10435 DUF433 domain-containing protein,Unmatched,0,0,0
EIDGHK_10440 acetolactate synthase small subunit,Unmatched,0,0,0
EIDGHK_10445 penicillin-binding protein,Unmatched,0,0,0
EIDGHK_10450 IS200/IS605 family transposase,Unmatched,0,0,0
EIDGHK_10460 Alkaline phosphatase,Unmatched,0,0,0
EIDGHK_10465 CDP-diacylglycerol--glycerol-3-phosphate 3-phosphatidyltransferase,Unmatched,0,0,0
EIDGHK_10470 acyl-CoA desaturase,Unmatched,0,0,0
EIDGHK_10475 helix-turn-helix domain containing protein,Unmatched,0,0,0
EIDGHK_10480 DUF1822 domain-containing protein,Unmatched,0,0,0
EIDGHK_10485 branched-chain amino acid ABC transporter substrate-binding protein,Unmatched,0,0,0
EIDGHK_10490 PspA/IM30 family,Unmatched,0,0,0
EIDGHK_10495 ABC transporter substrate-binding protein,Unmatched,0,0,0
EIDGHK_10500 DNA-binding response regulator,Unmatched,0,0,0
EIDGHK_10505 phycocyanin subunit beta,Unmatched,0,0,0
EIDGHK_10510 phycocyanin subunit alpha,Unmatched,0,0,0
EIDGHK_10515 photosystem I reaction center subunit XII,Unmatched,0,0,0
EIDGHK_10520 photosystem I reaction center subunit XII,Unmatched,0,0,0
"EIDGHK_10525 bifunctional 3,4-dihydroxy-2-butanone-4-phosphate synthase/GTP cyclohydrolase II",Unmatched,0,0,0
EIDGHK_10530 Gll0726 protein,Unmatched,0,0,0
EIDGHK_10535 Gll0726 protein,Unmatched,0,0,0
EIDGHK_10540 D-alanine--D-alanine ligase,Unmatched,0,0,0
EIDGHK_10545 hypothetical protein,Unmatched,0,0,0
EIDGHK_10550 PAS domain-containing sensor histidine kinase,Unmatched,0,0,0
EIDGHK_10555 DZANK-type domain-containing protein,Unmatched,0,0,0
EIDGHK_10560 Slr0243 protein,Unmatched,0,0,0
EIDGHK_10565 hypothetical protein,Unmatched,0,0,0
EIDGHK_10570 SDR family oxidoreductase,Unmatched,0,0,0
EIDGHK_10575 GTP cyclohydrolase I FolE,Unmatched,0,0,0
EIDGHK_10580 phosphoribosylanthranilate isomerase,Unmatched,0,0,0
EIDGHK_10585 photosystem I reaction center subunit PsaK,Unmatched,0,0,0
EIDGHK_10590 DUF3011 domain-containing protein,Unmatched,0,0,0
EIDGHK_10595 Photosynthetic reaction centre protein,Unmatched,0,0,0
EIDGHK_10600 YggT family protein,Unmatched,0,0,0
EIDGHK_10605 cyanophycinase,Unmatched,0,0,0
EIDGHK_10610 Putative transposase family protein,Unmatched,0,0,0
EIDGHK_10615 transposase,Unmatched,0,0,0
EIDGHK_10620 Hydroxyacylglutathione hydrolase,Unmatched,0,0,0
EIDGHK_10625 Soluble [2Fe-2S] ferredoxin,Unmatched,0,0,0
EIDGHK_10630 hypothetical protein,Unmatched,0,0,0
EIDGHK_10635 anhydro-N-acetylmuramic acid kinase,Unmatched,0,0,0
EIDGHK_10640 sulfur carrier protein ThiS,Unmatched,0,0,0
EIDGHK_10645 hydroxymethylbilane synthase,Unmatched,0,0,0
EIDGHK_10650 hypothetical protein,Unmatched,0,0,0
EIDGHK_10655 serine/threonine protein kinase,Unmatched,0,0,0
EIDGHK_10660 hypothetical protein,Unmatched,0,0,0
EIDGHK_10665 serine/threonine protein kinase,Unmatched,0,0,0
EIDGHK_10670 glycine--tRNA ligase subunit alpha,Unmatched,0,0,0
EIDGHK_10675 30S ribosomal protein S10,Unmatched,0,0,0
EIDGHK_10680 elongation factor Tu,Unmatched,0,0,0
EIDGHK_10685 elongation factor G,Unmatched,0,0,0
EIDGHK_10690 30S ribosomal protein S7,Unmatched,0,0,0
EIDGHK_10695 30S ribosomal protein S12,Unmatched,0,0,0
EIDGHK_10700 killer suppression protein,Unmatched,0,0,0
EIDGHK_10705 hypothetical protein,Unmatched,0,0,0
EIDGHK_10710 GNAT family N-acetyltransferase,Unmatched,0,0,0
EIDGHK_10715 hypothetical protein,Unmatched,0,0,0
"EIDGHK_10720 5,10-methylenetetrahydrofolate reductase",Unmatched,0,0,0
EIDGHK_10725 G-D-S-L family lipolytic protein,Unmatched,0,0,0
EIDGHK_10730 hypothetical protein,Unmatched,0,0,0
EIDGHK_10735 hypothetical protein,Unmatched,0,0,0
EIDGHK_10740 Similar to tr|Q3M5U7|Q3M5U7_ANAVT PilT protein-like,Unmatched,0,0,0
EIDGHK_10745 hypothetical protein,Unmatched,0,0,0
EIDGHK_10750 Glyco-trans-4-like-N domain-containing protein,Unmatched,0,0,0
EIDGHK_10755 Peptidoglycan-binding domain 1,Unmatched,0,0,0
EIDGHK_10760 L-aspartate oxidase,Unmatched,0,0,0
EIDGHK_10765 FAD-binding protein,Unmatched,0,0,0
EIDGHK_10770 photosystem II complex extrinsic protein PsbU,Unmatched,0,0,0
EIDGHK_10775 peroxiredoxin,Unmatched,0,0,0
EIDGHK_10780 Soluble [2Fe-2S] ferredoxin,Unmatched,0,0,0
EIDGHK_10785 tRNA-Tyr(gta),Unmatched,0,0,0
EIDGHK_10790 tRNA-Thr(ggt),Unmatched,0,0,0
"EIDGHK_10795 bifunctional demethylmenaquinone methyltransferase/2-methoxy-6-polyprenyl-1,4-benzoquinol methylase UbiE",Unmatched,0,0,0
EIDGHK_10800 UPF0754 membrane protein MAE_37850,Unmatched,0,0,0
EIDGHK_10805 DUF2993 domain-containing protein,Unmatched,0,0,0
EIDGHK_10810 methanol dehydrogenase,Unmatched,0,0,0
EIDGHK_10815 DUF948 domain-containing protein,Unmatched,0,0,0
EIDGHK_10820 Gas vesicle protein,Unmatched,0,0,0
EIDGHK_10825 Cyano-1 RNA,Unmatched,0,0,0
EIDGHK_10830 glutaminase A,Unmatched,0,0,0
EIDGHK_10835 carbonic anhydrase,Unmatched,0,0,0
EIDGHK_10840 photosystem II reaction center protein PsbN,Unmatched,0,0,0
EIDGHK_10845 alpha-mannosidase,Unmatched,0,0,0
EIDGHK_10850 heme iron utilization protein,Unmatched,0,0,0
EIDGHK_10855 hypothetical protein,Unmatched,0,0,0
EIDGHK_10860 putative membrane protein,Unmatched,0,0,0
EIDGHK_10865 comEA protein,Unmatched,0,0,0
EIDGHK_10870 oxidoreductase,Unmatched,0,0,0
EIDGHK_10875 DUF2555 domain-containing protein,Unmatched,0,0,0
EIDGHK_10880 adenosine kinase,Unmatched,0,0,0
EIDGHK_10885 DUF5615 domain-containing protein,Unmatched,0,0,0
EIDGHK_10890 hypothetical protein,Unmatched,0,0,0
EIDGHK_10895 hypothetical protein,Unmatched,0,0,0
EIDGHK_10900 IS66 family transposase,Unmatched,0,0,0
EIDGHK_10905 hypothetical protein,Unmatched,0,0,0
EIDGHK_10910 hypothetical protein,Unmatched,0,0,0
EIDGHK_10915 hypothetical protein,Unmatched,0,0,0
EIDGHK_10920 hypothetical protein,Unmatched,0,0,0
EIDGHK_10925 HNH endonuclease,Unmatched,0,0,0
EIDGHK_10930 hypothetical protein,Unmatched,0,0,0
EIDGHK_10935 hypothetical protein,Unmatched,0,0,0
EIDGHK_10940 Methyltransf-11 domain-containing protein,Unmatched,0,0,0
EIDGHK_10945 TauD domain-containing protein,Unmatched,0,0,0
EIDGHK_10950 Uncharacterized domain,Unmatched,0,0,0
EIDGHK_10955 Glutathione S-transferase,Unmatched,0,0,0
EIDGHK_10960 asparagine synthase (glutamine-hydrolyzing),Unmatched,0,0,0
EIDGHK_10965 Nitrile hydratase subunit beta,Unmatched,0,0,0
EIDGHK_10970 Nitrile hydratase subunit beta,Unmatched,0,0,0
EIDGHK_10975 nitrile hydratase subunit alpha,Unmatched,0,0,0
EIDGHK_10980 Sulfotransferase,Unmatched,0,0,0
EIDGHK_10985 Phytanoyl-CoA dioxygenase,Unmatched,0,0,0
EIDGHK_10990 Nucleotide pyrophosphatase,Unmatched,0,0,0
EIDGHK_10995 Aminotransferase,Unmatched,0,0,0
EIDGHK_11000 asparagine synthase (glutamine-hydrolyzing),Unmatched,0,0,0
EIDGHK_11005 L-aspartate oxidase,Unmatched,0,0,0
EIDGHK_11010 hypothetical protein,Unmatched,0,0,0
EIDGHK_11015 ISL3 family transposase,Unmatched,0,0,0
EIDGHK_11020 Transposase IS4 family protein,Unmatched,0,0,0
EIDGHK_11025 arylsulfatase,Unmatched,0,0,0
EIDGHK_11030 marC integral membrane family protein,Unmatched,0,0,0
EIDGHK_11035 hypothetical protein,Unmatched,0,0,0
EIDGHK_11040 Pyrroloquinoline quinone biosynthesis protein,Unmatched,0,0,0
EIDGHK_11045 hypothetical protein,Unmatched,0,0,0
EIDGHK_11050 putative transmembrane protein,Unmatched,0,0,0
EIDGHK_11055 glutamate decarboxylase,Unmatched,0,0,0
EIDGHK_11060 Small-conductance mechanosensitive channel MscK,Unmatched,0,0,0
EIDGHK_11065 DUF29 domain-containing protein,Unmatched,0,0,0
EIDGHK_11070 Chloride channel core,Unmatched,0,0,0
EIDGHK_11075 Bacterial extracellular solute-binding protein,Unmatched,0,0,0
EIDGHK_11080 mechanosensitive ion channel protein,Unmatched,0,0,0
EIDGHK_11085 dienelactone hydrolase,Unmatched,0,0,0
EIDGHK_11090 DUF2854 domain-containing protein,Unmatched,0,0,0
EIDGHK_11095 sulfite exporter TauE/SafE family protein,Unmatched,0,0,0
EIDGHK_11100 DDE transposase family protein,Unmatched,0,0,0
EIDGHK_11105 pentapeptide repeat-containing protein,Unmatched,0,0,0
EIDGHK_11110 penicillin-binding protein,Unmatched,0,0,0
EIDGHK_11115 Putative restriction endonuclease,Unmatched,0,0,0
EIDGHK_11120 modification methylase,Unmatched,0,0,0
EIDGHK_11125 glutamate racemase,Unmatched,0,0,0
EIDGHK_11130 N-acetylmuramoyl-L-alanine amidase,Unmatched,0,0,0
EIDGHK_11135 sodium:proton antiporter,Unmatched,0,0,0
EIDGHK_11140 Rieske domain-containing protein,Unmatched,0,0,0
EIDGHK_11145 DUF962 domain-containing protein,Unmatched,0,0,0
EIDGHK_11150 D-aminoacylase,Unmatched,0,0,0
"EIDGHK_11155 Glycosyl transferase, family 2",Unmatched,0,0,0
EIDGHK_11160 SnoaL-like domain-containing protein,Unmatched,0,0,0
EIDGHK_11165 histidinol dehydrogenase,Unmatched,0,0,0
EIDGHK_11170 Alkaline phosphatase,Unmatched,0,0,0
EIDGHK_11175 amidohydrolase,Unmatched,0,0,0
EIDGHK_11180 Acetylglutamate kinase,Unmatched,0,0,0
EIDGHK_11185 DUF4327 domain-containing protein,Unmatched,0,0,0
EIDGHK_11190 efflux RND transporter periplasmic adaptor subunit,Unmatched,0,0,0
EIDGHK_11195 GNAT family N-acetyltransferase,Unmatched,0,0,0
EIDGHK_11200 hypothetical protein,Unmatched,0,0,0
EIDGHK_11205 Ssr0692 protein,Unmatched,0,0,0
EIDGHK_11210 Adenosyl-chloride synthase,Unmatched,0,0,0
EIDGHK_11215 carboxylating nicotinate-nucleotide diphosphorylase,Unmatched,0,0,0
EIDGHK_11220 Putative restriction endonuclease,Unmatched,0,0,0
EIDGHK_11225 phosphoribulokinase,Unmatched,0,0,0
EIDGHK_11230 hypothetical protein,Unmatched,0,0,0
EIDGHK_11235 transporter,Unmatched,0,0,0
EIDGHK_11240 Putative restriction endonuclease,Unmatched,0,0,0
EIDGHK_11245 hypothetical protein,Unmatched,0,0,0
EIDGHK_11250 DNA polymerase subunit beta,Unmatched,0,0,0
EIDGHK_11255 formylglycine-generating enzyme family protein,Unmatched,0,0,0
EIDGHK_11295 hypothetical protein,Unmatched,0,0,0
EIDGHK_11300 hypothetical protein,Unmatched,0,0,0
EIDGHK_11305 excinuclease ABC subunit UvrC,Unmatched,0,0,0
EIDGHK_11310 hypothetical protein,Unmatched,0,0,0
EIDGHK_11315 hypothetical protein,Unmatched,0,0,0
EIDGHK_11320 3-isopropylmalate dehydrogenase,Unmatched,0,0,0
EIDGHK_11325 glucose-1-phosphate thymidylyltransferase,Unmatched,0,0,0
EIDGHK_11330 dTDP-4-dehydrorhamnose reductase,Unmatched,0,0,0
"EIDGHK_11335 dTDP-4-dehydrorhamnose 3,5-epimerase",Unmatched,0,0,0
EIDGHK_11340 biotin synthase BioB,Unmatched,0,0,0
EIDGHK_11345 biotin transporter BioY,Unmatched,0,0,0
EIDGHK_11350 signal peptidase II,Unmatched,0,0,0
EIDGHK_11355 AMP-dependent synthetase,Unmatched,0,0,0
EIDGHK_11360 Putative restriction endonuclease,Unmatched,0,0,0
EIDGHK_11365 5-(carboxyamino)imidazole ribonucleotide mutase,Unmatched,0,0,0
EIDGHK_11370 Beta-barrel assembly-enhancing protease,Unmatched,0,0,0
EIDGHK_11395 Cofac-haem-bdg domain-containing protein,Unmatched,0,0,0
EIDGHK_11400 ferredoxin-NADP reductase,Unmatched,0,0,0
EIDGHK_11405 photosystem I reaction center subunit XII,Unmatched,0,0,0
EIDGHK_11410 23S rRNA (adenine(2503)-C(2))-methyltransferase RlmN,Unmatched,0,0,0
EIDGHK_11415 30S ribosomal protein S6--L-glutamate ligase,Unmatched,0,0,0
EIDGHK_11420 ABC transporter ATP-binding protein,Unmatched,0,0,0
EIDGHK_11425 PNP-UDP-1 domain-containing protein,Unmatched,0,0,0
EIDGHK_11430 tRNA-Leu(gag),Unmatched,0,0,0
EIDGHK_11435 DUF4351 domain-containing protein,Unmatched,0,0,0
EIDGHK_11440 PEP-CTERM sorting domain-containing protein,Unmatched,0,0,0
EIDGHK_11445 transporter,Unmatched,0,0,0
EIDGHK_11450 hypothetical protein,Unmatched,0,0,0
EIDGHK_11455 cytochrome B6,Unmatched,0,0,0
EIDGHK_11460 arsenic-transporting ATPase,Unmatched,0,0,0
EIDGHK_11465 chlorophyll synthase ChlG,Unmatched,0,0,0
EIDGHK_11470 Inhibitor of apoptosis-promoting Bax1,Unmatched,0,0,0
EIDGHK_11475 Chlorophyll A-B binding protein,Unmatched,0,0,0
EIDGHK_11480 metalloprotease,Unmatched,0,0,0
EIDGHK_11485 peptidase C69,Unmatched,0,0,0
EIDGHK_11490 hypothetical protein,Unmatched,0,0,0
EIDGHK_11495 magnesium chelatase ATPase subunit D,Unmatched,0,0,0
EIDGHK_11500 hypothetical protein,Unmatched,0,0,0
EIDGHK_11505 hypothetical protein,Unmatched,0,0,0
EIDGHK_11510 hypothetical protein,Unmatched,0,0,0
EIDGHK_11515 hypothetical protein,Unmatched,0,0,0
EIDGHK_11520 DUF1824 domain-containing protein,Unmatched,0,0,0
EIDGHK_11525 2-C-methyl-D-erythritol 4-phosphate cytidylyltransferase,Unmatched,0,0,0
EIDGHK_11530 glycosyltransferase,Unmatched,0,0,0
EIDGHK_11535 HicB-like domain-containing protein,Unmatched,0,0,0
"EIDGHK_11540 1,4-dihydroxy-2-naphthoyl-CoA synthase",Unmatched,0,0,0
EIDGHK_11545 RNA-binding protein,Unmatched,0,0,0
EIDGHK_11550 Class I SAM-dependent methyltransferase,Unmatched,0,0,0
EIDGHK_11555 glycosyltransferase family 1 protein,Unmatched,0,0,0
EIDGHK_11560 methyltransferase,Unmatched,0,0,0
EIDGHK_11565 DedA family protein,Unmatched,0,0,0
EIDGHK_11570 pentapeptide repeat-containing protein,Unmatched,0,0,0
EIDGHK_11575 peptide ABC transporter substrate-binding protein,Unmatched,0,0,0
EIDGHK_11580 endonuclease/exonuclease/phosphatase,Unmatched,0,0,0
EIDGHK_11585 CsbD domain-containing protein,Unmatched,0,0,0
EIDGHK_11590 Transglycosylase-associated protein,Unmatched,0,0,0
EIDGHK_11595 bifunctional pyr operon transcriptional regulator/uracil phosphoribosyltransferase PyrR,Unmatched,0,0,0
EIDGHK_11600 amidase,Unmatched,0,0,0
EIDGHK_11605 nickel import ATP-binding protein NikD,Unmatched,0,0,0
EIDGHK_11610 4-hydroxy-3-methylbut-2-enyl diphosphate reductase,Unmatched,0,0,0
EIDGHK_11615 CRR6 family NdhI maturation factor,Unmatched,0,0,0
EIDGHK_11620 hypothetical protein,Unmatched,0,0,0
EIDGHK_11625 bile acid:sodium symporter,Unmatched,0,0,0
EIDGHK_11630 ABC-F type ribosomal protection protein,Unmatched,0,0,0
EIDGHK_11635 hypothetical protein,Unmatched,0,0,0
EIDGHK_11640 DUF6516 domain-containing protein,Unmatched,0,0,0
EIDGHK_11645 hypothetical protein,Unmatched,0,0,0
EIDGHK_11650 TIGR03032 family protein,Unmatched,0,0,0
EIDGHK_11655 glutaminase A,Unmatched,0,0,0
EIDGHK_11660 molybdopterin molybdenumtransferase,Unmatched,0,0,0
EIDGHK_11665 ACP S-malonyltransferase,Unmatched,0,0,0
EIDGHK_11670 3-oxoacyl-[acyl-carrier-protein] synthase 3,Unmatched,0,0,0
EIDGHK_11675 phosphate acyltransferase PlsX,Unmatched,0,0,0
EIDGHK_11680 D-alanyl-D-alanine carboxypeptidase/D-alanyl-D-alanine-endopeptidase,Unmatched,0,0,0
EIDGHK_11685 N-acetyl-gamma-glutamyl-phosphate reductase,Unmatched,0,0,0
EIDGHK_11690 DUF3146 domain-containing protein,Unmatched,0,0,0
EIDGHK_11695 DUF389 domain-containing protein,Unmatched,0,0,0
EIDGHK_11700 hypothetical protein,Unmatched,0,0,0
EIDGHK_11705 50S ribosomal protein L25/general stress protein Ctc,Unmatched,0,0,0
EIDGHK_11710 adenylosuccinate synthase,Unmatched,0,0,0
EIDGHK_11715 hypothetical protein,Unmatched,0,0,0
EIDGHK_11720 permease,Unmatched,0,0,0
EIDGHK_11725 dipeptide epimerase,Unmatched,0,0,0
EIDGHK_11730 DUF1611 domain-containing protein,Unmatched,0,0,0
EIDGHK_11735 hypothetical protein,Unmatched,0,0,0
EIDGHK_11740 molecular chaperone DnaJ,Unmatched,0,0,0
EIDGHK_11745 TVP38/TMEM64 family protein,Unmatched,0,0,0
EIDGHK_11750 glycogen-debranching protein,Unmatched,0,0,0
EIDGHK_11755 stem cell self-renewal protein Piwi,Unmatched,0,0,0
EIDGHK_11760 PDDEXK-1 domain-containing protein,Unmatched,0,0,0
EIDGHK_11765 XRE family transcriptional regulator,Unmatched,0,0,0
EIDGHK_11770 IrrE N-terminal-like domain-containing protein,Unmatched,0,0,0
EIDGHK_11775 LysR family transcriptional regulator,Unmatched,0,0,0
EIDGHK_11780 hypothetical protein,Unmatched,0,0,0
EIDGHK_11785 peptidase,Unmatched,0,0,0
EIDGHK_11790 DUF4164 domain-containing protein,Unmatched,0,0,0
EIDGHK_11795 hypothetical protein,Unmatched,0,0,0
EIDGHK_11800 hypothetical protein,Unmatched,0,0,0
EIDGHK_11805 hypothetical protein,Unmatched,0,0,0
EIDGHK_11810 50S ribosomal protein L10,Unmatched,0,0,0
EIDGHK_11815 50S ribosomal protein L7/L12,Unmatched,0,0,0
EIDGHK_11820 photosystem II reaction center protein T,Unmatched,0,0,0
EIDGHK_11825 transcriptional regulator NrdR,Unmatched,0,0,0
EIDGHK_11830 30S ribosomal protein S1,Unmatched,0,0,0
EIDGHK_11835 Adenylate cyclase,Unmatched,0,0,0
EIDGHK_11840 hypothetical protein,Unmatched,0,0,0
EIDGHK_11845 Permeases of the major facilitator superfamily,Unmatched,0,0,0
EIDGHK_11850 hypothetical protein,Unmatched,0,0,0
EIDGHK_11855 glyoxalase/bleomycin resistance/extradiol dioxygenase family protein,Unmatched,0,0,0
EIDGHK_11860 Methyltransf-2 domain-containing protein,Unmatched,0,0,0
EIDGHK_11865 O-demethylpuromycin-O-methyltransferase,Unmatched,0,0,0
EIDGHK_11870 2-oxoglutarate-Fe(II) oxygenase family enzyme,Unmatched,0,0,0
EIDGHK_11875 Bacterial cell division membrane protein,Unmatched,0,0,0
EIDGHK_11880 hypothetical protein,Unmatched,0,0,0
EIDGHK_11885 peptidase M42,Unmatched,0,0,0
EIDGHK_11890 trans-splicing intein-formed DNA polymerase III subunit alpha C-terminal partner DnaE-C,Unmatched,0,0,0
EIDGHK_11895 hypothetical protein,Unmatched,0,0,0
EIDGHK_11900 hypothetical protein,Unmatched,0,0,0
EIDGHK_11905 aldo/keto reductase,Unmatched,0,0,0
EIDGHK_11910 Similarity,Unmatched,0,0,0
EIDGHK_11915 sugar ABC transporter substrate-binding protein,Unmatched,0,0,0
EIDGHK_11920 transketolase,Unmatched,0,0,0
EIDGHK_11925 proline hydroxylase,Unmatched,0,0,0
EIDGHK_11930 ABC transporter substrate-binding protein,Unmatched,0,0,0
EIDGHK_11935 Hypothetical glycosyl hydrolase 6,Unmatched,0,0,0
EIDGHK_11940 UPF0182 protein MAE_41360,Unmatched,0,0,0
EIDGHK_11945 flagellar assembly protein H,Unmatched,0,0,0
EIDGHK_11950 excinuclease ABC subunit UvrB,Unmatched,0,0,0
EIDGHK_11955 Catalase/hydroperoxidase,Unmatched,0,0,0
EIDGHK_11960 hypothetical protein,Unmatched,0,0,0
EIDGHK_11965 Response regulatory domain-containing protein,Unmatched,0,0,0
EIDGHK_11970 D-alanyl-D-alanine dipeptidase,Unmatched,0,0,0
EIDGHK_11975 sodium-independent anion transporter,Unmatched,0,0,0
EIDGHK_11980 nitrogenase,Unmatched,0,0,0
EIDGHK_11985 UDP-glucose 6-dehydrogenase,Unmatched,0,0,0
EIDGHK_11990 NAD-dependent dehydratase,Unmatched,0,0,0
EIDGHK_11995 DNA polymerase I,Unmatched,0,0,0
EIDGHK_12000 hypothetical protein,Unmatched,0,0,0
EIDGHK_12005 heavy metal transporter,Unmatched,0,0,0
EIDGHK_12010 Ribonuclease HepT-like,Unmatched,0,0,0
EIDGHK_12015 DNA polymerase subunit beta,Unmatched,0,0,0
EIDGHK_12020 Type II toxin-antitoxin system PemK/MazF family toxin,Unmatched,0,0,0
EIDGHK_12025 hypothetical protein,Unmatched,0,0,0
EIDGHK_12030 Type II toxin-antitoxin system RelE/ParE family toxin,Unmatched,0,0,0
EIDGHK_12035 hypothetical protein,Unmatched,0,0,0
EIDGHK_12040 DUF86 domain-containing protein,Unmatched,0,0,0
EIDGHK_12045 nucleotidyltransferase,Unmatched,0,0,0
EIDGHK_12050 endonuclease,Unmatched,0,0,0
EIDGHK_12055 Site-specific DNA-methyltransferase (adenine-specific),Unmatched,0,0,0
EIDGHK_12060 Cytochrome b6-f complex iron-sulfur subunit,Unmatched,0,0,0
EIDGHK_12065 apocytochrome f,Unmatched,0,0,0
EIDGHK_12070 mannose-1-phosphate guanylyltransferase,Unmatched,0,0,0
EIDGHK_12075 ABC transporter,Unmatched,0,0,0
EIDGHK_12080 hypothetical protein,Unmatched,0,0,0
EIDGHK_12085 bifunctional ornithine acetyltransferase/N-acetylglutamate synthase,Unmatched,0,0,0
EIDGHK_12090 photosystem II reaction center protein PsbM,Unmatched,0,0,0
EIDGHK_12095 histidine kinase,Unmatched,0,0,0
EIDGHK_12100 hypothetical protein,Unmatched,0,0,0
EIDGHK_12105 hypothetical protein,Unmatched,0,0,0
"EIDGHK_12110 putative toxin-antitoxin system toxin component, PIN family",Unmatched,0,0,0
EIDGHK_12115 hypothetical protein,Unmatched,0,0,0
EIDGHK_12120 nucleic acid-binding protein,Unmatched,0,0,0
EIDGHK_12125 nucleic acid-binding protein,Unmatched,0,0,0
EIDGHK_12130 hypothetical protein,Unmatched,0,0,0
"EIDGHK_12135 putative toxin-antitoxin system toxin component, PIN family",Unmatched,0,0,0
EIDGHK_12140 hypothetical protein,Unmatched,0,0,0
EIDGHK_12145 hypothetical protein,Unmatched,0,0,0
EIDGHK_12150 glutamate synthase large subunit,Unmatched,0,0,0
EIDGHK_12155 DUF433 domain-containing protein,Unmatched,0,0,0
EIDGHK_12160 hypothetical protein,Unmatched,0,0,0
EIDGHK_12165 hypothetical protein,Unmatched,0,0,0
EIDGHK_12170 nucleotidyltransferase,Unmatched,0,0,0
EIDGHK_12175 PEP-CTERM sorting domain-containing protein,Unmatched,0,0,0
EIDGHK_12180 hypothetical protein,Unmatched,0,0,0
EIDGHK_12185 hypothetical protein,Unmatched,0,0,0
EIDGHK_12190 PEP-CTERM domain-containing protein,Unmatched,0,0,0
EIDGHK_12195 DUF29 domain-containing protein,Unmatched,0,0,0
EIDGHK_12200 molybdopterin synthase sulfur carrier subunit,Unmatched,0,0,0
EIDGHK_12205 threonine synthase,Unmatched,0,0,0
EIDGHK_12210 16S rRNA (guanine(966)-N(2))-methyltransferase RsmD,Unmatched,0,0,0
EIDGHK_12215 uracil-DNA glycosylase,Unmatched,0,0,0
EIDGHK_12220 GTPase Era,Unmatched,0,0,0
EIDGHK_12225 hypothetical protein,Unmatched,0,0,0
EIDGHK_12230 serine protease,Unmatched,0,0,0
EIDGHK_12235 hypothetical protein,Unmatched,0,0,0
EIDGHK_12240 UDP-glucose 4-epimerase,Unmatched,0,0,0
EIDGHK_12245 Glycosyltransferase WbuB,Unmatched,0,0,0
EIDGHK_12250 Group 2 glycosyl transferase,Unmatched,0,0,0
EIDGHK_12255 Glycosyltransferase,Unmatched,0,0,0
EIDGHK_12260 hypothetical protein,Unmatched,0,0,0
EIDGHK_12265 Uma2 domain-containing protein,Unmatched,0,0,0
EIDGHK_12270 Nucleotide-binding protein,Unmatched,0,0,0
EIDGHK_12275 hypothetical protein,Unmatched,0,0,0
EIDGHK_12280 glycosyl transferase,Unmatched,0,0,0
EIDGHK_12285 hypothetical protein,Unmatched,0,0,0
EIDGHK_12290 Radical SAM core domain-containing protein,Unmatched,0,0,0
EIDGHK_12295 Class I SAM-dependent methyltransferase,Unmatched,0,0,0
EIDGHK_12300 hypothetical protein,Unmatched,0,0,0
EIDGHK_12305 hypothetical protein,Unmatched,0,0,0
EIDGHK_12310 DUF3769 domain-containing protein,Unmatched,0,0,0
EIDGHK_12315 photosystem II reaction center protein I,Unmatched,0,0,0
EIDGHK_12320 16S rRNA (cytidine(1402)-2'-O)-methyltransferase,Unmatched,0,0,0
EIDGHK_12325 YjgP/YjgQ family permease,Unmatched,0,0,0
EIDGHK_12330 LPS export ABC transporter ATP-binding protein,Unmatched,0,0,0
EIDGHK_12335 ostA-like family protein,Unmatched,0,0,0
EIDGHK_12340 DUF309 domain-containing protein,Unmatched,0,0,0
EIDGHK_12345 ferredoxin--nitrite reductase,Unmatched,0,0,0
EIDGHK_12350 hypothetical protein,Unmatched,0,0,0
EIDGHK_12355 ComF family protein,Unmatched,0,0,0
EIDGHK_12360 Photosystem II reaction center X protein,Unmatched,0,0,0
EIDGHK_12365 hypothetical protein,Unmatched,0,0,0
EIDGHK_12370 DNA adenine methylase,Unmatched,0,0,0
EIDGHK_12375 ATP-dependent zinc metalloprotease FtsH2,Unmatched,0,0,0
EIDGHK_12380 Neurohypophysial hormones like protein,Unmatched,0,0,0
EIDGHK_12385 DNA polymerase III subunit delta',Unmatched,0,0,0
EIDGHK_12390 hypothetical protein,Unmatched,0,0,0
EIDGHK_12395 cadmium-translocating P-type ATPase,Unmatched,0,0,0
EIDGHK_12400 hypothetical protein,Unmatched,0,0,0
EIDGHK_12405 hypothetical protein,Unmatched,0,0,0
EIDGHK_12410 hypothetical protein,Unmatched,0,0,0
EIDGHK_12415 clan AA aspartic protease,Unmatched,0,0,0
EIDGHK_12420 Excinuclease ABC subunit C,Unmatched,0,0,0
EIDGHK_12425 hypothetical protein,Unmatched,0,0,0
EIDGHK_12430 sulfate ABC transporter substrate-binding protein,Unmatched,0,0,0
EIDGHK_12435 lipid-A-disaccharide synthase,Unmatched,0,0,0
EIDGHK_12440 acyl-ACP--UDP-N-acetylglucosamine O-acyltransferase,Unmatched,0,0,0
EIDGHK_12445 Hrp-dependent type III effector protein,Unmatched,0,0,0
EIDGHK_12450 aminotransferase,Unmatched,0,0,0
EIDGHK_12455 indole-3-glycerol phosphate synthase TrpC,Unmatched,0,0,0
EIDGHK_12460 hypothetical protein,Unmatched,0,0,0
EIDGHK_12465 Chromosome partition protein Smc,Unmatched,0,0,0
EIDGHK_12470 DUF3288 domain-containing protein,Unmatched,0,0,0
EIDGHK_12475 methionine synthase,Unmatched,0,0,0
EIDGHK_12480 glycosyltransferase,Unmatched,0,0,0
EIDGHK_12485 nucleoside triphosphate pyrophosphohydrolase,Unmatched,0,0,0
EIDGHK_12490 signal peptidase I,Unmatched,0,0,0
EIDGHK_12495 Mobile element protein,Unmatched,0,0,0
EIDGHK_12500 Transposase,Unmatched,0,0,0
EIDGHK_12505 Mobile element protein,Unmatched,0,0,0
EIDGHK_12510 Transposase,Unmatched,0,0,0
EIDGHK_12515 Potassium efflux system kefA,Unmatched,0,0,0
EIDGHK_12520 Integral membrane protein,Unmatched,0,0,0
EIDGHK_12525 phosphopyruvate hydratase,Unmatched,0,0,0
EIDGHK_12530 DUF3887 domain-containing protein,Unmatched,0,0,0
EIDGHK_12535 glycogen debranching protein GlgX,Unmatched,0,0,0
EIDGHK_12540 hypothetical protein,Unmatched,0,0,0
EIDGHK_12545 DDE-Tnp-1 domain-containing protein,Unmatched,0,0,0
EIDGHK_12550 Mobile element protein,Unmatched,0,0,0
EIDGHK_12555 hypothetical protein,Unmatched,0,0,0
EIDGHK_12560 hypothetical protein,Unmatched,0,0,0
EIDGHK_12565 Mobile element protein,Unmatched,0,0,0
EIDGHK_12570 Mobile element protein,Unmatched,0,0,0
EIDGHK_12575 zf-TFIIB domain-containing protein,Unmatched,0,0,0
EIDGHK_12580 ATP-dependent chaperone ClpB,Unmatched,0,0,0
EIDGHK_12585 excinuclease ABC C subunit domain protein,Unmatched,0,0,0
EIDGHK_12590 pyruvate phosphate dikinase PEP/pyruvate-binding protein,Unmatched,0,0,0
EIDGHK_12595 phosphoenolpyruvate synthase,Unmatched,0,0,0
EIDGHK_12600 DNA-binding response regulator,Unmatched,0,0,0
EIDGHK_12605 DUF433 domain-containing protein,Unmatched,0,0,0
EIDGHK_12610 carbohydrate kinase,Unmatched,0,0,0
EIDGHK_12615 Biosynthesis of aminoglycoside antibiotics,Unmatched,0,0,0
EIDGHK_12620 hypothetical protein,Unmatched,0,0,0
EIDGHK_12625 hypothetical protein,Unmatched,0,0,0
EIDGHK_12630 Cupin domain-containing protein,Unmatched,0,0,0
EIDGHK_12635 Glutamine amidotransferase class-I,Unmatched,0,0,0
EIDGHK_12640 hypothetical protein,Unmatched,0,0,0
EIDGHK_12645 Aspartyl-tRNA(Asn) amidotransferase subunit A,Unmatched,0,0,0
EIDGHK_12650 Glutamate transport ATP-binding protein,Unmatched,0,0,0
EIDGHK_12655 ABC transporter membrane-spanning permease-glutamine transport,Unmatched,0,0,0
EIDGHK_12660 Nucleoside-diphosphate-sugar epimerases,Unmatched,0,0,0
EIDGHK_12665 hypothetical protein,Unmatched,0,0,0
EIDGHK_12670 Mobile element protein,Unmatched,0,0,0
"EIDGHK_12675 NADH:flavin oxidoreductases, old yellow enzyme family",Unmatched,0,0,0
EIDGHK_12680 IS30 family transposase,Unmatched,0,0,0
EIDGHK_12685 Capsular polysaccharide synthesis protein,Unmatched,0,0,0
EIDGHK_12690 Mobile element protein,Unmatched,0,0,0
EIDGHK_12695 ABC transporter substrate-binding protein,Unmatched,0,0,0
EIDGHK_12700 adenine phosphoribosyltransferase,Unmatched,0,0,0
EIDGHK_12705 DUF3038 domain-containing protein,Unmatched,0,0,0
EIDGHK_12710 DUF4335 domain-containing protein,Unmatched,0,0,0
EIDGHK_12715 HigA family addiction module antitoxin,Unmatched,0,0,0
EIDGHK_12720 adenosylmethionine decarboxylase,Unmatched,0,0,0
EIDGHK_12725 DUF6464 domain-containing protein,Unmatched,0,0,0
EIDGHK_12730 hypothetical protein,Unmatched,0,0,0
EIDGHK_12735 YkuD domain-containing protein,Unmatched,0,0,0
EIDGHK_12740 DUF2064 domain-containing protein,Unmatched,0,0,0
EIDGHK_12745 caspase,Unmatched,0,0,0
EIDGHK_12750 DUF4351 domain-containing protein,Unmatched,0,0,0
EIDGHK_12755 Putative restriction endonuclease,Unmatched,0,0,0
EIDGHK_12760 cation transporter,Unmatched,0,0,0
EIDGHK_12770 tRNA-Cys(gca),Unmatched,0,0,0
EIDGHK_12780 Phosphate-starvation-inducible E family,Unmatched,0,0,0
EIDGHK_12785 bacitracin ABC transporter ATP-binding protein,Unmatched,0,0,0
EIDGHK_12790 bacitracin ABC transporter ATP-binding protein,Unmatched,0,0,0
EIDGHK_12795 nitrate ABC transporter permease,Unmatched,0,0,0
EIDGHK_12800 bicarbonate-binding protein,Unmatched,0,0,0
"EIDGHK_12805 Heat shock protein DnaJ, N-terminal",Unmatched,0,0,0
EIDGHK_12810 pilus motility taxis protein HmpF,Unmatched,0,0,0
EIDGHK_12815 DUF4388 domain-containing protein,Unmatched,0,0,0
EIDGHK_12820 Response regulator receiver protein,Unmatched,0,0,0
EIDGHK_12825 two-component system response regulator,Unmatched,0,0,0
EIDGHK_12830 Chemotaxis protein,Unmatched,0,0,0
EIDGHK_12835 Methyl-accepting chemotaxis protein,Unmatched,0,0,0
EIDGHK_12840 glycosyltransferase,Unmatched,0,0,0
EIDGHK_12845 acetyl CoA synthetase subunit alpha,Unmatched,0,0,0
EIDGHK_12850 glycine cleavage system protein GcvH,Unmatched,0,0,0
EIDGHK_12855 molybdopterin-synthase adenylyltransferase MoeB,Unmatched,0,0,0
EIDGHK_12860 hypothetical protein,Unmatched,0,0,0
EIDGHK_12865 ParB domain-containing protein,Unmatched,0,0,0
EIDGHK_12870 hypothetical protein,Unmatched,0,0,0
EIDGHK_12875 DEAD/DEAH box helicase,Unmatched,0,0,0
EIDGHK_12880 hypothetical protein,Unmatched,0,0,0
"EIDGHK_12885 putative toxin-antitoxin system toxin component, PIN family",Unmatched,0,0,0
EIDGHK_12890 RHH-1 domain-containing protein,Unmatched,0,0,0
EIDGHK_12895 IS5 family transposase,Unmatched,0,0,0
EIDGHK_12900 Tnp-DDE-dom domain-containing protein,Unmatched,0,0,0
EIDGHK_12905 Transposase,Unmatched,0,0,0
EIDGHK_12910 IS630 family ISMae25 transposase,Unmatched,0,0,0
EIDGHK_12915 hypothetical protein,Unmatched,0,0,0
EIDGHK_12920 hypothetical protein,Unmatched,0,0,0
EIDGHK_12925 ACP S-malonyltransferase,Unmatched,0,0,0
EIDGHK_12930 DUF433 domain-containing protein,Unmatched,0,0,0
EIDGHK_12935 hypothetical protein,Unmatched,0,0,0
EIDGHK_12940 DUF29 domain-containing protein,Unmatched,0,0,0
EIDGHK_12945 DUF29 domain-containing protein,Unmatched,0,0,0
EIDGHK_12950 protein-methionine-sulfoxide reductase catalytic subunit MsrP,Unmatched,0,0,0
EIDGHK_12955 cytochrome P450,Unmatched,0,0,0
EIDGHK_12960 TVP38/TMEM64 family protein,Unmatched,0,0,0
EIDGHK_12965 mercuric reductase,Unmatched,0,0,0
EIDGHK_12970 serine/threonine protein kinase,Unmatched,0,0,0
"EIDGHK_12975 lignostilbene-alpha,beta-dioxygenase",Unmatched,0,0,0
EIDGHK_12980 AAA-like domain-containing protein,Unmatched,0,0,0
EIDGHK_12985 PMT-2 domain-containing protein,Unmatched,0,0,0
EIDGHK_12990 thioredoxin domain-containing protein,Unmatched,0,0,0
EIDGHK_12995 Chromophore lyase CpcT/CpeT 3,Unmatched,0,0,0
EIDGHK_13000 porphobilinogen synthase,Unmatched,0,0,0
EIDGHK_13005 GTP cyclohydrolase I FolE,Unmatched,0,0,0
EIDGHK_13010 hypothetical protein,Unmatched,0,0,0
EIDGHK_13015 hypothetical protein,Unmatched,0,0,0
EIDGHK_13020 DUF202 domain-containing protein,Unmatched,0,0,0
EIDGHK_13025 band 7 protein,Unmatched,0,0,0
EIDGHK_13030 transporter,Unmatched,0,0,0
EIDGHK_13035 Crp/Fnr family transcriptional regulator,Unmatched,0,0,0
EIDGHK_13040 Chromosome partition protein Smc,Unmatched,0,0,0
EIDGHK_13045 MgtC family,Unmatched,0,0,0
EIDGHK_13050 Cystathionine gamma-lyase,Unmatched,0,0,0
EIDGHK_13055 cysteine synthase A,Unmatched,0,0,0
EIDGHK_13060 phycocyanin subunit beta,Unmatched,0,0,0
EIDGHK_13065 phycocyanin subunit alpha,Unmatched,0,0,0
EIDGHK_13070 sulfurtransferase,Unmatched,0,0,0
EIDGHK_13075 PA-phosphatase,Unmatched,0,0,0
EIDGHK_13080 Secreted effector protein PipB2,Unmatched,0,0,0
"EIDGHK_13085 2,5-didehydrogluconate reductase",Unmatched,0,0,0
EIDGHK_13090 recombinase RecA,Unmatched,0,0,0
EIDGHK_13095 hypothetical protein,Unmatched,0,0,0
EIDGHK_13100 hypothetical protein,Unmatched,0,0,0
EIDGHK_13105 Cysteine dioxygenase,Unmatched,0,0,0
EIDGHK_13110 hypothetical protein,Unmatched,0,0,0
EIDGHK_13115 hypothetical protein,Unmatched,0,0,0
EIDGHK_13120 Oxygen-dependent choline dehydrogenase,Unmatched,0,0,0
EIDGHK_13125 hypothetical protein,Unmatched,0,0,0
EIDGHK_13130 hypothetical protein,Unmatched,0,0,0
EIDGHK_13135 hypothetical protein,Unmatched,0,0,0
EIDGHK_13140 hypothetical protein,Unmatched,0,0,0
EIDGHK_13145 hypothetical protein,Unmatched,0,0,0
EIDGHK_13150 hypothetical protein,Unmatched,0,0,0
EIDGHK_13155 hypothetical protein,Unmatched,0,0,0
EIDGHK_13160 hypothetical protein,Unmatched,0,0,0
EIDGHK_13165 hypothetical protein,Unmatched,0,0,0
EIDGHK_13170 hypothetical protein,Unmatched,0,0,0
EIDGHK_13175 hypothetical protein,Unmatched,0,0,0
EIDGHK_13180 hypothetical protein,Unmatched,0,0,0
EIDGHK_13185 DUF4326 domain-containing protein,Unmatched,0,0,0
EIDGHK_13190 hypothetical protein,Unmatched,0,0,0
EIDGHK_13195 hypothetical protein,Unmatched,0,0,0
EIDGHK_13200 hypothetical protein,Unmatched,0,0,0
EIDGHK_13205 hypothetical protein,Unmatched,0,0,0
EIDGHK_13210 DNA primase TraC,Unmatched,0,0,0
EIDGHK_13215 hypothetical protein,Unmatched,0,0,0
EIDGHK_13220 GIY-YIG domain-containing protein,Unmatched,0,0,0
EIDGHK_13225 hypothetical protein,Unmatched,0,0,0
EIDGHK_13230 SAM-dependent DNA methyltransferase,Unmatched,0,0,0
EIDGHK_13235 hypothetical protein,Unmatched,0,0,0
EIDGHK_13240 hypothetical protein,Unmatched,0,0,0
EIDGHK_13245 hypothetical protein,Unmatched,0,0,0
EIDGHK_13250 hypothetical protein,Unmatched,0,0,0
EIDGHK_13255 hypothetical protein,Unmatched,0,0,0
EIDGHK_13260 hypothetical protein,Unmatched,0,0,0
EIDGHK_13265 hypothetical protein,Unmatched,0,0,0
EIDGHK_13270 Prepilin-type N-terminal cleavage/methylation domain-containing protein,Unmatched,0,0,0
EIDGHK_13275 hypothetical protein,Unmatched,0,0,0
EIDGHK_13280 DUF29 domain-containing protein,Unmatched,0,0,0
EIDGHK_13285 ABC transporter substrate-binding protein,Unmatched,0,0,0
EIDGHK_13290 hypothetical protein,Unmatched,0,0,0
"EIDGHK_13295 Toxin 1, PIN domain",Unmatched,0,0,0
EIDGHK_13300 SpoVT-AbrB domain-containing protein,Unmatched,0,0,0
EIDGHK_13305 hypothetical protein,Unmatched,0,0,0
EIDGHK_13310 DEAD/DEAH box helicase,Unmatched,0,0,0
EIDGHK_13315 transcriptional regulator,Unmatched,0,0,0
EIDGHK_13320 Ribonuclease HepT-like,Unmatched,0,0,0
EIDGHK_13325 nucleotidyltransferase,Unmatched,0,0,0
EIDGHK_13330 hypothetical protein,Unmatched,0,0,0
EIDGHK_13335 hypothetical protein,Unmatched,0,0,0
EIDGHK_13340 tRNA(fMet)-specific endonuclease VapC,Unmatched,0,0,0
EIDGHK_13345 hypothetical protein,Unmatched,0,0,0
EIDGHK_13350 Tyrosine recombinase XerC,Unmatched,0,0,0
EIDGHK_13355 hypothetical protein,Unmatched,0,0,0
EIDGHK_13360 Undecaprenyl-phosphate galactosephosphotransferase,Unmatched,0,0,0
EIDGHK_13365 hypothetical protein,Unmatched,0,0,0
EIDGHK_13370 Catabolite gene activator protein,Unmatched,0,0,0
EIDGHK_13375 divalent-cation tolerance protein CutA,Unmatched,0,0,0
EIDGHK_13380 photosystem I reaction center subunit X,Unmatched,0,0,0
EIDGHK_13385 ATPase-AAA-core domain-containing protein,Unmatched,0,0,0
EIDGHK_13390 hypothetical protein,Unmatched,0,0,0
EIDGHK_13395 Gamma-glutamyltranspeptidase,Unmatched,0,0,0
EIDGHK_13400 Gamma-glutamyltransferase,Unmatched,0,0,0
"EIDGHK_13405 Type I restriction-modification system, DNA-methyltransferase subunit M",Unmatched,0,0,0
EIDGHK_13410 hypothetical protein,Unmatched,0,0,0
EIDGHK_13415 hypothetical protein,Unmatched,0,0,0
EIDGHK_13420 tRNA(fMet)-specific endonuclease VapC,Unmatched,0,0,0
EIDGHK_13425 tRNA(fMet)-specific endonuclease VapC,Unmatched,0,0,0
EIDGHK_13430 hypothetical protein,Unmatched,0,0,0
EIDGHK_13435 HTH cro/C1-type domain-containing protein,Unmatched,0,0,0
EIDGHK_13440 RHH-1 domain-containing protein,Unmatched,0,0,0
EIDGHK_13445 hypothetical protein,Unmatched,0,0,0
EIDGHK_13450 hypothetical protein,Unmatched,0,0,0
EIDGHK_13455 hypothetical protein,Unmatched,0,0,0
EIDGHK_13460 nuclease,Unmatched,0,0,0
EIDGHK_13465 hypothetical protein,Unmatched,0,0,0
EIDGHK_13470 DUF5615 domain-containing protein,Unmatched,0,0,0
EIDGHK_13475 hypothetical protein,Unmatched,0,0,0
EIDGHK_13505 SAM-dependent methyltransferase,Unmatched,0,0,0
EIDGHK_13510 ATPase,Unmatched,0,0,0
EIDGHK_13515 hypothetical protein,Unmatched,0,0,0
EIDGHK_13520 isochorismate synthase,Unmatched,0,0,0
EIDGHK_13525 hypothetical protein,Unmatched,0,0,0
EIDGHK_13530 hypothetical protein,Unmatched,0,0,0
EIDGHK_13535 porphobilinogen synthase,Unmatched,0,0,0
EIDGHK_13540 ATPase,Unmatched,0,0,0
EIDGHK_13545 Phosphomannomutase,Unmatched,0,0,0
EIDGHK_13550 glycosyl transferase,Unmatched,0,0,0
EIDGHK_13555 hypothetical protein,Unmatched,0,0,0
EIDGHK_13560 hypothetical protein,Unmatched,0,0,0
EIDGHK_13575 TIGR04222 domain-containing membrane protein,Unmatched,0,0,0
EIDGHK_13580 proline--tRNA ligase,Unmatched,0,0,0
EIDGHK_13585 Type II toxin-antitoxin system PemK/MazF family toxin,Unmatched,0,0,0
EIDGHK_13590 hypothetical protein,Unmatched,0,0,0
EIDGHK_13595 2'-5' RNA ligase,Unmatched,0,0,0
EIDGHK_13600 YCII domain-containing protein,Unmatched,0,0,0
EIDGHK_13605 translation initiation factor IF-1,Unmatched,0,0,0
EIDGHK_13610 50S ribosomal protein L36,Unmatched,0,0,0
EIDGHK_13615 30S ribosomal protein S13,Unmatched,0,0,0
EIDGHK_13620 30S ribosomal protein S11,Unmatched,0,0,0
EIDGHK_13625 DNA-directed RNA polymerase subunit alpha,Unmatched,0,0,0
EIDGHK_13630 50S ribosomal protein L17,Unmatched,0,0,0
EIDGHK_13635 tRNA pseudouridine(38-40) synthase TruA,Unmatched,0,0,0
EIDGHK_13640 50S ribosomal protein L13,Unmatched,0,0,0
EIDGHK_13645 30S ribosomal protein S9,Unmatched,0,0,0
EIDGHK_13650 50S ribosomal protein L31,Unmatched,0,0,0
EIDGHK_13660 23S ribosomal RNA,Unmatched,0,0,0
EIDGHK_13665 tRNA-Ile(gat),Unmatched,0,0,0
EIDGHK_13670 16S ribosomal RNA,Unmatched,0,0,0
EIDGHK_13675 ABC transporter permease,Unmatched,0,0,0
EIDGHK_13680 glycosyltransferase,Unmatched,0,0,0
EIDGHK_13685 tryptophan synthase subunit alpha,Unmatched,0,0,0
EIDGHK_13690 hypothetical protein,Unmatched,0,0,0
EIDGHK_13695 hypothetical protein,Unmatched,0,0,0
EIDGHK_13700 hypothetical protein,Unmatched,0,0,0
EIDGHK_13705 hypothetical protein,Unmatched,0,0,0
EIDGHK_13710 peptidylprolyl isomerase,Unmatched,0,0,0
EIDGHK_13715 HlyD family secretion protein,Unmatched,0,0,0
EIDGHK_13720 peptidase C39,Unmatched,0,0,0
EIDGHK_13725 Mobile element protein,Unmatched,0,0,0
EIDGHK_13730 peroxiredoxin,Unmatched,0,0,0
EIDGHK_13735 MFS transporter,Unmatched,0,0,0
EIDGHK_13740 carbon dioxide-concentrating protein CcmK,Unmatched,0,0,0
EIDGHK_13745 carbon dioxide-concentrating mechanism protein CcmK,Unmatched,0,0,0
EIDGHK_13750 peptide-methionine (S)-S-oxide reductase,Unmatched,0,0,0
EIDGHK_13755 3-methyl-2-oxobutanoate hydroxymethyltransferase,Unmatched,0,0,0
EIDGHK_13760 magnesium protoporphyrin IX methyltransferase,Unmatched,0,0,0
EIDGHK_13765 pyruvate kinase,Unmatched,0,0,0
EIDGHK_13770 molybdate ABC transporter substrate-binding protein,Unmatched,0,0,0
EIDGHK_13775 molybdate ABC transporter permease subunit,Unmatched,0,0,0
EIDGHK_13780 ISAs1 family transposase,Unmatched,0,0,0
EIDGHK_13785 Mobile element protein,Unmatched,0,0,0
EIDGHK_13790 DDE transposase family protein,Unmatched,0,0,0
EIDGHK_13795 ribonuclease D,Unmatched,0,0,0
EIDGHK_13800 CAP domain-containing protein,Unmatched,0,0,0
EIDGHK_13805 tryptophan synthase subunit beta,Unmatched,0,0,0
EIDGHK_13810 glycoside hydrolase,Unmatched,0,0,0
EIDGHK_13815 Txe/YoeB family addiction module toxin,Unmatched,0,0,0
EIDGHK_13820 YefM protein (Antitoxin to YoeB),Unmatched,0,0,0
EIDGHK_13825 hypothetical protein,Unmatched,0,0,0
EIDGHK_13830 hypothetical protein,Unmatched,0,0,0
EIDGHK_13835 hypothetical protein,Unmatched,0,0,0
EIDGHK_13840 OmpA family,Unmatched,0,0,0
EIDGHK_13845 Putative restriction endonuclease,Unmatched,0,0,0
EIDGHK_13850 long-chain fatty acid--CoA ligase,Unmatched,0,0,0
EIDGHK_13855 YlqD protein,Unmatched,0,0,0
EIDGHK_13860 deoxyribodipyrimidine photolyase,Unmatched,0,0,0
"EIDGHK_13865 Endonuclease, Uma2 family (restriction endonuclease fold)",Unmatched,0,0,0
EIDGHK_13870 chromosome partitioning protein ParB,Unmatched,0,0,0
EIDGHK_13875 chromosome partitioning protein ParA,Unmatched,0,0,0
EIDGHK_13880 Beta-lactamase2 domain-containing protein,Unmatched,0,0,0
EIDGHK_13885 4-phosphopantetheinyl transferase,Unmatched,0,0,0
EIDGHK_13890 glycosyl transferase,Unmatched,0,0,0
EIDGHK_13895 ATP-dependent Clp protease adapter ClpS,Unmatched,0,0,0
EIDGHK_13900 metal-binding protein,Unmatched,0,0,0
EIDGHK_13905 low-complexity protein,Unmatched,0,0,0
EIDGHK_13910 hypothetical protein,Unmatched,0,0,0
EIDGHK_13915 sulfate ABC transporter ATP-binding protein,Unmatched,0,0,0
EIDGHK_13920 sulfate ABC transporter permease subunit CysW,Unmatched,0,0,0
EIDGHK_13925 DUF4347 domain-containing protein,Unmatched,0,0,0
EIDGHK_13930 hypothetical protein,Unmatched,0,0,0
EIDGHK_13935 Rpn family recombination-promoting nuclease/putative transposase,Unmatched,0,0,0
EIDGHK_13940 DUF4347 domain-containing protein,Unmatched,0,0,0
EIDGHK_13945 nuclease,Unmatched,0,0,0
EIDGHK_13950 hypothetical protein,Unmatched,0,0,0
EIDGHK_13955 hypothetical protein,Unmatched,0,0,0
EIDGHK_13960 ATP phosphoribosyltransferase regulatory subunit,Unmatched,0,0,0
EIDGHK_13965 DnaJ-class molecular chaperone,Unmatched,0,0,0
EIDGHK_13970 inositol monophosphatase,Unmatched,0,0,0
EIDGHK_13975 ferredoxin,Unmatched,0,0,0
EIDGHK_13980 hypothetical protein,Unmatched,0,0,0
EIDGHK_13985 homogentisate phytyltransferase,Unmatched,0,0,0
EIDGHK_13990 tRNA-Ser(cga),Unmatched,0,0,0
EIDGHK_13995 SAM-dependent methyltransferase,Unmatched,0,0,0
EIDGHK_14000 Putative CheA signal transduction histidine kinase,Unmatched,0,0,0
EIDGHK_14005 hypothetical protein,Unmatched,0,0,0
EIDGHK_14010 hypothetical protein,Unmatched,0,0,0
EIDGHK_14015 hypothetical protein,Unmatched,0,0,0
EIDGHK_14020 hypothetical protein,Unmatched,0,0,0
EIDGHK_14025 modification methylase,Unmatched,0,0,0
EIDGHK_14030 alpha/beta hydrolase,Unmatched,0,0,0
EIDGHK_14035 All3148 protein,Unmatched,0,0,0
EIDGHK_14040 Red carotenoid-binding protein,Unmatched,0,0,0
EIDGHK_14045 nitrate ABC transporter ATP-binding protein,Unmatched,0,0,0
EIDGHK_14050 ABC transporter permease,Unmatched,0,0,0
EIDGHK_14055 aliphatic sulfonates ABC transporter substrate-binding protein,Unmatched,0,0,0
EIDGHK_14060 hydrogenase nickel incorporation protein HypB,Unmatched,0,0,0
EIDGHK_14065 hydrogenase maturation nickel metallochaperone HypA,Unmatched,0,0,0
EIDGHK_14070 agmatinase,Unmatched,0,0,0
EIDGHK_14075 PEP-CTERM domain-containing protein,Unmatched,0,0,0
EIDGHK_14080 Similarity,Unmatched,0,0,0
EIDGHK_14085 Type II toxin-antitoxin system RelE/ParE family toxin,Unmatched,0,0,0
EIDGHK_14090 permease,Unmatched,0,0,0
EIDGHK_14095 anthranilate synthase component I,Unmatched,0,0,0
EIDGHK_14100 hypothetical protein,Unmatched,0,0,0
EIDGHK_14105 Uncharacterized protein slr1919,Unmatched,0,0,0
EIDGHK_14110 HEPN-RiboL-PSP domain-containing protein,Unmatched,0,0,0
EIDGHK_14115 NUBPL iron-transfer P-loop NTPase,Unmatched,0,0,0
EIDGHK_14120 Putative restriction endonuclease,Unmatched,0,0,0
EIDGHK_14125 hypothetical protein,Unmatched,0,0,0
EIDGHK_14130 polysaccharide biosynthesis protein,Unmatched,0,0,0
"EIDGHK_14135 2,3-diketo-5-methylthiopentyl-1-phosphate enolase",Unmatched,0,0,0
EIDGHK_14140 serine--tRNA ligase,Unmatched,0,0,0
EIDGHK_14145 M23 family peptidase,Unmatched,0,0,0
EIDGHK_14150 glycosyltransferase,Unmatched,0,0,0
EIDGHK_14155 metal-binding protein,Unmatched,0,0,0
EIDGHK_14215 phenylalanine--tRNA ligase subunit beta,Unmatched,0,0,0
EIDGHK_14220 ATPase,Unmatched,0,0,0
EIDGHK_14225 DUF3226 domain-containing protein,Unmatched,0,0,0
EIDGHK_14230 iron-regulated protein,Unmatched,0,0,0
EIDGHK_14235 ABC transporter ATP-binding protein,Unmatched,0,0,0
EIDGHK_14240 General secretion pathway protein G,Unmatched,0,0,0
EIDGHK_14245 Prepilin-type N-terminal cleavage/methylation domain-containing protein,Unmatched,0,0,0
EIDGHK_14250 hypothetical protein,Unmatched,0,0,0
EIDGHK_14255 DUF29 domain-containing protein,Unmatched,0,0,0
EIDGHK_14260 DUF29 domain-containing protein,Unmatched,0,0,0
EIDGHK_14265 IS607 family transposase,Unmatched,0,0,0
EIDGHK_14270 transposase,Unmatched,0,0,0
EIDGHK_14275 Nucleoside-diphosphate-sugar epimerase,Unmatched,0,0,0
EIDGHK_14280 ankyrin repeat domain-containing protein,Unmatched,0,0,0
EIDGHK_14285 Stp1/IreP family PP2C-type Ser/Thr phosphatase,Unmatched,0,0,0
"EIDGHK_14290 putative protein kinase regulating ubiquinone biosynthesis, AarF/ABC1/UbiB family",Unmatched,0,0,0
EIDGHK_14295 Thylakoid protein sll1769,Unmatched,0,0,0
EIDGHK_14300 branched-chain amino acid ABC transporter substrate-binding protein,Unmatched,0,0,0
EIDGHK_14305 hypothetical protein,Unmatched,0,0,0
EIDGHK_14310 alkaline phosphatase,Unmatched,0,0,0
EIDGHK_14315 adenosylhomocysteinase,Unmatched,0,0,0
EIDGHK_14320 IrrE N-terminal-like domain-containing protein,Unmatched,0,0,0
EIDGHK_14325 DUF4411 domain-containing protein,Unmatched,0,0,0
EIDGHK_14330 DUF4411 domain-containing protein,Unmatched,0,0,0
EIDGHK_14335 riboflavin synthase,Unmatched,0,0,0
EIDGHK_14340 glutamate-5-semialdehyde dehydrogenase,Unmatched,0,0,0
EIDGHK_14345 1-deoxy-D-xylulose-5-phosphate reductoisomerase,Unmatched,0,0,0
EIDGHK_14350 acyl-CoA desaturase,Unmatched,0,0,0
EIDGHK_14360 Transposase,Unmatched,0,0,0
EIDGHK_14365 Ssr2194 protein,Unmatched,0,0,0
EIDGHK_14370 hypothetical protein,Unmatched,0,0,0
EIDGHK_14375 Class I SAM-dependent methyltransferase,Unmatched,0,0,0
EIDGHK_14380 pyruvate kinase,Unmatched,0,0,0
EIDGHK_14385 LysR family transcriptional regulator,Unmatched,0,0,0
EIDGHK_14390 Sulfate permease,Unmatched,0,0,0
EIDGHK_14395 sodium-dependent bicarbonate transport family permease,Unmatched,0,0,0
EIDGHK_14400 Membrane-associated protein slr1513,Unmatched,0,0,0
EIDGHK_14405 sodium:proton antiporter,Unmatched,0,0,0
EIDGHK_14410 Site-specific DNA-methyltransferase (adenine-specific),Unmatched,0,0,0
EIDGHK_14415 Restriction endonuclease subunit S,Unmatched,0,0,0
EIDGHK_14420 hypothetical protein,Unmatched,0,0,0
EIDGHK_14425 Type II toxin-antitoxin system RelE/ParE family toxin,Unmatched,0,0,0
EIDGHK_14430 restriction endonuclease subunit R,Unmatched,0,0,0
EIDGHK_14435 glyoxalase,Unmatched,0,0,0
EIDGHK_14440 RlmI/RlmK family 23S rRNA methyltransferase,Unmatched,0,0,0
EIDGHK_14445 ABC transporter permease,Unmatched,0,0,0
EIDGHK_14450 photosystem I assembly protein Ycf4,Unmatched,0,0,0
EIDGHK_14455 peptidylprolyl isomerase,Unmatched,0,0,0
EIDGHK_14460 beta-ketoacyl-ACP synthase,Unmatched,0,0,0
EIDGHK_14465 hypothetical protein,Unmatched,0,0,0
EIDGHK_14470 DNA primase,Unmatched,0,0,0
EIDGHK_14475 lipid-A-disaccharide synthase,Unmatched,0,0,0
EIDGHK_14480 mannose-1-phosphate guanyltransferase,Unmatched,0,0,0
EIDGHK_14485 DUF4090 domain-containing protein,Unmatched,0,0,0
EIDGHK_14490 CopY family transcriptional regulator,Unmatched,0,0,0
EIDGHK_14495 Zn-dependent protease with chaperone function,Unmatched,0,0,0
EIDGHK_14500 thioredoxin-dependent thiol peroxidase,Unmatched,0,0,0
EIDGHK_14505 30S ribosomal protein S2,Unmatched,0,0,0
EIDGHK_14510 translation elongation factor Ts,Unmatched,0,0,0
EIDGHK_14515 squalene--hopene cyclase,Unmatched,0,0,0
EIDGHK_14520 hypothetical protein,Unmatched,0,0,0
EIDGHK_14525 hypothetical protein,Unmatched,0,0,0
EIDGHK_14530 Glycosyltransferase,Unmatched,0,0,0
EIDGHK_14535 ABC transporter ATP-binding protein,Unmatched,0,0,0
"EIDGHK_14540 L,D-transpeptidase",Unmatched,0,0,0
EIDGHK_14545 UvrD-like helicase ATP-binding domain-containing protein,Unmatched,0,0,0
EIDGHK_14550 Uma2 family endonuclease,Unmatched,0,0,0
EIDGHK_14555 Isoleucine--tRNA ligase,Unmatched,0,0,0
EIDGHK_14560 hypothetical protein,Unmatched,0,0,0
EIDGHK_14565 ATPase,Unmatched,0,0,0
EIDGHK_14580 NB-ARC domain protein,Unmatched,0,0,0
EIDGHK_14585 radical SAM protein,Unmatched,0,0,0
EIDGHK_14590 chromosome segregation protein SMC,Unmatched,0,0,0
EIDGHK_14595 YCII domain-containing protein,Unmatched,0,0,0
EIDGHK_14600 hypothetical protein,Unmatched,0,0,0
EIDGHK_14605 hypothetical protein,Unmatched,0,0,0
EIDGHK_14610 Glycosyltransferase,Unmatched,0,0,0
EIDGHK_14615 Phosphate-binding protein,Unmatched,0,0,0
EIDGHK_14620 phosphate ABC transporter substrate-binding protein PstS,Unmatched,0,0,0
EIDGHK_14625 phosphate ABC transporter permease subunit PstC,Unmatched,0,0,0
EIDGHK_14630 phosphate ABC transporter permease PstA,Unmatched,0,0,0
EIDGHK_14635 phosphate ABC transporter ATP-binding protein PstB,Unmatched,0,0,0
EIDGHK_14640 hypothetical protein,Unmatched,0,0,0
EIDGHK_14645 PINc domain-containing protein,Unmatched,0,0,0
EIDGHK_14650 DUF2281 domain-containing protein,Unmatched,0,0,0
EIDGHK_14655 Methyltransf-21 domain-containing protein,Unmatched,0,0,0
EIDGHK_14660 ethanolamine utilization microcompartment protein EutM,Unmatched,0,0,0
EIDGHK_14665 RuBisCO accumulation factor 1,Unmatched,0,0,0
EIDGHK_14670 polysaccharide pyruvyl transferase CsaB,Unmatched,0,0,0
EIDGHK_14675 Type I site-specific deoxyribonuclease,Unmatched,0,0,0
EIDGHK_14680 circadian clock protein KaiB,Unmatched,0,0,0
EIDGHK_14685 response regulator,Unmatched,0,0,0
EIDGHK_14690 23S rRNA-intervening sequence protein,Unmatched,0,0,0
EIDGHK_14695 phosphatase,Unmatched,0,0,0
EIDGHK_14700 acetylmannosamine-6-phosphate 2-epimerase,Unmatched,0,0,0
EIDGHK_14705 inorganic pyrophosphatase,Unmatched,0,0,0
EIDGHK_14710 Nitrogen stress-induced RNA 4,Unmatched,0,0,0
EIDGHK_14715 AI-2E family transporter,Unmatched,0,0,0
EIDGHK_14720 RNB domain-containing ribonuclease,Unmatched,0,0,0
EIDGHK_14725 biosynthetic arginine decarboxylase,Unmatched,0,0,0
"EIDGHK_14730 pyruvate/2-oxoglutarate dehydrogenase complex,dihydrolipoamide dehydrogenase (E3) component",Unmatched,0,0,0
EIDGHK_14735 recombination mediator RecR,Unmatched,0,0,0
"EIDGHK_14740 Transcriptional regulator, Crp/Fnr family",Unmatched,0,0,0
EIDGHK_14745 peptidase S41,Unmatched,0,0,0
EIDGHK_14750 NUDIX hydrolase,Unmatched,0,0,0
EIDGHK_14755 four helix bundle protein,Unmatched,0,0,0
EIDGHK_14760 OB-fold nucleic acid binding domain protein,Unmatched,0,0,0
EIDGHK_14765 bifunctional methylenetetrahydrofolate dehydrogenase/methenyltetrahydrofolate cyclohydrolase FolD,Unmatched,0,0,0
EIDGHK_14770 hypothetical protein,Unmatched,0,0,0
EIDGHK_14775 Uma2 family endonuclease,Unmatched,0,0,0
EIDGHK_14780 Uma2 family endonuclease,Unmatched,0,0,0
EIDGHK_14785 hypothetical protein,Unmatched,0,0,0
EIDGHK_14790 BolA family transcriptional regulator,Unmatched,0,0,0
EIDGHK_14795 sulfite oxidase-like oxidoreductase,Unmatched,0,0,0
EIDGHK_14800 50S ribosomal protein L32,Unmatched,0,0,0
EIDGHK_14805 magnesium-protoporphyrin IX monomethyl ester (oxidative) cyclase,Unmatched,0,0,0
EIDGHK_14810 GtrA domain-containing protein,Unmatched,0,0,0
EIDGHK_14815 3-dehydroquinate synthase,Unmatched,0,0,0
EIDGHK_14820 short-chain dehydrogenase,Unmatched,0,0,0
EIDGHK_14825 citrate lyase beta subunit,Unmatched,0,0,0
EIDGHK_14830 acetolactate synthase,Unmatched,0,0,0
EIDGHK_14835 SGL domain-containing protein,Unmatched,0,0,0
EIDGHK_14840 IS1634 family transposase,Unmatched,0,0,0
EIDGHK_14845 Leukotoxin,Unmatched,0,0,0
EIDGHK_14850 cytidine deaminase,Unmatched,0,0,0
EIDGHK_14855 FAD-dependent oxidoreductase,Unmatched,0,0,0
EIDGHK_14860 DUF4870 domain-containing protein,Unmatched,0,0,0
EIDGHK_14865 phenylalanine--tRNA ligase subunit alpha,Unmatched,0,0,0
EIDGHK_14870 RNA-binding protein,Unmatched,0,0,0
EIDGHK_14875 Ssr3189 protein,Unmatched,0,0,0
EIDGHK_14880 poly(A) polymerase,Unmatched,0,0,0
EIDGHK_14885 photosystem II reaction center protein PsbZ,Unmatched,0,0,0
"EIDGHK_14890 6,7-dimethyl-8-ribityllumazine synthase",Unmatched,0,0,0
EIDGHK_14895 hypothetical protein,Unmatched,0,0,0
EIDGHK_14900 tRNA-Gly(gcc),Unmatched,0,0,0
EIDGHK_14905 hypothetical protein,Unmatched,0,0,0
EIDGHK_14910 glutamate-5-semialdehyde dehydrogenase,Unmatched,0,0,0
EIDGHK_14915 arsenosugar biosynthesis arsenite methyltransferase ArsM,Unmatched,0,0,0
EIDGHK_14920 hypothetical protein,Unmatched,0,0,0
EIDGHK_14925 LysR family transcriptional regulator,Unmatched,0,0,0
"EIDGHK_14930 Glycosyl transferase family, a/b domain-containing protein",Unmatched,0,0,0
EIDGHK_14935 RNA polymerase sigma factor SigC,Unmatched,0,0,0
EIDGHK_14940 sulfonate ABC transporter substrate-binding protein,Unmatched,0,0,0
EIDGHK_14945 transporter,Unmatched,0,0,0
EIDGHK_14950 sulfate ABC transporter substrate-binding protein,Unmatched,0,0,0
EIDGHK_14955 phosphate-binding protein,Unmatched,0,0,0
EIDGHK_14960 phosphate ABC transporter permease subunit PstC,Unmatched,0,0,0
EIDGHK_14965 phosphate ABC transporter permease PstA,Unmatched,0,0,0
EIDGHK_14970 Cupin-2 domain-containing protein,Unmatched,0,0,0
EIDGHK_14975 phosphate ABC transporter ATP-binding protein PstB,Unmatched,0,0,0
EIDGHK_14980 Ca(2+)/H(+) antiporter,Unmatched,0,0,0
EIDGHK_14985 hypothetical protein,Unmatched,0,0,0
EIDGHK_14990 hypothetical protein,Unmatched,0,0,0
EIDGHK_14995 Mobile element protein,Unmatched,0,0,0
EIDGHK_15000 Transposase IS4 family protein,Unmatched,0,0,0
EIDGHK_15005 hypothetical protein,Unmatched,0,0,0
EIDGHK_15010 hypothetical protein,Unmatched,0,0,0
EIDGHK_15015 hypothetical protein,Unmatched,0,0,0
EIDGHK_15020 hypothetical protein,Unmatched,0,0,0
EIDGHK_15025 VWFA domain-containing protein,Unmatched,0,0,0
EIDGHK_15030 CRISPR-associated endonuclease Cas2,Unmatched,0,0,0
EIDGHK_15035 CRISPR-associated endonuclease Cas1,Unmatched,0,0,0
EIDGHK_15040 group II intron reverse transcriptase/maturase,Unmatched,0,0,0
EIDGHK_15055 hypothetical protein,Unmatched,0,0,0
EIDGHK_15060 hypothetical protein,Unmatched,0,0,0
EIDGHK_15065 hypothetical protein,Unmatched,0,0,0
EIDGHK_15070 hypothetical protein,Unmatched,0,0,0
EIDGHK_15075 type II toxin-antitoxin system RelE/ParE family toxin,Unmatched,0,0,0
EIDGHK_15080 hypothetical protein,Unmatched,0,0,0
EIDGHK_15085 DUF2283 domain-containing protein,Unmatched,0,0,0
EIDGHK_15090 hypothetical protein,Unmatched,0,0,0
EIDGHK_15095 Serine/threonine kinase,Unmatched,0,0,0
EIDGHK_15100 hypothetical protein,Unmatched,0,0,0
EIDGHK_15105 DUF3386 domain-containing protein,Unmatched,0,0,0
EIDGHK_15110 NifU-like domain-containing protein,Unmatched,0,0,0
EIDGHK_15115 isocitrate dehydrogenase,Unmatched,0,0,0
EIDGHK_15120 DUF4149 domain-containing protein,Unmatched,0,0,0
EIDGHK_15125 hypothetical protein,Unmatched,0,0,0
EIDGHK_15130 hypothetical protein,Unmatched,0,0,0
EIDGHK_15135 hypothetical protein,Unmatched,0,0,0
EIDGHK_15140 Glycosyl transferase family 41,Unmatched,0,0,0
EIDGHK_15145 hypothetical protein,Unmatched,0,0,0
EIDGHK_15150 aspartate aminotransferase family protein,Unmatched,0,0,0
EIDGHK_15155 potassium channel protein,Unmatched,0,0,0
EIDGHK_15160 twitching motility protein PilT,Unmatched,0,0,0
EIDGHK_15165 hypothetical protein,Unmatched,0,0,0
EIDGHK_15170 type IV pili twitching motility protein PilT,Unmatched,0,0,0
EIDGHK_15175 circadian clock protein KaiB,Unmatched,0,0,0
EIDGHK_15180 hypothetical protein,Unmatched,0,0,0
EIDGHK_15185 carboxypeptidase,Unmatched,0,0,0
EIDGHK_15190 Aspartyl protease,Unmatched,0,0,0
EIDGHK_15195 Uncharacterized protein slr1819,Unmatched,0,0,0
EIDGHK_15200 hypothetical protein,Unmatched,0,0,0
EIDGHK_15205 glutathione S-transferase,Unmatched,0,0,0
EIDGHK_15210 DNA-binding response regulator,Unmatched,0,0,0
EIDGHK_15215 hypothetical protein,Unmatched,0,0,0
EIDGHK_15220 histidine kinase,Unmatched,0,0,0
EIDGHK_15225 adenosyl-hopene transferase HpnH,Unmatched,0,0,0
EIDGHK_15230 DUF1517 domain-containing protein,Unmatched,0,0,0
EIDGHK_15235 hypothetical protein,Unmatched,0,0,0
EIDGHK_15240 phycobiliprotein lyase,Unmatched,0,0,0
EIDGHK_15245 phycocyanin alpha phycocyanobilin lyase,Unmatched,0,0,0
EIDGHK_15250 creatinine amidohydrolase,Unmatched,0,0,0
EIDGHK_15255 hypothetical protein,Unmatched,0,0,0
EIDGHK_15260 hypothetical protein,Unmatched,0,0,0
EIDGHK_15265 clan AA aspartic protease,Unmatched,0,0,0
EIDGHK_15270 hypothetical protein,Unmatched,0,0,0
EIDGHK_15275 hypothetical protein,Unmatched,0,0,0
EIDGHK_15280 hypothetical protein,Unmatched,0,0,0
EIDGHK_15285 hypothetical protein,Unmatched,0,0,0
EIDGHK_15290 YdiU family protein,Unmatched,0,0,0
EIDGHK_15295 chlororespiratory reduction protein 7,Unmatched,0,0,0
EIDGHK_15300 ATPase,Unmatched,0,0,0
EIDGHK_15305 Similarity,Unmatched,0,0,0
EIDGHK_15310 2-succinyl-5-enolpyruvyl-6-hydroxy-3-cyclohexene-1-carboxylic-acid synthase,Unmatched,0,0,0
EIDGHK_15315 Prokaryotic-like s of the JAB domain-containing protein,Unmatched,0,0,0
EIDGHK_15320 phytanoyl-CoA dioxygenase,Unmatched,0,0,0
EIDGHK_15325 50S ribosomal protein L27,Unmatched,0,0,0
EIDGHK_15330 50S ribosomal protein L21,Unmatched,0,0,0
EIDGHK_15335 N-acetylmuramic acid 6-phosphate etherase,Unmatched,0,0,0
EIDGHK_15340 site-2 protease family protein,Unmatched,0,0,0
EIDGHK_15345 DUF4164 domain-containing protein,Unmatched,0,0,0
EIDGHK_15350 lipase,Unmatched,0,0,0
EIDGHK_15355 hypothetical protein,Unmatched,0,0,0
EIDGHK_15360 50S ribosomal protein L9,Unmatched,0,0,0
EIDGHK_15365 Chromophore lyase CpcT/CpeT 1,Unmatched,0,0,0
EIDGHK_15370 exodeoxyribonuclease III,Unmatched,0,0,0
EIDGHK_15375 hypothetical protein,Unmatched,0,0,0
EIDGHK_15380 hypothetical protein,Unmatched,0,0,0
EIDGHK_15385 hypothetical protein,Unmatched,0,0,0
EIDGHK_15390 beta-carotene hydroxylase,Unmatched,0,0,0
EIDGHK_15395 thiamine phosphate synthase,Unmatched,0,0,0
EIDGHK_15400 IS607 family transposase,Unmatched,0,0,0
EIDGHK_15405 hypothetical protein,Unmatched,0,0,0
EIDGHK_15410 Lysylphosphatidylglycerol synthase TM region,Unmatched,0,0,0
EIDGHK_15415 hypothetical protein,Unmatched,0,0,0
EIDGHK_15420 hypothetical protein,Unmatched,0,0,0
EIDGHK_15425 AAA-like domain-containing protein,Unmatched,0,0,0
EIDGHK_15430 Ycf66 protein N-terminus,Unmatched,0,0,0
EIDGHK_15435 DNA polymerase III subunit delta,Unmatched,0,0,0
EIDGHK_15440 FHA domain-containing protein,Unmatched,0,0,0
EIDGHK_15445 magnesium/cobalt transporter CorA,Unmatched,0,0,0
EIDGHK_15450 hypothetical protein,Unmatched,0,0,0
EIDGHK_15455 biotin--[acetyl-CoA-carboxylase] ligase,Unmatched,0,0,0
EIDGHK_15460 M23 family peptidase,Unmatched,0,0,0
EIDGHK_15465 cysteine desulfurase,Unmatched,0,0,0
EIDGHK_15470 hypothetical protein,Unmatched,0,0,0
EIDGHK_15475 TIGR04168 family protein,Unmatched,0,0,0
EIDGHK_15480 hypothetical protein,Unmatched,0,0,0
EIDGHK_15485 NUDIX hydrolase,Unmatched,0,0,0
EIDGHK_15490 ribosome biogenesis GTPase YlqF,Unmatched,0,0,0
EIDGHK_15495 glutamate synthase,Unmatched,0,0,0
EIDGHK_15500 DNA-binding response regulator,Unmatched,0,0,0
EIDGHK_15505 heme oxygenase,Unmatched,0,0,0
EIDGHK_15510 bifunctional hydroxymethylpyrimidine kinase/phosphomethylpyrimidine kinase,Unmatched,0,0,0
EIDGHK_15515 cell division protein FtsZ,Unmatched,0,0,0
EIDGHK_15520 cell division protein,Unmatched,0,0,0
EIDGHK_15525 peptidase S41,Unmatched,0,0,0
EIDGHK_15530 hypothetical protein,Unmatched,0,0,0
EIDGHK_15535 DUF1825 domain-containing protein,Unmatched,0,0,0
EIDGHK_15540 hypothetical protein,Unmatched,0,0,0
EIDGHK_15545 2Fe-2S ferredoxin,Unmatched,0,0,0
EIDGHK_15550 DNA mismatch repair protein MutS,Unmatched,0,0,0
EIDGHK_15555 2TM domain-containing protein,Unmatched,0,0,0
EIDGHK_15560 FADH(2)-oxidizing methylenetetrahydrofolate--tRNA-(uracil(54)-C(5))-methyltransferase TrmFO,Unmatched,0,0,0
EIDGHK_15565 thylakoid-associated protein,Unmatched,0,0,0
EIDGHK_15570 Uncharacterized PIN and TRAM-domain containing protein slr1972,Unmatched,0,0,0
EIDGHK_15575 radical SAM family heme chaperone HemW,Unmatched,0,0,0
EIDGHK_15580 cupin,Unmatched,0,0,0
EIDGHK_15585 Shikimate kinase,Unmatched,0,0,0
EIDGHK_15590 oxidoreductase,Unmatched,0,0,0
EIDGHK_15595 DNA-binding protein,Unmatched,0,0,0
EIDGHK_15600 histidinol dehydrogenase,Unmatched,0,0,0
EIDGHK_15605 hypothetical protein,Unmatched,0,0,0
EIDGHK_15610 methionine synthase,Unmatched,0,0,0
EIDGHK_15615 sporulation protein SpoIID,Unmatched,0,0,0
EIDGHK_15620 SAM-dependent methyltransferase,Unmatched,0,0,0
EIDGHK_15625 FAD-dependent hydroxylase,Unmatched,0,0,0
EIDGHK_15630 tRNA-Pro(ggg),Unmatched,0,0,0
EIDGHK_15635 peptidase,Unmatched,0,0,0
EIDGHK_15640 Type II secretory pathway ATPase GspE/PulE or T4P pilus assembly pathway ATPase PilB,Unmatched,0,0,0
EIDGHK_15645 twitching motility protein PilT,Unmatched,0,0,0
EIDGHK_15650 pilus assembly protein PilC,Unmatched,0,0,0
EIDGHK_15655 hypothetical protein,Unmatched,0,0,0
EIDGHK_15660 hypothetical protein,Unmatched,0,0,0
EIDGHK_15665 glycosyl transferase,Unmatched,0,0,0
EIDGHK_15670 bifunctional sterol desaturase/short chain dehydrogenase,Unmatched,0,0,0
EIDGHK_15675 zinc-binding alcohol dehydrogenase,Unmatched,0,0,0
EIDGHK_15680 hypothetical protein,Unmatched,0,0,0
EIDGHK_15685 Acyl carrier protein,Unmatched,0,0,0
EIDGHK_15690 4-hydroxythreonine-4-phosphate dehydrogenase PdxA,Unmatched,0,0,0
EIDGHK_15695 NADP-dependent succinic semialdehyde dehydrogenase,Unmatched,0,0,0
EIDGHK_15700 NgoFVII family restriction endonuclease,Unmatched,0,0,0
EIDGHK_15705 Site-specific DNA-methyltransferase (adenine-specific),Unmatched,0,0,0
EIDGHK_15710 hypothetical protein,Unmatched,0,0,0
EIDGHK_15715 hypothetical protein,Unmatched,0,0,0
EIDGHK_15720 ABC transporter substrate-binding protein,Unmatched,0,0,0
EIDGHK_15725 polar amino acid ABC transporter ATP-binding protein,Unmatched,0,0,0
EIDGHK_15750 elongation factor G,Unmatched,0,0,0
EIDGHK_15755 redox-regulated ATPase YchF,Unmatched,0,0,0
EIDGHK_15760 restriction endonuclease subunit M,Unmatched,0,0,0
EIDGHK_15765 PEP-CTERM sorting domain-containing protein,Unmatched,0,0,0
EIDGHK_15770 hypothetical protein,Unmatched,0,0,0
EIDGHK_15775 NAD(P)H-quinone oxidoreductase subunit N,Unmatched,0,0,0
EIDGHK_15780 DUF3539 domain-containing protein,Unmatched,0,0,0
EIDGHK_15785 YggS family pyridoxal phosphate enzyme,Unmatched,0,0,0
EIDGHK_15790 cell division protein SepF,Unmatched,0,0,0
EIDGHK_15795 pyrroline-5-carboxylate reductase,Unmatched,0,0,0
EIDGHK_15800 glucose-6-phosphate dehydrogenase,Unmatched,0,0,0
EIDGHK_15805 Metal-binding protein,Unmatched,0,0,0
EIDGHK_15810 tRNA-Val(tac),Unmatched,0,0,0
EIDGHK_15815 YkgJ family cysteine cluster protein,Unmatched,0,0,0
EIDGHK_15820 serine/threonine protein kinase,Unmatched,0,0,0
EIDGHK_15825 hypothetical protein,Unmatched,0,0,0
EIDGHK_15830 hypothetical protein,Unmatched,0,0,0
EIDGHK_15835 hypothetical protein,Unmatched,0,0,0
EIDGHK_15840 hypothetical protein,Unmatched,0,0,0
EIDGHK_15845 Serine/threonine kinase,Unmatched,0,0,0
EIDGHK_15850 DDE-3 domain-containing protein,Unmatched,0,0,0
EIDGHK_15855 cryptochrome DASH,Unmatched,0,0,0
EIDGHK_15860 Exopolysaccharide export protein/domain GumC/Wzc1,Unmatched,0,0,0
EIDGHK_15865 Polysacc-synt-C domain-containing protein,Unmatched,0,0,0
EIDGHK_15870 Tnp-DDE-dom domain-containing protein,Unmatched,0,0,0
EIDGHK_15875 Transposase,Unmatched,0,0,0
EIDGHK_15880 HTH-33 domain-containing protein,Unmatched,0,0,0
EIDGHK_15885 IS4 family transposase,Unmatched,0,0,0
EIDGHK_15890 hypothetical protein,Unmatched,0,0,0
EIDGHK_15895 Peptidase A2 domain-containing protein,Unmatched,0,0,0
EIDGHK_15900 antitoxin,Unmatched,0,0,0
EIDGHK_15905 HicB family protein,Unmatched,0,0,0
EIDGHK_15910 hypothetical protein,Unmatched,0,0,0
EIDGHK_15915 hypothetical protein,Unmatched,0,0,0
EIDGHK_15920 Mobile element protein,Unmatched,0,0,0
EIDGHK_15925 RHH-1 domain-containing protein,Unmatched,0,0,0
EIDGHK_15930 hypothetical protein,Unmatched,0,0,0
EIDGHK_15935 FGE-sulfatase domain-containing protein,Unmatched,0,0,0
EIDGHK_15940 NUDIX hydrolase,Unmatched,0,0,0
EIDGHK_15945 argininosuccinate lyase,Unmatched,0,0,0
EIDGHK_15950 hypothetical protein,Unmatched,0,0,0
EIDGHK_15955 aldolase,Unmatched,0,0,0
EIDGHK_15960 hypothetical protein,Unmatched,0,0,0
EIDGHK_15965 hypothetical protein,Unmatched,0,0,0
EIDGHK_15970 Type IV pilin PilA,Unmatched,0,0,0
EIDGHK_15975 HTH crp-type domain-containing protein,Unmatched,0,0,0
EIDGHK_15980 glucokinase,Unmatched,0,0,0
EIDGHK_15985 Domain of unknown function DUF29,Unmatched,0,0,0
EIDGHK_15990 DUF29 domain-containing protein,Unmatched,0,0,0
EIDGHK_15995 hypothetical protein,Unmatched,0,0,0
EIDGHK_16000 homoserine kinase,Unmatched,0,0,0
EIDGHK_16005 DUF4276 domain-containing protein,Unmatched,0,0,0
EIDGHK_16010 ATPase,Unmatched,0,0,0
EIDGHK_16015 cobaltochelatase subunit CobN,Unmatched,0,0,0
EIDGHK_16020 hybrid sensor histidine kinase/response regulator,Unmatched,0,0,0
EIDGHK_16025 photosystem I reaction center subunit VIII,Unmatched,0,0,0
EIDGHK_16030 photosystem I reaction center protein subunit XI,Unmatched,0,0,0
EIDGHK_16035 universal stress protein,Unmatched,0,0,0
EIDGHK_16040 Phosphoglycerate kinase,Unmatched,0,0,0
EIDGHK_16045 Putative restriction endonuclease,Unmatched,0,0,0
EIDGHK_16050 glucose-6-phosphate dehydrogenase assembly protein OpcA,Unmatched,0,0,0
EIDGHK_16055 glucose-6-phosphate dehydrogenase,Unmatched,0,0,0
EIDGHK_16060 transposase,Unmatched,0,0,0
EIDGHK_16065 S-layer protein,Unmatched,0,0,0
"EIDGHK_16070 TamB, inner membrane protein subunit of TAM complex",Unmatched,0,0,0
EIDGHK_16075 N-acetyltransferase,Unmatched,0,0,0
EIDGHK_16080 DUF3854 domain-containing protein,Unmatched,0,0,0
EIDGHK_16085 ribonucleoside-diphosphate reductase subunit alpha,Unmatched,0,0,0
EIDGHK_16090 DUF29 domain-containing protein,Unmatched,0,0,0
EIDGHK_16095 DUF29 domain-containing protein,Unmatched,0,0,0
EIDGHK_16100 Domain of unknown function DUF29,Unmatched,0,0,0
EIDGHK_16105 Ribonucleoside-diphosphate reductase,Unmatched,0,0,0
EIDGHK_16110 GIY-YIG domain-containing protein,Unmatched,0,0,0
"EIDGHK_16115 Ribonucleotide reductase of class Ia (Aerobic), beta subunit",Unmatched,0,0,0
EIDGHK_16120 NAD(+) kinase,Unmatched,0,0,0
EIDGHK_16125 phycobiliprotein lyase,Unmatched,0,0,0
EIDGHK_16130 phosphomethylpyrimidine synthase,Unmatched,0,0,0
EIDGHK_16135 type I glutamate--ammonia ligase,Unmatched,0,0,0
EIDGHK_16140 Txe/YoeB family addiction module toxin,Unmatched,0,0,0
EIDGHK_16145 prevent-host-death protein,Unmatched,0,0,0
EIDGHK_16150 PEP-CTERM domain-containing protein,Unmatched,0,0,0
EIDGHK_16155 DUF3368 domain-containing protein,Unmatched,0,0,0
EIDGHK_16160 Uncharacterised protein family (UPF0175),Unmatched,0,0,0
EIDGHK_16165 Ribosomal protein S1,Unmatched,0,0,0
EIDGHK_16170 hypothetical protein,Unmatched,0,0,0
EIDGHK_16175 hypothetical protein,Unmatched,0,0,0
EIDGHK_16180 addiction module antitoxin,Unmatched,0,0,0
EIDGHK_16185 Uncharacterised protein family (UPF0175),Unmatched,0,0,0
"EIDGHK_16190 Carbohydrate-selective porin, OprB family",Unmatched,0,0,0
EIDGHK_16195 thylakoid membrane photosystem I accumulation factor,Unmatched,0,0,0
EIDGHK_16200 heat-shock protein,Unmatched,0,0,0
EIDGHK_16205 DUF3143 domain-containing protein,Unmatched,0,0,0
EIDGHK_16210 arsenosugar biosynthesis radical SAM protein ArsS,Unmatched,0,0,0
EIDGHK_16215 hypothetical protein,Unmatched,0,0,0
EIDGHK_16220 hybrid sensor histidine kinase/response regulator,Unmatched,0,0,0
EIDGHK_16225 circadian clock protein KaiA,Unmatched,0,0,0
EIDGHK_16230 circadian clock protein KaiB,Unmatched,0,0,0
EIDGHK_16235 circadian clock protein KaiC,Unmatched,0,0,0
EIDGHK_16240 Lysylphosphatidylglycerol synthase TM region,Unmatched,0,0,0
EIDGHK_16245 sulfotransferase,Unmatched,0,0,0
EIDGHK_16250 aspartate aminotransferase family protein,Unmatched,0,0,0
EIDGHK_16255 Transposase,Unmatched,0,0,0
EIDGHK_16260 IS891/IS1136/IS1341 transposase,Unmatched,0,0,0
EIDGHK_16265 hypothetical protein,Unmatched,0,0,0
EIDGHK_16270 ApeA-NTD1 domain-containing protein,Unmatched,0,0,0
EIDGHK_16275 hypothetical protein,Unmatched,0,0,0
EIDGHK_16280 HpcH-HpaI domain-containing protein,Unmatched,0,0,0
EIDGHK_16285 Glycosyltransferase family 2 protein,Unmatched,0,0,0
EIDGHK_16290 hypothetical protein,Unmatched,0,0,0
EIDGHK_16295 Esterase/lipase,Unmatched,0,0,0
EIDGHK_16300 DUF2973 domain-containing protein,Unmatched,0,0,0
EIDGHK_16305 DUF2605 domain-containing protein,Unmatched,0,0,0
EIDGHK_16310 TenA family transcriptional regulator,Unmatched,0,0,0
EIDGHK_16315 amino acid ABC transporter substrate-binding protein,Unmatched,0,0,0
EIDGHK_16320 PINc domain-containing protein,Unmatched,0,0,0
EIDGHK_16325 hypothetical protein,Unmatched,0,0,0
EIDGHK_16330 PEP-CTERM sorting domain-containing protein,Unmatched,0,0,0
EIDGHK_16335 Programmed cell death toxin YdcE,Unmatched,0,0,0
"EIDGHK_16340 Ribonuclease/mRNA interferase VapC, contains PIN domain",Unmatched,0,0,0
EIDGHK_16345 DUF2191 domain-containing protein,Unmatched,0,0,0
"EIDGHK_16350 TolB protein, periplasmic protein",Unmatched,0,0,0
EIDGHK_16355 ABC transporter permease,Unmatched,0,0,0
EIDGHK_16360 pseudouridine synthase,Unmatched,0,0,0
EIDGHK_16365 AAA-15 domain-containing protein,Unmatched,0,0,0
EIDGHK_16370 hypothetical protein,Unmatched,0,0,0
EIDGHK_16375 hypothetical protein,Unmatched,0,0,0
EIDGHK_16380 hypothetical protein,Unmatched,0,0,0
EIDGHK_16385 hypothetical protein,Unmatched,0,0,0
EIDGHK_16390 ISKra4 family transposase,Unmatched,0,0,0
EIDGHK_16395 hypothetical protein,Unmatched,0,0,0
EIDGHK_16400 PD-(D/E)XK nuclease family protein,Unmatched,0,0,0
EIDGHK_16405 molecular chaperone DnaJ,Unmatched,0,0,0
EIDGHK_16410 DUF3611 domain-containing protein,Unmatched,0,0,0
EIDGHK_16415 DUF565 domain-containing protein,Unmatched,0,0,0
EIDGHK_16420 Putative restriction endonuclease,Unmatched,0,0,0
EIDGHK_16425 hypothetical protein,Unmatched,0,0,0
EIDGHK_16430 uracil phosphoribosyltransferase,Unmatched,0,0,0
EIDGHK_16435 30S ribosomal protein S21,Unmatched,0,0,0
EIDGHK_16440 Metal-sensitive transcriptional repressor,Unmatched,0,0,0
EIDGHK_16445 hypothetical protein,Unmatched,0,0,0
EIDGHK_16450 chromosome partitioning protein ParA,Unmatched,0,0,0
EIDGHK_16455 hypothetical protein,Unmatched,0,0,0
EIDGHK_16460 hypothetical protein,Unmatched,0,0,0
EIDGHK_16465 hypothetical protein,Unmatched,0,0,0
EIDGHK_16470 PINc domain-containing protein,Unmatched,0,0,0
EIDGHK_16475 hypothetical protein,Unmatched,0,0,0
EIDGHK_16480 DUF433 domain-containing protein,Unmatched,0,0,0
EIDGHK_16485 urease subunit gamma,Unmatched,0,0,0
EIDGHK_16490 urease subunit beta,Unmatched,0,0,0
EIDGHK_16495 S-methyl-5'-thioadenosine phosphorylase,Unmatched,0,0,0
"EIDGHK_16500 RNA polymerase sigma factor, RpoD/SigA family",Unmatched,0,0,0
EIDGHK_16505 hypothetical protein,Unmatched,0,0,0
EIDGHK_16510 ATP-dependent protease,Unmatched,0,0,0
EIDGHK_16515 F0F1 ATP synthase subunit gamma,Unmatched,0,0,0
EIDGHK_16520 2-O-methyltransferase NoeI,Unmatched,0,0,0
EIDGHK_16525 FAD-dependent oxidoreductase,Unmatched,0,0,0
EIDGHK_16530 hypothetical protein,Unmatched,0,0,0
EIDGHK_16535 biopolymer transporter ExbD,Unmatched,0,0,0
EIDGHK_16540 biopolymer transporter ExbB,Unmatched,0,0,0
EIDGHK_16545 hypothetical protein,Unmatched,0,0,0
EIDGHK_16550 Branched-chain amino acid transport system permease protein LivM,Unmatched,0,0,0
EIDGHK_16555 DUF1349 domain-containing protein,Unmatched,0,0,0
EIDGHK_16560 fatty-acid synthase,Unmatched,0,0,0
EIDGHK_16565 XisI protein,Unmatched,0,0,0
EIDGHK_16570 antitoxin,Unmatched,0,0,0
EIDGHK_16575 hypothetical protein,Unmatched,0,0,0
EIDGHK_16580 molecular chaperone DnaJ,Unmatched,0,0,0
EIDGHK_16585 serine/threonine protein kinase,Unmatched,0,0,0
EIDGHK_16590 Putative restriction endonuclease,Unmatched,0,0,0
EIDGHK_16595 ABC transporter,Unmatched,0,0,0
EIDGHK_16600 ABC transporter permease,Unmatched,0,0,0
EIDGHK_16605 MFS transporter,Unmatched,0,0,0
EIDGHK_16610 ABC transporter ATP-binding protein,Unmatched,0,0,0
EIDGHK_16615 alpha/beta hydrolase,Unmatched,0,0,0
EIDGHK_16620 DUF29 domain-containing protein,Unmatched,0,0,0
EIDGHK_16625 transglutaminase-like superfamily protein,Unmatched,0,0,0
EIDGHK_16630 GTP-binding protein,Unmatched,0,0,0
"EIDGHK_16635 type II toxin-antitoxin system mRNA interferase toxin, RelE/StbE family",Unmatched,0,0,0
EIDGHK_16640 Threonyl-tRNA synthetase,Unmatched,0,0,0
EIDGHK_16645 replication/maintenance protein,Unmatched,0,0,0
EIDGHK_16650 Asr5364 protein,Unmatched,0,0,0
EIDGHK_16655 Protein of unknown function (Hypoth_ymh),Unmatched,0,0,0
EIDGHK_16660 rRNA methyltransferase,Unmatched,0,0,0
EIDGHK_16665 tRNA-Leu(cag),Unmatched,0,0,0
EIDGHK_16670 UDP-N-acetylglucosamine 1-carboxyvinyltransferase,Unmatched,0,0,0
EIDGHK_16675 Putative restriction endonuclease,Unmatched,0,0,0
EIDGHK_16680 hypothetical protein,Unmatched,0,0,0
EIDGHK_16685 hypothetical protein,Unmatched,0,0,0
EIDGHK_16755 WYL domain-containing protein,Unmatched,0,0,0
EIDGHK_16760 hypothetical protein,Unmatched,0,0,0
EIDGHK_16765 hypothetical protein,Unmatched,0,0,0
EIDGHK_16770 magnesium/cobalt transporter CorA,Unmatched,0,0,0
EIDGHK_16775 IS891/IS1136/IS1341 transposase,Unmatched,0,0,0
EIDGHK_16780 IS891/IS1136/IS1341 transposase,Unmatched,0,0,0
EIDGHK_16785 hypothetical protein,Unmatched,0,0,0
EIDGHK_16790 Mobile element protein,Unmatched,0,0,0
EIDGHK_16795 Methyltransf-21 domain-containing protein,Unmatched,0,0,0
EIDGHK_16800 Zeaxanthin glucosyl transferase,Unmatched,0,0,0
EIDGHK_16805 Methyltransferase domain-containing protein,Unmatched,0,0,0
"EIDGHK_16810 Glycosyl transferase, family 2",Unmatched,0,0,0
EIDGHK_16815 hypothetical protein,Unmatched,0,0,0
EIDGHK_16820 GNAT family N-acetyltransferase,Unmatched,0,0,0
EIDGHK_16825 sensor histidine kinase,Unmatched,0,0,0
EIDGHK_16830 Sua5/YciO/YrdC/YwlC family protein,Unmatched,0,0,0
EIDGHK_16835 Nuclease subunit of the excinuclease complex,Unmatched,0,0,0
EIDGHK_16840 anthranilate phosphoribosyltransferase,Unmatched,0,0,0
EIDGHK_16845 ferredoxin--nitrite reductase,Unmatched,0,0,0
EIDGHK_16850 protein sphX,Unmatched,0,0,0
EIDGHK_16855 alpha/beta hydrolase,Unmatched,0,0,0
EIDGHK_16860 SAM-dependent methyltransferase,Unmatched,0,0,0
EIDGHK_16865 Type II restriction enzyme NspV,Unmatched,0,0,0
EIDGHK_16870 LemA family protein,Unmatched,0,0,0
EIDGHK_16875 TPM domain-containing protein,Unmatched,0,0,0
EIDGHK_16880 UDP-glucose:tetrahydrobiopterin glucosyltransferase,Unmatched,0,0,0
EIDGHK_16890 hypothetical protein,Unmatched,0,0,0
EIDGHK_16895 diflavin flavoprotein A,Unmatched,0,0,0
EIDGHK_16900 polyphosphate kinase 1,Unmatched,0,0,0
EIDGHK_16905 DUF4435 domain-containing protein,Unmatched,0,0,0
EIDGHK_16910 excinuclease,Unmatched,0,0,0
EIDGHK_16915 hypothetical protein,Unmatched,0,0,0
EIDGHK_16920 sugar transferase,Unmatched,0,0,0
EIDGHK_16925 hypothetical protein,Unmatched,0,0,0
EIDGHK_16930 hypothetical protein,Unmatched,0,0,0
EIDGHK_16935 DDE-5 domain-containing protein,Unmatched,0,0,0
EIDGHK_16940 hypothetical protein,Unmatched,0,0,0
EIDGHK_16945 transporter,Unmatched,0,0,0
EIDGHK_16950 dihydrolipoyl dehydrogenase,Unmatched,0,0,0
EIDGHK_16955 DUF3782 domain-containing protein,Unmatched,0,0,0
EIDGHK_16960 OCP N-terminal domain-containing protein,Unmatched,0,0,0
EIDGHK_16965 tRNA epoxyqueuosine(34) reductase QueG,Unmatched,0,0,0
EIDGHK_16970 carotenoid oxygenase,Unmatched,0,0,0
EIDGHK_16975 tRNA-Leu(taa),Unmatched,0,0,0
EIDGHK_16980 NAD(P)H-quinone oxidoreductase subunit L,Unmatched,0,0,0
EIDGHK_16985 DUF3007 domain-containing protein,Unmatched,0,0,0
EIDGHK_16990 ATP-dependent zinc protease,Unmatched,0,0,0
EIDGHK_16995 restriction endonuclease,Unmatched,0,0,0
EIDGHK_17000 phycobiliprotein lyase,Unmatched,0,0,0
EIDGHK_17005 hypothetical protein,Unmatched,0,0,0
EIDGHK_17010 phycobilisome rod-core linker polypeptide CpcG,Unmatched,0,0,0
EIDGHK_17015 tRNA 2-thiouridine(34) synthase MnmA,Unmatched,0,0,0
EIDGHK_17020 hypothetical protein,Unmatched,0,0,0
EIDGHK_17025 DUF900 domain-containing protein,Unmatched,0,0,0
EIDGHK_17030 Phosphate-binding protein PstS,Unmatched,0,0,0
EIDGHK_17035 phosphate ABC transporter ATP-binding protein PstB,Unmatched,0,0,0
EIDGHK_17040 phosphate ABC transporter ATP-binding protein PstB,Unmatched,0,0,0
EIDGHK_17045 phosphate ABC transporter permease PstA,Unmatched,0,0,0
EIDGHK_17050 phosphate ABC transporter permease subunit PstC,Unmatched,0,0,0
EIDGHK_17055 phosphate ABC transporter substrate-binding protein PstS,Unmatched,0,0,0
EIDGHK_17060 hypothetical protein,Unmatched,0,0,0
EIDGHK_17065 transglutaminase,Unmatched,0,0,0
EIDGHK_17070 A putative alpha-helical domain with a conserved ER motif,Unmatched,0,0,0
EIDGHK_17075 Circularly permuted type 2 ATP-grasp protein,Unmatched,0,0,0
EIDGHK_17080 cytochrome b6,Unmatched,0,0,0
EIDGHK_17085 cytochrome b6-f complex subunit IV,Unmatched,0,0,0
EIDGHK_17090 phytoene/squalene synthase family protein,Unmatched,0,0,0
EIDGHK_17095 hypothetical protein,Unmatched,0,0,0
EIDGHK_17100 hypothetical protein,Unmatched,0,0,0
EIDGHK_17105 hypothetical protein,Unmatched,0,0,0
EIDGHK_17110 plasmid stabilization protein,Unmatched,0,0,0
EIDGHK_17115 hypothetical protein,Unmatched,0,0,0
EIDGHK_17120 hypothetical protein,Unmatched,0,0,0
EIDGHK_17125 ATP-dependent Clp protease adapter ClpS,Unmatched,0,0,0
EIDGHK_17130 CPBP family intramembrane metalloprotease,Unmatched,0,0,0
EIDGHK_17135 hypothetical protein,Unmatched,0,0,0
EIDGHK_17140 Glutamine synthetase inactivating factor IF7,Unmatched,0,0,0
"EIDGHK_17145 Endonuclease, Uma2 family (restriction endonuclease fold)",Unmatched,0,0,0
EIDGHK_17150 alcohol dehydrogenase,Unmatched,0,0,0
EIDGHK_17155 molecular chaperone DnaK,Unmatched,0,0,0
EIDGHK_17160 molecular chaperone DnaJ,Unmatched,0,0,0
EIDGHK_17165 sulfurtransferase TusA family protein,Unmatched,0,0,0
EIDGHK_17170 small ribosomal subunit biogenesis GTPase RsgA,Unmatched,0,0,0
EIDGHK_17175 serine/threonine protein kinase,Unmatched,0,0,0
EIDGHK_17180 tRNA-Gln(ttg),Unmatched,0,0,0
EIDGHK_17185 Potassium channel protein,Unmatched,0,0,0
EIDGHK_17190 DUF4278 domain-containing protein,Unmatched,0,0,0
EIDGHK_17195 DUF4276 domain-containing protein,Unmatched,0,0,0
EIDGHK_17200 chromosome segregation protein SMC,Unmatched,0,0,0
EIDGHK_17205 dehydrogenase,Unmatched,0,0,0
EIDGHK_17210 3-dehydroquinate synthase,Unmatched,0,0,0
EIDGHK_17215 hypothetical protein,Unmatched,0,0,0
EIDGHK_17220 Cytochrome b6-f complex subunit 8,Unmatched,0,0,0
EIDGHK_17225 hypothetical protein,Unmatched,0,0,0
EIDGHK_17230 exonuclease sbcCD subunit D,Unmatched,0,0,0
EIDGHK_17235 protein kinase,Unmatched,0,0,0
EIDGHK_17240 ATP-binding protein,Unmatched,0,0,0
EIDGHK_17245 anti-anti-sigma factor,Unmatched,0,0,0
EIDGHK_17250 DUF3318 domain-containing protein,Unmatched,0,0,0
EIDGHK_17255 cyanophycin synthetase,Unmatched,0,0,0
EIDGHK_17260 site-specific DNA-methyltransferase,Unmatched,0,0,0
EIDGHK_17265 hypothetical protein,Unmatched,0,0,0
EIDGHK_17270 K(+)-transporting ATPase subunit C,Unmatched,0,0,0
EIDGHK_17275 DNA (cytosine-5-)-methyltransferase,Unmatched,0,0,0
EIDGHK_17280 restriction endonuclease,Unmatched,0,0,0
EIDGHK_17285 potassium-transporting ATPase subunit KdpB,Unmatched,0,0,0
EIDGHK_17290 potassium-transporting ATPase subunit KdpA,Unmatched,0,0,0
EIDGHK_17305 D-alanyl-D-alanine carboxypeptidase,Unmatched,0,0,0
EIDGHK_17310 NAD-dependent malic enzyme,Unmatched,0,0,0
EIDGHK_17315 prolyl aminopeptidase,Unmatched,0,0,0
EIDGHK_17320 Glyco-transf-41 domain-containing protein,Unmatched,0,0,0
EIDGHK_17325 Glyco-transf-41 domain-containing protein,Unmatched,0,0,0
EIDGHK_17330 Tubulin like,Unmatched,0,0,0
EIDGHK_17335 VWA domain-containing protein,Unmatched,0,0,0
EIDGHK_17340 GntR family transcriptional regulator,Unmatched,0,0,0
EIDGHK_17345 1-acyl-sn-glycerol-3-phosphate acyltransferase,Unmatched,0,0,0
EIDGHK_17350 peptide chain release factor 3,Unmatched,0,0,0
EIDGHK_17355 restriction endonuclease,Unmatched,0,0,0
EIDGHK_17360 adenine-specific DNA-methyltransferase,Unmatched,0,0,0
EIDGHK_17365 type II toxin-antitoxin system HicB family antitoxin,Unmatched,0,0,0
EIDGHK_17370 type II toxin-antitoxin system HicA family toxin,Unmatched,0,0,0
EIDGHK_17375 transcriptional regulator,Unmatched,0,0,0
EIDGHK_17380 TdeIII family type II restriction endonuclease,Unmatched,0,0,0
EIDGHK_17385 DNA (cytosine-5-)-methyltransferase,Unmatched,0,0,0
EIDGHK_17390 ABC transporter ATP-binding protein,Unmatched,0,0,0
EIDGHK_17395 glycosyl transferase group 1,Unmatched,0,0,0
EIDGHK_17400 transporter,Unmatched,0,0,0
EIDGHK_17405 DUF3172 domain-containing protein,Unmatched,0,0,0
EIDGHK_17410 transcriptional regulator,Unmatched,0,0,0
EIDGHK_17415 sodium-dependent bicarbonate transport family permease,Unmatched,0,0,0
EIDGHK_17420 ribosomal protein S18-alanine N-acetyltransferase,Unmatched,0,0,0
EIDGHK_17425 glycoside hydrolase,Unmatched,0,0,0
EIDGHK_17430 CP12 domain-containing protein,Unmatched,0,0,0
EIDGHK_17435 DUF1269 domain-containing protein,Unmatched,0,0,0
EIDGHK_17440 Chromosome partition protein Smc,Unmatched,0,0,0
EIDGHK_17445 acetate--CoA ligase,Unmatched,0,0,0
EIDGHK_17450 Photosystem I iron-sulfur center,Unmatched,0,0,0
EIDGHK_17455 Putative restriction endonuclease,Unmatched,0,0,0
EIDGHK_17460 cobalt ABC transporter,Unmatched,0,0,0
EIDGHK_17465 class II glutamine amidotransferase,Unmatched,0,0,0
EIDGHK_17470 hypothetical protein,Unmatched,0,0,0
EIDGHK_17475 hypothetical protein,Unmatched,0,0,0
EIDGHK_17480 Transposase,Unmatched,0,0,0
EIDGHK_17485 DDE-3 domain-containing protein,Unmatched,0,0,0
EIDGHK_17490 cobalt-precorrin-5B (C(1))-methyltransferase CbiD,Unmatched,0,0,0
EIDGHK_17495 glutamine-hydrolyzing GMP synthase,Unmatched,0,0,0
EIDGHK_17500 hypethetical protein,Unmatched,0,0,0
EIDGHK_17505 HEPN-RiboL-PSP domain-containing protein,Unmatched,0,0,0
EIDGHK_17510 DNA (cytosine-5-)-methyltransferase,Unmatched,0,0,0
EIDGHK_17515 peptidase S8 and S53 subtilisin kexin sedolisin,Unmatched,0,0,0
EIDGHK_17520 calcium/proton exchanger,Unmatched,0,0,0
"EIDGHK_17525 biphenyl 2,3-dioxygenase",Unmatched,0,0,0
EIDGHK_17530 DUF6679 domain-containing protein,Unmatched,0,0,0
EIDGHK_17535 alpha/beta hydrolase,Unmatched,0,0,0
EIDGHK_17540 hypothetical protein,Unmatched,0,0,0
EIDGHK_17545 O-antigen ligase domain-containing protein,Unmatched,0,0,0
"EIDGHK_17550 Endo-1,4-beta-xylanase A",Unmatched,0,0,0
EIDGHK_17555 DUF1049 domain-containing protein,Unmatched,0,0,0
EIDGHK_17560 hypothetical protein,Unmatched,0,0,0
EIDGHK_17565 Putative restriction endonuclease,Unmatched,0,0,0
EIDGHK_17570 type III-B CRISPR module RAMP protein Cmr4,Unmatched,0,0,0
EIDGHK_17575 CRISPR-associated protein Cmr3,Unmatched,0,0,0
EIDGHK_17580 type III-B CRISPR-associated protein Cas10/Cmr2,Unmatched,0,0,0
EIDGHK_17585 WYL domain-containing protein,Unmatched,0,0,0
EIDGHK_17590 transposase,Unmatched,0,0,0
EIDGHK_17595 hypothetical protein,Unmatched,0,0,0
EIDGHK_17600 Polyketide cyclase / dehydrase and lipid transport,Unmatched,0,0,0
EIDGHK_17605 cupin domain-containing protein,Unmatched,0,0,0
EIDGHK_17610 prephenate/arogenate dehydrogenase,Unmatched,0,0,0
EIDGHK_17615 Conserved nitrate reductase-associated protein (Nitr_red_assoc),Unmatched,0,0,0
EIDGHK_17620 hypothetical protein,Unmatched,0,0,0
EIDGHK_17625 DUF2949 domain-containing protein,Unmatched,0,0,0
EIDGHK_17630 glycosyl transferase,Unmatched,0,0,0
"EIDGHK_17635 GDP-mannose 4,6-dehydratase",Unmatched,0,0,0
EIDGHK_17640 DNA phosphorothioation system sulfurtransferase DndC,Unmatched,0,0,0
EIDGHK_17645 DNA-sulfur modification-associated,Unmatched,0,0,0
EIDGHK_17650 FdxN element excision controlling factor protein,Unmatched,0,0,0
EIDGHK_17655 hypothetical protein,Unmatched,0,0,0
EIDGHK_17660 GDP-fucose synthetase,Unmatched,0,0,0
EIDGHK_17665 hypothetical protein,Unmatched,0,0,0
EIDGHK_17670 succinyl-CoA synthetase subunit beta,Unmatched,0,0,0
EIDGHK_17675 CoA-binding protein,Unmatched,0,0,0
EIDGHK_17680 Methyltransferase type 11,Unmatched,0,0,0
EIDGHK_17685 glycosyltransferase family 2 protein,Unmatched,0,0,0
EIDGHK_17690 hypothetical protein,Unmatched,0,0,0
EIDGHK_17695 glutamate synthase large subunit,Unmatched,0,0,0
EIDGHK_17700 DNA-cytosine methylase,Unmatched,0,0,0
EIDGHK_17705 prevent-host-death family protein,Unmatched,0,0,0
EIDGHK_17710 plasmid stabilization protein,Unmatched,0,0,0
EIDGHK_17715 Adenine specific DNA methyltransferase,Unmatched,0,0,0
EIDGHK_17720 peptidase,Unmatched,0,0,0
EIDGHK_17725 tRNA-Met(cat),Unmatched,0,0,0
EIDGHK_17730 hypothetical protein,Unmatched,0,0,0
EIDGHK_17735 Pentapeptide repeat-containing protein,Unmatched,0,0,0
EIDGHK_17740 RNA-guided endonuclease TnpB family protein,Unmatched,0,0,0
EIDGHK_17745 2-phosphosulfolactate phosphatase family protein,Unmatched,0,0,0
EIDGHK_17750 bifunctional folylpolyglutamate synthase/dihydrofolate synthase,Unmatched,0,0,0
EIDGHK_17755 DUF3352 domain-containing protein,Unmatched,0,0,0
EIDGHK_17760 quinone-dependent dihydroorotate dehydrogenase,Unmatched,0,0,0
EIDGHK_17765 DnaJ-class molecular chaperone CbpA,Unmatched,0,0,0
EIDGHK_17770 molecular chaperone DnaK,Unmatched,0,0,0
"EIDGHK_17775 Pseudouridine synthase RluA, 23S rRNA- or tRNA-specific",Unmatched,0,0,0
EIDGHK_17780 nucleoside-diphosphate kinase,Unmatched,0,0,0
EIDGHK_17785 histidine phosphatase family protein,Unmatched,0,0,0
EIDGHK_17790 histidine phosphatase family protein,Unmatched,0,0,0
EIDGHK_17795 Mobile element protein,Unmatched,0,0,0
EIDGHK_17800 adenosine deaminase,Unmatched,0,0,0
EIDGHK_17805 hypothetical protein,Unmatched,0,0,0
EIDGHK_17810 hypothetical protein,Unmatched,0,0,0
EIDGHK_17815 tRNA-Asn(gtt),Unmatched,0,0,0
EIDGHK_17820 peptidase M16,Unmatched,0,0,0
EIDGHK_17825 peptidase M16,Unmatched,0,0,0
EIDGHK_17830 pantothenate kinase,Unmatched,0,0,0
EIDGHK_17835 NAD-dependent epimerase,Unmatched,0,0,0
EIDGHK_17840 hypothetical protein,Unmatched,0,0,0
"EIDGHK_17845 dTDP-glucose 4,6-dehydratase",Unmatched,0,0,0
EIDGHK_17850 UDP-glucuronate decarboxylase,Unmatched,0,0,0
EIDGHK_17855 tRNA-Ala(cgc),Unmatched,0,0,0
EIDGHK_17860 Acireductone dioxygenase,Unmatched,0,0,0
EIDGHK_17865 hypothetical protein,Unmatched,0,0,0
EIDGHK_17870 Putative restriction endonuclease,Unmatched,0,0,0
EIDGHK_17875 hypothetical protein,Unmatched,0,0,0
EIDGHK_17880 hypothetical protein,Unmatched,0,0,0
EIDGHK_17885 hypothetical protein,Unmatched,0,0,0
EIDGHK_17890 hypothetical protein,Unmatched,0,0,0
EIDGHK_17895 hypothetical protein,Unmatched,0,0,0
EIDGHK_17900 DNA polymerase subunit beta,Unmatched,0,0,0
EIDGHK_17905 hypothetical protein,Unmatched,0,0,0
EIDGHK_17910 TIGR03032 family protein,Unmatched,0,0,0
EIDGHK_17915 chromate transporter,Unmatched,0,0,0
EIDGHK_17920 ATP phosphoribosyltransferase,Unmatched,0,0,0
EIDGHK_17925 HAD family hydrolase,Unmatched,0,0,0
EIDGHK_17930 deoxyribose-phosphate aldolase,Unmatched,0,0,0
EIDGHK_17935 bifunctional aconitate hydratase 2/2-methylisocitrate dehydratase,Unmatched,0,0,0
EIDGHK_17940 hypothetical protein,Unmatched,0,0,0
EIDGHK_17945 hypothetical protein,Unmatched,0,0,0
EIDGHK_17950 hypothetical protein,Unmatched,0,0,0
EIDGHK_17955 XisI protein,Unmatched,0,0,0
EIDGHK_17960 hypothetical protein,Unmatched,0,0,0
EIDGHK_17965 urease subunit alpha,Unmatched,0,0,0
EIDGHK_17970 5' ureB small RNA,Unmatched,0,0,0
EIDGHK_18015 thioredoxin-disulfide reductase,Unmatched,0,0,0
EIDGHK_18020 haloacid dehalogenase,Unmatched,0,0,0
EIDGHK_18025 hypothetical protein,Unmatched,0,0,0
EIDGHK_18030 DUF262 domain-containing protein,Unmatched,0,0,0
EIDGHK_18035 Putative restriction endonuclease,Unmatched,0,0,0
EIDGHK_18040 multidrug ABC transporter ATP-binding protein,Unmatched,0,0,0
EIDGHK_18045 D-alanyl-D-alanine carboxypeptidase/D-alanyl-D-alanine-endopeptidase,Unmatched,0,0,0
EIDGHK_18050 DUF6761 domain-containing protein,Unmatched,0,0,0
EIDGHK_18055 peptidase M48,Unmatched,0,0,0
EIDGHK_18060 hypothetical protein,Unmatched,0,0,0
EIDGHK_18065 hypothetical protein,Unmatched,0,0,0
EIDGHK_18070 glycosyl transferase,Unmatched,0,0,0
EIDGHK_18075 hypothetical protein,Unmatched,0,0,0
EIDGHK_18080 nickel import ATP-binding protein NikD,Unmatched,0,0,0
EIDGHK_18085 heterocyst frequency control protein PatD,Unmatched,0,0,0
EIDGHK_18090 (p)ppGpp synthetase,Unmatched,0,0,0
EIDGHK_18095 glycosyl transferase family 4,Unmatched,0,0,0
EIDGHK_18100 3-isopropylmalate dehydratase large subunit,Unmatched,0,0,0
EIDGHK_18105 phospholipid carrier-dependent glycosyltransferase,Unmatched,0,0,0
"EIDGHK_18110 9,9'-di-cis-zeta-carotene desaturase",Unmatched,0,0,0
EIDGHK_18115 DUF29 domain-containing protein,Unmatched,0,0,0
EIDGHK_18120 hypothetical protein,Unmatched,0,0,0
EIDGHK_18125 IS4 family transposase,Unmatched,0,0,0
EIDGHK_18130 DUF218 domain-containing protein,Unmatched,0,0,0
EIDGHK_18135 hypothetical protein,Unmatched,0,0,0
EIDGHK_18140 IS4 family transposase,Unmatched,0,0,0
EIDGHK_18145 hypothetical protein,Unmatched,0,0,0
EIDGHK_18150 hypothetical protein,Unmatched,0,0,0
EIDGHK_18155 LeuA-dimer domain-containing protein,Unmatched,0,0,0
EIDGHK_18160 hypothetical protein,Unmatched,0,0,0
EIDGHK_18165 hypothetical protein,Unmatched,0,0,0
EIDGHK_18170 peptidase A2,Unmatched,0,0,0
EIDGHK_18175 hypothetical protein,Unmatched,0,0,0
EIDGHK_18180 nicotinate-nucleotide adenylyltransferase,Unmatched,0,0,0
EIDGHK_18185 NUDIX hydrolase,Unmatched,0,0,0
EIDGHK_18190 NAD+ synthase,Unmatched,0,0,0
EIDGHK_18195 folate-binding protein YgfZ,Unmatched,0,0,0
EIDGHK_18200 hypothetical protein,Unmatched,0,0,0
EIDGHK_18205 type I glyceraldehyde-3-phosphate dehydrogenase,Unmatched,0,0,0
EIDGHK_18210 phosphoketolase,Unmatched,0,0,0
EIDGHK_18215 rubredoxin,Unmatched,0,0,0
EIDGHK_18220 photosynthesis system II assembly factor Ycf48,Unmatched,0,0,0
EIDGHK_18225 cytochrome b559 subunit alpha,Unmatched,0,0,0
EIDGHK_18230 cytochrome b559 subunit beta,Unmatched,0,0,0
EIDGHK_18235 photosystem II reaction center protein L,Unmatched,0,0,0
EIDGHK_18240 photosystem II reaction center protein J,Unmatched,0,0,0
EIDGHK_18245 photosystem II chlorophyll-binding protein CP47,Unmatched,0,0,0
EIDGHK_18250 hypothetical protein,Unmatched,0,0,0
EIDGHK_18255 twin-arginine translocase subunit TatC,Unmatched,0,0,0
EIDGHK_18260 quinolinate synthase NadA,Unmatched,0,0,0
EIDGHK_18265 IS5 family transposase,Unmatched,0,0,0
EIDGHK_18270 HicB-like domain-containing protein,Unmatched,0,0,0
EIDGHK_18275 YafQ toxin protein,Unmatched,0,0,0
EIDGHK_18280 PMT-2 domain-containing protein,Unmatched,0,0,0
EIDGHK_18285 hypothetical protein,Unmatched,0,0,0
EIDGHK_18290 hypothetical protein,Unmatched,0,0,0
EIDGHK_18295 4-hydroxy-tetrahydrodipicolinate reductase,Unmatched,0,0,0
EIDGHK_18300 hypothetical protein,Unmatched,0,0,0
EIDGHK_18305 ParA family protein,Unmatched,0,0,0
EIDGHK_18310 Rho termination factor,Unmatched,0,0,0
EIDGHK_18315 1-acyl-sn-glycerol-3-phosphate acyltransferase,Unmatched,0,0,0
EIDGHK_18320 methionine--tRNA ligase,Unmatched,0,0,0
EIDGHK_18325 NYN domain-containing protein,Unmatched,0,0,0
EIDGHK_18330 ABM domain-containing protein,Unmatched,0,0,0
"EIDGHK_18335 cobyrinic acid a,c-diamide synthase",Unmatched,0,0,0
EIDGHK_18340 metallophosphoesterase,Unmatched,0,0,0
EIDGHK_18345 peptidase C15,Unmatched,0,0,0
EIDGHK_18350 type 2 isopentenyl-diphosphate Delta-isomerase,Unmatched,0,0,0
EIDGHK_18355 hypothetical protein,Unmatched,0,0,0
EIDGHK_18360 Uma2 family endonuclease,Unmatched,0,0,0
EIDGHK_18365 TIGR03279 family radical SAM protein,Unmatched,0,0,0
EIDGHK_18370 hypothetical protein,Unmatched,0,0,0
EIDGHK_18375 hypothetical protein,Unmatched,0,0,0
EIDGHK_18380 Aluminium activated malate transporter,Unmatched,0,0,0
EIDGHK_18385 hypothetical protein,Unmatched,0,0,0
EIDGHK_18390 NHLP bacteriocin system secretion protein,Unmatched,0,0,0
EIDGHK_18395 DUF2062 domain-containing protein,Unmatched,0,0,0
EIDGHK_18400 tRNA uridine-5-carboxymethylaminomethyl(34) synthesis GTPase MnmE,Unmatched,0,0,0
EIDGHK_18405 polyhydroxyalkanoate biosynthesis repressor PhaR,Unmatched,0,0,0
EIDGHK_18410 polyhydroxyalkanoate biosynthesis repressor PhaR,Unmatched,0,0,0
EIDGHK_18415 polyhydroxyalkanoate biosynthesis repressor PhaR,Unmatched,0,0,0
EIDGHK_18420 transposase,Unmatched,0,0,0
EIDGHK_18425 alanine racemase,Unmatched,0,0,0
EIDGHK_18430 cytochrome P450,Unmatched,0,0,0
EIDGHK_18435 Phosphotransferase enzyme family,Unmatched,0,0,0
EIDGHK_18440 glycosyl transferase,Unmatched,0,0,0
EIDGHK_18445 HNH endonuclease,Unmatched,0,0,0
EIDGHK_18450 ATPase,Unmatched,0,0,0
EIDGHK_18455 magnesium chelatase ATPase subunit I,Unmatched,0,0,0
EIDGHK_18460 hypothetical protein,Unmatched,0,0,0
EIDGHK_18465 glycine--tRNA ligase subunit beta,Unmatched,0,0,0
EIDGHK_18470 rubrerythrin family protein,Unmatched,0,0,0
EIDGHK_18475 GNAT family N-acetyltransferase,Unmatched,0,0,0
EIDGHK_18480 riboflavin deaminase,Unmatched,0,0,0
EIDGHK_18485 two-component sensor histidine kinase,Unmatched,0,0,0
EIDGHK_18490 hypothetical protein,Unmatched,0,0,0
EIDGHK_18495 hypothetical protein,Unmatched,0,0,0
EIDGHK_18500 hypothetical protein,Unmatched,0,0,0
EIDGHK_18505 hypothetical protein,Unmatched,0,0,0
EIDGHK_18510 hypothetical protein,Unmatched,0,0,0
EIDGHK_18515 cellulose synthase subunit BcsC,Unmatched,0,0,0
EIDGHK_18520 YraN family protein,Unmatched,0,0,0
EIDGHK_18525 DUF3110 domain-containing protein,Unmatched,0,0,0
EIDGHK_18530 DUF2996 domain-containing protein,Unmatched,0,0,0
EIDGHK_18535 Mobile element protein,Unmatched,0,0,0
EIDGHK_18540 sodium:proton antiporter,Unmatched,0,0,0
EIDGHK_18565 XisI protein,Unmatched,0,0,0
EIDGHK_18570 fatty-acid synthase,Unmatched,0,0,0
EIDGHK_18575 Hyalin,Unmatched,0,0,0
EIDGHK_18580 Transposase,Unmatched,0,0,0
EIDGHK_18585 hypothetical protein,Unmatched,0,0,0
EIDGHK_18590 hypothetical protein,Unmatched,0,0,0
EIDGHK_18595 DUF4079 domain-containing protein,Unmatched,0,0,0
EIDGHK_18600 ribosome biogenesis GTPase Der,Unmatched,0,0,0
EIDGHK_18605 Cobalt transport protein,Unmatched,0,0,0
EIDGHK_18610 Transposase,Unmatched,0,0,0
EIDGHK_18615 o-succinylbenzoate synthase,Unmatched,0,0,0
EIDGHK_18620 2-succinylbenzoate-CoA ligase,Unmatched,0,0,0
EIDGHK_18625 N-acetyltransferase,Unmatched,0,0,0
EIDGHK_18630 NADH-quinone oxidoreductase subunit M,Unmatched,0,0,0
EIDGHK_18635 hypothetical protein,Unmatched,0,0,0
EIDGHK_18640 photosystem II S4 domain protein,Unmatched,0,0,0
EIDGHK_18645 DNA phosphorothioation-associated methyltransferase,Unmatched,0,0,0
EIDGHK_18650 Putative restriction endonuclease,Unmatched,0,0,0
EIDGHK_18655 dolichyl-phosphate-mannose--protein O-mannosyl transferase,Unmatched,0,0,0
EIDGHK_18660 tryptophan--tRNA ligase,Unmatched,0,0,0
EIDGHK_18665 site-specific DNA-methyltransferase,Unmatched,0,0,0
EIDGHK_18670 chaperonin GroEL,Unmatched,0,0,0
EIDGHK_18675 hypothetical protein,Unmatched,0,0,0
EIDGHK_18680 lysozyme,Unmatched,0,0,0
EIDGHK_18685 sensor histidine kinase,Unmatched,0,0,0
EIDGHK_18690 saccharopine dehydrogenase,Unmatched,0,0,0
EIDGHK_18695 mechanosensitive ion channel protein,Unmatched,0,0,0
EIDGHK_18700 Similar to tr|P73635|P73635,Unmatched,0,0,0
EIDGHK_18705 Uma2 family endonuclease,Unmatched,0,0,0
EIDGHK_18710 LytR family transcriptional regulator,Unmatched,0,0,0
EIDGHK_18715 GNAT family N-acetyltransferase,Unmatched,0,0,0
EIDGHK_18720 AmpG family muropeptide MFS transporter,Unmatched,0,0,0
EIDGHK_18725 guanylate cyclase,Unmatched,0,0,0
EIDGHK_18730 nitroreductase,Unmatched,0,0,0
EIDGHK_18735 hypothetical protein,Unmatched,0,0,0
EIDGHK_18740 Potassium efflux system kefA,Unmatched,0,0,0
EIDGHK_18745 DUF4164 domain-containing protein,Unmatched,0,0,0
EIDGHK_18750 Phosphomannomutase,Unmatched,0,0,0
EIDGHK_18755 photosynthetic/respiratory NAD(P)H-quinone oxidoreductase subunit D1,Unmatched,0,0,0
EIDGHK_18760 hypothetical protein,Unmatched,0,0,0
EIDGHK_18765 Integrase-recombinase protein,Unmatched,0,0,0
EIDGHK_18770 hypothetical protein,Unmatched,0,0,0
EIDGHK_18775 hypothetical protein,Unmatched,0,0,0
EIDGHK_18780 DUF3987 domain-containing protein,Unmatched,0,0,0
EIDGHK_18785 hypothetical protein,Unmatched,0,0,0
EIDGHK_18790 hypothetical protein,Unmatched,0,0,0
EIDGHK_18795 hypothetical protein,Unmatched,0,0,0
EIDGHK_18800 XRE family transcriptional regulator,Unmatched,0,0,0
EIDGHK_18805 Plasmid maintenance system killer protein,Unmatched,0,0,0
EIDGHK_18810 hypothetical protein,Unmatched,0,0,0
EIDGHK_18815 Glycosyltransferase family 39 protein,Unmatched,0,0,0
EIDGHK_18820 hypothetical protein,Unmatched,0,0,0
EIDGHK_18825 anticodon-binding protein,Unmatched,0,0,0
EIDGHK_18830 Chromosome partition protein Smc,Unmatched,0,0,0
EIDGHK_18835 hypothetical protein,Unmatched,0,0,0
EIDGHK_18840 Putative restriction endonuclease,Unmatched,0,0,0
EIDGHK_18845 glycosyl transferase family 1,Unmatched,0,0,0
EIDGHK_18850 chorismate synthase,Unmatched,0,0,0
EIDGHK_18855 DNA/RNA nuclease SfsA,Unmatched,0,0,0
EIDGHK_18860 RNA-binding protein,Unmatched,0,0,0
EIDGHK_18865 LuxR family transcriptional regulator,Unmatched,0,0,0
EIDGHK_18870 UPF0367 protein MAE_19160,Unmatched,0,0,0
EIDGHK_18875 SAM-dependent methyltransferase,Unmatched,0,0,0
EIDGHK_18880 restriction endonuclease,Unmatched,0,0,0
EIDGHK_18885 N-6 DNA methylase,Unmatched,0,0,0
EIDGHK_18890 Melibiase,Unmatched,0,0,0
EIDGHK_18895 hypothetical protein,Unmatched,0,0,0
EIDGHK_18900 hypothetical protein,Unmatched,0,0,0
EIDGHK_18905 hypothetical protein,Unmatched,0,0,0
EIDGHK_18910 cupin domain-containing protein,Unmatched,0,0,0
EIDGHK_18915 dihydropteroate synthase,Unmatched,0,0,0
EIDGHK_18920 hypothetical protein,Unmatched,0,0,0
EIDGHK_18925 hypothetical protein,Unmatched,0,0,0
EIDGHK_18930 pantetheine-phosphate adenylyltransferase,Unmatched,0,0,0
EIDGHK_18935 NTP-transf-9 domain-containing protein,Unmatched,0,0,0
EIDGHK_18940 thioredoxin,Unmatched,0,0,0
EIDGHK_18945 type I methionyl aminopeptidase,Unmatched,0,0,0
EIDGHK_18950 universal stress protein,Unmatched,0,0,0
EIDGHK_18955 DUF2811 domain-containing protein,Unmatched,0,0,0
EIDGHK_18960 aminoacyl-tRNA hydrolase,Unmatched,0,0,0
"EIDGHK_18965 Glycosyl hydrolase, BNR repeat-containing protein",Unmatched,0,0,0
EIDGHK_18970 class II fumarate hydratase,Unmatched,0,0,0
EIDGHK_18975 YGGT family,Unmatched,0,0,0
EIDGHK_18990 CopG family transcriptional regulator,Unmatched,0,0,0
EIDGHK_18995 Capsular biosynthesis protein,Unmatched,0,0,0
EIDGHK_19000 4-amino-4-deoxy-L-arabinose transferase,Unmatched,0,0,0
EIDGHK_19005 DNA phosphorothioation-associated protein 4,Unmatched,0,0,0
EIDGHK_19010 DUF1361 domain-containing protein,Unmatched,0,0,0
"EIDGHK_19015 1,4-dihydroxy-2-naphthoyl-CoA hydrolase",Unmatched,0,0,0
EIDGHK_19020 cofactor assembly of complex C subunit B,Unmatched,0,0,0
EIDGHK_19025 ABC 3 transport family,Unmatched,0,0,0
"EIDGHK_19030 putative toxin-antitoxin system toxin component, PIN family",Unmatched,0,0,0
EIDGHK_19035 hypothetical protein,Unmatched,0,0,0
EIDGHK_19040 hypothetical protein,Unmatched,0,0,0
EIDGHK_19045 Band 7 protein,Unmatched,0,0,0
EIDGHK_19050 aspartate aminotransferase,Unmatched,0,0,0
EIDGHK_19055 low-complexity protein,Unmatched,0,0,0
EIDGHK_19060 Dolichyl-phosphate-mannose-protein mannosyltransferase,Unmatched,0,0,0
EIDGHK_19065 histidine kinase,Unmatched,0,0,0
EIDGHK_19070 DNA-binding response regulator,Unmatched,0,0,0
EIDGHK_19075 alpha/beta hydrolase,Unmatched,0,0,0
EIDGHK_19080 Putative restriction endonuclease,Unmatched,0,0,0
EIDGHK_19085 FkbM family methyltransferase,Unmatched,0,0,0
EIDGHK_19090 Methyltransf-21 domain-containing protein,Unmatched,0,0,0
EIDGHK_19095 pentapeptide repeat-containing protein,Unmatched,0,0,0
EIDGHK_19100 DUF455 domain-containing protein,Unmatched,0,0,0
EIDGHK_19105 peptidase M16,Unmatched,0,0,0
EIDGHK_19110 peptidase M16,Unmatched,0,0,0
EIDGHK_19115 Uncharacterised protein family (UPF0175),Unmatched,0,0,0
EIDGHK_19120 phosphoenolpyruvate synthase,Unmatched,0,0,0
EIDGHK_19125 Putative restriction endonuclease,Unmatched,0,0,0
EIDGHK_19130 hypothetical protein,Unmatched,0,0,0
EIDGHK_19135 cobalamin biosynthesis bifunctional protein CbiET,Unmatched,0,0,0
EIDGHK_19140 precorrin-3B synthase,Unmatched,0,0,0
EIDGHK_19145 precorrin-8X methylmutase,Unmatched,0,0,0
EIDGHK_19150 precorrin-2 C(20)-methyltransferase,Unmatched,0,0,0
EIDGHK_19155 hypothetical protein,Unmatched,0,0,0
EIDGHK_19160 precorrin-3B C(17)-methyltransferase,Unmatched,0,0,0
EIDGHK_19165 hypothetical protein,Unmatched,0,0,0
EIDGHK_19170 cobalt-precorrin-6A reductase,Unmatched,0,0,0
EIDGHK_19175 Diaminopimelate decarboxylase,Unmatched,0,0,0
EIDGHK_19180 transcriptional regulator,Unmatched,0,0,0
EIDGHK_19185 DUF2442 domain-containing protein,Unmatched,0,0,0
EIDGHK_19190 hypothetical protein,Unmatched,0,0,0
EIDGHK_19195 Putative restriction endonuclease,Unmatched,0,0,0
EIDGHK_19200 lipoprotein NlpI,Unmatched,0,0,0
EIDGHK_19205 serine protease,Unmatched,0,0,0
EIDGHK_19210 Circadian oscillating protein COP23,Unmatched,0,0,0
EIDGHK_19215 AAA-23 domain-containing protein,Unmatched,0,0,0
EIDGHK_19220 hypothetical protein,Unmatched,0,0,0
EIDGHK_19225 hypothetical protein,Unmatched,0,0,0
EIDGHK_19230 hypothetical protein,Unmatched,0,0,0
EIDGHK_19235 nitrogenase,Unmatched,0,0,0
EIDGHK_19240 arginine--tRNA ligase,Unmatched,0,0,0
EIDGHK_19245 PIN domain nuclease,Unmatched,0,0,0
EIDGHK_19250 DUF2281 domain-containing protein,Unmatched,0,0,0
"EIDGHK_19255 2-C-methyl-D-erythritol 2,4-cyclodiphosphate synthase",Unmatched,0,0,0
EIDGHK_19260 DUF4276 domain-containing protein,Unmatched,0,0,0
EIDGHK_19265 ATPase,Unmatched,0,0,0
EIDGHK_19270 Protein translocase subunit SecA,Unmatched,0,0,0
EIDGHK_19275 Four helix bundle protein,Unmatched,0,0,0
EIDGHK_19280 DNA methyltransferase,Unmatched,0,0,0
EIDGHK_19285 CbamoylP-synth-lsu-like-ATP-bd domain-containing protein,Unmatched,0,0,0
EIDGHK_19290 PIN-10 domain-containing protein,Unmatched,0,0,0
EIDGHK_19295 50S ribosomal protein L28,Unmatched,0,0,0
EIDGHK_19300 photosystem I reaction center subunit PsaK,Unmatched,0,0,0
EIDGHK_19305 amino acid ABC transporter permease,Unmatched,0,0,0
EIDGHK_19310 hypothetical protein,Unmatched,0,0,0
EIDGHK_19315 DUF4336 domain-containing protein,Unmatched,0,0,0
EIDGHK_19320 50S ribosome-binding GTPase,Unmatched,0,0,0
EIDGHK_19325 Uma2 domain-containing protein,Unmatched,0,0,0
EIDGHK_19330 DUF29 domain-containing protein,Unmatched,0,0,0
EIDGHK_19335 Putative restriction endonuclease,Unmatched,0,0,0
EIDGHK_19340 molecular chaperone DnaK,Unmatched,0,0,0
EIDGHK_19345 hypothetical protein,Unmatched,0,0,0
EIDGHK_19350 competence/damage-inducible protein A,Unmatched,0,0,0
EIDGHK_19355 polyketide biosynthesis operon protein CyrO,Unmatched,0,0,0
EIDGHK_19360 DUF2839 domain-containing protein,Unmatched,0,0,0
EIDGHK_19365 LL-diaminopimelate aminotransferase,Unmatched,0,0,0
EIDGHK_19370 metallophosphatase,Unmatched,0,0,0
EIDGHK_19375 Tetratricopeptide TPR_1 repeat-containing protein,Unmatched,0,0,0
EIDGHK_19380 mannosyltransferase,Unmatched,0,0,0
EIDGHK_19385 tRNA-Ser(gga),Unmatched,0,0,0
EIDGHK_19390 transcription-repair coupling factor,Unmatched,0,0,0
EIDGHK_19395 cation ABC transporter substrate-binding protein,Unmatched,0,0,0
EIDGHK_19400 ABC transporter,Unmatched,0,0,0
EIDGHK_19405 transcriptional regulator,Unmatched,0,0,0
EIDGHK_19410 DUF2442 domain-containing protein,Unmatched,0,0,0
EIDGHK_19415 DUF1214 domain-containing protein,Unmatched,0,0,0
EIDGHK_19420 hypothetical protein,Unmatched,0,0,0
EIDGHK_19425 hypothetical protein,Unmatched,0,0,0
EIDGHK_19430 hypothetical protein,Unmatched,0,0,0
EIDGHK_19435 DUF2283 domain-containing protein,Unmatched,0,0,0
EIDGHK_19440 hypothetical protein,Unmatched,0,0,0
EIDGHK_19445 restriction endonuclease,Unmatched,0,0,0
EIDGHK_19450 DUF29 domain-containing protein,Unmatched,0,0,0
EIDGHK_19455 amino acid ABC transporter ATP-binding protein,Unmatched,0,0,0
EIDGHK_19460 sodium:proton antiporter,Unmatched,0,0,0
EIDGHK_19465 hydrophobe/amphiphile efflux-1 family RND transporter,Unmatched,0,0,0
EIDGHK_19470 CemA family,Unmatched,0,0,0
EIDGHK_19475 glycosyl transferase family 1,Unmatched,0,0,0
EIDGHK_19480 replication restart DNA helicase PriA,Unmatched,0,0,0
EIDGHK_19485 lysozyme,Unmatched,0,0,0
EIDGHK_19490 3-oxoacyl-ACP reductase FabG,Unmatched,0,0,0
EIDGHK_19495 glycerol-3-phosphate 1-O-acyltransferase PlsY,Unmatched,0,0,0
"EIDGHK_19500 Glycosyl transferase, group 1",Unmatched,0,0,0
EIDGHK_19505 hypothetical protein,Unmatched,0,0,0
EIDGHK_19510 hypothetical protein,Unmatched,0,0,0
EIDGHK_19515 DNA polymerase subunit beta,Unmatched,0,0,0
EIDGHK_19520 carotene isomerase,Unmatched,0,0,0
EIDGHK_19525 hypothetical protein,Unmatched,0,0,0
EIDGHK_19530 ISAs1 family transposase,Unmatched,0,0,0
EIDGHK_19535 Mobile element protein,Unmatched,0,0,0
EIDGHK_19540 hypothetical protein,Unmatched,0,0,0
EIDGHK_19545 magnesium chelatase,Unmatched,0,0,0
EIDGHK_19550 histidine triad nucleotide-binding protein,Unmatched,0,0,0
EIDGHK_19555 aspartyl protease,Unmatched,0,0,0
EIDGHK_19560 4-hydroxyphenylpyruvate dioxygenase,Unmatched,0,0,0
EIDGHK_19565 oxidoreductase,Unmatched,0,0,0
EIDGHK_19570 Sulfate adenylyltransferase,Unmatched,0,0,0
"EIDGHK_19575 Type II restriction enzyme, methylase subunit YeeA",Unmatched,0,0,0
EIDGHK_19580 aspartate aminotransferase,Unmatched,0,0,0
EIDGHK_19585 hypothetical protein,Unmatched,0,0,0
EIDGHK_19590 HNH endonuclease,Unmatched,0,0,0
EIDGHK_19595 DNA (cytosine-5-)-methyltransferase,Unmatched,0,0,0
EIDGHK_19600 fatty acid desaturase,Unmatched,0,0,0
EIDGHK_19605 hypothetical protein,Unmatched,0,0,0
EIDGHK_19610 nucleic acid-binding protein,Unmatched,0,0,0
EIDGHK_19615 PemK family transcriptional regulator,Unmatched,0,0,0
EIDGHK_19620 Programmed cell death antitoxin YdcD,Unmatched,0,0,0
EIDGHK_19625 hypothetical protein,Unmatched,0,0,0
EIDGHK_19630 hypothetical protein,Unmatched,0,0,0
EIDGHK_19635 tRNA-Arg(tct),Unmatched,0,0,0
EIDGHK_19640 ferrochelatase,Unmatched,0,0,0
EIDGHK_19645 DUF2993 domain-containing protein,Unmatched,0,0,0
EIDGHK_19650 membrane protein insertion efficiency factor YidD,Unmatched,0,0,0
EIDGHK_19655 phosphatidate cytidylyltransferase,Unmatched,0,0,0
EIDGHK_19660 aldose epimerase,Unmatched,0,0,0
EIDGHK_19665 tRNA-Lys(ttt),Unmatched,0,0,0
EIDGHK_19670 tRNA (adenosine(37)-N6)-threonylcarbamoyltransferase complex dimerization subunit type 1 TsaB,Unmatched,0,0,0
EIDGHK_19675 PEP-CTERM domain-containing protein,Unmatched,0,0,0
EIDGHK_19680 serine O-acetyltransferase,Unmatched,0,0,0
EIDGHK_19685 excinuclease ABC subunit UvrA,Unmatched,0,0,0
EIDGHK_19690 class I SAM-dependent methyltransferase,Unmatched,0,0,0
EIDGHK_19695 hypothetical protein,Unmatched,0,0,0
EIDGHK_19700 Ribonuclease VapC,Unmatched,0,0,0
EIDGHK_19705 VapC toxin protein,Unmatched,0,0,0
EIDGHK_19710 hypothetical protein,Unmatched,0,0,0
EIDGHK_19715 hypothetical protein,Unmatched,0,0,0
EIDGHK_19720 VapC toxin family PIN domain ribonuclease,Unmatched,0,0,0
EIDGHK_19725 DUF29 domain-containing protein,Unmatched,0,0,0
EIDGHK_19730 glycerol acyltransferase,Unmatched,0,0,0
EIDGHK_19735 3-oxoacyl-[acyl-carrier-protein] reductase,Unmatched,0,0,0
EIDGHK_19740 Uma2 domain-containing protein,Unmatched,0,0,0
EIDGHK_19745 hypothetical protein,Unmatched,0,0,0
"EIDGHK_19750 CRISPR-associated protein Csa3, CARF domain",Unmatched,0,0,0
EIDGHK_19755 hypothetical protein,Unmatched,0,0,0
EIDGHK_19760 hypothetical protein,Unmatched,0,0,0
EIDGHK_19765 hypothetical protein,Unmatched,0,0,0
EIDGHK_19770 hypothetical protein,Unmatched,0,0,0
EIDGHK_19775 hypothetical protein,Unmatched,0,0,0
EIDGHK_19780 hypothetical protein,Unmatched,0,0,0
EIDGHK_19785 hypothetical protein,Unmatched,0,0,0
EIDGHK_19790 hypothetical protein,Unmatched,0,0,0
EIDGHK_19795 hypothetical protein,Unmatched,0,0,0
EIDGHK_19800 hypothetical protein,Unmatched,0,0,0
EIDGHK_19805 hypothetical protein,Unmatched,0,0,0
EIDGHK_19810 hypothetical protein,Unmatched,0,0,0
EIDGHK_19815 hypothetical protein,Unmatched,0,0,0
EIDGHK_19820 Collagen-like protein,Unmatched,0,0,0
EIDGHK_19825 hypothetical protein,Unmatched,0,0,0
EIDGHK_19830 hypothetical protein,Unmatched,0,0,0
EIDGHK_19835 hypothetical protein,Unmatched,0,0,0
EIDGHK_19840 D-Ala-D-Ala carboxypeptidase family metallohydrolase,Unmatched,0,0,0
EIDGHK_19845 hypothetical protein,Unmatched,0,0,0
EIDGHK_19850 hypothetical protein,Unmatched,0,0,0
EIDGHK_19855 hypothetical protein,Unmatched,0,0,0
EIDGHK_19860 hypothetical protein,Unmatched,0,0,0
EIDGHK_19865 hypothetical protein,Unmatched,0,0,0
EIDGHK_19870 hypothetical protein,Unmatched,0,0,0
EIDGHK_19875 HTH cro/C1-type domain-containing protein,Unmatched,0,0,0
EIDGHK_19880 hypothetical protein,Unmatched,0,0,0
EIDGHK_19885 hypothetical protein,Unmatched,0,0,0
EIDGHK_19890 hypothetical protein,Unmatched,0,0,0
EIDGHK_19895 hypothetical protein,Unmatched,0,0,0
EIDGHK_19900 PPM-type phosphatase domain-containing protein,Unmatched,0,0,0
EIDGHK_19905 DUF4126 domain-containing protein,Unmatched,0,0,0
EIDGHK_19910 hypothetical protein,Unmatched,0,0,0
EIDGHK_19915 tRNA-Glu(ttc),Unmatched,0,0,0
EIDGHK_19920 two-component sensor histidine kinase,Unmatched,0,0,0
EIDGHK_19925 EVE domain-containing protein,Unmatched,0,0,0
EIDGHK_19930 primosomal protein,Unmatched,0,0,0
EIDGHK_19935 hypothetical protein,Unmatched,0,0,0
EIDGHK_19940 Discoidin domain-containing protein,Unmatched,0,0,0
EIDGHK_19945 DNA-binding response regulator,Unmatched,0,0,0
EIDGHK_19950 ferredoxin,Unmatched,0,0,0
EIDGHK_19955 hypothetical protein,Unmatched,0,0,0
EIDGHK_19960 hypothetical protein,Unmatched,0,0,0
EIDGHK_19965 cobyric acid synthase CobQ,Unmatched,0,0,0
EIDGHK_19970 (2Fe-2S)-binding protein,Unmatched,0,0,0
EIDGHK_19975 Methionine biosynthesis protein MetW,Unmatched,0,0,0
EIDGHK_19980 cytochrome B,Unmatched,0,0,0
EIDGHK_19985 putative membrane protein,Unmatched,0,0,0
EIDGHK_19990 amino acid ABC transporter substrate-binding protein,Unmatched,0,0,0
EIDGHK_19995 hypothetical protein,Unmatched,0,0,0
EIDGHK_20000 hypothetical protein,Unmatched,0,0,0
EIDGHK_20005 hypothetical protein,Unmatched,0,0,0
EIDGHK_20010 hypothetical protein,Unmatched,0,0,0
"EIDGHK_20015 Putative extracellular repeat, HAF family",Unmatched,0,0,0
EIDGHK_20020 Domain of unknown function DUF29,Unmatched,0,0,0
EIDGHK_20025 DUF2281 domain-containing protein,Unmatched,0,0,0
EIDGHK_20030 hypothetical protein,Unmatched,0,0,0
EIDGHK_20035 ATPase,Unmatched,0,0,0
EIDGHK_20040 Flagellar assembly protein H,Unmatched,0,0,0
EIDGHK_20045 mechanosensitive ion channel protein MscS,Unmatched,0,0,0
EIDGHK_20050 serine protease,Unmatched,0,0,0
EIDGHK_20055 hypothetical protein,Unmatched,0,0,0
EIDGHK_20060 serine/threonine protein kinase,Unmatched,0,0,0
EIDGHK_20065 cell death suppressor protein Lls1,Unmatched,0,0,0
EIDGHK_20070 Phosphomannomutase,Unmatched,0,0,0
EIDGHK_20075 type II 3-dehydroquinate dehydratase,Unmatched,0,0,0
EIDGHK_20080 Sll0156 protein,Unmatched,0,0,0
EIDGHK_20085 UMP kinase,Unmatched,0,0,0
EIDGHK_20090 ribosome recycling factor,Unmatched,0,0,0
EIDGHK_20095 DNA polymerase subunit beta,Unmatched,0,0,0
EIDGHK_20100 Ribonuclease HepT-like,Unmatched,0,0,0
EIDGHK_20105 hypothetical protein,Unmatched,0,0,0
"EIDGHK_20110 2-hydroxy-6-oxohepta-2,4-dienoate hydrolase",Unmatched,0,0,0
EIDGHK_20115 hypothetical protein,Unmatched,0,0,0
EIDGHK_20120 Asp-tRNA(Asn)/Glu-tRNA(Gln) amidotransferase subunit GatB,Unmatched,0,0,0
EIDGHK_20125 chromosome partitioning protein ParA,Unmatched,0,0,0
EIDGHK_20130 hypothetical protein,Unmatched,0,0,0
EIDGHK_20135 molecular chaperone DnaJ,Unmatched,0,0,0
EIDGHK_20140 AI-2E family transporter,Unmatched,0,0,0
EIDGHK_20145 amino acid ABC transporter substrate-binding protein,Unmatched,0,0,0
EIDGHK_20150 Membrane protein,Unmatched,0,0,0
EIDGHK_20155 tRNA (adenosine(37)-N6)-dimethylallyltransferase MiaA,Unmatched,0,0,0
EIDGHK_20160 ATP-dependent zinc metalloprotease FtsH3,Unmatched,0,0,0
EIDGHK_20165 RNA polymerase subunit sigma-70,Unmatched,0,0,0
EIDGHK_20170 hypothetical protein,Unmatched,0,0,0
EIDGHK_20175 nucleotide cyclase,Unmatched,0,0,0
EIDGHK_20180 sulfite exporter TauE/SafE family protein,Unmatched,0,0,0
EIDGHK_20185 aspartate aminotransferase,Unmatched,0,0,0
EIDGHK_20190 LD-carboxypeptidase,Unmatched,0,0,0
EIDGHK_20195 3-beta hydroxysteroid dehydrogenase,Unmatched,0,0,0
EIDGHK_20200 NAD(+) kinase,Unmatched,0,0,0
EIDGHK_20205 Ion transporter,Unmatched,0,0,0
EIDGHK_20210 ATP synthase subunit I,Unmatched,0,0,0
EIDGHK_20215 F0F1 ATP synthase subunit A,Unmatched,0,0,0
EIDGHK_20220 ATP synthase F0 subunit C,Unmatched,0,0,0
EIDGHK_20225 F0F1 ATP synthase subunit B',Unmatched,0,0,0
EIDGHK_20230 F0F1 ATP synthase subunit B,Unmatched,0,0,0
EIDGHK_20235 ATP synthase F1 subunit delta,Unmatched,0,0,0
EIDGHK_20240 F0F1 ATP synthase subunit alpha,Unmatched,0,0,0
EIDGHK_20245 MCE family protein,Unmatched,0,0,0
EIDGHK_20250 Ssr2067 protein,Unmatched,0,0,0
EIDGHK_20255 DUF642 domain-containing protein,Unmatched,0,0,0
EIDGHK_20260 Domain of unknown function DUF29,Unmatched,0,0,0
EIDGHK_20265 DUF5678 domain-containing protein,Unmatched,0,0,0
EIDGHK_20270 WD40 repeat domain-containing protein,Unmatched,0,0,0
EIDGHK_20275 Putative restriction endonuclease,Unmatched,0,0,0
EIDGHK_20280 DUF4351 domain-containing protein,Unmatched,0,0,0
EIDGHK_20285 hypothetical protein,Unmatched,0,0,0
EIDGHK_20290 DUF4351 domain-containing protein,Unmatched,0,0,0
EIDGHK_20295 MlaE family lipid ABC transporter permease subunit,Unmatched,0,0,0
EIDGHK_20300 porin,Unmatched,0,0,0
"EIDGHK_20305 2,3-bisphosphoglycerate-independent phosphoglycerate mutase",Unmatched,0,0,0
EIDGHK_20310 hypothetical protein,Unmatched,0,0,0
EIDGHK_20315 preprotein translocase subunit SecG,Unmatched,0,0,0
EIDGHK_20320 peptidase,Unmatched,0,0,0
EIDGHK_20325 DUF4926 domain-containing protein,Unmatched,0,0,0
EIDGHK_20330 hypothetical protein,Unmatched,0,0,0
EIDGHK_20335 bifunctional pantoate--beta-alanine ligase/(d)CMP kinase,Unmatched,0,0,0
EIDGHK_20340 hypothetical protein,Unmatched,0,0,0
EIDGHK_20345 PIN domain nuclease,Unmatched,0,0,0
EIDGHK_20350 NAGPA domain-containing protein,Unmatched,0,0,0
EIDGHK_20355 Poly(hydroxyalcanoate) granule associated protein (phasin),Unmatched,0,0,0
EIDGHK_20360 peptidylprolyl isomerase,Unmatched,0,0,0
EIDGHK_20365 photosystem II reaction center protein Psb28,Unmatched,0,0,0
EIDGHK_20370 helicase,Unmatched,0,0,0
EIDGHK_20375 FAD-dependent oxidoreductase,Unmatched,0,0,0
EIDGHK_20380 hypothetical protein,Unmatched,0,0,0
EIDGHK_20385 2-isopropylmalate synthase,Unmatched,0,0,0
EIDGHK_20390 RNA polymerase sigma factor RpoD,Unmatched,0,0,0
EIDGHK_20395 hypothetical protein,Unmatched,0,0,0
EIDGHK_20400 DUF4351 domain-containing protein,Unmatched,0,0,0
EIDGHK_20405 PucC protein,Unmatched,0,0,0
EIDGHK_20410 low-complexity protein,Unmatched,0,0,0
EIDGHK_20415 hybrid sensor histidine kinase/response regulator,Unmatched,0,0,0
"EIDGHK_20420 calcium-translocating P-type ATPase, PMCA-type",Unmatched,0,0,0
EIDGHK_20425 hypothetical protein,Unmatched,0,0,0
EIDGHK_20430 High-affnity carbon uptake protein Hat/HatR,Unmatched,0,0,0
EIDGHK_20435 HicB-like domain-containing protein,Unmatched,0,0,0
EIDGHK_20440 pseudouridine synthase,Unmatched,0,0,0
EIDGHK_20445 DUF4115 domain-containing protein,Unmatched,0,0,0
EIDGHK_20450 hypothetical protein,Unmatched,0,0,0
EIDGHK_20455 aldo/keto reductase,Unmatched,0,0,0
EIDGHK_20460 ABC transporter permease,Unmatched,0,0,0
EIDGHK_20465 efflux transporter periplasmic adaptor subunit,Unmatched,0,0,0
EIDGHK_20470 Mobile element protein,Unmatched,0,0,0
EIDGHK_20475 hypothetical protein,Unmatched,0,0,0
EIDGHK_20480 Uma2 domain-containing protein,Unmatched,0,0,0
EIDGHK_20485 IS200/IS605 family element RNA-guided endonuclease TnpB,Unmatched,0,0,0
EIDGHK_20490 threonine synthase,Unmatched,0,0,0
EIDGHK_20495 imidazoleglycerol-phosphate dehydratase HisB,Unmatched,0,0,0
EIDGHK_20500 TonB family protein,Unmatched,0,0,0
EIDGHK_20505 hypothetical protein,Unmatched,0,0,0
EIDGHK_20515 high light inducible protein,Unmatched,0,0,0
EIDGHK_20520 diaminopimelate epimerase,Unmatched,0,0,0
EIDGHK_20525 RNA-binding protein hfq,Unmatched,0,0,0
EIDGHK_20530 hypothetical protein,Unmatched,0,0,0
EIDGHK_20535 hypothetical protein,Unmatched,0,0,0
EIDGHK_20540 ATP-dependent Clp protease ATP-binding subunit ClpC,Unmatched,0,0,0
EIDGHK_20545 CoiA-like domain protein,Unmatched,0,0,0
EIDGHK_20550 hypothetical protein,Unmatched,0,0,0
EIDGHK_20555 type II toxin-antitoxin system PemK/MazF family toxin,Unmatched,0,0,0
EIDGHK_20560 hypothetical protein,Unmatched,0,0,0
EIDGHK_20565 hypothetical protein,Unmatched,0,0,0
EIDGHK_20570 YcfA-like protein,Unmatched,0,0,0
EIDGHK_20575 photosystem reaction center subunit H,Unmatched,0,0,0
EIDGHK_20580 branched-chain alpha-keto acid dehydrogenase subunit E2,Unmatched,0,0,0
EIDGHK_20585 IMP dehydrogenase/GMP reductase,Unmatched,0,0,0
EIDGHK_20590 hypothetical protein,Unmatched,0,0,0
EIDGHK_20595 bifunctional UDP-N-acetylglucosamine diphosphorylase/glucosamine-1-phosphate N-acetyltransferase GlmU,Unmatched,0,0,0
EIDGHK_20600 DUF3370 domain-containing protein,Unmatched,0,0,0
EIDGHK_20605 thioredoxin family protein,Unmatched,0,0,0
EIDGHK_20610 carbohydrate kinase,Unmatched,0,0,0
EIDGHK_20615 tocopherol cyclase,Unmatched,0,0,0
EIDGHK_20620 hypothetical protein,Unmatched,0,0,0
EIDGHK_20625 hypothetical protein,Unmatched,0,0,0
EIDGHK_20630 Transposase,Unmatched,0,0,0
EIDGHK_20635 hypothetical protein,Unmatched,0,0,0
EIDGHK_20640 universal stress protein,Unmatched,0,0,0
EIDGHK_20645 transposase family protein,Unmatched,0,0,0
EIDGHK_20650 hypothetical protein,Unmatched,0,0,0
EIDGHK_20655 Putative restriction endonuclease,Unmatched,0,0,0
EIDGHK_20660 adenine specific DNA methylase Mod,Unmatched,0,0,0
EIDGHK_20665 dihydroorotase,Unmatched,0,0,0
EIDGHK_20670 Putative restriction endonuclease,Unmatched,0,0,0
EIDGHK_20675 Ni/Fe hydrogenase subunit alpha,Unmatched,0,0,0
"EIDGHK_20680 RNA polymerase sigma factor, RpoD/SigA family",Unmatched,0,0,0
EIDGHK_20685 hypothetical protein,Unmatched,0,0,0
EIDGHK_20690 Similarity,Unmatched,0,0,0
EIDGHK_20695 hypothetical protein,Unmatched,0,0,0
EIDGHK_20700 putative ATPase,Unmatched,0,0,0
EIDGHK_20705 translation elongation factor 4,Unmatched,0,0,0
EIDGHK_20710 hypothetical protein,Unmatched,0,0,0
EIDGHK_20715 restriction endonuclease subunit M,Unmatched,0,0,0
EIDGHK_20720 type I restriction endonuclease,Unmatched,0,0,0
EIDGHK_20725 DNA ligase,Unmatched,0,0,0
EIDGHK_20730 oxidoreductase,Unmatched,0,0,0
EIDGHK_20735 4a-hydroxytetrahydrobiopterin dehydratase,Unmatched,0,0,0
EIDGHK_20740 helicase,Unmatched,0,0,0
EIDGHK_20745 molecular chaperone HtpG,Unmatched,0,0,0
EIDGHK_20750 bifunctional diaminohydroxyphosphoribosylaminopyrimidine deaminase/5-amino-6-(5-phosphoribosylamino)uracil reductase RibD,Unmatched,0,0,0
EIDGHK_20755 ammonium transporter,Unmatched,0,0,0
EIDGHK_20760 ammonia channel protein,Unmatched,0,0,0
EIDGHK_20765 hypothetical protein,Unmatched,0,0,0
EIDGHK_20770 hypothetical protein,Unmatched,0,0,0
EIDGHK_20775 glycosyltransferase,Unmatched,0,0,0
EIDGHK_20780 alpha/beta hydrolase,Unmatched,0,0,0
EIDGHK_20785 histone deacetylase,Unmatched,0,0,0
"EIDGHK_20790 Coenzyme F420 hydrogenase/dehydrogenase, beta subunit N-term",Unmatched,0,0,0
EIDGHK_20795 hypothetical protein,Unmatched,0,0,0
"EIDGHK_20800 type II toxin-antitoxin system mRNA interferase toxin, RelE/StbE family",Unmatched,0,0,0
EIDGHK_20805 prevent-host-death protein,Unmatched,0,0,0
EIDGHK_20810 Tetratricopeptide repeat protein,Unmatched,0,0,0
EIDGHK_20815 hypothetical protein,Unmatched,0,0,0
EIDGHK_20820 hypothetical protein,Unmatched,0,0,0
EIDGHK_20825 DUF29 domain-containing protein,Unmatched,0,0,0
EIDGHK_20830 hypothetical protein,Unmatched,0,0,0
"EIDGHK_20835 CDP-glucose 4,6-dehydratase",Unmatched,0,0,0
EIDGHK_20840 lipopolysaccharide biosynthesis protein RfbH,Unmatched,0,0,0
EIDGHK_20845 DDE-Tnp-1 domain-containing protein,Unmatched,0,0,0
EIDGHK_20850 NAD(P)-dependent oxidoreductase,Unmatched,0,0,0
EIDGHK_20855 glycosyltransferase,Unmatched,0,0,0
EIDGHK_20860 Chromosome (Plasmid) partitioning protein ParA,Unmatched,0,0,0
EIDGHK_20865 hypothetical protein,Unmatched,0,0,0
"EIDGHK_20870 O-linked N-acetylglucosamine transferase, SPINDLY family protein",Unmatched,0,0,0
"EIDGHK_20875 putative O-linked N-acetylglucosamine transferase, SPINDLY family",Unmatched,0,0,0
EIDGHK_20880 HcyBio domain-containing protein,Unmatched,0,0,0
EIDGHK_20885 hypothetical protein,Unmatched,0,0,0
EIDGHK_20890 aspartate kinase,Unmatched,0,0,0
EIDGHK_20895 bifunctional ADP-dependent NAD(P)H-hydrate dehydratase/NAD(P)H-hydrate epimerase,Unmatched,0,0,0
EIDGHK_20900 hypothetical protein,Unmatched,0,0,0
EIDGHK_20905 putative esterase,Unmatched,0,0,0
EIDGHK_20910 16S rRNA (cytosine(967)-C(5))-methyltransferase,Unmatched,0,0,0
EIDGHK_20915 Tellurite resistance protein TerB,Unmatched,0,0,0
EIDGHK_20920 Mobile element protein,Unmatched,0,0,0
EIDGHK_20925 Integrin alpha-subunit domain-like proteinue,Unmatched,0,0,0
EIDGHK_20930 Integrin alpha-subunit domain-like proteinue,Unmatched,0,0,0
EIDGHK_20935 Histidine kinase,Unmatched,0,0,0
EIDGHK_20940 Two-component hybrid sensor and regulator,Unmatched,0,0,0
EIDGHK_20945 Alkaline phosphatase,Unmatched,0,0,0
EIDGHK_20950 hypothetical protein,Unmatched,0,0,0
EIDGHK_20955 Homoserine O-acetyltransferase,Unmatched,0,0,0
EIDGHK_20960 glycolate oxidase subunit GlcD,Unmatched,0,0,0
EIDGHK_20965 hypothetical protein,Unmatched,0,0,0
EIDGHK_20970 amidase,Unmatched,0,0,0
EIDGHK_20975 DNA-binding response regulator,Unmatched,0,0,0
EIDGHK_20980 histidine kinase,Unmatched,0,0,0
EIDGHK_20985 phosphate signaling complex protein PhoU,Unmatched,0,0,0
EIDGHK_20990 peptide ABC transporter permease,Unmatched,0,0,0
EIDGHK_20995 hypothetical protein,Unmatched,0,0,0
EIDGHK_21000 NAD(P)H-quinone oxidoreductase subunit N,Unmatched,0,0,0
EIDGHK_21005 glutamate--tRNA ligase,Unmatched,0,0,0
EIDGHK_21010 ATP-dependent 6-phosphofructokinase,Unmatched,0,0,0
EIDGHK_21015 DNA modification methylase,Unmatched,0,0,0
EIDGHK_21020 AvaI restriction endonuclease-homolog,Unmatched,0,0,0
EIDGHK_21025 hypothetical protein,Unmatched,0,0,0
EIDGHK_21030 PINc domain-containing protein,Unmatched,0,0,0
EIDGHK_21035 PEP-CTERM domain-containing protein,Unmatched,0,0,0
EIDGHK_21040 Putative PANL11,Unmatched,0,0,0
EIDGHK_21045 hypothetical protein,Unmatched,0,0,0
EIDGHK_21050 Type-2 restriction enzyme BsoBI,Unmatched,0,0,0
EIDGHK_21055 Holliday junction branch migration DNA helicase RuvB,Unmatched,0,0,0
EIDGHK_21060 Imidazole glycerol phosphate synthase subunit HisF,Unmatched,0,0,0
EIDGHK_21065 hypothetical protein,Unmatched,0,0,0
EIDGHK_21070 tRNA-Ala(ggc),Unmatched,0,0,0
EIDGHK_21075 AI-2E family transporter,Unmatched,0,0,0
EIDGHK_21080 ribonuclease H,Unmatched,0,0,0
EIDGHK_21085 hypothetical protein,Unmatched,0,0,0
EIDGHK_21090 (Fe-S)-binding protein,Unmatched,0,0,0
EIDGHK_21095 Endonuclease NucS,Unmatched,0,0,0
EIDGHK_21100 MFS transporter,Unmatched,0,0,0
EIDGHK_21105 Bacterial small signal recognition particle RNA,Unmatched,0,0,0
EIDGHK_21110 DUF58 domain-containing protein,Unmatched,0,0,0
EIDGHK_21115 long-chain acyl-[acyl-carrier-protein] reductase,Unmatched,0,0,0
EIDGHK_21120 aldehyde oxygenase (deformylating),Unmatched,0,0,0
EIDGHK_21125 LysR family transcriptional regulator,Unmatched,0,0,0
EIDGHK_21130 transporter,Unmatched,0,0,0
EIDGHK_21135 DUF202 domain-containing protein,Unmatched,0,0,0
EIDGHK_21140 sulfite exporter TauE/SafE family protein,Unmatched,0,0,0
EIDGHK_21145 sulfate ABC transporter ATP-binding protein,Unmatched,0,0,0
EIDGHK_21150 hypothetical protein,Unmatched,0,0,0
EIDGHK_21155 pentapeptide repeat-containing protein,Unmatched,0,0,0
EIDGHK_21160 glucose-1-phosphate cytidylyltransferase,Unmatched,0,0,0
EIDGHK_21165 citrate synthase,Unmatched,0,0,0
EIDGHK_21170 peptide ABC transporter substrate-binding protein,Unmatched,0,0,0
EIDGHK_21175 glycosyl transferase family 1,Unmatched,0,0,0
EIDGHK_21180 hypothetical protein,Unmatched,0,0,0
EIDGHK_21185 hypothetical protein,Unmatched,0,0,0
EIDGHK_21190 hypothetical protein,Unmatched,0,0,0
EIDGHK_21195 Putative restriction endonuclease,Unmatched,0,0,0
EIDGHK_21200 photosystem II q(b) protein,Unmatched,0,0,0
EIDGHK_21205 hypothetical protein,Unmatched,0,0,0
EIDGHK_21210 ABM domain-containing protein,Unmatched,0,0,0
EIDGHK_21215 iron-sulfur cluster assembly accessory protein,Unmatched,0,0,0
EIDGHK_21220 phospho-N-acetylmuramoyl-pentapeptide-transferase,Unmatched,0,0,0
EIDGHK_21225 DUF3134 domain-containing protein,Unmatched,0,0,0
EIDGHK_21230 8-oxo-dGTP diphosphatase MutT,Unmatched,0,0,0
EIDGHK_21235 30S ribosomal protein PSRP-3,Unmatched,0,0,0
EIDGHK_21240 ATP synthase F1 subunit epsilon,Unmatched,0,0,0
EIDGHK_21245 F0F1 ATP synthase subunit beta,Unmatched,0,0,0
EIDGHK_21250 hypothetical protein,Unmatched,0,0,0
EIDGHK_21255 chaperone protein ClpB,Unmatched,0,0,0
EIDGHK_21260 branched-chain amino acid ABC transporter permease,Unmatched,0,0,0
EIDGHK_21265 hypothetical protein,Unmatched,0,0,0
EIDGHK_21270 Putative manganese efflux pump,Unmatched,0,0,0
EIDGHK_21275 7-cyano-7-deazaguanine synthase QueC,Unmatched,0,0,0
EIDGHK_21280 aspartyl protease,Unmatched,0,0,0
EIDGHK_21285 hypothetical protein,Unmatched,0,0,0
EIDGHK_21290 7-carboxy-7-deazaguanine synthase QueE,Unmatched,0,0,0
EIDGHK_21295 Ycf51 family protein,Unmatched,0,0,0
EIDGHK_21300 oxidoreductase,Unmatched,0,0,0
EIDGHK_21305 type II toxin-antitoxin system HigB family toxin,Unmatched,0,0,0
EIDGHK_21310 hypothetical protein,Unmatched,0,0,0
EIDGHK_21315 hypothetical protein,Unmatched,0,0,0
EIDGHK_21320 Gal-mutarotas-2 domain-containing protein,Unmatched,0,0,0
EIDGHK_21325 Sigma70-r4-2 domain-containing protein,Unmatched,0,0,0
EIDGHK_21330 hypothetical protein,Unmatched,0,0,0
EIDGHK_21335 HTH-33 domain-containing protein,Unmatched,0,0,0
EIDGHK_21340 DDE-3 domain-containing protein,Unmatched,0,0,0
EIDGHK_21345 transporter,Unmatched,0,0,0
"EIDGHK_21350 signal transduction histidine kinase (STHK), LytS",Unmatched,0,0,0
EIDGHK_21355 sterol C5-desaturase,Unmatched,0,0,0
EIDGHK_21360 NTPase (NACHT family),Unmatched,0,0,0
EIDGHK_21365 B12-binding domain-containing radical SAM protein,Unmatched,0,0,0
EIDGHK_21370 RRXRR domain-containing protein,Unmatched,0,0,0
EIDGHK_21375 hypothetical protein,Unmatched,0,0,0
EIDGHK_21380 transglutaminase family protein,Unmatched,0,0,0
"EIDGHK_21385 Glycosyl-4,4'-diaponeurosporenoate acyltransferase",Unmatched,0,0,0
EIDGHK_21390 glycosyl transferase family 2,Unmatched,0,0,0
EIDGHK_21395 hypothetical protein,Unmatched,0,0,0
EIDGHK_21400 Site-specific DNA-methyltransferase (adenine-specific),Unmatched,0,0,0
EIDGHK_21415 hypothetical protein,Unmatched,0,0,0
EIDGHK_21425 DUF3747 domain-containing protein,Unmatched,0,0,0
EIDGHK_21430 peptide chain release factor 2,Unmatched,0,0,0
EIDGHK_21435 cytochrome-c oxidase,Unmatched,0,0,0
EIDGHK_21440 ferrochelatase,Unmatched,0,0,0
EIDGHK_21445 SAM-dependent methyltransferase,Unmatched,0,0,0
EIDGHK_21450 YqeG family HAD IIIA-type phosphatase,Unmatched,0,0,0
"EIDGHK_21455 ECF-type riboflavin transporter, S component",Unmatched,0,0,0
EIDGHK_21460 hypothetical protein,Unmatched,0,0,0
EIDGHK_21465 ketol-acid reductoisomerase,Unmatched,0,0,0
EIDGHK_21470 TPR repeat,Unmatched,0,0,0
EIDGHK_21475 Cell division protein FtsA,Unmatched,0,0,0
EIDGHK_21480 Type IV pilus biogenesis protein PilN,Unmatched,0,0,0
EIDGHK_21485 Type IV pilus biogenesis protein PilO,Unmatched,0,0,0
EIDGHK_21490 pilus assembly protein,Unmatched,0,0,0
EIDGHK_21495 LD-carboxypeptidase,Unmatched,0,0,0
EIDGHK_21500 DUF2949 domain-containing protein,Unmatched,0,0,0
"EIDGHK_21505 Uncharacterized ACR, COG1430",Unmatched,0,0,0
EIDGHK_21510 cytochrome B6,Unmatched,0,0,0
EIDGHK_21515 photosystem II reaction center protein Psb28,Unmatched,0,0,0
EIDGHK_21520 epimerase,Unmatched,0,0,0
EIDGHK_21525 GUN4 domain-containing protein,Unmatched,0,0,0
EIDGHK_21530 diaminopimelate decarboxylase,Unmatched,0,0,0
EIDGHK_21535 diadenylate cyclase CdaA,Unmatched,0,0,0
EIDGHK_21540 isoprenyl transferase,Unmatched,0,0,0
EIDGHK_21545 hypothetical protein,Unmatched,0,0,0
EIDGHK_21550 peptide-methionine (R)-S-oxide reductase,Unmatched,0,0,0
EIDGHK_21555 photosystem I reaction center subunit XII,Unmatched,0,0,0
EIDGHK_21560 allophycocyanin subunit beta,Unmatched,0,0,0
EIDGHK_21565 Allophycocyanin alpha chain,Unmatched,0,0,0
EIDGHK_21570 Holliday junction branch migration protein RuvA,Unmatched,0,0,0
EIDGHK_21575 site-2 protease family protein,Unmatched,0,0,0
EIDGHK_21580 polyamine ABC transporter substrate-binding protein,Unmatched,0,0,0
EIDGHK_21585 peptidase S51,Unmatched,0,0,0
EIDGHK_21590 Chromophore lyase CpcT/CpeT 2,Unmatched,0,0,0
EIDGHK_21595 hypothetical protein,Unmatched,0,0,0
EIDGHK_21600 hypothetical protein,Unmatched,0,0,0
EIDGHK_21605 sodium:solute symporter,Unmatched,0,0,0
EIDGHK_21610 cyanase,Unmatched,0,0,0
EIDGHK_21615 hypothetical protein,Unmatched,0,0,0
EIDGHK_21620 pyridoxamine 5'-phosphate oxidase,Unmatched,0,0,0
EIDGHK_21625 segregation/condensation protein A,Unmatched,0,0,0
EIDGHK_21630 DNA methylase,Unmatched,0,0,0
EIDGHK_21635 hypothetical protein,Unmatched,0,0,0
EIDGHK_21640 tRNA adenosine(34) deaminase TadA,Unmatched,0,0,0
EIDGHK_21645 glutaredoxin 3,Unmatched,0,0,0
EIDGHK_21650 5-formyltetrahydrofolate cyclo-ligase,Unmatched,0,0,0
EIDGHK_21655 hypothetical protein,Unmatched,0,0,0
EIDGHK_21660 aldo/keto reductase,Unmatched,0,0,0
EIDGHK_21665 hypothetical protein,Unmatched,0,0,0
EIDGHK_21670 N-acetylglucosamine-6-phosphate deacetylase,Unmatched,0,0,0
EIDGHK_21675 serine/threonine protein phosphatase,Unmatched,0,0,0
EIDGHK_21680 Transglutaminase-like superfamily,Unmatched,0,0,0
EIDGHK_21685 VOC family protein,Unmatched,0,0,0
EIDGHK_21690 TspO/MBR family,Unmatched,0,0,0
EIDGHK_21695 3-hydroxyacyl-ACP dehydratase FabZ,Unmatched,0,0,0
EIDGHK_21700 sporulation protein,Unmatched,0,0,0
EIDGHK_21705 Coenzyme Q (ubiquinone) biosynthesis protein Coq4,Unmatched,0,0,0
EIDGHK_21710 hypothetical protein,Unmatched,0,0,0
"EIDGHK_21715 addiction module toxin, HicA family",Unmatched,0,0,0
EIDGHK_21720 Similarity,Unmatched,0,0,0
EIDGHK_21725 type II toxin-antitoxin system RelE/ParE family toxin,Unmatched,0,0,0
EIDGHK_21730 hypothetical protein,Unmatched,0,0,0
EIDGHK_21735 hypothetical protein,Unmatched,0,0,0
EIDGHK_21740 Prepilin-type N-terminal cleavage/methylation domain-containing protein,Unmatched,0,0,0
"EIDGHK_21745 putative toxin-antitoxin system toxin component, PIN family",Unmatched,0,0,0
EIDGHK_21750 Similar to tr|P73252|P73252,Unmatched,0,0,0
EIDGHK_21755 DUF3352 domain-containing protein,Unmatched,0,0,0
EIDGHK_21760 Cytochrome c6,Unmatched,0,0,0
EIDGHK_21765 plastocyanin,Unmatched,0,0,0
EIDGHK_21770 succinate dehydrogenase/fumarate reductase flavoprotein subunit,Unmatched,0,0,0
EIDGHK_21775 tRNA-fMet(cat),Unmatched,0,0,0
EIDGHK_21780 hypothetical protein,Unmatched,0,0,0
EIDGHK_21785 GUN4 domain-containing protein,Unmatched,0,0,0
EIDGHK_21790 carbon dioxide transporter,Unmatched,0,0,0
EIDGHK_21795 DUF1823 domain-containing protein,Unmatched,0,0,0
EIDGHK_21800 EamA family transporter,Unmatched,0,0,0
EIDGHK_21805 Type 4 pilin-like protein,Unmatched,0,0,0
EIDGHK_21810 Prepilin-type family protein,Unmatched,0,0,0
EIDGHK_21815 hypothetical protein,Unmatched,0,0,0
EIDGHK_21820 Hsp33 family molecular chaperone HslO,Unmatched,0,0,0
EIDGHK_21825 Chromosome segregation ATPase,Unmatched,0,0,0
"EIDGHK_21830 precorrin-6Y C5,15-methyltransferase subunit CbiT",Unmatched,0,0,0
EIDGHK_21835 phosphatidate cytidylyltransferase,Unmatched,0,0,0
EIDGHK_21840 uroporphyrinogen-III C-methyltransferase,Unmatched,0,0,0