Query_Name,Reference_Name,Identity_Score,Query_Coverage,Query_Length
HENFNN_00005 hypothetical protein,Unmatched,0,0,0
HENFNN_00010 hypothetical protein,Unmatched,0,0,0
HENFNN_00015 hypothetical protein,Unmatched,0,0,0
HENFNN_00020 hypothetical protein,Unmatched,0,0,0
HENFNN_00025 hypothetical protein,Unmatched,0,0,0
HENFNN_00030 hypothetical protein,Unmatched,0,0,0
HENFNN_00035 GxxExxY protein,Unmatched,0,0,0
HENFNN_00040 glycogen phosphorylase,Unmatched,0,0,0
HENFNN_00045 RNA-binding protein,Unmatched,0,0,0
HENFNN_00050 hypothetical protein,Unmatched,0,0,0
HENFNN_00055 hypothetical protein,Unmatched,0,0,0
HENFNN_00060 bifunctional acetaldehyde-CoA/alcohol dehydrogenase,Unmatched,0,0,0
HENFNN_00065 DUF4914 domain-containing protein,Unmatched,0,0,0
HENFNN_00070 hypothetical protein,Unmatched,0,0,0
HENFNN_00075 hypothetical protein,Unmatched,0,0,0
HENFNN_00080 DUF4090 domain-containing protein,Unmatched,0,0,0
HENFNN_00085 CopY family transcriptional regulator,Unmatched,0,0,0
HENFNN_00090 Zn-dependent protease with chaperone function,Unmatched,0,0,0
HENFNN_00095 thioredoxin-dependent thiol peroxidase,Unmatched,0,0,0
HENFNN_00100 30S ribosomal protein S2,Unmatched,0,0,0
HENFNN_00105 translation elongation factor Ts,Unmatched,0,0,0
HENFNN_00110 squalene--hopene cyclase,Unmatched,0,0,0
"HENFNN_00115 Antitoxin component HigA of the HigAB toxin-antitoxin module, contains an N-terminal HTH domain",Unmatched,0,0,0
HENFNN_00120 glycosyltransferase,Unmatched,0,0,0
HENFNN_00125 DUF3007 domain-containing protein,Unmatched,0,0,0
HENFNN_00130 NAD(P)H-quinone oxidoreductase subunit L,Unmatched,0,0,0
HENFNN_00135 tRNA-Leu(taa),Unmatched,0,0,0
HENFNN_00140 carotenoid oxygenase,Unmatched,0,0,0
HENFNN_00145 tRNA epoxyqueuosine(34) reductase QueG,Unmatched,0,0,0
HENFNN_00150 hypothetical protein,Unmatched,0,0,0
HENFNN_00155 dihydrolipoyl dehydrogenase,Unmatched,0,0,0
HENFNN_00160 hypothetical protein,Unmatched,0,0,0
HENFNN_00165 XRE family transcriptional regulator,Unmatched,0,0,0
HENFNN_00170 iron-regulated protein,Unmatched,0,0,0
HENFNN_00175 ABC transporter ATP-binding protein,Unmatched,0,0,0
HENFNN_00180 MCE family protein,Unmatched,0,0,0
HENFNN_00185 DUF5615 domain-containing protein,Unmatched,0,0,0
HENFNN_00190 hypothetical protein,Unmatched,0,0,0
HENFNN_00195 DUF642 domain-containing protein,Unmatched,0,0,0
HENFNN_00200 DUF29 family protein,Unmatched,0,0,0
HENFNN_00205 recombination protein F,Unmatched,0,0,0
HENFNN_00210 DUF3226 domain-containing protein,Unmatched,0,0,0
HENFNN_00215 sugar transferase,Unmatched,0,0,0
HENFNN_00220 Nodulation protein Z (NodZ),Unmatched,0,0,0
"HENFNN_00225 Glucose/arabinose dehydrogenase, beta-propeller fold",Unmatched,0,0,0
HENFNN_00230 transposase,Unmatched,0,0,0
HENFNN_00235 hypothetical protein,Unmatched,0,0,0
HENFNN_00240 hypothetical protein,Unmatched,0,0,0
HENFNN_00245 hypothetical protein,Unmatched,0,0,0
HENFNN_00250 DUF4115 domain-containing protein,Unmatched,0,0,0
HENFNN_00255 pseudouridine synthase,Unmatched,0,0,0
HENFNN_00260 hypothetical protein,Unmatched,0,0,0
HENFNN_00265 nucleic acid-binding protein,Unmatched,0,0,0
HENFNN_00270 hypothetical protein,Unmatched,0,0,0
HENFNN_00275 Membrane-associated protein containing RNA-binding TRAM domain and ribonuclease PIN-domain YacL,Unmatched,0,0,0
HENFNN_00280 hypothetical protein,Unmatched,0,0,0
HENFNN_00285 hypothetical protein,Unmatched,0,0,0
HENFNN_00290 hypothetical protein,Unmatched,0,0,0
"HENFNN_00295 calcium-translocating P-type ATPase, PMCA-type",Unmatched,0,0,0
HENFNN_00300 hybrid sensor histidine kinase/response regulator,Unmatched,0,0,0
HENFNN_00305 DUF4164 domain-containing protein,Unmatched,0,0,0
HENFNN_00310 Bacterial cell division membrane protein,Unmatched,0,0,0
HENFNN_00315 hypothetical protein,Unmatched,0,0,0
HENFNN_00320 peptidase M42,Unmatched,0,0,0
HENFNN_00325 trans-splicing intein-formed DNA polymerase III subunit alpha C-terminal partner DnaE-C,Unmatched,0,0,0
HENFNN_00330 hypothetical protein,Unmatched,0,0,0
HENFNN_00335 IsmA protein,Unmatched,0,0,0
HENFNN_00340 Gas vesicle structural protein,Unmatched,0,0,0
HENFNN_00345 Gas vesicle structural protein,Unmatched,0,0,0
HENFNN_00350 hypothetical protein,Unmatched,0,0,0
HENFNN_00355 gas vesicle protein GvpN,Unmatched,0,0,0
HENFNN_00360 gas vesicle protein,Unmatched,0,0,0
HENFNN_00365 hypothetical protein,Unmatched,0,0,0
HENFNN_00370 gas vesicle protein K,Unmatched,0,0,0
HENFNN_00375 protein gvpF/L,Unmatched,0,0,0
HENFNN_00380 gas vesicle protein GvpG,Unmatched,0,0,0
HENFNN_00385 gas vesicle protein,Unmatched,0,0,0
HENFNN_00390 gas vesicle protein,Unmatched,0,0,0
HENFNN_00395 arsenic transporter,Unmatched,0,0,0
HENFNN_00400 AAA family ATPase,Unmatched,0,0,0
HENFNN_00405 MFS transporter,Unmatched,0,0,0
HENFNN_00410 glycosyl transferase group 1,Unmatched,0,0,0
HENFNN_00415 glutaminase A,Unmatched,0,0,0
HENFNN_00420 Cyano-1 RNA,Unmatched,0,0,0
HENFNN_00425 gas vesicle protein,Unmatched,0,0,0
HENFNN_00430 DUF948 domain-containing protein,Unmatched,0,0,0
HENFNN_00435 photosystem II q(b) protein,Unmatched,0,0,0
HENFNN_00440 hypothetical protein,Unmatched,0,0,0
HENFNN_00445 DUF5615 domain-containing protein,Unmatched,0,0,0
"HENFNN_00450 mRNA-degrading endonuclease MazF, toxin component of the MazEF toxin-antitoxin module",Unmatched,0,0,0
HENFNN_00455 Endo/exonuclease/phosphatase domain-containing protein,Unmatched,0,0,0
HENFNN_00460 CopG family transcriptional regulator,ctg5_4_RRE-containing_23_0,99.61,100,255
HENFNN_00465 hypothetical protein,Unmatched,0,0,0
HENFNN_00470 hypothetical protein,Unmatched,0,0,0
HENFNN_00475 hypothetical protein,Unmatched,0,0,0
HENFNN_00480 hypothetical protein,Unmatched,0,0,0
HENFNN_00485 glycerol acyltransferase,Unmatched,0,0,0
HENFNN_00490 3-oxoacyl-[acyl-carrier-protein] reductase,Unmatched,0,0,0
HENFNN_00495 peptidase,Unmatched,0,0,0
HENFNN_00500 sulfite exporter TauE/SafE family protein,Unmatched,0,0,0
"HENFNN_00505 Zn-dependent protease, containings TPR repeats",Unmatched,0,0,0
HENFNN_00510 tRNA-Leu(caa),Unmatched,0,0,0
HENFNN_00515 DUF5615 domain-containing protein,Unmatched,0,0,0
HENFNN_00520 Programmed cell death antitoxin MazE,Unmatched,0,0,0
HENFNN_00525 PIN domain nuclease,Unmatched,0,0,0
HENFNN_00530 DNA (cytosine-5-)-methyltransferase,Unmatched,0,0,0
HENFNN_00535 hypothetical protein,Unmatched,0,0,0
HENFNN_00540 Metalloprotease slr1322,Unmatched,0,0,0
HENFNN_00545 DUF456 domain-containing protein,Unmatched,0,0,0
HENFNN_00550 peptidase C69,Unmatched,0,0,0
HENFNN_00555 DUF29 domain-containing protein,Unmatched,0,0,0
HENFNN_00560 Serine/threonine-protein kinase B,Unmatched,0,0,0
HENFNN_00565 arsenosugar biosynthesis radical SAM protein ArsS,Unmatched,0,0,0
HENFNN_00570 arsenosugar biosynthesis arsenite methyltransferase ArsM,Unmatched,0,0,0
HENFNN_00575 Uma2 domain-containing protein,Unmatched,0,0,0
HENFNN_00580 ABC transporter substrate-binding protein,Unmatched,0,0,0
HENFNN_00585 polar amino acid ABC transporter ATP-binding protein,Unmatched,0,0,0
HENFNN_00590 hypothetical protein,ctg71_3_T1PKS_51_0,95.96,100,396
HENFNN_00595 AAA family ATPase,ctg71_4_T1PKS_51_0,97.22,100,1512
HENFNN_00600 DUF1257 domain-containing protein,ctg71_5_T1PKS_51_0,99.15,81.38,435
HENFNN_00605 SAM-dependent methyltransferase,ctg71_6_T1PKS_51_0,98.32,99.85,657
HENFNN_00610 hypothetical protein,Unmatched,0,0,0
HENFNN_00615 hypothetical protein,Unmatched,0,0,0
HENFNN_00620 hypothetical protein,Unmatched,0,0,0
HENFNN_00625 Transcriptional regulator,Unmatched,0,0,0
HENFNN_00630 sulfite oxidase-like oxidoreductase,Unmatched,0,0,0
HENFNN_00635 50S ribosomal protein L32,Unmatched,0,0,0
HENFNN_00640 magnesium-protoporphyrin IX monomethyl ester (oxidative) cyclase,Unmatched,0,0,0
HENFNN_00645 peptidase M48,Unmatched,0,0,0
HENFNN_00650 DUF4164 domain-containing protein,Unmatched,0,0,0
HENFNN_00655 Phosphomannomutase,Unmatched,0,0,0
HENFNN_00660 DUF4164 domain-containing protein,Unmatched,0,0,0
HENFNN_00665 DUF4164 domain-containing protein,Unmatched,0,0,0
HENFNN_00670 hypothetical protein,Unmatched,0,0,0
HENFNN_00675 hypothetical protein,Unmatched,0,0,0
HENFNN_00680 aminotransferase,Unmatched,0,0,0
HENFNN_00685 indole-3-glycerol phosphate synthase TrpC,Unmatched,0,0,0
HENFNN_00690 oxidoreductase,Unmatched,0,0,0
HENFNN_00695 DNA ligase,Unmatched,0,0,0
HENFNN_00700 DUF3782 domain-containing protein,Unmatched,0,0,0
HENFNN_00705 Slr0038 protein,Unmatched,0,0,0
HENFNN_00710 Uncharacterized protein slr0039,Unmatched,0,0,0
HENFNN_00715 long-chain fatty acid--CoA ligase,Unmatched,0,0,0
HENFNN_00720 prevent-host-death protein,Unmatched,0,0,0
HENFNN_00725 Txe/YoeB family addiction module toxin,Unmatched,0,0,0
HENFNN_00730 PEP-CTERM sorting domain-containing protein,Unmatched,0,0,0
HENFNN_00735 hypothetical protein,Unmatched,0,0,0
HENFNN_00740 HigA family addiction module antitoxin,Unmatched,0,0,0
HENFNN_00745 plasmid maintenance system killer protein,Unmatched,0,0,0
HENFNN_00750 tRNA adenosine(34) deaminase TadA,Unmatched,0,0,0
HENFNN_00755 glutaredoxin 3,Unmatched,0,0,0
HENFNN_00760 5-formyltetrahydrofolate cyclo-ligase,Unmatched,0,0,0
HENFNN_00765 hypothetical protein,Unmatched,0,0,0
HENFNN_00770 aldo/keto reductase,Unmatched,0,0,0
HENFNN_00775 hypothetical protein,Unmatched,0,0,0
HENFNN_00780 N-acetylglucosamine-6-phosphate deacetylase,Unmatched,0,0,0
HENFNN_00785 serine/threonine protein phosphatase,Unmatched,0,0,0
HENFNN_00790 Transglutaminase-like superfamily,Unmatched,0,0,0
HENFNN_00795 VOC family protein,Unmatched,0,0,0
HENFNN_00800 TspO/MBR family,Unmatched,0,0,0
HENFNN_00805 3-hydroxyacyl-ACP dehydratase FabZ,Unmatched,0,0,0
HENFNN_00810 sporulation protein,Unmatched,0,0,0
HENFNN_00815 Coenzyme Q (ubiquinone) biosynthesis protein Coq4,Unmatched,0,0,0
HENFNN_00820 YiaAB domain-containing protein,Unmatched,0,0,0
HENFNN_00825 hypothetical protein,Unmatched,0,0,0
HENFNN_00830 ATPase,Unmatched,0,0,0
HENFNN_00835 DNA (cytosine-5-)-methyltransferase,Unmatched,0,0,0
HENFNN_00840 restriction endonuclease subunit R,Unmatched,0,0,0
HENFNN_00845 primosomal protein,Unmatched,0,0,0
HENFNN_00850 EVE domain-containing protein,Unmatched,0,0,0
HENFNN_00855 two-component sensor histidine kinase,Unmatched,0,0,0
HENFNN_00860 tRNA-Glu(ttc),Unmatched,0,0,0
HENFNN_00865 hypothetical protein,Unmatched,0,0,0
HENFNN_00870 sugar transferase,Unmatched,0,0,0
HENFNN_00875 mannose-6-phosphate isomerase,Unmatched,0,0,0
HENFNN_00880 Asp-tRNA(Asn)/Glu-tRNA(Gln) amidotransferase subunit GatC,Unmatched,0,0,0
HENFNN_00885 photosystem I assembly protein Ycf3,Unmatched,0,0,0
HENFNN_00890 hypothetical protein,Unmatched,0,0,0
HENFNN_00895 family 2 glycosyl transferase,Unmatched,0,0,0
HENFNN_00900 hypothetical protein,Unmatched,0,0,0
HENFNN_00905 phosphoglucosamine mutase,Unmatched,0,0,0
HENFNN_00910 hypothetical protein,Unmatched,0,0,0
HENFNN_00915 M48 family peptidase,Unmatched,0,0,0
HENFNN_00920 2-succinylbenzoate-CoA ligase,Unmatched,0,0,0
HENFNN_00925 o-succinylbenzoate synthase,Unmatched,0,0,0
HENFNN_00930 hypothetical protein,ctg36_2_NRPS-like_34_0,91.37,71.38,552
HENFNN_00935 hypothetical protein,Unmatched,0,0,0
HENFNN_00940 Glycogen phosphorylase,Unmatched,0,0,0
HENFNN_00945 16S rRNA (cytosine(1402)-N(4))-methyltransferase RsmH,Unmatched,0,0,0
"HENFNN_00950 threonine ammonia-lyase, biosynthetic",Unmatched,0,0,0
HENFNN_00955 RHH-1 domain-containing protein,Unmatched,0,0,0
HENFNN_00960 DUF29 domain-containing protein,Unmatched,0,0,0
HENFNN_00965 DEAD/DEAH box helicase,Unmatched,0,0,0
HENFNN_00970 hypothetical protein,Unmatched,0,0,0
HENFNN_00975 hypothetical protein,Unmatched,0,0,0
HENFNN_00980 HTH-11 domain-containing protein,Unmatched,0,0,0
HENFNN_00985 hypothetical protein,Unmatched,0,0,0
HENFNN_00990 hypothetical protein,Unmatched,0,0,0
HENFNN_00995 AAA domain-containing protein,Unmatched,0,0,0
HENFNN_01000 Metal-dependent hydrolase,Unmatched,0,0,0
HENFNN_01005 hypothetical protein,Unmatched,0,0,0
HENFNN_01010 PINc domain-containing protein,Unmatched,0,0,0
HENFNN_01015 hypothetical protein,Unmatched,0,0,0
HENFNN_01020 Type II restriction enzyme AvaI,Unmatched,0,0,0
HENFNN_01025 DNA modification methylase,Unmatched,0,0,0
HENFNN_01030 ATP-dependent 6-phosphofructokinase,Unmatched,0,0,0
HENFNN_01035 hypothetical protein,Unmatched,0,0,0
HENFNN_01040 glutamate--tRNA ligase,Unmatched,0,0,0
HENFNN_01045 NAD(P)H-quinone oxidoreductase subunit N,Unmatched,0,0,0
HENFNN_01050 hypothetical protein,Unmatched,0,0,0
HENFNN_01055 peptide ABC transporter permease,Unmatched,0,0,0
HENFNN_01060 phosphate signaling complex protein PhoU,Unmatched,0,0,0
HENFNN_01065 histidine kinase,Unmatched,0,0,0
HENFNN_01070 DNA-binding response regulator,Unmatched,0,0,0
HENFNN_01075 amidase,Unmatched,0,0,0
HENFNN_01080 hypothetical protein,Unmatched,0,0,0
HENFNN_01085 glycolate oxidase subunit GlcD,Unmatched,0,0,0
HENFNN_01090 2'-5' RNA ligase,Unmatched,0,0,0
HENFNN_01095 YCII domain-containing protein,Unmatched,0,0,0
HENFNN_01100 translation initiation factor IF-1,Unmatched,0,0,0
HENFNN_01105 50S ribosomal protein L36,Unmatched,0,0,0
HENFNN_01110 30S ribosomal protein S13,Unmatched,0,0,0
HENFNN_01115 30S ribosomal protein S11,Unmatched,0,0,0
HENFNN_01120 DNA-directed RNA polymerase subunit alpha,Unmatched,0,0,0
HENFNN_01125 50S ribosomal protein L17,Unmatched,0,0,0
HENFNN_01130 tRNA pseudouridine(38-40) synthase TruA,Unmatched,0,0,0
HENFNN_01135 50S ribosomal protein L13,Unmatched,0,0,0
HENFNN_01140 30S ribosomal protein S9,Unmatched,0,0,0
HENFNN_01145 50S ribosomal protein L31,Unmatched,0,0,0
HENFNN_01150 hypothetical protein,Unmatched,0,0,0
HENFNN_01155 TM2 domain-containing protein,Unmatched,0,0,0
HENFNN_01160 DNA uptake protein,Unmatched,0,0,0
HENFNN_01165 DNA gyrase subunit A,Unmatched,0,0,0
HENFNN_01170 IS1634 family transposase,Unmatched,0,0,0
HENFNN_01175 Transposase,Unmatched,0,0,0
HENFNN_01180 hypothetical protein,Unmatched,0,0,0
HENFNN_01185 calcium-binding protein,Unmatched,0,0,0
HENFNN_01190 hypothetical protein,Unmatched,0,0,0
HENFNN_01195 hypothetical protein,Unmatched,0,0,0
"HENFNN_01200 putative nucleic acid-binding protein, contains PIN domain",Unmatched,0,0,0
HENFNN_01205 hypothetical protein,Unmatched,0,0,0
HENFNN_01210 hypothetical protein,Unmatched,0,0,0
HENFNN_01215 Putative restriction endonuclease,Unmatched,0,0,0
HENFNN_01220 antitoxin,Unmatched,0,0,0
HENFNN_01225 LeuA allosteric domain protein,Unmatched,0,0,0
HENFNN_01230 hypothetical protein,Unmatched,0,0,0
HENFNN_01235 hypothetical protein,Unmatched,0,0,0
HENFNN_01240 peptidase A2,Unmatched,0,0,0
HENFNN_01245 hypothetical protein,Unmatched,0,0,0
HENFNN_01250 nicotinate-nucleotide adenylyltransferase,Unmatched,0,0,0
HENFNN_01255 NUDIX hydrolase,Unmatched,0,0,0
HENFNN_01260 NAD+ synthase,Unmatched,0,0,0
HENFNN_01265 folate-binding protein YgfZ,Unmatched,0,0,0
HENFNN_01270 hypothetical protein,Unmatched,0,0,0
HENFNN_01275 type I glyceraldehyde-3-phosphate dehydrogenase,Unmatched,0,0,0
HENFNN_01280 phosphoketolase,Unmatched,0,0,0
HENFNN_01285 twitching motility protein PilT,Unmatched,0,0,0
HENFNN_01290 hypothetical protein,Unmatched,0,0,0
HENFNN_01295 hypothetical protein,Unmatched,0,0,0
HENFNN_01300 hypothetical protein,Unmatched,0,0,0
HENFNN_01305 hypothetical protein,Unmatched,0,0,0
HENFNN_01310 hypothetical protein,Unmatched,0,0,0
HENFNN_01315 hypothetical protein,Unmatched,0,0,0
HENFNN_01320 tRNA-Ser(cga),Unmatched,0,0,0
HENFNN_01325 homogentisate phytyltransferase,Unmatched,0,0,0
HENFNN_01330 Similarity,Unmatched,0,0,0
HENFNN_01335 HigA family addiction module antitoxin,Unmatched,0,0,0
HENFNN_01340 ATP-dependent RecD-like DNA helicase,Unmatched,0,0,0
HENFNN_01345 alpha/beta hydrolase,ctg83_18_lanthipeptide_21_0,97.1,88.46,858
HENFNN_01350 hypothetical protein,Unmatched,0,0,0
HENFNN_01355 ATP-dependent protease ATP-binding subunit ClpX,ctg83_19_lanthipeptide_21_0,98.73,100,1335
HENFNN_01360 ATP-dependent Clp endopeptidase proteolytic subunit ClpP,ctg83_20_lanthipeptide_21_0,98.18,85.9,702
HENFNN_01365 trigger factor,ctg83_21_lanthipeptide_21_0,96.26,99.78,1392
HENFNN_01370 aspartate-semialdehyde dehydrogenase,ctg83_22_lanthipeptide_21_0,98.46,100,1038
HENFNN_01375 4-hydroxy-tetrahydrodipicolinate synthase,ctg83_23_lanthipeptide_21_0,96.65,100.11,894
HENFNN_01380 ribonuclease J,ctg83_24_lanthipeptide_21_0,97.83,100,1749
HENFNN_01385 nickel pincer cofactor biosynthesis protein LarB,ctg83_25_lanthipeptide_21_0,98.05,100,771
HENFNN_01390 1-deoxy-D-xylulose-5-phosphate synthase,ctg83_26_lanthipeptide_21_0,97.82,76.77,1911
HENFNN_01395 VapC toxin family PIN domain ribonuclease,Unmatched,0,0,0
HENFNN_01400 DUF2191 domain-containing protein,Unmatched,0,0,0
HENFNN_01405 hypothetical protein,Unmatched,0,0,0
HENFNN_01410 TetR/AcrR family transcriptional regulator,Unmatched,0,0,0
HENFNN_01415 Similarity,Unmatched,0,0,0
HENFNN_01420 DUF433 domain-containing protein,Unmatched,0,0,0
HENFNN_01425 Putative restriction endonuclease,Unmatched,0,0,0
HENFNN_01430 hypothetical protein,Unmatched,0,0,0
HENFNN_01435 Glyco-trans-2-like domain-containing protein,Unmatched,0,0,0
HENFNN_01440 Glycosyl transferase,Unmatched,0,0,0
HENFNN_01445 hypothetical protein,Unmatched,0,0,0
HENFNN_01450 hypothetical protein,Unmatched,0,0,0
HENFNN_01455 Fe2OG dioxygenase domain-containing protein,Unmatched,0,0,0
HENFNN_01460 dTDP-Rha--alpha-D-GlcNAc-pyrophosphate polyprenol alpha-3-L-rhamnosyltransferase,Unmatched,0,0,0
HENFNN_01465 UDP-glucose 4-epimerase,Unmatched,0,0,0
HENFNN_01470 acetyl CoA synthetase subunit alpha,Unmatched,0,0,0
HENFNN_01475 glycine cleavage system protein GcvH,Unmatched,0,0,0
HENFNN_01480 molybdopterin-synthase adenylyltransferase MoeB,Unmatched,0,0,0
HENFNN_01485 hypothetical protein,Unmatched,0,0,0
HENFNN_01490 Trypco1 domain-containing protein,Unmatched,0,0,0
HENFNN_01495 diguanylate cyclase,Unmatched,0,0,0
HENFNN_01500 hypothetical protein,Unmatched,0,0,0
HENFNN_01505 hypothetical protein,Unmatched,0,0,0
HENFNN_01510 fatty-acid synthase,Unmatched,0,0,0
HENFNN_01515 XisI protein,Unmatched,0,0,0
HENFNN_01520 sodium:proton antiporter,Unmatched,0,0,0
HENFNN_01525 amino acid ABC transporter ATP-binding protein,Unmatched,0,0,0
HENFNN_01530 DUF29 domain-containing protein,Unmatched,0,0,0
HENFNN_01535 hypothetical protein,ctg13_3_Cyanobactin_64_0,91.85,92.93,198
HENFNN_01540 Uma2 family endonuclease,ctg13_4_Cyanobactin_64_0,92.7,100.3,669
HENFNN_01545 DUF1997 domain-containing protein,Unmatched,0,0,0
HENFNN_01550 (2Fe-2S)-binding protein,Unmatched,0,0,0
HENFNN_01555 DUF362 domain-containing protein,Unmatched,0,0,0
HENFNN_01560 tRNA dihydrouridine(20/20a) synthase DusA,Unmatched,0,0,0
HENFNN_01565 hypothetical protein,Unmatched,0,0,0
HENFNN_01570 glucose-1-phosphate adenylyltransferase,Unmatched,0,0,0
HENFNN_01575 Patatin-like phospholipase,Unmatched,0,0,0
HENFNN_01580 Tol biopolymer transporter periplasmic protein,Unmatched,0,0,0
HENFNN_01585 biopolymer transporter Tol,Unmatched,0,0,0
HENFNN_01590 Ycf66 protein N-terminus,Unmatched,0,0,0
HENFNN_01595 S-layer protein,Unmatched,0,0,0
HENFNN_01600 pyruvate kinase,Unmatched,0,0,0
HENFNN_01605 phycocyanobilin lyase,Unmatched,0,0,0
HENFNN_01610 Domain of unknown function DUF29,Unmatched,0,0,0
HENFNN_01615 site-specific DNA-methyltransferase,Unmatched,0,0,0
HENFNN_01620 PEP-CTERM sorting domain-containing protein,Unmatched,0,0,0
HENFNN_01625 transposase,Unmatched,0,0,0
HENFNN_01630 DUF262 domain-containing protein,Unmatched,0,0,0
HENFNN_01635 serine protease,Unmatched,0,0,0
HENFNN_01640 DUF1727 domain-containing protein,Unmatched,0,0,0
HENFNN_01645 cobalamin biosynthesis protein CobQ,Unmatched,0,0,0
HENFNN_01650 hypothetical protein,Unmatched,0,0,0
HENFNN_01655 anti-sigma factor,Unmatched,0,0,0
"HENFNN_01660 O-methyltransferase, family 2",Unmatched,0,0,0
HENFNN_01665 Alanine--anticapsin ligase,Unmatched,0,0,0
HENFNN_01670 Coproporphyrinogen III oxidase,Unmatched,0,0,0
HENFNN_01675 Amidohydrolase 2,Unmatched,0,0,0
HENFNN_01680 FAD-dependent pyridine nucleotide-disulfide oxidoreductase,Unmatched,0,0,0
HENFNN_01685 hypothetical protein,Unmatched,0,0,0
HENFNN_01690 NYN domain-containing protein,Unmatched,0,0,0
HENFNN_01695 hypothetical protein,Unmatched,0,0,0
HENFNN_01700 WYL domain-containing protein,Unmatched,0,0,0
HENFNN_01705 hypothetical protein,Unmatched,0,0,0
HENFNN_01710 hypothetical protein,Unmatched,0,0,0
HENFNN_01715 bPH-2 domain-containing protein,Unmatched,0,0,0
HENFNN_01720 hypothetical protein,Unmatched,0,0,0
HENFNN_01725 hypothetical protein,Unmatched,0,0,0
HENFNN_01730 hypothetical protein,Unmatched,0,0,0
HENFNN_01735 VWFA domain-containing protein,Unmatched,0,0,0
HENFNN_01740 hypothetical protein,Unmatched,0,0,0
HENFNN_01745 phosphoenolpyruvate carboxykinase (ATP),Unmatched,0,0,0
HENFNN_01750 hypothetical protein,Unmatched,0,0,0
HENFNN_01755 Radical SAM,Unmatched,0,0,0
HENFNN_01760 urease accessory protein UreJ,Unmatched,0,0,0
HENFNN_01765 SAM-dependent methyltransferase,Unmatched,0,0,0
HENFNN_01770 HcyBio domain-containing protein,Unmatched,0,0,0
HENFNN_01775 hypothetical protein,Unmatched,0,0,0
HENFNN_01780 low-complexity protein,Unmatched,0,0,0
HENFNN_01785 lipoyl(octanoyl) transferase LipB,Unmatched,0,0,0
HENFNN_01790 Domain of unknown function DUF29,Unmatched,0,0,0
HENFNN_01795 flotillin,Unmatched,0,0,0
HENFNN_01800 hypothetical protein,Unmatched,0,0,0
HENFNN_01805 Glyoxalase-like domain protein,Unmatched,0,0,0
HENFNN_01810 DUF4160 domain-containing protein,Unmatched,0,0,0
HENFNN_01815 DUF2442 domain-containing protein,Unmatched,0,0,0
HENFNN_01820 transcriptional regulator,Unmatched,0,0,0
HENFNN_01825 addiction module toxin RelE,Unmatched,0,0,0
HENFNN_01830 hypothetical protein,Unmatched,0,0,0
HENFNN_01835 HicB family protein,Unmatched,0,0,0
HENFNN_01840 YcfA-like protein,Unmatched,0,0,0
HENFNN_01845 hypothetical protein,Unmatched,0,0,0
HENFNN_01850 L-glutamate gamma-semialdehyde dehydrogenase,Unmatched,0,0,0
HENFNN_01855 alpha-D-glucose phosphate-specific phosphoglucomutase,Unmatched,0,0,0
HENFNN_01860 hypothetical protein,Unmatched,0,0,0
HENFNN_01865 phosphohistidine phosphatase SixA,Unmatched,0,0,0
HENFNN_01870 exopolyphosphatase-like protein,Unmatched,0,0,0
HENFNN_01875 aminoacetone oxidase family FAD-binding enzyme,Unmatched,0,0,0
HENFNN_01880 urea ABC transporter ATP-binding subunit UrtE,Unmatched,0,0,0
HENFNN_01885 urea ABC transporter ATP-binding protein UrtD,Unmatched,0,0,0
HENFNN_01890 urea ABC transporter permease subunit UrtC,Unmatched,0,0,0
HENFNN_01895 urea ABC transporter permease subunit UrtB,Unmatched,0,0,0
HENFNN_01900 urea ABC transporter substrate-binding protein,Unmatched,0,0,0
HENFNN_01905 Uncharacterized protein family UPF0016,Unmatched,0,0,0
HENFNN_01910 Uncharacterized protein family UPF0016,Unmatched,0,0,0
HENFNN_01915 VWFA domain-containing protein,Unmatched,0,0,0
HENFNN_01920 glycogen synthase GlgA,Unmatched,0,0,0
HENFNN_01925 NAD(P)H-quinone oxidoreductase subunit M,Unmatched,0,0,0
HENFNN_01930 30S ribosomal protein S15,Unmatched,0,0,0
HENFNN_01935 DUF3464 domain-containing protein,Unmatched,0,0,0
HENFNN_01940 bifunctional 3-deoxy-7-phosphoheptulonate synthase/chorismate mutase,Unmatched,0,0,0
HENFNN_01945 Uma2 family endonuclease,Unmatched,0,0,0
HENFNN_01950 hypothetical protein,Unmatched,0,0,0
HENFNN_01955 RNA-binding protein,Unmatched,0,0,0
HENFNN_01960 membrane protein insertase YidC,Unmatched,0,0,0
HENFNN_01965 ribonuclease P,Unmatched,0,0,0
HENFNN_01970 ribonuclease P protein component,Unmatched,0,0,0
HENFNN_01975 glycogen debranching protein,Unmatched,0,0,0
HENFNN_01980 hydrolase,Unmatched,0,0,0
HENFNN_01985 nucleotide exchange factor GrpE,Unmatched,0,0,0
HENFNN_01990 Type II secretory pathway ATPase GspE/PulE or T4P pilus assembly pathway ATPase PilB,Unmatched,0,0,0
HENFNN_01995 twitching motility protein PilT,Unmatched,0,0,0
HENFNN_02000 pilus assembly protein PilC,Unmatched,0,0,0
HENFNN_02005 Type IV pilin PilA,Unmatched,0,0,0
HENFNN_02010 TIGR03936 family radical SAM-associated protein,Unmatched,0,0,0
HENFNN_02015 TNase-like domain-containing protein,Unmatched,0,0,0
HENFNN_02020 hypothetical protein,Unmatched,0,0,0
HENFNN_02025 hypothetical protein,Unmatched,0,0,0
HENFNN_02030 hypothetical protein,Unmatched,0,0,0
HENFNN_02035 TNase-like domain-containing protein,Unmatched,0,0,0
HENFNN_02040 hypothetical protein,Unmatched,0,0,0
HENFNN_02045 Integrase,Unmatched,0,0,0
HENFNN_02050 DNA-binding domain-containing protein,Unmatched,0,0,0
HENFNN_02055 hypothetical protein,Unmatched,0,0,0
HENFNN_02060 hypothetical protein,Unmatched,0,0,0
HENFNN_02065 type II 3-dehydroquinate dehydratase,Unmatched,0,0,0
HENFNN_02070 hypothetical protein,Unmatched,0,0,0
HENFNN_02075 UMP kinase,Unmatched,0,0,0
HENFNN_02080 ribosome recycling factor,Unmatched,0,0,0
HENFNN_02085 TPR repeat protein,Unmatched,0,0,0
HENFNN_02090 Fe(3+) ABC transporter substrate-binding protein,Unmatched,0,0,0
HENFNN_02095 SAM-dependent methyltransferase,Unmatched,0,0,0
HENFNN_02100 type I DNA topoisomerase,Unmatched,0,0,0
HENFNN_02105 SWIM-type domain-containing protein,Unmatched,0,0,0
HENFNN_02110 peptide synthetase,"ACM68682.1_aerA_MicrocystisaeruginosaNIES-98_aeruginosin98-A,aeruginosin98-B,aeruginosin98-C",96.97,100,4260
HENFNN_02115 Dehydrogenase (flavoprotein),"ACM68683.1_aerJ_MicrocystisaeruginosaNIES-98_aeruginosin98-A,aeruginosin98-B,aeruginosin98-C",97.34,100,1878
HENFNN_02120 non-ribosomal peptide synthetase,"CAJ21198.2_aerB_PlanktothrixagardhiiNIVA-CYA126_aeruginoside126A,aeruginoside126B",80.81,100.96,4773
HENFNN_02125 type 2 isopentenyl-diphosphate Delta-isomerase,"ACM68685.1_aerK_MicrocystisaeruginosaNIES-98_aeruginosin98-A,aeruginosin98-B,aeruginosin98-C",100,100,1044
HENFNN_02130 bacilysin biosynthesis protein BacA,"ACM68686.1_aerD_MicrocystisaeruginosaNIES-98_aeruginosin98-A,aeruginosin98-B,aeruginosin98-C",99.51,94.04,654
HENFNN_02135 cupin domain-containing protein,"ACM68687.1_aerE_MicrocystisaeruginosaNIES-98_aeruginosin98-A,aeruginosin98-B,aeruginosin98-C",92.19,100,627
HENFNN_02140 short-chain dehydrogenase,"ACM68688.1_aerF_MicrocystisaeruginosaNIES-98_aeruginosin98-A,aeruginosin98-B,aeruginosin98-C",98.63,100,801
HENFNN_02145 AerL protein,"ACM68689.1_aerL_MicrocystisaeruginosaNIES-98_aeruginosin98-A,aeruginosin98-B,aeruginosin98-C",99.79,100,945
HENFNN_02150 non-ribosomal peptide synthetase,"ACM68690.1_aerG1_MicrocystisaeruginosaNIES-98_aeruginosin98-A,aeruginosin98-B,aeruginosin98-C",97.77,99.85,3279
HENFNN_02155 oxidoreductase,"ACM68692.1_ACM68692.1_MicrocystisaeruginosaNIES-98_aeruginosin98-A,aeruginosin98-B,aeruginosin98-C",97.68,100,777
HENFNN_02160 non-ribosomal peptide synthetase,Unmatched,0,0,0
HENFNN_02165 acyltransferase,"ACM68693.1_ACM68693.1_MicrocystisaeruginosaNIES-98_aeruginosin98-A,aeruginosin98-B,aeruginosin98-C",89.82,100,609
HENFNN_02170 ABC transporter,"ACM68694.1_aerN_MicrocystisaeruginosaNIES-98_aeruginosin98-A,aeruginosin98-B,aeruginosin98-C",97.14,100,1995
HENFNN_02175 porin,Unmatched,0,0,0
HENFNN_02180 orotate phosphoribosyltransferase,Unmatched,0,0,0
HENFNN_02185 NADH-quinone oxidoreductase subunit NuoH,Unmatched,0,0,0
HENFNN_02190 photosynthetic/respiratory NAD(P)H-quinone oxidoreductase subunit I,Unmatched,0,0,0
HENFNN_02195 NADH-quinone oxidoreductase subunit J,Unmatched,0,0,0
HENFNN_02200 photosynthetic/respiratory NAD(P)H-quinone oxidoreductase subunit E,Unmatched,0,0,0
HENFNN_02205 LPS export ABC transporter periplasmic protein LptC,Unmatched,0,0,0
HENFNN_02210 DUF1524 domain-containing protein,Unmatched,0,0,0
HENFNN_02215 Acetate kinase,Unmatched,0,0,0
HENFNN_02220 Fis family transcriptional regulator,Unmatched,0,0,0
HENFNN_02225 RNA polymerase subunit sigma,Unmatched,0,0,0
HENFNN_02230 fibrillin,Unmatched,0,0,0
HENFNN_02235 phycobilisome protein,Unmatched,0,0,0
HENFNN_02240 RIP metalloprotease RseP,Unmatched,0,0,0
HENFNN_02245 endonuclease III,Unmatched,0,0,0
HENFNN_02250 rhomboid family intramembrane serine protease,Unmatched,0,0,0
HENFNN_02255 antibiotic biosynthesis monooxygenase,Unmatched,0,0,0
HENFNN_02260 NADPH-dependent FMN reductase,Unmatched,0,0,0
HENFNN_02265 dihydroneopterin aldolase,Unmatched,0,0,0
HENFNN_02270 glycosyl transferase family 2,Unmatched,0,0,0
HENFNN_02275 glycosyltransferase,Unmatched,0,0,0
"HENFNN_02280 GDP-mannose 4,6-dehydratase",Unmatched,0,0,0
HENFNN_02285 glycosyl transferase family 1,Unmatched,0,0,0
HENFNN_02290 Putative enzyme,Unmatched,0,0,0
HENFNN_02295 glycosyltransferase,Unmatched,0,0,0
HENFNN_02300 phycobiliprotein lyase,Unmatched,0,0,0
HENFNN_02305 heavy metal-responsive transcriptional regulator,Unmatched,0,0,0
HENFNN_02310 hypothetical protein,Unmatched,0,0,0
HENFNN_02315 HTH merR-type domain-containing protein,Unmatched,0,0,0
HENFNN_02320 tyramine oxidase,Unmatched,0,0,0
HENFNN_02325 nitroreductase,Unmatched,0,0,0
HENFNN_02330 guanylate cyclase,Unmatched,0,0,0
HENFNN_02335 AmpG family muropeptide MFS transporter,Unmatched,0,0,0
HENFNN_02340 GNAT family N-acetyltransferase,Unmatched,0,0,0
HENFNN_02345 LytR family transcriptional regulator,Unmatched,0,0,0
HENFNN_02350 Uma2 family endonuclease,ADA00392.1_ADA00392.1_Anabaenasp.90_anacyclamideA10,75.87,92.11,684
HENFNN_02355 Putative restriction endonuclease,Unmatched,0,0,0
HENFNN_02360 Similar to tr|P73635|P73635,Unmatched,0,0,0
HENFNN_02365 mechanosensitive ion channel protein,Unmatched,0,0,0
HENFNN_02370 saccharopine dehydrogenase,Unmatched,0,0,0
HENFNN_02375 sensor histidine kinase,Unmatched,0,0,0
HENFNN_02380 DUF3616 domain-containing protein,Unmatched,0,0,0
HENFNN_02385 ATP-dependent helicase,Unmatched,0,0,0
HENFNN_02390 SWIM-type domain-containing protein,Unmatched,0,0,0
HENFNN_02395 AAA-15 domain-containing protein,Unmatched,0,0,0
HENFNN_02400 hypothetical protein,Unmatched,0,0,0
HENFNN_02405 transposase,Unmatched,0,0,0
HENFNN_02410 hypothetical protein,Unmatched,0,0,0
HENFNN_02415 hypothetical protein,Unmatched,0,0,0
HENFNN_02420 DUF3368 domain-containing protein,Unmatched,0,0,0
HENFNN_02425 Uncharacterised protein family (UPF0175),Unmatched,0,0,0
HENFNN_02430 addiction module toxin RelE,Unmatched,0,0,0
HENFNN_02435 prevent-host-death protein,Unmatched,0,0,0
HENFNN_02440 hypothetical protein,Unmatched,0,0,0
HENFNN_02445 DUF1269 domain-containing protein,Unmatched,0,0,0
HENFNN_02450 CP12 domain-containing protein,Unmatched,0,0,0
HENFNN_02455 glycoside hydrolase,Unmatched,0,0,0
HENFNN_02460 ribosomal protein S18-alanine N-acetyltransferase,Unmatched,0,0,0
HENFNN_02465 BarH protein,ctg5_2_RRE-containing_23_0,92.24,90.24,1086
HENFNN_02470 hypothetical protein,Unmatched,0,0,0
HENFNN_02475 radical SAM protein,Unmatched,0,0,0
HENFNN_02480 AAA-like domain-containing protein,Unmatched,0,0,0
HENFNN_02485 serine/threonine protein kinase,Unmatched,0,0,0
HENFNN_02490 hypothetical protein,Unmatched,0,0,0
HENFNN_02495 phosphoribosylamine--glycine ligase,Unmatched,0,0,0
HENFNN_02500 glycosyltransferase WbuB,Unmatched,0,0,0
HENFNN_02505 CPBP family intramembrane metalloprotease domain-containing protein,Unmatched,0,0,0
HENFNN_02510 hypothetical protein,Unmatched,0,0,0
HENFNN_02515 hypothetical protein,Unmatched,0,0,0
HENFNN_02520 hypothetical protein,Unmatched,0,0,0
HENFNN_02525 Phosphate ABC transporter periplasmic phosphate-binding protein PstS,Unmatched,0,0,0
HENFNN_02530 hypothetical protein,Unmatched,0,0,0
HENFNN_02535 transglutaminase,Unmatched,0,0,0
"HENFNN_02540 7,8-didemethyl-8-hydroxy-5-deazariboflavin synthase subunit CofG",Unmatched,0,0,0
HENFNN_02545 cytosine deaminase,Unmatched,0,0,0
HENFNN_02550 DUF952 domain-containing protein,Unmatched,0,0,0
HENFNN_02555 L-lactate dehydrogenase,Unmatched,0,0,0
HENFNN_02560 Mrr-cat domain-containing protein,Unmatched,0,0,0
HENFNN_02565 t-SNARE coiled-coil-like y domain-containing protein,Unmatched,0,0,0
HENFNN_02570 Peptidase A2 domain-containing protein,Unmatched,0,0,0
HENFNN_02575 TIGR03032 family protein,Unmatched,0,0,0
HENFNN_02580 glutaminase A,Unmatched,0,0,0
HENFNN_02585 molybdopterin molybdenumtransferase,Unmatched,0,0,0
HENFNN_02590 hypothetical protein,ctg35_1_hglE-KS_45_0,92.08,86.32,117
HENFNN_02595 hypothetical protein,Unmatched,0,0,0
"HENFNN_02600 2-hydroxy-6-oxohepta-2,4-dienoate hydrolase",Unmatched,0,0,0
HENFNN_02605 DUF541 domain-containing protein,Unmatched,0,0,0
HENFNN_02610 hypothetical protein,Unmatched,0,0,0
HENFNN_02615 IS200/IS605 family transposase,Unmatched,0,0,0
HENFNN_02620 Site-specific DNA-methyltransferase (adenine-specific),Unmatched,0,0,0
HENFNN_02625 ribosome biogenesis GTPase YlqF,Unmatched,0,0,0
HENFNN_02630 NUDIX hydrolase,Unmatched,0,0,0
HENFNN_02635 hypothetical protein,Unmatched,0,0,0
HENFNN_02640 TIGR04168 family protein,Unmatched,0,0,0
HENFNN_02645 hypothetical protein,Unmatched,0,0,0
HENFNN_02650 hypothetical protein,Unmatched,0,0,0
HENFNN_02655 DUF4277 domain-containing protein,Unmatched,0,0,0
HENFNN_02660 B12-binding domain-containing radical SAM protein,Unmatched,0,0,0
HENFNN_02665 alkene reductase,Unmatched,0,0,0
HENFNN_02670 PEP-CTERM sorting domain-containing protein,Unmatched,0,0,0
HENFNN_02675 hypothetical protein,Unmatched,0,0,0
HENFNN_02680 hypothetical protein,Unmatched,0,0,0
HENFNN_02685 DUF4347 domain-containing protein,Unmatched,0,0,0
HENFNN_02690 alpha/beta hydrolase,Unmatched,0,0,0
HENFNN_02695 hypothetical protein,Unmatched,0,0,0
HENFNN_02700 ferredoxin--nitrite reductase,Unmatched,0,0,0
HENFNN_02705 tyrosine--tRNA ligase,Unmatched,0,0,0
HENFNN_02710 hypothetical protein,Unmatched,0,0,0
HENFNN_02715 glycosyl transferase,Unmatched,0,0,0
HENFNN_02720 ferredoxin,Unmatched,0,0,0
HENFNN_02725 ABC transporter ATP-binding protein,Unmatched,0,0,0
HENFNN_02730 ABC transporter ATP-binding protein,Unmatched,0,0,0
HENFNN_02735 ATP-binding cassette domain-containing protein,Unmatched,0,0,0
HENFNN_02740 translation elongation factor 4,Unmatched,0,0,0
HENFNN_02745 hypothetical protein,Unmatched,0,0,0
HENFNN_02750 restriction endonuclease subunit M,Unmatched,0,0,0
HENFNN_02755 type I restriction endonuclease,Unmatched,0,0,0
HENFNN_02760 HicB family protein,Unmatched,0,0,0
"HENFNN_02765 addiction module toxin, HicA family",Unmatched,0,0,0
HENFNN_02770 3-ketoacyl-ACP reductase,Unmatched,0,0,0
HENFNN_02775 glyoxalase,Unmatched,0,0,0
HENFNN_02780 RlmI/RlmK family 23S rRNA methyltransferase,Unmatched,0,0,0
HENFNN_02785 ABC transporter permease,Unmatched,0,0,0
HENFNN_02790 TIGR03279 family radical SAM protein,Unmatched,0,0,0
HENFNN_02795 DUF4164 domain-containing protein,Unmatched,0,0,0
HENFNN_02800 hypothetical protein,Unmatched,0,0,0
HENFNN_02805 hypothetical protein,Unmatched,0,0,0
HENFNN_02810 hypothetical protein,Unmatched,0,0,0
HENFNN_02815 UDP-N-acetylmuramoyl-tripeptide--D-alanyl-D-alanine ligase,Unmatched,0,0,0
HENFNN_02820 DUF4351 domain-containing protein,ctg82_34_T3PKS-Merocyclophane_5_0,96.4,100,444
HENFNN_02825 nucleotidyltransferase,Unmatched,0,0,0
HENFNN_02830 DNA polymerase subunit beta,Unmatched,0,0,0
HENFNN_02835 tRNA-Pro(cgg),Unmatched,0,0,0
HENFNN_02840 lipoyl synthase,Unmatched,0,0,0
HENFNN_02845 RdgB/HAM1 family non-canonical purine NTP pyrophosphatase,Unmatched,0,0,0
HENFNN_02850 hypothetical protein,Unmatched,0,0,0
HENFNN_02855 hypothetical protein,Unmatched,0,0,0
HENFNN_02860 DUF218 domain-containing protein,Unmatched,0,0,0
HENFNN_02865 K(+)-transporting ATPase subunit C,Unmatched,0,0,0
HENFNN_02870 K(+)-transporting ATPase subunit F,Unmatched,0,0,0
HENFNN_02875 DNA (cytosine-5-)-methyltransferase,Unmatched,0,0,0
HENFNN_02880 potassium-transporting ATPase subunit KdpB,Unmatched,0,0,0
HENFNN_02885 hypothetical protein,ctg13_3_Cyanobactin_64_0,95.18,99.68,312
HENFNN_02890 Uma2 domain-containing protein,ctg13_2_Cyanobactin_64_0,92.54,100.7,426
HENFNN_02895 hypothetical protein,Unmatched,0,0,0
HENFNN_02900 DUF2281 domain-containing protein,Unmatched,0,0,0
HENFNN_02905 PIN domain nuclease,Unmatched,0,0,0
HENFNN_02910 serine/threonine protein kinase,Unmatched,0,0,0
HENFNN_02915 molecular chaperone DnaJ,Unmatched,0,0,0
HENFNN_02920 HTH OST-type domain-containing protein,Unmatched,0,0,0
HENFNN_02925 hypothetical protein,Unmatched,0,0,0
HENFNN_02930 6-phosphogluconolactonase,Unmatched,0,0,0
HENFNN_02935 FraH protein,Unmatched,0,0,0
HENFNN_02940 site-2 protease family protein,Unmatched,0,0,0
HENFNN_02945 serine/threonine protein phosphatase,Unmatched,0,0,0
HENFNN_02950 triose-phosphate isomerase,Unmatched,0,0,0
"HENFNN_02955 5-oxo-1,2,5-tricarboxylic-3-penten acid decarboxylase",Unmatched,0,0,0
HENFNN_02960 30S ribosomal protein S6,Unmatched,0,0,0
HENFNN_02965 Putative restriction endonuclease,Unmatched,0,0,0
"HENFNN_02970 type II toxin-antitoxin system mRNA interferase toxin, RelE/StbE family",Unmatched,0,0,0
HENFNN_02975 HigA protein (Antitoxin to HigB),Unmatched,0,0,0
"HENFNN_02980 type II toxin-antitoxin system mRNA interferase toxin, RelE/StbE family",Unmatched,0,0,0
HENFNN_02985 HigA protein (Antitoxin to HigB),Unmatched,0,0,0
HENFNN_02990 hypothetical protein,Unmatched,0,0,0
HENFNN_02995 hypothetical protein,Unmatched,0,0,0
HENFNN_03000 hypothetical protein,Unmatched,0,0,0
HENFNN_03005 Urease accessory protein UreD,Unmatched,0,0,0
HENFNN_03010 4-(cytidine 5'-diphospho)-2-C-methyl-D-erythritol kinase,Unmatched,0,0,0
HENFNN_03015 16S rRNA (adenine(1518)-N(6)/adenine(1519)-N(6))-dimethyltransferase RsmA,Unmatched,0,0,0
HENFNN_03020 fluoride efflux transporter CrcB,Unmatched,0,0,0
HENFNN_03025 fluoride efflux transporter CrcB,Unmatched,0,0,0
HENFNN_03030 dihydroflavonol 4-reductase,Unmatched,0,0,0
HENFNN_03035 glycogen phosphorylase,Unmatched,0,0,0
HENFNN_03040 tRNA-Asp(gtc),Unmatched,0,0,0
HENFNN_03045 hypothetical protein,Unmatched,0,0,0
HENFNN_03050 biopolymer transporter,Unmatched,0,0,0
HENFNN_03055 DUF3370 domain-containing protein,Unmatched,0,0,0
"HENFNN_03060 GTP 3',8-cyclase MoaA",Unmatched,0,0,0
HENFNN_03065 Proto-chlorophyllide reductase 57 kD subunit,Unmatched,0,0,0
HENFNN_03070 Uma2 family endonuclease,Unmatched,0,0,0
HENFNN_03075 hypothetical protein,Unmatched,0,0,0
HENFNN_03080 hypothetical protein,Unmatched,0,0,0
HENFNN_03085 chromosome partitioning protein ParA,Unmatched,0,0,0
HENFNN_03090 Asp-tRNA(Asn)/Glu-tRNA(Gln) amidotransferase subunit GatB,Unmatched,0,0,0
HENFNN_03095 pyruvate kinase,Unmatched,0,0,0
HENFNN_03100 hypothetical protein,Unmatched,0,0,0
HENFNN_03105 hypothetical protein,Unmatched,0,0,0
HENFNN_03110 Dolichyl-phosphate-mannose-protein mannosyltransferase,ctg28_2_RiPP-like_84_0,96.79,100,1680
HENFNN_03115 Glycogen debranching protein,ctg28_3_RiPP-like_84_0,96.19,100,210
HENFNN_03120 hypothetical protein,Unmatched,0,0,0
HENFNN_03125 Similarity,Unmatched,0,0,0
HENFNN_03130 hypothetical protein,Unmatched,0,0,0
HENFNN_03135 apolipoprotein N-acyltransferase,Unmatched,0,0,0
HENFNN_03140 hypothetical protein,Unmatched,0,0,0
HENFNN_03145 excinuclease ABC subunit UvrC,Unmatched,0,0,0
HENFNN_03150 hypothetical protein,Unmatched,0,0,0
HENFNN_03155 3-isopropylmalate dehydrogenase,Unmatched,0,0,0
HENFNN_03160 glucose-1-phosphate thymidylyltransferase,Unmatched,0,0,0
HENFNN_03165 dTDP-4-dehydrorhamnose reductase,Unmatched,0,0,0
"HENFNN_03170 dTDP-4-dehydrorhamnose 3,5-epimerase",Unmatched,0,0,0
HENFNN_03175 biotin synthase BioB,Unmatched,0,0,0
HENFNN_03180 biotin transporter BioY,Unmatched,0,0,0
HENFNN_03185 signal peptidase II,Unmatched,0,0,0
HENFNN_03190 AMP-dependent synthetase,Unmatched,0,0,0
HENFNN_03195 Putative restriction endonuclease,Unmatched,0,0,0
HENFNN_03200 Site-specific DNA-methyltransferase (adenine-specific),Unmatched,0,0,0
HENFNN_03205 hypothetical protein,Unmatched,0,0,0
HENFNN_03210 hypothetical protein,Unmatched,0,0,0
HENFNN_03215 Uma2 domain-containing protein,Unmatched,0,0,0
HENFNN_03220 hypothetical protein,Unmatched,0,0,0
HENFNN_03225 hypothetical protein,Unmatched,0,0,0
"HENFNN_03230 addiction module toxin, HicA family",Unmatched,0,0,0
HENFNN_03235 glycosyltransferase family 1 protein,Unmatched,0,0,0
HENFNN_03240 glycosyl transferase family 1,Unmatched,0,0,0
HENFNN_03245 HAD family hydrolase,Unmatched,0,0,0
HENFNN_03250 phosphoheptose isomerase,Unmatched,0,0,0
HENFNN_03255 dehydrogenase,Unmatched,0,0,0
HENFNN_03260 D-glycero-D-manno-heptose 1-phosphate guanosyltransferase,Unmatched,0,0,0
HENFNN_03265 hypothetical protein,Unmatched,0,0,0
HENFNN_03270 glycosyl transferase family A,Unmatched,0,0,0
HENFNN_03275 transposase,Unmatched,0,0,0
HENFNN_03280 diguanylate cyclase,Unmatched,0,0,0
HENFNN_03285 phosphoribulokinase,Unmatched,0,0,0
HENFNN_03290 DNA-binding response regulator,Unmatched,0,0,0
HENFNN_03295 S-methyl-5-thioribose-1-phosphate isomerase,Unmatched,0,0,0
HENFNN_03300 hypothetical protein,Unmatched,0,0,0
HENFNN_03305 Tic22-like family,Unmatched,0,0,0
HENFNN_03310 peptide chain release factor N(5)-glutamine methyltransferase,Unmatched,0,0,0
HENFNN_03315 hypothetical protein,Unmatched,0,0,0
HENFNN_03320 orotidine-5'-phosphate decarboxylase,Unmatched,0,0,0
HENFNN_03325 MEKHLA domain-containing protein,Unmatched,0,0,0
HENFNN_03330 hydrolase,Unmatched,0,0,0
HENFNN_03335 preQ(1) synthase,Unmatched,0,0,0
HENFNN_03340 Phosphate ABC transporter periplasmic phosphate-binding protein PstS,Unmatched,0,0,0
HENFNN_03345 hypothetical protein,Unmatched,0,0,0
HENFNN_03350 hypothetical protein,Unmatched,0,0,0
HENFNN_03355 PEP-CTERM sorting domain-containing protein,Unmatched,0,0,0
HENFNN_03360 hypothetical protein,Unmatched,0,0,0
HENFNN_03365 ISAs1 family transposase,Unmatched,0,0,0
HENFNN_03370 Tetratricopeptide domain protein,Unmatched,0,0,0
HENFNN_03375 endonuclease/exonuclease/phosphatase,Unmatched,0,0,0
HENFNN_03380 NYN domain-containing protein,Unmatched,0,0,0
HENFNN_03385 sulfurtransferase,Unmatched,0,0,0
HENFNN_03390 ATP-binding protein,Unmatched,0,0,0
HENFNN_03395 regulator,Unmatched,0,0,0
HENFNN_03400 anti-sigma factor antagonist,Unmatched,0,0,0
HENFNN_03405 NAD(P)/FAD-dependent oxidoreductase,Unmatched,0,0,0
HENFNN_03410 DUF2283 domain-containing protein,Unmatched,0,0,0
HENFNN_03415 hypothetical protein,Unmatched,0,0,0
HENFNN_03420 DUF2283 domain-containing protein,Unmatched,0,0,0
HENFNN_03425 hypothetical protein,Unmatched,0,0,0
HENFNN_03430 hypothetical protein,Unmatched,0,0,0
HENFNN_03435 DUF5615 domain-containing protein,Unmatched,0,0,0
HENFNN_03440 hypothetical protein,Unmatched,0,0,0
HENFNN_03445 hypothetical protein,Unmatched,0,0,0
HENFNN_03450 adenine specific DNA methylase Mod,Unmatched,0,0,0
HENFNN_03455 dihydroorotase,Unmatched,0,0,0
HENFNN_03460 site-specific DNA-methyltransferase,Unmatched,0,0,0
HENFNN_03465 Putative restriction endonuclease,Unmatched,0,0,0
HENFNN_03470 Ni/Fe hydrogenase subunit alpha,Unmatched,0,0,0
"HENFNN_03475 RNA polymerase sigma factor, RpoD/SigA family",Unmatched,0,0,0
HENFNN_03480 DUF29 domain-containing protein,Unmatched,0,0,0
HENFNN_03485 SycD/LcrH family type III secretion system chaperone,Unmatched,0,0,0
HENFNN_03490 phycocyanin alpha phycocyanobilin lyase,Unmatched,0,0,0
HENFNN_03495 putative UDP-N-acetylglucosamine--peptide N-acetylglucosaminyltransferase SPINDLY,Unmatched,0,0,0
HENFNN_03500 ABC transporter ATP-binding protein,Unmatched,0,0,0
HENFNN_03505 Carbonic anhydrase,Unmatched,0,0,0
HENFNN_03510 low-complexity tail membrane protein,Unmatched,0,0,0
HENFNN_03515 translation initiation factor IF-2,Unmatched,0,0,0
HENFNN_03520 DUF448 domain-containing protein,Unmatched,0,0,0
HENFNN_03525 transcription termination/antitermination protein NusA,Unmatched,0,0,0
HENFNN_03530 ribosome maturation factor RimP,Unmatched,0,0,0
HENFNN_03535 ATP-dependent zinc metalloprotease FtsH,Unmatched,0,0,0
HENFNN_03540 DNA-binding response regulator,Unmatched,0,0,0
HENFNN_03545 hypothetical protein,Unmatched,0,0,0
HENFNN_03550 Glycosyl transferase family 41,Unmatched,0,0,0
HENFNN_03555 creatinine amidohydrolase,Unmatched,0,0,0
HENFNN_03560 nucleoside-diphosphate kinase,Unmatched,0,0,0
HENFNN_03565 histidine kinase,Unmatched,0,0,0
HENFNN_03570 adenosyl-hopene transferase HpnH,Unmatched,0,0,0
HENFNN_03575 DUF1517 domain-containing protein,Unmatched,0,0,0
HENFNN_03580 hypothetical protein,Unmatched,0,0,0
HENFNN_03585 phycobiliprotein lyase,Unmatched,0,0,0
HENFNN_03590 phycocyanin alpha phycocyanobilin lyase,Unmatched,0,0,0
HENFNN_03595 DUF4327 domain-containing protein,ctg3_17_lanthipeptide_54_0,99.17,100,240
HENFNN_03600 SAM-dependent methyltransferase,Unmatched,0,0,0
HENFNN_03605 ATPase,Unmatched,0,0,0
HENFNN_03610 TIGR02646 family protein,Unmatched,0,0,0
HENFNN_03615 Isochorismate synthase,Unmatched,0,0,0
HENFNN_03620 hypothetical protein,Unmatched,0,0,0
HENFNN_03625 hypothetical protein,Unmatched,0,0,0
HENFNN_03630 porphobilinogen synthase,Unmatched,0,0,0
HENFNN_03635 IS5 family ISMae6 transposase,Unmatched,0,0,0
HENFNN_03640 Transposase,Unmatched,0,0,0
HENFNN_03645 hypothetical protein,Unmatched,0,0,0
HENFNN_03650 hypothetical protein,Unmatched,0,0,0
HENFNN_03655 Serine/threonine-protein kinase pkn1,Unmatched,0,0,0
HENFNN_03660 RNA-dependent DNA polymerase,Unmatched,0,0,0
HENFNN_03665 PINc domain-containing protein,Unmatched,0,0,0
HENFNN_03670 hypothetical protein,Unmatched,0,0,0
HENFNN_03675 diversity-generating retroelement protein Avd,Unmatched,0,0,0
HENFNN_03680 Serine/threonine-protein kinase pkn1,Unmatched,0,0,0
HENFNN_03685 AAA domain-containing protein,Unmatched,0,0,0
HENFNN_03690 VMAP-C domain-containing protein,Unmatched,0,0,0
HENFNN_03695 TIR domain-containing protein,Unmatched,0,0,0
HENFNN_03700 hypothetical protein,Unmatched,0,0,0
HENFNN_03705 hypothetical protein,Unmatched,0,0,0
HENFNN_03710 ParB/RepB/Spo0J family partition protein,Unmatched,0,0,0
HENFNN_03715 chromosome partitioning protein ParA,Unmatched,0,0,0
HENFNN_03720 Beta-lactamase2 domain-containing protein,Unmatched,0,0,0
HENFNN_03725 4-phosphopantetheinyl transferase,Unmatched,0,0,0
HENFNN_03730 glycosyl transferase,Unmatched,0,0,0
HENFNN_03735 ATP-dependent Clp protease adapter ClpS,Unmatched,0,0,0
HENFNN_03740 metal-binding protein,Unmatched,0,0,0
HENFNN_03745 low-complexity protein,Unmatched,0,0,0
HENFNN_03750 hypothetical protein,Unmatched,0,0,0
HENFNN_03755 hypothetical protein,Unmatched,0,0,0
HENFNN_03760 type II toxin-antitoxin system HigB family toxin,Unmatched,0,0,0
HENFNN_03765 transcriptional regulator,Unmatched,0,0,0
HENFNN_03770 N-acetyltransferase,Unmatched,0,0,0
HENFNN_03775 hypothetical protein,Unmatched,0,0,0
HENFNN_03780 hypothetical protein,Unmatched,0,0,0
HENFNN_03785 DUF4347 domain-containing protein,Unmatched,0,0,0
HENFNN_03790 DUF4347 domain-containing protein,Unmatched,0,0,0
HENFNN_03795 hypothetical protein,Unmatched,0,0,0
HENFNN_03800 ABC transporter ATP-binding protein,Unmatched,0,0,0
HENFNN_03805 HlyD family secretion protein,Unmatched,0,0,0
HENFNN_03810 phosphate ABC transporter substrate-binding protein PstS,Unmatched,0,0,0
HENFNN_03815 phosphate ABC transporter permease subunit PstC,Unmatched,0,0,0
HENFNN_03820 phosphate ABC transporter permease PstA,Unmatched,0,0,0
HENFNN_03825 phosphate ABC transporter ATP-binding protein PstB,Unmatched,0,0,0
HENFNN_03830 type I methionyl aminopeptidase,Unmatched,0,0,0
HENFNN_03835 aldo/keto reductase,Unmatched,0,0,0
"HENFNN_03840 cob(I)yrinic acid a,c-diamide adenosyltransferase",Unmatched,0,0,0
HENFNN_03845 PD-(D/E)XK nuclease family protein,Unmatched,0,0,0
HENFNN_03850 stem cell self-renewal protein Piwi,Unmatched,0,0,0
HENFNN_03855 glycogen-debranching protein,Unmatched,0,0,0
HENFNN_03860 TVP38/TMEM64 family protein,Unmatched,0,0,0
HENFNN_03865 molecular chaperone DnaJ,Unmatched,0,0,0
HENFNN_03870 hypothetical protein,Unmatched,0,0,0
HENFNN_03875 hypothetical protein,Unmatched,0,0,0
HENFNN_03880 hypothetical protein,Unmatched,0,0,0
HENFNN_03885 DUF3368 domain-containing protein,ctg82_36_T3PKS-Merocyclophane_5_0,100,100,498
HENFNN_03890 Uncharacterised protein family (UPF0175),ctg82_35_T3PKS-Merocyclophane_5_0,100,100,246
HENFNN_03895 DUF4351 domain-containing protein,Unmatched,0,0,0
HENFNN_03900 hypothetical protein,Unmatched,0,0,0
HENFNN_03905 hypothetical protein,Unmatched,0,0,0
HENFNN_03910 hypothetical protein,Unmatched,0,0,0
HENFNN_03915 ABC transporter permease,Unmatched,0,0,0
HENFNN_03920 ABC transporter permease,Unmatched,0,0,0
HENFNN_03925 phosphate ABC transporter ATP-binding protein PstB,Unmatched,0,0,0
HENFNN_03930 phosphate ABC transporter ATP-binding protein PstB,Unmatched,0,0,0
HENFNN_03935 phosphate ABC transporter permease PstA,Unmatched,0,0,0
HENFNN_03940 phosphate ABC transporter permease subunit PstC,Unmatched,0,0,0
HENFNN_03945 phosphate ABC transporter substrate-binding protein PstS,Unmatched,0,0,0
HENFNN_03950 protein sphX,Unmatched,0,0,0
HENFNN_03955 ferredoxin--nitrite reductase,Unmatched,0,0,0
HENFNN_03960 ATP-dependent protease,Unmatched,0,0,0
HENFNN_03965 HTH crp-type domain-containing protein,Unmatched,0,0,0
HENFNN_03970 glucokinase,Unmatched,0,0,0
HENFNN_03975 non-ribosomal peptide synthetase,AAF00960.1_mcyA_MicrocystisaeruginosaPCC7806_microcystinLR,96.59,100.3,8364
HENFNN_03980 short-chain dehydrogenase,AAF00959.1_mcyD_MicrocystisaeruginosaPCC7806_microcystinLR,97.01,100.14,11706
HENFNN_03985 non-ribosomal peptide synthetase,AAF00958.1_mcyE_MicrocystisaeruginosaPCC7806_microcystinLR,97.76,100,10464
HENFNN_03990 aspartate/glutamate racemase family protein,AAF00963.1_mcyF_MicrocystisaeruginosaPCC7806_microcystinLR,98.28,100,756
HENFNN_03995 beta-ketoacyl synthase,AAF00957.1_mcyG_MicrocystisaeruginosaPCC7806_microcystinLR,96.68,100.01,7896
HENFNN_04000 ABC transporter,AAF00956.1_mcyH_MicrocystisaeruginosaPCC7806_microcystinLR,97.34,92.04,1758
HENFNN_04005 dehydrogenase,AAF00955.1_mcyI_MicrocystisaeruginosaPCC7806_microcystinLR,98.42,100,1014
HENFNN_04010 methyltransferase,AAF00954.1_mcyJ_MicrocystisaeruginosaPCC7806_microcystinLR,98.21,89.53,936
HENFNN_04015 DNA polymerase III subunit beta,Unmatched,0,0,0
HENFNN_04020 hypothetical protein,Unmatched,0,0,0
HENFNN_04025 Catalase/hydroperoxidase,Unmatched,0,0,0
HENFNN_04030 excinuclease ABC subunit UvrB,Unmatched,0,0,0
HENFNN_04035 Outer membrane efflux protein,Unmatched,0,0,0
HENFNN_04040 hypothetical protein,Unmatched,0,0,0
HENFNN_04045 hypothetical protein,Unmatched,0,0,0
HENFNN_04050 hypothetical protein,Unmatched,0,0,0
HENFNN_04055 DUF4164 domain-containing protein,Unmatched,0,0,0
HENFNN_04060 ABC transporter,Unmatched,0,0,0
HENFNN_04065 inositol monophosphatase,Unmatched,0,0,0
HENFNN_04070 SMC-Scp complex subunit ScpB,Unmatched,0,0,0
HENFNN_04075 DUF760 domain-containing protein,Unmatched,0,0,0
HENFNN_04080 hydroxyacid dehydrogenase,Unmatched,0,0,0
HENFNN_04085 hypothetical protein,Unmatched,0,0,0
HENFNN_04090 SAM-dependent methyltransferase,Unmatched,0,0,0
HENFNN_04095 hypothetical protein,Unmatched,0,0,0
HENFNN_04100 30S ribosomal protein S1,Unmatched,0,0,0
HENFNN_04105 carboxymethylenebutenolidase,Unmatched,0,0,0
HENFNN_04110 Cof-type HAD-IIB family hydrolase,Unmatched,0,0,0
HENFNN_04115 signal peptidase I,Unmatched,0,0,0
HENFNN_04120 calcium-binding protein,Unmatched,0,0,0
HENFNN_04125 DUF2290 domain-containing protein,Unmatched,0,0,0
HENFNN_04130 helicase,Unmatched,0,0,0
HENFNN_04135 cation:proton antiporter,Unmatched,0,0,0
HENFNN_04140 DUF4040 domain-containing protein,Unmatched,0,0,0
HENFNN_04145 sodium:proton antiporter,Unmatched,0,0,0
HENFNN_04150 Na+/H+ antiporter complex subunit F MrpF,Unmatched,0,0,0
HENFNN_04155 cation:proton antiporter,Unmatched,0,0,0
HENFNN_04160 cation:proton antiporter,Unmatched,0,0,0
HENFNN_04165 cation:proton antiporter,Unmatched,0,0,0
HENFNN_04170 hypothetical protein,Unmatched,0,0,0
HENFNN_04175 hypothetical protein,Unmatched,0,0,0
HENFNN_04180 DUF4263 domain-containing protein,Unmatched,0,0,0
HENFNN_04185 hypothetical protein,Unmatched,0,0,0
HENFNN_04190 Fatty-acid synthase,Unmatched,0,0,0
HENFNN_04195 hypothetical protein,Unmatched,0,0,0
HENFNN_04200 sulfite exporter TauE/SafE family protein,Unmatched,0,0,0
HENFNN_04205 lipid kinase,Unmatched,0,0,0
HENFNN_04210 amino acid ABC transporter substrate-binding protein,Unmatched,0,0,0
HENFNN_04215 TIGR00297 family protein,Unmatched,0,0,0
HENFNN_04220 cytochrome B,Unmatched,0,0,0
HENFNN_04225 hypothetical protein,Unmatched,0,0,0
HENFNN_04230 hypothetical protein,Unmatched,0,0,0
HENFNN_04235 Prepilin-type N-terminal cleavage/methylation domain-containing protein,Unmatched,0,0,0
HENFNN_04240 hypothetical protein,Unmatched,0,0,0
HENFNN_04245 hypothetical protein,Unmatched,0,0,0
HENFNN_04250 DNA-binding response regulator,Unmatched,0,0,0
HENFNN_04255 transposase,Unmatched,0,0,0
HENFNN_04260 histidine kinase,Unmatched,0,0,0
HENFNN_04265 photosystem II protein Psb27,Unmatched,0,0,0
HENFNN_04270 endonuclease MutS2,Unmatched,0,0,0
HENFNN_04275 cation transporter,Unmatched,0,0,0
HENFNN_04280 glycoside hydrolase,Unmatched,0,0,0
HENFNN_04285 LytR family transcriptional regulator,Unmatched,0,0,0
HENFNN_04290 pentapeptide repeat-containing protein,Unmatched,0,0,0
HENFNN_04295 hypothetical protein,Unmatched,0,0,0
HENFNN_04300 aminodeoxychorismate/anthranilate synthase component II,Unmatched,0,0,0
HENFNN_04305 Zn-dependent hydrolase,Unmatched,0,0,0
HENFNN_04310 hypothetical protein,Unmatched,0,0,0
HENFNN_04315 DNA-binding protein,Unmatched,0,0,0
HENFNN_04320 hypothetical protein,Unmatched,0,0,0
HENFNN_04325 hypothetical protein,Unmatched,0,0,0
HENFNN_04330 iron ABC transporter permease,Unmatched,0,0,0
HENFNN_04335 Photosystem I reaction center subunit II,Unmatched,0,0,0
HENFNN_04340 anthranilate synthase component I,Unmatched,0,0,0
HENFNN_04345 hypothetical protein,Unmatched,0,0,0
HENFNN_04350 Pseudouridine synthase,Unmatched,0,0,0
HENFNN_04355 cysteine desulfurase,Unmatched,0,0,0
HENFNN_04360 Fe-S cluster assembly protein SufD,Unmatched,0,0,0
HENFNN_04365 Fe-S cluster assembly ATPase SufC,Unmatched,0,0,0
HENFNN_04370 chromosomal replication initiator protein DnaA,Unmatched,0,0,0
HENFNN_04375 peptide deformylase,Unmatched,0,0,0
HENFNN_04380 GTP cyclohydrolase I FolE,Unmatched,0,0,0
HENFNN_04385 porphobilinogen synthase,Unmatched,0,0,0
HENFNN_04390 Chromophore lyase CpcT/CpeT 3,Unmatched,0,0,0
HENFNN_04395 thioredoxin domain-containing protein,Unmatched,0,0,0
HENFNN_04400 type II toxin-antitoxin system HicB family antitoxin,Unmatched,0,0,0
HENFNN_04405 hypothetical protein,Unmatched,0,0,0
HENFNN_04410 ATP phosphoribosyltransferase regulatory subunit,Unmatched,0,0,0
HENFNN_04415 HicB-like domain-containing protein,Unmatched,0,0,0
"HENFNN_04420 HicA toxin of bacterial toxin-antitoxin,",Unmatched,0,0,0
HENFNN_04425 hypothetical protein,Unmatched,0,0,0
HENFNN_04430 C-type lectin domain-containing protein,Unmatched,0,0,0
HENFNN_04435 hypothetical protein,Unmatched,0,0,0
HENFNN_04440 PIN domain protein,Unmatched,0,0,0
HENFNN_04445 hypothetical protein,Unmatched,0,0,0
HENFNN_04450 DUF4351 domain-containing protein,ctg82_34_T3PKS-Merocyclophane_5_0,88,78.12,288
HENFNN_04455 hypothetical protein,Unmatched,0,0,0
HENFNN_04460 PD-(D/E)XK nuclease superfamily,Unmatched,0,0,0
HENFNN_04465 hypothetical protein,Unmatched,0,0,0
HENFNN_04470 hypothetical protein,Unmatched,0,0,0
HENFNN_04475 hypothetical protein,Unmatched,0,0,0
HENFNN_04480 hypothetical protein,Unmatched,0,0,0
HENFNN_04485 mRNA-degrading endonuclease,Unmatched,0,0,0
HENFNN_04490 hypothetical protein,Unmatched,0,0,0
HENFNN_04495 DUF2062 domain-containing protein,Unmatched,0,0,0
HENFNN_04500 tRNA uridine-5-carboxymethylaminomethyl(34) synthesis GTPase MnmE,Unmatched,0,0,0
HENFNN_04505 polyhydroxyalkanoate biosynthesis repressor PhaR,Unmatched,0,0,0
HENFNN_04510 Phosphomannomutase,Unmatched,0,0,0
HENFNN_04515 polyhydroxyalkanoate biosynthesis repressor PhaR,Unmatched,0,0,0
HENFNN_04520 polyhydroxyalkanoate biosynthesis repressor PhaR,Unmatched,0,0,0
HENFNN_04525 alanine racemase,Unmatched,0,0,0
HENFNN_04530 cytochrome P450,Unmatched,0,0,0
HENFNN_04535 Phosphotransferase enzyme family,Unmatched,0,0,0
HENFNN_04540 hypothetical protein,Unmatched,0,0,0
HENFNN_04545 glycosyl transferase,Unmatched,0,0,0
HENFNN_04550 HNH endonuclease,Unmatched,0,0,0
HENFNN_04555 ATPase,Unmatched,0,0,0
HENFNN_04560 magnesium chelatase ATPase subunit I,Unmatched,0,0,0
HENFNN_04565 hypothetical protein,Unmatched,0,0,0
HENFNN_04570 glycine--tRNA ligase subunit beta,Unmatched,0,0,0
HENFNN_04575 rubrerythrin family protein,Unmatched,0,0,0
HENFNN_04580 GNAT family N-acetyltransferase,Unmatched,0,0,0
HENFNN_04585 riboflavin deaminase,Unmatched,0,0,0
HENFNN_04590 two-component sensor histidine kinase,Unmatched,0,0,0
HENFNN_04595 prephenate dehydratase,Unmatched,0,0,0
HENFNN_04600 3'-5' exonuclease domain-containing protein,Unmatched,0,0,0
HENFNN_04605 universal stress protein,Unmatched,0,0,0
HENFNN_04610 signal peptidase I,Unmatched,0,0,0
HENFNN_04615 nucleoside triphosphate pyrophosphohydrolase,Unmatched,0,0,0
HENFNN_04620 hypothetical protein,Unmatched,0,0,0
HENFNN_04625 nucleotide exchange factor GrpE,Unmatched,0,0,0
HENFNN_04630 Molecular chaperone DnaJ,Unmatched,0,0,0
HENFNN_04635 Photosystem I assembly protein Ycf3,Unmatched,0,0,0
HENFNN_04640 LysM domain-containing protein,Unmatched,0,0,0
HENFNN_04645 molecular chaperone Hsp70,Unmatched,0,0,0
HENFNN_04650 IS630 family transposase,Unmatched,0,0,0
HENFNN_04655 DNA (cytosine-5-)-methyltransferase,Unmatched,0,0,0
HENFNN_04660 TIGR00341 family protein,Unmatched,0,0,0
HENFNN_04665 DUF3146 domain-containing protein,Unmatched,0,0,0
HENFNN_04670 N-acetyl-gamma-glutamyl-phosphate reductase,Unmatched,0,0,0
HENFNN_04675 4a-hydroxytetrahydrobiopterin dehydratase,Unmatched,0,0,0
HENFNN_04680 helicase,Unmatched,0,0,0
HENFNN_04685 molecular chaperone HtpG,Unmatched,0,0,0
HENFNN_04690 bifunctional diaminohydroxyphosphoribosylaminopyrimidine deaminase/5-amino-6-(5-phosphoribosylamino)uracil reductase RibD,Unmatched,0,0,0
HENFNN_04695 ammonium transporter,Unmatched,0,0,0
HENFNN_04700 ammonia channel protein,Unmatched,0,0,0
HENFNN_04705 Putative glycosyltransferase ykcC,Unmatched,0,0,0
HENFNN_04710 hypothetical protein,Unmatched,0,0,0
HENFNN_04715 hypothetical protein,Unmatched,0,0,0
HENFNN_04720 hypothetical protein,Unmatched,0,0,0
HENFNN_04725 MFS transporter,Unmatched,0,0,0
HENFNN_04730 hypothetical protein,Unmatched,0,0,0
HENFNN_04735 hypothetical protein,Unmatched,0,0,0
HENFNN_04740 glycosyl transferase,Unmatched,0,0,0
HENFNN_04745 DUF2949 domain-containing protein,Unmatched,0,0,0
HENFNN_04750 Conserved nitrate reductase-associated protein (Nitr_red_assoc),Unmatched,0,0,0
HENFNN_04755 prephenate/arogenate dehydrogenase,Unmatched,0,0,0
HENFNN_04760 cupin domain-containing protein,Unmatched,0,0,0
HENFNN_04765 Polyketide cyclase / dehydrase and lipid transport,Unmatched,0,0,0
HENFNN_04770 hypothetical protein,Unmatched,0,0,0
HENFNN_04775 hypothetical protein,Unmatched,0,0,0
HENFNN_04780 hypothetical protein,Unmatched,0,0,0
HENFNN_04785 ribulose-phosphate 3-epimerase,Unmatched,0,0,0
HENFNN_04790 histidinol-phosphatase,Unmatched,0,0,0
HENFNN_04795 hypothetical protein,Unmatched,0,0,0
HENFNN_04800 ATP-dependent Zn protease,Unmatched,0,0,0
HENFNN_04805 carbamoyltransferase HypF,Unmatched,0,0,0
HENFNN_04810 DNA topoisomerase III,Unmatched,0,0,0
HENFNN_04815 flavin oxidoreductase,Unmatched,0,0,0
HENFNN_04820 magnesium chelatase subunit H,Unmatched,0,0,0
HENFNN_04825 cyclic pyranopterin monophosphate synthase MoaC,Unmatched,0,0,0
HENFNN_04830 tRNA-Arg(acg),Unmatched,0,0,0
"HENFNN_04835 Putative O-linked N-acetylglucosamine transferase, SPINDLY family",Unmatched,0,0,0
HENFNN_04840 Ribonuclease VapC,Unmatched,0,0,0
HENFNN_04845 Similarity,Unmatched,0,0,0
HENFNN_04850 Similarity,Unmatched,0,0,0
HENFNN_04855 addiction module toxin RelE,Unmatched,0,0,0
HENFNN_04860 transcriptional regulator,Unmatched,0,0,0
HENFNN_04865 DUF5615 domain-containing protein,Unmatched,0,0,0
HENFNN_04870 hypothetical protein,Unmatched,0,0,0
HENFNN_04875 Tetratricopeptide repeat family protein,Unmatched,0,0,0
HENFNN_04880 XisI protein,Unmatched,0,0,0
HENFNN_04885 hypothetical protein,Unmatched,0,0,0
HENFNN_04890 hypothetical protein,Unmatched,0,0,0
HENFNN_04895 hypothetical protein,Unmatched,0,0,0
HENFNN_04900 group II intron reverse transcriptase/maturase,Unmatched,0,0,0
HENFNN_04905 photosynthetic/respiratory NAD(P)H-quinone oxidoreductase subunit C,Unmatched,0,0,0
HENFNN_04910 photosynthetic/respiratory NAD(P)H-quinone oxidoreductase subunit K,Unmatched,0,0,0
HENFNN_04915 NAD(P)H-quinone oxidoreductase subunit J,Unmatched,0,0,0
HENFNN_04920 UbiD family decarboxylase,Unmatched,0,0,0
"HENFNN_04925 ATPase/GTPase, AAA15 family",Unmatched,0,0,0
HENFNN_04930 DUF3226 domain-containing protein,Unmatched,0,0,0
HENFNN_04935 Programmed cell death toxin YdcE,Unmatched,0,0,0
HENFNN_04940 photosystem II cytochrome c-550,Unmatched,0,0,0
HENFNN_04945 translation initiation factor IF-2,Unmatched,0,0,0
HENFNN_04950 Putative regulatory protein MAE_11840,Unmatched,0,0,0
HENFNN_04955 guanylate kinase,Unmatched,0,0,0
HENFNN_04960 hypothetical protein,Unmatched,0,0,0
HENFNN_04965 GDP-fucose synthetase,Unmatched,0,0,0
"HENFNN_04970 GDP-mannose 4,6-dehydratase",Unmatched,0,0,0
HENFNN_04975 TIGR03792 family protein,Unmatched,0,0,0
"HENFNN_04980 cobyrinic acid a,c-diamide synthase",Unmatched,0,0,0
HENFNN_04985 metallophosphoesterase,Unmatched,0,0,0
HENFNN_04990 peptidase C15,Unmatched,0,0,0
HENFNN_04995 hypothetical protein,Unmatched,0,0,0
HENFNN_05000 HEPN-RiboL-PSP domain-containing protein,Unmatched,0,0,0
HENFNN_05005 DUF262 domain-containing protein,Unmatched,0,0,0
HENFNN_05010 glutamyl-tRNA reductase,Unmatched,0,0,0
HENFNN_05015 class II fructose-bisphosphatase,Unmatched,0,0,0
HENFNN_05020 glyoxalase/bleomycin resistance/extradiol dioxygenase family protein,Unmatched,0,0,0
HENFNN_05025 hypothetical protein,Unmatched,0,0,0
HENFNN_05030 TIGR02652 family protein,Unmatched,0,0,0
HENFNN_05035 gamma carbonic anhydrase family protein,Unmatched,0,0,0
HENFNN_05040 photosystem II protein Y,Unmatched,0,0,0
HENFNN_05045 FAD-linked oxidase,Unmatched,0,0,0
HENFNN_05050 adenylosuccinate lyase,Unmatched,0,0,0
HENFNN_05055 ATPase-AAA-core domain-containing protein,Unmatched,0,0,0
HENFNN_05060 hypothetical protein,Unmatched,0,0,0
HENFNN_05065 ATPase,Unmatched,0,0,0
HENFNN_05070 translation initiation factor IF-3,Unmatched,0,0,0
HENFNN_05075 phosphatase,Unmatched,0,0,0
HENFNN_05080 NAD-binding protein,Unmatched,0,0,0
HENFNN_05085 DUF4278 domain-containing protein,Unmatched,0,0,0
HENFNN_05090 peptidase,Unmatched,0,0,0
HENFNN_05095 adenosylcobinamide-GDP ribazoletransferase,Unmatched,0,0,0
HENFNN_05100 ATP-binding protein,Unmatched,0,0,0
HENFNN_05105 Type II toxin-antitoxin system VapC family toxin,Unmatched,0,0,0
"HENFNN_05110 putative toxin-antitoxin system toxin component, PIN family",Unmatched,0,0,0
HENFNN_05115 hypothetical protein,Unmatched,0,0,0
HENFNN_05120 Putative restriction endonuclease,Unmatched,0,0,0
HENFNN_05125 photosystem II q(b) protein,Unmatched,0,0,0
"HENFNN_05130 Multicopper oxidase, types 2 and 3",Unmatched,0,0,0
HENFNN_05135 Tyrosinase family protein,Unmatched,0,0,0
HENFNN_05140 hypothetical protein,Unmatched,0,0,0
HENFNN_05145 hypothetical protein,Unmatched,0,0,0
HENFNN_05150 hypothetical protein,Unmatched,0,0,0
HENFNN_05155 hypothetical protein,Unmatched,0,0,0
"HENFNN_05160 Endonuclease, Uma2 family (restriction endonuclease fold)",Unmatched,0,0,0
HENFNN_05165 hypothetical protein,Unmatched,0,0,0
HENFNN_05170 hypothetical protein,Unmatched,0,0,0
HENFNN_05175 hypothetical protein,Unmatched,0,0,0
HENFNN_05180 Chromosome partition protein Smc,Unmatched,0,0,0
HENFNN_05185 DUF3288 domain-containing protein,Unmatched,0,0,0
HENFNN_05190 methionine synthase,Unmatched,0,0,0
HENFNN_05195 AbrB/MazE/SpoVT family DNA-binding domain-containing protein,Unmatched,0,0,0
HENFNN_05200 Death on curing protein Doc toxin,Unmatched,0,0,0
HENFNN_05205 hypothetical protein,Unmatched,0,0,0
HENFNN_05210 hypothetical protein,Unmatched,0,0,0
HENFNN_05215 hypothetical protein,Unmatched,0,0,0
HENFNN_05220 hypothetical protein,Unmatched,0,0,0
HENFNN_05225 ABC-F type ribosomal protection protein,Unmatched,0,0,0
HENFNN_05230 chaperonin GroEL,Unmatched,0,0,0
HENFNN_05235 hypothetical protein,Unmatched,0,0,0
HENFNN_05240 potassium transporter TrkA,Unmatched,0,0,0
HENFNN_05245 Site-specific DNA-methyltransferase (adenine-specific),Unmatched,0,0,0
HENFNN_05250 nucleotidyltransferase,Unmatched,0,0,0
HENFNN_05255 nucleotidyltransferase,Unmatched,0,0,0
HENFNN_05260 Type-1 restriction enzyme EcoKI specificity protein,Unmatched,0,0,0
HENFNN_05265 heavy metal transporter,Unmatched,0,0,0
HENFNN_05270 hypothetical protein,Unmatched,0,0,0
HENFNN_05275 glucose-1-phosphate cytidylyltransferase,Unmatched,0,0,0
HENFNN_05280 hypothetical protein,Unmatched,0,0,0
HENFNN_05285 hypothetical protein,Unmatched,0,0,0
HENFNN_05290 hypothetical protein,Unmatched,0,0,0
HENFNN_05295 DUF6636 domain-containing protein,Unmatched,0,0,0
HENFNN_05300 CHAP domain-containing protein,Unmatched,0,0,0
HENFNN_05305 N-acetylmuramoyl-L-alanine amidase CwlH,Unmatched,0,0,0
HENFNN_05310 hypothetical protein,Unmatched,0,0,0
HENFNN_05315 DUF2235 domain-containing protein,Unmatched,0,0,0
HENFNN_05320 hypothetical protein,Unmatched,0,0,0
HENFNN_05325 cysteine synthase A,Unmatched,0,0,0
HENFNN_05330 hypothetical protein,Unmatched,0,0,0
HENFNN_05335 helicase,Unmatched,0,0,0
HENFNN_05340 SAM-dependent methyltransferase,Unmatched,0,0,0
HENFNN_05345 hypothetical protein,Unmatched,0,0,0
HENFNN_05350 hypothetical protein,Unmatched,0,0,0
HENFNN_05355 Lactamase-B domain-containing protein,Unmatched,0,0,0
HENFNN_05360 N(1)-aminopropylagmatine ureohydrolase,Unmatched,0,0,0
HENFNN_05365 PIN-10 domain-containing protein,Unmatched,0,0,0
HENFNN_05370 hypothetical protein,Unmatched,0,0,0
HENFNN_05375 Lysozyme,Unmatched,0,0,0
HENFNN_05380 chaperone protein ClpB,Unmatched,0,0,0
HENFNN_05385 hypothetical protein,Unmatched,0,0,0
HENFNN_05390 HTH cro/C1-type domain-containing protein,Unmatched,0,0,0
HENFNN_05395 hypothetical protein,Unmatched,0,0,0
HENFNN_05400 DUF4926 domain-containing protein,Unmatched,0,0,0
HENFNN_05405 hypothetical protein,Unmatched,0,0,0
HENFNN_05410 hypothetical protein,Unmatched,0,0,0
HENFNN_05415 PEP-CTERM domain-containing protein,Unmatched,0,0,0
HENFNN_05420 hypothetical protein,Unmatched,0,0,0
HENFNN_05425 hypothetical protein,Unmatched,0,0,0
HENFNN_05430 branched-chain amino acid ABC transporter permease,Unmatched,0,0,0
HENFNN_05435 Putative manganese efflux pump,Unmatched,0,0,0
HENFNN_05440 7-cyano-7-deazaguanine synthase QueC,Unmatched,0,0,0
HENFNN_05445 Aspartyl protease,Unmatched,0,0,0
HENFNN_05450 hypothetical protein,Unmatched,0,0,0
HENFNN_05455 hypothetical protein,Unmatched,0,0,0
HENFNN_05460 FUSC family protein,Unmatched,0,0,0
HENFNN_05465 ATP-binding protein,Unmatched,0,0,0
HENFNN_05470 hypothetical protein,Unmatched,0,0,0
HENFNN_05475 isopropylmalate isomerase,Unmatched,0,0,0
HENFNN_05480 class I SAM-dependent methyltransferase,Unmatched,0,0,0
HENFNN_05485 bifunctional adenosylcobinamide kinase/adenosylcobinamide-phosphate guanylyltransferase,Unmatched,0,0,0
HENFNN_05490 mannose-6-phosphate isomerase,Unmatched,0,0,0
HENFNN_05495 flotillin family protein,Unmatched,0,0,0
HENFNN_05500 Putative restriction endonuclease,Unmatched,0,0,0
HENFNN_05505 hypothetical protein,Unmatched,0,0,0
HENFNN_05510 hypothetical protein,Unmatched,0,0,0
HENFNN_05515 SagB-type dehydrogenase domain-containing protein,Unmatched,0,0,0
HENFNN_05520 taurine catabolism dioxygenase TauD,Unmatched,0,0,0
HENFNN_05525 class I SAM-dependent methyltransferase,Unmatched,0,0,0
HENFNN_05530 cupin domain protein,Unmatched,0,0,0
HENFNN_05535 DNA sulfur modification protein DndE,Unmatched,0,0,0
HENFNN_05540 DNA sulfur modification protein DndD,Unmatched,0,0,0
HENFNN_05545 preprotein translocase subunit Tim44,Unmatched,0,0,0
HENFNN_05550 IctB family putative bicarbonate transporter,Unmatched,0,0,0
HENFNN_05555 Inhibitor-I42 domain-containing protein,Unmatched,0,0,0
HENFNN_05560 Pept-C1 domain-containing protein,Unmatched,0,0,0
HENFNN_05565 hypothetical protein,Unmatched,0,0,0
HENFNN_05570 magnesium chelatase,Unmatched,0,0,0
HENFNN_05575 hypothetical protein,Unmatched,0,0,0
HENFNN_05580 hypothetical protein,Unmatched,0,0,0
HENFNN_05585 bifunctional riboflavin kinase/FAD synthetase,Unmatched,0,0,0
HENFNN_05590 hypothetical protein,Unmatched,0,0,0
HENFNN_05595 citrate lyase beta subunit,Unmatched,0,0,0
HENFNN_05600 aspartate--tRNA ligase,Unmatched,0,0,0
HENFNN_05605 Serine/threonine-protein kinase pkn1,Unmatched,0,0,0
HENFNN_05610 efflux transporter periplasmic adaptor subunit,Unmatched,0,0,0
HENFNN_05615 Four helix bundle protein,Unmatched,0,0,0
HENFNN_05620 ABC transporter permease,Unmatched,0,0,0
HENFNN_05625 aldo/keto reductase,Unmatched,0,0,0
HENFNN_05630 hypothetical protein,Unmatched,0,0,0
HENFNN_05635 hypothetical protein,Unmatched,0,0,0
HENFNN_05640 hypothetical protein,Unmatched,0,0,0
HENFNN_05645 metallophosphoesterase,Unmatched,0,0,0
HENFNN_05650 tRNA (guanosine(46)-N7)-methyltransferase TrmB,Unmatched,0,0,0
HENFNN_05655 hypothetical protein,Unmatched,0,0,0
HENFNN_05660 co-chaperone YbbN,Unmatched,0,0,0
HENFNN_05665 glycogen synthase GlgA,Unmatched,0,0,0
HENFNN_05670 D-alanyl-D-alanine carboxypeptidase/D-alanyl-D-alanine-endopeptidase,Unmatched,0,0,0
HENFNN_05675 glutathione-disulfide reductase,Unmatched,0,0,0
HENFNN_05680 SPFH domain / Band 7 family,Unmatched,0,0,0
HENFNN_05685 allophycocyanin,Unmatched,0,0,0
HENFNN_05690 Rpn family recombination-promoting nuclease/putative transposase,Unmatched,0,0,0
HENFNN_05695 hypothetical protein,Unmatched,0,0,0
HENFNN_05700 hypothetical protein,Unmatched,0,0,0
HENFNN_05705 amidohydrolase,Unmatched,0,0,0
HENFNN_05710 Acetylglutamate kinase,Unmatched,0,0,0
HENFNN_05715 DUF4327 domain-containing protein,Unmatched,0,0,0
HENFNN_05720 efflux RND transporter periplasmic adaptor subunit,Unmatched,0,0,0
HENFNN_05725 hypothetical protein,Unmatched,0,0,0
HENFNN_05730 AbrB/MazE/SpoVT family DNA-binding domain-containing protein,Unmatched,0,0,0
HENFNN_05735 type II toxin-antitoxin system death-on-curing family toxin,Unmatched,0,0,0
HENFNN_05740 hypothetical protein,Unmatched,0,0,0
HENFNN_05745 hypothetical protein,Unmatched,0,0,0
HENFNN_05750 tRNA-Asn(gtt),Unmatched,0,0,0
HENFNN_05755 peptidase M16,Unmatched,0,0,0
HENFNN_05760 peptidase M16,Unmatched,0,0,0
HENFNN_05765 Tetratricopeptide TPR_1 repeat-containing protein,Unmatched,0,0,0
HENFNN_05770 mannosyltransferase,Unmatched,0,0,0
HENFNN_05775 tRNA-Ser(gga),Unmatched,0,0,0
HENFNN_05780 transcription-repair coupling factor,Unmatched,0,0,0
HENFNN_05785 cation ABC transporter substrate-binding protein,Unmatched,0,0,0
HENFNN_05790 ABC transporter,Unmatched,0,0,0
HENFNN_05795 hypothetical protein,Unmatched,0,0,0
HENFNN_05800 ATPase-AAA-core domain-containing protein,Unmatched,0,0,0
HENFNN_05805 DUF29 domain-containing protein,Unmatched,0,0,0
HENFNN_05810 alpha/beta hydrolase,Unmatched,0,0,0
HENFNN_05815 ABC transporter ATP-binding protein,Unmatched,0,0,0
HENFNN_05820 MFS transporter,Unmatched,0,0,0
HENFNN_05825 ABC transporter permease,Unmatched,0,0,0
HENFNN_05830 ABC transporter,Unmatched,0,0,0
HENFNN_05835 Putative restriction endonuclease,Unmatched,0,0,0
HENFNN_05840 Putative restriction endonuclease,Unmatched,0,0,0
HENFNN_05845 type II toxin-antitoxin system RelE/ParE family toxin,Unmatched,0,0,0
HENFNN_05850 addiction module component,Unmatched,0,0,0
HENFNN_05855 hypothetical protein,Unmatched,0,0,0
HENFNN_05860 Papain fold toxin 2,Unmatched,0,0,0
HENFNN_05865 hypothetical protein,Unmatched,0,0,0
HENFNN_05870 Prepilin-type N-terminal cleavage/methylation domain-containing protein,Unmatched,0,0,0
HENFNN_05875 hypothetical protein,Unmatched,0,0,0
HENFNN_05880 DUF29 domain-containing protein,Unmatched,0,0,0
HENFNN_05885 ACP S-malonyltransferase,Unmatched,0,0,0
HENFNN_05890 hypothetical protein,Unmatched,0,0,0
HENFNN_05895 oxidoreductase,Unmatched,0,0,0
HENFNN_05900 hydantoinase,Unmatched,0,0,0
HENFNN_05905 tryptophan synthase subunit alpha,Unmatched,0,0,0
HENFNN_05910 glycosyltransferase,Unmatched,0,0,0
HENFNN_05915 ABC transporter permease,Unmatched,0,0,0
HENFNN_05920 photosystem II reaction center protein CP43,Unmatched,0,0,0
HENFNN_05925 Antisense RNA which regulates isiA expression,Unmatched,0,0,0
HENFNN_05930 threonine-phosphate decarboxylase CobD,Unmatched,0,0,0
HENFNN_05935 DNA-binding protein,Unmatched,0,0,0
HENFNN_05940 DUF4168 domain-containing protein,Unmatched,0,0,0
HENFNN_05945 urease accessory protein UreE,Unmatched,0,0,0
HENFNN_05950 hypothetical protein,Unmatched,0,0,0
HENFNN_05955 aspartate carbamoyltransferase catalytic subunit,Unmatched,0,0,0
HENFNN_05960 GUN4 domain-containing protein,Unmatched,0,0,0
HENFNN_05965 efflux RND transporter periplasmic adaptor subunit,Unmatched,0,0,0
HENFNN_05970 Ureidoglycolate hydrolase,Unmatched,0,0,0
HENFNN_05975 hypothetical protein,Unmatched,0,0,0
HENFNN_05980 NAD(P)-dependent oxidoreductase,Unmatched,0,0,0
HENFNN_05985 hypothetical protein,Unmatched,0,0,0
HENFNN_05990 ABC transporter substrate-binding protein,Unmatched,0,0,0
HENFNN_05995 adenine phosphoribosyltransferase,Unmatched,0,0,0
HENFNN_06000 DUF3038 domain-containing protein,Unmatched,0,0,0
HENFNN_06005 DUF4335 domain-containing protein,Unmatched,0,0,0
HENFNN_06010 HigA family addiction module antitoxin,Unmatched,0,0,0
HENFNN_06015 plasmid maintenance system killer protein,Unmatched,0,0,0
HENFNN_06020 adenosylmethionine decarboxylase,Unmatched,0,0,0
HENFNN_06025 DUF6464 domain-containing protein,Unmatched,0,0,0
"HENFNN_06030 L,D-transpeptidase",Unmatched,0,0,0
HENFNN_06035 DUF2064 domain-containing protein,Unmatched,0,0,0
HENFNN_06040 caspase,Unmatched,0,0,0
HENFNN_06045 hypothetical protein,Unmatched,0,0,0
HENFNN_06050 SAM-dependent methyltransferase,Unmatched,0,0,0
HENFNN_06055 FeoC domain-containing protein,Unmatched,0,0,0
HENFNN_06060 Fe(2+) transporter permease subunit FeoB,Unmatched,0,0,0
HENFNN_06065 ferrous iron transport protein A,Unmatched,0,0,0
HENFNN_06070 hypothetical protein,Unmatched,0,0,0
HENFNN_06075 glycosyltransferase,Unmatched,0,0,0
HENFNN_06080 Glycosyltransferase family 87,Unmatched,0,0,0
HENFNN_06085 glycosyl transferase,Unmatched,0,0,0
HENFNN_06090 DUF4079 domain-containing protein,Unmatched,0,0,0
HENFNN_06095 DUF433 domain-containing protein,Unmatched,0,0,0
HENFNN_06100 glutamate synthase large subunit,Unmatched,0,0,0
HENFNN_06105 HEPN-Apea domain-containing protein,Unmatched,0,0,0
HENFNN_06110 DUF4926 domain-containing protein,Unmatched,0,0,0
HENFNN_06115 hypothetical protein,Unmatched,0,0,0
"HENFNN_06120 putative toxin-antitoxin system toxin component, PIN family",Unmatched,0,0,0
HENFNN_06125 PIN domain nuclease,Unmatched,0,0,0
HENFNN_06130 hypothetical protein,Unmatched,0,0,0
HENFNN_06135 hypothetical protein,Unmatched,0,0,0
HENFNN_06140 hypothetical protein,Unmatched,0,0,0
HENFNN_06145 nucleic acid-binding protein,Unmatched,0,0,0
HENFNN_06150 hypothetical protein,Unmatched,0,0,0
HENFNN_06155 alpha/beta hydrolase,Unmatched,0,0,0
HENFNN_06160 flavin-dependent dehydrogenase,Unmatched,0,0,0
HENFNN_06165 hypothetical protein,Unmatched,0,0,0
HENFNN_06170 DUF2993 domain-containing protein,Unmatched,0,0,0
HENFNN_06175 spore germination protein,Unmatched,0,0,0
HENFNN_06180 mechanosensitive ion channel protein MscS,Unmatched,0,0,0
HENFNN_06185 Cytochrome c-553-like,Unmatched,0,0,0
"HENFNN_06190 O-linked N-acetylglucosamine transferase, SPINDLY family protein",Unmatched,0,0,0
"HENFNN_06195 O-linked N-acetylglucosamine transferase, SPINDLY family protein",Unmatched,0,0,0
"HENFNN_06200 O-linked N-acetylglucosamine transferase, SPINDLY family protein",Unmatched,0,0,0
"HENFNN_06205 O-linked N-acetylglucosamine transferase, SPINDLY family protein",Unmatched,0,0,0
HENFNN_06210 ATP-dependent Clp protease ATP-binding subunit ClpC,Unmatched,0,0,0
HENFNN_06215 Dolichyl-phosphate-mannose-protein mannosyltransferase,Unmatched,0,0,0
HENFNN_06220 hypothetical protein,Unmatched,0,0,0
HENFNN_06225 ATP-dependent Clp protease ATP-binding subunit ClpC,Unmatched,0,0,0
HENFNN_06230 abortive phage resistance protein,Unmatched,0,0,0
HENFNN_06235 hypothetical protein,Unmatched,0,0,0
HENFNN_06240 clan AA aspartic protease,Unmatched,0,0,0
HENFNN_06245 hypothetical protein,Unmatched,0,0,0
HENFNN_06250 VapC toxin family PIN domain ribonuclease,Unmatched,0,0,0
HENFNN_06255 AbrB/MazE/SpoVT family DNA-binding domain-containing protein,Unmatched,0,0,0
HENFNN_06260 acyl-protein synthetase,Unmatched,0,0,0
HENFNN_06265 Type II toxin-antitoxin system RelE/ParE family toxin,Unmatched,0,0,0
HENFNN_06270 hypothetical protein,Unmatched,0,0,0
HENFNN_06275 hypothetical protein,Unmatched,0,0,0
HENFNN_06280 HicB-like domain-containing protein,Unmatched,0,0,0
"HENFNN_06285 HicA toxin of bacterial toxin-antitoxin,",Unmatched,0,0,0
HENFNN_06290 hypothetical protein,Unmatched,0,0,0
HENFNN_06295 hypothetical protein,Unmatched,0,0,0
HENFNN_06300 methyltransferase,Unmatched,0,0,0
HENFNN_06305 FA-desaturase domain-containing protein,Unmatched,0,0,0
HENFNN_06310 hypothetical protein,Unmatched,0,0,0
HENFNN_06315 PQQ-dependent sugar dehydrogenase,Unmatched,0,0,0
HENFNN_06320 amino acid ABC transporter substrate-binding protein,Unmatched,0,0,0
HENFNN_06325 rSAM-associated Gly-rich repeat protein,Unmatched,0,0,0
HENFNN_06330 Recombination-promoting DNA endonuclease RpnC/YadD,Unmatched,0,0,0
HENFNN_06335 Aspartate aminotransferase,Unmatched,0,0,0
HENFNN_06340 complex I intermediate-associated 30 family protein,Unmatched,0,0,0
HENFNN_06345 molecular chaperone DnaJ,Unmatched,0,0,0
HENFNN_06350 haloacid dehalogenase,Unmatched,0,0,0
HENFNN_06355 hypothetical protein,Unmatched,0,0,0
HENFNN_06360 solanesyl diphosphate synthase,Unmatched,0,0,0
HENFNN_06365 hypothetical protein,Unmatched,0,0,0
HENFNN_06370 citramalate synthase,Unmatched,0,0,0
HENFNN_06375 Membrane protein,Unmatched,0,0,0
HENFNN_06380 hypothetical protein,Unmatched,0,0,0
HENFNN_06385 Beta-barrel assembly-enhancing protease,Unmatched,0,0,0
HENFNN_06390 5-(carboxyamino)imidazole ribonucleotide mutase,Unmatched,0,0,0
HENFNN_06395 Uma2 domain-containing protein,Unmatched,0,0,0
HENFNN_06400 helicase,Unmatched,0,0,0
HENFNN_06405 twitching motility protein PilT,Unmatched,0,0,0
HENFNN_06410 hypothetical protein,Unmatched,0,0,0
HENFNN_06415 XisI protein,Unmatched,0,0,0
HENFNN_06420 hypothetical protein,Unmatched,0,0,0
HENFNN_06425 hypothetical protein,ctg36_10_NRPS-like_34_0,99.04,100,1044
HENFNN_06430 Phosphomannomutase,Unmatched,0,0,0
HENFNN_06435 4Fe-4S ferredoxin,Unmatched,0,0,0
HENFNN_06440 single-stranded DNA-binding protein,Unmatched,0,0,0
HENFNN_06445 hypothetical protein,Unmatched,0,0,0
HENFNN_06450 IS5 family transposase,Unmatched,0,0,0
HENFNN_06455 Tnp-DDE-dom domain-containing protein,Unmatched,0,0,0
HENFNN_06460 phosphoglycerate dehydrogenase,Unmatched,0,0,0
HENFNN_06465 biosynthetic-type acetolactate synthase large subunit,Unmatched,0,0,0
HENFNN_06470 dethiobiotin synthase,Unmatched,0,0,0
HENFNN_06475 restriction endonuclease,Unmatched,0,0,0
HENFNN_06480 Transposase,Unmatched,0,0,0
HENFNN_06485 hypothetical protein,Unmatched,0,0,0
HENFNN_06490 hypothetical protein,Unmatched,0,0,0
HENFNN_06495 hypothetical protein,Unmatched,0,0,0
HENFNN_06500 DUF1995 domain-containing protein,ctg105_6_Anabaenopeptin_16_0,95.83,100,744
HENFNN_06505 hypothetical protein,ctg105_5_Anabaenopeptin_16_0,97.44,100,273
HENFNN_06510 hypothetical protein,Unmatched,0,0,0
HENFNN_06515 flavin oxidoreductase,ctg105_3_Anabaenopeptin_16_0,95.88,100,1746
HENFNN_06520 Phosphate-starvation-inducible E family,ctg105_2_Anabaenopeptin_16_0,98.2,99.8,501
HENFNN_06525 diflavin flavoprotein A,Unmatched,0,0,0
HENFNN_06530 hypothetical protein,Unmatched,0,0,0
HENFNN_06535 Uncharacterized protein sll0095,Unmatched,0,0,0
HENFNN_06540 carotene isomerase,Unmatched,0,0,0
HENFNN_06545 polysaccharide biosynthesis protein,Unmatched,0,0,0
HENFNN_06550 transporter,Unmatched,0,0,0
"HENFNN_06555 Endonuclease, Uma2 family (restriction endonuclease fold)",Unmatched,0,0,0
HENFNN_06560 hypothetical protein,Unmatched,0,0,0
HENFNN_06565 NTP-transf-2 domain-containing protein,Unmatched,0,0,0
HENFNN_06570 formylglycine-generating enzyme family protein,Unmatched,0,0,0
HENFNN_06575 dynamin family protein,Unmatched,0,0,0
HENFNN_06580 competence protein ComE,Unmatched,0,0,0
HENFNN_06585 DUF2488 domain-containing protein,Unmatched,0,0,0
HENFNN_06590 pyridoxine 5'-phosphate synthase,Unmatched,0,0,0
HENFNN_06595 YbaB/EbfC family nucleoid-associated protein,Unmatched,0,0,0
HENFNN_06600 meta domain protein,Unmatched,0,0,0
HENFNN_06605 Beta-hexosaminidase,Unmatched,0,0,0
HENFNN_06610 iron ABC transporter substrate-binding protein,Unmatched,0,0,0
HENFNN_06615 DUF3153 domain-containing protein,Unmatched,0,0,0
HENFNN_06620 class 1 fructose-bisphosphatase,Unmatched,0,0,0
HENFNN_06625 hypothetical protein,Unmatched,0,0,0
HENFNN_06630 histidine kinase,Unmatched,0,0,0
HENFNN_06635 DUF3155 domain-containing protein,Unmatched,0,0,0
HENFNN_06640 Peptidase S8,Unmatched,0,0,0
HENFNN_06645 hypothetical protein,Unmatched,0,0,0
HENFNN_06650 hypothetical protein,Unmatched,0,0,0
HENFNN_06655 cadmium-translocating P-type ATPase,Unmatched,0,0,0
HENFNN_06660 histidine--tRNA ligase,Unmatched,0,0,0
HENFNN_06665 hypothetical protein,Unmatched,0,0,0
HENFNN_06670 murein biosynthesis integral membrane protein MurJ,Unmatched,0,0,0
HENFNN_06675 hypothetical protein,Unmatched,0,0,0
HENFNN_06680 hypothetical protein,Unmatched,0,0,0
HENFNN_06685 hypothetical protein,Unmatched,0,0,0
HENFNN_06690 excinuclease ABC subunit A,Unmatched,0,0,0
HENFNN_06695 HigA family addiction module antitoxin,Unmatched,0,0,0
HENFNN_06700 hypothetical protein,Unmatched,0,0,0
HENFNN_06705 DUF2442 domain-containing protein,Unmatched,0,0,0
HENFNN_06710 transcriptional regulator,Unmatched,0,0,0
"HENFNN_06715 HicA toxin of bacterial toxin-antitoxin,",Unmatched,0,0,0
HENFNN_06720 Uncharacterized protein family UPF0150,Unmatched,0,0,0
HENFNN_06725 hypothetical protein,Unmatched,0,0,0
HENFNN_06730 Type II toxin-antitoxin system VapC family toxin,Unmatched,0,0,0
HENFNN_06735 Toxin-antitxon system toxin component,Unmatched,0,0,0
HENFNN_06740 hypothetical protein,Unmatched,0,0,0
HENFNN_06745 hypothetical protein,Unmatched,0,0,0
HENFNN_06750 hypothetical protein,Unmatched,0,0,0
HENFNN_06755 PINc domain-containing protein,Unmatched,0,0,0
HENFNN_06760 hypothetical protein,Unmatched,0,0,0
HENFNN_06765 DNA-binding protein,Unmatched,0,0,0
HENFNN_06770 hypothetical protein,Unmatched,0,0,0
HENFNN_06775 cadmium-translocating P-type ATPase,Unmatched,0,0,0
HENFNN_06780 Membrane protein,Unmatched,0,0,0
HENFNN_06785 hypothetical protein,Unmatched,0,0,0
HENFNN_06790 DNA polymerase III subunit delta',Unmatched,0,0,0
HENFNN_06795 hypothetical protein,Unmatched,0,0,0
HENFNN_06800 DUF4351 domain-containing protein,Unmatched,0,0,0
HENFNN_06805 hypothetical protein,Unmatched,0,0,0
HENFNN_06810 Methyltransferase type 11,Unmatched,0,0,0
HENFNN_06815 hypothetical protein,ctg20_11_NRPS-T1PKS_26_0,89.74,96.3,162
HENFNN_06820 flippase,Unmatched,0,0,0
HENFNN_06825 Methyltransf-21 domain-containing protein,Unmatched,0,0,0
HENFNN_06830 DUF268 domain-containing protein,Unmatched,0,0,0
HENFNN_06835 methyltransferase FkbM,Unmatched,0,0,0
HENFNN_06840 glycosyl transferase family 11,Unmatched,0,0,0
HENFNN_06845 hypothetical protein,Unmatched,0,0,0
HENFNN_06850 hypothetical protein,Unmatched,0,0,0
HENFNN_06855 DUF1963 domain-containing protein,Unmatched,0,0,0
HENFNN_06860 hypothetical protein,Unmatched,0,0,0
HENFNN_06865 sodium-independent anion transporter,Unmatched,0,0,0
HENFNN_06870 hypothetical protein,Unmatched,0,0,0
HENFNN_06875 NAD(P)/FAD-dependent oxidoreductase,Unmatched,0,0,0
HENFNN_06880 hypothetical protein,Unmatched,0,0,0
HENFNN_06885 membrane-bound O-acyltransferase family protein,Unmatched,0,0,0
HENFNN_06890 FkbM family methyltransferase,Unmatched,0,0,0
HENFNN_06895 hypothetical protein,Unmatched,0,0,0
HENFNN_06900 UDP-glucose 4-epimerase GalE,Unmatched,0,0,0
HENFNN_06905 polyphosphate:AMP phosphotransferase,Unmatched,0,0,0
HENFNN_06910 phosphoribosylglycinamide formyltransferase,Unmatched,0,0,0
HENFNN_06915 galactosyl-1-phosphate transferase,Unmatched,0,0,0
HENFNN_06920 DNA gyrase subunit A,Unmatched,0,0,0
HENFNN_06925 NUDIX hydrolase,Unmatched,0,0,0
HENFNN_06930 hypothetical protein,Unmatched,0,0,0
HENFNN_06935 BsaAI,Unmatched,0,0,0
HENFNN_06940 DNA (cytosine-5-)-methyltransferase,Unmatched,0,0,0
HENFNN_06945 tRNA-binding domain-containing protein,Unmatched,0,0,0
HENFNN_06950 site-specific DNA-methyltransferase,Unmatched,0,0,0
HENFNN_06955 restriction endonuclease,Unmatched,0,0,0
HENFNN_06960 phenylalanine--tRNA ligase subunit beta,Unmatched,0,0,0
HENFNN_06965 ATPase,Unmatched,0,0,0
HENFNN_06970 PEP-CTERM sorting domain-containing protein,Unmatched,0,0,0
HENFNN_06975 Uncharacterised protein family (UPF0175),Unmatched,0,0,0
HENFNN_06980 hypothetical protein,Unmatched,0,0,0
HENFNN_06985 N-terminal part of Q9RNA5_MICAE Uma4,AAF00967.1_uma4_MicrocystisaeruginosaPCC7806_microcystinLR,97.5,98.77,81
HENFNN_06990 Site-specific DNA-methyltransferase (adenine-specific),Unmatched,0,0,0
HENFNN_06995 hypothetical protein,Unmatched,0,0,0
HENFNN_07000 hypothetical protein,Unmatched,0,0,0
HENFNN_07005 hypothetical protein,Unmatched,0,0,0
HENFNN_07010 hypothetical protein,Unmatched,0,0,0
HENFNN_07015 N6-Mtase domain-containing protein,Unmatched,0,0,0
HENFNN_07020 Type II restriction endonuclease,Unmatched,0,0,0
HENFNN_07025 LemA family protein,Unmatched,0,0,0
HENFNN_07030 TPM domain-containing protein,Unmatched,0,0,0
HENFNN_07035 Glycosyltransferase involved in cell wall bisynthesis,Unmatched,0,0,0
HENFNN_07040 HEAT repeat domain-containing protein,Unmatched,0,0,0
HENFNN_07045 DNA-adenine methylase,Unmatched,0,0,0
HENFNN_07050 flagellar assembly protein H,Unmatched,0,0,0
HENFNN_07055 hypothetical protein,Unmatched,0,0,0
HENFNN_07060 hypothetical protein,Unmatched,0,0,0
HENFNN_07065 alanine racemase,Unmatched,0,0,0
HENFNN_07070 DUF1611 domain-containing protein,Unmatched,0,0,0
HENFNN_07075 DUF3134 domain-containing protein,Unmatched,0,0,0
HENFNN_07080 ssl1498 family light-harvesting-like protein,Unmatched,0,0,0
HENFNN_07085 2-phospho-L-lactate transferase CofD,Unmatched,0,0,0
HENFNN_07090 Tic20 family protein,Unmatched,0,0,0
HENFNN_07095 IS200/IS605 family transposase,Unmatched,0,0,0
HENFNN_07100 hypothetical protein,Unmatched,0,0,0
HENFNN_07105 hypothetical protein,Unmatched,0,0,0
HENFNN_07110 hypothetical protein,Unmatched,0,0,0
HENFNN_07115 serine/threonine protein kinase,Unmatched,0,0,0
HENFNN_07120 serine/threonine protein kinase,Unmatched,0,0,0
HENFNN_07125 Ammonia channel protein AmtB,Unmatched,0,0,0
HENFNN_07130 CPBP family intramembrane metalloprotease,Unmatched,0,0,0
HENFNN_07135 ATP-dependent Clp protease adapter ClpS,Unmatched,0,0,0
HENFNN_07140 hypothetical protein,Unmatched,0,0,0
HENFNN_07145 hypothetical protein,Unmatched,0,0,0
HENFNN_07150 Uncharacterised protein family (UPF0175),Unmatched,0,0,0
HENFNN_07155 DUF3368 domain-containing protein,Unmatched,0,0,0
HENFNN_07160 transposase,Unmatched,0,0,0
HENFNN_07165 Uma2 domain-containing protein,Unmatched,0,0,0
HENFNN_07170 hypothetical protein,Unmatched,0,0,0
HENFNN_07175 transporter,Unmatched,0,0,0
HENFNN_07180 hypothetical protein,Unmatched,0,0,0
HENFNN_07185 cytochrome B6,Unmatched,0,0,0
HENFNN_07190 arsenic-transporting ATPase,Unmatched,0,0,0
HENFNN_07195 chlorophyll synthase ChlG,Unmatched,0,0,0
HENFNN_07200 Inhibitor of apoptosis-promoting Bax1,Unmatched,0,0,0
HENFNN_07205 Chlorophyll A-B binding protein,Unmatched,0,0,0
HENFNN_07210 metalloprotease,Unmatched,0,0,0
HENFNN_07215 DUF6519 domain-containing protein,Unmatched,0,0,0
HENFNN_07220 hypothetical protein,Unmatched,0,0,0
HENFNN_07225 ATPase,Unmatched,0,0,0
HENFNN_07230 Baseplate-J domain-containing protein,Unmatched,0,0,0
HENFNN_07235 hypothetical protein,Unmatched,0,0,0
HENFNN_07240 putative baseplate assembly protein,Unmatched,0,0,0
HENFNN_07245 GPW-gp25 domain-containing protein,Unmatched,0,0,0
HENFNN_07250 hypothetical protein,Unmatched,0,0,0
HENFNN_07255 50S ribosomal protein L11 methyltransferase,Unmatched,0,0,0
HENFNN_07260 ATP-dependent zinc protease,Unmatched,0,0,0
HENFNN_07265 Adenylyl-sulfate kinase,Unmatched,0,0,0
HENFNN_07270 tail length tape measure protein,Unmatched,0,0,0
HENFNN_07275 energy-coupling factor transporter transmembrane protein EcfT,Unmatched,0,0,0
HENFNN_07280 dephospho-CoA kinase,Unmatched,0,0,0
HENFNN_07285 phosphoribosylaminoimidazolesuccinocarboxamide synthase,Unmatched,0,0,0
HENFNN_07290 Isopropylmalate/homocitrate/citramalate synthase,Unmatched,0,0,0
HENFNN_07295 threonine--tRNA ligase,Unmatched,0,0,0
HENFNN_07300 metal ABC transporter substrate-binding protein,Unmatched,0,0,0
HENFNN_07305 cobalamin biosynthesis protein CobW,Unmatched,0,0,0
HENFNN_07310 DUF4079 domain-containing protein,Unmatched,0,0,0
HENFNN_07315 aminopeptidase,Unmatched,0,0,0
HENFNN_07320 DEAD/DEAH box helicase family protein,Unmatched,0,0,0
HENFNN_07325 Restriction endonuclease subunit S,Unmatched,0,0,0
HENFNN_07330 adenylyl-sulfate kinase,AAF00966.1_uma3_MicrocystisaeruginosaPCC7806_microcystinLR,96.27,100,1527
HENFNN_07335 VWFA domain-containing protein,Unmatched,0,0,0
HENFNN_07340 septal ring lytic transglycosylase RlpA family lipoprotein,Unmatched,0,0,0
HENFNN_07345 IS200/IS605 family transposase,ctg27_29_T1PKS-Terpene_11_0,93.51,81.91,282
HENFNN_07350 hypothetical protein,Unmatched,0,0,0
HENFNN_07355 hypothetical protein,Unmatched,0,0,0
HENFNN_07360 50S ribosomal protein L1,Unmatched,0,0,0
HENFNN_07365 50S ribosomal protein L11,Unmatched,0,0,0
HENFNN_07370 transcription termination/antitermination protein NusG,Unmatched,0,0,0
HENFNN_07375 preprotein translocase subunit SecE,Unmatched,0,0,0
HENFNN_07380 tRNA-Trp(cca),Unmatched,0,0,0
HENFNN_07385 50S ribosomal protein L19,Unmatched,0,0,0
HENFNN_07390 carbonic anhydrase,Unmatched,0,0,0
HENFNN_07395 photosystem II reaction center protein PsbN,Unmatched,0,0,0
HENFNN_07400 alpha-mannosidase,Unmatched,0,0,0
HENFNN_07405 ring-hydroxylating oxygenase subunit alpha,Unmatched,0,0,0
HENFNN_07410 hypothetical protein,Unmatched,0,0,0
HENFNN_07415 NADP-dependent isocitrate dehydrogenase,Unmatched,0,0,0
HENFNN_07420 PEP-CTERM sorting domain-containing protein,Unmatched,0,0,0
HENFNN_07425 hypothetical protein,Unmatched,0,0,0
HENFNN_07430 NAD(P)H-quinone oxidoreductase subunit 5,Unmatched,0,0,0
HENFNN_07435 hypothetical protein,Unmatched,0,0,0
HENFNN_07440 peptidase,Unmatched,0,0,0
HENFNN_07445 preprotein translocase subunit SecG,Unmatched,0,0,0
HENFNN_07450 type II toxin-antitoxin system RelE/ParE family toxin,Unmatched,0,0,0
HENFNN_07455 hypothetical protein,Unmatched,0,0,0
"HENFNN_07460 2,3-bisphosphoglycerate-independent phosphoglycerate mutase",Unmatched,0,0,0
HENFNN_07465 porin,Unmatched,0,0,0
HENFNN_07470 hypothetical protein,Unmatched,0,0,0
HENFNN_07475 hypothetical protein,Unmatched,0,0,0
HENFNN_07480 Tetratricopeptide repeat protein,Unmatched,0,0,0
HENFNN_07485 hypothetical protein,Unmatched,0,0,0
HENFNN_07490 hypothetical protein,Unmatched,0,0,0
HENFNN_07495 HicB-like domain-containing protein,Unmatched,0,0,0
HENFNN_07500 hypothetical protein,Unmatched,0,0,0
HENFNN_07505 prolyl oligopeptidase family serine peptidase,Unmatched,0,0,0
HENFNN_07510 hypothetical protein,Unmatched,0,0,0
HENFNN_07515 hypothetical protein,Unmatched,0,0,0
HENFNN_07520 hypothetical protein,Unmatched,0,0,0
HENFNN_07525 Antitoxin,Unmatched,0,0,0
HENFNN_07530 hypothetical protein,Unmatched,0,0,0
HENFNN_07535 DUF2283 domain-containing protein,Unmatched,0,0,0
HENFNN_07540 FdxN element excision controlling factor protein (Modular protein),Unmatched,0,0,0
HENFNN_07545 fatty-acid oxidation protein subunit alpha,Unmatched,0,0,0
HENFNN_07550 XisI protein,Unmatched,0,0,0
HENFNN_07555 type III restriction endonuclease subunit R,Unmatched,0,0,0
HENFNN_07560 hypothetical protein,Unmatched,0,0,0
HENFNN_07565 hypothetical protein,Unmatched,0,0,0
HENFNN_07570 cell death suppressor protein Lls1,Unmatched,0,0,0
HENFNN_07575 hypothetical protein,Unmatched,0,0,0
HENFNN_07580 Transposase,Unmatched,0,0,0
HENFNN_07585 STAS/SEC14 domain-containing protein,Unmatched,0,0,0
HENFNN_07590 cyanophycin synthetase,Unmatched,0,0,0
HENFNN_07595 site-specific DNA-methyltransferase,Unmatched,0,0,0
HENFNN_07600 cofactor assembly of complex C subunit B,Unmatched,0,0,0
HENFNN_07605 DNA-binding response regulator,Unmatched,0,0,0
HENFNN_07610 DNA repair protein RadA,Unmatched,0,0,0
HENFNN_07615 cytochrome b6-f complex subunit PetL,Unmatched,0,0,0
HENFNN_07620 DUF29 domain-containing protein,Unmatched,0,0,0
HENFNN_07625 molybdenum cofactor biosynthesis protein,Unmatched,0,0,0
HENFNN_07630 hypothetical protein,Unmatched,0,0,0
HENFNN_07635 Urease accessory protein UreF,Unmatched,0,0,0
HENFNN_07640 glycosyltransferase,Unmatched,0,0,0
HENFNN_07645 hormogonium polysaccharide biosynthesis acetyltransferase HpsU,Unmatched,0,0,0
HENFNN_07650 Small-conductance mechanosensitive channel MscK,Unmatched,0,0,0
HENFNN_07655 Glutamate decarboxylase,Unmatched,0,0,0
HENFNN_07660 Glutamate decarboxylase,Unmatched,0,0,0
HENFNN_07665 DUF1345 domain-containing protein,Unmatched,0,0,0
HENFNN_07670 hypothetical protein,Unmatched,0,0,0
HENFNN_07675 hypothetical protein,Unmatched,0,0,0
HENFNN_07680 All1724 protein,Unmatched,0,0,0
HENFNN_07685 prevent-host-death protein,Unmatched,0,0,0
HENFNN_07690 HicB-like domain-containing protein,Unmatched,0,0,0
HENFNN_07695 TrkA family potassium uptake protein,Unmatched,0,0,0
HENFNN_07700 ATPase,Unmatched,0,0,0
HENFNN_07705 glycosyltransferase,Unmatched,0,0,0
HENFNN_07710 RNA methyltransferase,Unmatched,0,0,0
HENFNN_07715 serine hydrolase,Unmatched,0,0,0
HENFNN_07720 glutaredoxin family protein,Unmatched,0,0,0
HENFNN_07725 hypothetical protein,Unmatched,0,0,0
HENFNN_07730 Putative restriction endonuclease,Unmatched,0,0,0
HENFNN_07735 AAA-31 domain-containing protein,Unmatched,0,0,0
HENFNN_07740 HEPN-RiboL-PSP domain-containing protein,Unmatched,0,0,0
HENFNN_07745 Uncharacterized protein slr1919,Unmatched,0,0,0
HENFNN_07750 hypothetical protein,Unmatched,0,0,0
HENFNN_07755 anthranilate synthase component I,Unmatched,0,0,0
HENFNN_07760 permease,Unmatched,0,0,0
"HENFNN_07765 type II toxin-antitoxin system mRNA interferase toxin, RelE/StbE family",Unmatched,0,0,0
HENFNN_07770 DUF2281 domain-containing protein,Unmatched,0,0,0
HENFNN_07775 PEP-CTERM domain-containing protein,Unmatched,0,0,0
HENFNN_07780 agmatinase,Unmatched,0,0,0
HENFNN_07785 hydrogenase maturation nickel metallochaperone HypA,Unmatched,0,0,0
HENFNN_07790 hydrogenase nickel incorporation protein HypB,Unmatched,0,0,0
HENFNN_07795 aliphatic sulfonates ABC transporter substrate-binding protein,Unmatched,0,0,0
HENFNN_07800 ABC transporter permease,Unmatched,0,0,0
HENFNN_07805 nitrate ABC transporter ATP-binding protein,Unmatched,0,0,0
HENFNN_07810 Red carotenoid-binding protein,Unmatched,0,0,0
HENFNN_07815 All3148 protein,Unmatched,0,0,0
HENFNN_07820 alpha/beta hydrolase,Unmatched,0,0,0
HENFNN_07825 modification methylase,Unmatched,0,0,0
HENFNN_07830 hypothetical protein,Unmatched,0,0,0
HENFNN_07835 anticodon-binding protein,Unmatched,0,0,0
HENFNN_07840 Chromosome partition protein Smc,Unmatched,0,0,0
HENFNN_07845 hypothetical protein,Unmatched,0,0,0
HENFNN_07850 hypothetical protein,Unmatched,0,0,0
HENFNN_07855 hypothetical protein,Unmatched,0,0,0
HENFNN_07860 hypothetical protein,Unmatched,0,0,0
HENFNN_07865 hypothetical protein,Unmatched,0,0,0
HENFNN_07870 hypothetical protein,Unmatched,0,0,0
HENFNN_07875 hypothetical protein,Unmatched,0,0,0
HENFNN_07880 hypothetical protein,Unmatched,0,0,0
HENFNN_07885 Membrane protein,Unmatched,0,0,0
HENFNN_07890 NC domain-containing protein,Unmatched,0,0,0
HENFNN_07895 hypothetical protein,Unmatched,0,0,0
HENFNN_07900 phosphoribosyltransferase,Unmatched,0,0,0
HENFNN_07905 cytochrome d ubiquinol oxidase subunit II,Unmatched,0,0,0
HENFNN_07910 cytochrome ubiquinol oxidase subunit I,Unmatched,0,0,0
HENFNN_07915 tRNA uridine-5-carboxymethylaminomethyl(34) synthesis enzyme MnmG,ctg1_9_samp_4305_554341_lanthipeptide-class-v,73.02,98.69,1908
HENFNN_07920 hypothetical protein,Unmatched,0,0,0
HENFNN_07925 hypothetical protein,Unmatched,0,0,0
HENFNN_07930 hypothetical protein,Unmatched,0,0,0
HENFNN_07935 Dioxygenase,Unmatched,0,0,0
HENFNN_07940 Uma2 domain-containing protein,Unmatched,0,0,0
HENFNN_07945 Uma2 domain-containing protein,Unmatched,0,0,0
HENFNN_07950 Serine hydroxymethyltransferase,Unmatched,0,0,0
HENFNN_07955 undecaprenyl-phosphate alpha-N-acetylglucosaminyl 1-phosphate transferase,Unmatched,0,0,0
HENFNN_07960 DUF4164 domain-containing protein,Unmatched,0,0,0
HENFNN_07965 DUF4164 domain-containing protein,Unmatched,0,0,0
HENFNN_07970 DUF4164 domain-containing protein,Unmatched,0,0,0
HENFNN_07975 polyketide biosynthesis operon protein CyrO,Unmatched,0,0,0
HENFNN_07980 hypothetical protein,Unmatched,0,0,0
HENFNN_07985 Putative restriction endonuclease,Unmatched,0,0,0
HENFNN_07990 chloride channel protein,Unmatched,0,0,0
HENFNN_07995 hypothetical protein,Unmatched,0,0,0
"HENFNN_08000 glutamate-1-semialdehyde 2,1-aminomutase",Unmatched,0,0,0
HENFNN_08005 ABC transporter ATP-binding protein,Unmatched,0,0,0
HENFNN_08010 MCE family protein,Unmatched,0,0,0
HENFNN_08015 UDP-N-acetylglucosamine 2-epimerase (non-hydrolyzing),Unmatched,0,0,0
HENFNN_08020 crossover junction endodeoxyribonuclease RuvC,Unmatched,0,0,0
HENFNN_08025 1-acyl-sn-glycerol-3-phosphate acyltransferase,Unmatched,0,0,0
HENFNN_08030 Cyano-1 RNA,Unmatched,0,0,0
HENFNN_08035 hypothetical protein,Unmatched,0,0,0
HENFNN_08040 cell division protein FtsW,Unmatched,0,0,0
HENFNN_08045 isoaspartyl peptidase,Unmatched,0,0,0
HENFNN_08050 tRNA-His(gtg),Unmatched,0,0,0
HENFNN_08055 hypothetical protein,Unmatched,0,0,0
HENFNN_08060 Mobile element protein,Unmatched,0,0,0
HENFNN_08065 VapC toxin family PIN domain ribonuclease,Unmatched,0,0,0
HENFNN_08070 SpoVT/AbrB domain-containing protein,Unmatched,0,0,0
HENFNN_08075 AAA domain-containing protein,Unmatched,0,0,0
HENFNN_08080 competence/damage-inducible protein A,Unmatched,0,0,0
HENFNN_08085 hypothetical protein,Unmatched,0,0,0
HENFNN_08090 molecular chaperone DnaK,Unmatched,0,0,0
HENFNN_08095 Putative restriction endonuclease,Unmatched,0,0,0
HENFNN_08100 DUF29 domain-containing protein,Unmatched,0,0,0
HENFNN_08105 Putative restriction endonuclease,Unmatched,0,0,0
HENFNN_08110 Putative restriction endonuclease,Unmatched,0,0,0
HENFNN_08115 Putative restriction endonuclease,Unmatched,0,0,0
HENFNN_08120 acetyl-CoA carboxylase biotin carboxylase subunit,Unmatched,0,0,0
HENFNN_08125 B12-binding domain-containing radical SAM protein,Unmatched,0,0,0
HENFNN_08130 NTPase (NACHT family),Unmatched,0,0,0
HENFNN_08135 sterol C5-desaturase,Unmatched,0,0,0
HENFNN_08140 Ssr3189 protein,Unmatched,0,0,0
HENFNN_08145 RNA-binding protein,Unmatched,0,0,0
HENFNN_08150 phenylalanine--tRNA ligase subunit alpha,Unmatched,0,0,0
HENFNN_08155 DUF4870 domain-containing protein,Unmatched,0,0,0
HENFNN_08160 FAD-dependent oxidoreductase,Unmatched,0,0,0
HENFNN_08165 transcriptional regulator,Unmatched,0,0,0
HENFNN_08170 cytidine deaminase,Unmatched,0,0,0
HENFNN_08175 hypothetical protein,Unmatched,0,0,0
HENFNN_08180 50S ribosome-binding GTPase,Unmatched,0,0,0
HENFNN_08185 DUF4336 domain-containing protein,Unmatched,0,0,0
HENFNN_08190 hypothetical protein,Unmatched,0,0,0
HENFNN_08195 amino acid ABC transporter permease,Unmatched,0,0,0
HENFNN_08200 photosystem I reaction center subunit PsaK,Unmatched,0,0,0
HENFNN_08205 50S ribosomal protein L28,Unmatched,0,0,0
HENFNN_08210 DNA methyltransferase,Unmatched,0,0,0
HENFNN_08215 Protein translocase subunit SecA,Unmatched,0,0,0
HENFNN_08220 ATPase,Unmatched,0,0,0
HENFNN_08225 DUF4276 domain-containing protein,Unmatched,0,0,0
"HENFNN_08230 2-C-methyl-D-erythritol 2,4-cyclodiphosphate synthase",Unmatched,0,0,0
HENFNN_08235 DUF2281 domain-containing protein,Unmatched,0,0,0
HENFNN_08240 PIN domain nuclease,Unmatched,0,0,0
HENFNN_08245 arginine--tRNA ligase,Unmatched,0,0,0
HENFNN_08250 nitrogenase,Unmatched,0,0,0
HENFNN_08255 hypothetical protein,Unmatched,0,0,0
HENFNN_08260 hypothetical protein,Unmatched,0,0,0
HENFNN_08265 hypothetical protein,Unmatched,0,0,0
HENFNN_08270 chromosome segregation protein SMC,Unmatched,0,0,0
HENFNN_08275 hypothetical protein,Unmatched,0,0,0
HENFNN_08280 16S rRNA (uracil(1498)-N(3))-methyltransferase,Unmatched,0,0,0
HENFNN_08285 Slr0723 protein,Unmatched,0,0,0
HENFNN_08290 hypothetical protein,Unmatched,0,0,0
HENFNN_08295 photosystem I reaction center subunit IV,Unmatched,0,0,0
HENFNN_08300 aspartate aminotransferase family protein,Unmatched,0,0,0
HENFNN_08305 sulfotransferase,Unmatched,0,0,0
HENFNN_08310 Lysylphosphatidylglycerol synthase TM region,Unmatched,0,0,0
HENFNN_08315 circadian clock protein KaiC,Unmatched,0,0,0
HENFNN_08320 circadian clock protein KaiB,Unmatched,0,0,0
HENFNN_08325 circadian clock protein KaiA,Unmatched,0,0,0
HENFNN_08330 hybrid sensor histidine kinase/response regulator,Unmatched,0,0,0
HENFNN_08335 transposase,Unmatched,0,0,0
HENFNN_08340 DUF1049 domain-containing protein,Unmatched,0,0,0
HENFNN_08345 Tnp-DNA-bind domain-containing protein,Unmatched,0,0,0
HENFNN_08350 NAD(P)H-dependent glycerol-3-phosphate dehydrogenase,Unmatched,0,0,0
HENFNN_08355 NUDIX hydrolase,Unmatched,0,0,0
HENFNN_08360 ABC transporter permease,Unmatched,0,0,0
HENFNN_08365 efflux transporter periplasmic adaptor subunit,Unmatched,0,0,0
HENFNN_08370 cytochrome c biogenesis factor,Unmatched,0,0,0
HENFNN_08375 PKS-ER domain-containing protein,Unmatched,0,0,0
HENFNN_08380 hypothetical protein,Unmatched,0,0,0
HENFNN_08385 glycosyl transferase,Unmatched,0,0,0
HENFNN_08390 bifunctional sterol desaturase/short chain dehydrogenase,Unmatched,0,0,0
HENFNN_08395 zinc-binding alcohol dehydrogenase,Unmatched,0,0,0
HENFNN_08400 hypothetical protein,Unmatched,0,0,0
HENFNN_08405 acyl carrier protein,Unmatched,0,0,0
HENFNN_08410 universal stress protein,Unmatched,0,0,0
HENFNN_08415 competence protein,Unmatched,0,0,0
HENFNN_08420 signal peptide peptidase SppA,Unmatched,0,0,0
HENFNN_08425 DNA (cytosine-5-)-methyltransferase,Unmatched,0,0,0
HENFNN_08430 adenine-specific DNA-methyltransferase,Unmatched,0,0,0
HENFNN_08435 restriction endonuclease,Unmatched,0,0,0
HENFNN_08440 hypothetical protein,Unmatched,0,0,0
HENFNN_08445 agmatinase,Unmatched,0,0,0
HENFNN_08450 tRNA-Val(gac),Unmatched,0,0,0
HENFNN_08455 2Fe-2S ferredoxin,Unmatched,0,0,0
HENFNN_08460 hypothetical protein,Unmatched,0,0,0
HENFNN_08465 acetylmannosamine-6-phosphate 2-epimerase,Unmatched,0,0,0
HENFNN_08470 inorganic pyrophosphatase,Unmatched,0,0,0
HENFNN_08475 Nitrogen stress-induced RNA 4,Unmatched,0,0,0
HENFNN_08480 AI-2E family transporter,Unmatched,0,0,0
HENFNN_08485 anacyclamide synthesis protein AcyF,"AFK79989.1_pirF_MicrocystisaeruginosaPCC7005_piricyclamide7005E1,piricyclamide7005E2,piricyclamide7005E3,piricyclamide7005E4",83.89,97.55,897
HENFNN_08490 HNH endonuclease,Unmatched,0,0,0
HENFNN_08495 hypothetical protein,Unmatched,0,0,0
HENFNN_08500 hypothetical protein,"AFK79988.1_pirE3_MicrocystisaeruginosaPCC7005_piricyclamide7005E1,piricyclamide7005E2,piricyclamide7005E3,piricyclamide7005E4",82.8,106.8,147
HENFNN_08505 Plasmid stabilization system protein ParE,Unmatched,0,0,0
HENFNN_08510 type II toxin-antitoxin system ParD family antitoxin,Unmatched,0,0,0
HENFNN_08515 hypothetical protein,Unmatched,0,0,0
HENFNN_08520 Stp1/IreP family PP2C-type Ser/Thr phosphatase,Unmatched,0,0,0
HENFNN_08525 ankyrin repeat domain-containing protein,Unmatched,0,0,0
HENFNN_08530 hybrid sensor histidine kinase/response regulator,Unmatched,0,0,0
HENFNN_08535 IS200/IS605 family transposase,ctg27_29_T1PKS-Terpene_11_0,93.07,82.8,279
HENFNN_08540 SAM-dependent methyltransferase,Unmatched,0,0,0
HENFNN_08545 YqeG family HAD IIIA-type phosphatase,Unmatched,0,0,0
HENFNN_08550 SAM-dependent methyltransferase,Unmatched,0,0,0
HENFNN_08555 ferrochelatase,Unmatched,0,0,0
HENFNN_08560 Domain of unknown function DUF29,Unmatched,0,0,0
HENFNN_08565 DUF2281 domain-containing protein,Unmatched,0,0,0
HENFNN_08570 hypothetical protein,Unmatched,0,0,0
HENFNN_08575 GNAT family N-acetyltransferase,Unmatched,0,0,0
HENFNN_08580 Chromosome partition protein Smc,Unmatched,0,0,0
HENFNN_08585 acetate--CoA ligase,Unmatched,0,0,0
HENFNN_08590 photosystem I iron-sulfur center protein PsaC,Unmatched,0,0,0
HENFNN_08595 Putative restriction endonuclease,Unmatched,0,0,0
HENFNN_08600 cobalt ABC transporter,Unmatched,0,0,0
HENFNN_08605 class II glutamine amidotransferase,Unmatched,0,0,0
HENFNN_08610 hypothetical protein,Unmatched,0,0,0
HENFNN_08615 DUF4926 domain-containing protein,Unmatched,0,0,0
HENFNN_08620 hypothetical protein,Unmatched,0,0,0
HENFNN_08625 bifunctional pantoate--beta-alanine ligase/(d)CMP kinase,Unmatched,0,0,0
HENFNN_08630 NAGPA domain-containing protein,Unmatched,0,0,0
HENFNN_08635 Poly(hydroxyalcanoate) granule associated protein (phasin),Unmatched,0,0,0
HENFNN_08640 peptidylprolyl isomerase,Unmatched,0,0,0
HENFNN_08645 hypothetical protein,Unmatched,0,0,0
HENFNN_08650 RNA-splicing ligase RtcB,Unmatched,0,0,0
HENFNN_08655 ribonucleoside-triphosphate reductase,Unmatched,0,0,0
HENFNN_08660 YebC/PmpR family DNA-binding transcriptional regulator,Unmatched,0,0,0
HENFNN_08665 pentapeptide repeat-containing protein,Unmatched,0,0,0
HENFNN_08670 penicillin-binding protein,Unmatched,0,0,0
HENFNN_08675 Peptidoglycan-binding protein,Unmatched,0,0,0
HENFNN_08680 photosystem I reaction center subunit XII,Unmatched,0,0,0
HENFNN_08685 hypothetical protein,Unmatched,0,0,0
HENFNN_08690 23S rRNA (adenine(2503)-C(2))-methyltransferase RlmN,Unmatched,0,0,0
HENFNN_08695 NACHT domain-containing protein,Unmatched,0,0,0
HENFNN_08700 hypothetical protein,Unmatched,0,0,0
HENFNN_08705 hypothetical protein,Unmatched,0,0,0
HENFNN_08710 lysozyme,Unmatched,0,0,0
HENFNN_08715 hypothetical protein,Unmatched,0,0,0
HENFNN_08720 diacylglycerol kinase,ctg3_16_lanthipeptide_54_0,97.34,100,489
HENFNN_08725 rRNA maturation RNase YbeY,ctg3_15_lanthipeptide_54_0,98.64,100,513
HENFNN_08730 DUF3285 domain-containing protein,ctg3_14_lanthipeptide_54_0,98.39,100,186
HENFNN_08735 recombinase RecQ,ctg3_13_lanthipeptide_54_0,97.31,100,1452
HENFNN_08740 FkbM family methyltransferase,Unmatched,0,0,0
HENFNN_08745 DUF2281 domain-containing protein,ctg3_1_lanthipeptide_54_0,99.58,99.58,240
HENFNN_08750 VapC toxin family PIN domain ribonuclease,Unmatched,0,0,0
HENFNN_08755 PEP-CTERM sorting domain-containing protein,Unmatched,0,0,0
HENFNN_08760 Uncharacterised protein family (UPF0175),Unmatched,0,0,0
HENFNN_08765 DUF3368 domain-containing protein,Unmatched,0,0,0
HENFNN_08770 hypothetical protein,Unmatched,0,0,0
HENFNN_08775 photosystem II S4 domain protein,Unmatched,0,0,0
HENFNN_08780 DNA phosphorothioation-associated methyltransferase,Unmatched,0,0,0
HENFNN_08785 Putative restriction endonuclease,Unmatched,0,0,0
HENFNN_08790 dolichyl-phosphate-mannose--protein O-mannosyl transferase,Unmatched,0,0,0
HENFNN_08795 tryptophan--tRNA ligase,Unmatched,0,0,0
HENFNN_08800 site-specific DNA-methyltransferase,Unmatched,0,0,0
HENFNN_08805 ssl1498 family light-harvesting-like protein,Unmatched,0,0,0
HENFNN_08810 Mom72 protein,Unmatched,0,0,0
HENFNN_08815 photosystem II oxygen evolving complex protein PsbP,Unmatched,0,0,0
HENFNN_08820 hypothetical protein,Unmatched,0,0,0
HENFNN_08825 Nucleoside triphosphate pyrophosphatase,Unmatched,0,0,0
HENFNN_08830 urease accessory protein UreG,Unmatched,0,0,0
HENFNN_08835 glycosyltransferase,Unmatched,0,0,0
HENFNN_08840 receptor ligand binding family protein,Unmatched,0,0,0
HENFNN_08845 radical SAM protein,Unmatched,0,0,0
HENFNN_08850 DUF4089 domain-containing protein,Unmatched,0,0,0
HENFNN_08855 AtzE family amidohydrolase,Unmatched,0,0,0
HENFNN_08860 glycosyl transferase family 1,Unmatched,0,0,0
HENFNN_08865 glycosyl transferase group 1 family protein,Unmatched,0,0,0
HENFNN_08870 MOSC domain-containing protein,Unmatched,0,0,0
HENFNN_08875 hypothetical protein,Unmatched,0,0,0
HENFNN_08880 hypothetical protein,Unmatched,0,0,0
HENFNN_08885 sodium:proton antiporter,Unmatched,0,0,0
HENFNN_08890 rod shape-determining protein RodA,Unmatched,0,0,0
HENFNN_08895 hypothetical protein,Unmatched,0,0,0
HENFNN_08900 serine endopeptidase inhibitor,CAQ16116.1_mdnA_MicrocystisaeruginosaNIES-298_microviridinB,97.39,100,153
HENFNN_08905 MvdC family ATP-grasp ribosomal peptide maturase,CAQ16117.1_mdnB_MicrocystisaeruginosaNIES-298_microviridinB,98.56,98.98,981
HENFNN_08910 MvdD family ATP-grasp ribosomal peptide maturase,CAQ16118.1_mdnC_MicrocystisaeruginosaNIES-298_microviridinB,97.74,100,975
HENFNN_08915 N-acetyltransferase,CAQ16119.1_mdnD_MicrocystisaeruginosaNIES-298_microviridinB,97.38,100,534
HENFNN_08920 ABC transporter,CAQ16120.1_mdnE_MicrocystisaeruginosaNIES-298_microviridinB,97.67,100,2064
HENFNN_08925 hypothetical protein,Unmatched,0,0,0
HENFNN_08930 FAD dependent oxidoreductase,Unmatched,0,0,0
HENFNN_08935 hypothetical protein,Unmatched,0,0,0
HENFNN_08940 polymerase,Unmatched,0,0,0
HENFNN_08945 LPS export ABC transporter ATP-binding protein,Unmatched,0,0,0
HENFNN_08950 permease,Unmatched,0,0,0
HENFNN_08955 16S rRNA (cytidine(1402)-2'-O)-methyltransferase,Unmatched,0,0,0
HENFNN_08960 photosystem II reaction center protein I,Unmatched,0,0,0
"HENFNN_08965 CDP-glucose 4,6-dehydratase",Unmatched,0,0,0
HENFNN_08970 lipopolysaccharide biosynthesis protein RfbH,Unmatched,0,0,0
HENFNN_08975 UDP-glucose 4-epimerase,Unmatched,0,0,0
"HENFNN_08980 dTDP-glucose 4,6-dehydratase",Unmatched,0,0,0
HENFNN_08985 Glycosyltransferase,Unmatched,0,0,0
HENFNN_08990 chromosome partitioning protein ParA,Unmatched,0,0,0
HENFNN_08995 hypothetical protein,Unmatched,0,0,0
HENFNN_09000 hypothetical protein,Unmatched,0,0,0
"HENFNN_09005 putative toxin-antitoxin system toxin component, PIN family",Unmatched,0,0,0
HENFNN_09010 RHH-1 domain-containing protein,Unmatched,0,0,0
HENFNN_09015 hypothetical protein,Unmatched,0,0,0
HENFNN_09020 Site-specific recombinase XerD,Unmatched,0,0,0
HENFNN_09025 AbrB/MazE/SpoVT family DNA-binding domain-containing protein,Unmatched,0,0,0
HENFNN_09030 type II toxin-antitoxin system death-on-curing family toxin,Unmatched,0,0,0
HENFNN_09035 GIY-YIG nuclease family protein,Unmatched,0,0,0
HENFNN_09040 HNH endonuclease,Unmatched,0,0,0
HENFNN_09045 NUDIX hydrolase,Unmatched,0,0,0
HENFNN_09050 DUF559 domain-containing protein,Unmatched,0,0,0
HENFNN_09055 hypothetical protein,Unmatched,0,0,0
HENFNN_09060 ISAs1 family transposase,Unmatched,0,0,0
HENFNN_09065 Mobile element protein,Unmatched,0,0,0
HENFNN_09070 hypothetical protein,Unmatched,0,0,0
HENFNN_09075 methyltransferase,Unmatched,0,0,0
HENFNN_09080 hypothetical protein,Unmatched,0,0,0
HENFNN_09085 AbiA family abortive infection protein,Unmatched,0,0,0
HENFNN_09090 hypothetical protein,Unmatched,0,0,0
HENFNN_09095 DNA-binding protein,Unmatched,0,0,0
HENFNN_09100 hypothetical protein,Unmatched,0,0,0
HENFNN_09105 DUF1294 domain-containing protein,Unmatched,0,0,0
HENFNN_09110 hypothetical protein,Unmatched,0,0,0
HENFNN_09115 hypothetical protein,Unmatched,0,0,0
HENFNN_09120 DUF433 domain-containing protein,Unmatched,0,0,0
HENFNN_09125 PemK family transcriptional regulator,Unmatched,0,0,0
HENFNN_09130 hypothetical protein,Unmatched,0,0,0
HENFNN_09135 type II toxin-antitoxin system PemK/MazF family toxin,Unmatched,0,0,0
HENFNN_09140 hypothetical protein,Unmatched,0,0,0
HENFNN_09145 adenosine deaminase,Unmatched,0,0,0
HENFNN_09150 restriction endonuclease,Unmatched,0,0,0
HENFNN_09155 ethanolamine utilization microcompartment protein EutM,Unmatched,0,0,0
HENFNN_09160 RuBisCO accumulation factor 1,Unmatched,0,0,0
HENFNN_09165 polysaccharide pyruvyl transferase CsaB,Unmatched,0,0,0
HENFNN_09170 hypothetical protein,Unmatched,0,0,0
HENFNN_09175 biopolymer transporter ExbD,Unmatched,0,0,0
HENFNN_09180 biopolymer transporter ExbB,Unmatched,0,0,0
HENFNN_09185 ABC 3 transport family,Unmatched,0,0,0
HENFNN_09190 cofactor assembly of complex C subunit B,Unmatched,0,0,0
"HENFNN_09195 1,4-dihydroxy-2-naphthoyl-CoA hydrolase",Unmatched,0,0,0
HENFNN_09200 DUF1361 domain-containing protein,Unmatched,0,0,0
HENFNN_09205 hypothetical protein,ctg34_27_Bartoloside-T1PKS_18_0,97.9,89.51,906
HENFNN_09210 DUF4351 domain-containing protein,ctg34_26_Bartoloside-T1PKS_18_0,93.04,101.23,894
HENFNN_09215 hypothetical protein,Unmatched,0,0,0
HENFNN_09220 glycogen debranching protein GlgX,Unmatched,0,0,0
HENFNN_09225 DUF3887 domain-containing protein,Unmatched,0,0,0
HENFNN_09230 phosphopyruvate hydratase,Unmatched,0,0,0
HENFNN_09235 Phage holin family protein,Unmatched,0,0,0
HENFNN_09240 SIMPL domain-containing protein,Unmatched,0,0,0
HENFNN_09245 transcriptional regulator,Unmatched,0,0,0
HENFNN_09250 GUN4 domain-containing protein,Unmatched,0,0,0
HENFNN_09255 Similarity,Unmatched,0,0,0
HENFNN_09260 DUF2235 domain-containing protein,Unmatched,0,0,0
HENFNN_09265 DUF6014 domain-containing protein,AAZ03548.1_mcnG_Microcystissp.NIVA-CYA172/5_cyanopeptolin,98.63,100,1170
HENFNN_09270 ABC transporter,AAZ03549.1_mcnF_Microcystissp.NIVA-CYA172/5_cyanopeptolin,97.97,100,2070
HENFNN_09275 non-ribosomal peptide synthetase,Unmatched,0,0,0
"HENFNN_09280 EntF, seryl-AMP synthase component of non-ribosomal peptide synthetase",AAZ03551.1_mcnB_Microcystissp.NIVA-CYA172/5_cyanopeptolin,96.85,100.03,3330
HENFNN_09285 L-aminoadipate-semialdehyde dehydrogenase,Unmatched,0,0,0
HENFNN_09290 non-ribosomal peptide synthetase,Unmatched,0,0,0
HENFNN_09295 hypothetical protein,Unmatched,0,0,0
HENFNN_09300 serine endopeptidase inhibitor,Unmatched,0,0,0
HENFNN_09305 SAM-dependent methyltransferase,Unmatched,0,0,0
HENFNN_09310 acyl carrier protein,Unmatched,0,0,0
HENFNN_09315 HNH endonuclease,Unmatched,0,0,0
HENFNN_09320 DNA phosphorothioation system sulfurtransferase DndC,Unmatched,0,0,0
HENFNN_09325 D-alanyl-D-alanine dipeptidase,Unmatched,0,0,0
HENFNN_09330 Response regulatory domain-containing protein,Unmatched,0,0,0
HENFNN_09335 hypothetical protein,Unmatched,0,0,0
HENFNN_09340 hypothetical protein,Unmatched,0,0,0
HENFNN_09345 hypothetical protein,Unmatched,0,0,0
HENFNN_09350 leucine--tRNA ligase,Unmatched,0,0,0
HENFNN_09355 phospholipid-binding protein,Unmatched,0,0,0
HENFNN_09360 heterodisulfide reductase,Unmatched,0,0,0
HENFNN_09365 anti-anti-sigma factor,Unmatched,0,0,0
HENFNN_09370 Acetylglutamate kinase,Unmatched,0,0,0
HENFNN_09375 hypothetical protein,Unmatched,0,0,0
HENFNN_09380 DUF790 domain-containing protein,Unmatched,0,0,0
HENFNN_09385 molecular chaperone,Unmatched,0,0,0
HENFNN_09390 PEP-CTERM sorting domain-containing protein,Unmatched,0,0,0
HENFNN_09395 band 7 protein,Unmatched,0,0,0
HENFNN_09400 DUF202 domain-containing protein,Unmatched,0,0,0
HENFNN_09405 Integral membrane protein TerC family,Unmatched,0,0,0
HENFNN_09410 pentapeptide repeat-containing protein,Unmatched,0,0,0
HENFNN_09415 sulfate ABC transporter ATP-binding protein,Unmatched,0,0,0
HENFNN_09420 sulfite exporter TauE/SafE family protein,Unmatched,0,0,0
HENFNN_09425 DUF202 domain-containing protein,Unmatched,0,0,0
HENFNN_09430 transporter,Unmatched,0,0,0
HENFNN_09435 LysR family transcriptional regulator,Unmatched,0,0,0
HENFNN_09440 toxin-antitoxin system HicB family antitoxin,Unmatched,0,0,0
HENFNN_09445 hexulose-6-phosphate synthase,Unmatched,0,0,0
HENFNN_09450 DUF29 domain-containing protein,Unmatched,0,0,0
HENFNN_09455 restriction endonuclease,Unmatched,0,0,0
HENFNN_09460 hypothetical protein,Unmatched,0,0,0
HENFNN_09465 hypothetical protein,Unmatched,0,0,0
HENFNN_09470 KilA domain protein,Unmatched,0,0,0
HENFNN_09475 hypothetical protein,Unmatched,0,0,0
HENFNN_09480 Putative restriction endonuclease,Unmatched,0,0,0
HENFNN_09485 DUF3854 domain-containing protein,Unmatched,0,0,0
"HENFNN_09490 Membrane-bound metal-dependent hydrolase YdjM, induced during SOS response",Unmatched,0,0,0
HENFNN_09495 ATP-binding protein,Unmatched,0,0,0
HENFNN_09500 hypothetical protein,Unmatched,0,0,0
HENFNN_09505 Outer membrane efflux protein,Unmatched,0,0,0
HENFNN_09510 Putative transposase DNA-binding domain protein,Unmatched,0,0,0
HENFNN_09515 carboxylate-amine ligase,Unmatched,0,0,0
HENFNN_09520 transposase,Unmatched,0,0,0
HENFNN_09525 DUF3148 domain-containing protein,Unmatched,0,0,0
HENFNN_09530 PEP-CTERM domain-containing protein,Unmatched,0,0,0
HENFNN_09535 Uncharacterised protein family (UPF0175),Unmatched,0,0,0
HENFNN_09540 DUF3368 domain-containing protein,Unmatched,0,0,0
HENFNN_09545 hypothetical protein,Unmatched,0,0,0
HENFNN_09550 Endoribonuclease MazF,Unmatched,0,0,0
HENFNN_09555 hypothetical protein,Unmatched,0,0,0
HENFNN_09560 hypothetical protein,Unmatched,0,0,0
HENFNN_09565 hypothetical protein,Unmatched,0,0,0
HENFNN_09570 hypothetical protein,Unmatched,0,0,0
HENFNN_09575 hypothetical protein,Unmatched,0,0,0
HENFNN_09580 DNA polymerase beta,Unmatched,0,0,0
HENFNN_09585 Ribonuclease HepT-like,Unmatched,0,0,0
HENFNN_09590 amino acid ABC transporter substrate-binding protein,Unmatched,0,0,0
HENFNN_09595 hypothetical protein,Unmatched,0,0,0
HENFNN_09600 TenA family transcriptional regulator,Unmatched,0,0,0
HENFNN_09605 DUF2605 domain-containing protein,Unmatched,0,0,0
HENFNN_09610 DUF2973 domain-containing protein,Unmatched,0,0,0
HENFNN_09615 Esterase/lipase,Unmatched,0,0,0
HENFNN_09620 hypothetical protein,Unmatched,0,0,0
HENFNN_09625 hypothetical protein,Unmatched,0,0,0
HENFNN_09630 hypothetical protein,Unmatched,0,0,0
HENFNN_09635 glutamine--fructose-6-phosphate transaminase (isomerizing),Unmatched,0,0,0
HENFNN_09640 iron-sulfur cluster assembly accessory protein,Unmatched,0,0,0
HENFNN_09645 hypothetical protein,Unmatched,0,0,0
"HENFNN_09650 Mycobacterial 4 TMS phage holin, superfamily IV",Unmatched,0,0,0
HENFNN_09655 DO-GTPase2 domain-containing protein,Unmatched,0,0,0
HENFNN_09660 Robl-LC7 domain-containing protein,Unmatched,0,0,0
HENFNN_09665 ATP-dependent zinc metalloprotease FtsH2,Unmatched,0,0,0
HENFNN_09670 hypothetical protein,Unmatched,0,0,0
HENFNN_09675 DNA adenine methylase,Unmatched,0,0,0
HENFNN_09680 hypothetical protein,Unmatched,0,0,0
HENFNN_09685 Photosystem II reaction center X protein,Unmatched,0,0,0
HENFNN_09690 ComF family protein,Unmatched,0,0,0
HENFNN_09695 DUF1816 domain-containing protein,Unmatched,0,0,0
HENFNN_09700 hypothetical protein,Unmatched,0,0,0
HENFNN_09705 GTPase ObgE,Unmatched,0,0,0
HENFNN_09710 RNA-binding protein,Unmatched,0,0,0
HENFNN_09715 30S ribosomal protein S16,Unmatched,0,0,0
HENFNN_09720 HNH endonuclease,Unmatched,0,0,0
HENFNN_09725 KGK domain protein,Unmatched,0,0,0
HENFNN_09730 hypothetical protein,Unmatched,0,0,0
"HENFNN_09735 dTDP-glucose 4,6-dehydratase",Unmatched,0,0,0
HENFNN_09740 cation-efflux pump,Unmatched,0,0,0
HENFNN_09745 phosphoribosylformylglycinamidine synthase subunit PurQ,Unmatched,0,0,0
HENFNN_09750 phosphoribosylformylglycinamidine synthase subunit PurS,Unmatched,0,0,0
HENFNN_09755 transcriptional repressor,Unmatched,0,0,0
"HENFNN_09760 acetyl-CoA carboxylase, carboxyltransferase subunit beta",Unmatched,0,0,0
HENFNN_09765 prepilin peptidase,Unmatched,0,0,0
HENFNN_09770 DUF1232 domain-containing protein,Unmatched,0,0,0
HENFNN_09775 phosphoribosyltransferase,Unmatched,0,0,0
HENFNN_09780 DUF4079 domain-containing protein,Unmatched,0,0,0
HENFNN_09785 Nitrogen regulatory protein P-II,Unmatched,0,0,0
HENFNN_09790 50S ribosomal protein L3,Unmatched,0,0,0
HENFNN_09795 50S ribosomal protein L4,Unmatched,0,0,0
HENFNN_09800 50S ribosomal protein L23,Unmatched,0,0,0
HENFNN_09805 50S ribosomal protein L2,Unmatched,0,0,0
HENFNN_09810 30S ribosomal protein S19,Unmatched,0,0,0
HENFNN_09815 50S ribosomal protein L22,Unmatched,0,0,0
HENFNN_09820 30S ribosomal protein S3,Unmatched,0,0,0
HENFNN_09825 50S ribosomal protein L16,Unmatched,0,0,0
HENFNN_09830 50S ribosomal protein L29,Unmatched,0,0,0
HENFNN_09835 30S ribosomal protein S17,Unmatched,0,0,0
HENFNN_09840 50S ribosomal protein L14,Unmatched,0,0,0
HENFNN_09845 50S ribosomal protein L24,Unmatched,0,0,0
HENFNN_09850 50S ribosomal protein L5,Unmatched,0,0,0
HENFNN_09855 30S ribosomal protein S8,Unmatched,0,0,0
HENFNN_09860 50S ribosomal protein L6,Unmatched,0,0,0
HENFNN_09865 50S ribosomal protein L18,Unmatched,0,0,0
HENFNN_09870 30S ribosomal protein S5,Unmatched,0,0,0
HENFNN_09875 50S ribosomal protein L15,Unmatched,0,0,0
HENFNN_09880 DUF4276 domain-containing protein,Unmatched,0,0,0
HENFNN_09885 ATPase,Unmatched,0,0,0
HENFNN_09890 hypothetical protein,Unmatched,0,0,0
HENFNN_09895 cobaltochelatase subunit CobN,Unmatched,0,0,0
HENFNN_09900 hybrid sensor histidine kinase/response regulator,Unmatched,0,0,0
HENFNN_09905 photosystem I reaction center subunit VIII,Unmatched,0,0,0
HENFNN_09910 photosystem I reaction center protein subunit XI,Unmatched,0,0,0
HENFNN_09915 universal stress protein,Unmatched,0,0,0
HENFNN_09920 Phosphoglycerate kinase,Unmatched,0,0,0
HENFNN_09925 Putative restriction endonuclease,Unmatched,0,0,0
HENFNN_09930 glucose-6-phosphate dehydrogenase assembly protein OpcA,Unmatched,0,0,0
HENFNN_09935 glucose-6-phosphate dehydrogenase,Unmatched,0,0,0
HENFNN_09940 hypothetical protein,Unmatched,0,0,0
HENFNN_09945 NADP-dependent succinic semialdehyde dehydrogenase,Unmatched,0,0,0
HENFNN_09950 4-hydroxythreonine-4-phosphate dehydrogenase PdxA,Unmatched,0,0,0
HENFNN_09955 magnesium/cobalt transporter CorA,Unmatched,0,0,0
HENFNN_09960 FHA domain-containing protein,Unmatched,0,0,0
HENFNN_09965 DNA polymerase III subunit delta,Unmatched,0,0,0
HENFNN_09970 Phosphatidylcholine-sterol acyltransferase,Unmatched,0,0,0
HENFNN_09975 Ycf66 protein N-terminus,Unmatched,0,0,0
HENFNN_09980 AAA domain-containing protein,Unmatched,0,0,0
HENFNN_09985 SH3 domain-containing protein,Unmatched,0,0,0
HENFNN_09990 hypothetical protein,Unmatched,0,0,0
HENFNN_09995 D-alanyl-D-alanine carboxypeptidase family protein,Unmatched,0,0,0
HENFNN_10000 AAA-like domain-containing protein,Unmatched,0,0,0
HENFNN_10005 hypothetical protein,Unmatched,0,0,0
HENFNN_10010 hypothetical protein,Unmatched,0,0,0
HENFNN_10015 Lysylphosphatidylglycerol synthase TM region,Unmatched,0,0,0
HENFNN_10020 hypothetical protein,Unmatched,0,0,0
HENFNN_10025 hypothetical protein,Unmatched,0,0,0
HENFNN_10030 cellulose synthase subunit BcsC,Unmatched,0,0,0
HENFNN_10035 DNA-formamidopyrimidine glycosylase,Unmatched,0,0,0
HENFNN_10040 Cytochrome c biogenesis protein CcsB,Unmatched,0,0,0
HENFNN_10045 cytochrome C biogenesis protein,Unmatched,0,0,0
HENFNN_10050 glyoxalase,Unmatched,0,0,0
HENFNN_10055 ABC transporter substrate-binding protein,Unmatched,0,0,0
HENFNN_10060 peptide ABC transporter substrate-binding protein,Unmatched,0,0,0
HENFNN_10065 hypothetical protein,Unmatched,0,0,0
HENFNN_10070 hypothetical protein,Unmatched,0,0,0
HENFNN_10075 DUF433 domain-containing protein,Unmatched,0,0,0
HENFNN_10080 ACP S-malonyltransferase,Unmatched,0,0,0
HENFNN_10085 hypothetical protein,Unmatched,0,0,0
HENFNN_10090 UDP-N-acetylmuramate dehydrogenase,Unmatched,0,0,0
HENFNN_10095 UDP-N-acetylmuramate--L-alanine ligase,Unmatched,0,0,0
HENFNN_10100 type I glyceraldehyde-3-phosphate dehydrogenase,Unmatched,0,0,0
HENFNN_10105 iron export ABC transporter permease subunit FetB,Unmatched,0,0,0
HENFNN_10110 Cys/Met metabolism pyridoxal-phosphate-dependent enzyme,Unmatched,0,0,0
HENFNN_10115 hypothetical protein,Unmatched,0,0,0
HENFNN_10120 GTPase HflX,Unmatched,0,0,0
HENFNN_10125 transposase,Unmatched,0,0,0
HENFNN_10130 Putative restriction endonuclease,Unmatched,0,0,0
HENFNN_10135 lipoprotein NlpI,Unmatched,0,0,0
HENFNN_10140 serine protease,Unmatched,0,0,0
HENFNN_10145 Circadian oscillating protein COP23,Unmatched,0,0,0
HENFNN_10150 thioredoxin,Unmatched,0,0,0
HENFNN_10155 DNA-processing protein DprA,Unmatched,0,0,0
HENFNN_10160 hypothetical protein,Unmatched,0,0,0
HENFNN_10165 mRNA interferase MazF,Unmatched,0,0,0
HENFNN_10170 hypothetical protein,Unmatched,0,0,0
HENFNN_10175 serine/threonine-protein kinase pkn1,Unmatched,0,0,0
HENFNN_10180 precorrin-2 C(20)-methyltransferase,Unmatched,0,0,0
HENFNN_10185 precorrin-8X methylmutase,Unmatched,0,0,0
HENFNN_10190 precorrin-3B synthase,Unmatched,0,0,0
HENFNN_10195 Tandem-95 repeat protein,Unmatched,0,0,0
HENFNN_10200 hypothetical protein,Unmatched,0,0,0
HENFNN_10205 Carboxypeptidase regulatory-like domain-containing protein,Unmatched,0,0,0
HENFNN_10210 cobalamin biosynthesis bifunctional protein CbiET,Unmatched,0,0,0
HENFNN_10215 Transposase,ctg115_1_Cyanobactin_90_0,95.49,100,399
HENFNN_10220 Transposase,ctg115_1_Cyanobactin_90_0,96.44,94.5,327
HENFNN_10225 hypothetical protein,Unmatched,0,0,0
HENFNN_10230 nucleic acid-binding protein,Unmatched,0,0,0
HENFNN_10235 Atn1 protein,Unmatched,0,0,0
HENFNN_10240 hypothetical protein,Unmatched,0,0,0
HENFNN_10245 deoxyribodipyrimidine photolyase,Unmatched,0,0,0
HENFNN_10250 cation transporter,Unmatched,0,0,0
HENFNN_10255 hypothetical protein,Unmatched,0,0,0
HENFNN_10260 IS5 family transposase,Unmatched,0,0,0
HENFNN_10265 twin-arginine translocase subunit TatC,Unmatched,0,0,0
HENFNN_10270 ApeA-NTD1 domain-containing protein,Unmatched,0,0,0
HENFNN_10275 quinolinate synthase NadA,Unmatched,0,0,0
HENFNN_10280 Class I SAM-dependent DNA methyltransferase,Unmatched,0,0,0
HENFNN_10285 hypothetical protein,Unmatched,0,0,0
HENFNN_10290 RHH-1 domain-containing protein,Unmatched,0,0,0
HENFNN_10295 molecular chaperone DnaJ,Unmatched,0,0,0
HENFNN_10300 bicarbonate-binding protein,Unmatched,0,0,0
HENFNN_10305 nitrate ABC transporter permease,Unmatched,0,0,0
HENFNN_10310 bacitracin ABC transporter ATP-binding protein,Unmatched,0,0,0
HENFNN_10315 bacitracin ABC transporter ATP-binding protein,Unmatched,0,0,0
HENFNN_10320 Phosphate-starvation-inducible E family,Unmatched,0,0,0
HENFNN_10325 SH3 domain-containing protein,Unmatched,0,0,0
HENFNN_10330 AAA family ATPase,Unmatched,0,0,0
HENFNN_10335 hypothetical protein,Unmatched,0,0,0
HENFNN_10340 Cytoplasmic protein,Unmatched,0,0,0
HENFNN_10345 hypothetical protein,Unmatched,0,0,0
HENFNN_10350 tRNA-Thr(cgt),Unmatched,0,0,0
HENFNN_10355 DUF3493 domain-containing protein,Unmatched,0,0,0
HENFNN_10360 Putative cation exchanger yfkE,Unmatched,0,0,0
HENFNN_10365 phosphate ABC transporter ATP-binding protein PstB,Unmatched,0,0,0
HENFNN_10370 phosphate ABC transporter permease PstA,Unmatched,0,0,0
HENFNN_10375 phosphate ABC transporter permease subunit PstC,Unmatched,0,0,0
HENFNN_10380 phosphate-binding protein,Unmatched,0,0,0
HENFNN_10385 sulfate ABC transporter substrate-binding protein,Unmatched,0,0,0
HENFNN_10390 transporter,Unmatched,0,0,0
HENFNN_10395 sulfonate ABC transporter substrate-binding protein,Unmatched,0,0,0
HENFNN_10400 hypothetical protein,Unmatched,0,0,0
HENFNN_10405 hypothetical protein,Unmatched,0,0,0
HENFNN_10410 hypothetical protein,Unmatched,0,0,0
HENFNN_10415 Peptidase S74 domain-containing protein,Unmatched,0,0,0
HENFNN_10420 hypothetical protein,Unmatched,0,0,0
HENFNN_10425 hypothetical protein,Unmatched,0,0,0
HENFNN_10430 transposase,Unmatched,0,0,0
HENFNN_10435 serine/threonine protein kinase,Unmatched,0,0,0
HENFNN_10440 fatty acid desaturase,Unmatched,0,0,0
HENFNN_10445 Tetratricopeptide TPR_2,Unmatched,0,0,0
HENFNN_10450 lytic murein transglycosylase,Unmatched,0,0,0
HENFNN_10455 16S rRNA (guanine(527)-N(7))-methyltransferase RsmG,Unmatched,0,0,0
HENFNN_10460 Ca(2+)/H(+) antiporter,Unmatched,0,0,0
HENFNN_10465 DUF218 domain-containing protein,Unmatched,0,0,0
HENFNN_10470 site-2 protease family protein,Unmatched,0,0,0
HENFNN_10475 MBL fold metallo-hydrolase,Unmatched,0,0,0
HENFNN_10480 thiamine-phosphate kinase,Unmatched,0,0,0
HENFNN_10485 signal recognition particle protein,Unmatched,0,0,0
HENFNN_10490 hypothetical protein,Unmatched,0,0,0
HENFNN_10495 Hsp33 family molecular chaperone HslO,Unmatched,0,0,0
HENFNN_10500 chromosome segregation ATPase,Unmatched,0,0,0
HENFNN_10505 Secreted effector protein PipB2,Unmatched,0,0,0
HENFNN_10510 exopolyphosphatase,Unmatched,0,0,0
HENFNN_10515 DUF1400 domain-containing protein,Unmatched,0,0,0
HENFNN_10520 hypothetical protein,Unmatched,0,0,0
HENFNN_10525 hypothetical protein,Unmatched,0,0,0
HENFNN_10530 hypothetical protein,Unmatched,0,0,0
HENFNN_10535 Lactamase-B domain-containing protein,Unmatched,0,0,0
HENFNN_10540 Putative restriction endonuclease,Unmatched,0,0,0
HENFNN_10545 Putative restriction endonuclease,Unmatched,0,0,0
HENFNN_10550 type I restriction endonuclease subunit R,Unmatched,0,0,0
HENFNN_10555 Peptidase S74 domain-containing protein,Unmatched,0,0,0
HENFNN_10560 hypothetical protein,Unmatched,0,0,0
HENFNN_10565 DUF29 domain-containing protein,ctg39_10_Cyanobactin_50_0,96.47,100,453
HENFNN_10570 nickel pincer cofactor biosynthesis protein LarC,ctg39_9_Cyanobactin_50_0,96.53,100,1182
HENFNN_10575 L-threonylcarbamoyladenylate synthase,ctg39_8_Cyanobactin_50_0,97.2,100,642
HENFNN_10580 heat-shock protein,ctg39_7_Cyanobactin_50_0,96.35,100,411
HENFNN_10585 Light-repressed protein A,ctg39_6_Cyanobactin_50_0,97.33,100,600
HENFNN_10590 hypothetical protein,Unmatched,0,0,0
HENFNN_10595 PEP-CTERM sorting domain-containing protein,Unmatched,0,0,0
"HENFNN_10600 Benzoyl-CoA reductase/2-hydroxyglutaryl-CoA dehydratase subunit, BcrC/BadD/HgdB",Unmatched,0,0,0
HENFNN_10605 hypothetical protein,Unmatched,0,0,0
HENFNN_10610 hypothetical protein,Unmatched,0,0,0
HENFNN_10615 AbrB/MazE/SpoVT family DNA-binding domain-containing protein,Unmatched,0,0,0
HENFNN_10620 hypothetical protein,Unmatched,0,0,0
HENFNN_10625 pilus assembly protein,Unmatched,0,0,0
HENFNN_10630 hypothetical protein,Unmatched,0,0,0
HENFNN_10635 hypothetical protein,Unmatched,0,0,0
HENFNN_10640 30S ribosomal protein S6--L-glutamate ligase,Unmatched,0,0,0
HENFNN_10645 ABC transporter ATP-binding protein,Unmatched,0,0,0
HENFNN_10650 PNP-UDP-1 domain-containing protein,Unmatched,0,0,0
HENFNN_10655 tRNA-Leu(gag),Unmatched,0,0,0
HENFNN_10660 serine protease,Unmatched,0,0,0
HENFNN_10665 J domain-containing protein,Unmatched,0,0,0
"HENFNN_10670 transfer-messenger RNA, SsrA",Unmatched,0,0,0
HENFNN_10675 pyridoxal phosphate-dependent aminotransferase,Unmatched,0,0,0
HENFNN_10680 Aspartate aminotransferase,Unmatched,0,0,0
HENFNN_10685 glycosyltransferase,Unmatched,0,0,0
HENFNN_10690 WsaF,Unmatched,0,0,0
HENFNN_10695 Class I SAM-dependent methyltransferase,Unmatched,0,0,0
HENFNN_10700 DDE-Tnp-ISL3 domain-containing protein,AAF00967.1_uma4_MicrocystisaeruginosaPCC7806_microcystinLR,96.2,100,552
HENFNN_10705 N-acetylmuramoyl-L-alanine amidase XlyA,Unmatched,0,0,0
HENFNN_10710 lysozyme,Unmatched,0,0,0
HENFNN_10715 peptidase,Unmatched,0,0,0
HENFNN_10720 hypothetical protein,Unmatched,0,0,0
HENFNN_10725 Mg-chelatase subunit ChlD,Unmatched,0,0,0
HENFNN_10730 Transposase,Unmatched,0,0,0
HENFNN_10735 Yae1-N domain-containing protein,Unmatched,0,0,0
HENFNN_10740 CHAT domain-containing protein,Unmatched,0,0,0
HENFNN_10745 hypothetical protein,Unmatched,0,0,0
HENFNN_10750 Membrane protein,Unmatched,0,0,0
HENFNN_10755 Uncharacterised protein family (UPF0175),Unmatched,0,0,0
HENFNN_10760 IS4 family transposase,ctg115_1_Cyanobactin_90_0,94.38,100.92,1410
HENFNN_10765 hypothetical protein,Unmatched,0,0,0
HENFNN_10770 hypothetical protein,Unmatched,0,0,0
HENFNN_10775 single-stranded DNA-binding protein,Unmatched,0,0,0
HENFNN_10780 amino acid ABC transporter permease,Unmatched,0,0,0
HENFNN_10785 hypothetical protein,Unmatched,0,0,0
HENFNN_10790 DUF2283 domain-containing protein,Unmatched,0,0,0
HENFNN_10795 hypothetical protein,Unmatched,0,0,0
HENFNN_10800 hypothetical protein,Unmatched,0,0,0
HENFNN_10805 IS66 family transposase,Unmatched,0,0,0
HENFNN_10810 tRNA (guanine-N1)-methyltransferase,Unmatched,0,0,0
HENFNN_10815 Mrr-cat domain-containing protein,Unmatched,0,0,0
HENFNN_10820 hypothetical protein,Unmatched,0,0,0
HENFNN_10825 aquaporin Z,Unmatched,0,0,0
HENFNN_10830 tRNA (adenosine(37)-N6)-threonylcarbamoyltransferase complex ATPase subunit type 1 TsaE,Unmatched,0,0,0
HENFNN_10835 hypothetical protein,Unmatched,0,0,0
HENFNN_10840 beta-glucosidase,Unmatched,0,0,0
HENFNN_10845 30S ribosome-binding factor RbfA,Unmatched,0,0,0
HENFNN_10850 DUF751 domain-containing protein,Unmatched,0,0,0
HENFNN_10855 pilus assembly protein,Unmatched,0,0,0
HENFNN_10860 pilus assembly protein,Unmatched,0,0,0
HENFNN_10865 pilus assembly protein,Unmatched,0,0,0
HENFNN_10870 pilus assembly protein PilM,Unmatched,0,0,0
HENFNN_10875 ketol-acid reductoisomerase,Unmatched,0,0,0
"HENFNN_10880 ECF-type riboflavin transporter, S component",Unmatched,0,0,0
HENFNN_10885 chromosome partitioning protein ParA,Unmatched,0,0,0
HENFNN_10890 hypothetical protein,Unmatched,0,0,0
HENFNN_10895 mechanosensitive ion channel protein,Unmatched,0,0,0
HENFNN_10900 Bacterial extracellular solute-binding protein,Unmatched,0,0,0
HENFNN_10905 type II toxin-antitoxin system HicB family antitoxin,Unmatched,0,0,0
HENFNN_10910 hypothetical protein,Unmatched,0,0,0
HENFNN_10915 hypothetical protein,Unmatched,0,0,0
HENFNN_10920 hypothetical protein,Unmatched,0,0,0
HENFNN_10925 CHAT domain-containing protein,Unmatched,0,0,0
HENFNN_10930 Argininosuccinate lyase,Unmatched,0,0,0
HENFNN_10935 HigA family addiction module antitoxin,Unmatched,0,0,0
HENFNN_10940 plasmid maintenance system killer,Unmatched,0,0,0
HENFNN_10945 Argininosuccinate lyase,Unmatched,0,0,0
HENFNN_10950 type II toxin-antitoxin system HicA family toxin,Unmatched,0,0,0
HENFNN_10955 HicB family protein,Unmatched,0,0,0
HENFNN_10960 hypothetical protein,Unmatched,0,0,0
HENFNN_10965 hypothetical protein,Unmatched,0,0,0
HENFNN_10970 hypothetical protein,Unmatched,0,0,0
HENFNN_10975 PINc domain-containing protein,Unmatched,0,0,0
HENFNN_10980 DNA-binding protein,Unmatched,0,0,0
HENFNN_10985 DUF6516 domain-containing protein,Unmatched,0,0,0
HENFNN_10990 hypothetical protein,Unmatched,0,0,0
HENFNN_10995 F0F1 ATP synthase subunit beta,Unmatched,0,0,0
HENFNN_11000 ATP synthase F1 subunit epsilon,Unmatched,0,0,0
HENFNN_11005 30S ribosomal protein PSRP-3,Unmatched,0,0,0
HENFNN_11010 8-oxo-dGTP diphosphatase MutT,Unmatched,0,0,0
HENFNN_11015 DUF3134 domain-containing protein,Unmatched,0,0,0
HENFNN_11020 phospho-N-acetylmuramoyl-pentapeptide-transferase,Unmatched,0,0,0
HENFNN_11025 iron-sulfur cluster assembly accessory protein,Unmatched,0,0,0
HENFNN_11030 prevent-host-death protein,Unmatched,0,0,0
HENFNN_11035 type II toxin-antitoxin system RelE/ParE family toxin,Unmatched,0,0,0
HENFNN_11040 hypothetical protein,Unmatched,0,0,0
HENFNN_11045 hypothetical protein,Unmatched,0,0,0
HENFNN_11050 sulfotransferase family protein,Unmatched,0,0,0
HENFNN_11055 hypothetical protein,Unmatched,0,0,0
HENFNN_11060 hypothetical protein,Unmatched,0,0,0
HENFNN_11065 hypothetical protein,Unmatched,0,0,0
HENFNN_11070 DUF262 domain-containing protein,Unmatched,0,0,0
HENFNN_11075 DUF3696 domain-containing protein,Unmatched,0,0,0
HENFNN_11080 hypothetical protein,Unmatched,0,0,0
HENFNN_11085 geranylgeranyl reductase,Unmatched,0,0,0
HENFNN_11090 class III poly(R)-hydroxyalkanoic acid synthase subunit PhaC,Unmatched,0,0,0
HENFNN_11095 class III poly(R)-hydroxyalkanoic acid synthase subunit PhaE,Unmatched,0,0,0
HENFNN_11100 hypothetical protein,Unmatched,0,0,0
HENFNN_11105 BrnT family toxin,Unmatched,0,0,0
HENFNN_11110 beta-ketoacyl-ACP reductase,Unmatched,0,0,0
HENFNN_11115 acetyl-CoA C-acyltransferase,Unmatched,0,0,0
HENFNN_11120 FAD-dependent oxidoreductase,Unmatched,0,0,0
HENFNN_11125 hypothetical protein,Unmatched,0,0,0
HENFNN_11130 Type II toxin-antitoxin system VapC family toxin,Unmatched,0,0,0
HENFNN_11135 photosystem II protein PsbQ,Unmatched,0,0,0
HENFNN_11140 ATP synthase subunit I,Unmatched,0,0,0
HENFNN_11145 F0F1 ATP synthase subunit A,Unmatched,0,0,0
HENFNN_11150 ATP synthase F0 subunit C,Unmatched,0,0,0
HENFNN_11155 F0F1 ATP synthase subunit B',Unmatched,0,0,0
HENFNN_11160 F0F1 ATP synthase subunit B,Unmatched,0,0,0
HENFNN_11165 ATP synthase F1 subunit delta,Unmatched,0,0,0
HENFNN_11170 F0F1 ATP synthase subunit alpha,Unmatched,0,0,0
HENFNN_11175 F0F1 ATP synthase subunit gamma,Unmatched,0,0,0
HENFNN_11180 type II toxin-antitoxin system HicB family antitoxin,Unmatched,0,0,0
HENFNN_11185 DUF86 domain-containing protein,Unmatched,0,0,0
HENFNN_11190 Nucleotidyltransferase domain-containing protein,Unmatched,0,0,0
HENFNN_11195 Protein kinase domain-containing protein,Unmatched,0,0,0
HENFNN_11200 DNA-binding protein,Unmatched,0,0,0
HENFNN_11205 protein phosphatase 2C domain-containing protein,Unmatched,0,0,0
HENFNN_11210 VWFA domain-containing protein,Unmatched,0,0,0
HENFNN_11215 hypothetical protein,Unmatched,0,0,0
HENFNN_11220 thiol reductase thioredoxin,Unmatched,0,0,0
HENFNN_11225 NnrU protein,Unmatched,0,0,0
HENFNN_11230 2Fe-2S ferredoxin,Unmatched,0,0,0
HENFNN_11235 response regulator,Unmatched,0,0,0
HENFNN_11240 circadian clock protein KaiB,Unmatched,0,0,0
HENFNN_11245 FAD-dependent oxidoreductase,Unmatched,0,0,0
HENFNN_11250 hypothetical protein,Unmatched,0,0,0
HENFNN_11255 2-O-methyltransferase NoeI,Unmatched,0,0,0
HENFNN_11260 GAF domain,Unmatched,0,0,0
HENFNN_11265 1-acyl-sn-glycerol-3-phosphate acyltransferase,Unmatched,0,0,0
HENFNN_11270 methionine--tRNA ligase,Unmatched,0,0,0
HENFNN_11275 NYN domain-containing protein,Unmatched,0,0,0
HENFNN_11280 nuclease,Unmatched,0,0,0
HENFNN_11285 HigA family addiction module antitoxin,Unmatched,0,0,0
HENFNN_11290 killer suppression protein,Unmatched,0,0,0
HENFNN_11295 30S ribosomal protein S12,Unmatched,0,0,0
HENFNN_11300 30S ribosomal protein S7,Unmatched,0,0,0
HENFNN_11305 elongation factor G,Unmatched,0,0,0
HENFNN_11310 elongation factor Tu,Unmatched,0,0,0
HENFNN_11315 30S ribosomal protein S10,Unmatched,0,0,0
HENFNN_11320 glycine--tRNA ligase subunit alpha,Unmatched,0,0,0
HENFNN_11325 serine/threonine protein kinase,Unmatched,0,0,0
HENFNN_11330 hypothetical protein,Unmatched,0,0,0
HENFNN_11335 serine/threonine protein kinase,Unmatched,0,0,0
HENFNN_11340 hypothetical protein,Unmatched,0,0,0
HENFNN_11345 hypothetical protein,Unmatched,0,0,0
HENFNN_11350 hydroxymethylbilane synthase,Unmatched,0,0,0
HENFNN_11355 ferredoxin,Unmatched,0,0,0
HENFNN_11360 hypothetical protein,Unmatched,0,0,0
HENFNN_11365 anhydro-N-acetylmuramic acid kinase,Unmatched,0,0,0
HENFNN_11370 serine/threonine protein kinase,Unmatched,0,0,0
HENFNN_11375 DNA starvation/stationary phase protection protein Dps,Unmatched,0,0,0
HENFNN_11380 glutathione peroxidase,ctg83_3_lanthipeptide_21_0,97.68,100,732
HENFNN_11385 undecaprenyl-diphosphate phosphatase,ctg83_4_lanthipeptide_21_0,98.31,100,948
HENFNN_11390 LuxR family transcriptional regulator,Unmatched,0,0,0
HENFNN_11395 epimerase,Unmatched,0,0,0
HENFNN_11400 uroporphyrinogen decarboxylase,Unmatched,0,0,0
HENFNN_11405 diversity-generating retroelement protein bAvd family protein,Unmatched,0,0,0
HENFNN_11410 cadmium-translocating P-type ATPase,Unmatched,0,0,0
HENFNN_11415 Similar to Q3M894_ANAVT S-layer region-like,Unmatched,0,0,0
HENFNN_11420 NAD(P)/FAD-dependent oxidoreductase,Unmatched,0,0,0
HENFNN_11425 glycosyl transferase family 2,Unmatched,0,0,0
HENFNN_11430 bifunctional aconitate hydratase 2/2-methylisocitrate dehydratase,Unmatched,0,0,0
HENFNN_11435 hypothetical protein,Unmatched,0,0,0
HENFNN_11440 hypothetical protein,Unmatched,0,0,0
HENFNN_11445 hypothetical protein,Unmatched,0,0,0
HENFNN_11450 XisI protein,Unmatched,0,0,0
HENFNN_11455 hypothetical protein,Unmatched,0,0,0
HENFNN_11460 urease subunit alpha,Unmatched,0,0,0
HENFNN_11465 5' ureB small RNA,Unmatched,0,0,0
HENFNN_11470 LPP domain-containing protein,Unmatched,0,0,0
HENFNN_11475 CHAT domain-containing protein,Unmatched,0,0,0
HENFNN_11480 DNA-binding protein,Unmatched,0,0,0
HENFNN_11485 hypothetical protein,Unmatched,0,0,0
HENFNN_11490 hypothetical protein,Unmatched,0,0,0
HENFNN_11495 cobyric acid synthase CobQ,Unmatched,0,0,0
HENFNN_11500 (2Fe-2S)-binding protein,Unmatched,0,0,0
HENFNN_11505 2-polyprenyl-6-hydroxyphenyl methylase/3-demethylubiquinone-9 3-methyltransferase,Unmatched,0,0,0
HENFNN_11510 ISKra4 family transposase,Unmatched,0,0,0
HENFNN_11515 Glyco-transf-41 domain-containing protein,Unmatched,0,0,0
HENFNN_11520 Glycosyl transferase family 41,Unmatched,0,0,0
HENFNN_11525 Uma2 family endonuclease,Unmatched,0,0,0
HENFNN_11530 aspartate aminotransferase family protein,Unmatched,0,0,0
HENFNN_11535 hypothetical protein,Unmatched,0,0,0
HENFNN_11540 hypothetical protein,Unmatched,0,0,0
HENFNN_11545 bile acid:sodium symporter,Unmatched,0,0,0
HENFNN_11550 hypothetical protein,Unmatched,0,0,0
HENFNN_11555 recombinase RecA,Unmatched,0,0,0
"HENFNN_11560 2,5-didehydrogluconate reductase",Unmatched,0,0,0
"HENFNN_11565 Periplasmic protein Wza involved in polysaccharide export, contains SLBB domain of the beta-grasp fold",Unmatched,0,0,0
HENFNN_11570 ATPase,Unmatched,0,0,0
HENFNN_11575 hypothetical protein,Unmatched,0,0,0
HENFNN_11580 elongation factor P,Unmatched,0,0,0
HENFNN_11585 acetyl-CoA carboxylase biotin carboxyl carrier protein,Unmatched,0,0,0
HENFNN_11590 alcohol dehydrogenase,Unmatched,0,0,0
HENFNN_11595 UPF0284 protein MAE_56900,Unmatched,0,0,0
HENFNN_11600 peptide ABC transporter permease,Unmatched,0,0,0
HENFNN_11605 thiol reductase thioredoxin,Unmatched,0,0,0
HENFNN_11610 LL-diaminopimelate aminotransferase,Unmatched,0,0,0
HENFNN_11615 hypothetical protein,Unmatched,0,0,0
HENFNN_11620 hypothetical protein,Unmatched,0,0,0
HENFNN_11625 hypothetical protein,Unmatched,0,0,0
HENFNN_11630 Transposase,Unmatched,0,0,0
HENFNN_11635 CsbD family protein,Unmatched,0,0,0
HENFNN_11640 CsbD-like protein,Unmatched,0,0,0
HENFNN_11645 lmo0937 family membrane protein,Unmatched,0,0,0
HENFNN_11650 hypothetical protein,Unmatched,0,0,0
HENFNN_11655 DUF433 domain-containing protein,Unmatched,0,0,0
HENFNN_11660 ABC transporter permease,Unmatched,0,0,0
HENFNN_11665 pseudouridine synthase,Unmatched,0,0,0
HENFNN_11670 AAA-15 domain-containing protein,Unmatched,0,0,0
HENFNN_11675 hypothetical protein,Unmatched,0,0,0
HENFNN_11680 hypothetical protein,Unmatched,0,0,0
HENFNN_11685 hypothetical protein,Unmatched,0,0,0
HENFNN_11690 magnesium chelatase,Unmatched,0,0,0
HENFNN_11695 histidine triad nucleotide-binding protein,Unmatched,0,0,0
HENFNN_11700 aspartyl protease,Unmatched,0,0,0
HENFNN_11705 4-hydroxyphenylpyruvate dioxygenase,Unmatched,0,0,0
HENFNN_11710 oxidoreductase,Unmatched,0,0,0
HENFNN_11715 Sulfate adenylyltransferase,Unmatched,0,0,0
HENFNN_11720 OrfB-IS605 domain-containing protein,Unmatched,0,0,0
HENFNN_11725 Immunity protein 30,Unmatched,0,0,0
HENFNN_11730 hypothetical protein,Unmatched,0,0,0
HENFNN_11735 hypothetical protein,Unmatched,0,0,0
HENFNN_11740 DNA helicase RecQ,Unmatched,0,0,0
HENFNN_11745 DUF3318 domain-containing protein,Unmatched,0,0,0
"HENFNN_11750 Putative nuclease, containings PIN domain, putative toxin-antitoxin system component",Unmatched,0,0,0
HENFNN_11755 DUF5615 domain-containing protein,Unmatched,0,0,0
HENFNN_11760 DUF433 domain-containing protein,Unmatched,0,0,0
HENFNN_11765 metal-dependent hydrolase,Unmatched,0,0,0
HENFNN_11770 hypothetical protein,Unmatched,0,0,0
HENFNN_11775 Outer membrane efflux protein,Unmatched,0,0,0
HENFNN_11780 Mobile element protein,Unmatched,0,0,0
HENFNN_11785 Transposase,ctg27_30_T1PKS-Terpene_11_0,91.36,100,1215
HENFNN_11790 Tetratricopeptide repeat family protein,Unmatched,0,0,0
HENFNN_11795 hypothetical protein,Unmatched,0,0,0
HENFNN_11800 cysteine synthase A,Unmatched,0,0,0
"HENFNN_11805 Phosphate starvation-inducible protein PhoH, putative ATPase",Unmatched,0,0,0
HENFNN_11810 GPDPase-memb domain-containing protein,Unmatched,0,0,0
HENFNN_11815 formylglycine-generating enzyme family protein,Unmatched,0,0,0
HENFNN_11820 hypothetical protein,Unmatched,0,0,0
HENFNN_11825 Uncharacterised protein family (UPF0175),Unmatched,0,0,0
HENFNN_11830 sulfatase-modifying factor 1,Unmatched,0,0,0
HENFNN_11835 AAA family ATPase,Unmatched,0,0,0
HENFNN_11840 hypothetical protein,Unmatched,0,0,0
HENFNN_11845 hypothetical protein,Unmatched,0,0,0
HENFNN_11850 fatty acid desaturase,Unmatched,0,0,0
HENFNN_11855 phosphate starvation-inducible protein PhoH,Unmatched,0,0,0
HENFNN_11860 50S ribosomal protein L20,Unmatched,0,0,0
HENFNN_11865 50S ribosomal protein L35,Unmatched,0,0,0
HENFNN_11870 transaldolase,Unmatched,0,0,0
HENFNN_11875 hypothetical protein,ctg27_30_T1PKS-Terpene_11_0,92.75,100,966
HENFNN_11880 leucyl aminopeptidase,Unmatched,0,0,0
HENFNN_11885 hypothetical protein,ctg34_2_Bartoloside-T1PKS_18_0,95.42,100,240
HENFNN_11890 NAD synthetase,Unmatched,0,0,0
HENFNN_11895 pyridine nucleotide transhydrogenase,Unmatched,0,0,0
HENFNN_11900 Re/Si-specific NAD(P)(+) transhydrogenase subunit alpha,Unmatched,0,0,0
HENFNN_11905 hypothetical protein,Unmatched,0,0,0
HENFNN_11910 PspA/IM30 family,Unmatched,0,0,0
HENFNN_11915 phage shock protein A,Unmatched,0,0,0
HENFNN_11920 hypothetical protein,Unmatched,0,0,0
HENFNN_11925 DUF721 domain-containing protein,Unmatched,0,0,0
HENFNN_11930 hypothetical protein,Unmatched,0,0,0
HENFNN_11935 glycosyl transferase family 2,Unmatched,0,0,0
HENFNN_11940 flagellar biosynthesis protein FlgM,Unmatched,0,0,0
HENFNN_11945 prolipoprotein diacylglyceryl transferase,Unmatched,0,0,0
HENFNN_11950 tRNA-Leu(tag),Unmatched,0,0,0
HENFNN_11955 Uma2 family endonuclease,Unmatched,0,0,0
HENFNN_11960 ATP-dependent chaperone ClpB,Unmatched,0,0,0
HENFNN_11965 transketolase,Unmatched,0,0,0
HENFNN_11970 HypC/HybG/HupF family hydrogenase formation chaperone,Unmatched,0,0,0
HENFNN_11975 hydrogenase formation protein HypD,Unmatched,0,0,0
HENFNN_11980 hypothetical protein,Unmatched,0,0,0
HENFNN_11985 HNH endonuclease,Unmatched,0,0,0
HENFNN_11990 Urease domain-containing protein,Unmatched,0,0,0
HENFNN_11995 LPP domain-containing protein,Unmatched,0,0,0
HENFNN_12000 hypothetical protein,Unmatched,0,0,0
HENFNN_12005 DNA-binding protein,Unmatched,0,0,0
HENFNN_12010 hypothetical protein,Unmatched,0,0,0
HENFNN_12015 hypothetical protein,Unmatched,0,0,0
HENFNN_12020 hypothetical protein,Unmatched,0,0,0
HENFNN_12025 DUF4258 domain-containing protein,Unmatched,0,0,0
HENFNN_12030 hypothetical protein,Unmatched,0,0,0
HENFNN_12035 hypothetical protein,Unmatched,0,0,0
HENFNN_12040 nuclease,Unmatched,0,0,0
HENFNN_12045 clan AA aspartic protease,Unmatched,0,0,0
HENFNN_12050 hypothetical protein,Unmatched,0,0,0
HENFNN_12055 IS630 family transposase,Unmatched,0,0,0
HENFNN_12060 IS630 family transposase,Unmatched,0,0,0
HENFNN_12065 IS630 family ISMae21 transposase,Unmatched,0,0,0
HENFNN_12070 Transposase,Unmatched,0,0,0
HENFNN_12075 Transposase,Unmatched,0,0,0
HENFNN_12080 Aromatic-L-amino-acid decarboxylase,Unmatched,0,0,0
HENFNN_12085 NHL repeat containing protein,Unmatched,0,0,0
HENFNN_12090 IS200/IS605 family transposase,ctg27_29_T1PKS-Terpene_11_0,94.37,82.8,279
HENFNN_12095 lysozyme,Unmatched,0,0,0
HENFNN_12100 ATPase,Unmatched,0,0,0
HENFNN_12105 cytosolic protein,Unmatched,0,0,0
HENFNN_12110 hemolysin,Unmatched,0,0,0
HENFNN_12115 dihydroxy-acid dehydratase,Unmatched,0,0,0
HENFNN_12120 TPR domain protein component of TonB system,Unmatched,0,0,0
HENFNN_12125 bacterioferritin,Unmatched,0,0,0
HENFNN_12130 Iron permease FTR1 family,Unmatched,0,0,0
HENFNN_12135 branched-chain amino acid ABC transporter substrate-binding protein,Unmatched,0,0,0
HENFNN_12140 hypothetical protein,Unmatched,0,0,0
HENFNN_12145 PEP-CTERM domain-containing protein,Unmatched,0,0,0
HENFNN_12150 hypothetical protein,Unmatched,0,0,0
HENFNN_12155 hypothetical protein,Unmatched,0,0,0
HENFNN_12160 DNA (cytosine-5-)-methyltransferase,Unmatched,0,0,0
HENFNN_12165 VKc domain-containing protein,Unmatched,0,0,0
HENFNN_12170 phosphorybosylanthranilate isomerase,Unmatched,0,0,0
HENFNN_12175 30S ribosomal protein S12 methylthiotransferase RimO,Unmatched,0,0,0
HENFNN_12180 ATP-dependent RNA helicase,Unmatched,0,0,0
HENFNN_12185 hypothetical protein,Unmatched,0,0,0
HENFNN_12190 hypothetical protein,Unmatched,0,0,0
HENFNN_12195 Similarity,Unmatched,0,0,0
HENFNN_12200 DUF4332 domain-containing protein,Unmatched,0,0,0
HENFNN_12205 Macrophage migration inhibitory factor (MIF),Unmatched,0,0,0
HENFNN_12210 sodium-independent anion transporter,Unmatched,0,0,0
HENFNN_12215 nitrogenase,Unmatched,0,0,0
HENFNN_12220 UDP-glucose 6-dehydrogenase,Unmatched,0,0,0
HENFNN_12225 NAD-dependent dehydratase,Unmatched,0,0,0
HENFNN_12230 hypothetical protein,Unmatched,0,0,0
HENFNN_12235 peptidase,Unmatched,0,0,0
HENFNN_12240 homoserine dehydrogenase,Unmatched,0,0,0
HENFNN_12245 PEP-CTERM sorting domain-containing protein,Unmatched,0,0,0
HENFNN_12250 VapC toxin family PIN domain ribonuclease,Unmatched,0,0,0
HENFNN_12255 UPF0175 family protein,Unmatched,0,0,0
HENFNN_12260 hypothetical protein,Unmatched,0,0,0
HENFNN_12265 Cadherin,Unmatched,0,0,0
HENFNN_12270 HicB family protein,Unmatched,0,0,0
HENFNN_12275 Type II toxin-antitoxin system HicA family toxin,Unmatched,0,0,0
HENFNN_12280 PEP-CTERM sorting domain-containing protein,Unmatched,0,0,0
HENFNN_12285 CRISPR-associated protein Csc1,Unmatched,0,0,0
HENFNN_12290 Uma2 family endonuclease,Unmatched,0,0,0
HENFNN_12295 CRISPR-associated endoribonuclease Cas6,Unmatched,0,0,0
HENFNN_12300 CRISPR-associated protein Cas4,Unmatched,0,0,0
HENFNN_12305 type I-D CRISPR-associated endonuclease Cas1d,Unmatched,0,0,0
HENFNN_12310 CRISPR-associated endonuclease Cas2,Unmatched,0,0,0
HENFNN_12315 hypothetical protein,Unmatched,0,0,0
HENFNN_12320 diflavin flavoprotein A,Unmatched,0,0,0
HENFNN_12325 bifunctional metallophosphatase/5'-nucleotidase,Unmatched,0,0,0
HENFNN_12330 hypothetical protein,Unmatched,0,0,0
HENFNN_12335 polyphosphate kinase 1,Unmatched,0,0,0
HENFNN_12340 DUF4347 domain-containing protein,Unmatched,0,0,0
HENFNN_12345 hypothetical protein,Unmatched,0,0,0
HENFNN_12350 hypothetical protein,Unmatched,0,0,0
HENFNN_12355 YcfA family protein,Unmatched,0,0,0
HENFNN_12360 DUF1902 domain-containing protein,Unmatched,0,0,0
HENFNN_12365 HicB-like domain-containing protein,Unmatched,0,0,0
"HENFNN_12370 HicA toxin of bacterial toxin-antitoxin,",Unmatched,0,0,0
HENFNN_12375 hypothetical protein,Unmatched,0,0,0
HENFNN_12380 hypothetical protein,Unmatched,0,0,0
HENFNN_12385 AF2212-like,Unmatched,0,0,0
HENFNN_12390 hypothetical protein,Unmatched,0,0,0
HENFNN_12395 DUF5615 domain-containing protein,Unmatched,0,0,0
HENFNN_12400 glucose-6-phosphate 1-dehydrogenase,Unmatched,0,0,0
HENFNN_12405 biopolymer transporter,Unmatched,0,0,0
HENFNN_12410 helix-turn-helix transcriptional regulator,Unmatched,0,0,0
HENFNN_12415 RNA polymerase sigma factor SigC,Unmatched,0,0,0
HENFNN_12420 Transposase,Unmatched,0,0,0
HENFNN_12425 hypothetical protein,Unmatched,0,0,0
HENFNN_12430 DUF1825 domain-containing protein,Unmatched,0,0,0
HENFNN_12435 isoprenyl transferase,Unmatched,0,0,0
HENFNN_12440 diadenylate cyclase CdaA,Unmatched,0,0,0
HENFNN_12445 diaminopimelate decarboxylase,Unmatched,0,0,0
HENFNN_12450 Serine/threonine kinase,Unmatched,0,0,0
HENFNN_12455 epimerase,Unmatched,0,0,0
HENFNN_12460 photosystem II reaction center protein Psb28,Unmatched,0,0,0
HENFNN_12465 Cytochrome b6-f complex subunit 7,Unmatched,0,0,0
HENFNN_12470 DUF192 domain-containing protein,Unmatched,0,0,0
HENFNN_12475 DUF2949 domain-containing protein,Unmatched,0,0,0
HENFNN_12480 hypothetical protein,Unmatched,0,0,0
HENFNN_12485 ferredoxin--nitrite reductase,Unmatched,0,0,0
HENFNN_12490 DUF309 domain-containing protein,Unmatched,0,0,0
HENFNN_12495 ostA-like family protein,Unmatched,0,0,0
HENFNN_12500 thiamine phosphate synthase,Unmatched,0,0,0
HENFNN_12505 IS607 family transposase,Unmatched,0,0,0
HENFNN_12510 PEP-CTERM domain-containing protein,Unmatched,0,0,0
HENFNN_12515 Four helix bundle protein,Unmatched,0,0,0
HENFNN_12520 bifunctional phosphoribosyl-AMP cyclohydrolase/phosphoribosyl-ATP diphosphatase HisIE,Unmatched,0,0,0
HENFNN_12525 NAD(P)/FAD-dependent oxidoreductase,Unmatched,0,0,0
HENFNN_12530 dTMP kinase,Unmatched,0,0,0
HENFNN_12535 thymidylate synthase,Unmatched,0,0,0
HENFNN_12540 DUF4278 domain-containing protein,Unmatched,0,0,0
HENFNN_12545 Transposase,Unmatched,0,0,0
HENFNN_12550 hypothetical protein,Unmatched,0,0,0
HENFNN_12555 cobalamin biosynthesis protein CobW,Unmatched,0,0,0
HENFNN_12560 hypothetical protein,Unmatched,0,0,0
HENFNN_12565 Txe/YoeB family addiction module toxin,Unmatched,0,0,0
HENFNN_12570 prevent-host-death protein,Unmatched,0,0,0
HENFNN_12575 transcriptional regulator,Unmatched,0,0,0
HENFNN_12580 hypothetical protein,Unmatched,0,0,0
HENFNN_12585 hypothetical protein,Unmatched,0,0,0
HENFNN_12590 hypothetical protein,Unmatched,0,0,0
HENFNN_12595 hypothetical protein,Unmatched,0,0,0
HENFNN_12600 Putative restriction endonuclease,Unmatched,0,0,0
HENFNN_12605 FGE-sulfatase domain-containing protein,Unmatched,0,0,0
HENFNN_12610 AAA domain-containing protein,Unmatched,0,0,0
HENFNN_12615 serine protease,Unmatched,0,0,0
HENFNN_12620 Trypco1 domain-containing protein,Unmatched,0,0,0
HENFNN_12625 hypothetical protein,Unmatched,0,0,0
HENFNN_12630 hypothetical protein,Unmatched,0,0,0
HENFNN_12635 methyltransferase,Unmatched,0,0,0
HENFNN_12640 hypothetical protein,Unmatched,0,0,0
HENFNN_12645 BFN domain-containing protein,Unmatched,0,0,0
HENFNN_12650 oxidoreductase,Unmatched,0,0,0
HENFNN_12655 fructose-bisphosphate aldolase class II,Unmatched,0,0,0
HENFNN_12660 carboxyl-terminal protease,Unmatched,0,0,0
HENFNN_12665 amino acid ABC transporter substrate-binding protein,Unmatched,0,0,0
HENFNN_12670 ACP S-malonyltransferase,Unmatched,0,0,0
HENFNN_12675 DUF433 domain-containing protein,Unmatched,0,0,0
HENFNN_12680 hypothetical protein,Unmatched,0,0,0
HENFNN_12685 DUF3782 domain-containing protein,Unmatched,0,0,0
HENFNN_12690 hypothetical protein,Unmatched,0,0,0
HENFNN_12695 hypothetical protein,Unmatched,0,0,0
HENFNN_12700 hypothetical protein,Unmatched,0,0,0
HENFNN_12705 hypothetical protein,Unmatched,0,0,0
HENFNN_12710 hypothetical protein,Unmatched,0,0,0
HENFNN_12715 hypothetical protein,Unmatched,0,0,0
HENFNN_12720 hypothetical protein,Unmatched,0,0,0
HENFNN_12725 4-alpha-glucanotransferase,Unmatched,0,0,0
HENFNN_12730 hypothetical protein,Unmatched,0,0,0
HENFNN_12735 hypothetical protein,Unmatched,0,0,0
HENFNN_12740 hypothetical protein,Unmatched,0,0,0
HENFNN_12745 transcriptional regulator,Unmatched,0,0,0
HENFNN_12750 phycobilisome maturation protein,Unmatched,0,0,0
HENFNN_12755 ABC transporter substrate-binding protein,Unmatched,0,0,0
HENFNN_12760 ABC transporter ATP-binding protein,Unmatched,0,0,0
HENFNN_12765 hypothetical protein,Unmatched,0,0,0
HENFNN_12770 heme iron utilization protein,Unmatched,0,0,0
HENFNN_12775 hypothetical protein,Unmatched,0,0,0
HENFNN_12780 hypothetical protein,Unmatched,0,0,0
HENFNN_12785 comEA protein,Unmatched,0,0,0
HENFNN_12790 Capsular biosynthesis protein,Unmatched,0,0,0
HENFNN_12795 hypothetical protein,ctg39_3_Cyanobactin_50_0,91.63,99.56,228
HENFNN_12800 Putative restriction endonuclease,"AFK79997.1_AFK79997.1_MicrocystisaeruginosaPCC7005_piricyclamide7005E1,piricyclamide7005E2,piricyclamide7005E3,piricyclamide7005E4",94.82,99.87,792
HENFNN_12805 peptidase S8,"AFK79998.1_pirG_MicrocystisaeruginosaPCC7005_piricyclamide7005E1,piricyclamide7005E2,piricyclamide7005E3,piricyclamide7005E4",92.31,99.89,1875
HENFNN_12810 peptidase S8,ctg115_2_Cyanobactin_90_0,98.01,100,201
HENFNN_12815 aldo/keto reductase,Unmatched,0,0,0
"HENFNN_12820 Gamma-glutamyl cyclotransferase, AIG2-like",Unmatched,0,0,0
HENFNN_12825 hypothetical protein,Unmatched,0,0,0
HENFNN_12830 XRE family transcriptional regulator,Unmatched,0,0,0
HENFNN_12835 ribosome biogenesis GTPase Der,Unmatched,0,0,0
HENFNN_12840 Cobalt transport protein,Unmatched,0,0,0
HENFNN_12845 Hemolysin-type calcium-binding repeat family protein,Unmatched,0,0,0
HENFNN_12850 glycerol acyltransferase,Unmatched,0,0,0
HENFNN_12855 hypothetical protein,Unmatched,0,0,0
"HENFNN_12860 Phosphatidylinositol-specific phospholipase C, X domain-containing protein",Unmatched,0,0,0
HENFNN_12865 hypothetical protein,Unmatched,0,0,0
HENFNN_12870 hypothetical protein,Unmatched,0,0,0
HENFNN_12875 hypothetical protein,Unmatched,0,0,0
HENFNN_12880 CBAH domain-containing protein,Unmatched,0,0,0
HENFNN_12885 amidohydrolase family protein,Unmatched,0,0,0
HENFNN_12890 GTP-binding protein,Unmatched,0,0,0
HENFNN_12895 hypothetical protein,Unmatched,0,0,0
HENFNN_12900 DUF4276 domain-containing protein,Unmatched,0,0,0
HENFNN_12905 chromosome segregation protein SMC,Unmatched,0,0,0
HENFNN_12910 dehydrogenase,Unmatched,0,0,0
HENFNN_12915 3-dehydroquinate synthase,Unmatched,0,0,0
HENFNN_12920 hypothetical protein,Unmatched,0,0,0
HENFNN_12925 hypothetical protein,Unmatched,0,0,0
HENFNN_12930 Cytochrome b6-f complex subunit 8,Unmatched,0,0,0
HENFNN_12935 hypothetical protein,Unmatched,0,0,0
HENFNN_12940 exonuclease sbcCD subunit D,Unmatched,0,0,0
HENFNN_12945 protein kinase,Unmatched,0,0,0
HENFNN_12950 ATP-binding protein,Unmatched,0,0,0
HENFNN_12955 anti-anti-sigma factor,Unmatched,0,0,0
HENFNN_12960 DUF3318 domain-containing protein,Unmatched,0,0,0
HENFNN_12965 ribonuclease D,Unmatched,0,0,0
HENFNN_12970 CAP domain-containing protein,Unmatched,0,0,0
HENFNN_12975 Transposase,Unmatched,0,0,0
HENFNN_12980 hypothetical protein,Unmatched,0,0,0
HENFNN_12985 hypothetical protein,Unmatched,0,0,0
HENFNN_12990 GAF domain-containing protein,Unmatched,0,0,0
HENFNN_12995 IS630 family transposase,Unmatched,0,0,0
HENFNN_13000 valine--tRNA ligase,Unmatched,0,0,0
HENFNN_13005 Putative restriction endonuclease,Unmatched,0,0,0
HENFNN_13010 cytochrome-c oxidase,Unmatched,0,0,0
HENFNN_13015 peptide chain release factor 2,Unmatched,0,0,0
HENFNN_13020 hypothetical protein,Unmatched,0,0,0
HENFNN_13025 UDP-N-acetylmuramoyl-L-alanine--D-glutamate ligase,Unmatched,0,0,0
HENFNN_13030 GHL10 domain-containing protein,Unmatched,0,0,0
HENFNN_13035 NAD(P)H-quinone oxidoreductase subunit O,Unmatched,0,0,0
HENFNN_13040 malate dehydrogenase,Unmatched,0,0,0
HENFNN_13045 RNA methyltransferase,Unmatched,0,0,0
HENFNN_13050 hypothetical protein,Unmatched,0,0,0
HENFNN_13055 hypothetical protein,Unmatched,0,0,0
HENFNN_13060 photosystem I reaction center subunit XII,Unmatched,0,0,0
HENFNN_13065 DUF475 domain-containing protein,Unmatched,0,0,0
HENFNN_13070 thiol-disulfide oxidoreductase,Unmatched,0,0,0
HENFNN_13075 AAA-23 domain-containing protein,Unmatched,0,0,0
HENFNN_13080 phosphoesterase,Unmatched,0,0,0
HENFNN_13085 Uncharacterised protein family (UPF0175),Unmatched,0,0,0
HENFNN_13090 DUF3368 domain-containing protein,Unmatched,0,0,0
HENFNN_13095 hypothetical protein,Unmatched,0,0,0
HENFNN_13100 hypothetical protein,Unmatched,0,0,0
HENFNN_13105 hypothetical protein,Unmatched,0,0,0
HENFNN_13110 potassium channel protein,Unmatched,0,0,0
HENFNN_13115 PIN domain-containing protein,Unmatched,0,0,0
HENFNN_13120 hypothetical protein,Unmatched,0,0,0
HENFNN_13125 preprotein translocase subunit SecY,Unmatched,0,0,0
HENFNN_13130 adenylate kinase,Unmatched,0,0,0
HENFNN_13135 hypothetical protein,Unmatched,0,0,0
HENFNN_13140 ATP-dependent Clp protease proteolytic subunit,Unmatched,0,0,0
HENFNN_13145 ATP-dependent Clp protease proteolytic subunit,Unmatched,0,0,0
HENFNN_13150 PEP-CTERM sorting domain-containing protein,Unmatched,0,0,0
HENFNN_13155 PilT domain-containing protein,Unmatched,0,0,0
HENFNN_13160 hypothetical protein,Unmatched,0,0,0
HENFNN_13165 hypothetical protein,Unmatched,0,0,0
HENFNN_13170 SpoVT-AbrB domain-containing protein,Unmatched,0,0,0
"HENFNN_13175 Toxin 1, PIN domain",Unmatched,0,0,0
HENFNN_13180 hypothetical protein,Unmatched,0,0,0
HENFNN_13185 hypothetical protein,Unmatched,0,0,0
HENFNN_13190 YjdM-Zn-Ribbon domain-containing protein,Unmatched,0,0,0
HENFNN_13195 hypothetical protein,Unmatched,0,0,0
HENFNN_13200 hypothetical protein,Unmatched,0,0,0
HENFNN_13205 hypothetical protein,Unmatched,0,0,0
HENFNN_13210 hypothetical protein,Unmatched,0,0,0
HENFNN_13215 hypothetical protein,Unmatched,0,0,0
HENFNN_13220 hypothetical protein,Unmatched,0,0,0
HENFNN_13225 Zincin-like metallopeptidase,Unmatched,0,0,0
HENFNN_13230 hypothetical protein,Unmatched,0,0,0
HENFNN_13235 hypothetical protein,Unmatched,0,0,0
HENFNN_13240 hypothetical protein,Unmatched,0,0,0
HENFNN_13245 hypothetical protein,Unmatched,0,0,0
HENFNN_13250 hypothetical protein,Unmatched,0,0,0
HENFNN_13255 N-acetyltransferase domain-containing protein,Unmatched,0,0,0
HENFNN_13260 hypothetical protein,Unmatched,0,0,0
HENFNN_13265 hypothetical protein,Unmatched,0,0,0
HENFNN_13270 peptide-methionine (S)-S-oxide reductase,Unmatched,0,0,0
HENFNN_13275 maltooligosyl trehalose synthase,Unmatched,0,0,0
"HENFNN_13280 sulfite reductase, ferredoxin dependent",Unmatched,0,0,0
HENFNN_13285 DUF262 domain-containing protein,Unmatched,0,0,0
HENFNN_13290 HEPN-RiboL-PSP domain-containing protein,Unmatched,0,0,0
HENFNN_13295 hypothetical protein,Unmatched,0,0,0
HENFNN_13300 high-affinity branched-chain amino acid ABC transporter ATP-binding protein LivG,Unmatched,0,0,0
HENFNN_13305 AI-2E family transporter,Unmatched,0,0,0
HENFNN_13310 hypothetical protein,Unmatched,0,0,0
HENFNN_13315 hypothetical protein,Unmatched,0,0,0
HENFNN_13320 hypothetical protein,Unmatched,0,0,0
HENFNN_13325 hypothetical protein,Unmatched,0,0,0
HENFNN_13330 DUF5615 domain-containing protein,Unmatched,0,0,0
HENFNN_13335 arabinose efflux permease,ctg82_33_T3PKS-Merocyclophane_5_0,98.39,100.07,1491
HENFNN_13340 DNA repair protein RecO,ctg82_32_T3PKS-Merocyclophane_5_0,97.83,100,783
HENFNN_13345 tRNA-Ala(tgc),Unmatched,0,0,0
HENFNN_13350 rhodanese-related sulfurtransferase,ctg82_31_T3PKS-Merocyclophane_5_0,99.14,100,813
HENFNN_13355 serine/threonine protein kinase,ctg82_30_T3PKS-Merocyclophane_5_0,99.36,100,1566
HENFNN_13360 Phosphomannomutase,ctg82_29_T3PKS-Merocyclophane_5_0,99.06,100,426
HENFNN_13365 Phosphomannomutase,Unmatched,0,0,0
HENFNN_13370 Transposase,Unmatched,0,0,0
HENFNN_13375 cyanophycinase,Unmatched,0,0,0
HENFNN_13380 hypothetical protein,Unmatched,0,0,0
HENFNN_13385 RNA-binding protein,Unmatched,0,0,0
HENFNN_13390 ribose-5-phosphate isomerase RpiA,Unmatched,0,0,0
HENFNN_13395 DNA replication/repair protein RecF,Unmatched,0,0,0
HENFNN_13400 DUF2808 domain-containing protein,Unmatched,0,0,0
HENFNN_13405 metallothionein,Unmatched,0,0,0
HENFNN_13410 transcriptional regulator,Unmatched,0,0,0
HENFNN_13415 Pentapeptide repeat protein,Unmatched,0,0,0
HENFNN_13420 ATP-dependent helicase,Unmatched,0,0,0
HENFNN_13425 hypothetical protein,Unmatched,0,0,0
HENFNN_13430 hypothetical protein,Unmatched,0,0,0
HENFNN_13435 AbrB/MazE/SpoVT family DNA-binding domain-containing protein,Unmatched,0,0,0
HENFNN_13440 hypothetical protein,Unmatched,0,0,0
HENFNN_13445 ion transporter,Unmatched,0,0,0
HENFNN_13450 AraC family transcriptional regulator,Unmatched,0,0,0
HENFNN_13455 hypothetical protein,Unmatched,0,0,0
HENFNN_13460 Similarity,Unmatched,0,0,0
HENFNN_13465 hypothetical protein,Unmatched,0,0,0
HENFNN_13470 chlororespiratory reduction protein 7,Unmatched,0,0,0
HENFNN_13475 YdiU family protein,Unmatched,0,0,0
HENFNN_13480 hypothetical protein,Unmatched,0,0,0
HENFNN_13485 clan AA aspartic protease,Unmatched,0,0,0
HENFNN_13490 hypothetical protein,Unmatched,0,0,0
HENFNN_13495 hypothetical protein,Unmatched,0,0,0
HENFNN_13500 bifunctional ornithine acetyltransferase/N-acetylglutamate synthase,Unmatched,0,0,0
HENFNN_13505 peptide chain release factor 1,Unmatched,0,0,0
HENFNN_13510 hypothetical protein,Unmatched,0,0,0
HENFNN_13515 cysteine desulfurase,Unmatched,0,0,0
HENFNN_13520 Lysylphosphatidylglycerol synthase TM region,Unmatched,0,0,0
HENFNN_13525 DUF29 domain-containing protein,Unmatched,0,0,0
HENFNN_13530 DUF29 domain-containing protein,Unmatched,0,0,0
HENFNN_13535 recombinase,Unmatched,0,0,0
HENFNN_13540 DUF4334 domain-containing protein,Unmatched,0,0,0
HENFNN_13545 PIN domain protein,Unmatched,0,0,0
HENFNN_13550 DUF3782 domain-containing protein,Unmatched,0,0,0
HENFNN_13555 molecular chaperone DnaK,Unmatched,0,0,0
HENFNN_13560 molecular chaperone DnaJ,Unmatched,0,0,0
HENFNN_13565 quinone-dependent dihydroorotate dehydrogenase,Unmatched,0,0,0
HENFNN_13570 PEP-CTERM sorting domain-containing protein,Unmatched,0,0,0
HENFNN_13575 DUF3352 domain-containing protein,Unmatched,0,0,0
HENFNN_13580 bifunctional folylpolyglutamate synthase/dihydrofolate synthase,Unmatched,0,0,0
HENFNN_13585 2-phosphosulfolactate phosphatase family protein,Unmatched,0,0,0
HENFNN_13590 fatty-acid oxidation protein subunit alpha,Unmatched,0,0,0
HENFNN_13595 XisI protein,Unmatched,0,0,0
HENFNN_13600 hypothetical protein,Unmatched,0,0,0
HENFNN_13605 alpha/beta hydrolase,Unmatched,0,0,0
HENFNN_13610 histone deacetylase,Unmatched,0,0,0
"HENFNN_13615 Coenzyme F420 hydrogenase/dehydrogenase, beta subunit N-term",Unmatched,0,0,0
HENFNN_13620 prevent-host-death protein,Unmatched,0,0,0
HENFNN_13625 hypothetical protein,Unmatched,0,0,0
HENFNN_13630 ornithine carbamoyltransferase,Unmatched,0,0,0
HENFNN_13635 FG-GAP-like repeat-containing protein,Unmatched,0,0,0
HENFNN_13640 hypothetical protein,Unmatched,0,0,0
HENFNN_13645 hypothetical protein,Unmatched,0,0,0
HENFNN_13650 S-layer protein,Unmatched,0,0,0
"HENFNN_13655 TamB, inner membrane protein subunit of TAM complex",Unmatched,0,0,0
HENFNN_13660 N-acetyltransferase,Unmatched,0,0,0
HENFNN_13665 DUF3854 domain-containing protein,Unmatched,0,0,0
HENFNN_13670 ribonucleoside-diphosphate reductase subunit alpha,Unmatched,0,0,0
HENFNN_13675 Domain of unknown function DUF29,Unmatched,0,0,0
HENFNN_13680 DUF29 domain-containing protein,Unmatched,0,0,0
HENFNN_13685 DUF29 domain-containing protein,Unmatched,0,0,0
HENFNN_13690 DUF29 domain-containing protein,Unmatched,0,0,0
HENFNN_13695 DUF29 domain-containing protein,Unmatched,0,0,0
HENFNN_13700 ribonucleotide-diphosphate reductase subunit beta,Unmatched,0,0,0
HENFNN_13705 NAD(+) kinase,Unmatched,0,0,0
HENFNN_13710 phycobiliprotein lyase,Unmatched,0,0,0
HENFNN_13715 phosphomethylpyrimidine synthase,Unmatched,0,0,0
HENFNN_13720 putative transposase,ctg27_30_T1PKS-Terpene_11_0,93.4,100.15,651
HENFNN_13725 cobalt-precorrin-5B (C(1))-methyltransferase CbiD,Unmatched,0,0,0
HENFNN_13730 glutamine-hydrolyzing GMP synthase,Unmatched,0,0,0
HENFNN_13735 hypethetical protein,Unmatched,0,0,0
HENFNN_13740 HEPN-RiboL-PSP domain-containing protein,Unmatched,0,0,0
HENFNN_13745 DUF4351 domain-containing protein,Unmatched,0,0,0
HENFNN_13750 radical SAM family heme chaperone HemW,Unmatched,0,0,0
HENFNN_13755 PEP-CTERM sorting domain-containing protein,Unmatched,0,0,0
HENFNN_13760 VWFD domain-containing protein,Unmatched,0,0,0
HENFNN_13765 Putative radical SAM family enzyme,Unmatched,0,0,0
HENFNN_13770 protoporphyrinogen oxidase HemJ,Unmatched,0,0,0
HENFNN_13775 helicase,Unmatched,0,0,0
HENFNN_13780 transcription antitermination factor NusB,Unmatched,0,0,0
HENFNN_13785 adenylate cyclase,Unmatched,0,0,0
HENFNN_13790 lactoylglutathione lyase,Unmatched,0,0,0
HENFNN_13795 IS30 family transposase,Unmatched,0,0,0
HENFNN_13800 Mobile element protein,Unmatched,0,0,0
HENFNN_13805 Putative phage tail sheath protein (Modular protein),Unmatched,0,0,0
HENFNN_13810 phage tail protein,Unmatched,0,0,0
HENFNN_13815 hypothetical protein,Unmatched,0,0,0
HENFNN_13820 hypothetical protein,Unmatched,0,0,0
HENFNN_13825 Pvc16-N domain-containing protein,Unmatched,0,0,0
HENFNN_13830 hypothetical protein,Unmatched,0,0,0
HENFNN_13835 ABM domain-containing protein,Unmatched,0,0,0
HENFNN_13840 DUF2252 domain-containing protein,Unmatched,0,0,0
HENFNN_13845 DUF4346 domain-containing protein,Unmatched,0,0,0
HENFNN_13850 branched-chain amino acid ABC transporter permease,Unmatched,0,0,0
HENFNN_13855 Pentapeptide repeat protein,Unmatched,0,0,0
HENFNN_13860 5-(carboxyamino)imidazole ribonucleotide synthase,Unmatched,0,0,0
HENFNN_13865 lipolytic protein G-D-S-L family,Unmatched,0,0,0
HENFNN_13870 hypothetical protein,Unmatched,0,0,0
HENFNN_13875 histidine kinase,Unmatched,0,0,0
HENFNN_13880 argininosuccinate synthase,Unmatched,0,0,0
HENFNN_13885 hypothetical protein,Unmatched,0,0,0
HENFNN_13890 XisH protein,Unmatched,0,0,0
HENFNN_13895 XisI protein,Unmatched,0,0,0
HENFNN_13900 hypothetical protein,ctg34_24_Bartoloside-T1PKS_18_0,98.41,99.21,381
HENFNN_13905 PEP-CTERM sorting domain-containing protein,ctg34_23_Bartoloside-T1PKS_18_0,87.87,102.31,693
HENFNN_13910 Similarity,Unmatched,0,0,0
"HENFNN_13915 type II toxin-antitoxin system mRNA interferase toxin, RelE/StbE family",Unmatched,0,0,0
HENFNN_13920 ATP-dependent sacrificial sulfur transferase LarE,ctg34_20_Bartoloside-T1PKS_18_0,97.03,94.95,852
HENFNN_13925 putative permease,Unmatched,0,0,0
HENFNN_13930 TIGR03943 family protein,Unmatched,0,0,0
HENFNN_13935 Big-5 domain-containing protein,Unmatched,0,0,0
HENFNN_13940 aldehyde dehydrogenase family protein,Unmatched,0,0,0
HENFNN_13945 isochorismate synthase,Unmatched,0,0,0
HENFNN_13950 ferredoxin,Unmatched,0,0,0
HENFNN_13955 hypothetical protein,Unmatched,0,0,0
HENFNN_13960 thiol:disulfide interchange protein,Unmatched,0,0,0
HENFNN_13965 hypothetical protein,Unmatched,0,0,0
HENFNN_13970 hypothetical protein,Unmatched,0,0,0
HENFNN_13975 ATP-dependent zinc metalloprotease FtsH,Unmatched,0,0,0
HENFNN_13980 c-type cytochrome biogenesis protein CcsB,Unmatched,0,0,0
HENFNN_13985 aspartoacylase,Unmatched,0,0,0
HENFNN_13990 serine/threonine protein kinase,Unmatched,0,0,0
HENFNN_13995 AAA+ family ATPase,Unmatched,0,0,0
HENFNN_14000 hypothetical protein,Unmatched,0,0,0
HENFNN_14005 3-phosphoshikimate 1-carboxyvinyltransferase,Unmatched,0,0,0
HENFNN_14010 energy-coupling factor transporter ATPase,Unmatched,0,0,0
HENFNN_14015 amidophosphoribosyltransferase,Unmatched,0,0,0
HENFNN_14020 phosphoribosylformylglycinamidine synthase subunit PurL,Unmatched,0,0,0
HENFNN_14025 DUF29 domain-containing protein,Unmatched,0,0,0
HENFNN_14030 hypothetical protein,Unmatched,0,0,0
HENFNN_14035 hypothetical protein,Unmatched,0,0,0
"HENFNN_14040 Carbohydrate-selective porin, OprB family",Unmatched,0,0,0
HENFNN_14045 thylakoid membrane photosystem I accumulation factor,Unmatched,0,0,0
HENFNN_14050 GRRM system radical SAM/SPASM domain protein,Unmatched,0,0,0
HENFNN_14055 murein transglycosylase,Unmatched,0,0,0
HENFNN_14060 Magnesium and cobalt efflux protein CorC,Unmatched,0,0,0
HENFNN_14065 hypothetical protein,Unmatched,0,0,0
HENFNN_14070 tRNA-Ile2(cat),Unmatched,0,0,0
HENFNN_14075 hypothetical protein,Unmatched,0,0,0
HENFNN_14080 DNA-binding protein,Unmatched,0,0,0
HENFNN_14085 nucleotidyltransferase domain-containing protein,Unmatched,0,0,0
HENFNN_14090 hypothetical protein,Unmatched,0,0,0
HENFNN_14095 hypothetical protein,Unmatched,0,0,0
HENFNN_14100 hypothetical protein,Unmatched,0,0,0
HENFNN_14105 hypothetical protein,Unmatched,0,0,0
HENFNN_14110 hypothetical protein,Unmatched,0,0,0
HENFNN_14115 hypothetical protein,Unmatched,0,0,0
HENFNN_14120 hypothetical protein,Unmatched,0,0,0
HENFNN_14125 Protein kinase,Unmatched,0,0,0
HENFNN_14130 DNA adenine methylase,Unmatched,0,0,0
HENFNN_14135 hypothetical protein,Unmatched,0,0,0
HENFNN_14140 MspA1I restriction endonuclease domain protein,Unmatched,0,0,0
HENFNN_14145 hypothetical protein,Unmatched,0,0,0
HENFNN_14150 Doublecortin domain-containing protein,Unmatched,0,0,0
HENFNN_14155 transketolase,Unmatched,0,0,0
HENFNN_14160 beta-ketoacyl-ACP synthase II,Unmatched,0,0,0
HENFNN_14165 acyl carrier protein,Unmatched,0,0,0
HENFNN_14170 4-hydroxybenzoate solanesyltransferase,Unmatched,0,0,0
HENFNN_14175 NTP-transf-9 domain-containing protein,Unmatched,0,0,0
HENFNN_14180 DUF1499 domain-containing protein,Unmatched,0,0,0
HENFNN_14185 hypothetical protein,Unmatched,0,0,0
HENFNN_14190 SRPBCC family protein,Unmatched,0,0,0
HENFNN_14195 transglutaminase,ctg82_2_T3PKS-Merocyclophane_5_0,98.27,100,2313
HENFNN_14200 phycocyanobilin:ferredoxin oxidoreductase,Unmatched,0,0,0
HENFNN_14205 photosynthetic/respiratory NAD(P)H-quinone oxidoreductase subunit D1,Unmatched,0,0,0
HENFNN_14210 SAM-dependent methyltransferase,Unmatched,0,0,0
HENFNN_14215 histidine kinase,Unmatched,0,0,0
HENFNN_14220 Class I SAM-dependent methyltransferase,Unmatched,0,0,0
HENFNN_14225 hypothetical protein,Unmatched,0,0,0
HENFNN_14230 Tellurite resistance protein TerB,Unmatched,0,0,0
HENFNN_14235 16S rRNA (cytosine(967)-C(5))-methyltransferase,Unmatched,0,0,0
HENFNN_14240 serine esterase,Unmatched,0,0,0
"HENFNN_14245 UDP-N-acetylmuramoyl-L-alanyl-D-glutamate--2,6-diaminopimelate ligase",Unmatched,0,0,0
HENFNN_14250 DUF4079 domain-containing protein,Unmatched,0,0,0
HENFNN_14255 EF-hand domain-containing protein,Unmatched,0,0,0
HENFNN_14260 glycosyl transferase 2 family protein,Unmatched,0,0,0
HENFNN_14265 hypothetical protein,Unmatched,0,0,0
HENFNN_14270 NUDIX hydrolase,Unmatched,0,0,0
HENFNN_14275 30S ribosomal protein S14,Unmatched,0,0,0
HENFNN_14280 Polyribonucleotide nucleotidyltransferase,Unmatched,0,0,0
HENFNN_14285 twin-arginine translocase TatA/TatE family subunit,Unmatched,0,0,0
HENFNN_14290 Metalloprotease slr0863,Unmatched,0,0,0
HENFNN_14295 carbamoyl-phosphate synthase large subunit,Unmatched,0,0,0
HENFNN_14300 adenosine deaminase,Unmatched,0,0,0
HENFNN_14305 MAPEG family protein,Unmatched,0,0,0
HENFNN_14310 DNA recombination-mediator protein A,Unmatched,0,0,0
HENFNN_14315 GNAT family N-acetyltransferase,Unmatched,0,0,0
HENFNN_14320 Holliday junction resolvase RuvX,Unmatched,0,0,0
HENFNN_14325 Uncharacterized protein sll0103,ctg30_6_Novel-T3PKS_28_0,96.24,100,1251
"HENFNN_14330 membrane protease subunit, stomatin/prohibitin",Unmatched,0,0,0
HENFNN_14335 aluminum resistance family protein,ctg30_5_Novel-T3PKS_28_0,97.04,99.51,1224
HENFNN_14340 acyl-CoA desaturase,Unmatched,0,0,0
HENFNN_14345 1-deoxy-D-xylulose-5-phosphate reductoisomerase,Unmatched,0,0,0
HENFNN_14350 glutamate-5-semialdehyde dehydrogenase,Unmatched,0,0,0
HENFNN_14355 riboflavin synthase,Unmatched,0,0,0
HENFNN_14360 DUF4411 domain-containing protein,Unmatched,0,0,0
HENFNN_14365 photosystem I core protein PsaA,Unmatched,0,0,0
HENFNN_14370 photosystem I core protein PsaB,Unmatched,0,0,0
HENFNN_14375 DUF29 domain-containing protein,Unmatched,0,0,0
HENFNN_14380 GTPase,Unmatched,0,0,0
HENFNN_14385 hypothetical protein,Unmatched,0,0,0
HENFNN_14390 Dynamin family protein,Unmatched,0,0,0
HENFNN_14395 hypothetical protein,Unmatched,0,0,0
HENFNN_14400 ATPase,Unmatched,0,0,0
HENFNN_14405 hypothetical protein,Unmatched,0,0,0
HENFNN_14410 hypothetical protein,Unmatched,0,0,0
HENFNN_14415 DUF4926 domain-containing protein,Unmatched,0,0,0
HENFNN_14420 N-terminal part of Q9RNA5_MICAE Uma4,AAF00967.1_uma4_MicrocystisaeruginosaPCC7806_microcystinLR,96.25,98.77,81
HENFNN_14425 hypothetical protein,Unmatched,0,0,0
HENFNN_14430 DUF262 domain-containing protein,Unmatched,0,0,0
HENFNN_14435 ribulose bisphosphate carboxylase small subunit,Unmatched,0,0,0
HENFNN_14440 RbcX chaperonin protein,Unmatched,0,0,0
HENFNN_14445 Ribulose bisphosphate carboxylase large chain,Unmatched,0,0,0
HENFNN_14450 carbon dioxide concentrating mechanism protein,Unmatched,0,0,0
HENFNN_14455 carbon dioxide concentrating mechanism protein CcmM,Unmatched,0,0,0
HENFNN_14460 carbon dioxide concentrating mechanism protein CcmL,Unmatched,0,0,0
HENFNN_14465 Carboxysome shell protein CcmK,Unmatched,0,0,0
HENFNN_14470 carbon dioxide-concentrating protein CcmK,Unmatched,0,0,0
HENFNN_14475 Nif11-like leader peptide family natural product precursor,Unmatched,0,0,0
HENFNN_14480 hypothetical protein,Unmatched,0,0,0
HENFNN_14485 tRNA (N6-isopentenyl adenosine(37)-C2)-methylthiotransferase MiaB,Unmatched,0,0,0
HENFNN_14490 DUF2358 domain-containing protein,Unmatched,0,0,0
HENFNN_14495 hypothetical protein,Unmatched,0,0,0
HENFNN_14500 50S ribosomal protein L33,Unmatched,0,0,0
HENFNN_14505 30S ribosomal protein S18,Unmatched,0,0,0
HENFNN_14510 ATPase,Unmatched,0,0,0
HENFNN_14515 tRNA-Phe(gaa),Unmatched,0,0,0
HENFNN_14520 HEAT domain-containing protein,Unmatched,0,0,0
HENFNN_14525 aromatic acid decarboxylase,Unmatched,0,0,0
HENFNN_14530 hypothetical protein,Unmatched,0,0,0
HENFNN_14535 transposase,Unmatched,0,0,0
HENFNN_14540 acetolactate synthase small subunit,Unmatched,0,0,0
HENFNN_14545 penicillin-binding protein,Unmatched,0,0,0
HENFNN_14550 hypothetical protein,Unmatched,0,0,0
HENFNN_14555 aspartate aminotransferase,Unmatched,0,0,0
HENFNN_14560 hypothetical protein,Unmatched,0,0,0
HENFNN_14565 Lysozyme,Unmatched,0,0,0
HENFNN_14570 HNH endonuclease,Unmatched,0,0,0
HENFNN_14575 DNA (cytosine-5-)-methyltransferase,Unmatched,0,0,0
HENFNN_14580 fatty acid desaturase,Unmatched,0,0,0
HENFNN_14585 hypothetical protein,Unmatched,0,0,0
HENFNN_14590 nucleic acid-binding protein,Unmatched,0,0,0
"HENFNN_14595 Transcriptional modulator of MazE/toxin, MazF",Unmatched,0,0,0
HENFNN_14600 hypothetical protein,Unmatched,0,0,0
HENFNN_14605 hypothetical protein,Unmatched,0,0,0
HENFNN_14610 hypothetical protein,Unmatched,0,0,0
HENFNN_14615 hypothetical protein,Unmatched,0,0,0
HENFNN_14620 hypothetical protein,Unmatched,0,0,0
HENFNN_14625 hypothetical protein,Unmatched,0,0,0
HENFNN_14630 HigA family addiction module antitoxin,Unmatched,0,0,0
HENFNN_14635 hypothetical protein,Unmatched,0,0,0
HENFNN_14640 DUF5615 domain-containing protein,Unmatched,0,0,0
HENFNN_14645 hypothetical protein,Unmatched,0,0,0
HENFNN_14650 Plasmid stabilization system protein,Unmatched,0,0,0
HENFNN_14655 hypothetical protein,Unmatched,0,0,0
HENFNN_14660 Tetratricopeptide protein,Unmatched,0,0,0
HENFNN_14665 XisI protein,Unmatched,0,0,0
HENFNN_14670 fatty-acid oxidation protein subunit alpha,Unmatched,0,0,0
HENFNN_14675 DUF5615 domain-containing protein,Unmatched,0,0,0
HENFNN_14680 hypothetical protein,Unmatched,0,0,0
HENFNN_14685 DUF2283 domain-containing protein,Unmatched,0,0,0
HENFNN_14690 XisI protein,Unmatched,0,0,0
HENFNN_14695 DUF4926 domain-containing protein,Unmatched,0,0,0
HENFNN_14700 hypothetical protein,Unmatched,0,0,0
HENFNN_14705 Tetratricopeptide protein,Unmatched,0,0,0
HENFNN_14710 plasmid stabilization protein,Unmatched,0,0,0
HENFNN_14715 hypothetical protein,Unmatched,0,0,0
HENFNN_14720 DUF1902 domain-containing protein,Unmatched,0,0,0
HENFNN_14725 DUF2283 domain-containing protein,Unmatched,0,0,0
HENFNN_14730 hypothetical protein,Unmatched,0,0,0
HENFNN_14735 ATPase,Unmatched,0,0,0
HENFNN_14740 hypothetical protein,Unmatched,0,0,0
HENFNN_14745 TauD domain-containing protein,Unmatched,0,0,0
HENFNN_14750 tRNA-fMet(cat),Unmatched,0,0,0
HENFNN_14755 succinate dehydrogenase/fumarate reductase flavoprotein subunit,Unmatched,0,0,0
HENFNN_14760 plastocyanin,Unmatched,0,0,0
HENFNN_14765 Cytochrome c6,Unmatched,0,0,0
HENFNN_14770 DUF3352 domain-containing protein,Unmatched,0,0,0
HENFNN_14775 hypothetical protein,Unmatched,0,0,0
HENFNN_14780 HNH endonuclease,Unmatched,0,0,0
HENFNN_14785 hypothetical protein,Unmatched,0,0,0
HENFNN_14790 hypothetical protein,Unmatched,0,0,0
HENFNN_14795 Similar to tr|P73252|P73252,Unmatched,0,0,0
"HENFNN_14800 putative toxin-antitoxin system toxin component, PIN family",Unmatched,0,0,0
HENFNN_14805 hypothetical protein,Unmatched,0,0,0
HENFNN_14810 DNA polymerase subunit beta,Unmatched,0,0,0
HENFNN_14815 Ribonuclease HepT-like,Unmatched,0,0,0
HENFNN_14820 Uma2 domain-containing protein,Unmatched,0,0,0
HENFNN_14825 hypothetical protein,Unmatched,0,0,0
HENFNN_14830 RNA polymerase subunit sigma-70,Unmatched,0,0,0
HENFNN_14835 hypothetical protein,Unmatched,0,0,0
HENFNN_14840 nucleotide cyclase,Unmatched,0,0,0
HENFNN_14845 hypothetical protein,Unmatched,0,0,0
HENFNN_14850 DUF1496 domain-containing protein,Unmatched,0,0,0
HENFNN_14855 Similarity,Unmatched,0,0,0
HENFNN_14860 hypothetical protein,Unmatched,0,0,0
HENFNN_14865 Nif11 domain-containing protein,Unmatched,0,0,0
HENFNN_14870 Nif11 domain-containing protein,Unmatched,0,0,0
HENFNN_14875 hypothetical protein,Unmatched,0,0,0
HENFNN_14880 hypothetical protein,Unmatched,0,0,0
HENFNN_14885 DUF29 domain-containing protein,Unmatched,0,0,0
HENFNN_14890 hypothetical protein,Unmatched,0,0,0
HENFNN_14895 class I SAM-dependent methyltransferase,Unmatched,0,0,0
HENFNN_14900 excinuclease ABC subunit UvrA,Unmatched,0,0,0
HENFNN_14905 serine O-acetyltransferase,Unmatched,0,0,0
HENFNN_14910 alkaline phosphatase,Unmatched,0,0,0
HENFNN_14915 tRNA (adenosine(37)-N6)-threonylcarbamoyltransferase complex dimerization subunit type 1 TsaB,Unmatched,0,0,0
HENFNN_14920 tRNA-Lys(ttt),Unmatched,0,0,0
HENFNN_14925 aldose epimerase,Unmatched,0,0,0
HENFNN_14930 phosphatidate cytidylyltransferase,Unmatched,0,0,0
HENFNN_14935 DUF4164 domain-containing protein,Unmatched,0,0,0
HENFNN_14940 hypothetical protein,Unmatched,0,0,0
HENFNN_14945 AAA family ATPase,Unmatched,0,0,0
HENFNN_14950 BolA family transcriptional regulator,Unmatched,0,0,0
HENFNN_14955 hypothetical protein,Unmatched,0,0,0
HENFNN_14960 Uma2 family endonuclease,Unmatched,0,0,0
HENFNN_14965 Uma2 family endonuclease,Unmatched,0,0,0
HENFNN_14970 bifunctional methylenetetrahydrofolate dehydrogenase/methenyltetrahydrofolate cyclohydrolase FolD,Unmatched,0,0,0
HENFNN_14975 OB-fold nucleic acid binding domain protein,Unmatched,0,0,0
HENFNN_14980 NUDIX hydrolase,Unmatched,0,0,0
HENFNN_14985 peptidase S41,Unmatched,0,0,0
HENFNN_14990 UDP-glucose 4-epimerase,Unmatched,0,0,0
HENFNN_14995 DUF1517 domain-containing protein,Unmatched,0,0,0
HENFNN_15000 phosphopantothenoylcysteine decarboxylase,Unmatched,0,0,0
HENFNN_15005 iron ABC transporter substrate-binding protein,Unmatched,0,0,0
HENFNN_15010 hypothetical protein,Unmatched,0,0,0
"HENFNN_15015 RNA polymerase sigma factor, RpoD/SigA family",Unmatched,0,0,0
HENFNN_15020 S-methyl-5'-thioadenosine phosphorylase,Unmatched,0,0,0
HENFNN_15025 urease subunit beta,Unmatched,0,0,0
HENFNN_15030 urease subunit gamma,Unmatched,0,0,0
HENFNN_15035 DUF1622 domain-containing protein,Unmatched,0,0,0
HENFNN_15040 hypothetical protein,Unmatched,0,0,0
HENFNN_15045 No similarity,Unmatched,0,0,0
HENFNN_15050 hypothetical protein,Unmatched,0,0,0
HENFNN_15055 Protein kinase domain-containing protein,Unmatched,0,0,0
HENFNN_15060 Domain of unknown function DUF29,Unmatched,0,0,0
HENFNN_15065 hypothetical protein,Unmatched,0,0,0
HENFNN_15070 hypothetical protein,Unmatched,0,0,0
HENFNN_15075 hypothetical protein,Unmatched,0,0,0
HENFNN_15080 phytoene/squalene synthase family protein,Unmatched,0,0,0
HENFNN_15085 cytochrome b6-f complex subunit IV,Unmatched,0,0,0
HENFNN_15090 cytochrome b6,Unmatched,0,0,0
HENFNN_15095 Circularly permuted ATP-grasp type 2,Unmatched,0,0,0
HENFNN_15100 A putative alpha-helical domain with a conserved ER motif,Unmatched,0,0,0
HENFNN_15105 transglutaminase,Unmatched,0,0,0
HENFNN_15110 Pentapeptide repeat family protein,Unmatched,0,0,0
HENFNN_15115 DUF6345 domain-containing protein,Unmatched,0,0,0
HENFNN_15120 metalloprotease,Unmatched,0,0,0
"HENFNN_15125 DNA-binding response regulator, NarL/FixJ family, contains REC and HTH domains",Unmatched,0,0,0
"HENFNN_15130 Transposase and inactivated derivatives, IS30 family",Unmatched,0,0,0
HENFNN_15135 D-alanyl-D-alanine carboxypeptidase,Unmatched,0,0,0
HENFNN_15140 NAD-dependent malic enzyme,Unmatched,0,0,0
HENFNN_15145 GNAT family N-acetyltransferase,Unmatched,0,0,0
HENFNN_15150 hypothetical protein,Unmatched,0,0,0
"HENFNN_15155 5,10-methylenetetrahydrofolate reductase",Unmatched,0,0,0
HENFNN_15160 G-D-S-L family lipolytic protein,Unmatched,0,0,0
HENFNN_15165 hypothetical protein,Unmatched,0,0,0
HENFNN_15170 Similar to tr|Q3M5U7|Q3M5U7_ANAVT PilT protein-like,Unmatched,0,0,0
HENFNN_15175 hypothetical protein,Unmatched,0,0,0
HENFNN_15180 hypothetical protein,Unmatched,0,0,0
HENFNN_15185 molybdopterin synthase sulfur carrier subunit,Unmatched,0,0,0
HENFNN_15190 threonine synthase,Unmatched,0,0,0
HENFNN_15195 16S rRNA (guanine(966)-N(2))-methyltransferase RsmD,Unmatched,0,0,0
HENFNN_15200 uracil-DNA glycosylase,Unmatched,0,0,0
HENFNN_15205 GTPase Era,Unmatched,0,0,0
HENFNN_15210 ACP S-malonyltransferase,Unmatched,0,0,0
HENFNN_15215 3-oxoacyl-[acyl-carrier-protein] synthase 3,Unmatched,0,0,0
HENFNN_15220 phosphate acyltransferase PlsX,Unmatched,0,0,0
HENFNN_15225 D-alanyl-D-alanine carboxypeptidase/D-alanyl-D-alanine-endopeptidase,Unmatched,0,0,0
HENFNN_15230 hypothetical protein,Unmatched,0,0,0
HENFNN_15235 hypothetical protein,Unmatched,0,0,0
HENFNN_15240 hypothetical protein,Unmatched,0,0,0
HENFNN_15245 addiction module antitoxin,Unmatched,0,0,0
HENFNN_15250 Uncharacterised protein family (UPF0175),Unmatched,0,0,0
HENFNN_15255 BrnA antitoxin family protein,Unmatched,0,0,0
HENFNN_15260 Gll1112 protein,Unmatched,0,0,0
HENFNN_15265 Ribosomal protein S1,Unmatched,0,0,0
HENFNN_15270 hypothetical protein,Unmatched,0,0,0
HENFNN_15275 DUF2281 domain-containing protein,Unmatched,0,0,0
HENFNN_15280 PINc domain-containing protein,Unmatched,0,0,0
HENFNN_15285 XisI protein,Unmatched,0,0,0
HENFNN_15290 hypothetical protein,Unmatched,0,0,0
HENFNN_15295 diversity-generating retroelement protein Avd,Unmatched,0,0,0
HENFNN_15300 Group II intron-encoded protein LtrA,Unmatched,0,0,0
HENFNN_15305 hypothetical protein,Unmatched,0,0,0
HENFNN_15310 hypothetical protein,Unmatched,0,0,0
HENFNN_15315 hypothetical protein,Unmatched,0,0,0
HENFNN_15320 hypothetical protein,Unmatched,0,0,0
HENFNN_15325 hypothetical protein,Unmatched,0,0,0
HENFNN_15330 hypothetical protein,Unmatched,0,0,0
HENFNN_15335 hypothetical protein,Unmatched,0,0,0
HENFNN_15340 hypothetical protein,Unmatched,0,0,0
HENFNN_15345 hypothetical protein,Unmatched,0,0,0
HENFNN_15350 hypothetical protein,Unmatched,0,0,0
HENFNN_15355 hypothetical protein,Unmatched,0,0,0
HENFNN_15360 HAD-IIIA family hydrolase,Unmatched,0,0,0
HENFNN_15365 hypothetical protein,Unmatched,0,0,0
HENFNN_15370 hypothetical protein,Unmatched,0,0,0
HENFNN_15375 hypothetical protein,Unmatched,0,0,0
HENFNN_15380 YjdM-Zn-Ribbon domain-containing protein,Unmatched,0,0,0
HENFNN_15385 hypothetical protein,Unmatched,0,0,0
HENFNN_15390 Transposase,ctg27_30_T1PKS-Terpene_11_0,93.24,100.27,1092
HENFNN_15395 sodium:proton antiporter,Unmatched,0,0,0
HENFNN_15400 2TM domain-containing protein,ctg71_11_T1PKS_51_0,98.43,100,255
HENFNN_15405 thylakoid-associated protein,ctg71_10_T1PKS_51_0,95.38,100,303
HENFNN_15410 alanine dehydrogenase,ctg71_9_T1PKS_51_0,96.96,100,1086
HENFNN_15415 restriction endonuclease,ctg71_8_T1PKS_51_0,97.82,100,780
HENFNN_15420 cytosolic protein,Unmatched,0,0,0
HENFNN_15425 O-acetylhomoserine/O-acetylserine sulfhydrylase,Unmatched,0,0,0
HENFNN_15430 hypothetical protein,Unmatched,0,0,0
HENFNN_15435 DUF11 domain-containing protein,Unmatched,0,0,0
HENFNN_15440 VWFD domain-containing protein,Unmatched,0,0,0
HENFNN_15445 hypothetical protein,Unmatched,0,0,0
HENFNN_15450 peptidase C14,Unmatched,0,0,0
HENFNN_15455 6-carboxytetrahydropterin synthase QueD,Unmatched,0,0,0
HENFNN_15460 hypothetical protein,Unmatched,0,0,0
HENFNN_15465 hypothetical protein,Unmatched,0,0,0
"HENFNN_15470 Cobalamin biosynthesis protein CobN, Mg-chelatase",Unmatched,0,0,0
HENFNN_15475 DNA-binding protein,Unmatched,0,0,0
HENFNN_15480 NUBPL iron-transfer P-loop NTPase,Unmatched,0,0,0
HENFNN_15485 hypothetical protein,Unmatched,0,0,0
HENFNN_15490 hypothetical protein,Unmatched,0,0,0
HENFNN_15495 hypothetical protein,AAF00961.1_mcyB_MicrocystisaeruginosaPCC7806_microcystinLR,96.19,100.08,3936
HENFNN_15500 VapC toxin family PIN domain ribonuclease,Unmatched,0,0,0
HENFNN_15505 IS630 family transposase,Unmatched,0,0,0
HENFNN_15510 IS630 family ISMae25 transposase,Unmatched,0,0,0
HENFNN_15515 hypothetical protein,Unmatched,0,0,0
"HENFNN_15520 putative toxin-antitoxin system toxin component, PIN family",Unmatched,0,0,0
HENFNN_15525 hypothetical protein,Unmatched,0,0,0
HENFNN_15530 hypothetical protein,Unmatched,0,0,0
HENFNN_15535 hypothetical protein,Unmatched,0,0,0
HENFNN_15540 Phage-related protein,Unmatched,0,0,0
HENFNN_15545 transcriptional regulator,Unmatched,0,0,0
HENFNN_15550 hypothetical protein,Unmatched,0,0,0
HENFNN_15555 hypothetical protein,Unmatched,0,0,0
HENFNN_15560 hypothetical protein,Unmatched,0,0,0
HENFNN_15565 hypothetical protein,Unmatched,0,0,0
HENFNN_15570 hypothetical protein,Unmatched,0,0,0
HENFNN_15575 mRNA-degrading endonuclease,Unmatched,0,0,0
HENFNN_15580 anthranilate phosphoribosyltransferase,Unmatched,0,0,0
HENFNN_15585 Nuclease subunit of the excinuclease complex,Unmatched,0,0,0
HENFNN_15590 Sua5/YciO/YrdC/YwlC family protein,Unmatched,0,0,0
HENFNN_15595 sensor histidine kinase,Unmatched,0,0,0
HENFNN_15600 GNAT family N-acetyltransferase,Unmatched,0,0,0
HENFNN_15605 carbohydrate kinase,Unmatched,0,0,0
HENFNN_15610 hypothetical protein,Unmatched,0,0,0
HENFNN_15615 MFS transporter,Unmatched,0,0,0
HENFNN_15620 Bacterial small signal recognition particle RNA,Unmatched,0,0,0
HENFNN_15625 DUF58 domain-containing protein,Unmatched,0,0,0
HENFNN_15630 long-chain acyl-[acyl-carrier-protein] reductase,Unmatched,0,0,0
HENFNN_15635 aldehyde oxygenase (deformylating),Unmatched,0,0,0
"HENFNN_15640 9,9'-di-cis-zeta-carotene desaturase",Unmatched,0,0,0
HENFNN_15645 phospholipid carrier-dependent glycosyltransferase,Unmatched,0,0,0
HENFNN_15650 photosystem II reaction center protein PsbM,Unmatched,0,0,0
HENFNN_15655 pentapeptide repeat-containing protein,Unmatched,0,0,0
HENFNN_15660 hypothetical protein,Unmatched,0,0,0
HENFNN_15665 serine/threonine protein kinase,Unmatched,0,0,0
HENFNN_15670 Transposase,Unmatched,0,0,0
HENFNN_15675 hypothetical protein,Unmatched,0,0,0
HENFNN_15680 Transposase,Unmatched,0,0,0
HENFNN_15685 DNA-binding response regulator,Unmatched,0,0,0
HENFNN_15690 ferredoxin,Unmatched,0,0,0
HENFNN_15695 hypothetical protein,Unmatched,0,0,0
HENFNN_15700 Putative transposase DNA-binding domain-containing protein,Unmatched,0,0,0
HENFNN_15705 DUF3769 domain-containing protein,Unmatched,0,0,0
HENFNN_15710 hypothetical protein,Unmatched,0,0,0
HENFNN_15715 hypothetical protein,Unmatched,0,0,0
HENFNN_15720 succinate dehydrogenase/fumarate reductase iron-sulfur subunit,Unmatched,0,0,0
HENFNN_15725 AbrB family transcriptional regulator,Unmatched,0,0,0
HENFNN_15730 CPBP family intramembrane metalloprotease domain-containing protein,Unmatched,0,0,0
HENFNN_15735 hypothetical protein,Unmatched,0,0,0
HENFNN_15740 ribosome maturation factor RimM,Unmatched,0,0,0
HENFNN_15745 hypothetical protein,Unmatched,0,0,0
HENFNN_15750 hypothetical protein,Unmatched,0,0,0
HENFNN_15755 metallophosphoesterase,Unmatched,0,0,0
HENFNN_15760 ABC transporter transmembrane region,Unmatched,0,0,0
HENFNN_15765 cysteine desulfurase,Unmatched,0,0,0
HENFNN_15770 NACHT domain-containing protein,Unmatched,0,0,0
HENFNN_15775 M23 family peptidase,Unmatched,0,0,0
HENFNN_15780 biotin--[acetyl-CoA-carboxylase] ligase,Unmatched,0,0,0
HENFNN_15785 hypothetical protein,Unmatched,0,0,0
HENFNN_15790 histidine phosphatase family protein,Unmatched,0,0,0
HENFNN_15795 histidine phosphatase family protein,Unmatched,0,0,0
HENFNN_15800 YraN family protein,Unmatched,0,0,0
HENFNN_15805 DUF3110 domain-containing protein,Unmatched,0,0,0
HENFNN_15810 hypothetical protein,Unmatched,0,0,0
HENFNN_15815 NAD-dependent DNA ligase LigA,Unmatched,0,0,0
HENFNN_15820 Uma2 family endonuclease,Unmatched,0,0,0
HENFNN_15825 Uma2 family endonuclease,Unmatched,0,0,0
HENFNN_15830 Xaa-Pro aminopeptidase,Unmatched,0,0,0
HENFNN_15835 hypothetical protein,Unmatched,0,0,0
HENFNN_15840 Phenazine biosynthesis-like protein,Unmatched,0,0,0
HENFNN_15845 Methyltransf-21 domain-containing protein,Unmatched,0,0,0
HENFNN_15850 Methyltransf-21 domain-containing protein,Unmatched,0,0,0
HENFNN_15855 hypothetical protein,Unmatched,0,0,0
HENFNN_15860 hypothetical protein,Unmatched,0,0,0
HENFNN_15865 Glycosyl transferase family 1,Unmatched,0,0,0
HENFNN_15870 Transposase,ctg27_30_T1PKS-Terpene_11_0,93.31,100,897
HENFNN_15875 calcium/proton exchanger,Unmatched,0,0,0
HENFNN_15880 Cadmium resistance transporter family protein,Unmatched,0,0,0
HENFNN_15885 McyC,AAF00962.1_mcyC_MicrocystisaeruginosaPCC7806_microcystinLR,96.25,100,1413
HENFNN_15890 glycoside hydrolase,Unmatched,0,0,0
HENFNN_15895 tryptophan synthase subunit beta,Unmatched,0,0,0
HENFNN_15900 hormogonium polysaccharide biosynthesis glycosyltransferase HpsP,Unmatched,0,0,0
HENFNN_15905 heme o synthase,Unmatched,0,0,0
HENFNN_15910 heme A synthase,Unmatched,0,0,0
HENFNN_15915 cytochrome c oxidase subunit II,Unmatched,0,0,0
HENFNN_15920 cytochrome c oxidase subunit I,Unmatched,0,0,0
HENFNN_15925 heme-copper oxidase subunit III,Unmatched,0,0,0
HENFNN_15930 Shikimate kinase,Unmatched,0,0,0
HENFNN_15935 oxidoreductase,Unmatched,0,0,0
HENFNN_15940 DNA-binding protein,Unmatched,0,0,0
HENFNN_15945 cryptochrome DASH,Unmatched,0,0,0
"HENFNN_15950 Transposase, truncation",Unmatched,0,0,0
HENFNN_15955 hypothetical protein,Unmatched,0,0,0
HENFNN_15960 septum site-determining protein MinC,Unmatched,0,0,0
HENFNN_15965 septum site-determining protein MinD,Unmatched,0,0,0
HENFNN_15970 cell division topological specificity factor MinE,Unmatched,0,0,0
HENFNN_15975 hypothetical protein,Unmatched,0,0,0
HENFNN_15980 phosphoenolpyruvate carboxylase,Unmatched,0,0,0
HENFNN_15985 amidase,Unmatched,0,0,0
HENFNN_15990 hypothetical protein,Unmatched,0,0,0
HENFNN_15995 protein phosphatase,Unmatched,0,0,0
HENFNN_16000 Putative transposase DNA-binding domain-containing protein,Unmatched,0,0,0
HENFNN_16005 serine/threonine protein kinase,Unmatched,0,0,0
HENFNN_16010 YkgJ family cysteine cluster protein,Unmatched,0,0,0
HENFNN_16015 tRNA-Val(tac),Unmatched,0,0,0
HENFNN_16020 metal-binding protein,Unmatched,0,0,0
HENFNN_16025 glucose-6-phosphate dehydrogenase,Unmatched,0,0,0
HENFNN_16030 pyrroline-5-carboxylate reductase,Unmatched,0,0,0
HENFNN_16035 cell division protein SepF,Unmatched,0,0,0
HENFNN_16040 YggS family pyridoxal phosphate enzyme,Unmatched,0,0,0
HENFNN_16045 DUF3539 domain-containing protein,Unmatched,0,0,0
HENFNN_16050 NAD(P)H-quinone oxidoreductase subunit N,Unmatched,0,0,0
HENFNN_16055 hypothetical protein,Unmatched,0,0,0
HENFNN_16060 PEP-CTERM sorting domain-containing protein,Unmatched,0,0,0
HENFNN_16065 restriction endonuclease subunit M,Unmatched,0,0,0
HENFNN_16070 redox-regulated ATPase YchF,Unmatched,0,0,0
HENFNN_16075 elongation factor G,Unmatched,0,0,0
HENFNN_16080 sodium:dicarboxylate symporter,Unmatched,0,0,0
"HENFNN_16085 precorrin-6Y C5,15-methyltransferase subunit CbiT",Unmatched,0,0,0
HENFNN_16090 phosphatidate cytidylyltransferase,Unmatched,0,0,0
HENFNN_16095 uroporphyrinogen-III C-methyltransferase,Unmatched,0,0,0
HENFNN_16100 Cell division trigger factor,Unmatched,0,0,0
HENFNN_16105 carbon dioxide-concentrating protein CcmK,Unmatched,0,0,0
HENFNN_16110 carbon dioxide-concentrating mechanism protein CcmK,Unmatched,0,0,0
HENFNN_16115 peptide-methionine (S)-S-oxide reductase,Unmatched,0,0,0
HENFNN_16120 3-methyl-2-oxobutanoate hydroxymethyltransferase,Unmatched,0,0,0
HENFNN_16125 magnesium protoporphyrin IX methyltransferase,Unmatched,0,0,0
HENFNN_16130 pyruvate kinase,Unmatched,0,0,0
HENFNN_16135 molybdate ABC transporter substrate-binding protein,Unmatched,0,0,0
HENFNN_16140 molybdate ABC transporter permease subunit,Unmatched,0,0,0
HENFNN_16145 hypothetical protein,Unmatched,0,0,0
HENFNN_16150 dihem cytochrome c family protein,Unmatched,0,0,0
HENFNN_16155 DUF4115 domain-containing protein,Unmatched,0,0,0
HENFNN_16160 hypothetical protein,Unmatched,0,0,0
HENFNN_16165 ATP-binding protein,Unmatched,0,0,0
HENFNN_16170 hypothetical protein,Unmatched,0,0,0
HENFNN_16175 DUF2281 domain-containing protein,Unmatched,0,0,0
HENFNN_16180 PIN domain nuclease,Unmatched,0,0,0
HENFNN_16185 Type II toxin-antitoxin system HicB family antitoxin,Unmatched,0,0,0
HENFNN_16190 prevent-host-death protein,Unmatched,0,0,0
HENFNN_16195 PIN domain nuclease,Unmatched,0,0,0
HENFNN_16200 hydroxylamine reductase,Unmatched,0,0,0
HENFNN_16205 bidirectional hydrogenase complex protein HoxU,Unmatched,0,0,0
HENFNN_16210 Similarity,Unmatched,0,0,0
HENFNN_16215 hypothetical protein,Unmatched,0,0,0
HENFNN_16220 oxidoreductase,Unmatched,0,0,0
HENFNN_16225 ATP-dependent DNA helicase RecG,Unmatched,0,0,0
HENFNN_16230 hypothetical protein,Unmatched,0,0,0
HENFNN_16235 flagellar assembly protein H,Unmatched,0,0,0
HENFNN_16240 hydrogenase expression/formation protein HypE,Unmatched,0,0,0
HENFNN_16245 hydrogenase maturation nickel metallochaperone HypA,Unmatched,0,0,0
HENFNN_16250 hydrogenase nickel incorporation protein HypB,Unmatched,0,0,0
HENFNN_16255 transcriptional regulator,Unmatched,0,0,0
HENFNN_16260 restriction endonuclease,Unmatched,0,0,0
HENFNN_16265 UvrD-like helicase C-terminal domain-containing protein,Unmatched,0,0,0
HENFNN_16270 Proton extrusion protein PcxA,Unmatched,0,0,0
HENFNN_16275 hypothetical protein,Unmatched,0,0,0
HENFNN_16280 Magnesium and cobalt efflux protein CorC,Unmatched,0,0,0
HENFNN_16285 glycosyl hydrolase family 57,Unmatched,0,0,0
HENFNN_16290 segregation/condensation protein A,Unmatched,0,0,0
HENFNN_16295 pyridoxamine 5'-phosphate oxidase,Unmatched,0,0,0
HENFNN_16300 Trypco2 domain-containing protein,Unmatched,0,0,0
HENFNN_16305 hypothetical protein,Unmatched,0,0,0
HENFNN_16310 hypothetical protein,Unmatched,0,0,0
HENFNN_16315 FAD-dependent oxidoreductase,AAF00964.1_uma1_MicrocystisaeruginosaPCC7806_microcystinLR,97.37,100,2052
HENFNN_16320 Uma2 domain-containing protein,AAF00965.1_uma2_MicrocystisaeruginosaPCC7806_microcystinLR,95.83,100,216
HENFNN_16325 signal recognition particle-docking protein FtsY,Unmatched,0,0,0
HENFNN_16330 manganese ABC transporter ATP-binding protein,Unmatched,0,0,0
HENFNN_16335 DUF3119 domain-containing protein,Unmatched,0,0,0
HENFNN_16340 DUF3086 domain-containing protein,Unmatched,0,0,0
HENFNN_16345 twitching motility protein PilT,Unmatched,0,0,0
HENFNN_16350 hypothetical protein,Unmatched,0,0,0
HENFNN_16355 hypothetical protein,Unmatched,0,0,0
HENFNN_16360 CoA-binding domain-containing protein,Unmatched,0,0,0
HENFNN_16365 hypothetical protein,Unmatched,0,0,0
HENFNN_16370 TIGR04283 family arsenosugar biosynthesis glycosyltransferase,Unmatched,0,0,0
HENFNN_16375 PEP-CTERM sorting domain-containing protein,Unmatched,0,0,0
HENFNN_16380 hypothetical protein,Unmatched,0,0,0
HENFNN_16385 polyketide cyclase/dehydrase and lipid transport protein,Unmatched,0,0,0
HENFNN_16390 acetolactate synthase large subunit,Unmatched,0,0,0
HENFNN_16395 Rho termination protein,Unmatched,0,0,0
HENFNN_16400 alpha-ribazole phosphatase,Unmatched,0,0,0
"HENFNN_16405 C-3',4' desaturase CrtD",Unmatched,0,0,0
HENFNN_16410 XRE family transcriptional regulator,Unmatched,0,0,0
HENFNN_16415 Endonuc-BglI domain-containing protein,Unmatched,0,0,0
HENFNN_16420 Methyltransferase,Unmatched,0,0,0
HENFNN_16425 homoserine kinase,Unmatched,0,0,0
HENFNN_16430 superoxide dismutase,Unmatched,0,0,0
HENFNN_16435 HTH-Tnp-ISL3 domain-containing protein,Unmatched,0,0,0
HENFNN_16440 DUF86 domain-containing protein,Unmatched,0,0,0
HENFNN_16445 hypothetical protein,Unmatched,0,0,0
HENFNN_16450 hypothetical protein,Unmatched,0,0,0
HENFNN_16455 hypothetical protein,Unmatched,0,0,0
HENFNN_16460 hypothetical protein,Unmatched,0,0,0
HENFNN_16465 PEP-CTERM domain-containing protein,Unmatched,0,0,0
HENFNN_16470 2-hydroxy-3-keto-5-methylthiopentenyl-1-phosphate phosphatase,Unmatched,0,0,0
HENFNN_16475 hydrolase,Unmatched,0,0,0
HENFNN_16480 hypothetical protein,Unmatched,0,0,0
HENFNN_16485 Beta-barrel assembly-enhancing protease,Unmatched,0,0,0
HENFNN_16490 hypothetical protein,Unmatched,0,0,0
HENFNN_16495 magnesium/cobalt transporter CorA,Unmatched,0,0,0
HENFNN_16500 recombinase family protein,Unmatched,0,0,0
HENFNN_16505 hypothetical protein,Unmatched,0,0,0
HENFNN_16510 hypothetical protein,Unmatched,0,0,0
HENFNN_16515 HicB family protein,Unmatched,0,0,0
"HENFNN_16520 HicA toxin of bacterial toxin-antitoxin,",Unmatched,0,0,0
HENFNN_16525 shikimate dehydrogenase,Unmatched,0,0,0
HENFNN_16530 DUF2207 domain-containing protein,Unmatched,0,0,0
HENFNN_16535 chaperonin GroEL,Unmatched,0,0,0
HENFNN_16540 co-chaperone GroES,Unmatched,0,0,0
HENFNN_16545 hypothetical protein,Unmatched,0,0,0
HENFNN_16550 CAAD domain-containing protein,Unmatched,0,0,0
HENFNN_16555 Ssr2962 protein,Unmatched,0,0,0
HENFNN_16560 DUF5615 domain-containing protein,Unmatched,0,0,0
HENFNN_16565 DNA helicase PcrA,Unmatched,0,0,0
HENFNN_16570 methionine adenosyltransferase,Unmatched,0,0,0
HENFNN_16575 Cyanobacterial functional RNA 1,Unmatched,0,0,0
HENFNN_16580 hypothetical protein,Unmatched,0,0,0
HENFNN_16585 hypothetical protein,Unmatched,0,0,0
"HENFNN_16590 1,4-alpha-glucan branching enzyme",Unmatched,0,0,0
HENFNN_16595 hypothetical protein,Unmatched,0,0,0
HENFNN_16600 TatA/E family twin arginine-targeting protein translocase,Unmatched,0,0,0
HENFNN_16605 photosystem II reaction center protein PsbH,Unmatched,0,0,0
HENFNN_16610 superoxide dismutase [Fe],Unmatched,0,0,0
HENFNN_16615 alpha/beta hydrolase,Unmatched,0,0,0
HENFNN_16620 S-adenosyl-L-methionine-dependent methyltransferase,Unmatched,0,0,0
HENFNN_16625 Secreted effector protein PipB2,Unmatched,0,0,0
HENFNN_16630 nitrate reductase catalytic subunit,Unmatched,0,0,0
HENFNN_16635 DNA polymerase III subunit gamma/tau,Unmatched,0,0,0
HENFNN_16640 Grx4 family monothiol glutaredoxin,Unmatched,0,0,0
HENFNN_16645 DUF2281 domain-containing protein,Unmatched,0,0,0
HENFNN_16650 nucleic acid-binding protein,Unmatched,0,0,0
HENFNN_16655 mechanosensitive ion channel family protein,Unmatched,0,0,0
HENFNN_16660 lipoyl synthase,Unmatched,0,0,0
HENFNN_16665 Putative S-adenosyl-L-methionine-dependent methyltransferase,Unmatched,0,0,0
HENFNN_16670 ferredoxin:protochlorophyllide reductase (ATP-dependent) subunit B,Unmatched,0,0,0
HENFNN_16675 chromosome partitioning protein ParA,Unmatched,0,0,0
HENFNN_16680 4a-hydroxytetrahydrobiopterin dehydratase,Unmatched,0,0,0
HENFNN_16685 Prepilin-type cleavage/methylation domain-containing protein,Unmatched,0,0,0
HENFNN_16690 tRNA (uridine(34)/cytosine(34)/5-carboxymethylaminomethyluridine(34)-2'-O)-methyltransferase TrmL,Unmatched,0,0,0
HENFNN_16695 hypothetical protein,Unmatched,0,0,0
HENFNN_16700 DNA (cytosine-5-)-methyltransferase,Unmatched,0,0,0
HENFNN_16705 glutamate synthase,Unmatched,0,0,0
HENFNN_16710 DNA-binding response regulator,Unmatched,0,0,0
HENFNN_16715 heme oxygenase,Unmatched,0,0,0
HENFNN_16720 Bac-luciferase domain-containing protein,Unmatched,0,0,0
HENFNN_16725 ISL3 family transposase,Unmatched,0,0,0
HENFNN_16730 Endo/exonuclease/phosphatase domain-containing protein,Unmatched,0,0,0
HENFNN_16735 Type II toxin-antitoxin system PemK/MazF family toxin,Unmatched,0,0,0
HENFNN_16740 hypothetical protein,Unmatched,0,0,0
HENFNN_16745 DUF4926 domain-containing protein,Unmatched,0,0,0
HENFNN_16750 hypothetical protein,Unmatched,0,0,0
HENFNN_16755 PBS lyase,Unmatched,0,0,0
HENFNN_16760 glycoside hydrolase,Unmatched,0,0,0
HENFNN_16765 hypothetical protein,ctg30_10_Novel-T3PKS_28_0,95.92,100,294
HENFNN_16770 WD40 repeat domain-containing protein,ctg30_11_Novel-T3PKS_28_0,96.55,100,1071
HENFNN_16775 ribonuclease III,ctg30_12_Novel-T3PKS_28_0,95.89,100,705
HENFNN_16780 PIN domain nuclease,Unmatched,0,0,0
HENFNN_16785 hypothetical protein,Unmatched,0,0,0
HENFNN_16790 Non-specific serine/threonine protein kinase,Unmatched,0,0,0
HENFNN_16795 Bacterial RNase P class A,Unmatched,0,0,0
HENFNN_16800 alpha/beta hydrolase,ctg30_13_Novel-T3PKS_28_0,94.93,100,828
HENFNN_16805 histidine kinase,ctg30_14_Novel-T3PKS_28_0,96.36,100,1155
HENFNN_16810 DUF1957 domain-containing protein,ctg30_15_Novel-T3PKS_28_0,96.98,100,1590
HENFNN_16815 hypothetical protein,AAF00967.1_uma4_MicrocystisaeruginosaPCC7806_microcystinLR,94.95,88.8,357
HENFNN_16820 hypothetical protein,Unmatched,0,0,0
HENFNN_16825 hypothetical protein,Unmatched,0,0,0
HENFNN_16830 HTH-38 domain-containing protein,Unmatched,0,0,0
HENFNN_16835 TPP-enzyme-N domain-containing protein,Unmatched,0,0,0
HENFNN_16840 IS4 family transposase,Unmatched,0,0,0
HENFNN_16845 GMC family oxidoreductase,Unmatched,0,0,0
HENFNN_16850 alpha-amylase,Unmatched,0,0,0
HENFNN_16855 peptidase,Unmatched,0,0,0
HENFNN_16860 hypothetical protein,Unmatched,0,0,0
"HENFNN_16865 HicA toxin of bacterial toxin-antitoxin,",Unmatched,0,0,0
HENFNN_16870 Type II toxin-antitoxin system HicB family antitoxin,Unmatched,0,0,0
HENFNN_16875 hypothetical protein,Unmatched,0,0,0
HENFNN_16880 HTH-Tnp-4 domain-containing protein,Unmatched,0,0,0
HENFNN_16885 DCC1-like thiol-disulfide oxidoreductase,Unmatched,0,0,0
HENFNN_16890 DUF760 domain-containing protein,Unmatched,0,0,0
HENFNN_16895 GuaB3 family IMP dehydrogenase-related protein,Unmatched,0,0,0
HENFNN_16900 hypothetical protein,Unmatched,0,0,0
HENFNN_16905 Na+/H+ antiporter,Unmatched,0,0,0
HENFNN_16910 hypothetical protein,Unmatched,0,0,0
HENFNN_16915 polyketide synthase,Unmatched,0,0,0
HENFNN_16920 isovaleryl-CoA dehydrogenase,Unmatched,0,0,0
HENFNN_16925 hypothetical protein,Unmatched,0,0,0
HENFNN_16930 DUF29 domain-containing protein,Unmatched,0,0,0
HENFNN_16935 hypothetical protein,Unmatched,0,0,0
HENFNN_16940 DUF3084 domain-containing protein,Unmatched,0,0,0
HENFNN_16945 global nitrogen regulator NtcA,Unmatched,0,0,0
HENFNN_16950 enoyl-ACP reductase FabI,Unmatched,0,0,0
HENFNN_16955 Acireductone dioxygenase,Unmatched,0,0,0
HENFNN_16960 tRNA-Ala(cgc),Unmatched,0,0,0
"HENFNN_16965 dTDP-glucose 4,6-dehydratase",Unmatched,0,0,0
HENFNN_16970 glycosyl transferase,Unmatched,0,0,0
HENFNN_16975 NAD-dependent epimerase,Unmatched,0,0,0
HENFNN_16980 pantothenate kinase,Unmatched,0,0,0
HENFNN_16985 metallophosphatase,Unmatched,0,0,0
HENFNN_16990 LL-diaminopimelate aminotransferase,Unmatched,0,0,0
HENFNN_16995 DUF2839 domain-containing protein,Unmatched,0,0,0
HENFNN_17000 3-beta hydroxysteroid dehydrogenase,Unmatched,0,0,0
HENFNN_17005 pilus motility taxis protein HmpF,Unmatched,0,0,0
HENFNN_17010 transposase,Unmatched,0,0,0
HENFNN_17015 Transposase,Unmatched,0,0,0
HENFNN_17020 two-component system response regulator,Unmatched,0,0,0
HENFNN_17025 chemotaxis protein CheW,Unmatched,0,0,0
HENFNN_17030 chemotaxis protein,Unmatched,0,0,0
HENFNN_17035 glycosyltransferase,Unmatched,0,0,0
HENFNN_17040 site-specific DNA-methyltransferase,Unmatched,0,0,0
HENFNN_17045 DUF4351 domain-containing protein,Unmatched,0,0,0
HENFNN_17050 Putative restriction endonuclease,Unmatched,0,0,0
HENFNN_17055 hypothetical protein,Unmatched,0,0,0
HENFNN_17060 hypothetical protein,Unmatched,0,0,0
HENFNN_17065 hypothetical protein,Unmatched,0,0,0
HENFNN_17070 PEP-CTERM sorting domain-containing protein,Unmatched,0,0,0
HENFNN_17075 Similarity,Unmatched,0,0,0
HENFNN_17080 hypothetical protein,Unmatched,0,0,0
HENFNN_17085 DUF3326 domain-containing protein,Unmatched,0,0,0
HENFNN_17090 CPBP family intramembrane metalloprotease,Unmatched,0,0,0
HENFNN_17095 DUF3531 domain-containing protein,Unmatched,0,0,0
HENFNN_17100 bile acid beta-glucosidase,Unmatched,0,0,0
HENFNN_17105 tRNA-Thr(tgt),Unmatched,0,0,0
HENFNN_17110 Metal-sensitive transcriptional repressor,Unmatched,0,0,0
HENFNN_17115 30S ribosomal protein S21,Unmatched,0,0,0
HENFNN_17120 uracil phosphoribosyltransferase,Unmatched,0,0,0
HENFNN_17125 hypothetical protein,Unmatched,0,0,0
HENFNN_17130 Putative restriction endonuclease,Unmatched,0,0,0
HENFNN_17135 PEP-CTERM domain-containing protein,Unmatched,0,0,0
HENFNN_17140 Transposase,Unmatched,0,0,0
HENFNN_17145 Putative ribonuclease VapC50,Unmatched,0,0,0
HENFNN_17150 hypothetical protein,Unmatched,0,0,0
HENFNN_17155 UDP-3-O-(3-hydroxymyristoyl)glucosamine N-acyltransferase,Unmatched,0,0,0
HENFNN_17160 gamma-glutamyltransferase,Unmatched,0,0,0
HENFNN_17165 transcriptional regulator,Unmatched,0,0,0
HENFNN_17170 transporter,Unmatched,0,0,0
HENFNN_17175 hypothetical protein,Unmatched,0,0,0
HENFNN_17180 glycine oxidase ThiO,Unmatched,0,0,0
HENFNN_17185 DUF2301 domain-containing protein,Unmatched,0,0,0
HENFNN_17190 bacitracin ABC transporter ATP-binding protein,Unmatched,0,0,0
HENFNN_17195 bacitracin ABC transporter ATP-binding protein,Unmatched,0,0,0
HENFNN_17200 nitrate ABC transporter permease,Unmatched,0,0,0
"HENFNN_17205 ABC-type nitrate/sulfonate/bicarbonate transport system, periplasmic component",Unmatched,0,0,0
HENFNN_17210 RluA family pseudouridine synthase,Unmatched,0,0,0
HENFNN_17215 saccharopine dehydrogenase-like oxidoreductase,Unmatched,0,0,0
HENFNN_17220 DUF2997 domain-containing protein,Unmatched,0,0,0
HENFNN_17225 DUF1257 domain-containing protein,Unmatched,0,0,0
HENFNN_17230 ferredoxin,Unmatched,0,0,0
HENFNN_17235 Putative restriction endonuclease,Unmatched,0,0,0
HENFNN_17240 Putative restriction endonuclease,Unmatched,0,0,0
HENFNN_17245 DUF29 domain-containing protein,Unmatched,0,0,0
HENFNN_17250 HD domain-containing protein,Unmatched,0,0,0
HENFNN_17255 hypothetical protein,Unmatched,0,0,0
HENFNN_17260 hypothetical protein,Unmatched,0,0,0
HENFNN_17265 DUF2283 domain-containing protein,Unmatched,0,0,0
HENFNN_17270 hypothetical protein,Unmatched,0,0,0
HENFNN_17275 FGE-sulfatase domain-containing protein,Unmatched,0,0,0
HENFNN_17280 AAA domain-containing protein,Unmatched,0,0,0
HENFNN_17285 Similarity,Unmatched,0,0,0
HENFNN_17290 Similarity,Unmatched,0,0,0
HENFNN_17295 photosynthetic/respiratory NAD(P)H-quinone oxidoreductase subunit H,Unmatched,0,0,0
HENFNN_17300 DNA-directed RNA polymerase subunit omega,Unmatched,0,0,0
HENFNN_17305 hypothetical protein,Unmatched,0,0,0
HENFNN_17310 CRISPR-associated endonuclease Cas1,Unmatched,0,0,0
HENFNN_17315 NYN domain-containing protein,Unmatched,0,0,0
HENFNN_17320 hypothetical protein,Unmatched,0,0,0
HENFNN_17325 hypothetical protein,Unmatched,0,0,0
HENFNN_17330 hypothetical protein,Unmatched,0,0,0
HENFNN_17335 ThiF domain-containing protein,Unmatched,0,0,0
HENFNN_17340 WYL domain-containing protein,Unmatched,0,0,0
HENFNN_17345 type III-B CRISPR-associated protein Cas10/Cmr2,Unmatched,0,0,0
HENFNN_17350 CRISPR-associated protein,Unmatched,0,0,0
HENFNN_17355 type III-B CRISPR module RAMP protein Cmr4,Unmatched,0,0,0
HENFNN_17360 hypothetical protein,Unmatched,0,0,0
HENFNN_17365 CRISPR-associated protein Cmr6,Unmatched,0,0,0
HENFNN_17370 hypothetical protein,Unmatched,0,0,0
HENFNN_17375 DUF4347 domain-containing protein,Unmatched,0,0,0
HENFNN_17380 nuclease,Unmatched,0,0,0
HENFNN_17385 hypothetical protein,Unmatched,0,0,0
HENFNN_17390 hypothetical protein,Unmatched,0,0,0
HENFNN_17395 DNA (cytosine-5-)-methyltransferase,Unmatched,0,0,0
HENFNN_17400 peptidase S8 and S53 subtilisin kexin sedolisin,Unmatched,0,0,0
HENFNN_17405 calcium/proton exchanger,Unmatched,0,0,0
"HENFNN_17410 biphenyl 2,3-dioxygenase",Unmatched,0,0,0
HENFNN_17415 DUF6679 domain-containing protein,Unmatched,0,0,0
HENFNN_17420 HicB family protein,Unmatched,0,0,0
"HENFNN_17425 HicA toxin of bacterial toxin-antitoxin,",Unmatched,0,0,0
HENFNN_17430 6-phosphofructokinase,Unmatched,0,0,0
HENFNN_17435 dihydroorotate dehydrogenase,Unmatched,0,0,0
HENFNN_17440 pyruvate:ferredoxin (flavodoxin) oxidoreductase,Unmatched,0,0,0
HENFNN_17445 transcriptional repressor LexA,Unmatched,0,0,0
HENFNN_17450 photosystem I reaction center subunit PsaK,Unmatched,0,0,0
HENFNN_17455 phosphoribosylanthranilate isomerase,Unmatched,0,0,0
HENFNN_17460 GTP cyclohydrolase I FolE,Unmatched,0,0,0
HENFNN_17465 SDR family oxidoreductase,Unmatched,0,0,0
HENFNN_17470 hypothetical protein,Unmatched,0,0,0
HENFNN_17475 hypothetical protein,Unmatched,0,0,0
HENFNN_17480 DZANK-type domain-containing protein,Unmatched,0,0,0
HENFNN_17485 PAS domain-containing sensor histidine kinase,Unmatched,0,0,0
HENFNN_17490 hypothetical protein,Unmatched,0,0,0
HENFNN_17495 replication restart DNA helicase PriA,Unmatched,0,0,0
HENFNN_17500 glycosyl transferase family 1,Unmatched,0,0,0
HENFNN_17505 CemA family,Unmatched,0,0,0
HENFNN_17510 hydrophobe/amphiphile efflux-1 family RND transporter,Unmatched,0,0,0
HENFNN_17515 Putative restriction endonuclease,Unmatched,0,0,0
HENFNN_17520 citrate synthase,Unmatched,0,0,0
HENFNN_17525 peptide ABC transporter substrate-binding protein,Unmatched,0,0,0
HENFNN_17530 glycosyl transferase family 1,Unmatched,0,0,0
HENFNN_17535 hypothetical protein,Unmatched,0,0,0
HENFNN_17540 Domain of unknown function DUF29,Unmatched,0,0,0
HENFNN_17545 cobalt ABC transporter ATP-binding protein,Unmatched,0,0,0
HENFNN_17550 cobalt ECF transporter T component CbiQ,Unmatched,0,0,0
HENFNN_17555 cobalt transport protein,Unmatched,0,0,0
HENFNN_17560 cobalamin biosynthesis protein CbiM,Unmatched,0,0,0
HENFNN_17565 cytidine deaminase,Unmatched,0,0,0
HENFNN_17570 DUF29 domain-containing protein,ctg36_9_NRPS-like_34_0,84.4,99.36,471
HENFNN_17575 poly(A) polymerase,Unmatched,0,0,0
HENFNN_17580 copper resistance protein CopD,Unmatched,0,0,0
HENFNN_17585 photosystem II reaction center protein PsbZ,Unmatched,0,0,0
"HENFNN_17590 6,7-dimethyl-8-ribityllumazine synthase",Unmatched,0,0,0
HENFNN_17595 hypothetical protein,Unmatched,0,0,0
HENFNN_17600 tRNA-Gly(gcc),Unmatched,0,0,0
HENFNN_17605 hypothetical protein,Unmatched,0,0,0
HENFNN_17610 glutamate-5-semialdehyde dehydrogenase,Unmatched,0,0,0
HENFNN_17615 ABC transporter permease,Unmatched,0,0,0
HENFNN_17620 hypothetical protein,Unmatched,0,0,0
HENFNN_17625 universal stress protein,Unmatched,0,0,0
HENFNN_17630 Aluminium activated malate transporter,Unmatched,0,0,0
HENFNN_17635 Core-binding (CB) domain-containing protein,Unmatched,0,0,0
HENFNN_17640 Bulb-type lectin domain-containing protein,Unmatched,0,0,0
HENFNN_17645 Photosynthesis regulatory RNA1,Unmatched,0,0,0
HENFNN_17650 hypothetical protein,Unmatched,0,0,0
HENFNN_17655 hypothetical protein,Unmatched,0,0,0
HENFNN_17660 hypothetical protein,Unmatched,0,0,0
HENFNN_17665 hypothetical protein,Unmatched,0,0,0
HENFNN_17670 GtrA family protein,Unmatched,0,0,0
HENFNN_17675 glycosyl transferase,Unmatched,0,0,0
HENFNN_17680 RNA-binding protein hfq,Unmatched,0,0,0
HENFNN_17685 diaminopimelate epimerase,Unmatched,0,0,0
HENFNN_17690 high light inducible protein,Unmatched,0,0,0
HENFNN_17695 hypothetical protein,Unmatched,0,0,0
HENFNN_17700 TonB-C domain-containing protein,Unmatched,0,0,0
HENFNN_17705 imidazoleglycerol-phosphate dehydratase HisB,Unmatched,0,0,0
HENFNN_17710 threonine synthase,Unmatched,0,0,0
HENFNN_17715 IS200/IS605 family element RNA-guided endonuclease TnpB,Unmatched,0,0,0
HENFNN_17720 hypothetical protein,Unmatched,0,0,0
HENFNN_17725 HAD family phosphatase,ctg20_15_NRPS-T1PKS_26_0,97.7,100,738
HENFNN_17730 tRNA-Gly(tcc),Unmatched,0,0,0
HENFNN_17735 LprI domain-containing protein,ctg20_14_NRPS-T1PKS_26_0,93.88,76.76,426
HENFNN_17740 oxidoreductase,ctg20_13_NRPS-T1PKS_26_0,95.93,100,2238
HENFNN_17745 hypothetical protein,Unmatched,0,0,0
HENFNN_17750 type II toxin-antitoxin system VapC family toxin,Unmatched,0,0,0
HENFNN_17755 hypothetical protein,Unmatched,0,0,0
HENFNN_17760 hypothetical protein,Unmatched,0,0,0
HENFNN_17765 Transposase,Unmatched,0,0,0
HENFNN_17770 PEP-CTERM domain-containing protein,Unmatched,0,0,0
HENFNN_17775 helicase,Unmatched,0,0,0
HENFNN_17780 FAD-dependent oxidoreductase,Unmatched,0,0,0
HENFNN_17785 hypothetical protein,Unmatched,0,0,0
HENFNN_17790 2-isopropylmalate synthase,Unmatched,0,0,0
HENFNN_17795 hypothetical protein,Unmatched,0,0,0
HENFNN_17800 RNA polymerase sigma factor RpoD,Unmatched,0,0,0
HENFNN_17805 30S ribosomal protein S20,Unmatched,0,0,0
HENFNN_17810 deoxyribonuclease,Unmatched,0,0,0
HENFNN_17815 DNA-directed RNA polymerase subunit beta,Unmatched,0,0,0
HENFNN_17820 hypothetical protein,Unmatched,0,0,0
HENFNN_17825 DNA-directed RNA polymerase subunit beta',Unmatched,0,0,0
HENFNN_17830 tRNA-Pro(tgg),Unmatched,0,0,0
HENFNN_17835 GNAT family N-acetyltransferase,Unmatched,0,0,0
HENFNN_17840 tRNA-Ser(tga),Unmatched,0,0,0
HENFNN_17845 IS607 family transposase,Unmatched,0,0,0
HENFNN_17850 50S ribosomal protein L9,Unmatched,0,0,0
HENFNN_17855 Chromophore lyase CpcT/CpeT 1,Unmatched,0,0,0
HENFNN_17860 exodeoxyribonuclease III,Unmatched,0,0,0
HENFNN_17865 hypothetical protein,Unmatched,0,0,0
HENFNN_17870 hypothetical protein,Unmatched,0,0,0
HENFNN_17875 hypothetical protein,Unmatched,0,0,0
HENFNN_17880 beta-carotene hydroxylase,Unmatched,0,0,0
HENFNN_17885 transcriptional regulator,Unmatched,0,0,0
HENFNN_17890 type II toxin-antitoxin system HigB family toxin,Unmatched,0,0,0
HENFNN_17895 PEP-CTERM sorting domain-containing protein,Unmatched,0,0,0
HENFNN_17900 DNA-binding protein,Unmatched,0,0,0
HENFNN_17905 hypothetical protein,Unmatched,0,0,0
HENFNN_17910 PEP-CTERM domain-containing protein,Unmatched,0,0,0
HENFNN_17915 nucleotidyltransferase,Unmatched,0,0,0
HENFNN_17920 hypothetical protein,Unmatched,0,0,0
HENFNN_17925 hypothetical protein,Unmatched,0,0,0
HENFNN_17930 protein tyrosine kinase,Unmatched,0,0,0
HENFNN_17935 Endonuclease V,Unmatched,0,0,0
HENFNN_17940 hypothetical protein,Unmatched,0,0,0
HENFNN_17945 bifunctional phosphoribosylaminoimidazolecarboxamide formyltransferase/IMP cyclohydrolase,Unmatched,0,0,0
HENFNN_17950 Zeta toxin family protein,Unmatched,0,0,0
HENFNN_17955 hypothetical protein,Unmatched,0,0,0
HENFNN_17960 hypothetical protein,Unmatched,0,0,0
HENFNN_17965 rRNA methyltransferase,Unmatched,0,0,0
HENFNN_17970 tRNA-Leu(cag),Unmatched,0,0,0
HENFNN_17975 UDP-N-acetylglucosamine 1-carboxyvinyltransferase,Unmatched,0,0,0
HENFNN_17980 Putative restriction endonuclease,Unmatched,0,0,0
HENFNN_17985 hypothetical protein,Unmatched,0,0,0
HENFNN_17990 TIGR04222 domain-containing membrane protein,Unmatched,0,0,0
HENFNN_17995 NFACT N-terminal and middle domains,ctg34_5_Bartoloside-T1PKS_18_0,95.32,100,1731
HENFNN_18000 ABC transporter,ctg34_6_Bartoloside-T1PKS_18_0,97.33,100,675
HENFNN_18005 ABC transporter permease DevC,ctg34_7_Bartoloside-T1PKS_18_0,78.42,95.5,1179
HENFNN_18010 HlyD family secretion protein,Unmatched,0,0,0
HENFNN_18015 hypothetical protein,Unmatched,0,0,0
HENFNN_18020 chromosome partitioning protein ParA,Unmatched,0,0,0
HENFNN_18025 cyanoexosortase B system-associated protein,Unmatched,0,0,0
HENFNN_18030 cyanoexosortase B,Unmatched,0,0,0
HENFNN_18035 erythromycin biosynthesis sensory transduction protein eryC1,Unmatched,0,0,0
HENFNN_18040 hypothetical protein,Unmatched,0,0,0
HENFNN_18045 molybdenum cofactor guanylyltransferase,Unmatched,0,0,0
"HENFNN_18050 Flp pilus assembly protein TadD, contains TPR repeats",Unmatched,0,0,0
HENFNN_18055 transcriptional repressor,Unmatched,0,0,0
HENFNN_18060 cysteine desulfuration protein SufE,Unmatched,0,0,0
HENFNN_18065 growth inhibitor PemK,Unmatched,0,0,0
HENFNN_18070 hypothetical protein,Unmatched,0,0,0
HENFNN_18075 ATPase-AAA-core domain-containing protein,Unmatched,0,0,0
HENFNN_18080 photosystem I reaction center subunit X,Unmatched,0,0,0
HENFNN_18085 divalent-cation tolerance protein CutA,Unmatched,0,0,0
HENFNN_18090 Catabolite gene activator protein,Unmatched,0,0,0
HENFNN_18095 hypothetical protein,Unmatched,0,0,0
HENFNN_18100 ARC6-like-IMS domain-containing protein,Unmatched,0,0,0
HENFNN_18105 small ribosomal subunit biogenesis GTPase RsgA,Unmatched,0,0,0
HENFNN_18110 sulfurtransferase TusA family protein,Unmatched,0,0,0
HENFNN_18115 molecular chaperone DnaJ,Unmatched,0,0,0
HENFNN_18120 molecular chaperone DnaK,Unmatched,0,0,0
HENFNN_18125 alcohol dehydrogenase,Unmatched,0,0,0
"HENFNN_18130 Endonuclease, Uma2 family (restriction endonuclease fold)",Unmatched,0,0,0
HENFNN_18135 Glutamine synthetase inactivating factor IF7,Unmatched,0,0,0
HENFNN_18140 hypothetical protein,Unmatched,0,0,0
HENFNN_18145 bifunctional ADP-dependent NAD(P)H-hydrate dehydratase/NAD(P)H-hydrate epimerase,Unmatched,0,0,0
HENFNN_18150 aspartate kinase,Unmatched,0,0,0
HENFNN_18155 hypothetical protein,Unmatched,0,0,0
HENFNN_18160 hypothetical protein,Unmatched,0,0,0
HENFNN_18165 nucleic acid-binding protein,Unmatched,0,0,0
HENFNN_18170 VCBS repeat-containing protein,Unmatched,0,0,0
HENFNN_18175 transcriptional regulator,Unmatched,0,0,0
HENFNN_18180 Ribonuclease HepT-like,Unmatched,0,0,0
HENFNN_18185 nucleotidyltransferase,Unmatched,0,0,0
HENFNN_18190 hypothetical protein,Unmatched,0,0,0
HENFNN_18195 tRNA(fMet)-specific endonuclease VapC,Unmatched,0,0,0
HENFNN_18200 hypothetical protein,Unmatched,0,0,0
HENFNN_18205 Tyrosine recombinase XerC,Unmatched,0,0,0
HENFNN_18210 Phage-related protein,Unmatched,0,0,0
HENFNN_18215 XRE family transcriptional regulator,ctg5_16_RRE-containing_23_0,99.67,100,300
HENFNN_18220 adenylate cyclase,ctg5_21_RRE-containing_23_0,97.69,100,2298
HENFNN_18225 rubredoxin,Unmatched,0,0,0
HENFNN_18230 photosynthesis system II assembly factor Ycf48,Unmatched,0,0,0
HENFNN_18235 cytochrome b559 subunit alpha,Unmatched,0,0,0
HENFNN_18240 cytochrome b559 subunit beta,Unmatched,0,0,0
HENFNN_18245 photosystem II reaction center protein L,Unmatched,0,0,0
HENFNN_18250 photosystem II reaction center protein J,Unmatched,0,0,0
HENFNN_18255 photosystem II chlorophyll-binding protein CP47,Unmatched,0,0,0
HENFNN_18260 hypothetical protein,Unmatched,0,0,0
HENFNN_18265 DNA-binding response regulator,Unmatched,0,0,0
HENFNN_18270 phosphoenolpyruvate synthase,Unmatched,0,0,0
HENFNN_18275 pyruvate phosphate dikinase PEP/pyruvate-binding protein,Unmatched,0,0,0
HENFNN_18280 Putative restriction endonuclease,Unmatched,0,0,0
HENFNN_18285 hypothetical protein,Unmatched,0,0,0
HENFNN_18290 hypothetical protein,Unmatched,0,0,0
HENFNN_18295 hypothetical protein,Unmatched,0,0,0
HENFNN_18300 High-affnity carbon uptake protein Hat/HatR,Unmatched,0,0,0
HENFNN_18305 Similar to Q3MB33_ANAVT Peptidase C14,Unmatched,0,0,0
HENFNN_18310 hypothetical protein,Unmatched,0,0,0
HENFNN_18315 DUF2283 domain-containing protein,Unmatched,0,0,0
HENFNN_18320 hypothetical protein,Unmatched,0,0,0
HENFNN_18325 Uma2 family endonuclease,Unmatched,0,0,0
HENFNN_18330 Uma2 domain-containing protein,Unmatched,0,0,0
HENFNN_18335 Domain of unknown function DUF29,Unmatched,0,0,0
HENFNN_18340 hypothetical protein,Unmatched,0,0,0
HENFNN_18345 chitin deacetylase,Unmatched,0,0,0
HENFNN_18350 DUF29 domain-containing protein,ctg36_9_NRPS-like_34_0,79.69,93.79,483
HENFNN_18355 replication/maintenance protein,Unmatched,0,0,0
HENFNN_18360 Threonyl-tRNA synthetase,Unmatched,0,0,0
"HENFNN_18365 type II toxin-antitoxin system mRNA interferase toxin, RelE/StbE family",Unmatched,0,0,0
HENFNN_18370 GTP-binding protein,Unmatched,0,0,0
HENFNN_18375 hypothetical protein,Unmatched,0,0,0
HENFNN_18380 HicB-like domain-containing protein,Unmatched,0,0,0
"HENFNN_18385 HicA toxin of bacterial toxin-antitoxin,",Unmatched,0,0,0
HENFNN_18390 HicB-like domain-containing protein,Unmatched,0,0,0
HENFNN_18395 hypothetical protein,Unmatched,0,0,0
HENFNN_18400 TIGR03032 family protein,Unmatched,0,0,0
HENFNN_18405 chromate transporter,Unmatched,0,0,0
HENFNN_18410 ATP phosphoribosyltransferase,Unmatched,0,0,0
HENFNN_18415 HAD family hydrolase,Unmatched,0,0,0
HENFNN_18420 deoxyribose-phosphate aldolase,Unmatched,0,0,0
HENFNN_18425 peptidase,Unmatched,0,0,0
HENFNN_18430 tRNA-Met(cat),Unmatched,0,0,0
HENFNN_18435 SAM-dependent methyltransferase,Unmatched,0,0,0
HENFNN_18440 poly(3-hydroxybutyrate) depolymerase,Unmatched,0,0,0
HENFNN_18445 phasin,Unmatched,0,0,0
HENFNN_18450 FAD-dependent hydroxylase,Unmatched,0,0,0
HENFNN_18455 tRNA-Pro(ggg),Unmatched,0,0,0
HENFNN_18460 peptidase,Unmatched,0,0,0
HENFNN_18465 DDE Tnp4 domain-containing protein,Unmatched,0,0,0
HENFNN_18470 HTH-Tnp-4 domain-containing protein,Unmatched,0,0,0
HENFNN_18475 DUF4415 domain-containing protein,Unmatched,0,0,0
HENFNN_18480 hypothetical protein,Unmatched,0,0,0
HENFNN_18485 Type II toxin-antitoxin system VapC family toxin,Unmatched,0,0,0
HENFNN_18490 hypothetical protein,Unmatched,0,0,0
HENFNN_18495 GHL10 domain-containing protein,Unmatched,0,0,0
HENFNN_18500 Dolichyl-phosphate-mannose-protein mannosyltransferase,Unmatched,0,0,0
HENFNN_18505 replicative DNA helicase,Unmatched,0,0,0
HENFNN_18510 precorrin-4 C(11)-methyltransferase,Unmatched,0,0,0
HENFNN_18515 TspO protein,Unmatched,0,0,0
HENFNN_18520 Translation initiation factor,Unmatched,0,0,0
HENFNN_18525 cryptochrome/photolyase family protein,Unmatched,0,0,0
HENFNN_18530 hypothetical protein,Unmatched,0,0,0
HENFNN_18535 Sigma70-r4-2 domain-containing protein,Unmatched,0,0,0
HENFNN_18540 hypothetical protein,Unmatched,0,0,0
HENFNN_18545 oxidoreductase,Unmatched,0,0,0
HENFNN_18550 DUF2518 domain-containing protein,Unmatched,0,0,0
HENFNN_18555 7-carboxy-7-deazaguanine synthase QueE,Unmatched,0,0,0
HENFNN_18560 penicillin-binding protein activator LpoB,Unmatched,0,0,0
HENFNN_18565 protochlorophyllide reductase,Unmatched,0,0,0
HENFNN_18570 sodium/glutamate symporter,Unmatched,0,0,0
HENFNN_18575 succinyl-CoA synthetase subunit beta,Unmatched,0,0,0
HENFNN_18580 DUF5678 domain-containing protein,Unmatched,0,0,0
HENFNN_18585 WD40 repeat domain-containing protein,Unmatched,0,0,0
HENFNN_18590 Putative restriction endonuclease,Unmatched,0,0,0
"HENFNN_18595 2-carboxy-1,4-naphthoquinone phytyltransferase",Unmatched,0,0,0
HENFNN_18600 ATPase,Unmatched,0,0,0
HENFNN_18605 DUF29 domain-containing protein,Unmatched,0,0,0
HENFNN_18610 23S rRNA (uracil(1939)-C(5))-methyltransferase RlmD,Unmatched,0,0,0
HENFNN_18615 ATP-binding protein,Unmatched,0,0,0
HENFNN_18620 DUF6439 domain-containing protein,Unmatched,0,0,0
HENFNN_18625 DUF2203 domain-containing protein,Unmatched,0,0,0
HENFNN_18630 prepilin-type N-terminal cleavage/methylation domain-containing protein,Unmatched,0,0,0
HENFNN_18635 Type 4 pilin-like protein,Unmatched,0,0,0
HENFNN_18640 EamA family transporter,Unmatched,0,0,0
HENFNN_18645 DUF1823 domain-containing protein,Unmatched,0,0,0
HENFNN_18650 carbon dioxide transporter,Unmatched,0,0,0
HENFNN_18655 GUN4 domain-containing protein,Unmatched,0,0,0
HENFNN_18660 hypothetical protein,Unmatched,0,0,0
HENFNN_18665 hypothetical protein,Unmatched,0,0,0
HENFNN_18670 MFS transporter,Unmatched,0,0,0
HENFNN_18675 peroxiredoxin,Unmatched,0,0,0
HENFNN_18680 transposase,Unmatched,0,0,0
HENFNN_18685 peptidase C39,Unmatched,0,0,0
HENFNN_18690 HlyD family secretion protein,Unmatched,0,0,0
HENFNN_18695 peptidylprolyl isomerase,Unmatched,0,0,0
HENFNN_18700 hypothetical protein,Unmatched,0,0,0
HENFNN_18705 hypothetical protein,Unmatched,0,0,0
HENFNN_18710 hypothetical protein,Unmatched,0,0,0
HENFNN_18715 hypothetical protein,Unmatched,0,0,0
HENFNN_18720 DDE-5 domain-containing protein,Unmatched,0,0,0
HENFNN_18725 Nif11 domain-containing protein,ctg60_2_lanthipeptide_87_0,100,100,306
HENFNN_18730 N-acetyltransferase domain-containing protein,ctg60_3_lanthipeptide_87_0,100,100,885
HENFNN_18735 DUF4135 domain-containing protein,ctg60_4_lanthipeptide_87_0,100,100,3348
HENFNN_18740 Putative site-specific integrase-resolvase,Unmatched,0,0,0
HENFNN_18745 Mobile element protein,Unmatched,0,0,0
HENFNN_18750 photosystem I reaction center subunit IX,Unmatched,0,0,0
HENFNN_18755 Photosystem I reaction center subunit III,Unmatched,0,0,0
HENFNN_18760 Uncharacterised protein family UPF0047,Unmatched,0,0,0
HENFNN_18765 uroporphyrin-III methyltransferase,Unmatched,0,0,0
HENFNN_18770 clan AA aspartic protease,ctg3_6_lanthipeptide_54_0,96.99,100,366
HENFNN_18775 hypothetical protein,ctg3_7_lanthipeptide_54_0,97.1,100,276
HENFNN_18780 type II toxin-antitoxin system prevent-host-death family antitoxin,Unmatched,0,0,0
HENFNN_18785 PIN domain nuclease,Unmatched,0,0,0
HENFNN_18790 integron cassette protein,Unmatched,0,0,0
HENFNN_18795 DUF4160 domain-containing protein,Unmatched,0,0,0
HENFNN_18800 Cysteinyl-tRNA synthetase,Unmatched,0,0,0
HENFNN_18805 ATP-binding protein,Unmatched,0,0,0
HENFNN_18810 PEP-CTERM domain-containing protein,Unmatched,0,0,0
HENFNN_18815 hypothetical protein,Unmatched,0,0,0
HENFNN_18820 tRNA-Thr(ggt),Unmatched,0,0,0
HENFNN_18825 tRNA-Tyr(gta),Unmatched,0,0,0
HENFNN_18830 ferredoxin,Unmatched,0,0,0
HENFNN_18835 peroxiredoxin,Unmatched,0,0,0
HENFNN_18840 photosystem II complex extrinsic protein PsbU,Unmatched,0,0,0
HENFNN_18845 L-aspartate oxidase,Unmatched,0,0,0
HENFNN_18850 Transposase,Unmatched,0,0,0
HENFNN_18855 glycosyl transferase,Unmatched,0,0,0
HENFNN_18860 hypothetical protein,Unmatched,0,0,0
HENFNN_18865 Ubiquinone biosynthesis O-methyltransferase,Unmatched,0,0,0
HENFNN_18870 hypothetical protein,Unmatched,0,0,0
HENFNN_18875 ATP-binding protein,Unmatched,0,0,0
HENFNN_18880 alanine--tRNA ligase,Unmatched,0,0,0
HENFNN_18885 hypothetical protein,Unmatched,0,0,0
HENFNN_18890 hypothetical protein,Unmatched,0,0,0
HENFNN_18895 FkbM family methyltransferase,Unmatched,0,0,0
HENFNN_18900 glycosyltransferase,Unmatched,0,0,0
HENFNN_18905 hypothetical protein,Unmatched,0,0,0
HENFNN_18910 peptidylprolyl isomerase,Unmatched,0,0,0
"HENFNN_18915 2,3-diketo-5-methylthiopentyl-1-phosphate enolase",Unmatched,0,0,0
HENFNN_18920 serine--tRNA ligase,Unmatched,0,0,0
HENFNN_18925 M23 family peptidase,Unmatched,0,0,0
HENFNN_18930 glycosyltransferase,Unmatched,0,0,0
HENFNN_18935 metal-binding protein,Unmatched,0,0,0
HENFNN_18940 30S ribosomal protein S4,Unmatched,0,0,0
HENFNN_18945 hypothetical protein,Unmatched,0,0,0
HENFNN_18950 hypothetical protein,Unmatched,0,0,0
HENFNN_18955 DNA polymerase I,Unmatched,0,0,0
HENFNN_18960 hypothetical protein,Unmatched,0,0,0
HENFNN_18965 heavy metal transporter,Unmatched,0,0,0
HENFNN_18970 nucleotidyltransferase,Unmatched,0,0,0
HENFNN_18975 DNA polymerase subunit beta,Unmatched,0,0,0
HENFNN_18980 Type II toxin-antitoxin system PemK/MazF family toxin,Unmatched,0,0,0
HENFNN_18985 hypothetical protein,Unmatched,0,0,0
HENFNN_18990 Type II toxin-antitoxin system RelE/ParE family toxin,Unmatched,0,0,0
HENFNN_18995 hypothetical protein,Unmatched,0,0,0
HENFNN_19000 hypothetical protein,Unmatched,0,0,0
HENFNN_19005 N-6 DNA methylase,Unmatched,0,0,0
HENFNN_19010 Cytochrome b6-f complex iron-sulfur subunit,Unmatched,0,0,0
HENFNN_19015 apocytochrome f,Unmatched,0,0,0
HENFNN_19020 mannose-1-phosphate guanylyltransferase,Unmatched,0,0,0
HENFNN_19025 ABC transporter,Unmatched,0,0,0
HENFNN_19030 hypothetical protein,Unmatched,0,0,0
HENFNN_19035 type I glutamate--ammonia ligase,Unmatched,0,0,0
HENFNN_19040 signal peptide peptidase SppA,Unmatched,0,0,0
HENFNN_19045 chorismate mutase,Unmatched,0,0,0
HENFNN_19050 alpha/beta hydrolase,Unmatched,0,0,0
HENFNN_19055 alpha/beta hydrolase,Unmatched,0,0,0
"HENFNN_19060 Outer membrane protein chaperone/metalloprotease BepA/YfgC, contains M48 and TPR domains",Unmatched,0,0,0
HENFNN_19065 OrfB-Zn-ribbon domain-containing protein,Unmatched,0,0,0
HENFNN_19070 hypothetical protein,Unmatched,0,0,0
HENFNN_19075 GNAT family N-acetyltransferase,ctg5_14_RRE-containing_23_0,99.8,100,495
HENFNN_19080 CopG family transcriptional regulator,ctg5_13_RRE-containing_23_0,99.31,100,291
HENFNN_19085 hypothetical protein,ctg5_12_RRE-containing_23_0,92.81,100,153
HENFNN_19090 hypothetical protein,ctg5_12_RRE-containing_23_0,99.43,93.55,186
HENFNN_19095 BrnT family toxin,ctg5_11_RRE-containing_23_0,99.65,100,288
HENFNN_19100 hypothetical protein,Unmatched,0,0,0
HENFNN_19105 sodium:proton antiporter,Unmatched,0,0,0
HENFNN_19110 N-acetylmuramoyl-L-alanine amidase,Unmatched,0,0,0
HENFNN_19115 glutamate racemase,Unmatched,0,0,0
HENFNN_19120 Tubulin like,Unmatched,0,0,0
HENFNN_19125 ribonuclease Z,Unmatched,0,0,0
HENFNN_19130 Uncharacterized protein sll1735,Unmatched,0,0,0
HENFNN_19135 hypothetical protein,Unmatched,0,0,0
HENFNN_19140 esterase,Unmatched,0,0,0
HENFNN_19145 DUF1818 domain-containing protein,Unmatched,0,0,0
HENFNN_19150 hypothetical protein,Unmatched,0,0,0
HENFNN_19155 signal peptidase I,Unmatched,0,0,0
HENFNN_19160 glutathione S-transferase,Unmatched,0,0,0
HENFNN_19165 glutathione S-transferase,Unmatched,0,0,0
HENFNN_19170 chorismate lyase,Unmatched,0,0,0
HENFNN_19175 DUF3598 domain-containing protein,Unmatched,0,0,0
HENFNN_19180 aspartate 1-decarboxylase,Unmatched,0,0,0
HENFNN_19185 arsenic-transporting ATPase,Unmatched,0,0,0
HENFNN_19190 cobalt-precorrin-6A reductase,Unmatched,0,0,0
HENFNN_19195 NADH dehydrogenase,Unmatched,0,0,0
HENFNN_19200 Hypothetical chloroplast protein Ycf34,Unmatched,0,0,0
HENFNN_19205 [cytidine(C)-cytidine(C)-adenosine (A)]-adding enzyme,Unmatched,0,0,0
HENFNN_19210 chloride channel core,Unmatched,0,0,0
HENFNN_19215 peroxiredoxin,Unmatched,0,0,0
HENFNN_19220 ABC-F type ribosomal protection protein,Unmatched,0,0,0
HENFNN_19225 S15 family X-Pro dipeptidyl-peptidase,Unmatched,0,0,0
HENFNN_19230 Uncharacterized protein alr1449,Unmatched,0,0,0
HENFNN_19235 aldo/keto reductase,Unmatched,0,0,0
HENFNN_19240 Similarity,Unmatched,0,0,0
HENFNN_19245 sugar ABC transporter substrate-binding protein,Unmatched,0,0,0
HENFNN_19250 transketolase,Unmatched,0,0,0
HENFNN_19255 proline hydroxylase,Unmatched,0,0,0
HENFNN_19260 ABC transporter substrate-binding protein,Unmatched,0,0,0
HENFNN_19265 Hypothetical glycosyl hydrolase 6,Unmatched,0,0,0
HENFNN_19270 UPF0182 protein MAE_41360,Unmatched,0,0,0
HENFNN_19275 hypothetical protein,Unmatched,0,0,0
HENFNN_19280 type II toxin-antitoxin system PemK/MazF family toxin,Unmatched,0,0,0
HENFNN_19285 hypothetical protein,Unmatched,0,0,0
HENFNN_19290 hypothetical protein,Unmatched,0,0,0
HENFNN_19295 POLO box domain-containing protein,Unmatched,0,0,0
HENFNN_19300 hypothetical protein,Unmatched,0,0,0
HENFNN_19305 hypothetical protein,Unmatched,0,0,0
HENFNN_19310 SF4 helicase domain-containing protein,Unmatched,0,0,0
HENFNN_19315 hypothetical protein,Unmatched,0,0,0
HENFNN_19320 HTH cro/C1-type domain-containing protein,Unmatched,0,0,0
HENFNN_19325 hypothetical protein,Unmatched,0,0,0
HENFNN_19330 hypothetical protein,Unmatched,0,0,0
HENFNN_19335 ASCH domain-containing protein,Unmatched,0,0,0
HENFNN_19340 DUF6516 domain-containing protein,Unmatched,0,0,0
HENFNN_19345 hypothetical protein,Unmatched,0,0,0
HENFNN_19350 hypothetical protein,Unmatched,0,0,0
HENFNN_19355 protein translocase subunit SecF,Unmatched,0,0,0
HENFNN_19360 protein translocase subunit SecD,Unmatched,0,0,0
HENFNN_19365 alpha-ketoacid dehydrogenase subunit beta,Unmatched,0,0,0
HENFNN_19370 GTP-binding protein,Unmatched,0,0,0
HENFNN_19375 bis(5'-nucleosyl)-tetraphosphatase (symmetrical) YqeK,Unmatched,0,0,0
HENFNN_19380 ribosome silencing factor,Unmatched,0,0,0
HENFNN_19385 DUF1230 domain-containing protein,Unmatched,0,0,0
HENFNN_19390 asparaginase,Unmatched,0,0,0
HENFNN_19395 HicB-like domain-containing protein,Unmatched,0,0,0
"HENFNN_19400 type II toxin-antitoxin system mRNA interferase toxin, RelE/StbE family",Unmatched,0,0,0
HENFNN_19405 PEP-CTERM sorting domain-containing protein,Unmatched,0,0,0
HENFNN_19410 ATPase,Unmatched,0,0,0
HENFNN_19415 Antitoxin component HicB of the HicAB toxin-antitoxin system,Unmatched,0,0,0
HENFNN_19420 recombination protein F,Unmatched,0,0,0
HENFNN_19425 DUF3226 domain-containing protein,Unmatched,0,0,0
HENFNN_19430 cell division protein FtsI,Unmatched,0,0,0
HENFNN_19435 hypothetical protein,Unmatched,0,0,0
HENFNN_19440 GTPase,Unmatched,0,0,0
HENFNN_19445 2-amino-4-hydroxy-6-hydroxymethyldihydropteridine diphosphokinase,Unmatched,0,0,0
HENFNN_19450 sirohydrochlorin chelatase,Unmatched,0,0,0
HENFNN_19455 hypothetical protein,Unmatched,0,0,0
HENFNN_19460 Transcriptional regulator,Unmatched,0,0,0
HENFNN_19465 bidirectional hydrogenase complex protein HoxE,Unmatched,0,0,0
HENFNN_19470 NADH-quinone oxidoreductase subunit NuoF,Unmatched,0,0,0
HENFNN_19475 transposase,Unmatched,0,0,0
HENFNN_19480 5S ribosomal RNA,ctg44_1_1-heptadecene_20_0,100,88.98,118
HENFNN_19485 DUF2288 domain-containing protein,ctg44_2_1-heptadecene_20_0,100,100,291
HENFNN_19490 Phenolphthiocerol synthesis polyketide synthase type I Pks15/1,ctg44_3_1-heptadecene_20_0,100,100,6288
HENFNN_19495 8-amino-7-oxononanoate synthase,ctg44_4_1-heptadecene_20_0,100,100,1323
HENFNN_19500 Type I secretion system membrane fusion protein PrsE,ctg44_5_1-heptadecene_20_0,100,100,1308
HENFNN_19505 ABC transporter permease DevC,ctg44_6_1-heptadecene_20_0,100,100,1164
HENFNN_19510 ABC transporter,ctg44_7_1-heptadecene_20_0,100,100,708
HENFNN_19515 tRNA-Ser(gct),Unmatched,0,0,0
HENFNN_19520 radical SAM protein,ctg44_8_1-heptadecene_20_0,100,100,807
HENFNN_19525 penicillin-binding protein 2,ctg44_9_1-heptadecene_20_0,100,100,1875
HENFNN_19530 Dyp-type peroxidase,ctg44_10_1-heptadecene_20_0,100,100,1824
HENFNN_19535 DUF1929 domain-containing protein,ctg44_12_1-heptadecene_20_0,100,86.73,2193
HENFNN_19540 hypothetical protein,Unmatched,0,0,0
HENFNN_19545 hypothetical protein,ctg44_13_1-heptadecene_20_0,100,100,111
HENFNN_19550 Putative ATPase subunit of terminase (gpP-like),ctg44_14_1-heptadecene_20_0,100,93.1,261
HENFNN_19555 hypothetical protein,ctg44_15_1-heptadecene_20_0,100,100,198
HENFNN_19560 hypothetical protein,Unmatched,0,0,0
HENFNN_19565 hypothetical protein,ctg44_16_1-heptadecene_20_0,100,100,210
HENFNN_19570 S-(hydroxymethyl)glutathione dehydrogenase/class III alcohol dehydrogenase,ctg44_17_1-heptadecene_20_0,100,100,1110
HENFNN_19575 CHAT domain-containing protein,ctg44_18_1-heptadecene_20_0,100,100,3642
HENFNN_19580 hypothetical protein,Unmatched,0,0,0
HENFNN_19585 hypothetical protein,Unmatched,0,0,0
HENFNN_19590 DUF29 domain-containing protein,Unmatched,0,0,0
HENFNN_19595 hypothetical protein,Unmatched,0,0,0
HENFNN_19600 PINc domain-containing protein,Unmatched,0,0,0
HENFNN_19605 hypothetical protein,Unmatched,0,0,0
HENFNN_19610 DUF5615 domain-containing protein,Unmatched,0,0,0
HENFNN_19615 Type I site-specific deoxyribonuclease,Unmatched,0,0,0
HENFNN_19620 sporulation protein SpoIID,Unmatched,0,0,0
HENFNN_19625 methionine synthase,Unmatched,0,0,0
HENFNN_19630 hypothetical protein,Unmatched,0,0,0
HENFNN_19635 histidinol dehydrogenase,Unmatched,0,0,0
HENFNN_19640 Uncharacterised protein family (UPF0175),Unmatched,0,0,0
HENFNN_19645 phosphoenolpyruvate synthase,Unmatched,0,0,0
HENFNN_19650 Putative restriction endonuclease,Unmatched,0,0,0
HENFNN_19655 hypothetical protein,Unmatched,0,0,0
HENFNN_19660 Aluminium activated malate transporter,Unmatched,0,0,0
HENFNN_19665 hypothetical protein,Unmatched,0,0,0
HENFNN_19670 Membrane-fusion protein,Unmatched,0,0,0
HENFNN_19675 Biotin-lipoyl-2 domain-containing protein,Unmatched,0,0,0
HENFNN_19680 Acetyl-coenzyme A synthetase,Unmatched,0,0,0
HENFNN_19685 hypothetical protein,Unmatched,0,0,0
HENFNN_19690 hypothetical protein,Unmatched,0,0,0
HENFNN_19695 hypothetical protein,Unmatched,0,0,0
HENFNN_19700 Tetratricopeptide repeat protein,Unmatched,0,0,0
HENFNN_19705 hypothetical protein,Unmatched,0,0,0
HENFNN_19710 hypothetical protein,Unmatched,0,0,0
HENFNN_19715 DUF455 domain-containing protein,Unmatched,0,0,0
HENFNN_19720 pentapeptide repeat-containing protein,Unmatched,0,0,0
HENFNN_19725 FkbM family methyltransferase,Unmatched,0,0,0
HENFNN_19730 Putative restriction endonuclease,Unmatched,0,0,0
HENFNN_19735 alpha/beta hydrolase,Unmatched,0,0,0
HENFNN_19740 DNA-binding response regulator,Unmatched,0,0,0
HENFNN_19745 histidine kinase,Unmatched,0,0,0
HENFNN_19750 Dolichyl-phosphate-mannose-protein mannosyltransferase,Unmatched,0,0,0
HENFNN_19755 low-complexity protein,Unmatched,0,0,0
HENFNN_19760 LysR family transcriptional regulator,Unmatched,0,0,0
HENFNN_19765 NAD(P)H-quinone oxidoreductase subunit F,Unmatched,0,0,0
HENFNN_19770 carbonate dehydratase,Unmatched,0,0,0
HENFNN_19775 NADH-quinone oxidoreductase subunit M,Unmatched,0,0,0
HENFNN_19780 carbon dioxide transporter,Unmatched,0,0,0
HENFNN_19785 Putative restriction endonuclease,Unmatched,0,0,0
HENFNN_19790 DUF2232 domain-containing protein,Unmatched,0,0,0
HENFNN_19795 FkbM family methyltransferase,Unmatched,0,0,0
HENFNN_19800 ribonuclease E/G,Unmatched,0,0,0
HENFNN_19805 ribonuclease HII,Unmatched,0,0,0
HENFNN_19810 decarboxylating NADP(+)-dependent phosphogluconate dehydrogenase,Unmatched,0,0,0
HENFNN_19815 Zn-dependent hydrolase,Unmatched,0,0,0
HENFNN_19820 site-specific DNA-methyltransferase,Unmatched,0,0,0
HENFNN_19825 mannosyltransferase,Unmatched,0,0,0
HENFNN_19830 glycosyl transferase family 1,Unmatched,0,0,0
HENFNN_19835 hypothetical protein,Unmatched,0,0,0
HENFNN_19840 AAA+ family ATPase,Unmatched,0,0,0
HENFNN_19845 hypothetical protein,Unmatched,0,0,0
HENFNN_19850 peroxiredoxin,Unmatched,0,0,0
HENFNN_19855 hypothetical protein,Unmatched,0,0,0
HENFNN_19860 hypothetical protein,Unmatched,0,0,0
HENFNN_19865 homoserine kinase,Unmatched,0,0,0
HENFNN_19870 LD-carboxypeptidase,Unmatched,0,0,0
HENFNN_19875 hypothetical protein,Unmatched,0,0,0
HENFNN_19880 phosphoribulokinase,Unmatched,0,0,0
HENFNN_19885 Putative restriction endonuclease,Unmatched,0,0,0
HENFNN_19890 carboxylating nicotinate-nucleotide diphosphorylase,Unmatched,0,0,0
HENFNN_19895 Adenosyl-chloride synthase,Unmatched,0,0,0
HENFNN_19900 Ssr0692 protein,Unmatched,0,0,0
HENFNN_19905 hypothetical protein,Unmatched,0,0,0
HENFNN_19910 GNAT family N-acetyltransferase,Unmatched,0,0,0
HENFNN_19915 DUF3782 domain-containing protein,Unmatched,0,0,0
HENFNN_19920 formyltetrahydrofolate deformylase,Unmatched,0,0,0
HENFNN_19925 (Fe-S)-binding protein,Unmatched,0,0,0
HENFNN_19930 hypothetical protein,Unmatched,0,0,0
HENFNN_19935 ribonuclease H,Unmatched,0,0,0
HENFNN_19940 AI-2E family transporter,Unmatched,0,0,0
HENFNN_19945 tRNA-Ala(ggc),Unmatched,0,0,0
HENFNN_19950 hypothetical protein,Unmatched,0,0,0
HENFNN_19955 Imidazole glycerol phosphate synthase subunit HisF,Unmatched,0,0,0
HENFNN_19960 Holliday junction branch migration DNA helicase RuvB,Unmatched,0,0,0
HENFNN_19965 hypothetical protein,Unmatched,0,0,0
HENFNN_19970 DUF559 domain-containing protein,Unmatched,0,0,0
HENFNN_19975 Alpha-glucosidase,Unmatched,0,0,0
HENFNN_19980 hypothetical protein,Unmatched,0,0,0
HENFNN_19985 thioredoxin,Unmatched,0,0,0
HENFNN_19990 hypothetical protein,Unmatched,0,0,0
HENFNN_19995 Recombinase,Unmatched,0,0,0
HENFNN_20000 hypothetical protein,Unmatched,0,0,0
HENFNN_20005 histidine kinase,Unmatched,0,0,0
HENFNN_20010 ATP-dependent zinc metalloprotease FtsH4,Unmatched,0,0,0
HENFNN_20015 RRXRR domain-containing protein,Unmatched,0,0,0
HENFNN_20020 hypothetical protein,Unmatched,0,0,0
HENFNN_20025 hypothetical protein,Unmatched,0,0,0
HENFNN_20030 DUF2281 domain-containing protein,Unmatched,0,0,0
HENFNN_20035 PIN domain nuclease,Unmatched,0,0,0
HENFNN_20040 DUF559 domain-containing protein,Unmatched,0,0,0
HENFNN_20045 hypothetical protein,Unmatched,0,0,0
HENFNN_20050 Asp-tRNA(Asn)/Glu-tRNA(Gln) amidotransferase subunit GatA,Unmatched,0,0,0
HENFNN_20055 DUF6398 domain-containing protein,Unmatched,0,0,0
HENFNN_20060 transcriptional regulator,Unmatched,0,0,0
HENFNN_20065 Low-complexity protein,Unmatched,0,0,0
HENFNN_20070 photosystem II reaction center protein K,Unmatched,0,0,0
HENFNN_20075 tRNA guanosine(34) transglycosylase Tgt,Unmatched,0,0,0
HENFNN_20080 hypothetical protein,Unmatched,0,0,0
HENFNN_20085 ATP-dependent Clp endopeptidase proteolytic subunit ClpP,ctg83_20_lanthipeptide_21_0,77.75,73.8,603
HENFNN_20090 iron-sulfur cluster biosynthesis transcriptional regulator SufR,Unmatched,0,0,0
HENFNN_20095 Fe-S cluster assembly protein SufB,Unmatched,0,0,0
HENFNN_20100 branched-chain amino acid ABC transporter substrate-binding protein,Unmatched,0,0,0
HENFNN_20105 Thylakoid protein sll1769,Unmatched,0,0,0
"HENFNN_20110 putative protein kinase regulating ubiquinone biosynthesis, AarF/ABC1/UbiB family",Unmatched,0,0,0
HENFNN_20115 8-amino-7-oxononanoate synthase,Unmatched,0,0,0
HENFNN_20120 RHH-1 domain-containing protein,Unmatched,0,0,0
HENFNN_20125 HTH cro/C1-type domain-containing protein,Unmatched,0,0,0
HENFNN_20130 hypothetical protein,Unmatched,0,0,0
HENFNN_20135 VapC toxin family PIN domain ribonuclease,Unmatched,0,0,0
HENFNN_20140 transposase,Unmatched,0,0,0
HENFNN_20145 IS607 family transposase,Unmatched,0,0,0
HENFNN_20150 Domain of unknown function DUF29,Unmatched,0,0,0
HENFNN_20155 DUF29 domain-containing protein,Unmatched,0,0,0
HENFNN_20160 DUF29 domain-containing protein,Unmatched,0,0,0
HENFNN_20165 hypothetical protein,Unmatched,0,0,0
HENFNN_20170 arylsulfatase,Unmatched,0,0,0
HENFNN_20175 hypothetical protein,Unmatched,0,0,0
HENFNN_20180 hypothetical protein,Unmatched,0,0,0
HENFNN_20185 PEP-CTERM sorting domain-containing protein,Unmatched,0,0,0
HENFNN_20190 hypothetical protein,Unmatched,0,0,0
HENFNN_20195 adenosylcobinamide-phosphate synthase CbiB,Unmatched,0,0,0
HENFNN_20200 GFA family protein,Unmatched,0,0,0
HENFNN_20205 transcriptional regulator,Unmatched,0,0,0
HENFNN_20210 AbrB family transcriptional regulator,Unmatched,0,0,0
HENFNN_20215 hypothetical protein,Unmatched,0,0,0
HENFNN_20220 hypothetical protein,Unmatched,0,0,0
HENFNN_20225 heat-shock protein,Unmatched,0,0,0
HENFNN_20230 DUF3143 domain-containing protein,Unmatched,0,0,0
HENFNN_20235 nickel import ATP-binding protein NikD,Unmatched,0,0,0
HENFNN_20240 amidase,Unmatched,0,0,0
HENFNN_20245 bifunctional pyr operon transcriptional regulator/uracil phosphoribosyltransferase PyrR,Unmatched,0,0,0
HENFNN_20250 endonuclease/exonuclease/phosphatase,Unmatched,0,0,0
HENFNN_20255 peptide ABC transporter substrate-binding protein,Unmatched,0,0,0
HENFNN_20260 hypothetical protein,Unmatched,0,0,0
HENFNN_20265 DedA family protein,Unmatched,0,0,0
HENFNN_20270 RNA-binding protein,Unmatched,0,0,0
"HENFNN_20275 1,4-dihydroxy-2-naphthoyl-CoA synthase",Unmatched,0,0,0
HENFNN_20280 type II toxin-antitoxin system HicB family antitoxin,Unmatched,0,0,0
HENFNN_20285 glycosyltransferase,Unmatched,0,0,0
HENFNN_20290 serine acetyltransferase,Unmatched,0,0,0
HENFNN_20295 2-C-methyl-D-erythritol 4-phosphate cytidylyltransferase,Unmatched,0,0,0
HENFNN_20300 DUF1824 domain-containing protein,Unmatched,0,0,0
HENFNN_20305 hypothetical protein,Unmatched,0,0,0
HENFNN_20310 hypothetical protein,Unmatched,0,0,0
HENFNN_20315 hypothetical protein,Unmatched,0,0,0
HENFNN_20320 magnesium chelatase ATPase subunit D,Unmatched,0,0,0
HENFNN_20325 hypothetical protein,Unmatched,0,0,0
HENFNN_20330 peptidase C69,Unmatched,0,0,0
HENFNN_20335 LysR family transcriptional regulator,Unmatched,0,0,0
HENFNN_20340 DUF3011 domain-containing protein,Unmatched,0,0,0
HENFNN_20345 peptidoglycan editing factor PgeF,Unmatched,0,0,0
HENFNN_20350 methionyl-tRNA formyltransferase,Unmatched,0,0,0
HENFNN_20355 cyclic nucleotide-binding protein,Unmatched,0,0,0
HENFNN_20360 type II restriction endonuclease,Unmatched,0,0,0
HENFNN_20365 TlyA family rRNA (cytidine-2'-O)-methyltransferase,Unmatched,0,0,0
HENFNN_20370 hypothetical protein,Unmatched,0,0,0
HENFNN_20375 ABC 3 transport family,Unmatched,0,0,0
HENFNN_20380 thioredoxin-disulfide reductase,Unmatched,0,0,0
HENFNN_20385 hypothetical protein,Unmatched,0,0,0
HENFNN_20390 DUF4065 domain-containing protein,Unmatched,0,0,0
HENFNN_20395 haloacid dehalogenase,Unmatched,0,0,0
HENFNN_20400 DUF262 domain-containing protein,Unmatched,0,0,0
HENFNN_20405 Ribonuclease HI,Unmatched,0,0,0
HENFNN_20410 FAD-dependent oxidoreductase,Unmatched,0,0,0
HENFNN_20415 Uma2 domain-containing protein,Unmatched,0,0,0
HENFNN_20420 Uma2 domain-containing protein,Unmatched,0,0,0
HENFNN_20425 tRNA-Gln(ttg),Unmatched,0,0,0
HENFNN_20430 AI-2E family transporter,Unmatched,0,0,0
HENFNN_20435 hypothetical protein,Unmatched,0,0,0
HENFNN_20440 FHA domain-containing protein,Unmatched,0,0,0
HENFNN_20445 DUF4278 domain-containing protein,Unmatched,0,0,0
HENFNN_20450 hypothetical protein,Unmatched,0,0,0
HENFNN_20455 chitinase,Unmatched,0,0,0
HENFNN_20460 peptidase M16,Unmatched,0,0,0
HENFNN_20465 peptidase M16,Unmatched,0,0,0
HENFNN_20470 photosystem II reaction center protein Ycf12,Unmatched,0,0,0
HENFNN_20475 transcriptional regulator,Unmatched,0,0,0
HENFNN_20480 ACR3 family arsenite efflux transporter,Unmatched,0,0,0
HENFNN_20485 arsenical resistance protein ArsH,Unmatched,0,0,0
"HENFNN_20490 arsenate reductase, glutathione/glutaredoxin type",Unmatched,0,0,0
HENFNN_20495 universal stress protein UspA-like protein,Unmatched,0,0,0
HENFNN_20500 NblA-related protein,Unmatched,0,0,0
HENFNN_20505 shikimate dehydrogenase,Unmatched,0,0,0
HENFNN_20510 AI-2E family transporter,Unmatched,0,0,0
HENFNN_20515 EamA family transporter,Unmatched,0,0,0
HENFNN_20520 methyltransferase type 11,Unmatched,0,0,0
HENFNN_20525 MBL fold metallo-hydrolase,Unmatched,0,0,0
"HENFNN_20530 bifunctional demethylmenaquinone methyltransferase/2-methoxy-6-polyprenyl-1,4-benzoquinol methylase UbiE",Unmatched,0,0,0
HENFNN_20535 UPF0754 membrane protein MAE_37850,Unmatched,0,0,0
HENFNN_20540 DUF2993 domain-containing protein,Unmatched,0,0,0
HENFNN_20545 methanol dehydrogenase,Unmatched,0,0,0
HENFNN_20550 hypothetical protein,Unmatched,0,0,0
HENFNN_20555 hypothetical protein,Unmatched,0,0,0
HENFNN_20560 hypothetical protein,Unmatched,0,0,0
HENFNN_20565 ATP-dependent chaperone ClpB,Unmatched,0,0,0
HENFNN_20570 zinc-ribbon-2 domain-containing protein,Unmatched,0,0,0
HENFNN_20575 magnesium-protoporphyrin IX monomethyl ester (oxidative) cyclase,Unmatched,0,0,0
HENFNN_20580 hypothetical protein,Unmatched,0,0,0
HENFNN_20585 ATP-binding protein,Unmatched,0,0,0
HENFNN_20590 UDP-3-O-acyl-N-acetylglucosamine deacetylase,Unmatched,0,0,0
HENFNN_20595 outer membrane protein assembly factor,Unmatched,0,0,0
HENFNN_20600 histidine kinase,Unmatched,0,0,0
HENFNN_20605 Arylsulfatase,Unmatched,0,0,0
HENFNN_20610 tRNA-Arg(tct),Unmatched,0,0,0
HENFNN_20615 ferrochelatase,Unmatched,0,0,0
HENFNN_20620 DUF2993 domain-containing protein,Unmatched,0,0,0
HENFNN_20625 membrane protein insertion efficiency factor YidD,Unmatched,0,0,0
HENFNN_20630 DUF433 domain-containing protein,Unmatched,0,0,0
HENFNN_20635 hypothetical protein,Unmatched,0,0,0
HENFNN_20640 hypothetical protein,Unmatched,0,0,0
"HENFNN_20645 HicA toxin of bacterial toxin-antitoxin,",Unmatched,0,0,0
HENFNN_20650 HicB family protein,Unmatched,0,0,0
HENFNN_20655 molecular chaperone DnaK,Unmatched,0,0,0
HENFNN_20660 CoA-binding protein,Unmatched,0,0,0
HENFNN_20665 glutamate synthase large subunit,Unmatched,0,0,0
HENFNN_20670 type II toxin-antitoxin system Phd/YefM family antitoxin,Unmatched,0,0,0
HENFNN_20675 cytochrome B6,Unmatched,0,0,0
HENFNN_20680 DNA methyltransferase,Unmatched,0,0,0
HENFNN_20685 hypothetical protein,Unmatched,0,0,0
HENFNN_20690 hypothetical protein,Unmatched,0,0,0
HENFNN_20695 glycosyl transferase family 2,Unmatched,0,0,0
"HENFNN_20700 Glycosyl-4,4'-diaponeurosporenoate acyltransferase",Unmatched,0,0,0
HENFNN_20705 transglutaminase family protein,Unmatched,0,0,0
HENFNN_20710 DUF4411 domain-containing protein,Unmatched,0,0,0
HENFNN_20715 IrrE N-terminal-like domain-containing protein,Unmatched,0,0,0
HENFNN_20720 adenosylhomocysteinase,Unmatched,0,0,0
HENFNN_20725 alkaline phosphatase,Unmatched,0,0,0
HENFNN_20730 hypothetical protein,Unmatched,0,0,0
HENFNN_20735 hypothetical protein,Unmatched,0,0,0
HENFNN_20740 photosystem II reaction center protein Psb28,Unmatched,0,0,0
HENFNN_20745 hypothetical protein,Unmatched,0,0,0
HENFNN_20750 hypothetical protein,Unmatched,0,0,0
HENFNN_20755 hypothetical protein,Unmatched,0,0,0
HENFNN_20760 NHLP bacteriocin export ABC transporter permease/ATPase subunit,Unmatched,0,0,0
HENFNN_20765 NHLP family bacteriocin export ABC transporter peptidase/permease/ATPase subunit,Unmatched,0,0,0
HENFNN_20770 NHLP bacteriocin system secretion protein,Unmatched,0,0,0
HENFNN_20775 Cyclic nucleotide-binding domain-containing protein,Unmatched,0,0,0
HENFNN_20780 hypothetical protein,Unmatched,0,0,0
HENFNN_20785 MinD/ParA family protein,Unmatched,0,0,0
HENFNN_20790 hypothetical protein,Unmatched,0,0,0
HENFNN_20795 DUF3067 domain-containing protein,Unmatched,0,0,0
HENFNN_20800 PEP-CTERM sorting domain-containing protein,Unmatched,0,0,0
HENFNN_20805 PHP domain-containing protein,Unmatched,0,0,0
HENFNN_20810 NAD(P)H-quinone oxidoreductase subunit F,Unmatched,0,0,0
HENFNN_20815 hypothetical protein,Unmatched,0,0,0
HENFNN_20820 hypothetical protein,Unmatched,0,0,0
HENFNN_20825 CRR6 family NdhI maturation factor,Unmatched,0,0,0
HENFNN_20830 4-hydroxy-3-methylbut-2-enyl diphosphate reductase,Unmatched,0,0,0
HENFNN_20835 hypothetical protein,Unmatched,0,0,0
HENFNN_20840 hypothetical protein,Unmatched,0,0,0
HENFNN_20845 ferredoxin:protochlorophyllide reductase (ATP-dependent) iron-sulfur ATP-binding protein,Unmatched,0,0,0
HENFNN_20850 DUF5331 domain-containing protein,Unmatched,0,0,0
HENFNN_20855 ferredoxin:protochlorophyllide reductase (ATP-dependent) subunit N,Unmatched,0,0,0
HENFNN_20860 uridine phosphorylase,Unmatched,0,0,0
HENFNN_20865 DUF1350 domain-containing protein,Unmatched,0,0,0
HENFNN_20870 hypothetical protein,Unmatched,0,0,0
HENFNN_20875 transposase,Unmatched,0,0,0
HENFNN_20880 Hrp-dependent type III effector protein,Unmatched,0,0,0
HENFNN_20885 acyl-ACP--UDP-N-acetylglucosamine O-acyltransferase,Unmatched,0,0,0
HENFNN_20890 lipid-A-disaccharide synthase,Unmatched,0,0,0
HENFNN_20895 aminomethyl-transferring glycine dehydrogenase,Unmatched,0,0,0
HENFNN_20900 phospholipid carrier-dependent glycosyltransferase,Unmatched,0,0,0
HENFNN_20905 4-amino-4-deoxychorismate lyase,Unmatched,0,0,0
HENFNN_20910 single-stranded DNA-binding protein,Unmatched,0,0,0
HENFNN_20915 rod shape-determining protein,Unmatched,0,0,0
HENFNN_20920 rod shape-determining protein MreC,Unmatched,0,0,0
HENFNN_20925 rod shape-determining protein MreD,Unmatched,0,0,0
HENFNN_20930 penicillin-binding protein,Unmatched,0,0,0
HENFNN_20935 peptidase M61,Unmatched,0,0,0
HENFNN_20940 branched-chain amino acid transaminase,Unmatched,0,0,0
HENFNN_20945 hypothetical protein,Unmatched,0,0,0
HENFNN_20950 circadian clock protein KaiC,Unmatched,0,0,0
HENFNN_20955 PBPb domain-containing protein,Unmatched,0,0,0
HENFNN_20960 DNA polymerase III subunit alpha,Unmatched,0,0,0
HENFNN_20965 5S ribosomal RNA,ctg44_1_1-heptadecene_20_0,100,88.98,118
HENFNN_20970 DUF29 domain-containing protein,Unmatched,0,0,0
HENFNN_20975 hypothetical protein,Unmatched,0,0,0
HENFNN_20980 histidinol dehydrogenase,Unmatched,0,0,0
HENFNN_20985 ABC transporter permease,Unmatched,0,0,0
HENFNN_20990 glucose-6-phosphate isomerase,Unmatched,0,0,0
HENFNN_20995 putative tRNA-dihydrouridine synthase 1,Unmatched,0,0,0
HENFNN_21000 hypothetical protein,Unmatched,0,0,0
HENFNN_21005 metallophosphatase,Unmatched,0,0,0
HENFNN_21010 metallophosphatase family protein,Unmatched,0,0,0
HENFNN_21015 CobW C-terminal domain-containing protein,Unmatched,0,0,0
HENFNN_21020 cobalamin biosynthesis protein CobW,Unmatched,0,0,0
HENFNN_21025 threonine--tRNA ligase,Unmatched,0,0,0
HENFNN_21030 AB hydrolase-1 domain-containing protein,Unmatched,0,0,0
HENFNN_21035 flavodoxin FldA,Unmatched,0,0,0
HENFNN_21040 chlorophyll a/b binding light-harvesting protein,Unmatched,0,0,0
HENFNN_21045 Antisense RNA which regulates isiA expression,Unmatched,0,0,0
HENFNN_21050 hypothetical protein,Unmatched,0,0,0
HENFNN_21055 ribonuclease III,Unmatched,0,0,0
HENFNN_21060 cAMP-binding protein,Unmatched,0,0,0
HENFNN_21065 sulfate ABC transporter substrate-binding protein,Unmatched,0,0,0
HENFNN_21070 ABC transporter,Unmatched,0,0,0
HENFNN_21075 sulfate ABC transporter permease subunit CysT,Unmatched,0,0,0
HENFNN_21080 sulfate ABC transporter permease subunit CysW,Unmatched,0,0,0
HENFNN_21085 sulfate ABC transporter ATP-binding protein,Unmatched,0,0,0
HENFNN_21090 N-6 DNA methylase,Unmatched,0,0,0
HENFNN_21095 hypothetical protein,Unmatched,0,0,0
HENFNN_21100 Putative restriction endonuclease,Unmatched,0,0,0
HENFNN_21105 DUF1350 domain-containing protein,Unmatched,0,0,0
HENFNN_21110 two-component system response regulator,Unmatched,0,0,0
HENFNN_21115 Photosynthesis regulatory RNA1,Unmatched,0,0,0
HENFNN_21120 hypothetical protein,Unmatched,0,0,0
HENFNN_21125 peptidase S8,Unmatched,0,0,0
HENFNN_21130 glyoxalase,Unmatched,0,0,0
HENFNN_21135 5-histidylcysteine sulfoxide synthase,Unmatched,0,0,0
HENFNN_21140 L-histidine N(alpha)-methyltransferase,Unmatched,0,0,0
HENFNN_21145 hypothetical protein,Unmatched,0,0,0
HENFNN_21150 DUF3177 domain-containing protein,Unmatched,0,0,0
HENFNN_21155 CP12 domain-containing protein,Unmatched,0,0,0
HENFNN_21160 hypothetical protein,Unmatched,0,0,0
HENFNN_21165 DNA mismatch repair endonuclease MutL,Unmatched,0,0,0
HENFNN_21170 two-component sensor histidine kinase,Unmatched,0,0,0
HENFNN_21175 CpcD phycobilisome linker protein,Unmatched,0,0,0
HENFNN_21180 Fructose-bisphosphate aldolase,Unmatched,0,0,0
HENFNN_21185 PEP-CTERM domain-containing protein,Unmatched,0,0,0
HENFNN_21190 hypothetical protein,Unmatched,0,0,0
HENFNN_21195 type II toxin-antitoxin system HigB family toxin,Unmatched,0,0,0
HENFNN_21200 transcriptional regulator,Unmatched,0,0,0
HENFNN_21205 hypothetical protein,Unmatched,0,0,0
HENFNN_21210 Alkaline phosphatase,Unmatched,0,0,0
HENFNN_21215 PINc domain-containing protein,Unmatched,0,0,0
HENFNN_21220 AbrB family transcriptional regulator,Unmatched,0,0,0
HENFNN_21225 hypothetical protein,Unmatched,0,0,0
HENFNN_21230 hypothetical protein,Unmatched,0,0,0
HENFNN_21235 hypothetical protein,Unmatched,0,0,0
HENFNN_21240 hypothetical protein,Unmatched,0,0,0
HENFNN_21245 Methylase-S domain-containing protein,Unmatched,0,0,0
HENFNN_21250 hypothetical protein,Unmatched,0,0,0
HENFNN_21255 Type I restriction-modification system subunit M,Unmatched,0,0,0
HENFNN_21260 hypothetical protein,Unmatched,0,0,0
HENFNN_21265 PIN domain-containing protein,Unmatched,0,0,0
HENFNN_21270 hypothetical protein,Unmatched,0,0,0
HENFNN_21275 AAA-like domain-containing protein,Unmatched,0,0,0
"HENFNN_21280 lignostilbene-alpha,beta-dioxygenase",Unmatched,0,0,0
HENFNN_21285 serine/threonine protein kinase,Unmatched,0,0,0
HENFNN_21290 hypothetical protein,Unmatched,0,0,0
HENFNN_21295 Integrase-SAM-like-N domain-containing protein,Unmatched,0,0,0
HENFNN_21300 Integrase-SAM-like-N domain-containing protein,Unmatched,0,0,0
HENFNN_21305 hypothetical protein,Unmatched,0,0,0
HENFNN_21310 hypothetical protein,Unmatched,0,0,0
HENFNN_21315 VapC toxin family PIN domain ribonuclease,Unmatched,0,0,0
HENFNN_21320 Similarity,Unmatched,0,0,0
HENFNN_21325 mercuric reductase,Unmatched,0,0,0
HENFNN_21330 TVP38/TMEM64 family protein,Unmatched,0,0,0
HENFNN_21335 cytochrome P450,Unmatched,0,0,0
HENFNN_21340 protein-methionine-sulfoxide reductase catalytic subunit MsrP,Unmatched,0,0,0
HENFNN_21345 DUF29 domain-containing protein,Unmatched,0,0,0
HENFNN_21350 DUF29 domain-containing protein,Unmatched,0,0,0
HENFNN_21355 DUF29 domain-containing protein,Unmatched,0,0,0
HENFNN_21360 hypothetical protein,Unmatched,0,0,0
HENFNN_21365 DUF433 domain-containing protein,Unmatched,0,0,0
HENFNN_21370 SGNH/GDSL hydrolase family protein,Unmatched,0,0,0
HENFNN_21375 hypothetical protein,Unmatched,0,0,0
HENFNN_21380 Similarity,Unmatched,0,0,0
HENFNN_21385 ACP S-malonyltransferase,Unmatched,0,0,0
HENFNN_21390 hypothetical protein,Unmatched,0,0,0
HENFNN_21395 Similar to tr|Q7NFK4|Q7NFK4,Unmatched,0,0,0
HENFNN_21400 peptide-methionine (R)-S-oxide reductase,Unmatched,0,0,0
HENFNN_21405 photosystem I reaction center subunit XII,Unmatched,0,0,0
HENFNN_21410 allophycocyanin subunit beta,Unmatched,0,0,0
HENFNN_21415 Allophycocyanin alpha chain,Unmatched,0,0,0
HENFNN_21420 Holliday junction branch migration protein RuvA,Unmatched,0,0,0
HENFNN_21425 site-2 protease family protein,Unmatched,0,0,0
HENFNN_21430 polyamine ABC transporter substrate-binding protein,Unmatched,0,0,0
HENFNN_21435 peptidase S51,Unmatched,0,0,0
HENFNN_21440 Chromophore lyase CpcT/CpeT 2,Unmatched,0,0,0
HENFNN_21445 hypothetical protein,Unmatched,0,0,0
HENFNN_21450 hypothetical protein,Unmatched,0,0,0
HENFNN_21455 sodium:solute symporter,Unmatched,0,0,0
HENFNN_21460 ATPase,Unmatched,0,0,0
HENFNN_21465 hypothetical protein,Unmatched,0,0,0
HENFNN_21470 hypothetical protein,Unmatched,0,0,0
HENFNN_21475 hypothetical protein,Unmatched,0,0,0
HENFNN_21480 cyanase,Unmatched,0,0,0
HENFNN_21485 LysR family transcriptional regulator,Unmatched,0,0,0
HENFNN_21490 hypothetical protein,Unmatched,0,0,0
HENFNN_21495 Uma2 domain-containing protein,Unmatched,0,0,0
HENFNN_21500 hypothetical protein,Unmatched,0,0,0
HENFNN_21505 sodium:proton antiporter,Unmatched,0,0,0
HENFNN_21510 Membrane-associated protein slr1513,Unmatched,0,0,0
HENFNN_21515 sodium-dependent bicarbonate transport family permease,Unmatched,0,0,0
HENFNN_21520 Truncated BicA,Unmatched,0,0,0
HENFNN_21525 LysR family transcriptional regulator,Unmatched,0,0,0
HENFNN_21530 hypothetical protein,Unmatched,0,0,0
HENFNN_21535 CP12 domain-containing protein,Unmatched,0,0,0
HENFNN_21540 hypothetical protein,Unmatched,0,0,0
HENFNN_21545 hypothetical protein,Unmatched,0,0,0
HENFNN_21550 hypothetical protein,Unmatched,0,0,0
HENFNN_21555 steroid 5-alpha reductase,Unmatched,0,0,0
HENFNN_21560 IS607 family transposase,Unmatched,0,0,0
HENFNN_21565 cytochrome D ubiquinol oxidase subunit II,Unmatched,0,0,0
HENFNN_21570 hypothetical protein,Unmatched,0,0,0
HENFNN_21575 tRNA preQ1(34) S-adenosylmethionine ribosyltransferase-isomerase QueA,Unmatched,0,0,0
HENFNN_21580 glycosyl transferase,Unmatched,0,0,0
HENFNN_21585 glycine cleavage system aminomethyltransferase GcvT,ctg34_19_Bartoloside-T1PKS_18_0,96.39,100,1107
HENFNN_21590 beta-ketoacyl synthase,Unmatched,0,0,0
HENFNN_21595 short-chain dehydrogenase,Unmatched,0,0,0
HENFNN_21600 hypothetical protein,Unmatched,0,0,0
HENFNN_21605 tryptophan halogenase,Unmatched,0,0,0
HENFNN_21610 tryptophan halogenase,Unmatched,0,0,0
HENFNN_21615 tryptophan halogenase,Unmatched,0,0,0
HENFNN_21620 hypothetical protein,Unmatched,0,0,0
HENFNN_21625 alpha/beta hydrolase,Unmatched,0,0,0
HENFNN_21630 hypothetical protein,Unmatched,0,0,0
HENFNN_21635 oxidoreductase,Unmatched,0,0,0
HENFNN_21640 hypothetical protein,Unmatched,0,0,0
HENFNN_21645 hypothetical protein,Unmatched,0,0,0
HENFNN_21650 SDR family oxidoreductase,Unmatched,0,0,0
HENFNN_21655 haloalkane dehalogenase,Unmatched,0,0,0
HENFNN_21660 hypothetical protein,Unmatched,0,0,0
HENFNN_21665 type I-D CRISPR-associated protein Cas10d/Csc3,Unmatched,0,0,0
HENFNN_21670 type I-D CRISPR-associated protein Cas7/Csc2,Unmatched,0,0,0
HENFNN_21675 type I-D CRISPR-associated protein Cas5/Csc1,Unmatched,0,0,0
"HENFNN_21680 putative DNA-binding transcriptional regulator YobV, contains HTH and WYL domains",Unmatched,0,0,0
HENFNN_21685 Asr1558 protein,Unmatched,0,0,0
HENFNN_21690 CRISPR-associated protein Csc3,Unmatched,0,0,0
HENFNN_21695 type I-D CRISPR-associated protein Cas7/Csc2,Unmatched,0,0,0
HENFNN_21700 type I-D CRISPR-associated protein Cas5/Csc1,Unmatched,0,0,0
HENFNN_21705 Type I-D CRISPR-associated helicase Cas3,Unmatched,0,0,0
HENFNN_21710 Uma2 family endonuclease,Unmatched,0,0,0
HENFNN_21715 ATPase,Unmatched,0,0,0
HENFNN_21720 nucleotidyltransferase,Unmatched,0,0,0
HENFNN_21725 DUF86 domain-containing protein,Unmatched,0,0,0
HENFNN_21730 hypothetical protein,Unmatched,0,0,0
HENFNN_21735 hypothetical protein,Unmatched,0,0,0
HENFNN_21740 hypothetical protein,Unmatched,0,0,0
HENFNN_21745 type II toxin-antitoxin system ParD family antitoxin,Unmatched,0,0,0
HENFNN_21750 hypothetical protein,Unmatched,0,0,0
HENFNN_21755 Restriction endonuclease,ctg13_4_Cyanobactin_64_0,93.75,75.29,255
HENFNN_21760 Uma2 domain-containing protein,Unmatched,0,0,0
HENFNN_21765 imidazole glycerol phosphate synthase subunit HisH,ctg13_7_Cyanobactin_64_0,98.28,100,639
HENFNN_21770 ABC transporter ATP-binding protein,ctg13_8_Cyanobactin_64_0,99.07,100,753
HENFNN_21775 branched-chain amino acid ABC transporter permease,ctg13_9_Cyanobactin_64_0,98.66,100,1116
HENFNN_21780 hypothetical protein,Unmatched,0,0,0
HENFNN_21785 DNA-binding response regulator,ctg13_10_Cyanobactin_64_0,98.63,100,657
HENFNN_21790 protein tyrosine phosphatase,ctg13_11_Cyanobactin_64_0,99.61,100,519
HENFNN_21795 hypothetical protein,ctg13_12_Cyanobactin_64_0,98.98,100,294
HENFNN_21800 DUF2834 domain-containing protein,ctg13_13_Cyanobactin_64_0,97.97,100,639
HENFNN_21805 hypothetical protein,Unmatched,0,0,0
HENFNN_21810 hypothetical protein,Unmatched,0,0,0
HENFNN_21815 hypothetical protein,Unmatched,0,0,0
HENFNN_21820 Arginine decarboxylase,Unmatched,0,0,0
HENFNN_21825 serine/threonine protein kinase,Unmatched,0,0,0
HENFNN_21830 hypothetical protein,ctg5_28_RRE-containing_23_0,96.33,100,354
HENFNN_21835 CTP synthase,ctg5_27_RRE-containing_23_0,97.44,100,1641
HENFNN_21840 ferredoxin,ctg5_26_RRE-containing_23_0,98.43,100,318
HENFNN_21845 hypothetical protein,Unmatched,0,0,0
HENFNN_21850 peptide deformylase,Unmatched,0,0,0
HENFNN_21855 serine/threonine protein kinase,Unmatched,0,0,0
HENFNN_21860 farnesyl-diphosphate synthase,Unmatched,0,0,0
HENFNN_21865 acid phosphatase,Unmatched,0,0,0
HENFNN_21870 hypothetical protein,Unmatched,0,0,0
HENFNN_21875 4-hydroxy-tetrahydrodipicolinate reductase,Unmatched,0,0,0
HENFNN_21880 signal peptidase,Unmatched,0,0,0
HENFNN_21885 hypothetical protein,Unmatched,0,0,0
HENFNN_21890 DNA polymerase subunit beta,Unmatched,0,0,0
HENFNN_21895 hypothetical protein,Unmatched,0,0,0
HENFNN_21900 glycerol-3-phosphate 1-O-acyltransferase PlsY,Unmatched,0,0,0
HENFNN_21905 3-oxoacyl-ACP reductase FabG,Unmatched,0,0,0
HENFNN_21910 phycocyanin subunit beta,Unmatched,0,0,0
HENFNN_21915 phycocyanin subunit alpha,Unmatched,0,0,0
HENFNN_21920 photosystem I reaction center subunit XII,Unmatched,0,0,0
"HENFNN_21925 bifunctional 3,4-dihydroxy-2-butanone-4-phosphate synthase/GTP cyclohydrolase II",Unmatched,0,0,0
HENFNN_21930 Putative restriction endonuclease,Unmatched,0,0,0
HENFNN_21935 D-alanine--D-alanine ligase,Unmatched,0,0,0
HENFNN_21940 hypothetical protein,Unmatched,0,0,0
HENFNN_21945 VWFA domain-containing protein,Unmatched,0,0,0
HENFNN_21950 hypothetical protein,Unmatched,0,0,0
HENFNN_21955 hypothetical protein,Unmatched,0,0,0
HENFNN_21960 hypothetical protein,Unmatched,0,0,0
HENFNN_21965 hypothetical protein,Unmatched,0,0,0
HENFNN_21970 hypothetical protein,Unmatched,0,0,0
HENFNN_21975 Large extracellular alpha-helical protein,Unmatched,0,0,0
HENFNN_21980 CHAT domain-containing protein,Unmatched,0,0,0
HENFNN_21985 Adenylate cyclase,Unmatched,0,0,0
HENFNN_21990 DUF4833 domain-containing protein,Unmatched,0,0,0
HENFNN_21995 SGNH/GDSL hydrolase family protein,Unmatched,0,0,0
HENFNN_22000 hypothetical protein,Unmatched,0,0,0
HENFNN_22005 hypothetical protein,Unmatched,0,0,0
HENFNN_22010 hypothetical protein,Unmatched,0,0,0
HENFNN_22015 hypothetical protein,Unmatched,0,0,0
HENFNN_22020 AbrB family transcriptional regulator,Unmatched,0,0,0
HENFNN_22025 hypothetical protein,Unmatched,0,0,0
HENFNN_22030 AAA-31 domain-containing protein,Unmatched,0,0,0
HENFNN_22035 DUF262 domain-containing protein,ctg39_11_Cyanobactin_50_0,95.34,100,1116
HENFNN_22040 endoribonuclease,ctg39_12_Cyanobactin_50_0,95.64,100.2,504
HENFNN_22045 reactive intermediate/imine deaminase,ctg39_13_Cyanobactin_50_0,99.23,100,390
HENFNN_22050 DNA-directed RNA polymerase subunit gamma,ctg39_14_Cyanobactin_50_0,98.19,100,1881
HENFNN_22055 NB-ARC domain protein,Unmatched,0,0,0
HENFNN_22060 radical SAM protein,Unmatched,0,0,0
HENFNN_22065 DUF1460 domain-containing protein,Unmatched,0,0,0
HENFNN_22070 hybrid sensor histidine kinase/response regulator,Unmatched,0,0,0
HENFNN_22075 response regulator,Unmatched,0,0,0
HENFNN_22080 cyanobacterial phytochrome A,Unmatched,0,0,0
HENFNN_22085 peptidase M3,Unmatched,0,0,0
HENFNN_22090 dolichol-P-glucose synthetase,Unmatched,0,0,0
HENFNN_22095 hypothetical protein,Unmatched,0,0,0
HENFNN_22100 hypothetical protein,Unmatched,0,0,0
HENFNN_22105 hypothetical protein,Unmatched,0,0,0
HENFNN_22110 sodium-dependent bicarbonate transport family permease,Unmatched,0,0,0
HENFNN_22115 transcriptional regulator,Unmatched,0,0,0
HENFNN_22120 DUF3172 domain-containing protein,Unmatched,0,0,0
HENFNN_22125 transporter,Unmatched,0,0,0
HENFNN_22130 glycosyl transferase group 1,Unmatched,0,0,0
HENFNN_22135 ABC transporter ATP-binding protein,Unmatched,0,0,0
HENFNN_22140 Endo/exonuclease/phosphatase domain-containing protein,Unmatched,0,0,0
HENFNN_22145 HigA family addiction module antitoxin,Unmatched,0,0,0
HENFNN_22150 folate/biopterin family MFS transporter,Unmatched,0,0,0
"HENFNN_22155 type II toxin-antitoxin system mRNA interferase toxin, RelE/StbE family",Unmatched,0,0,0
HENFNN_22160 hypothetical protein,Unmatched,0,0,0
HENFNN_22165 YcfA family protein,Unmatched,0,0,0
HENFNN_22170 HicB-like domain-containing protein,Unmatched,0,0,0
HENFNN_22175 hypothetical protein,Unmatched,0,0,0
HENFNN_22180 hypothetical protein,Unmatched,0,0,0
HENFNN_22185 prevent-host-death family protein,Unmatched,0,0,0
HENFNN_22190 Txe/YoeB family addiction module toxin,Unmatched,0,0,0
HENFNN_22195 PEP-CTERM sorting domain-containing protein,Unmatched,0,0,0
HENFNN_22200 glutamine synthetase type III,Unmatched,0,0,0
"HENFNN_22205 Apocarotenoid-15,15'-oxygenase",Unmatched,0,0,0
HENFNN_22210 DUF1092 domain-containing protein,Unmatched,0,0,0
HENFNN_22215 glycosyltransferase,Unmatched,0,0,0
HENFNN_22220 Membrane protein,Unmatched,0,0,0
HENFNN_22225 DUF2499 domain-containing protein,Unmatched,0,0,0
HENFNN_22230 glutathione synthase,Unmatched,0,0,0
HENFNN_22235 glutaredoxin 3,Unmatched,0,0,0
HENFNN_22240 hypothetical protein,Unmatched,0,0,0
HENFNN_22245 YGGT family,Unmatched,0,0,0
"HENFNN_22250 7,8-didemethyl-8-hydroxy-5-deazariboflavin synthase subunit CofH",Unmatched,0,0,0
HENFNN_22255 photosystem II biogenesis protein Psp29,Unmatched,0,0,0
HENFNN_22260 SsrA-binding protein SmpB,Unmatched,0,0,0
HENFNN_22265 DUF2808 domain-containing protein,Unmatched,0,0,0
HENFNN_22270 stress-induced bacterial acidophilic repeat motif family protein,Unmatched,0,0,0
HENFNN_22275 molecular chaperone DnaJ,Unmatched,0,0,0
HENFNN_22280 transposase,Unmatched,0,0,0
HENFNN_22285 pyruvate dehydrogenase (acetyl-transferring) E1 component subunit alpha,ctg2_26_samp_4305_693378_NRPS,74.95,96.04,1035
HENFNN_22290 hypothetical protein,Unmatched,0,0,0
HENFNN_22295 glycosyltransferase,Unmatched,0,0,0
HENFNN_22300 PMT-2 domain-containing protein,Unmatched,0,0,0
HENFNN_22305 hypothetical protein,Unmatched,0,0,0
HENFNN_22310 hypothetical protein,Unmatched,0,0,0
HENFNN_22315 leucyl/phenylalanyl-tRNA--protein transferase,Unmatched,0,0,0
HENFNN_22320 3-isopropylmalate dehydratase large subunit,Unmatched,0,0,0
HENFNN_22325 glycosyl transferase family 4,Unmatched,0,0,0
HENFNN_22330 (p)ppGpp synthetase,Unmatched,0,0,0
HENFNN_22335 heterocyst frequency control protein PatD,Unmatched,0,0,0
HENFNN_22340 nickel import ATP-binding protein NikD,Unmatched,0,0,0
HENFNN_22345 hypothetical protein,Unmatched,0,0,0
HENFNN_22350 glycosyl transferase,Unmatched,0,0,0
HENFNN_22355 hypothetical protein,Unmatched,0,0,0
HENFNN_22360 peptidase M48,Unmatched,0,0,0
HENFNN_22365 DUF6761 domain-containing protein,Unmatched,0,0,0
HENFNN_22370 D-alanyl-D-alanine carboxypeptidase/D-alanyl-D-alanine-endopeptidase,Unmatched,0,0,0
HENFNN_22375 multidrug ABC transporter ATP-binding protein,Unmatched,0,0,0
HENFNN_22380 histidine kinase,Unmatched,0,0,0
HENFNN_22385 N6-N4-Mtase domain-containing protein,Unmatched,0,0,0
HENFNN_22390 Photosystem II manganese-stabilizing polypeptide,Unmatched,0,0,0
HENFNN_22395 hypothetical protein,Unmatched,0,0,0
HENFNN_22400 phosphoglucosamine mutase,Unmatched,0,0,0
HENFNN_22405 glycolate oxidase,Unmatched,0,0,0
HENFNN_22410 FAD-binding oxidoreductase,Unmatched,0,0,0
HENFNN_22415 aspartate aminotransferase,Unmatched,0,0,0
HENFNN_22420 DNA repair protein RadC,Unmatched,0,0,0
HENFNN_22425 DUF4164 domain-containing protein,Unmatched,0,0,0
HENFNN_22430 Phosphoribosylformylglycinamidine cyclo-ligase,Unmatched,0,0,0
HENFNN_22435 hypothetical protein,Unmatched,0,0,0
HENFNN_22440 PEP-CTERM sorting domain-containing protein,Unmatched,0,0,0
HENFNN_22445 hypothetical protein,Unmatched,0,0,0
HENFNN_22450 hypothetical protein,Unmatched,0,0,0
HENFNN_22455 hypothetical protein,Unmatched,0,0,0
HENFNN_22460 sulfonate ABC transporter permease,Unmatched,0,0,0
HENFNN_22465 serine/threonine protein kinase,Unmatched,0,0,0
HENFNN_22470 DUF1698 domain-containing protein,Unmatched,0,0,0
HENFNN_22475 hypothetical protein,Unmatched,0,0,0
HENFNN_22480 Mobile element protein,Unmatched,0,0,0
HENFNN_22485 ISAzo13 family ISMae28 transposase,Unmatched,0,0,0
HENFNN_22490 recombination mediator RecR,Unmatched,0,0,0
HENFNN_22495 hypothetical protein,Unmatched,0,0,0
HENFNN_22500 biosynthetic arginine decarboxylase,Unmatched,0,0,0
HENFNN_22505 RNB domain-containing ribonuclease,Unmatched,0,0,0
HENFNN_22510 PEP-CTERM domain-containing protein,Unmatched,0,0,0
HENFNN_22515 Uncharacterised protein family (UPF0175),Unmatched,0,0,0
HENFNN_22520 DUF3368 domain-containing protein,Unmatched,0,0,0
HENFNN_22525 hypothetical protein,Unmatched,0,0,0
HENFNN_22530 hypothetical protein,Unmatched,0,0,0
HENFNN_22535 general secretion pathway protein GspE,Unmatched,0,0,0
HENFNN_22540 DUF3082 domain-containing protein,Unmatched,0,0,0
HENFNN_22545 glucokinase,Unmatched,0,0,0
HENFNN_22550 Carboxysome shell protein CcmP,Unmatched,0,0,0
HENFNN_22555 hypothetical protein,Unmatched,0,0,0
HENFNN_22560 FAD-dependent oxidoreductase,Unmatched,0,0,0
HENFNN_22565 6S / SsrS RNA,Unmatched,0,0,0
HENFNN_22570 XisH,Unmatched,0,0,0
HENFNN_22575 XisI protein,Unmatched,0,0,0
HENFNN_22580 PEP-CTERM domain-containing protein,Unmatched,0,0,0
HENFNN_22585 hypothetical protein,Unmatched,0,0,0
HENFNN_22590 hypothetical protein,Unmatched,0,0,0
HENFNN_22595 peptidase M16,Unmatched,0,0,0
HENFNN_22600 Fructosamine kinase,Unmatched,0,0,0
HENFNN_22605 Uma2 family endonuclease,Unmatched,0,0,0
HENFNN_22610 undecaprenyldiphospho-muramoylpentapeptide beta-N-acetylglucosaminyltransferase,Unmatched,0,0,0
HENFNN_22615 hypothetical protein,Unmatched,0,0,0
HENFNN_22620 transglutaminase,Unmatched,0,0,0
HENFNN_22625 Uma2 domain-containing protein,Unmatched,0,0,0
HENFNN_22630 DNA repair protein RecN,Unmatched,0,0,0
HENFNN_22635 DNA-binding response regulator,Unmatched,0,0,0
HENFNN_22640 DUF2157 domain-containing protein,Unmatched,0,0,0
HENFNN_22645 DUF29 domain-containing protein,Unmatched,0,0,0
HENFNN_22650 transcriptional repressor,Unmatched,0,0,0
HENFNN_22655 DUF3685 domain-containing protein,Unmatched,0,0,0
HENFNN_22660 lysine--tRNA ligase,Unmatched,0,0,0
HENFNN_22665 TIGR04376 family protein,Unmatched,0,0,0
HENFNN_22670 DUF4351 domain-containing protein,Unmatched,0,0,0
HENFNN_22675 PIN domain nuclease,Unmatched,0,0,0
HENFNN_22680 DUF2281 domain-containing protein,Unmatched,0,0,0
HENFNN_22685 IS630 family transposase,Unmatched,0,0,0
HENFNN_22690 hypothetical protein,ctg36_10_NRPS-like_34_0,98.53,80.95,168
HENFNN_22695 hypothetical protein,Unmatched,0,0,0
HENFNN_22700 DUF29 domain-containing protein,ctg36_9_NRPS-like_34_0,96.5,97.03,471
HENFNN_22705 ferredoxin-NADP reductase,Unmatched,0,0,0
HENFNN_22710 Cofac-haem-bdg domain-containing protein,Unmatched,0,0,0
"HENFNN_22715 3'(2'),5'-bisphosphate nucleotidase CysQ",ctg27_41_T1PKS-Terpene_11_0,96.12,100,876
HENFNN_22720 GTPase,ctg27_40_T1PKS-Terpene_11_0,96.87,98.88,1872
HENFNN_22725 hypothetical protein,Unmatched,0,0,0
HENFNN_22730 hypothetical protein,Unmatched,0,0,0
HENFNN_22735 hypothetical protein,ctg27_39_T1PKS-Terpene_11_0,98.43,82.68,231
HENFNN_22740 hypothetical protein,ctg27_38_T1PKS-Terpene_11_0,95.89,71.57,204
HENFNN_22745 hydrolase,ctg27_35_T1PKS-Terpene_11_0,96.68,97.23,867
HENFNN_22750 phosphoadenosine phosphosulfate reductase,ctg27_34_T1PKS-Terpene_11_0,97.93,100,822
HENFNN_22755 hypothetical protein,ctg27_33_T1PKS-Terpene_11_0,97.2,100,465
HENFNN_22760 ABC transporter permease,ctg27_32_T1PKS-Terpene_11_0,98.21,100,780
HENFNN_22765 Transposase,Unmatched,0,0,0
HENFNN_22770 Ketoacyl-synthetase C-terminal extension,ctg27_17_T1PKS-Terpene_11_0,93.19,99.16,237
HENFNN_22775 pirin family protein,ctg27_13_T1PKS-Terpene_11_0,92.64,100,693
HENFNN_22780 Circadian oscillating protein COP23,Unmatched,0,0,0
HENFNN_22785 GUN4 domain-containing protein,Unmatched,0,0,0
HENFNN_22790 Phosphotransferase enzyme family,Unmatched,0,0,0
HENFNN_22795 FHA domain-containing protein,Unmatched,0,0,0
HENFNN_22800 hypothetical protein,Unmatched,0,0,0
HENFNN_22805 SEFIR domain-containing protein,Unmatched,0,0,0
HENFNN_22810 Similarity,ctg27_12_T1PKS-Terpene_11_0,95.88,100,243
HENFNN_22815 hypothetical protein,ctg27_11_T1PKS-Terpene_11_0,94.1,100,339
HENFNN_22820 phytoene synthase,ctg27_10_T1PKS-Terpene_11_0,97.96,100,933
HENFNN_22825 15-cis-phytoene desaturase,ctg27_9_T1PKS-Terpene_11_0,98.67,100,1431
HENFNN_22830 magnesium-transporting ATPase,ctg27_8_T1PKS-Terpene_11_0,97.41,100,2781
HENFNN_22835 SLC13 family permease,ctg27_7_T1PKS-Terpene_11_0,95.89,100,1800
HENFNN_22840 Tetratricopeptide TPR_1 repeat-containing protein,ctg27_6_T1PKS-Terpene_11_0,97.02,100,537
HENFNN_22845 ABC transporter substrate-binding protein,ctg27_5_T1PKS-Terpene_11_0,97.45,100,783
HENFNN_22850 diguanylate cyclase response regulator,ctg27_4_T1PKS-Terpene_11_0,92.82,99.68,936
HENFNN_22855 DEAD/DEAH box helicase,ctg27_3_T1PKS-Terpene_11_0,97.81,100,2928
HENFNN_22860 lipoprotein NlpI,ctg27_2_T1PKS-Terpene_11_0,96.43,99.9,954
HENFNN_22865 DUF6464 domain-containing protein,Unmatched,0,0,0
HENFNN_22870 RDD family,Unmatched,0,0,0
HENFNN_22875 hypothetical protein,Unmatched,0,0,0
HENFNN_22880 tRNA-Arg(cct),Unmatched,0,0,0
HENFNN_22885 hypothetical protein,Unmatched,0,0,0
HENFNN_22890 mannose-1-phosphate guanylyltransferase,Unmatched,0,0,0
HENFNN_22895 FAD dependent oxidoreductase,Unmatched,0,0,0
HENFNN_22900 peptidase M28,Unmatched,0,0,0
"HENFNN_22905 putative toxin-antitoxin system toxin component, PIN family",Unmatched,0,0,0
HENFNN_22910 hypothetical protein,Unmatched,0,0,0
HENFNN_22915 HTH cro/C1-type domain-containing protein,Unmatched,0,0,0
HENFNN_22920 chromosome partitioning protein ParB,Unmatched,0,0,0
HENFNN_22925 SWIM zinc finger domain-containing protein,Unmatched,0,0,0
HENFNN_22930 fused N-dimethylarginine dimethylaminohydrolase/saccharopine dehydrogenase domain-containing protein,Unmatched,0,0,0
HENFNN_22935 DNA (cytosine-5-)-methyltransferase,Unmatched,0,0,0
HENFNN_22940 HaeII family restriction endonuclease,Unmatched,0,0,0
HENFNN_22945 Protein kinase,Unmatched,0,0,0
HENFNN_22950 EAL domain-containing protein,Unmatched,0,0,0
HENFNN_22955 type II toxin-antitoxin system RelE/ParE family toxin,Unmatched,0,0,0
HENFNN_22960 hypothetical protein,Unmatched,0,0,0
HENFNN_22965 HicB-like domain-containing protein,Unmatched,0,0,0
HENFNN_22970 Peptidase A2 domain-containing protein,Unmatched,0,0,0
HENFNN_22975 PINc domain-containing protein,Unmatched,0,0,0
HENFNN_22980 hypothetical protein,Unmatched,0,0,0
HENFNN_22985 hypothetical protein,Unmatched,0,0,0
HENFNN_22990 DUF5615 domain-containing protein,Unmatched,0,0,0
HENFNN_22995 DUF4258 domain-containing protein,Unmatched,0,0,0
HENFNN_23000 DUF2283 domain-containing protein,Unmatched,0,0,0
HENFNN_23005 hypothetical protein,Unmatched,0,0,0
HENFNN_23010 EAL domain-containing protein,Unmatched,0,0,0
HENFNN_23015 hypothetical protein,Unmatched,0,0,0
HENFNN_23020 DUF4926 domain-containing protein,Unmatched,0,0,0
HENFNN_23025 hypothetical protein,Unmatched,0,0,0
HENFNN_23030 Mrr-cat domain-containing protein,Unmatched,0,0,0
HENFNN_23035 IS982 family transposase,Unmatched,0,0,0
HENFNN_23040 IS630 family transposase,Unmatched,0,0,0
HENFNN_23045 hypothetical protein,Unmatched,0,0,0
HENFNN_23050 hypothetical protein,Unmatched,0,0,0
HENFNN_23055 hypothetical protein,Unmatched,0,0,0
HENFNN_23060 mannosyltransferase,Unmatched,0,0,0
HENFNN_23065 hypothetical protein,Unmatched,0,0,0
HENFNN_23070 Mobile element protein,Unmatched,0,0,0
HENFNN_23075 Uncharacterized PIN and TRAM-domain containing protein slr1972,Unmatched,0,0,0
HENFNN_23080 Thylakoid-associated protein,Unmatched,0,0,0
HENFNN_23085 FADH(2)-oxidizing methylenetetrahydrofolate--tRNA-(uracil(54)-C(5))-methyltransferase TrmFO,Unmatched,0,0,0
HENFNN_23090 2TM domain-containing protein,Unmatched,0,0,0
HENFNN_23095 Secreted effector protein PipB2,Unmatched,0,0,0
HENFNN_23100 DNA mismatch repair protein MutS,Unmatched,0,0,0
HENFNN_23105 allophycocyanin subunit beta,Unmatched,0,0,0
HENFNN_23110 Glutamate 5-kinase,Unmatched,0,0,0
HENFNN_23115 single-stranded-DNA-specific exonuclease RecJ,Unmatched,0,0,0
HENFNN_23120 LppP/LprE lipoprotein,Unmatched,0,0,0
HENFNN_23125 hypothetical protein,Unmatched,0,0,0
HENFNN_23130 hybrid sensor histidine kinase/response regulator,Unmatched,0,0,0
"HENFNN_23135 beta-propeller domain-containing protein, methanol dehydrogenase",Unmatched,0,0,0
HENFNN_23140 hypothetical protein,Unmatched,0,0,0
HENFNN_23145 Transposase,AAF00967.1_uma4_MicrocystisaeruginosaPCC7806_microcystinLR,98.65,100,297
HENFNN_23150 type II toxin-antitoxin system HicB family antitoxin,Unmatched,0,0,0
"HENFNN_23155 addiction module toxin, HicA family",Unmatched,0,0,0
HENFNN_23160 RNA-guided endonuclease TnpB family protein,Unmatched,0,0,0
"HENFNN_23165 Glycosyl transferase family, a/b domain-containing protein",Unmatched,0,0,0
HENFNN_23170 transposase,Unmatched,0,0,0
HENFNN_23175 hypothetical protein,Unmatched,0,0,0
HENFNN_23180 DUF5615 domain-containing protein,Unmatched,0,0,0
HENFNN_23185 hypothetical protein,Unmatched,0,0,0
HENFNN_23190 nuclease,Unmatched,0,0,0
HENFNN_23195 transposase,Unmatched,0,0,0
HENFNN_23200 type II toxin-antitoxin system prevent-host-death family antitoxin,Unmatched,0,0,0
HENFNN_23205 nucleic acid-binding protein,Unmatched,0,0,0
HENFNN_23210 hypothetical protein,Unmatched,0,0,0
HENFNN_23215 hypothetical protein,Unmatched,0,0,0
HENFNN_23220 Restriction endonuclease,Unmatched,0,0,0
HENFNN_23225 XRE family transcriptional regulator,Unmatched,0,0,0
HENFNN_23230 Uncharacterized NAD(P)/FAD-binding protein YdhS,Unmatched,0,0,0
HENFNN_23235 transporter,Unmatched,0,0,0
HENFNN_23240 Crp/Fnr family transcriptional regulator,Unmatched,0,0,0
HENFNN_23245 Chromosome partition protein Smc,Unmatched,0,0,0
HENFNN_23250 MgtC family,Unmatched,0,0,0
HENFNN_23255 Cystathionine gamma-lyase,Unmatched,0,0,0
HENFNN_23260 cysteine synthase A,Unmatched,0,0,0
HENFNN_23265 hypothetical protein,Unmatched,0,0,0
HENFNN_23270 phycocyanin subunit beta,Unmatched,0,0,0
HENFNN_23275 phycocyanin subunit alpha,Unmatched,0,0,0
HENFNN_23280 Type IV pilin PilA,Unmatched,0,0,0
HENFNN_23285 sulfurtransferase,Unmatched,0,0,0
HENFNN_23290 PA-phosphatase,Unmatched,0,0,0
HENFNN_23295 hypothetical protein,Unmatched,0,0,0
HENFNN_23300 sulfate ABC transporter substrate-binding protein,Unmatched,0,0,0
HENFNN_23305 hypothetical protein,Unmatched,0,0,0
HENFNN_23310 hypothetical protein,Unmatched,0,0,0
HENFNN_23315 type II toxin-antitoxin system RelE/ParE family toxin,Unmatched,0,0,0
HENFNN_23320 clan AA aspartic protease,Unmatched,0,0,0
HENFNN_23325 hypothetical protein,Unmatched,0,0,0
HENFNN_23330 transposase,Unmatched,0,0,0
HENFNN_23335 hypothetical protein,Unmatched,0,0,0
HENFNN_23340 Recombination-promoting DNA endonuclease RpnC/YadD,Unmatched,0,0,0
HENFNN_23345 hypothetical protein,Unmatched,0,0,0
HENFNN_23350 Uma2 family endonuclease,Unmatched,0,0,0
HENFNN_23355 Isoleucine--tRNA ligase,Unmatched,0,0,0
HENFNN_23360 nucleic acid-binding protein,Unmatched,0,0,0
HENFNN_23365 Methylase-S domain-containing protein,Unmatched,0,0,0
HENFNN_23370 restriction endonuclease subunit M,Unmatched,0,0,0
HENFNN_23375 hypothetical protein,Unmatched,0,0,0
HENFNN_23380 IscS subfamily cysteine desulfurase,Unmatched,0,0,0
HENFNN_23385 NADH-quinone oxidoreductase subunit M,Unmatched,0,0,0
HENFNN_23390 transposase,Unmatched,0,0,0
"HENFNN_23395 cobyrinate a,c-diamide synthase",Unmatched,0,0,0
HENFNN_23400 hypothetical protein,Unmatched,0,0,0
"HENFNN_23405 Carbohydrate-selective porin, OprB family",Unmatched,0,0,0
HENFNN_23410 type IV pili twitching motility protein PilT,Unmatched,0,0,0
HENFNN_23415 circadian clock protein KaiB,Unmatched,0,0,0
HENFNN_23420 hypothetical protein,Unmatched,0,0,0
HENFNN_23425 carboxypeptidase,Unmatched,0,0,0
HENFNN_23430 aspartyl protease,Unmatched,0,0,0
HENFNN_23435 Uncharacterized protein slr1819,Unmatched,0,0,0
HENFNN_23440 hypothetical protein,Unmatched,0,0,0
HENFNN_23445 glutathione S-transferase,Unmatched,0,0,0
HENFNN_23450 DNA-binding response regulator,Unmatched,0,0,0
HENFNN_23455 hypothetical protein,Unmatched,0,0,0
"HENFNN_23460 Pseudouridine synthase RluA, 23S rRNA- or tRNA-specific",Unmatched,0,0,0
HENFNN_23465 ABC transporter ATP-binding protein,Unmatched,0,0,0
HENFNN_23470 NAD(P)H-quinone oxidoreductase chain 4 2,Unmatched,0,0,0
HENFNN_23475 Photosystem reaction center subunit H,Unmatched,0,0,0
HENFNN_23480 branched-chain alpha-keto acid dehydrogenase subunit E2,Unmatched,0,0,0
HENFNN_23485 hypothetical protein,Unmatched,0,0,0
HENFNN_23490 DUF561 domain-containing protein,Unmatched,0,0,0
HENFNN_23495 hypothetical protein,Unmatched,0,0,0
HENFNN_23500 bifunctional UDP-N-acetylglucosamine diphosphorylase/glucosamine-1-phosphate N-acetyltransferase GlmU,Unmatched,0,0,0
HENFNN_23505 DUF3370 domain-containing protein,Unmatched,0,0,0
HENFNN_23510 hypothetical protein,Unmatched,0,0,0
HENFNN_23515 thioredoxin family protein,Unmatched,0,0,0
HENFNN_23520 carbohydrate kinase,Unmatched,0,0,0
HENFNN_23525 tocopherol cyclase,Unmatched,0,0,0
HENFNN_23530 hypothetical protein,Unmatched,0,0,0
HENFNN_23535 potassium-transporting ATPase subunit KdpA,Unmatched,0,0,0
HENFNN_23540 hypothetical protein,Unmatched,0,0,0
HENFNN_23545 TIR domain-containing protein,Unmatched,0,0,0
HENFNN_23550 hypothetical protein,Unmatched,0,0,0
HENFNN_23555 hypothetical protein,Unmatched,0,0,0
HENFNN_23560 lipase,Unmatched,0,0,0
HENFNN_23565 DUF4164 domain-containing protein,Unmatched,0,0,0
HENFNN_23570 site-2 protease family protein,Unmatched,0,0,0
HENFNN_23575 N-acetylmuramic acid 6-phosphate etherase,Unmatched,0,0,0
HENFNN_23580 50S ribosomal protein L21,Unmatched,0,0,0
HENFNN_23585 50S ribosomal protein L27,Unmatched,0,0,0
HENFNN_23590 phytanoyl-CoA dioxygenase,Unmatched,0,0,0
HENFNN_23595 DUF86 domain-containing protein,Unmatched,0,0,0
HENFNN_23600 nucleotidyltransferase,Unmatched,0,0,0
HENFNN_23605 acetyl-CoA carboxylase carboxyl transferase subunit alpha,Unmatched,0,0,0
HENFNN_23610 spermidine synthase,Unmatched,0,0,0
HENFNN_23615 single-stranded-DNA-specific exonuclease RecJ,Unmatched,0,0,0
HENFNN_23620 molybdopterin synthase sulfur carrier subunit,Unmatched,0,0,0
HENFNN_23625 ATP-binding cassette family protein,Unmatched,0,0,0
HENFNN_23630 PIN domain nuclease,Unmatched,0,0,0
HENFNN_23635 hypothetical protein,Unmatched,0,0,0
HENFNN_23640 rhodanese-related sulfurtransferase,ctg20_3_samp_2073_1151163_NRPS,97.05,100,339
HENFNN_23645 heat-inducible transcriptional repressor HrcA,Unmatched,0,0,0
HENFNN_23650 hypothetical protein,Unmatched,0,0,0
"HENFNN_23655 CRISPR-associated protein Csa3, CARF domain",Unmatched,0,0,0
HENFNN_23660 Site-specific DNA-methyltransferase (adenine-specific),Unmatched,0,0,0
HENFNN_23665 hypothetical protein,Unmatched,0,0,0
HENFNN_23670 hypothetical protein,Unmatched,0,0,0
HENFNN_23675 PpiC domain-containing protein,Unmatched,0,0,0
HENFNN_23680 type I secretion system permease/ATPase,Unmatched,0,0,0
HENFNN_23685 hemolysin secretion protein D,Unmatched,0,0,0
HENFNN_23690 1-(5-phosphoribosyl)-5-[(5-phosphoribosylamino)methylideneamino]imidazole-4-carboxamide isomerase,Unmatched,0,0,0
HENFNN_23695 FGE-sulfatase domain-containing protein,Unmatched,0,0,0
HENFNN_23700 AAA domain-containing protein,Unmatched,0,0,0
HENFNN_23705 VMAP-C domain-containing protein,Unmatched,0,0,0
HENFNN_23710 EAD2 domain-containing protein,Unmatched,0,0,0
HENFNN_23715 hypothetical protein,Unmatched,0,0,0
HENFNN_23720 bifunctional hydroxymethylpyrimidine kinase/phosphomethylpyrimidine kinase,Unmatched,0,0,0
HENFNN_23725 cell division protein FtsZ,Unmatched,0,0,0
HENFNN_23730 cell division protein,Unmatched,0,0,0
HENFNN_23735 peptidase S41,Unmatched,0,0,0
HENFNN_23740 hypothetical protein,Unmatched,0,0,0
HENFNN_23745 sulfur carrier protein ThiS,Unmatched,0,0,0
HENFNN_23750 chromosome segregation protein SMC,Unmatched,0,0,0
HENFNN_23755 YCII domain-containing protein,Unmatched,0,0,0
HENFNN_23760 glycosyltransferase,Unmatched,0,0,0
HENFNN_23765 GtrA domain-containing protein,Unmatched,0,0,0
HENFNN_23770 hypothetical protein,Unmatched,0,0,0
HENFNN_23775 Addiction module antitoxin,Unmatched,0,0,0
HENFNN_23780 hypothetical protein,Unmatched,0,0,0
HENFNN_23785 SDR family NAD(P)-dependent oxidoreductase,Unmatched,0,0,0
HENFNN_23790 GtrA domain-containing protein,Unmatched,0,0,0
HENFNN_23795 Acetolactate synthase large subunit,Unmatched,0,0,0
HENFNN_23800 Methyltransferase FkbM,Unmatched,0,0,0
HENFNN_23805 Methyltransferase FkbM,Unmatched,0,0,0
HENFNN_23810 Methyltransf-11 domain-containing protein,Unmatched,0,0,0
HENFNN_23815 Phosphoglycolate phosphatase,Unmatched,0,0,0
HENFNN_23820 N-acetylneuraminate synthase,Unmatched,0,0,0
HENFNN_23825 hypothetical protein,Unmatched,0,0,0
HENFNN_23830 hypothetical protein,Unmatched,0,0,0
HENFNN_23835 methyltransferase type 11,Unmatched,0,0,0
HENFNN_23840 epimerase,Unmatched,0,0,0
HENFNN_23845 Uma2 domain-containing protein,Unmatched,0,0,0
HENFNN_23850 nif11-class peptide radical SAM maturase 3,Unmatched,0,0,0
HENFNN_23855 hypothetical protein,Unmatched,0,0,0
HENFNN_23860 Nif11 domain-containing protein,Unmatched,0,0,0
HENFNN_23865 hypothetical protein,Unmatched,0,0,0
HENFNN_23870 RRXRR domain-containing protein,Unmatched,0,0,0
HENFNN_23875 hypothetical protein,Unmatched,0,0,0
HENFNN_23880 hypothetical protein,Unmatched,0,0,0
HENFNN_23885 hypothetical protein,Unmatched,0,0,0
HENFNN_23890 antitoxin,Unmatched,0,0,0
HENFNN_23895 hypothetical protein,Unmatched,0,0,0
HENFNN_23900 hypothetical protein,Unmatched,0,0,0
HENFNN_23905 DUF1349 domain-containing protein,Unmatched,0,0,0
HENFNN_23910 PIN domain nuclease,Unmatched,0,0,0
HENFNN_23915 hypothetical protein,Unmatched,0,0,0
HENFNN_23920 hypothetical protein,Unmatched,0,0,0
HENFNN_23925 hypothetical protein,Unmatched,0,0,0
HENFNN_23930 aldolase,Unmatched,0,0,0
HENFNN_23935 hypothetical protein,Unmatched,0,0,0
HENFNN_23940 argininosuccinate lyase,Unmatched,0,0,0
HENFNN_23945 hypothetical protein,Unmatched,0,0,0
HENFNN_23950 DNA helicase UvrD,Unmatched,0,0,0
HENFNN_23955 tRNA lysidine(34) synthetase TilS,Unmatched,0,0,0
HENFNN_23960 oxygen-dependent coproporphyrinogen oxidase,Unmatched,0,0,0
HENFNN_23965 Ion transporter,Unmatched,0,0,0
HENFNN_23970 NAD(+) kinase,Unmatched,0,0,0
HENFNN_23975 3-beta hydroxysteroid dehydrogenase,Unmatched,0,0,0
HENFNN_23980 LD-carboxypeptidase,Unmatched,0,0,0
HENFNN_23985 hypothetical protein,Unmatched,0,0,0
HENFNN_23990 hypothetical protein,Unmatched,0,0,0
HENFNN_23995 hypothetical protein,Unmatched,0,0,0
HENFNN_24000 hypothetical protein,Unmatched,0,0,0
HENFNN_24005 cupin domain-containing protein,Unmatched,0,0,0
HENFNN_24010 dihydropteroate synthase,Unmatched,0,0,0
HENFNN_24015 hypothetical protein,Unmatched,0,0,0
HENFNN_24020 hypothetical protein,Unmatched,0,0,0
HENFNN_24025 pantetheine-phosphate adenylyltransferase,Unmatched,0,0,0
HENFNN_24030 NTP-transf-9 domain-containing protein,Unmatched,0,0,0
HENFNN_24035 thioredoxin,Unmatched,0,0,0
HENFNN_24040 type I methionyl aminopeptidase,Unmatched,0,0,0
HENFNN_24045 universal stress protein,Unmatched,0,0,0
HENFNN_24050 DUF2811 domain-containing protein,Unmatched,0,0,0
HENFNN_24055 aminoacyl-tRNA hydrolase,Unmatched,0,0,0
"HENFNN_24060 Glycosyl hydrolase, BNR repeat-containing protein",Unmatched,0,0,0
HENFNN_24065 class II fumarate hydratase,Unmatched,0,0,0
HENFNN_24070 YGGT family,Unmatched,0,0,0
HENFNN_24075 glutamate--cysteine ligase,ctg30_9_Novel-T3PKS_28_0,97.23,100,1155
HENFNN_24080 resolvase,ctg30_8_Novel-T3PKS_28_0,94.4,100,393
HENFNN_24085 alpha/beta hydrolase,Unmatched,0,0,0
HENFNN_24090 (E)-4-hydroxy-3-methylbut-2-enyl-diphosphate synthase,Unmatched,0,0,0
HENFNN_24095 histidinol-phosphate transaminase,Unmatched,0,0,0
HENFNN_24100 Winged helix-turn-helix domain-containing protein,Unmatched,0,0,0
HENFNN_24105 tRNA pseudouridine(55) synthase TruB,Unmatched,0,0,0
HENFNN_24110 tRNA (adenosine(37)-N6)-threonylcarbamoyltransferase complex transferase subunit TsaD,Unmatched,0,0,0
HENFNN_24115 5-oxoprolinase,Unmatched,0,0,0
HENFNN_24120 hypothetical protein,Unmatched,0,0,0
HENFNN_24125 DNA-binding response regulator,Unmatched,0,0,0
HENFNN_24130 Mobile element protein,Unmatched,0,0,0
HENFNN_24135 dihydroorotase,Unmatched,0,0,0
HENFNN_24140 glutamate dehydrogenase,Unmatched,0,0,0
HENFNN_24145 putative high light inducible protein,Unmatched,0,0,0
HENFNN_24150 B12-binding domain-containing radical SAM protein,Unmatched,0,0,0
HENFNN_24155 Bacterial archaeo-eukaryotic release factor family 3,Unmatched,0,0,0
HENFNN_24160 Molybdopterin synthase catalytic subunit,Unmatched,0,0,0
HENFNN_24165 DUF3252 domain-containing protein,Unmatched,0,0,0
HENFNN_24170 HAS-barrel domain-containing protein,Unmatched,0,0,0
HENFNN_24175 Peptidase A2 domain-containing protein,Unmatched,0,0,0
HENFNN_24180 hypothetical protein,Unmatched,0,0,0
HENFNN_24185 Mobile element protein,BAW32336.1_ORFM2_MicrocystisaeruginosaNIES-87_kasumigamide,95.15,100,330
HENFNN_24190 type II toxin-antitoxin system PrlF family antitoxin,Unmatched,0,0,0
HENFNN_24195 toxin,Unmatched,0,0,0
HENFNN_24200 hypothetical protein,Unmatched,0,0,0
HENFNN_24205 ATP-binding protein,Unmatched,0,0,0
HENFNN_24210 PEP-CTERM sorting domain-containing protein,Unmatched,0,0,0
HENFNN_24215 hypothetical protein,Unmatched,0,0,0
HENFNN_24220 peroxiredoxin,Unmatched,0,0,0
HENFNN_24225 Melibiase,Unmatched,0,0,0
HENFNN_24230 glycosyl transferase,Unmatched,0,0,0
HENFNN_24235 carotenoid biosynthesis protein,ctg30_17_Novel-T3PKS_28_0,97.05,100,915
HENFNN_24240 hypothetical protein,Unmatched,0,0,0
HENFNN_24245 serine/threonine protein kinase,Unmatched,0,0,0
HENFNN_24250 hypothetical protein,ctg36_10_NRPS-like_34_0,99.01,96.7,2517
HENFNN_24255 ferredoxin,Unmatched,0,0,0
HENFNN_24260 inositol monophosphatase,Unmatched,0,0,0
HENFNN_24265 molecular chaperone DnaJ,Unmatched,0,0,0
HENFNN_24270 YbjN domain-containing protein,Unmatched,0,0,0
HENFNN_24275 biotin--protein ligase,Unmatched,0,0,0
HENFNN_24280 transposase,Unmatched,0,0,0
HENFNN_24285 acyl-CoA dehydrogenase,Unmatched,0,0,0
HENFNN_24290 tRNA-Gly(ccc),Unmatched,0,0,0
HENFNN_24295 hypothetical protein,Unmatched,0,0,0
HENFNN_24300 tRNA (guanosine(37)-N1)-methyltransferase TrmD,Unmatched,0,0,0
HENFNN_24305 cyanophycinase,Unmatched,0,0,0
HENFNN_24310 RRXRR domain-containing protein,Unmatched,0,0,0
HENFNN_24315 dienelactone hydrolase,Unmatched,0,0,0
HENFNN_24320 DUF2854 domain-containing protein,Unmatched,0,0,0
HENFNN_24325 sulfite exporter TauE/SafE family protein,Unmatched,0,0,0
HENFNN_24330 hypothetical protein,Unmatched,0,0,0
HENFNN_24335 DUF3120 domain-containing protein,Unmatched,0,0,0
HENFNN_24340 adenylate/guanylate cyclase domain-containing protein,Unmatched,0,0,0
HENFNN_24345 30S ribosomal protein S1,Unmatched,0,0,0
HENFNN_24350 transcriptional regulator NrdR,Unmatched,0,0,0
HENFNN_24355 photosystem II reaction center protein T,Unmatched,0,0,0
HENFNN_24360 50S ribosomal protein L7/L12,Unmatched,0,0,0
HENFNN_24365 50S ribosomal protein L10,Unmatched,0,0,0
HENFNN_24370 ribose-phosphate pyrophosphokinase,Unmatched,0,0,0
HENFNN_24375 translational GTPase TypA,Unmatched,0,0,0
HENFNN_24380 DUF1997 domain-containing protein,Unmatched,0,0,0
HENFNN_24385 epimerase,Unmatched,0,0,0
HENFNN_24390 Putative restriction endonuclease,Unmatched,0,0,0
HENFNN_24395 phosphate acetyltransferase,Unmatched,0,0,0
HENFNN_24400 hypothetical protein,Unmatched,0,0,0
HENFNN_24405 N-acetylmuramoyl-L-alanine amidase,Unmatched,0,0,0
HENFNN_24410 hypothetical protein,Unmatched,0,0,0
HENFNN_24415 hypothetical protein,Unmatched,0,0,0
HENFNN_24420 type I-D CRISPR-associated helicase Cas3',Unmatched,0,0,0
HENFNN_24425 WYL domain-containing protein,Unmatched,0,0,0
HENFNN_24430 serine protease,Unmatched,0,0,0
HENFNN_24435 hypothetical protein,Unmatched,0,0,0
HENFNN_24440 J domain-containing protein,Unmatched,0,0,0
HENFNN_24445 AI-2E family transporter,Unmatched,0,0,0
HENFNN_24450 amino acid ABC transporter substrate-binding protein,Unmatched,0,0,0
HENFNN_24455 DUF2079 domain-containing protein,Unmatched,0,0,0
HENFNN_24460 tRNA (adenosine(37)-N6)-dimethylallyltransferase MiaA,Unmatched,0,0,0
HENFNN_24465 ATP-dependent zinc metalloprotease FtsH3,Unmatched,0,0,0
HENFNN_24470 Photosystem I assembly protein Ycf3,Unmatched,0,0,0
HENFNN_24475 DUF565 domain-containing protein,Unmatched,0,0,0
HENFNN_24480 DUF3611 domain-containing protein,Unmatched,0,0,0
HENFNN_24485 molecular chaperone DnaJ,Unmatched,0,0,0
HENFNN_24490 PD-(D/E)XK nuclease family protein,Unmatched,0,0,0
HENFNN_24495 DUF4347 domain-containing protein,Unmatched,0,0,0
HENFNN_24500 hypothetical protein,Unmatched,0,0,0
HENFNN_24505 hypothetical protein,Unmatched,0,0,0
HENFNN_24510 hypothetical protein,Unmatched,0,0,0
HENFNN_24515 hypothetical protein,Unmatched,0,0,0
HENFNN_24520 Serine protease,Unmatched,0,0,0
HENFNN_24525 Serine protease,Unmatched,0,0,0
HENFNN_24530 Circadian oscillating protein COP23,Unmatched,0,0,0
HENFNN_24535 isocitrate dehydrogenase,Unmatched,0,0,0
HENFNN_24540 NifU-like domain-containing protein,Unmatched,0,0,0
HENFNN_24545 DUF3386 domain-containing protein,Unmatched,0,0,0
HENFNN_24550 serine/threonine-protein kinase pkn1,Unmatched,0,0,0
HENFNN_24555 flagellar assembly protein H,Unmatched,0,0,0
HENFNN_24560 Uncharacterised protein family (UPF0175),Unmatched,0,0,0
"HENFNN_24565 putative nucleic acid-binding protein, contains PIN domain",Unmatched,0,0,0
HENFNN_24570 hypothetical protein,Unmatched,0,0,0
HENFNN_24575 hypothetical protein,Unmatched,0,0,0
HENFNN_24580 hypothetical protein,Unmatched,0,0,0
HENFNN_24585 Phenylacetate--CoA ligase,Unmatched,0,0,0
HENFNN_24590 hypothetical protein,Unmatched,0,0,0
HENFNN_24595 hypothetical protein,Unmatched,0,0,0
HENFNN_24600 asparagine--tRNA ligase,Unmatched,0,0,0
HENFNN_24605 Putative restriction endonuclease,Unmatched,0,0,0
HENFNN_24610 glycosyl transferase family 1,Unmatched,0,0,0
HENFNN_24615 chorismate synthase,Unmatched,0,0,0
HENFNN_24620 Neutral metalloproteinase,Unmatched,0,0,0
HENFNN_24625 hypothetical protein,Unmatched,0,0,0
HENFNN_24630 hypothetical protein,Unmatched,0,0,0
HENFNN_24635 hypothetical protein,Unmatched,0,0,0
HENFNN_24640 hydroxyacylglutathione hydrolase,Unmatched,0,0,0
HENFNN_24645 polysaccharide deacetylase,Unmatched,0,0,0
HENFNN_24650 NAD-dependent dehydratase,Unmatched,0,0,0
HENFNN_24655 LTXXQ motif family protein,Unmatched,0,0,0
HENFNN_24660 hypothetical protein,Unmatched,0,0,0
HENFNN_24665 RNA polymerase subunit sigma,Unmatched,0,0,0
HENFNN_24670 hormogonium polysaccharide biosynthesis glycosyltransferase HpsO,Unmatched,0,0,0
HENFNN_24675 hormogonium polysaccharide biosynthesis glycosyltransferase HpsN,Unmatched,0,0,0
HENFNN_24680 hormogonium polysaccharide biosynthesis protein HpsL,Unmatched,0,0,0
HENFNN_24685 Lipid-A-disaccharide synthase,Unmatched,0,0,0
HENFNN_24690 precorrin methylase,Unmatched,0,0,0
HENFNN_24695 Prokaryotic-like s of the JAB domain-containing protein,Unmatched,0,0,0
HENFNN_24700 2-succinyl-5-enolpyruvyl-6-hydroxy-3-cyclohexene-1-carboxylic-acid synthase,Unmatched,0,0,0
HENFNN_24705 cysteine--tRNA ligase,ctg82_3_T3PKS-Merocyclophane_5_0,98.34,100,1443
HENFNN_24710 glycine/betaine ABC transporter substrate-binding protein,ctg82_4_T3PKS-Merocyclophane_5_0,98.17,100,1530
HENFNN_24715 metal-binding protein,ctg82_5_T3PKS-Merocyclophane_5_0,97.41,100,1005
HENFNN_24720 bifunctional orotidine-5'-phosphate decarboxylase/orotate phosphoribosyltransferase,ctg82_6_T3PKS-Merocyclophane_5_0,99.16,100,1434
HENFNN_24725 hypothetical protein,ctg82_7_T3PKS-Merocyclophane_5_0,96.14,100,285
HENFNN_24730 23S rRNA (guanosine(2251)-2'-O)-methyltransferase RlmB,ctg82_8_T3PKS-Merocyclophane_5_0,98.39,100,867
HENFNN_24735 Mini-ribonuclease 3,ctg82_9_T3PKS-Merocyclophane_5_0,99.76,100,417
HENFNN_24740 anti-sigma F factor antagonist,ctg82_10_T3PKS-Merocyclophane_5_0,100,100,351
HENFNN_24745 carbamoyl phosphate synthase small subunit,ctg82_11_T3PKS-Merocyclophane_5_0,99.13,100,1149
HENFNN_24750 transposase,ctg82_12_T3PKS-Merocyclophane_5_0,99.21,100,888
HENFNN_24755 glycosyl transferase,Unmatched,0,0,0
HENFNN_24760 hypothetical protein,Unmatched,0,0,0
HENFNN_24765 XRE family transcriptional regulator,Unmatched,0,0,0
HENFNN_24770 hypothetical protein,Unmatched,0,0,0
HENFNN_24775 hypothetical protein,Unmatched,0,0,0
HENFNN_24780 hypothetical protein,Unmatched,0,0,0
HENFNN_24785 nucleic acid-binding protein,Unmatched,0,0,0
HENFNN_24790 hypothetical protein,Unmatched,0,0,0
HENFNN_24795 nucleic acid-binding protein,Unmatched,0,0,0
HENFNN_24800 hypothetical protein,Unmatched,0,0,0
HENFNN_24805 hypothetical protein,ctg82_28_T3PKS-Merocyclophane_5_0,99.24,100,528
HENFNN_24810 Secreted effector protein PipB2,ctg82_27_T3PKS-Merocyclophane_5_0,97.31,100,780
HENFNN_24815 acriflavine resistance protein B,ctg82_26_T3PKS-Merocyclophane_5_0,98.97,100,3099
HENFNN_24820 efflux RND transporter periplasmic adaptor subunit,ctg82_25_T3PKS-Merocyclophane_5_0,99.19,100,1356
HENFNN_24825 MFS transporter,ctg82_24_T3PKS-Merocyclophane_5_0,97.77,100,1302
HENFNN_24830 FAD-linked oxidase,ctg82_23_T3PKS-Merocyclophane_5_0,99.26,100,1632
HENFNN_24835 isoprenylcysteine carboxyl methyltransferase,ctg82_22_T3PKS-Merocyclophane_5_0,99.34,100,606
HENFNN_24840 3-oxoacyl-ACP synthase,ctg82_21_T3PKS-Merocyclophane_5_0,98.81,100,1176
HENFNN_24845 flavin-binding monooxygenase-like family protein,ctg82_20_T3PKS-Merocyclophane_5_0,98.11,100,1320
HENFNN_24850 type I polyketide synthase,ctg82_19_T3PKS-Merocyclophane_5_0,98.99,100,3963
HENFNN_24855 short chain dehydrogenase,ctg82_18_T3PKS-Merocyclophane_5_0,99.08,100,5442
HENFNN_24860 AMP-binding enzyme family protein,ctg82_17_T3PKS-Merocyclophane_5_0,99.03,100,3795
HENFNN_24865 nitroreductase family protein,ctg82_16_T3PKS-Merocyclophane_5_0,98.79,100,660
HENFNN_24870 bleomycin resistance protein,ctg82_15_T3PKS-Merocyclophane_5_0,98.71,100,930
HENFNN_24875 AAA-like domain-containing protein,ctg82_14_T3PKS-Merocyclophane_5_0,99.17,100,1443
HENFNN_24880 receptor ligand binding region family protein,ctg82_13_T3PKS-Merocyclophane_5_0,98.49,99.45,2733
HENFNN_24885 adenosine kinase,Unmatched,0,0,0
HENFNN_24890 DUF2555 domain-containing protein,Unmatched,0,0,0
HENFNN_24895 oxidoreductase,Unmatched,0,0,0
HENFNN_24900 DNA phosphorothioation-associated protein 4,Unmatched,0,0,0
HENFNN_24905 4-amino-4-deoxy-L-arabinose transferase,Unmatched,0,0,0
HENFNN_24910 Conserved protein,Unmatched,0,0,0
"HENFNN_24915 L,D-transpeptidase",Unmatched,0,0,0
HENFNN_24920 ABC transporter ATP-binding protein,Unmatched,0,0,0
HENFNN_24925 ABC transporter permease,Unmatched,0,0,0
HENFNN_24930 ATP-binding protein,Unmatched,0,0,0
HENFNN_24935 hypothetical protein,Unmatched,0,0,0
HENFNN_24940 DUF3370 domain-containing protein,Unmatched,0,0,0
HENFNN_24945 YlqD protein,Unmatched,0,0,0
HENFNN_24950 long-chain fatty acid--CoA ligase,Unmatched,0,0,0
HENFNN_24955 Putative restriction endonuclease,Unmatched,0,0,0
HENFNN_24960 Putative restriction endonuclease,Unmatched,0,0,0
HENFNN_24965 OmpA family,Unmatched,0,0,0
HENFNN_24970 Chromosome partition protein Smc,Unmatched,0,0,0
HENFNN_24975 Tubulin like,Unmatched,0,0,0
HENFNN_24980 VWA domain-containing protein,Unmatched,0,0,0
HENFNN_24985 GntR family transcriptional regulator,Unmatched,0,0,0
HENFNN_24990 1-acyl-sn-glycerol-3-phosphate acyltransferase,Unmatched,0,0,0
HENFNN_24995 peptide chain release factor 3,Unmatched,0,0,0
HENFNN_25000 putative methyltransferase regulatory domain-containing protein,Unmatched,0,0,0
HENFNN_25005 hypothetical protein,Unmatched,0,0,0
HENFNN_25010 50S ribosomal protein L25/general stress protein Ctc,Unmatched,0,0,0
HENFNN_25015 adenylosuccinate synthase,Unmatched,0,0,0
HENFNN_25020 hypothetical protein,Unmatched,0,0,0
HENFNN_25025 permease,Unmatched,0,0,0
HENFNN_25030 dipeptide epimerase,Unmatched,0,0,0
HENFNN_25035 DUF1611 domain-containing protein,Unmatched,0,0,0
HENFNN_25040 hypothetical protein,Unmatched,0,0,0
HENFNN_25045 DUF4351 domain-containing protein,Unmatched,0,0,0
HENFNN_25050 hypothetical protein,Unmatched,0,0,0
HENFNN_25055 hypothetical protein,Unmatched,0,0,0
HENFNN_25060 hypothetical protein,Unmatched,0,0,0
HENFNN_25065 hypothetical protein,Unmatched,0,0,0
HENFNN_25070 PEP-CTERM domain-containing protein,Unmatched,0,0,0
HENFNN_25075 tRNA-Arg(ccg),Unmatched,0,0,0
HENFNN_25080 5'/3'-nucleotidase SurE,Unmatched,0,0,0
HENFNN_25085 DUF3727 domain-containing protein,Unmatched,0,0,0
HENFNN_25090 hypothetical protein,Unmatched,0,0,0
HENFNN_25095 hypothetical protein,Unmatched,0,0,0
HENFNN_25100 hypothetical protein,Unmatched,0,0,0
HENFNN_25105 DUF4160 domain-containing protein,Unmatched,0,0,0
HENFNN_25110 DUF2442 domain-containing protein,Unmatched,0,0,0
HENFNN_25115 hypothetical protein,Unmatched,0,0,0
HENFNN_25120 DUF4351 domain-containing protein,Unmatched,0,0,0
HENFNN_25125 primosomal protein N',Unmatched,0,0,0
"HENFNN_25130 RNA polymerase sigma factor, RpoD/SigA family",Unmatched,0,0,0
HENFNN_25135 Transcriptional regulator,Unmatched,0,0,0
HENFNN_25140 hypothetical protein,Unmatched,0,0,0
HENFNN_25145 aminotransferase,Unmatched,0,0,0
"HENFNN_25150 Helix-turn-helix, Fis-type",Unmatched,0,0,0
HENFNN_25155 photosystem I assembly protein Ycf4,Unmatched,0,0,0
HENFNN_25160 peptidylprolyl isomerase,Unmatched,0,0,0
HENFNN_25165 beta-ketoacyl-ACP synthase,Unmatched,0,0,0
HENFNN_25170 DNA primase,Unmatched,0,0,0
HENFNN_25175 lipid-A-disaccharide synthase,Unmatched,0,0,0
HENFNN_25180 mannose-1-phosphate guanyltransferase,Unmatched,0,0,0
HENFNN_25185 Transposase,Unmatched,0,0,0
HENFNN_25190 UPF0367 protein MAE_19160,Unmatched,0,0,0
HENFNN_25195 LuxR family transcriptional regulator,Unmatched,0,0,0
HENFNN_25200 RNA-binding protein,Unmatched,0,0,0
HENFNN_25205 DNA/RNA nuclease SfsA,Unmatched,0,0,0
HENFNN_25210 IS1634 family transposase,Unmatched,0,0,0
HENFNN_25215 Similar to tr|Q8YRU7|Q8YRU7,Unmatched,0,0,0
HENFNN_25220 hypothetical protein,Unmatched,0,0,0
HENFNN_25225 DUF2389 domain-containing protein,Unmatched,0,0,0
HENFNN_25230 DUF4335 domain-containing protein,Unmatched,0,0,0
HENFNN_25235 DUF3038 domain-containing protein,Unmatched,0,0,0
HENFNN_25240 Glycosyltransferase,Unmatched,0,0,0
HENFNN_25245 Uma2 domain-containing protein,Unmatched,0,0,0
HENFNN_25250 DUF1815 domain-containing protein,Unmatched,0,0,0
HENFNN_25255 precorrin-3B C(17)-methyltransferase,Unmatched,0,0,0
HENFNN_25260 Uma2 domain-containing protein,Unmatched,0,0,0
HENFNN_25265 hypothetical protein,Unmatched,0,0,0
HENFNN_25270 DUF29 domain-containing protein,Unmatched,0,0,0
HENFNN_25275 helix-turn-helix domain-containing protein,Unmatched,0,0,0
HENFNN_25280 hemolysin,Unmatched,0,0,0
HENFNN_25285 hypothetical protein,Unmatched,0,0,0
HENFNN_25290 hypothetical protein,Unmatched,0,0,0
HENFNN_25295 DUF5615 domain-containing protein,Unmatched,0,0,0
HENFNN_25300 hypothetical protein,Unmatched,0,0,0
HENFNN_25305 hypothetical protein,Unmatched,0,0,0
HENFNN_25310 hypothetical protein,Unmatched,0,0,0
HENFNN_25315 hypothetical protein,Unmatched,0,0,0
HENFNN_25320 alpha-amylase,Unmatched,0,0,0
HENFNN_25325 hypothetical protein,Unmatched,0,0,0
HENFNN_25330 hypothetical protein,Unmatched,0,0,0
HENFNN_25335 hypothetical protein,Unmatched,0,0,0
HENFNN_25340 hypothetical protein,Unmatched,0,0,0
HENFNN_25345 Calcium-binding protein,Unmatched,0,0,0
HENFNN_25350 CDP-diacylglycerol--glycerol-3-phosphate 3-phosphatidyltransferase,Unmatched,0,0,0
HENFNN_25355 acyl-CoA desaturase,Unmatched,0,0,0
HENFNN_25360 helix-turn-helix domain containing protein,Unmatched,0,0,0
HENFNN_25365 hypothetical protein,Unmatched,0,0,0
HENFNN_25370 branched-chain amino acid ABC transporter substrate-binding protein,Unmatched,0,0,0
HENFNN_25375 PspA/IM30 family,Unmatched,0,0,0
HENFNN_25380 ABC transporter substrate-binding protein,Unmatched,0,0,0
HENFNN_25385 DNA-binding response regulator,Unmatched,0,0,0
HENFNN_25390 DNA topoisomerase (ATP-hydrolyzing) subunit B,Unmatched,0,0,0
HENFNN_25395 Similarity,Unmatched,0,0,0
HENFNN_25400 cysteine lyase,ctg36_7_NRPS-like_34_0,96.05,100,1215
HENFNN_25405 recombinase B,ctg36_6_NRPS-like_34_0,97.07,100,1434
HENFNN_25410 hypothetical protein,Unmatched,0,0,0
HENFNN_25415 hypothetical protein,ctg36_5_NRPS-like_34_0,96.59,100,381
HENFNN_25420 methylthioribulose 1-phosphate dehydratase,ctg36_4_NRPS-like_34_0,97.09,100,618
HENFNN_25425 tRNA-Cys(gca),Unmatched,0,0,0
HENFNN_25430 hypothetical protein,ctg36_3_NRPS-like_34_0,94.32,100,387
HENFNN_25435 restriction endonuclease,Unmatched,0,0,0
HENFNN_25440 hypothetical protein,Unmatched,0,0,0
HENFNN_25445 phycobiliprotein lyase,Unmatched,0,0,0
HENFNN_25450 phycobilisome rod-core linker polypeptide CpcG,Unmatched,0,0,0
HENFNN_25455 tRNA 2-thiouridine(34) synthase MnmA,Unmatched,0,0,0
HENFNN_25460 hypothetical protein,Unmatched,0,0,0
HENFNN_25465 DUF900 domain-containing protein,Unmatched,0,0,0
HENFNN_25470 alpha/beta hydrolase,Unmatched,0,0,0
HENFNN_25475 proline--tRNA ligase,Unmatched,0,0,0
HENFNN_25480 DNA-adenine methylase,Unmatched,0,0,0