Query_Name,Reference_Name,Identity_Score,Query_Coverage,Query_Length
IDJNMB_01105 Tnp-DNA-bind domain-containing protein,ctg115_1_Cyanobactin_90_0,93.24,90.94,309
IDJNMB_01430 DUF4351 domain-containing protein,ctg34_26_Bartoloside-T1PKS_18_0,92.32,99.56,915
IDJNMB_01435 Similar to tr|Q8YMI8|Q8YMI8,ctg34_26_Bartoloside-T1PKS_18_0,94.87,87.97,399
IDJNMB_01445 hypothetical protein,ctg34_24_Bartoloside-T1PKS_18_0,99.22,100,387
IDJNMB_01450 PEP-CTERM sorting domain-containing protein,ctg34_23_Bartoloside-T1PKS_18_0,86.6,89.18,795
IDJNMB_01465 ATP-dependent sacrificial sulfur transferase LarE,ctg34_20_Bartoloside-T1PKS_18_0,97.78,100,810
IDJNMB_01850 adenylyl-sulfate kinase,AAF00966.1_uma3_MicrocystisaeruginosaPCC7806_microcystinLR,97.12,100,1527
IDJNMB_01855 Putative restriction endonuclease,AAF00965.1_uma2_MicrocystisaeruginosaPCC7806_microcystinLR,93.46,100.35,564
IDJNMB_01860 FAD-dependent oxidoreductase,AAF00964.1_uma1_MicrocystisaeruginosaPCC7806_microcystinLR,97.56,100,2052
IDJNMB_02010 glycine cleavage system aminomethyltransferase GcvT,ctg34_19_Bartoloside-T1PKS_18_0,96.75,100,1107
IDJNMB_02015 NFACT N-terminal and middle domains,ctg34_5_Bartoloside-T1PKS_18_0,95.84,100,1731
IDJNMB_02020 hypothetical protein,ctg34_2_Bartoloside-T1PKS_18_0,95.42,100,240
IDJNMB_02420 reactive intermediate/imine deaminase,ctg39_13_Cyanobactin_50_0,98.97,100,390
IDJNMB_02425 DNA-directed RNA polymerase subunit gamma,ctg39_14_Cyanobactin_50_0,98.88,100,1881
IDJNMB_02700 hypothetical protein,ctg27_33_T1PKS-Terpene_11_0,93.76,100,465
IDJNMB_02705 ABC transporter permease,ctg27_32_T1PKS-Terpene_11_0,97.56,100,780
IDJNMB_03105 imidazole glycerol phosphate synthase subunit HisH,ctg13_7_Cyanobactin_64_0,97.5,100,639
IDJNMB_03110 ABC transporter ATP-binding protein,ctg13_8_Cyanobactin_64_0,96.55,100,753
IDJNMB_03115 branched-chain amino acid ABC transporter permease,ctg13_9_Cyanobactin_64_0,97.85,100,1116
IDJNMB_03120 DNA-binding response regulator,ctg13_10_Cyanobactin_64_0,97.56,100,657
IDJNMB_03125 protein tyrosine phosphatase,ctg13_11_Cyanobactin_64_0,97.69,100,519
IDJNMB_03130 hypothetical protein,ctg13_12_Cyanobactin_64_0,97.62,100,294
IDJNMB_03135 DUF2834 domain-containing protein,ctg13_13_Cyanobactin_64_0,97.03,100,639
IDJNMB_03305 adenylate cyclase,ctg5_21_RRE-containing_23_0,97.35,100,2298
IDJNMB_03315 YcaO domain-containing protein,ctg5_21_RRE-containing_23_0,95.31,100,192
IDJNMB_03970 BarH protein,ctg5_2_RRE-containing_23_0,90.51,90.24,1086
IDJNMB_03975 hypothetical protein,ctg5_3_RRE-containing_23_0,98.99,72.53,273
IDJNMB_03980 CopG family transcriptional regulator,ctg5_4_RRE-containing_23_0,100,100,255
IDJNMB_03985 hypothetical protein,ctg5_5_RRE-containing_23_0,98.83,79.17,216
IDJNMB_03995 hypothetical protein,ctg5_6_RRE-containing_23_0,100,100,408
IDJNMB_04000 hypothetical protein,ctg5_7_RRE-containing_23_0,100,100,411
IDJNMB_04005 Inclusion body protein,ctg5_8_RRE-containing_23_0,99.8,100,498
IDJNMB_04010 hypothetical protein,ctg5_12_RRE-containing_23_0,99.63,100,273
IDJNMB_04015 CopG family transcriptional regulator,ctg5_13_RRE-containing_23_0,99.66,100,291
IDJNMB_04020 GNAT family N-acetyltransferase,ctg5_14_RRE-containing_23_0,99.8,100,495
IDJNMB_04955 transglutaminase,ctg82_2_T3PKS-Merocyclophane_5_0,96.84,100,2313
IDJNMB_05160 glycogen debranching protein,ctg28_3_RiPP-like_84_0,96.19,100,210
IDJNMB_05165 Dolichyl-phosphate-mannose-protein mannosyltransferase,ctg28_2_RiPP-like_84_0,96.07,100,1680
IDJNMB_05485 glutathione peroxidase,ctg83_3_lanthipeptide_21_0,98.91,100,732
IDJNMB_05490 undecaprenyl-diphosphate phosphatase,ctg83_4_lanthipeptide_21_0,100,100,948
IDJNMB_05495 Putative alpha/beta hydrolase,ctg83_18_lanthipeptide_21_0,95.99,100,399
IDJNMB_05500 LPS biosynthesis choline kinase,ctg83_6_lanthipeptide_21_0,100,100,1170
IDJNMB_05505 hypothetical protein,ctg83_7_lanthipeptide_21_0,99.46,100,1104
IDJNMB_05510 hypothetical protein,ctg83_9_lanthipeptide_21_0,100,100,291
IDJNMB_05515 hypothetical protein,ctg83_10_lanthipeptide_21_0,100,100,363
IDJNMB_05520 hypothetical protein,ctg83_11_lanthipeptide_21_0,100,100,159
IDJNMB_05525 peptidylprolyl isomerase,ctg83_12_lanthipeptide_21_0,99.73,100,747
IDJNMB_05530 hemolysin D,ctg83_13_lanthipeptide_21_0,99.59,100,1695
IDJNMB_05535 peptidase C39,ctg83_14_lanthipeptide_21_0,99.82,100,2715
IDJNMB_05540 HTH-33 domain-containing protein,ctg83_15_lanthipeptide_21_0,100,100,579
IDJNMB_05545 PpiC domain-containing protein,ctg83_17_lanthipeptide_21_0,100,100,225
IDJNMB_05550 alpha/beta hydrolase,ctg83_18_lanthipeptide_21_0,97.23,88.46,858
IDJNMB_05560 ATP-dependent protease ATP-binding subunit ClpX,ctg83_19_lanthipeptide_21_0,98.95,100,1335
IDJNMB_05565 ATP-dependent Clp endopeptidase proteolytic subunit ClpP,ctg83_20_lanthipeptide_21_0,99.67,85.9,702
IDJNMB_05570 trigger factor,ctg83_21_lanthipeptide_21_0,99.93,100,1395
IDJNMB_05575 aspartate-semialdehyde dehydrogenase,ctg83_22_lanthipeptide_21_0,98.94,100,1038
IDJNMB_05580 4-hydroxy-tetrahydrodipicolinate synthase,ctg83_23_lanthipeptide_21_0,98.99,100,891
IDJNMB_05585 ribonuclease J,ctg83_24_lanthipeptide_21_0,99.43,100,1749
IDJNMB_05590 nickel pincer cofactor biosynthesis protein LarB,ctg83_25_lanthipeptide_21_0,100,100,771
IDJNMB_05595 1-deoxy-D-xylulose-5-phosphate synthase,ctg83_26_lanthipeptide_21_0,99.93,76.77,1911
IDJNMB_05910 tRNA uridine-5-carboxymethylaminomethyl(34) synthesis enzyme MnmG,ctg1_9_samp_4305_554341_lanthipeptide-class-v,73.45,89.05,1908
IDJNMB_06350 hypothetical protein,ctg36_1_NRPS-like_34_0,92.11,79.17,96
IDJNMB_07390 allophycocyanin subunit beta,ctg16_4_samp_4380_82358_NRPS-like,82.38,100.41,486
IDJNMB_08910 Cytoplasmic protein,ctg82_34_T3PKS-Merocyclophane_5_0,92.68,99.05,951
IDJNMB_09075 CHAT domain-containing protein,ctg44_18_1-heptadecene_20_0,96.05,95.41,3399
IDJNMB_09080 S-(hydroxymethyl)glutathione dehydrogenase/class III alcohol dehydrogenase,ctg44_17_1-heptadecene_20_0,98.74,100,1110
IDJNMB_09305 2TM domain-containing protein,ctg71_11_T1PKS_51_0,98.43,100,255
IDJNMB_09310 DUF3181 domain-containing protein,ctg71_10_T1PKS_51_0,97.36,100,303
IDJNMB_09315 alanine dehydrogenase,ctg71_9_T1PKS_51_0,96.69,100,1086
IDJNMB_09320 restriction endonuclease,ctg71_8_T1PKS_51_0,98.59,100,780
IDJNMB_09325 lysine--tRNA ligase,ctg71_7_T1PKS_51_0,98.44,100,1605
IDJNMB_09330 SAM-dependent methyltransferase,ctg71_6_T1PKS_51_0,98.78,100,657
IDJNMB_09335 DUF1257 domain-containing protein,ctg71_5_T1PKS_51_0,99.44,100,354
IDJNMB_09340 AAA family ATPase,ctg71_4_T1PKS_51_0,97.62,100,1512
IDJNMB_09345 hypothetical protein,ctg71_3_T1PKS_51_0,97.15,100,351
IDJNMB_09955 Transposase,ctg27_30_T1PKS-Terpene_11_0,92.11,100.08,1215
"IDJNMB_10530 3'(2'),5'-bisphosphate nucleotidase CysQ",ctg27_41_T1PKS-Terpene_11_0,96.92,100,876
IDJNMB_10535 GTPase,ctg27_40_T1PKS-Terpene_11_0,96.76,98.88,1872
IDJNMB_10540 hydrolase,ctg27_35_T1PKS-Terpene_11_0,97.86,97.23,867
IDJNMB_10545 phosphoadenosine phosphosulfate reductase,ctg27_34_T1PKS-Terpene_11_0,97.69,100,822
IDJNMB_10775 hypothetical protein,BAW32336.1_ORFM2_MicrocystisaeruginosaNIES-87_kasumigamide,94.97,94.64,336
IDJNMB_10955 DUF29 domain-containing protein,ctg36_9_NRPS-like_34_0,78.37,92.64,489
IDJNMB_11040 transposase,ctg27_30_T1PKS-Terpene_11_0,94.05,100,1260
IDJNMB_11200 ferredoxin,ctg5_26_RRE-containing_23_0,97.17,100,318
IDJNMB_11205 CTP synthase,ctg5_27_RRE-containing_23_0,97.44,100,1641
IDJNMB_11210 hypothetical protein,ctg5_28_RRE-containing_23_0,98.02,100,354
IDJNMB_11215 ABC transporter permease,ctg5_29_RRE-containing_23_0,97.92,100,771
IDJNMB_11220 ABC transporter substrate-binding protein,ctg5_30_RRE-containing_23_0,98.01,100,1209
IDJNMB_11225 ABC transporter ATP-binding protein,ctg5_31_RRE-containing_23_0,98.47,100,783
IDJNMB_11230 acyl-CoA dehydrogenase,ctg5_32_RRE-containing_23_0,98.3,100,1116
IDJNMB_11235 DUF4242 domain-containing protein,ctg5_33_RRE-containing_23_0,98.12,100,531
IDJNMB_11430 carotenoid biosynthesis protein,ctg30_17_Novel-T3PKS_28_0,97.16,100,915
IDJNMB_11435 serine/threonine protein kinase,ctg30_16_Novel-T3PKS_28_0,96.44,100.06,1545
IDJNMB_11440 DUF1957 domain-containing protein,ctg30_15_Novel-T3PKS_28_0,97.61,100,1590
IDJNMB_11445 histidine kinase,ctg30_14_Novel-T3PKS_28_0,96.88,100,1155
IDJNMB_11450 alpha/beta hydrolase,ctg30_13_Novel-T3PKS_28_0,97.34,100,828
IDJNMB_11460 ribonuclease III,ctg30_12_Novel-T3PKS_28_0,97.59,100,705
IDJNMB_11465 WD40 repeat domain-containing protein,ctg30_11_Novel-T3PKS_28_0,96.92,100,1071
IDJNMB_11470 hypothetical protein,ctg30_10_Novel-T3PKS_28_0,96.6,100,294
IDJNMB_11475 glutamate--cysteine ligase,ctg30_9_Novel-T3PKS_28_0,98.1,100,1155
IDJNMB_11480 resolvase,ctg30_8_Novel-T3PKS_28_0,97.71,100,393
IDJNMB_11485 EamA family transporter,ctg30_7_Novel-T3PKS_28_0,96.57,100,903
IDJNMB_11490 Uncharacterized protein sll0103,ctg30_6_Novel-T3PKS_28_0,97.2,100,1251
IDJNMB_11495 aluminum resistance family protein,ctg30_5_Novel-T3PKS_28_0,96.8,99.43,1224
IDJNMB_11950 lipoprotein NlpI,ctg27_2_T1PKS-Terpene_11_0,96.65,100,954
IDJNMB_11955 DEAD/DEAH box helicase,ctg27_3_T1PKS-Terpene_11_0,96.99,100,2928
IDJNMB_11960 diguanylate cyclase response regulator,ctg27_4_T1PKS-Terpene_11_0,91.96,100,933
IDJNMB_11965 ABC transporter substrate-binding protein,ctg27_5_T1PKS-Terpene_11_0,96.68,100,783
IDJNMB_11970 Tetratricopeptide TPR_1 repeat-containing protein,ctg27_6_T1PKS-Terpene_11_0,95.16,100,537
IDJNMB_11975 SLC13 family permease,ctg27_7_T1PKS-Terpene_11_0,95.17,100.06,1800
IDJNMB_11980 magnesium-transporting ATPase,ctg27_8_T1PKS-Terpene_11_0,96.87,100,2781
IDJNMB_11985 15-cis-phytoene desaturase,ctg27_9_T1PKS-Terpene_11_0,97.06,100,1431
IDJNMB_11990 phytoene synthase,ctg27_10_T1PKS-Terpene_11_0,98.18,100,933
IDJNMB_11995 hypothetical protein,ctg27_11_T1PKS-Terpene_11_0,93.08,100,477
IDJNMB_12000 Similarity,ctg27_12_T1PKS-Terpene_11_0,93.36,99.18,243
IDJNMB_12005 pirin family protein,ctg27_13_T1PKS-Terpene_11_0,94.95,100,693
IDJNMB_13045 DUF6014 domain-containing protein,AAZ03548.1_mcnG_Microcystissp.NIVA-CYA172/5_cyanopeptolin,98.29,100,1170
IDJNMB_13050 ABC transporter,AAZ03549.1_mcnF_Microcystissp.NIVA-CYA172/5_cyanopeptolin,98.36,100,2070
IDJNMB_14160 LprI domain-containing protein,ctg20_14_NRPS-T1PKS_26_0,95.11,76.76,426
IDJNMB_14170 HAD family phosphatase,ctg20_15_NRPS-T1PKS_26_0,97.97,100,738
IDJNMB_14270 ABC transporter,CAQ16120.1_mdnE_MicrocystisaeruginosaNIES-298_microviridinB,97.48,100.05,2064
IDJNMB_14275 N-acetyltransferase,CAQ16119.1_mdnD_MicrocystisaeruginosaNIES-298_microviridinB,97,100,534
IDJNMB_14280 MvdD family ATP-grasp ribosomal peptide maturase,CAQ16118.1_mdnC_MicrocystisaeruginosaNIES-298_microviridinB,98.36,100,975
IDJNMB_14285 MvdC family ATP-grasp ribosomal peptide maturase,CAQ16117.1_mdnB_MicrocystisaeruginosaNIES-298_microviridinB,98.06,100,978
IDJNMB_14435 IS4-like element ISMae7 family transposase,ctg115_1_Cyanobactin_90_0,94.73,100.92,1410
IDJNMB_14445 recombinase B,ctg36_6_NRPS-like_34_0,97.77,100,1434
IDJNMB_14455 hypothetical protein,ctg36_5_NRPS-like_34_0,99.21,100,381
IDJNMB_14460 methylthioribulose 1-phosphate dehydratase,ctg36_4_NRPS-like_34_0,98.22,100,618
IDJNMB_14470 hypothetical protein,ctg36_3_NRPS-like_34_0,97.92,100,336
IDJNMB_14475 hypothetical protein,ctg36_2_NRPS-like_34_0,92.53,100,723
IDJNMB_14485 McnE protein,AAZ03554.1_mcnE_Microcystissp.NIVA-CYA172/5_cyanopeptolin,98.05,100,1386
IDJNMB_14630 anacyclamide/piricyclamide family prenylated cyclic peptide,"AFK79988.1_pirE3_MicrocystisaeruginosaPCC7005_piricyclamide7005E1,piricyclamide7005E2,piricyclamide7005E3,piricyclamide7005E4",83.44,106.8,147
IDJNMB_14645 anacyclamide synthesis protein AcyF,"AFK79989.1_pirF_MicrocystisaeruginosaPCC7005_piricyclamide7005E1,piricyclamide7005E2,piricyclamide7005E3,piricyclamide7005E4",84.25,97.66,897
IDJNMB_14650 Uma2 family endonuclease,ctg13_4_Cyanobactin_64_0,95.22,100.15,669
IDJNMB_14655 DUF29 domain-containing protein,ctg13_3_Cyanobactin_64_0,95.57,95.97,447
IDJNMB_14660 Putative restriction endonuclease,ctg13_2_Cyanobactin_64_0,95.27,100.18,570
IDJNMB_14665 peptidase S8,ctg13_1_Cyanobactin_64_0,96.78,90.95,1944
IDJNMB_14670 cyanobactin biosynthesis system PatB/AcyB/McaB family protein,"AFK79994.1_pirB_MicrocystisaeruginosaPCC7005_piricyclamide7005E1,piricyclamide7005E2,piricyclamide7005E3,piricyclamide7005E4",97.61,81.01,258
IDJNMB_14675 hypothetical protein,ctg39_3_Cyanobactin_50_0,93.39,99.56,228
IDJNMB_14680 Putative restriction endonuclease,"AFK79997.1_AFK79997.1_MicrocystisaeruginosaPCC7005_piricyclamide7005E1,piricyclamide7005E2,piricyclamide7005E3,piricyclamide7005E4",94.06,99.87,792
IDJNMB_14685 Serine/threonine-protein kinase PK-1,ctg115_2_Cyanobactin_90_0,98.15,99.86,2871
IDJNMB_14695 Light-repressed protein A,ctg39_6_Cyanobactin_50_0,96.17,100,600
IDJNMB_14700 heat-shock protein,ctg39_7_Cyanobactin_50_0,96.11,100,411
IDJNMB_14705 L-threonylcarbamoyladenylate synthase,ctg39_8_Cyanobactin_50_0,98.29,100,642
IDJNMB_14710 nickel pincer cofactor biosynthesis protein LarC,ctg39_9_Cyanobactin_50_0,96.92,98.9,1182
IDJNMB_15630 penicillin-binding protein 2,ctg44_9_1-heptadecene_20_0,97.1,100,1899
IDJNMB_15635 radical SAM protein,ctg44_8_1-heptadecene_20_0,95.54,100,807
IDJNMB_15665 DUF2288 domain-containing protein,ctg44_2_1-heptadecene_20_0,97.94,100,291
IDJNMB_15670 5S ribosomal RNA,ctg44_1_1-heptadecene_20_0,99.05,88.98,118
IDJNMB_15885 Transposase,AAF00967.1_uma4_MicrocystisaeruginosaPCC7806_microcystinLR,93,100,243
IDJNMB_16075 rhodanese-related sulfurtransferase,ctg20_3_samp_2073_1151163_NRPS,98.23,100,339
IDJNMB_16385 DUF4351 domain-containing protein,ctg82_34_T3PKS-Merocyclophane_5_0,94.32,101.3,921
IDJNMB_16390 Uncharacterised protein family (UPF0175),ctg82_35_T3PKS-Merocyclophane_5_0,99.59,100,246
IDJNMB_16395 DUF3368 domain-containing protein,ctg82_36_T3PKS-Merocyclophane_5_0,97.19,100,498
IDJNMB_16410 Phosphate-starvation-inducible E family,ctg105_2_Anabaenopeptin_16_0,98,100,501
IDJNMB_16415 flavin oxidoreductase,ctg105_3_Anabaenopeptin_16_0,96.39,100,1746
IDJNMB_16425 hypothetical protein,ctg105_5_Anabaenopeptin_16_0,97.8,100,273
IDJNMB_16430 DUF1995 domain-containing protein,ctg105_6_Anabaenopeptin_16_0,97.85,100,744
IDJNMB_16905 peptide synthetase,"ACM68682.1_aerA_MicrocystisaeruginosaNIES-98_aeruginosin98-A,aeruginosin98-B,aeruginosin98-C",97.72,100,4260
IDJNMB_16910 Dehydrogenase (flavoprotein),"ACM68683.1_aerJ_MicrocystisaeruginosaNIES-98_aeruginosin98-A,aeruginosin98-B,aeruginosin98-C",97.23,100,1878
IDJNMB_16915 non-ribosomal peptide synthetase,"ACM68684.1_aerB_MicrocystisaeruginosaNIES-98_aeruginosin98-A,aeruginosin98-B,aeruginosin98-C",98.16,100.02,4785
IDJNMB_16920 type 2 isopentenyl-diphosphate Delta-isomerase,"ACM68685.1_aerK_MicrocystisaeruginosaNIES-98_aeruginosin98-A,aeruginosin98-B,aeruginosin98-C",98.85,100,1044
IDJNMB_16925 bacilysin biosynthesis protein BacA,"ACM68686.1_aerD_MicrocystisaeruginosaNIES-98_aeruginosin98-A,aeruginosin98-B,aeruginosin98-C",98.58,100,633
IDJNMB_16930 cupin domain-containing protein,"ACM68687.1_aerE_MicrocystisaeruginosaNIES-98_aeruginosin98-A,aeruginosin98-B,aeruginosin98-C",98.09,100,627
IDJNMB_16935 short-chain dehydrogenase,"ACM68688.1_aerF_MicrocystisaeruginosaNIES-98_aeruginosin98-A,aeruginosin98-B,aeruginosin98-C",98.63,100,801
IDJNMB_16945 non-ribosomal peptide synthetase,"ACM68690.1_aerG1_MicrocystisaeruginosaNIES-98_aeruginosin98-A,aeruginosin98-B,aeruginosin98-C",97.22,99.85,3279
IDJNMB_16950 oxidoreductase,"ACM68692.1_ACM68692.1_MicrocystisaeruginosaNIES-98_aeruginosin98-A,aeruginosin98-B,aeruginosin98-C",97.43,100,777
IDJNMB_16960 Acyltransferase,"ACM68693.1_ACM68693.1_MicrocystisaeruginosaNIES-98_aeruginosin98-A,aeruginosin98-B,aeruginosin98-C",85.83,100,480
IDJNMB_16965 ABC transporter,"ACM68694.1_aerN_MicrocystisaeruginosaNIES-98_aeruginosin98-A,aeruginosin98-B,aeruginosin98-C",97.34,100,1995
IDJNMB_18265 cysteine--tRNA ligase,ctg82_3_T3PKS-Merocyclophane_5_0,97.51,100,1443
IDJNMB_18270 glycine/betaine ABC transporter substrate-binding protein,ctg82_4_T3PKS-Merocyclophane_5_0,97.71,100,1530
IDJNMB_18275 metal-binding protein,ctg82_5_T3PKS-Merocyclophane_5_0,96.92,100,1005
IDJNMB_18280 bifunctional orotidine-5'-phosphate decarboxylase/orotate phosphoribosyltransferase,ctg82_6_T3PKS-Merocyclophane_5_0,97.42,100,1434
IDJNMB_18285 hypothetical protein,ctg82_7_T3PKS-Merocyclophane_5_0,95.96,100,297
IDJNMB_18290 23S rRNA (guanosine(2251)-2'-O)-methyltransferase RlmB,ctg82_8_T3PKS-Merocyclophane_5_0,96.54,100,867
IDJNMB_18295 Mini-ribonuclease 3,ctg82_9_T3PKS-Merocyclophane_5_0,97.84,100,417
IDJNMB_18300 anti-sigma F factor antagonist,ctg82_10_T3PKS-Merocyclophane_5_0,98.01,100,351
IDJNMB_18305 carbamoyl phosphate synthase small subunit,ctg82_11_T3PKS-Merocyclophane_5_0,96.95,100,1149
IDJNMB_18310 transposase,ctg82_12_T3PKS-Merocyclophane_5_0,96.96,100,888
IDJNMB_18315 hypothetical protein,ctg82_27_T3PKS-Merocyclophane_5_0,96.41,99.87,780
IDJNMB_18580 magnesium-protoporphyrin IX monomethyl ester (oxidative) cyclase,ctg20_16_samp_2073_1151163_NRPS,75.53,74,1077
IDJNMB_18620 pyruvate dehydrogenase (acetyl-transferring) E1 component subunit alpha,ctg2_26_samp_4305_693378_NRPS,75.68,96.14,1035
IDJNMB_19025 recombinase RecQ,ctg3_13_lanthipeptide_54_0,98,100,1452
IDJNMB_19030 DUF3285 domain-containing protein,ctg3_14_lanthipeptide_54_0,99.46,100,186
IDJNMB_19035 rRNA maturation RNase YbeY,ctg3_15_lanthipeptide_54_0,97.66,100,513
IDJNMB_19040 diacylglycerol kinase,ctg3_16_lanthipeptide_54_0,97.96,100,489
IDJNMB_19045 DUF4327 domain-containing protein,ctg3_17_lanthipeptide_54_0,98.75,100,240
IDJNMB_19170 DUF29 domain-containing protein,ctg39_10_Cyanobactin_50_0,96.25,100,453
IDJNMB_19465 hypothetical protein,ctg82_28_T3PKS-Merocyclophane_5_0,94.89,101.15,522
IDJNMB_19470 Phosphomannomutase,ctg82_29_T3PKS-Merocyclophane_5_0,92.8,70.78,510
IDJNMB_19475 shikimate 5-dehydrogenase,ctg82_29_T3PKS-Merocyclophane_5_0,94.72,73.62,489
IDJNMB_19480 serine/threonine protein kinase,ctg82_30_T3PKS-Merocyclophane_5_0,94.38,101.56,1542
IDJNMB_19485 rhodanese-related sulfurtransferase,ctg82_31_T3PKS-Merocyclophane_5_0,98.27,99.75,813
IDJNMB_19495 DNA repair protein RecO,ctg82_32_T3PKS-Merocyclophane_5_0,97.44,100,780
IDJNMB_19500 arabinose efflux permease,ctg82_33_T3PKS-Merocyclophane_5_0,98.26,100,1491
IDJNMB_19505 hypothetical protein,ctg82_34_T3PKS-Merocyclophane_5_0,95.41,83.52,261
IDJNMB_19660 Transposase,AAF00967.1_uma4_MicrocystisaeruginosaPCC7806_microcystinLR,94.57,99.17,483
IDJNMB_20370 DUF29 domain-containing protein,ctg36_9_NRPS-like_34_0,98.72,100,468
IDJNMB_20375 helicase,ctg36_8_NRPS-like_34_0,97.36,100,4173
IDJNMB_20380 cysteine lyase,ctg36_7_NRPS-like_34_0,98.6,100,1215
IDJNMB_20385 ATP-dependent Clp endopeptidase proteolytic subunit ClpP,ctg83_20_lanthipeptide_21_0,76.71,72.64,603
IDJNMB_20480 hypothetical protein,ctg3_7_lanthipeptide_54_0,98.19,100,276
IDJNMB_20485 Clan AA aspartic protease,ctg3_6_lanthipeptide_54_0,97.54,80.51,354
IDJNMB_20790 5S ribosomal RNA,ctg44_1_1-heptadecene_20_0,100,88.98,118
IDJNMB_00005 bifunctional acetaldehyde-CoA/alcohol dehydrogenase,Unmatched,0,0,0
IDJNMB_00010 hydroxyacylglutathione hydrolase,Unmatched,0,0,0
IDJNMB_00015 polysaccharide deacetylase,Unmatched,0,0,0
IDJNMB_00020 NAD-dependent dehydratase,Unmatched,0,0,0
IDJNMB_00025 hypothetical protein,Unmatched,0,0,0
IDJNMB_00030 hypothetical protein,Unmatched,0,0,0
IDJNMB_00035 RNA polymerase subunit sigma,Unmatched,0,0,0
IDJNMB_00040 hypothetical protein,Unmatched,0,0,0
IDJNMB_00045 hormogonium polysaccharide biosynthesis glycosyltransferase HpsO,Unmatched,0,0,0
IDJNMB_00050 hormogonium polysaccharide biosynthesis glycosyltransferase HpsN,Unmatched,0,0,0
IDJNMB_00055 hormogonium polysaccharide biosynthesis protein HpsL,Unmatched,0,0,0
IDJNMB_00060 phosphoglucosamine mutase,Unmatched,0,0,0
IDJNMB_00065 family 2 glycosyl transferase,Unmatched,0,0,0
IDJNMB_00070 hypothetical protein,Unmatched,0,0,0
IDJNMB_00075 PEP-CTERM domain-containing protein,Unmatched,0,0,0
IDJNMB_00080 photosystem I assembly protein Ycf3,Unmatched,0,0,0
IDJNMB_00085 Asp-tRNA(Asn)/Glu-tRNA(Gln) amidotransferase subunit GatC,Unmatched,0,0,0
IDJNMB_00090 mannose-6-phosphate isomerase,Unmatched,0,0,0
IDJNMB_00095 molecular chaperone Hsp70,Unmatched,0,0,0
IDJNMB_00100 LysM domain-containing protein,Unmatched,0,0,0
IDJNMB_00105 Photosystem I assembly protein Ycf3,Unmatched,0,0,0
IDJNMB_00110 DnaJ domain protein,Unmatched,0,0,0
IDJNMB_00115 nucleotide exchange factor GrpE,Unmatched,0,0,0
IDJNMB_00120 hypothetical protein,Unmatched,0,0,0
IDJNMB_00125 nucleoside triphosphate pyrophosphohydrolase,Unmatched,0,0,0
IDJNMB_00130 signal peptidase I,Unmatched,0,0,0
IDJNMB_00135 universal stress protein,Unmatched,0,0,0
IDJNMB_00140 ribonuclease D,Unmatched,0,0,0
IDJNMB_00145 prephenate dehydratase,Unmatched,0,0,0
IDJNMB_00150 two-component sensor histidine kinase,Unmatched,0,0,0
IDJNMB_00155 riboflavin deaminase,Unmatched,0,0,0
IDJNMB_00160 GNAT family N-acetyltransferase,Unmatched,0,0,0
IDJNMB_00165 rubrerythrin family protein,Unmatched,0,0,0
IDJNMB_00170 glycine--tRNA ligase subunit beta,Unmatched,0,0,0
IDJNMB_00175 hypothetical protein,Unmatched,0,0,0
IDJNMB_00180 magnesium chelatase ATPase subunit I,Unmatched,0,0,0
IDJNMB_00185 ATPase,Unmatched,0,0,0
IDJNMB_00190 HNH endonuclease,Unmatched,0,0,0
IDJNMB_00195 glycosyl transferase,Unmatched,0,0,0
IDJNMB_00200 hypothetical protein,Unmatched,0,0,0
IDJNMB_00205 Phosphotransferase enzyme family,Unmatched,0,0,0
IDJNMB_00210 cytochrome P450,Unmatched,0,0,0
IDJNMB_00215 alanine racemase,Unmatched,0,0,0
IDJNMB_00220 polyhydroxyalkanoate biosynthesis repressor PhaR,Unmatched,0,0,0
IDJNMB_00225 Phosphomannomutase,Unmatched,0,0,0
IDJNMB_00230 polyhydroxyalkanoate biosynthesis repressor PhaR,Unmatched,0,0,0
IDJNMB_00235 tRNA uridine-5-carboxymethylaminomethyl(34) synthesis GTPase MnmE,Unmatched,0,0,0
IDJNMB_00240 DUF2062 domain-containing protein,Unmatched,0,0,0
IDJNMB_00245 universal stress protein,Unmatched,0,0,0
IDJNMB_00250 alpha/beta hydrolase,Unmatched,0,0,0
IDJNMB_00255 DUF4164 domain-containing protein,Unmatched,0,0,0
IDJNMB_00260 Phosphomannomutase,Unmatched,0,0,0
IDJNMB_00265 AAA domain-containing protein,Unmatched,0,0,0
IDJNMB_00270 competence/damage-inducible protein A,Unmatched,0,0,0
IDJNMB_00275 hypothetical protein,Unmatched,0,0,0
IDJNMB_00280 molecular chaperone DnaK,Unmatched,0,0,0
IDJNMB_00285 Putative restriction endonuclease,Unmatched,0,0,0
IDJNMB_00290 DUF29 domain-containing protein,Unmatched,0,0,0
IDJNMB_00295 Putative restriction endonuclease,Unmatched,0,0,0
IDJNMB_00300 Putative restriction endonuclease,Unmatched,0,0,0
IDJNMB_00305 acetyl-CoA carboxylase biotin carboxylase subunit,Unmatched,0,0,0
IDJNMB_00310 histidinol dehydrogenase,Unmatched,0,0,0
IDJNMB_00315 uracil phosphoribosyltransferase,Unmatched,0,0,0
IDJNMB_00320 hypothetical protein,Unmatched,0,0,0
IDJNMB_00325 hypothetical protein,Unmatched,0,0,0
IDJNMB_00330 DUF3368 domain-containing protein,Unmatched,0,0,0
IDJNMB_00335 amino acid ABC transporter substrate-binding protein,Unmatched,0,0,0
IDJNMB_00340 TenA family transcriptional regulator,Unmatched,0,0,0
IDJNMB_00345 DUF2605 domain-containing protein,Unmatched,0,0,0
IDJNMB_00350 DUF2973 domain-containing protein,Unmatched,0,0,0
IDJNMB_00355 Esterase/lipase,Unmatched,0,0,0
IDJNMB_00360 hypothetical protein,Unmatched,0,0,0
IDJNMB_00365 Similar to tr|Q8YLY9|Q8YLY9,Unmatched,0,0,0
IDJNMB_00370 photosystem I core protein PsaA,Unmatched,0,0,0
IDJNMB_00375 photosystem I core protein PsaB,Unmatched,0,0,0
IDJNMB_00380 hypothetical protein,Unmatched,0,0,0
IDJNMB_00385 oxidoreductase,Unmatched,0,0,0
IDJNMB_00390 hypothetical protein,Unmatched,0,0,0
IDJNMB_00395 hypothetical protein,Unmatched,0,0,0
IDJNMB_00400 bidirectional hydrogenase complex protein HoxU,Unmatched,0,0,0
IDJNMB_00405 hydroxylamine reductase,Unmatched,0,0,0
IDJNMB_00410 Rpn family recombination-promoting nuclease/putative transposase,Unmatched,0,0,0
IDJNMB_00415 alanine--tRNA ligase,Unmatched,0,0,0
IDJNMB_00420 hypothetical protein,Unmatched,0,0,0
IDJNMB_00425 PilT protein-like,Unmatched,0,0,0
IDJNMB_00430 hypothetical protein,Unmatched,0,0,0
IDJNMB_00435 hypothetical protein,Unmatched,0,0,0
IDJNMB_00440 hypothetical protein,Unmatched,0,0,0
IDJNMB_00445 DUF5615 domain-containing protein,Unmatched,0,0,0
IDJNMB_00450 Gsr2395 protein,Unmatched,0,0,0
IDJNMB_00455 PINc domain-containing protein,Unmatched,0,0,0
IDJNMB_00460 hypothetical protein,Unmatched,0,0,0
"IDJNMB_00465 putative nucleic acid-binding protein, contains PIN domain",Unmatched,0,0,0
IDJNMB_00470 Uncharacterised protein family (UPF0175),Unmatched,0,0,0
IDJNMB_00475 hypothetical protein,Unmatched,0,0,0
IDJNMB_00480 DUF5615 domain-containing protein,Unmatched,0,0,0
IDJNMB_00485 hypothetical protein,Unmatched,0,0,0
IDJNMB_00490 hypothetical protein,Unmatched,0,0,0
IDJNMB_00495 hypothetical protein,Unmatched,0,0,0
IDJNMB_00500 hypothetical protein,Unmatched,0,0,0
IDJNMB_00505 ATPase,Unmatched,0,0,0
IDJNMB_00510 phenylalanine--tRNA ligase subunit beta,Unmatched,0,0,0
IDJNMB_00515 restriction endonuclease,Unmatched,0,0,0
IDJNMB_00520 site-specific DNA-methyltransferase,Unmatched,0,0,0
IDJNMB_00525 ATPase-AAA-core domain-containing protein,Unmatched,0,0,0
IDJNMB_00530 DUF4435 domain-containing protein,Unmatched,0,0,0
IDJNMB_00535 iron-regulated protein,Unmatched,0,0,0
IDJNMB_00540 ABC transporter ATP-binding protein,Unmatched,0,0,0
IDJNMB_00545 MCE family protein,Unmatched,0,0,0
IDJNMB_00550 DUF5615 domain-containing protein,Unmatched,0,0,0
IDJNMB_00555 hypothetical protein,Unmatched,0,0,0
IDJNMB_00560 hypothetical protein,Unmatched,0,0,0
IDJNMB_00565 DUF29 family protein,Unmatched,0,0,0
IDJNMB_00570 DUF5678 domain-containing protein,Unmatched,0,0,0
IDJNMB_00575 WD40 repeat domain-containing protein,Unmatched,0,0,0
IDJNMB_00580 Putative restriction endonuclease,Unmatched,0,0,0
IDJNMB_00585 DUF4351 domain-containing protein,Unmatched,0,0,0
IDJNMB_00590 hypothetical protein,Unmatched,0,0,0
IDJNMB_00595 folate-binding protein YgfZ,Unmatched,0,0,0
IDJNMB_00600 NAD+ synthase,Unmatched,0,0,0
IDJNMB_00605 NUDIX hydrolase,Unmatched,0,0,0
IDJNMB_00610 nicotinate-nucleotide adenylyltransferase,Unmatched,0,0,0
IDJNMB_00615 Transposase,Unmatched,0,0,0
IDJNMB_00620 OrfB-IS605 domain-containing protein,Unmatched,0,0,0
IDJNMB_00625 hypothetical protein,Unmatched,0,0,0
IDJNMB_00630 GntR family transcriptional regulator,Unmatched,0,0,0
IDJNMB_00635 1-acyl-sn-glycerol-3-phosphate acyltransferase,Unmatched,0,0,0
IDJNMB_00640 peptide chain release factor 3,Unmatched,0,0,0
IDJNMB_00645 type II toxin-antitoxin system HicB family antitoxin,Unmatched,0,0,0
IDJNMB_00650 DNA (cytosine-5-)-methyltransferase,Unmatched,0,0,0
IDJNMB_00655 ABC transporter ATP-binding protein,Unmatched,0,0,0
IDJNMB_00660 Glycosyl transferase group 1,Unmatched,0,0,0
IDJNMB_00665 transporter,Unmatched,0,0,0
IDJNMB_00670 DUF3172 domain-containing protein,Unmatched,0,0,0
IDJNMB_00675 transcriptional regulator,Unmatched,0,0,0
IDJNMB_00680 sodium-dependent bicarbonate transport family permease,Unmatched,0,0,0
IDJNMB_00685 ribosomal protein S18-alanine N-acetyltransferase,Unmatched,0,0,0
IDJNMB_00690 glycoside hydrolase,Unmatched,0,0,0
IDJNMB_00695 CP12 domain-containing protein,Unmatched,0,0,0
IDJNMB_00700 DUF1269 domain-containing protein,Unmatched,0,0,0
IDJNMB_00705 Chromosome partition protein Smc,Unmatched,0,0,0
IDJNMB_00710 acetate--CoA ligase,Unmatched,0,0,0
IDJNMB_00715 Photosystem I iron-sulfur center,Unmatched,0,0,0
IDJNMB_00720 Putative restriction endonuclease,Unmatched,0,0,0
IDJNMB_00725 cobalt ABC transporter,Unmatched,0,0,0
IDJNMB_00730 class II glutamine amidotransferase,Unmatched,0,0,0
IDJNMB_00735 threonine synthase,Unmatched,0,0,0
IDJNMB_00740 imidazoleglycerol-phosphate dehydratase HisB,Unmatched,0,0,0
IDJNMB_00745 TonB-C domain-containing protein,Unmatched,0,0,0
IDJNMB_00750 hypothetical protein,Unmatched,0,0,0
IDJNMB_00755 high light inducible protein,Unmatched,0,0,0
IDJNMB_00760 diaminopimelate epimerase,Unmatched,0,0,0
IDJNMB_00765 RNA-binding protein hfq,Unmatched,0,0,0
IDJNMB_00770 Undecaprenyl-phosphate 4-deoxy-4-formamido-L-arabinose transferase,Unmatched,0,0,0
IDJNMB_00775 GtrA family protein,Unmatched,0,0,0
IDJNMB_00780 sulfate ABC transporter substrate-binding protein,Unmatched,0,0,0
IDJNMB_00785 ACP S-malonyltransferase,Unmatched,0,0,0
IDJNMB_00790 DUF433 domain-containing protein,Unmatched,0,0,0
IDJNMB_00795 clan AA aspartic protease,Unmatched,0,0,0
IDJNMB_00800 hypothetical protein,Unmatched,0,0,0
IDJNMB_00805 hypothetical protein,Unmatched,0,0,0
IDJNMB_00810 DNA-binding protein,Unmatched,0,0,0
IDJNMB_00815 antitoxin,Unmatched,0,0,0
IDJNMB_00820 hypothetical protein,Unmatched,0,0,0
IDJNMB_00825 hypothetical protein,Unmatched,0,0,0
IDJNMB_00830 hypothetical protein,Unmatched,0,0,0
IDJNMB_00835 type II toxin-antitoxin system HicB family antitoxin,Unmatched,0,0,0
"IDJNMB_00840 HicA toxin of bacterial toxin-antitoxin,",Unmatched,0,0,0
IDJNMB_00845 hypothetical protein,Unmatched,0,0,0
IDJNMB_00850 hypothetical protein,Unmatched,0,0,0
IDJNMB_00855 cadmium-translocating P-type ATPase,Unmatched,0,0,0
IDJNMB_00860 hypothetical protein,Unmatched,0,0,0
IDJNMB_00865 DNA polymerase III subunit delta',Unmatched,0,0,0
IDJNMB_00870 hypothetical protein,Unmatched,0,0,0
IDJNMB_00875 ATP-dependent zinc metalloprotease FtsH2,Unmatched,0,0,0
IDJNMB_00880 DNA adenine methylase,Unmatched,0,0,0
IDJNMB_00885 hypothetical protein,Unmatched,0,0,0
IDJNMB_00890 Programmed cell death toxin YdcE,Unmatched,0,0,0
IDJNMB_00895 Photosystem II reaction center X protein,Unmatched,0,0,0
IDJNMB_00900 ComF family protein,Unmatched,0,0,0
IDJNMB_00905 hypothetical protein,Unmatched,0,0,0
IDJNMB_00910 ferredoxin--nitrite reductase,Unmatched,0,0,0
IDJNMB_00915 DUF309 domain-containing protein,Unmatched,0,0,0
IDJNMB_00920 ostA-like family protein,Unmatched,0,0,0
IDJNMB_00925 LPS export ABC transporter ATP-binding protein,Unmatched,0,0,0
IDJNMB_00930 permease,Unmatched,0,0,0
IDJNMB_00935 16S rRNA (cytidine(1402)-2'-O)-methyltransferase,Unmatched,0,0,0
IDJNMB_00940 photosystem II reaction center protein I,Unmatched,0,0,0
IDJNMB_00945 DUF3769 domain-containing protein,Unmatched,0,0,0
IDJNMB_00950 WD40 repeat domain-containing protein,Unmatched,0,0,0
IDJNMB_00955 Prokaryotic-like s of the JAB domain-containing protein,Unmatched,0,0,0
IDJNMB_00960 hypothetical protein,Unmatched,0,0,0
IDJNMB_00965 hypothetical protein,Unmatched,0,0,0
IDJNMB_00970 hypothetical protein,Unmatched,0,0,0
IDJNMB_00975 hypothetical protein,Unmatched,0,0,0
IDJNMB_00980 DNA translocase FtsK,Unmatched,0,0,0
IDJNMB_00985 hypothetical protein,Unmatched,0,0,0
IDJNMB_00990 Similarity,Unmatched,0,0,0
IDJNMB_00995 Similarity,Unmatched,0,0,0
IDJNMB_01000 DUF4282 domain-containing protein,Unmatched,0,0,0
IDJNMB_01005 hypothetical protein,Unmatched,0,0,0
IDJNMB_01010 hypothetical protein,Unmatched,0,0,0
IDJNMB_01015 ATP-binding protein,Unmatched,0,0,0
IDJNMB_01020 Tetratricopeptide TPR_2 repeat protein,Unmatched,0,0,0
IDJNMB_01025 hypothetical protein,Unmatched,0,0,0
IDJNMB_01030 hypothetical protein,Unmatched,0,0,0
IDJNMB_01035 NADP-dependent isocitrate dehydrogenase,Unmatched,0,0,0
IDJNMB_01040 hypothetical protein,Unmatched,0,0,0
IDJNMB_01045 DUF1294 domain-containing protein,Unmatched,0,0,0
IDJNMB_01050 ACP S-malonyltransferase,Unmatched,0,0,0
IDJNMB_01055 DUF433 domain-containing protein,Unmatched,0,0,0
IDJNMB_01060 hypothetical protein,Unmatched,0,0,0
IDJNMB_01065 DUF29 domain-containing protein,Unmatched,0,0,0
IDJNMB_01070 DUF29 domain-containing protein,Unmatched,0,0,0
IDJNMB_01075 protein-methionine-sulfoxide reductase catalytic subunit MsrP,Unmatched,0,0,0
IDJNMB_01080 cytochrome P450,Unmatched,0,0,0
IDJNMB_01085 TVP38/TMEM64 family protein,Unmatched,0,0,0
IDJNMB_01090 ribonuclease HII,Unmatched,0,0,0
IDJNMB_01095 ribonuclease E/G,Unmatched,0,0,0
IDJNMB_01100 DUF2232 domain-containing protein,Unmatched,0,0,0
IDJNMB_01110 ribosome biogenesis GTPase YlqF,Unmatched,0,0,0
IDJNMB_01115 glutamate synthase,Unmatched,0,0,0
IDJNMB_01120 hypothetical protein,Unmatched,0,0,0
IDJNMB_01125 DNA-binding protein,Unmatched,0,0,0
IDJNMB_01130 hypothetical protein,Unmatched,0,0,0
IDJNMB_01135 AbiA family abortive infection protein,Unmatched,0,0,0
IDJNMB_01140 hypothetical protein,Unmatched,0,0,0
IDJNMB_01145 adenosine kinase,Unmatched,0,0,0
IDJNMB_01150 DUF2555 domain-containing protein,Unmatched,0,0,0
IDJNMB_01155 oxidoreductase,Unmatched,0,0,0
IDJNMB_01160 heme iron utilization protein,Unmatched,0,0,0
IDJNMB_01165 hypothetical protein,Unmatched,0,0,0
IDJNMB_01170 ABC transporter ATP-binding protein,Unmatched,0,0,0
IDJNMB_01175 ABC transporter substrate-binding protein,Unmatched,0,0,0
IDJNMB_01180 phycobilisome maturation protein,Unmatched,0,0,0
IDJNMB_01185 DUF29 domain-containing protein,Unmatched,0,0,0
IDJNMB_01190 phycocyanobilin lyase,Unmatched,0,0,0
IDJNMB_01195 pyruvate kinase,Unmatched,0,0,0
IDJNMB_01200 S-layer protein,Unmatched,0,0,0
IDJNMB_01205 Ycf66 protein N-terminus,Unmatched,0,0,0
IDJNMB_01210 biopolymer transporter Tol,Unmatched,0,0,0
IDJNMB_01215 Tol biopolymer transporter periplasmic protein,Unmatched,0,0,0
IDJNMB_01220 Patatin-like phospholipase,Unmatched,0,0,0
IDJNMB_01225 Putative glycosyl transferase,Unmatched,0,0,0
IDJNMB_01230 Glycos-transf-1 domain-containing protein,Unmatched,0,0,0
IDJNMB_01235 photosystem I reaction center subunit IV,Unmatched,0,0,0
IDJNMB_01240 hypothetical protein,Unmatched,0,0,0
IDJNMB_01245 16S rRNA (uracil(1498)-N(3))-methyltransferase,Unmatched,0,0,0
IDJNMB_01250 hypothetical protein,Unmatched,0,0,0
IDJNMB_01255 Helicase C-terminal domain-containing protein,Unmatched,0,0,0
IDJNMB_01260 hypothetical protein,Unmatched,0,0,0
IDJNMB_01265 AAA-23 domain-containing protein,Unmatched,0,0,0
IDJNMB_01270 hypothetical protein,Unmatched,0,0,0
IDJNMB_01275 hypothetical protein,Unmatched,0,0,0
IDJNMB_01280 hypothetical protein,Unmatched,0,0,0
IDJNMB_01285 nitrogenase,Unmatched,0,0,0
IDJNMB_01290 arginine--tRNA ligase,Unmatched,0,0,0
IDJNMB_01295 PIN domain nuclease,Unmatched,0,0,0
IDJNMB_01300 DUF2281 domain-containing protein,Unmatched,0,0,0
"IDJNMB_01305 2-C-methyl-D-erythritol 2,4-cyclodiphosphate synthase",Unmatched,0,0,0
IDJNMB_01310 Protein translocase subunit SecA,Unmatched,0,0,0
IDJNMB_01315 DNA methyltransferase,Unmatched,0,0,0
IDJNMB_01320 Putative glycosyltransferase,Unmatched,0,0,0
IDJNMB_01325 FkbM family methyltransferase,Unmatched,0,0,0
IDJNMB_01330 class I SAM-dependent methyltransferase,Unmatched,0,0,0
IDJNMB_01335 Uma2 domain-containing protein,Unmatched,0,0,0
IDJNMB_01340 OmpA family,Unmatched,0,0,0
IDJNMB_01345 hypothetical protein,Unmatched,0,0,0
IDJNMB_01350 hypothetical protein,Unmatched,0,0,0
IDJNMB_01355 Tubulin like,Unmatched,0,0,0
IDJNMB_01360 hypothetical protein,Unmatched,0,0,0
IDJNMB_01365 Exonuclease sbcC,Unmatched,0,0,0
IDJNMB_01370 hypothetical protein,Unmatched,0,0,0
IDJNMB_01375 RNA-guided endonuclease TnpB family protein,Unmatched,0,0,0
IDJNMB_01380 hypothetical protein,Unmatched,0,0,0
IDJNMB_01385 hypothetical protein,Unmatched,0,0,0
IDJNMB_01390 hypothetical protein,Unmatched,0,0,0
IDJNMB_01395 hypothetical protein,Unmatched,0,0,0
IDJNMB_01400 hypothetical protein,Unmatched,0,0,0
IDJNMB_01405 LeuA-dimer domain-containing protein,Unmatched,0,0,0
IDJNMB_01410 antitoxin,Unmatched,0,0,0
IDJNMB_01415 Putative restriction endonuclease,Unmatched,0,0,0
IDJNMB_01420 hypothetical protein,Unmatched,0,0,0
IDJNMB_01425 potassium channel protein,Unmatched,0,0,0
IDJNMB_01440 hypothetical protein,Unmatched,0,0,0
IDJNMB_01455 Similarity,Unmatched,0,0,0
"IDJNMB_01460 type II toxin-antitoxin system mRNA interferase toxin, RelE/StbE family",Unmatched,0,0,0
IDJNMB_01470 putative permease,Unmatched,0,0,0
IDJNMB_01475 TIGR03943 family protein,Unmatched,0,0,0
IDJNMB_01480 Big-5 domain-containing protein,Unmatched,0,0,0
IDJNMB_01485 aldehyde dehydrogenase family protein,Unmatched,0,0,0
IDJNMB_01490 isochorismate synthase,Unmatched,0,0,0
IDJNMB_01495 ferredoxin,Unmatched,0,0,0
IDJNMB_01500 thiol:disulfide interchange protein,Unmatched,0,0,0
IDJNMB_01505 hypothetical protein,Unmatched,0,0,0
IDJNMB_01510 hypothetical protein,Unmatched,0,0,0
IDJNMB_01515 ATP-dependent zinc metalloprotease FtsH,Unmatched,0,0,0
IDJNMB_01520 c-type cytochrome biogenesis protein CcsB,Unmatched,0,0,0
IDJNMB_01525 aspartoacylase,Unmatched,0,0,0
IDJNMB_01530 serine/threonine protein kinase,Unmatched,0,0,0
IDJNMB_01535 AAA+ family ATPase,Unmatched,0,0,0
IDJNMB_01540 Putative restriction endonuclease,Unmatched,0,0,0
IDJNMB_01545 DUF3084 domain-containing protein,Unmatched,0,0,0
IDJNMB_01550 global nitrogen regulator NtcA,Unmatched,0,0,0
IDJNMB_01555 enoyl-ACP reductase FabI,Unmatched,0,0,0
IDJNMB_01560 Serine/threonine protein kinase,Unmatched,0,0,0
IDJNMB_01565 glycine--tRNA ligase subunit alpha,Unmatched,0,0,0
IDJNMB_01570 Arachidonate 15-lipoxygenase,Unmatched,0,0,0
IDJNMB_01575 30S ribosomal protein S10,Unmatched,0,0,0
IDJNMB_01580 elongation factor Tu,Unmatched,0,0,0
IDJNMB_01585 elongation factor G,Unmatched,0,0,0
IDJNMB_01590 30S ribosomal protein S7,Unmatched,0,0,0
IDJNMB_01595 30S ribosomal protein S12,Unmatched,0,0,0
IDJNMB_01600 killer suppression protein,Unmatched,0,0,0
IDJNMB_01605 HigA family addiction module antitoxin,Unmatched,0,0,0
IDJNMB_01610 nuclease,Unmatched,0,0,0
IDJNMB_01615 NYN domain-containing protein,Unmatched,0,0,0
IDJNMB_01620 methionine--tRNA ligase,Unmatched,0,0,0
IDJNMB_01625 1-acyl-sn-glycerol-3-phosphate acyltransferase,Unmatched,0,0,0
IDJNMB_01630 Rho termination factor,Unmatched,0,0,0
IDJNMB_01635 Sporulation initiation inhibitor protein Soj,Unmatched,0,0,0
IDJNMB_01640 GAF domain-containing protein,Unmatched,0,0,0
IDJNMB_01645 FAD-dependent oxidoreductase,Unmatched,0,0,0
IDJNMB_01650 hypothetical protein,Unmatched,0,0,0
IDJNMB_01655 biopolymer transporter ExbD,Unmatched,0,0,0
IDJNMB_01660 biopolymer transporter ExbB,Unmatched,0,0,0
"IDJNMB_01665 Ca2+-binding protein, RTX toxin-related",Unmatched,0,0,0
IDJNMB_01670 F0F1 ATP synthase subunit gamma,Unmatched,0,0,0
IDJNMB_01675 F0F1 ATP synthase subunit alpha,Unmatched,0,0,0
IDJNMB_01680 ATP synthase F1 subunit delta,Unmatched,0,0,0
IDJNMB_01685 F0F1 ATP synthase subunit B,Unmatched,0,0,0
IDJNMB_01690 F0F1 ATP synthase subunit B',Unmatched,0,0,0
IDJNMB_01695 ATP synthase F0 subunit C,Unmatched,0,0,0
IDJNMB_01700 F0F1 ATP synthase subunit A,Unmatched,0,0,0
IDJNMB_01705 ATP synthase subunit I,Unmatched,0,0,0
IDJNMB_01710 Ion transporter,Unmatched,0,0,0
IDJNMB_01715 NAD(+) kinase,Unmatched,0,0,0
IDJNMB_01720 3-beta hydroxysteroid dehydrogenase,Unmatched,0,0,0
IDJNMB_01725 LD-carboxypeptidase,Unmatched,0,0,0
IDJNMB_01730 hypothetical protein,Unmatched,0,0,0
IDJNMB_01735 hypothetical protein,Unmatched,0,0,0
IDJNMB_01740 cupin domain-containing protein,Unmatched,0,0,0
IDJNMB_01745 dihydropteroate synthase,Unmatched,0,0,0
IDJNMB_01750 hypothetical protein,Unmatched,0,0,0
IDJNMB_01755 hypothetical protein,Unmatched,0,0,0
IDJNMB_01760 pantetheine-phosphate adenylyltransferase,Unmatched,0,0,0
IDJNMB_01765 NTP-transf-9 domain-containing protein,Unmatched,0,0,0
IDJNMB_01770 thioredoxin,Unmatched,0,0,0
IDJNMB_01775 type I methionyl aminopeptidase,Unmatched,0,0,0
IDJNMB_01780 universal stress protein,Unmatched,0,0,0
IDJNMB_01785 DUF2811 domain-containing protein,Unmatched,0,0,0
IDJNMB_01790 aminoacyl-tRNA hydrolase,Unmatched,0,0,0
"IDJNMB_01795 Glycosyl hydrolase, BNR repeat-containing protein",Unmatched,0,0,0
IDJNMB_01800 class II fumarate hydratase,Unmatched,0,0,0
IDJNMB_01805 YGGT family,Unmatched,0,0,0
IDJNMB_01810 MFS transporter,Unmatched,0,0,0
"IDJNMB_01815 CRISPR-associated protein Csa3, CARF domain",Unmatched,0,0,0
IDJNMB_01820 S-methyl-5-thioribose-1-phosphate isomerase,Unmatched,0,0,0
IDJNMB_01825 Response regulator,Unmatched,0,0,0
IDJNMB_01830 phosphoribulokinase,Unmatched,0,0,0
IDJNMB_01835 Phytochrome-like protein cph2,Unmatched,0,0,0
IDJNMB_01840 EAL domain-containing protein,Unmatched,0,0,0
IDJNMB_01845 EAL domain-containing protein,Unmatched,0,0,0
IDJNMB_01865 DNA polymerase III subunit beta,Unmatched,0,0,0
"IDJNMB_01870 glutamate-1-semialdehyde 2,1-aminomutase",Unmatched,0,0,0
IDJNMB_01875 flotillin,Unmatched,0,0,0
IDJNMB_01880 hypothetical protein,Unmatched,0,0,0
IDJNMB_01885 Glyoxalase-like domain protein,Unmatched,0,0,0
IDJNMB_01890 hormogonium polysaccharide biosynthesis glycosyltransferase HpsP,Unmatched,0,0,0
IDJNMB_01895 hypothetical protein,Unmatched,0,0,0
IDJNMB_01900 GAF domain-containing protein,Unmatched,0,0,0
IDJNMB_01905 apolipoprotein N-acyltransferase,Unmatched,0,0,0
IDJNMB_01910 hypothetical protein,Unmatched,0,0,0
IDJNMB_01915 DNA helicase RecQ,Unmatched,0,0,0
IDJNMB_01920 DUF3318 domain-containing protein,Unmatched,0,0,0
IDJNMB_01925 preQ(1) synthase,Unmatched,0,0,0
IDJNMB_01930 hydrolase,Unmatched,0,0,0
IDJNMB_01935 MEKHLA domain-containing protein,Unmatched,0,0,0
IDJNMB_01940 orotidine-5'-phosphate decarboxylase,Unmatched,0,0,0
IDJNMB_01945 hypothetical protein,Unmatched,0,0,0
IDJNMB_01950 peptide chain release factor N(5)-glutamine methyltransferase,Unmatched,0,0,0
IDJNMB_01955 Tic22-like family,Unmatched,0,0,0
IDJNMB_01960 hypothetical protein,Unmatched,0,0,0
IDJNMB_01965 AAA-like domain-containing protein,Unmatched,0,0,0
"IDJNMB_01970 lignostilbene-alpha,beta-dioxygenase",Unmatched,0,0,0
IDJNMB_01975 serine/threonine protein kinase,Unmatched,0,0,0
IDJNMB_01980 hypothetical protein,Unmatched,0,0,0
IDJNMB_01985 HAS-barrel domain-containing protein,Unmatched,0,0,0
IDJNMB_01990 cytochrome D ubiquinol oxidase subunit II,Unmatched,0,0,0
IDJNMB_01995 hypothetical protein,Unmatched,0,0,0
IDJNMB_02000 tRNA preQ1(34) S-adenosylmethionine ribosyltransferase-isomerase QueA,Unmatched,0,0,0
IDJNMB_02005 glycosyl transferase,Unmatched,0,0,0
IDJNMB_02025 NAD synthetase,Unmatched,0,0,0
IDJNMB_02030 pyridine nucleotide transhydrogenase,Unmatched,0,0,0
IDJNMB_02035 Re/Si-specific NAD(P)(+) transhydrogenase subunit alpha,Unmatched,0,0,0
IDJNMB_02040 PspA/IM30 family,Unmatched,0,0,0
IDJNMB_02045 phage shock protein A,Unmatched,0,0,0
IDJNMB_02050 hypothetical protein,Unmatched,0,0,0
IDJNMB_02055 DUF721 domain-containing protein,Unmatched,0,0,0
IDJNMB_02060 hypothetical protein,Unmatched,0,0,0
IDJNMB_02065 glycosyl transferase family 2,Unmatched,0,0,0
IDJNMB_02070 flagellar biosynthesis protein FlgM,Unmatched,0,0,0
IDJNMB_02075 prolipoprotein diacylglyceryl transferase,Unmatched,0,0,0
IDJNMB_02080 tRNA-Leu(tag),Unmatched,0,0,0
IDJNMB_02085 Uma2 family endonuclease,Unmatched,0,0,0
IDJNMB_02090 glycosyl transferase family 1,Unmatched,0,0,0
IDJNMB_02095 hypothetical protein,Unmatched,0,0,0
IDJNMB_02100 glycosyltransferase,Unmatched,0,0,0
IDJNMB_02105 sugar transferase,Unmatched,0,0,0
IDJNMB_02110 Glycosyl transferase family 8,Unmatched,0,0,0
IDJNMB_02115 glycosyltransferase family 2 protein,Unmatched,0,0,0
IDJNMB_02120 glycosyl transferase 2 family protein,Unmatched,0,0,0
IDJNMB_02125 hypothetical protein,Unmatched,0,0,0
IDJNMB_02130 molybdate ABC transporter substrate-binding protein,Unmatched,0,0,0
IDJNMB_02135 molybdate ABC transporter permease subunit,Unmatched,0,0,0
IDJNMB_02140 NACHT domain-containing protein,Unmatched,0,0,0
IDJNMB_02145 Very-short-patch-repair endonuclease,Unmatched,0,0,0
IDJNMB_02150 uroporphyrinogen-III C-methyltransferase,Unmatched,0,0,0
IDJNMB_02155 phosphatidate cytidylyltransferase,Unmatched,0,0,0
"IDJNMB_02160 precorrin-6Y C5,15-methyltransferase subunit CbiT",Unmatched,0,0,0
IDJNMB_02165 YqeG family HAD IIIA-type phosphatase,Unmatched,0,0,0
IDJNMB_02170 SAM-dependent methyltransferase,Unmatched,0,0,0
IDJNMB_02175 ferrochelatase,Unmatched,0,0,0
IDJNMB_02180 cytochrome-c oxidase,Unmatched,0,0,0
IDJNMB_02185 peptide chain release factor 2,Unmatched,0,0,0
IDJNMB_02190 DUF3747 domain-containing protein,Unmatched,0,0,0
IDJNMB_02195 UDP-N-acetylmuramoyl-L-alanine--D-glutamate ligase,Unmatched,0,0,0
IDJNMB_02200 GHL10 domain-containing protein,Unmatched,0,0,0
IDJNMB_02205 30S ribosomal protein S21,Unmatched,0,0,0
IDJNMB_02210 RNA pseudouridine synthase,Unmatched,0,0,0
IDJNMB_02215 cysteine desulfurase,Unmatched,0,0,0
IDJNMB_02220 Fe-S cluster assembly protein SufD,Unmatched,0,0,0
IDJNMB_02225 Fe-S cluster assembly ATPase SufC,Unmatched,0,0,0
IDJNMB_02230 Fe-S cluster assembly protein SufB,Unmatched,0,0,0
IDJNMB_02235 iron-sulfur cluster biosynthesis transcriptional regulator SufR,Unmatched,0,0,0
IDJNMB_02240 CPBP family intramembrane metalloprotease domain-containing protein,Unmatched,0,0,0
IDJNMB_02245 glycosyltransferase WbuB,Unmatched,0,0,0
IDJNMB_02250 phosphoribosylamine--glycine ligase,Unmatched,0,0,0
IDJNMB_02255 UDP-N-acetylmuramoyl-tripeptide--D-alanyl-D-alanine ligase,Unmatched,0,0,0
IDJNMB_02260 hypothetical protein,Unmatched,0,0,0
IDJNMB_02265 protoporphyrinogen oxidase HemJ,Unmatched,0,0,0
IDJNMB_02270 helicase,Unmatched,0,0,0
IDJNMB_02275 transcription antitermination factor NusB,Unmatched,0,0,0
IDJNMB_02280 adenylate cyclase,Unmatched,0,0,0
IDJNMB_02285 lactoylglutathione lyase,Unmatched,0,0,0
IDJNMB_02290 Prepilin-type N-terminal cleavage/methylation domain protein,Unmatched,0,0,0
IDJNMB_02295 anthranilate synthase component I,Unmatched,0,0,0
IDJNMB_02300 Photosystem I reaction center subunit II,Unmatched,0,0,0
IDJNMB_02305 iron ABC transporter permease,Unmatched,0,0,0
IDJNMB_02310 Zn-dependent hydrolase,Unmatched,0,0,0
IDJNMB_02315 aminodeoxychorismate/anthranilate synthase component II,Unmatched,0,0,0
IDJNMB_02320 Sll0301 protein,Unmatched,0,0,0
IDJNMB_02325 LytR family transcriptional regulator,Unmatched,0,0,0
"IDJNMB_02330 Cell wall-associated hydrolase, NlpC_P60 family",Unmatched,0,0,0
IDJNMB_02335 cation transporter,Unmatched,0,0,0
IDJNMB_02340 carbonate dehydratase,Unmatched,0,0,0
IDJNMB_02345 hypothetical protein,Unmatched,0,0,0
IDJNMB_02350 Similarity,Unmatched,0,0,0
IDJNMB_02355 Similarity,Unmatched,0,0,0
IDJNMB_02360 AAA domain-containing protein,Unmatched,0,0,0
IDJNMB_02365 FGE-sulfatase domain-containing protein,Unmatched,0,0,0
IDJNMB_02370 hypothetical protein,Unmatched,0,0,0
IDJNMB_02375 HD domain-containing protein,Unmatched,0,0,0
IDJNMB_02380 DUF29 domain-containing protein,Unmatched,0,0,0
IDJNMB_02385 Putative restriction endonuclease,Unmatched,0,0,0
"IDJNMB_02390 Endonuclease, Uma2 family (restriction endonuclease fold)",Unmatched,0,0,0
IDJNMB_02395 DNA helicase,Unmatched,0,0,0
IDJNMB_02400 Uma2 family endonuclease,Unmatched,0,0,0
IDJNMB_02405 Isoleucine--tRNA ligase,Unmatched,0,0,0
IDJNMB_02410 hypothetical protein,Unmatched,0,0,0
IDJNMB_02415 ATPase,Unmatched,0,0,0
IDJNMB_02430 NB-ARC domain protein,Unmatched,0,0,0
IDJNMB_02435 radical SAM protein,Unmatched,0,0,0
IDJNMB_02440 chromosome segregation protein SMC,Unmatched,0,0,0
IDJNMB_02445 YCII domain-containing protein,Unmatched,0,0,0
IDJNMB_02450 PAP2 superfamily,Unmatched,0,0,0
IDJNMB_02455 Glycosyltransferase involved in cell wall bisynthesis,Unmatched,0,0,0
IDJNMB_02460 HEAT repeat domain-containing protein,Unmatched,0,0,0
IDJNMB_02465 L-aspartate oxidase,Unmatched,0,0,0
IDJNMB_02470 photosystem II complex extrinsic protein PsbU,Unmatched,0,0,0
IDJNMB_02475 peroxiredoxin,Unmatched,0,0,0
IDJNMB_02480 Soluble [2Fe-2S] ferredoxin,Unmatched,0,0,0
IDJNMB_02485 tRNA-Tyr(gta),Unmatched,0,0,0
IDJNMB_02490 tRNA-Thr(ggt),Unmatched,0,0,0
IDJNMB_02495 alpha-mannosidase,Unmatched,0,0,0
IDJNMB_02500 photosystem II reaction center protein PsbN,Unmatched,0,0,0
IDJNMB_02505 carbonic anhydrase,Unmatched,0,0,0
IDJNMB_02510 Putative DNA binding domain-containing protein,Unmatched,0,0,0
IDJNMB_02515 glutaminase A,Unmatched,0,0,0
IDJNMB_02520 Cyano-1 RNA,Unmatched,0,0,0
IDJNMB_02525 gas vesicle protein,Unmatched,0,0,0
IDJNMB_02530 hypothetical protein,Unmatched,0,0,0
IDJNMB_02535 hypothetical protein,Unmatched,0,0,0
IDJNMB_02540 methanol dehydrogenase,Unmatched,0,0,0
IDJNMB_02545 DUF2993 domain-containing protein,Unmatched,0,0,0
IDJNMB_02550 DNA-binding response regulator,Unmatched,0,0,0
IDJNMB_02555 ferredoxin,Unmatched,0,0,0
IDJNMB_02560 hypothetical protein,Unmatched,0,0,0
IDJNMB_02565 hypothetical protein,Unmatched,0,0,0
IDJNMB_02570 hypothetical protein,Unmatched,0,0,0
IDJNMB_02575 cobyric acid synthase CobQ,Unmatched,0,0,0
IDJNMB_02580 (2Fe-2S)-binding protein,Unmatched,0,0,0
IDJNMB_02585 cytochrome B,Unmatched,0,0,0
IDJNMB_02590 TIGR00297 family protein,Unmatched,0,0,0
IDJNMB_02595 amino acid ABC transporter substrate-binding protein,Unmatched,0,0,0
IDJNMB_02600 lipid kinase,Unmatched,0,0,0
IDJNMB_02605 tRNA-Thr(tgt),Unmatched,0,0,0
IDJNMB_02610 NAD(P)H-quinone oxidoreductase subunit F,Unmatched,0,0,0
IDJNMB_02615 PHP domain-containing protein,Unmatched,0,0,0
IDJNMB_02620 6-carboxytetrahydropterin synthase QueD,Unmatched,0,0,0
IDJNMB_02625 lipoprotein NlpI,Unmatched,0,0,0
IDJNMB_02630 serine protease,Unmatched,0,0,0
IDJNMB_02635 Circadian oscillating protein COP23,Unmatched,0,0,0
IDJNMB_02640 hypothetical protein,Unmatched,0,0,0
IDJNMB_02645 hypothetical protein,Unmatched,0,0,0
IDJNMB_02650 TPR repeat-containing protein,Unmatched,0,0,0
IDJNMB_02655 complex I intermediate-associated 30 family protein,Unmatched,0,0,0
IDJNMB_02660 molecular chaperone DnaJ,Unmatched,0,0,0
IDJNMB_02665 haloacid dehalogenase,Unmatched,0,0,0
"IDJNMB_02670 Membrane-associated protein containing RNA-binding TRAM domain and ribonuclease PIN-domain, YacL B-subtilis ortholog",Unmatched,0,0,0
IDJNMB_02675 solanesyl diphosphate synthase,Unmatched,0,0,0
IDJNMB_02680 hypothetical protein,Unmatched,0,0,0
IDJNMB_02685 (2Fe-2S)-binding protein,Unmatched,0,0,0
IDJNMB_02690 citramalate synthase,Unmatched,0,0,0
IDJNMB_02695 hypothetical protein,Unmatched,0,0,0
IDJNMB_02710 pilus assembly protein PilM,Unmatched,0,0,0
IDJNMB_02715 ketol-acid reductoisomerase,Unmatched,0,0,0
"IDJNMB_02720 ECF-type riboflavin transporter, S component",Unmatched,0,0,0
IDJNMB_02725 hypothetical protein,Unmatched,0,0,0
IDJNMB_02730 peptidase,Unmatched,0,0,0
IDJNMB_02735 hypothetical protein,Unmatched,0,0,0
IDJNMB_02740 fused N-dimethylarginine dimethylaminohydrolase/saccharopine dehydrogenase domain-containing protein,Unmatched,0,0,0
IDJNMB_02745 hypothetical protein,Unmatched,0,0,0
IDJNMB_02750 GUN4 domain-containing protein,Unmatched,0,0,0
IDJNMB_02755 EAL domain-containing protein,Unmatched,0,0,0
IDJNMB_02760 RelE/StbE replicon stabilization toxin,Unmatched,0,0,0
IDJNMB_02765 hypothetical protein,Unmatched,0,0,0
IDJNMB_02770 acyl carrier protein,Unmatched,0,0,0
IDJNMB_02775 beta-ketoacyl-ACP synthase II,Unmatched,0,0,0
IDJNMB_02780 transketolase,Unmatched,0,0,0
IDJNMB_02785 Restriction endonuclease,Unmatched,0,0,0
IDJNMB_02790 DNA adenine methylase,Unmatched,0,0,0
IDJNMB_02795 Similarity (Modular protein),Unmatched,0,0,0
IDJNMB_02800 PIN domain-containing protein,Unmatched,0,0,0
IDJNMB_02805 hypothetical protein,Unmatched,0,0,0
IDJNMB_02810 Similarity,Unmatched,0,0,0
IDJNMB_02815 tRNA-Leu(caa),Unmatched,0,0,0
"IDJNMB_02820 Zn-dependent protease, containings TPR repeats",Unmatched,0,0,0
IDJNMB_02825 sulfite exporter TauE/SafE family protein,Unmatched,0,0,0
IDJNMB_02830 peptidase,Unmatched,0,0,0
IDJNMB_02835 3-oxoacyl-[acyl-carrier-protein] reductase,Unmatched,0,0,0
IDJNMB_02840 glycerol acyltransferase,Unmatched,0,0,0
IDJNMB_02845 DUF29 domain-containing protein,Unmatched,0,0,0
IDJNMB_02850 SH3 domain-containing protein,Unmatched,0,0,0
IDJNMB_02855 Calcium-binding protein,Unmatched,0,0,0
IDJNMB_02860 hypothetical protein,Unmatched,0,0,0
IDJNMB_02865 class I SAM-dependent methyltransferase,Unmatched,0,0,0
IDJNMB_02870 excinuclease ABC subunit UvrA,Unmatched,0,0,0
IDJNMB_02875 serine O-acetyltransferase,Unmatched,0,0,0
IDJNMB_02880 alkaline phosphatase,Unmatched,0,0,0
IDJNMB_02885 DUF29 domain-containing protein,Unmatched,0,0,0
IDJNMB_02890 peptidase C69,Unmatched,0,0,0
IDJNMB_02895 DUF456 domain-containing protein,Unmatched,0,0,0
IDJNMB_02900 Metalloprotease slr1322,Unmatched,0,0,0
IDJNMB_02905 hypothetical protein,Unmatched,0,0,0
"IDJNMB_02910 transfer-messenger RNA, SsrA",Unmatched,0,0,0
IDJNMB_02915 pyridoxal phosphate-dependent aminotransferase,Unmatched,0,0,0
IDJNMB_02920 16S rRNA (cytosine(1402)-N(4))-methyltransferase RsmH,Unmatched,0,0,0
"IDJNMB_02925 threonine ammonia-lyase, biosynthetic",Unmatched,0,0,0
IDJNMB_02930 hypothetical protein,Unmatched,0,0,0
IDJNMB_02935 Serine/threonine kinase,Unmatched,0,0,0
IDJNMB_02940 J domain-containing protein,Unmatched,0,0,0
IDJNMB_02945 serine protease,Unmatched,0,0,0
IDJNMB_02950 Serine/threonine-protein kinase PknA,Unmatched,0,0,0
IDJNMB_02955 serine/threonine protein kinase,Unmatched,0,0,0
IDJNMB_02960 hypothetical protein,Unmatched,0,0,0
IDJNMB_02965 GTPase Era,Unmatched,0,0,0
IDJNMB_02970 uracil-DNA glycosylase,Unmatched,0,0,0
IDJNMB_02975 16S rRNA (guanine(966)-N(2))-methyltransferase RsmD,Unmatched,0,0,0
IDJNMB_02980 threonine synthase,Unmatched,0,0,0
IDJNMB_02985 molybdopterin synthase sulfur carrier subunit,Unmatched,0,0,0
IDJNMB_02990 hypothetical protein,Unmatched,0,0,0
IDJNMB_02995 DUF29 domain-containing protein,Unmatched,0,0,0
IDJNMB_03000 N6-Mtase domain-containing protein,Unmatched,0,0,0
IDJNMB_03005 DUF29 domain-containing protein,Unmatched,0,0,0
IDJNMB_03010 hypothetical protein,Unmatched,0,0,0
IDJNMB_03015 hypothetical protein,Unmatched,0,0,0
IDJNMB_03020 Fe2OG dioxygenase domain-containing protein,Unmatched,0,0,0
IDJNMB_03025 glycerol acyltransferase,Unmatched,0,0,0
"IDJNMB_03030 Endonuclease, Uma2 family (restriction endonuclease fold)",Unmatched,0,0,0
IDJNMB_03035 Lysylphosphatidylglycerol synthase TM region,Unmatched,0,0,0
IDJNMB_03040 Domain of unknown function DUF29,Unmatched,0,0,0
IDJNMB_03045 DUF29 domain-containing protein,Unmatched,0,0,0
IDJNMB_03050 DUF29 domain-containing protein,Unmatched,0,0,0
IDJNMB_03055 DUF29 domain-containing protein,Unmatched,0,0,0
IDJNMB_03060 cytochrome b6-f complex subunit PetL,Unmatched,0,0,0
IDJNMB_03065 DNA repair protein RadA,Unmatched,0,0,0
IDJNMB_03070 DNA-binding response regulator,Unmatched,0,0,0
IDJNMB_03075 cofactor assembly of complex C subunit B,Unmatched,0,0,0
IDJNMB_03080 hypothetical protein,Unmatched,0,0,0
IDJNMB_03085 GTP cyclohydrolase I FolE,Unmatched,0,0,0
IDJNMB_03090 porphobilinogen synthase,Unmatched,0,0,0
IDJNMB_03095 Chromophore lyase CpcT/CpeT 3,Unmatched,0,0,0
IDJNMB_03100 thioredoxin domain-containing protein,Unmatched,0,0,0
IDJNMB_03140 replication/maintenance protein,Unmatched,0,0,0
IDJNMB_03145 Threonyl-tRNA synthetase,Unmatched,0,0,0
"IDJNMB_03150 type II toxin-antitoxin system mRNA interferase toxin, RelE/StbE family",Unmatched,0,0,0
IDJNMB_03155 GTP-binding protein,Unmatched,0,0,0
IDJNMB_03160 transglutaminase-like superfamily protein,Unmatched,0,0,0
IDJNMB_03165 hypothetical protein,Unmatched,0,0,0
IDJNMB_03170 sodium:proton antiporter,Unmatched,0,0,0
IDJNMB_03175 N-acetylmuramoyl-L-alanine amidase,Unmatched,0,0,0
IDJNMB_03180 glutamate racemase,Unmatched,0,0,0
IDJNMB_03185 hypothetical protein,Unmatched,0,0,0
IDJNMB_03190 SWIM-type domain-containing protein,Unmatched,0,0,0
IDJNMB_03195 SWIM-type domain-containing protein,Unmatched,0,0,0
IDJNMB_03200 chromosome partitioning protein ParB,Unmatched,0,0,0
IDJNMB_03205 HTH cro/C1-type domain-containing protein,Unmatched,0,0,0
IDJNMB_03210 hypothetical protein,Unmatched,0,0,0
IDJNMB_03215 hypothetical protein,Unmatched,0,0,0
IDJNMB_03220 hypothetical protein,Unmatched,0,0,0
IDJNMB_03225 hypothetical protein,Unmatched,0,0,0
IDJNMB_03230 hypothetical protein,Unmatched,0,0,0
IDJNMB_03235 Transposase,Unmatched,0,0,0
IDJNMB_03240 phosphoenolpyruvate synthase,Unmatched,0,0,0
IDJNMB_03245 Uncharacterised protein family (UPF0175),Unmatched,0,0,0
IDJNMB_03250 peptidase M16,Unmatched,0,0,0
IDJNMB_03255 ATP-binding protein,Unmatched,0,0,0
IDJNMB_03260 twin-arginine translocase subunit TatC,Unmatched,0,0,0
IDJNMB_03265 hypothetical protein,Unmatched,0,0,0
IDJNMB_03270 photosystem II chlorophyll-binding protein CP47,Unmatched,0,0,0
IDJNMB_03275 photosystem II reaction center protein J,Unmatched,0,0,0
IDJNMB_03280 photosystem II reaction center protein L,Unmatched,0,0,0
IDJNMB_03285 cytochrome b559 subunit beta,Unmatched,0,0,0
IDJNMB_03290 cytochrome b559 subunit alpha,Unmatched,0,0,0
IDJNMB_03295 photosynthesis system II assembly factor Ycf48,Unmatched,0,0,0
IDJNMB_03300 rubredoxin,Unmatched,0,0,0
IDJNMB_03310 Lectin MVL,Unmatched,0,0,0
IDJNMB_03320 IS110 family transposase,Unmatched,0,0,0
IDJNMB_03325 hypothetical protein,Unmatched,0,0,0
IDJNMB_03330 DUF455 domain-containing protein,Unmatched,0,0,0
IDJNMB_03335 pentapeptide repeat-containing protein,Unmatched,0,0,0
IDJNMB_03340 Putative restriction endonuclease,Unmatched,0,0,0
IDJNMB_03345 DNA-binding response regulator,Unmatched,0,0,0
IDJNMB_03350 histidine kinase,Unmatched,0,0,0
IDJNMB_03355 cobalt-precorrin-5B (C(1))-methyltransferase CbiD,Unmatched,0,0,0
IDJNMB_03360 glutamine-hydrolyzing GMP synthase,Unmatched,0,0,0
IDJNMB_03365 DNA (cytosine-5-)-methyltransferase,Unmatched,0,0,0
IDJNMB_03370 peptidase S8 and S53 subtilisin kexin sedolisin,Unmatched,0,0,0
IDJNMB_03375 calcium/proton exchanger,Unmatched,0,0,0
"IDJNMB_03380 biphenyl 2,3-dioxygenase",Unmatched,0,0,0
IDJNMB_03385 DUF6679 domain-containing protein,Unmatched,0,0,0
IDJNMB_03390 alpha/beta hydrolase,Unmatched,0,0,0
IDJNMB_03395 hypothetical protein,Unmatched,0,0,0
IDJNMB_03400 DUF1049 domain-containing protein,Unmatched,0,0,0
IDJNMB_03405 hypothetical protein,Unmatched,0,0,0
IDJNMB_03410 type III-B CRISPR module RAMP protein Cmr6,Unmatched,0,0,0
IDJNMB_03415 hypothetical protein,Unmatched,0,0,0
IDJNMB_03420 Putative restriction endonuclease,Unmatched,0,0,0
IDJNMB_03425 type III-B CRISPR module RAMP protein Cmr4,Unmatched,0,0,0
IDJNMB_03430 CRISPR-associated RAMP Cmr3,Unmatched,0,0,0
IDJNMB_03435 type III-B CRISPR-associated protein Cas10/Cmr2,Unmatched,0,0,0
IDJNMB_03440 hypothetical protein,Unmatched,0,0,0
IDJNMB_03445 proline hydroxylase,Unmatched,0,0,0
IDJNMB_03450 methyltransferase,Unmatched,0,0,0
IDJNMB_03455 phosphoglucosamine mutase,Unmatched,0,0,0
IDJNMB_03460 hypothetical protein,Unmatched,0,0,0
IDJNMB_03465 Photosystem II manganese-stabilizing polypeptide,Unmatched,0,0,0
IDJNMB_03470 restriction endonuclease,Unmatched,0,0,0
IDJNMB_03475 DUF29 domain-containing protein,Unmatched,0,0,0
IDJNMB_03480 amino acid ABC transporter ATP-binding protein,Unmatched,0,0,0
IDJNMB_03485 sodium:proton antiporter,Unmatched,0,0,0
IDJNMB_03490 hydrophobe/amphiphile efflux-1 family RND transporter,Unmatched,0,0,0
IDJNMB_03495 CemA family,Unmatched,0,0,0
IDJNMB_03500 FkbM family methyltransferase,Unmatched,0,0,0
IDJNMB_03505 glycosyl transferase family 1,Unmatched,0,0,0
IDJNMB_03510 replication restart DNA helicase PriA,Unmatched,0,0,0
IDJNMB_03515 hypothetical protein,Unmatched,0,0,0
IDJNMB_03520 PAS domain-containing sensor histidine kinase,Unmatched,0,0,0
IDJNMB_03525 DZANK-type domain-containing protein,Unmatched,0,0,0
IDJNMB_03530 hypothetical protein,Unmatched,0,0,0
IDJNMB_03535 hypothetical protein,Unmatched,0,0,0
IDJNMB_03540 SDR family oxidoreductase,Unmatched,0,0,0
IDJNMB_03545 GTP cyclohydrolase I FolE,Unmatched,0,0,0
IDJNMB_03550 phosphoribosylanthranilate isomerase,Unmatched,0,0,0
IDJNMB_03555 photosystem I reaction center subunit PsaK,Unmatched,0,0,0
IDJNMB_03560 Similarity,Unmatched,0,0,0
IDJNMB_03565 DUF3011 domain-containing protein,Unmatched,0,0,0
IDJNMB_03570 glycosyl transferase family 1,Unmatched,0,0,0
IDJNMB_03575 chorismate synthase,Unmatched,0,0,0
IDJNMB_03580 DNA/RNA nuclease SfsA,Unmatched,0,0,0
IDJNMB_03585 RNA-binding protein containing a PIN domain protein,Unmatched,0,0,0
IDJNMB_03590 LuxR family transcriptional regulator,Unmatched,0,0,0
IDJNMB_03595 UPF0367 protein MAE_19160,Unmatched,0,0,0
IDJNMB_03600 prevent-host-death protein,Unmatched,0,0,0
IDJNMB_03605 lysozyme,Unmatched,0,0,0
IDJNMB_03610 N-acetylmuramoyl-L-alanine amidase XlyA,Unmatched,0,0,0
IDJNMB_03615 hypothetical protein,Unmatched,0,0,0
IDJNMB_03620 hypothetical protein,Unmatched,0,0,0
IDJNMB_03625 hypothetical protein,Unmatched,0,0,0
IDJNMB_03630 DUF3854 domain-containing protein,Unmatched,0,0,0
IDJNMB_03635 hypothetical protein,Unmatched,0,0,0
IDJNMB_03640 Transposase,Unmatched,0,0,0
IDJNMB_03645 glucokinase,Unmatched,0,0,0
IDJNMB_03650 Carboxysome shell protein CcmP,Unmatched,0,0,0
IDJNMB_03655 hypothetical protein,Unmatched,0,0,0
IDJNMB_03660 FAD-dependent oxidoreductase,Unmatched,0,0,0
IDJNMB_03665 6S / SsrS RNA,Unmatched,0,0,0
IDJNMB_03670 peptidase M16,Unmatched,0,0,0
IDJNMB_03675 Fructosamine kinase,Unmatched,0,0,0
IDJNMB_03680 undecaprenyldiphospho-muramoylpentapeptide beta-N-acetylglucosaminyltransferase,Unmatched,0,0,0
IDJNMB_03685 hypothetical protein,Unmatched,0,0,0
IDJNMB_03690 transglutaminase,Unmatched,0,0,0
IDJNMB_03695 hypothetical protein,Unmatched,0,0,0
"IDJNMB_03700 beta-propeller domain-containing protein, methanol dehydrogenase",Unmatched,0,0,0
IDJNMB_03705 hybrid sensor histidine kinase/response regulator,Unmatched,0,0,0
IDJNMB_03710 hypothetical protein,Unmatched,0,0,0
IDJNMB_03715 LppP/LprE lipoprotein,Unmatched,0,0,0
IDJNMB_03720 single-stranded-DNA-specific exonuclease RecJ,Unmatched,0,0,0
IDJNMB_03725 Glutamate 5-kinase,Unmatched,0,0,0
IDJNMB_03730 allophycocyanin subunit beta,Unmatched,0,0,0
IDJNMB_03735 hypothetical protein,Unmatched,0,0,0
IDJNMB_03740 Ribonuclease VapC,Unmatched,0,0,0
IDJNMB_03745 Holliday junction resolvase RuvX,Unmatched,0,0,0
IDJNMB_03750 GNAT family N-acetyltransferase,Unmatched,0,0,0
IDJNMB_03755 DNA recombination-mediator protein A,Unmatched,0,0,0
IDJNMB_03760 MAPEG family protein,Unmatched,0,0,0
IDJNMB_03765 adenosine deaminase,Unmatched,0,0,0
IDJNMB_03770 hypothetical protein,Unmatched,0,0,0
IDJNMB_03775 alpha/beta hydrolase,Unmatched,0,0,0
IDJNMB_03780 hypothetical protein,Unmatched,0,0,0
IDJNMB_03785 hypothetical protein,Unmatched,0,0,0
IDJNMB_03790 hypothetical protein,Unmatched,0,0,0
IDJNMB_03795 hypothetical protein,Unmatched,0,0,0
IDJNMB_03800 lysozyme,Unmatched,0,0,0
IDJNMB_03805 DUF2235 domain-containing protein,Unmatched,0,0,0
IDJNMB_03810 hypothetical protein,Unmatched,0,0,0
IDJNMB_03815 cysteine synthase A,Unmatched,0,0,0
IDJNMB_03820 hypothetical protein,Unmatched,0,0,0
IDJNMB_03825 mercuric reductase,Unmatched,0,0,0
IDJNMB_03830 Transposase,Unmatched,0,0,0
IDJNMB_03835 DUF565 domain-containing protein,Unmatched,0,0,0
IDJNMB_03840 DUF3611 domain-containing protein,Unmatched,0,0,0
IDJNMB_03845 molecular chaperone DnaJ,Unmatched,0,0,0
IDJNMB_03850 PD-(D/E)XK nuclease family protein,Unmatched,0,0,0
IDJNMB_03855 hypothetical protein,Unmatched,0,0,0
IDJNMB_03860 Chromosome partition protein Smc,Unmatched,0,0,0
IDJNMB_03865 anticodon-binding protein,Unmatched,0,0,0
IDJNMB_03870 RHH-1 domain-containing protein,Unmatched,0,0,0
IDJNMB_03875 PIN domain nuclease,Unmatched,0,0,0
IDJNMB_03880 transglutaminase,Unmatched,0,0,0
IDJNMB_03885 A putative alpha-helical domain with a conserved ER motif,Unmatched,0,0,0
IDJNMB_03890 Circularly permuted ATP-grasp type 2,Unmatched,0,0,0
IDJNMB_03895 cytochrome b6,Unmatched,0,0,0
IDJNMB_03900 cytochrome b6-f complex subunit IV,Unmatched,0,0,0
IDJNMB_03905 phytoene/squalene synthase family protein,Unmatched,0,0,0
IDJNMB_03910 hypothetical protein,Unmatched,0,0,0
IDJNMB_03915 hypothetical protein,Unmatched,0,0,0
IDJNMB_03920 hypothetical protein,Unmatched,0,0,0
IDJNMB_03925 Chromosome partition protein Smc,Unmatched,0,0,0
IDJNMB_03930 two-component system response regulator,Unmatched,0,0,0
IDJNMB_03935 CheW,Unmatched,0,0,0
IDJNMB_03940 chemotaxis protein,Unmatched,0,0,0
IDJNMB_03945 glycosyltransferase,Unmatched,0,0,0
IDJNMB_03950 serine/threonine protein kinase,Unmatched,0,0,0
IDJNMB_03955 AAA-like domain-containing protein,Unmatched,0,0,0
IDJNMB_03960 radical SAM protein,Unmatched,0,0,0
IDJNMB_03965 hypothetical protein,Unmatched,0,0,0
IDJNMB_03990 DUF4258 domain-containing protein,Unmatched,0,0,0
IDJNMB_04025 Tetratricopeptide repeat protein,Unmatched,0,0,0
"IDJNMB_04030 Uncharacterized membrane protein PF0508, contains N-terminal glycosyltransferase domain of PMT family",Unmatched,0,0,0
IDJNMB_04035 hypothetical protein,Unmatched,0,0,0
IDJNMB_04040 hypothetical protein,Unmatched,0,0,0
IDJNMB_04045 aldolase,Unmatched,0,0,0
IDJNMB_04050 hypothetical protein,Unmatched,0,0,0
IDJNMB_04055 argininosuccinate lyase,Unmatched,0,0,0
IDJNMB_04060 NUDIX hydrolase,Unmatched,0,0,0
IDJNMB_04065 TIR domain-containing protein,Unmatched,0,0,0
IDJNMB_04070 hypothetical protein,Unmatched,0,0,0
IDJNMB_04075 RHH-1 domain-containing protein,Unmatched,0,0,0
IDJNMB_04080 VapC toxin family PIN domain ribonuclease,Unmatched,0,0,0
IDJNMB_04085 molecular chaperone DnaJ,Unmatched,0,0,0
IDJNMB_04090 bicarbonate-binding protein,Unmatched,0,0,0
IDJNMB_04095 nitrate ABC transporter permease,Unmatched,0,0,0
IDJNMB_04100 bacitracin ABC transporter ATP-binding protein,Unmatched,0,0,0
IDJNMB_04105 bacitracin ABC transporter ATP-binding protein,Unmatched,0,0,0
IDJNMB_04110 Phosphate-starvation-inducible E family,Unmatched,0,0,0
IDJNMB_04115 SH3b domain-containing protein,Unmatched,0,0,0
IDJNMB_04120 AAA family ATPase,Unmatched,0,0,0
IDJNMB_04125 hypothetical protein,Unmatched,0,0,0
IDJNMB_04130 aminotransferase DegT,Unmatched,0,0,0
IDJNMB_04135 polyprenol monophosphomannose synthase,Unmatched,0,0,0
IDJNMB_04140 hypothetical protein,Unmatched,0,0,0
IDJNMB_04145 Cytoplasmic protein,Unmatched,0,0,0
IDJNMB_04150 hypothetical protein,Unmatched,0,0,0
IDJNMB_04155 acyl-CoA desaturase,Unmatched,0,0,0
IDJNMB_04160 helix-turn-helix domain containing protein,Unmatched,0,0,0
IDJNMB_04165 hypothetical protein,Unmatched,0,0,0
IDJNMB_04170 Adenylate cyclase,Unmatched,0,0,0
IDJNMB_04175 PspA/IM30 family,Unmatched,0,0,0
IDJNMB_04180 ABC transporter substrate-binding protein,Unmatched,0,0,0
IDJNMB_04185 DNA-binding response regulator,Unmatched,0,0,0
IDJNMB_04190 Carbohydrate-selective porin OprB,Unmatched,0,0,0
IDJNMB_04195 DNA topoisomerase (ATP-hydrolyzing) subunit B,Unmatched,0,0,0
IDJNMB_04200 BrnT family toxin,Unmatched,0,0,0
IDJNMB_04205 cytidine deaminase,Unmatched,0,0,0
IDJNMB_04210 cobalamin biosynthesis protein CbiM,Unmatched,0,0,0
IDJNMB_04215 cobalt transport protein,Unmatched,0,0,0
IDJNMB_04220 cobalt ECF transporter T component CbiQ,Unmatched,0,0,0
IDJNMB_04225 cobalt ABC transporter ATP-binding protein,Unmatched,0,0,0
IDJNMB_04230 PBS lyase,Unmatched,0,0,0
IDJNMB_04235 Ribosomal protein S12 methylthiotransferase RimO,Unmatched,0,0,0
IDJNMB_04240 glycoside hydrolase,Unmatched,0,0,0
IDJNMB_04245 histidinol-phosphatase,Unmatched,0,0,0
IDJNMB_04250 ribulose-phosphate 3-epimerase,Unmatched,0,0,0
IDJNMB_04255 DUF1815 domain-containing protein,Unmatched,0,0,0
IDJNMB_04260 glycosyl transferase,Unmatched,0,0,0
IDJNMB_04265 hypothetical protein,Unmatched,0,0,0
IDJNMB_04270 Glycosyltransferase family 87,Unmatched,0,0,0
IDJNMB_04275 glycosyl transferase,Unmatched,0,0,0
IDJNMB_04280 magnesium chelatase,Unmatched,0,0,0
IDJNMB_04285 histidine triad nucleotide-binding protein,Unmatched,0,0,0
IDJNMB_04290 aspartyl protease,Unmatched,0,0,0
IDJNMB_04295 4-hydroxyphenylpyruvate dioxygenase,Unmatched,0,0,0
IDJNMB_04300 oxidoreductase,Unmatched,0,0,0
IDJNMB_04305 hemolysin,Unmatched,0,0,0
IDJNMB_04310 Sulfate adenylyltransferase,Unmatched,0,0,0
IDJNMB_04315 peptidase C14,Unmatched,0,0,0
IDJNMB_04320 hypothetical protein,Unmatched,0,0,0
IDJNMB_04325 peptide-methionine (S)-S-oxide reductase,Unmatched,0,0,0
IDJNMB_04330 maltooligosyl trehalose synthase,Unmatched,0,0,0
"IDJNMB_04335 sulfite reductase, ferredoxin dependent",Unmatched,0,0,0
IDJNMB_04340 DUF262 domain-containing protein,Unmatched,0,0,0
IDJNMB_04345 HEPN-RiboL-PSP domain-containing protein,Unmatched,0,0,0
IDJNMB_04350 hypothetical protein,Unmatched,0,0,0
IDJNMB_04355 NAD(P)H-dependent glycerol-3-phosphate dehydrogenase,Unmatched,0,0,0
IDJNMB_04360 NUDIX hydrolase,Unmatched,0,0,0
IDJNMB_04365 ABC transporter permease,Unmatched,0,0,0
IDJNMB_04370 efflux transporter periplasmic adaptor subunit,Unmatched,0,0,0
IDJNMB_04375 cytochrome c biogenesis factor,Unmatched,0,0,0
IDJNMB_04380 hypothetical protein,Unmatched,0,0,0
IDJNMB_04385 hypothetical protein,Unmatched,0,0,0
IDJNMB_04390 Uncharacterized protein family UPF0150,Unmatched,0,0,0
IDJNMB_04395 AbrB/MazE/SpoVT family DNA-binding domain-containing protein,Unmatched,0,0,0
IDJNMB_04400 VapC toxin family PIN domain ribonuclease,Unmatched,0,0,0
IDJNMB_04405 hypothetical protein,Unmatched,0,0,0
IDJNMB_04410 CHAT domain-containing protein,Unmatched,0,0,0
IDJNMB_04415 glycosyl transferase family 2,Unmatched,0,0,0
IDJNMB_04420 NAD(P)/FAD-dependent oxidoreductase,Unmatched,0,0,0
IDJNMB_04425 Similar to Q3M894_ANAVT S-layer region-like,Unmatched,0,0,0
IDJNMB_04430 cadmium-translocating P-type ATPase,Unmatched,0,0,0
IDJNMB_04435 uroporphyrinogen decarboxylase,Unmatched,0,0,0
IDJNMB_04440 epimerase,Unmatched,0,0,0
IDJNMB_04445 LuxR family transcriptional regulator,Unmatched,0,0,0
IDJNMB_04450 Adenylyl-sulfate kinase,Unmatched,0,0,0
IDJNMB_04455 tail length tape measure protein,Unmatched,0,0,0
IDJNMB_04460 energy-coupling factor transporter transmembrane protein EcfT,Unmatched,0,0,0
IDJNMB_04465 dephospho-CoA kinase,Unmatched,0,0,0
IDJNMB_04470 phosphoribosylaminoimidazolesuccinocarboxamide synthase,Unmatched,0,0,0
IDJNMB_04475 Isopropylmalate/homocitrate/citramalate synthase,Unmatched,0,0,0
IDJNMB_04480 threonine--tRNA ligase,Unmatched,0,0,0
IDJNMB_04485 metal ABC transporter substrate-binding protein,Unmatched,0,0,0
IDJNMB_04490 cobalamin biosynthesis protein CobW,Unmatched,0,0,0
IDJNMB_04495 DUF4079 domain-containing protein,Unmatched,0,0,0
IDJNMB_04500 aminopeptidase,Unmatched,0,0,0
IDJNMB_04505 7-carboxy-7-deazaguanine synthase QueE,Unmatched,0,0,0
IDJNMB_04510 DUF2518 domain-containing protein,Unmatched,0,0,0
IDJNMB_04515 oxidoreductase,Unmatched,0,0,0
"IDJNMB_04520 HigB_toxin, RelE-like toxic component of a toxin-antitoxin system",Unmatched,0,0,0
IDJNMB_04525 hypothetical protein,Unmatched,0,0,0
IDJNMB_04530 Sigma70-r4-2 domain-containing protein,Unmatched,0,0,0
IDJNMB_04535 hypothetical protein,Unmatched,0,0,0
IDJNMB_04540 cryptochrome/photolyase family protein,Unmatched,0,0,0
IDJNMB_04545 translation initiation factor,Unmatched,0,0,0
IDJNMB_04550 TspO protein,Unmatched,0,0,0
IDJNMB_04555 precorrin-4 C(11)-methyltransferase,Unmatched,0,0,0
IDJNMB_04560 replicative DNA helicase,Unmatched,0,0,0
IDJNMB_04565 Dolichyl-phosphate-mannose-protein mannosyltransferase,Unmatched,0,0,0
IDJNMB_04570 GHL10 domain-containing protein,Unmatched,0,0,0
IDJNMB_04575 phosphoketolase,Unmatched,0,0,0
IDJNMB_04580 type I glyceraldehyde-3-phosphate dehydrogenase,Unmatched,0,0,0
IDJNMB_04585 UDP-glucose 4-epimerase,Unmatched,0,0,0
IDJNMB_04590 glycosyltransferase family 1 protein,Unmatched,0,0,0
IDJNMB_04595 glycosyl transferase family 1,Unmatched,0,0,0
IDJNMB_04600 Putative glycosyltransferase,Unmatched,0,0,0
IDJNMB_04605 Cyano-1 RNA,Unmatched,0,0,0
IDJNMB_04610 1-acyl-sn-glycerol-3-phosphate acyltransferase,Unmatched,0,0,0
IDJNMB_04615 hypothetical protein,Unmatched,0,0,0
IDJNMB_04620 adenosylcobinamide-phosphate synthase CbiB,Unmatched,0,0,0
IDJNMB_04625 GFA family protein,Unmatched,0,0,0
IDJNMB_04630 transcriptional regulator,Unmatched,0,0,0
IDJNMB_04635 AbrB family transcriptional regulator,Unmatched,0,0,0
IDJNMB_04640 SIMPL domain-containing protein,Unmatched,0,0,0
IDJNMB_04645 phosphopyruvate hydratase,Unmatched,0,0,0
IDJNMB_04650 DUF3887 domain-containing protein,Unmatched,0,0,0
IDJNMB_04655 glycogen debranching protein GlgX,Unmatched,0,0,0
IDJNMB_04660 hypothetical protein,Unmatched,0,0,0
IDJNMB_04665 FGE-sulfatase domain-containing protein,Unmatched,0,0,0
IDJNMB_04670 peptidase C14,Unmatched,0,0,0
IDJNMB_04675 hypothetical protein,Unmatched,0,0,0
IDJNMB_04680 hypothetical protein,Unmatched,0,0,0
IDJNMB_04685 PINc domain-containing protein,Unmatched,0,0,0
IDJNMB_04690 hypothetical protein,Unmatched,0,0,0
IDJNMB_04695 adenosylcobinamide-GDP ribazoletransferase,Unmatched,0,0,0
IDJNMB_04700 peptidase,Unmatched,0,0,0
IDJNMB_04705 hypothetical protein,Unmatched,0,0,0
IDJNMB_04710 potassium channel protein,Unmatched,0,0,0
IDJNMB_04715 DNA-formamidopyrimidine glycosylase,Unmatched,0,0,0
IDJNMB_04720 Cytochrome c biogenesis protein CcsB,Unmatched,0,0,0
IDJNMB_04725 cytochrome C biogenesis protein,Unmatched,0,0,0
IDJNMB_04730 glyoxalase,Unmatched,0,0,0
IDJNMB_04735 ABC transporter substrate-binding protein,Unmatched,0,0,0
IDJNMB_04740 peptide ABC transporter substrate-binding protein,Unmatched,0,0,0
IDJNMB_04745 hypothetical protein,Unmatched,0,0,0
IDJNMB_04750 hypothetical protein,Unmatched,0,0,0
IDJNMB_04755 DUF2281 domain-containing protein,Unmatched,0,0,0
IDJNMB_04760 nucleic acid-binding protein,Unmatched,0,0,0
IDJNMB_04765 DUF433 domain-containing protein,Unmatched,0,0,0
IDJNMB_04770 ACP S-malonyltransferase,Unmatched,0,0,0
IDJNMB_04775 peptidase,Unmatched,0,0,0
IDJNMB_04780 HigA family addiction module antitoxin,Unmatched,0,0,0
IDJNMB_04785 hypothetical protein,Unmatched,0,0,0
IDJNMB_04790 hypothetical protein,Unmatched,0,0,0
IDJNMB_04795 hypothetical protein,Unmatched,0,0,0
IDJNMB_04800 hypothetical protein,Unmatched,0,0,0
IDJNMB_04805 hypothetical protein,Unmatched,0,0,0
IDJNMB_04810 UDP-N-acetylmuramate dehydrogenase,Unmatched,0,0,0
IDJNMB_04815 UDP-N-acetylmuramate--L-alanine ligase,Unmatched,0,0,0
IDJNMB_04820 hypothetical protein,Unmatched,0,0,0
IDJNMB_04825 histidinol dehydrogenase,Unmatched,0,0,0
IDJNMB_04830 PIN domain-containing protein,Unmatched,0,0,0
IDJNMB_04835 AbrB/MazE/SpoVT family DNA-binding domain-containing protein,Unmatched,0,0,0
IDJNMB_04840 DNA-binding protein,Unmatched,0,0,0
IDJNMB_04845 oxidoreductase,Unmatched,0,0,0
IDJNMB_04850 Shikimate kinase,Unmatched,0,0,0
IDJNMB_04855 cupin,Unmatched,0,0,0
IDJNMB_04860 radical SAM family heme chaperone HemW,Unmatched,0,0,0
IDJNMB_04865 Uncharacterized PIN and TRAM-domain containing protein slr1972,Unmatched,0,0,0
IDJNMB_04870 thylakoid-associated protein,Unmatched,0,0,0
IDJNMB_04875 FADH(2)-oxidizing methylenetetrahydrofolate--tRNA-(uracil(54)-C(5))-methyltransferase TrmFO,Unmatched,0,0,0
IDJNMB_04880 2TM domain-containing protein,Unmatched,0,0,0
IDJNMB_04885 DNA mismatch repair protein MutS,Unmatched,0,0,0
IDJNMB_04890 serine/threonine protein phosphatase,Unmatched,0,0,0
IDJNMB_04895 oxygen-dependent coproporphyrinogen oxidase,Unmatched,0,0,0
IDJNMB_04900 tRNA lysidine(34) synthetase TilS,Unmatched,0,0,0
IDJNMB_04905 DNA helicase UvrD,Unmatched,0,0,0
IDJNMB_04910 hypothetical protein,Unmatched,0,0,0
IDJNMB_04915 hypothetical protein,Unmatched,0,0,0
IDJNMB_04920 4-hydroxybenzoate solanesyltransferase,Unmatched,0,0,0
IDJNMB_04925 NTP-transf-9 domain-containing protein,Unmatched,0,0,0
IDJNMB_04930 DUF1499 domain-containing protein,Unmatched,0,0,0
IDJNMB_04935 hypothetical protein,Unmatched,0,0,0
IDJNMB_04940 SRPBCC family protein,Unmatched,0,0,0
IDJNMB_04945 GUN4 domain-containing protein,Unmatched,0,0,0
IDJNMB_04950 hypothetical protein,Unmatched,0,0,0
IDJNMB_04960 phycocyanobilin:ferredoxin oxidoreductase,Unmatched,0,0,0
IDJNMB_04965 photosynthetic/respiratory NAD(P)H-quinone oxidoreductase subunit D1,Unmatched,0,0,0
IDJNMB_04970 ABC transporter,Unmatched,0,0,0
IDJNMB_04975 inositol monophosphatase,Unmatched,0,0,0
IDJNMB_04980 SMC-Scp complex subunit ScpB,Unmatched,0,0,0
IDJNMB_04985 DUF760 domain-containing protein,Unmatched,0,0,0
IDJNMB_04990 hydroxyacid dehydrogenase,Unmatched,0,0,0
IDJNMB_04995 SAM-dependent methyltransferase,Unmatched,0,0,0
IDJNMB_05000 hypothetical protein,Unmatched,0,0,0
IDJNMB_05005 30S ribosomal protein S1,Unmatched,0,0,0
IDJNMB_05010 carboxymethylenebutenolidase,Unmatched,0,0,0
IDJNMB_05015 Cof-type HAD-IIB family hydrolase,Unmatched,0,0,0
IDJNMB_05020 hypothetical protein,Unmatched,0,0,0
IDJNMB_05025 ATP-dependent DNA helicase RecG,Unmatched,0,0,0
IDJNMB_05030 hypothetical protein,Unmatched,0,0,0
IDJNMB_05035 4-hydroxy-tetrahydrodipicolinate reductase,Unmatched,0,0,0
IDJNMB_05040 asparaginase,Unmatched,0,0,0
IDJNMB_05045 DUF1230 domain-containing protein,Unmatched,0,0,0
IDJNMB_05050 ribosome silencing factor,Unmatched,0,0,0
IDJNMB_05055 bis(5'-nucleosyl)-tetraphosphatase (symmetrical) YqeK,Unmatched,0,0,0
IDJNMB_05060 GTP-binding protein,Unmatched,0,0,0
IDJNMB_05065 alpha-ketoacid dehydrogenase subunit beta,Unmatched,0,0,0
IDJNMB_05070 protein translocase subunit SecD,Unmatched,0,0,0
IDJNMB_05075 protein translocase subunit SecF,Unmatched,0,0,0
IDJNMB_05080 crossover junction endodeoxyribonuclease RuvC,Unmatched,0,0,0
IDJNMB_05085 UDP-N-acetylglucosamine 2-epimerase (non-hydrolyzing),Unmatched,0,0,0
IDJNMB_05090 MCE family protein,Unmatched,0,0,0
IDJNMB_05095 ABC transporter ATP-binding protein,Unmatched,0,0,0
IDJNMB_05100 TIGR03936 family radical SAM-associated protein,Unmatched,0,0,0
IDJNMB_05105 pilus assembly protein PilC,Unmatched,0,0,0
IDJNMB_05110 twitching motility protein PilT,Unmatched,0,0,0
IDJNMB_05115 general secretion pathway protein GspE,Unmatched,0,0,0
IDJNMB_05120 nucleotide exchange factor GrpE,Unmatched,0,0,0
IDJNMB_05125 hydrolase,Unmatched,0,0,0
IDJNMB_05130 glycogen debranching protein,Unmatched,0,0,0
IDJNMB_05135 ribonuclease P protein component,Unmatched,0,0,0
IDJNMB_05140 ribonuclease P,Unmatched,0,0,0
IDJNMB_05145 membrane protein insertase YidC,Unmatched,0,0,0
IDJNMB_05150 RNA-binding protein,Unmatched,0,0,0
IDJNMB_05155 Similarity,Unmatched,0,0,0
IDJNMB_05170 hypothetical protein,Unmatched,0,0,0
IDJNMB_05175 hypothetical protein,Unmatched,0,0,0
IDJNMB_05180 pyruvate kinase,Unmatched,0,0,0
IDJNMB_05185 Asp-tRNA(Asn)/Glu-tRNA(Gln) amidotransferase subunit GatB,Unmatched,0,0,0
IDJNMB_05190 chromosome partitioning protein ParA,Unmatched,0,0,0
IDJNMB_05195 hypothetical protein,Unmatched,0,0,0
IDJNMB_05200 molecular chaperone DnaJ,Unmatched,0,0,0
IDJNMB_05205 cation:proton antiporter,Unmatched,0,0,0
IDJNMB_05210 DUF4040 domain-containing protein,Unmatched,0,0,0
IDJNMB_05215 sodium:proton antiporter,Unmatched,0,0,0
IDJNMB_05220 Na+/H+ antiporter complex subunit F MrpF,Unmatched,0,0,0
IDJNMB_05225 cation:proton antiporter,Unmatched,0,0,0
IDJNMB_05230 cation:proton antiporter,Unmatched,0,0,0
IDJNMB_05235 cation:proton antiporter,Unmatched,0,0,0
IDJNMB_05240 Ni/Fe hydrogenase subunit alpha,Unmatched,0,0,0
"IDJNMB_05245 RNA polymerase sigma factor, RpoD/SigA family",Unmatched,0,0,0
IDJNMB_05250 PEP-CTERM domain-containing protein,Unmatched,0,0,0
IDJNMB_05255 hypothetical protein,Unmatched,0,0,0
IDJNMB_05260 Transposase,Unmatched,0,0,0
IDJNMB_05265 hypothetical protein,Unmatched,0,0,0
IDJNMB_05270 DUF1350 domain-containing protein,Unmatched,0,0,0
IDJNMB_05275 uridine phosphorylase,Unmatched,0,0,0
IDJNMB_05280 ferredoxin:protochlorophyllide reductase (ATP-dependent) subunit N,Unmatched,0,0,0
IDJNMB_05285 DUF5331 domain-containing protein,Unmatched,0,0,0
IDJNMB_05290 ferredoxin:protochlorophyllide reductase (ATP-dependent) iron-sulfur ATP-binding protein,Unmatched,0,0,0
IDJNMB_05295 hypothetical protein,Unmatched,0,0,0
IDJNMB_05300 hypothetical protein,Unmatched,0,0,0
IDJNMB_05305 4-hydroxy-3-methylbut-2-enyl diphosphate reductase,Unmatched,0,0,0
IDJNMB_05310 CRR6 family NdhI maturation factor,Unmatched,0,0,0
IDJNMB_05315 hypothetical protein,Unmatched,0,0,0
IDJNMB_05320 bile acid:sodium symporter,Unmatched,0,0,0
IDJNMB_05325 hypothetical protein,Unmatched,0,0,0
IDJNMB_05330 hypothetical protein,Unmatched,0,0,0
IDJNMB_05335 hypothetical protein,Unmatched,0,0,0
IDJNMB_05340 hypothetical protein,Unmatched,0,0,0
IDJNMB_05345 hypothetical protein,Unmatched,0,0,0
IDJNMB_05350 recombinase RecA,Unmatched,0,0,0
"IDJNMB_05355 2,5-didehydrogluconate reductase",Unmatched,0,0,0
IDJNMB_05360 hypothetical protein,Unmatched,0,0,0
IDJNMB_05365 Pentapeptide repeat-containing protein,Unmatched,0,0,0
IDJNMB_05370 XisI protein,Unmatched,0,0,0
IDJNMB_05375 fatty-acid oxidation protein subunit alpha,Unmatched,0,0,0
IDJNMB_05380 2-phosphosulfolactate phosphatase family protein,Unmatched,0,0,0
IDJNMB_05385 bifunctional folylpolyglutamate synthase/dihydrofolate synthase,Unmatched,0,0,0
IDJNMB_05390 DUF3352 domain-containing protein,Unmatched,0,0,0
IDJNMB_05395 quinone-dependent dihydroorotate dehydrogenase,Unmatched,0,0,0
IDJNMB_05400 molecular chaperone DnaJ,Unmatched,0,0,0
IDJNMB_05405 molecular chaperone DnaK,Unmatched,0,0,0
"IDJNMB_05410 Pseudouridine synthase RluA, 23S rRNA- or tRNA-specific",Unmatched,0,0,0
IDJNMB_05415 nucleoside-diphosphate kinase,Unmatched,0,0,0
IDJNMB_05420 histidine phosphatase family protein,Unmatched,0,0,0
IDJNMB_05425 histidine phosphatase family protein,Unmatched,0,0,0
IDJNMB_05430 hypothetical protein,Unmatched,0,0,0
IDJNMB_05435 hypothetical protein,Unmatched,0,0,0
IDJNMB_05440 hypothetical protein,Unmatched,0,0,0
IDJNMB_05445 hypothetical protein,Unmatched,0,0,0
IDJNMB_05450 LL-diaminopimelate aminotransferase,Unmatched,0,0,0
IDJNMB_05455 thiol reductase thioredoxin,Unmatched,0,0,0
IDJNMB_05460 peptide ABC transporter permease,Unmatched,0,0,0
IDJNMB_05465 UPF0284 protein MAE_56900,Unmatched,0,0,0
IDJNMB_05470 DNA starvation/stationary phase protection protein Dps,Unmatched,0,0,0
IDJNMB_05475 HicB family protein,Unmatched,0,0,0
IDJNMB_05480 HNH endonuclease,Unmatched,0,0,0
IDJNMB_05555 hypothetical protein,Unmatched,0,0,0
IDJNMB_05600 transposase,Unmatched,0,0,0
IDJNMB_05605 hypothetical protein,Unmatched,0,0,0
IDJNMB_05610 PIN domain-containing protein,Unmatched,0,0,0
IDJNMB_05615 DUF433 domain-containing protein,Unmatched,0,0,0
IDJNMB_05620 DUF5615 domain-containing protein,Unmatched,0,0,0
IDJNMB_05625 hypothetical protein,Unmatched,0,0,0
IDJNMB_05630 PIN domain-containing protein,Unmatched,0,0,0
IDJNMB_05635 DUF2191 domain-containing protein,Unmatched,0,0,0
IDJNMB_05640 hypothetical protein,Unmatched,0,0,0
IDJNMB_05645 Proton extrusion protein PcxA,Unmatched,0,0,0
IDJNMB_05650 UvrD-like helicase C-terminal domain-containing protein,Unmatched,0,0,0
IDJNMB_05655 porphobilinogen synthase,Unmatched,0,0,0
IDJNMB_05660 hypothetical protein,Unmatched,0,0,0
IDJNMB_05665 hypothetical protein,Unmatched,0,0,0
IDJNMB_05670 isochorismate synthase,Unmatched,0,0,0
IDJNMB_05675 hypothetical protein,Unmatched,0,0,0
IDJNMB_05680 SycD/LcrH family type III secretion system chaperone,Unmatched,0,0,0
IDJNMB_05685 phycocyanin alpha phycocyanobilin lyase,Unmatched,0,0,0
IDJNMB_05690 putative UDP-N-acetylglucosamine--peptide N-acetylglucosaminyltransferase SPINDLY,Unmatched,0,0,0
IDJNMB_05695 ABC transporter ATP-binding protein,Unmatched,0,0,0
IDJNMB_05700 hypothetical protein,Unmatched,0,0,0
IDJNMB_05705 sulfotransferase family protein,Unmatched,0,0,0
IDJNMB_05710 hypothetical protein,Unmatched,0,0,0
IDJNMB_05715 50S ribosomal protein L31,Unmatched,0,0,0
IDJNMB_05720 30S ribosomal protein S9,Unmatched,0,0,0
IDJNMB_05725 50S ribosomal protein L13,Unmatched,0,0,0
IDJNMB_05730 tRNA pseudouridine(38-40) synthase TruA,Unmatched,0,0,0
IDJNMB_05735 50S ribosomal protein L17,Unmatched,0,0,0
IDJNMB_05740 DNA-directed RNA polymerase subunit alpha,Unmatched,0,0,0
IDJNMB_05745 30S ribosomal protein S11,Unmatched,0,0,0
IDJNMB_05750 30S ribosomal protein S13,Unmatched,0,0,0
IDJNMB_05755 50S ribosomal protein L36,Unmatched,0,0,0
IDJNMB_05760 translation initiation factor IF-1,Unmatched,0,0,0
IDJNMB_05765 YCII domain-containing protein,Unmatched,0,0,0
IDJNMB_05770 2'-5' RNA ligase,Unmatched,0,0,0
IDJNMB_05775 glycolate oxidase subunit GlcD,Unmatched,0,0,0
IDJNMB_05780 hypothetical protein,Unmatched,0,0,0
IDJNMB_05785 hypothetical protein,Unmatched,0,0,0
IDJNMB_05790 Protein phosphatase 2C,Unmatched,0,0,0
IDJNMB_05795 thiol reductase thioredoxin,Unmatched,0,0,0
IDJNMB_05800 NnrU protein,Unmatched,0,0,0
IDJNMB_05805 2Fe-2S ferredoxin,Unmatched,0,0,0
IDJNMB_05810 translation initiation factor IF-3,Unmatched,0,0,0
IDJNMB_05815 ATPase,Unmatched,0,0,0
IDJNMB_05820 hypothetical protein,Unmatched,0,0,0
IDJNMB_05825 ATPase-AAA-core domain-containing protein,Unmatched,0,0,0
IDJNMB_05830 adenylosuccinate lyase,Unmatched,0,0,0
IDJNMB_05835 FAD-linked oxidase,Unmatched,0,0,0
IDJNMB_05840 photosystem II protein Y,Unmatched,0,0,0
IDJNMB_05845 gamma carbonic anhydrase family protein,Unmatched,0,0,0
IDJNMB_05850 TIGR02652 family protein,Unmatched,0,0,0
IDJNMB_05855 glyoxalase/bleomycin resistance/extradiol dioxygenase family protein,Unmatched,0,0,0
IDJNMB_05860 hypothetical protein,Unmatched,0,0,0
IDJNMB_05865 DCC1-like thiol-disulfide oxidoreductase,Unmatched,0,0,0
IDJNMB_05870 DUF760 domain-containing protein,Unmatched,0,0,0
IDJNMB_05875 GuaB3 family IMP dehydrogenase-related protein,Unmatched,0,0,0
IDJNMB_05880 hypothetical protein,Unmatched,0,0,0
IDJNMB_05885 NC domain-containing protein,Unmatched,0,0,0
IDJNMB_05890 hypothetical protein,Unmatched,0,0,0
IDJNMB_05895 phosphoribosyltransferase,Unmatched,0,0,0
IDJNMB_05900 cytochrome d ubiquinol oxidase subunit II,Unmatched,0,0,0
IDJNMB_05905 cytochrome ubiquinol oxidase subunit I,Unmatched,0,0,0
IDJNMB_05915 hypothetical protein,Unmatched,0,0,0
IDJNMB_05920 hypothetical protein,Unmatched,0,0,0
IDJNMB_05925 DUF4149 domain-containing protein,Unmatched,0,0,0
IDJNMB_05930 hypothetical protein,Unmatched,0,0,0
IDJNMB_05935 aspartate kinase,Unmatched,0,0,0
IDJNMB_05940 bifunctional ADP-dependent NAD(P)H-hydrate dehydratase/NAD(P)H-hydrate epimerase,Unmatched,0,0,0
IDJNMB_05945 serine esterase,Unmatched,0,0,0
IDJNMB_05950 16S rRNA (cytosine(967)-C(5))-methyltransferase,Unmatched,0,0,0
IDJNMB_05955 Tellurite resistance protein TerB,Unmatched,0,0,0
IDJNMB_05960 alpha-D-glucose phosphate-specific phosphoglucomutase,Unmatched,0,0,0
IDJNMB_05965 L-glutamate gamma-semialdehyde dehydrogenase,Unmatched,0,0,0
IDJNMB_05970 hypothetical protein,Unmatched,0,0,0
IDJNMB_05975 tRNA guanosine(34) transglycosylase Tgt,Unmatched,0,0,0
IDJNMB_05980 photosystem II reaction center protein K,Unmatched,0,0,0
IDJNMB_05985 Low-complexity protein,Unmatched,0,0,0
IDJNMB_05990 transcriptional regulator,Unmatched,0,0,0
IDJNMB_05995 DUF6398 domain-containing protein,Unmatched,0,0,0
IDJNMB_06000 Asp-tRNA(Asn)/Glu-tRNA(Gln) amidotransferase subunit GatA,Unmatched,0,0,0
IDJNMB_06005 type II toxin-antitoxin system death-on-curing family toxin,Unmatched,0,0,0
IDJNMB_06010 DNA-binding protein,Unmatched,0,0,0
IDJNMB_06015 UDP-3-O-acyl-N-acetylglucosamine deacetylase,Unmatched,0,0,0
IDJNMB_06020 outer membrane protein assembly factor,Unmatched,0,0,0
IDJNMB_06025 histidine kinase,Unmatched,0,0,0
IDJNMB_06030 hypothetical protein,Unmatched,0,0,0
IDJNMB_06035 FkbM family methyltransferase,Unmatched,0,0,0
IDJNMB_06040 Domain of unknown function DUF29,Unmatched,0,0,0
IDJNMB_06045 HEPN-MAE-28990 domain-containing protein,Unmatched,0,0,0
IDJNMB_06050 DUF262 domain-containing protein,Unmatched,0,0,0
IDJNMB_06055 isovaleryl-CoA dehydrogenase,Unmatched,0,0,0
IDJNMB_06060 polyketide synthase,Unmatched,0,0,0
IDJNMB_06065 heme-copper oxidase subunit III,Unmatched,0,0,0
IDJNMB_06070 cytochrome c oxidase subunit I,Unmatched,0,0,0
IDJNMB_06075 cytochrome c oxidase subunit II,Unmatched,0,0,0
IDJNMB_06080 heme A synthase,Unmatched,0,0,0
IDJNMB_06085 heme o synthase,Unmatched,0,0,0
IDJNMB_06090 chromosomal replication initiator protein DnaA,Unmatched,0,0,0
IDJNMB_06095 peptide deformylase,Unmatched,0,0,0
IDJNMB_06100 hypothetical protein,Unmatched,0,0,0
IDJNMB_06105 DUF3110 domain-containing protein,Unmatched,0,0,0
IDJNMB_06110 YraN family protein,Unmatched,0,0,0
IDJNMB_06115 cellulose synthase subunit BcsC,Unmatched,0,0,0
IDJNMB_06120 hypothetical protein,Unmatched,0,0,0
IDJNMB_06125 hypothetical protein,Unmatched,0,0,0
IDJNMB_06130 Lysylphosphatidylglycerol synthase TM region,Unmatched,0,0,0
IDJNMB_06135 hypothetical protein,Unmatched,0,0,0
IDJNMB_06140 hypothetical protein,Unmatched,0,0,0
IDJNMB_06145 AAA-like domain-containing protein,Unmatched,0,0,0
IDJNMB_06150 peptidase M15,Unmatched,0,0,0
IDJNMB_06155 Serine/threonine-protein kinase D,Unmatched,0,0,0
IDJNMB_06160 hypothetical protein,Unmatched,0,0,0
IDJNMB_06165 hypothetical protein,Unmatched,0,0,0
IDJNMB_06170 hypothetical protein,Unmatched,0,0,0
IDJNMB_06175 hypothetical protein,Unmatched,0,0,0
IDJNMB_06180 hypothetical protein,Unmatched,0,0,0
IDJNMB_06185 hypothetical protein,Unmatched,0,0,0
IDJNMB_06190 TrwB-AAD-bind domain-containing protein,Unmatched,0,0,0
IDJNMB_06195 Ycf66 protein N-terminus,Unmatched,0,0,0
IDJNMB_06200 hypothetical protein,Unmatched,0,0,0
IDJNMB_06205 DNA polymerase III subunit delta,Unmatched,0,0,0
IDJNMB_06210 FHA domain-containing protein,Unmatched,0,0,0
IDJNMB_06215 magnesium/cobalt transporter CorA,Unmatched,0,0,0
IDJNMB_06220 4-hydroxythreonine-4-phosphate dehydrogenase PdxA,Unmatched,0,0,0
IDJNMB_06225 NADP-dependent succinic semialdehyde dehydrogenase,Unmatched,0,0,0
IDJNMB_06230 NgoFVII family restriction endonuclease,Unmatched,0,0,0
IDJNMB_06235 ATP-binding protein,Unmatched,0,0,0
IDJNMB_06240 agmatinase,Unmatched,0,0,0
IDJNMB_06245 hypothetical protein,Unmatched,0,0,0
IDJNMB_06250 hydrogenase maturation nickel metallochaperone HypA,Unmatched,0,0,0
IDJNMB_06255 hydrogenase nickel incorporation protein HypB,Unmatched,0,0,0
IDJNMB_06260 aliphatic sulfonates ABC transporter substrate-binding protein,Unmatched,0,0,0
IDJNMB_06265 ABC transporter permease,Unmatched,0,0,0
IDJNMB_06270 nitrate ABC transporter ATP-binding protein,Unmatched,0,0,0
IDJNMB_06275 Red carotenoid-binding protein,Unmatched,0,0,0
IDJNMB_06280 All3148 protein,Unmatched,0,0,0
IDJNMB_06285 alpha/beta hydrolase,Unmatched,0,0,0
IDJNMB_06290 modification methylase,Unmatched,0,0,0
IDJNMB_06295 hypothetical protein,Unmatched,0,0,0
IDJNMB_06300 hypothetical protein,Unmatched,0,0,0
IDJNMB_06305 ATP-binding protein,Unmatched,0,0,0
IDJNMB_06310 bifunctional aconitate hydratase 2/2-methylisocitrate dehydratase,Unmatched,0,0,0
IDJNMB_06315 deoxyribose-phosphate aldolase,Unmatched,0,0,0
IDJNMB_06320 HAD family hydrolase,Unmatched,0,0,0
IDJNMB_06325 ATP phosphoribosyltransferase,Unmatched,0,0,0
IDJNMB_06330 chromate transporter,Unmatched,0,0,0
IDJNMB_06335 fatty-acid synthase,Unmatched,0,0,0
IDJNMB_06340 XisI protein,Unmatched,0,0,0
IDJNMB_06345 TIGR03032 family protein,Unmatched,0,0,0
IDJNMB_06355 hypothetical protein,Unmatched,0,0,0
IDJNMB_06360 nuclease,Unmatched,0,0,0
IDJNMB_06365 DUF4347 domain-containing protein,Unmatched,0,0,0
IDJNMB_06370 Transposase-31 domain-containing protein,Unmatched,0,0,0
IDJNMB_06375 DUF4347 domain-containing protein,Unmatched,0,0,0
IDJNMB_06380 Alkaline phosphatase,Unmatched,0,0,0
IDJNMB_06385 hypothetical protein,Unmatched,0,0,0
IDJNMB_06390 modification methylase,Unmatched,0,0,0
IDJNMB_06395 Restriction endonuclease,Unmatched,0,0,0
IDJNMB_06400 hypothetical protein,Unmatched,0,0,0
IDJNMB_06405 toxin-antitoxin system HicB family antitoxin,Unmatched,0,0,0
IDJNMB_06410 penicillin-binding protein,Unmatched,0,0,0
IDJNMB_06415 pentapeptide repeat-containing protein,Unmatched,0,0,0
IDJNMB_06420 YebC/PmpR family DNA-binding transcriptional regulator,Unmatched,0,0,0
IDJNMB_06425 RNA-splicing ligase RtcB,Unmatched,0,0,0
IDJNMB_06430 molecular chaperone DnaK,Unmatched,0,0,0
IDJNMB_06435 Fe(3+) ABC transporter substrate-binding protein,Unmatched,0,0,0
IDJNMB_06440 SAM-dependent methyltransferase,Unmatched,0,0,0
IDJNMB_06445 type I DNA topoisomerase,Unmatched,0,0,0
IDJNMB_06450 hypothetical protein,Unmatched,0,0,0
IDJNMB_06455 alpha/beta hydrolase,Unmatched,0,0,0
IDJNMB_06460 (E)-4-hydroxy-3-methylbut-2-enyl-diphosphate synthase,Unmatched,0,0,0
IDJNMB_06465 histidinol-phosphate transaminase,Unmatched,0,0,0
IDJNMB_06470 Winged helix-turn-helix domain-containing protein,Unmatched,0,0,0
IDJNMB_06475 tRNA pseudouridine(55) synthase TruB,Unmatched,0,0,0
IDJNMB_06480 tRNA (adenosine(37)-N6)-threonylcarbamoyltransferase complex transferase subunit TsaD,Unmatched,0,0,0
IDJNMB_06485 5-oxoprolinase,Unmatched,0,0,0
IDJNMB_06490 hypothetical protein,Unmatched,0,0,0
IDJNMB_06495 Response regulator transcription factor,Unmatched,0,0,0
IDJNMB_06500 GAF domain-containing protein,Unmatched,0,0,0
IDJNMB_06505 response regulator,Unmatched,0,0,0
IDJNMB_06510 hypothetical protein,Unmatched,0,0,0
IDJNMB_06515 hypothetical protein,Unmatched,0,0,0
IDJNMB_06520 DUF1997 domain-containing protein,Unmatched,0,0,0
IDJNMB_06525 (2Fe-2S)-binding protein,Unmatched,0,0,0
IDJNMB_06530 DUF362 domain-containing protein,Unmatched,0,0,0
IDJNMB_06535 tRNA dihydrouridine(20/20a) synthase DusA,Unmatched,0,0,0
IDJNMB_06540 hypothetical protein,Unmatched,0,0,0
IDJNMB_06545 glucose-1-phosphate adenylyltransferase,Unmatched,0,0,0
IDJNMB_06550 TIGR02646 family protein,Unmatched,0,0,0
IDJNMB_06555 hypothetical protein,Unmatched,0,0,0
IDJNMB_06560 carbon dioxide transporter,Unmatched,0,0,0
IDJNMB_06565 NADH-quinone oxidoreductase subunit M,Unmatched,0,0,0
IDJNMB_06570 carbonate dehydratase,Unmatched,0,0,0
IDJNMB_06575 NAD(P)H-quinone oxidoreductase subunit F,Unmatched,0,0,0
IDJNMB_06580 LysR family transcriptional regulator,Unmatched,0,0,0
IDJNMB_06585 Putative restriction endonuclease,Unmatched,0,0,0
IDJNMB_06590 GRRM system radical SAM/SPASM domain protein,Unmatched,0,0,0
IDJNMB_06595 murein transglycosylase,Unmatched,0,0,0
IDJNMB_06600 Magnesium and cobalt efflux protein CorC,Unmatched,0,0,0
IDJNMB_06605 hypothetical protein,Unmatched,0,0,0
IDJNMB_06610 tRNA-Ile2(cat),Unmatched,0,0,0
IDJNMB_06615 hypothetical protein,Unmatched,0,0,0
IDJNMB_06620 hypothetical protein,Unmatched,0,0,0
IDJNMB_06625 Aspartate aminotransferase,Unmatched,0,0,0
IDJNMB_06630 phosphate ABC transporter ATP-binding protein PstB,Unmatched,0,0,0
IDJNMB_06635 phosphate ABC transporter ATP-binding protein PstB,Unmatched,0,0,0
IDJNMB_06640 phosphate ABC transporter permease PstA,Unmatched,0,0,0
IDJNMB_06645 phosphate ABC transporter permease subunit PstC,Unmatched,0,0,0
IDJNMB_06650 phosphate ABC transporter substrate-binding protein PstS,Unmatched,0,0,0
IDJNMB_06655 protein sphX,Unmatched,0,0,0
IDJNMB_06660 ferredoxin--nitrite reductase,Unmatched,0,0,0
IDJNMB_06665 anthranilate phosphoribosyltransferase,Unmatched,0,0,0
IDJNMB_06670 Nuclease subunit of the excinuclease complex,Unmatched,0,0,0
IDJNMB_06675 DUF4433 domain-containing protein,Unmatched,0,0,0
IDJNMB_06680 Macro domain-containing protein,Unmatched,0,0,0
IDJNMB_06685 Sua5/YciO/YrdC/YwlC family protein,Unmatched,0,0,0
IDJNMB_06690 sensor histidine kinase,Unmatched,0,0,0
IDJNMB_06695 GNAT family N-acetyltransferase,Unmatched,0,0,0
IDJNMB_06700 carbohydrate kinase,Unmatched,0,0,0
IDJNMB_06705 esterase,Unmatched,0,0,0
IDJNMB_06710 DUF1818 domain-containing protein,Unmatched,0,0,0
IDJNMB_06715 hypothetical protein,Unmatched,0,0,0
IDJNMB_06720 leucine--tRNA ligase,Unmatched,0,0,0
IDJNMB_06725 hypothetical protein,Unmatched,0,0,0
IDJNMB_06730 CHAT domain-containing protein,Unmatched,0,0,0
IDJNMB_06735 ATP-binding protein,Unmatched,0,0,0
IDJNMB_06740 hypothetical protein,Unmatched,0,0,0
IDJNMB_06745 DUF1902 domain-containing protein,Unmatched,0,0,0
"IDJNMB_06750 HicA toxin of bacterial toxin-antitoxin,",Unmatched,0,0,0
IDJNMB_06755 Carbonic anhydrase,Unmatched,0,0,0
IDJNMB_06760 low-complexity tail membrane protein,Unmatched,0,0,0
IDJNMB_06765 translation initiation factor IF-2,Unmatched,0,0,0
IDJNMB_06770 DUF448 domain-containing protein,Unmatched,0,0,0
IDJNMB_06775 transcription termination/antitermination protein NusA,Unmatched,0,0,0
IDJNMB_06780 ribosome maturation factor RimP,Unmatched,0,0,0
IDJNMB_06785 ATP-dependent zinc metalloprotease FtsH,Unmatched,0,0,0
IDJNMB_06790 DNA-binding response regulator,Unmatched,0,0,0
IDJNMB_06795 Peptidase S8,Unmatched,0,0,0
IDJNMB_06800 hypothetical protein,Unmatched,0,0,0
IDJNMB_06805 3-oxoacyl-ACP reductase,Unmatched,0,0,0
IDJNMB_06810 hypothetical protein,Unmatched,0,0,0
IDJNMB_06815 transcriptional regulator,Unmatched,0,0,0
IDJNMB_06820 Toxin RelE,Unmatched,0,0,0
IDJNMB_06825 serine/threonine-protein kinase pkn1,Unmatched,0,0,0
IDJNMB_06830 DUF3386 domain-containing protein,Unmatched,0,0,0
IDJNMB_06835 NifU-like domain-containing protein,Unmatched,0,0,0
IDJNMB_06840 isocitrate dehydrogenase,Unmatched,0,0,0
IDJNMB_06845 Serine/threonine-protein kinase pkn1,Unmatched,0,0,0
IDJNMB_06850 clan AA aspartic protease,Unmatched,0,0,0
IDJNMB_06855 flagellar assembly protein H,Unmatched,0,0,0
IDJNMB_06860 DUF29 domain-containing protein,Unmatched,0,0,0
IDJNMB_06865 phosphoribosylformylglycinamidine synthase subunit PurL,Unmatched,0,0,0
IDJNMB_06870 amidophosphoribosyltransferase,Unmatched,0,0,0
IDJNMB_06875 energy-coupling factor transporter ATPase,Unmatched,0,0,0
IDJNMB_06880 3-phosphoshikimate 1-carboxyvinyltransferase,Unmatched,0,0,0
IDJNMB_06885 peroxiredoxin,Unmatched,0,0,0
IDJNMB_06890 hypothetical protein,Unmatched,0,0,0
IDJNMB_06895 UPF0754 membrane protein MAE_37850,Unmatched,0,0,0
"IDJNMB_06900 bifunctional demethylmenaquinone methyltransferase/2-methoxy-6-polyprenyl-1,4-benzoquinol methylase UbiE",Unmatched,0,0,0
IDJNMB_06905 MBL fold metallo-hydrolase,Unmatched,0,0,0
IDJNMB_06910 methyltransferase type 11,Unmatched,0,0,0
IDJNMB_06915 EamA family transporter,Unmatched,0,0,0
IDJNMB_06920 AI-2E family transporter,Unmatched,0,0,0
IDJNMB_06925 shikimate dehydrogenase,Unmatched,0,0,0
IDJNMB_06930 hypothetical protein,Unmatched,0,0,0
IDJNMB_06935 amino acid ABC transporter permease,Unmatched,0,0,0
IDJNMB_06940 single-stranded DNA-binding protein,Unmatched,0,0,0
IDJNMB_06945 hypothetical protein,Unmatched,0,0,0
IDJNMB_06950 hypothetical protein,Unmatched,0,0,0
IDJNMB_06955 hypothetical protein,Unmatched,0,0,0
IDJNMB_06960 PEP-CTERM sorting domain-containing protein,Unmatched,0,0,0
IDJNMB_06965 Na+/H+ antiporter,Unmatched,0,0,0
IDJNMB_06970 DUF3038 domain-containing protein,Unmatched,0,0,0
IDJNMB_06975 DUF4335 domain-containing protein,Unmatched,0,0,0
IDJNMB_06980 TIR domain-containing protein,Unmatched,0,0,0
IDJNMB_06985 hypothetical protein,Unmatched,0,0,0
IDJNMB_06990 hypothetical protein,Unmatched,0,0,0
IDJNMB_06995 DUF2389 domain-containing protein,Unmatched,0,0,0
IDJNMB_07000 transcriptional repressor LexA,Unmatched,0,0,0
IDJNMB_07005 pyruvate:ferredoxin (flavodoxin) oxidoreductase,Unmatched,0,0,0
IDJNMB_07010 dihydroorotate dehydrogenase,Unmatched,0,0,0
IDJNMB_07015 6-phosphofructokinase,Unmatched,0,0,0
"IDJNMB_07020 HicA toxin of bacterial toxin-antitoxin,",Unmatched,0,0,0
IDJNMB_07025 HicB family protein,Unmatched,0,0,0
IDJNMB_07030 hypothetical protein,Unmatched,0,0,0
IDJNMB_07035 hypothetical protein,Unmatched,0,0,0
IDJNMB_07040 hypothetical protein,Unmatched,0,0,0
IDJNMB_07045 50S ribosomal protein L19,Unmatched,0,0,0
IDJNMB_07050 tRNA-Trp(cca),Unmatched,0,0,0
IDJNMB_07055 preprotein translocase subunit SecE,Unmatched,0,0,0
IDJNMB_07060 transcription termination/antitermination protein NusG,Unmatched,0,0,0
IDJNMB_07065 50S ribosomal protein L11,Unmatched,0,0,0
IDJNMB_07070 50S ribosomal protein L1,Unmatched,0,0,0
IDJNMB_07075 bifunctional riboflavin kinase/FAD synthetase,Unmatched,0,0,0
IDJNMB_07080 hypothetical protein,Unmatched,0,0,0
IDJNMB_07085 hypothetical protein,Unmatched,0,0,0
IDJNMB_07090 magnesium chelatase,Unmatched,0,0,0
IDJNMB_07095 IctB family putative bicarbonate transporter,Unmatched,0,0,0
IDJNMB_07100 preprotein translocase subunit Tim44,Unmatched,0,0,0
IDJNMB_07105 DNA sulfur modification protein DndD,Unmatched,0,0,0
IDJNMB_07110 hypothetical protein,Unmatched,0,0,0
IDJNMB_07115 Similarity,Unmatched,0,0,0
IDJNMB_07120 2-succinyl-5-enolpyruvyl-6-hydroxy-3-cyclohexene-1-carboxylic-acid synthase,Unmatched,0,0,0
IDJNMB_07125 glycosyltransferase,Unmatched,0,0,0
IDJNMB_07130 serine/threonine protein kinase,Unmatched,0,0,0
IDJNMB_07135 sulfonate ABC transporter permease,Unmatched,0,0,0
IDJNMB_07140 Prokaryotic-like s of the JAB domain-containing protein,Unmatched,0,0,0
IDJNMB_07145 DUF4334 domain-containing protein,Unmatched,0,0,0
IDJNMB_07150 IscS subfamily cysteine desulfurase,Unmatched,0,0,0
IDJNMB_07155 NADH-quinone oxidoreductase subunit M,Unmatched,0,0,0
IDJNMB_07160 2-succinylbenzoate-CoA ligase,Unmatched,0,0,0
IDJNMB_07165 o-succinylbenzoate synthase,Unmatched,0,0,0
IDJNMB_07170 Transposase,Unmatched,0,0,0
IDJNMB_07175 glycosyl transferase,Unmatched,0,0,0
IDJNMB_07180 bifunctional sterol desaturase/short chain dehydrogenase,Unmatched,0,0,0
IDJNMB_07185 zinc-binding alcohol dehydrogenase,Unmatched,0,0,0
IDJNMB_07190 hypothetical protein,Unmatched,0,0,0
IDJNMB_07195 universal stress protein,Unmatched,0,0,0
IDJNMB_07200 competence protein,Unmatched,0,0,0
IDJNMB_07205 signal peptide peptidase SppA,Unmatched,0,0,0
IDJNMB_07210 hypothetical protein,Unmatched,0,0,0
IDJNMB_07215 nucleic acid-binding protein,Unmatched,0,0,0
IDJNMB_07220 GTPase ObgE,Unmatched,0,0,0
IDJNMB_07225 RNA-binding protein,Unmatched,0,0,0
IDJNMB_07230 30S ribosomal protein S16,Unmatched,0,0,0
"IDJNMB_07235 dTDP-glucose 4,6-dehydratase",Unmatched,0,0,0
IDJNMB_07240 cation-efflux pump,Unmatched,0,0,0
IDJNMB_07245 hypothetical protein,Unmatched,0,0,0
IDJNMB_07250 IS200/IS605 family transposase,Unmatched,0,0,0
IDJNMB_07255 two-component sensor histidine kinase,Unmatched,0,0,0
IDJNMB_07260 CpcD phycobilisome linker protein,Unmatched,0,0,0
IDJNMB_07265 Fructose-bisphosphate aldolase,Unmatched,0,0,0
IDJNMB_07270 pentapeptide repeat-containing protein,Unmatched,0,0,0
IDJNMB_07275 bifunctional ornithine acetyltransferase/N-acetylglutamate synthase,Unmatched,0,0,0
IDJNMB_07280 hypothetical protein,Unmatched,0,0,0
IDJNMB_07285 ABC transporter,Unmatched,0,0,0
IDJNMB_07290 hypothetical protein,Unmatched,0,0,0
IDJNMB_07295 glycosyl transferase,Unmatched,0,0,0
IDJNMB_07300 DUF2949 domain-containing protein,Unmatched,0,0,0
IDJNMB_07305 Conserved nitrate reductase-associated protein (Nitr_red_assoc),Unmatched,0,0,0
IDJNMB_07310 prephenate/arogenate dehydrogenase,Unmatched,0,0,0
IDJNMB_07315 cupin domain-containing protein,Unmatched,0,0,0
IDJNMB_07320 Polyketide cyclase / dehydrase and lipid transport,Unmatched,0,0,0
IDJNMB_07325 hypothetical protein,Unmatched,0,0,0
IDJNMB_07330 glucose-1-phosphate cytidylyltransferase,Unmatched,0,0,0
"IDJNMB_07335 CDP-glucose 4,6-dehydratase",Unmatched,0,0,0
IDJNMB_07340 Glycosyltransferase family 1 protein,Unmatched,0,0,0
IDJNMB_07345 lipopolysaccharide biosynthesis protein RfbH,Unmatched,0,0,0
IDJNMB_07350 Helix-turn-helix transcriptional regulator,Unmatched,0,0,0
IDJNMB_07355 glycogen-debranching protein,Unmatched,0,0,0
IDJNMB_07360 TVP38/TMEM64 family protein,Unmatched,0,0,0
IDJNMB_07365 molecular chaperone DnaJ,Unmatched,0,0,0
IDJNMB_07370 hypothetical protein,Unmatched,0,0,0
IDJNMB_07375 hypothetical protein,Unmatched,0,0,0
IDJNMB_07380 peptide-methionine (R)-S-oxide reductase,Unmatched,0,0,0
IDJNMB_07385 photosystem I reaction center subunit XII,Unmatched,0,0,0
IDJNMB_07395 Allophycocyanin alpha chain,Unmatched,0,0,0
IDJNMB_07400 Holliday junction branch migration protein RuvA,Unmatched,0,0,0
IDJNMB_07405 site-2 protease family protein,Unmatched,0,0,0
IDJNMB_07410 polyamine ABC transporter substrate-binding protein,Unmatched,0,0,0
IDJNMB_07415 peptidase S51,Unmatched,0,0,0
IDJNMB_07420 Chromophore lyase CpcT/CpeT 2,Unmatched,0,0,0
IDJNMB_07425 hypothetical protein,Unmatched,0,0,0
IDJNMB_07430 hypothetical protein,Unmatched,0,0,0
IDJNMB_07435 sodium:solute symporter,Unmatched,0,0,0
IDJNMB_07440 cyanase,Unmatched,0,0,0
IDJNMB_07445 hypothetical protein,Unmatched,0,0,0
IDJNMB_07450 hypothetical protein,Unmatched,0,0,0
IDJNMB_07455 IS1634 family transposase,Unmatched,0,0,0
IDJNMB_07460 hypothetical protein,Unmatched,0,0,0
IDJNMB_07465 hypothetical protein,Unmatched,0,0,0
IDJNMB_07470 hypothetical protein,Unmatched,0,0,0
IDJNMB_07475 Alpha-glucosidase,Unmatched,0,0,0
IDJNMB_07480 Outer membrane efflux protein,Unmatched,0,0,0
IDJNMB_07485 AbrB/MazE/SpoVT family DNA-binding domain-containing protein,Unmatched,0,0,0
IDJNMB_07490 growth inhibitor PemK,Unmatched,0,0,0
"IDJNMB_07495 Benzoyl-CoA reductase/2-hydroxyglutaryl-CoA dehydratase subunit, BcrC/BadD/HgdB",Unmatched,0,0,0
IDJNMB_07500 hypothetical protein,Unmatched,0,0,0
IDJNMB_07505 SpkC protein,Unmatched,0,0,0
IDJNMB_07510 alkene reductase,Unmatched,0,0,0
IDJNMB_07515 hypothetical protein,Unmatched,0,0,0
IDJNMB_07520 B12-binding domain-containing radical SAM protein,Unmatched,0,0,0
IDJNMB_07525 AAA family ATPase,Unmatched,0,0,0
IDJNMB_07530 arsenic transporter,Unmatched,0,0,0
IDJNMB_07535 gas vesicle protein,Unmatched,0,0,0
IDJNMB_07540 gas vesicle protein,Unmatched,0,0,0
IDJNMB_07545 gas vesicle protein GvpG,Unmatched,0,0,0
IDJNMB_07550 protein gvpF/L,Unmatched,0,0,0
IDJNMB_07555 gas vesicle protein K,Unmatched,0,0,0
IDJNMB_07560 gas vesicle protein,Unmatched,0,0,0
IDJNMB_07565 gas vesicle protein,Unmatched,0,0,0
IDJNMB_07570 gas vesicle protein GvpN,Unmatched,0,0,0
IDJNMB_07575 hypothetical protein,Unmatched,0,0,0
IDJNMB_07580 Gas vesicle structural protein,Unmatched,0,0,0
IDJNMB_07585 hypothetical protein,Unmatched,0,0,0
IDJNMB_07590 Gas vesicle structural protein,Unmatched,0,0,0
IDJNMB_07595 hypothetical protein,Unmatched,0,0,0
IDJNMB_07600 trans-splicing intein-formed DNA polymerase III subunit alpha C-terminal partner DnaE-C,Unmatched,0,0,0
IDJNMB_07605 peptidase M42,Unmatched,0,0,0
IDJNMB_07610 hypothetical protein,Unmatched,0,0,0
IDJNMB_07615 Bacterial cell division membrane protein,Unmatched,0,0,0
IDJNMB_07620 hypothetical protein,Unmatched,0,0,0
IDJNMB_07625 glycogen phosphorylase,Unmatched,0,0,0
IDJNMB_07630 RNA-binding protein,Unmatched,0,0,0
IDJNMB_07635 RRM domain-containing protein,Unmatched,0,0,0
IDJNMB_07640 DUF3493 domain-containing protein,Unmatched,0,0,0
IDJNMB_07645 tRNA-Thr(cgt),Unmatched,0,0,0
IDJNMB_07650 hypothetical protein,Unmatched,0,0,0
IDJNMB_07655 hypothetical protein,Unmatched,0,0,0
IDJNMB_07660 DUF3368 domain-containing protein,Unmatched,0,0,0
IDJNMB_07665 PEP-CTERM sorting domain-containing protein,Unmatched,0,0,0
IDJNMB_07670 hypothetical protein,Unmatched,0,0,0
IDJNMB_07675 Phenylacetate--CoA ligase,Unmatched,0,0,0
IDJNMB_07680 asparagine--tRNA ligase,Unmatched,0,0,0
IDJNMB_07685 TM2 domain-containing protein,Unmatched,0,0,0
IDJNMB_07690 DNA uptake protein,Unmatched,0,0,0
IDJNMB_07695 DNA gyrase subunit A,Unmatched,0,0,0
IDJNMB_07700 hypothetical protein,Unmatched,0,0,0
IDJNMB_07705 Urease accessory protein UreD,Unmatched,0,0,0
IDJNMB_07710 4-(cytidine 5'-diphospho)-2-C-methyl-D-erythritol kinase,Unmatched,0,0,0
IDJNMB_07715 16S rRNA (adenine(1518)-N(6)/adenine(1519)-N(6))-dimethyltransferase RsmA,Unmatched,0,0,0
IDJNMB_07720 fluoride efflux transporter CrcB,Unmatched,0,0,0
IDJNMB_07725 fluoride efflux transporter CrcB,Unmatched,0,0,0
IDJNMB_07730 glycogen phosphorylase,Unmatched,0,0,0
IDJNMB_07735 tRNA-Asp(gtc),Unmatched,0,0,0
IDJNMB_07740 Circadian oscillating protein COP23,Unmatched,0,0,0
IDJNMB_07745 TPR repeat-containing protein YrrB,Unmatched,0,0,0
IDJNMB_07750 hypothetical protein,Unmatched,0,0,0
IDJNMB_07755 aspartyl protease,Unmatched,0,0,0
IDJNMB_07760 Uncharacterised protein family (UPF0175),Unmatched,0,0,0
IDJNMB_07765 CHAT domain protein,Unmatched,0,0,0
IDJNMB_07770 DUF5615 domain-containing protein,Unmatched,0,0,0
IDJNMB_07775 hypothetical protein,Unmatched,0,0,0
IDJNMB_07780 Similar to tr|Q8YNN4|Q8YNN4,Unmatched,0,0,0
IDJNMB_07785 ATP-dependent transcriptional regulator,Unmatched,0,0,0
IDJNMB_07790 hypothetical protein,Unmatched,0,0,0
IDJNMB_07795 biopolymer transporter,Unmatched,0,0,0
IDJNMB_07800 DUF3370 domain-containing protein,Unmatched,0,0,0
"IDJNMB_07805 GTP 3',8-cyclase MoaA",Unmatched,0,0,0
IDJNMB_07810 Proto-chlorophyllide reductase 57 kD subunit,Unmatched,0,0,0
IDJNMB_07815 hypothetical protein,Unmatched,0,0,0
IDJNMB_07820 anhydro-N-acetylmuramic acid kinase,Unmatched,0,0,0
IDJNMB_07825 sulfur carrier protein ThiS,Unmatched,0,0,0
IDJNMB_07830 thiamine phosphate synthase,Unmatched,0,0,0
IDJNMB_07835 IS607 family transposase,Unmatched,0,0,0
IDJNMB_07840 PEP-CTERM domain-containing protein,Unmatched,0,0,0
IDJNMB_07845 bifunctional phosphoribosyl-AMP cyclohydrolase/phosphoribosyl-ATP diphosphatase HisIE,Unmatched,0,0,0
IDJNMB_07850 NAD(P)/FAD-dependent oxidoreductase,Unmatched,0,0,0
IDJNMB_07855 dTMP kinase,Unmatched,0,0,0
IDJNMB_07860 thymidylate synthase,Unmatched,0,0,0
IDJNMB_07865 DUF4278 domain-containing protein,Unmatched,0,0,0
IDJNMB_07870 Photosynthesis regulatory RNA1,Unmatched,0,0,0
IDJNMB_07875 ATP-binding protein,Unmatched,0,0,0
IDJNMB_07880 ABC transporter permease,Unmatched,0,0,0
IDJNMB_07885 ABC transporter ATP-binding protein,Unmatched,0,0,0
"IDJNMB_07890 L,D-transpeptidase",Unmatched,0,0,0
IDJNMB_07895 hypothetical protein,Unmatched,0,0,0
IDJNMB_07900 Conserved protein,Unmatched,0,0,0
IDJNMB_07905 hypothetical protein,Unmatched,0,0,0
IDJNMB_07910 Putative restriction endonuclease,Unmatched,0,0,0
IDJNMB_07915 DUF1350 domain-containing protein,Unmatched,0,0,0
IDJNMB_07920 two-component system response regulator,Unmatched,0,0,0
IDJNMB_07925 Photosynthesis regulatory RNA1,Unmatched,0,0,0
IDJNMB_07930 hypothetical protein,Unmatched,0,0,0
IDJNMB_07935 peptidase S8,Unmatched,0,0,0
IDJNMB_07940 glyoxalase,Unmatched,0,0,0
IDJNMB_07945 5-histidylcysteine sulfoxide synthase,Unmatched,0,0,0
IDJNMB_07950 L-histidine N(alpha)-methyltransferase,Unmatched,0,0,0
IDJNMB_07955 hypothetical protein,Unmatched,0,0,0
IDJNMB_07960 DUF3177 domain-containing protein,Unmatched,0,0,0
IDJNMB_07965 CP12 domain-containing protein,Unmatched,0,0,0
IDJNMB_07970 hypothetical protein,Unmatched,0,0,0
IDJNMB_07975 hypothetical protein,Unmatched,0,0,0
IDJNMB_07980 hypothetical protein,Unmatched,0,0,0
IDJNMB_07985 plasmid stabilization protein,Unmatched,0,0,0
IDJNMB_07990 hypothetical protein,Unmatched,0,0,0
IDJNMB_07995 Similarity,Unmatched,0,0,0
IDJNMB_08000 lytic murein transglycosylase,Unmatched,0,0,0
IDJNMB_08005 hypothetical protein,Unmatched,0,0,0
IDJNMB_08010 fatty acid desaturase,Unmatched,0,0,0
IDJNMB_08015 serine/threonine protein kinase,Unmatched,0,0,0
"IDJNMB_08020 UDP-N-acetylmuramoyl-L-alanyl-D-glutamate--2,6-diaminopimelate ligase",Unmatched,0,0,0
IDJNMB_08025 DUF4079 domain-containing protein,Unmatched,0,0,0
IDJNMB_08030 EF-hand domain-containing protein,Unmatched,0,0,0
IDJNMB_08035 glycosyl transferase 2 family protein,Unmatched,0,0,0
IDJNMB_08040 hypothetical protein,Unmatched,0,0,0
IDJNMB_08045 NUDIX hydrolase,Unmatched,0,0,0
IDJNMB_08050 30S ribosomal protein S14,Unmatched,0,0,0
IDJNMB_08055 Polyribonucleotide nucleotidyltransferase,Unmatched,0,0,0
IDJNMB_08060 peptide chain release factor 1,Unmatched,0,0,0
IDJNMB_08065 transaldolase,Unmatched,0,0,0
IDJNMB_08070 50S ribosomal protein L35,Unmatched,0,0,0
IDJNMB_08075 50S ribosomal protein L20,Unmatched,0,0,0
IDJNMB_08080 phosphate starvation-inducible protein PhoH,Unmatched,0,0,0
IDJNMB_08085 GPDPase-memb domain-containing protein,Unmatched,0,0,0
"IDJNMB_08090 Phosphate starvation-inducible protein PhoH, putative ATPase",Unmatched,0,0,0
IDJNMB_08095 cysteine synthase A,Unmatched,0,0,0
IDJNMB_08100 16S rRNA (guanine(527)-N(7))-methyltransferase RsmG,Unmatched,0,0,0
IDJNMB_08105 Ca(2+)/H(+) antiporter,Unmatched,0,0,0
IDJNMB_08110 DUF218 domain-containing protein,Unmatched,0,0,0
IDJNMB_08115 site-2 protease family protein,Unmatched,0,0,0
IDJNMB_08120 MBL fold metallo-hydrolase,Unmatched,0,0,0
IDJNMB_08125 thiamine-phosphate kinase,Unmatched,0,0,0
IDJNMB_08130 signal recognition particle protein,Unmatched,0,0,0
IDJNMB_08135 hypothetical protein,Unmatched,0,0,0
IDJNMB_08140 magnesium/cobalt transporter CorA,Unmatched,0,0,0
IDJNMB_08145 recombinase family protein,Unmatched,0,0,0
IDJNMB_08150 histidine kinase,Unmatched,0,0,0
IDJNMB_08155 precorrin-3B C(17)-methyltransferase,Unmatched,0,0,0
IDJNMB_08160 Uma2 family endonuclease,Unmatched,0,0,0
IDJNMB_08165 hypothetical protein,Unmatched,0,0,0
IDJNMB_08170 DUF29 domain-containing protein,Unmatched,0,0,0
IDJNMB_08175 NACHT domain-containing protein,Unmatched,0,0,0
IDJNMB_08180 hypothetical protein,Unmatched,0,0,0
IDJNMB_08185 DUF5615 domain-containing protein,Unmatched,0,0,0
IDJNMB_08190 ATP-dependent Clp protease ATP-binding subunit ClpC,Unmatched,0,0,0
IDJNMB_08195 CoiA-like domain protein,Unmatched,0,0,0
IDJNMB_08200 hypothetical protein,Unmatched,0,0,0
IDJNMB_08205 type II toxin-antitoxin system PemK/MazF family toxin,Unmatched,0,0,0
"IDJNMB_08210 toxin-antitoxin system, antitoxin component, HicB family protein",Unmatched,0,0,0
"IDJNMB_08215 HicA toxin of bacterial toxin-antitoxin,",Unmatched,0,0,0
IDJNMB_08220 hypothetical protein,Unmatched,0,0,0
IDJNMB_08225 YcfA-like protein,Unmatched,0,0,0
IDJNMB_08230 photosystem reaction center subunit H,Unmatched,0,0,0
IDJNMB_08235 branched-chain alpha-keto acid dehydrogenase subunit E2,Unmatched,0,0,0
IDJNMB_08240 DUF561 domain-containing protein,Unmatched,0,0,0
IDJNMB_08245 hypothetical protein,Unmatched,0,0,0
IDJNMB_08250 bifunctional UDP-N-acetylglucosamine diphosphorylase/glucosamine-1-phosphate N-acetyltransferase GlmU,Unmatched,0,0,0
IDJNMB_08255 thioredoxin family protein,Unmatched,0,0,0
IDJNMB_08260 carbohydrate kinase,Unmatched,0,0,0
IDJNMB_08265 tocopherol cyclase,Unmatched,0,0,0
IDJNMB_08270 hypothetical protein,Unmatched,0,0,0
IDJNMB_08275 Uncharacterized protein sll0095,Unmatched,0,0,0
IDJNMB_08280 carotene isomerase,Unmatched,0,0,0
IDJNMB_08285 polysaccharide biosynthesis protein,Unmatched,0,0,0
IDJNMB_08290 hypothetical protein,Unmatched,0,0,0
IDJNMB_08295 cobalamin biosynthesis protein CobW,Unmatched,0,0,0
IDJNMB_08300 peptidase M3,Unmatched,0,0,0
IDJNMB_08305 hypothetical protein,Unmatched,0,0,0
IDJNMB_08310 hypothetical protein,Unmatched,0,0,0
IDJNMB_08315 cyanobacterial phytochrome A,Unmatched,0,0,0
IDJNMB_08320 response regulator,Unmatched,0,0,0
IDJNMB_08325 hybrid sensor histidine kinase/response regulator,Unmatched,0,0,0
IDJNMB_08330 3-ketoacyl-ACP reductase,Unmatched,0,0,0
IDJNMB_08335 6-carboxytetrahydropterin synthase QueD,Unmatched,0,0,0
IDJNMB_08340 ammonia channel protein,Unmatched,0,0,0
IDJNMB_08345 ammonium transporter,Unmatched,0,0,0
IDJNMB_08350 bifunctional diaminohydroxyphosphoribosylaminopyrimidine deaminase/5-amino-6-(5-phosphoribosylamino)uracil reductase RibD,Unmatched,0,0,0
IDJNMB_08355 molecular chaperone HtpG,Unmatched,0,0,0
IDJNMB_08360 helicase,Unmatched,0,0,0
IDJNMB_08365 4a-hydroxytetrahydrobiopterin dehydratase,Unmatched,0,0,0
IDJNMB_08370 oxidoreductase,Unmatched,0,0,0
IDJNMB_08375 DNA ligase,Unmatched,0,0,0
IDJNMB_08380 hypothetical protein,Unmatched,0,0,0
IDJNMB_08385 hypothetical protein,Unmatched,0,0,0
IDJNMB_08390 quinolinate synthase NadA,Unmatched,0,0,0
IDJNMB_08395 CoA-binding protein,Unmatched,0,0,0
IDJNMB_08400 TIGR04283 family arsenosugar biosynthesis glycosyltransferase,Unmatched,0,0,0
IDJNMB_08405 superoxide dismutase,Unmatched,0,0,0
IDJNMB_08410 homoserine kinase,Unmatched,0,0,0
IDJNMB_08415 histidine kinase,Unmatched,0,0,0
IDJNMB_08420 adenosyl-hopene transferase HpnH,Unmatched,0,0,0
IDJNMB_08425 DUF1517 domain-containing protein,Unmatched,0,0,0
IDJNMB_08430 hypothetical protein,Unmatched,0,0,0
IDJNMB_08435 phycobiliprotein lyase,Unmatched,0,0,0
IDJNMB_08440 phycocyanin alpha phycocyanobilin lyase,Unmatched,0,0,0
IDJNMB_08445 DUF2281 domain-containing protein,Unmatched,0,0,0
IDJNMB_08450 PINc domain-containing protein,Unmatched,0,0,0
IDJNMB_08455 hypothetical protein,Unmatched,0,0,0
IDJNMB_08460 creatinine amidohydrolase,Unmatched,0,0,0
IDJNMB_08465 hypothetical protein,Unmatched,0,0,0
IDJNMB_08470 ABM domain-containing protein,Unmatched,0,0,0
IDJNMB_08475 photosystem II q(b) protein,Unmatched,0,0,0
IDJNMB_08480 chaperonin GroEL,Unmatched,0,0,0
IDJNMB_08485 co-chaperone GroES,Unmatched,0,0,0
IDJNMB_08490 adenine specific DNA methylase Mod,Unmatched,0,0,0
IDJNMB_08495 dihydroorotase,Unmatched,0,0,0
IDJNMB_08500 site-specific DNA-methyltransferase,Unmatched,0,0,0
IDJNMB_08505 hypothetical protein,Unmatched,0,0,0
IDJNMB_08510 hypothetical protein,Unmatched,0,0,0
IDJNMB_08515 calcium-binding protein,Unmatched,0,0,0
IDJNMB_08520 signal peptidase I,Unmatched,0,0,0
IDJNMB_08525 ribose-phosphate pyrophosphokinase,Unmatched,0,0,0
IDJNMB_08530 translational GTPase TypA,Unmatched,0,0,0
IDJNMB_08535 transposase,Unmatched,0,0,0
IDJNMB_08540 epimerase,Unmatched,0,0,0
IDJNMB_08545 Putative restriction endonuclease,Unmatched,0,0,0
IDJNMB_08550 hypothetical protein,Unmatched,0,0,0
IDJNMB_08555 IS200/IS605 family transposase,Unmatched,0,0,0
IDJNMB_08560 Transposase,Unmatched,0,0,0
IDJNMB_08565 Transcriptional regulator,Unmatched,0,0,0
IDJNMB_08570 biopolymer transporter,Unmatched,0,0,0
IDJNMB_08575 helix-turn-helix transcriptional regulator,Unmatched,0,0,0
IDJNMB_08580 1-(5-phosphoribosyl)-5-[(5-phosphoribosylamino)methylideneamino]imidazole-4-carboxamide isomerase,Unmatched,0,0,0
IDJNMB_08585 hemolysin secretion protein D,Unmatched,0,0,0
IDJNMB_08590 type I secretion system permease/ATPase,Unmatched,0,0,0
IDJNMB_08595 peptidylprolyl isomerase,Unmatched,0,0,0
IDJNMB_08600 tRNA-Ser(tga),Unmatched,0,0,0
IDJNMB_08605 GNAT family N-acetyltransferase,Unmatched,0,0,0
IDJNMB_08610 tRNA-Pro(tgg),Unmatched,0,0,0
IDJNMB_08615 DNA-directed RNA polymerase subunit beta',Unmatched,0,0,0
IDJNMB_08620 DNA gyrase subunit A,Unmatched,0,0,0
IDJNMB_08625 DNA-directed RNA polymerase subunit beta,Unmatched,0,0,0
IDJNMB_08630 deoxyribonuclease,Unmatched,0,0,0
IDJNMB_08635 30S ribosomal protein S20,Unmatched,0,0,0
IDJNMB_08640 ethanolamine utilization microcompartment protein EutM,Unmatched,0,0,0
IDJNMB_08645 RuBisCO accumulation factor 1,Unmatched,0,0,0
IDJNMB_08650 polysaccharide pyruvyl transferase CsaB,Unmatched,0,0,0
IDJNMB_08655 hypothetical protein,Unmatched,0,0,0
IDJNMB_08660 Type I restriction endonuclease subunit R,Unmatched,0,0,0
IDJNMB_08665 ABC transporter permease,Unmatched,0,0,0
IDJNMB_08670 glutamine--fructose-6-phosphate transaminase (isomerizing),Unmatched,0,0,0
IDJNMB_08675 PBECR2 domain-containing protein,Unmatched,0,0,0
IDJNMB_08680 DUF2283 domain-containing protein,Unmatched,0,0,0
IDJNMB_08685 murein biosynthesis integral membrane protein MurJ,Unmatched,0,0,0
IDJNMB_08690 hypothetical protein,Unmatched,0,0,0
IDJNMB_08695 histidine--tRNA ligase,Unmatched,0,0,0
IDJNMB_08700 cadmium-translocating P-type ATPase,Unmatched,0,0,0
IDJNMB_08705 hypothetical protein,Unmatched,0,0,0
IDJNMB_08710 hypothetical protein,Unmatched,0,0,0
IDJNMB_08715 IS200/IS605 family transposase,Unmatched,0,0,0
IDJNMB_08720 hypothetical protein,Unmatched,0,0,0
IDJNMB_08725 glycosyl transferase,Unmatched,0,0,0
IDJNMB_08730 hypothetical protein,Unmatched,0,0,0
IDJNMB_08735 NAD-dependent epimerase,Unmatched,0,0,0
IDJNMB_08740 pantothenate kinase,Unmatched,0,0,0
IDJNMB_08745 peptidase M16,Unmatched,0,0,0
IDJNMB_08750 peptidase M16,Unmatched,0,0,0
IDJNMB_08755 tRNA-Asn(gtt),Unmatched,0,0,0
IDJNMB_08760 hypothetical protein,Unmatched,0,0,0
IDJNMB_08765 hypothetical protein,Unmatched,0,0,0
IDJNMB_08770 restriction endonuclease,Unmatched,0,0,0
IDJNMB_08775 adenosine deaminase,Unmatched,0,0,0
IDJNMB_08780 hypothetical protein,Unmatched,0,0,0
"IDJNMB_08785 type II toxin-antitoxin system mRNA interferase toxin, RelE/StbE family",Unmatched,0,0,0
IDJNMB_08790 DUF4160 domain-containing protein,Unmatched,0,0,0
IDJNMB_08795 hypothetical protein,Unmatched,0,0,0
IDJNMB_08800 glycosyl transferase family A,Unmatched,0,0,0
IDJNMB_08805 hypothetical protein,Unmatched,0,0,0
IDJNMB_08810 D-glycero-D-manno-heptose 1-phosphate guanosyltransferase,Unmatched,0,0,0
IDJNMB_08815 dehydrogenase,Unmatched,0,0,0
IDJNMB_08820 phosphoheptose isomerase,Unmatched,0,0,0
IDJNMB_08825 HAD family hydrolase,Unmatched,0,0,0
IDJNMB_08830 glycosyl transferase family 1,Unmatched,0,0,0
IDJNMB_08835 transcriptional regulator,Unmatched,0,0,0
IDJNMB_08840 type II toxin-antitoxin system HigB family toxin,Unmatched,0,0,0
IDJNMB_08845 hypothetical protein,Unmatched,0,0,0
IDJNMB_08850 Uncharacterised protein family (UPF0175),Unmatched,0,0,0
IDJNMB_08855 low-complexity protein,Unmatched,0,0,0
IDJNMB_08860 metal-binding protein,Unmatched,0,0,0
IDJNMB_08865 ATP-dependent Clp protease adapter ClpS,Unmatched,0,0,0
IDJNMB_08870 glycosyl transferase,Unmatched,0,0,0
IDJNMB_08875 4-phosphopantetheinyl transferase,Unmatched,0,0,0
IDJNMB_08880 Beta-lactamase2 domain-containing protein,Unmatched,0,0,0
IDJNMB_08885 chromosome partitioning protein ParA,Unmatched,0,0,0
IDJNMB_08890 ParB/RepB/Spo0J family partition protein,Unmatched,0,0,0
"IDJNMB_08895 Endonuclease, Uma2 family (restriction endonuclease fold)",Unmatched,0,0,0
IDJNMB_08900 deoxyribodipyrimidine photolyase,Unmatched,0,0,0
IDJNMB_08905 cation transporter,Unmatched,0,0,0
IDJNMB_08915 hypothetical protein,Unmatched,0,0,0
IDJNMB_08920 hypothetical protein,Unmatched,0,0,0
IDJNMB_08925 hypothetical protein,Unmatched,0,0,0
IDJNMB_08930 hypothetical protein,Unmatched,0,0,0
IDJNMB_08935 hypothetical protein,Unmatched,0,0,0
IDJNMB_08940 DUF3352 domain-containing protein,Unmatched,0,0,0
IDJNMB_08945 Cytochrome c6,Unmatched,0,0,0
IDJNMB_08950 plastocyanin,Unmatched,0,0,0
IDJNMB_08955 succinate dehydrogenase/fumarate reductase flavoprotein subunit,Unmatched,0,0,0
IDJNMB_08960 tRNA-fMet(cat),Unmatched,0,0,0
IDJNMB_08965 hypothetical protein,Unmatched,0,0,0
IDJNMB_08970 efflux RND transporter periplasmic adaptor subunit,Unmatched,0,0,0
IDJNMB_08975 DUF4327 domain-containing protein,Unmatched,0,0,0
IDJNMB_08980 Acetylglutamate kinase,Unmatched,0,0,0
IDJNMB_08985 amidohydrolase,Unmatched,0,0,0
IDJNMB_08990 phycocyanin subunit beta,Unmatched,0,0,0
IDJNMB_08995 phycocyanin subunit alpha,Unmatched,0,0,0
IDJNMB_09000 photosystem I reaction center subunit XII,Unmatched,0,0,0
IDJNMB_09005 photosystem I reaction center subunit XII,Unmatched,0,0,0
"IDJNMB_09010 bifunctional 3,4-dihydroxy-2-butanone-4-phosphate synthase/GTP cyclohydrolase II",Unmatched,0,0,0
IDJNMB_09015 Gll0726 protein,Unmatched,0,0,0
IDJNMB_09020 Uma2 domain-containing protein,Unmatched,0,0,0
IDJNMB_09025 D-alanine--D-alanine ligase,Unmatched,0,0,0
IDJNMB_09030 hypothetical protein,Unmatched,0,0,0
IDJNMB_09035 molecular chaperone DnaJ,Unmatched,0,0,0
IDJNMB_09040 methionine synthase,Unmatched,0,0,0
IDJNMB_09045 sporulation protein SpoIID,Unmatched,0,0,0
IDJNMB_09050 restriction endonuclease subunit R,Unmatched,0,0,0
IDJNMB_09055 hypothetical protein,Unmatched,0,0,0
IDJNMB_09060 DUF29 domain-containing protein,Unmatched,0,0,0
IDJNMB_09065 hypothetical protein,Unmatched,0,0,0
IDJNMB_09070 hypothetical protein,Unmatched,0,0,0
IDJNMB_09085 hypothetical protein,Unmatched,0,0,0
IDJNMB_09090 valine--tRNA ligase,Unmatched,0,0,0
IDJNMB_09095 TIGR03792 family protein,Unmatched,0,0,0
"IDJNMB_09100 cobyrinic acid a,c-diamide synthase",Unmatched,0,0,0
IDJNMB_09105 metallophosphoesterase,Unmatched,0,0,0
IDJNMB_09110 peptidase C15,Unmatched,0,0,0
IDJNMB_09115 hypothetical protein,Unmatched,0,0,0
IDJNMB_09120 growth inhibitor PemK,Unmatched,0,0,0
IDJNMB_09125 toxin-antitoxin system protein,Unmatched,0,0,0
IDJNMB_09130 NAD(P)/FAD-dependent oxidoreductase,Unmatched,0,0,0
IDJNMB_09135 hypothetical protein,Unmatched,0,0,0
IDJNMB_09140 Peptidoglycan O-acetyltransferase,Unmatched,0,0,0
IDJNMB_09145 FkbM family methyltransferase,Unmatched,0,0,0
IDJNMB_09150 hypothetical protein,Unmatched,0,0,0
IDJNMB_09155 UDP-glucose 4-epimerase GalE,Unmatched,0,0,0
IDJNMB_09160 polyphosphate:AMP phosphotransferase,Unmatched,0,0,0
IDJNMB_09165 phosphoribosylglycinamide formyltransferase,Unmatched,0,0,0
"IDJNMB_09170 GDP-mannose 4,6-dehydratase",Unmatched,0,0,0
IDJNMB_09175 GDP-fucose synthetase,Unmatched,0,0,0
IDJNMB_09180 hypothetical protein,Unmatched,0,0,0
IDJNMB_09185 hypothetical protein,Unmatched,0,0,0
IDJNMB_09190 succinyl-CoA synthetase subunit beta,Unmatched,0,0,0
IDJNMB_09195 hypothetical protein,Unmatched,0,0,0
IDJNMB_09200 Leukotoxin,Unmatched,0,0,0
IDJNMB_09205 GTPase,Unmatched,0,0,0
IDJNMB_09210 hypothetical protein,Unmatched,0,0,0
IDJNMB_09215 Dynamin family protein,Unmatched,0,0,0
IDJNMB_09220 CoA-binding protein,Unmatched,0,0,0
IDJNMB_09225 glutamate synthase large subunit,Unmatched,0,0,0
IDJNMB_09230 type II toxin-antitoxin system Phd/YefM family antitoxin,Unmatched,0,0,0
IDJNMB_09235 DNA cytosine methyltransferase,Unmatched,0,0,0
IDJNMB_09240 DNA methyltransferase,Unmatched,0,0,0
IDJNMB_09245 peptidase,Unmatched,0,0,0
IDJNMB_09250 tRNA-Met(cat),Unmatched,0,0,0
IDJNMB_09255 SAM-dependent methyltransferase,Unmatched,0,0,0
IDJNMB_09260 hypothetical protein,Unmatched,0,0,0
IDJNMB_09265 DUF4384 domain-containing protein,Unmatched,0,0,0
IDJNMB_09270 Photosystem I assembly protein Ycf3,Unmatched,0,0,0
IDJNMB_09275 hypothetical protein,Unmatched,0,0,0
IDJNMB_09280 addiction module killer protein,Unmatched,0,0,0
IDJNMB_09285 hypothetical protein,Unmatched,0,0,0
IDJNMB_09290 addiction module killer protein,Unmatched,0,0,0
IDJNMB_09295 Transcriptional regulator,Unmatched,0,0,0
IDJNMB_09300 hypothetical protein,Unmatched,0,0,0
IDJNMB_09350 polar amino acid ABC transporter ATP-binding protein,Unmatched,0,0,0
IDJNMB_09355 ABC transporter substrate-binding protein,Unmatched,0,0,0
IDJNMB_09360 hypothetical protein,Unmatched,0,0,0
IDJNMB_09365 bifunctional hydroxymethylpyrimidine kinase/phosphomethylpyrimidine kinase,Unmatched,0,0,0
IDJNMB_09370 cell division protein FtsZ,Unmatched,0,0,0
IDJNMB_09375 cell division protein,Unmatched,0,0,0
IDJNMB_09380 peptidase S41,Unmatched,0,0,0
IDJNMB_09385 hypothetical protein,Unmatched,0,0,0
IDJNMB_09390 tRNA-Gln(ttg),Unmatched,0,0,0
IDJNMB_09395 AI-2E family transporter,Unmatched,0,0,0
IDJNMB_09400 hypothetical protein,Unmatched,0,0,0
"IDJNMB_09405 Forkhead associated (FHA) domain, binds pSer, pThr, pTyr",Unmatched,0,0,0
IDJNMB_09410 DUF4278 domain-containing protein,Unmatched,0,0,0
IDJNMB_09415 DUF4276 domain-containing protein,Unmatched,0,0,0
IDJNMB_09420 chromosome segregation protein SMC,Unmatched,0,0,0
IDJNMB_09425 dehydrogenase,Unmatched,0,0,0
IDJNMB_09430 3-dehydroquinate synthase,Unmatched,0,0,0
IDJNMB_09435 hypothetical protein,Unmatched,0,0,0
IDJNMB_09440 Cytochrome b6-f complex subunit 8,Unmatched,0,0,0
IDJNMB_09445 hypothetical protein,Unmatched,0,0,0
IDJNMB_09450 exonuclease sbcCD subunit D,Unmatched,0,0,0
IDJNMB_09455 Protein kinase domain-containing protein,Unmatched,0,0,0
IDJNMB_09460 ATP-binding protein,Unmatched,0,0,0
IDJNMB_09465 anti-anti-sigma factor,Unmatched,0,0,0
IDJNMB_09470 DUF3318 domain-containing protein,Unmatched,0,0,0
IDJNMB_09475 ribonuclease D,Unmatched,0,0,0
IDJNMB_09480 CAP domain-containing protein,Unmatched,0,0,0
IDJNMB_09485 tryptophan synthase subunit beta,Unmatched,0,0,0
IDJNMB_09490 glycoside hydrolase,Unmatched,0,0,0
IDJNMB_09495 Acyl carrier protein,Unmatched,0,0,0
IDJNMB_09500 hypothetical protein,Unmatched,0,0,0
IDJNMB_09505 hypothetical protein,Unmatched,0,0,0
IDJNMB_09510 exopolyphosphatase-like protein,Unmatched,0,0,0
IDJNMB_09515 phosphohistidine phosphatase SixA,Unmatched,0,0,0
IDJNMB_09520 S-adenosyl-L-methionine-dependent methyltransferase,Unmatched,0,0,0
IDJNMB_09525 alpha/beta hydrolase,Unmatched,0,0,0
IDJNMB_09530 superoxide dismutase [Fe],Unmatched,0,0,0
IDJNMB_09535 photosystem II reaction center protein PsbH,Unmatched,0,0,0
IDJNMB_09540 TatA/E family twin arginine-targeting protein translocase,Unmatched,0,0,0
IDJNMB_09545 hypothetical protein,Unmatched,0,0,0
"IDJNMB_09550 1,4-alpha-glucan branching enzyme",Unmatched,0,0,0
IDJNMB_09555 hypothetical protein,Unmatched,0,0,0
IDJNMB_09560 Uncharacterized protein sll1735,Unmatched,0,0,0
IDJNMB_09565 hypothetical protein,Unmatched,0,0,0
IDJNMB_09570 hypothetical protein,Unmatched,0,0,0
IDJNMB_09575 hypothetical protein,Unmatched,0,0,0
IDJNMB_09580 transposase,Unmatched,0,0,0
IDJNMB_09585 YdiU family protein,Unmatched,0,0,0
IDJNMB_09590 chlororespiratory reduction protein 7,Unmatched,0,0,0
IDJNMB_09595 Similarity,Unmatched,0,0,0
IDJNMB_09600 DNA sulfur modification protein DndE,Unmatched,0,0,0
IDJNMB_09605 SagB-type dehydrogenase domain-containing protein,Unmatched,0,0,0
IDJNMB_09610 flotillin family protein,Unmatched,0,0,0
IDJNMB_09615 mannose-6-phosphate isomerase,Unmatched,0,0,0
IDJNMB_09620 bifunctional adenosylcobinamide kinase/adenosylcobinamide-phosphate guanylyltransferase,Unmatched,0,0,0
IDJNMB_09625 Aklanonic acid methyltransferase DauC,Unmatched,0,0,0
IDJNMB_09630 isopropylmalate isomerase,Unmatched,0,0,0
IDJNMB_09635 hypothetical protein,Unmatched,0,0,0
IDJNMB_09640 ATP-binding protein,Unmatched,0,0,0
IDJNMB_09645 FUSC family protein,Unmatched,0,0,0
IDJNMB_09650 hypothetical protein,Unmatched,0,0,0
IDJNMB_09655 DNA-directed RNA polymerase subunit omega,Unmatched,0,0,0
IDJNMB_09660 Uma2 domain-containing protein,Unmatched,0,0,0
IDJNMB_09665 cryptochrome DASH,Unmatched,0,0,0
IDJNMB_09670 class I SAM-dependent DNA methyltransferase,Unmatched,0,0,0
IDJNMB_09675 nucleic acid-binding protein,Unmatched,0,0,0
IDJNMB_09680 NADH dehydrogenase,Unmatched,0,0,0
IDJNMB_09685 Hypothetical chloroplast protein Ycf34,Unmatched,0,0,0
IDJNMB_09690 [cytidine(C)-cytidine(C)-adenosine (A)]-adding enzyme,Unmatched,0,0,0
IDJNMB_09695 hypothetical protein,Unmatched,0,0,0
IDJNMB_09700 hypothetical protein,Unmatched,0,0,0
IDJNMB_09705 hypothetical protein,Unmatched,0,0,0
IDJNMB_09710 hydrolase,Unmatched,0,0,0
IDJNMB_09715 2-hydroxy-3-keto-5-methylthiopentenyl-1-phosphate phosphatase,Unmatched,0,0,0
IDJNMB_09720 PEP-CTERM domain-containing protein,Unmatched,0,0,0
IDJNMB_09725 hypothetical protein,Unmatched,0,0,0
IDJNMB_09730 hypothetical protein,Unmatched,0,0,0
IDJNMB_09735 hypothetical protein,Unmatched,0,0,0
IDJNMB_09740 DUF4258 domain-containing protein,Unmatched,0,0,0
IDJNMB_09745 hypothetical protein,Unmatched,0,0,0
IDJNMB_09750 hypothetical protein,Unmatched,0,0,0
IDJNMB_09755 hypothetical protein,Unmatched,0,0,0
IDJNMB_09760 high-affinity branched-chain amino acid ABC transporter ATP-binding protein LivG,Unmatched,0,0,0
IDJNMB_09765 AI-2E family transporter,Unmatched,0,0,0
IDJNMB_09770 Alkaline phosphatase,Unmatched,0,0,0
IDJNMB_09775 biotin--[acetyl-CoA-carboxylase] ligase,Unmatched,0,0,0
IDJNMB_09780 M23 family peptidase,Unmatched,0,0,0
IDJNMB_09785 Similarity,Unmatched,0,0,0
IDJNMB_09790 NACHT domain-containing protein,Unmatched,0,0,0
IDJNMB_09795 DUF1778 domain-containing protein,Unmatched,0,0,0
IDJNMB_09800 N-acetyltransferase,Unmatched,0,0,0
IDJNMB_09805 cysteine desulfurase,Unmatched,0,0,0
IDJNMB_09810 hypothetical protein,Unmatched,0,0,0
IDJNMB_09815 TIGR04168 family protein,Unmatched,0,0,0
IDJNMB_09820 hypothetical protein,Unmatched,0,0,0
IDJNMB_09825 NUDIX hydrolase,Unmatched,0,0,0
IDJNMB_09830 histidine kinase,Unmatched,0,0,0
IDJNMB_09835 recombinase,Unmatched,0,0,0
IDJNMB_09840 thioredoxin,Unmatched,0,0,0
IDJNMB_09845 hypothetical protein,Unmatched,0,0,0
IDJNMB_09850 CP12 domain-containing protein,Unmatched,0,0,0
IDJNMB_09855 LysR family transcriptional regulator,Unmatched,0,0,0
IDJNMB_09860 Bicarbonate transporter BicA,Unmatched,0,0,0
IDJNMB_09865 sodium-dependent bicarbonate transport family permease,Unmatched,0,0,0
IDJNMB_09870 Membrane-associated protein slr1513,Unmatched,0,0,0
IDJNMB_09875 sodium:proton antiporter,Unmatched,0,0,0
IDJNMB_09880 Site-specific DNA-methyltransferase (adenine-specific),Unmatched,0,0,0
IDJNMB_09885 GIY-YIG catalytic domain protein,Unmatched,0,0,0
IDJNMB_09890 EcoKI restriction-modification system protein HsdS,Unmatched,0,0,0
IDJNMB_09895 hypothetical protein,Unmatched,0,0,0
IDJNMB_09900 Type II toxin-antitoxin system RelE/ParE family toxin,Unmatched,0,0,0
IDJNMB_09905 restriction endonuclease subunit R,Unmatched,0,0,0
IDJNMB_09910 DUF4926 domain-containing protein,Unmatched,0,0,0
IDJNMB_09915 hypothetical protein,Unmatched,0,0,0
IDJNMB_09920 glyoxalase,Unmatched,0,0,0
IDJNMB_09925 RlmI/RlmK family 23S rRNA methyltransferase,Unmatched,0,0,0
IDJNMB_09930 ABC transporter permease,Unmatched,0,0,0
IDJNMB_09935 TIGR03279 family radical SAM protein,Unmatched,0,0,0
IDJNMB_09940 DUF4164 domain-containing protein,Unmatched,0,0,0
IDJNMB_09945 ATP-dependent zinc metalloprotease FtsH4,Unmatched,0,0,0
IDJNMB_09950 Tetratricopeptide repeat family protein,Unmatched,0,0,0
IDJNMB_09960 Putative restriction endonuclease,Unmatched,0,0,0
IDJNMB_09965 signal recognition particle-docking protein FtsY,Unmatched,0,0,0
IDJNMB_09970 manganese ABC transporter ATP-binding protein,Unmatched,0,0,0
IDJNMB_09975 DUF3119 domain-containing protein,Unmatched,0,0,0
IDJNMB_09980 DUF3086 domain-containing protein,Unmatched,0,0,0
IDJNMB_09985 tRNA (guanine-N1)-methyltransferase,Unmatched,0,0,0
IDJNMB_09990 Cobalt transport protein,Unmatched,0,0,0
IDJNMB_09995 ribosome biogenesis GTPase Der,Unmatched,0,0,0
IDJNMB_10000 DUF4079 domain-containing protein,Unmatched,0,0,0
IDJNMB_10005 DNA mismatch repair endonuclease MutL,Unmatched,0,0,0
IDJNMB_10010 type II 3-dehydroquinate dehydratase,Unmatched,0,0,0
IDJNMB_10015 long-chain fatty acid--CoA ligase,Unmatched,0,0,0
IDJNMB_10020 Uncharacterized protein slr0039,Unmatched,0,0,0
IDJNMB_10025 Slr0038 protein,Unmatched,0,0,0
IDJNMB_10030 histidine kinase,Unmatched,0,0,0
IDJNMB_10035 DUF3155 domain-containing protein,Unmatched,0,0,0
IDJNMB_10040 type I glyceraldehyde-3-phosphate dehydrogenase,Unmatched,0,0,0
IDJNMB_10045 iron export ABC transporter permease subunit FetB,Unmatched,0,0,0
IDJNMB_10050 Cys/Met metabolism pyridoxal-phosphate-dependent enzyme,Unmatched,0,0,0
IDJNMB_10055 GTPase HflX,Unmatched,0,0,0
IDJNMB_10060 ketose-bisphosphate aldolase,Unmatched,0,0,0
IDJNMB_10065 RdgB/HAM1 family non-canonical purine NTP pyrophosphatase,Unmatched,0,0,0
IDJNMB_10070 lipoyl synthase,Unmatched,0,0,0
IDJNMB_10075 tRNA-Pro(cgg),Unmatched,0,0,0
IDJNMB_10080 N-6 DNA Methylase,Unmatched,0,0,0
IDJNMB_10085 phosphate ABC transporter substrate-binding protein PstS,Unmatched,0,0,0
IDJNMB_10090 phosphate ABC transporter permease subunit PstC,Unmatched,0,0,0
IDJNMB_10095 phosphate ABC transporter permease PstA,Unmatched,0,0,0
IDJNMB_10100 phosphate ABC transporter ATP-binding protein PstB,Unmatched,0,0,0
IDJNMB_10105 Serine/threonine-protein kinase pkn1,Unmatched,0,0,0
IDJNMB_10110 ATPase,Unmatched,0,0,0
IDJNMB_10115 Caspase family protein,Unmatched,0,0,0
"IDJNMB_10120 Triacylglycerol esterase/lipase EstA, alpha/beta hydrolase fold",Unmatched,0,0,0
IDJNMB_10125 bile acid beta-glucosidase,Unmatched,0,0,0
IDJNMB_10130 DUF3531 domain-containing protein,Unmatched,0,0,0
IDJNMB_10135 CPBP family intramembrane metalloprotease,Unmatched,0,0,0
IDJNMB_10140 DUF3326 domain-containing protein,Unmatched,0,0,0
IDJNMB_10145 hypothetical protein,Unmatched,0,0,0
IDJNMB_10150 Putative restriction endonuclease,Unmatched,0,0,0
IDJNMB_10155 DUF4351 domain-containing protein,Unmatched,0,0,0
IDJNMB_10160 site-specific DNA-methyltransferase,Unmatched,0,0,0
IDJNMB_10165 Outer membrane efflux protein,Unmatched,0,0,0
IDJNMB_10170 type II toxin-antitoxin system PrlF family antitoxin,Unmatched,0,0,0
IDJNMB_10175 toxin,Unmatched,0,0,0
IDJNMB_10180 Serine/threonine-protein kinase B,Unmatched,0,0,0
IDJNMB_10185 hypothetical protein,Unmatched,0,0,0
IDJNMB_10190 hypothetical protein,Unmatched,0,0,0
IDJNMB_10195 RNA methyltransferase,Unmatched,0,0,0
IDJNMB_10200 malate dehydrogenase,Unmatched,0,0,0
IDJNMB_10205 NAD(P)H-quinone oxidoreductase subunit O,Unmatched,0,0,0
IDJNMB_10210 CbamoylP-synth-lsu-like-ATP-bd domain-containing protein,Unmatched,0,0,0
IDJNMB_10215 PIN-10 domain-containing protein,Unmatched,0,0,0
IDJNMB_10220 50S ribosomal protein L28,Unmatched,0,0,0
IDJNMB_10225 photosystem I reaction center subunit PsaK,Unmatched,0,0,0
IDJNMB_10230 amino acid ABC transporter permease,Unmatched,0,0,0
IDJNMB_10235 hypothetical protein,Unmatched,0,0,0
IDJNMB_10240 DUF4336 domain-containing protein,Unmatched,0,0,0
IDJNMB_10245 50S ribosome-binding GTPase,Unmatched,0,0,0
IDJNMB_10250 hypothetical protein,Unmatched,0,0,0
IDJNMB_10255 ATP-binding cassette domain-containing protein,Unmatched,0,0,0
IDJNMB_10260 Slr1168 protein,Unmatched,0,0,0
IDJNMB_10265 cytidine deaminase,Unmatched,0,0,0
IDJNMB_10270 FAD-dependent oxidoreductase,Unmatched,0,0,0
IDJNMB_10275 DUF4870 domain-containing protein,Unmatched,0,0,0
IDJNMB_10280 phenylalanine--tRNA ligase subunit alpha,Unmatched,0,0,0
IDJNMB_10285 RNA-binding protein,Unmatched,0,0,0
IDJNMB_10290 RRM domain-containing protein,Unmatched,0,0,0
IDJNMB_10295 Ssr3189 protein,Unmatched,0,0,0
IDJNMB_10300 poly(A) polymerase,Unmatched,0,0,0
IDJNMB_10305 photosystem II reaction center protein PsbZ,Unmatched,0,0,0
"IDJNMB_10310 6,7-dimethyl-8-ribityllumazine synthase",Unmatched,0,0,0
IDJNMB_10315 hypothetical protein,Unmatched,0,0,0
IDJNMB_10320 tRNA-Gly(gcc),Unmatched,0,0,0
IDJNMB_10325 hypothetical protein,Unmatched,0,0,0
IDJNMB_10330 glutamate-5-semialdehyde dehydrogenase,Unmatched,0,0,0
IDJNMB_10335 hypothetical protein,Unmatched,0,0,0
IDJNMB_10340 S-layer protein,Unmatched,0,0,0
"IDJNMB_10345 TamB, inner membrane protein subunit of TAM complex",Unmatched,0,0,0
IDJNMB_10350 N-acetyltransferase,Unmatched,0,0,0
IDJNMB_10355 hypothetical protein,Unmatched,0,0,0
IDJNMB_10360 Similar to tr|P73635|P73635,Unmatched,0,0,0
IDJNMB_10365 mechanosensitive ion channel protein,Unmatched,0,0,0
IDJNMB_10370 saccharopine dehydrogenase,Unmatched,0,0,0
IDJNMB_10375 sensor histidine kinase,Unmatched,0,0,0
IDJNMB_10380 ATP-dependent helicase,Unmatched,0,0,0
IDJNMB_10385 SWIM-type domain-containing protein,Unmatched,0,0,0
IDJNMB_10390 AAA-15 domain-containing protein,Unmatched,0,0,0
IDJNMB_10395 hypothetical protein,Unmatched,0,0,0
IDJNMB_10400 potassium transporter TrkA,Unmatched,0,0,0
IDJNMB_10405 hypothetical protein,Unmatched,0,0,0
IDJNMB_10410 chaperonin GroEL,Unmatched,0,0,0
IDJNMB_10415 ABC-F type ribosomal protection protein,Unmatched,0,0,0
IDJNMB_10420 hypothetical protein,Unmatched,0,0,0
IDJNMB_10425 sulfite oxidase-like oxidoreductase,Unmatched,0,0,0
IDJNMB_10430 50S ribosomal protein L32,Unmatched,0,0,0
IDJNMB_10435 magnesium-protoporphyrin IX monomethyl ester (oxidative) cyclase,Unmatched,0,0,0
IDJNMB_10440 metalloprotease,Unmatched,0,0,0
IDJNMB_10445 Chlorophyll A-B binding protein,Unmatched,0,0,0
IDJNMB_10450 Inhibitor of apoptosis-promoting Bax1,Unmatched,0,0,0
IDJNMB_10455 chlorophyll synthase ChlG,Unmatched,0,0,0
IDJNMB_10460 arsenic-transporting ATPase,Unmatched,0,0,0
IDJNMB_10465 DUF2862 domain-containing protein,Unmatched,0,0,0
IDJNMB_10470 hypothetical protein,Unmatched,0,0,0
IDJNMB_10475 transporter,Unmatched,0,0,0
IDJNMB_10480 hypothetical protein,Unmatched,0,0,0
IDJNMB_10485 DUF4351 domain-containing protein,Unmatched,0,0,0
IDJNMB_10490 tRNA-Leu(gag),Unmatched,0,0,0
IDJNMB_10495 PNP-UDP-1 domain-containing protein,Unmatched,0,0,0
IDJNMB_10500 ABC transporter ATP-binding protein,Unmatched,0,0,0
IDJNMB_10505 30S ribosomal protein S6--L-glutamate ligase,Unmatched,0,0,0
IDJNMB_10510 23S rRNA (adenine(2503)-C(2))-methyltransferase RlmN,Unmatched,0,0,0
IDJNMB_10515 photosystem I reaction center subunit XII,Unmatched,0,0,0
IDJNMB_10520 ferredoxin-NADP reductase,Unmatched,0,0,0
IDJNMB_10525 Cofac-haem-bdg domain-containing protein,Unmatched,0,0,0
IDJNMB_10550 Beta-barrel assembly-enhancing protease,Unmatched,0,0,0
IDJNMB_10555 5-(carboxyamino)imidazole ribonucleotide mutase,Unmatched,0,0,0
IDJNMB_10560 Putative restriction endonuclease,Unmatched,0,0,0
IDJNMB_10565 helicase,Unmatched,0,0,0
IDJNMB_10570 DUF4926 domain-containing protein,Unmatched,0,0,0
IDJNMB_10575 Type IIS restriction enzyme Eco57I,Unmatched,0,0,0
IDJNMB_10580 Putative restriction endonuclease,Unmatched,0,0,0
IDJNMB_10585 AMP-dependent synthetase,Unmatched,0,0,0
IDJNMB_10590 signal peptidase II,Unmatched,0,0,0
IDJNMB_10595 biotin transporter BioY,Unmatched,0,0,0
IDJNMB_10600 biotin synthase BioB,Unmatched,0,0,0
"IDJNMB_10605 dTDP-4-dehydrorhamnose 3,5-epimerase",Unmatched,0,0,0
IDJNMB_10610 dTDP-4-dehydrorhamnose reductase,Unmatched,0,0,0
IDJNMB_10615 glucose-1-phosphate thymidylyltransferase,Unmatched,0,0,0
IDJNMB_10620 3-isopropylmalate dehydrogenase,Unmatched,0,0,0
IDJNMB_10625 hypothetical protein,Unmatched,0,0,0
IDJNMB_10630 hypothetical protein,Unmatched,0,0,0
IDJNMB_10635 excinuclease ABC subunit UvrC,Unmatched,0,0,0
IDJNMB_10640 hypothetical protein,Unmatched,0,0,0
IDJNMB_10645 hypothetical protein,Unmatched,0,0,0
IDJNMB_10650 hypothetical protein,Unmatched,0,0,0
IDJNMB_10655 hypothetical protein,Unmatched,0,0,0
IDJNMB_10660 hypothetical protein,Unmatched,0,0,0
IDJNMB_10665 hypothetical protein,Unmatched,0,0,0
IDJNMB_10670 tRNA (adenosine(37)-N6)-threonylcarbamoyltransferase complex ATPase subunit type 1 TsaE,Unmatched,0,0,0
IDJNMB_10675 excinuclease ABC subunit UvrB,Unmatched,0,0,0
IDJNMB_10680 Catalase/hydroperoxidase,Unmatched,0,0,0
IDJNMB_10685 SAM-dependent methyltransferase,Unmatched,0,0,0
IDJNMB_10690 hydroxymethylbilane synthase,Unmatched,0,0,0
IDJNMB_10695 permease,Unmatched,0,0,0
IDJNMB_10700 DUF2892 domain-containing protein,Unmatched,0,0,0
IDJNMB_10705 Zn-dependent hydrolase,Unmatched,0,0,0
IDJNMB_10710 ferredoxin,Unmatched,0,0,0
IDJNMB_10715 undecaprenyl-phosphate alpha-N-acetylglucosaminyl 1-phosphate transferase,Unmatched,0,0,0
IDJNMB_10720 Serine hydroxymethyltransferase,Unmatched,0,0,0
IDJNMB_10725 phosphoenolpyruvate carboxylase,Unmatched,0,0,0
IDJNMB_10730 hypothetical protein,Unmatched,0,0,0
IDJNMB_10735 cell division topological specificity factor MinE,Unmatched,0,0,0
IDJNMB_10740 septum site-determining protein MinD,Unmatched,0,0,0
IDJNMB_10745 septum site-determining protein MinC,Unmatched,0,0,0
IDJNMB_10750 hypothetical protein,Unmatched,0,0,0
IDJNMB_10755 Similar to tr|Q8YJW9|Q8YJW9,Unmatched,0,0,0
IDJNMB_10760 plasmid maintenance system killer family protein,Unmatched,0,0,0
IDJNMB_10765 HigA family addiction module antitoxin,Unmatched,0,0,0
IDJNMB_10770 hypothetical protein,Unmatched,0,0,0
IDJNMB_10780 Hrp-dependent type III effector protein,Unmatched,0,0,0
IDJNMB_10785 acyl-ACP--UDP-N-acetylglucosamine O-acyltransferase,Unmatched,0,0,0
IDJNMB_10790 lipid-A-disaccharide synthase,Unmatched,0,0,0
IDJNMB_10795 CDP-diacylglycerol--glycerol-3-phosphate 3-phosphatidyltransferase,Unmatched,0,0,0
IDJNMB_10800 Hemolysin-type calcium-binding region protein,Unmatched,0,0,0
IDJNMB_10805 hypothetical protein,Unmatched,0,0,0
IDJNMB_10810 tRNA (adenosine(37)-N6)-dimethylallyltransferase MiaA,Unmatched,0,0,0
IDJNMB_10815 DUF2079 domain-containing protein,Unmatched,0,0,0
IDJNMB_10820 amino acid ABC transporter substrate-binding protein,Unmatched,0,0,0
IDJNMB_10825 AI-2E family transporter,Unmatched,0,0,0
IDJNMB_10830 photosystem II reaction center protein PsbM,Unmatched,0,0,0
IDJNMB_10835 IS200/IS605 family transposase,Unmatched,0,0,0
IDJNMB_10840 single-stranded DNA-binding protein,Unmatched,0,0,0
IDJNMB_10845 4Fe-4S ferredoxin,Unmatched,0,0,0
IDJNMB_10850 hypothetical protein,Unmatched,0,0,0
IDJNMB_10855 TlyA family rRNA (cytidine-2'-O)-methyltransferase,Unmatched,0,0,0
IDJNMB_10860 cAMP-binding domain of CRP or a regulatory subunit of cAMP-dependent protein kinases,Unmatched,0,0,0
IDJNMB_10865 methionyl-tRNA formyltransferase,Unmatched,0,0,0
IDJNMB_10870 peptidoglycan editing factor PgeF,Unmatched,0,0,0
"IDJNMB_10875 putative toxin-antitoxin system toxin component, PIN family",Unmatched,0,0,0
IDJNMB_10880 hypothetical protein,Unmatched,0,0,0
IDJNMB_10885 hypothetical protein,Unmatched,0,0,0
IDJNMB_10890 hypothetical protein,Unmatched,0,0,0
IDJNMB_10895 hypothetical protein,Unmatched,0,0,0
IDJNMB_10900 hypothetical protein,Unmatched,0,0,0
"IDJNMB_10905 2-hydroxy-6-oxohepta-2,4-dienoate hydrolase",Unmatched,0,0,0
IDJNMB_10910 DUF541 domain-containing protein,Unmatched,0,0,0
IDJNMB_10915 hypothetical protein,Unmatched,0,0,0
IDJNMB_10920 Putative restriction endonuclease,Unmatched,0,0,0
IDJNMB_10925 UDP-N-acetylglucosamine 1-carboxyvinyltransferase,Unmatched,0,0,0
IDJNMB_10930 tRNA-Leu(cag),Unmatched,0,0,0
IDJNMB_10935 rRNA methyltransferase,Unmatched,0,0,0
IDJNMB_10940 hypothetical protein,Unmatched,0,0,0
IDJNMB_10945 hypothetical protein,Unmatched,0,0,0
IDJNMB_10950 Zeta toxin family protein,Unmatched,0,0,0
IDJNMB_10960 lipolytic protein G-D-S-L family,Unmatched,0,0,0
IDJNMB_10965 NAD(P)H-quinone oxidoreductase subunit 4L NdhQ,Unmatched,0,0,0
IDJNMB_10970 histidine kinase,Unmatched,0,0,0
IDJNMB_10975 argininosuccinate synthase,Unmatched,0,0,0
IDJNMB_10980 hypothetical protein,Unmatched,0,0,0
IDJNMB_10985 peptidase,Unmatched,0,0,0
IDJNMB_10990 tRNA-Pro(ggg),Unmatched,0,0,0
IDJNMB_10995 FAD-dependent hydroxylase,Unmatched,0,0,0
IDJNMB_11000 hypothetical protein,Unmatched,0,0,0
IDJNMB_11005 Tetratricopeptide TPR_2,Unmatched,0,0,0
IDJNMB_11010 DUF2281 domain-containing protein,Unmatched,0,0,0
IDJNMB_11015 hypothetical protein,Unmatched,0,0,0
IDJNMB_11020 GxxExxY protein,Unmatched,0,0,0
IDJNMB_11025 hypothetical protein,Unmatched,0,0,0
IDJNMB_11030 hypothetical protein,Unmatched,0,0,0
IDJNMB_11035 sodium:proton antiporter,Unmatched,0,0,0
IDJNMB_11045 hypothetical protein,Unmatched,0,0,0
"IDJNMB_11050 Endonuclease, Uma2 family (restriction endonuclease fold)",Unmatched,0,0,0
IDJNMB_11055 hypothetical protein,Unmatched,0,0,0
IDJNMB_11060 Uma2 domain-containing protein,Unmatched,0,0,0
IDJNMB_11065 flagellar assembly protein H,Unmatched,0,0,0
IDJNMB_11070 rSAM-associated Gly-rich repeat protein,Unmatched,0,0,0
IDJNMB_11075 amino acid ABC transporter substrate-binding protein,Unmatched,0,0,0
IDJNMB_11080 Uncharacterized protein slr1608,Unmatched,0,0,0
IDJNMB_11085 hypothetical protein,Unmatched,0,0,0
IDJNMB_11090 hypothetical protein,Unmatched,0,0,0
IDJNMB_11095 cell division protein FtsI,Unmatched,0,0,0
IDJNMB_11100 hypothetical protein,Unmatched,0,0,0
IDJNMB_11105 GTPase,Unmatched,0,0,0
IDJNMB_11110 2-amino-4-hydroxy-6-hydroxymethyldihydropteridine diphosphokinase,Unmatched,0,0,0
IDJNMB_11115 sirohydrochlorin chelatase,Unmatched,0,0,0
IDJNMB_11120 hypothetical protein,Unmatched,0,0,0
IDJNMB_11125 hypothetical protein,Unmatched,0,0,0
IDJNMB_11130 hypothetical protein,Unmatched,0,0,0
IDJNMB_11135 transglutaminase,Unmatched,0,0,0
"IDJNMB_11140 7,8-didemethyl-8-hydroxy-5-deazariboflavin synthase subunit CofG",Unmatched,0,0,0
IDJNMB_11145 cytosine deaminase,Unmatched,0,0,0
IDJNMB_11150 DUF952 domain-containing protein,Unmatched,0,0,0
IDJNMB_11155 L-lactate dehydrogenase,Unmatched,0,0,0
IDJNMB_11160 SEFIR domain-containing protein,Unmatched,0,0,0
IDJNMB_11165 glycosyl transferase family 1,Unmatched,0,0,0
IDJNMB_11170 peptide ABC transporter substrate-binding protein,Unmatched,0,0,0
IDJNMB_11175 citrate synthase,Unmatched,0,0,0
IDJNMB_11180 Uma2 domain-containing protein,Unmatched,0,0,0
IDJNMB_11185 hypothetical protein,Unmatched,0,0,0
IDJNMB_11190 hypothetical protein,Unmatched,0,0,0
IDJNMB_11195 DUF3352 domain-containing protein,Unmatched,0,0,0
IDJNMB_11240 Serine/threonine protein kinase,Unmatched,0,0,0
IDJNMB_11245 Arginine decarboxylase,Unmatched,0,0,0
IDJNMB_11250 hypothetical protein,Unmatched,0,0,0
IDJNMB_11255 UMP kinase,Unmatched,0,0,0
IDJNMB_11260 ribosome recycling factor,Unmatched,0,0,0
IDJNMB_11265 DNA (cytosine-5-)-methyltransferase,Unmatched,0,0,0
IDJNMB_11270 DUF4926 domain-containing protein,Unmatched,0,0,0
IDJNMB_11275 hypothetical protein,Unmatched,0,0,0
IDJNMB_11280 EAL domain-containing protein,Unmatched,0,0,0
IDJNMB_11285 hypothetical protein,Unmatched,0,0,0
IDJNMB_11290 DUF2283 domain-containing protein,Unmatched,0,0,0
IDJNMB_11295 DUF4258 domain-containing protein,Unmatched,0,0,0
IDJNMB_11300 DUF5615 domain-containing protein,Unmatched,0,0,0
IDJNMB_11305 hypothetical protein,Unmatched,0,0,0
IDJNMB_11310 hypothetical protein,Unmatched,0,0,0
IDJNMB_11315 PINc domain-containing protein,Unmatched,0,0,0
IDJNMB_11320 hypothetical protein,Unmatched,0,0,0
IDJNMB_11325 hypothetical protein,Unmatched,0,0,0
IDJNMB_11330 Small-conductance mechanosensitive channel MscK,Unmatched,0,0,0
IDJNMB_11335 sulfate ABC transporter ATP-binding protein,Unmatched,0,0,0
IDJNMB_11340 sulfate ABC transporter permease subunit CysW,Unmatched,0,0,0
IDJNMB_11345 sulfate ABC transporter permease subunit CysT,Unmatched,0,0,0
IDJNMB_11350 ABC transporter,Unmatched,0,0,0
IDJNMB_11355 sulfate ABC transporter substrate-binding protein,Unmatched,0,0,0
IDJNMB_11360 cAMP-binding protein,Unmatched,0,0,0
IDJNMB_11365 ribonuclease III,Unmatched,0,0,0
IDJNMB_11370 hypothetical protein,Unmatched,0,0,0
IDJNMB_11375 hypothetical protein,Unmatched,0,0,0
IDJNMB_11380 chloride channel core,Unmatched,0,0,0
IDJNMB_11385 porin,Unmatched,0,0,0
"IDJNMB_11390 2,3-bisphosphoglycerate-independent phosphoglycerate mutase",Unmatched,0,0,0
IDJNMB_11395 preprotein translocase subunit SecG,Unmatched,0,0,0
IDJNMB_11400 peptidase,Unmatched,0,0,0
IDJNMB_11405 hypothetical protein,Unmatched,0,0,0
IDJNMB_11410 N-acetylmuramoyl-L-alanine amidase,Unmatched,0,0,0
IDJNMB_11415 peroxiredoxin,Unmatched,0,0,0
IDJNMB_11420 N-6 DNA methylase,Unmatched,0,0,0
IDJNMB_11425 glycosyl transferase,Unmatched,0,0,0
IDJNMB_11455 Bacterial RNase P class A,Unmatched,0,0,0
IDJNMB_11500 acyl-CoA desaturase,Unmatched,0,0,0
IDJNMB_11505 1-deoxy-D-xylulose-5-phosphate reductoisomerase,Unmatched,0,0,0
IDJNMB_11510 glutamate-5-semialdehyde dehydrogenase,Unmatched,0,0,0
IDJNMB_11515 riboflavin synthase,Unmatched,0,0,0
IDJNMB_11520 DUF4411 domain-containing protein,Unmatched,0,0,0
IDJNMB_11525 IrrE N-terminal-like domain-containing protein,Unmatched,0,0,0
IDJNMB_11530 adenosylhomocysteinase,Unmatched,0,0,0
IDJNMB_11535 alkaline phosphatase,Unmatched,0,0,0
IDJNMB_11540 Beta-barrel assembly-enhancing protease,Unmatched,0,0,0
IDJNMB_11545 hypothetical protein,Unmatched,0,0,0
IDJNMB_11550 allophycocyanin,Unmatched,0,0,0
IDJNMB_11555 SPFH domain / Band 7 family,Unmatched,0,0,0
IDJNMB_11560 glutathione-disulfide reductase,Unmatched,0,0,0
IDJNMB_11565 D-alanyl-D-alanine carboxypeptidase/D-alanyl-D-alanine-endopeptidase,Unmatched,0,0,0
IDJNMB_11570 glycogen synthase GlgA,Unmatched,0,0,0
IDJNMB_11575 co-chaperone YbbN,Unmatched,0,0,0
IDJNMB_11580 hypothetical protein,Unmatched,0,0,0
IDJNMB_11585 tRNA (guanosine(46)-N7)-methyltransferase TrmB,Unmatched,0,0,0
IDJNMB_11590 metallophosphoesterase,Unmatched,0,0,0
IDJNMB_11595 hypothetical protein,Unmatched,0,0,0
IDJNMB_11600 Acireductone dioxygenase,Unmatched,0,0,0
IDJNMB_11605 tRNA-Ala(cgc),Unmatched,0,0,0
IDJNMB_11610 hypothetical protein,Unmatched,0,0,0
IDJNMB_11615 hypothetical protein,Unmatched,0,0,0
IDJNMB_11620 IS200/IS605 family transposase,Unmatched,0,0,0
IDJNMB_11625 branched-chain amino acid ABC transporter permease,Unmatched,0,0,0
IDJNMB_11630 Putative manganese efflux pump,Unmatched,0,0,0
IDJNMB_11635 7-cyano-7-deazaguanine synthase QueC,Unmatched,0,0,0
IDJNMB_11640 aspartyl protease,Unmatched,0,0,0
IDJNMB_11645 hypothetical protein,Unmatched,0,0,0
IDJNMB_11650 hypothetical protein,Unmatched,0,0,0
IDJNMB_11655 hypothetical protein,Unmatched,0,0,0
IDJNMB_11660 diaminopimelate decarboxylase,Unmatched,0,0,0
IDJNMB_11665 diadenylate cyclase CdaA,Unmatched,0,0,0
IDJNMB_11670 isoprenyl transferase,Unmatched,0,0,0
IDJNMB_11675 DUF1825 domain-containing protein,Unmatched,0,0,0
IDJNMB_11680 hypothetical protein,Unmatched,0,0,0
IDJNMB_11685 2Fe-2S ferredoxin,Unmatched,0,0,0
IDJNMB_11690 tRNA-Val(gac),Unmatched,0,0,0
IDJNMB_11695 agmatinase,Unmatched,0,0,0
IDJNMB_11700 hypothetical protein,Unmatched,0,0,0
IDJNMB_11705 lipoxygenase,Unmatched,0,0,0
IDJNMB_11710 hypothetical protein,Unmatched,0,0,0
IDJNMB_11715 PIN-10 domain-containing protein,Unmatched,0,0,0
IDJNMB_11720 agmatinase,Unmatched,0,0,0
IDJNMB_11725 stem cell self-renewal protein Piwi,Unmatched,0,0,0
IDJNMB_11730 PDDEXK-1 domain-containing protein,Unmatched,0,0,0
IDJNMB_11735 XRE family transcriptional regulator,Unmatched,0,0,0
IDJNMB_11740 IrrE N-terminal-like domain-containing protein,Unmatched,0,0,0
IDJNMB_11745 LysR family transcriptional regulator,Unmatched,0,0,0
IDJNMB_11750 DUF1622 domain-containing protein,Unmatched,0,0,0
IDJNMB_11755 ATP-dependent Clp protease proteolytic subunit,Unmatched,0,0,0
IDJNMB_11760 ATP-dependent Clp protease proteolytic subunit,Unmatched,0,0,0
IDJNMB_11765 alcohol dehydrogenase,Unmatched,0,0,0
IDJNMB_11770 Biotin carboxyl carrier protein of acetyl-CoA carboxylase,Unmatched,0,0,0
IDJNMB_11775 elongation factor P,Unmatched,0,0,0
IDJNMB_11780 DUF3067 domain-containing protein,Unmatched,0,0,0
IDJNMB_11785 flagellar assembly protein H,Unmatched,0,0,0
IDJNMB_11790 heavy metal transporter,Unmatched,0,0,0
IDJNMB_11795 DUF6036 domain-containing protein,Unmatched,0,0,0
IDJNMB_11800 hypothetical protein,Unmatched,0,0,0
IDJNMB_11805 restriction endonuclease subunit S,Unmatched,0,0,0
IDJNMB_11810 nucleotidyltransferase,Unmatched,0,0,0
IDJNMB_11815 Site-specific DNA-methyltransferase (adenine-specific),Unmatched,0,0,0
IDJNMB_11820 lipid-A-disaccharide synthase,Unmatched,0,0,0
IDJNMB_11825 mannose-1-phosphate guanyltransferase,Unmatched,0,0,0
IDJNMB_11830 transposase,Unmatched,0,0,0
IDJNMB_11835 DUF4090 domain-containing protein,Unmatched,0,0,0
IDJNMB_11840 CopY family transcriptional regulator,Unmatched,0,0,0
IDJNMB_11845 Zn-dependent protease with chaperone function,Unmatched,0,0,0
IDJNMB_11850 thioredoxin-dependent thiol peroxidase,Unmatched,0,0,0
IDJNMB_11855 30S ribosomal protein S2,Unmatched,0,0,0
IDJNMB_11860 translation elongation factor Ts,Unmatched,0,0,0
IDJNMB_11865 squalene--hopene cyclase,Unmatched,0,0,0
"IDJNMB_11870 Antitoxin component HigA of the HigAB toxin-antitoxin module, contains an N-terminal HTH domain",Unmatched,0,0,0
IDJNMB_11875 Site-specific DNA-methyltransferase (adenine-specific),Unmatched,0,0,0
IDJNMB_11880 ABC 3 transport family,Unmatched,0,0,0
IDJNMB_11885 cofactor assembly of complex C subunit B,Unmatched,0,0,0
"IDJNMB_11890 1,4-dihydroxy-2-naphthoyl-CoA hydrolase",Unmatched,0,0,0
IDJNMB_11895 DUF1361 domain-containing protein,Unmatched,0,0,0
IDJNMB_11900 ring-hydroxylating oxygenase subunit alpha,Unmatched,0,0,0
IDJNMB_11905 DNA phosphorothioation-associated protein 4,Unmatched,0,0,0
IDJNMB_11910 4-amino-4-deoxy-L-arabinose transferase,Unmatched,0,0,0
IDJNMB_11915 peptidylprolyl isomerase,Unmatched,0,0,0
"IDJNMB_11920 2,3-diketo-5-methylthiopentyl-1-phosphate enolase",Unmatched,0,0,0
IDJNMB_11925 serine--tRNA ligase,Unmatched,0,0,0
IDJNMB_11930 M23 family peptidase,Unmatched,0,0,0
IDJNMB_11935 hypothetical protein,Unmatched,0,0,0
IDJNMB_11940 glycosyltransferase,Unmatched,0,0,0
IDJNMB_11945 metal-binding protein,Unmatched,0,0,0
IDJNMB_12010 hypothetical protein,Unmatched,0,0,0
IDJNMB_12015 metallophosphoesterase,Unmatched,0,0,0
IDJNMB_12020 ABC transporter transmembrane region,Unmatched,0,0,0
IDJNMB_12025 hypothetical protein,Unmatched,0,0,0
IDJNMB_12030 bicarbonate-binding protein,Unmatched,0,0,0
IDJNMB_12035 nitrate ABC transporter permease,Unmatched,0,0,0
IDJNMB_12040 bacitracin ABC transporter ATP-binding protein,Unmatched,0,0,0
IDJNMB_12045 bacitracin ABC transporter ATP-binding protein,Unmatched,0,0,0
IDJNMB_12050 DUF2301 domain-containing protein,Unmatched,0,0,0
IDJNMB_12055 glycine oxidase ThiO,Unmatched,0,0,0
IDJNMB_12060 transporter,Unmatched,0,0,0
IDJNMB_12065 transcriptional regulator,Unmatched,0,0,0
IDJNMB_12070 gamma-glutamyltransferase,Unmatched,0,0,0
IDJNMB_12075 UDP-3-O-(3-hydroxymyristoyl)glucosamine N-acyltransferase,Unmatched,0,0,0
IDJNMB_12080 lysozyme,Unmatched,0,0,0
IDJNMB_12085 3-oxoacyl-ACP reductase FabG,Unmatched,0,0,0
IDJNMB_12090 glycerol-3-phosphate 1-O-acyltransferase PlsY,Unmatched,0,0,0
IDJNMB_12095 hypothetical protein,Unmatched,0,0,0
IDJNMB_12100 tRNA-Glu(ttc),Unmatched,0,0,0
IDJNMB_12105 two-component sensor histidine kinase,Unmatched,0,0,0
IDJNMB_12110 EVE domain-containing protein,Unmatched,0,0,0
IDJNMB_12115 primosomal protein,Unmatched,0,0,0
IDJNMB_12120 tRNA-Gly(ccc),Unmatched,0,0,0
IDJNMB_12125 hypothetical protein,Unmatched,0,0,0
IDJNMB_12130 hypothetical protein,Unmatched,0,0,0
IDJNMB_12135 VapC toxin family PIN domain ribonuclease,Unmatched,0,0,0
IDJNMB_12140 aspartate aminotransferase family protein,Unmatched,0,0,0
IDJNMB_12145 potassium channel protein,Unmatched,0,0,0
"IDJNMB_12150 nucleic-acid-binding protein, contains PIN domain protein",Unmatched,0,0,0
IDJNMB_12155 hypothetical protein,Unmatched,0,0,0
IDJNMB_12160 Type IV pilus twitching motility protein PilT,Unmatched,0,0,0
IDJNMB_12165 circadian clock protein KaiB,Unmatched,0,0,0
IDJNMB_12170 hypothetical protein,Unmatched,0,0,0
IDJNMB_12175 carboxypeptidase,Unmatched,0,0,0
IDJNMB_12180 Aspartyl protease,Unmatched,0,0,0
IDJNMB_12185 hypothetical protein,Unmatched,0,0,0
IDJNMB_12190 hypothetical protein,Unmatched,0,0,0
IDJNMB_12195 glutathione S-transferase,Unmatched,0,0,0
IDJNMB_12200 DNA-binding response regulator,Unmatched,0,0,0
IDJNMB_12205 hypothetical protein,Unmatched,0,0,0
"IDJNMB_12210 C-3',4' desaturase CrtD",Unmatched,0,0,0
IDJNMB_12215 alpha-ribazole phosphatase,Unmatched,0,0,0
IDJNMB_12220 Rho termination protein,Unmatched,0,0,0
IDJNMB_12225 acetolactate synthase large subunit,Unmatched,0,0,0
IDJNMB_12230 polyketide cyclase/dehydrase and lipid transport protein,Unmatched,0,0,0
IDJNMB_12235 hypothetical protein,Unmatched,0,0,0
IDJNMB_12240 hypothetical protein,Unmatched,0,0,0
IDJNMB_12245 Methyltransf-11 domain-containing protein,Unmatched,0,0,0
IDJNMB_12250 hypothetical protein,Unmatched,0,0,0
IDJNMB_12255 hypothetical protein,Unmatched,0,0,0
IDJNMB_12260 LysR family transcriptional regulator,Unmatched,0,0,0
"IDJNMB_12265 Glycosyl transferase family, a/b domain-containing protein",Unmatched,0,0,0
IDJNMB_12270 RNA polymerase sigma factor SigC,Unmatched,0,0,0
IDJNMB_12275 sulfonate ABC transporter substrate-binding protein,Unmatched,0,0,0
IDJNMB_12280 transporter,Unmatched,0,0,0
IDJNMB_12285 sulfate ABC transporter substrate-binding protein,Unmatched,0,0,0
IDJNMB_12290 phosphate-binding protein,Unmatched,0,0,0
IDJNMB_12295 phosphate ABC transporter permease subunit PstC,Unmatched,0,0,0
IDJNMB_12300 phosphate ABC transporter permease PstA,Unmatched,0,0,0
IDJNMB_12305 phosphate ABC transporter ATP-binding protein PstB,Unmatched,0,0,0
IDJNMB_12310 Ca(2+)/H(+) antiporter,Unmatched,0,0,0
IDJNMB_12315 transporter,Unmatched,0,0,0
IDJNMB_12320 thiol-disulfide oxidoreductase,Unmatched,0,0,0
IDJNMB_12325 Integral membrane protein TerC family,Unmatched,0,0,0
IDJNMB_12330 photosystem I reaction center subunit XII,Unmatched,0,0,0
IDJNMB_12335 redox-regulated ATPase YchF,Unmatched,0,0,0
IDJNMB_12340 elongation factor G,Unmatched,0,0,0
IDJNMB_12345 HATPase-c domain-containing protein,Unmatched,0,0,0
IDJNMB_12350 sodium:dicarboxylate symporter,Unmatched,0,0,0
IDJNMB_12355 hypothetical protein,Unmatched,0,0,0
IDJNMB_12360 Glycos-transf-1 domain-containing protein,Unmatched,0,0,0
IDJNMB_12365 hypothetical protein,Unmatched,0,0,0
IDJNMB_12370 hypothetical protein,Unmatched,0,0,0
IDJNMB_12375 hypothetical protein,Unmatched,0,0,0
IDJNMB_12380 hypothetical protein,Unmatched,0,0,0
IDJNMB_12385 protein tyrosine kinase,Unmatched,0,0,0
IDJNMB_12390 Putative restriction endonuclease,Unmatched,0,0,0
IDJNMB_12395 hypothetical protein,Unmatched,0,0,0
IDJNMB_12400 Methyltransf-21 domain-containing protein,Unmatched,0,0,0
IDJNMB_12405 Polysaccharide biosynthesis protein,Unmatched,0,0,0
IDJNMB_12410 Phenazine biosynthesis-like protein,Unmatched,0,0,0
IDJNMB_12415 hypothetical protein,Unmatched,0,0,0
IDJNMB_12420 Xaa-Pro aminopeptidase,Unmatched,0,0,0
IDJNMB_12425 Uma2 family endonuclease,Unmatched,0,0,0
IDJNMB_12430 Uma2 family endonuclease,Unmatched,0,0,0
IDJNMB_12435 NAD-dependent DNA ligase LigA,Unmatched,0,0,0
IDJNMB_12440 hypothetical protein,Unmatched,0,0,0
IDJNMB_12445 hypothetical protein,Unmatched,0,0,0
IDJNMB_12450 HTH cro/C1-type domain-containing protein,Unmatched,0,0,0
IDJNMB_12455 DUF4160 domain-containing protein,Unmatched,0,0,0
IDJNMB_12460 signal peptide peptidase SppA,Unmatched,0,0,0
IDJNMB_12465 chorismate mutase,Unmatched,0,0,0
IDJNMB_12470 alpha/beta hydrolase,Unmatched,0,0,0
IDJNMB_12475 alpha/beta hydrolase,Unmatched,0,0,0
IDJNMB_12480 Glycosyl transferase family 41,Unmatched,0,0,0
IDJNMB_12485 NAD-dependent malic enzyme,Unmatched,0,0,0
IDJNMB_12490 D-alanyl-D-alanine carboxypeptidase,Unmatched,0,0,0
IDJNMB_12495 leucyl aminopeptidase,Unmatched,0,0,0
IDJNMB_12500 oxidoreductase,Unmatched,0,0,0
IDJNMB_12505 fructose-bisphosphate aldolase class II,Unmatched,0,0,0
IDJNMB_12510 carboxyl-terminal protease,Unmatched,0,0,0
IDJNMB_12515 amino acid ABC transporter substrate-binding protein,Unmatched,0,0,0
IDJNMB_12520 cell division protein FtsW,Unmatched,0,0,0
IDJNMB_12525 isoaspartyl peptidase,Unmatched,0,0,0
IDJNMB_12530 hypothetical protein,Unmatched,0,0,0
IDJNMB_12535 geranylgeranyl reductase,Unmatched,0,0,0
IDJNMB_12540 class III poly(R)-hydroxyalkanoic acid synthase subunit PhaC,Unmatched,0,0,0
IDJNMB_12545 class III poly(R)-hydroxyalkanoic acid synthase subunit PhaE,Unmatched,0,0,0
IDJNMB_12550 hypothetical protein,Unmatched,0,0,0
IDJNMB_12555 beta-ketoacyl-ACP reductase,Unmatched,0,0,0
IDJNMB_12560 acetyl-CoA C-acyltransferase,Unmatched,0,0,0
IDJNMB_12565 FAD-dependent oxidoreductase,Unmatched,0,0,0
IDJNMB_12570 hypothetical protein,Unmatched,0,0,0
IDJNMB_12575 Nucleotidyltransferase,Unmatched,0,0,0
IDJNMB_12580 Antitoxin,Unmatched,0,0,0
IDJNMB_12585 hypothetical protein,Unmatched,0,0,0
"IDJNMB_12590 addiction module toxin, HicA family",Unmatched,0,0,0
IDJNMB_12595 HicB family protein,Unmatched,0,0,0
IDJNMB_12600 hypothetical protein,Unmatched,0,0,0
IDJNMB_12605 hypothetical protein,Unmatched,0,0,0
IDJNMB_12610 type II toxin-antitoxin system RelE/ParE family toxin,Unmatched,0,0,0
IDJNMB_12615 DUF2283 domain-containing protein,Unmatched,0,0,0
IDJNMB_12620 DUF4258 domain-containing protein,Unmatched,0,0,0
IDJNMB_12625 hypothetical protein,Unmatched,0,0,0
IDJNMB_12630 hypothetical protein,Unmatched,0,0,0
IDJNMB_12635 hypothetical protein,Unmatched,0,0,0
IDJNMB_12640 hypothetical protein,Unmatched,0,0,0
IDJNMB_12645 translation elongation factor 4,Unmatched,0,0,0
IDJNMB_12650 ATP-binding protein,Unmatched,0,0,0
IDJNMB_12655 hypothetical protein,Unmatched,0,0,0
IDJNMB_12660 ABC transporter ATP-binding protein,Unmatched,0,0,0
IDJNMB_12665 potassium-transporting ATPase subunit KdpA,Unmatched,0,0,0
IDJNMB_12670 potassium-transporting ATPase subunit KdpB,Unmatched,0,0,0
IDJNMB_12675 DNA (cytosine-5-)-methyltransferase,Unmatched,0,0,0
IDJNMB_12680 IS630 family transposase,Unmatched,0,0,0
IDJNMB_12685 hypothetical protein,Unmatched,0,0,0
IDJNMB_12690 glycosyltransferase,Unmatched,0,0,0
IDJNMB_12695 polysaccharide biosynthesis protein GtrA,Unmatched,0,0,0
IDJNMB_12700 transketolase,Unmatched,0,0,0
IDJNMB_12705 transketolase,Unmatched,0,0,0
IDJNMB_12710 epimerase,Unmatched,0,0,0
IDJNMB_12715 hypothetical protein,Unmatched,0,0,0
IDJNMB_12720 ATP-dependent zinc metalloprotease FtsH3,Unmatched,0,0,0
IDJNMB_12725 RNA polymerase subunit sigma-70,Unmatched,0,0,0
IDJNMB_12730 hypothetical protein,Unmatched,0,0,0
IDJNMB_12735 nucleotide cyclase,Unmatched,0,0,0
IDJNMB_12740 hypothetical protein,Unmatched,0,0,0
"IDJNMB_12745 addiction module toxin, HicA family",Unmatched,0,0,0
IDJNMB_12750 HicB family protein,Unmatched,0,0,0
IDJNMB_12755 hypothetical protein,Unmatched,0,0,0
IDJNMB_12760 hypothetical protein,Unmatched,0,0,0
IDJNMB_12765 hypothetical protein,Unmatched,0,0,0
"IDJNMB_12770 TPR domain protein, putative component of TonB system",Unmatched,0,0,0
IDJNMB_12775 DNA polymerase subunit beta,Unmatched,0,0,0
IDJNMB_12780 hypothetical protein,Unmatched,0,0,0
IDJNMB_12785 peroxiredoxin,Unmatched,0,0,0
IDJNMB_12790 MFS transporter,Unmatched,0,0,0
IDJNMB_12795 hypothetical protein,Unmatched,0,0,0
IDJNMB_12800 GUN4 domain-containing protein,Unmatched,0,0,0
IDJNMB_12805 carbon dioxide transporter,Unmatched,0,0,0
IDJNMB_12810 DUF1823 domain-containing protein,Unmatched,0,0,0
IDJNMB_12815 DMT family transporter,Unmatched,0,0,0
IDJNMB_12820 Type 4 pilin-like protein,Unmatched,0,0,0
IDJNMB_12825 Prepilin-type family protein,Unmatched,0,0,0
IDJNMB_12830 hypothetical protein,Unmatched,0,0,0
IDJNMB_12835 Hsp33 family molecular chaperone HslO,Unmatched,0,0,0
IDJNMB_12840 chromosome segregation ATPase,Unmatched,0,0,0
IDJNMB_12845 Secreted effector protein PipB2,Unmatched,0,0,0
IDJNMB_12850 exopolyphosphatase,Unmatched,0,0,0
IDJNMB_12855 DUF1400 domain-containing protein,Unmatched,0,0,0
IDJNMB_12860 hypothetical protein,Unmatched,0,0,0
IDJNMB_12865 DUF3082 domain-containing protein,Unmatched,0,0,0
IDJNMB_12870 Mobile element protein,Unmatched,0,0,0
IDJNMB_12875 50S ribosomal protein L25/general stress protein Ctc,Unmatched,0,0,0
IDJNMB_12880 adenylosuccinate synthase,Unmatched,0,0,0
IDJNMB_12885 aminotransferase,Unmatched,0,0,0
IDJNMB_12890 indole-3-glycerol phosphate synthase TrpC,Unmatched,0,0,0
IDJNMB_12895 hypothetical protein,Unmatched,0,0,0
IDJNMB_12900 Chromosome partition protein Smc,Unmatched,0,0,0
IDJNMB_12905 DUF3288 domain-containing protein,Unmatched,0,0,0
IDJNMB_12910 glycosyltransferase,Unmatched,0,0,0
IDJNMB_12915 hypothetical protein,Unmatched,0,0,0
IDJNMB_12920 zf-ISL3 domain-containing protein,Unmatched,0,0,0
IDJNMB_12925 hypothetical protein,Unmatched,0,0,0
IDJNMB_12930 hypothetical protein,Unmatched,0,0,0
IDJNMB_12935 nif11-class peptide radical SAM maturase 3,Unmatched,0,0,0
IDJNMB_12940 tryptophan synthase subunit alpha,Unmatched,0,0,0
IDJNMB_12945 glycosyltransferase,Unmatched,0,0,0
IDJNMB_12950 phospholipid-binding protein,Unmatched,0,0,0
IDJNMB_12955 heterodisulfide reductase,Unmatched,0,0,0
IDJNMB_12960 anti-anti-sigma factor,Unmatched,0,0,0
IDJNMB_12965 Acetylglutamate kinase,Unmatched,0,0,0
IDJNMB_12970 hypothetical protein,Unmatched,0,0,0
IDJNMB_12975 DUF790 domain-containing protein,Unmatched,0,0,0
IDJNMB_12980 molecular chaperone,Unmatched,0,0,0
IDJNMB_12985 hypothetical protein,Unmatched,0,0,0
IDJNMB_12990 hypothetical protein,Unmatched,0,0,0
IDJNMB_12995 AAA+ family ATPase,Unmatched,0,0,0
IDJNMB_13000 hypothetical protein,Unmatched,0,0,0
IDJNMB_13005 glycosyl transferase family 1,Unmatched,0,0,0
IDJNMB_13010 mannosyltransferase,Unmatched,0,0,0
IDJNMB_13015 site-specific DNA-methyltransferase,Unmatched,0,0,0
IDJNMB_13020 Zn-dependent hydrolase,Unmatched,0,0,0
IDJNMB_13025 decarboxylating NADP(+)-dependent phosphogluconate dehydrogenase,Unmatched,0,0,0
IDJNMB_13030 GUN4 domain-containing protein,Unmatched,0,0,0
IDJNMB_13035 Similarity,Unmatched,0,0,0
IDJNMB_13040 DUF2235 domain-containing protein,Unmatched,0,0,0
"IDJNMB_13055 Type II secretory pathway, pullulanase PulA and related glycosidases",Unmatched,0,0,0
IDJNMB_13060 Condensation domain-containing protein,Unmatched,0,0,0
IDJNMB_13065 flagellar assembly protein H,Unmatched,0,0,0
IDJNMB_13070 hydrogenase expression/formation protein HypE,Unmatched,0,0,0
IDJNMB_13075 hydrogenase maturation nickel metallochaperone HypA,Unmatched,0,0,0
IDJNMB_13080 hydrogenase nickel incorporation protein HypB,Unmatched,0,0,0
IDJNMB_13085 sulfate ABC transporter ATP-binding protein,Unmatched,0,0,0
IDJNMB_13090 sulfite exporter TauE/SafE family protein,Unmatched,0,0,0
IDJNMB_13095 DUF202 domain-containing protein,Unmatched,0,0,0
IDJNMB_13100 Similarity,Unmatched,0,0,0
IDJNMB_13105 fatty acid desaturase,Unmatched,0,0,0
IDJNMB_13110 aspartate aminotransferase,Unmatched,0,0,0
IDJNMB_13115 ribonucleotide-diphosphate reductase subunit beta,Unmatched,0,0,0
IDJNMB_13120 NAD(+) kinase,Unmatched,0,0,0
IDJNMB_13125 phycobiliprotein lyase,Unmatched,0,0,0
IDJNMB_13130 phosphomethylpyrimidine synthase,Unmatched,0,0,0
IDJNMB_13135 type I glutamate--ammonia ligase,Unmatched,0,0,0
IDJNMB_13140 hypothetical protein,Unmatched,0,0,0
IDJNMB_13145 DUF29 family protein,Unmatched,0,0,0
IDJNMB_13150 Domain of unknown function DUF29,Unmatched,0,0,0
IDJNMB_13155 DUF29 domain-containing protein,Unmatched,0,0,0
IDJNMB_13160 ribonucleoside-diphosphate reductase subunit alpha,Unmatched,0,0,0
IDJNMB_13165 DUF3854 domain-containing protein,Unmatched,0,0,0
IDJNMB_13170 tyramine oxidase,Unmatched,0,0,0
IDJNMB_13175 nitroreductase,Unmatched,0,0,0
IDJNMB_13180 guanylate cyclase,Unmatched,0,0,0
IDJNMB_13185 AmpG family muropeptide MFS transporter,Unmatched,0,0,0
IDJNMB_13190 GNAT family N-acetyltransferase,Unmatched,0,0,0
IDJNMB_13195 LytR family transcriptional regulator,Unmatched,0,0,0
IDJNMB_13200 arsenosugar biosynthesis radical SAM protein ArsS,Unmatched,0,0,0
IDJNMB_13205 DUF3143 domain-containing protein,Unmatched,0,0,0
IDJNMB_13210 heat-shock protein,Unmatched,0,0,0
IDJNMB_13215 thylakoid membrane photosystem I accumulation factor,Unmatched,0,0,0
"IDJNMB_13220 Carbohydrate-selective porin, OprB family",Unmatched,0,0,0
IDJNMB_13225 hypothetical protein,Unmatched,0,0,0
"IDJNMB_13230 putative toxin-antitoxin system toxin component, PIN family",Unmatched,0,0,0
IDJNMB_13235 Uncharacterised protein family (UPF0175),Unmatched,0,0,0
IDJNMB_13240 addiction module antitoxin,Unmatched,0,0,0
IDJNMB_13245 hypothetical protein,Unmatched,0,0,0
IDJNMB_13250 hypothetical protein,Unmatched,0,0,0
IDJNMB_13255 NTP-transf-2 domain-containing protein,Unmatched,0,0,0
IDJNMB_13260 proline--tRNA ligase,Unmatched,0,0,0
IDJNMB_13265 class I SAM-dependent methyltransferase,Unmatched,0,0,0
IDJNMB_13270 glutamyl-tRNA reductase,Unmatched,0,0,0
IDJNMB_13275 class II fructose-bisphosphatase,Unmatched,0,0,0
IDJNMB_13280 sulfite exporter TauE/SafE family protein,Unmatched,0,0,0
IDJNMB_13285 DUF2854 domain-containing protein,Unmatched,0,0,0
IDJNMB_13290 dienelactone hydrolase,Unmatched,0,0,0
IDJNMB_13295 mechanosensitive ion channel protein,Unmatched,0,0,0
IDJNMB_13300 Bacterial extracellular solute-binding protein,Unmatched,0,0,0
IDJNMB_13305 HicB-like domain-containing protein,Unmatched,0,0,0
"IDJNMB_13310 HicA toxin of bacterial toxin-antitoxin,",Unmatched,0,0,0
IDJNMB_13315 hypothetical protein,Unmatched,0,0,0
IDJNMB_13320 NAD(P)/FAD-dependent oxidoreductase,Unmatched,0,0,0
IDJNMB_13325 anti-sigma factor antagonist,Unmatched,0,0,0
IDJNMB_13330 regulator,Unmatched,0,0,0
IDJNMB_13335 Serine-protein kinase RsbW,Unmatched,0,0,0
IDJNMB_13340 sulfurtransferase,Unmatched,0,0,0
IDJNMB_13345 NYN domain-containing protein,Unmatched,0,0,0
IDJNMB_13350 endonuclease/exonuclease/phosphatase,Unmatched,0,0,0
IDJNMB_13355 Tetratricopeptide domain protein,Unmatched,0,0,0
IDJNMB_13360 hypothetical protein,Unmatched,0,0,0
IDJNMB_13365 Lactamase-B domain-containing protein,Unmatched,0,0,0
IDJNMB_13370 transketolase,Unmatched,0,0,0
IDJNMB_13375 HypC/HybG/HupF family hydrogenase formation chaperone,Unmatched,0,0,0
IDJNMB_13380 hydrogenase formation protein HypD,Unmatched,0,0,0
IDJNMB_13385 hypothetical protein,Unmatched,0,0,0
IDJNMB_13390 HNH endonuclease,Unmatched,0,0,0
IDJNMB_13395 ISAs1 family transposase,Unmatched,0,0,0
IDJNMB_13400 bifunctional methylenetetrahydrofolate dehydrogenase/methenyltetrahydrofolate cyclohydrolase FolD,Unmatched,0,0,0
IDJNMB_13405 OB-fold nucleic acid binding domain protein,Unmatched,0,0,0
IDJNMB_13410 NUDIX hydrolase,Unmatched,0,0,0
IDJNMB_13415 peptidase S41,Unmatched,0,0,0
IDJNMB_13420 recombination mediator RecR,Unmatched,0,0,0
"IDJNMB_13425 pyruvate/2-oxoglutarate dehydrogenase complex,dihydrolipoamide dehydrogenase (E3) component",Unmatched,0,0,0
IDJNMB_13430 biosynthetic arginine decarboxylase,Unmatched,0,0,0
IDJNMB_13435 Alanyl-tRNA synthetase,Unmatched,0,0,0
IDJNMB_13440 hypothetical protein,Unmatched,0,0,0
IDJNMB_13445 DUF2949 domain-containing protein,Unmatched,0,0,0
"IDJNMB_13450 Uncharacterized ACR, COG1430",Unmatched,0,0,0
IDJNMB_13455 cytochrome B6,Unmatched,0,0,0
IDJNMB_13460 photosystem II reaction center protein Psb28,Unmatched,0,0,0
IDJNMB_13465 epimerase,Unmatched,0,0,0
IDJNMB_13470 Serine/threonine kinase,Unmatched,0,0,0
IDJNMB_13475 DNA repair protein RadC,Unmatched,0,0,0
IDJNMB_13480 aspartate aminotransferase,Unmatched,0,0,0
IDJNMB_13485 FAD-binding oxidoreductase,Unmatched,0,0,0
IDJNMB_13490 glycolate oxidase,Unmatched,0,0,0
IDJNMB_13495 homoserine dehydrogenase,Unmatched,0,0,0
IDJNMB_13500 peptidase,Unmatched,0,0,0
"IDJNMB_13505 Carbohydrate-selective porin, OprB family",Unmatched,0,0,0
"IDJNMB_13510 cobyrinate a,c-diamide synthase",Unmatched,0,0,0
IDJNMB_13515 phosphoenolpyruvate carboxykinase (ATP),Unmatched,0,0,0
IDJNMB_13520 aminoacetone oxidase family FAD-binding enzyme,Unmatched,0,0,0
IDJNMB_13525 urea ABC transporter ATP-binding subunit UrtE,Unmatched,0,0,0
IDJNMB_13530 urea ABC transporter ATP-binding protein UrtD,Unmatched,0,0,0
IDJNMB_13535 urea ABC transporter permease subunit UrtC,Unmatched,0,0,0
IDJNMB_13540 urea ABC transporter permease subunit UrtB,Unmatched,0,0,0
IDJNMB_13545 urea ABC transporter substrate-binding protein,Unmatched,0,0,0
IDJNMB_13550 Uncharacterized protein family UPF0016,Unmatched,0,0,0
IDJNMB_13555 Uncharacterized protein family UPF0016,Unmatched,0,0,0
IDJNMB_13560 VWFA domain-containing protein,Unmatched,0,0,0
IDJNMB_13565 glycogen synthase GlgA,Unmatched,0,0,0
IDJNMB_13570 hypothetical protein,Unmatched,0,0,0
IDJNMB_13575 aromatic acid decarboxylase,Unmatched,0,0,0
IDJNMB_13580 HEAT domain-containing protein,Unmatched,0,0,0
IDJNMB_13585 tRNA-Phe(gaa),Unmatched,0,0,0
IDJNMB_13590 ATPase,Unmatched,0,0,0
IDJNMB_13595 30S ribosomal protein S18,Unmatched,0,0,0
IDJNMB_13600 50S ribosomal protein L33,Unmatched,0,0,0
IDJNMB_13605 hypothetical protein,Unmatched,0,0,0
IDJNMB_13610 DUF2358 domain-containing protein,Unmatched,0,0,0
IDJNMB_13615 tRNA (N6-isopentenyl adenosine(37)-C2)-methylthiotransferase MiaB,Unmatched,0,0,0
IDJNMB_13620 Ribonuclease III,Unmatched,0,0,0
IDJNMB_13625 Nif11-like leader peptide family natural product precursor,Unmatched,0,0,0
IDJNMB_13630 carbon dioxide-concentrating protein CcmK,Unmatched,0,0,0
IDJNMB_13635 Carboxysome shell protein CcmK,Unmatched,0,0,0
IDJNMB_13640 carbon dioxide concentrating mechanism protein CcmL,Unmatched,0,0,0
IDJNMB_13645 carbon dioxide concentrating mechanism protein CcmM,Unmatched,0,0,0
IDJNMB_13650 carbon dioxide concentrating mechanism protein,Unmatched,0,0,0
IDJNMB_13655 Ribulose bisphosphate carboxylase large chain,Unmatched,0,0,0
IDJNMB_13660 RbcX chaperonin protein,Unmatched,0,0,0
IDJNMB_13665 ribulose bisphosphate carboxylase small subunit,Unmatched,0,0,0
IDJNMB_13670 HTH cro/C1-type domain-containing protein,Unmatched,0,0,0
IDJNMB_13675 hypothetical protein,Unmatched,0,0,0
IDJNMB_13680 photosystem I assembly protein Ycf4,Unmatched,0,0,0
IDJNMB_13685 peptidylprolyl isomerase,Unmatched,0,0,0
IDJNMB_13690 beta-ketoacyl-ACP synthase,Unmatched,0,0,0
IDJNMB_13695 DNA primase,Unmatched,0,0,0
IDJNMB_13700 Antitoxin HicB,Unmatched,0,0,0
IDJNMB_13705 hypothetical protein,Unmatched,0,0,0
IDJNMB_13710 hypothetical protein,Unmatched,0,0,0
IDJNMB_13715 Putative restriction endonuclease,Unmatched,0,0,0
IDJNMB_13720 30S ribosomal protein S6,Unmatched,0,0,0
"IDJNMB_13725 5-oxo-1,2,5-tricarboxylic-3-penten acid decarboxylase",Unmatched,0,0,0
IDJNMB_13730 triose-phosphate isomerase,Unmatched,0,0,0
IDJNMB_13735 serine/threonine protein phosphatase,Unmatched,0,0,0
IDJNMB_13740 site-2 protease family protein,Unmatched,0,0,0
IDJNMB_13745 FHA domain-containing protein,Unmatched,0,0,0
IDJNMB_13750 6-phosphogluconolactonase,Unmatched,0,0,0
IDJNMB_13755 hypothetical protein,Unmatched,0,0,0
IDJNMB_13760 hypothetical protein,Unmatched,0,0,0
IDJNMB_13765 glycosyltransferase family 1 protein,Unmatched,0,0,0
IDJNMB_13770 phosphoribosylformylglycinamidine synthase subunit PurQ,Unmatched,0,0,0
IDJNMB_13775 phosphoribosylformylglycinamidine synthase subunit PurS,Unmatched,0,0,0
IDJNMB_13780 transcriptional repressor,Unmatched,0,0,0
"IDJNMB_13785 acetyl-CoA carboxylase, carboxyltransferase subunit beta",Unmatched,0,0,0
IDJNMB_13790 hypothetical protein,Unmatched,0,0,0
IDJNMB_13795 prepilin peptidase,Unmatched,0,0,0
IDJNMB_13800 N-glycosidase YbiA,Unmatched,0,0,0
IDJNMB_13805 DUF1232 domain-containing protein,Unmatched,0,0,0
IDJNMB_13810 phosphoribosyltransferase,Unmatched,0,0,0
IDJNMB_13815 hypothetical protein,Unmatched,0,0,0
IDJNMB_13820 Nitrogen regulatory protein P-II,Unmatched,0,0,0
IDJNMB_13825 50S ribosomal protein L3,Unmatched,0,0,0
IDJNMB_13830 50S ribosomal protein L4,Unmatched,0,0,0
IDJNMB_13835 50S ribosomal protein L23,Unmatched,0,0,0
IDJNMB_13840 50S ribosomal protein L2,Unmatched,0,0,0
IDJNMB_13845 30S ribosomal protein S19,Unmatched,0,0,0
IDJNMB_13850 50S ribosomal protein L22,Unmatched,0,0,0
IDJNMB_13855 30S ribosomal protein S3,Unmatched,0,0,0
IDJNMB_13860 50S ribosomal protein L16,Unmatched,0,0,0
IDJNMB_13865 50S ribosomal protein L29,Unmatched,0,0,0
IDJNMB_13870 30S ribosomal protein S17,Unmatched,0,0,0
IDJNMB_13875 50S ribosomal protein L14,Unmatched,0,0,0
IDJNMB_13880 50S ribosomal protein L24,Unmatched,0,0,0
IDJNMB_13885 50S ribosomal protein L5,Unmatched,0,0,0
IDJNMB_13890 30S ribosomal protein S8,Unmatched,0,0,0
IDJNMB_13895 50S ribosomal protein L6,Unmatched,0,0,0
IDJNMB_13900 50S ribosomal protein L18,Unmatched,0,0,0
IDJNMB_13905 30S ribosomal protein S5,Unmatched,0,0,0
IDJNMB_13910 50S ribosomal protein L15,Unmatched,0,0,0
IDJNMB_13915 preprotein translocase subunit SecY,Unmatched,0,0,0
IDJNMB_13920 adenylate kinase,Unmatched,0,0,0
IDJNMB_13925 DUF4351 domain-containing protein,Unmatched,0,0,0
IDJNMB_13930 PMT-2 domain-containing protein,Unmatched,0,0,0
IDJNMB_13935 glutaminase A,Unmatched,0,0,0
IDJNMB_13940 molybdopterin molybdenumtransferase,Unmatched,0,0,0
IDJNMB_13945 ACP S-malonyltransferase,Unmatched,0,0,0
IDJNMB_13950 3-oxoacyl-[acyl-carrier-protein] synthase 3,Unmatched,0,0,0
IDJNMB_13955 phosphate acyltransferase PlsX,Unmatched,0,0,0
IDJNMB_13960 D-alanyl-D-alanine carboxypeptidase/D-alanyl-D-alanine-endopeptidase,Unmatched,0,0,0
IDJNMB_13965 N-acetyl-gamma-glutamyl-phosphate reductase,Unmatched,0,0,0
IDJNMB_13970 DUF3146 domain-containing protein,Unmatched,0,0,0
IDJNMB_13975 TIGR00341 family protein,Unmatched,0,0,0
IDJNMB_13980 tRNA-His(gtg),Unmatched,0,0,0
IDJNMB_13985 hypothetical protein,Unmatched,0,0,0
IDJNMB_13990 DUF3122 domain-containing protein,Unmatched,0,0,0
IDJNMB_13995 chloride channel protein,Unmatched,0,0,0
IDJNMB_14000 DUF1830 domain-containing protein,Unmatched,0,0,0
IDJNMB_14005 restriction endonuclease subunit R,Unmatched,0,0,0
IDJNMB_14010 HicB family protein,Unmatched,0,0,0
IDJNMB_14015 DNA polymerase,Unmatched,0,0,0
IDJNMB_14020 DUF86 domain-containing protein,Unmatched,0,0,0
IDJNMB_14025 Restriction endonuclease subunit S,Unmatched,0,0,0
IDJNMB_14030 hypothetical protein,Unmatched,0,0,0
IDJNMB_14035 hypothetical protein,Unmatched,0,0,0
IDJNMB_14040 DNA methyltransferase,Unmatched,0,0,0
IDJNMB_14045 hypothetical protein,Unmatched,0,0,0
IDJNMB_14050 NACHT domain-containing protein,Unmatched,0,0,0
IDJNMB_14055 Domain of unknown function DUF83,Unmatched,0,0,0
IDJNMB_14060 Gamma-glutamyltranspeptidase,Unmatched,0,0,0
IDJNMB_14065 photosystem I reaction center subunit X,Unmatched,0,0,0
IDJNMB_14070 divalent-cation tolerance protein CutA,Unmatched,0,0,0
IDJNMB_14075 Catabolite gene activator protein,Unmatched,0,0,0
IDJNMB_14080 hypothetical protein,Unmatched,0,0,0
IDJNMB_14085 Uma2 domain-containing protein,Unmatched,0,0,0
IDJNMB_14090 hypothetical protein,Unmatched,0,0,0
IDJNMB_14095 PEP-CTERM sorting domain-containing protein,Unmatched,0,0,0
"IDJNMB_14100 Cobalamin biosynthesis protein CobN, Mg-chelatase",Unmatched,0,0,0
IDJNMB_14105 hypothetical protein,Unmatched,0,0,0
IDJNMB_14110 hypothetical protein,Unmatched,0,0,0
IDJNMB_14115 HicB-like domain-containing protein,Unmatched,0,0,0
IDJNMB_14120 hypothetical protein,Unmatched,0,0,0
IDJNMB_14125 ribonuclease Z,Unmatched,0,0,0
IDJNMB_14130 Tubulin like,Unmatched,0,0,0
IDJNMB_14135 ornithine carbamoyltransferase,Unmatched,0,0,0
IDJNMB_14140 hypothetical protein,Unmatched,0,0,0
IDJNMB_14145 4-alpha-glucanotransferase,Unmatched,0,0,0
IDJNMB_14150 Cytosine-specific methyltransferase,Unmatched,0,0,0
IDJNMB_14155 hypothetical protein,Unmatched,0,0,0
IDJNMB_14165 tRNA-Gly(tcc),Unmatched,0,0,0
IDJNMB_14175 AAA-16 domain-containing protein,Unmatched,0,0,0
IDJNMB_14180 ATP-binding protein,Unmatched,0,0,0
IDJNMB_14185 class 1 fructose-bisphosphatase,Unmatched,0,0,0
IDJNMB_14190 DUF3153 domain-containing protein,Unmatched,0,0,0
IDJNMB_14195 iron ABC transporter substrate-binding protein,Unmatched,0,0,0
IDJNMB_14200 Beta-hexosaminidase,Unmatched,0,0,0
IDJNMB_14205 meta domain protein,Unmatched,0,0,0
IDJNMB_14210 YbaB/EbfC family nucleoid-associated protein,Unmatched,0,0,0
IDJNMB_14215 pyridoxine 5'-phosphate synthase,Unmatched,0,0,0
IDJNMB_14220 DUF2488 domain-containing protein,Unmatched,0,0,0
IDJNMB_14225 competence protein ComE,Unmatched,0,0,0
IDJNMB_14230 dynamin family protein,Unmatched,0,0,0
IDJNMB_14235 formylglycine-generating enzyme family protein,Unmatched,0,0,0
IDJNMB_14240 NTP-transf-2 domain-containing protein,Unmatched,0,0,0
IDJNMB_14245 transporter,Unmatched,0,0,0
IDJNMB_14250 polymerase,Unmatched,0,0,0
IDJNMB_14255 hypothetical protein,Unmatched,0,0,0
IDJNMB_14260 FAD dependent oxidoreductase,Unmatched,0,0,0
IDJNMB_14265 hypothetical protein,Unmatched,0,0,0
IDJNMB_14290 DUF2283 domain-containing protein,Unmatched,0,0,0
IDJNMB_14295 rod shape-determining protein RodA,Unmatched,0,0,0
IDJNMB_14300 sodium:proton antiporter,Unmatched,0,0,0
IDJNMB_14305 MOSC domain-containing protein,Unmatched,0,0,0
IDJNMB_14310 glycosyl transferase group 1 family protein,Unmatched,0,0,0
IDJNMB_14315 AtzE family amidohydrolase,Unmatched,0,0,0
IDJNMB_14320 DUF4089 domain-containing protein,Unmatched,0,0,0
IDJNMB_14325 radical SAM protein,Unmatched,0,0,0
IDJNMB_14330 receptor ligand binding family protein,Unmatched,0,0,0
IDJNMB_14335 glycosyltransferase,Unmatched,0,0,0
IDJNMB_14340 urease accessory protein UreG,Unmatched,0,0,0
IDJNMB_14345 Nucleoside triphosphate pyrophosphatase,Unmatched,0,0,0
IDJNMB_14350 hypothetical protein,Unmatched,0,0,0
IDJNMB_14355 hypothetical protein,Unmatched,0,0,0
IDJNMB_14360 photosystem II oxygen evolving complex protein PsbP,Unmatched,0,0,0
IDJNMB_14365 Mom72 protein,Unmatched,0,0,0
IDJNMB_14370 ssl1498 family light-harvesting-like protein,Unmatched,0,0,0
IDJNMB_14375 ScaI family restriction endonuclease,Unmatched,0,0,0
IDJNMB_14380 site-specific DNA-methyltransferase,Unmatched,0,0,0
IDJNMB_14385 tryptophan--tRNA ligase,Unmatched,0,0,0
IDJNMB_14390 dolichyl-phosphate-mannose--protein O-mannosyl transferase,Unmatched,0,0,0
IDJNMB_14395 Putative restriction endonuclease,Unmatched,0,0,0
IDJNMB_14400 DNA phosphorothioation-associated methyltransferase,Unmatched,0,0,0
IDJNMB_14405 photosystem II S4 domain protein,Unmatched,0,0,0
IDJNMB_14410 hypothetical protein,Unmatched,0,0,0
IDJNMB_14415 dihydroorotase,Unmatched,0,0,0
IDJNMB_14420 ATP-dependent Clp protease ATP-binding subunit ClpC,Unmatched,0,0,0
IDJNMB_14425 Dolichyl-phosphate-mannose-protein mannosyltransferase,Unmatched,0,0,0
IDJNMB_14430 hypothetical protein,Unmatched,0,0,0
IDJNMB_14440 hypothetical protein,Unmatched,0,0,0
IDJNMB_14450 hypothetical protein,Unmatched,0,0,0
IDJNMB_14465 tRNA-Cys(gca),Unmatched,0,0,0
IDJNMB_14480 hypothetical protein,Unmatched,0,0,0
IDJNMB_14490 hypothetical protein,Unmatched,0,0,0
IDJNMB_14495 serine endopeptidase inhibitor,Unmatched,0,0,0
IDJNMB_14500 SAM-dependent methyltransferase,Unmatched,0,0,0
IDJNMB_14505 acyl carrier protein,Unmatched,0,0,0
IDJNMB_14510 citrate lyase beta subunit,Unmatched,0,0,0
IDJNMB_14515 aspartate--tRNA ligase,Unmatched,0,0,0
IDJNMB_14520 Serine/threonine-protein kinase pkn1,Unmatched,0,0,0
"IDJNMB_14525 Endonuclease, Uma2 family (restriction endonuclease fold)",Unmatched,0,0,0
IDJNMB_14530 Uma2 family endonuclease,Unmatched,0,0,0
IDJNMB_14535 bifunctional 3-deoxy-7-phosphoheptulonate synthase/chorismate mutase,Unmatched,0,0,0
IDJNMB_14540 DUF3464 domain-containing protein,Unmatched,0,0,0
IDJNMB_14545 30S ribosomal protein S15,Unmatched,0,0,0
IDJNMB_14550 hypothetical protein,Unmatched,0,0,0
IDJNMB_14555 NAD(P)H-quinone oxidoreductase subunit M,Unmatched,0,0,0
IDJNMB_14560 arsenic-transporting ATPase,Unmatched,0,0,0
IDJNMB_14565 aspartate 1-decarboxylase,Unmatched,0,0,0
IDJNMB_14570 DUF3598 domain-containing protein,Unmatched,0,0,0
IDJNMB_14575 cobalt-precorrin-6A reductase,Unmatched,0,0,0
IDJNMB_14580 UDP-glucose 4-epimerase,Unmatched,0,0,0
IDJNMB_14585 hypothetical protein,Unmatched,0,0,0
IDJNMB_14590 hypothetical protein,Unmatched,0,0,0
IDJNMB_14595 PemK family transcriptional regulator,Unmatched,0,0,0
IDJNMB_14600 hypothetical protein,Unmatched,0,0,0
IDJNMB_14605 Antitoxin component HicB of the HicAB toxin-antitoxin system,Unmatched,0,0,0
"IDJNMB_14610 HicA toxin of bacterial toxin-antitoxin,",Unmatched,0,0,0
IDJNMB_14615 anacyclamide/piricyclamide family prenylated cyclic peptide,Unmatched,0,0,0
IDJNMB_14620 type II toxin-antitoxin system ParD family antitoxin,Unmatched,0,0,0
IDJNMB_14625 type II toxin-antitoxin system RelE/ParE family toxin,Unmatched,0,0,0
IDJNMB_14635 hypothetical protein,Unmatched,0,0,0
IDJNMB_14640 HNH endonuclease,Unmatched,0,0,0
IDJNMB_14690 hypothetical protein,Unmatched,0,0,0
IDJNMB_14715 hypothetical protein,Unmatched,0,0,0
IDJNMB_14720 PEP-CTERM domain-containing protein,Unmatched,0,0,0
IDJNMB_14725 Domain of unknown function DUF29,Unmatched,0,0,0
IDJNMB_14730 DUF2281 domain-containing protein,Unmatched,0,0,0
IDJNMB_14735 hypothetical protein,Unmatched,0,0,0
IDJNMB_14740 ATPase,Unmatched,0,0,0
IDJNMB_14745 hypothetical protein,Unmatched,0,0,0
IDJNMB_14750 Putative restriction endonuclease,Unmatched,0,0,0
IDJNMB_14755 photosystem II q(b) protein,Unmatched,0,0,0
IDJNMB_14760 pilus assembly protein PilB,Unmatched,0,0,0
IDJNMB_14765 hypothetical protein,Unmatched,0,0,0
IDJNMB_14770 YiaAB domain-containing protein,Unmatched,0,0,0
IDJNMB_14775 Coenzyme Q (ubiquinone) biosynthesis protein Coq4,Unmatched,0,0,0
IDJNMB_14780 sporulation protein,Unmatched,0,0,0
IDJNMB_14785 3-hydroxyacyl-ACP dehydratase FabZ,Unmatched,0,0,0
IDJNMB_14790 TspO/MBR family,Unmatched,0,0,0
IDJNMB_14795 VOC family protein,Unmatched,0,0,0
IDJNMB_14800 Transglutaminase-like superfamily,Unmatched,0,0,0
IDJNMB_14805 serine/threonine protein phosphatase,Unmatched,0,0,0
IDJNMB_14810 N-acetylglucosamine-6-phosphate deacetylase,Unmatched,0,0,0
IDJNMB_14815 hypothetical protein,Unmatched,0,0,0
IDJNMB_14820 aldo/keto reductase,Unmatched,0,0,0
IDJNMB_14825 hypothetical protein,Unmatched,0,0,0
IDJNMB_14830 5-formyltetrahydrofolate cyclo-ligase,Unmatched,0,0,0
IDJNMB_14835 glutaredoxin 3,Unmatched,0,0,0
IDJNMB_14840 tRNA adenosine(34) deaminase TadA,Unmatched,0,0,0
IDJNMB_14845 segregation/condensation protein A,Unmatched,0,0,0
IDJNMB_14850 pyridoxamine 5'-phosphate oxidase,Unmatched,0,0,0
IDJNMB_14855 Trypco2 domain-containing protein,Unmatched,0,0,0
IDJNMB_14860 photosystem II protein Psb27,Unmatched,0,0,0
IDJNMB_14865 endonuclease MutS2,Unmatched,0,0,0
IDJNMB_14870 hypothetical protein,Unmatched,0,0,0
IDJNMB_14875 sulfotransferase,Unmatched,0,0,0
IDJNMB_14880 aspartate aminotransferase family protein,Unmatched,0,0,0
IDJNMB_14885 hypothetical protein,Unmatched,0,0,0
IDJNMB_14890 Transposase DDE domain protein,Unmatched,0,0,0
IDJNMB_14895 hypothetical protein,Unmatched,0,0,0
IDJNMB_14900 hypothetical protein,Unmatched,0,0,0
IDJNMB_14905 Transposase,Unmatched,0,0,0
IDJNMB_14910 hypothetical protein,Unmatched,0,0,0
IDJNMB_14915 hypothetical protein,Unmatched,0,0,0
IDJNMB_14920 diflavin flavoprotein A,Unmatched,0,0,0
IDJNMB_14925 hypothetical protein,Unmatched,0,0,0
IDJNMB_14930 Transposase,Unmatched,0,0,0
IDJNMB_14935 histidine kinase,Unmatched,0,0,0
IDJNMB_14940 SAM-dependent methyltransferase,Unmatched,0,0,0
IDJNMB_14945 tRNA-Ser(cga),Unmatched,0,0,0
IDJNMB_14950 homogentisate phytyltransferase,Unmatched,0,0,0
IDJNMB_14955 hypothetical protein,Unmatched,0,0,0
IDJNMB_14960 hypothetical protein,Unmatched,0,0,0
IDJNMB_14965 ferredoxin,Unmatched,0,0,0
IDJNMB_14970 inositol monophosphatase,Unmatched,0,0,0
IDJNMB_14975 J domain-containing protein,Unmatched,0,0,0
IDJNMB_14980 ATP phosphoribosyltransferase regulatory subunit,Unmatched,0,0,0
IDJNMB_14985 hypothetical protein,Unmatched,0,0,0
IDJNMB_14990 hypothetical protein,Unmatched,0,0,0
IDJNMB_14995 hypothetical protein,Unmatched,0,0,0
IDJNMB_15000 dihem cytochrome c family protein,Unmatched,0,0,0
IDJNMB_15005 DUF4115 domain-containing protein,Unmatched,0,0,0
IDJNMB_15010 molybdenum cofactor biosynthesis protein,Unmatched,0,0,0
IDJNMB_15015 hypothetical protein,Unmatched,0,0,0
IDJNMB_15020 Urease accessory protein UreF,Unmatched,0,0,0
IDJNMB_15025 glycosyltransferase,Unmatched,0,0,0
IDJNMB_15030 hormogonium polysaccharide biosynthesis acetyltransferase HpsU,Unmatched,0,0,0
IDJNMB_15035 hypothetical protein,Unmatched,0,0,0
IDJNMB_15040 Similar to tr|Q8E9G6|Q8E9G6,Unmatched,0,0,0
IDJNMB_15045 hypothetical protein,Unmatched,0,0,0
IDJNMB_15050 hypothetical protein,Unmatched,0,0,0
IDJNMB_15055 hypothetical protein,Unmatched,0,0,0
IDJNMB_15060 type II toxin-antitoxin system prevent-host-death family antitoxin,Unmatched,0,0,0
IDJNMB_15065 nucleic acid-binding protein,Unmatched,0,0,0
IDJNMB_15070 hypothetical protein,Unmatched,0,0,0
IDJNMB_15075 nucleic acid-binding protein,Unmatched,0,0,0
IDJNMB_15080 hypothetical protein,Unmatched,0,0,0
IDJNMB_15085 hypothetical protein,Unmatched,0,0,0
IDJNMB_15090 hypothetical protein,Unmatched,0,0,0
IDJNMB_15095 hypothetical protein,Unmatched,0,0,0
IDJNMB_15100 type II toxin-antitoxin system PemK/MazF family toxin,Unmatched,0,0,0
IDJNMB_15105 transposase,Unmatched,0,0,0
IDJNMB_15110 IS607 family transposase,Unmatched,0,0,0
IDJNMB_15115 hypothetical protein,Unmatched,0,0,0
IDJNMB_15120 hypothetical protein,Unmatched,0,0,0
IDJNMB_15125 DUF2283 domain-containing protein,Unmatched,0,0,0
IDJNMB_15130 hypothetical protein,Unmatched,0,0,0
IDJNMB_15135 hypothetical protein,Unmatched,0,0,0
IDJNMB_15140 DUF4351 domain-containing protein,Unmatched,0,0,0
IDJNMB_15145 ABC transporter permease,Unmatched,0,0,0
IDJNMB_15150 flavin-dependent dehydrogenase,Unmatched,0,0,0
IDJNMB_15155 hypothetical protein,Unmatched,0,0,0
IDJNMB_15160 DUF2993 domain-containing protein,Unmatched,0,0,0
IDJNMB_15165 spore germination protein,Unmatched,0,0,0
IDJNMB_15170 mechanosensitive ion channel protein MscS,Unmatched,0,0,0
IDJNMB_15175 Cytochrome c-553-like,Unmatched,0,0,0
"IDJNMB_15180 O-linked N-acetylglucosamine transferase, SPINDLY family protein",Unmatched,0,0,0
"IDJNMB_15185 O-linked N-acetylglucosamine transferase, SPINDLY family protein",Unmatched,0,0,0
IDJNMB_15190 hypothetical protein,Unmatched,0,0,0
IDJNMB_15195 glutamate dehydrogenase,Unmatched,0,0,0
IDJNMB_15200 hypothetical protein,Unmatched,0,0,0
IDJNMB_15205 hypothetical protein,Unmatched,0,0,0
IDJNMB_15210 hypothetical protein,Unmatched,0,0,0
IDJNMB_15215 serine/threonine protein kinase,Unmatched,0,0,0
IDJNMB_15220 Beta-lactamase2 domain-containing protein,Unmatched,0,0,0
IDJNMB_15225 small ribosomal subunit biogenesis GTPase RsgA,Unmatched,0,0,0
IDJNMB_15230 sulfurtransferase TusA family protein,Unmatched,0,0,0
IDJNMB_15235 molecular chaperone DnaJ,Unmatched,0,0,0
IDJNMB_15240 molecular chaperone DnaK,Unmatched,0,0,0
IDJNMB_15245 alcohol dehydrogenase,Unmatched,0,0,0
"IDJNMB_15250 Endonuclease, Uma2 family (restriction endonuclease fold)",Unmatched,0,0,0
IDJNMB_15255 Glutamine synthetase inactivating factor IF7,Unmatched,0,0,0
IDJNMB_15260 Protein kinase domain-containing protein,Unmatched,0,0,0
IDJNMB_15265 hypothetical protein,Unmatched,0,0,0
IDJNMB_15270 hypothetical protein,Unmatched,0,0,0
IDJNMB_15275 hypothetical protein,Unmatched,0,0,0
IDJNMB_15280 AAA-15 domain-containing protein,Unmatched,0,0,0
IDJNMB_15285 pseudouridine synthase,Unmatched,0,0,0
IDJNMB_15290 ABC transporter permease,Unmatched,0,0,0
IDJNMB_15295 Magnesium and cobalt efflux protein CorC,Unmatched,0,0,0
IDJNMB_15300 glycosyl hydrolase family 57,Unmatched,0,0,0
IDJNMB_15305 Cobalt-precorrin-5A hydrolase,Unmatched,0,0,0
IDJNMB_15310 Lipid-A-disaccharide synthase,Unmatched,0,0,0
IDJNMB_15315 hypothetical protein,Unmatched,0,0,0
IDJNMB_15320 DUF2281 domain-containing protein,Unmatched,0,0,0
IDJNMB_15325 permease,Unmatched,0,0,0
IDJNMB_15330 anthranilate synthase component I,Unmatched,0,0,0
IDJNMB_15335 hypothetical protein,Unmatched,0,0,0
IDJNMB_15340 Uncharacterized protein slr1919,Unmatched,0,0,0
IDJNMB_15345 HEPN-RiboL-PSP domain-containing protein,Unmatched,0,0,0
IDJNMB_15350 NUBPL iron-transfer P-loop NTPase,Unmatched,0,0,0
IDJNMB_15355 hypothetical protein,Unmatched,0,0,0
IDJNMB_15360 sodium/glutamate symporter,Unmatched,0,0,0
IDJNMB_15365 hypothetical protein,Unmatched,0,0,0
IDJNMB_15370 protochlorophyllide reductase,Unmatched,0,0,0
IDJNMB_15375 penicillin-binding protein activator LpoB,Unmatched,0,0,0
IDJNMB_15380 succinate dehydrogenase/fumarate reductase iron-sulfur subunit,Unmatched,0,0,0
IDJNMB_15385 AbrB family transcriptional regulator,Unmatched,0,0,0
IDJNMB_15390 CPBP family intramembrane metalloprotease domain-containing protein,Unmatched,0,0,0
IDJNMB_15395 hypothetical protein,Unmatched,0,0,0
IDJNMB_15400 ribosome maturation factor RimM,Unmatched,0,0,0
IDJNMB_15405 Transposase,Unmatched,0,0,0
IDJNMB_15410 pilus assembly protein,Unmatched,0,0,0
IDJNMB_15415 pilus assembly protein,Unmatched,0,0,0
IDJNMB_15420 hypothetical protein,Unmatched,0,0,0
IDJNMB_15425 LD-carboxypeptidase,Unmatched,0,0,0
IDJNMB_15430 hypothetical protein,Unmatched,0,0,0
IDJNMB_15435 phosphoribulokinase,Unmatched,0,0,0
IDJNMB_15440 Putative restriction endonuclease,Unmatched,0,0,0
IDJNMB_15445 carboxylating nicotinate-nucleotide diphosphorylase,Unmatched,0,0,0
IDJNMB_15450 Adenosyl-chloride synthase,Unmatched,0,0,0
IDJNMB_15455 Ssr0692 protein,Unmatched,0,0,0
IDJNMB_15460 hypothetical protein,Unmatched,0,0,0
IDJNMB_15465 GNAT family N-acetyltransferase,Unmatched,0,0,0
IDJNMB_15470 protein phosphatase,Unmatched,0,0,0
IDJNMB_15475 hypothetical protein,Unmatched,0,0,0
IDJNMB_15480 amidase,Unmatched,0,0,0
IDJNMB_15485 TrkA family potassium uptake protein,Unmatched,0,0,0
IDJNMB_15490 ATPase,Unmatched,0,0,0
IDJNMB_15495 glycosyltransferase,Unmatched,0,0,0
IDJNMB_15500 RNA methyltransferase,Unmatched,0,0,0
IDJNMB_15505 serine hydrolase,Unmatched,0,0,0
IDJNMB_15510 glutaredoxin family protein,Unmatched,0,0,0
IDJNMB_15515 hypothetical protein,Unmatched,0,0,0
IDJNMB_15520 Mobile element protein,Unmatched,0,0,0
IDJNMB_15525 hypothetical protein,Unmatched,0,0,0
IDJNMB_15530 tRNA (adenosine(37)-N6)-threonylcarbamoyltransferase complex dimerization subunit type 1 TsaB,Unmatched,0,0,0
IDJNMB_15535 tRNA-Lys(ttt),Unmatched,0,0,0
IDJNMB_15540 aldose epimerase,Unmatched,0,0,0
IDJNMB_15545 phosphatidate cytidylyltransferase,Unmatched,0,0,0
IDJNMB_15550 membrane protein insertion efficiency factor YidD,Unmatched,0,0,0
IDJNMB_15555 DUF2993 domain-containing protein,Unmatched,0,0,0
IDJNMB_15560 ferrochelatase,Unmatched,0,0,0
IDJNMB_15565 tRNA-Arg(tct),Unmatched,0,0,0
IDJNMB_15570 hypothetical protein,Unmatched,0,0,0
IDJNMB_15575 hypothetical protein,Unmatched,0,0,0
IDJNMB_15580 chaperone protein ClpB,Unmatched,0,0,0
IDJNMB_15585 hypothetical protein,Unmatched,0,0,0
IDJNMB_15590 F0F1 ATP synthase subunit beta,Unmatched,0,0,0
IDJNMB_15595 ATP synthase F1 subunit epsilon,Unmatched,0,0,0
IDJNMB_15600 30S ribosomal protein PSRP-3,Unmatched,0,0,0
IDJNMB_15605 8-oxo-dGTP diphosphatase MutT,Unmatched,0,0,0
IDJNMB_15610 DUF3134 domain-containing protein,Unmatched,0,0,0
IDJNMB_15615 phospho-N-acetylmuramoyl-pentapeptide-transferase,Unmatched,0,0,0
IDJNMB_15620 iron-sulfur cluster assembly accessory protein,Unmatched,0,0,0
"IDJNMB_15625 Endo-1,3-1,4-beta-glycanase ExsH",Unmatched,0,0,0
IDJNMB_15640 tRNA-Ser(gct),Unmatched,0,0,0
IDJNMB_15645 ABC transporter,Unmatched,0,0,0
IDJNMB_15650 ABC transporter permease DevC,Unmatched,0,0,0
IDJNMB_15655 HlyD family secretion protein,Unmatched,0,0,0
IDJNMB_15660 TetR family transcriptional regulator,Unmatched,0,0,0
IDJNMB_15675 nickel import ATP-binding protein NikD,Unmatched,0,0,0
IDJNMB_15680 amidase,Unmatched,0,0,0
IDJNMB_15685 bifunctional pyr operon transcriptional regulator/uracil phosphoribosyltransferase PyrR,Unmatched,0,0,0
IDJNMB_15690 endonuclease/exonuclease/phosphatase,Unmatched,0,0,0
IDJNMB_15695 hypothetical protein,Unmatched,0,0,0
"IDJNMB_15700 Gamma-glutamyl cyclotransferase, AIG2-like",Unmatched,0,0,0
IDJNMB_15705 aldo/keto reductase,Unmatched,0,0,0
IDJNMB_15710 NAD(P)H-quinone oxidoreductase subunit 5,Unmatched,0,0,0
IDJNMB_15715 hypothetical protein,Unmatched,0,0,0
IDJNMB_15720 FlgD-ig domain-containing protein,Unmatched,0,0,0
IDJNMB_15725 TPR repeat-containing protein YrrB,Unmatched,0,0,0
IDJNMB_15730 hypothetical protein,Unmatched,0,0,0
IDJNMB_15735 hypothetical protein,Unmatched,0,0,0
IDJNMB_15740 hypothetical protein,Unmatched,0,0,0
IDJNMB_15745 ISAzo13 family transposase,Unmatched,0,0,0
IDJNMB_15750 DUF2281 domain-containing protein,Unmatched,0,0,0
IDJNMB_15755 VapC toxin family PIN domain ribonuclease,Unmatched,0,0,0
IDJNMB_15760 oxidoreductase,Unmatched,0,0,0
IDJNMB_15765 hydantoinase,Unmatched,0,0,0
IDJNMB_15770 chorismate lyase,Unmatched,0,0,0
IDJNMB_15775 glutathione S-transferase,Unmatched,0,0,0
IDJNMB_15780 glutathione S-transferase,Unmatched,0,0,0
IDJNMB_15785 signal peptidase I,Unmatched,0,0,0
IDJNMB_15790 circadian clock protein KaiB,Unmatched,0,0,0
IDJNMB_15795 response regulator,Unmatched,0,0,0
IDJNMB_15800 hypothetical protein,Unmatched,0,0,0
IDJNMB_15805 hypothetical protein,Unmatched,0,0,0
IDJNMB_15810 hypothetical protein,Unmatched,0,0,0
IDJNMB_15815 hypothetical protein,Unmatched,0,0,0
IDJNMB_15820 NB-ARC domain-containing protein,Unmatched,0,0,0
IDJNMB_15825 Non-specific serine/threonine protein kinase,Unmatched,0,0,0
IDJNMB_15830 Ammonium transporter,Unmatched,0,0,0
IDJNMB_15835 phosphatase,Unmatched,0,0,0
IDJNMB_15840 DUF4164 domain-containing protein,Unmatched,0,0,0
IDJNMB_15845 acetylmannosamine-6-phosphate 2-epimerase,Unmatched,0,0,0
IDJNMB_15850 inorganic pyrophosphatase,Unmatched,0,0,0
IDJNMB_15855 Nitrogen stress-induced RNA 4,Unmatched,0,0,0
IDJNMB_15860 AI-2E family transporter,Unmatched,0,0,0
IDJNMB_15865 DUF3368 domain-containing protein,Unmatched,0,0,0
IDJNMB_15870 Uncharacterised protein family (UPF0175),Unmatched,0,0,0
IDJNMB_15875 hypothetical protein,Unmatched,0,0,0
IDJNMB_15880 RNB domain-containing ribonuclease,Unmatched,0,0,0
IDJNMB_15890 hypothetical protein,Unmatched,0,0,0
IDJNMB_15895 hypothetical protein,Unmatched,0,0,0
IDJNMB_15900 hypothetical protein,Unmatched,0,0,0
IDJNMB_15905 Similarity,Unmatched,0,0,0
IDJNMB_15910 PIN domain nuclease,Unmatched,0,0,0
IDJNMB_15915 prevent-host-death protein,Unmatched,0,0,0
"IDJNMB_15920 HicA toxin of bacterial toxin-antitoxin,",Unmatched,0,0,0
IDJNMB_15925 HicB-like domain-containing protein,Unmatched,0,0,0
"IDJNMB_15930 Coenzyme F420 hydrogenase/dehydrogenase, beta subunit N-term",Unmatched,0,0,0
IDJNMB_15935 histone deacetylase,Unmatched,0,0,0
IDJNMB_15940 alpha/beta hydrolase,Unmatched,0,0,0
IDJNMB_15945 NAD(P)H-quinone oxidoreductase subunit J,Unmatched,0,0,0
IDJNMB_15950 photosynthetic/respiratory NAD(P)H-quinone oxidoreductase subunit K,Unmatched,0,0,0
IDJNMB_15955 photosynthetic/respiratory NAD(P)H-quinone oxidoreductase subunit C,Unmatched,0,0,0
IDJNMB_15960 Circadian oscillating protein COP23,Unmatched,0,0,0
IDJNMB_15965 serine protease,Unmatched,0,0,0
IDJNMB_15970 GUN4 domain-containing protein,Unmatched,0,0,0
IDJNMB_15975 hypothetical protein,Unmatched,0,0,0
IDJNMB_15980 pentapeptide repeat-containing protein,Unmatched,0,0,0
IDJNMB_15985 DUF4282 domain-containing protein,Unmatched,0,0,0
IDJNMB_15990 hypothetical protein,Unmatched,0,0,0
IDJNMB_15995 Similarity,Unmatched,0,0,0
IDJNMB_16000 Similarity,Unmatched,0,0,0
IDJNMB_16005 hypothetical protein,Unmatched,0,0,0
IDJNMB_16010 Adenylate cyclase,Unmatched,0,0,0
IDJNMB_16015 CPBP family intramembrane metalloprotease,Unmatched,0,0,0
IDJNMB_16020 Similarity,Unmatched,0,0,0
IDJNMB_16025 peptidase M16,Unmatched,0,0,0
IDJNMB_16030 hypothetical protein,Unmatched,0,0,0
IDJNMB_16035 DUF6439 domain-containing protein,Unmatched,0,0,0
IDJNMB_16040 ATP-binding protein,Unmatched,0,0,0
IDJNMB_16045 23S rRNA (uracil(1939)-C(5))-methyltransferase RlmD,Unmatched,0,0,0
IDJNMB_16050 DUF29 domain-containing protein,Unmatched,0,0,0
IDJNMB_16055 ATPase,Unmatched,0,0,0
"IDJNMB_16060 2-carboxy-1,4-naphthoquinone phytyltransferase",Unmatched,0,0,0
IDJNMB_16065 hypothetical protein,Unmatched,0,0,0
IDJNMB_16070 heat-inducible transcriptional repressor HrcA,Unmatched,0,0,0
IDJNMB_16080 ATP-binding cassette family protein,Unmatched,0,0,0
IDJNMB_16085 Molybdopterin synthase sulfur carrier subunit MoaD,Unmatched,0,0,0
IDJNMB_16090 single-stranded-DNA-specific exonuclease RecJ,Unmatched,0,0,0
IDJNMB_16095 spermidine synthase,Unmatched,0,0,0
IDJNMB_16100 acetyl-CoA carboxylase carboxyl transferase subunit alpha,Unmatched,0,0,0
IDJNMB_16105 nucleotidyltransferase,Unmatched,0,0,0
IDJNMB_16110 DUF86 domain-containing protein,Unmatched,0,0,0
IDJNMB_16115 phytanoyl-CoA dioxygenase,Unmatched,0,0,0
IDJNMB_16120 50S ribosomal protein L27,Unmatched,0,0,0
IDJNMB_16125 50S ribosomal protein L21,Unmatched,0,0,0
IDJNMB_16130 N-acetylmuramic acid 6-phosphate etherase,Unmatched,0,0,0
IDJNMB_16135 site-2 protease family protein,Unmatched,0,0,0
IDJNMB_16140 DUF4164 domain-containing protein,Unmatched,0,0,0
IDJNMB_16145 DUF4164 domain-containing protein,Unmatched,0,0,0
IDJNMB_16150 lipase,Unmatched,0,0,0
IDJNMB_16155 hypothetical protein,Unmatched,0,0,0
IDJNMB_16160 50S ribosomal protein L9,Unmatched,0,0,0
IDJNMB_16165 Chromophore lyase CpcT/CpeT 1,Unmatched,0,0,0
IDJNMB_16170 exodeoxyribonuclease III,Unmatched,0,0,0
IDJNMB_16175 hypothetical protein,Unmatched,0,0,0
IDJNMB_16180 hypothetical protein,Unmatched,0,0,0
IDJNMB_16185 beta-carotene hydroxylase,Unmatched,0,0,0
IDJNMB_16190 transcriptional regulator,Unmatched,0,0,0
IDJNMB_16195 type II toxin-antitoxin system HigB family toxin,Unmatched,0,0,0
IDJNMB_16200 PEP-CTERM sorting domain-containing protein,Unmatched,0,0,0
IDJNMB_16205 nucleotidyltransferase,Unmatched,0,0,0
IDJNMB_16210 Ribonuclease HepT-like,Unmatched,0,0,0
IDJNMB_16215 hypothetical protein,Unmatched,0,0,0
IDJNMB_16220 glutamate synthase large subunit,Unmatched,0,0,0
IDJNMB_16225 hypothetical protein,Unmatched,0,0,0
IDJNMB_16230 hypothetical protein,Unmatched,0,0,0
IDJNMB_16235 TIGR04255 family protein,Unmatched,0,0,0
IDJNMB_16240 hypothetical protein,Unmatched,0,0,0
IDJNMB_16245 tRNA 2-thiouridine(34) synthase MnmA,Unmatched,0,0,0
IDJNMB_16250 phycobilisome rod-core linker polypeptide CpcG,Unmatched,0,0,0
IDJNMB_16255 phycobiliprotein lyase,Unmatched,0,0,0
IDJNMB_16260 restriction endonuclease,Unmatched,0,0,0
IDJNMB_16265 ATP-dependent zinc protease,Unmatched,0,0,0
IDJNMB_16270 DUF3007 domain-containing protein,Unmatched,0,0,0
IDJNMB_16275 NAD(P)H-quinone oxidoreductase subunit L,Unmatched,0,0,0
IDJNMB_16280 tRNA-Leu(taa),Unmatched,0,0,0
IDJNMB_16285 carotenoid oxygenase,Unmatched,0,0,0
IDJNMB_16290 tRNA epoxyqueuosine(34) reductase QueG,Unmatched,0,0,0
IDJNMB_16295 hypothetical protein,Unmatched,0,0,0
IDJNMB_16300 dihydrolipoyl dehydrogenase,Unmatched,0,0,0
IDJNMB_16305 twin-arginine translocase TatA/TatE family subunit,Unmatched,0,0,0
IDJNMB_16310 Metalloprotease slr0863,Unmatched,0,0,0
IDJNMB_16315 carbamoyl-phosphate synthase large subunit,Unmatched,0,0,0
IDJNMB_16320 ferredoxin--nitrite reductase,Unmatched,0,0,0
IDJNMB_16325 tyrosine--tRNA ligase,Unmatched,0,0,0
IDJNMB_16330 glycosyl transferase,Unmatched,0,0,0
IDJNMB_16335 ferredoxin,Unmatched,0,0,0
IDJNMB_16340 ABC transporter ATP-binding protein,Unmatched,0,0,0
IDJNMB_16345 alanine racemase,Unmatched,0,0,0
IDJNMB_16350 DUF1611 domain-containing protein,Unmatched,0,0,0
IDJNMB_16355 DUF3134 domain-containing protein,Unmatched,0,0,0
IDJNMB_16360 ssl1498 family light-harvesting-like protein,Unmatched,0,0,0
IDJNMB_16365 2-phospho-L-lactate transferase CofD,Unmatched,0,0,0
IDJNMB_16370 Chloroplast import apparatus Tic20-like,Unmatched,0,0,0
IDJNMB_16375 NADH-quinone oxidoreductase subunit NuoF,Unmatched,0,0,0
IDJNMB_16380 bidirectional hydrogenase complex protein HoxE,Unmatched,0,0,0
IDJNMB_16400 Calcium-binding protein,Unmatched,0,0,0
IDJNMB_16405 diflavin flavoprotein A,Unmatched,0,0,0
IDJNMB_16420 hypothetical protein,Unmatched,0,0,0
IDJNMB_16435 restriction endonuclease,Unmatched,0,0,0
IDJNMB_16440 dethiobiotin synthase,Unmatched,0,0,0
IDJNMB_16445 hypothetical protein,Unmatched,0,0,0
IDJNMB_16450 Transposase,Unmatched,0,0,0
IDJNMB_16455 hypothetical protein,Unmatched,0,0,0
IDJNMB_16460 ISAs1 family transposase,Unmatched,0,0,0
IDJNMB_16465 glycosyl transferase family 2,Unmatched,0,0,0
"IDJNMB_16470 Glycosyl-4,4'-diaponeurosporenoate acyltransferase",Unmatched,0,0,0
IDJNMB_16475 transglutaminase family protein,Unmatched,0,0,0
IDJNMB_16480 hypothetical protein,Unmatched,0,0,0
IDJNMB_16485 RRXRR domain-containing protein,Unmatched,0,0,0
IDJNMB_16490 RRXRR domain-containing protein,Unmatched,0,0,0
IDJNMB_16495 B12-binding domain-containing radical SAM protein,Unmatched,0,0,0
IDJNMB_16500 NTPase (NACHT family),Unmatched,0,0,0
IDJNMB_16505 sterol C5-desaturase,Unmatched,0,0,0
"IDJNMB_16510 signal transduction histidine kinase (STHK), LytS",Unmatched,0,0,0
IDJNMB_16515 transporter,Unmatched,0,0,0
IDJNMB_16520 Transposase,Unmatched,0,0,0
IDJNMB_16525 CsbD family protein,Unmatched,0,0,0
IDJNMB_16530 CsbD-like protein,Unmatched,0,0,0
IDJNMB_16535 lmo0937 family membrane protein,Unmatched,0,0,0
IDJNMB_16540 biosynthetic-type acetolactate synthase large subunit,Unmatched,0,0,0
IDJNMB_16545 phosphoglycerate dehydrogenase,Unmatched,0,0,0
IDJNMB_16550 50S ribosomal protein L11 methyltransferase,Unmatched,0,0,0
IDJNMB_16555 Molybdopterin synthase catalytic subunit,Unmatched,0,0,0
IDJNMB_16560 Bacterial archaeo-eukaryotic release factor family 3,Unmatched,0,0,0
IDJNMB_16565 B12-binding domain-containing radical SAM protein,Unmatched,0,0,0
IDJNMB_16570 putative high light inducible protein,Unmatched,0,0,0
IDJNMB_16575 glycosyltransferase,Unmatched,0,0,0
IDJNMB_16580 UDP-glucose 4-epimerase,Unmatched,0,0,0
IDJNMB_16585 acetyl CoA synthetase subunit alpha,Unmatched,0,0,0
IDJNMB_16590 glycine cleavage system protein GcvH,Unmatched,0,0,0
IDJNMB_16595 molybdopterin-synthase adenylyltransferase MoeB,Unmatched,0,0,0
IDJNMB_16600 hypothetical protein,Unmatched,0,0,0
IDJNMB_16605 Trypco1 domain-containing protein,Unmatched,0,0,0
IDJNMB_16610 caspase family protein,Unmatched,0,0,0
IDJNMB_16615 Formylglycine-generating enzyme family protein,Unmatched,0,0,0
IDJNMB_16620 hypothetical protein,Unmatched,0,0,0
IDJNMB_16625 hypothetical protein,Unmatched,0,0,0
IDJNMB_16630 Transposase DDE domain protein,Unmatched,0,0,0
IDJNMB_16635 Cadmium resistance transporter,Unmatched,0,0,0
IDJNMB_16640 LysR family transcriptional regulator,Unmatched,0,0,0
IDJNMB_16645 precorrin-2 C(20)-methyltransferase,Unmatched,0,0,0
IDJNMB_16650 precorrin-8X methylmutase,Unmatched,0,0,0
IDJNMB_16655 precorrin-3B synthase,Unmatched,0,0,0
IDJNMB_16660 hypothetical protein,Unmatched,0,0,0
IDJNMB_16665 hypothetical protein,Unmatched,0,0,0
IDJNMB_16670 cobalamin biosynthesis bifunctional protein CbiET,Unmatched,0,0,0
IDJNMB_16675 hypothetical protein,Unmatched,0,0,0
IDJNMB_16680 Uma2 family endonuclease,Unmatched,0,0,0
IDJNMB_16685 hypothetical protein,Unmatched,0,0,0
IDJNMB_16690 BolA family transcriptional regulator,Unmatched,0,0,0
IDJNMB_16695 AAA family ATPase,Unmatched,0,0,0
IDJNMB_16700 hypothetical protein,Unmatched,0,0,0
IDJNMB_16705 DUF4164 domain-containing protein,Unmatched,0,0,0
IDJNMB_16710 fibrillin,Unmatched,0,0,0
IDJNMB_16715 phycobilisome protein,Unmatched,0,0,0
IDJNMB_16720 RIP metalloprotease RseP,Unmatched,0,0,0
IDJNMB_16725 endonuclease III,Unmatched,0,0,0
IDJNMB_16730 rhomboid family intramembrane serine protease,Unmatched,0,0,0
IDJNMB_16735 antibiotic biosynthesis monooxygenase,Unmatched,0,0,0
IDJNMB_16740 NADPH-dependent FMN reductase,Unmatched,0,0,0
IDJNMB_16745 dihydroneopterin aldolase,Unmatched,0,0,0
IDJNMB_16750 glycosyl transferase family 2,Unmatched,0,0,0
IDJNMB_16755 glycosyltransferase,Unmatched,0,0,0
"IDJNMB_16760 GDP-mannose 4,6-dehydratase",Unmatched,0,0,0
IDJNMB_16765 glycosyl transferase family 1,Unmatched,0,0,0
IDJNMB_16770 glycosyltransferase,Unmatched,0,0,0
IDJNMB_16775 phycobiliprotein lyase,Unmatched,0,0,0
IDJNMB_16780 heavy metal-responsive transcriptional regulator,Unmatched,0,0,0
IDJNMB_16785 hypothetical protein,Unmatched,0,0,0
IDJNMB_16790 HTH merR-type domain-containing protein,Unmatched,0,0,0
IDJNMB_16795 methionine adenosyltransferase,Unmatched,0,0,0
IDJNMB_16800 Cyanobacterial functional RNA 1,Unmatched,0,0,0
IDJNMB_16805 DNA helicase PcrA,Unmatched,0,0,0
IDJNMB_16810 DUF5615 domain-containing protein,Unmatched,0,0,0
IDJNMB_16815 Ssr2962 protein,Unmatched,0,0,0
IDJNMB_16820 CAAD domain-containing protein,Unmatched,0,0,0
IDJNMB_16825 Shikimate 5-dehydrogenase,Unmatched,0,0,0
IDJNMB_16830 hypothetical protein,Unmatched,0,0,0
IDJNMB_16835 hypothetical protein,Unmatched,0,0,0
IDJNMB_16840 hypothetical protein,Unmatched,0,0,0
IDJNMB_16845 RAMP superfamily protein,Unmatched,0,0,0
IDJNMB_16850 hypothetical protein,Unmatched,0,0,0
IDJNMB_16855 type III-B CRISPR module RAMP protein Cmr4,Unmatched,0,0,0
IDJNMB_16860 CRISPR-associated protein,Unmatched,0,0,0
IDJNMB_16865 type III-B CRISPR-associated protein Cas10/Cmr2,Unmatched,0,0,0
IDJNMB_16870 hypothetical protein,Unmatched,0,0,0
IDJNMB_16875 Similarity,Unmatched,0,0,0
IDJNMB_16880 hypothetical protein,Unmatched,0,0,0
IDJNMB_16885 bifunctional metallophosphatase/5'-nucleotidase,Unmatched,0,0,0
IDJNMB_16890 HNH endonuclease,Unmatched,0,0,0
IDJNMB_16895 hypothetical protein,Unmatched,0,0,0
IDJNMB_16900 polyphosphate kinase 1,Unmatched,0,0,0
IDJNMB_16940 AerL protein,Unmatched,0,0,0
IDJNMB_16955 non-ribosomal peptide synthetase,Unmatched,0,0,0
IDJNMB_16970 porin,Unmatched,0,0,0
IDJNMB_16975 orotate phosphoribosyltransferase,Unmatched,0,0,0
IDJNMB_16980 NADH-quinone oxidoreductase subunit NuoH,Unmatched,0,0,0
IDJNMB_16985 photosynthetic/respiratory NAD(P)H-quinone oxidoreductase subunit I,Unmatched,0,0,0
IDJNMB_16990 NADH-quinone oxidoreductase subunit J,Unmatched,0,0,0
IDJNMB_16995 photosynthetic/respiratory NAD(P)H-quinone oxidoreductase subunit E,Unmatched,0,0,0
IDJNMB_17000 LPS export ABC transporter periplasmic protein LptC,Unmatched,0,0,0
IDJNMB_17005 DUF262 domain-containing protein,Unmatched,0,0,0
IDJNMB_17010 serine protease,Unmatched,0,0,0
IDJNMB_17015 Methyltransferase FkbM domain-containing protein,Unmatched,0,0,0
IDJNMB_17020 DUF1727 domain-containing protein,Unmatched,0,0,0
IDJNMB_17025 cobalamin biosynthesis protein CobQ,Unmatched,0,0,0
IDJNMB_17030 hypothetical protein,Unmatched,0,0,0
IDJNMB_17035 anti-sigma factor,Unmatched,0,0,0
IDJNMB_17040 hypothetical protein,Unmatched,0,0,0
IDJNMB_17045 Photosystem I assembly protein Ycf3,Unmatched,0,0,0
IDJNMB_17050 DUF4164 domain-containing protein,Unmatched,0,0,0
IDJNMB_17055 SWIM-type domain-containing protein,Unmatched,0,0,0
IDJNMB_17060 SAM-dependent methyltransferase,Unmatched,0,0,0
IDJNMB_17065 Transposase,Unmatched,0,0,0
IDJNMB_17070 hypothetical protein,Unmatched,0,0,0
IDJNMB_17075 JAB1/Mov34/MPN/PAD-1 ubiquitin protease,Unmatched,0,0,0
IDJNMB_17080 Ubiquitin-protein ligase,Unmatched,0,0,0
IDJNMB_17085 Ubiquitin-like domain-containing protein,Unmatched,0,0,0
IDJNMB_17090 thiamine biosynthesis protein ThiF,Unmatched,0,0,0
IDJNMB_17095 Helix-turn-helix domain-containing protein,Unmatched,0,0,0
IDJNMB_17100 hypothetical protein,Unmatched,0,0,0
IDJNMB_17105 DNA-binding response regulator,Unmatched,0,0,0
IDJNMB_17110 transposase,Unmatched,0,0,0
IDJNMB_17115 histidine kinase,Unmatched,0,0,0
IDJNMB_17120 Hemolysin-type calcium-binding region protein,Unmatched,0,0,0
IDJNMB_17125 Transposase-31 domain-containing protein,Unmatched,0,0,0
IDJNMB_17130 urease subunit gamma,Unmatched,0,0,0
IDJNMB_17135 urease subunit beta,Unmatched,0,0,0
IDJNMB_17140 S-methyl-5'-thioadenosine phosphorylase,Unmatched,0,0,0
"IDJNMB_17145 RNA polymerase sigma factor, RpoD/SigA family",Unmatched,0,0,0
IDJNMB_17150 ATP-dependent protease,Unmatched,0,0,0
IDJNMB_17155 HTH crp-type domain-containing protein,Unmatched,0,0,0
"IDJNMB_17160 Putative toxin-antitoxin system toxin component, PIN family",Unmatched,0,0,0
IDJNMB_17165 PEP-CTERM domain-containing protein,Unmatched,0,0,0
IDJNMB_17170 SpoIIAA-like,Unmatched,0,0,0
IDJNMB_17175 DUF1517 domain-containing protein,Unmatched,0,0,0
IDJNMB_17180 phosphopantothenoylcysteine decarboxylase,Unmatched,0,0,0
IDJNMB_17185 iron ABC transporter substrate-binding protein,Unmatched,0,0,0
IDJNMB_17190 photosystem II protein PsbQ,Unmatched,0,0,0
IDJNMB_17195 hypothetical protein,Unmatched,0,0,0
IDJNMB_17200 Nuclease-related domain-containing protein,Unmatched,0,0,0
IDJNMB_17205 hypothetical protein,Unmatched,0,0,0
IDJNMB_17210 TauD/TfdA family dioxygenase,Unmatched,0,0,0
IDJNMB_17215 Type II secretory pathway ATPase PulE/Tfp pilus assembly pathway ATPase PilB,Unmatched,0,0,0
IDJNMB_17220 sodium-independent anion transporter,Unmatched,0,0,0
IDJNMB_17225 nitrogenase,Unmatched,0,0,0
IDJNMB_17230 UDP-glucose 6-dehydrogenase,Unmatched,0,0,0
IDJNMB_17235 NAD-dependent dehydratase,Unmatched,0,0,0
IDJNMB_17240 nucleic acid-binding protein,Unmatched,0,0,0
IDJNMB_17245 hypothetical protein,Unmatched,0,0,0
IDJNMB_17250 DNA polymerase I,Unmatched,0,0,0
IDJNMB_17255 hypothetical protein,Unmatched,0,0,0
IDJNMB_17260 heavy metal transporter,Unmatched,0,0,0
IDJNMB_17265 DNA polymerase subunit beta,Unmatched,0,0,0
IDJNMB_17270 hypothetical protein,Unmatched,0,0,0
IDJNMB_17275 N-6 DNA methylase,Unmatched,0,0,0
IDJNMB_17280 Cytochrome b6-f complex iron-sulfur subunit,Unmatched,0,0,0
IDJNMB_17285 apocytochrome f,Unmatched,0,0,0
IDJNMB_17290 mannose-1-phosphate guanylyltransferase,Unmatched,0,0,0
IDJNMB_17295 hypothetical protein,Unmatched,0,0,0
IDJNMB_17300 hypothetical protein,Unmatched,0,0,0
IDJNMB_17305 cation ABC transporter substrate-binding protein,Unmatched,0,0,0
IDJNMB_17310 ABC transporter,Unmatched,0,0,0
IDJNMB_17315 transcriptional regulator,Unmatched,0,0,0
IDJNMB_17320 DUF2442 domain-containing protein,Unmatched,0,0,0
IDJNMB_17325 hypothetical protein,Unmatched,0,0,0
IDJNMB_17330 Trypco1 domain-containing protein,Unmatched,0,0,0
IDJNMB_17335 DUF4926 domain-containing protein,Unmatched,0,0,0
IDJNMB_17340 hypothetical protein,Unmatched,0,0,0
IDJNMB_17345 bifunctional pantoate--beta-alanine ligase/(d)CMP kinase,Unmatched,0,0,0
IDJNMB_17350 NAGPA domain-containing protein,Unmatched,0,0,0
IDJNMB_17355 Poly(hydroxyalcanoate) granule associated protein (phasin),Unmatched,0,0,0
IDJNMB_17360 peptidylprolyl isomerase,Unmatched,0,0,0
IDJNMB_17365 photosystem II reaction center protein Psb28,Unmatched,0,0,0
IDJNMB_17370 helicase,Unmatched,0,0,0
IDJNMB_17375 FAD-dependent oxidoreductase,Unmatched,0,0,0
IDJNMB_17380 hypothetical protein,Unmatched,0,0,0
IDJNMB_17385 2-isopropylmalate synthase,Unmatched,0,0,0
IDJNMB_17390 RNA polymerase sigma factor RpoD,Unmatched,0,0,0
IDJNMB_17395 hypothetical protein,Unmatched,0,0,0
IDJNMB_17400 DUF4351 domain-containing protein,Unmatched,0,0,0
IDJNMB_17405 MFS transporter,Unmatched,0,0,0
IDJNMB_17410 low-complexity protein,Unmatched,0,0,0
IDJNMB_17415 hybrid sensor histidine kinase/response regulator,Unmatched,0,0,0
"IDJNMB_17420 calcium-translocating P-type ATPase, PMCA-type",Unmatched,0,0,0
IDJNMB_17425 hypothetical protein,Unmatched,0,0,0
IDJNMB_17430 hypothetical protein,Unmatched,0,0,0
IDJNMB_17435 HicB-like domain-containing protein,Unmatched,0,0,0
IDJNMB_17440 hypothetical protein,Unmatched,0,0,0
IDJNMB_17445 hypothetical protein,Unmatched,0,0,0
IDJNMB_17450 pseudouridine synthase,Unmatched,0,0,0
IDJNMB_17455 DUF4115 domain-containing protein,Unmatched,0,0,0
IDJNMB_17460 hypothetical protein,Unmatched,0,0,0
IDJNMB_17465 aldo/keto reductase,Unmatched,0,0,0
IDJNMB_17470 ABC transporter permease,Unmatched,0,0,0
IDJNMB_17475 efflux transporter periplasmic adaptor subunit,Unmatched,0,0,0
IDJNMB_17480 Serine/threonine-protein kinase pkn1,Unmatched,0,0,0
IDJNMB_17485 Y1-Tnp domain-containing protein,Unmatched,0,0,0
IDJNMB_17490 hypothetical protein,Unmatched,0,0,0
IDJNMB_17495 transcriptional regulator,Unmatched,0,0,0
IDJNMB_17500 SpoVT-AbrB domain-containing protein,Unmatched,0,0,0
IDJNMB_17505 hypothetical protein,Unmatched,0,0,0
"IDJNMB_17510 Tetrahydromethanopterin S-methyltransferase, subunit G",Unmatched,0,0,0
"IDJNMB_17515 HicA toxin of bacterial toxin-antitoxin,",Unmatched,0,0,0
IDJNMB_17520 HicB-like domain-containing protein,Unmatched,0,0,0
IDJNMB_17525 hypothetical protein,Unmatched,0,0,0
IDJNMB_17530 Tetratricopeptide repeat protein,Unmatched,0,0,0
IDJNMB_17535 Type II toxin-antitoxin system HicB family antitoxin,Unmatched,0,0,0
IDJNMB_17540 prevent-host-death protein,Unmatched,0,0,0
IDJNMB_17545 PIN domain nuclease,Unmatched,0,0,0
IDJNMB_17550 hypothetical protein,Unmatched,0,0,0
IDJNMB_17555 DUF2283 domain-containing protein,Unmatched,0,0,0
IDJNMB_17560 hypothetical protein,Unmatched,0,0,0
IDJNMB_17565 DUF29 domain-containing protein,Unmatched,0,0,0
IDJNMB_17570 alpha/beta hydrolase,Unmatched,0,0,0
IDJNMB_17575 ABC transporter ATP-binding protein,Unmatched,0,0,0
IDJNMB_17580 MFS transporter,Unmatched,0,0,0
IDJNMB_17585 ABC transporter permease,Unmatched,0,0,0
IDJNMB_17590 ABC transporter,Unmatched,0,0,0
IDJNMB_17595 Putative restriction endonuclease,Unmatched,0,0,0
IDJNMB_17600 Putative restriction endonuclease,Unmatched,0,0,0
IDJNMB_17605 hypothetical protein,Unmatched,0,0,0
IDJNMB_17610 Papain fold toxin 2,Unmatched,0,0,0
IDJNMB_17615 hypothetical protein,Unmatched,0,0,0
IDJNMB_17620 DUF2281 domain-containing protein,Unmatched,0,0,0
IDJNMB_17625 PIN domain nuclease,Unmatched,0,0,0
IDJNMB_17630 type II toxin-antitoxin system RelE/ParE family toxin,Unmatched,0,0,0
IDJNMB_17635 hypothetical protein,Unmatched,0,0,0
IDJNMB_17640 hypothetical protein,Unmatched,0,0,0
IDJNMB_17645 serine/threonine protein kinase,Unmatched,0,0,0
IDJNMB_17650 molecular chaperone DnaJ,Unmatched,0,0,0
IDJNMB_17655 HTH OST-type domain-containing protein,Unmatched,0,0,0
IDJNMB_17660 hypothetical protein,Unmatched,0,0,0
IDJNMB_17665 PIN domain nuclease,Unmatched,0,0,0
IDJNMB_17670 antitoxin,Unmatched,0,0,0
IDJNMB_17675 XisI protein,Unmatched,0,0,0
IDJNMB_17680 fatty-acid synthase,Unmatched,0,0,0
IDJNMB_17685 DUF1349 domain-containing protein,Unmatched,0,0,0
IDJNMB_17690 hypothetical protein,Unmatched,0,0,0
IDJNMB_17695 hypothetical protein,Unmatched,0,0,0
IDJNMB_17700 Similarity,Unmatched,0,0,0
IDJNMB_17705 DNA-sulfur modification-associated,Unmatched,0,0,0
IDJNMB_17710 DNA phosphorothioation system sulfurtransferase DndC,Unmatched,0,0,0
IDJNMB_17715 D-alanyl-D-alanine dipeptidase,Unmatched,0,0,0
IDJNMB_17720 Response regulatory domain-containing protein,Unmatched,0,0,0
IDJNMB_17725 DNA topoisomerase 4 subunit A,Unmatched,0,0,0
IDJNMB_17730 DUF218 domain-containing protein,Unmatched,0,0,0
IDJNMB_17735 K(+)-transporting ATPase subunit C,Unmatched,0,0,0
IDJNMB_17740 K(+)-transporting ATPase subunit F,Unmatched,0,0,0
IDJNMB_17745 hypothetical protein,Unmatched,0,0,0
IDJNMB_17750 CHAT domain-containing protein,Unmatched,0,0,0
IDJNMB_17755 hypothetical protein,Unmatched,0,0,0
IDJNMB_17760 Membrane protein,Unmatched,0,0,0
IDJNMB_17765 NUDIX hydrolase,Unmatched,0,0,0
IDJNMB_17770 DUF559 domain-containing protein,Unmatched,0,0,0
IDJNMB_17775 hypothetical protein,Unmatched,0,0,0
IDJNMB_17780 hypothetical protein,Unmatched,0,0,0
IDJNMB_17785 MotA-ExbB domain-containing protein,Unmatched,0,0,0
IDJNMB_17790 transcriptional regulator,Unmatched,0,0,0
IDJNMB_17795 hypothetical protein,Unmatched,0,0,0
IDJNMB_17800 hypothetical protein,Unmatched,0,0,0
IDJNMB_17805 hypothetical protein,Unmatched,0,0,0
IDJNMB_17810 hypothetical protein,Unmatched,0,0,0
IDJNMB_17815 CRISPR-associated helicase Cas3',Unmatched,0,0,0
IDJNMB_17820 Uma2 family endonuclease,Unmatched,0,0,0
IDJNMB_17825 CRISPR-associated endoribonuclease Cas6,Unmatched,0,0,0
IDJNMB_17830 CRISPR-associated protein Cas4,Unmatched,0,0,0
IDJNMB_17835 type I-D CRISPR-associated endonuclease Cas1d,Unmatched,0,0,0
IDJNMB_17840 CRISPR-associated endonuclease Cas2,Unmatched,0,0,0
IDJNMB_17845 9-O-acetyl-N-acetylneuraminate esterase,Unmatched,0,0,0
"IDJNMB_17850 Membrane-bound metal-dependent hydrolase YdjM, induced during SOS response",Unmatched,0,0,0
IDJNMB_17855 ATP-binding protein,Unmatched,0,0,0
IDJNMB_17860 hypothetical protein,Unmatched,0,0,0
IDJNMB_17865 Similar to tr|Q8YUC9|Q8YUC9,Unmatched,0,0,0
IDJNMB_17870 hypothetical protein,Unmatched,0,0,0
"IDJNMB_17875 type II toxin-antitoxin system mRNA interferase toxin, RelE/StbE family",Unmatched,0,0,0
IDJNMB_17880 hypothetical protein,Unmatched,0,0,0
IDJNMB_17885 fatty-acid oxidation protein subunit alpha,Unmatched,0,0,0
IDJNMB_17890 XisI protein,Unmatched,0,0,0
IDJNMB_17895 DUF2283 domain-containing protein,Unmatched,0,0,0
IDJNMB_17900 hypothetical protein,Unmatched,0,0,0
IDJNMB_17905 POLO box domain-containing protein,Unmatched,0,0,0
IDJNMB_17910 carbon dioxide-concentrating protein CcmK,Unmatched,0,0,0
IDJNMB_17915 carbon dioxide-concentrating mechanism protein CcmK,Unmatched,0,0,0
IDJNMB_17920 peptide-methionine (S)-S-oxide reductase,Unmatched,0,0,0
IDJNMB_17925 3-methyl-2-oxobutanoate hydroxymethyltransferase,Unmatched,0,0,0
IDJNMB_17930 magnesium protoporphyrin IX methyltransferase,Unmatched,0,0,0
IDJNMB_17935 protease,Unmatched,0,0,0
IDJNMB_17940 Ketohydroxyglutarate aldolase,Unmatched,0,0,0
IDJNMB_17945 pyruvate kinase,Unmatched,0,0,0
"IDJNMB_17950 Phosphoglycerate mutase (2,3-diphosphoglycerate-dependent)",Unmatched,0,0,0
IDJNMB_17955 ATP-dependent chaperone ClpB,Unmatched,0,0,0
IDJNMB_17960 amidase,Unmatched,0,0,0
IDJNMB_17965 DNA-binding response regulator,Unmatched,0,0,0
IDJNMB_17970 histidine kinase,Unmatched,0,0,0
IDJNMB_17975 phosphate signaling complex protein PhoU,Unmatched,0,0,0
IDJNMB_17980 peptide ABC transporter permease,Unmatched,0,0,0
IDJNMB_17985 hypothetical protein,Unmatched,0,0,0
IDJNMB_17990 NAD(P)H-quinone oxidoreductase subunit N,Unmatched,0,0,0
IDJNMB_17995 glutamate--tRNA ligase,Unmatched,0,0,0
IDJNMB_18000 ATP-dependent 6-phosphofructokinase,Unmatched,0,0,0
IDJNMB_18005 hypothetical protein,Unmatched,0,0,0
IDJNMB_18010 hypothetical protein,Unmatched,0,0,0
IDJNMB_18015 hypothetical protein,Unmatched,0,0,0
IDJNMB_18020 transcriptional regulator,Unmatched,0,0,0
IDJNMB_18025 glucokinase,Unmatched,0,0,0
IDJNMB_18030 DUF29 domain-containing protein,Unmatched,0,0,0
IDJNMB_18035 DUF29 domain-containing protein,Unmatched,0,0,0
IDJNMB_18040 hypothetical protein,Unmatched,0,0,0
IDJNMB_18045 homoserine kinase,Unmatched,0,0,0
IDJNMB_18050 hypothetical protein,Unmatched,0,0,0
IDJNMB_18055 ATPase,Unmatched,0,0,0
IDJNMB_18060 cobaltochelatase subunit CobN,Unmatched,0,0,0
IDJNMB_18065 hybrid sensor histidine kinase/response regulator,Unmatched,0,0,0
IDJNMB_18070 Lysylphosphatidylglycerol synthase TM region,Unmatched,0,0,0
IDJNMB_18075 circadian clock protein KaiC,Unmatched,0,0,0
IDJNMB_18080 circadian clock protein KaiB,Unmatched,0,0,0
IDJNMB_18085 circadian clock protein KaiA,Unmatched,0,0,0
IDJNMB_18090 hybrid sensor histidine kinase/response regulator,Unmatched,0,0,0
"IDJNMB_18095 putative toxin-antitoxin system toxin component, PIN family",Unmatched,0,0,0
IDJNMB_18100 hypothetical protein,Unmatched,0,0,0
IDJNMB_18105 hypothetical protein,Unmatched,0,0,0
IDJNMB_18110 hypothetical protein,Unmatched,0,0,0
IDJNMB_18115 Phage-related protein,Unmatched,0,0,0
IDJNMB_18120 transcriptional regulator,Unmatched,0,0,0
IDJNMB_18125 hypothetical protein,Unmatched,0,0,0
IDJNMB_18130 CASPASE-P20 domain-containing protein,Unmatched,0,0,0
IDJNMB_18135 hypothetical protein,Unmatched,0,0,0
IDJNMB_18140 hypothetical protein,Unmatched,0,0,0
IDJNMB_18145 hypothetical protein,Unmatched,0,0,0
IDJNMB_18150 serine/threonine protein kinase,Unmatched,0,0,0
IDJNMB_18155 YkgJ family cysteine cluster protein,Unmatched,0,0,0
IDJNMB_18160 tRNA-Val(tac),Unmatched,0,0,0
IDJNMB_18165 metal-binding protein,Unmatched,0,0,0
IDJNMB_18170 pyrroline-5-carboxylate reductase,Unmatched,0,0,0
IDJNMB_18175 cell division protein SepF,Unmatched,0,0,0
IDJNMB_18180 YggS family pyridoxal phosphate enzyme,Unmatched,0,0,0
IDJNMB_18185 DUF3539 domain-containing protein,Unmatched,0,0,0
IDJNMB_18190 NAD(P)H-quinone oxidoreductase subunit N,Unmatched,0,0,0
IDJNMB_18195 restriction endonuclease subunit M,Unmatched,0,0,0
IDJNMB_18200 TIGR04376 family protein,Unmatched,0,0,0
IDJNMB_18205 DUF3685 domain-containing protein,Unmatched,0,0,0
IDJNMB_18210 transcriptional repressor,Unmatched,0,0,0
IDJNMB_18215 PEP-CTERM domain-containing protein,Unmatched,0,0,0
IDJNMB_18220 DUF29 domain-containing protein,Unmatched,0,0,0
IDJNMB_18225 DUF2157 domain-containing protein,Unmatched,0,0,0
IDJNMB_18230 hypothetical protein,Unmatched,0,0,0
IDJNMB_18235 DNA-binding response regulator,Unmatched,0,0,0
IDJNMB_18240 DNA repair protein RecN,Unmatched,0,0,0
IDJNMB_18245 Putative restriction endonuclease,Unmatched,0,0,0
IDJNMB_18250 Putative restriction endonuclease,Unmatched,0,0,0
IDJNMB_18255 FAD-dependent oxidoreductase,Unmatched,0,0,0
IDJNMB_18260 Ribonuclease HI,Unmatched,0,0,0
IDJNMB_18320 peptidylprolyl isomerase,Unmatched,0,0,0
IDJNMB_18325 HlyD family secretion protein,Unmatched,0,0,0
IDJNMB_18330 YGGT family,Unmatched,0,0,0
IDJNMB_18335 hypothetical protein,Unmatched,0,0,0
IDJNMB_18340 hypothetical protein,Unmatched,0,0,0
IDJNMB_18345 glutaredoxin 3,Unmatched,0,0,0
IDJNMB_18350 glutathione synthase,Unmatched,0,0,0
IDJNMB_18355 DUF2499 domain-containing protein,Unmatched,0,0,0
IDJNMB_18360 DUF3593 domain-containing protein,Unmatched,0,0,0
IDJNMB_18365 glycosyltransferase,Unmatched,0,0,0
IDJNMB_18370 DUF1092 domain-containing protein,Unmatched,0,0,0
"IDJNMB_18375 Apocarotenoid-15,15'-oxygenase",Unmatched,0,0,0
IDJNMB_18380 glutamine synthetase type III,Unmatched,0,0,0
IDJNMB_18385 PEP-CTERM domain-containing protein,Unmatched,0,0,0
IDJNMB_18390 prevent-host-death family protein,Unmatched,0,0,0
IDJNMB_18395 folate/biopterin family MFS transporter,Unmatched,0,0,0
IDJNMB_18400 class I SAM-dependent methyltransferase,Unmatched,0,0,0
IDJNMB_18405 acid phosphatase,Unmatched,0,0,0
IDJNMB_18410 farnesyl-diphosphate synthase,Unmatched,0,0,0
IDJNMB_18415 serine/threonine protein kinase,Unmatched,0,0,0
IDJNMB_18420 peptide deformylase,Unmatched,0,0,0
IDJNMB_18425 hypothetical protein,Unmatched,0,0,0
IDJNMB_18430 hypothetical protein,Unmatched,0,0,0
IDJNMB_18435 hypothetical protein,Unmatched,0,0,0
IDJNMB_18440 cysteine desulfuration protein SufE,Unmatched,0,0,0
IDJNMB_18445 transcriptional repressor,Unmatched,0,0,0
"IDJNMB_18450 Flp pilus assembly protein TadD, contains TPR repeats",Unmatched,0,0,0
IDJNMB_18455 molybdenum cofactor guanylyltransferase,Unmatched,0,0,0
IDJNMB_18460 erythromycin biosynthesis sensory transduction protein eryC1,Unmatched,0,0,0
IDJNMB_18465 cyanoexosortase B,Unmatched,0,0,0
IDJNMB_18470 cyanoexosortase B system-associated protein,Unmatched,0,0,0
IDJNMB_18475 polysaccharide export protein,Unmatched,0,0,0
IDJNMB_18480 ATPase,Unmatched,0,0,0
IDJNMB_18485 GHL10 domain-containing protein,Unmatched,0,0,0
IDJNMB_18490 hypothetical protein,Unmatched,0,0,0
IDJNMB_18495 DUF3370 domain-containing protein,Unmatched,0,0,0
IDJNMB_18500 YlqD protein,Unmatched,0,0,0
IDJNMB_18505 long-chain fatty acid--CoA ligase,Unmatched,0,0,0
IDJNMB_18510 hybrid sensor histidine kinase/response regulator,Unmatched,0,0,0
IDJNMB_18515 Phosphocholine transferase AnkX,Unmatched,0,0,0
IDJNMB_18520 Stp1/IreP family PP2C-type Ser/Thr phosphatase,Unmatched,0,0,0
"IDJNMB_18525 putative protein kinase regulating ubiquinone biosynthesis, AarF/ABC1/UbiB family",Unmatched,0,0,0
IDJNMB_18530 Thylakoid protein sll1769,Unmatched,0,0,0
IDJNMB_18535 branched-chain amino acid ABC transporter substrate-binding protein,Unmatched,0,0,0
IDJNMB_18540 Txe/YoeB family addiction module toxin,Unmatched,0,0,0
IDJNMB_18545 hypothetical protein,Unmatched,0,0,0
IDJNMB_18550 glucokinase,Unmatched,0,0,0
IDJNMB_18555 glucokinase,Unmatched,0,0,0
IDJNMB_18560 AAA-like domain-containing protein,Unmatched,0,0,0
IDJNMB_18565 AAA-like domain-containing protein,Unmatched,0,0,0
IDJNMB_18570 zinc-ribbon-2 domain-containing protein,Unmatched,0,0,0
IDJNMB_18575 hypothetical protein,Unmatched,0,0,0
IDJNMB_18585 hypothetical protein,Unmatched,0,0,0
IDJNMB_18590 hypothetical protein,Unmatched,0,0,0
IDJNMB_18595 hypothetical protein,Unmatched,0,0,0
IDJNMB_18600 leucyl/phenylalanyl-tRNA--protein transferase,Unmatched,0,0,0
IDJNMB_18605 hypothetical protein,Unmatched,0,0,0
IDJNMB_18610 glycosyltransferase,Unmatched,0,0,0
IDJNMB_18615 hypothetical protein,Unmatched,0,0,0
IDJNMB_18625 molecular chaperone DnaJ,Unmatched,0,0,0
IDJNMB_18630 stress-induced bacterial acidophilic repeat motif family protein,Unmatched,0,0,0
IDJNMB_18635 DUF2808 domain-containing protein,Unmatched,0,0,0
IDJNMB_18640 SsrA-binding protein SmpB,Unmatched,0,0,0
IDJNMB_18645 photosystem II biogenesis protein Psp29,Unmatched,0,0,0
"IDJNMB_18650 7,8-didemethyl-8-hydroxy-5-deazariboflavin synthase subunit CofH",Unmatched,0,0,0
IDJNMB_18655 Phosphoribosylformylglycinamidine cyclo-ligase,Unmatched,0,0,0
IDJNMB_18660 hypothetical protein,Unmatched,0,0,0
IDJNMB_18665 DUF2252 domain-containing protein,Unmatched,0,0,0
IDJNMB_18670 Peptidase-M10-C domain-containing protein,Unmatched,0,0,0
IDJNMB_18675 hypothetical protein,Unmatched,0,0,0
IDJNMB_18680 Similarity,Unmatched,0,0,0
"IDJNMB_18685 addiction module toxin, HicA family",Unmatched,0,0,0
IDJNMB_18690 acetolactate synthase small subunit,Unmatched,0,0,0
IDJNMB_18695 peptide ABC transporter substrate-binding protein,Unmatched,0,0,0
IDJNMB_18700 hypothetical protein,Unmatched,0,0,0
IDJNMB_18705 DedA family protein,Unmatched,0,0,0
IDJNMB_18710 methyltransferase,Unmatched,0,0,0
IDJNMB_18715 glycosyltransferase family 1 protein,Unmatched,0,0,0
IDJNMB_18720 hypothetical protein,Unmatched,0,0,0
IDJNMB_18725 RNA-binding protein,Unmatched,0,0,0
"IDJNMB_18730 1,4-dihydroxy-2-naphthoyl-CoA synthase",Unmatched,0,0,0
IDJNMB_18735 DUF4164 domain-containing protein,Unmatched,0,0,0
IDJNMB_18740 peptidase C69,Unmatched,0,0,0
IDJNMB_18745 hypothetical protein,Unmatched,0,0,0
IDJNMB_18750 magnesium chelatase ATPase subunit D,Unmatched,0,0,0
IDJNMB_18755 hypothetical protein,Unmatched,0,0,0
IDJNMB_18760 hypothetical protein,Unmatched,0,0,0
IDJNMB_18765 DUF1824 domain-containing protein,Unmatched,0,0,0
IDJNMB_18770 2-C-methyl-D-erythritol 4-phosphate cytidylyltransferase,Unmatched,0,0,0
IDJNMB_18775 serine acetyltransferase,Unmatched,0,0,0
IDJNMB_18780 Pilin polypeptide,Unmatched,0,0,0
IDJNMB_18785 Pilin polypeptide PilA,Unmatched,0,0,0
IDJNMB_18790 hypothetical protein,Unmatched,0,0,0
IDJNMB_18795 hypothetical protein,Unmatched,0,0,0
IDJNMB_18800 Nucleoside-diphosphate-sugar epimerase,Unmatched,0,0,0
IDJNMB_18805 DUF2839 domain-containing protein,Unmatched,0,0,0
IDJNMB_18810 LL-diaminopimelate aminotransferase,Unmatched,0,0,0
IDJNMB_18815 metallophosphatase,Unmatched,0,0,0
IDJNMB_18820 Tetratricopeptide TPR_1 repeat-containing protein,Unmatched,0,0,0
IDJNMB_18825 mannosyltransferase,Unmatched,0,0,0
IDJNMB_18830 Serine acetyltransferase,Unmatched,0,0,0
IDJNMB_18835 tRNA-Ser(gga),Unmatched,0,0,0
IDJNMB_18840 transcription-repair coupling factor,Unmatched,0,0,0
IDJNMB_18845 AI-2E family transporter,Unmatched,0,0,0
IDJNMB_18850 tRNA-Ala(ggc),Unmatched,0,0,0
IDJNMB_18855 hypothetical protein,Unmatched,0,0,0
IDJNMB_18860 Imidazole glycerol phosphate synthase subunit HisF,Unmatched,0,0,0
IDJNMB_18865 Holliday junction branch migration DNA helicase RuvB,Unmatched,0,0,0
IDJNMB_18870 RNA polymerase subunit sigma,Unmatched,0,0,0
IDJNMB_18875 aminotransferase,Unmatched,0,0,0
IDJNMB_18880 hypothetical protein,Unmatched,0,0,0
"IDJNMB_18885 RNA polymerase sigma factor, RpoD/SigA family",Unmatched,0,0,0
IDJNMB_18890 primosomal protein N',Unmatched,0,0,0
IDJNMB_18895 DUF4351 domain-containing protein,Unmatched,0,0,0
IDJNMB_18900 class I SAM-dependent methyltransferase,Unmatched,0,0,0
IDJNMB_18905 glycosyltransferase,Unmatched,0,0,0
IDJNMB_18910 glycosyl transferase,Unmatched,0,0,0
IDJNMB_18915 SAM-dependent methyltransferase,Unmatched,0,0,0
IDJNMB_18920 hypothetical protein,Unmatched,0,0,0
IDJNMB_18925 hypothetical protein,Unmatched,0,0,0
IDJNMB_18930 peptidase M28,Unmatched,0,0,0
IDJNMB_18935 FAD dependent oxidoreductase,Unmatched,0,0,0
IDJNMB_18940 mannose-1-phosphate guanylyltransferase,Unmatched,0,0,0
IDJNMB_18945 Membrane protein,Unmatched,0,0,0
IDJNMB_18950 tRNA-Arg(cct),Unmatched,0,0,0
IDJNMB_18955 hypothetical protein,Unmatched,0,0,0
IDJNMB_18960 RDD family,Unmatched,0,0,0
IDJNMB_18965 DUF6464 domain-containing protein,Unmatched,0,0,0
IDJNMB_18970 8-amino-7-oxononanoate synthase,Unmatched,0,0,0
IDJNMB_18975 hypothetical protein,Unmatched,0,0,0
IDJNMB_18980 hypothetical protein,Unmatched,0,0,0
IDJNMB_18985 DUF104 domain-containing protein,Unmatched,0,0,0
IDJNMB_18990 hypothetical protein,Unmatched,0,0,0
IDJNMB_18995 hypothetical protein,Unmatched,0,0,0
IDJNMB_19000 DUF2442 domain-containing protein,Unmatched,0,0,0
IDJNMB_19005 clan AA aspartic protease,Unmatched,0,0,0
IDJNMB_19010 Putative transposase DNA-binding domain-containing protein,Unmatched,0,0,0
IDJNMB_19015 hypothetical protein,Unmatched,0,0,0
IDJNMB_19020 hypothetical protein,Unmatched,0,0,0
IDJNMB_19050 SAM-dependent methyltransferase,Unmatched,0,0,0
IDJNMB_19055 hypothetical protein,Unmatched,0,0,0
IDJNMB_19060 beta-glucosidase,Unmatched,0,0,0
IDJNMB_19065 30S ribosome-binding factor RbfA,Unmatched,0,0,0
IDJNMB_19070 DUF751 domain-containing protein,Unmatched,0,0,0
IDJNMB_19075 carbohydrate-binding protein,Unmatched,0,0,0
IDJNMB_19080 DUF751 domain-containing protein,Unmatched,0,0,0
IDJNMB_19085 hypothetical protein,Unmatched,0,0,0
IDJNMB_19090 hypothetical protein,Unmatched,0,0,0
IDJNMB_19095 hypothetical protein,Unmatched,0,0,0
IDJNMB_19100 hypothetical protein,Unmatched,0,0,0
IDJNMB_19105 DUF2283 domain-containing protein,Unmatched,0,0,0
IDJNMB_19110 AbrB/MazE/SpoVT family DNA-binding domain-containing protein,Unmatched,0,0,0
IDJNMB_19115 Death on curing protein Doc toxin,Unmatched,0,0,0
IDJNMB_19120 DUF627 domain-containing protein,Unmatched,0,0,0
IDJNMB_19125 hypothetical protein,Unmatched,0,0,0
IDJNMB_19130 Transposase-31 domain-containing protein,Unmatched,0,0,0
IDJNMB_19135 Dioxygenase,Unmatched,0,0,0
IDJNMB_19140 hypothetical protein,Unmatched,0,0,0
IDJNMB_19145 ferrous iron transport protein A,Unmatched,0,0,0
IDJNMB_19150 Fe(2+) transporter permease subunit FeoB,Unmatched,0,0,0
IDJNMB_19155 FeoC domain-containing protein,Unmatched,0,0,0
IDJNMB_19160 hypothetical protein,Unmatched,0,0,0
IDJNMB_19165 hypothetical protein,Unmatched,0,0,0
IDJNMB_19175 30S ribosomal protein S4,Unmatched,0,0,0
IDJNMB_19180 BFN domain-containing protein,Unmatched,0,0,0
IDJNMB_19185 ABC transporter permease,Unmatched,0,0,0
IDJNMB_19190 glucose-6-phosphate isomerase,Unmatched,0,0,0
IDJNMB_19195 putative tRNA-dihydrouridine synthase 1,Unmatched,0,0,0
IDJNMB_19200 AAA domain-containing protein,Unmatched,0,0,0
"IDJNMB_19205 HicA toxin of bacterial toxin-antitoxin,",Unmatched,0,0,0
IDJNMB_19210 HicB-like domain-containing protein,Unmatched,0,0,0
IDJNMB_19215 hypothetical protein,Unmatched,0,0,0
IDJNMB_19220 DNA-processing protein DprA,Unmatched,0,0,0
IDJNMB_19225 thioredoxin,Unmatched,0,0,0
IDJNMB_19230 Acetate kinase,Unmatched,0,0,0
IDJNMB_19235 Fis family transcriptional regulator,Unmatched,0,0,0
IDJNMB_19240 RNA polymerase subunit sigma,Unmatched,0,0,0
IDJNMB_19245 photosystem II reaction center protein CP43,Unmatched,0,0,0
IDJNMB_19250 Antisense RNA which regulates isiA expression,Unmatched,0,0,0
IDJNMB_19255 threonine-phosphate decarboxylase CobD,Unmatched,0,0,0
IDJNMB_19260 DNA-binding protein,Unmatched,0,0,0
IDJNMB_19265 DUF4168 domain-containing protein,Unmatched,0,0,0
IDJNMB_19270 urease accessory protein UreE,Unmatched,0,0,0
IDJNMB_19275 hypothetical protein,Unmatched,0,0,0
IDJNMB_19280 aspartate carbamoyltransferase catalytic subunit,Unmatched,0,0,0
IDJNMB_19285 GUN4 domain-containing protein,Unmatched,0,0,0
IDJNMB_19290 efflux RND transporter periplasmic adaptor subunit,Unmatched,0,0,0
IDJNMB_19295 Ureidoglycolate hydrolase,Unmatched,0,0,0
IDJNMB_19300 hypothetical protein,Unmatched,0,0,0
IDJNMB_19305 NAD(P)-dependent oxidoreductase,Unmatched,0,0,0
IDJNMB_19310 hypothetical protein,Unmatched,0,0,0
IDJNMB_19315 ABC transporter substrate-binding protein,Unmatched,0,0,0
IDJNMB_19320 adenine phosphoribosyltransferase,Unmatched,0,0,0
IDJNMB_19325 DUF3038 domain-containing protein,Unmatched,0,0,0
IDJNMB_19330 DUF4335 domain-containing protein,Unmatched,0,0,0
IDJNMB_19335 HigA family addiction module antitoxin,Unmatched,0,0,0
IDJNMB_19340 plasmid maintenance system killer protein,Unmatched,0,0,0
IDJNMB_19345 adenosylmethionine decarboxylase,Unmatched,0,0,0
IDJNMB_19350 DUF6464 domain-containing protein,Unmatched,0,0,0
"IDJNMB_19355 L,D-transpeptidase",Unmatched,0,0,0
IDJNMB_19360 DUF2064 domain-containing protein,Unmatched,0,0,0
IDJNMB_19365 ANF-receptor domain-containing protein,Unmatched,0,0,0
IDJNMB_19370 hypothetical protein,Unmatched,0,0,0
IDJNMB_19375 Antitoxin,Unmatched,0,0,0
IDJNMB_19380 hypothetical protein,Unmatched,0,0,0
IDJNMB_19385 G-D-S-L family lipolytic protein,Unmatched,0,0,0
"IDJNMB_19390 5,10-methylenetetrahydrofolate reductase",Unmatched,0,0,0
IDJNMB_19395 hypothetical protein,Unmatched,0,0,0
IDJNMB_19400 GNAT family N-acetyltransferase,Unmatched,0,0,0
IDJNMB_19405 hypothetical protein,Unmatched,0,0,0
"IDJNMB_19410 cob(I)yrinic acid a,c-diamide adenosyltransferase",Unmatched,0,0,0
IDJNMB_19415 aldo/keto reductase,Unmatched,0,0,0
IDJNMB_19420 type I methionyl aminopeptidase,Unmatched,0,0,0
IDJNMB_19425 hypothetical protein,Unmatched,0,0,0
IDJNMB_19430 hypothetical protein,Unmatched,0,0,0
IDJNMB_19435 Similar to tr|P73041|P73041,Unmatched,0,0,0
IDJNMB_19440 hypothetical protein,Unmatched,0,0,0
IDJNMB_19445 DUF488 domain-containing protein,Unmatched,0,0,0
IDJNMB_19450 cyanophycin synthetase,Unmatched,0,0,0
IDJNMB_19455 cyanophycinase,Unmatched,0,0,0
IDJNMB_19460 tRNA (guanosine(37)-N1)-methyltransferase TrmD,Unmatched,0,0,0
IDJNMB_19490 tRNA-Ala(tgc),Unmatched,0,0,0
IDJNMB_19510 hypothetical protein,Unmatched,0,0,0
IDJNMB_19515 Uncharacterised protein family (UPF0175),Unmatched,0,0,0
IDJNMB_19520 IS200/IS605 family transposase,Unmatched,0,0,0
IDJNMB_19525 galactosyl-1-phosphate transferase,Unmatched,0,0,0
IDJNMB_19530 DUF2442 domain-containing protein,Unmatched,0,0,0
IDJNMB_19535 hypothetical protein,Unmatched,0,0,0
IDJNMB_19540 hypothetical protein,Unmatched,0,0,0
IDJNMB_19545 ferredoxin,Unmatched,0,0,0
IDJNMB_19550 DUF1257 domain-containing protein,Unmatched,0,0,0
IDJNMB_19555 DUF2997 domain-containing protein,Unmatched,0,0,0
IDJNMB_19560 saccharopine dehydrogenase-like oxidoreductase,Unmatched,0,0,0
IDJNMB_19565 RluA family pseudouridine synthase,Unmatched,0,0,0
"IDJNMB_19570 Mycobacterial 4 TMS phage holin, superfamily IV",Unmatched,0,0,0
IDJNMB_19575 hypothetical protein,Unmatched,0,0,0
IDJNMB_19580 iron-sulfur cluster assembly accessory protein,Unmatched,0,0,0
IDJNMB_19585 hypothetical protein,Unmatched,0,0,0
IDJNMB_19590 phosphatidylserine decarboxylase,Unmatched,0,0,0
IDJNMB_19595 hypothetical protein,Unmatched,0,0,0
IDJNMB_19600 hypothetical protein,Unmatched,0,0,0
IDJNMB_19605 hypothetical protein,Unmatched,0,0,0
IDJNMB_19610 hypothetical protein,Unmatched,0,0,0
IDJNMB_19615 hypothetical protein,Unmatched,0,0,0
"IDJNMB_19620 putative toxin-antitoxin system toxin component, PIN family",Unmatched,0,0,0
IDJNMB_19625 chitin deacetylase,Unmatched,0,0,0
IDJNMB_19630 bifunctional phosphoribosylaminoimidazolecarboxamide formyltransferase/IMP cyclohydrolase,Unmatched,0,0,0
IDJNMB_19635 5-(carboxyamino)imidazole ribonucleotide synthase,Unmatched,0,0,0
IDJNMB_19640 hypothetical protein,Unmatched,0,0,0
IDJNMB_19645 branched-chain amino acid ABC transporter permease,Unmatched,0,0,0
IDJNMB_19650 DUF4346 domain-containing protein,Unmatched,0,0,0
IDJNMB_19655 Uma4 protein,Unmatched,0,0,0
IDJNMB_19665 hypothetical protein,Unmatched,0,0,0
IDJNMB_19670 hypothetical protein,Unmatched,0,0,0
IDJNMB_19675 serine protease,Unmatched,0,0,0
IDJNMB_19680 mechanosensitive ion channel protein MscS,Unmatched,0,0,0
IDJNMB_19685 ATP-dependent chaperone ClpB,Unmatched,0,0,0
IDJNMB_19690 PEP-CTERM domain-containing protein,Unmatched,0,0,0
IDJNMB_19695 ion transporter,Unmatched,0,0,0
IDJNMB_19700 hypothetical protein,Unmatched,0,0,0
IDJNMB_19705 hypothetical protein,Unmatched,0,0,0
IDJNMB_19710 ATP-dependent helicase,Unmatched,0,0,0
IDJNMB_19715 Pentapeptide repeat protein,Unmatched,0,0,0
IDJNMB_19720 transcriptional regulator,Unmatched,0,0,0
IDJNMB_19725 metallothionein,Unmatched,0,0,0
IDJNMB_19730 Similar to tr|Q73K01|Q73K01,Unmatched,0,0,0
IDJNMB_19735 Putative restriction endonuclease,Unmatched,0,0,0
IDJNMB_19740 DUF2808 domain-containing protein,Unmatched,0,0,0
IDJNMB_19745 DNA replication/repair protein RecF,Unmatched,0,0,0
IDJNMB_19750 ribose-5-phosphate isomerase RpiA,Unmatched,0,0,0
IDJNMB_19755 RNA-binding protein,Unmatched,0,0,0
IDJNMB_19760 NblA-related protein,Unmatched,0,0,0
IDJNMB_19765 universal stress protein UspA-like protein,Unmatched,0,0,0
"IDJNMB_19770 arsenate reductase, glutathione/glutaredoxin type",Unmatched,0,0,0
IDJNMB_19775 arsenical resistance protein ArsH,Unmatched,0,0,0
IDJNMB_19780 ACR3 family arsenite efflux transporter,Unmatched,0,0,0
IDJNMB_19785 transcriptional regulator,Unmatched,0,0,0
IDJNMB_19790 photosystem II reaction center protein Ycf12,Unmatched,0,0,0
IDJNMB_19795 hypothetical protein,Unmatched,0,0,0
IDJNMB_19800 hypothetical protein,Unmatched,0,0,0
IDJNMB_19805 hypothetical protein,Unmatched,0,0,0
IDJNMB_19810 hypothetical protein,Unmatched,0,0,0
IDJNMB_19815 Methyltransferase type 11,Unmatched,0,0,0
IDJNMB_19820 dolichol-P-glucose synthetase,Unmatched,0,0,0
IDJNMB_19825 HTH-OrfB-IS605 domain-containing protein,Unmatched,0,0,0
IDJNMB_19830 hypothetical protein,Unmatched,0,0,0
IDJNMB_19835 hypothetical protein,Unmatched,0,0,0
IDJNMB_19840 glycosyl transferase,Unmatched,0,0,0
IDJNMB_19845 glycosyl transferase,Unmatched,0,0,0
"IDJNMB_19850 dTDP-glucose 4,6-dehydratase",Unmatched,0,0,0
IDJNMB_19855 SAM-dependent methyltransferase,Unmatched,0,0,0
IDJNMB_19860 hypothetical protein,Unmatched,0,0,0
IDJNMB_19865 class I SAM-dependent methyltransferase,Unmatched,0,0,0
IDJNMB_19870 sugar transferase,Unmatched,0,0,0
IDJNMB_19875 Methyltransferase FkbM,Unmatched,0,0,0
IDJNMB_19880 Hemolytic protein HlpA-like protein,Unmatched,0,0,0
IDJNMB_19885 Putative restriction endonuclease,Unmatched,0,0,0
IDJNMB_19890 Transposase,Unmatched,0,0,0
IDJNMB_19895 ISL3 family transposase,Unmatched,0,0,0
IDJNMB_19900 Transposase,Unmatched,0,0,0
IDJNMB_19905 DUF3120 domain-containing protein,Unmatched,0,0,0
IDJNMB_19910 adenylate/guanylate cyclase domain-containing protein,Unmatched,0,0,0
IDJNMB_19915 30S ribosomal protein S1,Unmatched,0,0,0
IDJNMB_19920 transcriptional regulator NrdR,Unmatched,0,0,0
IDJNMB_19925 photosystem II reaction center protein T,Unmatched,0,0,0
IDJNMB_19930 50S ribosomal protein L7/L12,Unmatched,0,0,0
IDJNMB_19935 50S ribosomal protein L10,Unmatched,0,0,0
IDJNMB_19940 Tetratricopeptide repeat family protein,Unmatched,0,0,0
IDJNMB_19945 XisI protein,Unmatched,0,0,0
IDJNMB_19950 CHAT domain-containing protein,Unmatched,0,0,0
IDJNMB_19955 LPP domain-containing protein,Unmatched,0,0,0
IDJNMB_19960 urease subunit alpha,Unmatched,0,0,0
IDJNMB_19965 5' ureB small RNA,Unmatched,0,0,0
IDJNMB_19970 hypothetical protein,Unmatched,0,0,0
"IDJNMB_19975 Nucleic acid-binding protein, contains PIN domain",Unmatched,0,0,0
"IDJNMB_19980 Putative O-linked N-acetylglucosamine transferase, SPINDLY family",Unmatched,0,0,0
IDJNMB_19985 tRNA-Arg(acg),Unmatched,0,0,0
IDJNMB_19990 cyclic pyranopterin monophosphate synthase MoaC,Unmatched,0,0,0
IDJNMB_19995 magnesium chelatase subunit H,Unmatched,0,0,0
"IDJNMB_20000 FMN reductase RutF, DIM6/NTAB family",Unmatched,0,0,0
IDJNMB_20005 Uncharacterised protein family (UPF0175),Unmatched,0,0,0
IDJNMB_20010 DUF3368 domain-containing protein,Unmatched,0,0,0
IDJNMB_20015 flavin oxidoreductase,Unmatched,0,0,0
IDJNMB_20020 DNA topoisomerase III,Unmatched,0,0,0
IDJNMB_20025 carbamoyltransferase HypF,Unmatched,0,0,0
IDJNMB_20030 ATP-dependent Zn protease,Unmatched,0,0,0
IDJNMB_20035 hypothetical protein,Unmatched,0,0,0
IDJNMB_20040 trypsin,Unmatched,0,0,0
IDJNMB_20045 nitrate reductase catalytic subunit,Unmatched,0,0,0
IDJNMB_20050 DNA polymerase III subunit gamma/tau,Unmatched,0,0,0
IDJNMB_20055 Grx4 family monothiol glutaredoxin,Unmatched,0,0,0
IDJNMB_20060 hypothetical protein,Unmatched,0,0,0
IDJNMB_20065 hypothetical protein,Unmatched,0,0,0
IDJNMB_20070 mechanosensitive ion channel family protein,Unmatched,0,0,0
IDJNMB_20075 lipoyl synthase,Unmatched,0,0,0
IDJNMB_20080 hypothetical protein,Unmatched,0,0,0
IDJNMB_20085 Putative S-adenosyl-L-methionine-dependent methyltransferase,Unmatched,0,0,0
IDJNMB_20090 ferredoxin:protochlorophyllide reductase (ATP-dependent) subunit B,Unmatched,0,0,0
IDJNMB_20095 chromosome partitioning protein ParA,Unmatched,0,0,0
IDJNMB_20100 4a-hydroxytetrahydrobiopterin dehydratase,Unmatched,0,0,0
IDJNMB_20105 prepilin-type cleavage/methylation domain-containing protein,Unmatched,0,0,0
IDJNMB_20110 tRNA (uridine(34)/cytosine(34)/5-carboxymethylaminomethyluridine(34)-2'-O)-methyltransferase TrmL,Unmatched,0,0,0
IDJNMB_20115 hypothetical protein,Unmatched,0,0,0
IDJNMB_20120 DNA (cytosine-5-)-methyltransferase,Unmatched,0,0,0
IDJNMB_20125 NAD(P)H-quinone oxidoreductase chain 4 2,Unmatched,0,0,0
IDJNMB_20130 ABC transporter ATP-binding protein,Unmatched,0,0,0
IDJNMB_20135 septal ring lytic transglycosylase RlpA family lipoprotein,Unmatched,0,0,0
IDJNMB_20140 HicB family protein,Unmatched,0,0,0
"IDJNMB_20145 HicA toxin of bacterial toxin-antitoxin,",Unmatched,0,0,0
IDJNMB_20150 heme oxygenase,Unmatched,0,0,0
IDJNMB_20155 DNA-binding response regulator,Unmatched,0,0,0
IDJNMB_20160 hypothetical protein,Unmatched,0,0,0
IDJNMB_20165 permease,Unmatched,0,0,0
IDJNMB_20170 dipeptide epimerase,Unmatched,0,0,0
IDJNMB_20175 DUF1611 domain-containing protein,Unmatched,0,0,0
IDJNMB_20180 Tetratricopeptide repeat protein,Unmatched,0,0,0
IDJNMB_20185 photosystem I reaction center subunit VIII,Unmatched,0,0,0
IDJNMB_20190 photosystem I reaction center protein subunit XI,Unmatched,0,0,0
IDJNMB_20195 universal stress protein,Unmatched,0,0,0
IDJNMB_20200 Phosphoglycerate kinase,Unmatched,0,0,0
IDJNMB_20205 Putative restriction endonuclease,Unmatched,0,0,0
IDJNMB_20210 glucose-6-phosphate dehydrogenase assembly protein OpcA,Unmatched,0,0,0
IDJNMB_20215 glucose-6-phosphate dehydrogenase,Unmatched,0,0,0
IDJNMB_20220 UPF0182 protein MAE_41360,Unmatched,0,0,0
IDJNMB_20225 Hypothetical glycosyl hydrolase 6,Unmatched,0,0,0
IDJNMB_20230 ABC transporter substrate-binding protein,Unmatched,0,0,0
IDJNMB_20235 proline hydroxylase,Unmatched,0,0,0
IDJNMB_20240 transketolase,Unmatched,0,0,0
IDJNMB_20245 sugar ABC transporter substrate-binding protein,Unmatched,0,0,0
IDJNMB_20250 Similarity,Unmatched,0,0,0
IDJNMB_20255 aldo/keto reductase,Unmatched,0,0,0
IDJNMB_20260 Uncharacterized protein alr1449,Unmatched,0,0,0
IDJNMB_20265 S15 family X-Pro dipeptidyl-peptidase,Unmatched,0,0,0
IDJNMB_20270 ABC-F type ribosomal protection protein,Unmatched,0,0,0
IDJNMB_20275 peroxiredoxin,Unmatched,0,0,0
IDJNMB_20280 Macrophage migration inhibitory factor (MIF),Unmatched,0,0,0
IDJNMB_20285 DUF4332 domain-containing protein,Unmatched,0,0,0
IDJNMB_20290 ATP-dependent RNA helicase,Unmatched,0,0,0
IDJNMB_20295 30S ribosomal protein S12 methylthiotransferase RimO,Unmatched,0,0,0
IDJNMB_20300 phosphorybosylanthranilate isomerase,Unmatched,0,0,0
IDJNMB_20305 VKc domain-containing protein,Unmatched,0,0,0
IDJNMB_20310 DNA (cytosine-5-)-methyltransferase,Unmatched,0,0,0
IDJNMB_20315 PIN domain nuclease,Unmatched,0,0,0
IDJNMB_20320 hypothetical protein,Unmatched,0,0,0
IDJNMB_20325 hypothetical protein,Unmatched,0,0,0
IDJNMB_20330 branched-chain amino acid ABC transporter substrate-binding protein,Unmatched,0,0,0
IDJNMB_20335 Iron permease FTR1 family,Unmatched,0,0,0
IDJNMB_20340 bacterioferritin,Unmatched,0,0,0
IDJNMB_20345 TPR domain protein component of TonB system,Unmatched,0,0,0
IDJNMB_20350 dihydroxy-acid dehydratase,Unmatched,0,0,0
IDJNMB_20355 hypothetical protein,Unmatched,0,0,0
IDJNMB_20360 PINc domain-containing protein,Unmatched,0,0,0
IDJNMB_20365 hypothetical protein,Unmatched,0,0,0
IDJNMB_20390 guanylate kinase,Unmatched,0,0,0
IDJNMB_20395 Putative regulatory protein MAE_11840,Unmatched,0,0,0
IDJNMB_20400 translation initiation factor IF-2,Unmatched,0,0,0
IDJNMB_20405 photosystem II cytochrome c-550,Unmatched,0,0,0
IDJNMB_20410 DUF3226 domain-containing protein,Unmatched,0,0,0
IDJNMB_20415 chromosome segregation protein SMC,Unmatched,0,0,0
IDJNMB_20420 UbiD family decarboxylase,Unmatched,0,0,0
IDJNMB_20425 hypothetical protein,Unmatched,0,0,0
IDJNMB_20430 DUF433 domain-containing protein,Unmatched,0,0,0
IDJNMB_20435 hypothetical protein,Unmatched,0,0,0
IDJNMB_20440 Chemotaxis protein CheA,Unmatched,0,0,0
IDJNMB_20445 ammonium permease,Unmatched,0,0,0
IDJNMB_20450 CPBP family intramembrane metalloprotease,Unmatched,0,0,0
IDJNMB_20455 ATP-dependent Clp protease adapter ClpS,Unmatched,0,0,0
IDJNMB_20460 hypothetical protein,Unmatched,0,0,0
IDJNMB_20465 hypothetical protein,Unmatched,0,0,0
IDJNMB_20470 transferase hexapeptide repeat containing protein,Unmatched,0,0,0
"IDJNMB_20475 MvpA, tRNA(fMet)-specific endonuclease VapC",Unmatched,0,0,0
IDJNMB_20490 uroporphyrin-III methyltransferase,Unmatched,0,0,0
IDJNMB_20495 Uncharacterized protein sll1880 (YjbQ family),Unmatched,0,0,0
IDJNMB_20500 Photosystem I reaction center subunit III,Unmatched,0,0,0
IDJNMB_20505 photosystem I reaction center subunit IX,Unmatched,0,0,0
IDJNMB_20510 carboxylate-amine ligase,Unmatched,0,0,0
IDJNMB_20515 DUF3148 domain-containing protein,Unmatched,0,0,0
IDJNMB_20520 PEP-CTERM sorting domain-containing protein,Unmatched,0,0,0
IDJNMB_20525 hypothetical protein,Unmatched,0,0,0
IDJNMB_20530 hypothetical protein,Unmatched,0,0,0
IDJNMB_20535 prevent-host-death protein,Unmatched,0,0,0
IDJNMB_20540 addiction module toxin RelE,Unmatched,0,0,0
IDJNMB_20545 Uncharacterised protein family (UPF0175),Unmatched,0,0,0
IDJNMB_20550 DUF3368 domain-containing protein,Unmatched,0,0,0
IDJNMB_20555 tRNA-Arg(ccg),Unmatched,0,0,0
IDJNMB_20560 5'/3'-nucleotidase SurE,Unmatched,0,0,0
IDJNMB_20565 DUF3727 domain-containing protein,Unmatched,0,0,0
IDJNMB_20570 ABC 3 transport family,Unmatched,0,0,0
IDJNMB_20575 thioredoxin-disulfide reductase,Unmatched,0,0,0
IDJNMB_20580 hypothetical protein,Unmatched,0,0,0
IDJNMB_20585 DUF4065 domain-containing protein,Unmatched,0,0,0
IDJNMB_20590 haloacid dehalogenase,Unmatched,0,0,0
IDJNMB_20595 hypothetical protein,Unmatched,0,0,0
IDJNMB_20600 DUF262 domain-containing protein,Unmatched,0,0,0
IDJNMB_20605 Putative restriction endonuclease,Unmatched,0,0,0
IDJNMB_20610 multidrug ABC transporter ATP-binding protein,Unmatched,0,0,0
IDJNMB_20615 D-alanyl-D-alanine carboxypeptidase/D-alanyl-D-alanine-endopeptidase,Unmatched,0,0,0
IDJNMB_20620 DUF6761 domain-containing protein,Unmatched,0,0,0
IDJNMB_20625 peptidase M48,Unmatched,0,0,0
IDJNMB_20630 glycosyl transferase,Unmatched,0,0,0
IDJNMB_20635 hypothetical protein,Unmatched,0,0,0
IDJNMB_20640 nickel import ATP-binding protein NikD,Unmatched,0,0,0
IDJNMB_20645 heterocyst frequency control protein PatD,Unmatched,0,0,0
IDJNMB_20650 (p)ppGpp synthetase,Unmatched,0,0,0
IDJNMB_20655 glycosyl transferase family 4,Unmatched,0,0,0
IDJNMB_20660 3-isopropylmalate dehydratase large subunit,Unmatched,0,0,0
IDJNMB_20665 phospholipid carrier-dependent glycosyltransferase,Unmatched,0,0,0
"IDJNMB_20670 9,9'-di-cis-zeta-carotene desaturase",Unmatched,0,0,0
IDJNMB_20675 aldehyde oxygenase (deformylating),Unmatched,0,0,0
IDJNMB_20680 long-chain acyl-[acyl-carrier-protein] reductase,Unmatched,0,0,0
IDJNMB_20685 DUF58 domain-containing protein,Unmatched,0,0,0
IDJNMB_20690 Bacterial small signal recognition particle RNA,Unmatched,0,0,0
IDJNMB_20695 MFS transporter,Unmatched,0,0,0
IDJNMB_20700 Endonuclease NucS,Unmatched,0,0,0
IDJNMB_20705 formyltetrahydrofolate deformylase,Unmatched,0,0,0
IDJNMB_20710 (Fe-S)-binding protein,Unmatched,0,0,0
IDJNMB_20715 ribonuclease H,Unmatched,0,0,0
IDJNMB_20720 aminomethyl-transferring glycine dehydrogenase,Unmatched,0,0,0
IDJNMB_20725 phospholipid carrier-dependent glycosyltransferase,Unmatched,0,0,0
IDJNMB_20730 4-amino-4-deoxychorismate lyase,Unmatched,0,0,0
IDJNMB_20735 single-stranded DNA-binding protein,Unmatched,0,0,0
IDJNMB_20740 rod shape-determining protein,Unmatched,0,0,0
IDJNMB_20745 rod shape-determining protein MreC,Unmatched,0,0,0
IDJNMB_20750 rod shape-determining protein MreD,Unmatched,0,0,0
IDJNMB_20755 penicillin-binding protein,Unmatched,0,0,0
IDJNMB_20760 peptidase M61,Unmatched,0,0,0
IDJNMB_20765 branched-chain amino acid transaminase,Unmatched,0,0,0
IDJNMB_20770 hypothetical protein,Unmatched,0,0,0
IDJNMB_20775 circadian clock protein KaiC,Unmatched,0,0,0
IDJNMB_20780 PBPb domain-containing protein,Unmatched,0,0,0
IDJNMB_20785 DNA polymerase III subunit alpha,Unmatched,0,0,0
IDJNMB_20795 GxxExxY protein,Unmatched,0,0,0
IDJNMB_20800 hypothetical protein,Unmatched,0,0,0
IDJNMB_20805 DUF6516 domain-containing protein,Unmatched,0,0,0
IDJNMB_20810 DNA-binding protein,Unmatched,0,0,0
IDJNMB_20815 lipoyl(octanoyl) transferase LipB,Unmatched,0,0,0
IDJNMB_20820 low-complexity protein,Unmatched,0,0,0
IDJNMB_20825 hypothetical protein,Unmatched,0,0,0
IDJNMB_20830 HcyBio domain-containing protein,Unmatched,0,0,0
IDJNMB_20835 SAM-dependent methyltransferase,Unmatched,0,0,0
IDJNMB_20840 urease accessory protein UreJ,Unmatched,0,0,0
IDJNMB_20845 Helix-turn-helix domain-containing protein,Unmatched,0,0,0
IDJNMB_20850 Arylsulfatase,Unmatched,0,0,0
IDJNMB_20855 hypothetical protein,Unmatched,0,0,0
IDJNMB_20860 Putative restriction endonuclease,Unmatched,0,0,0
IDJNMB_20865 hypothetical protein,Unmatched,0,0,0
IDJNMB_20870 pyruvate phosphate dikinase PEP/pyruvate-binding protein,Unmatched,0,0,0
IDJNMB_20875 phosphoenolpyruvate synthase,Unmatched,0,0,0
IDJNMB_20880 DNA-binding response regulator,Unmatched,0,0,0
IDJNMB_20885 TetR/AcrR family transcriptional regulator,Unmatched,0,0,0
IDJNMB_20890 YbjN domain-containing protein,Unmatched,0,0,0
IDJNMB_20895 biotin--protein ligase,Unmatched,0,0,0
IDJNMB_20900 phosphate acetyltransferase,Unmatched,0,0,0
IDJNMB_20905 hypothetical protein,Unmatched,0,0,0
IDJNMB_20910 PA-phosphatase,Unmatched,0,0,0
IDJNMB_20915 sulfurtransferase,Unmatched,0,0,0
IDJNMB_20920 Type IV pilin PilA,Unmatched,0,0,0
IDJNMB_20925 phycocyanin subunit alpha,Unmatched,0,0,0
IDJNMB_20930 phycocyanin subunit beta,Unmatched,0,0,0
IDJNMB_20935 hypothetical protein,Unmatched,0,0,0
IDJNMB_20940 cysteine synthase A,Unmatched,0,0,0
IDJNMB_20945 Cystathionine gamma-lyase,Unmatched,0,0,0
IDJNMB_20950 MgtC family,Unmatched,0,0,0
IDJNMB_20955 Chromosome partition protein Smc,Unmatched,0,0,0
IDJNMB_20960 Crp/Fnr family transcriptional regulator,Unmatched,0,0,0
IDJNMB_20965 transporter,Unmatched,0,0,0
IDJNMB_20970 Uncharacterized NAD(P)/FAD-binding protein YdhS,Unmatched,0,0,0
IDJNMB_20975 hypothetical protein,Unmatched,0,0,0
IDJNMB_20980 hypothetical protein,Unmatched,0,0,0
IDJNMB_20985 Similarity,Unmatched,0,0,0
IDJNMB_20990 homoserine O-acetyltransferase,Unmatched,0,0,0
IDJNMB_20995 O-acetylhomoserine aminocarboxypropyltransferase,Unmatched,0,0,0
IDJNMB_21000 band 7 protein,Unmatched,0,0,0
IDJNMB_21005 DUF202 domain-containing protein,Unmatched,0,0,0