Query_Name,Reference_Name,Identity_Score,Query_Coverage,Query_Length
GMBOIL_00145 transglutaminase,ctg82_2_T3PKS-Merocyclophane_5_0,96.33,100,2313
GMBOIL_00150 DUF29 domain-containing protein,ctg13_3_Cyanobactin_64_0,95.1,95.97,447
GMBOIL_00155 hypothetical protein,ctg13_4_Cyanobactin_64_0,98.67,100,225
"GMBOIL_00300 COG0553: Superfamily II DNA/RNA helicases, SNF2 family",ctg36_8_NRPS-like_34_0,98.24,100,852
GMBOIL_00305 cysteine lyase,ctg36_7_NRPS-like_34_0,98.93,100,1215
GMBOIL_00375 ribonuclease III,ctg30_12_Novel-T3PKS_28_0,96.31,100,705
GMBOIL_00380 WD40 repeat domain-containing protein,ctg30_11_Novel-T3PKS_28_0,96.08,100,1071
GMBOIL_00385 hypothetical protein,ctg30_10_Novel-T3PKS_28_0,96.26,100,294
GMBOIL_00390 Similarity,ctg27_12_T1PKS-Terpene_11_0,95.85,99.18,243
GMBOIL_00395 Similarity,ctg27_11_T1PKS-Terpene_11_0,93.35,99.51,408
GMBOIL_00455 phosphoadenosine phosphosulfate reductase,ctg27_34_T1PKS-Terpene_11_0,97.2,100,822
GMBOIL_00460 hydrolase,ctg27_35_T1PKS-Terpene_11_0,97.63,97.23,867
GMBOIL_00465 hypothetical protein,ctg27_38_T1PKS-Terpene_11_0,97.26,71.57,204
GMBOIL_00470 hypothetical protein,ctg27_39_T1PKS-Terpene_11_0,97.98,100,198
GMBOIL_00485 BrnT family toxin,ctg27_37_T1PKS-Terpene_11_0,99.66,100,297
GMBOIL_00490 hypothetical protein,ctg27_38_T1PKS-Terpene_11_0,97.39,89.47,171
GMBOIL_00500 GTPase,ctg27_40_T1PKS-Terpene_11_0,97.46,98.82,1872
"GMBOIL_00505 3'(2'),5'-bisphosphate nucleotidase CysQ",ctg27_41_T1PKS-Terpene_11_0,96.8,100,876
GMBOIL_00535 ABC transporter,CAQ16120.1_mdnE_MicrocystisaeruginosaNIES-298_microviridinB,97.29,100.05,2064
GMBOIL_00540 N-acetyltransferase,CAQ16119.1_mdnD_MicrocystisaeruginosaNIES-298_microviridinB,97.19,100,534
GMBOIL_00545 MvdD family ATP-grasp ribosomal peptide maturase,CAQ16118.1_mdnC_MicrocystisaeruginosaNIES-298_microviridinB,98.56,100,975
GMBOIL_00550 MvdC family ATP-grasp ribosomal peptide maturase,CAQ16117.1_mdnB_MicrocystisaeruginosaNIES-298_microviridinB,98.25,98.98,981
GMBOIL_00555 Microviridin,CAQ16116.1_mdnA_MicrocystisaeruginosaNIES-298_microviridinB,90.32,101.31,153
GMBOIL_00770 Putative cytoplasmic protein,ctg82_34_T3PKS-Merocyclophane_5_0,95.07,100.45,222
GMBOIL_01345 DNA-directed RNA polymerase subunit gamma,ctg39_14_Cyanobactin_50_0,98.46,100,1881
GMBOIL_01350 Enamine/imine deaminase,ctg39_13_Cyanobactin_50_0,98.2,100,222
GMBOIL_01415 rhodanese-related sulfurtransferase,ctg20_3_samp_2073_1151163_NRPS,98.23,100,339
GMBOIL_01635 hypothetical protein,ctg30_5_Novel-T3PKS_28_0,95.17,100,207
GMBOIL_01640 Uncharacterized protein sll0103,ctg30_6_Novel-T3PKS_28_0,96.79,98.65,1263
GMBOIL_01645 Putative membrane protein,ctg30_7_Novel-T3PKS_28_0,96.27,99.7,672
GMBOIL_02060 aluminum resistance family protein,ctg30_5_Novel-T3PKS_28_0,96.8,99.43,1224
GMBOIL_02065 hypothetical protein,ctg30_4_Novel-T3PKS_28_0,99.63,100,273
GMBOIL_02070 efflux transporter periplasmic adaptor subunit,ctg30_3_Novel-T3PKS_28_0,97.44,100,1560
GMBOIL_02515 carbamoyl phosphate synthase small subunit,ctg82_11_T3PKS-Merocyclophane_5_0,96.99,100,1029
GMBOIL_02520 anti-sigma F factor antagonist,ctg82_10_T3PKS-Merocyclophane_5_0,98.01,100,351
GMBOIL_02525 Mini-ribonuclease 3,ctg82_9_T3PKS-Merocyclophane_5_0,97.12,100,417
GMBOIL_02530 23S rRNA (guanosine(2251)-2'-O)-methyltransferase RlmB,ctg82_8_T3PKS-Merocyclophane_5_0,96.77,100,867
GMBOIL_02535 hypothetical protein,ctg82_7_T3PKS-Merocyclophane_5_0,95.96,100,297
GMBOIL_02540 bifunctional orotidine-5'-phosphate decarboxylase/orotate phosphoribosyltransferase,ctg82_6_T3PKS-Merocyclophane_5_0,97.63,100,1434
GMBOIL_02545 metal-binding protein,ctg82_5_T3PKS-Merocyclophane_5_0,95.82,100,1005
GMBOIL_02550 glycine/betaine ABC transporter substrate-binding protein,ctg82_4_T3PKS-Merocyclophane_5_0,97.32,100,1530
GMBOIL_02555 cysteine--tRNA ligase,ctg82_3_T3PKS-Merocyclophane_5_0,97.14,100,1188
GMBOIL_02610 hypothetical protein,ctg3_13_lanthipeptide_54_0,98.6,100,429
GMBOIL_02810 Transposase,ctg27_30_T1PKS-Terpene_11_0,92.92,100,1215
GMBOIL_02825 heat-shock protein,ctg39_7_Cyanobactin_50_0,95.38,100,411
GMBOIL_02830 Light-repressed protein A,ctg39_6_Cyanobactin_50_0,96.17,100,600
GMBOIL_03180 AMP-dependent synthetase,MBE8994627.1_IQ234_09865_MicrocystisaeruginosaLEGE91341_microginin,97.48,100,1743
GMBOIL_03185 phosphopantetheine-binding protein,MBE8994628.1_IQ234_09870_MicrocystisaeruginosaLEGE91341_microginin,95.35,96.63,267
GMBOIL_03190 hypothetical protein,MBE8994629.1_IQ234_09875_MicrocystisaeruginosaLEGE91341_microginin,97.07,98.98,1377
GMBOIL_03195 hypothetical protein,ctg57_5_Anacyclamide_57_0,100,100,159
GMBOIL_03980 S-(hydroxymethyl)glutathione dehydrogenase/class III alcohol dehydrogenase,ctg44_17_1-heptadecene_20_0,98.74,100,1110
GMBOIL_03985 CHAT domain-containing protein,ctg44_18_1-heptadecene_20_0,96.04,99.89,3639
GMBOIL_04180 hypothetical protein,ctg3_8_lanthipeptide_54_0,99.02,100,204
GMBOIL_04190 clan AA aspartic protease,ctg3_6_lanthipeptide_54_0,100,100,366
GMBOIL_04235 XRE family transcriptional regulator,ctg5_16_RRE-containing_23_0,100,100,192
GMBOIL_04240 adenylate cyclase,ctg5_21_RRE-containing_23_0,96.35,100,192
GMBOIL_04250 DUF1902 domain-containing protein,ctg5_19_RRE-containing_23_0,100,100,225
GMBOIL_04255 YcfA family protein,ctg5_20_RRE-containing_23_0,100,100,228
GMBOIL_04260 YcaO-like family protein,ctg5_21_RRE-containing_23_0,97.89,100,711
GMBOIL_04455 transposase,ctg13_6_Cyanobactin_64_0,97.7,100,261
GMBOIL_04460 Domain of unknown function DUF29,ctg13_3_Cyanobactin_64_0,92.21,96.4,333
GMBOIL_04560 hypothetical protein,ctg5_12_RRE-containing_23_0,100,100,273
GMBOIL_04575 hypothetical protein,ctg5_5_RRE-containing_23_0,98.83,79.17,216
GMBOIL_05260 Response regulator receiver,ctg27_4_T1PKS-Terpene_11_0,91.16,90.97,609
GMBOIL_05495 ABC transporter substrate-binding protein,ctg27_5_T1PKS-Terpene_11_0,96.81,100,783
GMBOIL_05500 GGDEF domain-containing protein,ctg27_4_T1PKS-Terpene_11_0,92.65,100,381
GMBOIL_05660 DUF4327 domain-containing protein,ctg3_17_lanthipeptide_54_0,98.75,100,240
GMBOIL_06150 hypothetical protein,ctg34_20_Bartoloside-T1PKS_18_0,99.27,93.2,147
GMBOIL_06155 hypothetical protein,ctg34_20_Bartoloside-T1PKS_18_0,98.73,99.68,315
GMBOIL_06160 hypothetical protein,ctg34_20_Bartoloside-T1PKS_18_0,93.98,99.63,267
GMBOIL_06165 hypothetical protein,ctg34_22_Bartoloside-T1PKS_18_0,99.55,100,222
GMBOIL_06170 PEP-CTERM sorting domain-containing protein,ctg34_23_Bartoloside-T1PKS_18_0,87.8,99.16,711
GMBOIL_06180 hypothetical protein,ctg34_24_Bartoloside-T1PKS_18_0,98.71,100,387
GMBOIL_06615 ABC transporter permease,ctg27_32_T1PKS-Terpene_11_0,97.82,100,780
GMBOIL_06620 hypothetical protein,ctg27_33_T1PKS-Terpene_11_0,93.98,100,465
GMBOIL_06805 Transposase,AAF00967.1_uma4_MicrocystisaeruginosaPCC7806_microcystinLR,93.83,100,243
GMBOIL_07200 hypothetical protein,ctg28_1_RiPP-like_84_0,97.55,100.62,324
GMBOIL_07370 CopG family transcriptional regulator,ctg5_4_RRE-containing_23_0,100,100,255
GMBOIL_07375 hypothetical protein,ctg5_3_RRE-containing_23_0,98.48,100,198
GMBOIL_07385 Methyltransferase FkbM,ctg71_2_T1PKS_51_0,99.44,98.79,909
GMBOIL_07390 hypothetical protein,ctg71_3_T1PKS_51_0,95.71,100,396
GMBOIL_07395 AAA family ATPase,ctg71_4_T1PKS_51_0,97.29,100,1512
GMBOIL_07400 DUF1257 domain-containing protein,ctg71_5_T1PKS_51_0,99.15,81.38,435
GMBOIL_07830 5S ribosomal RNA,ctg44_1_1-heptadecene_20_0,100,88.98,118
GMBOIL_07865 hypothetical protein,ctg36_1_NRPS-like_34_0,92.11,79.17,96
GMBOIL_07875 4-hydroxy-tetrahydrodipicolinate synthase,ctg83_23_lanthipeptide_21_0,97.29,100.12,810
GMBOIL_07880 ribonuclease J,ctg83_24_lanthipeptide_21_0,97.6,100,1749
GMBOIL_07885 nickel pincer cofactor biosynthesis protein LarB,ctg83_25_lanthipeptide_21_0,97.28,100,771
GMBOIL_07890 1-deoxy-D-xylulose-5-phosphate synthase,ctg83_26_lanthipeptide_21_0,98.5,76.77,1911
GMBOIL_07950 Cytoplasmic protein,ctg82_34_T3PKS-Merocyclophane_5_0,94.06,73.57,1029
GMBOIL_08115 IS4 family transposase,ctg115_1_Cyanobactin_90_0,100,100,1422
GMBOIL_08120 Serine/threonine-protein kinase PK-1,ctg115_2_Cyanobactin_90_0,100,100,2871
GMBOIL_08330 2TM domain-containing protein,ctg71_11_T1PKS_51_0,98.43,100,255
GMBOIL_08335 thylakoid-associated protein,ctg71_10_T1PKS_51_0,95.29,98.02,303
GMBOIL_08340 alanine dehydrogenase,ctg71_9_T1PKS_51_0,96.78,100,1086
GMBOIL_08475 hypothetical protein,ctg3_3_lanthipeptide_54_0,98.92,92.04,201
GMBOIL_08480 clan AA aspartic protease,ctg3_4_lanthipeptide_54_0,100,100,369
GMBOIL_08485 hypothetical protein,ctg3_5_lanthipeptide_54_0,100,100,276
GMBOIL_08810 Dolichyl-phosphate-mannose-protein mannosyltransferase,ctg28_2_RiPP-like_84_0,100,100,1680
GMBOIL_08815 glycogen debranching protein,ctg28_3_RiPP-like_84_0,100,100,210
GMBOIL_08825 Transposase,ctg28_4_RiPP-like_84_0,100,100,354
GMBOIL_08830 hypothetical protein,ctg28_5_RiPP-like_84_0,100,100,186
GMBOIL_08835 hypothetical protein,ctg28_6_RiPP-like_84_0,100,100,759
GMBOIL_08840 hypothetical protein,ctg28_7_RiPP-like_84_0,100,100,1461
GMBOIL_09390 Phosphate-starvation-inducible E family,ctg105_2_Anabaenopeptin_16_0,100,100,501
GMBOIL_09395 flavin oxidoreductase,ctg105_3_Anabaenopeptin_16_0,100,100,1746
GMBOIL_09400 hypothetical protein,ctg105_4_Anabaenopeptin_16_0,100,94.27,786
GMBOIL_09405 hypothetical protein,ctg105_5_Anabaenopeptin_16_0,100,100,273
GMBOIL_09410 DUF1995 domain-containing protein,ctg105_6_Anabaenopeptin_16_0,100,100,744
GMBOIL_09420 SnoaL-like domain-containing protein,ctg105_7_Anabaenopeptin_16_0,100,100,405
GMBOIL_09425 histidinol-phosphate transaminase,ctg105_8_Anabaenopeptin_16_0,100,100,1077
"GMBOIL_09430 ABC-type uncharacterized transport system, permease and ATPase components","ABV79989.1_apnE_PlanktothrixagardhiiNIVA-CYA126/8_anabaenopeptin908,anabaenopeptin915",95.93,96.75,1752
GMBOIL_09435 non-ribosomal peptide synthetase,ctg105_10_Anabaenopeptin_16_0,100,100,4212
GMBOIL_09440 D-alanine--poly(phosphoribitol) ligase subunit DltA,ctg105_11_Anabaenopeptin_16_0,100,100,7722
GMBOIL_09445 non-ribosomal peptide synthetase,ctg105_12_Anabaenopeptin_16_0,100,100,3237
GMBOIL_09450 D-alanine--poly(phosphoribitol) ligase subunit DltA,ctg105_13_Anabaenopeptin_16_0,100,100,6498
GMBOIL_09455 2-isopropylmalate synthase,ctg105_14_Anabaenopeptin_16_0,100,100,1179
GMBOIL_09460 3-isopropylmalate dehydrogenase,ctg105_15_Anabaenopeptin_16_0,100,100,1065
GMBOIL_09465 homoaconitate hydratase family protein,ctg105_16_Anabaenopeptin_16_0,100,100,1731
GMBOIL_10150 imidazole glycerol phosphate synthase subunit HisH,ctg13_7_Cyanobactin_64_0,97.34,100.16,639
GMBOIL_10155 ABC transporter ATP-binding protein,ctg13_8_Cyanobactin_64_0,96.81,100,753
GMBOIL_10160 branched-chain amino acid ABC transporter permease,ctg13_9_Cyanobactin_64_0,98.03,100,1116
GMBOIL_10165 DNA-binding response regulator,ctg13_10_Cyanobactin_64_0,97.41,100,657
GMBOIL_10170 protein tyrosine phosphatase,ctg13_11_Cyanobactin_64_0,98.46,100,519
GMBOIL_10175 hypothetical protein,ctg13_12_Cyanobactin_64_0,98.98,99.66,294
GMBOIL_10180 hypothetical protein,ctg13_13_Cyanobactin_64_0,98.21,100,279
GMBOIL_10285 pirin family protein,ctg27_13_T1PKS-Terpene_11_0,94.08,100,693
GMBOIL_10315 allophycocyanin subunit beta,ctg16_4_samp_4380_82358_NRPS-like,82.99,100.41,486
GMBOIL_11425 hypothetical protein,ctg34_27_Bartoloside-T1PKS_18_0,97.33,98.25,801
GMBOIL_11735 Alkaline phosphatase,ctg82_37_T3PKS-Merocyclophane_5_0,86.15,84.62,273
GMBOIL_11975 lipoprotein NlpI,ctg27_2_T1PKS-Terpene_11_0,96.22,87.51,1089
GMBOIL_11980 DEAD/DEAH box helicase,ctg27_3_T1PKS-Terpene_11_0,97.34,100,2820
GMBOIL_12050 hypothetical protein,ctg5_29_RRE-containing_23_0,98.33,100,300
GMBOIL_12145 nickel pincer cofactor biosynthesis protein LarC,ctg39_9_Cyanobactin_50_0,96.95,94.03,1257
GMBOIL_12150 DUF29 domain-containing protein,ctg39_10_Cyanobactin_50_0,95.38,100.44,453
GMBOIL_13130 hypothetical protein,ctg36_3_NRPS-like_34_0,97.42,100,387
GMBOIL_13745 ferredoxin,ctg5_26_RRE-containing_23_0,98.43,100,318
GMBOIL_13750 CTP synthase,ctg5_27_RRE-containing_23_0,97.26,100,1641
GMBOIL_13755 hypothetical protein,ctg5_28_RRE-containing_23_0,96.05,100,354
GMBOIL_13905 hypothetical protein,ctg30_14_Novel-T3PKS_28_0,95.98,100,174
GMBOIL_13970 naringenin-chalcone synthase,ctg30_1_Novel-T3PKS_28_0,98.8,98.45,1098
GMBOIL_14035 5S ribosomal RNA,ctg44_1_1-heptadecene_20_0,100,88.98,118
GMBOIL_14320 N-terminal part of Q9RNA5_MICAE Uma4,AAF00967.1_uma4_MicrocystisaeruginosaPCC7806_microcystinLR,92.5,98.77,81
GMBOIL_14380 ISL3 family transposase,AAF00967.1_uma4_MicrocystisaeruginosaPCC7806_microcystinLR,95.85,99.69,966
GMBOIL_14405 SAM-dependent methyltransferase,ctg71_6_T1PKS_51_0,99.38,100.31,321
GMBOIL_14835 DUF262 domain-containing protein,ctg39_11_Cyanobactin_50_0,95.52,100,1116
GMBOIL_14840 HEPN-RiboL-PSP domain-containing protein,ctg39_12_Cyanobactin_50_0,95.21,100,501
GMBOIL_14920 Histidine kinase,ctg30_14_Novel-T3PKS_28_0,98.69,100,153
GMBOIL_14925 alpha/beta hydrolase,ctg30_13_Novel-T3PKS_28_0,96.5,100,828
GMBOIL_15165 IS4 family transposase,ctg115_1_Cyanobactin_90_0,94.17,100.92,1410
GMBOIL_15280 Transposase,ctg82_12_T3PKS-Merocyclophane_5_0,96.21,100.34,894
GMBOIL_15285 receptor ligand binding region family protein,ctg82_13_T3PKS-Merocyclophane_5_0,98.64,100,2718
GMBOIL_15290 AAA-like domain-containing protein,ctg82_14_T3PKS-Merocyclophane_5_0,99.03,100,1443
GMBOIL_15295 bleomycin resistance protein,ctg82_15_T3PKS-Merocyclophane_5_0,98.39,100,930
GMBOIL_15300 nitroreductase family protein,ctg82_16_T3PKS-Merocyclophane_5_0,99.25,100,663
GMBOIL_15305 AMP-binding enzyme family protein,ctg82_17_T3PKS-Merocyclophane_5_0,98.55,100,3795
GMBOIL_15310 short chain dehydrogenase,ctg82_18_T3PKS-Merocyclophane_5_0,98.27,100,5445
GMBOIL_15315 type I polyketide synthase,ctg82_19_T3PKS-Merocyclophane_5_0,98.66,100,3963
GMBOIL_15320 flavin-binding monooxygenase-like family protein,ctg82_20_T3PKS-Merocyclophane_5_0,99.02,100,1320
GMBOIL_15325 3-oxoacyl-ACP synthase,ctg82_21_T3PKS-Merocyclophane_5_0,98.89,100,1176
GMBOIL_15330 isoprenylcysteine carboxyl methyltransferase,ctg82_22_T3PKS-Merocyclophane_5_0,99.5,100,606
GMBOIL_15335 FAD-linked oxidase,ctg82_23_T3PKS-Merocyclophane_5_0,98.1,100,1632
GMBOIL_15340 MFS transporter,ctg82_24_T3PKS-Merocyclophane_5_0,98.23,100,1302
GMBOIL_15345 efflux RND transporter periplasmic adaptor subunit,ctg82_25_T3PKS-Merocyclophane_5_0,99.04,100,1356
GMBOIL_15350 acriflavine resistance protein B,ctg82_26_T3PKS-Merocyclophane_5_0,98.64,99.97,3099
GMBOIL_15660 hypothetical protein,BAW32336.1_ORFM2_MicrocystisaeruginosaNIES-87_kasumigamide,86.97,100,330
GMBOIL_16345 non-ribosomal peptide synthetase,AAZ03554.1_mcnE_Microcystissp.NIVA-CYA172/5_cyanopeptolin,97.63,100,4257
GMBOIL_16350 FAD-dependent oxidoreductase,AAZ03553.1_mcnD_Microcystissp.NIVA-CYA172/5_cyanopeptolin,99.84,100,1878
GMBOIL_16355 Ubiquinone/menaquinone biosynthesis C-methylase UbiE/MenG,AAZ03552.1_mcnC_Microcystissp.NIVA-CYA172/5_cyanopeptolin,97.62,83.14,14178
GMBOIL_16360 Carrier domain-containing protein,AAZ03551.1_mcnB_Microcystissp.NIVA-CYA172/5_cyanopeptolin,98.84,100,603
GMBOIL_16365 amino acid adenylation domain-containing protein,AAZ03551.1_mcnB_Microcystissp.NIVA-CYA172/5_cyanopeptolin,98.53,100.04,2661
GMBOIL_16375 ABC transporter,AAZ03549.1_mcnF_Microcystissp.NIVA-CYA172/5_cyanopeptolin,98.84,100,2070
GMBOIL_16380 DUF6014 domain-containing protein,AAZ03548.1_mcnG_Microcystissp.NIVA-CYA172/5_cyanopeptolin,98.03,100,1170
GMBOIL_16555 ABC transporter,MBE8994633.1_IQ234_09895_MicrocystisaeruginosaLEGE91341_microginin,97.7,99.95,2004
GMBOIL_16560 Phosphopantetheine attachment site family protein,MBE8994632.1_IQ234_09890_MicrocystisaeruginosaLEGE91341_microginin,94.29,100,1314
GMBOIL_16650 carotenoid biosynthesis protein,ctg30_17_Novel-T3PKS_28_0,99.02,100,915
GMBOIL_16660 serine/threonine protein kinase,ctg30_16_Novel-T3PKS_28_0,95.03,99.35,1539
GMBOIL_16665 DUF1957 domain-containing protein,ctg30_15_Novel-T3PKS_28_0,96.83,100,441
GMBOIL_16685 alpha/beta hydrolase,ctg83_18_lanthipeptide_21_0,96.71,88.46,858
GMBOIL_16695 ATP-dependent protease ATP-binding subunit ClpX,ctg83_19_lanthipeptide_21_0,98.35,100,1335
GMBOIL_16700 ATP-dependent Clp protease proteolytic subunit,ctg83_20_lanthipeptide_21_0,98.15,100,378
GMBOIL_16845 Putative restriction endonuclease,ctg13_2_Cyanobactin_64_0,95.1,100.21,468
GMBOIL_16850 peptidase S8,ctg13_1_Cyanobactin_64_0,97.62,90.95,1944
GMBOIL_16855 cyanobactin biosynthesis system PatB/AcyB/McaB family protein,"AFK79994.1_pirB_MicrocystisaeruginosaPCC7005_piricyclamide7005E1,piricyclamide7005E2,piricyclamide7005E3,piricyclamide7005E4",97.61,81.01,258
GMBOIL_16860 hypothetical protein,ctg39_3_Cyanobactin_50_0,93.39,99.56,228
GMBOIL_16885 Dimodular nonribosomal peptide synthase,ctg57_5_Anacyclamide_57_0,94.49,100.38,3180
GMBOIL_17210 Tnp-DNA-bind domain-containing protein,ctg115_1_Cyanobactin_90_0,92.26,99.36,156
GMBOIL_17540 hypothetical protein,ctg83_18_lanthipeptide_21_0,100,100,132
GMBOIL_17555 hypothetical protein,ctg83_7_lanthipeptide_21_0,94.47,100,1104
GMBOIL_17560 LPS biosynthesis choline kinase,ctg83_6_lanthipeptide_21_0,97.44,100,1170
GMBOIL_17565 Putative alpha/beta hydrolase,ctg83_18_lanthipeptide_21_0,96.78,100,342
GMBOIL_17670 tRNA uridine-5-carboxymethylaminomethyl(34) synthesis enzyme MnmG,ctg1_9_samp_4305_554341_lanthipeptide-class-v,73.76,89.1,1908
GMBOIL_17905 magnesium-transporting ATPase,ctg27_8_T1PKS-Terpene_11_0,96.62,100,2781
GMBOIL_17910 15-cis-phytoene desaturase,ctg27_9_T1PKS-Terpene_11_0,97.41,100,1431
GMBOIL_17915 phytoene synthase,ctg27_10_T1PKS-Terpene_11_0,98.18,100,933
GMBOIL_17920 hypothetical protein,ctg27_11_T1PKS-Terpene_11_0,96.76,100,339
GMBOIL_17990 type 2 isopentenyl-diphosphate Delta-isomerase,"ACM68685.1_aerK_MicrocystisaeruginosaNIES-98_aeruginosin98-A,aeruginosin98-B,aeruginosin98-C",97.99,100,1044
GMBOIL_17995 Bacilysin biosynthesis BacA-like protein,"ACM68686.1_aerD_MicrocystisaeruginosaNIES-98_aeruginosin98-A,aeruginosin98-B,aeruginosin98-C",93.84,83.91,174
GMBOIL_18090 DUF29 domain-containing protein,ctg36_9_NRPS-like_34_0,97.65,99.36,471
GMBOIL_18095 methylthioribulose 1-phosphate dehydratase,ctg36_4_NRPS-like_34_0,95.78,97.69,606
GMBOIL_18100 hypothetical protein,ctg36_5_NRPS-like_34_0,99.74,100,381
GMBOIL_18440 DUF4351 domain-containing protein,ctg34_26_Bartoloside-T1PKS_18_0,96.04,96.91,939
GMBOIL_18445 DUF4351 domain-containing protein,ctg34_26_Bartoloside-T1PKS_18_0,96.6,81.15,870
GMBOIL_18595 DUF2442 domain-containing protein,ctg3_2_lanthipeptide_54_0,100,100,309
GMBOIL_18600 DUF2281 domain-containing protein,ctg3_1_lanthipeptide_54_0,100,99.58,240
GMBOIL_18635 Transposase,ctg27_30_T1PKS-Terpene_11_0,92.52,100.08,1215
GMBOIL_18875 glutamate--cysteine ligase,ctg30_9_Novel-T3PKS_28_0,96.61,99.65,1155
GMBOIL_18880 resolvase,ctg30_8_Novel-T3PKS_28_0,95.67,100,393
GMBOIL_19660 DUF3285 domain-containing protein,ctg3_14_lanthipeptide_54_0,99.46,100,186
GMBOIL_19665 rRNA maturation RNase YbeY,ctg3_15_lanthipeptide_54_0,98.64,100,513
GMBOIL_19670 diacylglycerol kinase,ctg3_16_lanthipeptide_54_0,96.32,100,489
GMBOIL_19830 hypothetical protein,ctg82_34_T3PKS-Merocyclophane_5_0,93.7,84.67,150
GMBOIL_19955 hypothetical protein,ctg20_15_NRPS-T1PKS_26_0,97.65,100,213
GMBOIL_20245 hypothetical protein,ctg82_27_T3PKS-Merocyclophane_5_0,96.61,99.74,384
GMBOIL_20610 hypothetical protein,ctg82_28_T3PKS-Merocyclophane_5_0,96.02,101.15,522
GMBOIL_20620 serine/threonine protein kinase,ctg82_30_T3PKS-Merocyclophane_5_0,95.59,101.16,1548
GMBOIL_20625 rhodanese-related sulfurtransferase,ctg82_31_T3PKS-Merocyclophane_5_0,98.4,100,813
GMBOIL_20635 DNA repair protein RecO,ctg82_32_T3PKS-Merocyclophane_5_0,97.57,100,783
GMBOIL_20695 undecaprenyl-diphosphate phosphatase,ctg83_4_lanthipeptide_21_0,98.84,100,951
GMBOIL_20700 glutathione peroxidase,ctg83_3_lanthipeptide_21_0,98.63,100,732
GMBOIL_20775 hypothetical protein,"AED99440.1_AED99440.1_PlanktothrixagardhiiNIES-596_prenylagaramideB,prenylagaramideC",87.95,94.51,237
GMBOIL_20780 DUF497 domain-containing protein,"AED99441.1_AED99441.1_PlanktothrixagardhiiNIES-596_prenylagaramideB,prenylagaramideC",92.36,94.12,153
GMBOIL_20865 ABC transporter substrate-binding protein,ctg5_30_RRE-containing_23_0,97.85,100,1209
GMBOIL_20870 ABC transporter ATP-binding protein,ctg5_31_RRE-containing_23_0,98.21,100,783
GMBOIL_20875 acyl-CoA dehydrogenase,ctg5_32_RRE-containing_23_0,98.57,100,1116
GMBOIL_20880 DUF4242 domain-containing protein,ctg5_33_RRE-containing_23_0,97.93,100,531
GMBOIL_21290 NFACT N-terminal and middle domains,ctg34_5_Bartoloside-T1PKS_18_0,95.49,100,1731
GMBOIL_21295 ABC transporter,ctg34_6_Bartoloside-T1PKS_18_0,96.74,100,675
GMBOIL_21300 ABC transporter permease DevC,ctg34_7_Bartoloside-T1PKS_18_0,99.33,100,1197
GMBOIL_21305 HlyD family secretion protein,ctg34_8_Bartoloside-T1PKS_18_0,99.91,84.35,1323
GMBOIL_21310 autotransporter protein,ctg34_9_Bartoloside-T1PKS_18_0,98.54,100,1026
GMBOIL_21315 hypothetical protein,ctg34_10_Bartoloside-T1PKS_18_0,99.73,100,372
GMBOIL_21320 Geranylgeranyl reductase family protein,ctg34_11_Bartoloside-T1PKS_18_0,99.66,100,1764
GMBOIL_21325 monooxygenase,ctg34_12_Bartoloside-T1PKS_18_0,99.34,100,1365
GMBOIL_21330 oxidoreductase,ctg34_13_Bartoloside-T1PKS_18_0,99.61,100,762
GMBOIL_21335 tryptophan halogenase,ctg34_14_Bartoloside-T1PKS_18_0,99.28,100,1812
GMBOIL_21340 hypothetical protein,ctg34_15_Bartoloside-T1PKS_18_0,98.46,95.95,1554
GMBOIL_21345 short chain oxidoreductase,ctg34_16_Bartoloside-T1PKS_18_0,98.96,100,3450
GMBOIL_21350 beta-ketoacyl synthase,ctg34_17_Bartoloside-T1PKS_18_0,97.96,100.03,3045
GMBOIL_21355 PksE domain protein,ctg34_17_Bartoloside-T1PKS_18_0,98.31,95.93,246
GMBOIL_21365 glycine cleavage system aminomethyltransferase GcvT,ctg34_19_Bartoloside-T1PKS_18_0,97.11,100,1107
GMBOIL_21465 Amidohydro-rel domain-containing protein,ctg5_2_RRE-containing_23_0,95.04,100.16,624
GMBOIL_21500 hypothetical protein,ctg82_29_T3PKS-Merocyclophane_5_0,85.85,74.39,285
GMBOIL_21625 CopG family transcriptional regulator,ctg5_13_RRE-containing_23_0,99.31,100,291
GMBOIL_21630 GNAT family N-acetyltransferase,ctg5_14_RRE-containing_23_0,99.6,100,495
GMBOIL_21635 Type II toxin-antitoxin system RelE/ParE family toxin,ctg5_15_RRE-containing_23_0,98.8,72.17,345
GMBOIL_23075 FAD-dependent oxidoreductase,AAF00964.1_uma1_MicrocystisaeruginosaPCC7806_microcystinLR,97.27,100,2052
GMBOIL_23080 Putative restriction endonuclease,AAF00965.1_uma2_MicrocystisaeruginosaPCC7806_microcystinLR,96.28,100,564
GMBOIL_23085 adenylyl-sulfate kinase,AAF00966.1_uma3_MicrocystisaeruginosaPCC7806_microcystinLR,96.59,100,1527
GMBOIL_23135 PEP-CTERM sorting domain-containing protein,ctg34_23_Bartoloside-T1PKS_18_0,86.15,100.28,720
GMBOIL_23145 ATP-dependent sacrificial sulfur transferase LarE,ctg34_20_Bartoloside-T1PKS_18_0,98.15,100,810
GMBOIL_23650 trigger factor,ctg83_21_lanthipeptide_21_0,96.69,99.78,1392
GMBOIL_23975 penicillin-binding protein 2,ctg44_9_1-heptadecene_20_0,98.03,100,1875
GMBOIL_23980 radical SAM protein,ctg44_8_1-heptadecene_20_0,98.01,99.88,807
GMBOIL_24010 DUF2288 domain-containing protein,ctg44_2_1-heptadecene_20_0,97.59,100,291
GMBOIL_24035 5S ribosomal RNA,ctg44_1_1-heptadecene_20_0,100,88.98,118
GMBOIL_24545 Tetratricopeptide TPR_1 repeat-containing protein,ctg27_6_T1PKS-Terpene_11_0,96.28,100,537
GMBOIL_24550 Sulfur deprivation response regulator,ctg27_7_T1PKS-Terpene_11_0,94.39,100.12,837
GMBOIL_00005 hypothetical protein,Unmatched,0,0,0
GMBOIL_00010 hypothetical protein,Unmatched,0,0,0
GMBOIL_00015 HicB family protein,Unmatched,0,0,0
"GMBOIL_00020 HicA toxin of bacterial toxin-antitoxin,",Unmatched,0,0,0
GMBOIL_00025 hypothetical protein,Unmatched,0,0,0
GMBOIL_00030 type II 3-dehydroquinate dehydratase,Unmatched,0,0,0
GMBOIL_00035 Xenobiotic-transporting ATPase,Unmatched,0,0,0
GMBOIL_00040 hypothetical protein,Unmatched,0,0,0
GMBOIL_00045 TlyA family rRNA (cytidine-2'-O)-methyltransferase,Unmatched,0,0,0
GMBOIL_00050 hypothetical protein,Unmatched,0,0,0
GMBOIL_00055 4Fe-4S ferredoxin,Unmatched,0,0,0
GMBOIL_00060 single-stranded DNA-binding protein,Unmatched,0,0,0
GMBOIL_00065 Unsaturated chondroitin disaccharide hydrolase,Unmatched,0,0,0
GMBOIL_00070 Cof-type HAD-IIB family hydrolase,Unmatched,0,0,0
GMBOIL_00075 carboxymethylenebutenolidase,Unmatched,0,0,0
GMBOIL_00080 30S ribosomal protein S1,Unmatched,0,0,0
GMBOIL_00085 hypothetical protein,Unmatched,0,0,0
GMBOIL_00090 SAM-dependent methyltransferase,Unmatched,0,0,0
GMBOIL_00095 hydroxyacid dehydrogenase,Unmatched,0,0,0
GMBOIL_00100 DUF760 domain-containing protein,Unmatched,0,0,0
GMBOIL_00105 SMC-Scp complex subunit ScpB,Unmatched,0,0,0
GMBOIL_00110 inositol monophosphatase,Unmatched,0,0,0
GMBOIL_00115 ABC transporter,Unmatched,0,0,0
GMBOIL_00120 DUF4164 domain-containing protein,Unmatched,0,0,0
GMBOIL_00125 Phosphomannomutase,Unmatched,0,0,0
GMBOIL_00130 Phosphomannomutase,Unmatched,0,0,0
GMBOIL_00135 photosynthetic/respiratory NAD(P)H-quinone oxidoreductase subunit D1,Unmatched,0,0,0
GMBOIL_00140 phycocyanobilin:ferredoxin oxidoreductase,Unmatched,0,0,0
GMBOIL_00160 sodium-independent anion transporter,Unmatched,0,0,0
GMBOIL_00165 hypothetical protein,Unmatched,0,0,0
GMBOIL_00170 DUF4115 domain-containing protein,Unmatched,0,0,0
GMBOIL_00175 dihem cytochrome c family protein,Unmatched,0,0,0
GMBOIL_00180 ATP phosphoribosyltransferase regulatory subunit,Unmatched,0,0,0
GMBOIL_00185 molecular chaperone DnaJ,Unmatched,0,0,0
GMBOIL_00190 Inositol-1-monophosphatase,Unmatched,0,0,0
GMBOIL_00195 class I SAM-dependent methyltransferase,Unmatched,0,0,0
GMBOIL_00200 hypothetical protein,Unmatched,0,0,0
GMBOIL_00205 hypothetical protein,Unmatched,0,0,0
GMBOIL_00210 hypothetical protein,Unmatched,0,0,0
GMBOIL_00215 hypothetical protein,Unmatched,0,0,0
GMBOIL_00220 anti-anti-sigma factor,Unmatched,0,0,0
GMBOIL_00225 DUF3318 domain-containing protein,Unmatched,0,0,0
GMBOIL_00230 ribonuclease D,Unmatched,0,0,0
GMBOIL_00235 CAP domain-containing protein,Unmatched,0,0,0
GMBOIL_00240 ATPase-AAA-core domain-containing protein,Unmatched,0,0,0
GMBOIL_00245 hypothetical protein,Unmatched,0,0,0
GMBOIL_00250 acetyl-CoA carboxylase biotin carboxylase subunit,Unmatched,0,0,0
GMBOIL_00255 Putative restriction endonuclease,Unmatched,0,0,0
GMBOIL_00260 ABC transporter permease,Unmatched,0,0,0
GMBOIL_00265 RlmI/RlmK family 23S rRNA methyltransferase,Unmatched,0,0,0
GMBOIL_00270 glyoxalase,Unmatched,0,0,0
GMBOIL_00275 sodium:proton antiporter,Unmatched,0,0,0
GMBOIL_00280 Beta-lactamase2 domain-containing protein,Unmatched,0,0,0
GMBOIL_00285 phosphoribosylformylglycinamidine synthase subunit PurL,Unmatched,0,0,0
GMBOIL_00290 amidophosphoribosyltransferase,Unmatched,0,0,0
GMBOIL_00295 energy-coupling factor transporter ATPase,Unmatched,0,0,0
GMBOIL_00310 hypothetical protein,Unmatched,0,0,0
GMBOIL_00315 hypothetical protein,Unmatched,0,0,0
GMBOIL_00320 cobalt-precorrin-5B (C(1))-methyltransferase CbiD,Unmatched,0,0,0
GMBOIL_00325 glutamine-hydrolyzing GMP synthase,Unmatched,0,0,0
GMBOIL_00330 hypethetical protein,Unmatched,0,0,0
GMBOIL_00335 HEPN-RiboL-PSP domain-containing protein,Unmatched,0,0,0
GMBOIL_00340 DNA (cytosine-5-)-methyltransferase,Unmatched,0,0,0
GMBOIL_00345 hypothetical protein,Unmatched,0,0,0
GMBOIL_00350 Tol biopolymer transporter periplasmic protein,Unmatched,0,0,0
GMBOIL_00355 biopolymer transporter Tol,Unmatched,0,0,0
GMBOIL_00360 Ycf66 protein N-terminus,Unmatched,0,0,0
GMBOIL_00365 SLH domain-containing protein,Unmatched,0,0,0
GMBOIL_00370 pyruvate kinase,Unmatched,0,0,0
GMBOIL_00400 glucose-1-phosphate thymidylyltransferase,Unmatched,0,0,0
GMBOIL_00405 dTDP-4-dehydrorhamnose reductase,Unmatched,0,0,0
"GMBOIL_00410 dTDP-4-dehydrorhamnose 3,5-epimerase",Unmatched,0,0,0
GMBOIL_00415 biotin synthase BioB,Unmatched,0,0,0
GMBOIL_00420 biotin transporter BioY,Unmatched,0,0,0
GMBOIL_00425 signal peptidase II,Unmatched,0,0,0
GMBOIL_00430 AMP-dependent synthetase,Unmatched,0,0,0
GMBOIL_00435 hypothetical protein,Unmatched,0,0,0
GMBOIL_00440 Uma2 domain-containing protein,Unmatched,0,0,0
GMBOIL_00445 5-(carboxyamino)imidazole ribonucleotide mutase,Unmatched,0,0,0
GMBOIL_00450 Beta-barrel assembly-enhancing protease,Unmatched,0,0,0
GMBOIL_00475 hypothetical protein,Unmatched,0,0,0
GMBOIL_00480 hypothetical protein,Unmatched,0,0,0
GMBOIL_00495 hypothetical protein,Unmatched,0,0,0
GMBOIL_00510 Cofac-haem-bdg domain-containing protein,Unmatched,0,0,0
GMBOIL_00515 ferredoxin-NADP reductase,Unmatched,0,0,0
GMBOIL_00520 hypothetical protein,Unmatched,0,0,0
GMBOIL_00525 FAD dependent oxidoreductase,Unmatched,0,0,0
GMBOIL_00530 hypothetical protein,Unmatched,0,0,0
GMBOIL_00560 hypothetical protein,Unmatched,0,0,0
GMBOIL_00565 iron-sulfur cluster assembly accessory protein,Unmatched,0,0,0
GMBOIL_00570 hypothetical protein,Unmatched,0,0,0
"GMBOIL_00575 Mycobacterial 4 TMS phage holin, superfamily IV",Unmatched,0,0,0
GMBOIL_00580 RluA family pseudouridine synthase,Unmatched,0,0,0
GMBOIL_00585 saccharopine dehydrogenase-like oxidoreductase,Unmatched,0,0,0
GMBOIL_00590 DUF2997 domain-containing protein,Unmatched,0,0,0
GMBOIL_00595 DUF1257 domain-containing protein,Unmatched,0,0,0
GMBOIL_00600 ferredoxin,Unmatched,0,0,0
GMBOIL_00605 DUF2442 domain-containing protein,Unmatched,0,0,0
GMBOIL_00610 galactosyl-1-phosphate transferase,Unmatched,0,0,0
GMBOIL_00615 hypothetical protein,Unmatched,0,0,0
GMBOIL_00620 6-phosphogluconolactonase,Unmatched,0,0,0
GMBOIL_00625 FraH protein,Unmatched,0,0,0
GMBOIL_00630 site-2 protease family protein,Unmatched,0,0,0
GMBOIL_00635 serine/threonine protein phosphatase,Unmatched,0,0,0
GMBOIL_00640 bifunctional acetaldehyde-CoA/alcohol dehydrogenase,Unmatched,0,0,0
GMBOIL_00645 hypothetical protein,Unmatched,0,0,0
GMBOIL_00650 DNA polymerase III subunit delta,Unmatched,0,0,0
GMBOIL_00655 6-bladed beta-propeller,Unmatched,0,0,0
GMBOIL_00660 hypothetical protein,Unmatched,0,0,0
GMBOIL_00665 Yae1-N domain-containing protein,Unmatched,0,0,0
GMBOIL_00670 VHL domain-containing protein,Unmatched,0,0,0
GMBOIL_00675 Transposase IS4 family protein,Unmatched,0,0,0
GMBOIL_00680 IS701 family transposase,Unmatched,0,0,0
GMBOIL_00685 hypothetical protein,Unmatched,0,0,0
GMBOIL_00690 hypothetical protein,Unmatched,0,0,0
GMBOIL_00695 hypothetical protein,Unmatched,0,0,0
GMBOIL_00700 nuclease,Unmatched,0,0,0
GMBOIL_00705 hypothetical protein,Unmatched,0,0,0
GMBOIL_00710 DUF5615 domain-containing protein,Unmatched,0,0,0
GMBOIL_00715 hypothetical protein,Unmatched,0,0,0
GMBOIL_00720 50S ribosome-binding GTPase,Unmatched,0,0,0
GMBOIL_00725 DUF4336 domain-containing protein,Unmatched,0,0,0
GMBOIL_00730 hypothetical protein,Unmatched,0,0,0
GMBOIL_00735 amino acid ABC transporter permease,Unmatched,0,0,0
GMBOIL_00740 UbiD family decarboxylase,Unmatched,0,0,0
GMBOIL_00745 Ribonuclease HepT-like,Unmatched,0,0,0
GMBOIL_00750 Polbeta domain-containing protein,Unmatched,0,0,0
GMBOIL_00755 hypothetical protein,Unmatched,0,0,0
GMBOIL_00760 hypothetical protein,Unmatched,0,0,0
GMBOIL_00765 hypothetical protein,Unmatched,0,0,0
GMBOIL_00775 N-acetyltransferase,Unmatched,0,0,0
GMBOIL_00780 bidirectional hydrogenase complex protein HoxE,Unmatched,0,0,0
GMBOIL_00785 NADH-quinone oxidoreductase subunit NuoF,Unmatched,0,0,0
GMBOIL_00790 Chloroplast import apparatus Tic20-like,Unmatched,0,0,0
GMBOIL_00795 2-phospho-L-lactate transferase CofD,Unmatched,0,0,0
GMBOIL_00800 ssl1498 family light-harvesting-like protein,Unmatched,0,0,0
GMBOIL_00805 DUF3134 domain-containing protein,Unmatched,0,0,0
GMBOIL_00810 DUF1611 domain-containing protein,Unmatched,0,0,0
GMBOIL_00815 alanine racemase,Unmatched,0,0,0
GMBOIL_00820 hypothetical protein,Unmatched,0,0,0
GMBOIL_00825 Similar to tr|Q3M5U7|Q3M5U7_ANAVT PilT protein-like,Unmatched,0,0,0
GMBOIL_00830 Antitoxin,Unmatched,0,0,0
GMBOIL_00835 hypothetical protein,Unmatched,0,0,0
GMBOIL_00840 Serine/threonine protein kinase,Unmatched,0,0,0
GMBOIL_00845 DUF2064 domain-containing protein,Unmatched,0,0,0
"GMBOIL_00850 L,D-transpeptidase",Unmatched,0,0,0
GMBOIL_00855 DUF6464 domain-containing protein,Unmatched,0,0,0
GMBOIL_00860 adenosylmethionine decarboxylase,Unmatched,0,0,0
GMBOIL_00865 plasmid maintenance system killer protein,Unmatched,0,0,0
GMBOIL_00870 Glycos-transf-1 domain-containing protein,Unmatched,0,0,0
GMBOIL_00875 Glycosyl transferase group 1,Unmatched,0,0,0
GMBOIL_00880 Glycosyl transferase group 1,Unmatched,0,0,0
GMBOIL_00885 Ubiquinone/menaquinone biosynthesis C-methyltransferase UbiE,Unmatched,0,0,0
GMBOIL_00890 Thylakoid-associated protein sll1697,Unmatched,0,0,0
GMBOIL_00895 WaaE,Unmatched,0,0,0
GMBOIL_00900 Gfo/Idh/MocA family oxidoreductase,Unmatched,0,0,0
GMBOIL_00905 UDP-N-acetylgalactosamine-undecaprenyl-phosphate N-acetylgalactosaminephosphotransferase,Unmatched,0,0,0
GMBOIL_00910 N-acetyltransferase,Unmatched,0,0,0
GMBOIL_00915 hypothetical protein,Unmatched,0,0,0
GMBOIL_00920 hypothetical protein,Unmatched,0,0,0
GMBOIL_00925 photosystem I iron-sulfur center protein PsaC,Unmatched,0,0,0
GMBOIL_00930 tRNA-Gln(ttg),Unmatched,0,0,0
GMBOIL_00935 AI-2E family transporter,Unmatched,0,0,0
GMBOIL_00940 hypothetical protein,Unmatched,0,0,0
GMBOIL_00945 hypothetical protein,Unmatched,0,0,0
GMBOIL_00950 biopolymer transporter ExbD,Unmatched,0,0,0
GMBOIL_00955 biopolymer transporter ExbB,Unmatched,0,0,0
GMBOIL_00960 F0F1 ATP synthase subunit gamma,Unmatched,0,0,0
GMBOIL_00965 F0F1 ATP synthase subunit alpha,Unmatched,0,0,0
GMBOIL_00970 ATP synthase F1 subunit delta,Unmatched,0,0,0
GMBOIL_00975 F0F1 ATP synthase subunit B,Unmatched,0,0,0
GMBOIL_00980 tRNA dihydrouridine(20/20a) synthase DusA,Unmatched,0,0,0
GMBOIL_00985 PEP-CTERM domain-containing protein,Unmatched,0,0,0
GMBOIL_00990 bifunctional phosphoribosyl-AMP cyclohydrolase/phosphoribosyl-ATP diphosphatase HisIE,Unmatched,0,0,0
GMBOIL_00995 hypothetical protein,Unmatched,0,0,0
GMBOIL_01000 prevent-host-death protein,Unmatched,0,0,0
GMBOIL_01005 addiction module toxin RelE,Unmatched,0,0,0
"GMBOIL_01010 Zinc finger, YgiT-type",Unmatched,0,0,0
GMBOIL_01015 peptidylprolyl isomerase,Unmatched,0,0,0
GMBOIL_01020 HlyD family secretion protein,Unmatched,0,0,0
GMBOIL_01025 peptidase C39,Unmatched,0,0,0
GMBOIL_01030 transposase,Unmatched,0,0,0
GMBOIL_01035 peroxiredoxin,Unmatched,0,0,0
GMBOIL_01040 NB-ARC domain protein,Unmatched,0,0,0
GMBOIL_01045 radical SAM protein,Unmatched,0,0,0
GMBOIL_01050 Chromosome partition protein Smc,Unmatched,0,0,0
GMBOIL_01055 methyltransferase type 11,Unmatched,0,0,0
GMBOIL_01060 N-acetylneuraminate synthase,Unmatched,0,0,0
GMBOIL_01065 Phosphoglycolate phosphatase,Unmatched,0,0,0
GMBOIL_01070 Methyltransf-11 domain-containing protein,Unmatched,0,0,0
GMBOIL_01075 Methyltransferase FkbM,Unmatched,0,0,0
GMBOIL_01080 Methyltransferase FkbM,Unmatched,0,0,0
GMBOIL_01085 Acetolactate synthase large subunit,Unmatched,0,0,0
GMBOIL_01090 GtrA domain-containing protein,Unmatched,0,0,0
GMBOIL_01095 Trypco1 domain-containing protein,Unmatched,0,0,0
GMBOIL_01100 trypsin,Unmatched,0,0,0
GMBOIL_01105 AAA-16 domain-containing protein,Unmatched,0,0,0
GMBOIL_01110 permease,Unmatched,0,0,0
GMBOIL_01115 Serine/threonine-protein kinase C,Unmatched,0,0,0
GMBOIL_01120 hypothetical protein,Unmatched,0,0,0
GMBOIL_01125 Circadian oscillating protein COP23,Unmatched,0,0,0
GMBOIL_01130 Serine protease,Unmatched,0,0,0
GMBOIL_01135 Serine protease,Unmatched,0,0,0
GMBOIL_01140 hypothetical protein,Unmatched,0,0,0
GMBOIL_01145 hypothetical protein,Unmatched,0,0,0
GMBOIL_01150 nucleic acid-binding protein,Unmatched,0,0,0
GMBOIL_01155 hypothetical protein,Unmatched,0,0,0
GMBOIL_01160 AbrB/MazE/SpoVT family DNA-binding domain-containing protein,Unmatched,0,0,0
GMBOIL_01165 hypothetical protein,Unmatched,0,0,0
GMBOIL_01170 hypothetical protein,Unmatched,0,0,0
GMBOIL_01175 hypothetical protein,Unmatched,0,0,0
GMBOIL_01180 hypothetical protein,Unmatched,0,0,0
GMBOIL_01185 PBECR2 domain-containing protein,Unmatched,0,0,0
GMBOIL_01190 glutamine--fructose-6-phosphate transaminase (isomerizing),Unmatched,0,0,0
GMBOIL_01195 glutamine synthetase type III,Unmatched,0,0,0
GMBOIL_01200 PEP-CTERM domain-containing protein,Unmatched,0,0,0
GMBOIL_01205 Txe/YoeB family addiction module toxin,Unmatched,0,0,0
GMBOIL_01210 prevent-host-death family protein,Unmatched,0,0,0
GMBOIL_01215 HicB-like domain-containing protein,Unmatched,0,0,0
"GMBOIL_01220 HicA toxin of bacterial toxin-antitoxin,",Unmatched,0,0,0
GMBOIL_01225 hypothetical protein,Unmatched,0,0,0
GMBOIL_01230 hypothetical protein,Unmatched,0,0,0
GMBOIL_01235 HicB-like domain-containing protein,Unmatched,0,0,0
"GMBOIL_01240 HicA toxin of bacterial toxin-antitoxin,",Unmatched,0,0,0
GMBOIL_01245 folate/biopterin family MFS transporter,Unmatched,0,0,0
GMBOIL_01250 hypothetical protein,Unmatched,0,0,0
GMBOIL_01255 DUF4335 domain-containing protein,Unmatched,0,0,0
GMBOIL_01260 DUF3038 domain-containing protein,Unmatched,0,0,0
GMBOIL_01265 adenine phosphoribosyltransferase,Unmatched,0,0,0
GMBOIL_01270 ABC transporter substrate-binding protein,Unmatched,0,0,0
GMBOIL_01275 TrkA family potassium uptake protein,Unmatched,0,0,0
GMBOIL_01280 amidase,Unmatched,0,0,0
GMBOIL_01285 sulfurtransferase,Unmatched,0,0,0
GMBOIL_01290 ATP-binding protein,Unmatched,0,0,0
GMBOIL_01295 regulator,Unmatched,0,0,0
GMBOIL_01300 anti-sigma factor antagonist,Unmatched,0,0,0
GMBOIL_01305 NAD(P)/FAD-dependent oxidoreductase,Unmatched,0,0,0
GMBOIL_01310 hypothetical protein,Unmatched,0,0,0
GMBOIL_01315 prevent-host-death family protein,Unmatched,0,0,0
GMBOIL_01320 type II toxin-antitoxin system HicB family antitoxin,Unmatched,0,0,0
"GMBOIL_01325 HicA toxin of bacterial toxin-antitoxin,",Unmatched,0,0,0
GMBOIL_01330 hypothetical protein,Unmatched,0,0,0
GMBOIL_01335 hypothetical protein,Unmatched,0,0,0
GMBOIL_01340 HicB-like domain-containing protein,Unmatched,0,0,0
GMBOIL_01355 hypothetical protein,Unmatched,0,0,0
GMBOIL_01360 Transposase,Unmatched,0,0,0
GMBOIL_01365 hypothetical protein,Unmatched,0,0,0
GMBOIL_01370 hypothetical protein,Unmatched,0,0,0
GMBOIL_01375 DUF1361 domain-containing protein,Unmatched,0,0,0
GMBOIL_01380 DNA phosphorothioation-associated protein 4,Unmatched,0,0,0
GMBOIL_01385 hypothetical protein,Unmatched,0,0,0
GMBOIL_01390 tRNA preQ1(34) S-adenosylmethionine ribosyltransferase-isomerase QueA,Unmatched,0,0,0
GMBOIL_01395 hypothetical protein,Unmatched,0,0,0
GMBOIL_01400 single-stranded-DNA-specific exonuclease RecJ,Unmatched,0,0,0
GMBOIL_01405 Molybdopterin synthase sulfur carrier subunit MoaD,Unmatched,0,0,0
GMBOIL_01410 ATP-binding cassette family protein,Unmatched,0,0,0
GMBOIL_01420 heat-inducible transcriptional repressor HrcA,Unmatched,0,0,0
GMBOIL_01425 hypothetical protein,Unmatched,0,0,0
GMBOIL_01430 ATP-dependent DNA helicase RecG,Unmatched,0,0,0
GMBOIL_01435 prevent-host-death protein,Unmatched,0,0,0
GMBOIL_01440 plasmid stabilization protein,Unmatched,0,0,0
GMBOIL_01445 hypothetical protein,Unmatched,0,0,0
GMBOIL_01450 HEAT repeat domain-containing protein,Unmatched,0,0,0
GMBOIL_01455 hypothetical protein,Unmatched,0,0,0
GMBOIL_01460 Uncharacterized PIN and TRAM-domain containing protein slr1972,Unmatched,0,0,0
GMBOIL_01465 Uma2 family endonuclease,Unmatched,0,0,0
GMBOIL_01470 Putative restriction endonuclease,Unmatched,0,0,0
GMBOIL_01475 HD domain-containing protein,Unmatched,0,0,0
GMBOIL_01480 hypothetical protein,Unmatched,0,0,0
GMBOIL_01485 hypothetical protein,Unmatched,0,0,0
GMBOIL_01490 DUF2283 domain-containing protein,Unmatched,0,0,0
GMBOIL_01495 hypothetical protein,Unmatched,0,0,0
GMBOIL_01500 acetolactate synthase small subunit,Unmatched,0,0,0
GMBOIL_01505 hypothetical protein,Unmatched,0,0,0
GMBOIL_01510 hypothetical protein,Unmatched,0,0,0
GMBOIL_01515 hypothetical protein,Unmatched,0,0,0
GMBOIL_01520 phosphoribosylamine--glycine ligase,Unmatched,0,0,0
GMBOIL_01525 glycosyltransferase WbuB,Unmatched,0,0,0
GMBOIL_01530 hypothetical protein,Unmatched,0,0,0
GMBOIL_01535 chromosome segregation protein SMC,Unmatched,0,0,0
GMBOIL_01540 potassium transporter TrkA,Unmatched,0,0,0
GMBOIL_01545 hypothetical protein,Unmatched,0,0,0
GMBOIL_01550 AAA-15 domain-containing protein,Unmatched,0,0,0
GMBOIL_01555 SWIM-type domain-containing protein,Unmatched,0,0,0
GMBOIL_01560 ATP-dependent helicase,Unmatched,0,0,0
GMBOIL_01565 DUF3616 domain-containing protein,Unmatched,0,0,0
GMBOIL_01570 hypothetical protein,Unmatched,0,0,0
GMBOIL_01575 hypothetical protein,Unmatched,0,0,0
GMBOIL_01580 hypothetical protein,Unmatched,0,0,0
GMBOIL_01585 DUF2272 domain-containing protein,Unmatched,0,0,0
GMBOIL_01590 3D domain-containing protein,Unmatched,0,0,0
GMBOIL_01595 hypothetical protein,Unmatched,0,0,0
GMBOIL_01600 LysM domain-containing protein,Unmatched,0,0,0
GMBOIL_01605 N-acetylmuramoyl-L-alanine amidase domain-containing protein,Unmatched,0,0,0
GMBOIL_01610 muramidase (flagellum-specific),Unmatched,0,0,0
GMBOIL_01615 N-acetylmuramoyl-L-alanine amidase,Unmatched,0,0,0
GMBOIL_01620 hypothetical protein,Unmatched,0,0,0
GMBOIL_01625 GHL10 domain-containing protein,Unmatched,0,0,0
GMBOIL_01630 hypothetical protein,Unmatched,0,0,0
GMBOIL_01650 helix-turn-helix transcriptional regulator,Unmatched,0,0,0
GMBOIL_01655 flotillin family protein,Unmatched,0,0,0
GMBOIL_01660 Uma2 domain-containing protein,Unmatched,0,0,0
GMBOIL_01665 hypothetical protein,Unmatched,0,0,0
GMBOIL_01670 cytochrome P450,Unmatched,0,0,0
GMBOIL_01675 Protein kinase domain-containing protein,Unmatched,0,0,0
GMBOIL_01680 Uma2 domain-containing protein,Unmatched,0,0,0
GMBOIL_01685 hypothetical protein,Unmatched,0,0,0
GMBOIL_01690 hypothetical protein,Unmatched,0,0,0
GMBOIL_01695 hypothetical protein,Unmatched,0,0,0
GMBOIL_01700 hypothetical protein,Unmatched,0,0,0
GMBOIL_01705 group 1 glycosyl transferase,Unmatched,0,0,0
GMBOIL_01710 Membrane protein involved in the export of O-antigen and teichoic acid,Unmatched,0,0,0
GMBOIL_01715 Putative glycosyltransferase,Unmatched,0,0,0
GMBOIL_01720 hypothetical protein,Unmatched,0,0,0
GMBOIL_01725 hypothetical protein,Unmatched,0,0,0
GMBOIL_01730 hypothetical protein,Unmatched,0,0,0
GMBOIL_01735 Putative restriction endonuclease,Unmatched,0,0,0
GMBOIL_01740 Uma2 family endonuclease,Unmatched,0,0,0
GMBOIL_01745 hypothetical protein,Unmatched,0,0,0
GMBOIL_01750 DUF2283 domain-containing protein,Unmatched,0,0,0
GMBOIL_01755 Methyltransferase FkbM,Unmatched,0,0,0
GMBOIL_01760 methyltransferase type 11,Unmatched,0,0,0
GMBOIL_01765 glycosyltransferase family 1 protein,Unmatched,0,0,0
GMBOIL_01770 FkbM family methyltransferase,Unmatched,0,0,0
GMBOIL_01775 hypothetical protein,Unmatched,0,0,0
GMBOIL_01780 hypothetical protein,Unmatched,0,0,0
GMBOIL_01785 Uma2 domain-containing protein,Unmatched,0,0,0
GMBOIL_01790 hypothetical protein,Unmatched,0,0,0
GMBOIL_01795 Glyco-trans-2-like domain-containing protein,Unmatched,0,0,0
GMBOIL_01800 glycosyl transferase,Unmatched,0,0,0
GMBOIL_01805 hypothetical protein,Unmatched,0,0,0
GMBOIL_01810 hypothetical protein,Unmatched,0,0,0
GMBOIL_01815 dTDP-Rha--alpha-D-GlcNAc-pyrophosphate polyprenol alpha-3-L-rhamnosyltransferase,Unmatched,0,0,0
GMBOIL_01820 UDP-glucose 4-epimerase,Unmatched,0,0,0
GMBOIL_01825 acetyl CoA synthetase subunit alpha,Unmatched,0,0,0
GMBOIL_01830 carbon dioxide-concentrating mechanism protein CcmK,Unmatched,0,0,0
GMBOIL_01835 peptide-methionine (S)-S-oxide reductase,Unmatched,0,0,0
GMBOIL_01840 3-methyl-2-oxobutanoate hydroxymethyltransferase,Unmatched,0,0,0
GMBOIL_01845 magnesium protoporphyrin IX methyltransferase,Unmatched,0,0,0
GMBOIL_01850 protease,Unmatched,0,0,0
GMBOIL_01855 hypothetical protein,Unmatched,0,0,0
GMBOIL_01860 pyruvate kinase,Unmatched,0,0,0
GMBOIL_01865 molybdate ABC transporter substrate-binding protein,Unmatched,0,0,0
GMBOIL_01870 molybdate ABC transporter permease subunit,Unmatched,0,0,0
GMBOIL_01875 hypothetical protein,Unmatched,0,0,0
GMBOIL_01880 hypothetical protein,Unmatched,0,0,0
GMBOIL_01885 serine/threonine protein kinase,Unmatched,0,0,0
GMBOIL_01890 ParB domain-containing protein,Unmatched,0,0,0
GMBOIL_01895 hypothetical protein,Unmatched,0,0,0
GMBOIL_01900 HTH cro/C1-type domain-containing protein,Unmatched,0,0,0
GMBOIL_01905 hypothetical protein,Unmatched,0,0,0
GMBOIL_01910 hypothetical protein,Unmatched,0,0,0
GMBOIL_01915 replicative DNA helicase,Unmatched,0,0,0
GMBOIL_01920 hypothetical protein,Unmatched,0,0,0
GMBOIL_01925 transposase,Unmatched,0,0,0
GMBOIL_01930 WD-40 repeat protein,Unmatched,0,0,0
GMBOIL_01935 Polypeptide-transport-associated domain protein ShlB-type,Unmatched,0,0,0
GMBOIL_01940 hypothetical protein,Unmatched,0,0,0
GMBOIL_01945 Filamentous hemagglutinin family outer membrane protein,Unmatched,0,0,0
GMBOIL_01950 FHA domain containing protein,Unmatched,0,0,0
GMBOIL_01955 hypothetical protein,Unmatched,0,0,0
GMBOIL_01960 ISKra4 family transposase,Unmatched,0,0,0
GMBOIL_01965 Ionotropic glutamate receptor,Unmatched,0,0,0
GMBOIL_01970 Serine/threonine protein kinase,Unmatched,0,0,0
GMBOIL_01975 Circadian oscillating protein COP23,Unmatched,0,0,0
GMBOIL_01980 Non-specific serine/threonine protein kinase,Unmatched,0,0,0
GMBOIL_01985 hypothetical protein,Unmatched,0,0,0
GMBOIL_01990 hypothetical protein,Unmatched,0,0,0
GMBOIL_01995 Apolipophorin-III precursor (apoLp-III),Unmatched,0,0,0
GMBOIL_02000 Apolipoprotein acyltransferase,Unmatched,0,0,0
GMBOIL_02005 hypothetical protein,Unmatched,0,0,0
GMBOIL_02010 hypothetical protein,Unmatched,0,0,0
GMBOIL_02015 hypothetical protein,Unmatched,0,0,0
GMBOIL_02020 hypothetical protein,Unmatched,0,0,0
GMBOIL_02025 DUF4278 domain-containing protein,Unmatched,0,0,0
"GMBOIL_02030 Forkhead associated (FHA) domain, binds pSer, pThr, pTyr",Unmatched,0,0,0
GMBOIL_02035 hypothetical protein,Unmatched,0,0,0
GMBOIL_02040 DUF4263 domain-containing protein,Unmatched,0,0,0
GMBOIL_02045 hypothetical protein,Unmatched,0,0,0
GMBOIL_02050 PIN domain nuclease,Unmatched,0,0,0
GMBOIL_02055 hypothetical protein,Unmatched,0,0,0
GMBOIL_02075 DUF2949 domain-containing protein,Unmatched,0,0,0
GMBOIL_02080 DUF192 domain-containing protein,Unmatched,0,0,0
GMBOIL_02085 Cytochrome b6-f complex subunit 7,Unmatched,0,0,0
GMBOIL_02090 photosystem II reaction center protein Psb28,Unmatched,0,0,0
GMBOIL_02095 epimerase,Unmatched,0,0,0
GMBOIL_02100 GUN4 domain-containing protein,Unmatched,0,0,0
GMBOIL_02105 hypothetical protein,Unmatched,0,0,0
GMBOIL_02110 hypothetical protein,Unmatched,0,0,0
GMBOIL_02115 IS630 family transposase,Unmatched,0,0,0
GMBOIL_02120 IS630 family transposase,Unmatched,0,0,0
GMBOIL_02125 bifunctional folylpolyglutamate synthase/dihydrofolate synthase,Unmatched,0,0,0
GMBOIL_02130 DUF3352 domain-containing protein,Unmatched,0,0,0
GMBOIL_02135 PEP-CTERM sorting domain-containing protein,Unmatched,0,0,0
GMBOIL_02140 quinone-dependent dihydroorotate dehydrogenase,Unmatched,0,0,0
GMBOIL_02145 molecular chaperone DnaJ,Unmatched,0,0,0
GMBOIL_02150 hypothetical protein,Unmatched,0,0,0
GMBOIL_02155 Adenylate cyclase,Unmatched,0,0,0
GMBOIL_02160 hypothetical protein,Unmatched,0,0,0
GMBOIL_02165 hypothetical protein,Unmatched,0,0,0
GMBOIL_02170 hypothetical protein,Unmatched,0,0,0
GMBOIL_02175 tRNA-Leu(tag),Unmatched,0,0,0
GMBOIL_02180 prolipoprotein diacylglyceryl transferase,Unmatched,0,0,0
GMBOIL_02185 flagellar biosynthesis protein FlgM,Unmatched,0,0,0
GMBOIL_02190 glycosyl transferase family 2,Unmatched,0,0,0
GMBOIL_02195 hypothetical protein,Unmatched,0,0,0
GMBOIL_02200 DUF721 domain-containing protein,Unmatched,0,0,0
GMBOIL_02205 hypothetical protein,Unmatched,0,0,0
GMBOIL_02210 phage shock protein A,Unmatched,0,0,0
GMBOIL_02215 RNA-binding protein,Unmatched,0,0,0
"GMBOIL_02220 1,4-dihydroxy-2-naphthoyl-CoA synthase",Unmatched,0,0,0
GMBOIL_02225 hypothetical protein,Unmatched,0,0,0
GMBOIL_02230 Glycosyltransferase family 87,Unmatched,0,0,0
"GMBOIL_02235 Endonuclease, Uma2 family (restriction endonuclease fold)",Unmatched,0,0,0
GMBOIL_02240 Uma2 domain-containing protein,Unmatched,0,0,0
GMBOIL_02245 hypothetical protein,Unmatched,0,0,0
GMBOIL_02250 potassium-transporting ATPase subunit KdpA,Unmatched,0,0,0
GMBOIL_02255 potassium-transporting ATPase subunit KdpB,Unmatched,0,0,0
GMBOIL_02260 ABC transporter permease,Unmatched,0,0,0
GMBOIL_02265 hypothetical protein,Unmatched,0,0,0
GMBOIL_02270 ribonuclease P,Unmatched,0,0,0
GMBOIL_02275 membrane protein insertase YidC,Unmatched,0,0,0
GMBOIL_02280 RNA-binding protein,Unmatched,0,0,0
GMBOIL_02285 Similarity,Unmatched,0,0,0
GMBOIL_02290 nucleotide exchange factor GrpE,Unmatched,0,0,0
GMBOIL_02295 general secretion pathway protein GspE,Unmatched,0,0,0
GMBOIL_02300 twitching motility protein PilT,Unmatched,0,0,0
GMBOIL_02305 pilus assembly protein PilC,Unmatched,0,0,0
GMBOIL_02310 Type IV pilin PilA,Unmatched,0,0,0
GMBOIL_02315 DUF4351 domain-containing protein,Unmatched,0,0,0
GMBOIL_02320 primosomal protein N',Unmatched,0,0,0
GMBOIL_02325 cobalamin biosynthesis protein CobW,Unmatched,0,0,0
GMBOIL_02330 hypothetical protein,Unmatched,0,0,0
GMBOIL_02335 UDP-N-acetyl-alpha-D-glucosamine C6 dehydratase,Unmatched,0,0,0
GMBOIL_02340 HicB family protein,Unmatched,0,0,0
GMBOIL_02345 hypothetical protein,Unmatched,0,0,0
GMBOIL_02350 hypothetical protein,Unmatched,0,0,0
GMBOIL_02355 type II toxin-antitoxin system RelE/ParE family toxin,Unmatched,0,0,0
GMBOIL_02360 murein transglycosylase,Unmatched,0,0,0
GMBOIL_02365 hypothetical protein,Unmatched,0,0,0
GMBOIL_02370 hypothetical protein,Unmatched,0,0,0
GMBOIL_02375 Peptidase-M16 domain-containing protein,Unmatched,0,0,0
GMBOIL_02380 Peptidase-M16-C domain-containing protein,Unmatched,0,0,0
GMBOIL_02385 ABC transporter ATP-binding protein,Unmatched,0,0,0
GMBOIL_02390 Membrane fusion protein (MFP) family protein,Unmatched,0,0,0
GMBOIL_02395 N-acetyltransferase,Unmatched,0,0,0
GMBOIL_02400 hypothetical protein,Unmatched,0,0,0
GMBOIL_02405 hypothetical protein,Unmatched,0,0,0
GMBOIL_02410 Abi family protein,Unmatched,0,0,0
GMBOIL_02415 Site-specific DNA-methyltransferase (Adenine-specific),Unmatched,0,0,0
GMBOIL_02420 HNHc domain-containing protein,Unmatched,0,0,0
GMBOIL_02425 HigA family addiction module antitoxin,Unmatched,0,0,0
GMBOIL_02430 ParA-like ATPase involved in chromosome/plasmid partitioning or cellulose biosynthesis protein BcsQ,Unmatched,0,0,0
GMBOIL_02435 Chromosome partitioning protein ParB,Unmatched,0,0,0
GMBOIL_02440 Plasmid replication initiator protein,Unmatched,0,0,0
GMBOIL_02445 hypothetical protein,Unmatched,0,0,0
GMBOIL_02450 hypothetical protein,Unmatched,0,0,0
GMBOIL_02455 hypothetical protein,Unmatched,0,0,0
GMBOIL_02460 hypothetical protein,Unmatched,0,0,0
GMBOIL_02465 hypothetical protein,Unmatched,0,0,0
GMBOIL_02470 hypothetical protein,Unmatched,0,0,0
GMBOIL_02475 hypothetical protein,Unmatched,0,0,0
GMBOIL_02480 RTX toxin-activating lysine-acyltransferase,Unmatched,0,0,0
GMBOIL_02485 hypothetical protein,Unmatched,0,0,0
GMBOIL_02490 putative high light inducible protein,Unmatched,0,0,0
GMBOIL_02495 aminotransferase,Unmatched,0,0,0
GMBOIL_02500 RNA polymerase subunit sigma,Unmatched,0,0,0
GMBOIL_02505 Holliday junction DNA helicase RuvB,Unmatched,0,0,0
GMBOIL_02510 glycoside hydrolase,Unmatched,0,0,0
GMBOIL_02560 CemA family,Unmatched,0,0,0
GMBOIL_02565 glycosyl transferase family 1,Unmatched,0,0,0
GMBOIL_02570 replication restart DNA helicase PriA,Unmatched,0,0,0
GMBOIL_02575 hypothetical protein,Unmatched,0,0,0
GMBOIL_02580 PAS domain-containing sensor histidine kinase,Unmatched,0,0,0
GMBOIL_02585 DZANK-type domain-containing protein,Unmatched,0,0,0
GMBOIL_02590 hypothetical protein,Unmatched,0,0,0
GMBOIL_02595 hypothetical protein,Unmatched,0,0,0
GMBOIL_02600 SDR family oxidoreductase,Unmatched,0,0,0
GMBOIL_02605 TIR domain-containing protein,Unmatched,0,0,0
GMBOIL_02615 hypothetical protein,Unmatched,0,0,0
GMBOIL_02620 hypothetical protein,Unmatched,0,0,0
GMBOIL_02625 Uncharacterised protein family (UPF0175),Unmatched,0,0,0
GMBOIL_02630 DUF3368 domain-containing protein,Unmatched,0,0,0
GMBOIL_02635 Putative N-acetylgalactosaminyl-diphosphoundecaprenol glucuronosyltransferase,Unmatched,0,0,0
GMBOIL_02640 hypothetical protein,Unmatched,0,0,0
GMBOIL_02645 Glycosyl transferase-like protein,Unmatched,0,0,0
GMBOIL_02650 HpcH-HpaI domain-containing protein,Unmatched,0,0,0
"GMBOIL_02655 dTDP-4-dehydrorhamnose 3,5-epimerase",Unmatched,0,0,0
GMBOIL_02660 Amino acid transport system substrate-binding protein,Unmatched,0,0,0
GMBOIL_02665 Gln-synt-C domain-containing protein,Unmatched,0,0,0
GMBOIL_02670 phosphomethylpyrimidine synthase,Unmatched,0,0,0
GMBOIL_02675 phycobiliprotein lyase,Unmatched,0,0,0
GMBOIL_02680 NAD(+) kinase,Unmatched,0,0,0
GMBOIL_02685 ribonucleotide-diphosphate reductase subunit beta,Unmatched,0,0,0
GMBOIL_02690 DUF29 domain-containing protein,Unmatched,0,0,0
GMBOIL_02695 DUF29 domain-containing protein,Unmatched,0,0,0
GMBOIL_02700 DUF29 domain-containing protein,Unmatched,0,0,0
GMBOIL_02705 ribonucleoside-diphosphate reductase subunit alpha,Unmatched,0,0,0
GMBOIL_02710 DUF3854 domain-containing protein,Unmatched,0,0,0
GMBOIL_02715 nitroreductase,Unmatched,0,0,0
GMBOIL_02720 guanylate cyclase,Unmatched,0,0,0
GMBOIL_02725 AmpG family muropeptide MFS transporter,Unmatched,0,0,0
GMBOIL_02730 GNAT family N-acetyltransferase,Unmatched,0,0,0
GMBOIL_02735 LytR family transcriptional regulator,Unmatched,0,0,0
GMBOIL_02740 arsenosugar biosynthesis radical SAM protein ArsS,Unmatched,0,0,0
GMBOIL_02745 DUF3143 domain-containing protein,Unmatched,0,0,0
GMBOIL_02750 heat-shock protein,Unmatched,0,0,0
GMBOIL_02755 thylakoid membrane photosystem I accumulation factor,Unmatched,0,0,0
"GMBOIL_02760 Carbohydrate-selective porin, OprB family",Unmatched,0,0,0
GMBOIL_02765 peptidase M16,Unmatched,0,0,0
GMBOIL_02770 Uncharacterised protein family (UPF0175),Unmatched,0,0,0
GMBOIL_02775 bacitracin ABC transporter ATP-binding protein,Unmatched,0,0,0
GMBOIL_02780 bacitracin ABC transporter ATP-binding protein,Unmatched,0,0,0
GMBOIL_02785 nitrate ABC transporter permease,Unmatched,0,0,0
GMBOIL_02790 bicarbonate-binding protein,Unmatched,0,0,0
GMBOIL_02795 N-acetylmuramoyl-L-alanine amidase,Unmatched,0,0,0
GMBOIL_02800 hypothetical protein,Unmatched,0,0,0
GMBOIL_02805 phosphate acetyltransferase,Unmatched,0,0,0
GMBOIL_02815 Tetratricopeptide repeat family protein,Unmatched,0,0,0
GMBOIL_02820 ATP-dependent zinc metalloprotease FtsH4,Unmatched,0,0,0
GMBOIL_02835 lipoyl(octanoyl) transferase LipB,Unmatched,0,0,0
GMBOIL_02840 phosphoenolpyruvate carboxykinase (ATP),Unmatched,0,0,0
GMBOIL_02845 aminoacetone oxidase family FAD-binding enzyme,Unmatched,0,0,0
GMBOIL_02850 urea ABC transporter ATP-binding subunit UrtE,Unmatched,0,0,0
GMBOIL_02855 urea ABC transporter ATP-binding protein UrtD,Unmatched,0,0,0
GMBOIL_02860 ABC transporter ATP-binding protein,Unmatched,0,0,0
GMBOIL_02865 hypothetical protein,Unmatched,0,0,0
GMBOIL_02870 ATP-binding protein,Unmatched,0,0,0
GMBOIL_02875 translation elongation factor 4,Unmatched,0,0,0
GMBOIL_02880 hypothetical protein,Unmatched,0,0,0
GMBOIL_02885 hypothetical protein,Unmatched,0,0,0
GMBOIL_02890 TENA/THI-4/PQQC family,Unmatched,0,0,0
GMBOIL_02895 DUF2605 domain-containing protein,Unmatched,0,0,0
GMBOIL_02900 DUF2973 domain-containing protein,Unmatched,0,0,0
GMBOIL_02905 esterase,Unmatched,0,0,0
GMBOIL_02910 RNA helicase,Unmatched,0,0,0
GMBOIL_02915 hypothetical protein,Unmatched,0,0,0
GMBOIL_02920 GxxExxY protein,Unmatched,0,0,0
GMBOIL_02925 DUF1156 domain-containing protein,Unmatched,0,0,0
GMBOIL_02930 hypothetical protein,Unmatched,0,0,0
GMBOIL_02935 PIN domain nuclease,Unmatched,0,0,0
GMBOIL_02940 DUF3696 domain-containing protein,Unmatched,0,0,0
GMBOIL_02945 hypothetical protein,Unmatched,0,0,0
GMBOIL_02950 AAA+ family ATPase,Unmatched,0,0,0
GMBOIL_02955 hypothetical protein,Unmatched,0,0,0
GMBOIL_02960 Similar to tr|Q8YLY9|Q8YLY9,Unmatched,0,0,0
GMBOIL_02965 photosystem I core protein PsaA,Unmatched,0,0,0
GMBOIL_02970 16S rRNA (adenine(1518)-N(6)/adenine(1519)-N(6))-dimethyltransferase RsmA,Unmatched,0,0,0
GMBOIL_02975 fluoride efflux transporter CrcB,Unmatched,0,0,0
GMBOIL_02980 fluoride efflux transporter CrcB,Unmatched,0,0,0
GMBOIL_02985 glycogen phosphorylase,Unmatched,0,0,0
GMBOIL_02990 tRNA-Asp(gtc),Unmatched,0,0,0
GMBOIL_02995 hypothetical protein,Unmatched,0,0,0
GMBOIL_03000 hypothetical protein,Unmatched,0,0,0
GMBOIL_03005 biopolymer transporter,Unmatched,0,0,0
GMBOIL_03010 DUF3370 domain-containing protein,Unmatched,0,0,0
"GMBOIL_03015 GTP 3',8-cyclase MoaA",Unmatched,0,0,0
GMBOIL_03020 Proto-chlorophyllide reductase 57 kD subunit,Unmatched,0,0,0
GMBOIL_03025 hypothetical protein,Unmatched,0,0,0
GMBOIL_03030 hypothetical protein,Unmatched,0,0,0
GMBOIL_03035 transcriptional regulator,Unmatched,0,0,0
GMBOIL_03040 FxSxx-COOH system tetratricopeptide repeat protein,Unmatched,0,0,0
GMBOIL_03045 Tetratricopeptide repeat protein,Unmatched,0,0,0
GMBOIL_03050 hypothetical protein,Unmatched,0,0,0
GMBOIL_03055 hypothetical protein,Unmatched,0,0,0
GMBOIL_03060 HNH endonuclease,Unmatched,0,0,0
GMBOIL_03065 hypothetical protein,Unmatched,0,0,0
GMBOIL_03070 mRNA-degrading endonuclease,Unmatched,0,0,0
GMBOIL_03075 hypothetical protein,Unmatched,0,0,0
GMBOIL_03080 nucleotidyltransferase domain-containing protein,Unmatched,0,0,0
GMBOIL_03085 HEPN domain-containing protein,Unmatched,0,0,0
GMBOIL_03090 DUF2062 domain-containing protein,Unmatched,0,0,0
GMBOIL_03095 tRNA uridine-5-carboxymethylaminomethyl(34) synthesis GTPase MnmE,Unmatched,0,0,0
GMBOIL_03100 polyhydroxyalkanoate biosynthesis repressor PhaR,Unmatched,0,0,0
GMBOIL_03105 polyhydroxyalkanoate biosynthesis repressor PhaR,Unmatched,0,0,0
GMBOIL_03110 hypothetical protein,Unmatched,0,0,0
GMBOIL_03115 hypothetical protein,Unmatched,0,0,0
GMBOIL_03120 DDE-5 domain-containing protein,Unmatched,0,0,0
GMBOIL_03125 hypothetical protein,Unmatched,0,0,0
GMBOIL_03130 DDE-5 domain-containing protein,Unmatched,0,0,0
GMBOIL_03135 IS5 family transposase,Unmatched,0,0,0
GMBOIL_03140 hypothetical protein,Unmatched,0,0,0
GMBOIL_03145 cadmium-translocating P-type ATPase,Unmatched,0,0,0
GMBOIL_03150 hypothetical protein,Unmatched,0,0,0
GMBOIL_03155 hypothetical protein,Unmatched,0,0,0
GMBOIL_03160 type II toxin-antitoxin system HicB family antitoxin,Unmatched,0,0,0
GMBOIL_03165 glycosyltransferase,Unmatched,0,0,0
GMBOIL_03170 serine acetyltransferase,Unmatched,0,0,0
GMBOIL_03175 2-C-methyl-D-erythritol 4-phosphate cytidylyltransferase,Unmatched,0,0,0
GMBOIL_03200 photosynthetic/respiratory NAD(P)H-quinone oxidoreductase subunit C,Unmatched,0,0,0
GMBOIL_03205 photosynthetic/respiratory NAD(P)H-quinone oxidoreductase subunit K,Unmatched,0,0,0
GMBOIL_03210 NAD(P)H-quinone oxidoreductase subunit J,Unmatched,0,0,0
GMBOIL_03215 alpha/beta hydrolase,Unmatched,0,0,0
GMBOIL_03220 histone deacetylase,Unmatched,0,0,0
"GMBOIL_03225 Coenzyme F420 hydrogenase/dehydrogenase, beta subunit N-term",Unmatched,0,0,0
GMBOIL_03230 hypothetical protein,Unmatched,0,0,0
GMBOIL_03235 HicB-like domain-containing protein,Unmatched,0,0,0
"GMBOIL_03240 HicA toxin of bacterial toxin-antitoxin,",Unmatched,0,0,0
"GMBOIL_03245 type II toxin-antitoxin system mRNA interferase toxin, RelE/StbE family",Unmatched,0,0,0
GMBOIL_03250 prevent-host-death protein,Unmatched,0,0,0
GMBOIL_03255 PIN domain nuclease,Unmatched,0,0,0
GMBOIL_03260 Similarity,Unmatched,0,0,0
GMBOIL_03265 hypothetical protein,Unmatched,0,0,0
GMBOIL_03270 DUF4326 domain-containing protein,Unmatched,0,0,0
GMBOIL_03275 hypothetical protein,Unmatched,0,0,0
GMBOIL_03280 hypothetical protein,Unmatched,0,0,0
GMBOIL_03285 hypothetical protein,Unmatched,0,0,0
GMBOIL_03290 hypothetical protein,Unmatched,0,0,0
GMBOIL_03295 DNA primase TraC,Unmatched,0,0,0
GMBOIL_03300 hypothetical protein,Unmatched,0,0,0
GMBOIL_03305 GRRM system radical SAM/SPASM domain protein,Unmatched,0,0,0
GMBOIL_03310 murein transglycosylase,Unmatched,0,0,0
GMBOIL_03315 Magnesium and cobalt efflux protein CorC,Unmatched,0,0,0
GMBOIL_03320 hypothetical protein,Unmatched,0,0,0
GMBOIL_03325 tRNA-Ile2(cat),Unmatched,0,0,0
GMBOIL_03330 ParA family protein,Unmatched,0,0,0
GMBOIL_03335 tRNA-Ser(gga),Unmatched,0,0,0
GMBOIL_03340 transcription-repair coupling factor,Unmatched,0,0,0
GMBOIL_03345 cation ABC transporter substrate-binding protein,Unmatched,0,0,0
GMBOIL_03350 ABC transporter,Unmatched,0,0,0
GMBOIL_03355 type II toxin-antitoxin system HicB family antitoxin,Unmatched,0,0,0
GMBOIL_03360 DUF1214 domain-containing protein,Unmatched,0,0,0
GMBOIL_03365 DNA cytosine methyltransferase,Unmatched,0,0,0
GMBOIL_03370 tRNA-Ala(ggc),Unmatched,0,0,0
GMBOIL_03375 hypothetical protein,Unmatched,0,0,0
GMBOIL_03380 hypothetical protein,Unmatched,0,0,0
GMBOIL_03385 Non-specific serine/threonine protein kinase,Unmatched,0,0,0
GMBOIL_03390 UPF0367 protein MAE_19160,Unmatched,0,0,0
GMBOIL_03395 LuxR family transcriptional regulator,Unmatched,0,0,0
GMBOIL_03400 RNA-binding protein,Unmatched,0,0,0
GMBOIL_03405 DNA/RNA nuclease SfsA,Unmatched,0,0,0
GMBOIL_03410 chorismate synthase,Unmatched,0,0,0
GMBOIL_03415 glycosyl transferase family 1,Unmatched,0,0,0
GMBOIL_03420 Putative restriction endonuclease,Unmatched,0,0,0
GMBOIL_03425 hypothetical protein,Unmatched,0,0,0
GMBOIL_03430 pilus assembly protein PilM,Unmatched,0,0,0
GMBOIL_03435 pilus assembly protein,Unmatched,0,0,0
GMBOIL_03440 pilus assembly protein,Unmatched,0,0,0
GMBOIL_03445 pilus assembly protein,Unmatched,0,0,0
GMBOIL_03450 NUDIX hydrolase,Unmatched,0,0,0
GMBOIL_03455 hypothetical protein,Unmatched,0,0,0
GMBOIL_03460 DNA polymerase III subunit gamma/tau,Unmatched,0,0,0
GMBOIL_03465 Grx4 family monothiol glutaredoxin,Unmatched,0,0,0
GMBOIL_03470 hypothetical protein,Unmatched,0,0,0
GMBOIL_03475 mechanosensitive ion channel family protein,Unmatched,0,0,0
GMBOIL_03480 lipoyl synthase,Unmatched,0,0,0
GMBOIL_03485 Putative S-adenosyl-L-methionine-dependent methyltransferase,Unmatched,0,0,0
GMBOIL_03490 ferredoxin:protochlorophyllide reductase (ATP-dependent) subunit B,Unmatched,0,0,0
GMBOIL_03495 chromosome partitioning protein ParA,Unmatched,0,0,0
GMBOIL_03500 prepilin-type cleavage/methylation domain-containing protein,Unmatched,0,0,0
GMBOIL_03505 tRNA (uridine(34)/cytosine(34)/5-carboxymethylaminomethyluridine(34)-2'-O)-methyltransferase TrmL,Unmatched,0,0,0
GMBOIL_03510 hypothetical protein,Unmatched,0,0,0
GMBOIL_03515 hypothetical protein,Unmatched,0,0,0
GMBOIL_03520 Tandem-95 repeat protein,Unmatched,0,0,0
GMBOIL_03525 L-glutamate gamma-semialdehyde dehydrogenase,Unmatched,0,0,0
GMBOIL_03530 photosynthetic/respiratory NAD(P)H-quinone oxidoreductase subunit H,Unmatched,0,0,0
GMBOIL_03535 hypothetical protein,Unmatched,0,0,0
GMBOIL_03540 chromosome segregation protein SMC,Unmatched,0,0,0
GMBOIL_03545 dehydrogenase,Unmatched,0,0,0
GMBOIL_03550 3-dehydroquinate synthase,Unmatched,0,0,0
GMBOIL_03555 hypothetical protein,Unmatched,0,0,0
GMBOIL_03560 Cytochrome b6-f complex subunit 8,Unmatched,0,0,0
GMBOIL_03565 hypothetical protein,Unmatched,0,0,0
GMBOIL_03570 magnesium chelatase ATPase subunit D,Unmatched,0,0,0
GMBOIL_03575 2-succinyl-5-enolpyruvyl-6-hydroxy-3-cyclohexene-1-carboxylic-acid synthase,Unmatched,0,0,0
GMBOIL_03580 glycosyltransferase,Unmatched,0,0,0
GMBOIL_03585 serine/threonine protein kinase,Unmatched,0,0,0
GMBOIL_03590 sulfonate ABC transporter permease,Unmatched,0,0,0
GMBOIL_03595 Prokaryotic-like s of the JAB domain-containing protein,Unmatched,0,0,0
GMBOIL_03600 DUF4334 domain-containing protein,Unmatched,0,0,0
GMBOIL_03605 recombinase,Unmatched,0,0,0
GMBOIL_03610 hypothetical protein,Unmatched,0,0,0
GMBOIL_03615 IscS subfamily cysteine desulfurase,Unmatched,0,0,0
GMBOIL_03620 NADH-quinone oxidoreductase subunit M,Unmatched,0,0,0
GMBOIL_03625 pentapeptide repeat-containing protein,Unmatched,0,0,0
GMBOIL_03630 hypothetical protein,Unmatched,0,0,0
GMBOIL_03635 GUN4 domain-containing protein,Unmatched,0,0,0
GMBOIL_03640 serine protease,Unmatched,0,0,0
GMBOIL_03645 Circadian oscillating protein COP23,Unmatched,0,0,0
GMBOIL_03650 bifunctional UDP-N-acetylglucosamine diphosphorylase/glucosamine-1-phosphate N-acetyltransferase GlmU,Unmatched,0,0,0
GMBOIL_03655 hypothetical protein,Unmatched,0,0,0
GMBOIL_03660 DUF561 domain-containing protein,Unmatched,0,0,0
GMBOIL_03665 branched-chain alpha-keto acid dehydrogenase subunit E2,Unmatched,0,0,0
GMBOIL_03670 photosystem reaction center subunit H,Unmatched,0,0,0
"GMBOIL_03675 Addiction module toxin, HicA family",Unmatched,0,0,0
GMBOIL_03680 hypothetical protein,Unmatched,0,0,0
GMBOIL_03685 hypothetical protein,Unmatched,0,0,0
GMBOIL_03690 hypothetical protein,Unmatched,0,0,0
GMBOIL_03695 cell division protein FtsZ,Unmatched,0,0,0
GMBOIL_03700 cell division protein,Unmatched,0,0,0
GMBOIL_03705 peptidase S41,Unmatched,0,0,0
GMBOIL_03710 Similar to tr|Q8YU56|Q8YU56,Unmatched,0,0,0
GMBOIL_03715 glycosyl hydrolase family 57,Unmatched,0,0,0
GMBOIL_03720 Magnesium and cobalt efflux protein CorC,Unmatched,0,0,0
GMBOIL_03725 hypothetical protein,Unmatched,0,0,0
GMBOIL_03730 Proton extrusion protein PcxA,Unmatched,0,0,0
GMBOIL_03735 type I-D CRISPR-associated protein Cas5/Csc1,Unmatched,0,0,0
GMBOIL_03740 type I-D CRISPR-associated protein Cas7/Csc2,Unmatched,0,0,0
GMBOIL_03745 type I-D CRISPR-associated protein Cas10d/Csc3,Unmatched,0,0,0
GMBOIL_03750 Ribonuclease HepT-like,Unmatched,0,0,0
GMBOIL_03755 nucleotidyltransferase domain-containing protein,Unmatched,0,0,0
GMBOIL_03760 hypothetical protein,Unmatched,0,0,0
GMBOIL_03765 Nucleotidyltransferase domain-containing protein,Unmatched,0,0,0
GMBOIL_03770 type I-D CRISPR-associated helicase Cas3',Unmatched,0,0,0
GMBOIL_03775 WYL domain-containing protein,Unmatched,0,0,0
GMBOIL_03780 glycerol acyltransferase,Unmatched,0,0,0
"GMBOIL_03785 Endonuclease, Uma2 family (restriction endonuclease fold)",Unmatched,0,0,0
GMBOIL_03790 Lysylphosphatidylglycerol synthase TM region,Unmatched,0,0,0
GMBOIL_03795 DUF29 domain-containing protein,Unmatched,0,0,0
GMBOIL_03800 DUF29 domain-containing protein,Unmatched,0,0,0
GMBOIL_03805 DUF29 domain-containing protein,Unmatched,0,0,0
GMBOIL_03810 DUF29 domain-containing protein,Unmatched,0,0,0
GMBOIL_03815 NAD(P)H-quinone oxidoreductase subunit O,Unmatched,0,0,0
GMBOIL_03820 malate dehydrogenase,Unmatched,0,0,0
GMBOIL_03825 RNA methyltransferase,Unmatched,0,0,0
GMBOIL_03830 hypothetical protein,Unmatched,0,0,0
GMBOIL_03835 phosphorylase kinase,Unmatched,0,0,0
GMBOIL_03840 hypothetical protein,Unmatched,0,0,0
GMBOIL_03845 photosystem I reaction center subunit XII,Unmatched,0,0,0
GMBOIL_03850 Transposase,Unmatched,0,0,0
GMBOIL_03855 FGE-sulfatase domain-containing protein,Unmatched,0,0,0
GMBOIL_03860 NB-ARC domain-containing protein,Unmatched,0,0,0
GMBOIL_03865 plasmid stabilization protein,Unmatched,0,0,0
GMBOIL_03870 Similarity,Unmatched,0,0,0
GMBOIL_03875 hypothetical protein,Unmatched,0,0,0
GMBOIL_03880 PEP-CTERM sorting domain-containing protein,Unmatched,0,0,0
"GMBOIL_03885 Glycosyl transferase family, a/b domain-containing protein",Unmatched,0,0,0
GMBOIL_03890 LysR family transcriptional regulator,Unmatched,0,0,0
GMBOIL_03895 glutamate-5-semialdehyde dehydrogenase,Unmatched,0,0,0
GMBOIL_03900 hypothetical protein,Unmatched,0,0,0
GMBOIL_03905 tRNA-Gly(gcc),Unmatched,0,0,0
GMBOIL_03910 hypothetical protein,Unmatched,0,0,0
"GMBOIL_03915 6,7-dimethyl-8-ribityllumazine synthase",Unmatched,0,0,0
GMBOIL_03920 photosystem II reaction center protein PsbZ,Unmatched,0,0,0
GMBOIL_03925 copper resistance protein CopD,Unmatched,0,0,0
GMBOIL_03930 poly(A) polymerase,Unmatched,0,0,0
GMBOIL_03935 Ssr3189 protein,Unmatched,0,0,0
GMBOIL_03940 RNA-binding protein,Unmatched,0,0,0
GMBOIL_03945 hypothetical protein,Unmatched,0,0,0
GMBOIL_03950 DNA methylase,Unmatched,0,0,0
GMBOIL_03955 phenylalanine--tRNA ligase subunit alpha,Unmatched,0,0,0
GMBOIL_03960 DUF4870 domain-containing protein,Unmatched,0,0,0
GMBOIL_03965 FAD-dependent oxidoreductase,Unmatched,0,0,0
GMBOIL_03970 cytidine deaminase,Unmatched,0,0,0
GMBOIL_03975 DUF433 domain-containing protein,Unmatched,0,0,0
GMBOIL_03990 hypothetical protein,Unmatched,0,0,0
GMBOIL_03995 hypothetical protein,Unmatched,0,0,0
GMBOIL_04000 DUF29 domain-containing protein,Unmatched,0,0,0
GMBOIL_04005 hypothetical protein,Unmatched,0,0,0
GMBOIL_04010 Type I site-specific deoxyribonuclease,Unmatched,0,0,0
GMBOIL_04015 hypothetical protein,Unmatched,0,0,0
GMBOIL_04020 DedA family protein,Unmatched,0,0,0
GMBOIL_04025 TIGR03032 family protein,Unmatched,0,0,0
GMBOIL_04030 glutaminase A,Unmatched,0,0,0
GMBOIL_04035 molybdopterin molybdenumtransferase,Unmatched,0,0,0
GMBOIL_04040 ACP S-malonyltransferase,Unmatched,0,0,0
GMBOIL_04045 3-oxoacyl-[acyl-carrier-protein] synthase 3,Unmatched,0,0,0
GMBOIL_04050 phosphate acyltransferase PlsX,Unmatched,0,0,0
GMBOIL_04055 D-alanyl-D-alanine carboxypeptidase/D-alanyl-D-alanine-endopeptidase,Unmatched,0,0,0
GMBOIL_04060 Alpha-amylase-C domain-containing protein,Unmatched,0,0,0
GMBOIL_04065 Uncharacterized protein sll1735,Unmatched,0,0,0
GMBOIL_04070 hypothetical protein,Unmatched,0,0,0
GMBOIL_04075 ATPase,Unmatched,0,0,0
GMBOIL_04080 TIGR02646 family protein,Unmatched,0,0,0
GMBOIL_04085 hypothetical protein,Unmatched,0,0,0
GMBOIL_04090 hypothetical protein,Unmatched,0,0,0
GMBOIL_04095 isochorismate synthase,Unmatched,0,0,0
GMBOIL_04100 hypothetical protein,Unmatched,0,0,0
GMBOIL_04105 hypothetical protein,Unmatched,0,0,0
GMBOIL_04110 NADP-dependent isocitrate dehydrogenase,Unmatched,0,0,0
GMBOIL_04115 valine--tRNA ligase,Unmatched,0,0,0
GMBOIL_04120 IS30 family transposase,Unmatched,0,0,0
GMBOIL_04125 DUF2281 domain-containing protein,Unmatched,0,0,0
GMBOIL_04130 citrate lyase beta subunit,Unmatched,0,0,0
GMBOIL_04135 FAD dependent oxidoreductase,Unmatched,0,0,0
GMBOIL_04140 mannose-1-phosphate guanylyltransferase,Unmatched,0,0,0
GMBOIL_04145 hypothetical protein,Unmatched,0,0,0
GMBOIL_04150 tRNA-Arg(cct),Unmatched,0,0,0
GMBOIL_04155 RDD family,Unmatched,0,0,0
GMBOIL_04160 DUF6464 domain-containing protein,Unmatched,0,0,0
GMBOIL_04165 8-amino-7-oxononanoate synthase,Unmatched,0,0,0
GMBOIL_04170 hypothetical protein,Unmatched,0,0,0
GMBOIL_04175 DUF104 domain-containing protein,Unmatched,0,0,0
GMBOIL_04185 PINc domain-containing protein,Unmatched,0,0,0
GMBOIL_04195 pseudouridine synthase,Unmatched,0,0,0
GMBOIL_04200 DUF4115 domain-containing protein,Unmatched,0,0,0
GMBOIL_04205 hypothetical protein,Unmatched,0,0,0
GMBOIL_04210 hypothetical protein,Unmatched,0,0,0
GMBOIL_04215 hypothetical protein,Unmatched,0,0,0
GMBOIL_04220 aldo/keto reductase,Unmatched,0,0,0
GMBOIL_04225 ABC transporter permease,Unmatched,0,0,0
GMBOIL_04230 efflux transporter periplasmic adaptor subunit,Unmatched,0,0,0
GMBOIL_04245 Thiol-cytolys-C domain-containing protein,Unmatched,0,0,0
GMBOIL_04265 TIGR03792 family protein,Unmatched,0,0,0
"GMBOIL_04270 cobyrinic acid a,c-diamide synthase",Unmatched,0,0,0
GMBOIL_04275 DNA polymerase subunit beta,Unmatched,0,0,0
GMBOIL_04280 DUF86 domain-containing protein,Unmatched,0,0,0
GMBOIL_04285 IS701 family transposase,Unmatched,0,0,0
GMBOIL_04290 alcohol dehydrogenase,Unmatched,0,0,0
GMBOIL_04295 acetyl-CoA carboxylase biotin carboxyl carrier protein,Unmatched,0,0,0
GMBOIL_04300 elongation factor P,Unmatched,0,0,0
GMBOIL_04305 DUF3067 domain-containing protein,Unmatched,0,0,0
GMBOIL_04310 PEP-CTERM sorting domain-containing protein,Unmatched,0,0,0
GMBOIL_04315 heavy metal transporter,Unmatched,0,0,0
GMBOIL_04320 hypothetical protein,Unmatched,0,0,0
GMBOIL_04325 Arginine decarboxylase,Unmatched,0,0,0
GMBOIL_04330 Similar to tr|Q55572|Q55572,Unmatched,0,0,0
GMBOIL_04335 UMP kinase,Unmatched,0,0,0
GMBOIL_04340 ribosome recycling factor,Unmatched,0,0,0
"GMBOIL_04345 von Willebrand factor, type A",Unmatched,0,0,0
GMBOIL_04350 hypothetical protein,Unmatched,0,0,0
GMBOIL_04355 PIN domain nuclease,Unmatched,0,0,0
GMBOIL_04360 hypothetical protein,Unmatched,0,0,0
GMBOIL_04365 AAA-lid-3 domain-containing protein,Unmatched,0,0,0
GMBOIL_04370 hypothetical protein,Unmatched,0,0,0
GMBOIL_04375 YGGT family,Unmatched,0,0,0
GMBOIL_04380 hypothetical protein,Unmatched,0,0,0
GMBOIL_04385 Integral membrane protein TerC family,Unmatched,0,0,0
GMBOIL_04390 hypothetical protein,Unmatched,0,0,0
GMBOIL_04395 hypothetical protein,Unmatched,0,0,0
GMBOIL_04400 hypothetical protein,Unmatched,0,0,0
GMBOIL_04405 hypothetical protein,Unmatched,0,0,0
GMBOIL_04410 hypothetical protein,Unmatched,0,0,0
GMBOIL_04415 Beta-barrel assembly-enhancing protease,Unmatched,0,0,0
GMBOIL_04420 hypothetical protein,Unmatched,0,0,0
GMBOIL_04425 allophycocyanin,Unmatched,0,0,0
GMBOIL_04430 SPFH domain / Band 7 family,Unmatched,0,0,0
GMBOIL_04435 glutathione-disulfide reductase,Unmatched,0,0,0
GMBOIL_04440 hypothetical protein,Unmatched,0,0,0
GMBOIL_04445 Anacyclamide/piricyclamide family prenylated cyclic peptide,Unmatched,0,0,0
GMBOIL_04450 hypothetical protein,Unmatched,0,0,0
GMBOIL_04465 hypothetical protein,Unmatched,0,0,0
"GMBOIL_04470 Carbohydrate-selective porin, OprB family",Unmatched,0,0,0
GMBOIL_04475 CoA-binding protein,Unmatched,0,0,0
GMBOIL_04480 chemotaxis protein CheW,Unmatched,0,0,0
GMBOIL_04485 chemotaxis protein,Unmatched,0,0,0
GMBOIL_04490 glycosyltransferase,Unmatched,0,0,0
GMBOIL_04495 hypothetical protein,Unmatched,0,0,0
GMBOIL_04500 PIN domain nuclease,Unmatched,0,0,0
GMBOIL_04505 UPF0284 protein MAE_56900,Unmatched,0,0,0
GMBOIL_04510 Glycosyl transferase family 41,Unmatched,0,0,0
GMBOIL_04515 Transposase,Unmatched,0,0,0
GMBOIL_04520 30S ribosomal protein S4,Unmatched,0,0,0
GMBOIL_04525 BFN domain-containing protein,Unmatched,0,0,0
GMBOIL_04530 gas vesicle protein K,Unmatched,0,0,0
GMBOIL_04535 gas vesicle protein,Unmatched,0,0,0
GMBOIL_04540 gas vesicle protein,Unmatched,0,0,0
GMBOIL_04545 gas vesicle protein GvpN,Unmatched,0,0,0
GMBOIL_04550 type II toxin-antitoxin system HigB family toxin,Unmatched,0,0,0
GMBOIL_04555 transcriptional regulator,Unmatched,0,0,0
GMBOIL_04565 hypothetical protein,Unmatched,0,0,0
GMBOIL_04570 hypothetical protein,Unmatched,0,0,0
GMBOIL_04580 NAD synthetase,Unmatched,0,0,0
GMBOIL_04585 pyridine nucleotide transhydrogenase,Unmatched,0,0,0
GMBOIL_04590 Re/Si-specific NAD(P)(+) transhydrogenase subunit alpha,Unmatched,0,0,0
GMBOIL_04595 CRISPR-associated endoribonuclease Cas6,Unmatched,0,0,0
GMBOIL_04600 CRISPR-associated protein Cas4,Unmatched,0,0,0
GMBOIL_04605 type I-D CRISPR-associated endonuclease Cas1d,Unmatched,0,0,0
GMBOIL_04610 CRISPR-associated endonuclease Cas2,Unmatched,0,0,0
GMBOIL_04615 hypothetical protein,Unmatched,0,0,0
GMBOIL_04620 hypothetical protein,Unmatched,0,0,0
GMBOIL_04625 hypothetical protein,Unmatched,0,0,0
GMBOIL_04630 endonuclease,Unmatched,0,0,0
GMBOIL_04635 hypothetical protein,Unmatched,0,0,0
GMBOIL_04640 plasmid maintenance system killer family protein,Unmatched,0,0,0
GMBOIL_04645 HigA family addiction module antitoxin,Unmatched,0,0,0
GMBOIL_04650 Hrp-dependent type III effector protein,Unmatched,0,0,0
GMBOIL_04655 acyl-ACP--UDP-N-acetylglucosamine O-acyltransferase,Unmatched,0,0,0
GMBOIL_04660 lipid-A-disaccharide synthase,Unmatched,0,0,0
GMBOIL_04665 preprotein translocase subunit Tim44,Unmatched,0,0,0
GMBOIL_04670 IctB family putative bicarbonate transporter,Unmatched,0,0,0
GMBOIL_04675 magnesium chelatase,Unmatched,0,0,0
GMBOIL_04680 hypothetical protein,Unmatched,0,0,0
GMBOIL_04685 hypothetical protein,Unmatched,0,0,0
GMBOIL_04690 bifunctional riboflavin kinase/FAD synthetase,Unmatched,0,0,0
GMBOIL_04695 50S ribosomal protein L1,Unmatched,0,0,0
GMBOIL_04700 hypothetical protein,Unmatched,0,0,0
GMBOIL_04705 hypothetical protein,Unmatched,0,0,0
GMBOIL_04710 phosphoribosylformylglycinamidine synthase subunit PurQ,Unmatched,0,0,0
GMBOIL_04715 phosphoribosylformylglycinamidine synthase subunit PurS,Unmatched,0,0,0
GMBOIL_04720 TSPc domain-containing protein,Unmatched,0,0,0
GMBOIL_04725 NUDIX hydrolase,Unmatched,0,0,0
GMBOIL_04730 Hercynine oxygenase,Unmatched,0,0,0
GMBOIL_04735 hypothetical protein,Unmatched,0,0,0
GMBOIL_04740 protein tyrosine kinase,Unmatched,0,0,0
GMBOIL_04745 cryptochrome DASH,Unmatched,0,0,0
GMBOIL_04750 K(+)-transporting ATPase subunit C,Unmatched,0,0,0
GMBOIL_04755 DUF218 domain-containing protein,Unmatched,0,0,0
GMBOIL_04760 hypothetical protein,Unmatched,0,0,0
GMBOIL_04765 thioredoxin-disulfide reductase,Unmatched,0,0,0
GMBOIL_04770 haloacid dehalogenase,Unmatched,0,0,0
GMBOIL_04775 hypothetical protein,Unmatched,0,0,0
GMBOIL_04780 DUF262 domain-containing protein,Unmatched,0,0,0
GMBOIL_04785 Putative restriction endonuclease,Unmatched,0,0,0
GMBOIL_04790 multidrug ABC transporter ATP-binding protein,Unmatched,0,0,0
GMBOIL_04795 D-alanyl-D-alanine carboxypeptidase/D-alanyl-D-alanine-endopeptidase,Unmatched,0,0,0
GMBOIL_04800 DUF6761 domain-containing protein,Unmatched,0,0,0
GMBOIL_04805 cysteine desulfurase,Unmatched,0,0,0
GMBOIL_04810 hypothetical protein,Unmatched,0,0,0
GMBOIL_04815 TIGR04168 family protein,Unmatched,0,0,0
GMBOIL_04820 hypothetical protein,Unmatched,0,0,0
GMBOIL_04825 diflavin flavoprotein A,Unmatched,0,0,0
GMBOIL_04830 Site-specific DNA-methyltransferase (adenine-specific),Unmatched,0,0,0
GMBOIL_04835 toxin-antitoxin system HicB family antitoxin,Unmatched,0,0,0
GMBOIL_04840 LysR family transcriptional regulator,Unmatched,0,0,0
GMBOIL_04845 hypothetical protein,Unmatched,0,0,0
GMBOIL_04850 TIGR04376 family protein,Unmatched,0,0,0
GMBOIL_04855 lysine--tRNA ligase,Unmatched,0,0,0
GMBOIL_04860 DUF3685 domain-containing protein,Unmatched,0,0,0
GMBOIL_04865 transcriptional repressor,Unmatched,0,0,0
GMBOIL_04870 16S rRNA (uracil(1498)-N(3))-methyltransferase,Unmatched,0,0,0
GMBOIL_04875 hypothetical protein,Unmatched,0,0,0
GMBOIL_04880 DEAD/DEAH box helicase,Unmatched,0,0,0
GMBOIL_04885 hypothetical protein,Unmatched,0,0,0
GMBOIL_04890 AAA-23 domain-containing protein,Unmatched,0,0,0
GMBOIL_04895 hypothetical protein,Unmatched,0,0,0
GMBOIL_04900 hypothetical protein,Unmatched,0,0,0
GMBOIL_04905 hypothetical protein,Unmatched,0,0,0
GMBOIL_04910 nitrogenase,Unmatched,0,0,0
GMBOIL_04915 Arginine--tRNA ligase,Unmatched,0,0,0
GMBOIL_04920 photosystem I reaction center subunit XII,Unmatched,0,0,0
GMBOIL_04925 23S rRNA (adenine(2503)-C(2))-methyltransferase RlmN,Unmatched,0,0,0
GMBOIL_04930 ribose-phosphate pyrophosphokinase,Unmatched,0,0,0
GMBOIL_04935 translational GTPase TypA,Unmatched,0,0,0
GMBOIL_04940 transposase,Unmatched,0,0,0
GMBOIL_04945 epimerase,Unmatched,0,0,0
GMBOIL_04950 Putative restriction endonuclease,Unmatched,0,0,0
GMBOIL_04955 hypothetical protein,Unmatched,0,0,0
GMBOIL_04960 DNA-binding response regulator,Unmatched,0,0,0
GMBOIL_04965 transposase,Unmatched,0,0,0
GMBOIL_04970 histidine kinase,Unmatched,0,0,0
GMBOIL_04975 hypothetical protein,Unmatched,0,0,0
"GMBOIL_04980 precorrin-6Y C5,15-methyltransferase subunit CbiT",Unmatched,0,0,0
GMBOIL_04985 phosphatidate cytidylyltransferase,Unmatched,0,0,0
GMBOIL_04990 hypothetical protein,Unmatched,0,0,0
GMBOIL_04995 hypothetical protein,Unmatched,0,0,0
GMBOIL_05000 [cytidine(C)-cytidine(C)-adenosine (A)]-adding enzyme,Unmatched,0,0,0
GMBOIL_05005 Hypothetical chloroplast protein Ycf34,Unmatched,0,0,0
GMBOIL_05010 NADH dehydrogenase,Unmatched,0,0,0
GMBOIL_05015 hypothetical protein,Unmatched,0,0,0
GMBOIL_05020 Similarity,Unmatched,0,0,0
GMBOIL_05025 hypothetical protein,Unmatched,0,0,0
GMBOIL_05030 Putative restriction endonuclease,Unmatched,0,0,0
GMBOIL_05035 hypothetical protein,Unmatched,0,0,0
GMBOIL_05040 RNA polymerase subunit sigma-70,Unmatched,0,0,0
GMBOIL_05045 hypothetical protein,Unmatched,0,0,0
GMBOIL_05050 nucleotide cyclase,Unmatched,0,0,0
GMBOIL_05055 Putative Group II intron-encoded protein LtrA-like,Unmatched,0,0,0
GMBOIL_05060 DUF29 domain-containing protein,Unmatched,0,0,0
GMBOIL_05065 cytochrome b6-f complex subunit PetL,Unmatched,0,0,0
GMBOIL_05070 DNA repair protein RadA,Unmatched,0,0,0
GMBOIL_05075 DNA-binding response regulator,Unmatched,0,0,0
GMBOIL_05080 Cofactor assembly of complex C subunit B,Unmatched,0,0,0
GMBOIL_05085 hypothetical protein,Unmatched,0,0,0
GMBOIL_05090 hypothetical protein,Unmatched,0,0,0
GMBOIL_05095 alpha-xenorhabdolysin family binary toxin subunit A,Unmatched,0,0,0
GMBOIL_05100 FGE-sulfatase domain-containing protein,Unmatched,0,0,0
GMBOIL_05105 hypothetical protein,Unmatched,0,0,0
GMBOIL_05110 aspartate--tRNA ligase,Unmatched,0,0,0
"GMBOIL_05115 Endonuclease, Uma2 family (restriction endonuclease fold)",Unmatched,0,0,0
GMBOIL_05120 hypothetical protein,Unmatched,0,0,0
GMBOIL_05125 hypothetical protein,Unmatched,0,0,0
GMBOIL_05130 hypothetical protein,Unmatched,0,0,0
GMBOIL_05135 transporter,Unmatched,0,0,0
GMBOIL_05140 hydrolase,Unmatched,0,0,0
GMBOIL_05145 MEKHLA domain-containing protein,Unmatched,0,0,0
GMBOIL_05150 orotidine-5'-phosphate decarboxylase,Unmatched,0,0,0
GMBOIL_05155 hypothetical protein,Unmatched,0,0,0
GMBOIL_05160 peptide chain release factor N(5)-glutamine methyltransferase,Unmatched,0,0,0
GMBOIL_05165 Tic22-like family,Unmatched,0,0,0
GMBOIL_05170 hypothetical protein,Unmatched,0,0,0
GMBOIL_05175 tRNA-His(gtg),Unmatched,0,0,0
GMBOIL_05180 hypothetical protein,Unmatched,0,0,0
GMBOIL_05185 DUF3122 domain-containing protein,Unmatched,0,0,0
GMBOIL_05190 Peptidase S1 domain-containing protein,Unmatched,0,0,0
GMBOIL_05195 Trypco2 domain-containing protein,Unmatched,0,0,0
GMBOIL_05200 pyridoxamine 5'-phosphate oxidase,Unmatched,0,0,0
GMBOIL_05205 segregation/condensation protein A,Unmatched,0,0,0
GMBOIL_05210 hypothetical protein,Unmatched,0,0,0
GMBOIL_05215 Similarity,Unmatched,0,0,0
GMBOIL_05220 hypothetical protein,Unmatched,0,0,0
GMBOIL_05225 N-acetylmuramoyl-L-alanine amidase,Unmatched,0,0,0
GMBOIL_05230 N-acetylmuramoyl-L-alanine amidase,Unmatched,0,0,0
GMBOIL_05235 Leishmanolysin,Unmatched,0,0,0
GMBOIL_05240 hypothetical protein,Unmatched,0,0,0
GMBOIL_05245 DUF4127 domain-containing protein,Unmatched,0,0,0
GMBOIL_05250 hypothetical protein,Unmatched,0,0,0
GMBOIL_05255 uracil phosphoribosyltransferase,Unmatched,0,0,0
GMBOIL_05265 cobaltochelatase subunit CobN,Unmatched,0,0,0
GMBOIL_05270 ATPase,Unmatched,0,0,0
GMBOIL_05275 hypothetical protein,Unmatched,0,0,0
GMBOIL_05280 homoserine kinase,Unmatched,0,0,0
GMBOIL_05285 hypothetical protein,Unmatched,0,0,0
GMBOIL_05290 DUF29 domain-containing protein,Unmatched,0,0,0
GMBOIL_05295 Domain of unknown function DUF29,Unmatched,0,0,0
GMBOIL_05300 2-phosphosulfolactate phosphatase family protein,Unmatched,0,0,0
GMBOIL_05305 heme oxygenase,Unmatched,0,0,0
GMBOIL_05310 acyl carrier protein,Unmatched,0,0,0
GMBOIL_05315 beta-ketoacyl-ACP synthase II,Unmatched,0,0,0
GMBOIL_05320 transketolase,Unmatched,0,0,0
GMBOIL_05325 Doublecortin domain-containing protein,Unmatched,0,0,0
GMBOIL_05330 hypothetical protein,Unmatched,0,0,0
GMBOIL_05335 MspA1I restriction endonuclease domain protein,Unmatched,0,0,0
GMBOIL_05340 Restriction endonuclease,Unmatched,0,0,0
GMBOIL_05345 DNA adenine methylase,Unmatched,0,0,0
GMBOIL_05350 Similarity (Modular protein),Unmatched,0,0,0
GMBOIL_05355 hypothetical protein,Unmatched,0,0,0
GMBOIL_05360 hypothetical protein,Unmatched,0,0,0
GMBOIL_05365 hypothetical protein,Unmatched,0,0,0
GMBOIL_05370 DUF790 domain-containing protein,Unmatched,0,0,0
GMBOIL_05375 hypothetical protein,Unmatched,0,0,0
GMBOIL_05380 Acetylglutamate kinase,Unmatched,0,0,0
GMBOIL_05385 anti-anti-sigma factor,Unmatched,0,0,0
GMBOIL_05390 heterodisulfide reductase,Unmatched,0,0,0
GMBOIL_05395 phospholipid-binding protein,Unmatched,0,0,0
GMBOIL_05400 glycosyltransferase,Unmatched,0,0,0
GMBOIL_05405 tryptophan synthase subunit alpha,Unmatched,0,0,0
GMBOIL_05410 hypothetical protein,Unmatched,0,0,0
GMBOIL_05415 hypothetical protein,Unmatched,0,0,0
GMBOIL_05420 hypothetical protein,Unmatched,0,0,0
GMBOIL_05425 hypothetical protein,Unmatched,0,0,0
GMBOIL_05430 hypothetical protein,Unmatched,0,0,0
GMBOIL_05435 hypothetical protein,Unmatched,0,0,0
GMBOIL_05440 glycine--tRNA ligase subunit beta,Unmatched,0,0,0
GMBOIL_05445 rubrerythrin family protein,Unmatched,0,0,0
GMBOIL_05450 GNAT family N-acetyltransferase,Unmatched,0,0,0
GMBOIL_05455 riboflavin deaminase,Unmatched,0,0,0
GMBOIL_05460 two-component sensor histidine kinase,Unmatched,0,0,0
GMBOIL_05465 prephenate dehydratase,Unmatched,0,0,0
GMBOIL_05470 ribonuclease D,Unmatched,0,0,0
GMBOIL_05475 hypothetical protein,Unmatched,0,0,0
GMBOIL_05480 hypothetical protein,Unmatched,0,0,0
GMBOIL_05485 DUF1049 domain-containing protein,Unmatched,0,0,0
GMBOIL_05490 hypothetical protein,Unmatched,0,0,0
GMBOIL_05505 primosomal protein,Unmatched,0,0,0
GMBOIL_05510 tRNA-Gly(ccc),Unmatched,0,0,0
GMBOIL_05515 hypothetical protein,Unmatched,0,0,0
GMBOIL_05520 hypothetical protein,Unmatched,0,0,0
GMBOIL_05525 VapC toxin family PIN domain ribonuclease,Unmatched,0,0,0
GMBOIL_05530 antitoxin VapB,Unmatched,0,0,0
GMBOIL_05535 Endonuclease related to archaeal Holliday junction resolvase,Unmatched,0,0,0
GMBOIL_05540 hypothetical protein,Unmatched,0,0,0
GMBOIL_05545 XisI protein,Unmatched,0,0,0
GMBOIL_05550 fatty-acid synthase,Unmatched,0,0,0
GMBOIL_05555 hypothetical protein,Unmatched,0,0,0
GMBOIL_05560 hypothetical protein,Unmatched,0,0,0
GMBOIL_05565 ISL3 family transposase,Unmatched,0,0,0
GMBOIL_05570 SAM-dependent methyltransferase,Unmatched,0,0,0
GMBOIL_05575 DUF29 domain-containing protein,Unmatched,0,0,0
GMBOIL_05580 Helicase C-terminal domain-containing protein,Unmatched,0,0,0
GMBOIL_05585 clan AA aspartic protease,Unmatched,0,0,0
GMBOIL_05590 hypothetical protein,Unmatched,0,0,0
GMBOIL_05595 hypothetical protein,Unmatched,0,0,0
GMBOIL_05600 YdiU family protein,Unmatched,0,0,0
GMBOIL_05605 hypothetical protein,Unmatched,0,0,0
GMBOIL_05610 Subtilisin,Unmatched,0,0,0
GMBOIL_05615 Glycogen phosphorylase,Unmatched,0,0,0
GMBOIL_05620 DNA-binding response regulator,Unmatched,0,0,0
GMBOIL_05625 hypothetical protein,Unmatched,0,0,0
GMBOIL_05630 hypothetical protein,Unmatched,0,0,0
GMBOIL_05635 alanine--tRNA ligase,Unmatched,0,0,0
GMBOIL_05640 Uma2 family endonuclease,Unmatched,0,0,0
GMBOIL_05645 DUF29 domain-containing protein,Unmatched,0,0,0
GMBOIL_05650 Putative restriction endonuclease,Unmatched,0,0,0
GMBOIL_05655 Uma2 domain-containing protein,Unmatched,0,0,0
GMBOIL_05665 SAM-dependent methyltransferase,Unmatched,0,0,0
GMBOIL_05670 methyltransferase,Unmatched,0,0,0
GMBOIL_05675 Restriction endonuclease,Unmatched,0,0,0
GMBOIL_05680 DNA (cytosine-5-)-methyltransferase,Unmatched,0,0,0
GMBOIL_05685 hypothetical protein,Unmatched,0,0,0
GMBOIL_05690 branched-chain amino acid ABC transporter substrate-binding protein,Unmatched,0,0,0
GMBOIL_05695 Iron permease FTR1 family,Unmatched,0,0,0
GMBOIL_05700 bacterioferritin,Unmatched,0,0,0
GMBOIL_05705 TPR domain protein component of TonB system,Unmatched,0,0,0
GMBOIL_05710 dihydroxy-acid dehydratase,Unmatched,0,0,0
GMBOIL_05715 hypothetical protein,Unmatched,0,0,0
GMBOIL_05720 hypothetical protein,Unmatched,0,0,0
GMBOIL_05725 hypothetical protein,Unmatched,0,0,0
GMBOIL_05730 PEP-CTERM sorting domain-containing protein,Unmatched,0,0,0
GMBOIL_05735 hypothetical protein,Unmatched,0,0,0
GMBOIL_05740 transposase,Unmatched,0,0,0
GMBOIL_05745 Putative site-specific integrase-resolvase,Unmatched,0,0,0
GMBOIL_05750 hypothetical protein,Unmatched,0,0,0
GMBOIL_05755 Putative restriction endonuclease,Unmatched,0,0,0
GMBOIL_05760 Putative restriction endonuclease,Unmatched,0,0,0
GMBOIL_05765 ABC transporter,Unmatched,0,0,0
GMBOIL_05770 ABC transporter permease,Unmatched,0,0,0
GMBOIL_05775 MFS transporter,Unmatched,0,0,0
GMBOIL_05780 ABC transporter ATP-binding protein,Unmatched,0,0,0
GMBOIL_05785 alpha/beta hydrolase,Unmatched,0,0,0
GMBOIL_05790 DUF29 domain-containing protein,Unmatched,0,0,0
GMBOIL_05795 DUF2283 domain-containing protein,Unmatched,0,0,0
GMBOIL_05800 hypothetical protein,Unmatched,0,0,0
GMBOIL_05805 PAS domain S-box protein,Unmatched,0,0,0
GMBOIL_05810 PMT-2 domain-containing protein,Unmatched,0,0,0
GMBOIL_05815 Uma2 family endonuclease,Unmatched,0,0,0
GMBOIL_05820 carbonic anhydrase,Unmatched,0,0,0
GMBOIL_05825 Low-complexity tail membrane protein,Unmatched,0,0,0
GMBOIL_05830 Translation initiation factor 2,Unmatched,0,0,0
GMBOIL_05835 alpha-ketoacid dehydrogenase subunit beta,Unmatched,0,0,0
GMBOIL_05840 protein translocase subunit SecD,Unmatched,0,0,0
GMBOIL_05845 protein translocase subunit SecF,Unmatched,0,0,0
GMBOIL_05850 XRE family transcriptional regulator,Unmatched,0,0,0
GMBOIL_05855 hypothetical protein,Unmatched,0,0,0
GMBOIL_05860 hypothetical protein,Unmatched,0,0,0
GMBOIL_05865 crossover junction endodeoxyribonuclease RuvC,Unmatched,0,0,0
GMBOIL_05870 PspA/IM30 family,Unmatched,0,0,0
GMBOIL_05875 hypothetical protein,Unmatched,0,0,0
GMBOIL_05880 AI-2E family transporter,Unmatched,0,0,0
GMBOIL_05885 Nitrogen stress-induced RNA 4,Unmatched,0,0,0
GMBOIL_05890 inorganic pyrophosphatase,Unmatched,0,0,0
GMBOIL_05895 acetylmannosamine-6-phosphate 2-epimerase,Unmatched,0,0,0
GMBOIL_05900 DUF4164 domain-containing protein,Unmatched,0,0,0
GMBOIL_05905 phosphatase,Unmatched,0,0,0
GMBOIL_05910 response regulator,Unmatched,0,0,0
GMBOIL_05915 circadian clock protein KaiB,Unmatched,0,0,0
GMBOIL_05920 Type I site-specific deoxyribonuclease,Unmatched,0,0,0
GMBOIL_05925 hypothetical protein,Unmatched,0,0,0
GMBOIL_05930 cobalt-precorrin-6A reductase,Unmatched,0,0,0
GMBOIL_05935 hypothetical protein,Unmatched,0,0,0
GMBOIL_05940 hypothetical protein,Unmatched,0,0,0
GMBOIL_05945 hypothetical protein,Unmatched,0,0,0
GMBOIL_05950 hypothetical protein,Unmatched,0,0,0
GMBOIL_05955 hypothetical protein,Unmatched,0,0,0
GMBOIL_05960 hypothetical protein,Unmatched,0,0,0
GMBOIL_05965 lysozyme,Unmatched,0,0,0
GMBOIL_05970 PEP-CTERM sorting domain-containing protein,Unmatched,0,0,0
GMBOIL_05975 Mo-dependent nitrogenase,Unmatched,0,0,0
GMBOIL_05980 carbonate dehydratase,Unmatched,0,0,0
GMBOIL_05985 dihydroorotase,Unmatched,0,0,0
GMBOIL_05990 hypothetical protein,Unmatched,0,0,0
GMBOIL_05995 photosystem II S4 domain protein,Unmatched,0,0,0
GMBOIL_06000 DNA phosphorothioation-associated methyltransferase,Unmatched,0,0,0
GMBOIL_06005 Putative restriction endonuclease,Unmatched,0,0,0
GMBOIL_06010 dolichyl-phosphate-mannose--protein O-mannosyl transferase,Unmatched,0,0,0
GMBOIL_06015 tryptophan--tRNA ligase,Unmatched,0,0,0
GMBOIL_06020 site-specific DNA-methyltransferase,Unmatched,0,0,0
GMBOIL_06025 ssl1498 family light-harvesting-like protein,Unmatched,0,0,0
GMBOIL_06030 Mom72 protein,Unmatched,0,0,0
GMBOIL_06035 photosystem II oxygen evolving complex protein PsbP,Unmatched,0,0,0
GMBOIL_06040 hypothetical protein,Unmatched,0,0,0
GMBOIL_06045 Nucleoside triphosphate pyrophosphatase,Unmatched,0,0,0
GMBOIL_06050 urease accessory protein UreG,Unmatched,0,0,0
GMBOIL_06055 glycosyltransferase,Unmatched,0,0,0
GMBOIL_06060 receptor ligand binding family protein,Unmatched,0,0,0
GMBOIL_06065 hypothetical protein,Unmatched,0,0,0
GMBOIL_06070 peptidase M61,Unmatched,0,0,0
GMBOIL_06075 branched-chain amino acid transaminase,Unmatched,0,0,0
GMBOIL_06080 hypothetical protein,Unmatched,0,0,0
GMBOIL_06085 DUF5615 domain-containing protein,Unmatched,0,0,0
GMBOIL_06090 hypothetical protein,Unmatched,0,0,0
GMBOIL_06095 cobalamin biosynthesis bifunctional protein CbiET,Unmatched,0,0,0
GMBOIL_06100 Carboxypeptidase regulatory-like domain-containing protein,Unmatched,0,0,0
GMBOIL_06105 hypothetical protein,Unmatched,0,0,0
GMBOIL_06110 hypothetical protein,Unmatched,0,0,0
GMBOIL_06115 Site-specific DNA-methyltransferase (adenine-specific),Unmatched,0,0,0
GMBOIL_06120 dethiobiotin synthase,Unmatched,0,0,0
GMBOIL_06125 biosynthetic-type acetolactate synthase large subunit,Unmatched,0,0,0
GMBOIL_06130 IS630 family transposase,Unmatched,0,0,0
GMBOIL_06135 PEP-CTERM sorting domain-containing protein,Unmatched,0,0,0
GMBOIL_06140 hypothetical protein,Unmatched,0,0,0
GMBOIL_06145 PINc domain-containing protein,Unmatched,0,0,0
GMBOIL_06175 HNHc domain-containing protein,Unmatched,0,0,0
GMBOIL_06185 XisI protein,Unmatched,0,0,0
GMBOIL_06190 argininosuccinate synthase,Unmatched,0,0,0
GMBOIL_06195 histidine kinase,Unmatched,0,0,0
GMBOIL_06200 hypothetical protein,Unmatched,0,0,0
GMBOIL_06205 hypothetical protein,Unmatched,0,0,0
GMBOIL_06210 hypothetical protein,Unmatched,0,0,0
GMBOIL_06215 DUF1611 domain-containing protein,Unmatched,0,0,0
GMBOIL_06220 dipeptide epimerase,Unmatched,0,0,0
GMBOIL_06225 permease,Unmatched,0,0,0
GMBOIL_06230 hypothetical protein,Unmatched,0,0,0
GMBOIL_06235 adenylosuccinate synthase,Unmatched,0,0,0
GMBOIL_06240 50S ribosomal protein L25/general stress protein Ctc,Unmatched,0,0,0
GMBOIL_06245 Phage tail fiber protein,Unmatched,0,0,0
GMBOIL_06250 amidohydrolase,Unmatched,0,0,0
GMBOIL_06255 Acetylglutamate kinase,Unmatched,0,0,0
GMBOIL_06260 DUF4327 domain-containing protein,Unmatched,0,0,0
GMBOIL_06265 efflux RND transporter periplasmic adaptor subunit,Unmatched,0,0,0
GMBOIL_06270 glycosyl transferase,Unmatched,0,0,0
GMBOIL_06275 NAD-dependent epimerase,Unmatched,0,0,0
GMBOIL_06280 pantothenate kinase,Unmatched,0,0,0
GMBOIL_06285 peptidase C14,Unmatched,0,0,0
GMBOIL_06290 hypothetical protein,Unmatched,0,0,0
GMBOIL_06295 peptide-methionine (S)-S-oxide reductase,Unmatched,0,0,0
GMBOIL_06300 maltooligosyl trehalose synthase,Unmatched,0,0,0
"GMBOIL_06305 sulfite reductase, ferredoxin dependent",Unmatched,0,0,0
GMBOIL_06310 TPR-MalT domain-containing protein,Unmatched,0,0,0
GMBOIL_06315 AAA+ family ATPase,Unmatched,0,0,0
GMBOIL_06320 NAD(P)H-dependent glycerol-3-phosphate dehydrogenase,Unmatched,0,0,0
GMBOIL_06325 hypothetical protein,Unmatched,0,0,0
GMBOIL_06330 hypothetical protein,Unmatched,0,0,0
GMBOIL_06335 IS110 family transposase,Unmatched,0,0,0
GMBOIL_06340 glyoxalase,Unmatched,0,0,0
GMBOIL_06345 peptidase S8,Unmatched,0,0,0
GMBOIL_06350 Photosynthesis regulatory RNA1,Unmatched,0,0,0
GMBOIL_06355 RNA-guided endonuclease TnpB family protein,Unmatched,0,0,0
"GMBOIL_06360 CheY-like REC (receiver) domain, includes chemotaxis protein CheY and sporulation regulator Spo0F",Unmatched,0,0,0
GMBOIL_06365 SAM-dependent methyltransferase,Unmatched,0,0,0
GMBOIL_06370 AccI restriction endonuclease,Unmatched,0,0,0
GMBOIL_06375 hypothetical protein,Unmatched,0,0,0
GMBOIL_06380 hypothetical protein,Unmatched,0,0,0
GMBOIL_06385 XisI protein,Unmatched,0,0,0
GMBOIL_06390 fatty-acid oxidation protein subunit alpha,Unmatched,0,0,0
GMBOIL_06395 hypothetical protein,Unmatched,0,0,0
GMBOIL_06400 hypothetical protein,Unmatched,0,0,0
"GMBOIL_06405 Benzoyl-CoA reductase/2-hydroxyglutaryl-CoA dehydratase subunit, BcrC/BadD/HgdB",Unmatched,0,0,0
GMBOIL_06410 anthranilate synthase component I,Unmatched,0,0,0
GMBOIL_06415 Type II secretion system protein,Unmatched,0,0,0
GMBOIL_06420 lactoylglutathione lyase,Unmatched,0,0,0
GMBOIL_06425 adenylate cyclase,Unmatched,0,0,0
GMBOIL_06430 transcription antitermination factor NusB,Unmatched,0,0,0
GMBOIL_06435 helicase,Unmatched,0,0,0
GMBOIL_06440 protoporphyrinogen oxidase HemJ,Unmatched,0,0,0
GMBOIL_06445 hypothetical protein,Unmatched,0,0,0
GMBOIL_06450 UDP-N-acetylmuramoyl-tripeptide--D-alanyl-D-alanine ligase,Unmatched,0,0,0
GMBOIL_06455 G6PD-C domain-containing protein,Unmatched,0,0,0
GMBOIL_06460 cation:proton antiporter,Unmatched,0,0,0
GMBOIL_06465 DUF4040 domain-containing protein,Unmatched,0,0,0
GMBOIL_06470 sodium:proton antiporter,Unmatched,0,0,0
GMBOIL_06475 Na+/H+ antiporter complex subunit F MrpF,Unmatched,0,0,0
GMBOIL_06480 cation:proton antiporter,Unmatched,0,0,0
GMBOIL_06485 cation:proton antiporter,Unmatched,0,0,0
GMBOIL_06490 Putative monovalent cation/H+ antiporter subunit C,Unmatched,0,0,0
GMBOIL_06495 NB-ARC domain-containing protein,Unmatched,0,0,0
GMBOIL_06500 NMT1 domain-containing protein,Unmatched,0,0,0
GMBOIL_06505 hypothetical protein,Unmatched,0,0,0
GMBOIL_06510 ABC transporter ATP-binding protein,Unmatched,0,0,0
GMBOIL_06515 ABC transporter permease,Unmatched,0,0,0
GMBOIL_06520 DUF2281 domain-containing protein,Unmatched,0,0,0
GMBOIL_06525 PIN domain nuclease,Unmatched,0,0,0
GMBOIL_06530 class 1 fructose-bisphosphatase,Unmatched,0,0,0
GMBOIL_06535 DUF3153 domain-containing protein,Unmatched,0,0,0
GMBOIL_06540 iron ABC transporter substrate-binding protein,Unmatched,0,0,0
GMBOIL_06545 Beta-hexosaminidase,Unmatched,0,0,0
GMBOIL_06550 meta domain protein,Unmatched,0,0,0
GMBOIL_06555 YbaB/EbfC family nucleoid-associated protein,Unmatched,0,0,0
GMBOIL_06560 pyridoxine 5'-phosphate synthase,Unmatched,0,0,0
GMBOIL_06565 DUF2488 domain-containing protein,Unmatched,0,0,0
GMBOIL_06570 competence protein ComE,Unmatched,0,0,0
GMBOIL_06575 dynamin family protein,Unmatched,0,0,0
GMBOIL_06580 formylglycine-generating enzyme family protein,Unmatched,0,0,0
GMBOIL_06585 putative nucleotidyltransferase MJ0435,Unmatched,0,0,0
GMBOIL_06590 hypothetical protein,Unmatched,0,0,0
"GMBOIL_06595 Endonuclease, Uma2 family (restriction endonuclease fold)",Unmatched,0,0,0
GMBOIL_06600 CPBP family intramembrane metalloprotease domain-containing protein,Unmatched,0,0,0
GMBOIL_06605 hypothetical protein,Unmatched,0,0,0
GMBOIL_06610 ribosome maturation factor RimM,Unmatched,0,0,0
GMBOIL_06625 hypothetical protein,Unmatched,0,0,0
GMBOIL_06630 PIN domain nuclease,Unmatched,0,0,0
GMBOIL_06635 hypothetical protein,Unmatched,0,0,0
GMBOIL_06640 citramalate synthase,Unmatched,0,0,0
GMBOIL_06645 (2Fe-2S)-binding protein,Unmatched,0,0,0
GMBOIL_06650 hypothetical protein,Unmatched,0,0,0
GMBOIL_06655 hypothetical protein,Unmatched,0,0,0
GMBOIL_06660 solanesyl diphosphate synthase,Unmatched,0,0,0
GMBOIL_06665 haloacid dehalogenase,Unmatched,0,0,0
GMBOIL_06670 molecular chaperone DnaJ,Unmatched,0,0,0
GMBOIL_06675 complex I intermediate-associated 30 family protein,Unmatched,0,0,0
GMBOIL_06680 Photosystem I assembly protein Ycf3,Unmatched,0,0,0
GMBOIL_06685 ATP-dependent zinc metalloprotease FtsH3,Unmatched,0,0,0
GMBOIL_06690 GTP-binding protein,Unmatched,0,0,0
GMBOIL_06695 bis(5'-nucleosyl)-tetraphosphatase (symmetrical) YqeK,Unmatched,0,0,0
GMBOIL_06700 ribosome silencing factor,Unmatched,0,0,0
GMBOIL_06705 DUF1230 domain-containing protein,Unmatched,0,0,0
GMBOIL_06710 asparaginase,Unmatched,0,0,0
GMBOIL_06715 hypothetical protein,Unmatched,0,0,0
GMBOIL_06720 glycosyltransferase family 8 protein,Unmatched,0,0,0
GMBOIL_06725 Methyltransf-21 domain-containing protein,Unmatched,0,0,0
GMBOIL_06730 4-hydroxy-tetrahydrodipicolinate reductase,Unmatched,0,0,0
GMBOIL_06735 hypothetical protein,Unmatched,0,0,0
GMBOIL_06740 UDP-N-acetylglucosamine 2-epimerase (non-hydrolyzing),Unmatched,0,0,0
GMBOIL_06745 crossover junction endodeoxyribonuclease RuvC,Unmatched,0,0,0
GMBOIL_06750 gas vesicle protein,Unmatched,0,0,0
GMBOIL_06755 Gas vesicle structural protein,Unmatched,0,0,0
GMBOIL_06760 Gas vesicle structural protein,Unmatched,0,0,0
GMBOIL_06765 IsmA protein,Unmatched,0,0,0
GMBOIL_06770 hypothetical protein,Unmatched,0,0,0
GMBOIL_06775 DUF2203 domain-containing protein,Unmatched,0,0,0
GMBOIL_06780 Similar to tr|Q8YR03|Q8YR03,Unmatched,0,0,0
GMBOIL_06785 ATP-binding protein,Unmatched,0,0,0
GMBOIL_06790 23S rRNA (uracil(1939)-C(5))-methyltransferase RlmD,Unmatched,0,0,0
GMBOIL_06795 DUF29 domain-containing protein,Unmatched,0,0,0
GMBOIL_06800 DUF87 domain-containing protein,Unmatched,0,0,0
GMBOIL_06810 hypothetical protein,Unmatched,0,0,0
GMBOIL_06815 Alkaline protease,Unmatched,0,0,0
GMBOIL_06820 hypothetical protein,Unmatched,0,0,0
GMBOIL_06825 Similarity,Unmatched,0,0,0
GMBOIL_06830 RelE/StbE replicon stabilization toxin,Unmatched,0,0,0
GMBOIL_06835 photosystem I reaction center subunit PsaK,Unmatched,0,0,0
GMBOIL_06840 hypothetical protein,Unmatched,0,0,0
GMBOIL_06845 NB-ARC domain-containing protein,Unmatched,0,0,0
GMBOIL_06850 hypothetical protein,Unmatched,0,0,0
GMBOIL_06855 hypothetical protein,Unmatched,0,0,0
GMBOIL_06860 hypothetical protein,Unmatched,0,0,0
GMBOIL_06865 peptide ABC transporter substrate-binding protein,Unmatched,0,0,0
GMBOIL_06870 hypothetical protein,Unmatched,0,0,0
GMBOIL_06875 histidine kinase,Unmatched,0,0,0
GMBOIL_06880 Type II toxin-antitoxin system RelE/ParE family toxin,Unmatched,0,0,0
GMBOIL_06885 transcriptional regulator,Unmatched,0,0,0
GMBOIL_06890 uroporphyrin-III methyltransferase,Unmatched,0,0,0
GMBOIL_06895 Uncharacterised protein family UPF0047,Unmatched,0,0,0
GMBOIL_06900 Photosystem I reaction center subunit III,Unmatched,0,0,0
GMBOIL_06905 photosystem I reaction center subunit IX,Unmatched,0,0,0
GMBOIL_06910 carboxylate-amine ligase,Unmatched,0,0,0
GMBOIL_06915 transposase,Unmatched,0,0,0
GMBOIL_06920 DUF3148 domain-containing protein,Unmatched,0,0,0
GMBOIL_06925 PEP-CTERM sorting domain-containing protein,Unmatched,0,0,0
GMBOIL_06930 hypothetical protein,Unmatched,0,0,0
GMBOIL_06935 Uncharacterised protein family (UPF0175),Unmatched,0,0,0
GMBOIL_06940 DUF3368 domain-containing protein,Unmatched,0,0,0
GMBOIL_06945 amino acid ABC transporter substrate-binding protein,Unmatched,0,0,0
GMBOIL_06950 thiamine-phosphate kinase,Unmatched,0,0,0
GMBOIL_06955 signal recognition particle protein,Unmatched,0,0,0
GMBOIL_06960 type I restriction endonuclease subunit R,Unmatched,0,0,0
GMBOIL_06965 Methylase-S domain-containing protein,Unmatched,0,0,0
"GMBOIL_06970 putative toxin-antitoxin system toxin component, PIN family",Unmatched,0,0,0
GMBOIL_06975 hypothetical protein,Unmatched,0,0,0
GMBOIL_06980 hypothetical protein,Unmatched,0,0,0
GMBOIL_06985 Uma2 domain-containing protein,Unmatched,0,0,0
GMBOIL_06990 restriction endonuclease subunit M,Unmatched,0,0,0
GMBOIL_06995 DNA helicase PcrA,Unmatched,0,0,0
GMBOIL_07000 hypothetical protein,Unmatched,0,0,0
GMBOIL_07005 hypothetical protein,Unmatched,0,0,0
GMBOIL_07010 antitoxin,Unmatched,0,0,0
GMBOIL_07015 DUF5615 domain-containing protein,Unmatched,0,0,0
GMBOIL_07020 XisI protein,Unmatched,0,0,0
GMBOIL_07025 fatty-acid synthase,Unmatched,0,0,0
GMBOIL_07030 DUF1349 domain-containing protein,Unmatched,0,0,0
GMBOIL_07035 hypothetical protein,Unmatched,0,0,0
GMBOIL_07040 FHA domain-containing protein,Unmatched,0,0,0
GMBOIL_07045 polymerase,Unmatched,0,0,0
GMBOIL_07050 Glutamate 5-kinase,Unmatched,0,0,0
GMBOIL_07055 allophycocyanin subunit beta,Unmatched,0,0,0
GMBOIL_07060 Holliday junction resolvase RuvX,Unmatched,0,0,0
GMBOIL_07065 GNAT family N-acetyltransferase,Unmatched,0,0,0
GMBOIL_07070 DNA recombination-mediator protein A,Unmatched,0,0,0
GMBOIL_07075 MAPEG family protein,Unmatched,0,0,0
GMBOIL_07080 adenosine deaminase,Unmatched,0,0,0
GMBOIL_07085 family 2 glycosyl transferase,Unmatched,0,0,0
GMBOIL_07090 hypothetical protein,Unmatched,0,0,0
GMBOIL_07095 PEP-CTERM sorting domain-containing protein,Unmatched,0,0,0
GMBOIL_07100 photosystem I assembly protein Ycf3,Unmatched,0,0,0
GMBOIL_07105 Asp-tRNA(Asn)/Glu-tRNA(Gln) amidotransferase subunit GatC,Unmatched,0,0,0
GMBOIL_07110 mannose-6-phosphate isomerase,Unmatched,0,0,0
GMBOIL_07115 hypothetical protein,Unmatched,0,0,0
GMBOIL_07120 nucleoside triphosphate pyrophosphohydrolase,Unmatched,0,0,0
GMBOIL_07125 signal peptidase I,Unmatched,0,0,0
GMBOIL_07130 hypothetical protein,Unmatched,0,0,0
GMBOIL_07135 hypothetical protein,Unmatched,0,0,0
GMBOIL_07140 Hopanoid biosynthesis associated radical SAM protein HpnH,Unmatched,0,0,0
GMBOIL_07145 histidine kinase,Unmatched,0,0,0
GMBOIL_07150 Similar to tr|Q8YNF1|Q8YNF1,Unmatched,0,0,0
GMBOIL_07155 DNA-binding response regulator,Unmatched,0,0,0
GMBOIL_07160 glutathione S-transferase,Unmatched,0,0,0
GMBOIL_07165 hypothetical protein,Unmatched,0,0,0
GMBOIL_07170 Uncharacterized protein slr1819,Unmatched,0,0,0
GMBOIL_07175 hypothetical protein,Unmatched,0,0,0
GMBOIL_07180 hypothetical protein,Unmatched,0,0,0
GMBOIL_07185 Catalase/hydroperoxidase,Unmatched,0,0,0
GMBOIL_07190 excinuclease ABC subunit UvrB,Unmatched,0,0,0
GMBOIL_07195 flagellar assembly protein H,Unmatched,0,0,0
GMBOIL_07205 IS1380 family transposase,Unmatched,0,0,0
GMBOIL_07210 hypothetical protein,Unmatched,0,0,0
GMBOIL_07215 hypothetical protein,Unmatched,0,0,0
GMBOIL_07220 hypothetical protein,Unmatched,0,0,0
GMBOIL_07225 ATP-binding protein,Unmatched,0,0,0
GMBOIL_07230 pseudouridine synthase,Unmatched,0,0,0
GMBOIL_07235 ABC transporter permease,Unmatched,0,0,0
GMBOIL_07240 hypothetical protein,Unmatched,0,0,0
GMBOIL_07245 peptide chain release factor 1,Unmatched,0,0,0
GMBOIL_07250 PEP-CTERM domain-containing protein,Unmatched,0,0,0
GMBOIL_07255 Recombination-promoting DNA endonuclease RpnC/YadD,Unmatched,0,0,0
GMBOIL_07260 rSAM-associated Gly-rich repeat protein,Unmatched,0,0,0
GMBOIL_07265 DEAD/DEAH box helicase,Unmatched,0,0,0
GMBOIL_07270 transcriptional regulator,Unmatched,0,0,0
GMBOIL_07275 Ribonuclease HepT-like,Unmatched,0,0,0
GMBOIL_07280 nucleotidyltransferase,Unmatched,0,0,0
GMBOIL_07285 hypothetical protein,Unmatched,0,0,0
GMBOIL_07290 hypothetical protein,Unmatched,0,0,0
GMBOIL_07295 tRNA(fMet)-specific endonuclease VapC,Unmatched,0,0,0
GMBOIL_07300 hypothetical protein,Unmatched,0,0,0
GMBOIL_07305 Tyrosine recombinase XerC,Unmatched,0,0,0
GMBOIL_07310 hypothetical protein,Unmatched,0,0,0
GMBOIL_07315 hypothetical protein,Unmatched,0,0,0
GMBOIL_07320 VapC toxin family PIN domain ribonuclease,Unmatched,0,0,0
GMBOIL_07325 2-hydroxy-3-keto-5-methylthiopentenyl-1-phosphate phosphatase,Unmatched,0,0,0
GMBOIL_07330 PEP-CTERM domain-containing protein,Unmatched,0,0,0
GMBOIL_07335 DNA-binding protein,Unmatched,0,0,0
GMBOIL_07340 hypothetical protein,Unmatched,0,0,0
GMBOIL_07345 DUF4258 domain-containing protein,Unmatched,0,0,0
GMBOIL_07350 hypothetical protein,Unmatched,0,0,0
GMBOIL_07355 hypothetical protein,Unmatched,0,0,0
GMBOIL_07360 nuclease,Unmatched,0,0,0
GMBOIL_07365 hypothetical protein,Unmatched,0,0,0
GMBOIL_07380 Carrier domain-containing protein,Unmatched,0,0,0
GMBOIL_07405 DUF4347 domain-containing protein,Unmatched,0,0,0
GMBOIL_07410 ATP synthase F0 subunit C,Unmatched,0,0,0
GMBOIL_07415 F0F1 ATP synthase subunit A,Unmatched,0,0,0
GMBOIL_07420 ATP synthase subunit I,Unmatched,0,0,0
GMBOIL_07425 Ion transporter,Unmatched,0,0,0
GMBOIL_07430 NAD(+) kinase,Unmatched,0,0,0
GMBOIL_07435 3-beta hydroxysteroid dehydrogenase,Unmatched,0,0,0
GMBOIL_07440 LD-carboxypeptidase,Unmatched,0,0,0
GMBOIL_07445 hypothetical protein,Unmatched,0,0,0
GMBOIL_07450 hypothetical protein,Unmatched,0,0,0
GMBOIL_07455 Membrane protein,Unmatched,0,0,0
GMBOIL_07460 cupin domain-containing protein,Unmatched,0,0,0
GMBOIL_07465 dihydropteroate synthase,Unmatched,0,0,0
GMBOIL_07470 hypothetical protein,Unmatched,0,0,0
GMBOIL_07475 hypothetical protein,Unmatched,0,0,0
GMBOIL_07480 pantetheine-phosphate adenylyltransferase,Unmatched,0,0,0
GMBOIL_07485 NTP-transf-9 domain-containing protein,Unmatched,0,0,0
GMBOIL_07490 thioredoxin,Unmatched,0,0,0
GMBOIL_07495 type I methionyl aminopeptidase,Unmatched,0,0,0
GMBOIL_07500 universal stress protein,Unmatched,0,0,0
GMBOIL_07505 DUF2811 domain-containing protein,Unmatched,0,0,0
GMBOIL_07510 carotene isomerase,Unmatched,0,0,0
GMBOIL_07515 Uncharacterized protein sll0095,Unmatched,0,0,0
GMBOIL_07520 hypothetical protein,Unmatched,0,0,0
GMBOIL_07525 tocopherol cyclase,Unmatched,0,0,0
GMBOIL_07530 carbohydrate kinase,Unmatched,0,0,0
GMBOIL_07535 thioredoxin family protein,Unmatched,0,0,0
GMBOIL_07540 hypothetical protein,Unmatched,0,0,0
GMBOIL_07545 Uncharacterised protein family (UPF0175),Unmatched,0,0,0
GMBOIL_07550 DUF3368 domain-containing protein,Unmatched,0,0,0
GMBOIL_07555 imidazoleglycerol-phosphate dehydratase HisB,Unmatched,0,0,0
GMBOIL_07560 threonine synthase,Unmatched,0,0,0
GMBOIL_07565 type III-B CRISPR module RAMP protein Cmr4,Unmatched,0,0,0
GMBOIL_07570 CRISPR-associated protein Cmr3,Unmatched,0,0,0
GMBOIL_07575 hypothetical protein,Unmatched,0,0,0
GMBOIL_07580 hypothetical protein,Unmatched,0,0,0
GMBOIL_07585 hypothetical protein,Unmatched,0,0,0
GMBOIL_07590 VapC toxin family PIN domain ribonuclease,Unmatched,0,0,0
GMBOIL_07595 hypothetical protein,Unmatched,0,0,0
GMBOIL_07600 hypothetical protein,Unmatched,0,0,0
GMBOIL_07605 FtsI,Unmatched,0,0,0
GMBOIL_07610 pentapeptide repeat-containing protein,Unmatched,0,0,0
GMBOIL_07615 PEP-CTERM exosortase interaction domain protein,Unmatched,0,0,0
GMBOIL_07620 hypothetical protein,Unmatched,0,0,0
GMBOIL_07625 Uncharacterized protein slr1608,Unmatched,0,0,0
GMBOIL_07630 amino acid ABC transporter substrate-binding protein,Unmatched,0,0,0
GMBOIL_07635 pyruvate:ferredoxin (flavodoxin) oxidoreductase,Unmatched,0,0,0
GMBOIL_07640 transcriptional repressor LexA,Unmatched,0,0,0
GMBOIL_07645 DUF2389 domain-containing protein,Unmatched,0,0,0
GMBOIL_07650 DUF4335 domain-containing protein,Unmatched,0,0,0
GMBOIL_07655 DUF3038 domain-containing protein,Unmatched,0,0,0
GMBOIL_07660 hypothetical protein,Unmatched,0,0,0
GMBOIL_07665 AtzE family amidohydrolase,Unmatched,0,0,0
GMBOIL_07670 group 1 glycosyl transferase,Unmatched,0,0,0
GMBOIL_07675 glycosyl transferase group 1 family protein,Unmatched,0,0,0
GMBOIL_07680 MOSC domain-containing protein,Unmatched,0,0,0
GMBOIL_07685 hypothetical protein,Unmatched,0,0,0
GMBOIL_07690 hypothetical protein,Unmatched,0,0,0
GMBOIL_07695 hypothetical protein,Unmatched,0,0,0
GMBOIL_07700 FGE-sulfatase domain-containing protein,Unmatched,0,0,0
GMBOIL_07705 addiction module toxin RelE,Unmatched,0,0,0
GMBOIL_07710 transcriptional regulator,Unmatched,0,0,0
GMBOIL_07715 type II toxin-antitoxin system ParD family antitoxin,Unmatched,0,0,0
GMBOIL_07720 hypothetical protein,Unmatched,0,0,0
GMBOIL_07725 UvrD-like helicase C-terminal domain-containing protein,Unmatched,0,0,0
GMBOIL_07730 hypothetical protein,Unmatched,0,0,0
GMBOIL_07735 Carbamoyl-phosphate synthase (glutamine-hydrolyzing),Unmatched,0,0,0
GMBOIL_07740 histidine kinase,Unmatched,0,0,0
GMBOIL_07745 hypothetical protein,Unmatched,0,0,0
GMBOIL_07750 HicB-like domain-containing protein,Unmatched,0,0,0
GMBOIL_07755 hypothetical protein,Unmatched,0,0,0
GMBOIL_07760 Catabolite gene activator protein,Unmatched,0,0,0
GMBOIL_07765 divalent-cation tolerance protein CutA,Unmatched,0,0,0
GMBOIL_07770 L-histidine N(alpha)-methyltransferase,Unmatched,0,0,0
GMBOIL_07775 hypothetical protein,Unmatched,0,0,0
GMBOIL_07780 DUF3177 domain-containing protein,Unmatched,0,0,0
GMBOIL_07785 CP12 domain-containing protein,Unmatched,0,0,0
GMBOIL_07790 hypothetical protein,Unmatched,0,0,0
GMBOIL_07795 hypothetical protein,Unmatched,0,0,0
GMBOIL_07800 hypothetical protein,Unmatched,0,0,0
GMBOIL_07805 tRNA-Leu(caa),Unmatched,0,0,0
GMBOIL_07810 hydrogenase expression/formation protein HypE,Unmatched,0,0,0
GMBOIL_07815 circadian clock protein KaiC,Unmatched,0,0,0
GMBOIL_07820 PBPb domain-containing protein,Unmatched,0,0,0
GMBOIL_07825 DNA polymerase III subunit alpha,Unmatched,0,0,0
GMBOIL_07835 HAD family hydrolase,Unmatched,0,0,0
GMBOIL_07840 ATP phosphoribosyltransferase,Unmatched,0,0,0
GMBOIL_07845 chromate transporter,Unmatched,0,0,0
GMBOIL_07850 fatty-acid synthase,Unmatched,0,0,0
GMBOIL_07855 XisI protein,Unmatched,0,0,0
GMBOIL_07860 TIGR03032 family protein,Unmatched,0,0,0
GMBOIL_07870 hypothetical protein,Unmatched,0,0,0
GMBOIL_07895 DDE-3 domain-containing protein,Unmatched,0,0,0
GMBOIL_07900 Radical SAM protein,Unmatched,0,0,0
GMBOIL_07905 [FeFe] hydrogenase H-cluster radical SAM maturase HydE,Unmatched,0,0,0
GMBOIL_07910 hypothetical protein,Unmatched,0,0,0
GMBOIL_07915 hypothetical protein,Unmatched,0,0,0
GMBOIL_07920 hypothetical protein,Unmatched,0,0,0
GMBOIL_07925 hypothetical protein,Unmatched,0,0,0
GMBOIL_07930 hypothetical protein,Unmatched,0,0,0
GMBOIL_07935 argininosuccinate lyase,Unmatched,0,0,0
GMBOIL_07940 aldolase,Unmatched,0,0,0
GMBOIL_07945 hypothetical protein,Unmatched,0,0,0
GMBOIL_07955 cation transporter,Unmatched,0,0,0
GMBOIL_07960 deoxyribodipyrimidine photolyase,Unmatched,0,0,0
"GMBOIL_07965 Endonuclease, Uma2 family (restriction endonuclease fold)",Unmatched,0,0,0
GMBOIL_07970 ParB/RepB/Spo0J family partition protein,Unmatched,0,0,0
GMBOIL_07975 AAA-31 domain-containing protein,Unmatched,0,0,0
GMBOIL_07980 serine/threonine protein kinase,Unmatched,0,0,0
GMBOIL_07985 Circadian oscillating protein COP23,Unmatched,0,0,0
GMBOIL_07990 hypothetical protein,Unmatched,0,0,0
GMBOIL_07995 hypothetical protein,Unmatched,0,0,0
GMBOIL_08000 hypothetical protein,Unmatched,0,0,0
GMBOIL_08005 peptidase M10A and M12B matrixin and adamalysin,Unmatched,0,0,0
GMBOIL_08010 stress protein,Unmatched,0,0,0
GMBOIL_08015 chemical-damaging agent resistance protein C,Unmatched,0,0,0
GMBOIL_08020 Site-specific DNA-cytosine methylase,Unmatched,0,0,0
"GMBOIL_08025 Phosphate starvation-inducible protein PhoH, putative ATPase",Unmatched,0,0,0
GMBOIL_08030 fatty acid desaturase,Unmatched,0,0,0
GMBOIL_08035 hypothetical protein,Unmatched,0,0,0
GMBOIL_08040 VMAP-M9 domain-containing protein,Unmatched,0,0,0
GMBOIL_08045 AAA family ATPase,Unmatched,0,0,0
GMBOIL_08050 sulfatase-modifying factor 1,Unmatched,0,0,0
GMBOIL_08055 formylglycine-generating enzyme family protein,Unmatched,0,0,0
"GMBOIL_08060 Phosphate starvation-inducible protein PhoH, putative ATPase",Unmatched,0,0,0
GMBOIL_08065 Integral membrane protein TerC family,Unmatched,0,0,0
GMBOIL_08070 Aldehyde reductase Ahr,Unmatched,0,0,0
GMBOIL_08075 Catalase,Unmatched,0,0,0
GMBOIL_08080 FAD-binding-3 domain-containing protein,Unmatched,0,0,0
GMBOIL_08085 hypothetical protein,Unmatched,0,0,0
GMBOIL_08090 Alpha-ketoglutarate-dependent dioxygenase AlkB,Unmatched,0,0,0
GMBOIL_08095 IS1 family transposase,Unmatched,0,0,0
GMBOIL_08100 SAM-dependent methyltransferase,Unmatched,0,0,0
GMBOIL_08105 FAD-dependent hydroxylase,Unmatched,0,0,0
GMBOIL_08110 tRNA-Pro(ggg),Unmatched,0,0,0
GMBOIL_08125 hypothetical protein,Unmatched,0,0,0
GMBOIL_08130 nickel import ATP-binding protein NikD,Unmatched,0,0,0
GMBOIL_08135 ApeA-NTD1 domain-containing protein,Unmatched,0,0,0
GMBOIL_08140 ferrous iron transport protein A,Unmatched,0,0,0
GMBOIL_08145 Fe(2+) transporter permease subunit FeoB,Unmatched,0,0,0
GMBOIL_08150 Sugar metabolism transcriptional regulator,Unmatched,0,0,0
GMBOIL_08155 SAM-dependent methyltransferase,Unmatched,0,0,0
GMBOIL_08160 metallophosphatase,Unmatched,0,0,0
GMBOIL_08165 metallophosphatase family protein,Unmatched,0,0,0
GMBOIL_08170 CobW C-terminal domain-containing protein,Unmatched,0,0,0
GMBOIL_08175 cobalamin biosynthesis protein CobW,Unmatched,0,0,0
GMBOIL_08180 threonine--tRNA ligase,Unmatched,0,0,0
GMBOIL_08185 serine--tRNA ligase,Unmatched,0,0,0
"GMBOIL_08190 2,3-diketo-5-methylthiopentyl-1-phosphate enolase",Unmatched,0,0,0
GMBOIL_08195 hypothetical protein,Unmatched,0,0,0
GMBOIL_08200 N-acetyltransferase domain-containing protein,Unmatched,0,0,0
GMBOIL_08205 hypothetical protein,Unmatched,0,0,0
GMBOIL_08210 hypothetical protein,Unmatched,0,0,0
GMBOIL_08215 hypothetical protein,Unmatched,0,0,0
GMBOIL_08220 3-isopropylmalate dehydrogenase,Unmatched,0,0,0
GMBOIL_08225 dTDP-glucose synthase,Unmatched,0,0,0
GMBOIL_08230 Conserved protein,Unmatched,0,0,0
GMBOIL_08235 hypothetical protein,Unmatched,0,0,0
"GMBOIL_08240 L,D-transpeptidase",Unmatched,0,0,0
GMBOIL_08245 chlororespiratory reduction protein 7,Unmatched,0,0,0
GMBOIL_08250 hypothetical protein,Unmatched,0,0,0
GMBOIL_08255 hypothetical protein,Unmatched,0,0,0
GMBOIL_08260 hypothetical protein,Unmatched,0,0,0
GMBOIL_08265 CemA family,Unmatched,0,0,0
GMBOIL_08270 NgoFVII family restriction endonuclease,Unmatched,0,0,0
GMBOIL_08275 Succinate-semialdehyde dehydrogenase [NADP+],Unmatched,0,0,0
GMBOIL_08280 excinuclease ABC subunit A,Unmatched,0,0,0
GMBOIL_08285 HigA family addiction module antitoxin,Unmatched,0,0,0
GMBOIL_08290 Conserved protein,Unmatched,0,0,0
GMBOIL_08295 OB-fold nucleic acid binding domain protein,Unmatched,0,0,0
GMBOIL_08300 bifunctional methylenetetrahydrofolate dehydrogenase/methenyltetrahydrofolate cyclohydrolase FolD,Unmatched,0,0,0
GMBOIL_08305 hypothetical protein,Unmatched,0,0,0
GMBOIL_08310 PEP-utilizers-C domain-containing protein,Unmatched,0,0,0
GMBOIL_08315 DUF2252 domain-containing protein,Unmatched,0,0,0
GMBOIL_08320 DUF4346 domain-containing protein,Unmatched,0,0,0
GMBOIL_08325 hypothetical protein,Unmatched,0,0,0
GMBOIL_08345 DNA (cytosine-5-)-methyltransferase,Unmatched,0,0,0
GMBOIL_08350 RE-BsaWI domain-containing protein,Unmatched,0,0,0
GMBOIL_08355 hypothetical protein,Unmatched,0,0,0
GMBOIL_08360 HTH-OrfB-IS605 domain-containing protein,Unmatched,0,0,0
GMBOIL_08365 Cation diffusion facilitator family transporter,Unmatched,0,0,0
"GMBOIL_08370 dTDP-glucose 4,6-dehydratase",Unmatched,0,0,0
GMBOIL_08375 hypothetical protein,Unmatched,0,0,0
GMBOIL_08380 rubredoxin,Unmatched,0,0,0
GMBOIL_08385 photosynthesis system II assembly factor Ycf48,Unmatched,0,0,0
GMBOIL_08390 cytochrome b559 subunit alpha,Unmatched,0,0,0
GMBOIL_08395 cytochrome b559 subunit beta,Unmatched,0,0,0
GMBOIL_08400 photosystem II reaction center protein L,Unmatched,0,0,0
GMBOIL_08405 molecular chaperone DnaJ,Unmatched,0,0,0
GMBOIL_08410 HNHc domain-containing protein,Unmatched,0,0,0
GMBOIL_08415 hypothetical protein,Unmatched,0,0,0
GMBOIL_08420 hypothetical protein,Unmatched,0,0,0
GMBOIL_08425 DUF4276 domain-containing protein,Unmatched,0,0,0
GMBOIL_08430 aldehyde oxygenase (deformylating),Unmatched,0,0,0
"GMBOIL_08435 9,9'-di-cis-zeta-carotene desaturase",Unmatched,0,0,0
GMBOIL_08440 phospholipid carrier-dependent glycosyltransferase,Unmatched,0,0,0
GMBOIL_08445 3-isopropylmalate dehydratase large subunit,Unmatched,0,0,0
GMBOIL_08450 Transposase,Unmatched,0,0,0
GMBOIL_08455 lipolytic protein G-D-S-L family,Unmatched,0,0,0
GMBOIL_08460 5-(carboxyamino)imidazole ribonucleotide synthase,Unmatched,0,0,0
GMBOIL_08465 hypothetical protein,Unmatched,0,0,0
GMBOIL_08470 branched-chain amino acid ABC transporter permease,Unmatched,0,0,0
GMBOIL_08490 serine/threonine protein kinase,Unmatched,0,0,0
GMBOIL_08495 tellurium resistance protein,Unmatched,0,0,0
GMBOIL_08500 protein phosphatase 2C domain-containing protein,Unmatched,0,0,0
GMBOIL_08505 TerY-C domain-containing protein,Unmatched,0,0,0
GMBOIL_08510 DUF1036 domain-containing protein,Unmatched,0,0,0
GMBOIL_08515 hypothetical protein,Unmatched,0,0,0
GMBOIL_08520 PrsW family intramembrane metalloprotease,Unmatched,0,0,0
GMBOIL_08525 DUF2135 domain-containing protein,Unmatched,0,0,0
GMBOIL_08530 SH3b domain-containing protein,Unmatched,0,0,0
GMBOIL_08535 AAA-like domain-containing protein,Unmatched,0,0,0
GMBOIL_08540 DDE-3 domain-containing protein,Unmatched,0,0,0
GMBOIL_08545 D-inositol 3-phosphate glycosyltransferase,Unmatched,0,0,0
GMBOIL_08550 hypothetical protein,Unmatched,0,0,0
GMBOIL_08555 Chondroitin synthase,Unmatched,0,0,0
GMBOIL_08560 Ubiquinone biosynthesis O-methyltransferase,Unmatched,0,0,0
GMBOIL_08565 hypothetical protein,Unmatched,0,0,0
GMBOIL_08570 DUF2949 domain-containing protein,Unmatched,0,0,0
GMBOIL_08575 Conserved nitrate reductase-associated protein (Nitr_red_assoc),Unmatched,0,0,0
GMBOIL_08580 prephenate/arogenate dehydrogenase,Unmatched,0,0,0
GMBOIL_08585 cupin domain-containing protein,Unmatched,0,0,0
GMBOIL_08590 Polyketide cyclase / dehydrase and lipid transport,Unmatched,0,0,0
GMBOIL_08595 hypothetical protein,Unmatched,0,0,0
GMBOIL_08600 glucose-1-phosphate cytidylyltransferase,Unmatched,0,0,0
"GMBOIL_08605 CDP-glucose 4,6-dehydratase",Unmatched,0,0,0
GMBOIL_08610 lipopolysaccharide biosynthesis protein RfbH,Unmatched,0,0,0
GMBOIL_08615 hypothetical protein,Unmatched,0,0,0
GMBOIL_08620 DUF4351 domain-containing protein,Unmatched,0,0,0
GMBOIL_08625 Tryptophan-rich Synechocystis species C-terminal domain-containing protein,Unmatched,0,0,0
GMBOIL_08630 DDE Tnp4 domain-containing protein,Unmatched,0,0,0
GMBOIL_08635 transaldolase,Unmatched,0,0,0
GMBOIL_08640 50S ribosomal protein L35,Unmatched,0,0,0
GMBOIL_08645 50S ribosomal protein L20,Unmatched,0,0,0
GMBOIL_08650 Uncharacterized membrane protein,Unmatched,0,0,0
GMBOIL_08655 hypothetical protein,Unmatched,0,0,0
GMBOIL_08660 two-component sensor histidine kinase,Unmatched,0,0,0
GMBOIL_08665 CpcD phycobilisome linker protein,Unmatched,0,0,0
GMBOIL_08670 Fructose-bisphosphate aldolase,Unmatched,0,0,0
GMBOIL_08675 Type II/IV secretion system protein,Unmatched,0,0,0
GMBOIL_08680 DUF3082 domain-containing protein,Unmatched,0,0,0
GMBOIL_08685 DUF1400 domain-containing protein,Unmatched,0,0,0
GMBOIL_08690 exopolyphosphatase,Unmatched,0,0,0
GMBOIL_08695 Secreted effector protein PipB2,Unmatched,0,0,0
GMBOIL_08700 chromosome segregation ATPase,Unmatched,0,0,0
GMBOIL_08705 Hsp33 family molecular chaperone HslO,Unmatched,0,0,0
GMBOIL_08710 hypothetical protein,Unmatched,0,0,0
GMBOIL_08715 Prepilin-type family protein,Unmatched,0,0,0
GMBOIL_08720 Type 4 pilin-like protein,Unmatched,0,0,0
GMBOIL_08725 EamA family transporter,Unmatched,0,0,0
GMBOIL_08730 Photosystem I reaction center subunit II,Unmatched,0,0,0
GMBOIL_08735 succinyl-CoA synthetase subunit beta,Unmatched,0,0,0
GMBOIL_08740 hypothetical protein,Unmatched,0,0,0
GMBOIL_08745 hypothetical protein,Unmatched,0,0,0
GMBOIL_08750 tRNA (adenosine(37)-N6)-dimethylallyltransferase MiaA,Unmatched,0,0,0
GMBOIL_08755 DUF2079 domain-containing protein,Unmatched,0,0,0
GMBOIL_08760 amino acid ABC transporter substrate-binding protein,Unmatched,0,0,0
GMBOIL_08765 AI-2E family transporter,Unmatched,0,0,0
GMBOIL_08770 molecular chaperone DnaJ,Unmatched,0,0,0
GMBOIL_08775 hypothetical protein,Unmatched,0,0,0
GMBOIL_08780 chromosome partitioning protein ParA,Unmatched,0,0,0
GMBOIL_08785 Asp-tRNA(Asn)/Glu-tRNA(Gln) amidotransferase subunit GatB,Unmatched,0,0,0
GMBOIL_08790 pyruvate kinase,Unmatched,0,0,0
GMBOIL_08795 Class I SAM-dependent methyltransferase,Unmatched,0,0,0
GMBOIL_08800 hypothetical protein,Unmatched,0,0,0
GMBOIL_08805 hypothetical protein,Unmatched,0,0,0
GMBOIL_08820 Transposase,Unmatched,0,0,0
GMBOIL_08845 spermidine synthase,Unmatched,0,0,0
GMBOIL_08850 acetyl-CoA carboxylase carboxyl transferase subunit alpha,Unmatched,0,0,0
GMBOIL_08855 phytanoyl-CoA dioxygenase,Unmatched,0,0,0
GMBOIL_08860 hypothetical protein,Unmatched,0,0,0
GMBOIL_08865 DUF3326 domain-containing protein,Unmatched,0,0,0
GMBOIL_08870 CPBP family intramembrane metalloprotease,Unmatched,0,0,0
GMBOIL_08875 phosphate-binding protein,Unmatched,0,0,0
GMBOIL_08880 Sulfate-binding protein,Unmatched,0,0,0
GMBOIL_08885 transporter,Unmatched,0,0,0
GMBOIL_08890 sulfonate ABC transporter substrate-binding protein,Unmatched,0,0,0
GMBOIL_08895 hypothetical protein,Unmatched,0,0,0
GMBOIL_08900 Similarity,Unmatched,0,0,0
GMBOIL_08905 Similarity,Unmatched,0,0,0
GMBOIL_08910 MoxR family ATPase,Unmatched,0,0,0
GMBOIL_08915 Mobile element protein,Unmatched,0,0,0
GMBOIL_08920 hypothetical protein,Unmatched,0,0,0
GMBOIL_08925 superoxide dismutase [Fe],Unmatched,0,0,0
GMBOIL_08930 alpha/beta hydrolase,Unmatched,0,0,0
GMBOIL_08935 S-adenosyl-L-methionine-dependent methyltransferase,Unmatched,0,0,0
GMBOIL_08940 HTH-33 domain-containing protein,Unmatched,0,0,0
GMBOIL_08945 hypothetical protein,Unmatched,0,0,0
GMBOIL_08950 nitrate reductase catalytic subunit,Unmatched,0,0,0
GMBOIL_08955 phosphoenolpyruvate carboxylase,Unmatched,0,0,0
GMBOIL_08960 hypothetical protein,Unmatched,0,0,0
GMBOIL_08965 UvrABC system protein C,Unmatched,0,0,0
GMBOIL_08970 DUF4079 domain-containing protein,Unmatched,0,0,0
GMBOIL_08975 Similar to tr|Q55698|Q55698,Unmatched,0,0,0
GMBOIL_08980 glycosyl transferase 2 family protein,Unmatched,0,0,0
GMBOIL_08985 hypothetical protein,Unmatched,0,0,0
GMBOIL_08990 NUDIX hydrolase,Unmatched,0,0,0
GMBOIL_08995 30S ribosomal protein S14,Unmatched,0,0,0
GMBOIL_09000 DUF3155 domain-containing protein,Unmatched,0,0,0
GMBOIL_09005 histidine kinase,Unmatched,0,0,0
GMBOIL_09010 Slr0038 protein,Unmatched,0,0,0
GMBOIL_09015 Uncharacterized protein slr0039,Unmatched,0,0,0
GMBOIL_09020 hypothetical protein,Unmatched,0,0,0
GMBOIL_09025 class III poly(R)-hydroxyalkanoic acid synthase subunit PhaC,Unmatched,0,0,0
GMBOIL_09030 class III poly(R)-hydroxyalkanoic acid synthase subunit PhaE,Unmatched,0,0,0
GMBOIL_09035 beta-ketoacyl-ACP reductase,Unmatched,0,0,0
GMBOIL_09040 acetyl-CoA C-acyltransferase,Unmatched,0,0,0
GMBOIL_09045 NnrU protein,Unmatched,0,0,0
GMBOIL_09050 2Fe-2S ferredoxin,Unmatched,0,0,0
GMBOIL_09055 translation initiation factor IF-3,Unmatched,0,0,0
GMBOIL_09060 restriction endonuclease subunit R,Unmatched,0,0,0
GMBOIL_09065 HicB family protein,Unmatched,0,0,0
GMBOIL_09070 DNA polymerase,Unmatched,0,0,0
GMBOIL_09075 DUF86 domain-containing protein,Unmatched,0,0,0
GMBOIL_09080 Restriction endonuclease subunit S,Unmatched,0,0,0
GMBOIL_09085 GxxExxY protein,Unmatched,0,0,0
GMBOIL_09090 hypothetical protein,Unmatched,0,0,0
GMBOIL_09095 hypothetical protein,Unmatched,0,0,0
GMBOIL_09100 DNA methyltransferase,Unmatched,0,0,0
GMBOIL_09105 Gamma-glutamyltransferase,Unmatched,0,0,0
GMBOIL_09110 gamma-glutamyltransferase,Unmatched,0,0,0
GMBOIL_09115 hypothetical protein,Unmatched,0,0,0
GMBOIL_09120 ATPase-AAA-core domain-containing protein,Unmatched,0,0,0
GMBOIL_09125 photosystem I reaction center subunit X,Unmatched,0,0,0
GMBOIL_09130 3-beta hydroxysteroid dehydrogenase,Unmatched,0,0,0
GMBOIL_09135 DUF2839 domain-containing protein,Unmatched,0,0,0
GMBOIL_09140 hypothetical protein,Unmatched,0,0,0
GMBOIL_09145 hypothetical protein,Unmatched,0,0,0
GMBOIL_09150 PIN domain nuclease,Unmatched,0,0,0
GMBOIL_09155 XFP-C domain-containing protein,Unmatched,0,0,0
GMBOIL_09160 Metal ABC transporter permease,Unmatched,0,0,0
GMBOIL_09165 DUF3727 domain-containing protein,Unmatched,0,0,0
GMBOIL_09170 5'/3'-nucleotidase SurE,Unmatched,0,0,0
GMBOIL_09175 tRNA-Arg(ccg),Unmatched,0,0,0
GMBOIL_09180 Site-specific DNA-methyltransferase (adenine-specific),Unmatched,0,0,0
GMBOIL_09185 hypothetical protein,Unmatched,0,0,0
GMBOIL_09190 Inosine-5'-monophosphate dehydrogenase,Unmatched,0,0,0
GMBOIL_09195 hypothetical protein,Unmatched,0,0,0
GMBOIL_09200 hypothetical protein,Unmatched,0,0,0
GMBOIL_09205 hypothetical protein,Unmatched,0,0,0
"GMBOIL_09210 lignostilbene-alpha,beta-dioxygenase",Unmatched,0,0,0
GMBOIL_09215 hypothetical protein,Unmatched,0,0,0
GMBOIL_09220 hypothetical protein,Unmatched,0,0,0
"GMBOIL_09225 putative toxin-antitoxin system toxin component, PIN family",Unmatched,0,0,0
GMBOIL_09230 RHH-1 domain-containing protein,Unmatched,0,0,0
GMBOIL_09235 Mobile element protein,Unmatched,0,0,0
GMBOIL_09240 IS630 family transposase,Unmatched,0,0,0
GMBOIL_09245 hypothetical protein,Unmatched,0,0,0
GMBOIL_09250 OCP N-terminal domain-containing protein,Unmatched,0,0,0
GMBOIL_09255 tRNA epoxyqueuosine(34) reductase QueG,Unmatched,0,0,0
GMBOIL_09260 carotenoid oxygenase,Unmatched,0,0,0
GMBOIL_09265 tRNA-Leu(taa),Unmatched,0,0,0
GMBOIL_09270 NAD(P)H-quinone oxidoreductase subunit L,Unmatched,0,0,0
GMBOIL_09275 DUF3007 domain-containing protein,Unmatched,0,0,0
GMBOIL_09280 ATP-dependent zinc protease,Unmatched,0,0,0
GMBOIL_09285 restriction endonuclease,Unmatched,0,0,0
GMBOIL_09290 phycobiliprotein lyase,Unmatched,0,0,0
GMBOIL_09295 phycobilisome rod-core linker polypeptide CpcG,Unmatched,0,0,0
GMBOIL_09300 tRNA (5-methylaminomethyl-2-thiouridylate)-methyltransferase,Unmatched,0,0,0
GMBOIL_09305 IS630 family transposase,Unmatched,0,0,0
GMBOIL_09310 hypothetical protein,Unmatched,0,0,0
GMBOIL_09315 type II toxin-antitoxin system PemK/MazF family toxin,Unmatched,0,0,0
GMBOIL_09320 hypothetical protein,Unmatched,0,0,0
GMBOIL_09325 photosystem II q(b) protein,Unmatched,0,0,0
GMBOIL_09330 succinate dehydrogenase/fumarate reductase flavoprotein subunit,Unmatched,0,0,0
GMBOIL_09335 S-layer protein,Unmatched,0,0,0
GMBOIL_09340 hypothetical protein,Unmatched,0,0,0
GMBOIL_09345 hypothetical protein,Unmatched,0,0,0
GMBOIL_09350 VWFA domain-containing protein,Unmatched,0,0,0
GMBOIL_09355 protein phosphatase 2C domain-containing protein,Unmatched,0,0,0
GMBOIL_09360 DNA polymerase subunit beta,Unmatched,0,0,0
GMBOIL_09365 nucleotidyltransferase,Unmatched,0,0,0
GMBOIL_09370 DNA-binding protein,Unmatched,0,0,0
GMBOIL_09375 Protein kinase domain-containing protein,Unmatched,0,0,0
GMBOIL_09380 uroporphyrinogen decarboxylase,Unmatched,0,0,0
GMBOIL_09385 Nuclease subunit of the excinuclease complex,Unmatched,0,0,0
GMBOIL_09415 hypothetical protein,Unmatched,0,0,0
GMBOIL_09470 urease subunit gamma,Unmatched,0,0,0
GMBOIL_09475 urease subunit beta,Unmatched,0,0,0
GMBOIL_09480 S-methyl-5'-thioadenosine phosphorylase,Unmatched,0,0,0
"GMBOIL_09485 RNA polymerase sigma factor, RpoD/SigA family",Unmatched,0,0,0
GMBOIL_09490 ATP-dependent protease,Unmatched,0,0,0
GMBOIL_09495 HTH crp-type domain-containing protein,Unmatched,0,0,0
GMBOIL_09500 glucokinase,Unmatched,0,0,0
GMBOIL_09505 DUF29 domain-containing protein,Unmatched,0,0,0
GMBOIL_09510 RHH-1 domain-containing protein,Unmatched,0,0,0
GMBOIL_09515 HTH cro/C1-type domain-containing protein,Unmatched,0,0,0
GMBOIL_09520 hypothetical protein,Unmatched,0,0,0
GMBOIL_09525 VapC toxin family PIN domain ribonuclease,Unmatched,0,0,0
GMBOIL_09530 hypothetical protein,Unmatched,0,0,0
GMBOIL_09535 hypothetical protein,Unmatched,0,0,0
GMBOIL_09540 hypothetical protein,Unmatched,0,0,0
GMBOIL_09545 DDE-Tnp-1 domain-containing protein,Unmatched,0,0,0
GMBOIL_09550 phenylalanine--tRNA ligase subunit beta,Unmatched,0,0,0
GMBOIL_09555 restriction endonuclease,Unmatched,0,0,0
GMBOIL_09560 site-specific DNA-methyltransferase,Unmatched,0,0,0
GMBOIL_09565 iron-regulated protein,Unmatched,0,0,0
GMBOIL_09570 ABC transporter ATP-binding protein,Unmatched,0,0,0
GMBOIL_09575 MCE family protein,Unmatched,0,0,0
GMBOIL_09580 type II toxin-antitoxin system HicB family antitoxin,Unmatched,0,0,0
GMBOIL_09585 Type II toxin-antitoxin system HicA family toxin,Unmatched,0,0,0
GMBOIL_09590 hypothetical protein,Unmatched,0,0,0
GMBOIL_09595 hypothetical protein,Unmatched,0,0,0
GMBOIL_09600 PEP-CTERM sorting domain-containing protein,Unmatched,0,0,0
GMBOIL_09605 DUF29 family protein,Unmatched,0,0,0
GMBOIL_09610 DUF5678 domain-containing protein,Unmatched,0,0,0
GMBOIL_09615 WD40 repeat domain-containing protein,Unmatched,0,0,0
GMBOIL_09620 biotin--[acetyl-CoA-carboxylase] ligase,Unmatched,0,0,0
GMBOIL_09625 M23 family peptidase,Unmatched,0,0,0
GMBOIL_09630 hypothetical protein,Unmatched,0,0,0
GMBOIL_09635 hypothetical protein,Unmatched,0,0,0
GMBOIL_09640 DNA polymerase III subunit delta',Unmatched,0,0,0
GMBOIL_09645 Neurohypophysial hormones like protein,Unmatched,0,0,0
GMBOIL_09650 HNH endonuclease,Unmatched,0,0,0
GMBOIL_09655 hypothetical protein,Unmatched,0,0,0
GMBOIL_09660 Lactamase-B domain-containing protein,Unmatched,0,0,0
GMBOIL_09665 flagellar assembly protein H,Unmatched,0,0,0
GMBOIL_09670 PEP-CTERM sorting domain-containing protein,Unmatched,0,0,0
GMBOIL_09675 sulfite exporter TauE/SafE family protein,Unmatched,0,0,0
GMBOIL_09680 50S ribosome-binding GTPase,Unmatched,0,0,0
GMBOIL_09685 RNA-binding protein,Unmatched,0,0,0
GMBOIL_09690 30S ribosomal protein S16,Unmatched,0,0,0
GMBOIL_09695 hypothetical protein,Unmatched,0,0,0
GMBOIL_09700 lytic murein transglycosylase,Unmatched,0,0,0
GMBOIL_09705 hypothetical protein,Unmatched,0,0,0
GMBOIL_09710 tRNA guanosine(34) transglycosylase Tgt,Unmatched,0,0,0
GMBOIL_09715 photosystem II reaction center protein K,Unmatched,0,0,0
GMBOIL_09720 Pentapeptide repeat family protein,Unmatched,0,0,0
GMBOIL_09725 hypothetical protein,Unmatched,0,0,0
GMBOIL_09730 mannosyltransferase,Unmatched,0,0,0
GMBOIL_09735 Tetratricopeptide TPR_1 repeat-containing protein,Unmatched,0,0,0
GMBOIL_09740 NADH dehydrogenase subunit K,Unmatched,0,0,0
GMBOIL_09745 LPS export ABC transporter periplasmic protein LptC,Unmatched,0,0,0
GMBOIL_09750 serine protease,Unmatched,0,0,0
GMBOIL_09755 DUF1727 domain-containing protein,Unmatched,0,0,0
GMBOIL_09760 cobalamin biosynthesis protein CobQ,Unmatched,0,0,0
GMBOIL_09765 hypothetical protein,Unmatched,0,0,0
GMBOIL_09770 hypothetical protein,Unmatched,0,0,0
GMBOIL_09775 hypothetical protein,Unmatched,0,0,0
GMBOIL_09780 hypothetical protein,Unmatched,0,0,0
GMBOIL_09785 hypothetical protein,Unmatched,0,0,0
GMBOIL_09790 hypothetical protein,Unmatched,0,0,0
GMBOIL_09795 exonuclease sbcCD subunit D,Unmatched,0,0,0
GMBOIL_09800 Ribonuclease HepT-like,Unmatched,0,0,0
GMBOIL_09805 hypothetical protein,Unmatched,0,0,0
GMBOIL_09810 DUF433 domain-containing protein,Unmatched,0,0,0
GMBOIL_09815 glutamate synthase large subunit,Unmatched,0,0,0
GMBOIL_09820 HEPN-Apea domain-containing protein,Unmatched,0,0,0
GMBOIL_09825 Antitoxin of toxin-antitoxin stability system,Unmatched,0,0,0
GMBOIL_09830 DNA sulfur modification protein DndD,Unmatched,0,0,0
GMBOIL_09835 2TM domain-containing protein,Unmatched,0,0,0
GMBOIL_09840 FADH(2)-oxidizing methylenetetrahydrofolate--tRNA-(uracil(54)-C(5))-methyltransferase TrmFO,Unmatched,0,0,0
GMBOIL_09845 thylakoid-associated protein,Unmatched,0,0,0
GMBOIL_09850 hypothetical protein,Unmatched,0,0,0
GMBOIL_09855 hypothetical protein,Unmatched,0,0,0
GMBOIL_09860 hypothetical protein,Unmatched,0,0,0
GMBOIL_09865 DNA-binding protein,Unmatched,0,0,0
GMBOIL_09870 DUF2281 domain-containing protein,Unmatched,0,0,0
GMBOIL_09875 Chromosome partition protein Smc,Unmatched,0,0,0
GMBOIL_09880 anticodon-binding protein,Unmatched,0,0,0
GMBOIL_09885 hypothetical protein,Unmatched,0,0,0
GMBOIL_09890 modification methylase,Unmatched,0,0,0
GMBOIL_09895 alpha/beta hydrolase,Unmatched,0,0,0
GMBOIL_09900 All3148 protein,Unmatched,0,0,0
GMBOIL_09905 Red carotenoid-binding protein,Unmatched,0,0,0
GMBOIL_09910 nitrate ABC transporter ATP-binding protein,Unmatched,0,0,0
GMBOIL_09915 ABC transporter permease,Unmatched,0,0,0
GMBOIL_09920 aliphatic sulfonates ABC transporter substrate-binding protein,Unmatched,0,0,0
GMBOIL_09925 hydrogenase nickel incorporation protein HypB,Unmatched,0,0,0
GMBOIL_09930 hydrogenase maturation nickel metallochaperone HypA,Unmatched,0,0,0
GMBOIL_09935 hypothetical protein,Unmatched,0,0,0
GMBOIL_09940 agmatinase,Unmatched,0,0,0
GMBOIL_09945 DUF2281 domain-containing protein,Unmatched,0,0,0
GMBOIL_09950 30S ribosomal protein S6--L-glutamate ligase,Unmatched,0,0,0
GMBOIL_09955 hypothetical protein,Unmatched,0,0,0
GMBOIL_09960 porphobilinogen synthase,Unmatched,0,0,0
GMBOIL_09965 hypothetical protein,Unmatched,0,0,0
GMBOIL_09970 PG-binding-1 domain-containing protein,Unmatched,0,0,0
GMBOIL_09975 hypothetical protein,Unmatched,0,0,0
GMBOIL_09980 dihydrolipoyl dehydrogenase,Unmatched,0,0,0
GMBOIL_09985 twin-arginine translocase TatA/TatE family subunit,Unmatched,0,0,0
GMBOIL_09990 PmbA-TldD-C domain-containing protein,Unmatched,0,0,0
GMBOIL_09995 hypothetical protein,Unmatched,0,0,0
GMBOIL_10000 hypothetical protein,Unmatched,0,0,0
GMBOIL_10005 gas vesicle protein,Unmatched,0,0,0
GMBOIL_10010 mannose-6-phosphate isomerase,Unmatched,0,0,0
GMBOIL_10015 oxidoreductase,Unmatched,0,0,0
GMBOIL_10020 hypothetical protein,Unmatched,0,0,0
GMBOIL_10025 hypothetical protein,Unmatched,0,0,0
GMBOIL_10030 bidirectional hydrogenase complex protein HoxU,Unmatched,0,0,0
GMBOIL_10035 magnesium/cobalt transporter CorA,Unmatched,0,0,0
GMBOIL_10040 hypothetical protein,Unmatched,0,0,0
GMBOIL_10045 histidine kinase,Unmatched,0,0,0
GMBOIL_10050 photosystem II reaction center protein PsbM,Unmatched,0,0,0
GMBOIL_10055 hypothetical protein,Unmatched,0,0,0
GMBOIL_10060 type I secretion system permease/ATPase,Unmatched,0,0,0
GMBOIL_10065 peptidylprolyl isomerase,Unmatched,0,0,0
GMBOIL_10070 tRNA-Ser(tga),Unmatched,0,0,0
GMBOIL_10075 GNAT family N-acetyltransferase,Unmatched,0,0,0
GMBOIL_10080 tRNA-Pro(tgg),Unmatched,0,0,0
GMBOIL_10085 RNA-pol-Rpb1-5 domain-containing protein,Unmatched,0,0,0
GMBOIL_10090 ATP-dependent Clp protease proteolytic subunit 2,Unmatched,0,0,0
GMBOIL_10095 ATP-dependent Clp protease proteolytic subunit,Unmatched,0,0,0
GMBOIL_10100 hypothetical protein,Unmatched,0,0,0
GMBOIL_10105 type II toxin-antitoxin system PrlF family antitoxin,Unmatched,0,0,0
GMBOIL_10110 Copine,Unmatched,0,0,0
GMBOIL_10115 50S ribosome-binding GTPase,Unmatched,0,0,0
GMBOIL_10120 hypothetical protein,Unmatched,0,0,0
GMBOIL_10125 Sulfate ABC transporter substrate-binding protein,Unmatched,0,0,0
GMBOIL_10130 ABC transporter,Unmatched,0,0,0
GMBOIL_10135 sulfate ABC transporter permease subunit CysT,Unmatched,0,0,0
GMBOIL_10140 sulfate ABC transporter permease subunit CysW,Unmatched,0,0,0
GMBOIL_10145 sulfate ABC transporter ATP-binding protein,Unmatched,0,0,0
"GMBOIL_10185 threonine ammonia-lyase, biosynthetic",Unmatched,0,0,0
GMBOIL_10190 class II fumarate hydratase,Unmatched,0,0,0
"GMBOIL_10195 Glycosyl hydrolase, BNR repeat-containing protein",Unmatched,0,0,0
GMBOIL_10200 aminoacyl-tRNA hydrolase,Unmatched,0,0,0
GMBOIL_10205 DUF2811 domain-containing protein,Unmatched,0,0,0
GMBOIL_10210 universal stress protein,Unmatched,0,0,0
GMBOIL_10215 hypothetical protein,Unmatched,0,0,0
GMBOIL_10220 SAM-dependent methyltransferase,Unmatched,0,0,0
GMBOIL_10225 RHH-1 domain-containing protein,Unmatched,0,0,0
GMBOIL_10230 MazF family transcriptional regulator,Unmatched,0,0,0
GMBOIL_10235 hypothetical protein,Unmatched,0,0,0
GMBOIL_10240 hypothetical protein,Unmatched,0,0,0
GMBOIL_10245 DUF2301 domain-containing protein,Unmatched,0,0,0
GMBOIL_10250 bacitracin ABC transporter ATP-binding protein,Unmatched,0,0,0
GMBOIL_10255 bacitracin ABC transporter ATP-binding protein,Unmatched,0,0,0
GMBOIL_10260 nitrate ABC transporter permease,Unmatched,0,0,0
GMBOIL_10265 bicarbonate-binding protein,Unmatched,0,0,0
GMBOIL_10270 ABC transporter transmembrane region,Unmatched,0,0,0
GMBOIL_10275 metallophosphoesterase,Unmatched,0,0,0
GMBOIL_10280 hypothetical protein,Unmatched,0,0,0
GMBOIL_10290 glycoside hydrolase,Unmatched,0,0,0
GMBOIL_10295 PBS lyase,Unmatched,0,0,0
GMBOIL_10300 cobalt ABC transporter ATP-binding protein,Unmatched,0,0,0
GMBOIL_10305 peptide-methionine (R)-S-oxide reductase,Unmatched,0,0,0
GMBOIL_10310 photosystem I reaction center subunit XII,Unmatched,0,0,0
GMBOIL_10320 Allophycocyanin alpha chain,Unmatched,0,0,0
GMBOIL_10325 Holliday junction branch migration protein RuvA,Unmatched,0,0,0
GMBOIL_10330 site-2 protease family protein,Unmatched,0,0,0
GMBOIL_10335 Transferase,Unmatched,0,0,0
GMBOIL_10340 polyamine ABC transporter substrate-binding protein,Unmatched,0,0,0
GMBOIL_10345 peptidase S51,Unmatched,0,0,0
GMBOIL_10350 Chromophore lyase CpcT/CpeT 2,Unmatched,0,0,0
GMBOIL_10355 hypothetical protein,Unmatched,0,0,0
GMBOIL_10360 hypothetical protein,Unmatched,0,0,0
GMBOIL_10365 sodium:solute symporter,Unmatched,0,0,0
GMBOIL_10370 SH3 domain-containing protein,Unmatched,0,0,0
GMBOIL_10375 Type II toxin-antitoxin system HicB family antitoxin,Unmatched,0,0,0
GMBOIL_10380 WD-repeat protein,Unmatched,0,0,0
GMBOIL_10385 hypothetical protein,Unmatched,0,0,0
GMBOIL_10390 Putative restriction endonuclease,Unmatched,0,0,0
GMBOIL_10395 cyanase,Unmatched,0,0,0
GMBOIL_10400 DNA-binding protein,Unmatched,0,0,0
GMBOIL_10405 oxidoreductase,Unmatched,0,0,0
GMBOIL_10410 transposase,Unmatched,0,0,0
GMBOIL_10415 Shikimate kinase,Unmatched,0,0,0
GMBOIL_10420 cupin,Unmatched,0,0,0
GMBOIL_10425 hypothetical protein,Unmatched,0,0,0
GMBOIL_10430 YiaAB domain-containing protein,Unmatched,0,0,0
GMBOIL_10435 hypothetical protein,Unmatched,0,0,0
GMBOIL_10440 pilus assembly protein PilB,Unmatched,0,0,0
GMBOIL_10445 hypothetical protein,Unmatched,0,0,0
GMBOIL_10450 DUF1902 domain-containing protein,Unmatched,0,0,0
GMBOIL_10455 prevent-host-death protein,Unmatched,0,0,0
GMBOIL_10460 PIN domain nuclease,Unmatched,0,0,0
GMBOIL_10465 hydroxylamine reductase,Unmatched,0,0,0
GMBOIL_10470 apocytochrome f,Unmatched,0,0,0
GMBOIL_10475 Cytochrome b6-f complex iron-sulfur subunit,Unmatched,0,0,0
GMBOIL_10480 hypothetical protein,Unmatched,0,0,0
GMBOIL_10485 hypothetical protein,Unmatched,0,0,0
GMBOIL_10490 Rpn family recombination-promoting nuclease/putative transposase,Unmatched,0,0,0
GMBOIL_10495 DNA polymerase III subunit beta,Unmatched,0,0,0
"GMBOIL_10500 glutamate-1-semialdehyde 2,1-aminomutase",Unmatched,0,0,0
GMBOIL_10505 flotillin,Unmatched,0,0,0
GMBOIL_10510 hypothetical protein,Unmatched,0,0,0
GMBOIL_10515 glyoxalase-like domain protein,Unmatched,0,0,0
GMBOIL_10520 hormogonium polysaccharide biosynthesis glycosyltransferase HpsP,Unmatched,0,0,0
GMBOIL_10525 hypothetical protein,Unmatched,0,0,0
GMBOIL_10530 GAF domain-containing protein,Unmatched,0,0,0
GMBOIL_10535 apolipoprotein N-acyltransferase,Unmatched,0,0,0
GMBOIL_10540 hypothetical protein,Unmatched,0,0,0
GMBOIL_10545 hypothetical protein,Unmatched,0,0,0
"GMBOIL_10550 Putative glycogen debranching enzyme, archaeal type",Unmatched,0,0,0
GMBOIL_10555 hydrolase,Unmatched,0,0,0
GMBOIL_10560 photosystem II reaction center protein I,Unmatched,0,0,0
GMBOIL_10565 16S rRNA (cytidine(1402)-2'-O)-methyltransferase,Unmatched,0,0,0
GMBOIL_10570 permease,Unmatched,0,0,0
GMBOIL_10575 LPS export ABC transporter ATP-binding protein,Unmatched,0,0,0
GMBOIL_10580 ostA-like family protein,Unmatched,0,0,0
GMBOIL_10585 DUF309 domain-containing protein,Unmatched,0,0,0
GMBOIL_10590 hypothetical protein,Unmatched,0,0,0
GMBOIL_10595 hypothetical protein,Unmatched,0,0,0
GMBOIL_10600 photosystem I reaction center subunit IV,Unmatched,0,0,0
GMBOIL_10605 aspartate aminotransferase family protein,Unmatched,0,0,0
GMBOIL_10610 sulfotransferase,Unmatched,0,0,0
GMBOIL_10615 Lysylphosphatidylglycerol synthase TM region,Unmatched,0,0,0
GMBOIL_10620 circadian clock protein KaiC,Unmatched,0,0,0
GMBOIL_10625 circadian clock protein KaiB,Unmatched,0,0,0
GMBOIL_10630 circadian clock protein KaiA,Unmatched,0,0,0
GMBOIL_10635 NUDIX hydrolase,Unmatched,0,0,0
GMBOIL_10640 peptidase S41,Unmatched,0,0,0
"GMBOIL_10645 Transcriptional regulator, Crp/Fnr family",Unmatched,0,0,0
GMBOIL_10650 recombination mediator RecR,Unmatched,0,0,0
"GMBOIL_10655 pyruvate/2-oxoglutarate dehydrogenase complex,dihydrolipoamide dehydrogenase (E3) component",Unmatched,0,0,0
GMBOIL_10660 biosynthetic arginine decarboxylase,Unmatched,0,0,0
GMBOIL_10665 Putative cation exchanger YfkE,Unmatched,0,0,0
GMBOIL_10670 transporter,Unmatched,0,0,0
GMBOIL_10675 thiol-disulfide oxidoreductase,Unmatched,0,0,0
GMBOIL_10680 Putative phosphoesterase,Unmatched,0,0,0
GMBOIL_10685 adenosyl-hopene transferase HpnH,Unmatched,0,0,0
GMBOIL_10690 aquaporin Z,Unmatched,0,0,0
GMBOIL_10695 Cytoplasmic protein,Unmatched,0,0,0
GMBOIL_10700 hypothetical protein,Unmatched,0,0,0
GMBOIL_10705 tRNA-Thr(cgt),Unmatched,0,0,0
GMBOIL_10710 Uma2 domain-containing protein,Unmatched,0,0,0
GMBOIL_10715 Uncharacterized protein slr1919,Unmatched,0,0,0
GMBOIL_10720 hypothetical protein,Unmatched,0,0,0
GMBOIL_10725 anthranilate synthase component I,Unmatched,0,0,0
GMBOIL_10730 modification methylase,Unmatched,0,0,0
GMBOIL_10735 glycosyl transferase,Unmatched,0,0,0
GMBOIL_10740 Glycosyltransferase family 87,Unmatched,0,0,0
GMBOIL_10745 hypothetical protein,Unmatched,0,0,0
GMBOIL_10750 hypothetical protein,Unmatched,0,0,0
GMBOIL_10755 DUF2808 domain-containing protein,Unmatched,0,0,0
GMBOIL_10760 SsrA-binding protein SmpB,Unmatched,0,0,0
GMBOIL_10765 hypothetical protein,Unmatched,0,0,0
GMBOIL_10770 3-hydroxybutyryl-CoA dehydrogenase,Unmatched,0,0,0
GMBOIL_10775 PEP-CTERM sorting domain-containing protein,Unmatched,0,0,0
GMBOIL_10780 twitching motility protein PilT,Unmatched,0,0,0
GMBOIL_10785 hypothetical protein,Unmatched,0,0,0
GMBOIL_10790 hypothetical protein,Unmatched,0,0,0
GMBOIL_10795 serine/threonine-protein kinase pkn1,Unmatched,0,0,0
GMBOIL_10800 ATPase,Unmatched,0,0,0
GMBOIL_10805 hypothetical protein,Unmatched,0,0,0
"GMBOIL_10810 Triacylglycerol esterase/lipase EstA, alpha/beta hydrolase fold",Unmatched,0,0,0
GMBOIL_10815 hypothetical protein,Unmatched,0,0,0
GMBOIL_10820 30S ribosomal protein S20,Unmatched,0,0,0
GMBOIL_10825 deoxyribonuclease,Unmatched,0,0,0
GMBOIL_10830 DNA-directed RNA polymerase subunit beta,Unmatched,0,0,0
GMBOIL_10835 peptidase M3,Unmatched,0,0,0
GMBOIL_10840 hypothetical protein,Unmatched,0,0,0
GMBOIL_10845 cyanobacterial phytochrome A,Unmatched,0,0,0
GMBOIL_10850 response regulator,Unmatched,0,0,0
GMBOIL_10855 hybrid sensor histidine kinase/response regulator,Unmatched,0,0,0
GMBOIL_10860 3-ketoacyl-ACP reductase,Unmatched,0,0,0
GMBOIL_10865 6-carboxytetrahydropterin synthase QueD,Unmatched,0,0,0
GMBOIL_10870 hypothetical protein,Unmatched,0,0,0
GMBOIL_10875 hypothetical protein,Unmatched,0,0,0
GMBOIL_10880 HTH-Tnp-ISL3 domain-containing protein,Unmatched,0,0,0
GMBOIL_10885 DDE-Tnp-ISL3 domain-containing protein,Unmatched,0,0,0
GMBOIL_10890 ammonia channel protein,Unmatched,0,0,0
GMBOIL_10895 ammonium transporter,Unmatched,0,0,0
GMBOIL_10900 bifunctional diaminohydroxyphosphoribosylaminopyrimidine deaminase/5-amino-6-(5-phosphoribosylamino)uracil reductase RibD,Unmatched,0,0,0
GMBOIL_10905 molecular chaperone HtpG,Unmatched,0,0,0
GMBOIL_10910 type II toxin-antitoxin system HicB family antitoxin,Unmatched,0,0,0
GMBOIL_10915 hypothetical protein,Unmatched,0,0,0
GMBOIL_10920 Imidazole glycerol phosphate synthase subunit HisF,Unmatched,0,0,0
GMBOIL_10925 hypothetical protein,Unmatched,0,0,0
GMBOIL_10930 hypothetical protein,Unmatched,0,0,0
GMBOIL_10935 tRNA-Ala(ggc),Unmatched,0,0,0
GMBOIL_10940 hypothetical protein,Unmatched,0,0,0
GMBOIL_10945 hypothetical protein,Unmatched,0,0,0
GMBOIL_10950 aldose epimerase,Unmatched,0,0,0
GMBOIL_10955 tRNA-Lys(ttt),Unmatched,0,0,0
GMBOIL_10960 tRNA (adenosine(37)-N6)-threonylcarbamoyltransferase complex dimerization subunit type 1 TsaB,Unmatched,0,0,0
GMBOIL_10965 alkaline phosphatase,Unmatched,0,0,0
GMBOIL_10970 serine O-acetyltransferase,Unmatched,0,0,0
GMBOIL_10975 excinuclease ABC subunit UvrA,Unmatched,0,0,0
GMBOIL_10980 class I SAM-dependent methyltransferase,Unmatched,0,0,0
GMBOIL_10985 hypothetical protein,Unmatched,0,0,0
GMBOIL_10990 Ribonuclease VapC,Unmatched,0,0,0
GMBOIL_10995 hypothetical protein,Unmatched,0,0,0
GMBOIL_11000 hypothetical protein,Unmatched,0,0,0
GMBOIL_11005 VapC toxin family PIN domain ribonuclease,Unmatched,0,0,0
GMBOIL_11010 DUF29 domain-containing protein,Unmatched,0,0,0
GMBOIL_11015 glycerol acyltransferase,Unmatched,0,0,0
GMBOIL_11020 3-oxoacyl-[acyl-carrier-protein] reductase,Unmatched,0,0,0
GMBOIL_11025 peptidase,Unmatched,0,0,0
GMBOIL_11030 sulfite exporter TauE/SafE family protein,Unmatched,0,0,0
"GMBOIL_11035 Zn-dependent protease, containings TPR repeats",Unmatched,0,0,0
GMBOIL_11040 hypothetical protein,Unmatched,0,0,0
GMBOIL_11045 hypothetical protein,Unmatched,0,0,0
GMBOIL_11050 Glycosyl transferase family 41,Unmatched,0,0,0
GMBOIL_11055 aspartate aminotransferase family protein,Unmatched,0,0,0
GMBOIL_11060 potassium channel protein,Unmatched,0,0,0
GMBOIL_11065 PIN domain-containing protein,Unmatched,0,0,0
GMBOIL_11070 hypothetical protein,Unmatched,0,0,0
GMBOIL_11075 hypothetical protein,Unmatched,0,0,0
GMBOIL_11080 hypothetical protein,Unmatched,0,0,0
GMBOIL_11085 UDP-N-acetylmuramate--L-alanine ligase,Unmatched,0,0,0
GMBOIL_11090 UDP-N-acetylmuramate dehydrogenase,Unmatched,0,0,0
GMBOIL_11095 hypothetical protein,Unmatched,0,0,0
GMBOIL_11100 hypothetical protein,Unmatched,0,0,0
GMBOIL_11105 hypothetical protein,Unmatched,0,0,0
GMBOIL_11110 signal peptide peptidase SppA,Unmatched,0,0,0
GMBOIL_11115 competence protein,Unmatched,0,0,0
GMBOIL_11120 universal stress protein,Unmatched,0,0,0
GMBOIL_11125 hypothetical protein,Unmatched,0,0,0
GMBOIL_11130 zinc-binding alcohol dehydrogenase,Unmatched,0,0,0
GMBOIL_11135 bifunctional sterol desaturase/short chain dehydrogenase,Unmatched,0,0,0
GMBOIL_11140 glycosyl transferase,Unmatched,0,0,0
GMBOIL_11145 Transposase,Unmatched,0,0,0
GMBOIL_11150 hypothetical protein,Unmatched,0,0,0
GMBOIL_11155 methionine synthase,Unmatched,0,0,0
GMBOIL_11160 SpoIID domain-containing protein,Unmatched,0,0,0
GMBOIL_11165 hypothetical protein,Unmatched,0,0,0
GMBOIL_11170 hypothetical protein,Unmatched,0,0,0
GMBOIL_11175 Lysylphosphatidylglycerol synthase TM region,Unmatched,0,0,0
GMBOIL_11180 hypothetical protein,Unmatched,0,0,0
GMBOIL_11185 hypothetical protein,Unmatched,0,0,0
GMBOIL_11190 hypothetical protein,Unmatched,0,0,0
GMBOIL_11195 hypothetical protein,Unmatched,0,0,0
GMBOIL_11200 Putative restriction endonuclease,Unmatched,0,0,0
GMBOIL_11205 hypothetical protein,Unmatched,0,0,0
GMBOIL_11210 tRNA-Arg(tct),Unmatched,0,0,0
GMBOIL_11215 ferrochelatase,Unmatched,0,0,0
GMBOIL_11220 DUF2993 domain-containing protein,Unmatched,0,0,0
GMBOIL_11225 membrane protein insertion efficiency factor YidD,Unmatched,0,0,0
GMBOIL_11230 phosphatidate cytidylyltransferase,Unmatched,0,0,0
GMBOIL_11235 J domain-containing protein,Unmatched,0,0,0
GMBOIL_11240 hybrid sensor histidine kinase/response regulator,Unmatched,0,0,0
GMBOIL_11245 low-complexity protein,Unmatched,0,0,0
GMBOIL_11250 MFS transporter,Unmatched,0,0,0
GMBOIL_11255 RRXRR domain-containing protein,Unmatched,0,0,0
GMBOIL_11260 hypothetical protein,Unmatched,0,0,0
GMBOIL_11265 tRNA-Phe(gaa),Unmatched,0,0,0
GMBOIL_11270 ATPase,Unmatched,0,0,0
GMBOIL_11275 30S ribosomal protein S18,Unmatched,0,0,0
GMBOIL_11280 50S ribosomal protein L33,Unmatched,0,0,0
GMBOIL_11285 hypothetical protein,Unmatched,0,0,0
GMBOIL_11290 DUF2358 domain-containing protein,Unmatched,0,0,0
GMBOIL_11295 tRNA (N6-isopentenyl adenosine(37)-C2)-methylthiotransferase MiaB,Unmatched,0,0,0
GMBOIL_11300 Nif11-like leader peptide family natural product precursor,Unmatched,0,0,0
GMBOIL_11305 Membrane protein,Unmatched,0,0,0
GMBOIL_11310 hypothetical protein,Unmatched,0,0,0
GMBOIL_11315 hypothetical protein,Unmatched,0,0,0
GMBOIL_11320 hypothetical protein,Unmatched,0,0,0
GMBOIL_11325 hypothetical protein,Unmatched,0,0,0
GMBOIL_11330 hypothetical protein,Unmatched,0,0,0
GMBOIL_11335 hypothetical protein,Unmatched,0,0,0
GMBOIL_11340 Secreted effector protein PipB2,Unmatched,0,0,0
GMBOIL_11345 ABC-F type ribosomal protection protein,Unmatched,0,0,0
GMBOIL_11350 hypothetical protein,Unmatched,0,0,0
GMBOIL_11355 sulfite oxidase-like oxidoreductase,Unmatched,0,0,0
GMBOIL_11360 50S ribosomal protein L32,Unmatched,0,0,0
GMBOIL_11365 metalloprotease,Unmatched,0,0,0
GMBOIL_11370 Chlorophyll A-B binding protein,Unmatched,0,0,0
GMBOIL_11375 Inhibitor of apoptosis-promoting Bax1,Unmatched,0,0,0
GMBOIL_11380 chlorophyll synthase ChlG,Unmatched,0,0,0
GMBOIL_11385 arsenic-transporting ATPase,Unmatched,0,0,0
GMBOIL_11390 cytochrome B6,Unmatched,0,0,0
GMBOIL_11395 hypothetical protein,Unmatched,0,0,0
GMBOIL_11400 ABC transporter ATP-binding protein,Unmatched,0,0,0
GMBOIL_11405 ferredoxin,Unmatched,0,0,0
GMBOIL_11410 Glyco-trans-2-like domain-containing protein,Unmatched,0,0,0
GMBOIL_11415 tyrosine--tRNA ligase,Unmatched,0,0,0
GMBOIL_11420 ferredoxin--nitrite reductase,Unmatched,0,0,0
GMBOIL_11430 aspartate aminotransferase,Unmatched,0,0,0
GMBOIL_11435 fatty acid desaturase,Unmatched,0,0,0
GMBOIL_11440 hypothetical protein,Unmatched,0,0,0
GMBOIL_11445 nucleic acid-binding protein,Unmatched,0,0,0
GMBOIL_11450 prevent-host-death protein,Unmatched,0,0,0
GMBOIL_11455 DUF86 domain-containing protein,Unmatched,0,0,0
GMBOIL_11460 DNA polymerase beta,Unmatched,0,0,0
GMBOIL_11465 addiction module component,Unmatched,0,0,0
GMBOIL_11470 PemK family transcriptional regulator,Unmatched,0,0,0
GMBOIL_11475 Programmed cell death antitoxin YdcD,Unmatched,0,0,0
GMBOIL_11480 PEP-CTERM sorting domain-containing protein,Unmatched,0,0,0
GMBOIL_11485 hypothetical protein,Unmatched,0,0,0
GMBOIL_11490 hypothetical protein,Unmatched,0,0,0
GMBOIL_11495 hypothetical protein,Unmatched,0,0,0
GMBOIL_11500 DUF5615 domain-containing protein,Unmatched,0,0,0
GMBOIL_11505 hypothetical protein,Unmatched,0,0,0
GMBOIL_11510 hypothetical protein,Unmatched,0,0,0
GMBOIL_11515 hypothetical protein,Unmatched,0,0,0
GMBOIL_11520 glucose-1-phosphate adenylyltransferase,Unmatched,0,0,0
GMBOIL_11525 hypothetical protein,Unmatched,0,0,0
GMBOIL_11530 DUF5615 domain-containing protein,Unmatched,0,0,0
GMBOIL_11535 Gsr2395 protein,Unmatched,0,0,0
GMBOIL_11540 hypothetical protein,Unmatched,0,0,0
GMBOIL_11545 hypothetical protein,Unmatched,0,0,0
GMBOIL_11550 hypothetical protein,Unmatched,0,0,0
GMBOIL_11555 Similarity,Unmatched,0,0,0
"GMBOIL_11560 HicA toxin of bacterial toxin-antitoxin,",Unmatched,0,0,0
GMBOIL_11565 2-oxoisovalerate dehydrogenase,Unmatched,0,0,0
GMBOIL_11570 hypothetical protein,Unmatched,0,0,0
GMBOIL_11575 DUF5615 domain-containing protein,Unmatched,0,0,0
GMBOIL_11580 Similar to sp|P27320|FER_SYNY3 Ferredoxin-1,Unmatched,0,0,0
GMBOIL_11585 hypothetical protein,Unmatched,0,0,0
GMBOIL_11590 hypothetical protein,Unmatched,0,0,0
GMBOIL_11595 ATPase,Unmatched,0,0,0
GMBOIL_11600 hypothetical protein,Unmatched,0,0,0
GMBOIL_11605 Alkaline phosphatase,Unmatched,0,0,0
GMBOIL_11610 hypothetical protein,Unmatched,0,0,0
GMBOIL_11615 DUF3318 domain-containing protein,Unmatched,0,0,0
GMBOIL_11620 hypothetical protein,Unmatched,0,0,0
GMBOIL_11625 thioredoxin domain-containing protein,Unmatched,0,0,0
GMBOIL_11630 Chromophore lyase CpcT/CpeT 3,Unmatched,0,0,0
GMBOIL_11635 porphobilinogen synthase,Unmatched,0,0,0
GMBOIL_11640 GTP cyclohydrolase I FolE,Unmatched,0,0,0
GMBOIL_11645 peptide deformylase,Unmatched,0,0,0
GMBOIL_11650 chromosomal replication initiator protein DnaA,Unmatched,0,0,0
GMBOIL_11655 heme o synthase,Unmatched,0,0,0
GMBOIL_11660 heme A synthase,Unmatched,0,0,0
GMBOIL_11665 cytochrome c oxidase subunit II,Unmatched,0,0,0
GMBOIL_11670 cytochrome c oxidase subunit I,Unmatched,0,0,0
GMBOIL_11675 hypothetical protein,Unmatched,0,0,0
GMBOIL_11680 serine/threonine protein kinase,Unmatched,0,0,0
GMBOIL_11685 carbon dioxide transporter,Unmatched,0,0,0
GMBOIL_11690 NADH-quinone oxidoreductase subunit M,Unmatched,0,0,0
GMBOIL_11695 carbonate dehydratase,Unmatched,0,0,0
GMBOIL_11700 NAD(P)H-quinone oxidoreductase subunit F,Unmatched,0,0,0
GMBOIL_11705 LysR family transcriptional regulator,Unmatched,0,0,0
GMBOIL_11710 HypC/HybG/HupF family hydrogenase formation chaperone,Unmatched,0,0,0
GMBOIL_11715 hydrogenase formation protein HypD,Unmatched,0,0,0
GMBOIL_11720 Similarity (Modular protein),Unmatched,0,0,0
GMBOIL_11725 Restriction endonuclease,Unmatched,0,0,0
GMBOIL_11730 hypothetical protein,Unmatched,0,0,0
GMBOIL_11740 YGGT family,Unmatched,0,0,0
GMBOIL_11745 hypothetical protein,Unmatched,0,0,0
GMBOIL_11750 flagellar assembly protein H,Unmatched,0,0,0
GMBOIL_11755 LL-diaminopimelate aminotransferase,Unmatched,0,0,0
GMBOIL_11760 thiol reductase thioredoxin,Unmatched,0,0,0
GMBOIL_11765 hypothetical protein,Unmatched,0,0,0
GMBOIL_11770 Tubulin like,Unmatched,0,0,0
GMBOIL_11775 ribonuclease Z,Unmatched,0,0,0
GMBOIL_11780 o-succinylbenzoate synthase,Unmatched,0,0,0
GMBOIL_11785 2-succinylbenzoate-CoA ligase,Unmatched,0,0,0
GMBOIL_11790 hypothetical protein,Unmatched,0,0,0
GMBOIL_11795 adenosylhomocysteinase,Unmatched,0,0,0
GMBOIL_11800 biotin--protein ligase,Unmatched,0,0,0
GMBOIL_11805 hypothetical protein,Unmatched,0,0,0
GMBOIL_11810 Putative restriction endonuclease,Unmatched,0,0,0
GMBOIL_11815 hypothetical protein,Unmatched,0,0,0
GMBOIL_11820 type III-B CRISPR module RAMP protein Cmr6,Unmatched,0,0,0
GMBOIL_11825 fructosamine kinase family protein,Unmatched,0,0,0
GMBOIL_11830 Uma2 family endonuclease,Unmatched,0,0,0
GMBOIL_11835 undecaprenyldiphospho-muramoylpentapeptide beta-N-acetylglucosaminyltransferase,Unmatched,0,0,0
GMBOIL_11840 hypothetical protein,Unmatched,0,0,0
GMBOIL_11845 transglutaminase,Unmatched,0,0,0
GMBOIL_11850 hypothetical protein,Unmatched,0,0,0
"GMBOIL_11855 beta-propeller domain-containing protein, methanol dehydrogenase",Unmatched,0,0,0
GMBOIL_11860 hybrid sensor histidine kinase/response regulator,Unmatched,0,0,0
GMBOIL_11865 hypothetical protein,Unmatched,0,0,0
GMBOIL_11870 LppP/LprE lipoprotein,Unmatched,0,0,0
GMBOIL_11875 hypothetical protein,Unmatched,0,0,0
GMBOIL_11880 DNA modification methylase,Unmatched,0,0,0
GMBOIL_11885 D-alanyl-D-alanine carboxypeptidase/D-alanyl-D-alanine-endopeptidase,Unmatched,0,0,0
GMBOIL_11890 CAAD domain-containing protein,Unmatched,0,0,0
GMBOIL_11895 co-chaperone GroES,Unmatched,0,0,0
GMBOIL_11900 chaperonin GroEL,Unmatched,0,0,0
GMBOIL_11905 hypothetical protein,Unmatched,0,0,0
GMBOIL_11910 hypothetical protein,Unmatched,0,0,0
GMBOIL_11915 shikimate dehydrogenase,Unmatched,0,0,0
GMBOIL_11920 hypothetical protein,Unmatched,0,0,0
GMBOIL_11925 hypothetical protein,Unmatched,0,0,0
GMBOIL_11930 aminotransferase,Unmatched,0,0,0
GMBOIL_11935 DUF4351 domain-containing protein,Unmatched,0,0,0
GMBOIL_11940 PEP-CTERM exosortase interaction domain protein,Unmatched,0,0,0
GMBOIL_11945 peptidase,Unmatched,0,0,0
GMBOIL_11950 homoserine dehydrogenase,Unmatched,0,0,0
GMBOIL_11955 hypothetical protein,Unmatched,0,0,0
GMBOIL_11960 M23 family peptidase,Unmatched,0,0,0
GMBOIL_11965 glycosyltransferase,Unmatched,0,0,0
GMBOIL_11970 metal-binding protein,Unmatched,0,0,0
GMBOIL_11985 transglutaminase family protein,Unmatched,0,0,0
"GMBOIL_11990 Glycosyl-4,4'-diaponeurosporenoate acyltransferase",Unmatched,0,0,0
GMBOIL_11995 glycosyl transferase family 2,Unmatched,0,0,0
GMBOIL_12000 hypothetical protein,Unmatched,0,0,0
GMBOIL_12005 ISAs1 family transposase,Unmatched,0,0,0
GMBOIL_12010 hypothetical protein,Unmatched,0,0,0
GMBOIL_12015 methyltransferase,Unmatched,0,0,0
GMBOIL_12020 hypothetical protein,Unmatched,0,0,0
GMBOIL_12025 hypothetical protein,Unmatched,0,0,0
GMBOIL_12030 Transposase,Unmatched,0,0,0
GMBOIL_12035 hypothetical protein,Unmatched,0,0,0
GMBOIL_12040 metallophosphatase,Unmatched,0,0,0
GMBOIL_12045 hypothetical protein,Unmatched,0,0,0
GMBOIL_12055 hypothetical protein,Unmatched,0,0,0
GMBOIL_12060 phosphate ABC transporter ATP-binding protein PstB,Unmatched,0,0,0
GMBOIL_12065 phosphate ABC transporter permease PstA,Unmatched,0,0,0
GMBOIL_12070 phosphate ABC transporter permease subunit PstC,Unmatched,0,0,0
GMBOIL_12075 hypothetical protein,Unmatched,0,0,0
GMBOIL_12080 Mobile element protein,Unmatched,0,0,0
GMBOIL_12085 glutaredoxin 3,Unmatched,0,0,0
GMBOIL_12090 hypothetical protein,Unmatched,0,0,0
GMBOIL_12095 RHH-1 domain-containing protein,Unmatched,0,0,0
GMBOIL_12100 hypothetical protein,Unmatched,0,0,0
GMBOIL_12105 Serine/threonine-protein kinase pkn1,Unmatched,0,0,0
GMBOIL_12110 hypothetical protein,Unmatched,0,0,0
GMBOIL_12115 Mobile element protein,Unmatched,0,0,0
GMBOIL_12120 hypothetical protein,Unmatched,0,0,0
GMBOIL_12125 POLO box domain-containing protein,Unmatched,0,0,0
GMBOIL_12130 hypothetical protein,Unmatched,0,0,0
GMBOIL_12135 hypothetical protein,Unmatched,0,0,0
GMBOIL_12140 type II toxin-antitoxin system PemK/MazF family toxin,Unmatched,0,0,0
GMBOIL_12155 hypothetical protein,Unmatched,0,0,0
GMBOIL_12160 preQ(1) synthase,Unmatched,0,0,0
GMBOIL_12165 hypothetical protein,Unmatched,0,0,0
GMBOIL_12170 NACHT domain protein,Unmatched,0,0,0
GMBOIL_12175 photosystem II reaction center protein Ycf12,Unmatched,0,0,0
GMBOIL_12180 transcriptional regulator,Unmatched,0,0,0
GMBOIL_12185 ACR3 family arsenite efflux transporter,Unmatched,0,0,0
GMBOIL_12190 arsenical resistance protein ArsH,Unmatched,0,0,0
"GMBOIL_12195 arsenate reductase, glutathione/glutaredoxin type",Unmatched,0,0,0
GMBOIL_12200 universal stress protein UspA-like protein,Unmatched,0,0,0
GMBOIL_12205 NblA-related protein,Unmatched,0,0,0
GMBOIL_12210 GxxExxY protein,Unmatched,0,0,0
GMBOIL_12215 hypothetical protein,Unmatched,0,0,0
GMBOIL_12220 hypothetical protein,Unmatched,0,0,0
GMBOIL_12225 Photosystem II reaction center X protein,Unmatched,0,0,0
GMBOIL_12230 ComF family protein,Unmatched,0,0,0
GMBOIL_12235 hypothetical protein,Unmatched,0,0,0
GMBOIL_12240 Polyribonucleotide nucleotidyltransferase,Unmatched,0,0,0
GMBOIL_12245 tRNA-Arg(acg),Unmatched,0,0,0
GMBOIL_12250 cyclic pyranopterin monophosphate synthase MoaC,Unmatched,0,0,0
"GMBOIL_12255 Cobalamin biosynthesis protein CobN, Mg-chelatase",Unmatched,0,0,0
GMBOIL_12260 CoA-binding protein,Unmatched,0,0,0
GMBOIL_12265 hypothetical protein,Unmatched,0,0,0
GMBOIL_12270 YggT family protein,Unmatched,0,0,0
GMBOIL_12275 cyanophycinase,Unmatched,0,0,0
GMBOIL_12280 hypothetical protein,Unmatched,0,0,0
GMBOIL_12285 lmo0937 family membrane protein,Unmatched,0,0,0
GMBOIL_12290 CsbD-like protein,Unmatched,0,0,0
GMBOIL_12295 CsbD family protein,Unmatched,0,0,0
GMBOIL_12300 Molybdopterin synthase catalytic subunit,Unmatched,0,0,0
GMBOIL_12305 hypothetical protein,Unmatched,0,0,0
GMBOIL_12310 hypothetical protein,Unmatched,0,0,0
GMBOIL_12315 PEP-CTERM sorting domain-containing protein,Unmatched,0,0,0
GMBOIL_12320 Putative restriction endonuclease,Unmatched,0,0,0
GMBOIL_12325 UDP-N-acetylglucosamine 1-carboxyvinyltransferase,Unmatched,0,0,0
GMBOIL_12330 tRNA-Leu(cag),Unmatched,0,0,0
GMBOIL_12335 rRNA methyltransferase,Unmatched,0,0,0
GMBOIL_12340 hypothetical protein,Unmatched,0,0,0
GMBOIL_12345 Asr5364 protein,Unmatched,0,0,0
GMBOIL_12350 replication/maintenance protein,Unmatched,0,0,0
GMBOIL_12355 spore germination protein,Unmatched,0,0,0
GMBOIL_12360 mechanosensitive ion channel protein MscS,Unmatched,0,0,0
GMBOIL_12365 Cytochrome c-553-like,Unmatched,0,0,0
"GMBOIL_12370 O-linked N-acetylglucosamine transferase, SPINDLY family protein",Unmatched,0,0,0
"GMBOIL_12375 putative O-linked N-acetylglucosamine transferase, SPINDLY family",Unmatched,0,0,0
"GMBOIL_12380 O-linked N-acetylglucosamine transferase, SPINDLY family protein",Unmatched,0,0,0
GMBOIL_12385 Prolyl aminopeptidase,Unmatched,0,0,0
GMBOIL_12390 DUF4351 domain-containing protein,Unmatched,0,0,0
GMBOIL_12395 hypothetical protein,Unmatched,0,0,0
GMBOIL_12400 hypothetical protein,Unmatched,0,0,0
GMBOIL_12405 DNA polymerase subunit beta,Unmatched,0,0,0
GMBOIL_12410 hypothetical protein,Unmatched,0,0,0
GMBOIL_12415 type IV secretion system protein VirD4,Unmatched,0,0,0
GMBOIL_12420 hypothetical protein,Unmatched,0,0,0
GMBOIL_12425 AAA+ family ATPase,Unmatched,0,0,0
GMBOIL_12430 Similarity,Unmatched,0,0,0
GMBOIL_12435 Putative restriction endonuclease,Unmatched,0,0,0
GMBOIL_12440 SWIM-type domain-containing protein,Unmatched,0,0,0
GMBOIL_12445 hypothetical protein,Unmatched,0,0,0
GMBOIL_12450 chromosome partitioning protein ParB,Unmatched,0,0,0
GMBOIL_12455 HTH cro/C1-type domain-containing protein,Unmatched,0,0,0
GMBOIL_12460 hypothetical protein,Unmatched,0,0,0
"GMBOIL_12465 putative toxin-antitoxin system toxin component, PIN family",Unmatched,0,0,0
GMBOIL_12470 hypothetical protein,Unmatched,0,0,0
GMBOIL_12475 DUF6398 domain-containing protein,Unmatched,0,0,0
GMBOIL_12480 transcriptional regulator,Unmatched,0,0,0
GMBOIL_12485 MerR family regulatory protein,Unmatched,0,0,0
GMBOIL_12490 hypothetical protein,Unmatched,0,0,0
GMBOIL_12495 nucleotidyltransferase,Unmatched,0,0,0
GMBOIL_12500 PEP-CTERM domain-containing protein,Unmatched,0,0,0
GMBOIL_12505 type II toxin-antitoxin system HigB family toxin,Unmatched,0,0,0
GMBOIL_12510 transcriptional regulator,Unmatched,0,0,0
GMBOIL_12515 FAD-binding oxidoreductase,Unmatched,0,0,0
GMBOIL_12520 aspartate aminotransferase,Unmatched,0,0,0
GMBOIL_12525 DNA repair protein RadC,Unmatched,0,0,0
GMBOIL_12530 Phosphoribosylformylglycinamidine cyclo-ligase,Unmatched,0,0,0
"GMBOIL_12535 7,8-didemethyl-8-hydroxy-5-deazariboflavin synthase subunit CofH",Unmatched,0,0,0
GMBOIL_12540 photosystem II biogenesis protein Psp29,Unmatched,0,0,0
GMBOIL_12545 peptidase,Unmatched,0,0,0
GMBOIL_12550 hypothetical protein,Unmatched,0,0,0
"GMBOIL_12555 ECF-type riboflavin transporter, S component",Unmatched,0,0,0
GMBOIL_12560 Ketol-acid reductoisomerase (NADP(+)),Unmatched,0,0,0
GMBOIL_12565 hypothetical protein,Unmatched,0,0,0
GMBOIL_12570 epimerase,Unmatched,0,0,0
GMBOIL_12575 hypothetical protein,Unmatched,0,0,0
GMBOIL_12580 SRPBCC family protein,Unmatched,0,0,0
GMBOIL_12585 hypothetical protein,Unmatched,0,0,0
GMBOIL_12590 DUF1499 domain-containing protein,Unmatched,0,0,0
GMBOIL_12595 NTP-transf-9 domain-containing protein,Unmatched,0,0,0
GMBOIL_12600 NACHT domain-containing protein,Unmatched,0,0,0
GMBOIL_12605 hypothetical protein,Unmatched,0,0,0
GMBOIL_12610 type II toxin-antitoxin system HicB family antitoxin,Unmatched,0,0,0
"GMBOIL_12615 HicA toxin of bacterial toxin-antitoxin,",Unmatched,0,0,0
GMBOIL_12620 hypothetical protein,Unmatched,0,0,0
GMBOIL_12625 VapC toxin family PIN domain ribonuclease,Unmatched,0,0,0
GMBOIL_12630 Similarity,Unmatched,0,0,0
GMBOIL_12635 mercuric reductase,Unmatched,0,0,0
GMBOIL_12640 Transposase,Unmatched,0,0,0
GMBOIL_12645 DUF565 domain-containing protein,Unmatched,0,0,0
GMBOIL_12650 DUF3611 domain-containing protein,Unmatched,0,0,0
GMBOIL_12655 molecular chaperone DnaJ,Unmatched,0,0,0
GMBOIL_12660 PD-(D/E)XK nuclease family protein,Unmatched,0,0,0
GMBOIL_12665 tail length tape measure protein,Unmatched,0,0,0
GMBOIL_12670 hypothetical protein,Unmatched,0,0,0
GMBOIL_12675 hypothetical protein,Unmatched,0,0,0
GMBOIL_12680 2-oxoglutarate-Fe(II) oxygenase family enzyme,Unmatched,0,0,0
GMBOIL_12685 Glutamine synthetase inactivating factor IF7,Unmatched,0,0,0
GMBOIL_12690 hypothetical protein,Unmatched,0,0,0
GMBOIL_12695 hypothetical protein,Unmatched,0,0,0
GMBOIL_12700 hypothetical protein,Unmatched,0,0,0
GMBOIL_12705 serine/threonine protein kinase,Unmatched,0,0,0
GMBOIL_12710 AAA-like domain-containing protein,Unmatched,0,0,0
GMBOIL_12715 hypothetical protein,Unmatched,0,0,0
GMBOIL_12720 hypothetical protein,Unmatched,0,0,0
GMBOIL_12725 histidine kinase,Unmatched,0,0,0
GMBOIL_12730 ammonium permease,Unmatched,0,0,0
GMBOIL_12735 CPBP family intramembrane metalloprotease,Unmatched,0,0,0
GMBOIL_12740 ATP-dependent Clp protease adapter ClpS,Unmatched,0,0,0
GMBOIL_12745 hypothetical protein,Unmatched,0,0,0
GMBOIL_12750 hypothetical protein,Unmatched,0,0,0
GMBOIL_12755 peptide chain release factor 2,Unmatched,0,0,0
GMBOIL_12760 cytochrome-c oxidase,Unmatched,0,0,0
GMBOIL_12765 ferrochelatase,Unmatched,0,0,0
GMBOIL_12770 SAM-dependent methyltransferase,Unmatched,0,0,0
GMBOIL_12775 YqeG family HAD IIIA-type phosphatase,Unmatched,0,0,0
GMBOIL_12780 Mobile element protein,Unmatched,0,0,0
GMBOIL_12785 LysR family transcriptional regulator,Unmatched,0,0,0
GMBOIL_12790 IrrE N-terminal-like domain-containing protein,Unmatched,0,0,0
GMBOIL_12795 XRE family transcriptional regulator,Unmatched,0,0,0
GMBOIL_12800 PDDEXK-1 domain-containing protein,Unmatched,0,0,0
GMBOIL_12805 stem cell self-renewal protein Piwi,Unmatched,0,0,0
"GMBOIL_12810 cobyrinate a,c-diamide synthase",Unmatched,0,0,0
GMBOIL_12815 hypothetical protein,Unmatched,0,0,0
GMBOIL_12820 adenine specific DNA methylase Mod,Unmatched,0,0,0
GMBOIL_12825 hypothetical protein,Unmatched,0,0,0
GMBOIL_12830 agmatinase,Unmatched,0,0,0
GMBOIL_12835 tRNA-Val(gac),Unmatched,0,0,0
GMBOIL_12840 2Fe-2S ferredoxin,Unmatched,0,0,0
GMBOIL_12845 hypothetical protein,Unmatched,0,0,0
GMBOIL_12850 DUF1825 domain-containing protein,Unmatched,0,0,0
GMBOIL_12855 isoprenyl transferase,Unmatched,0,0,0
GMBOIL_12860 diadenylate cyclase CdaA,Unmatched,0,0,0
GMBOIL_12865 diaminopimelate decarboxylase,Unmatched,0,0,0
GMBOIL_12870 hypothetical protein,Unmatched,0,0,0
GMBOIL_12875 hypothetical protein,Unmatched,0,0,0
GMBOIL_12880 diflavin flavoprotein A,Unmatched,0,0,0
GMBOIL_12885 IS630 family transposase,Unmatched,0,0,0
GMBOIL_12890 HTH-33 domain-containing protein,Unmatched,0,0,0
GMBOIL_12895 hypothetical protein,Unmatched,0,0,0
GMBOIL_12900 hypothetical protein,Unmatched,0,0,0
GMBOIL_12905 Putative transposase DNA-binding domain-containing protein,Unmatched,0,0,0
GMBOIL_12910 CHAT domain-containing protein,Unmatched,0,0,0
GMBOIL_12915 hypothetical protein,Unmatched,0,0,0
GMBOIL_12920 hypothetical protein,Unmatched,0,0,0
GMBOIL_12925 uridine phosphorylase,Unmatched,0,0,0
GMBOIL_12930 RloB domain-containing protein,Unmatched,0,0,0
GMBOIL_12935 abortive infection protein,Unmatched,0,0,0
GMBOIL_12940 ferredoxin:protochlorophyllide reductase (ATP-dependent) subunit N,Unmatched,0,0,0
GMBOIL_12945 DUF5331 domain-containing protein,Unmatched,0,0,0
GMBOIL_12950 hypothetical protein,Unmatched,0,0,0
GMBOIL_12955 hypothetical protein,Unmatched,0,0,0
GMBOIL_12960 HcyBio domain-containing protein,Unmatched,0,0,0
GMBOIL_12965 SAM-dependent methyltransferase,Unmatched,0,0,0
GMBOIL_12970 urease accessory protein UreJ,Unmatched,0,0,0
GMBOIL_12975 AraC family transcriptional regulator,Unmatched,0,0,0
GMBOIL_12980 hypothetical protein,Unmatched,0,0,0
GMBOIL_12985 creatinine amidohydrolase,Unmatched,0,0,0
GMBOIL_12990 PINc domain-containing protein,Unmatched,0,0,0
GMBOIL_12995 DUF2281 domain-containing protein,Unmatched,0,0,0
GMBOIL_13000 phycocyanin alpha phycocyanobilin lyase,Unmatched,0,0,0
GMBOIL_13005 phycobiliprotein lyase,Unmatched,0,0,0
GMBOIL_13010 hypothetical protein,Unmatched,0,0,0
GMBOIL_13015 hypothetical protein,Unmatched,0,0,0
GMBOIL_13020 photosystem I reaction center subunit PsaK,Unmatched,0,0,0
GMBOIL_13025 50S ribosomal protein L28,Unmatched,0,0,0
GMBOIL_13030 PIN-10 domain-containing protein,Unmatched,0,0,0
GMBOIL_13035 CbamoylP-synth-lsu-like-ATP-bd domain-containing protein,Unmatched,0,0,0
GMBOIL_13040 Type-ISP-C domain-containing protein,Unmatched,0,0,0
GMBOIL_13045 hypothetical protein,Unmatched,0,0,0
GMBOIL_13050 IrrE N-terminal-like domain-containing protein,Unmatched,0,0,0
GMBOIL_13055 Protein translocase subunit SecA,Unmatched,0,0,0
GMBOIL_13060 ATPase,Unmatched,0,0,0
GMBOIL_13065 DUF4276 domain-containing protein,Unmatched,0,0,0
"GMBOIL_13070 2-C-methyl-D-erythritol 2,4-cyclodiphosphate synthase",Unmatched,0,0,0
GMBOIL_13075 DUF2281 domain-containing protein,Unmatched,0,0,0
GMBOIL_13080 PIN domain nuclease,Unmatched,0,0,0
GMBOIL_13085 DUF202 domain-containing protein,Unmatched,0,0,0
GMBOIL_13090 band 7 protein,Unmatched,0,0,0
GMBOIL_13095 hypothetical protein,Unmatched,0,0,0
"GMBOIL_13100 2-carboxy-1,4-naphthoquinone phytyltransferase",Unmatched,0,0,0
GMBOIL_13105 amidase,Unmatched,0,0,0
GMBOIL_13110 Phosphate ABC transporter ATP-binding protein,Unmatched,0,0,0
GMBOIL_13115 phosphate ABC transporter ATP-binding protein PstB,Unmatched,0,0,0
GMBOIL_13120 Substrate-binding domain-containing protein,Unmatched,0,0,0
GMBOIL_13125 tRNA-Cys(gca),Unmatched,0,0,0
GMBOIL_13135 hypothetical protein,Unmatched,0,0,0
GMBOIL_13140 UPF0754 membrane protein MAE_37850,Unmatched,0,0,0
GMBOIL_13145 hypothetical protein,Unmatched,0,0,0
GMBOIL_13150 glycerol-3-phosphate 1-O-acyltransferase PlsY,Unmatched,0,0,0
GMBOIL_13155 sugar transferase,Unmatched,0,0,0
GMBOIL_13160 PEP-CTERM domain-containing protein,Unmatched,0,0,0
GMBOIL_13165 Cell division trigger factor,Unmatched,0,0,0
GMBOIL_13170 xisH family protein,Unmatched,0,0,0
GMBOIL_13175 DUF5615 domain-containing protein,Unmatched,0,0,0
GMBOIL_13180 hypothetical protein,Unmatched,0,0,0
GMBOIL_13185 DUF2283 domain-containing protein,Unmatched,0,0,0
GMBOIL_13190 XisI protein,Unmatched,0,0,0
GMBOIL_13195 FdxN element excision controlling factor XisH,Unmatched,0,0,0
GMBOIL_13200 Tetratricopeptide repeat 28 like domain protein,Unmatched,0,0,0
GMBOIL_13205 plasmid stabilization protein,Unmatched,0,0,0
GMBOIL_13210 hypothetical protein,Unmatched,0,0,0
GMBOIL_13215 hypothetical protein,Unmatched,0,0,0
GMBOIL_13220 prevent-host-death protein,Unmatched,0,0,0
GMBOIL_13225 hypothetical protein,Unmatched,0,0,0
GMBOIL_13230 tRNA-fMet(cat),Unmatched,0,0,0
GMBOIL_13235 carbon dioxide-concentrating protein CcmK,Unmatched,0,0,0
GMBOIL_13240 Carboxysome shell protein CcmK,Unmatched,0,0,0
GMBOIL_13245 carbon dioxide concentrating mechanism protein CcmL,Unmatched,0,0,0
GMBOIL_13250 carbon dioxide concentrating mechanism protein CcmM,Unmatched,0,0,0
GMBOIL_13255 carbon dioxide concentrating mechanism protein,Unmatched,0,0,0
GMBOIL_13260 Ribulose bisphosphate carboxylase large chain,Unmatched,0,0,0
GMBOIL_13265 RbcX chaperonin protein,Unmatched,0,0,0
GMBOIL_13270 leucine-zipper of insertion element IS481,Unmatched,0,0,0
GMBOIL_13275 hypothetical protein,Unmatched,0,0,0
GMBOIL_13280 Mobile element protein,Unmatched,0,0,0
GMBOIL_13285 hypothetical protein,Unmatched,0,0,0
GMBOIL_13290 Methionine adenosyltransferase,Unmatched,0,0,0
GMBOIL_13295 hypothetical protein,Unmatched,0,0,0
GMBOIL_13300 hypothetical protein,Unmatched,0,0,0
GMBOIL_13305 heavy metal-responsive transcriptional regulator,Unmatched,0,0,0
GMBOIL_13310 phycobiliprotein lyase,Unmatched,0,0,0
GMBOIL_13315 Putative glycosyl transferase,Unmatched,0,0,0
GMBOIL_13320 GNAT family N-acetyltransferase,Unmatched,0,0,0
GMBOIL_13325 hypothetical protein,Unmatched,0,0,0
"GMBOIL_13330 5,10-methylenetetrahydrofolate reductase",Unmatched,0,0,0
GMBOIL_13335 G-D-S-L family lipolytic protein,Unmatched,0,0,0
GMBOIL_13340 IS5 family transposase,Unmatched,0,0,0
GMBOIL_13345 tRNA (guanine-N1)-methyltransferase,Unmatched,0,0,0
GMBOIL_13350 DUF3086 domain-containing protein,Unmatched,0,0,0
GMBOIL_13355 hypothetical protein,Unmatched,0,0,0
GMBOIL_13360 glycosyl transferase,Unmatched,0,0,0
GMBOIL_13365 DUF1815 domain-containing protein,Unmatched,0,0,0
GMBOIL_13370 hypothetical protein,Unmatched,0,0,0
GMBOIL_13375 hypothetical protein,Unmatched,0,0,0
GMBOIL_13380 SpkC protein,Unmatched,0,0,0
GMBOIL_13385 succinate dehydrogenase/fumarate reductase iron-sulfur subunit,Unmatched,0,0,0
GMBOIL_13390 AbrB family transcriptional regulator,Unmatched,0,0,0
GMBOIL_13395 Cys/Met metabolism pyridoxal-phosphate-dependent enzyme,Unmatched,0,0,0
GMBOIL_13400 iron export ABC transporter permease subunit FetB,Unmatched,0,0,0
GMBOIL_13405 type I glyceraldehyde-3-phosphate dehydrogenase,Unmatched,0,0,0
GMBOIL_13410 hypothetical protein,Unmatched,0,0,0
GMBOIL_13415 hypothetical protein,Unmatched,0,0,0
GMBOIL_13420 thiol:disulfide interchange protein,Unmatched,0,0,0
GMBOIL_13425 ferredoxin,Unmatched,0,0,0
GMBOIL_13430 isochorismate synthase,Unmatched,0,0,0
GMBOIL_13435 hypothetical protein,Unmatched,0,0,0
GMBOIL_13440 Similar to tr|Q7NFK4|Q7NFK4,Unmatched,0,0,0
GMBOIL_13445 phosphorybosylanthranilate isomerase,Unmatched,0,0,0
GMBOIL_13450 30S ribosomal protein S12 methylthiotransferase RimO,Unmatched,0,0,0
GMBOIL_13455 ATP-dependent RNA helicase,Unmatched,0,0,0
GMBOIL_13460 hypothetical protein,Unmatched,0,0,0
GMBOIL_13465 Type I site-specific deoxyribonuclease,Unmatched,0,0,0
GMBOIL_13470 ABC transporter permease,Unmatched,0,0,0
GMBOIL_13475 ATP-binding protein,Unmatched,0,0,0
GMBOIL_13480 hypothetical protein,Unmatched,0,0,0
GMBOIL_13485 Fe(3+) ABC transporter substrate-binding protein,Unmatched,0,0,0
GMBOIL_13490 SAM-dependent methyltransferase,Unmatched,0,0,0
GMBOIL_13495 Transposase,Unmatched,0,0,0
GMBOIL_13500 ATPase,Unmatched,0,0,0
GMBOIL_13505 glycosyltransferase,Unmatched,0,0,0
GMBOIL_13510 RNA methyltransferase,Unmatched,0,0,0
GMBOIL_13515 serine hydrolase,Unmatched,0,0,0
GMBOIL_13520 glutaredoxin family protein,Unmatched,0,0,0
GMBOIL_13525 hypothetical protein,Unmatched,0,0,0
GMBOIL_13530 hypothetical protein,Unmatched,0,0,0
GMBOIL_13535 hypothetical protein,Unmatched,0,0,0
GMBOIL_13540 DUF6516 domain-containing protein,Unmatched,0,0,0
GMBOIL_13545 DNA-binding protein,Unmatched,0,0,0
GMBOIL_13550 hypothetical protein,Unmatched,0,0,0
GMBOIL_13555 hypothetical protein,Unmatched,0,0,0
GMBOIL_13560 HicB-like domain-containing protein,Unmatched,0,0,0
"GMBOIL_13565 HicA toxin of bacterial toxin-antitoxin,",Unmatched,0,0,0
GMBOIL_13570 hypothetical protein,Unmatched,0,0,0
GMBOIL_13575 plasmid maintenance system killer,Unmatched,0,0,0
GMBOIL_13580 HigA family addiction module antitoxin,Unmatched,0,0,0
"GMBOIL_13585 putative toxin-antitoxin system toxin component, PIN family",Unmatched,0,0,0
GMBOIL_13590 Similar to tr|P73252|P73252,Unmatched,0,0,0
GMBOIL_13595 DUF3352 domain-containing protein,Unmatched,0,0,0
GMBOIL_13600 Cytochrome c6,Unmatched,0,0,0
GMBOIL_13605 plastocyanin,Unmatched,0,0,0
GMBOIL_13610 histidine phosphatase family protein,Unmatched,0,0,0
GMBOIL_13615 histidine phosphatase family protein,Unmatched,0,0,0
GMBOIL_13620 sodium:proton antiporter,Unmatched,0,0,0
GMBOIL_13625 amino acid ABC transporter ATP-binding protein,Unmatched,0,0,0
GMBOIL_13630 DUF29 domain-containing protein,Unmatched,0,0,0
GMBOIL_13635 restriction endonuclease,Unmatched,0,0,0
GMBOIL_13640 recombination protein F,Unmatched,0,0,0
GMBOIL_13645 DUF3226 domain-containing protein,Unmatched,0,0,0
GMBOIL_13650 Photosystem II manganese-stabilizing polypeptide,Unmatched,0,0,0
GMBOIL_13655 hypothetical protein,Unmatched,0,0,0
GMBOIL_13660 phosphoglucosamine mutase,Unmatched,0,0,0
GMBOIL_13665 methyltransferase,Unmatched,0,0,0
GMBOIL_13670 WYL domain-containing protein,Unmatched,0,0,0
GMBOIL_13675 hypothetical protein,Unmatched,0,0,0
GMBOIL_13680 Peptidase A2 domain-containing protein,Unmatched,0,0,0
GMBOIL_13685 cadmium-translocating P-type ATPase,Unmatched,0,0,0
GMBOIL_13690 Similar to Q3M894_ANAVT S-layer region-like,Unmatched,0,0,0
GMBOIL_13695 NAD(P)/FAD-dependent oxidoreductase,Unmatched,0,0,0
GMBOIL_13700 glycosyl transferase family 2,Unmatched,0,0,0
GMBOIL_13705 hypothetical protein,Unmatched,0,0,0
GMBOIL_13710 VapC toxin family PIN domain ribonuclease,Unmatched,0,0,0
GMBOIL_13715 AbrB/MazE/SpoVT family DNA-binding domain-containing protein,Unmatched,0,0,0
GMBOIL_13720 cytochrome c biogenesis factor,Unmatched,0,0,0
GMBOIL_13725 efflux transporter periplasmic adaptor subunit,Unmatched,0,0,0
GMBOIL_13730 hypothetical protein,Unmatched,0,0,0
GMBOIL_13735 hypothetical protein,Unmatched,0,0,0
GMBOIL_13740 hypothetical protein,Unmatched,0,0,0
GMBOIL_13760 hypothetical protein,Unmatched,0,0,0
GMBOIL_13765 sensor histidine kinase,Unmatched,0,0,0
GMBOIL_13770 GNAT family N-acetyltransferase,Unmatched,0,0,0
GMBOIL_13775 carbohydrate kinase,Unmatched,0,0,0
GMBOIL_13780 esterase,Unmatched,0,0,0
GMBOIL_13785 DUF1818 domain-containing protein,Unmatched,0,0,0
GMBOIL_13790 hypothetical protein,Unmatched,0,0,0
GMBOIL_13795 leucine--tRNA ligase,Unmatched,0,0,0
GMBOIL_13800 hypothetical protein,Unmatched,0,0,0
GMBOIL_13805 hypothetical protein,Unmatched,0,0,0
GMBOIL_13810 Similar to Q110X8_TRIEI TPR repeat containing protein,Unmatched,0,0,0
GMBOIL_13815 glucose-6-phosphate 1-dehydrogenase,Unmatched,0,0,0
GMBOIL_13820 DUF1902 domain-containing protein,Unmatched,0,0,0
"GMBOIL_13825 HicA toxin of bacterial toxin-antitoxin,",Unmatched,0,0,0
GMBOIL_13830 hypothetical protein,Unmatched,0,0,0
GMBOIL_13835 Cysteine synthase A,Unmatched,0,0,0
GMBOIL_13840 hypothetical protein,Unmatched,0,0,0
GMBOIL_13845 ATP-binding protein,Unmatched,0,0,0
"GMBOIL_13850 Membrane-bound metal-dependent hydrolase YdjM, induced during SOS response",Unmatched,0,0,0
GMBOIL_13855 IS5 family transposase,Unmatched,0,0,0
GMBOIL_13860 Tnp-DDE-dom domain-containing protein,Unmatched,0,0,0
GMBOIL_13865 histidine kinase,Unmatched,0,0,0
GMBOIL_13870 SAM-dependent methyltransferase,Unmatched,0,0,0
GMBOIL_13875 tRNA-Ser(cga),Unmatched,0,0,0
GMBOIL_13880 homogentisate phytyltransferase,Unmatched,0,0,0
GMBOIL_13885 hypothetical protein,Unmatched,0,0,0
GMBOIL_13890 IS982 family transposase,Unmatched,0,0,0
GMBOIL_13895 aromatic acid decarboxylase,Unmatched,0,0,0
GMBOIL_13900 hypothetical protein,Unmatched,0,0,0
GMBOIL_13910 molecular chaperone DnaK,Unmatched,0,0,0
GMBOIL_13915 hypothetical protein,Unmatched,0,0,0
GMBOIL_13920 Resolvase/invertase-type recombinase catalytic domain-containing protein,Unmatched,0,0,0
GMBOIL_13925 DUF1232 domain-containing protein,Unmatched,0,0,0
GMBOIL_13930 comA domain protein,Unmatched,0,0,0
GMBOIL_13935 phosphoribosyltransferase,Unmatched,0,0,0
GMBOIL_13940 DUF4079 domain-containing protein,Unmatched,0,0,0
GMBOIL_13945 Nitrogen regulatory protein P-II,Unmatched,0,0,0
GMBOIL_13950 Transketolase,Unmatched,0,0,0
GMBOIL_13955 ATP-dependent chaperone ClpB,Unmatched,0,0,0
GMBOIL_13960 Uma2 domain-containing protein,Unmatched,0,0,0
GMBOIL_13965 tRNA-Leu(tag),Unmatched,0,0,0
GMBOIL_13975 Cytochrome b5 heme-binding domain-containing protein,Unmatched,0,0,0
GMBOIL_13980 hypothetical protein,Unmatched,0,0,0
GMBOIL_13985 macrolide ABC transporter ATP-binding protein,Unmatched,0,0,0
GMBOIL_13990 ABC transporter substrate-binding protein,Unmatched,0,0,0
GMBOIL_13995 Aluminum resistance protein,Unmatched,0,0,0
GMBOIL_14000 nucleoside-diphosphate kinase,Unmatched,0,0,0
GMBOIL_14005 Glycogen phosphorylase,Unmatched,0,0,0
"GMBOIL_14010 Pseudouridine synthase RluA, 23S rRNA- or tRNA-specific",Unmatched,0,0,0
GMBOIL_14015 aspartyl protease,Unmatched,0,0,0
GMBOIL_14020 carboxypeptidase,Unmatched,0,0,0
GMBOIL_14025 hypothetical protein,Unmatched,0,0,0
GMBOIL_14030 Circadian clock protein KaiB,Unmatched,0,0,0
GMBOIL_14040 23S ribosomal RNA,Unmatched,0,0,0
GMBOIL_14045 tRNA-Ile(gat),Unmatched,0,0,0
GMBOIL_14050 (5' truncated) 16S ribosomal RNA,Unmatched,0,0,0
GMBOIL_14055 translation initiation factor IF-2,Unmatched,0,0,0
GMBOIL_14060 photosystem II cytochrome c-550,Unmatched,0,0,0
GMBOIL_14065 DUF3226 domain-containing protein,Unmatched,0,0,0
GMBOIL_14070 hypothetical protein,Unmatched,0,0,0
GMBOIL_14075 hypothetical protein,Unmatched,0,0,0
GMBOIL_14080 PIN-10 domain-containing protein,Unmatched,0,0,0
GMBOIL_14085 agmatinase,Unmatched,0,0,0
GMBOIL_14090 ATP-binding protein,Unmatched,0,0,0
GMBOIL_14095 DUF4160 domain-containing protein,Unmatched,0,0,0
GMBOIL_14100 integron cassette protein,Unmatched,0,0,0
GMBOIL_14105 PIN domain nuclease,Unmatched,0,0,0
GMBOIL_14110 type II toxin-antitoxin system prevent-host-death family antitoxin,Unmatched,0,0,0
GMBOIL_14115 hypothetical protein,Unmatched,0,0,0
GMBOIL_14120 Putative restriction endonuclease,Unmatched,0,0,0
GMBOIL_14125 hypothetical protein,Unmatched,0,0,0
GMBOIL_14130 PIN domain nuclease,Unmatched,0,0,0
GMBOIL_14135 hypothetical protein,Unmatched,0,0,0
GMBOIL_14140 type II toxin-antitoxin system HicB family antitoxin,Unmatched,0,0,0
"GMBOIL_14145 HicA toxin of bacterial toxin-antitoxin,",Unmatched,0,0,0
GMBOIL_14150 hypothetical protein,Unmatched,0,0,0
GMBOIL_14155 nucleotidyltransferase,Unmatched,0,0,0
GMBOIL_14160 hypothetical protein,Unmatched,0,0,0
GMBOIL_14165 bifunctional adenosylcobinamide kinase/adenosylcobinamide-phosphate guanylyltransferase,Unmatched,0,0,0
GMBOIL_14170 Aklanonic acid methyltransferase DauC,Unmatched,0,0,0
GMBOIL_14175 isopropylmalate isomerase,Unmatched,0,0,0
GMBOIL_14180 hypothetical protein,Unmatched,0,0,0
GMBOIL_14185 hypothetical protein,Unmatched,0,0,0
GMBOIL_14190 hypothetical protein,Unmatched,0,0,0
GMBOIL_14195 type I-MYXAN CRISPR-associated protein Cas6/Cmx6,Unmatched,0,0,0
GMBOIL_14200 CRISPR-associated helicase/endonuclease Cas3,Unmatched,0,0,0
GMBOIL_14205 type I-MYXAN CRISPR-associated protein Cmx8,Unmatched,0,0,0
GMBOIL_14210 type I-B CRISPR-associated protein Cas7/Cst2/DevR,Unmatched,0,0,0
GMBOIL_14215 type I-MYXAN CRISPR-associated protein Cas5/Cmx5/DevS,Unmatched,0,0,0
GMBOIL_14220 hypothetical protein,Unmatched,0,0,0
GMBOIL_14225 DUF2808 domain-containing protein,Unmatched,0,0,0
GMBOIL_14230 Putative restriction endonuclease,Unmatched,0,0,0
GMBOIL_14235 metallothionein,Unmatched,0,0,0
GMBOIL_14240 transcriptional regulator,Unmatched,0,0,0
GMBOIL_14245 Pentapeptide repeat protein,Unmatched,0,0,0
GMBOIL_14250 ATP-dependent helicase,Unmatched,0,0,0
GMBOIL_14255 hypothetical protein,Unmatched,0,0,0
GMBOIL_14260 glutamate dehydrogenase,Unmatched,0,0,0
GMBOIL_14265 Similar to tr|Q8YT38|Q8YT38,Unmatched,0,0,0
GMBOIL_14270 Argininosuccinate lyase,Unmatched,0,0,0
GMBOIL_14275 type II toxin-antitoxin system HicA family toxin,Unmatched,0,0,0
GMBOIL_14280 HicB family protein,Unmatched,0,0,0
GMBOIL_14285 hypothetical protein,Unmatched,0,0,0
"GMBOIL_14290 Putative guanosine-3',5'-bis(Diphosphate) 3'-pyrophosphohydrolase",Unmatched,0,0,0
GMBOIL_14295 IS630 family transposase,Unmatched,0,0,0
GMBOIL_14300 IS630 family transposase,Unmatched,0,0,0
GMBOIL_14305 hypothetical protein,Unmatched,0,0,0
GMBOIL_14310 DUF4435 domain-containing protein,Unmatched,0,0,0
GMBOIL_14315 AAA domain-containing protein,Unmatched,0,0,0
GMBOIL_14325 DUF4926 domain-containing protein,Unmatched,0,0,0
GMBOIL_14330 hypothetical protein,Unmatched,0,0,0
GMBOIL_14335 ATPase,Unmatched,0,0,0
GMBOIL_14340 histidine kinase,Unmatched,0,0,0
GMBOIL_14345 outer membrane protein assembly factor,Unmatched,0,0,0
GMBOIL_14350 UDP-3-O-acyl-N-acetylglucosamine deacetylase,Unmatched,0,0,0
GMBOIL_14355 DUF1460 domain-containing protein,Unmatched,0,0,0
GMBOIL_14360 hypothetical protein,Unmatched,0,0,0
"GMBOIL_14365 Cobalamin biosynthesis protein CobN, Mg-chelatase",Unmatched,0,0,0
GMBOIL_14370 hypothetical protein,Unmatched,0,0,0
GMBOIL_14375 hypothetical protein,Unmatched,0,0,0
GMBOIL_14385 hypothetical protein,Unmatched,0,0,0
GMBOIL_14390 hypothetical protein,Unmatched,0,0,0
GMBOIL_14395 CRISPR-associated endonuclease Cas1,Unmatched,0,0,0
GMBOIL_14400 CRISPR-associated endonuclease Cas2,Unmatched,0,0,0
GMBOIL_14410 hypothetical protein,Unmatched,0,0,0
GMBOIL_14415 hypothetical protein,Unmatched,0,0,0
GMBOIL_14420 hypothetical protein,Unmatched,0,0,0
"GMBOIL_14425 RNA polymerase sigma factor, RpoD/SigA family",Unmatched,0,0,0
GMBOIL_14430 DUF29 domain-containing protein,Unmatched,0,0,0
GMBOIL_14435 SycD/LcrH family type III secretion system chaperone,Unmatched,0,0,0
GMBOIL_14440 phycocyanin alpha phycocyanobilin lyase,Unmatched,0,0,0
GMBOIL_14445 putative UDP-N-acetylglucosamine--peptide N-acetylglucosaminyltransferase SPINDLY,Unmatched,0,0,0
GMBOIL_14450 ABC transporter ATP-binding protein,Unmatched,0,0,0
GMBOIL_14455 hypothetical protein,Unmatched,0,0,0
GMBOIL_14460 sulfotransferase family protein,Unmatched,0,0,0
GMBOIL_14465 hypothetical protein,Unmatched,0,0,0
GMBOIL_14470 DUF5131 domain-containing protein,Unmatched,0,0,0
GMBOIL_14475 Three-Cys-motif partner protein TcmP,Unmatched,0,0,0
GMBOIL_14480 Transposase,Unmatched,0,0,0
"GMBOIL_14485 Phosphate ABC transporter, periplasmic phosphate-binding protein PstS",Unmatched,0,0,0
GMBOIL_14490 50S ribosomal protein L31,Unmatched,0,0,0
GMBOIL_14495 30S ribosomal protein S9,Unmatched,0,0,0
GMBOIL_14500 50S ribosomal protein L13,Unmatched,0,0,0
GMBOIL_14505 tRNA pseudouridine(38-40) synthase TruA,Unmatched,0,0,0
GMBOIL_14510 50S ribosomal protein L17,Unmatched,0,0,0
GMBOIL_14515 DNA-directed RNA polymerase subunit alpha,Unmatched,0,0,0
GMBOIL_14520 30S ribosomal protein S11,Unmatched,0,0,0
GMBOIL_14525 30S ribosomal protein S13,Unmatched,0,0,0
GMBOIL_14530 50S ribosomal protein L36,Unmatched,0,0,0
GMBOIL_14535 translation initiation factor IF-1,Unmatched,0,0,0
GMBOIL_14540 YCII domain-containing protein,Unmatched,0,0,0
GMBOIL_14545 2'-5' RNA ligase,Unmatched,0,0,0
GMBOIL_14550 RRXRR domain-containing protein,Unmatched,0,0,0
GMBOIL_14555 B12-binding domain-containing radical SAM protein,Unmatched,0,0,0
GMBOIL_14560 Mannose-1-phosphate guanylyltransferase (GDP),Unmatched,0,0,0
GMBOIL_14565 ABC transporter,Unmatched,0,0,0
GMBOIL_14570 hypothetical protein,Unmatched,0,0,0
GMBOIL_14575 bifunctional ornithine acetyltransferase/N-acetylglutamate synthase,Unmatched,0,0,0
GMBOIL_14580 pentapeptide repeat-containing protein,Unmatched,0,0,0
GMBOIL_14585 MBL fold metallo-hydrolase,Unmatched,0,0,0
GMBOIL_14590 site-2 protease family protein,Unmatched,0,0,0
GMBOIL_14595 DUF218 domain-containing protein,Unmatched,0,0,0
GMBOIL_14600 Ca(2+)/H(+) antiporter,Unmatched,0,0,0
GMBOIL_14605 16S rRNA (guanine(527)-N(7))-methyltransferase RsmG,Unmatched,0,0,0
"GMBOIL_14610 Membrane-bound metal-dependent hydrolase YdjM, induced during SOS response",Unmatched,0,0,0
GMBOIL_14615 ATP-binding protein,Unmatched,0,0,0
GMBOIL_14620 NAD(P)-dependent oxidoreductase,Unmatched,0,0,0
GMBOIL_14625 hypothetical protein,Unmatched,0,0,0
GMBOIL_14630 Transposase,Unmatched,0,0,0
GMBOIL_14635 IS1634 family transposase,Unmatched,0,0,0
GMBOIL_14640 sporulation protein,Unmatched,0,0,0
GMBOIL_14645 3-hydroxyacyl-ACP dehydratase FabZ,Unmatched,0,0,0
GMBOIL_14650 hypothetical protein,Unmatched,0,0,0
GMBOIL_14655 VOC family protein,Unmatched,0,0,0
GMBOIL_14660 Transglutaminase-like superfamily,Unmatched,0,0,0
GMBOIL_14665 serine/threonine protein phosphatase,Unmatched,0,0,0
GMBOIL_14670 N-acetylglucosamine-6-phosphate deacetylase,Unmatched,0,0,0
GMBOIL_14675 hypothetical protein,Unmatched,0,0,0
GMBOIL_14680 aldo/keto reductase,Unmatched,0,0,0
GMBOIL_14685 hypothetical protein,Unmatched,0,0,0
GMBOIL_14690 5-formyltetrahydrofolate cyclo-ligase,Unmatched,0,0,0
GMBOIL_14695 glutaredoxin 3,Unmatched,0,0,0
GMBOIL_14700 HigA family addiction module antitoxin,Unmatched,0,0,0
GMBOIL_14705 peptidase,Unmatched,0,0,0
GMBOIL_14710 ACP S-malonyltransferase,Unmatched,0,0,0
GMBOIL_14715 DUF433 domain-containing protein,Unmatched,0,0,0
GMBOIL_14720 nucleic acid-binding protein,Unmatched,0,0,0
GMBOIL_14725 DUF2281 domain-containing protein,Unmatched,0,0,0
GMBOIL_14730 hypothetical protein,Unmatched,0,0,0
GMBOIL_14735 hypothetical protein,Unmatched,0,0,0
GMBOIL_14740 peptide ABC transporter substrate-binding protein,Unmatched,0,0,0
GMBOIL_14745 ABC transporter substrate-binding protein,Unmatched,0,0,0
GMBOIL_14750 glyoxalase,Unmatched,0,0,0
GMBOIL_14755 cytochrome C biogenesis protein,Unmatched,0,0,0
GMBOIL_14760 Cytochrome c biogenesis protein CcsB,Unmatched,0,0,0
GMBOIL_14765 DNA-formamidopyrimidine glycosylase,Unmatched,0,0,0
GMBOIL_14770 potassium channel protein,Unmatched,0,0,0
GMBOIL_14775 DUF4278 domain-containing protein,Unmatched,0,0,0
GMBOIL_14780 peptidase,Unmatched,0,0,0
GMBOIL_14785 adenosylcobinamide-GDP ribazoletransferase,Unmatched,0,0,0
GMBOIL_14790 DUF4430 domain-containing protein,Unmatched,0,0,0
GMBOIL_14795 PINc domain-containing protein,Unmatched,0,0,0
GMBOIL_14800 HTH-17 domain-containing protein,Unmatched,0,0,0
GMBOIL_14805 PINc domain-containing protein,Unmatched,0,0,0
GMBOIL_14810 hypothetical protein,Unmatched,0,0,0
GMBOIL_14815 peptidase C15,Unmatched,0,0,0
GMBOIL_14820 metallophosphoesterase,Unmatched,0,0,0
GMBOIL_14825 hypothetical protein,Unmatched,0,0,0
GMBOIL_14830 Isoleucine--tRNA ligase,Unmatched,0,0,0
GMBOIL_14845 glycogen-debranching protein,Unmatched,0,0,0
GMBOIL_14850 NAD-dependent dehydratase,Unmatched,0,0,0
GMBOIL_14855 LTXXQ motif family protein,Unmatched,0,0,0
GMBOIL_14860 hypothetical protein,Unmatched,0,0,0
GMBOIL_14865 RNA polymerase subunit sigma,Unmatched,0,0,0
GMBOIL_14870 hormogonium polysaccharide biosynthesis glycosyltransferase HpsO,Unmatched,0,0,0
GMBOIL_14875 hormogonium polysaccharide biosynthesis glycosyltransferase HpsN,Unmatched,0,0,0
GMBOIL_14880 hypothetical protein,Unmatched,0,0,0
GMBOIL_14885 hormogonium polysaccharide biosynthesis protein HpsL,Unmatched,0,0,0
GMBOIL_14890 phosphoglucosamine mutase,Unmatched,0,0,0
GMBOIL_14895 tRNA-Met(cat),Unmatched,0,0,0
GMBOIL_14900 peptidase,Unmatched,0,0,0
GMBOIL_14905 hypothetical protein,Unmatched,0,0,0
GMBOIL_14910 hypothetical protein,Unmatched,0,0,0
GMBOIL_14915 ATP-dependent zinc metalloprotease FtsH2,Unmatched,0,0,0
GMBOIL_14930 (3' truncated) Bacterial RNase P class A,Unmatched,0,0,0
GMBOIL_14935 hypothetical protein,Unmatched,0,0,0
GMBOIL_14940 RuBisCO accumulation factor 1,Unmatched,0,0,0
GMBOIL_14945 ethanolamine utilization microcompartment protein EutM,Unmatched,0,0,0
GMBOIL_14950 Gluconokinase,Unmatched,0,0,0
GMBOIL_14955 S-2TMBeta domain-containing protein,Unmatched,0,0,0
GMBOIL_14960 hypothetical protein,Unmatched,0,0,0
GMBOIL_14965 adenosine deaminase,Unmatched,0,0,0
GMBOIL_14970 hypothetical protein,Unmatched,0,0,0
GMBOIL_14975 PemK family transcriptional regulator,Unmatched,0,0,0
GMBOIL_14980 DUF2281 domain-containing protein,Unmatched,0,0,0
GMBOIL_14985 VapC toxin family PIN domain ribonuclease,Unmatched,0,0,0
GMBOIL_14990 oxidoreductase,Unmatched,0,0,0
GMBOIL_14995 hydantoinase,Unmatched,0,0,0
GMBOIL_15000 DUF98 domain-containing protein,Unmatched,0,0,0
GMBOIL_15005 gamma carbonic anhydrase family protein,Unmatched,0,0,0
GMBOIL_15010 TIGR02652 family protein,Unmatched,0,0,0
GMBOIL_15015 glyoxalase/bleomycin resistance/extradiol dioxygenase family protein,Unmatched,0,0,0
GMBOIL_15020 hypothetical protein,Unmatched,0,0,0
GMBOIL_15025 DUF3120 domain-containing protein,Unmatched,0,0,0
GMBOIL_15030 adenylate/guanylate cyclase domain-containing protein,Unmatched,0,0,0
GMBOIL_15035 hypothetical protein,Unmatched,0,0,0
GMBOIL_15040 hypothetical protein,Unmatched,0,0,0
GMBOIL_15045 hydroxyacylglutathione hydrolase,Unmatched,0,0,0
GMBOIL_15050 hypothetical protein,Unmatched,0,0,0
GMBOIL_15055 IS1634 family transposase,Unmatched,0,0,0
GMBOIL_15060 Mobile element protein,Unmatched,0,0,0
GMBOIL_15065 DNA mismatch repair endonuclease MutL,Unmatched,0,0,0
GMBOIL_15070 DUF4079 domain-containing protein,Unmatched,0,0,0
GMBOIL_15075 ribosome biogenesis GTPase Der,Unmatched,0,0,0
GMBOIL_15080 Cobalt transport protein,Unmatched,0,0,0
GMBOIL_15085 peroxiredoxin,Unmatched,0,0,0
GMBOIL_15090 ABC-F type ribosomal protection protein,Unmatched,0,0,0
GMBOIL_15095 S15 family X-Pro dipeptidyl-peptidase,Unmatched,0,0,0
GMBOIL_15100 Uncharacterized protein alr1449,Unmatched,0,0,0
GMBOIL_15105 aldo/keto reductase,Unmatched,0,0,0
GMBOIL_15110 Similarity,Unmatched,0,0,0
GMBOIL_15115 sugar ABC transporter substrate-binding protein,Unmatched,0,0,0
GMBOIL_15120 transketolase,Unmatched,0,0,0
GMBOIL_15125 proline hydroxylase,Unmatched,0,0,0
GMBOIL_15130 ABC transporter substrate-binding protein,Unmatched,0,0,0
GMBOIL_15135 Hypothetical glycosyl hydrolase 6,Unmatched,0,0,0
GMBOIL_15140 UPF0182 protein MAE_41360,Unmatched,0,0,0
GMBOIL_15145 hypothetical protein,Unmatched,0,0,0
GMBOIL_15150 hypothetical protein,Unmatched,0,0,0
GMBOIL_15155 hypothetical protein,Unmatched,0,0,0
GMBOIL_15160 hypothetical protein,Unmatched,0,0,0
GMBOIL_15170 transporter,Unmatched,0,0,0
GMBOIL_15175 Crp/Fnr family transcriptional regulator,Unmatched,0,0,0
GMBOIL_15180 Chromosome partition protein Smc,Unmatched,0,0,0
GMBOIL_15185 MgtC family,Unmatched,0,0,0
GMBOIL_15190 Cystathionine gamma-lyase,Unmatched,0,0,0
GMBOIL_15195 cysteine synthase A,Unmatched,0,0,0
GMBOIL_15200 hypothetical protein,Unmatched,0,0,0
GMBOIL_15205 phycocyanin subunit beta,Unmatched,0,0,0
GMBOIL_15210 phycocyanin subunit alpha,Unmatched,0,0,0
GMBOIL_15215 Type IV pilin PilA,Unmatched,0,0,0
GMBOIL_15220 sulfurtransferase,Unmatched,0,0,0
GMBOIL_15225 PA-phosphatase,Unmatched,0,0,0
GMBOIL_15230 hypothetical protein,Unmatched,0,0,0
GMBOIL_15235 sulfate ABC transporter substrate-binding protein,Unmatched,0,0,0
GMBOIL_15240 hypothetical protein,Unmatched,0,0,0
GMBOIL_15245 septal ring lytic transglycosylase RlpA family lipoprotein,Unmatched,0,0,0
GMBOIL_15250 ABC transporter ATP-binding protein,Unmatched,0,0,0
GMBOIL_15255 NAD(P)H-quinone oxidoreductase chain 4 2,Unmatched,0,0,0
GMBOIL_15260 Serine/threonine-protein kinase pkn1,Unmatched,0,0,0
GMBOIL_15265 chloride channel protein,Unmatched,0,0,0
GMBOIL_15270 hypothetical protein,Unmatched,0,0,0
GMBOIL_15275 hypothetical protein,Unmatched,0,0,0
GMBOIL_15355 DUF5331 domain-containing protein,Unmatched,0,0,0
GMBOIL_15360 ferredoxin:protochlorophyllide reductase (ATP-dependent) iron-sulfur ATP-binding protein,Unmatched,0,0,0
GMBOIL_15365 Similarity,Unmatched,0,0,0
GMBOIL_15370 hypothetical protein,Unmatched,0,0,0
GMBOIL_15375 hypothetical protein,Unmatched,0,0,0
GMBOIL_15380 hypothetical protein,Unmatched,0,0,0
GMBOIL_15385 hypothetical protein,Unmatched,0,0,0
GMBOIL_15390 urea ABC transporter permease subunit UrtB,Unmatched,0,0,0
GMBOIL_15395 urea ABC transporter substrate-binding protein,Unmatched,0,0,0
GMBOIL_15400 Uncharacterized protein family UPF0016,Unmatched,0,0,0
GMBOIL_15405 Uncharacterized protein family UPF0016,Unmatched,0,0,0
GMBOIL_15410 VWFA domain-containing protein,Unmatched,0,0,0
GMBOIL_15415 glycogen synthase GlgA,Unmatched,0,0,0
GMBOIL_15420 NAD(P)H-quinone oxidoreductase subunit M,Unmatched,0,0,0
GMBOIL_15425 30S ribosomal protein S15,Unmatched,0,0,0
GMBOIL_15430 DUF3464 domain-containing protein,Unmatched,0,0,0
GMBOIL_15435 bifunctional 3-deoxy-7-phosphoheptulonate synthase/chorismate mutase,Unmatched,0,0,0
GMBOIL_15440 Uma2 family endonuclease,Unmatched,0,0,0
"GMBOIL_15445 Endonuclease, Uma2 family (restriction endonuclease fold)",Unmatched,0,0,0
GMBOIL_15450 SRSO17 transposase,Unmatched,0,0,0
GMBOIL_15455 Geranylgeranyl diphosphate reductase,Unmatched,0,0,0
GMBOIL_15460 isoaspartyl peptidase,Unmatched,0,0,0
GMBOIL_15465 cell division protein FtsW,Unmatched,0,0,0
GMBOIL_15470 hypothetical protein,Unmatched,0,0,0
GMBOIL_15475 type II toxin-antitoxin system HicB family antitoxin,Unmatched,0,0,0
GMBOIL_15480 hypothetical protein,Unmatched,0,0,0
GMBOIL_15485 hypothetical protein,Unmatched,0,0,0
GMBOIL_15490 Asl2194 protein,Unmatched,0,0,0
GMBOIL_15495 hypothetical protein,Unmatched,0,0,0
GMBOIL_15500 IS4 family transposase,Unmatched,0,0,0
GMBOIL_15505 HigB toxin protein,Unmatched,0,0,0
GMBOIL_15510 hypothetical protein,Unmatched,0,0,0
GMBOIL_15515 RHS repeat-associated core domain protein,Unmatched,0,0,0
GMBOIL_15520 ribosome maturation factor RimP,Unmatched,0,0,0
GMBOIL_15525 transcription termination/antitermination protein NusA,Unmatched,0,0,0
GMBOIL_15530 DUF448 domain-containing protein,Unmatched,0,0,0
GMBOIL_15535 hypothetical protein,Unmatched,0,0,0
GMBOIL_15540 hypothetical protein,Unmatched,0,0,0
GMBOIL_15545 GTPase,Unmatched,0,0,0
GMBOIL_15550 2-amino-4-hydroxy-6-hydroxymethyldihydropteridine diphosphokinase,Unmatched,0,0,0
GMBOIL_15555 sirohydrochlorin chelatase,Unmatched,0,0,0
GMBOIL_15560 type II toxin-antitoxin system HigB family toxin,Unmatched,0,0,0
GMBOIL_15565 transcriptional regulator,Unmatched,0,0,0
GMBOIL_15570 hypothetical protein,Unmatched,0,0,0
GMBOIL_15575 hypothetical protein,Unmatched,0,0,0
GMBOIL_15580 small ribosomal subunit biogenesis GTPase RsgA,Unmatched,0,0,0
GMBOIL_15585 Similarity,Unmatched,0,0,0
GMBOIL_15590 bifunctional pantoate--beta-alanine ligase/(d)CMP kinase,Unmatched,0,0,0
GMBOIL_15595 PIN domain nuclease,Unmatched,0,0,0
GMBOIL_15600 NAGPA domain-containing protein,Unmatched,0,0,0
GMBOIL_15605 Poly(hydroxyalcanoate) granule associated protein (phasin),Unmatched,0,0,0
GMBOIL_15610 peptidylprolyl isomerase,Unmatched,0,0,0
GMBOIL_15615 photosystem II reaction center protein Psb28,Unmatched,0,0,0
GMBOIL_15620 helicase,Unmatched,0,0,0
GMBOIL_15625 FAD-dependent oxidoreductase,Unmatched,0,0,0
GMBOIL_15630 hypothetical protein,Unmatched,0,0,0
GMBOIL_15635 2-isopropylmalate synthase,Unmatched,0,0,0
GMBOIL_15640 RNA polymerase sigma factor RpoD,Unmatched,0,0,0
GMBOIL_15645 hypothetical protein,Unmatched,0,0,0
GMBOIL_15650 DUF4351 domain-containing protein,Unmatched,0,0,0
GMBOIL_15655 hypothetical protein,Unmatched,0,0,0
GMBOIL_15665 polyphosphate kinase 1,Unmatched,0,0,0
GMBOIL_15670 hypothetical protein,Unmatched,0,0,0
GMBOIL_15675 hypothetical protein,Unmatched,0,0,0
GMBOIL_15680 bifunctional metallophosphatase/5'-nucleotidase,Unmatched,0,0,0
GMBOIL_15685 ribonuclease P protein component,Unmatched,0,0,0
GMBOIL_15690 50S ribosomal protein L34,Unmatched,0,0,0
GMBOIL_15695 protein sphX,Unmatched,0,0,0
GMBOIL_15700 NIR-SIR domain-containing protein,Unmatched,0,0,0
GMBOIL_15705 ISAs1 family transposase,Unmatched,0,0,0
GMBOIL_15710 hypothetical protein,Unmatched,0,0,0
GMBOIL_15715 (2Fe-2S)-binding protein,Unmatched,0,0,0
GMBOIL_15720 DUF1997 domain-containing protein,Unmatched,0,0,0
GMBOIL_15725 Response regulator protein VraR,Unmatched,0,0,0
GMBOIL_15730 hypothetical protein,Unmatched,0,0,0
GMBOIL_15735 Phycocyanobilin lyase alpha subunit,Unmatched,0,0,0
GMBOIL_15740 elongation factor Tu,Unmatched,0,0,0
GMBOIL_15745 TIGR04283 family arsenosugar biosynthesis glycosyltransferase,Unmatched,0,0,0
GMBOIL_15750 superoxide dismutase,Unmatched,0,0,0
GMBOIL_15755 homoserine kinase,Unmatched,0,0,0
GMBOIL_15760 Ycf66 protein N-terminus,Unmatched,0,0,0
GMBOIL_15765 Uma2 domain-containing protein,Unmatched,0,0,0
GMBOIL_15770 Threonyl-tRNA synthetase,Unmatched,0,0,0
"GMBOIL_15775 type II toxin-antitoxin system mRNA interferase toxin, RelE/StbE family",Unmatched,0,0,0
GMBOIL_15780 GTP-binding protein,Unmatched,0,0,0
GMBOIL_15785 transglutaminase-like superfamily protein,Unmatched,0,0,0
GMBOIL_15790 RAMP superfamily protein,Unmatched,0,0,0
GMBOIL_15795 hypothetical protein,Unmatched,0,0,0
GMBOIL_15800 CRISPR-associated protein Csm4,Unmatched,0,0,0
GMBOIL_15805 hypothetical protein,Unmatched,0,0,0
GMBOIL_15810 hypothetical protein,Unmatched,0,0,0
GMBOIL_15815 CRISPR-associated protein Cas10,Unmatched,0,0,0
GMBOIL_15820 SAVED domain-containing protein,Unmatched,0,0,0
GMBOIL_15825 Putative restriction endonuclease,Unmatched,0,0,0
GMBOIL_15830 hormogonium polysaccharide biosynthesis acetyltransferase HpsU,Unmatched,0,0,0
GMBOIL_15835 glycosyltransferase,Unmatched,0,0,0
GMBOIL_15840 Urease accessory protein UreF,Unmatched,0,0,0
GMBOIL_15845 hypothetical protein,Unmatched,0,0,0
GMBOIL_15850 molybdenum cofactor biosynthesis protein,Unmatched,0,0,0
GMBOIL_15855 hypothetical protein,Unmatched,0,0,0
GMBOIL_15860 DUF2384 domain-containing protein,Unmatched,0,0,0
GMBOIL_15865 hypothetical protein,Unmatched,0,0,0
GMBOIL_15870 Site-specific DNA-methyltransferase (adenine-specific),Unmatched,0,0,0
GMBOIL_15875 DEAD/DEAH box helicase family protein,Unmatched,0,0,0
GMBOIL_15880 DNA invertase,Unmatched,0,0,0
GMBOIL_15885 HTH-13 domain-containing protein,Unmatched,0,0,0
GMBOIL_15890 RP-C-C domain-containing protein,Unmatched,0,0,0
GMBOIL_15895 Chromosome partitioning protein ParB,Unmatched,0,0,0
GMBOIL_15900 Sporulation initiation inhibitor protein Soj,Unmatched,0,0,0
GMBOIL_15905 hypothetical protein,Unmatched,0,0,0
GMBOIL_15910 Thermonuclease family protein,Unmatched,0,0,0
GMBOIL_15915 hypothetical protein,Unmatched,0,0,0
GMBOIL_15920 hypothetical protein,Unmatched,0,0,0
GMBOIL_15925 hypothetical protein,Unmatched,0,0,0
GMBOIL_15930 hypothetical protein,Unmatched,0,0,0
GMBOIL_15935 hypothetical protein,Unmatched,0,0,0
GMBOIL_15940 hypothetical protein,Unmatched,0,0,0
GMBOIL_15945 hypothetical protein,Unmatched,0,0,0
GMBOIL_15950 hypothetical protein,Unmatched,0,0,0
GMBOIL_15955 hypothetical protein,Unmatched,0,0,0
GMBOIL_15960 hypothetical protein,Unmatched,0,0,0
GMBOIL_15965 hypothetical protein,Unmatched,0,0,0
GMBOIL_15970 hypothetical protein,Unmatched,0,0,0
GMBOIL_15975 hypothetical protein,Unmatched,0,0,0
GMBOIL_15980 hypothetical protein,Unmatched,0,0,0
GMBOIL_15985 hypothetical protein,Unmatched,0,0,0
GMBOIL_15990 hypothetical protein,Unmatched,0,0,0
GMBOIL_15995 hypothetical protein,Unmatched,0,0,0
GMBOIL_16000 hypothetical protein,Unmatched,0,0,0
GMBOIL_16005 hypothetical protein,Unmatched,0,0,0
GMBOIL_16010 hypothetical protein,Unmatched,0,0,0
GMBOIL_16015 Ribonuclease VapC,Unmatched,0,0,0
GMBOIL_16020 hypothetical protein,Unmatched,0,0,0
GMBOIL_16025 P-type conjugative transfer ATPase TrbB,Unmatched,0,0,0
GMBOIL_16030 hypothetical protein,Unmatched,0,0,0
GMBOIL_16035 hypothetical protein,Unmatched,0,0,0
GMBOIL_16040 hypothetical protein,Unmatched,0,0,0
GMBOIL_16045 hypothetical protein,Unmatched,0,0,0
GMBOIL_16050 HicB-like domain-containing protein,Unmatched,0,0,0
"GMBOIL_16055 Addiction module toxin, HicA family",Unmatched,0,0,0
GMBOIL_16060 hypothetical protein,Unmatched,0,0,0
GMBOIL_16065 hypothetical protein,Unmatched,0,0,0
GMBOIL_16070 P-type conjugative transfer protein TrbJ,Unmatched,0,0,0
GMBOIL_16075 hypothetical protein,Unmatched,0,0,0
GMBOIL_16080 hypothetical protein,Unmatched,0,0,0
GMBOIL_16085 hypothetical protein,Unmatched,0,0,0
GMBOIL_16090 HTH cro/C1-type domain-containing protein,Unmatched,0,0,0
GMBOIL_16095 hypothetical protein,Unmatched,0,0,0
GMBOIL_16100 hypothetical protein,Unmatched,0,0,0
GMBOIL_16105 hypothetical protein,Unmatched,0,0,0
GMBOIL_16110 hypothetical protein,Unmatched,0,0,0
GMBOIL_16115 hypothetical protein,Unmatched,0,0,0
GMBOIL_16120 hypothetical protein,Unmatched,0,0,0
GMBOIL_16125 hypothetical protein,Unmatched,0,0,0
GMBOIL_16130 hypothetical protein,Unmatched,0,0,0
GMBOIL_16135 hypothetical protein,Unmatched,0,0,0
GMBOIL_16140 Ribonuclease VapC,Unmatched,0,0,0
GMBOIL_16145 -like transcription factor,Unmatched,0,0,0
GMBOIL_16150 hypothetical protein,Unmatched,0,0,0
GMBOIL_16155 hypothetical protein,Unmatched,0,0,0
GMBOIL_16160 hypothetical protein,Unmatched,0,0,0
GMBOIL_16165 hypothetical protein,Unmatched,0,0,0
GMBOIL_16170 hypothetical protein,Unmatched,0,0,0
GMBOIL_16175 hypothetical protein,Unmatched,0,0,0
GMBOIL_16180 hypothetical protein,Unmatched,0,0,0
"GMBOIL_16185 HicA toxin of bacterial toxin-antitoxin,",Unmatched,0,0,0
GMBOIL_16190 HicB-like domain-containing protein,Unmatched,0,0,0
GMBOIL_16195 hypothetical protein,Unmatched,0,0,0
GMBOIL_16200 hypothetical protein,Unmatched,0,0,0
GMBOIL_16205 CHAT domain-containing protein,Unmatched,0,0,0
GMBOIL_16210 Putative restriction endonuclease,Unmatched,0,0,0
"GMBOIL_16215 cob(I)yrinic acid a,c-diamide adenosyltransferase",Unmatched,0,0,0
GMBOIL_16220 aldo/keto reductase,Unmatched,0,0,0
GMBOIL_16225 type I methionyl aminopeptidase,Unmatched,0,0,0
GMBOIL_16230 Hydrogenase nickel insertion protein HypA,Unmatched,0,0,0
GMBOIL_16235 hydrogenase nickel incorporation protein HypB,Unmatched,0,0,0
GMBOIL_16240 hypothetical protein,Unmatched,0,0,0
GMBOIL_16245 Modification methylase EcoRV (Adenine-specific methyltransferase EcoRV) (M-EcoRV),Unmatched,0,0,0
GMBOIL_16250 sulfate ABC transporter ATP-binding protein,Unmatched,0,0,0
GMBOIL_16255 DUF1817 domain-containing protein,Unmatched,0,0,0
GMBOIL_16260 hypothetical protein,Unmatched,0,0,0
GMBOIL_16265 bile acid:sodium symporter,Unmatched,0,0,0
GMBOIL_16270 hypothetical protein,Unmatched,0,0,0
GMBOIL_16275 recombinase RecA,Unmatched,0,0,0
"GMBOIL_16280 2,5-didehydrogluconate reductase",Unmatched,0,0,0
GMBOIL_16285 hypothetical protein,Unmatched,0,0,0
GMBOIL_16290 hypothetical protein,Unmatched,0,0,0
GMBOIL_16295 EVE domain-containing protein,Unmatched,0,0,0
GMBOIL_16300 two-component sensor histidine kinase,Unmatched,0,0,0
GMBOIL_16305 tRNA-Glu(ttc),Unmatched,0,0,0
GMBOIL_16310 sodium:dicarboxylate symporter,Unmatched,0,0,0
GMBOIL_16315 elongation factor G,Unmatched,0,0,0
GMBOIL_16320 redox-regulated ATPase YchF,Unmatched,0,0,0
GMBOIL_16325 Biotin biosynthesis cytochrome P450,Unmatched,0,0,0
GMBOIL_16330 Carrier domain-containing protein,Unmatched,0,0,0
GMBOIL_16335 cytochrome P450,Unmatched,0,0,0
GMBOIL_16340 hypothetical protein,Unmatched,0,0,0
GMBOIL_16370 non-ribosomal peptide synthetase,Unmatched,0,0,0
GMBOIL_16385 DUF2235 domain-containing protein,Unmatched,0,0,0
GMBOIL_16390 Similarity,Unmatched,0,0,0
GMBOIL_16395 GUN4 domain-containing protein,Unmatched,0,0,0
GMBOIL_16400 decarboxylating NADP(+)-dependent phosphogluconate dehydrogenase,Unmatched,0,0,0
GMBOIL_16405 Zn-dependent hydrolase,Unmatched,0,0,0
GMBOIL_16410 site-specific DNA-methyltransferase,Unmatched,0,0,0
GMBOIL_16415 hypothetical protein,Unmatched,0,0,0
GMBOIL_16420 DNA repair protein RecN,Unmatched,0,0,0
GMBOIL_16425 Putative restriction endonuclease,Unmatched,0,0,0
GMBOIL_16430 Putative restriction endonuclease,Unmatched,0,0,0
GMBOIL_16435 FAD-dependent oxidoreductase,Unmatched,0,0,0
GMBOIL_16440 Ribonuclease HI,Unmatched,0,0,0
GMBOIL_16445 hypothetical protein,Unmatched,0,0,0
GMBOIL_16450 ATP-binding protein,Unmatched,0,0,0
GMBOIL_16455 hypothetical protein,Unmatched,0,0,0
GMBOIL_16460 4Fe-4S ferredoxin-type domain-containing protein,Unmatched,0,0,0
GMBOIL_16465 DO-GTPase2 domain-containing protein,Unmatched,0,0,0
GMBOIL_16470 hypothetical protein,Unmatched,0,0,0
GMBOIL_16475 hypothetical protein,Unmatched,0,0,0
GMBOIL_16480 Nucleotide exchange factor GrpE,Unmatched,0,0,0
"GMBOIL_16485 DnaK protein (Heat shock protein), HSP70/DnaK family",Unmatched,0,0,0
GMBOIL_16490 Molecular chaperone DnaK,Unmatched,0,0,0
GMBOIL_16495 hypothetical protein,Unmatched,0,0,0
GMBOIL_16500 Putative conjugal transfer protein,Unmatched,0,0,0
GMBOIL_16505 hypothetical protein,Unmatched,0,0,0
GMBOIL_16510 hypothetical protein,Unmatched,0,0,0
GMBOIL_16515 Prokaryotic-like s of the JAB domain-containing protein,Unmatched,0,0,0
GMBOIL_16520 WD40 repeat domain-containing protein,Unmatched,0,0,0
GMBOIL_16525 hypothetical protein,Unmatched,0,0,0
GMBOIL_16530 PEP-CTERM domain-containing protein,Unmatched,0,0,0
GMBOIL_16535 IS607 family transposase,Unmatched,0,0,0
GMBOIL_16540 epimerase,Unmatched,0,0,0
GMBOIL_16545 hypothetical protein,Unmatched,0,0,0
GMBOIL_16550 3-phosphoshikimate 1-carboxyvinyltransferase,Unmatched,0,0,0
GMBOIL_16565 phycobilisome maturation protein,Unmatched,0,0,0
GMBOIL_16570 ABC transporter substrate-binding protein,Unmatched,0,0,0
GMBOIL_16575 ABC transporter ATP-binding protein,Unmatched,0,0,0
GMBOIL_16580 hypothetical protein,Unmatched,0,0,0
GMBOIL_16585 heme iron utilization protein,Unmatched,0,0,0
GMBOIL_16590 hypothetical protein,Unmatched,0,0,0
GMBOIL_16595 hypothetical protein,Unmatched,0,0,0
GMBOIL_16600 comEA protein,Unmatched,0,0,0
GMBOIL_16605 Gas vesicle synthesis GvpLGvpF,Unmatched,0,0,0
GMBOIL_16610 gas vesicle protein GvpG,Unmatched,0,0,0
GMBOIL_16615 gas vesicle protein,Unmatched,0,0,0
GMBOIL_16620 hypothetical protein,Unmatched,0,0,0
GMBOIL_16625 hypothetical protein,Unmatched,0,0,0
GMBOIL_16630 glycosyl transferase,Unmatched,0,0,0
GMBOIL_16635 Anti-oxidant AhpCTSA family protein,Unmatched,0,0,0
GMBOIL_16640 Melibiase,Unmatched,0,0,0
GMBOIL_16645 glycosyl transferase,Unmatched,0,0,0
GMBOIL_16655 hypothetical protein,Unmatched,0,0,0
GMBOIL_16670 hypothetical protein,Unmatched,0,0,0
GMBOIL_16675 DUF262 domain-containing protein,Unmatched,0,0,0
GMBOIL_16680 HEPN-RiboL-PSP domain-containing protein,Unmatched,0,0,0
GMBOIL_16690 hypothetical protein,Unmatched,0,0,0
GMBOIL_16705 Four helix bundle protein,Unmatched,0,0,0
GMBOIL_16710 Glycogen synthase,Unmatched,0,0,0
GMBOIL_16715 hormogonium polysaccharide biosynthesis glycosyltransferase HpsN,Unmatched,0,0,0
GMBOIL_16720 Glucokinase,Unmatched,0,0,0
GMBOIL_16725 porin,Unmatched,0,0,0
GMBOIL_16730 hypothetical protein,Unmatched,0,0,0
GMBOIL_16735 hypothetical protein,Unmatched,0,0,0
"GMBOIL_16740 HicA toxin of bacterial toxin-antitoxin,",Unmatched,0,0,0
GMBOIL_16745 HicB-like domain-containing protein,Unmatched,0,0,0
GMBOIL_16750 hypothetical protein,Unmatched,0,0,0
GMBOIL_16755 BrnT family toxin,Unmatched,0,0,0
GMBOIL_16760 ABC transporter permease,Unmatched,0,0,0
GMBOIL_16765 DUF4351 domain-containing protein,Unmatched,0,0,0
GMBOIL_16770 hypothetical protein,Unmatched,0,0,0
GMBOIL_16775 DUF4351 domain-containing protein,Unmatched,0,0,0
GMBOIL_16780 Transposase,Unmatched,0,0,0
GMBOIL_16785 Type II toxin-antitoxin system PemK/MazF family toxin,Unmatched,0,0,0
GMBOIL_16790 SrpM,Unmatched,0,0,0
GMBOIL_16795 hypothetical protein,Unmatched,0,0,0
GMBOIL_16800 Putative restriction endonuclease,Unmatched,0,0,0
GMBOIL_16805 GUN4 domain-containing protein,Unmatched,0,0,0
GMBOIL_16810 hypothetical protein,Unmatched,0,0,0
GMBOIL_16815 toxin-antitoxin system HicB family antitoxin,Unmatched,0,0,0
"GMBOIL_16820 putative toxin-antitoxin system toxin component, PIN family",Unmatched,0,0,0
GMBOIL_16825 penicillin-binding protein,Unmatched,0,0,0
GMBOIL_16830 pentapeptide repeat-containing protein,Unmatched,0,0,0
GMBOIL_16835 YebC/PmpR family DNA-binding transcriptional regulator,Unmatched,0,0,0
GMBOIL_16840 hypothetical protein,Unmatched,0,0,0
GMBOIL_16865 L-aspartate oxidase,Unmatched,0,0,0
GMBOIL_16870 hypothetical protein,Unmatched,0,0,0
"GMBOIL_16875 Type II toxin-antitoxin system mRNA interferase toxin, RelE/StbE family",Unmatched,0,0,0
GMBOIL_16880 non-ribosomal peptide synthetase,Unmatched,0,0,0
GMBOIL_16890 PIN domain-containing protein,Unmatched,0,0,0
GMBOIL_16895 hypothetical protein,Unmatched,0,0,0
GMBOIL_16900 HicB-like domain-containing protein,Unmatched,0,0,0
"GMBOIL_16905 HicA toxin of bacterial toxin-antitoxin,",Unmatched,0,0,0
"GMBOIL_16910 Tetrahydromethanopterin S-methyltransferase, subunit G",Unmatched,0,0,0
GMBOIL_16915 hypothetical protein,Unmatched,0,0,0
GMBOIL_16920 HTH-Tnp-4 domain-containing protein,Unmatched,0,0,0
GMBOIL_16925 histidine kinase,Unmatched,0,0,0
GMBOIL_16930 DNA-binding response regulator,Unmatched,0,0,0
GMBOIL_16935 amidase,Unmatched,0,0,0
GMBOIL_16940 hypothetical protein,Unmatched,0,0,0
GMBOIL_16945 hypothetical protein,Unmatched,0,0,0
GMBOIL_16950 hypothetical protein,Unmatched,0,0,0
GMBOIL_16955 Rho termination factor,Unmatched,0,0,0
GMBOIL_16960 ParA-like ATPase involved in chromosome/plasmid partitioning or cellulose biosynthesis protein BcsQ,Unmatched,0,0,0
GMBOIL_16965 GAF domain,Unmatched,0,0,0
GMBOIL_16970 2-O-methyltransferase NoeI,Unmatched,0,0,0
GMBOIL_16975 FAD-dependent oxidoreductase,Unmatched,0,0,0
GMBOIL_16980 hypothetical protein,Unmatched,0,0,0
GMBOIL_16985 hypothetical protein,Unmatched,0,0,0
GMBOIL_16990 ribonuclease III,Unmatched,0,0,0
GMBOIL_16995 cAMP-binding protein,Unmatched,0,0,0
GMBOIL_17000 Uncharacterized conserved protein Alr0986,Unmatched,0,0,0
GMBOIL_17005 Bicarbonate transporter BicA,Unmatched,0,0,0
GMBOIL_17010 LysR family transcriptional regulator,Unmatched,0,0,0
GMBOIL_17015 CP12 domain-containing protein,Unmatched,0,0,0
GMBOIL_17020 hypothetical protein,Unmatched,0,0,0
GMBOIL_17025 thioredoxin,Unmatched,0,0,0
GMBOIL_17030 penicillin-binding protein,Unmatched,0,0,0
GMBOIL_17035 rod shape-determining protein MreD,Unmatched,0,0,0
GMBOIL_17040 rod shape-determining protein MreC,Unmatched,0,0,0
GMBOIL_17045 rod shape-determining protein,Unmatched,0,0,0
GMBOIL_17050 single-stranded DNA-binding protein,Unmatched,0,0,0
GMBOIL_17055 4-amino-4-deoxychorismate lyase,Unmatched,0,0,0
GMBOIL_17060 phospholipid carrier-dependent glycosyltransferase,Unmatched,0,0,0
GMBOIL_17065 aminomethyl-transferring glycine dehydrogenase,Unmatched,0,0,0
GMBOIL_17070 DDE Tnp4 domain-containing protein,Unmatched,0,0,0
GMBOIL_17075 IS5/IS1182 family transposase,Unmatched,0,0,0
GMBOIL_17080 Protein kinase,Unmatched,0,0,0
GMBOIL_17085 fused N-dimethylarginine dimethylaminohydrolase/saccharopine dehydrogenase domain-containing protein,Unmatched,0,0,0
GMBOIL_17090 NADH dehydrogenase subunit K,Unmatched,0,0,0
GMBOIL_17095 Homoserine dehydrogenase,Unmatched,0,0,0
GMBOIL_17100 Txe/YoeB family addiction module toxin,Unmatched,0,0,0
GMBOIL_17105 hypothetical protein,Unmatched,0,0,0
GMBOIL_17110 hypothetical protein,Unmatched,0,0,0
GMBOIL_17115 Similarity,Unmatched,0,0,0
GMBOIL_17120 type I-MYXAN CRISPR-associated protein Cas6/Cmx6,Unmatched,0,0,0
GMBOIL_17125 CRISPR-associated helicase Cas3,Unmatched,0,0,0
GMBOIL_17130 Type I-MYXAN CRISPR-associated Cas8a1/Cmx1,Unmatched,0,0,0
GMBOIL_17135 type I-B CRISPR-associated protein Cas7/Cst2/DevR,Unmatched,0,0,0
GMBOIL_17140 CRISPR-associated protein Cas5,Unmatched,0,0,0
GMBOIL_17145 hypothetical protein,Unmatched,0,0,0
GMBOIL_17150 Transcriptional regulator,Unmatched,0,0,0
GMBOIL_17155 hypothetical protein,Unmatched,0,0,0
GMBOIL_17160 Transposase,Unmatched,0,0,0
GMBOIL_17165 cytosine deaminase,Unmatched,0,0,0
GMBOIL_17170 DUF952 domain-containing protein,Unmatched,0,0,0
GMBOIL_17175 L-lactate dehydrogenase,Unmatched,0,0,0
GMBOIL_17180 pentapeptide repeat-containing protein,Unmatched,0,0,0
GMBOIL_17185 hypothetical protein,Unmatched,0,0,0
GMBOIL_17190 t-SNARE coiled-coil-like y domain-containing protein,Unmatched,0,0,0
GMBOIL_17195 Peptidase A2 domain-containing protein,Unmatched,0,0,0
GMBOIL_17200 hypothetical protein,Unmatched,0,0,0
GMBOIL_17205 hypothetical protein,Unmatched,0,0,0
GMBOIL_17215 ribosome biogenesis GTPase YlqF,Unmatched,0,0,0
GMBOIL_17220 NACHT domain-containing protein,Unmatched,0,0,0
GMBOIL_17225 glutamate synthase,Unmatched,0,0,0
GMBOIL_17230 DNA-binding response regulator,Unmatched,0,0,0
GMBOIL_17235 M42 glutamyl aminopeptidase,Unmatched,0,0,0
GMBOIL_17240 hypothetical protein,Unmatched,0,0,0
GMBOIL_17245 hypothetical protein,Unmatched,0,0,0
GMBOIL_17250 Bacterial cell division membrane protein,Unmatched,0,0,0
GMBOIL_17255 hypothetical protein,Unmatched,0,0,0
GMBOIL_17260 transposase,Unmatched,0,0,0
GMBOIL_17265 GxxExxY protein,Unmatched,0,0,0
"GMBOIL_17270 Alpha-1,4 glucan phosphorylase",Unmatched,0,0,0
GMBOIL_17275 site-specific DNA-methyltransferase,Unmatched,0,0,0
GMBOIL_17280 hypothetical protein,Unmatched,0,0,0
GMBOIL_17285 hypothetical protein,Unmatched,0,0,0
GMBOIL_17290 hypothetical protein,Unmatched,0,0,0
GMBOIL_17295 phosphate ABC transporter permease PstA,Unmatched,0,0,0
GMBOIL_17300 phosphate ABC transporter permease subunit PstC,Unmatched,0,0,0
GMBOIL_17305 Phosphate-binding protein,Unmatched,0,0,0
GMBOIL_17310 Transposase,Unmatched,0,0,0
GMBOIL_17315 Transposase,Unmatched,0,0,0
GMBOIL_17320 glycoside hydrolase,Unmatched,0,0,0
GMBOIL_17325 ribosomal protein S18-alanine N-acetyltransferase,Unmatched,0,0,0
GMBOIL_17330 sodium-dependent bicarbonate transport family permease,Unmatched,0,0,0
GMBOIL_17335 transcriptional regulator,Unmatched,0,0,0
GMBOIL_17340 DUF3172 domain-containing protein,Unmatched,0,0,0
GMBOIL_17345 transporter,Unmatched,0,0,0
GMBOIL_17350 glycosyl transferase group 1,Unmatched,0,0,0
GMBOIL_17355 ABC transporter ATP-binding protein,Unmatched,0,0,0
GMBOIL_17360 hypothetical protein,Unmatched,0,0,0
GMBOIL_17365 hypothetical protein,Unmatched,0,0,0
GMBOIL_17370 transporter,Unmatched,0,0,0
GMBOIL_17375 gamma-glutamyltransferase,Unmatched,0,0,0
GMBOIL_17380 Coenzyme Q (ubiquinone) biosynthesis protein Coq4,Unmatched,0,0,0
GMBOIL_17385 CPBP family intramembrane metalloprotease,Unmatched,0,0,0
GMBOIL_17390 energy-coupling factor transporter transmembrane protein EcfT,Unmatched,0,0,0
GMBOIL_17395 dephospho-CoA kinase,Unmatched,0,0,0
GMBOIL_17400 phosphoribosylaminoimidazolesuccinocarboxamide synthase,Unmatched,0,0,0
GMBOIL_17405 Isopropylmalate/homocitrate/citramalate synthase,Unmatched,0,0,0
GMBOIL_17410 threonine--tRNA ligase,Unmatched,0,0,0
GMBOIL_17415 metal ABC transporter substrate-binding protein,Unmatched,0,0,0
GMBOIL_17420 cobalamin biosynthesis protein CobW,Unmatched,0,0,0
GMBOIL_17425 DUF4079 domain-containing protein,Unmatched,0,0,0
GMBOIL_17430 aminopeptidase,Unmatched,0,0,0
GMBOIL_17435 HSDR-N-2 domain-containing protein,Unmatched,0,0,0
GMBOIL_17440 hypothetical protein,Unmatched,0,0,0
GMBOIL_17445 phosphohistidine phosphatase SixA,Unmatched,0,0,0
GMBOIL_17450 exopolyphosphatase-like protein,Unmatched,0,0,0
GMBOIL_17455 glycosyl transferase family 2,Unmatched,0,0,0
GMBOIL_17460 dihydroneopterin aldolase,Unmatched,0,0,0
GMBOIL_17465 NADPH-dependent FMN reductase,Unmatched,0,0,0
GMBOIL_17470 antibiotic biosynthesis monooxygenase,Unmatched,0,0,0
GMBOIL_17475 rhomboid family intramembrane serine protease,Unmatched,0,0,0
GMBOIL_17480 endonuclease III,Unmatched,0,0,0
GMBOIL_17485 RIP metalloprotease RseP,Unmatched,0,0,0
GMBOIL_17490 phycobilisome protein,Unmatched,0,0,0
GMBOIL_17495 fibrillin,Unmatched,0,0,0
"GMBOIL_17500 calcium-translocating P-type ATPase, PMCA-type",Unmatched,0,0,0
GMBOIL_17505 Antitoxin,Unmatched,0,0,0
"GMBOIL_17510 type II toxin-antitoxin system mRNA interferase toxin, RelE/StbE family",Unmatched,0,0,0
GMBOIL_17515 hypothetical protein,Unmatched,0,0,0
GMBOIL_17520 XisI protein,Unmatched,0,0,0
GMBOIL_17525 Methyltransferase,Unmatched,0,0,0
GMBOIL_17530 adenylate kinase,Unmatched,0,0,0
GMBOIL_17535 hypothetical protein,Unmatched,0,0,0
GMBOIL_17545 PpiC domain-containing protein,Unmatched,0,0,0
GMBOIL_17550 hypothetical protein,Unmatched,0,0,0
GMBOIL_17570 AraC family transcriptional regulator,Unmatched,0,0,0
GMBOIL_17575 glycine--tRNA ligase subunit alpha,Unmatched,0,0,0
GMBOIL_17580 serine/threonine protein kinase,Unmatched,0,0,0
GMBOIL_17585 Uma2 domain-containing protein,Unmatched,0,0,0
GMBOIL_17590 hypothetical protein,Unmatched,0,0,0
GMBOIL_17595 PEP-CTERM domain-containing protein,Unmatched,0,0,0
GMBOIL_17600 hypothetical protein,Unmatched,0,0,0
GMBOIL_17605 ABC transporter substrate-binding protein,Unmatched,0,0,0
GMBOIL_17610 Type II secretion system protein G,Unmatched,0,0,0
GMBOIL_17615 hypothetical protein,Unmatched,0,0,0
GMBOIL_17620 DUF29 domain-containing protein,Unmatched,0,0,0
GMBOIL_17625 AAA+ family ATPase,Unmatched,0,0,0
GMBOIL_17630 serine/threonine protein kinase,Unmatched,0,0,0
GMBOIL_17635 aspartoacylase,Unmatched,0,0,0
GMBOIL_17640 c-type cytochrome biogenesis protein CcsB,Unmatched,0,0,0
GMBOIL_17645 ATP-dependent zinc metalloprotease FtsH,Unmatched,0,0,0
GMBOIL_17650 hypothetical protein,Unmatched,0,0,0
GMBOIL_17655 beta-glucosidase,Unmatched,0,0,0
GMBOIL_17660 hypothetical protein,Unmatched,0,0,0
GMBOIL_17665 tRNA (adenosine(37)-N6)-threonylcarbamoyltransferase complex ATPase subunit type 1 TsaE,Unmatched,0,0,0
GMBOIL_17675 cytochrome ubiquinol oxidase subunit I,Unmatched,0,0,0
GMBOIL_17680 cytochrome d ubiquinol oxidase subunit II,Unmatched,0,0,0
GMBOIL_17685 phosphoribosyltransferase,Unmatched,0,0,0
GMBOIL_17690 hypothetical protein,Unmatched,0,0,0
GMBOIL_17695 hypothetical protein,Unmatched,0,0,0
GMBOIL_17700 hypothetical protein,Unmatched,0,0,0
GMBOIL_17705 HTH araC/xylS-type domain-containing protein,Unmatched,0,0,0
GMBOIL_17710 gliding motility-associated lipoprotein GldK,Unmatched,0,0,0
GMBOIL_17715 arylsulfatase,Unmatched,0,0,0
GMBOIL_17720 NC domain-containing protein,Unmatched,0,0,0
GMBOIL_17725 hypothetical protein,Unmatched,0,0,0
GMBOIL_17730 GuaB3 family IMP dehydrogenase-related protein,Unmatched,0,0,0
GMBOIL_17735 DUF760 domain-containing protein,Unmatched,0,0,0
GMBOIL_17740 DCC1-like thiol-disulfide oxidoreductase,Unmatched,0,0,0
GMBOIL_17745 biopolymer transporter,Unmatched,0,0,0
GMBOIL_17750 helix-turn-helix transcriptional regulator,Unmatched,0,0,0
GMBOIL_17755 1-(5-phosphoribosyl)-5-[(5-phosphoribosylamino)methylideneamino]imidazole-4-carboxamide isomerase,Unmatched,0,0,0
GMBOIL_17760 hypothetical protein,Unmatched,0,0,0
GMBOIL_17765 Peroxiredoxin,Unmatched,0,0,0
GMBOIL_17770 ferredoxin,Unmatched,0,0,0
GMBOIL_17775 tRNA-Tyr(gta),Unmatched,0,0,0
GMBOIL_17780 tRNA-Thr(ggt),Unmatched,0,0,0
GMBOIL_17785 tRNA-Arg(acg),Unmatched,0,0,0
"GMBOIL_17790 Putative O-linked N-acetylglucosamine transferase, SPINDLY family",Unmatched,0,0,0
GMBOIL_17795 Ribonuclease VapC,Unmatched,0,0,0
GMBOIL_17800 Similarity,Unmatched,0,0,0
GMBOIL_17805 Similarity,Unmatched,0,0,0
GMBOIL_17810 addiction module toxin RelE,Unmatched,0,0,0
GMBOIL_17815 transcriptional regulator,Unmatched,0,0,0
GMBOIL_17820 DUF5615 domain-containing protein,Unmatched,0,0,0
GMBOIL_17825 hypothetical protein,Unmatched,0,0,0
GMBOIL_17830 AAA-like domain-containing protein,Unmatched,0,0,0
GMBOIL_17835 XisI protein,Unmatched,0,0,0
GMBOIL_17840 eIF2A domain-containing protein,Unmatched,0,0,0
GMBOIL_17845 hypothetical protein,Unmatched,0,0,0
GMBOIL_17850 DUF6516 domain-containing protein,Unmatched,0,0,0
GMBOIL_17855 DNA-binding protein,Unmatched,0,0,0
GMBOIL_17860 urease subunit alpha,Unmatched,0,0,0
GMBOIL_17865 5' ureB small RNA,Unmatched,0,0,0
GMBOIL_17870 hypothetical protein,Unmatched,0,0,0
GMBOIL_17875 XisI protein,Unmatched,0,0,0
GMBOIL_17880 hypothetical protein,Unmatched,0,0,0
GMBOIL_17885 hypothetical protein,Unmatched,0,0,0
GMBOIL_17890 hypothetical protein,Unmatched,0,0,0
GMBOIL_17895 bifunctional aconitate hydratase 2/2-methylisocitrate dehydratase,Unmatched,0,0,0
GMBOIL_17900 deoxyribose-phosphate aldolase,Unmatched,0,0,0
GMBOIL_17925 molecular chaperone DnaJ,Unmatched,0,0,0
GMBOIL_17930 hypothetical protein,Unmatched,0,0,0
GMBOIL_17935 D-alanine--D-alanine ligase,Unmatched,0,0,0
GMBOIL_17940 Putative restriction endonuclease,Unmatched,0,0,0
"GMBOIL_17945 bifunctional 3,4-dihydroxy-2-butanone-4-phosphate synthase/GTP cyclohydrolase II",Unmatched,0,0,0
GMBOIL_17950 photosystem I reaction center subunit XII,Unmatched,0,0,0
GMBOIL_17955 phycocyanin subunit alpha,Unmatched,0,0,0
GMBOIL_17960 phycocyanin subunit beta,Unmatched,0,0,0
GMBOIL_17965 hypothetical protein,Unmatched,0,0,0
GMBOIL_17970 TIGR00341 family protein,Unmatched,0,0,0
GMBOIL_17975 DUF3146 domain-containing protein,Unmatched,0,0,0
GMBOIL_17980 16S rRNA (Cytosine(1402)-N(4))-methyltransferase RsmH,Unmatched,0,0,0
GMBOIL_17985 Aminotransferase class I/II-fold pyridoxal phosphate-dependent enzyme,Unmatched,0,0,0
GMBOIL_18000 porin,Unmatched,0,0,0
GMBOIL_18005 orotate phosphoribosyltransferase,Unmatched,0,0,0
GMBOIL_18010 NADH-quinone oxidoreductase subunit NuoH,Unmatched,0,0,0
GMBOIL_18015 photosynthetic/respiratory NAD(P)H-quinone oxidoreductase subunit I,Unmatched,0,0,0
GMBOIL_18020 NADH-quinone oxidoreductase subunit J,Unmatched,0,0,0
GMBOIL_18025 beta-carotene hydroxylase,Unmatched,0,0,0
GMBOIL_18030 hypothetical protein,Unmatched,0,0,0
GMBOIL_18035 hypothetical protein,Unmatched,0,0,0
GMBOIL_18040 exodeoxyribonuclease III,Unmatched,0,0,0
GMBOIL_18045 Chromophore lyase CpcT/CpeT 1,Unmatched,0,0,0
GMBOIL_18050 50S ribosomal protein L9,Unmatched,0,0,0
GMBOIL_18055 hypothetical protein,Unmatched,0,0,0
GMBOIL_18060 hypothetical protein,Unmatched,0,0,0
GMBOIL_18065 hypothetical protein,Unmatched,0,0,0
GMBOIL_18070 DUF2993 domain-containing protein,Unmatched,0,0,0
GMBOIL_18075 heterocyst frequency control protein PatD,Unmatched,0,0,0
GMBOIL_18080 nickel import ATP-binding protein NikD,Unmatched,0,0,0
GMBOIL_18085 hypothetical protein,Unmatched,0,0,0
GMBOIL_18105 Similarity,Unmatched,0,0,0
"GMBOIL_18110 transfer-messenger RNA, SsrA",Unmatched,0,0,0
GMBOIL_18115 bile acid beta-glucosidase,Unmatched,0,0,0
GMBOIL_18120 PIN domain nuclease,Unmatched,0,0,0
GMBOIL_18125 Antitoxin,Unmatched,0,0,0
GMBOIL_18130 hypothetical protein,Unmatched,0,0,0
"GMBOIL_18135 putative toxin-antitoxin system toxin component, PIN family",Unmatched,0,0,0
GMBOIL_18140 hypothetical protein,Unmatched,0,0,0
"GMBOIL_18145 putative toxin-antitoxin system toxin component, PIN family",Unmatched,0,0,0
GMBOIL_18150 hypothetical protein,Unmatched,0,0,0
GMBOIL_18155 hypothetical protein,Unmatched,0,0,0
GMBOIL_18160 glutamate synthase large subunit,Unmatched,0,0,0
GMBOIL_18165 type II toxin-antitoxin system Phd/YefM family antitoxin,Unmatched,0,0,0
GMBOIL_18170 DUF1823 domain-containing protein,Unmatched,0,0,0
GMBOIL_18175 carbon dioxide transporter,Unmatched,0,0,0
GMBOIL_18180 GUN4 domain-containing protein,Unmatched,0,0,0
GMBOIL_18185 hypothetical protein,Unmatched,0,0,0
GMBOIL_18190 Similarity,Unmatched,0,0,0
GMBOIL_18195 hypothetical protein,Unmatched,0,0,0
GMBOIL_18200 DUF4926 domain-containing protein,Unmatched,0,0,0
GMBOIL_18205 hypothetical protein,Unmatched,0,0,0
GMBOIL_18210 pyrroline-5-carboxylate reductase,Unmatched,0,0,0
GMBOIL_18215 cell division protein SepF,Unmatched,0,0,0
GMBOIL_18220 YggS family pyridoxal phosphate enzyme,Unmatched,0,0,0
GMBOIL_18225 DUF3539 domain-containing protein,Unmatched,0,0,0
GMBOIL_18230 NAD(P)H-quinone oxidoreductase subunit N,Unmatched,0,0,0
GMBOIL_18235 restriction endonuclease subunit M,Unmatched,0,0,0
GMBOIL_18240 hypothetical protein,Unmatched,0,0,0
GMBOIL_18245 cofactor assembly of complex C subunit B,Unmatched,0,0,0
"GMBOIL_18250 1,4-dihydroxy-2-naphthoyl-CoA hydrolase",Unmatched,0,0,0
GMBOIL_18255 DUF1361 domain-containing protein,Unmatched,0,0,0
GMBOIL_18260 Yae1-N domain-containing protein,Unmatched,0,0,0
GMBOIL_18265 Non-specific serine/threonine protein kinase,Unmatched,0,0,0
GMBOIL_18270 adenosine kinase,Unmatched,0,0,0
GMBOIL_18275 DUF2555 domain-containing protein,Unmatched,0,0,0
GMBOIL_18280 oxidoreductase,Unmatched,0,0,0
GMBOIL_18285 hypothetical protein,Unmatched,0,0,0
GMBOIL_18290 hypothetical protein,Unmatched,0,0,0
GMBOIL_18295 hypothetical protein,Unmatched,0,0,0
GMBOIL_18300 hypothetical protein,Unmatched,0,0,0
GMBOIL_18305 Prepilin-type N-terminal cleavage/methylation domain-containing protein,Unmatched,0,0,0
GMBOIL_18310 hypothetical protein,Unmatched,0,0,0
GMBOIL_18315 Cobalt-precorrin-5A hydrolase,Unmatched,0,0,0
GMBOIL_18320 Lipid-A-disaccharide synthase,Unmatched,0,0,0
GMBOIL_18325 alpha/beta hydrolase,Unmatched,0,0,0
GMBOIL_18330 alpha/beta hydrolase,Unmatched,0,0,0
GMBOIL_18335 chorismate mutase,Unmatched,0,0,0
GMBOIL_18340 signal peptide peptidase SppA,Unmatched,0,0,0
GMBOIL_18345 DUF4160 domain-containing protein,Unmatched,0,0,0
GMBOIL_18350 HTH cro/C1-type domain-containing protein,Unmatched,0,0,0
GMBOIL_18355 hypothetical protein,Unmatched,0,0,0
GMBOIL_18360 NAD-dependent DNA ligase LigA,Unmatched,0,0,0
GMBOIL_18365 Uma2 family endonuclease,Unmatched,0,0,0
GMBOIL_18370 Uma2 family endonuclease,Unmatched,0,0,0
GMBOIL_18375 Xaa-Pro aminopeptidase,Unmatched,0,0,0
GMBOIL_18380 hypothetical protein,Unmatched,0,0,0
GMBOIL_18385 hypothetical protein,Unmatched,0,0,0
GMBOIL_18390 Phenazine biosynthesis-like protein,Unmatched,0,0,0
GMBOIL_18395 hypothetical protein,Unmatched,0,0,0
GMBOIL_18400 anhydro-N-acetylmuramic acid kinase,Unmatched,0,0,0
GMBOIL_18405 sulfur carrier protein ThiS,Unmatched,0,0,0
GMBOIL_18410 hypothetical protein,Unmatched,0,0,0
GMBOIL_18415 hypothetical protein,Unmatched,0,0,0
GMBOIL_18420 RRXRR domain-containing protein,Unmatched,0,0,0
GMBOIL_18425 cobalt ABC transporter,Unmatched,0,0,0
GMBOIL_18430 class II glutamine amidotransferase,Unmatched,0,0,0
GMBOIL_18435 SAM-dependent methyltransferase,Unmatched,0,0,0
GMBOIL_18450 hypothetical protein,Unmatched,0,0,0
GMBOIL_18455 hypothetical protein,Unmatched,0,0,0
GMBOIL_18460 IS4 family transposase,Unmatched,0,0,0
GMBOIL_18465 SAM-dependent DNA methyltransferase,Unmatched,0,0,0
GMBOIL_18470 hypothetical protein,Unmatched,0,0,0
GMBOIL_18475 hypothetical protein,Unmatched,0,0,0
GMBOIL_18480 hypothetical protein,Unmatched,0,0,0
GMBOIL_18485 serine/threonine protein kinase,Unmatched,0,0,0
GMBOIL_18490 farnesyl-diphosphate synthase,Unmatched,0,0,0
GMBOIL_18495 acid phosphatase,Unmatched,0,0,0
GMBOIL_18500 hypothetical protein,Unmatched,0,0,0
GMBOIL_18505 Putative restriction endonuclease,Unmatched,0,0,0
GMBOIL_18510 excinuclease ABC C subunit domain protein,Unmatched,0,0,0
GMBOIL_18515 pyruvate phosphate dikinase PEP/pyruvate-binding protein,Unmatched,0,0,0
GMBOIL_18520 phosphoenolpyruvate synthase,Unmatched,0,0,0
GMBOIL_18525 DNA-binding response regulator,Unmatched,0,0,0
GMBOIL_18530 TetR/AcrR family transcriptional regulator,Unmatched,0,0,0
GMBOIL_18535 guanylate kinase,Unmatched,0,0,0
GMBOIL_18540 ATP-dependent 6-phosphofructokinase,Unmatched,0,0,0
GMBOIL_18545 glutamate--tRNA ligase,Unmatched,0,0,0
GMBOIL_18550 hypothetical protein,Unmatched,0,0,0
GMBOIL_18555 NAD(P)H-quinone oxidoreductase subunit N,Unmatched,0,0,0
GMBOIL_18560 hypothetical protein,Unmatched,0,0,0
GMBOIL_18565 peptide ABC transporter permease,Unmatched,0,0,0
GMBOIL_18570 phosphate signaling complex protein PhoU,Unmatched,0,0,0
GMBOIL_18575 hypothetical protein,Unmatched,0,0,0
GMBOIL_18580 plasmid stabilization protein,Unmatched,0,0,0
GMBOIL_18585 hypothetical protein,Unmatched,0,0,0
GMBOIL_18590 hypothetical protein,Unmatched,0,0,0
GMBOIL_18605 VapC toxin family PIN domain ribonuclease,Unmatched,0,0,0
GMBOIL_18610 hypothetical protein,Unmatched,0,0,0
GMBOIL_18615 DUF5615 domain-containing protein,Unmatched,0,0,0
GMBOIL_18620 fructose-bisphosphate aldolase class II,Unmatched,0,0,0
GMBOIL_18625 oxidoreductase,Unmatched,0,0,0
GMBOIL_18630 leucyl aminopeptidase,Unmatched,0,0,0
GMBOIL_18640 sodium:proton antiporter,Unmatched,0,0,0
GMBOIL_18645 hypothetical protein,Unmatched,0,0,0
GMBOIL_18650 hypothetical protein,Unmatched,0,0,0
GMBOIL_18655 hypothetical protein,Unmatched,0,0,0
GMBOIL_18660 hypothetical protein,Unmatched,0,0,0
GMBOIL_18665 Uncharacterised protein family (UPF0175),Unmatched,0,0,0
GMBOIL_18670 enoyl-ACP reductase FabI,Unmatched,0,0,0
GMBOIL_18675 global nitrogen regulator NtcA,Unmatched,0,0,0
GMBOIL_18680 DUF3084 domain-containing protein,Unmatched,0,0,0
GMBOIL_18685 Putative restriction endonuclease,Unmatched,0,0,0
GMBOIL_18690 hypothetical protein,Unmatched,0,0,0
GMBOIL_18695 nucleic acid-binding protein,Unmatched,0,0,0
GMBOIL_18700 hypothetical protein,Unmatched,0,0,0
GMBOIL_18705 DNA mismatch repair protein MutS,Unmatched,0,0,0
GMBOIL_18710 hypothetical protein,Unmatched,0,0,0
GMBOIL_18715 hypothetical protein,Unmatched,0,0,0
GMBOIL_18720 ribonuclease H,Unmatched,0,0,0
GMBOIL_18725 hypothetical protein,Unmatched,0,0,0
GMBOIL_18730 1-acyl-sn-glycerol-3-phosphate acyltransferase,Unmatched,0,0,0
GMBOIL_18735 methionine--tRNA ligase,Unmatched,0,0,0
GMBOIL_18740 NYN domain-containing protein,Unmatched,0,0,0
GMBOIL_18745 nuclease,Unmatched,0,0,0
GMBOIL_18750 HigA family addiction module antitoxin,Unmatched,0,0,0
GMBOIL_18755 killer suppression protein,Unmatched,0,0,0
GMBOIL_18760 30S ribosomal protein S12,Unmatched,0,0,0
GMBOIL_18765 hypothetical protein,Unmatched,0,0,0
GMBOIL_18770 30S ribosomal protein S7,Unmatched,0,0,0
GMBOIL_18775 elongation factor G,Unmatched,0,0,0
GMBOIL_18780 elongation factor Tu,Unmatched,0,0,0
GMBOIL_18785 Putative fatty-acid-CoA ligase FadD21,Unmatched,0,0,0
GMBOIL_18790 Phthiocerol synthesis polyketide synthase type I PpsA,Unmatched,0,0,0
GMBOIL_18795 Biotin biosynthesis cytochrome P450,Unmatched,0,0,0
GMBOIL_18800 hypothetical protein,Unmatched,0,0,0
GMBOIL_18805 triose-phosphate isomerase,Unmatched,0,0,0
"GMBOIL_18810 5-oxo-1,2,5-tricarboxylic-3-penten acid decarboxylase",Unmatched,0,0,0
GMBOIL_18815 30S ribosomal protein S6,Unmatched,0,0,0
GMBOIL_18820 Putative restriction endonuclease,Unmatched,0,0,0
GMBOIL_18825 hypothetical protein,Unmatched,0,0,0
GMBOIL_18830 hypothetical protein,Unmatched,0,0,0
GMBOIL_18835 PHP domain-containing protein,Unmatched,0,0,0
GMBOIL_18840 NAD(P)H-quinone oxidoreductase subunit F,Unmatched,0,0,0
GMBOIL_18845 tRNA-Thr(tgt),Unmatched,0,0,0
GMBOIL_18850 DUF3386 domain-containing protein,Unmatched,0,0,0
GMBOIL_18855 DUF1269 domain-containing protein,Unmatched,0,0,0
GMBOIL_18860 recombinase,Unmatched,0,0,0
GMBOIL_18865 Putative addiction module component,Unmatched,0,0,0
GMBOIL_18870 YGGT family,Unmatched,0,0,0
GMBOIL_18885 Cell division protein FtsH,Unmatched,0,0,0
GMBOIL_18890 DUF4164 domain-containing protein,Unmatched,0,0,0
GMBOIL_18895 TIGR03279 family radical SAM protein,Unmatched,0,0,0
GMBOIL_18900 5-oxoprolinase,Unmatched,0,0,0
GMBOIL_18905 tRNA (adenosine(37)-N6)-threonylcarbamoyltransferase complex transferase subunit TsaD,Unmatched,0,0,0
GMBOIL_18910 tRNA pseudouridine(55) synthase TruB,Unmatched,0,0,0
GMBOIL_18915 cobaltochelatase,Unmatched,0,0,0
GMBOIL_18920 histidinol-phosphate transaminase,Unmatched,0,0,0
GMBOIL_18925 (E)-4-hydroxy-3-methylbut-2-enyl-diphosphate synthase,Unmatched,0,0,0
GMBOIL_18930 alpha/beta hydrolase,Unmatched,0,0,0
GMBOIL_18935 prepilin peptidase,Unmatched,0,0,0
GMBOIL_18940 hypothetical protein,Unmatched,0,0,0
"GMBOIL_18945 acetyl-CoA carboxylase, carboxyltransferase subunit beta",Unmatched,0,0,0
GMBOIL_18950 hypothetical protein,Unmatched,0,0,0
GMBOIL_18955 hypothetical protein,Unmatched,0,0,0
GMBOIL_18960 hypothetical protein,Unmatched,0,0,0
GMBOIL_18965 hypothetical protein,Unmatched,0,0,0
GMBOIL_18970 hypothetical protein,Unmatched,0,0,0
GMBOIL_18975 hypothetical protein,Unmatched,0,0,0
GMBOIL_18980 molecular chaperone DnaJ,Unmatched,0,0,0
GMBOIL_18985 stress-induced bacterial acidophilic repeat motif family protein,Unmatched,0,0,0
GMBOIL_18990 photosystem II complex extrinsic protein PsbU,Unmatched,0,0,0
GMBOIL_18995 hypothetical protein,Unmatched,0,0,0
"GMBOIL_19000 putative toxin-antitoxin system toxin component, PIN family",Unmatched,0,0,0
GMBOIL_19005 hybrid sensor histidine kinase/response regulator,Unmatched,0,0,0
GMBOIL_19010 hypothetical protein,Unmatched,0,0,0
GMBOIL_19015 AAA+ family ATPase,Unmatched,0,0,0
GMBOIL_19020 hypothetical protein,Unmatched,0,0,0
GMBOIL_19025 hypothetical protein,Unmatched,0,0,0
GMBOIL_19030 Cell division protein FtsX,Unmatched,0,0,0
GMBOIL_19035 NUDIX hydrolase,Unmatched,0,0,0
GMBOIL_19040 VWA domain containing CoxE-like protein,Unmatched,0,0,0
GMBOIL_19045 hypothetical protein,Unmatched,0,0,0
GMBOIL_19050 MoxR family ATPase,Unmatched,0,0,0
GMBOIL_19055 hypothetical protein,Unmatched,0,0,0
GMBOIL_19060 CHAT domain-containing protein,Unmatched,0,0,0
GMBOIL_19065 hypothetical protein,Unmatched,0,0,0
GMBOIL_19070 Adenylate cyclase,Unmatched,0,0,0
GMBOIL_19075 hypothetical protein,Unmatched,0,0,0
GMBOIL_19080 TIR domain-containing protein,Unmatched,0,0,0
GMBOIL_19085 hypothetical protein,Unmatched,0,0,0
GMBOIL_19090 restriction endonuclease subunit S,Unmatched,0,0,0
GMBOIL_19095 hypothetical protein,Unmatched,0,0,0
GMBOIL_19100 serine protease,Unmatched,0,0,0
GMBOIL_19105 hypothetical protein,Unmatched,0,0,0
GMBOIL_19110 PspA/IM30 family,Unmatched,0,0,0
GMBOIL_19115 ABC transporter substrate-binding protein,Unmatched,0,0,0
GMBOIL_19120 DNA-binding response regulator,Unmatched,0,0,0
GMBOIL_19125 DNA topoisomerase (ATP-hydrolyzing) subunit B,Unmatched,0,0,0
GMBOIL_19130 BrnT family toxin,Unmatched,0,0,0
GMBOIL_19135 cytidine deaminase,Unmatched,0,0,0
GMBOIL_19140 cobalamin biosynthesis protein CbiM,Unmatched,0,0,0
GMBOIL_19145 cobalt transport protein,Unmatched,0,0,0
GMBOIL_19150 cobalt ECF transporter T component CbiQ,Unmatched,0,0,0
GMBOIL_19155 FG-GAP repeat-containing protein,Unmatched,0,0,0
GMBOIL_19160 type II toxin-antitoxin system RelE/ParE family toxin,Unmatched,0,0,0
GMBOIL_19165 prevent-host-death protein,Unmatched,0,0,0
GMBOIL_19170 iron-sulfur cluster assembly accessory protein,Unmatched,0,0,0
GMBOIL_19175 phospho-N-acetylmuramoyl-pentapeptide-transferase,Unmatched,0,0,0
GMBOIL_19180 DUF3134 domain-containing protein,Unmatched,0,0,0
GMBOIL_19185 8-oxo-dGTP diphosphatase MutT,Unmatched,0,0,0
GMBOIL_19190 30S ribosomal protein PSRP-3,Unmatched,0,0,0
GMBOIL_19195 ATP synthase F1 subunit epsilon,Unmatched,0,0,0
GMBOIL_19200 F0F1 ATP synthase subunit beta,Unmatched,0,0,0
GMBOIL_19205 Similar to tr|P73491|P73491,Unmatched,0,0,0
GMBOIL_19210 chaperone protein ClpB,Unmatched,0,0,0
GMBOIL_19215 hypothetical protein,Unmatched,0,0,0
GMBOIL_19220 hypothetical protein,Unmatched,0,0,0
GMBOIL_19225 DUF3376 domain-containing protein,Unmatched,0,0,0
GMBOIL_19230 hypothetical protein,Unmatched,0,0,0
GMBOIL_19235 peptidase S8 and S53 subtilisin kexin sedolisin,Unmatched,0,0,0
GMBOIL_19240 calcium/proton exchanger,Unmatched,0,0,0
"GMBOIL_19245 biphenyl 2,3-dioxygenase",Unmatched,0,0,0
GMBOIL_19250 DUF6679 domain-containing protein,Unmatched,0,0,0
GMBOIL_19255 alpha/beta hydrolase,Unmatched,0,0,0
GMBOIL_19260 magnesium-protoporphyrin IX monomethyl ester (oxidative) cyclase,Unmatched,0,0,0
GMBOIL_19265 zinc ribbon domain-containing protein,Unmatched,0,0,0
GMBOIL_19270 AAA-like domain-containing protein,Unmatched,0,0,0
GMBOIL_19275 AAA-like domain-containing protein,Unmatched,0,0,0
GMBOIL_19280 glucokinase,Unmatched,0,0,0
GMBOIL_19285 glucokinase,Unmatched,0,0,0
GMBOIL_19290 hypothetical protein,Unmatched,0,0,0
GMBOIL_19295 hypothetical protein,Unmatched,0,0,0
GMBOIL_19300 branched-chain amino acid ABC transporter substrate-binding protein,Unmatched,0,0,0
GMBOIL_19305 Thylakoid protein sll1769,Unmatched,0,0,0
"GMBOIL_19310 putative protein kinase regulating ubiquinone biosynthesis, AarF/ABC1/UbiB family",Unmatched,0,0,0
GMBOIL_19315 Stp1/IreP family PP2C-type Ser/Thr phosphatase,Unmatched,0,0,0
GMBOIL_19320 ankyrin repeat domain-containing protein,Unmatched,0,0,0
GMBOIL_19325 hybrid sensor histidine kinase/response regulator,Unmatched,0,0,0
GMBOIL_19330 leucyl/phenylalanyl-tRNA--protein transferase,Unmatched,0,0,0
GMBOIL_19335 hypothetical protein,Unmatched,0,0,0
GMBOIL_19340 PMT-2 domain-containing protein,Unmatched,0,0,0
GMBOIL_19345 glycosyltransferase,Unmatched,0,0,0
GMBOIL_19350 hypothetical protein,Unmatched,0,0,0
GMBOIL_19355 Pyruvate dehydrogenase (Acetyl-transferring) E1 component subunit alpha,Unmatched,0,0,0
GMBOIL_19360 competence/damage-inducible protein A,Unmatched,0,0,0
GMBOIL_19365 hypothetical protein,Unmatched,0,0,0
GMBOIL_19370 molecular chaperone DnaK,Unmatched,0,0,0
GMBOIL_19375 Putative restriction endonuclease,Unmatched,0,0,0
GMBOIL_19380 cellulose synthase subunit BcsC,Unmatched,0,0,0
GMBOIL_19385 YraN family protein,Unmatched,0,0,0
GMBOIL_19390 DUF3110 domain-containing protein,Unmatched,0,0,0
GMBOIL_19395 DUF2996 domain-containing protein,Unmatched,0,0,0
GMBOIL_19400 hypothetical protein,Unmatched,0,0,0
GMBOIL_19405 Helicase domain protein,Unmatched,0,0,0
GMBOIL_19410 tRNA-Pro(cgg),Unmatched,0,0,0
GMBOIL_19415 lipoyl synthase,Unmatched,0,0,0
GMBOIL_19420 RdgB/HAM1 family non-canonical purine NTP pyrophosphatase,Unmatched,0,0,0
GMBOIL_19425 ketose-bisphosphate aldolase,Unmatched,0,0,0
GMBOIL_19430 GTPase HflX,Unmatched,0,0,0
GMBOIL_19435 serine endopeptidase inhibitor,Unmatched,0,0,0
GMBOIL_19440 mannan-binding protein,Unmatched,0,0,0
GMBOIL_19445 SAM-dependent methyltransferase,Unmatched,0,0,0
GMBOIL_19450 acyl carrier protein,Unmatched,0,0,0
GMBOIL_19455 type II toxin-antitoxin system HicB family antitoxin,Unmatched,0,0,0
GMBOIL_19460 Putative HicA protein,Unmatched,0,0,0
GMBOIL_19465 hypothetical protein,Unmatched,0,0,0
GMBOIL_19470 hypothetical protein,Unmatched,0,0,0
GMBOIL_19475 PINc domain-containing protein,Unmatched,0,0,0
GMBOIL_19480 hypothetical protein,Unmatched,0,0,0
GMBOIL_19485 hypothetical protein,Unmatched,0,0,0
GMBOIL_19490 DUF5615 domain-containing protein,Unmatched,0,0,0
GMBOIL_19495 undecaprenyl-phosphate alpha-N-acetylglucosaminyl 1-phosphate transferase,Unmatched,0,0,0
GMBOIL_19500 Glycine hydroxymethyltransferase,Unmatched,0,0,0
GMBOIL_19505 hypothetical protein,Unmatched,0,0,0
GMBOIL_19510 Uma2 family endonuclease,Unmatched,0,0,0
GMBOIL_19515 iron-sulfur cluster biosynthesis transcriptional regulator SufR,Unmatched,0,0,0
GMBOIL_19520 Fe-S cluster assembly protein SufB,Unmatched,0,0,0
GMBOIL_19525 Fe-S cluster assembly ATPase SufC,Unmatched,0,0,0
GMBOIL_19530 Fe-S cluster assembly protein SufD,Unmatched,0,0,0
GMBOIL_19535 cysteine desulfurase,Unmatched,0,0,0
GMBOIL_19540 RNA pseudouridine synthase,Unmatched,0,0,0
GMBOIL_19545 tRNA-Phe(gaa),Unmatched,0,0,0
"GMBOIL_19550 CRISPR-associated protein Csa3, CARF domain",Unmatched,0,0,0
GMBOIL_19555 Transposase,Unmatched,0,0,0
GMBOIL_19560 Mannonate dehydratase,Unmatched,0,0,0
GMBOIL_19565 L-arabinolactonase,Unmatched,0,0,0
GMBOIL_19570 hypothetical protein,Unmatched,0,0,0
GMBOIL_19575 hypothetical protein,Unmatched,0,0,0
GMBOIL_19580 hypothetical protein,Unmatched,0,0,0
GMBOIL_19585 Phosphoglucomutase,Unmatched,0,0,0
GMBOIL_19590 TerB family tellurite resistance protein,Unmatched,0,0,0
GMBOIL_19595 hypothetical protein,Unmatched,0,0,0
GMBOIL_19600 chromosome partitioning protein ParA,Unmatched,0,0,0
GMBOIL_19605 hypothetical protein,Unmatched,0,0,0
GMBOIL_19610 hypothetical protein,Unmatched,0,0,0
GMBOIL_19615 bacillolysin,Unmatched,0,0,0
GMBOIL_19620 sensor histidine kinase,Unmatched,0,0,0
GMBOIL_19625 saccharopine dehydrogenase,Unmatched,0,0,0
GMBOIL_19630 mechanosensitive ion channel protein,Unmatched,0,0,0
GMBOIL_19635 Hydrogenase maturation protease,Unmatched,0,0,0
GMBOIL_19640 N-acetyltransferase,Unmatched,0,0,0
GMBOIL_19645 hypothetical protein,Unmatched,0,0,0
GMBOIL_19650 hypothetical protein,Unmatched,0,0,0
GMBOIL_19655 FUSC family protein,Unmatched,0,0,0
GMBOIL_19675 GFA family protein,Unmatched,0,0,0
GMBOIL_19680 transcriptional regulator,Unmatched,0,0,0
GMBOIL_19685 AbrB family transcriptional regulator,Unmatched,0,0,0
GMBOIL_19690 SIMPL domain-containing protein,Unmatched,0,0,0
GMBOIL_19695 phosphopyruvate hydratase,Unmatched,0,0,0
GMBOIL_19700 DUF3887 domain-containing protein,Unmatched,0,0,0
GMBOIL_19705 hypothetical protein,Unmatched,0,0,0
GMBOIL_19710 hypothetical protein,Unmatched,0,0,0
GMBOIL_19715 trans-splicing intein-formed DNA polymerase III subunit alpha C-terminal partner DnaE-C,Unmatched,0,0,0
GMBOIL_19720 hypothetical protein,Unmatched,0,0,0
GMBOIL_19725 tRNA-Thr(cgt),Unmatched,0,0,0
GMBOIL_19730 DUF3493 domain-containing protein,Unmatched,0,0,0
GMBOIL_19735 RNA-binding protein,Unmatched,0,0,0
GMBOIL_19740 Transposase,Unmatched,0,0,0
GMBOIL_19745 cytochrome b6,Unmatched,0,0,0
GMBOIL_19750 cytochrome b6-f complex subunit IV,Unmatched,0,0,0
GMBOIL_19755 phytoene/squalene synthase family protein,Unmatched,0,0,0
GMBOIL_19760 hypothetical protein,Unmatched,0,0,0
GMBOIL_19765 pilus motility taxis protein HmpF,Unmatched,0,0,0
GMBOIL_19770 hypothetical protein,Unmatched,0,0,0
GMBOIL_19775 two-component system response regulator,Unmatched,0,0,0
GMBOIL_19780 hypothetical protein,Unmatched,0,0,0
GMBOIL_19785 AbrB/MazE/SpoVT family DNA-binding domain-containing protein,Unmatched,0,0,0
GMBOIL_19790 hypothetical protein,Unmatched,0,0,0
GMBOIL_19795 DUF5615 domain-containing protein,Unmatched,0,0,0
GMBOIL_19800 Type III restriction-modification system methylation subunit,Unmatched,0,0,0
GMBOIL_19805 Alkaline phosphatase,Unmatched,0,0,0
GMBOIL_19810 HicB-like domain-containing protein,Unmatched,0,0,0
GMBOIL_19815 Type II toxin-antitoxin system HicA family toxin,Unmatched,0,0,0
GMBOIL_19820 PEP-CTERM sorting domain-containing protein,Unmatched,0,0,0
GMBOIL_19825 molecular chaperone DnaK,Unmatched,0,0,0
GMBOIL_19835 hypothetical protein,Unmatched,0,0,0
GMBOIL_19840 alpha/beta hydrolase,Unmatched,0,0,0
GMBOIL_19845 hypothetical protein,Unmatched,0,0,0
GMBOIL_19850 serine/threonine-protein kinase pkn1,Unmatched,0,0,0
GMBOIL_19855 hypothetical protein,Unmatched,0,0,0
GMBOIL_19860 Type II toxin-antitoxin system PemK/MazF family toxin,Unmatched,0,0,0
GMBOIL_19865 hypothetical protein,Unmatched,0,0,0
GMBOIL_19870 DNA-processing protein DprA,Unmatched,0,0,0
GMBOIL_19875 thioredoxin,Unmatched,0,0,0
GMBOIL_19880 Acetate kinase,Unmatched,0,0,0
GMBOIL_19885 Fis family transcriptional regulator,Unmatched,0,0,0
GMBOIL_19890 RNA polymerase subunit sigma,Unmatched,0,0,0
GMBOIL_19895 DUF2993 domain-containing protein,Unmatched,0,0,0
GMBOIL_19900 methanol dehydrogenase,Unmatched,0,0,0
GMBOIL_19905 hypothetical protein,Unmatched,0,0,0
GMBOIL_19910 hypothetical protein,Unmatched,0,0,0
GMBOIL_19915 OrfB-Zn-ribbon domain-containing protein,Unmatched,0,0,0
GMBOIL_19920 hypothetical protein,Unmatched,0,0,0
GMBOIL_19925 Arylsulfatase,Unmatched,0,0,0
GMBOIL_19930 ABM domain-containing protein,Unmatched,0,0,0
GMBOIL_19935 hypothetical protein,Unmatched,0,0,0
GMBOIL_19940 50S ribosomal protein L7/L12,Unmatched,0,0,0
GMBOIL_19945 photosystem II reaction center protein T,Unmatched,0,0,0
GMBOIL_19950 transcriptional regulator NrdR,Unmatched,0,0,0
GMBOIL_19960 tRNA-Gly(tcc),Unmatched,0,0,0
GMBOIL_19965 hypothetical protein,Unmatched,0,0,0
GMBOIL_19970 hypothetical protein,Unmatched,0,0,0
GMBOIL_19975 hypothetical protein,Unmatched,0,0,0
"GMBOIL_19980 GDP-mannose 4,6-dehydratase",Unmatched,0,0,0
GMBOIL_19985 glycosyl transferase family 1,Unmatched,0,0,0
GMBOIL_19990 glycosyltransferase,Unmatched,0,0,0
GMBOIL_19995 phycobiliprotein lyase,Unmatched,0,0,0
GMBOIL_20000 hypothetical protein,Unmatched,0,0,0
GMBOIL_20005 serine/threonine protein kinase,Unmatched,0,0,0
GMBOIL_20010 YkgJ family cysteine cluster protein,Unmatched,0,0,0
GMBOIL_20015 tRNA-Val(tac),Unmatched,0,0,0
GMBOIL_20020 metal-binding protein,Unmatched,0,0,0
GMBOIL_20025 hypothetical protein,Unmatched,0,0,0
GMBOIL_20030 preprotein translocase subunit SecY,Unmatched,0,0,0
GMBOIL_20035 50S ribosomal protein L15,Unmatched,0,0,0
GMBOIL_20040 30S ribosomal protein S5,Unmatched,0,0,0
GMBOIL_20045 50S ribosomal protein L18,Unmatched,0,0,0
GMBOIL_20050 50S ribosomal protein L6,Unmatched,0,0,0
GMBOIL_20055 30S ribosomal protein S8,Unmatched,0,0,0
GMBOIL_20060 50S ribosomal protein L5,Unmatched,0,0,0
GMBOIL_20065 50S ribosomal protein L24,Unmatched,0,0,0
GMBOIL_20070 50S ribosomal protein L14,Unmatched,0,0,0
GMBOIL_20075 30S ribosomal protein S17,Unmatched,0,0,0
GMBOIL_20080 50S ribosomal protein L29,Unmatched,0,0,0
GMBOIL_20085 50S ribosomal protein L16,Unmatched,0,0,0
GMBOIL_20090 30S ribosomal protein S3,Unmatched,0,0,0
GMBOIL_20095 50S ribosomal protein L22,Unmatched,0,0,0
GMBOIL_20100 30S ribosomal protein S19,Unmatched,0,0,0
GMBOIL_20105 50S ribosomal protein L2,Unmatched,0,0,0
GMBOIL_20110 50S ribosomal protein L23,Unmatched,0,0,0
GMBOIL_20115 50S ribosomal protein L4,Unmatched,0,0,0
GMBOIL_20120 50S ribosomal protein L3,Unmatched,0,0,0
GMBOIL_20125 quinolinate synthase NadA,Unmatched,0,0,0
GMBOIL_20130 bifunctional phosphoribosylaminoimidazolecarboxamide formyltransferase/IMP cyclohydrolase,Unmatched,0,0,0
GMBOIL_20135 chitin deacetylase,Unmatched,0,0,0
GMBOIL_20140 AI-2E family transporter,Unmatched,0,0,0
GMBOIL_20145 high-affinity branched-chain amino acid ABC transporter ATP-binding protein LivG,Unmatched,0,0,0
GMBOIL_20150 hypothetical protein,Unmatched,0,0,0
GMBOIL_20155 Cyano-1 RNA,Unmatched,0,0,0
GMBOIL_20160 Metal ABC transporter permease,Unmatched,0,0,0
GMBOIL_20165 DUF5615 domain-containing protein,Unmatched,0,0,0
GMBOIL_20170 hypothetical protein,Unmatched,0,0,0
GMBOIL_20175 hypothetical protein,Unmatched,0,0,0
GMBOIL_20180 hypothetical protein,Unmatched,0,0,0
GMBOIL_20185 TIR domain-containing protein,Unmatched,0,0,0
GMBOIL_20190 hypothetical protein,Unmatched,0,0,0
"GMBOIL_20195 addiction module toxin, HicA family",Unmatched,0,0,0
GMBOIL_20200 hypothetical protein,Unmatched,0,0,0
GMBOIL_20205 hypothetical protein,Unmatched,0,0,0
GMBOIL_20210 PIN domain nuclease,Unmatched,0,0,0
GMBOIL_20215 hypothetical protein,Unmatched,0,0,0
GMBOIL_20220 Similar to nucleic acid-binding protein contains PIN domain,Unmatched,0,0,0
GMBOIL_20225 hypothetical protein,Unmatched,0,0,0
GMBOIL_20230 SNARE associated Golgi protein-like protein,Unmatched,0,0,0
GMBOIL_20235 hypothetical protein,Unmatched,0,0,0
GMBOIL_20240 hypothetical protein,Unmatched,0,0,0
GMBOIL_20250 hypothetical protein,Unmatched,0,0,0
GMBOIL_20255 cell division topological specificity factor MinE,Unmatched,0,0,0
GMBOIL_20260 septum site-determining protein MinD,Unmatched,0,0,0
GMBOIL_20265 septum site-determining protein MinC,Unmatched,0,0,0
GMBOIL_20270 hypothetical protein,Unmatched,0,0,0
GMBOIL_20275 GNAT family N-acetyltransferase,Unmatched,0,0,0
GMBOIL_20280 hypothetical protein,Unmatched,0,0,0
GMBOIL_20285 Ssr0692 protein,Unmatched,0,0,0
GMBOIL_20290 Adenosyl-chloride synthase,Unmatched,0,0,0
GMBOIL_20295 carboxylating nicotinate-nucleotide diphosphorylase,Unmatched,0,0,0
GMBOIL_20300 Putative restriction endonuclease,Unmatched,0,0,0
GMBOIL_20305 phosphoribulokinase,Unmatched,0,0,0
GMBOIL_20310 LD-carboxypeptidase,Unmatched,0,0,0
GMBOIL_20315 ISKra4 family transposase,Unmatched,0,0,0
GMBOIL_20320 ISKra4 family ISMae18 transposase,Unmatched,0,0,0
GMBOIL_20325 hypothetical protein,Unmatched,0,0,0
GMBOIL_20330 hypothetical protein,Unmatched,0,0,0
GMBOIL_20335 hypothetical protein,Unmatched,0,0,0
GMBOIL_20340 cysteine synthase A,Unmatched,0,0,0
GMBOIL_20345 hypothetical protein,Unmatched,0,0,0
GMBOIL_20350 Uma2 family endonuclease,Unmatched,0,0,0
GMBOIL_20355 Phosphoglycerate kinase,Unmatched,0,0,0
GMBOIL_20360 universal stress protein,Unmatched,0,0,0
GMBOIL_20365 photosystem I reaction center protein subunit XI,Unmatched,0,0,0
GMBOIL_20370 photosystem I reaction center subunit VIII,Unmatched,0,0,0
GMBOIL_20375 hypothetical protein,Unmatched,0,0,0
GMBOIL_20380 DUF1350 domain-containing protein,Unmatched,0,0,0
GMBOIL_20385 hypothetical protein,Unmatched,0,0,0
GMBOIL_20390 ATP-binding protein,Unmatched,0,0,0
GMBOIL_20395 Photosynthesis regulatory RNA1,Unmatched,0,0,0
GMBOIL_20400 DUF4278 domain-containing protein,Unmatched,0,0,0
GMBOIL_20405 thymidylate synthase,Unmatched,0,0,0
GMBOIL_20410 dTMP kinase,Unmatched,0,0,0
GMBOIL_20415 NAD(P)/FAD-dependent oxidoreductase,Unmatched,0,0,0
GMBOIL_20420 flavin reductase family protein,Unmatched,0,0,0
GMBOIL_20425 Uncharacterised protein family (UPF0175),Unmatched,0,0,0
GMBOIL_20430 DUF3368 domain-containing protein,Unmatched,0,0,0
GMBOIL_20435 flavin oxidoreductase,Unmatched,0,0,0
GMBOIL_20440 Similarity,Unmatched,0,0,0
GMBOIL_20445 carbamoyltransferase HypF,Unmatched,0,0,0
GMBOIL_20450 ATP-dependent Zn protease,Unmatched,0,0,0
GMBOIL_20455 hypothetical protein,Unmatched,0,0,0
GMBOIL_20460 hypothetical protein,Unmatched,0,0,0
GMBOIL_20465 hypothetical protein,Unmatched,0,0,0
GMBOIL_20470 hypothetical protein,Unmatched,0,0,0
GMBOIL_20475 N-acetylmuramoyl-L-alanine amidase,Unmatched,0,0,0
GMBOIL_20480 glutamate racemase,Unmatched,0,0,0
GMBOIL_20485 Ribonuclease HepT-like,Unmatched,0,0,0
GMBOIL_20490 DNA polymerase subunit beta,Unmatched,0,0,0
GMBOIL_20495 Photosystem I assembly protein Ycf3,Unmatched,0,0,0
GMBOIL_20500 hypothetical protein,Unmatched,0,0,0
GMBOIL_20505 hypothetical protein,Unmatched,0,0,0
GMBOIL_20510 GHL10 domain-containing protein,Unmatched,0,0,0
GMBOIL_20515 Dolichyl-phosphate-mannose-protein mannosyltransferase,Unmatched,0,0,0
GMBOIL_20520 replicative DNA helicase,Unmatched,0,0,0
GMBOIL_20525 precorrin-4 C(11)-methyltransferase,Unmatched,0,0,0
GMBOIL_20530 TspO protein,Unmatched,0,0,0
GMBOIL_20535 translation initiation factor,Unmatched,0,0,0
GMBOIL_20540 cryptochrome/photolyase family protein,Unmatched,0,0,0
GMBOIL_20545 hypothetical protein,Unmatched,0,0,0
GMBOIL_20550 Sigma70-r4-2 domain-containing protein,Unmatched,0,0,0
GMBOIL_20555 HTH-OrfB-IS605 domain-containing protein,Unmatched,0,0,0
GMBOIL_20560 hypothetical protein,Unmatched,0,0,0
"GMBOIL_20565 HigB_toxin, RelE-like toxic component of a toxin-antitoxin system",Unmatched,0,0,0
GMBOIL_20570 oxidoreductase,Unmatched,0,0,0
GMBOIL_20575 Ycf51-like protein,Unmatched,0,0,0
GMBOIL_20580 7-carboxy-7-deazaguanine synthase QueE,Unmatched,0,0,0
GMBOIL_20585 hypothetical protein,Unmatched,0,0,0
GMBOIL_20590 aspartyl protease,Unmatched,0,0,0
GMBOIL_20595 7-cyano-7-deazaguanine synthase QueC,Unmatched,0,0,0
GMBOIL_20600 Putative manganese efflux pump,Unmatched,0,0,0
GMBOIL_20605 branched-chain amino acid ABC transporter permease,Unmatched,0,0,0
GMBOIL_20615 Phosphomannomutase,Unmatched,0,0,0
GMBOIL_20630 tRNA-Ala(tgc),Unmatched,0,0,0
GMBOIL_20640 pentapeptide repeat-containing protein,Unmatched,0,0,0
GMBOIL_20645 DUF455 domain-containing protein,Unmatched,0,0,0
GMBOIL_20650 hypothetical protein,Unmatched,0,0,0
GMBOIL_20655 DNA-binding response regulator,Unmatched,0,0,0
GMBOIL_20660 hypothetical protein,Unmatched,0,0,0
GMBOIL_20665 hypothetical protein,Unmatched,0,0,0
GMBOIL_20670 cadmium-translocating P-type ATPase,Unmatched,0,0,0
GMBOIL_20675 histidine--tRNA ligase,Unmatched,0,0,0
GMBOIL_20680 hypothetical protein,Unmatched,0,0,0
GMBOIL_20685 murein biosynthesis integral membrane protein MurJ,Unmatched,0,0,0
GMBOIL_20690 hypothetical protein,Unmatched,0,0,0
GMBOIL_20705 DMT family transporter,Unmatched,0,0,0
GMBOIL_20710 Class I SAM-dependent methyltransferase,Unmatched,0,0,0
GMBOIL_20715 Methyltransferase domain-containing protein,Unmatched,0,0,0
GMBOIL_20720 hypothetical protein,Unmatched,0,0,0
GMBOIL_20725 DUF4351 domain-containing protein,Unmatched,0,0,0
GMBOIL_20730 tRNA-Leu(gag),Unmatched,0,0,0
GMBOIL_20735 PNP-UDP-1 domain-containing protein,Unmatched,0,0,0
GMBOIL_20740 ABC transporter ATP-binding protein,Unmatched,0,0,0
GMBOIL_20745 putative esterase,Unmatched,0,0,0
GMBOIL_20750 hypothetical protein,Unmatched,0,0,0
GMBOIL_20755 bifunctional ADP-dependent NAD(P)H-hydrate dehydratase/NAD(P)H-hydrate epimerase,Unmatched,0,0,0
GMBOIL_20760 hypothetical protein,Unmatched,0,0,0
GMBOIL_20765 hypothetical protein,Unmatched,0,0,0
GMBOIL_20770 ring-hydroxylating oxygenase subunit alpha,Unmatched,0,0,0
GMBOIL_20785 NAD(P)H-quinone oxidoreductase subunit 5,Unmatched,0,0,0
GMBOIL_20790 ATPase,Unmatched,0,0,0
GMBOIL_20795 Peptidase-S8 domain-containing protein,Unmatched,0,0,0
GMBOIL_20800 hypothetical protein,Unmatched,0,0,0
GMBOIL_20805 peptidase,Unmatched,0,0,0
GMBOIL_20810 preprotein translocase subunit SecG,Unmatched,0,0,0
GMBOIL_20815 type II toxin-antitoxin system RelE/ParE family toxin,Unmatched,0,0,0
GMBOIL_20820 hypothetical protein,Unmatched,0,0,0
"GMBOIL_20825 2,3-bisphosphoglycerate-independent phosphoglycerate mutase",Unmatched,0,0,0
GMBOIL_20830 site-specific DNA-methyltransferase,Unmatched,0,0,0
GMBOIL_20835 mannosyltransferase,Unmatched,0,0,0
GMBOIL_20840 glycosyl transferase family 1,Unmatched,0,0,0
GMBOIL_20845 hypothetical protein,Unmatched,0,0,0
GMBOIL_20850 peptide deformylase,Unmatched,0,0,0
GMBOIL_20855 transposase,Unmatched,0,0,0
GMBOIL_20860 type I glyceraldehyde-3-phosphate dehydrogenase,Unmatched,0,0,0
GMBOIL_20885 hypothetical protein,Unmatched,0,0,0
GMBOIL_20890 hypothetical protein,Unmatched,0,0,0
GMBOIL_20895 hypothetical protein,Unmatched,0,0,0
GMBOIL_20900 hypothetical protein,Unmatched,0,0,0
GMBOIL_20905 hypothetical protein,Unmatched,0,0,0
GMBOIL_20910 DUF2283 domain-containing protein,Unmatched,0,0,0
GMBOIL_20915 hypothetical protein,Unmatched,0,0,0
GMBOIL_20920 hypothetical protein,Unmatched,0,0,0
GMBOIL_20925 serine/threonine protein kinase,Unmatched,0,0,0
GMBOIL_20930 DNA starvation/stationary phase protection protein Dps,Unmatched,0,0,0
"GMBOIL_20935 HicA toxin of bacterial toxin-antitoxin,",Unmatched,0,0,0
GMBOIL_20940 HicB family protein,Unmatched,0,0,0
GMBOIL_20945 HNH endonuclease,Unmatched,0,0,0
GMBOIL_20950 Macro domain-containing protein,Unmatched,0,0,0
GMBOIL_20955 DarT domain-containing protein,Unmatched,0,0,0
GMBOIL_20960 Nuclease subunit of the excinuclease complex,Unmatched,0,0,0
GMBOIL_20965 anthranilate phosphoribosyltransferase,Unmatched,0,0,0
GMBOIL_20970 Reverse transcriptase domain-containing protein,Unmatched,0,0,0
GMBOIL_20975 DUF1214 domain-containing protein,Unmatched,0,0,0
GMBOIL_20980 hypothetical protein,Unmatched,0,0,0
GMBOIL_20985 hypothetical protein,Unmatched,0,0,0
GMBOIL_20990 hypothetical protein,Unmatched,0,0,0
GMBOIL_20995 hypothetical protein,Unmatched,0,0,0
GMBOIL_21000 30S ribosome-binding factor RbfA,Unmatched,0,0,0
GMBOIL_21005 DUF751 domain-containing protein,Unmatched,0,0,0
GMBOIL_21010 hypothetical protein,Unmatched,0,0,0
GMBOIL_21015 hypothetical protein,Unmatched,0,0,0
GMBOIL_21020 PIN domain protein,Unmatched,0,0,0
GMBOIL_21025 Similarity,Unmatched,0,0,0
GMBOIL_21030 hypothetical protein,Unmatched,0,0,0
GMBOIL_21035 AbrB/MazE/SpoVT family DNA-binding domain-containing protein,Unmatched,0,0,0
GMBOIL_21040 Type II toxin-antitoxin system death-on-curing family toxin,Unmatched,0,0,0
GMBOIL_21045 BrnA antitoxin family protein,Unmatched,0,0,0
GMBOIL_21050 nucleotidyltransferase,Unmatched,0,0,0
GMBOIL_21055 DUF86 domain-containing protein,Unmatched,0,0,0
GMBOIL_21060 DUF86 domain-containing protein,Unmatched,0,0,0
GMBOIL_21065 hypothetical protein,Unmatched,0,0,0
"GMBOIL_21070 putative toxin-antitoxin system toxin component, PIN family",Unmatched,0,0,0
GMBOIL_21075 Uncharacterised protein family (UPF0175),Unmatched,0,0,0
"GMBOIL_21080 mRNA-degrading endonuclease RelE, toxin component of the RelBE toxin-antitoxin system",Unmatched,0,0,0
GMBOIL_21085 hypothetical protein,Unmatched,0,0,0
GMBOIL_21090 IS1634 family transposase,Unmatched,0,0,0
GMBOIL_21095 IS1634 family transposase,Unmatched,0,0,0
GMBOIL_21100 COX3 domain-containing protein,Unmatched,0,0,0
GMBOIL_21105 polyketide synthase,Unmatched,0,0,0
GMBOIL_21110 isovaleryl-CoA dehydrogenase,Unmatched,0,0,0
GMBOIL_21115 photosystem I assembly protein Ycf4,Unmatched,0,0,0
GMBOIL_21120 peptidylprolyl isomerase,Unmatched,0,0,0
GMBOIL_21125 beta-ketoacyl-ACP synthase,Unmatched,0,0,0
GMBOIL_21130 photosystem II protein Y,Unmatched,0,0,0
GMBOIL_21135 FAD-linked oxidase,Unmatched,0,0,0
GMBOIL_21140 adenylosuccinate lyase,Unmatched,0,0,0
"GMBOIL_21145 putative guanosine-3',5'-bis(diphosphate) 3'-pyrophosphohydrolase",Unmatched,0,0,0
GMBOIL_21150 glycosyl transferase family 4,Unmatched,0,0,0
GMBOIL_21155 hypothetical protein,Unmatched,0,0,0
GMBOIL_21160 Transposase,Unmatched,0,0,0
GMBOIL_21165 hypothetical protein,Unmatched,0,0,0
GMBOIL_21170 PEP-CTERM sorting domain-containing protein,Unmatched,0,0,0
GMBOIL_21175 ClpB protein,Unmatched,0,0,0
GMBOIL_21180 DNA modification methyltransferase related protein,Unmatched,0,0,0
GMBOIL_21185 hypothetical protein,Unmatched,0,0,0
GMBOIL_21190 6S / SsrS RNA,Unmatched,0,0,0
GMBOIL_21195 FAD-dependent oxidoreductase,Unmatched,0,0,0
GMBOIL_21200 hypothetical protein,Unmatched,0,0,0
GMBOIL_21205 hypothetical protein,Unmatched,0,0,0
GMBOIL_21210 GHL10 domain-containing protein,Unmatched,0,0,0
GMBOIL_21215 ATPase,Unmatched,0,0,0
GMBOIL_21220 polysaccharide export protein,Unmatched,0,0,0
GMBOIL_21225 cyanoexosortase B system-associated protein,Unmatched,0,0,0
GMBOIL_21230 cyanoexosortase B,Unmatched,0,0,0
GMBOIL_21235 erythromycin biosynthesis sensory transduction protein eryC1,Unmatched,0,0,0
GMBOIL_21240 molybdenum cofactor guanylyltransferase,Unmatched,0,0,0
GMBOIL_21245 heat-shock protein,Unmatched,0,0,0
GMBOIL_21250 ABC transporter ATP-binding protein,Unmatched,0,0,0
GMBOIL_21255 TIGR03936 family radical SAM-associated protein,Unmatched,0,0,0
GMBOIL_21260 hypothetical protein,Unmatched,0,0,0
GMBOIL_21265 histidinol dehydrogenase,Unmatched,0,0,0
GMBOIL_21270 ABC transporter permease,Unmatched,0,0,0
GMBOIL_21275 glucose-6-phosphate isomerase,Unmatched,0,0,0
GMBOIL_21280 putative tRNA-dihydrouridine synthase 1,Unmatched,0,0,0
GMBOIL_21285 TIGR04222 domain-containing membrane protein,Unmatched,0,0,0
GMBOIL_21360 DUF6444 domain-containing protein,Unmatched,0,0,0
GMBOIL_21370 hypothetical protein,Unmatched,0,0,0
GMBOIL_21375 hypothetical protein,Unmatched,0,0,0
GMBOIL_21380 DUF29 domain-containing protein,Unmatched,0,0,0
GMBOIL_21385 peptidase C69,Unmatched,0,0,0
GMBOIL_21390 DUF456 domain-containing protein,Unmatched,0,0,0
GMBOIL_21395 Metalloprotease slr1322,Unmatched,0,0,0
GMBOIL_21400 hypothetical protein,Unmatched,0,0,0
GMBOIL_21405 oxygen-dependent coproporphyrinogen oxidase,Unmatched,0,0,0
GMBOIL_21410 serine/threonine protein phosphatase,Unmatched,0,0,0
GMBOIL_21415 hypothetical protein,Unmatched,0,0,0
GMBOIL_21420 DUF3782 domain-containing protein,Unmatched,0,0,0
GMBOIL_21425 hypothetical protein,Unmatched,0,0,0
GMBOIL_21430 PIN domain protein,Unmatched,0,0,0
GMBOIL_21435 hypothetical protein,Unmatched,0,0,0
GMBOIL_21440 DUF3368 domain-containing protein,Unmatched,0,0,0
GMBOIL_21445 Uncharacterised protein family (UPF0175),Unmatched,0,0,0
"GMBOIL_21450 Type II secretory pathway, ATPase PulE/Tfp pilus assembly pathway, ATPase PilB",Unmatched,0,0,0
GMBOIL_21455 hypothetical protein,Unmatched,0,0,0
GMBOIL_21460 hypothetical protein,Unmatched,0,0,0
GMBOIL_21470 hypothetical protein,Unmatched,0,0,0
GMBOIL_21475 AAA-like domain-containing protein,Unmatched,0,0,0
GMBOIL_21480 Serine/threonine protein kinase,Unmatched,0,0,0
GMBOIL_21485 hypothetical protein,Unmatched,0,0,0
GMBOIL_21490 peptidase C69,Unmatched,0,0,0
GMBOIL_21495 hypothetical protein,Unmatched,0,0,0
GMBOIL_21505 arsenic-transporting ATPase,Unmatched,0,0,0
GMBOIL_21510 aspartate 1-decarboxylase,Unmatched,0,0,0
GMBOIL_21515 DUF3598 domain-containing protein,Unmatched,0,0,0
GMBOIL_21520 phosphoribosylglycinamide formyltransferase,Unmatched,0,0,0
GMBOIL_21525 hypothetical protein,Unmatched,0,0,0
GMBOIL_21530 polyphosphate:AMP phosphotransferase,Unmatched,0,0,0
GMBOIL_21535 UDP-glucose 4-epimerase GalE,Unmatched,0,0,0
GMBOIL_21540 hypothetical protein,Unmatched,0,0,0
GMBOIL_21545 FkbM family methyltransferase,Unmatched,0,0,0
GMBOIL_21550 Peptidoglycan O-acetyltransferase,Unmatched,0,0,0
GMBOIL_21555 hypothetical protein,Unmatched,0,0,0
GMBOIL_21560 NAD(P)/FAD-dependent oxidoreductase,Unmatched,0,0,0
GMBOIL_21565 hypothetical protein,Unmatched,0,0,0
GMBOIL_21570 site-2 protease family protein,Unmatched,0,0,0
GMBOIL_21575 N-acetylmuramic acid 6-phosphate etherase,Unmatched,0,0,0
GMBOIL_21580 50S ribosomal protein L21,Unmatched,0,0,0
GMBOIL_21585 Similar to tr/P73425/P73425,Unmatched,0,0,0
GMBOIL_21590 MFS transporter,Unmatched,0,0,0
GMBOIL_21595 Bacterial small signal recognition particle RNA,Unmatched,0,0,0
GMBOIL_21600 DUF58 domain-containing protein,Unmatched,0,0,0
GMBOIL_21605 hypothetical protein,Unmatched,0,0,0
GMBOIL_21610 AbrB family transcriptional regulator,Unmatched,0,0,0
GMBOIL_21615 hypothetical protein,Unmatched,0,0,0
GMBOIL_21620 NAD-dependent malic enzyme,Unmatched,0,0,0
"GMBOIL_21640 Fe-S cluster biogenesis protein NfuA, 4Fe-4S-binding domain",Unmatched,0,0,0
GMBOIL_21645 isocitrate dehydrogenase,Unmatched,0,0,0
GMBOIL_21650 Circadian oscillating protein COP23,Unmatched,0,0,0
GMBOIL_21655 serine protease,Unmatched,0,0,0
GMBOIL_21660 V8-like Glu-specific endopeptidase,Unmatched,0,0,0
GMBOIL_21665 hypothetical protein,Unmatched,0,0,0
GMBOIL_21670 hypothetical protein,Unmatched,0,0,0
GMBOIL_21675 DUF4149 domain-containing protein,Unmatched,0,0,0
GMBOIL_21680 PspA/IM30 family,Unmatched,0,0,0
GMBOIL_21685 hypothetical protein,Unmatched,0,0,0
GMBOIL_21690 Chromosome partition protein Smc,Unmatched,0,0,0
GMBOIL_21695 DUF3288 domain-containing protein,Unmatched,0,0,0
GMBOIL_21700 methionine synthase,Unmatched,0,0,0
GMBOIL_21705 glycosyltransferase,Unmatched,0,0,0
"GMBOIL_21710 Antitoxin component HigA of the HigAB toxin-antitoxin module, contains an N-terminal HTH domain",Unmatched,0,0,0
GMBOIL_21715 squalene--hopene cyclase,Unmatched,0,0,0
GMBOIL_21720 translation elongation factor Ts,Unmatched,0,0,0
GMBOIL_21725 30S ribosomal protein S2,Unmatched,0,0,0
GMBOIL_21730 thioredoxin-dependent thiol peroxidase,Unmatched,0,0,0
GMBOIL_21735 Zn-dependent protease with chaperone function,Unmatched,0,0,0
GMBOIL_21740 CopY family transcriptional regulator,Unmatched,0,0,0
GMBOIL_21745 DUF4090 domain-containing protein,Unmatched,0,0,0
GMBOIL_21750 mannose-1-phosphate guanyltransferase,Unmatched,0,0,0
GMBOIL_21755 lipid-A-disaccharide synthase,Unmatched,0,0,0
GMBOIL_21760 hypothetical protein,Unmatched,0,0,0
GMBOIL_21765 Uma2 domain-containing protein,Unmatched,0,0,0
GMBOIL_21770 glutamate-5-semialdehyde dehydrogenase,Unmatched,0,0,0
GMBOIL_21775 1-deoxy-D-xylulose-5-phosphate reductoisomerase,Unmatched,0,0,0
GMBOIL_21780 hypothetical protein,Unmatched,0,0,0
GMBOIL_21785 hypothetical protein,Unmatched,0,0,0
GMBOIL_21790 Tetratricopeptide domain protein,Unmatched,0,0,0
GMBOIL_21795 endonuclease/exonuclease/phosphatase,Unmatched,0,0,0
GMBOIL_21800 hypothetical protein,Unmatched,0,0,0
GMBOIL_21805 magnesium chelatase,Unmatched,0,0,0
GMBOIL_21810 histidine triad nucleotide-binding protein,Unmatched,0,0,0
GMBOIL_21815 aspartyl protease,Unmatched,0,0,0
GMBOIL_21820 4-hydroxyphenylpyruvate dioxygenase,Unmatched,0,0,0
GMBOIL_21825 oxidoreductase,Unmatched,0,0,0
GMBOIL_21830 Domain of unknown function DUF29,Unmatched,0,0,0
GMBOIL_21835 ATPase,Unmatched,0,0,0
"GMBOIL_21840 mRNA-degrading endonuclease YafQ (mRNA interferase), toxin component of the YafQ-DinJ toxin-antitoxin module",Unmatched,0,0,0
GMBOIL_21845 hypothetical protein,Unmatched,0,0,0
"GMBOIL_21850 type II toxin-antitoxin system mRNA interferase toxin, RelE/StbE family",Unmatched,0,0,0
GMBOIL_21855 HigA protein (Antitoxin to HigB),Unmatched,0,0,0
GMBOIL_21860 N6-Mtase domain-containing protein,Unmatched,0,0,0
GMBOIL_21865 hypothetical protein,Unmatched,0,0,0
GMBOIL_21870 hypothetical protein,Unmatched,0,0,0
GMBOIL_21875 bifunctional hydroxymethylpyrimidine kinase/phosphomethylpyrimidine kinase,Unmatched,0,0,0
GMBOIL_21880 photosystem II reaction center protein CP43,Unmatched,0,0,0
GMBOIL_21885 Antisense RNA which regulates isiA expression,Unmatched,0,0,0
GMBOIL_21890 threonine-phosphate decarboxylase CobD,Unmatched,0,0,0
GMBOIL_21895 DNA-binding protein,Unmatched,0,0,0
GMBOIL_21900 DUF4168 domain-containing protein,Unmatched,0,0,0
GMBOIL_21905 urease accessory protein UreE,Unmatched,0,0,0
GMBOIL_21910 hypothetical protein,Unmatched,0,0,0
GMBOIL_21915 aspartate carbamoyltransferase catalytic subunit,Unmatched,0,0,0
GMBOIL_21920 GUN4 domain-containing protein,Unmatched,0,0,0
GMBOIL_21925 efflux RND transporter periplasmic adaptor subunit,Unmatched,0,0,0
GMBOIL_21930 Ureidoglycolate hydrolase,Unmatched,0,0,0
GMBOIL_21935 hypothetical protein,Unmatched,0,0,0
GMBOIL_21940 hypothetical protein,Unmatched,0,0,0
GMBOIL_21945 DNA helicase UvrD,Unmatched,0,0,0
GMBOIL_21950 hypothetical protein,Unmatched,0,0,0
GMBOIL_21955 hypothetical protein,Unmatched,0,0,0
GMBOIL_21960 4-hydroxybenzoate solanesyltransferase,Unmatched,0,0,0
GMBOIL_21965 A putative alpha-helical domain with a conserved ER motif,Unmatched,0,0,0
GMBOIL_21970 transglutaminase,Unmatched,0,0,0
GMBOIL_21975 hypothetical protein,Unmatched,0,0,0
GMBOIL_21980 hypothetical protein,Unmatched,0,0,0
GMBOIL_21985 magnesium chelatase ATPase subunit I,Unmatched,0,0,0
GMBOIL_21990 ATPase,Unmatched,0,0,0
GMBOIL_21995 HNH endonuclease,Unmatched,0,0,0
GMBOIL_22000 glycosyl transferase,Unmatched,0,0,0
GMBOIL_22005 hypothetical protein,Unmatched,0,0,0
GMBOIL_22010 PEP-CTERM domain-containing protein,Unmatched,0,0,0
GMBOIL_22015 DUF29 domain-containing protein,Unmatched,0,0,0
GMBOIL_22020 DUF2157 domain-containing protein,Unmatched,0,0,0
GMBOIL_22025 DNA-binding response regulator,Unmatched,0,0,0
GMBOIL_22030 citrate synthase,Unmatched,0,0,0
GMBOIL_22035 peptide ABC transporter substrate-binding protein,Unmatched,0,0,0
GMBOIL_22040 glycosyl transferase family 1,Unmatched,0,0,0
GMBOIL_22045 DUF5615 domain-containing protein,Unmatched,0,0,0
GMBOIL_22050 hypothetical protein,Unmatched,0,0,0
GMBOIL_22055 Putative restriction endonuclease,Unmatched,0,0,0
GMBOIL_22060 Putative restriction endonuclease,Unmatched,0,0,0
GMBOIL_22065 signal recognition particle-docking protein FtsY,Unmatched,0,0,0
GMBOIL_22070 manganese ABC transporter ATP-binding protein,Unmatched,0,0,0
GMBOIL_22075 Glycerol dehydrogenase,Unmatched,0,0,0
GMBOIL_22080 hypothetical protein,Unmatched,0,0,0
GMBOIL_22085 lipoprotein NlpI,Unmatched,0,0,0
GMBOIL_22090 serine protease,Unmatched,0,0,0
GMBOIL_22095 Circadian oscillating protein COP23,Unmatched,0,0,0
GMBOIL_22100 hypothetical protein,Unmatched,0,0,0
GMBOIL_22105 peptidase M16,Unmatched,0,0,0
GMBOIL_22110 peptidase M16,Unmatched,0,0,0
GMBOIL_22115 tRNA-Asn(gtt),Unmatched,0,0,0
GMBOIL_22120 hypothetical protein,Unmatched,0,0,0
GMBOIL_22125 hypothetical protein,Unmatched,0,0,0
GMBOIL_22130 DUF4160 domain-containing protein,Unmatched,0,0,0
GMBOIL_22135 DUF2442 domain-containing protein,Unmatched,0,0,0
GMBOIL_22140 hypothetical protein,Unmatched,0,0,0
"GMBOIL_22145 type II toxin-antitoxin system mRNA interferase toxin, RelE/StbE family",Unmatched,0,0,0
GMBOIL_22150 BrnT family toxin,Unmatched,0,0,0
GMBOIL_22155 hypothetical protein,Unmatched,0,0,0
GMBOIL_22160 hypothetical protein,Unmatched,0,0,0
GMBOIL_22165 PemK family protein,Unmatched,0,0,0
GMBOIL_22170 Integrin alpha beta-propellor repeat protein,Unmatched,0,0,0
GMBOIL_22175 hypothetical protein,Unmatched,0,0,0
GMBOIL_22180 hypothetical protein,Unmatched,0,0,0
GMBOIL_22185 Txe/YoeB family addiction module toxin,Unmatched,0,0,0
GMBOIL_22190 hypothetical protein,Unmatched,0,0,0
GMBOIL_22195 arsenic transporter,Unmatched,0,0,0
GMBOIL_22200 AAA family ATPase,Unmatched,0,0,0
GMBOIL_22205 B12-binding domain-containing radical SAM protein,Unmatched,0,0,0
GMBOIL_22210 alkene reductase,Unmatched,0,0,0
GMBOIL_22215 rSAM-associated Gly-rich repeat protein,Unmatched,0,0,0
GMBOIL_22220 hypothetical protein,Unmatched,0,0,0
GMBOIL_22225 histidinol-phosphatase,Unmatched,0,0,0
GMBOIL_22230 ribulose-phosphate 3-epimerase,Unmatched,0,0,0
GMBOIL_22235 long-chain fatty acid--CoA ligase,Unmatched,0,0,0
GMBOIL_22240 YlqD protein,Unmatched,0,0,0
GMBOIL_22245 hypothetical protein,Unmatched,0,0,0
GMBOIL_22250 heavy metal transporter,Unmatched,0,0,0
GMBOIL_22255 hypothetical protein,Unmatched,0,0,0
GMBOIL_22260 DNA polymerase I,Unmatched,0,0,0
GMBOIL_22265 NAD-dependent dehydratase,Unmatched,0,0,0
GMBOIL_22270 hypothetical protein,Unmatched,0,0,0
GMBOIL_22275 DUF202 domain-containing protein,Unmatched,0,0,0
GMBOIL_22280 hypothetical protein,Unmatched,0,0,0
GMBOIL_22285 Phosphomannomutase,Unmatched,0,0,0
GMBOIL_22290 hypothetical protein,Unmatched,0,0,0
GMBOIL_22295 phosphate ABC transporter ATP-binding protein PstB,Unmatched,0,0,0
GMBOIL_22300 phosphate ABC transporter permease PstA,Unmatched,0,0,0
GMBOIL_22305 phosphate ABC transporter permease subunit PstC,Unmatched,0,0,0
GMBOIL_22310 hypothetical protein,Unmatched,0,0,0
GMBOIL_22315 alpha/beta hydrolase,Unmatched,0,0,0
GMBOIL_22320 universal stress protein,Unmatched,0,0,0
GMBOIL_22325 Aluminium activated malate transporter,Unmatched,0,0,0
GMBOIL_22330 Core-binding (CB) domain-containing protein,Unmatched,0,0,0
GMBOIL_22335 hypothetical protein,Unmatched,0,0,0
GMBOIL_22340 DNA-binding protein,Unmatched,0,0,0
GMBOIL_22345 hypothetical protein,Unmatched,0,0,0
GMBOIL_22350 hypothetical protein,Unmatched,0,0,0
GMBOIL_22355 PEP-CTERM domain-containing protein,Unmatched,0,0,0
GMBOIL_22360 IS5/IS1182 family transposase,Unmatched,0,0,0
GMBOIL_22365 hypothetical protein,Unmatched,0,0,0
GMBOIL_22370 GIY-YIG domain-containing protein,Unmatched,0,0,0
GMBOIL_22375 transposase,Unmatched,0,0,0
GMBOIL_22380 IS607 family transposase,Unmatched,0,0,0
GMBOIL_22385 cyclic nucleotide-binding protein,Unmatched,0,0,0
GMBOIL_22390 methionyl-tRNA formyltransferase,Unmatched,0,0,0
GMBOIL_22395 peptidoglycan editing factor PgeF,Unmatched,0,0,0
GMBOIL_22400 transposase,Unmatched,0,0,0
GMBOIL_22405 hypothetical protein,Unmatched,0,0,0
GMBOIL_22410 30S ribosomal protein S21,Unmatched,0,0,0
GMBOIL_22415 GHL10 domain-containing protein,Unmatched,0,0,0
GMBOIL_22420 UDP-N-acetylmuramoyl-L-alanine--D-glutamate ligase,Unmatched,0,0,0
GMBOIL_22425 hypothetical protein,Unmatched,0,0,0
GMBOIL_22430 TonB protein,Unmatched,0,0,0
GMBOIL_22435 hypothetical protein,Unmatched,0,0,0
GMBOIL_22440 high light inducible protein,Unmatched,0,0,0
GMBOIL_22445 diaminopimelate epimerase,Unmatched,0,0,0
GMBOIL_22450 RNA-binding protein hfq,Unmatched,0,0,0
GMBOIL_22455 hypothetical protein,Unmatched,0,0,0
GMBOIL_22460 D-3-phosphoglycerate dehydrogenase,Unmatched,0,0,0
GMBOIL_22465 Phosphoglycerate dehydrogenase,Unmatched,0,0,0
GMBOIL_22470 SDR family oxidoreductase,Unmatched,0,0,0
GMBOIL_22475 Methyltransf-21 domain-containing protein,Unmatched,0,0,0
GMBOIL_22480 Class I SAM-dependent methyltransferase,Unmatched,0,0,0
GMBOIL_22485 FkbM family methyltransferase,Unmatched,0,0,0
GMBOIL_22490 Glr3782 protein,Unmatched,0,0,0
GMBOIL_22495 hypothetical protein,Unmatched,0,0,0
GMBOIL_22500 hypothetical protein,Unmatched,0,0,0
GMBOIL_22505 Colanic acid biosynthesis glycosyl transferase WcaE,Unmatched,0,0,0
GMBOIL_22510 Group 2 glycosyl transferase,Unmatched,0,0,0
GMBOIL_22515 Glycosyltransferase WbuB,Unmatched,0,0,0
GMBOIL_22520 UDP-glucose 4-epimerase,Unmatched,0,0,0
GMBOIL_22525 serine protease,Unmatched,0,0,0
GMBOIL_22530 Serine/threonine-protein kinase PknA,Unmatched,0,0,0
GMBOIL_22535 serine/threonine protein kinase,Unmatched,0,0,0
GMBOIL_22540 hypothetical protein,Unmatched,0,0,0
GMBOIL_22545 GTPase Era,Unmatched,0,0,0
GMBOIL_22550 uracil-DNA glycosylase,Unmatched,0,0,0
GMBOIL_22555 16S rRNA (guanine(966)-N(2))-methyltransferase RsmD,Unmatched,0,0,0
GMBOIL_22560 threonine synthase,Unmatched,0,0,0
GMBOIL_22565 molybdopterin synthase sulfur carrier subunit,Unmatched,0,0,0
GMBOIL_22570 Dynamin-N domain-containing protein,Unmatched,0,0,0
GMBOIL_22575 VWA domain-containing protein,Unmatched,0,0,0
GMBOIL_22580 hypothetical protein,Unmatched,0,0,0
GMBOIL_22585 VWA domain-containing protein,Unmatched,0,0,0
GMBOIL_22590 FHA domain-containing protein,Unmatched,0,0,0
GMBOIL_22595 serine/threonine protein phosphatase,Unmatched,0,0,0
GMBOIL_22600 hypothetical protein,Unmatched,0,0,0
GMBOIL_22605 serine/threonine protein kinase,Unmatched,0,0,0
GMBOIL_22610 hypothetical protein,Unmatched,0,0,0
GMBOIL_22615 hypothetical protein,Unmatched,0,0,0
GMBOIL_22620 hypothetical protein,Unmatched,0,0,0
GMBOIL_22625 hypothetical protein,Unmatched,0,0,0
GMBOIL_22630 hypothetical protein,Unmatched,0,0,0
GMBOIL_22635 PH domain-containing protein,Unmatched,0,0,0
GMBOIL_22640 DO-GTPase1 domain-containing protein,Unmatched,0,0,0
GMBOIL_22645 DO-GTPase1 domain-containing protein,Unmatched,0,0,0
GMBOIL_22650 DO-GTPase2 domain-containing protein,Unmatched,0,0,0
GMBOIL_22655 hypothetical protein,Unmatched,0,0,0
GMBOIL_22660 hypothetical protein,Unmatched,0,0,0
GMBOIL_22665 VWFA domain-containing protein,Unmatched,0,0,0
GMBOIL_22670 ARC6-like-IMS domain-containing protein,Unmatched,0,0,0
GMBOIL_22675 Beta-lactamase2 domain-containing protein,Unmatched,0,0,0
GMBOIL_22680 hypothetical protein,Unmatched,0,0,0
GMBOIL_22685 hypothetical protein,Unmatched,0,0,0
GMBOIL_22690 Alkaline phosphatase,Unmatched,0,0,0
GMBOIL_22695 type IV pili twitching motility protein PilT,Unmatched,0,0,0
GMBOIL_22700 chlorophyll a/b binding light-harvesting protein,Unmatched,0,0,0
GMBOIL_22705 Antisense RNA which regulates isiA expression,Unmatched,0,0,0
GMBOIL_22710 flavodoxin FldA,Unmatched,0,0,0
GMBOIL_22715 AB hydrolase-1 domain-containing protein,Unmatched,0,0,0
GMBOIL_22720 hypothetical protein,Unmatched,0,0,0
GMBOIL_22725 hypothetical protein,Unmatched,0,0,0
GMBOIL_22730 Similar to tr|Q8YVW5|Q8YVW5,Unmatched,0,0,0
GMBOIL_22735 Papain fold toxin 2,Unmatched,0,0,0
GMBOIL_22740 hypothetical protein,Unmatched,0,0,0
GMBOIL_22745 hypothetical protein,Unmatched,0,0,0
GMBOIL_22750 hypothetical protein,Unmatched,0,0,0
GMBOIL_22755 hypothetical protein,Unmatched,0,0,0
GMBOIL_22760 sterol C5-desaturase,Unmatched,0,0,0
"GMBOIL_22765 signal transduction histidine kinase (STHK), LytS",Unmatched,0,0,0
GMBOIL_22770 transporter,Unmatched,0,0,0
GMBOIL_22775 alpha-mannosidase,Unmatched,0,0,0
GMBOIL_22780 photosystem II reaction center protein PsbN,Unmatched,0,0,0
GMBOIL_22785 carbonic anhydrase,Unmatched,0,0,0
GMBOIL_22790 glutaminase A,Unmatched,0,0,0
GMBOIL_22795 Cyano-1 RNA,Unmatched,0,0,0
GMBOIL_22800 HNH endonuclease,Unmatched,0,0,0
"GMBOIL_22805 Apocarotenoid-15,15'-oxygenase",Unmatched,0,0,0
GMBOIL_22810 hypothetical protein,Unmatched,0,0,0
GMBOIL_22815 hypothetical protein,Unmatched,0,0,0
GMBOIL_22820 hypothetical protein,Unmatched,0,0,0
GMBOIL_22825 hypothetical protein,Unmatched,0,0,0
GMBOIL_22830 hypothetical protein,Unmatched,0,0,0
GMBOIL_22835 fatty acid desaturase,Unmatched,0,0,0
GMBOIL_22840 serine/threonine protein kinase,Unmatched,0,0,0
GMBOIL_22845 Response regulatory domain-containing protein,Unmatched,0,0,0
GMBOIL_22850 D-alanyl-D-alanine dipeptidase,Unmatched,0,0,0
GMBOIL_22855 DNA phosphorothioation system sulfurtransferase DndC,Unmatched,0,0,0
GMBOIL_22860 DNA-sulfur modification-associated,Unmatched,0,0,0
GMBOIL_22865 hypothetical protein,Unmatched,0,0,0
GMBOIL_22870 Aspartate kinase,Unmatched,0,0,0
GMBOIL_22875 Multimodular transpeptidase-transglycosylase,Unmatched,0,0,0
GMBOIL_22880 hypothetical protein,Unmatched,0,0,0
GMBOIL_22885 Bifunctional hemolysin/adenylate cyclase,Unmatched,0,0,0
GMBOIL_22890 CDP-diacylglycerol--glycerol-3-phosphate 3-phosphatidyltransferase,Unmatched,0,0,0
GMBOIL_22895 acyl-CoA desaturase,Unmatched,0,0,0
GMBOIL_22900 helix-turn-helix domain containing protein,Unmatched,0,0,0
GMBOIL_22905 iron ABC transporter permease,Unmatched,0,0,0
GMBOIL_22910 Zn-dependent hydrolase,Unmatched,0,0,0
GMBOIL_22915 aminodeoxychorismate/anthranilate synthase component II,Unmatched,0,0,0
GMBOIL_22920 Pentapeptide repeat-containing protein,Unmatched,0,0,0
"GMBOIL_22925 Transcriptional attenuator, LytR family",Unmatched,0,0,0
GMBOIL_22930 hypothetical protein,Unmatched,0,0,0
GMBOIL_22935 DUF3370 domain-containing protein,Unmatched,0,0,0
GMBOIL_22940 hypothetical protein,Unmatched,0,0,0
GMBOIL_22945 glycogen synthase GlgA,Unmatched,0,0,0
GMBOIL_22950 co-chaperone YbbN,Unmatched,0,0,0
GMBOIL_22955 hypothetical protein,Unmatched,0,0,0
GMBOIL_22960 tRNA (guanosine(46)-N7)-methyltransferase TrmB,Unmatched,0,0,0
GMBOIL_22965 metallophosphoesterase,Unmatched,0,0,0
GMBOIL_22970 hypothetical protein,Unmatched,0,0,0
GMBOIL_22975 cytochrome b6-f complex subunit PetG,Unmatched,0,0,0
GMBOIL_22980 Acireductone dioxygenase,Unmatched,0,0,0
GMBOIL_22985 tRNA-Ala(cgc),Unmatched,0,0,0
GMBOIL_22990 hypothetical protein,Unmatched,0,0,0
GMBOIL_22995 hypothetical protein,Unmatched,0,0,0
GMBOIL_23000 MBL fold metallo-hydrolase,Unmatched,0,0,0
GMBOIL_23005 methyltransferase type 11,Unmatched,0,0,0
GMBOIL_23010 EamA family transporter,Unmatched,0,0,0
GMBOIL_23015 AI-2E family transporter,Unmatched,0,0,0
GMBOIL_23020 shikimate dehydrogenase,Unmatched,0,0,0
GMBOIL_23025 hypothetical protein,Unmatched,0,0,0
GMBOIL_23030 amino acid ABC transporter permease,Unmatched,0,0,0
GMBOIL_23035 single-stranded DNA-binding protein,Unmatched,0,0,0
GMBOIL_23040 hypothetical protein,Unmatched,0,0,0
GMBOIL_23045 hypothetical protein,Unmatched,0,0,0
GMBOIL_23050 hypothetical protein,Unmatched,0,0,0
GMBOIL_23055 hypothetical protein,Unmatched,0,0,0
GMBOIL_23060 Peptidase-M4-C domain-containing protein,Unmatched,0,0,0
GMBOIL_23065 FTP domain-containing protein,Unmatched,0,0,0
GMBOIL_23070 HypX (modular protein),Unmatched,0,0,0
GMBOIL_23090 hypothetical protein,Unmatched,0,0,0
GMBOIL_23095 Diguanylate cyclase/phosphodiesterase,Unmatched,0,0,0
GMBOIL_23100 phosphoribulokinase,Unmatched,0,0,0
GMBOIL_23105 Response regulator,Unmatched,0,0,0
GMBOIL_23110 S-methyl-5-thioribose-1-phosphate isomerase,Unmatched,0,0,0
"GMBOIL_23115 CRISPR-associated protein Csa3, CARF domain",Unmatched,0,0,0
GMBOIL_23120 MFS transporter,Unmatched,0,0,0
GMBOIL_23125 glycosyl transferase group 1,Unmatched,0,0,0
GMBOIL_23130 hypothetical protein,Unmatched,0,0,0
GMBOIL_23140 Similarity,Unmatched,0,0,0
GMBOIL_23150 putative permease,Unmatched,0,0,0
GMBOIL_23155 TIGR03943 family protein,Unmatched,0,0,0
GMBOIL_23160 Big-5 domain-containing protein,Unmatched,0,0,0
GMBOIL_23165 hypothetical protein,Unmatched,0,0,0
GMBOIL_23170 hypothetical protein,Unmatched,0,0,0
GMBOIL_23175 IS4 family transposase,Unmatched,0,0,0
GMBOIL_23180 hypothetical protein,Unmatched,0,0,0
GMBOIL_23185 AMP-dependent synthetase,Unmatched,0,0,0
GMBOIL_23190 acyl-CoA desaturase,Unmatched,0,0,0
GMBOIL_23195 phosphopantetheine-binding protein,Unmatched,0,0,0
GMBOIL_23200 hypothetical protein,Unmatched,0,0,0
GMBOIL_23205 Urease accessory protein UreD,Unmatched,0,0,0
GMBOIL_23210 hypothetical protein,Unmatched,0,0,0
GMBOIL_23215 DNA gyrase subunit A,Unmatched,0,0,0
GMBOIL_23220 DNA uptake protein,Unmatched,0,0,0
GMBOIL_23225 TM2 domain-containing protein,Unmatched,0,0,0
GMBOIL_23230 IS200/IS605 family element RNA-guided endonuclease TnpB,Unmatched,0,0,0
GMBOIL_23235 asparagine--tRNA ligase,Unmatched,0,0,0
GMBOIL_23240 Txe/YoeB family addiction module toxin,Unmatched,0,0,0
GMBOIL_23245 prevent-host-death protein,Unmatched,0,0,0
GMBOIL_23250 hypothetical protein,Unmatched,0,0,0
GMBOIL_23255 Ribosomal protein S1,Unmatched,0,0,0
GMBOIL_23260 hypothetical protein,Unmatched,0,0,0
"GMBOIL_23265 putative nucleic acid-binding protein, contains PIN domain",Unmatched,0,0,0
GMBOIL_23270 Uncharacterised protein family (UPF0175),Unmatched,0,0,0
GMBOIL_23275 hypothetical protein,Unmatched,0,0,0
GMBOIL_23280 hypothetical protein,Unmatched,0,0,0
GMBOIL_23285 glycine cleavage system protein GcvH,Unmatched,0,0,0
GMBOIL_23290 molybdopterin-synthase adenylyltransferase MoeB,Unmatched,0,0,0
GMBOIL_23295 hypothetical protein,Unmatched,0,0,0
GMBOIL_23300 Trypco1 domain-containing protein,Unmatched,0,0,0
GMBOIL_23305 Serine/threonine-protein kinase pkn1,Unmatched,0,0,0
GMBOIL_23310 hypothetical protein,Unmatched,0,0,0
GMBOIL_23315 hypothetical protein,Unmatched,0,0,0
GMBOIL_23320 hypothetical protein,Unmatched,0,0,0
GMBOIL_23325 amino acid ABC transporter substrate-binding protein,Unmatched,0,0,0
GMBOIL_23330 TIGR00297 family protein,Unmatched,0,0,0
GMBOIL_23335 cytochrome B,Unmatched,0,0,0
GMBOIL_23340 hypothetical protein,Unmatched,0,0,0
GMBOIL_23345 hypothetical protein,Unmatched,0,0,0
GMBOIL_23350 (2Fe-2S)-binding protein,Unmatched,0,0,0
GMBOIL_23355 cobyric acid synthase CobQ,Unmatched,0,0,0
GMBOIL_23360 hypothetical protein,Unmatched,0,0,0
GMBOIL_23365 hypothetical protein,Unmatched,0,0,0
GMBOIL_23370 ferredoxin,Unmatched,0,0,0
GMBOIL_23375 DNA-binding response regulator,Unmatched,0,0,0
GMBOIL_23380 Discoidin domain-containing protein,Unmatched,0,0,0
GMBOIL_23385 hypothetical protein,Unmatched,0,0,0
GMBOIL_23390 primosomal protein,Unmatched,0,0,0
GMBOIL_23395 Rho termination protein,Unmatched,0,0,0
GMBOIL_23400 acetolactate synthase large subunit,Unmatched,0,0,0
GMBOIL_23405 SRPBCC family protein,Unmatched,0,0,0
GMBOIL_23410 hypothetical protein,Unmatched,0,0,0
GMBOIL_23415 AraC family transcriptional regulator,Unmatched,0,0,0
GMBOIL_23420 Uma2 domain-containing protein,Unmatched,0,0,0
GMBOIL_23425 PIN domain nuclease,Unmatched,0,0,0
GMBOIL_23430 hypothetical protein,Unmatched,0,0,0
GMBOIL_23435 OmpA family,Unmatched,0,0,0
GMBOIL_23440 hypothetical protein,Unmatched,0,0,0
GMBOIL_23445 Putative restriction endonuclease,Unmatched,0,0,0
GMBOIL_23450 hypothetical protein,Unmatched,0,0,0
GMBOIL_23455 hypothetical protein,Unmatched,0,0,0
GMBOIL_23460 CHAT domain-containing protein,Unmatched,0,0,0
GMBOIL_23465 hypothetical protein,Unmatched,0,0,0
GMBOIL_23470 GntR family transcriptional regulator,Unmatched,0,0,0
GMBOIL_23475 1-acyl-sn-glycerol-3-phosphate acyltransferase,Unmatched,0,0,0
GMBOIL_23480 peptide chain release factor 3,Unmatched,0,0,0
GMBOIL_23485 restriction endonuclease,Unmatched,0,0,0
GMBOIL_23490 adenine-specific DNA-methyltransferase,Unmatched,0,0,0
GMBOIL_23495 type II toxin-antitoxin system HicB family antitoxin,Unmatched,0,0,0
GMBOIL_23500 AAA+ family ATPase,Unmatched,0,0,0
GMBOIL_23505 Pyrimidine regulatory protein PyrR,Unmatched,0,0,0
GMBOIL_23510 endonuclease/exonuclease/phosphatase,Unmatched,0,0,0
GMBOIL_23515 hypothetical protein,Unmatched,0,0,0
"GMBOIL_23520 Gamma-glutamyl cyclotransferase, AIG2-like",Unmatched,0,0,0
GMBOIL_23525 hypothetical protein,Unmatched,0,0,0
GMBOIL_23530 hypothetical protein,Unmatched,0,0,0
GMBOIL_23535 nicotinate-nucleotide adenylyltransferase,Unmatched,0,0,0
GMBOIL_23540 NUDIX hydrolase,Unmatched,0,0,0
GMBOIL_23545 NAD+ synthase,Unmatched,0,0,0
GMBOIL_23550 folate-binding protein YgfZ,Unmatched,0,0,0
GMBOIL_23555 hypothetical protein,Unmatched,0,0,0
GMBOIL_23560 hypothetical protein,Unmatched,0,0,0
GMBOIL_23565 hypothetical protein,Unmatched,0,0,0
GMBOIL_23570 hypothetical protein,Unmatched,0,0,0
GMBOIL_23575 SagB/ThcOx family dehydrogenase,Unmatched,0,0,0
GMBOIL_23580 taurine catabolism dioxygenase TauD,Unmatched,0,0,0
GMBOIL_23585 class I SAM-dependent methyltransferase,Unmatched,0,0,0
GMBOIL_23590 cupin domain protein,Unmatched,0,0,0
GMBOIL_23595 DNA sulfur modification protein DndE,Unmatched,0,0,0
GMBOIL_23600 RES domain-containing protein,Unmatched,0,0,0
GMBOIL_23605 hypothetical protein,Unmatched,0,0,0
GMBOIL_23610 hypothetical protein,Unmatched,0,0,0
GMBOIL_23615 hypothetical protein,Unmatched,0,0,0
GMBOIL_23620 hypothetical protein,Unmatched,0,0,0
GMBOIL_23625 LeuA allosteric domain protein,Unmatched,0,0,0
GMBOIL_23630 antitoxin,Unmatched,0,0,0
GMBOIL_23635 Putative restriction endonuclease,Unmatched,0,0,0
GMBOIL_23640 hypothetical protein,Unmatched,0,0,0
GMBOIL_23645 Type III restriction-modification system methylation subunit,Unmatched,0,0,0
GMBOIL_23655 hypothetical protein,Unmatched,0,0,0
GMBOIL_23660 ferredoxin,Unmatched,0,0,0
GMBOIL_23665 inositol monophosphatase,Unmatched,0,0,0
GMBOIL_23670 DnaJ-class molecular chaperone,Unmatched,0,0,0
GMBOIL_23675 hypothetical protein,Unmatched,0,0,0
GMBOIL_23680 hypothetical protein,Unmatched,0,0,0
GMBOIL_23685 hypothetical protein,Unmatched,0,0,0
GMBOIL_23690 CASPASE-P20 domain-containing protein,Unmatched,0,0,0
GMBOIL_23695 hypothetical protein,Unmatched,0,0,0
GMBOIL_23700 transcriptional regulator,Unmatched,0,0,0
GMBOIL_23705 Type II toxin-antitoxin system RelE/ParE family toxin,Unmatched,0,0,0
GMBOIL_23710 hypothetical protein,Unmatched,0,0,0
GMBOIL_23715 hypothetical protein,Unmatched,0,0,0
GMBOIL_23720 hypothetical protein,Unmatched,0,0,0
GMBOIL_23725 Uma2 family endonuclease,Unmatched,0,0,0
GMBOIL_23730 precorrin-3B C(17)-methyltransferase,Unmatched,0,0,0
GMBOIL_23735 chloride channel core,Unmatched,0,0,0
GMBOIL_23740 DUF6516 domain-containing protein,Unmatched,0,0,0
GMBOIL_23745 hypothetical protein,Unmatched,0,0,0
GMBOIL_23750 DUF5615 domain-containing protein,Unmatched,0,0,0
GMBOIL_23755 hypothetical protein,Unmatched,0,0,0
GMBOIL_23760 NACHT domain-containing protein,Unmatched,0,0,0
GMBOIL_23765 DUF29 domain-containing protein,Unmatched,0,0,0
GMBOIL_23770 Mechanosensitive ion channel protein,Unmatched,0,0,0
GMBOIL_23775 hypothetical protein,Unmatched,0,0,0
GMBOIL_23780 Dioxygenase,Unmatched,0,0,0
GMBOIL_23785 hypothetical protein,Unmatched,0,0,0
GMBOIL_23790 hypothetical protein,Unmatched,0,0,0
GMBOIL_23795 hypothetical protein,Unmatched,0,0,0
GMBOIL_23800 hypothetical protein,Unmatched,0,0,0
GMBOIL_23805 alpha-ribazole phosphatase,Unmatched,0,0,0
GMBOIL_23810 hypothetical protein,Unmatched,0,0,0
GMBOIL_23815 PINc domain-containing protein,Unmatched,0,0,0
GMBOIL_23820 hypothetical protein,Unmatched,0,0,0
GMBOIL_23825 DUF2283 domain-containing protein,Unmatched,0,0,0
GMBOIL_23830 hypothetical protein,Unmatched,0,0,0
GMBOIL_23835 hypothetical protein,Unmatched,0,0,0
GMBOIL_23840 hypothetical protein,Unmatched,0,0,0
GMBOIL_23845 restriction endonuclease subunit R,Unmatched,0,0,0
GMBOIL_23850 hypothetical protein,Unmatched,0,0,0
GMBOIL_23855 GUN4 domain-containing protein,Unmatched,0,0,0
GMBOIL_23860 transposase,Unmatched,0,0,0
GMBOIL_23865 hypothetical protein,Unmatched,0,0,0
GMBOIL_23870 EAL domain-containing protein,Unmatched,0,0,0
"GMBOIL_23875 mRNA-degrading endonuclease RelE, toxin component of the RelBE toxin-antitoxin system",Unmatched,0,0,0
GMBOIL_23880 Calcium-binding protein,Unmatched,0,0,0
GMBOIL_23885 Transposase,Unmatched,0,0,0
GMBOIL_23890 HAS-barrel domain-containing protein,Unmatched,0,0,0
GMBOIL_23895 DUF3252 domain-containing protein,Unmatched,0,0,0
"GMBOIL_23900 addiction module toxin, HicA family",Unmatched,0,0,0
GMBOIL_23905 hypothetical protein,Unmatched,0,0,0
GMBOIL_23910 hypothetical protein,Unmatched,0,0,0
GMBOIL_23915 hypothetical protein,Unmatched,0,0,0
GMBOIL_23920 6-phosphofructokinase,Unmatched,0,0,0
"GMBOIL_23925 HicA toxin of bacterial toxin-antitoxin,",Unmatched,0,0,0
GMBOIL_23930 HicB family protein,Unmatched,0,0,0
GMBOIL_23935 hypothetical protein,Unmatched,0,0,0
GMBOIL_23940 hypothetical protein,Unmatched,0,0,0
GMBOIL_23945 hypothetical protein,Unmatched,0,0,0
GMBOIL_23950 50S ribosomal protein L19,Unmatched,0,0,0
GMBOIL_23955 tRNA-Trp(cca),Unmatched,0,0,0
GMBOIL_23960 preprotein translocase subunit SecE,Unmatched,0,0,0
GMBOIL_23965 transcription termination/antitermination protein NusG,Unmatched,0,0,0
GMBOIL_23970 50S ribosomal protein L11,Unmatched,0,0,0
GMBOIL_23985 tRNA-Ser(gct),Unmatched,0,0,0
GMBOIL_23990 ABC transporter,Unmatched,0,0,0
GMBOIL_23995 ABC transporter permease DevC,Unmatched,0,0,0
GMBOIL_24000 HlyD family secretion protein,Unmatched,0,0,0
GMBOIL_24005 TetR family transcriptional regulator,Unmatched,0,0,0
GMBOIL_24015 hypothetical protein,Unmatched,0,0,0
GMBOIL_24020 hypothetical protein,Unmatched,0,0,0
GMBOIL_24025 hypothetical protein,Unmatched,0,0,0
GMBOIL_24030 hypothetical protein,Unmatched,0,0,0
GMBOIL_24040 DNA replication/repair protein RecF,Unmatched,0,0,0
GMBOIL_24045 ribose-5-phosphate isomerase RpiA,Unmatched,0,0,0
GMBOIL_24050 RNA-binding protein,Unmatched,0,0,0
GMBOIL_24055 OrfB-Zn-ribbon domain-containing protein,Unmatched,0,0,0
GMBOIL_24060 Uncharacterized NAD(P)/FAD-binding protein YdhS,Unmatched,0,0,0
GMBOIL_24065 XRE family transcriptional regulator,Unmatched,0,0,0
GMBOIL_24070 Restriction endonuclease,Unmatched,0,0,0
GMBOIL_24075 DNA (cytosine-5-)-methyltransferase,Unmatched,0,0,0
GMBOIL_24080 homoserine O-acetyltransferase,Unmatched,0,0,0
GMBOIL_24085 O-acetylhomoserine aminocarboxypropyltransferase,Unmatched,0,0,0
GMBOIL_24090 PEP-CTERM sorting domain-containing protein,Unmatched,0,0,0
GMBOIL_24095 hypothetical protein,Unmatched,0,0,0
GMBOIL_24100 nucleotide-binding protein,Unmatched,0,0,0
GMBOIL_24105 prevent-host-death protein,Unmatched,0,0,0
GMBOIL_24110 hypothetical protein,Unmatched,0,0,0
GMBOIL_24115 low-complexity protein,Unmatched,0,0,0
GMBOIL_24120 metal-binding protein,Unmatched,0,0,0
GMBOIL_24125 ATP-dependent Clp protease adapter ClpS,Unmatched,0,0,0
GMBOIL_24130 glycosyl transferase,Unmatched,0,0,0
GMBOIL_24135 4-phosphopantetheinyl transferase,Unmatched,0,0,0
GMBOIL_24140 Beta-lactamase2 domain-containing protein,Unmatched,0,0,0
GMBOIL_24145 Glycosyl transferase family 41,Unmatched,0,0,0
GMBOIL_24150 phosphoglycerate dehydrogenase,Unmatched,0,0,0
GMBOIL_24155 50S ribosomal protein L11 methyltransferase,Unmatched,0,0,0
GMBOIL_24160 Conserved protein,Unmatched,0,0,0
GMBOIL_24165 hypothetical protein,Unmatched,0,0,0
GMBOIL_24170 Uma2 domain-containing protein,Unmatched,0,0,0
GMBOIL_24175 tRNA (guanosine(37)-N1)-methyltransferase TrmD,Unmatched,0,0,0
GMBOIL_24180 cyanophycinase,Unmatched,0,0,0
GMBOIL_24185 cyanophycin synthetase,Unmatched,0,0,0
GMBOIL_24190 DUF488 domain-containing protein,Unmatched,0,0,0
GMBOIL_24195 hypothetical protein,Unmatched,0,0,0
GMBOIL_24200 hypothetical protein,Unmatched,0,0,0
GMBOIL_24205 hypothetical protein,Unmatched,0,0,0
GMBOIL_24210 hypothetical protein,Unmatched,0,0,0
GMBOIL_24215 DUF5615 domain-containing protein,Unmatched,0,0,0
GMBOIL_24220 hypothetical protein,Unmatched,0,0,0
GMBOIL_24225 sodium-independent anion transporter,Unmatched,0,0,0
GMBOIL_24230 nitrogenase,Unmatched,0,0,0
GMBOIL_24235 UDP-glucose 6-dehydrogenase,Unmatched,0,0,0
GMBOIL_24240 Iron-sulfur cluster carrier protein,Unmatched,0,0,0
GMBOIL_24245 hypothetical protein,Unmatched,0,0,0
GMBOIL_24250 Reverse transcriptase domain-containing protein,Unmatched,0,0,0
GMBOIL_24255 Nuclease-related domain-containing protein,Unmatched,0,0,0
GMBOIL_24260 hypothetical protein,Unmatched,0,0,0
GMBOIL_24265 photosystem II protein PsbQ,Unmatched,0,0,0
GMBOIL_24270 iron ABC transporter substrate-binding protein,Unmatched,0,0,0
GMBOIL_24275 phosphopantothenoylcysteine decarboxylase,Unmatched,0,0,0
GMBOIL_24280 DUF1517 domain-containing protein,Unmatched,0,0,0
GMBOIL_24285 SpoIIAA-like,Unmatched,0,0,0
GMBOIL_24290 Type-2 restriction enzyme BsoBI,Unmatched,0,0,0
GMBOIL_24295 photosystem II protein Psb27,Unmatched,0,0,0
GMBOIL_24300 endonuclease MutS2,Unmatched,0,0,0
GMBOIL_24305 cation transporter,Unmatched,0,0,0
"GMBOIL_24310 Cell wall-associated hydrolase, NlpC_P60 family",Unmatched,0,0,0
GMBOIL_24315 hypothetical protein,Unmatched,0,0,0
GMBOIL_24320 Single-stranded DNA-binding protein,Unmatched,0,0,0
GMBOIL_24325 hypothetical protein,Unmatched,0,0,0
GMBOIL_24330 hypothetical protein,Unmatched,0,0,0
GMBOIL_24335 transcriptional repressor,Unmatched,0,0,0
GMBOIL_24340 glutathione S-transferase,Unmatched,0,0,0
GMBOIL_24345 glutathione S-transferase,Unmatched,0,0,0
GMBOIL_24350 signal peptidase I,Unmatched,0,0,0
GMBOIL_24355 Tetratricopeptide protein,Unmatched,0,0,0
GMBOIL_24360 hypothetical protein,Unmatched,0,0,0
GMBOIL_24365 molecular chaperone DnaJ,Unmatched,0,0,0
GMBOIL_24370 hypothetical protein,Unmatched,0,0,0
GMBOIL_24375 mechanosensitive ion channel protein,Unmatched,0,0,0
GMBOIL_24380 dienelactone hydrolase,Unmatched,0,0,0
GMBOIL_24385 DUF2854 domain-containing protein,Unmatched,0,0,0
GMBOIL_24390 sulfite exporter TauE/SafE family protein,Unmatched,0,0,0
GMBOIL_24395 class II fructose-bisphosphatase,Unmatched,0,0,0
GMBOIL_24400 hypothetical protein,Unmatched,0,0,0
GMBOIL_24405 4-alpha-glucanotransferase,Unmatched,0,0,0
GMBOIL_24410 hypothetical protein,Unmatched,0,0,0
GMBOIL_24415 ornithine carbamoyltransferase,Unmatched,0,0,0
GMBOIL_24420 glycosyltransferase,Unmatched,0,0,0
GMBOIL_24425 DUF3593 domain-containing protein,Unmatched,0,0,0
GMBOIL_24430 hypothetical protein,Unmatched,0,0,0
GMBOIL_24435 Glutathione synthetase,Unmatched,0,0,0
GMBOIL_24440 DUF2974 domain-containing protein,Unmatched,0,0,0
GMBOIL_24445 hypothetical protein,Unmatched,0,0,0
GMBOIL_24450 precorrin-3B synthase,Unmatched,0,0,0
GMBOIL_24455 precorrin-8X methylmutase,Unmatched,0,0,0
GMBOIL_24460 precorrin-2 C(20)-methyltransferase,Unmatched,0,0,0
GMBOIL_24465 DUF4164 domain-containing protein,Unmatched,0,0,0
GMBOIL_24470 hypothetical protein,Unmatched,0,0,0
GMBOIL_24475 AAA family ATPase,Unmatched,0,0,0
GMBOIL_24480 BolA family transcriptional regulator,Unmatched,0,0,0
GMBOIL_24485 Site-specific DNA-methyltransferase (adenine-specific),Unmatched,0,0,0
GMBOIL_24490 nucleotidyltransferase,Unmatched,0,0,0
GMBOIL_24495 nucleotidyltransferase,Unmatched,0,0,0
GMBOIL_24500 Restriction endonuclease,Unmatched,0,0,0
GMBOIL_24505 Putative restriction endonuclease,Unmatched,0,0,0
GMBOIL_24510 Ni/Fe hydrogenase subunit alpha,Unmatched,0,0,0
GMBOIL_24515 HEAT repeat domain-containing protein,Unmatched,0,0,0
GMBOIL_24520 Glycosyltransferase involved in cell wall bisynthesis,Unmatched,0,0,0
GMBOIL_24525 PAP2 superfamily,Unmatched,0,0,0
GMBOIL_24530 YCII domain-containing protein,Unmatched,0,0,0
GMBOIL_24535 LamG domain-containing protein,Unmatched,0,0,0
GMBOIL_24540 ISAs1 family transposase,Unmatched,0,0,0
GMBOIL_24555 hypothetical protein,Unmatched,0,0,0
GMBOIL_24560 hydroxymethylbilane synthase,Unmatched,0,0,0
GMBOIL_24565 ferredoxin,Unmatched,0,0,0
GMBOIL_24570 hypothetical protein,Unmatched,0,0,0
GMBOIL_24575 ribonuclease HII,Unmatched,0,0,0
GMBOIL_24580 TVP38/TMEM64 family protein,Unmatched,0,0,0
GMBOIL_24585 cytochrome P450,Unmatched,0,0,0
GMBOIL_24590 protein-methionine-sulfoxide reductase catalytic subunit MsrP,Unmatched,0,0,0
GMBOIL_24595 DUF29 domain-containing protein,Unmatched,0,0,0
GMBOIL_24600 DUF29 domain-containing protein,Unmatched,0,0,0
GMBOIL_24605 hypothetical protein,Unmatched,0,0,0
GMBOIL_24610 DUF433 domain-containing protein,Unmatched,0,0,0
GMBOIL_24615 ACP S-malonyltransferase,Unmatched,0,0,0
GMBOIL_24620 DUF1294 domain-containing protein,Unmatched,0,0,0
GMBOIL_24625 hypothetical protein,Unmatched,0,0,0
GMBOIL_24630 DUF5615 domain-containing protein,Unmatched,0,0,0