Query_Name,Reference_Name,Identity_Score,Query_Coverage,Query_Length
BHKFFO_00230 hypothetical protein,ctg30_10_Novel-T3PKS_28_0,96.94,100,294
BHKFFO_00235 WD40 repeat domain-containing protein,ctg30_11_Novel-T3PKS_28_0,95.89,100,1071
BHKFFO_00240 ribonuclease III,ctg30_12_Novel-T3PKS_28_0,95.89,100,705
BHKFFO_00265 alpha/beta hydrolase,ctg30_13_Novel-T3PKS_28_0,94.57,100,828
BHKFFO_00270 histidine kinase,ctg30_14_Novel-T3PKS_28_0,96.36,100,1155
BHKFFO_00275 DUF1957 domain-containing protein,ctg30_15_Novel-T3PKS_28_0,96.86,100,1590
BHKFFO_00335 2TM domain-containing protein,ctg71_11_T1PKS_51_0,98.82,100,255
BHKFFO_00340 thylakoid-associated protein,ctg71_10_T1PKS_51_0,96.37,100,303
BHKFFO_00345 alanine dehydrogenase,ctg71_9_T1PKS_51_0,97.33,100,1086
BHKFFO_01010 5S ribosomal RNA,ctg44_1_1-heptadecene_20_0,100,88.98,118
BHKFFO_01020 hypothetical protein,ctg34_2_Bartoloside-T1PKS_18_0,96.25,100,240
BHKFFO_01580 oxidoreductase,ctg20_13_NRPS-T1PKS_26_0,96.16,100,2238
BHKFFO_01585 LprI domain-containing protein,ctg20_14_NRPS-T1PKS_26_0,93.88,76.76,426
BHKFFO_01595 HAD family phosphatase,ctg20_15_NRPS-T1PKS_26_0,97.7,100,738
BHKFFO_01810 peptidase S8,"AFK79998.1_pirG_MicrocystisaeruginosaPCC7005_piricyclamide7005E1,piricyclamide7005E2,piricyclamide7005E3,piricyclamide7005E4",92.67,98.24,2097
BHKFFO_01815 Putative restriction endonuclease,"AFK79997.1_AFK79997.1_MicrocystisaeruginosaPCC7005_piricyclamide7005E1,piricyclamide7005E2,piricyclamide7005E3,piricyclamide7005E4",93.68,99.87,792
BHKFFO_01820 hypothetical protein,ctg39_3_Cyanobactin_50_0,92.51,99.56,228
BHKFFO_01825 cyanobactin biosynthesis system PatB/AcyB/McaB family protein,"AFK79994.1_pirB_MicrocystisaeruginosaPCC7005_piricyclamide7005E1,piricyclamide7005E2,piricyclamide7005E3,piricyclamide7005E4",97.14,81.4,258
BHKFFO_01885 IS200/IS605 family transposase,ctg27_29_T1PKS-Terpene_11_0,93.08,84.97,306
BHKFFO_02195 Glycogen debranching protein,ctg28_3_RiPP-like_84_0,97.62,100,210
BHKFFO_02200 Dolichyl-phosphate-mannose-protein mannosyltransferase,ctg28_2_RiPP-like_84_0,96.67,100,1680
BHKFFO_02475 glutamate--cysteine ligase,ctg30_9_Novel-T3PKS_28_0,96.97,100,1155
BHKFFO_02480 resolvase,ctg30_8_Novel-T3PKS_28_0,96.18,100,393
BHKFFO_02525 carotenoid biosynthesis protein,ctg30_17_Novel-T3PKS_28_0,97.81,100,915
BHKFFO_03200 IS200/IS605 family transposase,ctg27_29_T1PKS-Terpene_11_0,94.62,84.97,306
BHKFFO_03205 undecaprenyl-diphosphate phosphatase,ctg83_4_lanthipeptide_21_0,98.31,100,948
BHKFFO_03210 alpha/beta hydrolase,ctg83_18_lanthipeptide_21_0,97.1,88.46,858
BHKFFO_03220 ATP-dependent protease ATP-binding subunit ClpX,ctg83_19_lanthipeptide_21_0,98.5,100,1335
BHKFFO_03225 ATP-dependent Clp endopeptidase proteolytic subunit ClpP,ctg83_20_lanthipeptide_21_0,98.84,85.9,702
BHKFFO_03230 trigger factor,ctg83_21_lanthipeptide_21_0,96.13,100,1395
BHKFFO_03235 aspartate-semialdehyde dehydrogenase,ctg83_22_lanthipeptide_21_0,98.55,100,1038
BHKFFO_03240 4-hydroxy-tetrahydrodipicolinate synthase,ctg83_23_lanthipeptide_21_0,96.98,100.11,894
BHKFFO_03245 ribonuclease J,ctg83_24_lanthipeptide_21_0,97.54,100,1749
BHKFFO_03250 nickel pincer cofactor biosynthesis protein LarB,ctg83_25_lanthipeptide_21_0,97.8,100,771
BHKFFO_03255 1-deoxy-D-xylulose-5-phosphate synthase,ctg83_26_lanthipeptide_21_0,98.02,76.77,1911
BHKFFO_03475 hypothetical protein,ctg3_7_lanthipeptide_54_0,96.01,100,276
BHKFFO_03480 clan AA aspartic protease,ctg3_6_lanthipeptide_54_0,98.36,98.38,309
BHKFFO_03545 transglutaminase,ctg82_2_T3PKS-Merocyclophane_5_0,100,100,2313
BHKFFO_03550 cysteine--tRNA ligase,ctg82_3_T3PKS-Merocyclophane_5_0,100,100,1443
BHKFFO_03555 glycine/betaine ABC transporter substrate-binding protein,ctg82_4_T3PKS-Merocyclophane_5_0,100,100,1530
BHKFFO_03560 metal-binding protein,ctg82_5_T3PKS-Merocyclophane_5_0,100,100,1005
BHKFFO_03565 bifunctional orotidine-5'-phosphate decarboxylase/orotate phosphoribosyltransferase,ctg82_6_T3PKS-Merocyclophane_5_0,100,100,1434
BHKFFO_03570 hypothetical protein,ctg82_7_T3PKS-Merocyclophane_5_0,100,100,297
BHKFFO_03575 23S rRNA (guanosine(2251)-2'-O)-methyltransferase RlmB,ctg82_8_T3PKS-Merocyclophane_5_0,100,100,867
BHKFFO_03580 Mini-ribonuclease 3,ctg82_9_T3PKS-Merocyclophane_5_0,100,100,417
BHKFFO_03585 anti-sigma F factor antagonist,ctg82_10_T3PKS-Merocyclophane_5_0,100,100,351
BHKFFO_03590 carbamoyl phosphate synthase small subunit,ctg82_11_T3PKS-Merocyclophane_5_0,100,100,1149
BHKFFO_03595 transposase,ctg82_12_T3PKS-Merocyclophane_5_0,100,100,888
BHKFFO_03600 receptor ligand binding region family protein,ctg82_13_T3PKS-Merocyclophane_5_0,100,100,2718
BHKFFO_03605 AAA-like domain-containing protein,ctg82_14_T3PKS-Merocyclophane_5_0,100,100,1443
BHKFFO_03610 bleomycin resistance protein,ctg82_15_T3PKS-Merocyclophane_5_0,100,100,930
BHKFFO_03615 nitroreductase family protein,ctg82_16_T3PKS-Merocyclophane_5_0,100,100,663
BHKFFO_03620 AMP-binding enzyme family protein,ctg82_17_T3PKS-Merocyclophane_5_0,100,100,3795
BHKFFO_03625 short chain dehydrogenase,ctg82_18_T3PKS-Merocyclophane_5_0,100,100,5442
BHKFFO_03630 type I polyketide synthase,ctg82_19_T3PKS-Merocyclophane_5_0,100,100,3963
BHKFFO_03635 flavin-binding monooxygenase-like family protein,ctg82_20_T3PKS-Merocyclophane_5_0,100,100,1320
BHKFFO_03640 3-oxoacyl-ACP synthase,ctg82_21_T3PKS-Merocyclophane_5_0,100,100,1176
BHKFFO_03645 isoprenylcysteine carboxyl methyltransferase,ctg82_22_T3PKS-Merocyclophane_5_0,100,100,606
BHKFFO_03650 FAD-linked oxidase,ctg82_23_T3PKS-Merocyclophane_5_0,100,100,1632
BHKFFO_03655 MFS transporter,ctg82_24_T3PKS-Merocyclophane_5_0,100,100,1302
BHKFFO_03660 efflux RND transporter periplasmic adaptor subunit,ctg82_25_T3PKS-Merocyclophane_5_0,100,100,1356
BHKFFO_03665 acriflavine resistance protein B,ctg82_26_T3PKS-Merocyclophane_5_0,100,100,3099
BHKFFO_03670 hypothetical protein,ctg82_27_T3PKS-Merocyclophane_5_0,100,100,765
BHKFFO_03675 hypothetical protein,ctg82_28_T3PKS-Merocyclophane_5_0,100,100,528
BHKFFO_03680 Phosphomannomutase,ctg82_29_T3PKS-Merocyclophane_5_0,100,100,423
BHKFFO_03685 serine/threonine protein kinase,ctg82_30_T3PKS-Merocyclophane_5_0,100,100,1566
BHKFFO_03690 rhodanese-related sulfurtransferase,ctg82_31_T3PKS-Merocyclophane_5_0,100,100,813
BHKFFO_03700 DNA repair protein RecO,ctg82_32_T3PKS-Merocyclophane_5_0,100,100,783
BHKFFO_03705 arabinose efflux permease,ctg82_33_T3PKS-Merocyclophane_5_0,100,100,1491
BHKFFO_03710 DUF4351 domain-containing protein,ctg82_34_T3PKS-Merocyclophane_5_0,100,100,933
BHKFFO_03715 Uncharacterised protein family (UPF0175),ctg82_35_T3PKS-Merocyclophane_5_0,100,100,246
BHKFFO_03720 DUF3368 domain-containing protein,ctg82_36_T3PKS-Merocyclophane_5_0,100,100,498
BHKFFO_03725 Alkaline phosphatase,ctg82_37_T3PKS-Merocyclophane_5_0,100,100,288
BHKFFO_04220 pyruvate dehydrogenase (acetyl-transferring) E1 component subunit alpha,ctg2_26_samp_4305_693378_NRPS,74.72,95.94,1035
BHKFFO_04750 DUF2281 domain-containing protein,ctg3_1_lanthipeptide_54_0,100,99.58,240
BHKFFO_04845 glutathione peroxidase,ctg83_3_lanthipeptide_21_0,97.27,100,732
BHKFFO_04850 putative transposase,ctg27_30_T1PKS-Terpene_11_0,91.71,100,531
BHKFFO_05060 aluminum resistance family protein,ctg30_5_Novel-T3PKS_28_0,97.12,99.43,1224
BHKFFO_05070 Uncharacterized protein sll0103,ctg30_6_Novel-T3PKS_28_0,95.92,100,1251
"BHKFFO_05255 Putative transposase, YhgA",ctg82_34_T3PKS-Merocyclophane_5_0,95.93,100,369
BHKFFO_05325 peptidase S8,ctg13_1_Cyanobactin_64_0,100,100,1845
BHKFFO_05330 Putative restriction endonuclease,ctg13_2_Cyanobactin_64_0,100,100,570
BHKFFO_05335 DUF29 domain-containing protein,ctg13_3_Cyanobactin_64_0,100,100,447
BHKFFO_05340 Uma2 family endonuclease,ctg13_4_Cyanobactin_64_0,100,100,669
BHKFFO_05345 anacyclamide synthesis protein AcyF,ctg13_5_Cyanobactin_64_0,100,100,897
BHKFFO_05350 transposase,ctg13_6_Cyanobactin_64_0,100,100,261
BHKFFO_05355 imidazole glycerol phosphate synthase subunit HisH,ctg13_7_Cyanobactin_64_0,100,100,639
BHKFFO_05360 ABC transporter ATP-binding protein,ctg13_8_Cyanobactin_64_0,100,100,753
BHKFFO_05365 branched-chain amino acid ABC transporter permease,ctg13_9_Cyanobactin_64_0,100,100,1116
BHKFFO_05370 DNA-binding response regulator,ctg13_10_Cyanobactin_64_0,100,100,657
BHKFFO_05375 protein tyrosine phosphatase,ctg13_11_Cyanobactin_64_0,100,100,519
BHKFFO_05380 hypothetical protein,ctg13_12_Cyanobactin_64_0,100,100,294
BHKFFO_05385 DUF2834 domain-containing protein,ctg13_13_Cyanobactin_64_0,100,100,639
BHKFFO_05585 Phosphate-starvation-inducible E family,ctg105_2_Anabaenopeptin_16_0,98.2,99.8,501
BHKFFO_05590 flavin oxidoreductase,ctg105_3_Anabaenopeptin_16_0,96.16,100,1746
BHKFFO_05600 hypothetical protein,ctg105_5_Anabaenopeptin_16_0,96.7,100,273
BHKFFO_05605 tRNA uridine-5-carboxymethylaminomethyl(34) synthesis enzyme MnmG,ctg1_9_samp_4305_554341_lanthipeptide-class-v,73.31,89.15,1908
BHKFFO_05700 CTP synthase,ctg5_27_RRE-containing_23_0,97.87,100,1641
BHKFFO_05705 ferredoxin,ctg5_26_RRE-containing_23_0,99.06,100,318
BHKFFO_05770 Mobile element protein,BAW32336.1_ORFM2_MicrocystisaeruginosaNIES-87_kasumigamide,95.15,100,330
BHKFFO_06570 hypothetical protein,ctg5_28_RRE-containing_23_0,97.18,100,354
BHKFFO_06575 ABC transporter permease,ctg5_29_RRE-containing_23_0,97.8,100,771
BHKFFO_06580 ABC transporter substrate-binding protein,ctg5_30_RRE-containing_23_0,97.27,100,1209
BHKFFO_06585 ABC transporter ATP-binding protein,ctg5_31_RRE-containing_23_0,97.83,100,783
BHKFFO_06590 acyl-CoA dehydrogenase,ctg5_32_RRE-containing_23_0,97.67,99.73,1119
BHKFFO_06595 hypothetical protein,ctg5_33_RRE-containing_23_0,99.12,95,240
BHKFFO_06835 Transposase,ctg115_1_Cyanobactin_90_0,95.58,94.17,120
BHKFFO_07225 hypothetical protein,ctg34_24_Bartoloside-T1PKS_18_0,98.19,100,387
BHKFFO_07230 PEP-CTERM domain-containing protein,ctg34_23_Bartoloside-T1PKS_18_0,86.67,101.29,696
BHKFFO_07255 ATP-dependent sacrificial sulfur transferase LarE,ctg34_20_Bartoloside-T1PKS_18_0,97.16,100,810
BHKFFO_08140 ABC transporter,CAQ16120.1_mdnE_MicrocystisaeruginosaNIES-298_microviridinB,97.82,100,2064
BHKFFO_08145 N-acetyltransferase,CAQ16119.1_mdnD_MicrocystisaeruginosaNIES-298_microviridinB,99.06,100,534
BHKFFO_08150 MvdD family ATP-grasp ribosomal peptide maturase,CAQ16118.1_mdnC_MicrocystisaeruginosaNIES-298_microviridinB,97.44,100,975
BHKFFO_08155 MvdC family ATP-grasp ribosomal peptide maturase,CAQ16117.1_mdnB_MicrocystisaeruginosaNIES-298_microviridinB,97.63,98.98,981
BHKFFO_08160 serine endopeptidase inhibitor,CAQ16116.1_mdnA_MicrocystisaeruginosaNIES-298_microviridinB,98.69,100,153
BHKFFO_08585 SAM-dependent methyltransferase,ctg71_6_T1PKS_51_0,97.87,99.85,657
BHKFFO_08590 lysine--tRNA ligase,ctg71_7_T1PKS_51_0,98.64,96.27,1608
BHKFFO_08595 DUF1257 domain-containing protein,ctg71_5_T1PKS_51_0,99.72,81.38,435
BHKFFO_08600 AAA family ATPase,ctg71_4_T1PKS_51_0,97.55,100,1512
BHKFFO_08605 hypothetical protein,ctg71_3_T1PKS_51_0,95.96,100,396
BHKFFO_08650 IS4 family transposase,ctg115_1_Cyanobactin_90_0,96.6,100,1293
BHKFFO_08655 pirin family protein,ctg27_13_T1PKS-Terpene_11_0,94.81,100,693
BHKFFO_08660 hypothetical protein,ctg27_12_T1PKS-Terpene_11_0,95.47,100,243
BHKFFO_08665 Similarity,ctg27_11_T1PKS-Terpene_11_0,93.81,100,339
BHKFFO_08670 phytoene synthase,ctg27_10_T1PKS-Terpene_11_0,97.96,100,933
BHKFFO_08675 15-cis-phytoene desaturase,ctg27_9_T1PKS-Terpene_11_0,99.09,100,1431
BHKFFO_08680 magnesium-transporting ATPase,ctg27_8_T1PKS-Terpene_11_0,97.73,100,2781
BHKFFO_08685 SLC13 family permease,ctg27_7_T1PKS-Terpene_11_0,95.94,100,1800
BHKFFO_08690 Tetratricopeptide TPR_1 repeat-containing protein,ctg27_6_T1PKS-Terpene_11_0,96.65,100,537
BHKFFO_08700 ABC transporter substrate-binding protein,ctg27_5_T1PKS-Terpene_11_0,96.93,100,783
BHKFFO_08705 diguanylate cyclase response regulator,ctg27_4_T1PKS-Terpene_11_0,93.03,99.68,936
BHKFFO_08710 DEAD/DEAH box helicase,ctg27_3_T1PKS-Terpene_11_0,97.54,100,2928
BHKFFO_08715 lipoprotein NlpI,ctg27_2_T1PKS-Terpene_11_0,96.12,99.9,954
BHKFFO_08935 DUF3285 domain-containing protein,ctg3_14_lanthipeptide_54_0,97.31,100,186
BHKFFO_08940 rRNA maturation RNase YbeY,ctg3_15_lanthipeptide_54_0,98.25,100,513
BHKFFO_08945 diacylglycerol kinase,ctg3_16_lanthipeptide_54_0,97.14,100,489
BHKFFO_09110 cysteine lyase,ctg36_7_NRPS-like_34_0,95.97,100,1215
BHKFFO_09115 recombinase B,ctg36_6_NRPS-like_34_0,97,100,1434
BHKFFO_09125 hypothetical protein,ctg36_5_NRPS-like_34_0,97.11,100,381
BHKFFO_09130 methylthioribulose 1-phosphate dehydratase,ctg36_4_NRPS-like_34_0,96.93,100,618
BHKFFO_09140 hypothetical protein,ctg36_3_NRPS-like_34_0,95.61,100,387
BHKFFO_09175 DUF4351 domain-containing protein,ctg34_26_Bartoloside-T1PKS_18_0,91.72,101.96,663
BHKFFO_09540 ISL3 family transposase,AAF00967.1_uma4_MicrocystisaeruginosaPCC7806_microcystinLR,96.94,100,621
BHKFFO_10985 putative transposase,ctg27_30_T1PKS-Terpene_11_0,90.37,98.94,567
BHKFFO_11645 putative transposase,ctg27_30_T1PKS-Terpene_11_0,92.54,100,603
BHKFFO_11850 CHAT domain-containing protein,ctg44_18_1-heptadecene_20_0,94.85,100.05,3687
BHKFFO_11855 S-(hydroxymethyl)glutathione dehydrogenase/class III alcohol dehydrogenase,ctg44_17_1-heptadecene_20_0,98.38,100,1110
BHKFFO_11860 penicillin-binding protein 2,ctg44_9_1-heptadecene_20_0,97.33,100,1875
BHKFFO_11865 radical SAM protein,ctg44_8_1-heptadecene_20_0,96.78,100,807
BHKFFO_11895 DUF2288 domain-containing protein,ctg44_2_1-heptadecene_20_0,97.94,100,291
BHKFFO_11935 NFACT N-terminal and middle domains,ctg34_5_Bartoloside-T1PKS_18_0,95.49,100,1731
BHKFFO_11940 glycine cleavage system aminomethyltransferase GcvT,ctg34_19_Bartoloside-T1PKS_18_0,96.84,99.91,1107
BHKFFO_12070 rhodanese-related sulfurtransferase,ctg20_3_samp_2073_1151163_NRPS,97.94,100,339
"BHKFFO_13445 3'(2'),5'-bisphosphate nucleotidase CysQ",ctg27_41_T1PKS-Terpene_11_0,96.69,100,876
BHKFFO_13450 GTPase,ctg27_40_T1PKS-Terpene_11_0,97.41,98.88,1872
BHKFFO_13590 recombinase RecQ,ctg3_13_lanthipeptide_54_0,97.31,100,1452
BHKFFO_14165 DUF29 domain-containing protein,ctg36_9_NRPS-like_34_0,79.47,93.79,483
BHKFFO_14340 ATP-dependent Clp endopeptidase proteolytic subunit ClpP,ctg83_20_lanthipeptide_21_0,77.75,73.8,603
BHKFFO_15575 aspartate--tRNA ligase,ctg1_18_samp_4305_554341_lanthipeptide-class-v,71.31,96.7,1788
BHKFFO_15795 SPFH domain / Band 7 family,ctg20_24_samp_2073_1151163_NRPS,71.8,79.96,2550
BHKFFO_16270 putative transposase,ctg27_30_T1PKS-Terpene_11_0,92.29,100,558
BHKFFO_16570 DUF29 domain-containing protein,ctg39_10_Cyanobactin_50_0,94.26,100,453
BHKFFO_16575 nickel pincer cofactor biosynthesis protein LarC,ctg39_9_Cyanobactin_50_0,96.19,100,1182
BHKFFO_16580 L-threonylcarbamoyladenylate synthase,ctg39_8_Cyanobactin_50_0,97.51,100,642
BHKFFO_16585 heat-shock protein,ctg39_7_Cyanobactin_50_0,97.57,100,411
BHKFFO_16590 Light-repressed protein A,ctg39_6_Cyanobactin_50_0,97.5,100,600
BHKFFO_17075 hypothetical protein,ctg36_2_NRPS-like_34_0,83.6,95.89,852
BHKFFO_17605 DNA-directed RNA polymerase subunit gamma,ctg39_14_Cyanobactin_50_0,98.46,100,1881
BHKFFO_17610 reactive intermediate/imine deaminase,ctg39_13_Cyanobactin_50_0,99.23,100,390
BHKFFO_17645 Transposase,ctg34_4_Bartoloside-T1PKS_18_0,95.58,72.37,438
BHKFFO_00005 sulfurtransferase,Unmatched,0,0,0
BHKFFO_00010 PA-phosphatase,Unmatched,0,0,0
BHKFFO_00015 hypothetical protein,Unmatched,0,0,0
BHKFFO_00020 sulfate ABC transporter substrate-binding protein,Unmatched,0,0,0
BHKFFO_00025 hypothetical protein,Unmatched,0,0,0
BHKFFO_00030 hypothetical protein,Unmatched,0,0,0
BHKFFO_00035 type II toxin-antitoxin system RelE/ParE family toxin,Unmatched,0,0,0
BHKFFO_00040 clan AA aspartic protease,Unmatched,0,0,0
BHKFFO_00045 hypothetical protein,Unmatched,0,0,0
BHKFFO_00050 hypothetical protein,Unmatched,0,0,0
BHKFFO_00055 DNA-binding protein,Unmatched,0,0,0
BHKFFO_00060 hypothetical protein,Unmatched,0,0,0
BHKFFO_00065 hypothetical protein,Unmatched,0,0,0
BHKFFO_00070 hypothetical protein,Unmatched,0,0,0
BHKFFO_00075 cadmium-translocating P-type ATPase,Unmatched,0,0,0
BHKFFO_00080 hypothetical protein,Unmatched,0,0,0
BHKFFO_00085 DNA polymerase III subunit delta',Unmatched,0,0,0
BHKFFO_00090 hypothetical protein,Unmatched,0,0,0
BHKFFO_00095 ATP-dependent zinc metalloprotease FtsH2,Unmatched,0,0,0
BHKFFO_00100 DNA adenine methylase,Unmatched,0,0,0
BHKFFO_00105 hypothetical protein,Unmatched,0,0,0
BHKFFO_00110 dihydroflavonol 4-reductase,Unmatched,0,0,0
BHKFFO_00115 glycogen phosphorylase,Unmatched,0,0,0
BHKFFO_00120 tRNA-Asp(gtc),Unmatched,0,0,0
BHKFFO_00125 hypothetical protein,Unmatched,0,0,0
BHKFFO_00130 biopolymer transporter,Unmatched,0,0,0
BHKFFO_00135 DUF3370 domain-containing protein,Unmatched,0,0,0
BHKFFO_00140 hypothetical protein,Unmatched,0,0,0
BHKFFO_00145 magnesium/cobalt transporter CorA,Unmatched,0,0,0
BHKFFO_00150 recombinase family protein,Unmatched,0,0,0
BHKFFO_00155 hypothetical protein,Unmatched,0,0,0
BHKFFO_00160 hypothetical protein,Unmatched,0,0,0
BHKFFO_00165 HicB family protein,Unmatched,0,0,0
"BHKFFO_00170 HicA toxin of bacterial toxin-antitoxin,",Unmatched,0,0,0
BHKFFO_00175 Shikimate dehydrogenase,Unmatched,0,0,0
BHKFFO_00180 PEP-CTERM domain-containing protein,Unmatched,0,0,0
BHKFFO_00185 adenosine kinase,Unmatched,0,0,0
BHKFFO_00190 DUF2555 domain-containing protein,Unmatched,0,0,0
BHKFFO_00195 oxidoreductase,Unmatched,0,0,0
BHKFFO_00200 comEA protein,Unmatched,0,0,0
BHKFFO_00205 hypothetical protein,Unmatched,0,0,0
BHKFFO_00210 hypothetical protein,Unmatched,0,0,0
BHKFFO_00215 heme iron utilization protein,Unmatched,0,0,0
BHKFFO_00220 PBS lyase,Unmatched,0,0,0
BHKFFO_00225 glycoside hydrolase,Unmatched,0,0,0
BHKFFO_00245 PIN domain nuclease,Unmatched,0,0,0
BHKFFO_00250 hypothetical protein,Unmatched,0,0,0
BHKFFO_00255 Non-specific serine/threonine protein kinase,Unmatched,0,0,0
BHKFFO_00260 Bacterial RNase P class A,Unmatched,0,0,0
BHKFFO_00280 IS200/IS605 family transposase,Unmatched,0,0,0
BHKFFO_00285 SPFH domain / Band 7 family,Unmatched,0,0,0
BHKFFO_00290 allophycocyanin,Unmatched,0,0,0
BHKFFO_00295 hypothetical protein,Unmatched,0,0,0
BHKFFO_00300 Beta-barrel assembly-enhancing protease,Unmatched,0,0,0
BHKFFO_00305 hypothetical protein,Unmatched,0,0,0
BHKFFO_00310 Txe/YoeB family addiction module toxin,Unmatched,0,0,0
BHKFFO_00315 prevent-host-death family protein,Unmatched,0,0,0
BHKFFO_00320 PEP-CTERM domain-containing protein,Unmatched,0,0,0
BHKFFO_00325 PEP-CTERM domain-containing protein,Unmatched,0,0,0
BHKFFO_00330 sodium:proton antiporter,Unmatched,0,0,0
BHKFFO_00350 DNA (cytosine-5-)-methyltransferase,Unmatched,0,0,0
BHKFFO_00355 RE-BsaWI domain-containing protein,Unmatched,0,0,0
BHKFFO_00360 XisI protein,Unmatched,0,0,0
BHKFFO_00365 Alkaline phosphatase,Unmatched,0,0,0
BHKFFO_00370 glucokinase,Unmatched,0,0,0
BHKFFO_00375 Carboxysome shell protein CcmP,Unmatched,0,0,0
BHKFFO_00380 hypothetical protein,Unmatched,0,0,0
BHKFFO_00385 FAD-dependent oxidoreductase,Unmatched,0,0,0
BHKFFO_00390 6S / SsrS RNA,Unmatched,0,0,0
BHKFFO_00395 hypothetical protein,Unmatched,0,0,0
BHKFFO_00400 anthranilate synthase component I,Unmatched,0,0,0
BHKFFO_00405 Photosystem I reaction center subunit II,Unmatched,0,0,0
BHKFFO_00410 iron ABC transporter permease,Unmatched,0,0,0
BHKFFO_00415 hypothetical protein,Unmatched,0,0,0
BHKFFO_00420 hypothetical protein,Unmatched,0,0,0
BHKFFO_00425 Zn-dependent hydrolase,Unmatched,0,0,0
BHKFFO_00430 aminodeoxychorismate/anthranilate synthase component II,Unmatched,0,0,0
BHKFFO_00435 Sll0301 protein,Unmatched,0,0,0
BHKFFO_00440 LytR family transcriptional regulator,Unmatched,0,0,0
"BHKFFO_00445 Cell wall-associated hydrolase, NlpC_P60 family",Unmatched,0,0,0
BHKFFO_00450 cation transporter,Unmatched,0,0,0
BHKFFO_00455 endonuclease MutS2,Unmatched,0,0,0
BHKFFO_00460 photosystem II protein Psb27,Unmatched,0,0,0
BHKFFO_00465 histidine kinase,Unmatched,0,0,0
BHKFFO_00470 transposase,Unmatched,0,0,0
BHKFFO_00475 DNA-binding response regulator,Unmatched,0,0,0
BHKFFO_00480 hypothetical protein,Unmatched,0,0,0
BHKFFO_00485 Helix-turn-helix domain-containing protein,Unmatched,0,0,0
BHKFFO_00490 thiamine biosynthesis protein ThiF,Unmatched,0,0,0
BHKFFO_00495 Ubiquitin-like domain-containing protein,Unmatched,0,0,0
BHKFFO_00500 UBC core domain-containing protein,Unmatched,0,0,0
BHKFFO_00505 MPN domain-containing protein,Unmatched,0,0,0
BHKFFO_00510 hypothetical protein,Unmatched,0,0,0
BHKFFO_00515 hypothetical protein,Unmatched,0,0,0
BHKFFO_00520 hypothetical protein,Unmatched,0,0,0
BHKFFO_00525 Putative restriction endonuclease,Unmatched,0,0,0
BHKFFO_00530 epimerase,Unmatched,0,0,0
BHKFFO_00535 transposase,Unmatched,0,0,0
BHKFFO_00540 translational GTPase TypA,Unmatched,0,0,0
BHKFFO_00545 ribose-phosphate pyrophosphokinase,Unmatched,0,0,0
BHKFFO_00550 signal peptidase I,Unmatched,0,0,0
BHKFFO_00555 calcium-binding protein,Unmatched,0,0,0
BHKFFO_00560 DUF2290 domain-containing protein,Unmatched,0,0,0
BHKFFO_00565 helicase,Unmatched,0,0,0
BHKFFO_00570 cation:proton antiporter,Unmatched,0,0,0
BHKFFO_00575 DUF4040 domain-containing protein,Unmatched,0,0,0
BHKFFO_00580 sodium:proton antiporter,Unmatched,0,0,0
BHKFFO_00585 Na+/H+ antiporter complex subunit F MrpF,Unmatched,0,0,0
BHKFFO_00590 cation:proton antiporter,Unmatched,0,0,0
BHKFFO_00595 cation:proton antiporter,Unmatched,0,0,0
BHKFFO_00600 cation:proton antiporter,Unmatched,0,0,0
BHKFFO_00605 TIGR02646 family protein,Unmatched,0,0,0
BHKFFO_00610 ATP-binding protein,Unmatched,0,0,0
BHKFFO_00615 class 1 fructose-bisphosphatase,Unmatched,0,0,0
BHKFFO_00620 DUF3153 domain-containing protein,Unmatched,0,0,0
BHKFFO_00625 iron ABC transporter substrate-binding protein,Unmatched,0,0,0
BHKFFO_00630 Beta-hexosaminidase,Unmatched,0,0,0
BHKFFO_00635 meta domain protein,Unmatched,0,0,0
BHKFFO_00640 YbaB/EbfC family nucleoid-associated protein,Unmatched,0,0,0
BHKFFO_00645 pyridoxine 5'-phosphate synthase,Unmatched,0,0,0
BHKFFO_00650 DUF2488 domain-containing protein,Unmatched,0,0,0
BHKFFO_00655 competence protein ComE,Unmatched,0,0,0
BHKFFO_00660 dynamin family protein,Unmatched,0,0,0
BHKFFO_00665 formylglycine-generating enzyme family protein,Unmatched,0,0,0
BHKFFO_00670 NTP-transf-2 domain-containing protein,Unmatched,0,0,0
"BHKFFO_00675 Endonuclease, Uma2 family (restriction endonuclease fold)",Unmatched,0,0,0
BHKFFO_00680 transporter,Unmatched,0,0,0
BHKFFO_00685 hypothetical protein,Unmatched,0,0,0
BHKFFO_00690 hypothetical protein,Unmatched,0,0,0
BHKFFO_00695 hypothetical protein,Unmatched,0,0,0
BHKFFO_00700 hypothetical protein,Unmatched,0,0,0
BHKFFO_00705 hypothetical protein,Unmatched,0,0,0
BHKFFO_00710 D-Ala-D-Ala carboxypeptidase family metallohydrolase,Unmatched,0,0,0
BHKFFO_00715 RNA methyltransferase,Unmatched,0,0,0
BHKFFO_00720 serine hydrolase,Unmatched,0,0,0
BHKFFO_00725 glutaredoxin family protein,Unmatched,0,0,0
BHKFFO_00730 hypothetical protein,Unmatched,0,0,0
BHKFFO_00735 Putative restriction endonuclease,Unmatched,0,0,0
BHKFFO_00740 AAA-31 domain-containing protein,Unmatched,0,0,0
BHKFFO_00745 HEPN-RiboL-PSP domain-containing protein,Unmatched,0,0,0
BHKFFO_00750 Uncharacterized protein slr1919,Unmatched,0,0,0
BHKFFO_00755 hypothetical protein,Unmatched,0,0,0
BHKFFO_00760 anthranilate synthase component I,Unmatched,0,0,0
BHKFFO_00765 permease,Unmatched,0,0,0
BHKFFO_00770 hypothetical protein,Unmatched,0,0,0
BHKFFO_00775 DUF2281 domain-containing protein,Unmatched,0,0,0
BHKFFO_00780 PEP-CTERM domain-containing protein,Unmatched,0,0,0
BHKFFO_00785 agmatinase,Unmatched,0,0,0
BHKFFO_00790 hypothetical protein,Unmatched,0,0,0
BHKFFO_00795 hydrogenase maturation nickel metallochaperone HypA,Unmatched,0,0,0
BHKFFO_00800 hydrogenase nickel incorporation protein HypB,Unmatched,0,0,0
BHKFFO_00805 aliphatic sulfonates ABC transporter substrate-binding protein,Unmatched,0,0,0
BHKFFO_00810 ABC transporter permease,Unmatched,0,0,0
BHKFFO_00815 nitrate ABC transporter ATP-binding protein,Unmatched,0,0,0
BHKFFO_00820 Red carotenoid-binding protein,Unmatched,0,0,0
BHKFFO_00825 All3148 protein,Unmatched,0,0,0
BHKFFO_00830 alpha/beta hydrolase,Unmatched,0,0,0
BHKFFO_00835 modification methylase,Unmatched,0,0,0
BHKFFO_00840 hypothetical protein,Unmatched,0,0,0
BHKFFO_00845 anticodon-binding protein,Unmatched,0,0,0
BHKFFO_00850 Chromosome partition protein Smc,Unmatched,0,0,0
BHKFFO_00855 hypothetical protein,Unmatched,0,0,0
BHKFFO_00860 Putative restriction endonuclease,Unmatched,0,0,0
BHKFFO_00865 glycosyl transferase family 1,Unmatched,0,0,0
BHKFFO_00870 chorismate synthase,Unmatched,0,0,0
BHKFFO_00875 DNA/RNA nuclease SfsA,Unmatched,0,0,0
BHKFFO_00880 RNA-binding protein containing a PIN domain protein,Unmatched,0,0,0
BHKFFO_00885 LuxR family transcriptional regulator,Unmatched,0,0,0
BHKFFO_00890 UPF0367 protein MAE_19160,Unmatched,0,0,0
BHKFFO_00895 SAM-dependent methyltransferase,Unmatched,0,0,0
BHKFFO_00900 Bpu10I restriction endonuclease beta subunit,Unmatched,0,0,0
BHKFFO_00905 Cytosine-specific methyltransferase,Unmatched,0,0,0
BHKFFO_00910 protein phosphatase,Unmatched,0,0,0
BHKFFO_00915 hypothetical protein,Unmatched,0,0,0
BHKFFO_00920 amidase,Unmatched,0,0,0
BHKFFO_00925 acyl-ACP--UDP-N-acetylglucosamine O-acyltransferase,Unmatched,0,0,0
BHKFFO_00930 lipid-A-disaccharide synthase,Unmatched,0,0,0
BHKFFO_00935 aminomethyl-transferring glycine dehydrogenase,Unmatched,0,0,0
BHKFFO_00940 phospholipid carrier-dependent glycosyltransferase,Unmatched,0,0,0
BHKFFO_00945 4-amino-4-deoxychorismate lyase,Unmatched,0,0,0
BHKFFO_00950 single-stranded DNA-binding protein,Unmatched,0,0,0
BHKFFO_00955 rod shape-determining protein,Unmatched,0,0,0
BHKFFO_00960 rod shape-determining protein MreC,Unmatched,0,0,0
BHKFFO_00965 rod shape-determining protein MreD,Unmatched,0,0,0
BHKFFO_00970 penicillin-binding protein,Unmatched,0,0,0
BHKFFO_00975 peptidase M61,Unmatched,0,0,0
BHKFFO_00980 branched-chain amino acid transaminase,Unmatched,0,0,0
BHKFFO_00985 hypothetical protein,Unmatched,0,0,0
BHKFFO_00990 hypothetical protein,Unmatched,0,0,0
BHKFFO_00995 circadian clock protein KaiC,Unmatched,0,0,0
BHKFFO_01000 PBPb domain-containing protein,Unmatched,0,0,0
BHKFFO_01005 DNA polymerase III subunit alpha,Unmatched,0,0,0
BHKFFO_01015 leucyl aminopeptidase,Unmatched,0,0,0
BHKFFO_01025 NAD synthetase,Unmatched,0,0,0
BHKFFO_01030 pyridine nucleotide transhydrogenase,Unmatched,0,0,0
BHKFFO_01035 Re/Si-specific NAD(P)(+) transhydrogenase subunit alpha,Unmatched,0,0,0
BHKFFO_01040 HTH cro/C1-type domain-containing protein,Unmatched,0,0,0
BHKFFO_01045 hypothetical protein,Unmatched,0,0,0
BHKFFO_01050 PspA/IM30 family,Unmatched,0,0,0
BHKFFO_01055 phage shock protein A,Unmatched,0,0,0
BHKFFO_01060 hypothetical protein,Unmatched,0,0,0
BHKFFO_01065 DUF721 domain-containing protein,Unmatched,0,0,0
BHKFFO_01070 hypothetical protein,Unmatched,0,0,0
BHKFFO_01075 glycosyl transferase family 2,Unmatched,0,0,0
BHKFFO_01080 flagellar biosynthesis protein FlgM,Unmatched,0,0,0
BHKFFO_01085 prolipoprotein diacylglyceryl transferase,Unmatched,0,0,0
BHKFFO_01090 tRNA-Leu(tag),Unmatched,0,0,0
BHKFFO_01095 hypothetical protein,Unmatched,0,0,0
BHKFFO_01100 hypothetical protein,Unmatched,0,0,0
BHKFFO_01105 hypothetical protein,Unmatched,0,0,0
BHKFFO_01110 hypothetical protein,Unmatched,0,0,0
BHKFFO_01115 collagen-like protein,Unmatched,0,0,0
BHKFFO_01120 hypothetical protein,Unmatched,0,0,0
BHKFFO_01125 hypothetical protein,Unmatched,0,0,0
BHKFFO_01130 Uma2 family endonuclease,Unmatched,0,0,0
BHKFFO_01135 DUF4438 domain-containing protein,Unmatched,0,0,0
BHKFFO_01140 HTH luxR-type domain-containing protein,Unmatched,0,0,0
BHKFFO_01145 ATP-dependent chaperone ClpB,Unmatched,0,0,0
BHKFFO_01150 hypothetical protein,Unmatched,0,0,0
BHKFFO_01155 RNA-splicing ligase RtcB,Unmatched,0,0,0
BHKFFO_01160 molecular chaperone DnaK,Unmatched,0,0,0
BHKFFO_01165 hypothetical protein,Unmatched,0,0,0
BHKFFO_01170 sodium/glutamate symporter,Unmatched,0,0,0
BHKFFO_01175 protochlorophyllide reductase,Unmatched,0,0,0
BHKFFO_01180 biosynthetic-type acetolactate synthase large subunit,Unmatched,0,0,0
BHKFFO_01185 hypothetical protein,Unmatched,0,0,0
BHKFFO_01190 hypothetical protein,Unmatched,0,0,0
BHKFFO_01195 phycocyanin alpha phycocyanobilin lyase,Unmatched,0,0,0
BHKFFO_01200 phycobiliprotein lyase,Unmatched,0,0,0
BHKFFO_01205 hypothetical protein,Unmatched,0,0,0
BHKFFO_01210 DUF1517 domain-containing protein,Unmatched,0,0,0
BHKFFO_01215 adenosyl-hopene transferase HpnH,Unmatched,0,0,0
BHKFFO_01220 histidine kinase,Unmatched,0,0,0
BHKFFO_01225 nucleoside-diphosphate kinase,Unmatched,0,0,0
BHKFFO_01230 hypothetical protein,Unmatched,0,0,0
BHKFFO_01235 creatinine amidohydrolase,Unmatched,0,0,0
BHKFFO_01240 Glycosyltransferase,Unmatched,0,0,0
BHKFFO_01245 TPR repeat protein,Unmatched,0,0,0
BHKFFO_01250 Fe(3+) ABC transporter substrate-binding protein,Unmatched,0,0,0
BHKFFO_01255 SAM-dependent methyltransferase,Unmatched,0,0,0
BHKFFO_01260 elongation factor P,Unmatched,0,0,0
BHKFFO_01265 acetyl-CoA carboxylase biotin carboxyl carrier protein,Unmatched,0,0,0
BHKFFO_01270 alcohol dehydrogenase,Unmatched,0,0,0
BHKFFO_01275 UPF0284 protein MAE_56900,Unmatched,0,0,0
BHKFFO_01280 peptide ABC transporter permease,Unmatched,0,0,0
BHKFFO_01285 thiol reductase thioredoxin,Unmatched,0,0,0
BHKFFO_01290 LL-diaminopimelate aminotransferase,Unmatched,0,0,0
BHKFFO_01295 hypothetical protein,Unmatched,0,0,0
BHKFFO_01300 DUF4351 domain-containing protein,Unmatched,0,0,0
BHKFFO_01305 adenine specific DNA methylase Mod,Unmatched,0,0,0
BHKFFO_01310 dihydroorotase,Unmatched,0,0,0
BHKFFO_01315 site-specific DNA-methyltransferase,Unmatched,0,0,0
BHKFFO_01320 Putative restriction endonuclease,Unmatched,0,0,0
BHKFFO_01325 Ni/Fe hydrogenase subunit alpha,Unmatched,0,0,0
"BHKFFO_01330 RNA polymerase sigma factor, RpoD/SigA family",Unmatched,0,0,0
BHKFFO_01335 DUF29 domain-containing protein,Unmatched,0,0,0
BHKFFO_01340 SycD/LcrH family type III secretion system chaperone,Unmatched,0,0,0
BHKFFO_01345 phycocyanin alpha phycocyanobilin lyase,Unmatched,0,0,0
BHKFFO_01350 putative UDP-N-acetylglucosamine--peptide N-acetylglucosaminyltransferase SPINDLY,Unmatched,0,0,0
BHKFFO_01355 ABC transporter ATP-binding protein,Unmatched,0,0,0
BHKFFO_01360 Carbonic anhydrase,Unmatched,0,0,0
BHKFFO_01365 low-complexity tail membrane protein,Unmatched,0,0,0
BHKFFO_01370 translation initiation factor IF-2,Unmatched,0,0,0
BHKFFO_01375 DUF448 domain-containing protein,Unmatched,0,0,0
BHKFFO_01380 transcription termination/antitermination protein NusA,Unmatched,0,0,0
BHKFFO_01385 ribosome maturation factor RimP,Unmatched,0,0,0
BHKFFO_01390 ATP-dependent zinc metalloprotease FtsH,Unmatched,0,0,0
BHKFFO_01395 DNA-binding response regulator,Unmatched,0,0,0
BHKFFO_01400 Subtilisin E,Unmatched,0,0,0
BHKFFO_01405 DUF3155 domain-containing protein,Unmatched,0,0,0
BHKFFO_01410 histidine kinase,Unmatched,0,0,0
BHKFFO_01415 Slr0038 protein,Unmatched,0,0,0
BHKFFO_01420 Uncharacterized protein slr0039,Unmatched,0,0,0
BHKFFO_01425 long-chain fatty acid--CoA ligase,Unmatched,0,0,0
BHKFFO_01430 Arginine decarboxylase,Unmatched,0,0,0
BHKFFO_01435 Serine/threonine protein kinase,Unmatched,0,0,0
BHKFFO_01440 Transposase,Unmatched,0,0,0
BHKFFO_01445 manganese ABC transporter ATP-binding protein,Unmatched,0,0,0
BHKFFO_01450 signal recognition particle-docking protein FtsY,Unmatched,0,0,0
BHKFFO_01455 chromosome partitioning protein ParA,Unmatched,0,0,0
BHKFFO_01460 hypothetical protein,Unmatched,0,0,0
BHKFFO_01465 J domain-containing protein,Unmatched,0,0,0
BHKFFO_01470 AI-2E family transporter,Unmatched,0,0,0
BHKFFO_01475 amino acid ABC transporter substrate-binding protein,Unmatched,0,0,0
BHKFFO_01480 DUF2079 domain-containing protein,Unmatched,0,0,0
BHKFFO_01485 tRNA (adenosine(37)-N6)-dimethylallyltransferase MiaA,Unmatched,0,0,0
BHKFFO_01490 ATP-dependent zinc metalloprotease FtsH3,Unmatched,0,0,0
BHKFFO_01495 DUF565 domain-containing protein,Unmatched,0,0,0
BHKFFO_01500 DUF3611 domain-containing protein,Unmatched,0,0,0
BHKFFO_01505 molecular chaperone DnaJ,Unmatched,0,0,0
BHKFFO_01510 PD-(D/E)XK nuclease family protein,Unmatched,0,0,0
BHKFFO_01515 Alkaline phosphatase,Unmatched,0,0,0
BHKFFO_01520 Rpn family recombination-promoting nuclease/putative transposase,Unmatched,0,0,0
BHKFFO_01525 hypothetical protein,Unmatched,0,0,0
BHKFFO_01530 hypothetical protein,Unmatched,0,0,0
BHKFFO_01535 hypothetical protein,Unmatched,0,0,0
BHKFFO_01540 hypothetical protein,Unmatched,0,0,0
BHKFFO_01545 hypothetical protein,Unmatched,0,0,0
BHKFFO_01550 Uma2 domain-containing protein,Unmatched,0,0,0
BHKFFO_01555 CRISPR-associated endoribonuclease Cas6,Unmatched,0,0,0
BHKFFO_01560 CRISPR-associated protein Cas4,Unmatched,0,0,0
BHKFFO_01565 type I-D CRISPR-associated endonuclease Cas1d,Unmatched,0,0,0
BHKFFO_01570 CRISPR-associated endonuclease Cas2,Unmatched,0,0,0
BHKFFO_01575 hypothetical protein,Unmatched,0,0,0
BHKFFO_01590 tRNA-Gly(tcc),Unmatched,0,0,0
BHKFFO_01600 ATP-binding protein,Unmatched,0,0,0
BHKFFO_01605 trypsin,Unmatched,0,0,0
BHKFFO_01610 Trypco1 domain-containing protein,Unmatched,0,0,0
BHKFFO_01615 DUF4926 domain-containing protein,Unmatched,0,0,0
BHKFFO_01620 hypothetical protein,Unmatched,0,0,0
BHKFFO_01625 bifunctional pantoate--beta-alanine ligase/(d)CMP kinase,Unmatched,0,0,0
BHKFFO_01630 NAGPA domain-containing protein,Unmatched,0,0,0
BHKFFO_01635 Poly(hydroxyalcanoate) granule associated protein (phasin),Unmatched,0,0,0
BHKFFO_01640 peptidylprolyl isomerase,Unmatched,0,0,0
BHKFFO_01645 photosystem II reaction center protein Psb28,Unmatched,0,0,0
BHKFFO_01650 PEP-CTERM sorting domain-containing protein,Unmatched,0,0,0
BHKFFO_01655 helicase,Unmatched,0,0,0
BHKFFO_01660 FAD-dependent oxidoreductase,Unmatched,0,0,0
BHKFFO_01665 hypothetical protein,Unmatched,0,0,0
BHKFFO_01670 2-isopropylmalate synthase,Unmatched,0,0,0
BHKFFO_01675 RNA polymerase sigma factor RpoD,Unmatched,0,0,0
BHKFFO_01680 30S ribosomal protein S20,Unmatched,0,0,0
BHKFFO_01685 deoxyribonuclease,Unmatched,0,0,0
BHKFFO_01690 DNA-directed RNA polymerase subunit beta,Unmatched,0,0,0
BHKFFO_01695 DNA-directed RNA polymerase subunit beta',Unmatched,0,0,0
BHKFFO_01700 tRNA-Pro(tgg),Unmatched,0,0,0
BHKFFO_01705 GNAT family N-acetyltransferase,Unmatched,0,0,0
BHKFFO_01710 tRNA-Ser(tga),Unmatched,0,0,0
BHKFFO_01715 IS607 family transposase,Unmatched,0,0,0
BHKFFO_01720 proline--tRNA ligase,Unmatched,0,0,0
"BHKFFO_01725 pyridoxal-dependent decarboxylase, pyridoxal binding domain protein",Unmatched,0,0,0
BHKFFO_01730 steroid 5-alpha reductase,Unmatched,0,0,0
BHKFFO_01735 PEP-CTERM protein-sorting domain-containing protein,Unmatched,0,0,0
BHKFFO_01740 hypothetical protein,Unmatched,0,0,0
BHKFFO_01745 branched-chain amino acid ABC transporter substrate-binding protein,Unmatched,0,0,0
BHKFFO_01750 Thylakoid protein sll1769,Unmatched,0,0,0
"BHKFFO_01755 putative protein kinase regulating ubiquinone biosynthesis, AarF/ABC1/UbiB family",Unmatched,0,0,0
BHKFFO_01760 Stp1/IreP family PP2C-type Ser/Thr phosphatase,Unmatched,0,0,0
BHKFFO_01765 ankyrin repeat domain-containing protein,Unmatched,0,0,0
BHKFFO_01770 hybrid sensor histidine kinase/response regulator,Unmatched,0,0,0
BHKFFO_01775 RTX-I toxin determinant A from serotypes 1/9,Unmatched,0,0,0
BHKFFO_01780 Cobalt transport protein,Unmatched,0,0,0
BHKFFO_01785 ribosome biogenesis GTPase Der,Unmatched,0,0,0
BHKFFO_01790 XRE family transcriptional regulator,Unmatched,0,0,0
BHKFFO_01795 hypothetical protein,Unmatched,0,0,0
"BHKFFO_01800 Gamma-glutamyl cyclotransferase, AIG2-like",Unmatched,0,0,0
BHKFFO_01805 aldo/keto reductase,Unmatched,0,0,0
BHKFFO_01830 DUF5678 domain-containing protein,Unmatched,0,0,0
BHKFFO_01835 DUF5678 domain-containing protein,Unmatched,0,0,0
BHKFFO_01840 WD40 repeat domain-containing protein,Unmatched,0,0,0
BHKFFO_01845 Putative restriction endonuclease,Unmatched,0,0,0
"BHKFFO_01850 2-carboxy-1,4-naphthoquinone phytyltransferase",Unmatched,0,0,0
BHKFFO_01855 ATPase,Unmatched,0,0,0
BHKFFO_01860 hypothetical protein,Unmatched,0,0,0
BHKFFO_01865 Integral membrane protein TerC family,Unmatched,0,0,0
BHKFFO_01870 DUF202 domain-containing protein,Unmatched,0,0,0
BHKFFO_01875 band 7 protein,Unmatched,0,0,0
BHKFFO_01880 PEP-CTERM sorting domain-containing protein,Unmatched,0,0,0
BHKFFO_01890 hypothetical protein,Unmatched,0,0,0
BHKFFO_01895 DNA polymerase subunit beta,Unmatched,0,0,0
BHKFFO_01900 Ribonuclease HepT-like,Unmatched,0,0,0
BHKFFO_01905 hypothetical protein,Unmatched,0,0,0
BHKFFO_01910 hypothetical protein,Unmatched,0,0,0
BHKFFO_01915 hypothetical protein,Unmatched,0,0,0
BHKFFO_01920 hypothetical protein,Unmatched,0,0,0
BHKFFO_01925 Glyco-transf-41 domain-containing protein,Unmatched,0,0,0
BHKFFO_01930 Glycosyl transferase family 41,Unmatched,0,0,0
BHKFFO_01935 Uma2 family endonuclease,Unmatched,0,0,0
BHKFFO_01940 aspartate aminotransferase family protein,Unmatched,0,0,0
BHKFFO_01945 potassium channel protein,Unmatched,0,0,0
BHKFFO_01950 hypothetical protein,Unmatched,0,0,0
BHKFFO_01955 hypothetical protein,Unmatched,0,0,0
BHKFFO_01960 type IV pili twitching motility protein PilT,Unmatched,0,0,0
BHKFFO_01965 circadian clock protein KaiB,Unmatched,0,0,0
BHKFFO_01970 hypothetical protein,Unmatched,0,0,0
BHKFFO_01975 carboxypeptidase,Unmatched,0,0,0
BHKFFO_01980 aspartyl protease,Unmatched,0,0,0
BHKFFO_01985 Uncharacterized protein slr1819,Unmatched,0,0,0
BHKFFO_01990 hypothetical protein,Unmatched,0,0,0
BHKFFO_01995 glutathione S-transferase,Unmatched,0,0,0
BHKFFO_02000 DNA-binding response regulator,Unmatched,0,0,0
BHKFFO_02005 hypothetical protein,Unmatched,0,0,0
BHKFFO_02010 hypothetical protein,Unmatched,0,0,0
"BHKFFO_02015 Pseudouridine synthase RluA, 23S rRNA- or tRNA-specific",Unmatched,0,0,0
BHKFFO_02020 photosystem I reaction center subunit XII,Unmatched,0,0,0
"BHKFFO_02025 bifunctional 3,4-dihydroxy-2-butanone-4-phosphate synthase/GTP cyclohydrolase II",Unmatched,0,0,0
BHKFFO_02030 Uma2 domain-containing protein,Unmatched,0,0,0
BHKFFO_02035 D-alanine--D-alanine ligase,Unmatched,0,0,0
BHKFFO_02040 hypothetical protein,Unmatched,0,0,0
BHKFFO_02045 AraC family transcriptional regulator,Unmatched,0,0,0
BHKFFO_02050 Arylsulfatase,Unmatched,0,0,0
BHKFFO_02055 mannose-1-phosphate guanyltransferase,Unmatched,0,0,0
BHKFFO_02060 lipid-A-disaccharide synthase,Unmatched,0,0,0
BHKFFO_02065 DNA primase,Unmatched,0,0,0
BHKFFO_02070 hypothetical protein,Unmatched,0,0,0
BHKFFO_02075 beta-ketoacyl-ACP synthase,Unmatched,0,0,0
BHKFFO_02080 peptidylprolyl isomerase,Unmatched,0,0,0
BHKFFO_02085 photosystem I assembly protein Ycf4,Unmatched,0,0,0
BHKFFO_02090 DUF3011 domain-containing protein,Unmatched,0,0,0
BHKFFO_02095 Similarity,Unmatched,0,0,0
BHKFFO_02100 photosystem I reaction center subunit PsaK,Unmatched,0,0,0
BHKFFO_02105 phosphoribosylanthranilate isomerase,Unmatched,0,0,0
BHKFFO_02110 GTP cyclohydrolase I FolE,Unmatched,0,0,0
BHKFFO_02115 SDR family oxidoreductase,Unmatched,0,0,0
BHKFFO_02120 hypothetical protein,Unmatched,0,0,0
BHKFFO_02125 hypothetical protein,Unmatched,0,0,0
BHKFFO_02130 TIGR03936 family radical SAM-associated protein,Unmatched,0,0,0
BHKFFO_02135 Type IV pilin PilA,Unmatched,0,0,0
BHKFFO_02140 pilus assembly protein PilC,Unmatched,0,0,0
BHKFFO_02145 twitching motility protein PilT,Unmatched,0,0,0
BHKFFO_02150 Type II secretory pathway ATPase GspE/PulE or T4P pilus assembly pathway ATPase PilB,Unmatched,0,0,0
BHKFFO_02155 Protein GrpE,Unmatched,0,0,0
BHKFFO_02160 hydrolase,Unmatched,0,0,0
BHKFFO_02165 glycogen debranching protein,Unmatched,0,0,0
BHKFFO_02170 ribonuclease P protein component,Unmatched,0,0,0
BHKFFO_02175 ribonuclease P,Unmatched,0,0,0
BHKFFO_02180 membrane protein insertase YidC,Unmatched,0,0,0
BHKFFO_02185 RNA-binding protein,Unmatched,0,0,0
BHKFFO_02190 Similarity,Unmatched,0,0,0
BHKFFO_02205 hypothetical protein,Unmatched,0,0,0
BHKFFO_02210 hypothetical protein,Unmatched,0,0,0
BHKFFO_02215 pyruvate kinase,Unmatched,0,0,0
BHKFFO_02220 Asp-tRNA(Asn)/Glu-tRNA(Gln) amidotransferase subunit GatB,Unmatched,0,0,0
BHKFFO_02225 dolichol-P-glucose synthetase,Unmatched,0,0,0
BHKFFO_02230 hypothetical protein,Unmatched,0,0,0
BHKFFO_02235 hypothetical protein,Unmatched,0,0,0
BHKFFO_02240 hypothetical protein,Unmatched,0,0,0
BHKFFO_02245 hypothetical protein,Unmatched,0,0,0
BHKFFO_02250 branched-chain amino acid ABC transporter permease,Unmatched,0,0,0
BHKFFO_02255 hypothetical protein,Unmatched,0,0,0
BHKFFO_02260 Putative manganese efflux pump,Unmatched,0,0,0
BHKFFO_02265 7-cyano-7-deazaguanine synthase QueC,Unmatched,0,0,0
BHKFFO_02270 Aspartyl protease,Unmatched,0,0,0
BHKFFO_02275 hypothetical protein,Unmatched,0,0,0
BHKFFO_02280 7-carboxy-7-deazaguanine synthase QueE,Unmatched,0,0,0
BHKFFO_02285 DUF2518 domain-containing protein,Unmatched,0,0,0
BHKFFO_02290 oxidoreductase,Unmatched,0,0,0
BHKFFO_02295 hypothetical protein,Unmatched,0,0,0
BHKFFO_02300 peptidoglycan editing factor PgeF,Unmatched,0,0,0
BHKFFO_02305 methionyl-tRNA formyltransferase,Unmatched,0,0,0
BHKFFO_02310 cAMP-binding domain of CRP or a regulatory subunit of cAMP-dependent protein kinases,Unmatched,0,0,0
BHKFFO_02315 TlyA family rRNA (cytidine-2'-O)-methyltransferase,Unmatched,0,0,0
BHKFFO_02320 hypothetical protein,Unmatched,0,0,0
BHKFFO_02325 ABC 3 transport family,Unmatched,0,0,0
BHKFFO_02330 thioredoxin-disulfide reductase,Unmatched,0,0,0
BHKFFO_02335 haloacid dehalogenase,Unmatched,0,0,0
BHKFFO_02340 hypothetical protein,Unmatched,0,0,0
BHKFFO_02345 hypothetical protein,Unmatched,0,0,0
BHKFFO_02350 hypothetical protein,Unmatched,0,0,0
BHKFFO_02355 hypothetical protein,Unmatched,0,0,0
BHKFFO_02360 ABC transporter ATP-binding protein,Unmatched,0,0,0
BHKFFO_02365 ferredoxin,Unmatched,0,0,0
BHKFFO_02370 glycosyl transferase,Unmatched,0,0,0
BHKFFO_02375 hypothetical protein,Unmatched,0,0,0
BHKFFO_02380 tyrosine--tRNA ligase,Unmatched,0,0,0
BHKFFO_02385 ferredoxin--nitrite reductase,Unmatched,0,0,0
BHKFFO_02390 hypothetical protein,Unmatched,0,0,0
BHKFFO_02395 alpha/beta hydrolase,Unmatched,0,0,0
BHKFFO_02400 hypothetical protein,Unmatched,0,0,0
BHKFFO_02405 cupin domain-containing protein,Unmatched,0,0,0
BHKFFO_02410 dihydropteroate synthase,Unmatched,0,0,0
BHKFFO_02415 hypothetical protein,Unmatched,0,0,0
BHKFFO_02420 hypothetical protein,Unmatched,0,0,0
BHKFFO_02425 pantetheine-phosphate adenylyltransferase,Unmatched,0,0,0
BHKFFO_02430 NTP-transf-9 domain-containing protein,Unmatched,0,0,0
BHKFFO_02435 thioredoxin,Unmatched,0,0,0
BHKFFO_02440 type I methionyl aminopeptidase,Unmatched,0,0,0
BHKFFO_02445 universal stress protein,Unmatched,0,0,0
BHKFFO_02450 DUF2811 domain-containing protein,Unmatched,0,0,0
BHKFFO_02455 aminoacyl-tRNA hydrolase,Unmatched,0,0,0
"BHKFFO_02460 Glycosyl hydrolase, BNR repeat-containing protein",Unmatched,0,0,0
BHKFFO_02465 class II fumarate hydratase,Unmatched,0,0,0
BHKFFO_02470 YGGT family,Unmatched,0,0,0
BHKFFO_02485 phosphate-binding protein,Unmatched,0,0,0
BHKFFO_02490 sulfate ABC transporter substrate-binding protein,Unmatched,0,0,0
BHKFFO_02495 transporter,Unmatched,0,0,0
BHKFFO_02500 sulfonate ABC transporter substrate-binding protein,Unmatched,0,0,0
BHKFFO_02505 RNA polymerase sigma factor SigC,Unmatched,0,0,0
BHKFFO_02510 ATP-binding protein,Unmatched,0,0,0
BHKFFO_02515 hypothetical protein,Unmatched,0,0,0
BHKFFO_02520 glycosyl transferase,Unmatched,0,0,0
BHKFFO_02530 hypothetical protein,Unmatched,0,0,0
BHKFFO_02535 serine/threonine protein kinase,Unmatched,0,0,0
BHKFFO_02540 hypothetical protein,Unmatched,0,0,0
BHKFFO_02545 hypothetical protein,Unmatched,0,0,0
BHKFFO_02550 OrfB-Zn-ribbon domain-containing protein,Unmatched,0,0,0
BHKFFO_02555 tRNA-Gln(ttg),Unmatched,0,0,0
BHKFFO_02560 AI-2E family transporter,Unmatched,0,0,0
BHKFFO_02565 hypothetical protein,Unmatched,0,0,0
BHKFFO_02570 FHA domain-containing protein,Unmatched,0,0,0
BHKFFO_02575 DUF4278 domain-containing protein,Unmatched,0,0,0
BHKFFO_02580 DUF4276 domain-containing protein,Unmatched,0,0,0
BHKFFO_02585 chromosome segregation protein SMC,Unmatched,0,0,0
BHKFFO_02590 dehydrogenase,Unmatched,0,0,0
BHKFFO_02595 3-dehydroquinate synthase,Unmatched,0,0,0
BHKFFO_02600 hypothetical protein,Unmatched,0,0,0
BHKFFO_02605 hypothetical protein,Unmatched,0,0,0
BHKFFO_02610 flagellar assembly protein H,Unmatched,0,0,0
BHKFFO_02615 hypothetical protein,Unmatched,0,0,0
BHKFFO_02620 Recombination-promoting DNA endonuclease RpnC/YadD,Unmatched,0,0,0
BHKFFO_02625 Alanyl-tRNA synthetase,Unmatched,0,0,0
BHKFFO_02630 phosphate acetyltransferase,Unmatched,0,0,0
BHKFFO_02635 N-acetylmuramoyl-L-alanine amidase,Unmatched,0,0,0
BHKFFO_02640 peroxiredoxin,Unmatched,0,0,0
BHKFFO_02645 Melibiase,Unmatched,0,0,0
BHKFFO_02650 lysozyme,Unmatched,0,0,0
BHKFFO_02655 PEP-CTERM sorting domain-containing protein,Unmatched,0,0,0
BHKFFO_02660 UDP-3-O-(3-hydroxymyristoyl)glucosamine N-acyltransferase,Unmatched,0,0,0
BHKFFO_02665 gamma-glutamyltransferase,Unmatched,0,0,0
BHKFFO_02670 transporter,Unmatched,0,0,0
BHKFFO_02675 hypothetical protein,Unmatched,0,0,0
BHKFFO_02680 class I SAM-dependent methyltransferase,Unmatched,0,0,0
BHKFFO_02685 glycine oxidase ThiO,Unmatched,0,0,0
BHKFFO_02690 DUF2301 domain-containing protein,Unmatched,0,0,0
BHKFFO_02695 NblA-related protein,Unmatched,0,0,0
BHKFFO_02700 universal stress protein UspA-like protein,Unmatched,0,0,0
"BHKFFO_02705 arsenate reductase, glutathione/glutaredoxin type",Unmatched,0,0,0
BHKFFO_02710 arsenical resistance protein ArsH,Unmatched,0,0,0
BHKFFO_02715 ACR3 family arsenite efflux transporter,Unmatched,0,0,0
BHKFFO_02720 transcriptional regulator,Unmatched,0,0,0
BHKFFO_02725 photosystem II reaction center protein Ycf12,Unmatched,0,0,0
BHKFFO_02730 peptidase M16,Unmatched,0,0,0
BHKFFO_02735 peptidase M16,Unmatched,0,0,0
BHKFFO_02740 Uncharacterised protein family (UPF0175),Unmatched,0,0,0
BHKFFO_02745 phosphoenolpyruvate synthase,Unmatched,0,0,0
BHKFFO_02750 NACHT domain-containing protein,Unmatched,0,0,0
BHKFFO_02755 cell death suppressor protein Lls1,Unmatched,0,0,0
BHKFFO_02760 hypothetical protein,Unmatched,0,0,0
BHKFFO_02765 hypothetical protein,Unmatched,0,0,0
BHKFFO_02770 serine protease,Unmatched,0,0,0
BHKFFO_02775 WYL domain-containing protein,Unmatched,0,0,0
BHKFFO_02780 type I-D CRISPR-associated helicase Cas3',Unmatched,0,0,0
BHKFFO_02785 hypothetical protein,Unmatched,0,0,0
BHKFFO_02790 hypothetical protein,Unmatched,0,0,0
BHKFFO_02795 hypothetical protein,Unmatched,0,0,0
BHKFFO_02800 Polbeta domain-containing protein,Unmatched,0,0,0
BHKFFO_02805 Ribonuclease HepT-like,Unmatched,0,0,0
BHKFFO_02810 nucleotidyltransferase domain-containing protein,Unmatched,0,0,0
BHKFFO_02815 hypothetical protein,Unmatched,0,0,0
BHKFFO_02820 ferrous iron transport protein A,Unmatched,0,0,0
BHKFFO_02825 Fe(2+) transporter permease subunit FeoB,Unmatched,0,0,0
BHKFFO_02830 FeoC domain-containing protein,Unmatched,0,0,0
BHKFFO_02835 SAM-dependent methyltransferase,Unmatched,0,0,0
BHKFFO_02840 IS630 family transposase,Unmatched,0,0,0
BHKFFO_02845 plastocyanin,Unmatched,0,0,0
BHKFFO_02850 Cytochrome c6,Unmatched,0,0,0
BHKFFO_02855 DUF3352 domain-containing protein,Unmatched,0,0,0
BHKFFO_02860 hypothetical protein,Unmatched,0,0,0
BHKFFO_02865 HNH endonuclease,Unmatched,0,0,0
BHKFFO_02870 hypothetical protein,Unmatched,0,0,0
BHKFFO_02875 hypothetical protein,Unmatched,0,0,0
BHKFFO_02880 NC domain-containing protein,Unmatched,0,0,0
BHKFFO_02885 hypothetical protein,Unmatched,0,0,0
BHKFFO_02890 GuaB3 family IMP dehydrogenase-related protein,Unmatched,0,0,0
BHKFFO_02895 DUF760 domain-containing protein,Unmatched,0,0,0
BHKFFO_02900 DCC1-like thiol-disulfide oxidoreductase,Unmatched,0,0,0
BHKFFO_02905 Phosphatidylcholine-sterol acyltransferase,Unmatched,0,0,0
BHKFFO_02910 Tnp-DDE-dom domain-containing protein,Unmatched,0,0,0
BHKFFO_02915 hypothetical protein,Unmatched,0,0,0
BHKFFO_02920 hypothetical protein,Unmatched,0,0,0
BHKFFO_02925 DUF4347 domain-containing protein,Unmatched,0,0,0
BHKFFO_02930 oxidoreductase,Unmatched,0,0,0
BHKFFO_02935 hypothetical protein,Unmatched,0,0,0
BHKFFO_02940 hypothetical protein,Unmatched,0,0,0
BHKFFO_02945 bidirectional hydrogenase complex protein HoxU,Unmatched,0,0,0
BHKFFO_02950 hydroxylamine reductase,Unmatched,0,0,0
BHKFFO_02955 dethiobiotin synthase,Unmatched,0,0,0
BHKFFO_02960 hypothetical protein,Unmatched,0,0,0
BHKFFO_02965 peptidase S41,Unmatched,0,0,0
BHKFFO_02970 NUDIX hydrolase,Unmatched,0,0,0
BHKFFO_02975 OB-fold nucleic acid binding domain protein,Unmatched,0,0,0
BHKFFO_02980 bifunctional methylenetetrahydrofolate dehydrogenase/methenyltetrahydrofolate cyclohydrolase FolD,Unmatched,0,0,0
BHKFFO_02985 Uma2 family endonuclease,Unmatched,0,0,0
BHKFFO_02990 Uma2 family endonuclease,Unmatched,0,0,0
BHKFFO_02995 hypothetical protein,Unmatched,0,0,0
BHKFFO_03000 BolA family transcriptional regulator,Unmatched,0,0,0
BHKFFO_03005 AAA family ATPase,Unmatched,0,0,0
BHKFFO_03010 hypothetical protein,Unmatched,0,0,0
BHKFFO_03015 sulfite oxidase-like oxidoreductase,Unmatched,0,0,0
BHKFFO_03020 50S ribosomal protein L32,Unmatched,0,0,0
BHKFFO_03025 magnesium-protoporphyrin IX monomethyl ester (oxidative) cyclase,Unmatched,0,0,0
BHKFFO_03030 peptidase M48,Unmatched,0,0,0
BHKFFO_03035 Phosphomannomutase,Unmatched,0,0,0
BHKFFO_03040 Pilin polypeptide,Unmatched,0,0,0
BHKFFO_03045 UbiD family decarboxylase,Unmatched,0,0,0
"BHKFFO_03050 ATPase/GTPase, AAA15 family",Unmatched,0,0,0
BHKFFO_03055 DUF3226 domain-containing protein,Unmatched,0,0,0
BHKFFO_03060 photosystem II cytochrome c-550,Unmatched,0,0,0
BHKFFO_03065 translation initiation factor IF-2,Unmatched,0,0,0
BHKFFO_03070 Putative regulatory protein MAE_11840,Unmatched,0,0,0
BHKFFO_03075 guanylate kinase,Unmatched,0,0,0
BHKFFO_03080 lipid kinase,Unmatched,0,0,0
BHKFFO_03085 amino acid ABC transporter substrate-binding protein,Unmatched,0,0,0
BHKFFO_03090 TIGR00297 family protein,Unmatched,0,0,0
BHKFFO_03095 cytochrome B,Unmatched,0,0,0
BHKFFO_03100 Methionine biosynthesis protein MetW,Unmatched,0,0,0
BHKFFO_03105 (2Fe-2S)-binding protein,Unmatched,0,0,0
BHKFFO_03110 cobyric acid synthase CobQ,Unmatched,0,0,0
BHKFFO_03115 hypothetical protein,Unmatched,0,0,0
BHKFFO_03120 hypothetical protein,Unmatched,0,0,0
BHKFFO_03125 Ureidoglycolate hydrolase,Unmatched,0,0,0
BHKFFO_03130 efflux RND transporter periplasmic adaptor subunit,Unmatched,0,0,0
BHKFFO_03135 GUN4 domain-containing protein,Unmatched,0,0,0
BHKFFO_03140 aspartate carbamoyltransferase catalytic subunit,Unmatched,0,0,0
BHKFFO_03145 hypothetical protein,Unmatched,0,0,0
BHKFFO_03150 urease accessory protein UreE,Unmatched,0,0,0
BHKFFO_03155 DUF4168 domain-containing protein,Unmatched,0,0,0
BHKFFO_03160 DNA-binding protein,Unmatched,0,0,0
BHKFFO_03165 threonine-phosphate decarboxylase CobD,Unmatched,0,0,0
BHKFFO_03170 photosystem II reaction center protein CP43,Unmatched,0,0,0
BHKFFO_03175 Antisense RNA which regulates isiA expression,Unmatched,0,0,0
BHKFFO_03180 IS982 family transposase,Unmatched,0,0,0
BHKFFO_03185 hypothetical protein,Unmatched,0,0,0
BHKFFO_03190 CARDB domain-containing protein,Unmatched,0,0,0
BHKFFO_03195 hypothetical protein,Unmatched,0,0,0
BHKFFO_03215 hypothetical protein,Unmatched,0,0,0
BHKFFO_03260 hypothetical protein,Unmatched,0,0,0
BHKFFO_03265 Mobile element protein,Unmatched,0,0,0
BHKFFO_03270 biopolymer transporter,Unmatched,0,0,0
BHKFFO_03275 helix-turn-helix transcriptional regulator,Unmatched,0,0,0
BHKFFO_03280 1-(5-phosphoribosyl)-5-[(5-phosphoribosylamino)methylideneamino]imidazole-4-carboxamide isomerase,Unmatched,0,0,0
BHKFFO_03285 hemolysin secretion protein D,Unmatched,0,0,0
BHKFFO_03290 type I secretion system permease/ATPase,Unmatched,0,0,0
BHKFFO_03295 peptidylprolyl isomerase,Unmatched,0,0,0
BHKFFO_03300 Domain of unknown function DUF29,Unmatched,0,0,0
BHKFFO_03305 hypothetical protein,Unmatched,0,0,0
BHKFFO_03310 homoserine kinase,Unmatched,0,0,0
BHKFFO_03315 LD-carboxypeptidase,Unmatched,0,0,0
BHKFFO_03320 polyhydroxyalkanoate biosynthesis repressor PhaR,Unmatched,0,0,0
BHKFFO_03325 phosphoribulokinase,Unmatched,0,0,0
BHKFFO_03330 Putative restriction endonuclease,Unmatched,0,0,0
BHKFFO_03335 carboxylating nicotinate-nucleotide diphosphorylase,Unmatched,0,0,0
BHKFFO_03340 Adenosyl-chloride synthase,Unmatched,0,0,0
BHKFFO_03345 Ssr0692 protein,Unmatched,0,0,0
BHKFFO_03350 hypothetical protein,Unmatched,0,0,0
BHKFFO_03355 GNAT family N-acetyltransferase,Unmatched,0,0,0
BHKFFO_03360 hypothetical protein,Unmatched,0,0,0
BHKFFO_03365 glycerol-3-phosphate 1-O-acyltransferase PlsY,Unmatched,0,0,0
BHKFFO_03370 3-oxoacyl-ACP reductase FabG,Unmatched,0,0,0
BHKFFO_03375 hypothetical protein,Unmatched,0,0,0
BHKFFO_03380 DUF4351 domain-containing protein,Unmatched,0,0,0
BHKFFO_03385 primosomal protein N',Unmatched,0,0,0
"BHKFFO_03390 RNA polymerase sigma factor, RpoD/SigA family",Unmatched,0,0,0
BHKFFO_03395 transcriptional regulator,Unmatched,0,0,0
BHKFFO_03400 aminotransferase,Unmatched,0,0,0
BHKFFO_03405 DNA-directed RNA polymerase specialized sigma subunit,Unmatched,0,0,0
BHKFFO_03410 Holliday junction branch migration DNA helicase RuvB,Unmatched,0,0,0
BHKFFO_03415 Imidazole glycerol phosphate synthase subunit HisF,Unmatched,0,0,0
BHKFFO_03420 hypothetical protein,Unmatched,0,0,0
BHKFFO_03425 tRNA-Ala(ggc),Unmatched,0,0,0
BHKFFO_03430 AI-2E family transporter,Unmatched,0,0,0
BHKFFO_03435 ribonuclease H,Unmatched,0,0,0
BHKFFO_03440 hypothetical protein,Unmatched,0,0,0
BHKFFO_03445 (Fe-S)-binding protein,Unmatched,0,0,0
BHKFFO_03450 formyltetrahydrofolate deformylase,Unmatched,0,0,0
BHKFFO_03455 tRNA-Val(gac),Unmatched,0,0,0
BHKFFO_03460 agmatinase,Unmatched,0,0,0
BHKFFO_03465 hypothetical protein,Unmatched,0,0,0
BHKFFO_03470 hypothetical protein,Unmatched,0,0,0
BHKFFO_03485 hypothetical protein,Unmatched,0,0,0
BHKFFO_03490 hypothetical protein,Unmatched,0,0,0
BHKFFO_03495 Putative restriction endonuclease,Unmatched,0,0,0
BHKFFO_03500 DUF1350 domain-containing protein,Unmatched,0,0,0
BHKFFO_03505 two-component system response regulator,Unmatched,0,0,0
BHKFFO_03510 transposase,Unmatched,0,0,0
"BHKFFO_03515 GTP 3',8-cyclase MoaA",Unmatched,0,0,0
BHKFFO_03520 Proto-chlorophyllide reductase 57 kD subunit,Unmatched,0,0,0
BHKFFO_03525 hypothetical protein,Unmatched,0,0,0
BHKFFO_03530 hypothetical protein,Unmatched,0,0,0
BHKFFO_03535 hypothetical protein,Unmatched,0,0,0
BHKFFO_03540 type II toxin-antitoxin system prevent-host-death family antitoxin,Unmatched,0,0,0
BHKFFO_03695 tRNA-Ala(tgc),Unmatched,0,0,0
BHKFFO_03730 Tryptophan-rich Synechocystis species C-terminal domain-containing protein,Unmatched,0,0,0
BHKFFO_03735 Putative calcium binding hemolysin protein,Unmatched,0,0,0
BHKFFO_03740 iron-sulfur cluster assembly accessory protein,Unmatched,0,0,0
BHKFFO_03745 phospho-N-acetylmuramoyl-pentapeptide-transferase,Unmatched,0,0,0
BHKFFO_03750 DUF3134 domain-containing protein,Unmatched,0,0,0
BHKFFO_03755 8-oxo-dGTP diphosphatase MutT,Unmatched,0,0,0
BHKFFO_03760 30S ribosomal protein PSRP-3,Unmatched,0,0,0
BHKFFO_03765 ATP synthase F1 subunit epsilon,Unmatched,0,0,0
BHKFFO_03770 F0F1 ATP synthase subunit beta,Unmatched,0,0,0
BHKFFO_03775 Immunity protein 30,Unmatched,0,0,0
BHKFFO_03780 hypothetical protein,Unmatched,0,0,0
BHKFFO_03785 DUF627 domain-containing protein,Unmatched,0,0,0
BHKFFO_03790 Fido domain-containing protein,Unmatched,0,0,0
BHKFFO_03795 AbrB/MazE/SpoVT family DNA-binding domain-containing protein,Unmatched,0,0,0
BHKFFO_03800 DUF2283 domain-containing protein,Unmatched,0,0,0
BHKFFO_03805 hypothetical protein,Unmatched,0,0,0
BHKFFO_03810 hypothetical protein,Unmatched,0,0,0
BHKFFO_03815 hypothetical protein,Unmatched,0,0,0
BHKFFO_03820 hypothetical protein,Unmatched,0,0,0
BHKFFO_03825 hypothetical protein,Unmatched,0,0,0
BHKFFO_03830 hypothetical protein,Unmatched,0,0,0
BHKFFO_03835 low-complexity protein,Unmatched,0,0,0
BHKFFO_03840 MFS transporter,Unmatched,0,0,0
BHKFFO_03845 hypothetical protein,Unmatched,0,0,0
BHKFFO_03850 glycosyl transferase,Unmatched,0,0,0
BHKFFO_03855 DUF2949 domain-containing protein,Unmatched,0,0,0
BHKFFO_03860 Conserved nitrate reductase-associated protein (Nitr_red_assoc),Unmatched,0,0,0
BHKFFO_03865 prephenate/arogenate dehydrogenase,Unmatched,0,0,0
BHKFFO_03870 cupin domain-containing protein,Unmatched,0,0,0
BHKFFO_03875 Polyketide cyclase / dehydrase and lipid transport,Unmatched,0,0,0
BHKFFO_03880 OrfB-Zn-ribbon domain-containing protein,Unmatched,0,0,0
BHKFFO_03885 site-specific DNA-methyltransferase,Unmatched,0,0,0
BHKFFO_03890 hypothetical protein,Unmatched,0,0,0
BHKFFO_03895 DUF4351 domain-containing protein,Unmatched,0,0,0
BHKFFO_03900 Putative restriction endonuclease,Unmatched,0,0,0
BHKFFO_03905 hypothetical protein,Unmatched,0,0,0
BHKFFO_03910 DUF3326 domain-containing protein,Unmatched,0,0,0
BHKFFO_03915 CAAX amino terminal protease family protein,Unmatched,0,0,0
BHKFFO_03920 DUF3531 domain-containing protein,Unmatched,0,0,0
BHKFFO_03925 bile acid beta-glucosidase,Unmatched,0,0,0
"BHKFFO_03930 Triacylglycerol esterase/lipase EstA, alpha/beta hydrolase fold",Unmatched,0,0,0
BHKFFO_03935 Caspase family protein,Unmatched,0,0,0
BHKFFO_03940 ATPase,Unmatched,0,0,0
BHKFFO_03945 serine/threonine-protein kinase pkn1,Unmatched,0,0,0
BHKFFO_03950 transcriptional regulator,Unmatched,0,0,0
BHKFFO_03955 type II toxin-antitoxin system HigB family toxin,Unmatched,0,0,0
BHKFFO_03960 4-amino-4-deoxy-L-arabinose transferase,Unmatched,0,0,0
BHKFFO_03965 DNA phosphorothioation-associated protein 4,Unmatched,0,0,0
BHKFFO_03970 ring-hydroxylating oxygenase subunit alpha,Unmatched,0,0,0
BHKFFO_03975 hypothetical protein,Unmatched,0,0,0
"BHKFFO_03980 Glycosyl transferase family, a/b domain-containing protein",Unmatched,0,0,0
BHKFFO_03985 dihydroorotase,Unmatched,0,0,0
BHKFFO_03990 carbonate dehydratase,Unmatched,0,0,0
BHKFFO_03995 glutamate dehydrogenase,Unmatched,0,0,0
BHKFFO_04000 putative high light inducible protein,Unmatched,0,0,0
BHKFFO_04005 B12-binding domain-containing radical SAM protein,Unmatched,0,0,0
BHKFFO_04010 Bacterial archaeo-eukaryotic release factor family 3,Unmatched,0,0,0
BHKFFO_04015 Molybdopterin synthase catalytic subunit,Unmatched,0,0,0
BHKFFO_04020 hypothetical protein,Unmatched,0,0,0
BHKFFO_04025 hypothetical protein,Unmatched,0,0,0
BHKFFO_04030 Hrp-dependent type III effector protein,Unmatched,0,0,0
BHKFFO_04035 Killer protein,Unmatched,0,0,0
BHKFFO_04040 HigA family addiction module antitoxin,Unmatched,0,0,0
BHKFFO_04045 folate/biopterin family MFS transporter,Unmatched,0,0,0
"BHKFFO_04050 type II toxin-antitoxin system mRNA interferase toxin, RelE/StbE family",Unmatched,0,0,0
BHKFFO_04055 Antitoxin component of the RelBE or YafQ-DinJ toxin-antitoxin module,Unmatched,0,0,0
BHKFFO_04060 YcfA family protein,Unmatched,0,0,0
BHKFFO_04065 HicB-like domain-containing protein,Unmatched,0,0,0
BHKFFO_04070 PEP-CTERM domain-containing protein,Unmatched,0,0,0
BHKFFO_04075 glutamine synthetase type III,Unmatched,0,0,0
"BHKFFO_04080 Apocarotenoid-15,15'-oxygenase",Unmatched,0,0,0
BHKFFO_04085 DUF1092 domain-containing protein,Unmatched,0,0,0
BHKFFO_04090 glycosyltransferase,Unmatched,0,0,0
BHKFFO_04095 Membrane protein,Unmatched,0,0,0
BHKFFO_04100 DUF2499 domain-containing protein,Unmatched,0,0,0
BHKFFO_04105 glutathione synthase,Unmatched,0,0,0
BHKFFO_04110 glutaredoxin 3,Unmatched,0,0,0
BHKFFO_04115 hypothetical protein,Unmatched,0,0,0
BHKFFO_04120 YGGT family,Unmatched,0,0,0
BHKFFO_04125 50S ribosomal protein L9,Unmatched,0,0,0
BHKFFO_04130 Chromophore lyase CpcT/CpeT 1,Unmatched,0,0,0
BHKFFO_04135 exodeoxyribonuclease III,Unmatched,0,0,0
BHKFFO_04140 hypothetical protein,Unmatched,0,0,0
BHKFFO_04145 hypothetical protein,Unmatched,0,0,0
BHKFFO_04150 hypothetical protein,Unmatched,0,0,0
BHKFFO_04155 beta-carotene hydroxylase,Unmatched,0,0,0
BHKFFO_04160 Transcriptional regulator,Unmatched,0,0,0
BHKFFO_04165 carboxylate-amine ligase,Unmatched,0,0,0
BHKFFO_04170 transposase,Unmatched,0,0,0
BHKFFO_04175 DUF3148 domain-containing protein,Unmatched,0,0,0
BHKFFO_04180 hypothetical protein,Unmatched,0,0,0
BHKFFO_04185 hypothetical protein,Unmatched,0,0,0
BHKFFO_04190 hypothetical protein,Unmatched,0,0,0
BHKFFO_04195 transporter,Unmatched,0,0,0
BHKFFO_04200 hypothetical protein,Unmatched,0,0,0
BHKFFO_04205 leucyl/phenylalanyl-tRNA--protein transferase,Unmatched,0,0,0
BHKFFO_04210 hypothetical protein,Unmatched,0,0,0
BHKFFO_04215 hypothetical protein,Unmatched,0,0,0
BHKFFO_04225 Transposase,Unmatched,0,0,0
BHKFFO_04230 DUF29 family protein,Unmatched,0,0,0
BHKFFO_04235 YcfA family protein,Unmatched,0,0,0
BHKFFO_04240 hypothetical protein,Unmatched,0,0,0
BHKFFO_04245 MCE family protein,Unmatched,0,0,0
BHKFFO_04250 ABC transporter ATP-binding protein,Unmatched,0,0,0
BHKFFO_04255 iron-regulated protein,Unmatched,0,0,0
BHKFFO_04260 DUF3226 domain-containing protein,Unmatched,0,0,0
BHKFFO_04265 ATPase,Unmatched,0,0,0
BHKFFO_04270 phenylalanine--tRNA ligase subunit beta,Unmatched,0,0,0
BHKFFO_04275 transposase,Unmatched,0,0,0
BHKFFO_04280 transcriptional regulator,Unmatched,0,0,0
"BHKFFO_04285 PIN domain protein, putative",Unmatched,0,0,0
BHKFFO_04290 hypothetical protein,Unmatched,0,0,0
BHKFFO_04295 ATP-binding protein,Unmatched,0,0,0
BHKFFO_04300 hypothetical protein,Unmatched,0,0,0
BHKFFO_04305 hypothetical protein,Unmatched,0,0,0
BHKFFO_04310 hypothetical protein,Unmatched,0,0,0
BHKFFO_04315 hypothetical protein,Unmatched,0,0,0
BHKFFO_04320 hypothetical protein,Unmatched,0,0,0
BHKFFO_04325 phosphoketolase,Unmatched,0,0,0
BHKFFO_04330 type I glyceraldehyde-3-phosphate dehydrogenase,Unmatched,0,0,0
BHKFFO_04335 hypothetical protein,Unmatched,0,0,0
BHKFFO_04340 folate-binding protein YgfZ,Unmatched,0,0,0
BHKFFO_04345 NAD+ synthase,Unmatched,0,0,0
BHKFFO_04350 NUDIX hydrolase,Unmatched,0,0,0
BHKFFO_04355 nicotinate-nucleotide adenylyltransferase,Unmatched,0,0,0
BHKFFO_04360 RES domain-containing protein,Unmatched,0,0,0
BHKFFO_04365 hypothetical protein,Unmatched,0,0,0
BHKFFO_04370 hypothetical protein,Unmatched,0,0,0
BHKFFO_04375 hypothetical protein,Unmatched,0,0,0
BHKFFO_04380 hypothetical protein,Unmatched,0,0,0
BHKFFO_04385 hypothetical protein,Unmatched,0,0,0
BHKFFO_04390 Pentapeptide repeat family protein,Unmatched,0,0,0
BHKFFO_04395 antitoxin,Unmatched,0,0,0
BHKFFO_04400 Putative restriction endonuclease,Unmatched,0,0,0
BHKFFO_04405 hypothetical protein,Unmatched,0,0,0
BHKFFO_04410 potassium channel protein,Unmatched,0,0,0
BHKFFO_04415 nucleic acid-binding protein,Unmatched,0,0,0
BHKFFO_04420 hypothetical protein,Unmatched,0,0,0
BHKFFO_04425 uroporphyrin-III methyltransferase,Unmatched,0,0,0
BHKFFO_04430 YjbQ family protein,Unmatched,0,0,0
BHKFFO_04435 Photosystem I reaction center subunit III,Unmatched,0,0,0
BHKFFO_04440 photosystem I reaction center subunit IX,Unmatched,0,0,0
BHKFFO_04445 XRE family transcriptional regulator,Unmatched,0,0,0
"BHKFFO_04450 signal transduction histidine kinase (STHK), LytS",Unmatched,0,0,0
BHKFFO_04455 transporter,Unmatched,0,0,0
BHKFFO_04460 DUF433 domain-containing protein,Unmatched,0,0,0
BHKFFO_04465 ACP S-malonyltransferase,Unmatched,0,0,0
BHKFFO_04470 amino acid ABC transporter substrate-binding protein,Unmatched,0,0,0
BHKFFO_04475 ribulose-phosphate 3-epimerase,Unmatched,0,0,0
BHKFFO_04480 histidinol-phosphatase,Unmatched,0,0,0
BHKFFO_04485 hypothetical protein,Unmatched,0,0,0
BHKFFO_04490 hypothetical protein,Unmatched,0,0,0
BHKFFO_04495 Aspartate aminotransferase,Unmatched,0,0,0
BHKFFO_04500 sulfite exporter TauE/SafE family protein,Unmatched,0,0,0
BHKFFO_04505 hypothetical protein,Unmatched,0,0,0
BHKFFO_04510 HNH endonuclease,Unmatched,0,0,0
BHKFFO_04515 hypothetical protein,Unmatched,0,0,0
BHKFFO_04520 AMP-dependent synthetase,Unmatched,0,0,0
BHKFFO_04525 Uma2 domain-containing protein,Unmatched,0,0,0
BHKFFO_04530 sugar transferase,Unmatched,0,0,0
BHKFFO_04535 hypothetical protein,Unmatched,0,0,0
BHKFFO_04540 tRNA-Glu(ttc),Unmatched,0,0,0
BHKFFO_04545 two-component sensor histidine kinase,Unmatched,0,0,0
BHKFFO_04550 EVE domain-containing protein,Unmatched,0,0,0
BHKFFO_04555 primosomal protein,Unmatched,0,0,0
BHKFFO_04560 restriction endonuclease subunit R,Unmatched,0,0,0
BHKFFO_04565 DNA (cytosine-5-)-methyltransferase,Unmatched,0,0,0
"BHKFFO_04570 Transposase and inactivated derivatives, IS30 family",Unmatched,0,0,0
"BHKFFO_04575 DNA-binding response regulator, NarL/FixJ family, contains REC and HTH domains",Unmatched,0,0,0
BHKFFO_04580 metalloprotease,Unmatched,0,0,0
BHKFFO_04585 DUF6345 domain-containing protein,Unmatched,0,0,0
BHKFFO_04590 Pentapeptide repeat family protein,Unmatched,0,0,0
BHKFFO_04595 DNA cytosine methyltransferase,Unmatched,0,0,0
BHKFFO_04600 DUF4926 domain-containing protein,Unmatched,0,0,0
BHKFFO_04605 hypothetical protein,Unmatched,0,0,0
BHKFFO_04610 hypothetical protein,Unmatched,0,0,0
BHKFFO_04615 hypothetical protein,Unmatched,0,0,0
BHKFFO_04620 hypothetical protein,Unmatched,0,0,0
BHKFFO_04625 PINc domain-containing protein,Unmatched,0,0,0
BHKFFO_04630 DUF4926 domain-containing protein,Unmatched,0,0,0
BHKFFO_04635 hypothetical protein,Unmatched,0,0,0
BHKFFO_04640 EAL domain-containing protein,Unmatched,0,0,0
BHKFFO_04645 hypothetical protein,Unmatched,0,0,0
BHKFFO_04650 transposase,Unmatched,0,0,0
BHKFFO_04655 GUN4 domain-containing protein,Unmatched,0,0,0
BHKFFO_04660 Similar to tr|Q8YS64|Q8YS64,Unmatched,0,0,0
BHKFFO_04665 fused N-dimethylarginine dimethylaminohydrolase/saccharopine dehydrogenase domain-containing protein,Unmatched,0,0,0
BHKFFO_04670 SWIM zinc finger domain-containing protein,Unmatched,0,0,0
BHKFFO_04675 chromosome partitioning protein ParB,Unmatched,0,0,0
BHKFFO_04680 HTH cro/C1-type domain-containing protein,Unmatched,0,0,0
BHKFFO_04685 peptidase M28,Unmatched,0,0,0
BHKFFO_04690 FAD dependent oxidoreductase,Unmatched,0,0,0
BHKFFO_04695 mannose-1-phosphate guanylyltransferase,Unmatched,0,0,0
BHKFFO_04700 hypothetical protein,Unmatched,0,0,0
BHKFFO_04705 tRNA-Arg(cct),Unmatched,0,0,0
BHKFFO_04710 hypothetical protein,Unmatched,0,0,0
BHKFFO_04715 RDD family,Unmatched,0,0,0
BHKFFO_04720 DUF6464 domain-containing protein,Unmatched,0,0,0
BHKFFO_04725 8-amino-7-oxononanoate synthase,Unmatched,0,0,0
BHKFFO_04730 hypothetical protein,Unmatched,0,0,0
BHKFFO_04735 hypothetical protein,Unmatched,0,0,0
BHKFFO_04740 DUF2442 domain-containing protein,Unmatched,0,0,0
BHKFFO_04745 Ribonuclease VapC,Unmatched,0,0,0
BHKFFO_04755 DUF5615 domain-containing protein,Unmatched,0,0,0
BHKFFO_04760 hypothetical protein,Unmatched,0,0,0
BHKFFO_04765 hypothetical protein,Unmatched,0,0,0
BHKFFO_04770 hypothetical protein,Unmatched,0,0,0
BHKFFO_04775 peptide-methionine (R)-S-oxide reductase,Unmatched,0,0,0
BHKFFO_04780 photosystem I reaction center subunit XII,Unmatched,0,0,0
BHKFFO_04785 allophycocyanin subunit beta,Unmatched,0,0,0
BHKFFO_04790 Allophycocyanin alpha chain,Unmatched,0,0,0
BHKFFO_04795 Holliday junction branch migration protein RuvA,Unmatched,0,0,0
BHKFFO_04800 site-2 protease family protein,Unmatched,0,0,0
BHKFFO_04805 polyamine ABC transporter substrate-binding protein,Unmatched,0,0,0
BHKFFO_04810 peptidase S51,Unmatched,0,0,0
BHKFFO_04815 hypothetical protein,Unmatched,0,0,0
BHKFFO_04820 Chromophore lyase CpcT/CpeT 2,Unmatched,0,0,0
BHKFFO_04825 hypothetical protein,Unmatched,0,0,0
BHKFFO_04830 hypothetical protein,Unmatched,0,0,0
BHKFFO_04835 sodium:solute symporter,Unmatched,0,0,0
BHKFFO_04840 cyanase,Unmatched,0,0,0
BHKFFO_04855 Phosphomannomutase,Unmatched,0,0,0
BHKFFO_04860 DUF4164 domain-containing protein,Unmatched,0,0,0
BHKFFO_04865 geranylgeranyl reductase,Unmatched,0,0,0
BHKFFO_04870 class III poly(R)-hydroxyalkanoic acid synthase subunit PhaC,Unmatched,0,0,0
BHKFFO_04875 class III poly(R)-hydroxyalkanoic acid synthase subunit PhaE,Unmatched,0,0,0
BHKFFO_04880 hypothetical protein,Unmatched,0,0,0
BHKFFO_04885 BrnT family toxin,Unmatched,0,0,0
BHKFFO_04890 beta-ketoacyl-ACP reductase,Unmatched,0,0,0
BHKFFO_04895 acetyl-CoA C-acyltransferase,Unmatched,0,0,0
BHKFFO_04900 FAD-dependent oxidoreductase,Unmatched,0,0,0
BHKFFO_04905 Reverse transcriptase domain-containing protein,Unmatched,0,0,0
BHKFFO_04910 Nuclease-related domain-containing protein,Unmatched,0,0,0
BHKFFO_04915 hypothetical protein,Unmatched,0,0,0
BHKFFO_04920 photosystem II protein PsbQ,Unmatched,0,0,0
BHKFFO_04925 ATP synthase subunit I,Unmatched,0,0,0
BHKFFO_04930 F0F1 ATP synthase subunit A,Unmatched,0,0,0
BHKFFO_04935 ATP synthase F0 subunit C,Unmatched,0,0,0
BHKFFO_04940 F0F1 ATP synthase subunit B',Unmatched,0,0,0
BHKFFO_04945 F0F1 ATP synthase subunit B,Unmatched,0,0,0
BHKFFO_04950 ATP synthase F1 subunit delta,Unmatched,0,0,0
BHKFFO_04955 F0F1 ATP synthase subunit alpha,Unmatched,0,0,0
BHKFFO_04960 F0F1 ATP synthase subunit gamma,Unmatched,0,0,0
"BHKFFO_04965 putative toxin-antitoxin system toxin component, PIN family",Unmatched,0,0,0
BHKFFO_04970 hypothetical protein,Unmatched,0,0,0
BHKFFO_04975 hypothetical protein,Unmatched,0,0,0
BHKFFO_04980 hypothetical protein,Unmatched,0,0,0
BHKFFO_04985 hypothetical protein,Unmatched,0,0,0
BHKFFO_04990 hypothetical protein,Unmatched,0,0,0
BHKFFO_04995 hypothetical protein,Unmatched,0,0,0
BHKFFO_05000 hypothetical protein,Unmatched,0,0,0
BHKFFO_05005 PIN domain nuclease,Unmatched,0,0,0
BHKFFO_05010 Similar to nucleic acid-binding protein contains PIN domain,Unmatched,0,0,0
BHKFFO_05015 hypothetical protein,Unmatched,0,0,0
BHKFFO_05020 alkaline phosphatase,Unmatched,0,0,0
BHKFFO_05025 adenosylhomocysteinase,Unmatched,0,0,0
BHKFFO_05030 IrrE N-terminal-like domain-containing protein,Unmatched,0,0,0
BHKFFO_05035 DUF4411 domain-containing protein,Unmatched,0,0,0
BHKFFO_05040 riboflavin synthase,Unmatched,0,0,0
BHKFFO_05045 glutamate-5-semialdehyde dehydrogenase,Unmatched,0,0,0
BHKFFO_05050 1-deoxy-D-xylulose-5-phosphate reductoisomerase,Unmatched,0,0,0
BHKFFO_05055 acyl-CoA desaturase,Unmatched,0,0,0
"BHKFFO_05065 membrane protease subunit, stomatin/prohibitin",Unmatched,0,0,0
BHKFFO_05075 Holliday junction resolvase RuvX,Unmatched,0,0,0
BHKFFO_05080 GNAT family N-acetyltransferase,Unmatched,0,0,0
BHKFFO_05085 hypothetical protein,Unmatched,0,0,0
BHKFFO_05090 DNA recombination-mediator protein A,Unmatched,0,0,0
BHKFFO_05095 MAPEG family protein,Unmatched,0,0,0
BHKFFO_05100 adenosine deaminase,Unmatched,0,0,0
BHKFFO_05105 carbamoyl-phosphate synthase large subunit,Unmatched,0,0,0
BHKFFO_05110 Metalloprotease slr0863,Unmatched,0,0,0
BHKFFO_05115 Non-specific serine/threonine protein kinase,Unmatched,0,0,0
BHKFFO_05120 cysteine desulfurase,Unmatched,0,0,0
"BHKFFO_05125 ABC-type nitrate/sulfonate/bicarbonate transport system, periplasmic component",Unmatched,0,0,0
BHKFFO_05130 nitrate ABC transporter permease,Unmatched,0,0,0
BHKFFO_05135 bacitracin ABC transporter ATP-binding protein,Unmatched,0,0,0
BHKFFO_05140 bacitracin ABC transporter ATP-binding protein,Unmatched,0,0,0
BHKFFO_05145 DNA-binding protein,Unmatched,0,0,0
"BHKFFO_05150 Ribonuclease/mRNA interferase VapC, contains PIN domain",Unmatched,0,0,0
BHKFFO_05155 serine/threonine-protein kinase pkn1,Unmatched,0,0,0
BHKFFO_05160 hypothetical protein,Unmatched,0,0,0
BHKFFO_05165 glycosyl transferase,Unmatched,0,0,0
BHKFFO_05170 hypothetical protein,Unmatched,0,0,0
BHKFFO_05175 hypothetical protein,Unmatched,0,0,0
BHKFFO_05180 nickel import ATP-binding protein NikD,Unmatched,0,0,0
BHKFFO_05185 heterocyst frequency control protein PatD,Unmatched,0,0,0
BHKFFO_05190 (p)ppGpp synthetase,Unmatched,0,0,0
BHKFFO_05195 glycosyl transferase family 4,Unmatched,0,0,0
BHKFFO_05200 3-isopropylmalate dehydratase large subunit,Unmatched,0,0,0
BHKFFO_05205 alanine racemase,Unmatched,0,0,0
BHKFFO_05210 DUF1611 domain-containing protein,Unmatched,0,0,0
BHKFFO_05215 DUF3134 domain-containing protein,Unmatched,0,0,0
BHKFFO_05220 Ssl1498 family light-harvesting-like protein,Unmatched,0,0,0
BHKFFO_05225 2-phospho-L-lactate transferase CofD,Unmatched,0,0,0
BHKFFO_05230 Chloroplast import apparatus Tic20-like,Unmatched,0,0,0
BHKFFO_05235 IS200/IS605 family transposase,Unmatched,0,0,0
BHKFFO_05240 transposase,Unmatched,0,0,0
BHKFFO_05245 NADH-quinone oxidoreductase subunit NuoF,Unmatched,0,0,0
BHKFFO_05250 bidirectional hydrogenase complex protein HoxE,Unmatched,0,0,0
BHKFFO_05260 DUF3082 domain-containing protein,Unmatched,0,0,0
BHKFFO_05265 general secretion pathway protein GspE,Unmatched,0,0,0
BHKFFO_05270 arsenosugar biosynthesis arsenite methyltransferase ArsM,Unmatched,0,0,0
BHKFFO_05275 arsenosugar biosynthesis radical SAM protein ArsS,Unmatched,0,0,0
BHKFFO_05280 DUF3143 domain-containing protein,Unmatched,0,0,0
BHKFFO_05285 heat-shock protein,Unmatched,0,0,0
BHKFFO_05290 thylakoid membrane photosystem I accumulation factor,Unmatched,0,0,0
"BHKFFO_05295 Carbohydrate-selective porin, OprB family",Unmatched,0,0,0
BHKFFO_05300 DUF86 domain-containing protein,Unmatched,0,0,0
BHKFFO_05305 hypothetical protein,Unmatched,0,0,0
BHKFFO_05310 hypothetical protein,Unmatched,0,0,0
BHKFFO_05315 marC integral membrane family protein,Unmatched,0,0,0
BHKFFO_05320 arylsulfatase,Unmatched,0,0,0
BHKFFO_05390 hypothetical protein,Unmatched,0,0,0
BHKFFO_05395 hypothetical protein,Unmatched,0,0,0
BHKFFO_05400 hypothetical protein,Unmatched,0,0,0
BHKFFO_05405 Secreted effector protein PipB2,Unmatched,0,0,0
BHKFFO_05410 excinuclease ABC subunit UvrC,Unmatched,0,0,0
BHKFFO_05415 hypothetical protein,Unmatched,0,0,0
BHKFFO_05420 3-isopropylmalate dehydrogenase,Unmatched,0,0,0
BHKFFO_05425 glucose-1-phosphate thymidylyltransferase,Unmatched,0,0,0
BHKFFO_05430 dTDP-4-dehydrorhamnose reductase,Unmatched,0,0,0
"BHKFFO_05435 dTDP-4-dehydrorhamnose 3,5-epimerase",Unmatched,0,0,0
BHKFFO_05440 biotin synthase BioB,Unmatched,0,0,0
BHKFFO_05445 biotin transporter BioY,Unmatched,0,0,0
BHKFFO_05450 signal peptidase II,Unmatched,0,0,0
BHKFFO_05455 HicB-like domain-containing protein,Unmatched,0,0,0
BHKFFO_05460 YcfA-like family protein,Unmatched,0,0,0
BHKFFO_05465 chromosomal replication initiator protein DnaA,Unmatched,0,0,0
BHKFFO_05470 peptide deformylase,Unmatched,0,0,0
BHKFFO_05475 GTP cyclohydrolase I FolE,Unmatched,0,0,0
BHKFFO_05480 porphobilinogen synthase,Unmatched,0,0,0
BHKFFO_05485 Chromophore lyase CpcT/CpeT 3,Unmatched,0,0,0
BHKFFO_05490 hypothetical protein,Unmatched,0,0,0
BHKFFO_05495 photosynthetic/respiratory NAD(P)H-quinone oxidoreductase subunit D1,Unmatched,0,0,0
BHKFFO_05500 phycocyanobilin:ferredoxin oxidoreductase,Unmatched,0,0,0
BHKFFO_05505 Ribonuclease HI,Unmatched,0,0,0
BHKFFO_05510 FAD-dependent oxidoreductase,Unmatched,0,0,0
BHKFFO_05515 hybrid sensor histidine kinase/response regulator,Unmatched,0,0,0
BHKFFO_05520 response regulator,Unmatched,0,0,0
BHKFFO_05525 cyanobacterial phytochrome A,Unmatched,0,0,0
BHKFFO_05530 hypothetical protein,Unmatched,0,0,0
"BHKFFO_05535 type II toxin-antitoxin system mRNA interferase toxin, RelE/StbE family",Unmatched,0,0,0
BHKFFO_05540 hypothetical protein,Unmatched,0,0,0
BHKFFO_05545 peptidase M3,Unmatched,0,0,0
BHKFFO_05550 cobalamin biosynthesis protein CobW,Unmatched,0,0,0
BHKFFO_05555 hypothetical protein,Unmatched,0,0,0
BHKFFO_05560 polysaccharide biosynthesis protein,Unmatched,0,0,0
BHKFFO_05565 carotene isomerase,Unmatched,0,0,0
BHKFFO_05570 Uncharacterized protein sll0095,Unmatched,0,0,0
BHKFFO_05575 hypothetical protein,Unmatched,0,0,0
BHKFFO_05580 diflavin flavoprotein A,Unmatched,0,0,0
BHKFFO_05595 hypothetical protein,Unmatched,0,0,0
BHKFFO_05610 cytochrome ubiquinol oxidase subunit I,Unmatched,0,0,0
BHKFFO_05615 cytochrome d ubiquinol oxidase subunit II,Unmatched,0,0,0
BHKFFO_05620 phosphoribosyltransferase,Unmatched,0,0,0
BHKFFO_05625 hypothetical protein,Unmatched,0,0,0
BHKFFO_05630 2Fe-2S ferredoxin,Unmatched,0,0,0
BHKFFO_05635 L-glutamate gamma-semialdehyde dehydrogenase,Unmatched,0,0,0
BHKFFO_05640 alpha-D-glucose phosphate-specific phosphoglucomutase,Unmatched,0,0,0
BHKFFO_05645 TerB family tellurite resistance protein,Unmatched,0,0,0
BHKFFO_05650 16S rRNA (cytosine(967)-C(5))-methyltransferase,Unmatched,0,0,0
BHKFFO_05655 serine esterase,Unmatched,0,0,0
BHKFFO_05660 Transposase,Unmatched,0,0,0
BHKFFO_05665 hypothetical protein,Unmatched,0,0,0
BHKFFO_05670 hypothetical protein,Unmatched,0,0,0
BHKFFO_05675 hypothetical protein,Unmatched,0,0,0
BHKFFO_05680 serine/threonine protein kinase,Unmatched,0,0,0
BHKFFO_05685 AAA-like domain-containing protein,Unmatched,0,0,0
BHKFFO_05690 hypothetical protein,Unmatched,0,0,0
BHKFFO_05695 Transposase,Unmatched,0,0,0
BHKFFO_05710 hypothetical protein,Unmatched,0,0,0
BHKFFO_05715 peptide deformylase,Unmatched,0,0,0
BHKFFO_05720 serine/threonine protein kinase,Unmatched,0,0,0
BHKFFO_05725 farnesyl-diphosphate synthase,Unmatched,0,0,0
BHKFFO_05730 acid phosphatase,Unmatched,0,0,0
BHKFFO_05735 4-hydroxy-tetrahydrodipicolinate reductase,Unmatched,0,0,0
BHKFFO_05740 signal peptidase,Unmatched,0,0,0
BHKFFO_05745 hypothetical protein,Unmatched,0,0,0
BHKFFO_05750 DNA polymerase subunit beta,Unmatched,0,0,0
BHKFFO_05755 hypothetical protein,Unmatched,0,0,0
BHKFFO_05760 hypothetical protein,Unmatched,0,0,0
BHKFFO_05765 hypothetical protein,Unmatched,0,0,0
BHKFFO_05775 hypothetical protein,Unmatched,0,0,0
BHKFFO_05780 sterol C5-desaturase,Unmatched,0,0,0
BHKFFO_05785 NTPase (NACHT family),Unmatched,0,0,0
BHKFFO_05790 B12-binding domain-containing radical SAM protein,Unmatched,0,0,0
BHKFFO_05795 RRXRR domain-containing protein,Unmatched,0,0,0
BHKFFO_05800 hypothetical protein,Unmatched,0,0,0
BHKFFO_05805 transglutaminase family protein,Unmatched,0,0,0
"BHKFFO_05810 Glycosyl-4,4'-diaponeurosporenoate acyltransferase",Unmatched,0,0,0
BHKFFO_05815 glycosyl transferase family 2,Unmatched,0,0,0
BHKFFO_05820 hypothetical protein,Unmatched,0,0,0
BHKFFO_05825 Type II restriction enzyme NspV-like protein,Unmatched,0,0,0
BHKFFO_05830 transporter,Unmatched,0,0,0
BHKFFO_05835 Ca(2+)/H(+) antiporter,Unmatched,0,0,0
BHKFFO_05840 phosphate ABC transporter ATP-binding protein PstB,Unmatched,0,0,0
BHKFFO_05845 phosphate ABC transporter permease PstA,Unmatched,0,0,0
BHKFFO_05850 phosphate ABC transporter permease subunit PstC,Unmatched,0,0,0
BHKFFO_05855 hypothetical protein,Unmatched,0,0,0
BHKFFO_05860 hybrid sensor histidine kinase/response regulator,Unmatched,0,0,0
BHKFFO_05865 circadian clock protein KaiA,Unmatched,0,0,0
BHKFFO_05870 circadian clock protein KaiB,Unmatched,0,0,0
BHKFFO_05875 circadian clock protein KaiC,Unmatched,0,0,0
BHKFFO_05880 Lysylphosphatidylglycerol synthase TM region,Unmatched,0,0,0
BHKFFO_05885 sulfotransferase,Unmatched,0,0,0
BHKFFO_05890 hypothetical protein,Unmatched,0,0,0
BHKFFO_05895 C2H2-type domain-containing protein,Unmatched,0,0,0
BHKFFO_05900 Transposase,Unmatched,0,0,0
BHKFFO_05905 aspartate aminotransferase family protein,Unmatched,0,0,0
BHKFFO_05910 photosystem I reaction center subunit IV,Unmatched,0,0,0
BHKFFO_05915 hypothetical protein,Unmatched,0,0,0
BHKFFO_05920 Slr0723 protein,Unmatched,0,0,0
BHKFFO_05925 16S rRNA (uracil(1498)-N(3))-methyltransferase,Unmatched,0,0,0
BHKFFO_05930 hypothetical protein,Unmatched,0,0,0
BHKFFO_05935 restriction endonuclease,Unmatched,0,0,0
BHKFFO_05940 hypothetical protein,Unmatched,0,0,0
BHKFFO_05945 chromosome segregation protein SMC,Unmatched,0,0,0
BHKFFO_05950 hypothetical protein,Unmatched,0,0,0
BHKFFO_05955 hypothetical protein,Unmatched,0,0,0
BHKFFO_05960 hypothetical protein,Unmatched,0,0,0
BHKFFO_05965 nitrogenase,Unmatched,0,0,0
BHKFFO_05970 arginine--tRNA ligase,Unmatched,0,0,0
BHKFFO_05975 PIN domain nuclease,Unmatched,0,0,0
BHKFFO_05980 DUF2281 domain-containing protein,Unmatched,0,0,0
"BHKFFO_05985 2-C-methyl-D-erythritol 2,4-cyclodiphosphate synthase",Unmatched,0,0,0
BHKFFO_05990 DUF4276 domain-containing protein,Unmatched,0,0,0
BHKFFO_05995 ATPase,Unmatched,0,0,0
BHKFFO_06000 hypothetical protein,Unmatched,0,0,0
BHKFFO_06005 Protein translocase subunit SecA,Unmatched,0,0,0
BHKFFO_06010 IrrE N-terminal-like domain-containing protein,Unmatched,0,0,0
BHKFFO_06015 hypothetical protein,Unmatched,0,0,0
BHKFFO_06020 DNA methyltransferase,Unmatched,0,0,0
BHKFFO_06025 CbamoylP-synth-lsu-like-ATP-bd domain-containing protein,Unmatched,0,0,0
BHKFFO_06030 PIN-10 domain-containing protein,Unmatched,0,0,0
BHKFFO_06035 hypothetical protein,Unmatched,0,0,0
BHKFFO_06040 response regulator,Unmatched,0,0,0
BHKFFO_06045 DUF5615 domain-containing protein,Unmatched,0,0,0
BHKFFO_06050 hypothetical protein,Unmatched,0,0,0
BHKFFO_06055 Serine protease,Unmatched,0,0,0
BHKFFO_06060 Trypco1 domain-containing protein,Unmatched,0,0,0
BHKFFO_06065 hypothetical protein,Unmatched,0,0,0
BHKFFO_06070 DDE-Tnp-IS66 domain-containing protein,Unmatched,0,0,0
BHKFFO_06075 hydrolase,Unmatched,0,0,0
BHKFFO_06080 1-acyl-sn-glycerol-3-phosphate acyltransferase,Unmatched,0,0,0
BHKFFO_06085 phosphatidate cytidylyltransferase,Unmatched,0,0,0
BHKFFO_06090 CDP-alcohol phosphatidyltransferase,Unmatched,0,0,0
BHKFFO_06095 ACP S-malonyltransferase,Unmatched,0,0,0
BHKFFO_06100 DUF433 domain-containing protein,Unmatched,0,0,0
BHKFFO_06105 hypothetical protein,Unmatched,0,0,0
BHKFFO_06110 DUF29 domain-containing protein,Unmatched,0,0,0
BHKFFO_06115 DUF29 domain-containing protein,Unmatched,0,0,0
BHKFFO_06120 photosystem II chlorophyll-binding protein CP47,Unmatched,0,0,0
BHKFFO_06125 hypothetical protein,Unmatched,0,0,0
BHKFFO_06130 twin-arginine translocase subunit TatC,Unmatched,0,0,0
BHKFFO_06135 ApeA-NTD1 domain-containing protein,Unmatched,0,0,0
BHKFFO_06140 quinolinate synthase NadA,Unmatched,0,0,0
BHKFFO_06145 galactosyl-1-phosphate transferase,Unmatched,0,0,0
BHKFFO_06150 phosphatidate cytidylyltransferase,Unmatched,0,0,0
BHKFFO_06155 aldose epimerase,Unmatched,0,0,0
BHKFFO_06160 tRNA-Lys(ttt),Unmatched,0,0,0
BHKFFO_06165 tRNA (adenosine(37)-N6)-threonylcarbamoyltransferase complex dimerization subunit type 1 TsaB,Unmatched,0,0,0
BHKFFO_06170 alkaline phosphatase,Unmatched,0,0,0
BHKFFO_06175 serine O-acetyltransferase,Unmatched,0,0,0
BHKFFO_06180 excinuclease ABC subunit UvrA,Unmatched,0,0,0
BHKFFO_06185 class I SAM-dependent methyltransferase,Unmatched,0,0,0
BHKFFO_06190 hypothetical protein,Unmatched,0,0,0
BHKFFO_06195 hypothetical protein,Unmatched,0,0,0
BHKFFO_06200 VapC toxin family PIN domain ribonuclease,Unmatched,0,0,0
BHKFFO_06205 ferredoxin--nitrite reductase,Unmatched,0,0,0
BHKFFO_06210 protein sphX,Unmatched,0,0,0
BHKFFO_06215 phosphate ABC transporter substrate-binding protein PstS,Unmatched,0,0,0
BHKFFO_06220 phosphate ABC transporter permease subunit PstC,Unmatched,0,0,0
BHKFFO_06225 phosphate ABC transporter permease PstA,Unmatched,0,0,0
BHKFFO_06230 phosphate ABC transporter ATP-binding protein PstB,Unmatched,0,0,0
BHKFFO_06235 phosphate ABC transporter ATP-binding protein PstB,Unmatched,0,0,0
BHKFFO_06240 hypothetical protein,Unmatched,0,0,0
BHKFFO_06245 hypothetical protein,Unmatched,0,0,0
BHKFFO_06250 hypothetical protein,Unmatched,0,0,0
BHKFFO_06255 protein sphX,Unmatched,0,0,0
BHKFFO_06260 phosphate ABC transporter substrate-binding protein PstS,Unmatched,0,0,0
BHKFFO_06265 phosphate ABC transporter permease subunit PstC,Unmatched,0,0,0
BHKFFO_06270 phosphate ABC transporter permease PstA,Unmatched,0,0,0
BHKFFO_06275 phosphate ABC transporter ATP-binding protein PstB,Unmatched,0,0,0
BHKFFO_06280 type I methionyl aminopeptidase,Unmatched,0,0,0
BHKFFO_06285 aldo/keto reductase,Unmatched,0,0,0
"BHKFFO_06290 cob(I)yrinic acid a,c-diamide adenosyltransferase",Unmatched,0,0,0
BHKFFO_06295 Putative restriction endonuclease,Unmatched,0,0,0
BHKFFO_06300 hypothetical protein,Unmatched,0,0,0
BHKFFO_06305 hypothetical protein,Unmatched,0,0,0
BHKFFO_06310 hypothetical protein,Unmatched,0,0,0
BHKFFO_06315 DUF5615 domain-containing protein,Unmatched,0,0,0
BHKFFO_06320 hypothetical protein,Unmatched,0,0,0
BHKFFO_06325 hypothetical protein,Unmatched,0,0,0
BHKFFO_06330 TM2 domain-containing protein,Unmatched,0,0,0
BHKFFO_06335 DNA uptake protein,Unmatched,0,0,0
BHKFFO_06340 DNA gyrase subunit A,Unmatched,0,0,0
BHKFFO_06345 Mobile element protein,Unmatched,0,0,0
BHKFFO_06350 hypothetical protein,Unmatched,0,0,0
BHKFFO_06355 histidinol dehydrogenase,Unmatched,0,0,0
BHKFFO_06360 hypothetical protein,Unmatched,0,0,0
BHKFFO_06365 hypothetical protein,Unmatched,0,0,0
BHKFFO_06370 DUF29 domain-containing protein,Unmatched,0,0,0
BHKFFO_06375 hypothetical protein,Unmatched,0,0,0
BHKFFO_06380 DUF29 domain-containing protein,Unmatched,0,0,0
BHKFFO_06385 peptidase C69,Unmatched,0,0,0
BHKFFO_06390 DUF456 domain-containing protein,Unmatched,0,0,0
BHKFFO_06395 Metalloprotease slr1322,Unmatched,0,0,0
BHKFFO_06400 hypothetical protein,Unmatched,0,0,0
BHKFFO_06405 hypothetical protein,Unmatched,0,0,0
BHKFFO_06410 DNA (cytosine-5-)-methyltransferase,Unmatched,0,0,0
BHKFFO_06415 PIN domain-containing protein,Unmatched,0,0,0
BHKFFO_06420 hypothetical protein,Unmatched,0,0,0
BHKFFO_06425 Programmed cell death antitoxin MazE,Unmatched,0,0,0
BHKFFO_06430 aromatic acid decarboxylase,Unmatched,0,0,0
BHKFFO_06435 HEAT domain-containing protein,Unmatched,0,0,0
BHKFFO_06440 tRNA-Phe(gaa),Unmatched,0,0,0
BHKFFO_06445 ATPase,Unmatched,0,0,0
"BHKFFO_06450 1,4-alpha-glucan branching enzyme",Unmatched,0,0,0
BHKFFO_06455 TatA/E family twin arginine-targeting protein translocase,Unmatched,0,0,0
BHKFFO_06460 photosystem II reaction center protein PsbH,Unmatched,0,0,0
BHKFFO_06465 superoxide dismutase [Fe],Unmatched,0,0,0
BHKFFO_06470 alpha/beta hydrolase,Unmatched,0,0,0
BHKFFO_06475 S-adenosyl-L-methionine-dependent methyltransferase,Unmatched,0,0,0
BHKFFO_06480 Secreted effector protein PipB2,Unmatched,0,0,0
BHKFFO_06485 nitrate reductase catalytic subunit,Unmatched,0,0,0
BHKFFO_06490 DNA polymerase III subunit gamma/tau,Unmatched,0,0,0
BHKFFO_06495 Grx4 family monothiol glutaredoxin,Unmatched,0,0,0
BHKFFO_06500 DUF2281 domain-containing protein,Unmatched,0,0,0
BHKFFO_06505 nucleic acid-binding protein,Unmatched,0,0,0
BHKFFO_06510 mechanosensitive ion channel family protein,Unmatched,0,0,0
BHKFFO_06515 lipoyl synthase,Unmatched,0,0,0
BHKFFO_06520 hypothetical protein,Unmatched,0,0,0
BHKFFO_06525 hypothetical protein,Unmatched,0,0,0
"BHKFFO_06530 addiction module toxin, HicA family",Unmatched,0,0,0
BHKFFO_06535 glycosyltransferase family 1 protein,Unmatched,0,0,0
BHKFFO_06540 Similar to tr|Q8YXU2|Q8YXU2,Unmatched,0,0,0
BHKFFO_06545 HAD family hydrolase,Unmatched,0,0,0
BHKFFO_06550 phosphoheptose isomerase,Unmatched,0,0,0
BHKFFO_06555 dehydrogenase,Unmatched,0,0,0
BHKFFO_06560 D-glycero-D-manno-heptose 1-phosphate guanosyltransferase,Unmatched,0,0,0
BHKFFO_06565 hypothetical protein,Unmatched,0,0,0
BHKFFO_06600 PIN domain-containing protein,Unmatched,0,0,0
BHKFFO_06605 hypothetical protein,Unmatched,0,0,0
BHKFFO_06610 AAA-like domain-containing protein,Unmatched,0,0,0
"BHKFFO_06615 lignostilbene-alpha,beta-dioxygenase",Unmatched,0,0,0
BHKFFO_06620 serine/threonine protein kinase,Unmatched,0,0,0
BHKFFO_06625 mercuric reductase,Unmatched,0,0,0
BHKFFO_06630 TVP38/TMEM64 family protein,Unmatched,0,0,0
BHKFFO_06635 cyanoexosortase B system-associated protein,Unmatched,0,0,0
BHKFFO_06640 cyanoexosortase B,Unmatched,0,0,0
BHKFFO_06645 erythromycin biosynthesis sensory transduction protein eryC1,Unmatched,0,0,0
BHKFFO_06650 molybdenum cofactor guanylyltransferase,Unmatched,0,0,0
BHKFFO_06655 Heat shock protein 40,Unmatched,0,0,0
BHKFFO_06660 transcriptional repressor,Unmatched,0,0,0
BHKFFO_06665 cysteine desulfuration protein SufE,Unmatched,0,0,0
BHKFFO_06670 growth inhibitor PemK,Unmatched,0,0,0
BHKFFO_06675 hypothetical protein,Unmatched,0,0,0
BHKFFO_06680 PEP-CTERM sorting domain-containing protein,Unmatched,0,0,0
BHKFFO_06685 hypothetical protein,Unmatched,0,0,0
BHKFFO_06690 DNA-directed RNA polymerase subunit omega,Unmatched,0,0,0
BHKFFO_06695 hypothetical protein,Unmatched,0,0,0
BHKFFO_06700 FUSC family protein,Unmatched,0,0,0
BHKFFO_06705 ATP-binding protein,Unmatched,0,0,0
BHKFFO_06710 hypothetical protein,Unmatched,0,0,0
BHKFFO_06715 choloylglycine hydrolase,Unmatched,0,0,0
BHKFFO_06720 isopropylmalate isomerase,Unmatched,0,0,0
BHKFFO_06725 Aklanonic acid methyltransferase DauC,Unmatched,0,0,0
BHKFFO_06730 bifunctional adenosylcobinamide kinase/adenosylcobinamide-phosphate guanylyltransferase,Unmatched,0,0,0
BHKFFO_06735 mannose-6-phosphate isomerase,Unmatched,0,0,0
BHKFFO_06740 flotillin family protein,Unmatched,0,0,0
BHKFFO_06745 hypothetical protein,Unmatched,0,0,0
BHKFFO_06750 Putative restriction endonuclease,Unmatched,0,0,0
BHKFFO_06755 SagB-type dehydrogenase domain-containing protein,Unmatched,0,0,0
BHKFFO_06760 taurine catabolism dioxygenase TauD,Unmatched,0,0,0
BHKFFO_06765 class I SAM-dependent methyltransferase,Unmatched,0,0,0
BHKFFO_06770 hypothetical protein,Unmatched,0,0,0
BHKFFO_06775 phosphoribosylamine--glycine ligase,Unmatched,0,0,0
BHKFFO_06780 glycosyltransferase WbuB,Unmatched,0,0,0
BHKFFO_06785 hypothetical protein,Unmatched,0,0,0
BHKFFO_06790 polysaccharide deacetylase,Unmatched,0,0,0
BHKFFO_06795 hypothetical protein,Unmatched,0,0,0
BHKFFO_06800 Formylglycine-generating enzyme family protein,Unmatched,0,0,0
BHKFFO_06805 hypothetical protein,Unmatched,0,0,0
BHKFFO_06810 Lactamase-B domain-containing protein,Unmatched,0,0,0
BHKFFO_06815 hypothetical protein,Unmatched,0,0,0
BHKFFO_06820 hypothetical protein,Unmatched,0,0,0
BHKFFO_06825 DUF1049 domain-containing protein,Unmatched,0,0,0
BHKFFO_06830 Dimer-Tnp-Tn5 domain-containing protein,Unmatched,0,0,0
BHKFFO_06840 NAD(P)H-dependent glycerol-3-phosphate dehydrogenase,Unmatched,0,0,0
BHKFFO_06845 NUDIX hydrolase,Unmatched,0,0,0
BHKFFO_06850 ABC transporter permease,Unmatched,0,0,0
BHKFFO_06855 efflux transporter periplasmic adaptor subunit,Unmatched,0,0,0
BHKFFO_06860 cytochrome c biogenesis factor,Unmatched,0,0,0
BHKFFO_06865 hypothetical protein,Unmatched,0,0,0
BHKFFO_06870 hypothetical protein,Unmatched,0,0,0
"BHKFFO_06875 HicA toxin of bacterial toxin-antitoxin,",Unmatched,0,0,0
BHKFFO_06880 HicB-like domain-containing protein,Unmatched,0,0,0
BHKFFO_06885 hypothetical protein,Unmatched,0,0,0
BHKFFO_06890 hypothetical protein,Unmatched,0,0,0
BHKFFO_06895 CHAT domain-containing protein,Unmatched,0,0,0
BHKFFO_06900 glycosyl transferase family 2,Unmatched,0,0,0
BHKFFO_06905 NAD(P)/FAD-dependent oxidoreductase,Unmatched,0,0,0
BHKFFO_06910 Similar to Q3M894_ANAVT S-layer region-like,Unmatched,0,0,0
BHKFFO_06915 cadmium-translocating P-type ATPase,Unmatched,0,0,0
BHKFFO_06920 diversity-generating retroelement protein bAvd family protein,Unmatched,0,0,0
BHKFFO_06925 uroporphyrinogen decarboxylase,Unmatched,0,0,0
BHKFFO_06930 epimerase,Unmatched,0,0,0
BHKFFO_06935 cytochrome C biogenesis protein,Unmatched,0,0,0
BHKFFO_06940 glyoxalase,Unmatched,0,0,0
BHKFFO_06945 ABC transporter substrate-binding protein,Unmatched,0,0,0
BHKFFO_06950 peptide ABC transporter substrate-binding protein,Unmatched,0,0,0
BHKFFO_06955 hypothetical protein,Unmatched,0,0,0
BHKFFO_06960 hypothetical protein,Unmatched,0,0,0
BHKFFO_06965 DUF433 domain-containing protein,Unmatched,0,0,0
BHKFFO_06970 ACP S-malonyltransferase,Unmatched,0,0,0
BHKFFO_06975 hypothetical protein,Unmatched,0,0,0
BHKFFO_06980 UDP-N-acetylmuramate dehydrogenase,Unmatched,0,0,0
BHKFFO_06985 UDP-N-acetylmuramate--L-alanine ligase,Unmatched,0,0,0
BHKFFO_06990 type I glyceraldehyde-3-phosphate dehydrogenase,Unmatched,0,0,0
BHKFFO_06995 iron export ABC transporter permease subunit FetB,Unmatched,0,0,0
BHKFFO_07000 Cys/Met metabolism pyridoxal-phosphate-dependent enzyme,Unmatched,0,0,0
BHKFFO_07005 hypothetical protein,Unmatched,0,0,0
BHKFFO_07010 hypothetical protein,Unmatched,0,0,0
BHKFFO_07015 hypothetical protein,Unmatched,0,0,0
BHKFFO_07020 CP12 domain-containing protein,Unmatched,0,0,0
BHKFFO_07025 hypothetical protein,Unmatched,0,0,0
BHKFFO_07030 LysR family transcriptional regulator,Unmatched,0,0,0
BHKFFO_07035 Truncated BicA,Unmatched,0,0,0
BHKFFO_07040 Uncharacterized conserved protein Alr0986,Unmatched,0,0,0
BHKFFO_07045 Membrane-associated protein slr1513,Unmatched,0,0,0
BHKFFO_07050 sodium:proton antiporter,Unmatched,0,0,0
BHKFFO_07055 hypothetical protein,Unmatched,0,0,0
"BHKFFO_07060 2-hydroxy-6-oxohepta-2,4-dienoate hydrolase",Unmatched,0,0,0
BHKFFO_07065 DUF541 domain-containing protein,Unmatched,0,0,0
BHKFFO_07070 hypothetical protein,Unmatched,0,0,0
BHKFFO_07075 hypothetical protein,Unmatched,0,0,0
BHKFFO_07080 nucleic acid-binding protein,Unmatched,0,0,0
BHKFFO_07085 hypothetical protein,Unmatched,0,0,0
BHKFFO_07090 Putative restriction endonuclease,Unmatched,0,0,0
BHKFFO_07095 nitrate ABC transporter permease,Unmatched,0,0,0
BHKFFO_07100 twin-arginine translocation pathway signal protein,Unmatched,0,0,0
BHKFFO_07105 bacitracin ABC transporter ATP-binding protein,Unmatched,0,0,0
BHKFFO_07110 UDP-N-acetylglucosamine 1-carboxyvinyltransferase,Unmatched,0,0,0
BHKFFO_07115 tRNA-Leu(cag),Unmatched,0,0,0
BHKFFO_07120 rRNA methyltransferase,Unmatched,0,0,0
BHKFFO_07125 Hypoth-Ymh domain-containing protein,Unmatched,0,0,0
BHKFFO_07130 hypothetical protein,Unmatched,0,0,0
BHKFFO_07135 hypothetical protein,Unmatched,0,0,0
BHKFFO_07140 Photosystem II reaction center X protein,Unmatched,0,0,0
BHKFFO_07145 ComF family protein,Unmatched,0,0,0
BHKFFO_07150 hypothetical protein,Unmatched,0,0,0
BHKFFO_07155 hypothetical protein,Unmatched,0,0,0
BHKFFO_07160 Putative sulfate transporter,Unmatched,0,0,0
BHKFFO_07165 DUF2252 domain-containing protein,Unmatched,0,0,0
BHKFFO_07170 DUF4346 domain-containing protein,Unmatched,0,0,0
BHKFFO_07175 branched-chain amino acid ABC transporter permease,Unmatched,0,0,0
BHKFFO_07180 hypothetical protein,Unmatched,0,0,0
BHKFFO_07185 5-(carboxyamino)imidazole ribonucleotide synthase,Unmatched,0,0,0
BHKFFO_07190 lipolytic protein G-D-S-L family,Unmatched,0,0,0
BHKFFO_07195 hypothetical protein,Unmatched,0,0,0
BHKFFO_07200 histidine kinase,Unmatched,0,0,0
BHKFFO_07205 argininosuccinate synthase,Unmatched,0,0,0
BHKFFO_07210 hypothetical protein,Unmatched,0,0,0
BHKFFO_07215 FdxN element excision controlling factor protein,Unmatched,0,0,0
BHKFFO_07220 XisI protein,Unmatched,0,0,0
BHKFFO_07235 Similar to tr|P73904|P73904,Unmatched,0,0,0
BHKFFO_07240 Similarity,Unmatched,0,0,0
"BHKFFO_07245 type II toxin-antitoxin system mRNA interferase toxin, RelE/StbE family",Unmatched,0,0,0
BHKFFO_07250 DUF433 domain-containing protein,Unmatched,0,0,0
BHKFFO_07260 putative permease,Unmatched,0,0,0
BHKFFO_07265 TIGR03943 family protein,Unmatched,0,0,0
BHKFFO_07270 Big-5 domain-containing protein,Unmatched,0,0,0
BHKFFO_07275 aldehyde dehydrogenase family protein,Unmatched,0,0,0
BHKFFO_07280 isochorismate synthase,Unmatched,0,0,0
BHKFFO_07285 ferredoxin,Unmatched,0,0,0
BHKFFO_07290 hypothetical protein,Unmatched,0,0,0
BHKFFO_07295 thiol:disulfide interchange protein,Unmatched,0,0,0
BHKFFO_07300 hypothetical protein,Unmatched,0,0,0
BHKFFO_07305 hypothetical protein,Unmatched,0,0,0
BHKFFO_07310 ATP-dependent zinc metalloprotease FtsH,Unmatched,0,0,0
BHKFFO_07315 c-type cytochrome biogenesis protein CcsB,Unmatched,0,0,0
BHKFFO_07320 aspartoacylase,Unmatched,0,0,0
BHKFFO_07325 serine/threonine protein kinase,Unmatched,0,0,0
BHKFFO_07330 AAA+ family ATPase,Unmatched,0,0,0
BHKFFO_07335 Putative restriction endonuclease,Unmatched,0,0,0
BHKFFO_07340 Putative restriction endonuclease,Unmatched,0,0,0
BHKFFO_07345 DUF3084 domain-containing protein,Unmatched,0,0,0
BHKFFO_07350 global nitrogen regulator NtcA,Unmatched,0,0,0
BHKFFO_07355 enoyl-ACP reductase FabI,Unmatched,0,0,0
BHKFFO_07360 Restriction endonuclease subunit S,Unmatched,0,0,0
BHKFFO_07365 heavy metal transporter,Unmatched,0,0,0
BHKFFO_07370 Recombinational DNA repair ATPase RecF,Unmatched,0,0,0
BHKFFO_07375 Nif11-like leader peptide family natural product precursor,Unmatched,0,0,0
BHKFFO_07380 carbon dioxide-concentrating protein CcmK,Unmatched,0,0,0
BHKFFO_07385 Carboxysome shell protein CcmK,Unmatched,0,0,0
BHKFFO_07390 carbon dioxide concentrating mechanism protein CcmL,Unmatched,0,0,0
BHKFFO_07395 carbon dioxide concentrating mechanism protein CcmM,Unmatched,0,0,0
BHKFFO_07400 carbon dioxide concentrating mechanism protein,Unmatched,0,0,0
BHKFFO_07405 Ribulose bisphosphate carboxylase large chain,Unmatched,0,0,0
BHKFFO_07410 RbcX chaperonin protein,Unmatched,0,0,0
BHKFFO_07415 ribulose bisphosphate carboxylase small subunit,Unmatched,0,0,0
BHKFFO_07420 hypothetical protein,Unmatched,0,0,0
BHKFFO_07425 hypothetical protein,Unmatched,0,0,0
BHKFFO_07430 hypothetical protein,Unmatched,0,0,0
BHKFFO_07435 Yae1-N domain-containing protein,Unmatched,0,0,0
BHKFFO_07440 hypothetical protein,Unmatched,0,0,0
BHKFFO_07445 hypothetical protein,Unmatched,0,0,0
BHKFFO_07450 nucleic acid-binding protein,Unmatched,0,0,0
BHKFFO_07455 hypothetical protein,Unmatched,0,0,0
BHKFFO_07460 pseudouridine synthase,Unmatched,0,0,0
BHKFFO_07465 DUF4115 domain-containing protein,Unmatched,0,0,0
BHKFFO_07470 hypothetical protein,Unmatched,0,0,0
BHKFFO_07475 hypothetical protein,Unmatched,0,0,0
BHKFFO_07480 Sua5/YciO/YrdC/YwlC family protein,Unmatched,0,0,0
BHKFFO_07485 sensor histidine kinase,Unmatched,0,0,0
BHKFFO_07490 GNAT family N-acetyltransferase,Unmatched,0,0,0
BHKFFO_07495 DUF4335 domain-containing protein,Unmatched,0,0,0
BHKFFO_07500 DUF3038 domain-containing protein,Unmatched,0,0,0
BHKFFO_07505 hypothetical protein,Unmatched,0,0,0
BHKFFO_07510 ATP-dependent zinc metalloprotease FtsH4,Unmatched,0,0,0
BHKFFO_07515 histidine kinase,Unmatched,0,0,0
BHKFFO_07520 recombinase,Unmatched,0,0,0
BHKFFO_07525 hypothetical protein,Unmatched,0,0,0
BHKFFO_07530 thioredoxin,Unmatched,0,0,0
BHKFFO_07535 DUF5131 domain-containing protein,Unmatched,0,0,0
BHKFFO_07540 RluA family pseudouridine synthase,Unmatched,0,0,0
BHKFFO_07545 saccharopine dehydrogenase-like oxidoreductase,Unmatched,0,0,0
BHKFFO_07550 DUF2997 domain-containing protein,Unmatched,0,0,0
BHKFFO_07555 DUF1257 domain-containing protein,Unmatched,0,0,0
BHKFFO_07560 ferredoxin,Unmatched,0,0,0
BHKFFO_07565 hypothetical protein,Unmatched,0,0,0
BHKFFO_07570 DUF6516 domain-containing protein,Unmatched,0,0,0
BHKFFO_07575 hypothetical protein,Unmatched,0,0,0
BHKFFO_07580 hypothetical protein,Unmatched,0,0,0
BHKFFO_07585 DUF4160 domain-containing protein,Unmatched,0,0,0
BHKFFO_07590 DUF2442 domain-containing protein,Unmatched,0,0,0
"BHKFFO_07595 Endonuclease, Uma2 family (restriction endonuclease fold)",Unmatched,0,0,0
BHKFFO_07600 DUF29 domain-containing protein,Unmatched,0,0,0
BHKFFO_07605 HD domain-containing protein,Unmatched,0,0,0
BHKFFO_07610 DUF3782 domain-containing protein,Unmatched,0,0,0
BHKFFO_07615 PEP-CTERM sorting domain-containing protein,Unmatched,0,0,0
BHKFFO_07620 30S ribosomal protein S6,Unmatched,0,0,0
BHKFFO_07625 hypothetical protein,Unmatched,0,0,0
BHKFFO_07630 transcriptional repressor,Unmatched,0,0,0
BHKFFO_07635 DUF3685 domain-containing protein,Unmatched,0,0,0
BHKFFO_07640 lysine--tRNA ligase,Unmatched,0,0,0
BHKFFO_07645 TIGR04376 family protein,Unmatched,0,0,0
BHKFFO_07650 alpha/beta hydrolase,Unmatched,0,0,0
BHKFFO_07655 (E)-4-hydroxy-3-methylbut-2-enyl-diphosphate synthase,Unmatched,0,0,0
BHKFFO_07660 histidinol-phosphate transaminase,Unmatched,0,0,0
BHKFFO_07665 cobaltochelatase,Unmatched,0,0,0
BHKFFO_07670 tRNA pseudouridine(55) synthase TruB,Unmatched,0,0,0
BHKFFO_07675 tRNA (adenosine(37)-N6)-threonylcarbamoyltransferase complex transferase subunit TsaD,Unmatched,0,0,0
BHKFFO_07680 5-oxoprolinase,Unmatched,0,0,0
BHKFFO_07685 hypothetical protein,Unmatched,0,0,0
BHKFFO_07690 DNA-binding response regulator,Unmatched,0,0,0
BHKFFO_07695 DUF1997 domain-containing protein,Unmatched,0,0,0
BHKFFO_07700 (2Fe-2S)-binding protein,Unmatched,0,0,0
BHKFFO_07705 DUF362 domain-containing protein,Unmatched,0,0,0
BHKFFO_07710 tRNA dihydrouridine(20/20a) synthase DusA,Unmatched,0,0,0
BHKFFO_07715 hypothetical protein,Unmatched,0,0,0
BHKFFO_07720 glucose-1-phosphate adenylyltransferase,Unmatched,0,0,0
BHKFFO_07725 Patatin-like phospholipase,Unmatched,0,0,0
BHKFFO_07730 Tol biopolymer transporter periplasmic protein,Unmatched,0,0,0
BHKFFO_07735 biopolymer transporter Tol,Unmatched,0,0,0
BHKFFO_07740 Ycf66 protein N-terminus,Unmatched,0,0,0
BHKFFO_07745 S-layer protein,Unmatched,0,0,0
BHKFFO_07750 pyruvate kinase,Unmatched,0,0,0
BHKFFO_07755 phycocyanobilin lyase,Unmatched,0,0,0
BHKFFO_07760 DUF29 domain-containing protein,Unmatched,0,0,0
BHKFFO_07765 site-specific DNA-methyltransferase,Unmatched,0,0,0
BHKFFO_07770 hypothetical protein,Unmatched,0,0,0
BHKFFO_07775 LPP domain-containing protein,Unmatched,0,0,0
BHKFFO_07780 urease subunit alpha,Unmatched,0,0,0
BHKFFO_07785 5' ureB small RNA,Unmatched,0,0,0
BHKFFO_07790 hypothetical protein,Unmatched,0,0,0
BHKFFO_07795 hypothetical protein,Unmatched,0,0,0
BHKFFO_07800 ATP-binding protein,Unmatched,0,0,0
BHKFFO_07805 bifunctional aconitate hydratase 2/2-methylisocitrate dehydratase,Unmatched,0,0,0
BHKFFO_07810 deoxyribose-phosphate aldolase,Unmatched,0,0,0
BHKFFO_07815 HAD family hydrolase,Unmatched,0,0,0
BHKFFO_07820 ATP phosphoribosyltransferase,Unmatched,0,0,0
BHKFFO_07825 chromate transporter,Unmatched,0,0,0
BHKFFO_07830 TIGR03032 family protein,Unmatched,0,0,0
BHKFFO_07835 tRNA-Ile2(cat),Unmatched,0,0,0
BHKFFO_07840 hypothetical protein,Unmatched,0,0,0
BHKFFO_07845 Magnesium and cobalt efflux protein CorC,Unmatched,0,0,0
BHKFFO_07850 murein transglycosylase,Unmatched,0,0,0
BHKFFO_07855 GRRM system radical SAM/SPASM domain protein,Unmatched,0,0,0
BHKFFO_07860 Uma2 domain-containing protein,Unmatched,0,0,0
BHKFFO_07865 LysR family transcriptional regulator,Unmatched,0,0,0
BHKFFO_07870 NAD(P)H-quinone oxidoreductase subunit F,Unmatched,0,0,0
BHKFFO_07875 carbonate dehydratase,Unmatched,0,0,0
BHKFFO_07880 NADH-quinone oxidoreductase subunit M,Unmatched,0,0,0
BHKFFO_07885 carbon dioxide transporter,Unmatched,0,0,0
BHKFFO_07890 dephospho-CoA kinase,Unmatched,0,0,0
BHKFFO_07895 phosphoribosylaminoimidazolesuccinocarboxamide synthase,Unmatched,0,0,0
BHKFFO_07900 Isopropylmalate/homocitrate/citramalate synthase,Unmatched,0,0,0
BHKFFO_07905 threonine--tRNA ligase,Unmatched,0,0,0
BHKFFO_07910 metal ABC transporter substrate-binding protein,Unmatched,0,0,0
BHKFFO_07915 cobalamin biosynthesis protein CobW,Unmatched,0,0,0
BHKFFO_07920 DUF4079 domain-containing protein,Unmatched,0,0,0
BHKFFO_07925 aminopeptidase,Unmatched,0,0,0
BHKFFO_07930 thiol-disulfide oxidoreductase,Unmatched,0,0,0
BHKFFO_07935 DUF475 domain-containing protein,Unmatched,0,0,0
BHKFFO_07940 photosystem I reaction center subunit XII,Unmatched,0,0,0
BHKFFO_07945 hypothetical protein,Unmatched,0,0,0
BHKFFO_07950 hypothetical protein,Unmatched,0,0,0
BHKFFO_07955 RNA methyltransferase,Unmatched,0,0,0
BHKFFO_07960 malate dehydrogenase,Unmatched,0,0,0
BHKFFO_07965 NAD(P)H-quinone oxidoreductase subunit O,Unmatched,0,0,0
BHKFFO_07970 GHL10 domain-containing protein,Unmatched,0,0,0
BHKFFO_07975 UDP-N-acetylmuramoyl-L-alanine--D-glutamate ligase,Unmatched,0,0,0
BHKFFO_07980 hypothetical protein,Unmatched,0,0,0
BHKFFO_07985 peptide chain release factor 2,Unmatched,0,0,0
BHKFFO_07990 MloB,Unmatched,0,0,0
BHKFFO_07995 cytochrome-c oxidase,Unmatched,0,0,0
BHKFFO_08000 ferrochelatase,Unmatched,0,0,0
BHKFFO_08005 SAM-dependent methyltransferase,Unmatched,0,0,0
BHKFFO_08010 YqeG family HAD IIIA-type phosphatase,Unmatched,0,0,0
BHKFFO_08015 SAM-dependent methyltransferase,Unmatched,0,0,0
"BHKFFO_08020 ECF-type riboflavin transporter, S component",Unmatched,0,0,0
BHKFFO_08025 ketol-acid reductoisomerase,Unmatched,0,0,0
BHKFFO_08030 pilus assembly protein PilM,Unmatched,0,0,0
BHKFFO_08035 pilus assembly protein,Unmatched,0,0,0
BHKFFO_08040 pilus assembly protein,Unmatched,0,0,0
BHKFFO_08045 pilus assembly protein,Unmatched,0,0,0
BHKFFO_08050 DUF751 domain-containing protein,Unmatched,0,0,0
BHKFFO_08055 30S ribosome-binding factor RbfA,Unmatched,0,0,0
BHKFFO_08060 beta-glucosidase,Unmatched,0,0,0
BHKFFO_08065 hypothetical protein,Unmatched,0,0,0
BHKFFO_08070 tRNA (adenosine(37)-N6)-threonylcarbamoyltransferase complex ATPase subunit type 1 TsaE,Unmatched,0,0,0
BHKFFO_08075 aquaporin Z,Unmatched,0,0,0
BHKFFO_08080 tRNA (guanine-N1)-methyltransferase,Unmatched,0,0,0
BHKFFO_08085 tRNA-Thr(tgt),Unmatched,0,0,0
BHKFFO_08090 Metal-sensitive transcriptional repressor,Unmatched,0,0,0
BHKFFO_08095 30S ribosomal protein S21,Unmatched,0,0,0
BHKFFO_08100 uracil phosphoribosyltransferase,Unmatched,0,0,0
BHKFFO_08105 hypothetical protein,Unmatched,0,0,0
BHKFFO_08110 Uma2 domain-containing protein,Unmatched,0,0,0
BHKFFO_08115 hypothetical protein,Unmatched,0,0,0
BHKFFO_08120 hypothetical protein,Unmatched,0,0,0
BHKFFO_08125 hypothetical protein,Unmatched,0,0,0
BHKFFO_08130 FAD dependent oxidoreductase,Unmatched,0,0,0
BHKFFO_08135 hypothetical protein,Unmatched,0,0,0
BHKFFO_08165 rod shape-determining protein RodA,Unmatched,0,0,0
BHKFFO_08170 sodium:proton antiporter,Unmatched,0,0,0
BHKFFO_08175 hypothetical protein,Unmatched,0,0,0
BHKFFO_08180 hypothetical protein,Unmatched,0,0,0
BHKFFO_08185 MOSC domain-containing protein,Unmatched,0,0,0
BHKFFO_08190 glycosyl transferase group 1 family protein,Unmatched,0,0,0
BHKFFO_08195 group 1 glycosyl transferase,Unmatched,0,0,0
BHKFFO_08200 AtzE family amidohydrolase,Unmatched,0,0,0
BHKFFO_08205 DUF4089 domain-containing protein,Unmatched,0,0,0
BHKFFO_08210 radical SAM protein,Unmatched,0,0,0
BHKFFO_08215 receptor ligand binding family protein,Unmatched,0,0,0
BHKFFO_08220 glycosyltransferase,Unmatched,0,0,0
BHKFFO_08225 urease accessory protein UreG,Unmatched,0,0,0
BHKFFO_08230 Nucleoside triphosphate pyrophosphatase,Unmatched,0,0,0
BHKFFO_08235 hypothetical protein,Unmatched,0,0,0
BHKFFO_08240 hypothetical protein,Unmatched,0,0,0
BHKFFO_08245 photosystem II oxygen evolving complex protein PsbP,Unmatched,0,0,0
BHKFFO_08250 Mom72 protein,Unmatched,0,0,0
BHKFFO_08255 ssl1498 family light-harvesting-like protein,Unmatched,0,0,0
BHKFFO_08260 site-specific DNA-methyltransferase,Unmatched,0,0,0
BHKFFO_08265 tryptophan--tRNA ligase,Unmatched,0,0,0
BHKFFO_08270 dolichyl-phosphate-mannose--protein O-mannosyl transferase,Unmatched,0,0,0
BHKFFO_08275 Putative restriction endonuclease,Unmatched,0,0,0
BHKFFO_08280 DNA phosphorothioation-associated methyltransferase,Unmatched,0,0,0
BHKFFO_08285 photosystem II S4 domain protein,Unmatched,0,0,0
BHKFFO_08290 hypothetical protein,Unmatched,0,0,0
BHKFFO_08295 efflux RND transporter periplasmic adaptor subunit,Unmatched,0,0,0
BHKFFO_08300 DUF4327 domain-containing protein,Unmatched,0,0,0
BHKFFO_08305 Acetylglutamate kinase,Unmatched,0,0,0
BHKFFO_08310 amidohydrolase,Unmatched,0,0,0
BHKFFO_08315 phycocyanin subunit beta,Unmatched,0,0,0
BHKFFO_08320 phycocyanin subunit alpha,Unmatched,0,0,0
BHKFFO_08325 photosystem I reaction center subunit XII,Unmatched,0,0,0
BHKFFO_08330 hypothetical protein,Unmatched,0,0,0
BHKFFO_08335 TspO protein,Unmatched,0,0,0
BHKFFO_08340 translation initiation factor,Unmatched,0,0,0
BHKFFO_08345 cryptochrome/photolyase family protein,Unmatched,0,0,0
BHKFFO_08350 hypothetical protein,Unmatched,0,0,0
BHKFFO_08355 Sigma70-r4-2 domain-containing protein,Unmatched,0,0,0
BHKFFO_08360 hypothetical protein,Unmatched,0,0,0
BHKFFO_08365 hypothetical protein,Unmatched,0,0,0
BHKFFO_08370 PEP-CTERM sorting domain-containing protein,Unmatched,0,0,0
BHKFFO_08375 hypothetical protein,Unmatched,0,0,0
BHKFFO_08380 hypothetical protein,Unmatched,0,0,0
BHKFFO_08385 plasmid stabilization protein,Unmatched,0,0,0
BHKFFO_08390 hypothetical protein,Unmatched,0,0,0
BHKFFO_08395 Uncharacterised protein family (UPF0175),Unmatched,0,0,0
BHKFFO_08400 toxin,Unmatched,0,0,0
BHKFFO_08405 type II toxin-antitoxin system PrlF family antitoxin,Unmatched,0,0,0
BHKFFO_08410 AI-2E family transporter,Unmatched,0,0,0
BHKFFO_08415 Nitrogen stress-induced RNA 4,Unmatched,0,0,0
BHKFFO_08420 inorganic pyrophosphatase,Unmatched,0,0,0
BHKFFO_08425 acetylmannosamine-6-phosphate 2-epimerase,Unmatched,0,0,0
BHKFFO_08430 hypothetical protein,Unmatched,0,0,0
BHKFFO_08435 hypothetical protein,Unmatched,0,0,0
BHKFFO_08440 PINc domain-containing protein,Unmatched,0,0,0
BHKFFO_08445 LysR family transcriptional regulator,Unmatched,0,0,0
BHKFFO_08450 peptidase C15,Unmatched,0,0,0
BHKFFO_08455 metallophosphoesterase,Unmatched,0,0,0
"BHKFFO_08460 cobyrinic acid a,c-diamide synthase",Unmatched,0,0,0
BHKFFO_08465 TIGR03792 family protein,Unmatched,0,0,0
"BHKFFO_08470 GDP-mannose 4,6-dehydratase",Unmatched,0,0,0
BHKFFO_08475 GDP-fucose synthetase,Unmatched,0,0,0
BHKFFO_08480 hypothetical protein,Unmatched,0,0,0
BHKFFO_08485 Mobile element protein,Unmatched,0,0,0
BHKFFO_08490 hypothetical protein,Unmatched,0,0,0
BHKFFO_08495 bifunctional UDP-N-acetylglucosamine diphosphorylase/glucosamine-1-phosphate N-acetyltransferase GlmU,Unmatched,0,0,0
BHKFFO_08500 DUF3370 domain-containing protein,Unmatched,0,0,0
BHKFFO_08505 hypothetical protein,Unmatched,0,0,0
BHKFFO_08510 thioredoxin family protein,Unmatched,0,0,0
BHKFFO_08515 carbohydrate kinase,Unmatched,0,0,0
BHKFFO_08520 tocopherol cyclase,Unmatched,0,0,0
BHKFFO_08525 hypothetical protein,Unmatched,0,0,0
BHKFFO_08530 potassium-transporting ATPase subunit KdpA,Unmatched,0,0,0
BHKFFO_08535 2-succinyl-5-enolpyruvyl-6-hydroxy-3-cyclohexene-1-carboxylic-acid synthase,Unmatched,0,0,0
BHKFFO_08540 Prokaryotic-like s of the JAB domain-containing protein,Unmatched,0,0,0
BHKFFO_08545 precorrin methylase,Unmatched,0,0,0
BHKFFO_08550 Lipid-A-disaccharide synthase,Unmatched,0,0,0
BHKFFO_08555 DUF4164 domain-containing protein,Unmatched,0,0,0
BHKFFO_08560 Phosphomannomutase,Unmatched,0,0,0
BHKFFO_08565 Similar to tr|Q110T9|Q110T9_TRIEI Tetratricopeptide TPR_2,Unmatched,0,0,0
BHKFFO_08570 hypothetical protein,Unmatched,0,0,0
BHKFFO_08575 hypothetical protein,Unmatched,0,0,0
BHKFFO_08580 hypothetical protein,Unmatched,0,0,0
BHKFFO_08610 polar amino acid ABC transporter ATP-binding protein,Unmatched,0,0,0
BHKFFO_08615 ABC transporter substrate-binding protein,Unmatched,0,0,0
BHKFFO_08620 Serine/threonine-protein kinase pkn1,Unmatched,0,0,0
BHKFFO_08625 DUF3727 domain-containing protein,Unmatched,0,0,0
BHKFFO_08630 5'/3'-nucleotidase SurE,Unmatched,0,0,0
BHKFFO_08635 tRNA-Arg(ccg),Unmatched,0,0,0
BHKFFO_08640 50S ribosomal protein L11 methyltransferase,Unmatched,0,0,0
BHKFFO_08645 phosphoglycerate dehydrogenase,Unmatched,0,0,0
BHKFFO_08695 hypothetical protein,Unmatched,0,0,0
BHKFFO_08720 metal-binding protein,Unmatched,0,0,0
BHKFFO_08725 glycosyltransferase,Unmatched,0,0,0
BHKFFO_08730 M23 family peptidase,Unmatched,0,0,0
BHKFFO_08735 serine--tRNA ligase,Unmatched,0,0,0
"BHKFFO_08740 2,3-diketo-5-methylthiopentyl-1-phosphate enolase",Unmatched,0,0,0
BHKFFO_08745 peptidylprolyl isomerase,Unmatched,0,0,0
BHKFFO_08750 D-inositol 3-phosphate glycosyltransferase,Unmatched,0,0,0
BHKFFO_08755 DUF6311 domain-containing protein,Unmatched,0,0,0
BHKFFO_08760 cytochrome B6,Unmatched,0,0,0
BHKFFO_08765 arsenic-transporting ATPase,Unmatched,0,0,0
BHKFFO_08770 chlorophyll synthase ChlG,Unmatched,0,0,0
BHKFFO_08775 Inhibitor of apoptosis-promoting Bax1,Unmatched,0,0,0
BHKFFO_08780 Chlorophyll A-B binding protein,Unmatched,0,0,0
BHKFFO_08785 metalloprotease,Unmatched,0,0,0
BHKFFO_08790 hypothetical protein,Unmatched,0,0,0
BHKFFO_08795 cell division protein FtsI,Unmatched,0,0,0
BHKFFO_08800 hypothetical protein,Unmatched,0,0,0
BHKFFO_08805 GTPase,Unmatched,0,0,0
BHKFFO_08810 2-amino-4-hydroxy-6-hydroxymethyldihydropteridine diphosphokinase,Unmatched,0,0,0
BHKFFO_08815 sirohydrochlorin chelatase,Unmatched,0,0,0
BHKFFO_08820 hypothetical protein,Unmatched,0,0,0
BHKFFO_08825 hypothetical protein,Unmatched,0,0,0
BHKFFO_08830 hypothetical protein,Unmatched,0,0,0
BHKFFO_08835 transglutaminase,Unmatched,0,0,0
"BHKFFO_08840 7,8-didemethyl-8-hydroxy-5-deazariboflavin synthase subunit CofG",Unmatched,0,0,0
BHKFFO_08845 cytosine deaminase,Unmatched,0,0,0
BHKFFO_08850 DUF952 domain-containing protein,Unmatched,0,0,0
BHKFFO_08855 L-lactate dehydrogenase,Unmatched,0,0,0
BHKFFO_08860 hypothetical protein,Unmatched,0,0,0
BHKFFO_08865 PEP-CTERM domain-containing protein,Unmatched,0,0,0
BHKFFO_08870 IS110 family transposase,Unmatched,0,0,0
BHKFFO_08875 recombination mediator RecR,Unmatched,0,0,0
"BHKFFO_08880 pyruvate/2-oxoglutarate dehydrogenase complex,dihydrolipoamide dehydrogenase (E3) component",Unmatched,0,0,0
BHKFFO_08885 biosynthetic arginine decarboxylase,Unmatched,0,0,0
BHKFFO_08890 RNB domain-containing ribonuclease,Unmatched,0,0,0
BHKFFO_08895 Uncharacterised protein family (UPF0175),Unmatched,0,0,0
BHKFFO_08900 DUF3368 domain-containing protein,Unmatched,0,0,0
BHKFFO_08905 Helix-turn-helix domain-containing protein,Unmatched,0,0,0
BHKFFO_08910 PIN domain-containing protein,Unmatched,0,0,0
BHKFFO_08915 hypothetical protein,Unmatched,0,0,0
BHKFFO_08920 transketolase,Unmatched,0,0,0
BHKFFO_08925 beta-ketoacyl-ACP synthase II,Unmatched,0,0,0
BHKFFO_08930 acyl carrier protein,Unmatched,0,0,0
BHKFFO_08950 molecular chaperone DnaJ,Unmatched,0,0,0
BHKFFO_08955 stress-induced bacterial acidophilic repeat motif family protein,Unmatched,0,0,0
BHKFFO_08960 DUF2808 domain-containing protein,Unmatched,0,0,0
BHKFFO_08965 SsrA-binding protein SmpB,Unmatched,0,0,0
BHKFFO_08970 photosystem II biogenesis protein Psp29,Unmatched,0,0,0
"BHKFFO_08975 7,8-didemethyl-8-hydroxy-5-deazariboflavin synthase subunit CofH",Unmatched,0,0,0
BHKFFO_08980 Acyl-coenzyme A synthetases/AMP-(Fatty) acid ligases,Unmatched,0,0,0
BHKFFO_08985 Phosphoribosylformylglycinamidine cyclo-ligase,Unmatched,0,0,0
BHKFFO_08990 DNA repair protein RadC,Unmatched,0,0,0
BHKFFO_08995 aspartate aminotransferase,Unmatched,0,0,0
BHKFFO_09000 FAD-binding oxidoreductase,Unmatched,0,0,0
BHKFFO_09005 glycolate oxidase,Unmatched,0,0,0
BHKFFO_09010 phosphoglucosamine mutase,Unmatched,0,0,0
BHKFFO_09015 hypothetical protein,Unmatched,0,0,0
BHKFFO_09020 Photosystem II manganese-stabilizing polypeptide,Unmatched,0,0,0
BHKFFO_09025 hypothetical protein,Unmatched,0,0,0
BHKFFO_09030 S-methyl-5-thioribose-1-phosphate isomerase,Unmatched,0,0,0
BHKFFO_09035 DNA-binding response regulator,Unmatched,0,0,0
BHKFFO_09040 phosphoribulokinase,Unmatched,0,0,0
BHKFFO_09045 Sugar transferase,Unmatched,0,0,0
BHKFFO_09050 Nodulation protein Z (NodZ),Unmatched,0,0,0
BHKFFO_09055 Uncharacterized protein slr1608,Unmatched,0,0,0
BHKFFO_09060 amino acid ABC transporter substrate-binding protein,Unmatched,0,0,0
BHKFFO_09065 rSAM-associated Gly-rich repeat protein,Unmatched,0,0,0
BHKFFO_09070 Recombination-promoting DNA endonuclease RpnC/YadD,Unmatched,0,0,0
BHKFFO_09075 hypothetical protein,Unmatched,0,0,0
BHKFFO_09080 Mobile element protein,Unmatched,0,0,0
BHKFFO_09085 protein tyrosine kinase,Unmatched,0,0,0
BHKFFO_09090 cryptochrome DASH,Unmatched,0,0,0
BHKFFO_09095 ISAs1 family transposase,Unmatched,0,0,0
BHKFFO_09100 CPBP family intramembrane metalloprotease domain-containing protein,Unmatched,0,0,0
BHKFFO_09105 Glycosyl transferase,Unmatched,0,0,0
BHKFFO_09120 hypothetical protein,Unmatched,0,0,0
BHKFFO_09135 tRNA-Cys(gca),Unmatched,0,0,0
BHKFFO_09145 restriction endonuclease,Unmatched,0,0,0
BHKFFO_09150 phycobiliprotein lyase,Unmatched,0,0,0
BHKFFO_09155 phycobilisome rod-core linker polypeptide CpcG,Unmatched,0,0,0
BHKFFO_09160 tRNA 2-thiouridine(34) synthase MnmA,Unmatched,0,0,0
BHKFFO_09165 hypothetical protein,Unmatched,0,0,0
BHKFFO_09170 DUF900 domain-containing protein,Unmatched,0,0,0
BHKFFO_09180 hypothetical protein,Unmatched,0,0,0
BHKFFO_09185 glycogen debranching protein GlgX,Unmatched,0,0,0
BHKFFO_09190 DUF3887 domain-containing protein,Unmatched,0,0,0
BHKFFO_09195 phosphopyruvate hydratase,Unmatched,0,0,0
BHKFFO_09200 Integral membrane protein,Unmatched,0,0,0
BHKFFO_09205 YqaE/Pmp3 family membrane protein,Unmatched,0,0,0
BHKFFO_09210 hypothetical protein,Unmatched,0,0,0
BHKFFO_09215 Transposase,Unmatched,0,0,0
BHKFFO_09220 hypothetical protein,Unmatched,0,0,0
BHKFFO_09225 hypothetical protein,Unmatched,0,0,0
BHKFFO_09230 hypothetical protein,Unmatched,0,0,0
BHKFFO_09235 DUF561 domain-containing protein,Unmatched,0,0,0
BHKFFO_09240 branched-chain alpha-keto acid dehydrogenase subunit E2,Unmatched,0,0,0
BHKFFO_09245 Photosystem reaction center subunit H,Unmatched,0,0,0
"BHKFFO_09250 HicA toxin of bacterial toxin-antitoxin,",Unmatched,0,0,0
BHKFFO_09255 hypothetical protein,Unmatched,0,0,0
BHKFFO_09260 hypothetical protein,Unmatched,0,0,0
BHKFFO_09265 CoiA-like domain protein,Unmatched,0,0,0
BHKFFO_09270 DUF29 domain-containing protein,Unmatched,0,0,0
BHKFFO_09275 hypothetical protein,Unmatched,0,0,0
BHKFFO_09280 hypothetical protein,Unmatched,0,0,0
BHKFFO_09285 hypothetical protein,Unmatched,0,0,0
BHKFFO_09290 PINc domain-containing protein,Unmatched,0,0,0
BHKFFO_09295 clan AA aspartic protease,Unmatched,0,0,0
BHKFFO_09300 hypothetical protein,Unmatched,0,0,0
BHKFFO_09305 abortive phage resistance protein,Unmatched,0,0,0
BHKFFO_09310 ATP-dependent Clp protease ATP-binding subunit ClpC,Unmatched,0,0,0
BHKFFO_09315 hypothetical protein,Unmatched,0,0,0
BHKFFO_09320 Dolichyl-phosphate-mannose-protein mannosyltransferase,Unmatched,0,0,0
BHKFFO_09325 ATP-dependent Clp protease ATP-binding subunit ClpC,Unmatched,0,0,0
BHKFFO_09330 hypothetical protein,Unmatched,0,0,0
BHKFFO_09335 hypothetical protein,Unmatched,0,0,0
BHKFFO_09340 Methyltransferase type 11,Unmatched,0,0,0
BHKFFO_09345 Transposase,Unmatched,0,0,0
BHKFFO_09350 Uncharacterized PIN and TRAM-domain containing protein slr1972,Unmatched,0,0,0
BHKFFO_09355 Thylakoid-associated protein,Unmatched,0,0,0
BHKFFO_09360 FADH(2)-oxidizing methylenetetrahydrofolate--tRNA-(uracil(54)-C(5))-methyltransferase TrmFO,Unmatched,0,0,0
BHKFFO_09365 2TM domain-containing protein,Unmatched,0,0,0
BHKFFO_09370 DNA mismatch repair protein MutS,Unmatched,0,0,0
BHKFFO_09375 allophycocyanin subunit beta,Unmatched,0,0,0
BHKFFO_09380 Glutamate 5-kinase,Unmatched,0,0,0
BHKFFO_09385 single-stranded-DNA-specific exonuclease RecJ,Unmatched,0,0,0
BHKFFO_09390 LppP/LprE lipoprotein,Unmatched,0,0,0
BHKFFO_09395 hypothetical protein,Unmatched,0,0,0
BHKFFO_09400 hybrid sensor histidine kinase/response regulator,Unmatched,0,0,0
"BHKFFO_09405 beta-propeller domain-containing protein, methanol dehydrogenase",Unmatched,0,0,0
BHKFFO_09410 hypothetical protein,Unmatched,0,0,0
BHKFFO_09415 transglutaminase,Unmatched,0,0,0
BHKFFO_09420 nuclear transport factor 2 family protein,Unmatched,0,0,0
BHKFFO_09425 undecaprenyldiphospho-muramoylpentapeptide beta-N-acetylglucosaminyltransferase,Unmatched,0,0,0
BHKFFO_09430 Uma2 family endonuclease,Unmatched,0,0,0
BHKFFO_09435 Fructosamine kinase,Unmatched,0,0,0
BHKFFO_09440 peptidase M16,Unmatched,0,0,0
BHKFFO_09445 hypothetical protein,Unmatched,0,0,0
BHKFFO_09450 hypothetical protein,Unmatched,0,0,0
BHKFFO_09455 PEP-CTERM sorting domain-containing protein,Unmatched,0,0,0
BHKFFO_09460 XisI protein,Unmatched,0,0,0
BHKFFO_09465 XisH protein,Unmatched,0,0,0
BHKFFO_09470 GNAT family N-acetyltransferase,Unmatched,0,0,0
BHKFFO_09475 AmpG family muropeptide MFS transporter,Unmatched,0,0,0
BHKFFO_09480 guanylate cyclase,Unmatched,0,0,0
BHKFFO_09485 C2H2-type domain-containing protein,Unmatched,0,0,0
BHKFFO_09490 hypothetical protein,Unmatched,0,0,0
BHKFFO_09495 30S ribosomal protein S6--L-glutamate ligase,Unmatched,0,0,0
BHKFFO_09500 ABC transporter ATP-binding protein,Unmatched,0,0,0
BHKFFO_09505 PNP-UDP-1 domain-containing protein,Unmatched,0,0,0
BHKFFO_09510 tRNA-Leu(gag),Unmatched,0,0,0
BHKFFO_09515 hypothetical protein,Unmatched,0,0,0
BHKFFO_09520 hypothetical protein,Unmatched,0,0,0
BHKFFO_09525 transposase,Unmatched,0,0,0
BHKFFO_09530 AI-2E family transporter,Unmatched,0,0,0
BHKFFO_09535 DUF559 domain-containing protein,Unmatched,0,0,0
BHKFFO_09545 tRNA (N6-isopentenyl adenosine(37)-C2)-methylthiotransferase MiaB,Unmatched,0,0,0
BHKFFO_09550 DUF2358 domain-containing protein,Unmatched,0,0,0
BHKFFO_09555 hypothetical protein,Unmatched,0,0,0
BHKFFO_09560 50S ribosomal protein L33,Unmatched,0,0,0
BHKFFO_09565 30S ribosomal protein S18,Unmatched,0,0,0
BHKFFO_09570 hypothetical protein,Unmatched,0,0,0
BHKFFO_09575 serine/threonine-protein kinase pkn1,Unmatched,0,0,0
"BHKFFO_09580 HicA toxin of bacterial toxin-antitoxin,",Unmatched,0,0,0
BHKFFO_09585 Similarity to the tr/Q8TQE4/Q8TQE4,Unmatched,0,0,0
BHKFFO_09590 DUF3386 domain-containing protein,Unmatched,0,0,0
BHKFFO_09595 NifU-like domain-containing protein,Unmatched,0,0,0
BHKFFO_09600 isocitrate dehydrogenase,Unmatched,0,0,0
BHKFFO_09605 Circadian oscillating protein COP23,Unmatched,0,0,0
BHKFFO_09610 serine protease,Unmatched,0,0,0
BHKFFO_09615 V8-like Glu-specific endopeptidase,Unmatched,0,0,0
BHKFFO_09620 hypothetical protein,Unmatched,0,0,0
BHKFFO_09625 hypothetical protein,Unmatched,0,0,0
BHKFFO_09630 hypothetical protein,Unmatched,0,0,0
BHKFFO_09635 hypothetical protein,Unmatched,0,0,0
BHKFFO_09640 hypothetical protein,Unmatched,0,0,0
BHKFFO_09645 DUF2232 domain-containing protein,Unmatched,0,0,0
BHKFFO_09650 family 2 glycosyl transferase,Unmatched,0,0,0
BHKFFO_09655 hypothetical protein,Unmatched,0,0,0
BHKFFO_09660 PEP-CTERM domain-containing protein,Unmatched,0,0,0
BHKFFO_09665 Tetratricopeptide repeat family protein,Unmatched,0,0,0
"BHKFFO_09670 HicA toxin of bacterial toxin-antitoxin,",Unmatched,0,0,0
BHKFFO_09675 HicB-like domain-containing protein,Unmatched,0,0,0
"BHKFFO_09680 Coenzyme F420 hydrogenase/dehydrogenase, beta subunit N-term",Unmatched,0,0,0
BHKFFO_09685 histone deacetylase,Unmatched,0,0,0
BHKFFO_09690 alpha/beta hydrolase,Unmatched,0,0,0
BHKFFO_09695 glycosyltransferase,Unmatched,0,0,0
BHKFFO_09700 hypothetical protein,Unmatched,0,0,0
BHKFFO_09705 ammonia channel protein,Unmatched,0,0,0
BHKFFO_09710 ammonium transporter,Unmatched,0,0,0
BHKFFO_09715 hypothetical protein,Unmatched,0,0,0
BHKFFO_09720 N6-Mtase domain-containing protein,Unmatched,0,0,0
BHKFFO_09725 Cytochrome b6-f complex iron-sulfur subunit,Unmatched,0,0,0
BHKFFO_09730 apocytochrome f,Unmatched,0,0,0
BHKFFO_09735 mannose-1-phosphate guanylyltransferase,Unmatched,0,0,0
BHKFFO_09740 ABC transporter,Unmatched,0,0,0
BHKFFO_09745 hypothetical protein,Unmatched,0,0,0
BHKFFO_09750 type I glutamate--ammonia ligase,Unmatched,0,0,0
BHKFFO_09755 signal peptide peptidase SppA,Unmatched,0,0,0
BHKFFO_09760 chorismate mutase,Unmatched,0,0,0
BHKFFO_09765 alpha/beta hydrolase,Unmatched,0,0,0
BHKFFO_09770 alpha/beta hydrolase,Unmatched,0,0,0
"BHKFFO_09775 Outer membrane protein chaperone/metalloprotease BepA/YfgC, contains M48 and TPR domains",Unmatched,0,0,0
BHKFFO_09780 OrfB-Zn-ribbon domain-containing protein,Unmatched,0,0,0
BHKFFO_09785 ribonuclease E/G,Unmatched,0,0,0
BHKFFO_09790 ribonuclease HII,Unmatched,0,0,0
BHKFFO_09795 decarboxylating NADP(+)-dependent phosphogluconate dehydrogenase,Unmatched,0,0,0
BHKFFO_09800 Zn-dependent hydrolase,Unmatched,0,0,0
BHKFFO_09805 site-specific DNA-methyltransferase,Unmatched,0,0,0
BHKFFO_09810 mannosyltransferase,Unmatched,0,0,0
BHKFFO_09815 glycosyl transferase family 1,Unmatched,0,0,0
BHKFFO_09820 hypothetical protein,Unmatched,0,0,0
BHKFFO_09825 AAA+ family ATPase,Unmatched,0,0,0
BHKFFO_09830 hypothetical protein,Unmatched,0,0,0
BHKFFO_09835 urease accessory protein UreJ,Unmatched,0,0,0
BHKFFO_09840 SAM-dependent methyltransferase,Unmatched,0,0,0
BHKFFO_09845 HcyBio domain-containing protein,Unmatched,0,0,0
BHKFFO_09850 hypothetical protein,Unmatched,0,0,0
BHKFFO_09855 low-complexity protein,Unmatched,0,0,0
BHKFFO_09860 lipoyl(octanoyl) transferase LipB,Unmatched,0,0,0
BHKFFO_09865 Domain of unknown function DUF29,Unmatched,0,0,0
BHKFFO_09870 flotillin,Unmatched,0,0,0
BHKFFO_09875 hypothetical protein,Unmatched,0,0,0
BHKFFO_09880 glyoxalase-like domain protein,Unmatched,0,0,0
BHKFFO_09885 hormogonium polysaccharide biosynthesis glycosyltransferase HpsP,Unmatched,0,0,0
BHKFFO_09890 tryptophan synthase subunit beta,Unmatched,0,0,0
BHKFFO_09895 glycoside hydrolase,Unmatched,0,0,0
BHKFFO_09900 hypothetical protein,Unmatched,0,0,0
BHKFFO_09905 DUF2442 domain-containing protein,Unmatched,0,0,0
BHKFFO_09910 DUF4160 domain-containing protein,Unmatched,0,0,0
BHKFFO_09915 hypothetical protein,Unmatched,0,0,0
BHKFFO_09920 type II toxin-antitoxin system HicA family toxin,Unmatched,0,0,0
BHKFFO_09925 HicB-like domain-containing protein,Unmatched,0,0,0
BHKFFO_09930 Reverse transcriptase domain-containing protein,Unmatched,0,0,0
BHKFFO_09935 hypothetical protein,Unmatched,0,0,0
BHKFFO_09940 hypothetical protein,Unmatched,0,0,0
BHKFFO_09945 t-SNARE coiled-coil-like y domain-containing protein,Unmatched,0,0,0
BHKFFO_09950 Peptidase A2 domain-containing protein,Unmatched,0,0,0
BHKFFO_09955 phosphoenolpyruvate carboxykinase (ATP),Unmatched,0,0,0
BHKFFO_09960 aminoacetone oxidase family FAD-binding enzyme,Unmatched,0,0,0
BHKFFO_09965 urea ABC transporter ATP-binding subunit UrtE,Unmatched,0,0,0
BHKFFO_09970 urea ABC transporter ATP-binding protein UrtD,Unmatched,0,0,0
BHKFFO_09975 urea ABC transporter permease subunit UrtC,Unmatched,0,0,0
BHKFFO_09980 urea ABC transporter permease subunit UrtB,Unmatched,0,0,0
BHKFFO_09985 urea ABC transporter substrate-binding protein,Unmatched,0,0,0
BHKFFO_09990 Uncharacterized protein family UPF0016,Unmatched,0,0,0
BHKFFO_09995 Uncharacterized protein family UPF0016,Unmatched,0,0,0
BHKFFO_10000 VWFA domain-containing protein,Unmatched,0,0,0
BHKFFO_10005 glycogen synthase GlgA,Unmatched,0,0,0
BHKFFO_10010 NAD(P)H-quinone oxidoreductase subunit M,Unmatched,0,0,0
BHKFFO_10015 30S ribosomal protein S15,Unmatched,0,0,0
BHKFFO_10020 DUF3464 domain-containing protein,Unmatched,0,0,0
BHKFFO_10025 bifunctional 3-deoxy-7-phosphoheptulonate synthase/chorismate mutase,Unmatched,0,0,0
BHKFFO_10030 polyketide synthase,Unmatched,0,0,0
BHKFFO_10035 isovaleryl-CoA dehydrogenase,Unmatched,0,0,0
BHKFFO_10040 DUF262 domain-containing protein,Unmatched,0,0,0
BHKFFO_10045 HEPN-MAE-28990 domain-containing protein,Unmatched,0,0,0
BHKFFO_10050 DUF29 family protein,Unmatched,0,0,0
BHKFFO_10055 hypothetical protein,Unmatched,0,0,0
BHKFFO_10060 RNA pseudouridine synthase,Unmatched,0,0,0
BHKFFO_10065 cysteine desulfurase,Unmatched,0,0,0
BHKFFO_10070 Fe-S cluster assembly protein SufD,Unmatched,0,0,0
BHKFFO_10075 Fe-S cluster assembly ATPase SufC,Unmatched,0,0,0
BHKFFO_10080 Fe-S cluster assembly protein SufB,Unmatched,0,0,0
BHKFFO_10085 iron-sulfur cluster biosynthesis transcriptional regulator SufR,Unmatched,0,0,0
BHKFFO_10090 ABC transporter ATP-binding protein,Unmatched,0,0,0
BHKFFO_10095 MCE family protein,Unmatched,0,0,0
BHKFFO_10100 UDP-N-acetylglucosamine 2-epimerase (non-hydrolyzing),Unmatched,0,0,0
BHKFFO_10105 crossover junction endodeoxyribonuclease RuvC,Unmatched,0,0,0
BHKFFO_10110 hypothetical protein,Unmatched,0,0,0
BHKFFO_10115 hypothetical protein,Unmatched,0,0,0
BHKFFO_10120 XRE family transcriptional regulator,Unmatched,0,0,0
BHKFFO_10125 protein translocase subunit SecF,Unmatched,0,0,0
BHKFFO_10130 protein translocase subunit SecD,Unmatched,0,0,0
BHKFFO_10135 alpha-ketoacid dehydrogenase subunit beta,Unmatched,0,0,0
BHKFFO_10140 GTP-binding protein,Unmatched,0,0,0
BHKFFO_10145 bis(5'-nucleosyl)-tetraphosphatase (symmetrical) YqeK,Unmatched,0,0,0
BHKFFO_10150 ribosome silencing factor,Unmatched,0,0,0
BHKFFO_10155 DUF1230 domain-containing protein,Unmatched,0,0,0
BHKFFO_10160 asparaginase,Unmatched,0,0,0
BHKFFO_10165 PEP-CTERM domain-containing protein,Unmatched,0,0,0
BHKFFO_10170 ATPase,Unmatched,0,0,0
BHKFFO_10175 Antitoxin component HicB of the HicAB toxin-antitoxin system,Unmatched,0,0,0
BHKFFO_10180 recombination protein F,Unmatched,0,0,0
BHKFFO_10185 DUF3226 domain-containing protein,Unmatched,0,0,0
BHKFFO_10190 hypothetical protein,Unmatched,0,0,0
BHKFFO_10195 hypothetical protein,Unmatched,0,0,0
BHKFFO_10200 cyanophycin synthetase,Unmatched,0,0,0
BHKFFO_10205 DUF488 domain-containing protein,Unmatched,0,0,0
BHKFFO_10210 hypothetical protein,Unmatched,0,0,0
BHKFFO_10215 hypothetical protein,Unmatched,0,0,0
BHKFFO_10220 cofactor assembly of complex C subunit B,Unmatched,0,0,0
BHKFFO_10225 DNA-binding response regulator,Unmatched,0,0,0
BHKFFO_10230 DNA repair protein RadA,Unmatched,0,0,0
BHKFFO_10235 cytochrome b6-f complex subunit PetL,Unmatched,0,0,0
BHKFFO_10240 DUF29 domain-containing protein,Unmatched,0,0,0
BHKFFO_10245 DUF29 domain-containing protein,Unmatched,0,0,0
BHKFFO_10250 DUF29 domain-containing protein,Unmatched,0,0,0
BHKFFO_10255 DUF29 domain-containing protein,Unmatched,0,0,0
BHKFFO_10260 DUF29 domain-containing protein,Unmatched,0,0,0
BHKFFO_10265 Lysylphosphatidylglycerol synthase TM region,Unmatched,0,0,0
BHKFFO_10270 glucose-6-phosphate dehydrogenase,Unmatched,0,0,0
BHKFFO_10275 glucose-6-phosphate dehydrogenase assembly protein OpcA,Unmatched,0,0,0
BHKFFO_10280 Putative restriction endonuclease,Unmatched,0,0,0
BHKFFO_10285 Phosphoglycerate kinase,Unmatched,0,0,0
BHKFFO_10290 universal stress protein,Unmatched,0,0,0
BHKFFO_10295 photosystem I reaction center protein subunit XI,Unmatched,0,0,0
BHKFFO_10300 photosystem I reaction center subunit VIII,Unmatched,0,0,0
BHKFFO_10305 hybrid sensor histidine kinase/response regulator,Unmatched,0,0,0
BHKFFO_10310 hypothetical protein,Unmatched,0,0,0
BHKFFO_10315 Ssr2962 protein,Unmatched,0,0,0
BHKFFO_10320 CAAD domain-containing protein,Unmatched,0,0,0
BHKFFO_10325 co-chaperone GroES,Unmatched,0,0,0
BHKFFO_10330 chaperonin GroEL,Unmatched,0,0,0
"BHKFFO_10335 Transposase, IS605 OrfB family",Unmatched,0,0,0
BHKFFO_10340 nitroreductase,Unmatched,0,0,0
BHKFFO_10345 mechanosensitive ion channel protein MscS,Unmatched,0,0,0
BHKFFO_10350 HTH merR-type domain-containing protein,Unmatched,0,0,0
BHKFFO_10355 hypothetical protein,Unmatched,0,0,0
BHKFFO_10360 heavy metal-responsive transcriptional regulator,Unmatched,0,0,0
BHKFFO_10365 phycobiliprotein lyase,Unmatched,0,0,0
BHKFFO_10370 glycosyltransferase,Unmatched,0,0,0
BHKFFO_10375 glycosyl transferase family 1,Unmatched,0,0,0
"BHKFFO_10380 GDP-mannose 4,6-dehydratase",Unmatched,0,0,0
BHKFFO_10385 glycosyltransferase,Unmatched,0,0,0
BHKFFO_10390 glycosyl transferase family 2,Unmatched,0,0,0
BHKFFO_10395 dihydroneopterin aldolase,Unmatched,0,0,0
BHKFFO_10400 NADPH-dependent FMN reductase,Unmatched,0,0,0
BHKFFO_10405 antibiotic biosynthesis monooxygenase,Unmatched,0,0,0
BHKFFO_10410 rhomboid family intramembrane serine protease,Unmatched,0,0,0
BHKFFO_10415 endonuclease III,Unmatched,0,0,0
BHKFFO_10420 RIP metalloprotease RseP,Unmatched,0,0,0
BHKFFO_10425 phycobilisome protein,Unmatched,0,0,0
BHKFFO_10430 fibrillin,Unmatched,0,0,0
BHKFFO_10435 RNA polymerase subunit sigma,Unmatched,0,0,0
BHKFFO_10440 Fis family transcriptional regulator,Unmatched,0,0,0
BHKFFO_10445 Acetate kinase,Unmatched,0,0,0
BHKFFO_10450 hypothetical protein,Unmatched,0,0,0
BHKFFO_10455 DUF2949 domain-containing protein,Unmatched,0,0,0
"BHKFFO_10460 Uncharacterized ACR, COG1430",Unmatched,0,0,0
BHKFFO_10465 Cytochrome b6-f complex subunit 7,Unmatched,0,0,0
BHKFFO_10470 photosystem II reaction center protein Psb28,Unmatched,0,0,0
BHKFFO_10475 epimerase,Unmatched,0,0,0
BHKFFO_10480 Serine/threonine kinase,Unmatched,0,0,0
BHKFFO_10485 diaminopimelate decarboxylase,Unmatched,0,0,0
BHKFFO_10490 succinate dehydrogenase/fumarate reductase flavoprotein subunit,Unmatched,0,0,0
BHKFFO_10495 tRNA-fMet(cat),Unmatched,0,0,0
BHKFFO_10500 hypothetical protein,Unmatched,0,0,0
BHKFFO_10505 hypothetical protein,Unmatched,0,0,0
BHKFFO_10510 hypothetical protein,Unmatched,0,0,0
BHKFFO_10515 prevent-host-death protein,Unmatched,0,0,0
BHKFFO_10520 hypothetical protein,Unmatched,0,0,0
BHKFFO_10525 GTPase ObgE,Unmatched,0,0,0
BHKFFO_10530 RNA-binding protein,Unmatched,0,0,0
BHKFFO_10535 30S ribosomal protein S16,Unmatched,0,0,0
BHKFFO_10540 HNH endonuclease,Unmatched,0,0,0
BHKFFO_10545 KGK domain protein,Unmatched,0,0,0
BHKFFO_10550 KGK domain protein,Unmatched,0,0,0
BHKFFO_10555 Transglutaminase-like superfamily,Unmatched,0,0,0
"BHKFFO_10560 dTDP-glucose 4,6-dehydratase",Unmatched,0,0,0
BHKFFO_10565 cation-efflux pump,Unmatched,0,0,0
BHKFFO_10570 phosphoribosylformylglycinamidine synthase subunit PurQ,Unmatched,0,0,0
BHKFFO_10575 phosphoribosylformylglycinamidine synthase subunit PurS,Unmatched,0,0,0
BHKFFO_10580 transcriptional repressor,Unmatched,0,0,0
"BHKFFO_10585 acetyl-CoA carboxylase, carboxyltransferase subunit beta",Unmatched,0,0,0
BHKFFO_10590 hypothetical protein,Unmatched,0,0,0
BHKFFO_10595 hypothetical protein,Unmatched,0,0,0
BHKFFO_10600 prepilin peptidase,Unmatched,0,0,0
BHKFFO_10605 DUF1232 domain-containing protein,Unmatched,0,0,0
BHKFFO_10610 phosphoribosyltransferase,Unmatched,0,0,0
BHKFFO_10615 DUF4079 domain-containing protein,Unmatched,0,0,0
BHKFFO_10620 Nitrogen regulatory protein P-II,Unmatched,0,0,0
BHKFFO_10625 50S ribosomal protein L3,Unmatched,0,0,0
BHKFFO_10630 50S ribosomal protein L4,Unmatched,0,0,0
BHKFFO_10635 50S ribosomal protein L23,Unmatched,0,0,0
BHKFFO_10640 50S ribosomal protein L2,Unmatched,0,0,0
BHKFFO_10645 30S ribosomal protein S19,Unmatched,0,0,0
BHKFFO_10650 50S ribosomal protein L22,Unmatched,0,0,0
BHKFFO_10655 30S ribosomal protein S3,Unmatched,0,0,0
BHKFFO_10660 50S ribosomal protein L16,Unmatched,0,0,0
BHKFFO_10665 50S ribosomal protein L29,Unmatched,0,0,0
BHKFFO_10670 30S ribosomal protein S17,Unmatched,0,0,0
BHKFFO_10675 50S ribosomal protein L14,Unmatched,0,0,0
BHKFFO_10680 50S ribosomal protein L24,Unmatched,0,0,0
BHKFFO_10685 50S ribosomal protein L5,Unmatched,0,0,0
BHKFFO_10690 30S ribosomal protein S8,Unmatched,0,0,0
BHKFFO_10695 50S ribosomal protein L6,Unmatched,0,0,0
BHKFFO_10700 50S ribosomal protein L18,Unmatched,0,0,0
BHKFFO_10705 30S ribosomal protein S5,Unmatched,0,0,0
BHKFFO_10710 50S ribosomal protein L15,Unmatched,0,0,0
BHKFFO_10715 DUF3769 domain-containing protein,Unmatched,0,0,0
BHKFFO_10720 hypothetical protein,Unmatched,0,0,0
BHKFFO_10725 hypothetical protein,Unmatched,0,0,0
BHKFFO_10730 Transposase,Unmatched,0,0,0
BHKFFO_10735 hypothetical protein,Unmatched,0,0,0
BHKFFO_10740 ornithine carbamoyltransferase,Unmatched,0,0,0
BHKFFO_10745 Tubulin like,Unmatched,0,0,0
BHKFFO_10750 ribonuclease Z,Unmatched,0,0,0
BHKFFO_10755 5-(carboxyamino)imidazole ribonucleotide mutase,Unmatched,0,0,0
BHKFFO_10760 Beta-barrel assembly-enhancing protease,Unmatched,0,0,0
BHKFFO_10765 hypothetical protein,Unmatched,0,0,0
BHKFFO_10770 citramalate synthase,Unmatched,0,0,0
BHKFFO_10775 (2Fe-2S)-binding protein,Unmatched,0,0,0
BHKFFO_10780 hypothetical protein,Unmatched,0,0,0
BHKFFO_10785 solanesyl diphosphate synthase,Unmatched,0,0,0
BHKFFO_10790 hypothetical protein,Unmatched,0,0,0
BHKFFO_10795 haloacid dehalogenase,Unmatched,0,0,0
BHKFFO_10800 molecular chaperone DnaJ,Unmatched,0,0,0
BHKFFO_10805 complex I intermediate-associated 30 family protein,Unmatched,0,0,0
BHKFFO_10810 restriction endonuclease,Unmatched,0,0,0
BHKFFO_10815 Photosystem I assembly protein Ycf3,Unmatched,0,0,0
BHKFFO_10820 hypothetical protein,Unmatched,0,0,0
BHKFFO_10825 DUF3252 domain-containing protein,Unmatched,0,0,0
BHKFFO_10830 HAS-barrel domain-containing protein,Unmatched,0,0,0
BHKFFO_10835 Peptidase A2 domain-containing protein,Unmatched,0,0,0
BHKFFO_10840 D-alanyl-D-alanine carboxypeptidase/D-alanyl-D-alanine-endopeptidase,Unmatched,0,0,0
BHKFFO_10845 phosphate acyltransferase PlsX,Unmatched,0,0,0
BHKFFO_10850 3-oxoacyl-[acyl-carrier-protein] synthase 3,Unmatched,0,0,0
BHKFFO_10855 ACP S-malonyltransferase,Unmatched,0,0,0
BHKFFO_10860 low-complexity protein,Unmatched,0,0,0
BHKFFO_10865 Dolichyl-phosphate-mannose-protein mannosyltransferase,Unmatched,0,0,0
BHKFFO_10870 histidine kinase,Unmatched,0,0,0
BHKFFO_10875 DNA-binding response regulator,Unmatched,0,0,0
BHKFFO_10880 alpha/beta hydrolase,Unmatched,0,0,0
BHKFFO_10885 Uma2 domain-containing protein,Unmatched,0,0,0
BHKFFO_10890 pentapeptide repeat-containing protein,Unmatched,0,0,0
BHKFFO_10895 DUF455 domain-containing protein,Unmatched,0,0,0
BHKFFO_10900 hypothetical protein,Unmatched,0,0,0
BHKFFO_10905 aldolase,Unmatched,0,0,0
BHKFFO_10910 hypothetical protein,Unmatched,0,0,0
BHKFFO_10915 argininosuccinate lyase,Unmatched,0,0,0
BHKFFO_10920 peptide-methionine (S)-S-oxide reductase,Unmatched,0,0,0
BHKFFO_10925 hypothetical protein,Unmatched,0,0,0
BHKFFO_10930 VWFD domain-containing protein,Unmatched,0,0,0
BHKFFO_10935 ATPase-AAA-core domain-containing protein,Unmatched,0,0,0
BHKFFO_10940 hypothetical protein,Unmatched,0,0,0
"BHKFFO_10945 Peptidase C14, caspase catalytic subunit P20",Unmatched,0,0,0
BHKFFO_10950 DUF2993 domain-containing protein,Unmatched,0,0,0
BHKFFO_10955 methanol dehydrogenase,Unmatched,0,0,0
BHKFFO_10960 hypothetical protein,Unmatched,0,0,0
BHKFFO_10965 gas vesicle protein,Unmatched,0,0,0
BHKFFO_10970 Cyano-1 RNA,Unmatched,0,0,0
BHKFFO_10975 glutaminase A,Unmatched,0,0,0
BHKFFO_10980 glycosyl transferase group 1,Unmatched,0,0,0
BHKFFO_10990 transaldolase,Unmatched,0,0,0
BHKFFO_10995 50S ribosomal protein L35,Unmatched,0,0,0
BHKFFO_11000 50S ribosomal protein L20,Unmatched,0,0,0
BHKFFO_11005 phosphate starvation-inducible protein PhoH,Unmatched,0,0,0
BHKFFO_11010 N-acetyl-gamma-glutamyl-phosphate reductase,Unmatched,0,0,0
BHKFFO_11015 hypothetical protein,Unmatched,0,0,0
BHKFFO_11020 IS200/IS605 family element transposase accessory protein TnpB,Unmatched,0,0,0
BHKFFO_11025 DUF3146 domain-containing protein,Unmatched,0,0,0
BHKFFO_11030 TIGR00341 family protein,Unmatched,0,0,0
BHKFFO_11035 hypothetical protein,Unmatched,0,0,0
BHKFFO_11040 chromosome partitioning protein ParA,Unmatched,0,0,0
BHKFFO_11045 fatty acid desaturase,Unmatched,0,0,0
BHKFFO_11050 hypothetical protein,Unmatched,0,0,0
BHKFFO_11055 hypothetical protein,Unmatched,0,0,0
BHKFFO_11060 AAA family ATPase,Unmatched,0,0,0
BHKFFO_11065 sulfatase-modifying factor 1,Unmatched,0,0,0
BHKFFO_11070 Uncharacterised protein family (UPF0175),Unmatched,0,0,0
BHKFFO_11075 hypothetical protein,Unmatched,0,0,0
BHKFFO_11080 formylglycine-generating enzyme family protein,Unmatched,0,0,0
BHKFFO_11085 GPDPase-memb domain-containing protein,Unmatched,0,0,0
"BHKFFO_11090 Phosphate starvation-inducible protein PhoH, putative ATPase",Unmatched,0,0,0
BHKFFO_11095 cysteine synthase A,Unmatched,0,0,0
BHKFFO_11100 hypothetical protein,Unmatched,0,0,0
BHKFFO_11105 hypothetical protein,Unmatched,0,0,0
BHKFFO_11110 hypothetical protein,Unmatched,0,0,0
BHKFFO_11115 Tyr recombinase domain-containing protein,Unmatched,0,0,0
BHKFFO_11120 hypothetical protein,Unmatched,0,0,0
BHKFFO_11125 XRE family transcriptional regulator,Unmatched,0,0,0
BHKFFO_11130 hypothetical protein,Unmatched,0,0,0
BHKFFO_11135 hypothetical protein,Unmatched,0,0,0
BHKFFO_11140 hypothetical protein,Unmatched,0,0,0
BHKFFO_11145 Similarity,Unmatched,0,0,0
BHKFFO_11150 sodium-independent anion transporter,Unmatched,0,0,0
BHKFFO_11155 nitrogenase,Unmatched,0,0,0
BHKFFO_11160 UDP-glucose 6-dehydrogenase,Unmatched,0,0,0
BHKFFO_11165 NAD-dependent dehydratase,Unmatched,0,0,0
BHKFFO_11170 MvpA,Unmatched,0,0,0
BHKFFO_11175 hypothetical protein,Unmatched,0,0,0
BHKFFO_11180 DNA polymerase I,Unmatched,0,0,0
BHKFFO_11185 hypothetical protein,Unmatched,0,0,0
BHKFFO_11190 heavy metal transporter,Unmatched,0,0,0
BHKFFO_11195 hypothetical protein,Unmatched,0,0,0
BHKFFO_11200 nucleotidyltransferase,Unmatched,0,0,0
BHKFFO_11205 Ribonuclease HepT-like,Unmatched,0,0,0
BHKFFO_11210 DNA polymerase subunit beta,Unmatched,0,0,0
"BHKFFO_11215 glutamate-1-semialdehyde 2,1-aminomutase",Unmatched,0,0,0
BHKFFO_11220 hypothetical protein,Unmatched,0,0,0
BHKFFO_11225 chloride channel protein,Unmatched,0,0,0
BHKFFO_11230 Putative restriction endonuclease,Unmatched,0,0,0
BHKFFO_11235 hypothetical protein,Unmatched,0,0,0
BHKFFO_11240 polyketide biosynthesis operon protein CyrO,Unmatched,0,0,0
BHKFFO_11245 DUF4164 domain-containing protein,Unmatched,0,0,0
BHKFFO_11250 hypothetical protein,Unmatched,0,0,0
BHKFFO_11255 SRPBCC family protein,Unmatched,0,0,0
BHKFFO_11260 hypothetical protein,Unmatched,0,0,0
BHKFFO_11265 DUF1499 domain-containing protein,Unmatched,0,0,0
BHKFFO_11270 NTP-transf-9 domain-containing protein,Unmatched,0,0,0
BHKFFO_11275 4-hydroxybenzoate solanesyltransferase,Unmatched,0,0,0
BHKFFO_11280 hypothetical protein,Unmatched,0,0,0
BHKFFO_11285 hypothetical protein,Unmatched,0,0,0
BHKFFO_11290 hypothetical protein,Unmatched,0,0,0
BHKFFO_11295 DNA helicase UvrD,Unmatched,0,0,0
BHKFFO_11300 tRNA lysidine(34) synthetase TilS,Unmatched,0,0,0
BHKFFO_11305 oxygen-dependent coproporphyrinogen oxidase,Unmatched,0,0,0
BHKFFO_11310 hypothetical protein,Unmatched,0,0,0
BHKFFO_11315 Cytochrome b6-f complex subunit 8,Unmatched,0,0,0
BHKFFO_11320 hypothetical protein,Unmatched,0,0,0
BHKFFO_11325 exonuclease sbcCD subunit D,Unmatched,0,0,0
BHKFFO_11330 protein kinase,Unmatched,0,0,0
BHKFFO_11335 ATP-binding protein,Unmatched,0,0,0
BHKFFO_11340 anti-anti-sigma factor,Unmatched,0,0,0
BHKFFO_11345 DUF3318 domain-containing protein,Unmatched,0,0,0
BHKFFO_11350 ribonuclease D,Unmatched,0,0,0
BHKFFO_11355 CAP domain-containing protein,Unmatched,0,0,0
BHKFFO_11360 Transposase,Unmatched,0,0,0
BHKFFO_11365 hypothetical protein,Unmatched,0,0,0
BHKFFO_11370 GAF domain-containing protein,Unmatched,0,0,0
BHKFFO_11375 apolipoprotein N-acyltransferase,Unmatched,0,0,0
BHKFFO_11380 hypothetical protein,Unmatched,0,0,0
BHKFFO_11385 chaperone protein ClpB,Unmatched,0,0,0
BHKFFO_11390 hypothetical protein,Unmatched,0,0,0
BHKFFO_11395 HTH cro/C1-type domain-containing protein,Unmatched,0,0,0
BHKFFO_11400 hypothetical protein,Unmatched,0,0,0
BHKFFO_11405 ATP phosphoribosyltransferase regulatory subunit,Unmatched,0,0,0
BHKFFO_11410 hypothetical protein,Unmatched,0,0,0
BHKFFO_11415 AbrB/MazE/SpoVT family DNA-binding domain-containing protein,Unmatched,0,0,0
BHKFFO_11420 DNA-binding protein,Unmatched,0,0,0
BHKFFO_11425 oxidoreductase,Unmatched,0,0,0
BHKFFO_11430 Shikimate kinase,Unmatched,0,0,0
BHKFFO_11435 thioredoxin domain-containing protein,Unmatched,0,0,0
BHKFFO_11440 HicB-like domain-containing protein,Unmatched,0,0,0
BHKFFO_11445 4Fe-4S ferredoxin,Unmatched,0,0,0
BHKFFO_11450 single-stranded DNA-binding protein,Unmatched,0,0,0
BHKFFO_11455 Unsaturated chondroitin disaccharide hydrolase,Unmatched,0,0,0
BHKFFO_11460 ATP-dependent zinc protease,Unmatched,0,0,0
BHKFFO_11465 DUF3007 domain-containing protein,Unmatched,0,0,0
BHKFFO_11470 NAD(P)H-quinone oxidoreductase subunit L,Unmatched,0,0,0
BHKFFO_11475 tRNA-Leu(taa),Unmatched,0,0,0
BHKFFO_11480 carotenoid oxygenase,Unmatched,0,0,0
BHKFFO_11485 tRNA epoxyqueuosine(34) reductase QueG,Unmatched,0,0,0
BHKFFO_11490 hypothetical protein,Unmatched,0,0,0
BHKFFO_11495 dihydrolipoyl dehydrogenase,Unmatched,0,0,0
BHKFFO_11500 twin-arginine translocase TatA/TatE family subunit,Unmatched,0,0,0
BHKFFO_11505 50S ribosomal protein L25/general stress protein Ctc,Unmatched,0,0,0
BHKFFO_11510 adenylosuccinate synthase,Unmatched,0,0,0
BHKFFO_11515 hypothetical protein,Unmatched,0,0,0
BHKFFO_11520 permease,Unmatched,0,0,0
BHKFFO_11525 dipeptide epimerase,Unmatched,0,0,0
BHKFFO_11530 DUF1611 domain-containing protein,Unmatched,0,0,0
BHKFFO_11535 SH3 domain-containing protein,Unmatched,0,0,0
BHKFFO_11540 AAA family ATPase,Unmatched,0,0,0
BHKFFO_11545 Transposase-31 domain-containing protein,Unmatched,0,0,0
BHKFFO_11550 peptidase S41,Unmatched,0,0,0
BHKFFO_11555 hypothetical protein,Unmatched,0,0,0
BHKFFO_11560 Similar to tr|P73491|P73491,Unmatched,0,0,0
BHKFFO_11565 DNA helicase RecQ,Unmatched,0,0,0
BHKFFO_11570 DUF3318 domain-containing protein,Unmatched,0,0,0
BHKFFO_11575 hypothetical protein,Unmatched,0,0,0
BHKFFO_11580 DUF29 domain-containing protein,Unmatched,0,0,0
BHKFFO_11585 phosphoribosylformylglycinamidine synthase subunit PurL,Unmatched,0,0,0
BHKFFO_11590 amidophosphoribosyltransferase,Unmatched,0,0,0
BHKFFO_11595 hypothetical protein,Unmatched,0,0,0
BHKFFO_11600 DUF4164 domain-containing protein,Unmatched,0,0,0
BHKFFO_11605 undecaprenyl-phosphate alpha-N-acetylglucosaminyl 1-phosphate transferase,Unmatched,0,0,0
BHKFFO_11610 Serine hydroxymethyltransferase,Unmatched,0,0,0
BHKFFO_11615 phosphoenolpyruvate carboxylase,Unmatched,0,0,0
BHKFFO_11620 hypothetical protein,Unmatched,0,0,0
BHKFFO_11625 cell division topological specificity factor MinE,Unmatched,0,0,0
BHKFFO_11630 septum site-determining protein MinD,Unmatched,0,0,0
BHKFFO_11635 septum site-determining protein MinC,Unmatched,0,0,0
BHKFFO_11640 hypothetical protein,Unmatched,0,0,0
BHKFFO_11650 glutamate racemase,Unmatched,0,0,0
BHKFFO_11655 N-acetylmuramoyl-L-alanine amidase,Unmatched,0,0,0
BHKFFO_11660 sodium:proton antiporter,Unmatched,0,0,0
BHKFFO_11665 hypothetical protein,Unmatched,0,0,0
BHKFFO_11670 tRNA guanosine(34) transglycosylase Tgt,Unmatched,0,0,0
BHKFFO_11675 photosystem II reaction center protein K,Unmatched,0,0,0
BHKFFO_11680 Low-complexity protein,Unmatched,0,0,0
BHKFFO_11685 transcriptional regulator,Unmatched,0,0,0
BHKFFO_11690 Asp-tRNA(Asn)/Glu-tRNA(Gln) amidotransferase subunit GatA,Unmatched,0,0,0
BHKFFO_11695 DUF559 domain-containing protein,Unmatched,0,0,0
BHKFFO_11700 pentapeptide repeat-containing protein,Unmatched,0,0,0
BHKFFO_11705 YebC/PmpR family DNA-binding transcriptional regulator,Unmatched,0,0,0
BHKFFO_11710 Organic radical activating enzyme NrdG/QueE,Unmatched,0,0,0
BHKFFO_11715 Mobile element protein,Unmatched,0,0,0
BHKFFO_11720 NAD-dependent dehydratase,Unmatched,0,0,0
BHKFFO_11725 hypothetical protein,Unmatched,0,0,0
BHKFFO_11730 hypothetical protein,Unmatched,0,0,0
BHKFFO_11735 RNA polymerase subunit sigma,Unmatched,0,0,0
BHKFFO_11740 hormogonium polysaccharide biosynthesis glycosyltransferase HpsO,Unmatched,0,0,0
BHKFFO_11745 hormogonium polysaccharide biosynthesis glycosyltransferase HpsN,Unmatched,0,0,0
BHKFFO_11750 hormogonium polysaccharide biosynthesis protein HpsL,Unmatched,0,0,0
BHKFFO_11755 phosphoglucosamine mutase,Unmatched,0,0,0
BHKFFO_11760 CHAP domain-containing protein,Unmatched,0,0,0
BHKFFO_11765 glutamyl-tRNA reductase,Unmatched,0,0,0
BHKFFO_11770 class II fructose-bisphosphatase,Unmatched,0,0,0
BHKFFO_11775 glyoxalase/bleomycin resistance/extradiol dioxygenase family protein,Unmatched,0,0,0
BHKFFO_11780 TIGR02652 family protein,Unmatched,0,0,0
BHKFFO_11785 gamma carbonic anhydrase family protein,Unmatched,0,0,0
BHKFFO_11790 photosystem II protein Y,Unmatched,0,0,0
BHKFFO_11795 methionine synthase,Unmatched,0,0,0
BHKFFO_11800 sporulation protein SpoIID,Unmatched,0,0,0
BHKFFO_11805 restriction endonuclease subunit R,Unmatched,0,0,0
BHKFFO_11810 DUF5615 domain-containing protein,Unmatched,0,0,0
BHKFFO_11815 hypothetical protein,Unmatched,0,0,0
BHKFFO_11820 PINc domain-containing protein,Unmatched,0,0,0
BHKFFO_11825 hypothetical protein,Unmatched,0,0,0
BHKFFO_11830 DUF29 domain-containing protein,Unmatched,0,0,0
BHKFFO_11835 hypothetical protein,Unmatched,0,0,0
BHKFFO_11840 toll/interleukin-1 receptor domain-containing protein,Unmatched,0,0,0
BHKFFO_11845 DUF2283 domain-containing protein,Unmatched,0,0,0
BHKFFO_11870 tRNA-Ser(gct),Unmatched,0,0,0
BHKFFO_11875 ABC transporter,Unmatched,0,0,0
BHKFFO_11880 ABC transporter permease DevC,Unmatched,0,0,0
BHKFFO_11885 HlyD family secretion protein,Unmatched,0,0,0
BHKFFO_11890 TetR family transcriptional regulator,Unmatched,0,0,0
BHKFFO_11900 hypothetical protein,Unmatched,0,0,0
BHKFFO_11905 hypothetical protein,Unmatched,0,0,0
BHKFFO_11910 long-chain fatty acid--CoA ligase,Unmatched,0,0,0
BHKFFO_11915 YlqD protein,Unmatched,0,0,0
BHKFFO_11920 DUF3370 domain-containing protein,Unmatched,0,0,0
BHKFFO_11925 hypothetical protein,Unmatched,0,0,0
BHKFFO_11930 TIGR04222 domain-containing membrane protein,Unmatched,0,0,0
BHKFFO_11945 glycosyl transferase,Unmatched,0,0,0
BHKFFO_11950 tRNA preQ1(34) S-adenosylmethionine ribosyltransferase-isomerase QueA,Unmatched,0,0,0
BHKFFO_11955 hypothetical protein,Unmatched,0,0,0
BHKFFO_11960 cytochrome D ubiquinol oxidase subunit II,Unmatched,0,0,0
BHKFFO_11965 Tetratricopeptide domain protein,Unmatched,0,0,0
BHKFFO_11970 endonuclease/exonuclease/phosphatase,Unmatched,0,0,0
BHKFFO_11975 NYN domain-containing protein,Unmatched,0,0,0
BHKFFO_11980 sulfurtransferase,Unmatched,0,0,0
BHKFFO_11985 ATP-binding protein,Unmatched,0,0,0
BHKFFO_11990 regulator,Unmatched,0,0,0
BHKFFO_11995 anti-sigma factor antagonist,Unmatched,0,0,0
BHKFFO_12000 NAD(P)/FAD-dependent oxidoreductase,Unmatched,0,0,0
BHKFFO_12005 IS4 family transposase,Unmatched,0,0,0
BHKFFO_12010 NADP-dependent succinic semialdehyde dehydrogenase,Unmatched,0,0,0
BHKFFO_12015 4-hydroxythreonine-4-phosphate dehydrogenase PdxA,Unmatched,0,0,0
BHKFFO_12020 magnesium/cobalt transporter CorA,Unmatched,0,0,0
BHKFFO_12025 hypothetical protein,Unmatched,0,0,0
BHKFFO_12030 aldo/keto reductase,Unmatched,0,0,0
BHKFFO_12035 ABC transporter permease,Unmatched,0,0,0
BHKFFO_12040 Conserved protein,Unmatched,0,0,0
BHKFFO_12045 efflux transporter periplasmic adaptor subunit,Unmatched,0,0,0
BHKFFO_12050 serine/threonine-protein kinase pkn1,Unmatched,0,0,0
BHKFFO_12055 molybdopterin synthase sulfur carrier subunit,Unmatched,0,0,0
BHKFFO_12060 ATP-binding cassette family protein,Unmatched,0,0,0
BHKFFO_12065 hypothetical protein,Unmatched,0,0,0
BHKFFO_12075 heat-inducible transcriptional repressor HrcA,Unmatched,0,0,0
BHKFFO_12080 hypothetical protein,Unmatched,0,0,0
"BHKFFO_12085 CRISPR-associated protein Csa3, CARF domain",Unmatched,0,0,0
BHKFFO_12090 DNA methyltransferase,Unmatched,0,0,0
BHKFFO_12095 polymerase,Unmatched,0,0,0
BHKFFO_12100 sulfur carrier protein ThiS,Unmatched,0,0,0
BHKFFO_12105 thiamine phosphate synthase,Unmatched,0,0,0
BHKFFO_12110 tRNA-Arg(tct),Unmatched,0,0,0
BHKFFO_12115 ferrochelatase,Unmatched,0,0,0
BHKFFO_12120 DUF2993 domain-containing protein,Unmatched,0,0,0
BHKFFO_12125 membrane protein insertion efficiency factor YidD,Unmatched,0,0,0
BHKFFO_12130 HicB-like domain-containing protein,Unmatched,0,0,0
"BHKFFO_12135 HicA toxin of bacterial toxin-antitoxin,",Unmatched,0,0,0
BHKFFO_12140 1-acyl-sn-glycerol-3-phosphate acyltransferase,Unmatched,0,0,0
BHKFFO_12145 methionine--tRNA ligase,Unmatched,0,0,0
BHKFFO_12150 NYN domain-containing protein,Unmatched,0,0,0
BHKFFO_12155 nuclease,Unmatched,0,0,0
BHKFFO_12160 HigA family addiction module antitoxin,Unmatched,0,0,0
BHKFFO_12165 hypothetical protein,Unmatched,0,0,0
BHKFFO_12170 30S ribosomal protein S12,Unmatched,0,0,0
BHKFFO_12175 30S ribosomal protein S7,Unmatched,0,0,0
BHKFFO_12180 elongation factor G,Unmatched,0,0,0
BHKFFO_12185 elongation factor Tu,Unmatched,0,0,0
BHKFFO_12190 30S ribosomal protein S10,Unmatched,0,0,0
BHKFFO_12195 glycine--tRNA ligase subunit alpha,Unmatched,0,0,0
BHKFFO_12200 serine/threonine protein kinase,Unmatched,0,0,0
BHKFFO_12205 hypothetical protein,Unmatched,0,0,0
BHKFFO_12210 Serine/threonine-protein kinase PrkC,Unmatched,0,0,0
BHKFFO_12215 hypothetical protein,Unmatched,0,0,0
BHKFFO_12220 hypothetical protein,Unmatched,0,0,0
BHKFFO_12225 hydroxymethylbilane synthase,Unmatched,0,0,0
BHKFFO_12230 ferredoxin,Unmatched,0,0,0
BHKFFO_12235 hypothetical protein,Unmatched,0,0,0
BHKFFO_12240 NAD(+) kinase,Unmatched,0,0,0
BHKFFO_12245 3-beta hydroxysteroid dehydrogenase,Unmatched,0,0,0
BHKFFO_12250 LD-carboxypeptidase,Unmatched,0,0,0
BHKFFO_12255 S8 family serine peptidase,Unmatched,0,0,0
BHKFFO_12260 hypothetical protein,Unmatched,0,0,0
BHKFFO_12265 hypothetical protein,Unmatched,0,0,0
BHKFFO_12270 UDP-N-acetylmuramoyl-tripeptide--D-alanyl-D-alanine ligase,Unmatched,0,0,0
BHKFFO_12275 Glycosyl transferase family 41,Unmatched,0,0,0
BHKFFO_12280 prolyl aminopeptidase,Unmatched,0,0,0
BHKFFO_12285 NAD-dependent malic enzyme,Unmatched,0,0,0
BHKFFO_12290 D-alanyl-D-alanine carboxypeptidase,Unmatched,0,0,0
BHKFFO_12295 hypothetical protein,Unmatched,0,0,0
BHKFFO_12300 HNH endonuclease,Unmatched,0,0,0
BHKFFO_12305 TIR domain-containing protein,Unmatched,0,0,0
BHKFFO_12310 hypothetical protein,Unmatched,0,0,0
BHKFFO_12315 histidine--tRNA ligase,Unmatched,0,0,0
BHKFFO_12320 cadmium-translocating P-type ATPase,Unmatched,0,0,0
BHKFFO_12325 hypothetical protein,Unmatched,0,0,0
BHKFFO_12330 4-hydroxy-3-methylbut-2-enyl diphosphate reductase,Unmatched,0,0,0
BHKFFO_12335 CRR6 family NdhI maturation factor,Unmatched,0,0,0
BHKFFO_12340 hypothetical protein,Unmatched,0,0,0
BHKFFO_12345 hypothetical protein,Unmatched,0,0,0
BHKFFO_12350 bile acid:sodium symporter,Unmatched,0,0,0
BHKFFO_12355 hypothetical protein,Unmatched,0,0,0
BHKFFO_12360 recombinase RecA,Unmatched,0,0,0
"BHKFFO_12365 2,5-didehydrogluconate reductase",Unmatched,0,0,0
BHKFFO_12370 hypothetical protein,Unmatched,0,0,0
BHKFFO_12375 Secreted effector protein PipB2,Unmatched,0,0,0
BHKFFO_12380 XisI protein,Unmatched,0,0,0
BHKFFO_12385 fatty-acid oxidation protein subunit alpha,Unmatched,0,0,0
BHKFFO_12390 2-phosphosulfolactate phosphatase family protein,Unmatched,0,0,0
BHKFFO_12395 bifunctional folylpolyglutamate synthase/dihydrofolate synthase,Unmatched,0,0,0
BHKFFO_12400 DUF3352 domain-containing protein,Unmatched,0,0,0
BHKFFO_12405 PEP-CTERM sorting domain-containing protein,Unmatched,0,0,0
BHKFFO_12410 quinone-dependent dihydroorotate dehydrogenase,Unmatched,0,0,0
BHKFFO_12415 molecular chaperone DnaJ,Unmatched,0,0,0
BHKFFO_12420 molecular chaperone DnaK,Unmatched,0,0,0
BHKFFO_12425 hypothetical protein,Unmatched,0,0,0
BHKFFO_12430 RdgB/HAM1 family non-canonical purine NTP pyrophosphatase,Unmatched,0,0,0
BHKFFO_12435 lipoyl synthase,Unmatched,0,0,0
BHKFFO_12440 tRNA-Pro(cgg),Unmatched,0,0,0
BHKFFO_12445 DNA polymerase subunit beta,Unmatched,0,0,0
BHKFFO_12450 hypothetical protein,Unmatched,0,0,0
BHKFFO_12455 GTPase HflX,Unmatched,0,0,0
BHKFFO_12460 peptidase,Unmatched,0,0,0
BHKFFO_12465 tRNA-Met(cat),Unmatched,0,0,0
BHKFFO_12470 SAM-dependent methyltransferase,Unmatched,0,0,0
BHKFFO_12475 FAD-dependent hydroxylase,Unmatched,0,0,0
BHKFFO_12480 tRNA-Pro(ggg),Unmatched,0,0,0
BHKFFO_12485 peptidase,Unmatched,0,0,0
BHKFFO_12490 Uma2 domain-containing protein,Unmatched,0,0,0
BHKFFO_12495 DNA repair protein RecN,Unmatched,0,0,0
BHKFFO_12500 DNA-binding response regulator,Unmatched,0,0,0
BHKFFO_12505 DUF2157 domain-containing protein,Unmatched,0,0,0
BHKFFO_12510 DUF29 domain-containing protein,Unmatched,0,0,0
BHKFFO_12515 PEP-CTERM domain-containing protein,Unmatched,0,0,0
BHKFFO_12520 polysaccharide export protein,Unmatched,0,0,0
BHKFFO_12525 ATPase,Unmatched,0,0,0
BHKFFO_12530 GHL10 domain-containing protein,Unmatched,0,0,0
BHKFFO_12535 Uncharacterized protein alr1449,Unmatched,0,0,0
BHKFFO_12540 S15 family X-Pro dipeptidyl-peptidase,Unmatched,0,0,0
BHKFFO_12545 ABC-F type ribosomal protection protein,Unmatched,0,0,0
BHKFFO_12550 peroxiredoxin,Unmatched,0,0,0
BHKFFO_12555 chloride channel core,Unmatched,0,0,0
BHKFFO_12560 Phosphomannomutase,Unmatched,0,0,0
BHKFFO_12565 type II 3-dehydroquinate dehydratase,Unmatched,0,0,0
BHKFFO_12570 hypothetical protein,Unmatched,0,0,0
BHKFFO_12575 UMP kinase,Unmatched,0,0,0
BHKFFO_12580 ribosome recycling factor,Unmatched,0,0,0
BHKFFO_12585 serine protease,Unmatched,0,0,0
BHKFFO_12590 J domain-containing protein,Unmatched,0,0,0
BHKFFO_12595 Antitoxin,Unmatched,0,0,0
BHKFFO_12600 VapC toxin family PIN domain ribonuclease,Unmatched,0,0,0
"BHKFFO_12605 transfer-messenger RNA, SsrA",Unmatched,0,0,0
BHKFFO_12610 pyridoxal phosphate-dependent aminotransferase,Unmatched,0,0,0
BHKFFO_12615 hypothetical protein,Unmatched,0,0,0
BHKFFO_12620 hypothetical protein,Unmatched,0,0,0
BHKFFO_12625 homoserine dehydrogenase,Unmatched,0,0,0
BHKFFO_12630 peptidase,Unmatched,0,0,0
BHKFFO_12635 hypothetical protein,Unmatched,0,0,0
BHKFFO_12640 aminotransferase,Unmatched,0,0,0
BHKFFO_12645 indole-3-glycerol phosphate synthase TrpC,Unmatched,0,0,0
BHKFFO_12650 SGNH/GDSL hydrolase family protein,Unmatched,0,0,0
BHKFFO_12655 InsA protein,Unmatched,0,0,0
BHKFFO_12660 alpha-amylase family glycosyl hydrolase,Unmatched,0,0,0
BHKFFO_12665 TVP38/TMEM64 family protein,Unmatched,0,0,0
BHKFFO_12670 molecular chaperone DnaJ,Unmatched,0,0,0
BHKFFO_12675 hypothetical protein,Unmatched,0,0,0
BHKFFO_12680 DUF2389 domain-containing protein,Unmatched,0,0,0
BHKFFO_12685 transcriptional repressor LexA,Unmatched,0,0,0
BHKFFO_12690 pyruvate:ferredoxin (flavodoxin) oxidoreductase,Unmatched,0,0,0
BHKFFO_12695 dihydroorotate dehydrogenase,Unmatched,0,0,0
BHKFFO_12700 6-phosphofructokinase,Unmatched,0,0,0
BHKFFO_12705 hypothetical protein,Unmatched,0,0,0
BHKFFO_12710 hypothetical protein,Unmatched,0,0,0
BHKFFO_12715 hypothetical protein,Unmatched,0,0,0
BHKFFO_12720 hypothetical protein,Unmatched,0,0,0
"BHKFFO_12725 HicA toxin of bacterial toxin-antitoxin,",Unmatched,0,0,0
BHKFFO_12730 HicB family protein,Unmatched,0,0,0
BHKFFO_12735 hypothetical protein,Unmatched,0,0,0
BHKFFO_12740 hypothetical protein,Unmatched,0,0,0
BHKFFO_12745 hypothetical protein,Unmatched,0,0,0
BHKFFO_12750 phosphate ABC transporter substrate-binding protein,Unmatched,0,0,0
BHKFFO_12755 preQ(1) synthase,Unmatched,0,0,0
BHKFFO_12760 hydrolase,Unmatched,0,0,0
BHKFFO_12765 MEKHLA domain-containing protein,Unmatched,0,0,0
BHKFFO_12770 orotidine-5'-phosphate decarboxylase,Unmatched,0,0,0
BHKFFO_12775 hypothetical protein,Unmatched,0,0,0
BHKFFO_12780 peptide chain release factor N(5)-glutamine methyltransferase,Unmatched,0,0,0
BHKFFO_12785 Tic22-like family,Unmatched,0,0,0
BHKFFO_12790 hypothetical protein,Unmatched,0,0,0
BHKFFO_12795 hypothetical protein,Unmatched,0,0,0
BHKFFO_12800 lipase,Unmatched,0,0,0
BHKFFO_12805 DUF4164 domain-containing protein,Unmatched,0,0,0
BHKFFO_12810 site-2 protease family protein,Unmatched,0,0,0
BHKFFO_12815 N-acetylmuramic acid 6-phosphate etherase,Unmatched,0,0,0
BHKFFO_12820 50S ribosomal protein L21,Unmatched,0,0,0
BHKFFO_12825 50S ribosomal protein L27,Unmatched,0,0,0
BHKFFO_12830 phytanoyl-CoA dioxygenase,Unmatched,0,0,0
BHKFFO_12835 DUF86 domain-containing protein,Unmatched,0,0,0
BHKFFO_12840 nucleotidyltransferase,Unmatched,0,0,0
BHKFFO_12845 acetyl-CoA carboxylase carboxyl transferase subunit alpha,Unmatched,0,0,0
BHKFFO_12850 spermidine synthase,Unmatched,0,0,0
BHKFFO_12855 single-stranded-DNA-specific exonuclease RecJ,Unmatched,0,0,0
BHKFFO_12860 PINc domain-containing protein,Unmatched,0,0,0
BHKFFO_12865 hypothetical protein,Unmatched,0,0,0
BHKFFO_12870 Type II restriction enzyme AvaI,Unmatched,0,0,0
BHKFFO_12875 DNA modification methylase,Unmatched,0,0,0
BHKFFO_12880 ATP-dependent 6-phosphofructokinase,Unmatched,0,0,0
BHKFFO_12885 glutamate--tRNA ligase,Unmatched,0,0,0
BHKFFO_12890 NAD(P)H-quinone oxidoreductase subunit N,Unmatched,0,0,0
BHKFFO_12895 hypothetical protein,Unmatched,0,0,0
BHKFFO_12900 peptide ABC transporter permease,Unmatched,0,0,0
BHKFFO_12905 phosphate signaling complex protein PhoU,Unmatched,0,0,0
BHKFFO_12910 hypothetical protein,Unmatched,0,0,0
BHKFFO_12915 histidine kinase,Unmatched,0,0,0
BHKFFO_12920 DNA-binding response regulator,Unmatched,0,0,0
BHKFFO_12925 amidase,Unmatched,0,0,0
BHKFFO_12930 hypothetical protein,Unmatched,0,0,0
BHKFFO_12935 glycolate oxidase subunit GlcD,Unmatched,0,0,0
BHKFFO_12940 2'-5' RNA ligase,Unmatched,0,0,0
BHKFFO_12945 YCII domain-containing protein,Unmatched,0,0,0
BHKFFO_12950 translation initiation factor IF-1,Unmatched,0,0,0
BHKFFO_12955 50S ribosomal protein L36,Unmatched,0,0,0
BHKFFO_12960 30S ribosomal protein S13,Unmatched,0,0,0
BHKFFO_12965 30S ribosomal protein S11,Unmatched,0,0,0
BHKFFO_12970 DNA-directed RNA polymerase subunit alpha,Unmatched,0,0,0
BHKFFO_12975 50S ribosomal protein L17,Unmatched,0,0,0
BHKFFO_12980 tRNA pseudouridine(38-40) synthase TruA,Unmatched,0,0,0
BHKFFO_12985 50S ribosomal protein L13,Unmatched,0,0,0
BHKFFO_12990 30S ribosomal protein S9,Unmatched,0,0,0
BHKFFO_12995 50S ribosomal protein L31,Unmatched,0,0,0
BHKFFO_13000 DUF3368 domain-containing protein,Unmatched,0,0,0
BHKFFO_13005 Uncharacterised protein family (UPF0175),Unmatched,0,0,0
BHKFFO_13010 hypothetical protein,Unmatched,0,0,0
BHKFFO_13015 plasmid stabilization protein,Unmatched,0,0,0
BHKFFO_13020 hypothetical protein,Unmatched,0,0,0
BHKFFO_13025 hypothetical protein,Unmatched,0,0,0
BHKFFO_13030 ATP-dependent Clp protease adapter ClpS,Unmatched,0,0,0
BHKFFO_13035 CPBP family intramembrane metalloprotease,Unmatched,0,0,0
BHKFFO_13040 phage integrase N-terminal SAM-like domain-containing protein,Unmatched,0,0,0
BHKFFO_13045 Aluminium activated malate transporter,Unmatched,0,0,0
BHKFFO_13050 universal stress protein,Unmatched,0,0,0
BHKFFO_13055 alpha/beta hydrolase,Unmatched,0,0,0
BHKFFO_13060 RRXRR protein,Unmatched,0,0,0
BHKFFO_13065 cyanophycinase,Unmatched,0,0,0
BHKFFO_13070 tRNA (guanosine(37)-N1)-methyltransferase TrmD,Unmatched,0,0,0
BHKFFO_13075 hypothetical protein,Unmatched,0,0,0
BHKFFO_13080 tRNA-Gly(ccc),Unmatched,0,0,0
BHKFFO_13085 acyl-CoA dehydrogenase,Unmatched,0,0,0
BHKFFO_13090 hypothetical protein,Unmatched,0,0,0
BHKFFO_13095 Putative endonuclease V,Unmatched,0,0,0
BHKFFO_13100 antitoxin VapB,Unmatched,0,0,0
BHKFFO_13105 VapC toxin family PIN domain ribonuclease,Unmatched,0,0,0
BHKFFO_13110 toxin-antitoxin system protein,Unmatched,0,0,0
BHKFFO_13115 NAD(P)/FAD-dependent oxidoreductase,Unmatched,0,0,0
BHKFFO_13120 hypothetical protein,Unmatched,0,0,0
BHKFFO_13125 Peptidoglycan O-acetyltransferase,Unmatched,0,0,0
BHKFFO_13130 FkbM family methyltransferase,Unmatched,0,0,0
BHKFFO_13135 hypothetical protein,Unmatched,0,0,0
BHKFFO_13140 UDP-glucose 4-epimerase GalE,Unmatched,0,0,0
BHKFFO_13145 polyphosphate:AMP phosphotransferase,Unmatched,0,0,0
BHKFFO_13150 hypothetical protein,Unmatched,0,0,0
BHKFFO_13155 hypothetical protein,Unmatched,0,0,0
BHKFFO_13160 phosphoribosylglycinamide formyltransferase,Unmatched,0,0,0
BHKFFO_13165 Putative restriction endonuclease,Unmatched,0,0,0
BHKFFO_13170 Putative restriction endonuclease,Unmatched,0,0,0
BHKFFO_13175 valine--tRNA ligase,Unmatched,0,0,0
BHKFFO_13180 NADP-dependent isocitrate dehydrogenase,Unmatched,0,0,0
BHKFFO_13185 hypothetical protein,Unmatched,0,0,0
BHKFFO_13190 Transposase,Unmatched,0,0,0
BHKFFO_13195 hypothetical protein,Unmatched,0,0,0
BHKFFO_13200 ISAzo13 family transposase,Unmatched,0,0,0
BHKFFO_13205 hypothetical protein,Unmatched,0,0,0
BHKFFO_13210 PIN domain nuclease,Unmatched,0,0,0
BHKFFO_13215 DUF1349 domain-containing protein,Unmatched,0,0,0
BHKFFO_13220 Endo/exonuclease/phosphatase domain-containing protein,Unmatched,0,0,0
BHKFFO_13225 antitoxin,Unmatched,0,0,0
BHKFFO_13230 DUF5615 domain-containing protein,Unmatched,0,0,0
BHKFFO_13235 XisI protein,Unmatched,0,0,0
BHKFFO_13240 fatty-acid synthase,Unmatched,0,0,0
BHKFFO_13245 putative tRNA-dihydrouridine synthase 1,Unmatched,0,0,0
BHKFFO_13250 glucose-6-phosphate isomerase,Unmatched,0,0,0
BHKFFO_13255 ABC transporter permease,Unmatched,0,0,0
BHKFFO_13260 histidinol dehydrogenase,Unmatched,0,0,0
BHKFFO_13265 acetyl-CoA carboxylase biotin carboxylase subunit,Unmatched,0,0,0
BHKFFO_13270 hypothetical protein,Unmatched,0,0,0
BHKFFO_13275 Leucine-rich repeat domain-containing protein,Unmatched,0,0,0
BHKFFO_13280 HigA family addiction module antitoxin,Unmatched,0,0,0
BHKFFO_13285 tRNA adenosine(34) deaminase TadA,Unmatched,0,0,0
BHKFFO_13290 hypothetical protein,Unmatched,0,0,0
BHKFFO_13295 hypothetical protein,Unmatched,0,0,0
BHKFFO_13300 5-formyltetrahydrofolate cyclo-ligase,Unmatched,0,0,0
BHKFFO_13305 hypothetical protein,Unmatched,0,0,0
BHKFFO_13310 aldo/keto reductase,Unmatched,0,0,0
BHKFFO_13315 hypothetical protein,Unmatched,0,0,0
BHKFFO_13320 N-acetylglucosamine-6-phosphate deacetylase,Unmatched,0,0,0
BHKFFO_13325 serine/threonine protein phosphatase,Unmatched,0,0,0
BHKFFO_13330 Transglutaminase-like superfamily,Unmatched,0,0,0
BHKFFO_13335 VOC family protein,Unmatched,0,0,0
BHKFFO_13340 TspO/MBR family,Unmatched,0,0,0
BHKFFO_13345 3-hydroxyacyl-ACP dehydratase FabZ,Unmatched,0,0,0
BHKFFO_13350 sporulation protein,Unmatched,0,0,0
BHKFFO_13355 Coenzyme Q (ubiquinone) biosynthesis protein Coq4,Unmatched,0,0,0
BHKFFO_13360 Similarity,Unmatched,0,0,0
BHKFFO_13365 hypothetical protein,Unmatched,0,0,0
BHKFFO_13370 chlororespiratory reduction protein 7,Unmatched,0,0,0
BHKFFO_13375 YdiU family protein,Unmatched,0,0,0
BHKFFO_13380 SpoVT-AbrB domain-containing protein,Unmatched,0,0,0
BHKFFO_13385 Transcriptional regulator,Unmatched,0,0,0
BHKFFO_13390 NAD(P)H-quinone oxidoreductase subunit F,Unmatched,0,0,0
BHKFFO_13395 PHP domain-containing protein,Unmatched,0,0,0
BHKFFO_13400 PEP-CTERM sorting domain-containing protein,Unmatched,0,0,0
BHKFFO_13405 energy-coupling factor transporter ATPase,Unmatched,0,0,0
BHKFFO_13410 3-phosphoshikimate 1-carboxyvinyltransferase,Unmatched,0,0,0
BHKFFO_13415 hypothetical protein,Unmatched,0,0,0
BHKFFO_13420 Transposase,Unmatched,0,0,0
BHKFFO_13425 23S rRNA (adenine(2503)-C(2))-methyltransferase RlmN,Unmatched,0,0,0
BHKFFO_13430 photosystem I reaction center subunit XII,Unmatched,0,0,0
BHKFFO_13435 ferredoxin-NADP reductase,Unmatched,0,0,0
BHKFFO_13440 Cofac-haem-bdg domain-containing protein,Unmatched,0,0,0
BHKFFO_13455 bifunctional diaminohydroxyphosphoribosylaminopyrimidine deaminase/5-amino-6-(5-phosphoribosylamino)uracil reductase RibD,Unmatched,0,0,0
BHKFFO_13460 molecular chaperone HtpG,Unmatched,0,0,0
BHKFFO_13465 helicase,Unmatched,0,0,0
BHKFFO_13470 4a-hydroxytetrahydrobiopterin dehydratase,Unmatched,0,0,0
BHKFFO_13475 hypothetical protein,Unmatched,0,0,0
BHKFFO_13480 hypothetical protein,Unmatched,0,0,0
BHKFFO_13485 50S ribosomal protein L1,Unmatched,0,0,0
BHKFFO_13490 50S ribosomal protein L11,Unmatched,0,0,0
BHKFFO_13495 transcription termination/antitermination protein NusG,Unmatched,0,0,0
BHKFFO_13500 preprotein translocase subunit SecE,Unmatched,0,0,0
BHKFFO_13505 tRNA-Trp(cca),Unmatched,0,0,0
BHKFFO_13510 50S ribosomal protein L19,Unmatched,0,0,0
BHKFFO_13515 carbonic anhydrase,Unmatched,0,0,0
BHKFFO_13520 photosystem II reaction center protein PsbN,Unmatched,0,0,0
BHKFFO_13525 alpha-mannosidase,Unmatched,0,0,0
BHKFFO_13530 tRNA-Thr(ggt),Unmatched,0,0,0
BHKFFO_13535 tRNA-Tyr(gta),Unmatched,0,0,0
BHKFFO_13540 Ferredoxin-1,Unmatched,0,0,0
BHKFFO_13545 peroxiredoxin,Unmatched,0,0,0
BHKFFO_13550 photosystem II complex extrinsic protein PsbU,Unmatched,0,0,0
BHKFFO_13555 L-aspartate oxidase,Unmatched,0,0,0
BHKFFO_13560 Urease accessory protein UreD,Unmatched,0,0,0
BHKFFO_13565 4-(cytidine 5'-diphospho)-2-C-methyl-D-erythritol kinase,Unmatched,0,0,0
BHKFFO_13570 16S rRNA (adenine(1518)-N(6)/adenine(1519)-N(6))-dimethyltransferase RsmA,Unmatched,0,0,0
BHKFFO_13575 fluoride efflux transporter CrcB,Unmatched,0,0,0
BHKFFO_13580 fluoride efflux transporter CrcB,Unmatched,0,0,0
BHKFFO_13585 cobalamin biosynthesis bifunctional protein CbiET,Unmatched,0,0,0
BHKFFO_13595 DUF1400 domain-containing protein,Unmatched,0,0,0
BHKFFO_13600 exopolyphosphatase,Unmatched,0,0,0
BHKFFO_13605 Secreted effector protein PipB2,Unmatched,0,0,0
BHKFFO_13610 chromosome segregation ATPase,Unmatched,0,0,0
BHKFFO_13615 Hsp33 family molecular chaperone HslO,Unmatched,0,0,0
BHKFFO_13620 hypothetical protein,Unmatched,0,0,0
BHKFFO_13625 signal recognition particle protein,Unmatched,0,0,0
BHKFFO_13630 thiamine-phosphate kinase,Unmatched,0,0,0
BHKFFO_13635 MBL fold metallo-hydrolase,Unmatched,0,0,0
BHKFFO_13640 site-2 protease family protein,Unmatched,0,0,0
BHKFFO_13645 DUF218 domain-containing protein,Unmatched,0,0,0
BHKFFO_13650 Ca(2+)/H(+) antiporter,Unmatched,0,0,0
BHKFFO_13655 16S rRNA (guanine(527)-N(7))-methyltransferase RsmG,Unmatched,0,0,0
BHKFFO_13660 lytic murein transglycosylase,Unmatched,0,0,0
BHKFFO_13665 hypothetical protein,Unmatched,0,0,0
BHKFFO_13670 fatty acid desaturase,Unmatched,0,0,0
BHKFFO_13675 serine/threonine protein kinase,Unmatched,0,0,0
"BHKFFO_13680 UDP-N-acetylmuramoyl-L-alanyl-D-glutamate--2,6-diaminopimelate ligase",Unmatched,0,0,0
BHKFFO_13685 DUF4079 domain-containing protein,Unmatched,0,0,0
BHKFFO_13690 EF-hand domain-containing protein,Unmatched,0,0,0
BHKFFO_13695 glycosyl transferase 2 family protein,Unmatched,0,0,0
BHKFFO_13700 hypothetical protein,Unmatched,0,0,0
BHKFFO_13705 NUDIX hydrolase,Unmatched,0,0,0
BHKFFO_13710 30S ribosomal protein S14,Unmatched,0,0,0
BHKFFO_13715 Polyribonucleotide nucleotidyltransferase,Unmatched,0,0,0
BHKFFO_13720 peptide chain release factor 1,Unmatched,0,0,0
BHKFFO_13725 bifunctional ornithine acetyltransferase/N-acetylglutamate synthase,Unmatched,0,0,0
BHKFFO_13730 pentapeptide repeat-containing protein,Unmatched,0,0,0
BHKFFO_13735 hypothetical protein,Unmatched,0,0,0
BHKFFO_13740 hypothetical protein,Unmatched,0,0,0
BHKFFO_13745 hypothetical protein,Unmatched,0,0,0
BHKFFO_13750 hypothetical protein,Unmatched,0,0,0
BHKFFO_13755 AbrB family transcriptional regulator,Unmatched,0,0,0
BHKFFO_13760 transcriptional regulator,Unmatched,0,0,0
BHKFFO_13765 GFA family protein,Unmatched,0,0,0
BHKFFO_13770 adenosylcobinamide-phosphate synthase CbiB,Unmatched,0,0,0
BHKFFO_13775 hypothetical protein,Unmatched,0,0,0
BHKFFO_13780 1-acyl-sn-glycerol-3-phosphate acyltransferase,Unmatched,0,0,0
BHKFFO_13785 Cyano-1 RNA,Unmatched,0,0,0
BHKFFO_13790 hypothetical protein,Unmatched,0,0,0
BHKFFO_13795 cell division protein FtsW,Unmatched,0,0,0
BHKFFO_13800 isoaspartyl peptidase,Unmatched,0,0,0
BHKFFO_13805 tRNA-His(gtg),Unmatched,0,0,0
BHKFFO_13810 hypothetical protein,Unmatched,0,0,0
BHKFFO_13815 IS1634 family transposase,Unmatched,0,0,0
BHKFFO_13820 VapC toxin family PIN domain ribonuclease,Unmatched,0,0,0
BHKFFO_13825 SpoVT/AbrB domain-containing protein,Unmatched,0,0,0
BHKFFO_13830 AAA domain-containing protein,Unmatched,0,0,0
BHKFFO_13835 competence/damage-inducible protein A,Unmatched,0,0,0
BHKFFO_13840 hypothetical protein,Unmatched,0,0,0
BHKFFO_13845 molecular chaperone DnaK,Unmatched,0,0,0
BHKFFO_13850 Putative restriction endonuclease,Unmatched,0,0,0
BHKFFO_13855 DUF29 domain-containing protein,Unmatched,0,0,0
BHKFFO_13860 Uma2 domain-containing protein,Unmatched,0,0,0
BHKFFO_13865 hypothetical protein,Unmatched,0,0,0
BHKFFO_13870 aldo/keto reductase,Unmatched,0,0,0
BHKFFO_13875 Similarity,Unmatched,0,0,0
BHKFFO_13880 sugar ABC transporter substrate-binding protein,Unmatched,0,0,0
BHKFFO_13885 transketolase,Unmatched,0,0,0
BHKFFO_13890 proline hydroxylase,Unmatched,0,0,0
BHKFFO_13895 ABC transporter substrate-binding protein,Unmatched,0,0,0
BHKFFO_13900 Hypothetical glycosyl hydrolase 6,Unmatched,0,0,0
BHKFFO_13905 UPF0182 protein MAE_41360,Unmatched,0,0,0
BHKFFO_13910 Methionine ABC transporter ATP-binding protein,Unmatched,0,0,0
BHKFFO_13915 excinuclease ABC subunit UvrB,Unmatched,0,0,0
BHKFFO_13920 Catalase/hydroperoxidase,Unmatched,0,0,0
BHKFFO_13925 SAM-dependent methyltransferase,Unmatched,0,0,0
BHKFFO_13930 histidine kinase,Unmatched,0,0,0
BHKFFO_13935 SAM-dependent methyltransferase,Unmatched,0,0,0
BHKFFO_13940 tRNA-Ser(cga),Unmatched,0,0,0
BHKFFO_13945 homogentisate phytyltransferase,Unmatched,0,0,0
BHKFFO_13950 hypothetical protein,Unmatched,0,0,0
BHKFFO_13955 aspartate aminotransferase,Unmatched,0,0,0
BHKFFO_13960 PHB domain-containing protein,Unmatched,0,0,0
BHKFFO_13965 Peptidase-M15-3 domain-containing protein,Unmatched,0,0,0
BHKFFO_13970 hypothetical protein,Unmatched,0,0,0
BHKFFO_13975 hypothetical protein,Unmatched,0,0,0
BHKFFO_13980 DUF2283 domain-containing protein,Unmatched,0,0,0
BHKFFO_13985 hypothetical protein,Unmatched,0,0,0
BHKFFO_13990 hypothetical protein,Unmatched,0,0,0
BHKFFO_13995 23S rRNA (uracil(1939)-C(5))-methyltransferase RlmD,Unmatched,0,0,0
BHKFFO_14000 ATP-binding protein,Unmatched,0,0,0
BHKFFO_14005 DUF6439 domain-containing protein,Unmatched,0,0,0
BHKFFO_14010 DUF2203 domain-containing protein,Unmatched,0,0,0
BHKFFO_14015 Prepilin-type family protein,Unmatched,0,0,0
BHKFFO_14020 Type 4 pilin-like protein,Unmatched,0,0,0
BHKFFO_14025 DUF4065 domain-containing protein,Unmatched,0,0,0
BHKFFO_14030 hydroxyacylglutathione hydrolase,Unmatched,0,0,0
BHKFFO_14035 bifunctional acetaldehyde-CoA/alcohol dehydrogenase,Unmatched,0,0,0
BHKFFO_14040 hypothetical protein,Unmatched,0,0,0
BHKFFO_14045 hypothetical protein,Unmatched,0,0,0
BHKFFO_14050 ATPase-AAA-core domain-containing protein,Unmatched,0,0,0
BHKFFO_14055 photosystem I reaction center subunit X,Unmatched,0,0,0
BHKFFO_14060 divalent-cation tolerance protein CutA,Unmatched,0,0,0
BHKFFO_14065 Catabolite gene activator protein,Unmatched,0,0,0
BHKFFO_14070 hypothetical protein,Unmatched,0,0,0
BHKFFO_14075 hypothetical protein,Unmatched,0,0,0
BHKFFO_14080 small ribosomal subunit biogenesis GTPase RsgA,Unmatched,0,0,0
BHKFFO_14085 sulfurtransferase TusA family protein,Unmatched,0,0,0
BHKFFO_14090 molecular chaperone DnaJ,Unmatched,0,0,0
BHKFFO_14095 molecular chaperone DnaK,Unmatched,0,0,0
BHKFFO_14100 alcohol dehydrogenase,Unmatched,0,0,0
"BHKFFO_14105 Endonuclease, Uma2 family (restriction endonuclease fold)",Unmatched,0,0,0
BHKFFO_14110 Glutamine synthetase inactivating factor IF7,Unmatched,0,0,0
BHKFFO_14115 hypothetical protein,Unmatched,0,0,0
BHKFFO_14120 bifunctional ADP-dependent NAD(P)H-hydrate dehydratase/NAD(P)H-hydrate epimerase,Unmatched,0,0,0
BHKFFO_14125 aspartate kinase,Unmatched,0,0,0
BHKFFO_14130 hypothetical protein,Unmatched,0,0,0
BHKFFO_14135 hypothetical protein,Unmatched,0,0,0
BHKFFO_14140 transglutaminase-like superfamily protein,Unmatched,0,0,0
BHKFFO_14145 GTP-binding protein,Unmatched,0,0,0
"BHKFFO_14150 type II toxin-antitoxin system mRNA interferase toxin, RelE/StbE family",Unmatched,0,0,0
BHKFFO_14155 Threonyl-tRNA synthetase,Unmatched,0,0,0
BHKFFO_14160 replication/maintenance protein,Unmatched,0,0,0
BHKFFO_14170 chitin deacetylase,Unmatched,0,0,0
BHKFFO_14175 IS607 family transposase,Unmatched,0,0,0
BHKFFO_14180 Transposase,Unmatched,0,0,0
BHKFFO_14185 DUF262 domain-containing protein,Unmatched,0,0,0
BHKFFO_14190 HEPN-RiboL-PSP domain-containing protein,Unmatched,0,0,0
BHKFFO_14195 ATP-dependent RNA helicase,Unmatched,0,0,0
BHKFFO_14200 30S ribosomal protein S12 methylthiotransferase RimO,Unmatched,0,0,0
BHKFFO_14205 phosphorybosylanthranilate isomerase,Unmatched,0,0,0
BHKFFO_14210 VKc domain-containing protein,Unmatched,0,0,0
BHKFFO_14215 DNA (cytosine-5-)-methyltransferase,Unmatched,0,0,0
BHKFFO_14220 hypothetical protein,Unmatched,0,0,0
BHKFFO_14225 branched-chain amino acid ABC transporter substrate-binding protein,Unmatched,0,0,0
BHKFFO_14230 Iron permease FTR1 family,Unmatched,0,0,0
BHKFFO_14235 bacterioferritin,Unmatched,0,0,0
BHKFFO_14240 TPR domain protein component of TonB system,Unmatched,0,0,0
BHKFFO_14245 dihydroxy-acid dehydratase,Unmatched,0,0,0
BHKFFO_14250 hypothetical protein,Unmatched,0,0,0
BHKFFO_14255 hypothetical protein,Unmatched,0,0,0
BHKFFO_14260 Similar to tr|Q64EI6|Q64EI6,Unmatched,0,0,0
BHKFFO_14265 peptidase C14,Unmatched,0,0,0
BHKFFO_14270 Alkaline phosphatase,Unmatched,0,0,0
BHKFFO_14275 dihem cytochrome c family protein,Unmatched,0,0,0
BHKFFO_14280 DUF4115 domain-containing protein,Unmatched,0,0,0
BHKFFO_14285 molybdenum cofactor biosynthesis protein,Unmatched,0,0,0
BHKFFO_14290 hypothetical protein,Unmatched,0,0,0
BHKFFO_14295 Urease accessory protein UreF,Unmatched,0,0,0
BHKFFO_14300 glycosyltransferase,Unmatched,0,0,0
BHKFFO_14305 hormogonium polysaccharide biosynthesis acetyltransferase HpsU,Unmatched,0,0,0
BHKFFO_14310 Small-conductance mechanosensitive channel MscK,Unmatched,0,0,0
BHKFFO_14315 hypothetical protein,Unmatched,0,0,0
BHKFFO_14320 Glutamate decarboxylase,Unmatched,0,0,0
BHKFFO_14325 Uncharacterized membrane protein,Unmatched,0,0,0
BHKFFO_14330 hypothetical protein,Unmatched,0,0,0
BHKFFO_14335 Transposase,Unmatched,0,0,0
"BHKFFO_14345 precorrin-6Y C5,15-methyltransferase subunit CbiT",Unmatched,0,0,0
BHKFFO_14350 phosphatidate cytidylyltransferase,Unmatched,0,0,0
BHKFFO_14355 uroporphyrinogen-III C-methyltransferase,Unmatched,0,0,0
BHKFFO_14360 Cell division trigger factor,Unmatched,0,0,0
BHKFFO_14365 carbon dioxide-concentrating protein CcmK,Unmatched,0,0,0
BHKFFO_14370 carbon dioxide-concentrating mechanism protein CcmK,Unmatched,0,0,0
BHKFFO_14375 peptide-methionine (S)-S-oxide reductase,Unmatched,0,0,0
BHKFFO_14380 3-methyl-2-oxobutanoate hydroxymethyltransferase,Unmatched,0,0,0
BHKFFO_14385 magnesium protoporphyrin IX methyltransferase,Unmatched,0,0,0
BHKFFO_14390 pyruvate kinase,Unmatched,0,0,0
BHKFFO_14395 molybdate ABC transporter substrate-binding protein,Unmatched,0,0,0
BHKFFO_14400 molybdate ABC transporter permease subunit,Unmatched,0,0,0
BHKFFO_14405 hypothetical protein,Unmatched,0,0,0
BHKFFO_14410 hypothetical protein,Unmatched,0,0,0
BHKFFO_14415 DUF1825 domain-containing protein,Unmatched,0,0,0
BHKFFO_14420 isoprenyl transferase,Unmatched,0,0,0
BHKFFO_14425 diadenylate cyclase CdaA,Unmatched,0,0,0
BHKFFO_14430 hypothetical protein,Unmatched,0,0,0
"BHKFFO_14435 type II toxin-antitoxin system mRNA interferase toxin, RelE/StbE family",Unmatched,0,0,0
BHKFFO_14440 hypothetical protein,Unmatched,0,0,0
BHKFFO_14445 Gll1112 protein,Unmatched,0,0,0
BHKFFO_14450 BrnA antitoxin family protein,Unmatched,0,0,0
BHKFFO_14455 Uncharacterised protein family (UPF0175),Unmatched,0,0,0
BHKFFO_14460 addiction module antitoxin,Unmatched,0,0,0
BHKFFO_14465 hypothetical protein,Unmatched,0,0,0
BHKFFO_14470 PEP-CTERM sorting domain-containing protein,Unmatched,0,0,0
BHKFFO_14475 hypothetical protein,Unmatched,0,0,0
BHKFFO_14480 hypothetical protein,Unmatched,0,0,0
BHKFFO_14485 transcriptional regulator,Unmatched,0,0,0
BHKFFO_14490 prevent-host-death protein,Unmatched,0,0,0
BHKFFO_14495 Txe/YoeB family addiction module toxin,Unmatched,0,0,0
BHKFFO_14500 hypothetical protein,Unmatched,0,0,0
BHKFFO_14505 hypothetical protein,Unmatched,0,0,0
BHKFFO_14510 Ribosomal protein S1,Unmatched,0,0,0
BHKFFO_14515 Uncharacterised protein family (UPF0175),Unmatched,0,0,0
BHKFFO_14520 DUF3368 domain-containing protein,Unmatched,0,0,0
BHKFFO_14525 hypothetical protein,Unmatched,0,0,0
BHKFFO_14530 hypothetical protein,Unmatched,0,0,0
BHKFFO_14535 hypothetical protein,Unmatched,0,0,0
BHKFFO_14540 Similarity,Unmatched,0,0,0
BHKFFO_14545 PIN domain nuclease,Unmatched,0,0,0
BHKFFO_14550 IS607 family transposase,Unmatched,0,0,0
BHKFFO_14555 PEP-CTERM domain-containing protein,Unmatched,0,0,0
BHKFFO_14560 Four helix bundle protein,Unmatched,0,0,0
BHKFFO_14565 bifunctional phosphoribosyl-AMP cyclohydrolase/phosphoribosyl-ATP diphosphatase HisIE,Unmatched,0,0,0
BHKFFO_14570 biotin--[acetyl-CoA-carboxylase] ligase,Unmatched,0,0,0
BHKFFO_14575 M23 family peptidase,Unmatched,0,0,0
BHKFFO_14580 ATP-dependent protease,Unmatched,0,0,0
BHKFFO_14585 HTH crp-type domain-containing protein,Unmatched,0,0,0
BHKFFO_14590 glucokinase,Unmatched,0,0,0
BHKFFO_14595 DUF4090 domain-containing protein,Unmatched,0,0,0
BHKFFO_14600 CopY family transcriptional regulator,Unmatched,0,0,0
BHKFFO_14605 Zn-dependent protease with chaperone function,Unmatched,0,0,0
BHKFFO_14610 thioredoxin-dependent thiol peroxidase,Unmatched,0,0,0
BHKFFO_14615 30S ribosomal protein S2,Unmatched,0,0,0
BHKFFO_14620 translation elongation factor Ts,Unmatched,0,0,0
BHKFFO_14625 squalene--hopene cyclase,Unmatched,0,0,0
"BHKFFO_14630 Antitoxin component HigA of the HigAB toxin-antitoxin module, contains an N-terminal HTH domain",Unmatched,0,0,0
BHKFFO_14635 glycosyltransferase,Unmatched,0,0,0
BHKFFO_14640 methionine synthase,Unmatched,0,0,0
BHKFFO_14645 DUF3288 domain-containing protein,Unmatched,0,0,0
BHKFFO_14650 Chromosome partition protein Smc,Unmatched,0,0,0
BHKFFO_14655 hypothetical protein,Unmatched,0,0,0
BHKFFO_14660 hypothetical protein,Unmatched,0,0,0
BHKFFO_14665 hypothetical protein,Unmatched,0,0,0
BHKFFO_14670 GtrA family protein,Unmatched,0,0,0
BHKFFO_14675 Undecaprenyl-phosphate 4-deoxy-4-formamido-L-arabinose transferase,Unmatched,0,0,0
BHKFFO_14680 RNA-binding protein hfq,Unmatched,0,0,0
BHKFFO_14685 diaminopimelate epimerase,Unmatched,0,0,0
BHKFFO_14690 high light inducible protein,Unmatched,0,0,0
BHKFFO_14695 hypothetical protein,Unmatched,0,0,0
BHKFFO_14700 TonB-C domain-containing protein,Unmatched,0,0,0
BHKFFO_14705 imidazoleglycerol-phosphate dehydratase HisB,Unmatched,0,0,0
BHKFFO_14710 threonine synthase,Unmatched,0,0,0
BHKFFO_14715 IS200/IS605 family element RNA-guided endonuclease TnpB,Unmatched,0,0,0
BHKFFO_14720 hypothetical protein,Unmatched,0,0,0
BHKFFO_14725 class II glutamine amidotransferase,Unmatched,0,0,0
BHKFFO_14730 cobalt ABC transporter,Unmatched,0,0,0
BHKFFO_14735 Putative restriction endonuclease,Unmatched,0,0,0
BHKFFO_14740 photosystem I iron-sulfur center protein PsaC,Unmatched,0,0,0
BHKFFO_14745 acetate--CoA ligase,Unmatched,0,0,0
BHKFFO_14750 Chromosome partition protein Smc,Unmatched,0,0,0
BHKFFO_14755 N-acetyltransferase,Unmatched,0,0,0
BHKFFO_14760 DUF1269 domain-containing protein,Unmatched,0,0,0
BHKFFO_14765 CP12 domain-containing protein,Unmatched,0,0,0
BHKFFO_14770 Dolichyl-phosphate-mannose-protein mannosyltransferase,Unmatched,0,0,0
BHKFFO_14775 glycoside hydrolase,Unmatched,0,0,0
BHKFFO_14780 ribosomal protein S18-alanine N-acetyltransferase,Unmatched,0,0,0
BHKFFO_14785 Serine/threonine-protein kinase B,Unmatched,0,0,0
BHKFFO_14790 DUF29 domain-containing protein,Unmatched,0,0,0
BHKFFO_14795 amino acid ABC transporter ATP-binding protein,Unmatched,0,0,0
BHKFFO_14800 sodium:proton antiporter,Unmatched,0,0,0
BHKFFO_14805 hydrophobe/amphiphile efflux-1 family RND transporter,Unmatched,0,0,0
BHKFFO_14810 CemA family,Unmatched,0,0,0
BHKFFO_14815 glycosyl transferase family 1,Unmatched,0,0,0
BHKFFO_14820 replication restart DNA helicase PriA,Unmatched,0,0,0
BHKFFO_14825 hypothetical protein,Unmatched,0,0,0
BHKFFO_14830 PAS domain-containing sensor histidine kinase,Unmatched,0,0,0
BHKFFO_14835 DZANK-type domain-containing protein,Unmatched,0,0,0
BHKFFO_14840 penicillin-binding protein activator LpoB,Unmatched,0,0,0
BHKFFO_14845 lmo0937 family membrane protein,Unmatched,0,0,0
BHKFFO_14850 CsbD-like protein,Unmatched,0,0,0
BHKFFO_14855 CsbD family protein,Unmatched,0,0,0
BHKFFO_14860 Transposase,Unmatched,0,0,0
BHKFFO_14865 hypothetical protein,Unmatched,0,0,0
BHKFFO_14870 Na+/H+ antiporter,Unmatched,0,0,0
BHKFFO_14875 PEP-CTERM domain-containing protein,Unmatched,0,0,0
BHKFFO_14880 hypothetical protein,Unmatched,0,0,0
BHKFFO_14885 hypothetical protein,Unmatched,0,0,0
BHKFFO_14890 single-stranded DNA-binding protein,Unmatched,0,0,0
BHKFFO_14895 amino acid ABC transporter permease,Unmatched,0,0,0
BHKFFO_14900 hypothetical protein,Unmatched,0,0,0
BHKFFO_14905 shikimate dehydrogenase,Unmatched,0,0,0
BHKFFO_14910 AI-2E family transporter,Unmatched,0,0,0
BHKFFO_14915 EamA family transporter,Unmatched,0,0,0
BHKFFO_14920 methyltransferase type 11,Unmatched,0,0,0
BHKFFO_14925 MBL fold metallo-hydrolase,Unmatched,0,0,0
BHKFFO_14930 choice-of-anchor L domain-containing protein,Unmatched,0,0,0
BHKFFO_14935 ABC transporter ATP-binding protein,Unmatched,0,0,0
BHKFFO_14940 glycosyl transferase group 1,Unmatched,0,0,0
BHKFFO_14945 transporter,Unmatched,0,0,0
BHKFFO_14950 DUF3172 domain-containing protein,Unmatched,0,0,0
BHKFFO_14955 transcriptional regulator,Unmatched,0,0,0
BHKFFO_14960 sodium-dependent bicarbonate transport family permease,Unmatched,0,0,0
BHKFFO_14965 hypothetical protein,Unmatched,0,0,0
BHKFFO_14970 hypothetical protein,Unmatched,0,0,0
BHKFFO_14975 Circadian oscillating protein COP23,Unmatched,0,0,0
BHKFFO_14980 serine protease,Unmatched,0,0,0
BHKFFO_14985 lipoprotein NlpI,Unmatched,0,0,0
BHKFFO_14990 Putative restriction endonuclease,Unmatched,0,0,0
BHKFFO_14995 transcriptional regulator,Unmatched,0,0,0
BHKFFO_15000 Diaminopimelate decarboxylase,Unmatched,0,0,0
BHKFFO_15005 hypothetical protein,Unmatched,0,0,0
BHKFFO_15010 HicB family protein,Unmatched,0,0,0
BHKFFO_15015 YcfA-like protein,Unmatched,0,0,0
BHKFFO_15020 hypothetical protein,Unmatched,0,0,0
BHKFFO_15025 nucleotide cyclase,Unmatched,0,0,0
BHKFFO_15030 hypothetical protein,Unmatched,0,0,0
BHKFFO_15035 RNA polymerase subunit sigma-70,Unmatched,0,0,0
BHKFFO_15040 hypothetical protein,Unmatched,0,0,0
BHKFFO_15045 Putative restriction endonuclease,Unmatched,0,0,0
BHKFFO_15050 pyruvate phosphate dikinase PEP/pyruvate-binding protein,Unmatched,0,0,0
BHKFFO_15055 phosphoenolpyruvate synthase,Unmatched,0,0,0
BHKFFO_15060 DNA-binding response regulator,Unmatched,0,0,0
BHKFFO_15065 hypothetical protein,Unmatched,0,0,0
BHKFFO_15070 PIN domain-containing protein,Unmatched,0,0,0
BHKFFO_15075 hypothetical protein,Unmatched,0,0,0
BHKFFO_15080 tryptophan synthase subunit alpha,Unmatched,0,0,0
BHKFFO_15085 glycosyltransferase,Unmatched,0,0,0
BHKFFO_15090 ABC transporter permease,Unmatched,0,0,0
BHKFFO_15095 septal ring lytic transglycosylase RlpA family lipoprotein,Unmatched,0,0,0
BHKFFO_15100 ABC transporter ATP-binding protein,Unmatched,0,0,0
BHKFFO_15105 NAD(P)H-quinone oxidoreductase chain 4 2,Unmatched,0,0,0
BHKFFO_15110 transcriptional regulator,Unmatched,0,0,0
BHKFFO_15115 type II toxin-antitoxin system HigB family toxin,Unmatched,0,0,0
BHKFFO_15120 hypothetical protein,Unmatched,0,0,0
BHKFFO_15125 Fructose-bisphosphate aldolase,Unmatched,0,0,0
BHKFFO_15130 CpcD phycobilisome linker protein,Unmatched,0,0,0
BHKFFO_15135 two-component sensor histidine kinase,Unmatched,0,0,0
BHKFFO_15140 DNA mismatch repair endonuclease MutL,Unmatched,0,0,0
BHKFFO_15145 DUF4164 domain-containing protein,Unmatched,0,0,0
BHKFFO_15150 CP12 domain-containing protein,Unmatched,0,0,0
BHKFFO_15155 DUF3177 domain-containing protein,Unmatched,0,0,0
BHKFFO_15160 hypothetical protein,Unmatched,0,0,0
BHKFFO_15165 L-histidine N(alpha)-methyltransferase,Unmatched,0,0,0
BHKFFO_15170 5-histidylcysteine sulfoxide synthase,Unmatched,0,0,0
BHKFFO_15175 putative dioxygenase of extradiol dioxygenase family,Unmatched,0,0,0
BHKFFO_15180 peptidase S8,Unmatched,0,0,0
BHKFFO_15185 hypothetical protein,Unmatched,0,0,0
BHKFFO_15190 Photosynthesis regulatory RNA1,Unmatched,0,0,0
BHKFFO_15195 hypothetical protein,Unmatched,0,0,0
BHKFFO_15200 hypothetical protein,Unmatched,0,0,0
BHKFFO_15205 hypothetical protein,Unmatched,0,0,0
BHKFFO_15210 DUF5615 domain-containing protein,Unmatched,0,0,0
BHKFFO_15215 glycosyl transferase family 1,Unmatched,0,0,0
BHKFFO_15220 peptide ABC transporter substrate-binding protein,Unmatched,0,0,0
BHKFFO_15225 citrate synthase,Unmatched,0,0,0
BHKFFO_15230 hypothetical protein,Unmatched,0,0,0
BHKFFO_15235 hypothetical protein,Unmatched,0,0,0
BHKFFO_15240 transcriptional regulator,Unmatched,0,0,0
BHKFFO_15245 phycobilisome maturation protein,Unmatched,0,0,0
BHKFFO_15250 ABC transporter substrate-binding protein,Unmatched,0,0,0
BHKFFO_15255 ABC transporter ATP-binding protein,Unmatched,0,0,0
BHKFFO_15260 hypothetical protein,Unmatched,0,0,0
BHKFFO_15265 heme-copper oxidase subunit III,Unmatched,0,0,0
BHKFFO_15270 cytochrome c oxidase subunit I,Unmatched,0,0,0
BHKFFO_15275 cytochrome c oxidase subunit II,Unmatched,0,0,0
BHKFFO_15280 heme A synthase,Unmatched,0,0,0
BHKFFO_15285 heme o synthase,Unmatched,0,0,0
"BHKFFO_15290 cobyrinate a,c-diamide synthase",Unmatched,0,0,0
BHKFFO_15295 hypothetical protein,Unmatched,0,0,0
"BHKFFO_15300 Carbohydrate-selective porin, OprB family",Unmatched,0,0,0
BHKFFO_15305 CoA-binding protein,Unmatched,0,0,0
BHKFFO_15310 hypothetical protein,Unmatched,0,0,0
BHKFFO_15315 TIGR04283 family arsenosugar biosynthesis glycosyltransferase,Unmatched,0,0,0
BHKFFO_15320 PEP-CTERM sorting domain-containing protein,Unmatched,0,0,0
BHKFFO_15325 hypothetical protein,Unmatched,0,0,0
BHKFFO_15330 Polyketide cyclase/dehydrase and lipid transport protein,Unmatched,0,0,0
BHKFFO_15335 acetolactate synthase large subunit,Unmatched,0,0,0
BHKFFO_15340 Rho termination protein,Unmatched,0,0,0
BHKFFO_15345 alpha-ribazole phosphatase,Unmatched,0,0,0
"BHKFFO_15350 C-3',4' desaturase CrtD",Unmatched,0,0,0
BHKFFO_15355 homoserine kinase,Unmatched,0,0,0
BHKFFO_15360 superoxide dismutase,Unmatched,0,0,0
BHKFFO_15365 phospholipid carrier-dependent glycosyltransferase,Unmatched,0,0,0
"BHKFFO_15370 9,9'-di-cis-zeta-carotene desaturase",Unmatched,0,0,0
BHKFFO_15375 aldehyde oxygenase (deformylating),Unmatched,0,0,0
BHKFFO_15380 long-chain acyl-[acyl-carrier-protein] reductase,Unmatched,0,0,0
BHKFFO_15385 DUF58 domain-containing protein,Unmatched,0,0,0
BHKFFO_15390 Bacterial small signal recognition particle RNA,Unmatched,0,0,0
BHKFFO_15395 MFS transporter,Unmatched,0,0,0
BHKFFO_15400 DUF3782 domain-containing protein,Unmatched,0,0,0
BHKFFO_15405 DUF1361 domain-containing protein,Unmatched,0,0,0
"BHKFFO_15410 1,4-dihydroxy-2-naphthoyl-CoA hydrolase",Unmatched,0,0,0
BHKFFO_15415 cofactor assembly of complex C subunit B,Unmatched,0,0,0
BHKFFO_15420 ABC 3 transport family,Unmatched,0,0,0
BHKFFO_15425 biopolymer transporter ExbB,Unmatched,0,0,0
BHKFFO_15430 biopolymer transporter ExbD,Unmatched,0,0,0
BHKFFO_15435 hypothetical protein,Unmatched,0,0,0
BHKFFO_15440 polysaccharide pyruvyl transferase CsaB,Unmatched,0,0,0
BHKFFO_15445 RuBisCO accumulation factor 1,Unmatched,0,0,0
BHKFFO_15450 ethanolamine utilization microcompartment protein EutM,Unmatched,0,0,0
BHKFFO_15455 hypothetical protein,Unmatched,0,0,0
BHKFFO_15460 hypothetical protein,Unmatched,0,0,0
BHKFFO_15465 hypothetical protein,Unmatched,0,0,0
BHKFFO_15470 IS1634 family transposase,Unmatched,0,0,0
BHKFFO_15475 IS1634 family transposase,Unmatched,0,0,0
BHKFFO_15480 hypothetical protein,Unmatched,0,0,0
BHKFFO_15485 ion transporter,Unmatched,0,0,0
BHKFFO_15490 hypothetical protein,Unmatched,0,0,0
BHKFFO_15495 AbrB/MazE/SpoVT family DNA-binding domain-containing protein,Unmatched,0,0,0
BHKFFO_15500 hypothetical protein,Unmatched,0,0,0
BHKFFO_15505 hypothetical protein,Unmatched,0,0,0
BHKFFO_15510 ATP-dependent helicase,Unmatched,0,0,0
BHKFFO_15515 Pentapeptide repeat protein,Unmatched,0,0,0
BHKFFO_15520 transcriptional regulator,Unmatched,0,0,0
BHKFFO_15525 metallothionein,Unmatched,0,0,0
BHKFFO_15530 Putative restriction endonuclease,Unmatched,0,0,0
BHKFFO_15535 DUF2808 domain-containing protein,Unmatched,0,0,0
BHKFFO_15540 DNA replication/repair protein RecF,Unmatched,0,0,0
BHKFFO_15545 hypothetical protein,Unmatched,0,0,0
BHKFFO_15550 ribose-5-phosphate isomerase RpiA,Unmatched,0,0,0
BHKFFO_15555 RNA-binding protein,Unmatched,0,0,0
BHKFFO_15560 OrfB-Zn-ribbon domain-containing protein,Unmatched,0,0,0
BHKFFO_15565 Serine/threonine-protein kinase pkn1,Unmatched,0,0,0
BHKFFO_15570 hypothetical protein,Unmatched,0,0,0
BHKFFO_15580 citrate lyase beta subunit,Unmatched,0,0,0
BHKFFO_15585 DUF3598 domain-containing protein,Unmatched,0,0,0
BHKFFO_15590 aspartate 1-decarboxylase,Unmatched,0,0,0
BHKFFO_15595 arsenic-transporting ATPase,Unmatched,0,0,0
BHKFFO_15600 cobalt-precorrin-6A reductase,Unmatched,0,0,0
BHKFFO_15605 Phosphate-starvation-inducible E family,Unmatched,0,0,0
BHKFFO_15610 bacitracin ABC transporter ATP-binding protein,Unmatched,0,0,0
BHKFFO_15615 bacitracin ABC transporter ATP-binding protein,Unmatched,0,0,0
BHKFFO_15620 nitrate ABC transporter permease,Unmatched,0,0,0
BHKFFO_15625 bicarbonate-binding protein,Unmatched,0,0,0
BHKFFO_15630 molecular chaperone DnaJ,Unmatched,0,0,0
BHKFFO_15635 RHH-1 domain-containing protein,Unmatched,0,0,0
BHKFFO_15640 hypothetical protein,Unmatched,0,0,0
BHKFFO_15645 hypothetical protein,Unmatched,0,0,0
BHKFFO_15650 phycocyanin subunit beta,Unmatched,0,0,0
BHKFFO_15655 hypothetical protein,Unmatched,0,0,0
BHKFFO_15660 cysteine synthase A,Unmatched,0,0,0
BHKFFO_15665 Cystathionine gamma-lyase,Unmatched,0,0,0
BHKFFO_15670 MgtC family,Unmatched,0,0,0
BHKFFO_15675 Chromosome partition protein Smc,Unmatched,0,0,0
BHKFFO_15680 Crp/Fnr family transcriptional regulator,Unmatched,0,0,0
BHKFFO_15685 transporter,Unmatched,0,0,0
BHKFFO_15690 phosphomethylpyrimidine synthase,Unmatched,0,0,0
BHKFFO_15695 phycobiliprotein lyase,Unmatched,0,0,0
BHKFFO_15700 NAD(+) kinase,Unmatched,0,0,0
BHKFFO_15705 hypothetical protein,Unmatched,0,0,0
BHKFFO_15710 gas vesicle protein GvpN,Unmatched,0,0,0
BHKFFO_15715 gas vesicle protein,Unmatched,0,0,0
BHKFFO_15720 hypothetical protein,Unmatched,0,0,0
BHKFFO_15725 murein biosynthesis integral membrane protein MurJ,Unmatched,0,0,0
BHKFFO_15730 adenosylcobinamide-GDP ribazoletransferase,Unmatched,0,0,0
BHKFFO_15735 peptidase,Unmatched,0,0,0
BHKFFO_15740 DUF4278 domain-containing protein,Unmatched,0,0,0
BHKFFO_15745 photosynthetic/respiratory NAD(P)H-quinone oxidoreductase subunit C,Unmatched,0,0,0
BHKFFO_15750 photosynthetic/respiratory NAD(P)H-quinone oxidoreductase subunit K,Unmatched,0,0,0
BHKFFO_15755 NAD(P)H-quinone oxidoreductase subunit J,Unmatched,0,0,0
BHKFFO_15760 hypothetical protein,Unmatched,0,0,0
BHKFFO_15765 DNA-binding protein,Unmatched,0,0,0
BHKFFO_15770 PEP-CTERM domain-containing protein,Unmatched,0,0,0
BHKFFO_15775 30S ribosomal protein S4,Unmatched,0,0,0
BHKFFO_15780 hypothetical protein,Unmatched,0,0,0
BHKFFO_15785 toxin-antitoxin system HicB family antitoxin,Unmatched,0,0,0
BHKFFO_15790 DUF4407 domain-containing protein,Unmatched,0,0,0
BHKFFO_15800 GUN4 domain-containing protein,Unmatched,0,0,0
BHKFFO_15805 hypothetical protein,Unmatched,0,0,0
BHKFFO_15810 hypothetical protein,Unmatched,0,0,0
BHKFFO_15815 porin,Unmatched,0,0,0
"BHKFFO_15820 2,3-bisphosphoglycerate-independent phosphoglycerate mutase",Unmatched,0,0,0
BHKFFO_15825 hypothetical protein,Unmatched,0,0,0
BHKFFO_15830 preprotein translocase subunit SecG,Unmatched,0,0,0
BHKFFO_15835 peptidase,Unmatched,0,0,0
BHKFFO_15840 hypothetical protein,Unmatched,0,0,0
BHKFFO_15845 Peptidase-S8 domain-containing protein,Unmatched,0,0,0
BHKFFO_15850 ATPase,Unmatched,0,0,0
BHKFFO_15855 NAD(P)H-quinone oxidoreductase subunit 5,Unmatched,0,0,0
BHKFFO_15860 FHA domain-containing protein,Unmatched,0,0,0
BHKFFO_15865 DNA polymerase III subunit delta,Unmatched,0,0,0
BHKFFO_15870 hypothetical protein,Unmatched,0,0,0
BHKFFO_15875 hypothetical protein,Unmatched,0,0,0
BHKFFO_15880 AAA-like domain-containing protein,Unmatched,0,0,0
BHKFFO_15885 hypothetical protein,Unmatched,0,0,0
BHKFFO_15890 hypothetical protein,Unmatched,0,0,0
BHKFFO_15895 Lysylphosphatidylglycerol synthase TM region,Unmatched,0,0,0
BHKFFO_15900 hypothetical protein,Unmatched,0,0,0
BHKFFO_15905 hypothetical protein,Unmatched,0,0,0
BHKFFO_15910 cellulose synthase subunit BcsC,Unmatched,0,0,0
BHKFFO_15915 DNA-formamidopyrimidine glycosylase,Unmatched,0,0,0
BHKFFO_15920 Cytochrome c biogenesis protein CcsB,Unmatched,0,0,0
BHKFFO_15925 cupin domain protein,Unmatched,0,0,0
BHKFFO_15930 DNA sulfur modification protein DndE,Unmatched,0,0,0
BHKFFO_15935 DNA sulfur modification protein DndD,Unmatched,0,0,0
BHKFFO_15940 preprotein translocase subunit Tim44,Unmatched,0,0,0
BHKFFO_15945 IctB family putative bicarbonate transporter,Unmatched,0,0,0
BHKFFO_15950 Inhibitor-I42 domain-containing protein,Unmatched,0,0,0
BHKFFO_15955 cysteine protease,Unmatched,0,0,0
BHKFFO_15960 magnesium chelatase,Unmatched,0,0,0
BHKFFO_15965 hypothetical protein,Unmatched,0,0,0
BHKFFO_15970 hypothetical protein,Unmatched,0,0,0
BHKFFO_15975 bifunctional riboflavin kinase/FAD synthetase,Unmatched,0,0,0
BHKFFO_15980 hypothetical protein,Unmatched,0,0,0
BHKFFO_15985 type I-D CRISPR-associated protein Cas10d/Csc3,Unmatched,0,0,0
BHKFFO_15990 type I-D CRISPR-associated protein Cas7/Csc2,Unmatched,0,0,0
BHKFFO_15995 glutamine--fructose-6-phosphate transaminase (isomerizing),Unmatched,0,0,0
BHKFFO_16000 O-acetylhomoserine sulfhydrylase,Unmatched,0,0,0
BHKFFO_16005 Cadherin domain-containing protein,Unmatched,0,0,0
BHKFFO_16010 alanine racemase,Unmatched,0,0,0
BHKFFO_16015 cytochrome P450,Unmatched,0,0,0
BHKFFO_16020 Phosphotransferase enzyme family,Unmatched,0,0,0
BHKFFO_16025 hypothetical protein,Unmatched,0,0,0
BHKFFO_16030 glycosyl transferase,Unmatched,0,0,0
BHKFFO_16035 HNH endonuclease,Unmatched,0,0,0
BHKFFO_16040 ATPase,Unmatched,0,0,0
BHKFFO_16045 magnesium chelatase ATPase subunit I,Unmatched,0,0,0
BHKFFO_16050 hypothetical protein,Unmatched,0,0,0
BHKFFO_16055 glycine--tRNA ligase subunit beta,Unmatched,0,0,0
BHKFFO_16060 DUF3122 domain-containing protein,Unmatched,0,0,0
BHKFFO_16065 rubrerythrin family protein,Unmatched,0,0,0
BHKFFO_16070 GNAT family N-acetyltransferase,Unmatched,0,0,0
BHKFFO_16075 riboflavin deaminase,Unmatched,0,0,0
BHKFFO_16080 two-component sensor histidine kinase,Unmatched,0,0,0
BHKFFO_16085 prephenate dehydratase,Unmatched,0,0,0
BHKFFO_16090 ribonuclease D,Unmatched,0,0,0
BHKFFO_16095 universal stress protein,Unmatched,0,0,0
BHKFFO_16100 signal peptidase I,Unmatched,0,0,0
BHKFFO_16105 nucleoside triphosphate pyrophosphohydrolase,Unmatched,0,0,0
BHKFFO_16110 hypothetical protein,Unmatched,0,0,0
BHKFFO_16115 nucleotide exchange factor GrpE,Unmatched,0,0,0
BHKFFO_16120 Molecular chaperone DnaJ,Unmatched,0,0,0
BHKFFO_16125 Photosystem I assembly protein Ycf3,Unmatched,0,0,0
BHKFFO_16130 LysM domain-containing protein,Unmatched,0,0,0
BHKFFO_16135 molecular chaperone Hsp70,Unmatched,0,0,0
BHKFFO_16140 IS630 family transposase,Unmatched,0,0,0
BHKFFO_16145 DDE-3 domain-containing protein,Unmatched,0,0,0
BHKFFO_16150 hypothetical protein,Unmatched,0,0,0
BHKFFO_16155 hypothetical protein,Unmatched,0,0,0
BHKFFO_16160 mannose-6-phosphate isomerase,Unmatched,0,0,0
BHKFFO_16165 Aspartyl/glutamyl-tRNA(Asn/Gln) amidotransferase subunit C,Unmatched,0,0,0
BHKFFO_16170 photosystem I assembly protein Ycf3,Unmatched,0,0,0
BHKFFO_16175 DDE-Tnp-1 domain-containing protein,Unmatched,0,0,0
BHKFFO_16180 PEP-CTERM sorting domain-containing protein,Unmatched,0,0,0
BHKFFO_16185 alkene reductase,Unmatched,0,0,0
BHKFFO_16190 hypothetical protein,Unmatched,0,0,0
BHKFFO_16195 B12-binding domain-containing radical SAM protein,Unmatched,0,0,0
BHKFFO_16200 DUF4277 domain-containing protein,Unmatched,0,0,0
BHKFFO_16205 hypothetical protein,Unmatched,0,0,0
BHKFFO_16210 peptidase M48,Unmatched,0,0,0
BHKFFO_16215 DUF6761 domain-containing protein,Unmatched,0,0,0
BHKFFO_16220 D-alanyl-D-alanine carboxypeptidase/D-alanyl-D-alanine-endopeptidase,Unmatched,0,0,0
BHKFFO_16225 multidrug ABC transporter ATP-binding protein,Unmatched,0,0,0
BHKFFO_16230 histidine kinase,Unmatched,0,0,0
BHKFFO_16235 serine/threonine protein kinase,Unmatched,0,0,0
BHKFFO_16240 DnaJ domain protein,Unmatched,0,0,0
BHKFFO_16245 hypothetical protein,Unmatched,0,0,0
BHKFFO_16250 HTH OST-type domain-containing protein,Unmatched,0,0,0
BHKFFO_16255 DNA-binding response regulator,Unmatched,0,0,0
BHKFFO_16260 ferredoxin,Unmatched,0,0,0
BHKFFO_16265 hypothetical protein,Unmatched,0,0,0
BHKFFO_16275 Tetratricopeptide repeat family protein,Unmatched,0,0,0
BHKFFO_16280 hypothetical protein,Unmatched,0,0,0
BHKFFO_16285 cell division protein,Unmatched,0,0,0
BHKFFO_16290 cell division protein FtsZ,Unmatched,0,0,0
BHKFFO_16295 bifunctional hydroxymethylpyrimidine kinase/phosphomethylpyrimidine kinase,Unmatched,0,0,0
BHKFFO_16300 hypothetical protein,Unmatched,0,0,0
BHKFFO_16305 hypothetical protein,Unmatched,0,0,0
BHKFFO_16310 hypothetical protein,Unmatched,0,0,0
BHKFFO_16315 EAD2 domain-containing protein,Unmatched,0,0,0
BHKFFO_16320 VMAP-C domain-containing protein,Unmatched,0,0,0
BHKFFO_16325 AAA family ATPase,Unmatched,0,0,0
BHKFFO_16330 hypothetical protein,Unmatched,0,0,0
"BHKFFO_16335 threonine ammonia-lyase, biosynthetic",Unmatched,0,0,0
BHKFFO_16340 16S rRNA (cytosine(1402)-N(4))-methyltransferase RsmH,Unmatched,0,0,0
BHKFFO_16345 ABC transporter substrate-binding protein,Unmatched,0,0,0
BHKFFO_16350 bifunctional phosphoribosylaminoimidazolecarboxamide formyltransferase/IMP cyclohydrolase,Unmatched,0,0,0
BHKFFO_16355 Zeta-toxin domain-containing protein,Unmatched,0,0,0
BHKFFO_16360 K(+)-transporting ATPase subunit C,Unmatched,0,0,0
BHKFFO_16365 K(+)-transporting ATPase subunit F,Unmatched,0,0,0
BHKFFO_16370 DNA (cytosine-5-)-methyltransferase,Unmatched,0,0,0
BHKFFO_16375 potassium-transporting ATPase subunit KdpB,Unmatched,0,0,0
BHKFFO_16380 hypothetical protein,Unmatched,0,0,0
BHKFFO_16385 IS701 family transposase,Unmatched,0,0,0
BHKFFO_16390 hypothetical protein,Unmatched,0,0,0
BHKFFO_16395 hypothetical protein,Unmatched,0,0,0
BHKFFO_16400 Acireductone dioxygenase,Unmatched,0,0,0
BHKFFO_16405 tRNA-Ala(cgc),Unmatched,0,0,0
BHKFFO_16410 hypothetical protein,Unmatched,0,0,0
BHKFFO_16415 3-beta hydroxysteroid dehydrogenase,Unmatched,0,0,0
BHKFFO_16420 methyltransferase,Unmatched,0,0,0
BHKFFO_16425 glycosyl transferase,Unmatched,0,0,0
BHKFFO_16430 Glycosyl transferase family 39,Unmatched,0,0,0
BHKFFO_16435 NAD-dependent epimerase,Unmatched,0,0,0
BHKFFO_16440 pantothenate kinase,Unmatched,0,0,0
BHKFFO_16445 metallophosphatase,Unmatched,0,0,0
BHKFFO_16450 LL-diaminopimelate aminotransferase,Unmatched,0,0,0
BHKFFO_16455 DUF2839 domain-containing protein,Unmatched,0,0,0
BHKFFO_16460 3-beta hydroxysteroid dehydrogenase,Unmatched,0,0,0
BHKFFO_16465 DUF29 domain-containing protein,Unmatched,0,0,0
BHKFFO_16470 DUF29 domain-containing protein,Unmatched,0,0,0
BHKFFO_16475 hypothetical protein,Unmatched,0,0,0
BHKFFO_16480 Prepilin-type N-terminal cleavage/methylation domain-containing protein,Unmatched,0,0,0
BHKFFO_16485 cobaltochelatase subunit CobN,Unmatched,0,0,0
BHKFFO_16490 magnesium transporter,Unmatched,0,0,0
BHKFFO_16495 50S ribosomal protein L10,Unmatched,0,0,0
BHKFFO_16500 50S ribosomal protein L7/L12,Unmatched,0,0,0
BHKFFO_16505 photosystem II reaction center protein T,Unmatched,0,0,0
BHKFFO_16510 transcriptional regulator NrdR,Unmatched,0,0,0
BHKFFO_16515 30S ribosomal protein S1,Unmatched,0,0,0
"BHKFFO_16520 Transposase, IS605 OrfB",Unmatched,0,0,0
"BHKFFO_16525 Transposase, IS605 OrfB",Unmatched,0,0,0
BHKFFO_16530 adenylate/guanylate cyclase domain-containing protein,Unmatched,0,0,0
BHKFFO_16535 DUF3120 domain-containing protein,Unmatched,0,0,0
BHKFFO_16540 hypothetical protein,Unmatched,0,0,0
BHKFFO_16545 sulfite exporter TauE/SafE family protein,Unmatched,0,0,0
BHKFFO_16550 DUF2854 domain-containing protein,Unmatched,0,0,0
BHKFFO_16555 dienelactone hydrolase,Unmatched,0,0,0
BHKFFO_16560 OrfB-Zn-ribbon domain-containing protein,Unmatched,0,0,0
BHKFFO_16565 hypothetical protein,Unmatched,0,0,0
BHKFFO_16595 oxidoreductase,Unmatched,0,0,0
BHKFFO_16600 hydantoinase,Unmatched,0,0,0
BHKFFO_16605 chorismate lyase,Unmatched,0,0,0
BHKFFO_16610 glutathione S-transferase,Unmatched,0,0,0
BHKFFO_16615 glutathione S-transferase,Unmatched,0,0,0
BHKFFO_16620 signal peptidase I,Unmatched,0,0,0
BHKFFO_16625 hypothetical protein,Unmatched,0,0,0
BHKFFO_16630 DUF1818 domain-containing protein,Unmatched,0,0,0
BHKFFO_16635 esterase,Unmatched,0,0,0
BHKFFO_16640 carbohydrate kinase,Unmatched,0,0,0
BHKFFO_16645 hypothetical protein,Unmatched,0,0,0
BHKFFO_16650 hypothetical protein,Unmatched,0,0,0
BHKFFO_16655 hypothetical protein,Unmatched,0,0,0
BHKFFO_16660 energy-coupling factor transporter transmembrane protein EcfT,Unmatched,0,0,0
BHKFFO_16665 tail length tape measure protein,Unmatched,0,0,0
BHKFFO_16670 Adenylyl-sulfate kinase,Unmatched,0,0,0
BHKFFO_16675 LuxR family transcriptional regulator,Unmatched,0,0,0
BHKFFO_16680 hypothetical protein,Unmatched,0,0,0
BHKFFO_16685 TIGR04168 family protein,Unmatched,0,0,0
BHKFFO_16690 hypothetical protein,Unmatched,0,0,0
BHKFFO_16695 NUDIX hydrolase,Unmatched,0,0,0
BHKFFO_16700 ribosome biogenesis GTPase YlqF,Unmatched,0,0,0
BHKFFO_16705 glutamate synthase,Unmatched,0,0,0
BHKFFO_16710 DNA-binding response regulator,Unmatched,0,0,0
BHKFFO_16715 heme oxygenase,Unmatched,0,0,0
BHKFFO_16720 hydrolase,Unmatched,0,0,0
BHKFFO_16725 2-hydroxy-3-keto-5-methylthiopentenyl-1-phosphate phosphatase,Unmatched,0,0,0
BHKFFO_16730 PEP-CTERM domain-containing protein,Unmatched,0,0,0
BHKFFO_16735 hypothetical protein,Unmatched,0,0,0
BHKFFO_16740 hypothetical protein,Unmatched,0,0,0
BHKFFO_16745 hypothetical protein,Unmatched,0,0,0
BHKFFO_16750 cytidine deaminase,Unmatched,0,0,0
BHKFFO_16755 FAD-dependent oxidoreductase,Unmatched,0,0,0
BHKFFO_16760 DUF4870 domain-containing protein,Unmatched,0,0,0
BHKFFO_16765 phenylalanine--tRNA ligase subunit alpha,Unmatched,0,0,0
BHKFFO_16770 DNA methylase,Unmatched,0,0,0
BHKFFO_16775 hypothetical protein,Unmatched,0,0,0
BHKFFO_16780 RNA-binding protein,Unmatched,0,0,0
BHKFFO_16785 Ssr3189 protein,Unmatched,0,0,0
BHKFFO_16790 poly(A) polymerase,Unmatched,0,0,0
BHKFFO_16795 copper resistance protein CopD,Unmatched,0,0,0
BHKFFO_16800 photosystem II reaction center protein PsbZ,Unmatched,0,0,0
"BHKFFO_16805 6,7-dimethyl-8-ribityllumazine synthase",Unmatched,0,0,0
BHKFFO_16810 hypothetical protein,Unmatched,0,0,0
BHKFFO_16815 tRNA-Gly(gcc),Unmatched,0,0,0
BHKFFO_16820 hypothetical protein,Unmatched,0,0,0
BHKFFO_16825 glutamate-5-semialdehyde dehydrogenase,Unmatched,0,0,0
BHKFFO_16830 ABC transporter permease,Unmatched,0,0,0
BHKFFO_16835 hypothetical protein,Unmatched,0,0,0
BHKFFO_16840 anhydro-N-acetylmuramic acid kinase,Unmatched,0,0,0
BHKFFO_16845 hypothetical protein,Unmatched,0,0,0
BHKFFO_16850 ABC transporter,Unmatched,0,0,0
BHKFFO_16855 inositol monophosphatase,Unmatched,0,0,0
BHKFFO_16860 SMC-Scp complex subunit ScpB,Unmatched,0,0,0
BHKFFO_16865 DUF760 domain-containing protein,Unmatched,0,0,0
BHKFFO_16870 Similarity,Unmatched,0,0,0
BHKFFO_16875 hydroxyacid dehydrogenase,Unmatched,0,0,0
BHKFFO_16880 SAM-dependent methyltransferase,Unmatched,0,0,0
BHKFFO_16885 hypothetical protein,Unmatched,0,0,0
BHKFFO_16890 30S ribosomal protein S1,Unmatched,0,0,0
BHKFFO_16895 carboxymethylenebutenolidase,Unmatched,0,0,0
BHKFFO_16900 Cof-type HAD-IIB family hydrolase,Unmatched,0,0,0
BHKFFO_16905 hypothetical protein,Unmatched,0,0,0
BHKFFO_16910 hypothetical protein,Unmatched,0,0,0
BHKFFO_16915 DUF1622 domain-containing protein,Unmatched,0,0,0
BHKFFO_16920 ATP-dependent Clp protease proteolytic subunit,Unmatched,0,0,0
BHKFFO_16925 ATP-dependent Clp protease proteolytic subunit,Unmatched,0,0,0
BHKFFO_16930 adenylate kinase,Unmatched,0,0,0
BHKFFO_16935 preprotein translocase subunit SecY,Unmatched,0,0,0
BHKFFO_16940 Similarity,Unmatched,0,0,0
BHKFFO_16945 DNA topoisomerase (ATP-hydrolyzing) subunit B,Unmatched,0,0,0
BHKFFO_16950 Peripla-BP-6 domain-containing protein,Unmatched,0,0,0
BHKFFO_16955 VWFA domain-containing protein,Unmatched,0,0,0
BHKFFO_16960 Tubulin-like doman-containing protein,Unmatched,0,0,0
BHKFFO_16965 DNA-binding response regulator,Unmatched,0,0,0
BHKFFO_16970 ABC transporter substrate-binding protein,Unmatched,0,0,0
BHKFFO_16975 PspA/IM30 family,Unmatched,0,0,0
BHKFFO_16980 Adenylate cyclase,Unmatched,0,0,0
BHKFFO_16985 hypothetical protein,Unmatched,0,0,0
BHKFFO_16990 helix-turn-helix domain containing protein,Unmatched,0,0,0
BHKFFO_16995 acyl-CoA desaturase,Unmatched,0,0,0
BHKFFO_17000 CDP-diacylglycerol--glycerol-3-phosphate 3-phosphatidyltransferase,Unmatched,0,0,0
BHKFFO_17005 hypothetical protein,Unmatched,0,0,0
BHKFFO_17010 penicillin-binding protein,Unmatched,0,0,0
BHKFFO_17015 acetolactate synthase small subunit,Unmatched,0,0,0
BHKFFO_17020 transposase,Unmatched,0,0,0
BHKFFO_17025 hypothetical protein,Unmatched,0,0,0
BHKFFO_17030 phospholipid-binding protein,Unmatched,0,0,0
BHKFFO_17035 heterodisulfide reductase,Unmatched,0,0,0
BHKFFO_17040 anti-anti-sigma factor,Unmatched,0,0,0
BHKFFO_17045 Acetylglutamate kinase,Unmatched,0,0,0
BHKFFO_17050 hypothetical protein,Unmatched,0,0,0
BHKFFO_17055 DUF790 domain-containing protein,Unmatched,0,0,0
BHKFFO_17060 molecular chaperone,Unmatched,0,0,0
BHKFFO_17065 glycerol acyltransferase,Unmatched,0,0,0
BHKFFO_17070 hypothetical protein,Unmatched,0,0,0
BHKFFO_17080 hypothetical protein,Unmatched,0,0,0
BHKFFO_17085 molecular chaperone DnaJ,Unmatched,0,0,0
BHKFFO_17090 YbjN domain-containing protein,Unmatched,0,0,0
BHKFFO_17095 biotin--protein ligase,Unmatched,0,0,0
"BHKFFO_17100 CDP-glucose 4,6-dehydratase",Unmatched,0,0,0
BHKFFO_17105 ferredoxin,Unmatched,0,0,0
BHKFFO_17110 inositol monophosphatase,Unmatched,0,0,0
BHKFFO_17115 DDE-3 domain-containing protein,Unmatched,0,0,0
BHKFFO_17120 Methyltransf-11 domain-containing protein,Unmatched,0,0,0
BHKFFO_17125 glycosyl transferase,Unmatched,0,0,0
BHKFFO_17130 glycosyl transferase,Unmatched,0,0,0
BHKFFO_17135 Phenazine biosynthesis-like protein,Unmatched,0,0,0
BHKFFO_17140 hypothetical protein,Unmatched,0,0,0
BHKFFO_17145 Xaa-Pro aminopeptidase,Unmatched,0,0,0
BHKFFO_17150 Uma2 family endonuclease,Unmatched,0,0,0
BHKFFO_17155 Uma2 family endonuclease,Unmatched,0,0,0
BHKFFO_17160 NAD-dependent DNA ligase LigA,Unmatched,0,0,0
BHKFFO_17165 hypothetical protein,Unmatched,0,0,0
BHKFFO_17170 DUF3110 domain-containing protein,Unmatched,0,0,0
BHKFFO_17175 YraN family protein,Unmatched,0,0,0
BHKFFO_17180 transposase,Unmatched,0,0,0
BHKFFO_17185 histidine phosphatase family protein,Unmatched,0,0,0
BHKFFO_17190 histidine phosphatase family protein,Unmatched,0,0,0
BHKFFO_17195 hypothetical protein,Unmatched,0,0,0
BHKFFO_17200 DNA helicase PcrA,Unmatched,0,0,0
BHKFFO_17205 methionine adenosyltransferase,Unmatched,0,0,0
BHKFFO_17210 Cyanobacterial functional RNA 1,Unmatched,0,0,0
BHKFFO_17215 nickel import ATP-binding protein NikD,Unmatched,0,0,0
BHKFFO_17220 amidase,Unmatched,0,0,0
BHKFFO_17225 hypothetical protein,Unmatched,0,0,0
BHKFFO_17230 bifunctional pyr operon transcriptional regulator/uracil phosphoribosyltransferase PyrR,Unmatched,0,0,0
BHKFFO_17235 Transglycosylase-associated protein,Unmatched,0,0,0
BHKFFO_17240 CsbD domain-containing protein,Unmatched,0,0,0
BHKFFO_17245 endonuclease/exonuclease/phosphatase,Unmatched,0,0,0
BHKFFO_17250 peptide ABC transporter substrate-binding protein,Unmatched,0,0,0
BHKFFO_17255 hypothetical protein,Unmatched,0,0,0
BHKFFO_17260 hypothetical protein,Unmatched,0,0,0
BHKFFO_17265 DedA family protein,Unmatched,0,0,0
BHKFFO_17270 RNA-binding protein,Unmatched,0,0,0
"BHKFFO_17275 1,4-dihydroxy-2-naphthoyl-CoA synthase",Unmatched,0,0,0
BHKFFO_17280 Antitoxin HicB,Unmatched,0,0,0
BHKFFO_17285 glycosyltransferase,Unmatched,0,0,0
BHKFFO_17290 serine acetyltransferase,Unmatched,0,0,0
BHKFFO_17295 2-C-methyl-D-erythritol 4-phosphate cytidylyltransferase,Unmatched,0,0,0
BHKFFO_17300 DUF1824 domain-containing protein,Unmatched,0,0,0
BHKFFO_17305 hypothetical protein,Unmatched,0,0,0
BHKFFO_17310 hypothetical protein,Unmatched,0,0,0
BHKFFO_17315 hypothetical protein,Unmatched,0,0,0
BHKFFO_17320 hypothetical protein,Unmatched,0,0,0
BHKFFO_17325 magnesium chelatase ATPase subunit D,Unmatched,0,0,0
BHKFFO_17330 hypothetical protein,Unmatched,0,0,0
BHKFFO_17335 peptidase C69,Unmatched,0,0,0
BHKFFO_17340 polyhydroxyalkanoate biosynthesis repressor PhaR,Unmatched,0,0,0
BHKFFO_17345 polyhydroxyalkanoate biosynthesis repressor PhaR,Unmatched,0,0,0
BHKFFO_17350 polyhydroxyalkanoate biosynthesis repressor PhaR,Unmatched,0,0,0
BHKFFO_17355 tRNA uridine-5-carboxymethylaminomethyl(34) synthesis GTPase MnmE,Unmatched,0,0,0
BHKFFO_17360 DUF2062 domain-containing protein,Unmatched,0,0,0
BHKFFO_17365 HEPN domain-containing protein,Unmatched,0,0,0
BHKFFO_17370 nucleotidyltransferase domain-containing protein,Unmatched,0,0,0
BHKFFO_17375 hypothetical protein,Unmatched,0,0,0
BHKFFO_17380 mRNA-degrading endonuclease,Unmatched,0,0,0
BHKFFO_17385 hypothetical protein,Unmatched,0,0,0
BHKFFO_17390 hypothetical protein,Unmatched,0,0,0
BHKFFO_17395 hypothetical protein,Unmatched,0,0,0
BHKFFO_17400 hypothetical protein,Unmatched,0,0,0
BHKFFO_17405 hypothetical protein,Unmatched,0,0,0
BHKFFO_17410 DUF3782 domain-containing protein,Unmatched,0,0,0
BHKFFO_17415 hypothetical protein,Unmatched,0,0,0
BHKFFO_17420 hypothetical protein,Unmatched,0,0,0
"BHKFFO_17425 HicA toxin of bacterial toxin-antitoxin,",Unmatched,0,0,0
BHKFFO_17430 HicB family protein,Unmatched,0,0,0
BHKFFO_17435 hypothetical protein,Unmatched,0,0,0
BHKFFO_17440 hypothetical protein,Unmatched,0,0,0
BHKFFO_17445 hypothetical protein,Unmatched,0,0,0
BHKFFO_17450 hypothetical protein,Unmatched,0,0,0
BHKFFO_17455 ABM domain-containing protein,Unmatched,0,0,0
BHKFFO_17460 Peptidase A2 domain-containing protein,Unmatched,0,0,0
BHKFFO_17465 hypothetical protein,Unmatched,0,0,0
BHKFFO_17470 HEAT repeat domain-containing protein,Unmatched,0,0,0
BHKFFO_17475 Glycosyltransferase involved in cell wall bisynthesis,Unmatched,0,0,0
BHKFFO_17480 Type II restriction endonuclease,Unmatched,0,0,0
BHKFFO_17485 hypothetical protein,Unmatched,0,0,0
BHKFFO_17490 sulfotransferase family protein,Unmatched,0,0,0
BHKFFO_17495 hypothetical protein,Unmatched,0,0,0
BHKFFO_17500 6-phosphogluconolactonase,Unmatched,0,0,0
BHKFFO_17505 FHA domain-containing protein,Unmatched,0,0,0
BHKFFO_17510 hypothetical protein,Unmatched,0,0,0
BHKFFO_17515 site-2 protease family protein,Unmatched,0,0,0
BHKFFO_17520 serine/threonine protein phosphatase,Unmatched,0,0,0
BHKFFO_17525 triose-phosphate isomerase,Unmatched,0,0,0
"BHKFFO_17530 5-oxo-1,2,5-tricarboxylic-3-penten acid decarboxylase",Unmatched,0,0,0
BHKFFO_17535 30S ribosomal protein S6,Unmatched,0,0,0
"BHKFFO_17540 Endonuclease, Uma2 family (restriction endonuclease fold)",Unmatched,0,0,0
BHKFFO_17545 Uma2 domain-containing protein,Unmatched,0,0,0
BHKFFO_17550 methyltransferase type 11,Unmatched,0,0,0
BHKFFO_17555 NAD(P)-dependent oxidoreductase,Unmatched,0,0,0
BHKFFO_17560 dTDP-6-deoxy-L-hexose 3-O-methyltransferase,Unmatched,0,0,0
BHKFFO_17565 transketolase,Unmatched,0,0,0
BHKFFO_17570 transketolase,Unmatched,0,0,0
BHKFFO_17575 polysaccharide biosynthesis protein GtrA,Unmatched,0,0,0
BHKFFO_17580 glycosyltransferase,Unmatched,0,0,0
BHKFFO_17585 YCII domain-containing protein,Unmatched,0,0,0
BHKFFO_17590 chromosome segregation protein SMC,Unmatched,0,0,0
BHKFFO_17595 radical SAM protein,Unmatched,0,0,0
BHKFFO_17600 NB-ARC domain protein,Unmatched,0,0,0
BHKFFO_17615 N6-N4-Mtase domain-containing protein,Unmatched,0,0,0
BHKFFO_17620 Type-2 restriction enzyme BanI,Unmatched,0,0,0
BHKFFO_17625 Isoleucine--tRNA ligase,Unmatched,0,0,0
BHKFFO_17630 Uma2 family endonuclease,Unmatched,0,0,0
BHKFFO_17635 UPF0754 membrane protein MAE_37850,Unmatched,0,0,0
"BHKFFO_17640 bifunctional demethylmenaquinone methyltransferase/2-methoxy-6-polyprenyl-1,4-benzoquinol methylase UbiE",Unmatched,0,0,0
BHKFFO_17650 BFN domain-containing protein,Unmatched,0,0,0
BHKFFO_17655 oxidoreductase,Unmatched,0,0,0
BHKFFO_17660 fructose-bisphosphate aldolase class II,Unmatched,0,0,0
BHKFFO_17665 carboxyl-terminal protease,Unmatched,0,0,0
BHKFFO_17670 photosystem II reaction center protein I,Unmatched,0,0,0
BHKFFO_17675 16S rRNA (cytidine(1402)-2'-O)-methyltransferase,Unmatched,0,0,0
BHKFFO_17680 permease,Unmatched,0,0,0
BHKFFO_17685 LPS export ABC transporter ATP-binding protein,Unmatched,0,0,0
BHKFFO_17690 ostA-like family protein,Unmatched,0,0,0
BHKFFO_17695 DUF309 domain-containing protein,Unmatched,0,0,0
BHKFFO_17700 ferredoxin--nitrite reductase,Unmatched,0,0,0