Query_Name,Reference_Name,Identity_Score,Query_Coverage,Query_Length
OCDKLD_00255 bleomycin resistance protein,ctg82_15_T3PKS-Merocyclophane_5_0,98.71,100,930
OCDKLD_00260 nitroreductase family protein,ctg82_16_T3PKS-Merocyclophane_5_0,99.09,100,660
OCDKLD_00265 AMP-binding enzyme family protein,ctg82_17_T3PKS-Merocyclophane_5_0,98.63,100,3795
OCDKLD_00270 short chain dehydrogenase,ctg82_18_T3PKS-Merocyclophane_5_0,98.49,99.89,5445
OCDKLD_00275 type I polyketide synthase,ctg82_19_T3PKS-Merocyclophane_5_0,99.09,100,3963
OCDKLD_00280 flavin-binding monooxygenase-like family protein,ctg82_20_T3PKS-Merocyclophane_5_0,99.17,100,1320
OCDKLD_00285 3-oxoacyl-ACP synthase,ctg82_21_T3PKS-Merocyclophane_5_0,99.06,100,1176
OCDKLD_00290 isoprenylcysteine carboxyl methyltransferase,ctg82_22_T3PKS-Merocyclophane_5_0,99.83,100,606
OCDKLD_00295 FAD-linked oxidase,ctg82_23_T3PKS-Merocyclophane_5_0,98.47,100,1632
OCDKLD_00300 MFS transporter,ctg82_24_T3PKS-Merocyclophane_5_0,98,100,1302
OCDKLD_00305 efflux RND transporter periplasmic adaptor subunit,ctg82_25_T3PKS-Merocyclophane_5_0,98.16,100,1356
OCDKLD_00310 acriflavine resistance protein B,ctg82_26_T3PKS-Merocyclophane_5_0,98.61,100,3099
OCDKLD_00315 Secreted effector protein PipB2,ctg82_27_T3PKS-Merocyclophane_5_0,96.28,100,780
OCDKLD_00320 hypothetical protein,ctg82_28_T3PKS-Merocyclophane_5_0,94.7,101.73,519
OCDKLD_00325 Phosphomannomutase,ctg82_29_T3PKS-Merocyclophane_5_0,94.46,70.78,510
OCDKLD_00335 Phosphomannomutase,ctg82_29_T3PKS-Merocyclophane_5_0,95.04,100,423
OCDKLD_00340 serine/threonine protein kinase,ctg82_30_T3PKS-Merocyclophane_5_0,95.59,101.16,1548
OCDKLD_00345 rhodanese-related sulfurtransferase,ctg82_31_T3PKS-Merocyclophane_5_0,97.78,99.75,813
OCDKLD_00355 DNA repair protein RecO,ctg82_32_T3PKS-Merocyclophane_5_0,97.69,100,780
OCDKLD_00360 arabinose efflux permease,ctg82_33_T3PKS-Merocyclophane_5_0,97.99,100,1491
"OCDKLD_00785 3'(2'),5'-bisphosphate nucleotidase CysQ",ctg27_41_T1PKS-Terpene_11_0,96.92,100,876
OCDKLD_01760 hypothetical protein,ctg20_11_NRPS-T1PKS_26_0,94.93,95.83,144
OCDKLD_01785 ATP-dependent Clp endopeptidase proteolytic subunit ClpP,ctg83_20_lanthipeptide_21_0,75.56,88.67,600
OCDKLD_01990 DUF1995 domain-containing protein,ctg105_6_Anabaenopeptin_16_0,96.91,100,744
OCDKLD_01995 hypothetical protein,ctg105_5_Anabaenopeptin_16_0,99.27,100,273
OCDKLD_02005 flavin oxidoreductase,ctg105_3_Anabaenopeptin_16_0,95.99,100,1746
OCDKLD_02010 Phosphate-starvation-inducible E family,ctg105_2_Anabaenopeptin_16_0,97.41,100,501
OCDKLD_02320 SnoaL-like domain-containing protein,ctg105_7_Anabaenopeptin_16_0,100,100,405
OCDKLD_02325 histidinol-phosphate transaminase,ctg105_8_Anabaenopeptin_16_0,98.05,100,1077
OCDKLD_02330 ABC transporter,"ABV79989.1_apnE_PlanktothrixagardhiiNIVA-CYA126/8_anabaenopeptin908,anabaenopeptin915",95.52,96.75,1752
OCDKLD_02335 non-ribosomal peptide synthetase,ctg105_10_Anabaenopeptin_16_0,97.08,100,4212
OCDKLD_02340 D-alanine--poly(phosphoribitol) ligase subunit DltA,ctg105_11_Anabaenopeptin_16_0,97.58,100,7722
OCDKLD_02345 non-ribosomal peptide synthetase,ctg105_12_Anabaenopeptin_16_0,96.91,100,3237
OCDKLD_02350 D-alanine--poly(phosphoribitol) ligase subunit DltA,ctg105_13_Anabaenopeptin_16_0,97.92,100.02,6501
OCDKLD_02355 2-isopropylmalate synthase,ctg105_14_Anabaenopeptin_16_0,99.75,100,1179
OCDKLD_02360 3-isopropylmalate dehydrogenase,ctg105_15_Anabaenopeptin_16_0,99.06,100,1065
OCDKLD_02365 homoaconitate hydratase family protein,ctg105_16_Anabaenopeptin_16_0,99.36,100,1731
OCDKLD_02435 hypothetical protein,ctg5_31_RRE-containing_23_0,99.04,93.69,222
OCDKLD_02440 ABC transporter substrate-binding protein,ctg5_30_RRE-containing_23_0,98.68,100,1209
OCDKLD_02445 ABC transporter permease,ctg5_29_RRE-containing_23_0,98.18,100,771
OCDKLD_02505 type II toxin-antitoxin system HicB family antitoxin,ctg5_19_RRE-containing_23_0,96.89,100,225
OCDKLD_03100 DUF4351 domain-containing protein,ctg82_34_T3PKS-Merocyclophane_5_0,90.57,100,456
OCDKLD_04105 5S ribosomal RNA,ctg44_1_1-heptadecene_20_0,100,88.98,118
OCDKLD_04110 DUF2288 domain-containing protein,ctg44_2_1-heptadecene_20_0,98.57,95.88,291
OCDKLD_04150 Type I secretion system membrane fusion protein PrsE,ctg44_5_1-heptadecene_20_0,96.87,100,1308
OCDKLD_04155 ABC transporter permease DevC,ctg44_6_1-heptadecene_20_0,87.51,100.43,1164
OCDKLD_04160 ABC transporter,ctg44_7_1-heptadecene_20_0,99.01,100,708
OCDKLD_04170 radical SAM protein,ctg44_8_1-heptadecene_20_0,97.89,100,807
OCDKLD_04175 penicillin-binding protein 2,ctg44_9_1-heptadecene_20_0,98.35,100,1875
OCDKLD_04180 S-(hydroxymethyl)glutathione dehydrogenase/class III alcohol dehydrogenase,ctg44_17_1-heptadecene_20_0,98.2,100,1110
OCDKLD_04185 CHAT domain-containing protein,ctg44_18_1-heptadecene_20_0,97.51,73.41,3396
OCDKLD_04760 ABC transporter permease,ctg27_32_T1PKS-Terpene_11_0,97.56,100,780
OCDKLD_04765 hypothetical protein,ctg27_33_T1PKS-Terpene_11_0,92.69,100,465
OCDKLD_05360 hypothetical protein,ctg34_2_Bartoloside-T1PKS_18_0,97.08,100,240
OCDKLD_05380 Domain of unknown function DUF29,ctg39_10_Cyanobactin_50_0,93.66,99.03,207
OCDKLD_05385 nickel pincer cofactor biosynthesis protein LarC,ctg39_9_Cyanobactin_50_0,96.87,100,1182
OCDKLD_05390 L-threonylcarbamoyladenylate synthase,ctg39_8_Cyanobactin_50_0,98.13,100,642
OCDKLD_05395 heat-shock protein,ctg39_7_Cyanobactin_50_0,97.08,100,411
OCDKLD_05400 Light-repressed protein A,ctg39_6_Cyanobactin_50_0,97.17,100,600
OCDKLD_05825 rhodanese-related sulfurtransferase,ctg20_3_samp_2073_1151163_NRPS,97.64,100,339
OCDKLD_06535 tRNA uridine-5-carboxymethylaminomethyl(34) synthesis enzyme MnmG,ctg1_9_samp_4305_554341_lanthipeptide-class-v,74.23,81.97,1908
OCDKLD_06905 ferredoxin,ctg5_26_RRE-containing_23_0,98.43,100,318
OCDKLD_06910 CTP synthase,ctg5_27_RRE-containing_23_0,96.95,100,1641
OCDKLD_06915 hypothetical protein,ctg5_28_RRE-containing_23_0,96.05,100,354
OCDKLD_07255 adenylyl-sulfate kinase,AAF00966.1_uma3_MicrocystisaeruginosaPCC7806_microcystinLR,97.51,100,1527
OCDKLD_07260 Putative restriction endonuclease,AAF00965.1_uma2_MicrocystisaeruginosaPCC7806_microcystinLR,94.7,100.35,564
OCDKLD_07265 FAD-dependent oxidoreductase,AAF00964.1_uma1_MicrocystisaeruginosaPCC7806_microcystinLR,97.9,100,2052
OCDKLD_07820 transglutaminase,ctg82_2_T3PKS-Merocyclophane_5_0,95.94,100,2313
OCDKLD_07975 DNA-directed RNA polymerase subunit gamma,ctg39_14_Cyanobactin_50_0,98.14,100,1881
OCDKLD_07985 DUF262 domain-containing protein,ctg39_11_Cyanobactin_50_0,96.13,100,1110
OCDKLD_08205 DUF2834 domain-containing protein,ctg13_13_Cyanobactin_64_0,95.93,100,639
OCDKLD_08210 hypothetical protein,ctg13_12_Cyanobactin_64_0,99.32,99.66,294
OCDKLD_08215 protein tyrosine phosphatase,ctg13_11_Cyanobactin_64_0,97.69,100,519
OCDKLD_08220 DNA-binding response regulator,ctg13_10_Cyanobactin_64_0,98.02,100,657
OCDKLD_08225 branched-chain amino acid ABC transporter permease,ctg13_9_Cyanobactin_64_0,97.76,100,1116
OCDKLD_08230 ABC transporter ATP-binding protein,ctg13_8_Cyanobactin_64_0,96.81,100,753
OCDKLD_08235 imidazole glycerol phosphate synthase subunit HisH,ctg13_7_Cyanobactin_64_0,98.28,100,639
OCDKLD_08715 hypothetical protein,ctg30_10_Novel-T3PKS_28_0,95.58,100,294
OCDKLD_08720 WD40 repeat domain-containing protein,ctg30_11_Novel-T3PKS_28_0,96.87,99.81,1056
OCDKLD_08725 Ribonuclease 3 2,ctg30_12_Novel-T3PKS_28_0,96.45,88.35,798
OCDKLD_08735 alpha/beta hydrolase,ctg30_13_Novel-T3PKS_28_0,96.14,100,828
OCDKLD_08740 histidine kinase,ctg30_14_Novel-T3PKS_28_0,96.97,100,1155
OCDKLD_08745 DUF1957 domain-containing protein,ctg30_15_Novel-T3PKS_28_0,97.99,100,1590
OCDKLD_08750 serine/threonine protein kinase,ctg30_16_Novel-T3PKS_28_0,97.15,100,1545
OCDKLD_08755 carotenoid biosynthesis protein,ctg30_17_Novel-T3PKS_28_0,97.27,100,915
OCDKLD_09220 HAD family phosphatase,ctg20_15_NRPS-T1PKS_26_0,98.24,100,738
OCDKLD_09480 GTPase,ctg27_40_T1PKS-Terpene_11_0,97.24,98.88,1872
OCDKLD_09490 hypothetical protein,ctg27_38_T1PKS-Terpene_11_0,99.44,100,180
OCDKLD_09495 BrnT family toxin,ctg27_37_T1PKS-Terpene_11_0,99.66,100,297
OCDKLD_09500 hydrolase,ctg27_35_T1PKS-Terpene_11_0,97.51,97.23,867
OCDKLD_09505 phosphoadenosine phosphosulfate reductase,ctg27_34_T1PKS-Terpene_11_0,97.81,100,822
OCDKLD_09720 glutamate--cysteine ligase,ctg30_9_Novel-T3PKS_28_0,96.17,99.39,1155
OCDKLD_09725 resolvase,ctg30_8_Novel-T3PKS_28_0,95.93,100,393
OCDKLD_09730 EamA family transporter,ctg30_7_Novel-T3PKS_28_0,97.36,100,909
OCDKLD_09735 Uncharacterized protein sll0103,ctg30_6_Novel-T3PKS_28_0,97.2,100,1251
OCDKLD_09950 NFACT N-terminal and middle domains,ctg34_5_Bartoloside-T1PKS_18_0,95.49,100,1731
OCDKLD_09975 hypothetical protein,ctg36_3_NRPS-like_34_0,97.92,100,336
OCDKLD_09990 methylthioribulose 1-phosphate dehydratase,ctg36_4_NRPS-like_34_0,98.14,96.88,609
OCDKLD_09995 hypothetical protein,ctg36_5_NRPS-like_34_0,99.21,100,381
OCDKLD_10005 recombinase B,ctg36_6_NRPS-like_34_0,98.33,100,1434
OCDKLD_10010 cysteine lyase,ctg36_7_NRPS-like_34_0,98.77,100,1215
OCDKLD_10015 helicase,ctg36_8_NRPS-like_34_0,97.41,100,4173
OCDKLD_10020 hypothetical protein,ctg36_9_NRPS-like_34_0,99.57,99.15,468
OCDKLD_10025 DUF4351 domain-containing protein,ctg34_26_Bartoloside-T1PKS_18_0,97.03,89.39,264
OCDKLD_10245 glycine cleavage system aminomethyltransferase GcvT,ctg34_19_Bartoloside-T1PKS_18_0,96.21,100,1107
OCDKLD_10250 Transposase,ctg27_30_T1PKS-Terpene_11_0,93.67,100.08,1215
OCDKLD_10960 pirin family protein,ctg27_13_T1PKS-Terpene_11_0,94.23,100,693
OCDKLD_10995 hypothetical protein,ctg27_12_T1PKS-Terpene_11_0,97.1,99.18,243
OCDKLD_11000 hypothetical protein,ctg27_11_T1PKS-Terpene_11_0,94.4,100,339
OCDKLD_11005 phytoene synthase,ctg27_10_T1PKS-Terpene_11_0,97.64,100,933
OCDKLD_11010 15-cis-phytoene desaturase,ctg27_9_T1PKS-Terpene_11_0,96.93,100,1431
OCDKLD_11015 magnesium-transporting ATPase,ctg27_8_T1PKS-Terpene_11_0,96.51,100,2781
OCDKLD_11020 SLC13 family permease,ctg27_7_T1PKS-Terpene_11_0,96.5,100,1800
OCDKLD_11025 Tetratricopeptide TPR_1 repeat-containing protein,ctg27_6_T1PKS-Terpene_11_0,98.32,100,537
OCDKLD_11030 ABC transporter substrate-binding protein,ctg27_5_T1PKS-Terpene_11_0,97.19,100,783
OCDKLD_11035 DEAD/DEAH box helicase,ctg27_3_T1PKS-Terpene_11_0,97.54,100,2928
OCDKLD_11040 lipoprotein NlpI,ctg27_2_T1PKS-Terpene_11_0,97.59,100,954
OCDKLD_11165 Aluminum resistance protein,ctg30_5_Novel-T3PKS_28_0,90.82,71.01,138
OCDKLD_11190 naringenin-chalcone synthase,ctg30_1_Novel-T3PKS_28_0,97.81,100,1188
OCDKLD_11195 ABC transporter ATP-binding protein,ctg30_2_Novel-T3PKS_28_0,96.15,101.32,1818
OCDKLD_11200 efflux transporter periplasmic adaptor subunit,ctg30_3_Novel-T3PKS_28_0,98.72,100,1560
OCDKLD_11205 hypothetical protein,ctg30_4_Novel-T3PKS_28_0,100,100,273
OCDKLD_11210 aluminum resistance family protein,ctg30_5_Novel-T3PKS_28_0,98.33,100,1254
OCDKLD_11550 glycogen debranching protein,ctg28_3_RiPP-like_84_0,96.19,100,210
OCDKLD_11555 Dolichyl-phosphate-mannose-protein mannosyltransferase,ctg28_2_RiPP-like_84_0,95.77,100,1680
OCDKLD_11590 DUF29 domain-containing protein,ctg36_9_NRPS-like_34_0,78.49,92.23,489
OCDKLD_11690 N-acetyltransferase,CAQ16119.1_mdnD_MicrocystisaeruginosaNIES-298_microviridinB,95.99,96.5,543
OCDKLD_11705 MvdD family ATP-grasp ribosomal peptide maturase,CAQ16118.1_mdnC_MicrocystisaeruginosaNIES-298_microviridinB,97.85,100,975
OCDKLD_11710 MvdC family ATP-grasp ribosomal peptide maturase,CAQ16117.1_mdnB_MicrocystisaeruginosaNIES-298_microviridinB,97.43,98.98,981
OCDKLD_11715 Microviridin,CAQ16116.1_mdnA_MicrocystisaeruginosaNIES-298_microviridinB,91.61,103.33,150
OCDKLD_11925 PEP-CTERM sorting domain-containing protein,ctg34_23_Bartoloside-T1PKS_18_0,86.88,102.31,693
OCDKLD_11930 hypothetical protein,ctg34_24_Bartoloside-T1PKS_18_0,98.97,100,387
OCDKLD_12115 hypothetical protein,ctg27_30_T1PKS-Terpene_11_0,92.65,99.79,954
OCDKLD_12925 Alkaline phosphatase,ctg82_37_T3PKS-Merocyclophane_5_0,86.58,84.62,273
OCDKLD_13065 hypothetical protein,ctg71_3_T1PKS_51_0,96.58,100,351
OCDKLD_13070 AAA family ATPase,ctg71_4_T1PKS_51_0,97.55,100,1512
OCDKLD_13075 DUF1257 domain-containing protein,ctg71_5_T1PKS_51_0,98.02,81.38,435
OCDKLD_13080 SAM-dependent methyltransferase,ctg71_6_T1PKS_51_0,98.31,100.15,648
OCDKLD_13085 restriction endonuclease,ctg71_8_T1PKS_51_0,97.43,99.87,780
OCDKLD_13090 alanine dehydrogenase,ctg71_9_T1PKS_51_0,96.78,100,1086
OCDKLD_13095 thylakoid-associated protein,ctg71_10_T1PKS_51_0,96.04,100,303
OCDKLD_13100 2TM domain-containing protein,ctg71_11_T1PKS_51_0,97.65,100,255
OCDKLD_13545 ATP-dependent sacrificial sulfur transferase LarE,ctg34_20_Bartoloside-T1PKS_18_0,98.64,100,810
OCDKLD_14070 DUF4327 domain-containing protein,ctg3_17_lanthipeptide_54_0,98.75,100,240
OCDKLD_14075 diacylglycerol kinase,ctg3_16_lanthipeptide_54_0,98.36,100,489
OCDKLD_14080 rRNA maturation RNase YbeY,ctg3_15_lanthipeptide_54_0,98.44,100,513
OCDKLD_14085 DUF3285 domain-containing protein,ctg3_14_lanthipeptide_54_0,98.92,100,186
OCDKLD_14090 recombinase RecQ,ctg3_13_lanthipeptide_54_0,97.93,100,1452
OCDKLD_14105 DUF4160 domain-containing protein,ctg3_3_lanthipeptide_54_0,98.73,100,237
OCDKLD_14110 DUF2442 domain-containing protein,ctg3_2_lanthipeptide_54_0,100,100,309
OCDKLD_14440 ISL3 family transposase,AAF00967.1_uma4_MicrocystisaeruginosaPCC7806_microcystinLR,96.47,100,1020
OCDKLD_14460 ABC transporter,MBE8994633.1_IQ234_09895_MicrocystisaeruginosaLEGE91341_microginin,97.45,99.95,2004
OCDKLD_14480 hypothetical protein,MBE8994629.1_IQ234_09875_MicrocystisaeruginosaLEGE91341_microginin,96.99,98.98,1377
OCDKLD_14485 phosphopantetheine-binding protein,MBE8994628.1_IQ234_09870_MicrocystisaeruginosaLEGE91341_microginin,94.96,96.63,267
OCDKLD_14490 AMP-dependent synthetase,MBE8994627.1_IQ234_09865_MicrocystisaeruginosaLEGE91341_microginin,96.96,100,1743
OCDKLD_14765 5S ribosomal RNA,ctg44_1_1-heptadecene_20_0,100,88.98,118
OCDKLD_16135 hypothetical protein,ctg3_6_lanthipeptide_54_0,96.98,72.65,501
OCDKLD_16140 hypothetical protein,ctg3_7_lanthipeptide_54_0,97.83,100,276
OCDKLD_16905 cysteine--tRNA ligase,ctg82_3_T3PKS-Merocyclophane_5_0,97.09,100,1443
OCDKLD_16910 glycine/betaine ABC transporter substrate-binding protein,ctg82_4_T3PKS-Merocyclophane_5_0,97.39,100,1530
OCDKLD_16915 metal-binding protein,ctg82_5_T3PKS-Merocyclophane_5_0,96.32,100,1005
OCDKLD_16920 bifunctional orotidine-5'-phosphate decarboxylase/orotate phosphoribosyltransferase,ctg82_6_T3PKS-Merocyclophane_5_0,96.86,100,1434
OCDKLD_16925 hypothetical protein,ctg82_7_T3PKS-Merocyclophane_5_0,95.62,100,297
OCDKLD_16930 23S rRNA (guanosine(2251)-2'-O)-methyltransferase RlmB,ctg82_8_T3PKS-Merocyclophane_5_0,95.5,100,867
OCDKLD_16935 Mini-ribonuclease 3,ctg82_9_T3PKS-Merocyclophane_5_0,97.12,100,417
OCDKLD_16940 anti-sigma F factor antagonist,ctg82_10_T3PKS-Merocyclophane_5_0,96.87,100,351
OCDKLD_16945 carbamoyl phosphate synthase small subunit,ctg82_11_T3PKS-Merocyclophane_5_0,96.26,100,1149
OCDKLD_16950 transposase,ctg82_12_T3PKS-Merocyclophane_5_0,95.28,100.79,882
OCDKLD_16955 receptor ligand binding region family protein,ctg82_13_T3PKS-Merocyclophane_5_0,98.64,100,2718
OCDKLD_16960 AAA-like domain-containing protein,ctg82_14_T3PKS-Merocyclophane_5_0,99.31,100,1443
OCDKLD_16965 1-deoxy-D-xylulose-5-phosphate synthase,ctg83_26_lanthipeptide_21_0,97.89,76.77,1911
OCDKLD_16970 nickel pincer cofactor biosynthesis protein LarB,ctg83_25_lanthipeptide_21_0,99.09,100,771
OCDKLD_16975 ribonuclease J,ctg83_24_lanthipeptide_21_0,97.2,100,1749
OCDKLD_16980 4-hydroxy-tetrahydrodipicolinate synthase,ctg83_23_lanthipeptide_21_0,97.53,100,891
OCDKLD_16985 aspartate-semialdehyde dehydrogenase,ctg83_22_lanthipeptide_21_0,98.46,100,1038
OCDKLD_16990 trigger factor,ctg83_21_lanthipeptide_21_0,99.28,99,1398
OCDKLD_16995 ATP-dependent Clp endopeptidase proteolytic subunit ClpP,ctg83_20_lanthipeptide_21_0,99,85.9,702
OCDKLD_17000 ATP-dependent protease ATP-binding subunit ClpX,ctg83_19_lanthipeptide_21_0,99.1,100,1335
OCDKLD_17015 alpha/beta hydrolase,ctg83_18_lanthipeptide_21_0,96.31,88.46,858
OCDKLD_17020 Chaperone SurA,ctg83_17_lanthipeptide_21_0,98.67,100,225
OCDKLD_17025 HTH-33 domain-containing protein,ctg83_15_lanthipeptide_21_0,99.65,100,579
OCDKLD_17030 peptidase C39,ctg83_14_lanthipeptide_21_0,99.52,100,2715
OCDKLD_17035 hemolysin D,ctg83_13_lanthipeptide_21_0,99.35,100,1695
OCDKLD_17040 peptidylprolyl isomerase,ctg83_12_lanthipeptide_21_0,99.73,100,747
OCDKLD_17045 hypothetical protein,ctg83_11_lanthipeptide_21_0,98.11,100,159
OCDKLD_17050 hypothetical protein,ctg83_10_lanthipeptide_21_0,100,100,228
OCDKLD_17055 hypothetical protein,ctg83_9_lanthipeptide_21_0,100,100,291
OCDKLD_17060 hypothetical protein,ctg83_7_lanthipeptide_21_0,99.09,100,1104
OCDKLD_17065 LPS biosynthesis choline kinase,ctg83_6_lanthipeptide_21_0,98.97,100,1170
OCDKLD_17070 Putative alpha/beta hydrolase,ctg83_18_lanthipeptide_21_0,96.74,100,399
OCDKLD_17075 undecaprenyl-diphosphate phosphatase,ctg83_4_lanthipeptide_21_0,97.57,100,948
OCDKLD_17080 glutathione peroxidase,ctg83_3_lanthipeptide_21_0,98.36,100,732
OCDKLD_17115 DUF4242 domain-containing protein,ctg5_33_RRE-containing_23_0,98.12,100,531
OCDKLD_17120 acyl-CoA dehydrogenase,ctg5_32_RRE-containing_23_0,98.12,100,1116
OCDKLD_17125 ATP-binding cassette domain-containing protein,ctg5_31_RRE-containing_23_0,99.14,91.9,630
OCDKLD_17545 DUF3368 domain-containing protein,ctg82_36_T3PKS-Merocyclophane_5_0,99.8,100,498
OCDKLD_17550 Uncharacterised protein family (UPF0175),ctg82_35_T3PKS-Merocyclophane_5_0,99.59,100,246
OCDKLD_17555 DUF4351 domain-containing protein,ctg82_34_T3PKS-Merocyclophane_5_0,90,105.26,228
OCDKLD_17975 Putative transposase domain protein,ctg115_1_Cyanobactin_90_0,98.01,91.78,219
OCDKLD_18195 clan AA aspartic protease,ctg3_4_lanthipeptide_54_0,99.46,100,369
OCDKLD_18200 hypothetical protein,ctg3_5_lanthipeptide_54_0,100,100,276
OCDKLD_18205 clan AA aspartic protease,ctg3_6_lanthipeptide_54_0,99.73,100,366
OCDKLD_18210 hypothetical protein,ctg3_7_lanthipeptide_54_0,99.28,100,276
OCDKLD_18855 hypothetical protein,ctg44_13_1-heptadecene_20_0,95.41,95.61,114
OCDKLD_19565 anacyclamide synthesis AcyG domain protein,ctg39_5_Cyanobactin_50_0,94.7,98.69,153
OCDKLD_19570 Putative restriction endonuclease,"AFK79997.1_AFK79997.1_MicrocystisaeruginosaPCC7005_piricyclamide7005E1,piricyclamide7005E2,piricyclamide7005E3,piricyclamide7005E4",95.59,94.03,771
OCDKLD_19855 UPF0175 family protein,ctg82_35_T3PKS-Merocyclophane_5_0,97.56,100,246
OCDKLD_19960 N-terminal part of Q9RNA5_MICAE Uma4,AAF00967.1_uma4_MicrocystisaeruginosaPCC7806_microcystinLR,95,98.77,81
OCDKLD_20235 DUF4351 domain-containing protein,ctg82_34_T3PKS-Merocyclophane_5_0,93.24,100,444
OCDKLD_20375 type 2 isopentenyl-diphosphate Delta-isomerase,"ACM68685.1_aerK_MicrocystisaeruginosaNIES-98_aeruginosin98-A,aeruginosin98-B,aeruginosin98-C",94.92,100,1044
OCDKLD_20380 Bacilysin biosynthesis BacA-like protein,"ACM68686.1_aerD_MicrocystisaeruginosaNIES-98_aeruginosin98-A,aeruginosin98-B,aeruginosin98-C",86.3,83.91,174
OCDKLD_20945 ABC transporter,CAQ16120.1_mdnE_MicrocystisaeruginosaNIES-298_microviridinB,96.22,100,2064
OCDKLD_21225 pyruvate dehydrogenase (acetyl-transferring) E1 component subunit alpha,ctg2_26_samp_4305_693378_NRPS,75.28,96.14,1035
OCDKLD_21615 IS4 family transposase,ctg115_1_Cyanobactin_90_0,95.52,100,1182
OCDKLD_00005 hypothetical protein,Unmatched,0,0,0
OCDKLD_00010 hypothetical protein,Unmatched,0,0,0
OCDKLD_00015 anhydro-N-acetylmuramic acid kinase,Unmatched,0,0,0
OCDKLD_00020 sulfur carrier protein ThiS,Unmatched,0,0,0
OCDKLD_00025 thiamine phosphate synthase,Unmatched,0,0,0
OCDKLD_00030 IS607 family transposase,Unmatched,0,0,0
OCDKLD_00035 PEP-CTERM sorting domain-containing protein,Unmatched,0,0,0
OCDKLD_00040 LD-carboxypeptidase,Unmatched,0,0,0
OCDKLD_00045 3-beta hydroxysteroid dehydrogenase,Unmatched,0,0,0
OCDKLD_00050 NAD(+) kinase,Unmatched,0,0,0
OCDKLD_00055 Ion transporter,Unmatched,0,0,0
OCDKLD_00060 ATP synthase subunit I,Unmatched,0,0,0
OCDKLD_00065 F0F1 ATP synthase subunit A,Unmatched,0,0,0
OCDKLD_00070 ATP synthase F0 subunit C,Unmatched,0,0,0
OCDKLD_00075 F0F1 ATP synthase subunit B',Unmatched,0,0,0
OCDKLD_00080 F0F1 ATP synthase subunit B,Unmatched,0,0,0
OCDKLD_00085 ATP synthase F1 subunit delta,Unmatched,0,0,0
OCDKLD_00090 F0F1 ATP synthase subunit alpha,Unmatched,0,0,0
OCDKLD_00095 F0F1 ATP synthase subunit gamma,Unmatched,0,0,0
OCDKLD_00100 hypothetical protein,Unmatched,0,0,0
OCDKLD_00105 DUF1517 domain-containing protein,Unmatched,0,0,0
OCDKLD_00110 adenosyl-hopene transferase HpnH,Unmatched,0,0,0
OCDKLD_00115 histidine kinase,Unmatched,0,0,0
OCDKLD_00120 hypothetical protein,Unmatched,0,0,0
OCDKLD_00125 DNA-binding response regulator,Unmatched,0,0,0
OCDKLD_00130 L-glutamate gamma-semialdehyde dehydrogenase,Unmatched,0,0,0
OCDKLD_00135 alpha-D-glucose phosphate-specific phosphoglucomutase,Unmatched,0,0,0
OCDKLD_00140 Tellurite resistance protein TerB,Unmatched,0,0,0
OCDKLD_00145 16S rRNA (cytosine(967)-C(5))-methyltransferase,Unmatched,0,0,0
OCDKLD_00150 serine esterase,Unmatched,0,0,0
OCDKLD_00155 hypothetical protein,Unmatched,0,0,0
OCDKLD_00160 bifunctional ADP-dependent NAD(P)H-hydrate dehydratase/NAD(P)H-hydrate epimerase,Unmatched,0,0,0
OCDKLD_00165 hypothetical protein,Unmatched,0,0,0
OCDKLD_00170 PA-phosphatase,Unmatched,0,0,0
OCDKLD_00175 sulfurtransferase,Unmatched,0,0,0
OCDKLD_00180 hypothetical protein,Unmatched,0,0,0
OCDKLD_00185 phycocyanin subunit alpha,Unmatched,0,0,0
OCDKLD_00190 phycocyanin subunit beta,Unmatched,0,0,0
OCDKLD_00195 hypothetical protein,Unmatched,0,0,0
OCDKLD_00200 cysteine synthase A,Unmatched,0,0,0
OCDKLD_00205 Cystathionine gamma-lyase,Unmatched,0,0,0
OCDKLD_00210 MgtC family,Unmatched,0,0,0
OCDKLD_00215 Chromosome partition protein Smc,Unmatched,0,0,0
OCDKLD_00220 Crp/Fnr family transcriptional regulator,Unmatched,0,0,0
OCDKLD_00225 transporter,Unmatched,0,0,0
OCDKLD_00230 DUF86 domain-containing protein,Unmatched,0,0,0
OCDKLD_00235 nucleotidyltransferase,Unmatched,0,0,0
OCDKLD_00240 ATPase,Unmatched,0,0,0
OCDKLD_00245 hypothetical protein,Unmatched,0,0,0
OCDKLD_00250 integron cassette protein,Unmatched,0,0,0
OCDKLD_00330 Phosphomannomutase,Unmatched,0,0,0
OCDKLD_00350 tRNA-Ala(tgc),Unmatched,0,0,0
OCDKLD_00365 hypothetical protein,Unmatched,0,0,0
OCDKLD_00370 hypothetical protein,Unmatched,0,0,0
OCDKLD_00375 XisI protein,Unmatched,0,0,0
OCDKLD_00380 XisH family protein,Unmatched,0,0,0
OCDKLD_00385 hypothetical protein,Unmatched,0,0,0
OCDKLD_00390 hypothetical protein,Unmatched,0,0,0
OCDKLD_00395 Serine/threonine protein kinase,Unmatched,0,0,0
OCDKLD_00400 Trypco1 domain-containing protein,Unmatched,0,0,0
OCDKLD_00405 hypothetical protein,Unmatched,0,0,0
OCDKLD_00410 molybdopterin-synthase adenylyltransferase MoeB,Unmatched,0,0,0
OCDKLD_00415 glycine cleavage system protein GcvH,Unmatched,0,0,0
OCDKLD_00420 acetyl CoA synthetase subunit alpha,Unmatched,0,0,0
OCDKLD_00425 UDP-glucose 4-epimerase,Unmatched,0,0,0
OCDKLD_00430 dTDP-Rha--alpha-D-GlcNAc-pyrophosphate polyprenol alpha-3-L-rhamnosyltransferase,Unmatched,0,0,0
OCDKLD_00435 SAM-dependent methyltransferase,Unmatched,0,0,0
OCDKLD_00440 glycosyl transferase,Unmatched,0,0,0
OCDKLD_00445 glycosyltransferase,Unmatched,0,0,0
OCDKLD_00450 class I SAM-dependent methyltransferase,Unmatched,0,0,0
OCDKLD_00455 Putative restriction endonuclease,Unmatched,0,0,0
OCDKLD_00460 hypothetical protein,Unmatched,0,0,0
OCDKLD_00465 FkbM family methyltransferase,Unmatched,0,0,0
OCDKLD_00470 IS5 family transposase,Unmatched,0,0,0
OCDKLD_00475 hypothetical protein,Unmatched,0,0,0
OCDKLD_00480 DNA repair protein RecN,Unmatched,0,0,0
OCDKLD_00485 DNA-binding response regulator,Unmatched,0,0,0
OCDKLD_00490 DUF2157 domain-containing protein,Unmatched,0,0,0
OCDKLD_00495 DUF29 domain-containing protein,Unmatched,0,0,0
OCDKLD_00500 NAD(P)H-quinone oxidoreductase subunit 5,Unmatched,0,0,0
OCDKLD_00505 hypothetical protein,Unmatched,0,0,0
OCDKLD_00510 FlgD-ig domain-containing protein,Unmatched,0,0,0
OCDKLD_00515 TPR repeat-containing protein YrrB,Unmatched,0,0,0
OCDKLD_00520 hypothetical protein,Unmatched,0,0,0
OCDKLD_00525 HNH endonuclease,Unmatched,0,0,0
OCDKLD_00530 hypothetical protein,Unmatched,0,0,0
OCDKLD_00535 hydrogenase formation protein HypD,Unmatched,0,0,0
OCDKLD_00540 HypC/HybG/HupF family hydrogenase formation chaperone,Unmatched,0,0,0
OCDKLD_00545 transketolase,Unmatched,0,0,0
OCDKLD_00550 ATP-dependent chaperone ClpB,Unmatched,0,0,0
OCDKLD_00555 DUF29 domain-containing protein,Unmatched,0,0,0
OCDKLD_00560 DUF29 domain-containing protein,Unmatched,0,0,0
OCDKLD_00565 DUF29 domain-containing protein,Unmatched,0,0,0
OCDKLD_00570 hypothetical protein,Unmatched,0,0,0
OCDKLD_00575 homoserine kinase,Unmatched,0,0,0
OCDKLD_00580 hypothetical protein,Unmatched,0,0,0
OCDKLD_00585 AAA family ATPase,Unmatched,0,0,0
OCDKLD_00590 cobaltochelatase subunit CobN,Unmatched,0,0,0
OCDKLD_00595 hybrid sensor histidine kinase/response regulator,Unmatched,0,0,0
OCDKLD_00600 photosystem I reaction center subunit VIII,Unmatched,0,0,0
OCDKLD_00605 photosystem I reaction center protein subunit XI,Unmatched,0,0,0
OCDKLD_00610 universal stress protein,Unmatched,0,0,0
OCDKLD_00615 Phosphoglycerate kinase,Unmatched,0,0,0
OCDKLD_00620 Putative restriction endonuclease,Unmatched,0,0,0
OCDKLD_00625 glucose-6-phosphate dehydrogenase assembly protein OpcA,Unmatched,0,0,0
OCDKLD_00630 glucose-6-phosphate dehydrogenase,Unmatched,0,0,0
OCDKLD_00635 S-layer protein,Unmatched,0,0,0
"OCDKLD_00640 TamB, inner membrane protein subunit of TAM complex",Unmatched,0,0,0
OCDKLD_00645 N-acetyltransferase,Unmatched,0,0,0
OCDKLD_00650 hypothetical protein,Unmatched,0,0,0
OCDKLD_00655 Similar to tr|P73635|P73635,Unmatched,0,0,0
OCDKLD_00660 mechanosensitive ion channel protein,Unmatched,0,0,0
OCDKLD_00665 saccharopine dehydrogenase,Unmatched,0,0,0
OCDKLD_00670 sensor histidine kinase,Unmatched,0,0,0
OCDKLD_00675 ATP-dependent helicase,Unmatched,0,0,0
OCDKLD_00680 SWIM-type domain-containing protein,Unmatched,0,0,0
OCDKLD_00685 potassium transporter TrkA,Unmatched,0,0,0
OCDKLD_00690 chromosome segregation protein SMC,Unmatched,0,0,0
OCDKLD_00695 chaperonin GroEL,Unmatched,0,0,0
OCDKLD_00700 ABC-F type ribosomal protection protein,Unmatched,0,0,0
OCDKLD_00705 hypothetical protein,Unmatched,0,0,0
OCDKLD_00710 sulfite oxidase-like oxidoreductase,Unmatched,0,0,0
OCDKLD_00715 50S ribosomal protein L32,Unmatched,0,0,0
OCDKLD_00720 magnesium-protoporphyrin IX monomethyl ester (oxidative) cyclase,Unmatched,0,0,0
OCDKLD_00725 metalloprotease,Unmatched,0,0,0
OCDKLD_00730 Chlorophyll A-B binding protein,Unmatched,0,0,0
OCDKLD_00735 Inhibitor of apoptosis-promoting Bax1,Unmatched,0,0,0
OCDKLD_00740 DUF4351 domain-containing protein,Unmatched,0,0,0
OCDKLD_00745 tRNA-Leu(gag),Unmatched,0,0,0
OCDKLD_00750 PNP-UDP-1 domain-containing protein,Unmatched,0,0,0
OCDKLD_00755 ABC transporter ATP-binding protein,Unmatched,0,0,0
OCDKLD_00760 30S ribosomal protein S6--L-glutamate ligase,Unmatched,0,0,0
OCDKLD_00765 23S rRNA (adenine(2503)-C(2))-methyltransferase RlmN,Unmatched,0,0,0
OCDKLD_00770 photosystem I reaction center subunit XII,Unmatched,0,0,0
OCDKLD_00775 ferredoxin-NADP reductase,Unmatched,0,0,0
OCDKLD_00780 Cofac-haem-bdg domain-containing protein,Unmatched,0,0,0
OCDKLD_00790 transposase family protein,Unmatched,0,0,0
OCDKLD_00795 hypothetical protein,Unmatched,0,0,0
OCDKLD_00800 amidase family protein,Unmatched,0,0,0
OCDKLD_00805 hypothetical protein,Unmatched,0,0,0
OCDKLD_00810 hypothetical protein,Unmatched,0,0,0
OCDKLD_00815 Amidase domain-containing protein,Unmatched,0,0,0
OCDKLD_00820 tRNA-Asp(gtc),Unmatched,0,0,0
OCDKLD_00825 glycogen phosphorylase,Unmatched,0,0,0
OCDKLD_00830 fluoride efflux transporter CrcB,Unmatched,0,0,0
OCDKLD_00835 fluoride efflux transporter CrcB,Unmatched,0,0,0
OCDKLD_00840 16S rRNA (adenine(1518)-N(6)/adenine(1519)-N(6))-dimethyltransferase RsmA,Unmatched,0,0,0
OCDKLD_00845 4-(cytidine 5'-diphospho)-2-C-methyl-D-erythritol kinase,Unmatched,0,0,0
OCDKLD_00850 Urease accessory protein UreD,Unmatched,0,0,0
OCDKLD_00855 hypothetical protein,Unmatched,0,0,0
OCDKLD_00860 30S ribosomal protein S15,Unmatched,0,0,0
OCDKLD_00865 DUF3464 domain-containing protein,Unmatched,0,0,0
OCDKLD_00870 bifunctional 3-deoxy-7-phosphoheptulonate synthase/chorismate mutase,Unmatched,0,0,0
OCDKLD_00875 Uma2 family endonuclease,Unmatched,0,0,0
"OCDKLD_00880 Endonuclease, Uma2 family (restriction endonuclease fold)",Unmatched,0,0,0
OCDKLD_00885 Serine/threonine-protein kinase pkn1,Unmatched,0,0,0
OCDKLD_00890 aspartate--tRNA ligase,Unmatched,0,0,0
OCDKLD_00895 citrate lyase beta subunit,Unmatched,0,0,0
OCDKLD_00900 Putative restriction endonuclease,Unmatched,0,0,0
OCDKLD_00905 DUF3598 domain-containing protein,Unmatched,0,0,0
OCDKLD_00910 aspartate 1-decarboxylase,Unmatched,0,0,0
OCDKLD_00915 arsenic-transporting ATPase,Unmatched,0,0,0
OCDKLD_00920 cobalt-precorrin-6A reductase,Unmatched,0,0,0
OCDKLD_00925 UDP-glucose 4-epimerase,Unmatched,0,0,0
OCDKLD_00930 DUF4277 domain-containing protein,Unmatched,0,0,0
OCDKLD_00935 photosystem II chlorophyll-binding protein CP47,Unmatched,0,0,0
OCDKLD_00940 Hydroxyacylglutathione hydrolase,Unmatched,0,0,0
OCDKLD_00945 phycocyanin subunit beta,Unmatched,0,0,0
OCDKLD_00950 phycocyanin subunit alpha,Unmatched,0,0,0
OCDKLD_00955 photosystem I reaction center subunit XII,Unmatched,0,0,0
"OCDKLD_00960 bifunctional 3,4-dihydroxy-2-butanone-4-phosphate synthase/GTP cyclohydrolase II",Unmatched,0,0,0
OCDKLD_00965 Uma2 domain-containing protein,Unmatched,0,0,0
OCDKLD_00970 D-alanine--D-alanine ligase,Unmatched,0,0,0
OCDKLD_00975 hypothetical protein,Unmatched,0,0,0
OCDKLD_00980 molecular chaperone DnaJ,Unmatched,0,0,0
OCDKLD_00985 methionine synthase,Unmatched,0,0,0
OCDKLD_00990 rubrerythrin family protein,Unmatched,0,0,0
OCDKLD_00995 GNAT family N-acetyltransferase,Unmatched,0,0,0
OCDKLD_01000 riboflavin deaminase,Unmatched,0,0,0
OCDKLD_01005 two-component sensor histidine kinase,Unmatched,0,0,0
OCDKLD_01010 prephenate dehydratase,Unmatched,0,0,0
OCDKLD_01015 3'-5' exonuclease,Unmatched,0,0,0
OCDKLD_01020 universal stress protein,Unmatched,0,0,0
OCDKLD_01025 signal peptidase I,Unmatched,0,0,0
OCDKLD_01030 nucleoside triphosphate pyrophosphohydrolase,Unmatched,0,0,0
OCDKLD_01035 hypothetical protein,Unmatched,0,0,0
OCDKLD_01040 hypothetical protein,Unmatched,0,0,0
OCDKLD_01045 mannose-6-phosphate isomerase,Unmatched,0,0,0
OCDKLD_01050 Asp-tRNA(Asn)/Glu-tRNA(Gln) amidotransferase subunit GatC,Unmatched,0,0,0
OCDKLD_01055 photosystem I assembly protein Ycf3,Unmatched,0,0,0
OCDKLD_01060 discoidin domain-containing protein,Unmatched,0,0,0
OCDKLD_01065 hypothetical protein,Unmatched,0,0,0
OCDKLD_01070 family 2 glycosyl transferase,Unmatched,0,0,0
OCDKLD_01075 phosphoglucosamine mutase,Unmatched,0,0,0
OCDKLD_01080 hormogonium polysaccharide biosynthesis protein HpsL,Unmatched,0,0,0
OCDKLD_01085 hormogonium polysaccharide biosynthesis glycosyltransferase HpsN,Unmatched,0,0,0
OCDKLD_01090 hormogonium polysaccharide biosynthesis glycosyltransferase HpsO,Unmatched,0,0,0
OCDKLD_01095 RNA polymerase subunit sigma,Unmatched,0,0,0
OCDKLD_01100 hypothetical protein,Unmatched,0,0,0
OCDKLD_01105 LTXXQ motif family protein,Unmatched,0,0,0
OCDKLD_01110 NAD-dependent dehydratase,Unmatched,0,0,0
OCDKLD_01115 polysaccharide deacetylase,Unmatched,0,0,0
OCDKLD_01120 hydroxyacylglutathione hydrolase,Unmatched,0,0,0
OCDKLD_01125 bifunctional acetaldehyde-CoA/alcohol dehydrogenase,Unmatched,0,0,0
OCDKLD_01130 hypothetical protein,Unmatched,0,0,0
OCDKLD_01135 hypothetical protein,Unmatched,0,0,0
OCDKLD_01140 hypothetical protein,Unmatched,0,0,0
OCDKLD_01145 sodium-independent anion transporter,Unmatched,0,0,0
OCDKLD_01150 nitrogenase,Unmatched,0,0,0
OCDKLD_01155 UDP-glucose 6-dehydrogenase,Unmatched,0,0,0
OCDKLD_01160 NAD-dependent dehydratase,Unmatched,0,0,0
OCDKLD_01165 nucleic acid-binding protein,Unmatched,0,0,0
OCDKLD_01170 hypothetical protein,Unmatched,0,0,0
OCDKLD_01175 DNA polymerase I,Unmatched,0,0,0
OCDKLD_01180 hypothetical protein,Unmatched,0,0,0
OCDKLD_01185 heavy metal transporter,Unmatched,0,0,0
OCDKLD_01190 nucleotidyltransferase,Unmatched,0,0,0
OCDKLD_01195 hypothetical protein,Unmatched,0,0,0
OCDKLD_01200 N-6 DNA methylase,Unmatched,0,0,0
OCDKLD_01205 Cytochrome b6-f complex iron-sulfur subunit,Unmatched,0,0,0
OCDKLD_01210 apocytochrome f,Unmatched,0,0,0
OCDKLD_01215 mannose-1-phosphate guanylyltransferase,Unmatched,0,0,0
OCDKLD_01220 ABC transporter,Unmatched,0,0,0
OCDKLD_01225 hypothetical protein,Unmatched,0,0,0
OCDKLD_01230 bifunctional ornithine acetyltransferase/N-acetylglutamate synthase,Unmatched,0,0,0
OCDKLD_01235 hypothetical protein,Unmatched,0,0,0
OCDKLD_01240 ABC transporter permease,Unmatched,0,0,0
OCDKLD_01245 pseudouridine synthase,Unmatched,0,0,0
OCDKLD_01250 hypothetical protein,Unmatched,0,0,0
OCDKLD_01255 hypothetical protein,Unmatched,0,0,0
OCDKLD_01260 magnesium chelatase,Unmatched,0,0,0
OCDKLD_01265 histidine triad nucleotide-binding protein,Unmatched,0,0,0
OCDKLD_01270 aspartyl protease,Unmatched,0,0,0
OCDKLD_01275 4-hydroxyphenylpyruvate dioxygenase,Unmatched,0,0,0
OCDKLD_01280 oxidoreductase,Unmatched,0,0,0
OCDKLD_01285 Sulfate adenylyltransferase,Unmatched,0,0,0
OCDKLD_01290 peptidase C14,Unmatched,0,0,0
OCDKLD_01295 hypothetical protein,Unmatched,0,0,0
OCDKLD_01300 peptide-methionine (S)-S-oxide reductase,Unmatched,0,0,0
OCDKLD_01305 maltooligosyl trehalose synthase,Unmatched,0,0,0
"OCDKLD_01310 sulfite reductase, ferredoxin dependent",Unmatched,0,0,0
OCDKLD_01315 TPR-MalT domain-containing protein,Unmatched,0,0,0
OCDKLD_01320 AAA+ family ATPase,Unmatched,0,0,0
OCDKLD_01325 NAD(P)H-dependent glycerol-3-phosphate dehydrogenase,Unmatched,0,0,0
OCDKLD_01330 NUDIX hydrolase,Unmatched,0,0,0
OCDKLD_01335 ABC transporter permease,Unmatched,0,0,0
OCDKLD_01340 efflux transporter periplasmic adaptor subunit,Unmatched,0,0,0
OCDKLD_01345 cytochrome c biogenesis factor,Unmatched,0,0,0
OCDKLD_01350 hypothetical protein,Unmatched,0,0,0
OCDKLD_01355 hypothetical protein,Unmatched,0,0,0
OCDKLD_01360 Uncharacterized protein family UPF0150,Unmatched,0,0,0
OCDKLD_01365 AbrB/MazE/SpoVT family DNA-binding domain-containing protein,Unmatched,0,0,0
OCDKLD_01370 VapC toxin family PIN domain ribonuclease,Unmatched,0,0,0
OCDKLD_01375 hypothetical protein,Unmatched,0,0,0
OCDKLD_01380 CHAT domain-containing protein,Unmatched,0,0,0
OCDKLD_01385 glycosyl transferase family 2,Unmatched,0,0,0
OCDKLD_01390 NAD(P)/FAD-dependent oxidoreductase,Unmatched,0,0,0
OCDKLD_01395 Similar to Q3M894_ANAVT S-layer region-like,Unmatched,0,0,0
OCDKLD_01400 cadmium-translocating P-type ATPase,Unmatched,0,0,0
OCDKLD_01405 uroporphyrinogen decarboxylase,Unmatched,0,0,0
OCDKLD_01410 epimerase,Unmatched,0,0,0
OCDKLD_01415 LuxR family transcriptional regulator,Unmatched,0,0,0
OCDKLD_01420 Adenylyl-sulfate kinase,Unmatched,0,0,0
OCDKLD_01425 tail length tape measure protein,Unmatched,0,0,0
OCDKLD_01430 energy-coupling factor transporter transmembrane protein EcfT,Unmatched,0,0,0
OCDKLD_01435 dephospho-CoA kinase,Unmatched,0,0,0
OCDKLD_01440 phosphoribosylaminoimidazolesuccinocarboxamide synthase,Unmatched,0,0,0
OCDKLD_01445 Isopropylmalate/homocitrate/citramalate synthase,Unmatched,0,0,0
OCDKLD_01450 threonine--tRNA ligase,Unmatched,0,0,0
OCDKLD_01455 metal ABC transporter substrate-binding protein,Unmatched,0,0,0
OCDKLD_01460 cobalamin biosynthesis protein CobW,Unmatched,0,0,0
OCDKLD_01465 DUF4079 domain-containing protein,Unmatched,0,0,0
OCDKLD_01470 aminopeptidase,Unmatched,0,0,0
OCDKLD_01475 hypothetical protein,Unmatched,0,0,0
OCDKLD_01480 hypothetical protein,Unmatched,0,0,0
OCDKLD_01485 Domain of unknown function DUF29,Unmatched,0,0,0
OCDKLD_01490 ATPase,Unmatched,0,0,0
"OCDKLD_01495 putative toxin-antitoxin system toxin component, PIN family",Unmatched,0,0,0
OCDKLD_01500 hypothetical protein,Unmatched,0,0,0
OCDKLD_01505 Putative restriction endonuclease,Unmatched,0,0,0
OCDKLD_01510 photosystem II q(b) protein,Unmatched,0,0,0
OCDKLD_01515 S-adenosyl-L-methionine-dependent methyltransferase,Unmatched,0,0,0
OCDKLD_01520 alpha/beta hydrolase,Unmatched,0,0,0
OCDKLD_01525 superoxide dismutase [Fe],Unmatched,0,0,0
OCDKLD_01530 photosystem II reaction center protein PsbH,Unmatched,0,0,0
OCDKLD_01535 TatA/E family twin arginine-targeting protein translocase,Unmatched,0,0,0
"OCDKLD_01540 1,4-alpha-glucan branching enzyme",Unmatched,0,0,0
OCDKLD_01545 hypothetical protein,Unmatched,0,0,0
OCDKLD_01550 Uncharacterized protein sll1735,Unmatched,0,0,0
OCDKLD_01555 hypothetical protein,Unmatched,0,0,0
OCDKLD_01560 ribonuclease Z,Unmatched,0,0,0
OCDKLD_01565 Tubulin like,Unmatched,0,0,0
OCDKLD_01570 hydrolase,Unmatched,0,0,0
OCDKLD_01575 MEKHLA domain-containing protein,Unmatched,0,0,0
OCDKLD_01580 orotidine-5'-phosphate decarboxylase,Unmatched,0,0,0
OCDKLD_01585 hypothetical protein,Unmatched,0,0,0
OCDKLD_01590 peptide chain release factor N(5)-glutamine methyltransferase,Unmatched,0,0,0
OCDKLD_01595 Tic22-like family,Unmatched,0,0,0
OCDKLD_01600 hypothetical protein,Unmatched,0,0,0
OCDKLD_01605 tRNA-His(gtg),Unmatched,0,0,0
OCDKLD_01610 DUF4359 domain-containing protein,Unmatched,0,0,0
OCDKLD_01615 DUF3122 domain-containing protein,Unmatched,0,0,0
OCDKLD_01620 chloride channel protein,Unmatched,0,0,0
OCDKLD_01625 DUF1830 domain-containing protein,Unmatched,0,0,0
OCDKLD_01630 hypothetical protein,Unmatched,0,0,0
OCDKLD_01635 aspartate carbamoyltransferase catalytic subunit,Unmatched,0,0,0
OCDKLD_01640 GUN4 domain-containing protein,Unmatched,0,0,0
OCDKLD_01645 efflux RND transporter periplasmic adaptor subunit,Unmatched,0,0,0
OCDKLD_01650 ureidoglycolate lyase,Unmatched,0,0,0
OCDKLD_01655 sulfatase-modifying factor 1,Unmatched,0,0,0
OCDKLD_01660 AAA family ATPase,Unmatched,0,0,0
OCDKLD_01665 VMAP-M9 domain-containing protein,Unmatched,0,0,0
OCDKLD_01670 hypothetical protein,Unmatched,0,0,0
OCDKLD_01675 transporter,Unmatched,0,0,0
OCDKLD_01680 hypothetical protein,Unmatched,0,0,0
OCDKLD_01685 DUF2862 domain-containing protein,Unmatched,0,0,0
OCDKLD_01690 arsenic-transporting ATPase,Unmatched,0,0,0
OCDKLD_01695 chlorophyll synthase ChlG,Unmatched,0,0,0
OCDKLD_01700 modification methylase,Unmatched,0,0,0
OCDKLD_01705 Putative restriction endonuclease,Unmatched,0,0,0
OCDKLD_01710 GUN4 domain-containing protein,Unmatched,0,0,0
OCDKLD_01715 toxin-antitoxin system HicB family antitoxin,Unmatched,0,0,0
OCDKLD_01720 penicillin-binding protein,Unmatched,0,0,0
OCDKLD_01725 pentapeptide repeat-containing protein,Unmatched,0,0,0
OCDKLD_01730 YebC/PmpR family DNA-binding transcriptional regulator,Unmatched,0,0,0
OCDKLD_01735 hypothetical protein,Unmatched,0,0,0
OCDKLD_01740 Anaerobic ribonucleoside-triphosphate reductase-activating protein,Unmatched,0,0,0
OCDKLD_01745 RNA-splicing ligase RtcB,Unmatched,0,0,0
OCDKLD_01750 molecular chaperone DnaK,Unmatched,0,0,0
OCDKLD_01755 ISAs1 family transposase,Unmatched,0,0,0
OCDKLD_01765 photosystem II cytochrome c-550,Unmatched,0,0,0
OCDKLD_01770 translation initiation factor IF-2,Unmatched,0,0,0
OCDKLD_01775 Putative regulatory protein MAE_11840,Unmatched,0,0,0
OCDKLD_01780 guanylate kinase,Unmatched,0,0,0
OCDKLD_01790 hypothetical protein,Unmatched,0,0,0
OCDKLD_01795 tRNA guanosine(34) transglycosylase Tgt,Unmatched,0,0,0
OCDKLD_01800 photosystem II reaction center protein K,Unmatched,0,0,0
OCDKLD_01805 Low-complexity protein,Unmatched,0,0,0
OCDKLD_01810 hypothetical protein,Unmatched,0,0,0
OCDKLD_01815 transcriptional regulator,Unmatched,0,0,0
OCDKLD_01820 Asp-tRNA(Asn)/Glu-tRNA(Gln) amidotransferase subunit GatA,Unmatched,0,0,0
OCDKLD_01825 hypothetical protein,Unmatched,0,0,0
OCDKLD_01830 small ribosomal subunit biogenesis GTPase RsgA,Unmatched,0,0,0
OCDKLD_01835 sulfurtransferase TusA family protein,Unmatched,0,0,0
OCDKLD_01840 molecular chaperone DnaJ,Unmatched,0,0,0
OCDKLD_01845 molecular chaperone DnaK,Unmatched,0,0,0
OCDKLD_01850 alcohol dehydrogenase,Unmatched,0,0,0
"OCDKLD_01855 Endonuclease, Uma2 family (restriction endonuclease fold)",Unmatched,0,0,0
OCDKLD_01860 hypothetical protein,Unmatched,0,0,0
OCDKLD_01865 hypothetical protein,Unmatched,0,0,0
OCDKLD_01870 septum site-determining protein MinC,Unmatched,0,0,0
OCDKLD_01875 septum site-determining protein MinD,Unmatched,0,0,0
OCDKLD_01880 cell division topological specificity factor MinE,Unmatched,0,0,0
OCDKLD_01885 hypothetical protein,Unmatched,0,0,0
OCDKLD_01890 phosphoenolpyruvate carboxylase,Unmatched,0,0,0
OCDKLD_01895 Serine hydroxymethyltransferase,Unmatched,0,0,0
OCDKLD_01900 undecaprenyl-phosphate alpha-N-acetylglucosaminyl 1-phosphate transferase,Unmatched,0,0,0
OCDKLD_01905 Phenazine biosynthesis protein PhzF,Unmatched,0,0,0
"OCDKLD_01910 beta-1,6-galactofuranosyltransferase",Unmatched,0,0,0
OCDKLD_01915 FkbM family methyltransferase,Unmatched,0,0,0
OCDKLD_01920 class I SAM-dependent methyltransferase,Unmatched,0,0,0
OCDKLD_01925 FkbM family methyltransferase,Unmatched,0,0,0
OCDKLD_01930 class I SAM-dependent methyltransferase,Unmatched,0,0,0
OCDKLD_01935 Putative transposase DNA-binding domain protein,Unmatched,0,0,0
OCDKLD_01940 FkbM family methyltransferase,Unmatched,0,0,0
OCDKLD_01945 formylglycine-generating enzyme family protein,Unmatched,0,0,0
OCDKLD_01950 NTP-transf-2 domain-containing protein,Unmatched,0,0,0
OCDKLD_01955 transporter,Unmatched,0,0,0
OCDKLD_01960 hypothetical protein,Unmatched,0,0,0
OCDKLD_01965 hypothetical protein,Unmatched,0,0,0
"OCDKLD_01970 putative toxin-antitoxin system toxin component, PIN family",Unmatched,0,0,0
OCDKLD_01975 phosphatidylserine decarboxylase family protein,Unmatched,0,0,0
OCDKLD_01980 hypothetical protein,Unmatched,0,0,0
OCDKLD_01985 restriction endonuclease,Unmatched,0,0,0
OCDKLD_02000 hypothetical protein,Unmatched,0,0,0
OCDKLD_02015 diflavin flavoprotein A,Unmatched,0,0,0
OCDKLD_02020 tRNA (guanosine(37)-N1)-methyltransferase TrmD,Unmatched,0,0,0
OCDKLD_02025 cyanophycinase,Unmatched,0,0,0
OCDKLD_02030 cyanophycin synthetase,Unmatched,0,0,0
OCDKLD_02035 hypothetical protein,Unmatched,0,0,0
OCDKLD_02040 hypothetical protein,Unmatched,0,0,0
OCDKLD_02045 mannose-6-phosphate isomerase,Unmatched,0,0,0
OCDKLD_02050 flotillin family protein,Unmatched,0,0,0
OCDKLD_02055 SagB-type dehydrogenase domain-containing protein,Unmatched,0,0,0
OCDKLD_02060 DNA sulfur modification protein DndE,Unmatched,0,0,0
OCDKLD_02065 DNA sulfur modification protein DndD,Unmatched,0,0,0
OCDKLD_02070 tRNA (adenosine(37)-N6)-threonylcarbamoyltransferase complex ATPase subunit type 1 TsaE,Unmatched,0,0,0
OCDKLD_02075 IS630 family transposase,Unmatched,0,0,0
OCDKLD_02080 IS630 family transposase,Unmatched,0,0,0
OCDKLD_02085 potassium-transporting ATPase subunit KdpA,Unmatched,0,0,0
OCDKLD_02090 hypothetical protein,Unmatched,0,0,0
OCDKLD_02095 aminotransferase,Unmatched,0,0,0
OCDKLD_02100 RNA polymerase subunit sigma,Unmatched,0,0,0
OCDKLD_02105 Holliday junction branch migration DNA helicase RuvB,Unmatched,0,0,0
OCDKLD_02110 Imidazole glycerol phosphate synthase subunit HisF,Unmatched,0,0,0
OCDKLD_02115 hypothetical protein,Unmatched,0,0,0
OCDKLD_02120 tRNA-Ala(ggc),Unmatched,0,0,0
OCDKLD_02125 AI-2E family transporter,Unmatched,0,0,0
OCDKLD_02130 ribonuclease H,Unmatched,0,0,0
OCDKLD_02135 hypothetical protein,Unmatched,0,0,0
OCDKLD_02140 (Fe-S)-binding protein,Unmatched,0,0,0
OCDKLD_02145 formyltetrahydrofolate deformylase,Unmatched,0,0,0
OCDKLD_02150 DUF3782 domain-containing protein,Unmatched,0,0,0
OCDKLD_02155 hypothetical protein,Unmatched,0,0,0
OCDKLD_02160 hypothetical protein,Unmatched,0,0,0
OCDKLD_02165 Peptidase A2 domain-containing protein,Unmatched,0,0,0
OCDKLD_02170 hypothetical protein,Unmatched,0,0,0
OCDKLD_02175 L-lactate dehydrogenase,Unmatched,0,0,0
OCDKLD_02180 DUF952 domain-containing protein,Unmatched,0,0,0
OCDKLD_02185 cytosine deaminase,Unmatched,0,0,0
"OCDKLD_02190 7,8-didemethyl-8-hydroxy-5-deazariboflavin synthase subunit CofG",Unmatched,0,0,0
OCDKLD_02195 transglutaminase,Unmatched,0,0,0
OCDKLD_02200 hypothetical protein,Unmatched,0,0,0
OCDKLD_02205 hypothetical protein,Unmatched,0,0,0
OCDKLD_02210 hypothetical protein,Unmatched,0,0,0
OCDKLD_02215 sirohydrochlorin chelatase,Unmatched,0,0,0
OCDKLD_02220 2-amino-4-hydroxy-6-hydroxymethyldihydropteridine diphosphokinase,Unmatched,0,0,0
OCDKLD_02225 GTPase,Unmatched,0,0,0
OCDKLD_02230 hypothetical protein,Unmatched,0,0,0
OCDKLD_02235 cell division protein FtsI,Unmatched,0,0,0
OCDKLD_02240 PEP-CTERM sorting domain-containing protein,Unmatched,0,0,0
OCDKLD_02245 Uncharacterized protein slr1608,Unmatched,0,0,0
OCDKLD_02250 amino acid ABC transporter substrate-binding protein,Unmatched,0,0,0
OCDKLD_02255 rSAM-associated Gly-rich repeat protein,Unmatched,0,0,0
OCDKLD_02260 Recombination-promoting DNA endonuclease RpnC/YadD,Unmatched,0,0,0
OCDKLD_02265 hypothetical protein,Unmatched,0,0,0
OCDKLD_02270 GTPase HflX,Unmatched,0,0,0
OCDKLD_02275 ketose-bisphosphate aldolase,Unmatched,0,0,0
OCDKLD_02280 RdgB/HAM1 family non-canonical purine NTP pyrophosphatase,Unmatched,0,0,0
OCDKLD_02285 lipoyl synthase,Unmatched,0,0,0
OCDKLD_02290 tRNA-Pro(cgg),Unmatched,0,0,0
OCDKLD_02295 Cys/Met metabolism pyridoxal-phosphate-dependent enzyme,Unmatched,0,0,0
OCDKLD_02300 iron export ABC transporter permease subunit FetB,Unmatched,0,0,0
OCDKLD_02305 type I glyceraldehyde-3-phosphate dehydrogenase,Unmatched,0,0,0
OCDKLD_02310 DUF3155 domain-containing protein,Unmatched,0,0,0
OCDKLD_02315 histidine kinase,Unmatched,0,0,0
OCDKLD_02370 hypothetical protein,Unmatched,0,0,0
OCDKLD_02375 Cyano-1 RNA,Unmatched,0,0,0
OCDKLD_02380 1-acyl-sn-glycerol-3-phosphate acyltransferase,Unmatched,0,0,0
OCDKLD_02385 hypothetical protein,Unmatched,0,0,0
OCDKLD_02390 adenosylcobinamide-phosphate synthase CbiB,Unmatched,0,0,0
OCDKLD_02395 GFA family protein,Unmatched,0,0,0
OCDKLD_02400 transcriptional regulator,Unmatched,0,0,0
OCDKLD_02405 AbrB family transcriptional regulator,Unmatched,0,0,0
OCDKLD_02410 SIMPL domain-containing protein,Unmatched,0,0,0
OCDKLD_02415 phosphopyruvate hydratase,Unmatched,0,0,0
OCDKLD_02420 DUF3887 domain-containing protein,Unmatched,0,0,0
OCDKLD_02425 glycogen debranching protein GlgX,Unmatched,0,0,0
OCDKLD_02430 DUF4351 domain-containing protein,Unmatched,0,0,0
OCDKLD_02450 glucokinase,Unmatched,0,0,0
OCDKLD_02455 Carboxysome shell protein CcmP,Unmatched,0,0,0
OCDKLD_02460 hypothetical protein,Unmatched,0,0,0
OCDKLD_02465 FAD-dependent oxidoreductase,Unmatched,0,0,0
OCDKLD_02470 6S / SsrS RNA,Unmatched,0,0,0
OCDKLD_02475 peptidase M16,Unmatched,0,0,0
OCDKLD_02480 Fructosamine kinase,Unmatched,0,0,0
OCDKLD_02485 Uma2 family endonuclease,Unmatched,0,0,0
OCDKLD_02490 undecaprenyldiphospho-muramoylpentapeptide beta-N-acetylglucosaminyltransferase,Unmatched,0,0,0
OCDKLD_02495 hypothetical protein,Unmatched,0,0,0
OCDKLD_02500 Pentapeptide repeat-containing protein,Unmatched,0,0,0
OCDKLD_02510 rubredoxin,Unmatched,0,0,0
OCDKLD_02515 photosynthesis system II assembly factor Ycf48,Unmatched,0,0,0
OCDKLD_02520 cytochrome b559 subunit alpha,Unmatched,0,0,0
OCDKLD_02525 cytochrome b559 subunit beta,Unmatched,0,0,0
OCDKLD_02530 photosystem II reaction center protein L,Unmatched,0,0,0
OCDKLD_02535 photosystem II reaction center protein J,Unmatched,0,0,0
OCDKLD_02540 Phosphopyruvate hydratase,Unmatched,0,0,0
OCDKLD_02545 peptidase,Unmatched,0,0,0
OCDKLD_02550 homoserine dehydrogenase,Unmatched,0,0,0
OCDKLD_02555 glycolate oxidase,Unmatched,0,0,0
OCDKLD_02560 FAD-binding oxidoreductase,Unmatched,0,0,0
OCDKLD_02565 biopolymer transporter,Unmatched,0,0,0
OCDKLD_02570 helix-turn-helix transcriptional regulator,Unmatched,0,0,0
OCDKLD_02575 1-(5-phosphoribosyl)-5-[(5-phosphoribosylamino)methylideneamino]imidazole-4-carboxamide isomerase,Unmatched,0,0,0
OCDKLD_02580 hemolysin secretion protein D,Unmatched,0,0,0
OCDKLD_02585 type I secretion system permease/ATPase,Unmatched,0,0,0
OCDKLD_02590 peptidylprolyl isomerase,Unmatched,0,0,0
OCDKLD_02595 tRNA-Ser(tga),Unmatched,0,0,0
OCDKLD_02600 GNAT family N-acetyltransferase,Unmatched,0,0,0
OCDKLD_02605 tRNA-Pro(tgg),Unmatched,0,0,0
OCDKLD_02610 DNA-directed RNA polymerase subunit beta',Unmatched,0,0,0
OCDKLD_02615 hypothetical protein,Unmatched,0,0,0
OCDKLD_02620 DNA-directed RNA polymerase subunit beta,Unmatched,0,0,0
OCDKLD_02625 deoxyribonuclease,Unmatched,0,0,0
OCDKLD_02630 30S ribosomal protein S20,Unmatched,0,0,0
OCDKLD_02635 ABC transporter permease,Unmatched,0,0,0
OCDKLD_02640 DUF3368 domain-containing protein,Unmatched,0,0,0
OCDKLD_02645 Uncharacterised protein family (UPF0175),Unmatched,0,0,0
OCDKLD_02650 DUF4351 domain-containing protein,Unmatched,0,0,0
OCDKLD_02655 flagellar assembly protein H,Unmatched,0,0,0
OCDKLD_02660 hypothetical protein,Unmatched,0,0,0
OCDKLD_02665 DUF2949 domain-containing protein,Unmatched,0,0,0
OCDKLD_02670 DUF192 domain-containing protein,Unmatched,0,0,0
OCDKLD_02675 cytochrome B6,Unmatched,0,0,0
OCDKLD_02680 photosystem II reaction center protein Psb28,Unmatched,0,0,0
OCDKLD_02685 epimerase,Unmatched,0,0,0
OCDKLD_02690 GUN4 domain-containing protein,Unmatched,0,0,0
"OCDKLD_02695 Endonuclease, Uma2 family (restriction endonuclease fold)",Unmatched,0,0,0
OCDKLD_02700 hypothetical protein,Unmatched,0,0,0
OCDKLD_02705 hypothetical protein,Unmatched,0,0,0
OCDKLD_02710 uracil phosphoribosyltransferase,Unmatched,0,0,0
"OCDKLD_02715 2,5-didehydrogluconate reductase",Unmatched,0,0,0
OCDKLD_02720 recombinase RecA,Unmatched,0,0,0
OCDKLD_02725 hypothetical protein,Unmatched,0,0,0
OCDKLD_02730 hypothetical protein,Unmatched,0,0,0
OCDKLD_02735 tryptophan synthase subunit alpha,Unmatched,0,0,0
OCDKLD_02740 glycosyltransferase,Unmatched,0,0,0
OCDKLD_02745 phospholipid-binding protein,Unmatched,0,0,0
OCDKLD_02750 heterodisulfide reductase,Unmatched,0,0,0
OCDKLD_02755 anti-anti-sigma factor,Unmatched,0,0,0
OCDKLD_02760 Acetylglutamate kinase,Unmatched,0,0,0
OCDKLD_02765 hypothetical protein,Unmatched,0,0,0
OCDKLD_02770 DUF790 domain-containing protein,Unmatched,0,0,0
OCDKLD_02775 molecular chaperone,Unmatched,0,0,0
OCDKLD_02780 hypothetical protein,Unmatched,0,0,0
OCDKLD_02785 glycerol acyltransferase,Unmatched,0,0,0
"OCDKLD_02790 Endonuclease, Uma2 family (restriction endonuclease fold)",Unmatched,0,0,0
OCDKLD_02795 Lysylphosphatidylglycerol synthase TM region,Unmatched,0,0,0
OCDKLD_02800 DUF29 domain-containing protein,Unmatched,0,0,0
OCDKLD_02805 DUF29 domain-containing protein,Unmatched,0,0,0
OCDKLD_02810 DUF29 domain-containing protein,Unmatched,0,0,0
OCDKLD_02815 DUF29 domain-containing protein,Unmatched,0,0,0
OCDKLD_02820 cytochrome b6-f complex subunit PetL,Unmatched,0,0,0
OCDKLD_02825 DNA repair protein RadA,Unmatched,0,0,0
OCDKLD_02830 DNA-binding response regulator,Unmatched,0,0,0
OCDKLD_02835 cofactor assembly of complex C subunit B,Unmatched,0,0,0
OCDKLD_02840 DUF4277 domain-containing protein,Unmatched,0,0,0
OCDKLD_02845 IS1634 family transposase,Unmatched,0,0,0
OCDKLD_02850 IS1634 family transposase,Unmatched,0,0,0
OCDKLD_02855 Phage tail sheath family protein,Unmatched,0,0,0
OCDKLD_02860 phage tail sheath family protein,Unmatched,0,0,0
OCDKLD_02865 phage tail protein,Unmatched,0,0,0
OCDKLD_02870 hypothetical protein,Unmatched,0,0,0
OCDKLD_02875 phage tail protein,Unmatched,0,0,0
OCDKLD_02880 hypothetical protein,Unmatched,0,0,0
OCDKLD_02885 hypothetical protein,Unmatched,0,0,0
OCDKLD_02890 DNA (cytosine-5-)-methyltransferase,Unmatched,0,0,0
OCDKLD_02895 Similarity,Unmatched,0,0,0
OCDKLD_02900 VKc domain-containing protein,Unmatched,0,0,0
OCDKLD_02905 phosphorybosylanthranilate isomerase,Unmatched,0,0,0
OCDKLD_02910 30S ribosomal protein S12 methylthiotransferase RimO,Unmatched,0,0,0
OCDKLD_02915 ATP-dependent RNA helicase,Unmatched,0,0,0
OCDKLD_02920 thioredoxin domain-containing protein,Unmatched,0,0,0
OCDKLD_02925 Chromophore lyase CpcT/CpeT 3,Unmatched,0,0,0
OCDKLD_02930 porphobilinogen synthase,Unmatched,0,0,0
OCDKLD_02935 GTP cyclohydrolase I FolE,Unmatched,0,0,0
OCDKLD_02940 peptide deformylase,Unmatched,0,0,0
OCDKLD_02945 chromosomal replication initiator protein DnaA,Unmatched,0,0,0
OCDKLD_02950 hypothetical protein,Unmatched,0,0,0
OCDKLD_02955 shikimate dehydrogenase,Unmatched,0,0,0
OCDKLD_02960 AI-2E family transporter,Unmatched,0,0,0
OCDKLD_02965 EamA family transporter,Unmatched,0,0,0
OCDKLD_02970 hypothetical protein,Unmatched,0,0,0
OCDKLD_02975 methyltransferase type 11,Unmatched,0,0,0
OCDKLD_02980 MBL fold metallo-hydrolase,Unmatched,0,0,0
"OCDKLD_02985 bifunctional demethylmenaquinone methyltransferase/2-methoxy-6-polyprenyl-1,4-benzoquinol methylase UbiE",Unmatched,0,0,0
OCDKLD_02990 UPF0754 membrane protein MAE_37850,Unmatched,0,0,0
OCDKLD_02995 DUF2993 domain-containing protein,Unmatched,0,0,0
OCDKLD_03000 methanol dehydrogenase,Unmatched,0,0,0
OCDKLD_03005 hypothetical protein,Unmatched,0,0,0
OCDKLD_03010 hypothetical protein,Unmatched,0,0,0
OCDKLD_03015 gas vesicle protein,Unmatched,0,0,0
OCDKLD_03020 Cyano-1 RNA,Unmatched,0,0,0
OCDKLD_03025 glutaminase A,Unmatched,0,0,0
OCDKLD_03030 carbonic anhydrase,Unmatched,0,0,0
OCDKLD_03035 photosystem II reaction center protein PsbN,Unmatched,0,0,0
OCDKLD_03040 alpha-mannosidase,Unmatched,0,0,0
OCDKLD_03045 tRNA-Thr(ggt),Unmatched,0,0,0
OCDKLD_03050 tRNA-Tyr(gta),Unmatched,0,0,0
OCDKLD_03055 ferredoxin,Unmatched,0,0,0
OCDKLD_03060 Soluble [2Fe-2S] ferredoxin,Unmatched,0,0,0
OCDKLD_03065 peroxiredoxin,Unmatched,0,0,0
OCDKLD_03070 photosystem II complex extrinsic protein PsbU,Unmatched,0,0,0
OCDKLD_03075 L-aspartate oxidase,Unmatched,0,0,0
OCDKLD_03080 HEAT repeat domain-containing protein,Unmatched,0,0,0
OCDKLD_03085 UDP-glucose--tetrahydrobiopterin glucosyltransferase,Unmatched,0,0,0
OCDKLD_03090 SAM-dependent methyltransferase,Unmatched,0,0,0
OCDKLD_03095 hypothetical protein,Unmatched,0,0,0
OCDKLD_03105 Transposase,Unmatched,0,0,0
OCDKLD_03110 Transposase,Unmatched,0,0,0
OCDKLD_03115 hypothetical protein,Unmatched,0,0,0
OCDKLD_03120 tRNA 2-thiouridine(34) synthase MnmA,Unmatched,0,0,0
OCDKLD_03125 phycobilisome rod-core linker polypeptide CpcG,Unmatched,0,0,0
OCDKLD_03130 phycobiliprotein lyase,Unmatched,0,0,0
OCDKLD_03135 restriction endonuclease,Unmatched,0,0,0
OCDKLD_03140 ATP-dependent zinc protease,Unmatched,0,0,0
OCDKLD_03145 DUF3007 domain-containing protein,Unmatched,0,0,0
OCDKLD_03150 NAD(P)H-quinone oxidoreductase subunit L,Unmatched,0,0,0
OCDKLD_03155 tRNA-Leu(taa),Unmatched,0,0,0
OCDKLD_03160 carotenoid oxygenase,Unmatched,0,0,0
OCDKLD_03165 tRNA epoxyqueuosine(34) reductase QueG,Unmatched,0,0,0
OCDKLD_03170 DUF3782 domain-containing protein,Unmatched,0,0,0
OCDKLD_03175 dihydrolipoyl dehydrogenase,Unmatched,0,0,0
OCDKLD_03180 twin-arginine translocase TatA/TatE family subunit,Unmatched,0,0,0
OCDKLD_03185 Metalloprotease slr0863,Unmatched,0,0,0
OCDKLD_03190 carbamoyl-phosphate synthase large subunit,Unmatched,0,0,0
OCDKLD_03195 ferredoxin--nitrite reductase,Unmatched,0,0,0
OCDKLD_03200 tyrosine--tRNA ligase,Unmatched,0,0,0
OCDKLD_03205 glycosyl transferase,Unmatched,0,0,0
OCDKLD_03210 ferredoxin,Unmatched,0,0,0
OCDKLD_03215 ABC transporter ATP-binding protein,Unmatched,0,0,0
OCDKLD_03220 alanine racemase,Unmatched,0,0,0
OCDKLD_03225 DUF1611 domain-containing protein,Unmatched,0,0,0
OCDKLD_03230 DUF3134 domain-containing protein,Unmatched,0,0,0
OCDKLD_03235 ssl1498 family light-harvesting-like protein,Unmatched,0,0,0
OCDKLD_03240 2-phospho-L-lactate transferase CofD,Unmatched,0,0,0
OCDKLD_03245 Chloroplast import apparatus Tic20-like,Unmatched,0,0,0
OCDKLD_03250 NADH-quinone oxidoreductase subunit NuoF,Unmatched,0,0,0
OCDKLD_03255 bidirectional hydrogenase complex protein HoxE,Unmatched,0,0,0
OCDKLD_03260 hypothetical protein,Unmatched,0,0,0
OCDKLD_03265 hypothetical protein,Unmatched,0,0,0
"OCDKLD_03270 beta-propeller domain-containing protein, methanol dehydrogenase",Unmatched,0,0,0
OCDKLD_03275 hybrid sensor histidine kinase/response regulator,Unmatched,0,0,0
OCDKLD_03280 hypothetical protein,Unmatched,0,0,0
OCDKLD_03285 LppP/LprE family lipoprotein,Unmatched,0,0,0
OCDKLD_03290 single-stranded-DNA-specific exonuclease RecJ,Unmatched,0,0,0
OCDKLD_03295 Glutamate 5-kinase,Unmatched,0,0,0
OCDKLD_03300 allophycocyanin subunit beta,Unmatched,0,0,0
OCDKLD_03305 hypothetical protein,Unmatched,0,0,0
OCDKLD_03310 Ribonuclease VapC,Unmatched,0,0,0
OCDKLD_03315 Holliday junction resolvase RuvX,Unmatched,0,0,0
OCDKLD_03320 GNAT family N-acetyltransferase,Unmatched,0,0,0
OCDKLD_03325 DNA recombination-mediator protein A,Unmatched,0,0,0
OCDKLD_03330 MAPEG family protein,Unmatched,0,0,0
OCDKLD_03335 adenosine deaminase,Unmatched,0,0,0
OCDKLD_03340 hypothetical protein,Unmatched,0,0,0
OCDKLD_03345 alpha/beta hydrolase,Unmatched,0,0,0
OCDKLD_03350 hypothetical protein,Unmatched,0,0,0
OCDKLD_03355 hypothetical protein,Unmatched,0,0,0
OCDKLD_03360 nuclease,Unmatched,0,0,0
OCDKLD_03365 DUF4347 domain-containing protein,Unmatched,0,0,0
OCDKLD_03370 M10 family metallopeptidase C-terminal domain-containing protein,Unmatched,0,0,0
OCDKLD_03375 hypothetical protein,Unmatched,0,0,0
OCDKLD_03380 hypothetical protein,Unmatched,0,0,0
OCDKLD_03385 DUF1349 domain-containing protein,Unmatched,0,0,0
OCDKLD_03390 FdxN element excision controlling factor protein,Unmatched,0,0,0
OCDKLD_03395 hypothetical protein,Unmatched,0,0,0
OCDKLD_03400 hypothetical protein,Unmatched,0,0,0
OCDKLD_03405 hypothetical protein,Unmatched,0,0,0
OCDKLD_03410 molecular chaperone DnaJ,Unmatched,0,0,0
OCDKLD_03415 serine/threonine protein kinase,Unmatched,0,0,0
OCDKLD_03420 TPR domain protein (Modular protein),Unmatched,0,0,0
OCDKLD_03425 ATP-binding protein,Unmatched,0,0,0
OCDKLD_03430 peroxiredoxin,Unmatched,0,0,0
OCDKLD_03435 meta domain protein,Unmatched,0,0,0
OCDKLD_03440 YbaB/EbfC family nucleoid-associated protein,Unmatched,0,0,0
OCDKLD_03445 pyridoxine 5'-phosphate synthase,Unmatched,0,0,0
OCDKLD_03450 DUF2488 domain-containing protein,Unmatched,0,0,0
OCDKLD_03455 competence protein ComE,Unmatched,0,0,0
OCDKLD_03460 dynamin family protein,Unmatched,0,0,0
OCDKLD_03465 aspartate aminotransferase,Unmatched,0,0,0
OCDKLD_03470 hypothetical protein,Unmatched,0,0,0
OCDKLD_03475 DUF3067 domain-containing protein,Unmatched,0,0,0
OCDKLD_03480 elongation factor P,Unmatched,0,0,0
OCDKLD_03485 Biotin carboxyl carrier protein of acetyl-CoA carboxylase,Unmatched,0,0,0
OCDKLD_03490 alcohol dehydrogenase,Unmatched,0,0,0
OCDKLD_03495 PEP-CTERM protein-sorting domain-containing protein,Unmatched,0,0,0
OCDKLD_03500 ATP-dependent Clp protease proteolytic subunit,Unmatched,0,0,0
OCDKLD_03505 ATP-dependent Clp protease proteolytic subunit,Unmatched,0,0,0
OCDKLD_03510 DUF1622 domain-containing protein,Unmatched,0,0,0
OCDKLD_03515 DNA-binding response regulator,Unmatched,0,0,0
OCDKLD_03520 ferredoxin,Unmatched,0,0,0
OCDKLD_03525 hypothetical protein,Unmatched,0,0,0
OCDKLD_03530 Similar to tr|Q8YUH0|Q8YUH0,Unmatched,0,0,0
OCDKLD_03535 cobyric acid synthase CobQ,Unmatched,0,0,0
OCDKLD_03540 (2Fe-2S)-binding protein,Unmatched,0,0,0
OCDKLD_03545 Methionine biosynthesis protein MetW,Unmatched,0,0,0
OCDKLD_03550 cytochrome B,Unmatched,0,0,0
OCDKLD_03555 TIGR00297 family protein,Unmatched,0,0,0
OCDKLD_03560 amino acid ABC transporter substrate-binding protein,Unmatched,0,0,0
OCDKLD_03565 lipid kinase,Unmatched,0,0,0
OCDKLD_03570 tRNA-Thr(tgt),Unmatched,0,0,0
OCDKLD_03575 NAD(P)H-quinone oxidoreductase subunit F,Unmatched,0,0,0
OCDKLD_03580 PHP domain-containing protein,Unmatched,0,0,0
OCDKLD_03585 6-carboxytetrahydropterin synthase QueD,Unmatched,0,0,0
OCDKLD_03590 DUF29 domain-containing protein,Unmatched,0,0,0
OCDKLD_03595 aminodeoxychorismate/anthranilate synthase component II,Unmatched,0,0,0
OCDKLD_03600 transposase,Unmatched,0,0,0
OCDKLD_03605 Zn-dependent hydrolase,Unmatched,0,0,0
OCDKLD_03610 iron ABC transporter permease,Unmatched,0,0,0
OCDKLD_03615 Photosystem I reaction center subunit II,Unmatched,0,0,0
OCDKLD_03620 anthranilate synthase component I,Unmatched,0,0,0
OCDKLD_03625 type II secretion system GspH family protein,Unmatched,0,0,0
OCDKLD_03630 IS1634 family transposase,Unmatched,0,0,0
OCDKLD_03635 glycosyltransferase,Unmatched,0,0,0
OCDKLD_03640 hypothetical protein,Unmatched,0,0,0
OCDKLD_03645 leucyl/phenylalanyl-tRNA--protein transferase,Unmatched,0,0,0
OCDKLD_03650 hybrid sensor histidine kinase/response regulator,Unmatched,0,0,0
OCDKLD_03655 ankyrin repeat domain-containing protein,Unmatched,0,0,0
OCDKLD_03660 Stp1/IreP family PP2C-type Ser/Thr phosphatase,Unmatched,0,0,0
"OCDKLD_03665 putative protein kinase regulating ubiquinone biosynthesis, AarF/ABC1/UbiB family",Unmatched,0,0,0
OCDKLD_03670 Thylakoid protein sll1769,Unmatched,0,0,0
OCDKLD_03675 branched-chain amino acid ABC transporter substrate-binding protein,Unmatched,0,0,0
OCDKLD_03680 Txe/YoeB family addiction module toxin,Unmatched,0,0,0
OCDKLD_03685 hypothetical protein,Unmatched,0,0,0
OCDKLD_03690 zinc ribbon domain-containing protein,Unmatched,0,0,0
OCDKLD_03695 hypothetical protein,Unmatched,0,0,0
OCDKLD_03700 magnesium-protoporphyrin IX monomethyl ester (oxidative) cyclase,Unmatched,0,0,0
OCDKLD_03705 hypothetical protein,Unmatched,0,0,0
OCDKLD_03710 nickel import ATP-binding protein NikD,Unmatched,0,0,0
OCDKLD_03715 hypothetical protein,Unmatched,0,0,0
OCDKLD_03720 hypothetical protein,Unmatched,0,0,0
OCDKLD_03725 glycosyl transferase,Unmatched,0,0,0
OCDKLD_03730 peptidase M48,Unmatched,0,0,0
OCDKLD_03735 DUF6761 domain-containing protein,Unmatched,0,0,0
OCDKLD_03740 D-alanyl-D-alanine carboxypeptidase/D-alanyl-D-alanine-endopeptidase,Unmatched,0,0,0
OCDKLD_03745 multidrug ABC transporter ATP-binding protein,Unmatched,0,0,0
OCDKLD_03750 Putative restriction endonuclease,Unmatched,0,0,0
OCDKLD_03755 DUF262 domain-containing protein,Unmatched,0,0,0
OCDKLD_03760 hypothetical protein,Unmatched,0,0,0
OCDKLD_03765 haloacid dehalogenase,Unmatched,0,0,0
OCDKLD_03770 DUF4065 domain-containing protein,Unmatched,0,0,0
OCDKLD_03775 hypothetical protein,Unmatched,0,0,0
OCDKLD_03780 thioredoxin-disulfide reductase,Unmatched,0,0,0
OCDKLD_03785 ABC 3 transport family,Unmatched,0,0,0
OCDKLD_03790 DUF3727 domain-containing protein,Unmatched,0,0,0
OCDKLD_03795 5'/3'-nucleotidase SurE,Unmatched,0,0,0
OCDKLD_03800 tRNA-Arg(ccg),Unmatched,0,0,0
OCDKLD_03805 NADP-dependent succinic semialdehyde dehydrogenase,Unmatched,0,0,0
OCDKLD_03810 NgoFVII family restriction endonuclease,Unmatched,0,0,0
OCDKLD_03815 Site-specific DNA-methyltransferase (adenine-specific),Unmatched,0,0,0
OCDKLD_03820 DUF2996 domain-containing protein,Unmatched,0,0,0
OCDKLD_03825 DUF3110 domain-containing protein,Unmatched,0,0,0
OCDKLD_03830 YraN family protein,Unmatched,0,0,0
OCDKLD_03835 hypothetical protein,Unmatched,0,0,0
OCDKLD_03840 cellulose synthase subunit BcsC,Unmatched,0,0,0
OCDKLD_03845 hypothetical protein,Unmatched,0,0,0
OCDKLD_03850 hypothetical protein,Unmatched,0,0,0
OCDKLD_03855 Lysylphosphatidylglycerol synthase TM region,Unmatched,0,0,0
OCDKLD_03860 hypothetical protein,Unmatched,0,0,0
OCDKLD_03865 hypothetical protein,Unmatched,0,0,0
OCDKLD_03870 AAA-like domain-containing protein,Unmatched,0,0,0
OCDKLD_03875 Ycf66 protein N-terminus,Unmatched,0,0,0
OCDKLD_03880 hypothetical protein,Unmatched,0,0,0
OCDKLD_03885 hypothetical protein,Unmatched,0,0,0
OCDKLD_03890 hypothetical protein,Unmatched,0,0,0
OCDKLD_03895 hydrolase,Unmatched,0,0,0
OCDKLD_03900 2-hydroxy-3-keto-5-methylthiopentenyl-1-phosphate phosphatase,Unmatched,0,0,0
OCDKLD_03905 hypothetical protein,Unmatched,0,0,0
OCDKLD_03910 PEP-CTERM domain-containing protein,Unmatched,0,0,0
OCDKLD_03915 hypothetical protein,Unmatched,0,0,0
OCDKLD_03920 hypothetical protein,Unmatched,0,0,0
OCDKLD_03925 high-affinity branched-chain amino acid ABC transporter ATP-binding protein LivG,Unmatched,0,0,0
OCDKLD_03930 4Fe-4S ferredoxin,Unmatched,0,0,0
OCDKLD_03935 single-stranded DNA-binding protein,Unmatched,0,0,0
OCDKLD_03940 Unsaturated chondroitin disaccharide hydrolase,Unmatched,0,0,0
OCDKLD_03945 Cof-type HAD-IIB family hydrolase,Unmatched,0,0,0
OCDKLD_03950 carboxymethylenebutenolidase,Unmatched,0,0,0
OCDKLD_03955 30S ribosomal protein S1,Unmatched,0,0,0
OCDKLD_03960 hypothetical protein,Unmatched,0,0,0
OCDKLD_03965 SAM-dependent methyltransferase,Unmatched,0,0,0
OCDKLD_03970 hydroxyacid dehydrogenase,Unmatched,0,0,0
OCDKLD_03975 DUF760 domain-containing protein,Unmatched,0,0,0
OCDKLD_03980 SMC-Scp complex subunit ScpB,Unmatched,0,0,0
OCDKLD_03985 inositol monophosphatase,Unmatched,0,0,0
OCDKLD_03990 ABC transporter,Unmatched,0,0,0
OCDKLD_03995 nitrate reductase catalytic subunit,Unmatched,0,0,0
OCDKLD_04000 DNA polymerase III subunit gamma/tau,Unmatched,0,0,0
OCDKLD_04005 Grx4 family monothiol glutaredoxin,Unmatched,0,0,0
OCDKLD_04010 mechanosensitive ion channel family protein,Unmatched,0,0,0
OCDKLD_04015 lipoyl synthase,Unmatched,0,0,0
OCDKLD_04020 class I SAM-dependent methyltransferase,Unmatched,0,0,0
OCDKLD_04025 ferredoxin:protochlorophyllide reductase (ATP-dependent) subunit B,Unmatched,0,0,0
OCDKLD_04030 chromosome partitioning protein ParA,Unmatched,0,0,0
OCDKLD_04035 4a-hydroxytetrahydrobiopterin dehydratase,Unmatched,0,0,0
OCDKLD_04040 prepilin-type cleavage/methylation domain-containing protein,Unmatched,0,0,0
OCDKLD_04045 tRNA (uridine(34)/cytosine(34)/5-carboxymethylaminomethyluridine(34)-2'-O)-methyltransferase TrmL,Unmatched,0,0,0
OCDKLD_04050 hypothetical protein,Unmatched,0,0,0
OCDKLD_04055 HpaII family restriction endonuclease,Unmatched,0,0,0
OCDKLD_04060 DNA (cytosine-5-)-methyltransferase,Unmatched,0,0,0
OCDKLD_04065 NAD(P)H-quinone oxidoreductase chain 4 2,Unmatched,0,0,0
OCDKLD_04070 ABC transporter ATP-binding protein,Unmatched,0,0,0
OCDKLD_04075 septal ring lytic transglycosylase RlpA family lipoprotein,Unmatched,0,0,0
OCDKLD_04080 hypothetical protein,Unmatched,0,0,0
OCDKLD_04085 IS200/IS605 family element transposase accessory protein TnpB,Unmatched,0,0,0
OCDKLD_04090 16S ribosomal RNA,Unmatched,0,0,0
OCDKLD_04095 tRNA-Ile(gat),Unmatched,0,0,0
OCDKLD_04100 23S ribosomal RNA,Unmatched,0,0,0
OCDKLD_04115 beta-ketoacyl synthase,Unmatched,0,0,0
OCDKLD_04120 8-amino-7-oxononanoate synthase,Unmatched,0,0,0
OCDKLD_04125 short-chain dehydrogenase,Unmatched,0,0,0
OCDKLD_04130 hypothetical protein,Unmatched,0,0,0
OCDKLD_04135 hypothetical protein,Unmatched,0,0,0
"OCDKLD_04140 Sap, sulfolipid-1-addressing protein",Unmatched,0,0,0
OCDKLD_04145 TetR/AcrR family transcriptional regulator,Unmatched,0,0,0
OCDKLD_04165 tRNA-Ser(gct),Unmatched,0,0,0
OCDKLD_04190 hypothetical protein,Unmatched,0,0,0
OCDKLD_04195 hypothetical protein,Unmatched,0,0,0
OCDKLD_04200 DUF29 domain-containing protein,Unmatched,0,0,0
OCDKLD_04205 hypothetical protein,Unmatched,0,0,0
OCDKLD_04210 restriction endonuclease subunit R,Unmatched,0,0,0
OCDKLD_04215 sporulation protein SpoIID,Unmatched,0,0,0
OCDKLD_04220 hypothetical protein,Unmatched,0,0,0
OCDKLD_04225 polysaccharide pyruvyl transferase CsaB,Unmatched,0,0,0
OCDKLD_04230 RuBisCO accumulation factor 1,Unmatched,0,0,0
OCDKLD_04235 ethanolamine utilization microcompartment protein EutM,Unmatched,0,0,0
OCDKLD_04240 molecular chaperone Tir,Unmatched,0,0,0
OCDKLD_04245 hypothetical protein,Unmatched,0,0,0
OCDKLD_04250 type II toxin-antitoxin system PemK/MazF family toxin,Unmatched,0,0,0
OCDKLD_04255 DUF2281 domain-containing protein,Unmatched,0,0,0
OCDKLD_04260 PINc domain-containing protein,Unmatched,0,0,0
OCDKLD_04265 hypothetical protein,Unmatched,0,0,0
OCDKLD_04270 PemK family transcriptional regulator,Unmatched,0,0,0
OCDKLD_04275 hypothetical protein,Unmatched,0,0,0
OCDKLD_04280 hypothetical protein,Unmatched,0,0,0
OCDKLD_04285 hypothetical protein,Unmatched,0,0,0
OCDKLD_04290 hypothetical protein,Unmatched,0,0,0
OCDKLD_04295 dihydroxy-acid dehydratase,Unmatched,0,0,0
OCDKLD_04300 TPR domain protein component of TonB system,Unmatched,0,0,0
OCDKLD_04305 bacterioferritin,Unmatched,0,0,0
OCDKLD_04310 Iron permease FTR1 family,Unmatched,0,0,0
OCDKLD_04315 branched-chain amino acid ABC transporter substrate-binding protein,Unmatched,0,0,0
OCDKLD_04320 hypothetical protein,Unmatched,0,0,0
OCDKLD_04325 PEP-CTERM sorting domain-containing protein,Unmatched,0,0,0
OCDKLD_04330 hypothetical protein,Unmatched,0,0,0
OCDKLD_04335 PilT protein domain protein,Unmatched,0,0,0
OCDKLD_04340 IS630 family transposase,Unmatched,0,0,0
OCDKLD_04345 tRNA (guanine-N1)-methyltransferase,Unmatched,0,0,0
OCDKLD_04350 DUF3086 domain-containing protein,Unmatched,0,0,0
OCDKLD_04355 DUF3119 domain-containing protein,Unmatched,0,0,0
OCDKLD_04360 manganese ABC transporter ATP-binding protein,Unmatched,0,0,0
OCDKLD_04365 signal recognition particle-docking protein FtsY,Unmatched,0,0,0
OCDKLD_04370 geranylgeranyl reductase,Unmatched,0,0,0
OCDKLD_04375 DUF262 domain-containing protein,Unmatched,0,0,0
OCDKLD_04380 DUF3696 domain-containing protein,Unmatched,0,0,0
OCDKLD_04385 hypothetical protein,Unmatched,0,0,0
OCDKLD_04390 geranylgeranyl reductase,Unmatched,0,0,0
OCDKLD_04395 class III poly(R)-hydroxyalkanoic acid synthase subunit PhaC,Unmatched,0,0,0
OCDKLD_04400 class III poly(R)-hydroxyalkanoic acid synthase subunit PhaE,Unmatched,0,0,0
OCDKLD_04405 hypothetical protein,Unmatched,0,0,0
OCDKLD_04410 BrnT family toxin,Unmatched,0,0,0
OCDKLD_04415 beta-ketoacyl-ACP reductase,Unmatched,0,0,0
OCDKLD_04420 acetyl-CoA C-acyltransferase,Unmatched,0,0,0
OCDKLD_04425 FAD-dependent oxidoreductase,Unmatched,0,0,0
OCDKLD_04430 photosystem II protein PsbQ,Unmatched,0,0,0
OCDKLD_04435 iron ABC transporter substrate-binding protein,Unmatched,0,0,0
OCDKLD_04440 phosphopantothenoylcysteine decarboxylase,Unmatched,0,0,0
OCDKLD_04445 DUF1517 domain-containing protein,Unmatched,0,0,0
OCDKLD_04450 SpoIIAA-like,Unmatched,0,0,0
OCDKLD_04455 Type-2 restriction enzyme BsoBI,Unmatched,0,0,0
OCDKLD_04460 DNA modification methylase,Unmatched,0,0,0
OCDKLD_04465 ATP-dependent 6-phosphofructokinase,Unmatched,0,0,0
OCDKLD_04470 glutamate--tRNA ligase,Unmatched,0,0,0
OCDKLD_04475 NAD(P)H-quinone oxidoreductase subunit N,Unmatched,0,0,0
OCDKLD_04480 hypothetical protein,Unmatched,0,0,0
OCDKLD_04485 peptide ABC transporter permease,Unmatched,0,0,0
OCDKLD_04490 phosphate signaling complex protein PhoU,Unmatched,0,0,0
OCDKLD_04495 histidine kinase,Unmatched,0,0,0
OCDKLD_04500 DNA-binding response regulator,Unmatched,0,0,0
OCDKLD_04505 amidase,Unmatched,0,0,0
OCDKLD_04510 hypothetical protein,Unmatched,0,0,0
OCDKLD_04515 glycolate oxidase subunit GlcD,Unmatched,0,0,0
OCDKLD_04520 2'-5' RNA ligase,Unmatched,0,0,0
OCDKLD_04525 YCII domain-containing protein,Unmatched,0,0,0
OCDKLD_04530 translation initiation factor IF-1,Unmatched,0,0,0
OCDKLD_04535 50S ribosomal protein L36,Unmatched,0,0,0
OCDKLD_04540 30S ribosomal protein S13,Unmatched,0,0,0
OCDKLD_04545 30S ribosomal protein S11,Unmatched,0,0,0
OCDKLD_04550 DNA-directed RNA polymerase subunit alpha,Unmatched,0,0,0
OCDKLD_04555 50S ribosomal protein L17,Unmatched,0,0,0
OCDKLD_04560 tRNA pseudouridine(38-40) synthase TruA,Unmatched,0,0,0
OCDKLD_04565 50S ribosomal protein L13,Unmatched,0,0,0
OCDKLD_04570 30S ribosomal protein S9,Unmatched,0,0,0
OCDKLD_04575 50S ribosomal protein L31,Unmatched,0,0,0
OCDKLD_04580 hypothetical protein,Unmatched,0,0,0
OCDKLD_04585 sulfotransferase family protein,Unmatched,0,0,0
OCDKLD_04590 hypothetical protein,Unmatched,0,0,0
OCDKLD_04595 ABC transporter ATP-binding protein,Unmatched,0,0,0
OCDKLD_04600 putative UDP-N-acetylglucosamine--peptide N-acetylglucosaminyltransferase SPINDLY,Unmatched,0,0,0
OCDKLD_04605 phycocyanin alpha phycocyanobilin lyase,Unmatched,0,0,0
OCDKLD_04610 SycD/LcrH family type III secretion system chaperone,Unmatched,0,0,0
OCDKLD_04615 DUF29 domain-containing protein,Unmatched,0,0,0
"OCDKLD_04620 RNA polymerase sigma factor, RpoD/SigA family",Unmatched,0,0,0
OCDKLD_04625 Ni/Fe hydrogenase subunit alpha,Unmatched,0,0,0
OCDKLD_04630 cation:proton antiporter,Unmatched,0,0,0
OCDKLD_04635 DUF4040 domain-containing protein,Unmatched,0,0,0
OCDKLD_04640 sodium:proton antiporter,Unmatched,0,0,0
OCDKLD_04645 Na+/H+ antiporter complex subunit F MrpF,Unmatched,0,0,0
OCDKLD_04650 cation:proton antiporter,Unmatched,0,0,0
OCDKLD_04655 cation:proton antiporter,Unmatched,0,0,0
OCDKLD_04660 cation:proton antiporter,Unmatched,0,0,0
OCDKLD_04665 hypothetical protein,Unmatched,0,0,0
OCDKLD_04670 leucyl aminopeptidase,Unmatched,0,0,0
OCDKLD_04675 DUF5615 domain-containing protein,Unmatched,0,0,0
OCDKLD_04680 hypothetical protein,Unmatched,0,0,0
OCDKLD_04685 hemolysin,Unmatched,0,0,0
OCDKLD_04690 helix-turn-helix domain-containing protein,Unmatched,0,0,0
OCDKLD_04695 DUF29 domain-containing protein,Unmatched,0,0,0
OCDKLD_04700 Small-conductance mechanosensitive channel MscK,Unmatched,0,0,0
OCDKLD_04705 glutamate decarboxylase,Unmatched,0,0,0
OCDKLD_04710 DUF1345 domain-containing protein,Unmatched,0,0,0
OCDKLD_04715 sodium/glutamate symporter,Unmatched,0,0,0
OCDKLD_04720 PEP-CTERM sorting domain-containing protein,Unmatched,0,0,0
OCDKLD_04725 protochlorophyllide reductase,Unmatched,0,0,0
OCDKLD_04730 penicillin-binding protein activator LpoB,Unmatched,0,0,0
OCDKLD_04735 succinate dehydrogenase/fumarate reductase iron-sulfur subunit,Unmatched,0,0,0
OCDKLD_04740 AbrB family transcriptional regulator,Unmatched,0,0,0
OCDKLD_04745 CPBP family intramembrane metalloprotease domain-containing protein,Unmatched,0,0,0
OCDKLD_04750 Tab2/Atab2 family RNA-binding protein,Unmatched,0,0,0
OCDKLD_04755 ribosome maturation factor RimM,Unmatched,0,0,0
OCDKLD_04770 hypothetical protein,Unmatched,0,0,0
OCDKLD_04775 PIN domain nuclease,Unmatched,0,0,0
OCDKLD_04780 hypothetical protein,Unmatched,0,0,0
OCDKLD_04785 citramalate synthase,Unmatched,0,0,0
OCDKLD_04790 (2Fe-2S)-binding protein,Unmatched,0,0,0
OCDKLD_04795 hypothetical protein,Unmatched,0,0,0
OCDKLD_04800 solanesyl diphosphate synthase,Unmatched,0,0,0
OCDKLD_04805 haloacid dehalogenase,Unmatched,0,0,0
OCDKLD_04810 CPP1-like family protein,Unmatched,0,0,0
OCDKLD_04815 complex I intermediate-associated 30 family protein,Unmatched,0,0,0
OCDKLD_04820 Photosystem I assembly protein Ycf3,Unmatched,0,0,0
OCDKLD_04825 hypothetical protein,Unmatched,0,0,0
OCDKLD_04830 DNA-binding protein,Unmatched,0,0,0
OCDKLD_04835 DUF2281 domain-containing protein,Unmatched,0,0,0
OCDKLD_04840 hypothetical protein,Unmatched,0,0,0
OCDKLD_04845 Circadian oscillating protein COP23,Unmatched,0,0,0
OCDKLD_04850 serine protease,Unmatched,0,0,0
OCDKLD_04855 lipoprotein NlpI,Unmatched,0,0,0
OCDKLD_04860 Putative restriction endonuclease,Unmatched,0,0,0
OCDKLD_04865 hypothetical protein,Unmatched,0,0,0
OCDKLD_04870 transposase,Unmatched,0,0,0
OCDKLD_04875 HicB-like domain-containing protein,Unmatched,0,0,0
OCDKLD_04880 hypothetical protein,Unmatched,0,0,0
OCDKLD_04885 hypothetical protein,Unmatched,0,0,0
OCDKLD_04890 hypothetical protein,Unmatched,0,0,0
OCDKLD_04895 nucleotide cyclase,Unmatched,0,0,0
OCDKLD_04900 hypothetical protein,Unmatched,0,0,0
OCDKLD_04905 RNA polymerase subunit sigma-70,Unmatched,0,0,0
OCDKLD_04910 ATP-dependent zinc metalloprotease FtsH3,Unmatched,0,0,0
OCDKLD_04915 tRNA (adenosine(37)-N6)-dimethylallyltransferase MiaA,Unmatched,0,0,0
OCDKLD_04920 DUF2079 domain-containing protein,Unmatched,0,0,0
OCDKLD_04925 amino acid ABC transporter substrate-binding protein,Unmatched,0,0,0
OCDKLD_04930 AI-2E family transporter,Unmatched,0,0,0
OCDKLD_04935 molecular chaperone DnaJ,Unmatched,0,0,0
OCDKLD_04940 hypothetical protein,Unmatched,0,0,0
OCDKLD_04945 chromosome partitioning protein ParA,Unmatched,0,0,0
OCDKLD_04950 Asp-tRNA(Asn)/Glu-tRNA(Gln) amidotransferase subunit GatB,Unmatched,0,0,0
OCDKLD_04955 pyruvate kinase,Unmatched,0,0,0
OCDKLD_04960 LPS export ABC transporter periplasmic protein LptC,Unmatched,0,0,0
OCDKLD_04965 DUF262 domain-containing protein,Unmatched,0,0,0
OCDKLD_04970 DUF262 domain-containing protein,Unmatched,0,0,0
OCDKLD_04975 serine protease,Unmatched,0,0,0
OCDKLD_04980 Methyltransferase FkbM domain-containing protein,Unmatched,0,0,0
OCDKLD_04985 DUF1727 domain-containing protein,Unmatched,0,0,0
OCDKLD_04990 cobalamin biosynthesis protein CobQ,Unmatched,0,0,0
OCDKLD_04995 hypothetical protein,Unmatched,0,0,0
OCDKLD_05000 Anti-sigma factor,Unmatched,0,0,0
OCDKLD_05005 hypothetical protein,Unmatched,0,0,0
OCDKLD_05010 hypothetical protein,Unmatched,0,0,0
OCDKLD_05015 bicarbonate-binding protein,Unmatched,0,0,0
OCDKLD_05020 nitrate ABC transporter permease,Unmatched,0,0,0
OCDKLD_05025 bacitracin ABC transporter ATP-binding protein,Unmatched,0,0,0
OCDKLD_05030 bacitracin ABC transporter ATP-binding protein,Unmatched,0,0,0
OCDKLD_05035 DUF2301 domain-containing protein,Unmatched,0,0,0
OCDKLD_05040 glycine oxidase ThiO,Unmatched,0,0,0
OCDKLD_05045 class I SAM-dependent methyltransferase,Unmatched,0,0,0
OCDKLD_05050 transporter,Unmatched,0,0,0
OCDKLD_05055 putative addiction module antidote protein,Unmatched,0,0,0
OCDKLD_05060 gamma-glutamyltransferase,Unmatched,0,0,0
OCDKLD_05065 UDP-3-O-(3-hydroxymyristoyl)glucosamine N-acyltransferase,Unmatched,0,0,0
OCDKLD_05070 PEP-CTERM sorting domain-containing protein,Unmatched,0,0,0
OCDKLD_05075 lysozyme,Unmatched,0,0,0
OCDKLD_05080 3-oxoacyl-ACP reductase FabG,Unmatched,0,0,0
OCDKLD_05085 glycerol-3-phosphate 1-O-acyltransferase PlsY,Unmatched,0,0,0
OCDKLD_05090 sugar transferase,Unmatched,0,0,0
OCDKLD_05095 hypothetical protein,Unmatched,0,0,0
OCDKLD_05100 tRNA-Glu(ttc),Unmatched,0,0,0
OCDKLD_05105 two-component sensor histidine kinase,Unmatched,0,0,0
OCDKLD_05110 EVE domain-containing protein,Unmatched,0,0,0
OCDKLD_05115 primosomal protein,Unmatched,0,0,0
OCDKLD_05120 tRNA-Gly(ccc),Unmatched,0,0,0
OCDKLD_05125 hypothetical protein,Unmatched,0,0,0
OCDKLD_05130 hypothetical protein,Unmatched,0,0,0
OCDKLD_05135 VapC toxin family PIN domain ribonuclease,Unmatched,0,0,0
OCDKLD_05140 type II toxin-antitoxin system VapB family antitoxin,Unmatched,0,0,0
OCDKLD_05145 hypothetical protein,Unmatched,0,0,0
OCDKLD_05150 hypothetical protein,Unmatched,0,0,0
OCDKLD_05155 hypothetical protein,Unmatched,0,0,0
OCDKLD_05160 HicB-like domain-containing protein,Unmatched,0,0,0
"OCDKLD_05165 addiction module toxin, HicA family",Unmatched,0,0,0
OCDKLD_05170 hypothetical protein,Unmatched,0,0,0
OCDKLD_05175 hypothetical protein,Unmatched,0,0,0
OCDKLD_05180 SAM-dependent methyltransferase,Unmatched,0,0,0
OCDKLD_05185 DUF29 domain-containing protein,Unmatched,0,0,0
OCDKLD_05190 ATP-dependent RNA helicase RhlE,Unmatched,0,0,0
OCDKLD_05195 YdiU family protein,Unmatched,0,0,0
OCDKLD_05200 chlororespiratory reduction protein 7,Unmatched,0,0,0
OCDKLD_05205 hypothetical protein,Unmatched,0,0,0
OCDKLD_05210 Similarity,Unmatched,0,0,0
OCDKLD_05215 2-succinyl-5-enolpyruvyl-6-hydroxy-3-cyclohexene-1-carboxylic-acid synthase,Unmatched,0,0,0
OCDKLD_05220 glycosyltransferase,Unmatched,0,0,0
OCDKLD_05225 serine/threonine protein kinase,Unmatched,0,0,0
OCDKLD_05230 sulfonate ABC transporter permease,Unmatched,0,0,0
OCDKLD_05235 Prokaryotic-like s of the JAB domain-containing protein,Unmatched,0,0,0
OCDKLD_05240 DUF4334 domain-containing protein,Unmatched,0,0,0
OCDKLD_05245 recombinase,Unmatched,0,0,0
OCDKLD_05250 IscS subfamily cysteine desulfurase,Unmatched,0,0,0
OCDKLD_05255 NADH-quinone oxidoreductase subunit M,Unmatched,0,0,0
OCDKLD_05260 hypothetical protein,Unmatched,0,0,0
OCDKLD_05265 SQHop-cyclase-C domain-containing protein,Unmatched,0,0,0
OCDKLD_05270 Putative peptide zinc metalloprotease protein YydH,Unmatched,0,0,0
OCDKLD_05275 ABC transporter permease,Unmatched,0,0,0
OCDKLD_05280 Efflux RND transporter periplasmic adaptor subunit,Unmatched,0,0,0
OCDKLD_05285 2-succinylbenzoate-CoA ligase,Unmatched,0,0,0
OCDKLD_05290 o-succinylbenzoate synthase,Unmatched,0,0,0
OCDKLD_05295 tRNA-Leu(tag),Unmatched,0,0,0
OCDKLD_05300 prolipoprotein diacylglyceryl transferase,Unmatched,0,0,0
OCDKLD_05305 flagellar biosynthesis protein FlgM,Unmatched,0,0,0
OCDKLD_05310 glycosyl transferase family 2,Unmatched,0,0,0
OCDKLD_05315 hypothetical protein,Unmatched,0,0,0
OCDKLD_05320 DUF721 domain-containing protein,Unmatched,0,0,0
OCDKLD_05325 hypothetical protein,Unmatched,0,0,0
OCDKLD_05330 phage shock protein A,Unmatched,0,0,0
OCDKLD_05335 PspA/IM30 family,Unmatched,0,0,0
OCDKLD_05340 Membrane protein,Unmatched,0,0,0
OCDKLD_05345 Re/Si-specific NAD(P)(+) transhydrogenase subunit alpha,Unmatched,0,0,0
OCDKLD_05350 pyridine nucleotide transhydrogenase,Unmatched,0,0,0
OCDKLD_05355 NAD synthetase,Unmatched,0,0,0
OCDKLD_05365 hypothetical protein,Unmatched,0,0,0
OCDKLD_05370 BFN domain-containing protein,Unmatched,0,0,0
OCDKLD_05375 30S ribosomal protein S4,Unmatched,0,0,0
OCDKLD_05405 lipoyl(octanoyl) transferase LipB,Unmatched,0,0,0
OCDKLD_05410 low-complexity protein,Unmatched,0,0,0
OCDKLD_05415 hypothetical protein,Unmatched,0,0,0
OCDKLD_05420 HcyBio domain-containing protein,Unmatched,0,0,0
OCDKLD_05425 SAM-dependent methyltransferase,Unmatched,0,0,0
OCDKLD_05430 urease accessory protein UreJ,Unmatched,0,0,0
OCDKLD_05435 AraC family transcriptional regulator,Unmatched,0,0,0
OCDKLD_05440 Arylsulfatase,Unmatched,0,0,0
OCDKLD_05445 hypothetical protein,Unmatched,0,0,0
OCDKLD_05450 Putative restriction endonuclease,Unmatched,0,0,0
OCDKLD_05455 pyruvate phosphate dikinase PEP/pyruvate-binding protein,Unmatched,0,0,0
OCDKLD_05460 phosphoenolpyruvate synthase,Unmatched,0,0,0
OCDKLD_05465 DNA-binding response regulator,Unmatched,0,0,0
OCDKLD_05470 hypothetical protein,Unmatched,0,0,0
OCDKLD_05475 PIN domain-containing protein,Unmatched,0,0,0
OCDKLD_05480 type II toxin-antitoxin system HigB family toxin,Unmatched,0,0,0
OCDKLD_05485 transcriptional regulator,Unmatched,0,0,0
OCDKLD_05490 hypothetical protein,Unmatched,0,0,0
OCDKLD_05495 Mobile element protein,Unmatched,0,0,0
OCDKLD_05500 IS982 family transposase,Unmatched,0,0,0
OCDKLD_05505 hypothetical protein,Unmatched,0,0,0
OCDKLD_05510 hypothetical protein,Unmatched,0,0,0
OCDKLD_05515 hypothetical protein,Unmatched,0,0,0
OCDKLD_05520 hypothetical protein,Unmatched,0,0,0
OCDKLD_05525 Tyr recombinase domain-containing protein,Unmatched,0,0,0
OCDKLD_05530 Helix-turn-helix transcriptional regulator,Unmatched,0,0,0
OCDKLD_05535 Lysozyme,Unmatched,0,0,0
OCDKLD_05540 aminoacetone oxidase family FAD-binding enzyme,Unmatched,0,0,0
OCDKLD_05545 phosphoenolpyruvate carboxykinase (ATP),Unmatched,0,0,0
"OCDKLD_05550 cobyrinate a,c-diamide synthase",Unmatched,0,0,0
OCDKLD_05555 hypothetical protein,Unmatched,0,0,0
"OCDKLD_05560 Carbohydrate-selective porin, OprB family",Unmatched,0,0,0
OCDKLD_05565 CoA-binding protein,Unmatched,0,0,0
OCDKLD_05570 hypothetical protein,Unmatched,0,0,0
OCDKLD_05575 TIGR04283 family arsenosugar biosynthesis glycosyltransferase,Unmatched,0,0,0
OCDKLD_05580 PEP-CTERM domain-containing protein,Unmatched,0,0,0
OCDKLD_05585 superoxide dismutase,Unmatched,0,0,0
OCDKLD_05590 homoserine kinase,Unmatched,0,0,0
"OCDKLD_05595 C-3',4' desaturase CrtD",Unmatched,0,0,0
OCDKLD_05600 PEP-CTERM sorting domain-containing protein,Unmatched,0,0,0
OCDKLD_05605 alpha-ribazole phosphatase,Unmatched,0,0,0
OCDKLD_05610 Rho termination protein,Unmatched,0,0,0
OCDKLD_05615 hypothetical protein,Unmatched,0,0,0
OCDKLD_05620 acetolactate synthase large subunit,Unmatched,0,0,0
OCDKLD_05625 polyketide cyclase/dehydrase and lipid transport protein,Unmatched,0,0,0
OCDKLD_05630 ion transporter,Unmatched,0,0,0
OCDKLD_05635 hypothetical protein,Unmatched,0,0,0
OCDKLD_05640 AbrB/MazE/SpoVT family DNA-binding domain-containing protein,Unmatched,0,0,0
OCDKLD_05645 potassium-transporting ATPase subunit C,Unmatched,0,0,0
OCDKLD_05650 DUF6515 domain-containing protein,Unmatched,0,0,0
OCDKLD_05655 ATP-dependent helicase,Unmatched,0,0,0
OCDKLD_05660 Pentapeptide repeat protein,Unmatched,0,0,0
OCDKLD_05665 transcriptional regulator,Unmatched,0,0,0
OCDKLD_05670 metallothionein,Unmatched,0,0,0
OCDKLD_05675 Putative restriction endonuclease,Unmatched,0,0,0
OCDKLD_05680 PEP-CTERM domain-containing protein,Unmatched,0,0,0
OCDKLD_05685 MazF family transcriptional regulator,Unmatched,0,0,0
OCDKLD_05690 hypothetical protein,Unmatched,0,0,0
OCDKLD_05695 PEP-CTERM sorting domain-containing protein,Unmatched,0,0,0
OCDKLD_05700 Metallothionein,Unmatched,0,0,0
OCDKLD_05705 DUF2808 domain-containing protein,Unmatched,0,0,0
OCDKLD_05710 DNA replication/repair protein RecF,Unmatched,0,0,0
OCDKLD_05715 hypothetical protein,Unmatched,0,0,0
OCDKLD_05720 ribose-5-phosphate isomerase RpiA,Unmatched,0,0,0
OCDKLD_05725 RNA-binding protein,Unmatched,0,0,0
OCDKLD_05730 NblA-related protein,Unmatched,0,0,0
OCDKLD_05735 universal stress protein UspA-like protein,Unmatched,0,0,0
"OCDKLD_05740 arsenate reductase, glutathione/glutaredoxin type",Unmatched,0,0,0
OCDKLD_05745 arsenical resistance protein ArsH,Unmatched,0,0,0
OCDKLD_05750 ACR3 family arsenite efflux transporter,Unmatched,0,0,0
OCDKLD_05755 transcriptional regulator,Unmatched,0,0,0
OCDKLD_05760 photosystem II reaction center protein Ycf12,Unmatched,0,0,0
OCDKLD_05765 NACHT domain protein,Unmatched,0,0,0
OCDKLD_05770 hypothetical protein,Unmatched,0,0,0
OCDKLD_05775 peptidase M16,Unmatched,0,0,0
OCDKLD_05780 DUF2203 domain-containing protein,Unmatched,0,0,0
OCDKLD_05785 DUF6439 domain-containing protein,Unmatched,0,0,0
OCDKLD_05790 ATP-binding protein,Unmatched,0,0,0
OCDKLD_05795 23S rRNA (uracil(1939)-C(5))-methyltransferase RlmD,Unmatched,0,0,0
OCDKLD_05800 DUF29 domain-containing protein,Unmatched,0,0,0
OCDKLD_05805 ATPase,Unmatched,0,0,0
"OCDKLD_05810 2-carboxy-1,4-naphthoquinone phytyltransferase",Unmatched,0,0,0
OCDKLD_05815 hypothetical protein,Unmatched,0,0,0
OCDKLD_05820 heat-inducible transcriptional repressor HrcA,Unmatched,0,0,0
OCDKLD_05830 ATP-binding cassette family protein,Unmatched,0,0,0
OCDKLD_05835 molybdopterin synthase sulfur carrier subunit,Unmatched,0,0,0
OCDKLD_05840 single-stranded-DNA-specific exonuclease RecJ,Unmatched,0,0,0
OCDKLD_05845 hypothetical protein,Unmatched,0,0,0
OCDKLD_05850 spermidine synthase,Unmatched,0,0,0
OCDKLD_05855 acetyl-CoA carboxylase carboxyl transferase subunit alpha,Unmatched,0,0,0
OCDKLD_05860 50S ribosomal protein L27,Unmatched,0,0,0
OCDKLD_05865 50S ribosomal protein L21,Unmatched,0,0,0
OCDKLD_05870 N-acetylmuramic acid 6-phosphate etherase,Unmatched,0,0,0
OCDKLD_05875 site-2 protease family protein,Unmatched,0,0,0
OCDKLD_05880 DUF4164 domain-containing protein,Unmatched,0,0,0
OCDKLD_05885 lipase,Unmatched,0,0,0
OCDKLD_05890 hypothetical protein,Unmatched,0,0,0
OCDKLD_05895 50S ribosomal protein L9,Unmatched,0,0,0
OCDKLD_05900 Chromophore lyase CpcT/CpeT 1,Unmatched,0,0,0
OCDKLD_05905 exodeoxyribonuclease III,Unmatched,0,0,0
OCDKLD_05910 hypothetical protein,Unmatched,0,0,0
OCDKLD_05915 hypothetical protein,Unmatched,0,0,0
OCDKLD_05920 hypothetical protein,Unmatched,0,0,0
OCDKLD_05925 beta-carotene hydroxylase,Unmatched,0,0,0
OCDKLD_05930 Putative transcription regulator containing HTH domain,Unmatched,0,0,0
OCDKLD_05935 PEP-CTERM domain-containing protein,Unmatched,0,0,0
OCDKLD_05940 nucleotidyltransferase,Unmatched,0,0,0
OCDKLD_05945 hypothetical protein,Unmatched,0,0,0
OCDKLD_05950 DUF433 domain-containing protein,Unmatched,0,0,0
OCDKLD_05955 DUF5615 domain-containing protein,Unmatched,0,0,0
OCDKLD_05960 glutamate synthase large subunit,Unmatched,0,0,0
OCDKLD_05965 hypothetical protein,Unmatched,0,0,0
OCDKLD_05970 DUF4926 domain-containing protein,Unmatched,0,0,0
OCDKLD_05975 hypothetical protein,Unmatched,0,0,0
"OCDKLD_05980 putative toxin-antitoxin system toxin component, PIN family",Unmatched,0,0,0
OCDKLD_05985 HNH endonuclease,Unmatched,0,0,0
OCDKLD_05990 molecular chaperone DnaJ,Unmatched,0,0,0
OCDKLD_05995 bicarbonate-binding protein,Unmatched,0,0,0
OCDKLD_06000 nitrate ABC transporter permease,Unmatched,0,0,0
OCDKLD_06005 bacitracin ABC transporter ATP-binding protein,Unmatched,0,0,0
OCDKLD_06010 bacitracin ABC transporter ATP-binding protein,Unmatched,0,0,0
OCDKLD_06015 Phosphate-starvation-inducible E family,Unmatched,0,0,0
OCDKLD_06020 SH3b domain-containing protein,Unmatched,0,0,0
OCDKLD_06025 AAA family ATPase,Unmatched,0,0,0
OCDKLD_06030 Cytoplasmic protein,Unmatched,0,0,0
OCDKLD_06035 hypothetical protein,Unmatched,0,0,0
OCDKLD_06040 tRNA-Thr(cgt),Unmatched,0,0,0
OCDKLD_06045 DUF3493 domain-containing protein,Unmatched,0,0,0
OCDKLD_06050 RNA-binding protein,Unmatched,0,0,0
OCDKLD_06055 RNA-binding protein,Unmatched,0,0,0
OCDKLD_06060 glycogen phosphorylase,Unmatched,0,0,0
OCDKLD_06065 hemolysin XhlA family protein,Unmatched,0,0,0
OCDKLD_06070 HicB family protein,Unmatched,0,0,0
OCDKLD_06075 hypothetical protein,Unmatched,0,0,0
OCDKLD_06080 hypothetical protein,Unmatched,0,0,0
OCDKLD_06085 DUF6516 domain-containing protein,Unmatched,0,0,0
OCDKLD_06090 DNA-binding protein,Unmatched,0,0,0
OCDKLD_06095 DNA-binding protein,Unmatched,0,0,0
OCDKLD_06100 hypothetical protein,Unmatched,0,0,0
OCDKLD_06105 hypothetical protein,Unmatched,0,0,0
OCDKLD_06110 NADH dehydrogenase,Unmatched,0,0,0
OCDKLD_06115 Hypothetical chloroplast protein Ycf34,Unmatched,0,0,0
OCDKLD_06120 [cytidine(C)-cytidine(C)-adenosine (A)]-adding enzyme,Unmatched,0,0,0
OCDKLD_06125 hypothetical protein,Unmatched,0,0,0
OCDKLD_06130 hypothetical protein,Unmatched,0,0,0
OCDKLD_06135 GDP-fucose synthetase,Unmatched,0,0,0
OCDKLD_06140 isoprenyl transferase,Unmatched,0,0,0
OCDKLD_06145 diadenylate cyclase CdaA,Unmatched,0,0,0
OCDKLD_06150 diaminopimelate decarboxylase,Unmatched,0,0,0
OCDKLD_06155 hypothetical protein,Unmatched,0,0,0
OCDKLD_06160 hypothetical protein,Unmatched,0,0,0
OCDKLD_06165 diflavin flavoprotein A,Unmatched,0,0,0
OCDKLD_06170 hypothetical protein,Unmatched,0,0,0
OCDKLD_06175 DUF5615 domain-containing protein,Unmatched,0,0,0
OCDKLD_06180 hypothetical protein,Unmatched,0,0,0
OCDKLD_06185 hypothetical protein,Unmatched,0,0,0
OCDKLD_06190 RAMP superfamily protein,Unmatched,0,0,0
OCDKLD_06195 hypothetical protein,Unmatched,0,0,0
OCDKLD_06200 UPF0284 protein MAE_56900,Unmatched,0,0,0
OCDKLD_06205 PIN domain nuclease,Unmatched,0,0,0
OCDKLD_06210 hypothetical protein,Unmatched,0,0,0
OCDKLD_06215 peptide ABC transporter permease,Unmatched,0,0,0
OCDKLD_06220 thiol reductase thioredoxin,Unmatched,0,0,0
OCDKLD_06225 LL-diaminopimelate aminotransferase,Unmatched,0,0,0
OCDKLD_06230 hypothetical protein,Unmatched,0,0,0
OCDKLD_06235 flagellar assembly protein H,Unmatched,0,0,0
OCDKLD_06240 hypothetical protein,Unmatched,0,0,0
OCDKLD_06245 hypothetical protein,Unmatched,0,0,0
OCDKLD_06250 hypothetical protein,Unmatched,0,0,0
OCDKLD_06255 NACHT domain-containing protein,Unmatched,0,0,0
OCDKLD_06260 cysteine desulfurase,Unmatched,0,0,0
OCDKLD_06265 hypothetical protein,Unmatched,0,0,0
OCDKLD_06270 TIGR04168 family protein,Unmatched,0,0,0
OCDKLD_06275 hypothetical protein,Unmatched,0,0,0
OCDKLD_06280 NUDIX hydrolase,Unmatched,0,0,0
OCDKLD_06285 serine/threonine protein kinase,Unmatched,0,0,0
OCDKLD_06290 AI-2E family transporter,Unmatched,0,0,0
OCDKLD_06295 chitin deacetylase,Unmatched,0,0,0
OCDKLD_06300 bifunctional phosphoribosylaminoimidazolecarboxamide formyltransferase/IMP cyclohydrolase,Unmatched,0,0,0
OCDKLD_06305 hypothetical protein,Unmatched,0,0,0
OCDKLD_06310 hypothetical protein,Unmatched,0,0,0
OCDKLD_06315 hypothetical protein,Unmatched,0,0,0
OCDKLD_06320 2OG-Fe(II) oxygenase,Unmatched,0,0,0
OCDKLD_06325 hypothetical protein,Unmatched,0,0,0
OCDKLD_06330 hypothetical protein,Unmatched,0,0,0
OCDKLD_06335 hypothetical protein,Unmatched,0,0,0
OCDKLD_06340 creatinine amidohydrolase,Unmatched,0,0,0
OCDKLD_06345 phycocyanin alpha phycocyanobilin lyase,Unmatched,0,0,0
OCDKLD_06350 phycobiliprotein lyase,Unmatched,0,0,0
OCDKLD_06355 IS200/IS605 family transposase,Unmatched,0,0,0
OCDKLD_06360 hypothetical protein,Unmatched,0,0,0
OCDKLD_06365 hypothetical protein,Unmatched,0,0,0
OCDKLD_06370 CRISPR-associated protein Csm4,Unmatched,0,0,0
OCDKLD_06375 hypothetical protein,Unmatched,0,0,0
OCDKLD_06380 RAMP superfamily protein,Unmatched,0,0,0
OCDKLD_06385 transglutaminase-like superfamily protein,Unmatched,0,0,0
OCDKLD_06390 Por-Secre-tail domain-containing protein,Unmatched,0,0,0
OCDKLD_06395 hypothetical protein,Unmatched,0,0,0
OCDKLD_06400 hypothetical protein,Unmatched,0,0,0
OCDKLD_06405 Cell envelope biogenesis protein OmpA,Unmatched,0,0,0
OCDKLD_06410 Type IX secretion system membrane protein PorP/SprF,Unmatched,0,0,0
OCDKLD_06415 Gliding motility-associated-like protein,Unmatched,0,0,0
OCDKLD_06420 Helix-turn-helix domain-containing protein,Unmatched,0,0,0
OCDKLD_06425 photosystem I reaction center subunit IV,Unmatched,0,0,0
OCDKLD_06430 hypothetical protein,Unmatched,0,0,0
OCDKLD_06435 16S rRNA (uracil(1498)-N(3))-methyltransferase,Unmatched,0,0,0
OCDKLD_06440 hypothetical protein,Unmatched,0,0,0
OCDKLD_06445 chromosome segregation protein SMC,Unmatched,0,0,0
OCDKLD_06450 hypothetical protein,Unmatched,0,0,0
OCDKLD_06455 hypothetical protein,Unmatched,0,0,0
OCDKLD_06460 hypothetical protein,Unmatched,0,0,0
OCDKLD_06465 nitrogenase,Unmatched,0,0,0
OCDKLD_06470 arginine--tRNA ligase,Unmatched,0,0,0
OCDKLD_06475 PIN domain nuclease,Unmatched,0,0,0
OCDKLD_06480 DUF2281 domain-containing protein,Unmatched,0,0,0
"OCDKLD_06485 2-C-methyl-D-erythritol 2,4-cyclodiphosphate synthase",Unmatched,0,0,0
OCDKLD_06490 Protein translocase subunit SecA,Unmatched,0,0,0
OCDKLD_06495 Adenine specific DNA methyltransferase,Unmatched,0,0,0
OCDKLD_06500 CbamoylP-synth-lsu-like-ATP-bd domain-containing protein,Unmatched,0,0,0
OCDKLD_06505 PIN-10 domain-containing protein,Unmatched,0,0,0
OCDKLD_06510 50S ribosomal protein L28,Unmatched,0,0,0
OCDKLD_06515 photosystem I reaction center subunit PsaK,Unmatched,0,0,0
OCDKLD_06520 amino acid ABC transporter permease,Unmatched,0,0,0
OCDKLD_06525 cytochrome d ubiquinol oxidase subunit II,Unmatched,0,0,0
OCDKLD_06530 cytochrome ubiquinol oxidase subunit I,Unmatched,0,0,0
OCDKLD_06540 bifunctional phosphoribosyl-AMP cyclohydrolase/phosphoribosyl-ATP diphosphatase HisIE,Unmatched,0,0,0
OCDKLD_06545 NAD(P)/FAD-dependent oxidoreductase,Unmatched,0,0,0
OCDKLD_06550 dTMP kinase,Unmatched,0,0,0
OCDKLD_06555 thymidylate synthase,Unmatched,0,0,0
OCDKLD_06560 DUF4278 domain-containing protein,Unmatched,0,0,0
OCDKLD_06565 Photosynthesis regulatory RNA1,Unmatched,0,0,0
OCDKLD_06570 class II fructose-bisphosphatase,Unmatched,0,0,0
OCDKLD_06575 glutamyl-tRNA reductase,Unmatched,0,0,0
OCDKLD_06580 DUF262 domain-containing protein,Unmatched,0,0,0
OCDKLD_06585 HEPN-RiboL-PSP domain-containing protein,Unmatched,0,0,0
OCDKLD_06590 proline--tRNA ligase,Unmatched,0,0,0
OCDKLD_06595 PIN domain nuclease,Unmatched,0,0,0
OCDKLD_06600 DUF2281 domain-containing protein,Unmatched,0,0,0
OCDKLD_06605 hypothetical protein,Unmatched,0,0,0
OCDKLD_06610 pilus assembly protein PilB,Unmatched,0,0,0
OCDKLD_06615 hypothetical protein,Unmatched,0,0,0
OCDKLD_06620 YiaAB domain-containing protein,Unmatched,0,0,0
OCDKLD_06625 Coq4 family protein,Unmatched,0,0,0
OCDKLD_06630 sporulation protein,Unmatched,0,0,0
OCDKLD_06635 3-hydroxyacyl-ACP dehydratase FabZ,Unmatched,0,0,0
OCDKLD_06640 TspO/MBR family,Unmatched,0,0,0
OCDKLD_06645 VOC family protein,Unmatched,0,0,0
OCDKLD_06650 Transglutaminase-like superfamily,Unmatched,0,0,0
OCDKLD_06655 serine/threonine protein phosphatase,Unmatched,0,0,0
OCDKLD_06660 N-acetylglucosamine-6-phosphate deacetylase,Unmatched,0,0,0
OCDKLD_06665 hypothetical protein,Unmatched,0,0,0
OCDKLD_06670 aldo/keto reductase,Unmatched,0,0,0
OCDKLD_06675 hypothetical protein,Unmatched,0,0,0
OCDKLD_06680 5-formyltetrahydrofolate cyclo-ligase,Unmatched,0,0,0
OCDKLD_06685 glutaredoxin 3,Unmatched,0,0,0
OCDKLD_06690 tRNA adenosine(34) deaminase TadA,Unmatched,0,0,0
OCDKLD_06695 segregation/condensation protein A,Unmatched,0,0,0
OCDKLD_06700 pyridoxamine 5'-phosphate oxidase,Unmatched,0,0,0
OCDKLD_06705 Trypco2 domain-containing protein,Unmatched,0,0,0
OCDKLD_06710 Survival protein SurA (Peptidyl-prolyl cis-trans isomerase SurA),Unmatched,0,0,0
OCDKLD_06715 prevent-host-death protein,Unmatched,0,0,0
OCDKLD_06720 addiction module toxin RelE,Unmatched,0,0,0
OCDKLD_06725 Uncharacterised protein family (UPF0175),Unmatched,0,0,0
OCDKLD_06730 DUF3368 domain-containing protein,Unmatched,0,0,0
OCDKLD_06735 hypothetical protein,Unmatched,0,0,0
OCDKLD_06740 nucleotidyltransferase domain-containing protein,Unmatched,0,0,0
OCDKLD_06745 DNA-binding protein,Unmatched,0,0,0
OCDKLD_06750 DDE-3 domain-containing protein,Unmatched,0,0,0
OCDKLD_06755 hypothetical protein,Unmatched,0,0,0
OCDKLD_06760 hypothetical protein,Unmatched,0,0,0
OCDKLD_06765 Peripla-BP-6 domain-containing protein,Unmatched,0,0,0
OCDKLD_06770 hypothetical protein,Unmatched,0,0,0
OCDKLD_06775 PemK-like protein,Unmatched,0,0,0
OCDKLD_06780 hypothetical protein,Unmatched,0,0,0
OCDKLD_06785 YGGT family,Unmatched,0,0,0
OCDKLD_06790 hypothetical protein,Unmatched,0,0,0
OCDKLD_06795 hypothetical protein,Unmatched,0,0,0
OCDKLD_06800 glutaredoxin 3,Unmatched,0,0,0
OCDKLD_06805 glutathione synthase,Unmatched,0,0,0
OCDKLD_06810 DUF2499 domain-containing protein,Unmatched,0,0,0
OCDKLD_06815 DUF3593 domain-containing protein,Unmatched,0,0,0
OCDKLD_06820 glycosyltransferase,Unmatched,0,0,0
OCDKLD_06825 DUF1092 domain-containing protein,Unmatched,0,0,0
"OCDKLD_06830 Apocarotenoid-15,15'-oxygenase",Unmatched,0,0,0
OCDKLD_06835 glutamine synthetase type III,Unmatched,0,0,0
OCDKLD_06840 PEP-CTERM domain-containing protein,Unmatched,0,0,0
OCDKLD_06845 prevent-host-death family protein,Unmatched,0,0,0
OCDKLD_06850 HicB-like domain-containing protein,Unmatched,0,0,0
"OCDKLD_06855 HicA toxin of bacterial toxin-antitoxin,",Unmatched,0,0,0
OCDKLD_06860 folate/biopterin family MFS transporter,Unmatched,0,0,0
OCDKLD_06865 class I SAM-dependent methyltransferase,Unmatched,0,0,0
OCDKLD_06870 DUF3226 domain-containing protein,Unmatched,0,0,0
OCDKLD_06875 recombination protein F,Unmatched,0,0,0
OCDKLD_06880 acid phosphatase,Unmatched,0,0,0
OCDKLD_06885 farnesyl-diphosphate synthase,Unmatched,0,0,0
OCDKLD_06890 serine/threonine protein kinase,Unmatched,0,0,0
OCDKLD_06895 peptide deformylase,Unmatched,0,0,0
OCDKLD_06900 hypothetical protein,Unmatched,0,0,0
OCDKLD_06920 serine/threonine protein kinase,Unmatched,0,0,0
OCDKLD_06925 aminotransferase class I/II-fold pyridoxal phosphate-dependent enzyme,Unmatched,0,0,0
OCDKLD_06930 hypothetical protein,Unmatched,0,0,0
OCDKLD_06935 UMP kinase,Unmatched,0,0,0
OCDKLD_06940 ribosome recycling factor,Unmatched,0,0,0
OCDKLD_06945 DNA polymerase subunit beta,Unmatched,0,0,0
OCDKLD_06950 hypothetical protein,Unmatched,0,0,0
OCDKLD_06955 hypothetical protein,Unmatched,0,0,0
OCDKLD_06960 Tetratricopeptide TPR_2 repeat protein,Unmatched,0,0,0
OCDKLD_06965 ATP-binding protein,Unmatched,0,0,0
OCDKLD_06970 hypothetical protein,Unmatched,0,0,0
OCDKLD_06975 pre-peptidase C-terminal domain-containing protein,Unmatched,0,0,0
OCDKLD_06980 AAA family ATPase,Unmatched,0,0,0
OCDKLD_06985 hypothetical protein,Unmatched,0,0,0
OCDKLD_06990 DUF4339 domain-containing protein,Unmatched,0,0,0
OCDKLD_06995 DUF2997 domain-containing protein,Unmatched,0,0,0
OCDKLD_07000 Radical SAM protein,Unmatched,0,0,0
OCDKLD_07005 hypothetical protein,Unmatched,0,0,0
OCDKLD_07010 type IV secretory system conjugative DNA transfer family protein,Unmatched,0,0,0
OCDKLD_07015 Prokaryotic-like s of the JAB domain-containing protein,Unmatched,0,0,0
OCDKLD_07020 WD40 repeat domain-containing protein,Unmatched,0,0,0
OCDKLD_07025 DUF3769 domain-containing protein,Unmatched,0,0,0
OCDKLD_07030 photosystem II reaction center protein I,Unmatched,0,0,0
OCDKLD_07035 16S rRNA (cytidine(1402)-2'-O)-methyltransferase,Unmatched,0,0,0
OCDKLD_07040 LptF/LptG family permease,Unmatched,0,0,0
OCDKLD_07045 LPS export ABC transporter ATP-binding protein,Unmatched,0,0,0
OCDKLD_07050 ostA-like family protein,Unmatched,0,0,0
OCDKLD_07055 Cadherin domain-containing protein,Unmatched,0,0,0
OCDKLD_07060 fibrillin,Unmatched,0,0,0
OCDKLD_07065 hypothetical protein,Unmatched,0,0,0
OCDKLD_07070 RIP metalloprotease RseP,Unmatched,0,0,0
OCDKLD_07075 endonuclease III,Unmatched,0,0,0
OCDKLD_07080 hypothetical protein,Unmatched,0,0,0
OCDKLD_07085 rhomboid family intramembrane serine protease,Unmatched,0,0,0
OCDKLD_07090 antibiotic biosynthesis monooxygenase,Unmatched,0,0,0
OCDKLD_07095 NADPH-dependent FMN reductase,Unmatched,0,0,0
OCDKLD_07100 dihydroneopterin aldolase,Unmatched,0,0,0
OCDKLD_07105 glycosyltransferase,Unmatched,0,0,0
"OCDKLD_07110 GDP-mannose 4,6-dehydratase",Unmatched,0,0,0
OCDKLD_07115 glycosyl transferase group 1 family protein,Unmatched,0,0,0
OCDKLD_07120 glycosyltransferase,Unmatched,0,0,0
OCDKLD_07125 phycobiliprotein lyase,Unmatched,0,0,0
OCDKLD_07130 heavy metal-responsive transcriptional regulator,Unmatched,0,0,0
OCDKLD_07135 hypothetical protein,Unmatched,0,0,0
OCDKLD_07140 HTH merR-type domain-containing protein,Unmatched,0,0,0
OCDKLD_07145 methionine adenosyltransferase,Unmatched,0,0,0
OCDKLD_07150 Cyanobacterial functional RNA 1,Unmatched,0,0,0
OCDKLD_07155 DNA helicase PcrA,Unmatched,0,0,0
OCDKLD_07160 DUF5615 domain-containing protein,Unmatched,0,0,0
OCDKLD_07165 Ssr2962 protein,Unmatched,0,0,0
OCDKLD_07170 CAAD domain-containing protein,Unmatched,0,0,0
OCDKLD_07175 C2H2-type domain-containing protein,Unmatched,0,0,0
OCDKLD_07180 hypothetical protein,Unmatched,0,0,0
OCDKLD_07185 hypothetical protein,Unmatched,0,0,0
OCDKLD_07190 hypothetical protein,Unmatched,0,0,0
OCDKLD_07195 hypothetical protein,Unmatched,0,0,0
OCDKLD_07200 hypothetical protein,Unmatched,0,0,0
OCDKLD_07205 LeuA allosteric domain protein,Unmatched,0,0,0
OCDKLD_07210 antitoxin,Unmatched,0,0,0
OCDKLD_07215 hypothetical protein,Unmatched,0,0,0
OCDKLD_07220 potassium channel protein,Unmatched,0,0,0
OCDKLD_07225 SDR family NAD(P)-dependent oxidoreductase,Unmatched,0,0,0
OCDKLD_07230 6-carboxytetrahydropterin synthase QueD,Unmatched,0,0,0
OCDKLD_07235 ammonia channel protein,Unmatched,0,0,0
OCDKLD_07240 ammonium transporter,Unmatched,0,0,0
OCDKLD_07245 bifunctional diaminohydroxyphosphoribosylaminopyrimidine deaminase/5-amino-6-(5-phosphoribosylamino)uracil reductase RibD,Unmatched,0,0,0
OCDKLD_07250 molecular chaperone HtpG,Unmatched,0,0,0
OCDKLD_07270 hypothetical protein,Unmatched,0,0,0
OCDKLD_07275 transcriptional regulator,Unmatched,0,0,0
OCDKLD_07280 DUF262 domain-containing protein,Unmatched,0,0,0
OCDKLD_07285 DNA polymerase III subunit beta,Unmatched,0,0,0
"OCDKLD_07290 glutamate-1-semialdehyde 2,1-aminomutase",Unmatched,0,0,0
OCDKLD_07295 flotillin,Unmatched,0,0,0
OCDKLD_07300 hypothetical protein,Unmatched,0,0,0
OCDKLD_07305 Glyoxalase-like domain protein,Unmatched,0,0,0
OCDKLD_07310 hormogonium polysaccharide biosynthesis glycosyltransferase HpsP,Unmatched,0,0,0
OCDKLD_07315 hypothetical protein,Unmatched,0,0,0
OCDKLD_07320 GAF domain-containing protein,Unmatched,0,0,0
OCDKLD_07325 apolipoprotein N-acyltransferase,Unmatched,0,0,0
OCDKLD_07330 hypothetical protein,Unmatched,0,0,0
OCDKLD_07335 DNA helicase RecQ,Unmatched,0,0,0
OCDKLD_07340 DUF3318 domain-containing protein,Unmatched,0,0,0
OCDKLD_07345 Ribonuclease HepT-like,Unmatched,0,0,0
OCDKLD_07350 DNA polymerase subunit beta,Unmatched,0,0,0
OCDKLD_07355 hypothetical protein,Unmatched,0,0,0
OCDKLD_07360 bifunctional adenosylcobinamide kinase/adenosylcobinamide-phosphate guanylyltransferase,Unmatched,0,0,0
OCDKLD_07365 Aklanonic acid methyltransferase DauC,Unmatched,0,0,0
OCDKLD_07370 isopropylmalate isomerase,Unmatched,0,0,0
OCDKLD_07375 hypothetical protein,Unmatched,0,0,0
OCDKLD_07380 ATP-binding protein,Unmatched,0,0,0
OCDKLD_07385 FUSC family protein,Unmatched,0,0,0
OCDKLD_07390 hypothetical protein,Unmatched,0,0,0
OCDKLD_07395 DNA-directed RNA polymerase subunit omega,Unmatched,0,0,0
OCDKLD_07400 cysteine desulfuration protein SufE,Unmatched,0,0,0
OCDKLD_07405 transcriptional repressor,Unmatched,0,0,0
OCDKLD_07410 heat-shock protein,Unmatched,0,0,0
OCDKLD_07415 molybdenum cofactor guanylyltransferase,Unmatched,0,0,0
OCDKLD_07420 erythromycin biosynthesis sensory transduction protein eryC1,Unmatched,0,0,0
OCDKLD_07425 cyanoexosortase B,Unmatched,0,0,0
OCDKLD_07430 cyanoexosortase B system-associated protein,Unmatched,0,0,0
OCDKLD_07435 polysaccharide export protein,Unmatched,0,0,0
OCDKLD_07440 ATPase,Unmatched,0,0,0
OCDKLD_07445 GHL10 domain-containing protein,Unmatched,0,0,0
OCDKLD_07450 hypothetical protein,Unmatched,0,0,0
OCDKLD_07455 DUF3370 domain-containing protein,Unmatched,0,0,0
OCDKLD_07460 YlqD protein,Unmatched,0,0,0
OCDKLD_07465 long-chain fatty acid--CoA ligase,Unmatched,0,0,0
"OCDKLD_07470 Formylglycine-generating enzyme, required for sulfatase activity, contains SUMF1/FGE domain",Unmatched,0,0,0
OCDKLD_07475 ABM domain-containing protein,Unmatched,0,0,0
OCDKLD_07480 Endo/exonuclease/phosphatase domain-containing protein,Unmatched,0,0,0
"OCDKLD_07485 mRNA-degrading endonuclease MazF, toxin component of the MazEF toxin-antitoxin module",Unmatched,0,0,0
OCDKLD_07490 hypothetical protein,Unmatched,0,0,0
OCDKLD_07495 DUF5615 domain-containing protein,Unmatched,0,0,0
OCDKLD_07500 hypothetical protein,Unmatched,0,0,0
OCDKLD_07505 Photosystem II protein D1 (PsbA),Unmatched,0,0,0
OCDKLD_07510 UDP-N-acetylglucosamine 2-epimerase (non-hydrolyzing),Unmatched,0,0,0
OCDKLD_07515 crossover junction endodeoxyribonuclease RuvC,Unmatched,0,0,0
OCDKLD_07520 hypothetical protein,Unmatched,0,0,0
OCDKLD_07525 hypothetical protein,Unmatched,0,0,0
OCDKLD_07530 Rhomboid domain-containing protein,Unmatched,0,0,0
OCDKLD_07535 DUF5615 domain-containing protein,Unmatched,0,0,0
OCDKLD_07540 hypothetical protein,Unmatched,0,0,0
OCDKLD_07545 hypothetical protein,Unmatched,0,0,0
OCDKLD_07550 hypothetical protein,Unmatched,0,0,0
OCDKLD_07555 XRE family transcriptional regulator,Unmatched,0,0,0
OCDKLD_07560 TIGR03792 family protein,Unmatched,0,0,0
"OCDKLD_07565 cobyrinic acid a,c-diamide synthase",Unmatched,0,0,0
OCDKLD_07570 metallophosphoesterase,Unmatched,0,0,0
OCDKLD_07575 peptidase C15,Unmatched,0,0,0
OCDKLD_07580 hypothetical protein,Unmatched,0,0,0
OCDKLD_07585 clan AA aspartic protease,Unmatched,0,0,0
OCDKLD_07590 hypothetical protein,Unmatched,0,0,0
OCDKLD_07595 hypothetical protein,Unmatched,0,0,0
OCDKLD_07600 PINc domain-containing protein,Unmatched,0,0,0
OCDKLD_07605 hypothetical protein,Unmatched,0,0,0
OCDKLD_07610 adenosylcobinamide-GDP ribazoletransferase,Unmatched,0,0,0
OCDKLD_07615 peptidase,Unmatched,0,0,0
OCDKLD_07620 DUF4278 domain-containing protein,Unmatched,0,0,0
OCDKLD_07625 potassium channel protein,Unmatched,0,0,0
OCDKLD_07630 DNA-formamidopyrimidine glycosylase,Unmatched,0,0,0
OCDKLD_07635 Cytochrome c biogenesis protein CcsB,Unmatched,0,0,0
OCDKLD_07640 cytochrome C biogenesis protein,Unmatched,0,0,0
OCDKLD_07645 glyoxalase,Unmatched,0,0,0
OCDKLD_07650 ABC transporter substrate-binding protein,Unmatched,0,0,0
OCDKLD_07655 peptide ABC transporter substrate-binding protein,Unmatched,0,0,0
OCDKLD_07660 hypothetical protein,Unmatched,0,0,0
OCDKLD_07665 hypothetical protein,Unmatched,0,0,0
OCDKLD_07670 N-(5'-phosphoribosyl)anthranilate isomerase,Unmatched,0,0,0
OCDKLD_07675 DUF433 domain-containing protein,Unmatched,0,0,0
OCDKLD_07680 ACP S-malonyltransferase,Unmatched,0,0,0
OCDKLD_07685 UDP-N-acetylmuramate dehydrogenase,Unmatched,0,0,0
OCDKLD_07690 UDP-N-acetylmuramate--L-alanine ligase,Unmatched,0,0,0
OCDKLD_07695 hypothetical protein,Unmatched,0,0,0
OCDKLD_07700 histidinol dehydrogenase,Unmatched,0,0,0
OCDKLD_07705 AbrB/MazE/SpoVT family DNA-binding domain-containing protein,Unmatched,0,0,0
OCDKLD_07710 DNA-binding protein,Unmatched,0,0,0
OCDKLD_07715 oxidoreductase,Unmatched,0,0,0
OCDKLD_07720 Shikimate kinase,Unmatched,0,0,0
OCDKLD_07725 cupin,Unmatched,0,0,0
OCDKLD_07730 radical SAM family heme chaperone HemW,Unmatched,0,0,0
OCDKLD_07735 Uncharacterized PIN and TRAM-domain containing protein slr1972,Unmatched,0,0,0
OCDKLD_07740 thylakoid-associated protein,Unmatched,0,0,0
OCDKLD_07745 FADH(2)-oxidizing methylenetetrahydrofolate--tRNA-(uracil(54)-C(5))-methyltransferase TrmFO,Unmatched,0,0,0
OCDKLD_07750 2TM domain-containing protein,Unmatched,0,0,0
OCDKLD_07755 DNA mismatch repair protein MutS,Unmatched,0,0,0
OCDKLD_07760 serine/threonine protein phosphatase,Unmatched,0,0,0
OCDKLD_07765 oxygen-dependent coproporphyrinogen oxidase,Unmatched,0,0,0
OCDKLD_07770 tRNA lysidine(34) synthetase TilS,Unmatched,0,0,0
OCDKLD_07775 DNA helicase UvrD,Unmatched,0,0,0
OCDKLD_07780 hypothetical protein,Unmatched,0,0,0
OCDKLD_07785 4-hydroxybenzoate solanesyltransferase,Unmatched,0,0,0
OCDKLD_07790 NTP-transf-9 domain-containing protein,Unmatched,0,0,0
OCDKLD_07795 DUF1499 domain-containing protein,Unmatched,0,0,0
OCDKLD_07800 hypothetical protein,Unmatched,0,0,0
OCDKLD_07805 SRPBCC family protein,Unmatched,0,0,0
OCDKLD_07810 GUN4 domain-containing protein,Unmatched,0,0,0
OCDKLD_07815 hypothetical protein,Unmatched,0,0,0
OCDKLD_07825 phycocyanobilin:ferredoxin oxidoreductase,Unmatched,0,0,0
OCDKLD_07830 photosynthetic/respiratory NAD(P)H-quinone oxidoreductase subunit D1,Unmatched,0,0,0
OCDKLD_07835 hypothetical protein,Unmatched,0,0,0
OCDKLD_07840 glycosyltransferase family 2 protein,Unmatched,0,0,0
OCDKLD_07845 Phytanoyl-CoA dioxygenase family protein,Unmatched,0,0,0
"OCDKLD_07850 Methyltransferase, TIGR04325 family",Unmatched,0,0,0
OCDKLD_07855 Polysaccharide pyruvyl transferase family protein,Unmatched,0,0,0
OCDKLD_07860 hypothetical protein,Unmatched,0,0,0
OCDKLD_07865 hypothetical protein,Unmatched,0,0,0
OCDKLD_07870 DegT/DnrJ/EryC1/StrS family aminotransferase,Unmatched,0,0,0
OCDKLD_07875 Class I SAM-dependent methyltransferase,Unmatched,0,0,0
OCDKLD_07880 Glycosyltransferase family 1 protein,Unmatched,0,0,0
OCDKLD_07885 Cobalt-precorrin-5A hydrolase,Unmatched,0,0,0
OCDKLD_07890 Lipid-A-disaccharide synthase,Unmatched,0,0,0
OCDKLD_07895 alpha/beta hydrolase,Unmatched,0,0,0
OCDKLD_07900 alpha/beta hydrolase,Unmatched,0,0,0
OCDKLD_07905 chorismate mutase,Unmatched,0,0,0
OCDKLD_07910 signal peptide peptidase SppA,Unmatched,0,0,0
OCDKLD_07915 hypothetical protein,Unmatched,0,0,0
OCDKLD_07920 NAD-dependent DNA ligase LigA,Unmatched,0,0,0
OCDKLD_07925 Uma2 family endonuclease,Unmatched,0,0,0
OCDKLD_07930 Uma2 family endonuclease,Unmatched,0,0,0
OCDKLD_07935 Xaa-Pro aminopeptidase,Unmatched,0,0,0
OCDKLD_07940 hypothetical protein,Unmatched,0,0,0
OCDKLD_07945 Phenazine biosynthesis-like protein,Unmatched,0,0,0
OCDKLD_07950 PAP2 superfamily,Unmatched,0,0,0
OCDKLD_07955 YCII domain-containing protein,Unmatched,0,0,0
OCDKLD_07960 chromosome segregation protein SMC,Unmatched,0,0,0
OCDKLD_07965 radical SAM protein,Unmatched,0,0,0
OCDKLD_07970 NB-ARC domain protein,Unmatched,0,0,0
OCDKLD_07980 reactive intermediate/imine deaminase,Unmatched,0,0,0
OCDKLD_07990 AAA-31 domain-containing protein,Unmatched,0,0,0
OCDKLD_07995 hypothetical protein,Unmatched,0,0,0
OCDKLD_08000 Isoleucine--tRNA ligase,Unmatched,0,0,0
OCDKLD_08005 Uma2 family endonuclease,Unmatched,0,0,0
OCDKLD_08010 branched-chain alpha-keto acid dehydrogenase subunit E2,Unmatched,0,0,0
OCDKLD_08015 photosystem reaction center subunit H,Unmatched,0,0,0
"OCDKLD_08020 Addiction module toxin, HicA family",Unmatched,0,0,0
OCDKLD_08025 hypothetical protein,Unmatched,0,0,0
OCDKLD_08030 hypothetical protein,Unmatched,0,0,0
OCDKLD_08035 hypothetical protein,Unmatched,0,0,0
OCDKLD_08040 DUF29 domain-containing protein,Unmatched,0,0,0
"OCDKLD_08045 HicA toxin of bacterial toxin-antitoxin,",Unmatched,0,0,0
"OCDKLD_08050 toxin-antitoxin system, antitoxin component, HicB family protein",Unmatched,0,0,0
OCDKLD_08055 transposase,Unmatched,0,0,0
OCDKLD_08060 Transposase,Unmatched,0,0,0
"OCDKLD_08065 Endonuclease, Uma2 family (restriction endonuclease fold)",Unmatched,0,0,0
OCDKLD_08070 Putative restriction endonuclease,Unmatched,0,0,0
OCDKLD_08075 DUF29 domain-containing protein,Unmatched,0,0,0
OCDKLD_08080 HD domain-containing protein,Unmatched,0,0,0
OCDKLD_08085 urease subunit gamma,Unmatched,0,0,0
OCDKLD_08090 urease subunit beta,Unmatched,0,0,0
OCDKLD_08095 S-methyl-5'-thioadenosine phosphorylase,Unmatched,0,0,0
"OCDKLD_08100 RNA polymerase sigma factor, RpoD/SigA family",Unmatched,0,0,0
OCDKLD_08105 type I methionyl aminopeptidase,Unmatched,0,0,0
OCDKLD_08110 aldo/keto reductase,Unmatched,0,0,0
"OCDKLD_08115 cob(I)yrinic acid a,c-diamide adenosyltransferase",Unmatched,0,0,0
OCDKLD_08120 IS200/IS605 family element transposase accessory protein TnpB,Unmatched,0,0,0
OCDKLD_08125 thioredoxin domain-containing protein,Unmatched,0,0,0
OCDKLD_08130 decarboxylating NADP(+)-dependent phosphogluconate dehydrogenase,Unmatched,0,0,0
OCDKLD_08135 Zn-dependent hydrolase,Unmatched,0,0,0
OCDKLD_08140 site-specific DNA-methyltransferase,Unmatched,0,0,0
OCDKLD_08145 mannosyltransferase,Unmatched,0,0,0
OCDKLD_08150 glycosyl transferase family 1,Unmatched,0,0,0
OCDKLD_08155 hypothetical protein,Unmatched,0,0,0
OCDKLD_08160 WD40 repeat domain-containing protein,Unmatched,0,0,0
OCDKLD_08165 AAA-like domain-containing protein,Unmatched,0,0,0
OCDKLD_08170 hypothetical protein,Unmatched,0,0,0
OCDKLD_08175 peroxiredoxin,Unmatched,0,0,0
OCDKLD_08180 3-phosphoshikimate 1-carboxyvinyltransferase,Unmatched,0,0,0
OCDKLD_08185 energy-coupling factor transporter ATPase,Unmatched,0,0,0
OCDKLD_08190 amidophosphoribosyltransferase,Unmatched,0,0,0
OCDKLD_08195 phosphoribosylformylglycinamidine synthase subunit PurL,Unmatched,0,0,0
OCDKLD_08200 hypothetical protein,Unmatched,0,0,0
OCDKLD_08240 sulfate ABC transporter ATP-binding protein,Unmatched,0,0,0
OCDKLD_08245 sulfate ABC transporter permease subunit CysW,Unmatched,0,0,0
OCDKLD_08250 sulfate ABC transporter permease subunit CysT,Unmatched,0,0,0
OCDKLD_08255 ABC transporter,Unmatched,0,0,0
OCDKLD_08260 sulfate ABC transporter substrate-binding protein,Unmatched,0,0,0
OCDKLD_08265 cAMP-binding protein,Unmatched,0,0,0
OCDKLD_08270 ribonuclease III,Unmatched,0,0,0
OCDKLD_08275 hypothetical protein,Unmatched,0,0,0
OCDKLD_08280 peptidase M16,Unmatched,0,0,0
OCDKLD_08285 Uncharacterised protein family (UPF0175),Unmatched,0,0,0
OCDKLD_08290 phosphoenolpyruvate synthase,Unmatched,0,0,0
OCDKLD_08295 hypothetical protein,Unmatched,0,0,0
OCDKLD_08300 hypothetical protein,Unmatched,0,0,0
OCDKLD_08305 bifunctional methylenetetrahydrofolate dehydrogenase/methenyltetrahydrofolate cyclohydrolase FolD,Unmatched,0,0,0
OCDKLD_08310 OB-fold nucleic acid binding domain protein,Unmatched,0,0,0
OCDKLD_08315 NUDIX hydrolase,Unmatched,0,0,0
OCDKLD_08320 peptidase S41,Unmatched,0,0,0
"OCDKLD_08325 Transcriptional regulator, Crp/Fnr family",Unmatched,0,0,0
OCDKLD_08330 recombination mediator RecR,Unmatched,0,0,0
"OCDKLD_08335 pyruvate/2-oxoglutarate dehydrogenase complex,dihydrolipoamide dehydrogenase (E3) component",Unmatched,0,0,0
OCDKLD_08340 biosynthetic arginine decarboxylase,Unmatched,0,0,0
OCDKLD_08345 hypothetical protein,Unmatched,0,0,0
OCDKLD_08350 hypothetical protein,Unmatched,0,0,0
OCDKLD_08355 neuraminidase-like domain-containing protein,Unmatched,0,0,0
OCDKLD_08360 hypothetical protein,Unmatched,0,0,0
OCDKLD_08365 sugar-binding protein,Unmatched,0,0,0
OCDKLD_08370 RNB domain-containing ribonuclease,Unmatched,0,0,0
OCDKLD_08375 hypothetical protein,Unmatched,0,0,0
OCDKLD_08380 hypothetical protein,Unmatched,0,0,0
OCDKLD_08385 type II toxin-antitoxin system RelE/ParE family toxin,Unmatched,0,0,0
OCDKLD_08390 hypothetical protein,Unmatched,0,0,0
OCDKLD_08395 Uncharacterised protein family (UPF0175),Unmatched,0,0,0
OCDKLD_08400 DUF3368 domain-containing protein,Unmatched,0,0,0
OCDKLD_08405 AI-2E family transporter,Unmatched,0,0,0
OCDKLD_08410 Nitrogen stress-induced RNA 4,Unmatched,0,0,0
OCDKLD_08415 inorganic pyrophosphatase,Unmatched,0,0,0
OCDKLD_08420 acetylmannosamine-6-phosphate 2-epimerase,Unmatched,0,0,0
OCDKLD_08425 oxidoreductase,Unmatched,0,0,0
OCDKLD_08430 hydantoinase,Unmatched,0,0,0
OCDKLD_08435 chorismate lyase,Unmatched,0,0,0
OCDKLD_08440 glutathione S-transferase,Unmatched,0,0,0
OCDKLD_08445 glutathione S-transferase,Unmatched,0,0,0
OCDKLD_08450 signal peptidase I,Unmatched,0,0,0
OCDKLD_08455 circadian clock protein KaiB,Unmatched,0,0,0
OCDKLD_08460 response regulator,Unmatched,0,0,0
OCDKLD_08465 phosphatase,Unmatched,0,0,0
OCDKLD_08470 Catalase/hydroperoxidase,Unmatched,0,0,0
OCDKLD_08475 excinuclease ABC subunit UvrB,Unmatched,0,0,0
OCDKLD_08480 Methionine ABC transporter ATP-binding protein,Unmatched,0,0,0
OCDKLD_08485 UPF0182 protein MAE_41360,Unmatched,0,0,0
OCDKLD_08490 fatty-acid synthase,Unmatched,0,0,0
OCDKLD_08495 XisI protein,Unmatched,0,0,0
OCDKLD_08500 elongation factor G,Unmatched,0,0,0
OCDKLD_08505 redox-regulated ATPase YchF,Unmatched,0,0,0
OCDKLD_08510 restriction endonuclease subunit M,Unmatched,0,0,0
OCDKLD_08515 heterocyst frequency control protein PatD,Unmatched,0,0,0
OCDKLD_08520 (p)ppGpp synthetase,Unmatched,0,0,0
OCDKLD_08525 glycosyl transferase family 4,Unmatched,0,0,0
OCDKLD_08530 3-isopropylmalate dehydratase large subunit,Unmatched,0,0,0
OCDKLD_08535 hypothetical protein,Unmatched,0,0,0
OCDKLD_08540 phospholipid carrier-dependent glycosyltransferase,Unmatched,0,0,0
"OCDKLD_08545 9,9'-di-cis-zeta-carotene desaturase",Unmatched,0,0,0
OCDKLD_08550 aldehyde oxygenase (deformylating),Unmatched,0,0,0
OCDKLD_08555 long-chain acyl-[acyl-carrier-protein] reductase,Unmatched,0,0,0
OCDKLD_08560 DUF58 domain-containing protein,Unmatched,0,0,0
OCDKLD_08565 Bacterial small signal recognition particle RNA,Unmatched,0,0,0
OCDKLD_08570 MFS transporter,Unmatched,0,0,0
OCDKLD_08575 LysR family transcriptional regulator,Unmatched,0,0,0
OCDKLD_08580 IrrE N-terminal-like domain-containing protein,Unmatched,0,0,0
OCDKLD_08585 XRE family transcriptional regulator,Unmatched,0,0,0
OCDKLD_08590 PDDEXK-1 domain-containing protein,Unmatched,0,0,0
OCDKLD_08595 stem cell self-renewal protein Piwi,Unmatched,0,0,0
OCDKLD_08600 glycogen-debranching protein,Unmatched,0,0,0
OCDKLD_08605 TVP38/TMEM64 family protein,Unmatched,0,0,0
OCDKLD_08610 Curved DNA-binding protein,Unmatched,0,0,0
OCDKLD_08615 hypothetical protein,Unmatched,0,0,0
OCDKLD_08620 hypothetical protein,Unmatched,0,0,0
OCDKLD_08625 hypothetical protein,Unmatched,0,0,0
OCDKLD_08630 acyl-CoA desaturase,Unmatched,0,0,0
OCDKLD_08635 hypothetical protein,Unmatched,0,0,0
OCDKLD_08640 Peripla-BP-6 domain-containing protein,Unmatched,0,0,0
OCDKLD_08645 PspA/IM30 family,Unmatched,0,0,0
OCDKLD_08650 ABC transporter substrate-binding protein,Unmatched,0,0,0
OCDKLD_08655 DNA-binding response regulator,Unmatched,0,0,0
OCDKLD_08660 DNA topoisomerase (ATP-hydrolyzing) subunit B,Unmatched,0,0,0
OCDKLD_08665 BrnT family toxin,Unmatched,0,0,0
OCDKLD_08670 cytidine deaminase,Unmatched,0,0,0
OCDKLD_08675 cobalamin biosynthesis protein CbiM,Unmatched,0,0,0
OCDKLD_08680 cobalt transport protein,Unmatched,0,0,0
OCDKLD_08685 cobalt ECF transporter T component CbiQ,Unmatched,0,0,0
OCDKLD_08690 cobalt ABC transporter ATP-binding protein,Unmatched,0,0,0
OCDKLD_08695 DUF4926 domain-containing protein,Unmatched,0,0,0
OCDKLD_08700 hypothetical protein,Unmatched,0,0,0
OCDKLD_08705 PBS lyase heat-like repeat,Unmatched,0,0,0
OCDKLD_08710 glycoside hydrolase,Unmatched,0,0,0
OCDKLD_08730 Bacterial RNase P class A,Unmatched,0,0,0
OCDKLD_08760 glycosyl transferase,Unmatched,0,0,0
OCDKLD_08765 peroxiredoxin,Unmatched,0,0,0
OCDKLD_08770 N-acetylmuramoyl-L-alanine amidase,Unmatched,0,0,0
OCDKLD_08775 phosphate acetyltransferase,Unmatched,0,0,0
OCDKLD_08780 hypothetical protein,Unmatched,0,0,0
OCDKLD_08785 magnesium chelatase ATPase subunit I,Unmatched,0,0,0
OCDKLD_08790 ATPase,Unmatched,0,0,0
OCDKLD_08795 HNH endonuclease,Unmatched,0,0,0
OCDKLD_08800 glycosyl transferase,Unmatched,0,0,0
OCDKLD_08805 hypothetical protein,Unmatched,0,0,0
OCDKLD_08810 Phosphotransferase enzyme family,Unmatched,0,0,0
OCDKLD_08815 cytochrome P450,Unmatched,0,0,0
OCDKLD_08820 alanine racemase,Unmatched,0,0,0
OCDKLD_08825 polyhydroxyalkanoate biosynthesis repressor PhaR,Unmatched,0,0,0
OCDKLD_08830 polyhydroxyalkanoate biosynthesis repressor PhaR,Unmatched,0,0,0
OCDKLD_08835 Phosphomannomutase,Unmatched,0,0,0
OCDKLD_08840 polyhydroxyalkanoate biosynthesis repressor PhaR,Unmatched,0,0,0
OCDKLD_08845 tRNA uridine-5-carboxymethylaminomethyl(34) synthesis GTPase MnmE,Unmatched,0,0,0
OCDKLD_08850 DUF2062 domain-containing protein,Unmatched,0,0,0
OCDKLD_08855 HEPN domain-containing protein,Unmatched,0,0,0
OCDKLD_08860 nucleotidyltransferase domain-containing protein,Unmatched,0,0,0
OCDKLD_08865 nucleic acid-binding protein,Unmatched,0,0,0
OCDKLD_08870 hypothetical protein,Unmatched,0,0,0
OCDKLD_08875 tetratricopeptide repeat-containing protein,Unmatched,0,0,0
OCDKLD_08880 mRNA-degrading endonuclease,Unmatched,0,0,0
OCDKLD_08885 hypothetical protein,Unmatched,0,0,0
OCDKLD_08890 hypothetical protein,Unmatched,0,0,0
OCDKLD_08895 hypothetical protein,Unmatched,0,0,0
OCDKLD_08900 hypothetical protein,Unmatched,0,0,0
OCDKLD_08905 DUF3782 domain-containing protein,Unmatched,0,0,0
"OCDKLD_08910 type II toxin-antitoxin system mRNA interferase toxin, RelE/StbE family",Unmatched,0,0,0
OCDKLD_08915 HicB-like domain-containing protein,Unmatched,0,0,0
OCDKLD_08920 hypothetical protein,Unmatched,0,0,0
"OCDKLD_08925 nucleic-acid-binding protein, contains PIN domain protein",Unmatched,0,0,0
OCDKLD_08930 potassium channel protein,Unmatched,0,0,0
OCDKLD_08935 aspartate aminotransferase family protein,Unmatched,0,0,0
OCDKLD_08940 hypothetical protein,Unmatched,0,0,0
OCDKLD_08945 peptidase,Unmatched,0,0,0
OCDKLD_08950 tRNA-Pro(ggg),Unmatched,0,0,0
OCDKLD_08955 FAD-dependent hydroxylase,Unmatched,0,0,0
OCDKLD_08960 SAM-dependent methyltransferase,Unmatched,0,0,0
OCDKLD_08965 DUF1902 domain-containing protein,Unmatched,0,0,0
OCDKLD_08970 DUF4160 domain-containing protein,Unmatched,0,0,0
OCDKLD_08975 DUF2442 domain-containing protein,Unmatched,0,0,0
OCDKLD_08980 HicB-like domain-containing protein,Unmatched,0,0,0
OCDKLD_08985 carbon dioxide-concentrating protein CcmK,Unmatched,0,0,0
OCDKLD_08990 carbon dioxide-concentrating mechanism protein CcmK,Unmatched,0,0,0
OCDKLD_08995 peptide-methionine (S)-S-oxide reductase,Unmatched,0,0,0
OCDKLD_09000 3-methyl-2-oxobutanoate hydroxymethyltransferase,Unmatched,0,0,0
OCDKLD_09005 magnesium protoporphyrin IX methyltransferase,Unmatched,0,0,0
OCDKLD_09010 Transposase,Unmatched,0,0,0
OCDKLD_09015 hypothetical protein,Unmatched,0,0,0
OCDKLD_09020 DDE-3 domain-containing protein,Unmatched,0,0,0
OCDKLD_09025 hypothetical protein,Unmatched,0,0,0
OCDKLD_09030 NAD(P)/FAD-dependent oxidoreductase,Unmatched,0,0,0
OCDKLD_09035 hypothetical protein,Unmatched,0,0,0
OCDKLD_09040 membrane-bound O-acyltransferase family protein,Unmatched,0,0,0
OCDKLD_09045 hypothetical protein,Unmatched,0,0,0
OCDKLD_09050 UDP-glucose 4-epimerase GalE,Unmatched,0,0,0
OCDKLD_09055 polyphosphate:AMP phosphotransferase,Unmatched,0,0,0
OCDKLD_09060 hypothetical protein,Unmatched,0,0,0
OCDKLD_09065 phosphoribosylglycinamide formyltransferase,Unmatched,0,0,0
OCDKLD_09070 Putative restriction endonuclease,Unmatched,0,0,0
OCDKLD_09075 valine--tRNA ligase,Unmatched,0,0,0
OCDKLD_09080 NADP-dependent isocitrate dehydrogenase,Unmatched,0,0,0
OCDKLD_09085 hypothetical protein,Unmatched,0,0,0
OCDKLD_09090 hypothetical protein,Unmatched,0,0,0
OCDKLD_09095 HicB-like domain-containing protein,Unmatched,0,0,0
OCDKLD_09100 hypothetical protein,Unmatched,0,0,0
OCDKLD_09105 hypothetical protein,Unmatched,0,0,0
"OCDKLD_09110 calcium-translocating P-type ATPase, PMCA-type",Unmatched,0,0,0
OCDKLD_09115 hybrid sensor histidine kinase/response regulator,Unmatched,0,0,0
OCDKLD_09120 low-complexity protein,Unmatched,0,0,0
OCDKLD_09125 MFS transporter,Unmatched,0,0,0
OCDKLD_09130 DUF4351 domain-containing protein,Unmatched,0,0,0
OCDKLD_09135 RNA polymerase sigma factor RpoD,Unmatched,0,0,0
OCDKLD_09140 2-isopropylmalate synthase,Unmatched,0,0,0
OCDKLD_09145 hypothetical protein,Unmatched,0,0,0
OCDKLD_09150 FAD-dependent oxidoreductase,Unmatched,0,0,0
OCDKLD_09155 helicase,Unmatched,0,0,0
OCDKLD_09160 photosystem II reaction center protein Psb28,Unmatched,0,0,0
OCDKLD_09165 peptidylprolyl isomerase,Unmatched,0,0,0
OCDKLD_09170 Poly(hydroxyalcanoate) granule associated protein (phasin),Unmatched,0,0,0
OCDKLD_09175 NAGPA domain-containing protein,Unmatched,0,0,0
OCDKLD_09180 PIN domain nuclease,Unmatched,0,0,0
OCDKLD_09185 bifunctional pantoate--beta-alanine ligase/(d)CMP kinase,Unmatched,0,0,0
OCDKLD_09190 DNA gyrase subunit A,Unmatched,0,0,0
OCDKLD_09195 hypothetical protein,Unmatched,0,0,0
OCDKLD_09200 DUF4926 domain-containing protein,Unmatched,0,0,0
OCDKLD_09205 Trypco1 domain-containing protein,Unmatched,0,0,0
OCDKLD_09210 trypsin,Unmatched,0,0,0
OCDKLD_09215 AAA-16 domain-containing protein,Unmatched,0,0,0
OCDKLD_09225 tRNA-Gly(tcc),Unmatched,0,0,0
OCDKLD_09230 DUF29 domain-containing protein,Unmatched,0,0,0
OCDKLD_09235 4-alpha-glucanotransferase,Unmatched,0,0,0
OCDKLD_09240 DUF1611 domain-containing protein,Unmatched,0,0,0
OCDKLD_09245 dipeptide epimerase,Unmatched,0,0,0
OCDKLD_09250 permease,Unmatched,0,0,0
OCDKLD_09255 hypothetical protein,Unmatched,0,0,0
OCDKLD_09260 adenylosuccinate synthase,Unmatched,0,0,0
OCDKLD_09265 50S ribosomal protein L25/general stress protein Ctc,Unmatched,0,0,0
OCDKLD_09270 hypothetical protein,Unmatched,0,0,0
OCDKLD_09275 DUF389 domain-containing protein,Unmatched,0,0,0
OCDKLD_09280 DUF3146 domain-containing protein,Unmatched,0,0,0
OCDKLD_09285 hypothetical protein,Unmatched,0,0,0
OCDKLD_09290 hypothetical protein,Unmatched,0,0,0
OCDKLD_09295 TlyA family rRNA (cytidine-2'-O)-methyltransferase,Unmatched,0,0,0
OCDKLD_09300 hypothetical protein,Unmatched,0,0,0
OCDKLD_09305 cyclic nucleotide-binding protein,Unmatched,0,0,0
OCDKLD_09310 methionyl-tRNA formyltransferase,Unmatched,0,0,0
OCDKLD_09315 peptidoglycan editing factor PgeF,Unmatched,0,0,0
"OCDKLD_09320 putative toxin-antitoxin system toxin component, PIN family",Unmatched,0,0,0
OCDKLD_09325 hypothetical protein,Unmatched,0,0,0
OCDKLD_09330 N-6 DNA methylase,Unmatched,0,0,0
OCDKLD_09335 nuclease,Unmatched,0,0,0
OCDKLD_09340 HigA family addiction module antitoxin,Unmatched,0,0,0
OCDKLD_09345 killer suppression protein,Unmatched,0,0,0
OCDKLD_09350 30S ribosomal protein S12,Unmatched,0,0,0
OCDKLD_09355 hypothetical protein,Unmatched,0,0,0
OCDKLD_09360 30S ribosomal protein S7,Unmatched,0,0,0
OCDKLD_09365 elongation factor G,Unmatched,0,0,0
OCDKLD_09370 elongation factor Tu,Unmatched,0,0,0
OCDKLD_09375 30S ribosomal protein S10,Unmatched,0,0,0
OCDKLD_09380 glycine--tRNA ligase subunit alpha,Unmatched,0,0,0
OCDKLD_09385 serine/threonine protein kinase,Unmatched,0,0,0
OCDKLD_09390 Uma2 domain-containing protein,Unmatched,0,0,0
OCDKLD_09395 hydroxymethylbilane synthase,Unmatched,0,0,0
OCDKLD_09400 permease,Unmatched,0,0,0
OCDKLD_09405 DUF2892 domain-containing protein,Unmatched,0,0,0
OCDKLD_09410 Zn-dependent hydrolase,Unmatched,0,0,0
OCDKLD_09415 Ferredoxin I,Unmatched,0,0,0
OCDKLD_09420 photosynthetic/respiratory NAD(P)H-quinone oxidoreductase subunit C,Unmatched,0,0,0
OCDKLD_09425 photosynthetic/respiratory NAD(P)H-quinone oxidoreductase subunit K,Unmatched,0,0,0
OCDKLD_09430 NAD(P)H-quinone oxidoreductase subunit J,Unmatched,0,0,0
OCDKLD_09435 alpha/beta hydrolase,Unmatched,0,0,0
OCDKLD_09440 histone deacetylase,Unmatched,0,0,0
"OCDKLD_09445 Coenzyme F420 hydrogenase/dehydrogenase, beta subunit N-term",Unmatched,0,0,0
OCDKLD_09450 HicB-like domain-containing protein,Unmatched,0,0,0
"OCDKLD_09455 HicA toxin of bacterial toxin-antitoxin,",Unmatched,0,0,0
OCDKLD_09460 prevent-host-death protein,Unmatched,0,0,0
OCDKLD_09465 nucleic acid-binding protein,Unmatched,0,0,0
OCDKLD_09470 hypothetical protein,Unmatched,0,0,0
OCDKLD_09475 DDE-Tnp-1-assoc domain-containing protein,Unmatched,0,0,0
OCDKLD_09485 hypothetical protein,Unmatched,0,0,0
OCDKLD_09510 Beta-barrel assembly-enhancing protease,Unmatched,0,0,0
OCDKLD_09515 5-(carboxyamino)imidazole ribonucleotide mutase,Unmatched,0,0,0
OCDKLD_09520 Putative restriction endonuclease,Unmatched,0,0,0
OCDKLD_09525 AMP-dependent synthetase,Unmatched,0,0,0
OCDKLD_09530 signal peptidase II,Unmatched,0,0,0
OCDKLD_09535 biotin transporter BioY,Unmatched,0,0,0
OCDKLD_09540 biotin synthase BioB,Unmatched,0,0,0
"OCDKLD_09545 dTDP-4-dehydrorhamnose 3,5-epimerase",Unmatched,0,0,0
OCDKLD_09550 dTDP-4-dehydrorhamnose reductase,Unmatched,0,0,0
OCDKLD_09555 glucose-1-phosphate thymidylyltransferase,Unmatched,0,0,0
OCDKLD_09560 3-isopropylmalate dehydrogenase,Unmatched,0,0,0
OCDKLD_09565 hypothetical protein,Unmatched,0,0,0
OCDKLD_09570 excinuclease ABC subunit UvrC,Unmatched,0,0,0
OCDKLD_09575 hypothetical protein,Unmatched,0,0,0
OCDKLD_09580 hypothetical protein,Unmatched,0,0,0
OCDKLD_09585 Secreted effector protein PipB2,Unmatched,0,0,0
OCDKLD_09590 NAD(P)H-quinone oxidoreductase subunit O,Unmatched,0,0,0
OCDKLD_09595 malate dehydrogenase,Unmatched,0,0,0
OCDKLD_09600 RNA methyltransferase,Unmatched,0,0,0
OCDKLD_09605 hypothetical protein,Unmatched,0,0,0
OCDKLD_09610 phosphorylase kinase,Unmatched,0,0,0
OCDKLD_09615 hypothetical protein,Unmatched,0,0,0
OCDKLD_09620 photosystem I reaction center subunit XII,Unmatched,0,0,0
OCDKLD_09625 Integral membrane protein TerC family,Unmatched,0,0,0
OCDKLD_09630 thiol-disulfide oxidoreductase,Unmatched,0,0,0
OCDKLD_09635 2Fe-2S iron-sulfur cluster-binding protein,Unmatched,0,0,0
OCDKLD_09640 hypothetical protein,Unmatched,0,0,0
OCDKLD_09645 Membrane protein,Unmatched,0,0,0
OCDKLD_09650 cupin domain-containing protein,Unmatched,0,0,0
OCDKLD_09655 dihydropteroate synthase,Unmatched,0,0,0
OCDKLD_09660 hypothetical protein,Unmatched,0,0,0
OCDKLD_09665 hypothetical protein,Unmatched,0,0,0
OCDKLD_09670 pantetheine-phosphate adenylyltransferase,Unmatched,0,0,0
OCDKLD_09675 NTP-transf-9 domain-containing protein,Unmatched,0,0,0
OCDKLD_09680 thioredoxin,Unmatched,0,0,0
OCDKLD_09685 type I methionyl aminopeptidase,Unmatched,0,0,0
OCDKLD_09690 universal stress protein,Unmatched,0,0,0
OCDKLD_09695 DUF2811 domain-containing protein,Unmatched,0,0,0
OCDKLD_09700 aminoacyl-tRNA hydrolase,Unmatched,0,0,0
"OCDKLD_09705 Glycosyl hydrolase, BNR repeat-containing protein",Unmatched,0,0,0
OCDKLD_09710 class II fumarate hydratase,Unmatched,0,0,0
OCDKLD_09715 YGGT family,Unmatched,0,0,0
OCDKLD_09740 DUF4277 domain-containing protein,Unmatched,0,0,0
OCDKLD_09745 aminotransferase,Unmatched,0,0,0
OCDKLD_09750 indole-3-glycerol phosphate synthase TrpC,Unmatched,0,0,0
OCDKLD_09755 hypothetical protein,Unmatched,0,0,0
OCDKLD_09760 Chromosome partition protein Smc,Unmatched,0,0,0
OCDKLD_09765 DUF3288 domain-containing protein,Unmatched,0,0,0
OCDKLD_09770 methionine synthase,Unmatched,0,0,0
OCDKLD_09775 glycosyltransferase,Unmatched,0,0,0
OCDKLD_09780 transcriptional regulator,Unmatched,0,0,0
OCDKLD_09785 squalene--hopene cyclase,Unmatched,0,0,0
OCDKLD_09790 translation elongation factor Ts,Unmatched,0,0,0
OCDKLD_09795 30S ribosomal protein S2,Unmatched,0,0,0
OCDKLD_09800 thioredoxin-dependent thiol peroxidase,Unmatched,0,0,0
OCDKLD_09805 Zn-dependent protease with chaperone function,Unmatched,0,0,0
OCDKLD_09810 CopY family transcriptional regulator,Unmatched,0,0,0
OCDKLD_09815 DUF4090 domain-containing protein,Unmatched,0,0,0
OCDKLD_09820 mannose-1-phosphate guanyltransferase,Unmatched,0,0,0
OCDKLD_09825 lipid-A-disaccharide synthase,Unmatched,0,0,0
OCDKLD_09830 hypothetical protein,Unmatched,0,0,0
OCDKLD_09835 Chromosome initiation inhibitor,Unmatched,0,0,0
OCDKLD_09840 alpha/beta hydrolase,Unmatched,0,0,0
OCDKLD_09845 DUF6679 domain-containing protein,Unmatched,0,0,0
"OCDKLD_09850 biphenyl 2,3-dioxygenase",Unmatched,0,0,0
OCDKLD_09855 calcium/proton exchanger,Unmatched,0,0,0
OCDKLD_09860 peptidase S8 and S53 subtilisin kexin sedolisin,Unmatched,0,0,0
OCDKLD_09865 hypothetical protein,Unmatched,0,0,0
OCDKLD_09870 type II toxin-antitoxin system HicB family antitoxin,Unmatched,0,0,0
"OCDKLD_09875 HicA toxin of bacterial toxin-antitoxin,",Unmatched,0,0,0
OCDKLD_09880 hypothetical protein,Unmatched,0,0,0
OCDKLD_09885 Ribonuclease VapC,Unmatched,0,0,0
OCDKLD_09890 mercuric reductase,Unmatched,0,0,0
OCDKLD_09895 DUF565 domain-containing protein,Unmatched,0,0,0
OCDKLD_09900 DUF3611 domain-containing protein,Unmatched,0,0,0
OCDKLD_09905 molecular chaperone DnaJ,Unmatched,0,0,0
OCDKLD_09910 PD-(D/E)XK nuclease family protein,Unmatched,0,0,0
"OCDKLD_09915 precorrin-6Y C5,15-methyltransferase subunit CbiT",Unmatched,0,0,0
OCDKLD_09920 phosphatidate cytidylyltransferase,Unmatched,0,0,0
OCDKLD_09925 uroporphyrinogen-III C-methyltransferase,Unmatched,0,0,0
OCDKLD_09930 hypothetical protein,Unmatched,0,0,0
OCDKLD_09935 NYN domain-containing protein,Unmatched,0,0,0
OCDKLD_09940 methionine--tRNA ligase,Unmatched,0,0,0
OCDKLD_09945 1-acyl-sn-glycerol-3-phosphate acyltransferase,Unmatched,0,0,0
OCDKLD_09955 hypothetical protein,Unmatched,0,0,0
OCDKLD_09960 serine/threonine protein kinase,Unmatched,0,0,0
"OCDKLD_09965 lignostilbene-alpha,beta-dioxygenase",Unmatched,0,0,0
OCDKLD_09970 AAA-like domain-containing protein,Unmatched,0,0,0
OCDKLD_09980 tRNA-Cys(gca),Unmatched,0,0,0
OCDKLD_09985 transposase,Unmatched,0,0,0
OCDKLD_10000 Similarity,Unmatched,0,0,0
OCDKLD_10030 sodium-dependent bicarbonate transport family permease,Unmatched,0,0,0
OCDKLD_10035 transcriptional regulator,Unmatched,0,0,0
OCDKLD_10040 DUF3172 domain-containing protein,Unmatched,0,0,0
OCDKLD_10045 transporter,Unmatched,0,0,0
OCDKLD_10050 glycosyl transferase group 1,Unmatched,0,0,0
OCDKLD_10055 ABC transporter ATP-binding protein,Unmatched,0,0,0
OCDKLD_10060 DNA (cytosine-5-)-methyltransferase,Unmatched,0,0,0
OCDKLD_10065 adenine-specific DNA-methyltransferase,Unmatched,0,0,0
OCDKLD_10070 AAA family ATPase,Unmatched,0,0,0
OCDKLD_10075 ACT domain-containing protein,Unmatched,0,0,0
OCDKLD_10080 Phosphomannomutase,Unmatched,0,0,0
OCDKLD_10085 photosystem I core protein PsaB,Unmatched,0,0,0
OCDKLD_10090 photosystem I core protein PsaA,Unmatched,0,0,0
OCDKLD_10095 Similar to tr|Q8YLY9|Q8YLY9,Unmatched,0,0,0
OCDKLD_10100 hypothetical protein,Unmatched,0,0,0
OCDKLD_10105 AAA+ family ATPase,Unmatched,0,0,0
OCDKLD_10110 sulfite exporter TauE/SafE family protein,Unmatched,0,0,0
OCDKLD_10115 DUF2854 domain-containing protein,Unmatched,0,0,0
OCDKLD_10120 dienelactone hydrolase,Unmatched,0,0,0
OCDKLD_10125 mechanosensitive ion channel protein,Unmatched,0,0,0
OCDKLD_10130 Bacterial extracellular solute-binding protein,Unmatched,0,0,0
OCDKLD_10135 hypothetical protein,Unmatched,0,0,0
OCDKLD_10140 hypothetical protein,Unmatched,0,0,0
"OCDKLD_10145 addiction module toxin, HicA family",Unmatched,0,0,0
OCDKLD_10150 HicB-like domain-containing protein,Unmatched,0,0,0
OCDKLD_10155 hypothetical protein,Unmatched,0,0,0
OCDKLD_10160 hypothetical protein,Unmatched,0,0,0
"OCDKLD_10165 HicA toxin of bacterial toxin-antitoxin,",Unmatched,0,0,0
OCDKLD_10170 type II toxin-antitoxin system HicB family antitoxin,Unmatched,0,0,0
OCDKLD_10175 prevent-host-death family protein,Unmatched,0,0,0
OCDKLD_10180 hypothetical protein,Unmatched,0,0,0
OCDKLD_10185 NAD(P)/FAD-dependent oxidoreductase,Unmatched,0,0,0
OCDKLD_10190 anti-sigma factor antagonist,Unmatched,0,0,0
OCDKLD_10195 regulator,Unmatched,0,0,0
OCDKLD_10200 ATP-binding protein,Unmatched,0,0,0
OCDKLD_10205 sulfurtransferase,Unmatched,0,0,0
OCDKLD_10210 NYN domain-containing protein,Unmatched,0,0,0
OCDKLD_10215 endonuclease/exonuclease/phosphatase,Unmatched,0,0,0
OCDKLD_10220 tetratricopeptide repeat protein,Unmatched,0,0,0
OCDKLD_10225 LOG family protein,Unmatched,0,0,0
OCDKLD_10230 hypothetical protein,Unmatched,0,0,0
OCDKLD_10235 tRNA preQ1(34) S-adenosylmethionine ribosyltransferase-isomerase QueA,Unmatched,0,0,0
OCDKLD_10240 glycosyl transferase,Unmatched,0,0,0
OCDKLD_10255 sodium:proton antiporter,Unmatched,0,0,0
OCDKLD_10260 hypothetical protein,Unmatched,0,0,0
OCDKLD_10265 hypothetical protein,Unmatched,0,0,0
OCDKLD_10270 GxxExxY protein,Unmatched,0,0,0
OCDKLD_10275 hypothetical protein,Unmatched,0,0,0
OCDKLD_10280 DUF4164 domain-containing protein,Unmatched,0,0,0
OCDKLD_10285 Phosphomannomutase,Unmatched,0,0,0
OCDKLD_10290 ABC transporter ATP-binding protein,Unmatched,0,0,0
OCDKLD_10295 hypothetical protein,Unmatched,0,0,0
OCDKLD_10300 putative ATPase,Unmatched,0,0,0
OCDKLD_10305 translation elongation factor 4,Unmatched,0,0,0
OCDKLD_10310 hypothetical protein,Unmatched,0,0,0
OCDKLD_10315 hypothetical protein,Unmatched,0,0,0
OCDKLD_10320 CHAT domain-containing protein,Unmatched,0,0,0
OCDKLD_10325 class I SAM-dependent methyltransferase,Unmatched,0,0,0
OCDKLD_10330 hypothetical protein,Unmatched,0,0,0
OCDKLD_10335 hypothetical protein,Unmatched,0,0,0
OCDKLD_10340 type II toxin-antitoxin system RelE/ParE family toxin,Unmatched,0,0,0
OCDKLD_10345 hypothetical protein,Unmatched,0,0,0
OCDKLD_10350 hypothetical protein,Unmatched,0,0,0
OCDKLD_10355 HicB family protein,Unmatched,0,0,0
"OCDKLD_10360 addiction module toxin, HicA family",Unmatched,0,0,0
OCDKLD_10365 hypothetical protein,Unmatched,0,0,0
OCDKLD_10370 hypothetical protein,Unmatched,0,0,0
OCDKLD_10375 DNA ligase,Unmatched,0,0,0
OCDKLD_10380 oxidoreductase,Unmatched,0,0,0
OCDKLD_10385 4a-hydroxytetrahydrobiopterin dehydratase,Unmatched,0,0,0
OCDKLD_10390 helicase,Unmatched,0,0,0
OCDKLD_10395 hypothetical protein,Unmatched,0,0,0
OCDKLD_10400 MlaE family lipid ABC transporter permease subunit,Unmatched,0,0,0
OCDKLD_10405 DNA polymerase III subunit delta,Unmatched,0,0,0
OCDKLD_10410 nicotinate-nucleotide adenylyltransferase,Unmatched,0,0,0
OCDKLD_10415 NUDIX hydrolase,Unmatched,0,0,0
OCDKLD_10420 NAD+ synthase,Unmatched,0,0,0
OCDKLD_10425 CHAT domain-containing protein,Unmatched,0,0,0
OCDKLD_10430 cysteine desulfurase,Unmatched,0,0,0
OCDKLD_10435 Type 2A encapsulin shell protein,Unmatched,0,0,0
OCDKLD_10440 Serine acetyltransferase,Unmatched,0,0,0
OCDKLD_10445 hypothetical protein,Unmatched,0,0,0
OCDKLD_10450 cysteine synthase A,Unmatched,0,0,0
OCDKLD_10455 glycosyl transferase,Unmatched,0,0,0
OCDKLD_10460 Glycosyltransferase family 87,Unmatched,0,0,0
OCDKLD_10465 hypothetical protein,Unmatched,0,0,0
OCDKLD_10470 glycosyl transferase,Unmatched,0,0,0
OCDKLD_10475 DUF1815 domain-containing protein,Unmatched,0,0,0
OCDKLD_10480 ribulose-phosphate 3-epimerase,Unmatched,0,0,0
OCDKLD_10485 histidinol-phosphatase,Unmatched,0,0,0
OCDKLD_10490 hypothetical protein,Unmatched,0,0,0
OCDKLD_10495 ATP-dependent Zn protease,Unmatched,0,0,0
OCDKLD_10500 carbamoyltransferase HypF,Unmatched,0,0,0
OCDKLD_10505 DNA topoisomerase III,Unmatched,0,0,0
OCDKLD_10510 flavin oxidoreductase,Unmatched,0,0,0
OCDKLD_10515 magnesium chelatase subunit H,Unmatched,0,0,0
OCDKLD_10520 cyclic pyranopterin monophosphate synthase MoaC,Unmatched,0,0,0
OCDKLD_10525 tRNA-Arg(acg),Unmatched,0,0,0
"OCDKLD_10530 Putative O-linked N-acetylglucosamine transferase, SPINDLY family",Unmatched,0,0,0
OCDKLD_10535 Ribonuclease VapC,Unmatched,0,0,0
OCDKLD_10540 Similarity,Unmatched,0,0,0
OCDKLD_10545 hypothetical protein,Unmatched,0,0,0
OCDKLD_10550 addiction module toxin RelE,Unmatched,0,0,0
OCDKLD_10555 HTH-37 domain-containing protein,Unmatched,0,0,0
OCDKLD_10560 DUF5615 domain-containing protein,Unmatched,0,0,0
OCDKLD_10565 hypothetical protein,Unmatched,0,0,0
OCDKLD_10570 Tetratricopeptide repeat family protein,Unmatched,0,0,0
OCDKLD_10575 Photosystem I assembly protein Ycf3,Unmatched,0,0,0
OCDKLD_10580 LPP domain-containing protein,Unmatched,0,0,0
OCDKLD_10585 urease subunit alpha,Unmatched,0,0,0
OCDKLD_10590 5' ureB small RNA,Unmatched,0,0,0
OCDKLD_10595 hypothetical protein,Unmatched,0,0,0
OCDKLD_10600 XisI protein,Unmatched,0,0,0
OCDKLD_10605 hypothetical protein,Unmatched,0,0,0
OCDKLD_10610 hypothetical protein,Unmatched,0,0,0
OCDKLD_10615 hypothetical protein,Unmatched,0,0,0
OCDKLD_10620 hypothetical protein,Unmatched,0,0,0
OCDKLD_10625 hypothetical protein,Unmatched,0,0,0
OCDKLD_10630 hypothetical protein,Unmatched,0,0,0
OCDKLD_10635 DUF2584 domain-containing protein,Unmatched,0,0,0
OCDKLD_10640 bifunctional aconitate hydratase 2/2-methylisocitrate dehydratase,Unmatched,0,0,0
OCDKLD_10645 deoxyribose-phosphate aldolase,Unmatched,0,0,0
OCDKLD_10650 HAD family hydrolase,Unmatched,0,0,0
OCDKLD_10655 ATP phosphoribosyltransferase,Unmatched,0,0,0
OCDKLD_10660 chromate transporter,Unmatched,0,0,0
OCDKLD_10665 hypothetical protein,Unmatched,0,0,0
OCDKLD_10670 DUF4438 domain-containing protein,Unmatched,0,0,0
OCDKLD_10675 Uma2 family endonuclease,Unmatched,0,0,0
OCDKLD_10680 hypothetical protein,Unmatched,0,0,0
OCDKLD_10685 phosphoribosylformylglycinamidine synthase subunit PurQ,Unmatched,0,0,0
OCDKLD_10690 phosphoribosylformylglycinamidine synthase subunit PurS,Unmatched,0,0,0
OCDKLD_10695 transcriptional repressor,Unmatched,0,0,0
"OCDKLD_10700 acetyl-CoA carboxylase, carboxyltransferase subunit beta",Unmatched,0,0,0
OCDKLD_10705 hypothetical protein,Unmatched,0,0,0
OCDKLD_10710 prepilin peptidase,Unmatched,0,0,0
OCDKLD_10715 DUF1232 domain-containing protein,Unmatched,0,0,0
OCDKLD_10720 phosphoribosyltransferase,Unmatched,0,0,0
OCDKLD_10725 DUF4079 domain-containing protein,Unmatched,0,0,0
OCDKLD_10730 Nitrogen regulatory protein P-II,Unmatched,0,0,0
OCDKLD_10735 50S ribosomal protein L3,Unmatched,0,0,0
OCDKLD_10740 50S ribosomal protein L4,Unmatched,0,0,0
OCDKLD_10745 50S ribosomal protein L23,Unmatched,0,0,0
OCDKLD_10750 50S ribosomal protein L2,Unmatched,0,0,0
OCDKLD_10755 30S ribosomal protein S19,Unmatched,0,0,0
OCDKLD_10760 50S ribosomal protein L22,Unmatched,0,0,0
OCDKLD_10765 30S ribosomal protein S3,Unmatched,0,0,0
OCDKLD_10770 50S ribosomal protein L16,Unmatched,0,0,0
OCDKLD_10775 50S ribosomal protein L29,Unmatched,0,0,0
OCDKLD_10780 30S ribosomal protein S17,Unmatched,0,0,0
OCDKLD_10785 50S ribosomal protein L14,Unmatched,0,0,0
OCDKLD_10790 50S ribosomal protein L24,Unmatched,0,0,0
OCDKLD_10795 50S ribosomal protein L5,Unmatched,0,0,0
OCDKLD_10800 30S ribosomal protein S8,Unmatched,0,0,0
OCDKLD_10805 50S ribosomal protein L6,Unmatched,0,0,0
OCDKLD_10810 50S ribosomal protein L18,Unmatched,0,0,0
OCDKLD_10815 30S ribosomal protein S5,Unmatched,0,0,0
OCDKLD_10820 50S ribosomal protein L15,Unmatched,0,0,0
OCDKLD_10825 preprotein translocase subunit SecY,Unmatched,0,0,0
OCDKLD_10830 adenylate kinase,Unmatched,0,0,0
OCDKLD_10835 glutamine--fructose-6-phosphate transaminase (isomerizing),Unmatched,0,0,0
"OCDKLD_10840 type II toxin-antitoxin system mRNA interferase toxin, RelE/StbE family",Unmatched,0,0,0
OCDKLD_10845 hypothetical protein,Unmatched,0,0,0
OCDKLD_10850 Site-specific DNA-methyltransferase (adenine-specific),Unmatched,0,0,0
OCDKLD_10855 nucleotidyltransferase,Unmatched,0,0,0
OCDKLD_10860 restriction endonuclease subunit S,Unmatched,0,0,0
OCDKLD_10865 heavy metal transporter,Unmatched,0,0,0
"OCDKLD_10870 GTP 3',8-cyclase MoaA",Unmatched,0,0,0
OCDKLD_10875 Proto-chlorophyllide reductase 57 kD subunit,Unmatched,0,0,0
OCDKLD_10880 IS5 family transposase,Unmatched,0,0,0
OCDKLD_10885 folate-binding protein YgfZ,Unmatched,0,0,0
OCDKLD_10890 hypothetical protein,Unmatched,0,0,0
OCDKLD_10895 type I glyceraldehyde-3-phosphate dehydrogenase,Unmatched,0,0,0
OCDKLD_10900 phosphoketolase,Unmatched,0,0,0
OCDKLD_10905 hypothetical protein,Unmatched,0,0,0
OCDKLD_10910 hypothetical protein,Unmatched,0,0,0
OCDKLD_10915 DUF5615 domain-containing protein,Unmatched,0,0,0
OCDKLD_10920 Gsr2395 protein,Unmatched,0,0,0
OCDKLD_10925 hypothetical protein,Unmatched,0,0,0
OCDKLD_10930 DUF5615 domain-containing protein,Unmatched,0,0,0
OCDKLD_10935 hypothetical protein,Unmatched,0,0,0
OCDKLD_10940 ABC transporter transmembrane region,Unmatched,0,0,0
OCDKLD_10945 metallophosphoesterase,Unmatched,0,0,0
OCDKLD_10950 hypothetical protein,Unmatched,0,0,0
OCDKLD_10955 NIDO domain-containing protein,Unmatched,0,0,0
OCDKLD_10965 Circadian oscillating protein COP23,Unmatched,0,0,0
OCDKLD_10970 GUN4 domain-containing protein,Unmatched,0,0,0
OCDKLD_10975 Phosphotransferase enzyme family,Unmatched,0,0,0
OCDKLD_10980 FHA domain-containing protein,Unmatched,0,0,0
OCDKLD_10985 hypothetical protein,Unmatched,0,0,0
OCDKLD_10990 SEFIR domain-containing protein,Unmatched,0,0,0
OCDKLD_11045 metal-binding protein,Unmatched,0,0,0
OCDKLD_11050 glycosyltransferase,Unmatched,0,0,0
OCDKLD_11055 M23 family peptidase,Unmatched,0,0,0
OCDKLD_11060 serine--tRNA ligase,Unmatched,0,0,0
"OCDKLD_11065 2,3-diketo-5-methylthiopentyl-1-phosphate enolase",Unmatched,0,0,0
OCDKLD_11070 peptidylprolyl isomerase,Unmatched,0,0,0
OCDKLD_11075 4-amino-4-deoxy-L-arabinose transferase,Unmatched,0,0,0
OCDKLD_11080 DNA phosphorothioation-associated protein 4,Unmatched,0,0,0
OCDKLD_11085 ring-hydroxylating oxygenase subunit alpha,Unmatched,0,0,0
OCDKLD_11090 DUF1361 domain-containing protein,Unmatched,0,0,0
"OCDKLD_11095 1,4-dihydroxy-2-naphthoyl-CoA hydrolase",Unmatched,0,0,0
OCDKLD_11100 cofactor assembly of complex C subunit B,Unmatched,0,0,0
OCDKLD_11105 ABC 3 transport family,Unmatched,0,0,0
"OCDKLD_11110 putative toxin-antitoxin system toxin component, PIN family",Unmatched,0,0,0
OCDKLD_11115 hypothetical protein,Unmatched,0,0,0
OCDKLD_11120 hypothetical protein,Unmatched,0,0,0
OCDKLD_11125 hypothetical protein,Unmatched,0,0,0
OCDKLD_11130 hypothetical protein,Unmatched,0,0,0
OCDKLD_11135 alkaline phosphatase,Unmatched,0,0,0
OCDKLD_11140 adenosylhomocysteinase,Unmatched,0,0,0
OCDKLD_11145 riboflavin synthase,Unmatched,0,0,0
OCDKLD_11150 glutamate-5-semialdehyde dehydrogenase,Unmatched,0,0,0
OCDKLD_11155 1-deoxy-D-xylulose-5-phosphate reductoisomerase,Unmatched,0,0,0
OCDKLD_11160 acyl-CoA desaturase,Unmatched,0,0,0
OCDKLD_11170 ABC transporter substrate-binding protein,Unmatched,0,0,0
OCDKLD_11175 macrolide ABC transporter ATP-binding protein,Unmatched,0,0,0
OCDKLD_11180 hypothetical protein,Unmatched,0,0,0
OCDKLD_11185 Cytochrome b5 heme-binding domain-containing protein,Unmatched,0,0,0
OCDKLD_11215 IS1634 family transposase,Unmatched,0,0,0
OCDKLD_11220 pyruvate kinase,Unmatched,0,0,0
OCDKLD_11225 molybdate ABC transporter substrate-binding protein,Unmatched,0,0,0
OCDKLD_11230 molybdate ABC transporter permease subunit,Unmatched,0,0,0
OCDKLD_11235 TIR domain-containing protein,Unmatched,0,0,0
OCDKLD_11240 WD40 repeat domain-containing protein,Unmatched,0,0,0
OCDKLD_11245 Patatin,Unmatched,0,0,0
OCDKLD_11250 DUF309 domain-containing protein,Unmatched,0,0,0
OCDKLD_11255 ferredoxin--nitrite reductase,Unmatched,0,0,0
OCDKLD_11260 hypothetical protein,Unmatched,0,0,0
OCDKLD_11265 ComF family protein,Unmatched,0,0,0
OCDKLD_11270 Photosystem II reaction center X protein,Unmatched,0,0,0
OCDKLD_11275 hypothetical protein,Unmatched,0,0,0
OCDKLD_11280 DNA adenine methylase,Unmatched,0,0,0
OCDKLD_11285 hypothetical protein,Unmatched,0,0,0
OCDKLD_11290 ATP-dependent zinc metalloprotease FtsH2,Unmatched,0,0,0
OCDKLD_11295 hypothetical protein,Unmatched,0,0,0
OCDKLD_11300 DNA polymerase III subunit delta',Unmatched,0,0,0
OCDKLD_11305 hypothetical protein,Unmatched,0,0,0
OCDKLD_11310 cadmium-translocating P-type ATPase,Unmatched,0,0,0
OCDKLD_11315 hypothetical protein,Unmatched,0,0,0
"OCDKLD_11320 HicA toxin of bacterial toxin-antitoxin,",Unmatched,0,0,0
OCDKLD_11325 type II toxin-antitoxin system HicB family antitoxin,Unmatched,0,0,0
OCDKLD_11330 hypothetical protein,Unmatched,0,0,0
OCDKLD_11335 DUF433 domain-containing protein,Unmatched,0,0,0
OCDKLD_11340 ACP S-malonyltransferase,Unmatched,0,0,0
OCDKLD_11345 hypothetical protein,Unmatched,0,0,0
OCDKLD_11350 hypothetical protein,Unmatched,0,0,0
OCDKLD_11355 clan AA aspartic protease,Unmatched,0,0,0
OCDKLD_11360 hypothetical protein,Unmatched,0,0,0
OCDKLD_11365 photosystem I reaction center subunit X,Unmatched,0,0,0
OCDKLD_11370 divalent-cation tolerance protein CutA,Unmatched,0,0,0
OCDKLD_11375 Catabolite gene activator protein,Unmatched,0,0,0
OCDKLD_11380 hypothetical protein,Unmatched,0,0,0
OCDKLD_11385 hypothetical protein,Unmatched,0,0,0
OCDKLD_11390 bZIP transcription factor,Unmatched,0,0,0
"OCDKLD_11395 Cobalamin biosynthesis protein CobN, Mg-chelatase",Unmatched,0,0,0
OCDKLD_11400 hypothetical protein,Unmatched,0,0,0
OCDKLD_11405 Pentapeptide repeat family protein,Unmatched,0,0,0
OCDKLD_11410 hypothetical protein,Unmatched,0,0,0
OCDKLD_11415 DUF1460 domain-containing protein,Unmatched,0,0,0
OCDKLD_11420 UDP-3-O-acyl-N-acetylglucosamine deacetylase,Unmatched,0,0,0
OCDKLD_11425 outer membrane protein assembly factor,Unmatched,0,0,0
OCDKLD_11430 histidine kinase,Unmatched,0,0,0
OCDKLD_11435 hypothetical protein,Unmatched,0,0,0
OCDKLD_11440 DUF29 family protein,Unmatched,0,0,0
OCDKLD_11445 Calcium-binding protein,Unmatched,0,0,0
OCDKLD_11450 isovaleryl-CoA dehydrogenase,Unmatched,0,0,0
OCDKLD_11455 polyketide synthase,Unmatched,0,0,0
OCDKLD_11460 heme-copper oxidase subunit III,Unmatched,0,0,0
OCDKLD_11465 cytochrome c oxidase subunit I,Unmatched,0,0,0
OCDKLD_11470 cytochrome c oxidase subunit II,Unmatched,0,0,0
OCDKLD_11475 heme A synthase,Unmatched,0,0,0
OCDKLD_11480 heme o synthase,Unmatched,0,0,0
OCDKLD_11485 MCE family protein,Unmatched,0,0,0
OCDKLD_11490 ABC transporter ATP-binding protein,Unmatched,0,0,0
OCDKLD_11495 TIGR03936 family radical SAM-associated protein,Unmatched,0,0,0
OCDKLD_11500 pilus assembly protein PilC,Unmatched,0,0,0
OCDKLD_11505 twitching motility protein PilT,Unmatched,0,0,0
OCDKLD_11510 general secretion pathway protein GspE,Unmatched,0,0,0
OCDKLD_11515 nucleotide exchange factor GrpE,Unmatched,0,0,0
OCDKLD_11520 hydrolase,Unmatched,0,0,0
OCDKLD_11525 glycogen debranching protein,Unmatched,0,0,0
OCDKLD_11530 ribonuclease P protein component,Unmatched,0,0,0
OCDKLD_11535 ribonuclease P,Unmatched,0,0,0
OCDKLD_11540 membrane protein insertase YidC,Unmatched,0,0,0
OCDKLD_11545 RNA-binding protein,Unmatched,0,0,0
OCDKLD_11560 hypothetical protein,Unmatched,0,0,0
OCDKLD_11565 hypothetical protein,Unmatched,0,0,0
OCDKLD_11570 GTP-binding protein,Unmatched,0,0,0
"OCDKLD_11575 type II toxin-antitoxin system mRNA interferase toxin, RelE/StbE family",Unmatched,0,0,0
OCDKLD_11580 Threonyl-tRNA synthetase,Unmatched,0,0,0
OCDKLD_11585 replication/maintenance protein,Unmatched,0,0,0
OCDKLD_11595 hypothetical protein,Unmatched,0,0,0
OCDKLD_11600 Zeta-toxin domain-containing protein,Unmatched,0,0,0
OCDKLD_11605 hypothetical protein,Unmatched,0,0,0
OCDKLD_11610 hypothetical protein,Unmatched,0,0,0
OCDKLD_11615 rRNA methyltransferase,Unmatched,0,0,0
OCDKLD_11620 tRNA-Leu(cag),Unmatched,0,0,0
OCDKLD_11625 UDP-N-acetylglucosamine 1-carboxyvinyltransferase,Unmatched,0,0,0
OCDKLD_11630 Putative restriction endonuclease,Unmatched,0,0,0
OCDKLD_11635 Alkaline phosphatase,Unmatched,0,0,0
OCDKLD_11640 DUF4351 domain-containing protein,Unmatched,0,0,0
OCDKLD_11645 putative methyltransferase regulatory domain-containing protein,Unmatched,0,0,0
OCDKLD_11650 sodium:proton antiporter,Unmatched,0,0,0
OCDKLD_11655 N-acetylmuramoyl-L-alanine amidase,Unmatched,0,0,0
OCDKLD_11660 glutamate racemase,Unmatched,0,0,0
OCDKLD_11665 hypothetical protein,Unmatched,0,0,0
OCDKLD_11670 fatty acid desaturase,Unmatched,0,0,0
OCDKLD_11675 hypothetical protein,Unmatched,0,0,0
OCDKLD_11680 hypothetical protein,Unmatched,0,0,0
OCDKLD_11685 tRNA-Arg(acg),Unmatched,0,0,0
OCDKLD_11695 hypothetical protein,Unmatched,0,0,0
OCDKLD_11700 serine endopeptidase inhibitor,Unmatched,0,0,0
OCDKLD_11720 rod shape-determining protein RodA,Unmatched,0,0,0
OCDKLD_11725 sodium:proton antiporter,Unmatched,0,0,0
OCDKLD_11730 MOSC domain-containing protein,Unmatched,0,0,0
OCDKLD_11735 glycosyl transferase group 1 family protein,Unmatched,0,0,0
OCDKLD_11740 group 1 glycosyl transferase,Unmatched,0,0,0
OCDKLD_11745 hypothetical protein,Unmatched,0,0,0
OCDKLD_11750 AtzE family amidohydrolase,Unmatched,0,0,0
OCDKLD_11755 DUF4089 domain-containing protein,Unmatched,0,0,0
OCDKLD_11760 radical SAM protein,Unmatched,0,0,0
OCDKLD_11765 receptor ligand binding family protein,Unmatched,0,0,0
OCDKLD_11770 glycosyltransferase,Unmatched,0,0,0
OCDKLD_11775 hypothetical protein,Unmatched,0,0,0
OCDKLD_11780 Putative Ig domain-containing protein,Unmatched,0,0,0
OCDKLD_11785 CHAT domain-containing protein,Unmatched,0,0,0
OCDKLD_11790 hypothetical protein,Unmatched,0,0,0
OCDKLD_11795 IS1 family transposase,Unmatched,0,0,0
OCDKLD_11800 InsA protein,Unmatched,0,0,0
OCDKLD_11805 hypothetical protein,Unmatched,0,0,0
OCDKLD_11810 DUF1269 domain-containing protein,Unmatched,0,0,0
OCDKLD_11815 CP12 domain-containing protein,Unmatched,0,0,0
OCDKLD_11820 glycoside hydrolase,Unmatched,0,0,0
OCDKLD_11825 ribosomal protein S18-alanine N-acetyltransferase,Unmatched,0,0,0
OCDKLD_11830 Phosphomannomutase,Unmatched,0,0,0
OCDKLD_11835 DNA-sulfur modification-associated,Unmatched,0,0,0
OCDKLD_11840 DNA phosphorothioation system sulfurtransferase DndC,Unmatched,0,0,0
OCDKLD_11845 D-alanyl-D-alanine dipeptidase,Unmatched,0,0,0
OCDKLD_11850 protein kinase,Unmatched,0,0,0
OCDKLD_11855 J domain-containing protein,Unmatched,0,0,0
OCDKLD_11860 serine protease,Unmatched,0,0,0
OCDKLD_11865 Serine/threonine protein kinase,Unmatched,0,0,0
OCDKLD_11870 serine/threonine protein kinase,Unmatched,0,0,0
OCDKLD_11875 hypothetical protein,Unmatched,0,0,0
OCDKLD_11880 GTPase Era,Unmatched,0,0,0
OCDKLD_11885 uracil-DNA glycosylase,Unmatched,0,0,0
OCDKLD_11890 16S rRNA (guanine(966)-N(2))-methyltransferase RsmD,Unmatched,0,0,0
OCDKLD_11895 threonine synthase,Unmatched,0,0,0
OCDKLD_11900 molybdopterin synthase sulfur carrier subunit,Unmatched,0,0,0
OCDKLD_11905 hypothetical protein,Unmatched,0,0,0
OCDKLD_11910 DUF29 domain-containing protein,Unmatched,0,0,0
OCDKLD_11915 SAM-dependent methyltransferase,Unmatched,0,0,0
OCDKLD_11920 Similarity,Unmatched,0,0,0
OCDKLD_11935 XisI protein,Unmatched,0,0,0
OCDKLD_11940 XisH protein,Unmatched,0,0,0
OCDKLD_11945 argininosuccinate synthase,Unmatched,0,0,0
OCDKLD_11950 histidine kinase,Unmatched,0,0,0
OCDKLD_11955 hypothetical protein,Unmatched,0,0,0
OCDKLD_11960 lipolytic protein G-D-S-L family,Unmatched,0,0,0
OCDKLD_11965 5-(carboxyamino)imidazole ribonucleotide synthase,Unmatched,0,0,0
OCDKLD_11970 hypothetical protein,Unmatched,0,0,0
OCDKLD_11975 branched-chain amino acid ABC transporter permease,Unmatched,0,0,0
OCDKLD_11980 DUF4346 domain-containing protein,Unmatched,0,0,0
OCDKLD_11985 DUF2252 domain-containing protein,Unmatched,0,0,0
OCDKLD_11990 sulfate transporter,Unmatched,0,0,0
OCDKLD_11995 flavin-dependent dehydrogenase,Unmatched,0,0,0
OCDKLD_12000 hypothetical protein,Unmatched,0,0,0
OCDKLD_12005 DUF2993 domain-containing protein,Unmatched,0,0,0
OCDKLD_12010 spore germination protein,Unmatched,0,0,0
OCDKLD_12015 mechanosensitive ion channel protein MscS,Unmatched,0,0,0
OCDKLD_12020 Cytochrome c-553-like,Unmatched,0,0,0
"OCDKLD_12025 O-linked N-acetylglucosamine transferase, SPINDLY family protein",Unmatched,0,0,0
"OCDKLD_12030 putative O-linked N-acetylglucosamine transferase, SPINDLY family",Unmatched,0,0,0
OCDKLD_12035 hypothetical protein,Unmatched,0,0,0
OCDKLD_12040 Glycosyl transferase family 41,Unmatched,0,0,0
OCDKLD_12045 prolyl aminopeptidase,Unmatched,0,0,0
OCDKLD_12050 NAD-dependent malic enzyme,Unmatched,0,0,0
OCDKLD_12055 D-alanyl-D-alanine carboxypeptidase,Unmatched,0,0,0
OCDKLD_12060 hypothetical protein,Unmatched,0,0,0
OCDKLD_12065 Required for nuclear transport of RNA pol II C-terminus 1,Unmatched,0,0,0
OCDKLD_12070 hypothetical protein,Unmatched,0,0,0
"OCDKLD_12075 putative toxin-antitoxin system toxin component, PIN family",Unmatched,0,0,0
OCDKLD_12080 hypothetical protein,Unmatched,0,0,0
OCDKLD_12085 nucleic acid-binding protein,Unmatched,0,0,0
OCDKLD_12090 hypothetical protein,Unmatched,0,0,0
OCDKLD_12095 DUF4926 domain-containing protein,Unmatched,0,0,0
OCDKLD_12100 TIGR03279 family radical SAM protein,Unmatched,0,0,0
OCDKLD_12105 ATP-dependent zinc metalloprotease FtsH4,Unmatched,0,0,0
OCDKLD_12110 Tetratricopeptide repeat family protein,Unmatched,0,0,0
OCDKLD_12120 hypothetical protein,Unmatched,0,0,0
OCDKLD_12125 hypothetical protein,Unmatched,0,0,0
OCDKLD_12130 biopolymer transporter,Unmatched,0,0,0
OCDKLD_12135 DUF3370 domain-containing protein,Unmatched,0,0,0
OCDKLD_12140 hypothetical protein,Unmatched,0,0,0
OCDKLD_12145 photosystem I reaction center subunit PsaK,Unmatched,0,0,0
OCDKLD_12150 phosphoribosylanthranilate isomerase,Unmatched,0,0,0
OCDKLD_12155 GTP cyclohydrolase I FolE,Unmatched,0,0,0
OCDKLD_12160 SDR family oxidoreductase,Unmatched,0,0,0
OCDKLD_12165 hypothetical protein,Unmatched,0,0,0
OCDKLD_12170 hypothetical protein,Unmatched,0,0,0
OCDKLD_12175 DZANK-type domain-containing protein,Unmatched,0,0,0
OCDKLD_12180 PAS domain-containing sensor histidine kinase,Unmatched,0,0,0
OCDKLD_12185 hypothetical protein,Unmatched,0,0,0
OCDKLD_12190 replication restart DNA helicase PriA,Unmatched,0,0,0
OCDKLD_12195 glycosyl transferase family 1,Unmatched,0,0,0
OCDKLD_12200 CemA family,Unmatched,0,0,0
OCDKLD_12205 hydrophobe/amphiphile efflux-1 family RND transporter,Unmatched,0,0,0
OCDKLD_12210 sodium:proton antiporter,Unmatched,0,0,0
OCDKLD_12215 amino acid ABC transporter ATP-binding protein,Unmatched,0,0,0
OCDKLD_12220 DUF29 domain-containing protein,Unmatched,0,0,0
OCDKLD_12225 restriction endonuclease,Unmatched,0,0,0
OCDKLD_12230 Photosystem II manganese-stabilizing polypeptide,Unmatched,0,0,0
OCDKLD_12235 hypothetical protein,Unmatched,0,0,0
OCDKLD_12240 ornithine carbamoyltransferase,Unmatched,0,0,0
OCDKLD_12245 Mobile element protein,Unmatched,0,0,0
OCDKLD_12250 DNA gyrase subunit A,Unmatched,0,0,0
OCDKLD_12255 DNA uptake protein,Unmatched,0,0,0
OCDKLD_12260 TM2 domain-containing protein,Unmatched,0,0,0
OCDKLD_12265 asparagine--tRNA ligase,Unmatched,0,0,0
OCDKLD_12270 Txe/YoeB family addiction module toxin,Unmatched,0,0,0
OCDKLD_12275 prevent-host-death protein,Unmatched,0,0,0
OCDKLD_12280 hypothetical protein,Unmatched,0,0,0
OCDKLD_12285 hypothetical protein,Unmatched,0,0,0
"OCDKLD_12290 putative nucleic acid-binding protein, contains PIN domain",Unmatched,0,0,0
OCDKLD_12295 Uncharacterised protein family (UPF0175),Unmatched,0,0,0
OCDKLD_12300 hypothetical protein,Unmatched,0,0,0
OCDKLD_12305 hypothetical protein,Unmatched,0,0,0
OCDKLD_12310 type II toxin-antitoxin system RelE/ParE family toxin,Unmatched,0,0,0
OCDKLD_12315 Uncharacterised protein family (UPF0175),Unmatched,0,0,0
"OCDKLD_12320 putative toxin-antitoxin system toxin component, PIN family",Unmatched,0,0,0
OCDKLD_12325 hypothetical protein,Unmatched,0,0,0
"OCDKLD_12330 Carbohydrate-selective porin, OprB family",Unmatched,0,0,0
OCDKLD_12335 thylakoid membrane photosystem I accumulation factor,Unmatched,0,0,0
OCDKLD_12340 heat-shock protein,Unmatched,0,0,0
OCDKLD_12345 DUF3143 domain-containing protein,Unmatched,0,0,0
OCDKLD_12350 arsenosugar biosynthesis radical SAM protein ArsS,Unmatched,0,0,0
OCDKLD_12355 LytR family transcriptional regulator,Unmatched,0,0,0
OCDKLD_12360 GNAT family N-acetyltransferase,Unmatched,0,0,0
OCDKLD_12365 AmpG family muropeptide MFS transporter,Unmatched,0,0,0
OCDKLD_12370 guanylate cyclase,Unmatched,0,0,0
OCDKLD_12375 nitroreductase,Unmatched,0,0,0
OCDKLD_12380 tyramine oxidase,Unmatched,0,0,0
OCDKLD_12385 DUF3854 domain-containing protein,Unmatched,0,0,0
OCDKLD_12390 ribonucleoside-diphosphate reductase subunit alpha,Unmatched,0,0,0
OCDKLD_12395 DUF29 domain-containing protein,Unmatched,0,0,0
OCDKLD_12400 DUF29 domain-containing protein,Unmatched,0,0,0
OCDKLD_12405 DUF29 domain-containing protein,Unmatched,0,0,0
OCDKLD_12410 ribonucleotide-diphosphate reductase subunit beta,Unmatched,0,0,0
OCDKLD_12415 NAD(+) kinase,Unmatched,0,0,0
OCDKLD_12420 phycobiliprotein lyase,Unmatched,0,0,0
OCDKLD_12425 phosphomethylpyrimidine synthase,Unmatched,0,0,0
OCDKLD_12430 type I glutamate--ammonia ligase,Unmatched,0,0,0
OCDKLD_12435 DUF2283 domain-containing protein,Unmatched,0,0,0
OCDKLD_12440 XisI protein,Unmatched,0,0,0
OCDKLD_12445 fatty-acid oxidation protein subunit alpha,Unmatched,0,0,0
OCDKLD_12450 SAM-dependent methyltransferase,Unmatched,0,0,0
OCDKLD_12455 Putative restriction endonuclease,Unmatched,0,0,0
OCDKLD_12460 DUF2278 domain-containing protein,Unmatched,0,0,0
OCDKLD_12465 hypothetical protein,Unmatched,0,0,0
OCDKLD_12470 peptidase,Unmatched,0,0,0
OCDKLD_12475 Gln-deamidase-2 domain-containing protein,Unmatched,0,0,0
OCDKLD_12480 hypothetical protein,Unmatched,0,0,0
OCDKLD_12485 Type II toxin-antitoxin system VapC family toxin,Unmatched,0,0,0
"OCDKLD_12490 Triacylglycerol esterase/lipase EstA, alpha/beta hydrolase fold",Unmatched,0,0,0
OCDKLD_12495 Caspase family protein,Unmatched,0,0,0
OCDKLD_12500 ATPase,Unmatched,0,0,0
OCDKLD_12505 Serine/threonine-protein kinase pkn1,Unmatched,0,0,0
OCDKLD_12510 transcriptional regulator,Unmatched,0,0,0
OCDKLD_12515 type II toxin-antitoxin system HigB family toxin,Unmatched,0,0,0
OCDKLD_12520 hypothetical protein,Unmatched,0,0,0
OCDKLD_12525 Chromosome partition protein Smc,Unmatched,0,0,0
OCDKLD_12530 anticodon-binding protein,Unmatched,0,0,0
OCDKLD_12535 modification methylase,Unmatched,0,0,0
OCDKLD_12540 alpha/beta hydrolase,Unmatched,0,0,0
OCDKLD_12545 All3148 protein,Unmatched,0,0,0
OCDKLD_12550 Red carotenoid-binding protein,Unmatched,0,0,0
OCDKLD_12555 Type II secretory pathway ATPase PulE/Tfp pilus assembly pathway ATPase PilB,Unmatched,0,0,0
OCDKLD_12560 hypothetical protein,Unmatched,0,0,0
OCDKLD_12565 permease,Unmatched,0,0,0
OCDKLD_12570 anthranilate synthase component I,Unmatched,0,0,0
OCDKLD_12575 hypothetical protein,Unmatched,0,0,0
OCDKLD_12580 Uncharacterized protein slr1919,Unmatched,0,0,0
OCDKLD_12585 HEPN-RiboL-PSP domain-containing protein,Unmatched,0,0,0
OCDKLD_12590 NUBPL iron-transfer P-loop NTPase,Unmatched,0,0,0
OCDKLD_12595 Putative restriction endonuclease,Unmatched,0,0,0
OCDKLD_12600 hypothetical protein,Unmatched,0,0,0
OCDKLD_12605 glutaredoxin family protein,Unmatched,0,0,0
OCDKLD_12610 serine hydrolase,Unmatched,0,0,0
OCDKLD_12615 RNA methyltransferase,Unmatched,0,0,0
OCDKLD_12620 glycosyltransferase,Unmatched,0,0,0
OCDKLD_12625 ATPase,Unmatched,0,0,0
OCDKLD_12630 TrkA family potassium uptake protein,Unmatched,0,0,0
OCDKLD_12635 amidase,Unmatched,0,0,0
OCDKLD_12640 hypothetical protein,Unmatched,0,0,0
OCDKLD_12645 hypothetical protein,Unmatched,0,0,0
OCDKLD_12650 protein phosphatase,Unmatched,0,0,0
OCDKLD_12655 GNAT family N-acetyltransferase,Unmatched,0,0,0
OCDKLD_12660 hypothetical protein,Unmatched,0,0,0
OCDKLD_12665 Ssr0692 protein,Unmatched,0,0,0
OCDKLD_12670 Adenosyl-chloride synthase,Unmatched,0,0,0
OCDKLD_12675 carboxylating nicotinate-nucleotide diphosphorylase,Unmatched,0,0,0
OCDKLD_12680 Putative restriction endonuclease,Unmatched,0,0,0
OCDKLD_12685 phosphoribulokinase,Unmatched,0,0,0
OCDKLD_12690 hypothetical protein,Unmatched,0,0,0
OCDKLD_12695 LD-carboxypeptidase,Unmatched,0,0,0
OCDKLD_12700 Type II secretion system protein D,Unmatched,0,0,0
OCDKLD_12705 pilus assembly protein,Unmatched,0,0,0
OCDKLD_12710 pilus assembly protein,Unmatched,0,0,0
OCDKLD_12715 pilus assembly protein PilM,Unmatched,0,0,0
OCDKLD_12720 ketol-acid reductoisomerase,Unmatched,0,0,0
"OCDKLD_12725 ECF-type riboflavin transporter, S component",Unmatched,0,0,0
OCDKLD_12730 hypothetical protein,Unmatched,0,0,0
OCDKLD_12735 peptidase,Unmatched,0,0,0
OCDKLD_12740 NAD(P)H-quinone oxidoreductase subunit N,Unmatched,0,0,0
OCDKLD_12745 DUF3539 domain-containing protein,Unmatched,0,0,0
OCDKLD_12750 YggS family pyridoxal phosphate enzyme,Unmatched,0,0,0
OCDKLD_12755 cell division protein SepF,Unmatched,0,0,0
OCDKLD_12760 pyrroline-5-carboxylate reductase,Unmatched,0,0,0
OCDKLD_12765 glucose-6-phosphate dehydrogenase,Unmatched,0,0,0
OCDKLD_12770 Metal-binding protein,Unmatched,0,0,0
OCDKLD_12775 tRNA-Val(tac),Unmatched,0,0,0
OCDKLD_12780 YkgJ family cysteine cluster protein,Unmatched,0,0,0
OCDKLD_12785 serine/threonine protein kinase,Unmatched,0,0,0
OCDKLD_12790 Fe-S cluster assembly protein SufD,Unmatched,0,0,0
OCDKLD_12795 cysteine desulfurase,Unmatched,0,0,0
OCDKLD_12800 RNA pseudouridine synthase,Unmatched,0,0,0
OCDKLD_12805 hypothetical protein,Unmatched,0,0,0
OCDKLD_12810 DUF29 domain-containing protein,Unmatched,0,0,0
OCDKLD_12815 Domain of unknown function DUF29,Unmatched,0,0,0
OCDKLD_12820 Serine/threonine-protein kinase B,Unmatched,0,0,0
OCDKLD_12825 RHH-1 domain-containing protein,Unmatched,0,0,0
OCDKLD_12830 hypothetical protein,Unmatched,0,0,0
OCDKLD_12835 transglutaminase,Unmatched,0,0,0
OCDKLD_12840 A putative alpha-helical domain with a conserved ER motif,Unmatched,0,0,0
OCDKLD_12845 Circularly permuted ATP-grasp type 2,Unmatched,0,0,0
OCDKLD_12850 cytochrome b6,Unmatched,0,0,0
OCDKLD_12855 cytochrome b6-f complex subunit IV,Unmatched,0,0,0
OCDKLD_12860 phytoene/squalene synthase family protein,Unmatched,0,0,0
OCDKLD_12865 hypothetical protein,Unmatched,0,0,0
OCDKLD_12870 hypothetical protein,Unmatched,0,0,0
OCDKLD_12875 pilus motility taxis protein HmpF,Unmatched,0,0,0
OCDKLD_12880 two-component system response regulator,Unmatched,0,0,0
OCDKLD_12885 CheW-like domain-containing protein,Unmatched,0,0,0
OCDKLD_12890 chemotaxis protein,Unmatched,0,0,0
OCDKLD_12895 glycosyltransferase,Unmatched,0,0,0
OCDKLD_12900 DNA (cytosine-5-)-methyltransferase,Unmatched,0,0,0
OCDKLD_12905 glutamine-hydrolyzing GMP synthase,Unmatched,0,0,0
OCDKLD_12910 cobalt-precorrin-5B (C(1))-methyltransferase CbiD,Unmatched,0,0,0
OCDKLD_12915 hypothetical protein,Unmatched,0,0,0
OCDKLD_12920 hypothetical protein,Unmatched,0,0,0
OCDKLD_12930 hypothetical protein,Unmatched,0,0,0
OCDKLD_12935 Uma2 domain-containing protein,Unmatched,0,0,0
OCDKLD_12940 FAD-dependent oxidoreductase,Unmatched,0,0,0
OCDKLD_12945 exonuclease sbcCD subunit D,Unmatched,0,0,0
OCDKLD_12950 hypothetical protein,Unmatched,0,0,0
OCDKLD_12955 Cytochrome b6-f complex subunit 8,Unmatched,0,0,0
OCDKLD_12960 hypothetical protein,Unmatched,0,0,0
OCDKLD_12965 3-dehydroquinate synthase,Unmatched,0,0,0
OCDKLD_12970 dehydrogenase,Unmatched,0,0,0
OCDKLD_12975 chromosome segregation protein SMC,Unmatched,0,0,0
OCDKLD_12980 DUF4276 domain-containing protein,Unmatched,0,0,0
OCDKLD_12985 DUF4278 domain-containing protein,Unmatched,0,0,0
OCDKLD_12990 FHA domain-containing protein,Unmatched,0,0,0
OCDKLD_12995 hypothetical protein,Unmatched,0,0,0
OCDKLD_13000 AI-2E family transporter,Unmatched,0,0,0
OCDKLD_13005 tRNA-Gln(ttg),Unmatched,0,0,0
OCDKLD_13010 hypothetical protein,Unmatched,0,0,0
OCDKLD_13015 peptidase S41,Unmatched,0,0,0
OCDKLD_13020 cell division protein,Unmatched,0,0,0
OCDKLD_13025 cell division protein FtsZ,Unmatched,0,0,0
OCDKLD_13030 bifunctional hydroxymethylpyrimidine kinase/phosphomethylpyrimidine kinase,Unmatched,0,0,0
OCDKLD_13035 hypothetical protein,Unmatched,0,0,0
OCDKLD_13040 hypothetical protein,Unmatched,0,0,0
OCDKLD_13045 hypothetical protein,Unmatched,0,0,0
OCDKLD_13050 Serine/threonine-protein kinase pkn1,Unmatched,0,0,0
OCDKLD_13055 ABC transporter substrate-binding protein,Unmatched,0,0,0
OCDKLD_13060 polar amino acid ABC transporter ATP-binding protein,Unmatched,0,0,0
OCDKLD_13105 hypothetical protein,Unmatched,0,0,0
OCDKLD_13110 preQ(1) synthase,Unmatched,0,0,0
OCDKLD_13115 hypothetical protein,Unmatched,0,0,0
OCDKLD_13120 hypothetical protein,Unmatched,0,0,0
OCDKLD_13125 Dioxygenase,Unmatched,0,0,0
OCDKLD_13130 hypothetical protein,Unmatched,0,0,0
OCDKLD_13135 glycine--tRNA ligase subunit beta,Unmatched,0,0,0
OCDKLD_13140 DUF4277 domain-containing protein,Unmatched,0,0,0
OCDKLD_13145 IS1634 family transposase,Unmatched,0,0,0
OCDKLD_13150 iron-sulfur cluster assembly accessory protein,Unmatched,0,0,0
OCDKLD_13155 phospho-N-acetylmuramoyl-pentapeptide-transferase,Unmatched,0,0,0
OCDKLD_13160 DUF3134 domain-containing protein,Unmatched,0,0,0
OCDKLD_13165 8-oxo-dGTP diphosphatase MutT,Unmatched,0,0,0
OCDKLD_13170 30S ribosomal protein PSRP-3,Unmatched,0,0,0
OCDKLD_13175 ATP synthase F1 subunit epsilon,Unmatched,0,0,0
OCDKLD_13180 F0F1 ATP synthase subunit beta,Unmatched,0,0,0
OCDKLD_13185 hypothetical protein,Unmatched,0,0,0
OCDKLD_13190 chaperone protein ClpB,Unmatched,0,0,0
OCDKLD_13195 HTH cro/C1-type domain-containing protein,Unmatched,0,0,0
OCDKLD_13200 hypothetical protein,Unmatched,0,0,0
OCDKLD_13205 DUF4926 domain-containing protein,Unmatched,0,0,0
OCDKLD_13210 hypothetical protein,Unmatched,0,0,0
OCDKLD_13215 hypothetical protein,Unmatched,0,0,0
OCDKLD_13220 PEP-CTERM sorting domain-containing protein,Unmatched,0,0,0
OCDKLD_13225 hypothetical protein,Unmatched,0,0,0
OCDKLD_13230 hypothetical protein,Unmatched,0,0,0
OCDKLD_13235 branched-chain amino acid ABC transporter permease,Unmatched,0,0,0
OCDKLD_13240 Putative manganese efflux pump,Unmatched,0,0,0
OCDKLD_13245 7-cyano-7-deazaguanine synthase QueC,Unmatched,0,0,0
OCDKLD_13250 aspartyl protease,Unmatched,0,0,0
OCDKLD_13255 hypothetical protein,Unmatched,0,0,0
OCDKLD_13260 7-carboxy-7-deazaguanine synthase QueE,Unmatched,0,0,0
OCDKLD_13265 DUF2518 domain-containing protein,Unmatched,0,0,0
OCDKLD_13270 oxidoreductase,Unmatched,0,0,0
OCDKLD_13275 HicB-like domain-containing protein,Unmatched,0,0,0
OCDKLD_13280 hypothetical protein,Unmatched,0,0,0
OCDKLD_13285 HTH-OrfB-IS605 domain-containing protein,Unmatched,0,0,0
OCDKLD_13290 Sigma70-r4-2 domain-containing protein,Unmatched,0,0,0
OCDKLD_13295 hypothetical protein,Unmatched,0,0,0
OCDKLD_13300 cryptochrome/photolyase family protein,Unmatched,0,0,0
OCDKLD_13305 translation initiation factor,Unmatched,0,0,0
OCDKLD_13310 TspO protein,Unmatched,0,0,0
OCDKLD_13315 precorrin-4 C(11)-methyltransferase,Unmatched,0,0,0
OCDKLD_13320 replicative DNA helicase,Unmatched,0,0,0
OCDKLD_13325 Dolichyl-phosphate-mannose-protein mannosyltransferase,Unmatched,0,0,0
OCDKLD_13330 GHL10 domain-containing protein,Unmatched,0,0,0
OCDKLD_13335 hypothetical protein,Unmatched,0,0,0
OCDKLD_13340 Secreted effector protein PipB2,Unmatched,0,0,0
OCDKLD_13345 XisI protein,Unmatched,0,0,0
OCDKLD_13350 fatty-acid oxidation protein subunit alpha,Unmatched,0,0,0
OCDKLD_13355 2-phosphosulfolactate phosphatase family protein,Unmatched,0,0,0
OCDKLD_13360 bifunctional folylpolyglutamate synthase/dihydrofolate synthase,Unmatched,0,0,0
OCDKLD_13365 DUF3352 domain-containing protein,Unmatched,0,0,0
OCDKLD_13370 LysR family transcriptional regulator,Unmatched,0,0,0
OCDKLD_13375 transporter,Unmatched,0,0,0
OCDKLD_13380 DUF202 domain-containing protein,Unmatched,0,0,0
OCDKLD_13385 sulfite exporter TauE/SafE family protein,Unmatched,0,0,0
OCDKLD_13390 sulfate ABC transporter ATP-binding protein,Unmatched,0,0,0
OCDKLD_13395 hydrogenase nickel incorporation protein HypB,Unmatched,0,0,0
OCDKLD_13400 hydrogenase maturation nickel metallochaperone HypA,Unmatched,0,0,0
OCDKLD_13405 hydrogenase expression/formation protein HypE,Unmatched,0,0,0
OCDKLD_13410 hypothetical protein,Unmatched,0,0,0
OCDKLD_13415 ATP-dependent DNA helicase RecG,Unmatched,0,0,0
OCDKLD_13420 oxidoreductase,Unmatched,0,0,0
OCDKLD_13425 hypothetical protein,Unmatched,0,0,0
OCDKLD_13430 hypothetical protein,Unmatched,0,0,0
OCDKLD_13435 bidirectional hydrogenase complex protein HoxU,Unmatched,0,0,0
OCDKLD_13440 hydroxylamine reductase,Unmatched,0,0,0
OCDKLD_13445 hypothetical protein,Unmatched,0,0,0
OCDKLD_13450 DUF3326 domain-containing protein,Unmatched,0,0,0
OCDKLD_13455 CPBP family intramembrane metalloprotease,Unmatched,0,0,0
OCDKLD_13460 DUF3531 domain-containing protein,Unmatched,0,0,0
OCDKLD_13465 hypothetical protein,Unmatched,0,0,0
OCDKLD_13470 peptide ABC transporter substrate-binding protein,Unmatched,0,0,0
OCDKLD_13475 pentapeptide repeat-containing protein,Unmatched,0,0,0
OCDKLD_13480 DedA family protein,Unmatched,0,0,0
OCDKLD_13485 methyltransferase,Unmatched,0,0,0
OCDKLD_13490 glycosyltransferase family 1 protein,Unmatched,0,0,0
OCDKLD_13495 hypothetical protein,Unmatched,0,0,0
OCDKLD_13500 RNA-binding protein,Unmatched,0,0,0
"OCDKLD_13505 1,4-dihydroxy-2-naphthoyl-CoA synthase",Unmatched,0,0,0
OCDKLD_13510 HicB-like domain-containing protein,Unmatched,0,0,0
OCDKLD_13515 glycosyltransferase,Unmatched,0,0,0
OCDKLD_13520 2-C-methyl-D-erythritol 4-phosphate cytidylyltransferase,Unmatched,0,0,0
OCDKLD_13525 DUF1824 domain-containing protein,Unmatched,0,0,0
OCDKLD_13530 hypothetical protein,Unmatched,0,0,0
OCDKLD_13535 hypothetical protein,Unmatched,0,0,0
OCDKLD_13540 magnesium chelatase ATPase subunit D,Unmatched,0,0,0
OCDKLD_13550 putative permease,Unmatched,0,0,0
OCDKLD_13555 TIGR03943 family protein,Unmatched,0,0,0
OCDKLD_13560 Big-5 domain-containing protein,Unmatched,0,0,0
OCDKLD_13565 aldehyde dehydrogenase family protein,Unmatched,0,0,0
OCDKLD_13570 isochorismate synthase,Unmatched,0,0,0
OCDKLD_13575 ferredoxin,Unmatched,0,0,0
OCDKLD_13580 thiol:disulfide interchange protein,Unmatched,0,0,0
OCDKLD_13585 hypothetical protein,Unmatched,0,0,0
OCDKLD_13590 hypothetical protein,Unmatched,0,0,0
OCDKLD_13595 ATP-dependent zinc metalloprotease FtsH,Unmatched,0,0,0
OCDKLD_13600 c-type cytochrome biogenesis protein CcsB,Unmatched,0,0,0
OCDKLD_13605 aspartoacylase,Unmatched,0,0,0
OCDKLD_13610 serine/threonine protein kinase,Unmatched,0,0,0
OCDKLD_13615 AAA+ family ATPase,Unmatched,0,0,0
OCDKLD_13620 hypothetical protein,Unmatched,0,0,0
OCDKLD_13625 DUF1049 domain-containing protein,Unmatched,0,0,0
OCDKLD_13630 hypothetical protein,Unmatched,0,0,0
OCDKLD_13635 type III-B CRISPR module RAMP protein Cmr6,Unmatched,0,0,0
OCDKLD_13640 hypothetical protein,Unmatched,0,0,0
OCDKLD_13645 Putative restriction endonuclease,Unmatched,0,0,0
OCDKLD_13650 type III-B CRISPR module RAMP protein Cmr4,Unmatched,0,0,0
OCDKLD_13655 CRISPR-associated protein Cmr3,Unmatched,0,0,0
OCDKLD_13660 type III-B CRISPR-associated protein Cas10/Cmr2,Unmatched,0,0,0
OCDKLD_13665 WYL domain-containing protein,Unmatched,0,0,0
OCDKLD_13670 methyltransferase,Unmatched,0,0,0
OCDKLD_13675 phosphoglucosamine mutase,Unmatched,0,0,0
OCDKLD_13680 hypothetical protein,Unmatched,0,0,0
OCDKLD_13685 Lactamase-B domain-containing protein,Unmatched,0,0,0
OCDKLD_13690 IS5-like element ISMae4 family transposase,Unmatched,0,0,0
OCDKLD_13695 CRISPR-associated protein,Unmatched,0,0,0
OCDKLD_13700 type III-B CRISPR module RAMP protein Cmr4,Unmatched,0,0,0
OCDKLD_13705 tRNA-Ile2(cat),Unmatched,0,0,0
OCDKLD_13710 hypothetical protein,Unmatched,0,0,0
OCDKLD_13715 Magnesium and cobalt efflux protein CorC,Unmatched,0,0,0
OCDKLD_13720 murein transglycosylase,Unmatched,0,0,0
OCDKLD_13725 GRRM system radical SAM/SPASM domain protein,Unmatched,0,0,0
OCDKLD_13730 HicB-like domain-containing protein,Unmatched,0,0,0
OCDKLD_13735 restriction endonuclease subunit M,Unmatched,0,0,0
OCDKLD_13740 Methylase-S domain-containing protein,Unmatched,0,0,0
OCDKLD_13745 nucleic acid-binding protein,Unmatched,0,0,0
OCDKLD_13750 tRNA dihydrouridine synthase DusB,Unmatched,0,0,0
OCDKLD_13755 glucose-6-phosphate isomerase,Unmatched,0,0,0
OCDKLD_13760 ABC transporter permease,Unmatched,0,0,0
OCDKLD_13765 histidinol dehydrogenase,Unmatched,0,0,0
OCDKLD_13770 acetyl-CoA carboxylase biotin carboxylase subunit,Unmatched,0,0,0
OCDKLD_13775 Putative restriction endonuclease,Unmatched,0,0,0
OCDKLD_13780 Putative restriction endonuclease,Unmatched,0,0,0
OCDKLD_13785 Putative restriction endonuclease,Unmatched,0,0,0
OCDKLD_13790 DUF29 domain-containing protein,Unmatched,0,0,0
OCDKLD_13795 Putative restriction endonuclease,Unmatched,0,0,0
OCDKLD_13800 molecular chaperone DnaK,Unmatched,0,0,0
OCDKLD_13805 hypothetical protein,Unmatched,0,0,0
OCDKLD_13810 competence/damage-inducible protein A,Unmatched,0,0,0
OCDKLD_13815 hypothetical protein,Unmatched,0,0,0
OCDKLD_13820 polyketide biosynthesis operon protein CyrO,Unmatched,0,0,0
OCDKLD_13825 type II toxin-antitoxin system RelE/ParE family toxin,Unmatched,0,0,0
OCDKLD_13830 hypothetical protein,Unmatched,0,0,0
OCDKLD_13835 serine/threonine kinase,Unmatched,0,0,0
OCDKLD_13840 hypothetical protein,Unmatched,0,0,0
OCDKLD_13845 hypothetical protein,Unmatched,0,0,0
"OCDKLD_13850 type II toxin-antitoxin system mRNA interferase toxin, RelE/StbE family",Unmatched,0,0,0
OCDKLD_13855 hypothetical protein,Unmatched,0,0,0
OCDKLD_13860 type II toxin-antitoxin system death-on-curing family toxin,Unmatched,0,0,0
OCDKLD_13865 AbrB family transcriptional regulator,Unmatched,0,0,0
OCDKLD_13870 hypothetical protein,Unmatched,0,0,0
OCDKLD_13875 glycosyl transferase,Unmatched,0,0,0
OCDKLD_13880 DUF2949 domain-containing protein,Unmatched,0,0,0
OCDKLD_13885 Conserved nitrate reductase-associated protein (Nitr_red_assoc),Unmatched,0,0,0
OCDKLD_13890 prephenate/arogenate dehydrogenase,Unmatched,0,0,0
OCDKLD_13895 cupin domain-containing protein,Unmatched,0,0,0
OCDKLD_13900 Polyketide cyclase / dehydrase and lipid transport,Unmatched,0,0,0
OCDKLD_13905 hypothetical protein,Unmatched,0,0,0
OCDKLD_13910 hypothetical protein,Unmatched,0,0,0
OCDKLD_13915 glucose-1-phosphate cytidylyltransferase,Unmatched,0,0,0
"OCDKLD_13920 CDP-glucose 4,6-dehydratase",Unmatched,0,0,0
OCDKLD_13925 lipopolysaccharide biosynthesis protein RfbH,Unmatched,0,0,0
OCDKLD_13930 UDP-glucose 4-epimerase,Unmatched,0,0,0
"OCDKLD_13935 dTDP-glucose 4,6-dehydratase",Unmatched,0,0,0
OCDKLD_13940 Glycosyltransferase,Unmatched,0,0,0
OCDKLD_13945 hypothetical protein,Unmatched,0,0,0
OCDKLD_13950 Putative restriction endonuclease,Unmatched,0,0,0
OCDKLD_13955 glycosyl hydrolase family 57,Unmatched,0,0,0
OCDKLD_13960 Magnesium and cobalt efflux protein CorC,Unmatched,0,0,0
OCDKLD_13965 hypothetical protein,Unmatched,0,0,0
OCDKLD_13970 Proton extrusion protein PcxA,Unmatched,0,0,0
OCDKLD_13975 UvrD-like helicase C-terminal domain-containing protein,Unmatched,0,0,0
OCDKLD_13980 hypothetical protein,Unmatched,0,0,0
OCDKLD_13985 ATP phosphoribosyltransferase regulatory subunit,Unmatched,0,0,0
OCDKLD_13990 molecular chaperone DnaJ,Unmatched,0,0,0
OCDKLD_13995 inositol monophosphatase,Unmatched,0,0,0
OCDKLD_14000 ferredoxin,Unmatched,0,0,0
OCDKLD_14005 hypothetical protein,Unmatched,0,0,0
OCDKLD_14010 homogentisate phytyltransferase,Unmatched,0,0,0
OCDKLD_14015 tRNA-Ser(cga),Unmatched,0,0,0
OCDKLD_14020 RDD family,Unmatched,0,0,0
OCDKLD_14025 DUF6464 domain-containing protein,Unmatched,0,0,0
OCDKLD_14030 8-amino-7-oxononanoate synthase,Unmatched,0,0,0
OCDKLD_14035 porphobilinogen synthase,Unmatched,0,0,0
OCDKLD_14040 hypothetical protein,Unmatched,0,0,0
OCDKLD_14045 hypothetical protein,Unmatched,0,0,0
OCDKLD_14050 isochorismate synthase,Unmatched,0,0,0
OCDKLD_14055 TIGR02646 family protein,Unmatched,0,0,0
OCDKLD_14060 ATPase,Unmatched,0,0,0
OCDKLD_14065 SAM-dependent methyltransferase,Unmatched,0,0,0
OCDKLD_14095 hypothetical protein,Unmatched,0,0,0
OCDKLD_14100 PEP-CTERM sorting domain-containing protein,Unmatched,0,0,0
OCDKLD_14115 DUF433 domain-containing protein,Unmatched,0,0,0
OCDKLD_14120 DUF5615 domain-containing protein,Unmatched,0,0,0
OCDKLD_14125 hypothetical protein,Unmatched,0,0,0
OCDKLD_14130 M23 family peptidase,Unmatched,0,0,0
OCDKLD_14135 biotin--[acetyl-CoA-carboxylase] ligase,Unmatched,0,0,0
OCDKLD_14140 hypothetical protein,Unmatched,0,0,0
OCDKLD_14145 hypothetical protein,Unmatched,0,0,0
OCDKLD_14150 IS200/IS605 family transposase,Unmatched,0,0,0
OCDKLD_14155 SrpM,Unmatched,0,0,0
OCDKLD_14160 PemK family transcriptional regulator,Unmatched,0,0,0
OCDKLD_14165 peptidase,Unmatched,0,0,0
OCDKLD_14170 tRNA-Met(cat),Unmatched,0,0,0
OCDKLD_14175 IS630 family transposase,Unmatched,0,0,0
OCDKLD_14180 nucleic acid-binding protein,Unmatched,0,0,0
OCDKLD_14185 type II toxin-antitoxin system Phd/YefM family antitoxin,Unmatched,0,0,0
OCDKLD_14190 hypothetical protein,Unmatched,0,0,0
OCDKLD_14195 hypothetical protein,Unmatched,0,0,0
OCDKLD_14200 BrnT family toxin,Unmatched,0,0,0
OCDKLD_14205 Asl2194 protein,Unmatched,0,0,0
OCDKLD_14210 hypothetical protein,Unmatched,0,0,0
OCDKLD_14215 hypothetical protein,Unmatched,0,0,0
OCDKLD_14220 type II toxin-antitoxin system HicB family antitoxin,Unmatched,0,0,0
"OCDKLD_14225 addiction module toxin, HicA family",Unmatched,0,0,0
OCDKLD_14230 DUF3252 domain-containing protein,Unmatched,0,0,0
OCDKLD_14235 HAS-barrel domain-containing protein,Unmatched,0,0,0
OCDKLD_14240 Similarity,Unmatched,0,0,0
OCDKLD_14245 hypothetical protein,Unmatched,0,0,0
OCDKLD_14250 plasmid stabilization protein,Unmatched,0,0,0
OCDKLD_14255 hypothetical protein,Unmatched,0,0,0
OCDKLD_14260 Bifunctional aconitate hydratase 2/2-methylisocitrate dehydratase,Unmatched,0,0,0
OCDKLD_14265 hypothetical protein,Unmatched,0,0,0
OCDKLD_14270 hypothetical protein,Unmatched,0,0,0
OCDKLD_14275 CP12 domain-containing protein,Unmatched,0,0,0
OCDKLD_14280 DUF3177 domain-containing protein,Unmatched,0,0,0
OCDKLD_14285 hypothetical protein,Unmatched,0,0,0
OCDKLD_14290 L-histidine N(alpha)-methyltransferase,Unmatched,0,0,0
OCDKLD_14295 5-histidylcysteine sulfoxide synthase,Unmatched,0,0,0
OCDKLD_14300 glyoxalase,Unmatched,0,0,0
OCDKLD_14305 peptidase S8,Unmatched,0,0,0
OCDKLD_14310 hypothetical protein,Unmatched,0,0,0
OCDKLD_14315 Photosynthesis regulatory RNA1,Unmatched,0,0,0
OCDKLD_14320 two-component system response regulator,Unmatched,0,0,0
OCDKLD_14325 DUF1350 domain-containing protein,Unmatched,0,0,0
OCDKLD_14330 Putative restriction endonuclease,Unmatched,0,0,0
OCDKLD_14335 FIST C-terminal domain-containing protein,Unmatched,0,0,0
OCDKLD_14340 Conserved protein,Unmatched,0,0,0
OCDKLD_14345 hypothetical protein,Unmatched,0,0,0
"OCDKLD_14350 L,D-transpeptidase",Unmatched,0,0,0
OCDKLD_14355 ABC transporter ATP-binding protein,Unmatched,0,0,0
OCDKLD_14360 ABC transporter permease,Unmatched,0,0,0
OCDKLD_14365 ATP-binding protein,Unmatched,0,0,0
OCDKLD_14370 DUF29 domain-containing protein,Unmatched,0,0,0
OCDKLD_14375 restriction endonuclease,Unmatched,0,0,0
OCDKLD_14380 hypothetical protein,Unmatched,0,0,0
OCDKLD_14385 iron-sulfur cluster assembly accessory protein,Unmatched,0,0,0
OCDKLD_14390 hypothetical protein,Unmatched,0,0,0
"OCDKLD_14395 Mycobacterial 4 TMS phage holin, superfamily IV",Unmatched,0,0,0
OCDKLD_14400 WD-repeat protein,Unmatched,0,0,0
OCDKLD_14405 RluA family pseudouridine synthase,Unmatched,0,0,0
OCDKLD_14410 saccharopine dehydrogenase-like oxidoreductase,Unmatched,0,0,0
OCDKLD_14415 DUF2997 domain-containing protein,Unmatched,0,0,0
OCDKLD_14420 DUF1257 domain-containing protein,Unmatched,0,0,0
OCDKLD_14425 ferredoxin,Unmatched,0,0,0
OCDKLD_14430 TrkA family potassium uptake protein,Unmatched,0,0,0
OCDKLD_14435 sodium:proton antiporter,Unmatched,0,0,0
OCDKLD_14445 galactosyl-1-phosphate transferase,Unmatched,0,0,0
OCDKLD_14450 hypothetical protein,Unmatched,0,0,0
OCDKLD_14455 Mobile element protein,Unmatched,0,0,0
OCDKLD_14465 non-ribosomal peptide synthetase,Unmatched,0,0,0
OCDKLD_14470 non-ribosomal peptide synthetase,Unmatched,0,0,0
OCDKLD_14475 Amino acid adenylation domain-containing protein,Unmatched,0,0,0
OCDKLD_14495 dethiobiotin synthase,Unmatched,0,0,0
OCDKLD_14500 nucleotidyltransferase,Unmatched,0,0,0
OCDKLD_14505 Ribonuclease HepT-like,Unmatched,0,0,0
OCDKLD_14510 imidazoleglycerol-phosphate dehydratase HisB,Unmatched,0,0,0
OCDKLD_14515 threonine synthase,Unmatched,0,0,0
OCDKLD_14520 class II glutamine amidotransferase,Unmatched,0,0,0
OCDKLD_14525 cobalt ABC transporter,Unmatched,0,0,0
OCDKLD_14530 Putative restriction endonuclease,Unmatched,0,0,0
OCDKLD_14535 Photosystem I iron-sulfur center,Unmatched,0,0,0
OCDKLD_14540 acetate--CoA ligase,Unmatched,0,0,0
OCDKLD_14545 Chromosome partition protein Smc,Unmatched,0,0,0
OCDKLD_14550 bile acid beta-glucosidase,Unmatched,0,0,0
OCDKLD_14555 DUF3084 domain-containing protein,Unmatched,0,0,0
OCDKLD_14560 global nitrogen regulator NtcA,Unmatched,0,0,0
OCDKLD_14565 enoyl-ACP reductase FabI,Unmatched,0,0,0
OCDKLD_14570 DUF3368 domain-containing protein,Unmatched,0,0,0
OCDKLD_14575 Uncharacterised protein family (UPF0175),Unmatched,0,0,0
OCDKLD_14580 Membrane protein,Unmatched,0,0,0
OCDKLD_14585 hypothetical protein,Unmatched,0,0,0
OCDKLD_14590 type IV pilus biogenesis/stability protein PilW,Unmatched,0,0,0
OCDKLD_14595 cadmium-translocating P-type ATPase,Unmatched,0,0,0
OCDKLD_14600 histidine--tRNA ligase,Unmatched,0,0,0
OCDKLD_14605 hypothetical protein,Unmatched,0,0,0
OCDKLD_14610 murein biosynthesis integral membrane protein MurJ,Unmatched,0,0,0
OCDKLD_14615 DUF4160 domain-containing protein,Unmatched,0,0,0
OCDKLD_14620 hypothetical protein,Unmatched,0,0,0
OCDKLD_14625 hypothetical protein,Unmatched,0,0,0
OCDKLD_14630 hypothetical protein,Unmatched,0,0,0
OCDKLD_14635 DUF2283 domain-containing protein,Unmatched,0,0,0
OCDKLD_14640 hypothetical protein,Unmatched,0,0,0
OCDKLD_14645 DUF2283 domain-containing protein,Unmatched,0,0,0
OCDKLD_14650 Putative integron gene cassette protein,Unmatched,0,0,0
OCDKLD_14655 tRNA-Arg(tct),Unmatched,0,0,0
OCDKLD_14660 ferrochelatase,Unmatched,0,0,0
OCDKLD_14665 DUF2993 domain-containing protein,Unmatched,0,0,0
OCDKLD_14670 membrane protein insertion efficiency factor YidD,Unmatched,0,0,0
OCDKLD_14675 phosphatidate cytidylyltransferase,Unmatched,0,0,0
OCDKLD_14680 aldose epimerase,Unmatched,0,0,0
OCDKLD_14685 tRNA-Lys(ttt),Unmatched,0,0,0
OCDKLD_14690 tRNA (adenosine(37)-N6)-threonylcarbamoyltransferase complex dimerization subunit type 1 TsaB,Unmatched,0,0,0
OCDKLD_14695 hypothetical protein,Unmatched,0,0,0
OCDKLD_14700 choice-of-anchor I family protein,Unmatched,0,0,0
OCDKLD_14705 serine O-acetyltransferase,Unmatched,0,0,0
OCDKLD_14710 excinuclease ABC subunit UvrA,Unmatched,0,0,0
OCDKLD_14715 class I SAM-dependent methyltransferase,Unmatched,0,0,0
OCDKLD_14720 hypothetical protein,Unmatched,0,0,0
OCDKLD_14725 hypothetical protein,Unmatched,0,0,0
OCDKLD_14730 penicillin-binding protein,Unmatched,0,0,0
OCDKLD_14735 peptidase M61,Unmatched,0,0,0
OCDKLD_14740 branched-chain amino acid transaminase,Unmatched,0,0,0
OCDKLD_14745 hypothetical protein,Unmatched,0,0,0
OCDKLD_14750 circadian clock protein KaiC,Unmatched,0,0,0
OCDKLD_14755 PBPb domain-containing protein,Unmatched,0,0,0
OCDKLD_14760 DNA polymerase III subunit alpha,Unmatched,0,0,0
OCDKLD_14770 NAD(P)H-quinone oxidoreductase subunit M,Unmatched,0,0,0
OCDKLD_14775 transporter,Unmatched,0,0,0
OCDKLD_14780 calcium/proton exchanger,Unmatched,0,0,0
OCDKLD_14785 phosphate ABC transporter ATP-binding protein PstB,Unmatched,0,0,0
OCDKLD_14790 phosphate ABC transporter permease PstA,Unmatched,0,0,0
OCDKLD_14795 phosphate ABC transporter permease subunit PstC,Unmatched,0,0,0
OCDKLD_14800 phosphate-binding protein,Unmatched,0,0,0
OCDKLD_14805 sulfate ABC transporter substrate-binding protein,Unmatched,0,0,0
OCDKLD_14810 transporter,Unmatched,0,0,0
OCDKLD_14815 sulfonate ABC transporter substrate-binding protein,Unmatched,0,0,0
OCDKLD_14820 RNA polymerase sigma factor SigC,Unmatched,0,0,0
"OCDKLD_14825 Glycosyl transferase family, a/b domain-containing protein",Unmatched,0,0,0
OCDKLD_14830 LysR family transcriptional regulator,Unmatched,0,0,0
OCDKLD_14835 arsenosugar biosynthesis arsenite methyltransferase ArsM,Unmatched,0,0,0
OCDKLD_14840 glutamate-5-semialdehyde dehydrogenase,Unmatched,0,0,0
OCDKLD_14845 hypothetical protein,Unmatched,0,0,0
OCDKLD_14850 tRNA-Gly(gcc),Unmatched,0,0,0
OCDKLD_14855 hypothetical protein,Unmatched,0,0,0
"OCDKLD_14860 6,7-dimethyl-8-ribityllumazine synthase",Unmatched,0,0,0
OCDKLD_14865 photosystem II reaction center protein PsbZ,Unmatched,0,0,0
OCDKLD_14870 copper resistance protein CopD,Unmatched,0,0,0
OCDKLD_14875 poly(A) polymerase,Unmatched,0,0,0
OCDKLD_14880 Ssr3189 protein,Unmatched,0,0,0
OCDKLD_14885 RNA-binding protein,Unmatched,0,0,0
OCDKLD_14890 DNA methylase,Unmatched,0,0,0
OCDKLD_14895 phenylalanine--tRNA ligase subunit alpha,Unmatched,0,0,0
OCDKLD_14900 DUF4870 domain-containing protein,Unmatched,0,0,0
OCDKLD_14905 FAD-dependent oxidoreductase,Unmatched,0,0,0
OCDKLD_14910 cytidine deaminase,Unmatched,0,0,0
OCDKLD_14915 hypothetical protein,Unmatched,0,0,0
OCDKLD_14920 50S ribosome-binding GTPase,Unmatched,0,0,0
OCDKLD_14925 DUF4336 domain-containing protein,Unmatched,0,0,0
OCDKLD_14930 hypothetical protein,Unmatched,0,0,0
OCDKLD_14935 phosphoribosyltransferase,Unmatched,0,0,0
OCDKLD_14940 hypothetical protein,Unmatched,0,0,0
OCDKLD_14945 hypothetical protein,Unmatched,0,0,0
OCDKLD_14950 hypothetical protein,Unmatched,0,0,0
OCDKLD_14955 HTH araC/xylS-type domain-containing protein,Unmatched,0,0,0
OCDKLD_14960 gliding motility-associated lipoprotein GldK,Unmatched,0,0,0
OCDKLD_14965 arylsulfatase,Unmatched,0,0,0
OCDKLD_14970 NC domain-containing protein,Unmatched,0,0,0
OCDKLD_14975 hypothetical protein,Unmatched,0,0,0
OCDKLD_14980 GuaB3 family IMP dehydrogenase-related protein,Unmatched,0,0,0
OCDKLD_14985 DUF760 domain-containing protein,Unmatched,0,0,0
OCDKLD_14990 DCC1-like thiol-disulfide oxidoreductase,Unmatched,0,0,0
OCDKLD_14995 DUF2887 domain-containing protein,Unmatched,0,0,0
OCDKLD_15000 PEP-CTERM domain-containing protein,Unmatched,0,0,0
OCDKLD_15005 NHLP bacteriocin system secretion protein,Unmatched,0,0,0
OCDKLD_15010 hypothetical protein,Unmatched,0,0,0
OCDKLD_15015 Aluminium activated malate transporter,Unmatched,0,0,0
OCDKLD_15020 hypothetical protein,Unmatched,0,0,0
OCDKLD_15025 hypothetical protein,Unmatched,0,0,0
"OCDKLD_15030 HicA toxin of bacterial toxin-antitoxin,",Unmatched,0,0,0
OCDKLD_15035 HicB family protein,Unmatched,0,0,0
OCDKLD_15040 hypothetical protein,Unmatched,0,0,0
OCDKLD_15045 hypothetical protein,Unmatched,0,0,0
OCDKLD_15050 universal stress protein,Unmatched,0,0,0
OCDKLD_15055 alpha/beta hydrolase,Unmatched,0,0,0
OCDKLD_15060 DUF900 domain-containing protein,Unmatched,0,0,0
OCDKLD_15065 histidine kinase,Unmatched,0,0,0
OCDKLD_15070 photosystem II reaction center protein PsbM,Unmatched,0,0,0
OCDKLD_15075 Transposase,Unmatched,0,0,0
OCDKLD_15080 Polyribonucleotide nucleotidyltransferase,Unmatched,0,0,0
OCDKLD_15085 peptide chain release factor 1,Unmatched,0,0,0
OCDKLD_15090 transaldolase,Unmatched,0,0,0
OCDKLD_15095 50S ribosomal protein L35,Unmatched,0,0,0
OCDKLD_15100 50S ribosomal protein L20,Unmatched,0,0,0
OCDKLD_15105 phosphate starvation-inducible protein PhoH,Unmatched,0,0,0
OCDKLD_15110 GPDPase-memb domain-containing protein,Unmatched,0,0,0
"OCDKLD_15115 Phosphate starvation-inducible protein PhoH, putative ATPase",Unmatched,0,0,0
OCDKLD_15120 cysteine synthase A,Unmatched,0,0,0
OCDKLD_15125 hypothetical protein,Unmatched,0,0,0
"OCDKLD_15130 HicA toxin of bacterial toxin-antitoxin,",Unmatched,0,0,0
OCDKLD_15135 DUF1902 domain-containing protein,Unmatched,0,0,0
OCDKLD_15140 hypothetical protein,Unmatched,0,0,0
OCDKLD_15145 glucose-6-phosphate 1-dehydrogenase,Unmatched,0,0,0
OCDKLD_15150 hypothetical protein,Unmatched,0,0,0
OCDKLD_15155 Similar to Q110X8_TRIEI TPR repeat containing protein,Unmatched,0,0,0
OCDKLD_15160 hypothetical protein,Unmatched,0,0,0
OCDKLD_15165 leucine--tRNA ligase,Unmatched,0,0,0
OCDKLD_15170 hypothetical protein,Unmatched,0,0,0
OCDKLD_15175 DUF1818 domain-containing protein,Unmatched,0,0,0
OCDKLD_15180 esterase,Unmatched,0,0,0
OCDKLD_15185 carbohydrate kinase,Unmatched,0,0,0
OCDKLD_15190 GNAT family N-acetyltransferase,Unmatched,0,0,0
OCDKLD_15195 sensor histidine kinase,Unmatched,0,0,0
OCDKLD_15200 Sua5/YciO/YrdC/YwlC family protein,Unmatched,0,0,0
OCDKLD_15205 hypothetical protein,Unmatched,0,0,0
OCDKLD_15210 DUF488 domain-containing protein,Unmatched,0,0,0
OCDKLD_15215 DUF488 domain-containing protein,Unmatched,0,0,0
OCDKLD_15220 GIY-YIG nuclease family protein,Unmatched,0,0,0
OCDKLD_15225 anthranilate phosphoribosyltransferase,Unmatched,0,0,0
OCDKLD_15230 ferredoxin--nitrite reductase,Unmatched,0,0,0
OCDKLD_15235 protein sphX,Unmatched,0,0,0
OCDKLD_15240 phosphate ABC transporter substrate-binding protein PstS,Unmatched,0,0,0
OCDKLD_15245 phosphate ABC transporter permease subunit PstC,Unmatched,0,0,0
OCDKLD_15250 phosphate ABC transporter permease PstA,Unmatched,0,0,0
OCDKLD_15255 phosphate ABC transporter ATP-binding protein PstB,Unmatched,0,0,0
OCDKLD_15260 phosphate ABC transporter ATP-binding protein PstB,Unmatched,0,0,0
OCDKLD_15265 protein sphX,Unmatched,0,0,0
OCDKLD_15270 phosphate ABC transporter substrate-binding protein PstS,Unmatched,0,0,0
OCDKLD_15275 phosphate ABC transporter permease subunit PstC,Unmatched,0,0,0
OCDKLD_15280 phosphate ABC transporter permease PstA,Unmatched,0,0,0
OCDKLD_15285 phosphate ABC transporter ATP-binding protein PstB,Unmatched,0,0,0
OCDKLD_15290 ATP-dependent protease,Unmatched,0,0,0
OCDKLD_15295 HTH crp-type domain-containing protein,Unmatched,0,0,0
OCDKLD_15300 glucokinase,Unmatched,0,0,0
OCDKLD_15305 Membrane protein containing HD superfamily hydrolase domain YQFF-like protein,Unmatched,0,0,0
OCDKLD_15310 hypothetical protein,Unmatched,0,0,0
OCDKLD_15315 DUF2283 domain-containing protein,Unmatched,0,0,0
OCDKLD_15320 hypothetical protein,Unmatched,0,0,0
OCDKLD_15325 peroxidase family protein,Unmatched,0,0,0
OCDKLD_15330 Putative restriction endonuclease,Unmatched,0,0,0
OCDKLD_15335 ABC transporter,Unmatched,0,0,0
OCDKLD_15340 ABC transporter permease,Unmatched,0,0,0
OCDKLD_15345 MFS transporter,Unmatched,0,0,0
OCDKLD_15350 ABC transporter ATP-binding protein,Unmatched,0,0,0
OCDKLD_15355 alpha/beta hydrolase,Unmatched,0,0,0
OCDKLD_15360 DUF29 domain-containing protein,Unmatched,0,0,0
OCDKLD_15365 DUF2283 domain-containing protein,Unmatched,0,0,0
OCDKLD_15370 hypothetical protein,Unmatched,0,0,0
OCDKLD_15375 hypothetical protein,Unmatched,0,0,0
OCDKLD_15380 type II toxin-antitoxin system HicB family antitoxin,Unmatched,0,0,0
OCDKLD_15385 ABC transporter,Unmatched,0,0,0
OCDKLD_15390 cation ABC transporter substrate-binding protein,Unmatched,0,0,0
OCDKLD_15395 transcription-repair coupling factor,Unmatched,0,0,0
OCDKLD_15400 tRNA-Ser(gga),Unmatched,0,0,0
OCDKLD_15405 mannosyltransferase,Unmatched,0,0,0
OCDKLD_15410 Tetratricopeptide TPR_1 repeat-containing protein,Unmatched,0,0,0
OCDKLD_15415 metallophosphatase,Unmatched,0,0,0
OCDKLD_15420 LL-diaminopimelate aminotransferase,Unmatched,0,0,0
OCDKLD_15425 DUF2839 domain-containing protein,Unmatched,0,0,0
OCDKLD_15430 Nucleoside-diphosphate-sugar epimerase,Unmatched,0,0,0
OCDKLD_15435 DUF29 domain-containing protein,Unmatched,0,0,0
OCDKLD_15440 hypothetical protein,Unmatched,0,0,0
OCDKLD_15445 Pilin polypeptide PilA,Unmatched,0,0,0
OCDKLD_15450 pili assembly chaperone,Unmatched,0,0,0
OCDKLD_15455 type II toxin-antitoxin system RelE/ParE family toxin,Unmatched,0,0,0
OCDKLD_15460 hypothetical protein,Unmatched,0,0,0
OCDKLD_15465 hypothetical protein,Unmatched,0,0,0
OCDKLD_15470 IS630 family transposase,Unmatched,0,0,0
OCDKLD_15475 IS630 family transposase,Unmatched,0,0,0
OCDKLD_15480 hypothetical protein,Unmatched,0,0,0
OCDKLD_15485 hypothetical protein,Unmatched,0,0,0
OCDKLD_15490 DUF5615 domain-containing protein,Unmatched,0,0,0
OCDKLD_15495 hypothetical protein,Unmatched,0,0,0
OCDKLD_15500 HigA family addiction module antitoxin,Unmatched,0,0,0
OCDKLD_15505 IS4 family transposase,Unmatched,0,0,0
OCDKLD_15510 site-specific DNA-methyltransferase,Unmatched,0,0,0
OCDKLD_15515 tryptophan--tRNA ligase,Unmatched,0,0,0
OCDKLD_15520 dolichyl-phosphate-mannose--protein O-mannosyl transferase,Unmatched,0,0,0
OCDKLD_15525 Putative restriction endonuclease,Unmatched,0,0,0
OCDKLD_15530 DNA phosphorothioation-associated methyltransferase,Unmatched,0,0,0
OCDKLD_15535 photosystem II S4 domain protein,Unmatched,0,0,0
OCDKLD_15540 hypothetical protein,Unmatched,0,0,0
OCDKLD_15545 dihydroorotase,Unmatched,0,0,0
OCDKLD_15550 carbonate dehydratase,Unmatched,0,0,0
OCDKLD_15555 biosynthetic-type acetolactate synthase large subunit,Unmatched,0,0,0
OCDKLD_15560 phosphoglycerate dehydrogenase,Unmatched,0,0,0
OCDKLD_15565 50S ribosomal protein L11 methyltransferase,Unmatched,0,0,0
OCDKLD_15570 HicB family protein,Unmatched,0,0,0
OCDKLD_15575 shikimate dehydrogenase,Unmatched,0,0,0
OCDKLD_15580 AAA-16 domain-containing protein,Unmatched,0,0,0
OCDKLD_15585 Argininosuccinate lyase,Unmatched,0,0,0
OCDKLD_15590 chaperonin GroEL,Unmatched,0,0,0
OCDKLD_15595 co-chaperone GroES,Unmatched,0,0,0
OCDKLD_15600 hypothetical protein,Unmatched,0,0,0
OCDKLD_15605 two-component sensor histidine kinase,Unmatched,0,0,0
OCDKLD_15610 CpcD phycobilisome linker protein,Unmatched,0,0,0
OCDKLD_15615 Fructose-bisphosphate aldolase,Unmatched,0,0,0
OCDKLD_15620 secretion system protein E,Unmatched,0,0,0
OCDKLD_15625 DUF3082 domain-containing protein,Unmatched,0,0,0
OCDKLD_15630 DUF1400 domain-containing protein,Unmatched,0,0,0
OCDKLD_15635 exopolyphosphatase,Unmatched,0,0,0
OCDKLD_15640 Secreted effector protein PipB2,Unmatched,0,0,0
OCDKLD_15645 hypothetical protein,Unmatched,0,0,0
OCDKLD_15650 chromosome segregation ATPase,Unmatched,0,0,0
OCDKLD_15655 Hsp33 family molecular chaperone HslO,Unmatched,0,0,0
OCDKLD_15660 hypothetical protein,Unmatched,0,0,0
OCDKLD_15665 prepilin-type family protein,Unmatched,0,0,0
OCDKLD_15670 type 4 pilin,Unmatched,0,0,0
OCDKLD_15675 DMT family transporter,Unmatched,0,0,0
OCDKLD_15680 DUF1823 domain-containing protein,Unmatched,0,0,0
OCDKLD_15685 carbon dioxide transporter,Unmatched,0,0,0
OCDKLD_15690 GUN4 domain-containing protein,Unmatched,0,0,0
OCDKLD_15695 hypothetical protein,Unmatched,0,0,0
OCDKLD_15700 hypothetical protein,Unmatched,0,0,0
OCDKLD_15705 MFS transporter,Unmatched,0,0,0
OCDKLD_15710 alkene reductase,Unmatched,0,0,0
OCDKLD_15715 B12-binding domain-containing radical SAM protein,Unmatched,0,0,0
OCDKLD_15720 AAA family ATPase,Unmatched,0,0,0
OCDKLD_15725 arsenic transporter,Unmatched,0,0,0
OCDKLD_15730 gas vesicle protein,Unmatched,0,0,0
OCDKLD_15735 gas vesicle protein,Unmatched,0,0,0
OCDKLD_15740 gas vesicle protein GvpG,Unmatched,0,0,0
OCDKLD_15745 protein gvpF/L,Unmatched,0,0,0
OCDKLD_15750 gas vesicle protein K,Unmatched,0,0,0
OCDKLD_15755 gas vesicle protein,Unmatched,0,0,0
OCDKLD_15760 gas vesicle protein,Unmatched,0,0,0
OCDKLD_15765 gas vesicle protein GvpN,Unmatched,0,0,0
OCDKLD_15770 gas vesicle protein,Unmatched,0,0,0
OCDKLD_15775 Gas vesicle structural protein,Unmatched,0,0,0
OCDKLD_15780 Gas vesicle structural protein,Unmatched,0,0,0
OCDKLD_15785 hypothetical protein,Unmatched,0,0,0
OCDKLD_15790 hypothetical protein,Unmatched,0,0,0
OCDKLD_15795 trans-splicing intein-formed DNA polymerase III subunit alpha C-terminal partner DnaE-C,Unmatched,0,0,0
OCDKLD_15800 Paired domain-containing protein,Unmatched,0,0,0
OCDKLD_15805 putative high light inducible protein,Unmatched,0,0,0
OCDKLD_15810 B12-binding domain-containing radical SAM protein,Unmatched,0,0,0
OCDKLD_15815 Bacterial archaeo-eukaryotic release factor family 3,Unmatched,0,0,0
OCDKLD_15820 Molybdopterin converting factor subunit 2,Unmatched,0,0,0
OCDKLD_15825 hypothetical protein,Unmatched,0,0,0
OCDKLD_15830 recombinase family protein,Unmatched,0,0,0
OCDKLD_15835 magnesium/cobalt transporter CorA,Unmatched,0,0,0
OCDKLD_15840 hypothetical protein,Unmatched,0,0,0
OCDKLD_15845 hypothetical protein,Unmatched,0,0,0
OCDKLD_15850 Beta-barrel assembly-enhancing protease,Unmatched,0,0,0
OCDKLD_15855 hypothetical protein,Unmatched,0,0,0
OCDKLD_15860 allophycocyanin,Unmatched,0,0,0
OCDKLD_15865 SPFH domain / Band 7 family,Unmatched,0,0,0
OCDKLD_15870 PEP-CTERM sorting domain-containing protein,Unmatched,0,0,0
OCDKLD_15875 ExeM/NucH family extracellular endonuclease,Unmatched,0,0,0
OCDKLD_15880 hypothetical protein,Unmatched,0,0,0
OCDKLD_15885 YciI family protein,Unmatched,0,0,0
OCDKLD_15890 aspartate kinase,Unmatched,0,0,0
OCDKLD_15895 hypothetical protein,Unmatched,0,0,0
OCDKLD_15900 XRE family transcriptional regulator,Unmatched,0,0,0
OCDKLD_15905 type II toxin-antitoxin system RelE/ParE family toxin,Unmatched,0,0,0
OCDKLD_15910 PEP-CTERM domain-containing protein,Unmatched,0,0,0
OCDKLD_15915 sterol C5-desaturase,Unmatched,0,0,0
OCDKLD_15920 NTPase (NACHT family),Unmatched,0,0,0
OCDKLD_15925 B12-binding domain-containing radical SAM protein,Unmatched,0,0,0
OCDKLD_15930 urease accessory protein UreE,Unmatched,0,0,0
OCDKLD_15935 DUF4168 domain-containing protein,Unmatched,0,0,0
OCDKLD_15940 DNA-binding protein,Unmatched,0,0,0
OCDKLD_15945 threonine-phosphate decarboxylase CobD,Unmatched,0,0,0
OCDKLD_15950 photosystem II reaction center protein CP43,Unmatched,0,0,0
OCDKLD_15955 Antisense RNA which regulates isiA expression,Unmatched,0,0,0
OCDKLD_15960 photosystem II D2 protein (photosystem q(a) protein),Unmatched,0,0,0
OCDKLD_15965 hypothetical protein,Unmatched,0,0,0
OCDKLD_15970 BrnT family toxin,Unmatched,0,0,0
OCDKLD_15975 hypothetical protein,Unmatched,0,0,0
OCDKLD_15980 hypothetical protein,Unmatched,0,0,0
OCDKLD_15985 hypothetical protein,Unmatched,0,0,0
OCDKLD_15990 GNAT family N-acetyltransferase,Unmatched,0,0,0
OCDKLD_15995 hypothetical protein,Unmatched,0,0,0
OCDKLD_16000 DUF1156 domain-containing protein,Unmatched,0,0,0
OCDKLD_16005 hypothetical protein,Unmatched,0,0,0
OCDKLD_16010 PIN domain nuclease,Unmatched,0,0,0
OCDKLD_16015 hypothetical protein,Unmatched,0,0,0
OCDKLD_16020 GxxExxY protein,Unmatched,0,0,0
OCDKLD_16025 GxxExxY protein,Unmatched,0,0,0
OCDKLD_16030 RNA helicase,Unmatched,0,0,0
OCDKLD_16035 esterase,Unmatched,0,0,0
OCDKLD_16040 DUF2973 domain-containing protein,Unmatched,0,0,0
OCDKLD_16045 DUF2605 domain-containing protein,Unmatched,0,0,0
OCDKLD_16050 TenA family transcriptional regulator,Unmatched,0,0,0
OCDKLD_16055 hypothetical protein,Unmatched,0,0,0
OCDKLD_16060 amino acid ABC transporter substrate-binding protein,Unmatched,0,0,0
OCDKLD_16065 DUF86 domain-containing protein,Unmatched,0,0,0
OCDKLD_16070 DNA polymerase beta,Unmatched,0,0,0
OCDKLD_16075 hypothetical protein,Unmatched,0,0,0
OCDKLD_16080 hypothetical protein,Unmatched,0,0,0
OCDKLD_16085 hypothetical protein,Unmatched,0,0,0
OCDKLD_16090 hypothetical protein,Unmatched,0,0,0
OCDKLD_16095 PEP-CTERM domain-containing protein,Unmatched,0,0,0
OCDKLD_16100 DUF3148 domain-containing protein,Unmatched,0,0,0
OCDKLD_16105 transposase,Unmatched,0,0,0
OCDKLD_16110 carboxylate-amine ligase,Unmatched,0,0,0
OCDKLD_16115 photosystem I reaction center subunit IX,Unmatched,0,0,0
OCDKLD_16120 Photosystem I reaction center subunit III,Unmatched,0,0,0
OCDKLD_16125 Uncharacterized protein sll1880 (YjbQ family),Unmatched,0,0,0
OCDKLD_16130 uroporphyrin-III methyltransferase,Unmatched,0,0,0
OCDKLD_16145 hypothetical protein,Unmatched,0,0,0
OCDKLD_16150 alanine--tRNA ligase,Unmatched,0,0,0
OCDKLD_16155 transposase,Unmatched,0,0,0
OCDKLD_16160 hypothetical protein,Unmatched,0,0,0
OCDKLD_16165 CRR6 family NdhI maturation factor,Unmatched,0,0,0
OCDKLD_16170 4-hydroxy-3-methylbut-2-enyl diphosphate reductase,Unmatched,0,0,0
OCDKLD_16175 hypothetical protein,Unmatched,0,0,0
OCDKLD_16180 hypothetical protein,Unmatched,0,0,0
OCDKLD_16185 ferredoxin:protochlorophyllide reductase (ATP-dependent) iron-sulfur ATP-binding protein,Unmatched,0,0,0
OCDKLD_16190 DUF5331 domain-containing protein,Unmatched,0,0,0
OCDKLD_16195 ferredoxin:protochlorophyllide reductase (ATP-dependent) subunit N,Unmatched,0,0,0
OCDKLD_16200 abortive infection protein,Unmatched,0,0,0
OCDKLD_16205 RloB domain-containing protein,Unmatched,0,0,0
OCDKLD_16210 uridine phosphorylase,Unmatched,0,0,0
OCDKLD_16215 DUF1350 domain-containing protein,Unmatched,0,0,0
OCDKLD_16220 DDE-3 domain-containing protein,Unmatched,0,0,0
OCDKLD_16225 Slr0038 protein,Unmatched,0,0,0
OCDKLD_16230 Uncharacterized protein slr0039,Unmatched,0,0,0
OCDKLD_16235 long-chain fatty acid--CoA ligase,Unmatched,0,0,0
OCDKLD_16240 type II 3-dehydroquinate dehydratase,Unmatched,0,0,0
OCDKLD_16245 DNA mismatch repair endonuclease MutL,Unmatched,0,0,0
OCDKLD_16250 DUF4079 domain-containing protein,Unmatched,0,0,0
OCDKLD_16255 DNA (cytosine-5-)-methyltransferase,Unmatched,0,0,0
OCDKLD_16260 FspI,Unmatched,0,0,0
OCDKLD_16265 XRE family transcriptional regulator,Unmatched,0,0,0
OCDKLD_16270 ribosome biogenesis GTPase Der,Unmatched,0,0,0
OCDKLD_16275 Cobalt transport protein,Unmatched,0,0,0
OCDKLD_16280 Patatin-like phospholipase,Unmatched,0,0,0
OCDKLD_16285 Tol biopolymer transporter periplasmic protein,Unmatched,0,0,0
OCDKLD_16290 biopolymer transporter Tol,Unmatched,0,0,0
OCDKLD_16295 Ycf66 family protein,Unmatched,0,0,0
OCDKLD_16300 S-layer protein,Unmatched,0,0,0
OCDKLD_16305 pyruvate kinase,Unmatched,0,0,0
OCDKLD_16310 phycocyanobilin lyase,Unmatched,0,0,0
OCDKLD_16315 DUF29 domain-containing protein,Unmatched,0,0,0
OCDKLD_16320 phycobilisome maturation protein,Unmatched,0,0,0
OCDKLD_16325 ABC transporter substrate-binding protein,Unmatched,0,0,0
OCDKLD_16330 ABC transporter ATP-binding protein,Unmatched,0,0,0
OCDKLD_16335 transposase,Unmatched,0,0,0
OCDKLD_16340 glycosyl transferase family A,Unmatched,0,0,0
OCDKLD_16345 D-glycero-D-manno-heptose 1-phosphate guanosyltransferase,Unmatched,0,0,0
OCDKLD_16350 dehydrogenase,Unmatched,0,0,0
OCDKLD_16355 phosphoheptose isomerase,Unmatched,0,0,0
OCDKLD_16360 HAD family hydrolase,Unmatched,0,0,0
OCDKLD_16365 glycosyl transferase family 1,Unmatched,0,0,0
OCDKLD_16370 glycosyltransferase family 1 protein,Unmatched,0,0,0
OCDKLD_16375 hypothetical protein,Unmatched,0,0,0
OCDKLD_16380 heme iron utilization protein,Unmatched,0,0,0
OCDKLD_16385 hypothetical protein,Unmatched,0,0,0
OCDKLD_16390 hypothetical protein,Unmatched,0,0,0
OCDKLD_16395 helix-hairpin-helix domain-containing protein,Unmatched,0,0,0
OCDKLD_16400 oxidoreductase,Unmatched,0,0,0
OCDKLD_16405 DUF2555 domain-containing protein,Unmatched,0,0,0
OCDKLD_16410 adenosine kinase,Unmatched,0,0,0
OCDKLD_16415 HTH-17 domain-containing protein,Unmatched,0,0,0
OCDKLD_16420 Alw26I/Eco31I/Esp3I family type II restriction adenine-specific DNA-methyltransferase,Unmatched,0,0,0
OCDKLD_16425 DNA cytosine methyltransferase,Unmatched,0,0,0
OCDKLD_16430 Alw26I/Eco31I/Esp3I family type II restriction endonuclease,Unmatched,0,0,0
OCDKLD_16435 hypothetical protein,Unmatched,0,0,0
OCDKLD_16440 DNA-binding protein,Unmatched,0,0,0
OCDKLD_16445 hypothetical protein,Unmatched,0,0,0
OCDKLD_16450 Phospholipase D Active site motif,Unmatched,0,0,0
OCDKLD_16455 Fascin domain-containing protein,Unmatched,0,0,0
OCDKLD_16460 hypothetical protein,Unmatched,0,0,0
OCDKLD_16465 DUF433 domain-containing protein,Unmatched,0,0,0
OCDKLD_16470 hypothetical protein,Unmatched,0,0,0
OCDKLD_16475 DUF29 domain-containing protein,Unmatched,0,0,0
OCDKLD_16480 DUF29 domain-containing protein,Unmatched,0,0,0
OCDKLD_16485 protein-methionine-sulfoxide reductase catalytic subunit MsrP,Unmatched,0,0,0
OCDKLD_16490 cytochrome P450,Unmatched,0,0,0
OCDKLD_16495 TVP38/TMEM64 family protein,Unmatched,0,0,0
OCDKLD_16500 ribonuclease HII,Unmatched,0,0,0
OCDKLD_16505 ribonuclease E/G,Unmatched,0,0,0
OCDKLD_16510 hypothetical protein,Unmatched,0,0,0
OCDKLD_16515 aspartate aminotransferase family protein,Unmatched,0,0,0
OCDKLD_16520 sulfotransferase,Unmatched,0,0,0
OCDKLD_16525 flippase-like domain-containing protein,Unmatched,0,0,0
OCDKLD_16530 circadian clock protein KaiC,Unmatched,0,0,0
OCDKLD_16535 circadian clock protein KaiB,Unmatched,0,0,0
OCDKLD_16540 circadian clock protein KaiA,Unmatched,0,0,0
OCDKLD_16545 hybrid sensor histidine kinase/response regulator,Unmatched,0,0,0
OCDKLD_16550 Mobile element protein,Unmatched,0,0,0
OCDKLD_16555 IS630 family transposase,Unmatched,0,0,0
OCDKLD_16560 DUF3352 domain-containing protein,Unmatched,0,0,0
OCDKLD_16565 Cytochrome c6,Unmatched,0,0,0
OCDKLD_16570 plastocyanin,Unmatched,0,0,0
OCDKLD_16575 hypothetical protein,Unmatched,0,0,0
OCDKLD_16580 hypothetical protein,Unmatched,0,0,0
OCDKLD_16585 sulfite exporter TauE/SafE family protein,Unmatched,0,0,0
OCDKLD_16590 IS630 family transposase,Unmatched,0,0,0
OCDKLD_16595 hypothetical protein,Unmatched,0,0,0
OCDKLD_16600 hypothetical protein,Unmatched,0,0,0
OCDKLD_16605 hypothetical protein,Unmatched,0,0,0
OCDKLD_16610 serine protease,Unmatched,0,0,0
OCDKLD_16615 class I SAM-dependent DNA methyltransferase,Unmatched,0,0,0
OCDKLD_16620 XisI protein,Unmatched,0,0,0
OCDKLD_16625 XisH protein,Unmatched,0,0,0
"OCDKLD_16630 type II toxin-antitoxin system mRNA interferase toxin, RelE/StbE family",Unmatched,0,0,0
OCDKLD_16635 Antitoxin,Unmatched,0,0,0
OCDKLD_16640 OmpA family,Unmatched,0,0,0
OCDKLD_16645 Methyl-accepting chemotaxis protein,Unmatched,0,0,0
OCDKLD_16650 tubulin-like doman-containing protein,Unmatched,0,0,0
OCDKLD_16655 VWA domain-containing protein,Unmatched,0,0,0
OCDKLD_16660 GntR family transcriptional regulator,Unmatched,0,0,0
OCDKLD_16665 1-acyl-sn-glycerol-3-phosphate acyltransferase,Unmatched,0,0,0
OCDKLD_16670 peptide chain release factor 3,Unmatched,0,0,0
OCDKLD_16675 hypothetical protein,Unmatched,0,0,0
OCDKLD_16680 hypothetical protein,Unmatched,0,0,0
OCDKLD_16685 Putative transposase,Unmatched,0,0,0
OCDKLD_16690 hypothetical protein,Unmatched,0,0,0
OCDKLD_16695 hypothetical protein,Unmatched,0,0,0
OCDKLD_16700 Glutamine synthetase inactivating factor IF7,Unmatched,0,0,0
OCDKLD_16705 hypothetical protein,Unmatched,0,0,0
OCDKLD_16710 Transposase,Unmatched,0,0,0
OCDKLD_16715 ISL3 family transposase,Unmatched,0,0,0
OCDKLD_16720 UbiD family decarboxylase,Unmatched,0,0,0
OCDKLD_16725 histidine phosphatase family protein,Unmatched,0,0,0
OCDKLD_16730 histidine phosphatase family protein,Unmatched,0,0,0
OCDKLD_16735 nucleoside-diphosphate kinase,Unmatched,0,0,0
OCDKLD_16740 hypothetical protein,Unmatched,0,0,0
OCDKLD_16745 cryptochrome DASH,Unmatched,0,0,0
OCDKLD_16750 protein tyrosine kinase,Unmatched,0,0,0
OCDKLD_16755 hypothetical protein,Unmatched,0,0,0
OCDKLD_16760 hypothetical protein,Unmatched,0,0,0
OCDKLD_16765 Methyltransf-21 domain-containing protein,Unmatched,0,0,0
OCDKLD_16770 oligosaccharide flippase family protein,Unmatched,0,0,0
OCDKLD_16775 FkbM family methyltransferase,Unmatched,0,0,0
OCDKLD_16780 Glycosyltransferase family 1 protein,Unmatched,0,0,0
OCDKLD_16785 hypothetical protein,Unmatched,0,0,0
"OCDKLD_16790 Type II toxin-antitoxin system antitoxin, RelB/DinJ family",Unmatched,0,0,0
OCDKLD_16795 DUF3782 domain-containing protein,Unmatched,0,0,0
OCDKLD_16800 Domain of unknown function DUF29,Unmatched,0,0,0
OCDKLD_16805 Uma2 domain-containing protein,Unmatched,0,0,0
OCDKLD_16810 Uma2 family endonuclease,Unmatched,0,0,0
OCDKLD_16815 hypothetical protein,Unmatched,0,0,0
OCDKLD_16820 DUF2283 domain-containing protein,Unmatched,0,0,0
OCDKLD_16825 IS607 family transposase,Unmatched,0,0,0
OCDKLD_16830 polyphosphate kinase 1,Unmatched,0,0,0
OCDKLD_16835 hypothetical protein,Unmatched,0,0,0
OCDKLD_16840 HNH endonuclease,Unmatched,0,0,0
OCDKLD_16845 bifunctional metallophosphatase/5'-nucleotidase,Unmatched,0,0,0
OCDKLD_16850 hypothetical protein,Unmatched,0,0,0
OCDKLD_16855 Uncharacterized protein family UPF0150,Unmatched,0,0,0
OCDKLD_16860 hypothetical protein,Unmatched,0,0,0
"OCDKLD_16865 type II toxin-antitoxin system mRNA interferase toxin, RelE/StbE family",Unmatched,0,0,0
OCDKLD_16870 type III-B CRISPR-associated protein Cas10/Cmr2,Unmatched,0,0,0
OCDKLD_16875 DNA methyltransferase,Unmatched,0,0,0
OCDKLD_16880 DNA cytosine methyltransferase,Unmatched,0,0,0
OCDKLD_16885 glutamate synthase large subunit,Unmatched,0,0,0
OCDKLD_16890 CoA-binding protein,Unmatched,0,0,0
OCDKLD_16895 hypothetical protein,Unmatched,0,0,0
OCDKLD_16900 Ribonuclease HI,Unmatched,0,0,0
OCDKLD_17005 Similarity,Unmatched,0,0,0
OCDKLD_17010 MazF family transcriptional regulator,Unmatched,0,0,0
OCDKLD_17085 HNH endonuclease,Unmatched,0,0,0
OCDKLD_17090 HicB family protein,Unmatched,0,0,0
"OCDKLD_17095 HicA toxin of bacterial toxin-antitoxin,",Unmatched,0,0,0
OCDKLD_17100 DNA starvation/stationary phase protection protein Dps,Unmatched,0,0,0
OCDKLD_17105 serine/threonine protein kinase,Unmatched,0,0,0
OCDKLD_17110 hypothetical protein,Unmatched,0,0,0
OCDKLD_17130 translation initiation factor IF-3,Unmatched,0,0,0
OCDKLD_17135 ATPase,Unmatched,0,0,0
OCDKLD_17140 DUF4276 domain-containing protein,Unmatched,0,0,0
OCDKLD_17145 hypothetical protein,Unmatched,0,0,0
OCDKLD_17150 ATPase-AAA-core domain-containing protein,Unmatched,0,0,0
OCDKLD_17155 adenylosuccinate lyase,Unmatched,0,0,0
OCDKLD_17160 FAD-linked oxidase,Unmatched,0,0,0
OCDKLD_17165 photosystem II protein Y,Unmatched,0,0,0
OCDKLD_17170 gamma carbonic anhydrase family protein,Unmatched,0,0,0
OCDKLD_17175 TIGR02652 family protein,Unmatched,0,0,0
OCDKLD_17180 glyoxalase/bleomycin resistance/extradiol dioxygenase family protein,Unmatched,0,0,0
OCDKLD_17185 hypothetical protein,Unmatched,0,0,0
OCDKLD_17190 DUF3120 domain-containing protein,Unmatched,0,0,0
OCDKLD_17195 adenylate/guanylate cyclase domain-containing protein,Unmatched,0,0,0
OCDKLD_17200 30S ribosomal protein S1,Unmatched,0,0,0
OCDKLD_17205 transcriptional regulator NrdR,Unmatched,0,0,0
OCDKLD_17210 photosystem II reaction center protein T,Unmatched,0,0,0
OCDKLD_17215 50S ribosomal protein L7/L12,Unmatched,0,0,0
OCDKLD_17220 50S ribosomal protein L10,Unmatched,0,0,0
OCDKLD_17225 ATP-dependent chaperone ClpB,Unmatched,0,0,0
OCDKLD_17230 PEP-CTERM domain-containing protein,Unmatched,0,0,0
OCDKLD_17235 Mobile element protein,Unmatched,0,0,0
OCDKLD_17240 photosystem II q(b) protein,Unmatched,0,0,0
OCDKLD_17245 hypothetical protein,Unmatched,0,0,0
OCDKLD_17250 NAD(P)-dependent oxidoreductase,Unmatched,0,0,0
OCDKLD_17255 hypothetical protein,Unmatched,0,0,0
OCDKLD_17260 ABC transporter substrate-binding protein,Unmatched,0,0,0
OCDKLD_17265 adenine phosphoribosyltransferase,Unmatched,0,0,0
OCDKLD_17270 DUF3038 domain-containing protein,Unmatched,0,0,0
OCDKLD_17275 DUF4335 domain-containing protein,Unmatched,0,0,0
OCDKLD_17280 HigA family addiction module antitoxin,Unmatched,0,0,0
OCDKLD_17285 plasmid maintenance system killer protein,Unmatched,0,0,0
OCDKLD_17290 adenosylmethionine decarboxylase,Unmatched,0,0,0
OCDKLD_17295 DUF6464 domain-containing protein,Unmatched,0,0,0
"OCDKLD_17300 L,D-transpeptidase",Unmatched,0,0,0
OCDKLD_17305 DUF2064 domain-containing protein,Unmatched,0,0,0
OCDKLD_17310 Serine/threonine protein kinase,Unmatched,0,0,0
OCDKLD_17315 hypothetical protein,Unmatched,0,0,0
OCDKLD_17320 Antitoxin,Unmatched,0,0,0
OCDKLD_17325 Similar to tr|Q3M5U7|Q3M5U7_ANAVT PilT protein-like,Unmatched,0,0,0
OCDKLD_17330 hypothetical protein,Unmatched,0,0,0
OCDKLD_17335 G-D-S-L family lipolytic protein,Unmatched,0,0,0
"OCDKLD_17340 5,10-methylenetetrahydrofolate reductase",Unmatched,0,0,0
OCDKLD_17345 hypothetical protein,Unmatched,0,0,0
OCDKLD_17350 GNAT family N-acetyltransferase,Unmatched,0,0,0
OCDKLD_17355 ISAs1 family transposase,Unmatched,0,0,0
OCDKLD_17360 DUF3782 domain-containing protein,Unmatched,0,0,0
OCDKLD_17365 precorrin-3B synthase,Unmatched,0,0,0
OCDKLD_17370 precorrin-8X methylmutase,Unmatched,0,0,0
OCDKLD_17375 precorrin-2 C(20)-methyltransferase,Unmatched,0,0,0
OCDKLD_17380 Serine/threonine-protein kinase pkn1,Unmatched,0,0,0
OCDKLD_17385 hypothetical protein,Unmatched,0,0,0
OCDKLD_17390 PemK-like protein,Unmatched,0,0,0
OCDKLD_17395 hypothetical protein,Unmatched,0,0,0
OCDKLD_17400 DNA-processing protein DprA,Unmatched,0,0,0
OCDKLD_17405 thioredoxin,Unmatched,0,0,0
OCDKLD_17410 hypothetical protein,Unmatched,0,0,0
OCDKLD_17415 Acetate kinase,Unmatched,0,0,0
OCDKLD_17420 Fis family transcriptional regulator,Unmatched,0,0,0
OCDKLD_17425 RNA polymerase subunit sigma,Unmatched,0,0,0
OCDKLD_17430 hypothetical protein,Unmatched,0,0,0
"OCDKLD_17435 RNA polymerase sigma factor, RpoD/SigA family",Unmatched,0,0,0
OCDKLD_17440 primosomal protein N',Unmatched,0,0,0
OCDKLD_17445 DUF4351 domain-containing protein,Unmatched,0,0,0
OCDKLD_17450 hypothetical protein,Unmatched,0,0,0
OCDKLD_17455 ATP-dependent Clp protease adapter ClpS,Unmatched,0,0,0
OCDKLD_17460 CPBP family intramembrane metalloprotease,Unmatched,0,0,0
OCDKLD_17465 hypothetical protein,Unmatched,0,0,0
OCDKLD_17470 AAA-like domain-containing protein,Unmatched,0,0,0
OCDKLD_17475 serine/threonine protein kinase,Unmatched,0,0,0
OCDKLD_17480 hypothetical protein,Unmatched,0,0,0
OCDKLD_17485 hypothetical protein,Unmatched,0,0,0
OCDKLD_17490 Sec-independent protein translocase protein (TatC),Unmatched,0,0,0
OCDKLD_17495 hypothetical protein,Unmatched,0,0,0
OCDKLD_17500 DoxX family protein,Unmatched,0,0,0
OCDKLD_17505 hypothetical protein,Unmatched,0,0,0
OCDKLD_17510 Thioredoxin,Unmatched,0,0,0
OCDKLD_17515 hypothetical protein,Unmatched,0,0,0
OCDKLD_17520 Ig-like domain-containing protein,Unmatched,0,0,0
OCDKLD_17525 HTH rpiR-type domain-containing protein,Unmatched,0,0,0
OCDKLD_17530 hypothetical protein,Unmatched,0,0,0
OCDKLD_17535 Transposase-31 domain-containing protein,Unmatched,0,0,0
OCDKLD_17540 DUF4347 domain-containing protein,Unmatched,0,0,0
OCDKLD_17560 DUF4351 domain-containing protein,Unmatched,0,0,0
OCDKLD_17565 hypothetical protein,Unmatched,0,0,0
OCDKLD_17570 hypothetical protein,Unmatched,0,0,0
OCDKLD_17575 aldolase,Unmatched,0,0,0
OCDKLD_17580 hypothetical protein,Unmatched,0,0,0
OCDKLD_17585 argininosuccinate lyase,Unmatched,0,0,0
OCDKLD_17590 NUDIX hydrolase,Unmatched,0,0,0
OCDKLD_17595 FGE-sulfatase domain-containing protein,Unmatched,0,0,0
OCDKLD_17600 hypothetical protein,Unmatched,0,0,0
OCDKLD_17605 DUF4351 domain-containing protein,Unmatched,0,0,0
OCDKLD_17610 hypothetical protein,Unmatched,0,0,0
OCDKLD_17615 sulfate ABC transporter substrate-binding protein,Unmatched,0,0,0
OCDKLD_17620 InsA protein,Unmatched,0,0,0
OCDKLD_17625 hypothetical protein,Unmatched,0,0,0
OCDKLD_17630 hypothetical protein,Unmatched,0,0,0
OCDKLD_17635 Apolipoprotein L,Unmatched,0,0,0
OCDKLD_17640 hypothetical protein,Unmatched,0,0,0
OCDKLD_17645 DUF4164 domain-containing protein,Unmatched,0,0,0
OCDKLD_17650 Similar to tr|Q110T9|Q110T9_TRIEI Tetratricopeptide TPR_2,Unmatched,0,0,0
OCDKLD_17655 hypothetical protein,Unmatched,0,0,0
OCDKLD_17660 pentapeptide repeat-containing protein,Unmatched,0,0,0
OCDKLD_17665 LytR family transcriptional regulator,Unmatched,0,0,0
OCDKLD_17670 glycoside hydrolase,Unmatched,0,0,0
OCDKLD_17675 cation transporter,Unmatched,0,0,0
OCDKLD_17680 lactoylglutathione lyase,Unmatched,0,0,0
OCDKLD_17685 adenylate cyclase,Unmatched,0,0,0
OCDKLD_17690 transcription antitermination factor NusB,Unmatched,0,0,0
OCDKLD_17695 helicase,Unmatched,0,0,0
OCDKLD_17700 protoporphyrinogen oxidase HemJ,Unmatched,0,0,0
OCDKLD_17705 hypothetical protein,Unmatched,0,0,0
OCDKLD_17710 UDP-N-acetylmuramoyl-tripeptide--D-alanyl-D-alanine ligase,Unmatched,0,0,0
OCDKLD_17715 phosphoribosylamine--glycine ligase,Unmatched,0,0,0
OCDKLD_17720 glycosyltransferase WbuB,Unmatched,0,0,0
OCDKLD_17725 CPBP family intramembrane metalloprotease domain-containing protein,Unmatched,0,0,0
OCDKLD_17730 iron-sulfur cluster biosynthesis transcriptional regulator SufR,Unmatched,0,0,0
OCDKLD_17735 Fe-S cluster assembly protein SufB,Unmatched,0,0,0
OCDKLD_17740 Fe-S cluster assembly ATPase SufC,Unmatched,0,0,0
OCDKLD_17745 transglutaminase,Unmatched,0,0,0
OCDKLD_17750 hypothetical protein,Unmatched,0,0,0
OCDKLD_17755 hypothetical protein,Unmatched,0,0,0
OCDKLD_17760 oxidoreductase,Unmatched,0,0,0
OCDKLD_17765 fructose-bisphosphate aldolase class II,Unmatched,0,0,0
OCDKLD_17770 carboxyl-terminal protease,Unmatched,0,0,0
OCDKLD_17775 amino acid ABC transporter substrate-binding protein,Unmatched,0,0,0
OCDKLD_17780 cell division protein FtsW,Unmatched,0,0,0
OCDKLD_17785 isoaspartyl peptidase,Unmatched,0,0,0
OCDKLD_17790 hypothetical protein,Unmatched,0,0,0
OCDKLD_17795 cyanophycinase,Unmatched,0,0,0
OCDKLD_17800 hypothetical protein,Unmatched,0,0,0
OCDKLD_17805 lmo0937 family membrane protein,Unmatched,0,0,0
OCDKLD_17810 CsbD family protein,Unmatched,0,0,0
OCDKLD_17815 CsbD family protein,Unmatched,0,0,0
OCDKLD_17820 Transposase,Unmatched,0,0,0
OCDKLD_17825 transporter,Unmatched,0,0,0
"OCDKLD_17830 signal transduction histidine kinase (STHK), LytS",Unmatched,0,0,0
OCDKLD_17835 hypothetical protein,Unmatched,0,0,0
OCDKLD_17840 endonuclease,Unmatched,0,0,0
OCDKLD_17845 hypothetical protein,Unmatched,0,0,0
OCDKLD_17850 plasmid maintenance system killer family protein,Unmatched,0,0,0
OCDKLD_17855 HigA family addiction module antitoxin,Unmatched,0,0,0
OCDKLD_17860 hypothetical protein,Unmatched,0,0,0
OCDKLD_17865 Hrp-dependent type III effector protein,Unmatched,0,0,0
OCDKLD_17870 acyl-ACP--UDP-N-acetylglucosamine O-acyltransferase,Unmatched,0,0,0
OCDKLD_17875 lipid-A-disaccharide synthase,Unmatched,0,0,0
OCDKLD_17880 aminomethyl-transferring glycine dehydrogenase,Unmatched,0,0,0
OCDKLD_17885 phospholipid carrier-dependent glycosyltransferase,Unmatched,0,0,0
OCDKLD_17890 metallophosphatase,Unmatched,0,0,0
OCDKLD_17895 metallophosphatase family protein,Unmatched,0,0,0
OCDKLD_17900 CobW C-terminal domain-containing protein,Unmatched,0,0,0
OCDKLD_17905 Cysteinyl-tRNA synthetase,Unmatched,0,0,0
OCDKLD_17910 cobalamin biosynthesis protein CobW,Unmatched,0,0,0
OCDKLD_17915 threonine--tRNA ligase,Unmatched,0,0,0
OCDKLD_17920 AB hydrolase-1 domain-containing protein,Unmatched,0,0,0
OCDKLD_17925 flavodoxin FldA,Unmatched,0,0,0
OCDKLD_17930 chlorophyll a/b binding light-harvesting protein,Unmatched,0,0,0
OCDKLD_17935 Antisense RNA which regulates isiA expression,Unmatched,0,0,0
OCDKLD_17940 hypothetical protein,Unmatched,0,0,0
OCDKLD_17945 PINc domain-containing protein,Unmatched,0,0,0
OCDKLD_17950 site-specific DNA-methyltransferase,Unmatched,0,0,0
OCDKLD_17955 efflux RND transporter periplasmic adaptor subunit,Unmatched,0,0,0
OCDKLD_17960 DUF4327 domain-containing protein,Unmatched,0,0,0
OCDKLD_17965 Acetylglutamate kinase,Unmatched,0,0,0
OCDKLD_17970 amidohydrolase,Unmatched,0,0,0
OCDKLD_17980 hypothetical protein,Unmatched,0,0,0
OCDKLD_17985 Putative restriction endonuclease,Unmatched,0,0,0
OCDKLD_17990 transcriptional regulator,Unmatched,0,0,0
OCDKLD_17995 FGE-sulfatase domain-containing protein,Unmatched,0,0,0
OCDKLD_18000 glycosyl transferase family 1,Unmatched,0,0,0
OCDKLD_18005 chorismate synthase,Unmatched,0,0,0
OCDKLD_18010 DNA/RNA nuclease SfsA,Unmatched,0,0,0
OCDKLD_18015 RNA-binding protein,Unmatched,0,0,0
OCDKLD_18020 LuxR family transcriptional regulator,Unmatched,0,0,0
OCDKLD_18025 UPF0367 protein MAE_19160,Unmatched,0,0,0
OCDKLD_18030 2Fe-2S ferredoxin,Unmatched,0,0,0
OCDKLD_18035 NnrU protein,Unmatched,0,0,0
OCDKLD_18040 thiol reductase thioredoxin,Unmatched,0,0,0
OCDKLD_18045 hypothetical protein,Unmatched,0,0,0
OCDKLD_18050 VWFA domain-containing protein,Unmatched,0,0,0
OCDKLD_18055 protein phosphatase 2C domain-containing protein,Unmatched,0,0,0
OCDKLD_18060 DNA polymerase subunit beta,Unmatched,0,0,0
OCDKLD_18065 nucleotidyltransferase,Unmatched,0,0,0
OCDKLD_18070 DNA-binding protein,Unmatched,0,0,0
"OCDKLD_18075 Ribonuclease/mRNA interferase VapC, contains PIN domain",Unmatched,0,0,0
OCDKLD_18080 Serine/threonine-protein kinase pkn1,Unmatched,0,0,0
OCDKLD_18085 Nucleotidyltransferase domain-containing protein,Unmatched,0,0,0
OCDKLD_18090 DUF86 domain-containing protein,Unmatched,0,0,0
OCDKLD_18095 type II toxin-antitoxin system HicB family antitoxin,Unmatched,0,0,0
OCDKLD_18100 succinate dehydrogenase/fumarate reductase flavoprotein subunit,Unmatched,0,0,0
OCDKLD_18105 tRNA-fMet(cat),Unmatched,0,0,0
OCDKLD_18110 hypothetical protein,Unmatched,0,0,0
OCDKLD_18115 prevent-host-death protein,Unmatched,0,0,0
OCDKLD_18120 hypothetical protein,Unmatched,0,0,0
OCDKLD_18125 hypothetical protein,Unmatched,0,0,0
OCDKLD_18130 plasmid stabilization protein,Unmatched,0,0,0
OCDKLD_18135 hypothetical protein,Unmatched,0,0,0
"OCDKLD_18140 type II toxin-antitoxin system mRNA interferase toxin, RelE/StbE family",Unmatched,0,0,0
OCDKLD_18145 hypothetical protein,Unmatched,0,0,0
OCDKLD_18150 hypothetical protein,Unmatched,0,0,0
OCDKLD_18155 cobalamin biosynthesis bifunctional protein CbiET,Unmatched,0,0,0
OCDKLD_18160 transposase,Unmatched,0,0,0
OCDKLD_18165 hypothetical protein,Unmatched,0,0,0
OCDKLD_18170 Bacterial cell division membrane protein,Unmatched,0,0,0
OCDKLD_18175 hypothetical protein,Unmatched,0,0,0
OCDKLD_18180 peptidase M42,Unmatched,0,0,0
OCDKLD_18185 Cation-ATPase-C domain-containing protein,Unmatched,0,0,0
OCDKLD_18190 Putative transposase DNA-binding domain-containing protein,Unmatched,0,0,0
OCDKLD_18215 hypothetical protein,Unmatched,0,0,0
OCDKLD_18220 cytosolic protein,Unmatched,0,0,0
OCDKLD_18225 histidine kinase,Unmatched,0,0,0
OCDKLD_18230 recombinase,Unmatched,0,0,0
OCDKLD_18235 thioredoxin,Unmatched,0,0,0
OCDKLD_18240 hypothetical protein,Unmatched,0,0,0
OCDKLD_18245 CP12 domain-containing protein,Unmatched,0,0,0
OCDKLD_18250 LysR family transcriptional regulator,Unmatched,0,0,0
OCDKLD_18255 sodium-independent anion transporter,Unmatched,0,0,0
OCDKLD_18260 Uncharacterized conserved protein Alr0986,Unmatched,0,0,0
OCDKLD_18265 Membrane-associated protein slr1513,Unmatched,0,0,0
OCDKLD_18270 sodium:proton antiporter,Unmatched,0,0,0
OCDKLD_18275 Site-specific DNA-methyltransferase (adenine-specific),Unmatched,0,0,0
OCDKLD_18280 GIY-YIG catalytic domain protein,Unmatched,0,0,0
OCDKLD_18285 restriction endonuclease subunit S,Unmatched,0,0,0
OCDKLD_18290 hypothetical protein,Unmatched,0,0,0
OCDKLD_18295 Type II toxin-antitoxin system RelE/ParE family toxin,Unmatched,0,0,0
OCDKLD_18300 hypothetical protein,Unmatched,0,0,0
OCDKLD_18305 CopG family transcriptional regulator,Unmatched,0,0,0
OCDKLD_18310 restriction endonuclease subunit R,Unmatched,0,0,0
OCDKLD_18315 glyoxalase,Unmatched,0,0,0
OCDKLD_18320 RlmI/RlmK family 23S rRNA methyltransferase,Unmatched,0,0,0
OCDKLD_18325 ABC transporter permease,Unmatched,0,0,0
OCDKLD_18330 hypothetical protein,Unmatched,0,0,0
OCDKLD_18335 DNA-binding response regulator,Unmatched,0,0,0
OCDKLD_18340 transposase,Unmatched,0,0,0
OCDKLD_18345 histidine kinase,Unmatched,0,0,0
OCDKLD_18350 photosystem II protein Psb27,Unmatched,0,0,0
OCDKLD_18355 endonuclease MutS2,Unmatched,0,0,0
OCDKLD_18360 hypothetical protein,Unmatched,0,0,0
OCDKLD_18365 glutathione-disulfide reductase,Unmatched,0,0,0
OCDKLD_18370 D-alanyl-D-alanine carboxypeptidase/D-alanyl-D-alanine-endopeptidase,Unmatched,0,0,0
OCDKLD_18375 glycogen synthase GlgA,Unmatched,0,0,0
OCDKLD_18380 co-chaperone YbbN,Unmatched,0,0,0
OCDKLD_18385 hypothetical protein,Unmatched,0,0,0
OCDKLD_18390 tRNA (guanosine(46)-N7)-methyltransferase TrmB,Unmatched,0,0,0
OCDKLD_18395 metallophosphoesterase,Unmatched,0,0,0
OCDKLD_18400 hypothetical protein,Unmatched,0,0,0
OCDKLD_18405 Acireductone dioxygenase,Unmatched,0,0,0
OCDKLD_18410 tRNA-Ala(cgc),Unmatched,0,0,0
OCDKLD_18415 hypothetical protein,Unmatched,0,0,0
OCDKLD_18420 3-beta hydroxysteroid dehydrogenase,Unmatched,0,0,0
OCDKLD_18425 glycosyl transferase,Unmatched,0,0,0
OCDKLD_18430 NAD-dependent epimerase,Unmatched,0,0,0
OCDKLD_18435 pantothenate kinase,Unmatched,0,0,0
OCDKLD_18440 peptidase M16,Unmatched,0,0,0
OCDKLD_18445 peptidase M16,Unmatched,0,0,0
OCDKLD_18450 tRNA-Asn(gtt),Unmatched,0,0,0
OCDKLD_18455 Similar to tr/P74382/P74382,Unmatched,0,0,0
OCDKLD_18460 hypothetical protein,Unmatched,0,0,0
OCDKLD_18465 adenosine deaminase,Unmatched,0,0,0
OCDKLD_18470 hypothetical protein,Unmatched,0,0,0
OCDKLD_18475 BrnT family toxin,Unmatched,0,0,0
OCDKLD_18480 hypothetical protein,Unmatched,0,0,0
OCDKLD_18485 hypothetical protein,Unmatched,0,0,0
OCDKLD_18490 PemK family protein,Unmatched,0,0,0
OCDKLD_18495 DUF4160 domain-containing protein,Unmatched,0,0,0
OCDKLD_18500 DUF2442 domain-containing protein,Unmatched,0,0,0
OCDKLD_18505 type II toxin-antitoxin system HicB family antitoxin,Unmatched,0,0,0
OCDKLD_18510 DUF4160 domain-containing protein,Unmatched,0,0,0
OCDKLD_18515 DUF2442 domain-containing protein,Unmatched,0,0,0
OCDKLD_18520 glycoside hydrolase,Unmatched,0,0,0
OCDKLD_18525 tryptophan synthase subunit beta,Unmatched,0,0,0
OCDKLD_18530 CAP domain-containing protein,Unmatched,0,0,0
OCDKLD_18535 ribonuclease D,Unmatched,0,0,0
OCDKLD_18540 DUF3318 domain-containing protein,Unmatched,0,0,0
OCDKLD_18545 anti-anti-sigma factor,Unmatched,0,0,0
OCDKLD_18550 ATP-binding protein,Unmatched,0,0,0
OCDKLD_18555 protein kinase,Unmatched,0,0,0
OCDKLD_18560 FGE-sulfatase domain-containing protein,Unmatched,0,0,0
OCDKLD_18565 MoxR family ATPase,Unmatched,0,0,0
OCDKLD_18570 Similarity,Unmatched,0,0,0
OCDKLD_18575 Similarity,Unmatched,0,0,0
OCDKLD_18580 photosynthetic/respiratory NAD(P)H-quinone oxidoreductase subunit H,Unmatched,0,0,0
OCDKLD_18585 glutathione S-transferase,Unmatched,0,0,0
OCDKLD_18590 hypothetical protein,Unmatched,0,0,0
OCDKLD_18595 Uncharacterized protein slr1819,Unmatched,0,0,0
OCDKLD_18600 aspartyl protease,Unmatched,0,0,0
OCDKLD_18605 carboxypeptidase,Unmatched,0,0,0
OCDKLD_18610 hypothetical protein,Unmatched,0,0,0
OCDKLD_18615 circadian clock protein KaiB,Unmatched,0,0,0
OCDKLD_18620 type IV pili twitching motility protein PilT,Unmatched,0,0,0
OCDKLD_18625 hypothetical protein,Unmatched,0,0,0
OCDKLD_18630 hypothetical protein,Unmatched,0,0,0
OCDKLD_18635 recombinase,Unmatched,0,0,0
OCDKLD_18640 Putative addiction module component,Unmatched,0,0,0
OCDKLD_18645 hypothetical protein,Unmatched,0,0,0
OCDKLD_18650 ATP-dependent Clp protease ATP-binding subunit ClpC,Unmatched,0,0,0
OCDKLD_18655 hypothetical protein,Unmatched,0,0,0
OCDKLD_18660 hypothetical protein,Unmatched,0,0,0
OCDKLD_18665 D-inositol-3-phosphate glycosyltransferase,Unmatched,0,0,0
OCDKLD_18670 GtrA domain-containing protein,Unmatched,0,0,0
OCDKLD_18675 Methyltransf-11 domain-containing protein,Unmatched,0,0,0
OCDKLD_18680 Macrocin O-methyltransferase,Unmatched,0,0,0
OCDKLD_18685 Dolichol-P-glucose synthetase,Unmatched,0,0,0
OCDKLD_18690 Methyltransferase domain protein,Unmatched,0,0,0
OCDKLD_18695 dolichol-P-glucose synthetase,Unmatched,0,0,0
OCDKLD_18700 hypothetical protein,Unmatched,0,0,0
OCDKLD_18705 hypothetical protein,Unmatched,0,0,0
OCDKLD_18710 GtrA family protein,Unmatched,0,0,0
OCDKLD_18715 Undecaprenyl-phosphate 4-deoxy-4-formamido-L-arabinose transferase,Unmatched,0,0,0
OCDKLD_18720 RNA-binding protein hfq,Unmatched,0,0,0
OCDKLD_18725 diaminopimelate epimerase,Unmatched,0,0,0
OCDKLD_18730 high light inducible protein,Unmatched,0,0,0
OCDKLD_18735 hypothetical protein,Unmatched,0,0,0
OCDKLD_18740 TonB protein,Unmatched,0,0,0
OCDKLD_18745 hypothetical protein,Unmatched,0,0,0
OCDKLD_18750 peptidoglycan-binding protein LysM,Unmatched,0,0,0
OCDKLD_18755 phage late control D family protein,Unmatched,0,0,0
OCDKLD_18760 phage tail protein,Unmatched,0,0,0
OCDKLD_18765 PAAR motif protein,Unmatched,0,0,0
OCDKLD_18770 baseplate protein,Unmatched,0,0,0
OCDKLD_18775 putative baseplate assembly protein,Unmatched,0,0,0
OCDKLD_18780 Baseplate J-like protein,Unmatched,0,0,0
OCDKLD_18785 NHL repeat domain protein,Unmatched,0,0,0
OCDKLD_18790 hypothetical protein,Unmatched,0,0,0
OCDKLD_18795 Peptidase S74 domain-containing protein,Unmatched,0,0,0
OCDKLD_18800 pilus assembly protein,Unmatched,0,0,0
OCDKLD_18805 DUF2281 domain-containing protein,Unmatched,0,0,0
OCDKLD_18810 restriction endonuclease subunit S,Unmatched,0,0,0
OCDKLD_18815 hypothetical protein,Unmatched,0,0,0
OCDKLD_18820 hypothetical protein,Unmatched,0,0,0
OCDKLD_18825 hypothetical protein,Unmatched,0,0,0
OCDKLD_18830 hypothetical protein,Unmatched,0,0,0
OCDKLD_18835 AAA ATPase,Unmatched,0,0,0
OCDKLD_18840 DUF4255 domain-containing protein,Unmatched,0,0,0
OCDKLD_18845 Helix-turn-helix domain-containing protein,Unmatched,0,0,0
OCDKLD_18850 hypothetical protein,Unmatched,0,0,0
OCDKLD_18860 hypothetical protein,Unmatched,0,0,0
OCDKLD_18865 glycosyl transferase,Unmatched,0,0,0
OCDKLD_18870 bifunctional sterol desaturase/short chain dehydrogenase,Unmatched,0,0,0
OCDKLD_18875 zinc-binding alcohol dehydrogenase,Unmatched,0,0,0
OCDKLD_18880 hypothetical protein,Unmatched,0,0,0
OCDKLD_18885 universal stress protein,Unmatched,0,0,0
OCDKLD_18890 competence protein,Unmatched,0,0,0
OCDKLD_18895 signal peptide peptidase SppA,Unmatched,0,0,0
OCDKLD_18900 hypothetical protein,Unmatched,0,0,0
OCDKLD_18905 GTPase ObgE,Unmatched,0,0,0
OCDKLD_18910 RNA-binding protein,Unmatched,0,0,0
OCDKLD_18915 30S ribosomal protein S16,Unmatched,0,0,0
"OCDKLD_18920 dTDP-glucose 4,6-dehydratase",Unmatched,0,0,0
OCDKLD_18925 cation-efflux pump,Unmatched,0,0,0
OCDKLD_18930 Calcium-transporting ATPase,Unmatched,0,0,0
OCDKLD_18935 rod shape-determining protein MreD,Unmatched,0,0,0
OCDKLD_18940 rod shape-determining protein MreC,Unmatched,0,0,0
OCDKLD_18945 rod shape-determining protein,Unmatched,0,0,0
OCDKLD_18950 single-stranded DNA-binding protein,Unmatched,0,0,0
OCDKLD_18955 4-amino-4-deoxychorismate lyase,Unmatched,0,0,0
OCDKLD_18960 CDP-diacylglycerol--glycerol-3-phosphate 3-phosphatidyltransferase,Unmatched,0,0,0
OCDKLD_18965 Calcium-binding protein,Unmatched,0,0,0
OCDKLD_18970 hypothetical protein,Unmatched,0,0,0
OCDKLD_18975 penicillin-binding protein,Unmatched,0,0,0
OCDKLD_18980 acetolactate synthase small subunit,Unmatched,0,0,0
OCDKLD_18985 hypothetical protein,Unmatched,0,0,0
OCDKLD_18990 hypothetical protein,Unmatched,0,0,0
OCDKLD_18995 hypothetical protein,Unmatched,0,0,0
OCDKLD_19000 hypothetical protein,Unmatched,0,0,0
OCDKLD_19005 hypothetical protein,Unmatched,0,0,0
OCDKLD_19010 hypothetical protein,Unmatched,0,0,0
OCDKLD_19015 BolA family transcriptional regulator,Unmatched,0,0,0
OCDKLD_19020 hypothetical protein,Unmatched,0,0,0
OCDKLD_19025 Uma2 family endonuclease,Unmatched,0,0,0
OCDKLD_19030 NACHT domain-containing protein,Unmatched,0,0,0
OCDKLD_19035 IS1380 family transposase,Unmatched,0,0,0
OCDKLD_19040 DUF1825 domain-containing protein,Unmatched,0,0,0
OCDKLD_19045 hypothetical protein,Unmatched,0,0,0
OCDKLD_19050 2Fe-2S ferredoxin,Unmatched,0,0,0
OCDKLD_19055 tRNA-Val(gac),Unmatched,0,0,0
OCDKLD_19060 agmatinase,Unmatched,0,0,0
OCDKLD_19065 hypothetical protein,Unmatched,0,0,0
OCDKLD_19070 hypothetical protein,Unmatched,0,0,0
OCDKLD_19075 Antitoxin,Unmatched,0,0,0
OCDKLD_19080 type II toxin-antitoxin system PemK/MazF family toxin,Unmatched,0,0,0
OCDKLD_19085 DUF4157 domain-containing protein,Unmatched,0,0,0
OCDKLD_19090 hypothetical protein,Unmatched,0,0,0
OCDKLD_19095 DDE-3 domain-containing protein,Unmatched,0,0,0
OCDKLD_19100 hypothetical protein,Unmatched,0,0,0
OCDKLD_19105 beta-glucosidase,Unmatched,0,0,0
OCDKLD_19110 30S ribosome-binding factor RbfA,Unmatched,0,0,0
OCDKLD_19115 DUF751 domain-containing protein,Unmatched,0,0,0
OCDKLD_19120 hypothetical protein,Unmatched,0,0,0
OCDKLD_19125 hypothetical protein,Unmatched,0,0,0
OCDKLD_19130 hypothetical protein,Unmatched,0,0,0
OCDKLD_19135 hypothetical protein,Unmatched,0,0,0
OCDKLD_19140 DUF2283 domain-containing protein,Unmatched,0,0,0
OCDKLD_19145 AbrB/MazE/SpoVT family DNA-binding domain-containing protein,Unmatched,0,0,0
OCDKLD_19150 type II toxin-antitoxin system death-on-curing family toxin,Unmatched,0,0,0
OCDKLD_19155 30S ribosomal protein S6,Unmatched,0,0,0
"OCDKLD_19160 5-oxo-1,2,5-tricarboxylic-3-penten acid decarboxylase",Unmatched,0,0,0
OCDKLD_19165 triose-phosphate isomerase,Unmatched,0,0,0
OCDKLD_19170 serine/threonine protein phosphatase,Unmatched,0,0,0
OCDKLD_19175 site-2 protease family protein,Unmatched,0,0,0
OCDKLD_19180 FHA domain-containing protein,Unmatched,0,0,0
OCDKLD_19185 6-phosphogluconolactonase,Unmatched,0,0,0
OCDKLD_19190 hypothetical protein,Unmatched,0,0,0
OCDKLD_19195 hypothetical protein,Unmatched,0,0,0
OCDKLD_19200 tRNA-Arg(cct),Unmatched,0,0,0
OCDKLD_19205 hypothetical protein,Unmatched,0,0,0
OCDKLD_19210 mannose-1-phosphate guanylyltransferase,Unmatched,0,0,0
OCDKLD_19215 FAD dependent oxidoreductase,Unmatched,0,0,0
OCDKLD_19220 peptidase M28,Unmatched,0,0,0
OCDKLD_19225 hypothetical protein,Unmatched,0,0,0
OCDKLD_19230 HTH cro/C1-type domain-containing protein,Unmatched,0,0,0
OCDKLD_19235 chromosome partitioning protein ParB,Unmatched,0,0,0
OCDKLD_19240 SWIM zinc finger domain-containing protein,Unmatched,0,0,0
OCDKLD_19245 fused N-dimethylarginine dimethylaminohydrolase/saccharopine dehydrogenase domain-containing protein,Unmatched,0,0,0
OCDKLD_19250 hypothetical protein,Unmatched,0,0,0
OCDKLD_19255 GUN4 domain-containing protein,Unmatched,0,0,0
OCDKLD_19260 EAL domain-containing protein,Unmatched,0,0,0
OCDKLD_19265 type II toxin-antitoxin system RelE/ParE family toxin,Unmatched,0,0,0
OCDKLD_19270 hypothetical protein,Unmatched,0,0,0
OCDKLD_19275 HicB-like domain-containing protein,Unmatched,0,0,0
OCDKLD_19280 PINc domain-containing protein,Unmatched,0,0,0
OCDKLD_19285 hypothetical protein,Unmatched,0,0,0
OCDKLD_19290 DUF4926 domain-containing protein,Unmatched,0,0,0
OCDKLD_19295 DNA (cytosine-5-)-methyltransferase,Unmatched,0,0,0
OCDKLD_19300 tRNA-Leu(caa),Unmatched,0,0,0
"OCDKLD_19305 Zn-dependent protease, containings TPR repeats",Unmatched,0,0,0
OCDKLD_19310 sulfite exporter TauE/SafE family protein,Unmatched,0,0,0
OCDKLD_19315 peptidase,Unmatched,0,0,0
OCDKLD_19320 3-oxoacyl-[acyl-carrier-protein] reductase,Unmatched,0,0,0
OCDKLD_19325 glycerol acyltransferase,Unmatched,0,0,0
OCDKLD_19330 DUF29 domain-containing protein,Unmatched,0,0,0
OCDKLD_19335 hypothetical protein,Unmatched,0,0,0
OCDKLD_19340 hypothetical protein,Unmatched,0,0,0
OCDKLD_19345 hypothetical protein,Unmatched,0,0,0
"OCDKLD_19350 2-hydroxy-6-oxohepta-2,4-dienoate hydrolase",Unmatched,0,0,0
OCDKLD_19355 hypothetical protein,Unmatched,0,0,0
OCDKLD_19360 restriction endonuclease subunit M,Unmatched,0,0,0
OCDKLD_19365 Putative restriction endonuclease,Unmatched,0,0,0
OCDKLD_19370 hypothetical protein,Unmatched,0,0,0
OCDKLD_19375 hypothetical protein,Unmatched,0,0,0
"OCDKLD_19380 putative toxin-antitoxin system toxin component, PIN family",Unmatched,0,0,0
OCDKLD_19385 Restriction modification system DNA specificity domain protein,Unmatched,0,0,0
OCDKLD_19390 DUF4926 domain-containing protein,Unmatched,0,0,0
OCDKLD_19395 type I restriction endonuclease subunit R,Unmatched,0,0,0
OCDKLD_19400 hypothetical protein,Unmatched,0,0,0
OCDKLD_19405 glycosyltransferase,Unmatched,0,0,0
OCDKLD_19410 GtrA domain-containing protein,Unmatched,0,0,0
OCDKLD_19415 transposase,Unmatched,0,0,0
OCDKLD_19420 hypothetical protein,Unmatched,0,0,0
OCDKLD_19425 Addiction module antitoxin,Unmatched,0,0,0
OCDKLD_19430 hypothetical protein,Unmatched,0,0,0
OCDKLD_19435 SDR family NAD(P)-dependent oxidoreductase,Unmatched,0,0,0
OCDKLD_19440 GtrA family protein,Unmatched,0,0,0
OCDKLD_19445 crotonobetainyl-CoA--carnitine CoA-transferase,Unmatched,0,0,0
OCDKLD_19450 FkbM family methyltransferase,Unmatched,0,0,0
OCDKLD_19455 N-acetylneuraminate synthase family protein,Unmatched,0,0,0
OCDKLD_19460 thiamine pyrophosphate-binding protein,Unmatched,0,0,0
OCDKLD_19465 epimerase,Unmatched,0,0,0
OCDKLD_19470 Uma2 domain-containing protein,Unmatched,0,0,0
OCDKLD_19475 glycosyl transferase group 1,Unmatched,0,0,0
OCDKLD_19480 MFS transporter,Unmatched,0,0,0
OCDKLD_19485 Transposase,Unmatched,0,0,0
OCDKLD_19490 S-methyl-5-thioribose-1-phosphate isomerase,Unmatched,0,0,0
OCDKLD_19495 Response regulator,Unmatched,0,0,0
OCDKLD_19500 phosphoribulokinase,Unmatched,0,0,0
OCDKLD_19505 Phytochrome-like protein cph2,Unmatched,0,0,0
OCDKLD_19510 hypothetical protein,Unmatched,0,0,0
OCDKLD_19515 Sugar metabolism transcriptional regulator,Unmatched,0,0,0
OCDKLD_19520 Fe(2+) transporter permease subunit FeoB,Unmatched,0,0,0
OCDKLD_19525 ferrous iron transport protein A,Unmatched,0,0,0
OCDKLD_19530 nickel import ATP-binding protein NikD,Unmatched,0,0,0
OCDKLD_19535 amidase,Unmatched,0,0,0
OCDKLD_19540 bifunctional pyr operon transcriptional regulator/uracil phosphoribosyltransferase PyrR,Unmatched,0,0,0
OCDKLD_19545 endonuclease/exonuclease/phosphatase,Unmatched,0,0,0
OCDKLD_19550 hypothetical protein,Unmatched,0,0,0
"OCDKLD_19555 Gamma-glutamyl cyclotransferase, AIG2-like",Unmatched,0,0,0
OCDKLD_19560 aldo/keto reductase,Unmatched,0,0,0
OCDKLD_19575 Similarity with tr|Q9RNA5|Q9RNA5,Unmatched,0,0,0
OCDKLD_19580 HicB-like domain-containing protein,Unmatched,0,0,0
OCDKLD_19585 hypothetical protein,Unmatched,0,0,0
OCDKLD_19590 GUN4 domain-containing protein,Unmatched,0,0,0
OCDKLD_19595 tetratricopeptide repeat protein,Unmatched,0,0,0
OCDKLD_19600 hypothetical protein,Unmatched,0,0,0
OCDKLD_19605 porin,Unmatched,0,0,0
"OCDKLD_19610 2,3-bisphosphoglycerate-independent phosphoglycerate mutase",Unmatched,0,0,0
OCDKLD_19615 hypothetical protein,Unmatched,0,0,0
OCDKLD_19620 preprotein translocase subunit SecG,Unmatched,0,0,0
OCDKLD_19625 peptidase,Unmatched,0,0,0
OCDKLD_19630 hypothetical protein,Unmatched,0,0,0
OCDKLD_19635 hypothetical protein,Unmatched,0,0,0
OCDKLD_19640 DUF561 domain-containing protein,Unmatched,0,0,0
OCDKLD_19645 hypothetical protein,Unmatched,0,0,0
OCDKLD_19650 bifunctional UDP-N-acetylglucosamine diphosphorylase/glucosamine-1-phosphate N-acetyltransferase GlmU,Unmatched,0,0,0
OCDKLD_19655 hypothetical protein,Unmatched,0,0,0
OCDKLD_19660 thioredoxin family protein,Unmatched,0,0,0
OCDKLD_19665 carbohydrate kinase,Unmatched,0,0,0
OCDKLD_19670 tocopherol cyclase,Unmatched,0,0,0
OCDKLD_19675 hypothetical protein,Unmatched,0,0,0
OCDKLD_19680 Uncharacterized protein sll0095,Unmatched,0,0,0
OCDKLD_19685 carotene isomerase,Unmatched,0,0,0
OCDKLD_19690 polysaccharide biosynthesis protein,Unmatched,0,0,0
OCDKLD_19695 hypothetical protein,Unmatched,0,0,0
OCDKLD_19700 cobalamin biosynthesis protein CobW,Unmatched,0,0,0
OCDKLD_19705 DUF218 domain-containing protein,Unmatched,0,0,0
OCDKLD_19710 hypothetical protein,Unmatched,0,0,0
OCDKLD_19715 hypothetical protein,Unmatched,0,0,0
OCDKLD_19720 Response regulatory domain-containing protein,Unmatched,0,0,0
OCDKLD_19725 N6-N4-Mtase domain-containing protein,Unmatched,0,0,0
OCDKLD_19730 ssl1498 family light-harvesting-like protein,Unmatched,0,0,0
OCDKLD_19735 Mom72 protein,Unmatched,0,0,0
OCDKLD_19740 photosystem II oxygen evolving complex protein PsbP,Unmatched,0,0,0
OCDKLD_19745 hypothetical protein,Unmatched,0,0,0
OCDKLD_19750 Nucleoside triphosphate pyrophosphatase,Unmatched,0,0,0
OCDKLD_19755 urease accessory protein UreG,Unmatched,0,0,0
OCDKLD_19760 hypothetical protein,Unmatched,0,0,0
OCDKLD_19765 transposase,Unmatched,0,0,0
OCDKLD_19770 ISAs1 family transposase,Unmatched,0,0,0
OCDKLD_19775 DDE-Tnp-1-assoc domain-containing protein,Unmatched,0,0,0
OCDKLD_19780 4-hydroxythreonine-4-phosphate dehydrogenase PdxA,Unmatched,0,0,0
OCDKLD_19785 magnesium/cobalt transporter CorA,Unmatched,0,0,0
OCDKLD_19790 FHA domain-containing protein,Unmatched,0,0,0
OCDKLD_19795 Y1-Tnp domain-containing protein,Unmatched,0,0,0
OCDKLD_19800 IS200/IS605 family transposase,Unmatched,0,0,0
OCDKLD_19805 Beta-hexosaminidase,Unmatched,0,0,0
OCDKLD_19810 iron ABC transporter substrate-binding protein,Unmatched,0,0,0
OCDKLD_19815 DUF3153 domain-containing protein,Unmatched,0,0,0
OCDKLD_19820 class 1 fructose-bisphosphatase,Unmatched,0,0,0
OCDKLD_19825 hypothetical protein,Unmatched,0,0,0
OCDKLD_19830 hypothetical protein,Unmatched,0,0,0
OCDKLD_19835 type II toxin-antitoxin system PemK/MazF family toxin,Unmatched,0,0,0
OCDKLD_19840 hypothetical protein,Unmatched,0,0,0
OCDKLD_19845 hypothetical protein,Unmatched,0,0,0
OCDKLD_19850 hypothetical protein,Unmatched,0,0,0
OCDKLD_19860 cation transporter,Unmatched,0,0,0
OCDKLD_19865 deoxyribodipyrimidine photolyase,Unmatched,0,0,0
"OCDKLD_19870 Endonuclease, Uma2 family (restriction endonuclease fold)",Unmatched,0,0,0
OCDKLD_19875 chromosome partitioning protein ParB,Unmatched,0,0,0
OCDKLD_19880 chromosome partitioning protein ParA,Unmatched,0,0,0
OCDKLD_19885 Beta-lactamase2 domain-containing protein,Unmatched,0,0,0
OCDKLD_19890 4-phosphopantetheinyl transferase,Unmatched,0,0,0
OCDKLD_19895 glycosyl transferase,Unmatched,0,0,0
OCDKLD_19900 ATP-dependent Clp protease adapter ClpS,Unmatched,0,0,0
OCDKLD_19905 metal-binding protein,Unmatched,0,0,0
OCDKLD_19910 low-complexity protein,Unmatched,0,0,0
OCDKLD_19915 DNA primase,Unmatched,0,0,0
OCDKLD_19920 beta-ketoacyl-ACP synthase,Unmatched,0,0,0
OCDKLD_19925 peptidylprolyl isomerase,Unmatched,0,0,0
OCDKLD_19930 photosystem I assembly protein Ycf4,Unmatched,0,0,0
OCDKLD_19935 hypothetical protein,Unmatched,0,0,0
OCDKLD_19940 ATPase,Unmatched,0,0,0
OCDKLD_19945 hypothetical protein,Unmatched,0,0,0
OCDKLD_19950 hypothetical protein,Unmatched,0,0,0
OCDKLD_19955 DUF4926 domain-containing protein,Unmatched,0,0,0
OCDKLD_19965 hypothetical protein,Unmatched,0,0,0
OCDKLD_19970 HTH cro/C1-type domain-containing protein,Unmatched,0,0,0
OCDKLD_19975 ribulose bisphosphate carboxylase small subunit,Unmatched,0,0,0
OCDKLD_19980 RbcX chaperonin protein,Unmatched,0,0,0
OCDKLD_19985 Ribulose bisphosphate carboxylase large chain,Unmatched,0,0,0
OCDKLD_19990 carbon dioxide concentrating mechanism protein,Unmatched,0,0,0
OCDKLD_19995 carbon dioxide concentrating mechanism protein CcmM,Unmatched,0,0,0
OCDKLD_20000 carbon dioxide concentrating mechanism protein CcmL,Unmatched,0,0,0
OCDKLD_20005 Carboxysome shell protein CcmK,Unmatched,0,0,0
OCDKLD_20010 carbon dioxide-concentrating protein CcmK,Unmatched,0,0,0
OCDKLD_20015 Nif11-like leader peptide family natural product precursor,Unmatched,0,0,0
OCDKLD_20020 tRNA (N6-isopentenyl adenosine(37)-C2)-methylthiotransferase MiaB,Unmatched,0,0,0
OCDKLD_20025 DUF2358 domain-containing protein,Unmatched,0,0,0
OCDKLD_20030 hypothetical protein,Unmatched,0,0,0
OCDKLD_20035 50S ribosomal protein L33,Unmatched,0,0,0
OCDKLD_20040 30S ribosomal protein S18,Unmatched,0,0,0
OCDKLD_20045 ATPase,Unmatched,0,0,0
OCDKLD_20050 tRNA-Phe(gaa),Unmatched,0,0,0
OCDKLD_20055 HEAT domain-containing protein,Unmatched,0,0,0
OCDKLD_20060 aromatic acid decarboxylase,Unmatched,0,0,0
OCDKLD_20065 hypothetical protein,Unmatched,0,0,0
OCDKLD_20070 glycogen synthase GlgA,Unmatched,0,0,0
OCDKLD_20075 VWFA domain-containing protein,Unmatched,0,0,0
OCDKLD_20080 Uncharacterized protein family UPF0016,Unmatched,0,0,0
OCDKLD_20085 hypothetical protein,Unmatched,0,0,0
OCDKLD_20090 Uncharacterized protein family UPF0016,Unmatched,0,0,0
OCDKLD_20095 urea ABC transporter substrate-binding protein,Unmatched,0,0,0
OCDKLD_20100 urea ABC transporter permease subunit UrtB,Unmatched,0,0,0
OCDKLD_20105 urea ABC transporter permease subunit UrtC,Unmatched,0,0,0
OCDKLD_20110 urea ABC transporter ATP-binding protein UrtD,Unmatched,0,0,0
OCDKLD_20115 urea ABC transporter ATP-binding subunit UrtE,Unmatched,0,0,0
OCDKLD_20120 response regulator transcription factor,Unmatched,0,0,0
OCDKLD_20125 DUF3011 domain-containing protein,Unmatched,0,0,0
OCDKLD_20130 photosystem II D2 protein (photosystem q(a) protein),Unmatched,0,0,0
OCDKLD_20135 signal recognition particle protein,Unmatched,0,0,0
OCDKLD_20140 thiamine-phosphate kinase,Unmatched,0,0,0
OCDKLD_20145 MBL fold metallo-hydrolase,Unmatched,0,0,0
OCDKLD_20150 site-2 protease family protein,Unmatched,0,0,0
OCDKLD_20155 DUF218 domain-containing protein,Unmatched,0,0,0
OCDKLD_20160 calcium/proton exchanger,Unmatched,0,0,0
OCDKLD_20165 16S rRNA (guanine(527)-N(7))-methyltransferase RsmG,Unmatched,0,0,0
OCDKLD_20170 lytic murein transglycosylase,Unmatched,0,0,0
OCDKLD_20175 hypothetical protein,Unmatched,0,0,0
OCDKLD_20180 fatty acid desaturase,Unmatched,0,0,0
OCDKLD_20185 Serine/threonine-protein kinase B,Unmatched,0,0,0
"OCDKLD_20190 UDP-N-acetylmuramoyl-L-alanyl-D-glutamate--2,6-diaminopimelate ligase",Unmatched,0,0,0
OCDKLD_20195 DUF4079 domain-containing protein,Unmatched,0,0,0
OCDKLD_20200 EF-hand domain-containing protein,Unmatched,0,0,0
OCDKLD_20205 glycosyl transferase 2 family protein,Unmatched,0,0,0
OCDKLD_20210 hypothetical protein,Unmatched,0,0,0
OCDKLD_20215 NUDIX hydrolase,Unmatched,0,0,0
OCDKLD_20220 30S ribosomal protein S14,Unmatched,0,0,0
OCDKLD_20225 N-acetyltransferase,Unmatched,0,0,0
OCDKLD_20230 hypothetical protein,Unmatched,0,0,0
OCDKLD_20240 RRXRR domain-containing protein,Unmatched,0,0,0
OCDKLD_20245 hypothetical protein,Unmatched,0,0,0
OCDKLD_20250 transglutaminase family protein,Unmatched,0,0,0
"OCDKLD_20255 Glycosyl-4,4'-diaponeurosporenoate acyltransferase",Unmatched,0,0,0
OCDKLD_20260 glycosyl transferase family 2,Unmatched,0,0,0
OCDKLD_20265 hypothetical protein,Unmatched,0,0,0
OCDKLD_20270 ISAs1 family transposase,Unmatched,0,0,0
OCDKLD_20275 hypothetical protein,Unmatched,0,0,0
OCDKLD_20280 methyltransferase,Unmatched,0,0,0
OCDKLD_20285 hypothetical protein,Unmatched,0,0,0
OCDKLD_20290 succinyl-CoA synthetase subunit beta,Unmatched,0,0,0
OCDKLD_20295 DUF4351 domain-containing protein,Unmatched,0,0,0
OCDKLD_20300 Recombination-promoting DNA endonuclease RpnC/YadD,Unmatched,0,0,0
OCDKLD_20305 4-hydroxy-tetrahydrodipicolinate reductase,Unmatched,0,0,0
OCDKLD_20310 ATPase,Unmatched,0,0,0
OCDKLD_20315 hypothetical protein,Unmatched,0,0,0
OCDKLD_20320 phosphatidylserine decarboxylase,Unmatched,0,0,0
OCDKLD_20325 hypothetical protein,Unmatched,0,0,0
OCDKLD_20330 hypothetical protein,Unmatched,0,0,0
OCDKLD_20335 Putative restriction endonuclease,Unmatched,0,0,0
OCDKLD_20340 hypothetical protein,Unmatched,0,0,0
OCDKLD_20345 hypothetical protein,Unmatched,0,0,0
OCDKLD_20350 Fe(3+) ABC transporter substrate-binding protein,Unmatched,0,0,0
OCDKLD_20355 SAM-dependent methyltransferase,Unmatched,0,0,0
OCDKLD_20360 type I DNA topoisomerase,Unmatched,0,0,0
OCDKLD_20365 SWIM-type domain-containing protein,Unmatched,0,0,0
OCDKLD_20370 hypothetical protein,Unmatched,0,0,0
OCDKLD_20385 porin,Unmatched,0,0,0
OCDKLD_20390 orotate phosphoribosyltransferase,Unmatched,0,0,0
OCDKLD_20395 NADH-quinone oxidoreductase subunit NuoH,Unmatched,0,0,0
OCDKLD_20400 photosynthetic/respiratory NAD(P)H-quinone oxidoreductase subunit I,Unmatched,0,0,0
OCDKLD_20405 NADH-quinone oxidoreductase subunit J,Unmatched,0,0,0
OCDKLD_20410 photosynthetic/respiratory NAD(P)H-quinone oxidoreductase subunit E,Unmatched,0,0,0
OCDKLD_20415 PEP-CTERM sorting domain-containing protein,Unmatched,0,0,0
OCDKLD_20420 CADG domain-containing protein,Unmatched,0,0,0
OCDKLD_20425 Putative restriction endonuclease,Unmatched,0,0,0
OCDKLD_20430 Endonuclease NucS,Unmatched,0,0,0
OCDKLD_20435 N-acetyl-gamma-glutamyl-phosphate reductase,Unmatched,0,0,0
OCDKLD_20440 D-alanyl-D-alanine carboxypeptidase/D-alanyl-D-alanine-endopeptidase,Unmatched,0,0,0
OCDKLD_20445 phosphate acyltransferase PlsX,Unmatched,0,0,0
OCDKLD_20450 3-oxoacyl-[acyl-carrier-protein] synthase 3,Unmatched,0,0,0
OCDKLD_20455 ACP S-malonyltransferase,Unmatched,0,0,0
OCDKLD_20460 molybdopterin molybdenumtransferase,Unmatched,0,0,0
OCDKLD_20465 Glutaminase,Unmatched,0,0,0
OCDKLD_20470 PMT-2 domain-containing protein,Unmatched,0,0,0
OCDKLD_20475 Ig-like domain-containing protein,Unmatched,0,0,0
OCDKLD_20480 Protein O-GlcNAc transferase,Unmatched,0,0,0
OCDKLD_20485 DUF4915 domain-containing protein,Unmatched,0,0,0
OCDKLD_20490 hypothetical protein,Unmatched,0,0,0
OCDKLD_20495 hypothetical protein,Unmatched,0,0,0
OCDKLD_20500 DUF4347 domain-containing protein,Unmatched,0,0,0
OCDKLD_20505 Transposase-31 domain-containing protein,Unmatched,0,0,0
OCDKLD_20510 hypothetical protein,Unmatched,0,0,0
OCDKLD_20515 TIGR03032 family protein,Unmatched,0,0,0
OCDKLD_20520 Tetratricopeptide repeat protein,Unmatched,0,0,0
OCDKLD_20525 peptide-methionine (R)-S-oxide reductase,Unmatched,0,0,0
OCDKLD_20530 photosystem I reaction center subunit XII,Unmatched,0,0,0
OCDKLD_20535 allophycocyanin subunit beta,Unmatched,0,0,0
OCDKLD_20540 Allophycocyanin alpha chain,Unmatched,0,0,0
OCDKLD_20545 Holliday junction branch migration protein RuvA,Unmatched,0,0,0
OCDKLD_20550 site-2 protease family protein,Unmatched,0,0,0
OCDKLD_20555 polyamine ABC transporter substrate-binding protein,Unmatched,0,0,0
OCDKLD_20560 peptidase S51,Unmatched,0,0,0
OCDKLD_20565 Chromophore lyase CpcT/CpeT 2,Unmatched,0,0,0
OCDKLD_20570 hypothetical protein,Unmatched,0,0,0
OCDKLD_20575 hypothetical protein,Unmatched,0,0,0
OCDKLD_20580 sodium:solute symporter,Unmatched,0,0,0
OCDKLD_20585 hypothetical protein,Unmatched,0,0,0
OCDKLD_20590 NAD(P)H-dependent oxidoreductase,Unmatched,0,0,0
OCDKLD_20595 cyanase,Unmatched,0,0,0
OCDKLD_20600 glucose-1-phosphate adenylyltransferase,Unmatched,0,0,0
OCDKLD_20605 hypothetical protein,Unmatched,0,0,0
OCDKLD_20610 Peptidase M13,Unmatched,0,0,0
OCDKLD_20615 Por-Secre-tail domain-containing protein,Unmatched,0,0,0
OCDKLD_20620 hypothetical protein,Unmatched,0,0,0
OCDKLD_20625 hypothetical protein,Unmatched,0,0,0
OCDKLD_20630 hypothetical protein,Unmatched,0,0,0
OCDKLD_20635 hypothetical protein,Unmatched,0,0,0
OCDKLD_20640 Leukotoxin,Unmatched,0,0,0
OCDKLD_20645 peroxiredoxin,Unmatched,0,0,0
OCDKLD_20650 ABC-F type ribosomal protection protein,Unmatched,0,0,0
OCDKLD_20655 S15 family X-Pro dipeptidyl-peptidase,Unmatched,0,0,0
OCDKLD_20660 Uncharacterized protein alr1449,Unmatched,0,0,0
OCDKLD_20665 aldo/keto reductase,Unmatched,0,0,0
OCDKLD_20670 Similarity,Unmatched,0,0,0
OCDKLD_20675 sugar ABC transporter substrate-binding protein,Unmatched,0,0,0
OCDKLD_20680 transketolase,Unmatched,0,0,0
OCDKLD_20685 proline hydroxylase,Unmatched,0,0,0
OCDKLD_20690 ABC transporter substrate-binding protein,Unmatched,0,0,0
OCDKLD_20695 Hypothetical glycosyl hydrolase 6,Unmatched,0,0,0
OCDKLD_20700 hormogonium polysaccharide biosynthesis acetyltransferase HpsU,Unmatched,0,0,0
OCDKLD_20705 glycosyltransferase,Unmatched,0,0,0
OCDKLD_20710 Urease accessory protein UreF,Unmatched,0,0,0
OCDKLD_20715 hypothetical protein,Unmatched,0,0,0
OCDKLD_20720 molybdenum cofactor biosynthesis protein,Unmatched,0,0,0
OCDKLD_20725 DUF4115 domain-containing protein,Unmatched,0,0,0
OCDKLD_20730 dihem cytochrome c family protein,Unmatched,0,0,0
OCDKLD_20735 Alkaline phosphatase,Unmatched,0,0,0
OCDKLD_20740 peptidase C14,Unmatched,0,0,0
OCDKLD_20745 hypothetical protein,Unmatched,0,0,0
OCDKLD_20750 hypothetical protein,Unmatched,0,0,0
OCDKLD_20755 DUF455 domain-containing protein,Unmatched,0,0,0
OCDKLD_20760 pentapeptide repeat-containing protein,Unmatched,0,0,0
OCDKLD_20765 Putative restriction endonuclease,Unmatched,0,0,0
OCDKLD_20770 DNA-binding response regulator,Unmatched,0,0,0
OCDKLD_20775 histidine kinase,Unmatched,0,0,0
OCDKLD_20780 hypothetical protein,Unmatched,0,0,0
OCDKLD_20785 hypothetical protein,Unmatched,0,0,0
OCDKLD_20790 hypothetical protein,Unmatched,0,0,0
OCDKLD_20795 lysozyme,Unmatched,0,0,0
OCDKLD_20800 DUF2235 domain-containing protein,Unmatched,0,0,0
OCDKLD_20805 hypothetical protein,Unmatched,0,0,0
OCDKLD_20810 cysteine synthase A,Unmatched,0,0,0
OCDKLD_20815 hypothetical protein,Unmatched,0,0,0
OCDKLD_20820 hypothetical protein,Unmatched,0,0,0
OCDKLD_20825 hypothetical protein,Unmatched,0,0,0
OCDKLD_20830 HNH endonuclease,Unmatched,0,0,0
OCDKLD_20835 Lactamase-B domain-containing protein,Unmatched,0,0,0
OCDKLD_20840 Histidine--tRNA ligase,Unmatched,0,0,0
OCDKLD_20845 hypothetical protein,Unmatched,0,0,0
OCDKLD_20850 hypothetical protein,Unmatched,0,0,0
OCDKLD_20855 hypothetical protein,Unmatched,0,0,0
OCDKLD_20860 hypothetical protein,Unmatched,0,0,0
OCDKLD_20865 IS21 family transposase,Unmatched,0,0,0
OCDKLD_20870 IstB-IS21 domain-containing protein,Unmatched,0,0,0
OCDKLD_20875 serine/threonine-protein kinase pkn1,Unmatched,0,0,0
OCDKLD_20880 efflux transporter periplasmic adaptor subunit,Unmatched,0,0,0
OCDKLD_20885 ABC transporter permease,Unmatched,0,0,0
OCDKLD_20890 aldo/keto reductase,Unmatched,0,0,0
OCDKLD_20895 hypothetical protein,Unmatched,0,0,0
OCDKLD_20900 DUF4115 domain-containing protein,Unmatched,0,0,0
OCDKLD_20905 pseudouridine synthase,Unmatched,0,0,0
OCDKLD_20910 hypothetical protein,Unmatched,0,0,0
OCDKLD_20915 POLO box domain-containing protein,Unmatched,0,0,0
OCDKLD_20920 tetratricopeptide repeat protein,Unmatched,0,0,0
OCDKLD_20925 polymerase,Unmatched,0,0,0
OCDKLD_20930 hypothetical protein,Unmatched,0,0,0
OCDKLD_20935 FAD dependent oxidoreductase,Unmatched,0,0,0
OCDKLD_20940 hypothetical protein,Unmatched,0,0,0
OCDKLD_20950 TetR/AcrR family transcriptional regulator,Unmatched,0,0,0
OCDKLD_20955 Peptidase A2 domain-containing protein,Unmatched,0,0,0
OCDKLD_20960 hypothetical protein,Unmatched,0,0,0
OCDKLD_20965 YbjN domain-containing protein,Unmatched,0,0,0
OCDKLD_20970 biotin--protein ligase,Unmatched,0,0,0
OCDKLD_20975 Type II toxin-antitoxin system HicB family antitoxin,Unmatched,0,0,0
OCDKLD_20980 DUF3386 domain-containing protein,Unmatched,0,0,0
OCDKLD_20985 NifU-like domain-containing protein,Unmatched,0,0,0
OCDKLD_20990 isocitrate dehydrogenase,Unmatched,0,0,0
OCDKLD_20995 COP23 domain-containing protein,Unmatched,0,0,0
OCDKLD_21000 Serine protease,Unmatched,0,0,0
OCDKLD_21005 Serine protease,Unmatched,0,0,0
OCDKLD_21010 hypothetical protein,Unmatched,0,0,0
OCDKLD_21015 hypothetical protein,Unmatched,0,0,0
OCDKLD_21020 DUF4149 domain-containing protein,Unmatched,0,0,0
OCDKLD_21025 hypothetical protein,Unmatched,0,0,0
OCDKLD_21030 hypothetical protein,Unmatched,0,0,0
OCDKLD_21035 serine/threonine-protein kinase pkn1,Unmatched,0,0,0
OCDKLD_21040 30S ribosomal protein S21,Unmatched,0,0,0
"OCDKLD_21045 threonine ammonia-lyase, biosynthetic",Unmatched,0,0,0
OCDKLD_21050 16S rRNA (cytosine(1402)-N(4))-methyltransferase RsmH,Unmatched,0,0,0
OCDKLD_21055 pyridoxal phosphate-dependent aminotransferase,Unmatched,0,0,0
OCDKLD_21060 FHA domain-containing protein,Unmatched,0,0,0
"OCDKLD_21065 transfer-messenger RNA, SsrA",Unmatched,0,0,0
OCDKLD_21070 hypothetical protein,Unmatched,0,0,0
OCDKLD_21075 Metalloprotease slr1322,Unmatched,0,0,0
OCDKLD_21080 DUF456 domain-containing protein,Unmatched,0,0,0
OCDKLD_21085 peptidase C69,Unmatched,0,0,0
OCDKLD_21090 LysR family transcriptional regulator,Unmatched,0,0,0
OCDKLD_21095 NAD(P)H-quinone oxidoreductase subunit F,Unmatched,0,0,0
OCDKLD_21100 carbonate dehydratase,Unmatched,0,0,0
OCDKLD_21105 NADH-quinone oxidoreductase subunit M,Unmatched,0,0,0
OCDKLD_21110 carbon dioxide transporter,Unmatched,0,0,0
"OCDKLD_21115 putative nucleic acid-binding protein, contains PIN domain",Unmatched,0,0,0
OCDKLD_21120 hypothetical protein,Unmatched,0,0,0
OCDKLD_21125 ACP S-malonyltransferase,Unmatched,0,0,0
OCDKLD_21130 DUF433 domain-containing protein,Unmatched,0,0,0
OCDKLD_21135 Transposase,Unmatched,0,0,0
OCDKLD_21140 DDE-3 domain-containing protein,Unmatched,0,0,0
OCDKLD_21145 phosphate ABC transporter permease,Unmatched,0,0,0
OCDKLD_21150 Uma2 family endonuclease,Unmatched,0,0,0
OCDKLD_21155 precorrin-3B C(17)-methyltransferase,Unmatched,0,0,0
OCDKLD_21160 chloride channel core,Unmatched,0,0,0
OCDKLD_21165 hypothetical protein,Unmatched,0,0,0
OCDKLD_21170 hypothetical protein,Unmatched,0,0,0
OCDKLD_21175 hypothetical protein,Unmatched,0,0,0
OCDKLD_21180 aspartate aminotransferase,Unmatched,0,0,0
OCDKLD_21185 DNA repair protein RadC,Unmatched,0,0,0
OCDKLD_21190 Phosphoribosylformylglycinamidine cyclo-ligase,Unmatched,0,0,0
"OCDKLD_21195 7,8-didemethyl-8-hydroxy-5-deazariboflavin synthase subunit CofH",Unmatched,0,0,0
OCDKLD_21200 photosystem II biogenesis protein Psp29,Unmatched,0,0,0
OCDKLD_21205 SsrA-binding protein SmpB,Unmatched,0,0,0
OCDKLD_21210 DUF2808 domain-containing protein,Unmatched,0,0,0
OCDKLD_21215 stress-induced bacterial acidophilic repeat motif family protein,Unmatched,0,0,0
OCDKLD_21220 molecular chaperone DnaJ,Unmatched,0,0,0
OCDKLD_21230 hypothetical protein,Unmatched,0,0,0
OCDKLD_21235 epimerase,Unmatched,0,0,0
OCDKLD_21240 transposase,Unmatched,0,0,0
OCDKLD_21245 translational GTPase TypA,Unmatched,0,0,0
OCDKLD_21250 ribose-phosphate pyrophosphokinase,Unmatched,0,0,0
OCDKLD_21255 signal peptidase I,Unmatched,0,0,0
OCDKLD_21260 calcium-binding protein,Unmatched,0,0,0
OCDKLD_21265 hypothetical protein,Unmatched,0,0,0
OCDKLD_21270 site-specific DNA-methyltransferase,Unmatched,0,0,0
OCDKLD_21275 dihydroorotase,Unmatched,0,0,0
OCDKLD_21280 adenine specific DNA methylase Mod,Unmatched,0,0,0
OCDKLD_21285 Putative restriction endonuclease,Unmatched,0,0,0
OCDKLD_21290 carbonic anhydrase,Unmatched,0,0,0
OCDKLD_21295 low-complexity tail membrane protein,Unmatched,0,0,0
OCDKLD_21300 translation initiation factor IF-2,Unmatched,0,0,0
OCDKLD_21305 DUF448 domain-containing protein,Unmatched,0,0,0
OCDKLD_21310 transcription termination/antitermination protein NusA,Unmatched,0,0,0
OCDKLD_21315 ribosome maturation factor RimP,Unmatched,0,0,0
OCDKLD_21320 ATP-dependent zinc metalloprotease FtsH,Unmatched,0,0,0
OCDKLD_21325 DNA-binding response regulator,Unmatched,0,0,0
OCDKLD_21330 Subtilisin,Unmatched,0,0,0
OCDKLD_21335 hypothetical protein,Unmatched,0,0,0
OCDKLD_21340 glutamate dehydrogenase,Unmatched,0,0,0
OCDKLD_21345 biopolymer transporter ExbB,Unmatched,0,0,0
OCDKLD_21350 biopolymer transporter ExbD,Unmatched,0,0,0
OCDKLD_21355 hypothetical protein,Unmatched,0,0,0
OCDKLD_21360 FAD-dependent oxidoreductase,Unmatched,0,0,0
OCDKLD_21365 GAF domain-containing protein,Unmatched,0,0,0
OCDKLD_21370 ParA family protein,Unmatched,0,0,0
OCDKLD_21375 Rho termination factor,Unmatched,0,0,0
OCDKLD_21380 hypothetical protein,Unmatched,0,0,0
OCDKLD_21385 hypothetical protein,Unmatched,0,0,0
OCDKLD_21390 phosphohistidine phosphatase SixA,Unmatched,0,0,0
OCDKLD_21395 exopolyphosphatase-like protein,Unmatched,0,0,0
OCDKLD_21400 Putative restriction endonuclease,Unmatched,0,0,0
OCDKLD_21405 citrate synthase,Unmatched,0,0,0
OCDKLD_21410 peptide ABC transporter substrate-binding protein,Unmatched,0,0,0
OCDKLD_21415 glycosyl transferase family 1,Unmatched,0,0,0
OCDKLD_21420 hypothetical protein,Unmatched,0,0,0
OCDKLD_21425 SAM-dependent methyltransferase,Unmatched,0,0,0
OCDKLD_21430 YqeG family HAD IIIA-type phosphatase,Unmatched,0,0,0
OCDKLD_21435 SAM-dependent methyltransferase,Unmatched,0,0,0
OCDKLD_21440 ferrochelatase,Unmatched,0,0,0
OCDKLD_21445 cytochrome-c oxidase,Unmatched,0,0,0
OCDKLD_21450 peptide chain release factor 2,Unmatched,0,0,0
OCDKLD_21455 DUF3747 domain-containing protein,Unmatched,0,0,0
OCDKLD_21460 UDP-N-acetylmuramoyl-L-alanine--D-glutamate ligase,Unmatched,0,0,0
OCDKLD_21465 GHL10 domain-containing protein,Unmatched,0,0,0
OCDKLD_21470 band 7 protein,Unmatched,0,0,0
OCDKLD_21475 DUF202 domain-containing protein,Unmatched,0,0,0
OCDKLD_21480 Integral membrane protein TerC family,Unmatched,0,0,0
OCDKLD_21485 Serine/threonine-protein kinase B,Unmatched,0,0,0
OCDKLD_21490 quinolinate synthase NadA,Unmatched,0,0,0
OCDKLD_21495 helix-turn-helix domain-containing protein,Unmatched,0,0,0
OCDKLD_21500 DUF2232 domain-containing protein,Unmatched,0,0,0
OCDKLD_21505 hypothetical protein,Unmatched,0,0,0
OCDKLD_21510 ribosome biogenesis GTPase YlqF,Unmatched,0,0,0
OCDKLD_21515 glutamate synthase,Unmatched,0,0,0
OCDKLD_21520 transketolase,Unmatched,0,0,0
OCDKLD_21525 beta-ketoacyl-ACP synthase II,Unmatched,0,0,0
OCDKLD_21530 acyl carrier protein,Unmatched,0,0,0
OCDKLD_21535 heme oxygenase,Unmatched,0,0,0
OCDKLD_21540 DNA-binding response regulator,Unmatched,0,0,0
OCDKLD_21545 WYL domain-containing protein,Unmatched,0,0,0
OCDKLD_21550 type I-D CRISPR-associated helicase Cas3',Unmatched,0,0,0
OCDKLD_21555 Nucleotidyltransferase domain-containing protein,Unmatched,0,0,0
OCDKLD_21560 hypothetical protein,Unmatched,0,0,0
OCDKLD_21565 nucleotidyltransferase domain-containing protein,Unmatched,0,0,0
OCDKLD_21570 Ribonuclease HepT-like,Unmatched,0,0,0
OCDKLD_21575 type I-D CRISPR-associated protein Cas10d/Csc3,Unmatched,0,0,0
OCDKLD_21580 type I-D CRISPR-associated protein Cas7/Csc2,Unmatched,0,0,0
OCDKLD_21585 type I-D CRISPR-associated protein Cas5/Csc1,Unmatched,0,0,0
OCDKLD_21590 Uma2 family endonuclease,Unmatched,0,0,0
OCDKLD_21595 CRISPR-associated endoribonuclease Cas6,Unmatched,0,0,0
OCDKLD_21600 CRISPR-associated protein Cas4,Unmatched,0,0,0
OCDKLD_21605 type I-D CRISPR-associated endonuclease Cas1d,Unmatched,0,0,0
OCDKLD_21610 CRISPR-associated endonuclease Cas2,Unmatched,0,0,0
OCDKLD_21620 tRNA dihydrouridine(20/20a) synthase DusA,Unmatched,0,0,0
OCDKLD_21625 DUF362 domain-containing protein,Unmatched,0,0,0
OCDKLD_21630 (2Fe-2S)-binding protein,Unmatched,0,0,0
OCDKLD_21635 DUF1997 domain-containing protein,Unmatched,0,0,0
OCDKLD_21640 Similar to tr|Q8YKM7|Q8YKM7,Unmatched,0,0,0
OCDKLD_21645 hypothetical protein,Unmatched,0,0,0
OCDKLD_21650 hypothetical protein,Unmatched,0,0,0
OCDKLD_21655 response regulator,Unmatched,0,0,0
OCDKLD_21660 GAF domain-containing protein,Unmatched,0,0,0
OCDKLD_21665 Response regulator transcription factor,Unmatched,0,0,0
OCDKLD_21670 hypothetical protein,Unmatched,0,0,0
OCDKLD_21675 5-oxoprolinase,Unmatched,0,0,0
OCDKLD_21680 tRNA (adenosine(37)-N6)-threonylcarbamoyltransferase complex transferase subunit TsaD,Unmatched,0,0,0
OCDKLD_21685 tRNA pseudouridine(55) synthase TruB,Unmatched,0,0,0
OCDKLD_21690 cobaltochelatase,Unmatched,0,0,0
OCDKLD_21695 histidinol-phosphate transaminase,Unmatched,0,0,0
OCDKLD_21700 (E)-4-hydroxy-3-methylbut-2-enyl-diphosphate synthase,Unmatched,0,0,0
OCDKLD_21705 alpha/beta hydrolase,Unmatched,0,0,0
OCDKLD_21710 TIGR04376 family protein,Unmatched,0,0,0
OCDKLD_21715 lysine--tRNA ligase,Unmatched,0,0,0
OCDKLD_21720 DUF3685 domain-containing protein,Unmatched,0,0,0
OCDKLD_21725 transcriptional repressor,Unmatched,0,0,0
OCDKLD_21730 amino acid ABC transporter permease,Unmatched,0,0,0
OCDKLD_21735 single-stranded DNA-binding protein,Unmatched,0,0,0
OCDKLD_21740 Uncharacterised protein family (UPF0175),Unmatched,0,0,0
OCDKLD_21745 DUF3368 domain-containing protein,Unmatched,0,0,0
OCDKLD_21750 caspase family protein,Unmatched,0,0,0
OCDKLD_21755 Na+/H+ antiporter,Unmatched,0,0,0
OCDKLD_21760 DUF3038 domain-containing protein,Unmatched,0,0,0
OCDKLD_21765 DUF4335 domain-containing protein,Unmatched,0,0,0
OCDKLD_21770 DUF2389 domain-containing protein,Unmatched,0,0,0
OCDKLD_21775 transcriptional repressor LexA,Unmatched,0,0,0
OCDKLD_21780 pyruvate:ferredoxin (flavodoxin) oxidoreductase,Unmatched,0,0,0
OCDKLD_21785 dihydroorotate dehydrogenase,Unmatched,0,0,0
OCDKLD_21790 6-phosphofructokinase,Unmatched,0,0,0
"OCDKLD_21795 HicA toxin of bacterial toxin-antitoxin,",Unmatched,0,0,0
OCDKLD_21800 HicB family protein,Unmatched,0,0,0
OCDKLD_21805 hypothetical protein,Unmatched,0,0,0
OCDKLD_21810 hypothetical protein,Unmatched,0,0,0
OCDKLD_21815 hypothetical protein,Unmatched,0,0,0
OCDKLD_21820 hypothetical protein,Unmatched,0,0,0
OCDKLD_21825 50S ribosomal protein L19,Unmatched,0,0,0
OCDKLD_21830 tRNA-Trp(cca),Unmatched,0,0,0
OCDKLD_21835 preprotein translocase subunit SecE,Unmatched,0,0,0
OCDKLD_21840 transcription termination/antitermination protein NusG,Unmatched,0,0,0
OCDKLD_21845 50S ribosomal protein L11,Unmatched,0,0,0
OCDKLD_21850 50S ribosomal protein L1,Unmatched,0,0,0
OCDKLD_21855 hypothetical protein,Unmatched,0,0,0
OCDKLD_21860 hypothetical protein,Unmatched,0,0,0
OCDKLD_21865 hypothetical protein,Unmatched,0,0,0
OCDKLD_21870 bifunctional riboflavin kinase/FAD synthetase,Unmatched,0,0,0
OCDKLD_21875 hypothetical protein,Unmatched,0,0,0
OCDKLD_21880 hypothetical protein,Unmatched,0,0,0
OCDKLD_21885 magnesium chelatase,Unmatched,0,0,0
OCDKLD_21890 hypothetical protein,Unmatched,0,0,0
OCDKLD_21895 cysteine protease,Unmatched,0,0,0
OCDKLD_21900 Inhibitor-I42 domain-containing protein,Unmatched,0,0,0
OCDKLD_21905 IctB family putative bicarbonate transporter,Unmatched,0,0,0
OCDKLD_21910 preprotein translocase subunit Tim44,Unmatched,0,0,0
OCDKLD_21915 hypothetical protein,Unmatched,0,0,0
OCDKLD_21920 helix-turn-helix domain-containing protein,Unmatched,0,0,0
OCDKLD_21925 GUN4 domain-containing protein,Unmatched,0,0,0
OCDKLD_21930 hypothetical protein,Unmatched,0,0,0
OCDKLD_21935 DUF2235 domain-containing protein,Unmatched,0,0,0
OCDKLD_21940 Mobile element protein,Unmatched,0,0,0
OCDKLD_21945 Ammonium Transporter Family,Unmatched,0,0,0
OCDKLD_21950 Chemotaxis protein CheA,Unmatched,0,0,0
OCDKLD_21955 ammonium permease,Unmatched,0,0,0
OCDKLD_21960 hypothetical protein,Unmatched,0,0,0
OCDKLD_21965 hypothetical protein,Unmatched,0,0,0
OCDKLD_21970 hypothetical protein,Unmatched,0,0,0
OCDKLD_21975 hypothetical protein,Unmatched,0,0,0
OCDKLD_21980 50S ribosome-binding GTPase,Unmatched,0,0,0
OCDKLD_21985 50S ribosome-binding GTPase,Unmatched,0,0,0
OCDKLD_21990 hypothetical protein,Unmatched,0,0,0
OCDKLD_21995 ATPase,Unmatched,0,0,0
OCDKLD_22000 phenylalanine--tRNA ligase subunit beta,Unmatched,0,0,0
OCDKLD_22005 Restriction endonuclease,Unmatched,0,0,0
OCDKLD_22010 site-specific DNA-methyltransferase,Unmatched,0,0,0
OCDKLD_22015 iron-regulated protein,Unmatched,0,0,0
OCDKLD_22020 ABC transporter ATP-binding protein,Unmatched,0,0,0
OCDKLD_22025 MCE family protein,Unmatched,0,0,0
OCDKLD_22030 type II toxin-antitoxin system HicB family antitoxin,Unmatched,0,0,0
OCDKLD_22035 Type II toxin-antitoxin system HicA family toxin,Unmatched,0,0,0
OCDKLD_22040 hypothetical protein,Unmatched,0,0,0
OCDKLD_22045 choice-of-anchor C family protein,Unmatched,0,0,0
OCDKLD_22050 Domain of unknown function DUF29,Unmatched,0,0,0
OCDKLD_22055 DUF5678 domain-containing protein,Unmatched,0,0,0
OCDKLD_22060 WD40 repeat domain-containing protein,Unmatched,0,0,0
OCDKLD_22065 Putative restriction endonuclease,Unmatched,0,0,0
OCDKLD_22070 DUF4351 domain-containing protein,Unmatched,0,0,0
OCDKLD_22075 hypothetical protein,Unmatched,0,0,0
OCDKLD_22080 DUF4351 domain-containing protein,Unmatched,0,0,0
OCDKLD_22085 SAM-dependent methyltransferase,Unmatched,0,0,0
OCDKLD_22090 histidine kinase,Unmatched,0,0,0
OCDKLD_22095 MAP3K-TRAF-bd domain-containing protein,Unmatched,0,0,0
OCDKLD_22100 Cache domain-containing protein,Unmatched,0,0,0
OCDKLD_22105 type IV secretion protein Rhs,Unmatched,0,0,0
OCDKLD_22110 hypothetical protein,Unmatched,0,0,0
OCDKLD_22115 quinone-dependent dihydroorotate dehydrogenase,Unmatched,0,0,0
OCDKLD_22120 molecular chaperone DnaJ,Unmatched,0,0,0
OCDKLD_22125 molecular chaperone DnaK,Unmatched,0,0,0
OCDKLD_22130 RNA pseudouridine synthase,Unmatched,0,0,0
OCDKLD_22135 hypothetical protein,Unmatched,0,0,0
OCDKLD_22140 PEP-CTERM sorting domain-containing protein,Unmatched,0,0,0
OCDKLD_22145 hypothetical protein,Unmatched,0,0,0
OCDKLD_22150 PemK family transcriptional regulator,Unmatched,0,0,0
OCDKLD_22155 type II toxin-antitoxin system VapC family toxin,Unmatched,0,0,0
OCDKLD_22160 type II toxin-antitoxin system VapC family toxin,Unmatched,0,0,0
OCDKLD_22165 hypothetical protein,Unmatched,0,0,0
OCDKLD_22170 fatty acid desaturase,Unmatched,0,0,0
OCDKLD_22175 hypothetical protein,Unmatched,0,0,0
OCDKLD_22180 potassium-transporting ATPase subunit KdpB,Unmatched,0,0,0
OCDKLD_22185 DNA (cytosine-5-)-methyltransferase,Unmatched,0,0,0
OCDKLD_22190 K(+)-transporting ATPase subunit C,Unmatched,0,0,0
OCDKLD_22195 peptidase M3,Unmatched,0,0,0
OCDKLD_22200 hypothetical protein,Unmatched,0,0,0
"OCDKLD_22205 type II toxin-antitoxin system mRNA interferase toxin, RelE/StbE family",Unmatched,0,0,0
OCDKLD_22210 cyanobacterial phytochrome A,Unmatched,0,0,0
OCDKLD_22215 response regulator,Unmatched,0,0,0
OCDKLD_22220 hybrid sensor histidine kinase/response regulator,Unmatched,0,0,0
OCDKLD_22225 Protein kinase,Unmatched,0,0,0
OCDKLD_22230 Non-specific serine/threonine protein kinase,Unmatched,0,0,0
OCDKLD_22235 serine/threonine protein kinase,Unmatched,0,0,0
OCDKLD_22240 protein translocase subunit SecF,Unmatched,0,0,0
OCDKLD_22245 protein translocase subunit SecD,Unmatched,0,0,0
OCDKLD_22250 alpha-ketoacid dehydrogenase subunit beta,Unmatched,0,0,0
OCDKLD_22255 GTP-binding protein,Unmatched,0,0,0
OCDKLD_22260 bis(5'-nucleosyl)-tetraphosphatase (symmetrical) YqeK,Unmatched,0,0,0
OCDKLD_22265 ribosome silencing factor,Unmatched,0,0,0
OCDKLD_22270 DUF1230 domain-containing protein,Unmatched,0,0,0
OCDKLD_22275 asparaginase,Unmatched,0,0,0
OCDKLD_22280 aspartate aminotransferase,Unmatched,0,0,0