Query_Name,Reference_Name,Identity_Score,Query_Coverage,Query_Length
FMDALA_00025 clan AA aspartic protease,ctg3_6_lanthipeptide_54_0,98.09,100,366
FMDALA_00030 hypothetical protein,ctg3_7_lanthipeptide_54_0,99.49,100,198
FMDALA_00475 hypothetical protein,ctg36_3_NRPS-like_34_0,94.05,100,336
FMDALA_00485 methylthioribulose 1-phosphate dehydratase,ctg36_4_NRPS-like_34_0,94.98,100,618
FMDALA_00490 hypothetical protein,ctg36_5_NRPS-like_34_0,96.85,100,381
FMDALA_00500 recombinase B,ctg36_6_NRPS-like_34_0,97.49,81.43,1761
FMDALA_00505 cysteine lyase,ctg36_7_NRPS-like_34_0,96.21,100,1215
FMDALA_01585 hypothetical protein,ctg3_6_lanthipeptide_54_0,93.43,100,198
FMDALA_01595 hypothetical protein,ctg5_28_RRE-containing_23_0,96.89,100,354
FMDALA_01600 ABC transporter permease,ctg5_29_RRE-containing_23_0,96.89,100,771
FMDALA_01605 ABC transporter substrate-binding protein,ctg5_30_RRE-containing_23_0,97.19,100,1209
FMDALA_01610 ABC transporter ATP-binding protein,ctg5_31_RRE-containing_23_0,97.45,100,783
FMDALA_01615 acyl-CoA dehydrogenase,ctg5_32_RRE-containing_23_0,96.77,100,1116
FMDALA_01620 DUF4242 domain-containing protein,ctg5_33_RRE-containing_23_0,97.18,100,531
FMDALA_01965 pirin family protein,ctg27_13_T1PKS-Terpene_11_0,98.19,87.53,441
FMDALA_01970 Putative restriction endonuclease,ctg27_15_T1PKS-Terpene_11_0,98.35,84.47,573
FMDALA_01975 Enediyne biosynthesis protein UnbU,ctg27_16_T1PKS-Terpene_11_0,98.73,97.09,894
FMDALA_02065 penicillin-binding protein 2,ctg44_9_1-heptadecene_20_0,97.6,100,1875
FMDALA_02070 radical SAM protein,ctg44_8_1-heptadecene_20_0,96.03,100,807
FMDALA_02410 ATP-dependent Clp endopeptidase proteolytic subunit ClpP,ctg83_20_lanthipeptide_21_0,76.4,74.17,600
FMDALA_03670 peptide synthetase,"ACM68682.1_aerA_MicrocystisaeruginosaNIES-98_aeruginosin98-A,aeruginosin98-B,aeruginosin98-C",96.69,99.37,4287
FMDALA_03865 imidazole glycerol phosphate synthase subunit HisH,ctg13_7_Cyanobactin_64_0,97.81,100,639
FMDALA_03870 ABC transporter ATP-binding protein,ctg13_8_Cyanobactin_64_0,97.61,100,753
FMDALA_04570 5S ribosomal RNA,ctg44_1_1-heptadecene_20_0,100,88.98,118
FMDALA_05090 hypothetical protein,ctg30_10_Novel-T3PKS_28_0,96.26,100,294
FMDALA_05095 WD40 repeat domain-containing protein,ctg30_11_Novel-T3PKS_28_0,96.83,100,1071
FMDALA_05100 ribonuclease III,ctg30_12_Novel-T3PKS_28_0,96.45,100,705
FMDALA_05110 alpha/beta hydrolase,ctg30_13_Novel-T3PKS_28_0,96.14,100.12,828
FMDALA_05115 histidine kinase,ctg30_14_Novel-T3PKS_28_0,97.32,100,1155
FMDALA_05120 DUF1957 domain-containing protein,ctg30_15_Novel-T3PKS_28_0,97.99,100,1590
FMDALA_05510 anacyclamide synthesis protein AcyF,ctg13_5_Cyanobactin_64_0,94.1,100.11,897
FMDALA_05515 DUF29 domain-containing protein,ctg13_3_Cyanobactin_64_0,93.74,99.33,450
FMDALA_05795 DUF5615 domain-containing protein,ctg34_21_Bartoloside-T1PKS_18_0,98.2,100,333
FMDALA_05800 hypothetical protein,ctg34_22_Bartoloside-T1PKS_18_0,99.1,100,222
FMDALA_06045 adenylate cyclase,ctg5_21_RRE-containing_23_0,95.91,100,2298
FMDALA_06050 GNAT family N-acetyltransferase,ctg5_14_RRE-containing_23_0,99.63,100,267
FMDALA_06545 CTP synthase,ctg5_27_RRE-containing_23_0,97.21,99.51,1623
FMDALA_06550 ferredoxin,ctg5_26_RRE-containing_23_0,98.43,100,318
FMDALA_06925 Tnp-DNA-bind domain-containing protein,ctg115_1_Cyanobactin_90_0,94.81,97.83,276
FMDALA_06995 1-deoxy-D-xylulose-5-phosphate synthase,ctg83_26_lanthipeptide_21_0,97.61,76.77,1911
FMDALA_07000 nickel pincer cofactor biosynthesis protein LarB,ctg83_25_lanthipeptide_21_0,97.92,100,771
FMDALA_07005 ribonuclease J,ctg83_24_lanthipeptide_21_0,96.46,100,1749
FMDALA_07010 4-hydroxy-tetrahydrodipicolinate synthase,ctg83_23_lanthipeptide_21_0,97.76,100,891
FMDALA_07015 aspartate-semialdehyde dehydrogenase,ctg83_22_lanthipeptide_21_0,98.07,100,1038
FMDALA_07020 trigger factor,ctg83_21_lanthipeptide_21_0,97.48,99.78,1392
FMDALA_07025 ATP-dependent Clp endopeptidase proteolytic subunit ClpP,ctg83_20_lanthipeptide_21_0,98.34,85.9,702
FMDALA_07030 ATP-dependent protease ATP-binding subunit ClpX,ctg83_19_lanthipeptide_21_0,98.05,100,1335
FMDALA_07040 alpha/beta hydrolase,ctg83_18_lanthipeptide_21_0,96.84,88.46,858
FMDALA_07045 undecaprenyl-diphosphate phosphatase,ctg83_4_lanthipeptide_21_0,97.89,100,948
FMDALA_07050 glutathione peroxidase,ctg83_3_lanthipeptide_21_0,97.41,100.14,732
FMDALA_07105 DUF29 domain-containing protein,ctg36_9_NRPS-like_34_0,79.25,93.79,483
FMDALA_07115 recombinase RecQ,ctg3_13_lanthipeptide_54_0,97.25,100,1452
FMDALA_07120 DUF3285 domain-containing protein,ctg3_14_lanthipeptide_54_0,96.24,100,186
FMDALA_07125 rRNA maturation RNase YbeY,ctg3_15_lanthipeptide_54_0,97.66,100,513
FMDALA_07130 diacylglycerol kinase,ctg3_16_lanthipeptide_54_0,98.77,100,489
FMDALA_07135 DUF4327 domain-containing protein,ctg3_17_lanthipeptide_54_0,99.17,100,240
FMDALA_07475 ATP-dependent sacrificial sulfur transferase LarE,ctg34_20_Bartoloside-T1PKS_18_0,97.78,100,810
FMDALA_07745 glutamate--cysteine ligase,ctg30_9_Novel-T3PKS_28_0,96.78,99.39,1155
FMDALA_07750 resolvase,ctg30_8_Novel-T3PKS_28_0,96.18,100,393
FMDALA_07925 carotenoid biosynthesis protein,ctg30_17_Novel-T3PKS_28_0,97.7,100,915
FMDALA_08260 transglutaminase,ctg82_2_T3PKS-Merocyclophane_5_0,96.5,100,2313
FMDALA_09310 Cytoplasmic protein,ctg82_34_T3PKS-Merocyclophane_5_0,91.43,100,957
FMDALA_09345 Carrier domain-containing protein,ABI26077.1_ociA_PlanktothrixagardhiiNIVA-CYA116_cyanopeptolin,84.53,74.4,2937
FMDALA_09375 transposase,ctg27_30_T1PKS-Terpene_11_0,93.56,100.15,651
FMDALA_09385 2TM domain-containing protein,ctg71_11_T1PKS_51_0,98.04,100,255
FMDALA_09390 thylakoid-associated protein,ctg71_10_T1PKS_51_0,96.04,100,303
FMDALA_09395 alanine dehydrogenase,ctg71_9_T1PKS_51_0,97.15,100,1086
FMDALA_09400 restriction endonuclease,ctg71_8_T1PKS_51_0,97.18,100,780
FMDALA_09650 Transposase,ctg115_1_Cyanobactin_90_0,95.89,100,219
FMDALA_09760 BarH protein,ctg5_2_RRE-containing_23_0,90,89.99,1089
FMDALA_09765 CopG family transcriptional regulator,ctg5_4_RRE-containing_23_0,99.17,87.68,276
FMDALA_09770 hypothetical protein,ctg5_5_RRE-containing_23_0,97.66,79.17,216
FMDALA_09920 clan AA aspartic protease,ctg3_4_lanthipeptide_54_0,99.19,100,369
FMDALA_09925 hypothetical protein,ctg3_5_lanthipeptide_54_0,100,100,276
FMDALA_10060 methyltransferase,AAF00954.1_mcyJ_MicrocystisaeruginosaPCC7806_microcystinLR,99.05,89.53,936
FMDALA_10065 dehydrogenase,AAF00955.1_mcyI_MicrocystisaeruginosaPCC7806_microcystinLR,97.14,100,1014
FMDALA_10070 ABC transporter,AAF00956.1_mcyH_MicrocystisaeruginosaPCC7806_microcystinLR,98.64,91.88,1761
FMDALA_10075 beta-ketoacyl synthase,AAF00957.1_mcyG_MicrocystisaeruginosaPCC7806_microcystinLR,98.72,100.01,7896
FMDALA_10080 aspartate/glutamate racemase family protein,AAF00963.1_mcyF_MicrocystisaeruginosaPCC7806_microcystinLR,97.88,100,756
FMDALA_10085 non-ribosomal peptide synthetase,AAF00958.1_mcyE_MicrocystisaeruginosaPCC7806_microcystinLR,98.01,100,10464
FMDALA_10090 Acyl transferase domain in polyketide synthase (PKS) enzymes,AAF00959.1_mcyD_MicrocystisaeruginosaPCC7806_microcystinLR,98.05,100,11721
FMDALA_10100 Nonribosomal peptide synthetase McyB,AAF00961.1_mcyB_MicrocystisaeruginosaPCC7806_microcystinLR,98.65,99.95,6378
FMDALA_10105 non-ribosomal peptide synthetase,AAF00962.1_mcyC_MicrocystisaeruginosaPCC7806_microcystinLR,95.95,100,3876
FMDALA_10110 FAD-dependent oxidoreductase,AAF00964.1_uma1_MicrocystisaeruginosaPCC7806_microcystinLR,97.17,100,2052
FMDALA_10115 Putative restriction endonuclease,AAF00965.1_uma2_MicrocystisaeruginosaPCC7806_microcystinLR,93.64,100.35,564
FMDALA_10120 adenylyl-sulfate kinase,AAF00966.1_uma3_MicrocystisaeruginosaPCC7806_microcystinLR,96.66,100,1527
FMDALA_10220 rhodanese-related sulfurtransferase,ctg20_3_samp_2073_1151163_NRPS,97.35,100,339
FMDALA_10435 hypothetical protein,"AED99430.1_AED99430.1_PlanktothrixagardhiiNIES-596_prenylagaramideB,prenylagaramideC",96.59,84.62,312
FMDALA_10440 transposase,ctg13_6_Cyanobactin_64_0,95.02,100,261
FMDALA_10445 Putative restriction endonuclease,ctg13_2_Cyanobactin_64_0,88.87,99.82,567
FMDALA_10455 Uma2 family endonuclease,ctg13_4_Cyanobactin_64_0,95.34,98.47,654
FMDALA_10480 PatA/PatG family cyanobactin maturation protease,ctg13_1_Cyanobactin_64_0,95.03,97.7,1566
FMDALA_10605 Dimer-Tnp-Tn5 domain-containing protein,ctg115_1_Cyanobactin_90_0,98.25,83.52,273
FMDALA_10610 hypothetical protein,ctg115_1_Cyanobactin_90_0,94.17,100,360
FMDALA_10615 IS4 family transposase,ctg115_1_Cyanobactin_90_0,94.47,100,633
FMDALA_10740 DUF4351 domain-containing protein,ctg82_34_T3PKS-Merocyclophane_5_0,92.64,98.84,948
FMDALA_10760 type 2 isopentenyl-diphosphate Delta-isomerase,"ACM68685.1_aerK_MicrocystisaeruginosaNIES-98_aeruginosin98-A,aeruginosin98-B,aeruginosin98-C",96.74,100,1044
FMDALA_10765 bacilysin biosynthesis protein BacA,"ACM68686.1_aerD_MicrocystisaeruginosaNIES-98_aeruginosin98-A,aeruginosin98-B,aeruginosin98-C",95.89,100,633
FMDALA_10770 Cupin domain-containing protein,"ACM68687.1_aerE_MicrocystisaeruginosaNIES-98_aeruginosin98-A,aeruginosin98-B,aeruginosin98-C",93.46,100,627
FMDALA_10775 short-chain dehydrogenase,"ACM68688.1_aerF_MicrocystisaeruginosaNIES-98_aeruginosin98-A,aeruginosin98-B,aeruginosin98-C",97.5,100,801
FMDALA_10780 AerL,"ACM68689.1_aerL_MicrocystisaeruginosaNIES-98_aeruginosin98-A,aeruginosin98-B,aeruginosin98-C",93.07,81.45,372
FMDALA_10785 non-ribosomal peptide synthetase,"ACM68690.1_aerG1_MicrocystisaeruginosaNIES-98_aeruginosin98-A,aeruginosin98-B,aeruginosin98-C",95.82,99.85,3279
FMDALA_10790 oxidoreductase,"ACM68692.1_ACM68692.1_MicrocystisaeruginosaNIES-98_aeruginosin98-A,aeruginosin98-B,aeruginosin98-C",98.58,100,777
"FMDALA_10800 2,3,4,5-tetrahydropyridine-2,6-dicarboxylate N-acetyltransferase","ACM68693.1_ACM68693.1_MicrocystisaeruginosaNIES-98_aeruginosin98-A,aeruginosin98-B,aeruginosin98-C",95.57,100,609
FMDALA_10805 ABC transporter,"ACM68694.1_aerN_MicrocystisaeruginosaNIES-98_aeruginosin98-A,aeruginosin98-B,aeruginosin98-C",96.94,100,1995
FMDALA_11045 transposase,AAF00967.1_uma4_MicrocystisaeruginosaPCC7806_microcystinLR,96.89,99.79,483
FMDALA_11495 Dolichyl-phosphate-mannose-protein mannosyltransferase,ctg28_2_RiPP-like_84_0,95.65,100,1680
FMDALA_11500 Glycogen debranching protein,ctg28_3_RiPP-like_84_0,95.24,100,210
FMDALA_11920 DUF2288 domain-containing protein,ctg44_2_1-heptadecene_20_0,98.28,100,291
FMDALA_12125 DUF4351 domain-containing protein,ctg34_26_Bartoloside-T1PKS_18_0,93.55,100.15,681
FMDALA_12305 Uncharacterized protein sll0103,ctg30_6_Novel-T3PKS_28_0,96.63,98.65,1263
FMDALA_12315 aluminum resistance family protein,ctg30_5_Novel-T3PKS_28_0,97.37,100,1254
FMDALA_12320 efflux transporter periplasmic adaptor subunit,ctg30_3_Novel-T3PKS_28_0,97.31,100,1560
FMDALA_12325 ATP-binding protein syrD,ctg30_2_Novel-T3PKS_28_0,97.3,100,444
FMDALA_13860 hypothetical protein,ctg34_2_Bartoloside-T1PKS_18_0,96.67,100,240
FMDALA_14125 Transposase,ctg115_1_Cyanobactin_90_0,95.43,100,219
FMDALA_14215 N-terminal part of Q9RNA5_MICAE Uma4,AAF00967.1_uma4_MicrocystisaeruginosaPCC7806_microcystinLR,95,98.77,81
FMDALA_15350 DUF1995 domain-containing protein,ctg105_6_Anabaenopeptin_16_0,95.7,100,744
FMDALA_15355 hypothetical protein,ctg105_5_Anabaenopeptin_16_0,97.07,100,273
FMDALA_15365 flavin oxidoreductase,ctg105_3_Anabaenopeptin_16_0,96.11,100,1746
FMDALA_15370 Membrane protein,ctg105_2_Anabaenopeptin_16_0,97.8,99.8,501
FMDALA_15580 hypothetical protein,ctg27_13_T1PKS-Terpene_11_0,98.43,99.48,192
FMDALA_15585 Similarity,ctg27_12_T1PKS-Terpene_11_0,97.53,100,243
FMDALA_15590 hypothetical protein,ctg27_11_T1PKS-Terpene_11_0,96.44,100,477
FMDALA_15595 phytoene synthase,ctg27_10_T1PKS-Terpene_11_0,97.96,100,933
FMDALA_15600 15-cis-phytoene desaturase,ctg27_9_T1PKS-Terpene_11_0,97.62,100,1431
FMDALA_15915 DUF4351 domain-containing protein,ctg34_26_Bartoloside-T1PKS_18_0,91.72,101.96,663
FMDALA_16095 hypothetical protein,ctg36_2_NRPS-like_34_0,78.37,103.7,486
FMDALA_16100 hypothetical protein,ctg36_2_NRPS-like_34_0,88.57,89.74,312
FMDALA_16105 hypothetical protein,ctg36_2_NRPS-like_34_0,75.31,108.97,513
FMDALA_16110 hypothetical protein,ctg36_2_NRPS-like_34_0,79.95,75.05,525
FMDALA_16125 DUF3368 domain-containing protein,ctg82_36_T3PKS-Merocyclophane_5_0,96.39,100,498
FMDALA_16130 Uncharacterised protein family (UPF0175),ctg82_35_T3PKS-Merocyclophane_5_0,98.78,100,246
FMDALA_16135 Cytoplasmic protein,ctg82_34_T3PKS-Merocyclophane_5_0,94.2,77.27,981
FMDALA_16780 HAD family phosphatase,ctg20_15_NRPS-T1PKS_26_0,97.15,100,738
FMDALA_16790 LprI domain-containing protein,ctg20_14_NRPS-T1PKS_26_0,94.19,76.76,426
FMDALA_16795 oxidoreductase,ctg20_13_NRPS-T1PKS_26_0,97.1,100,2238
FMDALA_17025 5S ribosomal RNA,ctg44_1_1-heptadecene_20_0,100,88.98,118
FMDALA_17125 NFACT N-terminal and middle domains,ctg34_5_Bartoloside-T1PKS_18_0,96.36,100,1731
FMDALA_17130 ABC transporter,ctg34_6_Bartoloside-T1PKS_18_0,98.07,100,675
FMDALA_17135 ABC transporter permease DevC,ctg34_7_Bartoloside-T1PKS_18_0,77.42,95.42,1179
FMDALA_17410 ABC transporter permease,ctg27_32_T1PKS-Terpene_11_0,98.08,100,780
FMDALA_17415 hypothetical protein,ctg27_33_T1PKS-Terpene_11_0,96.56,100,465
FMDALA_17420 phosphoadenosine phosphosulfate reductase,ctg27_34_T1PKS-Terpene_11_0,97.45,100,822
FMDALA_17425 hydrolase,ctg27_35_T1PKS-Terpene_11_0,97.75,100,843
FMDALA_17430 BrnT family toxin,ctg27_37_T1PKS-Terpene_11_0,99.66,100,297
FMDALA_17435 hypothetical protein,ctg27_38_T1PKS-Terpene_11_0,98.89,100,180
FMDALA_17440 hypothetical protein,ctg27_39_T1PKS-Terpene_11_0,98.48,100,198
FMDALA_17450 GTPase,ctg27_40_T1PKS-Terpene_11_0,98.22,98.88,1872
"FMDALA_17455 3'(2'),5'-bisphosphate nucleotidase CysQ",ctg27_41_T1PKS-Terpene_11_0,97.15,100.11,876
FMDALA_17705 cysteine--tRNA ligase,ctg82_3_T3PKS-Merocyclophane_5_0,97.71,100,1443
FMDALA_17710 glycine/betaine ABC transporter substrate-binding protein,ctg82_4_T3PKS-Merocyclophane_5_0,98.1,100,1530
FMDALA_17715 metal-binding protein,ctg82_5_T3PKS-Merocyclophane_5_0,97.71,100,1005
FMDALA_17720 bifunctional orotidine-5'-phosphate decarboxylase/orotate phosphoribosyltransferase,ctg82_6_T3PKS-Merocyclophane_5_0,97.63,100,1434
FMDALA_17725 hypothetical protein,ctg82_7_T3PKS-Merocyclophane_5_0,96.49,100,285
FMDALA_17730 23S rRNA (guanosine(2251)-2'-O)-methyltransferase RlmB,ctg82_8_T3PKS-Merocyclophane_5_0,95.85,100,867
FMDALA_17735 Mini-ribonuclease 3,ctg82_9_T3PKS-Merocyclophane_5_0,97.12,100,417
FMDALA_17740 anti-sigma F factor antagonist,ctg82_10_T3PKS-Merocyclophane_5_0,98.01,100,351
FMDALA_17745 carbamoyl phosphate synthase small subunit,ctg82_11_T3PKS-Merocyclophane_5_0,97.13,100,1149
FMDALA_17750 Similar to tr|P74588|P74588,ctg82_12_T3PKS-Merocyclophane_5_0,93.1,100.11,897
FMDALA_17755 hypothetical protein,ctg82_27_T3PKS-Merocyclophane_5_0,95.38,100,780
FMDALA_17760 hypothetical protein,ctg82_28_T3PKS-Merocyclophane_5_0,95.83,100,528
FMDALA_17765 Putative peptidase PatA-like protein,ctg39_1_Cyanobactin_50_0,100,100,426
FMDALA_17770 cyanobactin biosynthesis system PatB/AcyB/McaB family protein,ctg39_2_Cyanobactin_50_0,100,100,210
FMDALA_17775 hypothetical protein,ctg39_3_Cyanobactin_50_0,100,100,228
FMDALA_17780 Putative restriction endonuclease,"AFK79997.1_AFK79997.1_MicrocystisaeruginosaPCC7005_piricyclamide7005E1,piricyclamide7005E2,piricyclamide7005E3,piricyclamide7005E4",95.07,99.87,792
FMDALA_17785 peptidase S8,ctg39_5_Cyanobactin_50_0,100,100,2070
FMDALA_17795 Light-repressed protein A,ctg39_6_Cyanobactin_50_0,100,100,600
FMDALA_17800 heat-shock protein,ctg39_7_Cyanobactin_50_0,100,100,411
FMDALA_17805 L-threonylcarbamoyladenylate synthase,ctg39_8_Cyanobactin_50_0,100,100,642
FMDALA_17810 nickel pincer cofactor biosynthesis protein LarC,ctg39_9_Cyanobactin_50_0,100,100,1182
FMDALA_17815 DUF29 domain-containing protein,ctg39_10_Cyanobactin_50_0,100,100,453
FMDALA_17820 DUF262 domain-containing protein,ctg39_11_Cyanobactin_50_0,100,100,1110
FMDALA_17825 endoribonuclease,ctg39_12_Cyanobactin_50_0,100,100,501
FMDALA_17830 reactive intermediate/imine deaminase,ctg39_13_Cyanobactin_50_0,100,100,390
FMDALA_17835 DNA-directed RNA polymerase subunit gamma,ctg39_14_Cyanobactin_50_0,100,100,1881
FMDALA_18840 DUF4351 domain-containing protein,ctg82_34_T3PKS-Merocyclophane_5_0,92.36,93.45,168
FMDALA_19055 S-(hydroxymethyl)glutathione dehydrogenase/class III alcohol dehydrogenase,ctg44_17_1-heptadecene_20_0,98.38,100,1110
FMDALA_19695 shikimate 5-dehydrogenase,ctg82_29_T3PKS-Merocyclophane_5_0,89.02,84.1,390
FMDALA_19700 serine/threonine protein kinase,ctg82_30_T3PKS-Merocyclophane_5_0,94.38,101.16,1548
FMDALA_19705 rhodanese-related sulfurtransferase,ctg82_31_T3PKS-Merocyclophane_5_0,97.04,99.75,813
FMDALA_19715 DNA repair protein RecO,ctg82_32_T3PKS-Merocyclophane_5_0,96.79,100,780
FMDALA_19720 arabinose efflux permease,ctg82_33_T3PKS-Merocyclophane_5_0,97.12,100,1491
FMDALA_20245 Tyrocidine synthase 3,ABI26078.1_ociB_PlanktothrixagardhiiNIVA-CYA116_cyanopeptolin,86.29,100.3,10569
FMDALA_20260 hypothetical protein,ctg3_8_lanthipeptide_54_0,99.45,98.39,186
FMDALA_20520 branched-chain amino acid ABC transporter permease,ctg13_9_Cyanobactin_64_0,98.3,100,1116
FMDALA_20525 DNA-binding response regulator,ctg13_10_Cyanobactin_64_0,97.72,100,657
FMDALA_20530 protein tyrosine phosphatase,ctg13_11_Cyanobactin_64_0,97.88,100,519
FMDALA_20535 hypothetical protein,ctg13_12_Cyanobactin_64_0,99.32,100,294
FMDALA_20540 DUF2834 domain-containing protein,ctg13_13_Cyanobactin_64_0,96.71,100,639
FMDALA_21435 N-terminal part of Q9RNA5_MICAE Uma4,AAF00967.1_uma4_MicrocystisaeruginosaPCC7806_microcystinLR,96.25,98.77,81
FMDALA_21615 ABC transporter,AAZ03549.1_mcnF_Microcystissp.NIVA-CYA172/5_cyanopeptolin,96.53,100,2076
FMDALA_21620 DUF6014 domain-containing protein,AAZ03548.1_mcnG_Microcystissp.NIVA-CYA172/5_cyanopeptolin,97.27,95.44,1227
FMDALA_21865 N-acetyltransferase,CAQ16119.1_mdnD_MicrocystisaeruginosaNIES-298_microviridinB,96.25,100,534
FMDALA_21870 MvdD family ATP-grasp ribosomal peptide maturase,CAQ16118.1_mdnC_MicrocystisaeruginosaNIES-298_microviridinB,96.92,100,975
FMDALA_21880 MvdC family ATP-grasp ribosomal peptide maturase,CAQ16117.1_mdnB_MicrocystisaeruginosaNIES-298_microviridinB,96.83,100,978
FMDALA_22125 magnesium-transporting ATPase,ctg27_8_T1PKS-Terpene_11_0,96.48,100,2781
FMDALA_22130 SLC13 family permease,ctg27_7_T1PKS-Terpene_11_0,98.72,100,1800
FMDALA_22135 Tetratricopeptide TPR_1 repeat-containing protein,ctg27_6_T1PKS-Terpene_11_0,98.14,100,537
FMDALA_22140 ABC transporter substrate-binding protein,ctg27_5_T1PKS-Terpene_11_0,98.21,100,783
FMDALA_22145 diguanylate cyclase response regulator,ctg27_4_T1PKS-Terpene_11_0,94,99.68,936
FMDALA_22150 DEAD/DEAH box helicase,ctg27_3_T1PKS-Terpene_11_0,97.13,100,2928
FMDALA_22155 lipoprotein NlpI,ctg27_2_T1PKS-Terpene_11_0,97.27,99.9,954
FMDALA_22740 DUF29 domain-containing protein,ctg39_10_Cyanobactin_50_0,96.91,100,453
FMDALA_23005 hypothetical protein,ctg71_3_T1PKS_51_0,96.46,100,396
FMDALA_23010 AAA family ATPase,ctg71_4_T1PKS_51_0,97.42,100,1512
FMDALA_23015 DUF1257 domain-containing protein,ctg71_5_T1PKS_51_0,98.59,81.38,435
FMDALA_23020 SAM-dependent methyltransferase,ctg71_6_T1PKS_51_0,98.78,100,657
FMDALA_23050 helicase,ctg36_8_NRPS-like_34_0,97.44,99.98,4173
FMDALA_23055 DUF29 domain-containing protein,ctg36_9_NRPS-like_34_0,95.94,99.36,471
FMDALA_23395 ABC transporter,CAQ16120.1_mdnE_MicrocystisaeruginosaNIES-298_microviridinB,95.98,100.05,2064
FMDALA_23575 glycine cleavage system aminomethyltransferase GcvT,ctg34_19_Bartoloside-T1PKS_18_0,96.57,100,1107
FMDALA_00005 hypothetical protein,Unmatched,0,0,0
FMDALA_00010 histidine triad nucleotide-binding protein,Unmatched,0,0,0
FMDALA_00015 aspartyl protease,Unmatched,0,0,0
FMDALA_00020 4-hydroxyphenylpyruvate dioxygenase,Unmatched,0,0,0
FMDALA_00035 photosystem II protein Psb27,Unmatched,0,0,0
FMDALA_00040 endonuclease MutS2,Unmatched,0,0,0
FMDALA_00045 pilus motility taxis protein HmpF,Unmatched,0,0,0
FMDALA_00050 hypothetical protein,Unmatched,0,0,0
FMDALA_00055 hypothetical protein,Unmatched,0,0,0
FMDALA_00060 phytoene/squalene synthase family protein,Unmatched,0,0,0
FMDALA_00065 Methyltransferase,Unmatched,0,0,0
FMDALA_00070 hypothetical protein,Unmatched,0,0,0
FMDALA_00075 cytochrome b6-f complex subunit IV,Unmatched,0,0,0
FMDALA_00080 cytochrome b6,Unmatched,0,0,0
FMDALA_00085 Transposase,Unmatched,0,0,0
FMDALA_00090 Circularly permuted ATP-grasp type 2,Unmatched,0,0,0
FMDALA_00095 A putative alpha-helical domain with a conserved ER motif,Unmatched,0,0,0
FMDALA_00100 transglutaminase,Unmatched,0,0,0
FMDALA_00105 hypothetical protein,Unmatched,0,0,0
FMDALA_00110 RHH-1 domain-containing protein,Unmatched,0,0,0
FMDALA_00115 DUF29 domain-containing protein,Unmatched,0,0,0
FMDALA_00120 peptidase C69,Unmatched,0,0,0
FMDALA_00125 DUF456 domain-containing protein,Unmatched,0,0,0
FMDALA_00130 Metalloprotease slr1322,Unmatched,0,0,0
FMDALA_00135 hypothetical protein,Unmatched,0,0,0
FMDALA_00140 DNA (cytosine-5-)-methyltransferase,Unmatched,0,0,0
FMDALA_00145 Programmed cell death antitoxin MazE,Unmatched,0,0,0
FMDALA_00150 hypothetical protein,Unmatched,0,0,0
FMDALA_00155 hypothetical protein,Unmatched,0,0,0
FMDALA_00160 hypothetical protein,Unmatched,0,0,0
FMDALA_00165 tRNA-Leu(caa),Unmatched,0,0,0
"FMDALA_00170 Zn-dependent protease, containings TPR repeats",Unmatched,0,0,0
FMDALA_00175 sulfite exporter TauE/SafE family protein,Unmatched,0,0,0
FMDALA_00180 peptidase,Unmatched,0,0,0
FMDALA_00185 chromosome segregation protein SMC,Unmatched,0,0,0
FMDALA_00190 YCII domain-containing protein,Unmatched,0,0,0
FMDALA_00195 Alkaline phosphatase,Unmatched,0,0,0
FMDALA_00200 hypothetical protein,Unmatched,0,0,0
FMDALA_00205 hypothetical protein,Unmatched,0,0,0
FMDALA_00210 hypothetical protein,Unmatched,0,0,0
FMDALA_00215 hypothetical protein,Unmatched,0,0,0
FMDALA_00220 hypothetical protein,Unmatched,0,0,0
FMDALA_00225 hypothetical protein,Unmatched,0,0,0
FMDALA_00230 Zincin-like metallopeptidase,Unmatched,0,0,0
FMDALA_00235 BolA family transcriptional regulator,Unmatched,0,0,0
FMDALA_00240 hypothetical protein,Unmatched,0,0,0
FMDALA_00245 Uma2 family endonuclease,Unmatched,0,0,0
FMDALA_00250 hypothetical protein,Unmatched,0,0,0
FMDALA_00255 bifunctional methylenetetrahydrofolate dehydrogenase/methenyltetrahydrofolate cyclohydrolase FolD,Unmatched,0,0,0
FMDALA_00260 OB-fold nucleic acid binding domain protein,Unmatched,0,0,0
FMDALA_00265 NUDIX hydrolase,Unmatched,0,0,0
FMDALA_00270 peptidase S41,Unmatched,0,0,0
FMDALA_00275 hypothetical protein,Unmatched,0,0,0
FMDALA_00280 carbohydrate kinase,Unmatched,0,0,0
FMDALA_00285 esterase,Unmatched,0,0,0
FMDALA_00290 DUF1818 domain-containing protein,Unmatched,0,0,0
FMDALA_00295 hypothetical protein,Unmatched,0,0,0
FMDALA_00300 signal peptidase I,Unmatched,0,0,0
FMDALA_00305 glutathione S-transferase,Unmatched,0,0,0
FMDALA_00310 glutathione S-transferase,Unmatched,0,0,0
FMDALA_00315 chorismate lyase,Unmatched,0,0,0
FMDALA_00320 hydantoinase,Unmatched,0,0,0
FMDALA_00325 oxidoreductase,Unmatched,0,0,0
FMDALA_00330 hypothetical protein,Unmatched,0,0,0
FMDALA_00335 hypothetical protein,Unmatched,0,0,0
FMDALA_00340 prevent-host-death protein,Unmatched,0,0,0
FMDALA_00345 hypothetical protein,Unmatched,0,0,0
FMDALA_00350 DUF4926 domain-containing protein,Unmatched,0,0,0
FMDALA_00355 DUF5615 domain-containing protein,Unmatched,0,0,0
FMDALA_00360 hypothetical protein,Unmatched,0,0,0
FMDALA_00365 DUF2283 domain-containing protein,Unmatched,0,0,0
FMDALA_00370 DUF2442 domain-containing protein,Unmatched,0,0,0
FMDALA_00375 DUF4160 domain-containing protein,Unmatched,0,0,0
FMDALA_00380 DUF1902 domain-containing protein,Unmatched,0,0,0
FMDALA_00385 PIN domain nuclease,Unmatched,0,0,0
FMDALA_00390 prevent-host-death protein,Unmatched,0,0,0
FMDALA_00395 Tetratricopeptide protein,Unmatched,0,0,0
FMDALA_00400 XisI protein,Unmatched,0,0,0
FMDALA_00405 DUF4926 domain-containing protein,Unmatched,0,0,0
FMDALA_00410 type II toxin-antitoxin system HicB family antitoxin,Unmatched,0,0,0
FMDALA_00415 XisI protein,Unmatched,0,0,0
FMDALA_00420 FdxN element excision controlling factor XisH,Unmatched,0,0,0
FMDALA_00425 hypothetical protein,Unmatched,0,0,0
"FMDALA_00430 type II toxin-antitoxin system mRNA interferase toxin, RelE/StbE family",Unmatched,0,0,0
FMDALA_00435 hypothetical protein,Unmatched,0,0,0
FMDALA_00440 DUF2283 domain-containing protein,Unmatched,0,0,0
FMDALA_00445 EAD4 domain-containing protein,Unmatched,0,0,0
FMDALA_00450 DUF3782 domain-containing protein,Unmatched,0,0,0
FMDALA_00455 TauD domain-containing protein,Unmatched,0,0,0
FMDALA_00460 tRNA-fMet(cat),Unmatched,0,0,0
FMDALA_00465 succinate dehydrogenase/fumarate reductase flavoprotein subunit,Unmatched,0,0,0
FMDALA_00470 restriction endonuclease,Unmatched,0,0,0
FMDALA_00480 tRNA-Cys(gca),Unmatched,0,0,0
FMDALA_00495 Similarity,Unmatched,0,0,0
FMDALA_00510 Similarity,Unmatched,0,0,0
FMDALA_00515 DNA topoisomerase (ATP-hydrolyzing),Unmatched,0,0,0
FMDALA_00520 phosphopyruvate hydratase,Unmatched,0,0,0
FMDALA_00525 peptidase,Unmatched,0,0,0
FMDALA_00530 homoserine dehydrogenase,Unmatched,0,0,0
FMDALA_00535 hypothetical protein,Unmatched,0,0,0
FMDALA_00540 hypothetical protein,Unmatched,0,0,0
FMDALA_00545 hypothetical protein,Unmatched,0,0,0
FMDALA_00550 hypothetical protein,Unmatched,0,0,0
FMDALA_00555 prevent-host-death protein,Unmatched,0,0,0
FMDALA_00560 Txe/YoeB family addiction module toxin,Unmatched,0,0,0
FMDALA_00565 hypothetical protein,Unmatched,0,0,0
FMDALA_00570 hormogonium polysaccharide biosynthesis protein HpsL,Unmatched,0,0,0
FMDALA_00575 hormogonium polysaccharide biosynthesis glycosyltransferase HpsN,Unmatched,0,0,0
FMDALA_00580 hormogonium polysaccharide biosynthesis glycosyltransferase HpsO,Unmatched,0,0,0
FMDALA_00585 Domain of unknown function DUF29,Unmatched,0,0,0
FMDALA_00590 PEP-CTERM sorting domain-containing protein,Unmatched,0,0,0
FMDALA_00595 hypothetical protein,Unmatched,0,0,0
FMDALA_00600 DUF5615 domain-containing protein,Unmatched,0,0,0
FMDALA_00605 hypothetical protein,Unmatched,0,0,0
FMDALA_00610 DUF29 domain-containing protein,Unmatched,0,0,0
FMDALA_00615 hypothetical protein,Unmatched,0,0,0
FMDALA_00620 hypothetical protein,Unmatched,0,0,0
FMDALA_00625 VKc domain-containing protein,Unmatched,0,0,0
FMDALA_00630 phosphorybosylanthranilate isomerase,Unmatched,0,0,0
FMDALA_00635 30S ribosomal protein S12 methylthiotransferase RimO,Unmatched,0,0,0
FMDALA_00640 ATP-dependent RNA helicase,Unmatched,0,0,0
FMDALA_00645 hypothetical protein,Unmatched,0,0,0
FMDALA_00650 hypothetical protein,Unmatched,0,0,0
FMDALA_00655 HEPN-RiboL-PSP domain-containing protein,Unmatched,0,0,0
FMDALA_00660 DUF262 domain-containing protein,Unmatched,0,0,0
FMDALA_00665 Macrophage migration inhibitory factor (MIF),Unmatched,0,0,0
FMDALA_00670 hypothetical protein,Unmatched,0,0,0
FMDALA_00675 branched-chain amino acid ABC transporter substrate-binding protein,Unmatched,0,0,0
FMDALA_00680 Iron permease FTR1 family,Unmatched,0,0,0
FMDALA_00685 bacterioferritin,Unmatched,0,0,0
FMDALA_00690 TPR domain protein component of TonB system,Unmatched,0,0,0
FMDALA_00695 dihydroxy-acid dehydratase,Unmatched,0,0,0
FMDALA_00700 hypothetical protein,Unmatched,0,0,0
FMDALA_00705 RNA-guided endonuclease TnpB family protein,Unmatched,0,0,0
FMDALA_00710 Four helix bundle protein,Unmatched,0,0,0
FMDALA_00715 ATPase,Unmatched,0,0,0
FMDALA_00720 agmatinase,Unmatched,0,0,0
FMDALA_00725 tRNA-Val(gac),Unmatched,0,0,0
FMDALA_00730 2Fe-2S ferredoxin,Unmatched,0,0,0
FMDALA_00735 acetylmannosamine-6-phosphate 2-epimerase,Unmatched,0,0,0
FMDALA_00740 inorganic pyrophosphatase,Unmatched,0,0,0
FMDALA_00745 Nitrogen stress-induced RNA 4,Unmatched,0,0,0
FMDALA_00750 AI-2E family transporter,Unmatched,0,0,0
FMDALA_00755 type II toxin-antitoxin system PrlF family antitoxin,Unmatched,0,0,0
FMDALA_00760 toxin,Unmatched,0,0,0
FMDALA_00765 PIN domain-containing protein,Unmatched,0,0,0
FMDALA_00770 Helix-turn-helix domain-containing protein,Unmatched,0,0,0
FMDALA_00775 CPBP family intramembrane metalloprotease,Unmatched,0,0,0
FMDALA_00780 Adenylate cyclase,Unmatched,0,0,0
FMDALA_00785 hypothetical protein,Unmatched,0,0,0
FMDALA_00790 Similarity,Unmatched,0,0,0
FMDALA_00795 Similarity,Unmatched,0,0,0
FMDALA_00800 Similarity,Unmatched,0,0,0
FMDALA_00805 DUF4282 domain-containing protein,Unmatched,0,0,0
FMDALA_00810 pentapeptide repeat-containing protein,Unmatched,0,0,0
FMDALA_00815 transcriptional regulator,Unmatched,0,0,0
FMDALA_00820 hypothetical protein,Unmatched,0,0,0
FMDALA_00825 hypothetical protein,Unmatched,0,0,0
FMDALA_00830 hypothetical protein,Unmatched,0,0,0
FMDALA_00835 DNA polymerase subunit beta,Unmatched,0,0,0
FMDALA_00840 Ribonuclease HepT-like,Unmatched,0,0,0
FMDALA_00845 hypothetical protein,Unmatched,0,0,0
FMDALA_00850 TPR domain protein component of TonB system,Unmatched,0,0,0
FMDALA_00855 PEP-CTERM domain-containing protein,Unmatched,0,0,0
FMDALA_00860 hypothetical protein,Unmatched,0,0,0
FMDALA_00865 chaperonin GroEL,Unmatched,0,0,0
FMDALA_00870 co-chaperone GroES,Unmatched,0,0,0
FMDALA_00875 mechanosensitive ion channel protein,Unmatched,0,0,0
FMDALA_00880 Bacterial extracellular solute-binding protein,Unmatched,0,0,0
FMDALA_00885 hypothetical protein,Unmatched,0,0,0
"FMDALA_00890 Toxin-antitoxin system, toxin component, HicA family",Unmatched,0,0,0
FMDALA_00895 hypothetical protein,Unmatched,0,0,0
FMDALA_00900 hypothetical protein,Unmatched,0,0,0
FMDALA_00905 type II toxin-antitoxin system death-on-curing family toxin,Unmatched,0,0,0
FMDALA_00910 AbrB/MazE/SpoVT family DNA-binding domain-containing protein,Unmatched,0,0,0
FMDALA_00915 hypothetical protein,Unmatched,0,0,0
FMDALA_00920 DUF6516 domain-containing protein,Unmatched,0,0,0
FMDALA_00925 type II toxin-antitoxin system HicB family antitoxin,Unmatched,0,0,0
FMDALA_00930 prevent-host-death family protein,Unmatched,0,0,0
FMDALA_00935 Type II toxin-antitoxin system HicB family antitoxin,Unmatched,0,0,0
FMDALA_00940 hypothetical protein,Unmatched,0,0,0
FMDALA_00945 proline--tRNA ligase,Unmatched,0,0,0
FMDALA_00950 nickel import ATP-binding protein NikD,Unmatched,0,0,0
FMDALA_00955 amidase,Unmatched,0,0,0
FMDALA_00960 bifunctional pyr operon transcriptional regulator/uracil phosphoribosyltransferase PyrR,Unmatched,0,0,0
FMDALA_00965 endonuclease/exonuclease/phosphatase,Unmatched,0,0,0
FMDALA_00970 peptide ABC transporter substrate-binding protein,Unmatched,0,0,0
FMDALA_00975 pentapeptide repeat-containing protein,Unmatched,0,0,0
FMDALA_00980 DedA family protein,Unmatched,0,0,0
FMDALA_00985 methyltransferase,Unmatched,0,0,0
FMDALA_00990 glycosyltransferase family 1 protein,Unmatched,0,0,0
FMDALA_00995 RNA-binding protein,Unmatched,0,0,0
FMDALA_01000 PEP-CTERM sorting domain-containing protein,Unmatched,0,0,0
"FMDALA_01005 1,4-dihydroxy-2-naphthoyl-CoA synthase",Unmatched,0,0,0
FMDALA_01010 type II toxin-antitoxin system HicB family antitoxin,Unmatched,0,0,0
FMDALA_01015 glycosyltransferase,Unmatched,0,0,0
FMDALA_01020 serine acetyltransferase,Unmatched,0,0,0
FMDALA_01025 2-C-methyl-D-erythritol 4-phosphate cytidylyltransferase,Unmatched,0,0,0
FMDALA_01030 DUF1824 domain-containing protein,Unmatched,0,0,0
FMDALA_01035 hypothetical protein,Unmatched,0,0,0
FMDALA_01040 hypothetical protein,Unmatched,0,0,0
FMDALA_01045 hypothetical protein,Unmatched,0,0,0
FMDALA_01050 magnesium chelatase ATPase subunit D,Unmatched,0,0,0
FMDALA_01055 hypothetical protein,Unmatched,0,0,0
FMDALA_01060 peptidase C69,Unmatched,0,0,0
FMDALA_01065 Phage tail sheath family protein,Unmatched,0,0,0
FMDALA_01070 phage tail sheath family protein,Unmatched,0,0,0
FMDALA_01075 phage tail protein,Unmatched,0,0,0
FMDALA_01080 hypothetical protein,Unmatched,0,0,0
FMDALA_01085 phage tail protein,Unmatched,0,0,0
FMDALA_01090 hypothetical protein,Unmatched,0,0,0
FMDALA_01095 peptidoglycan-binding protein LysM,Unmatched,0,0,0
FMDALA_01100 Phage late control D family protein,Unmatched,0,0,0
FMDALA_01105 phage tail protein,Unmatched,0,0,0
FMDALA_01110 PAAR motif protein,Unmatched,0,0,0
FMDALA_01115 baseplate protein,Unmatched,0,0,0
FMDALA_01120 putative baseplate assembly protein,Unmatched,0,0,0
FMDALA_01125 hypothetical protein,Unmatched,0,0,0
FMDALA_01130 NHL repeat domain protein,Unmatched,0,0,0
FMDALA_01135 Peptidase S74 domain-containing protein,Unmatched,0,0,0
FMDALA_01140 Peptidase S74 domain-containing protein,Unmatched,0,0,0
FMDALA_01145 hypothetical protein,Unmatched,0,0,0
FMDALA_01150 hypothetical protein,Unmatched,0,0,0
FMDALA_01155 AAA ATPase,Unmatched,0,0,0
FMDALA_01160 Putative zinc- or iron-chelating domain-containing protein,Unmatched,0,0,0
FMDALA_01165 DUF4255 domain-containing protein,Unmatched,0,0,0
FMDALA_01170 Asl3973 protein,Unmatched,0,0,0
FMDALA_01175 hypothetical protein,Unmatched,0,0,0
FMDALA_01180 hypothetical protein,Unmatched,0,0,0
FMDALA_01185 hypothetical protein,Unmatched,0,0,0
FMDALA_01190 DUF5615 domain-containing protein,Unmatched,0,0,0
FMDALA_01195 Transposase family protein,Unmatched,0,0,0
FMDALA_01200 adenosylcobinamide-GDP ribazoletransferase,Unmatched,0,0,0
FMDALA_01205 peptidase,Unmatched,0,0,0
FMDALA_01210 Similarity,Unmatched,0,0,0
FMDALA_01215 hypothetical protein,Unmatched,0,0,0
FMDALA_01220 ISL3 family transposase,Unmatched,0,0,0
FMDALA_01225 DUF29 domain-containing protein,Unmatched,0,0,0
FMDALA_01230 DUF29 domain-containing protein,Unmatched,0,0,0
FMDALA_01235 cytochrome b6-f complex subunit PetL,Unmatched,0,0,0
FMDALA_01240 DNA repair protein RadA,Unmatched,0,0,0
FMDALA_01245 DNA-binding response regulator,Unmatched,0,0,0
FMDALA_01250 cofactor assembly of complex C subunit B,Unmatched,0,0,0
FMDALA_01255 hypothetical protein,Unmatched,0,0,0
FMDALA_01260 DUF488 domain-containing protein,Unmatched,0,0,0
FMDALA_01265 cyanophycin synthetase,Unmatched,0,0,0
FMDALA_01270 cyanophycinase,Unmatched,0,0,0
FMDALA_01275 tRNA (guanosine(37)-N1)-methyltransferase TrmD,Unmatched,0,0,0
FMDALA_01280 BREX-1 system phosphatase PglZ type A,Unmatched,0,0,0
FMDALA_01285 Fic family protein,Unmatched,0,0,0
FMDALA_01290 hypothetical protein,Unmatched,0,0,0
FMDALA_01295 BREX-1 system adenine-specific DNA-methyltransferase PglX,Unmatched,0,0,0
FMDALA_01300 hypothetical protein,Unmatched,0,0,0
FMDALA_01305 AAA family ATPase,Unmatched,0,0,0
FMDALA_01310 BREX system P-loop protein BrxC,Unmatched,0,0,0
FMDALA_01315 Cytoplasmic protein,Unmatched,0,0,0
FMDALA_01320 hypothetical protein,Unmatched,0,0,0
FMDALA_01325 tRNA-Gly(ccc),Unmatched,0,0,0
FMDALA_01330 glucokinase,Unmatched,0,0,0
FMDALA_01335 Carboxysome shell protein CcmP,Unmatched,0,0,0
FMDALA_01340 hypothetical protein,Unmatched,0,0,0
FMDALA_01345 FAD-dependent oxidoreductase,Unmatched,0,0,0
FMDALA_01350 6S / SsrS RNA,Unmatched,0,0,0
FMDALA_01355 XisH,Unmatched,0,0,0
FMDALA_01360 XisI protein,Unmatched,0,0,0
FMDALA_01365 hypothetical protein,Unmatched,0,0,0
FMDALA_01370 hypothetical protein,Unmatched,0,0,0
FMDALA_01375 hypothetical protein,Unmatched,0,0,0
FMDALA_01380 peptidase M16,Unmatched,0,0,0
FMDALA_01385 Fructosamine kinase,Unmatched,0,0,0
FMDALA_01390 Uma2 family endonuclease,Unmatched,0,0,0
FMDALA_01395 undecaprenyldiphospho-muramoylpentapeptide beta-N-acetylglucosaminyltransferase,Unmatched,0,0,0
FMDALA_01400 Nuclear transport factor 2 family protein,Unmatched,0,0,0
FMDALA_01405 transglutaminase,Unmatched,0,0,0
FMDALA_01410 hypothetical protein,Unmatched,0,0,0
"FMDALA_01415 beta-propeller domain-containing protein, methanol dehydrogenase",Unmatched,0,0,0
FMDALA_01420 hybrid sensor histidine kinase/response regulator,Unmatched,0,0,0
FMDALA_01425 hypothetical protein,Unmatched,0,0,0
FMDALA_01430 LppP/LprE lipoprotein,Unmatched,0,0,0
FMDALA_01435 single-stranded-DNA-specific exonuclease RecJ,Unmatched,0,0,0
FMDALA_01440 Glutamate 5-kinase,Unmatched,0,0,0
FMDALA_01445 allophycocyanin subunit beta,Unmatched,0,0,0
FMDALA_01450 DNA mismatch repair protein MutS,Unmatched,0,0,0
FMDALA_01455 hypothetical protein,Unmatched,0,0,0
FMDALA_01460 ATP-dependent helicase,Unmatched,0,0,0
FMDALA_01465 Pentapeptide repeat protein,Unmatched,0,0,0
FMDALA_01470 transcriptional regulator,Unmatched,0,0,0
FMDALA_01475 metallothionein,Unmatched,0,0,0
FMDALA_01480 Putative restriction endonuclease,Unmatched,0,0,0
FMDALA_01485 DUF2808 domain-containing protein,Unmatched,0,0,0
FMDALA_01490 DNA replication/repair protein RecF,Unmatched,0,0,0
FMDALA_01495 ribose-5-phosphate isomerase RpiA,Unmatched,0,0,0
FMDALA_01500 RNA-binding protein,Unmatched,0,0,0
FMDALA_01505 NblA-related protein,Unmatched,0,0,0
FMDALA_01510 universal stress protein UspA-like protein,Unmatched,0,0,0
"FMDALA_01515 arsenate reductase, glutathione/glutaredoxin type",Unmatched,0,0,0
FMDALA_01520 arsenical resistance protein ArsH,Unmatched,0,0,0
FMDALA_01525 ACR3 family arsenite efflux transporter,Unmatched,0,0,0
FMDALA_01530 transcriptional regulator,Unmatched,0,0,0
FMDALA_01535 photosystem II reaction center protein Ycf12,Unmatched,0,0,0
FMDALA_01540 NACHT domain-containing protein,Unmatched,0,0,0
FMDALA_01545 ISKra4 family transposase,Unmatched,0,0,0
FMDALA_01550 hypothetical protein,Unmatched,0,0,0
FMDALA_01555 hypothetical protein,Unmatched,0,0,0
FMDALA_01560 prepilin-type N-terminal cleavage/methylation domain-containing protein,Unmatched,0,0,0
FMDALA_01565 hypothetical protein,Unmatched,0,0,0
FMDALA_01570 DUF305 domain-containing protein,Unmatched,0,0,0
FMDALA_01575 MethyTransf-Reg domain-containing protein,Unmatched,0,0,0
FMDALA_01580 hypothetical protein,Unmatched,0,0,0
FMDALA_01590 hypothetical protein,Unmatched,0,0,0
FMDALA_01625 serine/threonine protein kinase,Unmatched,0,0,0
FMDALA_01630 Arginine decarboxylase,Unmatched,0,0,0
FMDALA_01635 long-chain fatty acid--CoA ligase,Unmatched,0,0,0
FMDALA_01640 Uncharacterized protein slr0039,Unmatched,0,0,0
FMDALA_01645 Slr0038 protein,Unmatched,0,0,0
FMDALA_01650 histidine kinase,Unmatched,0,0,0
FMDALA_01655 DUF3155 domain-containing protein,Unmatched,0,0,0
FMDALA_01660 Subtilisin,Unmatched,0,0,0
FMDALA_01665 DNA-binding response regulator,Unmatched,0,0,0
FMDALA_01670 recombinase family protein,Unmatched,0,0,0
FMDALA_01675 hypothetical protein,Unmatched,0,0,0
FMDALA_01680 Transposase,Unmatched,0,0,0
FMDALA_01685 ATP-dependent zinc metalloprotease FtsH,Unmatched,0,0,0
FMDALA_01690 ribosome maturation factor RimP,Unmatched,0,0,0
FMDALA_01695 transcription termination/antitermination protein NusA,Unmatched,0,0,0
FMDALA_01700 DUF448 domain-containing protein,Unmatched,0,0,0
FMDALA_01705 translation initiation factor IF-2,Unmatched,0,0,0
FMDALA_01710 Low-complexity tail membrane protein,Unmatched,0,0,0
FMDALA_01715 carbonic anhydrase,Unmatched,0,0,0
FMDALA_01720 ABC transporter ATP-binding protein,Unmatched,0,0,0
FMDALA_01725 putative UDP-N-acetylglucosamine--peptide N-acetylglucosaminyltransferase SPINDLY,Unmatched,0,0,0
FMDALA_01730 phycocyanin alpha phycocyanobilin lyase,Unmatched,0,0,0
FMDALA_01735 SycD/LcrH family type III secretion system chaperone,Unmatched,0,0,0
FMDALA_01740 DUF29 domain-containing protein,Unmatched,0,0,0
FMDALA_01745 PEP-CTERM domain-containing protein,Unmatched,0,0,0
FMDALA_01750 Group II intron reverse transcriptase/maturase,Unmatched,0,0,0
FMDALA_01755 anthranilate phosphoribosyltransferase,Unmatched,0,0,0
FMDALA_01760 Nuclease subunit of the excinuclease complex,Unmatched,0,0,0
FMDALA_01765 Sua5/YciO/YrdC/YwlC family protein,Unmatched,0,0,0
FMDALA_01770 sensor histidine kinase,Unmatched,0,0,0
FMDALA_01775 Uma2 family endonuclease,Unmatched,0,0,0
FMDALA_01780 Glycosyl transferase family 41,Unmatched,0,0,0
FMDALA_01785 hypothetical protein,Unmatched,0,0,0
FMDALA_01790 Clp R domain-containing protein,Unmatched,0,0,0
FMDALA_01795 hypothetical protein,Unmatched,0,0,0
FMDALA_01800 glucose-6-phosphate 1-dehydrogenase,Unmatched,0,0,0
"FMDALA_01805 HicA toxin of bacterial toxin-antitoxin,",Unmatched,0,0,0
FMDALA_01810 HicB-like domain-containing protein,Unmatched,0,0,0
FMDALA_01815 DUF104 domain-containing protein,Unmatched,0,0,0
FMDALA_01820 PIN domain nuclease,Unmatched,0,0,0
FMDALA_01825 hypothetical protein,Unmatched,0,0,0
FMDALA_01830 DUF1902 domain-containing protein,Unmatched,0,0,0
"FMDALA_01835 HicA toxin of bacterial toxin-antitoxin,",Unmatched,0,0,0
FMDALA_01840 hypothetical protein,Unmatched,0,0,0
FMDALA_01845 urease subunit gamma,Unmatched,0,0,0
FMDALA_01850 urease subunit beta,Unmatched,0,0,0
FMDALA_01855 S-methyl-5'-thioadenosine phosphorylase,Unmatched,0,0,0
"FMDALA_01860 RNA polymerase sigma factor, RpoD/SigA family",Unmatched,0,0,0
FMDALA_01865 iron ABC transporter substrate-binding protein,Unmatched,0,0,0
FMDALA_01870 phosphopantothenoylcysteine decarboxylase,Unmatched,0,0,0
FMDALA_01875 DUF1517 domain-containing protein,Unmatched,0,0,0
FMDALA_01880 UDP-glucose 4-epimerase,Unmatched,0,0,0
FMDALA_01885 Serine/threonine-protein kinase pkn1,Unmatched,0,0,0
FMDALA_01890 Transposase,Unmatched,0,0,0
FMDALA_01895 formylglycine-generating enzyme family protein,Unmatched,0,0,0
FMDALA_01900 AAA family ATPase,Unmatched,0,0,0
FMDALA_01905 serine protease,Unmatched,0,0,0
FMDALA_01910 Trypco1 domain-containing protein,Unmatched,0,0,0
FMDALA_01915 hypothetical protein,Unmatched,0,0,0
FMDALA_01920 hypothetical protein,Unmatched,0,0,0
FMDALA_01925 Mg-chelatase-C domain-containing protein,Unmatched,0,0,0
FMDALA_01930 hypothetical protein,Unmatched,0,0,0
FMDALA_01935 hypothetical protein,Unmatched,0,0,0
FMDALA_01940 hypothetical protein,Unmatched,0,0,0
FMDALA_01945 AAA-15 domain-containing protein,Unmatched,0,0,0
FMDALA_01950 pseudouridine synthase,Unmatched,0,0,0
FMDALA_01955 ABC transporter permease,Unmatched,0,0,0
FMDALA_01960 hypothetical protein,Unmatched,0,0,0
FMDALA_01980 hypothetical protein,Unmatched,0,0,0
FMDALA_01985 hypothetical protein,Unmatched,0,0,0
FMDALA_01990 hypothetical protein,Unmatched,0,0,0
FMDALA_01995 hypothetical protein,Unmatched,0,0,0
FMDALA_02000 hypothetical protein,Unmatched,0,0,0
FMDALA_02005 Serine/threonine kinase,Unmatched,0,0,0
FMDALA_02010 Putative restriction endonuclease,Unmatched,0,0,0
FMDALA_02015 serine/threonine protein kinase,Unmatched,0,0,0
FMDALA_02020 glycine--tRNA ligase subunit alpha,Unmatched,0,0,0
FMDALA_02025 30S ribosomal protein S10,Unmatched,0,0,0
FMDALA_02030 elongation factor Tu,Unmatched,0,0,0
FMDALA_02035 elongation factor G,Unmatched,0,0,0
FMDALA_02040 30S ribosomal protein S7,Unmatched,0,0,0
FMDALA_02045 30S ribosomal protein S12,Unmatched,0,0,0
FMDALA_02050 Proteic killer suppression protein,Unmatched,0,0,0
FMDALA_02055 HigA family addiction module antitoxin,Unmatched,0,0,0
FMDALA_02060 hypothetical protein,Unmatched,0,0,0
FMDALA_02075 tRNA-Ser(gct),Unmatched,0,0,0
FMDALA_02080 ABC transporter,Unmatched,0,0,0
FMDALA_02085 ABC transporter permease DevC,Unmatched,0,0,0
FMDALA_02090 HlyD family secretion protein,Unmatched,0,0,0
FMDALA_02095 excinuclease ABC subunit UvrB,Unmatched,0,0,0
FMDALA_02100 Catalase/hydroperoxidase,Unmatched,0,0,0
FMDALA_02105 SAM-dependent methyltransferase,Unmatched,0,0,0
FMDALA_02110 hypothetical protein,Unmatched,0,0,0
FMDALA_02115 hypothetical protein,Unmatched,0,0,0
FMDALA_02120 histidine kinase,Unmatched,0,0,0
FMDALA_02125 SAM-dependent methyltransferase,Unmatched,0,0,0
FMDALA_02130 tRNA-Ser(cga),Unmatched,0,0,0
FMDALA_02135 homogentisate phytyltransferase,Unmatched,0,0,0
FMDALA_02140 hypothetical protein,Unmatched,0,0,0
FMDALA_02145 ferredoxin,Unmatched,0,0,0
FMDALA_02150 inositol monophosphatase,Unmatched,0,0,0
FMDALA_02155 Tetratricopeptide repeat protein,Unmatched,0,0,0
FMDALA_02160 YbjN domain-containing protein,Unmatched,0,0,0
FMDALA_02165 biotin--protein ligase,Unmatched,0,0,0
FMDALA_02170 phosphate ABC transporter ATP-binding protein PstB,Unmatched,0,0,0
FMDALA_02175 calcium/proton exchanger,Unmatched,0,0,0
FMDALA_02180 transporter,Unmatched,0,0,0
FMDALA_02185 hypothetical protein,Unmatched,0,0,0
FMDALA_02190 nucleic acid-binding protein,Unmatched,0,0,0
FMDALA_02195 hypothetical protein,Unmatched,0,0,0
FMDALA_02200 PIN domain nuclease,Unmatched,0,0,0
FMDALA_02205 hypothetical protein,Unmatched,0,0,0
FMDALA_02210 type II toxin-antitoxin system prevent-host-death family antitoxin,Unmatched,0,0,0
FMDALA_02215 hypothetical protein,Unmatched,0,0,0
FMDALA_02220 aspartate 1-decarboxylase,Unmatched,0,0,0
FMDALA_02225 DUF3598 domain-containing protein,Unmatched,0,0,0
FMDALA_02230 Shikimate 5-dehydrogenase (Modular protein),Unmatched,0,0,0
FMDALA_02235 aspartate aminotransferase,Unmatched,0,0,0
FMDALA_02240 SAM-dependent methyltransferase,Unmatched,0,0,0
FMDALA_02245 Similar to tr|P73353|P73353,Unmatched,0,0,0
FMDALA_02250 hypothetical protein,Unmatched,0,0,0
FMDALA_02255 hypothetical protein,Unmatched,0,0,0
FMDALA_02260 molybdopterin synthase sulfur carrier subunit,Unmatched,0,0,0
FMDALA_02265 threonine synthase,Unmatched,0,0,0
FMDALA_02270 16S rRNA (guanine(966)-N(2))-methyltransferase RsmD,Unmatched,0,0,0
FMDALA_02275 uracil-DNA glycosylase,Unmatched,0,0,0
FMDALA_02280 GTPase Era,Unmatched,0,0,0
FMDALA_02285 hypothetical protein,Unmatched,0,0,0
FMDALA_02290 hypothetical protein,Unmatched,0,0,0
FMDALA_02295 DNA polymerase subunit beta,Unmatched,0,0,0
FMDALA_02300 hypothetical protein,Unmatched,0,0,0
FMDALA_02305 hypothetical protein,Unmatched,0,0,0
FMDALA_02310 DUF4351 domain-containing protein,Unmatched,0,0,0
FMDALA_02315 cobalt-precorrin-5B (C(1))-methyltransferase CbiD,Unmatched,0,0,0
FMDALA_02320 glutamine-hydrolyzing GMP synthase,Unmatched,0,0,0
FMDALA_02325 hypethetical protein,Unmatched,0,0,0
FMDALA_02330 DNA (cytosine-5-)-methyltransferase,Unmatched,0,0,0
FMDALA_02335 peptidase S8 and S53 subtilisin kexin sedolisin,Unmatched,0,0,0
FMDALA_02340 calcium/proton exchanger,Unmatched,0,0,0
"FMDALA_02345 biphenyl 2,3-dioxygenase",Unmatched,0,0,0
FMDALA_02350 DUF6679 domain-containing protein,Unmatched,0,0,0
FMDALA_02355 AAA+ family ATPase,Unmatched,0,0,0
FMDALA_02360 TPR-MalT domain-containing protein,Unmatched,0,0,0
"FMDALA_02365 sulfite reductase, ferredoxin dependent",Unmatched,0,0,0
FMDALA_02370 maltooligosyl trehalose synthase,Unmatched,0,0,0
FMDALA_02375 peptide-methionine (S)-S-oxide reductase,Unmatched,0,0,0
FMDALA_02380 hypothetical protein,Unmatched,0,0,0
FMDALA_02385 photosystem II cytochrome c-550,Unmatched,0,0,0
FMDALA_02390 translation initiation factor IF-2,Unmatched,0,0,0
FMDALA_02395 Putative regulatory protein MAE_11840,Unmatched,0,0,0
FMDALA_02400 guanylate kinase,Unmatched,0,0,0
FMDALA_02405 C2H2-type domain-containing protein,Unmatched,0,0,0
FMDALA_02415 hypothetical protein,Unmatched,0,0,0
FMDALA_02420 tRNA guanosine(34) transglycosylase Tgt,Unmatched,0,0,0
FMDALA_02425 photosystem II reaction center protein K,Unmatched,0,0,0
FMDALA_02430 pentapeptide repeat-containing protein,Unmatched,0,0,0
FMDALA_02435 transcriptional regulator,Unmatched,0,0,0
FMDALA_02440 DUF6398 domain-containing protein,Unmatched,0,0,0
FMDALA_02445 Asp-tRNA(Asn)/Glu-tRNA(Gln) amidotransferase subunit GatA,Unmatched,0,0,0
FMDALA_02450 type II toxin-antitoxin system death-on-curing family toxin,Unmatched,0,0,0
FMDALA_02455 DNA-binding protein,Unmatched,0,0,0
FMDALA_02460 hypothetical protein,Unmatched,0,0,0
FMDALA_02465 glycosyl transferase,Unmatched,0,0,0
FMDALA_02470 hypothetical protein,Unmatched,0,0,0
FMDALA_02475 N-acetyltransferase,Unmatched,0,0,0
FMDALA_02480 Yae1-N domain-containing protein,Unmatched,0,0,0
FMDALA_02485 hypothetical protein,Unmatched,0,0,0
FMDALA_02490 Membrane protein,Unmatched,0,0,0
FMDALA_02495 enoyl-ACP reductase FabI,Unmatched,0,0,0
FMDALA_02500 global nitrogen regulator NtcA,Unmatched,0,0,0
FMDALA_02505 DUF3084 domain-containing protein,Unmatched,0,0,0
FMDALA_02510 Putative restriction endonuclease,Unmatched,0,0,0
FMDALA_02515 Putative restriction endonuclease,Unmatched,0,0,0
FMDALA_02520 AAA+ family ATPase,Unmatched,0,0,0
FMDALA_02525 serine/threonine protein kinase,Unmatched,0,0,0
FMDALA_02530 aspartoacylase,Unmatched,0,0,0
FMDALA_02535 c-type cytochrome biogenesis protein CcsB,Unmatched,0,0,0
FMDALA_02540 ATP-dependent zinc metalloprotease FtsH,Unmatched,0,0,0
FMDALA_02545 hypothetical protein,Unmatched,0,0,0
FMDALA_02550 hypothetical protein,Unmatched,0,0,0
FMDALA_02555 thiol:disulfide interchange protein,Unmatched,0,0,0
FMDALA_02560 hypothetical protein,Unmatched,0,0,0
FMDALA_02565 ferredoxin,Unmatched,0,0,0
FMDALA_02570 isochorismate synthase,Unmatched,0,0,0
FMDALA_02575 hypothetical protein,Unmatched,0,0,0
FMDALA_02580 DNA ligase,Unmatched,0,0,0
FMDALA_02585 oxidoreductase,Unmatched,0,0,0
FMDALA_02590 4a-hydroxytetrahydrobiopterin dehydratase,Unmatched,0,0,0
FMDALA_02595 helicase,Unmatched,0,0,0
FMDALA_02600 molecular chaperone HtpG,Unmatched,0,0,0
FMDALA_02605 bifunctional diaminohydroxyphosphoribosylaminopyrimidine deaminase/5-amino-6-(5-phosphoribosylamino)uracil reductase RibD,Unmatched,0,0,0
FMDALA_02610 ammonium transporter,Unmatched,0,0,0
FMDALA_02615 ammonia channel protein,Unmatched,0,0,0
FMDALA_02620 glycosyltransferase,Unmatched,0,0,0
FMDALA_02625 alpha/beta hydrolase,Unmatched,0,0,0
FMDALA_02630 histone deacetylase,Unmatched,0,0,0
"FMDALA_02635 Coenzyme F420 hydrogenase/dehydrogenase, beta subunit N-term",Unmatched,0,0,0
FMDALA_02640 HicB-like domain-containing protein,Unmatched,0,0,0
"FMDALA_02645 HicA toxin of bacterial toxin-antitoxin,",Unmatched,0,0,0
FMDALA_02650 Sigma70-r4-2 domain-containing protein,Unmatched,0,0,0
FMDALA_02655 hypothetical protein,Unmatched,0,0,0
"FMDALA_02660 mRNA-degrading endonuclease YafQ (mRNA interferase), toxin component of the YafQ-DinJ toxin-antitoxin module",Unmatched,0,0,0
FMDALA_02665 hypothetical protein,Unmatched,0,0,0
FMDALA_02670 hypothetical protein,Unmatched,0,0,0
FMDALA_02675 Addiction module antidote protein,Unmatched,0,0,0
FMDALA_02680 HicB-like domain-containing protein,Unmatched,0,0,0
FMDALA_02685 hypothetical protein,Unmatched,0,0,0
FMDALA_02690 hypothetical protein,Unmatched,0,0,0
FMDALA_02695 nucleic acid-binding protein,Unmatched,0,0,0
FMDALA_02700 hypothetical protein,Unmatched,0,0,0
FMDALA_02705 pseudouridine synthase,Unmatched,0,0,0
FMDALA_02710 DUF4115 domain-containing protein,Unmatched,0,0,0
FMDALA_02715 hypothetical protein,Unmatched,0,0,0
FMDALA_02720 hypothetical protein,Unmatched,0,0,0
FMDALA_02725 hypothetical protein,Unmatched,0,0,0
FMDALA_02730 aldo/keto reductase,Unmatched,0,0,0
FMDALA_02735 ABC transporter permease,Unmatched,0,0,0
FMDALA_02740 efflux transporter periplasmic adaptor subunit,Unmatched,0,0,0
FMDALA_02745 serine/threonine-protein kinase pkn1,Unmatched,0,0,0
FMDALA_02750 aspartate--tRNA ligase,Unmatched,0,0,0
FMDALA_02755 citrate lyase beta subunit,Unmatched,0,0,0
FMDALA_02760 PEP-CTERM domain-containing protein,Unmatched,0,0,0
FMDALA_02765 ATP-dependent zinc metalloprotease FtsH2,Unmatched,0,0,0
FMDALA_02770 neurohypophysial hormones like protein,Unmatched,0,0,0
FMDALA_02775 DNA polymerase III subunit delta',Unmatched,0,0,0
FMDALA_02780 hypothetical protein,Unmatched,0,0,0
FMDALA_02785 Membrane protein,Unmatched,0,0,0
FMDALA_02790 DDE-Tnp-IS66 domain-containing protein,Unmatched,0,0,0
FMDALA_02795 cadmium-translocating P-type ATPase,Unmatched,0,0,0
FMDALA_02800 hypothetical protein,Unmatched,0,0,0
FMDALA_02805 hypothetical protein,Unmatched,0,0,0
FMDALA_02810 CopG family transcriptional regulator,Unmatched,0,0,0
FMDALA_02815 DNA-binding protein,Unmatched,0,0,0
FMDALA_02820 hypothetical protein,Unmatched,0,0,0
FMDALA_02825 hypothetical protein,Unmatched,0,0,0
FMDALA_02830 hypothetical protein,Unmatched,0,0,0
FMDALA_02835 hypothetical protein,Unmatched,0,0,0
FMDALA_02840 hypothetical protein,Unmatched,0,0,0
FMDALA_02845 clan AA aspartic protease,Unmatched,0,0,0
FMDALA_02850 hypothetical protein,Unmatched,0,0,0
FMDALA_02855 sulfate ABC transporter substrate-binding protein,Unmatched,0,0,0
FMDALA_02860 hypothetical protein,Unmatched,0,0,0
FMDALA_02865 PA-phosphatase,Unmatched,0,0,0
FMDALA_02870 sulfurtransferase,Unmatched,0,0,0
FMDALA_02875 R-phycocyanin-2 subunit alpha,Unmatched,0,0,0
FMDALA_02880 phycocyanin subunit beta,Unmatched,0,0,0
FMDALA_02885 cysteine synthase A,Unmatched,0,0,0
FMDALA_02890 hypothetical protein,Unmatched,0,0,0
FMDALA_02895 MgtC family,Unmatched,0,0,0
FMDALA_02900 Chromosome partition protein Smc,Unmatched,0,0,0
FMDALA_02905 Crp/Fnr family transcriptional regulator,Unmatched,0,0,0
FMDALA_02910 transporter,Unmatched,0,0,0
FMDALA_02915 Uncharacterized NAD(P)/FAD-binding protein YdhS,Unmatched,0,0,0
FMDALA_02920 XRE family transcriptional regulator,Unmatched,0,0,0
FMDALA_02925 Restriction endonuclease,Unmatched,0,0,0
FMDALA_02930 DNA (cytosine-5-)-methyltransferase,Unmatched,0,0,0
FMDALA_02935 Homoserine O-acetyltransferase,Unmatched,0,0,0
FMDALA_02940 hypothetical protein,Unmatched,0,0,0
FMDALA_02945 hypothetical protein,Unmatched,0,0,0
FMDALA_02950 ATP phosphoribosyltransferase regulatory subunit,Unmatched,0,0,0
FMDALA_02955 Chloride channel protein,Unmatched,0,0,0
FMDALA_02960 peroxiredoxin,Unmatched,0,0,0
FMDALA_02965 ABC-F type ribosomal protection protein,Unmatched,0,0,0
FMDALA_02970 S15 family X-Pro dipeptidyl-peptidase,Unmatched,0,0,0
FMDALA_02975 Uncharacterized protein alr1449,Unmatched,0,0,0
FMDALA_02980 aldo/keto reductase,Unmatched,0,0,0
FMDALA_02985 Similarity,Unmatched,0,0,0
FMDALA_02990 sugar ABC transporter substrate-binding protein,Unmatched,0,0,0
FMDALA_02995 transketolase,Unmatched,0,0,0
FMDALA_03000 proline hydroxylase,Unmatched,0,0,0
FMDALA_03005 ABC transporter substrate-binding protein,Unmatched,0,0,0
FMDALA_03010 Hypothetical glycosyl hydrolase 6,Unmatched,0,0,0
FMDALA_03015 UPF0182 protein MAE_41360,Unmatched,0,0,0
"FMDALA_03020 Essential protein Yae1, N terminal",Unmatched,0,0,0
FMDALA_03025 photosystem II q(b) protein,Unmatched,0,0,0
FMDALA_03030 hypothetical protein,Unmatched,0,0,0
FMDALA_03035 DUF5615 domain-containing protein,Unmatched,0,0,0
FMDALA_03040 hypothetical protein,Unmatched,0,0,0
FMDALA_03045 type II toxin-antitoxin system PemK/MazF family toxin,Unmatched,0,0,0
FMDALA_03050 hypothetical protein,Unmatched,0,0,0
FMDALA_03055 AbrB/MazE/SpoVT family DNA-binding domain-containing protein,Unmatched,0,0,0
FMDALA_03060 growth inhibitor PemK,Unmatched,0,0,0
FMDALA_03065 hypothetical protein,Unmatched,0,0,0
FMDALA_03070 Nucleoside-diphosphate-sugar epimerase,Unmatched,0,0,0
FMDALA_03075 DUF2839 domain-containing protein,Unmatched,0,0,0
FMDALA_03080 LL-diaminopimelate aminotransferase,Unmatched,0,0,0
FMDALA_03085 metallophosphatase,Unmatched,0,0,0
FMDALA_03090 pantothenate kinase,Unmatched,0,0,0
FMDALA_03095 NAD-dependent epimerase,Unmatched,0,0,0
FMDALA_03100 glycosyl transferase,Unmatched,0,0,0
FMDALA_03105 3-beta hydroxysteroid dehydrogenase,Unmatched,0,0,0
FMDALA_03110 hypothetical protein,Unmatched,0,0,0
FMDALA_03115 tRNA-Ala(cgc),Unmatched,0,0,0
FMDALA_03120 Acireductone dioxygenase,Unmatched,0,0,0
FMDALA_03125 hypothetical protein,Unmatched,0,0,0
FMDALA_03130 metallophosphoesterase,Unmatched,0,0,0
FMDALA_03135 tRNA (guanosine(46)-N7)-methyltransferase TrmB,Unmatched,0,0,0
FMDALA_03140 hypothetical protein,Unmatched,0,0,0
FMDALA_03145 co-chaperone YbbN,Unmatched,0,0,0
FMDALA_03150 glycogen synthase GlgA,Unmatched,0,0,0
FMDALA_03155 D-alanyl-D-alanine carboxypeptidase/D-alanyl-D-alanine-endopeptidase,Unmatched,0,0,0
FMDALA_03160 glutathione-disulfide reductase,Unmatched,0,0,0
FMDALA_03165 SPFH domain / Band 7 family,Unmatched,0,0,0
FMDALA_03170 allophycocyanin,Unmatched,0,0,0
FMDALA_03175 hypothetical protein,Unmatched,0,0,0
FMDALA_03180 Beta-barrel assembly-enhancing protease,Unmatched,0,0,0
FMDALA_03185 hypothetical protein,Unmatched,0,0,0
FMDALA_03190 magnesium/cobalt transporter CorA,Unmatched,0,0,0
FMDALA_03195 recombinase family protein,Unmatched,0,0,0
FMDALA_03200 hypothetical protein,Unmatched,0,0,0
FMDALA_03205 hypothetical protein,Unmatched,0,0,0
FMDALA_03210 Shikimate dehydrogenase,Unmatched,0,0,0
FMDALA_03215 hypothetical protein,Unmatched,0,0,0
FMDALA_03220 Putative restriction endonuclease,Unmatched,0,0,0
FMDALA_03225 D-alanine--D-alanine ligase,Unmatched,0,0,0
FMDALA_03230 hypothetical protein,Unmatched,0,0,0
FMDALA_03235 AraC family transcriptional regulator,Unmatched,0,0,0
FMDALA_03240 Arylsulfatase,Unmatched,0,0,0
FMDALA_03245 hypothetical protein,Unmatched,0,0,0
FMDALA_03250 peptidase,Unmatched,0,0,0
FMDALA_03255 tRNA-Pro(ggg),Unmatched,0,0,0
FMDALA_03260 FAD-dependent hydroxylase,Unmatched,0,0,0
FMDALA_03265 H(+)/Cl(-) exchange transporter ClcA,Unmatched,0,0,0
FMDALA_03270 50S ribosomal protein L11 methyltransferase,Unmatched,0,0,0
FMDALA_03275 tRNA-Arg(ccg),Unmatched,0,0,0
FMDALA_03280 5'/3'-nucleotidase SurE,Unmatched,0,0,0
FMDALA_03285 penicillin-binding protein,Unmatched,0,0,0
FMDALA_03290 pentapeptide repeat-containing protein,Unmatched,0,0,0
FMDALA_03295 YebC/PmpR family DNA-binding transcriptional regulator,Unmatched,0,0,0
FMDALA_03300 ribonucleoside-triphosphate reductase,Unmatched,0,0,0
FMDALA_03305 RNA-splicing ligase RtcB,Unmatched,0,0,0
FMDALA_03310 molecular chaperone DnaK,Unmatched,0,0,0
FMDALA_03315 PEP-CTERM sorting domain-containing protein,Unmatched,0,0,0
FMDALA_03320 Type II toxin-antitoxin system HicA family toxin,Unmatched,0,0,0
FMDALA_03325 HicB family protein,Unmatched,0,0,0
FMDALA_03330 Alkaline phosphatase,Unmatched,0,0,0
FMDALA_03335 hypothetical protein,Unmatched,0,0,0
FMDALA_03340 hypothetical protein,Unmatched,0,0,0
FMDALA_03345 twitching motility protein PilT,Unmatched,0,0,0
FMDALA_03350 hypothetical protein,Unmatched,0,0,0
FMDALA_03355 quinolinate synthase NadA,Unmatched,0,0,0
FMDALA_03360 hypothetical protein,Unmatched,0,0,0
FMDALA_03365 hypothetical protein,Unmatched,0,0,0
FMDALA_03370 hypothetical protein,Unmatched,0,0,0
FMDALA_03375 Peptidoglycan-binding domain 1 protein,Unmatched,0,0,0
FMDALA_03380 Peptidoglycan-binding protein,Unmatched,0,0,0
FMDALA_03385 Peptidoglycan-binding domain 1 protein,Unmatched,0,0,0
FMDALA_03390 hypothetical protein,Unmatched,0,0,0
FMDALA_03395 DUF4351 domain-containing protein,Unmatched,0,0,0
FMDALA_03400 aminotransferase,Unmatched,0,0,0
FMDALA_03405 indole-3-glycerol phosphate synthase TrpC,Unmatched,0,0,0
FMDALA_03410 hypothetical protein,Unmatched,0,0,0
FMDALA_03415 Chromosome partition protein Smc,Unmatched,0,0,0
FMDALA_03420 DUF3288 domain-containing protein,Unmatched,0,0,0
FMDALA_03425 methionine synthase,Unmatched,0,0,0
FMDALA_03430 glycosyltransferase,Unmatched,0,0,0
FMDALA_03435 transcriptional regulator,Unmatched,0,0,0
FMDALA_03440 squalene--hopene cyclase,Unmatched,0,0,0
FMDALA_03445 translation elongation factor Ts,Unmatched,0,0,0
FMDALA_03450 30S ribosomal protein S2,Unmatched,0,0,0
FMDALA_03455 thioredoxin-dependent thiol peroxidase,Unmatched,0,0,0
FMDALA_03460 Zn-dependent protease with chaperone function,Unmatched,0,0,0
FMDALA_03465 CopY family transcriptional regulator,Unmatched,0,0,0
FMDALA_03470 DUF4090 domain-containing protein,Unmatched,0,0,0
FMDALA_03475 mannose-1-phosphate guanyltransferase,Unmatched,0,0,0
FMDALA_03480 lipid-A-disaccharide synthase,Unmatched,0,0,0
FMDALA_03485 DNA primase,Unmatched,0,0,0
FMDALA_03490 hypothetical protein,Unmatched,0,0,0
FMDALA_03495 beta-ketoacyl-ACP synthase,Unmatched,0,0,0
FMDALA_03500 Fe-S cluster assembly protein SufD,Unmatched,0,0,0
FMDALA_03505 cysteine desulfurase,Unmatched,0,0,0
FMDALA_03510 Pseudouridine synthase,Unmatched,0,0,0
FMDALA_03515 cysteine desulfuration protein SufE,Unmatched,0,0,0
FMDALA_03520 transcriptional repressor,Unmatched,0,0,0
FMDALA_03525 heat-shock protein,Unmatched,0,0,0
FMDALA_03530 molybdenum cofactor guanylyltransferase,Unmatched,0,0,0
FMDALA_03535 DUF948 domain-containing protein,Unmatched,0,0,0
FMDALA_03540 gas vesicle protein,Unmatched,0,0,0
FMDALA_03545 Cyano-1 RNA,Unmatched,0,0,0
FMDALA_03550 glutaminase A,Unmatched,0,0,0
FMDALA_03555 glycosyl transferase group 1,Unmatched,0,0,0
FMDALA_03560 MFS transporter,Unmatched,0,0,0
FMDALA_03565 DUF4351 domain-containing protein,Unmatched,0,0,0
FMDALA_03570 hypothetical protein,Unmatched,0,0,0
FMDALA_03575 TIGR03279 family radical SAM protein,Unmatched,0,0,0
FMDALA_03580 ABC transporter permease,Unmatched,0,0,0
FMDALA_03585 hypothetical protein,Unmatched,0,0,0
FMDALA_03590 RlmI/RlmK family 23S rRNA methyltransferase,Unmatched,0,0,0
FMDALA_03595 glyoxalase,Unmatched,0,0,0
FMDALA_03600 3-ketoacyl-ACP reductase,Unmatched,0,0,0
FMDALA_03605 6-carboxytetrahydropterin synthase QueD,Unmatched,0,0,0
FMDALA_03610 hypothetical protein,Unmatched,0,0,0
FMDALA_03615 Aegerolysin Aa-Pri1,Unmatched,0,0,0
FMDALA_03620 HicB family protein,Unmatched,0,0,0
"FMDALA_03625 HicA toxin of bacterial toxin-antitoxin,",Unmatched,0,0,0
"FMDALA_03630 Cobalamin biosynthesis protein CobN, Mg-chelatase",Unmatched,0,0,0
FMDALA_03635 hypothetical protein,Unmatched,0,0,0
FMDALA_03640 DUF1460 domain-containing protein,Unmatched,0,0,0
FMDALA_03645 hybrid sensor histidine kinase/response regulator,Unmatched,0,0,0
FMDALA_03650 response regulator,Unmatched,0,0,0
FMDALA_03655 cyanobacterial phytochrome A,Unmatched,0,0,0
FMDALA_03660 hypothetical protein,Unmatched,0,0,0
FMDALA_03665 peptidase M3,Unmatched,0,0,0
FMDALA_03675 SWIM-type domain-containing protein,Unmatched,0,0,0
FMDALA_03680 type I DNA topoisomerase,Unmatched,0,0,0
FMDALA_03685 SAM-dependent methyltransferase,Unmatched,0,0,0
FMDALA_03690 sulfotransferase,Unmatched,0,0,0
FMDALA_03695 aspartate aminotransferase family protein,Unmatched,0,0,0
FMDALA_03700 photosystem I reaction center subunit IV,Unmatched,0,0,0
FMDALA_03705 hypothetical protein,Unmatched,0,0,0
FMDALA_03710 16S rRNA (uracil(1498)-N(3))-methyltransferase,Unmatched,0,0,0
FMDALA_03715 hypothetical protein,Unmatched,0,0,0
FMDALA_03720 AAA-23 domain-containing protein,Unmatched,0,0,0
FMDALA_03725 hypothetical protein,Unmatched,0,0,0
FMDALA_03730 hypothetical protein,Unmatched,0,0,0
FMDALA_03735 hypothetical protein,Unmatched,0,0,0
FMDALA_03740 nitrogenase,Unmatched,0,0,0
"FMDALA_03745 cob(I)yrinic acid a,c-diamide adenosyltransferase",Unmatched,0,0,0
FMDALA_03750 aldo/keto reductase,Unmatched,0,0,0
FMDALA_03755 type I methionyl aminopeptidase,Unmatched,0,0,0
FMDALA_03760 phosphate ABC transporter ATP-binding protein PstB,Unmatched,0,0,0
FMDALA_03765 phosphate ABC transporter permease PstA,Unmatched,0,0,0
FMDALA_03770 phosphate ABC transporter permease subunit PstC,Unmatched,0,0,0
FMDALA_03775 hypothetical protein,Unmatched,0,0,0
FMDALA_03780 Dehydrogenase,Unmatched,0,0,0
FMDALA_03785 DUF2555 domain-containing protein,Unmatched,0,0,0
FMDALA_03790 adenosine kinase,Unmatched,0,0,0
FMDALA_03795 hypothetical protein,Unmatched,0,0,0
FMDALA_03800 hypothetical protein,Unmatched,0,0,0
FMDALA_03805 hypothetical protein,Unmatched,0,0,0
FMDALA_03810 CopG family transcriptional regulator,Unmatched,0,0,0
FMDALA_03815 prevent-host-death protein,Unmatched,0,0,0
FMDALA_03820 Txe/YoeB family addiction module toxin,Unmatched,0,0,0
FMDALA_03825 Ssl2920 protein,Unmatched,0,0,0
FMDALA_03830 Plasmid stabilization protein,Unmatched,0,0,0
FMDALA_03835 DUF2281 domain-containing protein,Unmatched,0,0,0
FMDALA_03840 PINc domain-containing protein,Unmatched,0,0,0
FMDALA_03845 Type II toxin-antitoxin system PemK/MazF family toxin,Unmatched,0,0,0
FMDALA_03850 hypothetical protein,Unmatched,0,0,0
FMDALA_03855 hypothetical protein,Unmatched,0,0,0
FMDALA_03860 Twitching motility protein PilT,Unmatched,0,0,0
FMDALA_03875 Putative restriction endonuclease,Unmatched,0,0,0
FMDALA_03880 DUF29 domain-containing protein,Unmatched,0,0,0
FMDALA_03885 Uma2 domain-containing protein,Unmatched,0,0,0
FMDALA_03890 asparagine--tRNA ligase,Unmatched,0,0,0
FMDALA_03895 hypothetical protein,Unmatched,0,0,0
FMDALA_03900 hypothetical protein,Unmatched,0,0,0
"FMDALA_03905 putative toxin-antitoxin system toxin component, PIN family",Unmatched,0,0,0
FMDALA_03910 hypothetical protein,Unmatched,0,0,0
FMDALA_03915 hypothetical protein,Unmatched,0,0,0
FMDALA_03920 addiction module antitoxin,Unmatched,0,0,0
FMDALA_03925 Uncharacterised protein family (UPF0175),Unmatched,0,0,0
FMDALA_03930 hypothetical protein,Unmatched,0,0,0
"FMDALA_03935 type II toxin-antitoxin system mRNA interferase toxin, RelE/StbE family",Unmatched,0,0,0
FMDALA_03940 hypothetical protein,Unmatched,0,0,0
FMDALA_03945 DCC1-like thiol-disulfide oxidoreductase,Unmatched,0,0,0
FMDALA_03950 transposase,Unmatched,0,0,0
FMDALA_03955 acetolactate synthase small subunit,Unmatched,0,0,0
FMDALA_03960 penicillin-binding protein,Unmatched,0,0,0
FMDALA_03965 Calcium-binding protein,Unmatched,0,0,0
FMDALA_03970 CDP-diacylglycerol--glycerol-3-phosphate 3-phosphatidyltransferase,Unmatched,0,0,0
FMDALA_03975 acyl-CoA desaturase,Unmatched,0,0,0
FMDALA_03980 helix-turn-helix domain containing protein,Unmatched,0,0,0
FMDALA_03985 hypothetical protein,Unmatched,0,0,0
FMDALA_03990 Adenylate cyclase,Unmatched,0,0,0
FMDALA_03995 PspA/IM30 family,Unmatched,0,0,0
FMDALA_04000 ABC transporter substrate-binding protein,Unmatched,0,0,0
FMDALA_04005 ISAs1 family transposase,Unmatched,0,0,0
FMDALA_04010 glycosyltransferase,Unmatched,0,0,0
FMDALA_04015 class I SAM-dependent methyltransferase,Unmatched,0,0,0
FMDALA_04020 methyltransferase,Unmatched,0,0,0
FMDALA_04025 glycosyl transferase family 1,Unmatched,0,0,0
FMDALA_04030 glycosyltransferase family 1 protein,Unmatched,0,0,0
FMDALA_04035 Male sterility domain-containing protein,Unmatched,0,0,0
FMDALA_04040 Lysylphosphatidylglycerol synthase TM region,Unmatched,0,0,0
FMDALA_04045 adenylate kinase,Unmatched,0,0,0
FMDALA_04050 preprotein translocase subunit SecY,Unmatched,0,0,0
FMDALA_04055 50S ribosomal protein L15,Unmatched,0,0,0
FMDALA_04060 30S ribosomal protein S5,Unmatched,0,0,0
FMDALA_04065 50S ribosomal protein L18,Unmatched,0,0,0
FMDALA_04070 50S ribosomal protein L6,Unmatched,0,0,0
FMDALA_04075 30S ribosomal protein S8,Unmatched,0,0,0
FMDALA_04080 50S ribosomal protein L5,Unmatched,0,0,0
FMDALA_04085 50S ribosomal protein L24,Unmatched,0,0,0
FMDALA_04090 50S ribosomal protein L14,Unmatched,0,0,0
FMDALA_04095 30S ribosomal protein S17,Unmatched,0,0,0
FMDALA_04100 50S ribosomal protein L29,Unmatched,0,0,0
FMDALA_04105 50S ribosomal protein L16,Unmatched,0,0,0
FMDALA_04110 30S ribosomal protein S3,Unmatched,0,0,0
FMDALA_04115 50S ribosomal protein L22,Unmatched,0,0,0
FMDALA_04120 30S ribosomal protein S19,Unmatched,0,0,0
FMDALA_04125 50S ribosomal protein L2,Unmatched,0,0,0
FMDALA_04130 50S ribosomal protein L23,Unmatched,0,0,0
FMDALA_04135 50S ribosomal protein L4,Unmatched,0,0,0
FMDALA_04140 50S ribosomal protein L3,Unmatched,0,0,0
FMDALA_04145 Nitrogen regulatory protein P-II,Unmatched,0,0,0
FMDALA_04150 DUF4079 domain-containing protein,Unmatched,0,0,0
FMDALA_04155 phosphoribosyltransferase,Unmatched,0,0,0
FMDALA_04160 DUF1232 domain-containing protein,Unmatched,0,0,0
FMDALA_04165 hypothetical protein,Unmatched,0,0,0
FMDALA_04170 prepilin peptidase,Unmatched,0,0,0
FMDALA_04175 hypothetical protein,Unmatched,0,0,0
"FMDALA_04180 acetyl-CoA carboxylase, carboxyltransferase subunit beta",Unmatched,0,0,0
FMDALA_04185 transcriptional repressor,Unmatched,0,0,0
FMDALA_04190 phosphoribosylformylglycinamidine synthase subunit PurS,Unmatched,0,0,0
FMDALA_04195 phosphoribosylformylglycinamidine synthase subunit PurQ,Unmatched,0,0,0
FMDALA_04200 cation-efflux pump,Unmatched,0,0,0
"FMDALA_04205 dTDP-glucose 4,6-dehydratase",Unmatched,0,0,0
FMDALA_04210 Transglutaminase-like superfamily,Unmatched,0,0,0
FMDALA_04215 KGK domain protein,Unmatched,0,0,0
FMDALA_04220 HNH endonuclease,Unmatched,0,0,0
FMDALA_04225 30S ribosomal protein S16,Unmatched,0,0,0
FMDALA_04230 RNA-binding protein,Unmatched,0,0,0
FMDALA_04235 GTPase ObgE,Unmatched,0,0,0
FMDALA_04240 hypothetical protein,Unmatched,0,0,0
FMDALA_04245 hypothetical protein,Unmatched,0,0,0
FMDALA_04250 hypothetical protein,Unmatched,0,0,0
FMDALA_04255 HTH psq-type domain-containing protein,Unmatched,0,0,0
FMDALA_04260 DDE-3 domain-containing protein,Unmatched,0,0,0
FMDALA_04265 hypothetical protein,Unmatched,0,0,0
FMDALA_04270 hypothetical protein,Unmatched,0,0,0
FMDALA_04275 Mobile element protein,Unmatched,0,0,0
FMDALA_04280 hypothetical protein,Unmatched,0,0,0
FMDALA_04285 RHH-6 domain-containing protein,Unmatched,0,0,0
FMDALA_04290 excinuclease ABC subunit UvrC,Unmatched,0,0,0
FMDALA_04295 hypothetical protein,Unmatched,0,0,0
FMDALA_04300 3-isopropylmalate dehydrogenase,Unmatched,0,0,0
FMDALA_04305 glucose-1-phosphate thymidylyltransferase,Unmatched,0,0,0
FMDALA_04310 dTDP-4-dehydrorhamnose reductase,Unmatched,0,0,0
"FMDALA_04315 dTDP-4-dehydrorhamnose 3,5-epimerase",Unmatched,0,0,0
FMDALA_04320 biotin synthase BioB,Unmatched,0,0,0
FMDALA_04325 biotin transporter BioY,Unmatched,0,0,0
FMDALA_04330 signal peptidase II,Unmatched,0,0,0
FMDALA_04335 HNH endonuclease,Unmatched,0,0,0
FMDALA_04340 hypothetical protein,Unmatched,0,0,0
FMDALA_04345 AMP-dependent synthetase,Unmatched,0,0,0
FMDALA_04350 Putative restriction endonuclease,Unmatched,0,0,0
FMDALA_04355 5-(carboxyamino)imidazole ribonucleotide mutase,Unmatched,0,0,0
FMDALA_04360 Beta-barrel assembly-enhancing protease,Unmatched,0,0,0
FMDALA_04365 hypothetical protein,Unmatched,0,0,0
FMDALA_04370 hypothetical protein,Unmatched,0,0,0
FMDALA_04375 hypothetical protein,Unmatched,0,0,0
FMDALA_04380 nucleotidyltransferase domain-containing protein,Unmatched,0,0,0
FMDALA_04385 hypothetical protein,Unmatched,0,0,0
FMDALA_04390 DUF1830 domain-containing protein,Unmatched,0,0,0
FMDALA_04395 chloride channel protein,Unmatched,0,0,0
FMDALA_04400 IS607 family transposase,Unmatched,0,0,0
FMDALA_04405 Putative restriction endonuclease,Unmatched,0,0,0
FMDALA_04410 hypothetical protein,Unmatched,0,0,0
FMDALA_04415 polyketide biosynthesis operon protein CyrO,Unmatched,0,0,0
FMDALA_04420 DUF4164 domain-containing protein,Unmatched,0,0,0
FMDALA_04425 DUF4164 domain-containing protein,Unmatched,0,0,0
FMDALA_04430 DUF4164 domain-containing protein,Unmatched,0,0,0
FMDALA_04435 undecaprenyl-phosphate alpha-N-acetylglucosaminyl 1-phosphate transferase,Unmatched,0,0,0
FMDALA_04440 Serine hydroxymethyltransferase,Unmatched,0,0,0
FMDALA_04445 phosphoenolpyruvate carboxylase,Unmatched,0,0,0
FMDALA_04450 hypothetical protein,Unmatched,0,0,0
FMDALA_04455 cell division topological specificity factor MinE,Unmatched,0,0,0
FMDALA_04460 septum site-determining protein MinD,Unmatched,0,0,0
FMDALA_04465 septum site-determining protein MinC,Unmatched,0,0,0
FMDALA_04470 hypothetical protein,Unmatched,0,0,0
FMDALA_04475 Similar to tr|Q8YJW9|Q8YJW9,Unmatched,0,0,0
FMDALA_04480 plasmid maintenance system killer family protein,Unmatched,0,0,0
FMDALA_04485 HigA family addiction module antitoxin,Unmatched,0,0,0
FMDALA_04490 Hrp-dependent type III effector protein,Unmatched,0,0,0
FMDALA_04495 acyl-ACP--UDP-N-acetylglucosamine O-acyltransferase,Unmatched,0,0,0
FMDALA_04500 lipid-A-disaccharide synthase,Unmatched,0,0,0
FMDALA_04505 aminomethyl-transferring glycine dehydrogenase,Unmatched,0,0,0
FMDALA_04510 phospholipid carrier-dependent glycosyltransferase,Unmatched,0,0,0
FMDALA_04515 4-amino-4-deoxychorismate lyase,Unmatched,0,0,0
FMDALA_04520 single-stranded DNA-binding protein,Unmatched,0,0,0
FMDALA_04525 rod shape-determining protein,Unmatched,0,0,0
FMDALA_04530 rod shape-determining protein MreC,Unmatched,0,0,0
FMDALA_04535 rod shape-determining protein MreD,Unmatched,0,0,0
FMDALA_04540 penicillin-binding protein,Unmatched,0,0,0
FMDALA_04545 peptidase M61,Unmatched,0,0,0
FMDALA_04550 branched-chain amino acid transaminase,Unmatched,0,0,0
FMDALA_04555 circadian clock protein KaiC,Unmatched,0,0,0
FMDALA_04560 PBPb domain-containing protein,Unmatched,0,0,0
FMDALA_04565 DNA polymerase III subunit alpha,Unmatched,0,0,0
FMDALA_04575 hypothetical protein,Unmatched,0,0,0
FMDALA_04580 hypothetical protein,Unmatched,0,0,0
FMDALA_04585 PemK family transcriptional regulator,Unmatched,0,0,0
FMDALA_04590 hypothetical protein,Unmatched,0,0,0
FMDALA_04595 N6-N4-Mtase domain-containing protein,Unmatched,0,0,0
FMDALA_04600 bstEII,Unmatched,0,0,0
FMDALA_04605 ethanolamine utilization microcompartment protein EutM,Unmatched,0,0,0
FMDALA_04610 RuBisCO accumulation factor 1,Unmatched,0,0,0
FMDALA_04615 polysaccharide pyruvyl transferase CsaB,Unmatched,0,0,0
FMDALA_04620 hypothetical protein,Unmatched,0,0,0
FMDALA_04625 biopolymer transporter ExbD,Unmatched,0,0,0
FMDALA_04630 biopolymer transporter ExbB,Unmatched,0,0,0
FMDALA_04635 ABC 3 transport family,Unmatched,0,0,0
FMDALA_04640 cofactor assembly of complex C subunit B,Unmatched,0,0,0
"FMDALA_04645 1,4-dihydroxy-2-naphthoyl-CoA hydrolase",Unmatched,0,0,0
FMDALA_04650 DUF1361 domain-containing protein,Unmatched,0,0,0
FMDALA_04655 ring-hydroxylating oxygenase subunit alpha,Unmatched,0,0,0
FMDALA_04660 DNA phosphorothioation-associated protein 4,Unmatched,0,0,0
FMDALA_04665 4-amino-4-deoxy-L-arabinose transferase,Unmatched,0,0,0
FMDALA_04670 type II toxin-antitoxin system HigB family toxin,Unmatched,0,0,0
FMDALA_04675 transcriptional regulator,Unmatched,0,0,0
FMDALA_04680 prevent-host-death protein,Unmatched,0,0,0
FMDALA_04685 flotillin,Unmatched,0,0,0
FMDALA_04690 hypothetical protein,Unmatched,0,0,0
FMDALA_04695 Glyoxalase-like domain protein,Unmatched,0,0,0
FMDALA_04700 hormogonium polysaccharide biosynthesis glycosyltransferase HpsP,Unmatched,0,0,0
FMDALA_04705 tryptophan synthase subunit beta,Unmatched,0,0,0
FMDALA_04710 ATP-binding protein,Unmatched,0,0,0
FMDALA_04715 TIGR02646 family protein,Unmatched,0,0,0
FMDALA_04720 PIN domain nuclease,Unmatched,0,0,0
FMDALA_04725 DUF2281 domain-containing protein,Unmatched,0,0,0
FMDALA_04730 hypothetical protein,Unmatched,0,0,0
FMDALA_04735 cation:proton antiporter,Unmatched,0,0,0
FMDALA_04740 cation:proton antiporter,Unmatched,0,0,0
FMDALA_04745 cation:proton antiporter,Unmatched,0,0,0
FMDALA_04750 Na+/H+ antiporter complex subunit F MrpF,Unmatched,0,0,0
FMDALA_04755 sodium:proton antiporter,Unmatched,0,0,0
FMDALA_04760 DUF4040 domain-containing protein,Unmatched,0,0,0
FMDALA_04765 cation:proton antiporter,Unmatched,0,0,0
FMDALA_04770 helicase,Unmatched,0,0,0
FMDALA_04775 DUF2290 domain-containing protein,Unmatched,0,0,0
FMDALA_04780 calcium-binding protein,Unmatched,0,0,0
FMDALA_04785 signal peptidase I,Unmatched,0,0,0
FMDALA_04790 hypothetical protein,Unmatched,0,0,0
FMDALA_04795 transcriptional regulator,Unmatched,0,0,0
FMDALA_04800 TIGR04255 family protein,Unmatched,0,0,0
FMDALA_04805 ribose-phosphate pyrophosphokinase,Unmatched,0,0,0
FMDALA_04810 translational GTPase TypA,Unmatched,0,0,0
FMDALA_04815 transposase,Unmatched,0,0,0
FMDALA_04820 epimerase,Unmatched,0,0,0
FMDALA_04825 Putative restriction endonuclease,Unmatched,0,0,0
FMDALA_04830 hypothetical protein,Unmatched,0,0,0
FMDALA_04835 hypothetical protein,Unmatched,0,0,0
FMDALA_04840 hypothetical protein,Unmatched,0,0,0
FMDALA_04845 MPN domain-containing protein,Unmatched,0,0,0
FMDALA_04850 Ubiquitin-protein ligase,Unmatched,0,0,0
FMDALA_04855 Ubiquitin-like domain-containing protein,Unmatched,0,0,0
FMDALA_04860 thiamine biosynthesis protein ThiF,Unmatched,0,0,0
FMDALA_04865 Helix-turn-helix domain-containing protein,Unmatched,0,0,0
FMDALA_04870 Similarity,Unmatched,0,0,0
FMDALA_04875 DNA-binding response regulator,Unmatched,0,0,0
FMDALA_04880 histidine kinase,Unmatched,0,0,0
FMDALA_04885 hypothetical protein,Unmatched,0,0,0
FMDALA_04890 hypothetical protein,Unmatched,0,0,0
FMDALA_04895 LTXXQ motif family protein,Unmatched,0,0,0
FMDALA_04900 NAD-dependent dehydratase,Unmatched,0,0,0
FMDALA_04905 hypothetical protein,Unmatched,0,0,0
FMDALA_04910 Helix-hairpin-helix domain-containing protein,Unmatched,0,0,0
FMDALA_04915 NINE protein,Unmatched,0,0,0
FMDALA_04920 hypothetical protein,Unmatched,0,0,0
FMDALA_04925 heme iron utilization protein,Unmatched,0,0,0
FMDALA_04930 hypothetical protein,Unmatched,0,0,0
FMDALA_04935 glycosyltransferase family 1 protein,Unmatched,0,0,0
FMDALA_04940 glycosyl transferase family 1,Unmatched,0,0,0
FMDALA_04945 HAD family hydrolase,Unmatched,0,0,0
FMDALA_04950 phosphoheptose isomerase,Unmatched,0,0,0
FMDALA_04955 dehydrogenase,Unmatched,0,0,0
FMDALA_04960 D-glycero-D-manno-heptose 1-phosphate guanosyltransferase,Unmatched,0,0,0
FMDALA_04965 hypothetical protein,Unmatched,0,0,0
FMDALA_04970 hypothetical protein,Unmatched,0,0,0
FMDALA_04975 hypothetical protein,Unmatched,0,0,0
FMDALA_04980 glycosyl transferase family A,Unmatched,0,0,0
FMDALA_04985 FGE-sulfatase domain-containing protein,Unmatched,0,0,0
FMDALA_04990 AAA domain-containing protein,Unmatched,0,0,0
FMDALA_04995 Similarity,Unmatched,0,0,0
FMDALA_05000 Similarity,Unmatched,0,0,0
FMDALA_05005 photosynthetic/respiratory NAD(P)H-quinone oxidoreductase subunit H,Unmatched,0,0,0
FMDALA_05010 L-glutamate gamma-semialdehyde dehydrogenase,Unmatched,0,0,0
FMDALA_05015 alpha-D-glucose phosphate-specific phosphoglucomutase,Unmatched,0,0,0
FMDALA_05020 TerB family tellurite resistance protein,Unmatched,0,0,0
FMDALA_05025 16S rRNA (cytosine(967)-C(5))-methyltransferase,Unmatched,0,0,0
FMDALA_05030 serine esterase,Unmatched,0,0,0
FMDALA_05035 hypothetical protein,Unmatched,0,0,0
"FMDALA_05040 2-carboxy-1,4-naphthoquinone phytyltransferase",Unmatched,0,0,0
FMDALA_05045 ATPase,Unmatched,0,0,0
FMDALA_05050 DUF29 domain-containing protein,Unmatched,0,0,0
FMDALA_05055 23S rRNA (uracil(1939)-C(5))-methyltransferase RlmD,Unmatched,0,0,0
FMDALA_05060 ATP-binding protein,Unmatched,0,0,0
FMDALA_05065 DUF6439 domain-containing protein,Unmatched,0,0,0
FMDALA_05070 DUF2203 domain-containing protein,Unmatched,0,0,0
FMDALA_05075 Prepilin-type family protein,Unmatched,0,0,0
FMDALA_05080 Type 4 pilin,Unmatched,0,0,0
FMDALA_05085 glycoside hydrolase,Unmatched,0,0,0
FMDALA_05105 Bacterial RNase P class A,Unmatched,0,0,0
FMDALA_05125 hypothetical protein,Unmatched,0,0,0
FMDALA_05130 Transposase,Unmatched,0,0,0
FMDALA_05135 CHAT domain-containing protein,Unmatched,0,0,0
FMDALA_05140 LPP domain-containing protein,Unmatched,0,0,0
FMDALA_05145 urease subunit alpha,Unmatched,0,0,0
FMDALA_05150 5' ureB small RNA,Unmatched,0,0,0
FMDALA_05155 hypothetical protein,Unmatched,0,0,0
FMDALA_05160 FdxN element excision controlling factor protein,Unmatched,0,0,0
FMDALA_05165 hypothetical protein,Unmatched,0,0,0
FMDALA_05170 hypothetical protein,Unmatched,0,0,0
FMDALA_05175 hypothetical protein,Unmatched,0,0,0
FMDALA_05180 bifunctional aconitate hydratase 2/2-methylisocitrate dehydratase,Unmatched,0,0,0
FMDALA_05185 deoxyribose-phosphate aldolase,Unmatched,0,0,0
FMDALA_05190 HAD family hydrolase,Unmatched,0,0,0
FMDALA_05195 ATP phosphoribosyltransferase,Unmatched,0,0,0
FMDALA_05200 chromate transporter,Unmatched,0,0,0
FMDALA_05205 TIGR03032 family protein,Unmatched,0,0,0
FMDALA_05210 Rpn family recombination-promoting nuclease/putative transposase,Unmatched,0,0,0
FMDALA_05215 Similarity,Unmatched,0,0,0
"FMDALA_05220 2-hydroxy-6-oxohepta-2,4-dienoate hydrolase",Unmatched,0,0,0
FMDALA_05225 DUF541 domain-containing protein,Unmatched,0,0,0
FMDALA_05230 ATPase-AAA-core domain-containing protein,Unmatched,0,0,0
FMDALA_05235 hypothetical protein,Unmatched,0,0,0
FMDALA_05240 peptidase C14,Unmatched,0,0,0
FMDALA_05245 Sulfate adenylyltransferase,Unmatched,0,0,0
FMDALA_05250 oxidoreductase,Unmatched,0,0,0
FMDALA_05255 hypothetical protein,Unmatched,0,0,0
FMDALA_05260 Uma2 domain-containing protein,Unmatched,0,0,0
FMDALA_05265 hypothetical protein,Unmatched,0,0,0
FMDALA_05270 OmpA family,Unmatched,0,0,0
FMDALA_05275 hypothetical protein,Unmatched,0,0,0
FMDALA_05280 hypothetical protein,Unmatched,0,0,0
FMDALA_05285 Tubulin like,Unmatched,0,0,0
FMDALA_05290 hypothetical protein,Unmatched,0,0,0
FMDALA_05295 Exonuclease sbcC,Unmatched,0,0,0
FMDALA_05300 hypothetical protein,Unmatched,0,0,0
FMDALA_05305 GntR family transcriptional regulator,Unmatched,0,0,0
FMDALA_05310 1-acyl-sn-glycerol-3-phosphate acyltransferase,Unmatched,0,0,0
FMDALA_05315 peptide chain release factor 3,Unmatched,0,0,0
FMDALA_05320 restriction endonuclease,Unmatched,0,0,0
FMDALA_05325 adenine-specific DNA-methyltransferase,Unmatched,0,0,0
FMDALA_05330 DNA (cytosine-5-)-methyltransferase,Unmatched,0,0,0
FMDALA_05335 signal peptide peptidase SppA,Unmatched,0,0,0
FMDALA_05340 competence protein,Unmatched,0,0,0
FMDALA_05345 universal stress protein,Unmatched,0,0,0
FMDALA_05350 Acyl carrier protein,Unmatched,0,0,0
FMDALA_05355 hypothetical protein,Unmatched,0,0,0
FMDALA_05360 zinc-binding alcohol dehydrogenase,Unmatched,0,0,0
FMDALA_05365 bifunctional sterol desaturase/short chain dehydrogenase,Unmatched,0,0,0
FMDALA_05370 S-adenosyl-L-methionine-dependent methyltransferase,Unmatched,0,0,0
FMDALA_05375 alpha/beta hydrolase,Unmatched,0,0,0
FMDALA_05380 superoxide dismutase [Fe],Unmatched,0,0,0
FMDALA_05385 photosystem II reaction center protein PsbH,Unmatched,0,0,0
FMDALA_05390 TatA/E family twin arginine-targeting protein translocase,Unmatched,0,0,0
"FMDALA_05395 1,4-alpha-glucan branching enzyme",Unmatched,0,0,0
FMDALA_05400 Phosphate transport system permease protein PstA,Unmatched,0,0,0
FMDALA_05405 peptidase M16,Unmatched,0,0,0
FMDALA_05410 hypothetical protein,Unmatched,0,0,0
FMDALA_05415 peptidase M16,Unmatched,0,0,0
FMDALA_05420 Uncharacterised protein family (UPF0175),Unmatched,0,0,0
FMDALA_05425 phosphoenolpyruvate synthase,Unmatched,0,0,0
FMDALA_05430 PIN domain-containing protein,Unmatched,0,0,0
FMDALA_05435 hypothetical protein,Unmatched,0,0,0
FMDALA_05440 NACHT domain-containing protein,Unmatched,0,0,0
FMDALA_05445 DUF4351 domain-containing protein,Unmatched,0,0,0
FMDALA_05450 DUF4351 domain-containing protein,Unmatched,0,0,0
FMDALA_05455 hypothetical protein,Unmatched,0,0,0
FMDALA_05460 PEP-CTERM sorting domain-containing protein,Unmatched,0,0,0
FMDALA_05465 TIGR04283 family arsenosugar biosynthesis glycosyltransferase,Unmatched,0,0,0
FMDALA_05470 hypothetical protein,Unmatched,0,0,0
FMDALA_05475 CoA-binding protein,Unmatched,0,0,0
"FMDALA_05480 Carbohydrate-selective porin, OprB family",Unmatched,0,0,0
FMDALA_05485 sodium dependent transporter,Unmatched,0,0,0
FMDALA_05490 Anacyclamide/piricyclamide family prenylated cyclic peptide,Unmatched,0,0,0
FMDALA_05495 hypothetical protein,Unmatched,0,0,0
FMDALA_05500 HNH endonuclease,Unmatched,0,0,0
FMDALA_05505 hypothetical protein,Unmatched,0,0,0
FMDALA_05520 hypothetical protein,Unmatched,0,0,0
FMDALA_05525 HicB-like domain-containing protein,Unmatched,0,0,0
"FMDALA_05530 HicA toxin of bacterial toxin-antitoxin,",Unmatched,0,0,0
FMDALA_05535 Anacyclamide/piricyclamide family prenylated cyclic peptide,Unmatched,0,0,0
FMDALA_05540 PEP-CTERM protein-sorting domain-containing protein,Unmatched,0,0,0
FMDALA_05545 branched-chain amino acid ABC transporter substrate-binding protein,Unmatched,0,0,0
FMDALA_05550 Thylakoid protein sll1769,Unmatched,0,0,0
"FMDALA_05555 putative protein kinase regulating ubiquinone biosynthesis, AarF/ABC1/UbiB family",Unmatched,0,0,0
FMDALA_05560 Stp1/IreP family PP2C-type Ser/Thr phosphatase,Unmatched,0,0,0
FMDALA_05565 Phosphocholine transferase AnkX,Unmatched,0,0,0
FMDALA_05570 hybrid sensor histidine kinase/response regulator,Unmatched,0,0,0
FMDALA_05575 leucyl/phenylalanyl-tRNA--protein transferase,Unmatched,0,0,0
FMDALA_05580 hypothetical protein,Unmatched,0,0,0
FMDALA_05585 PMT-2 domain-containing protein,Unmatched,0,0,0
FMDALA_05590 glycosyltransferase,Unmatched,0,0,0
FMDALA_05595 hypothetical protein,Unmatched,0,0,0
FMDALA_05600 hypothetical protein,Unmatched,0,0,0
FMDALA_05605 hypothetical protein,Unmatched,0,0,0
FMDALA_05610 apocytochrome f,Unmatched,0,0,0
FMDALA_05615 mannose-1-phosphate guanylyltransferase,Unmatched,0,0,0
FMDALA_05620 ABC transporter,Unmatched,0,0,0
FMDALA_05625 hypothetical protein,Unmatched,0,0,0
FMDALA_05630 hypothetical protein,Unmatched,0,0,0
FMDALA_05635 tRNA-Arg(cct),Unmatched,0,0,0
FMDALA_05640 hypothetical protein,Unmatched,0,0,0
FMDALA_05645 mannose-1-phosphate guanylyltransferase,Unmatched,0,0,0
FMDALA_05650 FAD dependent oxidoreductase,Unmatched,0,0,0
FMDALA_05655 peptidase M28,Unmatched,0,0,0
"FMDALA_05660 putative toxin-antitoxin system toxin component, PIN family",Unmatched,0,0,0
FMDALA_05665 Similarity,Unmatched,0,0,0
FMDALA_05670 hypothetical protein,Unmatched,0,0,0
FMDALA_05675 HTH cro/C1-type domain-containing protein,Unmatched,0,0,0
FMDALA_05680 chromosome partitioning protein ParB,Unmatched,0,0,0
FMDALA_05685 SWIM zinc finger domain-containing protein,Unmatched,0,0,0
FMDALA_05690 fused N-dimethylarginine dimethylaminohydrolase/saccharopine dehydrogenase domain-containing protein,Unmatched,0,0,0
FMDALA_05695 DNA (cytosine-5-)-methyltransferase,Unmatched,0,0,0
FMDALA_05700 HaeII family restriction endonuclease,Unmatched,0,0,0
FMDALA_05705 protein kinase,Unmatched,0,0,0
FMDALA_05710 PINc domain-containing protein,Unmatched,0,0,0
FMDALA_05715 hypothetical protein,Unmatched,0,0,0
FMDALA_05720 DUF4926 domain-containing protein,Unmatched,0,0,0
FMDALA_05725 hypothetical protein,Unmatched,0,0,0
FMDALA_05730 DUF5615 domain-containing protein,Unmatched,0,0,0
FMDALA_05735 antitoxin,Unmatched,0,0,0
FMDALA_05740 HTH OST-type domain-containing protein,Unmatched,0,0,0
FMDALA_05745 molecular chaperone DnaJ,Unmatched,0,0,0
FMDALA_05750 serine/threonine protein kinase,Unmatched,0,0,0
FMDALA_05755 hypothetical protein,Unmatched,0,0,0
FMDALA_05760 plasmid stabilization protein,Unmatched,0,0,0
FMDALA_05765 hypothetical protein,Unmatched,0,0,0
FMDALA_05770 nucleic acid-binding protein,Unmatched,0,0,0
FMDALA_05775 hypothetical protein,Unmatched,0,0,0
FMDALA_05780 fatty acid desaturase,Unmatched,0,0,0
FMDALA_05785 Lysozyme,Unmatched,0,0,0
FMDALA_05790 hypothetical protein,Unmatched,0,0,0
FMDALA_05805 alpha/beta hydrolase,Unmatched,0,0,0
FMDALA_05810 hypothetical protein,Unmatched,0,0,0
FMDALA_05815 ferredoxin--nitrite reductase,Unmatched,0,0,0
FMDALA_05820 tyrosine--tRNA ligase,Unmatched,0,0,0
FMDALA_05825 Glycosyltransferase,Unmatched,0,0,0
FMDALA_05830 ferredoxin,Unmatched,0,0,0
FMDALA_05835 hypothetical protein,Unmatched,0,0,0
FMDALA_05840 ABC transporter ATP-binding protein,Unmatched,0,0,0
FMDALA_05845 2-phospho-L-lactate transferase CofD,Unmatched,0,0,0
FMDALA_05850 Tic20 family protein,Unmatched,0,0,0
FMDALA_05855 hypothetical protein,Unmatched,0,0,0
FMDALA_05860 IS200/IS605 family transposase,Unmatched,0,0,0
FMDALA_05865 hypothetical protein,Unmatched,0,0,0
FMDALA_05870 DUF433 domain-containing protein,Unmatched,0,0,0
FMDALA_05875 Acyl-carrier-protein S-malonyltransferase,Unmatched,0,0,0
FMDALA_05880 CDP-alcohol phosphatidyltransferase,Unmatched,0,0,0
FMDALA_05885 phosphatidate cytidylyltransferase,Unmatched,0,0,0
FMDALA_05890 1-acyl-sn-glycerol-3-phosphate acyltransferase,Unmatched,0,0,0
FMDALA_05895 hydrolase,Unmatched,0,0,0
FMDALA_05900 DDE-Tnp-IS66 domain-containing protein,Unmatched,0,0,0
FMDALA_05905 ATP/GTP phosphatase,Unmatched,0,0,0
FMDALA_05910 UbiD family decarboxylase,Unmatched,0,0,0
FMDALA_05915 NAD(P)H-quinone oxidoreductase subunit J,Unmatched,0,0,0
FMDALA_05920 photosynthetic/respiratory NAD(P)H-quinone oxidoreductase subunit K,Unmatched,0,0,0
FMDALA_05925 photosynthetic/respiratory NAD(P)H-quinone oxidoreductase subunit C,Unmatched,0,0,0
FMDALA_05930 Similarity,Unmatched,0,0,0
FMDALA_05935 Isoleucine--tRNA ligase,Unmatched,0,0,0
FMDALA_05940 Uma2 family endonuclease,Unmatched,0,0,0
FMDALA_05945 galactosyl-1-phosphate transferase,Unmatched,0,0,0
FMDALA_05950 DNA gyrase subunit A,Unmatched,0,0,0
FMDALA_05955 hypothetical protein,Unmatched,0,0,0
FMDALA_05960 6-phosphogluconolactonase,Unmatched,0,0,0
FMDALA_05965 FHA domain-containing protein,Unmatched,0,0,0
FMDALA_05970 site-2 protease family protein,Unmatched,0,0,0
FMDALA_05975 serine/threonine protein phosphatase,Unmatched,0,0,0
FMDALA_05980 triose-phosphate isomerase,Unmatched,0,0,0
"FMDALA_05985 5-oxo-1,2,5-tricarboxylic-3-penten acid decarboxylase",Unmatched,0,0,0
FMDALA_05990 30S ribosomal protein S6,Unmatched,0,0,0
FMDALA_05995 hypothetical protein,Unmatched,0,0,0
FMDALA_06000 twin-arginine translocase subunit TatC,Unmatched,0,0,0
FMDALA_06005 hypothetical protein,Unmatched,0,0,0
FMDALA_06010 photosystem II chlorophyll-binding protein CP47,Unmatched,0,0,0
FMDALA_06015 photosystem II reaction center protein J,Unmatched,0,0,0
FMDALA_06020 photosystem II reaction center protein L,Unmatched,0,0,0
FMDALA_06025 cytochrome b559 subunit beta,Unmatched,0,0,0
FMDALA_06030 cytochrome b559 subunit alpha,Unmatched,0,0,0
FMDALA_06035 photosynthesis system II assembly factor Ycf48,Unmatched,0,0,0
FMDALA_06040 rubredoxin,Unmatched,0,0,0
FMDALA_06055 pyridoxal phosphate-dependent aminotransferase,Unmatched,0,0,0
"FMDALA_06060 transfer-messenger RNA, SsrA",Unmatched,0,0,0
FMDALA_06065 VapC toxin family PIN domain ribonuclease,Unmatched,0,0,0
FMDALA_06070 Antitoxin,Unmatched,0,0,0
FMDALA_06075 hypothetical protein,Unmatched,0,0,0
FMDALA_06080 Chromosome partition protein Smc,Unmatched,0,0,0
FMDALA_06085 hypothetical protein,Unmatched,0,0,0
FMDALA_06090 chlorophyll a/b binding light-harvesting protein,Unmatched,0,0,0
FMDALA_06095 Antisense RNA which regulates isiA expression,Unmatched,0,0,0
FMDALA_06100 flavodoxin FldA,Unmatched,0,0,0
FMDALA_06105 AB hydrolase-1 domain-containing protein,Unmatched,0,0,0
FMDALA_06110 hypothetical protein,Unmatched,0,0,0
FMDALA_06115 threonine--tRNA ligase,Unmatched,0,0,0
FMDALA_06120 cobalamin biosynthesis protein CobW,Unmatched,0,0,0
FMDALA_06125 CobW C-terminal domain-containing protein,Unmatched,0,0,0
FMDALA_06130 metallophosphatase family protein,Unmatched,0,0,0
FMDALA_06135 metallophosphatase,Unmatched,0,0,0
FMDALA_06140 SAM-dependent methyltransferase,Unmatched,0,0,0
FMDALA_06145 Sugar metabolism transcriptional regulator,Unmatched,0,0,0
FMDALA_06150 Fe(2+) transporter permease subunit FeoB,Unmatched,0,0,0
FMDALA_06155 ferrous iron transport protein A,Unmatched,0,0,0
FMDALA_06160 hypothetical protein,Unmatched,0,0,0
FMDALA_06165 EcoRV family type II restriction endonuclease,Unmatched,0,0,0
FMDALA_06170 DNA adenine methylase,Unmatched,0,0,0
FMDALA_06175 hypothetical protein,Unmatched,0,0,0
FMDALA_06180 Photosystem II reaction center X protein,Unmatched,0,0,0
FMDALA_06185 ComF family protein,Unmatched,0,0,0
FMDALA_06190 hypothetical protein,Unmatched,0,0,0
FMDALA_06195 ferredoxin--nitrite reductase,Unmatched,0,0,0
FMDALA_06200 DUF309 domain-containing protein,Unmatched,0,0,0
FMDALA_06205 ostA-like family protein,Unmatched,0,0,0
FMDALA_06210 LPS export ABC transporter ATP-binding protein,Unmatched,0,0,0
FMDALA_06215 Similar to tr|P73566|P73566,Unmatched,0,0,0
FMDALA_06220 16S rRNA (cytidine(1402)-2'-O)-methyltransferase,Unmatched,0,0,0
FMDALA_06225 photosystem II reaction center protein I,Unmatched,0,0,0
FMDALA_06230 DUF3769 domain-containing protein,Unmatched,0,0,0
FMDALA_06235 class I SAM-dependent DNA methyltransferase,Unmatched,0,0,0
FMDALA_06240 hypothetical protein,Unmatched,0,0,0
FMDALA_06245 Antitoxin,Unmatched,0,0,0
"FMDALA_06250 type II toxin-antitoxin system mRNA interferase toxin, RelE/StbE family",Unmatched,0,0,0
FMDALA_06255 XisH protein,Unmatched,0,0,0
FMDALA_06260 XisI protein,Unmatched,0,0,0
FMDALA_06265 hypothetical protein,Unmatched,0,0,0
FMDALA_06270 hypothetical protein,Unmatched,0,0,0
FMDALA_06275 transcriptional regulator,Unmatched,0,0,0
FMDALA_06280 Type II toxin-antitoxin system VapC family toxin,Unmatched,0,0,0
FMDALA_06285 hypothetical protein,Unmatched,0,0,0
FMDALA_06290 Glycosyltransferase family 87,Unmatched,0,0,0
FMDALA_06295 glycosyl transferase,Unmatched,0,0,0
FMDALA_06300 molybdenum cofactor biosynthesis protein,Unmatched,0,0,0
FMDALA_06305 hypothetical protein,Unmatched,0,0,0
FMDALA_06310 Urease accessory protein UreF,Unmatched,0,0,0
FMDALA_06315 glycosyltransferase,Unmatched,0,0,0
FMDALA_06320 hormogonium polysaccharide biosynthesis acetyltransferase HpsU,Unmatched,0,0,0
FMDALA_06325 VWA domain-containing protein,Unmatched,0,0,0
FMDALA_06330 hypothetical protein,Unmatched,0,0,0
FMDALA_06335 VWA domain-containing protein,Unmatched,0,0,0
FMDALA_06340 FHA domain containing protein,Unmatched,0,0,0
FMDALA_06345 serine/threonine protein phosphatase,Unmatched,0,0,0
FMDALA_06350 serine/threonine protein kinase,Unmatched,0,0,0
FMDALA_06355 hypothetical protein,Unmatched,0,0,0
FMDALA_06360 hypothetical protein,Unmatched,0,0,0
FMDALA_06365 DUF1822 domain-containing protein,Unmatched,0,0,0
FMDALA_06370 hypothetical protein,Unmatched,0,0,0
FMDALA_06375 Dynamin-N domain-containing protein,Unmatched,0,0,0
FMDALA_06380 AMOP domain-containing protein,Unmatched,0,0,0
FMDALA_06385 hypothetical protein,Unmatched,0,0,0
FMDALA_06390 hypothetical protein,Unmatched,0,0,0
FMDALA_06395 VWA domain-containing protein,Unmatched,0,0,0
FMDALA_06400 hypothetical protein,Unmatched,0,0,0
FMDALA_06405 DO-GTPase1 domain-containing protein,Unmatched,0,0,0
FMDALA_06410 hypothetical protein,Unmatched,0,0,0
FMDALA_06415 hypothetical protein,Unmatched,0,0,0
FMDALA_06420 hypothetical protein,Unmatched,0,0,0
FMDALA_06425 hypothetical protein,Unmatched,0,0,0
FMDALA_06430 PIN domain nuclease,Unmatched,0,0,0
FMDALA_06435 hypothetical protein,Unmatched,0,0,0
FMDALA_06440 Small-conductance mechanosensitive channel MscK,Unmatched,0,0,0
FMDALA_06445 Similar to tr|Q8TTC2|Q8TTC2,Unmatched,0,0,0
FMDALA_06450 glutamate decarboxylase,Unmatched,0,0,0
FMDALA_06455 DUF1345 domain-containing protein,Unmatched,0,0,0
FMDALA_06460 Pyrroloquinoline quinone biosynthesis protein,Unmatched,0,0,0
FMDALA_06465 hypothetical protein,Unmatched,0,0,0
FMDALA_06470 marC integral membrane family protein,Unmatched,0,0,0
FMDALA_06475 arylsulfatase,Unmatched,0,0,0
FMDALA_06480 DUF1254 domain-containing protein,Unmatched,0,0,0
FMDALA_06485 Glycine-zipper domain-containing protein,Unmatched,0,0,0
"FMDALA_06490 Type IV pilin-like G and H, putative",Unmatched,0,0,0
FMDALA_06495 Flagellar hook-length control protein FliK,Unmatched,0,0,0
FMDALA_06500 3-phosphoshikimate 1-carboxyvinyltransferase,Unmatched,0,0,0
FMDALA_06505 energy-coupling factor transporter ATPase,Unmatched,0,0,0
FMDALA_06510 amidophosphoribosyltransferase,Unmatched,0,0,0
FMDALA_06515 phosphoribosylformylglycinamidine synthase subunit PurL,Unmatched,0,0,0
FMDALA_06520 DUF29 domain-containing protein,Unmatched,0,0,0
FMDALA_06525 HicB family protein,Unmatched,0,0,0
FMDALA_06530 hypothetical protein,Unmatched,0,0,0
FMDALA_06535 addiction module toxin RelE,Unmatched,0,0,0
FMDALA_06540 Transposase,Unmatched,0,0,0
FMDALA_06555 hypothetical protein,Unmatched,0,0,0
FMDALA_06560 peptide deformylase,Unmatched,0,0,0
FMDALA_06565 hypothetical protein,Unmatched,0,0,0
FMDALA_06570 serine/threonine protein kinase,Unmatched,0,0,0
FMDALA_06575 farnesyl-diphosphate synthase,Unmatched,0,0,0
FMDALA_06580 acid phosphatase,Unmatched,0,0,0
FMDALA_06585 hypothetical protein,Unmatched,0,0,0
FMDALA_06590 4-hydroxy-tetrahydrodipicolinate reductase,Unmatched,0,0,0
FMDALA_06595 signal peptidase,Unmatched,0,0,0
FMDALA_06600 T2SSF domain-containing protein,Unmatched,0,0,0
FMDALA_06605 Type IV pilin PilA,Unmatched,0,0,0
FMDALA_06610 hypothetical protein,Unmatched,0,0,0
FMDALA_06615 septal ring lytic transglycosylase RlpA family lipoprotein,Unmatched,0,0,0
FMDALA_06620 ABC transporter ATP-binding protein,Unmatched,0,0,0
FMDALA_06625 NAD(P)H-quinone oxidoreductase chain 4 2,Unmatched,0,0,0
FMDALA_06630 transcriptional regulator,Unmatched,0,0,0
FMDALA_06635 type II toxin-antitoxin system HigB family toxin,Unmatched,0,0,0
FMDALA_06640 hypothetical protein,Unmatched,0,0,0
FMDALA_06645 PEP-CTERM domain-containing protein,Unmatched,0,0,0
FMDALA_06650 Fructose-bisphosphate aldolase,Unmatched,0,0,0
FMDALA_06655 CpcD phycobilisome linker protein,Unmatched,0,0,0
FMDALA_06660 Similar to tr|Q6EVL0|Q6EVL0_MICAE ImeA protein,Unmatched,0,0,0
FMDALA_06665 serine acetyltransferase,Unmatched,0,0,0
FMDALA_06670 Type 2A encapsulin shell protein,Unmatched,0,0,0
FMDALA_06675 cysteine desulfurase,Unmatched,0,0,0
FMDALA_06680 Immunity protein 30,Unmatched,0,0,0
FMDALA_06685 hypothetical protein,Unmatched,0,0,0
FMDALA_06690 hypothetical protein,Unmatched,0,0,0
FMDALA_06695 DNA helicase RecQ,Unmatched,0,0,0
FMDALA_06700 DUF3318 domain-containing protein,Unmatched,0,0,0
FMDALA_06705 Similar to tr|Q8E9G6|Q8E9G6,Unmatched,0,0,0
FMDALA_06710 Cobalt transport protein,Unmatched,0,0,0
FMDALA_06715 ribosome biogenesis GTPase Der,Unmatched,0,0,0
FMDALA_06720 hypothetical protein,Unmatched,0,0,0
"FMDALA_06725 Gamma-glutamyl cyclotransferase, AIG2-like",Unmatched,0,0,0
FMDALA_06730 aldo/keto reductase,Unmatched,0,0,0
FMDALA_06735 Phosphomannomutase,Unmatched,0,0,0
FMDALA_06740 Lipid-A-disaccharide synthase,Unmatched,0,0,0
FMDALA_06745 precorrin methylase,Unmatched,0,0,0
FMDALA_06750 Prokaryotic-like s of the JAB domain-containing protein,Unmatched,0,0,0
FMDALA_06755 2-succinyl-5-enolpyruvyl-6-hydroxy-3-cyclohexene-1-carboxylic-acid synthase,Unmatched,0,0,0
FMDALA_06760 Similarity,Unmatched,0,0,0
FMDALA_06765 hypothetical protein,Unmatched,0,0,0
FMDALA_06770 chlororespiratory reduction protein 7,Unmatched,0,0,0
FMDALA_06775 YdiU family protein,Unmatched,0,0,0
FMDALA_06780 PEP-CTERM domain-containing protein,Unmatched,0,0,0
FMDALA_06785 Rpn family recombination-promoting nuclease/putative transposase,Unmatched,0,0,0
FMDALA_06790 Recombination-promoting DNA endonuclease RpnC/YadD,Unmatched,0,0,0
FMDALA_06795 hypothetical protein,Unmatched,0,0,0
FMDALA_06800 rSAM-associated Gly-rich repeat protein,Unmatched,0,0,0
FMDALA_06805 amino acid ABC transporter substrate-binding protein,Unmatched,0,0,0
FMDALA_06810 Uncharacterized protein slr1608,Unmatched,0,0,0
FMDALA_06815 restriction endonuclease,Unmatched,0,0,0
FMDALA_06820 DUF29 domain-containing protein,Unmatched,0,0,0
FMDALA_06825 amino acid ABC transporter ATP-binding protein,Unmatched,0,0,0
FMDALA_06830 sodium:proton antiporter,Unmatched,0,0,0
FMDALA_06835 hydrophobe/amphiphile efflux-1 family RND transporter,Unmatched,0,0,0
FMDALA_06840 CemA family,Unmatched,0,0,0
FMDALA_06845 hypothetical protein,Unmatched,0,0,0
FMDALA_06850 glycosyl transferase family 1,Unmatched,0,0,0
FMDALA_06855 replication restart DNA helicase PriA,Unmatched,0,0,0
FMDALA_06860 hypothetical protein,Unmatched,0,0,0
FMDALA_06865 PAS domain-containing sensor histidine kinase,Unmatched,0,0,0
FMDALA_06870 DZANK-type domain-containing protein,Unmatched,0,0,0
FMDALA_06875 Phosphate ABC transporter permease,Unmatched,0,0,0
FMDALA_06880 DUF29 domain-containing protein,Unmatched,0,0,0
FMDALA_06885 helix-turn-helix domain containing protein,Unmatched,0,0,0
FMDALA_06890 hemolysin,Unmatched,0,0,0
FMDALA_06895 hypothetical protein,Unmatched,0,0,0
FMDALA_06900 hypothetical protein,Unmatched,0,0,0
FMDALA_06905 ISKra4 family transposase,Unmatched,0,0,0
FMDALA_06910 hypothetical protein,Unmatched,0,0,0
FMDALA_06915 hypothetical protein,Unmatched,0,0,0
"FMDALA_06920 WD domain, G-beta repeat family protein",Unmatched,0,0,0
FMDALA_06930 serine protease,Unmatched,0,0,0
FMDALA_06935 hypothetical protein,Unmatched,0,0,0
FMDALA_06940 hypothetical protein,Unmatched,0,0,0
FMDALA_06945 LL-diaminopimelate aminotransferase,Unmatched,0,0,0
FMDALA_06950 thiol reductase thioredoxin,Unmatched,0,0,0
FMDALA_06955 peptide ABC transporter permease,Unmatched,0,0,0
FMDALA_06960 hypothetical protein,Unmatched,0,0,0
FMDALA_06965 PIN domain nuclease,Unmatched,0,0,0
FMDALA_06970 UPF0284 protein MAE_56900,Unmatched,0,0,0
FMDALA_06975 hypothetical protein,Unmatched,0,0,0
FMDALA_06980 Type II toxin-antitoxin system VapC family toxin,Unmatched,0,0,0
FMDALA_06985 hypothetical protein,Unmatched,0,0,0
FMDALA_06990 DUF2191 domain-containing protein,Unmatched,0,0,0
FMDALA_07035 hypothetical protein,Unmatched,0,0,0
FMDALA_07055 DNA starvation/stationary phase protection protein Dps,Unmatched,0,0,0
FMDALA_07060 serine/threonine protein kinase,Unmatched,0,0,0
FMDALA_07065 hypothetical protein,Unmatched,0,0,0
FMDALA_07070 Putative restriction endonuclease,Unmatched,0,0,0
FMDALA_07075 SAVED domain-containing protein,Unmatched,0,0,0
FMDALA_07080 transglutaminase-like superfamily protein,Unmatched,0,0,0
FMDALA_07085 GTP-binding protein,Unmatched,0,0,0
"FMDALA_07090 type II toxin-antitoxin system mRNA interferase toxin, RelE/StbE family",Unmatched,0,0,0
FMDALA_07095 Threonyl-tRNA synthetase,Unmatched,0,0,0
FMDALA_07100 replication/maintenance protein,Unmatched,0,0,0
FMDALA_07110 VWFA domain-containing protein,Unmatched,0,0,0
FMDALA_07140 SAM-dependent methyltransferase,Unmatched,0,0,0
FMDALA_07145 ATPase,Unmatched,0,0,0
FMDALA_07150 TIGR02646 family protein,Unmatched,0,0,0
FMDALA_07155 isochorismate synthase,Unmatched,0,0,0
FMDALA_07160 hypothetical protein,Unmatched,0,0,0
FMDALA_07165 hypothetical protein,Unmatched,0,0,0
FMDALA_07170 porphobilinogen synthase,Unmatched,0,0,0
FMDALA_07175 DUF4164 domain-containing protein,Unmatched,0,0,0
FMDALA_07180 DUF4164 domain-containing protein,Unmatched,0,0,0
FMDALA_07185 ABC transporter ATP-binding protein,Unmatched,0,0,0
FMDALA_07190 hypothetical protein,Unmatched,0,0,0
FMDALA_07195 ATP-binding protein,Unmatched,0,0,0
FMDALA_07200 translation elongation factor 4,Unmatched,0,0,0
FMDALA_07205 hypothetical protein,Unmatched,0,0,0
FMDALA_07210 restriction endonuclease subunit M,Unmatched,0,0,0
FMDALA_07215 type I restriction endonuclease,Unmatched,0,0,0
FMDALA_07220 hypothetical protein,Unmatched,0,0,0
FMDALA_07225 GUN4-like protein,Unmatched,0,0,0
FMDALA_07230 DUF4258 domain-containing protein,Unmatched,0,0,0
FMDALA_07235 DUF2283 domain-containing protein,Unmatched,0,0,0
FMDALA_07240 hypothetical protein,Unmatched,0,0,0
FMDALA_07245 hypothetical protein,Unmatched,0,0,0
FMDALA_07250 [FeFe] hydrogenase H-cluster radical SAM maturase HydE,Unmatched,0,0,0
FMDALA_07255 Radical SAM protein,Unmatched,0,0,0
FMDALA_07260 hypothetical protein,Unmatched,0,0,0
FMDALA_07265 glycine oxidase ThiO,Unmatched,0,0,0
FMDALA_07270 DUF2301 domain-containing protein,Unmatched,0,0,0
FMDALA_07275 bacitracin ABC transporter ATP-binding protein,Unmatched,0,0,0
FMDALA_07280 bacitracin ABC transporter ATP-binding protein,Unmatched,0,0,0
FMDALA_07285 nitrate ABC transporter permease,Unmatched,0,0,0
FMDALA_07290 bicarbonate-binding protein,Unmatched,0,0,0
FMDALA_07295 hypothetical protein,Unmatched,0,0,0
FMDALA_07300 hypothetical protein,Unmatched,0,0,0
FMDALA_07305 PBS lyase,Unmatched,0,0,0
FMDALA_07310 hypothetical protein,Unmatched,0,0,0
"FMDALA_07315 Uncharacterized ACR, COG1430",Unmatched,0,0,0
FMDALA_07320 Cytochrome b6-f complex subunit 7,Unmatched,0,0,0
FMDALA_07325 photosystem II reaction center protein Psb28,Unmatched,0,0,0
FMDALA_07330 epimerase,Unmatched,0,0,0
FMDALA_07335 hypothetical protein,Unmatched,0,0,0
FMDALA_07340 Serine/threonine kinase,Unmatched,0,0,0
FMDALA_07345 hypothetical protein,Unmatched,0,0,0
FMDALA_07350 diaminopimelate decarboxylase,Unmatched,0,0,0
FMDALA_07355 diadenylate cyclase CdaA,Unmatched,0,0,0
FMDALA_07360 isoprenyl transferase,Unmatched,0,0,0
FMDALA_07365 DUF1825 domain-containing protein,Unmatched,0,0,0
FMDALA_07370 hypothetical protein,Unmatched,0,0,0
FMDALA_07375 Helicase domain-containing protein,Unmatched,0,0,0
FMDALA_07380 NADP-dependent succinic semialdehyde dehydrogenase,Unmatched,0,0,0
FMDALA_07385 hypothetical protein,Unmatched,0,0,0
FMDALA_07390 4-hydroxythreonine-4-phosphate dehydrogenase PdxA,Unmatched,0,0,0
FMDALA_07395 IS4 family transposase,Unmatched,0,0,0
FMDALA_07400 argininosuccinate synthase,Unmatched,0,0,0
FMDALA_07405 histidine kinase,Unmatched,0,0,0
FMDALA_07410 NAD(P)H-quinone oxidoreductase subunit 4L NdhQ,Unmatched,0,0,0
FMDALA_07415 lipolytic protein G-D-S-L family,Unmatched,0,0,0
FMDALA_07420 5-(carboxyamino)imidazole ribonucleotide synthase,Unmatched,0,0,0
FMDALA_07425 hypothetical protein,Unmatched,0,0,0
FMDALA_07430 branched-chain amino acid ABC transporter permease,Unmatched,0,0,0
FMDALA_07435 DUF4346 domain-containing protein,Unmatched,0,0,0
FMDALA_07440 Alginate-exp domain-containing protein,Unmatched,0,0,0
FMDALA_07445 2-deoxy-D-gluconate 3-dehydrogenase,Unmatched,0,0,0
FMDALA_07450 7-alpha-hydroxysteroid dehydrogenase,Unmatched,0,0,0
FMDALA_07455 hypothetical protein,Unmatched,0,0,0
FMDALA_07460 Similarity,Unmatched,0,0,0
"FMDALA_07465 type II toxin-antitoxin system mRNA interferase toxin, RelE/StbE family",Unmatched,0,0,0
FMDALA_07470 hypothetical protein,Unmatched,0,0,0
FMDALA_07480 putative permease,Unmatched,0,0,0
FMDALA_07485 TIGR03943 family protein,Unmatched,0,0,0
FMDALA_07490 Big-5 domain-containing protein,Unmatched,0,0,0
FMDALA_07495 Aldehyde Dehydrogenase,Unmatched,0,0,0
FMDALA_07500 phycocyanin subunit beta,Unmatched,0,0,0
FMDALA_07505 phycocyanin subunit alpha,Unmatched,0,0,0
FMDALA_07510 photosystem I reaction center subunit XII,Unmatched,0,0,0
"FMDALA_07515 bifunctional 3,4-dihydroxy-2-butanone-4-phosphate synthase/GTP cyclohydrolase II",Unmatched,0,0,0
FMDALA_07520 phospholipid carrier-dependent glycosyltransferase,Unmatched,0,0,0
"FMDALA_07525 9,9'-di-cis-zeta-carotene desaturase",Unmatched,0,0,0
FMDALA_07530 aldehyde oxygenase (deformylating),Unmatched,0,0,0
FMDALA_07535 long-chain acyl-[acyl-carrier-protein] reductase,Unmatched,0,0,0
FMDALA_07540 DUF58 domain-containing protein,Unmatched,0,0,0
FMDALA_07545 Bacterial small signal recognition particle RNA,Unmatched,0,0,0
FMDALA_07550 MFS transporter,Unmatched,0,0,0
FMDALA_07555 DUF3782 domain-containing protein,Unmatched,0,0,0
FMDALA_07560 formyltetrahydrofolate deformylase,Unmatched,0,0,0
FMDALA_07565 (Fe-S)-binding protein,Unmatched,0,0,0
FMDALA_07570 hypothetical protein,Unmatched,0,0,0
FMDALA_07575 ribonuclease H,Unmatched,0,0,0
FMDALA_07580 AI-2E family transporter,Unmatched,0,0,0
FMDALA_07585 tRNA-Ala(ggc),Unmatched,0,0,0
FMDALA_07590 hypothetical protein,Unmatched,0,0,0
FMDALA_07595 Imidazole glycerol phosphate synthase subunit HisF,Unmatched,0,0,0
FMDALA_07600 Holliday junction branch migration DNA helicase RuvB,Unmatched,0,0,0
FMDALA_07605 RNA polymerase subunit sigma,Unmatched,0,0,0
FMDALA_07610 aminotransferase,Unmatched,0,0,0
FMDALA_07615 transcriptional regulator,Unmatched,0,0,0
"FMDALA_07620 RNA polymerase sigma factor, RpoD/SigA family",Unmatched,0,0,0
FMDALA_07625 primosomal protein N',Unmatched,0,0,0
FMDALA_07630 DUF4351 domain-containing protein,Unmatched,0,0,0
FMDALA_07635 oxygen-dependent coproporphyrinogen oxidase,Unmatched,0,0,0
FMDALA_07640 Ion transporter,Unmatched,0,0,0
FMDALA_07645 NAD(+) kinase,Unmatched,0,0,0
FMDALA_07650 3-beta hydroxysteroid dehydrogenase,Unmatched,0,0,0
FMDALA_07655 LD-carboxypeptidase,Unmatched,0,0,0
FMDALA_07660 hypothetical protein,Unmatched,0,0,0
FMDALA_07665 hypothetical protein,Unmatched,0,0,0
FMDALA_07670 hypothetical protein,Unmatched,0,0,0
FMDALA_07675 cupin domain-containing protein,Unmatched,0,0,0
FMDALA_07680 dihydropteroate synthase,Unmatched,0,0,0
FMDALA_07685 hypothetical protein,Unmatched,0,0,0
FMDALA_07690 hypothetical protein,Unmatched,0,0,0
FMDALA_07695 pantetheine-phosphate adenylyltransferase,Unmatched,0,0,0
FMDALA_07700 NTP-transf-9 domain-containing protein,Unmatched,0,0,0
FMDALA_07705 thioredoxin,Unmatched,0,0,0
FMDALA_07710 type I methionyl aminopeptidase,Unmatched,0,0,0
FMDALA_07715 universal stress protein,Unmatched,0,0,0
FMDALA_07720 DUF2811 domain-containing protein,Unmatched,0,0,0
FMDALA_07725 aminoacyl-tRNA hydrolase,Unmatched,0,0,0
FMDALA_07730 glycosyl hydrolase,Unmatched,0,0,0
FMDALA_07735 class II fumarate hydratase,Unmatched,0,0,0
FMDALA_07740 YGGT family,Unmatched,0,0,0
FMDALA_07755 hypothetical protein,Unmatched,0,0,0
FMDALA_07760 low-complexity protein,Unmatched,0,0,0
FMDALA_07765 metal-binding protein,Unmatched,0,0,0
FMDALA_07770 ATP-dependent Clp protease adapter ClpS,Unmatched,0,0,0
FMDALA_07775 glycosyl transferase,Unmatched,0,0,0
FMDALA_07780 4-phosphopantetheinyl transferase,Unmatched,0,0,0
FMDALA_07785 Beta-lactamase2 domain-containing protein,Unmatched,0,0,0
FMDALA_07790 chromosome partitioning protein ParA,Unmatched,0,0,0
FMDALA_07795 chromosome partitioning protein ParB,Unmatched,0,0,0
FMDALA_07800 polyhydroxyalkanoate biosynthesis repressor PhaR,Unmatched,0,0,0
FMDALA_07805 tRNA uridine-5-carboxymethylaminomethyl(34) synthesis GTPase MnmE,Unmatched,0,0,0
FMDALA_07810 DUF2062 domain-containing protein,Unmatched,0,0,0
FMDALA_07815 HEPN domain-containing protein,Unmatched,0,0,0
FMDALA_07820 nucleotidyltransferase domain-containing protein,Unmatched,0,0,0
FMDALA_07825 Type II toxin-antitoxin system VapC family toxin,Unmatched,0,0,0
FMDALA_07830 hypothetical protein,Unmatched,0,0,0
FMDALA_07835 Kinesin light chain,Unmatched,0,0,0
FMDALA_07840 mRNA-degrading endonuclease,Unmatched,0,0,0
FMDALA_07845 hypothetical protein,Unmatched,0,0,0
FMDALA_07850 hypothetical protein,Unmatched,0,0,0
FMDALA_07855 DUF4160 domain-containing protein,Unmatched,0,0,0
FMDALA_07860 hypothetical protein,Unmatched,0,0,0
FMDALA_07865 hypothetical protein,Unmatched,0,0,0
FMDALA_07870 hypothetical protein,Unmatched,0,0,0
FMDALA_07875 hypothetical protein,Unmatched,0,0,0
FMDALA_07880 DUF2283 domain-containing protein,Unmatched,0,0,0
FMDALA_07885 hypothetical protein,Unmatched,0,0,0
FMDALA_07890 hypothetical protein,Unmatched,0,0,0
FMDALA_07895 hypothetical protein,Unmatched,0,0,0
FMDALA_07900 phosphate acetyltransferase,Unmatched,0,0,0
FMDALA_07905 N-acetylmuramoyl-L-alanine amidase,Unmatched,0,0,0
FMDALA_07910 peroxiredoxin,Unmatched,0,0,0
FMDALA_07915 Melibiase,Unmatched,0,0,0
FMDALA_07920 glycosyl transferase,Unmatched,0,0,0
FMDALA_07930 serine/threonine protein kinase,Unmatched,0,0,0
FMDALA_07935 hypothetical protein,Unmatched,0,0,0
FMDALA_07940 hypothetical protein,Unmatched,0,0,0
FMDALA_07945 hypothetical protein,Unmatched,0,0,0
FMDALA_07950 hypothetical protein,Unmatched,0,0,0
FMDALA_07955 Tetratricopeptide repeat family protein,Unmatched,0,0,0
FMDALA_07960 hypothetical protein,Unmatched,0,0,0
FMDALA_07965 transcriptional regulator,Unmatched,0,0,0
FMDALA_07970 type II toxin-antitoxin system RelE/ParE family toxin,Unmatched,0,0,0
FMDALA_07975 hypothetical protein,Unmatched,0,0,0
FMDALA_07980 Similarity,Unmatched,0,0,0
FMDALA_07985 Similarity,Unmatched,0,0,0
FMDALA_07990 Ribonuclease VapC,Unmatched,0,0,0
"FMDALA_07995 Putative O-linked N-acetylglucosamine transferase, SPINDLY family",Unmatched,0,0,0
FMDALA_08000 tRNA-Arg(acg),Unmatched,0,0,0
FMDALA_08005 cyclic pyranopterin monophosphate synthase MoaC,Unmatched,0,0,0
FMDALA_08010 magnesium chelatase subunit H,Unmatched,0,0,0
FMDALA_08015 flavin oxidoreductase,Unmatched,0,0,0
FMDALA_08020 UPF0175 family protein,Unmatched,0,0,0
FMDALA_08025 DUF3368 domain-containing protein,Unmatched,0,0,0
FMDALA_08030 flavin oxidoreductase,Unmatched,0,0,0
FMDALA_08035 Similarity,Unmatched,0,0,0
FMDALA_08040 carbamoyltransferase HypF,Unmatched,0,0,0
FMDALA_08045 ATP-dependent Zn protease,Unmatched,0,0,0
FMDALA_08050 hypothetical protein,Unmatched,0,0,0
FMDALA_08055 histidinol-phosphatase,Unmatched,0,0,0
FMDALA_08060 ribulose-phosphate 3-epimerase,Unmatched,0,0,0
FMDALA_08065 hypothetical protein,Unmatched,0,0,0
FMDALA_08070 plasmid stabilization protein,Unmatched,0,0,0
FMDALA_08075 hypothetical protein,Unmatched,0,0,0
FMDALA_08080 HAS-barrel domain-containing protein,Unmatched,0,0,0
FMDALA_08085 DUF3252 domain-containing protein,Unmatched,0,0,0
FMDALA_08090 DNA polymerase III subunit alpha,Unmatched,0,0,0
FMDALA_08095 hypothetical protein,Unmatched,0,0,0
FMDALA_08100 transposase,Unmatched,0,0,0
FMDALA_08105 hypothetical protein,Unmatched,0,0,0
FMDALA_08110 hypothetical protein,Unmatched,0,0,0
FMDALA_08115 Photosystem I assembly protein Ycf3,Unmatched,0,0,0
FMDALA_08120 DUF565 domain-containing protein,Unmatched,0,0,0
FMDALA_08125 DUF3611 domain-containing protein,Unmatched,0,0,0
FMDALA_08130 molecular chaperone DnaJ,Unmatched,0,0,0
FMDALA_08135 PD-(D/E)XK nuclease family protein,Unmatched,0,0,0
FMDALA_08140 hypothetical protein,Unmatched,0,0,0
FMDALA_08145 hypothetical protein,Unmatched,0,0,0
FMDALA_08150 hypothetical protein,Unmatched,0,0,0
FMDALA_08155 NAD(P)H-quinone oxidoreductase subunit M,Unmatched,0,0,0
FMDALA_08160 hypothetical protein,Unmatched,0,0,0
FMDALA_08165 30S ribosomal protein S15,Unmatched,0,0,0
FMDALA_08170 DUF3464 domain-containing protein,Unmatched,0,0,0
FMDALA_08175 bifunctional 3-deoxy-7-phosphoheptulonate synthase/chorismate mutase,Unmatched,0,0,0
FMDALA_08180 Uma2 family endonuclease,Unmatched,0,0,0
FMDALA_08185 Uma2 family endonuclease,Unmatched,0,0,0
FMDALA_08190 Cof-type HAD-IIB family hydrolase,Unmatched,0,0,0
FMDALA_08195 carboxymethylenebutenolidase,Unmatched,0,0,0
FMDALA_08200 30S ribosomal protein S1,Unmatched,0,0,0
FMDALA_08205 hypothetical protein,Unmatched,0,0,0
FMDALA_08210 SAM-dependent methyltransferase,Unmatched,0,0,0
FMDALA_08215 hydroxyacid dehydrogenase,Unmatched,0,0,0
FMDALA_08220 DUF760 domain-containing protein,Unmatched,0,0,0
FMDALA_08225 SMC-Scp complex subunit ScpB,Unmatched,0,0,0
FMDALA_08230 inositol monophosphatase,Unmatched,0,0,0
FMDALA_08235 ABC transporter,Unmatched,0,0,0
FMDALA_08240 transposase,Unmatched,0,0,0
FMDALA_08245 DUF4164 domain-containing protein,Unmatched,0,0,0
FMDALA_08250 photosynthetic/respiratory NAD(P)H-quinone oxidoreductase subunit D1,Unmatched,0,0,0
FMDALA_08255 phycocyanobilin:ferredoxin oxidoreductase,Unmatched,0,0,0
FMDALA_08265 Txe/YoeB family addiction module toxin,Unmatched,0,0,0
FMDALA_08270 type II toxin-antitoxin system prevent-host-death family antitoxin,Unmatched,0,0,0
FMDALA_08275 hypothetical protein,Unmatched,0,0,0
FMDALA_08280 SRPBCC family protein,Unmatched,0,0,0
FMDALA_08285 hypothetical protein,Unmatched,0,0,0
FMDALA_08290 DUF1499 domain-containing protein,Unmatched,0,0,0
FMDALA_08295 NTP-transf-9 domain-containing protein,Unmatched,0,0,0
FMDALA_08300 hypothetical protein,Unmatched,0,0,0
FMDALA_08305 4-hydroxybenzoate solanesyltransferase,Unmatched,0,0,0
FMDALA_08310 hypothetical protein,Unmatched,0,0,0
FMDALA_08315 DNA helicase UvrD,Unmatched,0,0,0
FMDALA_08320 tRNA lysidine(34) synthetase TilS,Unmatched,0,0,0
FMDALA_08325 hypothetical protein,Unmatched,0,0,0
FMDALA_08330 cobalamin biosynthesis protein CobQ,Unmatched,0,0,0
FMDALA_08335 DUF1727 domain-containing protein,Unmatched,0,0,0
FMDALA_08340 serine protease,Unmatched,0,0,0
FMDALA_08345 LPS export ABC transporter periplasmic protein LptC,Unmatched,0,0,0
FMDALA_08350 photosynthetic/respiratory NAD(P)H-quinone oxidoreductase subunit E,Unmatched,0,0,0
FMDALA_08355 NADH-quinone oxidoreductase subunit J,Unmatched,0,0,0
FMDALA_08360 photosynthetic/respiratory NAD(P)H-quinone oxidoreductase subunit I,Unmatched,0,0,0
FMDALA_08365 NADH-quinone oxidoreductase subunit NuoH,Unmatched,0,0,0
FMDALA_08370 orotate phosphoribosyltransferase,Unmatched,0,0,0
FMDALA_08375 WYL domain-containing protein,Unmatched,0,0,0
FMDALA_08380 hypothetical protein,Unmatched,0,0,0
FMDALA_08385 hypothetical protein,Unmatched,0,0,0
FMDALA_08390 hypothetical protein,Unmatched,0,0,0
FMDALA_08395 hypothetical protein,Unmatched,0,0,0
FMDALA_08400 NYN domain-containing protein,Unmatched,0,0,0
FMDALA_08405 Putative transposase family protein,Unmatched,0,0,0
FMDALA_08410 aspartate aminotransferase family protein,Unmatched,0,0,0
FMDALA_08415 potassium channel protein,Unmatched,0,0,0
FMDALA_08420 hypothetical protein,Unmatched,0,0,0
FMDALA_08425 hypothetical protein,Unmatched,0,0,0
FMDALA_08430 type IV pili twitching motility protein PilT,Unmatched,0,0,0
FMDALA_08435 circadian clock protein KaiB,Unmatched,0,0,0
FMDALA_08440 hypothetical protein,Unmatched,0,0,0
FMDALA_08445 carboxypeptidase,Unmatched,0,0,0
FMDALA_08450 aspartyl protease,Unmatched,0,0,0
FMDALA_08455 Uncharacterized protein slr1819,Unmatched,0,0,0
FMDALA_08460 hypothetical protein,Unmatched,0,0,0
FMDALA_08465 glutathione S-transferase,Unmatched,0,0,0
FMDALA_08470 DNA-binding response regulator,Unmatched,0,0,0
FMDALA_08475 hypothetical protein,Unmatched,0,0,0
"FMDALA_08480 Pseudouridine synthase RluA, 23S rRNA- or tRNA-specific",Unmatched,0,0,0
FMDALA_08485 molecular chaperone DnaK,Unmatched,0,0,0
FMDALA_08490 molecular chaperone DnaJ,Unmatched,0,0,0
FMDALA_08495 quinone-dependent dihydroorotate dehydrogenase,Unmatched,0,0,0
FMDALA_08500 PEP-CTERM sorting domain-containing protein,Unmatched,0,0,0
FMDALA_08505 DUF3352 domain-containing protein,Unmatched,0,0,0
FMDALA_08510 bifunctional folylpolyglutamate synthase/dihydrofolate synthase,Unmatched,0,0,0
FMDALA_08515 2-phosphosulfolactate phosphatase family protein,Unmatched,0,0,0
FMDALA_08520 fatty-acid oxidation protein subunit alpha,Unmatched,0,0,0
FMDALA_08525 XisI protein,Unmatched,0,0,0
FMDALA_08530 Pentapeptide repeat-containing protein,Unmatched,0,0,0
FMDALA_08535 hypothetical protein,Unmatched,0,0,0
"FMDALA_08540 2,5-didehydrogluconate reductase",Unmatched,0,0,0
FMDALA_08545 recombinase RecA,Unmatched,0,0,0
FMDALA_08550 hypothetical protein,Unmatched,0,0,0
FMDALA_08555 bile acid:sodium symporter,Unmatched,0,0,0
FMDALA_08560 CRR6 family NdhI maturation factor,Unmatched,0,0,0
FMDALA_08565 4-hydroxy-3-methylbut-2-enyl diphosphate reductase,Unmatched,0,0,0
FMDALA_08570 hypothetical protein,Unmatched,0,0,0
FMDALA_08575 hypothetical protein,Unmatched,0,0,0
FMDALA_08580 ferredoxin:protochlorophyllide reductase (ATP-dependent) iron-sulfur ATP-binding protein,Unmatched,0,0,0
FMDALA_08585 DUF5331 domain-containing protein,Unmatched,0,0,0
FMDALA_08590 ferredoxin:protochlorophyllide reductase (ATP-dependent) subunit N,Unmatched,0,0,0
FMDALA_08595 uridine phosphorylase,Unmatched,0,0,0
FMDALA_08600 hypothetical protein,Unmatched,0,0,0
FMDALA_08605 putative addiction module antidote protein,Unmatched,0,0,0
FMDALA_08610 CHAT domain-containing protein,Unmatched,0,0,0
FMDALA_08615 serine/threonine protein kinase,Unmatched,0,0,0
FMDALA_08620 Circadian oscillating protein COP23,Unmatched,0,0,0
FMDALA_08625 CHAT domain-containing protein,Unmatched,0,0,0
FMDALA_08630 tRNA-specific 2-thiouridylase MnmA,Unmatched,0,0,0
FMDALA_08635 phycobilisome rod-core linker polypeptide CpcG,Unmatched,0,0,0
FMDALA_08640 phycobiliprotein lyase,Unmatched,0,0,0
FMDALA_08645 permease,Unmatched,0,0,0
FMDALA_08650 dipeptide epimerase,Unmatched,0,0,0
FMDALA_08655 DUF1611 domain-containing protein,Unmatched,0,0,0
FMDALA_08660 hypothetical protein,Unmatched,0,0,0
FMDALA_08665 molecular chaperone DnaJ,Unmatched,0,0,0
FMDALA_08670 TVP38/TMEM64 family protein,Unmatched,0,0,0
FMDALA_08675 glycogen-debranching protein,Unmatched,0,0,0
FMDALA_08680 chitinase,Unmatched,0,0,0
FMDALA_08685 lipase,Unmatched,0,0,0
"FMDALA_08690 Phosphatidylinositol-specific phospholipase C, X domain-containing protein",Unmatched,0,0,0
FMDALA_08695 hypothetical protein,Unmatched,0,0,0
FMDALA_08700 hypothetical protein,Unmatched,0,0,0
FMDALA_08705 amidohydrolase family protein,Unmatched,0,0,0
FMDALA_08710 GTP-binding protein,Unmatched,0,0,0
FMDALA_08715 hypothetical protein,Unmatched,0,0,0
FMDALA_08720 recombinase,Unmatched,0,0,0
FMDALA_08725 Putative addiction module component,Unmatched,0,0,0
FMDALA_08730 hypothetical protein,Unmatched,0,0,0
FMDALA_08735 DUF29 domain-containing protein,Unmatched,0,0,0
FMDALA_08740 hypothetical protein,Unmatched,0,0,0
FMDALA_08745 abortive phage resistance protein,Unmatched,0,0,0
FMDALA_08750 ATP-dependent Clp protease ATP-binding subunit ClpC,Unmatched,0,0,0
FMDALA_08755 hypothetical protein,Unmatched,0,0,0
FMDALA_08760 hypothetical protein,Unmatched,0,0,0
FMDALA_08765 RNA-binding protein hfq,Unmatched,0,0,0
FMDALA_08770 diaminopimelate epimerase,Unmatched,0,0,0
FMDALA_08775 high light inducible protein,Unmatched,0,0,0
FMDALA_08780 hypothetical protein,Unmatched,0,0,0
FMDALA_08785 TonB-C domain-containing protein,Unmatched,0,0,0
FMDALA_08790 imidazoleglycerol-phosphate dehydratase HisB,Unmatched,0,0,0
FMDALA_08795 threonine synthase,Unmatched,0,0,0
FMDALA_08800 IS200/IS605 family element RNA-guided endonuclease TnpB,Unmatched,0,0,0
FMDALA_08805 DUF2252 domain-containing protein,Unmatched,0,0,0
FMDALA_08810 hypothetical protein,Unmatched,0,0,0
FMDALA_08815 hypothetical protein,Unmatched,0,0,0
FMDALA_08820 hydroxymethylbilane synthase,Unmatched,0,0,0
FMDALA_08825 permease,Unmatched,0,0,0
FMDALA_08830 DUF2892 domain-containing protein,Unmatched,0,0,0
FMDALA_08835 ferredoxin,Unmatched,0,0,0
FMDALA_08840 Transposase,Unmatched,0,0,0
FMDALA_08845 hypothetical protein,Unmatched,0,0,0
FMDALA_08850 anhydro-N-acetylmuramic acid kinase,Unmatched,0,0,0
FMDALA_08855 sulfur carrier protein ThiS,Unmatched,0,0,0
FMDALA_08860 thiamine phosphate synthase,Unmatched,0,0,0
FMDALA_08865 IS607 family transposase,Unmatched,0,0,0
FMDALA_08870 PEP-CTERM domain-containing protein,Unmatched,0,0,0
FMDALA_08875 bifunctional phosphoribosyl-AMP cyclohydrolase/phosphoribosyl-ATP diphosphatase HisIE,Unmatched,0,0,0
FMDALA_08880 NAD(P)/FAD-dependent oxidoreductase,Unmatched,0,0,0
FMDALA_08885 dTMP kinase,Unmatched,0,0,0
FMDALA_08890 thymidylate synthase,Unmatched,0,0,0
FMDALA_08895 DUF4278 domain-containing protein,Unmatched,0,0,0
FMDALA_08900 Photosynthesis regulatory RNA1,Unmatched,0,0,0
FMDALA_08905 ATP-binding protein,Unmatched,0,0,0
FMDALA_08910 ABC transporter permease,Unmatched,0,0,0
FMDALA_08915 ABC transporter ATP-binding protein,Unmatched,0,0,0
"FMDALA_08920 L,D-transpeptidase",Unmatched,0,0,0
FMDALA_08925 Conserved protein,Unmatched,0,0,0
FMDALA_08930 DDE-Tnp-1-assoc domain-containing protein,Unmatched,0,0,0
FMDALA_08935 hydroxyacylglutathione hydrolase,Unmatched,0,0,0
FMDALA_08940 bifunctional acetaldehyde-CoA/alcohol dehydrogenase,Unmatched,0,0,0
FMDALA_08945 Pilin polypeptide PilA,Unmatched,0,0,0
FMDALA_08950 hypothetical protein,Unmatched,0,0,0
FMDALA_08955 DUF29 domain-containing protein,Unmatched,0,0,0
FMDALA_08960 DUF29 domain-containing protein,Unmatched,0,0,0
FMDALA_08965 hypothetical protein,Unmatched,0,0,0
FMDALA_08970 HD domain-containing protein,Unmatched,0,0,0
FMDALA_08975 glycoside hydrolase,Unmatched,0,0,0
FMDALA_08980 hypothetical protein,Unmatched,0,0,0
FMDALA_08985 Methyltransferase type 11,Unmatched,0,0,0
FMDALA_08990 hypothetical protein,Unmatched,0,0,0
FMDALA_08995 hypothetical protein,Unmatched,0,0,0
FMDALA_09000 hypothetical protein,Unmatched,0,0,0
FMDALA_09005 antitoxin,Unmatched,0,0,0
FMDALA_09010 hypothetical protein,Unmatched,0,0,0
FMDALA_09015 potassium channel protein,Unmatched,0,0,0
FMDALA_09020 hypothetical protein,Unmatched,0,0,0
FMDALA_09025 hypothetical protein,Unmatched,0,0,0
FMDALA_09030 phosphoenolpyruvate carboxykinase (ATP),Unmatched,0,0,0
FMDALA_09035 aminoacetone oxidase family FAD-binding enzyme,Unmatched,0,0,0
FMDALA_09040 urea ABC transporter ATP-binding subunit UrtE,Unmatched,0,0,0
FMDALA_09045 urea ABC transporter ATP-binding protein UrtD,Unmatched,0,0,0
FMDALA_09050 urea ABC transporter permease subunit UrtC,Unmatched,0,0,0
FMDALA_09055 urea ABC transporter permease subunit UrtB,Unmatched,0,0,0
FMDALA_09060 urea ABC transporter substrate-binding protein,Unmatched,0,0,0
FMDALA_09065 Uncharacterized protein family UPF0016,Unmatched,0,0,0
FMDALA_09070 Uncharacterized protein family UPF0016,Unmatched,0,0,0
FMDALA_09075 VWFA domain-containing protein,Unmatched,0,0,0
FMDALA_09080 glycogen synthase GlgA,Unmatched,0,0,0
FMDALA_09085 VWFA domain-containing protein,Unmatched,0,0,0
FMDALA_09090 polyphosphate kinase 1,Unmatched,0,0,0
FMDALA_09095 diflavin flavoprotein A,Unmatched,0,0,0
FMDALA_09100 Trypco1 domain-containing protein,Unmatched,0,0,0
FMDALA_09105 peptidase M48,Unmatched,0,0,0
FMDALA_09110 DUF5615 domain-containing protein,Unmatched,0,0,0
FMDALA_09115 DUF433 domain-containing protein,Unmatched,0,0,0
FMDALA_09120 hypothetical protein,Unmatched,0,0,0
FMDALA_09125 Serralysin B,Unmatched,0,0,0
FMDALA_09130 recombinase,Unmatched,0,0,0
FMDALA_09135 histidine kinase,Unmatched,0,0,0
FMDALA_09140 hypothetical protein,Unmatched,0,0,0
FMDALA_09145 hypothetical protein,Unmatched,0,0,0
FMDALA_09150 CHAT domain-containing protein,Unmatched,0,0,0
FMDALA_09155 acyl-protein synthetase,Unmatched,0,0,0
FMDALA_09160 hypothetical protein,Unmatched,0,0,0
FMDALA_09165 VapC toxin family PIN domain ribonuclease,Unmatched,0,0,0
FMDALA_09170 AbrB/MazE/SpoVT family DNA-binding domain-containing protein,Unmatched,0,0,0
FMDALA_09175 Type II toxin-antitoxin system HicB family antitoxin,Unmatched,0,0,0
FMDALA_09180 hypothetical protein,Unmatched,0,0,0
FMDALA_09185 hypothetical protein,Unmatched,0,0,0
FMDALA_09190 cytochrome c biogenesis factor,Unmatched,0,0,0
FMDALA_09195 efflux transporter periplasmic adaptor subunit,Unmatched,0,0,0
FMDALA_09200 hypothetical protein,Unmatched,0,0,0
FMDALA_09205 hypothetical protein,Unmatched,0,0,0
FMDALA_09210 TPM domain-containing protein,Unmatched,0,0,0
FMDALA_09215 LemA family protein,Unmatched,0,0,0
FMDALA_09220 UDP-glucose:tetrahydrobiopterin glucosyltransferase,Unmatched,0,0,0
FMDALA_09225 Iron-containing redox enzyme family protein,Unmatched,0,0,0
FMDALA_09230 cyanase,Unmatched,0,0,0
FMDALA_09235 NAD(P)H-dependent oxidoreductase,Unmatched,0,0,0
FMDALA_09240 sodium:solute symporter,Unmatched,0,0,0
FMDALA_09245 hypothetical protein,Unmatched,0,0,0
FMDALA_09250 hypothetical protein,Unmatched,0,0,0
FMDALA_09255 Chromophore lyase CpcT/CpeT 2,Unmatched,0,0,0
FMDALA_09260 peptidase S51,Unmatched,0,0,0
FMDALA_09265 polyamine ABC transporter substrate-binding protein,Unmatched,0,0,0
FMDALA_09270 site-2 protease family protein,Unmatched,0,0,0
FMDALA_09275 Holliday junction branch migration protein RuvA,Unmatched,0,0,0
FMDALA_09280 Allophycocyanin alpha chain,Unmatched,0,0,0
FMDALA_09285 allophycocyanin subunit beta,Unmatched,0,0,0
FMDALA_09290 photosystem I reaction center subunit XII,Unmatched,0,0,0
FMDALA_09295 peptide-methionine (R)-S-oxide reductase,Unmatched,0,0,0
FMDALA_09300 cryptochrome DASH,Unmatched,0,0,0
FMDALA_09305 protein tyrosine kinase,Unmatched,0,0,0
FMDALA_09315 bidirectional hydrogenase complex protein HoxE,Unmatched,0,0,0
FMDALA_09320 NADH-quinone oxidoreductase subunit NuoF,Unmatched,0,0,0
FMDALA_09325 PEP-CTERM sorting domain-containing protein,Unmatched,0,0,0
FMDALA_09330 hypothetical protein,Unmatched,0,0,0
FMDALA_09335 DUF6516 domain-containing protein,Unmatched,0,0,0
FMDALA_09340 Putative restriction endonuclease,Unmatched,0,0,0
FMDALA_09350 citrate synthase,Unmatched,0,0,0
FMDALA_09355 peptide ABC transporter substrate-binding protein,Unmatched,0,0,0
FMDALA_09360 glycosyl transferase family 1,Unmatched,0,0,0
FMDALA_09365 Transposase,Unmatched,0,0,0
FMDALA_09370 IS200/IS605 family transposase,Unmatched,0,0,0
FMDALA_09380 sodium:proton antiporter,Unmatched,0,0,0
FMDALA_09405 XisI protein,Unmatched,0,0,0
FMDALA_09410 3-oxoacyl-[acyl-carrier-protein] reductase,Unmatched,0,0,0
FMDALA_09415 glycerol acyltransferase,Unmatched,0,0,0
FMDALA_09420 DUF29 domain-containing protein,Unmatched,0,0,0
FMDALA_09425 hypothetical protein,Unmatched,0,0,0
FMDALA_09430 Calcium-binding protein,Unmatched,0,0,0
FMDALA_09435 Similar to tr|Q8YK90|Q8YK90,Unmatched,0,0,0
FMDALA_09440 class I SAM-dependent methyltransferase,Unmatched,0,0,0
FMDALA_09445 excinuclease ABC subunit UvrA,Unmatched,0,0,0
FMDALA_09450 serine O-acetyltransferase,Unmatched,0,0,0
FMDALA_09455 alkaline phosphatase,Unmatched,0,0,0
FMDALA_09460 tRNA (adenosine(37)-N6)-threonylcarbamoyltransferase complex dimerization subunit type 1 TsaB,Unmatched,0,0,0
FMDALA_09465 tRNA-Lys(ttt),Unmatched,0,0,0
FMDALA_09470 aldose epimerase,Unmatched,0,0,0
FMDALA_09475 phosphatidate cytidylyltransferase,Unmatched,0,0,0
FMDALA_09480 membrane protein insertion efficiency factor YidD,Unmatched,0,0,0
FMDALA_09485 DUF2993 domain-containing protein,Unmatched,0,0,0
FMDALA_09490 ferrochelatase,Unmatched,0,0,0
FMDALA_09495 tRNA-Arg(tct),Unmatched,0,0,0
FMDALA_09500 hypothetical protein,Unmatched,0,0,0
FMDALA_09505 Tetratricopeptide repeat protein,Unmatched,0,0,0
FMDALA_09510 hypothetical protein,Unmatched,0,0,0
FMDALA_09515 PEP-CTERM domain-containing protein,Unmatched,0,0,0
FMDALA_09520 5-formyltetrahydrofolate cyclo-ligase,Unmatched,0,0,0
FMDALA_09525 hypothetical protein,Unmatched,0,0,0
FMDALA_09530 aldo/keto reductase,Unmatched,0,0,0
FMDALA_09535 hypothetical protein,Unmatched,0,0,0
FMDALA_09540 N-acetylglucosamine-6-phosphate deacetylase,Unmatched,0,0,0
FMDALA_09545 serine/threonine protein phosphatase,Unmatched,0,0,0
FMDALA_09550 Transglutaminase-like superfamily,Unmatched,0,0,0
FMDALA_09555 VOC family protein,Unmatched,0,0,0
FMDALA_09560 hypothetical protein,Unmatched,0,0,0
FMDALA_09565 3-hydroxyacyl-ACP dehydratase FabZ,Unmatched,0,0,0
FMDALA_09570 sporulation protein,Unmatched,0,0,0
FMDALA_09575 hypothetical protein,Unmatched,0,0,0
FMDALA_09580 hypothetical protein,Unmatched,0,0,0
FMDALA_09585 hypothetical protein,Unmatched,0,0,0
FMDALA_09590 hypothetical protein,Unmatched,0,0,0
FMDALA_09595 hypothetical protein,Unmatched,0,0,0
FMDALA_09600 cobalamin biosynthesis protein CobW,Unmatched,0,0,0
FMDALA_09605 hypothetical protein,Unmatched,0,0,0
FMDALA_09610 polysaccharide biosynthesis protein,Unmatched,0,0,0
FMDALA_09615 carotene isomerase,Unmatched,0,0,0
FMDALA_09620 Uncharacterized protein sll0095,Unmatched,0,0,0
FMDALA_09625 hypothetical protein,Unmatched,0,0,0
FMDALA_09630 hybrid sensor histidine kinase/response regulator,Unmatched,0,0,0
FMDALA_09635 circadian clock protein KaiA,Unmatched,0,0,0
FMDALA_09640 circadian clock protein KaiB,Unmatched,0,0,0
FMDALA_09645 circadian clock protein KaiC,Unmatched,0,0,0
FMDALA_09655 DNA-binding response regulator,Unmatched,0,0,0
FMDALA_09660 ion transporter,Unmatched,0,0,0
FMDALA_09665 HTH-type transcriptional regulator eutR,Unmatched,0,0,0
FMDALA_09670 hypothetical protein,Unmatched,0,0,0
FMDALA_09675 ATPase,Unmatched,0,0,0
FMDALA_09680 cobaltochelatase subunit CobN,Unmatched,0,0,0
FMDALA_09685 hybrid sensor histidine kinase/response regulator,Unmatched,0,0,0
FMDALA_09690 photosystem I reaction center subunit VIII,Unmatched,0,0,0
FMDALA_09695 photosystem I reaction center protein subunit XI,Unmatched,0,0,0
FMDALA_09700 universal stress protein,Unmatched,0,0,0
FMDALA_09705 Phosphoglycerate kinase,Unmatched,0,0,0
FMDALA_09710 o-succinylbenzoate synthase,Unmatched,0,0,0
FMDALA_09715 2-succinylbenzoate-CoA ligase,Unmatched,0,0,0
FMDALA_09720 M48 family peptidase,Unmatched,0,0,0
FMDALA_09725 Type I restriction enzyme endonuclease subunit,Unmatched,0,0,0
FMDALA_09730 hypothetical protein,Unmatched,0,0,0
FMDALA_09735 chemotaxis protein,Unmatched,0,0,0
FMDALA_09740 glycosyltransferase,Unmatched,0,0,0
FMDALA_09745 serine/threonine protein kinase,Unmatched,0,0,0
FMDALA_09750 Adenylate cyclase,Unmatched,0,0,0
FMDALA_09755 hypothetical protein,Unmatched,0,0,0
FMDALA_09775 hypothetical protein,Unmatched,0,0,0
FMDALA_09780 hypothetical protein,Unmatched,0,0,0
FMDALA_09785 PIN domain nuclease,Unmatched,0,0,0
FMDALA_09790 hypothetical protein,Unmatched,0,0,0
FMDALA_09795 Peptidase-S8 domain-containing protein,Unmatched,0,0,0
FMDALA_09800 Peptidase S8 and S53 subtilisin kexin sedolisin,Unmatched,0,0,0
FMDALA_09805 hypothetical protein,Unmatched,0,0,0
FMDALA_09810 hypothetical protein,Unmatched,0,0,0
FMDALA_09815 hypothetical protein,Unmatched,0,0,0
FMDALA_09820 DNA polymerase subunit beta,Unmatched,0,0,0
FMDALA_09825 hypothetical protein,Unmatched,0,0,0
FMDALA_09830 glycerol-3-phosphate 1-O-acyltransferase PlsY,Unmatched,0,0,0
FMDALA_09835 3-oxoacyl-ACP reductase FabG,Unmatched,0,0,0
FMDALA_09840 lysozyme,Unmatched,0,0,0
FMDALA_09845 PEP-CTERM sorting domain-containing protein,Unmatched,0,0,0
FMDALA_09850 UDP-3-O-(3-hydroxymyristoyl)glucosamine N-acyltransferase,Unmatched,0,0,0
FMDALA_09855 gamma-glutamyltransferase,Unmatched,0,0,0
FMDALA_09860 hypothetical protein,Unmatched,0,0,0
FMDALA_09865 Outer membrane efflux protein,Unmatched,0,0,0
FMDALA_09870 hypothetical protein,Unmatched,0,0,0
FMDALA_09875 IS1634 family transposase,Unmatched,0,0,0
FMDALA_09880 RDD family,Unmatched,0,0,0
FMDALA_09885 DUF6464 domain-containing protein,Unmatched,0,0,0
FMDALA_09890 8-amino-7-oxononanoate synthase,Unmatched,0,0,0
FMDALA_09895 hypothetical protein,Unmatched,0,0,0
FMDALA_09900 DNA-binding protein,Unmatched,0,0,0
FMDALA_09905 Peptidoglycan-binding protein,Unmatched,0,0,0
FMDALA_09910 hypothetical protein,Unmatched,0,0,0
FMDALA_09915 hypothetical protein,Unmatched,0,0,0
FMDALA_09930 hypothetical protein,Unmatched,0,0,0
FMDALA_09935 DUF3368 domain-containing protein,Unmatched,0,0,0
FMDALA_09940 Uncharacterised protein family (UPF0175),Unmatched,0,0,0
FMDALA_09945 hypothetical protein,Unmatched,0,0,0
FMDALA_09950 addiction module protein,Unmatched,0,0,0
FMDALA_09955 transcriptional regulator,Unmatched,0,0,0
FMDALA_09960 AAA ATPase,Unmatched,0,0,0
FMDALA_09965 ATPase-AAA-core domain-containing protein,Unmatched,0,0,0
FMDALA_09970 PIN domain nuclease,Unmatched,0,0,0
FMDALA_09975 hypothetical protein,Unmatched,0,0,0
FMDALA_09980 Putative restriction endonuclease,Unmatched,0,0,0
FMDALA_09985 hypothetical protein,Unmatched,0,0,0
FMDALA_09990 glycosyl transferase family 1,Unmatched,0,0,0
FMDALA_09995 chorismate synthase,Unmatched,0,0,0
FMDALA_10000 DNA/RNA nuclease SfsA,Unmatched,0,0,0
FMDALA_10005 RNA-binding protein containing a PIN domain protein,Unmatched,0,0,0
FMDALA_10010 LuxR family transcriptional regulator,Unmatched,0,0,0
FMDALA_10015 hypothetical protein,Unmatched,0,0,0
FMDALA_10020 UPF0367 protein MAE_19160,Unmatched,0,0,0
FMDALA_10025 All1724 protein,Unmatched,0,0,0
FMDALA_10030 Txe/YoeB family addiction module toxin,Unmatched,0,0,0
FMDALA_10035 prevent-host-death protein,Unmatched,0,0,0
FMDALA_10040 SAM-dependent methyltransferase,Unmatched,0,0,0
FMDALA_10045 restriction endonuclease,Unmatched,0,0,0
"FMDALA_10050 glutamate-1-semialdehyde 2,1-aminomutase",Unmatched,0,0,0
FMDALA_10055 DNA polymerase III subunit beta,Unmatched,0,0,0
FMDALA_10095 non-ribosomal peptide synthetase,Unmatched,0,0,0
FMDALA_10125 diguanylate cyclase,Unmatched,0,0,0
FMDALA_10130 phosphoglucosamine mutase,Unmatched,0,0,0
FMDALA_10135 family 2 glycosyl transferase,Unmatched,0,0,0
FMDALA_10140 hypothetical protein,Unmatched,0,0,0
FMDALA_10145 dihydroorotase,Unmatched,0,0,0
FMDALA_10150 carbonate dehydratase,Unmatched,0,0,0
FMDALA_10155 glutamate dehydrogenase,Unmatched,0,0,0
FMDALA_10160 putative high light inducible protein,Unmatched,0,0,0
FMDALA_10165 B12-binding domain-containing radical SAM protein,Unmatched,0,0,0
FMDALA_10170 Bacterial archaeo-eukaryotic release factor family 3,Unmatched,0,0,0
FMDALA_10175 Molybdopterin synthase catalytic subunit,Unmatched,0,0,0
FMDALA_10180 hypothetical protein,Unmatched,0,0,0
FMDALA_10185 RdgB/HAM1 family non-canonical purine NTP pyrophosphatase,Unmatched,0,0,0
FMDALA_10190 lipoyl synthase,Unmatched,0,0,0
FMDALA_10195 tRNA-Pro(cgg),Unmatched,0,0,0
FMDALA_10200 DNA methyltransferase,Unmatched,0,0,0
"FMDALA_10205 CRISPR-associated protein Csa3, CARF domain",Unmatched,0,0,0
FMDALA_10210 hypothetical protein,Unmatched,0,0,0
FMDALA_10215 heat-inducible transcriptional repressor HrcA,Unmatched,0,0,0
FMDALA_10225 ATP-binding cassette family protein,Unmatched,0,0,0
FMDALA_10230 molybdopterin synthase sulfur carrier subunit,Unmatched,0,0,0
FMDALA_10235 single-stranded-DNA-specific exonuclease RecJ,Unmatched,0,0,0
FMDALA_10240 hypothetical protein,Unmatched,0,0,0
FMDALA_10245 molecular chaperone DnaK,Unmatched,0,0,0
FMDALA_10250 hypothetical protein,Unmatched,0,0,0
FMDALA_10255 competence/damage-inducible protein A,Unmatched,0,0,0
FMDALA_10260 AAA domain-containing protein,Unmatched,0,0,0
FMDALA_10265 SpoVT/AbrB domain-containing protein,Unmatched,0,0,0
FMDALA_10270 PINc domain-containing protein,Unmatched,0,0,0
FMDALA_10275 hypothetical protein,Unmatched,0,0,0
FMDALA_10280 hypothetical protein,Unmatched,0,0,0
FMDALA_10285 FkbM family methyltransferase,Unmatched,0,0,0
FMDALA_10290 DUF29 domain-containing protein,Unmatched,0,0,0
FMDALA_10295 hypothetical protein,Unmatched,0,0,0
FMDALA_10300 isovaleryl-CoA dehydrogenase,Unmatched,0,0,0
FMDALA_10305 polyketide synthase,Unmatched,0,0,0
FMDALA_10310 heme-copper oxidase subunit III,Unmatched,0,0,0
FMDALA_10315 cytochrome c oxidase subunit I,Unmatched,0,0,0
FMDALA_10320 cytochrome c oxidase subunit II,Unmatched,0,0,0
FMDALA_10325 heme A synthase,Unmatched,0,0,0
FMDALA_10330 heme o synthase,Unmatched,0,0,0
FMDALA_10335 chromosomal replication initiator protein DnaA,Unmatched,0,0,0
FMDALA_10340 peptide deformylase,Unmatched,0,0,0
FMDALA_10345 hypothetical protein,Unmatched,0,0,0
FMDALA_10350 hypothetical protein,Unmatched,0,0,0
FMDALA_10355 hypothetical protein,Unmatched,0,0,0
FMDALA_10360 DUF4351 domain-containing protein,Unmatched,0,0,0
FMDALA_10365 Uncharacterised protein family (UPF0175),Unmatched,0,0,0
FMDALA_10370 DUF3368 domain-containing protein,Unmatched,0,0,0
FMDALA_10375 hypothetical protein,Unmatched,0,0,0
FMDALA_10380 protochlorophyllide reductase,Unmatched,0,0,0
FMDALA_10385 penicillin-binding protein activator LpoB,Unmatched,0,0,0
FMDALA_10390 succinate dehydrogenase/fumarate reductase iron-sulfur subunit,Unmatched,0,0,0
FMDALA_10395 AbrB family transcriptional regulator,Unmatched,0,0,0
FMDALA_10400 CPBP family intramembrane metalloprotease domain-containing protein,Unmatched,0,0,0
FMDALA_10405 hypothetical protein,Unmatched,0,0,0
FMDALA_10410 ribosome maturation factor RimM,Unmatched,0,0,0
FMDALA_10415 hypothetical protein,Unmatched,0,0,0
FMDALA_10420 hypothetical protein,Unmatched,0,0,0
FMDALA_10425 type I restriction endonuclease,Unmatched,0,0,0
FMDALA_10430 hypothetical protein,Unmatched,0,0,0
FMDALA_10450 Putative restriction endonuclease,Unmatched,0,0,0
FMDALA_10460 Type II toxin-antitoxin system HicB family antitoxin,Unmatched,0,0,0
FMDALA_10465 hypothetical protein,Unmatched,0,0,0
FMDALA_10470 hypothetical protein,Unmatched,0,0,0
"FMDALA_10475 type II toxin-antitoxin system mRNA interferase toxin, RelE/StbE family",Unmatched,0,0,0
FMDALA_10485 hypothetical protein,Unmatched,0,0,0
FMDALA_10490 RHH-1 domain-containing protein,Unmatched,0,0,0
FMDALA_10495 hypothetical protein,Unmatched,0,0,0
FMDALA_10500 FGE-sulfatase domain-containing protein,Unmatched,0,0,0
FMDALA_10505 NUDIX hydrolase,Unmatched,0,0,0
FMDALA_10510 argininosuccinate lyase,Unmatched,0,0,0
FMDALA_10515 hypothetical protein,Unmatched,0,0,0
FMDALA_10520 aldolase,Unmatched,0,0,0
FMDALA_10525 hypothetical protein,Unmatched,0,0,0
FMDALA_10530 hypothetical protein,Unmatched,0,0,0
FMDALA_10535 HATPase-c domain-containing protein,Unmatched,0,0,0
FMDALA_10540 arsenic-transporting ATPase,Unmatched,0,0,0
FMDALA_10545 cobalt-precorrin-6A reductase,Unmatched,0,0,0
FMDALA_10550 GHL10 domain-containing protein,Unmatched,0,0,0
FMDALA_10555 ATPase,Unmatched,0,0,0
FMDALA_10560 polysaccharide export protein,Unmatched,0,0,0
FMDALA_10565 Cyanoexosortase B system-associated protein,Unmatched,0,0,0
FMDALA_10570 cyanoexosortase B,Unmatched,0,0,0
FMDALA_10575 erythromycin biosynthesis sensory transduction protein eryC1,Unmatched,0,0,0
FMDALA_10580 Leucine-rich repeat domain-containing protein,Unmatched,0,0,0
FMDALA_10585 methanol dehydrogenase,Unmatched,0,0,0
FMDALA_10590 DUF2993 domain-containing protein,Unmatched,0,0,0
FMDALA_10595 UPF0754 membrane protein MAE_37850,Unmatched,0,0,0
"FMDALA_10600 bifunctional demethylmenaquinone methyltransferase/2-methoxy-6-polyprenyl-1,4-benzoquinol methylase UbiE",Unmatched,0,0,0
FMDALA_10620 clan AA aspartic protease,Unmatched,0,0,0
FMDALA_10625 hypothetical protein,Unmatched,0,0,0
FMDALA_10630 hypothetical protein,Unmatched,0,0,0
FMDALA_10635 hypothetical protein,Unmatched,0,0,0
FMDALA_10640 peptide ABC transporter substrate-binding protein,Unmatched,0,0,0
FMDALA_10645 ABC transporter substrate-binding protein,Unmatched,0,0,0
FMDALA_10650 glyoxalase,Unmatched,0,0,0
FMDALA_10655 cytochrome C biogenesis protein,Unmatched,0,0,0
FMDALA_10660 Cytochrome c biogenesis protein CcsB,Unmatched,0,0,0
FMDALA_10665 DNA-formamidopyrimidine glycosylase,Unmatched,0,0,0
FMDALA_10670 cellulose synthase subunit BcsC,Unmatched,0,0,0
FMDALA_10675 hypothetical protein,Unmatched,0,0,0
FMDALA_10680 hypothetical protein,Unmatched,0,0,0
FMDALA_10685 Lysylphosphatidylglycerol synthase TM region,Unmatched,0,0,0
FMDALA_10690 hypothetical protein,Unmatched,0,0,0
FMDALA_10695 hypothetical protein,Unmatched,0,0,0
FMDALA_10700 AAA-like domain-containing protein,Unmatched,0,0,0
FMDALA_10705 Ycf66 protein N-terminus,Unmatched,0,0,0
FMDALA_10710 hypothetical protein,Unmatched,0,0,0
FMDALA_10715 DNA polymerase III subunit delta,Unmatched,0,0,0
FMDALA_10720 FHA domain-containing protein,Unmatched,0,0,0
FMDALA_10725 magnesium/cobalt transporter CorA,Unmatched,0,0,0
FMDALA_10730 OrfB-Zn-ribbon domain-containing protein,Unmatched,0,0,0
FMDALA_10735 hypothetical protein,Unmatched,0,0,0
FMDALA_10745 Similar to tr|Q8YTL4|Q8YTL4,Unmatched,0,0,0
FMDALA_10750 hypothetical protein,Unmatched,0,0,0
FMDALA_10755 Peptide synthetase,Unmatched,0,0,0
FMDALA_10795 non-ribosomal peptide synthetase,Unmatched,0,0,0
FMDALA_10810 porin,Unmatched,0,0,0
FMDALA_10815 cadmium-translocating P-type ATPase,Unmatched,0,0,0
FMDALA_10820 DUF5132 domain-containing protein,Unmatched,0,0,0
FMDALA_10825 DUF5132 domain-containing protein,Unmatched,0,0,0
FMDALA_10830 Similarity,Unmatched,0,0,0
FMDALA_10835 hypothetical protein,Unmatched,0,0,0
FMDALA_10840 transposase,Unmatched,0,0,0
FMDALA_10845 DUF1345 domain-containing protein,Unmatched,0,0,0
FMDALA_10850 hypothetical protein,Unmatched,0,0,0
FMDALA_10855 DUF29 domain-containing protein,Unmatched,0,0,0
FMDALA_10860 hypothetical protein,Unmatched,0,0,0
FMDALA_10865 DUF3226 domain-containing protein,Unmatched,0,0,0
FMDALA_10870 ATPase-AAA-core domain-containing protein,Unmatched,0,0,0
FMDALA_10875 tRNA (guanine-N1)-methyltransferase,Unmatched,0,0,0
FMDALA_10880 hypothetical protein,Unmatched,0,0,0
FMDALA_10885 Hercynine oxygenase,Unmatched,0,0,0
FMDALA_10890 hypothetical protein,Unmatched,0,0,0
FMDALA_10895 hypothetical protein,Unmatched,0,0,0
FMDALA_10900 metallophosphoesterase,Unmatched,0,0,0
"FMDALA_10905 cobyrinic acid a,c-diamide synthase",Unmatched,0,0,0
FMDALA_10910 TIGR03792 family protein,Unmatched,0,0,0
"FMDALA_10915 GDP-mannose 4,6-dehydratase",Unmatched,0,0,0
FMDALA_10920 GDP-fucose synthetase,Unmatched,0,0,0
FMDALA_10925 hypothetical protein,Unmatched,0,0,0
FMDALA_10930 succinyl-CoA synthetase subunit beta,Unmatched,0,0,0
FMDALA_10935 CoA-binding protein,Unmatched,0,0,0
FMDALA_10940 hypothetical protein,Unmatched,0,0,0
FMDALA_10945 glutamate synthase large subunit,Unmatched,0,0,0
FMDALA_10950 hypothetical protein,Unmatched,0,0,0
FMDALA_10955 hypothetical protein,Unmatched,0,0,0
FMDALA_10960 Cytosine-specific methyltransferase,Unmatched,0,0,0
FMDALA_10965 DNA (cytosine-5-)-methyltransferase,Unmatched,0,0,0
FMDALA_10970 prevent-host-death family protein,Unmatched,0,0,0
FMDALA_10975 cytochrome B6,Unmatched,0,0,0
FMDALA_10980 hypothetical protein,Unmatched,0,0,0
FMDALA_10985 hypothetical protein,Unmatched,0,0,0
FMDALA_10990 cysteine synthase A,Unmatched,0,0,0
FMDALA_10995 addiction module toxin RelE,Unmatched,0,0,0
FMDALA_11000 Uncharacterised protein family (UPF0175),Unmatched,0,0,0
FMDALA_11005 Bulb-type lectin domain-containing protein,Unmatched,0,0,0
"FMDALA_11010 RNA polymerase sigma factor, RpoD/SigA family",Unmatched,0,0,0
FMDALA_11015 Ni/Fe hydrogenase subunit alpha,Unmatched,0,0,0
FMDALA_11020 Putative restriction endonuclease,Unmatched,0,0,0
FMDALA_11025 site-specific DNA-methyltransferase,Unmatched,0,0,0
FMDALA_11030 dihydroorotase,Unmatched,0,0,0
FMDALA_11035 adenine specific DNA methylase Mod,Unmatched,0,0,0
FMDALA_11040 hypothetical protein,Unmatched,0,0,0
FMDALA_11050 ribosome recycling factor,Unmatched,0,0,0
FMDALA_11055 UMP kinase,Unmatched,0,0,0
FMDALA_11060 hypothetical protein,Unmatched,0,0,0
FMDALA_11065 type II 3-dehydroquinate dehydratase,Unmatched,0,0,0
FMDALA_11070 hypothetical protein,Unmatched,0,0,0
"FMDALA_11075 calcium-translocating P-type ATPase, PMCA-type",Unmatched,0,0,0
FMDALA_11080 hybrid sensor histidine kinase/response regulator,Unmatched,0,0,0
FMDALA_11085 Repeated sequence found in lipolpp family protein,Unmatched,0,0,0
FMDALA_11090 Bacterial cell division membrane protein,Unmatched,0,0,0
FMDALA_11095 hypothetical protein,Unmatched,0,0,0
FMDALA_11100 transposase,Unmatched,0,0,0
FMDALA_11105 Hypoth-Ymh domain-containing protein,Unmatched,0,0,0
FMDALA_11110 rRNA methyltransferase,Unmatched,0,0,0
FMDALA_11115 tRNA-Leu(cag),Unmatched,0,0,0
FMDALA_11120 UDP-N-acetylglucosamine 1-carboxyvinyltransferase,Unmatched,0,0,0
FMDALA_11125 Putative restriction endonuclease,Unmatched,0,0,0
FMDALA_11130 hypothetical protein,Unmatched,0,0,0
FMDALA_11135 Similar to tr|P72987|P72987,Unmatched,0,0,0
FMDALA_11140 photosystem I reaction center subunit XII,Unmatched,0,0,0
FMDALA_11145 hypothetical protein,Unmatched,0,0,0
FMDALA_11150 thiol-disulfide oxidoreductase,Unmatched,0,0,0
FMDALA_11155 CARDB domain-containing protein,Unmatched,0,0,0
FMDALA_11160 hypothetical protein,Unmatched,0,0,0
FMDALA_11165 NAD(P)H-quinone oxidoreductase subunit F,Unmatched,0,0,0
FMDALA_11170 PHP domain-containing protein,Unmatched,0,0,0
FMDALA_11175 PEP-CTERM sorting domain-containing protein,Unmatched,0,0,0
FMDALA_11180 DUF3067 domain-containing protein,Unmatched,0,0,0
FMDALA_11185 chitin deacetylase,Unmatched,0,0,0
FMDALA_11190 hypothetical protein,Unmatched,0,0,0
FMDALA_11195 glycerol acyltransferase,Unmatched,0,0,0
FMDALA_11200 PlsC domain-containing protein,Unmatched,0,0,0
FMDALA_11205 hypothetical protein,Unmatched,0,0,0
FMDALA_11210 hypothetical protein,Unmatched,0,0,0
FMDALA_11215 transposase,Unmatched,0,0,0
FMDALA_11220 hypothetical protein,Unmatched,0,0,0
FMDALA_11225 Site-specific DNA-methyltransferase (adenine-specific),Unmatched,0,0,0
FMDALA_11230 complex I intermediate-associated 30 family protein,Unmatched,0,0,0
FMDALA_11235 molecular chaperone DnaJ,Unmatched,0,0,0
FMDALA_11240 haloacid dehalogenase,Unmatched,0,0,0
FMDALA_11245 hypothetical protein,Unmatched,0,0,0
FMDALA_11250 solanesyl diphosphate synthase,Unmatched,0,0,0
FMDALA_11255 hypothetical protein,Unmatched,0,0,0
FMDALA_11260 (2Fe-2S)-binding protein,Unmatched,0,0,0
FMDALA_11265 citramalate synthase,Unmatched,0,0,0
FMDALA_11270 transposase,Unmatched,0,0,0
FMDALA_11275 ABC transporter ATP-binding protein,Unmatched,0,0,0
FMDALA_11280 ABC transporter substrate-binding protein,Unmatched,0,0,0
FMDALA_11285 phycobilisome maturation protein,Unmatched,0,0,0
FMDALA_11290 DUF29 domain-containing protein,Unmatched,0,0,0
FMDALA_11295 phycocyanobilin lyase,Unmatched,0,0,0
FMDALA_11300 hypothetical protein,Unmatched,0,0,0
FMDALA_11305 uracil phosphoribosyltransferase,Unmatched,0,0,0
FMDALA_11310 30S ribosomal protein S21,Unmatched,0,0,0
FMDALA_11315 Metal-sensitive transcriptional repressor,Unmatched,0,0,0
FMDALA_11320 class I SAM-dependent methyltransferase,Unmatched,0,0,0
"FMDALA_11325 Taurine dioxygenase, alpha-ketoglutarate-dependent",Unmatched,0,0,0
FMDALA_11330 Similar to tr|Q8YMP9|Q8YMP9,Unmatched,0,0,0
FMDALA_11335 addiction module killer protein,Unmatched,0,0,0
FMDALA_11340 hypothetical protein,Unmatched,0,0,0
FMDALA_11345 Putative restriction endonuclease,Unmatched,0,0,0
FMDALA_11350 flotillin family protein,Unmatched,0,0,0
FMDALA_11355 mannose-6-phosphate isomerase,Unmatched,0,0,0
FMDALA_11360 bifunctional adenosylcobinamide kinase/adenosylcobinamide-phosphate guanylyltransferase,Unmatched,0,0,0
FMDALA_11365 isopropylmalate isomerase,Unmatched,0,0,0
FMDALA_11370 hypothetical protein,Unmatched,0,0,0
FMDALA_11375 ATP-binding protein,Unmatched,0,0,0
FMDALA_11380 FUSC family protein,Unmatched,0,0,0
FMDALA_11385 hypothetical protein,Unmatched,0,0,0
FMDALA_11390 Transposase,Unmatched,0,0,0
FMDALA_11395 DNA-directed RNA polymerase subunit omega,Unmatched,0,0,0
FMDALA_11400 Putative restriction endonuclease,Unmatched,0,0,0
FMDALA_11405 hypothetical protein,Unmatched,0,0,0
FMDALA_11410 TPR domain protein component of TonB system,Unmatched,0,0,0
FMDALA_11415 hypothetical protein,Unmatched,0,0,0
FMDALA_11420 nucleotide cyclase,Unmatched,0,0,0
FMDALA_11425 hypothetical protein,Unmatched,0,0,0
FMDALA_11430 RNA polymerase subunit sigma-70,Unmatched,0,0,0
FMDALA_11435 ATP-dependent zinc metalloprotease FtsH3,Unmatched,0,0,0
FMDALA_11440 tRNA (adenosine(37)-N6)-dimethylallyltransferase MiaA,Unmatched,0,0,0
FMDALA_11445 DUF2079 domain-containing protein,Unmatched,0,0,0
FMDALA_11450 amino acid ABC transporter substrate-binding protein,Unmatched,0,0,0
FMDALA_11455 AI-2E family transporter,Unmatched,0,0,0
FMDALA_11460 molecular chaperone DnaJ,Unmatched,0,0,0
FMDALA_11465 hypothetical protein,Unmatched,0,0,0
FMDALA_11470 chromosome partitioning protein ParA,Unmatched,0,0,0
FMDALA_11475 Asp-tRNA(Asn)/Glu-tRNA(Gln) amidotransferase subunit GatB,Unmatched,0,0,0
FMDALA_11480 pyruvate kinase,Unmatched,0,0,0
FMDALA_11485 hypothetical protein,Unmatched,0,0,0
FMDALA_11490 hypothetical protein,Unmatched,0,0,0
FMDALA_11505 RNA-binding protein,Unmatched,0,0,0
FMDALA_11510 hypothetical protein,Unmatched,0,0,0
FMDALA_11515 polyhydroxyalkanoate biosynthesis repressor PhaR,Unmatched,0,0,0
FMDALA_11520 alanine racemase,Unmatched,0,0,0
FMDALA_11525 cytochrome P450,Unmatched,0,0,0
FMDALA_11530 Phosphotransferase enzyme family,Unmatched,0,0,0
FMDALA_11535 glycosyl transferase,Unmatched,0,0,0
FMDALA_11540 HNH endonuclease,Unmatched,0,0,0
FMDALA_11545 ATPase,Unmatched,0,0,0
FMDALA_11550 magnesium chelatase ATPase subunit I,Unmatched,0,0,0
FMDALA_11555 hypothetical protein,Unmatched,0,0,0
FMDALA_11560 glycine--tRNA ligase subunit beta,Unmatched,0,0,0
FMDALA_11565 DUF3122 domain-containing protein,Unmatched,0,0,0
FMDALA_11570 rubrerythrin family protein,Unmatched,0,0,0
FMDALA_11575 GNAT family N-acetyltransferase,Unmatched,0,0,0
FMDALA_11580 riboflavin deaminase,Unmatched,0,0,0
FMDALA_11585 two-component sensor histidine kinase,Unmatched,0,0,0
FMDALA_11590 prephenate dehydratase,Unmatched,0,0,0
FMDALA_11595 3'-5' exonuclease domain-containing protein,Unmatched,0,0,0
FMDALA_11600 universal stress protein,Unmatched,0,0,0
FMDALA_11605 signal peptidase I,Unmatched,0,0,0
FMDALA_11610 nucleoside triphosphate pyrophosphohydrolase,Unmatched,0,0,0
FMDALA_11615 glutamate-5-semialdehyde dehydrogenase,Unmatched,0,0,0
FMDALA_11620 riboflavin synthase,Unmatched,0,0,0
FMDALA_11625 DUF4411 domain-containing protein,Unmatched,0,0,0
FMDALA_11630 DUF4411 domain-containing protein,Unmatched,0,0,0
FMDALA_11635 IrrE N-terminal-like domain-containing protein,Unmatched,0,0,0
FMDALA_11640 adenosylhomocysteinase,Unmatched,0,0,0
FMDALA_11645 alkaline phosphatase,Unmatched,0,0,0
FMDALA_11650 6-carboxytetrahydropterin synthase QueD,Unmatched,0,0,0
FMDALA_11655 hypothetical protein,Unmatched,0,0,0
FMDALA_11660 Photosystem II protein D1 (PsbA),Unmatched,0,0,0
FMDALA_11665 fatty acid desaturase,Unmatched,0,0,0
FMDALA_11670 VMAP-M9 domain-containing protein,Unmatched,0,0,0
FMDALA_11675 AAA family ATPase,Unmatched,0,0,0
FMDALA_11680 sulfatase-modifying factor 1,Unmatched,0,0,0
FMDALA_11685 Uncharacterised protein family (UPF0175),Unmatched,0,0,0
FMDALA_11690 DUF3368 domain-containing protein,Unmatched,0,0,0
FMDALA_11695 Formylglycine-generating enzyme family protein,Unmatched,0,0,0
FMDALA_11700 ABM domain-containing protein,Unmatched,0,0,0
FMDALA_11705 F0F1 ATP synthase subunit gamma,Unmatched,0,0,0
FMDALA_11710 F0F1 ATP synthase subunit alpha,Unmatched,0,0,0
FMDALA_11715 ATP synthase F1 subunit delta,Unmatched,0,0,0
FMDALA_11720 F0F1 ATP synthase subunit B,Unmatched,0,0,0
FMDALA_11725 F0F1 ATP synthase subunit B',Unmatched,0,0,0
FMDALA_11730 ATP synthase F0 subunit C,Unmatched,0,0,0
FMDALA_11735 F0F1 ATP synthase subunit A,Unmatched,0,0,0
FMDALA_11740 ATP synthase subunit I,Unmatched,0,0,0
FMDALA_11745 photosystem II protein PsbQ,Unmatched,0,0,0
FMDALA_11750 FAD-dependent oxidoreductase,Unmatched,0,0,0
FMDALA_11755 acetyl-CoA C-acyltransferase,Unmatched,0,0,0
FMDALA_11760 beta-ketoacyl-ACP reductase,Unmatched,0,0,0
FMDALA_11765 BrnT family toxin,Unmatched,0,0,0
FMDALA_11770 hypothetical protein,Unmatched,0,0,0
FMDALA_11775 class III poly(R)-hydroxyalkanoic acid synthase subunit PhaE,Unmatched,0,0,0
FMDALA_11780 hypothetical protein,Unmatched,0,0,0
FMDALA_11785 Immunoglobulin G-binding protein A,Unmatched,0,0,0
FMDALA_11790 hypothetical protein,Unmatched,0,0,0
FMDALA_11795 NHLP bacteriocin system secretion protein,Unmatched,0,0,0
FMDALA_11800 hypothetical protein,Unmatched,0,0,0
FMDALA_11805 Aluminium activated malate transporter,Unmatched,0,0,0
FMDALA_11810 antitoxin,Unmatched,0,0,0
"FMDALA_11815 HicA toxin of bacterial toxin-antitoxin,",Unmatched,0,0,0
FMDALA_11820 HicB family protein,Unmatched,0,0,0
FMDALA_11825 antitoxin,Unmatched,0,0,0
FMDALA_11830 hypothetical protein,Unmatched,0,0,0
FMDALA_11835 hypothetical protein,Unmatched,0,0,0
FMDALA_11840 hypothetical protein,Unmatched,0,0,0
FMDALA_11845 PTS glucose transporter subunit IIA,Unmatched,0,0,0
FMDALA_11850 hypothetical protein,Unmatched,0,0,0
FMDALA_11855 hypothetical protein,Unmatched,0,0,0
FMDALA_11860 YcfA family protein,Unmatched,0,0,0
FMDALA_11865 hypothetical protein,Unmatched,0,0,0
FMDALA_11870 PilT protein domain protein,Unmatched,0,0,0
FMDALA_11875 AbrB family transcriptional regulator,Unmatched,0,0,0
FMDALA_11880 PINc domain-containing protein,Unmatched,0,0,0
FMDALA_11885 hypothetical protein,Unmatched,0,0,0
FMDALA_11890 hypothetical protein,Unmatched,0,0,0
FMDALA_11895 hypothetical protein,Unmatched,0,0,0
FMDALA_11900 hypothetical protein,Unmatched,0,0,0
FMDALA_11905 hypothetical protein,Unmatched,0,0,0
FMDALA_11910 polymorphic toxin type 10 domain-containing protein,Unmatched,0,0,0
FMDALA_11915 TetR family transcriptional regulator,Unmatched,0,0,0
FMDALA_11925 pentapeptide repeat-containing protein,Unmatched,0,0,0
FMDALA_11930 sodium-independent anion transporter,Unmatched,0,0,0
FMDALA_11935 hypothetical protein,Unmatched,0,0,0
FMDALA_11940 50S ribosomal protein L10,Unmatched,0,0,0
FMDALA_11945 50S ribosomal protein L7/L12,Unmatched,0,0,0
FMDALA_11950 photosystem II reaction center protein T,Unmatched,0,0,0
FMDALA_11955 transcriptional regulator NrdR,Unmatched,0,0,0
FMDALA_11960 30S ribosomal protein S1,Unmatched,0,0,0
FMDALA_11965 adenylate/guanylate cyclase domain-containing protein,Unmatched,0,0,0
FMDALA_11970 DUF3120 domain-containing protein,Unmatched,0,0,0
FMDALA_11975 hypothetical protein,Unmatched,0,0,0
FMDALA_11980 sulfite exporter TauE/SafE family protein,Unmatched,0,0,0
FMDALA_11985 DUF2854 domain-containing protein,Unmatched,0,0,0
FMDALA_11990 dienelactone hydrolase,Unmatched,0,0,0
FMDALA_11995 transposase,Unmatched,0,0,0
FMDALA_12000 chromosome partitioning protein ParA,Unmatched,0,0,0
FMDALA_12005 hypothetical protein,Unmatched,0,0,0
FMDALA_12010 RNA-binding protein,Unmatched,0,0,0
FMDALA_12015 DUF3493 domain-containing protein,Unmatched,0,0,0
FMDALA_12020 tRNA-Thr(cgt),Unmatched,0,0,0
FMDALA_12025 hypothetical protein,Unmatched,0,0,0
FMDALA_12030 Cytoplasmic protein,Unmatched,0,0,0
FMDALA_12035 hypothetical protein,Unmatched,0,0,0
FMDALA_12040 Mobile element protein,Unmatched,0,0,0
FMDALA_12045 hypothetical protein,Unmatched,0,0,0
FMDALA_12050 polyprenol monophosphomannose synthase,Unmatched,0,0,0
FMDALA_12055 aminotransferase DegT,Unmatched,0,0,0
FMDALA_12060 hypothetical protein,Unmatched,0,0,0
FMDALA_12065 AAA family ATPase,Unmatched,0,0,0
FMDALA_12070 SH3 domain-containing protein,Unmatched,0,0,0
FMDALA_12075 Phosphate-starvation-inducible E family,Unmatched,0,0,0
FMDALA_12080 bacitracin ABC transporter ATP-binding protein,Unmatched,0,0,0
FMDALA_12085 bacitracin ABC transporter ATP-binding protein,Unmatched,0,0,0
FMDALA_12090 nitrate ABC transporter permease,Unmatched,0,0,0
FMDALA_12095 bicarbonate-binding protein,Unmatched,0,0,0
FMDALA_12100 molecular chaperone DnaJ,Unmatched,0,0,0
FMDALA_12105 hypothetical protein,Unmatched,0,0,0
FMDALA_12110 hypothetical protein,Unmatched,0,0,0
FMDALA_12115 hypothetical protein,Unmatched,0,0,0
FMDALA_12120 LysR family transcriptional regulator,Unmatched,0,0,0
FMDALA_12130 hypothetical protein,Unmatched,0,0,0
FMDALA_12135 hypothetical protein,Unmatched,0,0,0
FMDALA_12140 phosphate signaling complex protein PhoU,Unmatched,0,0,0
FMDALA_12145 hypothetical protein,Unmatched,0,0,0
FMDALA_12150 histidine kinase,Unmatched,0,0,0
FMDALA_12155 DNA-binding response regulator,Unmatched,0,0,0
FMDALA_12160 amidase,Unmatched,0,0,0
FMDALA_12165 hypothetical protein,Unmatched,0,0,0
FMDALA_12170 glycolate oxidase subunit GlcD,Unmatched,0,0,0
FMDALA_12175 2'-5' RNA ligase,Unmatched,0,0,0
FMDALA_12180 YCII domain-containing protein,Unmatched,0,0,0
FMDALA_12185 translation initiation factor IF-1,Unmatched,0,0,0
FMDALA_12190 50S ribosomal protein L36,Unmatched,0,0,0
FMDALA_12195 30S ribosomal protein S13,Unmatched,0,0,0
FMDALA_12200 30S ribosomal protein S11,Unmatched,0,0,0
FMDALA_12205 DNA-directed RNA polymerase subunit alpha,Unmatched,0,0,0
FMDALA_12210 50S ribosomal protein L17,Unmatched,0,0,0
FMDALA_12215 tRNA pseudouridine(38-40) synthase TruA,Unmatched,0,0,0
FMDALA_12220 50S ribosomal protein L13,Unmatched,0,0,0
FMDALA_12225 30S ribosomal protein S9,Unmatched,0,0,0
FMDALA_12230 50S ribosomal protein L31,Unmatched,0,0,0
FMDALA_12235 hypothetical protein,Unmatched,0,0,0
FMDALA_12240 hypothetical protein,Unmatched,0,0,0
FMDALA_12245 ATP-dependent Clp protease adapter ClpS,Unmatched,0,0,0
FMDALA_12250 CPBP family intramembrane metalloprotease,Unmatched,0,0,0
FMDALA_12255 hypothetical protein,Unmatched,0,0,0
FMDALA_12260 hypothetical protein,Unmatched,0,0,0
FMDALA_12265 peptide ABC transporter permease,Unmatched,0,0,0
FMDALA_12270 hypothetical protein,Unmatched,0,0,0
FMDALA_12275 NAD(P)H-quinone oxidoreductase subunit N,Unmatched,0,0,0
FMDALA_12280 glutamate--tRNA ligase,Unmatched,0,0,0
FMDALA_12285 ATP-dependent 6-phosphofructokinase,Unmatched,0,0,0
FMDALA_12290 DNA modification methylase,Unmatched,0,0,0
FMDALA_12295 Type II restriction enzyme AvaI,Unmatched,0,0,0
FMDALA_12300 hypothetical protein,Unmatched,0,0,0
"FMDALA_12310 membrane protease subunit, stomatin/prohibitin",Unmatched,0,0,0
FMDALA_12330 hypothetical protein,Unmatched,0,0,0
FMDALA_12335 macrolide ABC transporter ATP-binding protein,Unmatched,0,0,0
FMDALA_12340 ABC transporter substrate-binding protein,Unmatched,0,0,0
FMDALA_12345 acyl-CoA desaturase,Unmatched,0,0,0
FMDALA_12350 1-deoxy-D-xylulose-5-phosphate reductoisomerase,Unmatched,0,0,0
FMDALA_12355 Chromosome segregation ATPase,Unmatched,0,0,0
FMDALA_12360 Hsp33 family molecular chaperone HslO,Unmatched,0,0,0
FMDALA_12365 hypothetical protein,Unmatched,0,0,0
FMDALA_12370 signal recognition particle protein,Unmatched,0,0,0
FMDALA_12375 thiamine-phosphate kinase,Unmatched,0,0,0
FMDALA_12380 MBL fold metallo-hydrolase,Unmatched,0,0,0
FMDALA_12385 site-2 protease family protein,Unmatched,0,0,0
FMDALA_12390 DUF218 domain-containing protein,Unmatched,0,0,0
FMDALA_12395 calcium/proton exchanger,Unmatched,0,0,0
FMDALA_12400 16S rRNA (guanine(527)-N(7))-methyltransferase RsmG,Unmatched,0,0,0
FMDALA_12405 lytic murein transglycosylase,Unmatched,0,0,0
FMDALA_12410 Tetratricopeptide TPR_2,Unmatched,0,0,0
FMDALA_12415 fatty acid desaturase,Unmatched,0,0,0
FMDALA_12420 serine/threonine protein kinase,Unmatched,0,0,0
FMDALA_12425 Transposase,Unmatched,0,0,0
FMDALA_12430 ABC transmembrane type-1 domain-containing protein,Unmatched,0,0,0
FMDALA_12435 hypothetical protein,Unmatched,0,0,0
FMDALA_12440 Uma2 domain-containing protein,Unmatched,0,0,0
FMDALA_12445 hypothetical protein,Unmatched,0,0,0
"FMDALA_12450 mRNA-degrading endonuclease YafQ (mRNA interferase), toxin component of the YafQ-DinJ toxin-antitoxin module",Unmatched,0,0,0
FMDALA_12455 arsenosugar biosynthesis arsenite methyltransferase ArsM,Unmatched,0,0,0
FMDALA_12460 arsenosugar biosynthesis radical SAM protein ArsS,Unmatched,0,0,0
FMDALA_12465 DUF3143 domain-containing protein,Unmatched,0,0,0
FMDALA_12470 heat-shock protein,Unmatched,0,0,0
FMDALA_12475 thylakoid membrane photosystem I accumulation factor,Unmatched,0,0,0
"FMDALA_12480 Carbohydrate-selective porin, OprB family",Unmatched,0,0,0
FMDALA_12485 hypothetical protein,Unmatched,0,0,0
"FMDALA_12490 putative toxin-antitoxin system toxin component, PIN family",Unmatched,0,0,0
FMDALA_12495 Gll1112 protein,Unmatched,0,0,0
FMDALA_12500 BrnA antitoxin family protein,Unmatched,0,0,0
FMDALA_12505 CP12 domain-containing protein,Unmatched,0,0,0
FMDALA_12510 hypothetical protein,Unmatched,0,0,0
FMDALA_12515 thioredoxin,Unmatched,0,0,0
FMDALA_12520 Uma2 domain-containing protein,Unmatched,0,0,0
FMDALA_12525 type I restriction endonuclease subunit R,Unmatched,0,0,0
FMDALA_12530 Methylase-S domain-containing protein,Unmatched,0,0,0
FMDALA_12535 Hemolysin XhlA family protein,Unmatched,0,0,0
FMDALA_12540 cysteine synthase A,Unmatched,0,0,0
FMDALA_12545 phosphate starvation-inducible protein PhoH,Unmatched,0,0,0
FMDALA_12550 50S ribosomal protein L20,Unmatched,0,0,0
FMDALA_12555 50S ribosomal protein L35,Unmatched,0,0,0
FMDALA_12560 transaldolase,Unmatched,0,0,0
FMDALA_12565 transposase,Unmatched,0,0,0
FMDALA_12570 phosphomethylpyrimidine synthase,Unmatched,0,0,0
FMDALA_12575 phycobiliprotein lyase,Unmatched,0,0,0
FMDALA_12580 NAD(+) kinase,Unmatched,0,0,0
FMDALA_12585 HAD-IC family P-type ATPase,Unmatched,0,0,0
FMDALA_12590 hypothetical protein,Unmatched,0,0,0
FMDALA_12595 hypothetical protein,Unmatched,0,0,0
FMDALA_12600 metallophosphoesterase,Unmatched,0,0,0
FMDALA_12605 hypothetical protein,Unmatched,0,0,0
FMDALA_12610 ABC transporter transmembrane region,Unmatched,0,0,0
FMDALA_12615 Cysteine desulfurase,Unmatched,0,0,0
FMDALA_12620 transposase,Unmatched,0,0,0
"FMDALA_12625 putative NTPase, NACHT family domain",Unmatched,0,0,0
FMDALA_12630 Type II toxin-antitoxin system RelE/ParE family toxin,Unmatched,0,0,0
FMDALA_12635 hypothetical protein,Unmatched,0,0,0
FMDALA_12640 M23 family peptidase,Unmatched,0,0,0
FMDALA_12645 biotin--[acetyl-CoA-carboxylase] ligase,Unmatched,0,0,0
FMDALA_12650 histidine phosphatase family protein,Unmatched,0,0,0
FMDALA_12655 histidine phosphatase family protein,Unmatched,0,0,0
FMDALA_12660 YraN family protein,Unmatched,0,0,0
FMDALA_12665 DUF3110 domain-containing protein,Unmatched,0,0,0
FMDALA_12670 DUF2996 domain-containing protein,Unmatched,0,0,0
FMDALA_12675 NAD-dependent DNA ligase LigA,Unmatched,0,0,0
FMDALA_12680 Uma2 family endonuclease,Unmatched,0,0,0
FMDALA_12685 Uma2 family endonuclease,Unmatched,0,0,0
FMDALA_12690 Xaa-Pro aminopeptidase,Unmatched,0,0,0
FMDALA_12695 hypothetical protein,Unmatched,0,0,0
FMDALA_12700 Phenazine biosynthesis-like protein,Unmatched,0,0,0
"FMDALA_12705 beta-1,6-galactofuranosyltransferase",Unmatched,0,0,0
FMDALA_12710 Methyltransf-21 domain-containing protein,Unmatched,0,0,0
FMDALA_12715 Putative Cytoplasmic membrane protein,Unmatched,0,0,0
FMDALA_12720 hypothetical protein,Unmatched,0,0,0
FMDALA_12725 hypothetical protein,Unmatched,0,0,0
FMDALA_12730 FkbM family methyltransferase,Unmatched,0,0,0
FMDALA_12735 hypothetical protein,Unmatched,0,0,0
FMDALA_12740 hypothetical protein,Unmatched,0,0,0
FMDALA_12745 Uma2 family endonuclease,Unmatched,0,0,0
FMDALA_12750 metalloprotease,Unmatched,0,0,0
FMDALA_12755 Chlorophyll A-B binding protein,Unmatched,0,0,0
FMDALA_12760 Inhibitor of apoptosis-promoting Bax1,Unmatched,0,0,0
FMDALA_12765 RNA polymerase sigma factor SigC,Unmatched,0,0,0
FMDALA_12770 hypothetical protein,Unmatched,0,0,0
"FMDALA_12775 Glycosyl transferase family, a/b domain-containing protein",Unmatched,0,0,0
FMDALA_12780 LysR family transcriptional regulator,Unmatched,0,0,0
FMDALA_12785 hypothetical protein,Unmatched,0,0,0
FMDALA_12790 IS607 family transposase,Unmatched,0,0,0
FMDALA_12795 HTH-OrfB-IS605 domain-containing protein,Unmatched,0,0,0
FMDALA_12800 transposase,Unmatched,0,0,0
FMDALA_12805 hypothetical protein,Unmatched,0,0,0
FMDALA_12810 amidase,Unmatched,0,0,0
FMDALA_12815 TrkA family potassium uptake protein,Unmatched,0,0,0
FMDALA_12820 ATPase,Unmatched,0,0,0
FMDALA_12825 glycosyltransferase,Unmatched,0,0,0
FMDALA_12830 RNA methyltransferase,Unmatched,0,0,0
FMDALA_12835 serine hydrolase,Unmatched,0,0,0
FMDALA_12840 glutaredoxin family protein,Unmatched,0,0,0
FMDALA_12845 hypothetical protein,Unmatched,0,0,0
FMDALA_12850 tRNA 2-thiouridine(34) synthase MnmA,Unmatched,0,0,0
FMDALA_12855 hypothetical protein,Unmatched,0,0,0
FMDALA_12860 DUF900 domain-containing protein,Unmatched,0,0,0
FMDALA_12865 alpha/beta hydrolase,Unmatched,0,0,0
FMDALA_12870 universal stress protein,Unmatched,0,0,0
FMDALA_12875 Peptidoglycan-binding protein,Unmatched,0,0,0
FMDALA_12880 hypothetical protein,Unmatched,0,0,0
FMDALA_12885 glucose-1-phosphate adenylyltransferase,Unmatched,0,0,0
FMDALA_12890 hypothetical protein,Unmatched,0,0,0
FMDALA_12895 PEP-CTERM sorting domain-containing protein,Unmatched,0,0,0
FMDALA_12900 transporter,Unmatched,0,0,0
FMDALA_12905 hypothetical protein,Unmatched,0,0,0
FMDALA_12910 cytochrome B6,Unmatched,0,0,0
FMDALA_12915 arsenic-transporting ATPase,Unmatched,0,0,0
FMDALA_12920 chlorophyll synthase ChlG,Unmatched,0,0,0
FMDALA_12925 phosphate ABC transporter substrate-binding protein PstS,Unmatched,0,0,0
FMDALA_12930 phosphate ABC transporter permease subunit PstC,Unmatched,0,0,0
FMDALA_12935 phosphate ABC transporter permease PstA,Unmatched,0,0,0
FMDALA_12940 phosphate ABC transporter ATP-binding protein PstB,Unmatched,0,0,0
FMDALA_12945 phosphate ABC transporter ATP-binding protein PstB,Unmatched,0,0,0
FMDALA_12950 ABC transporter permease,Unmatched,0,0,0
FMDALA_12955 ABC transporter permease,Unmatched,0,0,0
FMDALA_12960 hypothetical protein,Unmatched,0,0,0
FMDALA_12965 LPS export ABC transporter ATP-binding protein,Unmatched,0,0,0
FMDALA_12970 molecular chaperone,Unmatched,0,0,0
FMDALA_12975 DUF790 domain-containing protein,Unmatched,0,0,0
FMDALA_12980 Similar to tr|P74219|P74219,Unmatched,0,0,0
FMDALA_12985 glutaredoxin 3,Unmatched,0,0,0
FMDALA_12990 tRNA adenosine(34) deaminase TadA,Unmatched,0,0,0
FMDALA_12995 HigA family addiction module antitoxin,Unmatched,0,0,0
FMDALA_13000 hypothetical protein,Unmatched,0,0,0
FMDALA_13005 recombinase,Unmatched,0,0,0
FMDALA_13010 IscS subfamily cysteine desulfurase,Unmatched,0,0,0
FMDALA_13015 NADH-quinone oxidoreductase subunit M,Unmatched,0,0,0
FMDALA_13020 type I restriction-modification system subunit M,Unmatched,0,0,0
FMDALA_13025 hypothetical protein,Unmatched,0,0,0
FMDALA_13030 PIN domain nuclease,Unmatched,0,0,0
FMDALA_13035 hypothetical protein,Unmatched,0,0,0
"FMDALA_13040 Type I restriction modification system, subunit S",Unmatched,0,0,0
FMDALA_13045 AbrB/MazE/SpoVT family DNA-binding domain-containing protein,Unmatched,0,0,0
"FMDALA_13050 Death on curing protein, Doc toxin",Unmatched,0,0,0
FMDALA_13055 DNA polymerase subunit beta,Unmatched,0,0,0
FMDALA_13060 Ribonuclease HepT-like,Unmatched,0,0,0
FMDALA_13065 hypothetical protein,Unmatched,0,0,0
FMDALA_13070 hypothetical protein,Unmatched,0,0,0
FMDALA_13075 PIN domain nuclease,Unmatched,0,0,0
FMDALA_13080 ATP synthase F1 subunit epsilon,Unmatched,0,0,0
FMDALA_13085 F0F1 ATP synthase subunit beta,Unmatched,0,0,0
FMDALA_13090 hypothetical protein,Unmatched,0,0,0
FMDALA_13095 Ssr0692 protein,Unmatched,0,0,0
FMDALA_13100 hypothetical protein,Unmatched,0,0,0
FMDALA_13105 GNAT family N-acetyltransferase,Unmatched,0,0,0
FMDALA_13110 protein phosphatase,Unmatched,0,0,0
FMDALA_13115 Mobile element protein,Unmatched,0,0,0
FMDALA_13120 membrane protein insertase YidC,Unmatched,0,0,0
FMDALA_13125 ribonuclease P,Unmatched,0,0,0
FMDALA_13130 ribonuclease P protein component,Unmatched,0,0,0
FMDALA_13135 glycogen debranching protein,Unmatched,0,0,0
FMDALA_13140 hydrolase,Unmatched,0,0,0
FMDALA_13145 nucleotide exchange factor GrpE,Unmatched,0,0,0
FMDALA_13150 general secretion pathway protein GspE,Unmatched,0,0,0
FMDALA_13155 hypothetical protein,Unmatched,0,0,0
FMDALA_13160 precorrin-3B synthase,Unmatched,0,0,0
FMDALA_13165 precorrin-8X methylmutase,Unmatched,0,0,0
FMDALA_13170 precorrin-2 C(20)-methyltransferase,Unmatched,0,0,0
FMDALA_13175 POLO box domain-containing protein,Unmatched,0,0,0
FMDALA_13180 hypothetical protein,Unmatched,0,0,0
FMDALA_13185 hypothetical protein,Unmatched,0,0,0
FMDALA_13190 DNA-processing protein DprA,Unmatched,0,0,0
FMDALA_13195 Thioredoxin,Unmatched,0,0,0
FMDALA_13200 thioredoxin,Unmatched,0,0,0
FMDALA_13205 Acetate kinase,Unmatched,0,0,0
FMDALA_13210 Fis family transcriptional regulator,Unmatched,0,0,0
FMDALA_13215 RNA polymerase subunit sigma,Unmatched,0,0,0
FMDALA_13220 fibrillin,Unmatched,0,0,0
FMDALA_13225 phycobilisome protein,Unmatched,0,0,0
FMDALA_13230 RIP metalloprotease RseP,Unmatched,0,0,0
FMDALA_13235 endonuclease III,Unmatched,0,0,0
FMDALA_13240 rhomboid family intramembrane serine protease,Unmatched,0,0,0
FMDALA_13245 antibiotic biosynthesis monooxygenase,Unmatched,0,0,0
FMDALA_13250 NADPH-dependent FMN reductase,Unmatched,0,0,0
FMDALA_13255 dihydroneopterin aldolase,Unmatched,0,0,0
FMDALA_13260 glycosyl transferase family 2,Unmatched,0,0,0
FMDALA_13265 glycosyltransferase,Unmatched,0,0,0
"FMDALA_13270 GDP-mannose 4,6-dehydratase",Unmatched,0,0,0
FMDALA_13275 glycosyl transferase family 1,Unmatched,0,0,0
FMDALA_13280 glycosyltransferase,Unmatched,0,0,0
FMDALA_13285 phycobiliprotein lyase,Unmatched,0,0,0
FMDALA_13290 heavy metal-responsive transcriptional regulator,Unmatched,0,0,0
FMDALA_13295 hypothetical protein,Unmatched,0,0,0
FMDALA_13300 HTH merR-type domain-containing protein,Unmatched,0,0,0
FMDALA_13305 mechanosensitive ion channel protein MscS,Unmatched,0,0,0
FMDALA_13310 nitroreductase,Unmatched,0,0,0
FMDALA_13315 guanylate cyclase,Unmatched,0,0,0
FMDALA_13320 AmpG family muropeptide MFS transporter,Unmatched,0,0,0
FMDALA_13325 GNAT family N-acetyltransferase,Unmatched,0,0,0
FMDALA_13330 LytR family transcriptional regulator,Unmatched,0,0,0
FMDALA_13335 Uma2 family endonuclease,Unmatched,0,0,0
FMDALA_13340 Putative restriction endonuclease,Unmatched,0,0,0
FMDALA_13345 Similar to tr|P73635|P73635,Unmatched,0,0,0
FMDALA_13350 mechanosensitive ion channel protein,Unmatched,0,0,0
FMDALA_13355 saccharopine dehydrogenase,Unmatched,0,0,0
FMDALA_13360 sensor histidine kinase,Unmatched,0,0,0
FMDALA_13365 GHL10 domain-containing protein,Unmatched,0,0,0
FMDALA_13370 N-acetylmuramoyl-L-alanine amidase,Unmatched,0,0,0
FMDALA_13375 LYZ2 domain-containing protein,Unmatched,0,0,0
FMDALA_13380 N-acetylmuramoyl-L-alanine amidase domain-containing protein,Unmatched,0,0,0
FMDALA_13385 LysM domain-containing protein,Unmatched,0,0,0
FMDALA_13390 hypothetical protein,Unmatched,0,0,0
FMDALA_13395 glycoside hydrolase family 75 protein,Unmatched,0,0,0
FMDALA_13400 DUF3616 domain-containing protein,Unmatched,0,0,0
FMDALA_13405 hypothetical protein,Unmatched,0,0,0
FMDALA_13410 hypothetical protein,Unmatched,0,0,0
FMDALA_13415 DUF3616 domain-containing protein,Unmatched,0,0,0
FMDALA_13420 ATP-dependent helicase,Unmatched,0,0,0
FMDALA_13425 SWIM-type domain-containing protein,Unmatched,0,0,0
FMDALA_13430 AAA-15 domain-containing protein,Unmatched,0,0,0
FMDALA_13435 hypothetical protein,Unmatched,0,0,0
FMDALA_13440 potassium transporter TrkA,Unmatched,0,0,0
FMDALA_13445 hypothetical protein,Unmatched,0,0,0
FMDALA_13450 chromosome segregation protein SMC,Unmatched,0,0,0
FMDALA_13455 chaperonin GroEL,Unmatched,0,0,0
FMDALA_13460 ABC-F type ribosomal protection protein,Unmatched,0,0,0
FMDALA_13465 hypothetical protein,Unmatched,0,0,0
FMDALA_13470 hypothetical protein,Unmatched,0,0,0
FMDALA_13475 hypothetical protein,Unmatched,0,0,0
FMDALA_13480 HPP family protein,Unmatched,0,0,0
FMDALA_13485 Killer protein,Unmatched,0,0,0
FMDALA_13490 HigA family addiction module antitoxin,Unmatched,0,0,0
FMDALA_13495 folate/biopterin family MFS transporter,Unmatched,0,0,0
FMDALA_13500 hypothetical protein,Unmatched,0,0,0
FMDALA_13505 P/Homo B domain-containing protein,Unmatched,0,0,0
FMDALA_13510 glutamine synthetase type III,Unmatched,0,0,0
"FMDALA_13515 Apocarotenoid-15,15'-oxygenase",Unmatched,0,0,0
FMDALA_13520 DUF1092 domain-containing protein,Unmatched,0,0,0
FMDALA_13525 glycosyltransferase,Unmatched,0,0,0
FMDALA_13530 DUF3593 domain-containing protein,Unmatched,0,0,0
FMDALA_13535 DUF2499 domain-containing protein,Unmatched,0,0,0
FMDALA_13540 glutathione synthase,Unmatched,0,0,0
FMDALA_13545 glutaredoxin 3,Unmatched,0,0,0
FMDALA_13550 Similar to tr|Q8YVB9|Q8YVB9,Unmatched,0,0,0
FMDALA_13555 hypothetical protein,Unmatched,0,0,0
FMDALA_13560 YGGT family,Unmatched,0,0,0
FMDALA_13565 50S ribosomal protein L9,Unmatched,0,0,0
FMDALA_13570 Chromophore lyase CpcT/CpeT 1,Unmatched,0,0,0
FMDALA_13575 exodeoxyribonuclease III,Unmatched,0,0,0
FMDALA_13580 hypothetical protein,Unmatched,0,0,0
FMDALA_13585 hypothetical protein,Unmatched,0,0,0
FMDALA_13590 beta-carotene hydroxylase,Unmatched,0,0,0
FMDALA_13595 Transcriptional regulator,Unmatched,0,0,0
FMDALA_13600 type II toxin-antitoxin system HigB family toxin,Unmatched,0,0,0
FMDALA_13605 PEP-CTERM domain-containing protein,Unmatched,0,0,0
FMDALA_13610 hypothetical protein,Unmatched,0,0,0
FMDALA_13615 PEP-CTERM domain-containing protein,Unmatched,0,0,0
FMDALA_13620 nucleotidyltransferase,Unmatched,0,0,0
FMDALA_13625 hypothetical protein,Unmatched,0,0,0
FMDALA_13630 glutamate synthase large subunit,Unmatched,0,0,0
FMDALA_13635 hypothetical protein,Unmatched,0,0,0
FMDALA_13640 hypothetical protein,Unmatched,0,0,0
"FMDALA_13645 putative toxin-antitoxin system toxin component, PIN family",Unmatched,0,0,0
FMDALA_13650 hypothetical protein,Unmatched,0,0,0
FMDALA_13655 hypothetical protein,Unmatched,0,0,0
FMDALA_13660 nucleic acid-binding protein,Unmatched,0,0,0
FMDALA_13665 hypothetical protein,Unmatched,0,0,0
"FMDALA_13670 putative toxin-antitoxin system toxin component, PIN family",Unmatched,0,0,0
FMDALA_13675 hypothetical protein,Unmatched,0,0,0
FMDALA_13680 hypothetical protein,Unmatched,0,0,0
"FMDALA_13685 putative toxin-antitoxin system toxin component, PIN family",Unmatched,0,0,0
FMDALA_13690 hypothetical protein,Unmatched,0,0,0
FMDALA_13695 hypothetical protein,Unmatched,0,0,0
FMDALA_13700 alpha/beta hydrolase,Unmatched,0,0,0
FMDALA_13705 flavin-dependent dehydrogenase,Unmatched,0,0,0
FMDALA_13710 hypothetical protein,Unmatched,0,0,0
FMDALA_13715 Similar to tr|P73018|P73018,Unmatched,0,0,0
FMDALA_13720 spore germination protein,Unmatched,0,0,0
FMDALA_13725 mechanosensitive ion channel protein MscS,Unmatched,0,0,0
FMDALA_13730 Cytochrome c-553-like,Unmatched,0,0,0
"FMDALA_13735 O-linked N-acetylglucosamine transferase, SPINDLY family protein",Unmatched,0,0,0
"FMDALA_13740 O-linked N-acetylglucosamine transferase, SPINDLY family protein",Unmatched,0,0,0
"FMDALA_13745 O-linked N-acetylglucosamine transferase, SPINDLY family protein",Unmatched,0,0,0
"FMDALA_13750 O-linked N-acetylglucosamine transferase, SPINDLY family protein",Unmatched,0,0,0
FMDALA_13755 NAD-dependent malic enzyme,Unmatched,0,0,0
FMDALA_13760 D-alanyl-D-alanine carboxypeptidase,Unmatched,0,0,0
FMDALA_13765 hypothetical protein,Unmatched,0,0,0
FMDALA_13770 hypothetical protein,Unmatched,0,0,0
FMDALA_13775 hypothetical protein,Unmatched,0,0,0
FMDALA_13780 lipase,Unmatched,0,0,0
FMDALA_13785 DUF4164 domain-containing protein,Unmatched,0,0,0
FMDALA_13790 site-2 protease family protein,Unmatched,0,0,0
FMDALA_13795 N-acetylmuramic acid 6-phosphate etherase,Unmatched,0,0,0
FMDALA_13800 50S ribosomal protein L21,Unmatched,0,0,0
FMDALA_13805 50S ribosomal protein L27,Unmatched,0,0,0
FMDALA_13810 6-phosphofructokinase,Unmatched,0,0,0
FMDALA_13815 dihydroorotate dehydrogenase,Unmatched,0,0,0
FMDALA_13820 hypothetical protein,Unmatched,0,0,0
FMDALA_13825 DDE-Tnp-ISL3 domain-containing protein,Unmatched,0,0,0
FMDALA_13830 hypothetical protein,Unmatched,0,0,0
FMDALA_13835 phosphatase,Unmatched,0,0,0
FMDALA_13840 translation initiation factor IF-3,Unmatched,0,0,0
FMDALA_13845 ATPase,Unmatched,0,0,0
FMDALA_13850 hypothetical protein,Unmatched,0,0,0
FMDALA_13855 leucyl aminopeptidase,Unmatched,0,0,0
FMDALA_13865 NAD synthetase,Unmatched,0,0,0
FMDALA_13870 pyridine nucleotide transhydrogenase,Unmatched,0,0,0
FMDALA_13875 Re/Si-specific NAD(P)(+) transhydrogenase subunit alpha,Unmatched,0,0,0
FMDALA_13880 HTH cro/C1-type domain-containing protein,Unmatched,0,0,0
FMDALA_13885 hypothetical protein,Unmatched,0,0,0
FMDALA_13890 PspA/IM30 family,Unmatched,0,0,0
FMDALA_13895 PspA/IM30 family,Unmatched,0,0,0
FMDALA_13900 phage shock protein A,Unmatched,0,0,0
FMDALA_13905 hypothetical protein,Unmatched,0,0,0
FMDALA_13910 DUF721 domain-containing protein,Unmatched,0,0,0
FMDALA_13915 hypothetical protein,Unmatched,0,0,0
FMDALA_13920 glycosyl transferase family 2,Unmatched,0,0,0
FMDALA_13925 flagellar biosynthesis protein FlgM,Unmatched,0,0,0
FMDALA_13930 prolipoprotein diacylglyceryl transferase,Unmatched,0,0,0
FMDALA_13935 tRNA-Leu(tag),Unmatched,0,0,0
FMDALA_13940 Uma2 family endonuclease,Unmatched,0,0,0
FMDALA_13945 ATP-dependent chaperone ClpB,Unmatched,0,0,0
FMDALA_13950 transketolase,Unmatched,0,0,0
FMDALA_13955 HypC/HybG/HupF family hydrogenase formation chaperone,Unmatched,0,0,0
FMDALA_13960 hydrogenase formation protein HypD,Unmatched,0,0,0
FMDALA_13965 hypothetical protein,Unmatched,0,0,0
FMDALA_13970 HNH endonuclease,Unmatched,0,0,0
FMDALA_13975 Choice-of-anchor C family protein,Unmatched,0,0,0
FMDALA_13980 diguanylate cyclase,Unmatched,0,0,0
FMDALA_13985 Transposase,Unmatched,0,0,0
FMDALA_13990 amino acid ABC transporter substrate-binding protein,Unmatched,0,0,0
FMDALA_13995 carboxyl-terminal protease,Unmatched,0,0,0
"FMDALA_14000 cobyrinate a,c-diamide synthase",Unmatched,0,0,0
FMDALA_14005 hypothetical protein,Unmatched,0,0,0
FMDALA_14010 Alkyl/aryl-sulfatase BDS1,Unmatched,0,0,0
FMDALA_14015 hypothetical protein,Unmatched,0,0,0
FMDALA_14020 hypothetical protein,Unmatched,0,0,0
FMDALA_14025 hypothetical protein,Unmatched,0,0,0
FMDALA_14030 glutamine--fructose-6-phosphate transaminase (isomerizing),Unmatched,0,0,0
FMDALA_14035 Tetratricopeptide repeat family protein,Unmatched,0,0,0
FMDALA_14040 ATP-dependent zinc metalloprotease FtsH4,Unmatched,0,0,0
FMDALA_14045 LysR family transcriptional regulator,Unmatched,0,0,0
FMDALA_14050 Bicarbonate transporter BicA,Unmatched,0,0,0
FMDALA_14055 sodium:proton antiporter,Unmatched,0,0,0
FMDALA_14060 hypothetical protein,Unmatched,0,0,0
FMDALA_14065 DUF4926 domain-containing protein,Unmatched,0,0,0
FMDALA_14070 hypothetical protein,Unmatched,0,0,0
FMDALA_14075 HNH endonuclease,Unmatched,0,0,0
FMDALA_14080 STAS/SEC14 domain-containing protein,Unmatched,0,0,0
"FMDALA_14085 HicA toxin of bacterial toxin-antitoxin,",Unmatched,0,0,0
FMDALA_14090 hypothetical protein,Unmatched,0,0,0
FMDALA_14095 DUF3782 domain-containing protein,Unmatched,0,0,0
FMDALA_14100 PEP-CTERM domain-containing protein,Unmatched,0,0,0
FMDALA_14105 hypothetical protein,Unmatched,0,0,0
FMDALA_14110 hypothetical protein,Unmatched,0,0,0
FMDALA_14115 hypothetical protein,Unmatched,0,0,0
FMDALA_14120 hypothetical protein,Unmatched,0,0,0
FMDALA_14130 TetR/AcrR family transcriptional regulator,Unmatched,0,0,0
FMDALA_14135 Group II intron reverse transcriptase/maturase,Unmatched,0,0,0
FMDALA_14140 DNA (cytosine-5-)-methyltransferase,Unmatched,0,0,0
FMDALA_14145 restriction endonuclease subunit R,Unmatched,0,0,0
FMDALA_14150 primosomal protein,Unmatched,0,0,0
FMDALA_14155 EVE domain-containing protein,Unmatched,0,0,0
FMDALA_14160 Pentapeptide repeat family protein,Unmatched,0,0,0
FMDALA_14165 DUF6345 domain-containing protein,Unmatched,0,0,0
FMDALA_14170 metalloprotease,Unmatched,0,0,0
"FMDALA_14175 DNA-binding response regulator, NarL/FixJ family, contains REC and HTH domains",Unmatched,0,0,0
FMDALA_14180 PEP-CTERM sorting domain-containing protein,Unmatched,0,0,0
FMDALA_14185 ATPase,Unmatched,0,0,0
FMDALA_14190 hypothetical protein,Unmatched,0,0,0
FMDALA_14195 ATPase,Unmatched,0,0,0
FMDALA_14200 DUF262 domain-containing protein,Unmatched,0,0,0
FMDALA_14205 HEPN-MAE-28990 domain-containing protein,Unmatched,0,0,0
FMDALA_14210 DUF262 domain-containing protein,Unmatched,0,0,0
FMDALA_14220 Recombinational DNA repair ATPase RecF,Unmatched,0,0,0
FMDALA_14225 putative ATP-binding protein involved in virulence,Unmatched,0,0,0
FMDALA_14230 DUF4435 domain-containing protein,Unmatched,0,0,0
FMDALA_14235 ribulose bisphosphate carboxylase small subunit,Unmatched,0,0,0
FMDALA_14240 RbcX chaperonin protein,Unmatched,0,0,0
FMDALA_14245 Ribulose bisphosphate carboxylase large chain,Unmatched,0,0,0
FMDALA_14250 carbon dioxide concentrating mechanism protein,Unmatched,0,0,0
FMDALA_14255 carbon dioxide concentrating mechanism protein CcmM,Unmatched,0,0,0
FMDALA_14260 carbon dioxide concentrating mechanism protein CcmL,Unmatched,0,0,0
FMDALA_14265 Carboxysome shell protein CcmK,Unmatched,0,0,0
FMDALA_14270 carbon dioxide-concentrating protein CcmK,Unmatched,0,0,0
FMDALA_14275 Nif11-like leader peptide family natural product precursor,Unmatched,0,0,0
FMDALA_14280 tRNA (N6-isopentenyl adenosine(37)-C2)-methylthiotransferase MiaB,Unmatched,0,0,0
FMDALA_14285 DUF2358 domain-containing protein,Unmatched,0,0,0
FMDALA_14290 DUF697 domain-containing protein,Unmatched,0,0,0
FMDALA_14295 50S ribosomal protein L33,Unmatched,0,0,0
FMDALA_14300 30S ribosomal protein S18,Unmatched,0,0,0
FMDALA_14305 ATPase,Unmatched,0,0,0
FMDALA_14310 tRNA-Phe(gaa),Unmatched,0,0,0
FMDALA_14315 HEAT domain-containing protein,Unmatched,0,0,0
FMDALA_14320 aromatic acid decarboxylase,Unmatched,0,0,0
FMDALA_14325 hypothetical protein,Unmatched,0,0,0
FMDALA_14330 hypothetical protein,Unmatched,0,0,0
FMDALA_14335 Aminotransferase class III-fold pyridoxal phosphate-dependent enzyme,Unmatched,0,0,0
FMDALA_14340 hypothetical protein,Unmatched,0,0,0
"FMDALA_14345 Putative transcriptional regulator, XRE family",Unmatched,0,0,0
FMDALA_14350 PINc domain-containing protein,Unmatched,0,0,0
FMDALA_14355 HTH-17 domain-containing protein,Unmatched,0,0,0
FMDALA_14360 PINc domain-containing protein,Unmatched,0,0,0
FMDALA_14365 hypothetical protein,Unmatched,0,0,0
FMDALA_14370 arginine--tRNA ligase,Unmatched,0,0,0
FMDALA_14375 PIN domain nuclease,Unmatched,0,0,0
FMDALA_14380 DUF2281 domain-containing protein,Unmatched,0,0,0
"FMDALA_14385 2-C-methyl-D-erythritol 2,4-cyclodiphosphate synthase",Unmatched,0,0,0
FMDALA_14390 hypothetical protein,Unmatched,0,0,0
FMDALA_14395 HicB family protein,Unmatched,0,0,0
"FMDALA_14400 addiction module toxin, HicA family",Unmatched,0,0,0
FMDALA_14405 Recombination-promoting DNA endonuclease RpnC/YadD,Unmatched,0,0,0
FMDALA_14410 modification methylase,Unmatched,0,0,0
FMDALA_14415 hypothetical protein,Unmatched,0,0,0
FMDALA_14420 Toxin-antitoxin system HicB family antitoxin,Unmatched,0,0,0
FMDALA_14425 hypothetical protein,Unmatched,0,0,0
FMDALA_14430 acetyl-CoA carboxylase carboxyl transferase subunit alpha,Unmatched,0,0,0
FMDALA_14435 hypothetical protein,Unmatched,0,0,0
FMDALA_14440 O-acetylhomoserine aminocarboxypropyltransferase,Unmatched,0,0,0
FMDALA_14445 PEP-CTERM sorting domain-containing protein,Unmatched,0,0,0
FMDALA_14450 band 7 protein,Unmatched,0,0,0
FMDALA_14455 DUF202 domain-containing protein,Unmatched,0,0,0
FMDALA_14460 hypothetical protein,Unmatched,0,0,0
FMDALA_14465 Integral membrane protein TerC family,Unmatched,0,0,0
FMDALA_14470 pentapeptide repeat-containing protein,Unmatched,0,0,0
FMDALA_14475 hypothetical protein,Unmatched,0,0,0
FMDALA_14480 Transposase,Unmatched,0,0,0
FMDALA_14485 hypothetical protein,Unmatched,0,0,0
FMDALA_14490 phosphate ABC transporter substrate-binding protein,Unmatched,0,0,0
FMDALA_14495 hypothetical protein,Unmatched,0,0,0
FMDALA_14500 preQ(1) synthase,Unmatched,0,0,0
FMDALA_14505 hydrolase,Unmatched,0,0,0
FMDALA_14510 MEKHLA domain-containing protein,Unmatched,0,0,0
FMDALA_14515 orotidine-5'-phosphate decarboxylase,Unmatched,0,0,0
FMDALA_14520 hypothetical protein,Unmatched,0,0,0
FMDALA_14525 peptide chain release factor N(5)-glutamine methyltransferase,Unmatched,0,0,0
FMDALA_14530 Tic22-like family,Unmatched,0,0,0
FMDALA_14535 hypothetical protein,Unmatched,0,0,0
FMDALA_14540 S-methyl-5-thioribose-1-phosphate isomerase,Unmatched,0,0,0
FMDALA_14545 hypothetical protein,Unmatched,0,0,0
FMDALA_14550 DNA-binding response regulator,Unmatched,0,0,0
FMDALA_14555 phosphoribulokinase,Unmatched,0,0,0
FMDALA_14560 alcohol dehydrogenase,Unmatched,0,0,0
FMDALA_14565 Putative restriction endonuclease,Unmatched,0,0,0
FMDALA_14570 Glutamine synthetase inactivating factor IF7,Unmatched,0,0,0
FMDALA_14575 hypothetical protein,Unmatched,0,0,0
FMDALA_14580 bifunctional ADP-dependent NAD(P)H-hydrate dehydratase/NAD(P)H-hydrate epimerase,Unmatched,0,0,0
FMDALA_14585 aspartate kinase,Unmatched,0,0,0
FMDALA_14590 hypothetical protein,Unmatched,0,0,0
FMDALA_14595 hypothetical protein,Unmatched,0,0,0
FMDALA_14600 hypothetical protein,Unmatched,0,0,0
FMDALA_14605 ATPase-AAA-core domain-containing protein,Unmatched,0,0,0
FMDALA_14610 hypothetical protein,Unmatched,0,0,0
FMDALA_14615 alpha/beta hydrolase,Unmatched,0,0,0
FMDALA_14620 hypothetical protein,Unmatched,0,0,0
FMDALA_14625 iron-sulfur cluster assembly accessory protein,Unmatched,0,0,0
FMDALA_14630 phospho-N-acetylmuramoyl-pentapeptide-transferase,Unmatched,0,0,0
FMDALA_14635 DUF3134 domain-containing protein,Unmatched,0,0,0
FMDALA_14640 8-oxo-dGTP diphosphatase MutT,Unmatched,0,0,0
FMDALA_14645 30S ribosomal protein PSRP-3,Unmatched,0,0,0
FMDALA_14650 ISAs1 family transposase,Unmatched,0,0,0
FMDALA_14655 Secreted effector protein PipB2,Unmatched,0,0,0
FMDALA_14660 exopolyphosphatase,Unmatched,0,0,0
FMDALA_14665 DUF1400 domain-containing protein,Unmatched,0,0,0
FMDALA_14670 DUF3082 domain-containing protein,Unmatched,0,0,0
FMDALA_14675 hypothetical protein,Unmatched,0,0,0
FMDALA_14680 DNA (cytosine-5-)-methyltransferase,Unmatched,0,0,0
FMDALA_14685 hypothetical protein,Unmatched,0,0,0
FMDALA_14690 tRNA (uridine(34)/cytosine(34)/5-carboxymethylaminomethyluridine(34)-2'-O)-methyltransferase TrmL,Unmatched,0,0,0
FMDALA_14695 Prepilin-type cleavage/methylation domain-containing protein,Unmatched,0,0,0
FMDALA_14700 chromosome partitioning protein ParA,Unmatched,0,0,0
FMDALA_14705 ferredoxin:protochlorophyllide reductase (ATP-dependent) subunit B,Unmatched,0,0,0
FMDALA_14710 Putative S-adenosyl-L-methionine-dependent methyltransferase,Unmatched,0,0,0
FMDALA_14715 lipoyl synthase,Unmatched,0,0,0
FMDALA_14720 mechanosensitive ion channel family protein,Unmatched,0,0,0
FMDALA_14725 Grx4 family monothiol glutaredoxin,Unmatched,0,0,0
FMDALA_14730 DNA polymerase III subunit gamma/tau,Unmatched,0,0,0
FMDALA_14735 nitrate reductase catalytic subunit,Unmatched,0,0,0
FMDALA_14740 ATPase,Unmatched,0,0,0
FMDALA_14745 AbrB family transcriptional regulator,Unmatched,0,0,0
FMDALA_14750 PINc domain-containing protein,Unmatched,0,0,0
FMDALA_14755 hypothetical protein,Unmatched,0,0,0
FMDALA_14760 hypothetical protein,Unmatched,0,0,0
FMDALA_14765 hypothetical protein,Unmatched,0,0,0
FMDALA_14770 glycosyltransferase,Unmatched,0,0,0
FMDALA_14775 mannosyltransferase,Unmatched,0,0,0
FMDALA_14780 DUF1698 domain-containing protein,Unmatched,0,0,0
FMDALA_14785 serine/threonine protein kinase,Unmatched,0,0,0
FMDALA_14790 sulfonate ABC transporter permease,Unmatched,0,0,0
FMDALA_14795 hypothetical protein,Unmatched,0,0,0
FMDALA_14800 glycosyl transferase,Unmatched,0,0,0
FMDALA_14805 hypothetical protein,Unmatched,0,0,0
FMDALA_14810 hypothetical protein,Unmatched,0,0,0
FMDALA_14815 phycocyanin alpha phycocyanobilin lyase,Unmatched,0,0,0
FMDALA_14820 phycobiliprotein lyase,Unmatched,0,0,0
FMDALA_14825 hypothetical protein,Unmatched,0,0,0
FMDALA_14830 DUF1517 domain-containing protein,Unmatched,0,0,0
FMDALA_14835 adenosyl-hopene transferase HpnH,Unmatched,0,0,0
FMDALA_14840 histidine kinase,Unmatched,0,0,0
FMDALA_14845 nucleoside-diphosphate kinase,Unmatched,0,0,0
FMDALA_14850 creatinine amidohydrolase,Unmatched,0,0,0
FMDALA_14855 hypothetical protein,Unmatched,0,0,0
FMDALA_14860 Glycosyl transferase family 41,Unmatched,0,0,0
FMDALA_14865 Fe(3+) ABC transporter substrate-binding protein,Unmatched,0,0,0
FMDALA_14870 DUF455 domain-containing protein,Unmatched,0,0,0
FMDALA_14875 pentapeptide repeat-containing protein,Unmatched,0,0,0
FMDALA_14880 Putative restriction endonuclease,Unmatched,0,0,0
FMDALA_14885 DNA-binding response regulator,Unmatched,0,0,0
FMDALA_14890 histidine kinase,Unmatched,0,0,0
FMDALA_14895 Dolichyl-phosphate-mannose-protein mannosyltransferase,Unmatched,0,0,0
FMDALA_14900 low-complexity protein,Unmatched,0,0,0
FMDALA_14905 ACP S-malonyltransferase,Unmatched,0,0,0
FMDALA_14910 3-oxoacyl-[acyl-carrier-protein] synthase 3,Unmatched,0,0,0
FMDALA_14915 phosphate acyltransferase PlsX,Unmatched,0,0,0
FMDALA_14920 D-alanyl-D-alanine carboxypeptidase/D-alanyl-D-alanine-endopeptidase,Unmatched,0,0,0
FMDALA_14925 N-acetyl-gamma-glutamyl-phosphate reductase,Unmatched,0,0,0
FMDALA_14930 DUF3146 domain-containing protein,Unmatched,0,0,0
FMDALA_14935 TIGR00341 family protein,Unmatched,0,0,0
FMDALA_14940 hypothetical protein,Unmatched,0,0,0
FMDALA_14945 50S ribosomal protein L25/general stress protein Ctc,Unmatched,0,0,0
FMDALA_14950 adenylosuccinate synthase,Unmatched,0,0,0
FMDALA_14955 SGNH domain-containing protein,Unmatched,0,0,0
FMDALA_14960 hypothetical protein,Unmatched,0,0,0
FMDALA_14965 hypothetical protein,Unmatched,0,0,0
FMDALA_14970 HEAT repeat domain-containing protein,Unmatched,0,0,0
FMDALA_14975 L-aspartate oxidase,Unmatched,0,0,0
FMDALA_14980 photosystem II complex extrinsic protein PsbU,Unmatched,0,0,0
FMDALA_14985 peroxiredoxin,Unmatched,0,0,0
FMDALA_14990 ferredoxin,Unmatched,0,0,0
FMDALA_14995 tRNA-Tyr(gta),Unmatched,0,0,0
FMDALA_15000 tRNA-Thr(ggt),Unmatched,0,0,0
FMDALA_15005 alpha-mannosidase,Unmatched,0,0,0
FMDALA_15010 photosystem II reaction center protein PsbN,Unmatched,0,0,0
FMDALA_15015 16S rRNA (cytosine(1402)-N(4))-methyltransferase RsmH,Unmatched,0,0,0
"FMDALA_15020 threonine ammonia-lyase, biosynthetic",Unmatched,0,0,0
FMDALA_15025 cobalt ABC transporter ATP-binding protein,Unmatched,0,0,0
FMDALA_15030 cobalt ECF transporter T component CbiQ,Unmatched,0,0,0
FMDALA_15035 nucleic acid-binding protein,Unmatched,0,0,0
FMDALA_15040 prevent-host-death protein,Unmatched,0,0,0
"FMDALA_15045 type II toxin-antitoxin system mRNA interferase toxin, RelE/StbE family",Unmatched,0,0,0
FMDALA_15050 PEP-CTERM domain-containing protein,Unmatched,0,0,0
FMDALA_15055 hypothetical protein,Unmatched,0,0,0
FMDALA_15060 dTDP-glucose 46-dehydratase,Unmatched,0,0,0
FMDALA_15065 GDP-6-deoxy-D-mannose reductase,Unmatched,0,0,0
FMDALA_15070 Methyltransf-21 domain-containing protein,Unmatched,0,0,0
FMDALA_15075 transketolase,Unmatched,0,0,0
FMDALA_15080 transketolase,Unmatched,0,0,0
FMDALA_15085 polysaccharide biosynthesis protein GtrA,Unmatched,0,0,0
FMDALA_15090 Glycosyl transferase family 2,Unmatched,0,0,0
FMDALA_15095 hypothetical protein,Unmatched,0,0,0
FMDALA_15100 hypothetical protein,Unmatched,0,0,0
"FMDALA_15105 precorrin-6Y C5,15-methyltransferase subunit CbiT",Unmatched,0,0,0
FMDALA_15110 phosphatidate cytidylyltransferase,Unmatched,0,0,0
FMDALA_15115 uroporphyrinogen-III C-methyltransferase,Unmatched,0,0,0
FMDALA_15120 Cell division trigger factor,Unmatched,0,0,0
FMDALA_15125 carbon dioxide-concentrating protein CcmK,Unmatched,0,0,0
FMDALA_15130 carbon dioxide-concentrating mechanism protein CcmK,Unmatched,0,0,0
FMDALA_15135 peptide-methionine (S)-S-oxide reductase,Unmatched,0,0,0
FMDALA_15140 3-methyl-2-oxobutanoate hydroxymethyltransferase,Unmatched,0,0,0
FMDALA_15145 magnesium protoporphyrin IX methyltransferase,Unmatched,0,0,0
FMDALA_15150 pyruvate kinase,Unmatched,0,0,0
FMDALA_15155 molybdate ABC transporter substrate-binding protein,Unmatched,0,0,0
FMDALA_15160 molybdate ABC transporter permease subunit,Unmatched,0,0,0
FMDALA_15165 sodium:proton antiporter,Unmatched,0,0,0
FMDALA_15170 N-acetylmuramoyl-L-alanine amidase,Unmatched,0,0,0
FMDALA_15175 glutamate racemase,Unmatched,0,0,0
FMDALA_15180 hypothetical protein,Unmatched,0,0,0
FMDALA_15185 glycogen phosphorylase,Unmatched,0,0,0
FMDALA_15190 hypothetical protein,Unmatched,0,0,0
FMDALA_15195 hypothetical protein,Unmatched,0,0,0
FMDALA_15200 DUF2283 domain-containing protein,Unmatched,0,0,0
FMDALA_15205 DUF4258 domain-containing protein,Unmatched,0,0,0
"FMDALA_15210 UDP-N-acetylmuramoyl-L-alanyl-D-glutamate--2,6-diaminopimelate ligase",Unmatched,0,0,0
FMDALA_15215 DUF4079 domain-containing protein,Unmatched,0,0,0
FMDALA_15220 EF-hand domain-containing protein,Unmatched,0,0,0
FMDALA_15225 glycosyl transferase 2 family protein,Unmatched,0,0,0
FMDALA_15230 hypothetical protein,Unmatched,0,0,0
FMDALA_15235 pentapeptide repeat-containing protein,Unmatched,0,0,0
FMDALA_15240 bifunctional ornithine acetyltransferase/N-acetylglutamate synthase,Unmatched,0,0,0
FMDALA_15245 peptide chain release factor 1,Unmatched,0,0,0
FMDALA_15250 Polyribonucleotide nucleotidyltransferase,Unmatched,0,0,0
FMDALA_15255 30S ribosomal protein S14,Unmatched,0,0,0
FMDALA_15260 NUDIX hydrolase,Unmatched,0,0,0
FMDALA_15265 photosystem II reaction center protein PsbM,Unmatched,0,0,0
FMDALA_15270 histidine kinase,Unmatched,0,0,0
FMDALA_15275 multidrug ABC transporter ATP-binding protein,Unmatched,0,0,0
FMDALA_15280 D-alanyl-D-alanine carboxypeptidase/D-alanyl-D-alanine-endopeptidase,Unmatched,0,0,0
FMDALA_15285 DUF6761 domain-containing protein,Unmatched,0,0,0
FMDALA_15290 hypothetical protein,Unmatched,0,0,0
FMDALA_15295 peptidase M48,Unmatched,0,0,0
FMDALA_15300 glycosyl transferase,Unmatched,0,0,0
FMDALA_15305 hypothetical protein,Unmatched,0,0,0
FMDALA_15310 nickel import ATP-binding protein NikD,Unmatched,0,0,0
FMDALA_15315 heterocyst frequency control protein PatD,Unmatched,0,0,0
FMDALA_15320 (p)ppGpp synthetase,Unmatched,0,0,0
FMDALA_15325 glycosyl transferase family 4,Unmatched,0,0,0
FMDALA_15330 3-isopropylmalate dehydratase large subunit,Unmatched,0,0,0
FMDALA_15335 biosynthetic-type acetolactate synthase large subunit,Unmatched,0,0,0
FMDALA_15340 dethiobiotin synthase,Unmatched,0,0,0
FMDALA_15345 Site-specific DNA-methyltransferase (adenine-specific),Unmatched,0,0,0
FMDALA_15360 hypothetical protein,Unmatched,0,0,0
FMDALA_15375 diflavin flavoprotein A,Unmatched,0,0,0
FMDALA_15380 hypothetical protein,Unmatched,0,0,0
FMDALA_15385 hypothetical protein,Unmatched,0,0,0
FMDALA_15390 hypothetical protein,Unmatched,0,0,0
FMDALA_15395 glutamyl-tRNA reductase,Unmatched,0,0,0
FMDALA_15400 class II fructose-bisphosphatase,Unmatched,0,0,0
FMDALA_15405 glyoxalase/bleomycin resistance/extradiol dioxygenase family protein,Unmatched,0,0,0
FMDALA_15410 hypothetical protein,Unmatched,0,0,0
FMDALA_15415 TIGR02652 family protein,Unmatched,0,0,0
FMDALA_15420 gamma carbonic anhydrase family protein,Unmatched,0,0,0
FMDALA_15425 photosystem II protein Y,Unmatched,0,0,0
FMDALA_15430 FAD-linked oxidase,Unmatched,0,0,0
FMDALA_15435 Leishmanolysin,Unmatched,0,0,0
FMDALA_15440 hypothetical protein,Unmatched,0,0,0
FMDALA_15445 DUF4127 domain-containing protein,Unmatched,0,0,0
FMDALA_15450 hypothetical protein,Unmatched,0,0,0
FMDALA_15455 cation transporter,Unmatched,0,0,0
FMDALA_15460 hypothetical protein,Unmatched,0,0,0
"FMDALA_15465 Cell wall-associated hydrolase, NlpC_P60 family",Unmatched,0,0,0
FMDALA_15470 LytR family transcriptional regulator,Unmatched,0,0,0
FMDALA_15475 Pentapeptide repeat-containing protein,Unmatched,0,0,0
FMDALA_15480 aminodeoxychorismate/anthranilate synthase component II,Unmatched,0,0,0
FMDALA_15485 Zn-dependent hydrolase,Unmatched,0,0,0
FMDALA_15490 iron ABC transporter permease,Unmatched,0,0,0
FMDALA_15495 Photosystem I reaction center subunit II,Unmatched,0,0,0
FMDALA_15500 anthranilate synthase component I,Unmatched,0,0,0
FMDALA_15505 Type II secretion system protein,Unmatched,0,0,0
FMDALA_15510 lactoylglutathione lyase,Unmatched,0,0,0
FMDALA_15515 adenylate cyclase,Unmatched,0,0,0
FMDALA_15520 transcription antitermination factor NusB,Unmatched,0,0,0
FMDALA_15525 helicase,Unmatched,0,0,0
FMDALA_15530 protoporphyrinogen oxidase HemJ,Unmatched,0,0,0
FMDALA_15535 hypothetical protein,Unmatched,0,0,0
FMDALA_15540 UDP-N-acetylmuramoyl-tripeptide--D-alanyl-D-alanine ligase,Unmatched,0,0,0
FMDALA_15545 hypothetical protein,Unmatched,0,0,0
FMDALA_15550 phosphoribosylamine--glycine ligase,Unmatched,0,0,0
FMDALA_15555 glycosyltransferase WbuB,Unmatched,0,0,0
FMDALA_15560 CPBP family intramembrane metalloprotease domain-containing protein,Unmatched,0,0,0
FMDALA_15565 iron-sulfur cluster biosynthesis transcriptional regulator SufR,Unmatched,0,0,0
FMDALA_15570 Fe-S cluster assembly protein SufB,Unmatched,0,0,0
FMDALA_15575 Fe-S cluster assembly ATPase SufC,Unmatched,0,0,0
FMDALA_15605 Glucosyl transferase GtrII,Unmatched,0,0,0
FMDALA_15610 carbonic anhydrase,Unmatched,0,0,0
FMDALA_15615 photosystem II reaction center protein PsbN,Unmatched,0,0,0
FMDALA_15620 Methyltranfer-dom domain-containing protein,Unmatched,0,0,0
FMDALA_15625 hypothetical protein,Unmatched,0,0,0
FMDALA_15630 transposase,Unmatched,0,0,0
FMDALA_15635 Glycosyltransferase family 87,Unmatched,0,0,0
FMDALA_15640 Gas vesicle structural protein,Unmatched,0,0,0
FMDALA_15645 Calcium-binding protein,Unmatched,0,0,0
FMDALA_15650 NADP-dependent isocitrate dehydrogenase,Unmatched,0,0,0
FMDALA_15655 hypothetical protein,Unmatched,0,0,0
FMDALA_15660 hypothetical protein,Unmatched,0,0,0
FMDALA_15665 Putative restriction endonuclease,Unmatched,0,0,0
FMDALA_15670 hypothetical protein,Unmatched,0,0,0
FMDALA_15675 hypothetical protein,Unmatched,0,0,0
FMDALA_15680 hypothetical protein,Unmatched,0,0,0
FMDALA_15685 Putative restriction endonuclease,Unmatched,0,0,0
FMDALA_15690 Peptidase S74 domain-containing protein,Unmatched,0,0,0
FMDALA_15695 hypothetical protein,Unmatched,0,0,0
FMDALA_15700 hypothetical protein,Unmatched,0,0,0
FMDALA_15705 Baseplate J-like protein,Unmatched,0,0,0
FMDALA_15710 DUF2634 domain-containing protein,Unmatched,0,0,0
FMDALA_15715 hypothetical protein,Unmatched,0,0,0
FMDALA_15720 Phage-base-V domain-containing protein,Unmatched,0,0,0
FMDALA_15725 Phage protein D,Unmatched,0,0,0
FMDALA_15730 DUF4455 domain-containing protein,Unmatched,0,0,0
FMDALA_15735 DNA circularisation protein N-terminus,Unmatched,0,0,0
FMDALA_15740 hypothetical protein,Unmatched,0,0,0
FMDALA_15745 hypothetical protein,Unmatched,0,0,0
FMDALA_15750 hypothetical protein,Unmatched,0,0,0
FMDALA_15755 phage tail protein,Unmatched,0,0,0
"FMDALA_15760 Type II secretory pathway, component HofQ",Unmatched,0,0,0
FMDALA_15765 pilus assembly protein,Unmatched,0,0,0
FMDALA_15770 pilus assembly protein,Unmatched,0,0,0
FMDALA_15775 pilus assembly protein PilM,Unmatched,0,0,0
FMDALA_15780 ketol-acid reductoisomerase,Unmatched,0,0,0
"FMDALA_15785 ECF-type riboflavin transporter, S component",Unmatched,0,0,0
FMDALA_15790 transposase,Unmatched,0,0,0
FMDALA_15795 AAA family ATPase,Unmatched,0,0,0
FMDALA_15800 arsenic transporter,Unmatched,0,0,0
FMDALA_15805 gas vesicle protein,Unmatched,0,0,0
FMDALA_15810 gas vesicle protein,Unmatched,0,0,0
FMDALA_15815 gas vesicle protein GvpG,Unmatched,0,0,0
FMDALA_15820 protein gvpF/L,Unmatched,0,0,0
FMDALA_15825 gas vesicle protein K,Unmatched,0,0,0
FMDALA_15830 Gas vesicle protein gvpJ,Unmatched,0,0,0
FMDALA_15835 GvpX,Unmatched,0,0,0
FMDALA_15840 gas vesicle protein,Unmatched,0,0,0
FMDALA_15845 gas vesicle protein GvpN,Unmatched,0,0,0
FMDALA_15850 hypothetical protein,Unmatched,0,0,0
FMDALA_15855 1-acyl-sn-glycerol-3-phosphate acyltransferase,Unmatched,0,0,0
FMDALA_15860 hypothetical protein,Unmatched,0,0,0
FMDALA_15865 adenosylcobinamide-phosphate synthase CbiB,Unmatched,0,0,0
FMDALA_15870 GFA family protein,Unmatched,0,0,0
FMDALA_15875 transcriptional regulator,Unmatched,0,0,0
FMDALA_15880 AbrB family transcriptional regulator,Unmatched,0,0,0
FMDALA_15885 YqaE/Pmp3 family membrane protein,Unmatched,0,0,0
FMDALA_15890 phage holin family protein,Unmatched,0,0,0
FMDALA_15895 phosphopyruvate hydratase,Unmatched,0,0,0
FMDALA_15900 DUF3887 domain-containing protein,Unmatched,0,0,0
FMDALA_15905 glycogen debranching protein GlgX,Unmatched,0,0,0
FMDALA_15910 hypothetical protein,Unmatched,0,0,0
FMDALA_15920 Putative restriction endonuclease,Unmatched,0,0,0
FMDALA_15925 anacyclamide/piricyclamide family prenylated cyclic peptide,Unmatched,0,0,0
FMDALA_15930 hypothetical protein,Unmatched,0,0,0
FMDALA_15935 PIN domain nuclease,Unmatched,0,0,0
FMDALA_15940 Type II toxin-antitoxin system RelE/ParE family toxin,Unmatched,0,0,0
FMDALA_15945 Type II toxin-antitoxin system ParD family antitoxin,Unmatched,0,0,0
FMDALA_15950 Anacyclamide/piricyclamide family prenylated cyclic peptide,Unmatched,0,0,0
FMDALA_15955 DUF4926 domain-containing protein,Unmatched,0,0,0
FMDALA_15960 hypothetical protein,Unmatched,0,0,0
FMDALA_15965 Rpn family recombination-promoting nuclease/putative transposase,Unmatched,0,0,0
FMDALA_15970 ATPase,Unmatched,0,0,0
FMDALA_15975 hypothetical protein,Unmatched,0,0,0
FMDALA_15980 integron cassette protein,Unmatched,0,0,0
FMDALA_15985 PIN domain nuclease,Unmatched,0,0,0
FMDALA_15990 type II toxin-antitoxin system prevent-host-death family antitoxin,Unmatched,0,0,0
FMDALA_15995 hypothetical protein,Unmatched,0,0,0
FMDALA_16000 N(1)-aminopropylagmatine ureohydrolase,Unmatched,0,0,0
FMDALA_16005 hypothetical protein,Unmatched,0,0,0
FMDALA_16010 hypothetical protein,Unmatched,0,0,0
FMDALA_16015 Oligopeptide transport system permease protein OppB,Unmatched,0,0,0
FMDALA_16020 VapC toxin family PIN domain ribonuclease,Unmatched,0,0,0
FMDALA_16025 DNA-binding response regulator,Unmatched,0,0,0
FMDALA_16030 phosphoenolpyruvate synthase,Unmatched,0,0,0
FMDALA_16035 pyruvate phosphate dikinase PEP/pyruvate-binding protein,Unmatched,0,0,0
FMDALA_16040 Putative restriction endonuclease,Unmatched,0,0,0
FMDALA_16045 urease accessory protein UreJ,Unmatched,0,0,0
FMDALA_16050 SAM-dependent methyltransferase,Unmatched,0,0,0
FMDALA_16055 HcyBio domain-containing protein,Unmatched,0,0,0
FMDALA_16060 Pentapeptide repeat-containing protein,Unmatched,0,0,0
FMDALA_16065 lipoyl(octanoyl) transferase LipB,Unmatched,0,0,0
FMDALA_16070 XisI protein,Unmatched,0,0,0
FMDALA_16075 cation transporter,Unmatched,0,0,0
FMDALA_16080 deoxyribodipyrimidine photolyase,Unmatched,0,0,0
"FMDALA_16085 Endonuclease, Uma2 family (restriction endonuclease fold)",Unmatched,0,0,0
FMDALA_16090 hypothetical protein,Unmatched,0,0,0
FMDALA_16115 Transposase-31 domain-containing protein,Unmatched,0,0,0
FMDALA_16120 DUF4347 domain-containing protein,Unmatched,0,0,0
FMDALA_16140 polyketide cyclase/dehydrase and lipid transport protein,Unmatched,0,0,0
FMDALA_16145 acetolactate synthase large subunit,Unmatched,0,0,0
FMDALA_16150 Rho termination protein,Unmatched,0,0,0
FMDALA_16155 alpha-ribazole phosphatase,Unmatched,0,0,0
"FMDALA_16160 C-3',4' desaturase CrtD",Unmatched,0,0,0
FMDALA_16165 homoserine kinase,Unmatched,0,0,0
FMDALA_16170 hypothetical protein,Unmatched,0,0,0
"FMDALA_16175 Tetrahydromethanopterin S-methyltransferase, subunit G",Unmatched,0,0,0
"FMDALA_16180 HicA toxin of bacterial toxin-antitoxin,",Unmatched,0,0,0
FMDALA_16185 HicB-like domain-containing protein,Unmatched,0,0,0
FMDALA_16190 hypothetical protein,Unmatched,0,0,0
FMDALA_16195 DUF2442 domain-containing protein,Unmatched,0,0,0
FMDALA_16200 transcriptional regulator,Unmatched,0,0,0
FMDALA_16205 t-SNARE coiled-coil-like y domain-containing protein,Unmatched,0,0,0
FMDALA_16210 type II toxin-antitoxin system HicB family antitoxin,Unmatched,0,0,0
FMDALA_16215 ABC transporter,Unmatched,0,0,0
FMDALA_16220 cation ABC transporter substrate-binding protein,Unmatched,0,0,0
FMDALA_16225 transcription-repair coupling factor,Unmatched,0,0,0
FMDALA_16230 Holliday junction resolvase RuvX,Unmatched,0,0,0
FMDALA_16235 GNAT family N-acetyltransferase,Unmatched,0,0,0
FMDALA_16240 DNA recombination-mediator protein A,Unmatched,0,0,0
FMDALA_16245 MAPEG family protein,Unmatched,0,0,0
FMDALA_16250 adenosine deaminase,Unmatched,0,0,0
FMDALA_16255 carbamoyl-phosphate synthase large subunit,Unmatched,0,0,0
FMDALA_16260 Metalloprotease slr0863,Unmatched,0,0,0
FMDALA_16265 twin-arginine translocase TatA/TatE family subunit,Unmatched,0,0,0
FMDALA_16270 dihydrolipoyl dehydrogenase,Unmatched,0,0,0
FMDALA_16275 hypothetical protein,Unmatched,0,0,0
FMDALA_16280 tRNA epoxyqueuosine(34) reductase QueG,Unmatched,0,0,0
FMDALA_16285 carotenoid oxygenase,Unmatched,0,0,0
FMDALA_16290 tRNA-Leu(taa),Unmatched,0,0,0
FMDALA_16295 NAD(P)H-quinone oxidoreductase subunit L,Unmatched,0,0,0
FMDALA_16300 DUF3007 domain-containing protein,Unmatched,0,0,0
FMDALA_16305 ATP-dependent zinc protease,Unmatched,0,0,0
FMDALA_16310 hypothetical protein,Unmatched,0,0,0
FMDALA_16315 single-stranded DNA-binding protein,Unmatched,0,0,0
FMDALA_16320 4Fe-4S ferredoxin,Unmatched,0,0,0
FMDALA_16325 DUF3727 domain-containing protein,Unmatched,0,0,0
FMDALA_16330 hypothetical protein,Unmatched,0,0,0
FMDALA_16335 hypothetical protein,Unmatched,0,0,0
FMDALA_16340 type II toxin-antitoxin system RelE/ParE family toxin,Unmatched,0,0,0
FMDALA_16345 DUF2283 domain-containing protein,Unmatched,0,0,0
FMDALA_16350 FdxN element excision controlling factor protein (Modular protein),Unmatched,0,0,0
FMDALA_16355 XisI protein,Unmatched,0,0,0
FMDALA_16360 Restriction endonuclease,Unmatched,0,0,0
FMDALA_16365 photosystem I assembly protein Ycf4,Unmatched,0,0,0
FMDALA_16370 peptidylprolyl isomerase,Unmatched,0,0,0
FMDALA_16375 UPF0175 family protein,Unmatched,0,0,0
FMDALA_16380 hypothetical protein,Unmatched,0,0,0
FMDALA_16385 serine/threonine-protein kinase pkn1,Unmatched,0,0,0
FMDALA_16390 ATPase,Unmatched,0,0,0
FMDALA_16395 hypothetical protein,Unmatched,0,0,0
"FMDALA_16400 Triacylglycerol esterase/lipase EstA, alpha/beta hydrolase fold",Unmatched,0,0,0
FMDALA_16405 bile acid beta-glucosidase,Unmatched,0,0,0
FMDALA_16410 DUF3531 domain-containing protein,Unmatched,0,0,0
FMDALA_16415 CPBP family intramembrane metalloprotease,Unmatched,0,0,0
FMDALA_16420 DUF3326 domain-containing protein,Unmatched,0,0,0
FMDALA_16425 hypothetical protein,Unmatched,0,0,0
FMDALA_16430 DUF4351 domain-containing protein,Unmatched,0,0,0
FMDALA_16435 site-specific DNA-methyltransferase,Unmatched,0,0,0
FMDALA_16440 Putative restriction endonuclease,Unmatched,0,0,0
FMDALA_16445 DUF4351 domain-containing protein,Unmatched,0,0,0
FMDALA_16450 sulfite exporter TauE/SafE family protein,Unmatched,0,0,0
FMDALA_16455 lipid kinase,Unmatched,0,0,0
FMDALA_16460 amino acid ABC transporter substrate-binding protein,Unmatched,0,0,0
FMDALA_16465 TIGR00297 family protein,Unmatched,0,0,0
FMDALA_16470 cytochrome B,Unmatched,0,0,0
FMDALA_16475 Methionine biosynthesis protein MetW,Unmatched,0,0,0
FMDALA_16480 (2Fe-2S)-binding protein,Unmatched,0,0,0
FMDALA_16485 cobyric acid synthase CobQ,Unmatched,0,0,0
FMDALA_16490 hypothetical protein,Unmatched,0,0,0
FMDALA_16495 hypothetical protein,Unmatched,0,0,0
FMDALA_16500 Similar to tr|Q55751|Q55751,Unmatched,0,0,0
FMDALA_16505 ferredoxin,Unmatched,0,0,0
FMDALA_16510 DNA-binding response regulator,Unmatched,0,0,0
FMDALA_16515 DUF1622 domain-containing protein,Unmatched,0,0,0
FMDALA_16520 ATP-dependent Clp protease proteolytic subunit,Unmatched,0,0,0
FMDALA_16525 ATP-dependent Clp protease proteolytic subunit,Unmatched,0,0,0
FMDALA_16530 serine/threonine kinase,Unmatched,0,0,0
FMDALA_16535 Putative restriction endonuclease,Unmatched,0,0,0
FMDALA_16540 DUF29 domain-containing protein,Unmatched,0,0,0
FMDALA_16545 photosystem I core protein PsaB,Unmatched,0,0,0
FMDALA_16550 photosystem I core protein PsaA,Unmatched,0,0,0
FMDALA_16555 Similar to tr|Q8YLY9|Q8YLY9,Unmatched,0,0,0
FMDALA_16560 Similar to tr|P74534|P74534,Unmatched,0,0,0
FMDALA_16565 esterase,Unmatched,0,0,0
FMDALA_16570 DUF2973 domain-containing protein,Unmatched,0,0,0
FMDALA_16575 DUF2605 domain-containing protein,Unmatched,0,0,0
FMDALA_16580 TenA family transcriptional regulator,Unmatched,0,0,0
FMDALA_16585 hypothetical protein,Unmatched,0,0,0
FMDALA_16590 amino acid ABC transporter substrate-binding protein,Unmatched,0,0,0
FMDALA_16595 hypothetical protein,Unmatched,0,0,0
FMDALA_16600 hypothetical protein,Unmatched,0,0,0
FMDALA_16605 Uncharacterised protein family (UPF0175),Unmatched,0,0,0
FMDALA_16610 DUF86 domain-containing protein,Unmatched,0,0,0
FMDALA_16615 DNA polymerase beta,Unmatched,0,0,0
FMDALA_16620 hypothetical protein,Unmatched,0,0,0
FMDALA_16625 PEP-CTERM domain-containing protein,Unmatched,0,0,0
FMDALA_16630 DUF3148 domain-containing protein,Unmatched,0,0,0
FMDALA_16635 transposase,Unmatched,0,0,0
FMDALA_16640 carboxylate-amine ligase,Unmatched,0,0,0
FMDALA_16645 photosystem I reaction center subunit IX,Unmatched,0,0,0
FMDALA_16650 Photosystem I reaction center subunit III,Unmatched,0,0,0
FMDALA_16655 Uncharacterised protein family UPF0047,Unmatched,0,0,0
FMDALA_16660 uroporphyrin-III methyltransferase,Unmatched,0,0,0
FMDALA_16665 integron cassette protein,Unmatched,0,0,0
FMDALA_16670 DUF4160 domain-containing protein,Unmatched,0,0,0
FMDALA_16675 hypothetical protein,Unmatched,0,0,0
FMDALA_16680 DUF3747 domain-containing protein,Unmatched,0,0,0
FMDALA_16685 UDP-N-acetylmuramoyl-L-alanine--D-glutamate ligase,Unmatched,0,0,0
FMDALA_16690 GHL10 domain-containing protein,Unmatched,0,0,0
FMDALA_16695 NAD(P)H-quinone oxidoreductase subunit O,Unmatched,0,0,0
FMDALA_16700 malate dehydrogenase,Unmatched,0,0,0
FMDALA_16705 RNA methyltransferase,Unmatched,0,0,0
FMDALA_16710 RNA polymerase sigma factor RpoD,Unmatched,0,0,0
FMDALA_16715 2-isopropylmalate synthase,Unmatched,0,0,0
FMDALA_16720 hypothetical protein,Unmatched,0,0,0
FMDALA_16725 FAD-dependent oxidoreductase,Unmatched,0,0,0
FMDALA_16730 helicase,Unmatched,0,0,0
FMDALA_16735 PEP-CTERM sorting domain-containing protein,Unmatched,0,0,0
FMDALA_16740 photosystem II reaction center protein Psb28,Unmatched,0,0,0
FMDALA_16745 peptidylprolyl isomerase,Unmatched,0,0,0
FMDALA_16750 hypothetical protein,Unmatched,0,0,0
FMDALA_16755 NAGPA domain-containing protein,Unmatched,0,0,0
FMDALA_16760 PIN domain nuclease,Unmatched,0,0,0
FMDALA_16765 bifunctional pantoate--beta-alanine ligase/(d)CMP kinase,Unmatched,0,0,0
FMDALA_16770 DUF4926 domain-containing protein,Unmatched,0,0,0
FMDALA_16775 hypothetical protein,Unmatched,0,0,0
FMDALA_16785 tRNA-Gly(tcc),Unmatched,0,0,0
FMDALA_16800 Sigma70-r4 domain-containing protein,Unmatched,0,0,0
FMDALA_16805 hypothetical protein,Unmatched,0,0,0
FMDALA_16810 DUF5615 domain-containing protein,Unmatched,0,0,0
FMDALA_16815 DUF433 domain-containing protein,Unmatched,0,0,0
FMDALA_16820 hypothetical protein,Unmatched,0,0,0
FMDALA_16825 hypothetical protein,Unmatched,0,0,0
FMDALA_16830 4-alpha-glucanotransferase,Unmatched,0,0,0
FMDALA_16835 hypothetical protein,Unmatched,0,0,0
FMDALA_16840 ornithine carbamoyltransferase,Unmatched,0,0,0
FMDALA_16845 Tubulin like,Unmatched,0,0,0
FMDALA_16850 ribonuclease Z,Unmatched,0,0,0
FMDALA_16855 Uncharacterized protein sll1735,Unmatched,0,0,0
FMDALA_16860 Fusaric acid resistance protein-like,Unmatched,0,0,0
FMDALA_16865 ABC transporter substrate-binding protein,Unmatched,0,0,0
FMDALA_16870 calcium/proton exchanger,Unmatched,0,0,0
FMDALA_16875 cell envelope biogenesis protein OmpA,Unmatched,0,0,0
FMDALA_16880 DUF5132 domain-containing protein,Unmatched,0,0,0
FMDALA_16885 hypothetical protein,Unmatched,0,0,0
FMDALA_16890 histidine kinase,Unmatched,0,0,0
FMDALA_16895 DDE-Tnp-1 domain-containing protein,Unmatched,0,0,0
FMDALA_16900 Similar to Transposase,Unmatched,0,0,0
FMDALA_16905 ribose-5-phosphate isomerase RpiA,Unmatched,0,0,0
FMDALA_16910 hydroxyacid dehydrogenase,Unmatched,0,0,0
FMDALA_16915 phosphoketolase,Unmatched,0,0,0
FMDALA_16920 hypothetical protein,Unmatched,0,0,0
FMDALA_16925 glucose-6-phosphate isomerase,Unmatched,0,0,0
FMDALA_16930 NADP-dependent glyceraldehyde-3-phosphate dehydrogenase,Unmatched,0,0,0
FMDALA_16935 Transcriptional modulator of MazE/toxin,Unmatched,0,0,0
FMDALA_16940 Lysozyme,Unmatched,0,0,0
FMDALA_16945 DUF2283 domain-containing protein,Unmatched,0,0,0
FMDALA_16950 Putative integron gene cassette protein,Unmatched,0,0,0
FMDALA_16955 IS200/IS605 family element transposase accessory protein TnpB,Unmatched,0,0,0
FMDALA_16960 hypothetical protein,Unmatched,0,0,0
FMDALA_16965 hypothetical protein,Unmatched,0,0,0
FMDALA_16970 hypothetical protein,Unmatched,0,0,0
FMDALA_16975 hypothetical protein,Unmatched,0,0,0
FMDALA_16980 hypothetical protein,Unmatched,0,0,0
FMDALA_16985 DUF3782 domain-containing protein,Unmatched,0,0,0
FMDALA_16990 plastocyanin,Unmatched,0,0,0
FMDALA_16995 Cytochrome c6,Unmatched,0,0,0
FMDALA_17000 DUF3352 domain-containing protein,Unmatched,0,0,0
FMDALA_17005 hypothetical protein,Unmatched,0,0,0
FMDALA_17010 hypothetical protein,Unmatched,0,0,0
FMDALA_17015 hypothetical protein,Unmatched,0,0,0
FMDALA_17020 hypothetical protein,Unmatched,0,0,0
FMDALA_17030 aquaporin Z,Unmatched,0,0,0
FMDALA_17035 tRNA (adenosine(37)-N6)-threonylcarbamoyltransferase complex ATPase subunit type 1 TsaE,Unmatched,0,0,0
FMDALA_17040 hypothetical protein,Unmatched,0,0,0
FMDALA_17045 beta-glucosidase,Unmatched,0,0,0
FMDALA_17050 30S ribosome-binding factor RbfA,Unmatched,0,0,0
FMDALA_17055 DUF751 domain-containing protein,Unmatched,0,0,0
FMDALA_17060 carbohydrate-binding protein,Unmatched,0,0,0
FMDALA_17065 ATPase,Unmatched,0,0,0
FMDALA_17070 hypothetical protein,Unmatched,0,0,0
FMDALA_17075 PIN domain-containing protein,Unmatched,0,0,0
FMDALA_17080 hypothetical protein,Unmatched,0,0,0
FMDALA_17085 hypothetical protein,Unmatched,0,0,0
FMDALA_17090 Putative restriction endonuclease,Unmatched,0,0,0
FMDALA_17095 Photosystem II protein D1 (PsbA),Unmatched,0,0,0
FMDALA_17100 long-chain fatty acid--CoA ligase,Unmatched,0,0,0
FMDALA_17105 YlqD protein,Unmatched,0,0,0
FMDALA_17110 DUF3370 domain-containing protein,Unmatched,0,0,0
FMDALA_17115 hypothetical protein,Unmatched,0,0,0
FMDALA_17120 TIGR04222 domain-containing membrane protein,Unmatched,0,0,0
FMDALA_17140 HlyD family secretion protein,Unmatched,0,0,0
FMDALA_17145 oxidoreductase,Unmatched,0,0,0
FMDALA_17150 hypothetical protein,Unmatched,0,0,0
FMDALA_17155 hypothetical protein,Unmatched,0,0,0
FMDALA_17160 alpha/beta hydrolase,Unmatched,0,0,0
FMDALA_17165 hypothetical protein,Unmatched,0,0,0
FMDALA_17170 tryptophan halogenase,Unmatched,0,0,0
FMDALA_17175 tryptophan halogenase,Unmatched,0,0,0
FMDALA_17180 tryptophan halogenase,Unmatched,0,0,0
FMDALA_17185 hypothetical protein,Unmatched,0,0,0
FMDALA_17190 short-chain dehydrogenase,Unmatched,0,0,0
FMDALA_17195 Type I polyketide synthase,Unmatched,0,0,0
FMDALA_17200 hypothetical protein,Unmatched,0,0,0
FMDALA_17205 hypothetical protein,Unmatched,0,0,0
FMDALA_17210 Tetratricopeptide repeat protein,Unmatched,0,0,0
FMDALA_17215 hypothetical protein,Unmatched,0,0,0
FMDALA_17220 hypothetical protein,Unmatched,0,0,0
FMDALA_17225 hypothetical protein,Unmatched,0,0,0
FMDALA_17230 calcium-binding protein,Unmatched,0,0,0
FMDALA_17235 hypothetical protein,Unmatched,0,0,0
FMDALA_17240 Uma2 domain-containing protein,Unmatched,0,0,0
FMDALA_17245 Uma2 domain-containing protein,Unmatched,0,0,0
FMDALA_17250 hypothetical protein,Unmatched,0,0,0
FMDALA_17255 DUF2283 domain-containing protein,Unmatched,0,0,0
FMDALA_17260 Glycosyltransferase family 2 protein,Unmatched,0,0,0
FMDALA_17265 class I SAM-dependent methyltransferase,Unmatched,0,0,0
FMDALA_17270 methyltransferase,Unmatched,0,0,0
FMDALA_17275 hypothetical protein,Unmatched,0,0,0
FMDALA_17280 glycosyl transferase,Unmatched,0,0,0
FMDALA_17285 hypothetical protein,Unmatched,0,0,0
FMDALA_17290 magnesium-protoporphyrin IX monomethyl ester (oxidative) cyclase,Unmatched,0,0,0
FMDALA_17295 zinc-ribbon-2 domain-containing protein,Unmatched,0,0,0
FMDALA_17300 F0F1 ATP synthase subunit beta,Unmatched,0,0,0
FMDALA_17305 F0F1 ATP synthase subunit epsilon,Unmatched,0,0,0
FMDALA_17310 ATPase F0F1,Unmatched,0,0,0
FMDALA_17315 ATP synthase subunit I,Unmatched,0,0,0
FMDALA_17320 F0F1 ATP synthase subunit A,Unmatched,0,0,0
FMDALA_17325 F0F1 ATP synthase subunit C,Unmatched,0,0,0
FMDALA_17330 ATP synthase subunit b,Unmatched,0,0,0
"FMDALA_17335 alternate F1F0 ATPase, F1 subunit alpha",Unmatched,0,0,0
FMDALA_17340 F0F1 ATP synthase subunit gamma,Unmatched,0,0,0
FMDALA_17345 ATP-dependent chaperone ClpB,Unmatched,0,0,0
FMDALA_17350 GNAT family N-acetyltransferase,Unmatched,0,0,0
FMDALA_17355 hypothetical protein,Unmatched,0,0,0
"FMDALA_17360 5,10-methylenetetrahydrofolate reductase",Unmatched,0,0,0
FMDALA_17365 G-D-S-L family lipolytic protein,Unmatched,0,0,0
FMDALA_17370 hypothetical protein,Unmatched,0,0,0
FMDALA_17375 hypothetical protein,Unmatched,0,0,0
FMDALA_17380 dUTPase domain-containing protein,Unmatched,0,0,0
FMDALA_17385 hypothetical protein,Unmatched,0,0,0
FMDALA_17390 Circadian oscillating protein COP23,Unmatched,0,0,0
FMDALA_17395 serine protease,Unmatched,0,0,0
FMDALA_17400 lipoprotein NlpI,Unmatched,0,0,0
FMDALA_17405 Putative restriction endonuclease,Unmatched,0,0,0
FMDALA_17445 hypothetical protein,Unmatched,0,0,0
FMDALA_17460 WYL domain-containing protein,Unmatched,0,0,0
FMDALA_17465 type I-D CRISPR-associated helicase Cas3',Unmatched,0,0,0
FMDALA_17470 hypothetical protein,Unmatched,0,0,0
FMDALA_17475 hypothetical protein,Unmatched,0,0,0
FMDALA_17480 Nucleotidyltransferase domain-containing protein,Unmatched,0,0,0
FMDALA_17485 DUF86 domain-containing protein,Unmatched,0,0,0
FMDALA_17490 nucleotidyltransferase domain-containing protein,Unmatched,0,0,0
FMDALA_17495 Ribonuclease HepT-like,Unmatched,0,0,0
FMDALA_17500 type I-D CRISPR-associated protein Cas10d/Csc3,Unmatched,0,0,0
FMDALA_17505 type I-D CRISPR-associated protein Cas7/Csc2,Unmatched,0,0,0
FMDALA_17510 type I-D CRISPR-associated protein Cas5/Csc1,Unmatched,0,0,0
"FMDALA_17515 putative DNA-binding transcriptional regulator YobV, contains HTH and WYL domains",Unmatched,0,0,0
FMDALA_17520 hypothetical protein,Unmatched,0,0,0
FMDALA_17525 hypothetical protein,Unmatched,0,0,0
FMDALA_17530 hypothetical protein,Unmatched,0,0,0
FMDALA_17535 hypothetical protein,Unmatched,0,0,0
FMDALA_17540 CRISPR-associated helicase Cas3',Unmatched,0,0,0
FMDALA_17545 Uma2 family endonuclease,Unmatched,0,0,0
FMDALA_17550 CRISPR-associated endoribonuclease Cas6,Unmatched,0,0,0
FMDALA_17555 CRISPR-associated protein Cas4,Unmatched,0,0,0
FMDALA_17560 type I-D CRISPR-associated endonuclease Cas1d,Unmatched,0,0,0
FMDALA_17565 CRISPR-associated endonuclease Cas2,Unmatched,0,0,0
FMDALA_17570 tRNA dihydrouridine(20/20a) synthase DusA,Unmatched,0,0,0
FMDALA_17575 DUF362 domain-containing protein,Unmatched,0,0,0
FMDALA_17580 (2Fe-2S)-binding protein,Unmatched,0,0,0
FMDALA_17585 DUF1997 domain-containing protein,Unmatched,0,0,0
FMDALA_17590 Two-component response regulator,Unmatched,0,0,0
FMDALA_17595 hypothetical protein,Unmatched,0,0,0
FMDALA_17600 5-oxoprolinase,Unmatched,0,0,0
FMDALA_17605 tRNA (adenosine(37)-N6)-threonylcarbamoyltransferase complex transferase subunit TsaD,Unmatched,0,0,0
FMDALA_17610 tRNA pseudouridine(55) synthase TruB,Unmatched,0,0,0
FMDALA_17615 cobaltochelatase,Unmatched,0,0,0
FMDALA_17620 histidinol-phosphate transaminase,Unmatched,0,0,0
FMDALA_17625 (E)-4-hydroxy-3-methylbut-2-enyl-diphosphate synthase,Unmatched,0,0,0
FMDALA_17630 alpha/beta hydrolase,Unmatched,0,0,0
FMDALA_17635 TIGR04376 family protein,Unmatched,0,0,0
FMDALA_17640 lysine--tRNA ligase,Unmatched,0,0,0
FMDALA_17645 DUF3685 domain-containing protein,Unmatched,0,0,0
FMDALA_17650 transcriptional repressor,Unmatched,0,0,0
FMDALA_17655 hypothetical protein,Unmatched,0,0,0
FMDALA_17660 PEP-CTERM domain-containing protein,Unmatched,0,0,0
FMDALA_17665 DUF29 domain-containing protein,Unmatched,0,0,0
FMDALA_17670 DUF2157 domain-containing protein,Unmatched,0,0,0
FMDALA_17675 DNA-binding response regulator,Unmatched,0,0,0
FMDALA_17680 DNA repair protein RecN,Unmatched,0,0,0
FMDALA_17685 Putative restriction endonuclease,Unmatched,0,0,0
FMDALA_17690 Uma2 domain-containing protein,Unmatched,0,0,0
FMDALA_17695 FAD-dependent oxidoreductase,Unmatched,0,0,0
FMDALA_17700 Ribonuclease HI,Unmatched,0,0,0
FMDALA_17790 hypothetical protein,Unmatched,0,0,0
FMDALA_17840 NB-ARC domain protein,Unmatched,0,0,0
FMDALA_17845 radical SAM protein,Unmatched,0,0,0
FMDALA_17850 hypothetical protein,Unmatched,0,0,0
FMDALA_17855 Peptidase A2 domain-containing protein,Unmatched,0,0,0
FMDALA_17860 DUF5615 domain-containing protein,Unmatched,0,0,0
FMDALA_17865 hypothetical protein,Unmatched,0,0,0
FMDALA_17870 DUF5615 domain-containing protein,Unmatched,0,0,0
FMDALA_17875 hypothetical protein,Unmatched,0,0,0
FMDALA_17880 DUF2726 domain-containing protein,Unmatched,0,0,0
FMDALA_17885 L-lactate dehydrogenase,Unmatched,0,0,0
FMDALA_17890 DUF952 domain-containing protein,Unmatched,0,0,0
FMDALA_17895 cytosine deaminase,Unmatched,0,0,0
"FMDALA_17900 7,8-didemethyl-8-hydroxy-5-deazariboflavin synthase subunit CofG",Unmatched,0,0,0
FMDALA_17905 transglutaminase,Unmatched,0,0,0
FMDALA_17910 hypothetical protein,Unmatched,0,0,0
FMDALA_17915 transcriptional regulator,Unmatched,0,0,0
FMDALA_17920 hypothetical protein,Unmatched,0,0,0
FMDALA_17925 sirohydrochlorin chelatase,Unmatched,0,0,0
FMDALA_17930 2-amino-4-hydroxy-6-hydroxymethyldihydropteridine diphosphokinase,Unmatched,0,0,0
FMDALA_17935 GTPase,Unmatched,0,0,0
FMDALA_17940 hypothetical protein,Unmatched,0,0,0
FMDALA_17945 cell division protein FtsI,Unmatched,0,0,0
FMDALA_17950 DUF3226 domain-containing protein,Unmatched,0,0,0
FMDALA_17955 recombination protein F,Unmatched,0,0,0
"FMDALA_17960 type II toxin-antitoxin system mRNA interferase toxin, RelE/StbE family",Unmatched,0,0,0
FMDALA_17965 HicB-like domain-containing protein,Unmatched,0,0,0
FMDALA_17970 asparaginase,Unmatched,0,0,0
FMDALA_17975 DUF1230 domain-containing protein,Unmatched,0,0,0
FMDALA_17980 ribosome silencing factor,Unmatched,0,0,0
FMDALA_17985 bis(5'-nucleosyl)-tetraphosphatase (symmetrical) YqeK,Unmatched,0,0,0
FMDALA_17990 GTP-binding protein,Unmatched,0,0,0
FMDALA_17995 alpha-ketoacid dehydrogenase subunit beta,Unmatched,0,0,0
FMDALA_18000 protein translocase subunit SecD,Unmatched,0,0,0
FMDALA_18005 protein translocase subunit SecF,Unmatched,0,0,0
FMDALA_18010 Non-specific serine/threonine protein kinase,Unmatched,0,0,0
FMDALA_18015 Non-specific serine/threonine protein kinase,Unmatched,0,0,0
FMDALA_18020 VWFD domain-containing protein,Unmatched,0,0,0
FMDALA_18025 hypothetical protein,Unmatched,0,0,0
FMDALA_18030 hypothetical protein,Unmatched,0,0,0
FMDALA_18035 hypothetical protein,Unmatched,0,0,0
FMDALA_18040 BrnT family toxin,Unmatched,0,0,0
FMDALA_18045 hypothetical protein,Unmatched,0,0,0
FMDALA_18050 hypothetical protein,Unmatched,0,0,0
FMDALA_18055 hypothetical protein,Unmatched,0,0,0
FMDALA_18060 hypothetical protein,Unmatched,0,0,0
FMDALA_18065 hypothetical protein,Unmatched,0,0,0
FMDALA_18070 hypothetical protein,Unmatched,0,0,0
FMDALA_18075 XRE family transcriptional regulator,Unmatched,0,0,0
FMDALA_18080 transposase,Unmatched,0,0,0
FMDALA_18085 XRE family transcriptional regulator,Unmatched,0,0,0
FMDALA_18090 IS630 family transposase,Unmatched,0,0,0
FMDALA_18095 IS630 family ISMae25 transposase,Unmatched,0,0,0
FMDALA_18100 DDE-Tnp-IS66 domain-containing protein,Unmatched,0,0,0
FMDALA_18105 hypothetical protein,Unmatched,0,0,0
FMDALA_18110 Pentapeptide repeat-containing protein,Unmatched,0,0,0
FMDALA_18115 hypothetical protein,Unmatched,0,0,0
FMDALA_18120 DUF5615 domain-containing protein,Unmatched,0,0,0
FMDALA_18125 Rhomboid family intramembrane serine protease,Unmatched,0,0,0
FMDALA_18130 hypothetical protein,Unmatched,0,0,0
FMDALA_18135 hypothetical protein,Unmatched,0,0,0
FMDALA_18140 crossover junction endodeoxyribonuclease RuvC,Unmatched,0,0,0
FMDALA_18145 UDP-N-acetylglucosamine 2-epimerase (non-hydrolyzing),Unmatched,0,0,0
FMDALA_18150 MCE family protein,Unmatched,0,0,0
FMDALA_18155 ABC transporter ATP-binding protein,Unmatched,0,0,0
FMDALA_18160 methionine adenosyltransferase,Unmatched,0,0,0
FMDALA_18165 Cyanobacterial functional RNA 1,Unmatched,0,0,0
FMDALA_18170 DNA helicase PcrA,Unmatched,0,0,0
FMDALA_18175 Ssr2962 protein,Unmatched,0,0,0
FMDALA_18180 CAAD domain-containing protein,Unmatched,0,0,0
FMDALA_18185 Dioxygenase,Unmatched,0,0,0
FMDALA_18190 hypothetical protein,Unmatched,0,0,0
FMDALA_18195 hypothetical protein,Unmatched,0,0,0
FMDALA_18200 bPH-2 domain-containing protein,Unmatched,0,0,0
FMDALA_18205 hypothetical protein,Unmatched,0,0,0
FMDALA_18210 hypothetical protein,Unmatched,0,0,0
FMDALA_18215 hypothetical protein,Unmatched,0,0,0
FMDALA_18220 VWFA domain-containing protein,Unmatched,0,0,0
FMDALA_18225 hypothetical protein,Unmatched,0,0,0
FMDALA_18230 CRISPR-associated protein Cmr6,Unmatched,0,0,0
FMDALA_18235 hypothetical protein,Unmatched,0,0,0
FMDALA_18240 type III-B CRISPR module RAMP protein Cmr4,Unmatched,0,0,0
FMDALA_18245 CRISPR-associated protein,Unmatched,0,0,0
FMDALA_18250 type III-B CRISPR-associated protein Cas10/Cmr2,Unmatched,0,0,0
FMDALA_18255 alcohol dehydrogenase,Unmatched,0,0,0
FMDALA_18260 acetyl-CoA carboxylase biotin carboxyl carrier protein,Unmatched,0,0,0
FMDALA_18265 elongation factor P,Unmatched,0,0,0
FMDALA_18270 transposase family protein,Unmatched,0,0,0
FMDALA_18275 IS5 family transposase,Unmatched,0,0,0
FMDALA_18280 GTPase HflX,Unmatched,0,0,0
FMDALA_18285 hypothetical protein,Unmatched,0,0,0
FMDALA_18290 Cys/Met metabolism pyridoxal-phosphate-dependent enzyme,Unmatched,0,0,0
FMDALA_18295 iron export ABC transporter permease subunit FetB,Unmatched,0,0,0
FMDALA_18300 type I glyceraldehyde-3-phosphate dehydrogenase,Unmatched,0,0,0
FMDALA_18305 UDP-N-acetylmuramate--L-alanine ligase,Unmatched,0,0,0
FMDALA_18310 UDP-N-acetylmuramate dehydrogenase,Unmatched,0,0,0
FMDALA_18315 hypothetical protein,Unmatched,0,0,0
FMDALA_18320 hypothetical protein,Unmatched,0,0,0
FMDALA_18325 steroid 5-alpha reductase,Unmatched,0,0,0
FMDALA_18330 Oxygen-dependent choline dehydrogenase,Unmatched,0,0,0
FMDALA_18335 hypothetical protein,Unmatched,0,0,0
FMDALA_18340 hypothetical protein,Unmatched,0,0,0
FMDALA_18345 hypothetical protein,Unmatched,0,0,0
FMDALA_18350 hypothetical protein,Unmatched,0,0,0
FMDALA_18355 hypothetical protein,Unmatched,0,0,0
FMDALA_18360 hypothetical protein,Unmatched,0,0,0
FMDALA_18365 type V CRISPR-associated protein C2c8,Unmatched,0,0,0
FMDALA_18370 PIN domain nuclease,Unmatched,0,0,0
FMDALA_18375 hypothetical protein,Unmatched,0,0,0
FMDALA_18380 oxidoreductase,Unmatched,0,0,0
FMDALA_18385 taurine dioxygenase,Unmatched,0,0,0
FMDALA_18390 SLH domain-containing protein,Unmatched,0,0,0
FMDALA_18395 ABC transporter permease,Unmatched,0,0,0
FMDALA_18400 two-component sensor histidine kinase,Unmatched,0,0,0
FMDALA_18405 tRNA-Glu(ttc),Unmatched,0,0,0
FMDALA_18410 hypothetical protein,Unmatched,0,0,0
FMDALA_18415 sugar transferase,Unmatched,0,0,0
FMDALA_18420 hypothetical protein,Unmatched,0,0,0
FMDALA_18425 sulfotransferase family protein,Unmatched,0,0,0
FMDALA_18430 hypothetical protein,Unmatched,0,0,0
FMDALA_18435 DUF5131 domain-containing protein,Unmatched,0,0,0
FMDALA_18440 hypothetical protein,Unmatched,0,0,0
FMDALA_18445 Transposase,Unmatched,0,0,0
FMDALA_18450 hypothetical protein,Unmatched,0,0,0
FMDALA_18455 Plasmid stabilization protein,Unmatched,0,0,0
FMDALA_18460 DUF3782 domain-containing protein,Unmatched,0,0,0
FMDALA_18465 hypothetical protein,Unmatched,0,0,0
FMDALA_18470 hypothetical protein,Unmatched,0,0,0
FMDALA_18475 hypothetical protein,Unmatched,0,0,0
FMDALA_18480 hypothetical protein,Unmatched,0,0,0
FMDALA_18485 hypothetical protein,Unmatched,0,0,0
FMDALA_18490 chromosome partitioning protein ParA,Unmatched,0,0,0
FMDALA_18495 ASCH domain-containing protein,Unmatched,0,0,0
FMDALA_18500 hypothetical protein,Unmatched,0,0,0
FMDALA_18505 hypothetical protein,Unmatched,0,0,0
FMDALA_18510 HTH cro/C1-type domain-containing protein,Unmatched,0,0,0
FMDALA_18515 C-5 cytosine-specific DNA methylase,Unmatched,0,0,0
FMDALA_18520 replicative DNA helicase,Unmatched,0,0,0
FMDALA_18525 hypothetical protein,Unmatched,0,0,0
FMDALA_18530 hypothetical protein,Unmatched,0,0,0
FMDALA_18535 HTH cro/C1-type domain-containing protein,Unmatched,0,0,0
FMDALA_18540 hypothetical protein,Unmatched,0,0,0
FMDALA_18545 30S ribosomal protein S20,Unmatched,0,0,0
FMDALA_18550 deoxyribonuclease,Unmatched,0,0,0
FMDALA_18555 DNA-directed RNA polymerase subunit beta,Unmatched,0,0,0
FMDALA_18560 DNA-directed RNA polymerase subunit beta',Unmatched,0,0,0
FMDALA_18565 tRNA-Pro(tgg),Unmatched,0,0,0
FMDALA_18570 GNAT family N-acetyltransferase,Unmatched,0,0,0
FMDALA_18575 tRNA-Ser(tga),Unmatched,0,0,0
FMDALA_18580 peptidylprolyl isomerase,Unmatched,0,0,0
FMDALA_18585 type I secretion system permease/ATPase,Unmatched,0,0,0
FMDALA_18590 hemolysin secretion protein D,Unmatched,0,0,0
FMDALA_18595 1-(5-phosphoribosyl)-5-[(5-phosphoribosylamino)methylideneamino]imidazole-4-carboxamide isomerase,Unmatched,0,0,0
FMDALA_18600 hypothetical protein,Unmatched,0,0,0
FMDALA_18605 hypothetical protein,Unmatched,0,0,0
FMDALA_18610 type II toxin-antitoxin system RelE/ParE family toxin,Unmatched,0,0,0
FMDALA_18615 EAL domain-containing protein,Unmatched,0,0,0
FMDALA_18620 HigA family addiction module antitoxin,Unmatched,0,0,0
FMDALA_18625 plasmid maintenance system killer,Unmatched,0,0,0
FMDALA_18630 Argininosuccinate lyase,Unmatched,0,0,0
FMDALA_18635 hypothetical protein,Unmatched,0,0,0
FMDALA_18640 glutathionylspermidine synthase,Unmatched,0,0,0
FMDALA_18645 DUF1190 domain-containing protein,Unmatched,0,0,0
FMDALA_18650 PIN domain protein,Unmatched,0,0,0
FMDALA_18655 hypothetical protein,Unmatched,0,0,0
FMDALA_18660 hypothetical protein,Unmatched,0,0,0
FMDALA_18665 hypothetical protein,Unmatched,0,0,0
FMDALA_18670 Transposase,Unmatched,0,0,0
"FMDALA_18675 Outer membrane protein chaperone/metalloprotease BepA/YfgC, contains M48 and TPR domains",Unmatched,0,0,0
FMDALA_18680 alpha/beta hydrolase,Unmatched,0,0,0
FMDALA_18685 alpha/beta hydrolase,Unmatched,0,0,0
FMDALA_18690 chorismate mutase,Unmatched,0,0,0
FMDALA_18695 signal peptide peptidase SppA,Unmatched,0,0,0
FMDALA_18700 type I glutamate--ammonia ligase,Unmatched,0,0,0
FMDALA_18705 hypothetical protein,Unmatched,0,0,0
FMDALA_18710 hypothetical protein,Unmatched,0,0,0
FMDALA_18715 Similar to tr|Q8YX88|Q8YX88,Unmatched,0,0,0
FMDALA_18720 carboxylating nicotinate-nucleotide diphosphorylase,Unmatched,0,0,0
FMDALA_18725 Putative restriction endonuclease,Unmatched,0,0,0
FMDALA_18730 phosphoribulokinase,Unmatched,0,0,0
FMDALA_18735 polyhydroxyalkanoate biosynthesis repressor PhaR,Unmatched,0,0,0
FMDALA_18740 LD-carboxypeptidase,Unmatched,0,0,0
FMDALA_18745 homoserine kinase,Unmatched,0,0,0
FMDALA_18750 hypothetical protein,Unmatched,0,0,0
FMDALA_18755 DUF29 domain-containing protein,Unmatched,0,0,0
FMDALA_18760 DUF29 domain-containing protein,Unmatched,0,0,0
FMDALA_18765 DUF29 domain-containing protein,Unmatched,0,0,0
FMDALA_18770 glucokinase,Unmatched,0,0,0
FMDALA_18775 HTH crp-type domain-containing protein,Unmatched,0,0,0
FMDALA_18780 ATP-dependent protease,Unmatched,0,0,0
FMDALA_18785 ferredoxin--nitrite reductase,Unmatched,0,0,0
FMDALA_18790 protein sphX,Unmatched,0,0,0
FMDALA_18795 cysteine desulfurase,Unmatched,0,0,0
FMDALA_18800 hypothetical protein,Unmatched,0,0,0
FMDALA_18805 TIGR04168 family protein,Unmatched,0,0,0
FMDALA_18810 hypothetical protein,Unmatched,0,0,0
FMDALA_18815 NUDIX hydrolase,Unmatched,0,0,0
FMDALA_18820 ribosome biogenesis GTPase YlqF,Unmatched,0,0,0
FMDALA_18825 glutamate synthase,Unmatched,0,0,0
FMDALA_18830 DNA-binding response regulator,Unmatched,0,0,0
FMDALA_18835 heme oxygenase,Unmatched,0,0,0
FMDALA_18845 PIN domain nuclease,Unmatched,0,0,0
FMDALA_18850 DUF2281 domain-containing protein,Unmatched,0,0,0
FMDALA_18855 hypothetical protein,Unmatched,0,0,0
FMDALA_18860 hypothetical protein,Unmatched,0,0,0
FMDALA_18865 DUF4149 domain-containing protein,Unmatched,0,0,0
FMDALA_18870 hypothetical protein,Unmatched,0,0,0
FMDALA_18875 hypothetical protein,Unmatched,0,0,0
FMDALA_18880 V8-like Glu-specific endopeptidase,Unmatched,0,0,0
FMDALA_18885 serine protease,Unmatched,0,0,0
FMDALA_18890 Circadian oscillating protein COP23,Unmatched,0,0,0
FMDALA_18895 isocitrate dehydrogenase,Unmatched,0,0,0
FMDALA_18900 NifU-like domain-containing protein,Unmatched,0,0,0
FMDALA_18905 DUF3386 domain-containing protein,Unmatched,0,0,0
FMDALA_18910 serine/threonine-protein kinase pkn1,Unmatched,0,0,0
FMDALA_18915 clan AA aspartic protease,Unmatched,0,0,0
FMDALA_18920 hypothetical protein,Unmatched,0,0,0
FMDALA_18925 hypothetical protein,Unmatched,0,0,0
FMDALA_18930 2TM domain-containing protein,Unmatched,0,0,0
FMDALA_18935 FADH(2)-oxidizing methylenetetrahydrofolate--tRNA-(uracil(54)-C(5))-methyltransferase TrmFO,Unmatched,0,0,0
FMDALA_18940 thylakoid-associated protein,Unmatched,0,0,0
FMDALA_18945 Uncharacterized PIN and TRAM-domain containing protein slr1972,Unmatched,0,0,0
FMDALA_18950 radical SAM family heme chaperone HemW,Unmatched,0,0,0
FMDALA_18955 cupin,Unmatched,0,0,0
FMDALA_18960 Shikimate kinase,Unmatched,0,0,0
FMDALA_18965 oxidoreductase,Unmatched,0,0,0
FMDALA_18970 DNA-binding protein,Unmatched,0,0,0
FMDALA_18975 AbrB/MazE/SpoVT family DNA-binding domain-containing protein,Unmatched,0,0,0
FMDALA_18980 hypothetical protein,Unmatched,0,0,0
FMDALA_18985 hypothetical protein,Unmatched,0,0,0
FMDALA_18990 histidinol dehydrogenase,Unmatched,0,0,0
FMDALA_18995 hypothetical protein,Unmatched,0,0,0
FMDALA_19000 methionine synthase,Unmatched,0,0,0
FMDALA_19005 sporulation protein SpoIID,Unmatched,0,0,0
FMDALA_19010 Type I site-specific deoxyribonuclease,Unmatched,0,0,0
FMDALA_19015 DUF5615 domain-containing protein,Unmatched,0,0,0
FMDALA_19020 hypothetical protein,Unmatched,0,0,0
FMDALA_19025 PINc domain-containing protein,Unmatched,0,0,0
FMDALA_19030 hypothetical protein,Unmatched,0,0,0
FMDALA_19035 DUF29 domain-containing protein,Unmatched,0,0,0
FMDALA_19040 hypothetical protein,Unmatched,0,0,0
FMDALA_19045 hypothetical protein,Unmatched,0,0,0
FMDALA_19050 CHAT domain-containing protein,Unmatched,0,0,0
FMDALA_19060 Similar to tr|Q7NFK4|Q7NFK4,Unmatched,0,0,0
FMDALA_19065 hypothetical protein,Unmatched,0,0,0
FMDALA_19070 hypothetical protein,Unmatched,0,0,0
FMDALA_19075 DUF760 domain-containing protein,Unmatched,0,0,0
FMDALA_19080 GuaB3 family IMP dehydrogenase-related protein,Unmatched,0,0,0
FMDALA_19085 hypothetical protein,Unmatched,0,0,0
FMDALA_19090 NC domain-containing protein,Unmatched,0,0,0
FMDALA_19095 hypothetical protein,Unmatched,0,0,0
FMDALA_19100 phosphoribosyltransferase,Unmatched,0,0,0
FMDALA_19105 cytochrome d ubiquinol oxidase subunit II,Unmatched,0,0,0
FMDALA_19110 cytochrome ubiquinol oxidase subunit I,Unmatched,0,0,0
FMDALA_19115 tRNA uridine-5-carboxymethylaminomethyl(34) synthesis enzyme MnmG,Unmatched,0,0,0
FMDALA_19120 hypothetical protein,Unmatched,0,0,0
FMDALA_19125 DUF3086 domain-containing protein,Unmatched,0,0,0
FMDALA_19130 DUF3119 domain-containing protein,Unmatched,0,0,0
FMDALA_19135 manganese ABC transporter ATP-binding protein,Unmatched,0,0,0
FMDALA_19140 signal recognition particle-docking protein FtsY,Unmatched,0,0,0
FMDALA_19145 Putative restriction endonuclease,Unmatched,0,0,0
FMDALA_19150 PCP-red domain-containing protein,Unmatched,0,0,0
FMDALA_19155 Putative restriction endonuclease,Unmatched,0,0,0
FMDALA_19160 Proto-chlorophyllide reductase 57 kD subunit,Unmatched,0,0,0
"FMDALA_19165 GTP 3',8-cyclase MoaA",Unmatched,0,0,0
FMDALA_19170 DUF3370 domain-containing protein,Unmatched,0,0,0
FMDALA_19175 WD40-like beta Propeller containing protein,Unmatched,0,0,0
FMDALA_19180 hypothetical protein,Unmatched,0,0,0
FMDALA_19185 tRNA-Asp(gtc),Unmatched,0,0,0
FMDALA_19190 glycogen phosphorylase,Unmatched,0,0,0
FMDALA_19195 dihydroflavonol 4-reductase,Unmatched,0,0,0
FMDALA_19200 fluoride efflux transporter CrcB,Unmatched,0,0,0
FMDALA_19205 fluoride efflux transporter CrcB,Unmatched,0,0,0
FMDALA_19210 16S rRNA (adenine(1518)-N(6)/adenine(1519)-N(6))-dimethyltransferase RsmA,Unmatched,0,0,0
FMDALA_19215 4-(cytidine 5'-diphospho)-2-C-methyl-D-erythritol kinase,Unmatched,0,0,0
FMDALA_19220 Urease accessory protein UreD,Unmatched,0,0,0
FMDALA_19225 hypothetical protein,Unmatched,0,0,0
FMDALA_19230 hypothetical protein,Unmatched,0,0,0
FMDALA_19235 ATP-binding protein,Unmatched,0,0,0
FMDALA_19240 DUF4276 domain-containing protein,Unmatched,0,0,0
FMDALA_19245 DNA gyrase subunit A,Unmatched,0,0,0
FMDALA_19250 DNA uptake protein,Unmatched,0,0,0
FMDALA_19255 TM2 domain-containing protein,Unmatched,0,0,0
FMDALA_19260 class III poly(R)-hydroxyalkanoic acid synthase subunit PhaC,Unmatched,0,0,0
FMDALA_19265 geranylgeranyl reductase,Unmatched,0,0,0
FMDALA_19270 Domain of unknown function DUF29,Unmatched,0,0,0
FMDALA_19275 hypothetical protein,Unmatched,0,0,0
FMDALA_19280 DUF1294 domain-containing protein,Unmatched,0,0,0
FMDALA_19285 hypothetical protein,Unmatched,0,0,0
FMDALA_19290 DNA-binding protein,Unmatched,0,0,0
FMDALA_19295 hypothetical protein,Unmatched,0,0,0
FMDALA_19300 hypothetical protein,Unmatched,0,0,0
FMDALA_19305 hypothetical protein,Unmatched,0,0,0
FMDALA_19310 hypothetical protein,Unmatched,0,0,0
FMDALA_19315 Cytochrome b6-f complex iron-sulfur subunit,Unmatched,0,0,0
FMDALA_19320 hypothetical protein,Unmatched,0,0,0
FMDALA_19325 Txe/YoeB family addiction module toxin,Unmatched,0,0,0
FMDALA_19330 prevent-host-death protein,Unmatched,0,0,0
FMDALA_19335 IS110 family transposase,Unmatched,0,0,0
FMDALA_19340 Transposase IS116/IS110/IS902 family protein,Unmatched,0,0,0
FMDALA_19345 hypothetical protein,Unmatched,0,0,0
FMDALA_19350 Similar to tr|P73252|P73252,Unmatched,0,0,0
"FMDALA_19355 putative toxin-antitoxin system toxin component, PIN family",Unmatched,0,0,0
FMDALA_19360 DUF2442 domain-containing protein,Unmatched,0,0,0
FMDALA_19365 hypothetical protein,Unmatched,0,0,0
FMDALA_19370 Similarity,Unmatched,0,0,0
"FMDALA_19375 addiction module toxin, HicA family",Unmatched,0,0,0
FMDALA_19380 Similarity,Unmatched,0,0,0
FMDALA_19385 transposase,Unmatched,0,0,0
FMDALA_19390 HigA family addiction module antitoxin,Unmatched,0,0,0
FMDALA_19395 hypothetical protein,Unmatched,0,0,0
FMDALA_19400 trypsin,Unmatched,0,0,0
FMDALA_19405 Circadian oscillating protein COP23,Unmatched,0,0,0
FMDALA_19410 Site-specific DNA-methyltransferase (cytosine-N(4)-specific),Unmatched,0,0,0
FMDALA_19415 hypothetical protein,Unmatched,0,0,0
FMDALA_19420 Response regulatory domain-containing protein,Unmatched,0,0,0
FMDALA_19425 adenylosuccinate lyase,Unmatched,0,0,0
FMDALA_19430 hypothetical protein,Unmatched,0,0,0
FMDALA_19435 hypothetical protein,Unmatched,0,0,0
FMDALA_19440 YiaAB domain-containing protein,Unmatched,0,0,0
FMDALA_19445 hypothetical protein,Unmatched,0,0,0
FMDALA_19450 pilus assembly protein PilB,Unmatched,0,0,0
FMDALA_19455 pyruvate kinase,Unmatched,0,0,0
FMDALA_19460 S-layer protein,Unmatched,0,0,0
FMDALA_19465 Ycf66 protein N-terminus,Unmatched,0,0,0
FMDALA_19470 biopolymer transporter Tol,Unmatched,0,0,0
FMDALA_19475 Tol biopolymer transporter periplasmic protein,Unmatched,0,0,0
FMDALA_19480 Patatin-like phospholipase,Unmatched,0,0,0
FMDALA_19485 Putative restriction endonuclease,Unmatched,0,0,0
FMDALA_19490 glucose-6-phosphate dehydrogenase assembly protein OpcA,Unmatched,0,0,0
FMDALA_19495 glucose-6-phosphate dehydrogenase,Unmatched,0,0,0
FMDALA_19500 S-layer protein,Unmatched,0,0,0
"FMDALA_19505 TamB, inner membrane protein subunit of TAM complex",Unmatched,0,0,0
FMDALA_19510 N-acetyltransferase,Unmatched,0,0,0
FMDALA_19515 DUF3854 domain-containing protein,Unmatched,0,0,0
FMDALA_19520 ribonucleoside-diphosphate reductase subunit alpha,Unmatched,0,0,0
FMDALA_19525 DUF29 domain-containing protein,Unmatched,0,0,0
FMDALA_19530 DUF29 domain-containing protein,Unmatched,0,0,0
FMDALA_19535 hypothetical protein,Unmatched,0,0,0
FMDALA_19540 DUF29 domain-containing protein,Unmatched,0,0,0
FMDALA_19545 Ribonucleoside-diphosphate reductase,Unmatched,0,0,0
"FMDALA_19550 Ribonucleotide reductase of class Ia (Aerobic), beta subunit",Unmatched,0,0,0
FMDALA_19555 cation-transporting P-type ATPase,Unmatched,0,0,0
FMDALA_19560 hypothetical protein,Unmatched,0,0,0
FMDALA_19565 carbonic anhydrase,Unmatched,0,0,0
FMDALA_19570 50S ribosomal protein L19,Unmatched,0,0,0
FMDALA_19575 tRNA-Trp(cca),Unmatched,0,0,0
FMDALA_19580 preprotein translocase subunit SecE,Unmatched,0,0,0
FMDALA_19585 transcription termination/antitermination protein NusG,Unmatched,0,0,0
FMDALA_19590 50S ribosomal protein L11,Unmatched,0,0,0
FMDALA_19595 50S ribosomal protein L1,Unmatched,0,0,0
"FMDALA_19600 Transposase, IS608 family",Unmatched,0,0,0
FMDALA_19605 hypothetical protein,Unmatched,0,0,0
FMDALA_19610 hypothetical protein,Unmatched,0,0,0
FMDALA_19615 hypothetical protein,Unmatched,0,0,0
FMDALA_19620 bifunctional riboflavin kinase/FAD synthetase,Unmatched,0,0,0
FMDALA_19625 hypothetical protein,Unmatched,0,0,0
FMDALA_19630 hypothetical protein,Unmatched,0,0,0
FMDALA_19635 magnesium chelatase,Unmatched,0,0,0
FMDALA_19640 cysteine protease,Unmatched,0,0,0
FMDALA_19645 Inhibitor-I42 domain-containing protein,Unmatched,0,0,0
FMDALA_19650 IctB family putative bicarbonate transporter,Unmatched,0,0,0
FMDALA_19655 preprotein translocase subunit Tim44,Unmatched,0,0,0
FMDALA_19660 DNA sulfur modification protein DndD,Unmatched,0,0,0
FMDALA_19665 DNA sulfur modification protein DndE,Unmatched,0,0,0
FMDALA_19670 hypothetical protein,Unmatched,0,0,0
FMDALA_19675 DUF1049 domain-containing protein,Unmatched,0,0,0
FMDALA_19680 NAD(P)H-dependent glycerol-3-phosphate dehydrogenase,Unmatched,0,0,0
FMDALA_19685 NUDIX hydrolase,Unmatched,0,0,0
FMDALA_19690 ABC transporter permease,Unmatched,0,0,0
FMDALA_19710 tRNA-Ala(tgc),Unmatched,0,0,0
FMDALA_19725 6-aminohexanoate hydrolase,Unmatched,0,0,0
FMDALA_19730 high-affinity branched-chain amino acid ABC transporter ATP-binding protein LivG,Unmatched,0,0,0
FMDALA_19735 hypothetical protein,Unmatched,0,0,0
FMDALA_19740 hypothetical protein,Unmatched,0,0,0
FMDALA_19745 clan AA aspartic protease,Unmatched,0,0,0
FMDALA_19750 hypothetical protein,Unmatched,0,0,0
FMDALA_19755 DUF4258 domain-containing protein,Unmatched,0,0,0
FMDALA_19760 hypothetical protein,Unmatched,0,0,0
FMDALA_19765 DNA-binding protein,Unmatched,0,0,0
FMDALA_19770 hypothetical protein,Unmatched,0,0,0
FMDALA_19775 hypothetical protein,Unmatched,0,0,0
FMDALA_19780 PEP-CTERM domain-containing protein,Unmatched,0,0,0
FMDALA_19785 2-hydroxy-3-keto-5-methylthiopentenyl-1-phosphate phosphatase,Unmatched,0,0,0
FMDALA_19790 hydrolase,Unmatched,0,0,0
FMDALA_19795 [cytidine(C)-cytidine(C)-adenosine (A)]-adding enzyme,Unmatched,0,0,0
FMDALA_19800 Hypothetical chloroplast protein Ycf34,Unmatched,0,0,0
FMDALA_19805 hypothetical protein,Unmatched,0,0,0
FMDALA_19810 Similar to tr|Q8YKM7|Q8YKM7,Unmatched,0,0,0
FMDALA_19815 clan AA aspartic protease,Unmatched,0,0,0
FMDALA_19820 NADH dehydrogenase,Unmatched,0,0,0
FMDALA_19825 hypothetical protein,Unmatched,0,0,0
FMDALA_19830 Transposase,Unmatched,0,0,0
FMDALA_19835 sulfate ABC transporter ATP-binding protein,Unmatched,0,0,0
FMDALA_19840 sulfite exporter TauE/SafE family protein,Unmatched,0,0,0
FMDALA_19845 DUF202 domain-containing protein,Unmatched,0,0,0
FMDALA_19850 transporter,Unmatched,0,0,0
FMDALA_19855 LysR family transcriptional regulator,Unmatched,0,0,0
FMDALA_19860 DUF29 domain-containing protein,Unmatched,0,0,0
FMDALA_19865 N6-Mtase domain-containing protein,Unmatched,0,0,0
FMDALA_19870 iron-sulfur cluster assembly accessory protein,Unmatched,0,0,0
FMDALA_19875 hypothetical protein,Unmatched,0,0,0
"FMDALA_19880 Mycobacterial 4 TMS phage holin, superfamily IV",Unmatched,0,0,0
FMDALA_19885 DO-GTPase2 domain-containing protein,Unmatched,0,0,0
FMDALA_19890 Robl-LC7 domain-containing protein,Unmatched,0,0,0
FMDALA_19895 RluA family pseudouridine synthase,Unmatched,0,0,0
FMDALA_19900 saccharopine dehydrogenase-like oxidoreductase,Unmatched,0,0,0
FMDALA_19905 DUF2997 domain-containing protein,Unmatched,0,0,0
FMDALA_19910 DUF1257 domain-containing protein,Unmatched,0,0,0
FMDALA_19915 ferredoxin,Unmatched,0,0,0
FMDALA_19920 hypothetical protein,Unmatched,0,0,0
FMDALA_19925 DUF2442 domain-containing protein,Unmatched,0,0,0
FMDALA_19930 TrkA family potassium uptake protein,Unmatched,0,0,0
FMDALA_19935 Na(+)/H(+) antiporter NhaS2,Unmatched,0,0,0
FMDALA_19940 hypothetical protein,Unmatched,0,0,0
"FMDALA_19945 Endonuclease, Uma2 family (restriction endonuclease fold)",Unmatched,0,0,0
FMDALA_19950 DUF29 domain-containing protein,Unmatched,0,0,0
FMDALA_19955 HD domain-containing protein,Unmatched,0,0,0
FMDALA_19960 hypothetical protein,Unmatched,0,0,0
FMDALA_19965 hypothetical protein,Unmatched,0,0,0
FMDALA_19970 hypothetical protein,Unmatched,0,0,0
FMDALA_19975 clan AA aspartic protease,Unmatched,0,0,0
FMDALA_19980 Polbeta domain-containing protein,Unmatched,0,0,0
FMDALA_19985 Ribonuclease HepT-like,Unmatched,0,0,0
FMDALA_19990 UDP-3-O-acyl-N-acetylglucosamine deacetylase,Unmatched,0,0,0
FMDALA_19995 outer membrane protein assembly factor,Unmatched,0,0,0
FMDALA_20000 hypothetical protein,Unmatched,0,0,0
FMDALA_20005 GUN4 domain-containing protein,Unmatched,0,0,0
FMDALA_20010 serine protease,Unmatched,0,0,0
FMDALA_20015 Circadian oscillating protein COP23,Unmatched,0,0,0
FMDALA_20020 Non-specific serine/threonine protein kinase,Unmatched,0,0,0
FMDALA_20025 hypothetical protein,Unmatched,0,0,0
FMDALA_20030 Uncharacterised protein family (UPF0175),Unmatched,0,0,0
FMDALA_20035 hypothetical protein,Unmatched,0,0,0
FMDALA_20040 RNB domain-containing ribonuclease,Unmatched,0,0,0
FMDALA_20045 biosynthetic arginine decarboxylase,Unmatched,0,0,0
FMDALA_20050 DUF4330 domain-containing protein,Unmatched,0,0,0
FMDALA_20055 recombination mediator RecR,Unmatched,0,0,0
FMDALA_20060 DUF29 domain-containing protein,Unmatched,0,0,0
FMDALA_20065 DUF29 domain-containing protein,Unmatched,0,0,0
FMDALA_20070 Lysylphosphatidylglycerol synthase TM region,Unmatched,0,0,0
FMDALA_20075 hypothetical protein,Unmatched,0,0,0
FMDALA_20080 Putative restriction endonuclease,Unmatched,0,0,0
FMDALA_20085 HlyD family secretion protein,Unmatched,0,0,0
FMDALA_20090 phosphate ABC transporter substrate-binding protein PstS,Unmatched,0,0,0
FMDALA_20095 hypothetical protein,Unmatched,0,0,0
FMDALA_20100 Mobile element protein,Unmatched,0,0,0
FMDALA_20105 biopolymer transporter,Unmatched,0,0,0
FMDALA_20110 helix-turn-helix transcriptional regulator,Unmatched,0,0,0
FMDALA_20115 Mobile element protein,Unmatched,0,0,0
FMDALA_20120 hypothetical protein,Unmatched,0,0,0
FMDALA_20125 bifunctional UDP-N-acetylglucosamine diphosphorylase/glucosamine-1-phosphate N-acetyltransferase GlmU,Unmatched,0,0,0
FMDALA_20130 DUF3370 domain-containing protein,Unmatched,0,0,0
FMDALA_20135 hypothetical protein,Unmatched,0,0,0
FMDALA_20140 thioredoxin family protein,Unmatched,0,0,0
FMDALA_20145 hypothetical protein,Unmatched,0,0,0
FMDALA_20150 carbohydrate kinase,Unmatched,0,0,0
FMDALA_20155 tocopherol cyclase,Unmatched,0,0,0
FMDALA_20160 hypothetical protein,Unmatched,0,0,0
FMDALA_20165 hypothetical protein,Unmatched,0,0,0
FMDALA_20170 potassium-transporting ATPase subunit KdpA,Unmatched,0,0,0
FMDALA_20175 potassium-transporting ATPase subunit KdpB,Unmatched,0,0,0
FMDALA_20180 DNA (cytosine-5-)-methyltransferase,Unmatched,0,0,0
FMDALA_20185 K(+)-transporting ATPase subunit C,Unmatched,0,0,0
FMDALA_20190 DUF218 domain-containing protein,Unmatched,0,0,0
FMDALA_20195 DNA topoisomerase 4 subunit A,Unmatched,0,0,0
FMDALA_20200 Response regulatory domain-containing protein,Unmatched,0,0,0
FMDALA_20205 D-alanyl-D-alanine dipeptidase,Unmatched,0,0,0
FMDALA_20210 DNA phosphorothioation system sulfurtransferase DndC,Unmatched,0,0,0
FMDALA_20215 DNA-sulfur modification-associated,Unmatched,0,0,0
FMDALA_20220 acyl carrier protein,Unmatched,0,0,0
FMDALA_20225 SAM-dependent methyltransferase,Unmatched,0,0,0
FMDALA_20230 serine endopeptidase inhibitor,Unmatched,0,0,0
FMDALA_20235 hypothetical protein,Unmatched,0,0,0
FMDALA_20240 non-ribosomal peptide synthetase,Unmatched,0,0,0
FMDALA_20250 Peptidase A2 domain-containing protein,Unmatched,0,0,0
FMDALA_20255 hypothetical protein,Unmatched,0,0,0
FMDALA_20265 PINc domain-containing protein,Unmatched,0,0,0
FMDALA_20270 DUF1815 domain-containing protein,Unmatched,0,0,0
FMDALA_20275 precorrin-3B C(17)-methyltransferase,Unmatched,0,0,0
FMDALA_20280 Uma2 family endonuclease,Unmatched,0,0,0
FMDALA_20285 hypothetical protein,Unmatched,0,0,0
FMDALA_20290 hypothetical protein,Unmatched,0,0,0
FMDALA_20295 SDR family oxidoreductase,Unmatched,0,0,0
FMDALA_20300 GTP cyclohydrolase I FolE,Unmatched,0,0,0
FMDALA_20305 hypothetical protein,Unmatched,0,0,0
FMDALA_20310 phosphoribosylanthranilate isomerase,Unmatched,0,0,0
FMDALA_20315 photosystem I reaction center subunit PsaK,Unmatched,0,0,0
FMDALA_20320 IS5 family transposase,Unmatched,0,0,0
FMDALA_20325 hypothetical protein,Unmatched,0,0,0
FMDALA_20330 hypothetical protein,Unmatched,0,0,0
FMDALA_20335 DUF3011 domain-containing protein,Unmatched,0,0,0
FMDALA_20340 hypothetical protein,Unmatched,0,0,0
FMDALA_20345 DUF4164 domain-containing protein,Unmatched,0,0,0
FMDALA_20350 Shikimate dehydrogenase,Unmatched,0,0,0
FMDALA_20355 hypothetical protein,Unmatched,0,0,0
FMDALA_20360 hypothetical protein,Unmatched,0,0,0
FMDALA_20365 Putative restriction endonuclease,Unmatched,0,0,0
FMDALA_20370 acetyl-CoA carboxylase biotin carboxylase subunit,Unmatched,0,0,0
FMDALA_20375 histidinol dehydrogenase,Unmatched,0,0,0
FMDALA_20380 ABC transporter permease,Unmatched,0,0,0
FMDALA_20385 glucose-6-phosphate isomerase,Unmatched,0,0,0
FMDALA_20390 tRNA dihydrouridine synthase DusB,Unmatched,0,0,0
FMDALA_20395 hypothetical protein,Unmatched,0,0,0
FMDALA_20400 hypothetical protein,Unmatched,0,0,0
FMDALA_20405 hypothetical protein,Unmatched,0,0,0
FMDALA_20410 Group 1 truncated hemoglobin,Unmatched,0,0,0
FMDALA_20415 hypothetical protein,Unmatched,0,0,0
FMDALA_20420 hypothetical protein,Unmatched,0,0,0
FMDALA_20425 hypothetical protein,Unmatched,0,0,0
FMDALA_20430 Endonuclease XisH,Unmatched,0,0,0
FMDALA_20435 hypothetical protein,Unmatched,0,0,0
FMDALA_20440 phosphohistidine phosphatase SixA,Unmatched,0,0,0
FMDALA_20445 exopolyphosphatase-like protein,Unmatched,0,0,0
FMDALA_20450 DNA methyltransferase,Unmatched,0,0,0
FMDALA_20455 endonuclease,Unmatched,0,0,0
FMDALA_20460 hypothetical protein,Unmatched,0,0,0
FMDALA_20465 peptidase,Unmatched,0,0,0
FMDALA_20470 tRNA-Met(cat),Unmatched,0,0,0
FMDALA_20475 SAM-dependent methyltransferase,Unmatched,0,0,0
FMDALA_20480 DUF1778 domain-containing protein,Unmatched,0,0,0
FMDALA_20485 caspase family protein,Unmatched,0,0,0
FMDALA_20490 Calcium-binding protein,Unmatched,0,0,0
FMDALA_20495 pyruvate:ferredoxin (flavodoxin) oxidoreductase,Unmatched,0,0,0
FMDALA_20500 transcriptional repressor LexA,Unmatched,0,0,0
FMDALA_20505 DUF2389 domain-containing protein,Unmatched,0,0,0
FMDALA_20510 DUF4335 domain-containing protein,Unmatched,0,0,0
FMDALA_20515 DUF3038 domain-containing protein,Unmatched,0,0,0
FMDALA_20545 hypothetical protein,Unmatched,0,0,0
FMDALA_20550 MBL fold metallo-hydrolase,Unmatched,0,0,0
FMDALA_20555 methyltransferase type 11,Unmatched,0,0,0
FMDALA_20560 EamA family transporter,Unmatched,0,0,0
FMDALA_20565 AI-2E family transporter,Unmatched,0,0,0
FMDALA_20570 shikimate dehydrogenase,Unmatched,0,0,0
FMDALA_20575 Similar to tr|P73253|P73253,Unmatched,0,0,0
FMDALA_20580 amino acid ABC transporter permease,Unmatched,0,0,0
FMDALA_20585 single-stranded DNA-binding protein,Unmatched,0,0,0
FMDALA_20590 hypothetical protein,Unmatched,0,0,0
FMDALA_20595 Type II toxin-antitoxin system VapC family toxin,Unmatched,0,0,0
FMDALA_20600 hypothetical protein,Unmatched,0,0,0
FMDALA_20605 Na+/H+ antiporter,Unmatched,0,0,0
FMDALA_20610 transposase,Unmatched,0,0,0
FMDALA_20615 hypothetical protein,Unmatched,0,0,0
FMDALA_20620 DUF1823 domain-containing protein,Unmatched,0,0,0
FMDALA_20625 carbon dioxide transporter,Unmatched,0,0,0
FMDALA_20630 GUN4 domain-containing protein,Unmatched,0,0,0
FMDALA_20635 Nitrate/nitrite transporter NrtS,Unmatched,0,0,0
FMDALA_20640 MFS transporter,Unmatched,0,0,0
FMDALA_20645 peroxiredoxin,Unmatched,0,0,0
FMDALA_20650 transposase,Unmatched,0,0,0
FMDALA_20655 peptidase C39,Unmatched,0,0,0
FMDALA_20660 HlyD family secretion protein,Unmatched,0,0,0
FMDALA_20665 peptidylprolyl isomerase,Unmatched,0,0,0
FMDALA_20670 BrnT family toxin,Unmatched,0,0,0
FMDALA_20675 BrnA antitoxin family protein,Unmatched,0,0,0
FMDALA_20680 Cofac-haem-bdg domain-containing protein,Unmatched,0,0,0
FMDALA_20685 ferredoxin-NADP reductase,Unmatched,0,0,0
FMDALA_20690 photosystem I reaction center subunit XII,Unmatched,0,0,0
FMDALA_20695 hypothetical protein,Unmatched,0,0,0
FMDALA_20700 23S rRNA (adenine(2503)-C(2))-methyltransferase RlmN,Unmatched,0,0,0
FMDALA_20705 hypothetical protein,Unmatched,0,0,0
FMDALA_20710 hypothetical protein,Unmatched,0,0,0
FMDALA_20715 hypothetical protein,Unmatched,0,0,0
FMDALA_20720 HEAT repeat domain-containing protein,Unmatched,0,0,0
FMDALA_20725 hypothetical protein,Unmatched,0,0,0
FMDALA_20730 Transposase,Unmatched,0,0,0
FMDALA_20735 hypothetical protein,Unmatched,0,0,0
FMDALA_20740 Similarity,Unmatched,0,0,0
FMDALA_20745 hypothetical protein,Unmatched,0,0,0
FMDALA_20750 hypothetical protein,Unmatched,0,0,0
FMDALA_20755 transposase,Unmatched,0,0,0
FMDALA_20760 DUF4276 domain-containing protein,Unmatched,0,0,0
FMDALA_20765 hypothetical protein,Unmatched,0,0,0
FMDALA_20770 ATPase-AAA-core domain-containing protein,Unmatched,0,0,0
FMDALA_20775 hypothetical protein,Unmatched,0,0,0
FMDALA_20780 Adenylosuccinate lyase,Unmatched,0,0,0
FMDALA_20785 Transposase,Unmatched,0,0,0
FMDALA_20790 DUF4115 domain-containing protein,Unmatched,0,0,0
FMDALA_20795 Diheme cytochrome c family protein,Unmatched,0,0,0
FMDALA_20800 hypothetical protein,Unmatched,0,0,0
FMDALA_20805 hypothetical protein,Unmatched,0,0,0
FMDALA_20810 AAA+ family ATPase,Unmatched,0,0,0
FMDALA_20815 WD40 repeat domain-containing protein,Unmatched,0,0,0
FMDALA_20820 glycosyl transferase family 1,Unmatched,0,0,0
FMDALA_20825 mannosyltransferase,Unmatched,0,0,0
FMDALA_20830 site-specific DNA-methyltransferase,Unmatched,0,0,0
FMDALA_20835 Zn-dependent hydrolase,Unmatched,0,0,0
FMDALA_20840 decarboxylating NADP(+)-dependent phosphogluconate dehydrogenase,Unmatched,0,0,0
FMDALA_20845 ribonuclease HII,Unmatched,0,0,0
FMDALA_20850 ribonuclease E/G,Unmatched,0,0,0
FMDALA_20855 hypothetical protein,Unmatched,0,0,0
FMDALA_20860 Serine/threonine-protein kinase PrkC,Unmatched,0,0,0
FMDALA_20865 carbon dioxide transporter,Unmatched,0,0,0
FMDALA_20870 NADH-quinone oxidoreductase subunit M,Unmatched,0,0,0
FMDALA_20875 carbonate dehydratase,Unmatched,0,0,0
FMDALA_20880 NAD(P)H-quinone oxidoreductase subunit F,Unmatched,0,0,0
FMDALA_20885 LysR family transcriptional regulator,Unmatched,0,0,0
FMDALA_20890 Putative restriction endonuclease,Unmatched,0,0,0
FMDALA_20895 GRRM system radical SAM/SPASM domain protein,Unmatched,0,0,0
FMDALA_20900 murein transglycosylase,Unmatched,0,0,0
FMDALA_20905 protein-methionine-sulfoxide reductase catalytic subunit MsrP,Unmatched,0,0,0
FMDALA_20910 cytochrome P450,Unmatched,0,0,0
FMDALA_20915 TVP38/TMEM64 family protein,Unmatched,0,0,0
FMDALA_20920 mercuric reductase,Unmatched,0,0,0
FMDALA_20925 PIN domain nuclease,Unmatched,0,0,0
FMDALA_20930 type II toxin-antitoxin system prevent-host-death family antitoxin,Unmatched,0,0,0
FMDALA_20935 hypothetical protein,Unmatched,0,0,0
FMDALA_20940 hypothetical protein,Unmatched,0,0,0
FMDALA_20945 VapC toxin family PIN domain ribonuclease,Unmatched,0,0,0
FMDALA_20950 hypothetical protein,Unmatched,0,0,0
FMDALA_20955 hypothetical protein,Unmatched,0,0,0
FMDALA_20960 VapC toxin family PIN domain ribonuclease,Unmatched,0,0,0
FMDALA_20965 hypothetical protein,Unmatched,0,0,0
"FMDALA_20970 HicA toxin of bacterial toxin-antitoxin,",Unmatched,0,0,0
FMDALA_20975 type II toxin-antitoxin system HicB family antitoxin,Unmatched,0,0,0
FMDALA_20980 Choloylglycine hydrolase,Unmatched,0,0,0
FMDALA_20985 hypothetical protein,Unmatched,0,0,0
FMDALA_20990 serine/threonine protein kinase,Unmatched,0,0,0
"FMDALA_20995 lignostilbene-alpha,beta-dioxygenase",Unmatched,0,0,0
FMDALA_21000 AAA-like domain-containing protein,Unmatched,0,0,0
FMDALA_21005 thioredoxin domain-containing protein,Unmatched,0,0,0
FMDALA_21010 Chromophore lyase CpcT/CpeT 3,Unmatched,0,0,0
FMDALA_21015 porphobilinogen synthase,Unmatched,0,0,0
FMDALA_21020 GTP cyclohydrolase I FolE,Unmatched,0,0,0
FMDALA_21025 DUF5132 domain-containing protein,Unmatched,0,0,0
FMDALA_21030 DUF454 domain-containing protein,Unmatched,0,0,0
FMDALA_21035 Transposase,Unmatched,0,0,0
FMDALA_21040 DDE-3 domain-containing protein,Unmatched,0,0,0
FMDALA_21045 murein biosynthesis integral membrane protein MurJ,Unmatched,0,0,0
FMDALA_21050 hypothetical protein,Unmatched,0,0,0
FMDALA_21055 Protein translocase subunit SecA,Unmatched,0,0,0
FMDALA_21060 IrrE N-terminal-like domain-containing protein,Unmatched,0,0,0
FMDALA_21065 hypothetical protein,Unmatched,0,0,0
FMDALA_21070 hypothetical protein,Unmatched,0,0,0
FMDALA_21075 DNA methyltransferase,Unmatched,0,0,0
FMDALA_21080 Similar to tr|Q8YLW6|Q8YLW6,Unmatched,0,0,0
FMDALA_21085 PIN-10 domain-containing protein,Unmatched,0,0,0
FMDALA_21090 50S ribosomal protein L28,Unmatched,0,0,0
FMDALA_21095 photosystem I reaction center subunit PsaK,Unmatched,0,0,0
FMDALA_21100 amino acid ABC transporter permease,Unmatched,0,0,0
FMDALA_21105 hypothetical protein,Unmatched,0,0,0
FMDALA_21110 DUF4336 domain-containing protein,Unmatched,0,0,0
FMDALA_21115 50S ribosome-binding GTPase,Unmatched,0,0,0
FMDALA_21120 FRG domain-containing protein,Unmatched,0,0,0
FMDALA_21125 Slr1168 protein,Unmatched,0,0,0
FMDALA_21130 DUF5615 domain-containing protein,Unmatched,0,0,0
FMDALA_21135 BrnT family toxin,Unmatched,0,0,0
FMDALA_21140 hypothetical protein,Unmatched,0,0,0
FMDALA_21145 cytidine deaminase,Unmatched,0,0,0
FMDALA_21150 putative DNA binding domain-containing protein,Unmatched,0,0,0
FMDALA_21155 Putative DNA binding domain-containing protein,Unmatched,0,0,0
FMDALA_21160 FAD-dependent oxidoreductase,Unmatched,0,0,0
FMDALA_21165 DUF4870 domain-containing protein,Unmatched,0,0,0
FMDALA_21170 phenylalanine--tRNA ligase subunit alpha,Unmatched,0,0,0
FMDALA_21175 RNA-binding protein,Unmatched,0,0,0
FMDALA_21180 Ssr3189 protein,Unmatched,0,0,0
FMDALA_21185 poly(A) polymerase,Unmatched,0,0,0
FMDALA_21190 photosystem II reaction center protein PsbZ,Unmatched,0,0,0
"FMDALA_21195 6,7-dimethyl-8-ribityllumazine synthase",Unmatched,0,0,0
FMDALA_21200 hypothetical protein,Unmatched,0,0,0
FMDALA_21205 tRNA-Gly(gcc),Unmatched,0,0,0
FMDALA_21210 hypothetical protein,Unmatched,0,0,0
FMDALA_21215 glutamate-5-semialdehyde dehydrogenase,Unmatched,0,0,0
FMDALA_21220 ABC transporter permease,Unmatched,0,0,0
FMDALA_21225 NAD(P)H-quinone oxidoreductase subunit 5,Unmatched,0,0,0
FMDALA_21230 ATPase,Unmatched,0,0,0
FMDALA_21235 Peptidase-S8 domain-containing protein,Unmatched,0,0,0
FMDALA_21240 hypothetical protein,Unmatched,0,0,0
FMDALA_21245 hypothetical protein,Unmatched,0,0,0
FMDALA_21250 peptidase,Unmatched,0,0,0
FMDALA_21255 preprotein translocase subunit SecG,Unmatched,0,0,0
FMDALA_21260 hypothetical protein,Unmatched,0,0,0
"FMDALA_21265 2,3-bisphosphoglycerate-independent phosphoglycerate mutase",Unmatched,0,0,0
FMDALA_21270 porin,Unmatched,0,0,0
FMDALA_21275 GUN4 domain-containing protein,Unmatched,0,0,0
FMDALA_21280 hypothetical protein,Unmatched,0,0,0
FMDALA_21285 hypothetical protein,Unmatched,0,0,0
FMDALA_21290 HicB-like domain-containing protein,Unmatched,0,0,0
FMDALA_21295 Transposase,Unmatched,0,0,0
FMDALA_21300 hypothetical protein,Unmatched,0,0,0
FMDALA_21305 hypothetical protein,Unmatched,0,0,0
FMDALA_21310 cell death suppressor protein Lls1,Unmatched,0,0,0
FMDALA_21315 hypothetical protein,Unmatched,0,0,0
FMDALA_21320 hypothetical protein,Unmatched,0,0,0
FMDALA_21325 serine protease,Unmatched,0,0,0
FMDALA_21330 group II intron reverse transcriptase/maturase,Unmatched,0,0,0
FMDALA_21335 DNA gyrase subunit A,Unmatched,0,0,0
FMDALA_21340 hypothetical protein,Unmatched,0,0,0
FMDALA_21345 DUF5615 domain-containing protein,Unmatched,0,0,0
FMDALA_21350 hypothetical protein,Unmatched,0,0,0
FMDALA_21355 PIN domain nuclease,Unmatched,0,0,0
FMDALA_21360 DUF2281 domain-containing protein,Unmatched,0,0,0
FMDALA_21365 SpoVT-AbrB domain-containing protein,Unmatched,0,0,0
FMDALA_21370 hypothetical protein,Unmatched,0,0,0
FMDALA_21375 PIN domain nuclease,Unmatched,0,0,0
FMDALA_21380 Cytotoxic translational repressor of toxin-antitoxin stability system,Unmatched,0,0,0
FMDALA_21385 hypothetical protein,Unmatched,0,0,0
FMDALA_21390 hypothetical protein,Unmatched,0,0,0
FMDALA_21395 Similarity,Unmatched,0,0,0
FMDALA_21400 PemK family transcriptional regulator,Unmatched,0,0,0
FMDALA_21405 Putative restriction endonuclease,Unmatched,0,0,0
FMDALA_21410 Putative restriction endonuclease,Unmatched,0,0,0
FMDALA_21415 ABC transporter,Unmatched,0,0,0
FMDALA_21420 ABC transporter permease,Unmatched,0,0,0
FMDALA_21425 MFS transporter,Unmatched,0,0,0
FMDALA_21430 ABC transporter ATP-binding protein,Unmatched,0,0,0
FMDALA_21440 D-alanine--D-alanine ligase,Unmatched,0,0,0
FMDALA_21445 ATP-grasp enzyme,Unmatched,0,0,0
FMDALA_21450 SAM-dependent methyltransferase,Unmatched,0,0,0
FMDALA_21455 3-dehydroquinate synthase,Unmatched,0,0,0
FMDALA_21460 hypothetical protein,Unmatched,0,0,0
FMDALA_21465 nicotinate-nucleotide adenylyltransferase,Unmatched,0,0,0
FMDALA_21470 NUDIX hydrolase,Unmatched,0,0,0
FMDALA_21475 NAD+ synthase,Unmatched,0,0,0
FMDALA_21480 folate-binding protein YgfZ,Unmatched,0,0,0
FMDALA_21485 hypothetical protein,Unmatched,0,0,0
FMDALA_21490 type I glyceraldehyde-3-phosphate dehydrogenase,Unmatched,0,0,0
FMDALA_21495 phosphoketolase,Unmatched,0,0,0
FMDALA_21500 hypothetical protein,Unmatched,0,0,0
FMDALA_21505 Twitching motility protein PilT,Unmatched,0,0,0
FMDALA_21510 hypothetical protein,Unmatched,0,0,0
FMDALA_21515 2-oxoisovalerate dehydrogenase,Unmatched,0,0,0
FMDALA_21520 DUF433 domain-containing protein,Unmatched,0,0,0
FMDALA_21525 PINc domain-containing protein,Unmatched,0,0,0
FMDALA_21530 hypothetical protein,Unmatched,0,0,0
"FMDALA_21535 putative nucleic acid-binding protein, contains PIN domain",Unmatched,0,0,0
FMDALA_21540 Uncharacterised protein family (UPF0175),Unmatched,0,0,0
"FMDALA_21545 PIN domain protein, putative",Unmatched,0,0,0
FMDALA_21550 transcriptional regulator,Unmatched,0,0,0
FMDALA_21555 transposase,Unmatched,0,0,0
FMDALA_21560 phenylalanine--tRNA ligase subunit beta,Unmatched,0,0,0
FMDALA_21565 ATPase,Unmatched,0,0,0
FMDALA_21570 DUF3226 domain-containing protein,Unmatched,0,0,0
FMDALA_21575 iron-regulated protein,Unmatched,0,0,0
FMDALA_21580 ABC transporter ATP-binding protein,Unmatched,0,0,0
FMDALA_21585 MCE family protein,Unmatched,0,0,0
FMDALA_21590 type II toxin-antitoxin system HicB family antitoxin,Unmatched,0,0,0
FMDALA_21595 Domain of unknown function DUF29,Unmatched,0,0,0
FMDALA_21600 DUF5678 domain-containing protein,Unmatched,0,0,0
FMDALA_21605 WD40 repeat domain-containing protein,Unmatched,0,0,0
FMDALA_21610 Putative restriction endonuclease,Unmatched,0,0,0
FMDALA_21625 DUF2235 domain-containing protein,Unmatched,0,0,0
FMDALA_21630 Glutamate-ammonia-ligase adenylyltransferase,Unmatched,0,0,0
FMDALA_21635 GUN4 domain-containing protein,Unmatched,0,0,0
FMDALA_21640 transcriptional regulator,Unmatched,0,0,0
FMDALA_21645 hypothetical protein,Unmatched,0,0,0
FMDALA_21650 Phosphomannomutase,Unmatched,0,0,0
FMDALA_21655 pyruvate dehydrogenase (acetyl-transferring) E1 component subunit alpha,Unmatched,0,0,0
FMDALA_21660 transposase,Unmatched,0,0,0
FMDALA_21665 molecular chaperone DnaJ,Unmatched,0,0,0
FMDALA_21670 stress-induced bacterial acidophilic repeat motif family protein,Unmatched,0,0,0
FMDALA_21675 hypothetical protein,Unmatched,0,0,0
FMDALA_21680 DUF2808 domain-containing protein,Unmatched,0,0,0
FMDALA_21685 SsrA-binding protein SmpB,Unmatched,0,0,0
FMDALA_21690 photosystem II biogenesis protein Psp29,Unmatched,0,0,0
"FMDALA_21695 7,8-didemethyl-8-hydroxy-5-deazariboflavin synthase subunit CofH",Unmatched,0,0,0
FMDALA_21700 Phosphoribosylformylglycinamidine cyclo-ligase,Unmatched,0,0,0
FMDALA_21705 DUF4164 domain-containing protein,Unmatched,0,0,0
FMDALA_21710 DNA repair protein RadC,Unmatched,0,0,0
FMDALA_21715 aspartate aminotransferase,Unmatched,0,0,0
FMDALA_21720 FAD-binding oxidoreductase,Unmatched,0,0,0
FMDALA_21725 glycolate oxidase,Unmatched,0,0,0
FMDALA_21730 phosphoglucosamine mutase,Unmatched,0,0,0
FMDALA_21735 hypothetical protein,Unmatched,0,0,0
FMDALA_21740 hypothetical protein,Unmatched,0,0,0
FMDALA_21745 Photosystem II manganese-stabilizing polypeptide,Unmatched,0,0,0
"FMDALA_21750 Putative type III restriction-modification system, methylation subunit",Unmatched,0,0,0
FMDALA_21755 hypothetical protein,Unmatched,0,0,0
FMDALA_21760 hypothetical protein,Unmatched,0,0,0
FMDALA_21765 low-complexity protein,Unmatched,0,0,0
FMDALA_21770 MFS transporter,Unmatched,0,0,0
FMDALA_21775 glycosyl transferase,Unmatched,0,0,0
FMDALA_21780 DUF2949 domain-containing protein,Unmatched,0,0,0
FMDALA_21785 Conserved nitrate reductase-associated protein (Nitr_red_assoc),Unmatched,0,0,0
FMDALA_21790 prephenate/arogenate dehydrogenase,Unmatched,0,0,0
FMDALA_21795 cupin domain-containing protein,Unmatched,0,0,0
FMDALA_21800 Polyketide cyclase / dehydrase and lipid transport,Unmatched,0,0,0
FMDALA_21805 hypothetical protein,Unmatched,0,0,0
FMDALA_21810 hypothetical protein,Unmatched,0,0,0
FMDALA_21815 hypothetical protein,Unmatched,0,0,0
FMDALA_21820 glucose-1-phosphate cytidylyltransferase,Unmatched,0,0,0
"FMDALA_21825 CDP-glucose 4,6-dehydratase",Unmatched,0,0,0
FMDALA_21830 hypothetical protein,Unmatched,0,0,0
"FMDALA_21835 CDP-glucose 4,6-dehydratase",Unmatched,0,0,0
FMDALA_21840 lipopolysaccharide biosynthesis protein RfbH,Unmatched,0,0,0
FMDALA_21845 Putative restriction endonuclease,Unmatched,0,0,0
FMDALA_21850 hypothetical protein,Unmatched,0,0,0
FMDALA_21855 Regulatory protein AfsR,Unmatched,0,0,0
FMDALA_21860 Tetratricopeptide repeat protein,Unmatched,0,0,0
FMDALA_21875 hypothetical protein,Unmatched,0,0,0
FMDALA_21885 DUF2283 domain-containing protein,Unmatched,0,0,0
FMDALA_21890 rod shape-determining protein RodA,Unmatched,0,0,0
FMDALA_21895 sodium:proton antiporter,Unmatched,0,0,0
FMDALA_21900 MOSC domain-containing protein,Unmatched,0,0,0
FMDALA_21905 glycosyl transferase group 1 family protein,Unmatched,0,0,0
FMDALA_21910 group 1 glycosyl transferase,Unmatched,0,0,0
FMDALA_21915 AtzE family amidohydrolase,Unmatched,0,0,0
FMDALA_21920 DUF4089 domain-containing protein,Unmatched,0,0,0
FMDALA_21925 radical SAM protein,Unmatched,0,0,0
FMDALA_21930 receptor ligand binding family protein,Unmatched,0,0,0
FMDALA_21935 glycosyltransferase,Unmatched,0,0,0
FMDALA_21940 urease accessory protein UreG,Unmatched,0,0,0
FMDALA_21945 Nucleoside triphosphate pyrophosphatase,Unmatched,0,0,0
FMDALA_21950 hypothetical protein,Unmatched,0,0,0
FMDALA_21955 hypothetical protein,Unmatched,0,0,0
FMDALA_21960 photosystem II oxygen evolving complex protein PsbP,Unmatched,0,0,0
FMDALA_21965 Mom72 protein,Unmatched,0,0,0
FMDALA_21970 ssl1498 family light-harvesting-like protein,Unmatched,0,0,0
FMDALA_21975 site-specific DNA-methyltransferase,Unmatched,0,0,0
FMDALA_21980 tryptophan--tRNA ligase,Unmatched,0,0,0
FMDALA_21985 dolichyl-phosphate-mannose--protein O-mannosyl transferase,Unmatched,0,0,0
FMDALA_21990 Putative restriction endonuclease,Unmatched,0,0,0
FMDALA_21995 DNA phosphorothioation-associated methyltransferase,Unmatched,0,0,0
FMDALA_22000 photosystem II S4 domain protein,Unmatched,0,0,0
FMDALA_22005 hypothetical protein,Unmatched,0,0,0
FMDALA_22010 HicB-like domain-containing protein,Unmatched,0,0,0
FMDALA_22015 efflux RND transporter periplasmic adaptor subunit,Unmatched,0,0,0
FMDALA_22020 DUF4327 domain-containing protein,Unmatched,0,0,0
FMDALA_22025 Acetylglutamate kinase,Unmatched,0,0,0
FMDALA_22030 amidohydrolase,Unmatched,0,0,0
FMDALA_22035 DUF29 domain-containing protein,Unmatched,0,0,0
FMDALA_22040 Uma2 domain-containing protein,Unmatched,0,0,0
FMDALA_22045 hypothetical protein,Unmatched,0,0,0
FMDALA_22050 class II glutamine amidotransferase,Unmatched,0,0,0
FMDALA_22055 cobalt ABC transporter,Unmatched,0,0,0
FMDALA_22060 Putative restriction endonuclease,Unmatched,0,0,0
FMDALA_22065 photosystem I iron-sulfur center protein PsaC,Unmatched,0,0,0
FMDALA_22070 acetate--CoA ligase,Unmatched,0,0,0
FMDALA_22075 Polysialic acid O-acetyltransferase,Unmatched,0,0,0
FMDALA_22080 N-acetyltransferase,Unmatched,0,0,0
FMDALA_22085 DUF1269 domain-containing protein,Unmatched,0,0,0
FMDALA_22090 CP12 domain-containing protein,Unmatched,0,0,0
FMDALA_22095 glycoside hydrolase,Unmatched,0,0,0
FMDALA_22100 ribosomal protein S18-alanine N-acetyltransferase,Unmatched,0,0,0
FMDALA_22105 hypothetical protein,Unmatched,0,0,0
FMDALA_22110 Transposase,Unmatched,0,0,0
FMDALA_22115 Transposase,Unmatched,0,0,0
FMDALA_22120 two-component system response regulator,Unmatched,0,0,0
FMDALA_22160 metal-binding protein,Unmatched,0,0,0
FMDALA_22165 glycosyltransferase,Unmatched,0,0,0
FMDALA_22170 M23 family peptidase,Unmatched,0,0,0
FMDALA_22175 serine--tRNA ligase,Unmatched,0,0,0
"FMDALA_22180 2,3-diketo-5-methylthiopentyl-1-phosphate enolase",Unmatched,0,0,0
FMDALA_22185 peptidylprolyl isomerase,Unmatched,0,0,0
FMDALA_22190 hypothetical protein,Unmatched,0,0,0
FMDALA_22195 histidine--tRNA ligase,Unmatched,0,0,0
FMDALA_22200 cadmium-translocating P-type ATPase,Unmatched,0,0,0
FMDALA_22205 hypothetical protein,Unmatched,0,0,0
FMDALA_22210 Yae1-N domain-containing protein,Unmatched,0,0,0
FMDALA_22215 flagellar assembly protein H,Unmatched,0,0,0
FMDALA_22220 hypothetical protein,Unmatched,0,0,0
FMDALA_22225 DUF1902 domain-containing protein,Unmatched,0,0,0
FMDALA_22230 prevent-host-death protein,Unmatched,0,0,0
FMDALA_22235 PIN domain nuclease,Unmatched,0,0,0
FMDALA_22240 hydroxylamine reductase,Unmatched,0,0,0
FMDALA_22245 bidirectional hydrogenase complex protein HoxU,Unmatched,0,0,0
FMDALA_22250 hypothetical protein,Unmatched,0,0,0
FMDALA_22255 hypothetical protein,Unmatched,0,0,0
FMDALA_22260 oxidoreductase,Unmatched,0,0,0
FMDALA_22265 ATP-dependent DNA helicase RecG,Unmatched,0,0,0
FMDALA_22270 hypothetical protein,Unmatched,0,0,0
FMDALA_22275 Rpn family recombination-promoting nuclease/putative transposase,Unmatched,0,0,0
FMDALA_22280 hydrogenase expression/formation protein HypE,Unmatched,0,0,0
FMDALA_22285 hydrogenase maturation nickel metallochaperone HypA,Unmatched,0,0,0
FMDALA_22290 hydrogenase nickel incorporation protein HypB,Unmatched,0,0,0
FMDALA_22295 transcriptional regulator,Unmatched,0,0,0
FMDALA_22300 restriction endonuclease,Unmatched,0,0,0
FMDALA_22305 UvrD-like helicase C-terminal domain-containing protein,Unmatched,0,0,0
FMDALA_22310 Proton extrusion protein PcxA,Unmatched,0,0,0
FMDALA_22315 hypothetical protein,Unmatched,0,0,0
FMDALA_22320 Magnesium and cobalt efflux protein CorC,Unmatched,0,0,0
FMDALA_22325 glycosyl hydrolase family 57,Unmatched,0,0,0
FMDALA_22330 segregation/condensation protein A,Unmatched,0,0,0
FMDALA_22335 pyridoxamine 5'-phosphate oxidase,Unmatched,0,0,0
FMDALA_22340 Trypco2 domain-containing protein,Unmatched,0,0,0
FMDALA_22345 hypothetical protein,Unmatched,0,0,0
FMDALA_22350 hypothetical protein,Unmatched,0,0,0
FMDALA_22355 hypothetical protein,Unmatched,0,0,0
FMDALA_22360 tRNA-Ile2(cat),Unmatched,0,0,0
"FMDALA_22365 addiction module toxin, HicA family",Unmatched,0,0,0
FMDALA_22370 hypothetical protein,Unmatched,0,0,0
FMDALA_22375 DNA-binding protein,Unmatched,0,0,0
FMDALA_22380 hypothetical protein,Unmatched,0,0,0
FMDALA_22385 nucleotidyltransferase domain-containing protein,Unmatched,0,0,0
"FMDALA_22390 addiction module toxin, HicA family",Unmatched,0,0,0
FMDALA_22395 hypothetical protein,Unmatched,0,0,0
FMDALA_22400 hypothetical protein,Unmatched,0,0,0
FMDALA_22405 VapC toxin family PIN domain ribonuclease,Unmatched,0,0,0
FMDALA_22410 hypothetical protein,Unmatched,0,0,0
FMDALA_22415 Protein kinase,Unmatched,0,0,0
FMDALA_22420 hypothetical protein,Unmatched,0,0,0
FMDALA_22425 Doublecortin domain-containing protein,Unmatched,0,0,0
FMDALA_22430 DNA adenine methylase,Unmatched,0,0,0
FMDALA_22435 Restriction endonuclease,Unmatched,0,0,0
FMDALA_22440 transketolase,Unmatched,0,0,0
FMDALA_22445 beta-ketoacyl-ACP synthase II,Unmatched,0,0,0
FMDALA_22450 acyl carrier protein,Unmatched,0,0,0
FMDALA_22455 hypothetical protein,Unmatched,0,0,0
FMDALA_22460 nitrogen fixation protein,Unmatched,0,0,0
FMDALA_22465 hypothetical protein,Unmatched,0,0,0
FMDALA_22470 Nif11 domain-containing protein,Unmatched,0,0,0
FMDALA_22475 hypothetical protein,Unmatched,0,0,0
FMDALA_22480 nif11-class peptide radical SAM maturase 3,Unmatched,0,0,0
FMDALA_22485 tryptophan synthase subunit alpha,Unmatched,0,0,0
FMDALA_22490 glycosyltransferase,Unmatched,0,0,0
FMDALA_22495 ABC transporter permease,Unmatched,0,0,0
FMDALA_22500 Acetylglutamate kinase,Unmatched,0,0,0
FMDALA_22505 anti-anti-sigma factor,Unmatched,0,0,0
FMDALA_22510 heterodisulfide reductase,Unmatched,0,0,0
FMDALA_22515 phospholipid-binding protein,Unmatched,0,0,0
FMDALA_22520 leucine--tRNA ligase,Unmatched,0,0,0
FMDALA_22525 hypothetical protein,Unmatched,0,0,0
FMDALA_22530 elongation factor G,Unmatched,0,0,0
FMDALA_22535 redox-regulated ATPase YchF,Unmatched,0,0,0
FMDALA_22540 restriction endonuclease subunit M,Unmatched,0,0,0
FMDALA_22545 hypothetical protein,Unmatched,0,0,0
FMDALA_22550 hypothetical protein,Unmatched,0,0,0
FMDALA_22555 NAD(P)H-quinone oxidoreductase subunit N,Unmatched,0,0,0
FMDALA_22560 PipX family protein,Unmatched,0,0,0
FMDALA_22565 YggS family pyridoxal phosphate enzyme,Unmatched,0,0,0
FMDALA_22570 cell division protein SepF,Unmatched,0,0,0
FMDALA_22575 pyrroline-5-carboxylate reductase,Unmatched,0,0,0
FMDALA_22580 glucose-6-phosphate dehydrogenase,Unmatched,0,0,0
FMDALA_22585 metal-binding protein,Unmatched,0,0,0
FMDALA_22590 tRNA-Val(tac),Unmatched,0,0,0
FMDALA_22595 YkgJ family cysteine cluster protein,Unmatched,0,0,0
FMDALA_22600 serine/threonine protein kinase,Unmatched,0,0,0
FMDALA_22605 hypothetical protein,Unmatched,0,0,0
FMDALA_22610 hypothetical protein,Unmatched,0,0,0
FMDALA_22615 hypothetical protein,Unmatched,0,0,0
FMDALA_22620 Serine/threonine-protein kinase pkn1,Unmatched,0,0,0
FMDALA_22625 hypothetical protein,Unmatched,0,0,0
FMDALA_22630 transcriptional regulator,Unmatched,0,0,0
FMDALA_22635 hypothetical protein,Unmatched,0,0,0
FMDALA_22640 DNA-binding protein,Unmatched,0,0,0
FMDALA_22645 hypothetical protein,Unmatched,0,0,0
"FMDALA_22650 putative toxin-antitoxin system toxin component, PIN family",Unmatched,0,0,0
FMDALA_22655 transcriptional regulator,Unmatched,0,0,0
FMDALA_22660 hypothetical protein,Unmatched,0,0,0
FMDALA_22665 Type II toxin-antitoxin system RelE/ParE family toxin,Unmatched,0,0,0
FMDALA_22670 hypothetical protein,Unmatched,0,0,0
FMDALA_22675 XRE family transcriptional regulator,Unmatched,0,0,0
FMDALA_22680 DUF2283 domain-containing protein,Unmatched,0,0,0
FMDALA_22685 hypothetical protein,Unmatched,0,0,0
FMDALA_22690 hypothetical protein,Unmatched,0,0,0
FMDALA_22695 Gp3 protein,Unmatched,0,0,0
FMDALA_22700 Similar to tr|A0YTE3|A0YTE3_9CYAN Glucanase,Unmatched,0,0,0
FMDALA_22705 hypothetical protein,Unmatched,0,0,0
FMDALA_22710 trans-splicing intein-formed DNA polymerase III subunit alpha C-terminal partner DnaE-C,Unmatched,0,0,0
FMDALA_22715 hypothetical protein,Unmatched,0,0,0
FMDALA_22720 hypothetical protein,Unmatched,0,0,0
FMDALA_22725 hypothetical protein,Unmatched,0,0,0
FMDALA_22730 hypothetical protein,Unmatched,0,0,0
FMDALA_22735 hypothetical protein,Unmatched,0,0,0
FMDALA_22745 30S ribosomal protein S4,Unmatched,0,0,0
FMDALA_22750 BFN domain-containing protein,Unmatched,0,0,0
FMDALA_22755 oxidoreductase,Unmatched,0,0,0
FMDALA_22760 fructose-bisphosphate aldolase class II,Unmatched,0,0,0
FMDALA_22765 Domain of unknown function DUF29,Unmatched,0,0,0
FMDALA_22770 PD-(D/E)XK nuclease superfamily,Unmatched,0,0,0
FMDALA_22775 hypothetical protein,Unmatched,0,0,0
FMDALA_22780 EpsG family,Unmatched,0,0,0
FMDALA_22785 Methyltransf-21 domain-containing protein,Unmatched,0,0,0
FMDALA_22790 Membrane protein,Unmatched,0,0,0
FMDALA_22795 hypothetical protein,Unmatched,0,0,0
FMDALA_22800 hypothetical protein,Unmatched,0,0,0
FMDALA_22805 hypothetical protein,Unmatched,0,0,0
FMDALA_22810 Mobile element protein,Unmatched,0,0,0
FMDALA_22815 ISAzo13 family transposase,Unmatched,0,0,0
FMDALA_22820 DUF3782 domain-containing protein,Unmatched,0,0,0
FMDALA_22825 PEP-CTERM domain-containing protein,Unmatched,0,0,0
FMDALA_22830 SSU ribosomal protein S6p,Unmatched,0,0,0
FMDALA_22835 hypothetical protein,Unmatched,0,0,0
FMDALA_22840 DUF4351 domain-containing protein,Unmatched,0,0,0
FMDALA_22845 chaperone protein ClpB,Unmatched,0,0,0
FMDALA_22850 hypothetical protein,Unmatched,0,0,0
FMDALA_22855 apolipoprotein N-acyltransferase,Unmatched,0,0,0
FMDALA_22860 GAF domain-containing protein,Unmatched,0,0,0
FMDALA_22865 hypothetical protein,Unmatched,0,0,0
FMDALA_22870 CAP domain-containing protein,Unmatched,0,0,0
FMDALA_22875 ribonuclease D,Unmatched,0,0,0
FMDALA_22880 DUF3318 domain-containing protein,Unmatched,0,0,0
FMDALA_22885 anti-anti-sigma factor,Unmatched,0,0,0
FMDALA_22890 ATP-binding protein,Unmatched,0,0,0
FMDALA_22895 protein kinase,Unmatched,0,0,0
FMDALA_22900 exonuclease sbcCD subunit D,Unmatched,0,0,0
FMDALA_22905 hypothetical protein,Unmatched,0,0,0
FMDALA_22910 Cytochrome b6-f complex subunit 8,Unmatched,0,0,0
FMDALA_22915 hypothetical protein,Unmatched,0,0,0
FMDALA_22920 3-dehydroquinate synthase,Unmatched,0,0,0
FMDALA_22925 dehydrogenase,Unmatched,0,0,0
FMDALA_22930 chromosome segregation protein SMC,Unmatched,0,0,0
FMDALA_22935 Similar to tr|Q8YZF2|Q8YZF2,Unmatched,0,0,0
FMDALA_22940 DUF4278 domain-containing protein,Unmatched,0,0,0
FMDALA_22945 FHA domain-containing protein,Unmatched,0,0,0
FMDALA_22950 hypothetical protein,Unmatched,0,0,0
FMDALA_22955 AI-2E family transporter,Unmatched,0,0,0
FMDALA_22960 tRNA-Gln(ttg),Unmatched,0,0,0
FMDALA_22965 hypothetical protein,Unmatched,0,0,0
FMDALA_22970 peptidase S41,Unmatched,0,0,0
FMDALA_22975 cell division protein,Unmatched,0,0,0
FMDALA_22980 cell division protein FtsZ,Unmatched,0,0,0
FMDALA_22985 bifunctional hydroxymethylpyrimidine kinase/phosphomethylpyrimidine kinase,Unmatched,0,0,0
FMDALA_22990 hypothetical protein,Unmatched,0,0,0
FMDALA_22995 ABC transporter substrate-binding protein,Unmatched,0,0,0
FMDALA_23000 polar amino acid ABC transporter ATP-binding protein,Unmatched,0,0,0
FMDALA_23025 SnoaL-like polyketide cyclase,Unmatched,0,0,0
FMDALA_23030 hypothetical protein,Unmatched,0,0,0
FMDALA_23035 Similar to tr|Q110T9|Q110T9_TRIEI Tetratricopeptide TPR_2,Unmatched,0,0,0
FMDALA_23040 hypothetical protein,Unmatched,0,0,0
FMDALA_23045 phosphoglycerate dehydrogenase,Unmatched,0,0,0
FMDALA_23060 hypothetical protein,Unmatched,0,0,0
FMDALA_23065 bifunctional phosphoribosylaminoimidazolecarboxamide formyltransferase/IMP cyclohydrolase,Unmatched,0,0,0
FMDALA_23070 hypothetical protein,Unmatched,0,0,0
FMDALA_23075 hypothetical protein,Unmatched,0,0,0
FMDALA_23080 DUF4263 domain-containing protein,Unmatched,0,0,0
FMDALA_23085 antitoxin VapB,Unmatched,0,0,0
FMDALA_23090 VapC toxin family PIN domain ribonuclease,Unmatched,0,0,0
FMDALA_23095 growth inhibitor PemK,Unmatched,0,0,0
FMDALA_23100 toxin-antitoxin system protein,Unmatched,0,0,0
FMDALA_23105 hypothetical protein,Unmatched,0,0,0
FMDALA_23110 hypothetical protein,Unmatched,0,0,0
FMDALA_23115 NAD(P)/FAD-dependent oxidoreductase,Unmatched,0,0,0
FMDALA_23120 hypothetical protein,Unmatched,0,0,0
FMDALA_23125 membrane-bound O-acyltransferase family protein,Unmatched,0,0,0
FMDALA_23130 FkbM family methyltransferase,Unmatched,0,0,0
FMDALA_23135 hypothetical protein,Unmatched,0,0,0
FMDALA_23140 UDP-glucose 4-epimerase GalE,Unmatched,0,0,0
FMDALA_23145 polyphosphate:AMP phosphotransferase,Unmatched,0,0,0
FMDALA_23150 hypothetical protein,Unmatched,0,0,0
FMDALA_23155 hypothetical protein,Unmatched,0,0,0
FMDALA_23160 phosphoribosylglycinamide formyltransferase,Unmatched,0,0,0
FMDALA_23165 Putative restriction endonuclease,Unmatched,0,0,0
FMDALA_23170 Putative restriction endonuclease,Unmatched,0,0,0
FMDALA_23175 valine--tRNA ligase,Unmatched,0,0,0
FMDALA_23180 C-type lectin domain-containing protein,Unmatched,0,0,0
FMDALA_23185 Transposase,Unmatched,0,0,0
FMDALA_23190 hypothetical protein,Unmatched,0,0,0
FMDALA_23195 Cyano-1 RNA,Unmatched,0,0,0
FMDALA_23200 nuclease,Unmatched,0,0,0
FMDALA_23205 NYN domain-containing protein,Unmatched,0,0,0
FMDALA_23210 methionine--tRNA ligase,Unmatched,0,0,0
FMDALA_23215 1-acyl-sn-glycerol-3-phosphate acyltransferase,Unmatched,0,0,0
FMDALA_23220 Rho termination factor,Unmatched,0,0,0
FMDALA_23225 cobalamin biosynthesis protein CobQ,Unmatched,0,0,0
FMDALA_23230 GAF domain-containing protein,Unmatched,0,0,0
FMDALA_23235 FAD-dependent oxidoreductase,Unmatched,0,0,0
FMDALA_23240 circadian clock protein KaiB,Unmatched,0,0,0
FMDALA_23245 response regulator,Unmatched,0,0,0
FMDALA_23250 2Fe-2S ferredoxin,Unmatched,0,0,0
FMDALA_23255 NnrU protein,Unmatched,0,0,0
FMDALA_23260 thiol reductase thioredoxin,Unmatched,0,0,0
FMDALA_23265 hypothetical protein,Unmatched,0,0,0
FMDALA_23270 VWFA domain-containing protein,Unmatched,0,0,0
FMDALA_23275 protein phosphatase 2C domain-containing protein,Unmatched,0,0,0
FMDALA_23280 hypothetical protein,Unmatched,0,0,0
FMDALA_23285 3-oxoacyl-ACP synthase,Unmatched,0,0,0
FMDALA_23290 Protein kinase domain-containing protein,Unmatched,0,0,0
FMDALA_23295 type II toxin-antitoxin system ParD family antitoxin,Unmatched,0,0,0
FMDALA_23300 peptide chain release factor 2,Unmatched,0,0,0
FMDALA_23305 cytochrome-c oxidase,Unmatched,0,0,0
FMDALA_23310 ferrochelatase,Unmatched,0,0,0
FMDALA_23315 SAM-dependent methyltransferase,Unmatched,0,0,0
FMDALA_23320 YqeG family HAD IIIA-type phosphatase,Unmatched,0,0,0
FMDALA_23325 hypothetical protein,Unmatched,0,0,0
FMDALA_23330 hypothetical protein,Unmatched,0,0,0
FMDALA_23335 hypothetical protein,Unmatched,0,0,0
FMDALA_23340 DUF2281 domain-containing protein,Unmatched,0,0,0
FMDALA_23345 PINc domain-containing protein,Unmatched,0,0,0
FMDALA_23350 hypothetical protein,Unmatched,0,0,0
FMDALA_23355 type II toxin-antitoxin system PemK/MazF family toxin,Unmatched,0,0,0
FMDALA_23360 Putative partial Type II restriction enzyme,Unmatched,0,0,0
FMDALA_23365 Type-2 restriction enzyme EcoRI,Unmatched,0,0,0
FMDALA_23370 adenosine deaminase,Unmatched,0,0,0
FMDALA_23375 hypothetical protein,Unmatched,0,0,0
FMDALA_23380 Uncharacterised protein family (UPF0175),Unmatched,0,0,0
FMDALA_23385 DUF3368 domain-containing protein,Unmatched,0,0,0
FMDALA_23390 Beta-lactamase family protein,Unmatched,0,0,0
FMDALA_23400 hypothetical protein,Unmatched,0,0,0
FMDALA_23405 FAD dependent oxidoreductase,Unmatched,0,0,0
FMDALA_23410 hypothetical protein,Unmatched,0,0,0
FMDALA_23415 polymerase,Unmatched,0,0,0
FMDALA_23420 transporter,Unmatched,0,0,0
FMDALA_23425 Putative restriction endonuclease,Unmatched,0,0,0
FMDALA_23430 hypothetical protein,Unmatched,0,0,0
FMDALA_23435 NTP-transf-2 domain-containing protein,Unmatched,0,0,0
FMDALA_23440 formylglycine-generating enzyme family protein,Unmatched,0,0,0
FMDALA_23445 dynamin family protein,Unmatched,0,0,0
FMDALA_23450 competence protein ComE,Unmatched,0,0,0
FMDALA_23455 DUF2488 domain-containing protein,Unmatched,0,0,0
FMDALA_23460 pyridoxine 5'-phosphate synthase,Unmatched,0,0,0
FMDALA_23465 YbaB/EbfC family nucleoid-associated protein,Unmatched,0,0,0
FMDALA_23470 meta domain protein,Unmatched,0,0,0
FMDALA_23475 Beta-hexosaminidase,Unmatched,0,0,0
FMDALA_23480 iron ABC transporter substrate-binding protein,Unmatched,0,0,0
FMDALA_23485 DUF3153 domain-containing protein,Unmatched,0,0,0
FMDALA_23490 class 1 fructose-bisphosphatase,Unmatched,0,0,0
FMDALA_23495 DUF4351 domain-containing protein,Unmatched,0,0,0
FMDALA_23500 Uma2 domain-containing protein,Unmatched,0,0,0
FMDALA_23505 glycerol acyltransferase,Unmatched,0,0,0
FMDALA_23510 hypothetical protein,Unmatched,0,0,0
FMDALA_23515 Mobile element protein,Unmatched,0,0,0
FMDALA_23520 Transposase,Unmatched,0,0,0
FMDALA_23525 hypothetical protein,Unmatched,0,0,0
FMDALA_23530 tRNA-His(gtg),Unmatched,0,0,0
FMDALA_23535 isoaspartyl peptidase,Unmatched,0,0,0
FMDALA_23540 cell division protein FtsW,Unmatched,0,0,0
FMDALA_23545 transposase,Unmatched,0,0,0
FMDALA_23550 AI-2E family transporter,Unmatched,0,0,0
FMDALA_23555 phosphopyruvate hydratase,Unmatched,0,0,0
FMDALA_23560 tRNA-Thr(tgt),Unmatched,0,0,0
FMDALA_23565 hypothetical protein,Unmatched,0,0,0
FMDALA_23570 Apoptotic protease-activating factor,Unmatched,0,0,0
FMDALA_23580 glycosyl transferase,Unmatched,0,0,0
FMDALA_23585 tRNA preQ1(34) S-adenosylmethionine ribosyltransferase-isomerase QueA,Unmatched,0,0,0
FMDALA_23590 hypothetical protein,Unmatched,0,0,0
FMDALA_23595 cytochrome D ubiquinol oxidase subunit II,Unmatched,0,0,0
FMDALA_23600 Tetratricopeptide domain protein,Unmatched,0,0,0
FMDALA_23605 endonuclease/exonuclease/phosphatase,Unmatched,0,0,0
FMDALA_23610 NYN domain-containing protein,Unmatched,0,0,0
FMDALA_23615 sulfurtransferase,Unmatched,0,0,0
FMDALA_23620 ATP-binding protein,Unmatched,0,0,0
FMDALA_23625 regulator,Unmatched,0,0,0
FMDALA_23630 anti-sigma factor antagonist,Unmatched,0,0,0
FMDALA_23635 NAD(P)/FAD-dependent oxidoreductase,Unmatched,0,0,0
FMDALA_23640 ABC transporter ATP-binding protein,Unmatched,0,0,0
FMDALA_23645 glycosyl transferase group 1,Unmatched,0,0,0
FMDALA_23650 transporter,Unmatched,0,0,0
FMDALA_23655 DUF3172 domain-containing protein,Unmatched,0,0,0
FMDALA_23660 transcriptional regulator,Unmatched,0,0,0
FMDALA_23665 hypothetical protein,Unmatched,0,0,0
FMDALA_23670 Putative restriction endonuclease,Unmatched,0,0,0
FMDALA_23675 hypothetical protein,Unmatched,0,0,0
FMDALA_23680 hypothetical protein,Unmatched,0,0,0
FMDALA_23685 hypothetical protein,Unmatched,0,0,0
FMDALA_23690 DNA (cytosine-5-)-methyltransferase,Unmatched,0,0,0
FMDALA_23695 hypothetical protein,Unmatched,0,0,0
FMDALA_23700 hypothetical protein,Unmatched,0,0,0
FMDALA_23705 hypothetical protein,Unmatched,0,0,0
FMDALA_23710 hypothetical protein,Unmatched,0,0,0
FMDALA_23715 Q6EVL0_MICAE ImeA protein,Unmatched,0,0,0
FMDALA_23720 Putative peptidase,Unmatched,0,0,0
FMDALA_23725 hypothetical protein,Unmatched,0,0,0
FMDALA_23730 hypothetical protein,Unmatched,0,0,0
FMDALA_23735 cysteine synthase A,Unmatched,0,0,0
FMDALA_23740 hypothetical protein,Unmatched,0,0,0
FMDALA_23745 Helicase,Unmatched,0,0,0
FMDALA_23750 SAM-dependent methyltransferase,Unmatched,0,0,0
FMDALA_23755 restriction endonuclease,Unmatched,0,0,0
FMDALA_23760 Lactamase-B domain-containing protein,Unmatched,0,0,0
FMDALA_23765 Yae1-N domain-containing protein,Unmatched,0,0,0
FMDALA_23770 PEP-CTERM domain-containing protein,Unmatched,0,0,0
FMDALA_23775 molybdopterin molybdenumtransferase,Unmatched,0,0,0
FMDALA_23780 glutaminase A,Unmatched,0,0,0
FMDALA_23785 TIGR03032 family protein,Unmatched,0,0,0
FMDALA_23790 PEP-CTERM domain-containing protein,Unmatched,0,0,0
FMDALA_23795 Bifunctional metallophosphatase/5'-nucleotidase,Unmatched,0,0,0
FMDALA_23800 hypothetical protein,Unmatched,0,0,0
FMDALA_23805 branched-chain amino acid ABC transporter permease,Unmatched,0,0,0
FMDALA_23810 hypothetical protein,Unmatched,0,0,0
FMDALA_23815 Putative manganese efflux pump,Unmatched,0,0,0
FMDALA_23820 7-cyano-7-deazaguanine synthase QueC,Unmatched,0,0,0
FMDALA_23825 aspartyl protease,Unmatched,0,0,0
FMDALA_23830 hypothetical protein,Unmatched,0,0,0
FMDALA_23835 7-carboxy-7-deazaguanine synthase QueE,Unmatched,0,0,0
FMDALA_23840 Ycf51-like protein,Unmatched,0,0,0
FMDALA_23845 oxidoreductase,Unmatched,0,0,0
"FMDALA_23850 mRNA-degrading endonuclease (mRNA interferase) HigB, toxic component of the HigAB toxin-antitoxin module",Unmatched,0,0,0
FMDALA_23855 hypothetical protein,Unmatched,0,0,0
FMDALA_23860 HetZ-related protein 2,Unmatched,0,0,0
FMDALA_23865 hypothetical protein,Unmatched,0,0,0
FMDALA_23870 cryptochrome/photolyase family protein,Unmatched,0,0,0
FMDALA_23875 translation initiation factor,Unmatched,0,0,0
FMDALA_23880 TspO protein,Unmatched,0,0,0
FMDALA_23885 precorrin-4 C(11)-methyltransferase,Unmatched,0,0,0
FMDALA_23890 replicative DNA helicase,Unmatched,0,0,0
FMDALA_23895 Dolichyl-phosphate-mannose-protein mannosyltransferase,Unmatched,0,0,0
FMDALA_23900 GHL10 domain-containing protein,Unmatched,0,0,0
FMDALA_23905 hypothetical protein,Unmatched,0,0,0
FMDALA_23910 AAA-15 domain-containing protein,Unmatched,0,0,0
FMDALA_23915 alanine--tRNA ligase,Unmatched,0,0,0
FMDALA_23920 hypothetical protein,Unmatched,0,0,0
FMDALA_23925 DUF3067 domain-containing protein,Unmatched,0,0,0
FMDALA_23930 hypothetical protein,Unmatched,0,0,0
FMDALA_23935 hypothetical protein,Unmatched,0,0,0
FMDALA_23940 Haloacid dehalogenase-like hydrolase family protein,Unmatched,0,0,0
FMDALA_23945 DUF2064 domain-containing protein,Unmatched,0,0,0
"FMDALA_23950 L,D-transpeptidase",Unmatched,0,0,0
FMDALA_23955 DUF6464 domain-containing protein,Unmatched,0,0,0
FMDALA_23960 adenosylmethionine decarboxylase,Unmatched,0,0,0
FMDALA_23965 HigA family addiction module antitoxin,Unmatched,0,0,0
FMDALA_23970 DUF4335 domain-containing protein,Unmatched,0,0,0
FMDALA_23975 DUF3038 domain-containing protein,Unmatched,0,0,0
FMDALA_23980 adenine phosphoribosyltransferase,Unmatched,0,0,0
FMDALA_23985 ABC transporter substrate-binding protein,Unmatched,0,0,0
FMDALA_23990 hypothetical protein,Unmatched,0,0,0
FMDALA_23995 NAD(P)-dependent oxidoreductase,Unmatched,0,0,0
FMDALA_24000 hypothetical protein,Unmatched,0,0,0
FMDALA_24005 Ureidoglycolate lyase,Unmatched,0,0,0
FMDALA_24010 efflux RND transporter periplasmic adaptor subunit,Unmatched,0,0,0
FMDALA_24015 GUN4 domain-containing protein,Unmatched,0,0,0
FMDALA_24020 aspartate carbamoyltransferase catalytic subunit,Unmatched,0,0,0
FMDALA_24025 hypothetical protein,Unmatched,0,0,0
FMDALA_24030 Putative restriction endonuclease,Unmatched,0,0,0
FMDALA_24035 hypothetical protein,Unmatched,0,0,0
FMDALA_24040 urease accessory protein UreE,Unmatched,0,0,0
FMDALA_24045 DUF4168 domain-containing protein,Unmatched,0,0,0
FMDALA_24050 hypothetical protein,Unmatched,0,0,0
FMDALA_24055 DNA-binding protein,Unmatched,0,0,0
FMDALA_24060 threonine-phosphate decarboxylase CobD,Unmatched,0,0,0
FMDALA_24065 photosystem II reaction center protein CP43,Unmatched,0,0,0
FMDALA_24070 Antisense RNA which regulates isiA expression,Unmatched,0,0,0
FMDALA_24075 molecular chaperone DnaK,Unmatched,0,0,0
FMDALA_24080 molecular chaperone DnaJ,Unmatched,0,0,0
FMDALA_24085 sulfurtransferase TusA family protein,Unmatched,0,0,0
FMDALA_24090 small ribosomal subunit biogenesis GTPase RsgA,Unmatched,0,0,0
FMDALA_24095 hypothetical protein,Unmatched,0,0,0
FMDALA_24100 Catabolite gene activator protein,Unmatched,0,0,0
FMDALA_24105 divalent-cation tolerance protein CutA,Unmatched,0,0,0
FMDALA_24110 photosystem I reaction center subunit X,Unmatched,0,0,0
FMDALA_24115 ATPase-AAA-core domain-containing protein,Unmatched,0,0,0
FMDALA_24120 hypothetical protein,Unmatched,0,0,0
FMDALA_24125 endonuclease,Unmatched,0,0,0
FMDALA_24130 cobalamin biosynthesis bifunctional protein CbiET,Unmatched,0,0,0
FMDALA_24135 alkene reductase,Unmatched,0,0,0
FMDALA_24140 B12-binding domain-containing radical SAM protein,Unmatched,0,0,0
FMDALA_24145 Type II toxin-antitoxin system RelE/ParE family toxin,Unmatched,0,0,0
FMDALA_24150 hypothetical protein,Unmatched,0,0,0
FMDALA_24155 hypothetical protein,Unmatched,0,0,0
FMDALA_24160 hypothetical protein,Unmatched,0,0,0
FMDALA_24165 Type II toxin-antitoxin system ParD family antitoxin,Unmatched,0,0,0
FMDALA_24170 30S ribosomal protein S6--L-glutamate ligase,Unmatched,0,0,0
FMDALA_24175 ABC transporter ATP-binding protein,Unmatched,0,0,0
FMDALA_24180 PNP-UDP-1 domain-containing protein,Unmatched,0,0,0
FMDALA_24185 tRNA-Leu(gag),Unmatched,0,0,0
FMDALA_24190 5-methylcytosine-specific restriction endonuclease McrA,Unmatched,0,0,0
FMDALA_24195 hypothetical protein,Unmatched,0,0,0
FMDALA_24200 hypothetical protein,Unmatched,0,0,0
FMDALA_24205 hypothetical protein,Unmatched,0,0,0
FMDALA_24210 hypothetical protein,Unmatched,0,0,0
FMDALA_24215 hypothetical protein,Unmatched,0,0,0
FMDALA_24220 hypothetical protein,Unmatched,0,0,0
FMDALA_24225 YjdM-Zn-Ribbon domain-containing protein,Unmatched,0,0,0
FMDALA_24230 hypothetical protein,Unmatched,0,0,0
FMDALA_24235 hypothetical protein,Unmatched,0,0,0
FMDALA_24240 DUF29 domain-containing protein,Unmatched,0,0,0
FMDALA_24245 ABC transporter substrate-binding protein,Unmatched,0,0,0
"FMDALA_24250 Toxin 1, PIN domain",Unmatched,0,0,0
FMDALA_24255 AbrB family transcriptional regulator,Unmatched,0,0,0
FMDALA_24260 Ribonuclease HepT-like,Unmatched,0,0,0
FMDALA_24265 nucleotidyltransferase,Unmatched,0,0,0
FMDALA_24270 hypothetical protein,Unmatched,0,0,0
FMDALA_24275 hypothetical protein,Unmatched,0,0,0
FMDALA_24280 tRNA(fMet)-specific endonuclease VapC,Unmatched,0,0,0
FMDALA_24285 hypothetical protein,Unmatched,0,0,0
FMDALA_24290 Tyrosine recombinase XerC,Unmatched,0,0,0
FMDALA_24295 hypothetical protein,Unmatched,0,0,0
FMDALA_24300 hypothetical protein,Unmatched,0,0,0
FMDALA_24305 VapC toxin family PIN domain ribonuclease,Unmatched,0,0,0
FMDALA_24310 ParB domain-containing protein,Unmatched,0,0,0
FMDALA_24315 hypothetical protein,Unmatched,0,0,0
FMDALA_24320 hypothetical protein,Unmatched,0,0,0
FMDALA_24325 PIN domain-containing protein,Unmatched,0,0,0
FMDALA_24330 Photosystem II protein D1,Unmatched,0,0,0
FMDALA_24335 Serine/threonine-protein kinase C,Unmatched,0,0,0
FMDALA_24340 hypothetical protein,Unmatched,0,0,0
FMDALA_24345 Circadian oscillating protein COP23,Unmatched,0,0,0
FMDALA_24350 Serine protease,Unmatched,0,0,0
FMDALA_24355 Serine protease,Unmatched,0,0,0
FMDALA_24360 hypothetical protein,Unmatched,0,0,0
FMDALA_24365 hypothetical protein,Unmatched,0,0,0
FMDALA_24370 tRNA-Ser(gga),Unmatched,0,0,0
FMDALA_24375 Serine acetyltransferase,Unmatched,0,0,0
FMDALA_24380 mannosyltransferase,Unmatched,0,0,0
FMDALA_24385 Tetratricopeptide TPR_1 repeat-containing protein,Unmatched,0,0,0
FMDALA_24390 peptidase M16,Unmatched,0,0,0
FMDALA_24395 peptidase M16,Unmatched,0,0,0
FMDALA_24400 tRNA-Asn(gtt),Unmatched,0,0,0
FMDALA_24405 hypothetical protein,Unmatched,0,0,0
FMDALA_24410 hypothetical protein,Unmatched,0,0,0
FMDALA_24415 hypothetical protein,Unmatched,0,0,0
FMDALA_24420 Type II toxin-antitoxin system PemK/MazF family toxin,Unmatched,0,0,0
FMDALA_24425 hypothetical protein,Unmatched,0,0,0
"FMDALA_24430 type II toxin-antitoxin system mRNA interferase toxin, RelE/StbE family",Unmatched,0,0,0
FMDALA_24435 BrnT family toxin,Unmatched,0,0,0
FMDALA_24440 hypothetical protein,Unmatched,0,0,0
FMDALA_24445 DUF4160 domain-containing protein,Unmatched,0,0,0
FMDALA_24450 DUF2442 domain-containing protein,Unmatched,0,0,0
FMDALA_24455 hypothetical protein,Unmatched,0,0,0
FMDALA_24460 HigA family addiction module antitoxin,Unmatched,0,0,0
FMDALA_24465 excinuclease ABC subunit A,Unmatched,0,0,0
FMDALA_24470 hypothetical protein,Unmatched,0,0,0
FMDALA_24475 DUF3696 domain-containing protein,Unmatched,0,0,0
FMDALA_24480 DUF262 domain-containing protein,Unmatched,0,0,0
FMDALA_24485 geranylgeranyl reductase,Unmatched,0,0,0
FMDALA_24490 cytidine deaminase,Unmatched,0,0,0
FMDALA_24495 hypothetical protein,Unmatched,0,0,0
FMDALA_24500 cobalamin biosynthesis protein CbiM,Unmatched,0,0,0
FMDALA_24505 cobalt transport protein,Unmatched,0,0,0
FMDALA_24510 Type II toxin-antitoxin system VapC family toxin,Unmatched,0,0,0
FMDALA_24515 NTP-transf-2 domain-containing protein,Unmatched,0,0,0
FMDALA_24520 DUF86 domain-containing protein,Unmatched,0,0,0
FMDALA_24525 hypothetical protein,Unmatched,0,0,0
FMDALA_24530 hypothetical protein,Unmatched,0,0,0
FMDALA_24535 DUF4926 domain-containing protein,Unmatched,0,0,0
FMDALA_24540 hypothetical protein,Unmatched,0,0,0
FMDALA_24545 HTH cro/C1-type domain-containing protein,Unmatched,0,0,0
FMDALA_24550 Two pore domain potassium channel family protein,Unmatched,0,0,0
FMDALA_24555 Zeta toxin family protein,Unmatched,0,0,0
FMDALA_24560 hypothetical protein,Unmatched,0,0,0
FMDALA_24565 hypothetical protein,Unmatched,0,0,0
FMDALA_24570 hypothetical protein,Unmatched,0,0,0
FMDALA_24575 hypothetical protein,Unmatched,0,0,0
FMDALA_24580 Putative threonine/serine exporter,Unmatched,0,0,0
FMDALA_24585 EcsC family protein,Unmatched,0,0,0
FMDALA_24590 diacylglycerol kinase,Unmatched,0,0,0
FMDALA_24595 taurine ABC transporter ATP-binding protein,Unmatched,0,0,0
FMDALA_24600 taurine ABC transporter substrate-binding protein,Unmatched,0,0,0
FMDALA_24605 hypothetical protein,Unmatched,0,0,0
FMDALA_24610 kinase inhibitor,Unmatched,0,0,0
FMDALA_24615 pyruvate decarboxylase,Unmatched,0,0,0
FMDALA_24620 Acetyl-CoA hydrolase/transferase,Unmatched,0,0,0
FMDALA_24625 (R)-specific enoyl-CoA hydratase RipB/Ich,Unmatched,0,0,0
FMDALA_24630 itaconate degradation C-C-lyase RipC,Unmatched,0,0,0
FMDALA_24635 DUF2235 domain-containing protein,Unmatched,0,0,0
FMDALA_24640 hypothetical protein,Unmatched,0,0,0
FMDALA_24645 hypothetical protein,Unmatched,0,0,0
FMDALA_24650 hypothetical protein,Unmatched,0,0,0
FMDALA_24655 sodium-independent anion transporter,Unmatched,0,0,0
FMDALA_24660 nitrogenase,Unmatched,0,0,0
FMDALA_24665 UDP-glucose 6-dehydrogenase,Unmatched,0,0,0
FMDALA_24670 NAD-dependent dehydratase,Unmatched,0,0,0
FMDALA_24675 DNA polymerase I,Unmatched,0,0,0
FMDALA_24680 hypothetical protein,Unmatched,0,0,0
FMDALA_24685 heavy metal transporter,Unmatched,0,0,0
FMDALA_24690 Type II toxin-antitoxin system PemK/MazF family toxin,Unmatched,0,0,0
FMDALA_24695 hypothetical protein,Unmatched,0,0,0
FMDALA_24700 polysaccharide deacetylase,Unmatched,0,0,0
FMDALA_24705 hypothetical protein,Unmatched,0,0,0
FMDALA_24710 hypothetical protein,Unmatched,0,0,0
FMDALA_24715 Putative restriction endonuclease,Unmatched,0,0,0
FMDALA_24720 DUF1350 domain-containing protein,Unmatched,0,0,0
FMDALA_24725 two-component system response regulator,Unmatched,0,0,0
FMDALA_24730 Photosynthesis regulatory RNA1,Unmatched,0,0,0
FMDALA_24735 peptidase S8,Unmatched,0,0,0
FMDALA_24740 glyoxalase,Unmatched,0,0,0
FMDALA_24745 5-histidylcysteine sulfoxide synthase,Unmatched,0,0,0
FMDALA_24750 L-histidine N(alpha)-methyltransferase,Unmatched,0,0,0
FMDALA_24755 hypothetical protein,Unmatched,0,0,0
FMDALA_24760 DUF3177 domain-containing protein,Unmatched,0,0,0
FMDALA_24765 CP12 domain-containing protein,Unmatched,0,0,0
FMDALA_24770 DUF4164 domain-containing protein,Unmatched,0,0,0
FMDALA_24775 DNA mismatch repair endonuclease MutL,Unmatched,0,0,0
FMDALA_24780 two-component sensor histidine kinase,Unmatched,0,0,0
FMDALA_24785 photosystem I assembly protein Ycf3,Unmatched,0,0,0
FMDALA_24790 Asp-tRNA(Asn)/Glu-tRNA(Gln) amidotransferase subunit GatC,Unmatched,0,0,0
FMDALA_24795 mannose-6-phosphate isomerase,Unmatched,0,0,0
FMDALA_24800 molecular chaperone Hsp70,Unmatched,0,0,0
FMDALA_24805 LysM domain-containing protein,Unmatched,0,0,0
FMDALA_24810 Photosystem I assembly protein Ycf3,Unmatched,0,0,0
FMDALA_24815 molecular chaperone DnaJ,Unmatched,0,0,0
FMDALA_24820 nucleotide exchange factor GrpE,Unmatched,0,0,0
FMDALA_24825 hypothetical protein,Unmatched,0,0,0
FMDALA_24830 DUF4351 domain-containing protein,Unmatched,0,0,0
FMDALA_24835 peptidoglycan editing factor PgeF,Unmatched,0,0,0
FMDALA_24840 methionyl-tRNA formyltransferase,Unmatched,0,0,0
FMDALA_24845 cyclic nucleotide-binding protein,Unmatched,0,0,0
FMDALA_24850 TlyA family rRNA (cytidine-2'-O)-methyltransferase,Unmatched,0,0,0
FMDALA_24855 hypothetical protein,Unmatched,0,0,0
FMDALA_24860 hypothetical protein,Unmatched,0,0,0
FMDALA_24865 hypothetical protein,Unmatched,0,0,0
FMDALA_24870 ABC 3 transport family,Unmatched,0,0,0
FMDALA_24875 hypothetical protein,Unmatched,0,0,0
FMDALA_24880 thioredoxin-disulfide reductase,Unmatched,0,0,0
FMDALA_24885 haloacid dehalogenase,Unmatched,0,0,0
FMDALA_24890 hypothetical protein,Unmatched,0,0,0
FMDALA_24895 hypothetical protein,Unmatched,0,0,0
FMDALA_24900 hypothetical protein,Unmatched,0,0,0
FMDALA_24905 sulfite oxidase-like oxidoreductase,Unmatched,0,0,0
FMDALA_24910 50S ribosomal protein L32,Unmatched,0,0,0
FMDALA_24915 group II intron reverse transcriptase/maturase,Unmatched,0,0,0
FMDALA_24920 DDE-Tnp-ISL3 domain-containing protein,Unmatched,0,0,0
FMDALA_24925 hypothetical protein,Unmatched,0,0,0
FMDALA_24930 Similarity,Unmatched,0,0,0
FMDALA_24935 hypothetical protein,Unmatched,0,0,0
FMDALA_24940 hypothetical protein,Unmatched,0,0,0
FMDALA_24945 hypothetical protein,Unmatched,0,0,0
FMDALA_24950 DDE-Tnp-1 domain-containing protein,Unmatched,0,0,0
FMDALA_24955 IS1634 family transposase,Unmatched,0,0,0
FMDALA_24960 Putative restriction endonuclease,Unmatched,0,0,0
FMDALA_24965 NUBPL iron-transfer P-loop NTPase,Unmatched,0,0,0
FMDALA_24970 HEPN-RiboL-PSP domain-containing protein,Unmatched,0,0,0
FMDALA_24975 Uncharacterized protein slr1919,Unmatched,0,0,0
FMDALA_24980 hypothetical protein,Unmatched,0,0,0
FMDALA_24985 anthranilate synthase component I,Unmatched,0,0,0
FMDALA_24990 permease,Unmatched,0,0,0
FMDALA_24995 PEP-CTERM domain-containing protein,Unmatched,0,0,0
FMDALA_25000 Red carotenoid-binding protein,Unmatched,0,0,0
FMDALA_25005 All3148 protein,Unmatched,0,0,0
FMDALA_25010 alpha/beta hydrolase,Unmatched,0,0,0
FMDALA_25015 modification methylase,Unmatched,0,0,0
FMDALA_25020 hypothetical protein,Unmatched,0,0,0
FMDALA_25025 anticodon-binding protein,Unmatched,0,0,0
FMDALA_25030 hypothetical protein,Unmatched,0,0,0
FMDALA_25035 GNAT family N-acetyltransferase,Unmatched,0,0,0
FMDALA_25040 Sulfotransferase,Unmatched,0,0,0
FMDALA_25045 Uma2 domain-containing protein,Unmatched,0,0,0
FMDALA_25050 Putative restriction endonuclease,Unmatched,0,0,0
FMDALA_25055 Cadherin domain-containing protein,Unmatched,0,0,0
FMDALA_25060 hypothetical protein,Unmatched,0,0,0
FMDALA_25065 Peptidase-M10-C domain-containing protein,Unmatched,0,0,0
FMDALA_25070 glycosyl transferase family 2,Unmatched,0,0,0
FMDALA_25075 NAD(P)/FAD-dependent oxidoreductase,Unmatched,0,0,0
FMDALA_25080 Similar to Q3M894_ANAVT S-layer region-like,Unmatched,0,0,0
FMDALA_25085 cadmium-translocating P-type ATPase,Unmatched,0,0,0
FMDALA_25090 uroporphyrinogen decarboxylase,Unmatched,0,0,0
FMDALA_25095 epimerase,Unmatched,0,0,0
FMDALA_25100 LuxR family transcriptional regulator,Unmatched,0,0,0
FMDALA_25105 Adenylyl-sulfate kinase,Unmatched,0,0,0
FMDALA_25110 tail length tape measure protein,Unmatched,0,0,0
FMDALA_25115 energy-coupling factor transporter transmembrane protein EcfT,Unmatched,0,0,0
FMDALA_25120 dephospho-CoA kinase,Unmatched,0,0,0
FMDALA_25125 phosphoribosylaminoimidazolesuccinocarboxamide synthase,Unmatched,0,0,0
FMDALA_25130 Isopropylmalate/homocitrate/citramalate synthase,Unmatched,0,0,0
FMDALA_25135 threonine--tRNA ligase,Unmatched,0,0,0
FMDALA_25140 metal ABC transporter substrate-binding protein,Unmatched,0,0,0
FMDALA_25145 cobalamin biosynthesis protein CobW,Unmatched,0,0,0
FMDALA_25150 DUF4079 domain-containing protein,Unmatched,0,0,0
FMDALA_25155 aminopeptidase,Unmatched,0,0,0
FMDALA_25160 hypothetical protein,Unmatched,0,0,0
FMDALA_25165 ATPase,Unmatched,0,0,0
FMDALA_25170 sulfate ABC transporter ATP-binding protein,Unmatched,0,0,0
FMDALA_25175 sulfate ABC transporter permease subunit CysW,Unmatched,0,0,0
FMDALA_25180 sulfate ABC transporter permease subunit CysT,Unmatched,0,0,0
FMDALA_25185 ABC transporter,Unmatched,0,0,0
FMDALA_25190 sulfate ABC transporter substrate-binding protein,Unmatched,0,0,0
FMDALA_25195 cAMP-binding protein,Unmatched,0,0,0
FMDALA_25200 hypothetical protein,Unmatched,0,0,0
FMDALA_25205 hypothetical protein,Unmatched,0,0,0
FMDALA_25210 Type II toxin-antitoxin system HicB family antitoxin,Unmatched,0,0,0
FMDALA_25215 photosystem reaction center subunit H,Unmatched,0,0,0
FMDALA_25220 branched-chain alpha-keto acid dehydrogenase subunit E2,Unmatched,0,0,0
FMDALA_25225 DUF561 domain-containing protein,Unmatched,0,0,0
FMDALA_25230 photosystem II q(b) protein,Unmatched,0,0,0
FMDALA_25235 hypothetical protein,Unmatched,0,0,0
FMDALA_25240 type II toxin-antitoxin system PemK/MazF family toxin,Unmatched,0,0,0
FMDALA_25245 Coenzyme Q (ubiquinone) biosynthesis protein Coq4,Unmatched,0,0,0