Query_Name,Reference_Name,Identity_Score,Query_Coverage,Query_Length
JMPPHP_00130 DUF4351 domain-containing protein,ctg34_26_Bartoloside-T1PKS_18_0,97.03,89.39,264
JMPPHP_00170 5S ribosomal RNA,ctg44_1_1-heptadecene_20_0,100,88.98,118
JMPPHP_00890 clan AA aspartic protease,ctg3_4_lanthipeptide_54_0,99.46,100,369
JMPPHP_00895 hypothetical protein,ctg3_5_lanthipeptide_54_0,99.64,100,276
JMPPHP_00915 hypothetical protein,ctg3_13_lanthipeptide_54_0,98.94,100,663
JMPPHP_00920 hypothetical protein,ctg27_8_T1PKS-Terpene_11_0,96.88,100,609
JMPPHP_00925 15-cis-phytoene desaturase,ctg27_9_T1PKS-Terpene_11_0,96.72,100,1431
JMPPHP_00930 phytoene synthase,ctg27_10_T1PKS-Terpene_11_0,97.53,100,933
JMPPHP_00935 hypothetical protein,ctg27_11_T1PKS-Terpene_11_0,93.47,97.55,408
JMPPHP_00940 hypothetical protein,ctg27_12_T1PKS-Terpene_11_0,97.93,99.18,243
JMPPHP_00945 pirin family protein,ctg27_13_T1PKS-Terpene_11_0,93.8,100,693
JMPPHP_01055 undecaprenyl-diphosphate phosphatase,ctg83_4_lanthipeptide_21_0,98.31,100,948
JMPPHP_01200 pyruvate dehydrogenase (acetyl-transferring) E1 component subunit alpha,ctg2_26_samp_4305_693378_NRPS,75.58,96.14,1035
JMPPHP_02240 hypothetical protein,ctg36_2_NRPS-like_34_0,81.01,82.69,312
JMPPHP_02285 hypothetical protein,ctg82_34_T3PKS-Merocyclophane_5_0,95.1,100,102
JMPPHP_02565 ferredoxin,ctg5_26_RRE-containing_23_0,99.37,100,318
JMPPHP_02570 CTP synthase,ctg5_27_RRE-containing_23_0,97.01,100,1641
JMPPHP_02575 hypothetical protein,ctg5_28_RRE-containing_23_0,95.48,100,354
JMPPHP_02825 AMP-binding enzyme family protein,ctg82_17_T3PKS-Merocyclophane_5_0,98.6,100,3795
JMPPHP_02830 nitroreductase family protein,ctg82_16_T3PKS-Merocyclophane_5_0,98.94,100,663
JMPPHP_02835 bleomycin resistance protein,ctg82_15_T3PKS-Merocyclophane_5_0,98.71,100,930
JMPPHP_02840 AAA-like domain-containing protein,ctg82_14_T3PKS-Merocyclophane_5_0,99.1,100,1443
JMPPHP_02845 hypothetical protein,ctg82_13_T3PKS-Merocyclophane_5_0,98.11,100,1905
JMPPHP_02860 RNA-binding protein,ctg27_28_T1PKS-Terpene_11_0,97.89,100,1899
JMPPHP_02865 DUF1702 domain-containing protein,ctg27_27_T1PKS-Terpene_11_0,97.25,94.03,1122
JMPPHP_02870 HlyD family secretion protein,ctg27_26_T1PKS-Terpene_11_0,98.01,100,1308
JMPPHP_02875 ABC transporter permease DevC,ctg27_25_T1PKS-Terpene_11_0,97.68,100,1164
JMPPHP_02880 4-hydroxybenzoyl-CoA thioesterase,ctg27_24_T1PKS-Terpene_11_0,99.52,97.22,432
JMPPHP_02885 hypothetical protein,ctg27_23_T1PKS-Terpene_11_0,97.39,99.74,384
JMPPHP_03260 isoprenylcysteine carboxyl methyltransferase,ctg82_22_T3PKS-Merocyclophane_5_0,99.67,100,606
JMPPHP_03265 3-oxoacyl-ACP synthase,ctg82_21_T3PKS-Merocyclophane_5_0,99.06,100,1176
JMPPHP_03270 flavin-binding monooxygenase-like family protein,ctg82_20_T3PKS-Merocyclophane_5_0,98.94,100,1320
JMPPHP_03275 type I polyketide synthase,ctg82_19_T3PKS-Merocyclophane_5_0,98.54,100,3963
JMPPHP_03405 bifunctional orotidine-5'-phosphate decarboxylase/orotate phosphoribosyltransferase,ctg82_6_T3PKS-Merocyclophane_5_0,97.35,100,1434
JMPPHP_03410 metal-binding protein,ctg82_5_T3PKS-Merocyclophane_5_0,95.72,100,1005
JMPPHP_03415 glycine/betaine ABC transporter substrate-binding protein,ctg82_4_T3PKS-Merocyclophane_5_0,97.25,100,1530
JMPPHP_03420 cysteine--tRNA ligase,ctg82_3_T3PKS-Merocyclophane_5_0,97.78,100,1443
JMPPHP_03425 hypothetical protein,ctg105_5_Anabaenopeptin_16_0,99.27,100,273
JMPPHP_03435 flavin oxidoreductase,ctg105_3_Anabaenopeptin_16_0,96.45,100,1746
JMPPHP_03440 Phosphate-starvation-inducible E family,ctg105_2_Anabaenopeptin_16_0,97.21,100,501
JMPPHP_03520 Non-specific serine/threonine protein kinase,ctg30_16_Novel-T3PKS_28_0,96.8,100,1125
JMPPHP_03525 hypothetical protein,ctg30_15_Novel-T3PKS_28_0,97.88,100,1134
JMPPHP_03695 Putative restriction endonuclease,ctg27_15_T1PKS-Terpene_11_0,97.31,75.04,645
JMPPHP_03700 hypothetical protein,ctg27_14_T1PKS-Terpene_11_0,92.97,104.48,558
JMPPHP_03725 WD40 repeat domain-containing protein,ctg30_11_Novel-T3PKS_28_0,95.92,99.81,1056
JMPPHP_03730 ribonuclease III,ctg30_12_Novel-T3PKS_28_0,97.73,83.63,843
JMPPHP_03740 alpha/beta hydrolase,ctg30_13_Novel-T3PKS_28_0,96.5,100,828
JMPPHP_03745 hypothetical protein,ctg30_14_Novel-T3PKS_28_0,97.62,100,420
JMPPHP_03790 hypothetical protein,ctg82_28_T3PKS-Merocyclophane_5_0,97.54,101.15,522
JMPPHP_03795 hypothetical protein,ctg82_27_T3PKS-Merocyclophane_5_0,94.49,100,780
JMPPHP_03800 hypothetical protein,ctg82_26_T3PKS-Merocyclophane_5_0,98.38,99.93,1359
JMPPHP_04050 efflux RND transporter periplasmic adaptor subunit,ctg82_25_T3PKS-Merocyclophane_5_0,98.77,100,1140
JMPPHP_04060 ATP-binding cassette domain-containing protein,MBE8994633.1_IQ234_09895_MicrocystisaeruginosaLEGE91341_microginin,97.48,99.91,1113
JMPPHP_04485 hypothetical protein,ctg57_6_Anacyclamide_57_0,93.05,100.1,1911
JMPPHP_04530 rhodanese-related sulfurtransferase,ctg20_3_samp_2073_1151163_NRPS,97.94,100,339
JMPPHP_04615 DUF1995 domain-containing protein,ctg105_6_Anabaenopeptin_16_0,96.91,100,744
JMPPHP_04690 imidazole glycerol phosphate synthase subunit HisH,ctg13_7_Cyanobactin_64_0,97.81,100,639
JMPPHP_04695 ABC transporter ATP-binding protein,ctg13_8_Cyanobactin_64_0,97.34,100,753
JMPPHP_04700 hypothetical protein,ctg13_9_Cyanobactin_64_0,98.1,100,315
JMPPHP_04835 aluminum resistance family protein,ctg30_5_Novel-T3PKS_28_0,96.81,100,1254
JMPPHP_05025 N-terminal part of Q9RNA5_MICAE Uma4,AAF00967.1_uma4_MicrocystisaeruginosaPCC7806_microcystinLR,93.75,98.77,81
JMPPHP_05065 DUF3285 domain-containing protein,ctg3_14_lanthipeptide_54_0,98.92,100,186
JMPPHP_05070 rRNA maturation RNase YbeY,ctg3_15_lanthipeptide_54_0,96.88,100,513
JMPPHP_05075 diacylglycerol kinase,ctg3_16_lanthipeptide_54_0,96.93,100,489
JMPPHP_05240 arabinose efflux permease,ctg82_33_T3PKS-Merocyclophane_5_0,98.05,100,1386
JMPPHP_05420 ribonuclease J,ctg83_24_lanthipeptide_21_0,97.23,100,1443
JMPPHP_05425 nickel pincer cofactor biosynthesis protein LarB,ctg83_25_lanthipeptide_21_0,98.7,100,771
JMPPHP_05430 hypothetical protein,ctg83_26_lanthipeptide_21_0,98.57,100,210
JMPPHP_05465 ABC transporter permease,ctg27_32_T1PKS-Terpene_11_0,97.64,100,678
JMPPHP_05470 hypothetical protein,ctg27_33_T1PKS-Terpene_11_0,92.9,100,465
JMPPHP_05575 phosphoadenosine phosphosulfate reductase,ctg27_34_T1PKS-Terpene_11_0,97.2,100,822
JMPPHP_06075 Transpeptidase domain-containing protein,ctg44_9_1-heptadecene_20_0,97.78,100,1128
JMPPHP_06080 hypothetical protein,ctg44_8_1-heptadecene_20_0,95.89,99.83,585
JMPPHP_06170 DUF4242 domain-containing protein,ctg5_33_RRE-containing_23_0,97.93,100,531
JMPPHP_06205 Glutaredoxin,ctg83_3_lanthipeptide_21_0,96.97,100,165
JMPPHP_06465 DNA-directed RNA polymerase subunit gamma,ctg39_14_Cyanobactin_50_0,98.35,100,1881
JMPPHP_06470 reactive intermediate/imine deaminase,ctg39_13_Cyanobactin_50_0,98.21,100,390
JMPPHP_06815 DUF4327 domain-containing protein,ctg3_17_lanthipeptide_54_0,98.75,100,240
JMPPHP_07050 hypothetical protein,ctg20_15_NRPS-T1PKS_26_0,97.97,98.91,549
JMPPHP_07190 type 2 isopentenyl-diphosphate Delta-isomerase,"ACM68685.1_aerK_MicrocystisaeruginosaNIES-98_aeruginosin98-A,aeruginosin98-B,aeruginosin98-C",94.83,100,1044
JMPPHP_07195 Bacilysin biosynthesis BacA-like protein,"ACM68686.1_aerD_MicrocystisaeruginosaNIES-98_aeruginosin98-A,aeruginosin98-B,aeruginosin98-C",86.99,83.91,174
JMPPHP_07455 nickel pincer cofactor biosynthesis protein LarC,ctg39_9_Cyanobactin_50_0,97.38,94.03,1257
JMPPHP_07885 hypothetical protein,ctg82_23_T3PKS-Merocyclophane_5_0,98.18,100,1098
JMPPHP_07890 MFS transporter,ctg82_24_T3PKS-Merocyclophane_5_0,98.16,100,1302
JMPPHP_07895 hypothetical protein,ctg105_11_Anabaenopeptin_16_0,98.54,100,2256
JMPPHP_07915 hypothetical protein,ctg82_7_T3PKS-Merocyclophane_5_0,93.27,100,297
JMPPHP_07920 23S rRNA (guanosine(2251)-2'-O)-methyltransferase RlmB,ctg82_8_T3PKS-Merocyclophane_5_0,96.19,100,867
JMPPHP_07925 Mini-ribonuclease 3,ctg82_9_T3PKS-Merocyclophane_5_0,97.84,100,417
JMPPHP_07930 anti-sigma F factor antagonist,ctg82_10_T3PKS-Merocyclophane_5_0,97.15,100,351
JMPPHP_07935 Carbamoyl-phosphate synthase small chain,ctg82_11_T3PKS-Merocyclophane_5_0,95.04,100,564
JMPPHP_08225 Transposase-31 domain-containing protein,ctg36_1_NRPS-like_34_0,90.79,76.77,99
JMPPHP_08510 3-isopropylmalate dehydrogenase,ctg105_15_Anabaenopeptin_16_0,99.62,100,1065
JMPPHP_08515 Pyruvate carboxyltransferase,ctg105_14_Anabaenopeptin_16_0,97.69,100.18,561
JMPPHP_09390 ABC transporter permease,ctg5_29_RRE-containing_23_0,98.05,100,771
JMPPHP_09395 ABC transporter substrate-binding protein,ctg5_30_RRE-containing_23_0,98.55,100,1176
JMPPHP_09400 ABC transporter ATP-binding protein,ctg5_31_RRE-containing_23_0,98.38,100,678
JMPPHP_09865 tRNA uridine-5-carboxymethylaminomethyl(34) synthesis enzyme MnmG,ctg1_9_samp_4305_554341_lanthipeptide-class-v,74.45,76.31,1908
JMPPHP_10005 carotenoid biosynthesis protein,ctg30_17_Novel-T3PKS_28_0,97.49,100,915
JMPPHP_10020 adenylyl-sulfate kinase,AAF00966.1_uma3_MicrocystisaeruginosaPCC7806_microcystinLR,97.97,100,1527
JMPPHP_10025 Putative restriction endonuclease,AAF00965.1_uma2_MicrocystisaeruginosaPCC7806_microcystinLR,93.64,100.35,564
JMPPHP_10030 FAD-dependent oxidoreductase,AAF00964.1_uma1_MicrocystisaeruginosaPCC7806_microcystinLR,97.71,100,2052
JMPPHP_10160 DNA-binding response regulator,ctg13_10_Cyanobactin_64_0,97.87,100,657
JMPPHP_10165 protein tyrosine phosphatase,ctg13_11_Cyanobactin_64_0,96.53,100,519
JMPPHP_10170 hypothetical protein,ctg13_12_Cyanobactin_64_0,98.63,99.66,294
JMPPHP_10175 DUF2834 domain-containing protein,ctg13_13_Cyanobactin_64_0,95.93,100,639
JMPPHP_10560 lipoprotein NlpI,ctg27_2_T1PKS-Terpene_11_0,97.69,100,954
JMPPHP_10565 hypothetical protein,ctg27_3_T1PKS-Terpene_11_0,97.78,100,315
JMPPHP_11320 hypothetical protein,ctg30_9_Novel-T3PKS_28_0,96.7,99.48,762
JMPPHP_11710 hypothetical protein,ctg36_9_NRPS-like_34_0,100,100,468
JMPPHP_11715 Carrier domain-containing protein,ctg36_10_NRPS-like_34_0,100,100,4308
JMPPHP_11785 transglutaminase,ctg82_2_T3PKS-Merocyclophane_5_0,96.5,100,2313
JMPPHP_11840 ATP-dependent Clp protease ATP-binding subunit ClpX,ctg83_19_lanthipeptide_21_0,98.94,100,1041
JMPPHP_12025 hypothetical protein,ctg27_8_T1PKS-Terpene_11_0,95.71,100,489
JMPPHP_12180 hypothetical protein,ctg34_24_Bartoloside-T1PKS_18_0,99.74,100,387
JMPPHP_12610 hypothetical protein,MBE8994632.1_IQ234_09890_MicrocystisaeruginosaLEGE91341_microginin,95.89,100,633
JMPPHP_12740 hypothetical protein,ctg115_1_Cyanobactin_90_0,98.73,99.37,159
JMPPHP_12745 IS4 family transposase,ctg115_1_Cyanobactin_90_0,94.52,100,675
JMPPHP_12870 SNF2 family N-terminal domain-containing protein,ctg36_8_NRPS-like_34_0,100,100,639
JMPPHP_12875 cysteine lyase,ctg36_7_NRPS-like_34_0,100,100,1215
JMPPHP_12880 recombinase B,ctg36_6_NRPS-like_34_0,100,100,1434
JMPPHP_12890 hypothetical protein,ctg36_5_NRPS-like_34_0,100,100,381
JMPPHP_12895 methylthioribulose 1-phosphate dehydratase,ctg36_4_NRPS-like_34_0,100,100,618
JMPPHP_12905 hypothetical protein,ctg36_3_NRPS-like_34_0,100,100,387
JMPPHP_13900 hypothetical protein,ctg82_29_T3PKS-Merocyclophane_5_0,94.14,100,222
JMPPHP_13905 Phosphomannomutase,ctg82_29_T3PKS-Merocyclophane_5_0,93.38,100,423
JMPPHP_13910 serine/threonine protein kinase,ctg82_30_T3PKS-Merocyclophane_5_0,95.21,101.16,1548
JMPPHP_13915 tRNA uridine(34) hydroxylase,ctg82_31_T3PKS-Merocyclophane_5_0,97.55,99.65,573
JMPPHP_14110 Microviridin,CAQ16116.1_mdnA_MicrocystisaeruginosaNIES-298_microviridinB,90.97,103.33,150
JMPPHP_14115 MvdC family ATP-grasp ribosomal peptide maturase,CAQ16117.1_mdnB_MicrocystisaeruginosaNIES-298_microviridinB,97.73,98.98,981
JMPPHP_14120 MvdD family ATP-grasp ribosomal peptide maturase,CAQ16118.1_mdnC_MicrocystisaeruginosaNIES-298_microviridinB,98.15,100,975
JMPPHP_14135 N-acetyltransferase,CAQ16119.1_mdnD_MicrocystisaeruginosaNIES-298_microviridinB,95.99,96.5,543
JMPPHP_14140 ABC transporter,CAQ16120.1_mdnE_MicrocystisaeruginosaNIES-298_microviridinB,96.32,100,2064
JMPPHP_14290 DUF4351 domain-containing protein,ctg82_34_T3PKS-Merocyclophane_5_0,92.31,101.84,651
JMPPHP_14295 Uncharacterised protein family (UPF0175),ctg82_35_T3PKS-Merocyclophane_5_0,100,100,246
JMPPHP_14300 DUF3368 domain-containing protein,ctg82_36_T3PKS-Merocyclophane_5_0,97.9,100,429
JMPPHP_14680 zf-ISL3 domain-containing protein,AAF00967.1_uma4_MicrocystisaeruginosaPCC7806_microcystinLR,96.05,85.19,297
JMPPHP_14695 hypothetical protein,BAW32332.1_makasA_MicrocystisaeruginosaNIES-87_kasumigamide,99.76,100,417
JMPPHP_14715 hypothetical protein,ctg36_2_NRPS-like_34_0,88.93,89.74,312
JMPPHP_15155 Uncharacterized protein sll0103,ctg30_6_Novel-T3PKS_28_0,97.23,99.71,1050
JMPPHP_15160 hypothetical protein,ctg30_6_Novel-T3PKS_28_0,95.76,100,165
JMPPHP_15165 EamA family transporter,ctg30_7_Novel-T3PKS_28_0,97.14,100,909
JMPPHP_15170 resolvase,ctg30_8_Novel-T3PKS_28_0,96.95,100,393
JMPPHP_15340 transposase,ctg82_12_T3PKS-Merocyclophane_5_0,95.27,100.68,882
JMPPHP_15485 phosphopantetheine-binding protein,MBE8994628.1_IQ234_09870_MicrocystisaeruginosaLEGE91341_microginin,96.63,100,267
JMPPHP_15490 class I SAM-dependent methyltransferase,ctg57_3_Anacyclamide_57_0,89.69,90.65,813
JMPPHP_15495 hypothetical protein,MBE8994629.1_IQ234_09875_MicrocystisaeruginosaLEGE91341_microginin,94.98,94.87,273
JMPPHP_15685 Putative restriction endonuclease,"AFK79997.1_AFK79997.1_MicrocystisaeruginosaPCC7005_piricyclamide7005E1,piricyclamide7005E2,piricyclamide7005E3,piricyclamide7005E4",94.9,94.03,771
JMPPHP_15690 anacyclamide synthesis AcyG domain protein,ctg39_5_Cyanobactin_50_0,96.69,98.69,153
JMPPHP_15715 heat-shock protein,ctg39_7_Cyanobactin_50_0,96.59,100,411
JMPPHP_15720 Light-repressed protein A,ctg39_6_Cyanobactin_50_0,96.83,100,600
JMPPHP_15920 ATP-dependent sacrificial sulfur transferase LarE,ctg34_20_Bartoloside-T1PKS_18_0,97.28,100,810
JMPPHP_16550 type II toxin-antitoxin system HicB family antitoxin,ctg5_19_RRE-containing_23_0,96.89,100,225
JMPPHP_16645 ATP-dependent Clp endopeptidase proteolytic subunit ClpP,ctg83_20_lanthipeptide_21_0,75.23,88.83,600
JMPPHP_16860 Dolichyl-phosphate-mannose-protein mannosyltransferase,ctg28_2_RiPP-like_84_0,96.55,100,1680
JMPPHP_16865 Glycogen debranching protein,ctg28_3_RiPP-like_84_0,97.62,100,210
JMPPHP_17175 Response regulatory domain-containing protein,ctg27_4_T1PKS-Terpene_11_0,94.71,92.65,204
JMPPHP_17180 Diguanylate cyclase,ctg27_4_T1PKS-Terpene_11_0,95.1,99.28,699
JMPPHP_17185 ABC transporter substrate-binding protein,ctg27_5_T1PKS-Terpene_11_0,97.06,100,783
JMPPHP_17190 Tetratricopeptide TPR_1 repeat-containing protein,ctg27_6_T1PKS-Terpene_11_0,97.77,100,537
JMPPHP_17195 hypothetical protein,ctg27_7_T1PKS-Terpene_11_0,97.5,100,120
JMPPHP_17265 clan AA aspartic protease,ctg3_6_lanthipeptide_54_0,96.17,100,366
JMPPHP_17270 hypothetical protein,ctg3_7_lanthipeptide_54_0,98.91,100,276
JMPPHP_17525 hypothetical protein,ctg34_2_Bartoloside-T1PKS_18_0,96.67,100,240
"JMPPHP_18180 3'(2'),5'-bisphosphate nucleotidase",ctg27_41_T1PKS-Terpene_11_0,97.24,100,579
JMPPHP_18185 GTPase,ctg27_40_T1PKS-Terpene_11_0,96.7,98.82,1872
JMPPHP_18200 Carrier domain-containing protein,ctg57_5_Anacyclamide_57_0,92.39,86.56,759
JMPPHP_18420 S-(hydroxymethyl)glutathione dehydrogenase/class III alcohol dehydrogenase,ctg44_17_1-heptadecene_20_0,98.65,100,1110
JMPPHP_18425 CHAT domain-containing protein,ctg44_18_1-heptadecene_20_0,98.84,72.93,3417
JMPPHP_18505 NFACT N-terminal and middle domains,ctg34_5_Bartoloside-T1PKS_18_0,95.55,100,1731
JMPPHP_18510 glycine cleavage system aminomethyltransferase GcvT,ctg34_19_Bartoloside-T1PKS_18_0,97.47,100,1107
JMPPHP_19090 beta keto-acyl synthase,ctg27_17_T1PKS-Terpene_11_0,97.09,77.54,5940
JMPPHP_19095 hypothetical protein,ctg27_18_T1PKS-Terpene_11_0,98.06,100,567
JMPPHP_19100 hypothetical protein,ctg27_20_T1PKS-Terpene_11_0,92.68,105.13,234
JMPPHP_19105 hypothetical protein,ctg27_20_T1PKS-Terpene_11_0,95.93,101.91,627
JMPPHP_19120 hypothetical protein,ctg105_11_Anabaenopeptin_16_0,99.15,98.33,120
JMPPHP_19125 non-ribosomal peptide synthetase,ctg105_12_Anabaenopeptin_16_0,98.12,100,3237
JMPPHP_19130 hypothetical protein,ctg105_13_Anabaenopeptin_16_0,97.14,100,873
JMPPHP_19650 SnoaL-like domain-containing protein,ctg105_7_Anabaenopeptin_16_0,100,100,405
JMPPHP_19655 histidinol-phosphate transaminase,ctg105_8_Anabaenopeptin_16_0,98.42,100,1077
"JMPPHP_19660 ABC-type uncharacterized transport system, permease and ATPase components","ABV79989.1_apnE_PlanktothrixagardhiiNIVA-CYA126/8_anabaenopeptin908,anabaenopeptin915",95.52,96.75,1752
JMPPHP_19670 Amino acid adenylation domain-containing protein,ctg105_10_Anabaenopeptin_16_0,96.86,98.95,2961
JMPPHP_19785 2TM domain-containing protein,ctg71_11_T1PKS_51_0,97.25,100,255
JMPPHP_19790 DUF3181 domain-containing protein,ctg71_10_T1PKS_51_0,97.03,100,303
JMPPHP_19795 alanine dehydrogenase,ctg71_9_T1PKS_51_0,97.15,100,1086
JMPPHP_19800 restriction endonuclease,ctg71_8_T1PKS_51_0,97.56,99.87,780
JMPPHP_19805 SAM-dependent methyltransferase,ctg71_6_T1PKS_51_0,97.84,100.15,648
JMPPHP_19810 DUF1257 domain-containing protein,ctg71_5_T1PKS_51_0,98.59,81.38,435
JMPPHP_19815 AAA family ATPase,ctg71_4_T1PKS_51_0,97.82,100,1512
JMPPHP_19820 hypothetical protein,ctg71_3_T1PKS_51_0,96.21,100,396
JMPPHP_19900 Transposase,ctg27_30_T1PKS-Terpene_11_0,92.02,100.08,1215
JMPPHP_19985 hypothetical protein,ctg36_2_NRPS-like_34_0,81.11,101.89,951
JMPPHP_00005 hypothetical protein,Unmatched,0,0,0
JMPPHP_00010 D-alanyl-D-alanine dipeptidase,Unmatched,0,0,0
JMPPHP_00015 PAPS-reduct domain-containing protein,Unmatched,0,0,0
JMPPHP_00020 hypothetical protein,Unmatched,0,0,0
JMPPHP_00025 hypothetical protein,Unmatched,0,0,0
JMPPHP_00030 hypothetical protein,Unmatched,0,0,0
JMPPHP_00035 hypothetical protein,Unmatched,0,0,0
JMPPHP_00040 fatty acid desaturase,Unmatched,0,0,0
JMPPHP_00045 hypothetical protein,Unmatched,0,0,0
JMPPHP_00050 nucleic acid-binding protein,Unmatched,0,0,0
JMPPHP_00055 hypothetical protein,Unmatched,0,0,0
JMPPHP_00060 VKc domain-containing protein,Unmatched,0,0,0
JMPPHP_00065 hypothetical protein,Unmatched,0,0,0
JMPPHP_00070 urease subunit gamma,Unmatched,0,0,0
JMPPHP_00075 urease subunit beta,Unmatched,0,0,0
JMPPHP_00080 S-methyl-5'-thioadenosine phosphorylase,Unmatched,0,0,0
"JMPPHP_00085 RNA polymerase sigma factor, RpoD/SigA family",Unmatched,0,0,0
JMPPHP_00090 type I methionyl aminopeptidase,Unmatched,0,0,0
JMPPHP_00095 aldo/keto reductase,Unmatched,0,0,0
"JMPPHP_00100 cob(I)yrinic acid a,c-diamide adenosyltransferase",Unmatched,0,0,0
JMPPHP_00105 DUF433 domain-containing protein,Unmatched,0,0,0
JMPPHP_00110 ACP S-malonyltransferase,Unmatched,0,0,0
JMPPHP_00115 hypothetical protein,Unmatched,0,0,0
JMPPHP_00120 HigA family addiction module antitoxin,Unmatched,0,0,0
JMPPHP_00125 UDP-N-acetylenolpyruvoylglucosamine reductase,Unmatched,0,0,0
JMPPHP_00135 ATPase-AAA-core domain-containing protein,Unmatched,0,0,0
JMPPHP_00140 DUF3226 domain-containing protein,Unmatched,0,0,0
JMPPHP_00145 Serralysin C,Unmatched,0,0,0
JMPPHP_00150 diflavin flavoprotein A,Unmatched,0,0,0
"JMPPHP_00155 O-linked N-acetylglucosamine transferase, SPINDLY family protein",Unmatched,0,0,0
"JMPPHP_00160 putative O-linked N-acetylglucosamine transferase, SPINDLY family",Unmatched,0,0,0
JMPPHP_00165 DNA polymerase III subunit alpha,Unmatched,0,0,0
JMPPHP_00175 23S ribosomal RNA,Unmatched,0,0,0
JMPPHP_00180 tRNA-Ile(gat),Unmatched,0,0,0
JMPPHP_00185 16S ribosomal RNA,Unmatched,0,0,0
JMPPHP_00190 ABC transporter permease,Unmatched,0,0,0
JMPPHP_00195 Antitoxin,Unmatched,0,0,0
JMPPHP_00200 Similar to tr|Q3M5U7|Q3M5U7_ANAVT PilT protein-like,Unmatched,0,0,0
JMPPHP_00205 metal ABC transporter substrate-binding protein,Unmatched,0,0,0
JMPPHP_00210 threonine--tRNA ligase,Unmatched,0,0,0
JMPPHP_00215 Isopropylmalate/homocitrate/citramalate synthase,Unmatched,0,0,0
JMPPHP_00220 alpha-ketoacid dehydrogenase subunit beta,Unmatched,0,0,0
JMPPHP_00225 protein translocase subunit SecD,Unmatched,0,0,0
JMPPHP_00230 protein translocase subunit SecF,Unmatched,0,0,0
JMPPHP_00235 crossover junction endodeoxyribonuclease RuvC,Unmatched,0,0,0
JMPPHP_00240 UDP-N-acetylglucosamine 2-epimerase (non-hydrolyzing),Unmatched,0,0,0
JMPPHP_00245 Crp/Fnr family transcriptional regulator,Unmatched,0,0,0
JMPPHP_00250 transporter,Unmatched,0,0,0
JMPPHP_00255 Uncharacterized NAD(P)/FAD-binding protein YdhS,Unmatched,0,0,0
JMPPHP_00260 hypothetical protein,Unmatched,0,0,0
JMPPHP_00265 hypothetical protein,Unmatched,0,0,0
JMPPHP_00270 hypothetical protein,Unmatched,0,0,0
JMPPHP_00275 50S ribosomal protein L25/general stress protein Ctc,Unmatched,0,0,0
JMPPHP_00280 adenylosuccinate synthase,Unmatched,0,0,0
JMPPHP_00285 hypothetical protein,Unmatched,0,0,0
JMPPHP_00290 TauD domain-containing protein,Unmatched,0,0,0
JMPPHP_00295 tRNA-fMet(cat),Unmatched,0,0,0
JMPPHP_00300 succinate dehydrogenase/fumarate reductase flavoprotein subunit,Unmatched,0,0,0
JMPPHP_00305 HTH-Tnp-IS630 domain-containing protein,Unmatched,0,0,0
JMPPHP_00310 DDE-3 domain-containing protein,Unmatched,0,0,0
JMPPHP_00315 type II toxin-antitoxin system HicB family antitoxin,Unmatched,0,0,0
JMPPHP_00320 Putative HicA protein,Unmatched,0,0,0
JMPPHP_00325 hypothetical protein,Unmatched,0,0,0
JMPPHP_00330 hypothetical protein,Unmatched,0,0,0
JMPPHP_00335 PINc domain-containing protein,Unmatched,0,0,0
JMPPHP_00340 Serine/threonine-protein kinase pkn1,Unmatched,0,0,0
JMPPHP_00345 site-specific DNA-methyltransferase,Unmatched,0,0,0
JMPPHP_00350 mannosyltransferase,Unmatched,0,0,0
JMPPHP_00355 hypothetical protein,Unmatched,0,0,0
JMPPHP_00360 hypothetical protein,Unmatched,0,0,0
JMPPHP_00365 ACP S-malonyltransferase,Unmatched,0,0,0
JMPPHP_00370 DUF433 domain-containing protein,Unmatched,0,0,0
JMPPHP_00375 sensor histidine kinase,Unmatched,0,0,0
JMPPHP_00380 saccharopine dehydrogenase,Unmatched,0,0,0
JMPPHP_00385 mechanosensitive ion channel protein,Unmatched,0,0,0
JMPPHP_00390 Similar to tr|P73635|P73635,Unmatched,0,0,0
JMPPHP_00395 hypothetical protein,Unmatched,0,0,0
JMPPHP_00400 N-acetyltransferase,Unmatched,0,0,0
JMPPHP_00405 hypothetical protein,Unmatched,0,0,0
JMPPHP_00410 Chromosome partition protein Smc,Unmatched,0,0,0
JMPPHP_00415 two-component system response regulator,Unmatched,0,0,0
JMPPHP_00420 CheW-like domain-containing protein,Unmatched,0,0,0
JMPPHP_00425 hypothetical protein,Unmatched,0,0,0
JMPPHP_00430 hypothetical protein,Unmatched,0,0,0
JMPPHP_00435 glycosyl transferase,Unmatched,0,0,0
JMPPHP_00440 helix-turn-helix domain-containing protein,Unmatched,0,0,0
JMPPHP_00445 quinolinate synthase NadA,Unmatched,0,0,0
JMPPHP_00450 Serine/threonine-protein kinase B,Unmatched,0,0,0
JMPPHP_00455 Integral membrane protein TerC family,Unmatched,0,0,0
JMPPHP_00460 NAD(P)H-quinone oxidoreductase subunit F,Unmatched,0,0,0
JMPPHP_00465 Class I tRNA ligase family protein,Unmatched,0,0,0
JMPPHP_00470 NYN domain-containing protein,Unmatched,0,0,0
JMPPHP_00475 hypothetical protein,Unmatched,0,0,0
JMPPHP_00480 DUF29 domain-containing protein,Unmatched,0,0,0
JMPPHP_00485 DUF29 domain-containing protein,Unmatched,0,0,0
JMPPHP_00490 hypothetical protein,Unmatched,0,0,0
JMPPHP_00495 DUF4277 domain-containing protein,Unmatched,0,0,0
JMPPHP_00500 photosystem II chlorophyll-binding protein CP47,Unmatched,0,0,0
JMPPHP_00505 carboxymethylenebutenolidase,Unmatched,0,0,0
JMPPHP_00510 Cof-type HAD-IIB family hydrolase,Unmatched,0,0,0
JMPPHP_00515 hypothetical protein,Unmatched,0,0,0
JMPPHP_00520 Domain of unknown function DUF29,Unmatched,0,0,0
JMPPHP_00525 DUF29 domain-containing protein,Unmatched,0,0,0
JMPPHP_00530 glucokinase,Unmatched,0,0,0
JMPPHP_00535 HTH crp-type domain-containing protein,Unmatched,0,0,0
JMPPHP_00540 Cupin 2 domain-containing protein,Unmatched,0,0,0
JMPPHP_00545 Putative manganese efflux pump,Unmatched,0,0,0
JMPPHP_00550 7-cyano-7-deazaguanine synthase QueC,Unmatched,0,0,0
JMPPHP_00555 Aspartyl protease,Unmatched,0,0,0
JMPPHP_00560 hypothetical protein,Unmatched,0,0,0
JMPPHP_00565 7-carboxy-7-deazaguanine synthase QueE,Unmatched,0,0,0
JMPPHP_00570 Ycf51-like protein,Unmatched,0,0,0
JMPPHP_00575 oxidoreductase,Unmatched,0,0,0
JMPPHP_00580 DUF3288 domain-containing protein,Unmatched,0,0,0
JMPPHP_00585 methionine synthase,Unmatched,0,0,0
JMPPHP_00590 glycosyltransferase,Unmatched,0,0,0
"JMPPHP_00595 Antitoxin component HigA of the HigAB toxin-antitoxin module, contains an N-terminal HTH domain",Unmatched,0,0,0
JMPPHP_00600 hypothetical protein,Unmatched,0,0,0
JMPPHP_00605 hormogonium polysaccharide biosynthesis glycosyltransferase HpsP,Unmatched,0,0,0
JMPPHP_00610 hypothetical protein,Unmatched,0,0,0
JMPPHP_00615 GAF domain-containing protein,Unmatched,0,0,0
JMPPHP_00620 apolipoprotein N-acyltransferase,Unmatched,0,0,0
JMPPHP_00625 hypothetical protein,Unmatched,0,0,0
JMPPHP_00630 hypothetical protein,Unmatched,0,0,0
"JMPPHP_00635 type II toxin-antitoxin system mRNA interferase toxin, RelE/StbE family",Unmatched,0,0,0
JMPPHP_00640 hypothetical protein,Unmatched,0,0,0
JMPPHP_00645 hypothetical protein,Unmatched,0,0,0
JMPPHP_00650 glycosyltransferase family 1 protein,Unmatched,0,0,0
JMPPHP_00655 Glycosyltransferase Type 1,Unmatched,0,0,0
JMPPHP_00660 hypothetical protein,Unmatched,0,0,0
JMPPHP_00665 NADP-dependent succinic semialdehyde dehydrogenase,Unmatched,0,0,0
JMPPHP_00670 tRNA-Arg(ccg),Unmatched,0,0,0
JMPPHP_00675 DUF3727 domain-containing protein,Unmatched,0,0,0
JMPPHP_00680 ABC 3 transport family,Unmatched,0,0,0
JMPPHP_00685 thioredoxin-disulfide reductase,Unmatched,0,0,0
JMPPHP_00690 HTH cro/C1-type domain-containing protein,Unmatched,0,0,0
JMPPHP_00695 ribulose bisphosphate carboxylase small subunit,Unmatched,0,0,0
JMPPHP_00700 RbcX chaperonin protein,Unmatched,0,0,0
JMPPHP_00705 Ribulose bisphosphate carboxylase large chain,Unmatched,0,0,0
JMPPHP_00710 carbon dioxide concentrating mechanism protein,Unmatched,0,0,0
JMPPHP_00715 carbon dioxide concentrating mechanism protein CcmM,Unmatched,0,0,0
JMPPHP_00720 carbon dioxide concentrating mechanism protein CcmL,Unmatched,0,0,0
JMPPHP_00725 Carboxysome shell protein CcmK,Unmatched,0,0,0
JMPPHP_00730 carbon dioxide-concentrating protein CcmK,Unmatched,0,0,0
JMPPHP_00735 Catabolite gene activator protein,Unmatched,0,0,0
JMPPHP_00740 hypothetical protein,Unmatched,0,0,0
JMPPHP_00745 Type II toxin-antitoxin system HicB family antitoxin,Unmatched,0,0,0
JMPPHP_00750 hypothetical protein,Unmatched,0,0,0
JMPPHP_00755 hypothetical protein,Unmatched,0,0,0
JMPPHP_00760 Endo/exonuclease/phosphatase domain-containing protein,Unmatched,0,0,0
JMPPHP_00765 fatty-acid oxidation protein subunit alpha,Unmatched,0,0,0
JMPPHP_00770 XisI protein,Unmatched,0,0,0
JMPPHP_00775 hypothetical protein,Unmatched,0,0,0
JMPPHP_00780 GUN4 domain-containing protein,Unmatched,0,0,0
JMPPHP_00785 hypothetical protein,Unmatched,0,0,0
JMPPHP_00790 Uma2 domain-containing protein,Unmatched,0,0,0
JMPPHP_00795 hypothetical protein,Unmatched,0,0,0
JMPPHP_00800 uracil phosphoribosyltransferase,Unmatched,0,0,0
JMPPHP_00805 hypothetical protein,Unmatched,0,0,0
"JMPPHP_00810 putative toxin-antitoxin system toxin component, PIN family",Unmatched,0,0,0
JMPPHP_00815 peptidase M28,Unmatched,0,0,0
JMPPHP_00820 FAD dependent oxidoreductase,Unmatched,0,0,0
JMPPHP_00825 hypothetical protein,Unmatched,0,0,0
JMPPHP_00830 DNA-binding response regulator,Unmatched,0,0,0
JMPPHP_00835 Putative branched-chain amino acid transport system substrate-binding protein,Unmatched,0,0,0
JMPPHP_00840 FkbM family methyltransferase,Unmatched,0,0,0
JMPPHP_00845 Polysaccharide biosynthesis protein,Unmatched,0,0,0
JMPPHP_00850 Methyltransf-21 domain-containing protein,Unmatched,0,0,0
JMPPHP_00855 hypothetical protein,Unmatched,0,0,0
JMPPHP_00860 hypothetical protein,Unmatched,0,0,0
JMPPHP_00865 cobalamin biosynthesis bifunctional protein CbiET,Unmatched,0,0,0
JMPPHP_00870 hypothetical protein,Unmatched,0,0,0
JMPPHP_00875 precorrin-3B synthase,Unmatched,0,0,0
JMPPHP_00880 precorrin-8X methylmutase,Unmatched,0,0,0
JMPPHP_00885 precorrin-2 C(20)-methyltransferase,Unmatched,0,0,0
JMPPHP_00900 DUF5615 domain-containing protein,Unmatched,0,0,0
JMPPHP_00905 hypothetical protein,Unmatched,0,0,0
JMPPHP_00910 lipase,Unmatched,0,0,0
JMPPHP_00950 hypothetical protein,Unmatched,0,0,0
JMPPHP_00955 hypothetical protein,Unmatched,0,0,0
JMPPHP_00960 response regulator,Unmatched,0,0,0
JMPPHP_00965 GAF domain-containing protein,Unmatched,0,0,0
JMPPHP_00970 hypothetical protein,Unmatched,0,0,0
JMPPHP_00975 hypothetical protein,Unmatched,0,0,0
JMPPHP_00980 DUF3782 domain-containing protein,Unmatched,0,0,0
JMPPHP_00985 Domain of unknown function DUF29,Unmatched,0,0,0
JMPPHP_00990 Uma2 domain-containing protein,Unmatched,0,0,0
JMPPHP_00995 Domain of unknown function DUF29,Unmatched,0,0,0
JMPPHP_01000 hypothetical protein,Unmatched,0,0,0
JMPPHP_01005 Aminopeptidase N,Unmatched,0,0,0
JMPPHP_01010 hypothetical protein,Unmatched,0,0,0
JMPPHP_01015 DNA-binding protein,Unmatched,0,0,0
JMPPHP_01020 hypothetical protein,Unmatched,0,0,0
JMPPHP_01025 hypothetical protein,Unmatched,0,0,0
JMPPHP_01030 hypothetical protein,Unmatched,0,0,0
JMPPHP_01035 hypothetical protein,Unmatched,0,0,0
JMPPHP_01040 FlgD-ig domain-containing protein,Unmatched,0,0,0
JMPPHP_01045 hypothetical protein,Unmatched,0,0,0
JMPPHP_01050 hypothetical protein,Unmatched,0,0,0
JMPPHP_01060 phosphoribulokinase,Unmatched,0,0,0
JMPPHP_01065 Response regulator,Unmatched,0,0,0
JMPPHP_01070 hypothetical protein,Unmatched,0,0,0
JMPPHP_01075 PEP-CTERM sorting domain-containing protein,Unmatched,0,0,0
JMPPHP_01080 peroxiredoxin,Unmatched,0,0,0
JMPPHP_01085 DUF4277 domain-containing protein,Unmatched,0,0,0
JMPPHP_01090 UbiD family decarboxylase,Unmatched,0,0,0
JMPPHP_01095 AAA-23 domain-containing protein,Unmatched,0,0,0
JMPPHP_01100 alpha/beta hydrolase,Unmatched,0,0,0
JMPPHP_01105 chorismate mutase,Unmatched,0,0,0
JMPPHP_01110 signal peptide peptidase SppA,Unmatched,0,0,0
JMPPHP_01115 DUF4160 domain-containing protein,Unmatched,0,0,0
JMPPHP_01120 HTH cro/C1-type domain-containing protein,Unmatched,0,0,0
JMPPHP_01125 hypothetical protein,Unmatched,0,0,0
JMPPHP_01130 hypothetical protein,Unmatched,0,0,0
JMPPHP_01135 NAD-dependent DNA ligase LigA,Unmatched,0,0,0
JMPPHP_01140 Uma2 family endonuclease,Unmatched,0,0,0
JMPPHP_01145 Uma2 domain-containing protein,Unmatched,0,0,0
JMPPHP_01150 DUF3326 domain-containing protein,Unmatched,0,0,0
JMPPHP_01155 CPBP family intramembrane metalloprotease,Unmatched,0,0,0
JMPPHP_01160 DUF3531 domain-containing protein,Unmatched,0,0,0
JMPPHP_01165 Pyridoxamine 5'-phosphate oxidase,Unmatched,0,0,0
JMPPHP_01170 DUF2808 domain-containing protein,Unmatched,0,0,0
JMPPHP_01175 SsrA-binding protein SmpB,Unmatched,0,0,0
JMPPHP_01180 hypothetical protein,Unmatched,0,0,0
JMPPHP_01185 GDP-fucose synthetase,Unmatched,0,0,0
"JMPPHP_01190 GDP-mannose 4,6-dehydratase",Unmatched,0,0,0
JMPPHP_01195 Aldedh domain-containing protein,Unmatched,0,0,0
JMPPHP_01205 SWIM zinc finger domain-containing protein,Unmatched,0,0,0
JMPPHP_01210 hypothetical protein,Unmatched,0,0,0
"JMPPHP_01215 type II toxin-antitoxin system mRNA interferase toxin, RelE/StbE family",Unmatched,0,0,0
JMPPHP_01220 Similarity,Unmatched,0,0,0
JMPPHP_01225 Uncharacterized protein family UPF0150,Unmatched,0,0,0
JMPPHP_01230 peptidase M16,Unmatched,0,0,0
JMPPHP_01235 Uncharacterised protein family (UPF0175),Unmatched,0,0,0
JMPPHP_01240 Phosphoenolpyruvate carboxylase,Unmatched,0,0,0
JMPPHP_01245 Serine hydroxymethyltransferase,Unmatched,0,0,0
JMPPHP_01250 hypothetical protein,Unmatched,0,0,0
JMPPHP_01255 cytochrome D ubiquinol oxidase subunit II,Unmatched,0,0,0
JMPPHP_01260 hypothetical protein,Unmatched,0,0,0
JMPPHP_01265 hypothetical protein,Unmatched,0,0,0
JMPPHP_01270 DUF3082 domain-containing protein,Unmatched,0,0,0
"JMPPHP_01275 HicA toxin of bacterial toxin-antitoxin,",Unmatched,0,0,0
JMPPHP_01280 HicB family protein,Unmatched,0,0,0
JMPPHP_01285 AI-2E family transporter,Unmatched,0,0,0
JMPPHP_01290 chitin deacetylase,Unmatched,0,0,0
JMPPHP_01295 bifunctional phosphoribosylaminoimidazolecarboxamide formyltransferase/IMP cyclohydrolase,Unmatched,0,0,0
JMPPHP_01300 hypothetical protein,Unmatched,0,0,0
JMPPHP_01305 BrnA antitoxin family protein,Unmatched,0,0,0
JMPPHP_01310 aminotransferase,Unmatched,0,0,0
JMPPHP_01315 NIDO domain-containing protein,Unmatched,0,0,0
JMPPHP_01320 hypothetical protein,Unmatched,0,0,0
JMPPHP_01325 Metallophosphoesterase,Unmatched,0,0,0
JMPPHP_01330 indole-3-glycerol phosphate synthase TrpC,Unmatched,0,0,0
JMPPHP_01335 hypothetical protein,Unmatched,0,0,0
JMPPHP_01340 peptide chain release factor 1,Unmatched,0,0,0
JMPPHP_01345 transaldolase,Unmatched,0,0,0
JMPPHP_01350 50S ribosomal protein L35,Unmatched,0,0,0
JMPPHP_01355 50S ribosomal protein L20,Unmatched,0,0,0
JMPPHP_01360 phosphate starvation-inducible protein PhoH,Unmatched,0,0,0
JMPPHP_01365 GPDPase-memb domain-containing protein,Unmatched,0,0,0
"JMPPHP_01370 Phosphate starvation-inducible protein PhoH, putative ATPase",Unmatched,0,0,0
JMPPHP_01375 cysteine synthase A,Unmatched,0,0,0
JMPPHP_01380 hypothetical protein,Unmatched,0,0,0
"JMPPHP_01385 HicA toxin of bacterial toxin-antitoxin,",Unmatched,0,0,0
JMPPHP_01390 DUF1902 domain-containing protein,Unmatched,0,0,0
JMPPHP_01395 hypothetical protein,Unmatched,0,0,0
JMPPHP_01400 hypothetical protein,Unmatched,0,0,0
JMPPHP_01405 HicB-like domain-containing protein,Unmatched,0,0,0
JMPPHP_01410 Type II toxin-antitoxin system HicA family toxin,Unmatched,0,0,0
JMPPHP_01415 hypothetical protein,Unmatched,0,0,0
JMPPHP_01420 AAA-31 domain-containing protein,Unmatched,0,0,0
JMPPHP_01425 hypothetical protein,Unmatched,0,0,0
JMPPHP_01430 HicB-like domain-containing protein,Unmatched,0,0,0
JMPPHP_01435 YcfA family protein,Unmatched,0,0,0
JMPPHP_01440 hypothetical protein,Unmatched,0,0,0
JMPPHP_01445 Lipid-A-disaccharide synthase,Unmatched,0,0,0
JMPPHP_01450 DUF2281 domain-containing protein,Unmatched,0,0,0
JMPPHP_01455 PIN domain nuclease,Unmatched,0,0,0
JMPPHP_01460 hypothetical protein,Unmatched,0,0,0
JMPPHP_01465 Similarity,Unmatched,0,0,0
JMPPHP_01470 fluoride efflux transporter CrcB,Unmatched,0,0,0
JMPPHP_01475 fluoride efflux transporter CrcB,Unmatched,0,0,0
JMPPHP_01480 hypothetical protein,Unmatched,0,0,0
JMPPHP_01485 transporter,Unmatched,0,0,0
JMPPHP_01490 DUF4351 domain-containing protein,Unmatched,0,0,0
JMPPHP_01495 DUF4351 domain-containing protein,Unmatched,0,0,0
JMPPHP_01500 tRNA-Leu(gag),Unmatched,0,0,0
JMPPHP_01505 hypothetical protein,Unmatched,0,0,0
JMPPHP_01510 molecular chaperone DnaJ,Unmatched,0,0,0
JMPPHP_01515 hypothetical protein,Unmatched,0,0,0
"JMPPHP_01520 putative toxin-antitoxin system toxin component, PIN family",Unmatched,0,0,0
JMPPHP_01525 hypothetical protein,Unmatched,0,0,0
JMPPHP_01530 hypothetical protein,Unmatched,0,0,0
JMPPHP_01535 hypothetical protein,Unmatched,0,0,0
JMPPHP_01540 Phage-related protein,Unmatched,0,0,0
JMPPHP_01545 transcriptional regulator,Unmatched,0,0,0
JMPPHP_01550 hypothetical protein,Unmatched,0,0,0
JMPPHP_01555 Serine/threonine-protein kinase pkn1,Unmatched,0,0,0
JMPPHP_01560 penicillin-binding protein,Unmatched,0,0,0
JMPPHP_01565 VWA domain-containing protein,Unmatched,0,0,0
JMPPHP_01570 GntR family transcriptional regulator,Unmatched,0,0,0
JMPPHP_01575 Phospholipid/glycerol acyltransferase,Unmatched,0,0,0
JMPPHP_01580 photosystem II q(b) protein,Unmatched,0,0,0
JMPPHP_01585 hypothetical protein,Unmatched,0,0,0
JMPPHP_01590 DUF5615 domain-containing protein,Unmatched,0,0,0
JMPPHP_01595 ribulose-phosphate 3-epimerase,Unmatched,0,0,0
JMPPHP_01600 histidinol-phosphatase,Unmatched,0,0,0
JMPPHP_01605 hypothetical protein,Unmatched,0,0,0
JMPPHP_01610 RuBisCO accumulation factor 1,Unmatched,0,0,0
JMPPHP_01615 polysaccharide pyruvyl transferase CsaB,Unmatched,0,0,0
JMPPHP_01620 hypothetical protein,Unmatched,0,0,0
JMPPHP_01625 SpoIID/LytB domain-containing protein,Unmatched,0,0,0
JMPPHP_01630 DUF2283 domain-containing protein,Unmatched,0,0,0
JMPPHP_01635 DUF4258 domain-containing protein,Unmatched,0,0,0
JMPPHP_01640 GUN4-like protein,Unmatched,0,0,0
JMPPHP_01645 hypothetical protein,Unmatched,0,0,0
JMPPHP_01650 hypothetical protein,Unmatched,0,0,0
"JMPPHP_01655 Type III restriction enzyme, res subunit",Unmatched,0,0,0
JMPPHP_01660 tyramine oxidase,Unmatched,0,0,0
JMPPHP_01665 ribosomal protein S18-alanine N-acetyltransferase,Unmatched,0,0,0
JMPPHP_01670 glycoside hydrolase,Unmatched,0,0,0
JMPPHP_01675 CP12 domain-containing protein,Unmatched,0,0,0
JMPPHP_01680 DUF1269 domain-containing protein,Unmatched,0,0,0
JMPPHP_01685 Chromosome partition protein Smc,Unmatched,0,0,0
JMPPHP_01690 acetate--CoA ligase,Unmatched,0,0,0
JMPPHP_01695 photosystem I iron-sulfur center protein PsaC,Unmatched,0,0,0
JMPPHP_01700 Putative restriction endonuclease,Unmatched,0,0,0
JMPPHP_01705 cobalt ABC transporter,Unmatched,0,0,0
JMPPHP_01710 class II glutamine amidotransferase,Unmatched,0,0,0
JMPPHP_01715 Similarity,Unmatched,0,0,0
JMPPHP_01720 DUF4926 domain-containing protein,Unmatched,0,0,0
JMPPHP_01725 Trypco1 domain-containing protein,Unmatched,0,0,0
JMPPHP_01730 trypsin,Unmatched,0,0,0
JMPPHP_01735 AAA-16 domain-containing protein,Unmatched,0,0,0
JMPPHP_01740 Tol biopolymer transporter periplasmic protein,Unmatched,0,0,0
JMPPHP_01745 biopolymer transporter Tol,Unmatched,0,0,0
JMPPHP_01750 Ycf66 protein N-terminus,Unmatched,0,0,0
JMPPHP_01755 SLH domain-containing protein,Unmatched,0,0,0
JMPPHP_01760 pyruvate kinase,Unmatched,0,0,0
JMPPHP_01765 phycocyanobilin lyase,Unmatched,0,0,0
JMPPHP_01770 DUF29 domain-containing protein,Unmatched,0,0,0
JMPPHP_01775 hypothetical protein,Unmatched,0,0,0
JMPPHP_01780 CP12 domain-containing protein,Unmatched,0,0,0
JMPPHP_01785 DUF3177 domain-containing protein,Unmatched,0,0,0
JMPPHP_01790 hypothetical protein,Unmatched,0,0,0
JMPPHP_01795 OBG-type G domain-containing protein,Unmatched,0,0,0
JMPPHP_01800 RNA-binding protein,Unmatched,0,0,0
JMPPHP_01805 30S ribosomal protein S16,Unmatched,0,0,0
"JMPPHP_01810 dTDP-glucose 4,6-dehydratase",Unmatched,0,0,0
JMPPHP_01815 cation-efflux pump,Unmatched,0,0,0
JMPPHP_01820 phosphoribosylformylglycinamidine synthase subunit PurQ,Unmatched,0,0,0
JMPPHP_01825 hypothetical protein,Unmatched,0,0,0
JMPPHP_01830 Ycf66 protein N-terminus,Unmatched,0,0,0
JMPPHP_01835 Three-Cys-motif partner protein TcmP,Unmatched,0,0,0
JMPPHP_01840 DUF5131 domain-containing protein,Unmatched,0,0,0
JMPPHP_01845 hypothetical protein,Unmatched,0,0,0
JMPPHP_01850 sulfotransferase family protein,Unmatched,0,0,0
JMPPHP_01855 hypothetical protein,Unmatched,0,0,0
JMPPHP_01860 ABC transporter ATP-binding protein,Unmatched,0,0,0
JMPPHP_01865 putative UDP-N-acetylglucosamine--peptide N-acetylglucosaminyltransferase SPINDLY,Unmatched,0,0,0
JMPPHP_01870 phycocyanin alpha phycocyanobilin lyase,Unmatched,0,0,0
JMPPHP_01875 DUF3368 domain-containing protein,Unmatched,0,0,0
JMPPHP_01880 Uncharacterised protein family (UPF0175),Unmatched,0,0,0
JMPPHP_01885 hypothetical protein,Unmatched,0,0,0
JMPPHP_01890 hypothetical protein,Unmatched,0,0,0
JMPPHP_01895 Zn-dependent hydrolase,Unmatched,0,0,0
JMPPHP_01900 decarboxylating NADP(+)-dependent phosphogluconate dehydrogenase,Unmatched,0,0,0
JMPPHP_01905 Light-independent protochlorophyllide reductase subunit B,Unmatched,0,0,0
JMPPHP_01910 hypothetical protein,Unmatched,0,0,0
JMPPHP_01915 hypothetical protein,Unmatched,0,0,0
JMPPHP_01920 hypothetical protein,Unmatched,0,0,0
JMPPHP_01925 hypothetical protein,Unmatched,0,0,0
JMPPHP_01930 HicB family protein,Unmatched,0,0,0
"JMPPHP_01935 addiction module toxin, HicA family",Unmatched,0,0,0
JMPPHP_01940 hypothetical protein,Unmatched,0,0,0
JMPPHP_01945 sodium:proton antiporter,Unmatched,0,0,0
JMPPHP_01950 hypothetical protein,Unmatched,0,0,0
JMPPHP_01955 Bacterial small signal recognition particle RNA,Unmatched,0,0,0
JMPPHP_01960 methyltransferase type 11,Unmatched,0,0,0
JMPPHP_01965 epimerase,Unmatched,0,0,0
JMPPHP_01970 Uma2 domain-containing protein,Unmatched,0,0,0
JMPPHP_01975 hypothetical protein,Unmatched,0,0,0
JMPPHP_01980 hypothetical protein,Unmatched,0,0,0
JMPPHP_01985 competence protein ComE,Unmatched,0,0,0
JMPPHP_01990 hypothetical protein,Unmatched,0,0,0
JMPPHP_01995 NblA-related protein,Unmatched,0,0,0
JMPPHP_02000 universal stress protein UspA-like protein,Unmatched,0,0,0
"JMPPHP_02005 arsenate reductase, glutathione/glutaredoxin type",Unmatched,0,0,0
JMPPHP_02010 arsenical resistance protein ArsH,Unmatched,0,0,0
JMPPHP_02015 ACR3 family arsenite efflux transporter,Unmatched,0,0,0
JMPPHP_02020 transcriptional regulator,Unmatched,0,0,0
JMPPHP_02025 photosystem II reaction center protein Ycf12,Unmatched,0,0,0
JMPPHP_02030 peptidylprolyl isomerase,Unmatched,0,0,0
JMPPHP_02035 polyketide biosynthesis operon protein CyrO,Unmatched,0,0,0
JMPPHP_02040 PIN domain nuclease,Unmatched,0,0,0
JMPPHP_02045 hypothetical protein,Unmatched,0,0,0
JMPPHP_02050 Putative restriction endonuclease,Unmatched,0,0,0
JMPPHP_02055 glycosyl transferase family 1,Unmatched,0,0,0
JMPPHP_02060 elongation factor G,Unmatched,0,0,0
JMPPHP_02065 30S ribosomal protein S7,Unmatched,0,0,0
JMPPHP_02070 30S ribosomal protein S12,Unmatched,0,0,0
JMPPHP_02075 leucine-zipper of insertion element IS481,Unmatched,0,0,0
JMPPHP_02080 IS630 family transposase,Unmatched,0,0,0
JMPPHP_02085 imidazoleglycerol-phosphate dehydratase HisB,Unmatched,0,0,0
JMPPHP_02090 threonine synthase,Unmatched,0,0,0
JMPPHP_02095 hypothetical protein,Unmatched,0,0,0
JMPPHP_02100 Ni/Fe hydrogenase subunit alpha,Unmatched,0,0,0
JMPPHP_02105 cation:proton antiporter,Unmatched,0,0,0
JMPPHP_02110 DUF4040 domain-containing protein,Unmatched,0,0,0
JMPPHP_02115 sodium:proton antiporter,Unmatched,0,0,0
JMPPHP_02120 Na+/H+ antiporter complex subunit F MrpF,Unmatched,0,0,0
JMPPHP_02125 cation:proton antiporter,Unmatched,0,0,0
JMPPHP_02130 YraN family protein,Unmatched,0,0,0
JMPPHP_02135 amidohydrolase,Unmatched,0,0,0
JMPPHP_02140 hypothetical protein,Unmatched,0,0,0
JMPPHP_02145 mannose-6-phosphate isomerase,Unmatched,0,0,0
JMPPHP_02150 bifunctional adenosylcobinamide kinase/adenosylcobinamide-phosphate guanylyltransferase,Unmatched,0,0,0
JMPPHP_02155 Methyltransferase domain protein,Unmatched,0,0,0
JMPPHP_02160 hypothetical protein,Unmatched,0,0,0
JMPPHP_02165 isopropylmalate isomerase,Unmatched,0,0,0
JMPPHP_02170 DUF3110 domain-containing protein,Unmatched,0,0,0
JMPPHP_02175 DUF2996 domain-containing protein,Unmatched,0,0,0
JMPPHP_02180 Putative transcriptional regulator,Unmatched,0,0,0
JMPPHP_02185 hypothetical protein,Unmatched,0,0,0
JMPPHP_02190 Lysylphosphatidylglycerol synthase TM region,Unmatched,0,0,0
JMPPHP_02195 DUF29 domain-containing protein,Unmatched,0,0,0
JMPPHP_02200 DUF29 domain-containing protein,Unmatched,0,0,0
JMPPHP_02205 DUF29 domain-containing protein,Unmatched,0,0,0
JMPPHP_02210 hypothetical protein,Unmatched,0,0,0
JMPPHP_02215 VapC toxin family PIN domain ribonuclease,Unmatched,0,0,0
"JMPPHP_02220 Triacylglycerol esterase/lipase EstA, alpha/beta hydrolase fold",Unmatched,0,0,0
JMPPHP_02225 Caspase family protein,Unmatched,0,0,0
JMPPHP_02230 ATPase,Unmatched,0,0,0
JMPPHP_02235 PAS domain S-box protein,Unmatched,0,0,0
JMPPHP_02245 ATP phosphoribosyltransferase regulatory subunit,Unmatched,0,0,0
JMPPHP_02250 molecular chaperone DnaJ,Unmatched,0,0,0
JMPPHP_02255 inositol monophosphatase,Unmatched,0,0,0
JMPPHP_02260 ferredoxin,Unmatched,0,0,0
JMPPHP_02265 hypothetical protein,Unmatched,0,0,0
JMPPHP_02270 hypothetical protein,Unmatched,0,0,0
JMPPHP_02275 hormogonium polysaccharide biosynthesis glycosyltransferase HpsO,Unmatched,0,0,0
JMPPHP_02280 hormogonium polysaccharide biosynthesis glycosyltransferase HpsN,Unmatched,0,0,0
"JMPPHP_02290 Type I restriction-modification system,restriction subunit R",Unmatched,0,0,0
JMPPHP_02295 Yae1-N domain-containing protein,Unmatched,0,0,0
JMPPHP_02300 aldo/keto reductase,Unmatched,0,0,0
JMPPHP_02305 type I-MYXAN CRISPR-associated protein Cas6/Cmx6,Unmatched,0,0,0
JMPPHP_02310 DNA-binding protein,Unmatched,0,0,0
JMPPHP_02315 anthranilate phosphoribosyltransferase,Unmatched,0,0,0
JMPPHP_02320 Nuclease subunit of the excinuclease complex,Unmatched,0,0,0
JMPPHP_02325 Tellurite resistance protein TerB,Unmatched,0,0,0
JMPPHP_02330 16S rRNA (cytosine(967)-C(5))-methyltransferase,Unmatched,0,0,0
JMPPHP_02335 serine esterase,Unmatched,0,0,0
JMPPHP_02340 hypothetical protein,Unmatched,0,0,0
JMPPHP_02345 bifunctional ADP-dependent NAD(P)H-hydrate dehydratase/NAD(P)H-hydrate epimerase,Unmatched,0,0,0
JMPPHP_02350 biotin synthase BioB,Unmatched,0,0,0
JMPPHP_02355 biotin transporter BioY,Unmatched,0,0,0
JMPPHP_02360 hypothetical protein,Unmatched,0,0,0
JMPPHP_02365 shikimate dehydrogenase,Unmatched,0,0,0
JMPPHP_02370 AI-2E family transporter,Unmatched,0,0,0
JMPPHP_02375 EamA family transporter,Unmatched,0,0,0
JMPPHP_02380 methyltransferase type 11,Unmatched,0,0,0
JMPPHP_02385 MBL fold metallo-hydrolase,Unmatched,0,0,0
"JMPPHP_02390 bifunctional demethylmenaquinone methyltransferase/2-methoxy-6-polyprenyl-1,4-benzoquinol methylase UbiE",Unmatched,0,0,0
JMPPHP_02395 UPF0754 membrane protein MAE_37850,Unmatched,0,0,0
JMPPHP_02400 DUF2062 domain-containing protein,Unmatched,0,0,0
JMPPHP_02405 HEPN domain-containing protein,Unmatched,0,0,0
JMPPHP_02410 nucleotidyltransferase domain-containing protein,Unmatched,0,0,0
JMPPHP_02415 nucleic acid-binding protein,Unmatched,0,0,0
JMPPHP_02420 hypothetical protein,Unmatched,0,0,0
JMPPHP_02425 50S ribosomal protein L33,Unmatched,0,0,0
JMPPHP_02430 30S ribosomal protein S18,Unmatched,0,0,0
JMPPHP_02435 ATPase,Unmatched,0,0,0
JMPPHP_02440 tRNA-Phe(gaa),Unmatched,0,0,0
JMPPHP_02445 HEAT domain-containing protein,Unmatched,0,0,0
JMPPHP_02450 aromatic acid decarboxylase,Unmatched,0,0,0
JMPPHP_02455 hypothetical protein,Unmatched,0,0,0
JMPPHP_02460 ribonuclease D,Unmatched,0,0,0
JMPPHP_02465 CAP domain-containing protein,Unmatched,0,0,0
JMPPHP_02470 hypothetical protein,Unmatched,0,0,0
JMPPHP_02475 hypothetical protein,Unmatched,0,0,0
JMPPHP_02480 Ribonuclease VapC,Unmatched,0,0,0
JMPPHP_02485 hypothetical protein,Unmatched,0,0,0
JMPPHP_02490 HlyD-D23 domain-containing protein,Unmatched,0,0,0
JMPPHP_02495 ABC transporter,Unmatched,0,0,0
JMPPHP_02500 AB hydrolase-1 domain-containing protein,Unmatched,0,0,0
"JMPPHP_02505 ABC transporter, ATP-binding component",Unmatched,0,0,0
JMPPHP_02510 AMP-dependent synthetase and ligase,Unmatched,0,0,0
JMPPHP_02515 hypothetical protein,Unmatched,0,0,0
JMPPHP_02520 hypothetical protein,Unmatched,0,0,0
JMPPHP_02525 hypothetical protein,Unmatched,0,0,0
JMPPHP_02530 hypothetical protein,Unmatched,0,0,0
JMPPHP_02535 Transposase IS116/IS110/IS902 family,Unmatched,0,0,0
JMPPHP_02540 IS110 family transposase,Unmatched,0,0,0
JMPPHP_02545 hypothetical protein,Unmatched,0,0,0
JMPPHP_02550 Peptidase-M4-C domain-containing protein,Unmatched,0,0,0
JMPPHP_02555 hypothetical protein,Unmatched,0,0,0
JMPPHP_02560 hypothetical protein,Unmatched,0,0,0
JMPPHP_02580 Serine/threonine protein kinase,Unmatched,0,0,0
JMPPHP_02585 Arginine decarboxylase,Unmatched,0,0,0
JMPPHP_02590 hypothetical protein,Unmatched,0,0,0
JMPPHP_02595 Transposase,Unmatched,0,0,0
JMPPHP_02600 magnesium chelatase,Unmatched,0,0,0
JMPPHP_02605 hypothetical protein,Unmatched,0,0,0
JMPPHP_02610 hypothetical protein,Unmatched,0,0,0
JMPPHP_02615 sulfate ABC transporter permease subunit CysW,Unmatched,0,0,0
JMPPHP_02620 hypothetical protein,Unmatched,0,0,0
JMPPHP_02625 ATPase,Unmatched,0,0,0
JMPPHP_02630 hypothetical protein,Unmatched,0,0,0
JMPPHP_02635 hypothetical protein,Unmatched,0,0,0
JMPPHP_02640 serine/threonine protein kinase,Unmatched,0,0,0
JMPPHP_02645 small ribosomal subunit biogenesis GTPase RsgA,Unmatched,0,0,0
JMPPHP_02650 sulfurtransferase TusA family protein,Unmatched,0,0,0
JMPPHP_02655 molecular chaperone DnaJ,Unmatched,0,0,0
JMPPHP_02660 hypothetical protein,Unmatched,0,0,0
JMPPHP_02665 HlyD family secretion protein,Unmatched,0,0,0
JMPPHP_02670 ABC transporter permease DevC,Unmatched,0,0,0
JMPPHP_02675 ABC transporter,Unmatched,0,0,0
JMPPHP_02680 tRNA-Ser(gct),Unmatched,0,0,0
JMPPHP_02685 glucokinase,Unmatched,0,0,0
JMPPHP_02690 DUF4149 domain-containing protein,Unmatched,0,0,0
JMPPHP_02695 hypothetical protein,Unmatched,0,0,0
JMPPHP_02700 hypothetical protein,Unmatched,0,0,0
JMPPHP_02705 hypothetical protein,Unmatched,0,0,0
JMPPHP_02710 signal peptide peptidase SppA,Unmatched,0,0,0
JMPPHP_02715 competence protein,Unmatched,0,0,0
JMPPHP_02720 universal stress protein,Unmatched,0,0,0
JMPPHP_02725 hypothetical protein,Unmatched,0,0,0
JMPPHP_02730 zinc-binding alcohol dehydrogenase,Unmatched,0,0,0
JMPPHP_02735 bifunctional sterol desaturase/short chain dehydrogenase,Unmatched,0,0,0
JMPPHP_02740 VWA domain-containing protein,Unmatched,0,0,0
JMPPHP_02745 methanol dehydrogenase,Unmatched,0,0,0
JMPPHP_02750 RNA-binding protein,Unmatched,0,0,0
JMPPHP_02755 DUF3493 domain-containing protein,Unmatched,0,0,0
JMPPHP_02760 tRNA-Thr(cgt),Unmatched,0,0,0
JMPPHP_02765 hypothetical protein,Unmatched,0,0,0
JMPPHP_02770 Cytoplasmic protein,Unmatched,0,0,0
JMPPHP_02775 hypothetical protein,Unmatched,0,0,0
JMPPHP_02780 hypothetical protein,Unmatched,0,0,0
JMPPHP_02785 Uncharacterized protein slr1608,Unmatched,0,0,0
JMPPHP_02790 amino acid ABC transporter substrate-binding protein,Unmatched,0,0,0
JMPPHP_02795 rSAM-associated Gly-rich repeat protein,Unmatched,0,0,0
JMPPHP_02800 N-ethylmaleimide reductase,Unmatched,0,0,0
JMPPHP_02805 DUF3318 domain-containing protein,Unmatched,0,0,0
JMPPHP_02810 photosystem I core protein PsaA,Unmatched,0,0,0
JMPPHP_02815 hypothetical protein,Unmatched,0,0,0
JMPPHP_02820 hypothetical protein,Unmatched,0,0,0
JMPPHP_02850 winged helix-turn-helix transcriptional regulator,Unmatched,0,0,0
JMPPHP_02855 hypothetical protein,Unmatched,0,0,0
JMPPHP_02890 Ribonuclease VapC,Unmatched,0,0,0
JMPPHP_02895 hypothetical protein,Unmatched,0,0,0
JMPPHP_02900 4-amino-4-deoxy-L-arabinose transferase,Unmatched,0,0,0
JMPPHP_02905 DNA phosphorothioation-associated protein 4,Unmatched,0,0,0
JMPPHP_02910 hypothetical protein,Unmatched,0,0,0
JMPPHP_02915 peptidase S41,Unmatched,0,0,0
JMPPHP_02920 NUDIX hydrolase,Unmatched,0,0,0
JMPPHP_02925 Four helix bundle protein,Unmatched,0,0,0
JMPPHP_02930 DNA-binding response regulator,Unmatched,0,0,0
JMPPHP_02935 hypothetical protein,Unmatched,0,0,0
JMPPHP_02940 nucleotidyltransferase domain-containing protein,Unmatched,0,0,0
JMPPHP_02945 DNA-binding protein,Unmatched,0,0,0
JMPPHP_02950 site-2 protease family protein,Unmatched,0,0,0
JMPPHP_02955 site-2 protease family protein,Unmatched,0,0,0
JMPPHP_02960 N-acetylmuramic acid 6-phosphate etherase,Unmatched,0,0,0
JMPPHP_02965 50S ribosomal protein L21,Unmatched,0,0,0
JMPPHP_02970 50S ribosomal protein L27,Unmatched,0,0,0
JMPPHP_02975 phytanoyl-CoA dioxygenase,Unmatched,0,0,0
JMPPHP_02980 acetyl-CoA carboxylase carboxyl transferase subunit alpha,Unmatched,0,0,0
JMPPHP_02985 spermidine synthase,Unmatched,0,0,0
JMPPHP_02990 hypothetical protein,Unmatched,0,0,0
JMPPHP_02995 hypothetical protein,Unmatched,0,0,0
JMPPHP_03000 hypothetical protein,Unmatched,0,0,0
JMPPHP_03005 hypothetical protein,Unmatched,0,0,0
JMPPHP_03010 hypothetical protein,Unmatched,0,0,0
JMPPHP_03015 hypothetical protein,Unmatched,0,0,0
JMPPHP_03020 hypothetical protein,Unmatched,0,0,0
JMPPHP_03025 hypothetical protein,Unmatched,0,0,0
JMPPHP_03030 hypothetical protein,Unmatched,0,0,0
JMPPHP_03035 ISL3 family transposase,Unmatched,0,0,0
JMPPHP_03040 Y1-Tnp domain-containing protein,Unmatched,0,0,0
JMPPHP_03045 hypothetical protein,Unmatched,0,0,0
JMPPHP_03050 hypothetical protein,Unmatched,0,0,0
JMPPHP_03055 hypothetical protein,Unmatched,0,0,0
JMPPHP_03060 DUF2283 domain-containing protein,Unmatched,0,0,0
JMPPHP_03065 hypothetical protein,Unmatched,0,0,0
JMPPHP_03070 hypothetical protein,Unmatched,0,0,0
JMPPHP_03075 hypothetical protein,Unmatched,0,0,0
JMPPHP_03080 DUF1622 domain-containing protein,Unmatched,0,0,0
JMPPHP_03085 DNA-binding response regulator,Unmatched,0,0,0
JMPPHP_03090 ferredoxin,Unmatched,0,0,0
JMPPHP_03095 hypothetical protein,Unmatched,0,0,0
JMPPHP_03100 hypothetical protein,Unmatched,0,0,0
JMPPHP_03105 cobyric acid synthase CobQ,Unmatched,0,0,0
JMPPHP_03110 (2Fe-2S)-binding protein,Unmatched,0,0,0
JMPPHP_03115 Methionine biosynthesis protein MetW,Unmatched,0,0,0
JMPPHP_03120 cytochrome B,Unmatched,0,0,0
JMPPHP_03125 TIGR00297 family protein,Unmatched,0,0,0
JMPPHP_03130 Arginine decarboxylase,Unmatched,0,0,0
JMPPHP_03135 Protein kinase domain-containing protein,Unmatched,0,0,0
JMPPHP_03140 DUF4164 domain-containing protein,Unmatched,0,0,0
JMPPHP_03145 ABC transporter,Unmatched,0,0,0
JMPPHP_03150 inositol monophosphatase,Unmatched,0,0,0
JMPPHP_03155 SMC-Scp complex subunit ScpB,Unmatched,0,0,0
JMPPHP_03160 DUF760 domain-containing protein,Unmatched,0,0,0
JMPPHP_03165 LPP domain-containing protein,Unmatched,0,0,0
JMPPHP_03170 urease subunit alpha,Unmatched,0,0,0
JMPPHP_03175 5' ureB small RNA,Unmatched,0,0,0
JMPPHP_03180 hypothetical protein,Unmatched,0,0,0
JMPPHP_03185 XisI protein,Unmatched,0,0,0
JMPPHP_03190 hypothetical protein,Unmatched,0,0,0
JMPPHP_03195 hypothetical protein,Unmatched,0,0,0
JMPPHP_03200 hypothetical protein,Unmatched,0,0,0
JMPPHP_03205 hypothetical protein,Unmatched,0,0,0
JMPPHP_03210 hypothetical protein,Unmatched,0,0,0
JMPPHP_03215 hypothetical protein,Unmatched,0,0,0
JMPPHP_03220 hypothetical protein,Unmatched,0,0,0
JMPPHP_03225 DUF2584 domain-containing protein,Unmatched,0,0,0
JMPPHP_03230 Bifunctional aconitate hydratase 2/2-methylisocitrate dehydratase,Unmatched,0,0,0
JMPPHP_03235 hypothetical protein,Unmatched,0,0,0
JMPPHP_03240 hypothetical protein,Unmatched,0,0,0
JMPPHP_03245 Smr domain-containing protein,Unmatched,0,0,0
JMPPHP_03250 hypothetical protein,Unmatched,0,0,0
JMPPHP_03255 hypothetical protein,Unmatched,0,0,0
JMPPHP_03280 CSD domain-containing protein,Unmatched,0,0,0
JMPPHP_03285 hypothetical protein,Unmatched,0,0,0
JMPPHP_03290 hypothetical protein,Unmatched,0,0,0
JMPPHP_03295 hypothetical protein,Unmatched,0,0,0
JMPPHP_03300 hypothetical protein,Unmatched,0,0,0
JMPPHP_03305 exodeoxyribonuclease III,Unmatched,0,0,0
JMPPHP_03310 Chromophore lyase CpcT/CpeT 1,Unmatched,0,0,0
JMPPHP_03315 50S ribosomal protein L9,Unmatched,0,0,0
JMPPHP_03320 hypothetical protein,Unmatched,0,0,0
JMPPHP_03325 lipase,Unmatched,0,0,0
JMPPHP_03330 tail length tape measure protein,Unmatched,0,0,0
JMPPHP_03335 Adenylyl-sulfate kinase,Unmatched,0,0,0
JMPPHP_03340 LuxR family transcriptional regulator,Unmatched,0,0,0
JMPPHP_03345 epimerase,Unmatched,0,0,0
JMPPHP_03350 hypothetical protein,Unmatched,0,0,0
JMPPHP_03355 transporter,Unmatched,0,0,0
JMPPHP_03360 DUF202 domain-containing protein,Unmatched,0,0,0
JMPPHP_03365 sulfite exporter TauE/SafE family protein,Unmatched,0,0,0
JMPPHP_03370 sulfate ABC transporter ATP-binding protein,Unmatched,0,0,0
JMPPHP_03375 hydrogenase nickel incorporation protein HypB,Unmatched,0,0,0
JMPPHP_03380 hydrogenase maturation nickel metallochaperone HypA,Unmatched,0,0,0
JMPPHP_03385 hypothetical protein,Unmatched,0,0,0
JMPPHP_03390 hydrogenase expression/formation protein HypE,Unmatched,0,0,0
JMPPHP_03395 ATP-dependent chaperone ClpB,Unmatched,0,0,0
JMPPHP_03400 DNA-binding response regulator,Unmatched,0,0,0
JMPPHP_03430 hypothetical protein,Unmatched,0,0,0
JMPPHP_03445 hypothetical protein,Unmatched,0,0,0
JMPPHP_03450 VWFA domain-containing protein,Unmatched,0,0,0
JMPPHP_03455 Uncharacterized protein family UPF0016,Unmatched,0,0,0
JMPPHP_03460 Uncharacterized protein family UPF0016,Unmatched,0,0,0
JMPPHP_03465 50S ribosomal protein L32,Unmatched,0,0,0
JMPPHP_03470 magnesium/cobalt transporter CorA,Unmatched,0,0,0
"JMPPHP_03475 7,8-didemethyl-8-hydroxy-5-deazariboflavin synthase subunit CofH",Unmatched,0,0,0
JMPPHP_03480 Phosphoribosylformylglycinamidine cyclo-ligase,Unmatched,0,0,0
JMPPHP_03485 galactosyl-1-phosphate transferase,Unmatched,0,0,0
JMPPHP_03490 hypothetical protein,Unmatched,0,0,0
"JMPPHP_03495 Mycobacterial 4 TMS phage holin, superfamily IV",Unmatched,0,0,0
JMPPHP_03500 WD-repeat protein,Unmatched,0,0,0
JMPPHP_03505 Glutamate decarboxylase,Unmatched,0,0,0
JMPPHP_03510 Small-conductance mechanosensitive channel MscK,Unmatched,0,0,0
JMPPHP_03515 DUF29 domain-containing protein,Unmatched,0,0,0
JMPPHP_03530 DUF2839 domain-containing protein,Unmatched,0,0,0
JMPPHP_03535 hypothetical protein,Unmatched,0,0,0
JMPPHP_03540 30S ribosomal protein S10,Unmatched,0,0,0
JMPPHP_03545 molecular chaperone DnaJ,Unmatched,0,0,0
JMPPHP_03550 hypothetical protein,Unmatched,0,0,0
JMPPHP_03555 hypothetical protein,Unmatched,0,0,0
JMPPHP_03560 PIN domain nuclease,Unmatched,0,0,0
JMPPHP_03565 DUF1349 domain-containing protein,Unmatched,0,0,0
JMPPHP_03570 Endo/exonuclease/phosphatase domain-containing protein,Unmatched,0,0,0
JMPPHP_03575 antitoxin,Unmatched,0,0,0
JMPPHP_03580 hypothetical protein,Unmatched,0,0,0
JMPPHP_03585 fatty-acid synthase,Unmatched,0,0,0
JMPPHP_03590 SAVED domain-containing protein,Unmatched,0,0,0
"JMPPHP_03595 CRISPR-associated protein Cas10/Cmr2, subtype III-B",Unmatched,0,0,0
JMPPHP_03600 CRISPR-associated protein Cas10,Unmatched,0,0,0
JMPPHP_03605 TIGR04168 family protein,Unmatched,0,0,0
JMPPHP_03610 hypothetical protein,Unmatched,0,0,0
JMPPHP_03615 Cysteine desulfurase,Unmatched,0,0,0
JMPPHP_03620 Glycolate oxidase iron-sulfur subunit,Unmatched,0,0,0
JMPPHP_03625 Endo/exonuclease/phosphatase domain-containing protein,Unmatched,0,0,0
JMPPHP_03630 hypothetical protein,Unmatched,0,0,0
JMPPHP_03635 type I restriction endonuclease subunit R,Unmatched,0,0,0
JMPPHP_03640 Peptidase S74 domain-containing protein,Unmatched,0,0,0
JMPPHP_03645 hypothetical protein,Unmatched,0,0,0
JMPPHP_03650 translation initiation factor IF-2,Unmatched,0,0,0
JMPPHP_03655 photosystem II cytochrome c-550,Unmatched,0,0,0
JMPPHP_03660 DDE-Tnp-1 domain-containing protein,Unmatched,0,0,0
JMPPHP_03665 heterocyst frequency control protein PatD,Unmatched,0,0,0
JMPPHP_03670 (p)ppGpp synthetase,Unmatched,0,0,0
JMPPHP_03675 methionyl-tRNA formyltransferase,Unmatched,0,0,0
JMPPHP_03680 sugar transferase,Unmatched,0,0,0
JMPPHP_03685 N-acetylglucosaminylphosphatidylinositol deacetylase,Unmatched,0,0,0
JMPPHP_03690 hypothetical protein,Unmatched,0,0,0
JMPPHP_03705 chlororespiratory reduction protein 7,Unmatched,0,0,0
JMPPHP_03710 YdiU family protein,Unmatched,0,0,0
JMPPHP_03715 HrgA protein,Unmatched,0,0,0
JMPPHP_03720 mannose-1-phosphate guanylyltransferase,Unmatched,0,0,0
JMPPHP_03735 Bacterial RNase P class A,Unmatched,0,0,0
JMPPHP_03750 hypothetical protein,Unmatched,0,0,0
JMPPHP_03755 hypothetical protein,Unmatched,0,0,0
JMPPHP_03760 Potassium-transporting ATPase subunit F,Unmatched,0,0,0
JMPPHP_03765 K(+)-transporting ATPase subunit C,Unmatched,0,0,0
JMPPHP_03770 peptidase M3,Unmatched,0,0,0
JMPPHP_03775 SAM-dependent methyltransferase,Unmatched,0,0,0
JMPPHP_03780 hypothetical protein,Unmatched,0,0,0
"JMPPHP_03785 Type II toxin-antitoxin system mRNA interferase toxin, RelE/StbE family",Unmatched,0,0,0
JMPPHP_03805 primosomal protein N',Unmatched,0,0,0
JMPPHP_03810 DUF1361 domain-containing protein,Unmatched,0,0,0
"JMPPHP_03815 1,4-dihydroxy-2-naphthoyl-CoA hydrolase",Unmatched,0,0,0
JMPPHP_03820 cofactor assembly of complex C subunit B,Unmatched,0,0,0
JMPPHP_03825 ABC 3 transport family,Unmatched,0,0,0
JMPPHP_03830 DUF5615 domain-containing protein,Unmatched,0,0,0
JMPPHP_03835 hypothetical protein,Unmatched,0,0,0
JMPPHP_03840 hypothetical protein,Unmatched,0,0,0
JMPPHP_03845 hypothetical protein,Unmatched,0,0,0
JMPPHP_03850 sulfate ABC transporter substrate-binding protein,Unmatched,0,0,0
JMPPHP_03855 ABC transporter,Unmatched,0,0,0
JMPPHP_03860 hypothetical protein,Unmatched,0,0,0
JMPPHP_03865 DUF4351 domain-containing protein,Unmatched,0,0,0
JMPPHP_03870 Glr1810 protein,Unmatched,0,0,0
JMPPHP_03875 hypothetical protein,Unmatched,0,0,0
JMPPHP_03880 PA-phosphatase,Unmatched,0,0,0
JMPPHP_03885 sulfurtransferase,Unmatched,0,0,0
JMPPHP_03890 phycocyanin subunit alpha,Unmatched,0,0,0
JMPPHP_03895 phycocyanin subunit beta,Unmatched,0,0,0
JMPPHP_03900 hypothetical protein,Unmatched,0,0,0
JMPPHP_03905 Eco57I restriction-modification methylase domain-containing protein,Unmatched,0,0,0
JMPPHP_03910 hypothetical protein,Unmatched,0,0,0
JMPPHP_03915 metallophosphoesterase,Unmatched,0,0,0
JMPPHP_03920 hypothetical protein,Unmatched,0,0,0
JMPPHP_03925 cytochrome b6-f complex subunit PetG,Unmatched,0,0,0
JMPPHP_03930 Acireductone dioxygenase,Unmatched,0,0,0
JMPPHP_03935 tRNA-Ala(cgc),Unmatched,0,0,0
JMPPHP_03940 hypothetical protein,Unmatched,0,0,0
JMPPHP_03945 hypothetical protein,Unmatched,0,0,0
JMPPHP_03950 adenosyl-hopene transferase HpnH,Unmatched,0,0,0
JMPPHP_03955 histidine kinase,Unmatched,0,0,0
JMPPHP_03960 hypothetical protein,Unmatched,0,0,0
JMPPHP_03965 DNA-binding response regulator,Unmatched,0,0,0
JMPPHP_03970 triose-phosphate isomerase,Unmatched,0,0,0
"JMPPHP_03975 5-oxo-1,2,5-tricarboxylic-3-penten acid decarboxylase",Unmatched,0,0,0
JMPPHP_03980 30S ribosomal protein S6,Unmatched,0,0,0
JMPPHP_03985 Putative restriction endonuclease,Unmatched,0,0,0
JMPPHP_03990 Endonuclease NucS,Unmatched,0,0,0
JMPPHP_03995 DNRLRE domain-containing protein,Unmatched,0,0,0
JMPPHP_04000 hypothetical protein,Unmatched,0,0,0
JMPPHP_04005 PEP-CTERM domain-containing protein,Unmatched,0,0,0
JMPPHP_04010 aspartate 1-decarboxylase,Unmatched,0,0,0
JMPPHP_04015 Murein tetrapeptide carboxypeptidase,Unmatched,0,0,0
JMPPHP_04020 Type II secretion system protein D,Unmatched,0,0,0
JMPPHP_04025 pilus assembly protein,Unmatched,0,0,0
JMPPHP_04030 pilus assembly protein,Unmatched,0,0,0
JMPPHP_04035 pilus assembly protein PilM,Unmatched,0,0,0
JMPPHP_04040 ketol-acid reductoisomerase,Unmatched,0,0,0
"JMPPHP_04045 ECF-type riboflavin transporter, S component",Unmatched,0,0,0
JMPPHP_04055 hypothetical protein,Unmatched,0,0,0
JMPPHP_04065 hypothetical protein,Unmatched,0,0,0
JMPPHP_04070 50S ribosomal protein L17,Unmatched,0,0,0
JMPPHP_04075 tRNA pseudouridine(38-40) synthase TruA,Unmatched,0,0,0
JMPPHP_04080 50S ribosomal protein L13,Unmatched,0,0,0
JMPPHP_04085 30S ribosomal protein S9,Unmatched,0,0,0
JMPPHP_04090 50S ribosomal protein L31,Unmatched,0,0,0
JMPPHP_04095 hypothetical protein,Unmatched,0,0,0
JMPPHP_04100 hypothetical protein,Unmatched,0,0,0
JMPPHP_04105 hypothetical protein,Unmatched,0,0,0
JMPPHP_04110 hypothetical protein,Unmatched,0,0,0
JMPPHP_04115 DUF4115 domain-containing protein,Unmatched,0,0,0
JMPPHP_04120 hypothetical protein,Unmatched,0,0,0
JMPPHP_04125 Carboxysome shell protein CcmP,Unmatched,0,0,0
JMPPHP_04130 septal ring lytic transglycosylase RlpA family lipoprotein,Unmatched,0,0,0
JMPPHP_04135 ABC transporter ATP-binding protein,Unmatched,0,0,0
JMPPHP_04140 NAD(P)H-quinone oxidoreductase chain 4 2,Unmatched,0,0,0
JMPPHP_04145 farnesyl-diphosphate synthase,Unmatched,0,0,0
JMPPHP_04150 Dephospho-CoA kinase,Unmatched,0,0,0
JMPPHP_04155 energy-coupling factor transporter transmembrane protein EcfT,Unmatched,0,0,0
JMPPHP_04160 hypothetical protein,Unmatched,0,0,0
JMPPHP_04165 DUF29 domain-containing protein,Unmatched,0,0,0
"JMPPHP_04170 RNA polymerase sigma factor, RpoD/SigA family",Unmatched,0,0,0
JMPPHP_04175 hypothetical protein,Unmatched,0,0,0
JMPPHP_04180 PBPb domain-containing protein,Unmatched,0,0,0
JMPPHP_04185 circadian clock protein KaiC,Unmatched,0,0,0
JMPPHP_04190 hypothetical protein,Unmatched,0,0,0
JMPPHP_04195 hypothetical protein,Unmatched,0,0,0
JMPPHP_04200 Na+/solute symporter,Unmatched,0,0,0
JMPPHP_04205 cyanase,Unmatched,0,0,0
JMPPHP_04210 hypothetical protein,Unmatched,0,0,0
JMPPHP_04215 Putative restriction endonuclease,Unmatched,0,0,0
JMPPHP_04220 Putative restriction endonuclease,Unmatched,0,0,0
JMPPHP_04225 type II toxin-antitoxin system RelE/ParE family toxin,Unmatched,0,0,0
JMPPHP_04230 addiction module component,Unmatched,0,0,0
JMPPHP_04235 methyltransferase,Unmatched,0,0,0
JMPPHP_04240 glycosyltransferase family 1 protein,Unmatched,0,0,0
JMPPHP_04245 hypothetical protein,Unmatched,0,0,0
JMPPHP_04250 RNA-binding protein,Unmatched,0,0,0
"JMPPHP_04255 1,4-dihydroxy-2-naphthoyl-CoA synthase",Unmatched,0,0,0
JMPPHP_04260 HicB-like domain-containing protein,Unmatched,0,0,0
JMPPHP_04265 glycosyltransferase,Unmatched,0,0,0
JMPPHP_04270 2-C-methyl-D-erythritol 4-phosphate cytidylyltransferase,Unmatched,0,0,0
JMPPHP_04275 hypothetical protein,Unmatched,0,0,0
JMPPHP_04280 DUF29 domain-containing protein,Unmatched,0,0,0
JMPPHP_04285 hypothetical protein,Unmatched,0,0,0
JMPPHP_04290 CPBP family glutamic-type intramembrane protease,Unmatched,0,0,0
JMPPHP_04295 hypothetical protein,Unmatched,0,0,0
JMPPHP_04300 transposase,Unmatched,0,0,0
JMPPHP_04305 hypothetical protein,Unmatched,0,0,0
JMPPHP_04310 hypothetical protein,Unmatched,0,0,0
JMPPHP_04315 hypothetical protein,Unmatched,0,0,0
JMPPHP_04320 Beta-lactamase2 domain-containing protein,Unmatched,0,0,0
JMPPHP_04325 4-phosphopantetheinyl transferase,Unmatched,0,0,0
JMPPHP_04330 glycosyl transferase,Unmatched,0,0,0
JMPPHP_04335 ATP-dependent Clp protease adapter ClpS,Unmatched,0,0,0
JMPPHP_04340 metal-binding protein,Unmatched,0,0,0
JMPPHP_04345 low-complexity protein,Unmatched,0,0,0
JMPPHP_04350 Uncharacterised protein family (UPF0175),Unmatched,0,0,0
JMPPHP_04355 hypothetical protein,Unmatched,0,0,0
JMPPHP_04360 Crp/Fnr family transcriptional regulator,Unmatched,0,0,0
JMPPHP_04365 hypothetical protein,Unmatched,0,0,0
JMPPHP_04370 hypothetical protein,Unmatched,0,0,0
JMPPHP_04375 hypothetical protein,Unmatched,0,0,0
JMPPHP_04380 hypothetical protein,Unmatched,0,0,0
JMPPHP_04385 branched-chain amino acid ABC transporter substrate-binding protein,Unmatched,0,0,0
JMPPHP_04390 hypothetical protein,Unmatched,0,0,0
JMPPHP_04395 carbonate dehydratase,Unmatched,0,0,0
JMPPHP_04400 biosynthetic-type acetolactate synthase large subunit,Unmatched,0,0,0
JMPPHP_04405 pantothenate kinase,Unmatched,0,0,0
JMPPHP_04410 NAD-dependent epimerase,Unmatched,0,0,0
JMPPHP_04415 glycosyl transferase,Unmatched,0,0,0
JMPPHP_04420 hypothetical protein,Unmatched,0,0,0
JMPPHP_04425 DUF760 domain-containing protein,Unmatched,0,0,0
JMPPHP_04430 GuaB3 family IMP dehydrogenase-related protein,Unmatched,0,0,0
JMPPHP_04435 hypothetical protein,Unmatched,0,0,0
JMPPHP_04440 NC domain-containing protein,Unmatched,0,0,0
JMPPHP_04445 hypothetical protein,Unmatched,0,0,0
JMPPHP_04450 F0F1 ATP synthase subunit A,Unmatched,0,0,0
JMPPHP_04455 YgiT-type zinc finger domain-containing protein,Unmatched,0,0,0
JMPPHP_04460 gamma carbonic anhydrase family protein,Unmatched,0,0,0
JMPPHP_04465 photosystem II protein Y,Unmatched,0,0,0
JMPPHP_04470 DNA polymerase subunit beta,Unmatched,0,0,0
JMPPHP_04475 nucleotidyltransferase,Unmatched,0,0,0
JMPPHP_04480 DNA-binding protein,Unmatched,0,0,0
JMPPHP_04490 glycogen synthase GlgA,Unmatched,0,0,0
JMPPHP_04495 co-chaperone YbbN,Unmatched,0,0,0
JMPPHP_04500 hypothetical protein,Unmatched,0,0,0
JMPPHP_04505 DUF218 domain-containing protein,Unmatched,0,0,0
JMPPHP_04510 DNA topoisomerase 4 subunit A,Unmatched,0,0,0
JMPPHP_04515 Response regulatory domain-containing protein,Unmatched,0,0,0
JMPPHP_04520 PIN domain nuclease,Unmatched,0,0,0
JMPPHP_04525 hypothetical protein,Unmatched,0,0,0
JMPPHP_04535 heat-inducible transcriptional repressor HrcA,Unmatched,0,0,0
JMPPHP_04540 hypothetical protein,Unmatched,0,0,0
"JMPPHP_04545 2-carboxy-1,4-naphthoquinone phytyltransferase",Unmatched,0,0,0
JMPPHP_04550 B12-binding domain-containing radical SAM protein,Unmatched,0,0,0
JMPPHP_04555 putative high light inducible protein,Unmatched,0,0,0
JMPPHP_04560 Paired domain-containing protein,Unmatched,0,0,0
JMPPHP_04565 Chromosome initiation inhibitor,Unmatched,0,0,0
JMPPHP_04570 hypothetical protein,Unmatched,0,0,0
JMPPHP_04575 hypothetical protein,Unmatched,0,0,0
JMPPHP_04580 hypothetical protein,Unmatched,0,0,0
JMPPHP_04585 molybdenum cofactor biosynthesis protein,Unmatched,0,0,0
JMPPHP_04590 DUF4115 domain-containing protein,Unmatched,0,0,0
JMPPHP_04595 dihem cytochrome c family protein,Unmatched,0,0,0
JMPPHP_04600 hypothetical protein,Unmatched,0,0,0
JMPPHP_04605 nuclease,Unmatched,0,0,0
JMPPHP_04610 hypothetical protein,Unmatched,0,0,0
JMPPHP_04620 hypothetical protein,Unmatched,0,0,0
JMPPHP_04625 hypothetical protein,Unmatched,0,0,0
JMPPHP_04630 homoserine O-acetyltransferase,Unmatched,0,0,0
JMPPHP_04635 tryptophan synthase subunit alpha,Unmatched,0,0,0
JMPPHP_04640 lmo0937 family membrane protein,Unmatched,0,0,0
JMPPHP_04645 CsbD-like protein,Unmatched,0,0,0
JMPPHP_04650 CsbD family protein,Unmatched,0,0,0
JMPPHP_04655 Transposase,Unmatched,0,0,0
JMPPHP_04660 hypothetical protein,Unmatched,0,0,0
JMPPHP_04665 transporter,Unmatched,0,0,0
"JMPPHP_04670 signal transduction histidine kinase (STHK), LytS",Unmatched,0,0,0
JMPPHP_04675 cell division protein FtsW,Unmatched,0,0,0
JMPPHP_04680 isoaspartyl peptidase,Unmatched,0,0,0
JMPPHP_04685 hypothetical protein,Unmatched,0,0,0
JMPPHP_04705 homoserine kinase,Unmatched,0,0,0
"JMPPHP_04710 C-3',4' desaturase CrtD",Unmatched,0,0,0
JMPPHP_04715 PEP-CTERM sorting domain-containing protein,Unmatched,0,0,0
JMPPHP_04720 alpha-ribazole phosphatase,Unmatched,0,0,0
JMPPHP_04725 60 kDa chaperonin,Unmatched,0,0,0
JMPPHP_04730 Serine protease,Unmatched,0,0,0
JMPPHP_04735 Serine protease,Unmatched,0,0,0
JMPPHP_04740 hypothetical protein,Unmatched,0,0,0
JMPPHP_04745 hypothetical protein,Unmatched,0,0,0
JMPPHP_04750 PemK family transcriptional regulator,Unmatched,0,0,0
JMPPHP_04755 hypothetical protein,Unmatched,0,0,0
JMPPHP_04760 cell division protein FtsI,Unmatched,0,0,0
JMPPHP_04765 hypothetical protein,Unmatched,0,0,0
JMPPHP_04770 GTPase,Unmatched,0,0,0
JMPPHP_04775 2-amino-4-hydroxy-6-hydroxymethyldihydropteridine diphosphokinase,Unmatched,0,0,0
JMPPHP_04780 hypothetical protein,Unmatched,0,0,0
JMPPHP_04785 polyhydroxyalkanoate biosynthesis repressor PhaR,Unmatched,0,0,0
JMPPHP_04790 phosphoribulokinase,Unmatched,0,0,0
JMPPHP_04795 Putative restriction endonuclease,Unmatched,0,0,0
JMPPHP_04800 carboxylating nicotinate-nucleotide diphosphorylase,Unmatched,0,0,0
JMPPHP_04805 Adenosyl-chloride synthase,Unmatched,0,0,0
JMPPHP_04810 Ssr0692 protein,Unmatched,0,0,0
JMPPHP_04815 hypothetical protein,Unmatched,0,0,0
JMPPHP_04820 hypothetical protein,Unmatched,0,0,0
JMPPHP_04825 hypothetical protein,Unmatched,0,0,0
JMPPHP_04830 hypothetical protein,Unmatched,0,0,0
JMPPHP_04840 photosystem I assembly protein Ycf4,Unmatched,0,0,0
JMPPHP_04845 peptidylprolyl isomerase,Unmatched,0,0,0
JMPPHP_04850 beta-ketoacyl-ACP synthase,Unmatched,0,0,0
JMPPHP_04855 GTPase Era,Unmatched,0,0,0
JMPPHP_04860 hypothetical protein,Unmatched,0,0,0
JMPPHP_04865 hypothetical protein,Unmatched,0,0,0
JMPPHP_04870 phosphoheptose isomerase,Unmatched,0,0,0
JMPPHP_04875 hypothetical protein,Unmatched,0,0,0
JMPPHP_04880 Ca(2+)/H(+) antiporter,Unmatched,0,0,0
JMPPHP_04885 phosphate ABC transporter ATP-binding protein PstB,Unmatched,0,0,0
JMPPHP_04890 Cupin-2 domain-containing protein,Unmatched,0,0,0
JMPPHP_04895 phosphate ABC transporter permease PstA,Unmatched,0,0,0
JMPPHP_04900 hypothetical protein,Unmatched,0,0,0
JMPPHP_04905 ATPase,Unmatched,0,0,0
JMPPHP_04910 phenylalanine--tRNA ligase subunit beta,Unmatched,0,0,0
JMPPHP_04915 Histidine kinase,Unmatched,0,0,0
JMPPHP_04920 hypothetical protein,Unmatched,0,0,0
JMPPHP_04925 hypothetical protein,Unmatched,0,0,0
JMPPHP_04930 PEP-CTERM domain-containing protein,Unmatched,0,0,0
JMPPHP_04935 hypothetical protein,Unmatched,0,0,0
JMPPHP_04940 barstar family protein,Unmatched,0,0,0
JMPPHP_04945 type II toxin-antitoxin system PemK/MazF family toxin,Unmatched,0,0,0
JMPPHP_04950 Antitoxin,Unmatched,0,0,0
JMPPHP_04955 hypothetical protein,Unmatched,0,0,0
JMPPHP_04960 chromosome partitioning protein ParA,Unmatched,0,0,0
JMPPHP_04965 Circadian oscillating protein COP23,Unmatched,0,0,0
JMPPHP_04970 isocitrate dehydrogenase,Unmatched,0,0,0
JMPPHP_04975 NifU-like domain-containing protein,Unmatched,0,0,0
JMPPHP_04980 DUF3386 domain-containing protein,Unmatched,0,0,0
JMPPHP_04985 S-layer protein,Unmatched,0,0,0
JMPPHP_04990 glucose-6-phosphate dehydrogenase,Unmatched,0,0,0
JMPPHP_04995 TonB-dependent receptor plug,Unmatched,0,0,0
JMPPHP_05000 hypothetical protein,Unmatched,0,0,0
JMPPHP_05005 ATPase,Unmatched,0,0,0
JMPPHP_05010 hypothetical protein,Unmatched,0,0,0
JMPPHP_05015 hypothetical protein,Unmatched,0,0,0
JMPPHP_05020 DUF4926 domain-containing protein,Unmatched,0,0,0
JMPPHP_05030 hypothetical protein,Unmatched,0,0,0
JMPPHP_05035 Valine--tRNA ligase,Unmatched,0,0,0
JMPPHP_05040 NADP-dependent isocitrate dehydrogenase,Unmatched,0,0,0
JMPPHP_05045 hypothetical protein,Unmatched,0,0,0
JMPPHP_05050 hypothetical protein,Unmatched,0,0,0
JMPPHP_05055 hypothetical protein,Unmatched,0,0,0
JMPPHP_05060 HTH-33 domain-containing protein,Unmatched,0,0,0
JMPPHP_05080 CRR6 family NdhI maturation factor,Unmatched,0,0,0
JMPPHP_05085 hypothetical protein,Unmatched,0,0,0
JMPPHP_05090 hypothetical protein,Unmatched,0,0,0
JMPPHP_05095 transposase,Unmatched,0,0,0
JMPPHP_05100 hypothetical protein,Unmatched,0,0,0
JMPPHP_05105 hypothetical protein,Unmatched,0,0,0
JMPPHP_05110 Transglutaminase-like superfamily,Unmatched,0,0,0
JMPPHP_05115 serine/threonine protein phosphatase,Unmatched,0,0,0
JMPPHP_05120 Similarity,Unmatched,0,0,0
JMPPHP_05125 Twitching motility protein PilT,Unmatched,0,0,0
JMPPHP_05130 Type II toxin-antitoxin system VapC family toxin,Unmatched,0,0,0
JMPPHP_05135 hypothetical protein,Unmatched,0,0,0
JMPPHP_05140 nucleic acid-binding protein,Unmatched,0,0,0
JMPPHP_05145 tetratricopeptide repeat-containing protein,Unmatched,0,0,0
JMPPHP_05150 prevent-host-death protein,Unmatched,0,0,0
"JMPPHP_05155 HicA toxin of bacterial toxin-antitoxin,",Unmatched,0,0,0
JMPPHP_05160 HicB-like domain-containing protein,Unmatched,0,0,0
JMPPHP_05165 cellulose synthase subunit BcsC,Unmatched,0,0,0
JMPPHP_05170 Pentapeptide repeat protein,Unmatched,0,0,0
JMPPHP_05175 transcriptional regulator,Unmatched,0,0,0
JMPPHP_05180 metallothionein,Unmatched,0,0,0
JMPPHP_05185 Putative restriction endonuclease,Unmatched,0,0,0
JMPPHP_05190 DUF2808 domain-containing protein,Unmatched,0,0,0
JMPPHP_05195 DNA replication/repair protein RecF,Unmatched,0,0,0
JMPPHP_05200 ribose-5-phosphate isomerase RpiA,Unmatched,0,0,0
JMPPHP_05205 RNA-binding protein,Unmatched,0,0,0
JMPPHP_05210 hypothetical protein,Unmatched,0,0,0
JMPPHP_05215 hypothetical protein,Unmatched,0,0,0
JMPPHP_05220 pentapeptide repeat-containing protein,Unmatched,0,0,0
JMPPHP_05225 Uma2 domain-containing protein,Unmatched,0,0,0
JMPPHP_05230 DUF4336 domain-containing protein,Unmatched,0,0,0
JMPPHP_05235 50S ribosome-binding GTPase,Unmatched,0,0,0
JMPPHP_05245 hypothetical protein,Unmatched,0,0,0
JMPPHP_05250 hypothetical protein,Unmatched,0,0,0
JMPPHP_05255 hypothetical protein,Unmatched,0,0,0
JMPPHP_05260 Similar to tr|Q8YRU7|Q8YRU7,Unmatched,0,0,0
JMPPHP_05265 hypothetical protein,Unmatched,0,0,0
JMPPHP_05270 ABC transporter,Unmatched,0,0,0
JMPPHP_05275 hypothetical protein,Unmatched,0,0,0
JMPPHP_05280 hypothetical protein,Unmatched,0,0,0
JMPPHP_05285 hypothetical protein,Unmatched,0,0,0
JMPPHP_05290 PIN domain-containing protein,Unmatched,0,0,0
JMPPHP_05295 hypothetical protein,Unmatched,0,0,0
JMPPHP_05300 hypothetical protein,Unmatched,0,0,0
JMPPHP_05305 DUF2283 domain-containing protein,Unmatched,0,0,0
JMPPHP_05310 bacterioferritin,Unmatched,0,0,0
JMPPHP_05315 TPR domain protein component of TonB system,Unmatched,0,0,0
JMPPHP_05320 hypothetical protein,Unmatched,0,0,0
JMPPHP_05325 GUN4 domain-containing protein,Unmatched,0,0,0
JMPPHP_05330 aspartate carbamoyltransferase catalytic subunit,Unmatched,0,0,0
JMPPHP_05335 hypothetical protein,Unmatched,0,0,0
JMPPHP_05340 Cation-transporting ATPase,Unmatched,0,0,0
JMPPHP_05345 putative 2-phosphosulfolactate phosphatase,Unmatched,0,0,0
JMPPHP_05350 bifunctional folylpolyglutamate synthase/dihydrofolate synthase,Unmatched,0,0,0
JMPPHP_05355 DUF3352 domain-containing protein,Unmatched,0,0,0
JMPPHP_05360 PEP-CTERM sorting domain-containing protein,Unmatched,0,0,0
JMPPHP_05365 quinone-dependent dihydroorotate dehydrogenase,Unmatched,0,0,0
JMPPHP_05370 Cysteine synthase A,Unmatched,0,0,0
JMPPHP_05375 Cystathionine gamma-lyase,Unmatched,0,0,0
JMPPHP_05380 MgtC family,Unmatched,0,0,0
JMPPHP_05385 hypothetical protein,Unmatched,0,0,0
JMPPHP_05390 Similarity,Unmatched,0,0,0
JMPPHP_05395 2-succinyl-5-enolpyruvyl-6-hydroxy-3-cyclohexene-1-carboxylic-acid synthase,Unmatched,0,0,0
JMPPHP_05400 LysR family transcriptional regulator,Unmatched,0,0,0
JMPPHP_05405 hypothetical protein,Unmatched,0,0,0
JMPPHP_05410 Putative restriction endonuclease,Unmatched,0,0,0
JMPPHP_05415 hypothetical protein,Unmatched,0,0,0
JMPPHP_05435 PEP-CTERM sorting domain-containing protein,Unmatched,0,0,0
JMPPHP_05440 UDP-3-O-(3-hydroxymyristoyl)glucosamine N-acyltransferase,Unmatched,0,0,0
JMPPHP_05445 bifunctional ornithine acetyltransferase/N-acetylglutamate synthase,Unmatched,0,0,0
JMPPHP_05450 hypothetical protein,Unmatched,0,0,0
JMPPHP_05455 ABC transporter,Unmatched,0,0,0
JMPPHP_05460 mannose-1-phosphate guanylyltransferase,Unmatched,0,0,0
JMPPHP_05475 hypothetical protein,Unmatched,0,0,0
JMPPHP_05480 Citramalate synthase,Unmatched,0,0,0
JMPPHP_05485 Phosphomannomutase,Unmatched,0,0,0
JMPPHP_05490 fibrillin,Unmatched,0,0,0
JMPPHP_05495 hypothetical protein,Unmatched,0,0,0
JMPPHP_05500 Similarity,Unmatched,0,0,0
JMPPHP_05505 RIP metalloprotease RseP,Unmatched,0,0,0
JMPPHP_05510 endonuclease III,Unmatched,0,0,0
JMPPHP_05515 rhomboid family intramembrane serine protease,Unmatched,0,0,0
JMPPHP_05520 antibiotic biosynthesis monooxygenase,Unmatched,0,0,0
JMPPHP_05525 NADPH-dependent FMN reductase,Unmatched,0,0,0
JMPPHP_05530 hypothetical protein,Unmatched,0,0,0
JMPPHP_05535 hypothetical protein,Unmatched,0,0,0
JMPPHP_05540 erythromycin biosynthesis sensory transduction protein eryC1,Unmatched,0,0,0
JMPPHP_05545 molybdenum cofactor guanylyltransferase,Unmatched,0,0,0
JMPPHP_05550 heat-shock protein,Unmatched,0,0,0
JMPPHP_05555 transcriptional repressor,Unmatched,0,0,0
JMPPHP_05560 cysteine desulfuration protein SufE,Unmatched,0,0,0
JMPPHP_05565 growth inhibitor PemK,Unmatched,0,0,0
JMPPHP_05570 hypothetical protein,Unmatched,0,0,0
JMPPHP_05580 Beta-barrel assembly-enhancing protease,Unmatched,0,0,0
JMPPHP_05585 5-(carboxyamino)imidazole ribonucleotide mutase,Unmatched,0,0,0
JMPPHP_05590 Conserved protein,Unmatched,0,0,0
JMPPHP_05595 efflux transporter periplasmic adaptor subunit,Unmatched,0,0,0
JMPPHP_05600 hypothetical protein,Unmatched,0,0,0
JMPPHP_05605 hypothetical protein,Unmatched,0,0,0
JMPPHP_05610 hypothetical protein,Unmatched,0,0,0
JMPPHP_05615 fatty acid desaturase,Unmatched,0,0,0
JMPPHP_05620 NADH-quinone oxidoreductase subunit J,Unmatched,0,0,0
JMPPHP_05625 photosynthetic/respiratory NAD(P)H-quinone oxidoreductase subunit E,Unmatched,0,0,0
JMPPHP_05630 LPS export ABC transporter periplasmic protein LptC,Unmatched,0,0,0
JMPPHP_05635 hypothetical protein,Unmatched,0,0,0
JMPPHP_05640 TspO protein,Unmatched,0,0,0
JMPPHP_05645 Translation initiation factor,Unmatched,0,0,0
JMPPHP_05650 cryptochrome/photolyase family protein,Unmatched,0,0,0
JMPPHP_05655 hypothetical protein,Unmatched,0,0,0
JMPPHP_05660 Sigma70-r4-2 domain-containing protein,Unmatched,0,0,0
JMPPHP_05665 HTH-OrfB-IS605 domain-containing protein,Unmatched,0,0,0
JMPPHP_05670 hypothetical protein,Unmatched,0,0,0
JMPPHP_05675 HicB-like domain-containing protein,Unmatched,0,0,0
JMPPHP_05680 photosynthetic/respiratory NAD(P)H-quinone oxidoreductase subunit I,Unmatched,0,0,0
JMPPHP_05685 NADH-quinone oxidoreductase subunit NuoH,Unmatched,0,0,0
JMPPHP_05690 orotate phosphoribosyltransferase,Unmatched,0,0,0
JMPPHP_05695 cobalamin biosynthesis protein CobW,Unmatched,0,0,0
JMPPHP_05700 hypothetical protein,Unmatched,0,0,0
JMPPHP_05705 UDP-N-acetyl-alpha-D-glucosamine C6 dehydratase,Unmatched,0,0,0
JMPPHP_05710 WYL domain-containing protein,Unmatched,0,0,0
JMPPHP_05715 type I-D CRISPR-associated helicase Cas3',Unmatched,0,0,0
JMPPHP_05720 Nucleotidyltransferase domain-containing protein,Unmatched,0,0,0
JMPPHP_05725 hypothetical protein,Unmatched,0,0,0
JMPPHP_05730 hypothetical protein,Unmatched,0,0,0
JMPPHP_05735 type I-D CRISPR-associated protein Cas10d/Csc3,Unmatched,0,0,0
JMPPHP_05740 type I-D CRISPR-associated protein Cas10d/Csc3,Unmatched,0,0,0
JMPPHP_05745 type I-D CRISPR-associated protein Cas7/Csc2,Unmatched,0,0,0
JMPPHP_05750 type I-D CRISPR-associated protein Cas5/Csc1,Unmatched,0,0,0
JMPPHP_05755 Uma2 family endonuclease,Unmatched,0,0,0
JMPPHP_05760 CRISPR-associated endoribonuclease Cas6,Unmatched,0,0,0
JMPPHP_05765 IS1634 family transposase,Unmatched,0,0,0
JMPPHP_05770 Phage tail sheath family protein,Unmatched,0,0,0
JMPPHP_05775 phage tail sheath family protein,Unmatched,0,0,0
JMPPHP_05780 phage tail protein,Unmatched,0,0,0
JMPPHP_05785 hypothetical protein,Unmatched,0,0,0
JMPPHP_05790 Amidohydro-rel domain-containing protein,Unmatched,0,0,0
JMPPHP_05795 Translation elongation factor LepA,Unmatched,0,0,0
JMPPHP_05800 putative ATPase,Unmatched,0,0,0
JMPPHP_05805 hypothetical protein,Unmatched,0,0,0
JMPPHP_05810 VapC toxin family PIN domain ribonuclease,Unmatched,0,0,0
JMPPHP_05815 hypothetical protein,Unmatched,0,0,0
JMPPHP_05820 phosphatidylserine decarboxylase,Unmatched,0,0,0
JMPPHP_05825 hypothetical protein,Unmatched,0,0,0
JMPPHP_05830 iron-sulfur cluster assembly accessory protein,Unmatched,0,0,0
JMPPHP_05835 adenosylcobinamide-GDP ribazoletransferase,Unmatched,0,0,0
JMPPHP_05840 peptidase,Unmatched,0,0,0
JMPPHP_05845 hypothetical protein,Unmatched,0,0,0
JMPPHP_05850 isochorismate synthase,Unmatched,0,0,0
JMPPHP_05855 ferredoxin,Unmatched,0,0,0
JMPPHP_05860 thiol:disulfide interchange protein,Unmatched,0,0,0
JMPPHP_05865 putative membrane transporter protein,Unmatched,0,0,0
JMPPHP_05870 IS630 family transposase,Unmatched,0,0,0
JMPPHP_05875 hypothetical protein,Unmatched,0,0,0
JMPPHP_05880 hypothetical protein,Unmatched,0,0,0
JMPPHP_05885 AIPR family protein,Unmatched,0,0,0
JMPPHP_05890 hypothetical protein,Unmatched,0,0,0
JMPPHP_05895 Aminopeptidase P family protein,Unmatched,0,0,0
JMPPHP_05900 prepilin peptidase,Unmatched,0,0,0
JMPPHP_05905 hypothetical protein,Unmatched,0,0,0
"JMPPHP_05910 acetyl-CoA carboxylase, carboxyltransferase subunit beta",Unmatched,0,0,0
JMPPHP_05915 transcriptional repressor,Unmatched,0,0,0
JMPPHP_05920 hypothetical protein,Unmatched,0,0,0
JMPPHP_05925 hypothetical protein,Unmatched,0,0,0
JMPPHP_05930 type II toxin-antitoxin system PemK/MazF family toxin,Unmatched,0,0,0
JMPPHP_05935 hypothetical protein,Unmatched,0,0,0
"JMPPHP_05940 glutamate-1-semialdehyde 2,1-aminomutase",Unmatched,0,0,0
JMPPHP_05945 M23 family peptidase,Unmatched,0,0,0
JMPPHP_05950 DUF1727 domain-containing protein,Unmatched,0,0,0
JMPPHP_05955 cobalamin biosynthesis protein CobQ,Unmatched,0,0,0
JMPPHP_05960 hypothetical protein,Unmatched,0,0,0
JMPPHP_05965 hypothetical protein,Unmatched,0,0,0
JMPPHP_05970 YkgJ family cysteine cluster protein,Unmatched,0,0,0
JMPPHP_05975 tRNA-Val(tac),Unmatched,0,0,0
JMPPHP_05980 metal-binding protein,Unmatched,0,0,0
JMPPHP_05985 P5CR-dimer domain-containing protein,Unmatched,0,0,0
JMPPHP_05990 hypothetical protein,Unmatched,0,0,0
JMPPHP_05995 Similarity,Unmatched,0,0,0
"JMPPHP_06000 putative nucleic acid-binding protein, contains PIN domain",Unmatched,0,0,0
JMPPHP_06005 Uncharacterised protein family (UPF0175),Unmatched,0,0,0
JMPPHP_06010 hypothetical protein,Unmatched,0,0,0
JMPPHP_06015 DUF5615 domain-containing protein,Unmatched,0,0,0
JMPPHP_06020 type II toxin-antitoxin system HigB family toxin,Unmatched,0,0,0
JMPPHP_06025 transcriptional regulator,Unmatched,0,0,0
JMPPHP_06030 hypothetical protein,Unmatched,0,0,0
JMPPHP_06035 hypothetical protein,Unmatched,0,0,0
JMPPHP_06040 photosystem I reaction center subunit IV,Unmatched,0,0,0
JMPPHP_06045 aspartate aminotransferase family protein,Unmatched,0,0,0
JMPPHP_06050 sulfotransferase,Unmatched,0,0,0
JMPPHP_06055 Lysylphosphatidylglycerol synthase TM region,Unmatched,0,0,0
JMPPHP_06060 circadian clock protein KaiC,Unmatched,0,0,0
JMPPHP_06065 circadian clock protein KaiB,Unmatched,0,0,0
JMPPHP_06070 circadian clock protein KaiA,Unmatched,0,0,0
JMPPHP_06085 putative type I restriction enzyme BthVORF4518P M protein,Unmatched,0,0,0
JMPPHP_06090 ribosome biogenesis GTPase YlqF,Unmatched,0,0,0
JMPPHP_06095 FGE-sulfatase domain-containing protein,Unmatched,0,0,0
JMPPHP_06100 hypothetical protein,Unmatched,0,0,0
JMPPHP_06105 adenosine deaminase,Unmatched,0,0,0
JMPPHP_06110 MAPEG family protein,Unmatched,0,0,0
JMPPHP_06115 DNA recombination-mediator protein A,Unmatched,0,0,0
JMPPHP_06120 GNAT family N-acetyltransferase,Unmatched,0,0,0
JMPPHP_06125 Holliday junction resolvase RuvX,Unmatched,0,0,0
JMPPHP_06130 Ribonuclease VapC,Unmatched,0,0,0
JMPPHP_06135 hypothetical protein,Unmatched,0,0,0
JMPPHP_06140 allophycocyanin subunit beta,Unmatched,0,0,0
JMPPHP_06145 Glutamate 5-kinase,Unmatched,0,0,0
JMPPHP_06150 single-stranded-DNA-specific exonuclease RecJ,Unmatched,0,0,0
JMPPHP_06155 LppP/LprE lipoprotein,Unmatched,0,0,0
JMPPHP_06160 hypothetical protein,Unmatched,0,0,0
JMPPHP_06165 hypothetical protein,Unmatched,0,0,0
JMPPHP_06175 hypothetical protein,Unmatched,0,0,0
JMPPHP_06180 serine/threonine protein kinase,Unmatched,0,0,0
JMPPHP_06185 DNA starvation/stationary phase protection protein Dps,Unmatched,0,0,0
"JMPPHP_06190 HicA toxin of bacterial toxin-antitoxin,",Unmatched,0,0,0
JMPPHP_06195 HicB family protein,Unmatched,0,0,0
JMPPHP_06200 HNH endonuclease,Unmatched,0,0,0
"JMPPHP_06210 Zn-dependent protease, containings TPR repeats",Unmatched,0,0,0
JMPPHP_06215 sulfite exporter TauE/SafE family protein,Unmatched,0,0,0
JMPPHP_06220 hypothetical protein,Unmatched,0,0,0
JMPPHP_06225 photosystem II protein PsbQ,Unmatched,0,0,0
JMPPHP_06230 iron ABC transporter substrate-binding protein,Unmatched,0,0,0
JMPPHP_06235 hypothetical protein,Unmatched,0,0,0
JMPPHP_06240 Bicarbonate transporter BicA,Unmatched,0,0,0
JMPPHP_06245 phosphate ABC transporter permease subunit PstC,Unmatched,0,0,0
JMPPHP_06250 phosphate-binding protein,Unmatched,0,0,0
JMPPHP_06255 sulfate ABC transporter substrate-binding protein,Unmatched,0,0,0
JMPPHP_06260 transporter,Unmatched,0,0,0
JMPPHP_06265 sulfonate ABC transporter substrate-binding protein,Unmatched,0,0,0
JMPPHP_06270 hypothetical protein,Unmatched,0,0,0
JMPPHP_06275 hypothetical protein,Unmatched,0,0,0
JMPPHP_06280 hypothetical protein,Unmatched,0,0,0
JMPPHP_06285 Nucleoside triphosphate pyrophosphatase,Unmatched,0,0,0
JMPPHP_06290 urease accessory protein UreG,Unmatched,0,0,0
JMPPHP_06295 hypothetical protein,Unmatched,0,0,0
"JMPPHP_06300 Endonuclease, Uma2 family (restriction endonuclease fold)",Unmatched,0,0,0
JMPPHP_06305 deoxyribodipyrimidine photolyase,Unmatched,0,0,0
JMPPHP_06310 efflux RND transporter permease subunit,Unmatched,0,0,0
JMPPHP_06315 hypothetical protein,Unmatched,0,0,0
JMPPHP_06320 Putative restriction endonuclease,Unmatched,0,0,0
JMPPHP_06325 hypothetical protein,Unmatched,0,0,0
JMPPHP_06330 potassium channel protein,Unmatched,0,0,0
JMPPHP_06335 YbjN domain-containing protein,Unmatched,0,0,0
JMPPHP_06340 biotin--protein ligase,Unmatched,0,0,0
JMPPHP_06345 photosystem II D2 protein (photosystem q(a) protein),Unmatched,0,0,0
JMPPHP_06350 photosystem II reaction center protein CP43,Unmatched,0,0,0
JMPPHP_06355 Antisense RNA which regulates isiA expression,Unmatched,0,0,0
JMPPHP_06360 threonine-phosphate decarboxylase CobD,Unmatched,0,0,0
JMPPHP_06365 DNA-binding protein,Unmatched,0,0,0
JMPPHP_06370 DUF4168 domain-containing protein,Unmatched,0,0,0
JMPPHP_06375 urease accessory protein UreE,Unmatched,0,0,0
JMPPHP_06380 IS4 family transposase,Unmatched,0,0,0
JMPPHP_06385 hypothetical protein,Unmatched,0,0,0
JMPPHP_06390 Photosystem I reaction center subunit XI,Unmatched,0,0,0
JMPPHP_06395 ATP-dependent protease,Unmatched,0,0,0
JMPPHP_06400 Similar to Q3M894_ANAVT S-layer region-like,Unmatched,0,0,0
JMPPHP_06405 NAD(P)/FAD-dependent oxidoreductase,Unmatched,0,0,0
JMPPHP_06410 hypothetical protein,Unmatched,0,0,0
JMPPHP_06415 glycosyl transferase family A,Unmatched,0,0,0
JMPPHP_06420 transposase,Unmatched,0,0,0
JMPPHP_06425 ABC transporter ATP-binding protein,Unmatched,0,0,0
JMPPHP_06430 ABC transporter substrate-binding protein,Unmatched,0,0,0
JMPPHP_06435 phycobilisome maturation protein,Unmatched,0,0,0
JMPPHP_06440 Trypco2 domain-containing protein,Unmatched,0,0,0
JMPPHP_06445 Uncharacterized PIN and TRAM-domain containing protein slr1972,Unmatched,0,0,0
JMPPHP_06450 thylakoid-associated protein,Unmatched,0,0,0
JMPPHP_06455 radical SAM protein,Unmatched,0,0,0
JMPPHP_06460 NB-ARC domain protein,Unmatched,0,0,0
JMPPHP_06475 hypothetical protein,Unmatched,0,0,0
JMPPHP_06480 hypothetical protein,Unmatched,0,0,0
JMPPHP_06485 N-acetylmuramoyl-L-alanine amidase LytC,Unmatched,0,0,0
JMPPHP_06490 glutamate racemase,Unmatched,0,0,0
JMPPHP_06495 hypothetical protein,Unmatched,0,0,0
JMPPHP_06500 molybdate ABC transporter permease subunit,Unmatched,0,0,0
JMPPHP_06505 molybdate ABC transporter substrate-binding protein,Unmatched,0,0,0
JMPPHP_06510 pyruvate kinase,Unmatched,0,0,0
JMPPHP_06515 magnesium protoporphyrin IX methyltransferase,Unmatched,0,0,0
JMPPHP_06520 3-methyl-2-oxobutanoate hydroxymethyltransferase,Unmatched,0,0,0
JMPPHP_06525 peptide-methionine (S)-S-oxide reductase,Unmatched,0,0,0
JMPPHP_06530 carbon dioxide-concentrating mechanism protein CcmK,Unmatched,0,0,0
JMPPHP_06535 carbon dioxide-concentrating protein CcmK,Unmatched,0,0,0
JMPPHP_06540 HicB-like domain-containing protein,Unmatched,0,0,0
JMPPHP_06545 Tetratricopeptide protein,Unmatched,0,0,0
JMPPHP_06550 Toxin RelE domain protein,Unmatched,0,0,0
JMPPHP_06555 hypothetical protein,Unmatched,0,0,0
JMPPHP_06560 hypothetical protein,Unmatched,0,0,0
JMPPHP_06565 prevent-host-death protein,Unmatched,0,0,0
JMPPHP_06570 hypothetical protein,Unmatched,0,0,0
"JMPPHP_06575 type II toxin-antitoxin system mRNA interferase toxin, RelE/StbE family",Unmatched,0,0,0
JMPPHP_06580 hypothetical protein,Unmatched,0,0,0
JMPPHP_06585 Similar to tr|Q8YUC9|Q8YUC9,Unmatched,0,0,0
JMPPHP_06590 hypothetical protein,Unmatched,0,0,0
JMPPHP_06595 hypothetical protein,Unmatched,0,0,0
JMPPHP_06600 c-type cytochrome biogenesis protein CcsB,Unmatched,0,0,0
JMPPHP_06605 YCII domain-containing protein,Unmatched,0,0,0
JMPPHP_06610 N-acetylmuramoyl-L-alanine amidase,Unmatched,0,0,0
JMPPHP_06615 lipolytic protein G-D-S-L family,Unmatched,0,0,0
JMPPHP_06620 NAD(P)H-quinone oxidoreductase subunit 4L NdhQ,Unmatched,0,0,0
JMPPHP_06625 hypothetical protein,Unmatched,0,0,0
JMPPHP_06630 DUF2358 domain-containing protein,Unmatched,0,0,0
JMPPHP_06635 tRNA (N6-isopentenyl adenosine(37)-C2)-methylthiotransferase MiaB,Unmatched,0,0,0
JMPPHP_06640 Nitrogen regulatory protein P-II,Unmatched,0,0,0
JMPPHP_06645 50S ribosomal protein L3,Unmatched,0,0,0
JMPPHP_06650 50S ribosomal protein L4,Unmatched,0,0,0
JMPPHP_06655 50S ribosomal protein L23,Unmatched,0,0,0
JMPPHP_06660 50S ribosomal protein L2,Unmatched,0,0,0
JMPPHP_06665 30S ribosomal protein S19,Unmatched,0,0,0
JMPPHP_06670 50S ribosomal protein L22,Unmatched,0,0,0
JMPPHP_06675 30S ribosomal protein S3,Unmatched,0,0,0
JMPPHP_06680 50S ribosomal protein L16,Unmatched,0,0,0
JMPPHP_06685 50S ribosomal protein L29,Unmatched,0,0,0
JMPPHP_06690 30S ribosomal protein S17,Unmatched,0,0,0
JMPPHP_06695 50S ribosomal protein L14,Unmatched,0,0,0
JMPPHP_06700 50S ribosomal protein L24,Unmatched,0,0,0
JMPPHP_06705 50S ribosomal protein L5,Unmatched,0,0,0
JMPPHP_06710 30S ribosomal protein S8,Unmatched,0,0,0
JMPPHP_06715 50S ribosomal protein L6,Unmatched,0,0,0
JMPPHP_06720 50S ribosomal protein L18,Unmatched,0,0,0
JMPPHP_06725 30S ribosomal protein S5,Unmatched,0,0,0
JMPPHP_06730 50S ribosomal protein L15,Unmatched,0,0,0
JMPPHP_06735 30S ribosomal protein PSRP-3,Unmatched,0,0,0
JMPPHP_06740 8-oxo-dGTP diphosphatase MutT,Unmatched,0,0,0
JMPPHP_06745 DUF3134 domain-containing protein,Unmatched,0,0,0
JMPPHP_06750 peptide deformylase,Unmatched,0,0,0
JMPPHP_06755 GTP cyclohydrolase I FolE,Unmatched,0,0,0
JMPPHP_06760 hypothetical protein,Unmatched,0,0,0
JMPPHP_06765 solanesyl diphosphate synthase,Unmatched,0,0,0
JMPPHP_06770 haloacid dehalogenase,Unmatched,0,0,0
JMPPHP_06775 CPP1-like family protein,Unmatched,0,0,0
JMPPHP_06780 hypothetical protein,Unmatched,0,0,0
JMPPHP_06785 hypothetical protein,Unmatched,0,0,0
JMPPHP_06790 hypothetical protein,Unmatched,0,0,0
JMPPHP_06795 isochorismate synthase,Unmatched,0,0,0
JMPPHP_06800 TIGR02646 family protein,Unmatched,0,0,0
JMPPHP_06805 ATPase,Unmatched,0,0,0
JMPPHP_06810 SAM-dependent methyltransferase,Unmatched,0,0,0
"JMPPHP_06820 UDP-N-acetylmuramoyl-L-alanyl-D-glutamate--2,6-diaminopimelate ligase",Unmatched,0,0,0
JMPPHP_06825 tryptophan synthase subunit beta,Unmatched,0,0,0
JMPPHP_06830 IS1634 family transposase,Unmatched,0,0,0
JMPPHP_06835 Prepilin-type N-terminal cleavage/methylation domain protein,Unmatched,0,0,0
JMPPHP_06840 anthranilate synthase component I,Unmatched,0,0,0
JMPPHP_06845 isoprenylcysteine carboxylmethyltransferase family protein,Unmatched,0,0,0
JMPPHP_06850 hypothetical protein,Unmatched,0,0,0
JMPPHP_06855 diiron oxygenase,Unmatched,0,0,0
JMPPHP_06860 hypothetical protein,Unmatched,0,0,0
JMPPHP_06865 tRNA-synt-2b domain-containing protein,Unmatched,0,0,0
JMPPHP_06870 hypothetical protein,Unmatched,0,0,0
JMPPHP_06875 tRNA-Ile2(cat),Unmatched,0,0,0
JMPPHP_06880 phosphohistidine phosphatase SixA,Unmatched,0,0,0
JMPPHP_06885 exopolyphosphatase-like protein,Unmatched,0,0,0
JMPPHP_06890 Uma2 domain-containing protein,Unmatched,0,0,0
JMPPHP_06895 citrate synthase,Unmatched,0,0,0
JMPPHP_06900 peptide ABC transporter substrate-binding protein,Unmatched,0,0,0
JMPPHP_06905 glycosyl transferase family 1,Unmatched,0,0,0
JMPPHP_06910 YqeG family HAD IIIA-type phosphatase,Unmatched,0,0,0
JMPPHP_06915 SAM-dependent methyltransferase,Unmatched,0,0,0
JMPPHP_06920 molybdopterin-synthase adenylyltransferase MoeB,Unmatched,0,0,0
JMPPHP_06925 hypothetical protein,Unmatched,0,0,0
JMPPHP_06930 Trypco1 domain-containing protein,Unmatched,0,0,0
JMPPHP_06935 Serine/threonine-protein kinase pkn1,Unmatched,0,0,0
JMPPHP_06940 hypothetical protein,Unmatched,0,0,0
JMPPHP_06945 fatty-acid synthase,Unmatched,0,0,0
JMPPHP_06950 XisI protein,Unmatched,0,0,0
JMPPHP_06955 poly(A) polymerase,Unmatched,0,0,0
JMPPHP_06960 HATPase-c domain-containing protein,Unmatched,0,0,0
JMPPHP_06965 elongation factor G,Unmatched,0,0,0
JMPPHP_06970 redox-regulated ATPase YchF,Unmatched,0,0,0
JMPPHP_06975 hypothetical protein,Unmatched,0,0,0
JMPPHP_06980 hypothetical protein,Unmatched,0,0,0
"JMPPHP_06985 Carbohydrate-selective porin, OprB family",Unmatched,0,0,0
JMPPHP_06990 CoA-binding protein,Unmatched,0,0,0
JMPPHP_06995 TIGR04283 family arsenosugar biosynthesis glycosyltransferase,Unmatched,0,0,0
JMPPHP_07000 hypothetical protein,Unmatched,0,0,0
JMPPHP_07005 hypothetical protein,Unmatched,0,0,0
JMPPHP_07010 heavy metal transporter,Unmatched,0,0,0
JMPPHP_07015 nucleotidyltransferase,Unmatched,0,0,0
JMPPHP_07020 endonuclease,Unmatched,0,0,0
JMPPHP_07025 Site-specific DNA-methyltransferase (adenine-specific),Unmatched,0,0,0
JMPPHP_07030 Cytochrome b6-f complex iron-sulfur subunit,Unmatched,0,0,0
JMPPHP_07035 apocytochrome f,Unmatched,0,0,0
JMPPHP_07040 Dioxygenase,Unmatched,0,0,0
JMPPHP_07045 DUF1092 domain-containing protein,Unmatched,0,0,0
JMPPHP_07055 tRNA-Gly(tcc),Unmatched,0,0,0
JMPPHP_07060 DUF29 domain-containing protein,Unmatched,0,0,0
JMPPHP_07065 hypothetical protein,Unmatched,0,0,0
JMPPHP_07070 putative DNA binding domain-containing protein,Unmatched,0,0,0
JMPPHP_07075 bifunctional 3-deoxy-7-phosphoheptulonate synthase/chorismate mutase,Unmatched,0,0,0
JMPPHP_07080 DUF3464 domain-containing protein,Unmatched,0,0,0
JMPPHP_07085 hypothetical protein,Unmatched,0,0,0
JMPPHP_07090 30S ribosomal protein S15,Unmatched,0,0,0
JMPPHP_07095 adenylosuccinate lyase,Unmatched,0,0,0
JMPPHP_07100 ATPase-AAA-core domain-containing protein,Unmatched,0,0,0
JMPPHP_07105 TetR/AcrR family transcriptional regulator,Unmatched,0,0,0
JMPPHP_07110 DUF2811 domain-containing protein,Unmatched,0,0,0
JMPPHP_07115 universal stress protein,Unmatched,0,0,0
JMPPHP_07120 type I methionyl aminopeptidase,Unmatched,0,0,0
JMPPHP_07125 bifunctional diaminohydroxyphosphoribosylaminopyrimidine deaminase/5-amino-6-(5-phosphoribosylamino)uracil reductase RibD,Unmatched,0,0,0
JMPPHP_07130 Urease subunit alpha 1,Unmatched,0,0,0
JMPPHP_07135 alanine racemase,Unmatched,0,0,0
JMPPHP_07140 cytochrome P450,Unmatched,0,0,0
JMPPHP_07145 Phosphotransferase enzyme family,Unmatched,0,0,0
JMPPHP_07150 hypothetical protein,Unmatched,0,0,0
JMPPHP_07155 hypothetical protein,Unmatched,0,0,0
JMPPHP_07160 DNA uptake protein,Unmatched,0,0,0
JMPPHP_07165 TM2 domain-containing protein,Unmatched,0,0,0
JMPPHP_07170 asparagine--tRNA ligase,Unmatched,0,0,0
JMPPHP_07175 Txe/YoeB family addiction module toxin,Unmatched,0,0,0
JMPPHP_07180 prevent-host-death protein,Unmatched,0,0,0
JMPPHP_07185 SWIM-type domain-containing protein,Unmatched,0,0,0
JMPPHP_07200 porin,Unmatched,0,0,0
JMPPHP_07205 PD-(D/E)XK nuclease family protein,Unmatched,0,0,0
"JMPPHP_07210 precorrin-6Y C5,15-methyltransferase subunit CbiT",Unmatched,0,0,0
JMPPHP_07215 phosphatidate cytidylyltransferase,Unmatched,0,0,0
JMPPHP_07220 uroporphyrinogen-III C-methyltransferase,Unmatched,0,0,0
JMPPHP_07225 hypothetical protein,Unmatched,0,0,0
JMPPHP_07230 hypothetical protein,Unmatched,0,0,0
JMPPHP_07235 hypothetical protein,Unmatched,0,0,0
JMPPHP_07240 Peptidase S74 domain-containing protein,Unmatched,0,0,0
JMPPHP_07245 pilus assembly protein,Unmatched,0,0,0
JMPPHP_07250 DUF2281 domain-containing protein,Unmatched,0,0,0
JMPPHP_07255 restriction endonuclease subunit S,Unmatched,0,0,0
JMPPHP_07260 hypothetical protein,Unmatched,0,0,0
JMPPHP_07265 Putative restriction endonuclease,Unmatched,0,0,0
JMPPHP_07270 DUF2278 domain-containing protein,Unmatched,0,0,0
JMPPHP_07275 hypothetical protein,Unmatched,0,0,0
JMPPHP_07280 hypothetical protein,Unmatched,0,0,0
JMPPHP_07285 VWFA domain-containing protein,Unmatched,0,0,0
JMPPHP_07290 hypothetical protein,Unmatched,0,0,0
JMPPHP_07295 thiol reductase thioredoxin,Unmatched,0,0,0
JMPPHP_07300 NnrU protein,Unmatched,0,0,0
JMPPHP_07305 2Fe-2S ferredoxin,Unmatched,0,0,0
JMPPHP_07310 DNA adenine methylase,Unmatched,0,0,0
JMPPHP_07315 hypothetical protein,Unmatched,0,0,0
JMPPHP_07320 Photosystem II reaction center X protein,Unmatched,0,0,0
JMPPHP_07325 ComF family protein,Unmatched,0,0,0
JMPPHP_07330 hypothetical protein,Unmatched,0,0,0
JMPPHP_07335 ferredoxin--nitrite reductase,Unmatched,0,0,0
JMPPHP_07340 DUF309 domain-containing protein,Unmatched,0,0,0
JMPPHP_07345 ostA-like family protein,Unmatched,0,0,0
JMPPHP_07350 LytR family transcriptional regulator,Unmatched,0,0,0
JMPPHP_07355 hypothetical protein,Unmatched,0,0,0
JMPPHP_07360 class II fructose-bisphosphatase,Unmatched,0,0,0
JMPPHP_07365 sulfite exporter TauE/SafE family protein,Unmatched,0,0,0
JMPPHP_07370 DUF2854 domain-containing protein,Unmatched,0,0,0
JMPPHP_07375 dienelactone hydrolase,Unmatched,0,0,0
JMPPHP_07380 mechanosensitive ion channel protein,Unmatched,0,0,0
JMPPHP_07385 Bacterial extracellular solute-binding protein,Unmatched,0,0,0
JMPPHP_07390 hypothetical protein,Unmatched,0,0,0
JMPPHP_07395 hypothetical protein,Unmatched,0,0,0
"JMPPHP_07400 addiction module toxin, HicA family",Unmatched,0,0,0
JMPPHP_07405 HicB-like domain-containing protein,Unmatched,0,0,0
JMPPHP_07410 hypothetical protein,Unmatched,0,0,0
JMPPHP_07415 hypothetical protein,Unmatched,0,0,0
"JMPPHP_07420 HicA toxin of bacterial toxin-antitoxin,",Unmatched,0,0,0
JMPPHP_07425 type II toxin-antitoxin system HicB family antitoxin,Unmatched,0,0,0
JMPPHP_07430 prevent-host-death family protein,Unmatched,0,0,0
"JMPPHP_07435 type II toxin-antitoxin system mRNA interferase toxin, RelE/StbE family",Unmatched,0,0,0
JMPPHP_07440 hypothetical protein,Unmatched,0,0,0
JMPPHP_07445 hypothetical protein,Unmatched,0,0,0
JMPPHP_07450 histidine kinase,Unmatched,0,0,0
JMPPHP_07460 hypothetical protein,Unmatched,0,0,0
JMPPHP_07465 hypothetical protein,Unmatched,0,0,0
"JMPPHP_07470 dTDP-4-dehydrorhamnose 3,5-epimerase",Unmatched,0,0,0
JMPPHP_07475 NAD(P)-dependent oxidoreductase,Unmatched,0,0,0
JMPPHP_07480 hypothetical protein,Unmatched,0,0,0
JMPPHP_07485 hypothetical protein,Unmatched,0,0,0
JMPPHP_07490 VapC toxin family PIN domain ribonuclease,Unmatched,0,0,0
JMPPHP_07495 hypothetical protein,Unmatched,0,0,0
JMPPHP_07500 hypothetical protein,Unmatched,0,0,0
JMPPHP_07505 DNA/RNA nuclease SfsA,Unmatched,0,0,0
JMPPHP_07510 RNA-binding protein,Unmatched,0,0,0
JMPPHP_07515 LuxR family transcriptional regulator,Unmatched,0,0,0
JMPPHP_07520 UPF0367 protein MAE_19160,Unmatched,0,0,0
JMPPHP_07525 hypothetical protein,Unmatched,0,0,0
JMPPHP_07530 ABC transporter permease,Unmatched,0,0,0
JMPPHP_07535 pseudouridine synthase,Unmatched,0,0,0
JMPPHP_07540 AAA-15 domain-containing protein,Unmatched,0,0,0
JMPPHP_07545 hypothetical protein,Unmatched,0,0,0
JMPPHP_07550 hypothetical protein,Unmatched,0,0,0
JMPPHP_07555 hypothetical protein,Unmatched,0,0,0
JMPPHP_07560 magnesium chelatase,Unmatched,0,0,0
JMPPHP_07565 histidine triad nucleotide-binding protein,Unmatched,0,0,0
JMPPHP_07570 hypothetical protein,Unmatched,0,0,0
JMPPHP_07575 hypothetical protein,Unmatched,0,0,0
JMPPHP_07580 hypothetical protein,Unmatched,0,0,0
JMPPHP_07585 hypothetical protein,Unmatched,0,0,0
JMPPHP_07590 hypothetical protein,Unmatched,0,0,0
JMPPHP_07595 hypothetical protein,Unmatched,0,0,0
JMPPHP_07600 Beta-hexosaminidase,Unmatched,0,0,0
JMPPHP_07605 meta domain protein,Unmatched,0,0,0
JMPPHP_07610 YbaB/EbfC family nucleoid-associated protein,Unmatched,0,0,0
JMPPHP_07615 pyridoxine 5'-phosphate synthase,Unmatched,0,0,0
JMPPHP_07620 DUF2488 domain-containing protein,Unmatched,0,0,0
JMPPHP_07625 hypothetical protein,Unmatched,0,0,0
JMPPHP_07630 photosystem II S4 domain protein,Unmatched,0,0,0
JMPPHP_07635 DNA phosphorothioation-associated methyltransferase,Unmatched,0,0,0
JMPPHP_07640 Putative restriction endonuclease,Unmatched,0,0,0
JMPPHP_07645 dolichyl-phosphate-mannose--protein O-mannosyl transferase,Unmatched,0,0,0
JMPPHP_07650 hypothetical protein,Unmatched,0,0,0
JMPPHP_07655 FAD-dependent oxidoreductase,Unmatched,0,0,0
JMPPHP_07660 6S / SsrS RNA,Unmatched,0,0,0
JMPPHP_07665 peptidase M16,Unmatched,0,0,0
JMPPHP_07670 fructosamine kinase family protein,Unmatched,0,0,0
JMPPHP_07675 Fructosamine kinase family protein,Unmatched,0,0,0
JMPPHP_07680 Uma2 family endonuclease,Unmatched,0,0,0
JMPPHP_07685 undecaprenyldiphospho-muramoylpentapeptide beta-N-acetylglucosaminyltransferase,Unmatched,0,0,0
JMPPHP_07690 Photosystem I assembly protein Ycf3,Unmatched,0,0,0
JMPPHP_07695 DNA polymerase subunit beta,Unmatched,0,0,0
JMPPHP_07700 Ribonuclease HepT-like,Unmatched,0,0,0
JMPPHP_07705 type I glyceraldehyde-3-phosphate dehydrogenase,Unmatched,0,0,0
JMPPHP_07710 hypothetical protein,Unmatched,0,0,0
JMPPHP_07715 DUF721 domain-containing protein,Unmatched,0,0,0
JMPPHP_07720 hypothetical protein,Unmatched,0,0,0
JMPPHP_07725 glycosyl transferase family 2,Unmatched,0,0,0
JMPPHP_07730 flagellar biosynthesis protein FlgM,Unmatched,0,0,0
JMPPHP_07735 prolipoprotein diacylglyceryl transferase,Unmatched,0,0,0
JMPPHP_07740 tRNA-Leu(tag),Unmatched,0,0,0
JMPPHP_07745 IS1 transposase,Unmatched,0,0,0
JMPPHP_07750 InsA protein,Unmatched,0,0,0
JMPPHP_07755 hypothetical protein,Unmatched,0,0,0
JMPPHP_07760 Histidinol dehydrogenase,Unmatched,0,0,0
JMPPHP_07765 PIN domain-containing protein,Unmatched,0,0,0
JMPPHP_07770 AbrB/MazE/SpoVT family DNA-binding domain-containing protein,Unmatched,0,0,0
JMPPHP_07775 DNA-binding protein,Unmatched,0,0,0
JMPPHP_07780 oxidoreductase,Unmatched,0,0,0
JMPPHP_07785 hypothetical protein,Unmatched,0,0,0
JMPPHP_07790 DUF2993 domain-containing protein,Unmatched,0,0,0
JMPPHP_07795 spore germination protein,Unmatched,0,0,0
JMPPHP_07800 mechanosensitive ion channel protein MscS,Unmatched,0,0,0
JMPPHP_07805 Cytochrome c-553-like,Unmatched,0,0,0
JMPPHP_07810 EVE domain-containing protein,Unmatched,0,0,0
JMPPHP_07815 Radical SAM core domain-containing protein,Unmatched,0,0,0
JMPPHP_07820 photosystem I reaction center subunit XII,Unmatched,0,0,0
JMPPHP_07825 ferredoxin-NADP reductase,Unmatched,0,0,0
JMPPHP_07830 Cofac-haem-bdg domain-containing protein,Unmatched,0,0,0
JMPPHP_07835 GFO-IDH-MocA-C domain-containing protein,Unmatched,0,0,0
JMPPHP_07840 acetylmannosamine-6-phosphate 2-epimerase,Unmatched,0,0,0
JMPPHP_07845 inorganic pyrophosphatase,Unmatched,0,0,0
JMPPHP_07850 Nitrogen stress-induced RNA 4,Unmatched,0,0,0
JMPPHP_07855 AI-2E family transporter,Unmatched,0,0,0
JMPPHP_07860 hypothetical protein,Unmatched,0,0,0
JMPPHP_07865 FHA domain-containing protein,Unmatched,0,0,0
JMPPHP_07870 hypothetical protein,Unmatched,0,0,0
JMPPHP_07875 rRNA methyltransferase,Unmatched,0,0,0
JMPPHP_07880 tRNA-Leu(cag),Unmatched,0,0,0
JMPPHP_07900 hypothetical protein,Unmatched,0,0,0
JMPPHP_07905 Two-component hybrid sensor and regulator,Unmatched,0,0,0
JMPPHP_07910 hypothetical protein,Unmatched,0,0,0
JMPPHP_07940 anticodon-binding protein,Unmatched,0,0,0
JMPPHP_07945 modification methylase,Unmatched,0,0,0
JMPPHP_07950 alpha/beta hydrolase,Unmatched,0,0,0
JMPPHP_07955 All3148 protein,Unmatched,0,0,0
JMPPHP_07960 Red carotenoid-binding protein,Unmatched,0,0,0
JMPPHP_07965 polyketide cyclase/dehydrase and lipid transport protein,Unmatched,0,0,0
JMPPHP_07970 acetolactate synthase large subunit,Unmatched,0,0,0
JMPPHP_07975 hypothetical protein,Unmatched,0,0,0
JMPPHP_07980 hypothetical protein,Unmatched,0,0,0
JMPPHP_07985 phospholipid-binding protein,Unmatched,0,0,0
JMPPHP_07990 heterodisulfide reductase,Unmatched,0,0,0
JMPPHP_07995 anti-anti-sigma factor,Unmatched,0,0,0
JMPPHP_08000 Acetylglutamate kinase,Unmatched,0,0,0
JMPPHP_08005 hypothetical protein,Unmatched,0,0,0
JMPPHP_08010 DUF790 domain-containing protein,Unmatched,0,0,0
JMPPHP_08015 molecular chaperone,Unmatched,0,0,0
JMPPHP_08020 hypothetical protein,Unmatched,0,0,0
JMPPHP_08025 bicarbonate-binding protein,Unmatched,0,0,0
JMPPHP_08030 nitrate ABC transporter permease,Unmatched,0,0,0
JMPPHP_08035 bacitracin ABC transporter ATP-binding protein,Unmatched,0,0,0
JMPPHP_08040 bacitracin ABC transporter ATP-binding protein,Unmatched,0,0,0
JMPPHP_08045 Phosphate-starvation-inducible E family,Unmatched,0,0,0
JMPPHP_08050 UDP-glucose 6-dehydrogenase,Unmatched,0,0,0
JMPPHP_08055 nitrogenase,Unmatched,0,0,0
JMPPHP_08060 sodium-independent anion transporter,Unmatched,0,0,0
JMPPHP_08065 hypothetical protein,Unmatched,0,0,0
JMPPHP_08070 DUF5615 domain-containing protein,Unmatched,0,0,0
JMPPHP_08075 hypothetical protein,Unmatched,0,0,0
JMPPHP_08080 hypothetical protein,Unmatched,0,0,0
JMPPHP_08085 hypothetical protein,Unmatched,0,0,0
JMPPHP_08090 2TM domain-containing protein,Unmatched,0,0,0
JMPPHP_08095 DNA mismatch repair protein MutS,Unmatched,0,0,0
JMPPHP_08100 NUDIX hydrolase,Unmatched,0,0,0
"JMPPHP_08105 Type I restriction-modification system, specificity subunit S",Unmatched,0,0,0
JMPPHP_08110 hypothetical protein,Unmatched,0,0,0
JMPPHP_08115 hypothetical protein,Unmatched,0,0,0
JMPPHP_08120 carbohydrate-binding protein,Unmatched,0,0,0
JMPPHP_08125 DUF751 domain-containing protein,Unmatched,0,0,0
JMPPHP_08130 hypothetical protein,Unmatched,0,0,0
JMPPHP_08135 hypothetical protein,Unmatched,0,0,0
JMPPHP_08140 hypothetical protein,Unmatched,0,0,0
JMPPHP_08145 hypothetical protein,Unmatched,0,0,0
JMPPHP_08150 DUF3110 domain-containing protein,Unmatched,0,0,0
JMPPHP_08155 DNA helicase UvrD,Unmatched,0,0,0
JMPPHP_08160 hypothetical protein,Unmatched,0,0,0
JMPPHP_08165 4-hydroxybenzoate solanesyltransferase,Unmatched,0,0,0
JMPPHP_08170 NTP-transf-9 domain-containing protein,Unmatched,0,0,0
JMPPHP_08175 DUF1499 domain-containing protein,Unmatched,0,0,0
JMPPHP_08180 hypothetical protein,Unmatched,0,0,0
JMPPHP_08185 SRPBCC family protein,Unmatched,0,0,0
JMPPHP_08190 hypothetical protein,Unmatched,0,0,0
JMPPHP_08195 hypothetical protein,Unmatched,0,0,0
JMPPHP_08200 hypothetical protein,Unmatched,0,0,0
JMPPHP_08205 hypothetical protein,Unmatched,0,0,0
JMPPHP_08210 metallophosphatase,Unmatched,0,0,0
JMPPHP_08215 hypothetical protein,Unmatched,0,0,0
JMPPHP_08220 DUF4347 domain-containing protein,Unmatched,0,0,0
JMPPHP_08230 TIGR03032 family protein,Unmatched,0,0,0
JMPPHP_08235 XisI protein,Unmatched,0,0,0
JMPPHP_08240 fatty-acid synthase,Unmatched,0,0,0
JMPPHP_08245 chromate transporter,Unmatched,0,0,0
JMPPHP_08250 ATP phosphoribosyltransferase,Unmatched,0,0,0
JMPPHP_08255 HAD family hydrolase,Unmatched,0,0,0
JMPPHP_08260 deoxyribose-phosphate aldolase,Unmatched,0,0,0
JMPPHP_08265 hypothetical protein,Unmatched,0,0,0
JMPPHP_08270 2-succinylbenzoate-CoA ligase,Unmatched,0,0,0
JMPPHP_08275 hypothetical protein,Unmatched,0,0,0
JMPPHP_08280 hypothetical protein,Unmatched,0,0,0
JMPPHP_08285 hypothetical protein,Unmatched,0,0,0
JMPPHP_08290 hypothetical protein,Unmatched,0,0,0
JMPPHP_08295 hypothetical protein,Unmatched,0,0,0
JMPPHP_08300 hypothetical protein,Unmatched,0,0,0
JMPPHP_08305 hypothetical protein,Unmatched,0,0,0
JMPPHP_08310 NAD kinase,Unmatched,0,0,0
JMPPHP_08315 Ion transporter,Unmatched,0,0,0
JMPPHP_08320 ATP synthase subunit I,Unmatched,0,0,0
JMPPHP_08325 F0F1 ATP synthase subunit A,Unmatched,0,0,0
JMPPHP_08330 ATP synthase F0 subunit C,Unmatched,0,0,0
JMPPHP_08335 F0F1 ATP synthase subunit B',Unmatched,0,0,0
JMPPHP_08340 F0F1 ATP synthase subunit B,Unmatched,0,0,0
JMPPHP_08345 ATP synthase F1 subunit delta,Unmatched,0,0,0
JMPPHP_08350 F0F1 ATP synthase subunit alpha,Unmatched,0,0,0
JMPPHP_08355 B12-binding domain-containing radical SAM protein,Unmatched,0,0,0
JMPPHP_08360 hypothetical protein,Unmatched,0,0,0
JMPPHP_08365 DUF29 domain-containing protein,Unmatched,0,0,0
JMPPHP_08370 transglutaminase-like superfamily protein,Unmatched,0,0,0
JMPPHP_08375 hypothetical protein,Unmatched,0,0,0
JMPPHP_08380 hypothetical protein,Unmatched,0,0,0
JMPPHP_08385 bidirectional hydrogenase complex protein HoxU,Unmatched,0,0,0
JMPPHP_08390 hypothetical protein,Unmatched,0,0,0
JMPPHP_08395 hypothetical protein,Unmatched,0,0,0
JMPPHP_08400 oxidoreductase,Unmatched,0,0,0
JMPPHP_08405 glycosyltransferase,Unmatched,0,0,0
JMPPHP_08410 hypothetical protein,Unmatched,0,0,0
JMPPHP_08415 hypothetical protein,Unmatched,0,0,0
JMPPHP_08420 glutaredoxin family protein,Unmatched,0,0,0
JMPPHP_08425 serine hydrolase,Unmatched,0,0,0
JMPPHP_08430 RNA methyltransferase,Unmatched,0,0,0
JMPPHP_08435 glycosyltransferase,Unmatched,0,0,0
JMPPHP_08440 ATPase,Unmatched,0,0,0
JMPPHP_08445 hypothetical protein,Unmatched,0,0,0
JMPPHP_08450 Type I-MYXAN CRISPR-associated Cas8a1/Cmx1,Unmatched,0,0,0
JMPPHP_08455 acetyl-CoA carboxylase biotin carboxylase subunit,Unmatched,0,0,0
JMPPHP_08460 Putative restriction endonuclease,Unmatched,0,0,0
JMPPHP_08465 Putative restriction endonuclease,Unmatched,0,0,0
JMPPHP_08470 DUF29 domain-containing protein,Unmatched,0,0,0
JMPPHP_08475 Putative restriction endonuclease,Unmatched,0,0,0
JMPPHP_08480 amino acid ABC transporter substrate-binding protein,Unmatched,0,0,0
JMPPHP_08485 hypothetical protein,Unmatched,0,0,0
JMPPHP_08490 HEAT repeat domain-containing protein,Unmatched,0,0,0
JMPPHP_08495 IS200/IS605 family transposase,Unmatched,0,0,0
JMPPHP_08500 hypothetical protein,Unmatched,0,0,0
JMPPHP_08505 preQ(1) synthase,Unmatched,0,0,0
JMPPHP_08520 hypothetical protein,Unmatched,0,0,0
JMPPHP_08525 hypothetical protein,Unmatched,0,0,0
JMPPHP_08530 GNAT family N-acetyltransferase,Unmatched,0,0,0
JMPPHP_08535 riboflavin deaminase,Unmatched,0,0,0
JMPPHP_08540 two-component sensor histidine kinase,Unmatched,0,0,0
JMPPHP_08545 prephenate dehydratase,Unmatched,0,0,0
JMPPHP_08550 3'-5' exonuclease domain-containing protein,Unmatched,0,0,0
JMPPHP_08555 universal stress protein,Unmatched,0,0,0
JMPPHP_08560 signal peptidase I,Unmatched,0,0,0
JMPPHP_08565 hypothetical protein,Unmatched,0,0,0
JMPPHP_08570 type I glutamate--ammonia ligase,Unmatched,0,0,0
JMPPHP_08575 phosphoenolpyruvate carboxykinase (ATP),Unmatched,0,0,0
"JMPPHP_08580 Cobyrinic acid a,c-diamide synthase",Unmatched,0,0,0
JMPPHP_08585 hypothetical protein,Unmatched,0,0,0
JMPPHP_08590 hormogonium polysaccharide biosynthesis acetyltransferase HpsU,Unmatched,0,0,0
JMPPHP_08595 serine/threonine protein phosphatase,Unmatched,0,0,0
JMPPHP_08600 oxygen-dependent coproporphyrinogen oxidase,Unmatched,0,0,0
JMPPHP_08605 tRNA lysidine(34) synthetase TilS,Unmatched,0,0,0
JMPPHP_08610 Phosphate ABC transporter ATP-binding protein,Unmatched,0,0,0
JMPPHP_08615 phosphate ABC transporter ATP-binding protein PstB,Unmatched,0,0,0
JMPPHP_08620 hypothetical protein,Unmatched,0,0,0
JMPPHP_08625 hypothetical protein,Unmatched,0,0,0
JMPPHP_08630 type III-B CRISPR-associated protein Cas10/Cmr2,Unmatched,0,0,0
JMPPHP_08635 CRISPR-associated RAMP Cmr3,Unmatched,0,0,0
JMPPHP_08640 MFS transporter,Unmatched,0,0,0
JMPPHP_08645 DUF4926 domain-containing protein,Unmatched,0,0,0
JMPPHP_08650 molecular chaperone DnaK,Unmatched,0,0,0
JMPPHP_08655 RNA-splicing ligase RtcB,Unmatched,0,0,0
JMPPHP_08660 ribonucleoside-triphosphate reductase,Unmatched,0,0,0
JMPPHP_08665 hypothetical protein,Unmatched,0,0,0
JMPPHP_08670 DDE-3 domain-containing protein,Unmatched,0,0,0
JMPPHP_08675 PINc domain-containing protein,Unmatched,0,0,0
JMPPHP_08680 hypothetical protein,Unmatched,0,0,0
JMPPHP_08685 Putative restriction endonuclease,Unmatched,0,0,0
JMPPHP_08690 IS5 family transposase,Unmatched,0,0,0
JMPPHP_08695 flagellar assembly protein H,Unmatched,0,0,0
JMPPHP_08700 hypothetical protein,Unmatched,0,0,0
JMPPHP_08705 LL-diaminopimelate aminotransferase,Unmatched,0,0,0
JMPPHP_08710 thiol reductase thioredoxin,Unmatched,0,0,0
JMPPHP_08715 peptide ABC transporter permease,Unmatched,0,0,0
JMPPHP_08720 UPF0284 protein MAE_56900,Unmatched,0,0,0
JMPPHP_08725 Glycosyl transferase family 41,Unmatched,0,0,0
JMPPHP_08730 TPR repeat protein,Unmatched,0,0,0
JMPPHP_08735 Polysaccharide deacetylase family protein,Unmatched,0,0,0
JMPPHP_08740 hypothetical protein,Unmatched,0,0,0
JMPPHP_08745 hypothetical protein,Unmatched,0,0,0
JMPPHP_08750 heme iron utilization protein,Unmatched,0,0,0
JMPPHP_08755 Precorrin-6x reductase CbiJ/CobK,Unmatched,0,0,0
JMPPHP_08760 hypothetical protein,Unmatched,0,0,0
JMPPHP_08765 PEP-CTERM sorting domain-containing protein,Unmatched,0,0,0
JMPPHP_08770 PEP-CTERM domain-containing protein,Unmatched,0,0,0
JMPPHP_08775 DUF3370 domain-containing protein,Unmatched,0,0,0
JMPPHP_08780 hypothetical protein,Unmatched,0,0,0
JMPPHP_08785 GHL10 domain-containing protein,Unmatched,0,0,0
JMPPHP_08790 ATPase,Unmatched,0,0,0
JMPPHP_08795 polysaccharide export protein,Unmatched,0,0,0
JMPPHP_08800 cyanoexosortase B system-associated protein,Unmatched,0,0,0
JMPPHP_08805 Integrase-SAM-like-N domain-containing protein,Unmatched,0,0,0
JMPPHP_08810 Integrase-SAM-like-N domain-containing protein,Unmatched,0,0,0
JMPPHP_08815 hypothetical protein,Unmatched,0,0,0
"JMPPHP_08820 beta-propeller domain-containing protein, methanol dehydrogenase",Unmatched,0,0,0
JMPPHP_08825 hypothetical protein,Unmatched,0,0,0
JMPPHP_08830 cobalt ABC transporter ATP-binding protein,Unmatched,0,0,0
JMPPHP_08835 cobalt ECF transporter T component CbiQ,Unmatched,0,0,0
JMPPHP_08840 cobalt transport protein,Unmatched,0,0,0
JMPPHP_08845 cobalamin biosynthesis protein CbiM,Unmatched,0,0,0
JMPPHP_08850 cytidine deaminase,Unmatched,0,0,0
JMPPHP_08855 BrnT family toxin,Unmatched,0,0,0
JMPPHP_08860 DNA topoisomerase (ATP-hydrolyzing) subunit B,Unmatched,0,0,0
JMPPHP_08865 Cbb3-type cytochrome c oxidase subunit I,Unmatched,0,0,0
JMPPHP_08870 restriction endonuclease,Unmatched,0,0,0
JMPPHP_08875 DUF3011 domain-containing protein,Unmatched,0,0,0
JMPPHP_08880 response regulator transcription factor,Unmatched,0,0,0
JMPPHP_08885 EcoEI-R-C domain-containing protein,Unmatched,0,0,0
JMPPHP_08890 glyoxalase,Unmatched,0,0,0
JMPPHP_08895 RlmI/RlmK family 23S rRNA methyltransferase,Unmatched,0,0,0
JMPPHP_08900 ABC transporter permease,Unmatched,0,0,0
JMPPHP_08905 hypothetical protein,Unmatched,0,0,0
JMPPHP_08910 Fe-S cluster assembly protein SufD,Unmatched,0,0,0
JMPPHP_08915 hypothetical protein,Unmatched,0,0,0
JMPPHP_08920 Tubulin like,Unmatched,0,0,0
JMPPHP_08925 DUF3024 domain-containing protein,Unmatched,0,0,0
JMPPHP_08930 cytochrome b6,Unmatched,0,0,0
JMPPHP_08935 hypothetical protein,Unmatched,0,0,0
JMPPHP_08940 ferredoxin:protochlorophyllide reductase (ATP-dependent) iron-sulfur ATP-binding protein,Unmatched,0,0,0
JMPPHP_08945 phosphoenolpyruvate synthase,Unmatched,0,0,0
JMPPHP_08950 hypothetical protein,Unmatched,0,0,0
JMPPHP_08955 hypothetical protein,Unmatched,0,0,0
JMPPHP_08960 hypothetical protein,Unmatched,0,0,0
"JMPPHP_08965 Cobalamin biosynthesis protein CobN, Mg-chelatase",Unmatched,0,0,0
JMPPHP_08970 urease accessory protein UreJ,Unmatched,0,0,0
JMPPHP_08975 SAM-dependent methyltransferase,Unmatched,0,0,0
JMPPHP_08980 hypothetical protein,Unmatched,0,0,0
"JMPPHP_08985 pyruvate/2-oxoglutarate dehydrogenase complex,dihydrolipoamide dehydrogenase (E3) component",Unmatched,0,0,0
JMPPHP_08990 hypothetical protein,Unmatched,0,0,0
JMPPHP_08995 twitching motility protein PilT,Unmatched,0,0,0
JMPPHP_09000 Arc domain-containing protein,Unmatched,0,0,0
JMPPHP_09005 FAD-binding oxidoreductase,Unmatched,0,0,0
JMPPHP_09010 hypothetical protein,Unmatched,0,0,0
JMPPHP_09015 hypothetical protein,Unmatched,0,0,0
JMPPHP_09020 hypothetical protein,Unmatched,0,0,0
JMPPHP_09025 NAD-dependent malic enzyme,Unmatched,0,0,0
JMPPHP_09030 prolyl aminopeptidase,Unmatched,0,0,0
JMPPHP_09035 Glycosyl transferase family 41,Unmatched,0,0,0
JMPPHP_09040 zf-TFIIB domain-containing protein,Unmatched,0,0,0
JMPPHP_09045 hypothetical protein,Unmatched,0,0,0
JMPPHP_09050 Outer membrane protein (TIGR04327 family),Unmatched,0,0,0
JMPPHP_09055 hypothetical protein,Unmatched,0,0,0
JMPPHP_09060 hypothetical protein,Unmatched,0,0,0
JMPPHP_09065 hypothetical protein,Unmatched,0,0,0
JMPPHP_09070 hypothetical protein,Unmatched,0,0,0
JMPPHP_09075 hypothetical protein,Unmatched,0,0,0
JMPPHP_09080 CHAT domain-containing protein,Unmatched,0,0,0
JMPPHP_09085 glycosyl transferase family 2,Unmatched,0,0,0
JMPPHP_09090 penicillin-binding protein,Unmatched,0,0,0
JMPPHP_09095 cytochrome c oxidase subunit II,Unmatched,0,0,0
JMPPHP_09100 hypothetical protein,Unmatched,0,0,0
JMPPHP_09105 hypothetical protein,Unmatched,0,0,0
JMPPHP_09110 hypothetical protein,Unmatched,0,0,0
JMPPHP_09115 UDP-glucose--tetrahydrobiopterin glucosyltransferase,Unmatched,0,0,0
JMPPHP_09120 serine/threonine protein kinase,Unmatched,0,0,0
JMPPHP_09125 DUF561 domain-containing protein,Unmatched,0,0,0
JMPPHP_09130 hypothetical protein,Unmatched,0,0,0
JMPPHP_09135 bifunctional UDP-N-acetylglucosamine diphosphorylase/glucosamine-1-phosphate N-acetyltransferase GlmU,Unmatched,0,0,0
JMPPHP_09140 thioredoxin family protein,Unmatched,0,0,0
JMPPHP_09145 carbohydrate kinase,Unmatched,0,0,0
JMPPHP_09150 tocopherol cyclase,Unmatched,0,0,0
JMPPHP_09155 Uncharacterized protein sll0095,Unmatched,0,0,0
JMPPHP_09160 Ferrous iron transport protein B,Unmatched,0,0,0
JMPPHP_09165 FeoC domain-containing protein,Unmatched,0,0,0
JMPPHP_09170 SAM-dependent methyltransferase,Unmatched,0,0,0
JMPPHP_09175 type IV secretory system conjugative DNA transfer family protein,Unmatched,0,0,0
JMPPHP_09180 hypothetical protein,Unmatched,0,0,0
JMPPHP_09185 hypothetical protein,Unmatched,0,0,0
JMPPHP_09190 beta-carotene hydroxylase,Unmatched,0,0,0
JMPPHP_09195 hypothetical protein,Unmatched,0,0,0
JMPPHP_09200 hypothetical protein,Unmatched,0,0,0
JMPPHP_09205 hypothetical protein,Unmatched,0,0,0
JMPPHP_09210 hypothetical protein,Unmatched,0,0,0
JMPPHP_09215 hypothetical protein,Unmatched,0,0,0
JMPPHP_09220 hypothetical protein,Unmatched,0,0,0
JMPPHP_09225 RNA-binding protein hfq,Unmatched,0,0,0
JMPPHP_09230 diaminopimelate epimerase,Unmatched,0,0,0
JMPPHP_09235 high light inducible protein,Unmatched,0,0,0
JMPPHP_09240 glycogen phosphorylase,Unmatched,0,0,0
JMPPHP_09245 hypothetical protein,Unmatched,0,0,0
JMPPHP_09250 DNA-binding protein,Unmatched,0,0,0
JMPPHP_09255 hypothetical protein,Unmatched,0,0,0
JMPPHP_09260 Argininosuccinate lyase,Unmatched,0,0,0
JMPPHP_09265 hypothetical protein,Unmatched,0,0,0
JMPPHP_09270 plasmid maintenance system killer,Unmatched,0,0,0
JMPPHP_09275 HigA family addiction module antitoxin,Unmatched,0,0,0
JMPPHP_09280 hypothetical protein,Unmatched,0,0,0
JMPPHP_09285 HicB family protein,Unmatched,0,0,0
JMPPHP_09290 type II toxin-antitoxin system HicA family toxin,Unmatched,0,0,0
JMPPHP_09295 Similar to NTPase (NACHT family),Unmatched,0,0,0
JMPPHP_09300 Tubulin like,Unmatched,0,0,0
JMPPHP_09305 peptidase C69,Unmatched,0,0,0
JMPPHP_09310 hypothetical protein,Unmatched,0,0,0
JMPPHP_09315 ferrochelatase,Unmatched,0,0,0
JMPPHP_09320 cytochrome-c oxidase,Unmatched,0,0,0
JMPPHP_09325 peptide chain release factor 2,Unmatched,0,0,0
JMPPHP_09330 DUF3747 domain-containing protein,Unmatched,0,0,0
JMPPHP_09335 hypothetical protein,Unmatched,0,0,0
JMPPHP_09340 Hemolysin-type calcium-binding repeat family protein,Unmatched,0,0,0
JMPPHP_09345 replication restart DNA helicase PriA,Unmatched,0,0,0
JMPPHP_09350 hypothetical protein,Unmatched,0,0,0
JMPPHP_09355 PAS domain-containing sensor histidine kinase,Unmatched,0,0,0
JMPPHP_09360 DZANK-type domain-containing protein,Unmatched,0,0,0
JMPPHP_09365 plasmid maintenance system killer protein,Unmatched,0,0,0
JMPPHP_09370 calcium/proton exchanger,Unmatched,0,0,0
JMPPHP_09375 16S rRNA (guanine(527)-N(7))-methyltransferase RsmG,Unmatched,0,0,0
JMPPHP_09380 Glucokinase,Unmatched,0,0,0
JMPPHP_09385 hypothetical protein,Unmatched,0,0,0
JMPPHP_09405 hypothetical protein,Unmatched,0,0,0
JMPPHP_09410 hypothetical protein,Unmatched,0,0,0
JMPPHP_09415 sulfate ABC transporter substrate-binding protein,Unmatched,0,0,0
JMPPHP_09420 hypothetical protein,Unmatched,0,0,0
JMPPHP_09425 Similar to Q3MC48_ANAVT Serine/Threonine protein kinase,Unmatched,0,0,0
JMPPHP_09430 peptide deformylase,Unmatched,0,0,0
JMPPHP_09435 hypothetical protein,Unmatched,0,0,0
JMPPHP_09440 ketose-bisphosphate aldolase,Unmatched,0,0,0
JMPPHP_09445 GTPase HflX,Unmatched,0,0,0
JMPPHP_09450 Mobile element protein,Unmatched,0,0,0
JMPPHP_09455 hypothetical protein,Unmatched,0,0,0
JMPPHP_09460 hypothetical protein,Unmatched,0,0,0
JMPPHP_09465 hypothetical protein,Unmatched,0,0,0
JMPPHP_09470 Xaa-Pro aminopeptidase,Unmatched,0,0,0
JMPPHP_09475 hypothetical protein,Unmatched,0,0,0
JMPPHP_09480 Phenazine biosynthesis-like protein,Unmatched,0,0,0
JMPPHP_09485 pyridoxamine 5'-phosphate oxidase,Unmatched,0,0,0
JMPPHP_09490 Reverse transcriptase domain-containing protein,Unmatched,0,0,0
JMPPHP_09495 hypothetical protein,Unmatched,0,0,0
JMPPHP_09500 hypothetical protein,Unmatched,0,0,0
JMPPHP_09505 DUF5615 domain-containing protein,Unmatched,0,0,0
JMPPHP_09510 TspO/MBR family,Unmatched,0,0,0
JMPPHP_09515 3-hydroxyacyl-ACP dehydratase FabZ,Unmatched,0,0,0
JMPPHP_09520 hypothetical protein,Unmatched,0,0,0
JMPPHP_09525 hypothetical protein,Unmatched,0,0,0
JMPPHP_09530 hypothetical protein,Unmatched,0,0,0
JMPPHP_09535 hypothetical protein,Unmatched,0,0,0
JMPPHP_09540 preprotein translocase subunit SecG,Unmatched,0,0,0
JMPPHP_09545 hypothetical protein,Unmatched,0,0,0
JMPPHP_09550 PemK-like protein,Unmatched,0,0,0
JMPPHP_09555 UDP-glucose 4-epimerase,Unmatched,0,0,0
JMPPHP_09560 acetyl CoA synthetase subunit alpha,Unmatched,0,0,0
JMPPHP_09565 glycine cleavage system protein GcvH,Unmatched,0,0,0
JMPPHP_09570 hypothetical protein,Unmatched,0,0,0
JMPPHP_09575 hypothetical protein,Unmatched,0,0,0
JMPPHP_09580 Antitoxin of toxin-antitoxin stability system,Unmatched,0,0,0
JMPPHP_09585 hypothetical protein,Unmatched,0,0,0
"JMPPHP_09590 putative toxin-antitoxin system toxin component, PIN family",Unmatched,0,0,0
JMPPHP_09595 hypothetical protein,Unmatched,0,0,0
JMPPHP_09600 nucleic acid-binding protein,Unmatched,0,0,0
JMPPHP_09605 hypothetical protein,Unmatched,0,0,0
JMPPHP_09610 Patatin-like protein,Unmatched,0,0,0
JMPPHP_09615 hypothetical protein,Unmatched,0,0,0
JMPPHP_09620 nucleic acid-binding protein,Unmatched,0,0,0
JMPPHP_09625 NAD-dependent dehydratase,Unmatched,0,0,0
JMPPHP_09630 hypothetical protein,Unmatched,0,0,0
JMPPHP_09635 ssl1498 family light-harvesting-like protein,Unmatched,0,0,0
JMPPHP_09640 DUF3134 domain-containing protein,Unmatched,0,0,0
JMPPHP_09645 Dynamin-N domain-containing protein,Unmatched,0,0,0
JMPPHP_09650 VWA domain-containing protein,Unmatched,0,0,0
JMPPHP_09655 hypothetical protein,Unmatched,0,0,0
JMPPHP_09660 DUF202 domain-containing protein,Unmatched,0,0,0
JMPPHP_09665 tRNA-Leu(caa),Unmatched,0,0,0
JMPPHP_09670 DNA (cytosine-5-)-methyltransferase,Unmatched,0,0,0
JMPPHP_09675 DUF4926 domain-containing protein,Unmatched,0,0,0
JMPPHP_09680 hypothetical protein,Unmatched,0,0,0
JMPPHP_09685 PINc domain-containing protein,Unmatched,0,0,0
JMPPHP_09690 HicB-like domain-containing protein,Unmatched,0,0,0
"JMPPHP_09695 addiction module toxin, HicA family",Unmatched,0,0,0
JMPPHP_09700 Protein kinase domain-containing protein,Unmatched,0,0,0
JMPPHP_09705 glycosyl transferase family 1,Unmatched,0,0,0
JMPPHP_09710 Carrier domain-containing protein,Unmatched,0,0,0
JMPPHP_09715 addiction module antitoxin,Unmatched,0,0,0
JMPPHP_09720 Uncharacterised protein family (UPF0175),Unmatched,0,0,0
"JMPPHP_09725 putative nucleic acid-binding protein, contains PIN domain",Unmatched,0,0,0
JMPPHP_09730 Uncharacterised protein family (UPF0175),Unmatched,0,0,0
"JMPPHP_09735 putative toxin-antitoxin system toxin component, PIN family",Unmatched,0,0,0
JMPPHP_09740 hypothetical protein,Unmatched,0,0,0
JMPPHP_09745 DUF86 domain-containing protein,Unmatched,0,0,0
JMPPHP_09750 nucleotidyltransferase,Unmatched,0,0,0
"JMPPHP_09755 Carbohydrate-selective porin, OprB family",Unmatched,0,0,0
JMPPHP_09760 thylakoid membrane photosystem I accumulation factor,Unmatched,0,0,0
JMPPHP_09765 heat-shock protein,Unmatched,0,0,0
JMPPHP_09770 DUF3143 domain-containing protein,Unmatched,0,0,0
JMPPHP_09775 Fe-S oxidoreductases of moaA/nifB/pqqE family,Unmatched,0,0,0
JMPPHP_09780 hypothetical protein,Unmatched,0,0,0
JMPPHP_09785 hypothetical protein,Unmatched,0,0,0
JMPPHP_09790 tRNA epoxyqueuosine(34) reductase QueG,Unmatched,0,0,0
JMPPHP_09795 carotenoid oxygenase,Unmatched,0,0,0
JMPPHP_09800 tRNA-Leu(taa),Unmatched,0,0,0
JMPPHP_09805 NAD(P)H-quinone oxidoreductase subunit L,Unmatched,0,0,0
JMPPHP_09810 DUF3007 domain-containing protein,Unmatched,0,0,0
JMPPHP_09815 ATP-dependent zinc protease,Unmatched,0,0,0
JMPPHP_09820 Methyltransferase,Unmatched,0,0,0
JMPPHP_09825 hypothetical protein,Unmatched,0,0,0
JMPPHP_09830 calcium-binding protein,Unmatched,0,0,0
JMPPHP_09835 hypothetical protein,Unmatched,0,0,0
JMPPHP_09840 50S ribosomal protein L28,Unmatched,0,0,0
JMPPHP_09845 photosystem I reaction center subunit PsaK,Unmatched,0,0,0
JMPPHP_09850 amino acid ABC transporter permease,Unmatched,0,0,0
JMPPHP_09855 cytochrome d ubiquinol oxidase subunit II,Unmatched,0,0,0
JMPPHP_09860 cytochrome ubiquinol oxidase subunit I,Unmatched,0,0,0
JMPPHP_09870 Acetylglutamate kinase,Unmatched,0,0,0
JMPPHP_09875 DUF4327 domain-containing protein,Unmatched,0,0,0
JMPPHP_09880 efflux RND transporter periplasmic adaptor subunit,Unmatched,0,0,0
JMPPHP_09885 site-specific DNA-methyltransferase,Unmatched,0,0,0
JMPPHP_09890 hypothetical protein,Unmatched,0,0,0
JMPPHP_09895 PINc domain-containing protein,Unmatched,0,0,0
JMPPHP_09900 Chromosomal replication initiator protein DnaA,Unmatched,0,0,0
JMPPHP_09905 heme o synthase,Unmatched,0,0,0
JMPPHP_09910 Heme A synthase,Unmatched,0,0,0
JMPPHP_09915 hypothetical protein,Unmatched,0,0,0
JMPPHP_09920 flavin oxidoreductase,Unmatched,0,0,0
JMPPHP_09925 Similarity,Unmatched,0,0,0
JMPPHP_09930 Carbamoyltransferase HypF,Unmatched,0,0,0
JMPPHP_09935 hypothetical protein,Unmatched,0,0,0
JMPPHP_09940 CemA family,Unmatched,0,0,0
JMPPHP_09945 Proton extrusion protein PcxA,Unmatched,0,0,0
JMPPHP_09950 hydrophobe/amphiphile efflux-1 family RND transporter,Unmatched,0,0,0
JMPPHP_09955 sodium:proton antiporter,Unmatched,0,0,0
JMPPHP_09960 Amino acid ABC transporter ATP-binding protein,Unmatched,0,0,0
JMPPHP_09965 Asr5364 protein,Unmatched,0,0,0
JMPPHP_09970 replication/maintenance protein,Unmatched,0,0,0
JMPPHP_09975 Threonyl-tRNA synthetase,Unmatched,0,0,0
"JMPPHP_09980 type II toxin-antitoxin system mRNA interferase toxin, RelE/StbE family",Unmatched,0,0,0
JMPPHP_09985 GTP-binding protein,Unmatched,0,0,0
JMPPHP_09990 FAD-linked oxidase,Unmatched,0,0,0
JMPPHP_09995 peroxiredoxin,Unmatched,0,0,0
JMPPHP_10000 glycosyl transferase,Unmatched,0,0,0
JMPPHP_10010 translation initiation factor IF-3,Unmatched,0,0,0
JMPPHP_10015 hypothetical protein,Unmatched,0,0,0
JMPPHP_10035 hypothetical protein,Unmatched,0,0,0
JMPPHP_10040 Restriction modification system DNA specificity domain,Unmatched,0,0,0
JMPPHP_10045 thymidylate synthase,Unmatched,0,0,0
JMPPHP_10050 dTMP kinase,Unmatched,0,0,0
JMPPHP_10055 NAD(P)/FAD-dependent oxidoreductase,Unmatched,0,0,0
JMPPHP_10060 bifunctional phosphoribosyl-AMP cyclohydrolase/phosphoribosyl-ATP diphosphatase HisIE,Unmatched,0,0,0
JMPPHP_10065 hypothetical protein,Unmatched,0,0,0
JMPPHP_10070 diaminopimelate decarboxylase,Unmatched,0,0,0
JMPPHP_10075 diadenylate cyclase CdaA,Unmatched,0,0,0
JMPPHP_10080 isoprenyl transferase,Unmatched,0,0,0
JMPPHP_10085 DUF1825 domain-containing protein,Unmatched,0,0,0
JMPPHP_10090 hypothetical protein,Unmatched,0,0,0
JMPPHP_10095 2Fe-2S ferredoxin,Unmatched,0,0,0
JMPPHP_10100 Peptide chain release factor 3,Unmatched,0,0,0
JMPPHP_10105 MCE family protein,Unmatched,0,0,0
JMPPHP_10110 ABC transporter ATP-binding protein,Unmatched,0,0,0
JMPPHP_10115 hypothetical protein,Unmatched,0,0,0
JMPPHP_10120 hypothetical protein,Unmatched,0,0,0
JMPPHP_10125 aspartate aminotransferase,Unmatched,0,0,0
JMPPHP_10130 hypothetical protein,Unmatched,0,0,0
JMPPHP_10135 16S rRNA (guanine(966)-N(2))-methyltransferase RsmD,Unmatched,0,0,0
JMPPHP_10140 uracil-DNA glycosylase,Unmatched,0,0,0
"JMPPHP_10145 Endonuclease, Uma2 family (restriction endonuclease fold)",Unmatched,0,0,0
JMPPHP_10150 hypothetical protein,Unmatched,0,0,0
JMPPHP_10155 Glycosyltransferase,Unmatched,0,0,0
JMPPHP_10180 hypothetical protein,Unmatched,0,0,0
JMPPHP_10185 hypothetical protein,Unmatched,0,0,0
JMPPHP_10190 hypothetical protein,Unmatched,0,0,0
JMPPHP_10195 aspartate kinase,Unmatched,0,0,0
JMPPHP_10200 hypothetical protein,Unmatched,0,0,0
JMPPHP_10205 hypothetical protein,Unmatched,0,0,0
JMPPHP_10210 prevent-host-death protein,Unmatched,0,0,0
JMPPHP_10215 addiction module toxin RelE,Unmatched,0,0,0
JMPPHP_10220 Uncharacterised protein family (UPF0175),Unmatched,0,0,0
JMPPHP_10225 DUF3368 domain-containing protein,Unmatched,0,0,0
JMPPHP_10230 hypothetical protein,Unmatched,0,0,0
JMPPHP_10235 Peptidase M42,Unmatched,0,0,0
JMPPHP_10240 hypothetical protein,Unmatched,0,0,0
JMPPHP_10245 hypothetical protein,Unmatched,0,0,0
JMPPHP_10250 hypothetical protein,Unmatched,0,0,0
JMPPHP_10255 hypothetical protein,Unmatched,0,0,0
JMPPHP_10260 Type II toxin-antitoxin system PemK/MazF family toxin,Unmatched,0,0,0
JMPPHP_10265 adenosine deaminase,Unmatched,0,0,0
JMPPHP_10270 type II toxin-antitoxin system HicB family antitoxin,Unmatched,0,0,0
JMPPHP_10275 Magnesium-protoporphyrin IX monomethyl ester (Oxidative) cyclase,Unmatched,0,0,0
JMPPHP_10280 metalloprotease,Unmatched,0,0,0
JMPPHP_10285 hypothetical protein,Unmatched,0,0,0
JMPPHP_10290 Inhibitor of apoptosis-promoting Bax1,Unmatched,0,0,0
JMPPHP_10295 DNA (cytosine-5-)-methyltransferase,Unmatched,0,0,0
JMPPHP_10300 hypothetical protein,Unmatched,0,0,0
JMPPHP_10305 tRNA (adenosine(37)-N6)-threonylcarbamoyltransferase complex ATPase subunit type 1 TsaE,Unmatched,0,0,0
JMPPHP_10310 Fructose-bisphosphate aldolase,Unmatched,0,0,0
JMPPHP_10315 CpcD phycobilisome linker protein,Unmatched,0,0,0
JMPPHP_10320 two-component sensor histidine kinase,Unmatched,0,0,0
JMPPHP_10325 hypothetical protein,Unmatched,0,0,0
JMPPHP_10330 DUF1345 domain-containing protein,Unmatched,0,0,0
JMPPHP_10335 hypothetical protein,Unmatched,0,0,0
JMPPHP_10340 hypothetical protein,Unmatched,0,0,0
JMPPHP_10345 D-inositol 3-phosphate glycosyltransferase,Unmatched,0,0,0
JMPPHP_10350 DDE-3 domain-containing protein,Unmatched,0,0,0
"JMPPHP_10355 GDP-mannose 4,6-dehydratase",Unmatched,0,0,0
JMPPHP_10360 30S ribosomal protein S20,Unmatched,0,0,0
JMPPHP_10365 deoxyribonuclease,Unmatched,0,0,0
JMPPHP_10370 hypothetical protein,Unmatched,0,0,0
JMPPHP_10375 glycosyl transferase 2 family protein,Unmatched,0,0,0
JMPPHP_10380 hypothetical protein,Unmatched,0,0,0
JMPPHP_10385 hypothetical protein,Unmatched,0,0,0
JMPPHP_10390 CoA-binding protein,Unmatched,0,0,0
JMPPHP_10395 fructose-bisphosphate aldolase class II,Unmatched,0,0,0
JMPPHP_10400 Aldo/keto reductase family,Unmatched,0,0,0
JMPPHP_10405 glutaredoxin 3,Unmatched,0,0,0
JMPPHP_10410 tRNA adenosine(34) deaminase TadA,Unmatched,0,0,0
JMPPHP_10415 hypothetical protein,Unmatched,0,0,0
JMPPHP_10420 hypothetical protein,Unmatched,0,0,0
JMPPHP_10425 hypothetical protein,Unmatched,0,0,0
JMPPHP_10430 FkbM family methyltransferase,Unmatched,0,0,0
JMPPHP_10435 hypothetical protein,Unmatched,0,0,0
JMPPHP_10440 hypothetical protein,Unmatched,0,0,0
JMPPHP_10445 hypothetical protein,Unmatched,0,0,0
JMPPHP_10450 Transposase,Unmatched,0,0,0
JMPPHP_10455 DUF565 domain-containing protein,Unmatched,0,0,0
JMPPHP_10460 DUF3611 domain-containing protein,Unmatched,0,0,0
JMPPHP_10465 molecular chaperone DnaJ,Unmatched,0,0,0
JMPPHP_10470 1-deoxy-D-xylulose-5-phosphate reductoisomerase,Unmatched,0,0,0
JMPPHP_10475 glutamate-5-semialdehyde dehydrogenase,Unmatched,0,0,0
JMPPHP_10480 riboflavin synthase,Unmatched,0,0,0
JMPPHP_10485 adenosylhomocysteinase,Unmatched,0,0,0
JMPPHP_10490 alkaline phosphatase,Unmatched,0,0,0
JMPPHP_10495 hypothetical protein,Unmatched,0,0,0
JMPPHP_10500 Death on curing protein Doc toxin,Unmatched,0,0,0
JMPPHP_10505 hypothetical protein,Unmatched,0,0,0
JMPPHP_10510 PIN domain nuclease,Unmatched,0,0,0
JMPPHP_10515 Protein kinase,Unmatched,0,0,0
JMPPHP_10520 hypothetical protein,Unmatched,0,0,0
JMPPHP_10525 hypothetical protein,Unmatched,0,0,0
JMPPHP_10530 hypothetical protein,Unmatched,0,0,0
JMPPHP_10535 ABC-F type ribosomal protection protein,Unmatched,0,0,0
JMPPHP_10540 peroxiredoxin,Unmatched,0,0,0
JMPPHP_10545 Na(+)-translocating NADH-quinone reductase subunit B,Unmatched,0,0,0
JMPPHP_10550 hypothetical protein,Unmatched,0,0,0
JMPPHP_10555 metal-binding protein,Unmatched,0,0,0
JMPPHP_10570 hypothetical protein,Unmatched,0,0,0
JMPPHP_10575 hypothetical protein,Unmatched,0,0,0
JMPPHP_10580 IS5 family transposase,Unmatched,0,0,0
JMPPHP_10585 FAD-dependent oxidoreductase,Unmatched,0,0,0
JMPPHP_10590 DUF4870 domain-containing protein,Unmatched,0,0,0
JMPPHP_10595 serine protease,Unmatched,0,0,0
JMPPHP_10600 Serine/threonine-protein kinase PknA,Unmatched,0,0,0
JMPPHP_10605 glycine--tRNA ligase subunit alpha,Unmatched,0,0,0
JMPPHP_10610 hypothetical protein,Unmatched,0,0,0
JMPPHP_10615 hypothetical protein,Unmatched,0,0,0
JMPPHP_10620 orotidine-5'-phosphate decarboxylase,Unmatched,0,0,0
JMPPHP_10625 hypothetical protein,Unmatched,0,0,0
JMPPHP_10630 LPS export ABC transporter ATP-binding protein,Unmatched,0,0,0
JMPPHP_10635 Conserved protein,Unmatched,0,0,0
JMPPHP_10640 hypothetical protein,Unmatched,0,0,0
"JMPPHP_10645 L,D-transpeptidase",Unmatched,0,0,0
JMPPHP_10650 ABC transporter ATP-binding protein,Unmatched,0,0,0
JMPPHP_10655 ABC transporter permease,Unmatched,0,0,0
JMPPHP_10660 ATP-binding protein,Unmatched,0,0,0
JMPPHP_10665 Photosynthesis regulatory RNA1,Unmatched,0,0,0
JMPPHP_10670 DUF4278 domain-containing protein,Unmatched,0,0,0
JMPPHP_10675 type III-B CRISPR module-associated protein Cmr3,Unmatched,0,0,0
JMPPHP_10680 hypothetical protein,Unmatched,0,0,0
JMPPHP_10685 transketolase,Unmatched,0,0,0
JMPPHP_10690 glycosyl transferase,Unmatched,0,0,0
JMPPHP_10695 hypothetical protein,Unmatched,0,0,0
JMPPHP_10700 Similarity,Unmatched,0,0,0
JMPPHP_10705 hypothetical protein,Unmatched,0,0,0
JMPPHP_10710 hypothetical protein,Unmatched,0,0,0
JMPPHP_10715 DNA-directed RNA polymerase subunit omega,Unmatched,0,0,0
JMPPHP_10720 DUF3084 domain-containing protein,Unmatched,0,0,0
JMPPHP_10725 global nitrogen regulator NtcA,Unmatched,0,0,0
JMPPHP_10730 enoyl-ACP reductase FabI,Unmatched,0,0,0
JMPPHP_10735 Uncharacterised protein family (UPF0175),Unmatched,0,0,0
JMPPHP_10740 hypothetical protein,Unmatched,0,0,0
JMPPHP_10745 DUF29 domain-containing protein,Unmatched,0,0,0
JMPPHP_10750 DUF29 domain-containing protein,Unmatched,0,0,0
JMPPHP_10755 hypothetical protein,Unmatched,0,0,0
JMPPHP_10760 hypothetical protein,Unmatched,0,0,0
JMPPHP_10765 hypothetical protein,Unmatched,0,0,0
JMPPHP_10770 DUF5615 domain-containing protein,Unmatched,0,0,0
JMPPHP_10775 hypothetical protein,Unmatched,0,0,0
JMPPHP_10780 diflavin flavoprotein A,Unmatched,0,0,0
JMPPHP_10785 hypothetical protein,Unmatched,0,0,0
JMPPHP_10790 hypothetical protein,Unmatched,0,0,0
JMPPHP_10795 Hypothetical chloroplast protein Ycf34,Unmatched,0,0,0
JMPPHP_10800 hypothetical protein,Unmatched,0,0,0
"JMPPHP_10805 transfer-messenger RNA, SsrA",Unmatched,0,0,0
JMPPHP_10810 FHA domain-containing protein,Unmatched,0,0,0
JMPPHP_10815 pyridoxal phosphate-dependent aminotransferase,Unmatched,0,0,0
JMPPHP_10820 16S rRNA (cytosine(1402)-N(4))-methyltransferase RsmH,Unmatched,0,0,0
JMPPHP_10825 hypothetical protein,Unmatched,0,0,0
JMPPHP_10830 type III-B CRISPR module RAMP protein Cmr4,Unmatched,0,0,0
JMPPHP_10835 NAD(P)/FAD-dependent oxidoreductase,Unmatched,0,0,0
JMPPHP_10840 anti-sigma factor antagonist,Unmatched,0,0,0
JMPPHP_10845 regulator,Unmatched,0,0,0
JMPPHP_10850 ATP-binding protein,Unmatched,0,0,0
JMPPHP_10855 sulfurtransferase,Unmatched,0,0,0
JMPPHP_10860 NYN domain-containing protein,Unmatched,0,0,0
JMPPHP_10865 Phytase-like domain-containing protein,Unmatched,0,0,0
JMPPHP_10870 hypothetical protein,Unmatched,0,0,0
JMPPHP_10875 peptidase S41,Unmatched,0,0,0
JMPPHP_10880 alpha/beta hydrolase,Unmatched,0,0,0
JMPPHP_10885 hypothetical protein,Unmatched,0,0,0
JMPPHP_10890 hypothetical protein,Unmatched,0,0,0
JMPPHP_10895 hypothetical protein,Unmatched,0,0,0
JMPPHP_10900 hypothetical protein,Unmatched,0,0,0
JMPPHP_10905 hypothetical protein,Unmatched,0,0,0
JMPPHP_10910 restriction endonuclease,Unmatched,0,0,0
JMPPHP_10915 phycobiliprotein lyase,Unmatched,0,0,0
JMPPHP_10920 phycobilisome rod-core linker polypeptide CpcG,Unmatched,0,0,0
JMPPHP_10925 tRNA 2-thiouridine(34) synthase MnmA,Unmatched,0,0,0
JMPPHP_10930 rod shape-determining protein MreC,Unmatched,0,0,0
JMPPHP_10935 rod shape-determining protein,Unmatched,0,0,0
JMPPHP_10940 hypothetical protein,Unmatched,0,0,0
JMPPHP_10945 hypothetical protein,Unmatched,0,0,0
JMPPHP_10950 Mobile element protein,Unmatched,0,0,0
JMPPHP_10955 hypothetical protein,Unmatched,0,0,0
JMPPHP_10960 hypothetical protein,Unmatched,0,0,0
JMPPHP_10965 transporter,Unmatched,0,0,0
"JMPPHP_10970 Endonuclease, Uma2 family (restriction endonuclease fold)",Unmatched,0,0,0
JMPPHP_10975 hypothetical protein,Unmatched,0,0,0
JMPPHP_10980 putative nucleotidyltransferase MJ0435,Unmatched,0,0,0
JMPPHP_10985 formylglycine-generating enzyme family protein,Unmatched,0,0,0
JMPPHP_10990 type I-B CRISPR-associated protein Cas7/Cst2/DevR,Unmatched,0,0,0
JMPPHP_10995 CRISPR-associated protein Cas5,Unmatched,0,0,0
JMPPHP_11000 DNA polymerase III subunit beta,Unmatched,0,0,0
JMPPHP_11005 hypothetical protein,Unmatched,0,0,0
JMPPHP_11010 mannosyltransferase,Unmatched,0,0,0
JMPPHP_11015 homogentisate phytyltransferase,Unmatched,0,0,0
JMPPHP_11020 SAM-dependent methyltransferase,Unmatched,0,0,0
JMPPHP_11025 tRNA-Ser(cga),Unmatched,0,0,0
JMPPHP_11030 hypothetical protein,Unmatched,0,0,0
JMPPHP_11035 DUF2281 domain-containing protein,Unmatched,0,0,0
"JMPPHP_11040 type II toxin-antitoxin system mRNA interferase toxin, RelE/StbE family",Unmatched,0,0,0
JMPPHP_11045 hypothetical protein,Unmatched,0,0,0
JMPPHP_11050 hypothetical protein,Unmatched,0,0,0
JMPPHP_11055 hypothetical protein,Unmatched,0,0,0
JMPPHP_11060 hypothetical protein,Unmatched,0,0,0
JMPPHP_11065 signal recognition particle protein,Unmatched,0,0,0
JMPPHP_11070 thiamine-phosphate kinase,Unmatched,0,0,0
JMPPHP_11075 MBL fold metallo-hydrolase,Unmatched,0,0,0
JMPPHP_11080 site-2 protease family protein,Unmatched,0,0,0
JMPPHP_11085 DUF3769 domain-containing protein,Unmatched,0,0,0
JMPPHP_11090 DUF4164 domain-containing protein,Unmatched,0,0,0
JMPPHP_11095 undecaprenyl-phosphate alpha-N-acetylglucosaminyl 1-phosphate transferase,Unmatched,0,0,0
JMPPHP_11100 ARC6-like-IMS domain-containing protein,Unmatched,0,0,0
JMPPHP_11105 aspartate aminotransferase,Unmatched,0,0,0
JMPPHP_11110 glutamate synthase large subunit,Unmatched,0,0,0
JMPPHP_11115 type II toxin-antitoxin system Phd/YefM family antitoxin,Unmatched,0,0,0
JMPPHP_11120 AAA domain-containing protein,Unmatched,0,0,0
JMPPHP_11125 band 7 protein,Unmatched,0,0,0
JMPPHP_11130 hypothetical protein,Unmatched,0,0,0
JMPPHP_11135 GHL10 domain-containing protein,Unmatched,0,0,0
JMPPHP_11140 cadmium-translocating P-type ATPase,Unmatched,0,0,0
JMPPHP_11145 HicB family protein,Unmatched,0,0,0
JMPPHP_11150 cadmium-translocating P-type ATPase,Unmatched,0,0,0
JMPPHP_11155 hypothetical protein,Unmatched,0,0,0
JMPPHP_11160 DNA polymerase III subunit delta',Unmatched,0,0,0
JMPPHP_11165 hypothetical protein,Unmatched,0,0,0
JMPPHP_11170 ATP-dependent zinc metalloprotease FtsH2,Unmatched,0,0,0
JMPPHP_11175 restriction endonuclease,Unmatched,0,0,0
JMPPHP_11180 universal stress protein,Unmatched,0,0,0
JMPPHP_11185 Phosphoglycerate kinase,Unmatched,0,0,0
JMPPHP_11190 hypothetical protein,Unmatched,0,0,0
JMPPHP_11195 hypothetical protein,Unmatched,0,0,0
JMPPHP_11200 nucleic acid-binding protein,Unmatched,0,0,0
JMPPHP_11205 type II toxin-antitoxin system prevent-host-death family antitoxin,Unmatched,0,0,0
JMPPHP_11210 glycosyl transferase,Unmatched,0,0,0
JMPPHP_11215 hypothetical protein,Unmatched,0,0,0
JMPPHP_11220 nickel import ATP-binding protein NikD,Unmatched,0,0,0
JMPPHP_11225 NmrA family NAD(P)-binding protein,Unmatched,0,0,0
JMPPHP_11230 hypothetical protein,Unmatched,0,0,0
JMPPHP_11235 nucleic acid-binding protein,Unmatched,0,0,0
JMPPHP_11240 hypothetical protein,Unmatched,0,0,0
JMPPHP_11245 DUF389 domain-containing protein,Unmatched,0,0,0
JMPPHP_11250 DUF3146 domain-containing protein,Unmatched,0,0,0
JMPPHP_11255 hypothetical protein,Unmatched,0,0,0
JMPPHP_11260 TlyA family rRNA (cytidine-2'-O)-methyltransferase,Unmatched,0,0,0
JMPPHP_11265 cAMP-binding domain of CRP or a regulatory subunit of cAMP-dependent protein kinases,Unmatched,0,0,0
JMPPHP_11270 methionyl-tRNA formyltransferase,Unmatched,0,0,0
JMPPHP_11275 peptidoglycan editing factor PgeF,Unmatched,0,0,0
"JMPPHP_11280 putative toxin-antitoxin system toxin component, PIN family",Unmatched,0,0,0
JMPPHP_11285 hypothetical protein,Unmatched,0,0,0
JMPPHP_11290 hypothetical protein,Unmatched,0,0,0
JMPPHP_11295 hypothetical protein,Unmatched,0,0,0
JMPPHP_11300 RloB domain-containing protein,Unmatched,0,0,0
JMPPHP_11305 abortive infection protein,Unmatched,0,0,0
JMPPHP_11310 ferredoxin:protochlorophyllide reductase (ATP-dependent) subunit N,Unmatched,0,0,0
JMPPHP_11315 hypothetical protein,Unmatched,0,0,0
JMPPHP_11325 YGGT family,Unmatched,0,0,0
JMPPHP_11330 hypothetical protein,Unmatched,0,0,0
JMPPHP_11335 DNA-binding response regulator,Unmatched,0,0,0
JMPPHP_11340 Peptidase-M41 domain-containing protein,Unmatched,0,0,0
JMPPHP_11345 Dioxygenase,Unmatched,0,0,0
JMPPHP_11350 Uma2 domain-containing protein,Unmatched,0,0,0
JMPPHP_11355 Polysaccharide biosynthesis protein CapD,Unmatched,0,0,0
JMPPHP_11360 hypothetical protein,Unmatched,0,0,0
JMPPHP_11365 peptidase C14,Unmatched,0,0,0
JMPPHP_11370 ATP-sulfurylase domain-containing protein,Unmatched,0,0,0
JMPPHP_11375 hypothetical protein,Unmatched,0,0,0
JMPPHP_11380 acetolactate synthase,Unmatched,0,0,0
JMPPHP_11385 citrate lyase beta subunit,Unmatched,0,0,0
JMPPHP_11390 DUF29 domain-containing protein,Unmatched,0,0,0
JMPPHP_11395 hypothetical protein,Unmatched,0,0,0
JMPPHP_11400 Type II secretion system protein G,Unmatched,0,0,0
JMPPHP_11405 Pilin polypeptide,Unmatched,0,0,0
JMPPHP_11410 alpha/beta hydrolase,Unmatched,0,0,0
JMPPHP_11415 Transcriptional regulator,Unmatched,0,0,0
JMPPHP_11420 hypothetical protein,Unmatched,0,0,0
JMPPHP_11425 addiction module killer protein,Unmatched,0,0,0
JMPPHP_11430 hypothetical protein,Unmatched,0,0,0
JMPPHP_11435 ACP S-malonyltransferase,Unmatched,0,0,0
JMPPHP_11440 molybdopterin molybdenumtransferase,Unmatched,0,0,0
JMPPHP_11445 glutaminase A,Unmatched,0,0,0
JMPPHP_11450 hypothetical protein,Unmatched,0,0,0
JMPPHP_11455 thioredoxin family protein,Unmatched,0,0,0
JMPPHP_11460 Cytochrome C biogenesis protein transmembrane region,Unmatched,0,0,0
JMPPHP_11465 hypothetical protein,Unmatched,0,0,0
JMPPHP_11470 2-isopropylmalate synthase,Unmatched,0,0,0
JMPPHP_11475 hypothetical protein,Unmatched,0,0,0
JMPPHP_11480 FAD-dependent oxidoreductase,Unmatched,0,0,0
JMPPHP_11485 DUF58 domain-containing protein,Unmatched,0,0,0
JMPPHP_11490 long-chain acyl-[acyl-carrier-protein] reductase,Unmatched,0,0,0
JMPPHP_11495 aldehyde oxygenase (deformylating),Unmatched,0,0,0
JMPPHP_11500 Zeta-carotene desaturase,Unmatched,0,0,0
JMPPHP_11505 RTX-I toxin determinant A from serotypes 1/9,Unmatched,0,0,0
JMPPHP_11510 translation elongation factor Ts,Unmatched,0,0,0
JMPPHP_11515 30S ribosomal protein S2,Unmatched,0,0,0
JMPPHP_11520 thioredoxin-dependent thiol peroxidase,Unmatched,0,0,0
JMPPHP_11525 Zn-dependent protease with chaperone function,Unmatched,0,0,0
JMPPHP_11530 CopY family transcriptional regulator,Unmatched,0,0,0
JMPPHP_11535 DUF4090 domain-containing protein,Unmatched,0,0,0
JMPPHP_11540 hypothetical protein,Unmatched,0,0,0
JMPPHP_11545 ABC transporter transmembrane region,Unmatched,0,0,0
JMPPHP_11550 DNA-binding response regulator,Unmatched,0,0,0
JMPPHP_11555 hypothetical protein,Unmatched,0,0,0
JMPPHP_11560 hypothetical protein,Unmatched,0,0,0
JMPPHP_11565 DUF4079 domain-containing protein,Unmatched,0,0,0
JMPPHP_11570 hypothetical protein,Unmatched,0,0,0
JMPPHP_11575 tRNA-Pro(tgg),Unmatched,0,0,0
JMPPHP_11580 GNAT family N-acetyltransferase,Unmatched,0,0,0
JMPPHP_11585 VMAP-C domain-containing protein,Unmatched,0,0,0
JMPPHP_11590 EAD2 domain-containing protein,Unmatched,0,0,0
JMPPHP_11595 hypothetical protein,Unmatched,0,0,0
JMPPHP_11600 hypothetical protein,Unmatched,0,0,0
JMPPHP_11605 DUF488 domain-containing protein,Unmatched,0,0,0
JMPPHP_11610 hypothetical protein,Unmatched,0,0,0
JMPPHP_11615 hypothetical protein,Unmatched,0,0,0
JMPPHP_11620 tRNA-Gly(gcc),Unmatched,0,0,0
JMPPHP_11625 hypothetical protein,Unmatched,0,0,0
"JMPPHP_11630 6,7-dimethyl-8-ribityllumazine synthase",Unmatched,0,0,0
JMPPHP_11635 hypothetical protein,Unmatched,0,0,0
JMPPHP_11640 HicB family protein,Unmatched,0,0,0
JMPPHP_11645 hypothetical protein,Unmatched,0,0,0
JMPPHP_11650 PIN domain-containing protein,Unmatched,0,0,0
JMPPHP_11655 phycocyanin subunit alpha,Unmatched,0,0,0
JMPPHP_11660 phycocyanin subunit beta,Unmatched,0,0,0
JMPPHP_11665 hypothetical protein,Unmatched,0,0,0
JMPPHP_11670 low-complexity tail membrane protein,Unmatched,0,0,0
JMPPHP_11675 translation initiation factor IF-2,Unmatched,0,0,0
JMPPHP_11680 hypothetical protein,Unmatched,0,0,0
JMPPHP_11685 DUF448 domain-containing protein,Unmatched,0,0,0
JMPPHP_11690 transcription termination/antitermination protein NusA,Unmatched,0,0,0
JMPPHP_11695 ribosome maturation factor RimP,Unmatched,0,0,0
JMPPHP_11700 hypothetical protein,Unmatched,0,0,0
JMPPHP_11705 cyanophycinase,Unmatched,0,0,0
JMPPHP_11720 RNA methyltransferase,Unmatched,0,0,0
JMPPHP_11725 hypothetical protein,Unmatched,0,0,0
JMPPHP_11730 molecular chaperone DnaK,Unmatched,0,0,0
JMPPHP_11735 hypothetical protein,Unmatched,0,0,0
JMPPHP_11740 alcohol dehydrogenase,Unmatched,0,0,0
"JMPPHP_11745 Endonuclease, Uma2 family (restriction endonuclease fold)",Unmatched,0,0,0
JMPPHP_11750 Glutamine synthetase inactivating factor IF7,Unmatched,0,0,0
JMPPHP_11755 hypothetical protein,Unmatched,0,0,0
JMPPHP_11760 hypothetical protein,Unmatched,0,0,0
JMPPHP_11765 RNA polymerase subunit sigma,Unmatched,0,0,0
JMPPHP_11770 Fis family transcriptional regulator,Unmatched,0,0,0
JMPPHP_11775 Acetate kinase,Unmatched,0,0,0
JMPPHP_11780 hypothetical protein,Unmatched,0,0,0
JMPPHP_11790 hypothetical protein,Unmatched,0,0,0
JMPPHP_11795 serine/threonine protein kinase,Unmatched,0,0,0
JMPPHP_11800 hypothetical protein,Unmatched,0,0,0
JMPPHP_11805 class I SAM-dependent methyltransferase,Unmatched,0,0,0
JMPPHP_11810 transporter,Unmatched,0,0,0
JMPPHP_11815 gamma-glutamyltransferase,Unmatched,0,0,0
JMPPHP_11820 hypothetical protein,Unmatched,0,0,0
JMPPHP_11825 potassium transporter TrkA,Unmatched,0,0,0
JMPPHP_11830 SWIM-type domain-containing protein,Unmatched,0,0,0
JMPPHP_11835 hypothetical protein,Unmatched,0,0,0
JMPPHP_11845 hypothetical protein,Unmatched,0,0,0
JMPPHP_11850 MazF family transcriptional regulator,Unmatched,0,0,0
JMPPHP_11855 plasmid stabilization protein,Unmatched,0,0,0
JMPPHP_11860 hypothetical protein,Unmatched,0,0,0
JMPPHP_11865 Similarity,Unmatched,0,0,0
JMPPHP_11870 HAS-barrel domain-containing protein,Unmatched,0,0,0
JMPPHP_11875 DUF3252 domain-containing protein,Unmatched,0,0,0
JMPPHP_11880 HNH endonuclease,Unmatched,0,0,0
JMPPHP_11885 hypothetical protein,Unmatched,0,0,0
JMPPHP_11890 hydrogenase formation protein HypD,Unmatched,0,0,0
JMPPHP_11895 hypothetical protein,Unmatched,0,0,0
JMPPHP_11900 hypothetical protein,Unmatched,0,0,0
JMPPHP_11905 hypothetical protein,Unmatched,0,0,0
JMPPHP_11910 polyprenol monophosphomannose synthase,Unmatched,0,0,0
JMPPHP_11915 aminotransferase DegT,Unmatched,0,0,0
JMPPHP_11920 hypothetical protein,Unmatched,0,0,0
JMPPHP_11925 hypothetical protein,Unmatched,0,0,0
JMPPHP_11930 ATP-dependent Clp protease adapter ClpS,Unmatched,0,0,0
JMPPHP_11935 CPBP family intramembrane metalloprotease,Unmatched,0,0,0
JMPPHP_11940 hypothetical protein,Unmatched,0,0,0
JMPPHP_11945 hypothetical protein,Unmatched,0,0,0
JMPPHP_11950 tRNA (uridine(34)/cytosine(34)/5-carboxymethylaminomethyluridine(34)-2'-O)-methyltransferase TrmL,Unmatched,0,0,0
JMPPHP_11955 Prepilin-type cleavage/methylation domain-containing protein,Unmatched,0,0,0
JMPPHP_11960 4a-hydroxytetrahydrobiopterin dehydratase,Unmatched,0,0,0
JMPPHP_11965 chromosome partitioning protein ParA,Unmatched,0,0,0
JMPPHP_11970 DUF5615 domain-containing protein,Unmatched,0,0,0
JMPPHP_11975 Gsr2395 protein,Unmatched,0,0,0
JMPPHP_11980 DNA repair protein RecN,Unmatched,0,0,0
JMPPHP_11985 Putative restriction endonuclease,Unmatched,0,0,0
JMPPHP_11990 Nucleoside-diphosphate-sugar epimerase,Unmatched,0,0,0
JMPPHP_11995 hypothetical protein,Unmatched,0,0,0
JMPPHP_12000 hypothetical protein,Unmatched,0,0,0
JMPPHP_12005 ferredoxin,Unmatched,0,0,0
JMPPHP_12010 DUF1257 domain-containing protein,Unmatched,0,0,0
JMPPHP_12015 DUF2997 domain-containing protein,Unmatched,0,0,0
JMPPHP_12020 hypothetical protein,Unmatched,0,0,0
JMPPHP_12030 MOSC domain-containing protein,Unmatched,0,0,0
JMPPHP_12035 glycosyl transferase group 1 family protein,Unmatched,0,0,0
JMPPHP_12040 group 1 glycosyl transferase,Unmatched,0,0,0
JMPPHP_12045 AtzE family amidohydrolase,Unmatched,0,0,0
JMPPHP_12050 DUF4089 domain-containing protein,Unmatched,0,0,0
JMPPHP_12055 radical SAM protein,Unmatched,0,0,0
JMPPHP_12060 hypothetical protein,Unmatched,0,0,0
JMPPHP_12065 DNA double-strand break repair nuclease NurA,Unmatched,0,0,0
JMPPHP_12070 hypothetical protein,Unmatched,0,0,0
JMPPHP_12075 RNA polymerase subunit sigma,Unmatched,0,0,0
JMPPHP_12080 hypothetical protein,Unmatched,0,0,0
JMPPHP_12085 Insulinase family protein,Unmatched,0,0,0
JMPPHP_12090 tRNA-Asn(gtt),Unmatched,0,0,0
JMPPHP_12095 hypothetical protein,Unmatched,0,0,0
JMPPHP_12100 transposase,Unmatched,0,0,0
JMPPHP_12105 potassium channel protein,Unmatched,0,0,0
JMPPHP_12110 DNA-formamidopyrimidine glycosylase,Unmatched,0,0,0
JMPPHP_12115 Cytochrome c biogenesis protein CcsB,Unmatched,0,0,0
JMPPHP_12120 hypothetical protein,Unmatched,0,0,0
JMPPHP_12125 D-glycero-D-manno-heptose 1-phosphate guanosyltransferase,Unmatched,0,0,0
JMPPHP_12130 ISAs1 family transposase,Unmatched,0,0,0
JMPPHP_12135 glycosyl transferase family 2,Unmatched,0,0,0
"JMPPHP_12140 Glycosyl-4,4'-diaponeurosporenoate acyltransferase",Unmatched,0,0,0
JMPPHP_12145 transglutaminase family protein,Unmatched,0,0,0
JMPPHP_12150 hypothetical protein,Unmatched,0,0,0
JMPPHP_12155 RRXRR domain-containing protein,Unmatched,0,0,0
JMPPHP_12160 argininosuccinate synthase,Unmatched,0,0,0
JMPPHP_12165 hypothetical protein,Unmatched,0,0,0
JMPPHP_12170 Putative fdxN element excision controlling factor protein,Unmatched,0,0,0
JMPPHP_12175 XisI protein,Unmatched,0,0,0
JMPPHP_12185 hypothetical protein,Unmatched,0,0,0
JMPPHP_12190 hypothetical protein,Unmatched,0,0,0
JMPPHP_12195 Putative restriction endonuclease,Unmatched,0,0,0
JMPPHP_12200 DUF4915 domain-containing protein,Unmatched,0,0,0
JMPPHP_12205 Serralysin B,Unmatched,0,0,0
JMPPHP_12210 chromosome segregation ATPase,Unmatched,0,0,0
JMPPHP_12215 hypothetical protein,Unmatched,0,0,0
JMPPHP_12220 UvrABC system protein A,Unmatched,0,0,0
JMPPHP_12225 hypothetical protein,Unmatched,0,0,0
JMPPHP_12230 hypothetical protein,Unmatched,0,0,0
JMPPHP_12235 DUF1232 domain-containing protein,Unmatched,0,0,0
JMPPHP_12240 phosphoribosyltransferase,Unmatched,0,0,0
JMPPHP_12245 DUF4079 domain-containing protein,Unmatched,0,0,0
JMPPHP_12250 ATP-binding protein,Unmatched,0,0,0
JMPPHP_12255 FUSC family protein,Unmatched,0,0,0
JMPPHP_12260 hypothetical protein,Unmatched,0,0,0
JMPPHP_12265 hypothetical protein,Unmatched,0,0,0
JMPPHP_12270 DNA methyltransferase,Unmatched,0,0,0
JMPPHP_12275 HicB-like domain-containing protein,Unmatched,0,0,0
JMPPHP_12280 GRRM system radical SAM/SPASM domain protein,Unmatched,0,0,0
JMPPHP_12285 murein transglycosylase,Unmatched,0,0,0
JMPPHP_12290 CBS domain-containing protein,Unmatched,0,0,0
JMPPHP_12295 flotillin family protein,Unmatched,0,0,0
JMPPHP_12300 TIGR02652 family protein,Unmatched,0,0,0
JMPPHP_12305 glyoxalase/bleomycin resistance/extradiol dioxygenase family protein,Unmatched,0,0,0
JMPPHP_12310 hypothetical protein,Unmatched,0,0,0
JMPPHP_12315 DUF3120 domain-containing protein,Unmatched,0,0,0
JMPPHP_12320 adenylate/guanylate cyclase domain-containing protein,Unmatched,0,0,0
JMPPHP_12325 30S ribosomal protein S1,Unmatched,0,0,0
JMPPHP_12330 transcriptional regulator NrdR,Unmatched,0,0,0
JMPPHP_12335 photosystem II reaction center protein T,Unmatched,0,0,0
JMPPHP_12340 Tetratricopeptide repeat family protein,Unmatched,0,0,0
JMPPHP_12345 hypothetical protein,Unmatched,0,0,0
JMPPHP_12350 SDR family oxidoreductase,Unmatched,0,0,0
JMPPHP_12355 GTP cyclohydrolase I FolE,Unmatched,0,0,0
JMPPHP_12360 phosphoribosylanthranilate isomerase,Unmatched,0,0,0
JMPPHP_12365 photosystem I reaction center subunit PsaK,Unmatched,0,0,0
JMPPHP_12370 photosystem I reaction center subunit VIII,Unmatched,0,0,0
JMPPHP_12375 hybrid sensor histidine kinase/response regulator,Unmatched,0,0,0
JMPPHP_12380 hypothetical protein,Unmatched,0,0,0
JMPPHP_12385 hypothetical protein,Unmatched,0,0,0
JMPPHP_12390 GTP-binding protein HSR1-related,Unmatched,0,0,0
JMPPHP_12395 ribosome recycling factor,Unmatched,0,0,0
JMPPHP_12400 UMP kinase,Unmatched,0,0,0
JMPPHP_12405 hypothetical protein,Unmatched,0,0,0
JMPPHP_12410 Macro domain-containing protein,Unmatched,0,0,0
JMPPHP_12415 Sua5/YciO/YrdC/YwlC family protein,Unmatched,0,0,0
JMPPHP_12420 sensor histidine kinase,Unmatched,0,0,0
JMPPHP_12425 GNAT family N-acetyltransferase,Unmatched,0,0,0
JMPPHP_12430 carbohydrate kinase,Unmatched,0,0,0
JMPPHP_12435 esterase,Unmatched,0,0,0
JMPPHP_12440 DUF1818 domain-containing protein,Unmatched,0,0,0
JMPPHP_12445 hypothetical protein,Unmatched,0,0,0
JMPPHP_12450 leucine--tRNA ligase,Unmatched,0,0,0
JMPPHP_12455 hypothetical protein,Unmatched,0,0,0
JMPPHP_12460 SPFH domain / Band 7 family,Unmatched,0,0,0
JMPPHP_12465 hypothetical protein,Unmatched,0,0,0
JMPPHP_12470 hemolysin,Unmatched,0,0,0
JMPPHP_12475 tRNA-Pro(cgg),Unmatched,0,0,0
JMPPHP_12480 hypothetical protein,Unmatched,0,0,0
JMPPHP_12485 Cys/Met metabolism pyridoxal-phosphate-dependent enzyme,Unmatched,0,0,0
JMPPHP_12490 hypothetical protein,Unmatched,0,0,0
JMPPHP_12495 hypothetical protein,Unmatched,0,0,0
JMPPHP_12500 hypothetical protein,Unmatched,0,0,0
JMPPHP_12505 carbon dioxide transporter,Unmatched,0,0,0
JMPPHP_12510 DUF3539 domain-containing protein,Unmatched,0,0,0
JMPPHP_12515 YggS family pyridoxal phosphate enzyme,Unmatched,0,0,0
JMPPHP_12520 replicative DNA helicase,Unmatched,0,0,0
JMPPHP_12525 Dolichyl-phosphate-mannose-protein mannosyltransferase,Unmatched,0,0,0
JMPPHP_12530 hypothetical protein,Unmatched,0,0,0
JMPPHP_12535 gas vesicle protein GvpG,Unmatched,0,0,0
JMPPHP_12540 gas vesicle protein,Unmatched,0,0,0
JMPPHP_12545 gas vesicle protein,Unmatched,0,0,0
JMPPHP_12550 hypothetical protein,Unmatched,0,0,0
JMPPHP_12555 hypothetical protein,Unmatched,0,0,0
JMPPHP_12560 hypothetical protein,Unmatched,0,0,0
JMPPHP_12565 hypothetical protein,Unmatched,0,0,0
JMPPHP_12570 hypothetical protein,Unmatched,0,0,0
JMPPHP_12575 hypothetical protein,Unmatched,0,0,0
JMPPHP_12580 hypothetical protein,Unmatched,0,0,0
JMPPHP_12585 glycosyl hydrolase,Unmatched,0,0,0
JMPPHP_12590 Fumarate hydratase,Unmatched,0,0,0
JMPPHP_12595 GIY-YIG nuclease family protein,Unmatched,0,0,0
JMPPHP_12600 agmatinase,Unmatched,0,0,0
JMPPHP_12605 tRNA-Val(gac),Unmatched,0,0,0
JMPPHP_12615 6-phosphogluconolactonase,Unmatched,0,0,0
JMPPHP_12620 FHA domain-containing protein,Unmatched,0,0,0
JMPPHP_12625 site-2 protease family protein,Unmatched,0,0,0
JMPPHP_12630 hypothetical protein,Unmatched,0,0,0
JMPPHP_12635 Type I restriction enzyme EcoKI M protein,Unmatched,0,0,0
JMPPHP_12640 Putative restriction endonuclease,Unmatched,0,0,0
JMPPHP_12645 hypothetical protein,Unmatched,0,0,0
JMPPHP_12650 hypothetical protein,Unmatched,0,0,0
"JMPPHP_12655 putative toxin-antitoxin system toxin component, PIN family",Unmatched,0,0,0
JMPPHP_12660 DUF4351 domain-containing protein,Unmatched,0,0,0
JMPPHP_12665 Putative restriction endonuclease,Unmatched,0,0,0
JMPPHP_12670 WD40 repeat domain-containing protein,Unmatched,0,0,0
JMPPHP_12675 DUF5678 domain-containing protein,Unmatched,0,0,0
JMPPHP_12680 DUF29 family protein,Unmatched,0,0,0
JMPPHP_12685 DUF642 domain-containing protein,Unmatched,0,0,0
JMPPHP_12690 hypothetical protein,Unmatched,0,0,0
JMPPHP_12695 DUF5615 domain-containing protein,Unmatched,0,0,0
JMPPHP_12700 MCE family protein,Unmatched,0,0,0
JMPPHP_12705 ABC transporter ATP-binding protein,Unmatched,0,0,0
JMPPHP_12710 hypothetical protein,Unmatched,0,0,0
JMPPHP_12715 TonB protein,Unmatched,0,0,0
JMPPHP_12720 DUF3155 domain-containing protein,Unmatched,0,0,0
JMPPHP_12725 histidine kinase,Unmatched,0,0,0
JMPPHP_12730 hypothetical protein,Unmatched,0,0,0
JMPPHP_12735 1-(5-phosphoribosyl)-5-[(5-phosphoribosylamino)methylideneamino]imidazole-4-carboxamide isomerase,Unmatched,0,0,0
JMPPHP_12750 hypothetical protein,Unmatched,0,0,0
JMPPHP_12755 mannose-6-phosphate isomerase,Unmatched,0,0,0
JMPPHP_12760 Asp-tRNA(Asn)/Glu-tRNA(Gln) amidotransferase subunit GatC,Unmatched,0,0,0
JMPPHP_12765 photosystem I assembly protein Ycf3,Unmatched,0,0,0
JMPPHP_12770 PEP-CTERM domain-containing protein,Unmatched,0,0,0
JMPPHP_12775 dethiobiotin synthase,Unmatched,0,0,0
JMPPHP_12780 RNA polymerase sigma factor RpoD,Unmatched,0,0,0
JMPPHP_12785 hypothetical protein,Unmatched,0,0,0
JMPPHP_12790 DUF4351 domain-containing protein,Unmatched,0,0,0
JMPPHP_12795 MFS transporter,Unmatched,0,0,0
JMPPHP_12800 low-complexity protein,Unmatched,0,0,0
JMPPHP_12805 hybrid sensor histidine kinase/response regulator,Unmatched,0,0,0
"JMPPHP_12810 calcium-translocating P-type ATPase, PMCA-type",Unmatched,0,0,0
JMPPHP_12815 hypothetical protein,Unmatched,0,0,0
JMPPHP_12820 hypothetical protein,Unmatched,0,0,0
JMPPHP_12825 hypothetical protein,Unmatched,0,0,0
JMPPHP_12830 tRNA-Thr(tgt),Unmatched,0,0,0
JMPPHP_12835 hypothetical protein,Unmatched,0,0,0
JMPPHP_12840 glycine--tRNA ligase subunit beta,Unmatched,0,0,0
JMPPHP_12845 beta-glucosidase,Unmatched,0,0,0
JMPPHP_12850 peptidase M48,Unmatched,0,0,0
JMPPHP_12855 mechanosensitive ion channel family protein,Unmatched,0,0,0
JMPPHP_12860 Grx4 family monothiol glutaredoxin,Unmatched,0,0,0
JMPPHP_12865 hypothetical protein,Unmatched,0,0,0
JMPPHP_12885 Similarity,Unmatched,0,0,0
JMPPHP_12900 tRNA-Cys(gca),Unmatched,0,0,0
JMPPHP_12910 ABC transporter permease,Unmatched,0,0,0
JMPPHP_12915 histidinol dehydrogenase,Unmatched,0,0,0
JMPPHP_12920 hypothetical protein,Unmatched,0,0,0
JMPPHP_12925 adenylate kinase,Unmatched,0,0,0
JMPPHP_12930 preprotein translocase subunit SecY,Unmatched,0,0,0
JMPPHP_12935 ABC transporter ATP-binding protein,Unmatched,0,0,0
JMPPHP_12940 hypothetical protein,Unmatched,0,0,0
JMPPHP_12945 Membrane-associated protein slr1513,Unmatched,0,0,0
JMPPHP_12950 sodium:proton antiporter,Unmatched,0,0,0
JMPPHP_12955 Site-specific DNA-methyltransferase (adenine-specific),Unmatched,0,0,0
JMPPHP_12960 transcription antitermination factor NusB,Unmatched,0,0,0
JMPPHP_12965 adenylate cyclase,Unmatched,0,0,0
JMPPHP_12970 lactoylglutathione lyase,Unmatched,0,0,0
JMPPHP_12975 hypothetical protein,Unmatched,0,0,0
JMPPHP_12980 hypothetical protein,Unmatched,0,0,0
JMPPHP_12985 bifunctional metallophosphatase/5'-nucleotidase,Unmatched,0,0,0
JMPPHP_12990 hypothetical protein,Unmatched,0,0,0
JMPPHP_12995 DUF456 domain-containing protein,Unmatched,0,0,0
JMPPHP_13000 peptidase C69,Unmatched,0,0,0
JMPPHP_13005 LysR family transcriptional regulator,Unmatched,0,0,0
JMPPHP_13010 NAD(P)H-quinone oxidoreductase subunit F,Unmatched,0,0,0
JMPPHP_13015 Serine/threonine-protein kinase pkn1,Unmatched,0,0,0
JMPPHP_13020 ankyrin repeat domain-containing protein,Unmatched,0,0,0
JMPPHP_13025 Stp1/IreP family PP2C-type Ser/Thr phosphatase,Unmatched,0,0,0
"JMPPHP_13030 putative protein kinase regulating ubiquinone biosynthesis, AarF/ABC1/UbiB family",Unmatched,0,0,0
JMPPHP_13035 Thylakoid protein sll1769,Unmatched,0,0,0
JMPPHP_13040 branched-chain amino acid ABC transporter substrate-binding protein,Unmatched,0,0,0
JMPPHP_13045 hypothetical protein,Unmatched,0,0,0
JMPPHP_13050 hypothetical protein,Unmatched,0,0,0
"JMPPHP_13055 bifunctional 3,4-dihydroxy-2-butanone-4-phosphate synthase/GTP cyclohydrolase II",Unmatched,0,0,0
JMPPHP_13060 Putative restriction endonuclease,Unmatched,0,0,0
JMPPHP_13065 D-alanine--D-alanine ligase,Unmatched,0,0,0
JMPPHP_13070 hypothetical protein,Unmatched,0,0,0
JMPPHP_13075 molecular chaperone DnaJ,Unmatched,0,0,0
JMPPHP_13080 hypothetical protein,Unmatched,0,0,0
JMPPHP_13085 hypothetical protein,Unmatched,0,0,0
JMPPHP_13090 cysteine synthase A,Unmatched,0,0,0
JMPPHP_13095 hypothetical protein,Unmatched,0,0,0
JMPPHP_13100 hypothetical protein,Unmatched,0,0,0
JMPPHP_13105 hypothetical protein,Unmatched,0,0,0
JMPPHP_13110 HNH endonuclease,Unmatched,0,0,0
JMPPHP_13115 DNA-binding response regulator,Unmatched,0,0,0
JMPPHP_13120 histidine kinase,Unmatched,0,0,0
JMPPHP_13125 hypothetical protein,Unmatched,0,0,0
JMPPHP_13130 hypothetical protein,Unmatched,0,0,0
JMPPHP_13135 PLD phosphodiesterase domain-containing protein,Unmatched,0,0,0
JMPPHP_13140 GUN4 domain-containing protein,Unmatched,0,0,0
JMPPHP_13145 carbon dioxide transporter,Unmatched,0,0,0
JMPPHP_13150 hypothetical protein,Unmatched,0,0,0
JMPPHP_13155 ATP-dependent Clp protease ATP-binding subunit ClpC,Unmatched,0,0,0
JMPPHP_13160 Similar to tr|Q7NCJ5|Q7NCJ5,Unmatched,0,0,0
JMPPHP_13165 DUF433 domain-containing protein,Unmatched,0,0,0
JMPPHP_13170 Uma2 domain-containing protein,Unmatched,0,0,0
JMPPHP_13175 ssl1498 family light-harvesting-like protein,Unmatched,0,0,0
JMPPHP_13180 Mom72 protein,Unmatched,0,0,0
JMPPHP_13185 ammonia channel protein,Unmatched,0,0,0
JMPPHP_13190 hypothetical protein,Unmatched,0,0,0
JMPPHP_13195 Mitomycin biosynthesis 6-O-methyltransferase,Unmatched,0,0,0
JMPPHP_13200 phosphoglucosamine mutase,Unmatched,0,0,0
JMPPHP_13205 hypothetical protein,Unmatched,0,0,0
JMPPHP_13210 Photosystem II manganese-stabilizing polypeptide,Unmatched,0,0,0
JMPPHP_13215 DUF433 domain-containing protein,Unmatched,0,0,0
JMPPHP_13220 hypothetical protein,Unmatched,0,0,0
JMPPHP_13225 Similarity,Unmatched,0,0,0
JMPPHP_13230 hypothetical protein,Unmatched,0,0,0
JMPPHP_13235 histidine kinase,Unmatched,0,0,0
JMPPHP_13240 isovaleryl-CoA dehydrogenase,Unmatched,0,0,0
JMPPHP_13245 polyketide synthase,Unmatched,0,0,0
JMPPHP_13250 heme-copper oxidase subunit III,Unmatched,0,0,0
JMPPHP_13255 HicB-like domain-containing protein,Unmatched,0,0,0
"JMPPHP_13260 type II toxin-antitoxin system mRNA interferase toxin, RelE/StbE family",Unmatched,0,0,0
JMPPHP_13265 hypothetical protein,Unmatched,0,0,0
JMPPHP_13270 type II toxin-antitoxin system RelE/ParE family toxin,Unmatched,0,0,0
JMPPHP_13275 hypothetical protein,Unmatched,0,0,0
JMPPHP_13280 hypothetical protein,Unmatched,0,0,0
JMPPHP_13285 ornithine carbamoyltransferase,Unmatched,0,0,0
JMPPHP_13290 RNA polymerase subunit sigma,Unmatched,0,0,0
JMPPHP_13295 hypothetical protein,Unmatched,0,0,0
"JMPPHP_13300 Periplasmic chaperone Spy, Spy/CpxP family",Unmatched,0,0,0
JMPPHP_13305 NAD-dependent dehydratase,Unmatched,0,0,0
JMPPHP_13310 hypothetical protein,Unmatched,0,0,0
JMPPHP_13315 BolA family transcriptional regulator,Unmatched,0,0,0
JMPPHP_13320 CHAT domain-containing protein,Unmatched,0,0,0
JMPPHP_13325 Response regulator transcription factor,Unmatched,0,0,0
JMPPHP_13330 hypothetical protein,Unmatched,0,0,0
JMPPHP_13335 5-oxoprolinase,Unmatched,0,0,0
JMPPHP_13340 tRNA (adenosine(37)-N6)-threonylcarbamoyltransferase complex transferase subunit TsaD,Unmatched,0,0,0
JMPPHP_13345 tRNA pseudouridine(55) synthase TruB,Unmatched,0,0,0
JMPPHP_13350 cobaltochelatase,Unmatched,0,0,0
JMPPHP_13355 histidinol-phosphate transaminase,Unmatched,0,0,0
JMPPHP_13360 (E)-4-hydroxy-3-methylbut-2-enyl-diphosphate synthase,Unmatched,0,0,0
JMPPHP_13365 hypothetical protein,Unmatched,0,0,0
JMPPHP_13370 peptidase S8,Unmatched,0,0,0
JMPPHP_13375 J domain-containing protein,Unmatched,0,0,0
JMPPHP_13380 Serine/threonine protein kinase,Unmatched,0,0,0
JMPPHP_13385 PEP-CTERM sorting domain-containing protein,Unmatched,0,0,0
JMPPHP_13390 hypothetical protein,Unmatched,0,0,0
JMPPHP_13395 hypothetical protein,Unmatched,0,0,0
JMPPHP_13400 GtrA family protein,Unmatched,0,0,0
JMPPHP_13405 hypothetical protein,Unmatched,0,0,0
JMPPHP_13410 glycosyl transferase,Unmatched,0,0,0
JMPPHP_13415 DUF1815 domain-containing protein,Unmatched,0,0,0
JMPPHP_13420 hypothetical protein,Unmatched,0,0,0
JMPPHP_13425 Similar to tr|A0YRK7|A0YRK7_9CYAN WD-repeat protein,Unmatched,0,0,0
JMPPHP_13430 photosystem II protein Psb27,Unmatched,0,0,0
JMPPHP_13435 histidine kinase,Unmatched,0,0,0
JMPPHP_13440 Hypothetical glycosyl hydrolase 6,Unmatched,0,0,0
JMPPHP_13445 dipeptide epimerase,Unmatched,0,0,0
JMPPHP_13450 30S ribosomal protein S14,Unmatched,0,0,0
JMPPHP_13455 S1 motif domain-containing protein,Unmatched,0,0,0
JMPPHP_13460 Tetratricopeptide TPR_2,Unmatched,0,0,0
JMPPHP_13465 hypothetical protein,Unmatched,0,0,0
JMPPHP_13470 FAD-dependent hydroxylase,Unmatched,0,0,0
JMPPHP_13475 phosphate ABC transporter ATP-binding protein PstB,Unmatched,0,0,0
JMPPHP_13480 phosphate ABC transporter permease PstA,Unmatched,0,0,0
JMPPHP_13485 phosphate ABC transporter permease subunit PstC,Unmatched,0,0,0
JMPPHP_13490 hypothetical protein,Unmatched,0,0,0
JMPPHP_13495 DUF2605 domain-containing protein,Unmatched,0,0,0
JMPPHP_13500 DUF2973 domain-containing protein,Unmatched,0,0,0
JMPPHP_13505 esterase,Unmatched,0,0,0
JMPPHP_13510 Helicase ATP-binding domain-containing protein,Unmatched,0,0,0
JMPPHP_13515 DUF3883 domain-containing protein,Unmatched,0,0,0
JMPPHP_13520 GxxExxY protein,Unmatched,0,0,0
JMPPHP_13525 hypothetical protein,Unmatched,0,0,0
JMPPHP_13530 PIN domain nuclease,Unmatched,0,0,0
JMPPHP_13535 Cocaine esterase,Unmatched,0,0,0
JMPPHP_13540 Uncharacterized protein alr1449,Unmatched,0,0,0
JMPPHP_13545 aldo/keto reductase,Unmatched,0,0,0
JMPPHP_13550 hypothetical protein,Unmatched,0,0,0
JMPPHP_13555 hypothetical protein,Unmatched,0,0,0
JMPPHP_13560 photosystem II reaction center protein PsbM,Unmatched,0,0,0
JMPPHP_13565 Tox-PL-2 domain-containing protein,Unmatched,0,0,0
JMPPHP_13570 hypothetical protein,Unmatched,0,0,0
JMPPHP_13575 Putative PANL11,Unmatched,0,0,0
JMPPHP_13580 hypothetical protein,Unmatched,0,0,0
"JMPPHP_13585 Putative toxin-antitoxin system toxin component, PIN family",Unmatched,0,0,0
JMPPHP_13590 PstB1 protein,Unmatched,0,0,0
JMPPHP_13595 phosphate ABC transporter permease PstA,Unmatched,0,0,0
JMPPHP_13600 phosphate ABC transporter permease subunit PstC,Unmatched,0,0,0
JMPPHP_13605 NADH-4Fe-4S domain-containing protein,Unmatched,0,0,0
JMPPHP_13610 Chloroplast import apparatus Tic20-like,Unmatched,0,0,0
JMPPHP_13615 AAA family ATPase,Unmatched,0,0,0
JMPPHP_13620 Peptidoglycan O-acetyltransferase,Unmatched,0,0,0
JMPPHP_13625 hypothetical protein,Unmatched,0,0,0
JMPPHP_13630 NAD(P)/FAD-dependent oxidoreductase,Unmatched,0,0,0
JMPPHP_13635 hypothetical protein,Unmatched,0,0,0
JMPPHP_13640 hypothetical protein,Unmatched,0,0,0
JMPPHP_13645 UDP-glucose 4-epimerase,Unmatched,0,0,0
JMPPHP_13650 cobalt-precorrin-6A reductase,Unmatched,0,0,0
JMPPHP_13655 hypothetical protein,Unmatched,0,0,0
JMPPHP_13660 hypothetical protein,Unmatched,0,0,0
JMPPHP_13665 hypothetical protein,Unmatched,0,0,0
JMPPHP_13670 phycobiliprotein lyase,Unmatched,0,0,0
JMPPHP_13675 phycocyanin alpha phycocyanobilin lyase,Unmatched,0,0,0
JMPPHP_13680 creatinine amidohydrolase,Unmatched,0,0,0
JMPPHP_13685 hypothetical protein,Unmatched,0,0,0
JMPPHP_13690 hypothetical protein,Unmatched,0,0,0
JMPPHP_13695 anhydro-N-acetylmuramic acid kinase,Unmatched,0,0,0
JMPPHP_13700 sulfur carrier protein ThiS,Unmatched,0,0,0
JMPPHP_13705 thiamine phosphate synthase,Unmatched,0,0,0
JMPPHP_13710 IS607 family transposase,Unmatched,0,0,0
JMPPHP_13715 tetratricopeptide repeat-containing protein,Unmatched,0,0,0
JMPPHP_13720 hypothetical protein,Unmatched,0,0,0
JMPPHP_13725 hypothetical protein,Unmatched,0,0,0
JMPPHP_13730 Glucokinase,Unmatched,0,0,0
JMPPHP_13735 hypothetical protein,Unmatched,0,0,0
JMPPHP_13740 6-phosphofructokinase,Unmatched,0,0,0
JMPPHP_13745 dihydroorotate dehydrogenase,Unmatched,0,0,0
JMPPHP_13750 pyruvate:ferredoxin (flavodoxin) oxidoreductase,Unmatched,0,0,0
JMPPHP_13755 transcriptional repressor LexA,Unmatched,0,0,0
JMPPHP_13760 DUF2389 domain-containing protein,Unmatched,0,0,0
JMPPHP_13765 DUF4335 domain-containing protein,Unmatched,0,0,0
JMPPHP_13770 DUF3038 domain-containing protein,Unmatched,0,0,0
JMPPHP_13775 hypothetical protein,Unmatched,0,0,0
JMPPHP_13780 glycosyl hydrolase family 57,Unmatched,0,0,0
JMPPHP_13785 GUN4 domain-containing protein,Unmatched,0,0,0
JMPPHP_13790 hypothetical protein,Unmatched,0,0,0
JMPPHP_13795 DUF2235 domain-containing protein,Unmatched,0,0,0
JMPPHP_13800 FGE-sulfatase domain-containing protein,Unmatched,0,0,0
JMPPHP_13805 ABC transporter substrate-binding protein,Unmatched,0,0,0
JMPPHP_13810 proline hydroxylase,Unmatched,0,0,0
JMPPHP_13815 hypothetical protein,Unmatched,0,0,0
JMPPHP_13820 hypothetical protein,Unmatched,0,0,0
JMPPHP_13825 3-phytase (Myo-inositol-hexaphosphate 3-phosphohydrolase),Unmatched,0,0,0
JMPPHP_13830 alkaline phosphatase,Unmatched,0,0,0
JMPPHP_13835 tRNA (adenosine(37)-N6)-threonylcarbamoyltransferase complex dimerization subunit type 1 TsaB,Unmatched,0,0,0
JMPPHP_13840 tRNA-Lys(ttt),Unmatched,0,0,0
JMPPHP_13845 aldose epimerase,Unmatched,0,0,0
JMPPHP_13850 phosphatidate cytidylyltransferase,Unmatched,0,0,0
JMPPHP_13855 membrane protein insertion efficiency factor YidD,Unmatched,0,0,0
JMPPHP_13860 DUF2993 domain-containing protein,Unmatched,0,0,0
JMPPHP_13865 NAD(P)H-quinone oxidoreductase subunit J,Unmatched,0,0,0
JMPPHP_13870 photosynthetic/respiratory NAD(P)H-quinone oxidoreductase subunit K,Unmatched,0,0,0
JMPPHP_13875 photosynthetic/respiratory NAD(P)H-quinone oxidoreductase subunit C,Unmatched,0,0,0
JMPPHP_13880 Ferredoxin I,Unmatched,0,0,0
JMPPHP_13885 Zn-dependent hydrolase,Unmatched,0,0,0
JMPPHP_13890 DUF2892 domain-containing protein,Unmatched,0,0,0
JMPPHP_13895 hypothetical protein,Unmatched,0,0,0
JMPPHP_13920 iron export ABC transporter permease subunit FetB,Unmatched,0,0,0
JMPPHP_13925 Glyceraldehyde-3-phosphate dehydrogenase 2,Unmatched,0,0,0
JMPPHP_13930 AI-2E family transporter,Unmatched,0,0,0
JMPPHP_13935 amino acid ABC transporter substrate-binding protein,Unmatched,0,0,0
JMPPHP_13940 DUF2079 domain-containing protein,Unmatched,0,0,0
JMPPHP_13945 hypothetical protein,Unmatched,0,0,0
JMPPHP_13950 hypothetical protein,Unmatched,0,0,0
JMPPHP_13955 AAA-31 domain-containing protein,Unmatched,0,0,0
JMPPHP_13960 hypothetical protein,Unmatched,0,0,0
JMPPHP_13965 hypothetical protein,Unmatched,0,0,0
JMPPHP_13970 hypothetical protein,Unmatched,0,0,0
JMPPHP_13975 trans-splicing intein-formed DNA polymerase III subunit alpha C-terminal partner DnaE-C,Unmatched,0,0,0
JMPPHP_13980 hypothetical protein,Unmatched,0,0,0
JMPPHP_13985 alanine racemase,Unmatched,0,0,0
JMPPHP_13990 ABC transporter ATP-binding protein,Unmatched,0,0,0
JMPPHP_13995 ferredoxin,Unmatched,0,0,0
JMPPHP_14000 Glyco-trans-2-like domain-containing protein,Unmatched,0,0,0
JMPPHP_14005 tyrosine--tRNA ligase,Unmatched,0,0,0
JMPPHP_14010 ferredoxin--nitrite reductase,Unmatched,0,0,0
JMPPHP_14015 carbamoyl-phosphate synthase large subunit,Unmatched,0,0,0
JMPPHP_14020 Metalloprotease slr0863,Unmatched,0,0,0
JMPPHP_14025 peptide-methionine (S)-S-oxide reductase,Unmatched,0,0,0
JMPPHP_14030 hypothetical protein,Unmatched,0,0,0
JMPPHP_14035 Cadmium resistance transporter,Unmatched,0,0,0
JMPPHP_14040 thiol-disulfide oxidoreductase,Unmatched,0,0,0
JMPPHP_14045 DUF475 domain-containing protein,Unmatched,0,0,0
JMPPHP_14050 photosystem I reaction center subunit XII,Unmatched,0,0,0
JMPPHP_14055 Sugar transferase,Unmatched,0,0,0
JMPPHP_14060 ATP-binding protein,Unmatched,0,0,0
JMPPHP_14065 protein kinase,Unmatched,0,0,0
JMPPHP_14070 exonuclease sbcCD subunit D,Unmatched,0,0,0
JMPPHP_14075 hypothetical protein,Unmatched,0,0,0
JMPPHP_14080 Cytochrome b6-f complex subunit 8,Unmatched,0,0,0
JMPPHP_14085 hypothetical protein,Unmatched,0,0,0
JMPPHP_14090 3-dehydroquinate synthase,Unmatched,0,0,0
JMPPHP_14095 dehydrogenase,Unmatched,0,0,0
JMPPHP_14100 chromosome segregation protein SMC,Unmatched,0,0,0
JMPPHP_14105 rod shape-determining protein RodA,Unmatched,0,0,0
JMPPHP_14125 serine endopeptidase inhibitor,Unmatched,0,0,0
JMPPHP_14130 hypothetical protein,Unmatched,0,0,0
JMPPHP_14145 hypothetical protein,Unmatched,0,0,0
JMPPHP_14150 FAD dependent oxidoreductase,Unmatched,0,0,0
JMPPHP_14155 hypothetical protein,Unmatched,0,0,0
JMPPHP_14160 mannosyltransferase,Unmatched,0,0,0
JMPPHP_14165 glycosyltransferase,Unmatched,0,0,0
JMPPHP_14170 hypothetical protein,Unmatched,0,0,0
JMPPHP_14175 Tyrosine recombinase xerC,Unmatched,0,0,0
JMPPHP_14180 HigA family addiction module antitoxin,Unmatched,0,0,0
JMPPHP_14185 Plasmid maintenance system killer protein,Unmatched,0,0,0
JMPPHP_14190 XRE family transcriptional regulator,Unmatched,0,0,0
JMPPHP_14195 hypothetical protein,Unmatched,0,0,0
JMPPHP_14200 hypothetical protein,Unmatched,0,0,0
JMPPHP_14205 hypothetical protein,Unmatched,0,0,0
JMPPHP_14210 hypothetical protein,Unmatched,0,0,0
JMPPHP_14215 hypothetical protein,Unmatched,0,0,0
JMPPHP_14220 glyoxalase,Unmatched,0,0,0
JMPPHP_14225 5-histidylcysteine sulfoxide synthase,Unmatched,0,0,0
JMPPHP_14230 L-histidine N(Alpha)-methyltransferase,Unmatched,0,0,0
JMPPHP_14235 6-carboxytetrahydropterin synthase QueD,Unmatched,0,0,0
JMPPHP_14240 PHP domain-containing protein,Unmatched,0,0,0
JMPPHP_14245 amino acid ABC transporter permease,Unmatched,0,0,0
JMPPHP_14250 single-stranded DNA-binding protein,Unmatched,0,0,0
JMPPHP_14255 Uncharacterised protein family (UPF0175),Unmatched,0,0,0
JMPPHP_14260 DUF3368 domain-containing protein,Unmatched,0,0,0
JMPPHP_14265 PEP-CTERM domain-containing protein,Unmatched,0,0,0
"JMPPHP_14270 lignostilbene-alpha,beta-dioxygenase",Unmatched,0,0,0
JMPPHP_14275 serine/threonine protein kinase,Unmatched,0,0,0
JMPPHP_14280 hypothetical protein,Unmatched,0,0,0
JMPPHP_14285 hypothetical protein,Unmatched,0,0,0
JMPPHP_14305 DUF4347 domain-containing protein,Unmatched,0,0,0
JMPPHP_14310 Transposase-31 domain-containing protein,Unmatched,0,0,0
JMPPHP_14315 hypothetical protein,Unmatched,0,0,0
JMPPHP_14320 hypothetical protein,Unmatched,0,0,0
JMPPHP_14325 hypothetical protein,Unmatched,0,0,0
JMPPHP_14330 hypothetical protein,Unmatched,0,0,0
JMPPHP_14335 Tnp-DDE-dom domain-containing protein,Unmatched,0,0,0
JMPPHP_14340 hypothetical protein,Unmatched,0,0,0
JMPPHP_14345 hypothetical protein,Unmatched,0,0,0
JMPPHP_14350 hypothetical protein,Unmatched,0,0,0
JMPPHP_14355 hypothetical protein,Unmatched,0,0,0
JMPPHP_14360 hypothetical protein,Unmatched,0,0,0
JMPPHP_14365 argininosuccinate lyase,Unmatched,0,0,0
JMPPHP_14370 tRNA-Arg(cct),Unmatched,0,0,0
JMPPHP_14375 hypothetical protein,Unmatched,0,0,0
JMPPHP_14380 Sodium/glutamate symport carrier protein,Unmatched,0,0,0
JMPPHP_14385 PEP-CTERM sorting domain-containing protein,Unmatched,0,0,0
JMPPHP_14390 hypothetical protein,Unmatched,0,0,0
JMPPHP_14395 hypothetical protein,Unmatched,0,0,0
JMPPHP_14400 radical SAM family heme chaperone HemW,Unmatched,0,0,0
JMPPHP_14405 hypothetical protein,Unmatched,0,0,0
JMPPHP_14410 protein sphX,Unmatched,0,0,0
JMPPHP_14415 ferredoxin--nitrite reductase,Unmatched,0,0,0
JMPPHP_14420 hypothetical protein,Unmatched,0,0,0
JMPPHP_14425 IS630 family transposase,Unmatched,0,0,0
JMPPHP_14430 Uncharacterized protein YyaL,Unmatched,0,0,0
JMPPHP_14435 hypothetical protein,Unmatched,0,0,0
JMPPHP_14440 hypothetical protein,Unmatched,0,0,0
JMPPHP_14445 DNA ligase,Unmatched,0,0,0
JMPPHP_14450 oxidoreductase,Unmatched,0,0,0
JMPPHP_14455 4a-hydroxytetrahydrobiopterin dehydratase,Unmatched,0,0,0
JMPPHP_14460 helicase,Unmatched,0,0,0
JMPPHP_14465 transposase,Unmatched,0,0,0
JMPPHP_14470 aminodeoxychorismate/anthranilate synthase component II,Unmatched,0,0,0
JMPPHP_14475 Pentapeptide repeat-containing protein,Unmatched,0,0,0
JMPPHP_14480 LytR family transcriptional regulator,Unmatched,0,0,0
JMPPHP_14485 hypothetical protein,Unmatched,0,0,0
JMPPHP_14490 lipoxygenase,Unmatched,0,0,0
JMPPHP_14495 DUF86 domain-containing protein,Unmatched,0,0,0
JMPPHP_14500 hypothetical protein,Unmatched,0,0,0
JMPPHP_14505 peptidase M15,Unmatched,0,0,0
JMPPHP_14510 hypothetical protein,Unmatched,0,0,0
JMPPHP_14515 DNA helicase RecQ,Unmatched,0,0,0
JMPPHP_14520 DUF3318 domain-containing protein,Unmatched,0,0,0
JMPPHP_14525 Alpha-ribazole-5'-phosphate phosphatase,Unmatched,0,0,0
JMPPHP_14530 histidine phosphatase family protein,Unmatched,0,0,0
JMPPHP_14535 biotin--[acetyl-CoA-carboxylase] ligase,Unmatched,0,0,0
JMPPHP_14540 amidase,Unmatched,0,0,0
JMPPHP_14545 hypothetical protein,Unmatched,0,0,0
JMPPHP_14550 glutamate dehydrogenase,Unmatched,0,0,0
JMPPHP_14555 hypothetical protein,Unmatched,0,0,0
JMPPHP_14560 hypothetical protein,Unmatched,0,0,0
JMPPHP_14565 DNA-binding response regulator,Unmatched,0,0,0
JMPPHP_14570 hypothetical protein,Unmatched,0,0,0
JMPPHP_14575 4-hydroxyphenylpyruvate dioxygenase,Unmatched,0,0,0
JMPPHP_14580 oxidoreductase,Unmatched,0,0,0
JMPPHP_14585 N-acetyltransferase domain-containing protein,Unmatched,0,0,0
JMPPHP_14590 DUF3685 domain-containing protein,Unmatched,0,0,0
JMPPHP_14595 transcriptional repressor,Unmatched,0,0,0
JMPPHP_14600 PEP-CTERM domain-containing protein,Unmatched,0,0,0
JMPPHP_14605 hypothetical protein,Unmatched,0,0,0
JMPPHP_14610 RDD family,Unmatched,0,0,0
JMPPHP_14615 DUF6464 domain-containing protein,Unmatched,0,0,0
JMPPHP_14620 8-amino-7-oxononanoate synthase,Unmatched,0,0,0
JMPPHP_14625 porphobilinogen synthase,Unmatched,0,0,0
JMPPHP_14630 protein phosphatase,Unmatched,0,0,0
JMPPHP_14635 Serine/threonine protein kinase,Unmatched,0,0,0
JMPPHP_14640 Uma2 domain-containing protein,Unmatched,0,0,0
JMPPHP_14645 hydroxymethylbilane synthase,Unmatched,0,0,0
JMPPHP_14650 HTH cro/C1-type domain-containing protein,Unmatched,0,0,0
JMPPHP_14655 hypothetical protein,Unmatched,0,0,0
JMPPHP_14660 DUF4926 domain-containing protein,Unmatched,0,0,0
JMPPHP_14665 hypothetical protein,Unmatched,0,0,0
JMPPHP_14670 branched-chain amino acid ABC transporter permease,Unmatched,0,0,0
JMPPHP_14675 hypothetical protein,Unmatched,0,0,0
JMPPHP_14685 HTH-33 domain-containing protein,Unmatched,0,0,0
JMPPHP_14690 DDE Tnp4 domain-containing protein,Unmatched,0,0,0
JMPPHP_14700 hypothetical protein,Unmatched,0,0,0
JMPPHP_14705 AraC family transcriptional regulator,Unmatched,0,0,0
JMPPHP_14710 ion transporter,Unmatched,0,0,0
JMPPHP_14720 hypothetical protein,Unmatched,0,0,0
JMPPHP_14725 transposase,Unmatched,0,0,0
JMPPHP_14730 DNA-binding response regulator,Unmatched,0,0,0
JMPPHP_14735 hypothetical protein,Unmatched,0,0,0
JMPPHP_14740 ATP-binding protein,Unmatched,0,0,0
JMPPHP_14745 Putative restriction endonuclease,Unmatched,0,0,0
JMPPHP_14750 hypothetical protein,Unmatched,0,0,0
JMPPHP_14755 hypothetical protein,Unmatched,0,0,0
JMPPHP_14760 TVP38/TMEM64 family protein,Unmatched,0,0,0
JMPPHP_14765 addiction module killer protein,Unmatched,0,0,0
JMPPHP_14770 hypothetical protein,Unmatched,0,0,0
JMPPHP_14775 Tetratricopeptide TPR_2 repeat protein,Unmatched,0,0,0
JMPPHP_14780 DUF4384 domain-containing protein,Unmatched,0,0,0
JMPPHP_14785 hypothetical protein,Unmatched,0,0,0
JMPPHP_14790 SAM-dependent methyltransferase,Unmatched,0,0,0
JMPPHP_14795 tRNA-Met(cat),Unmatched,0,0,0
JMPPHP_14800 peptidase,Unmatched,0,0,0
JMPPHP_14805 PemK family transcriptional regulator,Unmatched,0,0,0
JMPPHP_14810 SrpM,Unmatched,0,0,0
JMPPHP_14815 RNA pseudouridine synthase,Unmatched,0,0,0
JMPPHP_14820 hypothetical protein,Unmatched,0,0,0
JMPPHP_14825 DUF29 domain-containing protein,Unmatched,0,0,0
JMPPHP_14830 Serine/threonine-protein kinase B,Unmatched,0,0,0
JMPPHP_14835 hypothetical protein,Unmatched,0,0,0
JMPPHP_14840 transglutaminase,Unmatched,0,0,0
JMPPHP_14845 A putative alpha-helical domain with a conserved ER motif,Unmatched,0,0,0
JMPPHP_14850 hypothetical protein,Unmatched,0,0,0
JMPPHP_14855 hypothetical protein,Unmatched,0,0,0
JMPPHP_14860 STAS/SEC14 domain-containing protein,Unmatched,0,0,0
JMPPHP_14865 glycosyl transferase,Unmatched,0,0,0
JMPPHP_14870 branched-chain amino acid ABC transporter permease,Unmatched,0,0,0
JMPPHP_14875 DUF4346 domain-containing protein,Unmatched,0,0,0
JMPPHP_14880 DUF2252 domain-containing protein,Unmatched,0,0,0
JMPPHP_14885 sulfate transporter,Unmatched,0,0,0
JMPPHP_14890 DUF1698 domain-containing protein,Unmatched,0,0,0
JMPPHP_14895 serine/threonine protein kinase,Unmatched,0,0,0
JMPPHP_14900 glycerol acyltransferase,Unmatched,0,0,0
JMPPHP_14905 DUF6761 domain-containing protein,Unmatched,0,0,0
JMPPHP_14910 D-alanyl-D-alanine carboxypeptidase/D-alanyl-D-alanine-endopeptidase,Unmatched,0,0,0
JMPPHP_14915 hypothetical protein,Unmatched,0,0,0
JMPPHP_14920 gas vesicle protein,Unmatched,0,0,0
JMPPHP_14925 gas vesicle protein,Unmatched,0,0,0
JMPPHP_14930 gas vesicle protein GvpN,Unmatched,0,0,0
JMPPHP_14935 gas vesicle protein,Unmatched,0,0,0
JMPPHP_14940 Gas vesicle structural protein,Unmatched,0,0,0
JMPPHP_14945 serine/threonine protein kinase,Unmatched,0,0,0
JMPPHP_14950 Similarity,Unmatched,0,0,0
JMPPHP_14955 DUF5132 domain-containing protein,Unmatched,0,0,0
JMPPHP_14960 DUF5132 domain-containing protein,Unmatched,0,0,0
JMPPHP_14965 hypothetical protein,Unmatched,0,0,0
JMPPHP_14970 IS982 family transposase,Unmatched,0,0,0
JMPPHP_14975 Similarity,Unmatched,0,0,0
JMPPHP_14980 hypothetical protein,Unmatched,0,0,0
JMPPHP_14985 DUF3368 domain-containing protein,Unmatched,0,0,0
JMPPHP_14990 Uncharacterised protein family (UPF0175),Unmatched,0,0,0
JMPPHP_14995 hypothetical protein,Unmatched,0,0,0
JMPPHP_15000 hypothetical protein,Unmatched,0,0,0
JMPPHP_15005 urea ABC transporter permease subunit UrtB,Unmatched,0,0,0
JMPPHP_15010 FIST-C domain-containing protein,Unmatched,0,0,0
JMPPHP_15015 Putative restriction endonuclease,Unmatched,0,0,0
JMPPHP_15020 DUF1350 domain-containing protein,Unmatched,0,0,0
JMPPHP_15025 two-component system response regulator,Unmatched,0,0,0
JMPPHP_15030 cytochrome b6-f complex subunit IV,Unmatched,0,0,0
JMPPHP_15035 phytoene/squalene synthase family protein,Unmatched,0,0,0
JMPPHP_15040 hypothetical protein,Unmatched,0,0,0
JMPPHP_15045 tRNA-Ala(tgc),Unmatched,0,0,0
JMPPHP_15050 Imidazole glycerol phosphate synthase subunit HisF,Unmatched,0,0,0
JMPPHP_15055 hypothetical protein,Unmatched,0,0,0
JMPPHP_15060 tRNA-Ala(ggc),Unmatched,0,0,0
JMPPHP_15065 AI-2E family transporter,Unmatched,0,0,0
JMPPHP_15070 ribonuclease H,Unmatched,0,0,0
JMPPHP_15075 hypothetical protein,Unmatched,0,0,0
JMPPHP_15080 hypothetical protein,Unmatched,0,0,0
JMPPHP_15085 VWFA domain-containing protein,Unmatched,0,0,0
JMPPHP_15090 hypothetical protein,Unmatched,0,0,0
JMPPHP_15095 hypothetical protein,Unmatched,0,0,0
JMPPHP_15100 SQHop-cyclase-C domain-containing protein,Unmatched,0,0,0
"JMPPHP_15105 CRISPR-associated protein Csa3, CARF domain",Unmatched,0,0,0
JMPPHP_15110 hypothetical protein,Unmatched,0,0,0
JMPPHP_15115 glycerol-3-phosphate 1-O-acyltransferase PlsY,Unmatched,0,0,0
JMPPHP_15120 (d)CMP kinase,Unmatched,0,0,0
JMPPHP_15125 NAGPA domain-containing protein,Unmatched,0,0,0
JMPPHP_15130 Poly(hydroxyalcanoate) granule associated protein (phasin),Unmatched,0,0,0
JMPPHP_15135 peptidylprolyl isomerase,Unmatched,0,0,0
JMPPHP_15140 photosystem II reaction center protein Psb28,Unmatched,0,0,0
JMPPHP_15145 hypothetical protein,Unmatched,0,0,0
JMPPHP_15150 DUF4277 domain-containing protein,Unmatched,0,0,0
JMPPHP_15175 50S ribosomal protein L11,Unmatched,0,0,0
JMPPHP_15180 transcription termination/antitermination protein NusG,Unmatched,0,0,0
JMPPHP_15185 preprotein translocase subunit SecE,Unmatched,0,0,0
JMPPHP_15190 tRNA-Trp(cca),Unmatched,0,0,0
JMPPHP_15195 50S ribosomal protein L19,Unmatched,0,0,0
JMPPHP_15200 PFK domain-containing protein,Unmatched,0,0,0
JMPPHP_15205 phosphate ABC transporter substrate-binding protein,Unmatched,0,0,0
JMPPHP_15210 hypothetical protein,Unmatched,0,0,0
JMPPHP_15215 hypothetical protein,Unmatched,0,0,0
JMPPHP_15220 hypothetical protein,Unmatched,0,0,0
JMPPHP_15225 Ureidoglycolate hydrolase,Unmatched,0,0,0
JMPPHP_15230 Formylglycine-generating enzyme family protein,Unmatched,0,0,0
JMPPHP_15235 30S ribosomal protein S21,Unmatched,0,0,0
JMPPHP_15240 hypothetical protein,Unmatched,0,0,0
JMPPHP_15245 Calpain catalytic domain-containing protein,Unmatched,0,0,0
JMPPHP_15250 Tetratricopeptide repeat family protein,Unmatched,0,0,0
JMPPHP_15255 16S ribosomal RNA,Unmatched,0,0,0
JMPPHP_15260 23S ribosomal RNA,Unmatched,0,0,0
JMPPHP_15265 5S ribosomal RNA,Unmatched,0,0,0
JMPPHP_15270 hypothetical protein,Unmatched,0,0,0
JMPPHP_15275 DUF627 domain-containing protein,Unmatched,0,0,0
JMPPHP_15280 high-affinity branched-chain amino acid ABC transporter ATP-binding protein LivG,Unmatched,0,0,0
JMPPHP_15285 4Fe-4S ferredoxin,Unmatched,0,0,0
JMPPHP_15290 single-stranded DNA-binding protein,Unmatched,0,0,0
JMPPHP_15295 Unsaturated chondroitin disaccharide hydrolase,Unmatched,0,0,0
JMPPHP_15300 hypothetical protein,Unmatched,0,0,0
JMPPHP_15305 molecular chaperone DnaJ,Unmatched,0,0,0
JMPPHP_15310 molecular chaperone DnaK,Unmatched,0,0,0
"JMPPHP_15315 Pseudouridine synthase RluA, 23S rRNA- or tRNA-specific",Unmatched,0,0,0
JMPPHP_15320 nucleoside-diphosphate kinase,Unmatched,0,0,0
JMPPHP_15325 3-oxoacyl-[acyl-carrier-protein] reductase,Unmatched,0,0,0
JMPPHP_15330 glycerol acyltransferase,Unmatched,0,0,0
JMPPHP_15335 DUF29 domain-containing protein,Unmatched,0,0,0
JMPPHP_15345 Putative restriction endonuclease,Unmatched,0,0,0
JMPPHP_15350 modification methylase,Unmatched,0,0,0
JMPPHP_15355 Cysteine desulfurase,Unmatched,0,0,0
JMPPHP_15360 hypothetical protein,Unmatched,0,0,0
JMPPHP_15365 Xylulose-5-phosphate phosphoketolase,Unmatched,0,0,0
JMPPHP_15370 hypothetical protein,Unmatched,0,0,0
JMPPHP_15375 protein tyrosine kinase,Unmatched,0,0,0
JMPPHP_15380 cryptochrome DASH,Unmatched,0,0,0
JMPPHP_15385 DUF1350 domain-containing protein,Unmatched,0,0,0
JMPPHP_15390 hypothetical protein,Unmatched,0,0,0
"JMPPHP_15395 Coenzyme F420 hydrogenase/dehydrogenase, beta subunit N-term",Unmatched,0,0,0
JMPPHP_15400 TIGR03279 family radical SAM protein,Unmatched,0,0,0
JMPPHP_15405 Type IV pilus twitching motility protein PilT,Unmatched,0,0,0
JMPPHP_15410 DUF3119 domain-containing protein,Unmatched,0,0,0
JMPPHP_15415 manganese ABC transporter ATP-binding protein,Unmatched,0,0,0
JMPPHP_15420 signal recognition particle-docking protein FtsY,Unmatched,0,0,0
JMPPHP_15425 Putative restriction endonuclease,Unmatched,0,0,0
JMPPHP_15430 Proto-chlorophyllide reductase 57 kD subunit,Unmatched,0,0,0
"JMPPHP_15435 GTP 3',8-cyclase MoaA",Unmatched,0,0,0
JMPPHP_15440 DUF3370 domain-containing protein,Unmatched,0,0,0
JMPPHP_15445 biopolymer transporter,Unmatched,0,0,0
JMPPHP_15450 hypothetical protein,Unmatched,0,0,0
JMPPHP_15455 tRNA-Asp(gtc),Unmatched,0,0,0
JMPPHP_15460 hypothetical protein,Unmatched,0,0,0
JMPPHP_15465 nicotinate-nucleotide adenylyltransferase,Unmatched,0,0,0
JMPPHP_15470 photosystem II reaction center protein I,Unmatched,0,0,0
JMPPHP_15475 16S rRNA (cytidine(1402)-2'-O)-methyltransferase,Unmatched,0,0,0
JMPPHP_15480 hypothetical protein,Unmatched,0,0,0
JMPPHP_15500 restriction endonuclease subunit R,Unmatched,0,0,0
JMPPHP_15505 hypothetical protein,Unmatched,0,0,0
JMPPHP_15510 hypothetical protein,Unmatched,0,0,0
JMPPHP_15515 TPR repeat protein,Unmatched,0,0,0
JMPPHP_15520 Ribonuclease VapC,Unmatched,0,0,0
JMPPHP_15525 Similarity,Unmatched,0,0,0
JMPPHP_15530 hypothetical protein,Unmatched,0,0,0
JMPPHP_15535 hypothetical protein,Unmatched,0,0,0
JMPPHP_15540 DUF1460 domain-containing protein,Unmatched,0,0,0
JMPPHP_15545 hypothetical protein,Unmatched,0,0,0
JMPPHP_15550 NUBPL iron-transfer P-loop NTPase,Unmatched,0,0,0
JMPPHP_15555 DNA-binding protein,Unmatched,0,0,0
JMPPHP_15560 DUF2993 domain-containing protein,Unmatched,0,0,0
JMPPHP_15565 hypothetical protein,Unmatched,0,0,0
JMPPHP_15570 photosystem II reaction center protein PsbN,Unmatched,0,0,0
JMPPHP_15575 carbonic anhydrase,Unmatched,0,0,0
JMPPHP_15580 glutaminase A,Unmatched,0,0,0
JMPPHP_15585 Cyano-1 RNA,Unmatched,0,0,0
JMPPHP_15590 gas vesicle protein,Unmatched,0,0,0
JMPPHP_15595 hypothetical protein,Unmatched,0,0,0
JMPPHP_15600 type I secretion system permease/ATPase,Unmatched,0,0,0
JMPPHP_15605 peptidylprolyl isomerase,Unmatched,0,0,0
JMPPHP_15610 hypothetical protein,Unmatched,0,0,0
JMPPHP_15615 NAD-dependent epimerase/dehydratase family protein,Unmatched,0,0,0
JMPPHP_15620 Ribosomal RNA small subunit methyltransferase A,Unmatched,0,0,0
JMPPHP_15625 4-(cytidine 5'-diphospho)-2-C-methyl-D-erythritol kinase,Unmatched,0,0,0
JMPPHP_15630 Urease accessory protein UreD,Unmatched,0,0,0
JMPPHP_15635 hypothetical protein,Unmatched,0,0,0
JMPPHP_15640 Glutamyl-tRNA(Gln) amidotransferase subunit A,Unmatched,0,0,0
JMPPHP_15645 Similarity,Unmatched,0,0,0
JMPPHP_15650 sugar ABC transporter substrate-binding protein,Unmatched,0,0,0
JMPPHP_15655 Hsp70 protein,Unmatched,0,0,0
JMPPHP_15660 hypothetical protein,Unmatched,0,0,0
JMPPHP_15665 HEPN-RiboL-PSP domain-containing protein,Unmatched,0,0,0
JMPPHP_15670 proline--tRNA ligase,Unmatched,0,0,0
JMPPHP_15675 serine/threonine protein kinase,Unmatched,0,0,0
JMPPHP_15680 hypothetical protein,Unmatched,0,0,0
JMPPHP_15695 aldo/keto reductase,Unmatched,0,0,0
"JMPPHP_15700 Gamma-glutamyl cyclotransferase, AIG2-like",Unmatched,0,0,0
JMPPHP_15705 hypothetical protein,Unmatched,0,0,0
JMPPHP_15710 endonuclease/exonuclease/phosphatase,Unmatched,0,0,0
JMPPHP_15725 lipoyl(octanoyl) transferase LipB,Unmatched,0,0,0
JMPPHP_15730 low-complexity protein,Unmatched,0,0,0
JMPPHP_15735 hypothetical protein,Unmatched,0,0,0
JMPPHP_15740 HcyBio domain-containing protein,Unmatched,0,0,0
JMPPHP_15745 family 2 glycosyl transferase,Unmatched,0,0,0
JMPPHP_15750 phosphoglucosamine mutase,Unmatched,0,0,0
JMPPHP_15755 hormogonium polysaccharide biosynthesis protein HpsL,Unmatched,0,0,0
JMPPHP_15760 lysine--tRNA ligase,Unmatched,0,0,0
JMPPHP_15765 TIGR04376 family protein,Unmatched,0,0,0
JMPPHP_15770 Acyl carrier protein,Unmatched,0,0,0
JMPPHP_15775 hypothetical protein,Unmatched,0,0,0
JMPPHP_15780 acyl carrier protein,Unmatched,0,0,0
JMPPHP_15785 beta-ketoacyl-ACP synthase II,Unmatched,0,0,0
JMPPHP_15790 transketolase,Unmatched,0,0,0
JMPPHP_15795 glutamate synthase,Unmatched,0,0,0
"JMPPHP_15800 5,10-methylenetetrahydrofolate reductase",Unmatched,0,0,0
JMPPHP_15805 hypothetical protein,Unmatched,0,0,0
JMPPHP_15810 GNAT family N-acetyltransferase,Unmatched,0,0,0
JMPPHP_15815 Molybdopterin synthase sulfur carrier subunit MoaD,Unmatched,0,0,0
JMPPHP_15820 Restriction endonuclease subunit S,Unmatched,0,0,0
JMPPHP_15825 DUF4926 domain-containing protein,Unmatched,0,0,0
JMPPHP_15830 DUF2862 domain-containing protein,Unmatched,0,0,0
JMPPHP_15835 30S ribosomal protein S11,Unmatched,0,0,0
JMPPHP_15840 30S ribosomal protein S13,Unmatched,0,0,0
JMPPHP_15845 50S ribosomal protein L36,Unmatched,0,0,0
JMPPHP_15850 translation initiation factor IF-1,Unmatched,0,0,0
JMPPHP_15855 YCII domain-containing protein,Unmatched,0,0,0
JMPPHP_15860 2'-5' RNA ligase,Unmatched,0,0,0
JMPPHP_15865 glycolate oxidase subunit GlcD,Unmatched,0,0,0
JMPPHP_15870 hypothetical protein,Unmatched,0,0,0
JMPPHP_15875 NAD(P)H-quinone oxidoreductase subunit O,Unmatched,0,0,0
JMPPHP_15880 Secreted effector protein PipB2,Unmatched,0,0,0
JMPPHP_15885 hypothetical protein,Unmatched,0,0,0
JMPPHP_15890 hypothetical protein,Unmatched,0,0,0
JMPPHP_15895 hypothetical protein,Unmatched,0,0,0
JMPPHP_15900 ribonucleotide-diphosphate reductase subunit beta,Unmatched,0,0,0
JMPPHP_15905 Proton extrusion protein PcxA,Unmatched,0,0,0
JMPPHP_15910 hypothetical protein,Unmatched,0,0,0
JMPPHP_15915 Magnesium and cobalt efflux protein CorC,Unmatched,0,0,0
JMPPHP_15925 putative permease,Unmatched,0,0,0
JMPPHP_15930 TIGR03943 family protein,Unmatched,0,0,0
JMPPHP_15935 hypothetical protein,Unmatched,0,0,0
JMPPHP_15940 hypothetical protein,Unmatched,0,0,0
JMPPHP_15945 Helix-turn-helix domain-containing protein,Unmatched,0,0,0
JMPPHP_15950 DUF2949 domain-containing protein,Unmatched,0,0,0
JMPPHP_15955 Conserved nitrate reductase-associated protein (Nitr_red_assoc),Unmatched,0,0,0
JMPPHP_15960 prephenate/arogenate dehydrogenase,Unmatched,0,0,0
JMPPHP_15965 cupin domain-containing protein,Unmatched,0,0,0
JMPPHP_15970 Polyketide cyclase / dehydrase and lipid transport,Unmatched,0,0,0
JMPPHP_15975 hypothetical protein,Unmatched,0,0,0
JMPPHP_15980 glucose-1-phosphate cytidylyltransferase,Unmatched,0,0,0
JMPPHP_15985 NAD(P)H-dependent glycerol-3-phosphate dehydrogenase,Unmatched,0,0,0
JMPPHP_15990 hypothetical protein,Unmatched,0,0,0
JMPPHP_15995 AAA+ family ATPase,Unmatched,0,0,0
JMPPHP_16000 TPR-MalT domain-containing protein,Unmatched,0,0,0
"JMPPHP_16005 sulfite reductase, ferredoxin dependent",Unmatched,0,0,0
JMPPHP_16010 hypothetical protein,Unmatched,0,0,0
JMPPHP_16015 hypothetical protein,Unmatched,0,0,0
JMPPHP_16020 RNA-binding protein,Unmatched,0,0,0
JMPPHP_16025 adenine-specific DNA-methyltransferase,Unmatched,0,0,0
JMPPHP_16030 DNA (cytosine-5-)-methyltransferase,Unmatched,0,0,0
JMPPHP_16035 ABC transporter ATP-binding protein,Unmatched,0,0,0
JMPPHP_16040 glycosyl transferase group 1,Unmatched,0,0,0
JMPPHP_16045 transporter,Unmatched,0,0,0
JMPPHP_16050 Peptidase-M78 domain-containing protein,Unmatched,0,0,0
JMPPHP_16055 LysR family transcriptional regulator,Unmatched,0,0,0
JMPPHP_16060 hypothetical protein,Unmatched,0,0,0
JMPPHP_16065 Piwi domain-containing protein,Unmatched,0,0,0
JMPPHP_16070 guanylate cyclase,Unmatched,0,0,0
JMPPHP_16075 AmpG family muropeptide MFS transporter,Unmatched,0,0,0
JMPPHP_16080 GNAT family N-acetyltransferase,Unmatched,0,0,0
JMPPHP_16085 RdgB/HAM1 family non-canonical purine NTP pyrophosphatase,Unmatched,0,0,0
JMPPHP_16090 Lipoyl synthase,Unmatched,0,0,0
JMPPHP_16095 hypothetical protein,Unmatched,0,0,0
JMPPHP_16100 hypothetical protein,Unmatched,0,0,0
JMPPHP_16105 Lysylphosphatidylglycerol synthase TM region,Unmatched,0,0,0
JMPPHP_16110 Photosystem I assembly protein Ycf3,Unmatched,0,0,0
JMPPHP_16115 hypothetical protein,Unmatched,0,0,0
JMPPHP_16120 Uncharacterized protein sll1735,Unmatched,0,0,0
JMPPHP_16125 hypothetical protein,Unmatched,0,0,0
"JMPPHP_16130 1,4-alpha-glucan branching enzyme",Unmatched,0,0,0
JMPPHP_16135 TatA/E family twin arginine-targeting protein translocase,Unmatched,0,0,0
JMPPHP_16140 photosystem II reaction center protein PsbH,Unmatched,0,0,0
JMPPHP_16145 superoxide dismutase [Fe],Unmatched,0,0,0
JMPPHP_16150 alpha/beta hydrolase,Unmatched,0,0,0
JMPPHP_16155 S-adenosyl-L-methionine-dependent methyltransferase,Unmatched,0,0,0
JMPPHP_16160 NUDIX hydrolase,Unmatched,0,0,0
JMPPHP_16165 ABC transporter permease,Unmatched,0,0,0
JMPPHP_16170 efflux transporter periplasmic adaptor subunit,Unmatched,0,0,0
JMPPHP_16175 cytochrome c biogenesis factor,Unmatched,0,0,0
JMPPHP_16180 hypothetical protein,Unmatched,0,0,0
JMPPHP_16185 hypothetical protein,Unmatched,0,0,0
JMPPHP_16190 AbrB/MazE/SpoVT family DNA-binding domain-containing protein,Unmatched,0,0,0
JMPPHP_16195 VapC toxin family PIN domain ribonuclease,Unmatched,0,0,0
JMPPHP_16200 hypothetical protein,Unmatched,0,0,0
JMPPHP_16205 DUF4278 domain-containing protein,Unmatched,0,0,0
"JMPPHP_16210 Forkhead associated (FHA) domain, binds pSer, pThr, pTyr",Unmatched,0,0,0
JMPPHP_16215 hypothetical protein,Unmatched,0,0,0
JMPPHP_16220 hypothetical protein,Unmatched,0,0,0
"JMPPHP_16225 putative toxin-antitoxin system toxin component, PIN family",Unmatched,0,0,0
JMPPHP_16230 hypothetical protein,Unmatched,0,0,0
JMPPHP_16235 DUF29 domain-containing protein,Unmatched,0,0,0
JMPPHP_16240 cytochrome b6-f complex subunit PetL,Unmatched,0,0,0
JMPPHP_16245 DNA repair protein RadA,Unmatched,0,0,0
JMPPHP_16250 Aconitase domain-containing protein,Unmatched,0,0,0
JMPPHP_16255 hypothetical protein,Unmatched,0,0,0
JMPPHP_16260 NAD(+) kinase,Unmatched,0,0,0
JMPPHP_16265 phycobiliprotein lyase,Unmatched,0,0,0
JMPPHP_16270 phosphomethylpyrimidine synthase,Unmatched,0,0,0
JMPPHP_16275 hypothetical protein,Unmatched,0,0,0
JMPPHP_16280 DUF2949 domain-containing protein,Unmatched,0,0,0
"JMPPHP_16285 Uncharacterized ACR, COG1430",Unmatched,0,0,0
JMPPHP_16290 cytochrome B6,Unmatched,0,0,0
JMPPHP_16295 photosystem II reaction center protein Psb28,Unmatched,0,0,0
JMPPHP_16300 ATP-dependent Zn protease,Unmatched,0,0,0
JMPPHP_16305 hypothetical protein,Unmatched,0,0,0
JMPPHP_16310 ATPase,Unmatched,0,0,0
JMPPHP_16315 hypothetical protein,Unmatched,0,0,0
JMPPHP_16320 50S ribosome-binding GTPase,Unmatched,0,0,0
JMPPHP_16325 50S ribosome-binding GTPase,Unmatched,0,0,0
JMPPHP_16330 hypothetical protein,Unmatched,0,0,0
JMPPHP_16335 hypothetical protein,Unmatched,0,0,0
JMPPHP_16340 hypothetical protein,Unmatched,0,0,0
JMPPHP_16345 Similar to tr|Q4C1Z3|Q4C1Z3_CROWT GGDEF,Unmatched,0,0,0
JMPPHP_16350 Phosphoglycolate phosphatase,Unmatched,0,0,0
JMPPHP_16355 GtrA domain-containing protein,Unmatched,0,0,0
JMPPHP_16360 glycosyltransferase,Unmatched,0,0,0
JMPPHP_16365 hypothetical protein,Unmatched,0,0,0
JMPPHP_16370 DNA-binding response regulator,Unmatched,0,0,0
JMPPHP_16375 heme oxygenase,Unmatched,0,0,0
JMPPHP_16380 elongation factor P,Unmatched,0,0,0
JMPPHP_16385 acetyl-CoA carboxylase biotin carboxyl carrier protein,Unmatched,0,0,0
JMPPHP_16390 Pentapeptide repeat-containing protein,Unmatched,0,0,0
JMPPHP_16395 Chromosome-partitioning ATPase,Unmatched,0,0,0
JMPPHP_16400 hypothetical protein,Unmatched,0,0,0
JMPPHP_16405 hypothetical protein,Unmatched,0,0,0
JMPPHP_16410 hypothetical protein,Unmatched,0,0,0
JMPPHP_16415 hypothetical protein,Unmatched,0,0,0
JMPPHP_16420 hypothetical protein,Unmatched,0,0,0
JMPPHP_16425 hypothetical protein,Unmatched,0,0,0
JMPPHP_16430 hypothetical protein,Unmatched,0,0,0
JMPPHP_16435 NAD(P)H-quinone oxidoreductase subunit M,Unmatched,0,0,0
JMPPHP_16440 Transcriptional regulator,Unmatched,0,0,0
JMPPHP_16445 plastocyanin,Unmatched,0,0,0
JMPPHP_16450 Cytochrome c6,Unmatched,0,0,0
JMPPHP_16455 excinuclease,Unmatched,0,0,0
JMPPHP_16460 DUF4435 domain-containing protein,Unmatched,0,0,0
JMPPHP_16465 Tic22-like family,Unmatched,0,0,0
JMPPHP_16470 hypothetical protein,Unmatched,0,0,0
JMPPHP_16475 tRNA-His(gtg),Unmatched,0,0,0
JMPPHP_16480 hypothetical protein,Unmatched,0,0,0
JMPPHP_16485 DUF3122 domain-containing protein,Unmatched,0,0,0
JMPPHP_16490 glutathione S-transferase,Unmatched,0,0,0
JMPPHP_16495 glutathione S-transferase,Unmatched,0,0,0
JMPPHP_16500 hypothetical protein,Unmatched,0,0,0
JMPPHP_16505 hypothetical protein,Unmatched,0,0,0
JMPPHP_16510 hypothetical protein,Unmatched,0,0,0
JMPPHP_16515 hypothetical protein,Unmatched,0,0,0
JMPPHP_16520 protochlorophyllide reductase,Unmatched,0,0,0
JMPPHP_16525 penicillin-binding protein activator LpoB,Unmatched,0,0,0
JMPPHP_16530 succinate dehydrogenase/fumarate reductase iron-sulfur subunit,Unmatched,0,0,0
JMPPHP_16535 AbrB family transcriptional regulator,Unmatched,0,0,0
JMPPHP_16540 CPBP family intramembrane metalloprotease domain-containing protein,Unmatched,0,0,0
JMPPHP_16545 rubredoxin,Unmatched,0,0,0
JMPPHP_16555 hypothetical protein,Unmatched,0,0,0
JMPPHP_16560 transcriptional regulator,Unmatched,0,0,0
JMPPHP_16565 DUF2442 domain-containing protein,Unmatched,0,0,0
JMPPHP_16570 hypothetical protein,Unmatched,0,0,0
JMPPHP_16575 hypothetical protein,Unmatched,0,0,0
JMPPHP_16580 hypothetical protein,Unmatched,0,0,0
JMPPHP_16585 hypothetical protein,Unmatched,0,0,0
JMPPHP_16590 copper resistance protein CopD,Unmatched,0,0,0
JMPPHP_16595 photosystem II reaction center protein PsbZ,Unmatched,0,0,0
JMPPHP_16600 DNA modification methyltransferase related protein,Unmatched,0,0,0
JMPPHP_16605 hypothetical protein,Unmatched,0,0,0
JMPPHP_16610 peptidase,Unmatched,0,0,0
JMPPHP_16615 Phosphopyruvate hydratase,Unmatched,0,0,0
JMPPHP_16620 photosystem II reaction center protein J,Unmatched,0,0,0
JMPPHP_16625 photosystem II reaction center protein L,Unmatched,0,0,0
JMPPHP_16630 cytochrome b559 subunit beta,Unmatched,0,0,0
JMPPHP_16635 cytochrome b559 subunit alpha,Unmatched,0,0,0
JMPPHP_16640 hypothetical protein,Unmatched,0,0,0
JMPPHP_16650 hypothetical protein,Unmatched,0,0,0
JMPPHP_16655 SAM-dependent methyltransferase,Unmatched,0,0,0
JMPPHP_16660 Catalase/hydroperoxidase,Unmatched,0,0,0
JMPPHP_16665 excinuclease ABC subunit UvrB,Unmatched,0,0,0
JMPPHP_16670 Methionine ABC transporter ATP-binding protein,Unmatched,0,0,0
JMPPHP_16675 hypothetical protein,Unmatched,0,0,0
JMPPHP_16680 iron-regulated protein,Unmatched,0,0,0
JMPPHP_16685 hypothetical protein,Unmatched,0,0,0
JMPPHP_16690 PDDEXK-1 domain-containing protein,Unmatched,0,0,0
JMPPHP_16695 hybrid sensor histidine kinase/response regulator,Unmatched,0,0,0
JMPPHP_16700 response regulator,Unmatched,0,0,0
JMPPHP_16705 hypothetical protein,Unmatched,0,0,0
JMPPHP_16710 PIN domain nuclease,Unmatched,0,0,0
JMPPHP_16715 hypothetical protein,Unmatched,0,0,0
JMPPHP_16720 OmpA family,Unmatched,0,0,0
JMPPHP_16725 response regulator,Unmatched,0,0,0
JMPPHP_16730 hypothetical protein,Unmatched,0,0,0
JMPPHP_16735 hypothetical protein,Unmatched,0,0,0
JMPPHP_16740 twin-arginine translocase subunit TatC,Unmatched,0,0,0
JMPPHP_16745 ATP-binding protein,Unmatched,0,0,0
JMPPHP_16750 Uma2 domain-containing protein,Unmatched,0,0,0
JMPPHP_16755 hypothetical protein,Unmatched,0,0,0
JMPPHP_16760 ribonuclease HII,Unmatched,0,0,0
JMPPHP_16765 TVP38/TMEM64 family protein,Unmatched,0,0,0
JMPPHP_16770 cytochrome P450,Unmatched,0,0,0
JMPPHP_16775 geranylgeranyl reductase,Unmatched,0,0,0
JMPPHP_16780 class III poly(R)-hydroxyalkanoic acid synthase subunit PhaC,Unmatched,0,0,0
JMPPHP_16785 class III poly(R)-hydroxyalkanoic acid synthase subunit PhaE,Unmatched,0,0,0
JMPPHP_16790 hypothetical protein,Unmatched,0,0,0
JMPPHP_16795 beta-ketoacyl-ACP reductase,Unmatched,0,0,0
JMPPHP_16800 acetyl-CoA C-acyltransferase,Unmatched,0,0,0
JMPPHP_16805 FAD-dependent oxidoreductase,Unmatched,0,0,0
JMPPHP_16810 hypothetical protein,Unmatched,0,0,0
JMPPHP_16815 SAM-dependent methyltransferase,Unmatched,0,0,0
JMPPHP_16820 two-component sensor histidine kinase,Unmatched,0,0,0
JMPPHP_16825 hypothetical protein,Unmatched,0,0,0
JMPPHP_16830 molybdopterin synthase sulfur carrier subunit,Unmatched,0,0,0
JMPPHP_16835 threonine synthase,Unmatched,0,0,0
"JMPPHP_16840 2,3-diketo-5-methylthiopentyl-1-phosphate enolase",Unmatched,0,0,0
JMPPHP_16845 Pyruvate kinase,Unmatched,0,0,0
JMPPHP_16850 hypothetical protein,Unmatched,0,0,0
JMPPHP_16855 hypothetical protein,Unmatched,0,0,0
JMPPHP_16870 RNA-binding protein,Unmatched,0,0,0
JMPPHP_16875 membrane protein insertase YidC,Unmatched,0,0,0
JMPPHP_16880 ribonuclease P,Unmatched,0,0,0
JMPPHP_16885 ribonuclease P protein component,Unmatched,0,0,0
JMPPHP_16890 hypothetical protein,Unmatched,0,0,0
JMPPHP_16895 glycogen debranching protein,Unmatched,0,0,0
JMPPHP_16900 hydrolase,Unmatched,0,0,0
JMPPHP_16905 Protein GrpE,Unmatched,0,0,0
JMPPHP_16910 general secretion pathway protein GspE,Unmatched,0,0,0
JMPPHP_16915 twitching motility protein PilT,Unmatched,0,0,0
JMPPHP_16920 pilus assembly protein PilC,Unmatched,0,0,0
JMPPHP_16925 hypothetical protein,Unmatched,0,0,0
JMPPHP_16930 TIGR03792 family protein,Unmatched,0,0,0
"JMPPHP_16935 cobyrinic acid a,c-diamide synthase",Unmatched,0,0,0
JMPPHP_16940 metallophosphoesterase,Unmatched,0,0,0
JMPPHP_16945 peptidase C15,Unmatched,0,0,0
JMPPHP_16950 clan AA aspartic protease,Unmatched,0,0,0
JMPPHP_16955 hypothetical protein,Unmatched,0,0,0
JMPPHP_16960 hypothetical protein,Unmatched,0,0,0
JMPPHP_16965 hypothetical protein,Unmatched,0,0,0
JMPPHP_16970 PINc domain-containing protein,Unmatched,0,0,0
JMPPHP_16975 hypothetical protein,Unmatched,0,0,0
JMPPHP_16980 heavy metal-responsive transcriptional regulator,Unmatched,0,0,0
JMPPHP_16985 phycobiliprotein lyase,Unmatched,0,0,0
JMPPHP_16990 glycosyltransferase,Unmatched,0,0,0
JMPPHP_16995 glycosyl transferase group 1 family protein,Unmatched,0,0,0
"JMPPHP_17000 GDP-mannose 4,6-dehydratase",Unmatched,0,0,0
JMPPHP_17005 glycosyltransferase,Unmatched,0,0,0
JMPPHP_17010 hypothetical protein,Unmatched,0,0,0
JMPPHP_17015 DUF2555 domain-containing protein,Unmatched,0,0,0
JMPPHP_17020 oxidoreductase,Unmatched,0,0,0
JMPPHP_17025 hypothetical protein,Unmatched,0,0,0
JMPPHP_17030 Hrp-dependent type III effector protein,Unmatched,0,0,0
JMPPHP_17035 Integrase-SAM-like-N domain-containing protein,Unmatched,0,0,0
JMPPHP_17040 Glycosyl transferase family 1,Unmatched,0,0,0
JMPPHP_17045 HigA family addiction module antitoxin,Unmatched,0,0,0
JMPPHP_17050 plasmid maintenance system killer family protein,Unmatched,0,0,0
JMPPHP_17055 hypothetical protein,Unmatched,0,0,0
JMPPHP_17060 endonuclease,Unmatched,0,0,0
JMPPHP_17065 hypothetical protein,Unmatched,0,0,0
JMPPHP_17070 hypothetical protein,Unmatched,0,0,0
JMPPHP_17075 hypothetical protein,Unmatched,0,0,0
JMPPHP_17080 septum site-determining protein MinC,Unmatched,0,0,0
JMPPHP_17085 septum site-determining protein MinD,Unmatched,0,0,0
JMPPHP_17090 cell division topological specificity factor MinE,Unmatched,0,0,0
JMPPHP_17095 hypothetical protein,Unmatched,0,0,0
JMPPHP_17100 hypothetical protein,Unmatched,0,0,0
JMPPHP_17105 hypothetical protein,Unmatched,0,0,0
JMPPHP_17110 CRISPR-associated endonuclease Cas2,Unmatched,0,0,0
JMPPHP_17115 CRISPR-associated endonuclease Cas1,Unmatched,0,0,0
JMPPHP_17120 CobW C-terminal domain-containing protein,Unmatched,0,0,0
JMPPHP_17125 Cysteinyl-tRNA synthetase,Unmatched,0,0,0
JMPPHP_17130 cobalamin biosynthesis protein CobW,Unmatched,0,0,0
JMPPHP_17135 threonine--tRNA ligase,Unmatched,0,0,0
JMPPHP_17140 hypothetical protein,Unmatched,0,0,0
JMPPHP_17145 AB hydrolase-1 domain-containing protein,Unmatched,0,0,0
JMPPHP_17150 Antisense RNA which regulates isiA expression,Unmatched,0,0,0
JMPPHP_17155 Chlorophyll a/b light-harvesting protein,Unmatched,0,0,0
JMPPHP_17160 hypothetical protein,Unmatched,0,0,0
JMPPHP_17165 hypothetical protein,Unmatched,0,0,0
JMPPHP_17170 hypothetical protein,Unmatched,0,0,0
JMPPHP_17200 hypothetical protein,Unmatched,0,0,0
JMPPHP_17205 site-specific DNA-methyltransferase,Unmatched,0,0,0
JMPPHP_17210 hypothetical protein,Unmatched,0,0,0
JMPPHP_17215 PINc domain-containing protein,Unmatched,0,0,0
JMPPHP_17220 hypothetical protein,Unmatched,0,0,0
JMPPHP_17225 PEP-CTERM sorting domain-containing protein,Unmatched,0,0,0
JMPPHP_17230 DUF3148 domain-containing protein,Unmatched,0,0,0
JMPPHP_17235 transposase,Unmatched,0,0,0
JMPPHP_17240 carboxylate-amine ligase,Unmatched,0,0,0
JMPPHP_17245 photosystem I reaction center subunit IX,Unmatched,0,0,0
JMPPHP_17250 Photosystem I reaction center subunit III,Unmatched,0,0,0
JMPPHP_17255 Uncharacterized protein sll1880 (YjbQ family),Unmatched,0,0,0
JMPPHP_17260 uroporphyrin-III methyltransferase,Unmatched,0,0,0
JMPPHP_17275 integron cassette protein,Unmatched,0,0,0
JMPPHP_17280 hypothetical protein,Unmatched,0,0,0
JMPPHP_17285 ATPase,Unmatched,0,0,0
JMPPHP_17290 hypothetical protein,Unmatched,0,0,0
JMPPHP_17295 hypothetical protein,Unmatched,0,0,0
JMPPHP_17300 hypothetical protein,Unmatched,0,0,0
JMPPHP_17305 peptide ABC transporter permease,Unmatched,0,0,0
JMPPHP_17310 phosphate signaling complex protein PhoU,Unmatched,0,0,0
JMPPHP_17315 histidine kinase,Unmatched,0,0,0
JMPPHP_17320 calcium/proton exchanger,Unmatched,0,0,0
"JMPPHP_17325 biphenyl 2,3-dioxygenase",Unmatched,0,0,0
JMPPHP_17330 DUF6679 domain-containing protein,Unmatched,0,0,0
JMPPHP_17335 alpha/beta hydrolase,Unmatched,0,0,0
JMPPHP_17340 hypothetical protein,Unmatched,0,0,0
JMPPHP_17345 DUF1049 domain-containing protein,Unmatched,0,0,0
JMPPHP_17350 type III-B CRISPR module RAMP protein Cmr6,Unmatched,0,0,0
JMPPHP_17355 hypothetical protein,Unmatched,0,0,0
JMPPHP_17360 Putative restriction endonuclease,Unmatched,0,0,0
JMPPHP_17365 type III-B CRISPR module RAMP protein Cmr4,Unmatched,0,0,0
JMPPHP_17370 hypothetical protein,Unmatched,0,0,0
JMPPHP_17375 hypothetical protein,Unmatched,0,0,0
JMPPHP_17380 hypothetical protein,Unmatched,0,0,0
JMPPHP_17385 hypothetical protein,Unmatched,0,0,0
JMPPHP_17390 hypothetical protein,Unmatched,0,0,0
JMPPHP_17395 UDP-glucose 4-epimerase GalE,Unmatched,0,0,0
JMPPHP_17400 polyphosphate:AMP phosphotransferase,Unmatched,0,0,0
JMPPHP_17405 hypothetical protein,Unmatched,0,0,0
JMPPHP_17410 phosphoribosylglycinamide formyltransferase,Unmatched,0,0,0
JMPPHP_17415 Putative restriction endonuclease,Unmatched,0,0,0
JMPPHP_17420 hypothetical protein,Unmatched,0,0,0
JMPPHP_17425 hypothetical protein,Unmatched,0,0,0
JMPPHP_17430 Ubiquinone biosynthesis O-methyltransferase,Unmatched,0,0,0
JMPPHP_17435 hypothetical protein,Unmatched,0,0,0
JMPPHP_17440 hypothetical protein,Unmatched,0,0,0
JMPPHP_17445 DUF29 domain-containing protein,Unmatched,0,0,0
JMPPHP_17450 photosystem reaction center subunit H,Unmatched,0,0,0
JMPPHP_17455 branched-chain alpha-keto acid dehydrogenase subunit E2,Unmatched,0,0,0
JMPPHP_17460 hypothetical protein,Unmatched,0,0,0
JMPPHP_17465 hypothetical protein,Unmatched,0,0,0
JMPPHP_17470 histidine--tRNA ligase,Unmatched,0,0,0
JMPPHP_17475 hypothetical protein,Unmatched,0,0,0
JMPPHP_17480 hypothetical protein,Unmatched,0,0,0
JMPPHP_17485 aldo/keto reductase,Unmatched,0,0,0
JMPPHP_17490 hypothetical protein,Unmatched,0,0,0
JMPPHP_17495 phage shock protein A,Unmatched,0,0,0
JMPPHP_17500 PspA/IM30 family,Unmatched,0,0,0
JMPPHP_17505 PspA/IM30 family protein,Unmatched,0,0,0
JMPPHP_17510 Re/Si-specific NAD(P)(+) transhydrogenase subunit alpha,Unmatched,0,0,0
JMPPHP_17515 pyridine nucleotide transhydrogenase,Unmatched,0,0,0
JMPPHP_17520 NAD synthetase,Unmatched,0,0,0
JMPPHP_17530 hypothetical protein,Unmatched,0,0,0
JMPPHP_17535 BFN domain-containing protein,Unmatched,0,0,0
JMPPHP_17540 amidophosphoribosyltransferase,Unmatched,0,0,0
JMPPHP_17545 energy-coupling factor transporter ATPase,Unmatched,0,0,0
JMPPHP_17550 3-phosphoshikimate 1-carboxyvinyltransferase,Unmatched,0,0,0
JMPPHP_17555 tRNA-Arg(acg),Unmatched,0,0,0
JMPPHP_17560 cyclic pyranopterin monophosphate synthase MoaC,Unmatched,0,0,0
JMPPHP_17565 hypothetical protein,Unmatched,0,0,0
JMPPHP_17570 hypothetical protein,Unmatched,0,0,0
JMPPHP_17575 cytochrome C biogenesis protein,Unmatched,0,0,0
JMPPHP_17580 glyoxalase,Unmatched,0,0,0
JMPPHP_17585 ABC transporter substrate-binding protein,Unmatched,0,0,0
JMPPHP_17590 hypothetical protein,Unmatched,0,0,0
JMPPHP_17595 C2H2-type domain-containing protein,Unmatched,0,0,0
JMPPHP_17600 CAAD domain-containing protein,Unmatched,0,0,0
JMPPHP_17605 DNA helicase PcrA,Unmatched,0,0,0
JMPPHP_17610 methionine adenosyltransferase,Unmatched,0,0,0
JMPPHP_17615 Cyanobacterial functional RNA 1,Unmatched,0,0,0
JMPPHP_17620 HTH merR-type domain-containing protein,Unmatched,0,0,0
JMPPHP_17625 hypothetical protein,Unmatched,0,0,0
JMPPHP_17630 phosphate ABC transporter substrate-binding protein PstS,Unmatched,0,0,0
JMPPHP_17635 DNA-directed RNA polymerase,Unmatched,0,0,0
JMPPHP_17640 PS-pyruv-trans domain-containing protein,Unmatched,0,0,0
JMPPHP_17645 phosphoheptose isomerase,Unmatched,0,0,0
JMPPHP_17650 Ubiquinone biosynthesis O-methyltransferase,Unmatched,0,0,0
JMPPHP_17655 RfaQ protein,Unmatched,0,0,0
JMPPHP_17660 hypothetical protein,Unmatched,0,0,0
JMPPHP_17665 hypothetical protein,Unmatched,0,0,0
JMPPHP_17670 IS1634 family transposase,Unmatched,0,0,0
JMPPHP_17675 cofactor assembly of complex C subunit B,Unmatched,0,0,0
JMPPHP_17680 DNA-binding response regulator,Unmatched,0,0,0
JMPPHP_17685 Calcium-binding protein,Unmatched,0,0,0
JMPPHP_17690 CDP-diacylglycerol--glycerol-3-phosphate 3-phosphatidyltransferase,Unmatched,0,0,0
JMPPHP_17695 IS630 family transposase,Unmatched,0,0,0
JMPPHP_17700 hypothetical protein,Unmatched,0,0,0
JMPPHP_17705 NAD(P)-dependent oxidoreductase,Unmatched,0,0,0
JMPPHP_17710 hypothetical protein,Unmatched,0,0,0
JMPPHP_17715 permease,Unmatched,0,0,0
JMPPHP_17720 anthranilate synthase component I,Unmatched,0,0,0
JMPPHP_17725 hypothetical protein,Unmatched,0,0,0
JMPPHP_17730 Uncharacterized protein slr1919,Unmatched,0,0,0
JMPPHP_17735 hypothetical protein,Unmatched,0,0,0
JMPPHP_17740 hypothetical protein,Unmatched,0,0,0
JMPPHP_17745 hypothetical protein,Unmatched,0,0,0
JMPPHP_17750 hypothetical protein,Unmatched,0,0,0
JMPPHP_17755 hypothetical protein,Unmatched,0,0,0
JMPPHP_17760 hypothetical protein,Unmatched,0,0,0
JMPPHP_17765 hypothetical protein,Unmatched,0,0,0
JMPPHP_17770 competence/damage-inducible protein A,Unmatched,0,0,0
JMPPHP_17775 DUF2301 domain-containing protein,Unmatched,0,0,0
JMPPHP_17780 bacitracin ABC transporter ATP-binding protein,Unmatched,0,0,0
JMPPHP_17785 bacitracin ABC transporter ATP-binding protein,Unmatched,0,0,0
JMPPHP_17790 nitrate ABC transporter permease,Unmatched,0,0,0
JMPPHP_17795 bicarbonate-binding protein,Unmatched,0,0,0
JMPPHP_17800 peptidase M61,Unmatched,0,0,0
JMPPHP_17805 penicillin-binding protein,Unmatched,0,0,0
JMPPHP_17810 HigA family addiction module antitoxin,Unmatched,0,0,0
JMPPHP_17815 adenosylmethionine decarboxylase,Unmatched,0,0,0
JMPPHP_17820 DUF6464 domain-containing protein,Unmatched,0,0,0
"JMPPHP_17825 L,D-transpeptidase",Unmatched,0,0,0
JMPPHP_17830 DUF2064 domain-containing protein,Unmatched,0,0,0
JMPPHP_17835 hypothetical protein,Unmatched,0,0,0
JMPPHP_17840 glutamate-5-semialdehyde dehydrogenase,Unmatched,0,0,0
JMPPHP_17845 arsenosugar biosynthesis arsenite methyltransferase ArsM,Unmatched,0,0,0
JMPPHP_17850 LysR family transcriptional regulator,Unmatched,0,0,0
"JMPPHP_17855 Glycosyl transferase family, a/b domain-containing protein",Unmatched,0,0,0
JMPPHP_17860 hypothetical protein,Unmatched,0,0,0
JMPPHP_17865 hypothetical protein,Unmatched,0,0,0
JMPPHP_17870 phosphate ABC transporter permease,Unmatched,0,0,0
JMPPHP_17875 Uma2 domain-containing protein,Unmatched,0,0,0
JMPPHP_17880 precorrin-3B C(17)-methyltransferase,Unmatched,0,0,0
JMPPHP_17885 chloride channel core,Unmatched,0,0,0
JMPPHP_17890 hypothetical protein,Unmatched,0,0,0
JMPPHP_17895 hypothetical protein,Unmatched,0,0,0
JMPPHP_17900 DUF5615 domain-containing protein,Unmatched,0,0,0
JMPPHP_17905 DUF433 domain-containing protein,Unmatched,0,0,0
JMPPHP_17910 Similar to tr|Q4CAQ3|Q4CAQ3_CROWT Hypothetical protein,Unmatched,0,0,0
JMPPHP_17915 LD-carboxypeptidase,Unmatched,0,0,0
JMPPHP_17920 hypothetical protein,Unmatched,0,0,0
JMPPHP_17925 Membrane protein,Unmatched,0,0,0
JMPPHP_17930 cupin domain-containing protein,Unmatched,0,0,0
JMPPHP_17935 dihydropteroate synthase,Unmatched,0,0,0
JMPPHP_17940 hypothetical protein,Unmatched,0,0,0
JMPPHP_17945 hypothetical protein,Unmatched,0,0,0
JMPPHP_17950 pantetheine-phosphate adenylyltransferase,Unmatched,0,0,0
JMPPHP_17955 NTP-transf-9 domain-containing protein,Unmatched,0,0,0
JMPPHP_17960 DUF2499 domain-containing protein,Unmatched,0,0,0
JMPPHP_17965 DUF3593 domain-containing protein,Unmatched,0,0,0
JMPPHP_17970 glycosyltransferase,Unmatched,0,0,0
JMPPHP_17975 hypothetical protein,Unmatched,0,0,0
JMPPHP_17980 AAA-like domain-containing protein,Unmatched,0,0,0
JMPPHP_17985 zinc ribbon domain-containing protein,Unmatched,0,0,0
JMPPHP_17990 magnesium-protoporphyrin IX monomethyl ester (oxidative) cyclase,Unmatched,0,0,0
JMPPHP_17995 hypothetical protein,Unmatched,0,0,0
JMPPHP_18000 hypothetical protein,Unmatched,0,0,0
JMPPHP_18005 IS5/IS1182 family transposase,Unmatched,0,0,0
JMPPHP_18010 hypothetical protein,Unmatched,0,0,0
JMPPHP_18015 Methyltransferase domain-containing protein,Unmatched,0,0,0
JMPPHP_18020 ABC transporter permease,Unmatched,0,0,0
JMPPHP_18025 GDP-mannose-dependent alpha-(1-6)-phosphatidylinositol monomannoside mannosyltransferase,Unmatched,0,0,0
JMPPHP_18030 CPBP family intramembrane metalloprotease domain-containing protein,Unmatched,0,0,0
JMPPHP_18035 DNA-sulfur modification-associated,Unmatched,0,0,0
JMPPHP_18040 PIN domain nuclease,Unmatched,0,0,0
JMPPHP_18045 type II toxin-antitoxin system prevent-host-death family antitoxin,Unmatched,0,0,0
JMPPHP_18050 hypothetical protein,Unmatched,0,0,0
JMPPHP_18055 PIN-10 domain-containing protein,Unmatched,0,0,0
JMPPHP_18060 N(1)-aminopropylagmatine ureohydrolase,Unmatched,0,0,0
JMPPHP_18065 DUF3153 domain-containing protein,Unmatched,0,0,0
JMPPHP_18070 class 1 fructose-bisphosphatase,Unmatched,0,0,0
JMPPHP_18075 hypothetical protein,Unmatched,0,0,0
JMPPHP_18080 AbrB family transcriptional regulator,Unmatched,0,0,0
JMPPHP_18085 PINc domain-containing protein,Unmatched,0,0,0
JMPPHP_18090 hypothetical protein,Unmatched,0,0,0
JMPPHP_18095 hypothetical protein,Unmatched,0,0,0
JMPPHP_18100 Lipoyl synthase 2,Unmatched,0,0,0
JMPPHP_18105 ATP-dependent Clp protease proteolytic subunit,Unmatched,0,0,0
JMPPHP_18110 ATP-dependent Clp protease proteolytic subunit,Unmatched,0,0,0
JMPPHP_18115 hypothetical protein,Unmatched,0,0,0
JMPPHP_18120 NHLP bacteriocin system secretion protein,Unmatched,0,0,0
JMPPHP_18125 N-acetyl-gamma-glutamyl-phosphate reductase,Unmatched,0,0,0
JMPPHP_18130 D-alanyl-D-alanine carboxypeptidase/D-alanyl-D-alanine-endopeptidase,Unmatched,0,0,0
JMPPHP_18135 phosphate acyltransferase PlsX,Unmatched,0,0,0
JMPPHP_18140 Carbonic anhydrase,Unmatched,0,0,0
JMPPHP_18145 ferrochelatase,Unmatched,0,0,0
JMPPHP_18150 tRNA-Arg(tct),Unmatched,0,0,0
JMPPHP_18155 hypothetical protein,Unmatched,0,0,0
JMPPHP_18160 hypothetical protein,Unmatched,0,0,0
JMPPHP_18165 DUF5615 domain-containing protein,Unmatched,0,0,0
JMPPHP_18170 hypothetical protein,Unmatched,0,0,0
JMPPHP_18175 HigA family addiction module antitoxin,Unmatched,0,0,0
JMPPHP_18190 long-chain fatty acid--CoA ligase,Unmatched,0,0,0
JMPPHP_18195 YlqD protein,Unmatched,0,0,0
JMPPHP_18205 DedA family protein,Unmatched,0,0,0
JMPPHP_18210 pentapeptide repeat-containing protein,Unmatched,0,0,0
JMPPHP_18215 peptide ABC transporter substrate-binding protein,Unmatched,0,0,0
JMPPHP_18220 hypothetical protein,Unmatched,0,0,0
JMPPHP_18225 protoporphyrinogen oxidase HemJ,Unmatched,0,0,0
JMPPHP_18230 hypothetical protein,Unmatched,0,0,0
JMPPHP_18235 peptidase,Unmatched,0,0,0
JMPPHP_18240 hypothetical protein,Unmatched,0,0,0
JMPPHP_18245 ATPase,Unmatched,0,0,0
JMPPHP_18250 hypothetical protein,Unmatched,0,0,0
JMPPHP_18255 23S rRNA (uracil(1939)-C(5))-methyltransferase RlmD,Unmatched,0,0,0
JMPPHP_18260 ATP-binding protein,Unmatched,0,0,0
JMPPHP_18265 DUF6439 domain-containing protein,Unmatched,0,0,0
JMPPHP_18270 baseplate protein,Unmatched,0,0,0
JMPPHP_18275 PAAR motif protein,Unmatched,0,0,0
JMPPHP_18280 D-alanyl-D-alanine carboxypeptidase/D-alanyl-D-alanine-endopeptidase,Unmatched,0,0,0
JMPPHP_18285 ABM domain-containing protein,Unmatched,0,0,0
JMPPHP_18290 Formylglycine-generating enzyme family protein,Unmatched,0,0,0
JMPPHP_18295 Uncharacterised protein family (UPF0175),Unmatched,0,0,0
JMPPHP_18300 FGE-sulfatase domain-containing protein,Unmatched,0,0,0
JMPPHP_18305 ABC transporter permease,Unmatched,0,0,0
JMPPHP_18310 MFS transporter,Unmatched,0,0,0
JMPPHP_18315 ABC transporter ATP-binding protein,Unmatched,0,0,0
JMPPHP_18320 CRISPR-associated endonuclease Cas2,Unmatched,0,0,0
JMPPHP_18325 type I-MYXAN CRISPR-associated endonuclease Cas1,Unmatched,0,0,0
JMPPHP_18330 urea ABC transporter ATP-binding subunit UrtE,Unmatched,0,0,0
JMPPHP_18335 Ribose import ATP-binding protein RbsA,Unmatched,0,0,0
JMPPHP_18340 hypothetical protein,Unmatched,0,0,0
JMPPHP_18345 DNA (cytosine-5-)-methyltransferase,Unmatched,0,0,0
JMPPHP_18350 glutathione S-transferase,Unmatched,0,0,0
JMPPHP_18355 hypothetical protein,Unmatched,0,0,0
JMPPHP_18360 hypothetical protein,Unmatched,0,0,0
JMPPHP_18365 Aspartyl protease,Unmatched,0,0,0
JMPPHP_18370 carboxypeptidase,Unmatched,0,0,0
JMPPHP_18375 hypothetical protein,Unmatched,0,0,0
JMPPHP_18380 hypothetical protein,Unmatched,0,0,0
JMPPHP_18385 Glutamine-dependent NAD(+) synthetase,Unmatched,0,0,0
JMPPHP_18390 asparaginase,Unmatched,0,0,0
JMPPHP_18395 DUF1230 domain-containing protein,Unmatched,0,0,0
JMPPHP_18400 ribosome silencing factor,Unmatched,0,0,0
JMPPHP_18405 bis(5'-nucleosyl)-tetraphosphatase (symmetrical) YqeK,Unmatched,0,0,0
JMPPHP_18410 GTP-binding protein,Unmatched,0,0,0
JMPPHP_18415 hypothetical protein,Unmatched,0,0,0
JMPPHP_18430 hypothetical protein,Unmatched,0,0,0
JMPPHP_18435 hypothetical protein,Unmatched,0,0,0
JMPPHP_18440 pyruvate phosphate dikinase PEP/pyruvate-binding protein,Unmatched,0,0,0
JMPPHP_18445 GIY-YIG nuclease family protein,Unmatched,0,0,0
JMPPHP_18450 excinuclease ABC C subunit domain protein,Unmatched,0,0,0
JMPPHP_18455 Putative restriction endonuclease,Unmatched,0,0,0
JMPPHP_18460 hypothetical protein,Unmatched,0,0,0
JMPPHP_18465 transcriptional regulator,Unmatched,0,0,0
JMPPHP_18470 sodium-dependent bicarbonate transport family permease,Unmatched,0,0,0
JMPPHP_18475 hypothetical protein,Unmatched,0,0,0
JMPPHP_18480 Tetratricopeptide repeat family protein,Unmatched,0,0,0
JMPPHP_18485 hypothetical protein,Unmatched,0,0,0
JMPPHP_18490 DUF5615 domain-containing protein,Unmatched,0,0,0
JMPPHP_18495 transcriptional regulator,Unmatched,0,0,0
JMPPHP_18500 1-acyl-sn-glycerol-3-phosphate acyltransferase,Unmatched,0,0,0
JMPPHP_18515 transcriptional regulator,Unmatched,0,0,0
JMPPHP_18520 leucyl/phenylalanyl-tRNA--protein transferase,Unmatched,0,0,0
JMPPHP_18525 hypothetical protein,Unmatched,0,0,0
JMPPHP_18530 PMT-2 domain-containing protein,Unmatched,0,0,0
JMPPHP_18535 Nitroreductase domain-containing protein,Unmatched,0,0,0
JMPPHP_18540 DNA sulfur modification protein DndE,Unmatched,0,0,0
JMPPHP_18545 DNA sulfur modification protein DndD,Unmatched,0,0,0
JMPPHP_18550 phosphoesterase,Unmatched,0,0,0
JMPPHP_18555 exosortase,Unmatched,0,0,0
JMPPHP_18560 hypothetical protein,Unmatched,0,0,0
JMPPHP_18565 preprotein translocase subunit Tim44,Unmatched,0,0,0
JMPPHP_18570 IctB family putative bicarbonate transporter,Unmatched,0,0,0
JMPPHP_18575 L-lactate dehydrogenase,Unmatched,0,0,0
JMPPHP_18580 DUF952 domain-containing protein,Unmatched,0,0,0
JMPPHP_18585 cytosine deaminase,Unmatched,0,0,0
"JMPPHP_18590 7,8-didemethyl-8-hydroxy-5-deazariboflavin synthase subunit CofG",Unmatched,0,0,0
JMPPHP_18595 transglutaminase,Unmatched,0,0,0
JMPPHP_18600 hypothetical protein,Unmatched,0,0,0
JMPPHP_18605 transcriptional regulator,Unmatched,0,0,0
JMPPHP_18610 type II toxin-antitoxin system HigB family toxin,Unmatched,0,0,0
JMPPHP_18615 Signal peptidase I,Unmatched,0,0,0
JMPPHP_18620 ribose-phosphate pyrophosphokinase,Unmatched,0,0,0
JMPPHP_18625 translational GTPase TypA,Unmatched,0,0,0
JMPPHP_18630 tRNA guanosine(34) transglycosylase Tgt,Unmatched,0,0,0
JMPPHP_18635 photosystem II reaction center protein K,Unmatched,0,0,0
JMPPHP_18640 hypothetical protein,Unmatched,0,0,0
JMPPHP_18645 peroxiredoxin,Unmatched,0,0,0
JMPPHP_18650 hypothetical protein,Unmatched,0,0,0
JMPPHP_18655 ferredoxin,Unmatched,0,0,0
JMPPHP_18660 tRNA-Tyr(gta),Unmatched,0,0,0
JMPPHP_18665 tRNA-Thr(ggt),Unmatched,0,0,0
JMPPHP_18670 hypothetical protein,Unmatched,0,0,0
JMPPHP_18675 Pre-peptidase,Unmatched,0,0,0
JMPPHP_18680 AIR synthase related protein,Unmatched,0,0,0
JMPPHP_18685 Similarity,Unmatched,0,0,0
JMPPHP_18690 photosynthetic/respiratory NAD(P)H-quinone oxidoreductase subunit H,Unmatched,0,0,0
JMPPHP_18695 hypothetical protein,Unmatched,0,0,0
JMPPHP_18700 Tetratricopeptide TPR_2,Unmatched,0,0,0
JMPPHP_18705 ATP-dependent 6-phosphofructokinase,Unmatched,0,0,0
JMPPHP_18710 glutamate--tRNA ligase,Unmatched,0,0,0
JMPPHP_18715 hypothetical protein,Unmatched,0,0,0
JMPPHP_18720 hypothetical protein,Unmatched,0,0,0
JMPPHP_18725 Rho termination factor,Unmatched,0,0,0
JMPPHP_18730 ParA family protein,Unmatched,0,0,0
JMPPHP_18735 GAF domain-containing protein,Unmatched,0,0,0
JMPPHP_18740 FAD-dependent oxidoreductase,Unmatched,0,0,0
JMPPHP_18745 hypothetical protein,Unmatched,0,0,0
JMPPHP_18750 hypothetical protein,Unmatched,0,0,0
JMPPHP_18755 DUF29 domain-containing protein,Unmatched,0,0,0
JMPPHP_18760 type IV secretion protein Rhs,Unmatched,0,0,0
JMPPHP_18765 hypothetical protein,Unmatched,0,0,0
JMPPHP_18770 hypothetical protein,Unmatched,0,0,0
JMPPHP_18775 hypothetical protein,Unmatched,0,0,0
JMPPHP_18780 Chromophore lyase CpcT/CpeT 2,Unmatched,0,0,0
JMPPHP_18785 peptidase S51,Unmatched,0,0,0
JMPPHP_18790 polyamine ABC transporter substrate-binding protein,Unmatched,0,0,0
JMPPHP_18795 site-2 protease family protein,Unmatched,0,0,0
JMPPHP_18800 Holliday junction branch migration protein RuvA,Unmatched,0,0,0
JMPPHP_18805 Allophycocyanin alpha chain,Unmatched,0,0,0
JMPPHP_18810 allophycocyanin subunit beta,Unmatched,0,0,0
JMPPHP_18815 photosystem I reaction center subunit XII,Unmatched,0,0,0
JMPPHP_18820 peptide-methionine (R)-S-oxide reductase,Unmatched,0,0,0
JMPPHP_18825 tRNA dihydrouridine(20/20a) synthase DusA,Unmatched,0,0,0
JMPPHP_18830 DUF362 domain-containing protein,Unmatched,0,0,0
JMPPHP_18835 (2Fe-2S)-binding protein,Unmatched,0,0,0
JMPPHP_18840 DUF1997 domain-containing protein,Unmatched,0,0,0
JMPPHP_18845 antitoxin VapB,Unmatched,0,0,0
JMPPHP_18850 VapC toxin family PIN domain ribonuclease,Unmatched,0,0,0
JMPPHP_18855 hypothetical protein,Unmatched,0,0,0
JMPPHP_18860 hypothetical protein,Unmatched,0,0,0
JMPPHP_18865 tRNA-Gly(ccc),Unmatched,0,0,0
JMPPHP_18870 hypothetical protein,Unmatched,0,0,0
JMPPHP_18875 IS630 family transposase,Unmatched,0,0,0
JMPPHP_18880 DUF433 domain-containing protein,Unmatched,0,0,0
JMPPHP_18885 hypothetical protein,Unmatched,0,0,0
JMPPHP_18890 hypothetical protein,Unmatched,0,0,0
JMPPHP_18895 N-acetylmuramoyl-L-alanine amidase,Unmatched,0,0,0
JMPPHP_18900 Leishmanolysin,Unmatched,0,0,0
JMPPHP_18905 hypothetical protein,Unmatched,0,0,0
JMPPHP_18910 DUF4127 domain-containing protein,Unmatched,0,0,0
JMPPHP_18915 hypothetical protein,Unmatched,0,0,0
JMPPHP_18920 hypothetical protein,Unmatched,0,0,0
JMPPHP_18925 bifunctional acetaldehyde-CoA/alcohol dehydrogenase,Unmatched,0,0,0
JMPPHP_18930 Iron-sulfur cluster biosynthesis transcriptional regulator SufR,Unmatched,0,0,0
JMPPHP_18935 Uma2 family endonuclease,Unmatched,0,0,0
JMPPHP_18940 Uma2 domain-containing protein,Unmatched,0,0,0
JMPPHP_18945 UDP-N-acetylmuramoyl-L-alanine--D-glutamate ligase,Unmatched,0,0,0
JMPPHP_18950 Cell division protein FtsZ,Unmatched,0,0,0
JMPPHP_18955 bifunctional hydroxymethylpyrimidine kinase/phosphomethylpyrimidine kinase,Unmatched,0,0,0
JMPPHP_18960 DUF1080 domain-containing protein,Unmatched,0,0,0
JMPPHP_18965 hypothetical protein,Unmatched,0,0,0
JMPPHP_18970 serine/threonine protein kinase,Unmatched,0,0,0
"JMPPHP_18975 2,5-didehydrogluconate reductase",Unmatched,0,0,0
JMPPHP_18980 recombinase RecA,Unmatched,0,0,0
JMPPHP_18985 hypothetical protein,Unmatched,0,0,0
JMPPHP_18990 hypothetical protein,Unmatched,0,0,0
JMPPHP_18995 FGE-sulfatase domain-containing protein,Unmatched,0,0,0
JMPPHP_19000 aspartate--tRNA ligase,Unmatched,0,0,0
JMPPHP_19005 citrate lyase beta subunit,Unmatched,0,0,0
JMPPHP_19010 hypothetical protein,Unmatched,0,0,0
JMPPHP_19015 DUF3598 domain-containing protein,Unmatched,0,0,0
JMPPHP_19020 aspartate 1-decarboxylase,Unmatched,0,0,0
JMPPHP_19025 hypothetical protein,Unmatched,0,0,0
JMPPHP_19030 Chromosome partition protein Smc,Unmatched,0,0,0
JMPPHP_19035 hypothetical protein,Unmatched,0,0,0
JMPPHP_19040 hypothetical protein,Unmatched,0,0,0
JMPPHP_19045 hypothetical protein,Unmatched,0,0,0
JMPPHP_19050 glutaredoxin 3,Unmatched,0,0,0
JMPPHP_19055 glutathione synthase,Unmatched,0,0,0
JMPPHP_19060 hypothetical protein,Unmatched,0,0,0
JMPPHP_19065 PspA/IM30 family,Unmatched,0,0,0
JMPPHP_19070 Peripla-BP-6 domain-containing protein,Unmatched,0,0,0
JMPPHP_19075 ferrous iron transport protein A,Unmatched,0,0,0
JMPPHP_19080 nickel import ATP-binding protein NikD,Unmatched,0,0,0
JMPPHP_19085 amidase,Unmatched,0,0,0
JMPPHP_19110 MFS transporter,Unmatched,0,0,0
JMPPHP_19115 glycosyl transferase group 1,Unmatched,0,0,0
JMPPHP_19135 biopolymer transporter ExbB,Unmatched,0,0,0
JMPPHP_19140 MoxR family ATPase,Unmatched,0,0,0
JMPPHP_19145 Similarity,Unmatched,0,0,0
JMPPHP_19150 glycosyl transferase,Unmatched,0,0,0
JMPPHP_19155 Glycosyltransferase family 87,Unmatched,0,0,0
JMPPHP_19160 hypothetical protein,Unmatched,0,0,0
JMPPHP_19165 ribosome maturation factor RimM,Unmatched,0,0,0
JMPPHP_19170 hydroxyacid dehydrogenase,Unmatched,0,0,0
JMPPHP_19175 hypothetical protein,Unmatched,0,0,0
JMPPHP_19180 ATPase,Unmatched,0,0,0
JMPPHP_19185 cobaltochelatase subunit CobN,Unmatched,0,0,0
JMPPHP_19190 Chaperone protein ClpB,Unmatched,0,0,0
JMPPHP_19195 Similar to tr|Q55985|Q55985,Unmatched,0,0,0
JMPPHP_19200 Uncharacterised protein family (UPF0175),Unmatched,0,0,0
JMPPHP_19205 Fe-S cluster assembly ATPase SufC,Unmatched,0,0,0
JMPPHP_19210 hypothetical protein,Unmatched,0,0,0
JMPPHP_19215 DUF4231 domain-containing protein,Unmatched,0,0,0
JMPPHP_19220 hypothetical protein,Unmatched,0,0,0
JMPPHP_19225 metallophosphatase family protein,Unmatched,0,0,0
JMPPHP_19230 aspartoacylase,Unmatched,0,0,0
JMPPHP_19235 acetolactate synthase small subunit,Unmatched,0,0,0
JMPPHP_19240 glycogen debranching protein GlgX,Unmatched,0,0,0
JMPPHP_19245 DUF3887 domain-containing protein,Unmatched,0,0,0
JMPPHP_19250 phosphopyruvate hydratase,Unmatched,0,0,0
JMPPHP_19255 SIMPL domain-containing protein,Unmatched,0,0,0
JMPPHP_19260 AbrB family transcriptional regulator,Unmatched,0,0,0
JMPPHP_19265 transcriptional regulator,Unmatched,0,0,0
JMPPHP_19270 GFA family protein,Unmatched,0,0,0
JMPPHP_19275 adenosylcobinamide-phosphate synthase CbiB,Unmatched,0,0,0
JMPPHP_19280 hypothetical protein,Unmatched,0,0,0
JMPPHP_19285 1-acyl-sn-glycerol-3-phosphate acyltransferase,Unmatched,0,0,0
JMPPHP_19290 Cyano-1 RNA,Unmatched,0,0,0
JMPPHP_19295 hypothetical protein,Unmatched,0,0,0
JMPPHP_19300 Slr0038 protein,Unmatched,0,0,0
JMPPHP_19305 Uncharacterized protein slr0039,Unmatched,0,0,0
JMPPHP_19310 long-chain fatty acid--CoA ligase,Unmatched,0,0,0
JMPPHP_19315 type II 3-dehydroquinate dehydratase,Unmatched,0,0,0
JMPPHP_19320 DNA mismatch repair endonuclease MutL,Unmatched,0,0,0
JMPPHP_19325 DUF4079 domain-containing protein,Unmatched,0,0,0
JMPPHP_19330 ribosome biogenesis GTPase Der,Unmatched,0,0,0
JMPPHP_19335 VMAP-M9 domain-containing protein,Unmatched,0,0,0
JMPPHP_19340 AAA family ATPase,Unmatched,0,0,0
JMPPHP_19345 hypothetical protein,Unmatched,0,0,0
JMPPHP_19350 Baseplate J-like protein,Unmatched,0,0,0
JMPPHP_19355 putative baseplate assembly protein,Unmatched,0,0,0
JMPPHP_19360 lipid-A-disaccharide synthase,Unmatched,0,0,0
JMPPHP_19365 aminomethyl-transferring glycine dehydrogenase,Unmatched,0,0,0
JMPPHP_19370 phospholipid carrier-dependent glycosyltransferase,Unmatched,0,0,0
JMPPHP_19375 4-amino-4-deoxychorismate lyase,Unmatched,0,0,0
JMPPHP_19380 single-stranded DNA-binding protein,Unmatched,0,0,0
JMPPHP_19385 AMP-dependent synthetase,Unmatched,0,0,0
JMPPHP_19390 DNA-processing protein DprA,Unmatched,0,0,0
JMPPHP_19395 hypothetical protein,Unmatched,0,0,0
JMPPHP_19400 PemK-like protein,Unmatched,0,0,0
JMPPHP_19405 hypothetical protein,Unmatched,0,0,0
JMPPHP_19410 Serine/threonine-protein kinase pkn1,Unmatched,0,0,0
JMPPHP_19415 porin,Unmatched,0,0,0
JMPPHP_19420 GUN4 domain-containing protein,Unmatched,0,0,0
"JMPPHP_19425 HicA toxin of bacterial toxin-antitoxin,",Unmatched,0,0,0
JMPPHP_19430 HicB-like domain-containing protein,Unmatched,0,0,0
JMPPHP_19435 Similarity with tr|Q9RNA5|Q9RNA5,Unmatched,0,0,0
JMPPHP_19440 DUF4258 domain-containing protein,Unmatched,0,0,0
JMPPHP_19445 hypothetical protein,Unmatched,0,0,0
JMPPHP_19450 hypothetical protein,Unmatched,0,0,0
JMPPHP_19455 BrnT family toxin,Unmatched,0,0,0
JMPPHP_19460 EamA family transporter,Unmatched,0,0,0
JMPPHP_19465 Photosystem I reaction center subunit II,Unmatched,0,0,0
JMPPHP_19470 Urease accessory protein UreF,Unmatched,0,0,0
JMPPHP_19475 glycosyltransferase,Unmatched,0,0,0
JMPPHP_19480 2-hydroxy-3-keto-5-methylthiopentenyl-1-phosphate phosphatase,Unmatched,0,0,0
JMPPHP_19485 hydrolase,Unmatched,0,0,0
JMPPHP_19490 hypothetical protein,Unmatched,0,0,0
JMPPHP_19495 lipid kinase,Unmatched,0,0,0
JMPPHP_19500 AraC family transcriptional regulator,Unmatched,0,0,0
JMPPHP_19505 hypothetical protein,Unmatched,0,0,0
JMPPHP_19510 AAA domain-containing protein,Unmatched,0,0,0
JMPPHP_19515 hypothetical protein,Unmatched,0,0,0
JMPPHP_19520 F0F1 ATP synthase subunit beta,Unmatched,0,0,0
JMPPHP_19525 ATP synthase F1 subunit epsilon,Unmatched,0,0,0
JMPPHP_19530 PS-pyruv-trans domain-containing protein,Unmatched,0,0,0
JMPPHP_19535 hypothetical protein,Unmatched,0,0,0
JMPPHP_19540 hypothetical protein,Unmatched,0,0,0
"JMPPHP_19545 Type I restriction-modification system, specificity subunit S",Unmatched,0,0,0
JMPPHP_19550 Type II toxin-antitoxin system RelE/ParE family toxin,Unmatched,0,0,0
JMPPHP_19555 hypothetical protein,Unmatched,0,0,0
JMPPHP_19560 hypothetical protein,Unmatched,0,0,0
JMPPHP_19565 molybdenum cofactor biosynthesis protein MoaE,Unmatched,0,0,0
JMPPHP_19570 Bacterial archaeo-eukaryotic release factor family 3,Unmatched,0,0,0
JMPPHP_19575 glycosyl transferase family 2,Unmatched,0,0,0
JMPPHP_19580 phosphoglycerate dehydrogenase,Unmatched,0,0,0
JMPPHP_19585 50S ribosomal protein L11 methyltransferase,Unmatched,0,0,0
JMPPHP_19590 tetratricopeptide repeat protein,Unmatched,0,0,0
JMPPHP_19595 DUF1902 domain-containing protein,Unmatched,0,0,0
JMPPHP_19600 prevent-host-death protein,Unmatched,0,0,0
JMPPHP_19605 PIN domain nuclease,Unmatched,0,0,0
JMPPHP_19610 DNA methyltransferase,Unmatched,0,0,0
JMPPHP_19615 hypothetical protein,Unmatched,0,0,0
JMPPHP_19620 peptidoglycan-binding protein LysM,Unmatched,0,0,0
JMPPHP_19625 Phage tail baseplate hub (GPD),Unmatched,0,0,0
JMPPHP_19630 hypothetical protein,Unmatched,0,0,0
JMPPHP_19635 hypothetical protein,Unmatched,0,0,0
JMPPHP_19640 9-O-acetyl-N-acetylneuraminate esterase,Unmatched,0,0,0
JMPPHP_19645 Putative restriction endonuclease,Unmatched,0,0,0
JMPPHP_19665 hypothetical protein,Unmatched,0,0,0
JMPPHP_19675 Lipid transporter ATP-binding/permease protein,Unmatched,0,0,0
JMPPHP_19680 DUF4164 domain-containing protein,Unmatched,0,0,0
JMPPHP_19685 DNA-sulfur modification-associated,Unmatched,0,0,0
JMPPHP_19690 alpha/beta hydrolase,Unmatched,0,0,0
JMPPHP_19695 hypothetical protein,Unmatched,0,0,0
JMPPHP_19700 cation:proton antiporter,Unmatched,0,0,0
JMPPHP_19705 hypothetical protein,Unmatched,0,0,0
JMPPHP_19710 hypothetical protein,Unmatched,0,0,0
JMPPHP_19715 hypothetical protein,Unmatched,0,0,0
JMPPHP_19720 hypothetical protein,Unmatched,0,0,0
JMPPHP_19725 hypothetical protein,Unmatched,0,0,0
JMPPHP_19730 hypothetical protein,Unmatched,0,0,0
JMPPHP_19735 DUF262 domain-containing protein,Unmatched,0,0,0
JMPPHP_19740 hypothetical protein,Unmatched,0,0,0
JMPPHP_19745 hypothetical protein,Unmatched,0,0,0
JMPPHP_19750 HAD family hydrolase,Unmatched,0,0,0
JMPPHP_19755 hypothetical protein,Unmatched,0,0,0
JMPPHP_19760 hypothetical protein,Unmatched,0,0,0
JMPPHP_19765 phosphate acetyltransferase,Unmatched,0,0,0
JMPPHP_19770 Type II toxin-antitoxin system VapC family toxin,Unmatched,0,0,0
JMPPHP_19775 hypothetical protein,Unmatched,0,0,0
JMPPHP_19780 sodium:proton antiporter,Unmatched,0,0,0
JMPPHP_19825 hypothetical protein,Unmatched,0,0,0
JMPPHP_19830 hypothetical protein,Unmatched,0,0,0
JMPPHP_19835 Prokaryotic-like s of the JAB domain-containing protein,Unmatched,0,0,0
JMPPHP_19840 DUF4334 domain-containing protein,Unmatched,0,0,0
JMPPHP_19845 IscS subfamily cysteine desulfurase,Unmatched,0,0,0
JMPPHP_19850 NADH-quinone oxidoreductase subunit M,Unmatched,0,0,0
JMPPHP_19855 hypothetical protein,Unmatched,0,0,0
JMPPHP_19860 DUF3038 domain-containing protein,Unmatched,0,0,0
JMPPHP_19865 adenine phosphoribosyltransferase,Unmatched,0,0,0
JMPPHP_19870 recombinase,Unmatched,0,0,0
JMPPHP_19875 thioredoxin,Unmatched,0,0,0
JMPPHP_19880 hypothetical protein,Unmatched,0,0,0
JMPPHP_19885 hypothetical protein,Unmatched,0,0,0
JMPPHP_19890 chlorophyll synthase ChlG,Unmatched,0,0,0
JMPPHP_19895 leucyl aminopeptidase,Unmatched,0,0,0
JMPPHP_19905 Phosphomannomutase,Unmatched,0,0,0
JMPPHP_19910 four helix bundle protein,Unmatched,0,0,0
JMPPHP_19915 nitrate reductase catalytic subunit,Unmatched,0,0,0
JMPPHP_19920 DNA polymerase subunit beta,Unmatched,0,0,0
JMPPHP_19925 hypothetical protein,Unmatched,0,0,0
JMPPHP_19930 cobalt-precorrin-5B (C(1))-methyltransferase CbiD,Unmatched,0,0,0
JMPPHP_19935 glutamine-hydrolyzing GMP synthase,Unmatched,0,0,0
JMPPHP_19940 hypethetical protein,Unmatched,0,0,0
JMPPHP_19945 HEPN-RiboL-PSP domain-containing protein,Unmatched,0,0,0
JMPPHP_19950 SAM-dependent methyltransferase,Unmatched,0,0,0
JMPPHP_19955 type I DNA topoisomerase,Unmatched,0,0,0
JMPPHP_19960 bifunctional methylenetetrahydrofolate dehydrogenase/methenyltetrahydrofolate cyclohydrolase FolD,Unmatched,0,0,0
JMPPHP_19965 OB-fold nucleic acid binding domain protein,Unmatched,0,0,0
JMPPHP_19970 Glycosyltransferase family 1 protein,Unmatched,0,0,0
JMPPHP_19975 Glycosyltransferase,Unmatched,0,0,0
"JMPPHP_19980 Poly-beta-1,6-N-acetyl-D-glucosamine synthase",Unmatched,0,0,0
JMPPHP_19990 hypothetical protein,Unmatched,0,0,0
JMPPHP_19995 chloride channel protein,Unmatched,0,0,0
JMPPHP_20000 ribonuclease Z,Unmatched,0,0,0
JMPPHP_20005 CCA tRNA nucleotidyltransferase,Unmatched,0,0,0
JMPPHP_20010 hypothetical protein,Unmatched,0,0,0
JMPPHP_20015 hypothetical protein,Unmatched,0,0,0
JMPPHP_20020 HNH endonuclease,Unmatched,0,0,0
JMPPHP_20025 ATPase,Unmatched,0,0,0
JMPPHP_20030 3-isopropylmalate dehydrogenase,Unmatched,0,0,0
JMPPHP_20035 hypothetical protein,Unmatched,0,0,0
JMPPHP_20040 NUDIX hydrolase,Unmatched,0,0,0
JMPPHP_20045 hypothetical protein,Unmatched,0,0,0