Query_Name,Reference_Name,Identity_Score,Query_Coverage,Query_Length
FPMLKI_00560 glutamate--cysteine ligase,ctg30_9_Novel-T3PKS_28_0,97.48,99.65,1155
FPMLKI_00565 resolvase,ctg30_8_Novel-T3PKS_28_0,96.95,100,393
FPMLKI_00570 EamA family transporter,ctg30_7_Novel-T3PKS_28_0,97.14,100,909
FPMLKI_00575 Uncharacterized protein sll0103,ctg30_6_Novel-T3PKS_28_0,97.12,100,1251
FPMLKI_00720 N-terminal part of Q9RNA5_MICAE Uma4,AAF00967.1_uma4_MicrocystisaeruginosaPCC7806_microcystinLR,93.75,98.77,81
FPMLKI_01115 rhodanese-related sulfurtransferase,ctg20_3_samp_2073_1151163_NRPS,97.94,100,339
FPMLKI_01380 phosphoadenosine phosphosulfate reductase,ctg27_34_T1PKS-Terpene_11_0,97.2,100,822
FPMLKI_01385 hydrolase,ctg27_35_T1PKS-Terpene_11_0,97.98,97.23,867
FPMLKI_01400 GTPase,ctg27_40_T1PKS-Terpene_11_0,96.7,98.82,1872
"FPMLKI_01405 3'(2'),5'-bisphosphate nucleotidase CysQ",ctg27_41_T1PKS-Terpene_11_0,96.58,100,876
FPMLKI_02230 hypothetical protein,ctg36_2_NRPS-like_34_0,78.19,94.89,372
FPMLKI_02235 hypothetical protein,ctg36_2_NRPS-like_34_0,85.71,97.36,417
FPMLKI_02240 hypothetical protein,ctg36_2_NRPS-like_34_0,89.81,85.71,378
FPMLKI_02425 Glycogen debranching protein,ctg28_3_RiPP-like_84_0,97.62,100,210
FPMLKI_02430 Dolichyl-phosphate-mannose-protein mannosyltransferase,ctg28_2_RiPP-like_84_0,96.55,100,1680
FPMLKI_02960 hypothetical protein,ctg28_4_RiPP-like_84_0,92.99,71.69,219
FPMLKI_03730 hypothetical protein,ctg34_2_Bartoloside-T1PKS_18_0,96.67,100,240
FPMLKI_03820 Light-repressed protein A,ctg39_6_Cyanobactin_50_0,96.83,100,600
FPMLKI_03825 heat-shock protein,ctg39_7_Cyanobactin_50_0,96.59,100,411
FPMLKI_03830 L-threonylcarbamoyladenylate synthase,ctg39_8_Cyanobactin_50_0,97.98,100,642
FPMLKI_03835 nickel pincer cofactor biosynthesis protein LarC,ctg39_9_Cyanobactin_50_0,97.38,100,1182
FPMLKI_03870 SnoaL-like domain-containing protein,ctg105_7_Anabaenopeptin_16_0,100,100,405
FPMLKI_03875 histidinol-phosphate transaminase,ctg105_8_Anabaenopeptin_16_0,98.42,100,1077
"FPMLKI_03880 ABC-type uncharacterized transport system, permease and ATPase components","ABV79989.1_apnE_PlanktothrixagardhiiNIVA-CYA126/8_anabaenopeptin908,anabaenopeptin915",95.52,96.75,1752
FPMLKI_03890 non-ribosomal peptide synthetase,ctg105_10_Anabaenopeptin_16_0,97.25,99.27,4242
FPMLKI_03895 D-alanine--poly(phosphoribitol) ligase subunit DltA,ctg105_11_Anabaenopeptin_16_0,97.59,100,7722
FPMLKI_03900 non-ribosomal peptide synthetase,ctg105_12_Anabaenopeptin_16_0,98.12,100,3237
FPMLKI_03905 D-alanine--poly(phosphoribitol) ligase subunit DltA,ctg105_13_Anabaenopeptin_16_0,97.34,100.02,6501
FPMLKI_03910 2-isopropylmalate synthase,ctg105_14_Anabaenopeptin_16_0,97.88,100.08,1179
FPMLKI_03915 3-isopropylmalate dehydrogenase,ctg105_15_Anabaenopeptin_16_0,99.62,100,1065
FPMLKI_03920 homoaconitate hydratase family protein,ctg105_16_Anabaenopeptin_16_0,99.19,100,1731
FPMLKI_03985 DUF4351 domain-containing protein,ctg34_26_Bartoloside-T1PKS_18_0,95.71,80.46,870
FPMLKI_03990 DUF4351 domain-containing protein,ctg34_26_Bartoloside-T1PKS_18_0,92.19,99.34,915
FPMLKI_04230 Transposase,ctg115_1_Cyanobactin_90_0,94.31,96.47,255
FPMLKI_04470 hypothetical protein,ctg5_28_RRE-containing_23_0,95.48,100,354
FPMLKI_04475 CTP synthase,ctg5_27_RRE-containing_23_0,97.14,100,1641
FPMLKI_04480 ferredoxin,ctg5_26_RRE-containing_23_0,99.37,100,318
FPMLKI_04680 hypothetical protein,ctg57_6_Anacyclamide_57_0,91.02,100.82,243
FPMLKI_04690 ABC transporter,MBE8994633.1_IQ234_09895_MicrocystisaeruginosaLEGE91341_microginin,97.4,99.95,2004
FPMLKI_04705 DUF1995 domain-containing protein,ctg105_6_Anabaenopeptin_16_0,96.91,100,744
FPMLKI_04710 hypothetical protein,ctg105_5_Anabaenopeptin_16_0,99.27,100,273
FPMLKI_04720 flavin oxidoreductase,ctg105_3_Anabaenopeptin_16_0,96.45,100,1746
FPMLKI_04725 Phosphate-starvation-inducible E family,ctg105_2_Anabaenopeptin_16_0,97.21,100,501
FPMLKI_04870 type II toxin-antitoxin system HicB family antitoxin,ctg5_19_RRE-containing_23_0,96.89,100,225
FPMLKI_04975 pyruvate dehydrogenase (acetyl-transferring) E1 component subunit alpha,ctg2_26_samp_4305_693378_NRPS,75.58,96.14,1035
FPMLKI_05280 zf-ISL3 domain-containing protein,AAF00967.1_uma4_MicrocystisaeruginosaPCC7806_microcystinLR,96.05,85.19,297
FPMLKI_05295 AMP-dependent synthetase and ligase,BAW32332.1_makasA_MicrocystisaeruginosaNIES-87_kasumigamide,99.83,100,4053
FPMLKI_05300 Nonribosomal peptide synthetase,BAW32333.1_makasB_MicrocystisaeruginosaNIES-87_kasumigamide,99.94,100,6384
FPMLKI_05305 Hybrid cis-AT polyketide synthase-nonribosomal peptide synthetase,BAW32334.1_makasC_MicrocystisaeruginosaNIES-87_kasumigamide,99.88,100.02,12345
FPMLKI_05310 Hydroxylase,BAW32335.1_makasD_MicrocystisaeruginosaNIES-87_kasumigamide,99.94,100,1602
FPMLKI_06195 hypothetical protein,ctg71_3_T1PKS_51_0,96.21,100,396
FPMLKI_06200 AAA family ATPase,ctg71_4_T1PKS_51_0,97.82,100,1512
FPMLKI_06205 DUF1257 domain-containing protein,ctg71_5_T1PKS_51_0,98.59,81.38,435
FPMLKI_06210 SAM-dependent methyltransferase,ctg71_6_T1PKS_51_0,97.84,100.15,648
FPMLKI_06215 restriction endonuclease,ctg71_8_T1PKS_51_0,97.56,99.87,780
FPMLKI_06220 alanine dehydrogenase,ctg71_9_T1PKS_51_0,97.33,100,1086
FPMLKI_06225 DUF3181 domain-containing protein,ctg71_10_T1PKS_51_0,97.03,100,303
FPMLKI_06230 2TM domain-containing protein,ctg71_11_T1PKS_51_0,97.25,100,255
FPMLKI_06270 carotenoid biosynthesis protein,ctg30_17_Novel-T3PKS_28_0,97.49,100,915
FPMLKI_06275 serine/threonine protein kinase,ctg30_16_Novel-T3PKS_28_0,97.28,100,1545
FPMLKI_06280 DUF1957 domain-containing protein,ctg30_15_Novel-T3PKS_28_0,98.18,100,1590
FPMLKI_06285 histidine kinase,ctg30_14_Novel-T3PKS_28_0,96.97,100,1155
FPMLKI_06290 alpha/beta hydrolase,ctg30_13_Novel-T3PKS_28_0,96.5,100,828
FPMLKI_06300 ribonuclease III,ctg30_12_Novel-T3PKS_28_0,97.73,83.63,843
FPMLKI_06305 WD40 repeat domain-containing protein,ctg30_11_Novel-T3PKS_28_0,95.92,99.81,1056
FPMLKI_06310 hypothetical protein,ctg30_10_Novel-T3PKS_28_0,95.92,100,294
FPMLKI_06620 transglutaminase,ctg82_2_T3PKS-Merocyclophane_5_0,96.5,100,2313
FPMLKI_06750 ABC transporter permease,ctg5_29_RRE-containing_23_0,98.05,100,771
FPMLKI_06755 ABC transporter substrate-binding protein,ctg5_30_RRE-containing_23_0,98.59,100,1209
FPMLKI_06760 ABC transporter ATP-binding protein,ctg5_31_RRE-containing_23_0,98.08,100,783
FPMLKI_06765 acyl-CoA dehydrogenase,ctg5_32_RRE-containing_23_0,97.67,100,1116
FPMLKI_06770 DUF4242 domain-containing protein,ctg5_33_RRE-containing_23_0,97.93,100,531
FPMLKI_06805 glutathione peroxidase,ctg83_3_lanthipeptide_21_0,97.54,100,732
FPMLKI_06810 undecaprenyl-diphosphate phosphatase,ctg83_4_lanthipeptide_21_0,98.31,100,948
FPMLKI_06815 alpha/beta hydrolase,ctg83_18_lanthipeptide_21_0,96.31,88.46,858
FPMLKI_06830 ATP-dependent protease ATP-binding subunit ClpX,ctg83_19_lanthipeptide_21_0,98.8,100,1335
FPMLKI_06835 ATP-dependent Clp endopeptidase proteolytic subunit ClpP,ctg83_20_lanthipeptide_21_0,98.34,85.9,702
FPMLKI_06840 trigger factor,ctg83_21_lanthipeptide_21_0,98.78,100,1395
FPMLKI_06845 aspartate-semialdehyde dehydrogenase,ctg83_22_lanthipeptide_21_0,97.69,100,1038
FPMLKI_06850 4-hydroxy-tetrahydrodipicolinate synthase,ctg83_23_lanthipeptide_21_0,97.76,100,891
FPMLKI_06855 ribonuclease J,ctg83_24_lanthipeptide_21_0,97.43,100,1749
FPMLKI_06860 nickel pincer cofactor biosynthesis protein LarB,ctg83_25_lanthipeptide_21_0,98.7,100,771
FPMLKI_06865 1-deoxy-D-xylulose-5-phosphate synthase,ctg83_26_lanthipeptide_21_0,97.82,76.71,1911
FPMLKI_06960 DUF4351 domain-containing protein,ctg82_34_T3PKS-Merocyclophane_5_0,92.31,101.84,651
FPMLKI_06965 Uncharacterised protein family (UPF0175),ctg82_35_T3PKS-Merocyclophane_5_0,100,100,246
FPMLKI_06970 DUF3368 domain-containing protein,ctg82_36_T3PKS-Merocyclophane_5_0,97.9,100,429
FPMLKI_08285 IS4 family transposase,ctg115_1_Cyanobactin_90_0,95.16,100,930
FPMLKI_08355 DUF4327 domain-containing protein,ctg3_17_lanthipeptide_54_0,98.75,100,240
FPMLKI_08360 diacylglycerol kinase,ctg3_16_lanthipeptide_54_0,97.34,100,489
FPMLKI_08365 rRNA maturation RNase YbeY,ctg3_15_lanthipeptide_54_0,96.88,100,513
FPMLKI_08370 DUF3285 domain-containing protein,ctg3_14_lanthipeptide_54_0,98.92,100,186
FPMLKI_08375 recombinase RecQ,ctg3_13_lanthipeptide_54_0,97.45,100,1452
FPMLKI_08395 hypothetical protein,ctg3_5_lanthipeptide_54_0,99.64,100,276
FPMLKI_08400 clan AA aspartic protease,ctg3_4_lanthipeptide_54_0,99.46,100,369
FPMLKI_08530 calx-beta domain protein,ctg36_2_NRPS-like_34_0,99.97,100,3447
FPMLKI_08535 hypothetical protein,ctg36_3_NRPS-like_34_0,100,100,387
FPMLKI_08545 methylthioribulose 1-phosphate dehydratase,ctg36_4_NRPS-like_34_0,100,100,618
FPMLKI_08550 hypothetical protein,ctg36_5_NRPS-like_34_0,100,100,381
FPMLKI_08560 recombinase B,ctg36_6_NRPS-like_34_0,100,100,1434
FPMLKI_08565 cysteine lyase,ctg36_7_NRPS-like_34_0,100,100,1215
FPMLKI_08570 helicase,ctg36_8_NRPS-like_34_0,100,100,4173
FPMLKI_08575 hypothetical protein,ctg36_9_NRPS-like_34_0,100,100,468
FPMLKI_08580 Carrier domain-containing protein,ctg36_10_NRPS-like_34_0,100,100,4308
FPMLKI_08585 hypothetical protein,ctg36_2_NRPS-like_34_0,87.57,83.33,222
FPMLKI_08590 hypothetical protein,ctg36_2_NRPS-like_34_0,88.93,89.74,312
FPMLKI_09320 tRNA uridine-5-carboxymethylaminomethyl(34) synthesis enzyme MnmG,ctg1_9_samp_4305_554341_lanthipeptide-class-v,74.45,76.31,1908
FPMLKI_09875 glycine cleavage system aminomethyltransferase GcvT,ctg34_19_Bartoloside-T1PKS_18_0,97.47,100,1107
FPMLKI_09880 NFACT N-terminal and middle domains,ctg34_5_Bartoloside-T1PKS_18_0,95.55,100,1731
FPMLKI_10295 Putative restriction endonuclease,"AFK79997.1_AFK79997.1_MicrocystisaeruginosaPCC7005_piricyclamide7005E1,piricyclamide7005E2,piricyclamide7005E3,piricyclamide7005E4",94.9,94.03,771
FPMLKI_10300 anacyclamide synthesis AcyG domain protein,ctg39_5_Cyanobactin_50_0,96.69,98.69,153
FPMLKI_10995 DNA-directed RNA polymerase subunit gamma,ctg39_14_Cyanobactin_50_0,98.35,100,1881
FPMLKI_11000 reactive intermediate/imine deaminase,ctg39_13_Cyanobactin_50_0,98.21,100,390
FPMLKI_11190 5S ribosomal RNA,ctg44_1_1-heptadecene_20_0,100,88.98,118
FPMLKI_11540 Microviridin,CAQ16116.1_mdnA_MicrocystisaeruginosaNIES-298_microviridinB,90.97,103.33,150
FPMLKI_11545 MvdC family ATP-grasp ribosomal peptide maturase,CAQ16117.1_mdnB_MicrocystisaeruginosaNIES-298_microviridinB,97.73,98.98,981
FPMLKI_11550 MvdD family ATP-grasp ribosomal peptide maturase,CAQ16118.1_mdnC_MicrocystisaeruginosaNIES-298_microviridinB,98.15,100,975
FPMLKI_11565 N-acetyltransferase,CAQ16119.1_mdnD_MicrocystisaeruginosaNIES-298_microviridinB,95.99,96.5,543
FPMLKI_11570 ABC transporter,CAQ16120.1_mdnE_MicrocystisaeruginosaNIES-298_microviridinB,96.32,100,2064
FPMLKI_11855 Transposase,ctg27_30_T1PKS-Terpene_11_0,92.02,100.08,1215
FPMLKI_12265 hypothetical protein,ctg27_33_T1PKS-Terpene_11_0,92.9,100,465
FPMLKI_12270 ABC transporter permease,ctg27_32_T1PKS-Terpene_11_0,97.69,100,780
FPMLKI_13950 CHAT domain-containing protein,ctg44_18_1-heptadecene_20_0,98.84,70.46,3537
FPMLKI_13955 S-(hydroxymethyl)glutathione dehydrogenase/class III alcohol dehydrogenase,ctg44_17_1-heptadecene_20_0,98.65,100,1110
FPMLKI_13960 penicillin-binding protein 2,ctg44_9_1-heptadecene_20_0,97.71,100,1875
FPMLKI_13965 radical SAM protein,ctg44_8_1-heptadecene_20_0,95.78,99.88,807
FPMLKI_13995 DUF2288 domain-containing protein,ctg44_2_1-heptadecene_20_0,98.21,95.88,291
FPMLKI_15155 hypothetical protein,ctg3_7_lanthipeptide_54_0,98.91,100,276
FPMLKI_15160 clan AA aspartic protease,ctg3_6_lanthipeptide_54_0,96.17,100,366
FPMLKI_15435 OrfB-Zn-ribbon domain-containing protein,ctg27_30_T1PKS-Terpene_11_0,92.12,100,444
FPMLKI_15605 hypothetical protein,ctg20_11_NRPS-T1PKS_26_0,90.16,97.47,198
FPMLKI_15630 ATP-dependent Clp endopeptidase proteolytic subunit ClpP,ctg83_20_lanthipeptide_21_0,75.23,88.83,600
FPMLKI_16735 hypothetical protein,MBE8994629.1_IQ234_09875_MicrocystisaeruginosaLEGE91341_microginin,94.98,94.87,273
FPMLKI_16740 class I SAM-dependent methyltransferase,ctg57_3_Anacyclamide_57_0,89.69,90.65,813
FPMLKI_16745 phosphopantetheine-binding protein,MBE8994628.1_IQ234_09870_MicrocystisaeruginosaLEGE91341_microginin,96.63,100,267
FPMLKI_16750 AMP-dependent synthetase,MBE8994627.1_IQ234_09865_MicrocystisaeruginosaLEGE91341_microginin,95.35,100,1743
FPMLKI_17005 HAD family phosphatase,ctg20_15_NRPS-T1PKS_26_0,98.22,99.19,738
FPMLKI_18365 5S ribosomal RNA,ctg44_1_1-heptadecene_20_0,100,88.98,118
FPMLKI_18380 hypothetical protein,ctg20_11_NRPS-T1PKS_26_0,90.67,97.47,198
FPMLKI_18495 Bacilysin biosynthesis BacA-like protein,"ACM68686.1_aerD_MicrocystisaeruginosaNIES-98_aeruginosin98-A,aeruginosin98-B,aeruginosin98-C",86.99,83.91,174
FPMLKI_18500 type 2 isopentenyl-diphosphate Delta-isomerase,"ACM68685.1_aerK_MicrocystisaeruginosaNIES-98_aeruginosin98-A,aeruginosin98-B,aeruginosin98-C",94.83,100,1044
FPMLKI_19090 adenylyl-sulfate kinase,AAF00966.1_uma3_MicrocystisaeruginosaPCC7806_microcystinLR,97.97,100,1527
FPMLKI_19095 Putative restriction endonuclease,AAF00965.1_uma2_MicrocystisaeruginosaPCC7806_microcystinLR,93.64,100.35,564
FPMLKI_19100 FAD-dependent oxidoreductase,AAF00964.1_uma1_MicrocystisaeruginosaPCC7806_microcystinLR,97.71,100,2052
FPMLKI_19130 hypothetical protein,ctg82_7_T3PKS-Merocyclophane_5_0,93.27,100,297
FPMLKI_19135 23S rRNA (guanosine(2251)-2'-O)-methyltransferase RlmB,ctg82_8_T3PKS-Merocyclophane_5_0,96.19,100,867
FPMLKI_19140 Mini-ribonuclease 3,ctg82_9_T3PKS-Merocyclophane_5_0,97.84,100,417
FPMLKI_19145 anti-sigma F factor antagonist,ctg82_10_T3PKS-Merocyclophane_5_0,97.15,100,351
FPMLKI_19150 carbamoyl phosphate synthase small subunit,ctg82_11_T3PKS-Merocyclophane_5_0,95.91,100,1149
FPMLKI_19155 transposase,ctg82_12_T3PKS-Merocyclophane_5_0,95.27,100.68,882
FPMLKI_19215 cysteine--tRNA ligase,ctg82_3_T3PKS-Merocyclophane_5_0,97.78,100,1443
FPMLKI_19220 glycine/betaine ABC transporter substrate-binding protein,ctg82_4_T3PKS-Merocyclophane_5_0,97.25,100,1530
FPMLKI_19225 metal-binding protein,ctg82_5_T3PKS-Merocyclophane_5_0,95.92,100,1005
FPMLKI_19230 bifunctional orotidine-5'-phosphate decarboxylase/orotate phosphoribosyltransferase,ctg82_6_T3PKS-Merocyclophane_5_0,97.42,100,1434
FPMLKI_19890 hypothetical protein,ctg36_1_NRPS-like_34_0,92.11,79.17,96
FPMLKI_20075 RNA-binding protein,ctg27_28_T1PKS-Terpene_11_0,97.89,100,1899
FPMLKI_20080 DUF1702 domain-containing protein,ctg27_27_T1PKS-Terpene_11_0,97.25,94.03,1122
FPMLKI_20085 HlyD family secretion protein,ctg27_26_T1PKS-Terpene_11_0,98.01,100,1308
FPMLKI_20090 ABC transporter permease DevC,ctg27_25_T1PKS-Terpene_11_0,97.77,100,1164
FPMLKI_20095 4-hydroxybenzoyl-CoA thioesterase,ctg27_24_T1PKS-Terpene_11_0,99.52,97.22,432
FPMLKI_20100 hypothetical protein,ctg27_23_T1PKS-Terpene_11_0,97.39,99.74,384
FPMLKI_20115 Transposase-31 domain-containing protein,ctg27_20_T1PKS-Terpene_11_0,96.54,101.27,942
FPMLKI_20120 hypothetical protein,ctg27_20_T1PKS-Terpene_11_0,92.68,105.13,234
FPMLKI_20125 hypothetical protein,ctg27_18_T1PKS-Terpene_11_0,98.06,100,567
FPMLKI_20130 beta keto-acyl synthase,ctg27_17_T1PKS-Terpene_11_0,97.11,77.54,5940
FPMLKI_20135 enediyne biosynthesis protein UnbU,ctg27_16_T1PKS-Terpene_11_0,98.23,100,960
FPMLKI_20140 Putative restriction endonuclease,ctg27_15_T1PKS-Terpene_11_0,97.31,84.47,573
FPMLKI_20145 PEP-CTERM sorting domain-containing protein,ctg27_14_T1PKS-Terpene_11_0,94.63,102.76,906
FPMLKI_20150 pirin family protein,ctg27_13_T1PKS-Terpene_11_0,93.8,100,693
FPMLKI_20155 hypothetical protein,ctg27_12_T1PKS-Terpene_11_0,97.93,99.18,243
FPMLKI_20160 Similarity,ctg27_11_T1PKS-Terpene_11_0,93.66,97.64,339
FPMLKI_20165 phytoene synthase,ctg27_10_T1PKS-Terpene_11_0,97.53,100,933
FPMLKI_20170 15-cis-phytoene desaturase,ctg27_9_T1PKS-Terpene_11_0,96.72,100,1431
FPMLKI_20175 magnesium-transporting ATPase,ctg27_8_T1PKS-Terpene_11_0,96.33,100.04,2781
FPMLKI_20180 SLC13 family permease,ctg27_7_T1PKS-Terpene_11_0,96.44,100,1800
FPMLKI_20185 Tetratricopeptide TPR_1 repeat-containing protein,ctg27_6_T1PKS-Terpene_11_0,97.77,100,537
FPMLKI_20190 ABC transporter substrate-binding protein,ctg27_5_T1PKS-Terpene_11_0,97.06,100,783
FPMLKI_20195 Diguanylate cyclase,ctg27_4_T1PKS-Terpene_11_0,95.1,99.28,699
FPMLKI_20200 Response regulatory domain-containing protein,ctg27_4_T1PKS-Terpene_11_0,94.71,92.65,204
FPMLKI_20205 DEAD/DEAH box helicase,ctg27_3_T1PKS-Terpene_11_0,97.44,100,2928
FPMLKI_20210 lipoprotein NlpI,ctg27_2_T1PKS-Terpene_11_0,97.69,100,954
FPMLKI_20345 aluminum resistance family protein,ctg30_5_Novel-T3PKS_28_0,96.81,100,1254
FPMLKI_20580 DUF2834 domain-containing protein,ctg13_13_Cyanobactin_64_0,95.93,100,639
FPMLKI_20585 hypothetical protein,ctg13_12_Cyanobactin_64_0,98.63,99.66,294
FPMLKI_20590 protein tyrosine phosphatase,ctg13_11_Cyanobactin_64_0,96.53,100,519
FPMLKI_20595 DNA-binding response regulator,ctg13_10_Cyanobactin_64_0,97.87,100,657
FPMLKI_20600 branched-chain amino acid ABC transporter permease,ctg13_9_Cyanobactin_64_0,98.3,100,1116
FPMLKI_20605 ABC transporter ATP-binding protein,ctg13_8_Cyanobactin_64_0,97.34,100,753
FPMLKI_20610 imidazole glycerol phosphate synthase subunit HisH,ctg13_7_Cyanobactin_64_0,97.81,100,639
FPMLKI_20920 ATP-dependent sacrificial sulfur transferase LarE,ctg34_20_Bartoloside-T1PKS_18_0,97.28,100,810
FPMLKI_20930 PEP-CTERM sorting domain-containing protein,ctg34_23_Bartoloside-T1PKS_18_0,95.76,100.28,705
FPMLKI_20935 hypothetical protein,ctg34_24_Bartoloside-T1PKS_18_0,99.74,100,387
FPMLKI_21525 arabinose efflux permease,ctg82_33_T3PKS-Merocyclophane_5_0,97.79,100,1491
FPMLKI_21530 DNA repair protein RecO,ctg82_32_T3PKS-Merocyclophane_5_0,97.44,100,780
FPMLKI_21540 rhodanese-related sulfurtransferase,ctg82_31_T3PKS-Merocyclophane_5_0,98.15,99.75,813
FPMLKI_21545 serine/threonine protein kinase,ctg82_30_T3PKS-Merocyclophane_5_0,95.21,101.16,1548
FPMLKI_21550 Phosphomannomutase,ctg82_29_T3PKS-Merocyclophane_5_0,93.38,100,423
FPMLKI_21555 Phosphomannomutase,ctg82_29_T3PKS-Merocyclophane_5_0,93.63,70.78,510
FPMLKI_21560 hypothetical protein,ctg82_28_T3PKS-Merocyclophane_5_0,97.54,101.15,522
FPMLKI_21565 hypothetical protein,ctg82_27_T3PKS-Merocyclophane_5_0,96.34,100,765
FPMLKI_21570 acriflavine resistance protein B,ctg82_26_T3PKS-Merocyclophane_5_0,98.45,99.97,3099
FPMLKI_21575 efflux RND transporter periplasmic adaptor subunit,ctg82_25_T3PKS-Merocyclophane_5_0,98.45,100,1356
FPMLKI_21580 MFS transporter,ctg82_24_T3PKS-Merocyclophane_5_0,98.16,100,1302
FPMLKI_21585 FAD-linked oxidase,ctg82_23_T3PKS-Merocyclophane_5_0,98.65,100,1632
FPMLKI_21590 isoprenylcysteine carboxyl methyltransferase,ctg82_22_T3PKS-Merocyclophane_5_0,99.67,100,606
FPMLKI_21595 3-oxoacyl-ACP synthase,ctg82_21_T3PKS-Merocyclophane_5_0,99.06,100,1176
FPMLKI_21600 flavin-binding monooxygenase-like family protein,ctg82_20_T3PKS-Merocyclophane_5_0,98.94,100,1320
FPMLKI_21605 type I polyketide synthase,ctg82_19_T3PKS-Merocyclophane_5_0,98.56,100,3963
FPMLKI_21610 short chain dehydrogenase,ctg82_18_T3PKS-Merocyclophane_5_0,98.44,100,5445
FPMLKI_21615 AMP-binding enzyme family protein,ctg82_17_T3PKS-Merocyclophane_5_0,98.6,100,3795
FPMLKI_21620 nitroreductase family protein,ctg82_16_T3PKS-Merocyclophane_5_0,98.94,100,660
FPMLKI_21625 bleomycin resistance protein,ctg82_15_T3PKS-Merocyclophane_5_0,98.71,100,930
FPMLKI_21630 AAA-like domain-containing protein,ctg82_14_T3PKS-Merocyclophane_5_0,99.1,100,1443
FPMLKI_21635 receptor ligand binding region family protein,ctg82_13_T3PKS-Merocyclophane_5_0,98.16,100,2718
FPMLKI_22875 Cytoplasmic protein,ctg82_34_T3PKS-Merocyclophane_5_0,93.89,100,933
FPMLKI_00005 hypothetical protein,Unmatched,0,0,0
FPMLKI_00010 Dioxygenase,Unmatched,0,0,0
FPMLKI_00015 HTH lysR-type domain-containing protein,Unmatched,0,0,0
FPMLKI_00020 hypothetical protein,Unmatched,0,0,0
FPMLKI_00025 LigB domain-containing protein,Unmatched,0,0,0
FPMLKI_00030 hypothetical protein,Unmatched,0,0,0
FPMLKI_00035 hypothetical protein,Unmatched,0,0,0
FPMLKI_00040 hypothetical protein,Unmatched,0,0,0
FPMLKI_00045 (R)-benzylsuccinyl-CoA dehydrogenase,Unmatched,0,0,0
FPMLKI_00050 hypothetical protein,Unmatched,0,0,0
FPMLKI_00055 Uncharacterized protein in TAR-I ttuC' 3'region,Unmatched,0,0,0
FPMLKI_00060 hypothetical protein,Unmatched,0,0,0
FPMLKI_00065 hypothetical protein,Unmatched,0,0,0
"FPMLKI_00070 Transcriptional regulator, IclR family",Unmatched,0,0,0
FPMLKI_00075 hypothetical protein,Unmatched,0,0,0
FPMLKI_00080 hypothetical protein,Unmatched,0,0,0
FPMLKI_00085 hypothetical protein,Unmatched,0,0,0
FPMLKI_00090 Crotonobetainyl-CoA:carnitine CoA-transferase CaiB-like acyl-CoA transferase,Unmatched,0,0,0
FPMLKI_00095 Extracytoplasmic solute receptor protein,Unmatched,0,0,0
FPMLKI_00100 hypothetical protein,Unmatched,0,0,0
FPMLKI_00105 YdjP_1 protein,Unmatched,0,0,0
FPMLKI_00110 Epoxyalkane--coenzyme M transferase,Unmatched,0,0,0
FPMLKI_00115 hypothetical protein,Unmatched,0,0,0
FPMLKI_00120 hypothetical protein,Unmatched,0,0,0
FPMLKI_00125 LacI family transcriptional regulator,Unmatched,0,0,0
FPMLKI_00130 hypothetical protein,Unmatched,0,0,0
FPMLKI_00135 hypothetical protein,Unmatched,0,0,0
FPMLKI_00140 ABC transporter ATP-binding protein,Unmatched,0,0,0
FPMLKI_00145 hypothetical protein,Unmatched,0,0,0
FPMLKI_00150 hypothetical protein,Unmatched,0,0,0
FPMLKI_00155 hypothetical protein,Unmatched,0,0,0
FPMLKI_00160 hypothetical protein,Unmatched,0,0,0
FPMLKI_00165 HTH cro/C1-type domain-containing protein,Unmatched,0,0,0
FPMLKI_00170 Toxin higB-1,Unmatched,0,0,0
FPMLKI_00175 hypothetical protein,Unmatched,0,0,0
FPMLKI_00180 hypothetical protein,Unmatched,0,0,0
FPMLKI_00185 SMC-Scp complex subunit ScpB,Unmatched,0,0,0
FPMLKI_00190 7alpha-hydroxysteroid dehydrogenase,Unmatched,0,0,0
FPMLKI_00195 hypothetical protein,Unmatched,0,0,0
FPMLKI_00200 hypothetical protein,Unmatched,0,0,0
FPMLKI_00205 UPF0056 membrane protein,Unmatched,0,0,0
FPMLKI_00210 hypothetical protein,Unmatched,0,0,0
FPMLKI_00215 hypothetical protein,Unmatched,0,0,0
FPMLKI_00220 AB hydrolase-1 domain-containing protein,Unmatched,0,0,0
FPMLKI_00225 Cation-ATPase-N domain-containing protein,Unmatched,0,0,0
FPMLKI_00230 Putative hemin import ATP-binding protein HrtA,Unmatched,0,0,0
"FPMLKI_00235 ABC-type antimicrobial peptide transport system,permease component",Unmatched,0,0,0
FPMLKI_00240 HlyD family secretion protein,Unmatched,0,0,0
FPMLKI_00245 hypothetical protein,Unmatched,0,0,0
FPMLKI_00250 hypothetical protein,Unmatched,0,0,0
FPMLKI_00255 Poly-beta-hydroxybutyrate polymerase,Unmatched,0,0,0
FPMLKI_00260 hypothetical protein,Unmatched,0,0,0
FPMLKI_00265 hypothetical protein,Unmatched,0,0,0
FPMLKI_00270 hypothetical protein,Unmatched,0,0,0
FPMLKI_00275 Epimerase domain-containing protein,Unmatched,0,0,0
FPMLKI_00280 hypothetical protein,Unmatched,0,0,0
FPMLKI_00285 Efflux RND transporter periplasmic adaptor subunit,Unmatched,0,0,0
FPMLKI_00290 Inner membrane transport permease YhhJ,Unmatched,0,0,0
FPMLKI_00295 hypothetical protein,Unmatched,0,0,0
FPMLKI_00300 Cysteine hydrolase,Unmatched,0,0,0
FPMLKI_00305 ABC transporter ATP-binding protein,Unmatched,0,0,0
FPMLKI_00310 hypothetical protein,Unmatched,0,0,0
FPMLKI_00315 hypothetical protein,Unmatched,0,0,0
FPMLKI_00320 hypothetical protein,Unmatched,0,0,0
FPMLKI_00325 hypothetical protein,Unmatched,0,0,0
FPMLKI_00330 hypothetical protein,Unmatched,0,0,0
FPMLKI_00335 DNA photolyase FAD-binding protein,Unmatched,0,0,0
FPMLKI_00340 Chromosome partitioning protein ParA,Unmatched,0,0,0
FPMLKI_00345 Plasmid partitioning protein RepB,Unmatched,0,0,0
FPMLKI_00350 Replication initiation protein RepC,Unmatched,0,0,0
FPMLKI_00355 Muconate cycloisomerase,Unmatched,0,0,0
FPMLKI_00360 Dehydrogenase,Unmatched,0,0,0
FPMLKI_00365 hypothetical protein,Unmatched,0,0,0
FPMLKI_00370 hypothetical protein,Unmatched,0,0,0
FPMLKI_00375 hypothetical protein,Unmatched,0,0,0
FPMLKI_00380 hypothetical protein,Unmatched,0,0,0
FPMLKI_00385 hypothetical protein,Unmatched,0,0,0
FPMLKI_00390 Bll6812 protein,Unmatched,0,0,0
FPMLKI_00395 hypothetical protein,Unmatched,0,0,0
FPMLKI_00400 hypothetical protein,Unmatched,0,0,0
FPMLKI_00405 Fido domain-containing protein,Unmatched,0,0,0
FPMLKI_00410 DUF4143 domain-containing protein,Unmatched,0,0,0
FPMLKI_00415 hypothetical protein,Unmatched,0,0,0
FPMLKI_00420 F0F1 ATP synthase subunit gamma,Unmatched,0,0,0
FPMLKI_00425 F0F1 ATP synthase subunit alpha,Unmatched,0,0,0
FPMLKI_00430 ATP synthase F1 subunit delta,Unmatched,0,0,0
FPMLKI_00435 F0F1 ATP synthase subunit B,Unmatched,0,0,0
FPMLKI_00440 F0F1 ATP synthase subunit B',Unmatched,0,0,0
FPMLKI_00445 ATP synthase F0 subunit C,Unmatched,0,0,0
FPMLKI_00450 F0F1 ATP synthase subunit A,Unmatched,0,0,0
FPMLKI_00455 ATP synthase subunit I,Unmatched,0,0,0
FPMLKI_00460 Ion transporter,Unmatched,0,0,0
FPMLKI_00465 NAD(+) kinase,Unmatched,0,0,0
FPMLKI_00470 3-beta hydroxysteroid dehydrogenase,Unmatched,0,0,0
FPMLKI_00475 LD-carboxypeptidase,Unmatched,0,0,0
FPMLKI_00480 hypothetical protein,Unmatched,0,0,0
FPMLKI_00485 Membrane protein,Unmatched,0,0,0
FPMLKI_00490 cupin domain-containing protein,Unmatched,0,0,0
FPMLKI_00495 dihydropteroate synthase,Unmatched,0,0,0
FPMLKI_00500 hypothetical protein,Unmatched,0,0,0
FPMLKI_00505 hypothetical protein,Unmatched,0,0,0
FPMLKI_00510 pantetheine-phosphate adenylyltransferase,Unmatched,0,0,0
FPMLKI_00515 NTP-transf-9 domain-containing protein,Unmatched,0,0,0
FPMLKI_00520 thioredoxin,Unmatched,0,0,0
FPMLKI_00525 type I methionyl aminopeptidase,Unmatched,0,0,0
FPMLKI_00530 universal stress protein,Unmatched,0,0,0
FPMLKI_00535 DUF2811 domain-containing protein,Unmatched,0,0,0
FPMLKI_00540 aminoacyl-tRNA hydrolase,Unmatched,0,0,0
FPMLKI_00545 glycosyl hydrolase,Unmatched,0,0,0
FPMLKI_00550 class II fumarate hydratase,Unmatched,0,0,0
FPMLKI_00555 YGGT family,Unmatched,0,0,0
FPMLKI_00580 DUF4277 domain-containing protein,Unmatched,0,0,0
FPMLKI_00585 aminotransferase,Unmatched,0,0,0
FPMLKI_00590 indole-3-glycerol phosphate synthase TrpC,Unmatched,0,0,0
FPMLKI_00595 hypothetical protein,Unmatched,0,0,0
FPMLKI_00600 Chromosome partition protein Smc,Unmatched,0,0,0
FPMLKI_00605 DUF3288 domain-containing protein,Unmatched,0,0,0
FPMLKI_00610 methionine synthase,Unmatched,0,0,0
FPMLKI_00615 glycosyltransferase,Unmatched,0,0,0
"FPMLKI_00620 Antitoxin component HigA of the HigAB toxin-antitoxin module, contains an N-terminal HTH domain",Unmatched,0,0,0
FPMLKI_00625 squalene--hopene cyclase,Unmatched,0,0,0
FPMLKI_00630 translation elongation factor Ts,Unmatched,0,0,0
FPMLKI_00635 30S ribosomal protein S2,Unmatched,0,0,0
FPMLKI_00640 thioredoxin-dependent thiol peroxidase,Unmatched,0,0,0
FPMLKI_00645 Zn-dependent protease with chaperone function,Unmatched,0,0,0
FPMLKI_00650 CopY family transcriptional regulator,Unmatched,0,0,0
FPMLKI_00655 DUF4090 domain-containing protein,Unmatched,0,0,0
FPMLKI_00660 hypothetical protein,Unmatched,0,0,0
FPMLKI_00665 mannose-1-phosphate guanyltransferase,Unmatched,0,0,0
FPMLKI_00670 lipid-A-disaccharide synthase,Unmatched,0,0,0
FPMLKI_00675 DNA primase,Unmatched,0,0,0
FPMLKI_00680 beta-ketoacyl-ACP synthase,Unmatched,0,0,0
FPMLKI_00685 peptidylprolyl isomerase,Unmatched,0,0,0
FPMLKI_00690 photosystem I assembly protein Ycf4,Unmatched,0,0,0
FPMLKI_00695 hypothetical protein,Unmatched,0,0,0
FPMLKI_00700 ATPase,Unmatched,0,0,0
FPMLKI_00705 hypothetical protein,Unmatched,0,0,0
FPMLKI_00710 hypothetical protein,Unmatched,0,0,0
FPMLKI_00715 DUF4926 domain-containing protein,Unmatched,0,0,0
FPMLKI_00725 hypothetical protein,Unmatched,0,0,0
FPMLKI_00730 HTH cro/C1-type domain-containing protein,Unmatched,0,0,0
FPMLKI_00735 ribulose bisphosphate carboxylase small subunit,Unmatched,0,0,0
FPMLKI_00740 RbcX chaperonin protein,Unmatched,0,0,0
FPMLKI_00745 Ribulose bisphosphate carboxylase large chain,Unmatched,0,0,0
FPMLKI_00750 carbon dioxide concentrating mechanism protein,Unmatched,0,0,0
FPMLKI_00755 carbon dioxide concentrating mechanism protein CcmM,Unmatched,0,0,0
FPMLKI_00760 carbon dioxide concentrating mechanism protein CcmL,Unmatched,0,0,0
FPMLKI_00765 Carboxysome shell protein CcmK,Unmatched,0,0,0
FPMLKI_00770 carbon dioxide-concentrating protein CcmK,Unmatched,0,0,0
FPMLKI_00775 Nif11-like leader peptide family natural product precursor,Unmatched,0,0,0
FPMLKI_00780 tRNA (N6-isopentenyl adenosine(37)-C2)-methylthiotransferase MiaB,Unmatched,0,0,0
FPMLKI_00785 DUF2358 domain-containing protein,Unmatched,0,0,0
FPMLKI_00790 hypothetical protein,Unmatched,0,0,0
FPMLKI_00795 50S ribosomal protein L33,Unmatched,0,0,0
FPMLKI_00800 30S ribosomal protein S18,Unmatched,0,0,0
FPMLKI_00805 ATPase,Unmatched,0,0,0
FPMLKI_00810 tRNA-Phe(gaa),Unmatched,0,0,0
FPMLKI_00815 HEAT domain-containing protein,Unmatched,0,0,0
FPMLKI_00820 aromatic acid decarboxylase,Unmatched,0,0,0
FPMLKI_00825 hypothetical protein,Unmatched,0,0,0
FPMLKI_00830 glycogen synthase GlgA,Unmatched,0,0,0
FPMLKI_00835 VWFA domain-containing protein,Unmatched,0,0,0
FPMLKI_00840 Uncharacterized protein family UPF0016,Unmatched,0,0,0
FPMLKI_00845 Uncharacterized protein family UPF0016,Unmatched,0,0,0
FPMLKI_00850 urea ABC transporter substrate-binding protein,Unmatched,0,0,0
FPMLKI_00855 urea ABC transporter permease subunit UrtB,Unmatched,0,0,0
FPMLKI_00860 urea ABC transporter permease subunit UrtC,Unmatched,0,0,0
FPMLKI_00865 Ribose import ATP-binding protein RbsA,Unmatched,0,0,0
FPMLKI_00870 urea ABC transporter ATP-binding subunit UrtE,Unmatched,0,0,0
FPMLKI_00875 aminoacetone oxidase family FAD-binding enzyme,Unmatched,0,0,0
FPMLKI_00880 phosphoenolpyruvate carboxykinase (ATP),Unmatched,0,0,0
"FPMLKI_00885 cobyrinate a,c-diamide synthase",Unmatched,0,0,0
FPMLKI_00890 hypothetical protein,Unmatched,0,0,0
"FPMLKI_00895 Carbohydrate-selective porin, OprB family",Unmatched,0,0,0
FPMLKI_00900 CoA-binding protein,Unmatched,0,0,0
FPMLKI_00905 TIGR04283 family arsenosugar biosynthesis glycosyltransferase,Unmatched,0,0,0
FPMLKI_00910 superoxide dismutase,Unmatched,0,0,0
FPMLKI_00915 homoserine kinase,Unmatched,0,0,0
"FPMLKI_00920 C-3',4' desaturase CrtD",Unmatched,0,0,0
FPMLKI_00925 PEP-CTERM sorting domain-containing protein,Unmatched,0,0,0
FPMLKI_00930 alpha-ribazole phosphatase,Unmatched,0,0,0
FPMLKI_00935 Rho termination protein,Unmatched,0,0,0
FPMLKI_00940 acetolactate synthase large subunit,Unmatched,0,0,0
FPMLKI_00945 polyketide cyclase/dehydrase and lipid transport protein,Unmatched,0,0,0
FPMLKI_00950 hypothetical protein,Unmatched,0,0,0
FPMLKI_00955 AraC family transcriptional regulator,Unmatched,0,0,0
FPMLKI_00960 ion transporter,Unmatched,0,0,0
FPMLKI_00965 hypothetical protein,Unmatched,0,0,0
FPMLKI_00970 hypothetical protein,Unmatched,0,0,0
FPMLKI_00975 ATP-dependent helicase,Unmatched,0,0,0
FPMLKI_00980 Pentapeptide repeat protein,Unmatched,0,0,0
FPMLKI_00985 transcriptional regulator,Unmatched,0,0,0
FPMLKI_00990 metallothionein,Unmatched,0,0,0
FPMLKI_00995 Putative restriction endonuclease,Unmatched,0,0,0
FPMLKI_01000 DUF2808 domain-containing protein,Unmatched,0,0,0
FPMLKI_01005 DNA replication/repair protein RecF,Unmatched,0,0,0
FPMLKI_01010 ribose-5-phosphate isomerase RpiA,Unmatched,0,0,0
FPMLKI_01015 RNA-binding protein,Unmatched,0,0,0
FPMLKI_01020 NblA-related protein,Unmatched,0,0,0
FPMLKI_01025 universal stress protein UspA-like protein,Unmatched,0,0,0
"FPMLKI_01030 arsenate reductase, glutathione/glutaredoxin type",Unmatched,0,0,0
FPMLKI_01035 arsenical resistance protein ArsH,Unmatched,0,0,0
FPMLKI_01040 ACR3 family arsenite efflux transporter,Unmatched,0,0,0
FPMLKI_01045 transcriptional regulator,Unmatched,0,0,0
FPMLKI_01050 photosystem II reaction center protein Ycf12,Unmatched,0,0,0
FPMLKI_01055 NACHT domain protein,Unmatched,0,0,0
FPMLKI_01060 hypothetical protein,Unmatched,0,0,0
FPMLKI_01065 peptidase M16,Unmatched,0,0,0
FPMLKI_01070 DUF2203 domain-containing protein,Unmatched,0,0,0
FPMLKI_01075 DUF6439 domain-containing protein,Unmatched,0,0,0
FPMLKI_01080 ATP-binding protein,Unmatched,0,0,0
FPMLKI_01085 23S rRNA (uracil(1939)-C(5))-methyltransferase RlmD,Unmatched,0,0,0
FPMLKI_01090 DUF29 domain-containing protein,Unmatched,0,0,0
FPMLKI_01095 ATPase,Unmatched,0,0,0
"FPMLKI_01100 2-carboxy-1,4-naphthoquinone phytyltransferase",Unmatched,0,0,0
FPMLKI_01105 hypothetical protein,Unmatched,0,0,0
FPMLKI_01110 heat-inducible transcriptional repressor HrcA,Unmatched,0,0,0
FPMLKI_01120 hypothetical protein,Unmatched,0,0,0
FPMLKI_01125 PIN domain nuclease,Unmatched,0,0,0
FPMLKI_01130 ATP-binding cassette family protein,Unmatched,0,0,0
FPMLKI_01135 Molybdopterin synthase sulfur carrier subunit MoaD,Unmatched,0,0,0
FPMLKI_01140 single-stranded-DNA-specific exonuclease RecJ,Unmatched,0,0,0
FPMLKI_01145 spermidine synthase,Unmatched,0,0,0
FPMLKI_01150 acetyl-CoA carboxylase carboxyl transferase subunit alpha,Unmatched,0,0,0
FPMLKI_01155 phytanoyl-CoA dioxygenase,Unmatched,0,0,0
FPMLKI_01160 50S ribosomal protein L27,Unmatched,0,0,0
FPMLKI_01165 50S ribosomal protein L21,Unmatched,0,0,0
FPMLKI_01170 N-acetylmuramic acid 6-phosphate etherase,Unmatched,0,0,0
FPMLKI_01175 site-2 protease family protein,Unmatched,0,0,0
FPMLKI_01180 DUF4164 domain-containing protein,Unmatched,0,0,0
FPMLKI_01185 lipase,Unmatched,0,0,0
FPMLKI_01190 hypothetical protein,Unmatched,0,0,0
FPMLKI_01195 50S ribosomal protein L9,Unmatched,0,0,0
FPMLKI_01200 Chromophore lyase CpcT/CpeT 1,Unmatched,0,0,0
FPMLKI_01205 exodeoxyribonuclease III,Unmatched,0,0,0
FPMLKI_01210 hypothetical protein,Unmatched,0,0,0
FPMLKI_01215 hypothetical protein,Unmatched,0,0,0
FPMLKI_01220 beta-carotene hydroxylase,Unmatched,0,0,0
FPMLKI_01225 hypothetical protein,Unmatched,0,0,0
FPMLKI_01230 hypothetical protein,Unmatched,0,0,0
FPMLKI_01235 hypothetical protein,Unmatched,0,0,0
FPMLKI_01240 phosphate ABC transporter permease PstA,Unmatched,0,0,0
FPMLKI_01245 Cupin-2 domain-containing protein,Unmatched,0,0,0
FPMLKI_01250 phosphate ABC transporter ATP-binding protein PstB,Unmatched,0,0,0
FPMLKI_01255 Ca(2+)/H(+) antiporter,Unmatched,0,0,0
FPMLKI_01260 transporter,Unmatched,0,0,0
FPMLKI_01265 thiol-disulfide oxidoreductase,Unmatched,0,0,0
FPMLKI_01270 DUF475 domain-containing protein,Unmatched,0,0,0
FPMLKI_01275 photosystem I reaction center subunit XII,Unmatched,0,0,0
FPMLKI_01280 hypothetical protein,Unmatched,0,0,0
FPMLKI_01285 RNA methyltransferase,Unmatched,0,0,0
FPMLKI_01290 malate dehydrogenase,Unmatched,0,0,0
FPMLKI_01295 NAD(P)H-quinone oxidoreductase subunit O,Unmatched,0,0,0
FPMLKI_01300 Secreted effector protein PipB2,Unmatched,0,0,0
FPMLKI_01305 hypothetical protein,Unmatched,0,0,0
FPMLKI_01310 hypothetical protein,Unmatched,0,0,0
FPMLKI_01315 excinuclease ABC subunit UvrC,Unmatched,0,0,0
FPMLKI_01320 hypothetical protein,Unmatched,0,0,0
FPMLKI_01325 3-isopropylmalate dehydrogenase,Unmatched,0,0,0
FPMLKI_01330 glucose-1-phosphate thymidylyltransferase,Unmatched,0,0,0
FPMLKI_01335 dTDP-4-dehydrorhamnose reductase,Unmatched,0,0,0
"FPMLKI_01340 dTDP-4-dehydrorhamnose 3,5-epimerase",Unmatched,0,0,0
FPMLKI_01345 biotin synthase BioB,Unmatched,0,0,0
FPMLKI_01350 biotin transporter BioY,Unmatched,0,0,0
FPMLKI_01355 signal peptidase II,Unmatched,0,0,0
FPMLKI_01360 AMP-dependent synthetase,Unmatched,0,0,0
FPMLKI_01365 Putative restriction endonuclease,Unmatched,0,0,0
FPMLKI_01370 5-(carboxyamino)imidazole ribonucleotide mutase,Unmatched,0,0,0
FPMLKI_01375 Beta-barrel assembly-enhancing protease,Unmatched,0,0,0
FPMLKI_01390 hypothetical protein,Unmatched,0,0,0
FPMLKI_01395 hypothetical protein,Unmatched,0,0,0
FPMLKI_01410 Cofac-haem-bdg domain-containing protein,Unmatched,0,0,0
FPMLKI_01415 ferredoxin-NADP reductase,Unmatched,0,0,0
FPMLKI_01420 photosystem I reaction center subunit XII,Unmatched,0,0,0
FPMLKI_01425 23S rRNA (adenine(2503)-C(2))-methyltransferase RlmN,Unmatched,0,0,0
FPMLKI_01430 30S ribosomal protein S6--L-glutamate ligase,Unmatched,0,0,0
FPMLKI_01435 ABC transporter ATP-binding protein,Unmatched,0,0,0
FPMLKI_01440 PNP-UDP-1 domain-containing protein,Unmatched,0,0,0
FPMLKI_01445 tRNA-Leu(gag),Unmatched,0,0,0
FPMLKI_01450 DUF4351 domain-containing protein,Unmatched,0,0,0
FPMLKI_01455 DUF4351 domain-containing protein,Unmatched,0,0,0
FPMLKI_01460 transporter,Unmatched,0,0,0
FPMLKI_01465 hypothetical protein,Unmatched,0,0,0
FPMLKI_01470 DUF2862 domain-containing protein,Unmatched,0,0,0
FPMLKI_01475 arsenic-transporting ATPase,Unmatched,0,0,0
FPMLKI_01480 chlorophyll synthase ChlG,Unmatched,0,0,0
FPMLKI_01485 Inhibitor of apoptosis-promoting Bax1,Unmatched,0,0,0
FPMLKI_01490 hypothetical protein,Unmatched,0,0,0
FPMLKI_01495 metalloprotease,Unmatched,0,0,0
FPMLKI_01500 magnesium-protoporphyrin IX monomethyl ester (oxidative) cyclase,Unmatched,0,0,0
FPMLKI_01505 50S ribosomal protein L32,Unmatched,0,0,0
FPMLKI_01510 sulfite oxidase-like oxidoreductase,Unmatched,0,0,0
FPMLKI_01515 hypothetical protein,Unmatched,0,0,0
FPMLKI_01520 ABC-F type ribosomal protection protein,Unmatched,0,0,0
FPMLKI_01525 chaperonin GroEL,Unmatched,0,0,0
FPMLKI_01530 hypothetical protein,Unmatched,0,0,0
FPMLKI_01535 potassium transporter TrkA,Unmatched,0,0,0
FPMLKI_01540 SWIM-type domain-containing protein,Unmatched,0,0,0
FPMLKI_01545 ATP-dependent helicase,Unmatched,0,0,0
FPMLKI_01550 sensor histidine kinase,Unmatched,0,0,0
FPMLKI_01555 saccharopine dehydrogenase,Unmatched,0,0,0
FPMLKI_01560 mechanosensitive ion channel protein,Unmatched,0,0,0
FPMLKI_01565 Similar to tr|P73635|P73635,Unmatched,0,0,0
FPMLKI_01570 hypothetical protein,Unmatched,0,0,0
FPMLKI_01575 N-acetyltransferase,Unmatched,0,0,0
"FPMLKI_01580 TamB, inner membrane protein subunit of TAM complex",Unmatched,0,0,0
FPMLKI_01585 S-layer protein,Unmatched,0,0,0
FPMLKI_01590 glucose-6-phosphate dehydrogenase,Unmatched,0,0,0
FPMLKI_01595 glucose-6-phosphate dehydrogenase assembly protein OpcA,Unmatched,0,0,0
FPMLKI_01600 Putative restriction endonuclease,Unmatched,0,0,0
FPMLKI_01605 Phosphoglycerate kinase,Unmatched,0,0,0
FPMLKI_01610 universal stress protein,Unmatched,0,0,0
FPMLKI_01615 photosystem I reaction center protein subunit XI,Unmatched,0,0,0
FPMLKI_01620 photosystem I reaction center subunit VIII,Unmatched,0,0,0
FPMLKI_01625 hybrid sensor histidine kinase/response regulator,Unmatched,0,0,0
FPMLKI_01630 cobaltochelatase subunit CobN,Unmatched,0,0,0
FPMLKI_01635 ATPase,Unmatched,0,0,0
FPMLKI_01640 hypothetical protein,Unmatched,0,0,0
FPMLKI_01645 homoserine kinase,Unmatched,0,0,0
FPMLKI_01650 hypothetical protein,Unmatched,0,0,0
FPMLKI_01655 DUF29 domain-containing protein,Unmatched,0,0,0
FPMLKI_01660 Domain of unknown function DUF29,Unmatched,0,0,0
FPMLKI_01665 DUF29 domain-containing protein,Unmatched,0,0,0
FPMLKI_01670 glucokinase,Unmatched,0,0,0
FPMLKI_01675 HTH crp-type domain-containing protein,Unmatched,0,0,0
FPMLKI_01680 ATP-dependent protease,Unmatched,0,0,0
FPMLKI_01685 phosphate ABC transporter ATP-binding protein PstB,Unmatched,0,0,0
FPMLKI_01690 phosphate ABC transporter permease PstA,Unmatched,0,0,0
FPMLKI_01695 phosphate ABC transporter permease subunit PstC,Unmatched,0,0,0
FPMLKI_01700 phosphate ABC transporter substrate-binding protein PstS,Unmatched,0,0,0
FPMLKI_01705 hypothetical protein,Unmatched,0,0,0
FPMLKI_01710 hypothetical protein,Unmatched,0,0,0
FPMLKI_01715 phosphate ABC transporter ATP-binding protein PstB,Unmatched,0,0,0
FPMLKI_01720 phosphate ABC transporter ATP-binding protein PstB,Unmatched,0,0,0
FPMLKI_01725 phosphate ABC transporter permease PstA,Unmatched,0,0,0
FPMLKI_01730 phosphate ABC transporter permease subunit PstC,Unmatched,0,0,0
FPMLKI_01735 phosphate ABC transporter substrate-binding protein PstS,Unmatched,0,0,0
FPMLKI_01740 protein sphX,Unmatched,0,0,0
FPMLKI_01745 ferredoxin--nitrite reductase,Unmatched,0,0,0
FPMLKI_01750 anthranilate phosphoribosyltransferase,Unmatched,0,0,0
FPMLKI_01755 Nuclease subunit of the excinuclease complex,Unmatched,0,0,0
FPMLKI_01760 DUF4433 domain-containing protein,Unmatched,0,0,0
FPMLKI_01765 Macro domain-containing protein,Unmatched,0,0,0
FPMLKI_01770 Sua5/YciO/YrdC/YwlC family protein,Unmatched,0,0,0
FPMLKI_01775 sensor histidine kinase,Unmatched,0,0,0
FPMLKI_01780 GNAT family N-acetyltransferase,Unmatched,0,0,0
FPMLKI_01785 carbohydrate kinase,Unmatched,0,0,0
FPMLKI_01790 esterase,Unmatched,0,0,0
FPMLKI_01795 DUF1818 domain-containing protein,Unmatched,0,0,0
FPMLKI_01800 hypothetical protein,Unmatched,0,0,0
FPMLKI_01805 leucine--tRNA ligase,Unmatched,0,0,0
FPMLKI_01810 hypothetical protein,Unmatched,0,0,0
FPMLKI_01815 hypothetical protein,Unmatched,0,0,0
FPMLKI_01820 Argininosuccinate lyase,Unmatched,0,0,0
FPMLKI_01825 glucose-6-phosphate 1-dehydrogenase,Unmatched,0,0,0
FPMLKI_01830 Type II toxin-antitoxin system HicA family toxin,Unmatched,0,0,0
FPMLKI_01835 HicB-like domain-containing protein,Unmatched,0,0,0
FPMLKI_01840 hypothetical protein,Unmatched,0,0,0
FPMLKI_01845 hypothetical protein,Unmatched,0,0,0
FPMLKI_01850 DUF1902 domain-containing protein,Unmatched,0,0,0
"FPMLKI_01855 HicA toxin of bacterial toxin-antitoxin,",Unmatched,0,0,0
FPMLKI_01860 hypothetical protein,Unmatched,0,0,0
FPMLKI_01865 cysteine synthase A,Unmatched,0,0,0
"FPMLKI_01870 Phosphate starvation-inducible protein PhoH, putative ATPase",Unmatched,0,0,0
FPMLKI_01875 GPDPase-memb domain-containing protein,Unmatched,0,0,0
FPMLKI_01880 phosphate starvation-inducible protein PhoH,Unmatched,0,0,0
FPMLKI_01885 50S ribosomal protein L20,Unmatched,0,0,0
FPMLKI_01890 50S ribosomal protein L35,Unmatched,0,0,0
FPMLKI_01895 transaldolase,Unmatched,0,0,0
FPMLKI_01900 peptide chain release factor 1,Unmatched,0,0,0
FPMLKI_01905 Polyribonucleotide nucleotidyltransferase,Unmatched,0,0,0
FPMLKI_01910 30S ribosomal protein S14,Unmatched,0,0,0
FPMLKI_01915 NUDIX hydrolase,Unmatched,0,0,0
FPMLKI_01920 hypothetical protein,Unmatched,0,0,0
FPMLKI_01925 glycosyl transferase 2 family protein,Unmatched,0,0,0
FPMLKI_01930 EF-hand domain-containing protein,Unmatched,0,0,0
FPMLKI_01935 DUF4079 domain-containing protein,Unmatched,0,0,0
"FPMLKI_01940 UDP-N-acetylmuramoyl-L-alanyl-D-glutamate--2,6-diaminopimelate ligase",Unmatched,0,0,0
FPMLKI_01945 Serine/threonine-protein kinase B,Unmatched,0,0,0
FPMLKI_01950 fatty acid desaturase,Unmatched,0,0,0
FPMLKI_01955 hypothetical protein,Unmatched,0,0,0
FPMLKI_01960 lytic murein transglycosylase,Unmatched,0,0,0
FPMLKI_01965 16S rRNA (guanine(527)-N(7))-methyltransferase RsmG,Unmatched,0,0,0
FPMLKI_01970 calcium/proton exchanger,Unmatched,0,0,0
FPMLKI_01975 DUF218 domain-containing protein,Unmatched,0,0,0
FPMLKI_01980 site-2 protease family protein,Unmatched,0,0,0
FPMLKI_01985 MBL fold metallo-hydrolase,Unmatched,0,0,0
FPMLKI_01990 thiamine-phosphate kinase,Unmatched,0,0,0
FPMLKI_01995 signal recognition particle protein,Unmatched,0,0,0
FPMLKI_02000 type I restriction endonuclease subunit R,Unmatched,0,0,0
FPMLKI_02005 DUF4926 domain-containing protein,Unmatched,0,0,0
FPMLKI_02010 Restriction modification system DNA specificity domain protein,Unmatched,0,0,0
"FPMLKI_02015 putative toxin-antitoxin system toxin component, PIN family",Unmatched,0,0,0
FPMLKI_02020 hypothetical protein,Unmatched,0,0,0
FPMLKI_02025 hypothetical protein,Unmatched,0,0,0
FPMLKI_02030 Putative restriction endonuclease,Unmatched,0,0,0
FPMLKI_02035 restriction endonuclease subunit M,Unmatched,0,0,0
FPMLKI_02040 hypothetical protein,Unmatched,0,0,0
"FPMLKI_02045 2-hydroxy-6-oxohepta-2,4-dienoate hydrolase",Unmatched,0,0,0
FPMLKI_02050 hypothetical protein,Unmatched,0,0,0
FPMLKI_02055 hypothetical protein,Unmatched,0,0,0
FPMLKI_02060 hypothetical protein,Unmatched,0,0,0
FPMLKI_02065 Putative restriction endonuclease,Unmatched,0,0,0
FPMLKI_02070 UDP-N-acetylglucosamine 1-carboxyvinyltransferase,Unmatched,0,0,0
FPMLKI_02075 tRNA-Leu(cag),Unmatched,0,0,0
FPMLKI_02080 rRNA methyltransferase,Unmatched,0,0,0
FPMLKI_02085 hypothetical protein,Unmatched,0,0,0
FPMLKI_02090 Asr5364 protein,Unmatched,0,0,0
FPMLKI_02095 replication/maintenance protein,Unmatched,0,0,0
FPMLKI_02100 Threonyl-tRNA synthetase,Unmatched,0,0,0
"FPMLKI_02105 type II toxin-antitoxin system mRNA interferase toxin, RelE/StbE family",Unmatched,0,0,0
FPMLKI_02110 GTP-binding protein,Unmatched,0,0,0
FPMLKI_02115 transglutaminase-like superfamily protein,Unmatched,0,0,0
FPMLKI_02120 RAMP superfamily protein,Unmatched,0,0,0
FPMLKI_02125 hypothetical protein,Unmatched,0,0,0
FPMLKI_02130 CRISPR-associated protein Csm4,Unmatched,0,0,0
FPMLKI_02135 hypothetical protein,Unmatched,0,0,0
FPMLKI_02140 CRISPR-associated protein Cmr3,Unmatched,0,0,0
FPMLKI_02145 CRISPR-associated protein Cas10,Unmatched,0,0,0
FPMLKI_02150 SAVED domain-containing protein,Unmatched,0,0,0
FPMLKI_02155 Uma2 domain-containing protein,Unmatched,0,0,0
FPMLKI_02160 UPF0182 protein MAE_41360,Unmatched,0,0,0
FPMLKI_02165 Methionine ABC transporter ATP-binding protein,Unmatched,0,0,0
FPMLKI_02170 excinuclease ABC subunit UvrB,Unmatched,0,0,0
FPMLKI_02175 Catalase/hydroperoxidase,Unmatched,0,0,0
FPMLKI_02180 SAM-dependent methyltransferase,Unmatched,0,0,0
FPMLKI_02185 histidine kinase,Unmatched,0,0,0
FPMLKI_02190 SAM-dependent methyltransferase,Unmatched,0,0,0
FPMLKI_02195 tRNA-Ser(cga),Unmatched,0,0,0
FPMLKI_02200 homogentisate phytyltransferase,Unmatched,0,0,0
FPMLKI_02205 hypothetical protein,Unmatched,0,0,0
FPMLKI_02210 ferredoxin,Unmatched,0,0,0
FPMLKI_02215 inositol monophosphatase,Unmatched,0,0,0
FPMLKI_02220 molecular chaperone DnaJ,Unmatched,0,0,0
FPMLKI_02225 ATP phosphoribosyltransferase regulatory subunit,Unmatched,0,0,0
FPMLKI_02245 photosystem II reaction center protein CP43,Unmatched,0,0,0
FPMLKI_02250 Antisense RNA which regulates isiA expression,Unmatched,0,0,0
FPMLKI_02255 threonine-phosphate decarboxylase CobD,Unmatched,0,0,0
FPMLKI_02260 DNA-binding protein,Unmatched,0,0,0
FPMLKI_02265 DUF4168 domain-containing protein,Unmatched,0,0,0
FPMLKI_02270 urease accessory protein UreE,Unmatched,0,0,0
FPMLKI_02275 4-hydroxy-tetrahydrodipicolinate reductase,Unmatched,0,0,0
FPMLKI_02280 ATPase,Unmatched,0,0,0
FPMLKI_02285 PEP-CTERM sorting domain-containing protein,Unmatched,0,0,0
"FPMLKI_02290 type II toxin-antitoxin system mRNA interferase toxin, RelE/StbE family",Unmatched,0,0,0
FPMLKI_02295 HicB-like domain-containing protein,Unmatched,0,0,0
FPMLKI_02300 asparaginase,Unmatched,0,0,0
FPMLKI_02305 DUF1230 domain-containing protein,Unmatched,0,0,0
FPMLKI_02310 ribosome silencing factor,Unmatched,0,0,0
FPMLKI_02315 bis(5'-nucleosyl)-tetraphosphatase (symmetrical) YqeK,Unmatched,0,0,0
FPMLKI_02320 GTP-binding protein,Unmatched,0,0,0
FPMLKI_02325 transposase,Unmatched,0,0,0
FPMLKI_02330 alpha-ketoacid dehydrogenase subunit beta,Unmatched,0,0,0
FPMLKI_02335 protein translocase subunit SecD,Unmatched,0,0,0
FPMLKI_02340 protein translocase subunit SecF,Unmatched,0,0,0
FPMLKI_02345 crossover junction endodeoxyribonuclease RuvC,Unmatched,0,0,0
FPMLKI_02350 UDP-N-acetylglucosamine 2-epimerase (non-hydrolyzing),Unmatched,0,0,0
FPMLKI_02355 MCE family protein,Unmatched,0,0,0
FPMLKI_02360 ABC transporter ATP-binding protein,Unmatched,0,0,0
FPMLKI_02365 TIGR03936 family radical SAM-associated protein,Unmatched,0,0,0
FPMLKI_02370 pilus assembly protein PilC,Unmatched,0,0,0
FPMLKI_02375 twitching motility protein PilT,Unmatched,0,0,0
FPMLKI_02380 general secretion pathway protein GspE,Unmatched,0,0,0
FPMLKI_02385 Protein GrpE,Unmatched,0,0,0
FPMLKI_02390 hydrolase,Unmatched,0,0,0
FPMLKI_02395 glycogen debranching protein,Unmatched,0,0,0
FPMLKI_02400 hypothetical protein,Unmatched,0,0,0
FPMLKI_02405 ribonuclease P protein component,Unmatched,0,0,0
FPMLKI_02410 ribonuclease P,Unmatched,0,0,0
FPMLKI_02415 membrane protein insertase YidC,Unmatched,0,0,0
FPMLKI_02420 RNA-binding protein,Unmatched,0,0,0
FPMLKI_02435 hypothetical protein,Unmatched,0,0,0
FPMLKI_02440 hypothetical protein,Unmatched,0,0,0
FPMLKI_02445 pyruvate kinase,Unmatched,0,0,0
FPMLKI_02450 Asp-tRNA(Asn)/Glu-tRNA(Gln) amidotransferase subunit GatB,Unmatched,0,0,0
FPMLKI_02455 chromosome partitioning protein ParA,Unmatched,0,0,0
FPMLKI_02460 hypothetical protein,Unmatched,0,0,0
FPMLKI_02465 molecular chaperone DnaJ,Unmatched,0,0,0
FPMLKI_02470 AI-2E family transporter,Unmatched,0,0,0
FPMLKI_02475 amino acid ABC transporter substrate-binding protein,Unmatched,0,0,0
FPMLKI_02480 DUF2079 domain-containing protein,Unmatched,0,0,0
FPMLKI_02485 tRNA (adenosine(37)-N6)-dimethylallyltransferase MiaA,Unmatched,0,0,0
FPMLKI_02490 Divalent metal cation transporter MntH,Unmatched,0,0,0
FPMLKI_02495 Ferric uptake regulation protein,Unmatched,0,0,0
FPMLKI_02500 YkuD domain-containing protein,Unmatched,0,0,0
FPMLKI_02505 Protein-disulfide isomerase,Unmatched,0,0,0
FPMLKI_02510 YkuD domain-containing protein,Unmatched,0,0,0
FPMLKI_02515 Bacterial transglutaminase-like cysteine ase BTLCP family protein,Unmatched,0,0,0
FPMLKI_02520 hypothetical protein,Unmatched,0,0,0
FPMLKI_02525 Lipoprotein signal peptidase,Unmatched,0,0,0
FPMLKI_02530 hypothetical protein,Unmatched,0,0,0
FPMLKI_02535 hypothetical protein,Unmatched,0,0,0
"FPMLKI_02540 Lead, cadmium, zinc and mercury-transporting ATPase",Unmatched,0,0,0
FPMLKI_02545 HTH merR-type domain-containing protein,Unmatched,0,0,0
FPMLKI_02550 Acyltransferase,Unmatched,0,0,0
FPMLKI_02555 Major Facilitator Superfamily protein,Unmatched,0,0,0
FPMLKI_02560 Copper-sensing transcriptional repressor CsoR protein,Unmatched,0,0,0
FPMLKI_02565 hypothetical protein,Unmatched,0,0,0
FPMLKI_02570 hypothetical protein,Unmatched,0,0,0
FPMLKI_02575 hypothetical protein,Unmatched,0,0,0
FPMLKI_02580 Cytochrome,Unmatched,0,0,0
FPMLKI_02585 Multicopper oxidase type,Unmatched,0,0,0
FPMLKI_02590 hypothetical protein,Unmatched,0,0,0
FPMLKI_02595 Cu(I)-responsive transcriptional regulator,Unmatched,0,0,0
FPMLKI_02600 Copper-transporting P-type ATPase,Unmatched,0,0,0
FPMLKI_02605 hypothetical protein,Unmatched,0,0,0
FPMLKI_02610 Cyclic nucleotide-binding domain-containing protein,Unmatched,0,0,0
FPMLKI_02615 hypothetical protein,Unmatched,0,0,0
FPMLKI_02620 Type IV secretion system protein,Unmatched,0,0,0
FPMLKI_02625 Type IV secretion protein VirB10,Unmatched,0,0,0
FPMLKI_02630 hypothetical protein,Unmatched,0,0,0
FPMLKI_02635 hypothetical protein,Unmatched,0,0,0
FPMLKI_02640 hypothetical protein,Unmatched,0,0,0
FPMLKI_02645 hypothetical protein,Unmatched,0,0,0
FPMLKI_02650 hypothetical protein,Unmatched,0,0,0
FPMLKI_02655 hypothetical protein,Unmatched,0,0,0
FPMLKI_02660 Type IV secretion system protein virB4,Unmatched,0,0,0
FPMLKI_02665 Type IV secretion protein VirB3,Unmatched,0,0,0
FPMLKI_02670 Conjugal transfer protein TrbC,Unmatched,0,0,0
FPMLKI_02675 hypothetical protein,Unmatched,0,0,0
FPMLKI_02680 hypothetical protein,Unmatched,0,0,0
FPMLKI_02685 Succinoglycan biosynthesis protein exoi,Unmatched,0,0,0
FPMLKI_02690 hypothetical protein,Unmatched,0,0,0
FPMLKI_02695 hypothetical protein,Unmatched,0,0,0
FPMLKI_02700 hypothetical protein,Unmatched,0,0,0
FPMLKI_02705 excisionase family DNA-binding protein,Unmatched,0,0,0
FPMLKI_02710 PINc domain-containing protein,Unmatched,0,0,0
FPMLKI_02715 helix-turn-helix domain-containing protein,Unmatched,0,0,0
FPMLKI_02720 hypothetical protein,Unmatched,0,0,0
FPMLKI_02725 DNA-binding protein,Unmatched,0,0,0
FPMLKI_02730 hypothetical protein,Unmatched,0,0,0
FPMLKI_02735 hypothetical protein,Unmatched,0,0,0
FPMLKI_02740 Antitoxin of toxin-antitoxin stability system,Unmatched,0,0,0
FPMLKI_02745 Zinc metalloprotease,Unmatched,0,0,0
FPMLKI_02750 Type I restriction enzyme endonuclease subunit,Unmatched,0,0,0
FPMLKI_02755 hypothetical protein,Unmatched,0,0,0
FPMLKI_02760 Non-specific serine/threonine protein kinase,Unmatched,0,0,0
FPMLKI_02765 Cellulase,Unmatched,0,0,0
FPMLKI_02770 hypothetical protein,Unmatched,0,0,0
FPMLKI_02775 type I restriction-modification system subunit M,Unmatched,0,0,0
FPMLKI_02780 Methylase-S domain-containing protein,Unmatched,0,0,0
FPMLKI_02785 Putative methylase/helicase,Unmatched,0,0,0
FPMLKI_02790 Toprim domain-containing protein,Unmatched,0,0,0
FPMLKI_02795 hypothetical protein,Unmatched,0,0,0
FPMLKI_02800 SpoVT-AbrB domain-containing protein,Unmatched,0,0,0
FPMLKI_02805 hypothetical protein,Unmatched,0,0,0
FPMLKI_02810 DUF736 domain-containing protein,Unmatched,0,0,0
FPMLKI_02815 plasmid partitioning protein RepA,Unmatched,0,0,0
FPMLKI_02820 ParB domain-containing protein,Unmatched,0,0,0
FPMLKI_02825 Replication initiation protein RepC,Unmatched,0,0,0
FPMLKI_02830 hypothetical protein,Unmatched,0,0,0
FPMLKI_02835 hypothetical protein,Unmatched,0,0,0
FPMLKI_02840 hypothetical protein,Unmatched,0,0,0
FPMLKI_02845 Antitoxin,Unmatched,0,0,0
FPMLKI_02850 Ribonuclease VapC,Unmatched,0,0,0
FPMLKI_02855 ArsR family transcriptional regulator,Unmatched,0,0,0
FPMLKI_02860 Uncharacterized protein involved in oxidation of intracellular,Unmatched,0,0,0
FPMLKI_02865 MFS domain-containing protein,Unmatched,0,0,0
FPMLKI_02870 hypothetical protein,Unmatched,0,0,0
FPMLKI_02875 YnfA family protein,Unmatched,0,0,0
FPMLKI_02880 AAA-14 domain-containing protein,Unmatched,0,0,0
FPMLKI_02885 hypothetical protein,Unmatched,0,0,0
FPMLKI_02890 hypothetical protein,Unmatched,0,0,0
FPMLKI_02895 BsSco,Unmatched,0,0,0
FPMLKI_02900 hypothetical protein,Unmatched,0,0,0
FPMLKI_02905 hypothetical protein,Unmatched,0,0,0
FPMLKI_02910 hypothetical protein,Unmatched,0,0,0
FPMLKI_02915 hypothetical protein,Unmatched,0,0,0
FPMLKI_02920 hypothetical protein,Unmatched,0,0,0
FPMLKI_02925 RRXRR domain-containing protein,Unmatched,0,0,0
FPMLKI_02930 hypothetical protein,Unmatched,0,0,0
FPMLKI_02935 transglutaminase family protein,Unmatched,0,0,0
"FPMLKI_02940 Glycosyl-4,4'-diaponeurosporenoate acyltransferase",Unmatched,0,0,0
FPMLKI_02945 glycosyl transferase family 2,Unmatched,0,0,0
FPMLKI_02950 ISAs1 family transposase,Unmatched,0,0,0
FPMLKI_02955 Glutamyl-tRNA(Gln) amidotransferase subunit A,Unmatched,0,0,0
FPMLKI_02965 Ureidoglycolate hydrolase,Unmatched,0,0,0
FPMLKI_02970 efflux RND transporter periplasmic adaptor subunit,Unmatched,0,0,0
FPMLKI_02975 GUN4 domain-containing protein,Unmatched,0,0,0
FPMLKI_02980 aspartate carbamoyltransferase catalytic subunit,Unmatched,0,0,0
FPMLKI_02985 hypothetical protein,Unmatched,0,0,0
FPMLKI_02990 hypothetical protein,Unmatched,0,0,0
FPMLKI_02995 chloride channel protein,Unmatched,0,0,0
FPMLKI_03000 DUF3122 domain-containing protein,Unmatched,0,0,0
FPMLKI_03005 hypothetical protein,Unmatched,0,0,0
FPMLKI_03010 tRNA-His(gtg),Unmatched,0,0,0
FPMLKI_03015 hypothetical protein,Unmatched,0,0,0
FPMLKI_03020 Tic22-like family,Unmatched,0,0,0
FPMLKI_03025 peptide chain release factor N(5)-glutamine methyltransferase,Unmatched,0,0,0
FPMLKI_03030 hypothetical protein,Unmatched,0,0,0
FPMLKI_03035 orotidine-5'-phosphate decarboxylase,Unmatched,0,0,0
FPMLKI_03040 MEKHLA domain-containing protein,Unmatched,0,0,0
FPMLKI_03045 hydrolase,Unmatched,0,0,0
FPMLKI_03050 preQ(1) synthase,Unmatched,0,0,0
FPMLKI_03055 hypothetical protein,Unmatched,0,0,0
FPMLKI_03060 DNA polymerase subunit beta,Unmatched,0,0,0
FPMLKI_03065 Ribonuclease HepT-like,Unmatched,0,0,0
FPMLKI_03070 DUF3318 domain-containing protein,Unmatched,0,0,0
FPMLKI_03075 DNA helicase RecQ,Unmatched,0,0,0
FPMLKI_03080 hypothetical protein,Unmatched,0,0,0
FPMLKI_03085 apolipoprotein N-acyltransferase,Unmatched,0,0,0
FPMLKI_03090 GAF domain-containing protein,Unmatched,0,0,0
FPMLKI_03095 hypothetical protein,Unmatched,0,0,0
FPMLKI_03100 hormogonium polysaccharide biosynthesis glycosyltransferase HpsP,Unmatched,0,0,0
FPMLKI_03105 Glyoxalase-like domain protein,Unmatched,0,0,0
FPMLKI_03110 hypothetical protein,Unmatched,0,0,0
FPMLKI_03115 flotillin,Unmatched,0,0,0
"FPMLKI_03120 glutamate-1-semialdehyde 2,1-aminomutase",Unmatched,0,0,0
FPMLKI_03125 DNA polymerase III subunit beta,Unmatched,0,0,0
FPMLKI_03130 IS982 family transposase,Unmatched,0,0,0
FPMLKI_03135 amidase,Unmatched,0,0,0
FPMLKI_03140 hypothetical protein,Unmatched,0,0,0
FPMLKI_03145 protein phosphatase,Unmatched,0,0,0
FPMLKI_03150 GNAT family N-acetyltransferase,Unmatched,0,0,0
FPMLKI_03155 hypothetical protein,Unmatched,0,0,0
FPMLKI_03160 Ssr0692 protein,Unmatched,0,0,0
FPMLKI_03165 Adenosyl-chloride synthase,Unmatched,0,0,0
FPMLKI_03170 carboxylating nicotinate-nucleotide diphosphorylase,Unmatched,0,0,0
FPMLKI_03175 Putative restriction endonuclease,Unmatched,0,0,0
FPMLKI_03180 phosphoribulokinase,Unmatched,0,0,0
FPMLKI_03185 polyhydroxyalkanoate biosynthesis repressor PhaR,Unmatched,0,0,0
FPMLKI_03190 LD-carboxypeptidase,Unmatched,0,0,0
FPMLKI_03195 Type II secretion system protein D,Unmatched,0,0,0
FPMLKI_03200 pilus assembly protein,Unmatched,0,0,0
FPMLKI_03205 pilus assembly protein,Unmatched,0,0,0
FPMLKI_03210 pilus assembly protein PilM,Unmatched,0,0,0
FPMLKI_03215 ketol-acid reductoisomerase,Unmatched,0,0,0
"FPMLKI_03220 ECF-type riboflavin transporter, S component",Unmatched,0,0,0
FPMLKI_03225 hypothetical protein,Unmatched,0,0,0
FPMLKI_03230 peptidase,Unmatched,0,0,0
FPMLKI_03235 NAD(P)H-quinone oxidoreductase subunit N,Unmatched,0,0,0
FPMLKI_03240 DUF3539 domain-containing protein,Unmatched,0,0,0
FPMLKI_03245 YggS family pyridoxal phosphate enzyme,Unmatched,0,0,0
FPMLKI_03250 cell division protein SepF,Unmatched,0,0,0
FPMLKI_03255 pyrroline-5-carboxylate reductase,Unmatched,0,0,0
FPMLKI_03260 metal-binding protein,Unmatched,0,0,0
FPMLKI_03265 tRNA-Val(tac),Unmatched,0,0,0
FPMLKI_03270 YkgJ family cysteine cluster protein,Unmatched,0,0,0
FPMLKI_03275 serine/threonine protein kinase,Unmatched,0,0,0
FPMLKI_03280 restriction endonuclease subunit M,Unmatched,0,0,0
FPMLKI_03285 redox-regulated ATPase YchF,Unmatched,0,0,0
FPMLKI_03290 elongation factor G,Unmatched,0,0,0
FPMLKI_03295 HATPase-c domain-containing protein,Unmatched,0,0,0
FPMLKI_03300 sodium:dicarboxylate symporter,Unmatched,0,0,0
FPMLKI_03305 sodium:proton antiporter,Unmatched,0,0,0
FPMLKI_03310 N-acetylmuramoyl-L-alanine amidase,Unmatched,0,0,0
FPMLKI_03315 glutamate racemase,Unmatched,0,0,0
FPMLKI_03320 fatty acid desaturase,Unmatched,0,0,0
FPMLKI_03325 VMAP-M9 domain-containing protein,Unmatched,0,0,0
FPMLKI_03330 AAA family ATPase,Unmatched,0,0,0
FPMLKI_03335 sulfatase-modifying factor 1,Unmatched,0,0,0
FPMLKI_03340 Uncharacterised protein family (UPF0175),Unmatched,0,0,0
FPMLKI_03345 Formylglycine-generating enzyme family protein,Unmatched,0,0,0
FPMLKI_03350 ABM domain-containing protein,Unmatched,0,0,0
FPMLKI_03355 Endo/exonuclease/phosphatase domain-containing protein,Unmatched,0,0,0
FPMLKI_03360 Endoribonuclease MazF6,Unmatched,0,0,0
FPMLKI_03365 hypothetical protein,Unmatched,0,0,0
FPMLKI_03370 DUF5615 domain-containing protein,Unmatched,0,0,0
FPMLKI_03375 hypothetical protein,Unmatched,0,0,0
FPMLKI_03380 photosystem II q(b) protein,Unmatched,0,0,0
FPMLKI_03385 SGL domain-containing protein,Unmatched,0,0,0
FPMLKI_03390 isochorismate synthase,Unmatched,0,0,0
FPMLKI_03395 ferredoxin,Unmatched,0,0,0
FPMLKI_03400 thiol:disulfide interchange protein,Unmatched,0,0,0
FPMLKI_03405 hypothetical protein,Unmatched,0,0,0
FPMLKI_03410 hypothetical protein,Unmatched,0,0,0
FPMLKI_03415 ATP-dependent zinc metalloprotease FtsH,Unmatched,0,0,0
FPMLKI_03420 c-type cytochrome biogenesis protein CcsB,Unmatched,0,0,0
FPMLKI_03425 aspartoacylase,Unmatched,0,0,0
FPMLKI_03430 serine/threonine protein kinase,Unmatched,0,0,0
FPMLKI_03435 AAA+ family ATPase,Unmatched,0,0,0
FPMLKI_03440 glycine cleavage system protein GcvH,Unmatched,0,0,0
FPMLKI_03445 acetyl CoA synthetase subunit alpha,Unmatched,0,0,0
FPMLKI_03450 UDP-glucose 4-epimerase,Unmatched,0,0,0
FPMLKI_03455 Glycosyltransferase,Unmatched,0,0,0
FPMLKI_03460 Class I SAM-dependent methyltransferase,Unmatched,0,0,0
FPMLKI_03465 Glycosyltransferase family 1 protein,Unmatched,0,0,0
FPMLKI_03470 Glycosyltransferase,Unmatched,0,0,0
"FPMLKI_03475 Poly-beta-1,6-N-acetyl-D-glucosamine synthase",Unmatched,0,0,0
FPMLKI_03480 class I SAM-dependent methyltransferase,Unmatched,0,0,0
FPMLKI_03485 Uma2 domain-containing protein,Unmatched,0,0,0
FPMLKI_03490 DUF433 domain-containing protein,Unmatched,0,0,0
FPMLKI_03495 Similar to tr|Q7NCJ5|Q7NCJ5,Unmatched,0,0,0
FPMLKI_03500 hypothetical protein,Unmatched,0,0,0
FPMLKI_03505 hypothetical protein,Unmatched,0,0,0
FPMLKI_03510 HAD family hydrolase,Unmatched,0,0,0
FPMLKI_03515 bifunctional D-glycero-beta-D-manno-heptose-7-phosphate kinase/D-glycero-beta-D-manno-heptose 1-phosphate adenylyltransferase HldE,Unmatched,0,0,0
FPMLKI_03520 hypothetical protein,Unmatched,0,0,0
FPMLKI_03525 hypothetical protein,Unmatched,0,0,0
FPMLKI_03530 RfaQ protein,Unmatched,0,0,0
FPMLKI_03535 Ubiquinone biosynthesis O-methyltransferase,Unmatched,0,0,0
FPMLKI_03540 phosphoheptose isomerase,Unmatched,0,0,0
FPMLKI_03545 PS-pyruv-trans domain-containing protein,Unmatched,0,0,0
FPMLKI_03550 Hemolytic hlpA-like protein,Unmatched,0,0,0
FPMLKI_03555 Uma2 domain-containing protein,Unmatched,0,0,0
FPMLKI_03560 Domain of unknown function DUF29,Unmatched,0,0,0
FPMLKI_03565 DUF3782 domain-containing protein,Unmatched,0,0,0
FPMLKI_03570 hypothetical protein,Unmatched,0,0,0
FPMLKI_03575 Putative glycosyltransferase,Unmatched,0,0,0
FPMLKI_03580 FkbM family methyltransferase,Unmatched,0,0,0
FPMLKI_03585 Polysaccharide biosynthesis protein,Unmatched,0,0,0
FPMLKI_03590 Methyltransf-21 domain-containing protein,Unmatched,0,0,0
"FPMLKI_03595 Cytochrome c-type biogenesis protein CcmE, heme chaperone",Unmatched,0,0,0
FPMLKI_03600 hypothetical protein,Unmatched,0,0,0
FPMLKI_03605 hypothetical protein,Unmatched,0,0,0
FPMLKI_03610 protein tyrosine kinase,Unmatched,0,0,0
FPMLKI_03615 cryptochrome DASH,Unmatched,0,0,0
FPMLKI_03620 SAM-dependent methyltransferase,Unmatched,0,0,0
FPMLKI_03625 urease accessory protein UreJ,Unmatched,0,0,0
FPMLKI_03630 AraC family transcriptional regulator,Unmatched,0,0,0
FPMLKI_03635 Arylsulfatase,Unmatched,0,0,0
FPMLKI_03640 hypothetical protein,Unmatched,0,0,0
FPMLKI_03645 Putative restriction endonuclease,Unmatched,0,0,0
FPMLKI_03650 excinuclease ABC C subunit domain protein,Unmatched,0,0,0
FPMLKI_03655 pyruvate phosphate dikinase PEP/pyruvate-binding protein,Unmatched,0,0,0
FPMLKI_03660 phosphoenolpyruvate synthase,Unmatched,0,0,0
FPMLKI_03665 DNA-binding response regulator,Unmatched,0,0,0
FPMLKI_03670 hypothetical protein,Unmatched,0,0,0
FPMLKI_03675 hypothetical protein,Unmatched,0,0,0
FPMLKI_03680 hypothetical protein,Unmatched,0,0,0
FPMLKI_03685 Peptidase S74 domain-containing protein,Unmatched,0,0,0
FPMLKI_03690 type I restriction endonuclease subunit R,Unmatched,0,0,0
FPMLKI_03695 hypothetical protein,Unmatched,0,0,0
FPMLKI_03700 Endo/exonuclease/phosphatase domain-containing protein,Unmatched,0,0,0
FPMLKI_03705 Transcriptional activator srcap,Unmatched,0,0,0
FPMLKI_03710 hypothetical protein,Unmatched,0,0,0
FPMLKI_03715 30S ribosomal protein S4,Unmatched,0,0,0
FPMLKI_03720 BFN domain-containing protein,Unmatched,0,0,0
FPMLKI_03725 hypothetical protein,Unmatched,0,0,0
FPMLKI_03735 NAD synthetase,Unmatched,0,0,0
FPMLKI_03740 pyridine nucleotide transhydrogenase,Unmatched,0,0,0
FPMLKI_03745 Re/Si-specific NAD(P)(+) transhydrogenase subunit alpha,Unmatched,0,0,0
FPMLKI_03750 PspA/IM30 family protein,Unmatched,0,0,0
FPMLKI_03755 PspA/IM30 family,Unmatched,0,0,0
FPMLKI_03760 phage shock protein A,Unmatched,0,0,0
FPMLKI_03765 hypothetical protein,Unmatched,0,0,0
FPMLKI_03770 DUF721 domain-containing protein,Unmatched,0,0,0
FPMLKI_03775 hypothetical protein,Unmatched,0,0,0
FPMLKI_03780 glycosyl transferase family 2,Unmatched,0,0,0
FPMLKI_03785 flagellar biosynthesis protein FlgM,Unmatched,0,0,0
FPMLKI_03790 prolipoprotein diacylglyceryl transferase,Unmatched,0,0,0
FPMLKI_03795 tRNA-Leu(tag),Unmatched,0,0,0
FPMLKI_03800 HcyBio domain-containing protein,Unmatched,0,0,0
FPMLKI_03805 hypothetical protein,Unmatched,0,0,0
FPMLKI_03810 low-complexity protein,Unmatched,0,0,0
FPMLKI_03815 lipoyl(octanoyl) transferase LipB,Unmatched,0,0,0
FPMLKI_03840 hypothetical protein,Unmatched,0,0,0
FPMLKI_03845 TetR/AcrR family transcriptional regulator,Unmatched,0,0,0
FPMLKI_03850 YbjN domain-containing protein,Unmatched,0,0,0
FPMLKI_03855 biotin--protein ligase,Unmatched,0,0,0
FPMLKI_03860 hypothetical protein,Unmatched,0,0,0
FPMLKI_03865 Putative restriction endonuclease,Unmatched,0,0,0
FPMLKI_03885 hypothetical protein,Unmatched,0,0,0
FPMLKI_03925 hypothetical protein,Unmatched,0,0,0
FPMLKI_03930 Cyano-1 RNA,Unmatched,0,0,0
FPMLKI_03935 1-acyl-sn-glycerol-3-phosphate acyltransferase,Unmatched,0,0,0
FPMLKI_03940 hypothetical protein,Unmatched,0,0,0
FPMLKI_03945 adenosylcobinamide-phosphate synthase CbiB,Unmatched,0,0,0
FPMLKI_03950 GFA family protein,Unmatched,0,0,0
FPMLKI_03955 transcriptional regulator,Unmatched,0,0,0
FPMLKI_03960 AbrB family transcriptional regulator,Unmatched,0,0,0
FPMLKI_03965 SIMPL domain-containing protein,Unmatched,0,0,0
FPMLKI_03970 phosphopyruvate hydratase,Unmatched,0,0,0
FPMLKI_03975 DUF3887 domain-containing protein,Unmatched,0,0,0
FPMLKI_03980 glycogen debranching protein GlgX,Unmatched,0,0,0
FPMLKI_03995 potassium channel protein,Unmatched,0,0,0
FPMLKI_04000 hypothetical protein,Unmatched,0,0,0
FPMLKI_04005 Putative restriction endonuclease,Unmatched,0,0,0
FPMLKI_04010 leuA allosteric domain protein,Unmatched,0,0,0
FPMLKI_04015 hypothetical protein,Unmatched,0,0,0
FPMLKI_04020 hypothetical protein,Unmatched,0,0,0
FPMLKI_04025 hypothetical protein,Unmatched,0,0,0
FPMLKI_04030 hypothetical protein,Unmatched,0,0,0
FPMLKI_04035 C2H2-type domain-containing protein,Unmatched,0,0,0
FPMLKI_04040 hypothetical protein,Unmatched,0,0,0
FPMLKI_04045 ABC transporter domain-containing protein,Unmatched,0,0,0
"FPMLKI_04050 phosphonate ABC transporter, permease protein PhnE",Unmatched,0,0,0
FPMLKI_04055 Nucleotide pyrophosphatase,Unmatched,0,0,0
FPMLKI_04060 ABC transmembrane type-1 domain-containing protein,Unmatched,0,0,0
FPMLKI_04065 ABC transporter permease,Unmatched,0,0,0
FPMLKI_04070 Dipeptide transporter ATP-binding component of ABC superfamily,Unmatched,0,0,0
FPMLKI_04075 ABC transporter domain-containing protein,Unmatched,0,0,0
FPMLKI_04080 ABC transporter substrate-binding protein,Unmatched,0,0,0
FPMLKI_04085 AP-endonuc-2 domain-containing protein,Unmatched,0,0,0
FPMLKI_04090 Metallophos domain-containing protein,Unmatched,0,0,0
FPMLKI_04095 Oligopeptide ABC transporter substrate-binding protein,Unmatched,0,0,0
FPMLKI_04100 Peptide/nickel transport system permease protein,Unmatched,0,0,0
FPMLKI_04105 ABC transporter permease,Unmatched,0,0,0
FPMLKI_04110 ABC transporter permease subunit,Unmatched,0,0,0
FPMLKI_04115 hypothetical protein,Unmatched,0,0,0
FPMLKI_04120 hypothetical protein,Unmatched,0,0,0
FPMLKI_04125 SAM-dependent methyltransferase,Unmatched,0,0,0
FPMLKI_04130 Metallophos-2 domain-containing protein,Unmatched,0,0,0
FPMLKI_04135 hypothetical protein,Unmatched,0,0,0
FPMLKI_04140 hypothetical protein,Unmatched,0,0,0
"FPMLKI_04145 Phosphonate metabolism protein/1,5-bisphosphokinase (PRPP-forming) PhnN",Unmatched,0,0,0
FPMLKI_04150 alpha-D-ribose 1-methylphosphonate 5-triphosphate diphosphatase,Unmatched,0,0,0
FPMLKI_04155 Acetyltransferase,Unmatched,0,0,0
FPMLKI_04160 phosphonate C-P lyase system protein PhnL,Unmatched,0,0,0
FPMLKI_04165 phosphonate C-P lyase system protein PhnK,Unmatched,0,0,0
FPMLKI_04170 Alpha-D-ribose 1-methylphosphonate 5-phosphate C-P lyase,Unmatched,0,0,0
FPMLKI_04175 Carbon-phosphorus lyase complex subunit PhnI,Unmatched,0,0,0
FPMLKI_04180 Phosphonate C-P lyase system protein PhnH,Unmatched,0,0,0
FPMLKI_04185 Phosphonate C-P lyase system protein PhnG,Unmatched,0,0,0
FPMLKI_04190 ABC transmembrane type-1 domain-containing protein,Unmatched,0,0,0
FPMLKI_04195 hypothetical protein,Unmatched,0,0,0
FPMLKI_04200 phosphonate ABC transporter substrate-binding protein,Unmatched,0,0,0
FPMLKI_04205 phosphonate ABC transporter ATP-binding protein,Unmatched,0,0,0
FPMLKI_04210 Arsenate reductase ArsI1,Unmatched,0,0,0
FPMLKI_04215 Mll2168 protein,Unmatched,0,0,0
FPMLKI_04220 hypothetical protein,Unmatched,0,0,0
FPMLKI_04225 hypothetical protein,Unmatched,0,0,0
FPMLKI_04235 peptidase S8 and S53 subtilisin kexin sedolisin,Unmatched,0,0,0
FPMLKI_04240 calcium/proton exchanger,Unmatched,0,0,0
"FPMLKI_04245 biphenyl 2,3-dioxygenase",Unmatched,0,0,0
FPMLKI_04250 DUF6679 domain-containing protein,Unmatched,0,0,0
FPMLKI_04255 alpha/beta hydrolase,Unmatched,0,0,0
FPMLKI_04260 hypothetical protein,Unmatched,0,0,0
FPMLKI_04265 DUF1049 domain-containing protein,Unmatched,0,0,0
FPMLKI_04270 type III-B CRISPR module RAMP protein Cmr6,Unmatched,0,0,0
FPMLKI_04275 hypothetical protein,Unmatched,0,0,0
FPMLKI_04280 Putative restriction endonuclease,Unmatched,0,0,0
FPMLKI_04285 type III-B CRISPR module RAMP protein Cmr4,Unmatched,0,0,0
FPMLKI_04290 CRISPR-associated RAMP Cmr3,Unmatched,0,0,0
FPMLKI_04295 type III-B CRISPR-associated protein Cas10/Cmr2,Unmatched,0,0,0
FPMLKI_04300 Mitomycin biosynthesis 6-O-methyltransferase,Unmatched,0,0,0
FPMLKI_04305 phosphoglucosamine mutase,Unmatched,0,0,0
FPMLKI_04310 hypothetical protein,Unmatched,0,0,0
FPMLKI_04315 Photosystem II manganese-stabilizing polypeptide,Unmatched,0,0,0
FPMLKI_04320 restriction endonuclease,Unmatched,0,0,0
FPMLKI_04325 DUF29 domain-containing protein,Unmatched,0,0,0
FPMLKI_04330 amino acid ABC transporter ATP-binding protein,Unmatched,0,0,0
FPMLKI_04335 sodium:proton antiporter,Unmatched,0,0,0
FPMLKI_04340 hydrophobe/amphiphile efflux-1 family RND transporter,Unmatched,0,0,0
FPMLKI_04345 CemA family,Unmatched,0,0,0
FPMLKI_04350 glycosyl transferase family 1,Unmatched,0,0,0
FPMLKI_04355 replication restart DNA helicase PriA,Unmatched,0,0,0
FPMLKI_04360 hypothetical protein,Unmatched,0,0,0
FPMLKI_04365 PAS domain-containing sensor histidine kinase,Unmatched,0,0,0
FPMLKI_04370 DZANK-type domain-containing protein,Unmatched,0,0,0
FPMLKI_04375 hypothetical protein,Unmatched,0,0,0
FPMLKI_04380 hypothetical protein,Unmatched,0,0,0
FPMLKI_04385 SDR family oxidoreductase,Unmatched,0,0,0
FPMLKI_04390 GTP cyclohydrolase I FolE,Unmatched,0,0,0
FPMLKI_04395 phosphoribosylanthranilate isomerase,Unmatched,0,0,0
FPMLKI_04400 photosystem I reaction center subunit PsaK,Unmatched,0,0,0
FPMLKI_04405 hypothetical protein,Unmatched,0,0,0
FPMLKI_04410 DNA (cytosine-5-)-methyltransferase,Unmatched,0,0,0
FPMLKI_04415 HEPN-RiboL-PSP domain-containing protein,Unmatched,0,0,0
FPMLKI_04420 hypethetical protein,Unmatched,0,0,0
FPMLKI_04425 glutamine-hydrolyzing GMP synthase,Unmatched,0,0,0
FPMLKI_04430 cobalt-precorrin-5B (C(1))-methyltransferase CbiD,Unmatched,0,0,0
FPMLKI_04435 hypothetical protein,Unmatched,0,0,0
FPMLKI_04440 DNA polymerase subunit beta,Unmatched,0,0,0
FPMLKI_04445 ribosome recycling factor,Unmatched,0,0,0
FPMLKI_04450 UMP kinase,Unmatched,0,0,0
FPMLKI_04455 hypothetical protein,Unmatched,0,0,0
FPMLKI_04460 Arginine decarboxylase,Unmatched,0,0,0
FPMLKI_04465 Serine/threonine protein kinase,Unmatched,0,0,0
FPMLKI_04485 nucleotide exchange factor GrpE,Unmatched,0,0,0
FPMLKI_04490 GTP-binding protein HSR1-related,Unmatched,0,0,0
FPMLKI_04495 Dynamin,Unmatched,0,0,0
FPMLKI_04500 hypothetical protein,Unmatched,0,0,0
FPMLKI_04505 Peptidase-C39-2 domain-containing protein,Unmatched,0,0,0
FPMLKI_04510 twitching motility protein PilT,Unmatched,0,0,0
FPMLKI_04515 Arc domain-containing protein,Unmatched,0,0,0
FPMLKI_04520 YbjN domain-containing protein,Unmatched,0,0,0
FPMLKI_04525 GUN4 domain-containing protein,Unmatched,0,0,0
FPMLKI_04530 Hsp70 protein,Unmatched,0,0,0
FPMLKI_04535 hypothetical protein,Unmatched,0,0,0
FPMLKI_04540 hypothetical protein,Unmatched,0,0,0
FPMLKI_04545 hypothetical protein,Unmatched,0,0,0
FPMLKI_04550 peptide deformylase,Unmatched,0,0,0
FPMLKI_04555 serine/threonine protein kinase,Unmatched,0,0,0
FPMLKI_04560 farnesyl-diphosphate synthase,Unmatched,0,0,0
FPMLKI_04565 acid phosphatase,Unmatched,0,0,0
FPMLKI_04570 recombination protein F,Unmatched,0,0,0
FPMLKI_04575 DUF3226 domain-containing protein,Unmatched,0,0,0
FPMLKI_04580 Methyltransf-21 domain-containing protein,Unmatched,0,0,0
FPMLKI_04585 folate/biopterin family MFS transporter,Unmatched,0,0,0
FPMLKI_04590 YcfA family protein,Unmatched,0,0,0
FPMLKI_04595 HicB-like domain-containing protein,Unmatched,0,0,0
FPMLKI_04600 P/Homo B domain-containing protein,Unmatched,0,0,0
FPMLKI_04605 glutamine synthetase type III,Unmatched,0,0,0
"FPMLKI_04610 Apocarotenoid-15,15'-oxygenase",Unmatched,0,0,0
FPMLKI_04615 DUF1092 domain-containing protein,Unmatched,0,0,0
FPMLKI_04620 glycosyltransferase,Unmatched,0,0,0
FPMLKI_04625 DUF3593 domain-containing protein,Unmatched,0,0,0
FPMLKI_04630 DUF2499 domain-containing protein,Unmatched,0,0,0
FPMLKI_04635 glutathione synthase,Unmatched,0,0,0
FPMLKI_04640 glutaredoxin 3,Unmatched,0,0,0
FPMLKI_04645 hypothetical protein,Unmatched,0,0,0
FPMLKI_04650 hypothetical protein,Unmatched,0,0,0
FPMLKI_04655 YGGT family,Unmatched,0,0,0
FPMLKI_04660 PemK-like protein,Unmatched,0,0,0
FPMLKI_04665 hypothetical protein,Unmatched,0,0,0
FPMLKI_04670 Peripla-BP-6 domain-containing protein,Unmatched,0,0,0
FPMLKI_04675 hypothetical protein,Unmatched,0,0,0
FPMLKI_04685 Linear gramicidin synthase subunit D,Unmatched,0,0,0
FPMLKI_04695 hypothetical protein,Unmatched,0,0,0
FPMLKI_04700 restriction endonuclease,Unmatched,0,0,0
FPMLKI_04715 hypothetical protein,Unmatched,0,0,0
FPMLKI_04730 diflavin flavoprotein A,Unmatched,0,0,0
FPMLKI_04735 Hemolysin,Unmatched,0,0,0
FPMLKI_04740 tRNA (guanosine(37)-N1)-methyltransferase TrmD,Unmatched,0,0,0
FPMLKI_04745 cyanophycinase,Unmatched,0,0,0
FPMLKI_04750 cyanophycin synthetase,Unmatched,0,0,0
FPMLKI_04755 hypothetical protein,Unmatched,0,0,0
FPMLKI_04760 hypothetical protein,Unmatched,0,0,0
FPMLKI_04765 DUF5615 domain-containing protein,Unmatched,0,0,0
FPMLKI_04770 hypothetical protein,Unmatched,0,0,0
FPMLKI_04775 sodium-independent anion transporter,Unmatched,0,0,0
FPMLKI_04780 nitrogenase,Unmatched,0,0,0
FPMLKI_04785 UDP-glucose 6-dehydrogenase,Unmatched,0,0,0
FPMLKI_04790 NAD-dependent dehydratase,Unmatched,0,0,0
FPMLKI_04795 nucleic acid-binding protein,Unmatched,0,0,0
FPMLKI_04800 hypothetical protein,Unmatched,0,0,0
FPMLKI_04805 DNA polymerase I,Unmatched,0,0,0
FPMLKI_04810 hypothetical protein,Unmatched,0,0,0
FPMLKI_04815 heavy metal transporter,Unmatched,0,0,0
FPMLKI_04820 nucleotidyltransferase,Unmatched,0,0,0
FPMLKI_04825 endonuclease,Unmatched,0,0,0
FPMLKI_04830 Site-specific DNA-methyltransferase (adenine-specific),Unmatched,0,0,0
FPMLKI_04835 Cytochrome b6-f complex iron-sulfur subunit,Unmatched,0,0,0
FPMLKI_04840 apocytochrome f,Unmatched,0,0,0
FPMLKI_04845 mannose-1-phosphate guanylyltransferase,Unmatched,0,0,0
FPMLKI_04850 ABC transporter,Unmatched,0,0,0
FPMLKI_04855 hypothetical protein,Unmatched,0,0,0
FPMLKI_04860 bifunctional ornithine acetyltransferase/N-acetylglutamate synthase,Unmatched,0,0,0
FPMLKI_04865 Pentapeptide repeat-containing protein,Unmatched,0,0,0
FPMLKI_04875 rubredoxin,Unmatched,0,0,0
FPMLKI_04880 photosynthesis system II assembly factor Ycf48,Unmatched,0,0,0
FPMLKI_04885 cytochrome b559 subunit alpha,Unmatched,0,0,0
FPMLKI_04890 cytochrome b559 subunit beta,Unmatched,0,0,0
FPMLKI_04895 photosystem II reaction center protein L,Unmatched,0,0,0
FPMLKI_04900 photosystem II reaction center protein J,Unmatched,0,0,0
FPMLKI_04905 Phosphopyruvate hydratase,Unmatched,0,0,0
FPMLKI_04910 peptidase,Unmatched,0,0,0
FPMLKI_04915 homoserine dehydrogenase,Unmatched,0,0,0
FPMLKI_04920 glycolate oxidase,Unmatched,0,0,0
FPMLKI_04925 FAD-binding oxidoreductase,Unmatched,0,0,0
FPMLKI_04930 aspartate aminotransferase,Unmatched,0,0,0
FPMLKI_04935 DNA repair protein RadC,Unmatched,0,0,0
FPMLKI_04940 Phosphoribosylformylglycinamidine cyclo-ligase,Unmatched,0,0,0
"FPMLKI_04945 7,8-didemethyl-8-hydroxy-5-deazariboflavin synthase subunit CofH",Unmatched,0,0,0
FPMLKI_04950 photosystem II biogenesis protein Psp29,Unmatched,0,0,0
FPMLKI_04955 SsrA-binding protein SmpB,Unmatched,0,0,0
FPMLKI_04960 DUF2808 domain-containing protein,Unmatched,0,0,0
FPMLKI_04965 stress-induced bacterial acidophilic repeat motif family protein,Unmatched,0,0,0
FPMLKI_04970 molecular chaperone DnaJ,Unmatched,0,0,0
FPMLKI_04980 hypothetical protein,Unmatched,0,0,0
FPMLKI_04985 glycosyltransferase,Unmatched,0,0,0
FPMLKI_04990 PMT-2 domain-containing protein,Unmatched,0,0,0
FPMLKI_04995 hypothetical protein,Unmatched,0,0,0
FPMLKI_05000 leucyl/phenylalanyl-tRNA--protein transferase,Unmatched,0,0,0
FPMLKI_05005 hybrid sensor histidine kinase/response regulator,Unmatched,0,0,0
FPMLKI_05010 ankyrin repeat domain-containing protein,Unmatched,0,0,0
FPMLKI_05015 Stp1/IreP family PP2C-type Ser/Thr phosphatase,Unmatched,0,0,0
"FPMLKI_05020 putative protein kinase regulating ubiquinone biosynthesis, AarF/ABC1/UbiB family",Unmatched,0,0,0
FPMLKI_05025 Thylakoid protein sll1769,Unmatched,0,0,0
FPMLKI_05030 branched-chain amino acid ABC transporter substrate-binding protein,Unmatched,0,0,0
FPMLKI_05035 hypothetical protein,Unmatched,0,0,0
FPMLKI_05040 glucokinase,Unmatched,0,0,0
FPMLKI_05045 glucokinase,Unmatched,0,0,0
FPMLKI_05050 AAA-like domain-containing protein,Unmatched,0,0,0
FPMLKI_05055 AAA-like domain-containing protein,Unmatched,0,0,0
FPMLKI_05060 zinc ribbon domain-containing protein,Unmatched,0,0,0
FPMLKI_05065 magnesium-protoporphyrin IX monomethyl ester (oxidative) cyclase,Unmatched,0,0,0
FPMLKI_05070 hypothetical protein,Unmatched,0,0,0
FPMLKI_05075 hypothetical protein,Unmatched,0,0,0
FPMLKI_05080 cell division protein FtsI,Unmatched,0,0,0
FPMLKI_05085 hypothetical protein,Unmatched,0,0,0
FPMLKI_05090 GTPase,Unmatched,0,0,0
FPMLKI_05095 2-amino-4-hydroxy-6-hydroxymethyldihydropteridine diphosphokinase,Unmatched,0,0,0
FPMLKI_05100 sirohydrochlorin chelatase,Unmatched,0,0,0
FPMLKI_05105 type II toxin-antitoxin system HigB family toxin,Unmatched,0,0,0
FPMLKI_05110 transcriptional regulator,Unmatched,0,0,0
FPMLKI_05115 hypothetical protein,Unmatched,0,0,0
FPMLKI_05120 transglutaminase,Unmatched,0,0,0
"FPMLKI_05125 7,8-didemethyl-8-hydroxy-5-deazariboflavin synthase subunit CofG",Unmatched,0,0,0
FPMLKI_05130 cytosine deaminase,Unmatched,0,0,0
FPMLKI_05135 DUF952 domain-containing protein,Unmatched,0,0,0
FPMLKI_05140 L-lactate dehydrogenase,Unmatched,0,0,0
FPMLKI_05145 ABC transporter substrate-binding protein,Unmatched,0,0,0
FPMLKI_05150 hypothetical protein,Unmatched,0,0,0
FPMLKI_05155 DUF3782 domain-containing protein,Unmatched,0,0,0
FPMLKI_05160 formyltetrahydrofolate deformylase,Unmatched,0,0,0
FPMLKI_05165 (Fe-S)-binding protein,Unmatched,0,0,0
FPMLKI_05170 hypothetical protein,Unmatched,0,0,0
FPMLKI_05175 ribonuclease H,Unmatched,0,0,0
FPMLKI_05180 AI-2E family transporter,Unmatched,0,0,0
FPMLKI_05185 tRNA-Ala(ggc),Unmatched,0,0,0
FPMLKI_05190 hypothetical protein,Unmatched,0,0,0
FPMLKI_05195 Imidazole glycerol phosphate synthase subunit HisF,Unmatched,0,0,0
FPMLKI_05200 Holliday junction branch migration DNA helicase RuvB,Unmatched,0,0,0
FPMLKI_05205 RNA polymerase subunit sigma,Unmatched,0,0,0
FPMLKI_05210 aminotransferase,Unmatched,0,0,0
FPMLKI_05215 hypothetical protein,Unmatched,0,0,0
FPMLKI_05220 Leukotoxin,Unmatched,0,0,0
FPMLKI_05225 hypothetical protein,Unmatched,0,0,0
FPMLKI_05230 hypothetical protein,Unmatched,0,0,0
FPMLKI_05235 histidine kinase,Unmatched,0,0,0
FPMLKI_05240 hypothetical protein,Unmatched,0,0,0
FPMLKI_05245 hypothetical protein,Unmatched,0,0,0
FPMLKI_05250 photosystem II reaction center protein PsbM,Unmatched,0,0,0
FPMLKI_05255 hypothetical protein,Unmatched,0,0,0
FPMLKI_05260 Gsr2560 protein,Unmatched,0,0,0
FPMLKI_05265 hypothetical protein,Unmatched,0,0,0
FPMLKI_05270 ISL3 family transposase,Unmatched,0,0,0
FPMLKI_05275 aspartate 1-decarboxylase,Unmatched,0,0,0
FPMLKI_05285 HTH-33 domain-containing protein,Unmatched,0,0,0
FPMLKI_05290 DDE Tnp4 domain-containing protein,Unmatched,0,0,0
"FPMLKI_05315 Endonuclease, Uma2 family (restriction endonuclease fold)",Unmatched,0,0,0
FPMLKI_05320 hypothetical protein,Unmatched,0,0,0
FPMLKI_05325 glycosyltransferase,Unmatched,0,0,0
FPMLKI_05330 NAD(P)-dependent oxidoreductase,Unmatched,0,0,0
"FPMLKI_05335 dTDP-4-dehydrorhamnose 3,5-epimerase",Unmatched,0,0,0
FPMLKI_05340 lipopolysaccharide biosynthesis protein RfbH,Unmatched,0,0,0
"FPMLKI_05345 CDP-glucose 4,6-dehydratase",Unmatched,0,0,0
FPMLKI_05350 glucose-1-phosphate cytidylyltransferase,Unmatched,0,0,0
FPMLKI_05355 NUDIX hydrolase,Unmatched,0,0,0
FPMLKI_05360 NAD(P)H-dependent glycerol-3-phosphate dehydrogenase,Unmatched,0,0,0
FPMLKI_05365 AAA+ family ATPase,Unmatched,0,0,0
FPMLKI_05370 TPR-MalT domain-containing protein,Unmatched,0,0,0
"FPMLKI_05375 sulfite reductase, ferredoxin dependent",Unmatched,0,0,0
FPMLKI_05380 maltooligosyl trehalose synthase,Unmatched,0,0,0
FPMLKI_05385 peptide-methionine (S)-S-oxide reductase,Unmatched,0,0,0
FPMLKI_05390 hypothetical protein,Unmatched,0,0,0
FPMLKI_05395 peptidase C14,Unmatched,0,0,0
FPMLKI_05400 Sulfate adenylyltransferase,Unmatched,0,0,0
FPMLKI_05405 hypothetical protein,Unmatched,0,0,0
FPMLKI_05410 Protein kinase,Unmatched,0,0,0
FPMLKI_05415 HicB-like domain-containing protein,Unmatched,0,0,0
FPMLKI_05420 GRRM system radical SAM/SPASM domain protein,Unmatched,0,0,0
FPMLKI_05425 murein transglycosylase,Unmatched,0,0,0
FPMLKI_05430 Magnesium and cobalt efflux protein CorC,Unmatched,0,0,0
FPMLKI_05435 hypothetical protein,Unmatched,0,0,0
FPMLKI_05440 tRNA-Ile2(cat),Unmatched,0,0,0
FPMLKI_05445 phosphohistidine phosphatase SixA,Unmatched,0,0,0
FPMLKI_05450 exopolyphosphatase-like protein,Unmatched,0,0,0
FPMLKI_05455 Uma2 domain-containing protein,Unmatched,0,0,0
FPMLKI_05460 citrate synthase,Unmatched,0,0,0
FPMLKI_05465 peptide ABC transporter substrate-binding protein,Unmatched,0,0,0
FPMLKI_05470 glycosyl transferase family 1,Unmatched,0,0,0
FPMLKI_05475 YqeG family HAD IIIA-type phosphatase,Unmatched,0,0,0
FPMLKI_05480 SAM-dependent methyltransferase,Unmatched,0,0,0
FPMLKI_05485 ferrochelatase,Unmatched,0,0,0
FPMLKI_05490 cytochrome-c oxidase,Unmatched,0,0,0
FPMLKI_05495 peptide chain release factor 2,Unmatched,0,0,0
FPMLKI_05500 DUF3747 domain-containing protein,Unmatched,0,0,0
FPMLKI_05505 UDP-N-acetylmuramoyl-L-alanine--D-glutamate ligase,Unmatched,0,0,0
FPMLKI_05510 GHL10 domain-containing protein,Unmatched,0,0,0
FPMLKI_05515 band 7 protein,Unmatched,0,0,0
FPMLKI_05520 DUF202 domain-containing protein,Unmatched,0,0,0
FPMLKI_05525 hypothetical protein,Unmatched,0,0,0
FPMLKI_05530 ANAPC4-WD40 domain-containing protein,Unmatched,0,0,0
FPMLKI_05535 hypothetical protein,Unmatched,0,0,0
FPMLKI_05540 Tubulin like,Unmatched,0,0,0
FPMLKI_05545 hypothetical protein,Unmatched,0,0,0
FPMLKI_05550 hypothetical protein,Unmatched,0,0,0
FPMLKI_05555 hypothetical protein,Unmatched,0,0,0
FPMLKI_05560 hypothetical protein,Unmatched,0,0,0
FPMLKI_05565 hypothetical protein,Unmatched,0,0,0
FPMLKI_05570 hypothetical protein,Unmatched,0,0,0
FPMLKI_05575 DO-GTPase1 domain-containing protein,Unmatched,0,0,0
FPMLKI_05580 peptidoglycan-binding protein,Unmatched,0,0,0
FPMLKI_05585 hypothetical protein,Unmatched,0,0,0
FPMLKI_05590 hypothetical protein,Unmatched,0,0,0
FPMLKI_05595 VWA domain-containing protein,Unmatched,0,0,0
FPMLKI_05600 hypothetical protein,Unmatched,0,0,0
FPMLKI_05605 DUF202 domain-containing protein,Unmatched,0,0,0
FPMLKI_05610 D-alanyl-D-alanine dipeptidase,Unmatched,0,0,0
FPMLKI_05615 DNA phosphorothioation system sulfurtransferase DndC,Unmatched,0,0,0
FPMLKI_05620 DNA-sulfur modification-associated,Unmatched,0,0,0
FPMLKI_05625 DUF4164 domain-containing protein,Unmatched,0,0,0
FPMLKI_05630 ABC transporter ATP-binding protein,Unmatched,0,0,0
FPMLKI_05635 hypothetical protein,Unmatched,0,0,0
FPMLKI_05640 putative ATPase,Unmatched,0,0,0
FPMLKI_05645 translation elongation factor 4,Unmatched,0,0,0
FPMLKI_05650 hypothetical protein,Unmatched,0,0,0
FPMLKI_05655 hypothetical protein,Unmatched,0,0,0
FPMLKI_05660 GUN4-like protein,Unmatched,0,0,0
FPMLKI_05665 DUF4258 domain-containing protein,Unmatched,0,0,0
FPMLKI_05670 DUF2283 domain-containing protein,Unmatched,0,0,0
FPMLKI_05675 type II toxin-antitoxin system RelE/ParE family toxin,Unmatched,0,0,0
FPMLKI_05680 hypothetical protein,Unmatched,0,0,0
FPMLKI_05685 hypothetical protein,Unmatched,0,0,0
FPMLKI_05690 HicB family protein,Unmatched,0,0,0
"FPMLKI_05695 addiction module toxin, HicA family",Unmatched,0,0,0
FPMLKI_05700 hypothetical protein,Unmatched,0,0,0
FPMLKI_05705 hypothetical protein,Unmatched,0,0,0
FPMLKI_05710 DNA ligase,Unmatched,0,0,0
FPMLKI_05715 oxidoreductase,Unmatched,0,0,0
FPMLKI_05720 4a-hydroxytetrahydrobiopterin dehydratase,Unmatched,0,0,0
FPMLKI_05725 helicase,Unmatched,0,0,0
FPMLKI_05730 molecular chaperone HtpG,Unmatched,0,0,0
FPMLKI_05735 bifunctional diaminohydroxyphosphoribosylaminopyrimidine deaminase/5-amino-6-(5-phosphoribosylamino)uracil reductase RibD,Unmatched,0,0,0
FPMLKI_05740 Urease subunit alpha 1,Unmatched,0,0,0
FPMLKI_05745 DUF3110 domain-containing protein,Unmatched,0,0,0
FPMLKI_05750 WD-40 repeat,Unmatched,0,0,0
FPMLKI_05755 ATP-binding protein,Unmatched,0,0,0
FPMLKI_05760 hypothetical protein,Unmatched,0,0,0
FPMLKI_05765 ammonium transporter,Unmatched,0,0,0
FPMLKI_05770 ammonia channel protein,Unmatched,0,0,0
FPMLKI_05775 6-carboxytetrahydropterin synthase QueD,Unmatched,0,0,0
FPMLKI_05780 3-ketoacyl-ACP reductase,Unmatched,0,0,0
FPMLKI_05785 hybrid sensor histidine kinase/response regulator,Unmatched,0,0,0
FPMLKI_05790 response regulator,Unmatched,0,0,0
FPMLKI_05795 cyanobacterial phytochrome A,Unmatched,0,0,0
"FPMLKI_05800 type II toxin-antitoxin system mRNA interferase toxin, RelE/StbE family",Unmatched,0,0,0
FPMLKI_05805 hypothetical protein,Unmatched,0,0,0
FPMLKI_05810 SAM-dependent methyltransferase,Unmatched,0,0,0
FPMLKI_05815 peptidase M3,Unmatched,0,0,0
FPMLKI_05820 K(+)-transporting ATPase subunit C,Unmatched,0,0,0
FPMLKI_05825 Potassium-transporting ATPase subunit F,Unmatched,0,0,0
FPMLKI_05830 DNA (cytosine-5-)-methyltransferase,Unmatched,0,0,0
FPMLKI_05835 potassium-transporting ATPase subunit KdpB,Unmatched,0,0,0
FPMLKI_05840 potassium-transporting ATPase subunit KdpA,Unmatched,0,0,0
FPMLKI_05845 Calcium-binding protein,Unmatched,0,0,0
FPMLKI_05850 Beta-barrel assembly-enhancing protease,Unmatched,0,0,0
FPMLKI_05855 hypothetical protein,Unmatched,0,0,0
FPMLKI_05860 allophycocyanin,Unmatched,0,0,0
FPMLKI_05865 SPFH domain / Band 7 family,Unmatched,0,0,0
FPMLKI_05870 glutathione-disulfide reductase,Unmatched,0,0,0
FPMLKI_05875 D-alanyl-D-alanine carboxypeptidase/D-alanyl-D-alanine-endopeptidase,Unmatched,0,0,0
FPMLKI_05880 glycogen synthase GlgA,Unmatched,0,0,0
FPMLKI_05885 co-chaperone YbbN,Unmatched,0,0,0
FPMLKI_05890 hypothetical protein,Unmatched,0,0,0
FPMLKI_05895 tRNA (guanosine(46)-N7)-methyltransferase TrmB,Unmatched,0,0,0
FPMLKI_05900 metallophosphoesterase,Unmatched,0,0,0
FPMLKI_05905 hypothetical protein,Unmatched,0,0,0
FPMLKI_05910 Acireductone dioxygenase,Unmatched,0,0,0
FPMLKI_05915 tRNA-Ala(cgc),Unmatched,0,0,0
FPMLKI_05920 hypothetical protein,Unmatched,0,0,0
FPMLKI_05925 3-beta hydroxysteroid dehydrogenase,Unmatched,0,0,0
FPMLKI_05930 glycosyl transferase,Unmatched,0,0,0
FPMLKI_05935 NAD-dependent epimerase,Unmatched,0,0,0
FPMLKI_05940 pantothenate kinase,Unmatched,0,0,0
FPMLKI_05945 peptidase M16,Unmatched,0,0,0
FPMLKI_05950 peptidase M16,Unmatched,0,0,0
FPMLKI_05955 tRNA-Asn(gtt),Unmatched,0,0,0
FPMLKI_05960 hypothetical protein,Unmatched,0,0,0
FPMLKI_05965 hypothetical protein,Unmatched,0,0,0
FPMLKI_05970 hypothetical protein,Unmatched,0,0,0
FPMLKI_05975 hypothetical protein,Unmatched,0,0,0
FPMLKI_05980 Type II toxin-antitoxin system PemK/MazF family toxin,Unmatched,0,0,0
FPMLKI_05985 adenosine deaminase,Unmatched,0,0,0
FPMLKI_05990 hypothetical protein,Unmatched,0,0,0
FPMLKI_05995 type II toxin-antitoxin system HicB family antitoxin,Unmatched,0,0,0
FPMLKI_06000 transcriptional regulator,Unmatched,0,0,0
FPMLKI_06005 DUF2442 domain-containing protein,Unmatched,0,0,0
FPMLKI_06010 hypothetical protein,Unmatched,0,0,0
FPMLKI_06015 Txe/YoeB family addiction module toxin,Unmatched,0,0,0
FPMLKI_06020 HigA family addiction module antitoxin,Unmatched,0,0,0
FPMLKI_06025 excinuclease ABC subunit A,Unmatched,0,0,0
FPMLKI_06030 glycoside hydrolase,Unmatched,0,0,0
FPMLKI_06035 tryptophan synthase subunit beta,Unmatched,0,0,0
FPMLKI_06040 CAP domain-containing protein,Unmatched,0,0,0
FPMLKI_06045 ribonuclease D,Unmatched,0,0,0
FPMLKI_06050 DUF3318 domain-containing protein,Unmatched,0,0,0
FPMLKI_06055 anti-anti-sigma factor,Unmatched,0,0,0
FPMLKI_06060 ATP-binding protein,Unmatched,0,0,0
FPMLKI_06065 protein kinase,Unmatched,0,0,0
FPMLKI_06070 exonuclease sbcCD subunit D,Unmatched,0,0,0
FPMLKI_06075 hypothetical protein,Unmatched,0,0,0
FPMLKI_06080 Cytochrome b6-f complex subunit 8,Unmatched,0,0,0
FPMLKI_06085 hypothetical protein,Unmatched,0,0,0
FPMLKI_06090 3-dehydroquinate synthase,Unmatched,0,0,0
FPMLKI_06095 dehydrogenase,Unmatched,0,0,0
FPMLKI_06100 chromosome segregation protein SMC,Unmatched,0,0,0
FPMLKI_06105 DUF4276 domain-containing protein,Unmatched,0,0,0
FPMLKI_06110 DUF4278 domain-containing protein,Unmatched,0,0,0
"FPMLKI_06115 Forkhead associated (FHA) domain, binds pSer, pThr, pTyr",Unmatched,0,0,0
FPMLKI_06120 hypothetical protein,Unmatched,0,0,0
FPMLKI_06125 AI-2E family transporter,Unmatched,0,0,0
FPMLKI_06130 tRNA-Gln(ttg),Unmatched,0,0,0
FPMLKI_06135 hypothetical protein,Unmatched,0,0,0
FPMLKI_06140 peptidase S41,Unmatched,0,0,0
FPMLKI_06145 cell division protein,Unmatched,0,0,0
FPMLKI_06150 cell division protein FtsZ,Unmatched,0,0,0
FPMLKI_06155 bifunctional hydroxymethylpyrimidine kinase/phosphomethylpyrimidine kinase,Unmatched,0,0,0
FPMLKI_06160 hypothetical protein,Unmatched,0,0,0
FPMLKI_06165 EAD2 domain-containing protein,Unmatched,0,0,0
FPMLKI_06170 VMAP-C domain-containing protein,Unmatched,0,0,0
FPMLKI_06175 AAA family ATPase,Unmatched,0,0,0
FPMLKI_06180 Serine/threonine-protein kinase pkn1,Unmatched,0,0,0
FPMLKI_06185 ABC transporter substrate-binding protein,Unmatched,0,0,0
FPMLKI_06190 polar amino acid ABC transporter ATP-binding protein,Unmatched,0,0,0
FPMLKI_06235 sodium:proton antiporter,Unmatched,0,0,0
FPMLKI_06240 hypothetical protein,Unmatched,0,0,0
FPMLKI_06245 Type II toxin-antitoxin system VapC family toxin,Unmatched,0,0,0
FPMLKI_06250 phosphate acetyltransferase,Unmatched,0,0,0
FPMLKI_06255 N-acetylmuramoyl-L-alanine amidase,Unmatched,0,0,0
FPMLKI_06260 peroxiredoxin,Unmatched,0,0,0
FPMLKI_06265 glycosyl transferase,Unmatched,0,0,0
FPMLKI_06295 Bacterial RNase P class A,Unmatched,0,0,0
FPMLKI_06315 glycoside hydrolase,Unmatched,0,0,0
FPMLKI_06320 PBS lyase,Unmatched,0,0,0
FPMLKI_06325 cobalt ABC transporter ATP-binding protein,Unmatched,0,0,0
FPMLKI_06330 cobalt ECF transporter T component CbiQ,Unmatched,0,0,0
FPMLKI_06335 cobalt transport protein,Unmatched,0,0,0
FPMLKI_06340 cobalamin biosynthesis protein CbiM,Unmatched,0,0,0
FPMLKI_06345 cytidine deaminase,Unmatched,0,0,0
FPMLKI_06350 BrnT family toxin,Unmatched,0,0,0
FPMLKI_06355 DNA topoisomerase (ATP-hydrolyzing) subunit B,Unmatched,0,0,0
FPMLKI_06360 Peripla-BP-6 domain-containing protein,Unmatched,0,0,0
FPMLKI_06365 VWFA domain-containing protein,Unmatched,0,0,0
FPMLKI_06370 Tubulin-like doman-containing protein,Unmatched,0,0,0
FPMLKI_06375 DNA-binding response regulator,Unmatched,0,0,0
FPMLKI_06380 ABC transporter substrate-binding protein,Unmatched,0,0,0
FPMLKI_06385 PspA/IM30 family,Unmatched,0,0,0
FPMLKI_06390 Adenylate cyclase,Unmatched,0,0,0
FPMLKI_06395 hypothetical protein,Unmatched,0,0,0
FPMLKI_06400 helix-turn-helix domain containing protein,Unmatched,0,0,0
FPMLKI_06405 acyl-CoA desaturase,Unmatched,0,0,0
FPMLKI_06410 CDP-diacylglycerol--glycerol-3-phosphate 3-phosphatidyltransferase,Unmatched,0,0,0
FPMLKI_06415 Calcium-binding protein,Unmatched,0,0,0
FPMLKI_06420 hypothetical protein,Unmatched,0,0,0
FPMLKI_06425 hypothetical protein,Unmatched,0,0,0
FPMLKI_06430 hypothetical protein,Unmatched,0,0,0
FPMLKI_06435 DUF433 domain-containing protein,Unmatched,0,0,0
FPMLKI_06440 ACP S-malonyltransferase,Unmatched,0,0,0
FPMLKI_06445 hypothetical protein,Unmatched,0,0,0
FPMLKI_06450 HigA family addiction module antitoxin,Unmatched,0,0,0
FPMLKI_06455 UDP-N-acetylmuramate dehydrogenase,Unmatched,0,0,0
FPMLKI_06460 UDP-N-acetylmuramate--L-alanine ligase,Unmatched,0,0,0
FPMLKI_06465 hypothetical protein,Unmatched,0,0,0
FPMLKI_06470 histidinol dehydrogenase,Unmatched,0,0,0
FPMLKI_06475 PIN domain-containing protein,Unmatched,0,0,0
FPMLKI_06480 AbrB/MazE/SpoVT family DNA-binding domain-containing protein,Unmatched,0,0,0
FPMLKI_06485 DNA-binding protein,Unmatched,0,0,0
FPMLKI_06490 oxidoreductase,Unmatched,0,0,0
FPMLKI_06495 Shikimate kinase,Unmatched,0,0,0
FPMLKI_06500 cupin,Unmatched,0,0,0
FPMLKI_06505 radical SAM family heme chaperone HemW,Unmatched,0,0,0
FPMLKI_06510 Uncharacterized PIN and TRAM-domain containing protein slr1972,Unmatched,0,0,0
FPMLKI_06515 thylakoid-associated protein,Unmatched,0,0,0
FPMLKI_06520 FADH(2)-oxidizing methylenetetrahydrofolate--tRNA-(uracil(54)-C(5))-methyltransferase TrmFO,Unmatched,0,0,0
FPMLKI_06525 2TM domain-containing protein,Unmatched,0,0,0
FPMLKI_06530 DNA mismatch repair protein MutS,Unmatched,0,0,0
FPMLKI_06535 serine/threonine protein phosphatase,Unmatched,0,0,0
FPMLKI_06540 oxygen-dependent coproporphyrinogen oxidase,Unmatched,0,0,0
FPMLKI_06545 tRNA lysidine(34) synthetase TilS,Unmatched,0,0,0
FPMLKI_06550 DNA helicase UvrD,Unmatched,0,0,0
FPMLKI_06555 hypothetical protein,Unmatched,0,0,0
FPMLKI_06560 4-hydroxybenzoate solanesyltransferase,Unmatched,0,0,0
FPMLKI_06565 NTP-transf-9 domain-containing protein,Unmatched,0,0,0
FPMLKI_06570 DUF1499 domain-containing protein,Unmatched,0,0,0
FPMLKI_06575 hypothetical protein,Unmatched,0,0,0
FPMLKI_06580 SRPBCC family protein,Unmatched,0,0,0
FPMLKI_06585 hypothetical protein,Unmatched,0,0,0
FPMLKI_06590 hypothetical protein,Unmatched,0,0,0
FPMLKI_06595 hypothetical protein,Unmatched,0,0,0
FPMLKI_06600 hypothetical protein,Unmatched,0,0,0
FPMLKI_06605 type II toxin-antitoxin system prevent-host-death family antitoxin,Unmatched,0,0,0
FPMLKI_06610 serine/threonine protein kinase,Unmatched,0,0,0
FPMLKI_06615 hypothetical protein,Unmatched,0,0,0
FPMLKI_06625 phycocyanobilin:ferredoxin oxidoreductase,Unmatched,0,0,0
FPMLKI_06630 photosynthetic/respiratory NAD(P)H-quinone oxidoreductase subunit D1,Unmatched,0,0,0
FPMLKI_06635 DUF4164 domain-containing protein,Unmatched,0,0,0
FPMLKI_06640 ABC transporter,Unmatched,0,0,0
FPMLKI_06645 inositol monophosphatase,Unmatched,0,0,0
FPMLKI_06650 SMC-Scp complex subunit ScpB,Unmatched,0,0,0
FPMLKI_06655 DUF760 domain-containing protein,Unmatched,0,0,0
FPMLKI_06660 hydroxyacid dehydrogenase,Unmatched,0,0,0
FPMLKI_06665 SAM-dependent methyltransferase,Unmatched,0,0,0
FPMLKI_06670 hypothetical protein,Unmatched,0,0,0
FPMLKI_06675 quinolinate synthase NadA,Unmatched,0,0,0
FPMLKI_06680 Serine/threonine-protein kinase B,Unmatched,0,0,0
FPMLKI_06685 Integral membrane protein TerC family,Unmatched,0,0,0
FPMLKI_06690 chaperonin GroEL,Unmatched,0,0,0
FPMLKI_06695 co-chaperone GroES,Unmatched,0,0,0
FPMLKI_06700 2-oxo-4-hydroxy-4-carboxy-5-ureidoimidazoline decarboxylase,Unmatched,0,0,0
FPMLKI_06705 Pyruvate kinase,Unmatched,0,0,0
FPMLKI_06710 Putative hydroxypyruvate reductase,Unmatched,0,0,0
FPMLKI_06715 2-hydroxy-3-oxopropionate reductase,Unmatched,0,0,0
FPMLKI_06720 hypothetical protein,Unmatched,0,0,0
FPMLKI_06725 Glyoxylate carboligase,Unmatched,0,0,0
FPMLKI_06730 hypothetical protein,Unmatched,0,0,0
FPMLKI_06735 hypothetical protein,Unmatched,0,0,0
FPMLKI_06740 Glucokinase,Unmatched,0,0,0
FPMLKI_06745 hypothetical protein,Unmatched,0,0,0
FPMLKI_06775 hypothetical protein,Unmatched,0,0,0
FPMLKI_06780 serine/threonine protein kinase,Unmatched,0,0,0
FPMLKI_06785 DNA starvation/stationary phase protection protein Dps,Unmatched,0,0,0
"FPMLKI_06790 HicA toxin of bacterial toxin-antitoxin,",Unmatched,0,0,0
FPMLKI_06795 HicB family protein,Unmatched,0,0,0
FPMLKI_06800 HNH endonuclease,Unmatched,0,0,0
FPMLKI_06820 MazF family transcriptional regulator,Unmatched,0,0,0
FPMLKI_06825 hypothetical protein,Unmatched,0,0,0
FPMLKI_06870 transglutaminase,Unmatched,0,0,0
FPMLKI_06875 hypothetical protein,Unmatched,0,0,0
"FPMLKI_06880 beta-propeller domain-containing protein, methanol dehydrogenase",Unmatched,0,0,0
FPMLKI_06885 hybrid sensor histidine kinase/response regulator,Unmatched,0,0,0
FPMLKI_06890 hypothetical protein,Unmatched,0,0,0
FPMLKI_06895 LppP/LprE lipoprotein,Unmatched,0,0,0
FPMLKI_06900 single-stranded-DNA-specific exonuclease RecJ,Unmatched,0,0,0
FPMLKI_06905 Glutamate 5-kinase,Unmatched,0,0,0
FPMLKI_06910 allophycocyanin subunit beta,Unmatched,0,0,0
FPMLKI_06915 hypothetical protein,Unmatched,0,0,0
FPMLKI_06920 Ribonuclease VapC,Unmatched,0,0,0
FPMLKI_06925 Holliday junction resolvase RuvX,Unmatched,0,0,0
FPMLKI_06930 GNAT family N-acetyltransferase,Unmatched,0,0,0
FPMLKI_06935 DNA recombination-mediator protein A,Unmatched,0,0,0
FPMLKI_06940 MAPEG family protein,Unmatched,0,0,0
FPMLKI_06945 adenosine deaminase,Unmatched,0,0,0
FPMLKI_06950 hypothetical protein,Unmatched,0,0,0
FPMLKI_06955 alpha/beta hydrolase,Unmatched,0,0,0
FPMLKI_06975 DUF4347 domain-containing protein,Unmatched,0,0,0
FPMLKI_06980 Transposase-31 domain-containing protein,Unmatched,0,0,0
FPMLKI_06985 hypothetical protein,Unmatched,0,0,0
FPMLKI_06990 hypothetical protein,Unmatched,0,0,0
FPMLKI_06995 Ubiquinone biosynthesis O-methyltransferase,Unmatched,0,0,0
FPMLKI_07000 Chondroitin synthase,Unmatched,0,0,0
FPMLKI_07005 hypothetical protein,Unmatched,0,0,0
FPMLKI_07010 D-inositol 3-phosphate glycosyltransferase,Unmatched,0,0,0
FPMLKI_07015 DDE-3 domain-containing protein,Unmatched,0,0,0
FPMLKI_07020 hypothetical protein,Unmatched,0,0,0
FPMLKI_07025 hypothetical protein,Unmatched,0,0,0
FPMLKI_07030 Similarity,Unmatched,0,0,0
FPMLKI_07035 hypothetical protein,Unmatched,0,0,0
FPMLKI_07040 DUF433 domain-containing protein,Unmatched,0,0,0
FPMLKI_07045 hypothetical protein,Unmatched,0,0,0
FPMLKI_07050 DUF29 domain-containing protein,Unmatched,0,0,0
FPMLKI_07055 DUF29 domain-containing protein,Unmatched,0,0,0
FPMLKI_07060 protein-methionine-sulfoxide reductase catalytic subunit MsrP,Unmatched,0,0,0
FPMLKI_07065 cytochrome P450,Unmatched,0,0,0
FPMLKI_07070 TVP38/TMEM64 family protein,Unmatched,0,0,0
FPMLKI_07075 ribonuclease HII,Unmatched,0,0,0
FPMLKI_07080 ribonuclease E/G,Unmatched,0,0,0
FPMLKI_07085 FkbM family methyltransferase,Unmatched,0,0,0
FPMLKI_07090 DUF2232 domain-containing protein,Unmatched,0,0,0
FPMLKI_07095 ribosome biogenesis GTPase YlqF,Unmatched,0,0,0
FPMLKI_07100 glutamate synthase,Unmatched,0,0,0
FPMLKI_07105 transketolase,Unmatched,0,0,0
FPMLKI_07110 beta-ketoacyl-ACP synthase II,Unmatched,0,0,0
FPMLKI_07115 acyl carrier protein,Unmatched,0,0,0
FPMLKI_07120 hypothetical protein,Unmatched,0,0,0
FPMLKI_07125 Acyl carrier protein,Unmatched,0,0,0
FPMLKI_07130 heme oxygenase,Unmatched,0,0,0
FPMLKI_07135 DNA-binding response regulator,Unmatched,0,0,0
FPMLKI_07140 WYL domain-containing protein,Unmatched,0,0,0
FPMLKI_07145 type I-D CRISPR-associated helicase Cas3',Unmatched,0,0,0
FPMLKI_07150 Nucleotidyltransferase domain-containing protein,Unmatched,0,0,0
FPMLKI_07155 hypothetical protein,Unmatched,0,0,0
FPMLKI_07160 hypothetical protein,Unmatched,0,0,0
FPMLKI_07165 hypothetical protein,Unmatched,0,0,0
FPMLKI_07170 type I-D CRISPR-associated protein Cas10d/Csc3,Unmatched,0,0,0
FPMLKI_07175 type I-D CRISPR-associated protein Cas7/Csc2,Unmatched,0,0,0
FPMLKI_07180 type I-D CRISPR-associated protein Cas5/Csc1,Unmatched,0,0,0
FPMLKI_07185 Uma2 family endonuclease,Unmatched,0,0,0
FPMLKI_07190 Uma2 family endonuclease,Unmatched,0,0,0
FPMLKI_07195 CRISPR-associated endoribonuclease Cas6,Unmatched,0,0,0
FPMLKI_07200 CRISPR-associated protein Cas4,Unmatched,0,0,0
FPMLKI_07205 type I-D CRISPR-associated endonuclease Cas1d,Unmatched,0,0,0
FPMLKI_07210 CRISPR-associated endonuclease Cas2,Unmatched,0,0,0
FPMLKI_07215 hypothetical protein,Unmatched,0,0,0
FPMLKI_07220 hypothetical protein,Unmatched,0,0,0
FPMLKI_07225 growth inhibitor PemK,Unmatched,0,0,0
FPMLKI_07230 cysteine desulfuration protein SufE,Unmatched,0,0,0
FPMLKI_07235 transcriptional repressor,Unmatched,0,0,0
FPMLKI_07240 heat-shock protein,Unmatched,0,0,0
FPMLKI_07245 molybdenum cofactor guanylyltransferase,Unmatched,0,0,0
FPMLKI_07250 erythromycin biosynthesis sensory transduction protein eryC1,Unmatched,0,0,0
FPMLKI_07255 cyanoexosortase B,Unmatched,0,0,0
FPMLKI_07260 cyanoexosortase B system-associated protein,Unmatched,0,0,0
FPMLKI_07265 polysaccharide export protein,Unmatched,0,0,0
FPMLKI_07270 ATPase,Unmatched,0,0,0
FPMLKI_07275 GHL10 domain-containing protein,Unmatched,0,0,0
FPMLKI_07280 hypothetical protein,Unmatched,0,0,0
FPMLKI_07285 DUF3370 domain-containing protein,Unmatched,0,0,0
FPMLKI_07290 YlqD protein,Unmatched,0,0,0
FPMLKI_07295 long-chain fatty acid--CoA ligase,Unmatched,0,0,0
FPMLKI_07300 Putative restriction endonuclease,Unmatched,0,0,0
FPMLKI_07305 Putative restriction endonuclease,Unmatched,0,0,0
FPMLKI_07310 PIN domain nuclease,Unmatched,0,0,0
FPMLKI_07315 hypothetical protein,Unmatched,0,0,0
FPMLKI_07320 OmpA family,Unmatched,0,0,0
FPMLKI_07325 Methyl-accepting chemotaxis protein,Unmatched,0,0,0
FPMLKI_07330 Tubulin like,Unmatched,0,0,0
FPMLKI_07335 VWA domain-containing protein,Unmatched,0,0,0
FPMLKI_07340 GntR family transcriptional regulator,Unmatched,0,0,0
FPMLKI_07345 1-acyl-sn-glycerol-3-phosphate acyltransferase,Unmatched,0,0,0
FPMLKI_07350 peptide chain release factor 3,Unmatched,0,0,0
FPMLKI_07355 restriction endonuclease,Unmatched,0,0,0
FPMLKI_07360 adenine-specific DNA-methyltransferase,Unmatched,0,0,0
FPMLKI_07365 DNA (cytosine-5-)-methyltransferase,Unmatched,0,0,0
FPMLKI_07370 ABC transporter ATP-binding protein,Unmatched,0,0,0
FPMLKI_07375 glycosyl transferase group 1,Unmatched,0,0,0
FPMLKI_07380 transporter,Unmatched,0,0,0
FPMLKI_07385 DUF3172 domain-containing protein,Unmatched,0,0,0
FPMLKI_07390 transcriptional regulator,Unmatched,0,0,0
FPMLKI_07395 sodium-dependent bicarbonate transport family permease,Unmatched,0,0,0
FPMLKI_07400 ribosomal protein S18-alanine N-acetyltransferase,Unmatched,0,0,0
FPMLKI_07405 glycoside hydrolase,Unmatched,0,0,0
FPMLKI_07410 CP12 domain-containing protein,Unmatched,0,0,0
FPMLKI_07415 DUF1269 domain-containing protein,Unmatched,0,0,0
FPMLKI_07420 Chromosome partition protein Smc,Unmatched,0,0,0
FPMLKI_07425 acetate--CoA ligase,Unmatched,0,0,0
FPMLKI_07430 photosystem I iron-sulfur center protein PsaC,Unmatched,0,0,0
FPMLKI_07435 Putative restriction endonuclease,Unmatched,0,0,0
FPMLKI_07440 cobalt ABC transporter,Unmatched,0,0,0
FPMLKI_07445 class II glutamine amidotransferase,Unmatched,0,0,0
FPMLKI_07450 threonine synthase,Unmatched,0,0,0
FPMLKI_07455 imidazoleglycerol-phosphate dehydratase HisB,Unmatched,0,0,0
FPMLKI_07460 phosphate ABC transporter permease,Unmatched,0,0,0
FPMLKI_07465 Uma2 family endonuclease,Unmatched,0,0,0
FPMLKI_07470 precorrin-3B C(17)-methyltransferase,Unmatched,0,0,0
FPMLKI_07475 chloride channel core,Unmatched,0,0,0
FPMLKI_07480 hypothetical protein,Unmatched,0,0,0
FPMLKI_07485 hypothetical protein,Unmatched,0,0,0
FPMLKI_07490 DUF5615 domain-containing protein,Unmatched,0,0,0
FPMLKI_07495 DUF433 domain-containing protein,Unmatched,0,0,0
FPMLKI_07500 NACHT domain-containing protein,Unmatched,0,0,0
FPMLKI_07505 DUF29 domain-containing protein,Unmatched,0,0,0
FPMLKI_07510 Small-conductance mechanosensitive channel MscK,Unmatched,0,0,0
FPMLKI_07515 Glutamate decarboxylase,Unmatched,0,0,0
FPMLKI_07520 DUF1345 domain-containing protein,Unmatched,0,0,0
FPMLKI_07525 hypothetical protein,Unmatched,0,0,0
FPMLKI_07530 two-component sensor histidine kinase,Unmatched,0,0,0
FPMLKI_07535 CpcD phycobilisome linker protein,Unmatched,0,0,0
FPMLKI_07540 Fructose-bisphosphate aldolase,Unmatched,0,0,0
FPMLKI_07545 secretion system protein E,Unmatched,0,0,0
FPMLKI_07550 DUF3082 domain-containing protein,Unmatched,0,0,0
FPMLKI_07555 DUF1400 domain-containing protein,Unmatched,0,0,0
FPMLKI_07560 exopolyphosphatase,Unmatched,0,0,0
FPMLKI_07565 Secreted effector protein PipB2,Unmatched,0,0,0
FPMLKI_07570 hypothetical protein,Unmatched,0,0,0
FPMLKI_07575 chromosome segregation ATPase,Unmatched,0,0,0
FPMLKI_07580 Hsp33 family molecular chaperone HslO,Unmatched,0,0,0
FPMLKI_07585 hypothetical protein,Unmatched,0,0,0
FPMLKI_07590 Prepilin-type family protein,Unmatched,0,0,0
FPMLKI_07595 Type 4 pilin-like protein,Unmatched,0,0,0
FPMLKI_07600 EamA family transporter,Unmatched,0,0,0
FPMLKI_07605 DUF1823 domain-containing protein,Unmatched,0,0,0
FPMLKI_07610 carbon dioxide transporter,Unmatched,0,0,0
FPMLKI_07615 GUN4 domain-containing protein,Unmatched,0,0,0
FPMLKI_07620 endonuclease MutS2,Unmatched,0,0,0
FPMLKI_07625 photosystem II protein Psb27,Unmatched,0,0,0
FPMLKI_07630 type II toxin-antitoxin system RelE/ParE family toxin,Unmatched,0,0,0
FPMLKI_07635 hypothetical protein,Unmatched,0,0,0
FPMLKI_07640 Peptidase-M23 domain-containing protein,Unmatched,0,0,0
FPMLKI_07645 biotin--[acetyl-CoA-carboxylase] ligase,Unmatched,0,0,0
FPMLKI_07650 histidine phosphatase family protein,Unmatched,0,0,0
FPMLKI_07655 histidine phosphatase family protein,Unmatched,0,0,0
FPMLKI_07660 nucleoside-diphosphate kinase,Unmatched,0,0,0
"FPMLKI_07665 Pseudouridine synthase RluA, 23S rRNA- or tRNA-specific",Unmatched,0,0,0
FPMLKI_07670 molecular chaperone DnaK,Unmatched,0,0,0
FPMLKI_07675 molecular chaperone DnaJ,Unmatched,0,0,0
FPMLKI_07680 hypothetical protein,Unmatched,0,0,0
FPMLKI_07685 quinone-dependent dihydroorotate dehydrogenase,Unmatched,0,0,0
FPMLKI_07690 PEP-CTERM sorting domain-containing protein,Unmatched,0,0,0
FPMLKI_07695 30S ribosomal protein S20,Unmatched,0,0,0
FPMLKI_07700 deoxyribonuclease,Unmatched,0,0,0
FPMLKI_07705 DNA-directed RNA polymerase subunit beta,Unmatched,0,0,0
FPMLKI_07710 DNA-directed RNA polymerase subunit beta',Unmatched,0,0,0
FPMLKI_07715 tRNA-Pro(tgg),Unmatched,0,0,0
FPMLKI_07720 GNAT family N-acetyltransferase,Unmatched,0,0,0
FPMLKI_07725 tRNA-Ser(tga),Unmatched,0,0,0
FPMLKI_07730 peptidylprolyl isomerase,Unmatched,0,0,0
FPMLKI_07735 type I secretion system permease/ATPase,Unmatched,0,0,0
FPMLKI_07740 hemolysin secretion protein D,Unmatched,0,0,0
FPMLKI_07745 1-(5-phosphoribosyl)-5-[(5-phosphoribosylamino)methylideneamino]imidazole-4-carboxamide isomerase,Unmatched,0,0,0
FPMLKI_07750 helix-turn-helix transcriptional regulator,Unmatched,0,0,0
FPMLKI_07755 biopolymer transporter,Unmatched,0,0,0
FPMLKI_07760 Mobile element protein,Unmatched,0,0,0
FPMLKI_07765 Photosystem II protein D1,Unmatched,0,0,0
FPMLKI_07770 phosphoribosylformylglycinamidine synthase subunit PurL,Unmatched,0,0,0
FPMLKI_07775 molybdopterin-synthase adenylyltransferase MoeB,Unmatched,0,0,0
FPMLKI_07780 hypothetical protein,Unmatched,0,0,0
FPMLKI_07785 Trypco1 domain-containing protein,Unmatched,0,0,0
FPMLKI_07790 Serine/threonine-protein kinase pkn1,Unmatched,0,0,0
FPMLKI_07795 hypothetical protein,Unmatched,0,0,0
FPMLKI_07800 fatty-acid synthase,Unmatched,0,0,0
FPMLKI_07805 XisI protein,Unmatched,0,0,0
FPMLKI_07810 carbon dioxide transporter,Unmatched,0,0,0
FPMLKI_07815 NADH-quinone oxidoreductase subunit M,Unmatched,0,0,0
FPMLKI_07820 carbonate dehydratase,Unmatched,0,0,0
FPMLKI_07825 NAD(P)H-quinone oxidoreductase subunit F,Unmatched,0,0,0
FPMLKI_07830 LysR family transcriptional regulator,Unmatched,0,0,0
FPMLKI_07835 peptidase C69,Unmatched,0,0,0
FPMLKI_07840 DUF456 domain-containing protein,Unmatched,0,0,0
FPMLKI_07845 Metalloprotease slr1322,Unmatched,0,0,0
FPMLKI_07850 hypothetical protein,Unmatched,0,0,0
"FPMLKI_07855 transfer-messenger RNA, SsrA",Unmatched,0,0,0
FPMLKI_07860 FHA domain-containing protein,Unmatched,0,0,0
FPMLKI_07865 pyridoxal phosphate-dependent aminotransferase,Unmatched,0,0,0
FPMLKI_07870 16S rRNA (cytosine(1402)-N(4))-methyltransferase RsmH,Unmatched,0,0,0
"FPMLKI_07875 threonine ammonia-lyase, biosynthetic",Unmatched,0,0,0
FPMLKI_07880 30S ribosomal protein S21,Unmatched,0,0,0
FPMLKI_07885 Serine/threonine-protein kinase pkn1,Unmatched,0,0,0
FPMLKI_07890 hypothetical protein,Unmatched,0,0,0
FPMLKI_07895 hypothetical protein,Unmatched,0,0,0
FPMLKI_07900 DUF4149 domain-containing protein,Unmatched,0,0,0
FPMLKI_07905 hypothetical protein,Unmatched,0,0,0
FPMLKI_07910 hypothetical protein,Unmatched,0,0,0
FPMLKI_07915 Serine protease,Unmatched,0,0,0
FPMLKI_07920 Serine protease,Unmatched,0,0,0
FPMLKI_07925 Circadian oscillating protein COP23,Unmatched,0,0,0
FPMLKI_07930 isocitrate dehydrogenase,Unmatched,0,0,0
FPMLKI_07935 NifU-like domain-containing protein,Unmatched,0,0,0
FPMLKI_07940 DUF3386 domain-containing protein,Unmatched,0,0,0
FPMLKI_07945 Type II toxin-antitoxin system HicB family antitoxin,Unmatched,0,0,0
FPMLKI_07950 IS110 family transposase,Unmatched,0,0,0
FPMLKI_07955 hypothetical protein,Unmatched,0,0,0
FPMLKI_07960 galactosyl-1-phosphate transferase,Unmatched,0,0,0
FPMLKI_07965 DUF2442 domain-containing protein,Unmatched,0,0,0
FPMLKI_07970 hypothetical protein,Unmatched,0,0,0
FPMLKI_07975 hypothetical protein,Unmatched,0,0,0
FPMLKI_07980 ferredoxin,Unmatched,0,0,0
FPMLKI_07985 DUF1257 domain-containing protein,Unmatched,0,0,0
FPMLKI_07990 DUF2997 domain-containing protein,Unmatched,0,0,0
FPMLKI_07995 saccharopine dehydrogenase-like oxidoreductase,Unmatched,0,0,0
FPMLKI_08000 RluA family pseudouridine synthase,Unmatched,0,0,0
FPMLKI_08005 WD-repeat protein,Unmatched,0,0,0
"FPMLKI_08010 Mycobacterial 4 TMS phage holin, superfamily IV",Unmatched,0,0,0
FPMLKI_08015 hypothetical protein,Unmatched,0,0,0
FPMLKI_08020 iron-sulfur cluster assembly accessory protein,Unmatched,0,0,0
FPMLKI_08025 hypothetical protein,Unmatched,0,0,0
FPMLKI_08030 phosphatidylserine decarboxylase,Unmatched,0,0,0
FPMLKI_08035 Chromosome initiation inhibitor,Unmatched,0,0,0
FPMLKI_08040 hypothetical protein,Unmatched,0,0,0
FPMLKI_08045 LysR family transcriptional regulator,Unmatched,0,0,0
FPMLKI_08050 transporter,Unmatched,0,0,0
FPMLKI_08055 DUF202 domain-containing protein,Unmatched,0,0,0
FPMLKI_08060 sulfite exporter TauE/SafE family protein,Unmatched,0,0,0
FPMLKI_08065 sulfate ABC transporter ATP-binding protein,Unmatched,0,0,0
FPMLKI_08070 hydrogenase nickel incorporation protein HypB,Unmatched,0,0,0
FPMLKI_08075 hydrogenase maturation nickel metallochaperone HypA,Unmatched,0,0,0
FPMLKI_08080 hypothetical protein,Unmatched,0,0,0
FPMLKI_08085 hydrogenase expression/formation protein HypE,Unmatched,0,0,0
FPMLKI_08090 hypothetical protein,Unmatched,0,0,0
FPMLKI_08095 ATP-dependent DNA helicase RecG,Unmatched,0,0,0
FPMLKI_08100 oxidoreductase,Unmatched,0,0,0
FPMLKI_08105 hypothetical protein,Unmatched,0,0,0
FPMLKI_08110 hypothetical protein,Unmatched,0,0,0
FPMLKI_08115 bidirectional hydrogenase complex protein HoxU,Unmatched,0,0,0
FPMLKI_08120 hydroxylamine reductase,Unmatched,0,0,0
FPMLKI_08125 CHAT domain-containing protein,Unmatched,0,0,0
FPMLKI_08130 glycosyl transferase family 2,Unmatched,0,0,0
FPMLKI_08135 NAD(P)/FAD-dependent oxidoreductase,Unmatched,0,0,0
FPMLKI_08140 Similar to Q3M894_ANAVT S-layer region-like,Unmatched,0,0,0
FPMLKI_08145 cadmium-translocating P-type ATPase,Unmatched,0,0,0
FPMLKI_08150 uroporphyrinogen decarboxylase,Unmatched,0,0,0
FPMLKI_08155 epimerase,Unmatched,0,0,0
FPMLKI_08160 LuxR family transcriptional regulator,Unmatched,0,0,0
FPMLKI_08165 Adenylyl-sulfate kinase,Unmatched,0,0,0
FPMLKI_08170 tail length tape measure protein,Unmatched,0,0,0
FPMLKI_08175 energy-coupling factor transporter transmembrane protein EcfT,Unmatched,0,0,0
FPMLKI_08180 dephospho-CoA kinase,Unmatched,0,0,0
FPMLKI_08185 phosphoribosylaminoimidazolesuccinocarboxamide synthase,Unmatched,0,0,0
FPMLKI_08190 Isopropylmalate/homocitrate/citramalate synthase,Unmatched,0,0,0
FPMLKI_08195 threonine--tRNA ligase,Unmatched,0,0,0
FPMLKI_08200 metal ABC transporter substrate-binding protein,Unmatched,0,0,0
FPMLKI_08205 cobalamin biosynthesis protein CobW,Unmatched,0,0,0
FPMLKI_08210 DUF4079 domain-containing protein,Unmatched,0,0,0
FPMLKI_08215 aminopeptidase,Unmatched,0,0,0
FPMLKI_08220 hypothetical protein,Unmatched,0,0,0
FPMLKI_08225 Domain of unknown function DUF29,Unmatched,0,0,0
FPMLKI_08230 WD-repeat protein,Unmatched,0,0,0
FPMLKI_08235 Uncharacterized protein sll1735,Unmatched,0,0,0
FPMLKI_08240 hypothetical protein,Unmatched,0,0,0
"FPMLKI_08245 1,4-alpha-glucan branching enzyme",Unmatched,0,0,0
FPMLKI_08250 TatA/E family twin arginine-targeting protein translocase,Unmatched,0,0,0
FPMLKI_08255 photosystem II reaction center protein PsbH,Unmatched,0,0,0
FPMLKI_08260 superoxide dismutase [Fe],Unmatched,0,0,0
FPMLKI_08265 alpha/beta hydrolase,Unmatched,0,0,0
FPMLKI_08270 S-adenosyl-L-methionine-dependent methyltransferase,Unmatched,0,0,0
FPMLKI_08275 Similarity,Unmatched,0,0,0
FPMLKI_08280 hypothetical protein,Unmatched,0,0,0
FPMLKI_08290 hypothetical protein,Unmatched,0,0,0
FPMLKI_08295 IS200/IS605 family transposase,Unmatched,0,0,0
FPMLKI_08300 hypothetical protein,Unmatched,0,0,0
FPMLKI_08305 RDD family,Unmatched,0,0,0
FPMLKI_08310 DUF6464 domain-containing protein,Unmatched,0,0,0
FPMLKI_08315 8-amino-7-oxononanoate synthase,Unmatched,0,0,0
FPMLKI_08320 porphobilinogen synthase,Unmatched,0,0,0
FPMLKI_08325 hypothetical protein,Unmatched,0,0,0
FPMLKI_08330 hypothetical protein,Unmatched,0,0,0
FPMLKI_08335 isochorismate synthase,Unmatched,0,0,0
FPMLKI_08340 TIGR02646 family protein,Unmatched,0,0,0
FPMLKI_08345 ATPase,Unmatched,0,0,0
FPMLKI_08350 SAM-dependent methyltransferase,Unmatched,0,0,0
FPMLKI_08380 lipase,Unmatched,0,0,0
FPMLKI_08385 hypothetical protein,Unmatched,0,0,0
FPMLKI_08390 DUF5615 domain-containing protein,Unmatched,0,0,0
FPMLKI_08405 Putative transposase DNA-binding domain-containing protein,Unmatched,0,0,0
FPMLKI_08410 ATPase,Unmatched,0,0,0
FPMLKI_08415 UvrD-like helicase C-terminal domain-containing protein,Unmatched,0,0,0
FPMLKI_08420 Proton extrusion protein PcxA,Unmatched,0,0,0
FPMLKI_08425 hypothetical protein,Unmatched,0,0,0
FPMLKI_08430 Magnesium and cobalt efflux protein CorC,Unmatched,0,0,0
FPMLKI_08435 glycosyl hydrolase family 57,Unmatched,0,0,0
FPMLKI_08440 Cobalt-precorrin-5A hydrolase,Unmatched,0,0,0
FPMLKI_08445 Lipid-A-disaccharide synthase,Unmatched,0,0,0
FPMLKI_08450 alpha/beta hydrolase,Unmatched,0,0,0
FPMLKI_08455 alpha/beta hydrolase,Unmatched,0,0,0
FPMLKI_08460 chorismate mutase,Unmatched,0,0,0
FPMLKI_08465 signal peptide peptidase SppA,Unmatched,0,0,0
FPMLKI_08470 DUF4160 domain-containing protein,Unmatched,0,0,0
FPMLKI_08475 HTH cro/C1-type domain-containing protein,Unmatched,0,0,0
FPMLKI_08480 hypothetical protein,Unmatched,0,0,0
FPMLKI_08485 hypothetical protein,Unmatched,0,0,0
FPMLKI_08490 NAD-dependent DNA ligase LigA,Unmatched,0,0,0
FPMLKI_08495 Uma2 family endonuclease,Unmatched,0,0,0
FPMLKI_08500 Uma2 family endonuclease,Unmatched,0,0,0
FPMLKI_08505 Xaa-Pro aminopeptidase,Unmatched,0,0,0
FPMLKI_08510 hypothetical protein,Unmatched,0,0,0
FPMLKI_08515 hypothetical protein,Unmatched,0,0,0
FPMLKI_08520 Phenazine biosynthesis-like protein,Unmatched,0,0,0
FPMLKI_08525 hypothetical protein,Unmatched,0,0,0
FPMLKI_08540 tRNA-Cys(gca),Unmatched,0,0,0
FPMLKI_08555 Similarity,Unmatched,0,0,0
FPMLKI_08595 DUF4347 domain-containing protein,Unmatched,0,0,0
FPMLKI_08600 YraN family protein,Unmatched,0,0,0
FPMLKI_08605 DUF3110 domain-containing protein,Unmatched,0,0,0
FPMLKI_08610 DUF2996 domain-containing protein,Unmatched,0,0,0
FPMLKI_08615 Putative transcriptional regulator,Unmatched,0,0,0
FPMLKI_08620 NgoFVII family restriction endonuclease,Unmatched,0,0,0
FPMLKI_08625 hypothetical protein,Unmatched,0,0,0
FPMLKI_08630 NADP-dependent succinic semialdehyde dehydrogenase,Unmatched,0,0,0
FPMLKI_08635 tRNA-Arg(ccg),Unmatched,0,0,0
FPMLKI_08640 5'/3'-nucleotidase SurE,Unmatched,0,0,0
FPMLKI_08645 DUF3727 domain-containing protein,Unmatched,0,0,0
FPMLKI_08650 ABC 3 transport family,Unmatched,0,0,0
FPMLKI_08655 thioredoxin-disulfide reductase,Unmatched,0,0,0
FPMLKI_08660 haloacid dehalogenase,Unmatched,0,0,0
FPMLKI_08665 hypothetical protein,Unmatched,0,0,0
FPMLKI_08670 Putative restriction endonuclease,Unmatched,0,0,0
FPMLKI_08675 multidrug ABC transporter ATP-binding protein,Unmatched,0,0,0
FPMLKI_08680 D-alanyl-D-alanine carboxypeptidase/D-alanyl-D-alanine-endopeptidase,Unmatched,0,0,0
FPMLKI_08685 DUF6761 domain-containing protein,Unmatched,0,0,0
FPMLKI_08690 peptidase M48,Unmatched,0,0,0
FPMLKI_08695 glycosyl transferase,Unmatched,0,0,0
FPMLKI_08700 hypothetical protein,Unmatched,0,0,0
FPMLKI_08705 nickel import ATP-binding protein NikD,Unmatched,0,0,0
FPMLKI_08710 heterocyst frequency control protein PatD,Unmatched,0,0,0
FPMLKI_08715 (p)ppGpp synthetase,Unmatched,0,0,0
FPMLKI_08720 methionyl-tRNA formyltransferase,Unmatched,0,0,0
FPMLKI_08725 sugar transferase,Unmatched,0,0,0
FPMLKI_08730 N-acetylglucosaminylphosphatidylinositol deacetylase,Unmatched,0,0,0
FPMLKI_08735 3-isopropylmalate dehydratase large subunit,Unmatched,0,0,0
FPMLKI_08740 hypothetical protein,Unmatched,0,0,0
FPMLKI_08745 phospholipid carrier-dependent glycosyltransferase,Unmatched,0,0,0
"FPMLKI_08750 9,9'-di-cis-zeta-carotene desaturase",Unmatched,0,0,0
FPMLKI_08755 aldehyde oxygenase (deformylating),Unmatched,0,0,0
FPMLKI_08760 long-chain acyl-[acyl-carrier-protein] reductase,Unmatched,0,0,0
FPMLKI_08765 DUF58 domain-containing protein,Unmatched,0,0,0
FPMLKI_08770 Bacterial small signal recognition particle RNA,Unmatched,0,0,0
FPMLKI_08775 MFS transporter,Unmatched,0,0,0
FPMLKI_08780 LysR family transcriptional regulator,Unmatched,0,0,0
FPMLKI_08785 IrrE N-terminal-like domain-containing protein,Unmatched,0,0,0
FPMLKI_08790 XRE family transcriptional regulator,Unmatched,0,0,0
FPMLKI_08795 PDDEXK-1 domain-containing protein,Unmatched,0,0,0
FPMLKI_08800 stem cell self-renewal protein Piwi,Unmatched,0,0,0
FPMLKI_08805 glycogen-debranching protein,Unmatched,0,0,0
FPMLKI_08810 TVP38/TMEM64 family protein,Unmatched,0,0,0
FPMLKI_08815 molecular chaperone DnaJ,Unmatched,0,0,0
FPMLKI_08820 hypothetical protein,Unmatched,0,0,0
FPMLKI_08825 DUF1611 domain-containing protein,Unmatched,0,0,0
FPMLKI_08830 dipeptide epimerase,Unmatched,0,0,0
FPMLKI_08835 permease,Unmatched,0,0,0
FPMLKI_08840 hypothetical protein,Unmatched,0,0,0
FPMLKI_08845 adenylosuccinate synthase,Unmatched,0,0,0
FPMLKI_08850 50S ribosomal protein L25/general stress protein Ctc,Unmatched,0,0,0
FPMLKI_08855 hypothetical protein,Unmatched,0,0,0
FPMLKI_08860 TIGR00341 family protein,Unmatched,0,0,0
FPMLKI_08865 DUF3146 domain-containing protein,Unmatched,0,0,0
FPMLKI_08870 hypothetical protein,Unmatched,0,0,0
FPMLKI_08875 TlyA family rRNA (cytidine-2'-O)-methyltransferase,Unmatched,0,0,0
FPMLKI_08880 cAMP-binding domain of CRP or a regulatory subunit of cAMP-dependent protein kinases,Unmatched,0,0,0
FPMLKI_08885 methionyl-tRNA formyltransferase,Unmatched,0,0,0
FPMLKI_08890 peptidoglycan editing factor PgeF,Unmatched,0,0,0
"FPMLKI_08895 putative toxin-antitoxin system toxin component, PIN family",Unmatched,0,0,0
FPMLKI_08900 hypothetical protein,Unmatched,0,0,0
FPMLKI_08905 restriction endonuclease,Unmatched,0,0,0
FPMLKI_08910 nuclease,Unmatched,0,0,0
FPMLKI_08915 30S ribosomal protein S12,Unmatched,0,0,0
FPMLKI_08920 30S ribosomal protein S7,Unmatched,0,0,0
FPMLKI_08925 elongation factor G,Unmatched,0,0,0
FPMLKI_08930 elongation factor Tu,Unmatched,0,0,0
FPMLKI_08935 30S ribosomal protein S10,Unmatched,0,0,0
FPMLKI_08940 AraC family transcriptional regulator,Unmatched,0,0,0
FPMLKI_08945 glycine--tRNA ligase subunit alpha,Unmatched,0,0,0
FPMLKI_08950 Serine/threonine protein kinase,Unmatched,0,0,0
FPMLKI_08955 hydroxymethylbilane synthase,Unmatched,0,0,0
FPMLKI_08960 permease,Unmatched,0,0,0
FPMLKI_08965 DUF2892 domain-containing protein,Unmatched,0,0,0
FPMLKI_08970 Zn-dependent hydrolase,Unmatched,0,0,0
FPMLKI_08975 Ferredoxin I,Unmatched,0,0,0
FPMLKI_08980 photosynthetic/respiratory NAD(P)H-quinone oxidoreductase subunit C,Unmatched,0,0,0
FPMLKI_08985 photosynthetic/respiratory NAD(P)H-quinone oxidoreductase subunit K,Unmatched,0,0,0
FPMLKI_08990 NAD(P)H-quinone oxidoreductase subunit J,Unmatched,0,0,0
FPMLKI_08995 alpha/beta hydrolase,Unmatched,0,0,0
FPMLKI_09000 histone deacetylase,Unmatched,0,0,0
"FPMLKI_09005 Coenzyme F420 hydrogenase/dehydrogenase, beta subunit N-term",Unmatched,0,0,0
FPMLKI_09010 hypothetical protein,Unmatched,0,0,0
FPMLKI_09015 CPBP family intramembrane metalloprotease domain-containing protein,Unmatched,0,0,0
FPMLKI_09020 bile acid beta-glucosidase,Unmatched,0,0,0
FPMLKI_09025 DUF3531 domain-containing protein,Unmatched,0,0,0
FPMLKI_09030 CPBP family intramembrane metalloprotease,Unmatched,0,0,0
FPMLKI_09035 DUF3326 domain-containing protein,Unmatched,0,0,0
FPMLKI_09040 hypothetical protein,Unmatched,0,0,0
FPMLKI_09045 leucine-zipper of insertion element IS481,Unmatched,0,0,0
FPMLKI_09050 IS630 family transposase,Unmatched,0,0,0
FPMLKI_09055 Putative restriction endonuclease,Unmatched,0,0,0
FPMLKI_09060 DUF2278 domain-containing protein,Unmatched,0,0,0
FPMLKI_09065 hypothetical protein,Unmatched,0,0,0
FPMLKI_09070 bacillolysin,Unmatched,0,0,0
FPMLKI_09075 Alpha-amylase,Unmatched,0,0,0
FPMLKI_09080 VapC toxin family PIN domain ribonuclease,Unmatched,0,0,0
"FPMLKI_09085 Triacylglycerol esterase/lipase EstA, alpha/beta hydrolase fold",Unmatched,0,0,0
FPMLKI_09090 Caspase family protein,Unmatched,0,0,0
FPMLKI_09095 ATPase,Unmatched,0,0,0
FPMLKI_09100 serine/threonine-protein kinase pkn1,Unmatched,0,0,0
FPMLKI_09105 transcriptional regulator,Unmatched,0,0,0
FPMLKI_09110 type II toxin-antitoxin system HigB family toxin,Unmatched,0,0,0
FPMLKI_09115 hypothetical protein,Unmatched,0,0,0
FPMLKI_09120 Uma2 family endonuclease,Unmatched,0,0,0
FPMLKI_09125 DUF4438 domain-containing protein,Unmatched,0,0,0
FPMLKI_09130 DNA-binding response regulator,Unmatched,0,0,0
FPMLKI_09135 ATP-dependent chaperone ClpB,Unmatched,0,0,0
FPMLKI_09140 transketolase,Unmatched,0,0,0
FPMLKI_09145 HypC/HybG/HupF family hydrogenase formation chaperone,Unmatched,0,0,0
FPMLKI_09150 hydrogenase formation protein HypD,Unmatched,0,0,0
FPMLKI_09155 hypothetical protein,Unmatched,0,0,0
FPMLKI_09160 HNH endonuclease,Unmatched,0,0,0
FPMLKI_09165 DUF3252 domain-containing protein,Unmatched,0,0,0
FPMLKI_09170 HAS-barrel domain-containing protein,Unmatched,0,0,0
FPMLKI_09175 Similarity,Unmatched,0,0,0
FPMLKI_09180 hypothetical protein,Unmatched,0,0,0
FPMLKI_09185 plasmid stabilization protein,Unmatched,0,0,0
FPMLKI_09190 hypothetical protein,Unmatched,0,0,0
FPMLKI_09195 CP12 domain-containing protein,Unmatched,0,0,0
FPMLKI_09200 DUF3177 domain-containing protein,Unmatched,0,0,0
FPMLKI_09205 hypothetical protein,Unmatched,0,0,0
FPMLKI_09210 L-histidine N(alpha)-methyltransferase,Unmatched,0,0,0
FPMLKI_09215 5-histidylcysteine sulfoxide synthase,Unmatched,0,0,0
FPMLKI_09220 glyoxalase,Unmatched,0,0,0
FPMLKI_09225 peptidase S8,Unmatched,0,0,0
FPMLKI_09230 hypothetical protein,Unmatched,0,0,0
FPMLKI_09235 Photosynthesis regulatory RNA1,Unmatched,0,0,0
FPMLKI_09240 two-component system response regulator,Unmatched,0,0,0
FPMLKI_09245 DUF1350 domain-containing protein,Unmatched,0,0,0
FPMLKI_09250 Putative restriction endonuclease,Unmatched,0,0,0
FPMLKI_09255 hypothetical protein,Unmatched,0,0,0
FPMLKI_09260 Conserved protein,Unmatched,0,0,0
FPMLKI_09265 hypothetical protein,Unmatched,0,0,0
"FPMLKI_09270 L,D-transpeptidase",Unmatched,0,0,0
FPMLKI_09275 ABC transporter ATP-binding protein,Unmatched,0,0,0
FPMLKI_09280 ABC transporter permease,Unmatched,0,0,0
FPMLKI_09285 ATP-binding protein,Unmatched,0,0,0
FPMLKI_09290 Photosynthesis regulatory RNA1,Unmatched,0,0,0
FPMLKI_09295 DUF4278 domain-containing protein,Unmatched,0,0,0
FPMLKI_09300 thymidylate synthase,Unmatched,0,0,0
FPMLKI_09305 dTMP kinase,Unmatched,0,0,0
FPMLKI_09310 NAD(P)/FAD-dependent oxidoreductase,Unmatched,0,0,0
FPMLKI_09315 bifunctional phosphoribosyl-AMP cyclohydrolase/phosphoribosyl-ATP diphosphatase HisIE,Unmatched,0,0,0
FPMLKI_09325 cytochrome ubiquinol oxidase subunit I,Unmatched,0,0,0
FPMLKI_09330 cytochrome d ubiquinol oxidase subunit II,Unmatched,0,0,0
FPMLKI_09335 amino acid ABC transporter permease,Unmatched,0,0,0
FPMLKI_09340 photosystem I reaction center subunit PsaK,Unmatched,0,0,0
FPMLKI_09345 50S ribosomal protein L28,Unmatched,0,0,0
FPMLKI_09350 DNA methyltransferase,Unmatched,0,0,0
FPMLKI_09355 Protein translocase subunit SecA,Unmatched,0,0,0
"FPMLKI_09360 2-C-methyl-D-erythritol 2,4-cyclodiphosphate synthase",Unmatched,0,0,0
FPMLKI_09365 type II toxin-antitoxin system HicA family toxin,Unmatched,0,0,0
FPMLKI_09370 hypothetical protein,Unmatched,0,0,0
FPMLKI_09375 arginine--tRNA ligase,Unmatched,0,0,0
FPMLKI_09380 nitrogenase,Unmatched,0,0,0
FPMLKI_09385 hypothetical protein,Unmatched,0,0,0
FPMLKI_09390 hypothetical protein,Unmatched,0,0,0
FPMLKI_09395 hypothetical protein,Unmatched,0,0,0
FPMLKI_09400 chromosome segregation protein SMC,Unmatched,0,0,0
FPMLKI_09405 hypothetical protein,Unmatched,0,0,0
FPMLKI_09410 16S rRNA (uracil(1498)-N(3))-methyltransferase,Unmatched,0,0,0
FPMLKI_09415 hypothetical protein,Unmatched,0,0,0
FPMLKI_09420 photosystem I reaction center subunit IV,Unmatched,0,0,0
FPMLKI_09425 aspartate aminotransferase family protein,Unmatched,0,0,0
FPMLKI_09430 sulfotransferase,Unmatched,0,0,0
FPMLKI_09435 Lysylphosphatidylglycerol synthase TM region,Unmatched,0,0,0
FPMLKI_09440 circadian clock protein KaiC,Unmatched,0,0,0
FPMLKI_09445 circadian clock protein KaiB,Unmatched,0,0,0
FPMLKI_09450 circadian clock protein KaiA,Unmatched,0,0,0
FPMLKI_09455 hybrid sensor histidine kinase/response regulator,Unmatched,0,0,0
"FPMLKI_09460 putative toxin-antitoxin system toxin component, PIN family",Unmatched,0,0,0
FPMLKI_09465 hypothetical protein,Unmatched,0,0,0
FPMLKI_09470 hypothetical protein,Unmatched,0,0,0
FPMLKI_09475 hypothetical protein,Unmatched,0,0,0
FPMLKI_09480 Phage-related protein,Unmatched,0,0,0
FPMLKI_09485 transcriptional regulator,Unmatched,0,0,0
FPMLKI_09490 hypothetical protein,Unmatched,0,0,0
FPMLKI_09495 hypothetical protein,Unmatched,0,0,0
FPMLKI_09500 Serine/threonine protein kinase,Unmatched,0,0,0
FPMLKI_09505 hypothetical protein,Unmatched,0,0,0
FPMLKI_09510 hypothetical protein,Unmatched,0,0,0
FPMLKI_09515 hypothetical protein,Unmatched,0,0,0
FPMLKI_09520 Integrase-SAM-like-N domain-containing protein,Unmatched,0,0,0
FPMLKI_09525 Integrase-SAM-like-N domain-containing protein,Unmatched,0,0,0
FPMLKI_09530 hypothetical protein,Unmatched,0,0,0
FPMLKI_09535 serine/threonine protein kinase,Unmatched,0,0,0
"FPMLKI_09540 lignostilbene-alpha,beta-dioxygenase",Unmatched,0,0,0
FPMLKI_09545 AAA-like domain-containing protein,Unmatched,0,0,0
FPMLKI_09550 Lactamase-B domain-containing protein,Unmatched,0,0,0
FPMLKI_09555 HNH endonuclease,Unmatched,0,0,0
FPMLKI_09560 hypothetical protein,Unmatched,0,0,0
FPMLKI_09565 hypothetical protein,Unmatched,0,0,0
FPMLKI_09570 hypothetical protein,Unmatched,0,0,0
FPMLKI_09575 cysteine synthase A,Unmatched,0,0,0
FPMLKI_09580 hypothetical protein,Unmatched,0,0,0
FPMLKI_09585 Similarity,Unmatched,0,0,0
FPMLKI_09590 hypothetical protein,Unmatched,0,0,0
FPMLKI_09595 N-acetylmuramoyl-L-alanine amidase,Unmatched,0,0,0
FPMLKI_09600 N-acetylmuramoyl-L-alanine amidase,Unmatched,0,0,0
FPMLKI_09605 Leishmanolysin,Unmatched,0,0,0
FPMLKI_09610 hypothetical protein,Unmatched,0,0,0
FPMLKI_09615 DUF4127 domain-containing protein,Unmatched,0,0,0
FPMLKI_09620 hypothetical protein,Unmatched,0,0,0
FPMLKI_09625 histidine kinase,Unmatched,0,0,0
FPMLKI_09630 DNA-binding response regulator,Unmatched,0,0,0
FPMLKI_09635 hypothetical protein,Unmatched,0,0,0
FPMLKI_09640 RAMP superfamily protein,Unmatched,0,0,0
FPMLKI_09645 hypothetical protein,Unmatched,0,0,0
FPMLKI_09650 type III-B CRISPR module RAMP protein Cmr4,Unmatched,0,0,0
FPMLKI_09655 CRISPR-associated protein,Unmatched,0,0,0
FPMLKI_09660 type III-B CRISPR-associated protein Cas10/Cmr2,Unmatched,0,0,0
"FPMLKI_09665 type II toxin-antitoxin system mRNA interferase toxin, RelE/StbE family",Unmatched,0,0,0
FPMLKI_09670 Similarity,Unmatched,0,0,0
FPMLKI_09675 Uncharacterized protein family UPF0150,Unmatched,0,0,0
FPMLKI_09680 hypothetical protein,Unmatched,0,0,0
FPMLKI_09685 bifunctional metallophosphatase/5'-nucleotidase,Unmatched,0,0,0
FPMLKI_09690 hypothetical protein,Unmatched,0,0,0
FPMLKI_09695 polyphosphate kinase 1,Unmatched,0,0,0
FPMLKI_09700 DUF2281 domain-containing protein,Unmatched,0,0,0
FPMLKI_09705 PIN domain nuclease,Unmatched,0,0,0
FPMLKI_09710 proline--tRNA ligase,Unmatched,0,0,0
FPMLKI_09715 HEPN-RiboL-PSP domain-containing protein,Unmatched,0,0,0
FPMLKI_09720 DUF262 domain-containing protein,Unmatched,0,0,0
FPMLKI_09725 glutamyl-tRNA reductase,Unmatched,0,0,0
FPMLKI_09730 class II fructose-bisphosphatase,Unmatched,0,0,0
FPMLKI_09735 sulfite exporter TauE/SafE family protein,Unmatched,0,0,0
FPMLKI_09740 DUF2854 domain-containing protein,Unmatched,0,0,0
FPMLKI_09745 dienelactone hydrolase,Unmatched,0,0,0
FPMLKI_09750 mechanosensitive ion channel protein,Unmatched,0,0,0
FPMLKI_09755 Bacterial extracellular solute-binding protein,Unmatched,0,0,0
FPMLKI_09760 hypothetical protein,Unmatched,0,0,0
FPMLKI_09765 hypothetical protein,Unmatched,0,0,0
"FPMLKI_09770 addiction module toxin, HicA family",Unmatched,0,0,0
FPMLKI_09775 HicB-like domain-containing protein,Unmatched,0,0,0
FPMLKI_09780 hypothetical protein,Unmatched,0,0,0
FPMLKI_09785 hypothetical protein,Unmatched,0,0,0
"FPMLKI_09790 HicA toxin of bacterial toxin-antitoxin,",Unmatched,0,0,0
FPMLKI_09795 type II toxin-antitoxin system HicB family antitoxin,Unmatched,0,0,0
FPMLKI_09800 prevent-host-death family protein,Unmatched,0,0,0
"FPMLKI_09805 type II toxin-antitoxin system mRNA interferase toxin, RelE/StbE family",Unmatched,0,0,0
FPMLKI_09810 hypothetical protein,Unmatched,0,0,0
FPMLKI_09815 NAD(P)/FAD-dependent oxidoreductase,Unmatched,0,0,0
FPMLKI_09820 anti-sigma factor antagonist,Unmatched,0,0,0
FPMLKI_09825 regulator,Unmatched,0,0,0
FPMLKI_09830 ATP-binding protein,Unmatched,0,0,0
FPMLKI_09835 sulfurtransferase,Unmatched,0,0,0
FPMLKI_09840 NYN domain-containing protein,Unmatched,0,0,0
FPMLKI_09845 endonuclease/exonuclease/phosphatase,Unmatched,0,0,0
FPMLKI_09850 Tetratricopeptide domain protein,Unmatched,0,0,0
FPMLKI_09855 cytochrome D ubiquinol oxidase subunit II,Unmatched,0,0,0
FPMLKI_09860 hypothetical protein,Unmatched,0,0,0
FPMLKI_09865 tRNA preQ1(34) S-adenosylmethionine ribosyltransferase-isomerase QueA,Unmatched,0,0,0
FPMLKI_09870 glycosyl transferase,Unmatched,0,0,0
FPMLKI_09885 1-acyl-sn-glycerol-3-phosphate acyltransferase,Unmatched,0,0,0
FPMLKI_09890 methionine--tRNA ligase,Unmatched,0,0,0
FPMLKI_09895 NYN domain-containing protein,Unmatched,0,0,0
FPMLKI_09900 hypothetical protein,Unmatched,0,0,0
FPMLKI_09905 hypothetical protein,Unmatched,0,0,0
FPMLKI_09910 bifunctional acetaldehyde-CoA/alcohol dehydrogenase,Unmatched,0,0,0
FPMLKI_09915 hydroxyacylglutathione hydrolase,Unmatched,0,0,0
FPMLKI_09920 polysaccharide deacetylase,Unmatched,0,0,0
FPMLKI_09925 NAD-dependent dehydratase,Unmatched,0,0,0
"FPMLKI_09930 Periplasmic chaperone Spy, Spy/CpxP family",Unmatched,0,0,0
FPMLKI_09935 hypothetical protein,Unmatched,0,0,0
FPMLKI_09940 RNA polymerase subunit sigma,Unmatched,0,0,0
FPMLKI_09945 hormogonium polysaccharide biosynthesis glycosyltransferase HpsO,Unmatched,0,0,0
FPMLKI_09950 hormogonium polysaccharide biosynthesis glycosyltransferase HpsN,Unmatched,0,0,0
FPMLKI_09955 hormogonium polysaccharide biosynthesis protein HpsL,Unmatched,0,0,0
FPMLKI_09960 phosphoglucosamine mutase,Unmatched,0,0,0
FPMLKI_09965 family 2 glycosyl transferase,Unmatched,0,0,0
FPMLKI_09970 hypothetical protein,Unmatched,0,0,0
FPMLKI_09975 PEP-CTERM domain-containing protein,Unmatched,0,0,0
FPMLKI_09980 photosystem I assembly protein Ycf3,Unmatched,0,0,0
FPMLKI_09985 Asp-tRNA(Asn)/Glu-tRNA(Gln) amidotransferase subunit GatC,Unmatched,0,0,0
FPMLKI_09990 mannose-6-phosphate isomerase,Unmatched,0,0,0
FPMLKI_09995 hypothetical protein,Unmatched,0,0,0
FPMLKI_10000 nucleoside triphosphate pyrophosphohydrolase,Unmatched,0,0,0
FPMLKI_10005 signal peptidase I,Unmatched,0,0,0
FPMLKI_10010 universal stress protein,Unmatched,0,0,0
FPMLKI_10015 3'-5' exonuclease domain-containing protein,Unmatched,0,0,0
FPMLKI_10020 prephenate dehydratase,Unmatched,0,0,0
FPMLKI_10025 two-component sensor histidine kinase,Unmatched,0,0,0
FPMLKI_10030 riboflavin deaminase,Unmatched,0,0,0
FPMLKI_10035 GNAT family N-acetyltransferase,Unmatched,0,0,0
FPMLKI_10040 rubrerythrin family protein,Unmatched,0,0,0
FPMLKI_10045 methionine synthase,Unmatched,0,0,0
FPMLKI_10050 molecular chaperone DnaJ,Unmatched,0,0,0
FPMLKI_10055 hypothetical protein,Unmatched,0,0,0
FPMLKI_10060 D-alanine--D-alanine ligase,Unmatched,0,0,0
FPMLKI_10065 Putative restriction endonuclease,Unmatched,0,0,0
"FPMLKI_10070 bifunctional 3,4-dihydroxy-2-butanone-4-phosphate synthase/GTP cyclohydrolase II",Unmatched,0,0,0
FPMLKI_10075 photosystem I reaction center subunit XII,Unmatched,0,0,0
FPMLKI_10080 phycocyanin subunit alpha,Unmatched,0,0,0
FPMLKI_10085 phycocyanin subunit beta,Unmatched,0,0,0
FPMLKI_10090 amidohydrolase,Unmatched,0,0,0
FPMLKI_10095 Acetylglutamate kinase,Unmatched,0,0,0
FPMLKI_10100 DUF4327 domain-containing protein,Unmatched,0,0,0
FPMLKI_10105 efflux RND transporter periplasmic adaptor subunit,Unmatched,0,0,0
FPMLKI_10110 site-specific DNA-methyltransferase,Unmatched,0,0,0
FPMLKI_10115 hypothetical protein,Unmatched,0,0,0
FPMLKI_10120 PINc domain-containing protein,Unmatched,0,0,0
FPMLKI_10125 hypothetical protein,Unmatched,0,0,0
FPMLKI_10130 methanol dehydrogenase,Unmatched,0,0,0
FPMLKI_10135 DUF2993 domain-containing protein,Unmatched,0,0,0
FPMLKI_10140 DUF433 domain-containing protein,Unmatched,0,0,0
FPMLKI_10145 peptide ABC transporter substrate-binding protein,Unmatched,0,0,0
FPMLKI_10150 ABC transporter substrate-binding protein,Unmatched,0,0,0
FPMLKI_10155 glyoxalase,Unmatched,0,0,0
FPMLKI_10160 cytochrome C biogenesis protein,Unmatched,0,0,0
FPMLKI_10165 Cytochrome c biogenesis protein CcsB,Unmatched,0,0,0
FPMLKI_10170 DNA-formamidopyrimidine glycosylase,Unmatched,0,0,0
FPMLKI_10175 Transposase,Unmatched,0,0,0
FPMLKI_10180 hypothetical protein,Unmatched,0,0,0
FPMLKI_10185 hypothetical protein,Unmatched,0,0,0
FPMLKI_10190 hypothetical protein,Unmatched,0,0,0
FPMLKI_10195 hypothetical protein,Unmatched,0,0,0
FPMLKI_10200 class 1 fructose-bisphosphatase,Unmatched,0,0,0
FPMLKI_10205 DUF3153 domain-containing protein,Unmatched,0,0,0
FPMLKI_10210 iron ABC transporter substrate-binding protein,Unmatched,0,0,0
FPMLKI_10215 Beta-hexosaminidase,Unmatched,0,0,0
FPMLKI_10220 meta domain protein,Unmatched,0,0,0
FPMLKI_10225 YbaB/EbfC family nucleoid-associated protein,Unmatched,0,0,0
FPMLKI_10230 pyridoxine 5'-phosphate synthase,Unmatched,0,0,0
FPMLKI_10235 DUF2488 domain-containing protein,Unmatched,0,0,0
FPMLKI_10240 competence protein ComE,Unmatched,0,0,0
FPMLKI_10245 dynamin family protein,Unmatched,0,0,0
FPMLKI_10250 peptidase,Unmatched,0,0,0
FPMLKI_10255 preprotein translocase subunit SecG,Unmatched,0,0,0
FPMLKI_10260 hypothetical protein,Unmatched,0,0,0
"FPMLKI_10265 2,3-bisphosphoglycerate-independent phosphoglycerate mutase",Unmatched,0,0,0
FPMLKI_10270 porin,Unmatched,0,0,0
FPMLKI_10275 GUN4 domain-containing protein,Unmatched,0,0,0
"FPMLKI_10280 HicA toxin of bacterial toxin-antitoxin,",Unmatched,0,0,0
FPMLKI_10285 HicB-like domain-containing protein,Unmatched,0,0,0
FPMLKI_10290 Similarity with tr|Q9RNA5|Q9RNA5,Unmatched,0,0,0
FPMLKI_10305 aldo/keto reductase,Unmatched,0,0,0
"FPMLKI_10310 Gamma-glutamyl cyclotransferase, AIG2-like",Unmatched,0,0,0
FPMLKI_10315 hypothetical protein,Unmatched,0,0,0
FPMLKI_10320 endonuclease/exonuclease/phosphatase,Unmatched,0,0,0
FPMLKI_10325 bifunctional pyr operon transcriptional regulator/uracil phosphoribosyltransferase PyrR,Unmatched,0,0,0
FPMLKI_10330 amidase,Unmatched,0,0,0
FPMLKI_10335 nickel import ATP-binding protein NikD,Unmatched,0,0,0
FPMLKI_10340 ferrous iron transport protein A,Unmatched,0,0,0
FPMLKI_10345 Fe(2+) transporter permease subunit FeoB,Unmatched,0,0,0
FPMLKI_10350 FeoC domain-containing protein,Unmatched,0,0,0
FPMLKI_10355 SAM-dependent methyltransferase,Unmatched,0,0,0
FPMLKI_10360 metallophosphatase,Unmatched,0,0,0
FPMLKI_10365 metallophosphatase family protein,Unmatched,0,0,0
FPMLKI_10370 CobW C-terminal domain-containing protein,Unmatched,0,0,0
FPMLKI_10375 Cysteinyl-tRNA synthetase,Unmatched,0,0,0
FPMLKI_10380 cobalamin biosynthesis protein CobW,Unmatched,0,0,0
FPMLKI_10385 threonine--tRNA ligase,Unmatched,0,0,0
FPMLKI_10390 hypothetical protein,Unmatched,0,0,0
FPMLKI_10395 AB hydrolase-1 domain-containing protein,Unmatched,0,0,0
FPMLKI_10400 Antisense RNA which regulates isiA expression,Unmatched,0,0,0
FPMLKI_10405 Chlorophyll a/b light-harvesting protein,Unmatched,0,0,0
FPMLKI_10410 hypothetical protein,Unmatched,0,0,0
FPMLKI_10415 6-phosphogluconolactonase,Unmatched,0,0,0
FPMLKI_10420 FHA domain-containing protein,Unmatched,0,0,0
FPMLKI_10425 site-2 protease family protein,Unmatched,0,0,0
FPMLKI_10430 serine/threonine protein phosphatase,Unmatched,0,0,0
FPMLKI_10435 triose-phosphate isomerase,Unmatched,0,0,0
"FPMLKI_10440 5-oxo-1,2,5-tricarboxylic-3-penten acid decarboxylase",Unmatched,0,0,0
FPMLKI_10445 30S ribosomal protein S6,Unmatched,0,0,0
FPMLKI_10450 Putative restriction endonuclease,Unmatched,0,0,0
FPMLKI_10455 Endonuclease NucS,Unmatched,0,0,0
FPMLKI_10460 DNRLRE domain-containing protein,Unmatched,0,0,0
FPMLKI_10465 Domain of unknown function DUF29,Unmatched,0,0,0
FPMLKI_10470 oxidoreductase,Unmatched,0,0,0
FPMLKI_10475 4-hydroxyphenylpyruvate dioxygenase,Unmatched,0,0,0
FPMLKI_10480 aspartyl protease,Unmatched,0,0,0
FPMLKI_10485 histidine triad nucleotide-binding protein,Unmatched,0,0,0
FPMLKI_10490 magnesium chelatase,Unmatched,0,0,0
FPMLKI_10495 hypothetical protein,Unmatched,0,0,0
FPMLKI_10500 hypothetical protein,Unmatched,0,0,0
FPMLKI_10505 hypothetical protein,Unmatched,0,0,0
FPMLKI_10510 AAA-15 domain-containing protein,Unmatched,0,0,0
FPMLKI_10515 pseudouridine synthase,Unmatched,0,0,0
FPMLKI_10520 ABC transporter permease,Unmatched,0,0,0
FPMLKI_10525 hypothetical protein,Unmatched,0,0,0
FPMLKI_10530 hypothetical protein,Unmatched,0,0,0
FPMLKI_10535 PEP-CTERM sorting domain-containing protein,Unmatched,0,0,0
FPMLKI_10540 dihydroxy-acid dehydratase,Unmatched,0,0,0
FPMLKI_10545 TPR domain protein component of TonB system,Unmatched,0,0,0
FPMLKI_10550 bacterioferritin,Unmatched,0,0,0
FPMLKI_10555 Iron permease FTR1 family,Unmatched,0,0,0
FPMLKI_10560 branched-chain amino acid ABC transporter substrate-binding protein,Unmatched,0,0,0
FPMLKI_10565 hypothetical protein,Unmatched,0,0,0
FPMLKI_10570 hypothetical protein,Unmatched,0,0,0
FPMLKI_10575 CoA-binding protein,Unmatched,0,0,0
FPMLKI_10580 glutamate synthase large subunit,Unmatched,0,0,0
FPMLKI_10585 type II toxin-antitoxin system Phd/YefM family antitoxin,Unmatched,0,0,0
FPMLKI_10590 DNA methyltransferase,Unmatched,0,0,0
FPMLKI_10595 SrpM,Unmatched,0,0,0
FPMLKI_10600 PemK family transcriptional regulator,Unmatched,0,0,0
FPMLKI_10605 peptidase,Unmatched,0,0,0
FPMLKI_10610 tRNA-Met(cat),Unmatched,0,0,0
FPMLKI_10615 SAM-dependent methyltransferase,Unmatched,0,0,0
FPMLKI_10620 hypothetical protein,Unmatched,0,0,0
FPMLKI_10625 DUF4384 domain-containing protein,Unmatched,0,0,0
FPMLKI_10630 Tetratricopeptide TPR_2 repeat protein,Unmatched,0,0,0
FPMLKI_10635 hypothetical protein,Unmatched,0,0,0
FPMLKI_10640 addiction module killer protein,Unmatched,0,0,0
FPMLKI_10645 hypothetical protein,Unmatched,0,0,0
FPMLKI_10650 addiction module killer protein,Unmatched,0,0,0
FPMLKI_10655 Transcriptional regulator,Unmatched,0,0,0
FPMLKI_10660 hypothetical protein,Unmatched,0,0,0
FPMLKI_10665 Tetratricopeptide TPR_2,Unmatched,0,0,0
FPMLKI_10670 hypothetical protein,Unmatched,0,0,0
FPMLKI_10675 FAD-dependent hydroxylase,Unmatched,0,0,0
FPMLKI_10680 tRNA-Pro(ggg),Unmatched,0,0,0
FPMLKI_10685 peptidase,Unmatched,0,0,0
FPMLKI_10690 hypothetical protein,Unmatched,0,0,0
FPMLKI_10695 aspartate aminotransferase family protein,Unmatched,0,0,0
FPMLKI_10700 potassium channel protein,Unmatched,0,0,0
FPMLKI_10705 PIN domain-containing protein,Unmatched,0,0,0
FPMLKI_10710 hypothetical protein,Unmatched,0,0,0
FPMLKI_10715 Type IV pilus twitching motility protein PilT,Unmatched,0,0,0
FPMLKI_10720 circadian clock protein KaiB,Unmatched,0,0,0
FPMLKI_10725 hypothetical protein,Unmatched,0,0,0
FPMLKI_10730 carboxypeptidase,Unmatched,0,0,0
FPMLKI_10735 Aspartyl protease,Unmatched,0,0,0
FPMLKI_10740 hypothetical protein,Unmatched,0,0,0
FPMLKI_10745 hypothetical protein,Unmatched,0,0,0
FPMLKI_10750 glutathione S-transferase,Unmatched,0,0,0
FPMLKI_10755 DNA-binding response regulator,Unmatched,0,0,0
FPMLKI_10760 hypothetical protein,Unmatched,0,0,0
FPMLKI_10765 histidine kinase,Unmatched,0,0,0
FPMLKI_10770 adenosyl-hopene transferase HpnH,Unmatched,0,0,0
FPMLKI_10775 DUF1517 domain-containing protein,Unmatched,0,0,0
FPMLKI_10780 hypothetical protein,Unmatched,0,0,0
FPMLKI_10785 phycobiliprotein lyase,Unmatched,0,0,0
FPMLKI_10790 phycocyanin alpha phycocyanobilin lyase,Unmatched,0,0,0
FPMLKI_10795 creatinine amidohydrolase,Unmatched,0,0,0
FPMLKI_10800 hypothetical protein,Unmatched,0,0,0
FPMLKI_10805 hypothetical protein,Unmatched,0,0,0
FPMLKI_10810 hypothetical protein,Unmatched,0,0,0
FPMLKI_10815 peptidase M42,Unmatched,0,0,0
FPMLKI_10820 hypothetical protein,Unmatched,0,0,0
FPMLKI_10825 Bacterial cell division membrane protein,Unmatched,0,0,0
FPMLKI_10830 hypothetical protein,Unmatched,0,0,0
FPMLKI_10835 Y1-Tnp domain-containing protein,Unmatched,0,0,0
FPMLKI_10840 hypothetical protein,Unmatched,0,0,0
FPMLKI_10845 Cobalt transport protein,Unmatched,0,0,0
FPMLKI_10850 ribosome biogenesis GTPase Der,Unmatched,0,0,0
FPMLKI_10855 DUF4079 domain-containing protein,Unmatched,0,0,0
FPMLKI_10860 DNA mismatch repair endonuclease MutL,Unmatched,0,0,0
FPMLKI_10865 type II 3-dehydroquinate dehydratase,Unmatched,0,0,0
FPMLKI_10870 long-chain fatty acid--CoA ligase,Unmatched,0,0,0
FPMLKI_10875 Uncharacterized protein slr0039,Unmatched,0,0,0
FPMLKI_10880 Slr0038 protein,Unmatched,0,0,0
FPMLKI_10885 Transposase,Unmatched,0,0,0
FPMLKI_10890 HicB-like domain-containing protein,Unmatched,0,0,0
"FPMLKI_10895 HicA toxin of bacterial toxin-antitoxin,",Unmatched,0,0,0
FPMLKI_10900 prevent-host-death protein,Unmatched,0,0,0
FPMLKI_10905 nucleic acid-binding protein,Unmatched,0,0,0
FPMLKI_10910 hypothetical protein,Unmatched,0,0,0
FPMLKI_10915 Type II toxin-antitoxin system VapC family toxin,Unmatched,0,0,0
FPMLKI_10920 Twitching motility protein PilT,Unmatched,0,0,0
FPMLKI_10925 Similarity,Unmatched,0,0,0
FPMLKI_10930 hypothetical protein,Unmatched,0,0,0
FPMLKI_10935 hypothetical protein,Unmatched,0,0,0
FPMLKI_10940 aspartate kinase,Unmatched,0,0,0
FPMLKI_10945 hypothetical protein,Unmatched,0,0,0
FPMLKI_10950 hypothetical protein,Unmatched,0,0,0
FPMLKI_10955 ExeM/NucH family extracellular endonuclease,Unmatched,0,0,0
FPMLKI_10960 PEP-CTERM sorting domain-containing protein,Unmatched,0,0,0
FPMLKI_10965 hypothetical protein,Unmatched,0,0,0
FPMLKI_10970 PAP2 superfamily,Unmatched,0,0,0
FPMLKI_10975 YCII domain-containing protein,Unmatched,0,0,0
FPMLKI_10980 chromosome segregation protein SMC,Unmatched,0,0,0
FPMLKI_10985 radical SAM protein,Unmatched,0,0,0
FPMLKI_10990 NB-ARC domain protein,Unmatched,0,0,0
FPMLKI_11005 ATPase,Unmatched,0,0,0
FPMLKI_11010 hypothetical protein,Unmatched,0,0,0
FPMLKI_11015 Isoleucine--tRNA ligase,Unmatched,0,0,0
FPMLKI_11020 Uma2 family endonuclease,Unmatched,0,0,0
FPMLKI_11025 thioredoxin domain-containing protein,Unmatched,0,0,0
FPMLKI_11030 phosphoenolpyruvate carboxylase,Unmatched,0,0,0
FPMLKI_11035 hypothetical protein,Unmatched,0,0,0
FPMLKI_11040 cell division topological specificity factor MinE,Unmatched,0,0,0
FPMLKI_11045 septum site-determining protein MinD,Unmatched,0,0,0
FPMLKI_11050 septum site-determining protein MinC,Unmatched,0,0,0
FPMLKI_11055 hypothetical protein,Unmatched,0,0,0
FPMLKI_11060 hypothetical protein,Unmatched,0,0,0
FPMLKI_11065 hypothetical protein,Unmatched,0,0,0
FPMLKI_11070 endonuclease,Unmatched,0,0,0
FPMLKI_11075 hypothetical protein,Unmatched,0,0,0
FPMLKI_11080 plasmid maintenance system killer family protein,Unmatched,0,0,0
FPMLKI_11085 HigA family addiction module antitoxin,Unmatched,0,0,0
FPMLKI_11090 Glycosyl transferase family 1,Unmatched,0,0,0
FPMLKI_11095 Integrase-SAM-like-N domain-containing protein,Unmatched,0,0,0
FPMLKI_11100 Hrp-dependent type III effector protein,Unmatched,0,0,0
FPMLKI_11105 acyl-ACP--UDP-N-acetylglucosamine O-acyltransferase,Unmatched,0,0,0
FPMLKI_11110 lipid-A-disaccharide synthase,Unmatched,0,0,0
FPMLKI_11115 aminomethyl-transferring glycine dehydrogenase,Unmatched,0,0,0
FPMLKI_11120 phospholipid carrier-dependent glycosyltransferase,Unmatched,0,0,0
FPMLKI_11125 4-amino-4-deoxychorismate lyase,Unmatched,0,0,0
FPMLKI_11130 single-stranded DNA-binding protein,Unmatched,0,0,0
FPMLKI_11135 rod shape-determining protein,Unmatched,0,0,0
FPMLKI_11140 rod shape-determining protein MreC,Unmatched,0,0,0
FPMLKI_11145 rod shape-determining protein MreD,Unmatched,0,0,0
FPMLKI_11150 penicillin-binding protein,Unmatched,0,0,0
FPMLKI_11155 peptidase M61,Unmatched,0,0,0
FPMLKI_11160 branched-chain amino acid transaminase,Unmatched,0,0,0
FPMLKI_11165 hypothetical protein,Unmatched,0,0,0
FPMLKI_11170 hypothetical protein,Unmatched,0,0,0
FPMLKI_11175 circadian clock protein KaiC,Unmatched,0,0,0
FPMLKI_11180 PBPb domain-containing protein,Unmatched,0,0,0
FPMLKI_11185 DNA polymerase III subunit alpha,Unmatched,0,0,0
FPMLKI_11195 isoprenyl transferase,Unmatched,0,0,0
FPMLKI_11200 diadenylate cyclase CdaA,Unmatched,0,0,0
FPMLKI_11205 diaminopimelate decarboxylase,Unmatched,0,0,0
FPMLKI_11210 hypothetical protein,Unmatched,0,0,0
FPMLKI_11215 hypothetical protein,Unmatched,0,0,0
FPMLKI_11220 diflavin flavoprotein A,Unmatched,0,0,0
FPMLKI_11225 hypothetical protein,Unmatched,0,0,0
FPMLKI_11230 DUF5615 domain-containing protein,Unmatched,0,0,0
FPMLKI_11235 hypothetical protein,Unmatched,0,0,0
FPMLKI_11240 aspartate aminotransferase,Unmatched,0,0,0
FPMLKI_11245 hypothetical protein,Unmatched,0,0,0
FPMLKI_11250 Lysozyme,Unmatched,0,0,0
FPMLKI_11255 hypothetical protein,Unmatched,0,0,0
FPMLKI_11260 fatty acid desaturase,Unmatched,0,0,0
FPMLKI_11265 hypothetical protein,Unmatched,0,0,0
FPMLKI_11270 nucleic acid-binding protein,Unmatched,0,0,0
FPMLKI_11275 PemK family transcriptional regulator,Unmatched,0,0,0
FPMLKI_11280 Programmed cell death antitoxin YdcD,Unmatched,0,0,0
FPMLKI_11285 PEP-CTERM sorting domain-containing protein,Unmatched,0,0,0
FPMLKI_11290 PIN domain nuclease,Unmatched,0,0,0
FPMLKI_11295 hypothetical protein,Unmatched,0,0,0
FPMLKI_11300 HigA family addiction module antitoxin,Unmatched,0,0,0
FPMLKI_11305 hypothetical protein,Unmatched,0,0,0
FPMLKI_11310 DUF5615 domain-containing protein,Unmatched,0,0,0
FPMLKI_11315 hypothetical protein,Unmatched,0,0,0
FPMLKI_11320 hypothetical protein,Unmatched,0,0,0
FPMLKI_11325 tRNA-Arg(tct),Unmatched,0,0,0
FPMLKI_11330 ferrochelatase,Unmatched,0,0,0
FPMLKI_11335 DUF2993 domain-containing protein,Unmatched,0,0,0
FPMLKI_11340 membrane protein insertion efficiency factor YidD,Unmatched,0,0,0
FPMLKI_11345 phosphatidate cytidylyltransferase,Unmatched,0,0,0
FPMLKI_11350 aldose epimerase,Unmatched,0,0,0
FPMLKI_11355 tRNA-Lys(ttt),Unmatched,0,0,0
FPMLKI_11360 tRNA (adenosine(37)-N6)-threonylcarbamoyltransferase complex dimerization subunit type 1 TsaB,Unmatched,0,0,0
FPMLKI_11365 PEP-CTERM domain-containing protein,Unmatched,0,0,0
FPMLKI_11370 3-phytase (Myo-inositol-hexaphosphate 3-phosphohydrolase),Unmatched,0,0,0
FPMLKI_11375 serine O-acetyltransferase,Unmatched,0,0,0
FPMLKI_11380 excinuclease ABC subunit UvrA,Unmatched,0,0,0
FPMLKI_11385 class I SAM-dependent methyltransferase,Unmatched,0,0,0
FPMLKI_11390 hypothetical protein,Unmatched,0,0,0
FPMLKI_11395 Ribonuclease VapC,Unmatched,0,0,0
FPMLKI_11400 hypothetical protein,Unmatched,0,0,0
FPMLKI_11405 hypothetical protein,Unmatched,0,0,0
FPMLKI_11410 Calcium-binding protein,Unmatched,0,0,0
FPMLKI_11415 SH3 domain-containing protein,Unmatched,0,0,0
FPMLKI_11420 DUF29 domain-containing protein,Unmatched,0,0,0
FPMLKI_11425 glycerol acyltransferase,Unmatched,0,0,0
FPMLKI_11430 3-oxoacyl-[acyl-carrier-protein] reductase,Unmatched,0,0,0
FPMLKI_11435 peptidase,Unmatched,0,0,0
FPMLKI_11440 sulfite exporter TauE/SafE family protein,Unmatched,0,0,0
"FPMLKI_11445 Zn-dependent protease, containings TPR repeats",Unmatched,0,0,0
FPMLKI_11450 tRNA-Leu(caa),Unmatched,0,0,0
FPMLKI_11455 DNA (cytosine-5-)-methyltransferase,Unmatched,0,0,0
FPMLKI_11460 DUF4926 domain-containing protein,Unmatched,0,0,0
FPMLKI_11465 hypothetical protein,Unmatched,0,0,0
FPMLKI_11470 PINc domain-containing protein,Unmatched,0,0,0
FPMLKI_11475 HicB-like domain-containing protein,Unmatched,0,0,0
"FPMLKI_11480 addiction module toxin, HicA family",Unmatched,0,0,0
FPMLKI_11485 Serine/threonine protein kinase,Unmatched,0,0,0
FPMLKI_11490 glycosyltransferase,Unmatched,0,0,0
FPMLKI_11495 receptor ligand binding family protein,Unmatched,0,0,0
FPMLKI_11500 radical SAM protein,Unmatched,0,0,0
FPMLKI_11505 DUF4089 domain-containing protein,Unmatched,0,0,0
FPMLKI_11510 AtzE family amidohydrolase,Unmatched,0,0,0
FPMLKI_11515 group 1 glycosyl transferase,Unmatched,0,0,0
FPMLKI_11520 glycosyl transferase group 1 family protein,Unmatched,0,0,0
FPMLKI_11525 MOSC domain-containing protein,Unmatched,0,0,0
FPMLKI_11530 sodium:proton antiporter,Unmatched,0,0,0
FPMLKI_11535 rod shape-determining protein RodA,Unmatched,0,0,0
FPMLKI_11555 serine endopeptidase inhibitor,Unmatched,0,0,0
FPMLKI_11560 hypothetical protein,Unmatched,0,0,0
FPMLKI_11575 hypothetical protein,Unmatched,0,0,0
FPMLKI_11580 FAD dependent oxidoreductase,Unmatched,0,0,0
FPMLKI_11585 hypothetical protein,Unmatched,0,0,0
FPMLKI_11590 polymerase,Unmatched,0,0,0
FPMLKI_11595 transporter,Unmatched,0,0,0
"FPMLKI_11600 Endonuclease, Uma2 family (restriction endonuclease fold)",Unmatched,0,0,0
FPMLKI_11605 hypothetical protein,Unmatched,0,0,0
FPMLKI_11610 putative nucleotidyltransferase MJ0435,Unmatched,0,0,0
FPMLKI_11615 formylglycine-generating enzyme family protein,Unmatched,0,0,0
FPMLKI_11620 DDE-3 domain-containing protein,Unmatched,0,0,0
FPMLKI_11625 ATP-dependent 6-phosphofructokinase,Unmatched,0,0,0
FPMLKI_11630 glutamate--tRNA ligase,Unmatched,0,0,0
FPMLKI_11635 NAD(P)H-quinone oxidoreductase subunit N,Unmatched,0,0,0
FPMLKI_11640 hypothetical protein,Unmatched,0,0,0
FPMLKI_11645 peptide ABC transporter permease,Unmatched,0,0,0
FPMLKI_11650 phosphate signaling complex protein PhoU,Unmatched,0,0,0
FPMLKI_11655 histidine kinase,Unmatched,0,0,0
FPMLKI_11660 DNA-binding response regulator,Unmatched,0,0,0
FPMLKI_11665 amidase,Unmatched,0,0,0
FPMLKI_11670 hypothetical protein,Unmatched,0,0,0
FPMLKI_11675 glycolate oxidase subunit GlcD,Unmatched,0,0,0
FPMLKI_11680 2'-5' RNA ligase,Unmatched,0,0,0
FPMLKI_11685 YCII domain-containing protein,Unmatched,0,0,0
FPMLKI_11690 translation initiation factor IF-1,Unmatched,0,0,0
FPMLKI_11695 50S ribosomal protein L36,Unmatched,0,0,0
FPMLKI_11700 30S ribosomal protein S13,Unmatched,0,0,0
FPMLKI_11705 30S ribosomal protein S11,Unmatched,0,0,0
FPMLKI_11710 DNA-directed RNA polymerase subunit alpha,Unmatched,0,0,0
FPMLKI_11715 50S ribosomal protein L17,Unmatched,0,0,0
FPMLKI_11720 tRNA pseudouridine(38-40) synthase TruA,Unmatched,0,0,0
FPMLKI_11725 50S ribosomal protein L13,Unmatched,0,0,0
FPMLKI_11730 30S ribosomal protein S9,Unmatched,0,0,0
FPMLKI_11735 50S ribosomal protein L31,Unmatched,0,0,0
"FPMLKI_11740 Phosphate ABC transporter, periplasmic phosphate-binding protein PstS",Unmatched,0,0,0
FPMLKI_11745 Transposase,Unmatched,0,0,0
FPMLKI_11750 Three-Cys-motif partner protein TcmP,Unmatched,0,0,0
FPMLKI_11755 DUF5131 domain-containing protein,Unmatched,0,0,0
FPMLKI_11760 hypothetical protein,Unmatched,0,0,0
FPMLKI_11765 sulfotransferase family protein,Unmatched,0,0,0
FPMLKI_11770 hypothetical protein,Unmatched,0,0,0
FPMLKI_11775 ABC transporter ATP-binding protein,Unmatched,0,0,0
FPMLKI_11780 putative UDP-N-acetylglucosamine--peptide N-acetylglucosaminyltransferase SPINDLY,Unmatched,0,0,0
FPMLKI_11785 phycocyanin alpha phycocyanobilin lyase,Unmatched,0,0,0
FPMLKI_11790 SycD/LcrH family type III secretion system chaperone,Unmatched,0,0,0
FPMLKI_11795 DUF29 domain-containing protein,Unmatched,0,0,0
"FPMLKI_11800 RNA polymerase sigma factor, RpoD/SigA family",Unmatched,0,0,0
FPMLKI_11805 Ni/Fe hydrogenase subunit alpha,Unmatched,0,0,0
FPMLKI_11810 cation:proton antiporter,Unmatched,0,0,0
FPMLKI_11815 DUF4040 domain-containing protein,Unmatched,0,0,0
FPMLKI_11820 sodium:proton antiporter,Unmatched,0,0,0
FPMLKI_11825 Na+/H+ antiporter complex subunit F MrpF,Unmatched,0,0,0
FPMLKI_11830 cation:proton antiporter,Unmatched,0,0,0
FPMLKI_11835 cation:proton antiporter,Unmatched,0,0,0
FPMLKI_11840 cation:proton antiporter,Unmatched,0,0,0
FPMLKI_11845 hypothetical protein,Unmatched,0,0,0
FPMLKI_11850 leucyl aminopeptidase,Unmatched,0,0,0
FPMLKI_11860 Tetratricopeptide repeat family protein,Unmatched,0,0,0
FPMLKI_11865 ATP-dependent zinc metalloprotease FtsH4,Unmatched,0,0,0
FPMLKI_11870 DUF4164 domain-containing protein,Unmatched,0,0,0
FPMLKI_11875 TIGR03279 family radical SAM protein,Unmatched,0,0,0
FPMLKI_11880 ABC transporter permease,Unmatched,0,0,0
FPMLKI_11885 RlmI/RlmK family 23S rRNA methyltransferase,Unmatched,0,0,0
FPMLKI_11890 glyoxalase,Unmatched,0,0,0
FPMLKI_11895 restriction endonuclease subunit R,Unmatched,0,0,0
FPMLKI_11900 CopG family transcriptional regulator,Unmatched,0,0,0
FPMLKI_11905 hypothetical protein,Unmatched,0,0,0
"FPMLKI_11910 Type I restriction-modification system, specificity subunit S",Unmatched,0,0,0
FPMLKI_11915 Type II toxin-antitoxin system RelE/ParE family toxin,Unmatched,0,0,0
FPMLKI_11920 hypothetical protein,Unmatched,0,0,0
FPMLKI_11925 Restriction endonuclease subunit S,Unmatched,0,0,0
FPMLKI_11930 Site-specific DNA-methyltransferase (adenine-specific),Unmatched,0,0,0
FPMLKI_11935 sodium:proton antiporter,Unmatched,0,0,0
FPMLKI_11940 Membrane-associated protein slr1513,Unmatched,0,0,0
FPMLKI_11945 sodium-dependent bicarbonate transport family permease,Unmatched,0,0,0
FPMLKI_11950 Bicarbonate transporter BicA,Unmatched,0,0,0
FPMLKI_11955 LysR family transcriptional regulator,Unmatched,0,0,0
FPMLKI_11960 CP12 domain-containing protein,Unmatched,0,0,0
FPMLKI_11965 hypothetical protein,Unmatched,0,0,0
FPMLKI_11970 thioredoxin,Unmatched,0,0,0
FPMLKI_11975 recombinase,Unmatched,0,0,0
FPMLKI_11980 histidine kinase,Unmatched,0,0,0
FPMLKI_11985 uroporphyrinogen-III C-methyltransferase,Unmatched,0,0,0
FPMLKI_11990 phosphatidate cytidylyltransferase,Unmatched,0,0,0
"FPMLKI_11995 precorrin-6Y C5,15-methyltransferase subunit CbiT",Unmatched,0,0,0
FPMLKI_12000 PD-(D/E)XK nuclease family protein,Unmatched,0,0,0
FPMLKI_12005 ribonucleotide-diphosphate reductase subunit beta,Unmatched,0,0,0
FPMLKI_12010 DUF29 domain-containing protein,Unmatched,0,0,0
FPMLKI_12015 DUF29 domain-containing protein,Unmatched,0,0,0
FPMLKI_12020 DUF29 domain-containing protein,Unmatched,0,0,0
FPMLKI_12025 ribonucleoside-diphosphate reductase subunit alpha,Unmatched,0,0,0
FPMLKI_12030 DUF3854 domain-containing protein,Unmatched,0,0,0
FPMLKI_12035 tyramine oxidase,Unmatched,0,0,0
FPMLKI_12040 nitroreductase,Unmatched,0,0,0
FPMLKI_12045 guanylate cyclase,Unmatched,0,0,0
FPMLKI_12050 AmpG family muropeptide MFS transporter,Unmatched,0,0,0
FPMLKI_12055 GNAT family N-acetyltransferase,Unmatched,0,0,0
FPMLKI_12060 LytR family transcriptional regulator,Unmatched,0,0,0
FPMLKI_12065 arsenosugar biosynthesis radical SAM protein ArsS,Unmatched,0,0,0
FPMLKI_12070 DUF3143 domain-containing protein,Unmatched,0,0,0
FPMLKI_12075 heat-shock protein,Unmatched,0,0,0
FPMLKI_12080 thylakoid membrane photosystem I accumulation factor,Unmatched,0,0,0
"FPMLKI_12085 Carbohydrate-selective porin, OprB family",Unmatched,0,0,0
FPMLKI_12090 nucleotidyltransferase,Unmatched,0,0,0
FPMLKI_12095 DUF86 domain-containing protein,Unmatched,0,0,0
FPMLKI_12100 hypothetical protein,Unmatched,0,0,0
"FPMLKI_12105 putative toxin-antitoxin system toxin component, PIN family",Unmatched,0,0,0
FPMLKI_12110 Uncharacterised protein family (UPF0175),Unmatched,0,0,0
"FPMLKI_12115 putative nucleic acid-binding protein, contains PIN domain",Unmatched,0,0,0
FPMLKI_12120 Uncharacterised protein family (UPF0175),Unmatched,0,0,0
FPMLKI_12125 addiction module antitoxin,Unmatched,0,0,0
FPMLKI_12130 Carrier domain-containing protein,Unmatched,0,0,0
FPMLKI_12135 NAD(+) kinase,Unmatched,0,0,0
FPMLKI_12140 phycobiliprotein lyase,Unmatched,0,0,0
FPMLKI_12145 phosphomethylpyrimidine synthase,Unmatched,0,0,0
FPMLKI_12150 type I glutamate--ammonia ligase,Unmatched,0,0,0
FPMLKI_12155 hypothetical protein,Unmatched,0,0,0
FPMLKI_12160 glycosyltransferase,Unmatched,0,0,0
FPMLKI_12165 GtrA domain-containing protein,Unmatched,0,0,0
FPMLKI_12170 Phosphoglycolate phosphatase,Unmatched,0,0,0
FPMLKI_12175 hypothetical protein,Unmatched,0,0,0
FPMLKI_12180 citrate lyase beta subunit,Unmatched,0,0,0
FPMLKI_12185 acetolactate synthase,Unmatched,0,0,0
FPMLKI_12190 hypothetical protein,Unmatched,0,0,0
FPMLKI_12195 methyltransferase type 11,Unmatched,0,0,0
FPMLKI_12200 epimerase,Unmatched,0,0,0
FPMLKI_12205 hypothetical protein,Unmatched,0,0,0
FPMLKI_12210 hypothetical protein,Unmatched,0,0,0
FPMLKI_12215 ATP-dependent zinc metalloprotease FtsH3,Unmatched,0,0,0
FPMLKI_12220 hypothetical protein,Unmatched,0,0,0
FPMLKI_12225 Photosystem I assembly protein Ycf3,Unmatched,0,0,0
FPMLKI_12230 complex I intermediate-associated 30 family protein,Unmatched,0,0,0
FPMLKI_12235 CPP1-like family protein,Unmatched,0,0,0
FPMLKI_12240 haloacid dehalogenase,Unmatched,0,0,0
FPMLKI_12245 solanesyl diphosphate synthase,Unmatched,0,0,0
FPMLKI_12250 hypothetical protein,Unmatched,0,0,0
FPMLKI_12255 citramalate synthase,Unmatched,0,0,0
FPMLKI_12260 hypothetical protein,Unmatched,0,0,0
FPMLKI_12275 ribosome maturation factor RimM,Unmatched,0,0,0
FPMLKI_12280 hypothetical protein,Unmatched,0,0,0
FPMLKI_12285 CPBP family intramembrane metalloprotease domain-containing protein,Unmatched,0,0,0
FPMLKI_12290 AbrB family transcriptional regulator,Unmatched,0,0,0
FPMLKI_12295 succinate dehydrogenase/fumarate reductase iron-sulfur subunit,Unmatched,0,0,0
FPMLKI_12300 penicillin-binding protein activator LpoB,Unmatched,0,0,0
FPMLKI_12305 protochlorophyllide reductase,Unmatched,0,0,0
FPMLKI_12310 PEP-CTERM sorting domain-containing protein,Unmatched,0,0,0
FPMLKI_12315 sodium/glutamate symporter,Unmatched,0,0,0
FPMLKI_12320 molecular chaperone DnaK,Unmatched,0,0,0
FPMLKI_12325 RNA-splicing ligase RtcB,Unmatched,0,0,0
FPMLKI_12330 ribonucleoside-triphosphate reductase,Unmatched,0,0,0
FPMLKI_12335 YebC/PmpR family DNA-binding transcriptional regulator,Unmatched,0,0,0
FPMLKI_12340 pentapeptide repeat-containing protein,Unmatched,0,0,0
FPMLKI_12345 penicillin-binding protein,Unmatched,0,0,0
FPMLKI_12350 Putative restriction endonuclease,Unmatched,0,0,0
FPMLKI_12355 modification methylase,Unmatched,0,0,0
FPMLKI_12360 cysteine desulfurase,Unmatched,0,0,0
FPMLKI_12365 Type 2A encapsulin shell protein,Unmatched,0,0,0
FPMLKI_12370 serine acetyltransferase,Unmatched,0,0,0
FPMLKI_12375 cysteine synthase A,Unmatched,0,0,0
FPMLKI_12380 glycosyl transferase,Unmatched,0,0,0
FPMLKI_12385 Glycosyltransferase family 87,Unmatched,0,0,0
FPMLKI_12390 Glycosyltransferase family 87,Unmatched,0,0,0
FPMLKI_12395 glycosyltransferase,Unmatched,0,0,0
FPMLKI_12400 mannosyltransferase,Unmatched,0,0,0
FPMLKI_12405 hypothetical protein,Unmatched,0,0,0
FPMLKI_12410 DUF1698 domain-containing protein,Unmatched,0,0,0
FPMLKI_12415 serine/threonine protein kinase,Unmatched,0,0,0
FPMLKI_12420 sulfonate ABC transporter permease,Unmatched,0,0,0
FPMLKI_12425 hypothetical protein,Unmatched,0,0,0
FPMLKI_12430 glycosyl transferase,Unmatched,0,0,0
FPMLKI_12435 DUF1815 domain-containing protein,Unmatched,0,0,0
FPMLKI_12440 ribulose-phosphate 3-epimerase,Unmatched,0,0,0
FPMLKI_12445 histidinol-phosphatase,Unmatched,0,0,0
FPMLKI_12450 hypothetical protein,Unmatched,0,0,0
FPMLKI_12455 ATP-dependent Zn protease,Unmatched,0,0,0
FPMLKI_12460 carbamoyltransferase HypF,Unmatched,0,0,0
FPMLKI_12465 Similarity,Unmatched,0,0,0
FPMLKI_12470 flavin oxidoreductase,Unmatched,0,0,0
FPMLKI_12475 DUF305 domain-containing protein,Unmatched,0,0,0
FPMLKI_12480 hypothetical protein,Unmatched,0,0,0
FPMLKI_12485 HME family heavy-metal exporter,Unmatched,0,0,0
FPMLKI_12490 HlyD-D23 domain-containing protein,Unmatched,0,0,0
FPMLKI_12495 Histidine kinase,Unmatched,0,0,0
FPMLKI_12500 Two-component response regulator,Unmatched,0,0,0
FPMLKI_12505 HTH lysR-type domain-containing protein,Unmatched,0,0,0
FPMLKI_12510 Phosphonate dehydrogenase,Unmatched,0,0,0
FPMLKI_12515 ABC transmembrane type-1 domain-containing protein,Unmatched,0,0,0
FPMLKI_12520 Putative phosphonate transport system substrate-binding protein,Unmatched,0,0,0
FPMLKI_12525 Phosphite import ATP-binding protein PxtA,Unmatched,0,0,0
FPMLKI_12530 UPF0754 membrane protein MAE_37850,Unmatched,0,0,0
"FPMLKI_12535 bifunctional demethylmenaquinone methyltransferase/2-methoxy-6-polyprenyl-1,4-benzoquinol methylase UbiE",Unmatched,0,0,0
FPMLKI_12540 MBL fold metallo-hydrolase,Unmatched,0,0,0
FPMLKI_12545 methyltransferase type 11,Unmatched,0,0,0
FPMLKI_12550 EamA family transporter,Unmatched,0,0,0
FPMLKI_12555 AI-2E family transporter,Unmatched,0,0,0
FPMLKI_12560 shikimate dehydrogenase,Unmatched,0,0,0
FPMLKI_12565 hypothetical protein,Unmatched,0,0,0
FPMLKI_12570 amino acid ABC transporter permease,Unmatched,0,0,0
FPMLKI_12575 single-stranded DNA-binding protein,Unmatched,0,0,0
FPMLKI_12580 Uncharacterised protein family (UPF0175),Unmatched,0,0,0
FPMLKI_12585 DUF3368 domain-containing protein,Unmatched,0,0,0
FPMLKI_12590 PEP-CTERM domain-containing protein,Unmatched,0,0,0
FPMLKI_12595 Na+/H+ antiporter,Unmatched,0,0,0
FPMLKI_12600 DUF3038 domain-containing protein,Unmatched,0,0,0
FPMLKI_12605 DUF4335 domain-containing protein,Unmatched,0,0,0
FPMLKI_12610 DUF2389 domain-containing protein,Unmatched,0,0,0
FPMLKI_12615 transcriptional repressor LexA,Unmatched,0,0,0
FPMLKI_12620 pyruvate:ferredoxin (flavodoxin) oxidoreductase,Unmatched,0,0,0
FPMLKI_12625 dihydroorotate dehydrogenase,Unmatched,0,0,0
FPMLKI_12630 6-phosphofructokinase,Unmatched,0,0,0
FPMLKI_12635 hypothetical protein,Unmatched,0,0,0
FPMLKI_12640 hypothetical protein,Unmatched,0,0,0
FPMLKI_12645 hypothetical protein,Unmatched,0,0,0
FPMLKI_12650 hypothetical protein,Unmatched,0,0,0
FPMLKI_12655 hypothetical protein,Unmatched,0,0,0
FPMLKI_12660 hypothetical protein,Unmatched,0,0,0
FPMLKI_12665 hypothetical protein,Unmatched,0,0,0
FPMLKI_12670 hypothetical protein,Unmatched,0,0,0
FPMLKI_12675 phosphate ABC transporter substrate-binding protein,Unmatched,0,0,0
FPMLKI_12680 PFK domain-containing protein,Unmatched,0,0,0
FPMLKI_12685 50S ribosomal protein L19,Unmatched,0,0,0
FPMLKI_12690 tRNA-Trp(cca),Unmatched,0,0,0
FPMLKI_12695 preprotein translocase subunit SecE,Unmatched,0,0,0
FPMLKI_12700 transcription termination/antitermination protein NusG,Unmatched,0,0,0
FPMLKI_12705 50S ribosomal protein L11,Unmatched,0,0,0
FPMLKI_12710 50S ribosomal protein L1,Unmatched,0,0,0
FPMLKI_12715 bifunctional riboflavin kinase/FAD synthetase,Unmatched,0,0,0
FPMLKI_12720 hypothetical protein,Unmatched,0,0,0
FPMLKI_12725 hypothetical protein,Unmatched,0,0,0
FPMLKI_12730 magnesium chelatase,Unmatched,0,0,0
FPMLKI_12735 transposase,Unmatched,0,0,0
FPMLKI_12740 cysteine protease,Unmatched,0,0,0
FPMLKI_12745 Inhibitor-I42 domain-containing protein,Unmatched,0,0,0
FPMLKI_12750 IctB family putative bicarbonate transporter,Unmatched,0,0,0
FPMLKI_12755 preprotein translocase subunit Tim44,Unmatched,0,0,0
FPMLKI_12760 hypothetical protein,Unmatched,0,0,0
FPMLKI_12765 exosortase,Unmatched,0,0,0
FPMLKI_12770 phosphoesterase,Unmatched,0,0,0
FPMLKI_12775 DNA sulfur modification protein DndD,Unmatched,0,0,0
FPMLKI_12780 DNA sulfur modification protein DndE,Unmatched,0,0,0
FPMLKI_12785 SagB-type dehydrogenase domain-containing protein,Unmatched,0,0,0
FPMLKI_12790 flotillin family protein,Unmatched,0,0,0
FPMLKI_12795 mannose-6-phosphate isomerase,Unmatched,0,0,0
FPMLKI_12800 bifunctional adenosylcobinamide kinase/adenosylcobinamide-phosphate guanylyltransferase,Unmatched,0,0,0
FPMLKI_12805 class I SAM-dependent methyltransferase,Unmatched,0,0,0
FPMLKI_12810 hypothetical protein,Unmatched,0,0,0
FPMLKI_12815 isopropylmalate isomerase,Unmatched,0,0,0
FPMLKI_12820 hypothetical protein,Unmatched,0,0,0
FPMLKI_12825 hypothetical protein,Unmatched,0,0,0
FPMLKI_12830 2-phosphosulfolactate phosphatase family protein,Unmatched,0,0,0
FPMLKI_12835 bifunctional folylpolyglutamate synthase/dihydrofolate synthase,Unmatched,0,0,0
FPMLKI_12840 DUF3352 domain-containing protein,Unmatched,0,0,0
FPMLKI_12845 hypothetical protein,Unmatched,0,0,0
FPMLKI_12850 Phosphomannomutase,Unmatched,0,0,0
FPMLKI_12855 Serine hydroxymethyltransferase,Unmatched,0,0,0
FPMLKI_12860 undecaprenyl-phosphate alpha-N-acetylglucosaminyl 1-phosphate transferase,Unmatched,0,0,0
FPMLKI_12865 DUF4164 domain-containing protein,Unmatched,0,0,0
FPMLKI_12870 DUF4164 domain-containing protein,Unmatched,0,0,0
FPMLKI_12875 polyketide biosynthesis operon protein CyrO,Unmatched,0,0,0
FPMLKI_12880 NAD(P)H-quinone oxidoreductase subunit M,Unmatched,0,0,0
FPMLKI_12885 Transcriptional regulator,Unmatched,0,0,0
FPMLKI_12890 IS630 family transposase,Unmatched,0,0,0
FPMLKI_12895 hypothetical protein,Unmatched,0,0,0
FPMLKI_12900 ABC transporter permease,Unmatched,0,0,0
FPMLKI_12905 HicB-like domain-containing protein,Unmatched,0,0,0
FPMLKI_12910 type II toxin-antitoxin system HicA family toxin,Unmatched,0,0,0
FPMLKI_12915 hypothetical protein,Unmatched,0,0,0
FPMLKI_12920 hypothetical protein,Unmatched,0,0,0
FPMLKI_12925 HTH-33 domain-containing protein,Unmatched,0,0,0
FPMLKI_12930 hypothetical protein,Unmatched,0,0,0
FPMLKI_12935 hypothetical protein,Unmatched,0,0,0
FPMLKI_12940 hypothetical protein,Unmatched,0,0,0
FPMLKI_12945 NADP-dependent isocitrate dehydrogenase,Unmatched,0,0,0
FPMLKI_12950 valine--tRNA ligase,Unmatched,0,0,0
FPMLKI_12955 Putative restriction endonuclease,Unmatched,0,0,0
FPMLKI_12960 phosphoribosylglycinamide formyltransferase,Unmatched,0,0,0
FPMLKI_12965 hypothetical protein,Unmatched,0,0,0
FPMLKI_12970 polyphosphate:AMP phosphotransferase,Unmatched,0,0,0
FPMLKI_12975 UDP-glucose 4-epimerase GalE,Unmatched,0,0,0
FPMLKI_12980 hypothetical protein,Unmatched,0,0,0
FPMLKI_12985 FkbM family methyltransferase,Unmatched,0,0,0
FPMLKI_12990 Peptidoglycan O-acetyltransferase,Unmatched,0,0,0
FPMLKI_12995 hypothetical protein,Unmatched,0,0,0
FPMLKI_13000 NAD(P)/FAD-dependent oxidoreductase,Unmatched,0,0,0
FPMLKI_13005 hypothetical protein,Unmatched,0,0,0
FPMLKI_13010 hypothetical protein,Unmatched,0,0,0
FPMLKI_13015 UDP-glucose 4-epimerase,Unmatched,0,0,0
FPMLKI_13020 cobalt-precorrin-6A reductase,Unmatched,0,0,0
FPMLKI_13025 arsenic-transporting ATPase,Unmatched,0,0,0
FPMLKI_13030 aspartate 1-decarboxylase,Unmatched,0,0,0
FPMLKI_13035 DUF3598 domain-containing protein,Unmatched,0,0,0
FPMLKI_13040 hypothetical protein,Unmatched,0,0,0
FPMLKI_13045 citrate lyase beta subunit,Unmatched,0,0,0
FPMLKI_13050 aspartate--tRNA ligase,Unmatched,0,0,0
FPMLKI_13055 serine/threonine-protein kinase pkn1,Unmatched,0,0,0
"FPMLKI_13060 Endonuclease, Uma2 family (restriction endonuclease fold)",Unmatched,0,0,0
FPMLKI_13065 Uma2 family endonuclease,Unmatched,0,0,0
FPMLKI_13070 bifunctional 3-deoxy-7-phosphoheptulonate synthase/chorismate mutase,Unmatched,0,0,0
FPMLKI_13075 DUF3464 domain-containing protein,Unmatched,0,0,0
FPMLKI_13080 30S ribosomal protein S15,Unmatched,0,0,0
FPMLKI_13085 DUF4435 domain-containing protein,Unmatched,0,0,0
FPMLKI_13090 excinuclease,Unmatched,0,0,0
FPMLKI_13095 S-methyl-5-thioribose-1-phosphate isomerase,Unmatched,0,0,0
"FPMLKI_13100 CRISPR-associated protein Csa3, CARF domain",Unmatched,0,0,0
FPMLKI_13105 MFS transporter,Unmatched,0,0,0
FPMLKI_13110 glycosyl transferase group 1,Unmatched,0,0,0
FPMLKI_13115 o-succinylbenzoate synthase,Unmatched,0,0,0
FPMLKI_13120 2-succinylbenzoate-CoA ligase,Unmatched,0,0,0
FPMLKI_13125 Efflux RND transporter periplasmic adaptor subunit,Unmatched,0,0,0
FPMLKI_13130 ABC transporter permease,Unmatched,0,0,0
FPMLKI_13135 Putative peptide zinc metalloprotease protein YydH,Unmatched,0,0,0
FPMLKI_13140 SQHop-cyclase-C domain-containing protein,Unmatched,0,0,0
FPMLKI_13145 hypothetical protein,Unmatched,0,0,0
FPMLKI_13150 Radical SAM core domain-containing protein,Unmatched,0,0,0
FPMLKI_13155 NADH-quinone oxidoreductase subunit M,Unmatched,0,0,0
FPMLKI_13160 IscS subfamily cysteine desulfurase,Unmatched,0,0,0
FPMLKI_13165 DUF4334 domain-containing protein,Unmatched,0,0,0
FPMLKI_13170 Prokaryotic-like s of the JAB domain-containing protein,Unmatched,0,0,0
FPMLKI_13175 sulfonate ABC transporter permease,Unmatched,0,0,0
FPMLKI_13180 serine/threonine protein kinase,Unmatched,0,0,0
FPMLKI_13185 glycosyltransferase,Unmatched,0,0,0
FPMLKI_13190 2-succinyl-5-enolpyruvyl-6-hydroxy-3-cyclohexene-1-carboxylic-acid synthase,Unmatched,0,0,0
FPMLKI_13195 Similarity,Unmatched,0,0,0
FPMLKI_13200 hypothetical protein,Unmatched,0,0,0
FPMLKI_13205 chlororespiratory reduction protein 7,Unmatched,0,0,0
FPMLKI_13210 YdiU family protein,Unmatched,0,0,0
FPMLKI_13215 HrgA protein,Unmatched,0,0,0
FPMLKI_13220 hypothetical protein,Unmatched,0,0,0
FPMLKI_13225 clan AA aspartic protease,Unmatched,0,0,0
FPMLKI_13230 Helicase C-terminal domain-containing protein,Unmatched,0,0,0
FPMLKI_13235 DUF29 domain-containing protein,Unmatched,0,0,0
FPMLKI_13240 SAM-dependent methyltransferase,Unmatched,0,0,0
FPMLKI_13245 Endonuclease related to archaeal Holliday junction resolvase,Unmatched,0,0,0
FPMLKI_13250 50S ribosome-binding GTPase,Unmatched,0,0,0
FPMLKI_13255 DUF4336 domain-containing protein,Unmatched,0,0,0
FPMLKI_13260 phosphoribosyltransferase,Unmatched,0,0,0
FPMLKI_13265 hypothetical protein,Unmatched,0,0,0
FPMLKI_13270 NC domain-containing protein,Unmatched,0,0,0
FPMLKI_13275 hypothetical protein,Unmatched,0,0,0
FPMLKI_13280 GuaB3 family IMP dehydrogenase-related protein,Unmatched,0,0,0
FPMLKI_13285 DUF760 domain-containing protein,Unmatched,0,0,0
FPMLKI_13290 DCC1-like thiol-disulfide oxidoreductase,Unmatched,0,0,0
FPMLKI_13295 hypothetical protein,Unmatched,0,0,0
"FPMLKI_13300 putative toxin-antitoxin system toxin component, PIN family",Unmatched,0,0,0
FPMLKI_13305 hypothetical protein,Unmatched,0,0,0
FPMLKI_13310 Putative restriction endonuclease,Unmatched,0,0,0
FPMLKI_13315 Photosystem II protein D1,Unmatched,0,0,0
FPMLKI_13320 Similarity,Unmatched,0,0,0
FPMLKI_13325 hypothetical protein,Unmatched,0,0,0
FPMLKI_13330 hypothetical protein,Unmatched,0,0,0
FPMLKI_13335 DNA-directed RNA polymerase subunit omega,Unmatched,0,0,0
FPMLKI_13340 hypothetical protein,Unmatched,0,0,0
FPMLKI_13345 FUSC family protein,Unmatched,0,0,0
FPMLKI_13350 ATP-binding protein,Unmatched,0,0,0
FPMLKI_13355 hypothetical protein,Unmatched,0,0,0
FPMLKI_13360 oxidoreductase,Unmatched,0,0,0
FPMLKI_13365 fructose-bisphosphate aldolase class II,Unmatched,0,0,0
FPMLKI_13370 carboxyl-terminal protease,Unmatched,0,0,0
FPMLKI_13375 amino acid ABC transporter substrate-binding protein,Unmatched,0,0,0
FPMLKI_13380 cell division protein FtsW,Unmatched,0,0,0
FPMLKI_13385 isoaspartyl peptidase,Unmatched,0,0,0
FPMLKI_13390 geranylgeranyl reductase,Unmatched,0,0,0
FPMLKI_13395 class III poly(R)-hydroxyalkanoic acid synthase subunit PhaC,Unmatched,0,0,0
FPMLKI_13400 class III poly(R)-hydroxyalkanoic acid synthase subunit PhaE,Unmatched,0,0,0
FPMLKI_13405 hypothetical protein,Unmatched,0,0,0
FPMLKI_13410 beta-ketoacyl-ACP reductase,Unmatched,0,0,0
FPMLKI_13415 acetyl-CoA C-acyltransferase,Unmatched,0,0,0
FPMLKI_13420 FAD-dependent oxidoreductase,Unmatched,0,0,0
FPMLKI_13425 photosystem II protein PsbQ,Unmatched,0,0,0
FPMLKI_13430 iron ABC transporter substrate-binding protein,Unmatched,0,0,0
FPMLKI_13435 phosphopantothenoylcysteine decarboxylase,Unmatched,0,0,0
FPMLKI_13440 DUF1517 domain-containing protein,Unmatched,0,0,0
FPMLKI_13445 SpoIIAA-like,Unmatched,0,0,0
FPMLKI_13450 hypothetical protein,Unmatched,0,0,0
FPMLKI_13455 Putative PANL11,Unmatched,0,0,0
FPMLKI_13460 hypothetical protein,Unmatched,0,0,0
"FPMLKI_13465 Putative toxin-antitoxin system toxin component, PIN family",Unmatched,0,0,0
FPMLKI_13470 DDE-3 domain-containing protein,Unmatched,0,0,0
FPMLKI_13475 fused N-dimethylarginine dimethylaminohydrolase/saccharopine dehydrogenase domain-containing protein,Unmatched,0,0,0
FPMLKI_13480 SWIM zinc finger domain-containing protein,Unmatched,0,0,0
FPMLKI_13485 chromosome partitioning protein ParB,Unmatched,0,0,0
FPMLKI_13490 HTH cro/C1-type domain-containing protein,Unmatched,0,0,0
FPMLKI_13495 hypothetical protein,Unmatched,0,0,0
"FPMLKI_13500 putative toxin-antitoxin system toxin component, PIN family",Unmatched,0,0,0
FPMLKI_13505 peptidase M28,Unmatched,0,0,0
FPMLKI_13510 FAD dependent oxidoreductase,Unmatched,0,0,0
FPMLKI_13515 mannose-1-phosphate guanylyltransferase,Unmatched,0,0,0
FPMLKI_13520 hypothetical protein,Unmatched,0,0,0
FPMLKI_13525 tRNA-Arg(cct),Unmatched,0,0,0
FPMLKI_13530 hypothetical protein,Unmatched,0,0,0
FPMLKI_13535 CPBP family intramembrane metalloprotease,Unmatched,0,0,0
FPMLKI_13540 ATP-dependent Clp protease adapter ClpS,Unmatched,0,0,0
FPMLKI_13545 hypothetical protein,Unmatched,0,0,0
FPMLKI_13550 fibrillin,Unmatched,0,0,0
FPMLKI_13555 hypothetical protein,Unmatched,0,0,0
FPMLKI_13560 RIP metalloprotease RseP,Unmatched,0,0,0
FPMLKI_13565 endonuclease III,Unmatched,0,0,0
FPMLKI_13570 rhomboid family intramembrane serine protease,Unmatched,0,0,0
FPMLKI_13575 antibiotic biosynthesis monooxygenase,Unmatched,0,0,0
FPMLKI_13580 NADPH-dependent FMN reductase,Unmatched,0,0,0
FPMLKI_13585 dihydroneopterin aldolase,Unmatched,0,0,0
FPMLKI_13590 glycosyltransferase,Unmatched,0,0,0
"FPMLKI_13595 GDP-mannose 4,6-dehydratase",Unmatched,0,0,0
FPMLKI_13600 glycosyl transferase group 1 family protein,Unmatched,0,0,0
FPMLKI_13605 glycosyltransferase,Unmatched,0,0,0
FPMLKI_13610 phycobiliprotein lyase,Unmatched,0,0,0
FPMLKI_13615 heavy metal-responsive transcriptional regulator,Unmatched,0,0,0
FPMLKI_13620 hypothetical protein,Unmatched,0,0,0
FPMLKI_13625 HTH merR-type domain-containing protein,Unmatched,0,0,0
FPMLKI_13630 methionine adenosyltransferase,Unmatched,0,0,0
FPMLKI_13635 Cyanobacterial functional RNA 1,Unmatched,0,0,0
FPMLKI_13640 DNA helicase PcrA,Unmatched,0,0,0
FPMLKI_13645 CAAD domain-containing protein,Unmatched,0,0,0
FPMLKI_13650 PIN domain nuclease,Unmatched,0,0,0
FPMLKI_13655 prevent-host-death protein,Unmatched,0,0,0
FPMLKI_13660 DUF1902 domain-containing protein,Unmatched,0,0,0
FPMLKI_13665 hypothetical protein,Unmatched,0,0,0
FPMLKI_13670 sporulation protein,Unmatched,0,0,0
FPMLKI_13675 3-hydroxyacyl-ACP dehydratase FabZ,Unmatched,0,0,0
FPMLKI_13680 TspO/MBR family,Unmatched,0,0,0
FPMLKI_13685 VOC family protein,Unmatched,0,0,0
FPMLKI_13690 Transglutaminase-like superfamily,Unmatched,0,0,0
FPMLKI_13695 serine/threonine protein phosphatase,Unmatched,0,0,0
FPMLKI_13700 N-acetylglucosamine-6-phosphate deacetylase,Unmatched,0,0,0
FPMLKI_13705 hypothetical protein,Unmatched,0,0,0
FPMLKI_13710 aldo/keto reductase,Unmatched,0,0,0
FPMLKI_13715 hypothetical protein,Unmatched,0,0,0
FPMLKI_13720 5-formyltetrahydrofolate cyclo-ligase,Unmatched,0,0,0
FPMLKI_13725 glutaredoxin 3,Unmatched,0,0,0
FPMLKI_13730 tRNA adenosine(34) deaminase TadA,Unmatched,0,0,0
FPMLKI_13735 DNA methylase,Unmatched,0,0,0
FPMLKI_13740 hypothetical protein,Unmatched,0,0,0
FPMLKI_13745 ATP-binding protein,Unmatched,0,0,0
FPMLKI_13750 DUF488 domain-containing protein,Unmatched,0,0,0
FPMLKI_13755 hypothetical protein,Unmatched,0,0,0
FPMLKI_13760 segregation/condensation protein A,Unmatched,0,0,0
FPMLKI_13765 pyridoxamine 5'-phosphate oxidase,Unmatched,0,0,0
FPMLKI_13770 Trypco2 domain-containing protein,Unmatched,0,0,0
FPMLKI_13775 Peptidase domain protein,Unmatched,0,0,0
FPMLKI_13780 hypothetical protein,Unmatched,0,0,0
FPMLKI_13785 RNB domain-containing ribonuclease,Unmatched,0,0,0
FPMLKI_13790 Uncharacterised protein family (UPF0175),Unmatched,0,0,0
FPMLKI_13795 Similar to tr|Q55985|Q55985,Unmatched,0,0,0
FPMLKI_13800 D-alanyl-D-alanine carboxypeptidase,Unmatched,0,0,0
FPMLKI_13805 ARC6-like-IMS domain-containing protein,Unmatched,0,0,0
FPMLKI_13810 FHA domain-containing protein,Unmatched,0,0,0
FPMLKI_13815 hypothetical protein,Unmatched,0,0,0
FPMLKI_13820 AI-2E family transporter,Unmatched,0,0,0
FPMLKI_13825 Nitrogen stress-induced RNA 4,Unmatched,0,0,0
FPMLKI_13830 inorganic pyrophosphatase,Unmatched,0,0,0
FPMLKI_13835 acetylmannosamine-6-phosphate 2-epimerase,Unmatched,0,0,0
FPMLKI_13840 oxidoreductase,Unmatched,0,0,0
FPMLKI_13845 hydantoinase,Unmatched,0,0,0
FPMLKI_13850 chorismate lyase,Unmatched,0,0,0
FPMLKI_13855 glutathione S-transferase,Unmatched,0,0,0
FPMLKI_13860 glutathione S-transferase,Unmatched,0,0,0
FPMLKI_13865 signal peptidase I,Unmatched,0,0,0
FPMLKI_13870 circadian clock protein KaiB,Unmatched,0,0,0
FPMLKI_13875 response regulator,Unmatched,0,0,0
FPMLKI_13880 phosphatase,Unmatched,0,0,0
FPMLKI_13885 PemK family transcriptional regulator,Unmatched,0,0,0
FPMLKI_13890 hypothetical protein,Unmatched,0,0,0
FPMLKI_13895 hypothetical protein,Unmatched,0,0,0
FPMLKI_13900 ethanolamine utilization microcompartment protein EutM,Unmatched,0,0,0
FPMLKI_13905 RuBisCO accumulation factor 1,Unmatched,0,0,0
FPMLKI_13910 polysaccharide pyruvyl transferase CsaB,Unmatched,0,0,0
FPMLKI_13915 hypothetical protein,Unmatched,0,0,0
FPMLKI_13920 sporulation protein SpoIID,Unmatched,0,0,0
FPMLKI_13925 restriction endonuclease subunit R,Unmatched,0,0,0
FPMLKI_13930 hypothetical protein,Unmatched,0,0,0
FPMLKI_13935 DUF29 domain-containing protein,Unmatched,0,0,0
FPMLKI_13940 hypothetical protein,Unmatched,0,0,0
FPMLKI_13945 hypothetical protein,Unmatched,0,0,0
FPMLKI_13970 tRNA-Ser(gct),Unmatched,0,0,0
FPMLKI_13975 ABC transporter,Unmatched,0,0,0
FPMLKI_13980 ABC transporter permease DevC,Unmatched,0,0,0
FPMLKI_13985 HlyD family secretion protein,Unmatched,0,0,0
FPMLKI_13990 TetR family transcriptional regulator,Unmatched,0,0,0
FPMLKI_14000 peptidase C69,Unmatched,0,0,0
FPMLKI_14005 hypothetical protein,Unmatched,0,0,0
FPMLKI_14010 magnesium chelatase ATPase subunit D,Unmatched,0,0,0
FPMLKI_14015 hypothetical protein,Unmatched,0,0,0
FPMLKI_14020 hypothetical protein,Unmatched,0,0,0
FPMLKI_14025 DUF1824 domain-containing protein,Unmatched,0,0,0
FPMLKI_14030 2-C-methyl-D-erythritol 4-phosphate cytidylyltransferase,Unmatched,0,0,0
FPMLKI_14035 glycosyltransferase,Unmatched,0,0,0
FPMLKI_14040 HicB-like domain-containing protein,Unmatched,0,0,0
"FPMLKI_14045 1,4-dihydroxy-2-naphthoyl-CoA synthase",Unmatched,0,0,0
FPMLKI_14050 RNA-binding protein,Unmatched,0,0,0
FPMLKI_14055 hypothetical protein,Unmatched,0,0,0
FPMLKI_14060 glycosyltransferase family 1 protein,Unmatched,0,0,0
FPMLKI_14065 methyltransferase,Unmatched,0,0,0
FPMLKI_14070 DedA family protein,Unmatched,0,0,0
FPMLKI_14075 pentapeptide repeat-containing protein,Unmatched,0,0,0
FPMLKI_14080 peptide ABC transporter substrate-binding protein,Unmatched,0,0,0
FPMLKI_14085 hypothetical protein,Unmatched,0,0,0
FPMLKI_14090 acetolactate synthase small subunit,Unmatched,0,0,0
FPMLKI_14095 tRNA dihydrouridine(20/20a) synthase DusA,Unmatched,0,0,0
FPMLKI_14100 DUF362 domain-containing protein,Unmatched,0,0,0
FPMLKI_14105 (2Fe-2S)-binding protein,Unmatched,0,0,0
FPMLKI_14110 DUF1997 domain-containing protein,Unmatched,0,0,0
FPMLKI_14115 Similar to tr|Q8YKM7|Q8YKM7,Unmatched,0,0,0
FPMLKI_14120 hypothetical protein,Unmatched,0,0,0
FPMLKI_14125 hypothetical protein,Unmatched,0,0,0
FPMLKI_14130 response regulator,Unmatched,0,0,0
FPMLKI_14135 GAF domain-containing protein,Unmatched,0,0,0
FPMLKI_14140 Response regulator transcription factor,Unmatched,0,0,0
FPMLKI_14145 hypothetical protein,Unmatched,0,0,0
FPMLKI_14150 5-oxoprolinase,Unmatched,0,0,0
FPMLKI_14155 tRNA (adenosine(37)-N6)-threonylcarbamoyltransferase complex transferase subunit TsaD,Unmatched,0,0,0
FPMLKI_14160 tRNA pseudouridine(55) synthase TruB,Unmatched,0,0,0
FPMLKI_14165 cobaltochelatase,Unmatched,0,0,0
FPMLKI_14170 histidinol-phosphate transaminase,Unmatched,0,0,0
FPMLKI_14175 (E)-4-hydroxy-3-methylbut-2-enyl-diphosphate synthase,Unmatched,0,0,0
FPMLKI_14180 alpha/beta hydrolase,Unmatched,0,0,0
FPMLKI_14185 TIGR04376 family protein,Unmatched,0,0,0
FPMLKI_14190 lysine--tRNA ligase,Unmatched,0,0,0
FPMLKI_14195 calcium-binding protein,Unmatched,0,0,0
FPMLKI_14200 PEP-CTERM domain-containing protein,Unmatched,0,0,0
FPMLKI_14205 Shikimate dehydrogenase,Unmatched,0,0,0
FPMLKI_14210 PIN domain-containing protein,Unmatched,0,0,0
FPMLKI_14215 hypothetical protein,Unmatched,0,0,0
"FPMLKI_14220 HicA toxin of bacterial toxin-antitoxin,",Unmatched,0,0,0
FPMLKI_14225 HicB family protein,Unmatched,0,0,0
FPMLKI_14230 50S ribosomal protein L11 methyltransferase,Unmatched,0,0,0
FPMLKI_14235 phosphoglycerate dehydrogenase,Unmatched,0,0,0
FPMLKI_14240 glycosyl transferase family 2,Unmatched,0,0,0
FPMLKI_14245 biosynthetic-type acetolactate synthase large subunit,Unmatched,0,0,0
FPMLKI_14250 carbonate dehydratase,Unmatched,0,0,0
FPMLKI_14255 dihydroorotase,Unmatched,0,0,0
FPMLKI_14260 hypothetical protein,Unmatched,0,0,0
FPMLKI_14265 photosystem II S4 domain protein,Unmatched,0,0,0
FPMLKI_14270 DNA phosphorothioation-associated methyltransferase,Unmatched,0,0,0
FPMLKI_14275 Putative restriction endonuclease,Unmatched,0,0,0
FPMLKI_14280 dolichyl-phosphate-mannose--protein O-mannosyl transferase,Unmatched,0,0,0
FPMLKI_14285 tryptophan--tRNA ligase,Unmatched,0,0,0
FPMLKI_14290 site-specific DNA-methyltransferase,Unmatched,0,0,0
FPMLKI_14295 ScaI family restriction endonuclease,Unmatched,0,0,0
FPMLKI_14300 ssl1498 family light-harvesting-like protein,Unmatched,0,0,0
FPMLKI_14305 Mom72 protein,Unmatched,0,0,0
FPMLKI_14310 photosystem II oxygen evolving complex protein PsbP,Unmatched,0,0,0
FPMLKI_14315 hypothetical protein,Unmatched,0,0,0
FPMLKI_14320 hypothetical protein,Unmatched,0,0,0
FPMLKI_14325 Nucleoside triphosphate pyrophosphatase,Unmatched,0,0,0
FPMLKI_14330 urease accessory protein UreG,Unmatched,0,0,0
FPMLKI_14335 hypothetical protein,Unmatched,0,0,0
FPMLKI_14340 DUF4351 domain-containing protein,Unmatched,0,0,0
FPMLKI_14345 Putative restriction endonuclease,Unmatched,0,0,0
FPMLKI_14350 WD40 repeat domain-containing protein,Unmatched,0,0,0
FPMLKI_14355 DUF5678 domain-containing protein,Unmatched,0,0,0
FPMLKI_14360 DUF29 family protein,Unmatched,0,0,0
FPMLKI_14365 DUF642 domain-containing protein,Unmatched,0,0,0
FPMLKI_14370 hypothetical protein,Unmatched,0,0,0
FPMLKI_14375 DUF5615 domain-containing protein,Unmatched,0,0,0
FPMLKI_14380 MCE family protein,Unmatched,0,0,0
FPMLKI_14385 ABC transporter ATP-binding protein,Unmatched,0,0,0
FPMLKI_14390 iron-regulated protein,Unmatched,0,0,0
FPMLKI_14395 DUF3226 domain-containing protein,Unmatched,0,0,0
FPMLKI_14400 ATPase,Unmatched,0,0,0
FPMLKI_14405 phenylalanine--tRNA ligase subunit beta,Unmatched,0,0,0
FPMLKI_14410 ATPase,Unmatched,0,0,0
FPMLKI_14415 hypothetical protein,Unmatched,0,0,0
FPMLKI_14420 50S ribosome-binding GTPase,Unmatched,0,0,0
FPMLKI_14425 50S ribosome-binding GTPase,Unmatched,0,0,0
FPMLKI_14430 hypothetical protein,Unmatched,0,0,0
FPMLKI_14435 hypothetical protein,Unmatched,0,0,0
FPMLKI_14440 hypothetical protein,Unmatched,0,0,0
FPMLKI_14445 hypothetical protein,Unmatched,0,0,0
FPMLKI_14450 DUF5615 domain-containing protein,Unmatched,0,0,0
FPMLKI_14455 hypothetical protein,Unmatched,0,0,0
FPMLKI_14460 Uncharacterised protein family (UPF0175),Unmatched,0,0,0
"FPMLKI_14465 putative nucleic acid-binding protein, contains PIN domain",Unmatched,0,0,0
FPMLKI_14470 Similarity,Unmatched,0,0,0
FPMLKI_14475 PINc domain-containing protein,Unmatched,0,0,0
FPMLKI_14480 Gsr2395 protein,Unmatched,0,0,0
FPMLKI_14485 DUF5615 domain-containing protein,Unmatched,0,0,0
FPMLKI_14490 hypothetical protein,Unmatched,0,0,0
FPMLKI_14495 hypothetical protein,Unmatched,0,0,0
FPMLKI_14500 phosphoketolase,Unmatched,0,0,0
FPMLKI_14505 type I glyceraldehyde-3-phosphate dehydrogenase,Unmatched,0,0,0
FPMLKI_14510 hypothetical protein,Unmatched,0,0,0
FPMLKI_14515 folate-binding protein YgfZ,Unmatched,0,0,0
FPMLKI_14520 Putative methylase/helicase,Unmatched,0,0,0
FPMLKI_14525 Toprim domain-containing protein,Unmatched,0,0,0
FPMLKI_14530 hypothetical protein,Unmatched,0,0,0
FPMLKI_14535 DUF736 domain-containing protein,Unmatched,0,0,0
FPMLKI_14540 RepA,Unmatched,0,0,0
FPMLKI_14545 hypothetical protein,Unmatched,0,0,0
FPMLKI_14550 Replication initiation protein RepC,Unmatched,0,0,0
FPMLKI_14555 Hemin import ATP-binding protein HmuV,Unmatched,0,0,0
FPMLKI_14560 Iron-dicitrate transporter subunit membrane component of ABC superfamily KpLE2 phage-like element,Unmatched,0,0,0
FPMLKI_14565 Fe/B12 periplasmic-binding domain-containing protein,Unmatched,0,0,0
FPMLKI_14570 tRNA (N6-threonylcarbamoyladenosine(37)-N6)-methyltransferase TrmO,Unmatched,0,0,0
FPMLKI_14575 Molybdopterin-binding protein,Unmatched,0,0,0
FPMLKI_14580 ABC transporter substrate-binding protein,Unmatched,0,0,0
FPMLKI_14585 hypothetical protein,Unmatched,0,0,0
FPMLKI_14590 hypothetical protein,Unmatched,0,0,0
"FPMLKI_14595 DNA binding domain-containing protein, excisionase family",Unmatched,0,0,0
FPMLKI_14600 hypothetical protein,Unmatched,0,0,0
FPMLKI_14605 Molybdopterin molybdenumtransferase,Unmatched,0,0,0
FPMLKI_14610 hypothetical protein,Unmatched,0,0,0
FPMLKI_14615 hypothetical protein,Unmatched,0,0,0
FPMLKI_14620 hypothetical protein,Unmatched,0,0,0
FPMLKI_14625 hypothetical protein,Unmatched,0,0,0
FPMLKI_14630 Iron siderophore ABC transporter substrate-binding protein,Unmatched,0,0,0
FPMLKI_14635 hypothetical protein,Unmatched,0,0,0
FPMLKI_14640 ABC transporter,Unmatched,0,0,0
FPMLKI_14645 Integrase,Unmatched,0,0,0
FPMLKI_14650 Ferric uptake regulation protein,Unmatched,0,0,0
FPMLKI_14655 CobW C-terminal domain-containing protein,Unmatched,0,0,0
FPMLKI_14660 DUF1636 domain-containing protein,Unmatched,0,0,0
FPMLKI_14665 SBP-bac-5 domain-containing protein,Unmatched,0,0,0
FPMLKI_14670 hypothetical protein,Unmatched,0,0,0
FPMLKI_14675 ABC transmembrane type-1 domain-containing protein,Unmatched,0,0,0
FPMLKI_14680 ABC transmembrane type-1 domain-containing protein,Unmatched,0,0,0
FPMLKI_14685 hypothetical protein,Unmatched,0,0,0
FPMLKI_14690 hypothetical protein,Unmatched,0,0,0
FPMLKI_14695 Antitoxin,Unmatched,0,0,0
FPMLKI_14700 Ribonuclease VapC,Unmatched,0,0,0
FPMLKI_14705 HTH cro/C1-type domain-containing protein,Unmatched,0,0,0
FPMLKI_14710 Toxin higB-1,Unmatched,0,0,0
FPMLKI_14715 putative nucleotidyltransferase component of viral defense system,Unmatched,0,0,0
FPMLKI_14720 Putative AbiEi antitoxin of type IV toxin-antitoxin system,Unmatched,0,0,0
FPMLKI_14725 hypothetical protein,Unmatched,0,0,0
FPMLKI_14730 hypothetical protein,Unmatched,0,0,0
FPMLKI_14735 Homeodomain-like domain-containing protein,Unmatched,0,0,0
FPMLKI_14740 DUF1232 domain-containing protein,Unmatched,0,0,0
FPMLKI_14745 Cyclopentanol dehydrogenase,Unmatched,0,0,0
FPMLKI_14750 Alginate export family protein,Unmatched,0,0,0
FPMLKI_14755 hypothetical protein,Unmatched,0,0,0
FPMLKI_14760 IS5 family transposase,Unmatched,0,0,0
FPMLKI_14765 Integrase catalytic domain-containing protein,Unmatched,0,0,0
FPMLKI_14770 hypothetical protein,Unmatched,0,0,0
FPMLKI_14775 glycosyl transferase,Unmatched,0,0,0
FPMLKI_14780 bifunctional sterol desaturase/short chain dehydrogenase,Unmatched,0,0,0
FPMLKI_14785 zinc-binding alcohol dehydrogenase,Unmatched,0,0,0
FPMLKI_14790 hypothetical protein,Unmatched,0,0,0
FPMLKI_14795 universal stress protein,Unmatched,0,0,0
FPMLKI_14800 competence protein,Unmatched,0,0,0
FPMLKI_14805 signal peptide peptidase SppA,Unmatched,0,0,0
FPMLKI_14810 hypothetical protein,Unmatched,0,0,0
FPMLKI_14815 GTPase ObgE,Unmatched,0,0,0
FPMLKI_14820 RNA-binding protein,Unmatched,0,0,0
FPMLKI_14825 30S ribosomal protein S16,Unmatched,0,0,0
"FPMLKI_14830 dTDP-glucose 4,6-dehydratase",Unmatched,0,0,0
FPMLKI_14835 cation-efflux pump,Unmatched,0,0,0
FPMLKI_14840 phosphoribosylformylglycinamidine synthase subunit PurQ,Unmatched,0,0,0
FPMLKI_14845 phosphoribosylformylglycinamidine synthase subunit PurS,Unmatched,0,0,0
FPMLKI_14850 transcriptional repressor,Unmatched,0,0,0
"FPMLKI_14855 acetyl-CoA carboxylase, carboxyltransferase subunit beta",Unmatched,0,0,0
FPMLKI_14860 hypothetical protein,Unmatched,0,0,0
FPMLKI_14865 prepilin peptidase,Unmatched,0,0,0
FPMLKI_14870 DUF1232 domain-containing protein,Unmatched,0,0,0
FPMLKI_14875 phosphoribosyltransferase,Unmatched,0,0,0
FPMLKI_14880 DUF4079 domain-containing protein,Unmatched,0,0,0
FPMLKI_14885 Nitrogen regulatory protein P-II,Unmatched,0,0,0
FPMLKI_14890 50S ribosomal protein L3,Unmatched,0,0,0
FPMLKI_14895 50S ribosomal protein L4,Unmatched,0,0,0
FPMLKI_14900 50S ribosomal protein L23,Unmatched,0,0,0
FPMLKI_14905 50S ribosomal protein L2,Unmatched,0,0,0
FPMLKI_14910 30S ribosomal protein S19,Unmatched,0,0,0
FPMLKI_14915 50S ribosomal protein L22,Unmatched,0,0,0
FPMLKI_14920 30S ribosomal protein S3,Unmatched,0,0,0
FPMLKI_14925 50S ribosomal protein L16,Unmatched,0,0,0
FPMLKI_14930 50S ribosomal protein L29,Unmatched,0,0,0
FPMLKI_14935 30S ribosomal protein S17,Unmatched,0,0,0
FPMLKI_14940 50S ribosomal protein L14,Unmatched,0,0,0
FPMLKI_14945 50S ribosomal protein L24,Unmatched,0,0,0
FPMLKI_14950 50S ribosomal protein L5,Unmatched,0,0,0
FPMLKI_14955 30S ribosomal protein S8,Unmatched,0,0,0
FPMLKI_14960 50S ribosomal protein L6,Unmatched,0,0,0
FPMLKI_14965 50S ribosomal protein L18,Unmatched,0,0,0
FPMLKI_14970 30S ribosomal protein S5,Unmatched,0,0,0
FPMLKI_14975 50S ribosomal protein L15,Unmatched,0,0,0
FPMLKI_14980 preprotein translocase subunit SecY,Unmatched,0,0,0
FPMLKI_14985 adenylate kinase,Unmatched,0,0,0
FPMLKI_14990 glutamine--fructose-6-phosphate transaminase (isomerizing),Unmatched,0,0,0
"FPMLKI_14995 type II toxin-antitoxin system mRNA interferase toxin, RelE/StbE family",Unmatched,0,0,0
FPMLKI_15000 hypothetical protein,Unmatched,0,0,0
FPMLKI_15005 Site-specific DNA-methyltransferase (adenine-specific),Unmatched,0,0,0
FPMLKI_15010 nucleotidyltransferase,Unmatched,0,0,0
FPMLKI_15015 Restriction modification system DNA specificity domain,Unmatched,0,0,0
FPMLKI_15020 heavy metal transporter,Unmatched,0,0,0
FPMLKI_15025 magnesium chelatase subunit H,Unmatched,0,0,0
FPMLKI_15030 flavin reductase family protein,Unmatched,0,0,0
FPMLKI_15035 Uncharacterised protein family (UPF0175),Unmatched,0,0,0
FPMLKI_15040 DUF3368 domain-containing protein,Unmatched,0,0,0
FPMLKI_15045 Beta-lactamase2 domain-containing protein,Unmatched,0,0,0
FPMLKI_15050 4-phosphopantetheinyl transferase,Unmatched,0,0,0
FPMLKI_15055 glycosyl transferase,Unmatched,0,0,0
FPMLKI_15060 ATP-dependent Clp protease adapter ClpS,Unmatched,0,0,0
FPMLKI_15065 metal-binding protein,Unmatched,0,0,0
FPMLKI_15070 low-complexity protein,Unmatched,0,0,0
FPMLKI_15075 Uncharacterised protein family (UPF0175),Unmatched,0,0,0
FPMLKI_15080 hypothetical protein,Unmatched,0,0,0
FPMLKI_15085 N(1)-aminopropylagmatine ureohydrolase,Unmatched,0,0,0
FPMLKI_15090 PIN-10 domain-containing protein,Unmatched,0,0,0
FPMLKI_15095 hypothetical protein,Unmatched,0,0,0
FPMLKI_15100 type II toxin-antitoxin system prevent-host-death family antitoxin,Unmatched,0,0,0
FPMLKI_15105 PIN domain nuclease,Unmatched,0,0,0
FPMLKI_15110 DNA-sulfur modification-associated,Unmatched,0,0,0
FPMLKI_15115 GIY-YIG nuclease family protein,Unmatched,0,0,0
FPMLKI_15120 hypothetical protein,Unmatched,0,0,0
FPMLKI_15125 lipoxygenase,Unmatched,0,0,0
FPMLKI_15130 DUF86 domain-containing protein,Unmatched,0,0,0
FPMLKI_15135 nucleotidyltransferase,Unmatched,0,0,0
FPMLKI_15140 ATPase,Unmatched,0,0,0
FPMLKI_15145 hypothetical protein,Unmatched,0,0,0
FPMLKI_15150 integron cassette protein,Unmatched,0,0,0
FPMLKI_15165 uroporphyrin-III methyltransferase,Unmatched,0,0,0
FPMLKI_15170 Uncharacterized protein sll1880 (YjbQ family),Unmatched,0,0,0
FPMLKI_15175 Photosystem I reaction center subunit III,Unmatched,0,0,0
FPMLKI_15180 photosystem I reaction center subunit IX,Unmatched,0,0,0
FPMLKI_15185 carboxylate-amine ligase,Unmatched,0,0,0
FPMLKI_15190 transposase,Unmatched,0,0,0
FPMLKI_15195 DUF3148 domain-containing protein,Unmatched,0,0,0
FPMLKI_15200 PEP-CTERM sorting domain-containing protein,Unmatched,0,0,0
FPMLKI_15205 hypothetical protein,Unmatched,0,0,0
FPMLKI_15210 PINc domain-containing protein,Unmatched,0,0,0
FPMLKI_15215 amino acid ABC transporter substrate-binding protein,Unmatched,0,0,0
FPMLKI_15220 hypothetical protein,Unmatched,0,0,0
FPMLKI_15225 TenA family transcriptional regulator,Unmatched,0,0,0
FPMLKI_15230 DUF2605 domain-containing protein,Unmatched,0,0,0
FPMLKI_15235 DUF2973 domain-containing protein,Unmatched,0,0,0
FPMLKI_15240 esterase,Unmatched,0,0,0
FPMLKI_15245 RNA helicase,Unmatched,0,0,0
FPMLKI_15250 GxxExxY protein,Unmatched,0,0,0
FPMLKI_15255 hypothetical protein,Unmatched,0,0,0
FPMLKI_15260 PIN domain nuclease,Unmatched,0,0,0
FPMLKI_15265 Adenine-specific DNA methylase,Unmatched,0,0,0
FPMLKI_15270 AAA+ family ATPase,Unmatched,0,0,0
FPMLKI_15275 hypothetical protein,Unmatched,0,0,0
FPMLKI_15280 Similar to tr|Q8YLY9|Q8YLY9,Unmatched,0,0,0
FPMLKI_15285 photosystem I core protein PsaA,Unmatched,0,0,0
FPMLKI_15290 photosystem I core protein PsaB,Unmatched,0,0,0
FPMLKI_15295 Phosphomannomutase,Unmatched,0,0,0
FPMLKI_15300 hypothetical protein,Unmatched,0,0,0
FPMLKI_15305 Uma2 domain-containing protein,Unmatched,0,0,0
FPMLKI_15310 bicarbonate-binding protein,Unmatched,0,0,0
FPMLKI_15315 nitrate ABC transporter permease,Unmatched,0,0,0
FPMLKI_15320 bacitracin ABC transporter ATP-binding protein,Unmatched,0,0,0
FPMLKI_15325 bacitracin ABC transporter ATP-binding protein,Unmatched,0,0,0
FPMLKI_15330 DUF2301 domain-containing protein,Unmatched,0,0,0
FPMLKI_15335 glycine oxidase ThiO,Unmatched,0,0,0
FPMLKI_15340 class I SAM-dependent methyltransferase,Unmatched,0,0,0
FPMLKI_15345 transporter,Unmatched,0,0,0
FPMLKI_15350 gamma-glutamyltransferase,Unmatched,0,0,0
FPMLKI_15355 UDP-3-O-(3-hydroxymyristoyl)glucosamine N-acyltransferase,Unmatched,0,0,0
FPMLKI_15360 PEP-CTERM sorting domain-containing protein,Unmatched,0,0,0
FPMLKI_15365 lysozyme,Unmatched,0,0,0
FPMLKI_15370 3-oxoacyl-ACP reductase FabG,Unmatched,0,0,0
FPMLKI_15375 glycerol-3-phosphate 1-O-acyltransferase PlsY,Unmatched,0,0,0
FPMLKI_15380 sugar transferase,Unmatched,0,0,0
FPMLKI_15385 hypothetical protein,Unmatched,0,0,0
FPMLKI_15390 tRNA-Glu(ttc),Unmatched,0,0,0
FPMLKI_15395 two-component sensor histidine kinase,Unmatched,0,0,0
FPMLKI_15400 EVE domain-containing protein,Unmatched,0,0,0
FPMLKI_15405 primosomal protein,Unmatched,0,0,0
FPMLKI_15410 tRNA-Gly(ccc),Unmatched,0,0,0
FPMLKI_15415 hypothetical protein,Unmatched,0,0,0
FPMLKI_15420 hypothetical protein,Unmatched,0,0,0
FPMLKI_15425 VapC toxin family PIN domain ribonuclease,Unmatched,0,0,0
FPMLKI_15430 antitoxin VapB,Unmatched,0,0,0
FPMLKI_15440 nicotinate-nucleotide adenylyltransferase,Unmatched,0,0,0
FPMLKI_15445 NUDIX hydrolase,Unmatched,0,0,0
FPMLKI_15450 NAD+ synthase,Unmatched,0,0,0
FPMLKI_15455 DUF627 domain-containing protein,Unmatched,0,0,0
FPMLKI_15460 Death on curing protein Doc toxin,Unmatched,0,0,0
FPMLKI_15465 AbrB/MazE/SpoVT family DNA-binding domain-containing protein,Unmatched,0,0,0
FPMLKI_15470 DUF2283 domain-containing protein,Unmatched,0,0,0
FPMLKI_15475 hypothetical protein,Unmatched,0,0,0
FPMLKI_15480 hypothetical protein,Unmatched,0,0,0
FPMLKI_15485 hypothetical protein,Unmatched,0,0,0
FPMLKI_15490 hypothetical protein,Unmatched,0,0,0
FPMLKI_15495 hypothetical protein,Unmatched,0,0,0
FPMLKI_15500 DUF751 domain-containing protein,Unmatched,0,0,0
FPMLKI_15505 carbohydrate-binding protein,Unmatched,0,0,0
FPMLKI_15510 DUF751 domain-containing protein,Unmatched,0,0,0
FPMLKI_15515 30S ribosome-binding factor RbfA,Unmatched,0,0,0
FPMLKI_15520 beta-glucosidase,Unmatched,0,0,0
FPMLKI_15525 hypothetical protein,Unmatched,0,0,0
FPMLKI_15530 tRNA (adenosine(37)-N6)-threonylcarbamoyltransferase complex ATPase subunit type 1 TsaE,Unmatched,0,0,0
FPMLKI_15535 hypothetical protein,Unmatched,0,0,0
FPMLKI_15540 DNA (cytosine-5-)-methyltransferase,Unmatched,0,0,0
FPMLKI_15545 IS200/IS605 family transposase,Unmatched,0,0,0
FPMLKI_15550 hypothetical protein,Unmatched,0,0,0
FPMLKI_15555 hypothetical protein,Unmatched,0,0,0
FPMLKI_15560 VapC toxin family PIN domain ribonuclease,Unmatched,0,0,0
FPMLKI_15565 hypothetical protein,Unmatched,0,0,0
FPMLKI_15570 hypothetical protein,Unmatched,0,0,0
FPMLKI_15575 VapC toxin family PIN domain ribonuclease,Unmatched,0,0,0
FPMLKI_15580 mercuric reductase,Unmatched,0,0,0
FPMLKI_15585 Transposase,Unmatched,0,0,0
FPMLKI_15590 DUF565 domain-containing protein,Unmatched,0,0,0
FPMLKI_15595 DUF3611 domain-containing protein,Unmatched,0,0,0
FPMLKI_15600 molecular chaperone DnaJ,Unmatched,0,0,0
FPMLKI_15610 photosystem II cytochrome c-550,Unmatched,0,0,0
FPMLKI_15615 translation initiation factor IF-2,Unmatched,0,0,0
FPMLKI_15620 Putative regulatory protein MAE_11840,Unmatched,0,0,0
FPMLKI_15625 guanylate kinase,Unmatched,0,0,0
FPMLKI_15635 hypothetical protein,Unmatched,0,0,0
FPMLKI_15640 tRNA guanosine(34) transglycosylase Tgt,Unmatched,0,0,0
FPMLKI_15645 photosystem II reaction center protein K,Unmatched,0,0,0
FPMLKI_15650 Low-complexity protein,Unmatched,0,0,0
FPMLKI_15655 transcriptional regulator,Unmatched,0,0,0
FPMLKI_15660 Asp-tRNA(Asn)/Glu-tRNA(Gln) amidotransferase subunit GatA,Unmatched,0,0,0
FPMLKI_15665 hypothetical protein,Unmatched,0,0,0
FPMLKI_15670 serine/threonine protein kinase,Unmatched,0,0,0
FPMLKI_15675 small ribosomal subunit biogenesis GTPase RsgA,Unmatched,0,0,0
FPMLKI_15680 sulfurtransferase TusA family protein,Unmatched,0,0,0
FPMLKI_15685 molecular chaperone DnaJ,Unmatched,0,0,0
FPMLKI_15690 molecular chaperone DnaK,Unmatched,0,0,0
FPMLKI_15695 hypothetical protein,Unmatched,0,0,0
FPMLKI_15700 alcohol dehydrogenase,Unmatched,0,0,0
"FPMLKI_15705 Endonuclease, Uma2 family (restriction endonuclease fold)",Unmatched,0,0,0
FPMLKI_15710 Glutamine synthetase inactivating factor IF7,Unmatched,0,0,0
FPMLKI_15715 hypothetical protein,Unmatched,0,0,0
FPMLKI_15720 ATPase-AAA-core domain-containing protein,Unmatched,0,0,0
FPMLKI_15725 AAA-23 domain-containing protein,Unmatched,0,0,0
FPMLKI_15730 UbiD family decarboxylase,Unmatched,0,0,0
FPMLKI_15735 DDE-3 domain-containing protein,Unmatched,0,0,0
FPMLKI_15740 hypothetical protein,Unmatched,0,0,0
FPMLKI_15745 branched-chain alpha-keto acid dehydrogenase subunit E2,Unmatched,0,0,0
FPMLKI_15750 photosystem reaction center subunit H,Unmatched,0,0,0
FPMLKI_15755 DUF29 domain-containing protein,Unmatched,0,0,0
FPMLKI_15760 hypothetical protein,Unmatched,0,0,0
FPMLKI_15765 hypothetical protein,Unmatched,0,0,0
FPMLKI_15770 helix-turn-helix domain-containing protein,Unmatched,0,0,0
FPMLKI_15775 ANAPC4 domain-containing protein,Unmatched,0,0,0
FPMLKI_15780 DUF3110 domain-containing protein,Unmatched,0,0,0
FPMLKI_15785 type II toxin-antitoxin system HicA family toxin,Unmatched,0,0,0
FPMLKI_15790 HicB family protein,Unmatched,0,0,0
FPMLKI_15795 hypothetical protein,Unmatched,0,0,0
FPMLKI_15800 HigA family addiction module antitoxin,Unmatched,0,0,0
FPMLKI_15805 plasmid maintenance system killer,Unmatched,0,0,0
FPMLKI_15810 hypothetical protein,Unmatched,0,0,0
FPMLKI_15815 Argininosuccinate lyase,Unmatched,0,0,0
FPMLKI_15820 hypothetical protein,Unmatched,0,0,0
FPMLKI_15825 DNA-binding protein,Unmatched,0,0,0
FPMLKI_15830 hypothetical protein,Unmatched,0,0,0
FPMLKI_15835 glycogen phosphorylase,Unmatched,0,0,0
FPMLKI_15840 RNA-binding protein,Unmatched,0,0,0
FPMLKI_15845 RNA-binding protein,Unmatched,0,0,0
FPMLKI_15850 DUF3493 domain-containing protein,Unmatched,0,0,0
FPMLKI_15855 tRNA-Thr(cgt),Unmatched,0,0,0
FPMLKI_15860 hypothetical protein,Unmatched,0,0,0
FPMLKI_15865 Cytoplasmic protein,Unmatched,0,0,0
FPMLKI_15870 hypothetical protein,Unmatched,0,0,0
FPMLKI_15875 hypothetical protein,Unmatched,0,0,0
FPMLKI_15880 hypothetical protein,Unmatched,0,0,0
FPMLKI_15885 GDP-fucose synthetase,Unmatched,0,0,0
FPMLKI_15890 hypothetical protein,Unmatched,0,0,0
FPMLKI_15895 hypothetical protein,Unmatched,0,0,0
FPMLKI_15900 Methyltransferase domain-containing protein,Unmatched,0,0,0
FPMLKI_15905 Chromosome partition protein Smc,Unmatched,0,0,0
FPMLKI_15910 DUF2357 domain-containing protein,Unmatched,0,0,0
FPMLKI_15915 hypothetical protein,Unmatched,0,0,0
FPMLKI_15920 PLD phosphodiesterase domain-containing protein,Unmatched,0,0,0
FPMLKI_15925 hypothetical protein,Unmatched,0,0,0
FPMLKI_15930 ATP-binding protein,Unmatched,0,0,0
FPMLKI_15935 twin-arginine translocase subunit TatC,Unmatched,0,0,0
FPMLKI_15940 hypothetical protein,Unmatched,0,0,0
FPMLKI_15945 photosystem II chlorophyll-binding protein CP47,Unmatched,0,0,0
FPMLKI_15950 DUF4277 domain-containing protein,Unmatched,0,0,0
FPMLKI_15955 IS1634 family transposase,Unmatched,0,0,0
FPMLKI_15960 Prepilin-type N-terminal cleavage/methylation domain protein,Unmatched,0,0,0
FPMLKI_15965 anthranilate synthase component I,Unmatched,0,0,0
FPMLKI_15970 Photosystem I reaction center subunit II,Unmatched,0,0,0
FPMLKI_15975 iron ABC transporter permease,Unmatched,0,0,0
FPMLKI_15980 Zn-dependent hydrolase,Unmatched,0,0,0
FPMLKI_15985 transposase,Unmatched,0,0,0
FPMLKI_15990 aminodeoxychorismate/anthranilate synthase component II,Unmatched,0,0,0
FPMLKI_15995 Pentapeptide repeat-containing protein,Unmatched,0,0,0
FPMLKI_16000 LytR family transcriptional regulator,Unmatched,0,0,0
"FPMLKI_16005 Cell wall-associated hydrolase, NlpC_P60 family",Unmatched,0,0,0
FPMLKI_16010 cation transporter,Unmatched,0,0,0
FPMLKI_16015 lactoylglutathione lyase,Unmatched,0,0,0
FPMLKI_16020 adenylate cyclase,Unmatched,0,0,0
FPMLKI_16025 transcription antitermination factor NusB,Unmatched,0,0,0
FPMLKI_16030 helicase,Unmatched,0,0,0
FPMLKI_16035 protoporphyrinogen oxidase HemJ,Unmatched,0,0,0
FPMLKI_16040 hypothetical protein,Unmatched,0,0,0
FPMLKI_16045 UDP-N-acetylmuramoyl-tripeptide--D-alanyl-D-alanine ligase,Unmatched,0,0,0
FPMLKI_16050 phosphoribosylamine--glycine ligase,Unmatched,0,0,0
FPMLKI_16055 glycosyltransferase WbuB,Unmatched,0,0,0
FPMLKI_16060 CPBP family intramembrane metalloprotease domain-containing protein,Unmatched,0,0,0
FPMLKI_16065 TPR repeat-containing protein YrrB,Unmatched,0,0,0
FPMLKI_16070 FlgD-ig domain-containing protein,Unmatched,0,0,0
FPMLKI_16075 hypothetical protein,Unmatched,0,0,0
FPMLKI_16080 hypothetical protein,Unmatched,0,0,0
FPMLKI_16085 NAD(P)H-quinone oxidoreductase subunit 5,Unmatched,0,0,0
FPMLKI_16090 hypothetical protein,Unmatched,0,0,0
FPMLKI_16095 hypothetical protein,Unmatched,0,0,0
FPMLKI_16100 Tnp-DDE-dom domain-containing protein,Unmatched,0,0,0
FPMLKI_16105 hypothetical protein,Unmatched,0,0,0
FPMLKI_16110 hypothetical protein,Unmatched,0,0,0
FPMLKI_16115 hypothetical protein,Unmatched,0,0,0
FPMLKI_16120 hypothetical protein,Unmatched,0,0,0
FPMLKI_16125 hypothetical protein,Unmatched,0,0,0
FPMLKI_16130 hypothetical protein,Unmatched,0,0,0
FPMLKI_16135 prevent-host-death protein,Unmatched,0,0,0
FPMLKI_16140 addiction module toxin RelE,Unmatched,0,0,0
FPMLKI_16145 Uncharacterised protein family (UPF0175),Unmatched,0,0,0
FPMLKI_16150 DUF3368 domain-containing protein,Unmatched,0,0,0
FPMLKI_16155 hypothetical protein,Unmatched,0,0,0
FPMLKI_16160 nucleotidyltransferase domain-containing protein,Unmatched,0,0,0
FPMLKI_16165 DNA-binding protein,Unmatched,0,0,0
FPMLKI_16170 TIGR03792 family protein,Unmatched,0,0,0
"FPMLKI_16175 cobyrinic acid a,c-diamide synthase",Unmatched,0,0,0
FPMLKI_16180 metallophosphoesterase,Unmatched,0,0,0
FPMLKI_16185 peptidase C15,Unmatched,0,0,0
FPMLKI_16190 clan AA aspartic protease,Unmatched,0,0,0
FPMLKI_16195 hypothetical protein,Unmatched,0,0,0
FPMLKI_16200 hypothetical protein,Unmatched,0,0,0
FPMLKI_16205 PINc domain-containing protein,Unmatched,0,0,0
FPMLKI_16210 ATP-binding protein,Unmatched,0,0,0
FPMLKI_16215 adenosylcobinamide-GDP ribazoletransferase,Unmatched,0,0,0
FPMLKI_16220 peptidase,Unmatched,0,0,0
FPMLKI_16225 DUF4278 domain-containing protein,Unmatched,0,0,0
FPMLKI_16230 potassium channel protein,Unmatched,0,0,0
FPMLKI_16235 TIGR04168 family protein,Unmatched,0,0,0
FPMLKI_16240 hypothetical protein,Unmatched,0,0,0
FPMLKI_16245 cysteine desulfurase,Unmatched,0,0,0
"FPMLKI_16250 putative NTPase, NACHT family domain",Unmatched,0,0,0
FPMLKI_16255 Pre-peptidase,Unmatched,0,0,0
FPMLKI_16260 hypothetical protein,Unmatched,0,0,0
FPMLKI_16265 Glucokinase,Unmatched,0,0,0
FPMLKI_16270 CRISPR-associated endonuclease Cas2,Unmatched,0,0,0
FPMLKI_16275 CRISPR-associated endonuclease Cas1,Unmatched,0,0,0
FPMLKI_16280 hypothetical protein,Unmatched,0,0,0
FPMLKI_16285 CRISPR-associated protein Cas5,Unmatched,0,0,0
FPMLKI_16290 type I-B CRISPR-associated protein Cas7/Cst2/DevR,Unmatched,0,0,0
FPMLKI_16295 Type I-MYXAN CRISPR-associated Cas8a1/Cmx1,Unmatched,0,0,0
FPMLKI_16300 CRISPR-associated helicase Cas3,Unmatched,0,0,0
FPMLKI_16305 type I-MYXAN CRISPR-associated protein Cas6/Cmx6,Unmatched,0,0,0
FPMLKI_16310 DNA-binding protein,Unmatched,0,0,0
FPMLKI_16315 9-O-acetyl-N-acetylneuraminate esterase,Unmatched,0,0,0
"FPMLKI_16320 Membrane-bound metal-dependent hydrolase YdjM, induced during SOS response",Unmatched,0,0,0
FPMLKI_16325 ATP-binding protein,Unmatched,0,0,0
FPMLKI_16330 hypothetical protein,Unmatched,0,0,0
FPMLKI_16335 hypothetical protein,Unmatched,0,0,0
FPMLKI_16340 Alpha-glucosidase,Unmatched,0,0,0
FPMLKI_16345 hypothetical protein,Unmatched,0,0,0
FPMLKI_16350 IS630 family transposase,Unmatched,0,0,0
FPMLKI_16355 hypothetical protein,Unmatched,0,0,0
FPMLKI_16360 hypothetical protein,Unmatched,0,0,0
FPMLKI_16365 Uncharacterized protein slr1608,Unmatched,0,0,0
FPMLKI_16370 amino acid ABC transporter substrate-binding protein,Unmatched,0,0,0
FPMLKI_16375 rSAM-associated Gly-rich repeat protein,Unmatched,0,0,0
FPMLKI_16380 alkene reductase,Unmatched,0,0,0
FPMLKI_16385 B12-binding domain-containing radical SAM protein,Unmatched,0,0,0
FPMLKI_16390 AAA family ATPase,Unmatched,0,0,0
FPMLKI_16395 arsenic transporter,Unmatched,0,0,0
FPMLKI_16400 gas vesicle protein,Unmatched,0,0,0
FPMLKI_16405 gas vesicle protein,Unmatched,0,0,0
FPMLKI_16410 gas vesicle protein GvpG,Unmatched,0,0,0
FPMLKI_16415 protein gvpF/L,Unmatched,0,0,0
FPMLKI_16420 gas vesicle protein K,Unmatched,0,0,0
FPMLKI_16425 hypothetical protein,Unmatched,0,0,0
FPMLKI_16430 gas vesicle protein,Unmatched,0,0,0
FPMLKI_16435 gas vesicle protein,Unmatched,0,0,0
FPMLKI_16440 gas vesicle protein GvpN,Unmatched,0,0,0
FPMLKI_16445 gas vesicle protein,Unmatched,0,0,0
FPMLKI_16450 Gas vesicle structural protein,Unmatched,0,0,0
FPMLKI_16455 Gas vesicle structural protein,Unmatched,0,0,0
FPMLKI_16460 hypothetical protein,Unmatched,0,0,0
FPMLKI_16465 hypothetical protein,Unmatched,0,0,0
FPMLKI_16470 trans-splicing intein-formed DNA polymerase III subunit alpha C-terminal partner DnaE-C,Unmatched,0,0,0
FPMLKI_16475 Paired domain-containing protein,Unmatched,0,0,0
FPMLKI_16480 putative high light inducible protein,Unmatched,0,0,0
FPMLKI_16485 B12-binding domain-containing radical SAM protein,Unmatched,0,0,0
FPMLKI_16490 Bacterial archaeo-eukaryotic release factor family 3,Unmatched,0,0,0
FPMLKI_16495 molybdenum cofactor biosynthesis protein MoaE,Unmatched,0,0,0
FPMLKI_16500 hypothetical protein,Unmatched,0,0,0
FPMLKI_16505 recombinase family protein,Unmatched,0,0,0
FPMLKI_16510 hypothetical protein,Unmatched,0,0,0
FPMLKI_16515 hypothetical protein,Unmatched,0,0,0
FPMLKI_16520 type IV secretion protein Rhs,Unmatched,0,0,0
FPMLKI_16525 Cache domain-containing protein,Unmatched,0,0,0
FPMLKI_16530 MAP3K-TRAF-bd domain-containing protein,Unmatched,0,0,0
FPMLKI_16535 DUF4231 domain-containing protein,Unmatched,0,0,0
FPMLKI_16540 hypothetical protein,Unmatched,0,0,0
FPMLKI_16545 hypothetical protein,Unmatched,0,0,0
FPMLKI_16550 hypothetical protein,Unmatched,0,0,0
FPMLKI_16555 sulfate ABC transporter substrate-binding protein,Unmatched,0,0,0
FPMLKI_16560 hypothetical protein,Unmatched,0,0,0
FPMLKI_16565 PA-phosphatase,Unmatched,0,0,0
FPMLKI_16570 sulfurtransferase,Unmatched,0,0,0
FPMLKI_16575 phycocyanin subunit alpha,Unmatched,0,0,0
FPMLKI_16580 phycocyanin subunit beta,Unmatched,0,0,0
FPMLKI_16585 hypothetical protein,Unmatched,0,0,0
FPMLKI_16590 cysteine synthase A,Unmatched,0,0,0
FPMLKI_16595 Cystathionine gamma-lyase,Unmatched,0,0,0
FPMLKI_16600 MgtC family,Unmatched,0,0,0
FPMLKI_16605 Chromosome partition protein Smc,Unmatched,0,0,0
FPMLKI_16610 Crp/Fnr family transcriptional regulator,Unmatched,0,0,0
FPMLKI_16615 transporter,Unmatched,0,0,0
FPMLKI_16620 Uncharacterized NAD(P)/FAD-binding protein YdhS,Unmatched,0,0,0
FPMLKI_16625 hypothetical protein,Unmatched,0,0,0
FPMLKI_16630 hypothetical protein,Unmatched,0,0,0
FPMLKI_16635 Similarity,Unmatched,0,0,0
FPMLKI_16640 Histidine kinase,Unmatched,0,0,0
FPMLKI_16645 Two-component hybrid sensor and regulator,Unmatched,0,0,0
FPMLKI_16650 hypothetical protein,Unmatched,0,0,0
FPMLKI_16655 homoserine O-acetyltransferase,Unmatched,0,0,0
FPMLKI_16660 O-acetylhomoserine aminocarboxypropyltransferase,Unmatched,0,0,0
FPMLKI_16665 PEP-CTERM sorting domain-containing protein,Unmatched,0,0,0
FPMLKI_16670 peroxiredoxin,Unmatched,0,0,0
FPMLKI_16675 DUF4277 domain-containing protein,Unmatched,0,0,0
FPMLKI_16680 serine/threonine protein kinase,Unmatched,0,0,0
FPMLKI_16685 molecular chaperone DnaJ,Unmatched,0,0,0
FPMLKI_16690 hypothetical protein,Unmatched,0,0,0
FPMLKI_16695 hypothetical protein,Unmatched,0,0,0
FPMLKI_16700 PIN domain nuclease,Unmatched,0,0,0
FPMLKI_16705 DUF1349 domain-containing protein,Unmatched,0,0,0
FPMLKI_16710 Endo/exonuclease/phosphatase domain-containing protein,Unmatched,0,0,0
FPMLKI_16715 antitoxin,Unmatched,0,0,0
FPMLKI_16720 hypothetical protein,Unmatched,0,0,0
FPMLKI_16725 fatty-acid synthase,Unmatched,0,0,0
FPMLKI_16730 hybrid non-ribosomal peptide synthetase/type I polyketide synthase,Unmatched,0,0,0
FPMLKI_16755 hypothetical protein,Unmatched,0,0,0
FPMLKI_16760 hypothetical protein,Unmatched,0,0,0
FPMLKI_16765 dethiobiotin synthase,Unmatched,0,0,0
FPMLKI_16770 Acetylglutamate kinase,Unmatched,0,0,0
FPMLKI_16775 anti-anti-sigma factor,Unmatched,0,0,0
FPMLKI_16780 heterodisulfide reductase,Unmatched,0,0,0
FPMLKI_16785 phospholipid-binding protein,Unmatched,0,0,0
FPMLKI_16790 glycosyltransferase,Unmatched,0,0,0
FPMLKI_16795 tryptophan synthase subunit alpha,Unmatched,0,0,0
FPMLKI_16800 hypothetical protein,Unmatched,0,0,0
FPMLKI_16805 hypothetical protein,Unmatched,0,0,0
FPMLKI_16810 recombinase RecA,Unmatched,0,0,0
"FPMLKI_16815 2,5-didehydrogluconate reductase",Unmatched,0,0,0
FPMLKI_16820 hypothetical protein,Unmatched,0,0,0
FPMLKI_16825 IS630 family transposase,Unmatched,0,0,0
FPMLKI_16830 uracil phosphoribosyltransferase,Unmatched,0,0,0
FPMLKI_16835 hypothetical protein,Unmatched,0,0,0
FPMLKI_16840 Uma2 domain-containing protein,Unmatched,0,0,0
FPMLKI_16845 hypothetical protein,Unmatched,0,0,0
FPMLKI_16850 GUN4 domain-containing protein,Unmatched,0,0,0
FPMLKI_16855 epimerase,Unmatched,0,0,0
FPMLKI_16860 photosystem II reaction center protein Psb28,Unmatched,0,0,0
FPMLKI_16865 cytochrome B6,Unmatched,0,0,0
"FPMLKI_16870 Uncharacterized ACR, COG1430",Unmatched,0,0,0
FPMLKI_16875 DUF2949 domain-containing protein,Unmatched,0,0,0
FPMLKI_16880 hypothetical protein,Unmatched,0,0,0
FPMLKI_16885 BrnA antitoxin family protein,Unmatched,0,0,0
FPMLKI_16890 hypothetical protein,Unmatched,0,0,0
FPMLKI_16895 bifunctional phosphoribosylaminoimidazolecarboxamide formyltransferase/IMP cyclohydrolase,Unmatched,0,0,0
FPMLKI_16900 chitin deacetylase,Unmatched,0,0,0
FPMLKI_16905 AI-2E family transporter,Unmatched,0,0,0
FPMLKI_16910 N-acetyl-gamma-glutamyl-phosphate reductase,Unmatched,0,0,0
FPMLKI_16915 D-alanyl-D-alanine carboxypeptidase/D-alanyl-D-alanine-endopeptidase,Unmatched,0,0,0
FPMLKI_16920 phosphate acyltransferase PlsX,Unmatched,0,0,0
FPMLKI_16925 3-oxoacyl-[acyl-carrier-protein] synthase 3,Unmatched,0,0,0
FPMLKI_16930 ACP S-malonyltransferase,Unmatched,0,0,0
FPMLKI_16935 molybdopterin molybdenumtransferase,Unmatched,0,0,0
FPMLKI_16940 glutaminase A,Unmatched,0,0,0
FPMLKI_16945 TIGR03032 family protein,Unmatched,0,0,0
FPMLKI_16950 hypothetical protein,Unmatched,0,0,0
FPMLKI_16955 DUF4351 domain-containing protein,Unmatched,0,0,0
FPMLKI_16960 ribonuclease Z,Unmatched,0,0,0
FPMLKI_16965 Tubulin like,Unmatched,0,0,0
FPMLKI_16970 ornithine carbamoyltransferase,Unmatched,0,0,0
FPMLKI_16975 hypothetical protein,Unmatched,0,0,0
FPMLKI_16980 4-alpha-glucanotransferase,Unmatched,0,0,0
FPMLKI_16985 putative DNA binding domain-containing protein,Unmatched,0,0,0
FPMLKI_16990 hypothetical protein,Unmatched,0,0,0
FPMLKI_16995 DUF29 domain-containing protein,Unmatched,0,0,0
FPMLKI_17000 tRNA-Gly(tcc),Unmatched,0,0,0
FPMLKI_17010 AAA-16 domain-containing protein,Unmatched,0,0,0
FPMLKI_17015 trypsin,Unmatched,0,0,0
FPMLKI_17020 Trypco1 domain-containing protein,Unmatched,0,0,0
FPMLKI_17025 DUF4926 domain-containing protein,Unmatched,0,0,0
FPMLKI_17030 Similarity,Unmatched,0,0,0
FPMLKI_17035 bifunctional pantoate--beta-alanine ligase/(d)CMP kinase,Unmatched,0,0,0
FPMLKI_17040 NAGPA domain-containing protein,Unmatched,0,0,0
FPMLKI_17045 Poly(hydroxyalcanoate) granule associated protein (phasin),Unmatched,0,0,0
FPMLKI_17050 peptidylprolyl isomerase,Unmatched,0,0,0
FPMLKI_17055 photosystem II reaction center protein Psb28,Unmatched,0,0,0
FPMLKI_17060 helicase,Unmatched,0,0,0
FPMLKI_17065 FAD-dependent oxidoreductase,Unmatched,0,0,0
FPMLKI_17070 hypothetical protein,Unmatched,0,0,0
FPMLKI_17075 2-isopropylmalate synthase,Unmatched,0,0,0
FPMLKI_17080 RNA polymerase sigma factor RpoD,Unmatched,0,0,0
FPMLKI_17085 hypothetical protein,Unmatched,0,0,0
FPMLKI_17090 DUF4351 domain-containing protein,Unmatched,0,0,0
FPMLKI_17095 MFS transporter,Unmatched,0,0,0
FPMLKI_17100 low-complexity protein,Unmatched,0,0,0
FPMLKI_17105 hybrid sensor histidine kinase/response regulator,Unmatched,0,0,0
"FPMLKI_17110 calcium-translocating P-type ATPase, PMCA-type",Unmatched,0,0,0
FPMLKI_17115 hypothetical protein,Unmatched,0,0,0
FPMLKI_17120 PEP-CTERM domain-containing protein,Unmatched,0,0,0
FPMLKI_17125 fatty-acid oxidation protein subunit alpha,Unmatched,0,0,0
FPMLKI_17130 XisI protein,Unmatched,0,0,0
FPMLKI_17135 Pentapeptide repeat-containing protein,Unmatched,0,0,0
FPMLKI_17140 hypothetical protein,Unmatched,0,0,0
FPMLKI_17145 GHL10 domain-containing protein,Unmatched,0,0,0
FPMLKI_17150 Dolichyl-phosphate-mannose-protein mannosyltransferase,Unmatched,0,0,0
FPMLKI_17155 replicative DNA helicase,Unmatched,0,0,0
FPMLKI_17160 precorrin-4 C(11)-methyltransferase,Unmatched,0,0,0
FPMLKI_17165 TspO protein,Unmatched,0,0,0
FPMLKI_17170 Translation initiation factor,Unmatched,0,0,0
FPMLKI_17175 cryptochrome/photolyase family protein,Unmatched,0,0,0
FPMLKI_17180 hypothetical protein,Unmatched,0,0,0
FPMLKI_17185 Sigma70-r4-2 domain-containing protein,Unmatched,0,0,0
FPMLKI_17190 HTH-OrfB-IS605 domain-containing protein,Unmatched,0,0,0
FPMLKI_17195 hypothetical protein,Unmatched,0,0,0
FPMLKI_17200 HicB-like domain-containing protein,Unmatched,0,0,0
FPMLKI_17205 oxidoreductase,Unmatched,0,0,0
FPMLKI_17210 Ycf51-like protein,Unmatched,0,0,0
FPMLKI_17215 7-carboxy-7-deazaguanine synthase QueE,Unmatched,0,0,0
FPMLKI_17220 hypothetical protein,Unmatched,0,0,0
FPMLKI_17225 Aspartyl protease,Unmatched,0,0,0
FPMLKI_17230 7-cyano-7-deazaguanine synthase QueC,Unmatched,0,0,0
FPMLKI_17235 Putative manganese efflux pump,Unmatched,0,0,0
FPMLKI_17240 branched-chain amino acid ABC transporter permease,Unmatched,0,0,0
FPMLKI_17245 hypothetical protein,Unmatched,0,0,0
FPMLKI_17250 DUF4926 domain-containing protein,Unmatched,0,0,0
FPMLKI_17255 hypothetical protein,Unmatched,0,0,0
FPMLKI_17260 HTH cro/C1-type domain-containing protein,Unmatched,0,0,0
FPMLKI_17265 chaperone protein ClpB,Unmatched,0,0,0
FPMLKI_17270 hypothetical protein,Unmatched,0,0,0
FPMLKI_17275 F0F1 ATP synthase subunit beta,Unmatched,0,0,0
FPMLKI_17280 ATP synthase F1 subunit epsilon,Unmatched,0,0,0
FPMLKI_17285 PS-pyruv-trans domain-containing protein,Unmatched,0,0,0
FPMLKI_17290 30S ribosomal protein PSRP-3,Unmatched,0,0,0
FPMLKI_17295 8-oxo-dGTP diphosphatase MutT,Unmatched,0,0,0
FPMLKI_17300 DUF3134 domain-containing protein,Unmatched,0,0,0
FPMLKI_17305 phospho-N-acetylmuramoyl-pentapeptide-transferase,Unmatched,0,0,0
FPMLKI_17310 iron-sulfur cluster assembly accessory protein,Unmatched,0,0,0
FPMLKI_17315 DUF4277 domain-containing protein,Unmatched,0,0,0
FPMLKI_17320 glycine--tRNA ligase subunit beta,Unmatched,0,0,0
FPMLKI_17325 hypothetical protein,Unmatched,0,0,0
FPMLKI_17330 magnesium chelatase ATPase subunit I,Unmatched,0,0,0
FPMLKI_17335 ATPase,Unmatched,0,0,0
FPMLKI_17340 HNH endonuclease,Unmatched,0,0,0
FPMLKI_17345 glycosyl transferase,Unmatched,0,0,0
FPMLKI_17350 hypothetical protein,Unmatched,0,0,0
FPMLKI_17355 Phosphotransferase enzyme family,Unmatched,0,0,0
FPMLKI_17360 cytochrome P450,Unmatched,0,0,0
FPMLKI_17365 alanine racemase,Unmatched,0,0,0
FPMLKI_17370 polyhydroxyalkanoate biosynthesis repressor PhaR,Unmatched,0,0,0
FPMLKI_17375 tRNA uridine-5-carboxymethylaminomethyl(34) synthesis GTPase MnmE,Unmatched,0,0,0
FPMLKI_17380 DUF2062 domain-containing protein,Unmatched,0,0,0
FPMLKI_17385 HEPN domain-containing protein,Unmatched,0,0,0
FPMLKI_17390 nucleotidyltransferase domain-containing protein,Unmatched,0,0,0
FPMLKI_17395 nucleic acid-binding protein,Unmatched,0,0,0
FPMLKI_17400 hypothetical protein,Unmatched,0,0,0
FPMLKI_17405 tetratricopeptide repeat-containing protein,Unmatched,0,0,0
FPMLKI_17410 hypothetical protein,Unmatched,0,0,0
FPMLKI_17415 hypothetical protein,Unmatched,0,0,0
FPMLKI_17420 HEAT repeat protein,Unmatched,0,0,0
FPMLKI_17425 hypothetical protein,Unmatched,0,0,0
"FPMLKI_17430 RNA polymerase sigma factor, RpoD/SigA family",Unmatched,0,0,0
FPMLKI_17435 primosomal protein N',Unmatched,0,0,0
FPMLKI_17440 DUF4351 domain-containing protein,Unmatched,0,0,0
FPMLKI_17445 cyanophycinase,Unmatched,0,0,0
FPMLKI_17450 lmo0937 family membrane protein,Unmatched,0,0,0
FPMLKI_17455 CsbD-like protein,Unmatched,0,0,0
FPMLKI_17460 CsbD family protein,Unmatched,0,0,0
FPMLKI_17465 Transposase,Unmatched,0,0,0
FPMLKI_17470 hypothetical protein,Unmatched,0,0,0
FPMLKI_17475 transporter,Unmatched,0,0,0
"FPMLKI_17480 signal transduction histidine kinase (STHK), LytS",Unmatched,0,0,0
FPMLKI_17485 hypothetical protein,Unmatched,0,0,0
FPMLKI_17490 PEP-CTERM domain-containing protein,Unmatched,0,0,0
FPMLKI_17495 ATP-dependent chaperone ClpB,Unmatched,0,0,0
FPMLKI_17500 GNAT family N-acetyltransferase,Unmatched,0,0,0
FPMLKI_17505 hypothetical protein,Unmatched,0,0,0
"FPMLKI_17510 5,10-methylenetetrahydrofolate reductase",Unmatched,0,0,0
FPMLKI_17515 G-D-S-L family lipolytic protein,Unmatched,0,0,0
FPMLKI_17520 Similar to tr|Q3M5U7|Q3M5U7_ANAVT PilT protein-like,Unmatched,0,0,0
FPMLKI_17525 Antitoxin,Unmatched,0,0,0
FPMLKI_17530 hypothetical protein,Unmatched,0,0,0
FPMLKI_17535 caspase,Unmatched,0,0,0
FPMLKI_17540 DUF2064 domain-containing protein,Unmatched,0,0,0
"FPMLKI_17545 L,D-transpeptidase",Unmatched,0,0,0
FPMLKI_17550 DUF6464 domain-containing protein,Unmatched,0,0,0
FPMLKI_17555 adenosylmethionine decarboxylase,Unmatched,0,0,0
FPMLKI_17560 HigA family addiction module antitoxin,Unmatched,0,0,0
FPMLKI_17565 DUF4335 domain-containing protein,Unmatched,0,0,0
FPMLKI_17570 DUF3038 domain-containing protein,Unmatched,0,0,0
FPMLKI_17575 adenine phosphoribosyltransferase,Unmatched,0,0,0
FPMLKI_17580 ABC transporter substrate-binding protein,Unmatched,0,0,0
FPMLKI_17585 IS4 family transposase,Unmatched,0,0,0
FPMLKI_17590 hypothetical protein,Unmatched,0,0,0
FPMLKI_17595 photosystem I reaction center subunit X,Unmatched,0,0,0
FPMLKI_17600 divalent-cation tolerance protein CutA,Unmatched,0,0,0
FPMLKI_17605 Catabolite gene activator protein,Unmatched,0,0,0
FPMLKI_17610 hypothetical protein,Unmatched,0,0,0
FPMLKI_17615 hypothetical protein,Unmatched,0,0,0
FPMLKI_17620 Type II toxin-antitoxin system HicB family antitoxin,Unmatched,0,0,0
FPMLKI_17625 hypothetical protein,Unmatched,0,0,0
FPMLKI_17630 hypothetical protein,Unmatched,0,0,0
FPMLKI_17635 hypothetical protein,Unmatched,0,0,0
FPMLKI_17640 hypothetical protein,Unmatched,0,0,0
"FPMLKI_17645 Cobalamin biosynthesis protein CobN, Mg-chelatase",Unmatched,0,0,0
FPMLKI_17650 DNA-binding protein,Unmatched,0,0,0
FPMLKI_17655 NUBPL iron-transfer P-loop NTPase,Unmatched,0,0,0
FPMLKI_17660 hypothetical protein,Unmatched,0,0,0
FPMLKI_17665 DUF1460 domain-containing protein,Unmatched,0,0,0
FPMLKI_17670 UDP-3-O-acyl-N-acetylglucosamine deacetylase,Unmatched,0,0,0
FPMLKI_17675 outer membrane protein assembly factor,Unmatched,0,0,0
FPMLKI_17680 histidine kinase,Unmatched,0,0,0
FPMLKI_17685 isovaleryl-CoA dehydrogenase,Unmatched,0,0,0
FPMLKI_17690 polyketide synthase,Unmatched,0,0,0
FPMLKI_17695 heme-copper oxidase subunit III,Unmatched,0,0,0
FPMLKI_17700 cytochrome c oxidase subunit I,Unmatched,0,0,0
FPMLKI_17705 cytochrome c oxidase subunit II,Unmatched,0,0,0
FPMLKI_17710 heme A synthase,Unmatched,0,0,0
FPMLKI_17715 heme o synthase,Unmatched,0,0,0
FPMLKI_17720 chromosomal replication initiator protein DnaA,Unmatched,0,0,0
FPMLKI_17725 peptide deformylase,Unmatched,0,0,0
FPMLKI_17730 GTP cyclohydrolase I FolE,Unmatched,0,0,0
FPMLKI_17735 porphobilinogen synthase,Unmatched,0,0,0
FPMLKI_17740 Chromophore lyase CpcT/CpeT 3,Unmatched,0,0,0
FPMLKI_17745 hypothetical protein,Unmatched,0,0,0
FPMLKI_17750 thioredoxin domain-containing protein,Unmatched,0,0,0
FPMLKI_17755 ATP-dependent RNA helicase,Unmatched,0,0,0
FPMLKI_17760 30S ribosomal protein S12 methylthiotransferase RimO,Unmatched,0,0,0
FPMLKI_17765 phosphorybosylanthranilate isomerase,Unmatched,0,0,0
FPMLKI_17770 VKc domain-containing protein,Unmatched,0,0,0
FPMLKI_17775 IS200/IS605 family transposase,Unmatched,0,0,0
FPMLKI_17780 hypothetical protein,Unmatched,0,0,0
FPMLKI_17785 hypothetical protein,Unmatched,0,0,0
FPMLKI_17790 DUF790 domain-containing protein,Unmatched,0,0,0
FPMLKI_17795 molecular chaperone,Unmatched,0,0,0
FPMLKI_17800 glycerol acyltransferase,Unmatched,0,0,0
"FPMLKI_17805 Endonuclease, Uma2 family (restriction endonuclease fold)",Unmatched,0,0,0
FPMLKI_17810 Lysylphosphatidylglycerol synthase TM region,Unmatched,0,0,0
FPMLKI_17815 DUF29 domain-containing protein,Unmatched,0,0,0
FPMLKI_17820 DUF29 domain-containing protein,Unmatched,0,0,0
FPMLKI_17825 DUF29 domain-containing protein,Unmatched,0,0,0
FPMLKI_17830 DUF29 domain-containing protein,Unmatched,0,0,0
FPMLKI_17835 DUF29 domain-containing protein,Unmatched,0,0,0
FPMLKI_17840 cytochrome b6-f complex subunit PetL,Unmatched,0,0,0
FPMLKI_17845 DNA repair protein RadA,Unmatched,0,0,0
FPMLKI_17850 DNA-binding response regulator,Unmatched,0,0,0
FPMLKI_17855 cofactor assembly of complex C subunit B,Unmatched,0,0,0
FPMLKI_17860 glutamate dehydrogenase,Unmatched,0,0,0
FPMLKI_17865 hypothetical protein,Unmatched,0,0,0
FPMLKI_17870 Subtilisin,Unmatched,0,0,0
FPMLKI_17875 DNA-binding response regulator,Unmatched,0,0,0
FPMLKI_17880 ATP-dependent zinc metalloprotease FtsH,Unmatched,0,0,0
FPMLKI_17885 ribosome maturation factor RimP,Unmatched,0,0,0
FPMLKI_17890 transcription termination/antitermination protein NusA,Unmatched,0,0,0
FPMLKI_17895 DUF448 domain-containing protein,Unmatched,0,0,0
FPMLKI_17900 translation initiation factor IF-2,Unmatched,0,0,0
FPMLKI_17905 low-complexity tail membrane protein,Unmatched,0,0,0
FPMLKI_17910 Carbonic anhydrase,Unmatched,0,0,0
FPMLKI_17915 Uma2 domain-containing protein,Unmatched,0,0,0
FPMLKI_17920 adenine specific DNA methylase Mod,Unmatched,0,0,0
FPMLKI_17925 dihydroorotase,Unmatched,0,0,0
FPMLKI_17930 site-specific DNA-methyltransferase,Unmatched,0,0,0
FPMLKI_17935 hypothetical protein,Unmatched,0,0,0
FPMLKI_17940 calcium-binding protein,Unmatched,0,0,0
FPMLKI_17945 signal peptidase I,Unmatched,0,0,0
FPMLKI_17950 ribose-phosphate pyrophosphokinase,Unmatched,0,0,0
FPMLKI_17955 translational GTPase TypA,Unmatched,0,0,0
FPMLKI_17960 transposase,Unmatched,0,0,0
FPMLKI_17965 epimerase,Unmatched,0,0,0
FPMLKI_17970 Putative restriction endonuclease,Unmatched,0,0,0
FPMLKI_17975 ATP-binding protein,Unmatched,0,0,0
FPMLKI_17980 hypothetical protein,Unmatched,0,0,0
FPMLKI_17985 DNA-binding response regulator,Unmatched,0,0,0
FPMLKI_17990 transposase,Unmatched,0,0,0
FPMLKI_17995 histidine kinase,Unmatched,0,0,0
FPMLKI_18000 2Fe-2S iron-sulfur cluster-binding protein,Unmatched,0,0,0
FPMLKI_18005 TrkA family potassium uptake protein,Unmatched,0,0,0
FPMLKI_18010 ATPase,Unmatched,0,0,0
FPMLKI_18015 glycosyltransferase,Unmatched,0,0,0
FPMLKI_18020 RNA methyltransferase,Unmatched,0,0,0
FPMLKI_18025 serine hydrolase,Unmatched,0,0,0
FPMLKI_18030 glutaredoxin family protein,Unmatched,0,0,0
FPMLKI_18035 hypothetical protein,Unmatched,0,0,0
FPMLKI_18040 Putative restriction endonuclease,Unmatched,0,0,0
FPMLKI_18045 Uncharacterized protein slr1919,Unmatched,0,0,0
FPMLKI_18050 hypothetical protein,Unmatched,0,0,0
FPMLKI_18055 anthranilate synthase component I,Unmatched,0,0,0
FPMLKI_18060 permease,Unmatched,0,0,0
"FPMLKI_18065 type II toxin-antitoxin system mRNA interferase toxin, RelE/StbE family",Unmatched,0,0,0
FPMLKI_18070 DUF2281 domain-containing protein,Unmatched,0,0,0
FPMLKI_18075 hypothetical protein,Unmatched,0,0,0
FPMLKI_18080 Type II secretory pathway ATPase PulE/Tfp pilus assembly pathway ATPase PilB,Unmatched,0,0,0
FPMLKI_18085 Red carotenoid-binding protein,Unmatched,0,0,0
FPMLKI_18090 All3148 protein,Unmatched,0,0,0
FPMLKI_18095 alpha/beta hydrolase,Unmatched,0,0,0
FPMLKI_18100 modification methylase,Unmatched,0,0,0
FPMLKI_18105 anticodon-binding protein,Unmatched,0,0,0
FPMLKI_18110 Chromosome partition protein Smc,Unmatched,0,0,0
FPMLKI_18115 hypothetical protein,Unmatched,0,0,0
FPMLKI_18120 30S ribosomal protein S1,Unmatched,0,0,0
FPMLKI_18125 carboxymethylenebutenolidase,Unmatched,0,0,0
FPMLKI_18130 Cof-type HAD-IIB family hydrolase,Unmatched,0,0,0
FPMLKI_18135 Unsaturated chondroitin disaccharide hydrolase,Unmatched,0,0,0
FPMLKI_18140 single-stranded DNA-binding protein,Unmatched,0,0,0
FPMLKI_18145 4Fe-4S ferredoxin,Unmatched,0,0,0
FPMLKI_18150 high-affinity branched-chain amino acid ABC transporter ATP-binding protein LivG,Unmatched,0,0,0
FPMLKI_18155 hypothetical protein,Unmatched,0,0,0
FPMLKI_18160 hypothetical protein,Unmatched,0,0,0
FPMLKI_18165 hypothetical protein,Unmatched,0,0,0
FPMLKI_18170 DUF4258 domain-containing protein,Unmatched,0,0,0
FPMLKI_18175 hypothetical protein,Unmatched,0,0,0
FPMLKI_18180 hypothetical protein,Unmatched,0,0,0
FPMLKI_18185 BrnT family toxin,Unmatched,0,0,0
FPMLKI_18190 hypothetical protein,Unmatched,0,0,0
FPMLKI_18195 hypothetical protein,Unmatched,0,0,0
FPMLKI_18200 PEP-CTERM domain-containing protein,Unmatched,0,0,0
FPMLKI_18205 2-hydroxy-3-keto-5-methylthiopentenyl-1-phosphate phosphatase,Unmatched,0,0,0
FPMLKI_18210 hydrolase,Unmatched,0,0,0
FPMLKI_18215 hypothetical protein,Unmatched,0,0,0
FPMLKI_18220 hypothetical protein,Unmatched,0,0,0
FPMLKI_18225 hypothetical protein,Unmatched,0,0,0
FPMLKI_18230 [cytidine(C)-cytidine(C)-adenosine (A)]-adding enzyme,Unmatched,0,0,0
FPMLKI_18235 Hypothetical chloroplast protein Ycf34,Unmatched,0,0,0
FPMLKI_18240 hypothetical protein,Unmatched,0,0,0
FPMLKI_18245 DUF3769 domain-containing protein,Unmatched,0,0,0
FPMLKI_18250 photosystem II reaction center protein I,Unmatched,0,0,0
FPMLKI_18255 16S rRNA (cytidine(1402)-2'-O)-methyltransferase,Unmatched,0,0,0
FPMLKI_18260 permease,Unmatched,0,0,0
FPMLKI_18265 LPS export ABC transporter ATP-binding protein,Unmatched,0,0,0
FPMLKI_18270 ostA-like family protein,Unmatched,0,0,0
FPMLKI_18275 DUF309 domain-containing protein,Unmatched,0,0,0
FPMLKI_18280 ferredoxin--nitrite reductase,Unmatched,0,0,0
FPMLKI_18285 hypothetical protein,Unmatched,0,0,0
FPMLKI_18290 ComF family protein,Unmatched,0,0,0
FPMLKI_18295 Photosystem II reaction center X protein,Unmatched,0,0,0
FPMLKI_18300 hypothetical protein,Unmatched,0,0,0
FPMLKI_18305 DNA adenine methylase,Unmatched,0,0,0
FPMLKI_18310 restriction endonuclease,Unmatched,0,0,0
FPMLKI_18315 ATP-dependent zinc metalloprotease FtsH2,Unmatched,0,0,0
FPMLKI_18320 hypothetical protein,Unmatched,0,0,0
FPMLKI_18325 DNA polymerase III subunit delta',Unmatched,0,0,0
FPMLKI_18330 hypothetical protein,Unmatched,0,0,0
FPMLKI_18335 cadmium-translocating P-type ATPase,Unmatched,0,0,0
FPMLKI_18340 CSD domain-containing protein,Unmatched,0,0,0
FPMLKI_18345 hypothetical protein,Unmatched,0,0,0
FPMLKI_18350 hypothetical protein,Unmatched,0,0,0
FPMLKI_18355 hypothetical protein,Unmatched,0,0,0
FPMLKI_18360 hypothetical protein,Unmatched,0,0,0
FPMLKI_18370 Mobile element protein,Unmatched,0,0,0
FPMLKI_18375 hypothetical protein,Unmatched,0,0,0
FPMLKI_18385 ThrE domain-containing protein,Unmatched,0,0,0
FPMLKI_18390 DUF29 domain-containing protein,Unmatched,0,0,0
FPMLKI_18395 hypothetical protein,Unmatched,0,0,0
FPMLKI_18400 DUF1345 domain-containing protein,Unmatched,0,0,0
FPMLKI_18405 transposase,Unmatched,0,0,0
FPMLKI_18410 hypothetical protein,Unmatched,0,0,0
FPMLKI_18415 Similarity,Unmatched,0,0,0
FPMLKI_18420 DUF5132 domain-containing protein,Unmatched,0,0,0
FPMLKI_18425 DUF5132 domain-containing protein,Unmatched,0,0,0
FPMLKI_18430 hypothetical protein,Unmatched,0,0,0
FPMLKI_18435 hypothetical protein,Unmatched,0,0,0
FPMLKI_18440 hypothetical protein,Unmatched,0,0,0
FPMLKI_18445 cobalamin biosynthesis protein CobQ,Unmatched,0,0,0
FPMLKI_18450 DUF1727 domain-containing protein,Unmatched,0,0,0
FPMLKI_18455 serine protease,Unmatched,0,0,0
FPMLKI_18460 LPS export ABC transporter periplasmic protein LptC,Unmatched,0,0,0
FPMLKI_18465 photosynthetic/respiratory NAD(P)H-quinone oxidoreductase subunit E,Unmatched,0,0,0
FPMLKI_18470 NADH-quinone oxidoreductase subunit J,Unmatched,0,0,0
FPMLKI_18475 photosynthetic/respiratory NAD(P)H-quinone oxidoreductase subunit I,Unmatched,0,0,0
FPMLKI_18480 NADH-quinone oxidoreductase subunit NuoH,Unmatched,0,0,0
FPMLKI_18485 orotate phosphoribosyltransferase,Unmatched,0,0,0
FPMLKI_18490 porin,Unmatched,0,0,0
FPMLKI_18505 SWIM-type domain-containing protein,Unmatched,0,0,0
FPMLKI_18510 hypothetical protein,Unmatched,0,0,0
FPMLKI_18515 IS5 family transposase,Unmatched,0,0,0
FPMLKI_18520 FAD-dependent oxidoreductase,Unmatched,0,0,0
FPMLKI_18525 DUF4870 domain-containing protein,Unmatched,0,0,0
FPMLKI_18530 phenylalanine--tRNA ligase subunit alpha,Unmatched,0,0,0
FPMLKI_18535 RNA-binding protein,Unmatched,0,0,0
FPMLKI_18540 Ssr3189 protein,Unmatched,0,0,0
FPMLKI_18545 poly(A) polymerase,Unmatched,0,0,0
FPMLKI_18550 copper resistance protein CopD,Unmatched,0,0,0
FPMLKI_18555 photosystem II reaction center protein PsbZ,Unmatched,0,0,0
FPMLKI_18560 PEP-CTERM domain-containing protein,Unmatched,0,0,0
FPMLKI_18565 IS607 family transposase,Unmatched,0,0,0
FPMLKI_18570 thiamine phosphate synthase,Unmatched,0,0,0
FPMLKI_18575 sulfur carrier protein ThiS,Unmatched,0,0,0
FPMLKI_18580 anhydro-N-acetylmuramic acid kinase,Unmatched,0,0,0
FPMLKI_18585 hypothetical protein,Unmatched,0,0,0
FPMLKI_18590 IS630 family transposase,Unmatched,0,0,0
FPMLKI_18595 hypothetical protein,Unmatched,0,0,0
FPMLKI_18600 sterol C5-desaturase,Unmatched,0,0,0
FPMLKI_18605 NTPase (NACHT family),Unmatched,0,0,0
FPMLKI_18610 B12-binding domain-containing radical SAM protein,Unmatched,0,0,0
FPMLKI_18615 hypothetical protein,Unmatched,0,0,0
FPMLKI_18620 hypothetical protein,Unmatched,0,0,0
FPMLKI_18625 FAD-dependent oxidoreductase,Unmatched,0,0,0
FPMLKI_18630 6S / SsrS RNA,Unmatched,0,0,0
FPMLKI_18635 peptidase M16,Unmatched,0,0,0
FPMLKI_18640 Fructosamine kinase,Unmatched,0,0,0
FPMLKI_18645 Uma2 family endonuclease,Unmatched,0,0,0
FPMLKI_18650 undecaprenyldiphospho-muramoylpentapeptide beta-N-acetylglucosaminyltransferase,Unmatched,0,0,0
FPMLKI_18655 hypothetical protein,Unmatched,0,0,0
FPMLKI_18660 Cytochrome C biogenesis protein transmembrane region,Unmatched,0,0,0
FPMLKI_18665 thioredoxin family protein,Unmatched,0,0,0
FPMLKI_18670 cupin,Unmatched,0,0,0
FPMLKI_18675 two-component sensor histidine kinase,Unmatched,0,0,0
FPMLKI_18680 DNA-binding response regulator,Unmatched,0,0,0
FPMLKI_18685 PD-(D/E)XK nuclease superfamily,Unmatched,0,0,0
FPMLKI_18690 Alkaline phosphatase,Unmatched,0,0,0
FPMLKI_18695 hypothetical protein,Unmatched,0,0,0
FPMLKI_18700 hypothetical protein,Unmatched,0,0,0
FPMLKI_18705 hypothetical protein,Unmatched,0,0,0
FPMLKI_18710 Recombination-promoting DNA endonuclease RpnC/YadD,Unmatched,0,0,0
FPMLKI_18715 hypothetical protein,Unmatched,0,0,0
FPMLKI_18720 hypothetical protein,Unmatched,0,0,0
FPMLKI_18725 IS5 family transposase,Unmatched,0,0,0
FPMLKI_18730 flagellar assembly protein H,Unmatched,0,0,0
FPMLKI_18735 hypothetical protein,Unmatched,0,0,0
FPMLKI_18740 LL-diaminopimelate aminotransferase,Unmatched,0,0,0
FPMLKI_18745 thiol reductase thioredoxin,Unmatched,0,0,0
FPMLKI_18750 peptide ABC transporter permease,Unmatched,0,0,0
FPMLKI_18755 UPF0284 protein MAE_56900,Unmatched,0,0,0
FPMLKI_18760 Glycosyl transferase family 41,Unmatched,0,0,0
FPMLKI_18765 TPR repeat protein,Unmatched,0,0,0
FPMLKI_18770 Fe(3+) ABC transporter substrate-binding protein,Unmatched,0,0,0
FPMLKI_18775 SAM-dependent methyltransferase,Unmatched,0,0,0
FPMLKI_18780 type I DNA topoisomerase,Unmatched,0,0,0
FPMLKI_18785 class I SAM-dependent DNA methyltransferase,Unmatched,0,0,0
FPMLKI_18790 serine protease,Unmatched,0,0,0
FPMLKI_18795 hypothetical protein,Unmatched,0,0,0
FPMLKI_18800 hypothetical protein,Unmatched,0,0,0
FPMLKI_18805 hypothetical protein,Unmatched,0,0,0
FPMLKI_18810 hypothetical protein,Unmatched,0,0,0
"FPMLKI_18815 HicA toxin of bacterial toxin-antitoxin,",Unmatched,0,0,0
FPMLKI_18820 HicB family protein,Unmatched,0,0,0
FPMLKI_18825 hypothetical protein,Unmatched,0,0,0
FPMLKI_18830 hypothetical protein,Unmatched,0,0,0
FPMLKI_18835 hypothetical protein,Unmatched,0,0,0
FPMLKI_18840 hypothetical protein,Unmatched,0,0,0
FPMLKI_18845 universal stress protein,Unmatched,0,0,0
FPMLKI_18850 alpha/beta hydrolase,Unmatched,0,0,0
FPMLKI_18855 hypothetical protein,Unmatched,0,0,0
FPMLKI_18860 tRNA 2-thiouridine(34) synthase MnmA,Unmatched,0,0,0
FPMLKI_18865 phycobilisome rod-core linker polypeptide CpcG,Unmatched,0,0,0
FPMLKI_18870 phycobiliprotein lyase,Unmatched,0,0,0
FPMLKI_18875 restriction endonuclease,Unmatched,0,0,0
FPMLKI_18880 ATP-dependent zinc protease,Unmatched,0,0,0
FPMLKI_18885 DUF3007 domain-containing protein,Unmatched,0,0,0
FPMLKI_18890 NAD(P)H-quinone oxidoreductase subunit L,Unmatched,0,0,0
FPMLKI_18895 tRNA-Leu(taa),Unmatched,0,0,0
FPMLKI_18900 carotenoid oxygenase,Unmatched,0,0,0
FPMLKI_18905 tRNA epoxyqueuosine(34) reductase QueG,Unmatched,0,0,0
FPMLKI_18910 hypothetical protein,Unmatched,0,0,0
FPMLKI_18915 dihydrolipoyl dehydrogenase,Unmatched,0,0,0
FPMLKI_18920 twin-arginine translocase TatA/TatE family subunit,Unmatched,0,0,0
FPMLKI_18925 Metalloprotease slr0863,Unmatched,0,0,0
FPMLKI_18930 carbamoyl-phosphate synthase large subunit,Unmatched,0,0,0
FPMLKI_18935 ferredoxin--nitrite reductase,Unmatched,0,0,0
FPMLKI_18940 tyrosine--tRNA ligase,Unmatched,0,0,0
FPMLKI_18945 Glyco-trans-2-like domain-containing protein,Unmatched,0,0,0
FPMLKI_18950 ferredoxin,Unmatched,0,0,0
FPMLKI_18955 ABC transporter ATP-binding protein,Unmatched,0,0,0
FPMLKI_18960 alanine racemase,Unmatched,0,0,0
FPMLKI_18965 DUF1611 domain-containing protein,Unmatched,0,0,0
FPMLKI_18970 DUF3134 domain-containing protein,Unmatched,0,0,0
FPMLKI_18975 ssl1498 family light-harvesting-like protein,Unmatched,0,0,0
FPMLKI_18980 2-phospho-L-lactate transferase CofD,Unmatched,0,0,0
FPMLKI_18985 Chloroplast import apparatus Tic20-like,Unmatched,0,0,0
FPMLKI_18990 NADH-quinone oxidoreductase subunit NuoF,Unmatched,0,0,0
FPMLKI_18995 bidirectional hydrogenase complex protein HoxE,Unmatched,0,0,0
FPMLKI_19000 DDE-3 domain-containing protein,Unmatched,0,0,0
FPMLKI_19005 hypothetical protein,Unmatched,0,0,0
FPMLKI_19010 hypothetical protein,Unmatched,0,0,0
FPMLKI_19015 Transcriptional regulator,Unmatched,0,0,0
FPMLKI_19020 TonB protein,Unmatched,0,0,0
FPMLKI_19025 hypothetical protein,Unmatched,0,0,0
FPMLKI_19030 high light inducible protein,Unmatched,0,0,0
FPMLKI_19035 diaminopimelate epimerase,Unmatched,0,0,0
FPMLKI_19040 RNA-binding protein hfq,Unmatched,0,0,0
FPMLKI_19045 hypothetical protein,Unmatched,0,0,0
FPMLKI_19050 hypothetical protein,Unmatched,0,0,0
FPMLKI_19055 ATP-dependent Clp protease ATP-binding subunit ClpC,Unmatched,0,0,0
FPMLKI_19060 hypothetical protein,Unmatched,0,0,0
FPMLKI_19065 PINc domain-containing protein,Unmatched,0,0,0
FPMLKI_19070 hypothetical protein,Unmatched,0,0,0
FPMLKI_19075 Response regulator,Unmatched,0,0,0
FPMLKI_19080 phosphoribulokinase,Unmatched,0,0,0
FPMLKI_19085 Phytochrome-like protein cph2,Unmatched,0,0,0
FPMLKI_19105 HypX (modular protein),Unmatched,0,0,0
FPMLKI_19110 FTP domain-containing protein,Unmatched,0,0,0
FPMLKI_19115 Peptidase-M4-C domain-containing protein,Unmatched,0,0,0
FPMLKI_19120 hypothetical protein,Unmatched,0,0,0
FPMLKI_19125 IS110 family transposase,Unmatched,0,0,0
FPMLKI_19160 DUF3685 domain-containing protein,Unmatched,0,0,0
FPMLKI_19165 transcriptional repressor,Unmatched,0,0,0
FPMLKI_19170 PEP-CTERM domain-containing protein,Unmatched,0,0,0
FPMLKI_19175 DUF29 domain-containing protein,Unmatched,0,0,0
FPMLKI_19180 DUF2157 domain-containing protein,Unmatched,0,0,0
FPMLKI_19185 DNA-binding response regulator,Unmatched,0,0,0
FPMLKI_19190 DNA repair protein RecN,Unmatched,0,0,0
FPMLKI_19195 Putative restriction endonuclease,Unmatched,0,0,0
FPMLKI_19200 Uma2 domain-containing protein,Unmatched,0,0,0
FPMLKI_19205 FAD-dependent oxidoreductase,Unmatched,0,0,0
FPMLKI_19210 Ribonuclease HI,Unmatched,0,0,0
FPMLKI_19235 hypothetical protein,Unmatched,0,0,0
FPMLKI_19240 glucose-1-phosphate adenylyltransferase,Unmatched,0,0,0
FPMLKI_19245 Patatin-like phospholipase,Unmatched,0,0,0
FPMLKI_19250 Tol biopolymer transporter periplasmic protein,Unmatched,0,0,0
FPMLKI_19255 biopolymer transporter Tol,Unmatched,0,0,0
FPMLKI_19260 Ycf66 protein N-terminus,Unmatched,0,0,0
FPMLKI_19265 SLH domain-containing protein,Unmatched,0,0,0
FPMLKI_19270 pyruvate kinase,Unmatched,0,0,0
FPMLKI_19275 phycocyanobilin lyase,Unmatched,0,0,0
FPMLKI_19280 DUF29 domain-containing protein,Unmatched,0,0,0
FPMLKI_19285 phycobilisome maturation protein,Unmatched,0,0,0
FPMLKI_19290 ABC transporter substrate-binding protein,Unmatched,0,0,0
FPMLKI_19295 ABC transporter ATP-binding protein,Unmatched,0,0,0
FPMLKI_19300 transposase,Unmatched,0,0,0
FPMLKI_19305 glycosyl transferase family A,Unmatched,0,0,0
FPMLKI_19310 hypothetical protein,Unmatched,0,0,0
FPMLKI_19315 hypothetical protein,Unmatched,0,0,0
FPMLKI_19320 hypothetical protein,Unmatched,0,0,0
FPMLKI_19325 D-glycero-D-manno-heptose 1-phosphate guanosyltransferase,Unmatched,0,0,0
FPMLKI_19330 dehydrogenase,Unmatched,0,0,0
FPMLKI_19335 phosphoheptose isomerase,Unmatched,0,0,0
FPMLKI_19340 HAD family hydrolase,Unmatched,0,0,0
FPMLKI_19345 glycosyl transferase family 1,Unmatched,0,0,0
FPMLKI_19350 glycosyltransferase family 1 protein,Unmatched,0,0,0
FPMLKI_19355 hypothetical protein,Unmatched,0,0,0
FPMLKI_19360 Precorrin-6x reductase CbiJ/CobK,Unmatched,0,0,0
FPMLKI_19365 heme iron utilization protein,Unmatched,0,0,0
FPMLKI_19370 hypothetical protein,Unmatched,0,0,0
FPMLKI_19375 hypothetical protein,Unmatched,0,0,0
FPMLKI_19380 comEA protein,Unmatched,0,0,0
FPMLKI_19385 oxidoreductase,Unmatched,0,0,0
FPMLKI_19390 DUF2555 domain-containing protein,Unmatched,0,0,0
FPMLKI_19395 adenosine kinase,Unmatched,0,0,0
FPMLKI_19400 AAA-31 domain-containing protein,Unmatched,0,0,0
FPMLKI_19405 DUF5615 domain-containing protein,Unmatched,0,0,0
FPMLKI_19410 hypothetical protein,Unmatched,0,0,0
FPMLKI_19415 hypothetical protein,Unmatched,0,0,0
FPMLKI_19420 Reverse transcriptase domain-containing protein,Unmatched,0,0,0
FPMLKI_19425 Transposase,Unmatched,0,0,0
FPMLKI_19430 IS1634 family transposase,Unmatched,0,0,0
FPMLKI_19435 IS1634 family transposase,Unmatched,0,0,0
FPMLKI_19440 Phage tail sheath family protein,Unmatched,0,0,0
FPMLKI_19445 phage tail sheath family protein,Unmatched,0,0,0
FPMLKI_19450 phage tail protein,Unmatched,0,0,0
FPMLKI_19455 hypothetical protein,Unmatched,0,0,0
FPMLKI_19460 phage tail protein,Unmatched,0,0,0
FPMLKI_19465 50S ribosomal protein L10,Unmatched,0,0,0
FPMLKI_19470 50S ribosomal protein L7/L12,Unmatched,0,0,0
FPMLKI_19475 photosystem II reaction center protein T,Unmatched,0,0,0
FPMLKI_19480 transcriptional regulator NrdR,Unmatched,0,0,0
FPMLKI_19485 30S ribosomal protein S1,Unmatched,0,0,0
FPMLKI_19490 adenylate/guanylate cyclase domain-containing protein,Unmatched,0,0,0
FPMLKI_19495 DUF3120 domain-containing protein,Unmatched,0,0,0
FPMLKI_19500 hypothetical protein,Unmatched,0,0,0
FPMLKI_19505 glyoxalase/bleomycin resistance/extradiol dioxygenase family protein,Unmatched,0,0,0
FPMLKI_19510 TIGR02652 family protein,Unmatched,0,0,0
FPMLKI_19515 gamma carbonic anhydrase family protein,Unmatched,0,0,0
FPMLKI_19520 photosystem II protein Y,Unmatched,0,0,0
FPMLKI_19525 FAD-linked oxidase,Unmatched,0,0,0
FPMLKI_19530 adenylosuccinate lyase,Unmatched,0,0,0
FPMLKI_19535 ATPase-AAA-core domain-containing protein,Unmatched,0,0,0
FPMLKI_19540 hypothetical protein,Unmatched,0,0,0
FPMLKI_19545 translation initiation factor IF-3,Unmatched,0,0,0
FPMLKI_19550 2Fe-2S ferredoxin,Unmatched,0,0,0
FPMLKI_19555 NnrU protein,Unmatched,0,0,0
FPMLKI_19560 thiol reductase thioredoxin,Unmatched,0,0,0
FPMLKI_19565 hypothetical protein,Unmatched,0,0,0
FPMLKI_19570 VWFA domain-containing protein,Unmatched,0,0,0
FPMLKI_19575 protein phosphatase 2C domain-containing protein,Unmatched,0,0,0
FPMLKI_19580 DNA polymerase subunit beta,Unmatched,0,0,0
FPMLKI_19585 nucleotidyltransferase,Unmatched,0,0,0
FPMLKI_19590 DNA-binding protein,Unmatched,0,0,0
FPMLKI_19595 Protein kinase domain-containing protein,Unmatched,0,0,0
FPMLKI_19600 PINc domain-containing protein,Unmatched,0,0,0
FPMLKI_19605 hypothetical protein,Unmatched,0,0,0
FPMLKI_19610 hypothetical protein,Unmatched,0,0,0
FPMLKI_19615 Putative HicA protein,Unmatched,0,0,0
FPMLKI_19620 type II toxin-antitoxin system HicB family antitoxin,Unmatched,0,0,0
FPMLKI_19625 hypothetical protein,Unmatched,0,0,0
FPMLKI_19630 ABC transporter permease,Unmatched,0,0,0
FPMLKI_19635 efflux transporter periplasmic adaptor subunit,Unmatched,0,0,0
FPMLKI_19640 cytochrome c biogenesis factor,Unmatched,0,0,0
FPMLKI_19645 hypothetical protein,Unmatched,0,0,0
FPMLKI_19650 hypothetical protein,Unmatched,0,0,0
FPMLKI_19655 AbrB/MazE/SpoVT family DNA-binding domain-containing protein,Unmatched,0,0,0
FPMLKI_19660 VapC toxin family PIN domain ribonuclease,Unmatched,0,0,0
FPMLKI_19665 hypothetical protein,Unmatched,0,0,0
FPMLKI_19670 hypothetical protein,Unmatched,0,0,0
FPMLKI_19675 NAD(P)-dependent oxidoreductase,Unmatched,0,0,0
FPMLKI_19680 hypothetical protein,Unmatched,0,0,0
"FPMLKI_19685 Endonuclease, Uma2 family (restriction endonuclease fold)",Unmatched,0,0,0
FPMLKI_19690 pentapeptide repeat-containing protein,Unmatched,0,0,0
FPMLKI_19695 DUF455 domain-containing protein,Unmatched,0,0,0
FPMLKI_19700 hypothetical protein,Unmatched,0,0,0
FPMLKI_19705 aldolase,Unmatched,0,0,0
FPMLKI_19710 hypothetical protein,Unmatched,0,0,0
FPMLKI_19715 argininosuccinate lyase,Unmatched,0,0,0
FPMLKI_19720 cyclic pyranopterin monophosphate synthase MoaC,Unmatched,0,0,0
FPMLKI_19725 tRNA-Arg(acg),Unmatched,0,0,0
"FPMLKI_19730 Putative O-linked N-acetylglucosamine transferase, SPINDLY family",Unmatched,0,0,0
FPMLKI_19735 Ribonuclease VapC,Unmatched,0,0,0
FPMLKI_19740 Similarity,Unmatched,0,0,0
FPMLKI_19745 hypothetical protein,Unmatched,0,0,0
FPMLKI_19750 Diaminopimelate decarboxylase,Unmatched,0,0,0
FPMLKI_19755 transcriptional regulator,Unmatched,0,0,0
FPMLKI_19760 DUF5615 domain-containing protein,Unmatched,0,0,0
FPMLKI_19765 hypothetical protein,Unmatched,0,0,0
FPMLKI_19770 Tetratricopeptide repeat family protein,Unmatched,0,0,0
FPMLKI_19775 XisI protein,Unmatched,0,0,0
FPMLKI_19780 YgiT-type zinc finger domain-containing protein,Unmatched,0,0,0
FPMLKI_19785 hypothetical protein,Unmatched,0,0,0
FPMLKI_19790 LPP domain-containing protein,Unmatched,0,0,0
FPMLKI_19795 urease subunit alpha,Unmatched,0,0,0
FPMLKI_19800 5' ureB small RNA,Unmatched,0,0,0
FPMLKI_19805 hypothetical protein,Unmatched,0,0,0
FPMLKI_19810 XisI protein,Unmatched,0,0,0
FPMLKI_19815 hypothetical protein,Unmatched,0,0,0
FPMLKI_19820 hypothetical protein,Unmatched,0,0,0
FPMLKI_19825 hypothetical protein,Unmatched,0,0,0
FPMLKI_19830 hypothetical protein,Unmatched,0,0,0
FPMLKI_19835 hypothetical protein,Unmatched,0,0,0
FPMLKI_19840 hypothetical protein,Unmatched,0,0,0
FPMLKI_19845 DUF2584 domain-containing protein,Unmatched,0,0,0
FPMLKI_19850 bifunctional aconitate hydratase 2/2-methylisocitrate dehydratase,Unmatched,0,0,0
FPMLKI_19855 deoxyribose-phosphate aldolase,Unmatched,0,0,0
FPMLKI_19860 HAD family hydrolase,Unmatched,0,0,0
FPMLKI_19865 ATP phosphoribosyltransferase,Unmatched,0,0,0
FPMLKI_19870 chromate transporter,Unmatched,0,0,0
FPMLKI_19875 fatty-acid synthase,Unmatched,0,0,0
FPMLKI_19880 XisI protein,Unmatched,0,0,0
FPMLKI_19885 TIGR03032 family protein,Unmatched,0,0,0
FPMLKI_19895 hypothetical protein,Unmatched,0,0,0
FPMLKI_19900 nuclease,Unmatched,0,0,0
FPMLKI_19905 DUF4347 domain-containing protein,Unmatched,0,0,0
FPMLKI_19910 NUDIX hydrolase,Unmatched,0,0,0
"FPMLKI_19915 Type I restriction-modification system, specificity subunit S",Unmatched,0,0,0
FPMLKI_19920 hypothetical protein,Unmatched,0,0,0
FPMLKI_19925 hypothetical protein,Unmatched,0,0,0
FPMLKI_19930 RHH-1 domain-containing protein,Unmatched,0,0,0
FPMLKI_19935 molecular chaperone DnaJ,Unmatched,0,0,0
FPMLKI_19940 bicarbonate-binding protein,Unmatched,0,0,0
FPMLKI_19945 nitrate ABC transporter permease,Unmatched,0,0,0
FPMLKI_19950 bacitracin ABC transporter ATP-binding protein,Unmatched,0,0,0
FPMLKI_19955 bacitracin ABC transporter ATP-binding protein,Unmatched,0,0,0
FPMLKI_19960 Phosphate-starvation-inducible E family,Unmatched,0,0,0
FPMLKI_19965 SH3 domain-containing protein,Unmatched,0,0,0
FPMLKI_19970 AAA family ATPase,Unmatched,0,0,0
FPMLKI_19975 hypothetical protein,Unmatched,0,0,0
FPMLKI_19980 hypothetical protein,Unmatched,0,0,0
FPMLKI_19985 aminotransferase DegT,Unmatched,0,0,0
FPMLKI_19990 polyprenol monophosphomannose synthase,Unmatched,0,0,0
FPMLKI_19995 hypothetical protein,Unmatched,0,0,0
FPMLKI_20000 Mobile element protein,Unmatched,0,0,0
FPMLKI_20005 GTPase HflX,Unmatched,0,0,0
FPMLKI_20010 ketose-bisphosphate aldolase,Unmatched,0,0,0
FPMLKI_20015 RdgB/HAM1 family non-canonical purine NTP pyrophosphatase,Unmatched,0,0,0
FPMLKI_20020 lipoyl synthase,Unmatched,0,0,0
FPMLKI_20025 tRNA-Pro(cgg),Unmatched,0,0,0
FPMLKI_20030 Cys/Met metabolism pyridoxal-phosphate-dependent enzyme,Unmatched,0,0,0
FPMLKI_20035 iron export ABC transporter permease subunit FetB,Unmatched,0,0,0
FPMLKI_20040 type I glyceraldehyde-3-phosphate dehydrogenase,Unmatched,0,0,0
FPMLKI_20045 DUF3155 domain-containing protein,Unmatched,0,0,0
FPMLKI_20050 histidine kinase,Unmatched,0,0,0
FPMLKI_20055 ABC transporter transmembrane region,Unmatched,0,0,0
FPMLKI_20060 metallophosphoesterase,Unmatched,0,0,0
FPMLKI_20065 hypothetical protein,Unmatched,0,0,0
FPMLKI_20070 NIDO domain-containing protein,Unmatched,0,0,0
FPMLKI_20105 Ribonuclease VapC,Unmatched,0,0,0
FPMLKI_20110 hypothetical protein,Unmatched,0,0,0
FPMLKI_20215 metal-binding protein,Unmatched,0,0,0
FPMLKI_20220 glycosyltransferase,Unmatched,0,0,0
FPMLKI_20225 M23 family peptidase,Unmatched,0,0,0
FPMLKI_20230 serine--tRNA ligase,Unmatched,0,0,0
"FPMLKI_20235 2,3-diketo-5-methylthiopentyl-1-phosphate enolase",Unmatched,0,0,0
FPMLKI_20240 peptidylprolyl isomerase,Unmatched,0,0,0
FPMLKI_20245 4-amino-4-deoxy-L-arabinose transferase,Unmatched,0,0,0
FPMLKI_20250 DNA phosphorothioation-associated protein 4,Unmatched,0,0,0
FPMLKI_20255 ring-hydroxylating oxygenase subunit alpha,Unmatched,0,0,0
FPMLKI_20260 DUF1361 domain-containing protein,Unmatched,0,0,0
"FPMLKI_20265 1,4-dihydroxy-2-naphthoyl-CoA hydrolase",Unmatched,0,0,0
FPMLKI_20270 cofactor assembly of complex C subunit B,Unmatched,0,0,0
FPMLKI_20275 ABC 3 transport family,Unmatched,0,0,0
FPMLKI_20280 DUF5615 domain-containing protein,Unmatched,0,0,0
FPMLKI_20285 hypothetical protein,Unmatched,0,0,0
FPMLKI_20290 Protein kinase,Unmatched,0,0,0
FPMLKI_20295 PIN domain nuclease,Unmatched,0,0,0
FPMLKI_20300 hypothetical protein,Unmatched,0,0,0
FPMLKI_20305 hypothetical protein,Unmatched,0,0,0
FPMLKI_20310 hypothetical protein,Unmatched,0,0,0
FPMLKI_20315 alkaline phosphatase,Unmatched,0,0,0
FPMLKI_20320 adenosylhomocysteinase,Unmatched,0,0,0
FPMLKI_20325 riboflavin synthase,Unmatched,0,0,0
FPMLKI_20330 glutamate-5-semialdehyde dehydrogenase,Unmatched,0,0,0
FPMLKI_20335 1-deoxy-D-xylulose-5-phosphate reductoisomerase,Unmatched,0,0,0
FPMLKI_20340 acyl-CoA desaturase,Unmatched,0,0,0
FPMLKI_20350 IS1634 family transposase,Unmatched,0,0,0
FPMLKI_20355 hypothetical protein,Unmatched,0,0,0
FPMLKI_20360 gas vesicle protein,Unmatched,0,0,0
FPMLKI_20365 Cyano-1 RNA,Unmatched,0,0,0
FPMLKI_20370 glutaminase A,Unmatched,0,0,0
FPMLKI_20375 carbonic anhydrase,Unmatched,0,0,0
FPMLKI_20380 photosystem II reaction center protein PsbN,Unmatched,0,0,0
FPMLKI_20385 alpha-mannosidase,Unmatched,0,0,0
FPMLKI_20390 tRNA-Thr(ggt),Unmatched,0,0,0
FPMLKI_20395 tRNA-Tyr(gta),Unmatched,0,0,0
FPMLKI_20400 ferredoxin,Unmatched,0,0,0
FPMLKI_20405 peroxiredoxin,Unmatched,0,0,0
FPMLKI_20410 photosystem II complex extrinsic protein PsbU,Unmatched,0,0,0
FPMLKI_20415 L-aspartate oxidase,Unmatched,0,0,0
FPMLKI_20420 HEAT repeat domain-containing protein,Unmatched,0,0,0
FPMLKI_20425 UDP-glucose--tetrahydrobiopterin glucosyltransferase,Unmatched,0,0,0
FPMLKI_20430 SAM-dependent methyltransferase,Unmatched,0,0,0
FPMLKI_20435 bifunctional ADP-dependent NAD(P)H-hydrate dehydratase/NAD(P)H-hydrate epimerase,Unmatched,0,0,0
FPMLKI_20440 serine esterase,Unmatched,0,0,0
FPMLKI_20445 16S rRNA (cytosine(967)-C(5))-methyltransferase,Unmatched,0,0,0
FPMLKI_20450 Tellurite resistance protein TerB,Unmatched,0,0,0
FPMLKI_20455 alpha-D-glucose phosphate-specific phosphoglucomutase,Unmatched,0,0,0
FPMLKI_20460 L-glutamate gamma-semialdehyde dehydrogenase,Unmatched,0,0,0
FPMLKI_20465 photosynthetic/respiratory NAD(P)H-quinone oxidoreductase subunit H,Unmatched,0,0,0
FPMLKI_20470 Similarity,Unmatched,0,0,0
FPMLKI_20475 Similarity,Unmatched,0,0,0
FPMLKI_20480 MoxR family ATPase,Unmatched,0,0,0
FPMLKI_20485 FGE-sulfatase domain-containing protein,Unmatched,0,0,0
FPMLKI_20490 DUF4258 domain-containing protein,Unmatched,0,0,0
FPMLKI_20495 DUF2283 domain-containing protein,Unmatched,0,0,0
FPMLKI_20500 Similarity (Modular protein),Unmatched,0,0,0
FPMLKI_20505 HD domain-containing protein,Unmatched,0,0,0
FPMLKI_20510 DUF29 domain-containing protein,Unmatched,0,0,0
FPMLKI_20515 J domain-containing protein,Unmatched,0,0,0
FPMLKI_20520 serine protease,Unmatched,0,0,0
FPMLKI_20525 Serine/threonine-protein kinase PknA,Unmatched,0,0,0
FPMLKI_20530 serine/threonine protein kinase,Unmatched,0,0,0
FPMLKI_20535 hypothetical protein,Unmatched,0,0,0
FPMLKI_20540 GTPase Era,Unmatched,0,0,0
FPMLKI_20545 uracil-DNA glycosylase,Unmatched,0,0,0
FPMLKI_20550 16S rRNA (guanine(966)-N(2))-methyltransferase RsmD,Unmatched,0,0,0
FPMLKI_20555 threonine synthase,Unmatched,0,0,0
FPMLKI_20560 molybdopterin synthase sulfur carrier subunit,Unmatched,0,0,0
FPMLKI_20565 DUF29 domain-containing protein,Unmatched,0,0,0
FPMLKI_20570 SAM-dependent methyltransferase,Unmatched,0,0,0
FPMLKI_20575 hypothetical protein,Unmatched,0,0,0
FPMLKI_20615 sulfate ABC transporter ATP-binding protein,Unmatched,0,0,0
FPMLKI_20620 sulfate ABC transporter permease subunit CysW,Unmatched,0,0,0
FPMLKI_20625 sulfate ABC transporter permease subunit CysT,Unmatched,0,0,0
FPMLKI_20630 ABC transporter,Unmatched,0,0,0
FPMLKI_20635 sulfate ABC transporter substrate-binding protein,Unmatched,0,0,0
FPMLKI_20640 cAMP-binding protein,Unmatched,0,0,0
FPMLKI_20645 ribonuclease III,Unmatched,0,0,0
FPMLKI_20650 hypothetical protein,Unmatched,0,0,0
FPMLKI_20655 peptidase M16,Unmatched,0,0,0
FPMLKI_20660 Uncharacterised protein family (UPF0175),Unmatched,0,0,0
FPMLKI_20665 phosphoenolpyruvate synthase,Unmatched,0,0,0
FPMLKI_20670 hypothetical protein,Unmatched,0,0,0
FPMLKI_20675 hypothetical protein,Unmatched,0,0,0
FPMLKI_20680 bifunctional methylenetetrahydrofolate dehydrogenase/methenyltetrahydrofolate cyclohydrolase FolD,Unmatched,0,0,0
FPMLKI_20685 OB-fold nucleic acid binding domain protein,Unmatched,0,0,0
FPMLKI_20690 Conserved protein,Unmatched,0,0,0
FPMLKI_20695 NUDIX hydrolase,Unmatched,0,0,0
FPMLKI_20700 peptidase S41,Unmatched,0,0,0
FPMLKI_20705 recombination mediator RecR,Unmatched,0,0,0
"FPMLKI_20710 pyruvate/2-oxoglutarate dehydrogenase complex,dihydrolipoamide dehydrogenase (E3) component",Unmatched,0,0,0
FPMLKI_20715 biosynthetic arginine decarboxylase,Unmatched,0,0,0
FPMLKI_20720 agmatinase,Unmatched,0,0,0
FPMLKI_20725 tRNA-Val(gac),Unmatched,0,0,0
FPMLKI_20730 2Fe-2S ferredoxin,Unmatched,0,0,0
FPMLKI_20735 hypothetical protein,Unmatched,0,0,0
FPMLKI_20740 DUF1825 domain-containing protein,Unmatched,0,0,0
FPMLKI_20745 Helix-turn-helix domain-containing protein,Unmatched,0,0,0
FPMLKI_20750 DUF2949 domain-containing protein,Unmatched,0,0,0
FPMLKI_20755 Conserved nitrate reductase-associated protein (Nitr_red_assoc),Unmatched,0,0,0
FPMLKI_20760 prephenate/arogenate dehydrogenase,Unmatched,0,0,0
FPMLKI_20765 cupin domain-containing protein,Unmatched,0,0,0
FPMLKI_20770 Polyketide cyclase / dehydrase and lipid transport,Unmatched,0,0,0
FPMLKI_20775 hypothetical protein,Unmatched,0,0,0
FPMLKI_20780 AAA family ATPase,Unmatched,0,0,0
FPMLKI_20785 BolA family transcriptional regulator,Unmatched,0,0,0
FPMLKI_20790 hypothetical protein,Unmatched,0,0,0
FPMLKI_20795 Uma2 domain-containing protein,Unmatched,0,0,0
FPMLKI_20800 Uma2 family endonuclease,Unmatched,0,0,0
FPMLKI_20805 cobalamin biosynthesis bifunctional protein CbiET,Unmatched,0,0,0
FPMLKI_20810 hypothetical protein,Unmatched,0,0,0
FPMLKI_20815 hypothetical protein,Unmatched,0,0,0
FPMLKI_20820 precorrin-3B synthase,Unmatched,0,0,0
FPMLKI_20825 precorrin-8X methylmutase,Unmatched,0,0,0
FPMLKI_20830 precorrin-2 C(20)-methyltransferase,Unmatched,0,0,0
FPMLKI_20835 Serine/threonine-protein kinase pkn1,Unmatched,0,0,0
FPMLKI_20840 hypothetical protein,Unmatched,0,0,0
FPMLKI_20845 PemK-like protein,Unmatched,0,0,0
FPMLKI_20850 hypothetical protein,Unmatched,0,0,0
FPMLKI_20855 DNA-processing protein DprA,Unmatched,0,0,0
FPMLKI_20860 thioredoxin,Unmatched,0,0,0
FPMLKI_20865 hypothetical protein,Unmatched,0,0,0
FPMLKI_20870 Acetate kinase,Unmatched,0,0,0
FPMLKI_20875 Fis family transcriptional regulator,Unmatched,0,0,0
FPMLKI_20880 RNA polymerase subunit sigma,Unmatched,0,0,0
FPMLKI_20885 DUF3011 domain-containing protein,Unmatched,0,0,0
FPMLKI_20890 response regulator transcription factor,Unmatched,0,0,0
FPMLKI_20895 hypothetical protein,Unmatched,0,0,0
FPMLKI_20900 aldehyde dehydrogenase family protein,Unmatched,0,0,0
FPMLKI_20905 Big-5 domain-containing protein,Unmatched,0,0,0
FPMLKI_20910 TIGR03943 family protein,Unmatched,0,0,0
FPMLKI_20915 putative permease,Unmatched,0,0,0
FPMLKI_20925 Similarity,Unmatched,0,0,0
FPMLKI_20940 XisI protein,Unmatched,0,0,0
FPMLKI_20945 FdxN element excision controlling factor protein,Unmatched,0,0,0
FPMLKI_20950 hypothetical protein,Unmatched,0,0,0
FPMLKI_20955 argininosuccinate synthase,Unmatched,0,0,0
FPMLKI_20960 histidine kinase,Unmatched,0,0,0
FPMLKI_20965 NAD(P)H-quinone oxidoreductase subunit 4L NdhQ,Unmatched,0,0,0
FPMLKI_20970 lipolytic protein G-D-S-L family,Unmatched,0,0,0
FPMLKI_20975 5-(carboxyamino)imidazole ribonucleotide synthase,Unmatched,0,0,0
FPMLKI_20980 hypothetical protein,Unmatched,0,0,0
FPMLKI_20985 STAS/SEC14 domain-containing protein,Unmatched,0,0,0
FPMLKI_20990 glycosyl transferase,Unmatched,0,0,0
FPMLKI_20995 branched-chain amino acid ABC transporter permease,Unmatched,0,0,0
FPMLKI_21000 DUF4346 domain-containing protein,Unmatched,0,0,0
FPMLKI_21005 DUF2252 domain-containing protein,Unmatched,0,0,0
FPMLKI_21010 sulfate transporter,Unmatched,0,0,0
FPMLKI_21015 flavin-dependent dehydrogenase,Unmatched,0,0,0
FPMLKI_21020 hypothetical protein,Unmatched,0,0,0
FPMLKI_21025 DUF2993 domain-containing protein,Unmatched,0,0,0
FPMLKI_21030 spore germination protein,Unmatched,0,0,0
FPMLKI_21035 mechanosensitive ion channel protein MscS,Unmatched,0,0,0
FPMLKI_21040 Cytochrome c-553-like,Unmatched,0,0,0
"FPMLKI_21045 O-linked N-acetylglucosamine transferase, SPINDLY family protein",Unmatched,0,0,0
"FPMLKI_21050 putative O-linked N-acetylglucosamine transferase, SPINDLY family",Unmatched,0,0,0
"FPMLKI_21055 O-linked N-acetylglucosamine transferase, SPINDLY family protein",Unmatched,0,0,0
FPMLKI_21060 prolyl aminopeptidase,Unmatched,0,0,0
FPMLKI_21065 NAD-dependent malic enzyme,Unmatched,0,0,0
FPMLKI_21070 D-alanyl-D-alanine carboxypeptidase,Unmatched,0,0,0
FPMLKI_21075 serine/threonine-protein kinase pkn1,Unmatched,0,0,0
FPMLKI_21080 efflux transporter periplasmic adaptor subunit,Unmatched,0,0,0
FPMLKI_21085 Conserved protein,Unmatched,0,0,0
FPMLKI_21090 ABC transporter permease,Unmatched,0,0,0
FPMLKI_21095 aldo/keto reductase,Unmatched,0,0,0
FPMLKI_21100 hypothetical protein,Unmatched,0,0,0
FPMLKI_21105 hypothetical protein,Unmatched,0,0,0
FPMLKI_21110 hypothetical protein,Unmatched,0,0,0
FPMLKI_21115 DUF4115 domain-containing protein,Unmatched,0,0,0
FPMLKI_21120 pseudouridine synthase,Unmatched,0,0,0
FPMLKI_21125 DDE-3 domain-containing protein,Unmatched,0,0,0
FPMLKI_21130 DUF1350 domain-containing protein,Unmatched,0,0,0
FPMLKI_21135 uridine phosphorylase,Unmatched,0,0,0
FPMLKI_21140 RloB domain-containing protein,Unmatched,0,0,0
FPMLKI_21145 abortive infection protein,Unmatched,0,0,0
FPMLKI_21150 ferredoxin:protochlorophyllide reductase (ATP-dependent) subunit N,Unmatched,0,0,0
FPMLKI_21155 DUF5331 domain-containing protein,Unmatched,0,0,0
FPMLKI_21160 ferredoxin:protochlorophyllide reductase (ATP-dependent) iron-sulfur ATP-binding protein,Unmatched,0,0,0
FPMLKI_21165 hypothetical protein,Unmatched,0,0,0
FPMLKI_21170 hypothetical protein,Unmatched,0,0,0
FPMLKI_21175 4-hydroxy-3-methylbut-2-enyl diphosphate reductase,Unmatched,0,0,0
FPMLKI_21180 CRR6 family NdhI maturation factor,Unmatched,0,0,0
FPMLKI_21185 hypothetical protein,Unmatched,0,0,0
FPMLKI_21190 hypothetical protein,Unmatched,0,0,0
FPMLKI_21195 hypothetical protein,Unmatched,0,0,0
FPMLKI_21200 transposase,Unmatched,0,0,0
FPMLKI_21205 alanine--tRNA ligase,Unmatched,0,0,0
FPMLKI_21210 hypothetical protein,Unmatched,0,0,0
FPMLKI_21215 ATPase,Unmatched,0,0,0
FPMLKI_21220 nitrate reductase catalytic subunit,Unmatched,0,0,0
FPMLKI_21225 DNA polymerase III subunit gamma/tau,Unmatched,0,0,0
FPMLKI_21230 Grx4 family monothiol glutaredoxin,Unmatched,0,0,0
FPMLKI_21235 mechanosensitive ion channel family protein,Unmatched,0,0,0
FPMLKI_21240 lipoyl synthase,Unmatched,0,0,0
FPMLKI_21245 Putative S-adenosyl-L-methionine-dependent methyltransferase,Unmatched,0,0,0
FPMLKI_21250 ferredoxin:protochlorophyllide reductase (ATP-dependent) subunit B,Unmatched,0,0,0
FPMLKI_21255 chromosome partitioning protein ParA,Unmatched,0,0,0
FPMLKI_21260 4a-hydroxytetrahydrobiopterin dehydratase,Unmatched,0,0,0
FPMLKI_21265 Prepilin-type cleavage/methylation domain-containing protein,Unmatched,0,0,0
FPMLKI_21270 tRNA (uridine(34)/cytosine(34)/5-carboxymethylaminomethyluridine(34)-2'-O)-methyltransferase TrmL,Unmatched,0,0,0
FPMLKI_21275 hypothetical protein,Unmatched,0,0,0
FPMLKI_21280 hypothetical protein,Unmatched,0,0,0
FPMLKI_21285 DNA (cytosine-5-)-methyltransferase,Unmatched,0,0,0
FPMLKI_21290 NAD(P)H-quinone oxidoreductase chain 4 2,Unmatched,0,0,0
FPMLKI_21295 ABC transporter ATP-binding protein,Unmatched,0,0,0
FPMLKI_21300 septal ring lytic transglycosylase RlpA family lipoprotein,Unmatched,0,0,0
FPMLKI_21305 hypothetical protein,Unmatched,0,0,0
FPMLKI_21310 Transposase,Unmatched,0,0,0
FPMLKI_21315 Insertion element ISR1 uncharacterized protein A3,Unmatched,0,0,0
FPMLKI_21320 hypothetical protein,Unmatched,0,0,0
FPMLKI_21325 phosphate ABC transporter permease subunit PstC,Unmatched,0,0,0
FPMLKI_21330 phosphate-binding protein,Unmatched,0,0,0
FPMLKI_21335 sulfate ABC transporter substrate-binding protein,Unmatched,0,0,0
FPMLKI_21340 transporter,Unmatched,0,0,0
FPMLKI_21345 sulfonate ABC transporter substrate-binding protein,Unmatched,0,0,0
FPMLKI_21350 RNA polymerase sigma factor SigC,Unmatched,0,0,0
"FPMLKI_21355 Glycosyl transferase family, a/b domain-containing protein",Unmatched,0,0,0
FPMLKI_21360 LysR family transcriptional regulator,Unmatched,0,0,0
FPMLKI_21365 arsenosugar biosynthesis arsenite methyltransferase ArsM,Unmatched,0,0,0
FPMLKI_21370 glutamate-5-semialdehyde dehydrogenase,Unmatched,0,0,0
FPMLKI_21375 hypothetical protein,Unmatched,0,0,0
FPMLKI_21380 tRNA-Gly(gcc),Unmatched,0,0,0
FPMLKI_21385 hypothetical protein,Unmatched,0,0,0
"FPMLKI_21390 6,7-dimethyl-8-ribityllumazine synthase",Unmatched,0,0,0
FPMLKI_21395 hypothetical protein,Unmatched,0,0,0
FPMLKI_21400 peptidoglycan-binding protein LysM,Unmatched,0,0,0
FPMLKI_21405 Phage tail baseplate hub (GPD),Unmatched,0,0,0
FPMLKI_21410 phage tail protein,Unmatched,0,0,0
FPMLKI_21415 PAAR motif protein,Unmatched,0,0,0
FPMLKI_21420 baseplate protein,Unmatched,0,0,0
FPMLKI_21425 putative baseplate assembly protein,Unmatched,0,0,0
FPMLKI_21430 Baseplate J-like protein,Unmatched,0,0,0
FPMLKI_21435 NHL repeat domain protein,Unmatched,0,0,0
FPMLKI_21440 hypothetical protein,Unmatched,0,0,0
FPMLKI_21445 Peptidase S74 domain-containing protein,Unmatched,0,0,0
FPMLKI_21450 pilus assembly protein,Unmatched,0,0,0
FPMLKI_21455 DUF2281 domain-containing protein,Unmatched,0,0,0
FPMLKI_21460 restriction endonuclease subunit S,Unmatched,0,0,0
FPMLKI_21465 hypothetical protein,Unmatched,0,0,0
FPMLKI_21470 hypothetical protein,Unmatched,0,0,0
FPMLKI_21475 hypothetical protein,Unmatched,0,0,0
FPMLKI_21480 AAA ATPase,Unmatched,0,0,0
FPMLKI_21485 DUF4255 domain-containing protein,Unmatched,0,0,0
FPMLKI_21490 IS630 family transposase,Unmatched,0,0,0
FPMLKI_21495 IS630 family transposase,Unmatched,0,0,0
FPMLKI_21500 Antitoxin,Unmatched,0,0,0
FPMLKI_21505 type II toxin-antitoxin system PemK/MazF family toxin,Unmatched,0,0,0
FPMLKI_21510 barstar family protein,Unmatched,0,0,0
FPMLKI_21515 hypothetical protein,Unmatched,0,0,0
FPMLKI_21520 hypothetical protein,Unmatched,0,0,0
FPMLKI_21535 tRNA-Ala(tgc),Unmatched,0,0,0
FPMLKI_21640 hypothetical protein,Unmatched,0,0,0
FPMLKI_21645 amidophosphoribosyltransferase,Unmatched,0,0,0
FPMLKI_21650 energy-coupling factor transporter ATPase,Unmatched,0,0,0
FPMLKI_21655 3-phosphoshikimate 1-carboxyvinyltransferase,Unmatched,0,0,0
FPMLKI_21660 peroxiredoxin,Unmatched,0,0,0
FPMLKI_21665 hypothetical protein,Unmatched,0,0,0
FPMLKI_21670 AAA+ family ATPase,Unmatched,0,0,0
FPMLKI_21675 hypothetical protein,Unmatched,0,0,0
FPMLKI_21680 glycosyl transferase family 1,Unmatched,0,0,0
FPMLKI_21685 Phosphomannomutase,Unmatched,0,0,0
FPMLKI_21690 Phosphomannomutase,Unmatched,0,0,0
FPMLKI_21695 four helix bundle protein,Unmatched,0,0,0
FPMLKI_21700 Pilin polypeptide,Unmatched,0,0,0
FPMLKI_21705 Type II secretion system protein G,Unmatched,0,0,0
FPMLKI_21710 hypothetical protein,Unmatched,0,0,0
FPMLKI_21715 DUF29 domain-containing protein,Unmatched,0,0,0
FPMLKI_21720 Nucleoside-diphosphate-sugar epimerase,Unmatched,0,0,0
FPMLKI_21725 DUF2839 domain-containing protein,Unmatched,0,0,0
FPMLKI_21730 LL-diaminopimelate aminotransferase,Unmatched,0,0,0
FPMLKI_21735 metallophosphatase,Unmatched,0,0,0
FPMLKI_21740 Tetratricopeptide TPR_1 repeat-containing protein,Unmatched,0,0,0
FPMLKI_21745 mannosyltransferase,Unmatched,0,0,0
FPMLKI_21750 Serine acetyltransferase,Unmatched,0,0,0
FPMLKI_21755 tRNA-Ser(gga),Unmatched,0,0,0
FPMLKI_21760 transcription-repair coupling factor,Unmatched,0,0,0
FPMLKI_21765 cation ABC transporter substrate-binding protein,Unmatched,0,0,0
FPMLKI_21770 ABC transporter,Unmatched,0,0,0
FPMLKI_21775 hypothetical protein,Unmatched,0,0,0
FPMLKI_21780 hypothetical protein,Unmatched,0,0,0
FPMLKI_21785 hypothetical protein,Unmatched,0,0,0
FPMLKI_21790 PIN domain-containing protein,Unmatched,0,0,0
FPMLKI_21795 hypothetical protein,Unmatched,0,0,0
FPMLKI_21800 hypothetical protein,Unmatched,0,0,0
FPMLKI_21805 DUF2283 domain-containing protein,Unmatched,0,0,0
FPMLKI_21810 DUF29 domain-containing protein,Unmatched,0,0,0
FPMLKI_21815 alpha/beta hydrolase,Unmatched,0,0,0
FPMLKI_21820 hypothetical protein,Unmatched,0,0,0
FPMLKI_21825 hypothetical protein,Unmatched,0,0,0
FPMLKI_21830 hypothetical protein,Unmatched,0,0,0
FPMLKI_21835 hypothetical protein,Unmatched,0,0,0
FPMLKI_21840 hypothetical protein,Unmatched,0,0,0
FPMLKI_21845 ABC transporter ATP-binding protein,Unmatched,0,0,0
FPMLKI_21850 MFS transporter,Unmatched,0,0,0
FPMLKI_21855 ABC transporter permease,Unmatched,0,0,0
FPMLKI_21860 ABC transporter,Unmatched,0,0,0
FPMLKI_21865 Putative restriction endonuclease,Unmatched,0,0,0
FPMLKI_21870 Putative restriction endonuclease,Unmatched,0,0,0
FPMLKI_21875 type II toxin-antitoxin system RelE/ParE family toxin,Unmatched,0,0,0
FPMLKI_21880 addiction module component,Unmatched,0,0,0
FPMLKI_21885 hypothetical protein,Unmatched,0,0,0
FPMLKI_21890 MFS transporter,Unmatched,0,0,0
FPMLKI_21895 DUF4926 domain-containing protein,Unmatched,0,0,0
FPMLKI_21900 hypothetical protein,Unmatched,0,0,0
FPMLKI_21905 hypothetical protein,Unmatched,0,0,0
FPMLKI_21910 hypothetical protein,Unmatched,0,0,0
FPMLKI_21915 UPF0367 protein MAE_19160,Unmatched,0,0,0
FPMLKI_21920 LuxR family transcriptional regulator,Unmatched,0,0,0
FPMLKI_21925 RNA-binding protein,Unmatched,0,0,0
FPMLKI_21930 DNA/RNA nuclease SfsA,Unmatched,0,0,0
FPMLKI_21935 chorismate synthase,Unmatched,0,0,0
FPMLKI_21940 glycosyl transferase family 1,Unmatched,0,0,0
FPMLKI_21945 Putative restriction endonuclease,Unmatched,0,0,0
FPMLKI_21950 hypothetical protein,Unmatched,0,0,0
FPMLKI_21955 PIN domain nuclease,Unmatched,0,0,0
FPMLKI_21960 AAA domain-containing protein,Unmatched,0,0,0
FPMLKI_21965 hypothetical protein,Unmatched,0,0,0
FPMLKI_21970 hypothetical protein,Unmatched,0,0,0
FPMLKI_21975 hypothetical protein,Unmatched,0,0,0
FPMLKI_21980 hemolysin,Unmatched,0,0,0
FPMLKI_21985 hypothetical protein,Unmatched,0,0,0
FPMLKI_21990 cyanase,Unmatched,0,0,0
FPMLKI_21995 sodium:solute symporter,Unmatched,0,0,0
FPMLKI_22000 hypothetical protein,Unmatched,0,0,0
FPMLKI_22005 hypothetical protein,Unmatched,0,0,0
FPMLKI_22010 Chromophore lyase CpcT/CpeT 2,Unmatched,0,0,0
FPMLKI_22015 peptidase S51,Unmatched,0,0,0
FPMLKI_22020 polyamine ABC transporter substrate-binding protein,Unmatched,0,0,0
FPMLKI_22025 site-2 protease family protein,Unmatched,0,0,0
FPMLKI_22030 Holliday junction branch migration protein RuvA,Unmatched,0,0,0
FPMLKI_22035 Allophycocyanin alpha chain,Unmatched,0,0,0
FPMLKI_22040 allophycocyanin subunit beta,Unmatched,0,0,0
FPMLKI_22045 photosystem I reaction center subunit XII,Unmatched,0,0,0
FPMLKI_22050 peptide-methionine (R)-S-oxide reductase,Unmatched,0,0,0
FPMLKI_22055 Uma2 domain-containing protein,Unmatched,0,0,0
FPMLKI_22060 iron-sulfur cluster biosynthesis transcriptional regulator SufR,Unmatched,0,0,0
FPMLKI_22065 Fe-S cluster assembly protein SufB,Unmatched,0,0,0
FPMLKI_22070 Fe-S cluster assembly ATPase SufC,Unmatched,0,0,0
FPMLKI_22075 Fe-S cluster assembly protein SufD,Unmatched,0,0,0
FPMLKI_22080 cysteine desulfurase,Unmatched,0,0,0
FPMLKI_22085 RNA pseudouridine synthase,Unmatched,0,0,0
FPMLKI_22090 DUF29 domain-containing protein,Unmatched,0,0,0
FPMLKI_22095 Serine/threonine-protein kinase B,Unmatched,0,0,0
FPMLKI_22100 hypothetical protein,Unmatched,0,0,0
FPMLKI_22105 transglutaminase,Unmatched,0,0,0
FPMLKI_22110 A putative alpha-helical domain with a conserved ER motif,Unmatched,0,0,0
FPMLKI_22115 DUF404 DUF407 domains-containing protein,Unmatched,0,0,0
FPMLKI_22120 cytochrome b6,Unmatched,0,0,0
FPMLKI_22125 cytochrome b6-f complex subunit IV,Unmatched,0,0,0
FPMLKI_22130 phytoene/squalene synthase family protein,Unmatched,0,0,0
FPMLKI_22135 hypothetical protein,Unmatched,0,0,0
FPMLKI_22140 Chromosome partition protein Smc,Unmatched,0,0,0
FPMLKI_22145 two-component system response regulator,Unmatched,0,0,0
FPMLKI_22150 CheW-like domain-containing protein,Unmatched,0,0,0
FPMLKI_22155 chemotaxis protein,Unmatched,0,0,0
FPMLKI_22160 glycosyltransferase,Unmatched,0,0,0
FPMLKI_22165 hypothetical protein,Unmatched,0,0,0
FPMLKI_22170 hypothetical protein,Unmatched,0,0,0
FPMLKI_22175 DUF3352 domain-containing protein,Unmatched,0,0,0
FPMLKI_22180 hypothetical protein,Unmatched,0,0,0
FPMLKI_22185 PINc domain-containing protein,Unmatched,0,0,0
FPMLKI_22190 AbrB family transcriptional regulator,Unmatched,0,0,0
FPMLKI_22195 Chemotaxis protein CheA,Unmatched,0,0,0
FPMLKI_22200 hypothetical protein,Unmatched,0,0,0
FPMLKI_22205 decarboxylating NADP(+)-dependent phosphogluconate dehydrogenase,Unmatched,0,0,0
FPMLKI_22210 Zn-dependent hydrolase,Unmatched,0,0,0
FPMLKI_22215 site-specific DNA-methyltransferase,Unmatched,0,0,0
FPMLKI_22220 mannosyltransferase,Unmatched,0,0,0
FPMLKI_22225 PEP-CTERM domain-containing protein,Unmatched,0,0,0
FPMLKI_22230 Leukotoxin,Unmatched,0,0,0
FPMLKI_22235 peroxiredoxin,Unmatched,0,0,0
FPMLKI_22240 ABC-F type ribosomal protection protein,Unmatched,0,0,0
FPMLKI_22245 S15 family X-Pro dipeptidyl-peptidase,Unmatched,0,0,0
FPMLKI_22250 Uncharacterized protein alr1449,Unmatched,0,0,0
FPMLKI_22255 aldo/keto reductase,Unmatched,0,0,0
FPMLKI_22260 Similarity,Unmatched,0,0,0
FPMLKI_22265 sugar ABC transporter substrate-binding protein,Unmatched,0,0,0
FPMLKI_22270 transketolase,Unmatched,0,0,0
FPMLKI_22275 proline hydroxylase,Unmatched,0,0,0
FPMLKI_22280 ABC transporter substrate-binding protein,Unmatched,0,0,0
FPMLKI_22285 Hypothetical glycosyl hydrolase 6,Unmatched,0,0,0
FPMLKI_22290 hormogonium polysaccharide biosynthesis acetyltransferase HpsU,Unmatched,0,0,0
FPMLKI_22295 glycosyltransferase,Unmatched,0,0,0
FPMLKI_22300 Urease accessory protein UreF,Unmatched,0,0,0
FPMLKI_22305 hypothetical protein,Unmatched,0,0,0
FPMLKI_22310 molybdenum cofactor biosynthesis protein,Unmatched,0,0,0
FPMLKI_22315 DUF4115 domain-containing protein,Unmatched,0,0,0
FPMLKI_22320 dihem cytochrome c family protein,Unmatched,0,0,0
FPMLKI_22325 GUN4 domain-containing protein,Unmatched,0,0,0
FPMLKI_22330 hypothetical protein,Unmatched,0,0,0
FPMLKI_22335 DUF2235 domain-containing protein,Unmatched,0,0,0
FPMLKI_22340 6-carboxytetrahydropterin synthase QueD,Unmatched,0,0,0
FPMLKI_22345 PHP domain-containing protein,Unmatched,0,0,0
FPMLKI_22350 NAD(P)H-quinone oxidoreductase subunit F,Unmatched,0,0,0
FPMLKI_22355 tRNA-Thr(tgt),Unmatched,0,0,0
FPMLKI_22360 lipid kinase,Unmatched,0,0,0
FPMLKI_22365 amino acid ABC transporter substrate-binding protein,Unmatched,0,0,0
FPMLKI_22370 TIGR00297 family protein,Unmatched,0,0,0
FPMLKI_22375 cytochrome B,Unmatched,0,0,0
FPMLKI_22380 Methionine biosynthesis protein MetW,Unmatched,0,0,0
FPMLKI_22385 (2Fe-2S)-binding protein,Unmatched,0,0,0
FPMLKI_22390 cobyric acid synthase CobQ,Unmatched,0,0,0
FPMLKI_22395 hypothetical protein,Unmatched,0,0,0
FPMLKI_22400 hypothetical protein,Unmatched,0,0,0
FPMLKI_22405 ferredoxin,Unmatched,0,0,0
FPMLKI_22410 DNA-binding response regulator,Unmatched,0,0,0
FPMLKI_22415 DUF1622 domain-containing protein,Unmatched,0,0,0
FPMLKI_22420 ATP-dependent Clp protease proteolytic subunit,Unmatched,0,0,0
FPMLKI_22425 ATP-dependent Clp protease proteolytic subunit,Unmatched,0,0,0
FPMLKI_22430 hypothetical protein,Unmatched,0,0,0
FPMLKI_22435 alcohol dehydrogenase,Unmatched,0,0,0
FPMLKI_22440 acetyl-CoA carboxylase biotin carboxyl carrier protein,Unmatched,0,0,0
FPMLKI_22445 elongation factor P,Unmatched,0,0,0
FPMLKI_22450 DUF3067 domain-containing protein,Unmatched,0,0,0
FPMLKI_22455 hypothetical protein,Unmatched,0,0,0
FPMLKI_22460 aspartate aminotransferase,Unmatched,0,0,0
FPMLKI_22465 N-acetyltransferase domain-containing protein,Unmatched,0,0,0
FPMLKI_22470 hypothetical protein,Unmatched,0,0,0
FPMLKI_22475 OrfB-Zn-ribbon domain-containing protein,Unmatched,0,0,0
FPMLKI_22480 Aluminium activated malate transporter,Unmatched,0,0,0
FPMLKI_22485 hypothetical protein,Unmatched,0,0,0
FPMLKI_22490 NHLP bacteriocin system secretion protein,Unmatched,0,0,0
FPMLKI_22495 hypothetical protein,Unmatched,0,0,0
FPMLKI_22500 succinate dehydrogenase/fumarate reductase flavoprotein subunit,Unmatched,0,0,0
FPMLKI_22505 tRNA-fMet(cat),Unmatched,0,0,0
FPMLKI_22510 TauD domain-containing protein,Unmatched,0,0,0
FPMLKI_22515 hypothetical protein,Unmatched,0,0,0
FPMLKI_22520 Similar to tr|Q8YUC9|Q8YUC9,Unmatched,0,0,0
FPMLKI_22525 hypothetical protein,Unmatched,0,0,0
"FPMLKI_22530 type II toxin-antitoxin system mRNA interferase toxin, RelE/StbE family",Unmatched,0,0,0
FPMLKI_22535 hypothetical protein,Unmatched,0,0,0
FPMLKI_22540 prevent-host-death protein,Unmatched,0,0,0
FPMLKI_22545 hypothetical protein,Unmatched,0,0,0
FPMLKI_22550 hypothetical protein,Unmatched,0,0,0
FPMLKI_22555 Toxin RelE domain protein,Unmatched,0,0,0
FPMLKI_22560 Tetratricopeptide protein,Unmatched,0,0,0
FPMLKI_22565 HicB-like domain-containing protein,Unmatched,0,0,0
FPMLKI_22570 carbon dioxide-concentrating protein CcmK,Unmatched,0,0,0
FPMLKI_22575 carbon dioxide-concentrating mechanism protein CcmK,Unmatched,0,0,0
FPMLKI_22580 peptide-methionine (S)-S-oxide reductase,Unmatched,0,0,0
FPMLKI_22585 3-methyl-2-oxobutanoate hydroxymethyltransferase,Unmatched,0,0,0
FPMLKI_22590 magnesium protoporphyrin IX methyltransferase,Unmatched,0,0,0
FPMLKI_22595 pyruvate kinase,Unmatched,0,0,0
FPMLKI_22600 molybdate ABC transporter substrate-binding protein,Unmatched,0,0,0
FPMLKI_22605 molybdate ABC transporter permease subunit,Unmatched,0,0,0
FPMLKI_22610 NACHT domain-containing protein,Unmatched,0,0,0
"FPMLKI_22615 cob(I)yrinic acid a,c-diamide adenosyltransferase",Unmatched,0,0,0
FPMLKI_22620 aldo/keto reductase,Unmatched,0,0,0
FPMLKI_22625 type I methionyl aminopeptidase,Unmatched,0,0,0
"FPMLKI_22630 RNA polymerase sigma factor, RpoD/SigA family",Unmatched,0,0,0
FPMLKI_22635 S-methyl-5'-thioadenosine phosphorylase,Unmatched,0,0,0
FPMLKI_22640 urease subunit beta,Unmatched,0,0,0
FPMLKI_22645 urease subunit gamma,Unmatched,0,0,0
FPMLKI_22650 VWA domain-containing protein,Unmatched,0,0,0
FPMLKI_22655 biopolymer transporter ExbB,Unmatched,0,0,0
FPMLKI_22660 biopolymer transporter ExbD,Unmatched,0,0,0
FPMLKI_22665 hypothetical protein,Unmatched,0,0,0
FPMLKI_22670 FAD-dependent oxidoreductase,Unmatched,0,0,0
FPMLKI_22675 GAF domain-containing protein,Unmatched,0,0,0
FPMLKI_22680 ParA family protein,Unmatched,0,0,0
FPMLKI_22685 Rho termination factor,Unmatched,0,0,0
FPMLKI_22690 hypothetical protein,Unmatched,0,0,0
FPMLKI_22695 restriction endonuclease subunit M,Unmatched,0,0,0
FPMLKI_22700 Methylase-S domain-containing protein,Unmatched,0,0,0
FPMLKI_22705 nucleic acid-binding protein,Unmatched,0,0,0
FPMLKI_22710 tRNA dihydrouridine synthase DusB,Unmatched,0,0,0
FPMLKI_22715 glucose-6-phosphate isomerase,Unmatched,0,0,0
FPMLKI_22720 ABC transporter permease,Unmatched,0,0,0
FPMLKI_22725 histidinol dehydrogenase,Unmatched,0,0,0
FPMLKI_22730 acetyl-CoA carboxylase biotin carboxylase subunit,Unmatched,0,0,0
FPMLKI_22735 Putative restriction endonuclease,Unmatched,0,0,0
FPMLKI_22740 Putative restriction endonuclease,Unmatched,0,0,0
FPMLKI_22745 DUF29 domain-containing protein,Unmatched,0,0,0
FPMLKI_22750 Putative restriction endonuclease,Unmatched,0,0,0
FPMLKI_22755 molecular chaperone DnaK,Unmatched,0,0,0
FPMLKI_22760 hypothetical protein,Unmatched,0,0,0
FPMLKI_22765 competence/damage-inducible protein A,Unmatched,0,0,0
FPMLKI_22770 hypothetical protein,Unmatched,0,0,0
FPMLKI_22775 hypothetical protein,Unmatched,0,0,0
FPMLKI_22780 cellulose synthase subunit BcsC,Unmatched,0,0,0
FPMLKI_22785 hypothetical protein,Unmatched,0,0,0
FPMLKI_22790 hypothetical protein,Unmatched,0,0,0
FPMLKI_22795 Lysylphosphatidylglycerol synthase TM region,Unmatched,0,0,0
FPMLKI_22800 hypothetical protein,Unmatched,0,0,0
FPMLKI_22805 hypothetical protein,Unmatched,0,0,0
FPMLKI_22810 AAA-like domain-containing protein,Unmatched,0,0,0
FPMLKI_22815 peptidase M15,Unmatched,0,0,0
FPMLKI_22820 Serine/threonine-protein kinase D,Unmatched,0,0,0
FPMLKI_22825 AAA domain-containing protein,Unmatched,0,0,0
FPMLKI_22830 Ycf66 protein N-terminus,Unmatched,0,0,0
FPMLKI_22835 hypothetical protein,Unmatched,0,0,0
FPMLKI_22840 DNA polymerase III subunit delta,Unmatched,0,0,0
"FPMLKI_22845 Forkhead associated (FHA) domain, binds pSer, pThr, pTyr",Unmatched,0,0,0
FPMLKI_22850 magnesium/cobalt transporter CorA,Unmatched,0,0,0
FPMLKI_22855 4-hydroxythreonine-4-phosphate dehydrogenase PdxA,Unmatched,0,0,0
FPMLKI_22860 hypothetical protein,Unmatched,0,0,0
FPMLKI_22865 deoxyribodipyrimidine photolyase,Unmatched,0,0,0
FPMLKI_22870 cation transporter,Unmatched,0,0,0
FPMLKI_22880 DUF561 domain-containing protein,Unmatched,0,0,0
FPMLKI_22885 hypothetical protein,Unmatched,0,0,0
FPMLKI_22890 bifunctional UDP-N-acetylglucosamine diphosphorylase/glucosamine-1-phosphate N-acetyltransferase GlmU,Unmatched,0,0,0
FPMLKI_22895 thioredoxin family protein,Unmatched,0,0,0
FPMLKI_22900 carbohydrate kinase,Unmatched,0,0,0
FPMLKI_22905 tocopherol cyclase,Unmatched,0,0,0
FPMLKI_22910 Uncharacterized protein sll0095,Unmatched,0,0,0
FPMLKI_22915 carotene isomerase,Unmatched,0,0,0
FPMLKI_22920 polysaccharide biosynthesis protein,Unmatched,0,0,0
FPMLKI_22925 hypothetical protein,Unmatched,0,0,0
FPMLKI_22930 cobalamin biosynthesis protein CobW,Unmatched,0,0,0
FPMLKI_22935 DUF218 domain-containing protein,Unmatched,0,0,0
FPMLKI_22940 DNA topoisomerase 4 subunit A,Unmatched,0,0,0
FPMLKI_22945 Response regulatory domain-containing protein,Unmatched,0,0,0
FPMLKI_22950 Transposase,Unmatched,0,0,0
FPMLKI_22955 hypothetical protein,Unmatched,0,0,0
FPMLKI_22960 Peptidase-M15-3 domain-containing protein,Unmatched,0,0,0
FPMLKI_22965 hypothetical protein,Unmatched,0,0,0
FPMLKI_22970 hypothetical protein,Unmatched,0,0,0
FPMLKI_22975 hypothetical protein,Unmatched,0,0,0
FPMLKI_22980 DNA-binding protein,Unmatched,0,0,0
FPMLKI_22985 hypothetical protein,Unmatched,0,0,0
FPMLKI_22990 DUF433 domain-containing protein,Unmatched,0,0,0
FPMLKI_22995 ACP S-malonyltransferase,Unmatched,0,0,0
FPMLKI_23000 hypothetical protein,Unmatched,0,0,0
FPMLKI_23005 hypothetical protein,Unmatched,0,0,0
FPMLKI_23010 isoprenylcysteine carboxylmethyltransferase family protein,Unmatched,0,0,0
FPMLKI_23015 hypothetical protein,Unmatched,0,0,0
FPMLKI_23020 diiron oxygenase,Unmatched,0,0,0
FPMLKI_23025 hypothetical protein,Unmatched,0,0,0
FPMLKI_23030 tRNA-synt-2b domain-containing protein,Unmatched,0,0,0
FPMLKI_23035 NAD-binding-4 domain-containing protein,Unmatched,0,0,0
FPMLKI_23040 Ferritin-like domain-containing protein,Unmatched,0,0,0
FPMLKI_23045 Carrier domain-containing protein,Unmatched,0,0,0
FPMLKI_23050 hypothetical protein,Unmatched,0,0,0
FPMLKI_23055 Biotin-lipoyl-2 domain-containing protein,Unmatched,0,0,0
FPMLKI_23060 ABC transporter,Unmatched,0,0,0
FPMLKI_23065 AB hydrolase-1 domain-containing protein,Unmatched,0,0,0
"FPMLKI_23070 ABC transporter, ATP-binding component",Unmatched,0,0,0
FPMLKI_23075 AMP-dependent synthetase and ligase,Unmatched,0,0,0
FPMLKI_23080 hypothetical protein,Unmatched,0,0,0
FPMLKI_23085 hypothetical protein,Unmatched,0,0,0
FPMLKI_23090 DUF3084 domain-containing protein,Unmatched,0,0,0
FPMLKI_23095 global nitrogen regulator NtcA,Unmatched,0,0,0
FPMLKI_23100 enoyl-ACP reductase FabI,Unmatched,0,0,0
FPMLKI_23105 Uncharacterised protein family (UPF0175),Unmatched,0,0,0
FPMLKI_23110 Patatin-like protein,Unmatched,0,0,0
FPMLKI_23115 hypothetical protein,Unmatched,0,0,0
FPMLKI_23120 HicB family protein,Unmatched,0,0,0
FPMLKI_23125 cadmium-translocating P-type ATPase,Unmatched,0,0,0
FPMLKI_23130 histidine--tRNA ligase,Unmatched,0,0,0
FPMLKI_23135 hypothetical protein,Unmatched,0,0,0
FPMLKI_23140 murein biosynthesis integral membrane protein MurJ,Unmatched,0,0,0
FPMLKI_23145 hypothetical protein,Unmatched,0,0,0
FPMLKI_23150 hypothetical protein,Unmatched,0,0,0
FPMLKI_23155 hypothetical protein,Unmatched,0,0,0
FPMLKI_23160 DUF2283 domain-containing protein,Unmatched,0,0,0
FPMLKI_23165 hypothetical protein,Unmatched,0,0,0
FPMLKI_23170 hypothetical protein,Unmatched,0,0,0
FPMLKI_23175 Cytochrome c6,Unmatched,0,0,0
FPMLKI_23180 plastocyanin,Unmatched,0,0,0
FPMLKI_23185 hypothetical protein,Unmatched,0,0,0
FPMLKI_23190 sulfite exporter TauE/SafE family protein,Unmatched,0,0,0
FPMLKI_23195 IS630 family transposase,Unmatched,0,0,0
FPMLKI_23200 IS630 family transposase,Unmatched,0,0,0
FPMLKI_23205 tRNA (guanine-N1)-methyltransferase,Unmatched,0,0,0
FPMLKI_23210 DUF3086 domain-containing protein,Unmatched,0,0,0
FPMLKI_23215 DUF3119 domain-containing protein,Unmatched,0,0,0
FPMLKI_23220 manganese ABC transporter ATP-binding protein,Unmatched,0,0,0
FPMLKI_23225 signal recognition particle-docking protein FtsY,Unmatched,0,0,0
FPMLKI_23230 Putative restriction endonuclease,Unmatched,0,0,0
FPMLKI_23235 Proto-chlorophyllide reductase 57 kD subunit,Unmatched,0,0,0
"FPMLKI_23240 GTP 3',8-cyclase MoaA",Unmatched,0,0,0
FPMLKI_23245 DUF3370 domain-containing protein,Unmatched,0,0,0
FPMLKI_23250 biopolymer transporter,Unmatched,0,0,0
FPMLKI_23255 hypothetical protein,Unmatched,0,0,0
FPMLKI_23260 tRNA-Asp(gtc),Unmatched,0,0,0
FPMLKI_23265 glycogen phosphorylase,Unmatched,0,0,0
FPMLKI_23270 fluoride efflux transporter CrcB,Unmatched,0,0,0
FPMLKI_23275 fluoride efflux transporter CrcB,Unmatched,0,0,0
FPMLKI_23280 16S rRNA (adenine(1518)-N(6)/adenine(1519)-N(6))-dimethyltransferase RsmA,Unmatched,0,0,0
FPMLKI_23285 4-(cytidine 5'-diphospho)-2-C-methyl-D-erythritol kinase,Unmatched,0,0,0
FPMLKI_23290 Urease accessory protein UreD,Unmatched,0,0,0
FPMLKI_23295 hypothetical protein,Unmatched,0,0,0
FPMLKI_23300 ATP-binding protein,Unmatched,0,0,0
FPMLKI_23305 DUF4276 domain-containing protein,Unmatched,0,0,0
FPMLKI_23310 DNA gyrase subunit A,Unmatched,0,0,0
FPMLKI_23315 DNA uptake protein,Unmatched,0,0,0
FPMLKI_23320 TM2 domain-containing protein,Unmatched,0,0,0
FPMLKI_23325 asparagine--tRNA ligase,Unmatched,0,0,0
FPMLKI_23330 Txe/YoeB family addiction module toxin,Unmatched,0,0,0
FPMLKI_23335 prevent-host-death protein,Unmatched,0,0,0
FPMLKI_23340 PEP-CTERM domain-containing protein,Unmatched,0,0,0
FPMLKI_23345 hypothetical protein,Unmatched,0,0,0
"FPMLKI_23350 putative toxin-antitoxin system toxin component, PIN family",Unmatched,0,0,0
FPMLKI_23355 hypothetical protein,Unmatched,0,0,0
FPMLKI_23360 hypothetical protein,Unmatched,0,0,0
FPMLKI_23365 Uncharacterised protein family (UPF0175),Unmatched,0,0,0
FPMLKI_23370 DUF3368 domain-containing protein,Unmatched,0,0,0
FPMLKI_23375 Antitoxin,Unmatched,0,0,0
FPMLKI_23380 Tnp-DDE-dom domain-containing protein,Unmatched,0,0,0