Query_Name,Reference_Name,Identity_Score,Query_Coverage,Query_Length
KAKDBB_00035 BarH protein,ctg5_2_RRE-containing_23_0,96.23,100.09,1086
KAKDBB_00040 hypothetical protein,ctg5_3_RRE-containing_23_0,98.48,100,198
KAKDBB_00045 CopG family transcriptional regulator,ctg5_4_RRE-containing_23_0,100,100,255
KAKDBB_00050 hypothetical protein,ctg5_5_RRE-containing_23_0,97.66,79.17,216
KAKDBB_00080 adenylate cyclase,ctg5_21_RRE-containing_23_0,95.91,99.96,2298
"KAKDBB_00280 Putative transposase, YhgA",ctg82_34_T3PKS-Merocyclophane_5_0,95.08,85.63,522
KAKDBB_00290 DUF4351 domain-containing protein,ctg82_34_T3PKS-Merocyclophane_5_0,93.07,94.84,213
KAKDBB_00300 hypothetical protein,"AED99435.1_AED99435.1_PlanktothrixagardhiiNIES-596_prenylagaramideB,prenylagaramideC",94.65,99.07,321
KAKDBB_00375 DDE-Tnp-ISL3 domain-containing protein,AAF00967.1_uma4_MicrocystisaeruginosaPCC7806_microcystinLR,96.38,100,552
KAKDBB_00485 DUF29 domain-containing protein,ctg13_3_Cyanobactin_64_0,92.84,100,447
"KAKDBB_00490 Endonuclease, Uma2 family (restriction endonuclease fold)",ctg13_4_Cyanobactin_64_0,92.12,98.03,660
KAKDBB_00500 Uma2 domain-containing protein,ctg13_2_Cyanobactin_64_0,91.17,99.82,567
KAKDBB_00505 transposase,ctg13_6_Cyanobactin_64_0,96.17,100,261
KAKDBB_00510 imidazole glycerol phosphate synthase subunit HisH,ctg13_7_Cyanobactin_64_0,97.34,100,639
KAKDBB_00515 ABC transporter ATP-binding protein,ctg13_8_Cyanobactin_64_0,96.95,100,753
KAKDBB_00520 branched-chain amino acid ABC transporter permease,ctg13_9_Cyanobactin_64_0,98.39,100,1116
KAKDBB_00525 DNA-binding response regulator,ctg13_10_Cyanobactin_64_0,98.63,100,657
KAKDBB_00530 protein tyrosine phosphatase,ctg13_11_Cyanobactin_64_0,97.88,100,519
KAKDBB_00535 hypothetical protein,ctg13_12_Cyanobactin_64_0,98.64,100,294
KAKDBB_00540 DUF2834 domain-containing protein,ctg13_13_Cyanobactin_64_0,96.56,100,639
KAKDBB_01080 MvdD family ATP-grasp ribosomal peptide maturase,CAQ16118.1_mdnC_MicrocystisaeruginosaNIES-298_microviridinB,96.62,100.1,975
KAKDBB_01085 MvdC family ATP-grasp ribosomal peptide maturase,CAQ16117.1_mdnB_MicrocystisaeruginosaNIES-298_microviridinB,97.01,98.98,981
KAKDBB_01800 ABC transporter,"ACM68694.1_aerN_MicrocystisaeruginosaNIES-98_aeruginosin98-A,aeruginosin98-B,aeruginosin98-C",96.54,100.05,1995
KAKDBB_01805 hypothetical protein,"ACM68693.1_ACM68693.1_MicrocystisaeruginosaNIES-98_aeruginosin98-A,aeruginosin98-B,aeruginosin98-C",95.42,100,306
KAKDBB_01810 acyltransferase,"ACM68693.1_ACM68693.1_MicrocystisaeruginosaNIES-98_aeruginosin98-A,aeruginosin98-B,aeruginosin98-C",89.97,97.71,612
KAKDBB_01820 oxidoreductase,"ACM68692.1_ACM68692.1_MicrocystisaeruginosaNIES-98_aeruginosin98-A,aeruginosin98-B,aeruginosin98-C",98.07,100,777
KAKDBB_01825 non-ribosomal peptide synthetase,"ACM68690.1_aerG1_MicrocystisaeruginosaNIES-98_aeruginosin98-A,aeruginosin98-B,aeruginosin98-C",96.18,99.85,3279
KAKDBB_01835 short-chain dehydrogenase,"ACM68688.1_aerF_MicrocystisaeruginosaNIES-98_aeruginosin98-A,aeruginosin98-B,aeruginosin98-C",97.5,100,801
KAKDBB_01840 cupin domain-containing protein,"ACM68687.1_aerE_MicrocystisaeruginosaNIES-98_aeruginosin98-A,aeruginosin98-B,aeruginosin98-C",96.49,100,627
KAKDBB_01845 bacilysin biosynthesis protein BacA,"ACM68686.1_aerD_MicrocystisaeruginosaNIES-98_aeruginosin98-A,aeruginosin98-B,aeruginosin98-C",96.52,100,633
KAKDBB_01850 type 2 isopentenyl-diphosphate Delta-isomerase,"ACM68685.1_aerK_MicrocystisaeruginosaNIES-98_aeruginosin98-A,aeruginosin98-B,aeruginosin98-C",96.93,100,1044
KAKDBB_01855 non-ribosomal peptide synthetase,"ACM68684.1_aerB_MicrocystisaeruginosaNIES-98_aeruginosin98-A,aeruginosin98-B,aeruginosin98-C",97.72,100,4785
KAKDBB_01860 FAD-dependent oxidoreductase,"ACM68683.1_aerJ_MicrocystisaeruginosaNIES-98_aeruginosin98-A,aeruginosin98-B,aeruginosin98-C",95.64,100.05,1878
KAKDBB_01865 peptide synthetase,"ACM68682.1_aerA_MicrocystisaeruginosaNIES-98_aeruginosin98-A,aeruginosin98-B,aeruginosin98-C",96.34,99.37,4287
KAKDBB_01915 pyruvate dehydrogenase (acetyl-transferring) E1 component subunit alpha,ctg2_26_samp_4305_693378_NRPS,75.33,95.94,1035
KAKDBB_01920 DUF4351 domain-containing protein,ctg82_34_T3PKS-Merocyclophane_5_0,93.08,101.43,912
KAKDBB_02010 hypothetical protein,ctg34_24_Bartoloside-T1PKS_18_0,98.19,100,387
KAKDBB_02945 transposase,ctg82_12_T3PKS-Merocyclophane_5_0,96.2,100,894
KAKDBB_02950 carbamoyl phosphate synthase small subunit,ctg82_11_T3PKS-Merocyclophane_5_0,96.95,100,1149
KAKDBB_02955 anti-sigma F factor antagonist,ctg82_10_T3PKS-Merocyclophane_5_0,97.72,100,351
KAKDBB_02960 Mini-ribonuclease 3,ctg82_9_T3PKS-Merocyclophane_5_0,96.64,100,417
KAKDBB_02965 23S rRNA (guanosine(2251)-2'-O)-methyltransferase RlmB,ctg82_8_T3PKS-Merocyclophane_5_0,96.18,99.77,867
KAKDBB_02970 DUF1816 domain-containing protein,ctg82_7_T3PKS-Merocyclophane_5_0,93.6,100,297
KAKDBB_02975 bifunctional orotidine-5'-phosphate decarboxylase/orotate phosphoribosyltransferase,ctg82_6_T3PKS-Merocyclophane_5_0,98.68,100,1434
KAKDBB_02980 metal-binding protein,ctg82_5_T3PKS-Merocyclophane_5_0,98.21,100,1005
KAKDBB_02985 glycine/betaine ABC transporter substrate-binding protein,ctg82_4_T3PKS-Merocyclophane_5_0,96.93,100.07,1530
KAKDBB_02990 cysteine--tRNA ligase,ctg82_3_T3PKS-Merocyclophane_5_0,96.6,100,1443
KAKDBB_03835 alpha/beta hydrolase,ctg30_13_Novel-T3PKS_28_0,96.5,100.12,828
KAKDBB_03840 histidine kinase,ctg30_14_Novel-T3PKS_28_0,96.97,100,1155
KAKDBB_03845 DUF1957 domain-containing protein,ctg30_15_Novel-T3PKS_28_0,97.67,100,1590
KAKDBB_04225 1-deoxy-D-xylulose-5-phosphate synthase,ctg83_26_lanthipeptide_21_0,97.75,76.77,1911
KAKDBB_04260 DNA-directed RNA polymerase subunit gamma,ctg39_14_Cyanobactin_50_0,97.87,100,1881
KAKDBB_04270 DUF262 domain-containing protein,ctg39_11_Cyanobactin_50_0,97.66,100,1110
KAKDBB_04425 adenylyl-sulfate kinase,AAF00966.1_uma3_MicrocystisaeruginosaPCC7806_microcystinLR,96.27,100,1527
KAKDBB_04430 Putative restriction endonuclease,AAF00965.1_uma2_MicrocystisaeruginosaPCC7806_microcystinLR,93.11,100.35,564
KAKDBB_04435 Putative restriction endonuclease,AAF00965.1_uma2_MicrocystisaeruginosaPCC7806_microcystinLR,96.81,100,564
KAKDBB_04445 FAD-dependent oxidoreductase,AAF00964.1_uma1_MicrocystisaeruginosaPCC7806_microcystinLR,97.32,100,2052
KAKDBB_05095 ISL3 family transposase,AAF00967.1_uma4_MicrocystisaeruginosaPCC7806_microcystinLR,98.01,100,552
KAKDBB_05165 DUF29 domain-containing protein,ctg36_9_NRPS-like_34_0,78.37,93.79,483
KAKDBB_05850 Dolichyl-phosphate-mannose-protein mannosyltransferase,ctg28_2_RiPP-like_84_0,95.83,100,1680
KAKDBB_05855 glycogen debranching protein,ctg28_3_RiPP-like_84_0,96.67,100,210
KAKDBB_06345 peptidase S8,ctg39_5_Cyanobactin_50_0,95.64,99.81,2070
KAKDBB_06350 Putative restriction endonuclease,"AFK79997.1_AFK79997.1_MicrocystisaeruginosaPCC7005_piricyclamide7005E1,piricyclamide7005E2,piricyclamide7005E3,piricyclamide7005E4",94.69,99.87,792
KAKDBB_06355 hypothetical protein,ctg39_3_Cyanobactin_50_0,99.56,100,228
KAKDBB_06360 cyanobactin biosynthesis system PatB/AcyB/McaB family protein,"AFK79994.1_pirB_MicrocystisaeruginosaPCC7005_piricyclamide7005E1,piricyclamide7005E2,piricyclamide7005E3,piricyclamide7005E4",97.62,100,210
KAKDBB_06365 peptidase S8,ctg13_1_Cyanobactin_64_0,94.81,90.04,1947
KAKDBB_07005 DUF4351 domain-containing protein,ctg82_34_T3PKS-Merocyclophane_5_0,90.51,100,969
KAKDBB_07355 Putative cytoplasmic protein,ctg82_34_T3PKS-Merocyclophane_5_0,95.48,73.67,300
KAKDBB_07360 hypothetical protein,ctg82_34_T3PKS-Merocyclophane_5_0,95.1,100,102
KAKDBB_08175 5S ribosomal RNA,ctg44_1_1-heptadecene_20_0,100,88.98,118
KAKDBB_08265 DUF6014 domain-containing protein,AAZ03548.1_mcnG_Microcystissp.NIVA-CYA172/5_cyanopeptolin,97.52,95.44,1227
KAKDBB_08270 ABC transporter,AAZ03549.1_mcnF_Microcystissp.NIVA-CYA172/5_cyanopeptolin,97,100,2070
KAKDBB_08290 FAD-dependent oxidoreductase,AAZ03553.1_mcnD_Microcystissp.NIVA-CYA172/5_cyanopeptolin,95.37,100.05,1878
KAKDBB_08295 Uncharacterized protein ociH,ctg105_7_Anabaenopeptin_16_0,88.78,99.75,402
KAKDBB_08410 Membrane protein,ctg105_2_Anabaenopeptin_16_0,98.2,99.8,501
KAKDBB_08415 flavin oxidoreductase,ctg105_3_Anabaenopeptin_16_0,95.82,100,1746
KAKDBB_08425 hypothetical protein,ctg105_5_Anabaenopeptin_16_0,97.44,100,273
KAKDBB_08430 DUF1995 domain-containing protein,ctg105_6_Anabaenopeptin_16_0,96.37,100,744
KAKDBB_08555 ATP-dependent Clp endopeptidase proteolytic subunit ClpP,ctg83_20_lanthipeptide_21_0,76.4,73.8,603
KAKDBB_08765 hypothetical protein,ctg34_2_Bartoloside-T1PKS_18_0,95.42,100,240
KAKDBB_08795 lipoprotein NlpI,ctg27_2_T1PKS-Terpene_11_0,100,100,954
KAKDBB_08800 DEAD/DEAH box helicase,ctg27_3_T1PKS-Terpene_11_0,100,100,2928
KAKDBB_08805 Diguanylate cyclase,ctg27_4_T1PKS-Terpene_11_0,100,100,933
KAKDBB_08810 ABC transporter substrate-binding protein,ctg27_5_T1PKS-Terpene_11_0,100,100,783
KAKDBB_08815 Tetratricopeptide TPR_1 repeat-containing protein,ctg27_6_T1PKS-Terpene_11_0,100,100,537
KAKDBB_08820 SLC13 family permease,ctg27_7_T1PKS-Terpene_11_0,100,100,1800
KAKDBB_08825 magnesium-transporting ATPase,ctg27_8_T1PKS-Terpene_11_0,100,100,2781
KAKDBB_08830 15-cis-phytoene desaturase,ctg27_9_T1PKS-Terpene_11_0,100,100,1431
KAKDBB_08835 phytoene synthase,ctg27_10_T1PKS-Terpene_11_0,100,100,933
KAKDBB_08840 hypothetical protein,ctg27_11_T1PKS-Terpene_11_0,100,100,477
KAKDBB_08845 hypothetical protein,ctg27_12_T1PKS-Terpene_11_0,100,100,243
KAKDBB_08850 pirin family protein,ctg27_13_T1PKS-Terpene_11_0,100,100,693
KAKDBB_08855 PEP-CTERM sorting domain-containing protein,ctg27_14_T1PKS-Terpene_11_0,100,100,930
KAKDBB_08860 Putative restriction endonuclease,ctg27_15_T1PKS-Terpene_11_0,100,100,573
KAKDBB_08865 enediyne biosynthesis protein UnbU,ctg27_16_T1PKS-Terpene_11_0,100,100,960
KAKDBB_08870 beta keto-acyl synthase,ctg27_17_T1PKS-Terpene_11_0,100,100,5922
KAKDBB_08875 hypothetical protein,ctg27_18_T1PKS-Terpene_11_0,100,100,567
KAKDBB_08880 Transposase-31 domain-containing protein,ctg27_20_T1PKS-Terpene_11_0,100,100,954
KAKDBB_08890 nucleotidyltransferase,ctg27_21_T1PKS-Terpene_11_0,100,100,300
KAKDBB_08895 Ribonuclease HepT-like,ctg27_22_T1PKS-Terpene_11_0,100,100,366
KAKDBB_08900 hypothetical protein,ctg27_23_T1PKS-Terpene_11_0,100,100,384
KAKDBB_08905 4-hydroxybenzoyl-CoA thioesterase,ctg27_24_T1PKS-Terpene_11_0,100,100,429
KAKDBB_08910 ABC transporter permease DevC,ctg27_25_T1PKS-Terpene_11_0,100,100,1164
KAKDBB_08915 HlyD family secretion protein,ctg27_26_T1PKS-Terpene_11_0,100,100,1368
KAKDBB_08920 DUF1702 domain-containing protein,ctg27_27_T1PKS-Terpene_11_0,100,100,1053
KAKDBB_08925 RNA-binding protein,ctg27_28_T1PKS-Terpene_11_0,100,100,1899
KAKDBB_08930 transposase,ctg27_30_T1PKS-Terpene_11_0,100,100,1260
KAKDBB_08935 ABC transporter permease,ctg27_32_T1PKS-Terpene_11_0,100,100,780
KAKDBB_08940 hypothetical protein,ctg27_33_T1PKS-Terpene_11_0,100,100,465
KAKDBB_08945 phosphoadenosine phosphosulfate reductase,ctg27_34_T1PKS-Terpene_11_0,100,100,822
KAKDBB_08950 hydrolase,ctg27_35_T1PKS-Terpene_11_0,100,97.23,867
KAKDBB_08955 BrnT family toxin,ctg27_37_T1PKS-Terpene_11_0,100,100,297
KAKDBB_08960 hypothetical protein,ctg27_38_T1PKS-Terpene_11_0,100,100,180
KAKDBB_08965 hypothetical protein,ctg27_39_T1PKS-Terpene_11_0,100,100,198
KAKDBB_08970 GTPase,ctg27_40_T1PKS-Terpene_11_0,100,100,1854
"KAKDBB_08975 3'(2'),5'-bisphosphate nucleotidase CysQ",ctg27_41_T1PKS-Terpene_11_0,100,100,876
KAKDBB_09060 Similar to tr|Q8KBN5|Q8KBN5,ctg34_23_Bartoloside-T1PKS_18_0,89.3,99.44,357
KAKDBB_09065 hypothetical protein,ctg34_22_Bartoloside-T1PKS_18_0,99.1,100,222
KAKDBB_09070 DUF5615 domain-containing protein,ctg34_21_Bartoloside-T1PKS_18_0,98.5,100,333
KAKDBB_09085 ATP-dependent sacrificial sulfur transferase LarE,ctg34_20_Bartoloside-T1PKS_18_0,97.53,100,810
KAKDBB_09300 hypothetical protein,ctg3_7_lanthipeptide_54_0,98.55,100,276
KAKDBB_09305 clan AA aspartic protease,ctg3_6_lanthipeptide_54_0,97.81,100,366
KAKDBB_09470 N-terminal part of Q9RNA5_MICAE Uma4,AAF00967.1_uma4_MicrocystisaeruginosaPCC7806_microcystinLR,96.25,98.77,81
KAKDBB_09480 tRNA uridine-5-carboxymethylaminomethyl(34) synthesis enzyme MnmG,ctg1_9_samp_4305_554341_lanthipeptide-class-v,74.33,81.87,1908
KAKDBB_09945 DUF4242 domain-containing protein,ctg5_33_RRE-containing_23_0,97.18,100,531
KAKDBB_09950 acyl-CoA dehydrogenase,ctg5_32_RRE-containing_23_0,96.68,100,1116
KAKDBB_09955 ABC transporter ATP-binding protein,ctg5_31_RRE-containing_23_0,97.32,100,783
KAKDBB_09960 ABC transporter substrate-binding protein,ctg5_30_RRE-containing_23_0,96.61,100,1209
KAKDBB_09965 ABC transporter permease,ctg5_29_RRE-containing_23_0,97.67,100,771
KAKDBB_09970 hypothetical protein,ctg5_28_RRE-containing_23_0,96.33,100,354
KAKDBB_10390 hypothetical protein,ctg30_10_Novel-T3PKS_28_0,95.58,100,294
KAKDBB_10395 WD40 repeat domain-containing protein,ctg30_11_Novel-T3PKS_28_0,96.73,100,1071
KAKDBB_10400 ribonuclease III,ctg30_12_Novel-T3PKS_28_0,96.03,100,705
KAKDBB_10885 non-ribosomal peptide synthetase,ctg20_1_NRPS-T1PKS_26_0,100,100,2925
KAKDBB_10890 polyketide synthase,ctg20_2_NRPS-T1PKS_26_0,100,100,4824
KAKDBB_10895 polyketide synthase,ctg20_3_NRPS-T1PKS_26_0,100,100,4734
KAKDBB_10900 hypothetical protein,ctg20_4_NRPS-T1PKS_26_0,100,100,300
KAKDBB_10905 hypothetical protein,ctg20_5_NRPS-T1PKS_26_0,100,100,183
KAKDBB_10910 polyketide synthase,ctg20_6_NRPS-T1PKS_26_0,100,100,264
KAKDBB_10915 hypothetical protein,ctg20_7_NRPS-T1PKS_26_0,100,100,519
KAKDBB_10920 transcriptional regulator,ctg20_8_NRPS-T1PKS_26_0,100,100,903
KAKDBB_10925 hypothetical protein,ctg20_9_NRPS-T1PKS_26_0,100,100,252
KAKDBB_10930 hypothetical protein,ctg20_10_NRPS-T1PKS_26_0,100,100,219
KAKDBB_10935 hypothetical protein,ctg20_11_NRPS-T1PKS_26_0,100,100,312
KAKDBB_10940 oxidoreductase,ctg20_13_NRPS-T1PKS_26_0,100,100,2238
KAKDBB_10945 LprI domain-containing protein,ctg20_14_NRPS-T1PKS_26_0,100,76.76,426
KAKDBB_10955 HAD family phosphatase,ctg20_15_NRPS-T1PKS_26_0,100,100,738
KAKDBB_11175 Uncharacterized protein sll0103,ctg30_6_Novel-T3PKS_28_0,97.11,98.65,1263
KAKDBB_11180 aluminum resistance family protein,ctg30_5_Novel-T3PKS_28_0,97.13,100,1254
KAKDBB_11185 efflux transporter periplasmic adaptor subunit,ctg30_3_Novel-T3PKS_28_0,96.99,100,1560
KAKDBB_11190 ABC transporter ATP-binding protein,ctg30_2_Novel-T3PKS_28_0,95.85,100,1854
KAKDBB_11195 naringenin-chalcone synthase,ctg30_1_Novel-T3PKS_28_0,98.06,100,1188
KAKDBB_11220 Aluminum resistance protein,ctg30_5_Novel-T3PKS_28_0,96.94,71.01,138
KAKDBB_11515 DUF29 domain-containing protein,ctg36_9_NRPS-like_34_0,73.66,87.2,492
KAKDBB_11560 Transposase,ctg27_30_T1PKS-Terpene_11_0,93.34,100.08,1215
KAKDBB_11570 2TM domain-containing protein,ctg71_11_T1PKS_51_0,98.82,100,255
KAKDBB_11575 thylakoid-associated protein,ctg71_10_T1PKS_51_0,95.71,100,303
KAKDBB_11580 alanine dehydrogenase,ctg71_9_T1PKS_51_0,96.96,100,1086
KAKDBB_12740 hypothetical protein,ctg82_37_T3PKS-Merocyclophane_5_0,89.39,78.57,168
KAKDBB_13085 recombinase RecQ,ctg3_13_lanthipeptide_54_0,98.21,100,1452
KAKDBB_13095 DUF2281 domain-containing protein,ctg3_1_lanthipeptide_54_0,100,99.58,240
KAKDBB_13115 hypothetical protein,ctg3_5_lanthipeptide_54_0,99.64,100,276
KAKDBB_13120 hypothetical protein,ctg3_4_lanthipeptide_54_0,98.72,91.23,171
KAKDBB_14335 LPS biosynthesis choline kinase,ctg83_6_lanthipeptide_21_0,97.18,100,1170
KAKDBB_14340 hypothetical protein,ctg83_7_lanthipeptide_21_0,95.2,100,1104
KAKDBB_14380 NFACT N-terminal and middle domains,ctg34_5_Bartoloside-T1PKS_18_0,96.01,100,1731
KAKDBB_14385 glycine cleavage system aminomethyltransferase GcvT,ctg34_19_Bartoloside-T1PKS_18_0,96.93,99.91,1107
KAKDBB_14735 transglutaminase,ctg82_2_T3PKS-Merocyclophane_5_0,96.33,100,2313
KAKDBB_14925 glutamate--cysteine ligase,ctg30_9_Novel-T3PKS_28_0,97.13,99.39,1155
KAKDBB_14930 resolvase,ctg30_8_Novel-T3PKS_28_0,96.18,100,393
KAKDBB_15495 hypothetical protein,"AED99435.1_AED99435.1_PlanktothrixagardhiiNIES-596_prenylagaramideB,prenylagaramideC",94.34,99.07,321
KAKDBB_17175 glutathione peroxidase,ctg83_3_lanthipeptide_21_0,97.13,100,732
KAKDBB_17180 undecaprenyl-diphosphate phosphatase,ctg83_4_lanthipeptide_21_0,97.78,100,948
KAKDBB_17185 Putative alpha/beta hydrolase,ctg83_18_lanthipeptide_21_0,93.48,100,399
KAKDBB_17275 rhodanese-related sulfurtransferase,ctg20_3_samp_2073_1151163_NRPS,97.94,100,339
KAKDBB_17705 DUF4351 domain-containing protein,ctg34_26_Bartoloside-T1PKS_18_0,93.07,99.34,915
KAKDBB_17710 DUF4351 domain-containing protein,ctg34_26_Bartoloside-T1PKS_18_0,96,80.46,870
KAKDBB_18400 DUF3285 domain-containing protein,ctg3_14_lanthipeptide_54_0,97.31,100,186
KAKDBB_18405 rRNA maturation RNase YbeY,ctg3_15_lanthipeptide_54_0,98.44,100,513
KAKDBB_18410 diacylglycerol kinase,ctg3_16_lanthipeptide_54_0,99.18,100,489
KAKDBB_18415 DUF4327 domain-containing protein,ctg3_17_lanthipeptide_54_0,98.33,100,240
KAKDBB_19145 magnesium-protoporphyrin IX monomethyl ester (oxidative) cyclase,ctg20_16_samp_2073_1151163_NRPS,76.11,71.12,1077
KAKDBB_19260 ISL3 family transposase,AAF00967.1_uma4_MicrocystisaeruginosaPCC7806_microcystinLR,97.04,100,1215
KAKDBB_19295 hypothetical protein,ctg71_3_T1PKS_51_0,96.97,100,396
KAKDBB_19300 AAA family ATPase,ctg71_4_T1PKS_51_0,96.96,100,1512
KAKDBB_19305 DUF1257 domain-containing protein,ctg71_5_T1PKS_51_0,99.44,81.38,435
KAKDBB_19310 SAM-dependent methyltransferase,ctg71_6_T1PKS_51_0,98.61,100.15,648
KAKDBB_20215 ferredoxin,ctg5_26_RRE-containing_23_0,98.74,100,318
KAKDBB_20220 CTP synthase,ctg5_27_RRE-containing_23_0,97.28,99.51,1623
KAKDBB_20785 hypothetical protein,AAF00967.1_uma4_MicrocystisaeruginosaPCC7806_microcystinLR,91.09,76.23,324
KAKDBB_20860 5S ribosomal RNA,ctg44_1_1-heptadecene_20_0,100,88.98,118
KAKDBB_20865 DUF2288 domain-containing protein,ctg44_2_1-heptadecene_20_0,97.59,100,291
KAKDBB_20895 radical SAM protein,ctg44_8_1-heptadecene_20_0,97.02,99.88,807
KAKDBB_20900 penicillin-binding protein 2,ctg44_9_1-heptadecene_20_0,96.69,100,1875
KAKDBB_20905 S-(hydroxymethyl)glutathione dehydrogenase/class III alcohol dehydrogenase,ctg44_17_1-heptadecene_20_0,97.93,100,1110
KAKDBB_20910 CHAT domain-containing protein,ctg44_18_1-heptadecene_20_0,96.63,70.34,3543
KAKDBB_21785 receptor ligand binding region family protein,ctg82_13_T3PKS-Merocyclophane_5_0,99.26,99.45,2733
KAKDBB_21790 AAA-like domain-containing protein,ctg82_14_T3PKS-Merocyclophane_5_0,99.1,100,1443
KAKDBB_21795 bleomycin resistance protein,ctg82_15_T3PKS-Merocyclophane_5_0,98.71,100,930
KAKDBB_21800 nitroreductase family protein,ctg82_16_T3PKS-Merocyclophane_5_0,99.55,100,660
KAKDBB_21805 AMP-binding enzyme family protein,ctg82_17_T3PKS-Merocyclophane_5_0,98.6,100,3795
KAKDBB_21810 short chain dehydrogenase,ctg82_18_T3PKS-Merocyclophane_5_0,98.47,100,5442
KAKDBB_21815 type I polyketide synthase,ctg82_19_T3PKS-Merocyclophane_5_0,98.41,100,3963
KAKDBB_21820 flavin-binding monooxygenase-like family protein,ctg82_20_T3PKS-Merocyclophane_5_0,97.8,100,1320
KAKDBB_21825 3-oxoacyl-ACP synthase,ctg82_21_T3PKS-Merocyclophane_5_0,98.55,100,1176
KAKDBB_21830 isoprenylcysteine carboxyl methyltransferase,ctg82_22_T3PKS-Merocyclophane_5_0,99.01,100,606
KAKDBB_21835 FAD-linked oxidase,ctg82_23_T3PKS-Merocyclophane_5_0,98.47,100,1632
KAKDBB_21840 MFS transporter,ctg82_24_T3PKS-Merocyclophane_5_0,96.7,100,1302
KAKDBB_21845 efflux RND transporter periplasmic adaptor subunit,ctg82_25_T3PKS-Merocyclophane_5_0,98.38,100,1356
KAKDBB_21850 acriflavine resistance protein B,ctg82_26_T3PKS-Merocyclophane_5_0,98.71,100,3099
KAKDBB_21855 hypothetical protein,ctg82_27_T3PKS-Merocyclophane_5_0,98.56,99.87,765
KAKDBB_21860 hypothetical protein,ctg82_28_T3PKS-Merocyclophane_5_0,96.97,100.57,525
KAKDBB_21865 Phosphomannomutase,ctg82_29_T3PKS-Merocyclophane_5_0,95.57,70.78,510
KAKDBB_21870 Phosphomannomutase,ctg82_29_T3PKS-Merocyclophane_5_0,88.14,100,447
KAKDBB_21875 serine/threonine protein kinase,ctg82_30_T3PKS-Merocyclophane_5_0,94.83,101.16,1548
KAKDBB_21880 rhodanese-related sulfurtransferase,ctg82_31_T3PKS-Merocyclophane_5_0,97.16,99.75,813
KAKDBB_21890 DNA repair protein RecO,ctg82_32_T3PKS-Merocyclophane_5_0,96.92,100,780
KAKDBB_21895 arabinose efflux permease,ctg82_33_T3PKS-Merocyclophane_5_0,97.05,100,1491
KAKDBB_22355 Transposase,ctg115_1_Cyanobactin_90_0,93.81,90.38,447
KAKDBB_22360 Light-repressed protein A,ctg39_6_Cyanobactin_50_0,98.84,100.17,600
KAKDBB_22365 heat-shock protein,ctg39_7_Cyanobactin_50_0,98.78,100,411
KAKDBB_22370 L-threonylcarbamoyladenylate synthase,ctg39_8_Cyanobactin_50_0,97.82,100,642
KAKDBB_22375 nickel pincer cofactor biosynthesis protein LarC,ctg39_9_Cyanobactin_50_0,96.62,100,1182
KAKDBB_22380 DUF29 domain-containing protein,ctg39_10_Cyanobactin_50_0,96.25,100,453
KAKDBB_22705 allophycocyanin subunit beta,ctg16_4_samp_4380_82358_NRPS-like,82.82,100.62,486
KAKDBB_22800 Putative alpha/beta hydrolase,ctg83_18_lanthipeptide_21_0,97.24,100,399
KAKDBB_23010 Cytoplasmic protein,ctg82_34_T3PKS-Merocyclophane_5_0,91.64,100,957
KAKDBB_23115 ABC transporter,CAQ16120.1_mdnE_MicrocystisaeruginosaNIES-298_microviridinB,96.08,100.05,2064
KAKDBB_23120 N-acetyltransferase,CAQ16119.1_mdnD_MicrocystisaeruginosaNIES-298_microviridinB,95.88,100,534
KAKDBB_23285 cysteine lyase,ctg36_7_NRPS-like_34_0,96.3,100,1215
KAKDBB_23290 recombinase B,ctg36_6_NRPS-like_34_0,97.56,100,1434
KAKDBB_23300 hypothetical protein,ctg36_5_NRPS-like_34_0,96.33,100,381
KAKDBB_23305 methylthioribulose 1-phosphate dehydratase,ctg36_4_NRPS-like_34_0,94.66,100,618
KAKDBB_23315 Similar to tr|P73371|P73371,ctg36_3_NRPS-like_34_0,94.35,100,336
KAKDBB_23675 carotenoid biosynthesis protein,ctg30_17_Novel-T3PKS_28_0,97.38,100,915
KAKDBB_24360 nickel pincer cofactor biosynthesis protein LarB,ctg83_25_lanthipeptide_21_0,98.57,100,771
KAKDBB_24365 ribonuclease J,ctg83_24_lanthipeptide_21_0,96.4,100,1749
KAKDBB_24370 4-hydroxy-tetrahydrodipicolinate synthase,ctg83_23_lanthipeptide_21_0,96.86,100,891
KAKDBB_24375 aspartate-semialdehyde dehydrogenase,ctg83_22_lanthipeptide_21_0,97.21,100,1038
KAKDBB_24380 trigger factor,ctg83_21_lanthipeptide_21_0,97.26,99.78,1392
KAKDBB_24385 ATP-dependent Clp endopeptidase proteolytic subunit ClpP,ctg83_20_lanthipeptide_21_0,98.18,85.9,702
KAKDBB_24390 ATP-dependent protease ATP-binding subunit ClpX,ctg83_19_lanthipeptide_21_0,98.28,100,1335
KAKDBB_00005 hypothetical protein,Unmatched,0,0,0
KAKDBB_00010 9-O-acetyl-N-acetylneuraminate esterase,Unmatched,0,0,0
KAKDBB_00015 hypothetical protein,Unmatched,0,0,0
KAKDBB_00020 DDE-Tnp-ISL3 domain-containing protein,Unmatched,0,0,0
KAKDBB_00025 AAA-like domain-containing protein,Unmatched,0,0,0
KAKDBB_00030 hypothetical protein,Unmatched,0,0,0
KAKDBB_00055 hypothetical protein,Unmatched,0,0,0
KAKDBB_00060 hypothetical protein,Unmatched,0,0,0
KAKDBB_00065 PIN domain nuclease,Unmatched,0,0,0
KAKDBB_00070 hypothetical protein,Unmatched,0,0,0
KAKDBB_00075 hypothetical protein,Unmatched,0,0,0
KAKDBB_00085 rubredoxin,Unmatched,0,0,0
KAKDBB_00090 photosynthesis system II assembly factor Ycf48,Unmatched,0,0,0
KAKDBB_00095 cytochrome b559 subunit alpha,Unmatched,0,0,0
KAKDBB_00100 cytochrome b559 subunit beta,Unmatched,0,0,0
KAKDBB_00105 photosystem II reaction center protein L,Unmatched,0,0,0
KAKDBB_00110 photosystem II reaction center protein J,Unmatched,0,0,0
KAKDBB_00115 photosystem II chlorophyll-binding protein CP47,Unmatched,0,0,0
KAKDBB_00120 threonine synthase,Unmatched,0,0,0
KAKDBB_00125 molybdopterin synthase sulfur carrier subunit,Unmatched,0,0,0
KAKDBB_00130 hypothetical protein,Unmatched,0,0,0
KAKDBB_00135 hypothetical protein,Unmatched,0,0,0
KAKDBB_00140 DUF29 domain-containing protein,Unmatched,0,0,0
KAKDBB_00145 SAM-dependent methyltransferase,Unmatched,0,0,0
KAKDBB_00150 aspartate aminotransferase,Unmatched,0,0,0
KAKDBB_00155 HNH endonuclease,Unmatched,0,0,0
KAKDBB_00160 DNA (cytosine-5-)-methyltransferase,Unmatched,0,0,0
KAKDBB_00165 fatty acid desaturase,Unmatched,0,0,0
KAKDBB_00170 hypothetical protein,Unmatched,0,0,0
KAKDBB_00175 nucleic acid-binding protein,Unmatched,0,0,0
KAKDBB_00180 clan AA aspartic protease,Unmatched,0,0,0
KAKDBB_00185 hypothetical protein,Unmatched,0,0,0
KAKDBB_00190 DDE-3 domain-containing protein,Unmatched,0,0,0
KAKDBB_00195 hypothetical protein,Unmatched,0,0,0
KAKDBB_00200 Fic-N domain-containing protein,Unmatched,0,0,0
KAKDBB_00205 hypothetical protein,Unmatched,0,0,0
"KAKDBB_00210 putative toxin-antitoxin system toxin component, PIN family",Unmatched,0,0,0
KAKDBB_00215 hypothetical protein,Unmatched,0,0,0
KAKDBB_00220 hypothetical protein,Unmatched,0,0,0
KAKDBB_00225 hypothetical protein,Unmatched,0,0,0
KAKDBB_00230 hypothetical protein,Unmatched,0,0,0
KAKDBB_00235 high-affinity branched-chain amino acid ABC transporter ATP-binding protein LivG,Unmatched,0,0,0
KAKDBB_00240 AI-2E family transporter,Unmatched,0,0,0
KAKDBB_00245 hypothetical protein,Unmatched,0,0,0
KAKDBB_00250 Methyltransferase domain-containing protein,Unmatched,0,0,0
KAKDBB_00255 Class I SAM-dependent methyltransferase,Unmatched,0,0,0
KAKDBB_00260 DMT family transporter,Unmatched,0,0,0
KAKDBB_00265 Uma2 domain-containing protein,Unmatched,0,0,0
KAKDBB_00270 Uma2 domain-containing protein,Unmatched,0,0,0
KAKDBB_00275 Dioxygenase,Unmatched,0,0,0
KAKDBB_00285 DUF4351 domain-containing protein,Unmatched,0,0,0
KAKDBB_00295 ISL3 family transposase,Unmatched,0,0,0
KAKDBB_00305 PINc domain-containing protein,Unmatched,0,0,0
KAKDBB_00310 Transposase,Unmatched,0,0,0
KAKDBB_00315 UDP-3-O-(3-hydroxymyristoyl)glucosamine N-acyltransferase,Unmatched,0,0,0
KAKDBB_00320 PEP-CTERM sorting domain-containing protein,Unmatched,0,0,0
KAKDBB_00325 lysozyme,Unmatched,0,0,0
KAKDBB_00330 3-oxoacyl-ACP reductase FabG,Unmatched,0,0,0
KAKDBB_00335 glycerol-3-phosphate 1-O-acyltransferase PlsY,Unmatched,0,0,0
KAKDBB_00340 DNA-binding protein,Unmatched,0,0,0
KAKDBB_00345 ATPase,Unmatched,0,0,0
"KAKDBB_00350 mRNA-degrading endonuclease YafQ (mRNA interferase), toxin component of the YafQ-DinJ toxin-antitoxin module",Unmatched,0,0,0
KAKDBB_00355 hypothetical protein,Unmatched,0,0,0
"KAKDBB_00360 Extracellular repeat, HAF family",Unmatched,0,0,0
"KAKDBB_00365 type II toxin-antitoxin system mRNA interferase toxin, RelE/StbE family",Unmatched,0,0,0
KAKDBB_00370 hypothetical protein,Unmatched,0,0,0
KAKDBB_00380 Phosphomannomutase,Unmatched,0,0,0
KAKDBB_00385 hypothetical protein,Unmatched,0,0,0
KAKDBB_00390 hypothetical protein,Unmatched,0,0,0
KAKDBB_00395 hypothetical protein,Unmatched,0,0,0
KAKDBB_00400 dihydroxy-acid dehydratase,Unmatched,0,0,0
KAKDBB_00405 TPR domain protein component of TonB system,Unmatched,0,0,0
KAKDBB_00410 bacterioferritin,Unmatched,0,0,0
KAKDBB_00415 Iron permease FTR1 family,Unmatched,0,0,0
KAKDBB_00420 branched-chain amino acid ABC transporter substrate-binding protein,Unmatched,0,0,0
KAKDBB_00425 hypothetical protein,Unmatched,0,0,0
KAKDBB_00430 molecular chaperone HtpG,Unmatched,0,0,0
KAKDBB_00435 helicase,Unmatched,0,0,0
KAKDBB_00440 4a-hydroxytetrahydrobiopterin dehydratase,Unmatched,0,0,0
KAKDBB_00445 oxidoreductase,Unmatched,0,0,0
KAKDBB_00450 DNA ligase,Unmatched,0,0,0
KAKDBB_00455 Transposase,Unmatched,0,0,0
KAKDBB_00460 hypothetical protein,Unmatched,0,0,0
KAKDBB_00465 hypothetical protein,Unmatched,0,0,0
KAKDBB_00470 HicB-like domain-containing protein,Unmatched,0,0,0
KAKDBB_00475 hypothetical protein,Unmatched,0,0,0
KAKDBB_00480 Rpn family recombination-promoting nuclease/putative transposase,Unmatched,0,0,0
KAKDBB_00495 Putative restriction endonuclease,Unmatched,0,0,0
KAKDBB_00545 hypothetical protein,Unmatched,0,0,0
KAKDBB_00550 hypothetical protein,Unmatched,0,0,0
KAKDBB_00555 hypothetical protein,Unmatched,0,0,0
KAKDBB_00560 Secreted effector protein PipB2,Unmatched,0,0,0
KAKDBB_00565 excinuclease ABC subunit UvrC,Unmatched,0,0,0
KAKDBB_00570 hypothetical protein,Unmatched,0,0,0
KAKDBB_00575 3-isopropylmalate dehydrogenase,Unmatched,0,0,0
KAKDBB_00580 glucose-1-phosphate thymidylyltransferase,Unmatched,0,0,0
KAKDBB_00585 dTDP-4-dehydrorhamnose reductase,Unmatched,0,0,0
"KAKDBB_00590 dTDP-4-dehydrorhamnose 3,5-epimerase",Unmatched,0,0,0
KAKDBB_00595 biotin synthase BioB,Unmatched,0,0,0
KAKDBB_00600 biotin transporter BioY,Unmatched,0,0,0
KAKDBB_00605 signal peptidase II,Unmatched,0,0,0
KAKDBB_00610 HNH endonuclease,Unmatched,0,0,0
KAKDBB_00615 hypothetical protein,Unmatched,0,0,0
KAKDBB_00620 AMP-dependent synthetase,Unmatched,0,0,0
KAKDBB_00625 DNA topoisomerase III,Unmatched,0,0,0
KAKDBB_00630 flavin oxidoreductase,Unmatched,0,0,0
KAKDBB_00635 DUF3368 domain-containing protein,Unmatched,0,0,0
KAKDBB_00640 Uncharacterised protein family (UPF0175),Unmatched,0,0,0
"KAKDBB_00645 FMN reductase RutF, DIM6/NTAB family",Unmatched,0,0,0
KAKDBB_00650 LuxR family transcriptional regulator,Unmatched,0,0,0
KAKDBB_00655 Adenylyl-sulfate kinase,Unmatched,0,0,0
KAKDBB_00660 tail length tape measure protein,Unmatched,0,0,0
KAKDBB_00665 energy-coupling factor transporter transmembrane protein EcfT,Unmatched,0,0,0
KAKDBB_00670 dephospho-CoA kinase,Unmatched,0,0,0
KAKDBB_00675 phosphoribosylaminoimidazolesuccinocarboxamide synthase,Unmatched,0,0,0
KAKDBB_00680 Isopropylmalate/homocitrate/citramalate synthase,Unmatched,0,0,0
KAKDBB_00685 threonine--tRNA ligase,Unmatched,0,0,0
KAKDBB_00690 metal ABC transporter substrate-binding protein,Unmatched,0,0,0
"KAKDBB_00695 7,8-didemethyl-8-hydroxy-5-deazariboflavin synthase subunit CofG",Unmatched,0,0,0
KAKDBB_00700 transglutaminase,Unmatched,0,0,0
KAKDBB_00705 hypothetical protein,Unmatched,0,0,0
KAKDBB_00710 transcriptional regulator,Unmatched,0,0,0
KAKDBB_00715 type II toxin-antitoxin system HigB family toxin,Unmatched,0,0,0
KAKDBB_00720 sirohydrochlorin chelatase,Unmatched,0,0,0
KAKDBB_00725 2-amino-4-hydroxy-6-hydroxymethyldihydropteridine diphosphokinase,Unmatched,0,0,0
KAKDBB_00730 GTPase,Unmatched,0,0,0
KAKDBB_00735 hypothetical protein,Unmatched,0,0,0
KAKDBB_00740 cell division protein FtsI,Unmatched,0,0,0
KAKDBB_00745 DUF3226 domain-containing protein,Unmatched,0,0,0
KAKDBB_00750 recombination protein F,Unmatched,0,0,0
KAKDBB_00755 ABC transporter permease,Unmatched,0,0,0
KAKDBB_00760 alpha/beta hydrolase,Unmatched,0,0,0
KAKDBB_00765 ABC transporter ATP-binding protein,Unmatched,0,0,0
KAKDBB_00770 MFS transporter,Unmatched,0,0,0
KAKDBB_00775 ABC transporter permease,Unmatched,0,0,0
KAKDBB_00780 ABC transporter,Unmatched,0,0,0
KAKDBB_00785 Putative restriction endonuclease,Unmatched,0,0,0
KAKDBB_00790 Putative restriction endonuclease,Unmatched,0,0,0
KAKDBB_00795 PemK family transcriptional regulator,Unmatched,0,0,0
KAKDBB_00800 cytochrome B6,Unmatched,0,0,0
KAKDBB_00805 arsenic-transporting ATPase,Unmatched,0,0,0
KAKDBB_00810 chlorophyll synthase ChlG,Unmatched,0,0,0
KAKDBB_00815 Inhibitor of apoptosis-promoting Bax1,Unmatched,0,0,0
KAKDBB_00820 Chlorophyll A-B binding protein,Unmatched,0,0,0
KAKDBB_00825 metalloprotease,Unmatched,0,0,0
KAKDBB_00830 Similar to tr|Q7NMN9|Q7NMN9,Unmatched,0,0,0
KAKDBB_00835 Nucleotidyltransferase domain-containing protein,Unmatched,0,0,0
KAKDBB_00840 nucleotidyltransferase domain-containing protein,Unmatched,0,0,0
KAKDBB_00845 Ribonuclease HepT-like,Unmatched,0,0,0
KAKDBB_00850 type I-D CRISPR-associated protein Cas10d/Csc3,Unmatched,0,0,0
KAKDBB_00855 type I-D CRISPR-associated protein Cas7/Csc2,Unmatched,0,0,0
KAKDBB_00860 type I-D CRISPR-associated protein Cas5/Csc1,Unmatched,0,0,0
KAKDBB_00865 Uma2 family endonuclease,Unmatched,0,0,0
KAKDBB_00870 DUF4438 domain-containing protein,Unmatched,0,0,0
KAKDBB_00875 HTH luxR-type domain-containing protein,Unmatched,0,0,0
KAKDBB_00880 ATP-dependent chaperone ClpB,Unmatched,0,0,0
KAKDBB_00885 transketolase,Unmatched,0,0,0
KAKDBB_00890 HypC/HybG/HupF family hydrogenase formation chaperone,Unmatched,0,0,0
KAKDBB_00895 hydrogenase formation protein HypD,Unmatched,0,0,0
KAKDBB_00900 hypothetical protein,Unmatched,0,0,0
KAKDBB_00905 HNH endonuclease,Unmatched,0,0,0
KAKDBB_00910 PEP-CTERM sorting domain-containing protein,Unmatched,0,0,0
KAKDBB_00915 Choice-of-anchor C family protein,Unmatched,0,0,0
"KAKDBB_00920 HicA toxin of bacterial toxin-antitoxin,",Unmatched,0,0,0
KAKDBB_00925 HicB-like domain-containing protein,Unmatched,0,0,0
KAKDBB_00930 transposase,Unmatched,0,0,0
KAKDBB_00935 hypothetical protein,Unmatched,0,0,0
KAKDBB_00940 type II toxin-antitoxin system HicB family antitoxin,Unmatched,0,0,0
KAKDBB_00945 hypothetical protein,Unmatched,0,0,0
KAKDBB_00950 DNA polymerase III subunit alpha,Unmatched,0,0,0
KAKDBB_00955 DUF3252 domain-containing protein,Unmatched,0,0,0
KAKDBB_00960 HAS-barrel domain-containing protein,Unmatched,0,0,0
KAKDBB_00965 hypothetical protein,Unmatched,0,0,0
KAKDBB_00970 hypothetical protein,Unmatched,0,0,0
KAKDBB_00975 plasmid stabilization protein,Unmatched,0,0,0
KAKDBB_00980 hypothetical protein,Unmatched,0,0,0
KAKDBB_00985 ribulose-phosphate 3-epimerase,Unmatched,0,0,0
KAKDBB_00990 histidinol-phosphatase,Unmatched,0,0,0
KAKDBB_00995 hypothetical protein,Unmatched,0,0,0
KAKDBB_01000 ATP-dependent Zn protease,Unmatched,0,0,0
KAKDBB_01005 carbamoyltransferase HypF,Unmatched,0,0,0
KAKDBB_01010 Non-specific serine/threonine protein kinase,Unmatched,0,0,0
KAKDBB_01015 twin-arginine translocase TatA/TatE family subunit,Unmatched,0,0,0
KAKDBB_01020 dihydrolipoyl dehydrogenase,Unmatched,0,0,0
KAKDBB_01025 hypothetical protein,Unmatched,0,0,0
KAKDBB_01030 tRNA epoxyqueuosine(34) reductase QueG,Unmatched,0,0,0
KAKDBB_01035 carotenoid oxygenase,Unmatched,0,0,0
KAKDBB_01040 tRNA-Leu(taa),Unmatched,0,0,0
KAKDBB_01045 NAD(P)H-quinone oxidoreductase subunit L,Unmatched,0,0,0
KAKDBB_01050 DUF3007 domain-containing protein,Unmatched,0,0,0
KAKDBB_01055 ATP-dependent zinc protease,Unmatched,0,0,0
KAKDBB_01060 hypothetical protein,Unmatched,0,0,0
KAKDBB_01065 single-stranded DNA-binding protein,Unmatched,0,0,0
KAKDBB_01070 4Fe-4S ferredoxin,Unmatched,0,0,0
KAKDBB_01075 DUF3727 domain-containing protein,Unmatched,0,0,0
KAKDBB_01090 DUF2283 domain-containing protein,Unmatched,0,0,0
KAKDBB_01095 rod shape-determining protein RodA,Unmatched,0,0,0
KAKDBB_01100 sodium:proton antiporter,Unmatched,0,0,0
KAKDBB_01105 hypothetical protein,Unmatched,0,0,0
KAKDBB_01110 hypothetical protein,Unmatched,0,0,0
KAKDBB_01115 MOSC domain-containing protein,Unmatched,0,0,0
KAKDBB_01120 glycosyl transferase group 1 family protein,Unmatched,0,0,0
KAKDBB_01125 group 1 glycosyl transferase,Unmatched,0,0,0
KAKDBB_01130 AtzE family amidohydrolase,Unmatched,0,0,0
KAKDBB_01135 DUF4089 domain-containing protein,Unmatched,0,0,0
KAKDBB_01140 radical SAM protein,Unmatched,0,0,0
KAKDBB_01145 receptor ligand binding family protein,Unmatched,0,0,0
KAKDBB_01150 glycosyltransferase,Unmatched,0,0,0
KAKDBB_01155 urease accessory protein UreG,Unmatched,0,0,0
KAKDBB_01160 Nucleoside triphosphate pyrophosphatase,Unmatched,0,0,0
KAKDBB_01165 hypothetical protein,Unmatched,0,0,0
KAKDBB_01170 hypothetical protein,Unmatched,0,0,0
KAKDBB_01175 photosystem II oxygen evolving complex protein PsbP,Unmatched,0,0,0
KAKDBB_01180 Mom72 protein,Unmatched,0,0,0
KAKDBB_01185 Ssl1498 family light-harvesting-like protein,Unmatched,0,0,0
KAKDBB_01190 site-specific DNA-methyltransferase,Unmatched,0,0,0
KAKDBB_01195 tryptophan--tRNA ligase,Unmatched,0,0,0
KAKDBB_01200 dolichyl-phosphate-mannose--protein O-mannosyl transferase,Unmatched,0,0,0
KAKDBB_01205 Putative restriction endonuclease,Unmatched,0,0,0
KAKDBB_01210 DNA phosphorothioation-associated methyltransferase,Unmatched,0,0,0
KAKDBB_01215 photosystem II S4 domain protein,Unmatched,0,0,0
KAKDBB_01220 hypothetical protein,Unmatched,0,0,0
KAKDBB_01225 efflux RND transporter periplasmic adaptor subunit,Unmatched,0,0,0
KAKDBB_01230 DUF4327 domain-containing protein,Unmatched,0,0,0
KAKDBB_01235 Acetylglutamate kinase,Unmatched,0,0,0
KAKDBB_01240 amidohydrolase,Unmatched,0,0,0
KAKDBB_01245 5'/3'-nucleotidase SurE,Unmatched,0,0,0
KAKDBB_01250 tRNA-Arg(ccg),Unmatched,0,0,0
KAKDBB_01255 Similarity,Unmatched,0,0,0
KAKDBB_01260 hypothetical protein,Unmatched,0,0,0
KAKDBB_01265 prevent-host-death protein,Unmatched,0,0,0
"KAKDBB_01270 type II toxin-antitoxin system mRNA interferase toxin, RelE/StbE family",Unmatched,0,0,0
KAKDBB_01275 DUF1611 domain-containing protein,Unmatched,0,0,0
KAKDBB_01280 dipeptide epimerase,Unmatched,0,0,0
KAKDBB_01285 t-SNARE coiled-coil-like y domain-containing protein,Unmatched,0,0,0
KAKDBB_01290 Peptidase A2 domain-containing protein,Unmatched,0,0,0
KAKDBB_01295 hypothetical protein,Unmatched,0,0,0
KAKDBB_01300 hypothetical protein,Unmatched,0,0,0
KAKDBB_01305 IS200/IS605 family transposase,Unmatched,0,0,0
KAKDBB_01310 Transposase,Unmatched,0,0,0
KAKDBB_01315 glycosyl transferase family 1,Unmatched,0,0,0
KAKDBB_01320 peptide ABC transporter substrate-binding protein,Unmatched,0,0,0
KAKDBB_01325 citrate synthase,Unmatched,0,0,0
KAKDBB_01330 Uma2 domain-containing protein,Unmatched,0,0,0
KAKDBB_01335 2TM domain-containing protein,Unmatched,0,0,0
KAKDBB_01340 FADH(2)-oxidizing methylenetetrahydrofolate--tRNA-(uracil(54)-C(5))-methyltransferase TrmFO,Unmatched,0,0,0
KAKDBB_01345 thylakoid-associated protein,Unmatched,0,0,0
KAKDBB_01350 Uncharacterized PIN and TRAM-domain containing protein slr1972,Unmatched,0,0,0
KAKDBB_01355 radical SAM family heme chaperone HemW,Unmatched,0,0,0
KAKDBB_01360 cupin,Unmatched,0,0,0
KAKDBB_01365 Shikimate kinase,Unmatched,0,0,0
KAKDBB_01370 oxidoreductase,Unmatched,0,0,0
KAKDBB_01375 DNA-binding protein,Unmatched,0,0,0
KAKDBB_01380 AbrB/MazE/SpoVT family DNA-binding domain-containing protein,Unmatched,0,0,0
KAKDBB_01385 hypothetical protein,Unmatched,0,0,0
KAKDBB_01390 hypothetical protein,Unmatched,0,0,0
KAKDBB_01395 DUF433 domain-containing protein,Unmatched,0,0,0
KAKDBB_01400 histidinol dehydrogenase,Unmatched,0,0,0
KAKDBB_01405 hypothetical protein,Unmatched,0,0,0
KAKDBB_01410 methionine synthase,Unmatched,0,0,0
KAKDBB_01415 sporulation protein SpoIID,Unmatched,0,0,0
KAKDBB_01420 Type I site-specific deoxyribonuclease,Unmatched,0,0,0
KAKDBB_01425 hypothetical protein,Unmatched,0,0,0
KAKDBB_01430 toll/interleukin-1 receptor domain-containing protein,Unmatched,0,0,0
KAKDBB_01435 peptidoglycan editing factor PgeF,Unmatched,0,0,0
KAKDBB_01440 methionyl-tRNA formyltransferase,Unmatched,0,0,0
KAKDBB_01445 cyclic nucleotide-binding protein,Unmatched,0,0,0
KAKDBB_01450 TlyA family rRNA (cytidine-2'-O)-methyltransferase,Unmatched,0,0,0
KAKDBB_01455 hypothetical protein,Unmatched,0,0,0
KAKDBB_01460 hypothetical protein,Unmatched,0,0,0
KAKDBB_01465 ABC 3 transport family,Unmatched,0,0,0
KAKDBB_01470 DUF29 domain-containing protein,Unmatched,0,0,0
KAKDBB_01475 HD domain-containing protein,Unmatched,0,0,0
"KAKDBB_01480 Putative transposase, YhgA-like",Unmatched,0,0,0
KAKDBB_01485 hypothetical protein,Unmatched,0,0,0
KAKDBB_01490 nuclease,Unmatched,0,0,0
KAKDBB_01495 hypothetical protein,Unmatched,0,0,0
KAKDBB_01500 Peripla-BP-6 domain-containing protein,Unmatched,0,0,0
KAKDBB_01505 hypothetical protein,Unmatched,0,0,0
KAKDBB_01510 DUF5615 domain-containing protein,Unmatched,0,0,0
KAKDBB_01515 hypothetical protein,Unmatched,0,0,0
"KAKDBB_01520 7,8-didemethyl-8-hydroxy-5-deazariboflavin synthase subunit CofH",Unmatched,0,0,0
KAKDBB_01525 photosystem II biogenesis protein Psp29,Unmatched,0,0,0
KAKDBB_01530 SsrA-binding protein SmpB,Unmatched,0,0,0
KAKDBB_01535 DUF2808 domain-containing protein,Unmatched,0,0,0
KAKDBB_01540 Pyridoxamine 5'-phosphate oxidase,Unmatched,0,0,0
KAKDBB_01545 molecular chaperone DnaJ,Unmatched,0,0,0
KAKDBB_01550 F5/8 type C domain-containing protein,Unmatched,0,0,0
KAKDBB_01555 DUF2993 domain-containing protein,Unmatched,0,0,0
KAKDBB_01560 hypothetical protein,Unmatched,0,0,0
KAKDBB_01565 flavin-dependent dehydrogenase,Unmatched,0,0,0
KAKDBB_01570 OrfB-Zn-ribbon domain-containing protein,Unmatched,0,0,0
KAKDBB_01575 Transposase,Unmatched,0,0,0
KAKDBB_01580 alpha/beta hydrolase,Unmatched,0,0,0
KAKDBB_01585 hypothetical protein,Unmatched,0,0,0
KAKDBB_01590 hypothetical protein,Unmatched,0,0,0
KAKDBB_01595 hypothetical protein,Unmatched,0,0,0
KAKDBB_01600 hypothetical protein,Unmatched,0,0,0
KAKDBB_01605 serine acetyltransferase,Unmatched,0,0,0
KAKDBB_01610 Type 2A encapsulin shell protein,Unmatched,0,0,0
KAKDBB_01615 cysteine desulfurase,Unmatched,0,0,0
KAKDBB_01620 hypothetical protein,Unmatched,0,0,0
KAKDBB_01625 Cytosine-specific methyltransferase,Unmatched,0,0,0
KAKDBB_01630 DNA cytosine methyltransferase,Unmatched,0,0,0
KAKDBB_01635 DNA-cytosine methylase,Unmatched,0,0,0
KAKDBB_01640 prevent-host-death family protein,Unmatched,0,0,0
KAKDBB_01645 cytochrome B6,Unmatched,0,0,0
KAKDBB_01650 DNA methyltransferase,Unmatched,0,0,0
KAKDBB_01655 Macrophage migration inhibitory factor (MIF),Unmatched,0,0,0
KAKDBB_01660 DUF262 domain-containing protein,Unmatched,0,0,0
KAKDBB_01665 HEPN-RiboL-PSP domain-containing protein,Unmatched,0,0,0
KAKDBB_01670 hypothetical protein,Unmatched,0,0,0
KAKDBB_01675 hypothetical protein,Unmatched,0,0,0
KAKDBB_01680 ATP-dependent RNA helicase,Unmatched,0,0,0
KAKDBB_01685 30S ribosomal protein S12 methylthiotransferase RimO,Unmatched,0,0,0
KAKDBB_01690 phosphorybosylanthranilate isomerase,Unmatched,0,0,0
KAKDBB_01695 VKc domain-containing protein,Unmatched,0,0,0
KAKDBB_01700 methyltransferase,Unmatched,0,0,0
KAKDBB_01705 hypothetical protein,Unmatched,0,0,0
KAKDBB_01710 DNA (cytosine-5-)-methyltransferase,Unmatched,0,0,0
KAKDBB_01715 PIN domain nuclease,Unmatched,0,0,0
KAKDBB_01720 hypothetical protein,Unmatched,0,0,0
"KAKDBB_01725 2,3-bisphosphoglycerate-dependent phosphoglycerate mutase",Unmatched,0,0,0
KAKDBB_01730 pyruvate kinase,Unmatched,0,0,0
KAKDBB_01735 magnesium protoporphyrin IX methyltransferase,Unmatched,0,0,0
KAKDBB_01740 3-methyl-2-oxobutanoate hydroxymethyltransferase,Unmatched,0,0,0
KAKDBB_01745 peptide-methionine (S)-S-oxide reductase,Unmatched,0,0,0
KAKDBB_01750 DUF1727 domain-containing protein,Unmatched,0,0,0
KAKDBB_01755 serine protease,Unmatched,0,0,0
KAKDBB_01760 LPS export ABC transporter periplasmic protein LptC,Unmatched,0,0,0
KAKDBB_01765 hypothetical protein,Unmatched,0,0,0
KAKDBB_01770 photosynthetic/respiratory NAD(P)H-quinone oxidoreductase subunit E,Unmatched,0,0,0
KAKDBB_01775 NADH-quinone oxidoreductase subunit J,Unmatched,0,0,0
KAKDBB_01780 photosynthetic/respiratory NAD(P)H-quinone oxidoreductase subunit I,Unmatched,0,0,0
KAKDBB_01785 NADH-quinone oxidoreductase subunit NuoH,Unmatched,0,0,0
KAKDBB_01790 orotate phosphoribosyltransferase,Unmatched,0,0,0
KAKDBB_01795 porin,Unmatched,0,0,0
KAKDBB_01815 non-ribosomal peptide synthetase,Unmatched,0,0,0
KAKDBB_01830 AerL protein,Unmatched,0,0,0
KAKDBB_01870 hypothetical protein,Unmatched,0,0,0
KAKDBB_01875 SWIM-type domain-containing protein,Unmatched,0,0,0
KAKDBB_01880 type I DNA topoisomerase,Unmatched,0,0,0
KAKDBB_01885 SAM-dependent methyltransferase,Unmatched,0,0,0
KAKDBB_01890 Fe(3+) ABC transporter substrate-binding protein,Unmatched,0,0,0
KAKDBB_01895 Alkaline phosphatase synthesis sensor protein PhoR,Unmatched,0,0,0
KAKDBB_01900 leucyl/phenylalanyl-tRNA--protein transferase,Unmatched,0,0,0
KAKDBB_01905 hypothetical protein,Unmatched,0,0,0
KAKDBB_01910 hypothetical protein,Unmatched,0,0,0
KAKDBB_01925 hypothetical protein,Unmatched,0,0,0
KAKDBB_01930 hypothetical protein,Unmatched,0,0,0
KAKDBB_01935 DUF4347 domain-containing protein,Unmatched,0,0,0
KAKDBB_01940 DUF2252 domain-containing protein,Unmatched,0,0,0
KAKDBB_01945 Permease,Unmatched,0,0,0
KAKDBB_01950 7-alpha-hydroxysteroid dehydrogenase,Unmatched,0,0,0
KAKDBB_01955 2-deoxy-D-gluconate 3-dehydrogenase,Unmatched,0,0,0
KAKDBB_01960 Alginate-exp domain-containing protein,Unmatched,0,0,0
KAKDBB_01965 DUF4346 domain-containing protein,Unmatched,0,0,0
KAKDBB_01970 branched-chain amino acid ABC transporter permease,Unmatched,0,0,0
KAKDBB_01975 hypothetical protein,Unmatched,0,0,0
KAKDBB_01980 Pentapeptide repeat-containing protein,Unmatched,0,0,0
KAKDBB_01985 5-(carboxyamino)imidazole ribonucleotide synthase,Unmatched,0,0,0
KAKDBB_01990 lipolytic protein G-D-S-L family,Unmatched,0,0,0
KAKDBB_01995 hypothetical protein,Unmatched,0,0,0
KAKDBB_02000 histidine kinase,Unmatched,0,0,0
KAKDBB_02005 argininosuccinate synthase,Unmatched,0,0,0
KAKDBB_02015 HNHc domain-containing protein,Unmatched,0,0,0
KAKDBB_02020 sodium:proton antiporter,Unmatched,0,0,0
KAKDBB_02025 TrkA family potassium uptake protein,Unmatched,0,0,0
KAKDBB_02030 DUF2442 domain-containing protein,Unmatched,0,0,0
KAKDBB_02035 hypothetical protein,Unmatched,0,0,0
KAKDBB_02040 ferredoxin,Unmatched,0,0,0
KAKDBB_02045 DUF1257 domain-containing protein,Unmatched,0,0,0
KAKDBB_02050 DUF2997 domain-containing protein,Unmatched,0,0,0
KAKDBB_02055 saccharopine dehydrogenase-like oxidoreductase,Unmatched,0,0,0
KAKDBB_02060 RluA family pseudouridine synthase,Unmatched,0,0,0
KAKDBB_02065 Robl-LC7 domain-containing protein,Unmatched,0,0,0
KAKDBB_02070 DO-GTPase2 domain-containing protein,Unmatched,0,0,0
KAKDBB_02075 Phage holin family protein,Unmatched,0,0,0
KAKDBB_02080 hypothetical protein,Unmatched,0,0,0
KAKDBB_02085 iron-sulfur cluster assembly accessory protein,Unmatched,0,0,0
KAKDBB_02090 hypothetical protein,Unmatched,0,0,0
KAKDBB_02095 Type I restriction enzyme R protein N terminus (HSDR_N),Unmatched,0,0,0
KAKDBB_02100 transporter,Unmatched,0,0,0
"KAKDBB_02105 Endonuclease, Uma2 family (restriction endonuclease fold)",Unmatched,0,0,0
KAKDBB_02110 DNA polymerase subunit beta,Unmatched,0,0,0
KAKDBB_02115 formylglycine-generating enzyme family protein,Unmatched,0,0,0
KAKDBB_02120 dynamin family protein,Unmatched,0,0,0
KAKDBB_02125 competence protein ComE,Unmatched,0,0,0
KAKDBB_02130 DUF2488 domain-containing protein,Unmatched,0,0,0
KAKDBB_02135 pyridoxine 5'-phosphate synthase,Unmatched,0,0,0
KAKDBB_02140 YbaB/EbfC family nucleoid-associated protein,Unmatched,0,0,0
KAKDBB_02145 meta domain protein,Unmatched,0,0,0
KAKDBB_02150 Beta-hexosaminidase,Unmatched,0,0,0
KAKDBB_02155 iron ABC transporter substrate-binding protein,Unmatched,0,0,0
KAKDBB_02160 DUF3153 domain-containing protein,Unmatched,0,0,0
KAKDBB_02165 class 1 fructose-bisphosphatase,Unmatched,0,0,0
KAKDBB_02170 ATP-binding protein,Unmatched,0,0,0
KAKDBB_02175 TIGR02646 family protein,Unmatched,0,0,0
KAKDBB_02180 aspartate aminotransferase,Unmatched,0,0,0
KAKDBB_02185 DUF2281 domain-containing protein,Unmatched,0,0,0
KAKDBB_02190 PEP-CTERM domain-containing protein,Unmatched,0,0,0
KAKDBB_02195 agmatinase,Unmatched,0,0,0
KAKDBB_02200 hydrogenase maturation nickel metallochaperone HypA,Unmatched,0,0,0
KAKDBB_02205 hydrogenase nickel incorporation protein HypB,Unmatched,0,0,0
KAKDBB_02210 aliphatic sulfonates ABC transporter substrate-binding protein,Unmatched,0,0,0
KAKDBB_02215 ABC transporter permease,Unmatched,0,0,0
KAKDBB_02220 nitrate ABC transporter ATP-binding protein,Unmatched,0,0,0
KAKDBB_02225 Red carotenoid-binding protein,Unmatched,0,0,0
KAKDBB_02230 All3148 protein,Unmatched,0,0,0
KAKDBB_02235 alpha/beta hydrolase,Unmatched,0,0,0
KAKDBB_02240 modification methylase,Unmatched,0,0,0
KAKDBB_02245 hypothetical protein,Unmatched,0,0,0
KAKDBB_02250 hypothetical protein,Unmatched,0,0,0
KAKDBB_02255 anticodon-binding protein,Unmatched,0,0,0
KAKDBB_02260 Chromosome partition protein Smc,Unmatched,0,0,0
KAKDBB_02265 hypothetical protein,Unmatched,0,0,0
KAKDBB_02270 InsA protein,Unmatched,0,0,0
KAKDBB_02275 permease,Unmatched,0,0,0
KAKDBB_02280 hypothetical protein,Unmatched,0,0,0
KAKDBB_02285 adenylosuccinate synthase,Unmatched,0,0,0
KAKDBB_02290 50S ribosomal protein L25/general stress protein Ctc,Unmatched,0,0,0
KAKDBB_02295 hypothetical protein,Unmatched,0,0,0
KAKDBB_02300 TIGR00341 family protein,Unmatched,0,0,0
KAKDBB_02305 DUF3146 domain-containing protein,Unmatched,0,0,0
KAKDBB_02310 N-acetyl-gamma-glutamyl-phosphate reductase,Unmatched,0,0,0
KAKDBB_02315 D-alanyl-D-alanine carboxypeptidase/D-alanyl-D-alanine-endopeptidase,Unmatched,0,0,0
KAKDBB_02320 phosphate acyltransferase PlsX,Unmatched,0,0,0
KAKDBB_02325 3-oxoacyl-[acyl-carrier-protein] synthase 3,Unmatched,0,0,0
KAKDBB_02330 ACP S-malonyltransferase,Unmatched,0,0,0
KAKDBB_02335 low-complexity protein,Unmatched,0,0,0
KAKDBB_02340 Dolichyl-phosphate-mannose-protein mannosyltransferase,Unmatched,0,0,0
KAKDBB_02345 histidine kinase,Unmatched,0,0,0
KAKDBB_02350 DNA-binding response regulator,Unmatched,0,0,0
KAKDBB_02355 Putative restriction endonuclease,Unmatched,0,0,0
KAKDBB_02360 FkbM family methyltransferase,Unmatched,0,0,0
KAKDBB_02365 pentapeptide repeat-containing protein,Unmatched,0,0,0
KAKDBB_02370 DUF455 domain-containing protein,Unmatched,0,0,0
KAKDBB_02375 hypothetical protein,Unmatched,0,0,0
KAKDBB_02380 aldolase,Unmatched,0,0,0
KAKDBB_02385 argininosuccinate lyase,Unmatched,0,0,0
KAKDBB_02390 NUDIX hydrolase,Unmatched,0,0,0
KAKDBB_02395 hypothetical protein,Unmatched,0,0,0
KAKDBB_02400 Type-1 restriction enzyme EcoKI specificity protein,Unmatched,0,0,0
KAKDBB_02405 molecular chaperone DnaJ,Unmatched,0,0,0
KAKDBB_02410 bicarbonate-binding protein,Unmatched,0,0,0
KAKDBB_02415 nitrate ABC transporter permease,Unmatched,0,0,0
KAKDBB_02420 bacitracin ABC transporter ATP-binding protein,Unmatched,0,0,0
KAKDBB_02425 bacitracin ABC transporter ATP-binding protein,Unmatched,0,0,0
KAKDBB_02430 Phosphate-starvation-inducible E family,Unmatched,0,0,0
KAKDBB_02435 SH3b domain-containing protein,Unmatched,0,0,0
KAKDBB_02440 AAA family ATPase,Unmatched,0,0,0
KAKDBB_02445 hypothetical protein,Unmatched,0,0,0
KAKDBB_02450 aminotransferase DegT,Unmatched,0,0,0
KAKDBB_02455 polyprenol monophosphomannose synthase,Unmatched,0,0,0
KAKDBB_02460 hypothetical protein,Unmatched,0,0,0
KAKDBB_02465 hypothetical protein,Unmatched,0,0,0
"KAKDBB_02470 cob(I)yrinic acid a,c-diamide adenosyltransferase",Unmatched,0,0,0
KAKDBB_02475 aldo/keto reductase,Unmatched,0,0,0
KAKDBB_02480 type I methionyl aminopeptidase,Unmatched,0,0,0
KAKDBB_02485 phosphate ABC transporter ATP-binding protein PstB,Unmatched,0,0,0
KAKDBB_02490 phosphate ABC transporter permease PstA,Unmatched,0,0,0
KAKDBB_02495 phosphate ABC transporter permease subunit PstC,Unmatched,0,0,0
KAKDBB_02500 phosphate ABC transporter substrate-binding protein PstS,Unmatched,0,0,0
KAKDBB_02505 protein sphX,Unmatched,0,0,0
KAKDBB_02510 hypothetical protein,Unmatched,0,0,0
KAKDBB_02515 Aspartate aminotransferase,Unmatched,0,0,0
KAKDBB_02520 hypothetical protein,Unmatched,0,0,0
KAKDBB_02525 phosphate ABC transporter ATP-binding protein PstB,Unmatched,0,0,0
KAKDBB_02530 phosphate ABC transporter ATP-binding protein PstB,Unmatched,0,0,0
KAKDBB_02535 phosphate ABC transporter permease PstA,Unmatched,0,0,0
KAKDBB_02540 phosphate ABC transporter permease subunit PstC,Unmatched,0,0,0
KAKDBB_02545 phosphate ABC transporter substrate-binding protein PstS,Unmatched,0,0,0
KAKDBB_02550 protein sphX,Unmatched,0,0,0
KAKDBB_02555 ferredoxin--nitrite reductase,Unmatched,0,0,0
KAKDBB_02560 Transposase,Unmatched,0,0,0
KAKDBB_02565 zf-ISL3 domain-containing protein,Unmatched,0,0,0
KAKDBB_02570 HTH-Tnp-ISL3 domain-containing protein,Unmatched,0,0,0
KAKDBB_02575 hypothetical protein,Unmatched,0,0,0
KAKDBB_02580 Similarity,Unmatched,0,0,0
KAKDBB_02585 TetR/AcrR family transcriptional regulator,Unmatched,0,0,0
KAKDBB_02590 hypothetical protein,Unmatched,0,0,0
KAKDBB_02595 IscS subfamily cysteine desulfurase,Unmatched,0,0,0
KAKDBB_02600 hypothetical protein,Unmatched,0,0,0
KAKDBB_02605 recombinase,Unmatched,0,0,0
KAKDBB_02610 DUF4334 domain-containing protein,Unmatched,0,0,0
KAKDBB_02615 Leucine-rich repeat domain-containing protein,Unmatched,0,0,0
KAKDBB_02620 HigA family addiction module antitoxin,Unmatched,0,0,0
KAKDBB_02625 tRNA adenosine(34) deaminase TadA,Unmatched,0,0,0
KAKDBB_02630 glutaredoxin 3,Unmatched,0,0,0
KAKDBB_02635 5-formyltetrahydrofolate cyclo-ligase,Unmatched,0,0,0
KAKDBB_02640 hypothetical protein,Unmatched,0,0,0
KAKDBB_02645 aldo/keto reductase,Unmatched,0,0,0
KAKDBB_02650 hypothetical protein,Unmatched,0,0,0
KAKDBB_02655 N-acetylglucosamine-6-phosphate deacetylase,Unmatched,0,0,0
KAKDBB_02660 serine/threonine protein phosphatase,Unmatched,0,0,0
KAKDBB_02665 Transglutaminase-like superfamily,Unmatched,0,0,0
KAKDBB_02670 hypothetical protein,Unmatched,0,0,0
KAKDBB_02675 DUF4277 domain-containing protein,Unmatched,0,0,0
KAKDBB_02680 IS630 family transposase,Unmatched,0,0,0
KAKDBB_02685 hypothetical protein,Unmatched,0,0,0
KAKDBB_02690 hypothetical protein,Unmatched,0,0,0
KAKDBB_02695 hypothetical protein,Unmatched,0,0,0
KAKDBB_02700 Anaerobic ribonucleoside-triphosphate reductase-activating protein,Unmatched,0,0,0
KAKDBB_02705 RNA-splicing ligase RtcB,Unmatched,0,0,0
KAKDBB_02710 hypothetical protein,Unmatched,0,0,0
KAKDBB_02715 hypothetical protein,Unmatched,0,0,0
KAKDBB_02720 hypothetical protein,Unmatched,0,0,0
KAKDBB_02725 bifunctional hydroxymethylpyrimidine kinase/phosphomethylpyrimidine kinase,Unmatched,0,0,0
KAKDBB_02730 cell division protein FtsZ,Unmatched,0,0,0
KAKDBB_02735 cell division protein,Unmatched,0,0,0
KAKDBB_02740 RRXRR domain-containing protein,Unmatched,0,0,0
KAKDBB_02745 hypothetical protein,Unmatched,0,0,0
KAKDBB_02750 hypothetical protein,Unmatched,0,0,0
KAKDBB_02755 anhydro-N-acetylmuramic acid kinase,Unmatched,0,0,0
KAKDBB_02760 hypothetical protein,Unmatched,0,0,0
KAKDBB_02765 DUF772 domain-containing protein,Unmatched,0,0,0
KAKDBB_02770 hypothetical protein,Unmatched,0,0,0
KAKDBB_02775 Tnp-DDE-dom domain-containing protein,Unmatched,0,0,0
KAKDBB_02780 NHLP bacteriocin system secretion protein,Unmatched,0,0,0
KAKDBB_02785 hypothetical protein,Unmatched,0,0,0
KAKDBB_02790 hypothetical protein,Unmatched,0,0,0
KAKDBB_02795 Transferase hexapeptide repeat containing protein,Unmatched,0,0,0
KAKDBB_02800 Aluminium activated malate transporter,Unmatched,0,0,0
KAKDBB_02805 DUF433 domain-containing protein,Unmatched,0,0,0
KAKDBB_02810 DDE-5 domain-containing protein,Unmatched,0,0,0
KAKDBB_02815 hypothetical protein,Unmatched,0,0,0
KAKDBB_02820 hypothetical protein,Unmatched,0,0,0
KAKDBB_02825 photosystem reaction center subunit H,Unmatched,0,0,0
KAKDBB_02830 branched-chain alpha-keto acid dehydrogenase subunit E2,Unmatched,0,0,0
KAKDBB_02835 DUF561 domain-containing protein,Unmatched,0,0,0
KAKDBB_02840 hypothetical protein,Unmatched,0,0,0
KAKDBB_02845 bifunctional UDP-N-acetylglucosamine diphosphorylase/glucosamine-1-phosphate N-acetyltransferase GlmU,Unmatched,0,0,0
KAKDBB_02850 DUF3370 domain-containing protein,Unmatched,0,0,0
KAKDBB_02855 ISAs1 family transposase,Unmatched,0,0,0
KAKDBB_02860 thioredoxin family protein,Unmatched,0,0,0
KAKDBB_02865 carbohydrate kinase,Unmatched,0,0,0
KAKDBB_02870 tocopherol cyclase,Unmatched,0,0,0
KAKDBB_02875 hypothetical protein,Unmatched,0,0,0
KAKDBB_02880 nucleotidyltransferase,Unmatched,0,0,0
KAKDBB_02885 DNA polymerase subunit beta,Unmatched,0,0,0
KAKDBB_02890 tRNA-Pro(cgg),Unmatched,0,0,0
KAKDBB_02895 lipoyl synthase,Unmatched,0,0,0
KAKDBB_02900 RdgB/HAM1 family non-canonical purine NTP pyrophosphatase,Unmatched,0,0,0
KAKDBB_02905 Molybdopterin synthase catalytic subunit,Unmatched,0,0,0
KAKDBB_02910 Bacterial archaeo-eukaryotic release factor family 3,Unmatched,0,0,0
KAKDBB_02915 B12-binding domain-containing radical SAM protein,Unmatched,0,0,0
KAKDBB_02920 putative high light inducible protein,Unmatched,0,0,0
KAKDBB_02925 glutamate dehydrogenase,Unmatched,0,0,0
KAKDBB_02930 carbonate dehydratase,Unmatched,0,0,0
KAKDBB_02935 dihydroorotase,Unmatched,0,0,0
KAKDBB_02940 hypothetical protein,Unmatched,0,0,0
KAKDBB_02995 Ribonuclease HI,Unmatched,0,0,0
KAKDBB_03000 FAD-dependent oxidoreductase,Unmatched,0,0,0
KAKDBB_03005 Uma2 domain-containing protein,Unmatched,0,0,0
KAKDBB_03010 Putative restriction endonuclease,Unmatched,0,0,0
KAKDBB_03015 DNA repair protein RecN,Unmatched,0,0,0
KAKDBB_03020 DNA-binding response regulator,Unmatched,0,0,0
KAKDBB_03025 DUF2157 domain-containing protein,Unmatched,0,0,0
KAKDBB_03030 DUF29 domain-containing protein,Unmatched,0,0,0
KAKDBB_03035 PEP-CTERM domain-containing protein,Unmatched,0,0,0
KAKDBB_03040 hypothetical protein,Unmatched,0,0,0
KAKDBB_03045 transcriptional repressor,Unmatched,0,0,0
KAKDBB_03050 DUF3685 domain-containing protein,Unmatched,0,0,0
KAKDBB_03055 lysine--tRNA ligase,Unmatched,0,0,0
KAKDBB_03060 TIGR04376 family protein,Unmatched,0,0,0
KAKDBB_03065 alpha/beta hydrolase,Unmatched,0,0,0
KAKDBB_03070 (E)-4-hydroxy-3-methylbut-2-enyl-diphosphate synthase,Unmatched,0,0,0
KAKDBB_03075 histidinol-phosphate transaminase,Unmatched,0,0,0
KAKDBB_03080 Winged helix-turn-helix domain-containing protein,Unmatched,0,0,0
KAKDBB_03085 tRNA pseudouridine(55) synthase TruB,Unmatched,0,0,0
KAKDBB_03090 tRNA (adenosine(37)-N6)-threonylcarbamoyltransferase complex transferase subunit TsaD,Unmatched,0,0,0
KAKDBB_03095 5-oxoprolinase,Unmatched,0,0,0
KAKDBB_03100 hypothetical protein,Unmatched,0,0,0
KAKDBB_03105 DNA-binding response regulator,Unmatched,0,0,0
KAKDBB_03110 Similar to tr|Q8YKM7|Q8YKM7,Unmatched,0,0,0
KAKDBB_03115 DUF1997 domain-containing protein,Unmatched,0,0,0
KAKDBB_03120 (2Fe-2S)-binding protein,Unmatched,0,0,0
KAKDBB_03125 DUF362 domain-containing protein,Unmatched,0,0,0
KAKDBB_03130 tRNA dihydrouridine(20/20a) synthase DusA,Unmatched,0,0,0
KAKDBB_03135 hypothetical protein,Unmatched,0,0,0
KAKDBB_03140 glucose-1-phosphate adenylyltransferase,Unmatched,0,0,0
KAKDBB_03145 Patatin-like phospholipase,Unmatched,0,0,0
KAKDBB_03150 Tol biopolymer transporter periplasmic protein,Unmatched,0,0,0
KAKDBB_03155 biopolymer transporter Tol,Unmatched,0,0,0
KAKDBB_03160 Ycf66 protein N-terminus,Unmatched,0,0,0
KAKDBB_03165 S-layer protein,Unmatched,0,0,0
KAKDBB_03170 pyruvate kinase,Unmatched,0,0,0
KAKDBB_03175 DDE-Tnp-1 domain-containing protein,Unmatched,0,0,0
KAKDBB_03180 RNA pseudouridine synthase,Unmatched,0,0,0
KAKDBB_03185 cysteine desulfurase,Unmatched,0,0,0
KAKDBB_03190 Fe-S cluster assembly protein SufD,Unmatched,0,0,0
KAKDBB_03195 Fe-S cluster assembly ATPase SufC,Unmatched,0,0,0
KAKDBB_03200 Fe-S cluster assembly protein SufB,Unmatched,0,0,0
KAKDBB_03205 iron-sulfur cluster biosynthesis transcriptional regulator SufR,Unmatched,0,0,0
KAKDBB_03210 sulfotransferase,Unmatched,0,0,0
KAKDBB_03215 CPBP family intramembrane metalloprotease domain-containing protein,Unmatched,0,0,0
KAKDBB_03220 glycosyltransferase WbuB,Unmatched,0,0,0
KAKDBB_03225 phosphoribosylamine--glycine ligase,Unmatched,0,0,0
KAKDBB_03230 hypothetical protein,Unmatched,0,0,0
KAKDBB_03235 UDP-N-acetylmuramoyl-tripeptide--D-alanyl-D-alanine ligase,Unmatched,0,0,0
KAKDBB_03240 hypothetical protein,Unmatched,0,0,0
KAKDBB_03245 protoporphyrinogen oxidase HemJ,Unmatched,0,0,0
KAKDBB_03250 helicase,Unmatched,0,0,0
KAKDBB_03255 transcription antitermination factor NusB,Unmatched,0,0,0
KAKDBB_03260 adenylate cyclase,Unmatched,0,0,0
KAKDBB_03265 lactoylglutathione lyase,Unmatched,0,0,0
KAKDBB_03270 hypothetical protein,Unmatched,0,0,0
KAKDBB_03275 anthranilate synthase component I,Unmatched,0,0,0
KAKDBB_03280 hypothetical protein,Unmatched,0,0,0
KAKDBB_03285 Photosystem I reaction center subunit II,Unmatched,0,0,0
KAKDBB_03290 iron ABC transporter permease,Unmatched,0,0,0
KAKDBB_03295 Zn-dependent hydrolase,Unmatched,0,0,0
KAKDBB_03300 aminodeoxychorismate/anthranilate synthase component II,Unmatched,0,0,0
KAKDBB_03305 Pentapeptide repeat-containing protein,Unmatched,0,0,0
KAKDBB_03310 LytR family transcriptional regulator,Unmatched,0,0,0
"KAKDBB_03315 Cell wall-associated hydrolase, NlpC_P60 family",Unmatched,0,0,0
KAKDBB_03320 cation transporter,Unmatched,0,0,0
KAKDBB_03325 endonuclease MutS2,Unmatched,0,0,0
KAKDBB_03330 photosystem II protein Psb27,Unmatched,0,0,0
KAKDBB_03335 histidine kinase,Unmatched,0,0,0
KAKDBB_03340 DNA-binding response regulator,Unmatched,0,0,0
KAKDBB_03345 hypothetical protein,Unmatched,0,0,0
KAKDBB_03350 Putative restriction endonuclease,Unmatched,0,0,0
KAKDBB_03355 epimerase,Unmatched,0,0,0
KAKDBB_03360 transposase,Unmatched,0,0,0
KAKDBB_03365 translational GTPase TypA,Unmatched,0,0,0
KAKDBB_03370 ribose-phosphate pyrophosphokinase,Unmatched,0,0,0
KAKDBB_03375 signal peptidase I,Unmatched,0,0,0
KAKDBB_03380 calcium-binding protein,Unmatched,0,0,0
KAKDBB_03385 cation:proton antiporter,Unmatched,0,0,0
KAKDBB_03390 DUF4040 domain-containing protein,Unmatched,0,0,0
KAKDBB_03395 sodium:proton antiporter,Unmatched,0,0,0
KAKDBB_03400 Na+/H+ antiporter complex subunit F MrpF,Unmatched,0,0,0
KAKDBB_03405 cation:proton antiporter,Unmatched,0,0,0
KAKDBB_03410 Proton-antipo-M domain-containing protein,Unmatched,0,0,0
KAKDBB_03415 undecaprenyldiphospho-muramoylpentapeptide beta-N-acetylglucosaminyltransferase,Unmatched,0,0,0
KAKDBB_03420 hypothetical protein,Unmatched,0,0,0
KAKDBB_03425 transglutaminase,Unmatched,0,0,0
KAKDBB_03430 hypothetical protein,Unmatched,0,0,0
"KAKDBB_03435 beta-propeller domain-containing protein, methanol dehydrogenase",Unmatched,0,0,0
KAKDBB_03440 hybrid sensor histidine kinase/response regulator,Unmatched,0,0,0
KAKDBB_03445 hypothetical protein,Unmatched,0,0,0
KAKDBB_03450 LppP/LprE lipoprotein,Unmatched,0,0,0
KAKDBB_03455 single-stranded-DNA-specific exonuclease RecJ,Unmatched,0,0,0
KAKDBB_03460 Glutamate 5-kinase,Unmatched,0,0,0
KAKDBB_03465 allophycocyanin subunit beta,Unmatched,0,0,0
KAKDBB_03470 DNA mismatch repair protein MutS,Unmatched,0,0,0
KAKDBB_03475 Pilin polypeptide,Unmatched,0,0,0
KAKDBB_03480 Type II secretion system protein G,Unmatched,0,0,0
KAKDBB_03485 hypothetical protein,Unmatched,0,0,0
KAKDBB_03490 DUF29 domain-containing protein,Unmatched,0,0,0
KAKDBB_03495 DUF29 domain-containing protein,Unmatched,0,0,0
KAKDBB_03500 3-beta hydroxysteroid dehydrogenase,Unmatched,0,0,0
KAKDBB_03505 DUF2839 domain-containing protein,Unmatched,0,0,0
KAKDBB_03510 LL-diaminopimelate aminotransferase,Unmatched,0,0,0
KAKDBB_03515 metallophosphatase,Unmatched,0,0,0
KAKDBB_03520 pantothenate kinase,Unmatched,0,0,0
KAKDBB_03525 glycosyl transferase,Unmatched,0,0,0
KAKDBB_03530 hypothetical protein,Unmatched,0,0,0
"KAKDBB_03535 dTDP-glucose 4,6-dehydratase",Unmatched,0,0,0
KAKDBB_03540 tRNA-Ala(cgc),Unmatched,0,0,0
KAKDBB_03545 Acireductone dioxygenase,Unmatched,0,0,0
KAKDBB_03550 hypothetical protein,Unmatched,0,0,0
KAKDBB_03555 metallophosphoesterase,Unmatched,0,0,0
KAKDBB_03560 tRNA (guanosine(46)-N7)-methyltransferase TrmB,Unmatched,0,0,0
KAKDBB_03565 hypothetical protein,Unmatched,0,0,0
KAKDBB_03570 co-chaperone YbbN,Unmatched,0,0,0
KAKDBB_03575 glycogen synthase GlgA,Unmatched,0,0,0
KAKDBB_03580 D-alanyl-D-alanine carboxypeptidase/D-alanyl-D-alanine-endopeptidase,Unmatched,0,0,0
KAKDBB_03585 glutathione-disulfide reductase,Unmatched,0,0,0
KAKDBB_03590 SPFH domain / Band 7 family,Unmatched,0,0,0
KAKDBB_03595 allophycocyanin,Unmatched,0,0,0
KAKDBB_03600 hypothetical protein,Unmatched,0,0,0
KAKDBB_03605 Beta-barrel assembly-enhancing protease,Unmatched,0,0,0
KAKDBB_03610 hypothetical protein,Unmatched,0,0,0
KAKDBB_03615 magnesium/cobalt transporter CorA,Unmatched,0,0,0
KAKDBB_03620 recombinase family protein,Unmatched,0,0,0
KAKDBB_03625 hypothetical protein,Unmatched,0,0,0
KAKDBB_03630 hypothetical protein,Unmatched,0,0,0
KAKDBB_03635 Shikimate 5-dehydrogenase (Modular protein),Unmatched,0,0,0
KAKDBB_03640 PEP-CTERM domain-containing protein,Unmatched,0,0,0
KAKDBB_03645 chaperonin GroEL,Unmatched,0,0,0
KAKDBB_03650 co-chaperone GroES,Unmatched,0,0,0
KAKDBB_03655 hypothetical protein,Unmatched,0,0,0
KAKDBB_03660 CAAD domain-containing protein,Unmatched,0,0,0
KAKDBB_03665 Ssr2962 protein,Unmatched,0,0,0
KAKDBB_03670 DUF5615 domain-containing protein,Unmatched,0,0,0
KAKDBB_03675 DNA helicase PcrA,Unmatched,0,0,0
KAKDBB_03680 methionine adenosyltransferase,Unmatched,0,0,0
KAKDBB_03685 Cyanobacterial functional RNA 1,Unmatched,0,0,0
KAKDBB_03690 nickel import ATP-binding protein NikD,Unmatched,0,0,0
KAKDBB_03695 energy-coupling factor ABC transporter permease,Unmatched,0,0,0
KAKDBB_03700 energy-coupling factor ABC transporter substrate-binding protein,Unmatched,0,0,0
KAKDBB_03705 cobalt ECF transporter T component CbiQ,Unmatched,0,0,0
KAKDBB_03710 cobalt ABC transporter ATP-binding protein,Unmatched,0,0,0
KAKDBB_03715 amidase,Unmatched,0,0,0
KAKDBB_03720 hypothetical protein,Unmatched,0,0,0
KAKDBB_03725 bifunctional pyr operon transcriptional regulator/uracil phosphoribosyltransferase PyrR,Unmatched,0,0,0
KAKDBB_03730 endonuclease/exonuclease/phosphatase,Unmatched,0,0,0
KAKDBB_03735 peptide ABC transporter substrate-binding protein,Unmatched,0,0,0
KAKDBB_03740 hypothetical protein,Unmatched,0,0,0
KAKDBB_03745 DedA family protein,Unmatched,0,0,0
KAKDBB_03750 methyltransferase,Unmatched,0,0,0
KAKDBB_03755 glycosyltransferase family 1 protein,Unmatched,0,0,0
KAKDBB_03760 RNA-binding protein,Unmatched,0,0,0
"KAKDBB_03765 1,4-dihydroxy-2-naphthoyl-CoA synthase",Unmatched,0,0,0
KAKDBB_03770 type II toxin-antitoxin system HicB family antitoxin,Unmatched,0,0,0
KAKDBB_03775 glycosyltransferase,Unmatched,0,0,0
KAKDBB_03780 serine acetyltransferase,Unmatched,0,0,0
KAKDBB_03785 2-C-methyl-D-erythritol 4-phosphate cytidylyltransferase,Unmatched,0,0,0
KAKDBB_03790 DUF1824 domain-containing protein,Unmatched,0,0,0
KAKDBB_03795 hypothetical protein,Unmatched,0,0,0
KAKDBB_03800 hypothetical protein,Unmatched,0,0,0
KAKDBB_03805 hypothetical protein,Unmatched,0,0,0
KAKDBB_03810 magnesium chelatase ATPase subunit D,Unmatched,0,0,0
KAKDBB_03815 hypothetical protein,Unmatched,0,0,0
KAKDBB_03820 Protein kinase domain-containing protein,Unmatched,0,0,0
KAKDBB_03825 Bacterial RNase P class A,Unmatched,0,0,0
KAKDBB_03830 hypothetical protein,Unmatched,0,0,0
KAKDBB_03850 hypothetical protein,Unmatched,0,0,0
KAKDBB_03855 serine/threonine protein kinase,Unmatched,0,0,0
KAKDBB_03860 hypothetical protein,Unmatched,0,0,0
KAKDBB_03865 hypothetical protein,Unmatched,0,0,0
KAKDBB_03870 Alkaline phosphatase,Unmatched,0,0,0
KAKDBB_03875 Gas vesicle structural protein,Unmatched,0,0,0
KAKDBB_03880 Putative restriction endonuclease,Unmatched,0,0,0
KAKDBB_03885 site-specific DNA-methyltransferase,Unmatched,0,0,0
KAKDBB_03890 dihydroorotase,Unmatched,0,0,0
KAKDBB_03895 hypothetical protein,Unmatched,0,0,0
KAKDBB_03900 adenine specific DNA methylase Mod,Unmatched,0,0,0
KAKDBB_03905 hypothetical protein,Unmatched,0,0,0
KAKDBB_03910 hypothetical protein,Unmatched,0,0,0
KAKDBB_03915 WYL domain-containing protein,Unmatched,0,0,0
KAKDBB_03920 serine protease,Unmatched,0,0,0
KAKDBB_03925 hypothetical protein,Unmatched,0,0,0
KAKDBB_03930 hypothetical protein,Unmatched,0,0,0
KAKDBB_03935 cell death suppressor protein Lls1,Unmatched,0,0,0
KAKDBB_03940 serine/threonine protein phosphatase,Unmatched,0,0,0
KAKDBB_03945 site-2 protease family protein,Unmatched,0,0,0
KAKDBB_03950 FraH protein,Unmatched,0,0,0
KAKDBB_03955 6-phosphogluconolactonase,Unmatched,0,0,0
KAKDBB_03960 Holliday junction resolvase RuvX,Unmatched,0,0,0
KAKDBB_03965 GNAT family N-acetyltransferase,Unmatched,0,0,0
KAKDBB_03970 DNA recombination-mediator protein A,Unmatched,0,0,0
KAKDBB_03975 MAPEG family protein,Unmatched,0,0,0
KAKDBB_03980 adenosine deaminase,Unmatched,0,0,0
KAKDBB_03985 carbamoyl-phosphate synthase large subunit,Unmatched,0,0,0
KAKDBB_03990 Metalloprotease slr0863,Unmatched,0,0,0
KAKDBB_03995 molecular chaperone DnaK,Unmatched,0,0,0
KAKDBB_04000 molecular chaperone DnaJ,Unmatched,0,0,0
KAKDBB_04005 sulfurtransferase TusA family protein,Unmatched,0,0,0
KAKDBB_04010 small ribosomal subunit biogenesis GTPase RsgA,Unmatched,0,0,0
KAKDBB_04015 sodium-independent anion transporter,Unmatched,0,0,0
KAKDBB_04020 ion transporter,Unmatched,0,0,0
KAKDBB_04025 hypothetical protein,Unmatched,0,0,0
KAKDBB_04030 AbrB/MazE/SpoVT family DNA-binding domain-containing protein,Unmatched,0,0,0
KAKDBB_04035 potassium-transporting ATPase subunit C,Unmatched,0,0,0
KAKDBB_04040 ATP-dependent helicase,Unmatched,0,0,0
KAKDBB_04045 Pentapeptide repeat protein,Unmatched,0,0,0
KAKDBB_04050 transcriptional regulator,Unmatched,0,0,0
KAKDBB_04055 metallothionein,Unmatched,0,0,0
KAKDBB_04060 Putative restriction endonuclease,Unmatched,0,0,0
KAKDBB_04065 PEP-CTERM domain-containing protein,Unmatched,0,0,0
KAKDBB_04070 MazF family transcriptional regulator,Unmatched,0,0,0
KAKDBB_04075 hypothetical protein,Unmatched,0,0,0
KAKDBB_04080 DUF2808 domain-containing protein,Unmatched,0,0,0
KAKDBB_04085 DNA replication/repair protein RecF,Unmatched,0,0,0
KAKDBB_04090 ribose-5-phosphate isomerase RpiA,Unmatched,0,0,0
KAKDBB_04095 RNA-binding protein,Unmatched,0,0,0
KAKDBB_04100 NblA-related protein,Unmatched,0,0,0
KAKDBB_04105 universal stress protein UspA-like protein,Unmatched,0,0,0
"KAKDBB_04110 arsenate reductase, glutathione/glutaredoxin type",Unmatched,0,0,0
KAKDBB_04115 arsenical resistance protein ArsH,Unmatched,0,0,0
KAKDBB_04120 ACR3 family arsenite efflux transporter,Unmatched,0,0,0
KAKDBB_04125 transcriptional regulator,Unmatched,0,0,0
KAKDBB_04130 photosystem II reaction center protein Ycf12,Unmatched,0,0,0
KAKDBB_04135 peptidase M16,Unmatched,0,0,0
KAKDBB_04140 peptidase M16,Unmatched,0,0,0
KAKDBB_04145 hypothetical protein,Unmatched,0,0,0
KAKDBB_04150 Putative restriction endonuclease,Unmatched,0,0,0
KAKDBB_04155 glucose-6-phosphate dehydrogenase assembly protein OpcA,Unmatched,0,0,0
KAKDBB_04160 glucose-6-phosphate dehydrogenase,Unmatched,0,0,0
KAKDBB_04165 S-layer protein,Unmatched,0,0,0
"KAKDBB_04170 TamB, inner membrane protein subunit of TAM complex",Unmatched,0,0,0
KAKDBB_04175 N-acetyltransferase,Unmatched,0,0,0
KAKDBB_04180 DUF3854 domain-containing protein,Unmatched,0,0,0
KAKDBB_04185 ribonucleoside-diphosphate reductase subunit alpha,Unmatched,0,0,0
KAKDBB_04190 Domain of unknown function DUF29,Unmatched,0,0,0
KAKDBB_04195 DUF29 domain-containing protein,Unmatched,0,0,0
KAKDBB_04200 DUF29 domain-containing protein,Unmatched,0,0,0
KAKDBB_04205 DUF29 domain-containing protein,Unmatched,0,0,0
KAKDBB_04210 DUF29 domain-containing protein,Unmatched,0,0,0
KAKDBB_04215 Ribonucleoside-diphosphate reductase,Unmatched,0,0,0
"KAKDBB_04220 Ribonucleotide reductase of class Ia (Aerobic), beta subunit",Unmatched,0,0,0
KAKDBB_04230 Type II toxin-antitoxin system VapB family antitoxin,Unmatched,0,0,0
KAKDBB_04235 DUF433 domain-containing protein,Unmatched,0,0,0
KAKDBB_04240 hypothetical protein,Unmatched,0,0,0
KAKDBB_04245 PIN domain-containing protein,Unmatched,0,0,0
KAKDBB_04250 radical SAM protein,Unmatched,0,0,0
KAKDBB_04255 NB-ARC domain protein,Unmatched,0,0,0
KAKDBB_04265 reactive intermediate/imine deaminase,Unmatched,0,0,0
KAKDBB_04275 AAA-31 domain-containing protein,Unmatched,0,0,0
KAKDBB_04280 hypothetical protein,Unmatched,0,0,0
KAKDBB_04285 Isoleucine--tRNA ligase,Unmatched,0,0,0
KAKDBB_04290 Uma2 family endonuclease,Unmatched,0,0,0
KAKDBB_04295 galactosyl-1-phosphate transferase,Unmatched,0,0,0
KAKDBB_04300 hypothetical protein,Unmatched,0,0,0
KAKDBB_04305 hypothetical protein,Unmatched,0,0,0
KAKDBB_04310 IS982 family transposase,Unmatched,0,0,0
KAKDBB_04315 SUMF1/EgtB/PvdO family nonheme iron enzyme,Unmatched,0,0,0
KAKDBB_04320 hypothetical protein,Unmatched,0,0,0
KAKDBB_04325 cysteine synthase A,Unmatched,0,0,0
KAKDBB_04330 PhoH domain-containing protein,Unmatched,0,0,0
KAKDBB_04335 GPDPase-memb domain-containing protein,Unmatched,0,0,0
KAKDBB_04340 phosphate starvation-inducible protein PhoH,Unmatched,0,0,0
KAKDBB_04345 50S ribosomal protein L20,Unmatched,0,0,0
KAKDBB_04350 50S ribosomal protein L35,Unmatched,0,0,0
KAKDBB_04355 transaldolase,Unmatched,0,0,0
KAKDBB_04360 hypothetical protein,Unmatched,0,0,0
KAKDBB_04365 preQ(1) synthase,Unmatched,0,0,0
KAKDBB_04370 hydrolase,Unmatched,0,0,0
KAKDBB_04375 MEKHLA domain-containing protein,Unmatched,0,0,0
KAKDBB_04380 orotidine-5'-phosphate decarboxylase,Unmatched,0,0,0
KAKDBB_04385 hypothetical protein,Unmatched,0,0,0
KAKDBB_04390 peptide chain release factor N(5)-glutamine methyltransferase,Unmatched,0,0,0
KAKDBB_04395 Tic22-like family,Unmatched,0,0,0
KAKDBB_04400 Similar to tr|Q8YYW7|Q8YYW7,Unmatched,0,0,0
KAKDBB_04405 S-methyl-5-thioribose-1-phosphate isomerase,Unmatched,0,0,0
KAKDBB_04410 DNA-binding response regulator,Unmatched,0,0,0
KAKDBB_04415 phosphoribulokinase,Unmatched,0,0,0
KAKDBB_04420 diguanylate cyclase,Unmatched,0,0,0
KAKDBB_04440 hypothetical protein,Unmatched,0,0,0
KAKDBB_04450 hypothetical protein,Unmatched,0,0,0
KAKDBB_04455 transcriptional regulator,Unmatched,0,0,0
KAKDBB_04460 hypothetical protein,Unmatched,0,0,0
KAKDBB_04465 DNA polymerase III subunit beta,Unmatched,0,0,0
"KAKDBB_04470 glutamate-1-semialdehyde 2,1-aminomutase",Unmatched,0,0,0
KAKDBB_04475 hypothetical protein,Unmatched,0,0,0
KAKDBB_04480 cysteine synthase A,Unmatched,0,0,0
KAKDBB_04485 nitrogen fixation protein,Unmatched,0,0,0
KAKDBB_04490 cytidine deaminase,Unmatched,0,0,0
KAKDBB_04495 hypothetical protein,Unmatched,0,0,0
KAKDBB_04500 VapC toxin family PIN domain ribonuclease,Unmatched,0,0,0
KAKDBB_04505 hypothetical protein,Unmatched,0,0,0
KAKDBB_04510 50S ribosome-binding GTPase,Unmatched,0,0,0
KAKDBB_04515 DUF4336 domain-containing protein,Unmatched,0,0,0
KAKDBB_04520 hypothetical protein,Unmatched,0,0,0
KAKDBB_04525 amino acid ABC transporter permease,Unmatched,0,0,0
KAKDBB_04530 photosystem I reaction center subunit PsaK,Unmatched,0,0,0
KAKDBB_04535 50S ribosomal protein L28,Unmatched,0,0,0
KAKDBB_04540 PIN-10 domain-containing protein,Unmatched,0,0,0
KAKDBB_04545 CbamoylP-synth-lsu-like-ATP-bd domain-containing protein,Unmatched,0,0,0
KAKDBB_04550 DNA methyltransferase,Unmatched,0,0,0
KAKDBB_04555 hypothetical protein,Unmatched,0,0,0
KAKDBB_04560 IrrE N-terminal-like domain-containing protein,Unmatched,0,0,0
KAKDBB_04565 Protein translocase subunit SecA,Unmatched,0,0,0
"KAKDBB_04570 2-C-methyl-D-erythritol 2,4-cyclodiphosphate synthase",Unmatched,0,0,0
KAKDBB_04575 DUF2281 domain-containing protein,Unmatched,0,0,0
KAKDBB_04580 PIN domain nuclease,Unmatched,0,0,0
KAKDBB_04585 arginine--tRNA ligase,Unmatched,0,0,0
KAKDBB_04590 nitrogenase,Unmatched,0,0,0
KAKDBB_04595 hypothetical protein,Unmatched,0,0,0
KAKDBB_04600 hypothetical protein,Unmatched,0,0,0
KAKDBB_04605 hypothetical protein,Unmatched,0,0,0
KAKDBB_04610 chromosome segregation protein SMC,Unmatched,0,0,0
KAKDBB_04615 hypothetical protein,Unmatched,0,0,0
KAKDBB_04620 DEAD/DEAH box helicase,Unmatched,0,0,0
KAKDBB_04625 hypothetical protein,Unmatched,0,0,0
KAKDBB_04630 16S rRNA (uracil(1498)-N(3))-methyltransferase,Unmatched,0,0,0
KAKDBB_04635 hypothetical protein,Unmatched,0,0,0
KAKDBB_04640 photosystem I reaction center subunit IV,Unmatched,0,0,0
KAKDBB_04645 aspartate aminotransferase family protein,Unmatched,0,0,0
KAKDBB_04650 sulfotransferase,Unmatched,0,0,0
KAKDBB_04655 Lysylphosphatidylglycerol synthase TM region,Unmatched,0,0,0
KAKDBB_04660 circadian clock protein KaiC,Unmatched,0,0,0
KAKDBB_04665 circadian clock protein KaiB,Unmatched,0,0,0
KAKDBB_04670 circadian clock protein KaiA,Unmatched,0,0,0
KAKDBB_04675 hybrid sensor histidine kinase/response regulator,Unmatched,0,0,0
KAKDBB_04680 Fe(2+) transport protein A,Unmatched,0,0,0
KAKDBB_04685 Fe(2+) transporter permease subunit FeoB,Unmatched,0,0,0
KAKDBB_04690 Sugar metabolism transcriptional regulator,Unmatched,0,0,0
KAKDBB_04695 metal ABC transporter ATPase,Unmatched,0,0,0
KAKDBB_04700 cadmium-translocating P-type ATPase,Unmatched,0,0,0
KAKDBB_04705 hypothetical protein,Unmatched,0,0,0
KAKDBB_04710 DUF5132 domain-containing protein,Unmatched,0,0,0
KAKDBB_04715 SAM-dependent methyltransferase,Unmatched,0,0,0
KAKDBB_04720 hypothetical protein,Unmatched,0,0,0
KAKDBB_04725 Crp/Fnr family transcriptional regulator,Unmatched,0,0,0
KAKDBB_04730 hypothetical protein,Unmatched,0,0,0
KAKDBB_04735 alpha/beta hydrolase,Unmatched,0,0,0
KAKDBB_04740 metallophosphatase,Unmatched,0,0,0
KAKDBB_04745 metallophosphatase family protein,Unmatched,0,0,0
KAKDBB_04750 CobW C-terminal domain-containing protein,Unmatched,0,0,0
KAKDBB_04755 cysteine--tRNA ligase,Unmatched,0,0,0
KAKDBB_04760 phosphoribosyl-AMP cyclohydrolase,Unmatched,0,0,0
KAKDBB_04765 cobalamin biosynthesis protein CobW,Unmatched,0,0,0
KAKDBB_04770 threonine--tRNA ligase,Unmatched,0,0,0
KAKDBB_04775 AB hydrolase-1 domain-containing protein,Unmatched,0,0,0
KAKDBB_04780 flavodoxin FldA,Unmatched,0,0,0
KAKDBB_04785 chlorophyll a/b binding light-harvesting protein,Unmatched,0,0,0
KAKDBB_04790 Antisense RNA which regulates isiA expression,Unmatched,0,0,0
KAKDBB_04795 hypothetical protein,Unmatched,0,0,0
KAKDBB_04800 ribonuclease III,Unmatched,0,0,0
KAKDBB_04805 cAMP-binding protein,Unmatched,0,0,0
KAKDBB_04810 sulfate ABC transporter substrate-binding protein,Unmatched,0,0,0
KAKDBB_04815 ABC transporter,Unmatched,0,0,0
KAKDBB_04820 sulfate ABC transporter permease subunit CysT,Unmatched,0,0,0
KAKDBB_04825 sulfate ABC transporter permease subunit CysW,Unmatched,0,0,0
KAKDBB_04830 sulfate ABC transporter ATP-binding protein,Unmatched,0,0,0
KAKDBB_04835 ATPase,Unmatched,0,0,0
KAKDBB_04840 hypothetical protein,Unmatched,0,0,0
KAKDBB_04845 aminopeptidase,Unmatched,0,0,0
KAKDBB_04850 DUF4079 domain-containing protein,Unmatched,0,0,0
KAKDBB_04855 cobalamin biosynthesis protein CobW,Unmatched,0,0,0
KAKDBB_04860 cytosolic protein,Unmatched,0,0,0
KAKDBB_04865 hypothetical protein,Unmatched,0,0,0
KAKDBB_04870 hypothetical protein,Unmatched,0,0,0
KAKDBB_04875 hypothetical protein,Unmatched,0,0,0
KAKDBB_04880 dolichol-P-glucose synthetase,Unmatched,0,0,0
KAKDBB_04885 Transposase,Unmatched,0,0,0
KAKDBB_04890 hypothetical protein,Unmatched,0,0,0
KAKDBB_04895 DUF3769 domain-containing protein,Unmatched,0,0,0
KAKDBB_04900 photosystem II reaction center protein I,Unmatched,0,0,0
KAKDBB_04905 16S rRNA (cytidine(1402)-2'-O)-methyltransferase,Unmatched,0,0,0
KAKDBB_04910 permease,Unmatched,0,0,0
KAKDBB_04915 Lipopolysaccharide export system ATP-binding protein LptB,Unmatched,0,0,0
KAKDBB_04920 ostA-like family protein,Unmatched,0,0,0
KAKDBB_04925 DUF309 domain-containing protein,Unmatched,0,0,0
KAKDBB_04930 ferredoxin--nitrite reductase,Unmatched,0,0,0
KAKDBB_04935 hypothetical protein,Unmatched,0,0,0
KAKDBB_04940 ComF family protein,Unmatched,0,0,0
KAKDBB_04945 Photosystem II reaction center X protein,Unmatched,0,0,0
KAKDBB_04950 fibrillin,Unmatched,0,0,0
KAKDBB_04955 RNA polymerase subunit sigma,Unmatched,0,0,0
KAKDBB_04960 Fis family transcriptional regulator,Unmatched,0,0,0
KAKDBB_04965 Acetate kinase,Unmatched,0,0,0
KAKDBB_04970 thioredoxin,Unmatched,0,0,0
KAKDBB_04975 Thioredoxin,Unmatched,0,0,0
KAKDBB_04980 DNA-processing protein DprA,Unmatched,0,0,0
KAKDBB_04985 hypothetical protein,Unmatched,0,0,0
KAKDBB_04990 POLO box domain-containing protein,Unmatched,0,0,0
KAKDBB_04995 PemK-like protein,Unmatched,0,0,0
KAKDBB_05000 hypothetical protein,Unmatched,0,0,0
KAKDBB_05005 Serine/threonine-protein kinase pkn1,Unmatched,0,0,0
KAKDBB_05010 precorrin-2 C(20)-methyltransferase,Unmatched,0,0,0
KAKDBB_05015 precorrin-8X methylmutase,Unmatched,0,0,0
KAKDBB_05020 precorrin-3B synthase,Unmatched,0,0,0
KAKDBB_05025 Tandem-95 repeat protein,Unmatched,0,0,0
KAKDBB_05030 hypothetical protein,Unmatched,0,0,0
KAKDBB_05035 Carboxypeptidase regulatory-like domain-containing protein,Unmatched,0,0,0
KAKDBB_05040 cobalamin biosynthesis bifunctional protein CbiET,Unmatched,0,0,0
KAKDBB_05045 hypothetical protein,Unmatched,0,0,0
KAKDBB_05050 hypothetical protein,Unmatched,0,0,0
KAKDBB_05055 hypothetical protein,Unmatched,0,0,0
KAKDBB_05060 molecular chaperone DnaJ,Unmatched,0,0,0
KAKDBB_05065 Putative restriction endonuclease,Unmatched,0,0,0
KAKDBB_05070 hypothetical protein,Unmatched,0,0,0
KAKDBB_05075 PIN domain-containing protein,Unmatched,0,0,0
KAKDBB_05080 phosphoenolpyruvate synthase,Unmatched,0,0,0
KAKDBB_05085 RloB domain-containing protein,Unmatched,0,0,0
KAKDBB_05090 abortive infection protein,Unmatched,0,0,0
KAKDBB_05100 DUF2283 domain-containing protein,Unmatched,0,0,0
KAKDBB_05105 FdxN element excision controlling factor protein (Modular protein),Unmatched,0,0,0
KAKDBB_05110 XisI protein,Unmatched,0,0,0
KAKDBB_05115 photosystem I assembly protein Ycf4,Unmatched,0,0,0
KAKDBB_05120 peptidylprolyl isomerase,Unmatched,0,0,0
KAKDBB_05125 beta-ketoacyl-ACP synthase,Unmatched,0,0,0
KAKDBB_05130 hypothetical protein,Unmatched,0,0,0
KAKDBB_05135 HNHc domain-containing protein,Unmatched,0,0,0
KAKDBB_05140 Bacterial transglutaminase-like N-terminal region,Unmatched,0,0,0
KAKDBB_05145 GTP-binding protein,Unmatched,0,0,0
"KAKDBB_05150 type II toxin-antitoxin system mRNA interferase toxin, RelE/StbE family",Unmatched,0,0,0
KAKDBB_05155 Threonyl-tRNA synthetase,Unmatched,0,0,0
KAKDBB_05160 replication/maintenance protein,Unmatched,0,0,0
KAKDBB_05170 chitin deacetylase,Unmatched,0,0,0
KAKDBB_05175 hypothetical protein,Unmatched,0,0,0
KAKDBB_05180 glycerol acyltransferase,Unmatched,0,0,0
KAKDBB_05185 hypothetical protein,Unmatched,0,0,0
KAKDBB_05190 hypothetical protein,Unmatched,0,0,0
KAKDBB_05195 PIN domain nuclease,Unmatched,0,0,0
KAKDBB_05200 hypothetical protein,Unmatched,0,0,0
KAKDBB_05205 Piricyclamide,Unmatched,0,0,0
KAKDBB_05210 prevent-host-death protein,Unmatched,0,0,0
KAKDBB_05215 PilT protein domain protein,Unmatched,0,0,0
KAKDBB_05220 PIN domain nuclease,Unmatched,0,0,0
KAKDBB_05225 DUF2281 domain-containing protein,Unmatched,0,0,0
KAKDBB_05230 HTH-OrfB-IS605 domain-containing protein,Unmatched,0,0,0
KAKDBB_05235 Coenzyme Q biosynthesis Coq4,Unmatched,0,0,0
KAKDBB_05240 DUF1345 domain-containing protein,Unmatched,0,0,0
KAKDBB_05245 Glutamate decarboxylase,Unmatched,0,0,0
KAKDBB_05250 Similar to tr|Q8TTC2|Q8TTC2,Unmatched,0,0,0
KAKDBB_05255 Small-conductance mechanosensitive channel MscK,Unmatched,0,0,0
KAKDBB_05260 aminomethyl-transferring glycine dehydrogenase,Unmatched,0,0,0
KAKDBB_05265 phospholipid carrier-dependent glycosyltransferase,Unmatched,0,0,0
KAKDBB_05270 4-amino-4-deoxychorismate lyase,Unmatched,0,0,0
KAKDBB_05275 Uncharacterised protein family (UPF0175),Unmatched,0,0,0
KAKDBB_05280 hypothetical protein,Unmatched,0,0,0
KAKDBB_05285 hypothetical protein,Unmatched,0,0,0
KAKDBB_05290 Serine/threonine protein kinase,Unmatched,0,0,0
KAKDBB_05295 Amino-oxidase domain-containing protein,Unmatched,0,0,0
KAKDBB_05300 Serine/threonine-protein kinase PknL,Unmatched,0,0,0
KAKDBB_05305 hypothetical protein,Unmatched,0,0,0
KAKDBB_05310 PIN domain-containing protein,Unmatched,0,0,0
KAKDBB_05315 hypothetical protein,Unmatched,0,0,0
KAKDBB_05320 PINc domain-containing protein,Unmatched,0,0,0
KAKDBB_05325 hypothetical protein,Unmatched,0,0,0
KAKDBB_05330 hypothetical protein,Unmatched,0,0,0
KAKDBB_05335 hypothetical protein,Unmatched,0,0,0
KAKDBB_05340 PEP-CTERM domain-containing protein,Unmatched,0,0,0
KAKDBB_05345 hypothetical protein,Unmatched,0,0,0
KAKDBB_05350 hypothetical protein,Unmatched,0,0,0
KAKDBB_05355 hypothetical protein,Unmatched,0,0,0
KAKDBB_05360 hypothetical protein,Unmatched,0,0,0
KAKDBB_05365 Similar to tr/A0YRK7/A0YRK7_9CYAN WD-repeat protein (Modular protein),Unmatched,0,0,0
KAKDBB_05370 glucokinase,Unmatched,0,0,0
KAKDBB_05375 glucokinase,Unmatched,0,0,0
KAKDBB_05380 ATP-dependent chaperone ClpB,Unmatched,0,0,0
KAKDBB_05385 GNAT family N-acetyltransferase,Unmatched,0,0,0
KAKDBB_05390 hypothetical protein,Unmatched,0,0,0
"KAKDBB_05395 5,10-methylenetetrahydrofolate reductase",Unmatched,0,0,0
KAKDBB_05400 G-D-S-L family lipolytic protein,Unmatched,0,0,0
KAKDBB_05405 hypothetical protein,Unmatched,0,0,0
KAKDBB_05410 dUTPase domain-containing protein,Unmatched,0,0,0
KAKDBB_05415 Haloacid dehalogenase-like hydrolase family protein,Unmatched,0,0,0
KAKDBB_05420 DUF2064 domain-containing protein,Unmatched,0,0,0
"KAKDBB_05425 L,D-transpeptidase",Unmatched,0,0,0
KAKDBB_05430 DUF6464 domain-containing protein,Unmatched,0,0,0
KAKDBB_05435 adenosylmethionine decarboxylase,Unmatched,0,0,0
KAKDBB_05440 HigA family addiction module antitoxin,Unmatched,0,0,0
KAKDBB_05445 DUF4335 domain-containing protein,Unmatched,0,0,0
KAKDBB_05450 DUF3038 domain-containing protein,Unmatched,0,0,0
KAKDBB_05455 adenine phosphoribosyltransferase,Unmatched,0,0,0
KAKDBB_05460 ABC transporter substrate-binding protein,Unmatched,0,0,0
KAKDBB_05465 hypothetical protein,Unmatched,0,0,0
KAKDBB_05470 NAD(P)-dependent oxidoreductase,Unmatched,0,0,0
KAKDBB_05475 hypothetical protein,Unmatched,0,0,0
KAKDBB_05480 Ureidoglycolate hydrolase,Unmatched,0,0,0
KAKDBB_05485 efflux RND transporter periplasmic adaptor subunit,Unmatched,0,0,0
KAKDBB_05490 GUN4 domain-containing protein,Unmatched,0,0,0
KAKDBB_05495 aspartate carbamoyltransferase catalytic subunit,Unmatched,0,0,0
KAKDBB_05500 hypothetical protein,Unmatched,0,0,0
KAKDBB_05505 hypothetical protein,Unmatched,0,0,0
KAKDBB_05510 hypothetical protein,Unmatched,0,0,0
KAKDBB_05515 hypothetical protein,Unmatched,0,0,0
KAKDBB_05520 Type 4 pilin-like protein,Unmatched,0,0,0
KAKDBB_05525 Prepilin-type family protein,Unmatched,0,0,0
KAKDBB_05530 DUF2203 domain-containing protein,Unmatched,0,0,0
KAKDBB_05535 DUF6439 domain-containing protein,Unmatched,0,0,0
KAKDBB_05540 ATP-binding protein,Unmatched,0,0,0
KAKDBB_05545 23S rRNA (uracil(1939)-C(5))-methyltransferase RlmD,Unmatched,0,0,0
KAKDBB_05550 DUF29 domain-containing protein,Unmatched,0,0,0
KAKDBB_05555 ATPase,Unmatched,0,0,0
"KAKDBB_05560 2-carboxy-1,4-naphthoquinone phytyltransferase",Unmatched,0,0,0
KAKDBB_05565 Putative restriction endonuclease,Unmatched,0,0,0
KAKDBB_05570 WD40 repeat domain-containing protein,Unmatched,0,0,0
KAKDBB_05575 DUF5678 domain-containing protein,Unmatched,0,0,0
KAKDBB_05580 Domain of unknown function DUF29,Unmatched,0,0,0
KAKDBB_05585 DUF642 domain-containing protein,Unmatched,0,0,0
KAKDBB_05590 type II toxin-antitoxin system HicA family toxin,Unmatched,0,0,0
KAKDBB_05595 hypothetical protein,Unmatched,0,0,0
KAKDBB_05600 MCE family protein,Unmatched,0,0,0
KAKDBB_05605 ABC transporter ATP-binding protein,Unmatched,0,0,0
KAKDBB_05610 hypothetical protein,Unmatched,0,0,0
KAKDBB_05615 site-specific DNA-methyltransferase,Unmatched,0,0,0
KAKDBB_05620 restriction endonuclease,Unmatched,0,0,0
KAKDBB_05625 phenylalanine--tRNA ligase subunit beta,Unmatched,0,0,0
KAKDBB_05630 ATPase,Unmatched,0,0,0
KAKDBB_05635 hypothetical protein,Unmatched,0,0,0
KAKDBB_05640 Uncharacterised protein family (UPF0175),Unmatched,0,0,0
KAKDBB_05645 hypothetical protein,Unmatched,0,0,0
KAKDBB_05650 hypothetical protein,Unmatched,0,0,0
KAKDBB_05655 PINc domain-containing protein,Unmatched,0,0,0
KAKDBB_05660 Gsr2395 protein,Unmatched,0,0,0
KAKDBB_05665 DUF5615 domain-containing protein,Unmatched,0,0,0
KAKDBB_05670 hypothetical protein,Unmatched,0,0,0
KAKDBB_05675 hypothetical protein,Unmatched,0,0,0
KAKDBB_05680 hypothetical protein,Unmatched,0,0,0
KAKDBB_05685 PIN domain nuclease,Unmatched,0,0,0
KAKDBB_05690 phosphoketolase,Unmatched,0,0,0
KAKDBB_05695 type I glyceraldehyde-3-phosphate dehydrogenase,Unmatched,0,0,0
KAKDBB_05700 hypothetical protein,Unmatched,0,0,0
KAKDBB_05705 folate-binding protein YgfZ,Unmatched,0,0,0
KAKDBB_05710 BFN domain-containing protein,Unmatched,0,0,0
KAKDBB_05715 oxidoreductase,Unmatched,0,0,0
KAKDBB_05720 fructose-bisphosphate aldolase class II,Unmatched,0,0,0
KAKDBB_05725 carboxyl-terminal protease,Unmatched,0,0,0
KAKDBB_05730 Transposase,Unmatched,0,0,0
KAKDBB_05735 hypothetical protein,Unmatched,0,0,0
KAKDBB_05740 amino acid ABC transporter substrate-binding protein,Unmatched,0,0,0
KAKDBB_05745 DUF4347 domain-containing protein,Unmatched,0,0,0
KAKDBB_05750 PD-(D/E)XK nuclease family protein,Unmatched,0,0,0
KAKDBB_05755 molecular chaperone DnaJ,Unmatched,0,0,0
KAKDBB_05760 DUF3611 domain-containing protein,Unmatched,0,0,0
KAKDBB_05765 DUF565 domain-containing protein,Unmatched,0,0,0
"KAKDBB_05770 Flp pilus assembly protein TadD, contains TPR repeats",Unmatched,0,0,0
KAKDBB_05775 Tetratricopeptide repeat protein,Unmatched,0,0,0
KAKDBB_05780 ATP-dependent zinc metalloprotease FtsH3,Unmatched,0,0,0
KAKDBB_05785 tRNA (adenosine(37)-N6)-dimethylallyltransferase MiaA,Unmatched,0,0,0
KAKDBB_05790 DUF2079 domain-containing protein,Unmatched,0,0,0
KAKDBB_05795 amino acid ABC transporter substrate-binding protein,Unmatched,0,0,0
KAKDBB_05800 AI-2E family transporter,Unmatched,0,0,0
KAKDBB_05805 J domain-containing protein,Unmatched,0,0,0
KAKDBB_05810 hypothetical protein,Unmatched,0,0,0
KAKDBB_05815 chromosome partitioning protein ParA,Unmatched,0,0,0
KAKDBB_05820 Asp-tRNA(Asn)/Glu-tRNA(Gln) amidotransferase subunit GatB,Unmatched,0,0,0
KAKDBB_05825 pyruvate kinase,Unmatched,0,0,0
KAKDBB_05830 class I SAM-dependent methyltransferase,Unmatched,0,0,0
KAKDBB_05835 hypothetical protein,Unmatched,0,0,0
KAKDBB_05840 hypothetical protein,Unmatched,0,0,0
KAKDBB_05845 hypothetical protein,Unmatched,0,0,0
KAKDBB_05860 RNA-binding protein,Unmatched,0,0,0
KAKDBB_05865 membrane protein insertase YidC,Unmatched,0,0,0
KAKDBB_05870 ribonuclease P,Unmatched,0,0,0
KAKDBB_05875 ribonuclease P protein component,Unmatched,0,0,0
KAKDBB_05880 glycogen debranching protein,Unmatched,0,0,0
KAKDBB_05885 hydrolase,Unmatched,0,0,0
KAKDBB_05890 nucleotide exchange factor GrpE,Unmatched,0,0,0
KAKDBB_05895 Type II secretory pathway ATPase GspE/PulE or T4P pilus assembly pathway ATPase PilB,Unmatched,0,0,0
KAKDBB_05900 twitching motility protein PilT,Unmatched,0,0,0
KAKDBB_05905 pilus assembly protein PilC,Unmatched,0,0,0
KAKDBB_05910 Amidase,Unmatched,0,0,0
KAKDBB_05915 tRNA-Asp(gtc),Unmatched,0,0,0
KAKDBB_05920 glycogen phosphorylase,Unmatched,0,0,0
KAKDBB_05925 dihydroflavonol 4-reductase,Unmatched,0,0,0
KAKDBB_05930 fluoride efflux transporter CrcB,Unmatched,0,0,0
KAKDBB_05935 fluoride efflux transporter CrcB,Unmatched,0,0,0
KAKDBB_05940 16S rRNA (adenine(1518)-N(6)/adenine(1519)-N(6))-dimethyltransferase RsmA,Unmatched,0,0,0
KAKDBB_05945 4-(cytidine 5'-diphospho)-2-C-methyl-D-erythritol kinase,Unmatched,0,0,0
KAKDBB_05950 Urease accessory protein UreD,Unmatched,0,0,0
KAKDBB_05955 hypothetical protein,Unmatched,0,0,0
KAKDBB_05960 hypothetical protein,Unmatched,0,0,0
KAKDBB_05965 XRE family transcriptional regulator,Unmatched,0,0,0
KAKDBB_05970 restriction endonuclease,Unmatched,0,0,0
KAKDBB_05975 DNA (cytosine-5-)-methyltransferase,Unmatched,0,0,0
KAKDBB_05980 DNA gyrase subunit A,Unmatched,0,0,0
KAKDBB_05985 DNA uptake protein,Unmatched,0,0,0
KAKDBB_05990 TM2 domain-containing protein,Unmatched,0,0,0
KAKDBB_05995 asparagine--tRNA ligase,Unmatched,0,0,0
KAKDBB_06000 Phenylacetate--CoA ligase,Unmatched,0,0,0
KAKDBB_06005 hypothetical protein,Unmatched,0,0,0
KAKDBB_06010 hypothetical protein,Unmatched,0,0,0
KAKDBB_06015 NAD(P)H-quinone oxidoreductase subunit N,Unmatched,0,0,0
KAKDBB_06020 DUF3539 domain-containing protein,Unmatched,0,0,0
KAKDBB_06025 YggS family pyridoxal phosphate enzyme,Unmatched,0,0,0
KAKDBB_06030 cell division protein SepF,Unmatched,0,0,0
KAKDBB_06035 pyrroline-5-carboxylate reductase,Unmatched,0,0,0
KAKDBB_06040 glucose-6-phosphate dehydrogenase,Unmatched,0,0,0
KAKDBB_06045 Metal-binding protein,Unmatched,0,0,0
KAKDBB_06050 tRNA-Val(tac),Unmatched,0,0,0
KAKDBB_06055 YkgJ family cysteine cluster protein,Unmatched,0,0,0
KAKDBB_06060 serine/threonine protein kinase,Unmatched,0,0,0
KAKDBB_06065 mRNA-degrading endonuclease,Unmatched,0,0,0
KAKDBB_06070 hypothetical protein,Unmatched,0,0,0
KAKDBB_06075 hypothetical protein,Unmatched,0,0,0
KAKDBB_06080 hypothetical protein,Unmatched,0,0,0
KAKDBB_06085 Serine/threonine protein kinase,Unmatched,0,0,0
KAKDBB_06090 hypothetical protein,Unmatched,0,0,0
KAKDBB_06095 hypothetical protein,Unmatched,0,0,0
KAKDBB_06100 hypothetical protein,Unmatched,0,0,0
KAKDBB_06105 transcriptional regulator,Unmatched,0,0,0
KAKDBB_06110 hypothetical protein,Unmatched,0,0,0
KAKDBB_06115 DNA-binding protein,Unmatched,0,0,0
KAKDBB_06120 hypothetical protein,Unmatched,0,0,0
"KAKDBB_06125 putative toxin-antitoxin system toxin component, PIN family",Unmatched,0,0,0
KAKDBB_06130 transcriptional regulator,Unmatched,0,0,0
KAKDBB_06135 hypothetical protein,Unmatched,0,0,0
KAKDBB_06140 plasmid stabilization protein,Unmatched,0,0,0
KAKDBB_06145 hypothetical protein,Unmatched,0,0,0
KAKDBB_06150 XRE family transcriptional regulator,Unmatched,0,0,0
KAKDBB_06155 hypothetical protein,Unmatched,0,0,0
KAKDBB_06160 hypothetical protein,Unmatched,0,0,0
KAKDBB_06165 DUF4926 domain-containing protein,Unmatched,0,0,0
KAKDBB_06170 cobalt ABC transporter ATP-binding protein,Unmatched,0,0,0
KAKDBB_06175 cobalt ECF transporter T component CbiQ,Unmatched,0,0,0
KAKDBB_06180 cobalt transport protein,Unmatched,0,0,0
KAKDBB_06185 cobalamin biosynthesis protein CbiM,Unmatched,0,0,0
KAKDBB_06190 hypothetical protein,Unmatched,0,0,0
KAKDBB_06195 tRNA-Arg(acg),Unmatched,0,0,0
KAKDBB_06200 cyclic pyranopterin monophosphate synthase MoaC,Unmatched,0,0,0
KAKDBB_06205 magnesium chelatase subunit H,Unmatched,0,0,0
KAKDBB_06210 hypothetical protein,Unmatched,0,0,0
KAKDBB_06215 tRNA-Glu(ttc),Unmatched,0,0,0
KAKDBB_06220 two-component sensor histidine kinase,Unmatched,0,0,0
KAKDBB_06225 EVE domain-containing protein,Unmatched,0,0,0
KAKDBB_06230 primosomal protein,Unmatched,0,0,0
KAKDBB_06235 restriction endonuclease subunit R,Unmatched,0,0,0
KAKDBB_06240 IS110 family transposase,Unmatched,0,0,0
KAKDBB_06245 Mobile element protein,Unmatched,0,0,0
KAKDBB_06250 hypothetical protein,Unmatched,0,0,0
KAKDBB_06255 hypothetical protein,Unmatched,0,0,0
KAKDBB_06260 hypothetical protein,Unmatched,0,0,0
KAKDBB_06265 hypothetical protein,Unmatched,0,0,0
"KAKDBB_06270 L,D-transpeptidase",Unmatched,0,0,0
KAKDBB_06275 Conserved protein,Unmatched,0,0,0
KAKDBB_06280 F0F1 ATP synthase subunit beta,Unmatched,0,0,0
KAKDBB_06285 ATP synthase F1 subunit epsilon,Unmatched,0,0,0
KAKDBB_06290 30S ribosomal protein PSRP-3,Unmatched,0,0,0
KAKDBB_06295 8-oxo-dGTP diphosphatase MutT,Unmatched,0,0,0
KAKDBB_06300 DUF3134 domain-containing protein,Unmatched,0,0,0
KAKDBB_06305 phospho-N-acetylmuramoyl-pentapeptide-transferase,Unmatched,0,0,0
KAKDBB_06310 iron-sulfur cluster assembly accessory protein,Unmatched,0,0,0
KAKDBB_06315 prevent-host-death protein,Unmatched,0,0,0
KAKDBB_06320 type II toxin-antitoxin system RelE/ParE family toxin,Unmatched,0,0,0
KAKDBB_06325 Similar to tr|Q8YRU7|Q8YRU7,Unmatched,0,0,0
KAKDBB_06330 hypothetical protein,Unmatched,0,0,0
"KAKDBB_06335 Gamma-glutamyl cyclotransferase, AIG2-like",Unmatched,0,0,0
KAKDBB_06340 aldo/keto reductase,Unmatched,0,0,0
KAKDBB_06370 mRNA-degrading endonuclease,Unmatched,0,0,0
KAKDBB_06375 hypothetical protein,Unmatched,0,0,0
KAKDBB_06380 hypothetical protein,Unmatched,0,0,0
KAKDBB_06385 type II toxin-antitoxin system HicB family antitoxin,Unmatched,0,0,0
KAKDBB_06390 T9SS sorting signal type C domain-containing protein,Unmatched,0,0,0
KAKDBB_06395 hypothetical protein,Unmatched,0,0,0
KAKDBB_06400 hypothetical protein,Unmatched,0,0,0
KAKDBB_06405 hypothetical protein,Unmatched,0,0,0
KAKDBB_06410 hypothetical protein,Unmatched,0,0,0
KAKDBB_06415 Methyltransferase,Unmatched,0,0,0
KAKDBB_06420 cytochrome B,Unmatched,0,0,0
KAKDBB_06425 TIGR00297 family protein,Unmatched,0,0,0
KAKDBB_06430 hypothetical protein,Unmatched,0,0,0
KAKDBB_06435 hypothetical protein,Unmatched,0,0,0
KAKDBB_06440 DUF4160 domain-containing protein,Unmatched,0,0,0
KAKDBB_06445 hypothetical protein,Unmatched,0,0,0
KAKDBB_06450 hypothetical protein,Unmatched,0,0,0
KAKDBB_06455 tRNA-Asn(gtt),Unmatched,0,0,0
KAKDBB_06460 peptidase M16,Unmatched,0,0,0
KAKDBB_06465 peptidase M16,Unmatched,0,0,0
KAKDBB_06470 Tetratricopeptide TPR_1 repeat-containing protein,Unmatched,0,0,0
KAKDBB_06475 mannosyltransferase,Unmatched,0,0,0
KAKDBB_06480 tRNA-Ser(gga),Unmatched,0,0,0
KAKDBB_06485 transcription-repair coupling factor,Unmatched,0,0,0
KAKDBB_06490 cation ABC transporter substrate-binding protein,Unmatched,0,0,0
KAKDBB_06495 ABC transporter,Unmatched,0,0,0
KAKDBB_06500 nucleotide cyclase,Unmatched,0,0,0
KAKDBB_06505 hypothetical protein,Unmatched,0,0,0
KAKDBB_06510 RNA polymerase subunit sigma-70,Unmatched,0,0,0
KAKDBB_06515 hypothetical protein,Unmatched,0,0,0
KAKDBB_06520 Uma2 domain-containing protein,Unmatched,0,0,0
"KAKDBB_06525 HEPN domain protein, putative toxin of MNT-HEPN system",Unmatched,0,0,0
KAKDBB_06530 NTP-transf-2 domain-containing protein,Unmatched,0,0,0
KAKDBB_06535 hypothetical protein,Unmatched,0,0,0
KAKDBB_06540 HicB-like domain-containing protein,Unmatched,0,0,0
KAKDBB_06545 Bacterial extracellular solute-binding protein,Unmatched,0,0,0
KAKDBB_06550 mechanosensitive ion channel protein,Unmatched,0,0,0
KAKDBB_06555 dienelactone hydrolase,Unmatched,0,0,0
KAKDBB_06560 DUF2854 domain-containing protein,Unmatched,0,0,0
KAKDBB_06565 sulfite exporter TauE/SafE family protein,Unmatched,0,0,0
KAKDBB_06570 hypothetical protein,Unmatched,0,0,0
KAKDBB_06575 DUF3120 domain-containing protein,Unmatched,0,0,0
KAKDBB_06580 Transposase,Unmatched,0,0,0
KAKDBB_06585 5S ribosomal RNA,Unmatched,0,0,0
KAKDBB_06590 Hemolysin,Unmatched,0,0,0
KAKDBB_06595 (partial) 5S ribosomal RNA,Unmatched,0,0,0
KAKDBB_06600 hypothetical protein,Unmatched,0,0,0
KAKDBB_06605 hypothetical protein,Unmatched,0,0,0
KAKDBB_06610 hypothetical protein,Unmatched,0,0,0
KAKDBB_06615 hypothetical protein,Unmatched,0,0,0
KAKDBB_06620 DUF5615 domain-containing protein,Unmatched,0,0,0
KAKDBB_06625 hypothetical protein,Unmatched,0,0,0
KAKDBB_06630 hypothetical protein,Unmatched,0,0,0
KAKDBB_06635 type II toxin-antitoxin system VapC family toxin,Unmatched,0,0,0
KAKDBB_06640 Phosphatidylcholine-sterol acyltransferase,Unmatched,0,0,0
KAKDBB_06645 Tnp-DDE-dom domain-containing protein,Unmatched,0,0,0
KAKDBB_06650 hypothetical protein,Unmatched,0,0,0
KAKDBB_06655 polyketide synthase,Unmatched,0,0,0
KAKDBB_06660 hypothetical protein,Unmatched,0,0,0
KAKDBB_06665 polyketide synthase,Unmatched,0,0,0
KAKDBB_06670 bifunctional 3-hydroxydecanoyl-ACP dehydratase/trans-2-decenoyl-ACP isomerase,Unmatched,0,0,0
KAKDBB_06675 2-nitropropane dioxygenase,Unmatched,0,0,0
KAKDBB_06680 MFS transporter,Unmatched,0,0,0
KAKDBB_06685 hypothetical protein,Unmatched,0,0,0
KAKDBB_06690 hypothetical protein,Unmatched,0,0,0
KAKDBB_06695 hypothetical protein,Unmatched,0,0,0
KAKDBB_06700 hypothetical protein,Unmatched,0,0,0
KAKDBB_06705 PEP-CTERM sorting domain-containing protein,Unmatched,0,0,0
KAKDBB_06710 Multidrug resistance efflux pump EmrA,Unmatched,0,0,0
KAKDBB_06715 acriflavine resistance protein B,Unmatched,0,0,0
KAKDBB_06720 hypothetical protein,Unmatched,0,0,0
KAKDBB_06725 Ssr0692 protein,Unmatched,0,0,0
KAKDBB_06730 hypothetical protein,Unmatched,0,0,0
KAKDBB_06735 GNAT family N-acetyltransferase,Unmatched,0,0,0
KAKDBB_06740 hypothetical protein,Unmatched,0,0,0
KAKDBB_06745 transporter,Unmatched,0,0,0
KAKDBB_06750 hypothetical protein,Unmatched,0,0,0
KAKDBB_06755 Putative restriction endonuclease,Unmatched,0,0,0
KAKDBB_06760 DUF6516 domain-containing protein,Unmatched,0,0,0
KAKDBB_06765 hypothetical protein,Unmatched,0,0,0
KAKDBB_06770 Transposase,Unmatched,0,0,0
KAKDBB_06775 glutamate-5-semialdehyde dehydrogenase,Unmatched,0,0,0
KAKDBB_06780 riboflavin synthase,Unmatched,0,0,0
KAKDBB_06785 DUF4411 domain-containing protein,Unmatched,0,0,0
KAKDBB_06790 DUF4411 domain-containing protein,Unmatched,0,0,0
KAKDBB_06795 IrrE N-terminal-like domain-containing protein,Unmatched,0,0,0
KAKDBB_06800 adenosylhomocysteinase,Unmatched,0,0,0
KAKDBB_06805 alkaline phosphatase,Unmatched,0,0,0
KAKDBB_06810 hypothetical protein,Unmatched,0,0,0
KAKDBB_06815 hypothetical protein,Unmatched,0,0,0
KAKDBB_06820 PIN domain nuclease,Unmatched,0,0,0
KAKDBB_06825 Protein kinase,Unmatched,0,0,0
KAKDBB_06830 hypothetical protein,Unmatched,0,0,0
KAKDBB_06835 hypothetical protein,Unmatched,0,0,0
"KAKDBB_06840 putative toxin-antitoxin system toxin component, PIN family",Unmatched,0,0,0
KAKDBB_06845 hypothetical protein,Unmatched,0,0,0
KAKDBB_06850 hypothetical protein,Unmatched,0,0,0
KAKDBB_06855 F0F1 ATP synthase subunit gamma,Unmatched,0,0,0
KAKDBB_06860 F0F1 ATP synthase subunit alpha,Unmatched,0,0,0
KAKDBB_06865 ATP synthase F1 subunit delta,Unmatched,0,0,0
KAKDBB_06870 F0F1 ATP synthase subunit B,Unmatched,0,0,0
KAKDBB_06875 F0F1 ATP synthase subunit B',Unmatched,0,0,0
KAKDBB_06880 cadmium-translocating P-type ATPase,Unmatched,0,0,0
KAKDBB_06885 histidine--tRNA ligase,Unmatched,0,0,0
KAKDBB_06890 hypothetical protein,Unmatched,0,0,0
KAKDBB_06895 HigA family addiction module antitoxin,Unmatched,0,0,0
KAKDBB_06900 murein biosynthesis integral membrane protein MurJ,Unmatched,0,0,0
KAKDBB_06905 diflavin flavoprotein A,Unmatched,0,0,0
KAKDBB_06910 polyphosphate kinase 1,Unmatched,0,0,0
KAKDBB_06915 hypothetical protein,Unmatched,0,0,0
KAKDBB_06920 alpha/beta hydrolase,Unmatched,0,0,0
KAKDBB_06925 hypothetical protein,Unmatched,0,0,0
KAKDBB_06930 ferredoxin--nitrite reductase,Unmatched,0,0,0
KAKDBB_06935 tyrosine--tRNA ligase,Unmatched,0,0,0
KAKDBB_06940 hypothetical protein,Unmatched,0,0,0
KAKDBB_06945 glycosyl transferase,Unmatched,0,0,0
KAKDBB_06950 ferredoxin,Unmatched,0,0,0
KAKDBB_06955 hypothetical protein,Unmatched,0,0,0
KAKDBB_06960 ABC transporter ATP-binding protein,Unmatched,0,0,0
KAKDBB_06965 alanine racemase,Unmatched,0,0,0
KAKDBB_06970 DUF1611 domain-containing protein,Unmatched,0,0,0
KAKDBB_06975 DUF3134 domain-containing protein,Unmatched,0,0,0
KAKDBB_06980 ssl1498 family light-harvesting-like protein,Unmatched,0,0,0
KAKDBB_06985 2-phospho-L-lactate transferase CofD,Unmatched,0,0,0
KAKDBB_06990 Tic20 family protein,Unmatched,0,0,0
KAKDBB_06995 NADH-quinone oxidoreductase subunit NuoF,Unmatched,0,0,0
KAKDBB_07000 bidirectional hydrogenase complex protein HoxE,Unmatched,0,0,0
KAKDBB_07010 PIN domain protein,Unmatched,0,0,0
KAKDBB_07015 hypothetical protein,Unmatched,0,0,0
KAKDBB_07020 hypothetical protein,Unmatched,0,0,0
KAKDBB_07025 PG-binding-1 domain-containing protein,Unmatched,0,0,0
KAKDBB_07030 hypothetical protein,Unmatched,0,0,0
KAKDBB_07035 hypothetical protein,Unmatched,0,0,0
KAKDBB_07040 collagen-like protein,Unmatched,0,0,0
KAKDBB_07045 hypothetical protein,Unmatched,0,0,0
KAKDBB_07050 hypothetical protein,Unmatched,0,0,0
KAKDBB_07055 hypothetical protein,Unmatched,0,0,0
KAKDBB_07060 hypothetical protein,Unmatched,0,0,0
KAKDBB_07065 tRNA-Leu(tag),Unmatched,0,0,0
KAKDBB_07070 prolipoprotein diacylglyceryl transferase,Unmatched,0,0,0
KAKDBB_07075 flagellar biosynthesis protein FlgM,Unmatched,0,0,0
KAKDBB_07080 glycosyl transferase family 2,Unmatched,0,0,0
KAKDBB_07085 hypothetical protein,Unmatched,0,0,0
KAKDBB_07090 DUF721 domain-containing protein,Unmatched,0,0,0
KAKDBB_07095 hypothetical protein,Unmatched,0,0,0
KAKDBB_07100 phage shock protein A,Unmatched,0,0,0
KAKDBB_07105 PspA/IM30 family,Unmatched,0,0,0
KAKDBB_07110 PspA/IM30 family,Unmatched,0,0,0
KAKDBB_07115 hypothetical protein,Unmatched,0,0,0
KAKDBB_07120 hypothetical protein,Unmatched,0,0,0
KAKDBB_07125 hypothetical protein,Unmatched,0,0,0
KAKDBB_07130 hypothetical protein,Unmatched,0,0,0
KAKDBB_07135 hypothetical protein,Unmatched,0,0,0
KAKDBB_07140 hypothetical protein,Unmatched,0,0,0
KAKDBB_07145 hypothetical protein,Unmatched,0,0,0
KAKDBB_07150 hypothetical protein,Unmatched,0,0,0
KAKDBB_07155 hypothetical protein,Unmatched,0,0,0
KAKDBB_07160 clan AA aspartic protease,Unmatched,0,0,0
KAKDBB_07165 DUF433 domain-containing protein,Unmatched,0,0,0
KAKDBB_07170 HigA family addiction module antitoxin,Unmatched,0,0,0
KAKDBB_07175 UDP-N-acetylmuramate dehydrogenase,Unmatched,0,0,0
KAKDBB_07180 UDP-N-acetylmuramate--L-alanine ligase,Unmatched,0,0,0
KAKDBB_07185 type I glyceraldehyde-3-phosphate dehydrogenase,Unmatched,0,0,0
KAKDBB_07190 iron export ABC transporter permease subunit FetB,Unmatched,0,0,0
KAKDBB_07195 alkene reductase,Unmatched,0,0,0
KAKDBB_07200 B12-binding domain-containing radical SAM protein,Unmatched,0,0,0
KAKDBB_07205 SAM-dependent methyltransferase,Unmatched,0,0,0
KAKDBB_07210 restriction endonuclease,Unmatched,0,0,0
KAKDBB_07215 UDP-glucose:tetrahydrobiopterin glucosyltransferase,Unmatched,0,0,0
KAKDBB_07220 LemA family protein,Unmatched,0,0,0
KAKDBB_07225 TPM domain-containing protein,Unmatched,0,0,0
KAKDBB_07230 hypothetical protein,Unmatched,0,0,0
KAKDBB_07235 IS607 family transposase,Unmatched,0,0,0
KAKDBB_07240 thiamine phosphate synthase,Unmatched,0,0,0
KAKDBB_07245 hypothetical protein,Unmatched,0,0,0
KAKDBB_07250 sulfur carrier protein ThiS,Unmatched,0,0,0
KAKDBB_07255 C2H2-type domain-containing protein,Unmatched,0,0,0
KAKDBB_07260 hypothetical protein,Unmatched,0,0,0
KAKDBB_07265 hypothetical protein,Unmatched,0,0,0
KAKDBB_07270 OmpA family,Unmatched,0,0,0
KAKDBB_07275 Methyl-accepting chemotaxis protein,Unmatched,0,0,0
KAKDBB_07280 Tubulin like,Unmatched,0,0,0
KAKDBB_07285 VWA domain-containing protein,Unmatched,0,0,0
KAKDBB_07290 GntR family transcriptional regulator,Unmatched,0,0,0
KAKDBB_07295 1-acyl-sn-glycerol-3-phosphate acyltransferase,Unmatched,0,0,0
KAKDBB_07300 peptide chain release factor 3,Unmatched,0,0,0
KAKDBB_07305 restriction endonuclease,Unmatched,0,0,0
KAKDBB_07310 adenine-specific DNA-methyltransferase,Unmatched,0,0,0
KAKDBB_07315 DNA (cytosine-5-)-methyltransferase,Unmatched,0,0,0
KAKDBB_07320 signal peptide peptidase SppA,Unmatched,0,0,0
KAKDBB_07325 competence protein,Unmatched,0,0,0
KAKDBB_07330 universal stress protein,Unmatched,0,0,0
KAKDBB_07335 hypothetical protein,Unmatched,0,0,0
KAKDBB_07340 zinc-binding alcohol dehydrogenase,Unmatched,0,0,0
KAKDBB_07345 bifunctional sterol desaturase/short chain dehydrogenase,Unmatched,0,0,0
KAKDBB_07350 glycosyl transferase,Unmatched,0,0,0
KAKDBB_07365 hypothetical protein,Unmatched,0,0,0
KAKDBB_07370 photosynthetic/respiratory NAD(P)H-quinone oxidoreductase subunit H,Unmatched,0,0,0
KAKDBB_07375 L-glutamate gamma-semialdehyde dehydrogenase,Unmatched,0,0,0
KAKDBB_07380 alpha-D-glucose phosphate-specific phosphoglucomutase,Unmatched,0,0,0
KAKDBB_07385 Tellurite resistance protein TerB,Unmatched,0,0,0
KAKDBB_07390 16S rRNA (cytosine(967)-C(5))-methyltransferase,Unmatched,0,0,0
KAKDBB_07395 putative esterase,Unmatched,0,0,0
KAKDBB_07400 hypothetical protein,Unmatched,0,0,0
KAKDBB_07405 hypothetical protein,Unmatched,0,0,0
KAKDBB_07410 hypothetical protein,Unmatched,0,0,0
KAKDBB_07415 CPBP family intramembrane metalloprotease,Unmatched,0,0,0
KAKDBB_07420 ATP-dependent Clp protease adapter ClpS,Unmatched,0,0,0
KAKDBB_07425 hypothetical protein,Unmatched,0,0,0
KAKDBB_07430 hypothetical protein,Unmatched,0,0,0
KAKDBB_07435 50S ribosomal protein L31,Unmatched,0,0,0
KAKDBB_07440 30S ribosomal protein S9,Unmatched,0,0,0
KAKDBB_07445 50S ribosomal protein L13,Unmatched,0,0,0
KAKDBB_07450 tRNA pseudouridine(38-40) synthase TruA,Unmatched,0,0,0
KAKDBB_07455 50S ribosomal protein L17,Unmatched,0,0,0
KAKDBB_07460 DNA-directed RNA polymerase subunit alpha,Unmatched,0,0,0
KAKDBB_07465 30S ribosomal protein S11,Unmatched,0,0,0
KAKDBB_07470 30S ribosomal protein S13,Unmatched,0,0,0
KAKDBB_07475 50S ribosomal protein L36,Unmatched,0,0,0
KAKDBB_07480 translation initiation factor IF-1,Unmatched,0,0,0
KAKDBB_07485 YCII domain-containing protein,Unmatched,0,0,0
KAKDBB_07490 2'-5' RNA ligase,Unmatched,0,0,0
KAKDBB_07495 glycolate oxidase subunit GlcD,Unmatched,0,0,0
KAKDBB_07500 hypothetical protein,Unmatched,0,0,0
KAKDBB_07505 amidase,Unmatched,0,0,0
KAKDBB_07510 DNA-binding response regulator,Unmatched,0,0,0
KAKDBB_07515 histidine kinase,Unmatched,0,0,0
KAKDBB_07520 hypothetical protein,Unmatched,0,0,0
KAKDBB_07525 phosphate signaling complex protein PhoU,Unmatched,0,0,0
KAKDBB_07530 peptide ABC transporter permease,Unmatched,0,0,0
KAKDBB_07535 hypothetical protein,Unmatched,0,0,0
KAKDBB_07540 NAD(P)H-quinone oxidoreductase subunit N,Unmatched,0,0,0
KAKDBB_07545 glutamate--tRNA ligase,Unmatched,0,0,0
KAKDBB_07550 ATP-dependent 6-phosphofructokinase,Unmatched,0,0,0
KAKDBB_07555 DNA modification methylase,Unmatched,0,0,0
KAKDBB_07560 Type II restriction enzyme AvaI,Unmatched,0,0,0
KAKDBB_07565 Putative PANL11,Unmatched,0,0,0
KAKDBB_07570 hypothetical protein,Unmatched,0,0,0
KAKDBB_07575 Tox-PL-2 domain-containing protein,Unmatched,0,0,0
KAKDBB_07580 hypothetical protein,Unmatched,0,0,0
KAKDBB_07585 hypothetical protein,Unmatched,0,0,0
KAKDBB_07590 PIN domain nuclease,Unmatched,0,0,0
KAKDBB_07595 SpoIIAA-like,Unmatched,0,0,0
KAKDBB_07600 hypothetical protein,Unmatched,0,0,0
KAKDBB_07605 hypothetical protein,Unmatched,0,0,0
KAKDBB_07610 hypothetical protein,Unmatched,0,0,0
KAKDBB_07615 haloacid dehalogenase,Unmatched,0,0,0
KAKDBB_07620 DUF4065 domain-containing protein,Unmatched,0,0,0
KAKDBB_07625 hypothetical protein,Unmatched,0,0,0
KAKDBB_07630 thioredoxin-disulfide reductase,Unmatched,0,0,0
KAKDBB_07635 FAD-dependent oxidoreductase,Unmatched,0,0,0
KAKDBB_07640 transposase,Unmatched,0,0,0
KAKDBB_07645 hypothetical protein,Unmatched,0,0,0
KAKDBB_07650 DUF202 domain-containing protein,Unmatched,0,0,0
KAKDBB_07655 sulfite exporter TauE/SafE family protein,Unmatched,0,0,0
KAKDBB_07660 sulfate ABC transporter ATP-binding protein,Unmatched,0,0,0
KAKDBB_07665 PIN domain nuclease,Unmatched,0,0,0
KAKDBB_07670 hypothetical protein,Unmatched,0,0,0
KAKDBB_07675 hypothetical protein,Unmatched,0,0,0
KAKDBB_07680 Integral membrane protein TerC family,Unmatched,0,0,0
KAKDBB_07685 DUF202 domain-containing protein,Unmatched,0,0,0
KAKDBB_07690 band 7 protein,Unmatched,0,0,0
KAKDBB_07695 PEP-CTERM sorting domain-containing protein,Unmatched,0,0,0
KAKDBB_07700 hypothetical protein,Unmatched,0,0,0
KAKDBB_07705 gas vesicle protein GvpN,Unmatched,0,0,0
KAKDBB_07710 gas vesicle protein,Unmatched,0,0,0
KAKDBB_07715 GvpX,Unmatched,0,0,0
KAKDBB_07720 Gas vesicle protein gvpJ,Unmatched,0,0,0
KAKDBB_07725 gas vesicle protein K,Unmatched,0,0,0
KAKDBB_07730 protein gvpF/L,Unmatched,0,0,0
KAKDBB_07735 gas vesicle protein GvpG,Unmatched,0,0,0
KAKDBB_07740 gas vesicle protein,Unmatched,0,0,0
KAKDBB_07745 gas vesicle protein,Unmatched,0,0,0
KAKDBB_07750 arsenic transporter,Unmatched,0,0,0
KAKDBB_07755 AAA family ATPase,Unmatched,0,0,0
KAKDBB_07760 hypothetical protein,Unmatched,0,0,0
KAKDBB_07765 cobalamin biosynthesis protein CobQ,Unmatched,0,0,0
KAKDBB_07770 hypothetical protein,Unmatched,0,0,0
KAKDBB_07775 Cupin-7 domain-containing protein,Unmatched,0,0,0
KAKDBB_07780 hypothetical protein,Unmatched,0,0,0
KAKDBB_07785 hypothetical protein,Unmatched,0,0,0
KAKDBB_07790 VapC toxin family PIN domain ribonuclease,Unmatched,0,0,0
KAKDBB_07795 DUF2283 domain-containing protein,Unmatched,0,0,0
KAKDBB_07800 hypothetical protein,Unmatched,0,0,0
"KAKDBB_07805 type II toxin-antitoxin system mRNA interferase toxin, RelE/StbE family",Unmatched,0,0,0
KAKDBB_07810 hypothetical protein,Unmatched,0,0,0
KAKDBB_07815 DUF4926 domain-containing protein,Unmatched,0,0,0
KAKDBB_07820 POLO box domain-containing protein,Unmatched,0,0,0
KAKDBB_07825 hypothetical protein,Unmatched,0,0,0
KAKDBB_07830 DUF2283 domain-containing protein,Unmatched,0,0,0
KAKDBB_07835 XisI protein,Unmatched,0,0,0
KAKDBB_07840 fatty-acid synthase,Unmatched,0,0,0
KAKDBB_07845 DUF4926 domain-containing protein,Unmatched,0,0,0
KAKDBB_07850 type II toxin-antitoxin system HicB family antitoxin,Unmatched,0,0,0
KAKDBB_07855 hypothetical protein,Unmatched,0,0,0
KAKDBB_07860 DUF2442 domain-containing protein,Unmatched,0,0,0
KAKDBB_07865 DUF4160 domain-containing protein,Unmatched,0,0,0
KAKDBB_07870 DUF1902 domain-containing protein,Unmatched,0,0,0
KAKDBB_07875 DUF2283 domain-containing protein,Unmatched,0,0,0
KAKDBB_07880 XisI protein,Unmatched,0,0,0
KAKDBB_07885 fatty-acid oxidation protein subunit alpha,Unmatched,0,0,0
KAKDBB_07890 Tetratricopeptide repeat 28 like domain protein,Unmatched,0,0,0
KAKDBB_07895 plasmid stabilization protein,Unmatched,0,0,0
KAKDBB_07900 hypothetical protein,Unmatched,0,0,0
KAKDBB_07905 DUF1902 domain-containing protein,Unmatched,0,0,0
KAKDBB_07910 PIN domain nuclease,Unmatched,0,0,0
KAKDBB_07915 prevent-host-death protein,Unmatched,0,0,0
KAKDBB_07920 hypothetical protein,Unmatched,0,0,0
KAKDBB_07925 DUF3782 domain-containing protein,Unmatched,0,0,0
KAKDBB_07930 hypothetical protein,Unmatched,0,0,0
KAKDBB_07935 hypothetical protein,Unmatched,0,0,0
KAKDBB_07940 hypothetical protein,Unmatched,0,0,0
KAKDBB_07945 tRNA-fMet(cat),Unmatched,0,0,0
KAKDBB_07950 succinate dehydrogenase/fumarate reductase flavoprotein subunit,Unmatched,0,0,0
KAKDBB_07955 plastocyanin,Unmatched,0,0,0
KAKDBB_07960 Cytochrome c6,Unmatched,0,0,0
KAKDBB_07965 hypothetical protein,Unmatched,0,0,0
KAKDBB_07970 hypothetical protein,Unmatched,0,0,0
KAKDBB_07975 6-carboxytetrahydropterin synthase QueD,Unmatched,0,0,0
KAKDBB_07980 3-ketoacyl-ACP reductase,Unmatched,0,0,0
KAKDBB_07985 glyoxalase,Unmatched,0,0,0
KAKDBB_07990 RlmI/RlmK family 23S rRNA methyltransferase,Unmatched,0,0,0
KAKDBB_07995 ABC transporter permease,Unmatched,0,0,0
KAKDBB_08000 TIGR03279 family radical SAM protein,Unmatched,0,0,0
KAKDBB_08005 Transposase,Unmatched,0,0,0
KAKDBB_08010 DUF3368 domain-containing protein,Unmatched,0,0,0
KAKDBB_08015 Uncharacterised protein family (UPF0175),Unmatched,0,0,0
KAKDBB_08020 DNA-binding protein,Unmatched,0,0,0
KAKDBB_08025 hypothetical protein,Unmatched,0,0,0
KAKDBB_08030 hypothetical protein,Unmatched,0,0,0
KAKDBB_08035 DUF559 domain-containing protein,Unmatched,0,0,0
KAKDBB_08040 Asp-tRNA(Asn)/Glu-tRNA(Gln) amidotransferase subunit GatA,Unmatched,0,0,0
KAKDBB_08045 DUF6398 domain-containing protein,Unmatched,0,0,0
KAKDBB_08050 transcriptional regulator,Unmatched,0,0,0
KAKDBB_08055 Low-complexity protein,Unmatched,0,0,0
KAKDBB_08060 photosystem II reaction center protein K,Unmatched,0,0,0
KAKDBB_08065 tRNA guanosine(34) transglycosylase Tgt,Unmatched,0,0,0
KAKDBB_08070 hypothetical protein,Unmatched,0,0,0
KAKDBB_08075 DUF2029 domain-containing protein,Unmatched,0,0,0
KAKDBB_08080 glycosyl transferase,Unmatched,0,0,0
KAKDBB_08085 DUF4079 domain-containing protein,Unmatched,0,0,0
KAKDBB_08090 hypothetical protein,Unmatched,0,0,0
KAKDBB_08095 HaeII family restriction endonuclease,Unmatched,0,0,0
KAKDBB_08100 DNA (cytosine-5-)-methyltransferase,Unmatched,0,0,0
KAKDBB_08105 hypothetical protein,Unmatched,0,0,0
KAKDBB_08110 alcohol dehydrogenase,Unmatched,0,0,0
"KAKDBB_08115 Endonuclease, Uma2 family (restriction endonuclease fold)",Unmatched,0,0,0
KAKDBB_08120 Glutamine synthetase inactivating factor IF7,Unmatched,0,0,0
KAKDBB_08125 hypothetical protein,Unmatched,0,0,0
KAKDBB_08130 bifunctional ADP-dependent NAD(P)H-hydrate dehydratase/NAD(P)H-hydrate epimerase,Unmatched,0,0,0
KAKDBB_08135 DDE-Tnp-1-assoc domain-containing protein,Unmatched,0,0,0
KAKDBB_08140 hypothetical protein,Unmatched,0,0,0
KAKDBB_08145 Putative restriction endonuclease,Unmatched,0,0,0
KAKDBB_08150 Trypco1 domain-containing protein,Unmatched,0,0,0
KAKDBB_08155 Similar to tr|P73252|P73252,Unmatched,0,0,0
"KAKDBB_08160 Putative toxin-antitoxin system toxin component, PIN family",Unmatched,0,0,0
KAKDBB_08165 hypothetical protein,Unmatched,0,0,0
KAKDBB_08170 PIN domain-containing protein,Unmatched,0,0,0
KAKDBB_08180 DNA polymerase III subunit alpha,Unmatched,0,0,0
KAKDBB_08185 PBPb domain-containing protein,Unmatched,0,0,0
KAKDBB_08190 circadian clock protein KaiC,Unmatched,0,0,0
KAKDBB_08195 hypothetical protein,Unmatched,0,0,0
KAKDBB_08200 branched-chain amino acid transaminase,Unmatched,0,0,0
KAKDBB_08205 peptidase M61,Unmatched,0,0,0
KAKDBB_08210 penicillin-binding protein,Unmatched,0,0,0
KAKDBB_08215 rod shape-determining protein MreD,Unmatched,0,0,0
KAKDBB_08220 rod shape-determining protein MreC,Unmatched,0,0,0
KAKDBB_08225 rod shape-determining protein,Unmatched,0,0,0
KAKDBB_08230 single-stranded DNA-binding protein,Unmatched,0,0,0
KAKDBB_08235 DUF29 family protein,Unmatched,0,0,0
KAKDBB_08240 SIMPL domain-containing protein,Unmatched,0,0,0
KAKDBB_08245 transcriptional regulator,Unmatched,0,0,0
KAKDBB_08250 GUN4 domain-containing protein,Unmatched,0,0,0
KAKDBB_08255 hypothetical protein,Unmatched,0,0,0
KAKDBB_08260 DUF2235 domain-containing protein,Unmatched,0,0,0
"KAKDBB_08275 Type II secretory pathway, pullulanase PulA and related glycosidases",Unmatched,0,0,0
KAKDBB_08280 Condensation domain-containing protein,Unmatched,0,0,0
KAKDBB_08285 L-aminoadipate-semialdehyde dehydrogenase,Unmatched,0,0,0
KAKDBB_08300 Non-ribosomal peptide synthetase,Unmatched,0,0,0
KAKDBB_08305 hypothetical protein,Unmatched,0,0,0
KAKDBB_08310 serine endopeptidase inhibitor,Unmatched,0,0,0
KAKDBB_08315 SAM-dependent methyltransferase,Unmatched,0,0,0
KAKDBB_08320 acyl carrier protein,Unmatched,0,0,0
KAKDBB_08325 HNH endonuclease,Unmatched,0,0,0
KAKDBB_08330 DNA phosphorothioation system sulfurtransferase DndC,Unmatched,0,0,0
KAKDBB_08335 D-alanyl-D-alanine dipeptidase,Unmatched,0,0,0
KAKDBB_08340 Response regulatory domain-containing protein,Unmatched,0,0,0
KAKDBB_08345 hypothetical protein,Unmatched,0,0,0
"KAKDBB_08350 Endonuclease, Uma2 family (restriction endonuclease fold)",Unmatched,0,0,0
KAKDBB_08355 hypothetical protein,Unmatched,0,0,0
KAKDBB_08360 uracil phosphoribosyltransferase,Unmatched,0,0,0
KAKDBB_08365 30S ribosomal protein S21,Unmatched,0,0,0
KAKDBB_08370 Metal-sensitive transcriptional repressor,Unmatched,0,0,0
KAKDBB_08375 hypothetical protein,Unmatched,0,0,0
KAKDBB_08380 tRNA-Thr(tgt),Unmatched,0,0,0
KAKDBB_08385 CARDB domain-containing protein,Unmatched,0,0,0
KAKDBB_08390 hypothetical protein,Unmatched,0,0,0
KAKDBB_08395 hypothetical protein,Unmatched,0,0,0
KAKDBB_08400 PEP-CTERM domain-containing protein,Unmatched,0,0,0
KAKDBB_08405 diflavin flavoprotein A,Unmatched,0,0,0
KAKDBB_08420 hypothetical protein,Unmatched,0,0,0
KAKDBB_08435 Site-specific DNA-methyltransferase (adenine-specific),Unmatched,0,0,0
KAKDBB_08440 hypothetical protein,Unmatched,0,0,0
KAKDBB_08445 dethiobiotin synthase,Unmatched,0,0,0
KAKDBB_08450 biosynthetic-type acetolactate synthase large subunit,Unmatched,0,0,0
KAKDBB_08455 phosphoglycerate dehydrogenase,Unmatched,0,0,0
KAKDBB_08460 hypothetical protein,Unmatched,0,0,0
KAKDBB_08465 50S ribosomal protein L11 methyltransferase,Unmatched,0,0,0
KAKDBB_08470 Transposase,Unmatched,0,0,0
KAKDBB_08475 transposase,Unmatched,0,0,0
KAKDBB_08480 Lipoprotein signal peptidase,Unmatched,0,0,0
KAKDBB_08485 hypothetical protein,Unmatched,0,0,0
KAKDBB_08490 porin,Unmatched,0,0,0
"KAKDBB_08495 2,3-bisphosphoglycerate-independent phosphoglycerate mutase",Unmatched,0,0,0
KAKDBB_08500 hypothetical protein,Unmatched,0,0,0
KAKDBB_08505 type II toxin-antitoxin system RelE/ParE family toxin,Unmatched,0,0,0
KAKDBB_08510 preprotein translocase subunit SecG,Unmatched,0,0,0
KAKDBB_08515 peptidase,Unmatched,0,0,0
KAKDBB_08520 TPR repeat-containing protein YrrB,Unmatched,0,0,0
KAKDBB_08525 FlgD-ig domain-containing protein,Unmatched,0,0,0
KAKDBB_08530 hypothetical protein,Unmatched,0,0,0
KAKDBB_08535 NAD(P)H-quinone oxidoreductase subunit 5,Unmatched,0,0,0
KAKDBB_08540 hypothetical protein,Unmatched,0,0,0
KAKDBB_08545 hypothetical protein,Unmatched,0,0,0
KAKDBB_08550 OrfB-Zn-ribbon domain-containing protein,Unmatched,0,0,0
KAKDBB_08560 serine/threonine protein kinase,Unmatched,0,0,0
"KAKDBB_08565 UDP-N-acetylmuramoyl-L-alanyl-D-glutamate--2,6-diaminopimelate ligase",Unmatched,0,0,0
KAKDBB_08570 DUF4079 domain-containing protein,Unmatched,0,0,0
KAKDBB_08575 EF-hand domain-containing protein,Unmatched,0,0,0
KAKDBB_08580 valine--tRNA ligase,Unmatched,0,0,0
KAKDBB_08585 Putative restriction endonuclease,Unmatched,0,0,0
KAKDBB_08590 Putative restriction endonuclease,Unmatched,0,0,0
KAKDBB_08595 phosphoribosylglycinamide formyltransferase,Unmatched,0,0,0
KAKDBB_08600 hypothetical protein,Unmatched,0,0,0
KAKDBB_08605 polyphosphate:AMP phosphotransferase,Unmatched,0,0,0
KAKDBB_08610 UDP-glucose 4-epimerase GalE,Unmatched,0,0,0
KAKDBB_08615 hypothetical protein,Unmatched,0,0,0
KAKDBB_08620 FkbM family methyltransferase,Unmatched,0,0,0
KAKDBB_08625 Peptidoglycan O-acetyltransferase,Unmatched,0,0,0
KAKDBB_08630 hypothetical protein,Unmatched,0,0,0
KAKDBB_08635 NAD(P)/FAD-dependent oxidoreductase,Unmatched,0,0,0
KAKDBB_08640 hypothetical protein,Unmatched,0,0,0
KAKDBB_08645 bifunctional phosphoribosylaminoimidazolecarboxamide formyltransferase/IMP cyclohydrolase,Unmatched,0,0,0
KAKDBB_08650 hypothetical protein,Unmatched,0,0,0
KAKDBB_08655 IS30 family transposase,Unmatched,0,0,0
KAKDBB_08660 Hypoth-Ymh domain-containing protein,Unmatched,0,0,0
KAKDBB_08665 rRNA methyltransferase,Unmatched,0,0,0
KAKDBB_08670 tRNA-Leu(cag),Unmatched,0,0,0
KAKDBB_08675 UDP-N-acetylglucosamine 1-carboxyvinyltransferase,Unmatched,0,0,0
KAKDBB_08680 Putative restriction endonuclease,Unmatched,0,0,0
KAKDBB_08685 PEP-CTERM sorting domain-containing protein,Unmatched,0,0,0
KAKDBB_08690 hypothetical protein,Unmatched,0,0,0
KAKDBB_08695 DUF541 domain-containing protein,Unmatched,0,0,0
"KAKDBB_08700 2-hydroxy-6-oxohepta-2,4-dienoate hydrolase",Unmatched,0,0,0
KAKDBB_08705 hypothetical protein,Unmatched,0,0,0
KAKDBB_08710 sodium:proton antiporter,Unmatched,0,0,0
KAKDBB_08715 Bicarbonate transporter BicA,Unmatched,0,0,0
KAKDBB_08720 LysR family transcriptional regulator,Unmatched,0,0,0
KAKDBB_08725 CP12 domain-containing protein,Unmatched,0,0,0
KAKDBB_08730 hypothetical protein,Unmatched,0,0,0
KAKDBB_08735 thioredoxin,Unmatched,0,0,0
KAKDBB_08740 recombinase,Unmatched,0,0,0
KAKDBB_08745 histidine kinase,Unmatched,0,0,0
KAKDBB_08750 ATP-dependent zinc metalloprotease FtsH4,Unmatched,0,0,0
KAKDBB_08755 Tetratricopeptide repeat family protein,Unmatched,0,0,0
KAKDBB_08760 leucyl aminopeptidase,Unmatched,0,0,0
KAKDBB_08770 NAD synthetase,Unmatched,0,0,0
KAKDBB_08775 pyridine nucleotide transhydrogenase,Unmatched,0,0,0
KAKDBB_08780 Re/Si-specific NAD(P)(+) transhydrogenase subunit alpha,Unmatched,0,0,0
KAKDBB_08785 hypothetical protein,Unmatched,0,0,0
KAKDBB_08790 HTH cro/C1-type domain-containing protein,Unmatched,0,0,0
KAKDBB_08885 hypothetical protein,Unmatched,0,0,0
KAKDBB_08980 Cofac-haem-bdg domain-containing protein,Unmatched,0,0,0
KAKDBB_08985 ferredoxin-NADP reductase,Unmatched,0,0,0
KAKDBB_08990 photosystem I reaction center subunit XII,Unmatched,0,0,0
KAKDBB_08995 hypothetical protein,Unmatched,0,0,0
KAKDBB_09000 23S rRNA (adenine(2503)-C(2))-methyltransferase RlmN,Unmatched,0,0,0
KAKDBB_09005 bifunctional pantoate--beta-alanine ligase/(d)CMP kinase,Unmatched,0,0,0
KAKDBB_09010 PIN domain nuclease,Unmatched,0,0,0
KAKDBB_09015 NAGPA domain-containing protein,Unmatched,0,0,0
KAKDBB_09020 hypothetical protein,Unmatched,0,0,0
KAKDBB_09025 peptidylprolyl isomerase,Unmatched,0,0,0
KAKDBB_09030 photosystem II reaction center protein Psb28,Unmatched,0,0,0
KAKDBB_09035 IS630 family transposase,Unmatched,0,0,0
KAKDBB_09040 hypothetical protein,Unmatched,0,0,0
KAKDBB_09045 GTPase HflX,Unmatched,0,0,0
KAKDBB_09050 hypothetical protein,Unmatched,0,0,0
KAKDBB_09055 Cys/Met metabolism pyridoxal-phosphate-dependent enzyme,Unmatched,0,0,0
KAKDBB_09075 DUF5615 domain-containing protein,Unmatched,0,0,0
KAKDBB_09080 DUF433 domain-containing protein,Unmatched,0,0,0
KAKDBB_09090 putative permease,Unmatched,0,0,0
KAKDBB_09095 TIGR03943 family protein,Unmatched,0,0,0
KAKDBB_09100 Big-5 domain-containing protein,Unmatched,0,0,0
KAKDBB_09105 aldehyde dehydrogenase family protein,Unmatched,0,0,0
KAKDBB_09110 isochorismate synthase,Unmatched,0,0,0
KAKDBB_09115 ferredoxin,Unmatched,0,0,0
KAKDBB_09120 hypothetical protein,Unmatched,0,0,0
KAKDBB_09125 thiol:disulfide interchange protein,Unmatched,0,0,0
KAKDBB_09130 hypothetical protein,Unmatched,0,0,0
KAKDBB_09135 hypothetical protein,Unmatched,0,0,0
KAKDBB_09140 Transposase,Unmatched,0,0,0
KAKDBB_09145 hypothetical protein,Unmatched,0,0,0
KAKDBB_09150 hypothetical protein,Unmatched,0,0,0
KAKDBB_09155 DUF5615 domain-containing protein,Unmatched,0,0,0
KAKDBB_09160 Transcriptional regulator,Unmatched,0,0,0
KAKDBB_09165 Transposase,Unmatched,0,0,0
KAKDBB_09170 SUMF1/EgtB/PvdO family nonheme iron enzyme,Unmatched,0,0,0
KAKDBB_09175 Trypco1 domain-containing protein,Unmatched,0,0,0
KAKDBB_09180 hypothetical protein,Unmatched,0,0,0
KAKDBB_09185 molybdopterin-synthase adenylyltransferase MoeB,Unmatched,0,0,0
KAKDBB_09190 hypothetical protein,Unmatched,0,0,0
KAKDBB_09195 hypothetical protein,Unmatched,0,0,0
KAKDBB_09200 Ribonuclease VapC,Unmatched,0,0,0
KAKDBB_09205 class I SAM-dependent methyltransferase,Unmatched,0,0,0
KAKDBB_09210 excinuclease ABC subunit UvrA,Unmatched,0,0,0
KAKDBB_09215 serine O-acetyltransferase,Unmatched,0,0,0
KAKDBB_09220 PEP-CTERM domain-containing protein,Unmatched,0,0,0
KAKDBB_09225 hypothetical protein,Unmatched,0,0,0
KAKDBB_09230 type II toxin-antitoxin system PrlF family antitoxin,Unmatched,0,0,0
KAKDBB_09235 AI-2E family transporter,Unmatched,0,0,0
KAKDBB_09240 Nitrogen stress-induced RNA 4,Unmatched,0,0,0
KAKDBB_09245 inorganic pyrophosphatase,Unmatched,0,0,0
KAKDBB_09250 acetylmannosamine-6-phosphate 2-epimerase,Unmatched,0,0,0
KAKDBB_09255 hypothetical protein,Unmatched,0,0,0
KAKDBB_09260 2Fe-2S ferredoxin,Unmatched,0,0,0
KAKDBB_09265 tRNA-Val(gac),Unmatched,0,0,0
KAKDBB_09270 agmatinase,Unmatched,0,0,0
KAKDBB_09275 Similarity,Unmatched,0,0,0
KAKDBB_09280 hypothetical protein,Unmatched,0,0,0
KAKDBB_09285 reverse transcriptase,Unmatched,0,0,0
KAKDBB_09290 DUF4160 domain-containing protein,Unmatched,0,0,0
KAKDBB_09295 integron cassette protein,Unmatched,0,0,0
KAKDBB_09310 uroporphyrin-III methyltransferase,Unmatched,0,0,0
KAKDBB_09315 Uncharacterised protein family UPF0047,Unmatched,0,0,0
KAKDBB_09320 Photosystem I reaction center subunit III,Unmatched,0,0,0
KAKDBB_09325 photosystem I reaction center subunit IX,Unmatched,0,0,0
KAKDBB_09330 carboxylate-amine ligase,Unmatched,0,0,0
KAKDBB_09335 DUF3148 domain-containing protein,Unmatched,0,0,0
KAKDBB_09340 PEP-CTERM domain-containing protein,Unmatched,0,0,0
KAKDBB_09345 hypothetical protein,Unmatched,0,0,0
KAKDBB_09350 hypothetical protein,Unmatched,0,0,0
KAKDBB_09355 PINc domain-containing protein,Unmatched,0,0,0
KAKDBB_09360 DNA polymerase beta,Unmatched,0,0,0
KAKDBB_09365 DUF86 domain-containing protein,Unmatched,0,0,0
KAKDBB_09370 amino acid ABC transporter substrate-binding protein,Unmatched,0,0,0
KAKDBB_09375 hypothetical protein,Unmatched,0,0,0
KAKDBB_09380 TenA family transcriptional regulator,Unmatched,0,0,0
KAKDBB_09385 DUF2605 domain-containing protein,Unmatched,0,0,0
KAKDBB_09390 DUF2973 domain-containing protein,Unmatched,0,0,0
KAKDBB_09395 esterase,Unmatched,0,0,0
KAKDBB_09400 hypothetical protein,Unmatched,0,0,0
KAKDBB_09405 Similar to tr|Q8YLY9|Q8YLY9,Unmatched,0,0,0
KAKDBB_09410 photosystem I core protein PsaA,Unmatched,0,0,0
KAKDBB_09415 photosystem I core protein PsaB,Unmatched,0,0,0
KAKDBB_09420 DUF29 domain-containing protein,Unmatched,0,0,0
KAKDBB_09425 nucleotidyltransferase,Unmatched,0,0,0
KAKDBB_09430 DUF86 domain-containing protein,Unmatched,0,0,0
KAKDBB_09435 hypothetical protein,Unmatched,0,0,0
KAKDBB_09440 ATPase,Unmatched,0,0,0
KAKDBB_09445 hypothetical protein,Unmatched,0,0,0
KAKDBB_09450 ATPase,Unmatched,0,0,0
KAKDBB_09455 hypothetical protein,Unmatched,0,0,0
KAKDBB_09460 hypothetical protein,Unmatched,0,0,0
KAKDBB_09465 DUF4926 domain-containing protein,Unmatched,0,0,0
KAKDBB_09475 CHAT domain-containing protein,Unmatched,0,0,0
KAKDBB_09485 cytochrome ubiquinol oxidase subunit I,Unmatched,0,0,0
KAKDBB_09490 cytochrome d ubiquinol oxidase subunit II,Unmatched,0,0,0
KAKDBB_09495 phosphoribosyltransferase,Unmatched,0,0,0
KAKDBB_09500 hypothetical protein,Unmatched,0,0,0
KAKDBB_09505 NC domain-containing protein,Unmatched,0,0,0
KAKDBB_09510 hypothetical protein,Unmatched,0,0,0
KAKDBB_09515 GuaB3 family IMP dehydrogenase-related protein,Unmatched,0,0,0
KAKDBB_09520 DUF760 domain-containing protein,Unmatched,0,0,0
KAKDBB_09525 DCC1-like thiol-disulfide oxidoreductase,Unmatched,0,0,0
KAKDBB_09530 hypothetical protein,Unmatched,0,0,0
KAKDBB_09535 hypothetical protein,Unmatched,0,0,0
KAKDBB_09540 peptide-methionine (S)-S-oxide reductase,Unmatched,0,0,0
KAKDBB_09545 Putative Thermitase,Unmatched,0,0,0
KAKDBB_09550 hypothetical protein,Unmatched,0,0,0
KAKDBB_09555 peptidase C14,Unmatched,0,0,0
KAKDBB_09560 Sulfate adenylyltransferase,Unmatched,0,0,0
KAKDBB_09565 oxidoreductase,Unmatched,0,0,0
KAKDBB_09570 4-hydroxyphenylpyruvate dioxygenase,Unmatched,0,0,0
KAKDBB_09575 aspartyl protease,Unmatched,0,0,0
KAKDBB_09580 histidine triad nucleotide-binding protein,Unmatched,0,0,0
KAKDBB_09585 magnesium chelatase,Unmatched,0,0,0
KAKDBB_09590 hypothetical protein,Unmatched,0,0,0
KAKDBB_09595 hypothetical protein,Unmatched,0,0,0
KAKDBB_09600 hypothetical protein,Unmatched,0,0,0
KAKDBB_09605 AAA-15 domain-containing protein,Unmatched,0,0,0
KAKDBB_09610 pseudouridine synthase,Unmatched,0,0,0
KAKDBB_09615 ABC transporter permease,Unmatched,0,0,0
KAKDBB_09620 hypothetical protein,Unmatched,0,0,0
KAKDBB_09625 transcriptional regulator,Unmatched,0,0,0
KAKDBB_09630 hypothetical protein,Unmatched,0,0,0
KAKDBB_09635 DNA-binding response regulator,Unmatched,0,0,0
KAKDBB_09640 phosphoenolpyruvate synthase,Unmatched,0,0,0
KAKDBB_09645 pyruvate phosphate dikinase PEP/pyruvate-binding protein,Unmatched,0,0,0
KAKDBB_09650 excinuclease ABC C subunit domain protein,Unmatched,0,0,0
KAKDBB_09655 Putative restriction endonuclease,Unmatched,0,0,0
KAKDBB_09660 urease accessory protein UreJ,Unmatched,0,0,0
KAKDBB_09665 SAM-dependent methyltransferase,Unmatched,0,0,0
KAKDBB_09670 HcyBio domain-containing protein,Unmatched,0,0,0
KAKDBB_09675 low-complexity protein,Unmatched,0,0,0
KAKDBB_09680 lipoyl(octanoyl) transferase LipB,Unmatched,0,0,0
KAKDBB_09685 Transposase,Unmatched,0,0,0
KAKDBB_09690 Similar to tr|Q7NMN9|Q7NMN9,Unmatched,0,0,0
KAKDBB_09695 glycerol acyltransferase,Unmatched,0,0,0
KAKDBB_09700 molecular chaperone,Unmatched,0,0,0
KAKDBB_09705 DUF790 domain-containing protein,Unmatched,0,0,0
KAKDBB_09710 hypothetical protein,Unmatched,0,0,0
KAKDBB_09715 Acetylglutamate kinase,Unmatched,0,0,0
KAKDBB_09720 anti-anti-sigma factor,Unmatched,0,0,0
KAKDBB_09725 heterodisulfide reductase,Unmatched,0,0,0
KAKDBB_09730 phospholipid-binding protein,Unmatched,0,0,0
KAKDBB_09735 leucine--tRNA ligase,Unmatched,0,0,0
KAKDBB_09740 hypothetical protein,Unmatched,0,0,0
KAKDBB_09745 ATP-binding protein,Unmatched,0,0,0
KAKDBB_09750 TPR repeat,Unmatched,0,0,0
KAKDBB_09755 DUF5615 domain-containing protein,Unmatched,0,0,0
KAKDBB_09760 hypothetical protein,Unmatched,0,0,0
KAKDBB_09765 hypothetical protein,Unmatched,0,0,0
KAKDBB_09770 DUF1902 domain-containing protein,Unmatched,0,0,0
KAKDBB_09775 YcfA family protein,Unmatched,0,0,0
KAKDBB_09780 UDP-glucose 4-epimerase,Unmatched,0,0,0
KAKDBB_09785 DUF1517 domain-containing protein,Unmatched,0,0,0
KAKDBB_09790 phosphopantothenoylcysteine decarboxylase,Unmatched,0,0,0
KAKDBB_09795 iron ABC transporter substrate-binding protein,Unmatched,0,0,0
KAKDBB_09800 hypothetical protein,Unmatched,0,0,0
"KAKDBB_09805 RNA polymerase sigma factor, RpoD/SigA family",Unmatched,0,0,0
KAKDBB_09810 S-methyl-5'-thioadenosine phosphorylase,Unmatched,0,0,0
KAKDBB_09815 urease subunit beta,Unmatched,0,0,0
KAKDBB_09820 urease subunit gamma,Unmatched,0,0,0
KAKDBB_09825 GNAT family N-acetyltransferase,Unmatched,0,0,0
KAKDBB_09830 Ni/Fe hydrogenase subunit alpha,Unmatched,0,0,0
"KAKDBB_09835 RNA polymerase sigma factor, RpoD/SigA family",Unmatched,0,0,0
KAKDBB_09840 PEP-CTERM domain-containing protein,Unmatched,0,0,0
KAKDBB_09845 DUF29 domain-containing protein,Unmatched,0,0,0
KAKDBB_09850 SycD/LcrH family type III secretion system chaperone,Unmatched,0,0,0
KAKDBB_09855 phycocyanin alpha phycocyanobilin lyase,Unmatched,0,0,0
KAKDBB_09860 putative UDP-N-acetylglucosamine--peptide N-acetylglucosaminyltransferase SPINDLY,Unmatched,0,0,0
KAKDBB_09865 ABC transporter ATP-binding protein,Unmatched,0,0,0
KAKDBB_09870 carbonic anhydrase,Unmatched,0,0,0
KAKDBB_09875 low-complexity tail membrane protein,Unmatched,0,0,0
KAKDBB_09880 translation initiation factor IF-2,Unmatched,0,0,0
KAKDBB_09885 DUF448 domain-containing protein,Unmatched,0,0,0
KAKDBB_09890 transcription termination/antitermination protein NusA,Unmatched,0,0,0
KAKDBB_09895 ribosome maturation factor RimP,Unmatched,0,0,0
KAKDBB_09900 ATP-dependent zinc metalloprotease FtsH,Unmatched,0,0,0
KAKDBB_09905 DNA-binding response regulator,Unmatched,0,0,0
KAKDBB_09910 DUF3155 domain-containing protein,Unmatched,0,0,0
KAKDBB_09915 histidine kinase,Unmatched,0,0,0
KAKDBB_09920 Slr0038 protein,Unmatched,0,0,0
KAKDBB_09925 Uncharacterized protein slr0039,Unmatched,0,0,0
KAKDBB_09930 long-chain fatty acid--CoA ligase,Unmatched,0,0,0
KAKDBB_09935 Arginine decarboxylase,Unmatched,0,0,0
KAKDBB_09940 serine/threonine protein kinase,Unmatched,0,0,0
KAKDBB_09975 Transposase,Unmatched,0,0,0
KAKDBB_09980 hypothetical protein,Unmatched,0,0,0
KAKDBB_09985 helix-turn-helix domain-containing protein,Unmatched,0,0,0
KAKDBB_09990 serine/threonine-protein kinase pkn1,Unmatched,0,0,0
KAKDBB_09995 exopolyphosphatase-like protein,Unmatched,0,0,0
KAKDBB_10000 phosphohistidine phosphatase SixA,Unmatched,0,0,0
KAKDBB_10005 DUF3086 domain-containing protein,Unmatched,0,0,0
KAKDBB_10010 Glycerol dehydrogenase and related enzymes,Unmatched,0,0,0
KAKDBB_10015 manganese ABC transporter ATP-binding protein,Unmatched,0,0,0
KAKDBB_10020 signal recognition particle-docking protein FtsY,Unmatched,0,0,0
KAKDBB_10025 Putative restriction endonuclease,Unmatched,0,0,0
KAKDBB_10030 Putative restriction endonuclease,Unmatched,0,0,0
KAKDBB_10035 Proto-chlorophyllide reductase 57 kD subunit,Unmatched,0,0,0
"KAKDBB_10040 GTP 3',8-cyclase MoaA",Unmatched,0,0,0
KAKDBB_10045 DUF3370 domain-containing protein,Unmatched,0,0,0
KAKDBB_10050 biopolymer transporter,Unmatched,0,0,0
KAKDBB_10055 hypothetical protein,Unmatched,0,0,0
KAKDBB_10060 Amidase,Unmatched,0,0,0
KAKDBB_10065 hypothetical protein,Unmatched,0,0,0
KAKDBB_10070 ATP phosphoribosyltransferase regulatory subunit,Unmatched,0,0,0
KAKDBB_10075 chloride channel core,Unmatched,0,0,0
KAKDBB_10080 peroxiredoxin,Unmatched,0,0,0
KAKDBB_10085 ABC-F type ribosomal protection protein,Unmatched,0,0,0
KAKDBB_10090 S15 family X-Pro dipeptidyl-peptidase,Unmatched,0,0,0
KAKDBB_10095 Uncharacterized protein alr1449,Unmatched,0,0,0
KAKDBB_10100 aldo/keto reductase,Unmatched,0,0,0
KAKDBB_10105 Similarity,Unmatched,0,0,0
KAKDBB_10110 sugar ABC transporter substrate-binding protein,Unmatched,0,0,0
KAKDBB_10115 transketolase,Unmatched,0,0,0
KAKDBB_10120 proline hydroxylase,Unmatched,0,0,0
KAKDBB_10125 ABC transporter substrate-binding protein,Unmatched,0,0,0
KAKDBB_10130 Hypothetical glycosyl hydrolase 6,Unmatched,0,0,0
KAKDBB_10135 UPF0182 protein MAE_41360,Unmatched,0,0,0
KAKDBB_10140 Methionine ABC transporter ATP-binding protein,Unmatched,0,0,0
KAKDBB_10145 excinuclease ABC subunit UvrB,Unmatched,0,0,0
KAKDBB_10150 Catalase/hydroperoxidase,Unmatched,0,0,0
KAKDBB_10155 SAM-dependent methyltransferase,Unmatched,0,0,0
KAKDBB_10160 hypothetical protein,Unmatched,0,0,0
KAKDBB_10165 hypothetical protein,Unmatched,0,0,0
KAKDBB_10170 histidine kinase,Unmatched,0,0,0
KAKDBB_10175 SAM-dependent methyltransferase,Unmatched,0,0,0
KAKDBB_10180 tRNA-Ser(cga),Unmatched,0,0,0
KAKDBB_10185 homogentisate phytyltransferase,Unmatched,0,0,0
KAKDBB_10190 hypothetical protein,Unmatched,0,0,0
KAKDBB_10195 ferredoxin,Unmatched,0,0,0
KAKDBB_10200 inositol monophosphatase,Unmatched,0,0,0
KAKDBB_10205 molecular chaperone DnaJ,Unmatched,0,0,0
KAKDBB_10210 YbjN domain-containing protein,Unmatched,0,0,0
KAKDBB_10215 biotin--protein ligase,Unmatched,0,0,0
KAKDBB_10220 SUMF1/EgtB/PvdO family nonheme iron enzyme,Unmatched,0,0,0
KAKDBB_10225 Putative restriction endonuclease,Unmatched,0,0,0
KAKDBB_10230 serine/threonine protein kinase,Unmatched,0,0,0
KAKDBB_10235 glycine--tRNA ligase subunit alpha,Unmatched,0,0,0
KAKDBB_10240 AraC family transcriptional regulator,Unmatched,0,0,0
KAKDBB_10245 30S ribosomal protein S10,Unmatched,0,0,0
KAKDBB_10250 elongation factor Tu,Unmatched,0,0,0
KAKDBB_10255 elongation factor G,Unmatched,0,0,0
KAKDBB_10260 30S ribosomal protein S7,Unmatched,0,0,0
KAKDBB_10265 30S ribosomal protein S12,Unmatched,0,0,0
KAKDBB_10270 cytidine deaminase,Unmatched,0,0,0
KAKDBB_10275 hypothetical protein,Unmatched,0,0,0
KAKDBB_10280 Putative transposase,Unmatched,0,0,0
KAKDBB_10285 IS607 family transposase,Unmatched,0,0,0
KAKDBB_10290 Mobile element protein,Unmatched,0,0,0
KAKDBB_10295 Exopolysaccharide export protein/domain GumC/Wzc1,Unmatched,0,0,0
KAKDBB_10300 cryptochrome DASH,Unmatched,0,0,0
KAKDBB_10305 hypothetical protein,Unmatched,0,0,0
KAKDBB_10310 glutaredoxin family protein,Unmatched,0,0,0
KAKDBB_10315 serine hydrolase,Unmatched,0,0,0
KAKDBB_10320 RNA methyltransferase,Unmatched,0,0,0
KAKDBB_10325 glycosyltransferase,Unmatched,0,0,0
KAKDBB_10330 ATPase,Unmatched,0,0,0
KAKDBB_10335 TrkA family potassium uptake protein,Unmatched,0,0,0
KAKDBB_10340 Mobile element protein,Unmatched,0,0,0
KAKDBB_10345 PBS lyase,Unmatched,0,0,0
KAKDBB_10350 hypothetical protein,Unmatched,0,0,0
KAKDBB_10355 hypothetical protein,Unmatched,0,0,0
KAKDBB_10360 Similar to tr|P73579|P73579,Unmatched,0,0,0
KAKDBB_10365 transposase,Unmatched,0,0,0
KAKDBB_10370 Similar to tr|P73579|P73579,Unmatched,0,0,0
KAKDBB_10375 PEP-CTERM domain-containing protein,Unmatched,0,0,0
KAKDBB_10380 hypothetical protein,Unmatched,0,0,0
KAKDBB_10385 glycoside hydrolase,Unmatched,0,0,0
KAKDBB_10405 PIN domain nuclease,Unmatched,0,0,0
KAKDBB_10410 hypothetical protein,Unmatched,0,0,0
KAKDBB_10415 Non-specific serine/threonine protein kinase,Unmatched,0,0,0
KAKDBB_10420 YCII domain-containing protein,Unmatched,0,0,0
KAKDBB_10425 Chromosome partition protein Smc,Unmatched,0,0,0
KAKDBB_10430 phosphate ABC transporter substrate-binding protein,Unmatched,0,0,0
KAKDBB_10435 PIN domain-containing protein,Unmatched,0,0,0
KAKDBB_10440 hypothetical protein,Unmatched,0,0,0
KAKDBB_10445 Uncharacterized protein family (UPF0150),Unmatched,0,0,0
KAKDBB_10450 Ribonuclease HepT-like,Unmatched,0,0,0
KAKDBB_10455 NTP-transf-2 domain-containing protein,Unmatched,0,0,0
KAKDBB_10460 hypothetical protein,Unmatched,0,0,0
KAKDBB_10465 hypothetical protein,Unmatched,0,0,0
KAKDBB_10470 hypothetical protein,Unmatched,0,0,0
KAKDBB_10475 DUF4149 domain-containing protein,Unmatched,0,0,0
KAKDBB_10480 hypothetical protein,Unmatched,0,0,0
KAKDBB_10485 hypothetical protein,Unmatched,0,0,0
KAKDBB_10490 V8-like Glu-specific endopeptidase,Unmatched,0,0,0
KAKDBB_10495 serine protease,Unmatched,0,0,0
KAKDBB_10500 NADP-dependent succinic semialdehyde dehydrogenase,Unmatched,0,0,0
KAKDBB_10505 4-hydroxythreonine-4-phosphate dehydrogenase PdxA,Unmatched,0,0,0
KAKDBB_10510 Transposase,Unmatched,0,0,0
KAKDBB_10515 magnesium/cobalt transporter CorA,Unmatched,0,0,0
"KAKDBB_10520 Forkhead associated (FHA) domain, binds pSer, pThr, pTyr",Unmatched,0,0,0
KAKDBB_10525 DNA polymerase III subunit delta,Unmatched,0,0,0
KAKDBB_10530 hypothetical protein,Unmatched,0,0,0
KAKDBB_10535 Ycf66 protein N-terminus,Unmatched,0,0,0
KAKDBB_10540 AAA-like domain-containing protein,Unmatched,0,0,0
KAKDBB_10545 hypothetical protein,Unmatched,0,0,0
KAKDBB_10550 hypothetical protein,Unmatched,0,0,0
KAKDBB_10555 Lysylphosphatidylglycerol synthase TM region,Unmatched,0,0,0
KAKDBB_10560 hypothetical protein,Unmatched,0,0,0
KAKDBB_10565 hypothetical protein,Unmatched,0,0,0
KAKDBB_10570 cellulose synthase subunit BcsC,Unmatched,0,0,0
KAKDBB_10575 DNA-formamidopyrimidine glycosylase,Unmatched,0,0,0
KAKDBB_10580 Cytochrome c biogenesis protein CcsB,Unmatched,0,0,0
KAKDBB_10585 cytochrome C biogenesis protein,Unmatched,0,0,0
KAKDBB_10590 glyoxalase,Unmatched,0,0,0
KAKDBB_10595 ABC transporter substrate-binding protein,Unmatched,0,0,0
KAKDBB_10600 peptide ABC transporter substrate-binding protein,Unmatched,0,0,0
KAKDBB_10605 hypothetical protein,Unmatched,0,0,0
KAKDBB_10610 Mobile element protein,Unmatched,0,0,0
KAKDBB_10615 HicB-like domain-containing protein,Unmatched,0,0,0
KAKDBB_10620 thioredoxin domain-containing protein,Unmatched,0,0,0
KAKDBB_10625 Chromophore lyase CpcT/CpeT 3,Unmatched,0,0,0
KAKDBB_10630 porphobilinogen synthase,Unmatched,0,0,0
KAKDBB_10635 GTP cyclohydrolase I FolE,Unmatched,0,0,0
KAKDBB_10640 peptide deformylase,Unmatched,0,0,0
KAKDBB_10645 chromosomal replication initiator protein DnaA,Unmatched,0,0,0
KAKDBB_10650 heme o synthase,Unmatched,0,0,0
KAKDBB_10655 heme A synthase,Unmatched,0,0,0
KAKDBB_10660 cytochrome c oxidase subunit II,Unmatched,0,0,0
KAKDBB_10665 cytochrome c oxidase subunit I,Unmatched,0,0,0
KAKDBB_10670 heme-copper oxidase subunit III,Unmatched,0,0,0
KAKDBB_10675 polyketide synthase,Unmatched,0,0,0
KAKDBB_10680 isovaleryl-CoA dehydrogenase,Unmatched,0,0,0
KAKDBB_10685 hypothetical protein,Unmatched,0,0,0
KAKDBB_10690 DUF29 domain-containing protein,Unmatched,0,0,0
KAKDBB_10695 FkbM family methyltransferase,Unmatched,0,0,0
KAKDBB_10700 aspartate--tRNA ligase,Unmatched,0,0,0
"KAKDBB_10705 HicA toxin of bacterial toxin-antitoxin,",Unmatched,0,0,0
KAKDBB_10710 type II toxin-antitoxin system HicB family antitoxin,Unmatched,0,0,0
KAKDBB_10715 transposase,Unmatched,0,0,0
KAKDBB_10720 hypothetical protein,Unmatched,0,0,0
KAKDBB_10725 hypothetical protein,Unmatched,0,0,0
KAKDBB_10730 sulfate ABC transporter substrate-binding protein,Unmatched,0,0,0
KAKDBB_10735 hypothetical protein,Unmatched,0,0,0
KAKDBB_10740 PA-phosphatase,Unmatched,0,0,0
KAKDBB_10745 sulfurtransferase,Unmatched,0,0,0
KAKDBB_10750 phycocyanin subunit alpha,Unmatched,0,0,0
KAKDBB_10755 phycocyanin subunit beta,Unmatched,0,0,0
KAKDBB_10760 cysteine synthase A,Unmatched,0,0,0
KAKDBB_10765 Cystathionine gamma-lyase,Unmatched,0,0,0
KAKDBB_10770 MgtC family,Unmatched,0,0,0
KAKDBB_10775 hypothetical protein,Unmatched,0,0,0
KAKDBB_10780 Chromosome partition protein Smc,Unmatched,0,0,0
KAKDBB_10785 Crp/Fnr family transcriptional regulator,Unmatched,0,0,0
KAKDBB_10790 transporter,Unmatched,0,0,0
KAKDBB_10795 Uncharacterized NAD(P)/FAD-binding protein YdhS,Unmatched,0,0,0
KAKDBB_10800 hypothetical protein,Unmatched,0,0,0
KAKDBB_10805 hypothetical protein,Unmatched,0,0,0
KAKDBB_10810 Similarity,Unmatched,0,0,0
KAKDBB_10815 hypothetical protein,Unmatched,0,0,0
KAKDBB_10820 DUF3370 domain-containing protein,Unmatched,0,0,0
KAKDBB_10825 YlqD protein,Unmatched,0,0,0
KAKDBB_10830 long-chain fatty acid--CoA ligase,Unmatched,0,0,0
KAKDBB_10835 NADP-dependent isocitrate dehydrogenase,Unmatched,0,0,0
KAKDBB_10840 RNA polymerase sigma factor RpoD,Unmatched,0,0,0
KAKDBB_10845 2-isopropylmalate synthase,Unmatched,0,0,0
KAKDBB_10850 hypothetical protein,Unmatched,0,0,0
KAKDBB_10855 ISAs1 family transposase,Unmatched,0,0,0
KAKDBB_10860 AraC family transcriptional regulator,Unmatched,0,0,0
KAKDBB_10865 hypothetical protein,Unmatched,0,0,0
KAKDBB_10870 SUMF1/EgtB/PvdO family nonheme iron enzyme,Unmatched,0,0,0
KAKDBB_10875 hypothetical protein,Unmatched,0,0,0
KAKDBB_10880 Type II toxin-antitoxin system PemK/MazF family toxin,Unmatched,0,0,0
KAKDBB_10950 tRNA-Gly(tcc),Unmatched,0,0,0
KAKDBB_10960 hypothetical protein,Unmatched,0,0,0
KAKDBB_10965 triose-phosphate isomerase,Unmatched,0,0,0
"KAKDBB_10970 5-oxo-1,2,5-tricarboxylic-3-penten acid decarboxylase",Unmatched,0,0,0
KAKDBB_10975 30S ribosomal protein S6,Unmatched,0,0,0
KAKDBB_10980 hypothetical protein,Unmatched,0,0,0
KAKDBB_10985 DUF3084 domain-containing protein,Unmatched,0,0,0
KAKDBB_10990 global nitrogen regulator NtcA,Unmatched,0,0,0
KAKDBB_10995 enoyl-ACP reductase FabI,Unmatched,0,0,0
"KAKDBB_11000 1,4-alpha-glucan branching enzyme",Unmatched,0,0,0
KAKDBB_11005 hypothetical protein,Unmatched,0,0,0
KAKDBB_11010 Uncharacterized protein sll1735,Unmatched,0,0,0
KAKDBB_11015 hypothetical protein,Unmatched,0,0,0
KAKDBB_11020 ribonuclease Z,Unmatched,0,0,0
KAKDBB_11025 Tubulin like,Unmatched,0,0,0
KAKDBB_11030 ornithine carbamoyltransferase,Unmatched,0,0,0
KAKDBB_11035 hypothetical protein,Unmatched,0,0,0
KAKDBB_11040 4-alpha-glucanotransferase,Unmatched,0,0,0
KAKDBB_11045 Addiction module toxin RelE,Unmatched,0,0,0
KAKDBB_11050 Helix-turn-helix domain-containing protein,Unmatched,0,0,0
KAKDBB_11055 Metal-dependent hydrolase,Unmatched,0,0,0
KAKDBB_11060 IS1380 family transposase,Unmatched,0,0,0
KAKDBB_11065 GRRM system radical SAM/SPASM domain protein,Unmatched,0,0,0
KAKDBB_11070 murein transglycosylase,Unmatched,0,0,0
KAKDBB_11075 CNNM transmembrane domain-containing protein,Unmatched,0,0,0
KAKDBB_11080 PEP-CTERM sorting domain-containing protein,Unmatched,0,0,0
KAKDBB_11085 Bulb-type lectin domain-containing protein,Unmatched,0,0,0
KAKDBB_11090 Magnesium and cobalt efflux protein CorC,Unmatched,0,0,0
KAKDBB_11095 hypothetical protein,Unmatched,0,0,0
KAKDBB_11100 tRNA-Ile2(cat),Unmatched,0,0,0
"KAKDBB_11105 addiction module toxin, HicA family",Unmatched,0,0,0
KAKDBB_11110 hypothetical protein,Unmatched,0,0,0
KAKDBB_11115 hypothetical protein,Unmatched,0,0,0
KAKDBB_11120 NAD+ synthase,Unmatched,0,0,0
KAKDBB_11125 NUDIX hydrolase,Unmatched,0,0,0
KAKDBB_11130 nicotinate-nucleotide adenylyltransferase,Unmatched,0,0,0
KAKDBB_11135 hypothetical protein,Unmatched,0,0,0
KAKDBB_11140 peptidase A2,Unmatched,0,0,0
KAKDBB_11145 hypothetical protein,Unmatched,0,0,0
KAKDBB_11150 hypothetical protein,Unmatched,0,0,0
KAKDBB_11155 hypothetical protein,Unmatched,0,0,0
KAKDBB_11160 hypothetical protein,Unmatched,0,0,0
KAKDBB_11165 hypothetical protein,Unmatched,0,0,0
KAKDBB_11170 DUF1830 domain-containing protein,Unmatched,0,0,0
KAKDBB_11200 Cytochrome b5 heme-binding domain-containing protein,Unmatched,0,0,0
KAKDBB_11205 hypothetical protein,Unmatched,0,0,0
KAKDBB_11210 macrolide ABC transporter ATP-binding protein,Unmatched,0,0,0
KAKDBB_11215 ABC transporter substrate-binding protein,Unmatched,0,0,0
KAKDBB_11225 acyl-CoA desaturase,Unmatched,0,0,0
KAKDBB_11230 1-deoxy-D-xylulose-5-phosphate reductoisomerase,Unmatched,0,0,0
KAKDBB_11235 hypothetical protein,Unmatched,0,0,0
KAKDBB_11240 hypothetical protein,Unmatched,0,0,0
KAKDBB_11245 hypothetical protein,Unmatched,0,0,0
KAKDBB_11250 DUF4351 domain-containing protein,Unmatched,0,0,0
KAKDBB_11255 primosomal protein N',Unmatched,0,0,0
"KAKDBB_11260 RNA polymerase sigma factor, RpoD/SigA family",Unmatched,0,0,0
KAKDBB_11265 hypothetical protein,Unmatched,0,0,0
KAKDBB_11270 aminotransferase,Unmatched,0,0,0
KAKDBB_11275 DNA-directed RNA polymerase specialized sigma subunit,Unmatched,0,0,0
KAKDBB_11280 Holliday junction branch migration DNA helicase RuvB,Unmatched,0,0,0
KAKDBB_11285 Imidazole glycerol phosphate synthase subunit HisF,Unmatched,0,0,0
KAKDBB_11290 hypothetical protein,Unmatched,0,0,0
KAKDBB_11295 tRNA-Ala(ggc),Unmatched,0,0,0
KAKDBB_11300 AI-2E family transporter,Unmatched,0,0,0
KAKDBB_11305 ribonuclease H,Unmatched,0,0,0
KAKDBB_11310 hypothetical protein,Unmatched,0,0,0
KAKDBB_11315 (Fe-S)-binding protein,Unmatched,0,0,0
KAKDBB_11320 formyltetrahydrofolate deformylase,Unmatched,0,0,0
KAKDBB_11325 Endonuclease NucS,Unmatched,0,0,0
KAKDBB_11330 MFS transporter,Unmatched,0,0,0
KAKDBB_11335 Bacterial small signal recognition particle RNA,Unmatched,0,0,0
KAKDBB_11340 DUF58 domain-containing protein,Unmatched,0,0,0
KAKDBB_11345 long-chain acyl-[acyl-carrier-protein] reductase,Unmatched,0,0,0
KAKDBB_11350 aldehyde oxygenase (deformylating),Unmatched,0,0,0
"KAKDBB_11355 9,9'-di-cis-zeta-carotene desaturase",Unmatched,0,0,0
KAKDBB_11360 phospholipid carrier-dependent glycosyltransferase,Unmatched,0,0,0
KAKDBB_11365 3-isopropylmalate dehydratase large subunit,Unmatched,0,0,0
KAKDBB_11370 glycosyl transferase family 4,Unmatched,0,0,0
KAKDBB_11375 (p)ppGpp synthetase,Unmatched,0,0,0
KAKDBB_11380 heterocyst frequency control protein PatD,Unmatched,0,0,0
KAKDBB_11385 nickel import ATP-binding protein NikD,Unmatched,0,0,0
KAKDBB_11390 hypothetical protein,Unmatched,0,0,0
KAKDBB_11395 glycosyl transferase,Unmatched,0,0,0
KAKDBB_11400 peptidase M48,Unmatched,0,0,0
KAKDBB_11405 DUF6761 domain-containing protein,Unmatched,0,0,0
KAKDBB_11410 D-alanyl-D-alanine carboxypeptidase/D-alanyl-D-alanine-endopeptidase,Unmatched,0,0,0
KAKDBB_11415 multidrug ABC transporter ATP-binding protein,Unmatched,0,0,0
KAKDBB_11420 histidine kinase,Unmatched,0,0,0
KAKDBB_11425 hypothetical protein,Unmatched,0,0,0
KAKDBB_11430 hypothetical protein,Unmatched,0,0,0
KAKDBB_11435 photosystem II reaction center protein PsbM,Unmatched,0,0,0
KAKDBB_11440 NUDIX hydrolase,Unmatched,0,0,0
KAKDBB_11445 30S ribosomal protein S14,Unmatched,0,0,0
KAKDBB_11450 Polyribonucleotide nucleotidyltransferase,Unmatched,0,0,0
KAKDBB_11455 hypothetical protein,Unmatched,0,0,0
KAKDBB_11460 hypothetical protein,Unmatched,0,0,0
KAKDBB_11465 AAA+ family ATPase,Unmatched,0,0,0
KAKDBB_11470 hypothetical protein,Unmatched,0,0,0
KAKDBB_11475 peroxiredoxin,Unmatched,0,0,0
KAKDBB_11480 hypothetical protein,Unmatched,0,0,0
KAKDBB_11485 Type II toxin-antitoxin system PemK/MazF family toxin,Unmatched,0,0,0
KAKDBB_11490 hypothetical protein,Unmatched,0,0,0
KAKDBB_11495 3-phosphoshikimate 1-carboxyvinyltransferase,Unmatched,0,0,0
KAKDBB_11500 energy-coupling factor transporter ATPase,Unmatched,0,0,0
KAKDBB_11505 amidophosphoribosyltransferase,Unmatched,0,0,0
KAKDBB_11510 phosphoribosylformylglycinamidine synthase subunit PurL,Unmatched,0,0,0
KAKDBB_11520 hypothetical protein,Unmatched,0,0,0
KAKDBB_11525 hypothetical protein,Unmatched,0,0,0
KAKDBB_11530 hypothetical protein,Unmatched,0,0,0
KAKDBB_11535 FGE-sulfatase domain-containing protein,Unmatched,0,0,0
KAKDBB_11540 DUF3386 domain-containing protein,Unmatched,0,0,0
KAKDBB_11545 NifU-like domain-containing protein,Unmatched,0,0,0
KAKDBB_11550 isocitrate dehydrogenase,Unmatched,0,0,0
KAKDBB_11555 Circadian oscillating protein COP23,Unmatched,0,0,0
KAKDBB_11565 sodium:proton antiporter,Unmatched,0,0,0
KAKDBB_11585 DNA (cytosine-5-)-methyltransferase,Unmatched,0,0,0
KAKDBB_11590 RE-BsaWI domain-containing protein,Unmatched,0,0,0
KAKDBB_11595 XisI protein,Unmatched,0,0,0
KAKDBB_11600 Alkaline phosphatase,Unmatched,0,0,0
KAKDBB_11605 Transposase,Unmatched,0,0,0
KAKDBB_11610 hypothetical protein,Unmatched,0,0,0
KAKDBB_11615 hypothetical protein,Unmatched,0,0,0
"KAKDBB_11620 WD domain, G-beta repeat family protein",Unmatched,0,0,0
KAKDBB_11625 hypothetical protein,Unmatched,0,0,0
KAKDBB_11630 HicB family protein,Unmatched,0,0,0
KAKDBB_11635 hypothetical protein,Unmatched,0,0,0
KAKDBB_11640 hypothetical protein,Unmatched,0,0,0
KAKDBB_11645 hypothetical protein,Unmatched,0,0,0
KAKDBB_11650 6-phosphofructokinase,Unmatched,0,0,0
KAKDBB_11655 dihydroorotate dehydrogenase,Unmatched,0,0,0
KAKDBB_11660 pyruvate:ferredoxin (flavodoxin) oxidoreductase,Unmatched,0,0,0
KAKDBB_11665 transcriptional repressor LexA,Unmatched,0,0,0
KAKDBB_11670 DUF2389 domain-containing protein,Unmatched,0,0,0
KAKDBB_11675 DUF4335 domain-containing protein,Unmatched,0,0,0
KAKDBB_11680 DUF3038 domain-containing protein,Unmatched,0,0,0
KAKDBB_11685 Na+/H+ antiporter,Unmatched,0,0,0
KAKDBB_11690 hypothetical protein,Unmatched,0,0,0
KAKDBB_11695 hypothetical protein,Unmatched,0,0,0
KAKDBB_11700 hypothetical protein,Unmatched,0,0,0
KAKDBB_11705 hypothetical protein,Unmatched,0,0,0
KAKDBB_11710 single-stranded DNA-binding protein,Unmatched,0,0,0
KAKDBB_11715 amino acid ABC transporter permease,Unmatched,0,0,0
KAKDBB_11720 hypothetical protein,Unmatched,0,0,0
KAKDBB_11725 shikimate dehydrogenase,Unmatched,0,0,0
KAKDBB_11730 AI-2E family transporter,Unmatched,0,0,0
KAKDBB_11735 EamA family transporter,Unmatched,0,0,0
KAKDBB_11740 methyltransferase type 11,Unmatched,0,0,0
KAKDBB_11745 MBL fold metallo-hydrolase,Unmatched,0,0,0
"KAKDBB_11750 bifunctional demethylmenaquinone methyltransferase/2-methoxy-6-polyprenyl-1,4-benzoquinol methylase UbiE",Unmatched,0,0,0
KAKDBB_11755 UPF0754 membrane protein MAE_37850,Unmatched,0,0,0
KAKDBB_11760 DUF2993 domain-containing protein,Unmatched,0,0,0
KAKDBB_11765 methanol dehydrogenase,Unmatched,0,0,0
KAKDBB_11770 hypothetical protein,Unmatched,0,0,0
KAKDBB_11775 DUF948 domain-containing protein,Unmatched,0,0,0
KAKDBB_11780 gas vesicle protein,Unmatched,0,0,0
KAKDBB_11785 Cyano-1 RNA,Unmatched,0,0,0
KAKDBB_11790 glutaminase A,Unmatched,0,0,0
KAKDBB_11795 MFS transporter,Unmatched,0,0,0
KAKDBB_11800 hypothetical protein,Unmatched,0,0,0
KAKDBB_11805 class II glutamine amidotransferase,Unmatched,0,0,0
KAKDBB_11810 cobalt ABC transporter,Unmatched,0,0,0
KAKDBB_11815 Putative restriction endonuclease,Unmatched,0,0,0
KAKDBB_11820 Photosystem I iron-sulfur center,Unmatched,0,0,0
KAKDBB_11825 acetate--CoA ligase,Unmatched,0,0,0
KAKDBB_11830 Polysialic acid O-acetyltransferase,Unmatched,0,0,0
KAKDBB_11835 GNAT family N-acetyltransferase,Unmatched,0,0,0
KAKDBB_11840 GCN5-related N-acetyltransferase,Unmatched,0,0,0
KAKDBB_11845 DUF1269 domain-containing protein,Unmatched,0,0,0
KAKDBB_11850 CP12 domain-containing protein,Unmatched,0,0,0
KAKDBB_11855 glycoside hydrolase,Unmatched,0,0,0
KAKDBB_11860 ribosomal protein S18-alanine N-acetyltransferase,Unmatched,0,0,0
KAKDBB_11865 sodium-dependent bicarbonate transport family permease,Unmatched,0,0,0
KAKDBB_11870 transcriptional regulator,Unmatched,0,0,0
KAKDBB_11875 DUF3172 domain-containing protein,Unmatched,0,0,0
KAKDBB_11880 transporter,Unmatched,0,0,0
KAKDBB_11885 glycosyl transferase group 1,Unmatched,0,0,0
KAKDBB_11890 ABC transporter ATP-binding protein,Unmatched,0,0,0
KAKDBB_11895 hypothetical protein,Unmatched,0,0,0
KAKDBB_11900 restriction endonuclease,Unmatched,0,0,0
KAKDBB_11905 class I SAM-dependent methyltransferase,Unmatched,0,0,0
KAKDBB_11910 isopropylmalate isomerase,Unmatched,0,0,0
KAKDBB_11915 hypothetical protein,Unmatched,0,0,0
KAKDBB_11920 hypothetical protein,Unmatched,0,0,0
KAKDBB_11925 ATP-binding protein,Unmatched,0,0,0
KAKDBB_11930 FUSC family protein,Unmatched,0,0,0
KAKDBB_11935 hypothetical protein,Unmatched,0,0,0
KAKDBB_11940 hypothetical protein,Unmatched,0,0,0
KAKDBB_11945 DNA-directed RNA polymerase subunit omega,Unmatched,0,0,0
KAKDBB_11950 hypothetical protein,Unmatched,0,0,0
KAKDBB_11955 Peptidase A2 domain-containing protein,Unmatched,0,0,0
KAKDBB_11960 PINc domain-containing protein,Unmatched,0,0,0
KAKDBB_11965 hypothetical protein,Unmatched,0,0,0
KAKDBB_11970 DUF2283 domain-containing protein,Unmatched,0,0,0
KAKDBB_11975 hypothetical protein,Unmatched,0,0,0
KAKDBB_11980 hypothetical protein,Unmatched,0,0,0
KAKDBB_11985 DUF4926 domain-containing protein,Unmatched,0,0,0
KAKDBB_11990 DNA cytosine methyltransferase,Unmatched,0,0,0
KAKDBB_11995 cobalt-precorrin-6A reductase,Unmatched,0,0,0
KAKDBB_12000 arsenic-transporting ATPase,Unmatched,0,0,0
KAKDBB_12005 Uma2 domain-containing protein,Unmatched,0,0,0
KAKDBB_12010 Domain of unknown function DUF29,Unmatched,0,0,0
KAKDBB_12015 EpsG family,Unmatched,0,0,0
KAKDBB_12020 Methyltransf-21 domain-containing protein,Unmatched,0,0,0
KAKDBB_12025 Polysaccharide biosynthesis protein,Unmatched,0,0,0
KAKDBB_12030 hypothetical protein,Unmatched,0,0,0
KAKDBB_12035 hypothetical protein,Unmatched,0,0,0
KAKDBB_12040 Mobile element protein,Unmatched,0,0,0
KAKDBB_12045 IS30 family transposase,Unmatched,0,0,0
KAKDBB_12050 transposase,Unmatched,0,0,0
KAKDBB_12055 serine/threonine protein kinase,Unmatched,0,0,0
KAKDBB_12060 mercuric reductase,Unmatched,0,0,0
KAKDBB_12065 TVP38/TMEM64 family protein,Unmatched,0,0,0
KAKDBB_12070 cytochrome P450,Unmatched,0,0,0
KAKDBB_12075 protein-methionine-sulfoxide reductase catalytic subunit MsrP,Unmatched,0,0,0
KAKDBB_12080 DUF29 domain-containing protein,Unmatched,0,0,0
KAKDBB_12085 Domain of unknown function DUF29,Unmatched,0,0,0
KAKDBB_12090 hypothetical protein,Unmatched,0,0,0
KAKDBB_12095 DUF1294 domain-containing protein,Unmatched,0,0,0
KAKDBB_12100 hypothetical protein,Unmatched,0,0,0
KAKDBB_12105 DNA-binding protein,Unmatched,0,0,0
KAKDBB_12110 hypothetical protein,Unmatched,0,0,0
KAKDBB_12115 hypothetical protein,Unmatched,0,0,0
KAKDBB_12120 hypothetical protein,Unmatched,0,0,0
KAKDBB_12125 adenosine kinase,Unmatched,0,0,0
KAKDBB_12130 DUF2555 domain-containing protein,Unmatched,0,0,0
KAKDBB_12135 oxidoreductase,Unmatched,0,0,0
KAKDBB_12140 comEA protein,Unmatched,0,0,0
KAKDBB_12145 hypothetical protein,Unmatched,0,0,0
KAKDBB_12150 hypothetical protein,Unmatched,0,0,0
KAKDBB_12155 heme iron utilization protein,Unmatched,0,0,0
KAKDBB_12160 Precorrin-6x reductase CbiJ/CobK,Unmatched,0,0,0
KAKDBB_12165 hypothetical protein,Unmatched,0,0,0
KAKDBB_12170 ABC transporter ATP-binding protein,Unmatched,0,0,0
KAKDBB_12175 ABC transporter substrate-binding protein,Unmatched,0,0,0
KAKDBB_12180 phycobilisome maturation protein,Unmatched,0,0,0
KAKDBB_12185 transcriptional regulator,Unmatched,0,0,0
KAKDBB_12190 hypothetical protein,Unmatched,0,0,0
KAKDBB_12195 hypothetical protein,Unmatched,0,0,0
KAKDBB_12200 RNA polymerase sigma factor SigC,Unmatched,0,0,0
KAKDBB_12205 DUF4351 domain-containing protein,Unmatched,0,0,0
KAKDBB_12210 Alkaline phosphatase,Unmatched,0,0,0
KAKDBB_12215 FkbM family methyltransferase,Unmatched,0,0,0
KAKDBB_12220 hypothetical protein,Unmatched,0,0,0
KAKDBB_12225 class I SAM-dependent methyltransferase,Unmatched,0,0,0
KAKDBB_12230 FkbM family methyltransferase,Unmatched,0,0,0
KAKDBB_12235 Membrane protein,Unmatched,0,0,0
KAKDBB_12240 Methyltransf-21 domain-containing protein,Unmatched,0,0,0
"KAKDBB_12245 beta-1,6-galactofuranosyltransferase",Unmatched,0,0,0
KAKDBB_12250 Phenazine biosynthesis-like protein,Unmatched,0,0,0
KAKDBB_12255 hypothetical protein,Unmatched,0,0,0
KAKDBB_12260 Xaa-Pro aminopeptidase,Unmatched,0,0,0
KAKDBB_12265 Uma2 family endonuclease,Unmatched,0,0,0
KAKDBB_12270 Uma2 family endonuclease,Unmatched,0,0,0
KAKDBB_12275 NAD-dependent DNA ligase LigA,Unmatched,0,0,0
KAKDBB_12280 DUF2996 domain-containing protein,Unmatched,0,0,0
KAKDBB_12285 DUF3110 domain-containing protein,Unmatched,0,0,0
KAKDBB_12290 YraN family protein,Unmatched,0,0,0
KAKDBB_12295 histidine phosphatase family protein,Unmatched,0,0,0
KAKDBB_12300 histidine phosphatase family protein,Unmatched,0,0,0
KAKDBB_12305 biotin--[acetyl-CoA-carboxylase] ligase,Unmatched,0,0,0
KAKDBB_12310 M23 family peptidase,Unmatched,0,0,0
KAKDBB_12315 hypothetical protein,Unmatched,0,0,0
KAKDBB_12320 hypothetical protein,Unmatched,0,0,0
KAKDBB_12325 NACHT domain-containing protein,Unmatched,0,0,0
KAKDBB_12330 DUF1778 domain-containing protein,Unmatched,0,0,0
KAKDBB_12335 N-acetyltransferase,Unmatched,0,0,0
KAKDBB_12340 Cysteine desulfurase,Unmatched,0,0,0
KAKDBB_12345 ABC transporter transmembrane region,Unmatched,0,0,0
KAKDBB_12350 hypothetical protein,Unmatched,0,0,0
KAKDBB_12355 metallophosphoesterase,Unmatched,0,0,0
KAKDBB_12360 hypothetical protein,Unmatched,0,0,0
KAKDBB_12365 HTH hxlR-type domain-containing protein,Unmatched,0,0,0
KAKDBB_12370 DDE-5 domain-containing protein,Unmatched,0,0,0
KAKDBB_12375 ribosome maturation factor RimM,Unmatched,0,0,0
KAKDBB_12380 hypothetical protein,Unmatched,0,0,0
KAKDBB_12385 CPBP family intramembrane metalloprotease domain-containing protein,Unmatched,0,0,0
KAKDBB_12390 AbrB family transcriptional regulator,Unmatched,0,0,0
KAKDBB_12395 succinate dehydrogenase/fumarate reductase iron-sulfur subunit,Unmatched,0,0,0
KAKDBB_12400 penicillin-binding protein activator LpoB,Unmatched,0,0,0
KAKDBB_12405 transposase,Unmatched,0,0,0
KAKDBB_12410 DUF3352 domain-containing protein,Unmatched,0,0,0
KAKDBB_12415 PEP-CTERM sorting domain-containing protein,Unmatched,0,0,0
KAKDBB_12420 HTH-33 domain-containing protein,Unmatched,0,0,0
KAKDBB_12425 IS630 family transposase,Unmatched,0,0,0
KAKDBB_12430 DUF3782 domain-containing protein,Unmatched,0,0,0
KAKDBB_12435 DUF3011 domain-containing protein,Unmatched,0,0,0
KAKDBB_12440 hypothetical protein,Unmatched,0,0,0
KAKDBB_12445 Type II toxin-antitoxin system RelE/ParE family toxin,Unmatched,0,0,0
KAKDBB_12450 photosystem I reaction center subunit PsaK,Unmatched,0,0,0
KAKDBB_12455 phosphoribosylanthranilate isomerase,Unmatched,0,0,0
KAKDBB_12460 GTP cyclohydrolase I FolE,Unmatched,0,0,0
KAKDBB_12465 SDR family oxidoreductase,Unmatched,0,0,0
KAKDBB_12470 hypothetical protein,Unmatched,0,0,0
KAKDBB_12475 hypothetical protein,Unmatched,0,0,0
KAKDBB_12480 DZANK-type domain-containing protein,Unmatched,0,0,0
KAKDBB_12485 PAS domain-containing sensor histidine kinase,Unmatched,0,0,0
KAKDBB_12490 hypothetical protein,Unmatched,0,0,0
KAKDBB_12495 replication restart DNA helicase PriA,Unmatched,0,0,0
KAKDBB_12500 glycosyl transferase family 1,Unmatched,0,0,0
KAKDBB_12505 CemA family,Unmatched,0,0,0
KAKDBB_12510 hydrophobe/amphiphile efflux-1 family RND transporter,Unmatched,0,0,0
KAKDBB_12515 sodium:proton antiporter,Unmatched,0,0,0
KAKDBB_12520 amino acid ABC transporter ATP-binding protein,Unmatched,0,0,0
KAKDBB_12525 DUF29 domain-containing protein,Unmatched,0,0,0
KAKDBB_12530 restriction endonuclease,Unmatched,0,0,0
KAKDBB_12535 sugar transferase,Unmatched,0,0,0
KAKDBB_12540 Nodulation protein Z (NodZ),Unmatched,0,0,0
KAKDBB_12545 Uncharacterized protein slr1608,Unmatched,0,0,0
KAKDBB_12550 amino acid ABC transporter substrate-binding protein,Unmatched,0,0,0
KAKDBB_12555 rSAM-associated Gly-rich repeat protein,Unmatched,0,0,0
KAKDBB_12560 Recombination-promoting DNA endonuclease RpnC/YadD,Unmatched,0,0,0
KAKDBB_12565 Rpn family recombination-promoting nuclease/putative transposase,Unmatched,0,0,0
KAKDBB_12570 PEP-CTERM sorting domain-containing protein,Unmatched,0,0,0
KAKDBB_12575 hypothetical protein,Unmatched,0,0,0
KAKDBB_12580 ankyrin repeat domain-containing protein,Unmatched,0,0,0
KAKDBB_12585 Stp1/IreP family PP2C-type Ser/Thr phosphatase,Unmatched,0,0,0
"KAKDBB_12590 putative protein kinase regulating ubiquinone biosynthesis, AarF/ABC1/UbiB family",Unmatched,0,0,0
KAKDBB_12595 Thylakoid protein sll1769,Unmatched,0,0,0
KAKDBB_12600 branched-chain amino acid ABC transporter substrate-binding protein,Unmatched,0,0,0
KAKDBB_12605 hypothetical protein,Unmatched,0,0,0
KAKDBB_12610 steroid 5-alpha reductase,Unmatched,0,0,0
"KAKDBB_12615 pyridoxal-dependent decarboxylase, pyridoxal binding domain protein",Unmatched,0,0,0
KAKDBB_12620 proline--tRNA ligase,Unmatched,0,0,0
KAKDBB_12625 hypothetical protein,Unmatched,0,0,0
KAKDBB_12630 HicB-like domain-containing protein,Unmatched,0,0,0
KAKDBB_12635 DUF6516 domain-containing protein,Unmatched,0,0,0
KAKDBB_12640 hypothetical protein,Unmatched,0,0,0
KAKDBB_12645 AbrB/MazE/SpoVT family DNA-binding domain-containing protein,Unmatched,0,0,0
KAKDBB_12650 type II toxin-antitoxin system death-on-curing family toxin,Unmatched,0,0,0
KAKDBB_12655 hypothetical protein,Unmatched,0,0,0
KAKDBB_12660 hypothetical protein,Unmatched,0,0,0
KAKDBB_12665 Putative S-adenosyl-L-methionine-dependent methyltransferase,Unmatched,0,0,0
KAKDBB_12670 ferredoxin:protochlorophyllide reductase (ATP-dependent) subunit B,Unmatched,0,0,0
KAKDBB_12675 chromosome partitioning protein ParA,Unmatched,0,0,0
KAKDBB_12680 prepilin-type cleavage/methylation domain-containing protein,Unmatched,0,0,0
KAKDBB_12685 tRNA (uridine(34)/cytosine(34)/5-carboxymethylaminomethyluridine(34)-2'-O)-methyltransferase TrmL,Unmatched,0,0,0
KAKDBB_12690 hypothetical protein,Unmatched,0,0,0
KAKDBB_12695 HpaII family restriction endonuclease,Unmatched,0,0,0
KAKDBB_12700 DNA (cytosine-5-)-methyltransferase,Unmatched,0,0,0
"KAKDBB_12705 dTDP-4-dehydrorhamnose 3,5-epimerase",Unmatched,0,0,0
KAKDBB_12710 HpcH-HpaI domain-containing protein,Unmatched,0,0,0
KAKDBB_12715 Glycosyl transferase-like protein,Unmatched,0,0,0
KAKDBB_12720 hypothetical protein,Unmatched,0,0,0
KAKDBB_12725 Putative N-acetylgalactosaminyl-diphosphoundecaprenol glucuronosyltransferase,Unmatched,0,0,0
KAKDBB_12730 YegS-C domain-containing protein,Unmatched,0,0,0
KAKDBB_12735 hypothetical protein,Unmatched,0,0,0
KAKDBB_12745 homoserine dehydrogenase,Unmatched,0,0,0
KAKDBB_12750 peptidase,Unmatched,0,0,0
KAKDBB_12755 hypothetical protein,Unmatched,0,0,0
KAKDBB_12760 aminotransferase,Unmatched,0,0,0
KAKDBB_12765 indole-3-glycerol phosphate synthase TrpC,Unmatched,0,0,0
KAKDBB_12770 hypothetical protein,Unmatched,0,0,0
KAKDBB_12775 Chromosome partition protein Smc,Unmatched,0,0,0
KAKDBB_12780 DUF3288 domain-containing protein,Unmatched,0,0,0
KAKDBB_12785 methionine synthase,Unmatched,0,0,0
KAKDBB_12790 glycosyltransferase,Unmatched,0,0,0
KAKDBB_12795 transcriptional regulator,Unmatched,0,0,0
KAKDBB_12800 squalene--hopene cyclase,Unmatched,0,0,0
KAKDBB_12805 translation elongation factor Ts,Unmatched,0,0,0
KAKDBB_12810 30S ribosomal protein S2,Unmatched,0,0,0
KAKDBB_12815 thioredoxin-dependent thiol peroxidase,Unmatched,0,0,0
KAKDBB_12820 Zn-dependent protease with chaperone function,Unmatched,0,0,0
KAKDBB_12825 CopY family transcriptional regulator,Unmatched,0,0,0
KAKDBB_12830 DUF4090 domain-containing protein,Unmatched,0,0,0
KAKDBB_12835 mannose-1-phosphate guanyltransferase,Unmatched,0,0,0
KAKDBB_12840 lipid-A-disaccharide synthase,Unmatched,0,0,0
KAKDBB_12845 sulfotransferase,Unmatched,0,0,0
KAKDBB_12850 DNA primase,Unmatched,0,0,0
KAKDBB_12855 hypothetical protein,Unmatched,0,0,0
KAKDBB_12860 hypothetical protein,Unmatched,0,0,0
KAKDBB_12865 hypothetical protein,Unmatched,0,0,0
KAKDBB_12870 IS607 family transposase,Unmatched,0,0,0
KAKDBB_12875 transposase,Unmatched,0,0,0
KAKDBB_12880 transposase,Unmatched,0,0,0
KAKDBB_12885 hypothetical protein,Unmatched,0,0,0
KAKDBB_12890 hypothetical protein,Unmatched,0,0,0
KAKDBB_12895 hypothetical protein,Unmatched,0,0,0
KAKDBB_12900 hypothetical protein,Unmatched,0,0,0
KAKDBB_12905 prepilin peptidase,Unmatched,0,0,0
KAKDBB_12910 hypothetical protein,Unmatched,0,0,0
"KAKDBB_12915 acetyl-CoA carboxylase, carboxyltransferase subunit beta",Unmatched,0,0,0
KAKDBB_12920 transcriptional repressor,Unmatched,0,0,0
KAKDBB_12925 phosphoribosylformylglycinamidine synthase subunit PurS,Unmatched,0,0,0
KAKDBB_12930 phosphoribosylformylglycinamidine synthase subunit PurQ,Unmatched,0,0,0
KAKDBB_12935 cation-efflux pump,Unmatched,0,0,0
"KAKDBB_12940 dTDP-glucose 4,6-dehydratase",Unmatched,0,0,0
KAKDBB_12945 30S ribosomal protein S16,Unmatched,0,0,0
KAKDBB_12950 RNA-binding protein,Unmatched,0,0,0
KAKDBB_12955 GTPase ObgE,Unmatched,0,0,0
"KAKDBB_12960 cobyrinate a,c-diamide synthase",Unmatched,0,0,0
KAKDBB_12965 hypothetical protein,Unmatched,0,0,0
"KAKDBB_12970 Carbohydrate-selective porin, OprB family",Unmatched,0,0,0
KAKDBB_12975 CoA-binding protein,Unmatched,0,0,0
KAKDBB_12980 TIGR04283 family arsenosugar biosynthesis glycosyltransferase,Unmatched,0,0,0
KAKDBB_12985 DDE-Tnp-1 domain-containing protein,Unmatched,0,0,0
KAKDBB_12990 hypothetical protein,Unmatched,0,0,0
KAKDBB_12995 AI-2E family transporter,Unmatched,0,0,0
KAKDBB_13000 tRNA-Gln(ttg),Unmatched,0,0,0
KAKDBB_13005 hypothetical protein,Unmatched,0,0,0
KAKDBB_13010 peptidase S41,Unmatched,0,0,0
KAKDBB_13015 sodium:proton antiporter,Unmatched,0,0,0
KAKDBB_13020 N-acetylmuramoyl-L-alanine amidase,Unmatched,0,0,0
KAKDBB_13025 glutamate racemase,Unmatched,0,0,0
KAKDBB_13030 hypothetical protein,Unmatched,0,0,0
KAKDBB_13035 photosynthetic/respiratory NAD(P)H-quinone oxidoreductase subunit C,Unmatched,0,0,0
KAKDBB_13040 photosynthetic/respiratory NAD(P)H-quinone oxidoreductase subunit K,Unmatched,0,0,0
KAKDBB_13045 NAD(P)H-quinone oxidoreductase subunit J,Unmatched,0,0,0
KAKDBB_13050 UbiD family decarboxylase,Unmatched,0,0,0
KAKDBB_13055 chromosome segregation protein SMC,Unmatched,0,0,0
KAKDBB_13060 DUF3226 domain-containing protein,Unmatched,0,0,0
KAKDBB_13065 photosystem II cytochrome c-550,Unmatched,0,0,0
KAKDBB_13070 translation initiation factor IF-2,Unmatched,0,0,0
KAKDBB_13075 Putative regulatory protein MAE_11840,Unmatched,0,0,0
KAKDBB_13080 guanylate kinase,Unmatched,0,0,0
KAKDBB_13090 FkbM family methyltransferase,Unmatched,0,0,0
KAKDBB_13100 VapC toxin family PIN domain ribonuclease,Unmatched,0,0,0
KAKDBB_13105 hypothetical protein,Unmatched,0,0,0
KAKDBB_13110 DUF5615 domain-containing protein,Unmatched,0,0,0
KAKDBB_13125 hypothetical protein,Unmatched,0,0,0
KAKDBB_13130 hypothetical protein,Unmatched,0,0,0
KAKDBB_13135 hypothetical protein,Unmatched,0,0,0
KAKDBB_13140 Glycosyl transferase family 41,Unmatched,0,0,0
KAKDBB_13145 hypothetical protein,Unmatched,0,0,0
KAKDBB_13150 creatinine amidohydrolase,Unmatched,0,0,0
KAKDBB_13155 nucleoside-diphosphate kinase,Unmatched,0,0,0
KAKDBB_13160 histidine kinase,Unmatched,0,0,0
KAKDBB_13165 adenosyl-hopene transferase HpnH,Unmatched,0,0,0
KAKDBB_13170 DUF1517 domain-containing protein,Unmatched,0,0,0
KAKDBB_13175 hypothetical protein,Unmatched,0,0,0
KAKDBB_13180 phycobiliprotein lyase,Unmatched,0,0,0
KAKDBB_13185 phycocyanin alpha phycocyanobilin lyase,Unmatched,0,0,0
KAKDBB_13190 hypothetical protein,Unmatched,0,0,0
KAKDBB_13195 hypothetical protein,Unmatched,0,0,0
KAKDBB_13200 IS630 family transposase,Unmatched,0,0,0
"KAKDBB_13205 Coenzyme F420 hydrogenase/dehydrogenase, beta subunit N-term",Unmatched,0,0,0
KAKDBB_13210 histone deacetylase,Unmatched,0,0,0
KAKDBB_13215 alpha/beta hydrolase,Unmatched,0,0,0
KAKDBB_13220 glycosyltransferase,Unmatched,0,0,0
KAKDBB_13225 ammonia channel protein,Unmatched,0,0,0
KAKDBB_13230 ammonium transporter,Unmatched,0,0,0
KAKDBB_13235 bifunctional diaminohydroxyphosphoribosylaminopyrimidine deaminase/5-amino-6-(5-phosphoribosylamino)uracil reductase RibD,Unmatched,0,0,0
KAKDBB_13240 phycocyanin subunit beta,Unmatched,0,0,0
KAKDBB_13245 phycocyanin subunit alpha,Unmatched,0,0,0
KAKDBB_13250 photosystem I reaction center subunit XII,Unmatched,0,0,0
"KAKDBB_13255 bifunctional 3,4-dihydroxy-2-butanone-4-phosphate synthase/GTP cyclohydrolase II",Unmatched,0,0,0
KAKDBB_13260 Uma2 domain-containing protein,Unmatched,0,0,0
KAKDBB_13265 D-alanine--D-alanine ligase,Unmatched,0,0,0
KAKDBB_13270 hypothetical protein,Unmatched,0,0,0
KAKDBB_13275 AraC family transcriptional regulator,Unmatched,0,0,0
KAKDBB_13280 Arylsulfatase,Unmatched,0,0,0
KAKDBB_13285 hypothetical protein,Unmatched,0,0,0
KAKDBB_13290 peptidase,Unmatched,0,0,0
KAKDBB_13295 tRNA-Pro(ggg),Unmatched,0,0,0
KAKDBB_13300 FAD-dependent hydroxylase,Unmatched,0,0,0
KAKDBB_13305 phasin,Unmatched,0,0,0
KAKDBB_13310 poly(3-hydroxybutyrate) depolymerase,Unmatched,0,0,0
KAKDBB_13315 SAM-dependent methyltransferase,Unmatched,0,0,0
KAKDBB_13320 CopG family transcriptional regulator,Unmatched,0,0,0
KAKDBB_13325 toxin,Unmatched,0,0,0
KAKDBB_13330 tRNA-Met(cat),Unmatched,0,0,0
KAKDBB_13335 peptidase,Unmatched,0,0,0
KAKDBB_13340 C2H2-type domain-containing protein,Unmatched,0,0,0
KAKDBB_13345 glycosyltransferase,Unmatched,0,0,0
KAKDBB_13350 hypothetical protein,Unmatched,0,0,0
KAKDBB_13355 tryptophan synthase subunit alpha,Unmatched,0,0,0
KAKDBB_13360 hypothetical protein,Unmatched,0,0,0
KAKDBB_13365 nif11-class peptide radical SAM maturase 3,Unmatched,0,0,0
KAKDBB_13370 hypothetical protein,Unmatched,0,0,0
KAKDBB_13375 Nif11 domain-containing protein,Unmatched,0,0,0
KAKDBB_13380 hypothetical protein,Unmatched,0,0,0
KAKDBB_13385 hypothetical protein,Unmatched,0,0,0
KAKDBB_13390 hypothetical protein,Unmatched,0,0,0
KAKDBB_13395 Nif11 domain-containing protein,Unmatched,0,0,0
KAKDBB_13400 general secretion pathway protein GspE,Unmatched,0,0,0
KAKDBB_13405 DUF3082 domain-containing protein,Unmatched,0,0,0
KAKDBB_13410 DUF1400 domain-containing protein,Unmatched,0,0,0
KAKDBB_13415 exopolyphosphatase,Unmatched,0,0,0
KAKDBB_13420 Secreted effector protein PipB2,Unmatched,0,0,0
KAKDBB_13425 chromosome segregation ATPase,Unmatched,0,0,0
KAKDBB_13430 Hsp33 family molecular chaperone HslO,Unmatched,0,0,0
KAKDBB_13435 hypothetical protein,Unmatched,0,0,0
KAKDBB_13440 signal recognition particle protein,Unmatched,0,0,0
KAKDBB_13445 thiamine-phosphate kinase,Unmatched,0,0,0
KAKDBB_13450 MBL fold metallo-hydrolase,Unmatched,0,0,0
KAKDBB_13455 site-2 protease family protein,Unmatched,0,0,0
KAKDBB_13460 DUF218 domain-containing protein,Unmatched,0,0,0
KAKDBB_13465 Ca(2+)/H(+) antiporter,Unmatched,0,0,0
KAKDBB_13470 16S rRNA (guanine(527)-N(7))-methyltransferase RsmG,Unmatched,0,0,0
KAKDBB_13475 lytic murein transglycosylase,Unmatched,0,0,0
KAKDBB_13480 hypothetical protein,Unmatched,0,0,0
KAKDBB_13485 fatty acid desaturase,Unmatched,0,0,0
KAKDBB_13490 Serine/threonine kinase,Unmatched,0,0,0
KAKDBB_13495 hypothetical protein,Unmatched,0,0,0
KAKDBB_13500 hydroxymethylbilane synthase,Unmatched,0,0,0
KAKDBB_13505 permease,Unmatched,0,0,0
KAKDBB_13510 DUF2892 domain-containing protein,Unmatched,0,0,0
KAKDBB_13515 Zn-dependent hydrolase,Unmatched,0,0,0
KAKDBB_13520 ferredoxin,Unmatched,0,0,0
KAKDBB_13525 hypothetical protein,Unmatched,0,0,0
KAKDBB_13530 cobalamin biosynthesis protein CobW,Unmatched,0,0,0
KAKDBB_13535 peptidase M3,Unmatched,0,0,0
KAKDBB_13540 hypothetical protein,Unmatched,0,0,0
KAKDBB_13545 cyanobacterial phytochrome A,Unmatched,0,0,0
KAKDBB_13550 response regulator,Unmatched,0,0,0
KAKDBB_13555 hybrid sensor histidine kinase/response regulator,Unmatched,0,0,0
KAKDBB_13560 DUF1460 domain-containing protein,Unmatched,0,0,0
KAKDBB_13565 hypothetical protein,Unmatched,0,0,0
KAKDBB_13570 NUBPL iron-transfer P-loop NTPase,Unmatched,0,0,0
KAKDBB_13575 DNA-binding protein,Unmatched,0,0,0
"KAKDBB_13580 Cobalamin biosynthesis protein CobN, Mg-chelatase",Unmatched,0,0,0
"KAKDBB_13585 HicA toxin of bacterial toxin-antitoxin,",Unmatched,0,0,0
KAKDBB_13590 HicB family protein,Unmatched,0,0,0
KAKDBB_13595 Aegerolysin Aa-Pri1,Unmatched,0,0,0
KAKDBB_13600 Uma2 domain-containing protein,Unmatched,0,0,0
KAKDBB_13605 GUN4 domain-containing protein,Unmatched,0,0,0
KAKDBB_13610 hypothetical protein,Unmatched,0,0,0
KAKDBB_13615 hypothetical protein,Unmatched,0,0,0
KAKDBB_13620 addiction module protein,Unmatched,0,0,0
KAKDBB_13625 transcriptional regulator,Unmatched,0,0,0
KAKDBB_13630 hypothetical protein,Unmatched,0,0,0
KAKDBB_13635 ATPase-AAA-core domain-containing protein,Unmatched,0,0,0
KAKDBB_13640 PIN domain nuclease,Unmatched,0,0,0
KAKDBB_13645 hypothetical protein,Unmatched,0,0,0
KAKDBB_13650 hypothetical protein,Unmatched,0,0,0
KAKDBB_13655 hypothetical protein,Unmatched,0,0,0
KAKDBB_13660 hypothetical protein,Unmatched,0,0,0
"KAKDBB_13665 putative toxin-antitoxin system toxin component, PIN family",Unmatched,0,0,0
KAKDBB_13670 hypothetical protein,Unmatched,0,0,0
KAKDBB_13675 Transposase,Unmatched,0,0,0
KAKDBB_13680 hypothetical protein,Unmatched,0,0,0
KAKDBB_13685 Phosphoglycerate kinase,Unmatched,0,0,0
KAKDBB_13690 universal stress protein,Unmatched,0,0,0
KAKDBB_13695 photosystem I reaction center protein subunit XI,Unmatched,0,0,0
KAKDBB_13700 photosystem I reaction center subunit VIII,Unmatched,0,0,0
KAKDBB_13705 hybrid sensor histidine kinase/response regulator,Unmatched,0,0,0
KAKDBB_13710 cobaltochelatase subunit CobN,Unmatched,0,0,0
KAKDBB_13715 ATPase-AAA-core domain-containing protein,Unmatched,0,0,0
KAKDBB_13720 ATPase-AAA-core domain-containing protein,Unmatched,0,0,0
KAKDBB_13725 hypothetical protein,Unmatched,0,0,0
KAKDBB_13730 hypothetical protein,Unmatched,0,0,0
KAKDBB_13735 NADH-quinone oxidoreductase subunit M,Unmatched,0,0,0
KAKDBB_13740 GNAT family N-acetyltransferase,Unmatched,0,0,0
KAKDBB_13745 2-succinylbenzoate-CoA ligase,Unmatched,0,0,0
KAKDBB_13750 o-succinylbenzoate synthase,Unmatched,0,0,0
KAKDBB_13755 hypothetical protein,Unmatched,0,0,0
KAKDBB_13760 hypothetical protein,Unmatched,0,0,0
KAKDBB_13765 hypothetical protein,Unmatched,0,0,0
KAKDBB_13770 PqqD family protein,Unmatched,0,0,0
KAKDBB_13775 hypothetical protein,Unmatched,0,0,0
KAKDBB_13780 Uma2 family endonuclease,Unmatched,0,0,0
KAKDBB_13785 cyanoexosortase A,Unmatched,0,0,0
KAKDBB_13790 CHAT domain-containing protein,Unmatched,0,0,0
KAKDBB_13795 LPP domain-containing protein,Unmatched,0,0,0
KAKDBB_13800 prevent-host-death protein,Unmatched,0,0,0
KAKDBB_13805 Txe/YoeB family addiction module toxin,Unmatched,0,0,0
KAKDBB_13810 hypothetical protein,Unmatched,0,0,0
KAKDBB_13815 hypothetical protein,Unmatched,0,0,0
KAKDBB_13820 DUF6516 domain-containing protein,Unmatched,0,0,0
KAKDBB_13825 DNA-binding protein,Unmatched,0,0,0
KAKDBB_13830 hypothetical protein,Unmatched,0,0,0
KAKDBB_13835 LPP domain-containing protein,Unmatched,0,0,0
KAKDBB_13840 urease subunit alpha,Unmatched,0,0,0
KAKDBB_13845 5' ureB small RNA,Unmatched,0,0,0
KAKDBB_13850 hypothetical protein,Unmatched,0,0,0
KAKDBB_13855 FdxN element excision controlling factor protein,Unmatched,0,0,0
KAKDBB_13860 hypothetical protein,Unmatched,0,0,0
KAKDBB_13865 hypothetical protein,Unmatched,0,0,0
KAKDBB_13870 hypothetical protein,Unmatched,0,0,0
KAKDBB_13875 bifunctional aconitate hydratase 2/2-methylisocitrate dehydratase,Unmatched,0,0,0
KAKDBB_13880 deoxyribose-phosphate aldolase,Unmatched,0,0,0
KAKDBB_13885 HAD family hydrolase,Unmatched,0,0,0
KAKDBB_13890 hypothetical protein,Unmatched,0,0,0
KAKDBB_13895 ATP phosphoribosyltransferase,Unmatched,0,0,0
KAKDBB_13900 chromate transporter,Unmatched,0,0,0
KAKDBB_13905 TIGR03032 family protein,Unmatched,0,0,0
KAKDBB_13910 hypothetical protein,Unmatched,0,0,0
KAKDBB_13915 hypothetical protein,Unmatched,0,0,0
KAKDBB_13920 hormogonium polysaccharide biosynthesis protein HpsL,Unmatched,0,0,0
KAKDBB_13925 hormogonium polysaccharide biosynthesis glycosyltransferase HpsN,Unmatched,0,0,0
KAKDBB_13930 hormogonium polysaccharide biosynthesis glycosyltransferase HpsO,Unmatched,0,0,0
KAKDBB_13935 hypothetical protein,Unmatched,0,0,0
KAKDBB_13940 dihem cytochrome c family protein,Unmatched,0,0,0
KAKDBB_13945 DUF4115 domain-containing protein,Unmatched,0,0,0
KAKDBB_13950 molybdenum cofactor biosynthesis protein,Unmatched,0,0,0
KAKDBB_13955 hypothetical protein,Unmatched,0,0,0
KAKDBB_13960 Urease accessory protein UreF,Unmatched,0,0,0
KAKDBB_13965 glycosyltransferase,Unmatched,0,0,0
KAKDBB_13970 hormogonium polysaccharide biosynthesis acetyltransferase HpsU,Unmatched,0,0,0
KAKDBB_13975 hypothetical protein,Unmatched,0,0,0
KAKDBB_13980 NUDIX hydrolase,Unmatched,0,0,0
KAKDBB_13985 CRISPR-associated endonuclease Cas2,Unmatched,0,0,0
KAKDBB_13990 CRISPR-associated endonuclease Cas1,Unmatched,0,0,0
KAKDBB_13995 type I-MYXAN CRISPR-associated protein Cas5/Cmx5/DevS,Unmatched,0,0,0
KAKDBB_14000 type I-B CRISPR-associated protein Cas7/Cst2/DevR,Unmatched,0,0,0
KAKDBB_14005 type I-MYXAN CRISPR-associated protein Cmx8,Unmatched,0,0,0
KAKDBB_14010 CRISPR-associated helicase/endonuclease Cas3,Unmatched,0,0,0
KAKDBB_14015 type I-MYXAN CRISPR-associated protein Cas6/Cmx6,Unmatched,0,0,0
KAKDBB_14020 hypothetical protein,Unmatched,0,0,0
KAKDBB_14025 DNA-binding protein,Unmatched,0,0,0
KAKDBB_14030 9-O-acetyl-N-acetylneuraminate esterase,Unmatched,0,0,0
KAKDBB_14035 Putative restriction endonuclease,Unmatched,0,0,0
KAKDBB_14040 IS5 family transposase,Unmatched,0,0,0
KAKDBB_14045 hypothetical protein,Unmatched,0,0,0
"KAKDBB_14050 addiction module toxin, HicA family",Unmatched,0,0,0
KAKDBB_14055 HicB family protein,Unmatched,0,0,0
KAKDBB_14060 hypothetical protein,Unmatched,0,0,0
KAKDBB_14065 addiction module toxin RelE,Unmatched,0,0,0
KAKDBB_14070 Site-specific DNA-methyltransferase (adenine-specific),Unmatched,0,0,0
KAKDBB_14075 IS200/IS605 family transposase,Unmatched,0,0,0
KAKDBB_14080 transposase,Unmatched,0,0,0
KAKDBB_14085 complex I intermediate-associated 30 family protein,Unmatched,0,0,0
KAKDBB_14090 molecular chaperone DnaJ,Unmatched,0,0,0
KAKDBB_14095 haloacid dehalogenase,Unmatched,0,0,0
KAKDBB_14100 hypothetical protein,Unmatched,0,0,0
KAKDBB_14105 solanesyl diphosphate synthase,Unmatched,0,0,0
KAKDBB_14110 hypothetical protein,Unmatched,0,0,0
KAKDBB_14115 citramalate synthase,Unmatched,0,0,0
KAKDBB_14120 hypothetical protein,Unmatched,0,0,0
KAKDBB_14125 transposase,Unmatched,0,0,0
KAKDBB_14130 Beta-barrel assembly-enhancing protease,Unmatched,0,0,0
KAKDBB_14135 5-(carboxyamino)imidazole ribonucleotide mutase,Unmatched,0,0,0
KAKDBB_14140 Uma2 family endonuclease,Unmatched,0,0,0
KAKDBB_14145 hypothetical protein,Unmatched,0,0,0
KAKDBB_14150 FG-GAP repeat/calx-beta domain protein (Modular protein),Unmatched,0,0,0
KAKDBB_14155 TIGR03032 family protein,Unmatched,0,0,0
KAKDBB_14160 glutaminase A,Unmatched,0,0,0
KAKDBB_14165 molybdopterin molybdenumtransferase,Unmatched,0,0,0
KAKDBB_14170 Lactamase-B domain-containing protein,Unmatched,0,0,0
KAKDBB_14175 restriction endonuclease,Unmatched,0,0,0
KAKDBB_14180 SAM-dependent methyltransferase,Unmatched,0,0,0
KAKDBB_14185 Helicase,Unmatched,0,0,0
KAKDBB_14190 cysteine synthase A,Unmatched,0,0,0
KAKDBB_14195 hypothetical protein,Unmatched,0,0,0
KAKDBB_14200 Similarity,Unmatched,0,0,0
KAKDBB_14205 hypothetical protein,Unmatched,0,0,0
KAKDBB_14210 N-acetylmuramoyl-L-alanine amidase,Unmatched,0,0,0
KAKDBB_14215 Patatin-like phospholipase family protein,Unmatched,0,0,0
KAKDBB_14220 DUF4127 domain-containing protein,Unmatched,0,0,0
KAKDBB_14225 hypothetical protein,Unmatched,0,0,0
KAKDBB_14230 hypothetical protein,Unmatched,0,0,0
KAKDBB_14235 PEP-CTERM sorting domain-containing protein,Unmatched,0,0,0
KAKDBB_14240 hypothetical protein,Unmatched,0,0,0
KAKDBB_14245 glucose-1-phosphate cytidylyltransferase,Unmatched,0,0,0
"KAKDBB_14250 CDP-glucose 4,6-dehydratase",Unmatched,0,0,0
KAKDBB_14255 lipopolysaccharide biosynthesis protein RfbH,Unmatched,0,0,0
KAKDBB_14260 NAD(P)-dependent oxidoreductase,Unmatched,0,0,0
KAKDBB_14265 glycosyltransferase,Unmatched,0,0,0
KAKDBB_14270 DUF2029 domain-containing protein,Unmatched,0,0,0
"KAKDBB_14275 Endonuclease, Uma2 family (restriction endonuclease fold)",Unmatched,0,0,0
KAKDBB_14280 hypothetical protein,Unmatched,0,0,0
KAKDBB_14285 epimerase,Unmatched,0,0,0
KAKDBB_14290 hypothetical protein,Unmatched,0,0,0
KAKDBB_14295 GtrA domain-containing protein,Unmatched,0,0,0
KAKDBB_14300 glycosyltransferase family 2 protein,Unmatched,0,0,0
KAKDBB_14305 hypothetical protein,Unmatched,0,0,0
KAKDBB_14310 hypothetical protein,Unmatched,0,0,0
KAKDBB_14315 Ig-like domain-containing protein,Unmatched,0,0,0
KAKDBB_14320 hypothetical protein,Unmatched,0,0,0
KAKDBB_14325 Fibronectin type-III domain-containing protein,Unmatched,0,0,0
KAKDBB_14330 hypothetical protein,Unmatched,0,0,0
KAKDBB_14345 IS1634 family transposase,Unmatched,0,0,0
KAKDBB_14350 Transposase,Unmatched,0,0,0
KAKDBB_14355 Mobile element protein,Unmatched,0,0,0
KAKDBB_14360 PEP-CTERM sorting domain-containing protein,Unmatched,0,0,0
KAKDBB_14365 hypothetical protein,Unmatched,0,0,0
KAKDBB_14370 hypothetical protein,Unmatched,0,0,0
KAKDBB_14375 TIGR04222 domain-containing membrane protein,Unmatched,0,0,0
KAKDBB_14390 glycosyl transferase,Unmatched,0,0,0
KAKDBB_14395 tRNA preQ1(34) S-adenosylmethionine ribosyltransferase-isomerase QueA,Unmatched,0,0,0
KAKDBB_14400 hypothetical protein,Unmatched,0,0,0
KAKDBB_14405 cytochrome D ubiquinol oxidase subunit II,Unmatched,0,0,0
KAKDBB_14410 Tetratricopeptide domain protein,Unmatched,0,0,0
KAKDBB_14415 endonuclease/exonuclease/phosphatase,Unmatched,0,0,0
KAKDBB_14420 NYN domain-containing protein,Unmatched,0,0,0
KAKDBB_14425 sulfurtransferase,Unmatched,0,0,0
KAKDBB_14430 ATP-binding protein,Unmatched,0,0,0
KAKDBB_14435 regulator,Unmatched,0,0,0
KAKDBB_14440 anti-sigma factor antagonist,Unmatched,0,0,0
KAKDBB_14445 NAD(P)/FAD-dependent oxidoreductase,Unmatched,0,0,0
KAKDBB_14450 growth inhibitor PemK,Unmatched,0,0,0
KAKDBB_14455 hypothetical protein,Unmatched,0,0,0
KAKDBB_14460 PEP-CTERM sorting domain-containing protein,Unmatched,0,0,0
KAKDBB_14465 hypothetical protein,Unmatched,0,0,0
KAKDBB_14470 aspartate 1-decarboxylase,Unmatched,0,0,0
KAKDBB_14475 DUF3598 domain-containing protein,Unmatched,0,0,0
KAKDBB_14480 Putative restriction endonuclease,Unmatched,0,0,0
KAKDBB_14485 DUF2281 domain-containing protein,Unmatched,0,0,0
KAKDBB_14490 citrate lyase beta subunit,Unmatched,0,0,0
KAKDBB_14495 Transposase,Unmatched,0,0,0
KAKDBB_14500 ABC 3 transport family,Unmatched,0,0,0
KAKDBB_14505 cofactor assembly of complex C subunit B,Unmatched,0,0,0
"KAKDBB_14510 1,4-dihydroxy-2-naphthoyl-CoA hydrolase",Unmatched,0,0,0
KAKDBB_14515 DUF1361 domain-containing protein,Unmatched,0,0,0
KAKDBB_14520 Transposase,Unmatched,0,0,0
KAKDBB_14525 XisI protein,Unmatched,0,0,0
KAKDBB_14530 fatty-acid oxidation protein subunit alpha,Unmatched,0,0,0
KAKDBB_14535 2-phosphosulfolactate phosphatase family protein,Unmatched,0,0,0
KAKDBB_14540 bifunctional folylpolyglutamate synthase/dihydrofolate synthase,Unmatched,0,0,0
KAKDBB_14545 DUF3352 domain-containing protein,Unmatched,0,0,0
KAKDBB_14550 PEP-CTERM sorting domain-containing protein,Unmatched,0,0,0
KAKDBB_14555 quinone-dependent dihydroorotate dehydrogenase,Unmatched,0,0,0
KAKDBB_14560 molecular chaperone DnaJ,Unmatched,0,0,0
KAKDBB_14565 molecular chaperone DnaK,Unmatched,0,0,0
"KAKDBB_14570 Pseudouridine synthase RluA, 23S rRNA- or tRNA-specific",Unmatched,0,0,0
KAKDBB_14575 phosphoenolpyruvate carboxykinase (ATP),Unmatched,0,0,0
KAKDBB_14580 aminoacetone oxidase family FAD-binding enzyme,Unmatched,0,0,0
KAKDBB_14585 urea ABC transporter ATP-binding subunit UrtE,Unmatched,0,0,0
KAKDBB_14590 Ribose import ATP-binding protein RbsA,Unmatched,0,0,0
KAKDBB_14595 urea ABC transporter permease subunit UrtC,Unmatched,0,0,0
KAKDBB_14600 urea ABC transporter permease subunit UrtB,Unmatched,0,0,0
KAKDBB_14605 urea ABC transporter substrate-binding protein,Unmatched,0,0,0
KAKDBB_14610 Uncharacterized protein family UPF0016,Unmatched,0,0,0
KAKDBB_14615 Uncharacterized protein family UPF0016,Unmatched,0,0,0
KAKDBB_14620 VWFA domain-containing protein,Unmatched,0,0,0
KAKDBB_14625 glycogen synthase GlgA,Unmatched,0,0,0
KAKDBB_14630 NAD(P)H-quinone oxidoreductase subunit M,Unmatched,0,0,0
KAKDBB_14635 30S ribosomal protein S15,Unmatched,0,0,0
KAKDBB_14640 hypothetical protein,Unmatched,0,0,0
KAKDBB_14645 bifunctional 3-deoxy-7-phosphoheptulonate synthase/chorismate mutase,Unmatched,0,0,0
KAKDBB_14650 Uma2 family endonuclease,Unmatched,0,0,0
KAKDBB_14655 Uma2 family endonuclease,Unmatched,0,0,0
KAKDBB_14660 hypothetical protein,Unmatched,0,0,0
KAKDBB_14665 Cof-type HAD-IIB family hydrolase,Unmatched,0,0,0
KAKDBB_14670 carboxymethylenebutenolidase,Unmatched,0,0,0
KAKDBB_14675 30S ribosomal protein S1,Unmatched,0,0,0
KAKDBB_14680 hypothetical protein,Unmatched,0,0,0
KAKDBB_14685 SAM-dependent methyltransferase,Unmatched,0,0,0
KAKDBB_14690 hydroxyacid dehydrogenase,Unmatched,0,0,0
KAKDBB_14695 DUF760 domain-containing protein,Unmatched,0,0,0
KAKDBB_14700 SMC-Scp complex subunit ScpB,Unmatched,0,0,0
KAKDBB_14705 inositol monophosphatase,Unmatched,0,0,0
KAKDBB_14710 ABC transporter,Unmatched,0,0,0
KAKDBB_14715 hypothetical protein,Unmatched,0,0,0
KAKDBB_14720 hypothetical protein,Unmatched,0,0,0
KAKDBB_14725 photosynthetic/respiratory NAD(P)H-quinone oxidoreductase subunit D1,Unmatched,0,0,0
KAKDBB_14730 phycocyanobilin:ferredoxin oxidoreductase,Unmatched,0,0,0
KAKDBB_14740 type II toxin-antitoxin system prevent-host-death family antitoxin,Unmatched,0,0,0
KAKDBB_14745 hypothetical protein,Unmatched,0,0,0
KAKDBB_14750 hypothetical protein,Unmatched,0,0,0
KAKDBB_14755 hypothetical protein,Unmatched,0,0,0
KAKDBB_14760 hypothetical protein,Unmatched,0,0,0
KAKDBB_14765 SRPBCC family protein,Unmatched,0,0,0
KAKDBB_14770 hypothetical protein,Unmatched,0,0,0
KAKDBB_14775 DUF1499 domain-containing protein,Unmatched,0,0,0
KAKDBB_14780 NTP-transf-9 domain-containing protein,Unmatched,0,0,0
KAKDBB_14785 4-hydroxybenzoate octaprenyltransferase,Unmatched,0,0,0
KAKDBB_14790 hypothetical protein,Unmatched,0,0,0
KAKDBB_14795 hypothetical protein,Unmatched,0,0,0
KAKDBB_14800 DNA helicase UvrD,Unmatched,0,0,0
KAKDBB_14805 tRNA lysidine(34) synthetase TilS,Unmatched,0,0,0
KAKDBB_14810 oxygen-dependent coproporphyrinogen oxidase,Unmatched,0,0,0
KAKDBB_14815 Ion transporter,Unmatched,0,0,0
KAKDBB_14820 NAD(+) kinase,Unmatched,0,0,0
KAKDBB_14825 3-beta hydroxysteroid dehydrogenase,Unmatched,0,0,0
KAKDBB_14830 LD-carboxypeptidase,Unmatched,0,0,0
KAKDBB_14835 hypothetical protein,Unmatched,0,0,0
KAKDBB_14840 hypothetical protein,Unmatched,0,0,0
KAKDBB_14845 hypothetical protein,Unmatched,0,0,0
KAKDBB_14850 Membrane protein,Unmatched,0,0,0
KAKDBB_14855 cupin domain-containing protein,Unmatched,0,0,0
KAKDBB_14860 dihydropteroate synthase,Unmatched,0,0,0
KAKDBB_14865 hypothetical protein,Unmatched,0,0,0
KAKDBB_14870 hypothetical protein,Unmatched,0,0,0
KAKDBB_14875 pantetheine-phosphate adenylyltransferase,Unmatched,0,0,0
KAKDBB_14880 NTP-transf-9 domain-containing protein,Unmatched,0,0,0
KAKDBB_14885 thioredoxin,Unmatched,0,0,0
KAKDBB_14890 type I methionyl aminopeptidase,Unmatched,0,0,0
KAKDBB_14895 universal stress protein,Unmatched,0,0,0
KAKDBB_14900 DUF2811 domain-containing protein,Unmatched,0,0,0
KAKDBB_14905 aminoacyl-tRNA hydrolase,Unmatched,0,0,0
"KAKDBB_14910 Glycosyl hydrolase, BNR repeat-containing protein",Unmatched,0,0,0
KAKDBB_14915 class II fumarate hydratase,Unmatched,0,0,0
KAKDBB_14920 YGGT family,Unmatched,0,0,0
KAKDBB_14935 hypothetical protein,Unmatched,0,0,0
KAKDBB_14940 low-complexity protein,Unmatched,0,0,0
KAKDBB_14945 metal-binding protein,Unmatched,0,0,0
KAKDBB_14950 ATP-dependent Clp protease adapter ClpS,Unmatched,0,0,0
KAKDBB_14955 glycosyl transferase,Unmatched,0,0,0
KAKDBB_14960 4-phosphopantetheinyl transferase,Unmatched,0,0,0
KAKDBB_14965 Beta-lactamase2 domain-containing protein,Unmatched,0,0,0
KAKDBB_14970 chromosome partitioning protein ParA,Unmatched,0,0,0
KAKDBB_14975 ParB/RepB/Spo0J family partition protein,Unmatched,0,0,0
KAKDBB_14980 cation:proton antiporter,Unmatched,0,0,0
KAKDBB_14985 Proton-antipo-M domain-containing protein,Unmatched,0,0,0
KAKDBB_14990 sodium/glutamate symporter,Unmatched,0,0,0
KAKDBB_14995 protochlorophyllide reductase,Unmatched,0,0,0
KAKDBB_15000 hypothetical protein,Unmatched,0,0,0
KAKDBB_15005 hypothetical protein,Unmatched,0,0,0
KAKDBB_15010 hypothetical protein,Unmatched,0,0,0
KAKDBB_15015 hypothetical protein,Unmatched,0,0,0
KAKDBB_15020 HicB family protein,Unmatched,0,0,0
KAKDBB_15025 hypothetical protein,Unmatched,0,0,0
KAKDBB_15030 hypothetical protein,Unmatched,0,0,0
KAKDBB_15035 transcriptional regulator,Unmatched,0,0,0
KAKDBB_15040 Putative transcription regulator containing HTH domain,Unmatched,0,0,0
KAKDBB_15045 beta-carotene hydroxylase,Unmatched,0,0,0
KAKDBB_15050 hypothetical protein,Unmatched,0,0,0
KAKDBB_15055 hypothetical protein,Unmatched,0,0,0
KAKDBB_15060 exodeoxyribonuclease III,Unmatched,0,0,0
KAKDBB_15065 Chromophore lyase CpcT/CpeT 1,Unmatched,0,0,0
KAKDBB_15070 50S ribosomal protein L9,Unmatched,0,0,0
KAKDBB_15075 hypothetical protein,Unmatched,0,0,0
KAKDBB_15080 PEP-CTERM sorting domain-containing protein,Unmatched,0,0,0
KAKDBB_15085 Type II toxin-antitoxin system HicA family toxin,Unmatched,0,0,0
KAKDBB_15090 Putative outer membrane protein pmp6,Unmatched,0,0,0
KAKDBB_15095 hypothetical protein,Unmatched,0,0,0
KAKDBB_15100 hypothetical protein,Unmatched,0,0,0
KAKDBB_15105 YGGT family,Unmatched,0,0,0
KAKDBB_15110 hypothetical protein,Unmatched,0,0,0
KAKDBB_15115 hypothetical protein,Unmatched,0,0,0
KAKDBB_15120 glutaredoxin 3,Unmatched,0,0,0
KAKDBB_15125 glutathione synthase,Unmatched,0,0,0
KAKDBB_15130 Ycf49-like protein,Unmatched,0,0,0
KAKDBB_15135 DUF3593 domain-containing protein,Unmatched,0,0,0
KAKDBB_15140 glycosyltransferase,Unmatched,0,0,0
KAKDBB_15145 DUF1092 domain-containing protein,Unmatched,0,0,0
"KAKDBB_15150 Apocarotenoid-15,15'-oxygenase",Unmatched,0,0,0
KAKDBB_15155 glutamine synthetase type III,Unmatched,0,0,0
KAKDBB_15160 hypothetical protein,Unmatched,0,0,0
KAKDBB_15165 PEP-CTERM domain-containing protein,Unmatched,0,0,0
KAKDBB_15170 hypothetical protein,Unmatched,0,0,0
KAKDBB_15175 hypothetical protein,Unmatched,0,0,0
KAKDBB_15180 HicB-like domain-containing protein,Unmatched,0,0,0
"KAKDBB_15185 HicA toxin of bacterial toxin-antitoxin,",Unmatched,0,0,0
KAKDBB_15190 folate/biopterin family MFS transporter,Unmatched,0,0,0
KAKDBB_15195 class I SAM-dependent methyltransferase,Unmatched,0,0,0
KAKDBB_15200 Endo/exonuclease/phosphatase domain-containing protein,Unmatched,0,0,0
KAKDBB_15205 LysR family transcriptional regulator,Unmatched,0,0,0
"KAKDBB_15210 Glycosyl transferase family, a/b domain-containing protein",Unmatched,0,0,0
"KAKDBB_15215 Transposase, IS605 OrfB",Unmatched,0,0,0
KAKDBB_15220 peptidase,Unmatched,0,0,0
KAKDBB_15225 hypothetical protein,Unmatched,0,0,0
KAKDBB_15230 Mg-chelatase subunit ChlD,Unmatched,0,0,0
KAKDBB_15235 Transposase,Unmatched,0,0,0
KAKDBB_15240 Transposase,Unmatched,0,0,0
KAKDBB_15245 hypothetical protein,Unmatched,0,0,0
KAKDBB_15250 hypothetical protein,Unmatched,0,0,0
"KAKDBB_15255 2,5-didehydrogluconate reductase",Unmatched,0,0,0
KAKDBB_15260 recombinase RecA,Unmatched,0,0,0
KAKDBB_15265 hypothetical protein,Unmatched,0,0,0
KAKDBB_15270 bile acid:sodium symporter,Unmatched,0,0,0
KAKDBB_15275 hypothetical protein,Unmatched,0,0,0
KAKDBB_15280 CRR6 family NdhI maturation factor,Unmatched,0,0,0
KAKDBB_15285 4-hydroxy-3-methylbut-2-enyl diphosphate reductase,Unmatched,0,0,0
KAKDBB_15290 hypothetical protein,Unmatched,0,0,0
KAKDBB_15295 hypothetical protein,Unmatched,0,0,0
KAKDBB_15300 ferredoxin:protochlorophyllide reductase (ATP-dependent) iron-sulfur ATP-binding protein,Unmatched,0,0,0
KAKDBB_15305 DUF5331 domain-containing protein,Unmatched,0,0,0
KAKDBB_15310 ferredoxin:protochlorophyllide reductase (ATP-dependent) subunit N,Unmatched,0,0,0
KAKDBB_15315 uridine phosphorylase,Unmatched,0,0,0
KAKDBB_15320 DUF1350 domain-containing protein,Unmatched,0,0,0
KAKDBB_15325 hypothetical protein,Unmatched,0,0,0
KAKDBB_15330 Similar to tr|Q8YT38|Q8YT38,Unmatched,0,0,0
KAKDBB_15335 Argininosuccinate lyase,Unmatched,0,0,0
"KAKDBB_15340 HicA toxin of bacterial toxin-antitoxin,",Unmatched,0,0,0
KAKDBB_15345 HicB-like domain-containing protein,Unmatched,0,0,0
KAKDBB_15350 DNA-binding protein,Unmatched,0,0,0
KAKDBB_15355 hemolysin XhlA family protein,Unmatched,0,0,0
KAKDBB_15360 glycogen phosphorylase,Unmatched,0,0,0
KAKDBB_15365 RNA-binding protein,Unmatched,0,0,0
KAKDBB_15370 DUF3493 domain-containing protein,Unmatched,0,0,0
KAKDBB_15375 tRNA-Thr(cgt),Unmatched,0,0,0
KAKDBB_15380 hypothetical protein,Unmatched,0,0,0
KAKDBB_15385 hypothetical protein,Unmatched,0,0,0
KAKDBB_15390 lipid-A-disaccharide synthase,Unmatched,0,0,0
KAKDBB_15395 acyl-ACP--UDP-N-acetylglucosamine O-acyltransferase,Unmatched,0,0,0
KAKDBB_15400 Hrp-dependent type III effector protein,Unmatched,0,0,0
KAKDBB_15405 DUF4062 domain-containing protein,Unmatched,0,0,0
KAKDBB_15410 HigA family addiction module antitoxin,Unmatched,0,0,0
KAKDBB_15415 plasmid maintenance system killer family protein,Unmatched,0,0,0
KAKDBB_15420 polysaccharide biosynthesis protein,Unmatched,0,0,0
KAKDBB_15425 carotene isomerase,Unmatched,0,0,0
KAKDBB_15430 Uncharacterized protein sll0095,Unmatched,0,0,0
KAKDBB_15435 DsrE family protein,Unmatched,0,0,0
KAKDBB_15440 hypothetical protein,Unmatched,0,0,0
KAKDBB_15445 hypothetical protein,Unmatched,0,0,0
KAKDBB_15450 transporter,Unmatched,0,0,0
KAKDBB_15455 Type II toxin-antitoxin system RelE/ParE family toxin,Unmatched,0,0,0
KAKDBB_15460 transcriptional regulator,Unmatched,0,0,0
KAKDBB_15465 adenylosuccinate lyase family protein,Unmatched,0,0,0
KAKDBB_15470 3-phosphoserine/phosphohydroxythreonine transaminase,Unmatched,0,0,0
KAKDBB_15475 Glutamate-cysteine ligase family 2(GCS2),Unmatched,0,0,0
KAKDBB_15480 methyltransferase,Unmatched,0,0,0
KAKDBB_15485 transposase,Unmatched,0,0,0
KAKDBB_15490 hypothetical protein,Unmatched,0,0,0
KAKDBB_15500 PINc domain-containing protein,Unmatched,0,0,0
"KAKDBB_15505 HicA toxin of bacterial toxin-antitoxin,",Unmatched,0,0,0
KAKDBB_15510 hypothetical protein,Unmatched,0,0,0
KAKDBB_15515 hypothetical protein,Unmatched,0,0,0
KAKDBB_15520 aromatic acid decarboxylase,Unmatched,0,0,0
KAKDBB_15525 HEAT domain-containing protein,Unmatched,0,0,0
KAKDBB_15530 tRNA-Phe(gaa),Unmatched,0,0,0
KAKDBB_15535 ATPase,Unmatched,0,0,0
KAKDBB_15540 30S ribosomal protein S18,Unmatched,0,0,0
KAKDBB_15545 50S ribosomal protein L33,Unmatched,0,0,0
KAKDBB_15550 hypothetical protein,Unmatched,0,0,0
KAKDBB_15555 DUF2358 domain-containing protein,Unmatched,0,0,0
KAKDBB_15560 tRNA (N6-isopentenyl adenosine(37)-C2)-methylthiotransferase MiaB,Unmatched,0,0,0
KAKDBB_15565 Nif11-like leader peptide family natural product precursor,Unmatched,0,0,0
KAKDBB_15570 carbon dioxide-concentrating protein CcmK,Unmatched,0,0,0
KAKDBB_15575 Carboxysome shell protein CcmK,Unmatched,0,0,0
KAKDBB_15580 carbon dioxide concentrating mechanism protein CcmL,Unmatched,0,0,0
KAKDBB_15585 carbon dioxide concentrating mechanism protein CcmM,Unmatched,0,0,0
KAKDBB_15590 carbon dioxide concentrating mechanism protein,Unmatched,0,0,0
KAKDBB_15595 Ribulose bisphosphate carboxylase large chain,Unmatched,0,0,0
KAKDBB_15600 RbcX chaperonin protein,Unmatched,0,0,0
KAKDBB_15605 ribulose bisphosphate carboxylase small subunit,Unmatched,0,0,0
KAKDBB_15610 DUF262 domain-containing protein,Unmatched,0,0,0
KAKDBB_15615 HEPN-MAE-28990 domain-containing protein,Unmatched,0,0,0
KAKDBB_15620 DUF262 domain-containing protein,Unmatched,0,0,0
"KAKDBB_15625 O-linked N-acetylglucosamine transferase, SPINDLY family protein",Unmatched,0,0,0
"KAKDBB_15630 putative O-linked N-acetylglucosamine transferase, SPINDLY family",Unmatched,0,0,0
"KAKDBB_15635 O-linked N-acetylglucosamine transferase, SPINDLY family protein",Unmatched,0,0,0
KAKDBB_15640 Cytochrome cM,Unmatched,0,0,0
KAKDBB_15645 mechanosensitive ion channel protein MscS,Unmatched,0,0,0
KAKDBB_15650 spore germination protein,Unmatched,0,0,0
KAKDBB_15655 epimerase,Unmatched,0,0,0
KAKDBB_15660 uroporphyrinogen decarboxylase,Unmatched,0,0,0
KAKDBB_15665 cadmium-translocating P-type ATPase,Unmatched,0,0,0
KAKDBB_15670 Similar to Q3M894_ANAVT S-layer region-like,Unmatched,0,0,0
KAKDBB_15675 NAD(P)/FAD-dependent oxidoreductase,Unmatched,0,0,0
KAKDBB_15680 glycosyl transferase family 2,Unmatched,0,0,0
KAKDBB_15685 hypothetical protein,Unmatched,0,0,0
KAKDBB_15690 VapC toxin family PIN domain ribonuclease,Unmatched,0,0,0
KAKDBB_15695 AbrB/MazE/SpoVT family DNA-binding domain-containing protein,Unmatched,0,0,0
KAKDBB_15700 hypothetical protein,Unmatched,0,0,0
KAKDBB_15705 hypothetical protein,Unmatched,0,0,0
KAKDBB_15710 hypothetical protein,Unmatched,0,0,0
KAKDBB_15715 cytochrome c biogenesis factor,Unmatched,0,0,0
KAKDBB_15720 efflux transporter periplasmic adaptor subunit,Unmatched,0,0,0
KAKDBB_15725 hypothetical protein,Unmatched,0,0,0
KAKDBB_15730 ABC transporter permease,Unmatched,0,0,0
KAKDBB_15735 NUDIX hydrolase,Unmatched,0,0,0
KAKDBB_15740 NAD(P)H-dependent glycerol-3-phosphate dehydrogenase,Unmatched,0,0,0
KAKDBB_15745 DUF1049 domain-containing protein,Unmatched,0,0,0
KAKDBB_15750 Transposase,Unmatched,0,0,0
KAKDBB_15755 hypothetical protein,Unmatched,0,0,0
KAKDBB_15760 CRISPR-associated endoribonuclease Cas6,Unmatched,0,0,0
KAKDBB_15765 tRNA-Leu(gag),Unmatched,0,0,0
KAKDBB_15770 PNP-UDP-1 domain-containing protein,Unmatched,0,0,0
KAKDBB_15775 ABC transporter ATP-binding protein,Unmatched,0,0,0
KAKDBB_15780 30S ribosomal protein S6--L-glutamate ligase,Unmatched,0,0,0
KAKDBB_15785 hypothetical protein,Unmatched,0,0,0
KAKDBB_15790 hypothetical protein,Unmatched,0,0,0
KAKDBB_15795 hypothetical protein,Unmatched,0,0,0
KAKDBB_15800 TPR repeat,Unmatched,0,0,0
KAKDBB_15805 hypothetical protein,Unmatched,0,0,0
KAKDBB_15810 hypothetical protein,Unmatched,0,0,0
KAKDBB_15815 Antitoxin,Unmatched,0,0,0
"KAKDBB_15820 type II toxin-antitoxin system mRNA interferase toxin, RelE/StbE family",Unmatched,0,0,0
KAKDBB_15825 hypothetical protein,Unmatched,0,0,0
KAKDBB_15830 XisI protein,Unmatched,0,0,0
KAKDBB_15835 Hypothetical chloroplast protein Ycf34,Unmatched,0,0,0
KAKDBB_15840 [cytidine(C)-cytidine(C)-adenosine (A)]-adding enzyme,Unmatched,0,0,0
KAKDBB_15845 hydrolase,Unmatched,0,0,0
KAKDBB_15850 2-hydroxy-3-keto-5-methylthiopentenyl-1-phosphate phosphatase,Unmatched,0,0,0
KAKDBB_15855 PEP-CTERM sorting domain-containing protein,Unmatched,0,0,0
KAKDBB_15860 hypothetical protein,Unmatched,0,0,0
KAKDBB_15865 hypothetical protein,Unmatched,0,0,0
KAKDBB_15870 DNA-binding protein,Unmatched,0,0,0
KAKDBB_15875 hypothetical protein,Unmatched,0,0,0
KAKDBB_15880 DUF4258 domain-containing protein,Unmatched,0,0,0
KAKDBB_15885 hypothetical protein,Unmatched,0,0,0
KAKDBB_15890 hypothetical protein,Unmatched,0,0,0
KAKDBB_15895 hypothetical protein,Unmatched,0,0,0
KAKDBB_15900 nuclease,Unmatched,0,0,0
KAKDBB_15905 hypothetical protein,Unmatched,0,0,0
KAKDBB_15910 hypothetical protein,Unmatched,0,0,0
KAKDBB_15915 hypothetical protein,Unmatched,0,0,0
KAKDBB_15920 ISNCY family transposase,Unmatched,0,0,0
KAKDBB_15925 hypothetical protein,Unmatched,0,0,0
KAKDBB_15930 hypothetical protein,Unmatched,0,0,0
KAKDBB_15935 hypothetical protein,Unmatched,0,0,0
KAKDBB_15940 hypothetical protein,Unmatched,0,0,0
KAKDBB_15945 hypothetical protein,Unmatched,0,0,0
KAKDBB_15950 Catabolite gene activator protein,Unmatched,0,0,0
KAKDBB_15955 divalent-cation tolerance protein CutA,Unmatched,0,0,0
KAKDBB_15960 photosystem I reaction center subunit X,Unmatched,0,0,0
KAKDBB_15965 ATPase-AAA-core domain-containing protein,Unmatched,0,0,0
KAKDBB_15970 hypothetical protein,Unmatched,0,0,0
KAKDBB_15975 hypothetical protein,Unmatched,0,0,0
KAKDBB_15980 bifunctional acetaldehyde-CoA/alcohol dehydrogenase,Unmatched,0,0,0
KAKDBB_15985 DUF4914 domain-containing protein,Unmatched,0,0,0
KAKDBB_15990 hydroxyacylglutathione hydrolase,Unmatched,0,0,0
KAKDBB_15995 hypothetical protein,Unmatched,0,0,0
KAKDBB_16000 phosphoglucosamine mutase,Unmatched,0,0,0
KAKDBB_16005 glycolate oxidase,Unmatched,0,0,0
KAKDBB_16010 FAD-binding oxidoreductase,Unmatched,0,0,0
KAKDBB_16015 aspartate aminotransferase,Unmatched,0,0,0
KAKDBB_16020 DNA repair protein RadC,Unmatched,0,0,0
KAKDBB_16025 Phosphoribosylformylglycinamidine cyclo-ligase,Unmatched,0,0,0
KAKDBB_16030 ABM domain-containing protein,Unmatched,0,0,0
KAKDBB_16035 nitrogen fixation protein,Unmatched,0,0,0
KAKDBB_16040 hypothetical protein,Unmatched,0,0,0
KAKDBB_16045 hypothetical protein,Unmatched,0,0,0
KAKDBB_16050 hypothetical protein,Unmatched,0,0,0
KAKDBB_16055 hypothetical protein,Unmatched,0,0,0
KAKDBB_16060 hypothetical protein,Unmatched,0,0,0
KAKDBB_16065 hypothetical protein,Unmatched,0,0,0
KAKDBB_16070 hypothetical protein,Unmatched,0,0,0
KAKDBB_16075 hypothetical protein,Unmatched,0,0,0
KAKDBB_16080 hypothetical protein,Unmatched,0,0,0
KAKDBB_16085 hypothetical protein,Unmatched,0,0,0
KAKDBB_16090 low-complexity protein,Unmatched,0,0,0
KAKDBB_16095 MFS transporter,Unmatched,0,0,0
KAKDBB_16100 DUF4351 domain-containing protein,Unmatched,0,0,0
KAKDBB_16105 hypothetical protein,Unmatched,0,0,0
KAKDBB_16110 hypothetical protein,Unmatched,0,0,0
KAKDBB_16115 hypothetical protein,Unmatched,0,0,0
KAKDBB_16120 glutamine--fructose-6-phosphate transaminase (isomerizing),Unmatched,0,0,0
KAKDBB_16125 DUF3067 domain-containing protein,Unmatched,0,0,0
KAKDBB_16130 PEP-CTERM sorting domain-containing protein,Unmatched,0,0,0
KAKDBB_16135 Recombination-promoting DNA endonuclease RpnC/YadD,Unmatched,0,0,0
KAKDBB_16140 hypothetical protein,Unmatched,0,0,0
KAKDBB_16145 LL-diaminopimelate aminotransferase,Unmatched,0,0,0
KAKDBB_16150 thiol reductase thioredoxin,Unmatched,0,0,0
KAKDBB_16155 peptide ABC transporter permease,Unmatched,0,0,0
KAKDBB_16160 hypothetical protein,Unmatched,0,0,0
KAKDBB_16165 Ribonuclease VapC22,Unmatched,0,0,0
KAKDBB_16170 UPF0284 protein MAE_56900,Unmatched,0,0,0
KAKDBB_16175 alcohol dehydrogenase,Unmatched,0,0,0
KAKDBB_16180 acetyl-CoA carboxylase biotin carboxyl carrier protein,Unmatched,0,0,0
KAKDBB_16185 elongation factor P,Unmatched,0,0,0
KAKDBB_16190 DNA methyltransferase,Unmatched,0,0,0
KAKDBB_16195 nucleotidyltransferase,Unmatched,0,0,0
KAKDBB_16200 HEPN domain-containing protein,Unmatched,0,0,0
KAKDBB_16205 nucleotidyltransferase,Unmatched,0,0,0
KAKDBB_16210 Restriction endonuclease subunit S,Unmatched,0,0,0
KAKDBB_16215 heavy metal transporter,Unmatched,0,0,0
KAKDBB_16220 precorrin-3B C(17)-methyltransferase,Unmatched,0,0,0
KAKDBB_16225 Uma2 family endonuclease,Unmatched,0,0,0
KAKDBB_16230 hypothetical protein,Unmatched,0,0,0
KAKDBB_16235 DUF29 domain-containing protein,Unmatched,0,0,0
KAKDBB_16240 helix-turn-helix domain containing protein,Unmatched,0,0,0
KAKDBB_16245 hemolysin,Unmatched,0,0,0
KAKDBB_16250 hypothetical protein,Unmatched,0,0,0
KAKDBB_16255 DUF5615 domain-containing protein,Unmatched,0,0,0
KAKDBB_16260 hypothetical protein,Unmatched,0,0,0
KAKDBB_16265 Type II toxin-antitoxin system HicB family antitoxin,Unmatched,0,0,0
KAKDBB_16270 septal ring lytic transglycosylase RlpA family lipoprotein,Unmatched,0,0,0
KAKDBB_16275 ABC transporter ATP-binding protein,Unmatched,0,0,0
KAKDBB_16280 NAD(P)H-quinone oxidoreductase chain 4 2,Unmatched,0,0,0
KAKDBB_16285 Fructose-bisphosphate aldolase,Unmatched,0,0,0
KAKDBB_16290 CpcD phycobilisome linker protein,Unmatched,0,0,0
KAKDBB_16295 two-component sensor histidine kinase,Unmatched,0,0,0
KAKDBB_16300 DNA mismatch repair endonuclease MutL,Unmatched,0,0,0
KAKDBB_16305 DUF4164 domain-containing protein,Unmatched,0,0,0
KAKDBB_16310 CP12 domain-containing protein,Unmatched,0,0,0
KAKDBB_16315 DUF3177 domain-containing protein,Unmatched,0,0,0
KAKDBB_16320 hypothetical protein,Unmatched,0,0,0
KAKDBB_16325 L-histidine N(alpha)-methyltransferase,Unmatched,0,0,0
KAKDBB_16330 5-histidylcysteine sulfoxide synthase,Unmatched,0,0,0
KAKDBB_16335 glyoxalase,Unmatched,0,0,0
KAKDBB_16340 peptidase S8,Unmatched,0,0,0
KAKDBB_16345 hypothetical protein,Unmatched,0,0,0
KAKDBB_16350 Photosynthesis regulatory RNA1,Unmatched,0,0,0
"KAKDBB_16355 CheY-like REC (receiver) domain, includes chemotaxis protein CheY and sporulation regulator Spo0F",Unmatched,0,0,0
KAKDBB_16360 DUF1350 domain-containing protein,Unmatched,0,0,0
KAKDBB_16365 Putative restriction endonuclease,Unmatched,0,0,0
KAKDBB_16370 hypothetical protein,Unmatched,0,0,0
KAKDBB_16375 transposase,Unmatched,0,0,0
KAKDBB_16380 hypothetical protein,Unmatched,0,0,0
KAKDBB_16385 flotillin,Unmatched,0,0,0
KAKDBB_16390 hypothetical protein,Unmatched,0,0,0
KAKDBB_16395 glyoxalase-like domain protein,Unmatched,0,0,0
KAKDBB_16400 hormogonium polysaccharide biosynthesis glycosyltransferase HpsP,Unmatched,0,0,0
KAKDBB_16405 tryptophan synthase subunit beta,Unmatched,0,0,0
KAKDBB_16410 glycoside hydrolase,Unmatched,0,0,0
KAKDBB_16415 hypothetical protein,Unmatched,0,0,0
KAKDBB_16420 hypothetical protein,Unmatched,0,0,0
KAKDBB_16425 BrnT family toxin,Unmatched,0,0,0
KAKDBB_16430 Uncharacterized protein family UPF0150,Unmatched,0,0,0
"KAKDBB_16435 HicA toxin of bacterial toxin-antitoxin,",Unmatched,0,0,0
KAKDBB_16440 adenosine deaminase,Unmatched,0,0,0
KAKDBB_16445 Type II toxin-antitoxin system PemK/MazF family toxin,Unmatched,0,0,0
KAKDBB_16450 hypothetical protein,Unmatched,0,0,0
KAKDBB_16455 Mobile element protein,Unmatched,0,0,0
KAKDBB_16460 hypothetical protein,Unmatched,0,0,0
KAKDBB_16465 hypothetical protein,Unmatched,0,0,0
KAKDBB_16470 L-lactate dehydrogenase,Unmatched,0,0,0
KAKDBB_16475 DUF952 domain-containing protein,Unmatched,0,0,0
KAKDBB_16480 hypothetical protein,Unmatched,0,0,0
KAKDBB_16485 cytosine deaminase,Unmatched,0,0,0
KAKDBB_16490 hypothetical protein,Unmatched,0,0,0
KAKDBB_16495 hypothetical protein,Unmatched,0,0,0
KAKDBB_16500 IS1380 family transposase,Unmatched,0,0,0
KAKDBB_16505 DUF29 domain-containing protein,Unmatched,0,0,0
KAKDBB_16510 DUF29 domain-containing protein,Unmatched,0,0,0
KAKDBB_16515 Lysylphosphatidylglycerol synthase TM region,Unmatched,0,0,0
KAKDBB_16520 IS1634 family transposase,Unmatched,0,0,0
KAKDBB_16525 VOC domain-containing protein,Unmatched,0,0,0
KAKDBB_16530 TspO/MBR family,Unmatched,0,0,0
KAKDBB_16535 3-hydroxyacyl-ACP dehydratase FabZ,Unmatched,0,0,0
KAKDBB_16540 sporulation protein,Unmatched,0,0,0
KAKDBB_16545 hypothetical protein,Unmatched,0,0,0
KAKDBB_16550 Coenzyme Q (ubiquinone) biosynthesis protein Coq4,Unmatched,0,0,0
KAKDBB_16555 hypothetical protein,Unmatched,0,0,0
KAKDBB_16560 Integral membrane protein TerC family,Unmatched,0,0,0
KAKDBB_16565 photosystem I reaction center subunit XII,Unmatched,0,0,0
KAKDBB_16570 hypothetical protein,Unmatched,0,0,0
KAKDBB_16575 RNA methyltransferase,Unmatched,0,0,0
KAKDBB_16580 malate dehydrogenase,Unmatched,0,0,0
KAKDBB_16585 NAD(P)H-quinone oxidoreductase subunit O,Unmatched,0,0,0
KAKDBB_16590 GHL10 domain-containing protein,Unmatched,0,0,0
KAKDBB_16595 UDP-N-acetylmuramoyl-L-alanine--D-glutamate ligase,Unmatched,0,0,0
KAKDBB_16600 type II toxin-antitoxin system ParD family antitoxin,Unmatched,0,0,0
KAKDBB_16605 hypothetical protein,Unmatched,0,0,0
KAKDBB_16610 hypothetical protein,Unmatched,0,0,0
KAKDBB_16615 peptide chain release factor 2,Unmatched,0,0,0
KAKDBB_16620 cytochrome-c oxidase,Unmatched,0,0,0
KAKDBB_16625 ferrochelatase,Unmatched,0,0,0
KAKDBB_16630 SAM-dependent methyltransferase,Unmatched,0,0,0
KAKDBB_16635 YqeG family HAD IIIA-type phosphatase,Unmatched,0,0,0
KAKDBB_16640 class I SAM-dependent methyltransferase,Unmatched,0,0,0
"KAKDBB_16645 ECF-type riboflavin transporter, S component",Unmatched,0,0,0
KAKDBB_16650 ketol-acid reductoisomerase,Unmatched,0,0,0
KAKDBB_16655 pilus assembly protein PilM,Unmatched,0,0,0
KAKDBB_16660 pilus assembly protein,Unmatched,0,0,0
KAKDBB_16665 pilus assembly protein,Unmatched,0,0,0
KAKDBB_16670 pilus assembly protein,Unmatched,0,0,0
KAKDBB_16675 hypothetical protein,Unmatched,0,0,0
KAKDBB_16680 DUF751 domain-containing protein,Unmatched,0,0,0
KAKDBB_16685 30S ribosome-binding factor RbfA,Unmatched,0,0,0
KAKDBB_16690 beta-glucosidase,Unmatched,0,0,0
KAKDBB_16695 hypothetical protein,Unmatched,0,0,0
KAKDBB_16700 tRNA (adenosine(37)-N6)-threonylcarbamoyltransferase complex ATPase subunit type 1 TsaE,Unmatched,0,0,0
KAKDBB_16705 aquaporin Z,Unmatched,0,0,0
KAKDBB_16710 tRNA (guanine-N1)-methyltransferase,Unmatched,0,0,0
KAKDBB_16715 hypothetical protein,Unmatched,0,0,0
KAKDBB_16720 hypothetical protein,Unmatched,0,0,0
KAKDBB_16725 Transposase,Unmatched,0,0,0
KAKDBB_16730 DDE-3 domain-containing protein,Unmatched,0,0,0
KAKDBB_16735 leucine-zipper of insertion element IS481,Unmatched,0,0,0
KAKDBB_16740 IS630 family transposase,Unmatched,0,0,0
KAKDBB_16745 DUF4347 domain-containing protein,Unmatched,0,0,0
KAKDBB_16750 alanine racemase,Unmatched,0,0,0
KAKDBB_16755 polyhydroxyalkanoate biosynthesis repressor PhaR,Unmatched,0,0,0
KAKDBB_16760 tRNA uridine-5-carboxymethylaminomethyl(34) synthesis GTPase MnmE,Unmatched,0,0,0
KAKDBB_16765 DUF2062 domain-containing protein,Unmatched,0,0,0
KAKDBB_16770 hypothetical protein,Unmatched,0,0,0
KAKDBB_16775 nucleotidyltransferase domain-containing protein,Unmatched,0,0,0
KAKDBB_16780 hypothetical protein,Unmatched,0,0,0
KAKDBB_16785 hypothetical protein,Unmatched,0,0,0
KAKDBB_16790 DDE-3 domain-containing protein,Unmatched,0,0,0
"KAKDBB_16795 Carbohydrate-selective porin, OprB family",Unmatched,0,0,0
KAKDBB_16800 thylakoid membrane photosystem I accumulation factor,Unmatched,0,0,0
KAKDBB_16805 heat-shock protein,Unmatched,0,0,0
KAKDBB_16810 DUF3143 domain-containing protein,Unmatched,0,0,0
KAKDBB_16815 arsenosugar biosynthesis radical SAM protein ArsS,Unmatched,0,0,0
KAKDBB_16820 arsenosugar biosynthesis arsenite methyltransferase ArsM,Unmatched,0,0,0
KAKDBB_16825 Putative mRNA interferase YoeB,Unmatched,0,0,0
KAKDBB_16830 hypothetical protein,Unmatched,0,0,0
"KAKDBB_16835 type II toxin-antitoxin system mRNA interferase toxin, RelE/StbE family",Unmatched,0,0,0
KAKDBB_16840 hypothetical protein,Unmatched,0,0,0
KAKDBB_16845 Putative restriction endonuclease,Unmatched,0,0,0
KAKDBB_16850 NUBPL iron-transfer P-loop NTPase,Unmatched,0,0,0
KAKDBB_16855 hypothetical protein,Unmatched,0,0,0
KAKDBB_16860 HEPN-RiboL-PSP domain-containing protein,Unmatched,0,0,0
KAKDBB_16865 Uncharacterized protein slr1919,Unmatched,0,0,0
KAKDBB_16870 hypothetical protein,Unmatched,0,0,0
KAKDBB_16875 anthranilate synthase component I,Unmatched,0,0,0
KAKDBB_16880 permease,Unmatched,0,0,0
KAKDBB_16885 hypothetical protein,Unmatched,0,0,0
KAKDBB_16890 PIN domain nuclease,Unmatched,0,0,0
KAKDBB_16895 Similarity,Unmatched,0,0,0
KAKDBB_16900 hypothetical protein,Unmatched,0,0,0
KAKDBB_16905 PIN domain nuclease,Unmatched,0,0,0
KAKDBB_16910 hypothetical protein,Unmatched,0,0,0
KAKDBB_16915 SpoVT-AbrB domain-containing protein,Unmatched,0,0,0
KAKDBB_16920 plasmid stabilization protein,Unmatched,0,0,0
KAKDBB_16925 hypothetical protein,Unmatched,0,0,0
KAKDBB_16930 hypothetical protein,Unmatched,0,0,0
KAKDBB_16935 serine/threonine protein kinase,Unmatched,0,0,0
KAKDBB_16940 J domain-containing protein,Unmatched,0,0,0
KAKDBB_16945 HTH OST-type domain-containing protein,Unmatched,0,0,0
KAKDBB_16950 DUF4160 domain-containing protein,Unmatched,0,0,0
KAKDBB_16955 DUF2442 domain-containing protein,Unmatched,0,0,0
KAKDBB_16960 hypothetical protein,Unmatched,0,0,0
KAKDBB_16965 hypothetical protein,Unmatched,0,0,0
KAKDBB_16970 hypothetical protein,Unmatched,0,0,0
KAKDBB_16975 PINc domain-containing protein,Unmatched,0,0,0
KAKDBB_16980 hypothetical protein,Unmatched,0,0,0
KAKDBB_16985 potassium channel protein,Unmatched,0,0,0
KAKDBB_16990 hypothetical protein,Unmatched,0,0,0
KAKDBB_16995 hypothetical protein,Unmatched,0,0,0
KAKDBB_17000 hypothetical protein,Unmatched,0,0,0
KAKDBB_17005 phosphatase,Unmatched,0,0,0
KAKDBB_17010 translation initiation factor IF-3,Unmatched,0,0,0
KAKDBB_17015 ATPase,Unmatched,0,0,0
KAKDBB_17020 DUF4276 domain-containing protein,Unmatched,0,0,0
KAKDBB_17025 Ribonuclease HepT-like,Unmatched,0,0,0
KAKDBB_17030 NTP-transf-2 domain-containing protein,Unmatched,0,0,0
KAKDBB_17035 adenylosuccinate lyase,Unmatched,0,0,0
KAKDBB_17040 FAD-linked oxidase,Unmatched,0,0,0
KAKDBB_17045 photosystem II protein Y,Unmatched,0,0,0
KAKDBB_17050 gamma carbonic anhydrase family protein,Unmatched,0,0,0
KAKDBB_17055 TIGR02652 family protein,Unmatched,0,0,0
KAKDBB_17060 hypothetical protein,Unmatched,0,0,0
KAKDBB_17065 glyoxalase/bleomycin resistance/extradiol dioxygenase family protein,Unmatched,0,0,0
KAKDBB_17070 class II fructose-bisphosphatase,Unmatched,0,0,0
KAKDBB_17075 glutamyl-tRNA reductase,Unmatched,0,0,0
KAKDBB_17080 Site-specific DNA-methyltransferase (adenine-specific),Unmatched,0,0,0
KAKDBB_17085 DUF262 domain-containing protein,Unmatched,0,0,0
KAKDBB_17090 HEPN-RiboL-PSP domain-containing protein,Unmatched,0,0,0
KAKDBB_17095 helicase,Unmatched,0,0,0
KAKDBB_17100 DUF4926 domain-containing protein,Unmatched,0,0,0
KAKDBB_17105 hypothetical protein,Unmatched,0,0,0
KAKDBB_17110 hypothetical protein,Unmatched,0,0,0
KAKDBB_17115 hypothetical protein,Unmatched,0,0,0
KAKDBB_17120 XisI protein,Unmatched,0,0,0
KAKDBB_17125 fatty-acid oxidation protein subunit alpha,Unmatched,0,0,0
"KAKDBB_17130 HicA toxin of bacterial toxin-antitoxin,",Unmatched,0,0,0
KAKDBB_17135 hypothetical protein,Unmatched,0,0,0
KAKDBB_17140 hypothetical protein,Unmatched,0,0,0
KAKDBB_17145 hypothetical protein,Unmatched,0,0,0
KAKDBB_17150 CRISPR-associated protein Cas10,Unmatched,0,0,0
KAKDBB_17155 SAVED domain-containing protein,Unmatched,0,0,0
KAKDBB_17160 Putative restriction endonuclease,Unmatched,0,0,0
KAKDBB_17165 serine/threonine protein kinase,Unmatched,0,0,0
KAKDBB_17170 DNA starvation/stationary phase protection protein Dps,Unmatched,0,0,0
KAKDBB_17190 hypothetical protein,Unmatched,0,0,0
KAKDBB_17195 ring-hydroxylating oxygenase subunit alpha,Unmatched,0,0,0
KAKDBB_17200 DNA phosphorothioation-associated protein 4,Unmatched,0,0,0
KAKDBB_17205 4-amino-4-deoxy-L-arabinose transferase,Unmatched,0,0,0
KAKDBB_17210 type II toxin-antitoxin system HigB family toxin,Unmatched,0,0,0
KAKDBB_17215 transcriptional regulator,Unmatched,0,0,0
KAKDBB_17220 serine/threonine-protein kinase pkn1,Unmatched,0,0,0
KAKDBB_17225 ATPase,Unmatched,0,0,0
KAKDBB_17230 hypothetical protein,Unmatched,0,0,0
"KAKDBB_17235 Triacylglycerol esterase/lipase EstA, alpha/beta hydrolase fold",Unmatched,0,0,0
KAKDBB_17240 hypothetical protein,Unmatched,0,0,0
KAKDBB_17245 bile acid beta-glucosidase,Unmatched,0,0,0
KAKDBB_17250 DUF3531 domain-containing protein,Unmatched,0,0,0
KAKDBB_17255 CPBP family intramembrane metalloprotease,Unmatched,0,0,0
KAKDBB_17260 DUF3326 domain-containing protein,Unmatched,0,0,0
KAKDBB_17265 hypothetical protein,Unmatched,0,0,0
KAKDBB_17270 hypothetical protein,Unmatched,0,0,0
KAKDBB_17280 heat-inducible transcriptional repressor HrcA,Unmatched,0,0,0
KAKDBB_17285 hypothetical protein,Unmatched,0,0,0
"KAKDBB_17290 CRISPR-associated protein Csa3, CARF domain",Unmatched,0,0,0
KAKDBB_17295 Site-specific DNA-methyltransferase (adenine-specific),Unmatched,0,0,0
KAKDBB_17300 ATP-dependent DNA helicase RecG,Unmatched,0,0,0
KAKDBB_17305 hypothetical protein,Unmatched,0,0,0
KAKDBB_17310 flagellar assembly protein H,Unmatched,0,0,0
KAKDBB_17315 hydrogenase expression/formation protein HypE,Unmatched,0,0,0
KAKDBB_17320 hydrogenase maturation nickel metallochaperone HypA,Unmatched,0,0,0
KAKDBB_17325 hydrogenase nickel incorporation protein HypB,Unmatched,0,0,0
KAKDBB_17330 transcriptional regulator,Unmatched,0,0,0
KAKDBB_17335 restriction endonuclease,Unmatched,0,0,0
KAKDBB_17340 UvrD-like helicase C-terminal domain-containing protein,Unmatched,0,0,0
KAKDBB_17345 Proton extrusion protein PcxA,Unmatched,0,0,0
KAKDBB_17350 hypothetical protein,Unmatched,0,0,0
KAKDBB_17355 Magnesium and cobalt efflux protein CorC,Unmatched,0,0,0
KAKDBB_17360 glycosyl hydrolase family 57,Unmatched,0,0,0
KAKDBB_17365 segregation/condensation protein A,Unmatched,0,0,0
KAKDBB_17370 pyridoxamine 5'-phosphate oxidase,Unmatched,0,0,0
KAKDBB_17375 Trypco2 domain-containing protein,Unmatched,0,0,0
KAKDBB_17380 Survival protein SurA (Peptidyl-prolyl cis-trans isomerase SurA),Unmatched,0,0,0
KAKDBB_17385 prevent-host-death protein,Unmatched,0,0,0
KAKDBB_17390 addiction module toxin RelE,Unmatched,0,0,0
KAKDBB_17395 Uncharacterised protein family (UPF0175),Unmatched,0,0,0
KAKDBB_17400 DUF3368 domain-containing protein,Unmatched,0,0,0
KAKDBB_17405 hypothetical protein,Unmatched,0,0,0
KAKDBB_17410 nucleotidyltransferase domain-containing protein,Unmatched,0,0,0
KAKDBB_17415 hypothetical protein,Unmatched,0,0,0
KAKDBB_17420 threonine-phosphate decarboxylase CobD,Unmatched,0,0,0
KAKDBB_17425 DNA-binding protein,Unmatched,0,0,0
KAKDBB_17430 DUF4168 domain-containing protein,Unmatched,0,0,0
KAKDBB_17435 urease accessory protein UreE,Unmatched,0,0,0
KAKDBB_17440 Peptidyl-prolyl cis-trans isomerase,Unmatched,0,0,0
KAKDBB_17445 hypothetical protein,Unmatched,0,0,0
KAKDBB_17450 Putative restriction endonuclease,Unmatched,0,0,0
KAKDBB_17455 Transposase,Unmatched,0,0,0
KAKDBB_17460 EAL domain-containing protein,Unmatched,0,0,0
KAKDBB_17465 Protein kinase,Unmatched,0,0,0
KAKDBB_17470 lipoyl synthase,Unmatched,0,0,0
KAKDBB_17475 mechanosensitive ion channel family protein,Unmatched,0,0,0
KAKDBB_17480 DUF2281 domain-containing protein,Unmatched,0,0,0
KAKDBB_17485 Grx4 family monothiol glutaredoxin,Unmatched,0,0,0
KAKDBB_17490 DNA polymerase III subunit gamma/tau,Unmatched,0,0,0
KAKDBB_17495 nitrate reductase catalytic subunit,Unmatched,0,0,0
KAKDBB_17500 Secreted effector protein PipB2,Unmatched,0,0,0
KAKDBB_17505 S-adenosyl-L-methionine-dependent methyltransferase,Unmatched,0,0,0
KAKDBB_17510 alpha/beta hydrolase,Unmatched,0,0,0
KAKDBB_17515 superoxide dismutase [Fe],Unmatched,0,0,0
KAKDBB_17520 photosystem II reaction center protein PsbH,Unmatched,0,0,0
KAKDBB_17525 TatA/E family twin arginine-targeting protein translocase,Unmatched,0,0,0
KAKDBB_17530 restriction endonuclease,Unmatched,0,0,0
KAKDBB_17535 adenosine deaminase,Unmatched,0,0,0
KAKDBB_17540 hypothetical protein,Unmatched,0,0,0
"KAKDBB_17545 mRNA-degrading endonuclease MazF, toxin component of the MazEF toxin-antitoxin module",Unmatched,0,0,0
KAKDBB_17550 DUF2281 domain-containing protein,Unmatched,0,0,0
KAKDBB_17555 PINc domain-containing protein,Unmatched,0,0,0
KAKDBB_17560 site-specific DNA-methyltransferase,Unmatched,0,0,0
KAKDBB_17565 hypothetical protein,Unmatched,0,0,0
KAKDBB_17570 ATP-binding cassette family protein,Unmatched,0,0,0
KAKDBB_17575 molybdopterin synthase sulfur carrier subunit,Unmatched,0,0,0
KAKDBB_17580 single-stranded-DNA-specific exonuclease RecJ,Unmatched,0,0,0
KAKDBB_17585 glycine--tRNA ligase subunit beta,Unmatched,0,0,0
KAKDBB_17590 DUF3122 domain-containing protein,Unmatched,0,0,0
KAKDBB_17595 rubrerythrin family protein,Unmatched,0,0,0
KAKDBB_17600 GNAT family N-acetyltransferase,Unmatched,0,0,0
KAKDBB_17605 riboflavin deaminase,Unmatched,0,0,0
KAKDBB_17610 two-component sensor histidine kinase,Unmatched,0,0,0
KAKDBB_17615 prephenate dehydratase,Unmatched,0,0,0
KAKDBB_17620 ribonuclease D,Unmatched,0,0,0
KAKDBB_17625 universal stress protein,Unmatched,0,0,0
KAKDBB_17630 signal peptidase I,Unmatched,0,0,0
KAKDBB_17635 nucleoside triphosphate pyrophosphohydrolase,Unmatched,0,0,0
KAKDBB_17640 hypothetical protein,Unmatched,0,0,0
KAKDBB_17645 mannose-6-phosphate isomerase,Unmatched,0,0,0
KAKDBB_17650 Asp-tRNA(Asn)/Glu-tRNA(Gln) amidotransferase subunit GatC,Unmatched,0,0,0
KAKDBB_17655 photosystem I assembly protein Ycf3,Unmatched,0,0,0
KAKDBB_17660 PEP-CTERM domain-containing protein,Unmatched,0,0,0
KAKDBB_17665 RNA-dependent DNA polymerase,Unmatched,0,0,0
KAKDBB_17670 PEP-CTERM domain-containing protein,Unmatched,0,0,0
KAKDBB_17675 hypothetical protein,Unmatched,0,0,0
KAKDBB_17680 family 2 glycosyl transferase,Unmatched,0,0,0
KAKDBB_17685 phosphoglucosamine mutase,Unmatched,0,0,0
KAKDBB_17690 LeuA allosteric domain protein,Unmatched,0,0,0
KAKDBB_17695 hypothetical protein,Unmatched,0,0,0
KAKDBB_17700 potassium channel protein,Unmatched,0,0,0
KAKDBB_17715 hypothetical protein,Unmatched,0,0,0
KAKDBB_17720 glycogen debranching protein GlgX,Unmatched,0,0,0
KAKDBB_17725 DUF3887 domain-containing protein,Unmatched,0,0,0
KAKDBB_17730 phosphopyruvate hydratase,Unmatched,0,0,0
"KAKDBB_17735 Mycobacterial 4 TMS phage holin, superfamily IV",Unmatched,0,0,0
KAKDBB_17740 YqaE/Pmp3 family membrane protein,Unmatched,0,0,0
KAKDBB_17745 hypothetical protein,Unmatched,0,0,0
KAKDBB_17750 cysteine desulfuration protein SufE,Unmatched,0,0,0
KAKDBB_17755 transcriptional repressor,Unmatched,0,0,0
KAKDBB_17760 heat-shock protein,Unmatched,0,0,0
KAKDBB_17765 molybdenum cofactor guanylyltransferase,Unmatched,0,0,0
KAKDBB_17770 hypothetical protein,Unmatched,0,0,0
KAKDBB_17775 erythromycin biosynthesis sensory transduction protein eryC1,Unmatched,0,0,0
KAKDBB_17780 cyanoexosortase B,Unmatched,0,0,0
KAKDBB_17785 cyanoexosortase B system-associated protein,Unmatched,0,0,0
KAKDBB_17790 polysaccharide export protein,Unmatched,0,0,0
KAKDBB_17795 ATPase,Unmatched,0,0,0
KAKDBB_17800 GHL10 domain-containing protein,Unmatched,0,0,0
KAKDBB_17805 PEP-CTERM sorting domain-containing protein,Unmatched,0,0,0
KAKDBB_17810 hypothetical protein,Unmatched,0,0,0
KAKDBB_17815 hypothetical protein,Unmatched,0,0,0
KAKDBB_17820 phytoene/squalene synthase family protein,Unmatched,0,0,0
KAKDBB_17825 Methyltransferase,Unmatched,0,0,0
KAKDBB_17830 hypothetical protein,Unmatched,0,0,0
KAKDBB_17835 cytochrome b6-f complex subunit IV,Unmatched,0,0,0
KAKDBB_17840 cytochrome b6,Unmatched,0,0,0
KAKDBB_17845 Transposase,Unmatched,0,0,0
KAKDBB_17850 Circularly permuted ATP-grasp type 2,Unmatched,0,0,0
KAKDBB_17855 A putative alpha-helical domain with a conserved ER motif,Unmatched,0,0,0
KAKDBB_17860 transglutaminase,Unmatched,0,0,0
KAKDBB_17865 hypothetical protein,Unmatched,0,0,0
KAKDBB_17870 DUF29 domain-containing protein,Unmatched,0,0,0
KAKDBB_17875 peptidase C69,Unmatched,0,0,0
KAKDBB_17880 DUF456 domain-containing protein,Unmatched,0,0,0
KAKDBB_17885 Metalloprotease slr1322,Unmatched,0,0,0
KAKDBB_17890 hypothetical protein,Unmatched,0,0,0
KAKDBB_17895 hypothetical protein,Unmatched,0,0,0
KAKDBB_17900 DNA (cytosine-5-)-methyltransferase,Unmatched,0,0,0
KAKDBB_17905 PIN domain-containing protein,Unmatched,0,0,0
KAKDBB_17910 Programmed cell death antitoxin MazE,Unmatched,0,0,0
KAKDBB_17915 hypothetical protein,Unmatched,0,0,0
KAKDBB_17920 tRNA-Leu(caa),Unmatched,0,0,0
"KAKDBB_17925 Zn-dependent protease, containings TPR repeats",Unmatched,0,0,0
KAKDBB_17930 sulfite exporter TauE/SafE family protein,Unmatched,0,0,0
KAKDBB_17935 peptidase,Unmatched,0,0,0
KAKDBB_17940 3-oxoacyl-[acyl-carrier-protein] reductase,Unmatched,0,0,0
KAKDBB_17945 glycerol acyltransferase,Unmatched,0,0,0
KAKDBB_17950 DUF29 domain-containing protein,Unmatched,0,0,0
KAKDBB_17955 PINc domain-containing protein,Unmatched,0,0,0
KAKDBB_17960 hypothetical protein,Unmatched,0,0,0
KAKDBB_17965 hypothetical protein,Unmatched,0,0,0
KAKDBB_17970 hypothetical protein,Unmatched,0,0,0
KAKDBB_17975 hypothetical protein,Unmatched,0,0,0
KAKDBB_17980 Uma2 family endonuclease,Unmatched,0,0,0
KAKDBB_17985 Glycosyl transferase family 41,Unmatched,0,0,0
KAKDBB_17990 FHA domain-containing protein,Unmatched,0,0,0
KAKDBB_17995 DUF4278 domain-containing protein,Unmatched,0,0,0
KAKDBB_18000 hypothetical protein,Unmatched,0,0,0
KAKDBB_18005 hypothetical protein,Unmatched,0,0,0
KAKDBB_18010 IS4 family transposase,Unmatched,0,0,0
KAKDBB_18015 cell division protein FtsW,Unmatched,0,0,0
KAKDBB_18020 isoaspartyl peptidase,Unmatched,0,0,0
KAKDBB_18025 tRNA-His(gtg),Unmatched,0,0,0
KAKDBB_18030 hypothetical protein,Unmatched,0,0,0
KAKDBB_18035 hypothetical protein,Unmatched,0,0,0
KAKDBB_18040 hypothetical protein,Unmatched,0,0,0
KAKDBB_18045 hypothetical protein,Unmatched,0,0,0
"KAKDBB_18050 Tetrahydromethanopterin S-methyltransferase, subunit G",Unmatched,0,0,0
"KAKDBB_18055 HicA toxin of bacterial toxin-antitoxin,",Unmatched,0,0,0
KAKDBB_18060 HicB-like domain-containing protein,Unmatched,0,0,0
KAKDBB_18065 hypothetical protein,Unmatched,0,0,0
KAKDBB_18070 PEP-CTERM sorting domain-containing protein,Unmatched,0,0,0
KAKDBB_18075 HPr kinase,Unmatched,0,0,0
KAKDBB_18080 M23 family peptidase,Unmatched,0,0,0
KAKDBB_18085 serine--tRNA ligase,Unmatched,0,0,0
"KAKDBB_18090 2,3-diketo-5-methylthiopentyl-1-phosphate enolase",Unmatched,0,0,0
KAKDBB_18095 peptidylprolyl isomerase,Unmatched,0,0,0
KAKDBB_18100 hypothetical protein,Unmatched,0,0,0
KAKDBB_18105 Glycosyltransferase involved in cell wall bisynthesis,Unmatched,0,0,0
KAKDBB_18110 hypothetical protein,Unmatched,0,0,0
KAKDBB_18115 Serine hydroxymethyltransferase,Unmatched,0,0,0
KAKDBB_18120 undecaprenyl-phosphate alpha-N-acetylglucosaminyl 1-phosphate transferase,Unmatched,0,0,0
KAKDBB_18125 DUF4164 domain-containing protein,Unmatched,0,0,0
KAKDBB_18130 DUF4164 domain-containing protein,Unmatched,0,0,0
KAKDBB_18135 DUF4164 domain-containing protein,Unmatched,0,0,0
KAKDBB_18140 hypothetical protein,Unmatched,0,0,0
KAKDBB_18145 AAA-like domain-containing protein,Unmatched,0,0,0
KAKDBB_18150 Putative restriction endonuclease,Unmatched,0,0,0
KAKDBB_18155 IS607 family transposase,Unmatched,0,0,0
KAKDBB_18160 chloride channel protein,Unmatched,0,0,0
KAKDBB_18165 hypothetical protein,Unmatched,0,0,0
KAKDBB_18170 NAD-dependent malic enzyme,Unmatched,0,0,0
KAKDBB_18175 D-alanyl-D-alanine carboxypeptidase,Unmatched,0,0,0
KAKDBB_18180 hypothetical protein,Unmatched,0,0,0
KAKDBB_18185 TIR domain-containing protein,Unmatched,0,0,0
KAKDBB_18190 HEAT repeat domain-containing protein,Unmatched,0,0,0
KAKDBB_18195 hypothetical protein,Unmatched,0,0,0
KAKDBB_18200 lipase,Unmatched,0,0,0
KAKDBB_18205 DUF4164 domain-containing protein,Unmatched,0,0,0
KAKDBB_18210 site-2 protease family protein,Unmatched,0,0,0
KAKDBB_18215 N-acetylmuramic acid 6-phosphate etherase,Unmatched,0,0,0
KAKDBB_18220 50S ribosomal protein L21,Unmatched,0,0,0
KAKDBB_18225 50S ribosomal protein L27,Unmatched,0,0,0
KAKDBB_18230 phytanoyl-CoA dioxygenase,Unmatched,0,0,0
KAKDBB_18235 acetyl-CoA carboxylase carboxyl transferase subunit alpha,Unmatched,0,0,0
KAKDBB_18240 spermidine synthase,Unmatched,0,0,0
KAKDBB_18245 hypothetical protein,Unmatched,0,0,0
KAKDBB_18250 magnesium chelatase ATPase subunit I,Unmatched,0,0,0
KAKDBB_18255 ATPase,Unmatched,0,0,0
KAKDBB_18260 HNH endonuclease,Unmatched,0,0,0
KAKDBB_18265 glycosyl transferase,Unmatched,0,0,0
KAKDBB_18270 Phosphotransferase enzyme family,Unmatched,0,0,0
KAKDBB_18275 cytochrome P450,Unmatched,0,0,0
KAKDBB_18280 Asr3081 protein,Unmatched,0,0,0
KAKDBB_18285 hypothetical protein,Unmatched,0,0,0
KAKDBB_18290 hypothetical protein,Unmatched,0,0,0
KAKDBB_18295 Type II toxin-antitoxin system HicA family toxin,Unmatched,0,0,0
KAKDBB_18300 HicB family protein,Unmatched,0,0,0
KAKDBB_18305 DNA sulfur modification protein DndE,Unmatched,0,0,0
KAKDBB_18310 hypothetical protein,Unmatched,0,0,0
KAKDBB_18315 DDE-Tnp-1 domain-containing protein,Unmatched,0,0,0
KAKDBB_18320 hypothetical protein,Unmatched,0,0,0
KAKDBB_18325 modification methylase,Unmatched,0,0,0
KAKDBB_18330 Putative restriction endonuclease,Unmatched,0,0,0
KAKDBB_18335 GUN4 domain-containing protein,Unmatched,0,0,0
KAKDBB_18340 hypothetical protein,Unmatched,0,0,0
KAKDBB_18345 hypothetical protein,Unmatched,0,0,0
KAKDBB_18350 toxin-antitoxin system HicB family antitoxin,Unmatched,0,0,0
KAKDBB_18355 penicillin-binding protein,Unmatched,0,0,0
KAKDBB_18360 pentapeptide repeat-containing protein,Unmatched,0,0,0
KAKDBB_18365 YebC/PmpR family DNA-binding transcriptional regulator,Unmatched,0,0,0
KAKDBB_18370 hypothetical protein,Unmatched,0,0,0
KAKDBB_18375 hypothetical protein,Unmatched,0,0,0
KAKDBB_18380 type II toxin-antitoxin system PemK/MazF family toxin,Unmatched,0,0,0
KAKDBB_18385 hypothetical protein,Unmatched,0,0,0
KAKDBB_18390 hypothetical protein,Unmatched,0,0,0
KAKDBB_18395 DDE-5 domain-containing protein,Unmatched,0,0,0
KAKDBB_18420 SAM-dependent methyltransferase,Unmatched,0,0,0
KAKDBB_18425 ATPase,Unmatched,0,0,0
KAKDBB_18430 hypothetical protein,Unmatched,0,0,0
KAKDBB_18435 isochorismate synthase,Unmatched,0,0,0
KAKDBB_18440 hypothetical protein,Unmatched,0,0,0
KAKDBB_18445 hypothetical protein,Unmatched,0,0,0
KAKDBB_18450 porphobilinogen synthase,Unmatched,0,0,0
KAKDBB_18455 Cation-ATPase-C domain-containing protein,Unmatched,0,0,0
KAKDBB_18460 ATPase,Unmatched,0,0,0
KAKDBB_18465 NYN domain-containing protein,Unmatched,0,0,0
KAKDBB_18470 methionine--tRNA ligase,Unmatched,0,0,0
KAKDBB_18475 1-acyl-sn-glycerol-3-phosphate acyltransferase,Unmatched,0,0,0
KAKDBB_18480 Rho termination factor,Unmatched,0,0,0
KAKDBB_18485 cobalamin biosynthesis protein CobQ,Unmatched,0,0,0
KAKDBB_18490 GAF domain-containing protein,Unmatched,0,0,0
KAKDBB_18495 FAD-dependent oxidoreductase,Unmatched,0,0,0
KAKDBB_18500 circadian clock protein KaiB,Unmatched,0,0,0
KAKDBB_18505 response regulator,Unmatched,0,0,0
KAKDBB_18510 2Fe-2S ferredoxin,Unmatched,0,0,0
KAKDBB_18515 NnrU protein,Unmatched,0,0,0
KAKDBB_18520 thiol reductase thioredoxin,Unmatched,0,0,0
KAKDBB_18525 VWFA domain-containing protein,Unmatched,0,0,0
KAKDBB_18530 protein phosphatase 2C domain-containing protein,Unmatched,0,0,0
KAKDBB_18535 hypothetical protein,Unmatched,0,0,0
KAKDBB_18540 3-oxoacyl-ACP synthase,Unmatched,0,0,0
KAKDBB_18545 hypothetical protein,Unmatched,0,0,0
KAKDBB_18550 class I SAM-dependent methyltransferase,Unmatched,0,0,0
KAKDBB_18555 taurine catabolism dioxygenase TauD,Unmatched,0,0,0
KAKDBB_18560 SagB-type dehydrogenase domain-containing protein,Unmatched,0,0,0
KAKDBB_18565 addiction module killer protein,Unmatched,0,0,0
KAKDBB_18570 hypothetical protein,Unmatched,0,0,0
KAKDBB_18575 hypothetical protein,Unmatched,0,0,0
KAKDBB_18580 hypothetical protein,Unmatched,0,0,0
KAKDBB_18585 nucleic acid-binding protein,Unmatched,0,0,0
KAKDBB_18590 Putative restriction endonuclease,Unmatched,0,0,0
KAKDBB_18595 flotillin family protein,Unmatched,0,0,0
KAKDBB_18600 mannose-6-phosphate isomerase,Unmatched,0,0,0
KAKDBB_18605 bifunctional adenosylcobinamide kinase/adenosylcobinamide-phosphate guanylyltransferase,Unmatched,0,0,0
KAKDBB_18610 type II toxin-antitoxin system PemK/MazF family toxin,Unmatched,0,0,0
KAKDBB_18615 hypothetical protein,Unmatched,0,0,0
KAKDBB_18620 Photosystem II protein D1 (PsbA),Unmatched,0,0,0
KAKDBB_18625 HicB-like domain-containing protein,Unmatched,0,0,0
KAKDBB_18630 hypothetical protein,Unmatched,0,0,0
KAKDBB_18635 adenosylcobinamide-phosphate synthase CbiB,Unmatched,0,0,0
KAKDBB_18640 GFA family protein,Unmatched,0,0,0
KAKDBB_18645 transcriptional regulator,Unmatched,0,0,0
KAKDBB_18650 AbrB family transcriptional regulator,Unmatched,0,0,0
KAKDBB_18655 hypothetical protein,Unmatched,0,0,0
KAKDBB_18660 peptidase M48,Unmatched,0,0,0
KAKDBB_18665 50S ribosomal protein L32,Unmatched,0,0,0
KAKDBB_18670 sulfite oxidase-like oxidoreductase,Unmatched,0,0,0
KAKDBB_18675 hypothetical protein,Unmatched,0,0,0
KAKDBB_18680 AAA family ATPase,Unmatched,0,0,0
KAKDBB_18685 BolA family transcriptional regulator,Unmatched,0,0,0
KAKDBB_18690 hypothetical protein,Unmatched,0,0,0
KAKDBB_18695 Uma2 family endonuclease,Unmatched,0,0,0
KAKDBB_18700 Uma2 family endonuclease,Unmatched,0,0,0
KAKDBB_18705 hypothetical protein,Unmatched,0,0,0
KAKDBB_18710 bifunctional methylenetetrahydrofolate dehydrogenase/methenyltetrahydrofolate cyclohydrolase FolD,Unmatched,0,0,0
KAKDBB_18715 OB-fold nucleic acid binding domain protein,Unmatched,0,0,0
KAKDBB_18720 NUDIX hydrolase,Unmatched,0,0,0
KAKDBB_18725 peptidase S41,Unmatched,0,0,0
KAKDBB_18730 recombination mediator RecR,Unmatched,0,0,0
"KAKDBB_18735 pyruvate/2-oxoglutarate dehydrogenase complex,dihydrolipoamide dehydrogenase (E3) component",Unmatched,0,0,0
KAKDBB_18740 biosynthetic arginine decarboxylase,Unmatched,0,0,0
KAKDBB_18745 RNB domain-containing ribonuclease,Unmatched,0,0,0
KAKDBB_18750 hypothetical protein,Unmatched,0,0,0
KAKDBB_18755 Uncharacterised protein family (UPF0175),Unmatched,0,0,0
KAKDBB_18760 DUF3368 domain-containing protein,Unmatched,0,0,0
KAKDBB_18765 Helix-turn-helix domain-containing protein,Unmatched,0,0,0
KAKDBB_18770 PIN domain-containing protein,Unmatched,0,0,0
KAKDBB_18775 hypothetical protein,Unmatched,0,0,0
KAKDBB_18780 hypothetical protein,Unmatched,0,0,0
KAKDBB_18785 type II toxin-antitoxin system RelE/ParE family toxin,Unmatched,0,0,0
KAKDBB_18790 hypothetical protein,Unmatched,0,0,0
KAKDBB_18795 Uncharacterised protein family (UPF0175),Unmatched,0,0,0
KAKDBB_18800 DUF3368 domain-containing protein,Unmatched,0,0,0
"KAKDBB_18805 ISSoc1, transposase",Unmatched,0,0,0
KAKDBB_18810 photosystem II complex extrinsic protein PsbU,Unmatched,0,0,0
KAKDBB_18815 peroxiredoxin,Unmatched,0,0,0
KAKDBB_18820 ferredoxin,Unmatched,0,0,0
KAKDBB_18825 tRNA-Tyr(gta),Unmatched,0,0,0
KAKDBB_18830 tRNA-Thr(ggt),Unmatched,0,0,0
KAKDBB_18835 alpha-mannosidase,Unmatched,0,0,0
KAKDBB_18840 photosystem II reaction center protein PsbN,Unmatched,0,0,0
KAKDBB_18845 carbonic anhydrase,Unmatched,0,0,0
KAKDBB_18850 50S ribosomal protein L19,Unmatched,0,0,0
KAKDBB_18855 tRNA-Trp(cca),Unmatched,0,0,0
KAKDBB_18860 preprotein translocase subunit SecE,Unmatched,0,0,0
KAKDBB_18865 transcription termination/antitermination protein NusG,Unmatched,0,0,0
KAKDBB_18870 50S ribosomal protein L11,Unmatched,0,0,0
KAKDBB_18875 50S ribosomal protein L1,Unmatched,0,0,0
KAKDBB_18880 hypothetical protein,Unmatched,0,0,0
KAKDBB_18885 hypothetical protein,Unmatched,0,0,0
KAKDBB_18890 bifunctional riboflavin kinase/FAD synthetase,Unmatched,0,0,0
KAKDBB_18895 hypothetical protein,Unmatched,0,0,0
KAKDBB_18900 hypothetical protein,Unmatched,0,0,0
KAKDBB_18905 magnesium chelatase,Unmatched,0,0,0
KAKDBB_18910 IctB family putative bicarbonate transporter,Unmatched,0,0,0
KAKDBB_18915 preprotein translocase subunit Tim44,Unmatched,0,0,0
KAKDBB_18920 DNA sulfur modification protein DndD,Unmatched,0,0,0
KAKDBB_18925 chromosome partitioning protein ParA,Unmatched,0,0,0
KAKDBB_18930 hypothetical protein,Unmatched,0,0,0
KAKDBB_18935 hypothetical protein,Unmatched,0,0,0
KAKDBB_18940 DNA-binding domain-containing protein,Unmatched,0,0,0
KAKDBB_18945 Type IV pilin PilA,Unmatched,0,0,0
KAKDBB_18950 TIGR03936 family radical SAM-associated protein,Unmatched,0,0,0
KAKDBB_18955 ABC transporter ATP-binding protein,Unmatched,0,0,0
KAKDBB_18960 MCE family protein,Unmatched,0,0,0
KAKDBB_18965 UDP-N-acetylglucosamine 2-epimerase (non-hydrolyzing),Unmatched,0,0,0
KAKDBB_18970 crossover junction endodeoxyribonuclease RuvC,Unmatched,0,0,0
KAKDBB_18975 hypothetical protein,Unmatched,0,0,0
KAKDBB_18980 hypothetical protein,Unmatched,0,0,0
KAKDBB_18985 hypothetical protein,Unmatched,0,0,0
KAKDBB_18990 quinolinate synthase NadA,Unmatched,0,0,0
KAKDBB_18995 twin-arginine translocase subunit TatC,Unmatched,0,0,0
KAKDBB_19000 hypothetical protein,Unmatched,0,0,0
KAKDBB_19005 metal-binding protein,Unmatched,0,0,0
KAKDBB_19010 glycosyltransferase,Unmatched,0,0,0
KAKDBB_19015 Bacterial cell division membrane protein,Unmatched,0,0,0
KAKDBB_19020 FkbM family methyltransferase,Unmatched,0,0,0
KAKDBB_19025 Cyanoexosortase A system-associated protein,Unmatched,0,0,0
KAKDBB_19030 hypothetical protein,Unmatched,0,0,0
KAKDBB_19035 DUF4065 domain-containing protein,Unmatched,0,0,0
KAKDBB_19040 hypothetical protein,Unmatched,0,0,0
KAKDBB_19045 8-amino-7-oxononanoate synthase,Unmatched,0,0,0
KAKDBB_19050 DUF6464 domain-containing protein,Unmatched,0,0,0
KAKDBB_19055 RDD family,Unmatched,0,0,0
KAKDBB_19060 tRNA-Arg(cct),Unmatched,0,0,0
KAKDBB_19065 hypothetical protein,Unmatched,0,0,0
KAKDBB_19070 mannose-1-phosphate guanylyltransferase,Unmatched,0,0,0
KAKDBB_19075 FAD dependent oxidoreductase,Unmatched,0,0,0
KAKDBB_19080 peptidase M28,Unmatched,0,0,0
KAKDBB_19085 metallophosphoesterase,Unmatched,0,0,0
"KAKDBB_19090 cobyrinic acid a,c-diamide synthase",Unmatched,0,0,0
KAKDBB_19095 TIGR03792 family protein,Unmatched,0,0,0
"KAKDBB_19100 GDP-mannose 4,6-dehydratase",Unmatched,0,0,0
KAKDBB_19105 GDP-fucose synthetase,Unmatched,0,0,0
KAKDBB_19110 hypothetical protein,Unmatched,0,0,0
KAKDBB_19115 succinyl-CoA synthetase subunit beta,Unmatched,0,0,0
KAKDBB_19120 CoA-binding protein,Unmatched,0,0,0
KAKDBB_19125 glutamate synthase large subunit,Unmatched,0,0,0
KAKDBB_19130 type II toxin-antitoxin system Phd/YefM family antitoxin,Unmatched,0,0,0
KAKDBB_19135 Txe/YoeB family addiction module toxin,Unmatched,0,0,0
KAKDBB_19140 hypothetical protein,Unmatched,0,0,0
KAKDBB_19150 zinc ribbon domain-containing protein,Unmatched,0,0,0
KAKDBB_19155 Transposase,Unmatched,0,0,0
KAKDBB_19160 biopolymer transporter,Unmatched,0,0,0
KAKDBB_19165 helix-turn-helix transcriptional regulator,Unmatched,0,0,0
KAKDBB_19170 1-(5-phosphoribosyl)-5-[(5-phosphoribosylamino)methylideneamino]imidazole-4-carboxamide isomerase,Unmatched,0,0,0
KAKDBB_19175 hemolysin secretion protein D,Unmatched,0,0,0
KAKDBB_19180 type I secretion system permease/ATPase,Unmatched,0,0,0
KAKDBB_19185 peptidylprolyl isomerase,Unmatched,0,0,0
KAKDBB_19190 tRNA-Ser(tga),Unmatched,0,0,0
KAKDBB_19195 GNAT family N-acetyltransferase,Unmatched,0,0,0
KAKDBB_19200 tRNA-Pro(tgg),Unmatched,0,0,0
KAKDBB_19205 DNA-directed RNA polymerase subunit beta',Unmatched,0,0,0
KAKDBB_19210 hypothetical protein,Unmatched,0,0,0
KAKDBB_19215 DNA-directed RNA polymerase subunit beta,Unmatched,0,0,0
KAKDBB_19220 deoxyribonuclease,Unmatched,0,0,0
KAKDBB_19225 30S ribosomal protein S20,Unmatched,0,0,0
KAKDBB_19230 16S rRNA (guanine(966)-N(2))-methyltransferase RsmD,Unmatched,0,0,0
KAKDBB_19235 uracil-DNA glycosylase,Unmatched,0,0,0
KAKDBB_19240 GTPase Era,Unmatched,0,0,0
KAKDBB_19245 hypothetical protein,Unmatched,0,0,0
KAKDBB_19250 serine/threonine protein kinase,Unmatched,0,0,0
KAKDBB_19255 IS5 family transposase,Unmatched,0,0,0
KAKDBB_19265 LVIVD repeat-containing protein,Unmatched,0,0,0
KAKDBB_19270 hypothetical protein,Unmatched,0,0,0
KAKDBB_19275 Similar to tr|Q8YTV1|Q8YTV1,Unmatched,0,0,0
KAKDBB_19280 hypothetical protein,Unmatched,0,0,0
KAKDBB_19285 ABC transporter substrate-binding protein,Unmatched,0,0,0
KAKDBB_19290 polar amino acid ABC transporter ATP-binding protein,Unmatched,0,0,0
KAKDBB_19315 hypothetical protein,Unmatched,0,0,0
KAKDBB_19320 hypothetical protein,Unmatched,0,0,0
KAKDBB_19325 hypothetical protein,Unmatched,0,0,0
KAKDBB_19330 Tetratricopeptide protein,Unmatched,0,0,0
KAKDBB_19335 Phosphomannomutase,Unmatched,0,0,0
KAKDBB_19340 Phosphomannomutase,Unmatched,0,0,0
KAKDBB_19345 Lipid-A-disaccharide synthase,Unmatched,0,0,0
KAKDBB_19350 precorrin methylase,Unmatched,0,0,0
KAKDBB_19355 Prokaryotic-like s of the JAB domain-containing protein,Unmatched,0,0,0
KAKDBB_19360 2-succinyl-5-enolpyruvyl-6-hydroxy-3-cyclohexene-1-carboxylic-acid synthase,Unmatched,0,0,0
KAKDBB_19365 Similarity,Unmatched,0,0,0
KAKDBB_19370 hypothetical protein,Unmatched,0,0,0
KAKDBB_19375 chlororespiratory reduction protein 7,Unmatched,0,0,0
KAKDBB_19380 YdiU family protein,Unmatched,0,0,0
KAKDBB_19385 hypothetical protein,Unmatched,0,0,0
KAKDBB_19390 Endonuclease V,Unmatched,0,0,0
KAKDBB_19395 antitoxin VapB,Unmatched,0,0,0
KAKDBB_19400 VapC toxin family PIN domain ribonuclease,Unmatched,0,0,0
KAKDBB_19405 hypothetical protein,Unmatched,0,0,0
KAKDBB_19410 clan AA aspartic protease,Unmatched,0,0,0
KAKDBB_19415 NAD(P)H-quinone oxidoreductase subunit F,Unmatched,0,0,0
KAKDBB_19420 PHP domain-containing protein,Unmatched,0,0,0
KAKDBB_19425 50S ribosomal protein L3,Unmatched,0,0,0
KAKDBB_19430 50S ribosomal protein L4,Unmatched,0,0,0
KAKDBB_19435 50S ribosomal protein L23,Unmatched,0,0,0
KAKDBB_19440 50S ribosomal protein L2,Unmatched,0,0,0
KAKDBB_19445 30S ribosomal protein S19,Unmatched,0,0,0
KAKDBB_19450 50S ribosomal protein L22,Unmatched,0,0,0
KAKDBB_19455 30S ribosomal protein S3,Unmatched,0,0,0
KAKDBB_19460 50S ribosomal protein L16,Unmatched,0,0,0
KAKDBB_19465 50S ribosomal protein L29,Unmatched,0,0,0
KAKDBB_19470 30S ribosomal protein S17,Unmatched,0,0,0
KAKDBB_19475 50S ribosomal protein L14,Unmatched,0,0,0
KAKDBB_19480 50S ribosomal protein L24,Unmatched,0,0,0
KAKDBB_19485 50S ribosomal protein L5,Unmatched,0,0,0
KAKDBB_19490 30S ribosomal protein S8,Unmatched,0,0,0
KAKDBB_19495 50S ribosomal protein L6,Unmatched,0,0,0
KAKDBB_19500 50S ribosomal protein L18,Unmatched,0,0,0
KAKDBB_19505 30S ribosomal protein S5,Unmatched,0,0,0
KAKDBB_19510 50S ribosomal protein L15,Unmatched,0,0,0
KAKDBB_19515 preprotein translocase subunit SecY,Unmatched,0,0,0
KAKDBB_19520 adenylate kinase,Unmatched,0,0,0
KAKDBB_19525 ATP-dependent Clp protease proteolytic subunit,Unmatched,0,0,0
KAKDBB_19530 ATP-dependent Clp protease proteolytic subunit,Unmatched,0,0,0
KAKDBB_19535 DUF1622 domain-containing protein,Unmatched,0,0,0
KAKDBB_19540 DNA-binding response regulator,Unmatched,0,0,0
KAKDBB_19545 hypothetical protein,Unmatched,0,0,0
KAKDBB_19550 DNA polymerase subunit beta,Unmatched,0,0,0
KAKDBB_19555 hypothetical protein,Unmatched,0,0,0
KAKDBB_19560 signal peptidase,Unmatched,0,0,0
KAKDBB_19565 4-hydroxy-tetrahydrodipicolinate reductase,Unmatched,0,0,0
KAKDBB_19570 hypothetical protein,Unmatched,0,0,0
KAKDBB_19575 polysaccharide deacetylase,Unmatched,0,0,0
KAKDBB_19580 NAD-dependent dehydratase,Unmatched,0,0,0
KAKDBB_19585 LTXXQ motif family protein,Unmatched,0,0,0
KAKDBB_19590 hypothetical protein,Unmatched,0,0,0
KAKDBB_19595 RNA polymerase subunit sigma,Unmatched,0,0,0
KAKDBB_19600 hypothetical protein,Unmatched,0,0,0
KAKDBB_19605 Transposase IS1182 family protein,Unmatched,0,0,0
KAKDBB_19610 hypothetical protein,Unmatched,0,0,0
KAKDBB_19615 hypothetical protein,Unmatched,0,0,0
KAKDBB_19620 hypothetical protein,Unmatched,0,0,0
KAKDBB_19625 DUF2283 domain-containing protein,Unmatched,0,0,0
KAKDBB_19630 Y1-Tnp domain-containing protein,Unmatched,0,0,0
KAKDBB_19635 hypothetical protein,Unmatched,0,0,0
KAKDBB_19640 hypothetical protein,Unmatched,0,0,0
KAKDBB_19645 ATPase-AAA-core domain-containing protein,Unmatched,0,0,0
KAKDBB_19650 DUF29 domain-containing protein,Unmatched,0,0,0
KAKDBB_19655 alpha/beta hydrolase,Unmatched,0,0,0
"KAKDBB_19660 Endo-1,3-1,4-beta-glycanase ExsH",Unmatched,0,0,0
KAKDBB_19665 Domain of unknown function DUF29,Unmatched,0,0,0
KAKDBB_19670 PEP-CTERM sorting domain-containing protein,Unmatched,0,0,0
KAKDBB_19675 hypothetical protein,Unmatched,0,0,0
KAKDBB_19680 DUF5615 domain-containing protein,Unmatched,0,0,0
KAKDBB_19685 hypothetical protein,Unmatched,0,0,0
KAKDBB_19690 DUF29 domain-containing protein,Unmatched,0,0,0
KAKDBB_19695 hypothetical protein,Unmatched,0,0,0
KAKDBB_19700 hypothetical protein,Unmatched,0,0,0
KAKDBB_19705 branched-chain amino acid ABC transporter substrate-binding protein,Unmatched,0,0,0
KAKDBB_19710 hypothetical protein,Unmatched,0,0,0
KAKDBB_19715 helix-turn-helix domain containing protein,Unmatched,0,0,0
KAKDBB_19720 acyl-CoA desaturase,Unmatched,0,0,0
KAKDBB_19725 CDP-diacylglycerol--glycerol-3-phosphate 3-phosphatidyltransferase,Unmatched,0,0,0
KAKDBB_19730 Calcium-binding protein,Unmatched,0,0,0
KAKDBB_19735 penicillin-binding protein,Unmatched,0,0,0
KAKDBB_19740 acetolactate synthase small subunit,Unmatched,0,0,0
KAKDBB_19745 hypothetical protein,Unmatched,0,0,0
KAKDBB_19750 hypothetical protein,Unmatched,0,0,0
KAKDBB_19755 type IV pili twitching motility protein PilT,Unmatched,0,0,0
KAKDBB_19760 hypothetical protein,Unmatched,0,0,0
KAKDBB_19765 hypothetical protein,Unmatched,0,0,0
KAKDBB_19770 potassium channel protein,Unmatched,0,0,0
KAKDBB_19775 aspartate aminotransferase family protein,Unmatched,0,0,0
KAKDBB_19780 Sulfotransferase,Unmatched,0,0,0
KAKDBB_19785 hypothetical protein,Unmatched,0,0,0
KAKDBB_19790 Hemolysin-type calcium-binding region,Unmatched,0,0,0
KAKDBB_19795 hypothetical protein,Unmatched,0,0,0
KAKDBB_19800 Transposase,Unmatched,0,0,0
"KAKDBB_19805 putative toxin-antitoxin system toxin component, PIN family",Unmatched,0,0,0
KAKDBB_19810 hypothetical protein,Unmatched,0,0,0
KAKDBB_19815 hypothetical protein,Unmatched,0,0,0
KAKDBB_19820 HTH cro/C1-type domain-containing protein,Unmatched,0,0,0
KAKDBB_19825 chromosome partitioning protein ParB,Unmatched,0,0,0
KAKDBB_19830 SWIM zinc finger domain-containing protein,Unmatched,0,0,0
KAKDBB_19835 fused N-dimethylarginine dimethylaminohydrolase/saccharopine dehydrogenase domain-containing protein,Unmatched,0,0,0
KAKDBB_19840 nuclease,Unmatched,0,0,0
KAKDBB_19845 hypothetical protein,Unmatched,0,0,0
KAKDBB_19850 HAD family phosphatase,Unmatched,0,0,0
KAKDBB_19855 hypothetical protein,Unmatched,0,0,0
KAKDBB_19860 hypothetical protein,Unmatched,0,0,0
KAKDBB_19865 hypothetical protein,Unmatched,0,0,0
KAKDBB_19870 hypothetical protein,Unmatched,0,0,0
KAKDBB_19875 hypothetical protein,Unmatched,0,0,0
KAKDBB_19880 S23 ribosomal protein,Unmatched,0,0,0
"KAKDBB_19885 Benzoyl-CoA reductase/2-hydroxyglutaryl-CoA dehydratase subunit, BcrC/BadD/HgdB",Unmatched,0,0,0
KAKDBB_19890 hypothetical protein,Unmatched,0,0,0
KAKDBB_19895 L-aspartate oxidase,Unmatched,0,0,0
KAKDBB_19900 HEAT repeat domain-containing protein,Unmatched,0,0,0
KAKDBB_19905 hypothetical protein,Unmatched,0,0,0
KAKDBB_19910 hypothetical protein,Unmatched,0,0,0
KAKDBB_19915 Transposase,Unmatched,0,0,0
KAKDBB_19920 DNA (cytosine-5-)-methyltransferase,Unmatched,0,0,0
KAKDBB_19925 K(+)-transporting ATPase subunit C,Unmatched,0,0,0
KAKDBB_19930 DUF218 domain-containing protein,Unmatched,0,0,0
KAKDBB_19935 hypothetical protein,Unmatched,0,0,0
KAKDBB_19940 transporter,Unmatched,0,0,0
KAKDBB_19945 LysR family transcriptional regulator,Unmatched,0,0,0
KAKDBB_19950 toxin-antitoxin system HicB family antitoxin,Unmatched,0,0,0
KAKDBB_19955 DUF29 domain-containing protein,Unmatched,0,0,0
KAKDBB_19960 hypothetical protein,Unmatched,0,0,0
KAKDBB_19965 PEP-CTERM domain-containing protein,Unmatched,0,0,0
KAKDBB_19970 PEP-CTERM domain-containing protein,Unmatched,0,0,0
KAKDBB_19975 nucleotidyltransferase,Unmatched,0,0,0
KAKDBB_19980 hypothetical protein,Unmatched,0,0,0
KAKDBB_19985 hypothetical protein,Unmatched,0,0,0
KAKDBB_19990 DUF433 domain-containing protein,Unmatched,0,0,0
KAKDBB_19995 glutamate synthase large subunit,Unmatched,0,0,0
KAKDBB_20000 restriction endonuclease subunit M,Unmatched,0,0,0
KAKDBB_20005 Methylase-S domain-containing protein,Unmatched,0,0,0
KAKDBB_20010 hypothetical protein,Unmatched,0,0,0
KAKDBB_20015 hypothetical protein,Unmatched,0,0,0
KAKDBB_20020 hypothetical protein,Unmatched,0,0,0
KAKDBB_20025 Putative restriction endonuclease,Unmatched,0,0,0
KAKDBB_20030 LysR family transcriptional regulator,Unmatched,0,0,0
KAKDBB_20035 NAD(P)H-quinone oxidoreductase subunit F,Unmatched,0,0,0
KAKDBB_20040 carbonate dehydratase,Unmatched,0,0,0
KAKDBB_20045 NADH-quinone oxidoreductase subunit M,Unmatched,0,0,0
KAKDBB_20050 carbon dioxide transporter,Unmatched,0,0,0
KAKDBB_20055 Putative restriction endonuclease,Unmatched,0,0,0
KAKDBB_20060 DUF2232 domain-containing protein,Unmatched,0,0,0
KAKDBB_20065 FkbM family methyltransferase,Unmatched,0,0,0
KAKDBB_20070 ribonuclease E/G,Unmatched,0,0,0
KAKDBB_20075 ribonuclease HII,Unmatched,0,0,0
KAKDBB_20080 hypothetical protein,Unmatched,0,0,0
KAKDBB_20085 molecular chaperone DnaK,Unmatched,0,0,0
KAKDBB_20090 phosphomethylpyrimidine synthase,Unmatched,0,0,0
KAKDBB_20095 phycobiliprotein lyase,Unmatched,0,0,0
KAKDBB_20100 NAD(+) kinase,Unmatched,0,0,0
KAKDBB_20105 plasma-membrane proton-efflux P-type ATPase,Unmatched,0,0,0
KAKDBB_20110 glycosyl transferase family 1,Unmatched,0,0,0
KAKDBB_20115 mannosyltransferase,Unmatched,0,0,0
KAKDBB_20120 site-specific DNA-methyltransferase,Unmatched,0,0,0
KAKDBB_20125 Zn-dependent hydrolase,Unmatched,0,0,0
KAKDBB_20130 decarboxylating NADP(+)-dependent phosphogluconate dehydrogenase,Unmatched,0,0,0
KAKDBB_20135 DUF1815 domain-containing protein,Unmatched,0,0,0
KAKDBB_20140 glycosyl transferase,Unmatched,0,0,0
KAKDBB_20145 hypothetical protein,Unmatched,0,0,0
KAKDBB_20150 sulfonate ABC transporter permease,Unmatched,0,0,0
KAKDBB_20155 serine/threonine protein kinase,Unmatched,0,0,0
KAKDBB_20160 DUF1698 domain-containing protein,Unmatched,0,0,0
KAKDBB_20165 hypothetical protein,Unmatched,0,0,0
KAKDBB_20170 mannosyltransferase,Unmatched,0,0,0
KAKDBB_20175 glycosyltransferase,Unmatched,0,0,0
KAKDBB_20180 hypothetical protein,Unmatched,0,0,0
KAKDBB_20185 hypothetical protein,Unmatched,0,0,0
KAKDBB_20190 acid phosphatase,Unmatched,0,0,0
KAKDBB_20195 farnesyl-diphosphate synthase,Unmatched,0,0,0
KAKDBB_20200 serine/threonine protein kinase,Unmatched,0,0,0
KAKDBB_20205 peptide deformylase,Unmatched,0,0,0
KAKDBB_20210 hypothetical protein,Unmatched,0,0,0
KAKDBB_20225 hypothetical protein,Unmatched,0,0,0
KAKDBB_20230 Aspartate aminotransferase,Unmatched,0,0,0
KAKDBB_20235 DUF4164 domain-containing protein,Unmatched,0,0,0
KAKDBB_20240 ABC transporter ATP-binding protein,Unmatched,0,0,0
KAKDBB_20245 hypothetical protein,Unmatched,0,0,0
KAKDBB_20250 ATP-binding protein,Unmatched,0,0,0
KAKDBB_20255 translation elongation factor 4,Unmatched,0,0,0
KAKDBB_20260 hypothetical protein,Unmatched,0,0,0
KAKDBB_20265 hypothetical protein,Unmatched,0,0,0
KAKDBB_20270 hypothetical protein,Unmatched,0,0,0
KAKDBB_20275 ATP-binding protein,Unmatched,0,0,0
KAKDBB_20280 tetratricopeptide repeat protein,Unmatched,0,0,0
KAKDBB_20285 type II toxin-antitoxin system RelE/ParE family toxin,Unmatched,0,0,0
KAKDBB_20290 hypothetical protein,Unmatched,0,0,0
KAKDBB_20295 DUF3782 domain-containing protein,Unmatched,0,0,0
KAKDBB_20300 amidase,Unmatched,0,0,0
KAKDBB_20305 hypothetical protein,Unmatched,0,0,0
KAKDBB_20310 hypothetical protein,Unmatched,0,0,0
KAKDBB_20315 protein phosphatase,Unmatched,0,0,0
KAKDBB_20320 hypothetical protein,Unmatched,0,0,0
KAKDBB_20325 DUF2949 domain-containing protein,Unmatched,0,0,0
"KAKDBB_20330 Uncharacterized ACR, COG1430",Unmatched,0,0,0
KAKDBB_20335 cytochrome B6,Unmatched,0,0,0
KAKDBB_20340 photosystem II reaction center protein Psb28,Unmatched,0,0,0
KAKDBB_20345 epimerase,Unmatched,0,0,0
KAKDBB_20350 Serine/threonine kinase,Unmatched,0,0,0
KAKDBB_20355 diaminopimelate decarboxylase,Unmatched,0,0,0
KAKDBB_20360 diadenylate cyclase CdaA,Unmatched,0,0,0
KAKDBB_20365 isoprenyl transferase,Unmatched,0,0,0
KAKDBB_20370 DUF1825 domain-containing protein,Unmatched,0,0,0
KAKDBB_20375 helicase,Unmatched,0,0,0
KAKDBB_20380 FAD-dependent oxidoreductase,Unmatched,0,0,0
KAKDBB_20385 DUF4276 domain-containing protein,Unmatched,0,0,0
KAKDBB_20390 chromosome segregation protein SMC,Unmatched,0,0,0
KAKDBB_20395 dehydrogenase,Unmatched,0,0,0
KAKDBB_20400 3-dehydroquinate synthase,Unmatched,0,0,0
KAKDBB_20405 hypothetical protein,Unmatched,0,0,0
KAKDBB_20410 Cytochrome b6-f complex subunit 8,Unmatched,0,0,0
KAKDBB_20415 hypothetical protein,Unmatched,0,0,0
KAKDBB_20420 exonuclease sbcCD subunit D,Unmatched,0,0,0
KAKDBB_20425 protein kinase,Unmatched,0,0,0
KAKDBB_20430 ATP-binding protein,Unmatched,0,0,0
KAKDBB_20435 anti-anti-sigma factor,Unmatched,0,0,0
KAKDBB_20440 DUF3318 domain-containing protein,Unmatched,0,0,0
KAKDBB_20445 ribonuclease D,Unmatched,0,0,0
KAKDBB_20450 CAP domain-containing protein,Unmatched,0,0,0
KAKDBB_20455 hypothetical protein,Unmatched,0,0,0
KAKDBB_20460 GAF domain-containing protein,Unmatched,0,0,0
KAKDBB_20465 apolipoprotein N-acyltransferase,Unmatched,0,0,0
KAKDBB_20470 hypothetical protein,Unmatched,0,0,0
KAKDBB_20475 chaperone protein ClpB,Unmatched,0,0,0
KAKDBB_20480 hypothetical protein,Unmatched,0,0,0
KAKDBB_20485 HTH cro/C1-type domain-containing protein,Unmatched,0,0,0
KAKDBB_20490 hypothetical protein,Unmatched,0,0,0
KAKDBB_20495 DUF4926 domain-containing protein,Unmatched,0,0,0
KAKDBB_20500 hypothetical protein,Unmatched,0,0,0
KAKDBB_20505 BrnT family toxin,Unmatched,0,0,0
KAKDBB_20510 hypothetical protein,Unmatched,0,0,0
KAKDBB_20515 hypothetical protein,Unmatched,0,0,0
KAKDBB_20520 Zeta toxin family protein,Unmatched,0,0,0
KAKDBB_20525 Two pore domain potassium channel family protein,Unmatched,0,0,0
KAKDBB_20530 HTH cro/C1-type domain-containing protein,Unmatched,0,0,0
KAKDBB_20535 hypothetical protein,Unmatched,0,0,0
KAKDBB_20540 hypothetical protein,Unmatched,0,0,0
KAKDBB_20545 hypothetical protein,Unmatched,0,0,0
KAKDBB_20550 BrnA antitoxin family protein,Unmatched,0,0,0
KAKDBB_20555 BrnT family toxin,Unmatched,0,0,0
KAKDBB_20560 DUF86 domain-containing protein,Unmatched,0,0,0
KAKDBB_20565 NTP-transf-2 domain-containing protein,Unmatched,0,0,0
KAKDBB_20570 nucleic acid-binding protein,Unmatched,0,0,0
KAKDBB_20575 hypothetical protein,Unmatched,0,0,0
KAKDBB_20580 Serine/threonine protein kinase,Unmatched,0,0,0
KAKDBB_20585 hypothetical protein,Unmatched,0,0,0
KAKDBB_20590 branched-chain amino acid ABC transporter permease,Unmatched,0,0,0
KAKDBB_20595 Putative manganese efflux pump,Unmatched,0,0,0
KAKDBB_20600 7-cyano-7-deazaguanine synthase QueC,Unmatched,0,0,0
KAKDBB_20605 aspartyl protease,Unmatched,0,0,0
KAKDBB_20610 hypothetical protein,Unmatched,0,0,0
KAKDBB_20615 7-carboxy-7-deazaguanine synthase QueE,Unmatched,0,0,0
KAKDBB_20620 Ycf51-like protein,Unmatched,0,0,0
KAKDBB_20625 oxidoreductase,Unmatched,0,0,0
KAKDBB_20630 hypothetical protein,Unmatched,0,0,0
KAKDBB_20635 acetyl-CoA carboxylase biotin carboxylase subunit,Unmatched,0,0,0
KAKDBB_20640 histidinol dehydrogenase,Unmatched,0,0,0
KAKDBB_20645 ABC transporter permease,Unmatched,0,0,0
KAKDBB_20650 glucose-6-phosphate isomerase,Unmatched,0,0,0
KAKDBB_20655 hypothetical protein,Unmatched,0,0,0
KAKDBB_20660 Similar to tr|Q7NFK4|Q7NFK4,Unmatched,0,0,0
KAKDBB_20665 hypothetical protein,Unmatched,0,0,0
KAKDBB_20670 AbrB/MazE/SpoVT family DNA-binding domain-containing protein,Unmatched,0,0,0
KAKDBB_20675 type II toxin-antitoxin system death-on-curing family toxin,Unmatched,0,0,0
KAKDBB_20680 hypothetical protein,Unmatched,0,0,0
KAKDBB_20685 ATP-binding protein,Unmatched,0,0,0
"KAKDBB_20690 Membrane-bound metal-dependent hydrolase YdjM, induced during SOS response",Unmatched,0,0,0
KAKDBB_20695 DUF3854 domain-containing protein,Unmatched,0,0,0
KAKDBB_20700 Nitrogen regulatory protein P-II,Unmatched,0,0,0
KAKDBB_20705 DUF4079 domain-containing protein,Unmatched,0,0,0
KAKDBB_20710 phosphoribosyltransferase,Unmatched,0,0,0
KAKDBB_20715 DUF1232 domain-containing protein,Unmatched,0,0,0
KAKDBB_20720 hypothetical protein,Unmatched,0,0,0
KAKDBB_20725 Ribosomal protein S1,Unmatched,0,0,0
KAKDBB_20730 hypothetical protein,Unmatched,0,0,0
KAKDBB_20735 hypothetical protein,Unmatched,0,0,0
KAKDBB_20740 hypothetical protein,Unmatched,0,0,0
KAKDBB_20745 Uncharacterised protein family (UPF0175),Unmatched,0,0,0
KAKDBB_20750 DUF3368 domain-containing protein,Unmatched,0,0,0
KAKDBB_20755 Txe/YoeB family addiction module toxin,Unmatched,0,0,0
KAKDBB_20760 prevent-host-death protein,Unmatched,0,0,0
KAKDBB_20765 PEP-CTERM sorting domain-containing protein,Unmatched,0,0,0
KAKDBB_20770 addiction module antitoxin,Unmatched,0,0,0
KAKDBB_20775 Uncharacterised protein family (UPF0175),Unmatched,0,0,0
KAKDBB_20780 DUF86 domain-containing protein,Unmatched,0,0,0
KAKDBB_20790 superoxide dismutase,Unmatched,0,0,0
KAKDBB_20795 homoserine kinase,Unmatched,0,0,0
KAKDBB_20800 Methyltransferase,Unmatched,0,0,0
KAKDBB_20805 Endonuc-BglI domain-containing protein,Unmatched,0,0,0
KAKDBB_20810 XRE family transcriptional regulator,Unmatched,0,0,0
"KAKDBB_20815 C-3',4' desaturase CrtD",Unmatched,0,0,0
KAKDBB_20820 PEP-CTERM sorting domain-containing protein,Unmatched,0,0,0
KAKDBB_20825 alpha-ribazole phosphatase,Unmatched,0,0,0
KAKDBB_20830 Rho termination protein,Unmatched,0,0,0
KAKDBB_20835 acetolactate synthase large subunit,Unmatched,0,0,0
KAKDBB_20840 polyketide cyclase/dehydrase and lipid transport protein,Unmatched,0,0,0
KAKDBB_20845 hypothetical protein,Unmatched,0,0,0
KAKDBB_20850 SSU ribosomal protein S6p,Unmatched,0,0,0
KAKDBB_20855 PEP-CTERM sorting domain-containing protein,Unmatched,0,0,0
KAKDBB_20870 TetR family transcriptional regulator,Unmatched,0,0,0
KAKDBB_20875 HlyD family secretion protein,Unmatched,0,0,0
KAKDBB_20880 ABC transporter permease DevC,Unmatched,0,0,0
KAKDBB_20885 ABC transporter,Unmatched,0,0,0
KAKDBB_20890 tRNA-Ser(gct),Unmatched,0,0,0
KAKDBB_20915 Similarity,Unmatched,0,0,0
KAKDBB_20920 hypothetical protein,Unmatched,0,0,0
KAKDBB_20925 PINc domain-containing protein,Unmatched,0,0,0
KAKDBB_20930 hypothetical protein,Unmatched,0,0,0
KAKDBB_20935 DUF5615 domain-containing protein,Unmatched,0,0,0
KAKDBB_20940 DUF29 domain-containing protein,Unmatched,0,0,0
KAKDBB_20945 molecular chaperone Tir,Unmatched,0,0,0
KAKDBB_20950 Four helix bundle protein,Unmatched,0,0,0
KAKDBB_20955 bifunctional phosphoribosyl-AMP cyclohydrolase/phosphoribosyl-ATP diphosphatase HisIE,Unmatched,0,0,0
KAKDBB_20960 NAD(P)/FAD-dependent oxidoreductase,Unmatched,0,0,0
KAKDBB_20965 dTMP kinase,Unmatched,0,0,0
KAKDBB_20970 thymidylate synthase,Unmatched,0,0,0
KAKDBB_20975 DUF4278 domain-containing protein,Unmatched,0,0,0
KAKDBB_20980 Photosynthesis regulatory RNA1,Unmatched,0,0,0
KAKDBB_20985 ATP-binding protein,Unmatched,0,0,0
KAKDBB_20990 ABC transporter permease,Unmatched,0,0,0
KAKDBB_20995 ABC transporter ATP-binding protein,Unmatched,0,0,0
KAKDBB_21000 Transposase,Unmatched,0,0,0
KAKDBB_21005 transposase,Unmatched,0,0,0
KAKDBB_21010 glycosyl transferase family A,Unmatched,0,0,0
KAKDBB_21015 hypothetical protein,Unmatched,0,0,0
KAKDBB_21020 D-glycero-D-manno-heptose 1-phosphate guanosyltransferase,Unmatched,0,0,0
KAKDBB_21025 dehydrogenase,Unmatched,0,0,0
KAKDBB_21030 phosphoheptose isomerase,Unmatched,0,0,0
KAKDBB_21035 HAD family hydrolase,Unmatched,0,0,0
KAKDBB_21040 glycosyl transferase family 1,Unmatched,0,0,0
KAKDBB_21045 glycosyltransferase family 1 protein,Unmatched,0,0,0
"KAKDBB_21050 addiction module toxin, HicA family",Unmatched,0,0,0
KAKDBB_21055 Type II toxin-antitoxin system HicB family antitoxin,Unmatched,0,0,0
KAKDBB_21060 restriction endonuclease subunit M,Unmatched,0,0,0
KAKDBB_21065 hypothetical protein,Unmatched,0,0,0
KAKDBB_21070 redox-regulated ATPase YchF,Unmatched,0,0,0
KAKDBB_21075 elongation factor G,Unmatched,0,0,0
KAKDBB_21080 Methyltransferase domain protein,Unmatched,0,0,0
KAKDBB_21085 (2Fe-2S)-binding protein,Unmatched,0,0,0
KAKDBB_21090 cobyric acid synthase CobQ,Unmatched,0,0,0
KAKDBB_21095 hypothetical protein,Unmatched,0,0,0
KAKDBB_21100 hypothetical protein,Unmatched,0,0,0
KAKDBB_21105 ferredoxin,Unmatched,0,0,0
KAKDBB_21110 DUF2442 domain-containing protein,Unmatched,0,0,0
KAKDBB_21115 DUF4160 domain-containing protein,Unmatched,0,0,0
"KAKDBB_21120 type II toxin-antitoxin system mRNA interferase toxin, RelE/StbE family",Unmatched,0,0,0
KAKDBB_21125 hypothetical protein,Unmatched,0,0,0
KAKDBB_21130 hypothetical protein,Unmatched,0,0,0
KAKDBB_21135 hypothetical protein,Unmatched,0,0,0
KAKDBB_21140 putative methyltransferase regulatory domain-containing protein,Unmatched,0,0,0
KAKDBB_21145 hypothetical protein,Unmatched,0,0,0
KAKDBB_21150 hypothetical protein,Unmatched,0,0,0
KAKDBB_21155 geranylgeranyl reductase,Unmatched,0,0,0
KAKDBB_21160 class III poly(R)-hydroxyalkanoic acid synthase subunit PhaC,Unmatched,0,0,0
KAKDBB_21165 class III poly(R)-hydroxyalkanoic acid synthase subunit PhaE,Unmatched,0,0,0
KAKDBB_21170 beta-ketoacyl-ACP reductase,Unmatched,0,0,0
KAKDBB_21175 acetyl-CoA C-acyltransferase,Unmatched,0,0,0
KAKDBB_21180 FAD-dependent oxidoreductase,Unmatched,0,0,0
KAKDBB_21185 photosystem II protein PsbQ,Unmatched,0,0,0
KAKDBB_21190 ATP synthase subunit I,Unmatched,0,0,0
KAKDBB_21195 F0F1 ATP synthase subunit A,Unmatched,0,0,0
KAKDBB_21200 ATP synthase F0 subunit C,Unmatched,0,0,0
KAKDBB_21205 glycine cleavage system protein GcvH,Unmatched,0,0,0
KAKDBB_21210 acetyl CoA synthetase subunit alpha,Unmatched,0,0,0
KAKDBB_21215 UDP-glucose 4-epimerase,Unmatched,0,0,0
KAKDBB_21220 dTDP-Rha--alpha-D-GlcNAc-pyrophosphate polyprenol alpha-3-L-rhamnosyltransferase,Unmatched,0,0,0
KAKDBB_21225 SAM-dependent methyltransferase,Unmatched,0,0,0
KAKDBB_21230 glycosyl transferase,Unmatched,0,0,0
KAKDBB_21235 Glyco-trans-2-like domain-containing protein,Unmatched,0,0,0
KAKDBB_21240 Male sterility domain-containing protein,Unmatched,0,0,0
KAKDBB_21245 glycosyltransferase family 1 protein,Unmatched,0,0,0
KAKDBB_21250 glycosyl transferase family 1,Unmatched,0,0,0
KAKDBB_21255 methyltransferase,Unmatched,0,0,0
KAKDBB_21260 class I SAM-dependent methyltransferase,Unmatched,0,0,0
KAKDBB_21265 glycosyltransferase,Unmatched,0,0,0
KAKDBB_21270 hypothetical protein,Unmatched,0,0,0
KAKDBB_21275 FkbM family methyltransferase,Unmatched,0,0,0
KAKDBB_21280 glycosyltransferase family 1 protein,Unmatched,0,0,0
KAKDBB_21285 hypothetical protein,Unmatched,0,0,0
KAKDBB_21290 hypothetical protein,Unmatched,0,0,0
KAKDBB_21295 DUF2283 domain-containing protein,Unmatched,0,0,0
KAKDBB_21300 hypothetical protein,Unmatched,0,0,0
KAKDBB_21305 Uma2 family endonuclease,Unmatched,0,0,0
KAKDBB_21310 hypothetical protein,Unmatched,0,0,0
KAKDBB_21315 hypothetical protein,Unmatched,0,0,0
KAKDBB_21320 hypothetical protein,Unmatched,0,0,0
KAKDBB_21325 hypothetical protein,Unmatched,0,0,0
"KAKDBB_21330 Zinc finger, YgiT-type",Unmatched,0,0,0
KAKDBB_21335 peptidylprolyl isomerase,Unmatched,0,0,0
KAKDBB_21340 HlyD family secretion protein,Unmatched,0,0,0
KAKDBB_21345 peptidase C39,Unmatched,0,0,0
KAKDBB_21350 transposase,Unmatched,0,0,0
KAKDBB_21355 peroxiredoxin,Unmatched,0,0,0
KAKDBB_21360 MFS transporter,Unmatched,0,0,0
KAKDBB_21365 Similarity,Unmatched,0,0,0
KAKDBB_21370 Nitrate/nitrite transporter NrtS,Unmatched,0,0,0
KAKDBB_21375 GUN4 domain-containing protein,Unmatched,0,0,0
KAKDBB_21380 carbon dioxide transporter,Unmatched,0,0,0
KAKDBB_21385 DUF1823 domain-containing protein,Unmatched,0,0,0
KAKDBB_21390 EamA family transporter,Unmatched,0,0,0
KAKDBB_21395 hypothetical protein,Unmatched,0,0,0
KAKDBB_21400 DUF5615 domain-containing protein,Unmatched,0,0,0
KAKDBB_21405 hypothetical protein,Unmatched,0,0,0
KAKDBB_21410 peptidase C69,Unmatched,0,0,0
KAKDBB_21415 Tetratricopeptide repeat protein,Unmatched,0,0,0
KAKDBB_21420 hypothetical protein,Unmatched,0,0,0
KAKDBB_21425 hypothetical protein,Unmatched,0,0,0
KAKDBB_21430 molecular chaperone DnaJ,Unmatched,0,0,0
KAKDBB_21435 TVP38/TMEM64 family protein,Unmatched,0,0,0
KAKDBB_21440 glycogen-debranching protein,Unmatched,0,0,0
KAKDBB_21445 hypothetical protein,Unmatched,0,0,0
KAKDBB_21450 stem cell self-renewal protein Piwi,Unmatched,0,0,0
KAKDBB_21455 PDDEXK-1 domain-containing protein,Unmatched,0,0,0
KAKDBB_21460 XRE family transcriptional regulator,Unmatched,0,0,0
KAKDBB_21465 IrrE N-terminal-like domain-containing protein,Unmatched,0,0,0
KAKDBB_21470 LysR family transcriptional regulator,Unmatched,0,0,0
KAKDBB_21475 hypothetical protein,Unmatched,0,0,0
KAKDBB_21480 peptidase,Unmatched,0,0,0
KAKDBB_21485 alpha/beta hydrolase,Unmatched,0,0,0
KAKDBB_21490 alpha/beta hydrolase,Unmatched,0,0,0
KAKDBB_21495 chorismate mutase,Unmatched,0,0,0
KAKDBB_21500 signal peptide peptidase SppA,Unmatched,0,0,0
KAKDBB_21505 hypothetical protein,Unmatched,0,0,0
KAKDBB_21510 type I glutamate--ammonia ligase,Unmatched,0,0,0
KAKDBB_21515 hypothetical protein,Unmatched,0,0,0
KAKDBB_21520 ABC transporter,Unmatched,0,0,0
KAKDBB_21525 mannose-1-phosphate guanylyltransferase,Unmatched,0,0,0
KAKDBB_21530 apocytochrome f,Unmatched,0,0,0
KAKDBB_21535 Cytochrome b6-f complex iron-sulfur subunit,Unmatched,0,0,0
KAKDBB_21540 N6-Mtase domain-containing protein,Unmatched,0,0,0
KAKDBB_21545 hypothetical protein,Unmatched,0,0,0
KAKDBB_21550 DNA polymerase subunit beta,Unmatched,0,0,0
KAKDBB_21555 nucleotidyltransferase,Unmatched,0,0,0
KAKDBB_21560 Ribonuclease HepT-like,Unmatched,0,0,0
KAKDBB_21565 hypothetical protein,Unmatched,0,0,0
KAKDBB_21570 heavy metal transporter,Unmatched,0,0,0
KAKDBB_21575 hypothetical protein,Unmatched,0,0,0
KAKDBB_21580 DNA polymerase I,Unmatched,0,0,0
KAKDBB_21585 hypothetical protein,Unmatched,0,0,0
KAKDBB_21590 Type II toxin-antitoxin system VapC family toxin,Unmatched,0,0,0
KAKDBB_21595 NAD-dependent dehydratase,Unmatched,0,0,0
KAKDBB_21600 UDP-glucose 6-dehydrogenase,Unmatched,0,0,0
KAKDBB_21605 nitrogenase,Unmatched,0,0,0
KAKDBB_21610 sodium-independent anion transporter,Unmatched,0,0,0
KAKDBB_21615 peptide chain release factor 1,Unmatched,0,0,0
KAKDBB_21620 bifunctional ornithine acetyltransferase/N-acetylglutamate synthase,Unmatched,0,0,0
KAKDBB_21625 DNA-binding protein,Unmatched,0,0,0
KAKDBB_21630 CopG family transcriptional regulator,Unmatched,0,0,0
KAKDBB_21635 hypothetical protein,Unmatched,0,0,0
KAKDBB_21640 hypothetical protein,Unmatched,0,0,0
KAKDBB_21645 hypothetical protein,Unmatched,0,0,0
KAKDBB_21650 cadmium-translocating P-type ATPase,Unmatched,0,0,0
KAKDBB_21655 hypothetical protein,Unmatched,0,0,0
KAKDBB_21660 DNA polymerase III subunit delta',Unmatched,0,0,0
KAKDBB_21665 neurohypophysial hormones like protein,Unmatched,0,0,0
KAKDBB_21670 ATP-dependent zinc metalloprotease FtsH2,Unmatched,0,0,0
KAKDBB_21675 DNA adenine methylase,Unmatched,0,0,0
KAKDBB_21680 hypothetical protein,Unmatched,0,0,0
KAKDBB_21685 hypothetical protein,Unmatched,0,0,0
KAKDBB_21690 Phosphomannomutase,Unmatched,0,0,0
KAKDBB_21695 Phosphomannomutase,Unmatched,0,0,0
KAKDBB_21700 four helix bundle protein,Unmatched,0,0,0
KAKDBB_21705 Methyltransferase type 11,Unmatched,0,0,0
KAKDBB_21710 hypothetical protein,Unmatched,0,0,0
KAKDBB_21715 ISAs1 family transposase,Unmatched,0,0,0
KAKDBB_21720 Mobile element protein,Unmatched,0,0,0
KAKDBB_21725 Transposase,Unmatched,0,0,0
"KAKDBB_21730 precorrin-6Y C5,15-methyltransferase subunit CbiT",Unmatched,0,0,0
KAKDBB_21735 phosphatidate cytidylyltransferase,Unmatched,0,0,0
KAKDBB_21740 uroporphyrinogen-III C-methyltransferase,Unmatched,0,0,0
KAKDBB_21745 Cell division trigger factor,Unmatched,0,0,0
KAKDBB_21750 carbon dioxide-concentrating protein CcmK,Unmatched,0,0,0
KAKDBB_21755 carbon dioxide-concentrating mechanism protein CcmK,Unmatched,0,0,0
KAKDBB_21760 hypothetical protein,Unmatched,0,0,0
KAKDBB_21765 Transposase,Unmatched,0,0,0
KAKDBB_21770 DUF3782 domain-containing protein,Unmatched,0,0,0
KAKDBB_21775 nucleotidyltransferase domain-containing protein,Unmatched,0,0,0
KAKDBB_21780 DNA-binding protein,Unmatched,0,0,0
KAKDBB_21885 tRNA-Ala(tgc),Unmatched,0,0,0
KAKDBB_21900 UDP-3-O-acyl-N-acetylglucosamine deacetylase,Unmatched,0,0,0
KAKDBB_21905 outer membrane protein assembly factor,Unmatched,0,0,0
KAKDBB_21910 histidine kinase,Unmatched,0,0,0
KAKDBB_21915 biopolymer transporter ExbB,Unmatched,0,0,0
KAKDBB_21920 biopolymer transporter ExbD,Unmatched,0,0,0
KAKDBB_21925 hypothetical protein,Unmatched,0,0,0
KAKDBB_21930 polysaccharide pyruvyl transferase CsaB,Unmatched,0,0,0
KAKDBB_21935 RuBisCO accumulation factor 1,Unmatched,0,0,0
KAKDBB_21940 ethanolamine utilization microcompartment protein EutM,Unmatched,0,0,0
KAKDBB_21945 molybdate ABC transporter substrate-binding protein,Unmatched,0,0,0
KAKDBB_21950 molybdate ABC transporter permease subunit,Unmatched,0,0,0
KAKDBB_21955 tRNA (adenosine(37)-N6)-threonylcarbamoyltransferase complex dimerization subunit type 1 TsaB,Unmatched,0,0,0
KAKDBB_21960 tRNA-Lys(ttt),Unmatched,0,0,0
KAKDBB_21965 aldose epimerase,Unmatched,0,0,0
KAKDBB_21970 phosphatidate cytidylyltransferase,Unmatched,0,0,0
KAKDBB_21975 membrane protein insertion efficiency factor YidD,Unmatched,0,0,0
KAKDBB_21980 DUF2993 domain-containing protein,Unmatched,0,0,0
KAKDBB_21985 ferrochelatase,Unmatched,0,0,0
KAKDBB_21990 tRNA-Arg(tct),Unmatched,0,0,0
KAKDBB_21995 hypothetical protein,Unmatched,0,0,0
KAKDBB_22000 hypothetical protein,Unmatched,0,0,0
KAKDBB_22005 hypothetical protein,Unmatched,0,0,0
KAKDBB_22010 hypothetical protein,Unmatched,0,0,0
KAKDBB_22015 ATPase,Unmatched,0,0,0
KAKDBB_22020 PEP-CTERM sorting domain-containing protein,Unmatched,0,0,0
"KAKDBB_22025 type II toxin-antitoxin system mRNA interferase toxin, RelE/StbE family",Unmatched,0,0,0
KAKDBB_22030 HicB-like domain-containing protein,Unmatched,0,0,0
KAKDBB_22035 asparaginase,Unmatched,0,0,0
KAKDBB_22040 DUF1230 domain-containing protein,Unmatched,0,0,0
KAKDBB_22045 ribosome silencing factor,Unmatched,0,0,0
KAKDBB_22050 bis(5'-nucleosyl)-tetraphosphatase (symmetrical) YqeK,Unmatched,0,0,0
KAKDBB_22055 GTP-binding protein,Unmatched,0,0,0
KAKDBB_22060 alpha-ketoacid dehydrogenase subunit beta,Unmatched,0,0,0
KAKDBB_22065 protein translocase subunit SecD,Unmatched,0,0,0
KAKDBB_22070 protein translocase subunit SecF,Unmatched,0,0,0
KAKDBB_22075 XRE family transcriptional regulator,Unmatched,0,0,0
KAKDBB_22080 hypothetical protein,Unmatched,0,0,0
KAKDBB_22085 glycosyl transferase family 1,Unmatched,0,0,0
KAKDBB_22090 chorismate synthase,Unmatched,0,0,0
KAKDBB_22095 DNA/RNA nuclease SfsA,Unmatched,0,0,0
KAKDBB_22100 RNA-binding protein,Unmatched,0,0,0
KAKDBB_22105 LuxR family transcriptional regulator,Unmatched,0,0,0
KAKDBB_22110 UPF0367 protein MAE_19160,Unmatched,0,0,0
KAKDBB_22115 HicB-like domain-containing protein,Unmatched,0,0,0
"KAKDBB_22120 HicA toxin of bacterial toxin-antitoxin,",Unmatched,0,0,0
KAKDBB_22125 Type II toxin-antitoxin system HicB family antitoxin,Unmatched,0,0,0
KAKDBB_22130 All1724 protein,Unmatched,0,0,0
KAKDBB_22135 Txe/YoeB family addiction module toxin,Unmatched,0,0,0
KAKDBB_22140 prevent-host-death protein,Unmatched,0,0,0
KAKDBB_22145 SAM-dependent methyltransferase,Unmatched,0,0,0
KAKDBB_22150 restriction endonuclease,Unmatched,0,0,0
KAKDBB_22155 IS630 family transposase,Unmatched,0,0,0
KAKDBB_22160 hypothetical protein,Unmatched,0,0,0
KAKDBB_22165 hypothetical protein,Unmatched,0,0,0
KAKDBB_22170 Dolichyl-phosphate-mannose-protein mannosyltransferase,Unmatched,0,0,0
KAKDBB_22175 hypothetical protein,Unmatched,0,0,0
KAKDBB_22180 ATP-dependent Clp protease ATP-binding subunit ClpC,Unmatched,0,0,0
KAKDBB_22185 hypothetical protein,Unmatched,0,0,0
KAKDBB_22190 hypothetical protein,Unmatched,0,0,0
KAKDBB_22195 hypothetical protein,Unmatched,0,0,0
KAKDBB_22200 PEP-CTERM sorting domain-containing protein,Unmatched,0,0,0
KAKDBB_22205 Uma2 domain-containing protein,Unmatched,0,0,0
KAKDBB_22210 Fructosamine kinase,Unmatched,0,0,0
KAKDBB_22215 peptidase M16,Unmatched,0,0,0
KAKDBB_22220 hypothetical protein,Unmatched,0,0,0
KAKDBB_22225 hypothetical protein,Unmatched,0,0,0
KAKDBB_22230 hypothetical protein,Unmatched,0,0,0
KAKDBB_22235 pilus motility taxis protein HmpF,Unmatched,0,0,0
KAKDBB_22240 transposase,Unmatched,0,0,0
KAKDBB_22245 two-component system response regulator,Unmatched,0,0,0
KAKDBB_22250 chemotaxis protein CheW,Unmatched,0,0,0
KAKDBB_22255 chemotaxis protein,Unmatched,0,0,0
KAKDBB_22260 glycosyltransferase,Unmatched,0,0,0
KAKDBB_22265 serine/threonine protein kinase,Unmatched,0,0,0
KAKDBB_22270 ISKra4 family transposase,Unmatched,0,0,0
KAKDBB_22275 ISKra4 family transposase,Unmatched,0,0,0
KAKDBB_22280 DNA (cytosine-5-)-methyltransferase,Unmatched,0,0,0
KAKDBB_22285 hypothetical protein,Unmatched,0,0,0
KAKDBB_22290 septum site-determining protein MinC,Unmatched,0,0,0
KAKDBB_22295 septum site-determining protein MinD,Unmatched,0,0,0
KAKDBB_22300 cell division topological specificity factor MinE,Unmatched,0,0,0
KAKDBB_22305 hypothetical protein,Unmatched,0,0,0
KAKDBB_22310 phosphoenolpyruvate carboxylase,Unmatched,0,0,0
KAKDBB_22315 hypothetical protein,Unmatched,0,0,0
KAKDBB_22320 hypothetical protein,Unmatched,0,0,0
KAKDBB_22325 hypothetical protein,Unmatched,0,0,0
KAKDBB_22330 oxidoreductase,Unmatched,0,0,0
KAKDBB_22335 hypothetical protein,Unmatched,0,0,0
KAKDBB_22340 hypothetical protein,Unmatched,0,0,0
KAKDBB_22345 bidirectional hydrogenase complex protein HoxU,Unmatched,0,0,0
KAKDBB_22350 hydroxylamine reductase,Unmatched,0,0,0
KAKDBB_22385 Peptidase-M10-C domain-containing protein,Unmatched,0,0,0
KAKDBB_22390 deoxyribodipyrimidine photolyase,Unmatched,0,0,0
KAKDBB_22395 hypothetical protein,Unmatched,0,0,0
KAKDBB_22400 DUF3318 domain-containing protein,Unmatched,0,0,0
KAKDBB_22405 DNA helicase RecQ,Unmatched,0,0,0
KAKDBB_22410 hypothetical protein,Unmatched,0,0,0
KAKDBB_22415 Similar to tr|Q8Z0S0|Q8Z0S0,Unmatched,0,0,0
KAKDBB_22420 Immunity protein 30,Unmatched,0,0,0
KAKDBB_22425 hypothetical protein,Unmatched,0,0,0
KAKDBB_22430 hypothetical protein,Unmatched,0,0,0
KAKDBB_22435 hypothetical protein,Unmatched,0,0,0
KAKDBB_22440 hypothetical protein,Unmatched,0,0,0
KAKDBB_22445 hypothetical protein,Unmatched,0,0,0
KAKDBB_22450 hypothetical protein,Unmatched,0,0,0
KAKDBB_22455 hypothetical protein,Unmatched,0,0,0
KAKDBB_22460 hypothetical protein,Unmatched,0,0,0
KAKDBB_22465 nucleic acid-binding protein,Unmatched,0,0,0
KAKDBB_22470 hypothetical protein,Unmatched,0,0,0
KAKDBB_22475 IS1634 family transposase,Unmatched,0,0,0
KAKDBB_22480 hypothetical protein,Unmatched,0,0,0
KAKDBB_22485 hypothetical protein,Unmatched,0,0,0
KAKDBB_22490 DUF4347 domain-containing protein,Unmatched,0,0,0
KAKDBB_22495 hypothetical protein,Unmatched,0,0,0
KAKDBB_22500 Flagellar assembly protein H,Unmatched,0,0,0
KAKDBB_22505 alanine--tRNA ligase,Unmatched,0,0,0
KAKDBB_22510 AAA-15 domain-containing protein,Unmatched,0,0,0
KAKDBB_22515 hypothetical protein,Unmatched,0,0,0
KAKDBB_22520 GHL10 domain-containing protein,Unmatched,0,0,0
KAKDBB_22525 Dolichyl-phosphate-mannose-protein mannosyltransferase,Unmatched,0,0,0
KAKDBB_22530 replicative DNA helicase,Unmatched,0,0,0
KAKDBB_22535 precorrin-4 C(11)-methyltransferase,Unmatched,0,0,0
KAKDBB_22540 TspO protein,Unmatched,0,0,0
KAKDBB_22545 translation initiation factor,Unmatched,0,0,0
KAKDBB_22550 cryptochrome/photolyase family protein,Unmatched,0,0,0
KAKDBB_22555 hypothetical protein,Unmatched,0,0,0
KAKDBB_22560 Sigma70-r4-2 domain-containing protein,Unmatched,0,0,0
KAKDBB_22565 Transposase,Unmatched,0,0,0
"KAKDBB_22570 DNA-binding response regulator, NarL/FixJ family, contains REC and HTH domains",Unmatched,0,0,0
KAKDBB_22575 [FeFe] hydrogenase H-cluster radical SAM maturase HydE,Unmatched,0,0,0
KAKDBB_22580 Radical SAM protein,Unmatched,0,0,0
KAKDBB_22585 hypothetical protein,Unmatched,0,0,0
KAKDBB_22590 glycine oxidase ThiO,Unmatched,0,0,0
KAKDBB_22595 DUF2301 domain-containing protein,Unmatched,0,0,0
KAKDBB_22600 bacitracin ABC transporter ATP-binding protein,Unmatched,0,0,0
KAKDBB_22605 bacitracin ABC transporter ATP-binding protein,Unmatched,0,0,0
KAKDBB_22610 nitrate ABC transporter permease,Unmatched,0,0,0
KAKDBB_22615 bicarbonate-binding protein,Unmatched,0,0,0
KAKDBB_22620 cysteine desulfurase,Unmatched,0,0,0
KAKDBB_22625 hypothetical protein,Unmatched,0,0,0
KAKDBB_22630 TIGR04168 family protein,Unmatched,0,0,0
KAKDBB_22635 hypothetical protein,Unmatched,0,0,0
KAKDBB_22640 NUDIX hydrolase,Unmatched,0,0,0
KAKDBB_22645 ribosome biogenesis GTPase YlqF,Unmatched,0,0,0
KAKDBB_22650 NACHT domain-containing protein,Unmatched,0,0,0
KAKDBB_22655 glutamate synthase,Unmatched,0,0,0
KAKDBB_22660 DNA-binding response regulator,Unmatched,0,0,0
KAKDBB_22665 heme oxygenase,Unmatched,0,0,0
KAKDBB_22670 acyl carrier protein,Unmatched,0,0,0
KAKDBB_22675 beta-ketoacyl-ACP synthase II,Unmatched,0,0,0
KAKDBB_22680 transketolase,Unmatched,0,0,0
KAKDBB_22685 Similarity (Modular protein),Unmatched,0,0,0
KAKDBB_22690 ISKra4 family transposase,Unmatched,0,0,0
KAKDBB_22695 peptide-methionine (R)-S-oxide reductase,Unmatched,0,0,0
KAKDBB_22700 photosystem I reaction center subunit XII,Unmatched,0,0,0
KAKDBB_22710 Allophycocyanin alpha chain,Unmatched,0,0,0
KAKDBB_22715 Holliday junction branch migration protein RuvA,Unmatched,0,0,0
KAKDBB_22720 site-2 protease family protein,Unmatched,0,0,0
KAKDBB_22725 polyamine ABC transporter substrate-binding protein,Unmatched,0,0,0
KAKDBB_22730 peptidase S51,Unmatched,0,0,0
KAKDBB_22735 Chromophore lyase CpcT/CpeT 2,Unmatched,0,0,0
KAKDBB_22740 hypothetical protein,Unmatched,0,0,0
KAKDBB_22745 hypothetical protein,Unmatched,0,0,0
KAKDBB_22750 sodium:solute symporter,Unmatched,0,0,0
KAKDBB_22755 hypothetical protein,Unmatched,0,0,0
KAKDBB_22760 NAD(P)H-dependent oxidoreductase,Unmatched,0,0,0
KAKDBB_22765 cyanase,Unmatched,0,0,0
KAKDBB_22770 hypothetical protein,Unmatched,0,0,0
KAKDBB_22775 hypothetical protein,Unmatched,0,0,0
KAKDBB_22780 nucleotidyltransferase,Unmatched,0,0,0
KAKDBB_22785 Ribonuclease HepT-like,Unmatched,0,0,0
KAKDBB_22790 hypothetical protein,Unmatched,0,0,0
KAKDBB_22795 PpiC domain-containing protein,Unmatched,0,0,0
KAKDBB_22805 IS4 family transposase,Unmatched,0,0,0
KAKDBB_22810 peptidase,Unmatched,0,0,0
KAKDBB_22815 adenosylcobinamide-GDP ribazoletransferase,Unmatched,0,0,0
KAKDBB_22820 DUF2281 domain-containing protein,Unmatched,0,0,0
KAKDBB_22825 PIN domain nuclease,Unmatched,0,0,0
KAKDBB_22830 hypothetical protein,Unmatched,0,0,0
KAKDBB_22835 PINc domain-containing protein,Unmatched,0,0,0
KAKDBB_22840 HTH-17 domain-containing protein,Unmatched,0,0,0
"KAKDBB_22845 threonine ammonia-lyase, biosynthetic",Unmatched,0,0,0
KAKDBB_22850 16S rRNA (cytosine(1402)-N(4))-methyltransferase RsmH,Unmatched,0,0,0
KAKDBB_22855 pyridoxal phosphate-dependent aminotransferase,Unmatched,0,0,0
"KAKDBB_22860 transfer-messenger RNA, SsrA",Unmatched,0,0,0
KAKDBB_22865 J domain-containing protein,Unmatched,0,0,0
KAKDBB_22870 serine protease,Unmatched,0,0,0
KAKDBB_22875 hypothetical protein,Unmatched,0,0,0
KAKDBB_22880 ribosome recycling factor,Unmatched,0,0,0
KAKDBB_22885 UMP kinase,Unmatched,0,0,0
KAKDBB_22890 hypothetical protein,Unmatched,0,0,0
KAKDBB_22895 type II 3-dehydroquinate dehydratase,Unmatched,0,0,0
KAKDBB_22900 hypothetical protein,Unmatched,0,0,0
KAKDBB_22905 hypothetical protein,Unmatched,0,0,0
KAKDBB_22910 clan AA aspartic protease,Unmatched,0,0,0
KAKDBB_22915 DUF4347 domain-containing protein,Unmatched,0,0,0
KAKDBB_22920 maltooligosyl trehalose synthase,Unmatched,0,0,0
"KAKDBB_22925 sulfite reductase, ferredoxin dependent",Unmatched,0,0,0
KAKDBB_22930 DUF262 domain-containing protein,Unmatched,0,0,0
KAKDBB_22935 HEPN-RiboL-PSP domain-containing protein,Unmatched,0,0,0
KAKDBB_22940 IS1634 family transposase,Unmatched,0,0,0
KAKDBB_22945 hypothetical protein,Unmatched,0,0,0
KAKDBB_22950 hypothetical protein,Unmatched,0,0,0
KAKDBB_22955 peptidase M6,Unmatched,0,0,0
KAKDBB_22960 hypothetical protein,Unmatched,0,0,0
KAKDBB_22965 peptidase S51,Unmatched,0,0,0
KAKDBB_22970 Peptidase-S8 domain-containing protein,Unmatched,0,0,0
KAKDBB_22975 hypothetical protein,Unmatched,0,0,0
KAKDBB_22980 hypothetical protein,Unmatched,0,0,0
KAKDBB_22985 hypothetical protein,Unmatched,0,0,0
KAKDBB_22990 hypothetical protein,Unmatched,0,0,0
KAKDBB_22995 Transcriptional regulator,Unmatched,0,0,0
KAKDBB_23000 Alpha-amylase,Unmatched,0,0,0
KAKDBB_23005 Alkaline phosphatase,Unmatched,0,0,0
KAKDBB_23015 Oxygen-dependent choline dehydrogenase,Unmatched,0,0,0
KAKDBB_23020 hypothetical protein,Unmatched,0,0,0
KAKDBB_23025 ABC transporter permease,Unmatched,0,0,0
KAKDBB_23030 glutamate-5-semialdehyde dehydrogenase,Unmatched,0,0,0
KAKDBB_23035 hypothetical protein,Unmatched,0,0,0
KAKDBB_23040 tRNA-Gly(gcc),Unmatched,0,0,0
KAKDBB_23045 hypothetical protein,Unmatched,0,0,0
"KAKDBB_23050 6,7-dimethyl-8-ribityllumazine synthase",Unmatched,0,0,0
KAKDBB_23055 photosystem II reaction center protein PsbZ,Unmatched,0,0,0
KAKDBB_23060 copper resistance protein CopD,Unmatched,0,0,0
KAKDBB_23065 poly(A) polymerase,Unmatched,0,0,0
KAKDBB_23070 Ssr3189 protein,Unmatched,0,0,0
KAKDBB_23075 RNA-binding protein,Unmatched,0,0,0
KAKDBB_23080 DNA methylase,Unmatched,0,0,0
KAKDBB_23085 phenylalanine--tRNA ligase subunit alpha,Unmatched,0,0,0
KAKDBB_23090 DUF4870 domain-containing protein,Unmatched,0,0,0
KAKDBB_23095 polymerase,Unmatched,0,0,0
KAKDBB_23100 hypothetical protein,Unmatched,0,0,0
KAKDBB_23105 FAD dependent oxidoreductase,Unmatched,0,0,0
KAKDBB_23110 hypothetical protein,Unmatched,0,0,0
KAKDBB_23125 50S ribosomal protein L10,Unmatched,0,0,0
KAKDBB_23130 50S ribosomal protein L7/L12,Unmatched,0,0,0
KAKDBB_23135 photosystem II reaction center protein T,Unmatched,0,0,0
KAKDBB_23140 transcriptional regulator NrdR,Unmatched,0,0,0
KAKDBB_23145 30S ribosomal protein S1,Unmatched,0,0,0
KAKDBB_23150 adenylate/guanylate cyclase domain-containing protein,Unmatched,0,0,0
KAKDBB_23155 ATP-dependent protease,Unmatched,0,0,0
KAKDBB_23160 HTH crp-type domain-containing protein,Unmatched,0,0,0
KAKDBB_23165 glucokinase,Unmatched,0,0,0
KAKDBB_23170 DUF29 domain-containing protein,Unmatched,0,0,0
KAKDBB_23175 DUF29 domain-containing protein,Unmatched,0,0,0
KAKDBB_23180 DUF29 domain-containing protein,Unmatched,0,0,0
KAKDBB_23185 hypothetical protein,Unmatched,0,0,0
KAKDBB_23190 homoserine kinase,Unmatched,0,0,0
KAKDBB_23195 LD-carboxypeptidase,Unmatched,0,0,0
KAKDBB_23200 hypothetical protein,Unmatched,0,0,0
KAKDBB_23205 phosphoribulokinase,Unmatched,0,0,0
KAKDBB_23210 Putative restriction endonuclease,Unmatched,0,0,0
KAKDBB_23215 carboxylating nicotinate-nucleotide diphosphorylase,Unmatched,0,0,0
KAKDBB_23220 hypothetical protein,Unmatched,0,0,0
KAKDBB_23225 N6-N4-Mtase domain-containing protein,Unmatched,0,0,0
KAKDBB_23230 Photosystem II manganese-stabilizing polypeptide,Unmatched,0,0,0
KAKDBB_23235 ATP-dependent zinc metalloprotease FtsH,Unmatched,0,0,0
KAKDBB_23240 c-type cytochrome biogenesis protein CcsB,Unmatched,0,0,0
KAKDBB_23245 aspartoacylase,Unmatched,0,0,0
KAKDBB_23250 serine/threonine protein kinase,Unmatched,0,0,0
KAKDBB_23255 AAA+ family ATPase,Unmatched,0,0,0
KAKDBB_23260 PspA/IM30 family,Unmatched,0,0,0
KAKDBB_23265 ABC transporter substrate-binding protein,Unmatched,0,0,0
KAKDBB_23270 DNA-binding response regulator,Unmatched,0,0,0
KAKDBB_23275 DNA topoisomerase (ATP-hydrolyzing) subunit B,Unmatched,0,0,0
KAKDBB_23280 Similarity,Unmatched,0,0,0
KAKDBB_23295 hypothetical protein,Unmatched,0,0,0
KAKDBB_23310 tRNA-Cys(gca),Unmatched,0,0,0
KAKDBB_23320 restriction endonuclease,Unmatched,0,0,0
KAKDBB_23325 phycobiliprotein lyase,Unmatched,0,0,0
KAKDBB_23330 phycobilisome rod-core linker polypeptide CpcG,Unmatched,0,0,0
KAKDBB_23335 tRNA 2-thiouridine(34) synthase MnmA,Unmatched,0,0,0
KAKDBB_23340 hypothetical protein,Unmatched,0,0,0
KAKDBB_23345 alpha/beta hydrolase,Unmatched,0,0,0
KAKDBB_23350 universal stress protein,Unmatched,0,0,0
KAKDBB_23355 Core-binding (CB) domain-containing protein,Unmatched,0,0,0
KAKDBB_23360 hypothetical protein,Unmatched,0,0,0
KAKDBB_23365 hypothetical protein,Unmatched,0,0,0
KAKDBB_23370 hypothetical protein,Unmatched,0,0,0
KAKDBB_23375 hypothetical protein,Unmatched,0,0,0
KAKDBB_23380 hypothetical protein,Unmatched,0,0,0
KAKDBB_23385 aspartate kinase,Unmatched,0,0,0
KAKDBB_23390 hypothetical protein,Unmatched,0,0,0
KAKDBB_23395 hypothetical protein,Unmatched,0,0,0
KAKDBB_23400 hypothetical protein,Unmatched,0,0,0
KAKDBB_23405 30S ribosomal protein S4,Unmatched,0,0,0
KAKDBB_23410 BrnT family toxin,Unmatched,0,0,0
KAKDBB_23415 hypothetical protein,Unmatched,0,0,0
KAKDBB_23420 HicB-like domain-containing protein,Unmatched,0,0,0
KAKDBB_23425 hypothetical protein,Unmatched,0,0,0
KAKDBB_23430 hypothetical protein,Unmatched,0,0,0
KAKDBB_23435 hypothetical protein,Unmatched,0,0,0
KAKDBB_23440 Cyano-1 RNA,Unmatched,0,0,0
KAKDBB_23445 1-acyl-sn-glycerol-3-phosphate acyltransferase,Unmatched,0,0,0
KAKDBB_23450 hypothetical protein,Unmatched,0,0,0
KAKDBB_23455 hypothetical protein,Unmatched,0,0,0
KAKDBB_23460 glycosyl transferase,Unmatched,0,0,0
KAKDBB_23465 DUF2949 domain-containing protein,Unmatched,0,0,0
KAKDBB_23470 Nitrate reductase associated protein,Unmatched,0,0,0
KAKDBB_23475 prephenate/arogenate dehydrogenase,Unmatched,0,0,0
KAKDBB_23480 cupin domain-containing protein,Unmatched,0,0,0
KAKDBB_23485 Polyketide cyclase / dehydrase and lipid transport,Unmatched,0,0,0
KAKDBB_23490 Transposase,Unmatched,0,0,0
KAKDBB_23495 hypothetical protein,Unmatched,0,0,0
KAKDBB_23500 DNA-binding response regulator,Unmatched,0,0,0
KAKDBB_23505 glutathione S-transferase,Unmatched,0,0,0
KAKDBB_23510 hypothetical protein,Unmatched,0,0,0
KAKDBB_23515 hypothetical protein,Unmatched,0,0,0
KAKDBB_23520 aspartyl protease,Unmatched,0,0,0
KAKDBB_23525 carboxypeptidase,Unmatched,0,0,0
KAKDBB_23530 hypothetical protein,Unmatched,0,0,0
KAKDBB_23535 circadian clock protein KaiB,Unmatched,0,0,0
KAKDBB_23540 hypothetical protein,Unmatched,0,0,0
KAKDBB_23545 ISKra4 family transposase,Unmatched,0,0,0
KAKDBB_23550 phosphate acetyltransferase,Unmatched,0,0,0
KAKDBB_23555 hypothetical protein,Unmatched,0,0,0
KAKDBB_23560 hypothetical protein,Unmatched,0,0,0
KAKDBB_23565 YiaAB domain-containing protein,Unmatched,0,0,0
KAKDBB_23570 hypothetical protein,Unmatched,0,0,0
KAKDBB_23575 hypothetical protein,Unmatched,0,0,0
KAKDBB_23580 DUF2281 domain-containing protein,Unmatched,0,0,0
KAKDBB_23585 PIN domain nuclease,Unmatched,0,0,0
KAKDBB_23590 prevent-host-death protein,Unmatched,0,0,0
KAKDBB_23595 PIN domain nuclease,Unmatched,0,0,0
KAKDBB_23600 hypothetical protein,Unmatched,0,0,0
"KAKDBB_23605 HicA toxin of bacterial toxin-antitoxin,",Unmatched,0,0,0
KAKDBB_23610 hypothetical protein,Unmatched,0,0,0
KAKDBB_23615 IS200/IS605 family element RNA-guided endonuclease TnpB,Unmatched,0,0,0
KAKDBB_23620 threonine synthase,Unmatched,0,0,0
KAKDBB_23625 imidazoleglycerol-phosphate dehydratase HisB,Unmatched,0,0,0
KAKDBB_23630 TonB-C domain-containing protein,Unmatched,0,0,0
KAKDBB_23635 hypothetical protein,Unmatched,0,0,0
KAKDBB_23640 high light inducible protein,Unmatched,0,0,0
KAKDBB_23645 diaminopimelate epimerase,Unmatched,0,0,0
KAKDBB_23650 RNA-binding protein hfq,Unmatched,0,0,0
KAKDBB_23655 glycosyl transferase,Unmatched,0,0,0
KAKDBB_23660 GtrA family protein,Unmatched,0,0,0
KAKDBB_23665 hypothetical protein,Unmatched,0,0,0
KAKDBB_23670 hypothetical protein,Unmatched,0,0,0
KAKDBB_23680 glycosyl transferase,Unmatched,0,0,0
KAKDBB_23685 Melibiase,Unmatched,0,0,0
KAKDBB_23690 peroxiredoxin,Unmatched,0,0,0
KAKDBB_23695 N-acetylmuramoyl-L-alanine amidase,Unmatched,0,0,0
KAKDBB_23700 hypothetical protein,Unmatched,0,0,0
KAKDBB_23705 Magnesium-protoporphyrin IX monomethyl ester (Oxidative) cyclase,Unmatched,0,0,0
KAKDBB_23710 hypothetical protein,Unmatched,0,0,0
KAKDBB_23715 site-specific DNA-methyltransferase,Unmatched,0,0,0
KAKDBB_23720 hypothetical protein,Unmatched,0,0,0
KAKDBB_23725 DUF29 domain-containing protein,Unmatched,0,0,0
KAKDBB_23730 phycocyanobilin lyase,Unmatched,0,0,0
KAKDBB_23735 efflux transporter periplasmic adaptor subunit,Unmatched,0,0,0
KAKDBB_23740 ABC transporter permease,Unmatched,0,0,0
KAKDBB_23745 aldo/keto reductase,Unmatched,0,0,0
KAKDBB_23750 hypothetical protein,Unmatched,0,0,0
KAKDBB_23755 DUF4115 domain-containing protein,Unmatched,0,0,0
KAKDBB_23760 pseudouridine synthase,Unmatched,0,0,0
KAKDBB_23765 hypothetical protein,Unmatched,0,0,0
KAKDBB_23770 PIN domain nuclease,Unmatched,0,0,0
KAKDBB_23775 Cadherin repeat domain-containing protein,Unmatched,0,0,0
KAKDBB_23780 hypothetical protein,Unmatched,0,0,0
KAKDBB_23785 hypothetical protein,Unmatched,0,0,0
KAKDBB_23790 HicB-like domain-containing protein,Unmatched,0,0,0
KAKDBB_23795 hypothetical protein,Unmatched,0,0,0
KAKDBB_23800 hypothetical protein,Unmatched,0,0,0
"KAKDBB_23805 calcium-translocating P-type ATPase, PMCA-type",Unmatched,0,0,0
KAKDBB_23810 hybrid sensor histidine kinase/response regulator,Unmatched,0,0,0
KAKDBB_23815 Repeated sequence found in lipolpp family protein,Unmatched,0,0,0
KAKDBB_23820 Bacterial cell division membrane protein,Unmatched,0,0,0
KAKDBB_23825 hypothetical protein,Unmatched,0,0,0
KAKDBB_23830 peptidase M42,Unmatched,0,0,0
KAKDBB_23835 trans-splicing intein-formed DNA polymerase III subunit alpha C-terminal partner DnaE-C,Unmatched,0,0,0
KAKDBB_23840 hypothetical protein,Unmatched,0,0,0
KAKDBB_23845 hypothetical protein,Unmatched,0,0,0
KAKDBB_23850 DUF29 domain-containing protein,Unmatched,0,0,0
KAKDBB_23855 DUF29 domain-containing protein,Unmatched,0,0,0
KAKDBB_23860 cytochrome b6-f complex subunit PetL,Unmatched,0,0,0
KAKDBB_23865 DNA repair protein RadA,Unmatched,0,0,0
KAKDBB_23870 DNA-binding response regulator,Unmatched,0,0,0
KAKDBB_23875 cofactor assembly of complex C subunit B,Unmatched,0,0,0
KAKDBB_23880 site-specific DNA-methyltransferase,Unmatched,0,0,0
KAKDBB_23885 cyanophycin synthetase,Unmatched,0,0,0
KAKDBB_23890 cyanophycinase,Unmatched,0,0,0
KAKDBB_23895 tRNA (guanosine(37)-N1)-methyltransferase TrmD,Unmatched,0,0,0
KAKDBB_23900 BREX-1 system phosphatase PglZ type A,Unmatched,0,0,0
KAKDBB_23905 Fic family protein,Unmatched,0,0,0
KAKDBB_23910 hypothetical protein,Unmatched,0,0,0
KAKDBB_23915 Site-specific DNA-methyltransferase (adenine-specific),Unmatched,0,0,0
KAKDBB_23920 hypothetical protein,Unmatched,0,0,0
KAKDBB_23925 AAA family ATPase,Unmatched,0,0,0
KAKDBB_23930 BREX system P-loop protein BrxC,Unmatched,0,0,0
KAKDBB_23935 Cytoplasmic protein,Unmatched,0,0,0
KAKDBB_23940 hypothetical protein,Unmatched,0,0,0
KAKDBB_23945 tRNA-Gly(ccc),Unmatched,0,0,0
KAKDBB_23950 acyl-CoA dehydrogenase,Unmatched,0,0,0
KAKDBB_23955 glucokinase,Unmatched,0,0,0
KAKDBB_23960 Carboxysome shell protein CcmP,Unmatched,0,0,0
KAKDBB_23965 hypothetical protein,Unmatched,0,0,0
KAKDBB_23970 FAD-dependent oxidoreductase,Unmatched,0,0,0
KAKDBB_23975 6S / SsrS RNA,Unmatched,0,0,0
KAKDBB_23980 D-alanine--D-alanine ligase,Unmatched,0,0,0
KAKDBB_23985 ATP-grasp enzyme,Unmatched,0,0,0
KAKDBB_23990 SAM-dependent methyltransferase,Unmatched,0,0,0
KAKDBB_23995 3-dehydroquinate synthase,Unmatched,0,0,0
KAKDBB_24000 fatty-acid synthase,Unmatched,0,0,0
KAKDBB_24005 XisI protein,Unmatched,0,0,0
KAKDBB_24010 Uma2 domain-containing protein,Unmatched,0,0,0
KAKDBB_24015 Putative restriction endonuclease,Unmatched,0,0,0
KAKDBB_24020 DUF29 domain-containing protein,Unmatched,0,0,0
KAKDBB_24025 Putative restriction endonuclease,Unmatched,0,0,0
KAKDBB_24030 molecular chaperone DnaK,Unmatched,0,0,0
KAKDBB_24035 hypothetical protein,Unmatched,0,0,0
KAKDBB_24040 competence/damage-inducible protein A,Unmatched,0,0,0
KAKDBB_24045 hypothetical protein,Unmatched,0,0,0
KAKDBB_24050 hypothetical protein,Unmatched,0,0,0
KAKDBB_24055 ABC-F type ribosomal protection protein,Unmatched,0,0,0
KAKDBB_24060 chaperonin GroEL,Unmatched,0,0,0
KAKDBB_24065 chromosome segregation protein SMC,Unmatched,0,0,0
KAKDBB_24070 potassium transporter TrkA,Unmatched,0,0,0
KAKDBB_24075 hypothetical protein,Unmatched,0,0,0
KAKDBB_24080 AAA-15 domain-containing protein,Unmatched,0,0,0
KAKDBB_24085 SWIM-type domain-containing protein,Unmatched,0,0,0
KAKDBB_24090 ATP-dependent helicase,Unmatched,0,0,0
KAKDBB_24095 DUF3616 domain-containing protein,Unmatched,0,0,0
KAKDBB_24100 hypothetical protein,Unmatched,0,0,0
KAKDBB_24105 hypothetical protein,Unmatched,0,0,0
KAKDBB_24110 DUF2272 domain-containing protein,Unmatched,0,0,0
KAKDBB_24115 3D domain-containing protein,Unmatched,0,0,0
KAKDBB_24120 hypothetical protein,Unmatched,0,0,0
KAKDBB_24125 LysM domain-containing protein,Unmatched,0,0,0
KAKDBB_24130 N-acetylmuramoyl-L-alanine amidase domain-containing protein,Unmatched,0,0,0
KAKDBB_24135 LYZ2 domain-containing protein,Unmatched,0,0,0
KAKDBB_24140 N-acetylmuramoyl-L-alanine amidase,Unmatched,0,0,0
KAKDBB_24145 GHL10 domain-containing protein,Unmatched,0,0,0
KAKDBB_24150 sensor histidine kinase,Unmatched,0,0,0
KAKDBB_24155 saccharopine dehydrogenase,Unmatched,0,0,0
KAKDBB_24160 mechanosensitive ion channel protein,Unmatched,0,0,0
KAKDBB_24165 Similar to tr|P73635|P73635,Unmatched,0,0,0
KAKDBB_24170 Uma2 family endonuclease,Unmatched,0,0,0
KAKDBB_24175 LytR family transcriptional regulator,Unmatched,0,0,0
KAKDBB_24180 GNAT family N-acetyltransferase,Unmatched,0,0,0
KAKDBB_24185 AmpG family muropeptide MFS transporter,Unmatched,0,0,0
KAKDBB_24190 guanylate cyclase,Unmatched,0,0,0
KAKDBB_24195 nitroreductase,Unmatched,0,0,0
KAKDBB_24200 mechanosensitive ion channel protein MscS,Unmatched,0,0,0
KAKDBB_24205 HTH merR-type domain-containing protein,Unmatched,0,0,0
KAKDBB_24210 hypothetical protein,Unmatched,0,0,0
KAKDBB_24215 heavy metal-responsive transcriptional regulator,Unmatched,0,0,0
KAKDBB_24220 phycobiliprotein lyase,Unmatched,0,0,0
KAKDBB_24225 glycosyltransferase,Unmatched,0,0,0
KAKDBB_24230 Putative enzyme,Unmatched,0,0,0
KAKDBB_24235 glycosyl transferase family 1,Unmatched,0,0,0
"KAKDBB_24240 GDP-mannose 4,6-dehydratase",Unmatched,0,0,0
KAKDBB_24245 glycosyltransferase,Unmatched,0,0,0
KAKDBB_24250 glycosyl transferase family 2,Unmatched,0,0,0
KAKDBB_24255 dihydroneopterin aldolase,Unmatched,0,0,0
KAKDBB_24260 NADPH-dependent FMN reductase,Unmatched,0,0,0
KAKDBB_24265 antibiotic biosynthesis monooxygenase,Unmatched,0,0,0
KAKDBB_24270 rhomboid family intramembrane serine protease,Unmatched,0,0,0
KAKDBB_24275 endonuclease III,Unmatched,0,0,0
KAKDBB_24280 RIP metalloprotease RseP,Unmatched,0,0,0
KAKDBB_24285 hypothetical protein,Unmatched,0,0,0
KAKDBB_24290 glycosyl transferase 2 family protein,Unmatched,0,0,0
KAKDBB_24295 IS4 family transposase,Unmatched,0,0,0
KAKDBB_24300 hypothetical protein,Unmatched,0,0,0
KAKDBB_24305 DNA polymerase subunit beta,Unmatched,0,0,0
KAKDBB_24310 Ribonuclease HepT-like,Unmatched,0,0,0
KAKDBB_24315 cobalt-precorrin-5B (C(1))-methyltransferase CbiD,Unmatched,0,0,0
KAKDBB_24320 glutamine-hydrolyzing GMP synthase,Unmatched,0,0,0
KAKDBB_24325 hypethetical protein,Unmatched,0,0,0
KAKDBB_24330 DNA (cytosine-5-)-methyltransferase,Unmatched,0,0,0
KAKDBB_24335 peptidase S8 and S53 subtilisin kexin sedolisin,Unmatched,0,0,0
KAKDBB_24340 calcium/proton exchanger,Unmatched,0,0,0
"KAKDBB_24345 biphenyl 2,3-dioxygenase",Unmatched,0,0,0
KAKDBB_24350 DUF6679 domain-containing protein,Unmatched,0,0,0
KAKDBB_24355 Transposase,Unmatched,0,0,0
KAKDBB_24395 hypothetical protein,Unmatched,0,0,0
KAKDBB_24400 hypothetical protein,Unmatched,0,0,0
KAKDBB_24405 sulfite exporter TauE/SafE family protein,Unmatched,0,0,0
KAKDBB_24410 lipid kinase,Unmatched,0,0,0
KAKDBB_24415 Rhodopirellula transposase family protein,Unmatched,0,0,0
KAKDBB_24420 XRE family transcriptional regulator,Unmatched,0,0,0
KAKDBB_24425 ribosome biogenesis GTPase Der,Unmatched,0,0,0
KAKDBB_24430 Cobalt transport protein,Unmatched,0,0,0
KAKDBB_24435 Transposase IS116/IS110/IS902 family protein,Unmatched,0,0,0
KAKDBB_24440 IS110 family transposase,Unmatched,0,0,0
KAKDBB_24445 cation transporter,Unmatched,0,0,0
KAKDBB_24450 hypothetical protein,Unmatched,0,0,0
KAKDBB_24455 anthranilate phosphoribosyltransferase,Unmatched,0,0,0
KAKDBB_24460 Nuclease subunit of the excinuclease complex,Unmatched,0,0,0
KAKDBB_24465 Sua5/YciO/YrdC/YwlC family protein,Unmatched,0,0,0
KAKDBB_24470 sensor histidine kinase,Unmatched,0,0,0
KAKDBB_24475 GNAT family N-acetyltransferase,Unmatched,0,0,0
KAKDBB_24480 carbohydrate kinase,Unmatched,0,0,0
KAKDBB_24485 esterase,Unmatched,0,0,0
KAKDBB_24490 DUF1818 domain-containing protein,Unmatched,0,0,0
KAKDBB_24495 hypothetical protein,Unmatched,0,0,0
KAKDBB_24500 signal peptidase I,Unmatched,0,0,0
KAKDBB_24505 glutathione S-transferase,Unmatched,0,0,0
KAKDBB_24510 glutathione S-transferase,Unmatched,0,0,0
KAKDBB_24515 chorismate lyase,Unmatched,0,0,0
KAKDBB_24520 hydantoinase,Unmatched,0,0,0
KAKDBB_24525 oxidoreductase,Unmatched,0,0,0
KAKDBB_24530 hypothetical protein,Unmatched,0,0,0
KAKDBB_24535 hypothetical protein,Unmatched,0,0,0
KAKDBB_24540 ACP S-malonyltransferase,Unmatched,0,0,0
KAKDBB_24545 DUF433 domain-containing protein,Unmatched,0,0,0
KAKDBB_24550 hypothetical protein,Unmatched,0,0,0
KAKDBB_24555 group II intron reverse transcriptase/maturase,Unmatched,0,0,0