Query_Name,Reference_Name,Identity_Score,Query_Coverage,Query_Length
FKFHLE_00705 DUF262 domain-containing protein,ctg39_11_Cyanobactin_50_0,95.95,100,1110
FKFHLE_00710 endoribonuclease,ctg39_12_Cyanobactin_50_0,93.66,100.2,504
FKFHLE_00715 reactive intermediate/imine deaminase,ctg39_13_Cyanobactin_50_0,99.49,100,390
FKFHLE_00720 DNA-directed RNA polymerase subunit gamma,ctg39_14_Cyanobactin_50_0,98.67,100,1881
FKFHLE_02070 hypothetical protein,AAZ03552.1_mcnC_Microcystissp.NIVA-CYA172/5_cyanopeptolin,96.86,100.02,5226
FKFHLE_02075 non-ribosomal peptide synthetase,AAZ03554.1_mcnE_Microcystissp.NIVA-CYA172/5_cyanopeptolin,97.77,100,4257
FKFHLE_02095 acyl carrier protein,ctg32_6_samp_471_14978_NRPS,76.98,99.86,735
FKFHLE_02210 FAD-dependent oxidoreductase,AAF00964.1_uma1_MicrocystisaeruginosaPCC7806_microcystinLR,98.59,100,2052
FKFHLE_02215 non-ribosomal peptide synthetase,AAF00962.1_mcyC_MicrocystisaeruginosaPCC7806_microcystinLR,98.5,100,3876
FKFHLE_02220 non-ribosomal peptide synthetase,AAF00961.1_mcyB_MicrocystisaeruginosaPCC7806_microcystinLR,98.01,100,6381
FKFHLE_02225 non-ribosomal peptide synthetase,AAF00960.1_mcyA_MicrocystisaeruginosaPCC7806_microcystinLR,97.01,96.43,8700
FKFHLE_02230 short-chain dehydrogenase,AAF00959.1_mcyD_MicrocystisaeruginosaPCC7806_microcystinLR,98.93,100,11721
FKFHLE_02235 non-ribosomal peptide synthetase,AAF00958.1_mcyE_MicrocystisaeruginosaPCC7806_microcystinLR,98.47,100,10464
FKFHLE_02240 aspartate/glutamate racemase family protein,AAF00963.1_mcyF_MicrocystisaeruginosaPCC7806_microcystinLR,97.62,100,756
FKFHLE_02245 beta-ketoacyl synthase,AAF00957.1_mcyG_MicrocystisaeruginosaPCC7806_microcystinLR,98.85,100.01,7899
FKFHLE_02250 ABC transporter,AAF00956.1_mcyH_MicrocystisaeruginosaPCC7806_microcystinLR,99.26,91.88,1761
FKFHLE_02255 dehydrogenase,AAF00955.1_mcyI_MicrocystisaeruginosaPCC7806_microcystinLR,98.52,100,1014
FKFHLE_02260 methyltransferase,AAF00954.1_mcyJ_MicrocystisaeruginosaPCC7806_microcystinLR,99.4,89.53,936
FKFHLE_02330 ATP-dependent Clp endopeptidase proteolytic subunit ClpP,ctg83_20_lanthipeptide_21_0,75.8,88.39,603
FKFHLE_02335 cysteine lyase,ctg36_7_NRPS-like_34_0,97.28,100,1215
FKFHLE_02340 helicase,ctg36_8_NRPS-like_34_0,97.7,100,4173
FKFHLE_02345 DUF29 domain-containing protein,ctg36_9_NRPS-like_34_0,97.86,99.36,471
FKFHLE_02900 hypothetical protein,ctg36_2_NRPS-like_34_0,79.14,70.04,267
FKFHLE_02905 hypothetical protein,ctg36_2_NRPS-like_34_0,87.38,94.2,345
FKFHLE_02940 Transposase-31 domain-containing protein,ctg36_1_NRPS-like_34_0,90.79,76.77,99
FKFHLE_03480 imidazole glycerol phosphate synthase subunit HisH,ctg13_7_Cyanobactin_64_0,97.97,100,639
FKFHLE_03485 ABC transporter ATP-binding protein,ctg13_8_Cyanobactin_64_0,97.61,100,753
FKFHLE_03490 branched-chain amino acid ABC transporter permease,ctg13_9_Cyanobactin_64_0,97.94,100,1116
FKFHLE_03495 DNA-binding response regulator,ctg13_10_Cyanobactin_64_0,97.72,100,657
FKFHLE_03500 protein tyrosine phosphatase,ctg13_11_Cyanobactin_64_0,98.65,100,519
FKFHLE_03505 hypothetical protein,ctg13_12_Cyanobactin_64_0,98.63,99.66,294
FKFHLE_03510 DUF2834 domain-containing protein,ctg13_13_Cyanobactin_64_0,96.4,100,639
FKFHLE_03610 phosphoadenosine phosphosulfate reductase,ctg27_34_T1PKS-Terpene_11_0,97.93,100,822
FKFHLE_03615 hydrolase,ctg27_35_T1PKS-Terpene_11_0,96.8,97.23,867
FKFHLE_03620 hypothetical protein,ctg27_38_T1PKS-Terpene_11_0,98.63,71.57,204
FKFHLE_03630 GTPase,ctg27_40_T1PKS-Terpene_11_0,97.03,98.88,1872
"FKFHLE_03635 3'(2'),5'-bisphosphate nucleotidase CysQ",ctg27_41_T1PKS-Terpene_11_0,97.26,100,876
FKFHLE_03875 carotenoid biosynthesis protein,ctg30_17_Novel-T3PKS_28_0,99.45,100,915
FKFHLE_03880 serine/threonine protein kinase,ctg30_16_Novel-T3PKS_28_0,98.83,100,1545
FKFHLE_03885 DUF1957 domain-containing protein,ctg30_15_Novel-T3PKS_28_0,98.62,100,1590
FKFHLE_03890 histidine kinase,ctg30_14_Novel-T3PKS_28_0,98.96,100,1155
FKFHLE_03895 alpha/beta hydrolase,ctg30_13_Novel-T3PKS_28_0,98.91,100,828
FKFHLE_03905 Ribonuclease 3 2,ctg30_12_Novel-T3PKS_28_0,98.72,77.56,909
FKFHLE_03910 WD40 repeat domain-containing protein,ctg30_11_Novel-T3PKS_28_0,99.16,100,1071
FKFHLE_03915 hypothetical protein,ctg30_10_Novel-T3PKS_28_0,99.66,100,294
FKFHLE_03920 glutamate--cysteine ligase,ctg30_9_Novel-T3PKS_28_0,99.13,100,1155
FKFHLE_03925 resolvase,ctg30_8_Novel-T3PKS_28_0,98.22,100,393
FKFHLE_03930 EamA family transporter,ctg30_7_Novel-T3PKS_28_0,98.79,100,909
FKFHLE_03935 Uncharacterized protein sll0103,ctg30_6_Novel-T3PKS_28_0,98.64,100,1251
FKFHLE_03940 aluminum resistance family protein,ctg30_5_Novel-T3PKS_28_0,97.93,100,1254
FKFHLE_03945 hypothetical protein,ctg30_4_Novel-T3PKS_28_0,99.63,100,273
FKFHLE_03950 efflux transporter periplasmic adaptor subunit,ctg30_3_Novel-T3PKS_28_0,97.24,100,1560
FKFHLE_03955 ATP-binding protein syrD,ctg30_2_Novel-T3PKS_28_0,97.52,100,444
FKFHLE_04115 lipoprotein NlpI,ctg27_2_T1PKS-Terpene_11_0,96.75,100,954
FKFHLE_04120 DEAD/DEAH box helicase,ctg27_3_T1PKS-Terpene_11_0,97.44,100,2928
FKFHLE_04125 ABC transporter substrate-binding protein,ctg27_5_T1PKS-Terpene_11_0,98.47,100,783
FKFHLE_04130 Tetratricopeptide TPR_1 repeat-containing protein,ctg27_6_T1PKS-Terpene_11_0,97.95,100,537
FKFHLE_04135 SLC13 family permease,ctg27_7_T1PKS-Terpene_11_0,96.33,100,1800
FKFHLE_04140 magnesium-transporting ATPase,ctg27_8_T1PKS-Terpene_11_0,96.84,100.04,2781
FKFHLE_04145 15-cis-phytoene desaturase,ctg27_9_T1PKS-Terpene_11_0,97.06,100,1431
FKFHLE_04150 phytoene synthase,ctg27_10_T1PKS-Terpene_11_0,97.53,100,933
FKFHLE_04155 hypothetical protein,ctg27_11_T1PKS-Terpene_11_0,96.44,100,477
FKFHLE_04180 Similarity,ctg27_12_T1PKS-Terpene_11_0,97.53,100,243
FKFHLE_04185 pirin family protein,ctg27_13_T1PKS-Terpene_11_0,96.39,100,693
FKFHLE_04190 Putative restriction endonuclease,ctg27_15_T1PKS-Terpene_11_0,95.87,75.04,645
FKFHLE_05185 rhodanese-related sulfurtransferase,ctg20_3_samp_2073_1151163_NRPS,98.23,100,339
FKFHLE_05565 DNA polymerase III subunit beta,AAF00953.1_dnaN_MicrocystisaeruginosaPCC7806_microcystinLR,100,97.44,39
FKFHLE_06100 methylthioribulose 1-phosphate dehydratase,ctg36_4_NRPS-like_34_0,95.27,97.69,606
FKFHLE_06105 hypothetical protein,ctg36_5_NRPS-like_34_0,96.59,100,381
FKFHLE_06115 recombinase B,ctg36_6_NRPS-like_34_0,96.58,100,1434
FKFHLE_07135 Transposase,ctg27_30_T1PKS-Terpene_11_0,91.78,100.08,1215
FKFHLE_07965 tRNA uridine-5-carboxymethylaminomethyl(34) synthesis enzyme MnmG,ctg1_9_samp_4305_554341_lanthipeptide-class-v,73.91,88.99,1908
FKFHLE_08760 glutathione peroxidase,ctg83_3_lanthipeptide_21_0,96.86,100,732
FKFHLE_08765 undecaprenyl-diphosphate phosphatase,ctg83_4_lanthipeptide_21_0,98.42,100,948
FKFHLE_09285 transglutaminase,ctg82_2_T3PKS-Merocyclophane_5_0,96.54,100,2313
FKFHLE_09650 ATP-dependent sacrificial sulfur transferase LarE,ctg34_20_Bartoloside-T1PKS_18_0,97.53,95.07,852
FKFHLE_09665 PEP-CTERM domain-containing protein,ctg34_23_Bartoloside-T1PKS_18_0,86.98,103.56,675
FKFHLE_09670 hypothetical protein,ctg34_24_Bartoloside-T1PKS_18_0,97.42,100,387
FKFHLE_09680 hypothetical protein,ctg34_26_Bartoloside-T1PKS_18_0,95.44,87.97,399
FKFHLE_09685 DUF4351 domain-containing protein,ctg34_26_Bartoloside-T1PKS_18_0,97.03,96.81,939
FKFHLE_10180 hypothetical protein,ctg71_3_T1PKS_51_0,99.24,100,396
FKFHLE_10185 AAA family ATPase,ctg71_4_T1PKS_51_0,98.48,100,1512
FKFHLE_10190 DUF1257 domain-containing protein,ctg71_5_T1PKS_51_0,99.15,100,354
FKFHLE_10195 SAM-dependent methyltransferase,ctg71_6_T1PKS_51_0,99.09,100,657
FKFHLE_10200 lysine--tRNA ligase,ctg71_7_T1PKS_51_0,99.19,100,1605
FKFHLE_10205 restriction endonuclease,ctg71_8_T1PKS_51_0,99.36,100,780
FKFHLE_10210 alanine dehydrogenase,ctg71_9_T1PKS_51_0,97.97,100,1086
FKFHLE_10215 thylakoid-associated protein,ctg71_10_T1PKS_51_0,100,100,303
FKFHLE_10220 2TM domain-containing protein,ctg71_11_T1PKS_51_0,100,100,255
FKFHLE_10420 LPS biosynthesis choline kinase,ctg83_6_lanthipeptide_21_0,99.4,100,1170
FKFHLE_10425 hypothetical protein,ctg83_7_lanthipeptide_21_0,98.28,100,1104
FKFHLE_10430 hypothetical protein,ctg83_9_lanthipeptide_21_0,100,100,291
FKFHLE_10435 hypothetical protein,ctg83_10_lanthipeptide_21_0,100,100,363
FKFHLE_10445 PpiC domain-containing protein,ctg83_12_lanthipeptide_21_0,94.41,84.82,738
FKFHLE_10450 hemolysin D,ctg83_13_lanthipeptide_21_0,99.65,99.76,1695
FKFHLE_10455 peptidase C39,ctg83_14_lanthipeptide_21_0,99.48,100,2715
FKFHLE_10460 HTH-33 domain-containing protein,ctg83_15_lanthipeptide_21_0,100,100,579
FKFHLE_10465 PpiC domain-containing protein,ctg83_17_lanthipeptide_21_0,98.22,100,225
FKFHLE_10470 hypothetical protein,ctg83_18_lanthipeptide_21_0,97.14,100,210
FKFHLE_10510 ABC transporter permease,ctg27_32_T1PKS-Terpene_11_0,97.31,100,780
FKFHLE_10515 hypothetical protein,ctg27_33_T1PKS-Terpene_11_0,93.55,100,465
FKFHLE_10760 Microviridin,CAQ16116.1_mdnA_MicrocystisaeruginosaNIES-298_microviridinB,90.32,101.31,153
FKFHLE_10765 MvdC family ATP-grasp ribosomal peptide maturase,CAQ16117.1_mdnB_MicrocystisaeruginosaNIES-298_microviridinB,98.77,100,978
FKFHLE_10770 MvdD family ATP-grasp ribosomal peptide maturase,CAQ16118.1_mdnC_MicrocystisaeruginosaNIES-298_microviridinB,98.97,100,975
FKFHLE_10775 N-acetyltransferase,CAQ16119.1_mdnD_MicrocystisaeruginosaNIES-298_microviridinB,96.82,100,534
FKFHLE_10780 ABC transporter,CAQ16120.1_mdnE_MicrocystisaeruginosaNIES-298_microviridinB,98.93,100,2064
FKFHLE_12360 Putative restriction endonuclease,"AFK79997.1_AFK79997.1_MicrocystisaeruginosaPCC7005_piricyclamide7005E1,piricyclamide7005E2,piricyclamide7005E3,piricyclamide7005E4",94.7,100,792
FKFHLE_13355 DUF4242 domain-containing protein,ctg5_33_RRE-containing_23_0,99.06,100,531
FKFHLE_13360 acyl-CoA dehydrogenase,ctg5_32_RRE-containing_23_0,97.94,100,1116
FKFHLE_13365 ABC transporter ATP-binding protein,ctg5_31_RRE-containing_23_0,98.72,100,783
FKFHLE_13370 ABC transporter substrate-binding protein,ctg5_30_RRE-containing_23_0,97.68,100,1209
FKFHLE_13375 ABC transporter permease,ctg5_29_RRE-containing_23_0,98.05,100,771
FKFHLE_13380 hypothetical protein,ctg5_28_RRE-containing_23_0,97.46,100,354
FKFHLE_13405 DUF1995 domain-containing protein,ctg105_6_Anabaenopeptin_16_0,96.64,100,744
FKFHLE_13410 hypothetical protein,ctg105_5_Anabaenopeptin_16_0,95.24,100,273
FKFHLE_13420 flavin oxidoreductase,ctg105_3_Anabaenopeptin_16_0,96.62,100,1746
FKFHLE_13425 Phosphate-starvation-inducible E family,ctg105_2_Anabaenopeptin_16_0,97.6,100,501
FKFHLE_13730 pyruvate dehydrogenase (acetyl-transferring) E1 component subunit alpha,ctg2_26_samp_4305_693378_NRPS,75.23,95.94,1035
FKFHLE_14250 DUF6014 domain-containing protein,AAZ03548.1_mcnG_Microcystissp.NIVA-CYA172/5_cyanopeptolin,98.21,100,1170
FKFHLE_14255 ABC transporter,AAZ03549.1_mcnF_Microcystissp.NIVA-CYA172/5_cyanopeptolin,98.31,100,2070
FKFHLE_14260 Similar to tr|Q9RAH1|Q9RAH1,"ACM68684.1_aerB_MicrocystisaeruginosaNIES-98_aeruginosin98-A,aeruginosin98-B,aeruginosin98-C",95.73,96.3,1677
FKFHLE_14540 DUF29 domain-containing protein,ctg36_9_NRPS-like_34_0,77.97,92.84,489
FKFHLE_14580 Transposase,AAF00967.1_uma4_MicrocystisaeruginosaPCC7806_microcystinLR,93.83,100,243
FKFHLE_14805 glycine cleavage system aminomethyltransferase GcvT,ctg34_19_Bartoloside-T1PKS_18_0,98.92,100,1107
FKFHLE_14815 hypothetical protein,ctg34_17_Bartoloside-T1PKS_18_0,97.93,83.55,231
FKFHLE_14820 hypothetical protein,ctg34_17_Bartoloside-T1PKS_18_0,98.45,97.98,198
FKFHLE_14825 beta-ketoacyl synthase,ctg34_17_Bartoloside-T1PKS_18_0,99.12,99.05,2853
FKFHLE_14830 short chain oxidoreductase,ctg34_16_Bartoloside-T1PKS_18_0,98.64,100,3450
FKFHLE_14835 hypothetical protein,ctg34_15_Bartoloside-T1PKS_18_0,98.59,95.95,1554
FKFHLE_14840 tryptophan halogenase,ctg34_14_Bartoloside-T1PKS_18_0,99.01,100,1812
FKFHLE_14845 oxidoreductase,ctg34_13_Bartoloside-T1PKS_18_0,99.34,100,762
FKFHLE_14850 monooxygenase,ctg34_12_Bartoloside-T1PKS_18_0,99.41,100,1365
FKFHLE_14855 Geranylgeranyl reductase family protein,ctg34_11_Bartoloside-T1PKS_18_0,99.77,100,1764
FKFHLE_14860 hypothetical protein,ctg34_10_Bartoloside-T1PKS_18_0,100,100,372
FKFHLE_14865 Phosphatidylcholine-sterol acyltransferase,ctg34_9_Bartoloside-T1PKS_18_0,97.37,99.13,576
"FKFHLE_14870 Autotransporter protein or domain, integral membrane beta-barrel involved in protein secretion",ctg34_9_Bartoloside-T1PKS_18_0,98.66,100,447
FKFHLE_14875 HlyD family secretion protein,ctg34_8_Bartoloside-T1PKS_18_0,99.82,84.35,1323
FKFHLE_14880 ABC transporter permease DevC,ctg34_7_Bartoloside-T1PKS_18_0,100,100,1197
FKFHLE_14885 ABC transporter,ctg34_6_Bartoloside-T1PKS_18_0,99.41,100,675
FKFHLE_14890 NFACT N-terminal and middle domains,ctg34_5_Bartoloside-T1PKS_18_0,98.79,100,1731
FKFHLE_14895 hypothetical protein,ctg34_4_Bartoloside-T1PKS_18_0,97.94,100,339
FKFHLE_14900 hypothetical protein,ctg34_2_Bartoloside-T1PKS_18_0,99.17,100,240
FKFHLE_15160 Alkaline phosphatase,ctg82_37_T3PKS-Merocyclophane_5_0,89.6,73,237
FKFHLE_15175 hypothetical protein,ctg20_11_NRPS-T1PKS_26_0,90.16,97.47,198
FKFHLE_15335 GNAT family N-acetyltransferase,ctg5_14_RRE-containing_23_0,100,94.08,321
FKFHLE_15340 hypothetical protein,ctg5_14_RRE-containing_23_0,99.5,83.97,237
FKFHLE_15345 CopG family transcriptional regulator,ctg5_13_RRE-containing_23_0,99.66,100,291
FKFHLE_15350 hypothetical protein,ctg5_12_RRE-containing_23_0,100,100,273
FKFHLE_15355 hypothetical protein,ctg5_11_RRE-containing_23_0,99.31,75.59,381
FKFHLE_15360 Inclusion body protein,ctg5_8_RRE-containing_23_0,99,100.2,498
FKFHLE_15365 hypothetical protein,ctg5_7_RRE-containing_23_0,97.08,100,411
FKFHLE_15370 hypothetical protein,ctg5_6_RRE-containing_23_0,100,100,408
FKFHLE_15380 hypothetical protein,ctg5_5_RRE-containing_23_0,99.42,79.17,216
FKFHLE_15385 CopG family transcriptional regulator,ctg5_4_RRE-containing_23_0,98.43,100,255
FKFHLE_15390 hypothetical protein,ctg5_3_RRE-containing_23_0,98.99,72.53,273
FKFHLE_16050 CHAT domain-containing protein,ctg44_18_1-heptadecene_20_0,97.91,70.78,3522
FKFHLE_16055 S-(hydroxymethyl)glutathione dehydrogenase/class III alcohol dehydrogenase,ctg44_17_1-heptadecene_20_0,98.11,100,1110
FKFHLE_16060 penicillin-binding protein 2,ctg44_9_1-heptadecene_20_0,98.03,100,1875
FKFHLE_16065 radical SAM protein,ctg44_8_1-heptadecene_20_0,97.77,99.88,807
FKFHLE_16075 ABC transporter,ctg44_7_1-heptadecene_20_0,98.31,100,708
FKFHLE_16080 ABC transporter permease DevC,ctg44_6_1-heptadecene_20_0,84.5,100.34,1164
FKFHLE_16085 Type I secretion system membrane fusion protein PrsE,ctg44_5_1-heptadecene_20_0,97.02,100,1308
FKFHLE_16115 DUF2288 domain-containing protein,ctg44_2_1-heptadecene_20_0,97.59,100,291
FKFHLE_16170 cysteine--tRNA ligase,ctg82_3_T3PKS-Merocyclophane_5_0,96.67,100,1443
FKFHLE_16175 glycine/betaine ABC transporter substrate-binding protein,ctg82_4_T3PKS-Merocyclophane_5_0,97.45,100,1530
FKFHLE_16180 metal-binding protein,ctg82_5_T3PKS-Merocyclophane_5_0,94.93,100,1005
FKFHLE_16185 bifunctional orotidine-5'-phosphate decarboxylase/orotate phosphoribosyltransferase,ctg82_6_T3PKS-Merocyclophane_5_0,97.84,100,1434
FKFHLE_16190 hypothetical protein,ctg82_7_T3PKS-Merocyclophane_5_0,94.95,100,297
FKFHLE_16195 23S rRNA (guanosine(2251)-2'-O)-methyltransferase RlmB,ctg82_8_T3PKS-Merocyclophane_5_0,96.19,100,867
FKFHLE_16200 Mini-ribonuclease 3,ctg82_9_T3PKS-Merocyclophane_5_0,96.64,100,417
FKFHLE_16205 anti-sigma F factor antagonist,ctg82_10_T3PKS-Merocyclophane_5_0,95.16,100,351
FKFHLE_16210 carbamoyl phosphate synthase small subunit,ctg82_11_T3PKS-Merocyclophane_5_0,97.56,100,1149
FKFHLE_16215 transposase,ctg82_12_T3PKS-Merocyclophane_5_0,95.39,100.79,882
FKFHLE_16220 receptor ligand binding region family protein,ctg82_13_T3PKS-Merocyclophane_5_0,98.23,100,2718
FKFHLE_16225 AAA-like domain-containing protein,ctg82_14_T3PKS-Merocyclophane_5_0,99.02,98.75,1440
FKFHLE_16230 bleomycin resistance protein,ctg82_15_T3PKS-Merocyclophane_5_0,99.03,100,930
FKFHLE_16235 nitroreductase family protein,ctg82_16_T3PKS-Merocyclophane_5_0,98.94,100,663
FKFHLE_16240 AMP-binding enzyme family protein,ctg82_17_T3PKS-Merocyclophane_5_0,98.84,100,3795
FKFHLE_16245 short chain dehydrogenase,ctg82_18_T3PKS-Merocyclophane_5_0,98.4,100,5445
FKFHLE_16250 type I polyketide synthase,ctg82_19_T3PKS-Merocyclophane_5_0,99.14,100,3963
FKFHLE_16255 flavin-binding monooxygenase-like family protein,ctg82_20_T3PKS-Merocyclophane_5_0,99.09,100,1320
FKFHLE_16260 3-oxoacyl-ACP synthase,ctg82_21_T3PKS-Merocyclophane_5_0,98.47,100,1176
FKFHLE_16265 isoprenylcysteine carboxyl methyltransferase,ctg82_22_T3PKS-Merocyclophane_5_0,99.67,100,606
FKFHLE_16270 FAD-linked oxidase,ctg82_23_T3PKS-Merocyclophane_5_0,98.22,100,1632
FKFHLE_16275 MFS transporter,ctg82_24_T3PKS-Merocyclophane_5_0,98.39,100,1302
FKFHLE_16280 efflux RND transporter periplasmic adaptor subunit,ctg82_25_T3PKS-Merocyclophane_5_0,98.89,100,1356
FKFHLE_16285 acriflavine resistance protein B,ctg82_26_T3PKS-Merocyclophane_5_0,98.42,100,3099
FKFHLE_16290 Secreted effector protein PipB2,ctg82_27_T3PKS-Merocyclophane_5_0,95.13,100,780
FKFHLE_16295 hypothetical protein,ctg82_28_T3PKS-Merocyclophane_5_0,95.64,100,528
FKFHLE_16305 Phosphomannomutase,ctg82_29_T3PKS-Merocyclophane_5_0,93.89,70.59,510
FKFHLE_16310 shikimate 5-dehydrogenase,ctg82_29_T3PKS-Merocyclophane_5_0,92.24,79.17,456
FKFHLE_16315 serine/threonine protein kinase,ctg82_30_T3PKS-Merocyclophane_5_0,94.89,101.16,1548
FKFHLE_16320 rhodanese-related sulfurtransferase,ctg82_31_T3PKS-Merocyclophane_5_0,97.04,99.75,813
FKFHLE_16330 DNA repair protein RecO,ctg82_32_T3PKS-Merocyclophane_5_0,96.68,100,783
FKFHLE_16335 arabinose efflux permease,ctg82_33_T3PKS-Merocyclophane_5_0,97.38,100,1491
FKFHLE_16340 transposase,ctg82_34_T3PKS-Merocyclophane_5_0,92.05,92.22,450
FKFHLE_16345 adenylyl-sulfate kinase,AAF00966.1_uma3_MicrocystisaeruginosaPCC7806_microcystinLR,99.48,100,1527
FKFHLE_16525 oxidoreductase,ctg20_13_NRPS-T1PKS_26_0,96.34,100.04,2238
FKFHLE_16530 LprI domain-containing protein,ctg20_14_NRPS-T1PKS_26_0,95.72,76.76,426
FKFHLE_16540 HAD family phosphatase,ctg20_15_NRPS-T1PKS_26_0,97.83,100,738
FKFHLE_16680 Uma6 protein,AAF00969.1_uma6_MicrocystisaeruginosaPCC7806_microcystinLR,97.24,100,834
FKFHLE_16685 Uma5,AAF00968.1_uma5_MicrocystisaeruginosaPCC7806_microcystinLR,96.78,101.4,429
FKFHLE_17195 glycogen debranching protein,ctg28_3_RiPP-like_84_0,95.24,100,210
FKFHLE_17200 Dolichyl-phosphate-mannose-protein mannosyltransferase,ctg28_2_RiPP-like_84_0,95.65,100,1680
FKFHLE_17475 calx-beta domain protein,ctg36_2_NRPS-like_34_0,98.62,79.32,3279
FKFHLE_17480 hypothetical protein,ctg36_1_NRPS-like_34_0,93.83,81.82,99
FKFHLE_17815 ATP-dependent Clp protease adapter ClpS,ctg2_7_samp_4305_693378_NRPS,76.33,83.33,294
FKFHLE_18250 N-terminal part of Q9RNA5_MICAE Uma4,AAF00967.1_uma4_MicrocystisaeruginosaPCC7806_microcystinLR,96.25,98.77,81
FKFHLE_18805 hypothetical protein,BAW32336.1_ORFM2_MicrocystisaeruginosaNIES-87_kasumigamide,94.97,94.64,336
FKFHLE_19045 hypothetical protein,ctg3_7_lanthipeptide_54_0,100,78.16,348
FKFHLE_19075 recombinase RecQ,ctg3_13_lanthipeptide_54_0,97.93,100,1452
FKFHLE_19080 DUF3285 domain-containing protein,ctg3_14_lanthipeptide_54_0,100,100,186
FKFHLE_19085 rRNA maturation RNase YbeY,ctg3_15_lanthipeptide_54_0,97.86,100,513
FKFHLE_19090 diacylglycerol kinase,ctg3_16_lanthipeptide_54_0,97.34,100,489
FKFHLE_19095 DUF4327 domain-containing protein,ctg3_17_lanthipeptide_54_0,100,100,240
FKFHLE_19390 1-deoxy-D-xylulose-5-phosphate synthase,ctg83_26_lanthipeptide_21_0,97.41,76.77,1911
FKFHLE_19395 nickel pincer cofactor biosynthesis protein LarB,ctg83_25_lanthipeptide_21_0,98.05,100,771
FKFHLE_19400 ribonuclease J,ctg83_24_lanthipeptide_21_0,97.14,100,1749
FKFHLE_19405 4-hydroxy-tetrahydrodipicolinate synthase,ctg83_23_lanthipeptide_21_0,97.53,100,891
FKFHLE_19410 aspartate-semialdehyde dehydrogenase,ctg83_22_lanthipeptide_21_0,97.11,100,1038
FKFHLE_19415 trigger factor,ctg83_21_lanthipeptide_21_0,97.63,100,1395
FKFHLE_19420 ATP-dependent Clp endopeptidase proteolytic subunit ClpP,ctg83_20_lanthipeptide_21_0,98.51,85.9,702
FKFHLE_19425 ATP-dependent protease ATP-binding subunit ClpX,ctg83_19_lanthipeptide_21_0,98.65,100,1335
FKFHLE_19840 peptide synthetase,"ACM68682.1_aerA_MicrocystisaeruginosaNIES-98_aeruginosin98-A,aeruginosin98-B,aeruginosin98-C",98.54,100,4260
FKFHLE_19845 Dehydrogenase (flavoprotein),"ACM68683.1_aerJ_MicrocystisaeruginosaNIES-98_aeruginosin98-A,aeruginosin98-B,aeruginosin98-C",97.23,100,1878
FKFHLE_19855 type 2 isopentenyl-diphosphate Delta-isomerase,"ACM68685.1_aerK_MicrocystisaeruginosaNIES-98_aeruginosin98-A,aeruginosin98-B,aeruginosin98-C",97.61,100,1044
FKFHLE_19860 bacilysin biosynthesis protein BacA,"ACM68686.1_aerD_MicrocystisaeruginosaNIES-98_aeruginosin98-A,aeruginosin98-B,aeruginosin98-C",95.89,100,633
FKFHLE_19865 Cupin domain-containing protein,"ACM68687.1_aerE_MicrocystisaeruginosaNIES-98_aeruginosin98-A,aeruginosin98-B,aeruginosin98-C",92.5,100,627
FKFHLE_19870 short-chain dehydrogenase,"ACM68688.1_aerF_MicrocystisaeruginosaNIES-98_aeruginosin98-A,aeruginosin98-B,aeruginosin98-C",97.38,100,801
FKFHLE_19875 AerL,"ACM68689.1_aerL_MicrocystisaeruginosaNIES-98_aeruginosin98-A,aeruginosin98-B,aeruginosin98-C",92.18,84.57,363
FKFHLE_19880 non-ribosomal peptide synthetase,"ACM68690.1_aerG1_MicrocystisaeruginosaNIES-98_aeruginosin98-A,aeruginosin98-B,aeruginosin98-C",97.19,99.91,3279
FKFHLE_19885 oxidoreductase,"ACM68692.1_ACM68692.1_MicrocystisaeruginosaNIES-98_aeruginosin98-A,aeruginosin98-B,aeruginosin98-C",98.46,100,777
FKFHLE_19895 acyltransferase,"ACM68693.1_ACM68693.1_MicrocystisaeruginosaNIES-98_aeruginosin98-A,aeruginosin98-B,aeruginosin98-C",97.7,100,609
FKFHLE_19900 ABC transporter,"ACM68694.1_aerN_MicrocystisaeruginosaNIES-98_aeruginosin98-A,aeruginosin98-B,aeruginosin98-C",96.84,100,1995
FKFHLE_20895 Light-repressed protein A,ctg39_6_Cyanobactin_50_0,97,100,600
FKFHLE_20900 heat-shock protein,ctg39_7_Cyanobactin_50_0,95.86,100,411
FKFHLE_20905 L-threonylcarbamoyladenylate synthase,ctg39_8_Cyanobactin_50_0,97.51,100,642
FKFHLE_20910 nickel pincer cofactor biosynthesis protein LarC,ctg39_9_Cyanobactin_50_0,97.97,100,1182
FKFHLE_20915 DUF29 domain-containing protein,ctg39_10_Cyanobactin_50_0,96.48,100.22,453
FKFHLE_00005 sodium-dependent bicarbonate transport family permease,Unmatched,0,0,0
FKFHLE_00010 transcriptional regulator,Unmatched,0,0,0
FKFHLE_00015 DUF3172 domain-containing protein,Unmatched,0,0,0
FKFHLE_00020 transporter,Unmatched,0,0,0
"FKFHLE_00025 Glycosyl transferase, group 1",Unmatched,0,0,0
FKFHLE_00030 Glycosyl transferase group 1,Unmatched,0,0,0
FKFHLE_00035 ABC transporter ATP-binding protein,Unmatched,0,0,0
FKFHLE_00040 DNA (cytosine-5-)-methyltransferase,Unmatched,0,0,0
FKFHLE_00045 TdeIII family type II restriction endonuclease,Unmatched,0,0,0
FKFHLE_00050 transcriptional regulator,Unmatched,0,0,0
FKFHLE_00055 type II toxin-antitoxin system HicA family toxin,Unmatched,0,0,0
FKFHLE_00060 type II toxin-antitoxin system HicB family antitoxin,Unmatched,0,0,0
FKFHLE_00065 adenine-specific DNA-methyltransferase,Unmatched,0,0,0
FKFHLE_00070 restriction endonuclease,Unmatched,0,0,0
FKFHLE_00075 peptide chain release factor 3,Unmatched,0,0,0
FKFHLE_00080 1-acyl-sn-glycerol-3-phosphate acyltransferase,Unmatched,0,0,0
FKFHLE_00085 GntR family transcriptional regulator,Unmatched,0,0,0
FKFHLE_00090 VWA domain-containing protein,Unmatched,0,0,0
FKFHLE_00095 Tubulin like,Unmatched,0,0,0
FKFHLE_00100 Chromosome partition protein Smc,Unmatched,0,0,0
FKFHLE_00105 OmpA family,Unmatched,0,0,0
FKFHLE_00110 Uma2 domain-containing protein,Unmatched,0,0,0
FKFHLE_00115 hypothetical protein,Unmatched,0,0,0
FKFHLE_00120 histidinol dehydrogenase,Unmatched,0,0,0
FKFHLE_00125 acetyl-CoA carboxylase biotin carboxylase subunit,Unmatched,0,0,0
FKFHLE_00130 DNA-binding response regulator,Unmatched,0,0,0
FKFHLE_00135 ATP-dependent zinc metalloprotease FtsH,Unmatched,0,0,0
FKFHLE_00140 ribosome maturation factor RimP,Unmatched,0,0,0
FKFHLE_00145 transcription termination/antitermination protein NusA,Unmatched,0,0,0
FKFHLE_00150 DUF448 domain-containing protein,Unmatched,0,0,0
FKFHLE_00155 translation initiation factor IF-2,Unmatched,0,0,0
FKFHLE_00160 hypothetical protein,Unmatched,0,0,0
FKFHLE_00165 carbonic anhydrase,Unmatched,0,0,0
FKFHLE_00170 deoxyribodipyrimidine photolyase,Unmatched,0,0,0
FKFHLE_00175 cation transporter,Unmatched,0,0,0
FKFHLE_00180 PIN domain nuclease,Unmatched,0,0,0
FKFHLE_00185 DUF2281 domain-containing protein,Unmatched,0,0,0
FKFHLE_00190 hypothetical protein,Unmatched,0,0,0
FKFHLE_00195 Transposase,Unmatched,0,0,0
FKFHLE_00200 MFS transporter,Unmatched,0,0,0
FKFHLE_00205 Putative Similar to A0ZN06_NODSP hemagglutinin-related protein,Unmatched,0,0,0
FKFHLE_00210 DUF2235 domain-containing protein,Unmatched,0,0,0
FKFHLE_00215 aspartate aminotransferase,Unmatched,0,0,0
FKFHLE_00220 DNA repair protein RadC,Unmatched,0,0,0
FKFHLE_00225 Phosphomannomutase,Unmatched,0,0,0
FKFHLE_00230 Ycf53-like protein,Unmatched,0,0,0
FKFHLE_00235 hypothetical protein,Unmatched,0,0,0
FKFHLE_00240 epimerase,Unmatched,0,0,0
FKFHLE_00245 photosystem II reaction center protein Psb28,Unmatched,0,0,0
FKFHLE_00250 cytochrome B6,Unmatched,0,0,0
"FKFHLE_00255 Uncharacterized ACR, COG1430",Unmatched,0,0,0
FKFHLE_00260 DUF2949 domain-containing protein,Unmatched,0,0,0
FKFHLE_00265 hypothetical protein,Unmatched,0,0,0
FKFHLE_00270 DNA replication/repair protein RecF,Unmatched,0,0,0
FKFHLE_00275 DUF2808 domain-containing protein,Unmatched,0,0,0
FKFHLE_00280 Putative restriction endonuclease,Unmatched,0,0,0
FKFHLE_00285 metallothionein,Unmatched,0,0,0
FKFHLE_00290 transcriptional regulator,Unmatched,0,0,0
FKFHLE_00295 Pentapeptide repeat protein,Unmatched,0,0,0
FKFHLE_00300 ATP-dependent helicase,Unmatched,0,0,0
FKFHLE_00305 DUF6515 domain-containing protein,Unmatched,0,0,0
FKFHLE_00310 hypothetical protein,Unmatched,0,0,0
FKFHLE_00315 AbrB/MazE/SpoVT family DNA-binding domain-containing protein,Unmatched,0,0,0
FKFHLE_00320 hypothetical protein,Unmatched,0,0,0
FKFHLE_00325 ion transporter,Unmatched,0,0,0
FKFHLE_00330 ATP-dependent chaperone ClpB,Unmatched,0,0,0
FKFHLE_00335 GNAT family N-acetyltransferase,Unmatched,0,0,0
FKFHLE_00340 hypothetical protein,Unmatched,0,0,0
"FKFHLE_00345 5,10-methylenetetrahydrofolate reductase",Unmatched,0,0,0
FKFHLE_00350 G-D-S-L family lipolytic protein,Unmatched,0,0,0
FKFHLE_00355 ANAVT PilT-like domain protein,Unmatched,0,0,0
FKFHLE_00360 ribose-5-phosphate isomerase RpiA,Unmatched,0,0,0
FKFHLE_00365 RNA-binding protein,Unmatched,0,0,0
FKFHLE_00370 NblA-related protein,Unmatched,0,0,0
FKFHLE_00375 universal stress protein UspA-like protein,Unmatched,0,0,0
FKFHLE_00380 glycosyl transferase,Unmatched,0,0,0
FKFHLE_00385 magnesium chelatase ATPase subunit I,Unmatched,0,0,0
FKFHLE_00390 hypothetical protein,Unmatched,0,0,0
FKFHLE_00395 glycine--tRNA ligase subunit beta,Unmatched,0,0,0
FKFHLE_00400 rubrerythrin family protein,Unmatched,0,0,0
FKFHLE_00405 GNAT family N-acetyltransferase,Unmatched,0,0,0
FKFHLE_00410 riboflavin deaminase,Unmatched,0,0,0
FKFHLE_00415 two-component sensor histidine kinase,Unmatched,0,0,0
FKFHLE_00420 prephenate dehydratase,Unmatched,0,0,0
FKFHLE_00425 3'-5' exonuclease domain-containing protein,Unmatched,0,0,0
FKFHLE_00430 universal stress protein,Unmatched,0,0,0
FKFHLE_00435 signal peptidase I,Unmatched,0,0,0
FKFHLE_00440 nucleoside triphosphate pyrophosphohydrolase,Unmatched,0,0,0
FKFHLE_00445 hypothetical protein,Unmatched,0,0,0
FKFHLE_00450 hypothetical protein,Unmatched,0,0,0
FKFHLE_00455 mannose-6-phosphate isomerase,Unmatched,0,0,0
FKFHLE_00460 Asp-tRNA(Asn)/Glu-tRNA(Gln) amidotransferase subunit GatC,Unmatched,0,0,0
FKFHLE_00465 photosystem I assembly protein Ycf3,Unmatched,0,0,0
FKFHLE_00470 Cys/Met metabolism pyridoxal-phosphate-dependent enzyme,Unmatched,0,0,0
FKFHLE_00475 transposase,Unmatched,0,0,0
FKFHLE_00480 iron export ABC transporter permease subunit FetB,Unmatched,0,0,0
FKFHLE_00485 type I glyceraldehyde-3-phosphate dehydrogenase,Unmatched,0,0,0
FKFHLE_00490 DUF3155 domain-containing protein,Unmatched,0,0,0
FKFHLE_00495 histidine kinase,Unmatched,0,0,0
FKFHLE_00500 Slr0038 protein,Unmatched,0,0,0
FKFHLE_00505 Uncharacterized protein slr0039,Unmatched,0,0,0
FKFHLE_00510 long-chain fatty acid--CoA ligase,Unmatched,0,0,0
FKFHLE_00515 type II 3-dehydroquinate dehydratase,Unmatched,0,0,0
FKFHLE_00520 DNA mismatch repair endonuclease MutL,Unmatched,0,0,0
FKFHLE_00525 hypothetical protein,Unmatched,0,0,0
FKFHLE_00530 phosphate ABC transporter substrate-binding protein PstS,Unmatched,0,0,0
FKFHLE_00535 phosphate ABC transporter permease subunit PstC,Unmatched,0,0,0
FKFHLE_00540 phosphate ABC transporter permease PstA,Unmatched,0,0,0
FKFHLE_00545 phosphate ABC transporter ATP-binding protein PstB,Unmatched,0,0,0
FKFHLE_00550 type I methionyl aminopeptidase,Unmatched,0,0,0
FKFHLE_00555 aldo/keto reductase,Unmatched,0,0,0
"FKFHLE_00560 cob(I)yrinic acid a,c-diamide adenosyltransferase",Unmatched,0,0,0
FKFHLE_00565 hypothetical protein,Unmatched,0,0,0
FKFHLE_00570 hypothetical protein,Unmatched,0,0,0
FKFHLE_00575 site-specific integrase,Unmatched,0,0,0
FKFHLE_00580 hypothetical protein,Unmatched,0,0,0
FKFHLE_00585 HTH cro/C1-type domain-containing protein,Unmatched,0,0,0
FKFHLE_00590 hypothetical protein,Unmatched,0,0,0
FKFHLE_00595 inorganic pyrophosphatase,Unmatched,0,0,0
FKFHLE_00600 acetylmannosamine-6-phosphate 2-epimerase,Unmatched,0,0,0
FKFHLE_00605 DUF4164 domain-containing protein,Unmatched,0,0,0
FKFHLE_00610 phosphatase,Unmatched,0,0,0
FKFHLE_00615 iron-sulfur cluster assembly accessory protein,Unmatched,0,0,0
FKFHLE_00620 phospho-N-acetylmuramoyl-pentapeptide-transferase,Unmatched,0,0,0
FKFHLE_00625 DUF3134 domain-containing protein,Unmatched,0,0,0
FKFHLE_00630 8-oxo-dGTP diphosphatase MutT,Unmatched,0,0,0
FKFHLE_00635 30S ribosomal protein PSRP-3,Unmatched,0,0,0
FKFHLE_00640 ATP synthase F1 subunit epsilon,Unmatched,0,0,0
FKFHLE_00645 F0F1 ATP synthase subunit beta,Unmatched,0,0,0
FKFHLE_00650 Immunity protein 30,Unmatched,0,0,0
FKFHLE_00655 hypothetical protein,Unmatched,0,0,0
FKFHLE_00660 hypothetical protein,Unmatched,0,0,0
FKFHLE_00665 chaperone protein ClpB,Unmatched,0,0,0
FKFHLE_00670 hypothetical protein,Unmatched,0,0,0
FKFHLE_00675 hypothetical protein,Unmatched,0,0,0
FKFHLE_00680 hypothetical protein,Unmatched,0,0,0
FKFHLE_00685 DUF4926 domain-containing protein,Unmatched,0,0,0
FKFHLE_00690 hypothetical protein,Unmatched,0,0,0
FKFHLE_00695 Uma2 family endonuclease,Unmatched,0,0,0
FKFHLE_00700 Isoleucine--tRNA ligase,Unmatched,0,0,0
FKFHLE_00725 NB-ARC domain protein,Unmatched,0,0,0
FKFHLE_00730 radical SAM protein,Unmatched,0,0,0
FKFHLE_00735 chromosome segregation protein SMC,Unmatched,0,0,0
FKFHLE_00740 YCII domain-containing protein,Unmatched,0,0,0
FKFHLE_00745 SAM-dependent methyltransferase,Unmatched,0,0,0
FKFHLE_00750 UDP-glucose--tetrahydrobiopterin glucosyltransferase,Unmatched,0,0,0
FKFHLE_00755 HEAT repeat domain-containing protein,Unmatched,0,0,0
FKFHLE_00760 L-aspartate oxidase,Unmatched,0,0,0
FKFHLE_00765 photosystem II complex extrinsic protein PsbU,Unmatched,0,0,0
FKFHLE_00770 peroxiredoxin,Unmatched,0,0,0
FKFHLE_00775 ferredoxin,Unmatched,0,0,0
FKFHLE_00780 tRNA-Tyr(gta),Unmatched,0,0,0
FKFHLE_00785 tRNA-Thr(ggt),Unmatched,0,0,0
FKFHLE_00790 alpha-mannosidase,Unmatched,0,0,0
FKFHLE_00795 photosystem II reaction center protein PsbN,Unmatched,0,0,0
FKFHLE_00800 carbonic anhydrase,Unmatched,0,0,0
FKFHLE_00805 glutaminase A,Unmatched,0,0,0
FKFHLE_00810 Cyano-1 RNA,Unmatched,0,0,0
FKFHLE_00815 gas vesicle protein,Unmatched,0,0,0
FKFHLE_00820 hypothetical protein,Unmatched,0,0,0
FKFHLE_00825 hypothetical protein,Unmatched,0,0,0
FKFHLE_00830 methanol dehydrogenase,Unmatched,0,0,0
FKFHLE_00835 DUF2993 domain-containing protein,Unmatched,0,0,0
FKFHLE_00840 UPF0754 membrane protein MAE_37850,Unmatched,0,0,0
"FKFHLE_00845 bifunctional demethylmenaquinone methyltransferase/2-methoxy-6-polyprenyl-1,4-benzoquinol methylase UbiE",Unmatched,0,0,0
FKFHLE_00850 MBL fold metallo-hydrolase,Unmatched,0,0,0
FKFHLE_00855 methyltransferase type 11,Unmatched,0,0,0
FKFHLE_00860 EamA family transporter,Unmatched,0,0,0
FKFHLE_00865 AI-2E family transporter,Unmatched,0,0,0
FKFHLE_00870 shikimate dehydrogenase,Unmatched,0,0,0
FKFHLE_00875 hypothetical protein,Unmatched,0,0,0
FKFHLE_00880 amino acid ABC transporter permease,Unmatched,0,0,0
FKFHLE_00885 single-stranded DNA-binding protein,Unmatched,0,0,0
FKFHLE_00890 Uncharacterised protein family (UPF0175),Unmatched,0,0,0
FKFHLE_00895 DUF3368 domain-containing protein,Unmatched,0,0,0
FKFHLE_00900 Na+/H+ antiporter,Unmatched,0,0,0
FKFHLE_00905 DUF3038 domain-containing protein,Unmatched,0,0,0
FKFHLE_00910 DUF4335 domain-containing protein,Unmatched,0,0,0
FKFHLE_00915 DUF2389 domain-containing protein,Unmatched,0,0,0
FKFHLE_00920 transcriptional repressor LexA,Unmatched,0,0,0
FKFHLE_00925 pyruvate:ferredoxin (flavodoxin) oxidoreductase,Unmatched,0,0,0
FKFHLE_00930 dihydroorotate dehydrogenase,Unmatched,0,0,0
FKFHLE_00935 6-phosphofructokinase,Unmatched,0,0,0
"FKFHLE_00940 HicA toxin of bacterial toxin-antitoxin,",Unmatched,0,0,0
FKFHLE_00945 HicB family protein,Unmatched,0,0,0
FKFHLE_00950 Translocation protein TolB,Unmatched,0,0,0
FKFHLE_00955 phosphorylase kinase,Unmatched,0,0,0
FKFHLE_00960 hypothetical protein,Unmatched,0,0,0
FKFHLE_00965 photosystem I reaction center subunit XII,Unmatched,0,0,0
FKFHLE_00970 Integral membrane protein TerC family,Unmatched,0,0,0
FKFHLE_00975 thiol-disulfide oxidoreductase,Unmatched,0,0,0
FKFHLE_00980 transporter,Unmatched,0,0,0
FKFHLE_00985 Ca(2+)/H(+) antiporter,Unmatched,0,0,0
FKFHLE_00990 phosphate ABC transporter ATP-binding protein PstB,Unmatched,0,0,0
FKFHLE_00995 phosphate ABC transporter permease PstA,Unmatched,0,0,0
FKFHLE_01000 phosphate ABC transporter permease subunit PstC,Unmatched,0,0,0
FKFHLE_01005 phosphate-binding protein,Unmatched,0,0,0
FKFHLE_01010 sulfate ABC transporter substrate-binding protein,Unmatched,0,0,0
FKFHLE_01015 transporter,Unmatched,0,0,0
FKFHLE_01020 sulfonate ABC transporter substrate-binding protein,Unmatched,0,0,0
FKFHLE_01025 hypothetical protein,Unmatched,0,0,0
FKFHLE_01030 hypothetical protein,Unmatched,0,0,0
FKFHLE_01035 hypothetical protein,Unmatched,0,0,0
FKFHLE_01040 protein tyrosine kinase,Unmatched,0,0,0
FKFHLE_01045 cryptochrome DASH,Unmatched,0,0,0
FKFHLE_01050 class I SAM-dependent DNA methyltransferase,Unmatched,0,0,0
FKFHLE_01055 hypothetical protein,Unmatched,0,0,0
FKFHLE_01060 NADH dehydrogenase,Unmatched,0,0,0
FKFHLE_01065 Hypothetical chloroplast protein Ycf34,Unmatched,0,0,0
FKFHLE_01070 [cytidine(C)-cytidine(C)-adenosine (A)]-adding enzyme,Unmatched,0,0,0
FKFHLE_01075 hypothetical protein,Unmatched,0,0,0
FKFHLE_01080 hypothetical protein,Unmatched,0,0,0
FKFHLE_01085 hypothetical protein,Unmatched,0,0,0
FKFHLE_01090 hydrolase,Unmatched,0,0,0
FKFHLE_01095 2-hydroxy-3-keto-5-methylthiopentenyl-1-phosphate phosphatase,Unmatched,0,0,0
FKFHLE_01100 PEP-CTERM domain-containing protein,Unmatched,0,0,0
FKFHLE_01105 hypothetical protein,Unmatched,0,0,0
FKFHLE_01110 hypothetical protein,Unmatched,0,0,0
FKFHLE_01115 BrnT family toxin,Unmatched,0,0,0
FKFHLE_01120 hypothetical protein,Unmatched,0,0,0
FKFHLE_01125 hypothetical protein,Unmatched,0,0,0
FKFHLE_01130 DUF4258 domain-containing protein,Unmatched,0,0,0
FKFHLE_01135 hypothetical protein,Unmatched,0,0,0
FKFHLE_01140 hypothetical protein,Unmatched,0,0,0
FKFHLE_01145 hypothetical protein,Unmatched,0,0,0
FKFHLE_01150 high-affinity branched-chain amino acid ABC transporter ATP-binding protein LivG,Unmatched,0,0,0
FKFHLE_01155 AI-2E family transporter,Unmatched,0,0,0
FKFHLE_01160 hypothetical protein,Unmatched,0,0,0
FKFHLE_01165 tRNA (adenosine(37)-N6)-threonylcarbamoyltransferase complex dimerization subunit type 1 TsaB,Unmatched,0,0,0
FKFHLE_01170 tRNA-Lys(ttt),Unmatched,0,0,0
FKFHLE_01175 aldose epimerase,Unmatched,0,0,0
FKFHLE_01180 phosphatidate cytidylyltransferase,Unmatched,0,0,0
FKFHLE_01185 membrane protein insertion efficiency factor YidD,Unmatched,0,0,0
FKFHLE_01190 DUF2993 domain-containing protein,Unmatched,0,0,0
FKFHLE_01195 ferrochelatase,Unmatched,0,0,0
FKFHLE_01200 tRNA-Arg(tct),Unmatched,0,0,0
FKFHLE_01205 hypothetical protein,Unmatched,0,0,0
FKFHLE_01210 PEP-CTERM sorting domain-containing protein,Unmatched,0,0,0
FKFHLE_01215 Uncharacterised protein family (UPF0175),Unmatched,0,0,0
FKFHLE_01220 DUF3368 domain-containing protein,Unmatched,0,0,0
FKFHLE_01225 hypothetical protein,Unmatched,0,0,0
FKFHLE_01230 PemK family transcriptional regulator,Unmatched,0,0,0
FKFHLE_01235 modification methylase,Unmatched,0,0,0
FKFHLE_01240 Putative restriction endonuclease,Unmatched,0,0,0
FKFHLE_01245 GUN4 domain-containing protein,Unmatched,0,0,0
FKFHLE_01250 toxin-antitoxin system HicB family antitoxin,Unmatched,0,0,0
"FKFHLE_01255 putative toxin-antitoxin system toxin component, PIN family",Unmatched,0,0,0
FKFHLE_01260 penicillin-binding protein,Unmatched,0,0,0
FKFHLE_01265 pentapeptide repeat-containing protein,Unmatched,0,0,0
FKFHLE_01270 YebC/PmpR family DNA-binding transcriptional regulator,Unmatched,0,0,0
FKFHLE_01275 RNA-splicing ligase RtcB,Unmatched,0,0,0
FKFHLE_01280 molecular chaperone DnaK,Unmatched,0,0,0
FKFHLE_01285 sodium/glutamate symporter,Unmatched,0,0,0
FKFHLE_01290 PEP-CTERM sorting domain-containing protein,Unmatched,0,0,0
FKFHLE_01295 protochlorophyllide reductase,Unmatched,0,0,0
FKFHLE_01300 penicillin-binding protein activator LpoB,Unmatched,0,0,0
FKFHLE_01305 succinate dehydrogenase/fumarate reductase iron-sulfur subunit,Unmatched,0,0,0
FKFHLE_01310 AbrB family transcriptional regulator,Unmatched,0,0,0
FKFHLE_01315 CPBP family intramembrane metalloprotease domain-containing protein,Unmatched,0,0,0
FKFHLE_01320 DUF1092 domain-containing protein,Unmatched,0,0,0
FKFHLE_01325 ribosome maturation factor RimM,Unmatched,0,0,0
FKFHLE_01330 Similarity to the tr|Q5ZPI1|Q5ZPI1,Unmatched,0,0,0
FKFHLE_01335 transposase,Unmatched,0,0,0
FKFHLE_01340 pilus assembly protein,Unmatched,0,0,0
FKFHLE_01345 pilus assembly protein,Unmatched,0,0,0
FKFHLE_01350 pilus assembly protein,Unmatched,0,0,0
FKFHLE_01355 LD-carboxypeptidase,Unmatched,0,0,0
FKFHLE_01360 polyhydroxyalkanoate biosynthesis repressor PhaR,Unmatched,0,0,0
FKFHLE_01365 phosphoribulokinase,Unmatched,0,0,0
FKFHLE_01370 Putative restriction endonuclease,Unmatched,0,0,0
FKFHLE_01375 carboxylating nicotinate-nucleotide diphosphorylase,Unmatched,0,0,0
FKFHLE_01380 Adenosyl-chloride synthase,Unmatched,0,0,0
FKFHLE_01385 Ssr0692 protein,Unmatched,0,0,0
FKFHLE_01390 hypothetical protein,Unmatched,0,0,0
FKFHLE_01395 GNAT family N-acetyltransferase,Unmatched,0,0,0
FKFHLE_01400 protein phosphatase,Unmatched,0,0,0
FKFHLE_01405 hypothetical protein,Unmatched,0,0,0
FKFHLE_01410 amidase,Unmatched,0,0,0
FKFHLE_01415 TrkA family potassium uptake protein,Unmatched,0,0,0
FKFHLE_01420 ATPase,Unmatched,0,0,0
FKFHLE_01425 glycosyltransferase,Unmatched,0,0,0
FKFHLE_01430 RNA methyltransferase,Unmatched,0,0,0
FKFHLE_01435 serine hydrolase,Unmatched,0,0,0
FKFHLE_01440 glutaredoxin family protein,Unmatched,0,0,0
FKFHLE_01445 hypothetical protein,Unmatched,0,0,0
FKFHLE_01450 Putative restriction endonuclease,Unmatched,0,0,0
FKFHLE_01455 NUBPL iron-transfer P-loop NTPase,Unmatched,0,0,0
FKFHLE_01460 HEPN-RiboL-PSP domain-containing protein,Unmatched,0,0,0
FKFHLE_01465 Uncharacterized protein slr1919,Unmatched,0,0,0
FKFHLE_01470 hypothetical protein,Unmatched,0,0,0
FKFHLE_01475 anthranilate synthase component I,Unmatched,0,0,0
FKFHLE_01480 permease,Unmatched,0,0,0
FKFHLE_01485 uroporphyrinogen-III C-methyltransferase,Unmatched,0,0,0
FKFHLE_01490 phosphatidate cytidylyltransferase,Unmatched,0,0,0
"FKFHLE_01495 precorrin-6Y C5,15-methyltransferase subunit CbiT",Unmatched,0,0,0
FKFHLE_01500 PD-(D/E)XK nuclease family protein,Unmatched,0,0,0
FKFHLE_01505 molecular chaperone DnaJ,Unmatched,0,0,0
FKFHLE_01510 DUF3611 domain-containing protein,Unmatched,0,0,0
FKFHLE_01515 DUF565 domain-containing protein,Unmatched,0,0,0
FKFHLE_01520 mercuric reductase,Unmatched,0,0,0
FKFHLE_01525 Similarity,Unmatched,0,0,0
FKFHLE_01530 VapC toxin family PIN domain ribonuclease,Unmatched,0,0,0
FKFHLE_01535 hypothetical protein,Unmatched,0,0,0
"FKFHLE_01540 HicA toxin of bacterial toxin-antitoxin,",Unmatched,0,0,0
FKFHLE_01545 type II toxin-antitoxin system HicB family antitoxin,Unmatched,0,0,0
FKFHLE_01550 hypothetical protein,Unmatched,0,0,0
FKFHLE_01555 hypothetical protein,Unmatched,0,0,0
FKFHLE_01560 hypothetical protein,Unmatched,0,0,0
FKFHLE_01565 hypothetical protein,Unmatched,0,0,0
FKFHLE_01570 Carboxypeptidase,Unmatched,0,0,0
FKFHLE_01575 DUF433 domain-containing protein,Unmatched,0,0,0
FKFHLE_01580 DUF5615 domain-containing protein,Unmatched,0,0,0
FKFHLE_01585 hypothetical protein,Unmatched,0,0,0
FKFHLE_01590 cysteine synthase A,Unmatched,0,0,0
FKFHLE_01595 hypothetical protein,Unmatched,0,0,0
FKFHLE_01600 Similarity,Unmatched,0,0,0
FKFHLE_01605 hypothetical protein,Unmatched,0,0,0
FKFHLE_01610 N-acetylmuramoyl-L-alanine amidase,Unmatched,0,0,0
FKFHLE_01615 Leishmanolysin,Unmatched,0,0,0
FKFHLE_01620 hypothetical protein,Unmatched,0,0,0
FKFHLE_01625 DUF4127 domain-containing protein,Unmatched,0,0,0
FKFHLE_01630 hypothetical protein,Unmatched,0,0,0
FKFHLE_01635 hypothetical protein,Unmatched,0,0,0
FKFHLE_01640 alpha/beta hydrolase,Unmatched,0,0,0
FKFHLE_01645 hypothetical protein,Unmatched,0,0,0
FKFHLE_01650 adenosine deaminase,Unmatched,0,0,0
FKFHLE_01655 MAPEG family protein,Unmatched,0,0,0
FKFHLE_01660 DNA recombination-mediator protein A,Unmatched,0,0,0
FKFHLE_01665 GNAT family N-acetyltransferase,Unmatched,0,0,0
FKFHLE_01670 Holliday junction resolvase RuvX,Unmatched,0,0,0
FKFHLE_01675 hypothetical protein,Unmatched,0,0,0
FKFHLE_01680 allophycocyanin subunit beta,Unmatched,0,0,0
FKFHLE_01685 Glutamate 5-kinase,Unmatched,0,0,0
FKFHLE_01690 single-stranded-DNA-specific exonuclease RecJ,Unmatched,0,0,0
FKFHLE_01695 LppP/LprE lipoprotein,Unmatched,0,0,0
FKFHLE_01700 hypothetical protein,Unmatched,0,0,0
FKFHLE_01705 hybrid sensor histidine kinase/response regulator,Unmatched,0,0,0
"FKFHLE_01710 beta-propeller domain-containing protein, methanol dehydrogenase",Unmatched,0,0,0
FKFHLE_01715 hypothetical protein,Unmatched,0,0,0
FKFHLE_01720 transglutaminase,Unmatched,0,0,0
FKFHLE_01725 hypothetical protein,Unmatched,0,0,0
FKFHLE_01730 undecaprenyldiphospho-muramoylpentapeptide beta-N-acetylglucosaminyltransferase,Unmatched,0,0,0
FKFHLE_01735 Uma2 family endonuclease,Unmatched,0,0,0
FKFHLE_01740 Fructosamine kinase,Unmatched,0,0,0
FKFHLE_01745 peptidase M16,Unmatched,0,0,0
FKFHLE_01750 6S / SsrS RNA,Unmatched,0,0,0
FKFHLE_01755 FAD-dependent oxidoreductase,Unmatched,0,0,0
FKFHLE_01760 hypothetical protein,Unmatched,0,0,0
FKFHLE_01765 Carboxysome shell protein CcmP,Unmatched,0,0,0
FKFHLE_01770 glucokinase,Unmatched,0,0,0
FKFHLE_01775 Transposase,Unmatched,0,0,0
FKFHLE_01780 hypothetical protein,Unmatched,0,0,0
FKFHLE_01785 diflavin flavoprotein A,Unmatched,0,0,0
FKFHLE_01790 Mobile element protein,Unmatched,0,0,0
FKFHLE_01795 DUF29 domain-containing protein,Unmatched,0,0,0
FKFHLE_01800 glycerol acyltransferase,Unmatched,0,0,0
FKFHLE_01805 3-oxoacyl-[acyl-carrier-protein] reductase,Unmatched,0,0,0
FKFHLE_01810 peptidase,Unmatched,0,0,0
FKFHLE_01815 sulfite exporter TauE/SafE family protein,Unmatched,0,0,0
"FKFHLE_01820 Zn-dependent protease, containings TPR repeats",Unmatched,0,0,0
FKFHLE_01825 tRNA-Leu(caa),Unmatched,0,0,0
FKFHLE_01830 Similarity,Unmatched,0,0,0
FKFHLE_01835 hypothetical protein,Unmatched,0,0,0
FKFHLE_01840 hypothetical protein,Unmatched,0,0,0
FKFHLE_01845 Doublecortin domain-containing protein,Unmatched,0,0,0
FKFHLE_01850 DNA adenine methylase,Unmatched,0,0,0
FKFHLE_01855 Restriction endonuclease,Unmatched,0,0,0
FKFHLE_01860 transketolase,Unmatched,0,0,0
FKFHLE_01865 beta-ketoacyl-ACP synthase II,Unmatched,0,0,0
FKFHLE_01870 acyl carrier protein,Unmatched,0,0,0
FKFHLE_01875 heme oxygenase,Unmatched,0,0,0
FKFHLE_01880 DNA-binding response regulator,Unmatched,0,0,0
FKFHLE_01885 hypothetical protein,Unmatched,0,0,0
FKFHLE_01890 permease,Unmatched,0,0,0
FKFHLE_01895 dipeptide epimerase,Unmatched,0,0,0
FKFHLE_01900 DUF1611 domain-containing protein,Unmatched,0,0,0
FKFHLE_01905 PIN domain nuclease,Unmatched,0,0,0
FKFHLE_01910 Similarity,Unmatched,0,0,0
FKFHLE_01915 Tetratricopeptide repeat family protein,Unmatched,0,0,0
FKFHLE_01920 Similarity,Unmatched,0,0,0
FKFHLE_01925 Putative restriction endonuclease,Unmatched,0,0,0
FKFHLE_01930 30S ribosomal protein S6,Unmatched,0,0,0
"FKFHLE_01935 5-oxo-1,2,5-tricarboxylic-3-penten acid decarboxylase",Unmatched,0,0,0
FKFHLE_01940 triose-phosphate isomerase,Unmatched,0,0,0
FKFHLE_01945 serine/threonine protein phosphatase,Unmatched,0,0,0
FKFHLE_01950 site-2 protease family protein,Unmatched,0,0,0
FKFHLE_01955 FraH protein,Unmatched,0,0,0
FKFHLE_01960 6-phosphogluconolactonase,Unmatched,0,0,0
FKFHLE_01965 hypothetical protein,Unmatched,0,0,0
FKFHLE_01970 galactosyl-1-phosphate transferase,Unmatched,0,0,0
FKFHLE_01975 DUF29 domain-containing protein,Unmatched,0,0,0
FKFHLE_01980 DUF29 domain-containing protein,Unmatched,0,0,0
FKFHLE_01985 ribonucleoside-diphosphate reductase subunit alpha,Unmatched,0,0,0
FKFHLE_01990 DUF3854 domain-containing protein,Unmatched,0,0,0
FKFHLE_01995 nitroreductase,Unmatched,0,0,0
FKFHLE_02000 guanylate cyclase,Unmatched,0,0,0
FKFHLE_02005 AmpG family muropeptide MFS transporter,Unmatched,0,0,0
FKFHLE_02010 GNAT family N-acetyltransferase,Unmatched,0,0,0
FKFHLE_02015 LytR family transcriptional regulator,Unmatched,0,0,0
FKFHLE_02020 arsenosugar biosynthesis radical SAM protein ArsS,Unmatched,0,0,0
FKFHLE_02025 DUF3143 domain-containing protein,Unmatched,0,0,0
FKFHLE_02030 heat-shock protein,Unmatched,0,0,0
FKFHLE_02035 thylakoid membrane photosystem I accumulation factor,Unmatched,0,0,0
"FKFHLE_02040 Carbohydrate-selective porin, OprB family",Unmatched,0,0,0
FKFHLE_02045 hypothetical protein,Unmatched,0,0,0
FKFHLE_02050 Uncharacterised protein family (UPF0175),Unmatched,0,0,0
FKFHLE_02055 DUF3368 domain-containing protein,Unmatched,0,0,0
FKFHLE_02060 hypothetical protein,Unmatched,0,0,0
FKFHLE_02065 hypothetical protein,Unmatched,0,0,0
FKFHLE_02080 hypothetical protein,Unmatched,0,0,0
FKFHLE_02085 serine endopeptidase inhibitor,Unmatched,0,0,0
FKFHLE_02090 SAM-dependent methyltransferase,Unmatched,0,0,0
FKFHLE_02100 citrate lyase beta subunit,Unmatched,0,0,0
FKFHLE_02105 aspartate--tRNA ligase,Unmatched,0,0,0
FKFHLE_02110 FGE-sulfatase domain-containing protein,Unmatched,0,0,0
FKFHLE_02115 Unnamed protein product,Unmatched,0,0,0
FKFHLE_02120 hypothetical protein,Unmatched,0,0,0
FKFHLE_02125 hypothetical protein,Unmatched,0,0,0
FKFHLE_02130 hypothetical protein,Unmatched,0,0,0
FKFHLE_02135 Similarity,Unmatched,0,0,0
FKFHLE_02140 hypothetical protein,Unmatched,0,0,0
FKFHLE_02145 Nitrogen stress-induced RNA 4,Unmatched,0,0,0
FKFHLE_02150 Permease,Unmatched,0,0,0
FKFHLE_02155 type II toxin-antitoxin system PrlF family antitoxin,Unmatched,0,0,0
FKFHLE_02160 toxin,Unmatched,0,0,0
FKFHLE_02165 Transposase,Unmatched,0,0,0
FKFHLE_02170 anthranilate phosphoribosyltransferase,Unmatched,0,0,0
FKFHLE_02175 ferredoxin--nitrite reductase,Unmatched,0,0,0
FKFHLE_02180 protein sphX,Unmatched,0,0,0
FKFHLE_02185 phosphate ABC transporter substrate-binding protein PstS,Unmatched,0,0,0
FKFHLE_02190 phosphate ABC transporter permease subunit PstC,Unmatched,0,0,0
FKFHLE_02195 phosphate ABC transporter permease PstA,Unmatched,0,0,0
FKFHLE_02200 phosphate ABC transporter ATP-binding protein PstB,Unmatched,0,0,0
FKFHLE_02205 phosphate ABC transporter ATP-binding protein PstB,Unmatched,0,0,0
FKFHLE_02265 hypothetical protein,Unmatched,0,0,0
FKFHLE_02270 hypothetical protein,Unmatched,0,0,0
FKFHLE_02275 DUF5615 domain-containing protein,Unmatched,0,0,0
FKFHLE_02280 hypothetical protein,Unmatched,0,0,0
FKFHLE_02285 hypothetical protein,Unmatched,0,0,0
FKFHLE_02290 UbiD family decarboxylase,Unmatched,0,0,0
FKFHLE_02295 chromosome segregation protein SMC,Unmatched,0,0,0
FKFHLE_02300 DUF3226 domain-containing protein,Unmatched,0,0,0
FKFHLE_02305 photosystem II cytochrome c-550,Unmatched,0,0,0
FKFHLE_02310 translation initiation factor IF-2,Unmatched,0,0,0
FKFHLE_02315 Putative regulatory protein MAE_11840,Unmatched,0,0,0
FKFHLE_02320 guanylate kinase,Unmatched,0,0,0
FKFHLE_02325 transposase,Unmatched,0,0,0
FKFHLE_02350 efflux transporter periplasmic adaptor subunit,Unmatched,0,0,0
FKFHLE_02355 ABC transporter permease,Unmatched,0,0,0
FKFHLE_02360 aldo/keto reductase,Unmatched,0,0,0
FKFHLE_02365 hypothetical protein,Unmatched,0,0,0
FKFHLE_02370 DUF4115 domain-containing protein,Unmatched,0,0,0
FKFHLE_02375 pseudouridine synthase,Unmatched,0,0,0
FKFHLE_02380 hypothetical protein,Unmatched,0,0,0
FKFHLE_02385 superoxide dismutase [Fe],Unmatched,0,0,0
FKFHLE_02390 alpha/beta hydrolase,Unmatched,0,0,0
FKFHLE_02395 S-adenosyl-L-methionine-dependent methyltransferase,Unmatched,0,0,0
FKFHLE_02400 phosphohistidine phosphatase SixA,Unmatched,0,0,0
FKFHLE_02405 exopolyphosphatase-like protein,Unmatched,0,0,0
FKFHLE_02410 hypothetical protein,Unmatched,0,0,0
FKFHLE_02415 glycosyl transferase family 1,Unmatched,0,0,0
FKFHLE_02420 peptide ABC transporter substrate-binding protein,Unmatched,0,0,0
FKFHLE_02425 citrate synthase,Unmatched,0,0,0
FKFHLE_02430 Uma2 domain-containing protein,Unmatched,0,0,0
FKFHLE_02435 hypothetical protein,Unmatched,0,0,0
FKFHLE_02440 Peptidase A2 domain-containing protein,Unmatched,0,0,0
FKFHLE_02445 t-SNARE coiled-coil-like y domain-containing protein,Unmatched,0,0,0
FKFHLE_02450 hypothetical protein,Unmatched,0,0,0
FKFHLE_02455 hypothetical protein,Unmatched,0,0,0
FKFHLE_02460 hypothetical protein,Unmatched,0,0,0
FKFHLE_02465 L-lactate dehydrogenase,Unmatched,0,0,0
FKFHLE_02470 DUF952 domain-containing protein,Unmatched,0,0,0
FKFHLE_02475 cytosine deaminase,Unmatched,0,0,0
"FKFHLE_02480 7,8-didemethyl-8-hydroxy-5-deazariboflavin synthase subunit CofG",Unmatched,0,0,0
FKFHLE_02485 transglutaminase,Unmatched,0,0,0
FKFHLE_02490 hypothetical protein,Unmatched,0,0,0
FKFHLE_02495 hypothetical protein,Unmatched,0,0,0
FKFHLE_02500 hypothetical protein,Unmatched,0,0,0
FKFHLE_02505 sirohydrochlorin chelatase,Unmatched,0,0,0
FKFHLE_02510 2-amino-4-hydroxy-6-hydroxymethyldihydropteridine diphosphokinase,Unmatched,0,0,0
FKFHLE_02515 GTPase,Unmatched,0,0,0
FKFHLE_02520 hypothetical protein,Unmatched,0,0,0
FKFHLE_02525 cell division protein FtsI,Unmatched,0,0,0
FKFHLE_02530 PEP-CTERM domain protein,Unmatched,0,0,0
FKFHLE_02535 hypothetical protein,Unmatched,0,0,0
FKFHLE_02540 Uncharacterized protein slr1608,Unmatched,0,0,0
FKFHLE_02545 amino acid ABC transporter substrate-binding protein,Unmatched,0,0,0
FKFHLE_02550 rSAM-associated Gly-rich repeat protein,Unmatched,0,0,0
FKFHLE_02555 PEP-CTERM domain-containing protein,Unmatched,0,0,0
FKFHLE_02560 Similarity with the tr|Q7NJJ4|Q7NJJ4,Unmatched,0,0,0
FKFHLE_02565 hypothetical protein,Unmatched,0,0,0
FKFHLE_02570 aspartyl protease,Unmatched,0,0,0
FKFHLE_02575 7-cyano-7-deazaguanine synthase QueC,Unmatched,0,0,0
FKFHLE_02580 Putative manganese efflux pump,Unmatched,0,0,0
FKFHLE_02585 branched-chain amino acid ABC transporter permease,Unmatched,0,0,0
FKFHLE_02590 Similarity,Unmatched,0,0,0
FKFHLE_02595 cadmium-translocating P-type ATPase,Unmatched,0,0,0
FKFHLE_02600 DUF5132 domain-containing protein,Unmatched,0,0,0
FKFHLE_02605 DUF5132 domain-containing protein,Unmatched,0,0,0
FKFHLE_02610 Similarity,Unmatched,0,0,0
FKFHLE_02615 30S ribosomal protein S20,Unmatched,0,0,0
FKFHLE_02620 deoxyribonuclease,Unmatched,0,0,0
FKFHLE_02625 DNA-directed RNA polymerase subunit beta,Unmatched,0,0,0
FKFHLE_02630 DNA-directed RNA polymerase subunit beta',Unmatched,0,0,0
FKFHLE_02635 tRNA-Pro(tgg),Unmatched,0,0,0
FKFHLE_02640 GNAT family N-acetyltransferase,Unmatched,0,0,0
FKFHLE_02645 tRNA-Ser(tga),Unmatched,0,0,0
FKFHLE_02650 peptidylprolyl isomerase,Unmatched,0,0,0
FKFHLE_02655 type I secretion system permease/ATPase,Unmatched,0,0,0
FKFHLE_02660 hemolysin secretion protein D,Unmatched,0,0,0
FKFHLE_02665 1-(5-phosphoribosyl)-5-[(5-phosphoribosylamino)methylideneamino]imidazole-4-carboxamide isomerase,Unmatched,0,0,0
FKFHLE_02670 helix-turn-helix transcriptional regulator,Unmatched,0,0,0
FKFHLE_02675 biopolymer transporter,Unmatched,0,0,0
FKFHLE_02680 Similar to tr|Q70JS4|Q70JS4,Unmatched,0,0,0
FKFHLE_02685 glycosyl transferase,Unmatched,0,0,0
FKFHLE_02690 Glycosyltransferase family 87,Unmatched,0,0,0
FKFHLE_02695 hypothetical protein,Unmatched,0,0,0
FKFHLE_02700 glycosyl transferase,Unmatched,0,0,0
FKFHLE_02705 DUF1815 domain-containing protein,Unmatched,0,0,0
FKFHLE_02710 ribulose-phosphate 3-epimerase,Unmatched,0,0,0
FKFHLE_02715 histidinol-phosphatase,Unmatched,0,0,0
FKFHLE_02720 Nsp1-like C-terminal region,Unmatched,0,0,0
FKFHLE_02725 ATP-dependent Zn protease,Unmatched,0,0,0
FKFHLE_02730 carbamoyltransferase HypF,Unmatched,0,0,0
FKFHLE_02735 Similarity,Unmatched,0,0,0
FKFHLE_02740 flavin oxidoreductase,Unmatched,0,0,0
FKFHLE_02745 DUF3368 domain-containing protein,Unmatched,0,0,0
FKFHLE_02750 peroxiredoxin,Unmatched,0,0,0
FKFHLE_02755 MFS transporter,Unmatched,0,0,0
FKFHLE_02760 hypothetical protein,Unmatched,0,0,0
FKFHLE_02765 hypothetical protein,Unmatched,0,0,0
FKFHLE_02770 GUN4 domain-containing protein,Unmatched,0,0,0
FKFHLE_02775 carbon dioxide transporter,Unmatched,0,0,0
FKFHLE_02780 DUF1823 domain-containing protein,Unmatched,0,0,0
FKFHLE_02785 EamA family transporter,Unmatched,0,0,0
FKFHLE_02790 type 4 pilin,Unmatched,0,0,0
FKFHLE_02795 prepilin-type family protein,Unmatched,0,0,0
FKFHLE_02800 hypothetical protein,Unmatched,0,0,0
FKFHLE_02805 Hsp33 family molecular chaperone HslO,Unmatched,0,0,0
FKFHLE_02810 chromosome segregation ATPase,Unmatched,0,0,0
FKFHLE_02815 Secreted effector protein PipB2,Unmatched,0,0,0
FKFHLE_02820 Ppx/GppA family phosphatase,Unmatched,0,0,0
FKFHLE_02825 Exopolyphosphatase,Unmatched,0,0,0
FKFHLE_02830 DUF1400 domain-containing protein,Unmatched,0,0,0
FKFHLE_02835 DUF3082 domain-containing protein,Unmatched,0,0,0
FKFHLE_02840 Mobile element protein,Unmatched,0,0,0
FKFHLE_02845 50S ribosomal protein L25/general stress protein Ctc,Unmatched,0,0,0
FKFHLE_02850 adenylosuccinate synthase,Unmatched,0,0,0
FKFHLE_02855 aminotransferase,Unmatched,0,0,0
FKFHLE_02860 indole-3-glycerol phosphate synthase TrpC,Unmatched,0,0,0
FKFHLE_02865 hypothetical protein,Unmatched,0,0,0
FKFHLE_02870 Chromosome partition protein Smc,Unmatched,0,0,0
FKFHLE_02875 DUF3288 domain-containing protein,Unmatched,0,0,0
FKFHLE_02880 methionine synthase,Unmatched,0,0,0
FKFHLE_02885 glycosyltransferase,Unmatched,0,0,0
FKFHLE_02890 hypothetical protein,Unmatched,0,0,0
FKFHLE_02895 DUF4347 domain-containing protein,Unmatched,0,0,0
FKFHLE_02910 tRNA-fMet(cat),Unmatched,0,0,0
FKFHLE_02915 succinate dehydrogenase/fumarate reductase flavoprotein subunit,Unmatched,0,0,0
FKFHLE_02920 plastocyanin,Unmatched,0,0,0
FKFHLE_02925 Cytochrome c6,Unmatched,0,0,0
FKFHLE_02930 nuclease,Unmatched,0,0,0
FKFHLE_02935 hypothetical protein,Unmatched,0,0,0
FKFHLE_02945 TIGR03032 family protein,Unmatched,0,0,0
FKFHLE_02950 XisI protein,Unmatched,0,0,0
FKFHLE_02955 fatty-acid synthase,Unmatched,0,0,0
FKFHLE_02960 chromate transporter,Unmatched,0,0,0
FKFHLE_02965 ATP phosphoribosyltransferase,Unmatched,0,0,0
FKFHLE_02970 HAD family hydrolase,Unmatched,0,0,0
FKFHLE_02975 deoxyribose-phosphate aldolase,Unmatched,0,0,0
FKFHLE_02980 bifunctional aconitate hydratase 2/2-methylisocitrate dehydratase,Unmatched,0,0,0
FKFHLE_02985 DUF2584 domain-containing protein,Unmatched,0,0,0
FKFHLE_02990 hypothetical protein,Unmatched,0,0,0
FKFHLE_02995 hypothetical protein,Unmatched,0,0,0
FKFHLE_03000 hypothetical protein,Unmatched,0,0,0
FKFHLE_03005 hypothetical protein,Unmatched,0,0,0
FKFHLE_03010 hypothetical protein,Unmatched,0,0,0
FKFHLE_03015 hypothetical protein,Unmatched,0,0,0
FKFHLE_03020 FdxN element excision controlling factor protein,Unmatched,0,0,0
FKFHLE_03025 hypothetical protein,Unmatched,0,0,0
FKFHLE_03030 modification methylase,Unmatched,0,0,0
FKFHLE_03035 alpha/beta hydrolase,Unmatched,0,0,0
FKFHLE_03040 All3148 protein,Unmatched,0,0,0
FKFHLE_03045 Red carotenoid-binding protein,Unmatched,0,0,0
FKFHLE_03050 nitrate ABC transporter ATP-binding protein,Unmatched,0,0,0
FKFHLE_03055 ABC transporter permease,Unmatched,0,0,0
FKFHLE_03060 aliphatic sulfonates ABC transporter substrate-binding protein,Unmatched,0,0,0
FKFHLE_03065 hydrogenase nickel incorporation protein HypB,Unmatched,0,0,0
FKFHLE_03070 hydrogenase maturation nickel metallochaperone HypA,Unmatched,0,0,0
FKFHLE_03075 agmatinase,Unmatched,0,0,0
FKFHLE_03080 Type II secretory pathway ATPase PulE/Tfp pilus assembly pathway ATPase PilB,Unmatched,0,0,0
FKFHLE_03085 Proto-chlorophyllide reductase 57 kD subunit,Unmatched,0,0,0
"FKFHLE_03090 GTP 3',8-cyclase MoaA",Unmatched,0,0,0
FKFHLE_03095 DUF3370 domain-containing protein,Unmatched,0,0,0
FKFHLE_03100 biopolymer transporter,Unmatched,0,0,0
FKFHLE_03105 hypothetical protein,Unmatched,0,0,0
FKFHLE_03110 ATP-dependent transcriptional regulator,Unmatched,0,0,0
FKFHLE_03115 Similar to tr|Q8YNN4|Q8YNN4,Unmatched,0,0,0
FKFHLE_03120 hypothetical protein,Unmatched,0,0,0
FKFHLE_03125 CHAT domain protein,Unmatched,0,0,0
FKFHLE_03130 PDZ domain-containing protein,Unmatched,0,0,0
FKFHLE_03135 serine protease,Unmatched,0,0,0
FKFHLE_03140 Circadian oscillating protein COP23,Unmatched,0,0,0
FKFHLE_03145 tRNA-Asp(gtc),Unmatched,0,0,0
FKFHLE_03150 glycogen phosphorylase,Unmatched,0,0,0
FKFHLE_03155 dihydroflavonol 4-reductase,Unmatched,0,0,0
FKFHLE_03160 fluoride efflux transporter CrcB,Unmatched,0,0,0
FKFHLE_03165 fluoride efflux transporter CrcB,Unmatched,0,0,0
FKFHLE_03170 16S rRNA (adenine(1518)-N(6)/adenine(1519)-N(6))-dimethyltransferase RsmA,Unmatched,0,0,0
FKFHLE_03175 4-(cytidine 5'-diphospho)-2-C-methyl-D-erythritol kinase,Unmatched,0,0,0
FKFHLE_03180 Urease accessory protein UreD,Unmatched,0,0,0
FKFHLE_03185 hypothetical protein,Unmatched,0,0,0
FKFHLE_03190 XRE family transcriptional regulator,Unmatched,0,0,0
FKFHLE_03195 restriction endonuclease,Unmatched,0,0,0
FKFHLE_03200 DNA (cytosine-5-)-methyltransferase,Unmatched,0,0,0
FKFHLE_03205 DNA gyrase subunit A,Unmatched,0,0,0
FKFHLE_03210 DNA uptake protein,Unmatched,0,0,0
FKFHLE_03215 TM2 domain-containing protein,Unmatched,0,0,0
FKFHLE_03220 asparagine--tRNA ligase,Unmatched,0,0,0
FKFHLE_03225 Txe/YoeB family addiction module toxin,Unmatched,0,0,0
FKFHLE_03230 prevent-host-death protein,Unmatched,0,0,0
FKFHLE_03235 hypothetical protein,Unmatched,0,0,0
FKFHLE_03240 Ribosomal protein S1,Unmatched,0,0,0
FKFHLE_03245 aspartate kinase,Unmatched,0,0,0
FKFHLE_03250 bifunctional ADP-dependent NAD(P)H-hydrate dehydratase/NAD(P)H-hydrate epimerase,Unmatched,0,0,0
FKFHLE_03255 helicase,Unmatched,0,0,0
FKFHLE_03260 hypothetical protein,Unmatched,0,0,0
FKFHLE_03265 DUF4926 domain-containing protein,Unmatched,0,0,0
FKFHLE_03270 type II toxin-antitoxin system prevent-host-death family antitoxin,Unmatched,0,0,0
FKFHLE_03275 PIN domain nuclease,Unmatched,0,0,0
FKFHLE_03280 helicase,Unmatched,0,0,0
FKFHLE_03285 helicase,Unmatched,0,0,0
FKFHLE_03290 serine esterase,Unmatched,0,0,0
FKFHLE_03295 16S rRNA (cytosine(967)-C(5))-methyltransferase,Unmatched,0,0,0
FKFHLE_03300 Tellurite resistance protein TerB,Unmatched,0,0,0
FKFHLE_03305 alpha-D-glucose phosphate-specific phosphoglucomutase,Unmatched,0,0,0
FKFHLE_03310 L-glutamate gamma-semialdehyde dehydrogenase,Unmatched,0,0,0
FKFHLE_03315 photosynthetic/respiratory NAD(P)H-quinone oxidoreductase subunit H,Unmatched,0,0,0
FKFHLE_03320 Similarity,Unmatched,0,0,0
FKFHLE_03325 Similarity,Unmatched,0,0,0
FKFHLE_03330 AAA domain-containing protein,Unmatched,0,0,0
FKFHLE_03335 FGE-sulfatase domain-containing protein,Unmatched,0,0,0
FKFHLE_03340 HD domain-containing protein,Unmatched,0,0,0
FKFHLE_03345 DUF29 domain-containing protein,Unmatched,0,0,0
FKFHLE_03350 tryptophan synthase subunit alpha,Unmatched,0,0,0
FKFHLE_03355 glycosyltransferase,Unmatched,0,0,0
FKFHLE_03360 phospholipid-binding protein,Unmatched,0,0,0
FKFHLE_03365 heterodisulfide reductase,Unmatched,0,0,0
FKFHLE_03370 anti-anti-sigma factor,Unmatched,0,0,0
FKFHLE_03375 Acetylglutamate kinase,Unmatched,0,0,0
FKFHLE_03380 hypothetical protein,Unmatched,0,0,0
FKFHLE_03385 DUF790 domain-containing protein,Unmatched,0,0,0
FKFHLE_03390 molecular chaperone,Unmatched,0,0,0
FKFHLE_03395 hypothetical protein,Unmatched,0,0,0
FKFHLE_03400 Fe2OG dioxygenase domain-containing protein,Unmatched,0,0,0
FKFHLE_03405 glycerol acyltransferase,Unmatched,0,0,0
FKFHLE_03410 Translation initiation factor 2,Unmatched,0,0,0
FKFHLE_03415 Lysylphosphatidylglycerol synthase TM region,Unmatched,0,0,0
FKFHLE_03420 DUF29 domain-containing protein,Unmatched,0,0,0
FKFHLE_03425 hypothetical protein,Unmatched,0,0,0
FKFHLE_03430 DUF29 domain-containing protein,Unmatched,0,0,0
FKFHLE_03435 DUF29 domain-containing protein,Unmatched,0,0,0
FKFHLE_03440 cytochrome b6-f complex subunit PetL,Unmatched,0,0,0
FKFHLE_03445 DNA repair protein RadA,Unmatched,0,0,0
FKFHLE_03450 DNA-binding response regulator,Unmatched,0,0,0
FKFHLE_03455 cofactor assembly of complex C subunit B,Unmatched,0,0,0
FKFHLE_03460 GTP cyclohydrolase I FolE,Unmatched,0,0,0
FKFHLE_03465 porphobilinogen synthase,Unmatched,0,0,0
FKFHLE_03470 Chromophore lyase CpcT/CpeT 3,Unmatched,0,0,0
FKFHLE_03475 thioredoxin domain-containing protein,Unmatched,0,0,0
FKFHLE_03515 hypothetical protein,Unmatched,0,0,0
FKFHLE_03520 PINc domain-containing protein,Unmatched,0,0,0
FKFHLE_03525 hypothetical protein,Unmatched,0,0,0
FKFHLE_03530 Secreted effector protein PipB2,Unmatched,0,0,0
FKFHLE_03535 hypothetical protein,Unmatched,0,0,0
FKFHLE_03540 hypothetical protein,Unmatched,0,0,0
FKFHLE_03545 excinuclease ABC subunit UvrC,Unmatched,0,0,0
FKFHLE_03550 hypothetical protein,Unmatched,0,0,0
FKFHLE_03555 3-isopropylmalate dehydrogenase,Unmatched,0,0,0
FKFHLE_03560 glucose-1-phosphate thymidylyltransferase,Unmatched,0,0,0
FKFHLE_03565 dTDP-4-dehydrorhamnose reductase,Unmatched,0,0,0
"FKFHLE_03570 dTDP-4-dehydrorhamnose 3,5-epimerase",Unmatched,0,0,0
FKFHLE_03575 biotin synthase BioB,Unmatched,0,0,0
FKFHLE_03580 biotin transporter BioY,Unmatched,0,0,0
FKFHLE_03585 signal peptidase II,Unmatched,0,0,0
FKFHLE_03590 AMP-dependent synthetase,Unmatched,0,0,0
FKFHLE_03595 Putative restriction endonuclease,Unmatched,0,0,0
FKFHLE_03600 5-(carboxyamino)imidazole ribonucleotide mutase,Unmatched,0,0,0
FKFHLE_03605 Beta-barrel assembly-enhancing protease,Unmatched,0,0,0
FKFHLE_03625 Carrier domain-containing protein,Unmatched,0,0,0
FKFHLE_03640 Cofac-haem-bdg domain-containing protein,Unmatched,0,0,0
FKFHLE_03645 ferredoxin-NADP reductase,Unmatched,0,0,0
FKFHLE_03650 photosystem I reaction center subunit XII,Unmatched,0,0,0
FKFHLE_03655 23S rRNA (adenine(2503)-C(2))-methyltransferase RlmN,Unmatched,0,0,0
FKFHLE_03660 30S ribosomal protein S6--L-glutamate ligase,Unmatched,0,0,0
FKFHLE_03665 ABC transporter ATP-binding protein,Unmatched,0,0,0
FKFHLE_03670 PNP-UDP-1 domain-containing protein,Unmatched,0,0,0
FKFHLE_03675 tRNA-Leu(gag),Unmatched,0,0,0
FKFHLE_03680 DUF4351 domain-containing protein,Unmatched,0,0,0
FKFHLE_03685 DUF4351 domain-containing protein,Unmatched,0,0,0
FKFHLE_03690 hypothetical protein,Unmatched,0,0,0
FKFHLE_03695 hypothetical protein,Unmatched,0,0,0
FKFHLE_03700 transporter,Unmatched,0,0,0
FKFHLE_03705 hypothetical protein,Unmatched,0,0,0
FKFHLE_03710 cytochrome B6,Unmatched,0,0,0
FKFHLE_03715 arsenic-transporting ATPase,Unmatched,0,0,0
FKFHLE_03720 chlorophyll synthase ChlG,Unmatched,0,0,0
FKFHLE_03725 acetolactate synthase small subunit,Unmatched,0,0,0
FKFHLE_03730 peptide ABC transporter substrate-binding protein,Unmatched,0,0,0
FKFHLE_03735 hypothetical protein,Unmatched,0,0,0
FKFHLE_03740 DedA family protein,Unmatched,0,0,0
FKFHLE_03745 methyltransferase,Unmatched,0,0,0
FKFHLE_03750 glycosyltransferase family 1 protein,Unmatched,0,0,0
FKFHLE_03755 hypothetical protein,Unmatched,0,0,0
FKFHLE_03760 RNA-binding protein,Unmatched,0,0,0
"FKFHLE_03765 1,4-dihydroxy-2-naphthoyl-CoA synthase",Unmatched,0,0,0
FKFHLE_03770 peptidase C69,Unmatched,0,0,0
FKFHLE_03775 hypothetical protein,Unmatched,0,0,0
FKFHLE_03780 arsenosugar biosynthesis arsenite methyltransferase ArsM,Unmatched,0,0,0
FKFHLE_03785 glutamate-5-semialdehyde dehydrogenase,Unmatched,0,0,0
FKFHLE_03790 hypothetical protein,Unmatched,0,0,0
FKFHLE_03795 tRNA-Gly(gcc),Unmatched,0,0,0
FKFHLE_03800 hypothetical protein,Unmatched,0,0,0
"FKFHLE_03805 6,7-dimethyl-8-ribityllumazine synthase",Unmatched,0,0,0
FKFHLE_03810 photosystem II reaction center protein PsbZ,Unmatched,0,0,0
FKFHLE_03815 copper resistance protein CopD,Unmatched,0,0,0
FKFHLE_03820 hypothetical protein,Unmatched,0,0,0
FKFHLE_03825 hypothetical protein,Unmatched,0,0,0
FKFHLE_03830 sodium:proton antiporter,Unmatched,0,0,0
FKFHLE_03835 PEP-CTERM domain-containing protein,Unmatched,0,0,0
FKFHLE_03840 hypothetical protein,Unmatched,0,0,0
FKFHLE_03845 phosphate acetyltransferase,Unmatched,0,0,0
FKFHLE_03850 N-acetylmuramoyl-L-alanine amidase,Unmatched,0,0,0
FKFHLE_03855 peroxiredoxin,Unmatched,0,0,0
FKFHLE_03860 Melibiase,Unmatched,0,0,0
FKFHLE_03865 N-6 DNA methylase,Unmatched,0,0,0
FKFHLE_03870 glycosyl transferase,Unmatched,0,0,0
FKFHLE_03900 Bacterial RNase P class A,Unmatched,0,0,0
FKFHLE_03960 hypothetical protein,Unmatched,0,0,0
FKFHLE_03965 macrolide ABC transporter ATP-binding protein,Unmatched,0,0,0
FKFHLE_03970 ABC transporter substrate-binding protein,Unmatched,0,0,0
FKFHLE_03975 Aluminum resistance protein,Unmatched,0,0,0
FKFHLE_03980 acyl-CoA desaturase,Unmatched,0,0,0
FKFHLE_03985 hypothetical protein,Unmatched,0,0,0
FKFHLE_03990 1-deoxy-D-xylulose-5-phosphate reductoisomerase,Unmatched,0,0,0
FKFHLE_03995 glutamate-5-semialdehyde dehydrogenase,Unmatched,0,0,0
FKFHLE_04000 riboflavin synthase,Unmatched,0,0,0
FKFHLE_04005 DUF4411 domain-containing protein,Unmatched,0,0,0
FKFHLE_04010 IrrE N-terminal-like domain-containing protein,Unmatched,0,0,0
FKFHLE_04015 adenosylhomocysteinase,Unmatched,0,0,0
FKFHLE_04020 alkaline phosphatase,Unmatched,0,0,0
FKFHLE_04025 Similar to tr|Q6N6M9|Q6N6M9,Unmatched,0,0,0
FKFHLE_04030 Unnamed protein product,Unmatched,0,0,0
FKFHLE_04035 hypothetical protein,Unmatched,0,0,0
FKFHLE_04040 hypothetical protein,Unmatched,0,0,0
FKFHLE_04045 DUF5615 domain-containing protein,Unmatched,0,0,0
FKFHLE_04050 ABC 3 transport family,Unmatched,0,0,0
FKFHLE_04055 cofactor assembly of complex C subunit B,Unmatched,0,0,0
"FKFHLE_04060 1,4-dihydroxy-2-naphthoyl-CoA hydrolase",Unmatched,0,0,0
FKFHLE_04065 DUF1361 domain-containing protein,Unmatched,0,0,0
FKFHLE_04070 ring-hydroxylating oxygenase subunit alpha,Unmatched,0,0,0
FKFHLE_04075 Dnd system-associated protein 4,Unmatched,0,0,0
FKFHLE_04080 4-amino-4-deoxy-L-arabinose transferase,Unmatched,0,0,0
FKFHLE_04085 peptidylprolyl isomerase,Unmatched,0,0,0
"FKFHLE_04090 2,3-diketo-5-methylthiopentyl-1-phosphate enolase",Unmatched,0,0,0
FKFHLE_04095 serine--tRNA ligase,Unmatched,0,0,0
FKFHLE_04100 M23 family peptidase,Unmatched,0,0,0
FKFHLE_04105 glycosyltransferase,Unmatched,0,0,0
FKFHLE_04110 metal-binding protein,Unmatched,0,0,0
FKFHLE_04160 N-acetylmuramoyl-L-alanine amidase,Unmatched,0,0,0
FKFHLE_04165 hypothetical protein,Unmatched,0,0,0
FKFHLE_04170 N-acetylmuramoyl-L-alanine amidase,Unmatched,0,0,0
FKFHLE_04175 hypothetical protein,Unmatched,0,0,0
FKFHLE_04195 transposase,Unmatched,0,0,0
FKFHLE_04200 tRNA-Gly(ccc),Unmatched,0,0,0
FKFHLE_04205 primosomal protein,Unmatched,0,0,0
FKFHLE_04210 EVE domain-containing protein,Unmatched,0,0,0
FKFHLE_04215 two-component sensor histidine kinase,Unmatched,0,0,0
FKFHLE_04220 tRNA-Glu(ttc),Unmatched,0,0,0
FKFHLE_04225 hypothetical protein,Unmatched,0,0,0
FKFHLE_04230 glycerol-3-phosphate 1-O-acyltransferase PlsY,Unmatched,0,0,0
FKFHLE_04235 3-oxoacyl-ACP reductase FabG,Unmatched,0,0,0
FKFHLE_04240 lysozyme,Unmatched,0,0,0
FKFHLE_04245 UDP-3-O-(3-hydroxymyristoyl)glucosamine N-acyltransferase,Unmatched,0,0,0
FKFHLE_04250 hypothetical protein,Unmatched,0,0,0
FKFHLE_04255 Outer membrane efflux protein,Unmatched,0,0,0
FKFHLE_04260 glycine oxidase ThiO,Unmatched,0,0,0
FKFHLE_04265 DUF2301 domain-containing protein,Unmatched,0,0,0
FKFHLE_04270 bacitracin ABC transporter ATP-binding protein,Unmatched,0,0,0
FKFHLE_04275 bacitracin ABC transporter ATP-binding protein,Unmatched,0,0,0
FKFHLE_04280 nitrate ABC transporter permease,Unmatched,0,0,0
FKFHLE_04285 bicarbonate-binding protein,Unmatched,0,0,0
FKFHLE_04290 hypothetical protein,Unmatched,0,0,0
FKFHLE_04295 ABC transporter transmembrane region,Unmatched,0,0,0
FKFHLE_04300 metallophosphoesterase,Unmatched,0,0,0
FKFHLE_04305 hypothetical protein,Unmatched,0,0,0
FKFHLE_04310 clan AA aspartic protease,Unmatched,0,0,0
FKFHLE_04315 hypothetical protein,Unmatched,0,0,0
FKFHLE_04320 Endonuclease related to archaeal Holliday junction resolvase,Unmatched,0,0,0
FKFHLE_04325 transcriptional regulator,Unmatched,0,0,0
FKFHLE_04330 SpoVT-AbrB domain-containing protein,Unmatched,0,0,0
FKFHLE_04335 YdiU family protein,Unmatched,0,0,0
FKFHLE_04340 chlororespiratory reduction protein 7,Unmatched,0,0,0
FKFHLE_04345 DNA sulfur modification protein DndE,Unmatched,0,0,0
FKFHLE_04350 cupin domain protein,Unmatched,0,0,0
FKFHLE_04355 class I SAM-dependent methyltransferase,Unmatched,0,0,0
FKFHLE_04360 taurine catabolism dioxygenase TauD,Unmatched,0,0,0
FKFHLE_04365 SagB-type dehydrogenase domain-containing protein,Unmatched,0,0,0
FKFHLE_04370 flotillin family protein,Unmatched,0,0,0
FKFHLE_04375 mannose-6-phosphate isomerase,Unmatched,0,0,0
FKFHLE_04380 bifunctional adenosylcobinamide kinase/adenosylcobinamide-phosphate guanylyltransferase,Unmatched,0,0,0
FKFHLE_04385 Aklanonic acid methyltransferase DauC,Unmatched,0,0,0
FKFHLE_04390 isopropylmalate isomerase,Unmatched,0,0,0
FKFHLE_04395 hypothetical protein,Unmatched,0,0,0
FKFHLE_04400 ATP-binding protein,Unmatched,0,0,0
FKFHLE_04405 FUSC family protein,Unmatched,0,0,0
FKFHLE_04410 DNA gyrase subunit A,Unmatched,0,0,0
FKFHLE_04415 hypothetical protein,Unmatched,0,0,0
FKFHLE_04420 DNA-directed RNA polymerase subunit omega,Unmatched,0,0,0
FKFHLE_04425 DUF3782 domain-containing protein,Unmatched,0,0,0
FKFHLE_04430 DUF3782 domain-containing protein,Unmatched,0,0,0
FKFHLE_04435 LYZ2 domain-containing protein,Unmatched,0,0,0
FKFHLE_04440 cysteine desulfuration protein SufE,Unmatched,0,0,0
FKFHLE_04445 transcriptional repressor,Unmatched,0,0,0
FKFHLE_04450 heat-shock protein,Unmatched,0,0,0
FKFHLE_04455 molybdenum cofactor guanylyltransferase,Unmatched,0,0,0
FKFHLE_04460 erythromycin biosynthesis sensory transduction protein eryC1,Unmatched,0,0,0
FKFHLE_04465 cyanoexosortase B,Unmatched,0,0,0
FKFHLE_04470 Cyanoexosortase B system-associated protein,Unmatched,0,0,0
FKFHLE_04475 polysaccharide export protein,Unmatched,0,0,0
FKFHLE_04480 ATPase,Unmatched,0,0,0
FKFHLE_04485 GHL10 domain-containing protein,Unmatched,0,0,0
FKFHLE_04490 hypothetical protein,Unmatched,0,0,0
FKFHLE_04495 DUF3370 domain-containing protein,Unmatched,0,0,0
FKFHLE_04500 YlqD protein,Unmatched,0,0,0
FKFHLE_04505 long-chain fatty acid--CoA ligase,Unmatched,0,0,0
FKFHLE_04510 hypothetical protein,Unmatched,0,0,0
FKFHLE_04515 precorrin-2 C(20)-methyltransferase,Unmatched,0,0,0
FKFHLE_04520 precorrin-8X methylmutase,Unmatched,0,0,0
FKFHLE_04525 precorrin-3B synthase,Unmatched,0,0,0
FKFHLE_04530 poly(A) polymerase,Unmatched,0,0,0
FKFHLE_04535 Ssr3189 protein,Unmatched,0,0,0
FKFHLE_04540 RNA-binding protein,Unmatched,0,0,0
FKFHLE_04545 phenylalanine--tRNA ligase subunit alpha,Unmatched,0,0,0
FKFHLE_04550 DUF4870 domain-containing protein,Unmatched,0,0,0
FKFHLE_04555 FAD-dependent oxidoreductase,Unmatched,0,0,0
FKFHLE_04560 cytidine deaminase,Unmatched,0,0,0
FKFHLE_04565 hypothetical protein,Unmatched,0,0,0
FKFHLE_04570 50S ribosome-binding GTPase,Unmatched,0,0,0
FKFHLE_04575 DUF4336 domain-containing protein,Unmatched,0,0,0
FKFHLE_04580 hypothetical protein,Unmatched,0,0,0
FKFHLE_04585 amino acid ABC transporter permease,Unmatched,0,0,0
FKFHLE_04590 hypothetical protein,Unmatched,0,0,0
FKFHLE_04595 amino acid ABC transporter permease,Unmatched,0,0,0
FKFHLE_04600 photosystem I reaction center subunit PsaK,Unmatched,0,0,0
FKFHLE_04605 50S ribosomal protein L28,Unmatched,0,0,0
FKFHLE_04610 PIN-10 domain-containing protein,Unmatched,0,0,0
FKFHLE_04615 CbamoylP-synth-lsu-like-ATP-bd domain-containing protein,Unmatched,0,0,0
FKFHLE_04620 DNA methyltransferase,Unmatched,0,0,0
FKFHLE_04625 Four helix bundle protein,Unmatched,0,0,0
FKFHLE_04630 Protein translocase subunit SecA,Unmatched,0,0,0
"FKFHLE_04635 2-C-methyl-D-erythritol 2,4-cyclodiphosphate synthase",Unmatched,0,0,0
FKFHLE_04640 DUF2281 domain-containing protein,Unmatched,0,0,0
FKFHLE_04645 PIN domain nuclease,Unmatched,0,0,0
FKFHLE_04650 arginine--tRNA ligase,Unmatched,0,0,0
FKFHLE_04655 nitrogenase,Unmatched,0,0,0
FKFHLE_04660 hypothetical protein,Unmatched,0,0,0
FKFHLE_04665 hypothetical protein,Unmatched,0,0,0
FKFHLE_04670 hypothetical protein,Unmatched,0,0,0
FKFHLE_04675 AAA-23 domain-containing protein,Unmatched,0,0,0
FKFHLE_04680 hypothetical protein,Unmatched,0,0,0
FKFHLE_04685 16S rRNA (uracil(1498)-N(3))-methyltransferase,Unmatched,0,0,0
FKFHLE_04690 hypothetical protein,Unmatched,0,0,0
FKFHLE_04695 photosystem I reaction center subunit IV,Unmatched,0,0,0
FKFHLE_04700 aspartate aminotransferase family protein,Unmatched,0,0,0
FKFHLE_04705 sulfotransferase,Unmatched,0,0,0
FKFHLE_04710 Lysylphosphatidylglycerol synthase TM region,Unmatched,0,0,0
FKFHLE_04715 circadian clock protein KaiC,Unmatched,0,0,0
FKFHLE_04720 circadian clock protein KaiB,Unmatched,0,0,0
FKFHLE_04725 circadian clock protein KaiA,Unmatched,0,0,0
FKFHLE_04730 hybrid sensor histidine kinase/response regulator,Unmatched,0,0,0
FKFHLE_04735 hypothetical protein,Unmatched,0,0,0
FKFHLE_04740 hypothetical protein,Unmatched,0,0,0
FKFHLE_04745 VapC toxin family PIN domain ribonuclease,Unmatched,0,0,0
FKFHLE_04750 hypothetical protein,Unmatched,0,0,0
FKFHLE_04755 Phage-related protein,Unmatched,0,0,0
FKFHLE_04760 transcriptional regulator,Unmatched,0,0,0
FKFHLE_04765 hypothetical protein,Unmatched,0,0,0
FKFHLE_04770 plasmid stabilization protein,Unmatched,0,0,0
FKFHLE_04775 hypothetical protein,Unmatched,0,0,0
FKFHLE_04780 Serine/threonine protein kinase,Unmatched,0,0,0
FKFHLE_04785 hypothetical protein,Unmatched,0,0,0
FKFHLE_04790 hypothetical protein,Unmatched,0,0,0
FKFHLE_04795 hypothetical protein,Unmatched,0,0,0
FKFHLE_04800 mRNA-degrading endonuclease,Unmatched,0,0,0
FKFHLE_04805 serine/threonine protein kinase,Unmatched,0,0,0
FKFHLE_04810 YkgJ family cysteine cluster protein,Unmatched,0,0,0
FKFHLE_04815 tRNA-Val(tac),Unmatched,0,0,0
FKFHLE_04820 metal-binding protein,Unmatched,0,0,0
FKFHLE_04825 glucose-6-phosphate dehydrogenase,Unmatched,0,0,0
FKFHLE_04830 pyrroline-5-carboxylate reductase,Unmatched,0,0,0
FKFHLE_04835 cell division protein SepF,Unmatched,0,0,0
FKFHLE_04840 YggS family pyridoxal phosphate enzyme,Unmatched,0,0,0
FKFHLE_04845 DUF3539 domain-containing protein,Unmatched,0,0,0
FKFHLE_04850 NAD(P)H-quinone oxidoreductase subunit N,Unmatched,0,0,0
FKFHLE_04855 hypothetical protein,Unmatched,0,0,0
FKFHLE_04860 PEP-CTERM sorting domain-containing protein,Unmatched,0,0,0
FKFHLE_04865 restriction endonuclease subunit M,Unmatched,0,0,0
FKFHLE_04870 redox-regulated ATPase YchF,Unmatched,0,0,0
FKFHLE_04875 elongation factor G,Unmatched,0,0,0
"FKFHLE_04880 beta-1,6-galactofuranosyltransferase",Unmatched,0,0,0
FKFHLE_04885 FkbM family methyltransferase,Unmatched,0,0,0
FKFHLE_04890 FkbM family methyltransferase,Unmatched,0,0,0
FKFHLE_04895 class I SAM-dependent methyltransferase,Unmatched,0,0,0
FKFHLE_04900 FkbM family methyltransferase,Unmatched,0,0,0
FKFHLE_04905 class I SAM-dependent methyltransferase,Unmatched,0,0,0
FKFHLE_04910 FkbM family methyltransferase,Unmatched,0,0,0
FKFHLE_04915 putative membrane protein,Unmatched,0,0,0
FKFHLE_04920 DUF4351 domain-containing protein,Unmatched,0,0,0
FKFHLE_04925 putative methyltransferase regulatory domain-containing protein,Unmatched,0,0,0
FKFHLE_04930 sodium:proton antiporter,Unmatched,0,0,0
FKFHLE_04935 N-acetylmuramoyl-L-alanine amidase,Unmatched,0,0,0
FKFHLE_04940 glutamate racemase,Unmatched,0,0,0
FKFHLE_04945 hypothetical protein,Unmatched,0,0,0
FKFHLE_04950 SWIM zinc finger domain-containing protein,Unmatched,0,0,0
FKFHLE_04955 chromosome partitioning protein ParB,Unmatched,0,0,0
FKFHLE_04960 HTH cro/C1-type domain-containing protein,Unmatched,0,0,0
FKFHLE_04965 hypothetical protein,Unmatched,0,0,0
FKFHLE_04970 hypothetical protein,Unmatched,0,0,0
FKFHLE_04975 hypothetical protein,Unmatched,0,0,0
"FKFHLE_04980 Transposase, IS111A/IS1328/IS1533",Unmatched,0,0,0
FKFHLE_04985 hypothetical protein,Unmatched,0,0,0
FKFHLE_04990 Modification methylase DsaV,Unmatched,0,0,0
FKFHLE_04995 Cytosine-specific methyltransferase,Unmatched,0,0,0
FKFHLE_05000 glutamate synthase large subunit,Unmatched,0,0,0
FKFHLE_05005 CoA-binding protein,Unmatched,0,0,0
FKFHLE_05010 succinyl-CoA synthetase subunit beta,Unmatched,0,0,0
FKFHLE_05015 hypothetical protein,Unmatched,0,0,0
FKFHLE_05020 GDP-fucose synthetase,Unmatched,0,0,0
FKFHLE_05025 ATP-dependent chaperone ClpB,Unmatched,0,0,0
FKFHLE_05030 hypothetical protein,Unmatched,0,0,0
FKFHLE_05035 EAL domain-containing protein,Unmatched,0,0,0
FKFHLE_05040 hypothetical protein,Unmatched,0,0,0
FKFHLE_05045 HicB-like domain-containing protein,Unmatched,0,0,0
"FKFHLE_05050 addiction module toxin, HicA family",Unmatched,0,0,0
FKFHLE_05055 GUN4 domain-containing protein,Unmatched,0,0,0
FKFHLE_05060 GUN4 domain-containing protein,Unmatched,0,0,0
FKFHLE_05065 hypothetical protein,Unmatched,0,0,0
FKFHLE_05070 restriction endonuclease subunit R,Unmatched,0,0,0
FKFHLE_05075 DNA (cytosine-5-)-methyltransferase,Unmatched,0,0,0
FKFHLE_05080 hypothetical protein,Unmatched,0,0,0
FKFHLE_05085 hypothetical protein,Unmatched,0,0,0
FKFHLE_05090 hypothetical protein,Unmatched,0,0,0
FKFHLE_05095 hypothetical protein,Unmatched,0,0,0
"FKFHLE_05100 arsenate reductase, glutathione/glutaredoxin type",Unmatched,0,0,0
FKFHLE_05105 arsenical resistance protein ArsH,Unmatched,0,0,0
FKFHLE_05110 ACR3 family arsenite efflux transporter,Unmatched,0,0,0
FKFHLE_05115 transcriptional regulator,Unmatched,0,0,0
FKFHLE_05120 photosystem II reaction center protein Ycf12,Unmatched,0,0,0
FKFHLE_05125 NACHT domain protein,Unmatched,0,0,0
FKFHLE_05130 hypothetical protein,Unmatched,0,0,0
FKFHLE_05135 peptidase M16,Unmatched,0,0,0
FKFHLE_05140 DUF2203 domain-containing protein,Unmatched,0,0,0
FKFHLE_05145 DUF6439 domain-containing protein,Unmatched,0,0,0
FKFHLE_05150 ATP-binding protein,Unmatched,0,0,0
FKFHLE_05155 23S rRNA (uracil(1939)-C(5))-methyltransferase RlmD,Unmatched,0,0,0
FKFHLE_05160 DUF29 domain-containing protein,Unmatched,0,0,0
FKFHLE_05165 ATPase,Unmatched,0,0,0
"FKFHLE_05170 2-carboxy-1,4-naphthoquinone phytyltransferase",Unmatched,0,0,0
FKFHLE_05175 hypothetical protein,Unmatched,0,0,0
FKFHLE_05180 heat-inducible transcriptional repressor HrcA,Unmatched,0,0,0
FKFHLE_05190 ATP-binding cassette family protein,Unmatched,0,0,0
FKFHLE_05195 molybdopterin synthase sulfur carrier subunit,Unmatched,0,0,0
FKFHLE_05200 single-stranded-DNA-specific exonuclease RecJ,Unmatched,0,0,0
FKFHLE_05205 spermidine synthase,Unmatched,0,0,0
FKFHLE_05210 acetyl-CoA carboxylase carboxyl transferase subunit alpha,Unmatched,0,0,0
FKFHLE_05215 nucleotidyltransferase,Unmatched,0,0,0
FKFHLE_05220 DUF86 domain-containing protein,Unmatched,0,0,0
FKFHLE_05225 50S ribosomal protein L27,Unmatched,0,0,0
FKFHLE_05230 50S ribosomal protein L21,Unmatched,0,0,0
FKFHLE_05235 N-acetylmuramic acid 6-phosphate etherase,Unmatched,0,0,0
FKFHLE_05240 site-2 protease family protein,Unmatched,0,0,0
FKFHLE_05245 DUF4164 domain-containing protein,Unmatched,0,0,0
FKFHLE_05250 lipase,Unmatched,0,0,0
FKFHLE_05255 hypothetical protein,Unmatched,0,0,0
FKFHLE_05260 50S ribosomal protein L9,Unmatched,0,0,0
FKFHLE_05265 Chromophore lyase CpcT/CpeT 1,Unmatched,0,0,0
FKFHLE_05270 exodeoxyribonuclease III,Unmatched,0,0,0
FKFHLE_05275 Phosphoribosylformylglycinamidine cyclo-ligase,Unmatched,0,0,0
FKFHLE_05280 diaminopimelate decarboxylase,Unmatched,0,0,0
FKFHLE_05285 diadenylate cyclase CdaA,Unmatched,0,0,0
FKFHLE_05290 isoprenyl transferase,Unmatched,0,0,0
FKFHLE_05295 DUF1825 domain-containing protein,Unmatched,0,0,0
FKFHLE_05300 hypothetical protein,Unmatched,0,0,0
FKFHLE_05305 2Fe-2S ferredoxin,Unmatched,0,0,0
FKFHLE_05310 tRNA-Val(gac),Unmatched,0,0,0
FKFHLE_05315 agmatinase,Unmatched,0,0,0
FKFHLE_05320 ATP-binding protein,Unmatched,0,0,0
FKFHLE_05325 hypothetical protein,Unmatched,0,0,0
FKFHLE_05330 ammonia channel protein,Unmatched,0,0,0
FKFHLE_05335 ammonium transporter,Unmatched,0,0,0
FKFHLE_05340 bifunctional diaminohydroxyphosphoribosylaminopyrimidine deaminase/5-amino-6-(5-phosphoribosylamino)uracil reductase RibD,Unmatched,0,0,0
FKFHLE_05345 molecular chaperone HtpG,Unmatched,0,0,0
FKFHLE_05350 helicase,Unmatched,0,0,0
FKFHLE_05355 4a-hydroxytetrahydrobiopterin dehydratase,Unmatched,0,0,0
FKFHLE_05360 oxidoreductase,Unmatched,0,0,0
FKFHLE_05365 DNA ligase,Unmatched,0,0,0
FKFHLE_05370 hypothetical protein,Unmatched,0,0,0
FKFHLE_05375 hypothetical protein,Unmatched,0,0,0
FKFHLE_05380 type II toxin-antitoxin system RelE/ParE family toxin,Unmatched,0,0,0
FKFHLE_05385 hypothetical protein,Unmatched,0,0,0
FKFHLE_05390 GUN4-like protein,Unmatched,0,0,0
FKFHLE_05395 hypothetical protein,Unmatched,0,0,0
FKFHLE_05400 hypothetical protein,Unmatched,0,0,0
FKFHLE_05405 translation elongation factor 4,Unmatched,0,0,0
FKFHLE_05410 ATP-binding protein,Unmatched,0,0,0
FKFHLE_05415 ABC transporter ATP-binding protein,Unmatched,0,0,0
FKFHLE_05420 Phosphomannomutase,Unmatched,0,0,0
FKFHLE_05425 LPS export ABC transporter periplasmic protein LptC,Unmatched,0,0,0
FKFHLE_05430 serine protease,Unmatched,0,0,0
FKFHLE_05435 DUF1727 domain-containing protein,Unmatched,0,0,0
FKFHLE_05440 cobalamin biosynthesis protein CobQ,Unmatched,0,0,0
FKFHLE_05445 hypothetical protein,Unmatched,0,0,0
FKFHLE_05450 anti-sigma factor,Unmatched,0,0,0
FKFHLE_05455 hypothetical protein,Unmatched,0,0,0
FKFHLE_05460 hypothetical protein,Unmatched,0,0,0
FKFHLE_05465 DUF4164 domain-containing protein,Unmatched,0,0,0
FKFHLE_05470 SWIM-type domain-containing protein,Unmatched,0,0,0
FKFHLE_05475 type I DNA topoisomerase,Unmatched,0,0,0
FKFHLE_05480 SAM-dependent methyltransferase,Unmatched,0,0,0
FKFHLE_05485 Fe(3+) ABC transporter substrate-binding protein,Unmatched,0,0,0
"FKFHLE_05490 Antitoxin component HigA of the HigAB toxin-antitoxin module, contains an N-terminal HTH domain",Unmatched,0,0,0
FKFHLE_05495 squalene--hopene cyclase,Unmatched,0,0,0
FKFHLE_05500 translation elongation factor Ts,Unmatched,0,0,0
FKFHLE_05505 30S ribosomal protein S2,Unmatched,0,0,0
FKFHLE_05510 thioredoxin-dependent thiol peroxidase,Unmatched,0,0,0
FKFHLE_05515 Zn-dependent protease with chaperone function,Unmatched,0,0,0
FKFHLE_05520 CopY family transcriptional regulator,Unmatched,0,0,0
FKFHLE_05525 DUF4090 domain-containing protein,Unmatched,0,0,0
FKFHLE_05530 HypX (modular protein),Unmatched,0,0,0
FKFHLE_05535 hypothetical protein,Unmatched,0,0,0
FKFHLE_05540 hypothetical protein,Unmatched,0,0,0
FKFHLE_05545 hypothetical protein,Unmatched,0,0,0
FKFHLE_05550 FTP domain-containing protein,Unmatched,0,0,0
FKFHLE_05555 Peptidase-M4-C domain-containing protein,Unmatched,0,0,0
FKFHLE_05560 hypothetical protein,Unmatched,0,0,0
FKFHLE_05570 DNA polymerase III subunit beta,Unmatched,0,0,0
"FKFHLE_05575 glutamate-1-semialdehyde 2,1-aminomutase",Unmatched,0,0,0
FKFHLE_05580 flotillin,Unmatched,0,0,0
FKFHLE_05585 hypothetical protein,Unmatched,0,0,0
FKFHLE_05590 glyoxalase-like domain protein,Unmatched,0,0,0
FKFHLE_05595 hormogonium polysaccharide biosynthesis glycosyltransferase HpsP,Unmatched,0,0,0
FKFHLE_05600 hypothetical protein,Unmatched,0,0,0
FKFHLE_05605 GAF domain-containing protein,Unmatched,0,0,0
FKFHLE_05610 apolipoprotein N-acyltransferase,Unmatched,0,0,0
FKFHLE_05615 hypothetical protein,Unmatched,0,0,0
FKFHLE_05620 DNA helicase RecQ,Unmatched,0,0,0
FKFHLE_05625 DUF3318 domain-containing protein,Unmatched,0,0,0
FKFHLE_05630 segregation/condensation protein A,Unmatched,0,0,0
FKFHLE_05635 pyridoxamine 5'-phosphate oxidase,Unmatched,0,0,0
FKFHLE_05640 Trypco2 domain-containing protein,Unmatched,0,0,0
FKFHLE_05645 hypothetical protein,Unmatched,0,0,0
FKFHLE_05650 prevent-host-death protein,Unmatched,0,0,0
FKFHLE_05655 addiction module toxin RelE,Unmatched,0,0,0
FKFHLE_05660 Uncharacterised protein family (UPF0175),Unmatched,0,0,0
FKFHLE_05665 DUF3368 domain-containing protein,Unmatched,0,0,0
FKFHLE_05670 hypothetical protein,Unmatched,0,0,0
FKFHLE_05675 Apoptotic protease-activating factor 1 like,Unmatched,0,0,0
FKFHLE_05680 bifunctional 3-deoxy-7-phosphoheptulonate synthase/chorismate mutase,Unmatched,0,0,0
FKFHLE_05685 DUF3464 domain-containing protein,Unmatched,0,0,0
FKFHLE_05690 30S ribosomal protein S15,Unmatched,0,0,0
FKFHLE_05695 NAD(P)H-quinone oxidoreductase subunit M,Unmatched,0,0,0
FKFHLE_05700 arsenic-transporting ATPase,Unmatched,0,0,0
FKFHLE_05705 aspartate 1-decarboxylase,Unmatched,0,0,0
FKFHLE_05710 DUF3598 domain-containing protein,Unmatched,0,0,0
FKFHLE_05715 cobalt-precorrin-6A reductase,Unmatched,0,0,0
FKFHLE_05720 PEP-CTERM sorting domain-containing protein,Unmatched,0,0,0
FKFHLE_05725 UDP-glucose 4-epimerase,Unmatched,0,0,0
FKFHLE_05730 hypothetical protein,Unmatched,0,0,0
FKFHLE_05735 Peptidase S8,Unmatched,0,0,0
FKFHLE_05740 glutamate dehydrogenase,Unmatched,0,0,0
FKFHLE_05745 carbonate dehydratase,Unmatched,0,0,0
FKFHLE_05750 cation transporter,Unmatched,0,0,0
"FKFHLE_05755 Cell wall-associated hydrolase, NlpC_P60 family",Unmatched,0,0,0
FKFHLE_05760 LytR family transcriptional regulator,Unmatched,0,0,0
FKFHLE_05765 Secreted effector protein PipB2,Unmatched,0,0,0
FKFHLE_05770 aminodeoxychorismate/anthranilate synthase component II,Unmatched,0,0,0
FKFHLE_05775 hypothetical protein,Unmatched,0,0,0
FKFHLE_05780 alanine--tRNA ligase,Unmatched,0,0,0
FKFHLE_05785 hypothetical protein,Unmatched,0,0,0
FKFHLE_05790 hypothetical protein,Unmatched,0,0,0
FKFHLE_05795 hypothetical protein,Unmatched,0,0,0
FKFHLE_05800 hypothetical protein,Unmatched,0,0,0
FKFHLE_05805 hypothetical protein,Unmatched,0,0,0
FKFHLE_05810 DUF5615 domain-containing protein,Unmatched,0,0,0
FKFHLE_05815 DUF3368 domain-containing protein,Unmatched,0,0,0
FKFHLE_05820 Uncharacterised protein family (UPF0175),Unmatched,0,0,0
FKFHLE_05825 hypothetical protein,Unmatched,0,0,0
FKFHLE_05830 hypothetical protein,Unmatched,0,0,0
FKFHLE_05835 AIG1-type G domain-containing protein,Unmatched,0,0,0
FKFHLE_05840 VWA domain-containing protein,Unmatched,0,0,0
FKFHLE_05845 hypothetical protein,Unmatched,0,0,0
FKFHLE_05850 ATPase,Unmatched,0,0,0
FKFHLE_05855 DUF433 domain-containing protein,Unmatched,0,0,0
FKFHLE_05860 hypothetical protein,Unmatched,0,0,0
FKFHLE_05865 Aluminium activated malate transporter,Unmatched,0,0,0
FKFHLE_05870 hypothetical protein,Unmatched,0,0,0
FKFHLE_05875 Membrane-fusion protein,Unmatched,0,0,0
FKFHLE_05880 Biotin-lipoyl-2 domain-containing protein,Unmatched,0,0,0
FKFHLE_05885 NAD(P)H-quinone oxidoreductase subunit 5,Unmatched,0,0,0
FKFHLE_05890 hypothetical protein,Unmatched,0,0,0
FKFHLE_05895 FlgD-ig domain-containing protein,Unmatched,0,0,0
FKFHLE_05900 putative UDP-N-acetylglucosamine--peptide N-acetylglucosaminyltransferase SPINDLY,Unmatched,0,0,0
FKFHLE_05905 hypothetical protein,Unmatched,0,0,0
FKFHLE_05910 Site-specific DNA-methyltransferase (cytosine-N(4)-specific),Unmatched,0,0,0
FKFHLE_05915 BssHII restriction endonuclease,Unmatched,0,0,0
FKFHLE_05920 hypothetical protein,Unmatched,0,0,0
FKFHLE_05925 PINc domain-containing protein,Unmatched,0,0,0
FKFHLE_05930 SnoaL-like polyketide cyclase,Unmatched,0,0,0
FKFHLE_05935 adenosylcobinamide-GDP ribazoletransferase,Unmatched,0,0,0
FKFHLE_05940 peptidase,Unmatched,0,0,0
FKFHLE_05945 hypothetical protein,Unmatched,0,0,0
FKFHLE_05950 hypothetical protein,Unmatched,0,0,0
FKFHLE_05955 potassium channel protein,Unmatched,0,0,0
FKFHLE_05960 DNA-formamidopyrimidine glycosylase,Unmatched,0,0,0
FKFHLE_05965 Cytochrome c biogenesis protein CcsB,Unmatched,0,0,0
FKFHLE_05970 cytochrome C biogenesis protein,Unmatched,0,0,0
FKFHLE_05975 glyoxalase,Unmatched,0,0,0
FKFHLE_05980 ABC transporter substrate-binding protein,Unmatched,0,0,0
FKFHLE_05985 peptide ABC transporter substrate-binding protein,Unmatched,0,0,0
FKFHLE_05990 hypothetical protein,Unmatched,0,0,0
FKFHLE_05995 hypothetical protein,Unmatched,0,0,0
FKFHLE_06000 clan AA aspartic protease,Unmatched,0,0,0
FKFHLE_06005 DUF433 domain-containing protein,Unmatched,0,0,0
FKFHLE_06010 ACP S-malonyltransferase,Unmatched,0,0,0
FKFHLE_06015 hypothetical protein,Unmatched,0,0,0
FKFHLE_06020 hypothetical protein,Unmatched,0,0,0
FKFHLE_06025 UDP-N-acetylmuramate dehydrogenase,Unmatched,0,0,0
FKFHLE_06030 UDP-N-acetylmuramate--L-alanine ligase,Unmatched,0,0,0
FKFHLE_06035 hypothetical protein,Unmatched,0,0,0
FKFHLE_06040 histidinol dehydrogenase,Unmatched,0,0,0
FKFHLE_06045 Excalibur domain-containing protein,Unmatched,0,0,0
FKFHLE_06050 oxidoreductase,Unmatched,0,0,0
FKFHLE_06055 Shikimate kinase,Unmatched,0,0,0
FKFHLE_06060 cupin,Unmatched,0,0,0
FKFHLE_06065 radical SAM family heme chaperone HemW,Unmatched,0,0,0
FKFHLE_06070 Uncharacterized PIN and TRAM-domain containing protein slr1972,Unmatched,0,0,0
FKFHLE_06075 thylakoid-associated protein,Unmatched,0,0,0
FKFHLE_06080 FADH(2)-oxidizing methylenetetrahydrofolate--tRNA-(uracil(54)-C(5))-methyltransferase TrmFO,Unmatched,0,0,0
FKFHLE_06085 2TM domain-containing protein,Unmatched,0,0,0
FKFHLE_06090 DNA mismatch repair protein MutS,Unmatched,0,0,0
FKFHLE_06095 Serine/threonine protein phosphatase,Unmatched,0,0,0
FKFHLE_06110 hypothetical protein,Unmatched,0,0,0
FKFHLE_06120 hypothetical protein,Unmatched,0,0,0
FKFHLE_06125 tRNA guanosine(34) transglycosylase Tgt,Unmatched,0,0,0
FKFHLE_06130 photosystem II reaction center protein K,Unmatched,0,0,0
FKFHLE_06135 Low-complexity protein,Unmatched,0,0,0
FKFHLE_06140 transcriptional regulator,Unmatched,0,0,0
FKFHLE_06145 DUF6398 domain-containing protein,Unmatched,0,0,0
FKFHLE_06150 Asp-tRNA(Asn)/Glu-tRNA(Gln) amidotransferase subunit GatA,Unmatched,0,0,0
FKFHLE_06155 flagellar assembly protein H,Unmatched,0,0,0
FKFHLE_06160 nucleotidyltransferase,Unmatched,0,0,0
FKFHLE_06165 DNA polymerase subunit beta,Unmatched,0,0,0
FKFHLE_06170 UDP-3-O-acyl-N-acetylglucosamine deacetylase,Unmatched,0,0,0
FKFHLE_06175 outer membrane protein assembly factor,Unmatched,0,0,0
FKFHLE_06180 histidine kinase,Unmatched,0,0,0
FKFHLE_06185 hypothetical protein,Unmatched,0,0,0
"FKFHLE_06190 Coenzyme F420 hydrogenase/dehydrogenase, beta subunit N-term",Unmatched,0,0,0
FKFHLE_06195 histone deacetylase,Unmatched,0,0,0
FKFHLE_06200 alpha/beta hydrolase,Unmatched,0,0,0
FKFHLE_06205 NAD(P)H-quinone oxidoreductase subunit J,Unmatched,0,0,0
FKFHLE_06210 photosynthetic/respiratory NAD(P)H-quinone oxidoreductase subunit K,Unmatched,0,0,0
FKFHLE_06215 photosynthetic/respiratory NAD(P)H-quinone oxidoreductase subunit C,Unmatched,0,0,0
FKFHLE_06220 ferredoxin,Unmatched,0,0,0
FKFHLE_06225 hydroxymethylbilane synthase,Unmatched,0,0,0
FKFHLE_06230 hypothetical protein,Unmatched,0,0,0
FKFHLE_06235 Serine/threonine-protein kinase PrkC,Unmatched,0,0,0
FKFHLE_06240 Glutamine synthetase inactivating factor IF7,Unmatched,0,0,0
FKFHLE_06245 hypothetical protein,Unmatched,0,0,0
FKFHLE_06250 alcohol dehydrogenase,Unmatched,0,0,0
FKFHLE_06255 molecular chaperone DnaK,Unmatched,0,0,0
FKFHLE_06260 molecular chaperone DnaJ,Unmatched,0,0,0
FKFHLE_06265 sulfurtransferase TusA family protein,Unmatched,0,0,0
FKFHLE_06270 small ribosomal subunit biogenesis GTPase RsgA,Unmatched,0,0,0
FKFHLE_06275 Beta-lactamase2 domain-containing protein,Unmatched,0,0,0
FKFHLE_06280 serine/threonine protein kinase,Unmatched,0,0,0
FKFHLE_06285 hypothetical protein,Unmatched,0,0,0
FKFHLE_06290 hypothetical protein,Unmatched,0,0,0
FKFHLE_06295 histidine kinase,Unmatched,0,0,0
FKFHLE_06300 ammonium permease,Unmatched,0,0,0
FKFHLE_06305 CPBP family intramembrane metalloprotease,Unmatched,0,0,0
FKFHLE_06310 ATP-dependent Clp protease adapter ClpS,Unmatched,0,0,0
FKFHLE_06315 hypothetical protein,Unmatched,0,0,0
FKFHLE_06320 Cadherin domain-containing protein,Unmatched,0,0,0
FKFHLE_06325 FG-GAP repeat-containing protein,Unmatched,0,0,0
FKFHLE_06330 urease subunit gamma,Unmatched,0,0,0
FKFHLE_06335 urease subunit beta,Unmatched,0,0,0
FKFHLE_06340 S-methyl-5'-thioadenosine phosphorylase,Unmatched,0,0,0
"FKFHLE_06345 RNA polymerase sigma factor, RpoD/SigA family",Unmatched,0,0,0
FKFHLE_06350 ATP-dependent protease,Unmatched,0,0,0
FKFHLE_06355 HTH crp-type domain-containing protein,Unmatched,0,0,0
FKFHLE_06360 4-hydroxy-3-methylbut-2-enyl diphosphate reductase,Unmatched,0,0,0
FKFHLE_06365 CRR6 family NdhI maturation factor,Unmatched,0,0,0
FKFHLE_06370 hypothetical protein,Unmatched,0,0,0
FKFHLE_06375 bile acid:sodium symporter,Unmatched,0,0,0
FKFHLE_06380 hypothetical protein,Unmatched,0,0,0
FKFHLE_06385 recombinase RecA,Unmatched,0,0,0
"FKFHLE_06390 2,5-didehydrogluconate reductase",Unmatched,0,0,0
FKFHLE_06395 hypothetical protein,Unmatched,0,0,0
FKFHLE_06400 Pentapeptide repeat-containing protein,Unmatched,0,0,0
FKFHLE_06405 XisI protein,Unmatched,0,0,0
FKFHLE_06410 fatty-acid oxidation protein subunit alpha,Unmatched,0,0,0
FKFHLE_06415 2-phosphosulfolactate phosphatase family protein,Unmatched,0,0,0
FKFHLE_06420 bifunctional folylpolyglutamate synthase/dihydrofolate synthase,Unmatched,0,0,0
FKFHLE_06425 DUF3352 domain-containing protein,Unmatched,0,0,0
FKFHLE_06430 quinone-dependent dihydroorotate dehydrogenase,Unmatched,0,0,0
FKFHLE_06435 molecular chaperone DnaJ,Unmatched,0,0,0
FKFHLE_06440 molecular chaperone DnaK,Unmatched,0,0,0
FKFHLE_06445 RNA pseudouridine synthase,Unmatched,0,0,0
FKFHLE_06450 nucleoside-diphosphate kinase,Unmatched,0,0,0
FKFHLE_06455 histidine phosphatase family protein,Unmatched,0,0,0
FKFHLE_06460 histidine phosphatase family protein,Unmatched,0,0,0
FKFHLE_06465 biotin--[acetyl-CoA-carboxylase] ligase,Unmatched,0,0,0
FKFHLE_06470 Peptidase-M23 domain-containing protein,Unmatched,0,0,0
FKFHLE_06475 Similarity,Unmatched,0,0,0
FKFHLE_06480 hypothetical protein,Unmatched,0,0,0
FKFHLE_06485 hypothetical protein,Unmatched,0,0,0
FKFHLE_06490 ribonuclease III,Unmatched,0,0,0
FKFHLE_06495 cAMP-binding protein,Unmatched,0,0,0
FKFHLE_06500 sulfate ABC transporter substrate-binding protein,Unmatched,0,0,0
FKFHLE_06505 ABC transporter,Unmatched,0,0,0
FKFHLE_06510 sulfate ABC transporter permease subunit CysT,Unmatched,0,0,0
FKFHLE_06515 sulfate ABC transporter permease subunit CysW,Unmatched,0,0,0
FKFHLE_06520 sulfate ABC transporter ATP-binding protein,Unmatched,0,0,0
FKFHLE_06525 Small-conductance mechanosensitive channel MscK,Unmatched,0,0,0
FKFHLE_06530 hypothetical protein,Unmatched,0,0,0
FKFHLE_06535 two-component sensor histidine kinase,Unmatched,0,0,0
FKFHLE_06540 CpcD phycobilisome linker protein,Unmatched,0,0,0
FKFHLE_06545 Fructose-bisphosphate aldolase,Unmatched,0,0,0
FKFHLE_06550 pentapeptide repeat-containing protein,Unmatched,0,0,0
FKFHLE_06555 bifunctional ornithine acetyltransferase/N-acetylglutamate synthase,Unmatched,0,0,0
FKFHLE_06560 hypothetical protein,Unmatched,0,0,0
FKFHLE_06565 ABC transporter,Unmatched,0,0,0
FKFHLE_06570 mannose-1-phosphate guanylyltransferase,Unmatched,0,0,0
FKFHLE_06575 apocytochrome f,Unmatched,0,0,0
FKFHLE_06580 Cytochrome b6-f complex iron-sulfur subunit,Unmatched,0,0,0
FKFHLE_06585 N-6 DNA methylase,Unmatched,0,0,0
FKFHLE_06590 hypothetical protein,Unmatched,0,0,0
FKFHLE_06595 MerR family transcriptional regulator,Unmatched,0,0,0
FKFHLE_06600 heavy metal transporter,Unmatched,0,0,0
FKFHLE_06605 hypothetical protein,Unmatched,0,0,0
FKFHLE_06610 DNA polymerase I,Unmatched,0,0,0
FKFHLE_06615 NAD-dependent dehydratase,Unmatched,0,0,0
FKFHLE_06620 UDP-glucose 6-dehydrogenase,Unmatched,0,0,0
FKFHLE_06625 nitrogenase,Unmatched,0,0,0
FKFHLE_06630 sodium-independent anion transporter,Unmatched,0,0,0
FKFHLE_06635 hypothetical protein,Unmatched,0,0,0
FKFHLE_06640 DUF5615 domain-containing protein,Unmatched,0,0,0
FKFHLE_06645 hypothetical protein,Unmatched,0,0,0
FKFHLE_06650 hypothetical protein,Unmatched,0,0,0
FKFHLE_06655 hypothetical protein,Unmatched,0,0,0
FKFHLE_06660 hypothetical protein,Unmatched,0,0,0
FKFHLE_06665 DUF488 domain-containing protein,Unmatched,0,0,0
FKFHLE_06670 cyanophycin synthetase,Unmatched,0,0,0
FKFHLE_06675 cyanophycinase,Unmatched,0,0,0
FKFHLE_06680 tRNA (guanosine(37)-N1)-methyltransferase TrmD,Unmatched,0,0,0
FKFHLE_06685 flavin reductase family protein,Unmatched,0,0,0
FKFHLE_06690 magnesium chelatase subunit H,Unmatched,0,0,0
FKFHLE_06695 cyclic pyranopterin monophosphate synthase MoaC,Unmatched,0,0,0
FKFHLE_06700 tRNA-Arg(acg),Unmatched,0,0,0
"FKFHLE_06705 Putative O-linked N-acetylglucosamine transferase, SPINDLY family",Unmatched,0,0,0
FKFHLE_06710 Ribonuclease VapC,Unmatched,0,0,0
FKFHLE_06715 Similarity,Unmatched,0,0,0
FKFHLE_06720 Diaminopimelate decarboxylase,Unmatched,0,0,0
FKFHLE_06725 transcriptional regulator,Unmatched,0,0,0
FKFHLE_06730 DUF5615 domain-containing protein,Unmatched,0,0,0
FKFHLE_06735 hypothetical protein,Unmatched,0,0,0
FKFHLE_06740 Tetratricopeptide repeat family protein,Unmatched,0,0,0
FKFHLE_06745 XisI protein,Unmatched,0,0,0
FKFHLE_06750 hypothetical protein,Unmatched,0,0,0
FKFHLE_06755 CHAT domain-containing protein,Unmatched,0,0,0
FKFHLE_06760 LPP domain-containing protein,Unmatched,0,0,0
FKFHLE_06765 urease subunit alpha,Unmatched,0,0,0
FKFHLE_06770 5' ureB small RNA,Unmatched,0,0,0
FKFHLE_06775 50S ribosomal protein L10,Unmatched,0,0,0
FKFHLE_06780 50S ribosomal protein L7/L12,Unmatched,0,0,0
FKFHLE_06785 photosystem II reaction center protein T,Unmatched,0,0,0
FKFHLE_06790 transcriptional regulator NrdR,Unmatched,0,0,0
FKFHLE_06795 30S ribosomal protein S1,Unmatched,0,0,0
FKFHLE_06800 adenylate/guanylate cyclase domain-containing protein,Unmatched,0,0,0
FKFHLE_06805 DUF3120 domain-containing protein,Unmatched,0,0,0
FKFHLE_06810 hypothetical protein,Unmatched,0,0,0
FKFHLE_06815 hypothetical protein,Unmatched,0,0,0
FKFHLE_06820 RHH-1 domain-containing protein,Unmatched,0,0,0
FKFHLE_06825 VapC toxin family PIN domain ribonuclease,Unmatched,0,0,0
FKFHLE_06830 molecular chaperone DnaJ,Unmatched,0,0,0
FKFHLE_06835 bicarbonate-binding protein,Unmatched,0,0,0
FKFHLE_06840 nitrate ABC transporter permease,Unmatched,0,0,0
FKFHLE_06845 bacitracin ABC transporter ATP-binding protein,Unmatched,0,0,0
FKFHLE_06850 bacitracin ABC transporter ATP-binding protein,Unmatched,0,0,0
FKFHLE_06855 Phosphate-starvation-inducible E family,Unmatched,0,0,0
FKFHLE_06860 SH3b domain-containing protein,Unmatched,0,0,0
FKFHLE_06865 AAA family ATPase,Unmatched,0,0,0
FKFHLE_06870 hypothetical protein,Unmatched,0,0,0
FKFHLE_06875 aminotransferase DegT,Unmatched,0,0,0
FKFHLE_06880 hypothetical protein,Unmatched,0,0,0
FKFHLE_06885 flagellar assembly protein H,Unmatched,0,0,0
FKFHLE_06890 hypothetical protein,Unmatched,0,0,0
FKFHLE_06895 tRNA-Thr(cgt),Unmatched,0,0,0
FKFHLE_06900 DUF3493 domain-containing protein,Unmatched,0,0,0
FKFHLE_06905 RNA-binding protein,Unmatched,0,0,0
FKFHLE_06910 RNA-binding protein,Unmatched,0,0,0
FKFHLE_06915 glycogen phosphorylase,Unmatched,0,0,0
FKFHLE_06920 hypothetical protein,Unmatched,0,0,0
FKFHLE_06925 DNA-binding protein,Unmatched,0,0,0
FKFHLE_06930 hypothetical protein,Unmatched,0,0,0
FKFHLE_06935 Argininosuccinate lyase,Unmatched,0,0,0
FKFHLE_06940 plasmid maintenance system killer,Unmatched,0,0,0
FKFHLE_06945 HigA family addiction module antitoxin,Unmatched,0,0,0
FKFHLE_06950 hypothetical protein,Unmatched,0,0,0
FKFHLE_06955 HicB family protein,Unmatched,0,0,0
FKFHLE_06960 type II toxin-antitoxin system HicA family toxin,Unmatched,0,0,0
FKFHLE_06965 hypothetical protein,Unmatched,0,0,0
FKFHLE_06970 CHAT domain-containing protein,Unmatched,0,0,0
FKFHLE_06975 Similar to tr|Q8YT38|Q8YT38,Unmatched,0,0,0
FKFHLE_06980 DUF1350 domain-containing protein,Unmatched,0,0,0
FKFHLE_06985 uridine phosphorylase,Unmatched,0,0,0
FKFHLE_06990 RloB domain-containing protein,Unmatched,0,0,0
FKFHLE_06995 abortive infection protein,Unmatched,0,0,0
FKFHLE_07000 ferredoxin:protochlorophyllide reductase (ATP-dependent) subunit N,Unmatched,0,0,0
FKFHLE_07005 DUF5331 domain-containing protein,Unmatched,0,0,0
FKFHLE_07010 ferredoxin:protochlorophyllide reductase (ATP-dependent) iron-sulfur ATP-binding protein,Unmatched,0,0,0
FKFHLE_07015 hypothetical protein,Unmatched,0,0,0
FKFHLE_07020 hypothetical protein,Unmatched,0,0,0
FKFHLE_07025 hypothetical protein,Unmatched,0,0,0
FKFHLE_07030 SpoIIAA-like,Unmatched,0,0,0
FKFHLE_07035 DUF1517 domain-containing protein,Unmatched,0,0,0
FKFHLE_07040 phosphopantothenoylcysteine decarboxylase,Unmatched,0,0,0
FKFHLE_07045 iron ABC transporter substrate-binding protein,Unmatched,0,0,0
FKFHLE_07050 photosystem II protein PsbQ,Unmatched,0,0,0
FKFHLE_07055 FAD-dependent oxidoreductase,Unmatched,0,0,0
FKFHLE_07060 acetyl-CoA C-acyltransferase,Unmatched,0,0,0
FKFHLE_07065 beta-ketoacyl-ACP reductase,Unmatched,0,0,0
FKFHLE_07070 BrnT family toxin,Unmatched,0,0,0
FKFHLE_07075 hypothetical protein,Unmatched,0,0,0
FKFHLE_07080 class III poly(R)-hydroxyalkanoic acid synthase subunit PhaE,Unmatched,0,0,0
FKFHLE_07085 class III poly(R)-hydroxyalkanoic acid synthase subunit PhaC,Unmatched,0,0,0
FKFHLE_07090 geranylgeranyl reductase,Unmatched,0,0,0
FKFHLE_07095 isoaspartyl peptidase,Unmatched,0,0,0
FKFHLE_07100 cell division protein FtsW,Unmatched,0,0,0
FKFHLE_07105 amino acid ABC transporter substrate-binding protein,Unmatched,0,0,0
FKFHLE_07110 carboxyl-terminal protease,Unmatched,0,0,0
FKFHLE_07115 fructose-bisphosphate aldolase class II,Unmatched,0,0,0
FKFHLE_07120 oxidoreductase,Unmatched,0,0,0
FKFHLE_07125 Cytosol aminopeptidase PepA,Unmatched,0,0,0
FKFHLE_07130 leucyl aminopeptidase,Unmatched,0,0,0
FKFHLE_07140 Tetratricopeptide repeat family protein,Unmatched,0,0,0
FKFHLE_07145 ATP-dependent zinc metalloprotease FtsH4,Unmatched,0,0,0
FKFHLE_07150 DUF4164 domain-containing protein,Unmatched,0,0,0
FKFHLE_07155 TIGR03279 family radical SAM protein,Unmatched,0,0,0
FKFHLE_07160 ABC transporter permease,Unmatched,0,0,0
FKFHLE_07165 RlmI/RlmK family 23S rRNA methyltransferase,Unmatched,0,0,0
FKFHLE_07170 glyoxalase,Unmatched,0,0,0
FKFHLE_07175 hypothetical protein,Unmatched,0,0,0
FKFHLE_07180 ubiquitin,Unmatched,0,0,0
FKFHLE_07185 DUF1778 domain-containing protein,Unmatched,0,0,0
FKFHLE_07190 N-acetyltransferase,Unmatched,0,0,0
FKFHLE_07195 cysteine desulfurase,Unmatched,0,0,0
FKFHLE_07200 hypothetical protein,Unmatched,0,0,0
FKFHLE_07205 TIGR04168 family protein,Unmatched,0,0,0
FKFHLE_07210 hypothetical protein,Unmatched,0,0,0
FKFHLE_07215 NUDIX hydrolase,Unmatched,0,0,0
FKFHLE_07220 histidine kinase,Unmatched,0,0,0
FKFHLE_07225 recombinase,Unmatched,0,0,0
FKFHLE_07230 hypothetical protein,Unmatched,0,0,0
FKFHLE_07235 thioredoxin,Unmatched,0,0,0
FKFHLE_07240 hypothetical protein,Unmatched,0,0,0
FKFHLE_07245 CP12 domain-containing protein,Unmatched,0,0,0
FKFHLE_07250 LysR family transcriptional regulator,Unmatched,0,0,0
FKFHLE_07255 Bicarbonate transporter BicA,Unmatched,0,0,0
FKFHLE_07260 Uncharacterized conserved protein Alr0986,Unmatched,0,0,0
FKFHLE_07265 Membrane-associated protein slr1513,Unmatched,0,0,0
FKFHLE_07270 sodium:proton antiporter,Unmatched,0,0,0
FKFHLE_07275 hypothetical protein,Unmatched,0,0,0
FKFHLE_07280 hypothetical protein,Unmatched,0,0,0
FKFHLE_07285 hypothetical protein,Unmatched,0,0,0
FKFHLE_07290 Tubulin like,Unmatched,0,0,0
FKFHLE_07295 hypothetical protein,Unmatched,0,0,0
FKFHLE_07300 hypothetical protein,Unmatched,0,0,0
FKFHLE_07305 hypothetical protein,Unmatched,0,0,0
FKFHLE_07310 PHB domain-containing protein,Unmatched,0,0,0
FKFHLE_07315 O-acetylhomoserine aminocarboxypropyltransferase,Unmatched,0,0,0
FKFHLE_07320 homoserine O-acetyltransferase,Unmatched,0,0,0
FKFHLE_07325 Similarity,Unmatched,0,0,0
FKFHLE_07330 hypothetical protein,Unmatched,0,0,0
FKFHLE_07335 hypothetical protein,Unmatched,0,0,0
FKFHLE_07340 Uncharacterized NAD(P)/FAD-binding protein YdhS,Unmatched,0,0,0
FKFHLE_07345 transporter,Unmatched,0,0,0
FKFHLE_07350 Crp/Fnr family transcriptional regulator,Unmatched,0,0,0
FKFHLE_07355 Chromosome partition protein Smc,Unmatched,0,0,0
FKFHLE_07360 MgtC family,Unmatched,0,0,0
FKFHLE_07365 Cystathionine gamma-lyase,Unmatched,0,0,0
FKFHLE_07370 cysteine synthase A,Unmatched,0,0,0
FKFHLE_07375 phycocyanin subunit beta,Unmatched,0,0,0
FKFHLE_07380 phycocyanin subunit alpha,Unmatched,0,0,0
FKFHLE_07385 sulfurtransferase,Unmatched,0,0,0
FKFHLE_07390 Phosphatase PAP2 family protein,Unmatched,0,0,0
FKFHLE_07395 hypothetical protein,Unmatched,0,0,0
FKFHLE_07400 sulfate ABC transporter substrate-binding protein,Unmatched,0,0,0
FKFHLE_07405 ACP S-malonyltransferase,Unmatched,0,0,0
FKFHLE_07410 DUF433 domain-containing protein,Unmatched,0,0,0
FKFHLE_07415 clan AA aspartic protease,Unmatched,0,0,0
FKFHLE_07420 hypothetical protein,Unmatched,0,0,0
FKFHLE_07425 type II toxin-antitoxin system HicB family antitoxin,Unmatched,0,0,0
"FKFHLE_07430 HicA toxin of bacterial toxin-antitoxin,",Unmatched,0,0,0
FKFHLE_07435 ApeA-NTD1 domain-containing protein,Unmatched,0,0,0
FKFHLE_07440 hypothetical protein,Unmatched,0,0,0
FKFHLE_07445 hypothetical protein,Unmatched,0,0,0
FKFHLE_07450 cadmium-translocating P-type ATPase,Unmatched,0,0,0
FKFHLE_07455 hypothetical protein,Unmatched,0,0,0
FKFHLE_07460 DNA polymerase III subunit delta',Unmatched,0,0,0
FKFHLE_07465 neurohypophysial hormones like protein,Unmatched,0,0,0
FKFHLE_07470 ATP-dependent zinc metalloprotease FtsH2,Unmatched,0,0,0
FKFHLE_07475 DNA adenine methylase,Unmatched,0,0,0
FKFHLE_07480 hypothetical protein,Unmatched,0,0,0
FKFHLE_07485 Photosystem II reaction center X protein,Unmatched,0,0,0
FKFHLE_07490 ComF family protein,Unmatched,0,0,0
FKFHLE_07495 hypothetical protein,Unmatched,0,0,0
FKFHLE_07500 ferredoxin--nitrite reductase,Unmatched,0,0,0
FKFHLE_07505 DUF309 domain-containing protein,Unmatched,0,0,0
FKFHLE_07510 ostA-like family protein,Unmatched,0,0,0
FKFHLE_07515 LPS export ABC transporter ATP-binding protein,Unmatched,0,0,0
FKFHLE_07520 Similar to tr|P73566|P73566,Unmatched,0,0,0
FKFHLE_07525 16S rRNA (cytidine(1402)-2'-O)-methyltransferase,Unmatched,0,0,0
FKFHLE_07530 photosystem II reaction center protein I,Unmatched,0,0,0
FKFHLE_07535 DUF3769 domain-containing protein,Unmatched,0,0,0
FKFHLE_07540 WD40 repeat domain-containing protein,Unmatched,0,0,0
FKFHLE_07545 Prokaryotic-like s of the JAB domain-containing protein,Unmatched,0,0,0
FKFHLE_07550 hypothetical protein,Unmatched,0,0,0
FKFHLE_07555 hypothetical protein,Unmatched,0,0,0
FKFHLE_07560 hypothetical protein,Unmatched,0,0,0
FKFHLE_07565 hypothetical protein,Unmatched,0,0,0
FKFHLE_07570 DNA translocase FtsK,Unmatched,0,0,0
FKFHLE_07575 hypothetical protein,Unmatched,0,0,0
FKFHLE_07580 Similarity,Unmatched,0,0,0
FKFHLE_07585 Similarity,Unmatched,0,0,0
FKFHLE_07590 DUF4282 domain-containing protein,Unmatched,0,0,0
FKFHLE_07595 hypothetical protein,Unmatched,0,0,0
FKFHLE_07600 hypothetical protein,Unmatched,0,0,0
FKFHLE_07605 ATP-binding protein,Unmatched,0,0,0
FKFHLE_07610 Tetratricopeptide TPR_2 repeat protein,Unmatched,0,0,0
FKFHLE_07615 hypothetical protein,Unmatched,0,0,0
FKFHLE_07620 NADP-dependent isocitrate dehydrogenase,Unmatched,0,0,0
FKFHLE_07625 hypothetical protein,Unmatched,0,0,0
FKFHLE_07630 hypothetical protein,Unmatched,0,0,0
FKFHLE_07635 SH3 domain-containing protein,Unmatched,0,0,0
FKFHLE_07640 fibrillin,Unmatched,0,0,0
FKFHLE_07645 phycobilisome protein,Unmatched,0,0,0
FKFHLE_07650 RIP metalloprotease RseP,Unmatched,0,0,0
FKFHLE_07655 endonuclease III,Unmatched,0,0,0
FKFHLE_07660 hypothetical protein,Unmatched,0,0,0
FKFHLE_07665 rhomboid family intramembrane serine protease,Unmatched,0,0,0
FKFHLE_07670 antibiotic biosynthesis monooxygenase,Unmatched,0,0,0
FKFHLE_07675 NADPH-dependent FMN reductase,Unmatched,0,0,0
FKFHLE_07680 dihydroneopterin aldolase,Unmatched,0,0,0
FKFHLE_07685 glycosyltransferase,Unmatched,0,0,0
"FKFHLE_07690 GDP-mannose 4,6-dehydratase",Unmatched,0,0,0
FKFHLE_07695 glycosyl transferase group 1 family protein,Unmatched,0,0,0
FKFHLE_07700 glycosyltransferase,Unmatched,0,0,0
FKFHLE_07705 phycobiliprotein lyase,Unmatched,0,0,0
FKFHLE_07710 heavy metal-responsive transcriptional regulator,Unmatched,0,0,0
FKFHLE_07715 hypothetical protein,Unmatched,0,0,0
FKFHLE_07720 hypothetical protein,Unmatched,0,0,0
FKFHLE_07725 methionine adenosyltransferase,Unmatched,0,0,0
FKFHLE_07730 Cyanobacterial functional RNA 1,Unmatched,0,0,0
FKFHLE_07735 DNA helicase PcrA,Unmatched,0,0,0
FKFHLE_07740 CAAD domain-containing protein,Unmatched,0,0,0
FKFHLE_07745 shikimate dehydrogenase,Unmatched,0,0,0
FKFHLE_07750 hypothetical protein,Unmatched,0,0,0
FKFHLE_07755 PEP-CTERM domain-containing protein,Unmatched,0,0,0
FKFHLE_07760 Putative restriction endonuclease,Unmatched,0,0,0
FKFHLE_07765 Putative restriction endonuclease,Unmatched,0,0,0
FKFHLE_07770 ABC transporter,Unmatched,0,0,0
FKFHLE_07775 ABC transporter permease,Unmatched,0,0,0
FKFHLE_07780 MFS transporter,Unmatched,0,0,0
FKFHLE_07785 ABC transporter ATP-binding protein,Unmatched,0,0,0
FKFHLE_07790 alpha/beta hydrolase,Unmatched,0,0,0
FKFHLE_07795 Transposase,Unmatched,0,0,0
"FKFHLE_07800 Phosphate ABC transporter, periplasmic phosphate-binding protein PstS",Unmatched,0,0,0
FKFHLE_07805 Transglut-core3 domain-containing protein,Unmatched,0,0,0
FKFHLE_07810 NHase-alpha domain-containing protein,Unmatched,0,0,0
FKFHLE_07815 DUF4135 domain-containing protein,Unmatched,0,0,0
FKFHLE_07820 hypothetical protein,Unmatched,0,0,0
FKFHLE_07825 plasmid stabilization protein,Unmatched,0,0,0
FKFHLE_07830 Multidrug ABC transporter ATPase/permease,Unmatched,0,0,0
FKFHLE_07835 hypothetical protein,Unmatched,0,0,0
FKFHLE_07840 Hemolytic protein HlpA-like protein,Unmatched,0,0,0
FKFHLE_07845 hypothetical protein,Unmatched,0,0,0
FKFHLE_07850 IS5 family transposase,Unmatched,0,0,0
FKFHLE_07855 phenylalanine--tRNA ligase subunit beta,Unmatched,0,0,0
FKFHLE_07860 ATPase,Unmatched,0,0,0
FKFHLE_07865 hypothetical protein,Unmatched,0,0,0
FKFHLE_07870 DUF3226 domain-containing protein,Unmatched,0,0,0
FKFHLE_07875 iron-regulated protein,Unmatched,0,0,0
FKFHLE_07880 ABC transporter ATP-binding protein,Unmatched,0,0,0
FKFHLE_07885 clan AA aspartic protease,Unmatched,0,0,0
FKFHLE_07890 transcriptional regulator,Unmatched,0,0,0
FKFHLE_07895 addiction module toxin RelE,Unmatched,0,0,0
FKFHLE_07900 serine/threonine-protein kinase pkn1,Unmatched,0,0,0
FKFHLE_07905 Similarity to the tr/Q8TQE4/Q8TQE4,Unmatched,0,0,0
FKFHLE_07910 DUF3386 domain-containing protein,Unmatched,0,0,0
FKFHLE_07915 NifU-like domain-containing protein,Unmatched,0,0,0
FKFHLE_07920 isocitrate dehydrogenase,Unmatched,0,0,0
FKFHLE_07925 Circadian oscillating protein COP23,Unmatched,0,0,0
FKFHLE_07930 serine protease,Unmatched,0,0,0
FKFHLE_07935 V8-like Glu-specific endopeptidase,Unmatched,0,0,0
FKFHLE_07940 hypothetical protein,Unmatched,0,0,0
FKFHLE_07945 hypothetical protein,Unmatched,0,0,0
FKFHLE_07950 DUF4149 domain-containing protein,Unmatched,0,0,0
FKFHLE_07955 hypothetical protein,Unmatched,0,0,0
FKFHLE_07960 hypothetical protein,Unmatched,0,0,0
FKFHLE_07970 cytochrome ubiquinol oxidase subunit I,Unmatched,0,0,0
FKFHLE_07975 cytochrome d ubiquinol oxidase subunit II,Unmatched,0,0,0
FKFHLE_07980 phosphoribosyltransferase,Unmatched,0,0,0
FKFHLE_07985 hypothetical protein,Unmatched,0,0,0
FKFHLE_07990 NC domain-containing protein,Unmatched,0,0,0
FKFHLE_07995 hypothetical protein,Unmatched,0,0,0
FKFHLE_08000 GuaB3 family IMP dehydrogenase-related protein,Unmatched,0,0,0
FKFHLE_08005 DUF760 domain-containing protein,Unmatched,0,0,0
FKFHLE_08010 DCC1-like thiol-disulfide oxidoreductase,Unmatched,0,0,0
FKFHLE_08015 hypothetical protein,Unmatched,0,0,0
FKFHLE_08020 glyoxalase/bleomycin resistance/extradiol dioxygenase family protein,Unmatched,0,0,0
FKFHLE_08025 TIGR02652 family protein,Unmatched,0,0,0
FKFHLE_08030 gamma carbonic anhydrase family protein,Unmatched,0,0,0
FKFHLE_08035 photosystem II protein Y,Unmatched,0,0,0
FKFHLE_08040 FAD-linked oxidase,Unmatched,0,0,0
FKFHLE_08045 adenylosuccinate lyase,Unmatched,0,0,0
FKFHLE_08050 hypothetical protein,Unmatched,0,0,0
FKFHLE_08055 trypsin,Unmatched,0,0,0
FKFHLE_08060 hypothetical protein,Unmatched,0,0,0
FKFHLE_08065 HigA family addiction module antitoxin,Unmatched,0,0,0
FKFHLE_08070 hypothetical protein,Unmatched,0,0,0
FKFHLE_08075 translation initiation factor IF-3,Unmatched,0,0,0
"FKFHLE_08080 Ferredoxin, 2Fe-2S domain protein",Unmatched,0,0,0
FKFHLE_08085 NnrU protein,Unmatched,0,0,0
FKFHLE_08090 thiol reductase thioredoxin,Unmatched,0,0,0
FKFHLE_08095 Protein phosphatase 2C,Unmatched,0,0,0
FKFHLE_08100 Proton extrusion protein PcxA,Unmatched,0,0,0
FKFHLE_08105 hydrophobe/amphiphile efflux-1 family RND transporter,Unmatched,0,0,0
FKFHLE_08110 sodium:proton antiporter,Unmatched,0,0,0
FKFHLE_08115 amino acid ABC transporter ATP-binding protein,Unmatched,0,0,0
FKFHLE_08120 DUF29 domain-containing protein,Unmatched,0,0,0
FKFHLE_08125 recombination protein F,Unmatched,0,0,0
FKFHLE_08130 DUF3226 domain-containing protein,Unmatched,0,0,0
FKFHLE_08135 sugar transferase,Unmatched,0,0,0
FKFHLE_08140 Photosystem II manganese-stabilizing polypeptide,Unmatched,0,0,0
FKFHLE_08145 hypothetical protein,Unmatched,0,0,0
FKFHLE_08150 phosphoglucosamine mutase,Unmatched,0,0,0
FKFHLE_08155 methyltransferase,Unmatched,0,0,0
FKFHLE_08160 WYL domain-containing protein,Unmatched,0,0,0
FKFHLE_08165 type III-B CRISPR-associated protein Cas10/Cmr2,Unmatched,0,0,0
FKFHLE_08170 CRISPR-associated protein Cmr3,Unmatched,0,0,0
FKFHLE_08175 type III-B CRISPR module RAMP protein Cmr4,Unmatched,0,0,0
FKFHLE_08180 Putative restriction endonuclease,Unmatched,0,0,0
FKFHLE_08185 hypothetical protein,Unmatched,0,0,0
FKFHLE_08190 type III-B CRISPR module RAMP protein Cmr6,Unmatched,0,0,0
FKFHLE_08195 hypothetical protein,Unmatched,0,0,0
FKFHLE_08200 DUF1049 domain-containing protein,Unmatched,0,0,0
FKFHLE_08205 hypothetical protein,Unmatched,0,0,0
FKFHLE_08210 alpha/beta hydrolase,Unmatched,0,0,0
FKFHLE_08215 DUF6679 domain-containing protein,Unmatched,0,0,0
"FKFHLE_08220 biphenyl 2,3-dioxygenase",Unmatched,0,0,0
FKFHLE_08225 calcium/proton exchanger,Unmatched,0,0,0
FKFHLE_08230 peptidase S8 and S53 subtilisin kexin sedolisin,Unmatched,0,0,0
FKFHLE_08235 DUF3376 domain-containing protein,Unmatched,0,0,0
FKFHLE_08240 hypothetical protein,Unmatched,0,0,0
FKFHLE_08245 DNA (cytosine-5-)-methyltransferase,Unmatched,0,0,0
FKFHLE_08250 HEPN-RiboL-PSP domain-containing protein,Unmatched,0,0,0
FKFHLE_08255 hypethetical protein,Unmatched,0,0,0
FKFHLE_08260 glutamine-hydrolyzing GMP synthase,Unmatched,0,0,0
FKFHLE_08265 cobalt-precorrin-5B (C(1))-methyltransferase CbiD,Unmatched,0,0,0
FKFHLE_08270 histidine kinase,Unmatched,0,0,0
FKFHLE_08275 DNA-binding response regulator,Unmatched,0,0,0
FKFHLE_08280 Putative restriction endonuclease,Unmatched,0,0,0
FKFHLE_08285 pentapeptide repeat-containing protein,Unmatched,0,0,0
FKFHLE_08290 DUF455 domain-containing protein,Unmatched,0,0,0
FKFHLE_08295 hypothetical protein,Unmatched,0,0,0
FKFHLE_08300 aldolase,Unmatched,0,0,0
FKFHLE_08305 hypothetical protein,Unmatched,0,0,0
FKFHLE_08310 argininosuccinate lyase,Unmatched,0,0,0
FKFHLE_08315 NUDIX hydrolase,Unmatched,0,0,0
FKFHLE_08320 hypothetical protein,Unmatched,0,0,0
FKFHLE_08325 oxidoreductase,Unmatched,0,0,0
FKFHLE_08330 hypothetical protein,Unmatched,0,0,0
FKFHLE_08335 hypothetical protein,Unmatched,0,0,0
FKFHLE_08340 bidirectional hydrogenase complex protein HoxU,Unmatched,0,0,0
FKFHLE_08345 hydroxylamine reductase,Unmatched,0,0,0
FKFHLE_08350 hypothetical protein,Unmatched,0,0,0
FKFHLE_08355 hypothetical protein,Unmatched,0,0,0
FKFHLE_08360 Similarity,Unmatched,0,0,0
FKFHLE_08365 photosystem I reaction center subunit PsaK,Unmatched,0,0,0
FKFHLE_08370 phosphoribosylanthranilate isomerase,Unmatched,0,0,0
FKFHLE_08375 GTP cyclohydrolase I FolE,Unmatched,0,0,0
FKFHLE_08380 SDR family oxidoreductase,Unmatched,0,0,0
FKFHLE_08385 hypothetical protein,Unmatched,0,0,0
FKFHLE_08390 hypothetical protein,Unmatched,0,0,0
FKFHLE_08395 DZANK-type domain-containing protein,Unmatched,0,0,0
FKFHLE_08400 PAS domain-containing sensor histidine kinase,Unmatched,0,0,0
FKFHLE_08405 hypothetical protein,Unmatched,0,0,0
FKFHLE_08410 replication restart DNA helicase PriA,Unmatched,0,0,0
FKFHLE_08415 glycosyl transferase family 1,Unmatched,0,0,0
FKFHLE_08420 hypothetical protein,Unmatched,0,0,0
FKFHLE_08425 cobalamin biosynthesis protein CobW,Unmatched,0,0,0
FKFHLE_08430 hypothetical protein,Unmatched,0,0,0
FKFHLE_08435 polysaccharide biosynthesis protein,Unmatched,0,0,0
FKFHLE_08440 carotene isomerase,Unmatched,0,0,0
FKFHLE_08445 Uncharacterized protein sll0095,Unmatched,0,0,0
FKFHLE_08450 tocopherol cyclase,Unmatched,0,0,0
FKFHLE_08455 carbohydrate kinase,Unmatched,0,0,0
FKFHLE_08460 thioredoxin family protein,Unmatched,0,0,0
FKFHLE_08465 bifunctional UDP-N-acetylglucosamine diphosphorylase/glucosamine-1-phosphate N-acetyltransferase GlmU,Unmatched,0,0,0
FKFHLE_08470 hypothetical protein,Unmatched,0,0,0
FKFHLE_08475 DUF561 domain-containing protein,Unmatched,0,0,0
FKFHLE_08480 branched-chain alpha-keto acid dehydrogenase subunit E2,Unmatched,0,0,0
FKFHLE_08485 photosystem reaction center subunit H,Unmatched,0,0,0
"FKFHLE_08490 HicA toxin of bacterial toxin-antitoxin,",Unmatched,0,0,0
FKFHLE_08495 hypothetical protein,Unmatched,0,0,0
FKFHLE_08500 hypothetical protein,Unmatched,0,0,0
FKFHLE_08505 Restriction endonuclease,Unmatched,0,0,0
FKFHLE_08510 DUF29 domain-containing protein,Unmatched,0,0,0
FKFHLE_08515 hypothetical protein,Unmatched,0,0,0
FKFHLE_08520 type II toxin-antitoxin system PemK/MazF family toxin,Unmatched,0,0,0
FKFHLE_08525 hypothetical protein,Unmatched,0,0,0
FKFHLE_08530 recombinase,Unmatched,0,0,0
FKFHLE_08535 Putative addiction module component,Unmatched,0,0,0
FKFHLE_08540 ATP-dependent Clp protease ATP-binding subunit ClpC,Unmatched,0,0,0
FKFHLE_08545 hypothetical protein,Unmatched,0,0,0
FKFHLE_08550 Dolichyl-phosphate-mannose-protein mannosyltransferase,Unmatched,0,0,0
FKFHLE_08555 hypothetical protein,Unmatched,0,0,0
FKFHLE_08560 D-inositol-3-phosphate glycosyltransferase,Unmatched,0,0,0
FKFHLE_08565 GtrA domain-containing protein,Unmatched,0,0,0
FKFHLE_08570 Methyltransf-11 domain-containing protein,Unmatched,0,0,0
FKFHLE_08575 Macrocin O-methyltransferase,Unmatched,0,0,0
FKFHLE_08580 Dolichol-P-glucose synthetase,Unmatched,0,0,0
FKFHLE_08585 Methyltransferase domain protein,Unmatched,0,0,0
FKFHLE_08590 dolichol-P-glucose synthetase,Unmatched,0,0,0
FKFHLE_08595 hypothetical protein,Unmatched,0,0,0
"FKFHLE_08600 Dolichol-p-glucose synthetase, (Glycosyltransferase)",Unmatched,0,0,0
FKFHLE_08605 hypothetical protein,Unmatched,0,0,0
FKFHLE_08610 Transposase,Unmatched,0,0,0
"FKFHLE_08615 Endo-1,3(4)-beta-glucanase",Unmatched,0,0,0
FKFHLE_08620 hypothetical protein,Unmatched,0,0,0
FKFHLE_08625 hypothetical protein,Unmatched,0,0,0
FKFHLE_08630 hypothetical protein,Unmatched,0,0,0
FKFHLE_08635 NAD(P)-dependent oxidoreductase,Unmatched,0,0,0
FKFHLE_08640 hypothetical protein,Unmatched,0,0,0
FKFHLE_08645 ABC transporter substrate-binding protein,Unmatched,0,0,0
FKFHLE_08650 adenine phosphoribosyltransferase,Unmatched,0,0,0
FKFHLE_08655 DUF3038 domain-containing protein,Unmatched,0,0,0
FKFHLE_08660 DUF4335 domain-containing protein,Unmatched,0,0,0
FKFHLE_08665 HigA family addiction module antitoxin,Unmatched,0,0,0
FKFHLE_08670 adenosylmethionine decarboxylase,Unmatched,0,0,0
FKFHLE_08675 DUF6464 domain-containing protein,Unmatched,0,0,0
"FKFHLE_08680 L,D-transpeptidase",Unmatched,0,0,0
FKFHLE_08685 DUF2064 domain-containing protein,Unmatched,0,0,0
FKFHLE_08690 flagellar assembly protein H,Unmatched,0,0,0
FKFHLE_08695 Recombination-promoting DNA endonuclease RpnC/YadD,Unmatched,0,0,0
FKFHLE_08700 hypothetical protein,Unmatched,0,0,0
FKFHLE_08705 LL-diaminopimelate aminotransferase,Unmatched,0,0,0
FKFHLE_08710 thiol reductase thioredoxin,Unmatched,0,0,0
FKFHLE_08715 peptide ABC transporter permease,Unmatched,0,0,0
FKFHLE_08720 hypothetical protein,Unmatched,0,0,0
FKFHLE_08725 Similar to tr|Q8YQ63|Q8YQ63,Unmatched,0,0,0
FKFHLE_08730 PIN domain nuclease,Unmatched,0,0,0
FKFHLE_08735 UPF0284 protein MAE_56900,Unmatched,0,0,0
FKFHLE_08740 DNA starvation/stationary phase protection protein Dps,Unmatched,0,0,0
"FKFHLE_08745 HicA toxin of bacterial toxin-antitoxin,",Unmatched,0,0,0
FKFHLE_08750 HicB family protein,Unmatched,0,0,0
FKFHLE_08755 HNH endonuclease,Unmatched,0,0,0
FKFHLE_08770 WYL domain-containing protein,Unmatched,0,0,0
FKFHLE_08775 type I-D CRISPR-associated helicase Cas3',Unmatched,0,0,0
FKFHLE_08780 Similarity,Unmatched,0,0,0
FKFHLE_08785 Similarity,Unmatched,0,0,0
FKFHLE_08790 Nucleotidyltransferase domain-containing protein,Unmatched,0,0,0
FKFHLE_08795 hypothetical protein,Unmatched,0,0,0
FKFHLE_08800 nucleotidyltransferase domain-containing protein,Unmatched,0,0,0
FKFHLE_08805 Ribonuclease HepT-like,Unmatched,0,0,0
FKFHLE_08810 type I-D CRISPR-associated protein Cas10d/Csc3,Unmatched,0,0,0
FKFHLE_08815 type I-D CRISPR-associated protein Cas7/Csc2,Unmatched,0,0,0
FKFHLE_08820 type I-D CRISPR-associated protein Cas5/Csc1,Unmatched,0,0,0
"FKFHLE_08825 putative DNA-binding transcriptional regulator YobV, contains HTH and WYL domains",Unmatched,0,0,0
FKFHLE_08830 Asr1558 protein,Unmatched,0,0,0
FKFHLE_08835 CRISPR-associated protein Csc3,Unmatched,0,0,0
FKFHLE_08840 type I-D CRISPR-associated protein Cas7/Csc2,Unmatched,0,0,0
FKFHLE_08845 type I-D CRISPR-associated protein Cas5/Csc1,Unmatched,0,0,0
FKFHLE_08850 Type I-D CRISPR-associated helicase Cas3,Unmatched,0,0,0
FKFHLE_08855 Uma2 family endonuclease,Unmatched,0,0,0
FKFHLE_08860 Uma2 family endonuclease,Unmatched,0,0,0
FKFHLE_08865 CRISPR-associated endoribonuclease Cas6,Unmatched,0,0,0
FKFHLE_08870 CRISPR-associated protein Cas4,Unmatched,0,0,0
FKFHLE_08875 type I-D CRISPR-associated endonuclease Cas1d,Unmatched,0,0,0
FKFHLE_08880 CRISPR-associated endonuclease Cas2,Unmatched,0,0,0
FKFHLE_08885 bifunctional acetaldehyde-CoA/alcohol dehydrogenase,Unmatched,0,0,0
FKFHLE_08890 hydroxyacylglutathione hydrolase,Unmatched,0,0,0
FKFHLE_08895 polysaccharide deacetylase,Unmatched,0,0,0
FKFHLE_08900 NAD-dependent dehydratase,Unmatched,0,0,0
FKFHLE_08905 LTXXQ motif family protein,Unmatched,0,0,0
FKFHLE_08910 hypothetical protein,Unmatched,0,0,0
FKFHLE_08915 RNA polymerase subunit sigma,Unmatched,0,0,0
FKFHLE_08920 hormogonium polysaccharide biosynthesis glycosyltransferase HpsO,Unmatched,0,0,0
FKFHLE_08925 hormogonium polysaccharide biosynthesis glycosyltransferase HpsN,Unmatched,0,0,0
FKFHLE_08930 hormogonium polysaccharide biosynthesis protein HpsL,Unmatched,0,0,0
FKFHLE_08935 phosphoglucosamine mutase,Unmatched,0,0,0
FKFHLE_08940 family 2 glycosyl transferase,Unmatched,0,0,0
FKFHLE_08945 hypothetical protein,Unmatched,0,0,0
FKFHLE_08950 hypothetical protein,Unmatched,0,0,0
FKFHLE_08955 peptide deformylase,Unmatched,0,0,0
FKFHLE_08960 serine/threonine protein kinase,Unmatched,0,0,0
FKFHLE_08965 farnesyl-diphosphate synthase,Unmatched,0,0,0
FKFHLE_08970 acid phosphatase,Unmatched,0,0,0
FKFHLE_08975 recombination protein F,Unmatched,0,0,0
FKFHLE_08980 DUF3226 domain-containing protein,Unmatched,0,0,0
FKFHLE_08985 class I SAM-dependent methyltransferase,Unmatched,0,0,0
FKFHLE_08990 folate/biopterin family MFS transporter,Unmatched,0,0,0
"FKFHLE_08995 HicA toxin of bacterial toxin-antitoxin,",Unmatched,0,0,0
FKFHLE_09000 HicB-like domain-containing protein,Unmatched,0,0,0
FKFHLE_09005 prevent-host-death family protein,Unmatched,0,0,0
FKFHLE_09010 Txe/YoeB family addiction module toxin,Unmatched,0,0,0
FKFHLE_09015 PEP-CTERM domain-containing protein,Unmatched,0,0,0
FKFHLE_09020 glutamine synthetase type III,Unmatched,0,0,0
"FKFHLE_09025 Apocarotenoid-15,15'-oxygenase",Unmatched,0,0,0
FKFHLE_09030 DUF1092 domain-containing protein,Unmatched,0,0,0
FKFHLE_09035 glycosyltransferase,Unmatched,0,0,0
FKFHLE_09040 DUF3593 domain-containing protein,Unmatched,0,0,0
FKFHLE_09045 DUF2499 domain-containing protein,Unmatched,0,0,0
FKFHLE_09050 glutathione synthase,Unmatched,0,0,0
FKFHLE_09055 glutaredoxin 3,Unmatched,0,0,0
FKFHLE_09060 hypothetical protein,Unmatched,0,0,0
FKFHLE_09065 YGGT family,Unmatched,0,0,0
FKFHLE_09070 cytochrome C,Unmatched,0,0,0
FKFHLE_09075 mechanosensitive ion channel protein MscS,Unmatched,0,0,0
FKFHLE_09080 spore germination protein,Unmatched,0,0,0
FKFHLE_09085 DUF2993 domain-containing protein,Unmatched,0,0,0
FKFHLE_09090 hypothetical protein,Unmatched,0,0,0
FKFHLE_09095 flavin-dependent dehydrogenase,Unmatched,0,0,0
FKFHLE_09100 sulfate transporter,Unmatched,0,0,0
FKFHLE_09105 DUF2252 domain-containing protein,Unmatched,0,0,0
FKFHLE_09110 type III-B CRISPR-associated protein Cas10/Cmr2,Unmatched,0,0,0
FKFHLE_09115 hypothetical protein,Unmatched,0,0,0
FKFHLE_09120 hypothetical protein,Unmatched,0,0,0
FKFHLE_09125 type III-B CRISPR module RAMP protein Cmr4,Unmatched,0,0,0
FKFHLE_09130 hypothetical protein,Unmatched,0,0,0
FKFHLE_09135 hypothetical protein,Unmatched,0,0,0
FKFHLE_09140 DUF29 domain-containing protein,Unmatched,0,0,0
FKFHLE_09145 glucokinase,Unmatched,0,0,0
FKFHLE_09150 PEP-CTERM domain-containing protein,Unmatched,0,0,0
FKFHLE_09155 ATP-dependent 6-phosphofructokinase,Unmatched,0,0,0
FKFHLE_09160 glutamate--tRNA ligase,Unmatched,0,0,0
FKFHLE_09165 NAD(P)H-quinone oxidoreductase subunit N,Unmatched,0,0,0
FKFHLE_09170 Similarity (Modular protein),Unmatched,0,0,0
FKFHLE_09175 peptide ABC transporter permease,Unmatched,0,0,0
FKFHLE_09180 phosphate signaling complex protein PhoU,Unmatched,0,0,0
FKFHLE_09185 histidine kinase,Unmatched,0,0,0
FKFHLE_09190 DNA-binding response regulator,Unmatched,0,0,0
FKFHLE_09195 amidase,Unmatched,0,0,0
FKFHLE_09200 hypothetical protein,Unmatched,0,0,0
FKFHLE_09205 glycolate oxidase subunit GlcD,Unmatched,0,0,0
FKFHLE_09210 2'-5' RNA ligase,Unmatched,0,0,0
FKFHLE_09215 YCII domain-containing protein,Unmatched,0,0,0
FKFHLE_09220 Similar to tr|P74150|P74150,Unmatched,0,0,0
FKFHLE_09225 Serine/threonine protein phosphatase,Unmatched,0,0,0
FKFHLE_09230 oxygen-dependent coproporphyrinogen oxidase,Unmatched,0,0,0
FKFHLE_09235 tRNA lysidine(34) synthetase TilS,Unmatched,0,0,0
FKFHLE_09240 DNA helicase UvrD,Unmatched,0,0,0
FKFHLE_09245 hypothetical protein,Unmatched,0,0,0
FKFHLE_09250 4-hydroxybenzoate solanesyltransferase,Unmatched,0,0,0
FKFHLE_09255 NTP-transf-9 domain-containing protein,Unmatched,0,0,0
FKFHLE_09260 DUF1499 domain-containing protein,Unmatched,0,0,0
FKFHLE_09265 hypothetical protein,Unmatched,0,0,0
FKFHLE_09270 SRPBCC family protein,Unmatched,0,0,0
FKFHLE_09275 GUN4 domain-containing protein,Unmatched,0,0,0
FKFHLE_09280 hypothetical protein,Unmatched,0,0,0
FKFHLE_09290 phycocyanobilin:ferredoxin oxidoreductase,Unmatched,0,0,0
FKFHLE_09295 photosynthetic/respiratory NAD(P)H-quinone oxidoreductase subunit D1,Unmatched,0,0,0
FKFHLE_09300 DUF4164 domain-containing protein,Unmatched,0,0,0
FKFHLE_09305 RNA polymerase subunit sigma,Unmatched,0,0,0
FKFHLE_09310 Fis family transcriptional regulator,Unmatched,0,0,0
FKFHLE_09315 Acetate kinase,Unmatched,0,0,0
FKFHLE_09320 thioredoxin,Unmatched,0,0,0
FKFHLE_09325 DNA-processing protein DprA,Unmatched,0,0,0
FKFHLE_09330 hypothetical protein,Unmatched,0,0,0
FKFHLE_09335 Type II toxin-antitoxin system PemK/MazF family toxin,Unmatched,0,0,0
FKFHLE_09340 hypothetical protein,Unmatched,0,0,0
FKFHLE_09345 Serine/threonine-protein kinase pkn1,Unmatched,0,0,0
FKFHLE_09350 cysteine desulfurase,Unmatched,0,0,0
FKFHLE_09355 Type 2A encapsulin shell protein,Unmatched,0,0,0
FKFHLE_09360 serine acetyltransferase,Unmatched,0,0,0
FKFHLE_09365 cysteine synthase A,Unmatched,0,0,0
FKFHLE_09370 LD-carboxypeptidase,Unmatched,0,0,0
FKFHLE_09375 3-beta hydroxysteroid dehydrogenase,Unmatched,0,0,0
FKFHLE_09380 NAD(+) kinase,Unmatched,0,0,0
FKFHLE_09385 Ion transporter,Unmatched,0,0,0
FKFHLE_09390 ATP synthase subunit I,Unmatched,0,0,0
FKFHLE_09395 F0F1 ATP synthase subunit A,Unmatched,0,0,0
FKFHLE_09400 ATP synthase F0 subunit C,Unmatched,0,0,0
FKFHLE_09405 F0F1 ATP synthase subunit B',Unmatched,0,0,0
FKFHLE_09410 F0F1 ATP synthase subunit B,Unmatched,0,0,0
FKFHLE_09415 ATP synthase F1 subunit delta,Unmatched,0,0,0
FKFHLE_09420 F0F1 ATP synthase subunit alpha,Unmatched,0,0,0
FKFHLE_09425 F0F1 ATP synthase subunit gamma,Unmatched,0,0,0
"FKFHLE_09430 Ca2+-binding protein, RTX toxin-related",Unmatched,0,0,0
FKFHLE_09435 biopolymer transporter ExbB,Unmatched,0,0,0
FKFHLE_09440 biopolymer transporter ExbD,Unmatched,0,0,0
FKFHLE_09445 hypothetical protein,Unmatched,0,0,0
FKFHLE_09450 FAD-dependent oxidoreductase,Unmatched,0,0,0
FKFHLE_09455 GAF domain-containing protein,Unmatched,0,0,0
FKFHLE_09460 cobalamin biosynthesis protein CobQ,Unmatched,0,0,0
FKFHLE_09465 Rho termination factor,Unmatched,0,0,0
FKFHLE_09470 hypothetical protein,Unmatched,0,0,0
FKFHLE_09475 HicB-like domain-containing protein,Unmatched,0,0,0
"FKFHLE_09480 HicA toxin of bacterial toxin-antitoxin,",Unmatched,0,0,0
FKFHLE_09485 1-acyl-sn-glycerol-3-phosphate acyltransferase,Unmatched,0,0,0
FKFHLE_09490 methionine--tRNA ligase,Unmatched,0,0,0
FKFHLE_09495 NYN domain-containing protein,Unmatched,0,0,0
FKFHLE_09500 nuclease,Unmatched,0,0,0
FKFHLE_09505 HigA family addiction module antitoxin,Unmatched,0,0,0
FKFHLE_09510 killer suppression protein,Unmatched,0,0,0
FKFHLE_09515 30S ribosomal protein S12,Unmatched,0,0,0
FKFHLE_09520 30S ribosomal protein S7,Unmatched,0,0,0
FKFHLE_09525 elongation factor G,Unmatched,0,0,0
FKFHLE_09530 elongation factor Tu,Unmatched,0,0,0
FKFHLE_09535 30S ribosomal protein S10,Unmatched,0,0,0
FKFHLE_09540 glycine--tRNA ligase subunit alpha,Unmatched,0,0,0
FKFHLE_09545 serine/threonine protein kinase,Unmatched,0,0,0
FKFHLE_09550 enoyl-ACP reductase FabI,Unmatched,0,0,0
FKFHLE_09555 global nitrogen regulator NtcA,Unmatched,0,0,0
FKFHLE_09560 DUF3084 domain-containing protein,Unmatched,0,0,0
FKFHLE_09565 Uma2 domain-containing protein,Unmatched,0,0,0
FKFHLE_09570 Uma2 domain-containing protein,Unmatched,0,0,0
FKFHLE_09575 AAA+ family ATPase,Unmatched,0,0,0
FKFHLE_09580 serine/threonine protein kinase,Unmatched,0,0,0
FKFHLE_09585 aspartoacylase,Unmatched,0,0,0
FKFHLE_09590 c-type cytochrome biogenesis protein CcsB,Unmatched,0,0,0
FKFHLE_09595 ATP-dependent zinc metalloprotease FtsH,Unmatched,0,0,0
FKFHLE_09600 hypothetical protein,Unmatched,0,0,0
FKFHLE_09605 hypothetical protein,Unmatched,0,0,0
FKFHLE_09610 thiol:disulfide interchange protein,Unmatched,0,0,0
FKFHLE_09615 hypothetical protein,Unmatched,0,0,0
FKFHLE_09620 ferredoxin,Unmatched,0,0,0
FKFHLE_09625 isochorismate synthase,Unmatched,0,0,0
FKFHLE_09630 aldehyde dehydrogenase family protein,Unmatched,0,0,0
FKFHLE_09635 Big-5 domain-containing protein,Unmatched,0,0,0
FKFHLE_09640 TIGR03943 family protein,Unmatched,0,0,0
FKFHLE_09645 putative permease,Unmatched,0,0,0
"FKFHLE_09655 type II toxin-antitoxin system mRNA interferase toxin, RelE/StbE family",Unmatched,0,0,0
FKFHLE_09660 Similarity,Unmatched,0,0,0
FKFHLE_09675 hypothetical protein,Unmatched,0,0,0
FKFHLE_09690 potassium channel protein,Unmatched,0,0,0
FKFHLE_09695 hypothetical protein,Unmatched,0,0,0
FKFHLE_09700 Putative restriction endonuclease,Unmatched,0,0,0
FKFHLE_09705 antitoxin,Unmatched,0,0,0
FKFHLE_09710 LeuA-dimer domain-containing protein,Unmatched,0,0,0
FKFHLE_09715 hypothetical protein,Unmatched,0,0,0
FKFHLE_09720 hypothetical protein,Unmatched,0,0,0
FKFHLE_09725 FA-desaturase domain-containing protein,Unmatched,0,0,0
FKFHLE_09730 hypothetical protein,Unmatched,0,0,0
FKFHLE_09735 hypothetical protein,Unmatched,0,0,0
FKFHLE_09740 hypothetical protein,Unmatched,0,0,0
FKFHLE_09745 hypothetical protein,Unmatched,0,0,0
FKFHLE_09750 hypothetical protein,Unmatched,0,0,0
FKFHLE_09755 DO-GTPase1 domain-containing protein,Unmatched,0,0,0
FKFHLE_09760 peptidoglycan-binding protein,Unmatched,0,0,0
FKFHLE_09765 hypothetical protein,Unmatched,0,0,0
FKFHLE_09770 hypothetical protein,Unmatched,0,0,0
FKFHLE_09775 VWA domain-containing protein,Unmatched,0,0,0
FKFHLE_09780 cation:proton antiporter,Unmatched,0,0,0
FKFHLE_09785 hypothetical protein,Unmatched,0,0,0
FKFHLE_09790 hypothetical protein,Unmatched,0,0,0
FKFHLE_09795 hypothetical protein,Unmatched,0,0,0
FKFHLE_09800 Beta-barrel assembly-enhancing protease,Unmatched,0,0,0
FKFHLE_09805 hypothetical protein,Unmatched,0,0,0
FKFHLE_09810 allophycocyanin,Unmatched,0,0,0
FKFHLE_09815 SPFH domain / Band 7 family,Unmatched,0,0,0
FKFHLE_09820 glutathione-disulfide reductase,Unmatched,0,0,0
FKFHLE_09825 D-alanyl-D-alanine carboxypeptidase/D-alanyl-D-alanine-endopeptidase,Unmatched,0,0,0
FKFHLE_09830 glycogen synthase GlgA,Unmatched,0,0,0
FKFHLE_09835 co-chaperone YbbN,Unmatched,0,0,0
FKFHLE_09840 hypothetical protein,Unmatched,0,0,0
FKFHLE_09845 tRNA (guanosine(46)-N7)-methyltransferase TrmB,Unmatched,0,0,0
FKFHLE_09850 metallophosphoesterase,Unmatched,0,0,0
FKFHLE_09855 hypothetical protein,Unmatched,0,0,0
FKFHLE_09860 DUF3007 domain-containing protein,Unmatched,0,0,0
FKFHLE_09865 NAD(P)H-quinone oxidoreductase subunit L,Unmatched,0,0,0
FKFHLE_09870 tRNA-Leu(taa),Unmatched,0,0,0
FKFHLE_09875 carotenoid oxygenase,Unmatched,0,0,0
FKFHLE_09880 tRNA epoxyqueuosine(34) reductase QueG,Unmatched,0,0,0
FKFHLE_09885 hypothetical protein,Unmatched,0,0,0
FKFHLE_09890 dihydrolipoyl dehydrogenase,Unmatched,0,0,0
FKFHLE_09895 twin-arginine translocase TatA/TatE family subunit,Unmatched,0,0,0
FKFHLE_09900 Metalloprotease slr0863,Unmatched,0,0,0
FKFHLE_09905 carbamoyl-phosphate synthase large subunit,Unmatched,0,0,0
FKFHLE_09910 ferredoxin--nitrite reductase,Unmatched,0,0,0
FKFHLE_09915 tyrosine--tRNA ligase,Unmatched,0,0,0
FKFHLE_09920 Glycosyltransferase,Unmatched,0,0,0
FKFHLE_09925 ferredoxin,Unmatched,0,0,0
FKFHLE_09930 ABC transporter ATP-binding protein,Unmatched,0,0,0
FKFHLE_09935 alanine racemase,Unmatched,0,0,0
FKFHLE_09940 DUF1611 domain-containing protein,Unmatched,0,0,0
FKFHLE_09945 DUF3134 domain-containing protein,Unmatched,0,0,0
FKFHLE_09950 ssl1498 family light-harvesting-like protein,Unmatched,0,0,0
FKFHLE_09955 2-phospho-L-lactate transferase CofD,Unmatched,0,0,0
FKFHLE_09960 Chloroplast import apparatus Tic20-like,Unmatched,0,0,0
FKFHLE_09965 NADH-quinone oxidoreductase subunit NuoF,Unmatched,0,0,0
FKFHLE_09970 bidirectional hydrogenase complex protein HoxE,Unmatched,0,0,0
FKFHLE_09975 ACP S-malonyltransferase,Unmatched,0,0,0
FKFHLE_09980 DUF433 domain-containing protein,Unmatched,0,0,0
FKFHLE_09985 hypothetical protein,Unmatched,0,0,0
FKFHLE_09990 DUF29 domain-containing protein,Unmatched,0,0,0
FKFHLE_09995 DUF29 domain-containing protein,Unmatched,0,0,0
FKFHLE_10000 protein-methionine-sulfoxide reductase catalytic subunit MsrP,Unmatched,0,0,0
FKFHLE_10005 cytochrome P450,Unmatched,0,0,0
FKFHLE_10010 TVP38/TMEM64 family protein,Unmatched,0,0,0
FKFHLE_10015 ribonuclease HII,Unmatched,0,0,0
FKFHLE_10020 ribonuclease E/G,Unmatched,0,0,0
FKFHLE_10025 hypothetical protein,Unmatched,0,0,0
FKFHLE_10030 ribosome biogenesis GTPase YlqF,Unmatched,0,0,0
FKFHLE_10035 glutamate synthase,Unmatched,0,0,0
FKFHLE_10040 hypothetical protein,Unmatched,0,0,0
FKFHLE_10045 DNA-binding protein,Unmatched,0,0,0
FKFHLE_10050 hypothetical protein,Unmatched,0,0,0
FKFHLE_10055 AAA-31 domain-containing protein,Unmatched,0,0,0
FKFHLE_10060 adenosine kinase,Unmatched,0,0,0
FKFHLE_10065 DUF2555 domain-containing protein,Unmatched,0,0,0
FKFHLE_10070 oxidoreductase,Unmatched,0,0,0
FKFHLE_10075 heme iron utilization protein,Unmatched,0,0,0
FKFHLE_10080 hypothetical protein,Unmatched,0,0,0
FKFHLE_10085 ABC transporter ATP-binding protein,Unmatched,0,0,0
FKFHLE_10090 ABC transporter substrate-binding protein,Unmatched,0,0,0
FKFHLE_10095 phycobilisome maturation protein,Unmatched,0,0,0
FKFHLE_10100 transcriptional regulator,Unmatched,0,0,0
FKFHLE_10105 hypothetical protein,Unmatched,0,0,0
FKFHLE_10110 site-specific DNA-methyltransferase,Unmatched,0,0,0
FKFHLE_10115 Domain of unknown function DUF29,Unmatched,0,0,0
FKFHLE_10120 DUF29 domain-containing protein,Unmatched,0,0,0
FKFHLE_10125 phycocyanobilin lyase,Unmatched,0,0,0
FKFHLE_10130 pyruvate kinase,Unmatched,0,0,0
FKFHLE_10135 SLH domain-containing protein,Unmatched,0,0,0
FKFHLE_10140 Ycf66 protein N-terminus,Unmatched,0,0,0
FKFHLE_10145 biopolymer transporter Tol,Unmatched,0,0,0
FKFHLE_10150 Tol biopolymer transporter periplasmic protein,Unmatched,0,0,0
FKFHLE_10155 Patatin-like phospholipase,Unmatched,0,0,0
FKFHLE_10160 glucose-1-phosphate adenylyltransferase,Unmatched,0,0,0
FKFHLE_10165 hypothetical protein,Unmatched,0,0,0
FKFHLE_10170 ABC transporter substrate-binding protein,Unmatched,0,0,0
FKFHLE_10175 polar amino acid ABC transporter ATP-binding protein,Unmatched,0,0,0
FKFHLE_10225 tRNA dihydrouridine(20/20a) synthase DusA,Unmatched,0,0,0
FKFHLE_10230 DUF362 domain-containing protein,Unmatched,0,0,0
FKFHLE_10235 (2Fe-2S)-binding protein,Unmatched,0,0,0
FKFHLE_10240 DUF1997 domain-containing protein,Unmatched,0,0,0
FKFHLE_10245 DNA-binding response regulator,Unmatched,0,0,0
FKFHLE_10250 hypothetical protein,Unmatched,0,0,0
FKFHLE_10255 5-oxoprolinase,Unmatched,0,0,0
FKFHLE_10260 tRNA (adenosine(37)-N6)-threonylcarbamoyltransferase complex transferase subunit TsaD,Unmatched,0,0,0
FKFHLE_10265 tRNA pseudouridine(55) synthase TruB,Unmatched,0,0,0
FKFHLE_10270 hypothetical protein,Unmatched,0,0,0
FKFHLE_10275 histidinol-phosphate transaminase,Unmatched,0,0,0
FKFHLE_10280 (E)-4-hydroxy-3-methylbut-2-enyl-diphosphate synthase,Unmatched,0,0,0
FKFHLE_10285 alpha/beta hydrolase,Unmatched,0,0,0
FKFHLE_10290 hypothetical protein,Unmatched,0,0,0
FKFHLE_10295 chitin deacetylase,Unmatched,0,0,0
FKFHLE_10300 bifunctional phosphoribosylaminoimidazolecarboxamide formyltransferase/IMP cyclohydrolase,Unmatched,0,0,0
FKFHLE_10305 hypothetical protein,Unmatched,0,0,0
FKFHLE_10310 hypothetical protein,Unmatched,0,0,0
FKFHLE_10315 hypothetical protein,Unmatched,0,0,0
FKFHLE_10320 hypothetical protein,Unmatched,0,0,0
FKFHLE_10325 hypothetical protein,Unmatched,0,0,0
FKFHLE_10330 hypothetical protein,Unmatched,0,0,0
FKFHLE_10335 hypothetical protein,Unmatched,0,0,0
FKFHLE_10340 hypothetical protein,Unmatched,0,0,0
FKFHLE_10345 growth inhibitor PemK,Unmatched,0,0,0
FKFHLE_10350 toxin-antitoxin system protein,Unmatched,0,0,0
FKFHLE_10355 NAD(P)/FAD-dependent oxidoreductase,Unmatched,0,0,0
FKFHLE_10360 hypothetical protein,Unmatched,0,0,0
FKFHLE_10365 Peptidoglycan O-acetyltransferase,Unmatched,0,0,0
FKFHLE_10370 FkbM family methyltransferase,Unmatched,0,0,0
FKFHLE_10375 hypothetical protein,Unmatched,0,0,0
FKFHLE_10380 UDP-glucose 4-epimerase GalE,Unmatched,0,0,0
FKFHLE_10385 polyphosphate:AMP phosphotransferase,Unmatched,0,0,0
FKFHLE_10390 phosphoribosylglycinamide formyltransferase,Unmatched,0,0,0
FKFHLE_10395 glutamyl-tRNA reductase,Unmatched,0,0,0
FKFHLE_10400 class II fructose-bisphosphatase,Unmatched,0,0,0
FKFHLE_10405 hypothetical protein,Unmatched,0,0,0
FKFHLE_10410 sulfite exporter TauE/SafE family protein,Unmatched,0,0,0
FKFHLE_10415 DUF2854 domain-containing protein,Unmatched,0,0,0
FKFHLE_10440 Bacteriocin,Unmatched,0,0,0
FKFHLE_10475 fused N-dimethylarginine dimethylaminohydrolase/saccharopine dehydrogenase domain-containing protein,Unmatched,0,0,0
FKFHLE_10480 SWIM zinc finger domain-containing protein,Unmatched,0,0,0
FKFHLE_10485 peptidase,Unmatched,0,0,0
FKFHLE_10490 hypothetical protein,Unmatched,0,0,0
"FKFHLE_10495 ECF-type riboflavin transporter, S component",Unmatched,0,0,0
FKFHLE_10500 ketol-acid reductoisomerase,Unmatched,0,0,0
FKFHLE_10505 pilus assembly protein PilM,Unmatched,0,0,0
FKFHLE_10520 hypothetical protein,Unmatched,0,0,0
FKFHLE_10525 PIN domain nuclease,Unmatched,0,0,0
FKFHLE_10530 hypothetical protein,Unmatched,0,0,0
FKFHLE_10535 citramalate synthase,Unmatched,0,0,0
FKFHLE_10540 (2Fe-2S)-binding protein,Unmatched,0,0,0
FKFHLE_10545 hypothetical protein,Unmatched,0,0,0
FKFHLE_10550 solanesyl diphosphate synthase,Unmatched,0,0,0
FKFHLE_10555 haloacid dehalogenase,Unmatched,0,0,0
FKFHLE_10560 Molecular chaperone DnaJ,Unmatched,0,0,0
FKFHLE_10565 complex I intermediate-associated 30 family protein,Unmatched,0,0,0
FKFHLE_10570 Photosystem I assembly protein Ycf3,Unmatched,0,0,0
FKFHLE_10575 hypothetical protein,Unmatched,0,0,0
FKFHLE_10580 signal peptidase I,Unmatched,0,0,0
FKFHLE_10585 ribose-phosphate pyrophosphokinase,Unmatched,0,0,0
FKFHLE_10590 translational GTPase TypA,Unmatched,0,0,0
FKFHLE_10595 transposase,Unmatched,0,0,0
FKFHLE_10600 epimerase,Unmatched,0,0,0
FKFHLE_10605 Putative restriction endonuclease,Unmatched,0,0,0
FKFHLE_10610 hypothetical protein,Unmatched,0,0,0
FKFHLE_10615 DNA-binding response regulator,Unmatched,0,0,0
FKFHLE_10620 transposase,Unmatched,0,0,0
FKFHLE_10625 histidine kinase,Unmatched,0,0,0
FKFHLE_10630 photosystem II protein Psb27,Unmatched,0,0,0
FKFHLE_10635 endonuclease MutS2,Unmatched,0,0,0
FKFHLE_10640 dihydroorotase,Unmatched,0,0,0
FKFHLE_10645 hypothetical protein,Unmatched,0,0,0
FKFHLE_10650 photosystem II S4 domain protein,Unmatched,0,0,0
FKFHLE_10655 DNA phosphorothioation-associated methyltransferase,Unmatched,0,0,0
FKFHLE_10660 Putative restriction endonuclease,Unmatched,0,0,0
FKFHLE_10665 dolichyl-phosphate-mannose--protein O-mannosyl transferase,Unmatched,0,0,0
FKFHLE_10670 tryptophan--tRNA ligase,Unmatched,0,0,0
FKFHLE_10675 site-specific DNA-methyltransferase,Unmatched,0,0,0
FKFHLE_10680 ScaI family restriction endonuclease,Unmatched,0,0,0
FKFHLE_10685 ssl1498 family light-harvesting-like protein,Unmatched,0,0,0
FKFHLE_10690 Mom72 protein,Unmatched,0,0,0
FKFHLE_10695 photosystem II oxygen evolving complex protein PsbP,Unmatched,0,0,0
FKFHLE_10700 hypothetical protein,Unmatched,0,0,0
FKFHLE_10705 Nucleoside triphosphate pyrophosphatase,Unmatched,0,0,0
FKFHLE_10710 urease accessory protein UreG,Unmatched,0,0,0
FKFHLE_10715 glycosyltransferase,Unmatched,0,0,0
FKFHLE_10720 receptor ligand binding family protein,Unmatched,0,0,0
FKFHLE_10725 radical SAM protein,Unmatched,0,0,0
FKFHLE_10730 DUF4089 domain-containing protein,Unmatched,0,0,0
FKFHLE_10735 AtzE family amidohydrolase,Unmatched,0,0,0
FKFHLE_10740 glycosyl transferase group 1 family protein,Unmatched,0,0,0
FKFHLE_10745 MOSC domain-containing protein,Unmatched,0,0,0
FKFHLE_10750 sodium:proton antiporter,Unmatched,0,0,0
FKFHLE_10755 rod shape-determining protein RodA,Unmatched,0,0,0
FKFHLE_10785 hypothetical protein,Unmatched,0,0,0
FKFHLE_10790 FAD dependent oxidoreductase,Unmatched,0,0,0
FKFHLE_10795 hypothetical protein,Unmatched,0,0,0
"FKFHLE_10800 GDP-mannose 4,6-dehydratase",Unmatched,0,0,0
FKFHLE_10805 glycosyl transferase,Unmatched,0,0,0
FKFHLE_10810 DUF2949 domain-containing protein,Unmatched,0,0,0
FKFHLE_10815 Conserved nitrate reductase-associated protein (Nitr_red_assoc),Unmatched,0,0,0
FKFHLE_10820 prephenate/arogenate dehydrogenase,Unmatched,0,0,0
FKFHLE_10825 cupin domain-containing protein,Unmatched,0,0,0
FKFHLE_10830 Polyketide cyclase / dehydrase and lipid transport,Unmatched,0,0,0
FKFHLE_10835 hypothetical protein,Unmatched,0,0,0
FKFHLE_10840 Putative restriction endonuclease,Unmatched,0,0,0
FKFHLE_10845 epimerase,Unmatched,0,0,0
FKFHLE_10850 Male sterility protein,Unmatched,0,0,0
FKFHLE_10855 N-acetyl-alpha-D-glucosaminyl L-malate synthase BshA,Unmatched,0,0,0
FKFHLE_10860 hypothetical protein,Unmatched,0,0,0
FKFHLE_10865 hypothetical protein,Unmatched,0,0,0
FKFHLE_10870 hypothetical protein,Unmatched,0,0,0
FKFHLE_10875 DUF4334 domain-containing protein,Unmatched,0,0,0
FKFHLE_10880 Prokaryotic-like s of the JAB domain-containing protein,Unmatched,0,0,0
FKFHLE_10885 sulfonate ABC transporter permease,Unmatched,0,0,0
FKFHLE_10890 serine/threonine protein kinase,Unmatched,0,0,0
FKFHLE_10895 glycosyltransferase,Unmatched,0,0,0
FKFHLE_10900 2-succinyl-5-enolpyruvyl-6-hydroxy-3-cyclohexene-1-carboxylic-acid synthase,Unmatched,0,0,0
FKFHLE_10905 Similarity,Unmatched,0,0,0
FKFHLE_10910 hypothetical protein,Unmatched,0,0,0
FKFHLE_10915 DNA sulfur modification protein DndD,Unmatched,0,0,0
FKFHLE_10920 preprotein translocase subunit Tim44,Unmatched,0,0,0
FKFHLE_10925 IctB family putative bicarbonate transporter,Unmatched,0,0,0
FKFHLE_10930 Inhibitor-I42 domain-containing protein,Unmatched,0,0,0
FKFHLE_10935 cysteine protease,Unmatched,0,0,0
FKFHLE_10940 hypothetical protein,Unmatched,0,0,0
FKFHLE_10945 magnesium chelatase,Unmatched,0,0,0
FKFHLE_10950 ABC 3 transport family,Unmatched,0,0,0
FKFHLE_10955 thioredoxin-disulfide reductase,Unmatched,0,0,0
FKFHLE_10960 hypothetical protein,Unmatched,0,0,0
FKFHLE_10965 HAD family hydrolase,Unmatched,0,0,0
FKFHLE_10970 hypothetical protein,Unmatched,0,0,0
FKFHLE_10975 DUF262 domain-containing protein,Unmatched,0,0,0
FKFHLE_10980 Putative restriction endonuclease,Unmatched,0,0,0
FKFHLE_10985 multidrug ABC transporter ATP-binding protein,Unmatched,0,0,0
FKFHLE_10990 D-alanyl-D-alanine carboxypeptidase/D-alanyl-D-alanine-endopeptidase,Unmatched,0,0,0
FKFHLE_10995 DUF6761 domain-containing protein,Unmatched,0,0,0
FKFHLE_11000 peptidase M48,Unmatched,0,0,0
FKFHLE_11005 glycosyl transferase,Unmatched,0,0,0
FKFHLE_11010 hypothetical protein,Unmatched,0,0,0
FKFHLE_11015 nickel import ATP-binding protein NikD,Unmatched,0,0,0
FKFHLE_11020 heterocyst frequency control protein PatD,Unmatched,0,0,0
FKFHLE_11025 (p)ppGpp synthetase,Unmatched,0,0,0
FKFHLE_11030 glycosyl transferase family 4,Unmatched,0,0,0
FKFHLE_11035 3-isopropylmalate dehydratase large subunit,Unmatched,0,0,0
FKFHLE_11040 phospholipid carrier-dependent glycosyltransferase,Unmatched,0,0,0
"FKFHLE_11045 9,9'-di-cis-zeta-carotene desaturase",Unmatched,0,0,0
FKFHLE_11050 aldehyde oxygenase (deformylating),Unmatched,0,0,0
FKFHLE_11055 long-chain acyl-[acyl-carrier-protein] reductase,Unmatched,0,0,0
FKFHLE_11060 DUF58 domain-containing protein,Unmatched,0,0,0
FKFHLE_11065 Bacterial small signal recognition particle RNA,Unmatched,0,0,0
FKFHLE_11070 MFS transporter,Unmatched,0,0,0
FKFHLE_11075 hypothetical protein,Unmatched,0,0,0
FKFHLE_11080 formyltetrahydrofolate deformylase,Unmatched,0,0,0
FKFHLE_11085 (Fe-S)-binding protein,Unmatched,0,0,0
FKFHLE_11090 hypothetical protein,Unmatched,0,0,0
FKFHLE_11095 ribonuclease H,Unmatched,0,0,0
FKFHLE_11100 AI-2E family transporter,Unmatched,0,0,0
FKFHLE_11105 tRNA-Ala(ggc),Unmatched,0,0,0
FKFHLE_11110 hypothetical protein,Unmatched,0,0,0
FKFHLE_11115 Imidazole glycerol phosphate synthase subunit HisF,Unmatched,0,0,0
FKFHLE_11120 Holliday junction branch migration DNA helicase RuvB,Unmatched,0,0,0
FKFHLE_11125 RNA polymerase subunit sigma,Unmatched,0,0,0
FKFHLE_11130 aminotransferase,Unmatched,0,0,0
FKFHLE_11135 hypothetical protein,Unmatched,0,0,0
"FKFHLE_11140 RNA polymerase sigma factor, RpoD/SigA family",Unmatched,0,0,0
FKFHLE_11145 primosomal protein N',Unmatched,0,0,0
FKFHLE_11150 DUF4351 domain-containing protein,Unmatched,0,0,0
FKFHLE_11155 TIGR03792 family protein,Unmatched,0,0,0
"FKFHLE_11160 cobyrinic acid a,c-diamide synthase",Unmatched,0,0,0
FKFHLE_11165 metallophosphoesterase,Unmatched,0,0,0
FKFHLE_11170 peptidase C15,Unmatched,0,0,0
FKFHLE_11175 hypothetical protein,Unmatched,0,0,0
FKFHLE_11180 hypothetical protein,Unmatched,0,0,0
FKFHLE_11185 Uma2 family endonuclease,Unmatched,0,0,0
FKFHLE_11190 aspartate aminotransferase family protein,Unmatched,0,0,0
FKFHLE_11195 potassium channel protein,Unmatched,0,0,0
"FKFHLE_11200 nucleic-acid-binding protein, contains PIN domain protein",Unmatched,0,0,0
FKFHLE_11205 PIN domain-containing protein,Unmatched,0,0,0
FKFHLE_11210 hypothetical protein,Unmatched,0,0,0
FKFHLE_11215 biotin--protein ligase,Unmatched,0,0,0
FKFHLE_11220 YbjN domain-containing protein,Unmatched,0,0,0
FKFHLE_11225 TetR/AcrR family transcriptional regulator,Unmatched,0,0,0
FKFHLE_11230 RNA methyltransferase,Unmatched,0,0,0
FKFHLE_11235 malate dehydrogenase,Unmatched,0,0,0
FKFHLE_11240 NAD(P)H-quinone oxidoreductase subunit O,Unmatched,0,0,0
FKFHLE_11245 uracil phosphoribosyltransferase,Unmatched,0,0,0
FKFHLE_11250 hypothetical protein,Unmatched,0,0,0
FKFHLE_11255 DDE-3 domain-containing protein,Unmatched,0,0,0
FKFHLE_11260 hypothetical protein,Unmatched,0,0,0
FKFHLE_11265 Chromosome partition protein Smc,Unmatched,0,0,0
FKFHLE_11270 anticodon-binding protein,Unmatched,0,0,0
FKFHLE_11275 hypothetical protein,Unmatched,0,0,0
FKFHLE_11280 Serine/threonine-protein kinase B,Unmatched,0,0,0
FKFHLE_11285 transglutaminase,Unmatched,0,0,0
FKFHLE_11290 A putative alpha-helical domain with a conserved ER motif,Unmatched,0,0,0
FKFHLE_11295 Circularly permuted ATP-grasp type 2,Unmatched,0,0,0
FKFHLE_11300 cytochrome b6,Unmatched,0,0,0
FKFHLE_11305 cytochrome b6-f complex subunit IV,Unmatched,0,0,0
FKFHLE_11310 phytoene/squalene synthase family protein,Unmatched,0,0,0
FKFHLE_11315 hypothetical protein,Unmatched,0,0,0
FKFHLE_11320 hypothetical protein,Unmatched,0,0,0
FKFHLE_11325 pilus motility taxis protein HmpF,Unmatched,0,0,0
FKFHLE_11330 chemotaxis protein CheW,Unmatched,0,0,0
FKFHLE_11335 chemotaxis protein,Unmatched,0,0,0
FKFHLE_11340 glycosyltransferase,Unmatched,0,0,0
FKFHLE_11345 serine/threonine protein kinase,Unmatched,0,0,0
FKFHLE_11350 GAF domain-containing protein,Unmatched,0,0,0
"FKFHLE_11355 cobyrinate a,c-diamide synthase",Unmatched,0,0,0
FKFHLE_11360 hypothetical protein,Unmatched,0,0,0
"FKFHLE_11365 Carbohydrate-selective porin, OprB family",Unmatched,0,0,0
FKFHLE_11370 peptidase,Unmatched,0,0,0
FKFHLE_11375 homoserine dehydrogenase,Unmatched,0,0,0
FKFHLE_11380 glycolate oxidase,Unmatched,0,0,0
FKFHLE_11385 FAD-binding oxidoreductase,Unmatched,0,0,0
FKFHLE_11390 hypothetical protein,Unmatched,0,0,0
FKFHLE_11395 molecular chaperone DnaJ,Unmatched,0,0,0
FKFHLE_11400 TVP38/TMEM64 family protein,Unmatched,0,0,0
FKFHLE_11405 glycogen-debranching protein,Unmatched,0,0,0
FKFHLE_11410 glycogen-debranching protein,Unmatched,0,0,0
FKFHLE_11415 chitinase,Unmatched,0,0,0
FKFHLE_11420 DUF29 domain-containing protein,Unmatched,0,0,0
FKFHLE_11425 Similar to tr|A2FNC4|A2FNC4_TRIVA Variable membrane protein,Unmatched,0,0,0
FKFHLE_11430 hypothetical protein,Unmatched,0,0,0
FKFHLE_11435 hypothetical protein,Unmatched,0,0,0
FKFHLE_11440 hypothetical protein,Unmatched,0,0,0
FKFHLE_11445 hypothetical protein,Unmatched,0,0,0
FKFHLE_11450 stem cell self-renewal protein Piwi,Unmatched,0,0,0
FKFHLE_11455 PDDEXK-1 domain-containing protein,Unmatched,0,0,0
FKFHLE_11460 XRE family transcriptional regulator,Unmatched,0,0,0
FKFHLE_11465 IrrE N-terminal-like domain-containing protein,Unmatched,0,0,0
FKFHLE_11470 LysR family transcriptional regulator,Unmatched,0,0,0
FKFHLE_11475 YqeG family HAD IIIA-type phosphatase,Unmatched,0,0,0
FKFHLE_11480 SAM-dependent methyltransferase,Unmatched,0,0,0
FKFHLE_11485 ferrochelatase,Unmatched,0,0,0
FKFHLE_11490 cytochrome-c oxidase,Unmatched,0,0,0
FKFHLE_11495 peptide chain release factor 2,Unmatched,0,0,0
FKFHLE_11500 hypothetical protein,Unmatched,0,0,0
FKFHLE_11505 hypothetical protein,Unmatched,0,0,0
FKFHLE_11510 type II toxin-antitoxin system ParD family antitoxin,Unmatched,0,0,0
FKFHLE_11515 UDP-N-acetylmuramoyl-L-alanine--D-glutamate ligase,Unmatched,0,0,0
FKFHLE_11520 GHL10 domain-containing protein,Unmatched,0,0,0
FKFHLE_11525 30S ribosomal protein S21,Unmatched,0,0,0
FKFHLE_11530 RNA pseudouridine synthase,Unmatched,0,0,0
FKFHLE_11535 cysteine desulfurase,Unmatched,0,0,0
FKFHLE_11540 Fe-S cluster assembly protein SufD,Unmatched,0,0,0
FKFHLE_11545 Fe-S cluster assembly ATPase SufC,Unmatched,0,0,0
FKFHLE_11550 Fe-S cluster assembly protein SufB,Unmatched,0,0,0
FKFHLE_11555 iron-sulfur cluster biosynthesis transcriptional regulator SufR,Unmatched,0,0,0
FKFHLE_11560 Uma2 family endonuclease,Unmatched,0,0,0
FKFHLE_11565 CPBP family intramembrane metalloprotease domain-containing protein,Unmatched,0,0,0
FKFHLE_11570 glycosyltransferase WbuB,Unmatched,0,0,0
FKFHLE_11575 phosphoribosylamine--glycine ligase,Unmatched,0,0,0
FKFHLE_11580 UDP-N-acetylmuramoyl-tripeptide--D-alanyl-D-alanine ligase,Unmatched,0,0,0
FKFHLE_11585 hypothetical protein,Unmatched,0,0,0
FKFHLE_11590 protoporphyrinogen oxidase HemJ,Unmatched,0,0,0
FKFHLE_11595 helicase,Unmatched,0,0,0
FKFHLE_11600 transcription antitermination factor NusB,Unmatched,0,0,0
FKFHLE_11605 adenylate cyclase,Unmatched,0,0,0
FKFHLE_11610 lactoylglutathione lyase,Unmatched,0,0,0
FKFHLE_11615 Prepilin-type N-terminal cleavage/methylation domain protein,Unmatched,0,0,0
FKFHLE_11620 anthranilate synthase component I,Unmatched,0,0,0
FKFHLE_11625 Photosystem I reaction center subunit II,Unmatched,0,0,0
FKFHLE_11630 iron ABC transporter permease,Unmatched,0,0,0
FKFHLE_11635 Zn-dependent hydrolase,Unmatched,0,0,0
FKFHLE_11640 NUDIX hydrolase,Unmatched,0,0,0
FKFHLE_11645 peptidase S41,Unmatched,0,0,0
FKFHLE_11650 recombination mediator RecR,Unmatched,0,0,0
FKFHLE_11655 hypothetical protein,Unmatched,0,0,0
FKFHLE_11660 biosynthetic arginine decarboxylase,Unmatched,0,0,0
FKFHLE_11665 cyanase,Unmatched,0,0,0
FKFHLE_11670 NAD(P)H-dependent oxidoreductase,Unmatched,0,0,0
FKFHLE_11675 hypothetical protein,Unmatched,0,0,0
FKFHLE_11680 sodium:solute symporter,Unmatched,0,0,0
FKFHLE_11685 hypothetical protein,Unmatched,0,0,0
FKFHLE_11690 hypothetical protein,Unmatched,0,0,0
FKFHLE_11695 Chromophore lyase CpcT/CpeT 2,Unmatched,0,0,0
FKFHLE_11700 peptidase S51,Unmatched,0,0,0
FKFHLE_11705 polyamine ABC transporter substrate-binding protein,Unmatched,0,0,0
FKFHLE_11710 site-2 protease family protein,Unmatched,0,0,0
FKFHLE_11715 Holliday junction branch migration protein RuvA,Unmatched,0,0,0
FKFHLE_11720 Allophycocyanin alpha chain,Unmatched,0,0,0
FKFHLE_11725 allophycocyanin subunit beta,Unmatched,0,0,0
FKFHLE_11730 photosystem I reaction center subunit XII,Unmatched,0,0,0
FKFHLE_11735 peptide-methionine (R)-S-oxide reductase,Unmatched,0,0,0
FKFHLE_11740 Transposase,Unmatched,0,0,0
FKFHLE_11745 DUF2281 domain-containing protein,Unmatched,0,0,0
FKFHLE_11750 PIN domain nuclease,Unmatched,0,0,0
FKFHLE_11755 serine/threonine protein kinase,Unmatched,0,0,0
FKFHLE_11760 molecular chaperone DnaJ,Unmatched,0,0,0
FKFHLE_11765 HNHc domain-containing protein,Unmatched,0,0,0
FKFHLE_11770 hypothetical protein,Unmatched,0,0,0
FKFHLE_11775 PIN domain nuclease,Unmatched,0,0,0
FKFHLE_11780 antitoxin,Unmatched,0,0,0
FKFHLE_11785 XisI protein,Unmatched,0,0,0
FKFHLE_11790 fatty-acid synthase,Unmatched,0,0,0
FKFHLE_11795 DUF1349 domain-containing protein,Unmatched,0,0,0
FKFHLE_11800 hypothetical protein,Unmatched,0,0,0
FKFHLE_11805 hypothetical protein,Unmatched,0,0,0
FKFHLE_11810 Similarity,Unmatched,0,0,0
FKFHLE_11815 HNH endonuclease,Unmatched,0,0,0
FKFHLE_11820 DNA phosphorothioation system sulfurtransferase DndC,Unmatched,0,0,0
FKFHLE_11825 D-alanyl-D-alanine dipeptidase,Unmatched,0,0,0
FKFHLE_11830 Response regulatory domain-containing protein,Unmatched,0,0,0
FKFHLE_11835 DNA topoisomerase,Unmatched,0,0,0
FKFHLE_11840 DUF218 domain-containing protein,Unmatched,0,0,0
FKFHLE_11845 K(+)-transporting ATPase subunit C,Unmatched,0,0,0
FKFHLE_11850 DNA (cytosine-5-)-methyltransferase,Unmatched,0,0,0
FKFHLE_11855 potassium-transporting ATPase subunit KdpB,Unmatched,0,0,0
FKFHLE_11860 potassium-transporting ATPase subunit KdpA,Unmatched,0,0,0
FKFHLE_11865 NADH-quinone oxidoreductase subunit M,Unmatched,0,0,0
FKFHLE_11870 type I restriction-modification system subunit M,Unmatched,0,0,0
FKFHLE_11875 hypothetical protein,Unmatched,0,0,0
FKFHLE_11880 Restriction endonuclease subunit S,Unmatched,0,0,0
"FKFHLE_11885 Death on curing protein, Doc toxin",Unmatched,0,0,0
FKFHLE_11890 DNA polymerase subunit beta,Unmatched,0,0,0
FKFHLE_11895 Ribonuclease HepT-like,Unmatched,0,0,0
FKFHLE_11900 hypothetical protein,Unmatched,0,0,0
FKFHLE_11905 restriction endonuclease subunit R,Unmatched,0,0,0
FKFHLE_11910 M48 family peptidase,Unmatched,0,0,0
FKFHLE_11915 2-succinylbenzoate-CoA ligase,Unmatched,0,0,0
FKFHLE_11920 o-succinylbenzoate synthase,Unmatched,0,0,0
FKFHLE_11925 bifunctional hydroxymethylpyrimidine kinase/phosphomethylpyrimidine kinase,Unmatched,0,0,0
FKFHLE_11930 cell division protein FtsZ,Unmatched,0,0,0
FKFHLE_11935 cell division protein,Unmatched,0,0,0
FKFHLE_11940 Transposase,Unmatched,0,0,0
FKFHLE_11945 hypothetical protein,Unmatched,0,0,0
FKFHLE_11950 UPF0182 protein MAE_41360,Unmatched,0,0,0
FKFHLE_11955 Hypothetical glycosyl hydrolase 6,Unmatched,0,0,0
FKFHLE_11960 ABC transporter substrate-binding protein,Unmatched,0,0,0
FKFHLE_11965 proline hydroxylase,Unmatched,0,0,0
FKFHLE_11970 transketolase,Unmatched,0,0,0
FKFHLE_11975 sugar ABC transporter substrate-binding protein,Unmatched,0,0,0
FKFHLE_11980 Similarity,Unmatched,0,0,0
FKFHLE_11985 aldo/keto reductase,Unmatched,0,0,0
FKFHLE_11990 Uncharacterized protein alr1449,Unmatched,0,0,0
FKFHLE_11995 S15 family X-Pro dipeptidyl-peptidase,Unmatched,0,0,0
FKFHLE_12000 ABC-F type ribosomal protection protein,Unmatched,0,0,0
FKFHLE_12005 peroxiredoxin,Unmatched,0,0,0
FKFHLE_12010 Macrophage migration inhibitory factor (MIF),Unmatched,0,0,0
FKFHLE_12015 DUF4332 domain-containing protein,Unmatched,0,0,0
FKFHLE_12020 Similar to tr|P73143|P73143,Unmatched,0,0,0
FKFHLE_12025 hypothetical protein,Unmatched,0,0,0
FKFHLE_12030 ATP-dependent RNA helicase,Unmatched,0,0,0
FKFHLE_12035 30S ribosomal protein S12 methylthiotransferase RimO,Unmatched,0,0,0
FKFHLE_12040 phosphorybosylanthranilate isomerase,Unmatched,0,0,0
FKFHLE_12045 VKc domain-containing protein,Unmatched,0,0,0
FKFHLE_12050 hypothetical protein,Unmatched,0,0,0
FKFHLE_12055 DNA (cytosine-5-)-methyltransferase,Unmatched,0,0,0
FKFHLE_12060 magnesium-protoporphyrin IX monomethyl ester (oxidative) cyclase,Unmatched,0,0,0
FKFHLE_12065 hypothetical protein,Unmatched,0,0,0
FKFHLE_12070 zinc ribbon domain-containing protein,Unmatched,0,0,0
FKFHLE_12075 AAA-like domain-containing protein,Unmatched,0,0,0
FKFHLE_12080 hypothetical protein,Unmatched,0,0,0
FKFHLE_12085 Glucokinase,Unmatched,0,0,0
FKFHLE_12090 hypothetical protein,Unmatched,0,0,0
FKFHLE_12095 Phosphocholine transferase AnkX,Unmatched,0,0,0
FKFHLE_12100 Stp1/IreP family PP2C-type Ser/Thr phosphatase,Unmatched,0,0,0
FKFHLE_12105 Transposase,Unmatched,0,0,0
"FKFHLE_12110 Transposase, IS605 OrfB family",Unmatched,0,0,0
"FKFHLE_12115 putative protein kinase regulating ubiquinone biosynthesis, AarF/ABC1/UbiB family",Unmatched,0,0,0
FKFHLE_12120 Thylakoid protein sll1769,Unmatched,0,0,0
FKFHLE_12125 branched-chain amino acid ABC transporter substrate-binding protein,Unmatched,0,0,0
FKFHLE_12130 Txe/YoeB family addiction module toxin,Unmatched,0,0,0
FKFHLE_12135 Similarity,Unmatched,0,0,0
FKFHLE_12140 hypothetical protein,Unmatched,0,0,0
FKFHLE_12145 photosystem II chlorophyll-binding protein CP47,Unmatched,0,0,0
FKFHLE_12150 photosystem II reaction center protein J,Unmatched,0,0,0
FKFHLE_12155 photosystem II reaction center protein L,Unmatched,0,0,0
FKFHLE_12160 cytochrome b559 subunit beta,Unmatched,0,0,0
FKFHLE_12165 cytochrome b559 subunit alpha,Unmatched,0,0,0
FKFHLE_12170 photosynthesis system II assembly factor Ycf48,Unmatched,0,0,0
FKFHLE_12175 rubredoxin,Unmatched,0,0,0
FKFHLE_12180 cytochrome B6,Unmatched,0,0,0
FKFHLE_12185 DNA methyltransferase,Unmatched,0,0,0
FKFHLE_12190 SrpM,Unmatched,0,0,0
FKFHLE_12195 PemK family transcriptional regulator,Unmatched,0,0,0
FKFHLE_12200 peptidase,Unmatched,0,0,0
FKFHLE_12205 tRNA-Met(cat),Unmatched,0,0,0
FKFHLE_12210 SAM-dependent methyltransferase,Unmatched,0,0,0
FKFHLE_12215 DUF4277 domain-containing protein,Unmatched,0,0,0
FKFHLE_12220 twin-arginine translocase subunit TatC,Unmatched,0,0,0
FKFHLE_12225 Similar to tr/Q8Z0F8/Q8Z0F8,Unmatched,0,0,0
FKFHLE_12230 chlorophyll a/b binding light-harvesting protein,Unmatched,0,0,0
FKFHLE_12235 Antisense RNA which regulates isiA expression,Unmatched,0,0,0
FKFHLE_12240 flavodoxin FldA,Unmatched,0,0,0
FKFHLE_12245 AB hydrolase-1 domain-containing protein,Unmatched,0,0,0
FKFHLE_12250 hypothetical protein,Unmatched,0,0,0
FKFHLE_12255 threonine--tRNA ligase,Unmatched,0,0,0
FKFHLE_12260 cobalamin biosynthesis protein CobW,Unmatched,0,0,0
FKFHLE_12265 CobW C-terminal domain-containing protein,Unmatched,0,0,0
FKFHLE_12270 metallophosphatase family protein,Unmatched,0,0,0
FKFHLE_12275 metallophosphatase,Unmatched,0,0,0
FKFHLE_12280 SAM-dependent methyltransferase,Unmatched,0,0,0
FKFHLE_12285 FeoC domain-containing protein,Unmatched,0,0,0
FKFHLE_12290 Fe(2+) transporter permease subunit FeoB,Unmatched,0,0,0
FKFHLE_12295 ferrous iron transport protein A,Unmatched,0,0,0
FKFHLE_12300 nickel import ATP-binding protein NikD,Unmatched,0,0,0
FKFHLE_12305 energy-coupling factor ABC transporter permease,Unmatched,0,0,0
FKFHLE_12310 energy-coupling factor ABC transporter substrate-binding protein,Unmatched,0,0,0
FKFHLE_12315 cobalt ECF transporter T component CbiQ,Unmatched,0,0,0
FKFHLE_12320 cobalt ABC transporter ATP-binding protein,Unmatched,0,0,0
FKFHLE_12325 amidase,Unmatched,0,0,0
FKFHLE_12330 bifunctional pyr operon transcriptional regulator/uracil phosphoribosyltransferase PyrR,Unmatched,0,0,0
FKFHLE_12335 endonuclease/exonuclease/phosphatase,Unmatched,0,0,0
FKFHLE_12340 hypothetical protein,Unmatched,0,0,0
"FKFHLE_12345 Gamma-glutamyl cyclotransferase, AIG2-like",Unmatched,0,0,0
FKFHLE_12350 aldo/keto reductase,Unmatched,0,0,0
"FKFHLE_12355 Anacyclamide synthesis AcyG domain protein, partial",Unmatched,0,0,0
FKFHLE_12365 DUF5615 domain-containing protein,Unmatched,0,0,0
FKFHLE_12370 hypothetical protein,Unmatched,0,0,0
FKFHLE_12375 nuclease,Unmatched,0,0,0
FKFHLE_12380 hypothetical protein,Unmatched,0,0,0
FKFHLE_12385 ATP-dependent zinc metalloprotease FtsH3,Unmatched,0,0,0
FKFHLE_12390 RNA polymerase subunit sigma-70,Unmatched,0,0,0
FKFHLE_12395 hypothetical protein,Unmatched,0,0,0
FKFHLE_12400 nucleotide cyclase,Unmatched,0,0,0
"FKFHLE_12405 TPR domain protein, putative component of TonB system",Unmatched,0,0,0
FKFHLE_12410 hypothetical protein,Unmatched,0,0,0
FKFHLE_12415 hypothetical protein,Unmatched,0,0,0
FKFHLE_12420 hypothetical protein,Unmatched,0,0,0
FKFHLE_12425 hypothetical protein,Unmatched,0,0,0
FKFHLE_12430 HicB family protein,Unmatched,0,0,0
FKFHLE_12435 hypothetical protein,Unmatched,0,0,0
FKFHLE_12440 3-oxoacyl-ACP synthase,Unmatched,0,0,0
FKFHLE_12445 Protein kinase domain-containing protein,Unmatched,0,0,0
FKFHLE_12450 Nucleotidyltransferase domain-containing protein,Unmatched,0,0,0
FKFHLE_12455 DUF86 domain-containing protein,Unmatched,0,0,0
FKFHLE_12460 type II toxin-antitoxin system HicB family antitoxin,Unmatched,0,0,0
FKFHLE_12465 hypothetical protein,Unmatched,0,0,0
FKFHLE_12470 porin,Unmatched,0,0,0
"FKFHLE_12475 2,3-bisphosphoglycerate-independent phosphoglycerate mutase",Unmatched,0,0,0
FKFHLE_12480 hypothetical protein,Unmatched,0,0,0
FKFHLE_12485 type II toxin-antitoxin system RelE/ParE family toxin,Unmatched,0,0,0
FKFHLE_12490 preprotein translocase subunit SecG,Unmatched,0,0,0
FKFHLE_12495 peptidase,Unmatched,0,0,0
FKFHLE_12500 hypothetical protein,Unmatched,0,0,0
FKFHLE_12505 Methylase-S domain-containing protein,Unmatched,0,0,0
FKFHLE_12510 heavy metal transporter,Unmatched,0,0,0
FKFHLE_12515 aspartate aminotransferase,Unmatched,0,0,0
FKFHLE_12520 CHP1784-containing protein,Unmatched,0,0,0
FKFHLE_12525 DUF3067 domain-containing protein,Unmatched,0,0,0
FKFHLE_12530 elongation factor P,Unmatched,0,0,0
FKFHLE_12535 acetyl-CoA carboxylase biotin carboxyl carrier protein,Unmatched,0,0,0
FKFHLE_12540 alcohol dehydrogenase,Unmatched,0,0,0
FKFHLE_12545 ATP-dependent Clp protease proteolytic subunit,Unmatched,0,0,0
FKFHLE_12550 ATP-dependent Clp protease proteolytic subunit,Unmatched,0,0,0
FKFHLE_12555 Sulfate adenylyltransferase,Unmatched,0,0,0
FKFHLE_12560 hemolysin,Unmatched,0,0,0
FKFHLE_12565 oxidoreductase,Unmatched,0,0,0
FKFHLE_12570 4-hydroxyphenylpyruvate dioxygenase,Unmatched,0,0,0
FKFHLE_12575 aspartyl protease,Unmatched,0,0,0
FKFHLE_12580 histidine triad nucleotide-binding protein,Unmatched,0,0,0
FKFHLE_12585 magnesium chelatase,Unmatched,0,0,0
FKFHLE_12590 hypothetical protein,Unmatched,0,0,0
FKFHLE_12595 hypothetical protein,Unmatched,0,0,0
FKFHLE_12600 pseudouridine synthase,Unmatched,0,0,0
FKFHLE_12605 ABC transporter permease,Unmatched,0,0,0
FKFHLE_12610 Magnesium and cobalt efflux protein CorC,Unmatched,0,0,0
FKFHLE_12615 glycosyl hydrolase family 57,Unmatched,0,0,0
FKFHLE_12620 Cobalt-precorrin-5A hydrolase,Unmatched,0,0,0
FKFHLE_12625 Lipid-A-disaccharide synthase,Unmatched,0,0,0
FKFHLE_12630 alpha/beta hydrolase,Unmatched,0,0,0
FKFHLE_12635 alpha/beta hydrolase,Unmatched,0,0,0
FKFHLE_12640 chorismate mutase,Unmatched,0,0,0
FKFHLE_12645 signal peptide peptidase SppA,Unmatched,0,0,0
FKFHLE_12650 DUF4160 domain-containing protein,Unmatched,0,0,0
FKFHLE_12655 HTH cro/C1-type domain-containing protein,Unmatched,0,0,0
FKFHLE_12660 NAD-dependent DNA ligase LigA,Unmatched,0,0,0
FKFHLE_12665 Uma2 family endonuclease,Unmatched,0,0,0
FKFHLE_12670 hypothetical protein,Unmatched,0,0,0
FKFHLE_12675 Uma2 family endonuclease,Unmatched,0,0,0
FKFHLE_12680 Xaa-Pro aminopeptidase,Unmatched,0,0,0
FKFHLE_12685 hypothetical protein,Unmatched,0,0,0
FKFHLE_12690 Phenazine biosynthesis-like protein,Unmatched,0,0,0
FKFHLE_12695 hypothetical protein,Unmatched,0,0,0
FKFHLE_12700 anhydro-N-acetylmuramic acid kinase,Unmatched,0,0,0
FKFHLE_12705 sulfur carrier protein ThiS,Unmatched,0,0,0
FKFHLE_12710 thiamine phosphate synthase,Unmatched,0,0,0
FKFHLE_12715 IS607 family transposase,Unmatched,0,0,0
FKFHLE_12720 bifunctional phosphoribosyl-AMP cyclohydrolase/phosphoribosyl-ATP diphosphatase HisIE,Unmatched,0,0,0
FKFHLE_12725 NAD(P)/FAD-dependent oxidoreductase,Unmatched,0,0,0
FKFHLE_12730 dTMP kinase,Unmatched,0,0,0
FKFHLE_12735 thymidylate synthase,Unmatched,0,0,0
FKFHLE_12740 DUF4278 domain-containing protein,Unmatched,0,0,0
FKFHLE_12745 Photosynthesis regulatory RNA1,Unmatched,0,0,0
FKFHLE_12750 ATP-binding protein,Unmatched,0,0,0
FKFHLE_12755 ABC transporter permease,Unmatched,0,0,0
FKFHLE_12760 ABC transporter ATP-binding protein,Unmatched,0,0,0
"FKFHLE_12765 L,D-transpeptidase",Unmatched,0,0,0
FKFHLE_12770 hypothetical protein,Unmatched,0,0,0
FKFHLE_12775 Conserved protein,Unmatched,0,0,0
FKFHLE_12780 hypothetical protein,Unmatched,0,0,0
FKFHLE_12785 Putative restriction endonuclease,Unmatched,0,0,0
FKFHLE_12790 DUF1350 domain-containing protein,Unmatched,0,0,0
FKFHLE_12795 two-component system response regulator,Unmatched,0,0,0
FKFHLE_12800 Photosynthesis regulatory RNA1,Unmatched,0,0,0
FKFHLE_12805 peptidase S8,Unmatched,0,0,0
FKFHLE_12810 glyoxalase,Unmatched,0,0,0
FKFHLE_12815 5-histidylcysteine sulfoxide synthase,Unmatched,0,0,0
FKFHLE_12820 L-histidine N(alpha)-methyltransferase,Unmatched,0,0,0
FKFHLE_12825 hypothetical protein,Unmatched,0,0,0
FKFHLE_12830 DUF3177 domain-containing protein,Unmatched,0,0,0
FKFHLE_12835 CP12 domain-containing protein,Unmatched,0,0,0
FKFHLE_12840 hypothetical protein,Unmatched,0,0,0
FKFHLE_12845 hypothetical protein,Unmatched,0,0,0
FKFHLE_12850 plasmid stabilization protein,Unmatched,0,0,0
FKFHLE_12855 hypothetical protein,Unmatched,0,0,0
FKFHLE_12860 Similarity,Unmatched,0,0,0
FKFHLE_12865 lytic murein transglycosylase,Unmatched,0,0,0
FKFHLE_12870 Tetratricopeptide TPR_2,Unmatched,0,0,0
FKFHLE_12875 fatty acid desaturase,Unmatched,0,0,0
FKFHLE_12880 Serine/threonine-protein kinase B,Unmatched,0,0,0
"FKFHLE_12885 UDP-N-acetylmuramoyl-L-alanyl-D-glutamate--2,6-diaminopimelate ligase",Unmatched,0,0,0
FKFHLE_12890 DUF4079 domain-containing protein,Unmatched,0,0,0
FKFHLE_12895 EF-hand domain-containing protein,Unmatched,0,0,0
FKFHLE_12900 glycosyl transferase 2 family protein,Unmatched,0,0,0
FKFHLE_12905 hypothetical protein,Unmatched,0,0,0
FKFHLE_12910 NUDIX hydrolase,Unmatched,0,0,0
FKFHLE_12915 30S ribosomal protein S14,Unmatched,0,0,0
FKFHLE_12920 Polyribonucleotide nucleotidyltransferase,Unmatched,0,0,0
FKFHLE_12925 peptide chain release factor 1,Unmatched,0,0,0
FKFHLE_12930 transaldolase,Unmatched,0,0,0
FKFHLE_12935 50S ribosomal protein L35,Unmatched,0,0,0
FKFHLE_12940 50S ribosomal protein L20,Unmatched,0,0,0
FKFHLE_12945 phosphate starvation-inducible protein PhoH,Unmatched,0,0,0
FKFHLE_12950 fatty acid desaturase,Unmatched,0,0,0
FKFHLE_12955 VMAP-M9 domain-containing protein,Unmatched,0,0,0
FKFHLE_12960 AAA family ATPase,Unmatched,0,0,0
FKFHLE_12965 sulfatase-modifying factor 1,Unmatched,0,0,0
FKFHLE_12970 Uncharacterised protein family (UPF0175),Unmatched,0,0,0
FKFHLE_12975 Sulfatase-modifying factor 1,Unmatched,0,0,0
"FKFHLE_12980 Phosphate starvation-inducible protein PhoH, putative ATPase",Unmatched,0,0,0
FKFHLE_12985 cysteine synthase A,Unmatched,0,0,0
FKFHLE_12990 16S rRNA (guanine(527)-N(7))-methyltransferase RsmG,Unmatched,0,0,0
FKFHLE_12995 Ca(2+)/H(+) antiporter,Unmatched,0,0,0
FKFHLE_13000 DUF218 domain-containing protein,Unmatched,0,0,0
FKFHLE_13005 site-2 protease family protein,Unmatched,0,0,0
FKFHLE_13010 MBL fold metallo-hydrolase,Unmatched,0,0,0
FKFHLE_13015 thiamine-phosphate kinase,Unmatched,0,0,0
FKFHLE_13020 signal recognition particle protein,Unmatched,0,0,0
FKFHLE_13025 hypothetical protein,Unmatched,0,0,0
FKFHLE_13030 magnesium/cobalt transporter CorA,Unmatched,0,0,0
FKFHLE_13035 recombinase family protein,Unmatched,0,0,0
FKFHLE_13040 histidine kinase,Unmatched,0,0,0
FKFHLE_13045 precorrin-3B C(17)-methyltransferase,Unmatched,0,0,0
FKFHLE_13050 Uma2 family endonuclease,Unmatched,0,0,0
FKFHLE_13055 hypothetical protein,Unmatched,0,0,0
FKFHLE_13060 DUF29 domain-containing protein,Unmatched,0,0,0
FKFHLE_13065 NACHT domain-containing protein,Unmatched,0,0,0
FKFHLE_13070 hypothetical protein,Unmatched,0,0,0
FKFHLE_13075 DUF5615 domain-containing protein,Unmatched,0,0,0
FKFHLE_13080 septal ring lytic transglycosylase RlpA family lipoprotein,Unmatched,0,0,0
FKFHLE_13085 ABC transporter ATP-binding protein,Unmatched,0,0,0
FKFHLE_13090 NAD(P)H-quinone oxidoreductase chain 4 2,Unmatched,0,0,0
FKFHLE_13095 DNA (cytosine-5-)-methyltransferase,Unmatched,0,0,0
FKFHLE_13100 HpaII family restriction endonuclease,Unmatched,0,0,0
FKFHLE_13105 hypothetical protein,Unmatched,0,0,0
FKFHLE_13110 tRNA (uridine(34)/cytosine(34)/5-carboxymethylaminomethyluridine(34)-2'-O)-methyltransferase TrmL,Unmatched,0,0,0
FKFHLE_13115 prepilin-type cleavage/methylation domain-containing protein,Unmatched,0,0,0
FKFHLE_13120 4a-hydroxytetrahydrobiopterin dehydratase,Unmatched,0,0,0
FKFHLE_13125 chromosome partitioning protein ParA,Unmatched,0,0,0
FKFHLE_13130 ferredoxin:protochlorophyllide reductase (ATP-dependent) subunit B,Unmatched,0,0,0
FKFHLE_13135 Putative S-adenosyl-L-methionine-dependent methyltransferase,Unmatched,0,0,0
FKFHLE_13140 lipoyl synthase,Unmatched,0,0,0
FKFHLE_13145 mechanosensitive ion channel family protein,Unmatched,0,0,0
FKFHLE_13150 Grx4 family monothiol glutaredoxin,Unmatched,0,0,0
FKFHLE_13155 DNA polymerase III subunit gamma/tau,Unmatched,0,0,0
FKFHLE_13160 nitrate reductase catalytic subunit,Unmatched,0,0,0
FKFHLE_13165 ATPase,Unmatched,0,0,0
FKFHLE_13170 hypothetical protein,Unmatched,0,0,0
FKFHLE_13175 Nucleic acid-binding protein,Unmatched,0,0,0
FKFHLE_13180 hypothetical protein,Unmatched,0,0,0
FKFHLE_13185 hypothetical protein,Unmatched,0,0,0
FKFHLE_13190 23S rRNA-intervening sequence protein,Unmatched,0,0,0
FKFHLE_13195 response regulator,Unmatched,0,0,0
FKFHLE_13200 circadian clock protein KaiB,Unmatched,0,0,0
FKFHLE_13205 signal peptidase I,Unmatched,0,0,0
FKFHLE_13210 glutathione S-transferase,Unmatched,0,0,0
FKFHLE_13215 glutathione S-transferase,Unmatched,0,0,0
FKFHLE_13220 chorismate lyase,Unmatched,0,0,0
FKFHLE_13225 hydantoinase,Unmatched,0,0,0
FKFHLE_13230 oxidoreductase,Unmatched,0,0,0
FKFHLE_13235 VapC toxin family PIN domain ribonuclease,Unmatched,0,0,0
FKFHLE_13240 DUF2281 domain-containing protein,Unmatched,0,0,0
FKFHLE_13245 adenosine deaminase,Unmatched,0,0,0
FKFHLE_13250 restriction endonuclease,Unmatched,0,0,0
FKFHLE_13255 S-2TMBeta domain-containing protein,Unmatched,0,0,0
FKFHLE_13260 Gluconokinase,Unmatched,0,0,0
FKFHLE_13265 hypothetical protein,Unmatched,0,0,0
FKFHLE_13270 ethanolamine utilization microcompartment protein EutM,Unmatched,0,0,0
FKFHLE_13275 RuBisCO accumulation factor 1,Unmatched,0,0,0
FKFHLE_13280 polysaccharide pyruvyl transferase CsaB,Unmatched,0,0,0
FKFHLE_13285 hypothetical protein,Unmatched,0,0,0
FKFHLE_13290 hypothetical protein,Unmatched,0,0,0
FKFHLE_13295 DUF4282 domain-containing protein,Unmatched,0,0,0
FKFHLE_13300 pentapeptide repeat-containing protein,Unmatched,0,0,0
FKFHLE_13305 hypothetical protein,Unmatched,0,0,0
FKFHLE_13310 GUN4 domain-containing protein,Unmatched,0,0,0
FKFHLE_13315 serine protease,Unmatched,0,0,0
FKFHLE_13320 Circadian oscillating protein COP23,Unmatched,0,0,0
FKFHLE_13325 SpkC protein,Unmatched,0,0,0
FKFHLE_13330 ribosome recycling factor,Unmatched,0,0,0
FKFHLE_13335 UMP kinase,Unmatched,0,0,0
FKFHLE_13340 hypothetical protein,Unmatched,0,0,0
FKFHLE_13345 Arginine decarboxylase,Unmatched,0,0,0
FKFHLE_13350 serine/threonine protein kinase,Unmatched,0,0,0
FKFHLE_13385 hypothetical protein,Unmatched,0,0,0
FKFHLE_13390 hypothetical protein,Unmatched,0,0,0
FKFHLE_13395 dethiobiotin synthase,Unmatched,0,0,0
FKFHLE_13400 Site-specific DNA-methyltransferase (adenine-specific),Unmatched,0,0,0
FKFHLE_13415 hypothetical protein,Unmatched,0,0,0
FKFHLE_13430 diflavin flavoprotein A,Unmatched,0,0,0
FKFHLE_13435 hypothetical protein,Unmatched,0,0,0
FKFHLE_13440 M10 family metallopeptidase C-terminal domain-containing protein,Unmatched,0,0,0
FKFHLE_13445 Alkaline phosphatase,Unmatched,0,0,0
FKFHLE_13450 hypothetical protein,Unmatched,0,0,0
FKFHLE_13455 PIN domain protein,Unmatched,0,0,0
FKFHLE_13460 Radical SAM protein,Unmatched,0,0,0
FKFHLE_13465 [FeFe] hydrogenase H-cluster radical SAM maturase HydE,Unmatched,0,0,0
FKFHLE_13470 ISNCY family transposase,Unmatched,0,0,0
FKFHLE_13475 DMT family transporter,Unmatched,0,0,0
FKFHLE_13480 Class I SAM-dependent methyltransferase,Unmatched,0,0,0
FKFHLE_13485 Methyltransferase domain-containing protein,Unmatched,0,0,0
FKFHLE_13490 hypothetical protein,Unmatched,0,0,0
FKFHLE_13495 hypothetical protein,Unmatched,0,0,0
FKFHLE_13500 PBECR2 domain-containing protein,Unmatched,0,0,0
FKFHLE_13505 glutamine--fructose-6-phosphate transaminase (isomerizing),Unmatched,0,0,0
FKFHLE_13510 adenylate kinase,Unmatched,0,0,0
FKFHLE_13515 preprotein translocase subunit SecY,Unmatched,0,0,0
FKFHLE_13520 50S ribosomal protein L15,Unmatched,0,0,0
FKFHLE_13525 30S ribosomal protein S5,Unmatched,0,0,0
FKFHLE_13530 50S ribosomal protein L18,Unmatched,0,0,0
FKFHLE_13535 50S ribosomal protein L6,Unmatched,0,0,0
FKFHLE_13540 30S ribosomal protein S8,Unmatched,0,0,0
FKFHLE_13545 50S ribosomal protein L5,Unmatched,0,0,0
FKFHLE_13550 50S ribosomal protein L24,Unmatched,0,0,0
FKFHLE_13555 50S ribosomal protein L14,Unmatched,0,0,0
FKFHLE_13560 30S ribosomal protein S17,Unmatched,0,0,0
FKFHLE_13565 50S ribosomal protein L29,Unmatched,0,0,0
FKFHLE_13570 50S ribosomal protein L16,Unmatched,0,0,0
FKFHLE_13575 30S ribosomal protein S3,Unmatched,0,0,0
FKFHLE_13580 50S ribosomal protein L22,Unmatched,0,0,0
FKFHLE_13585 30S ribosomal protein S19,Unmatched,0,0,0
FKFHLE_13590 50S ribosomal protein L2,Unmatched,0,0,0
FKFHLE_13595 50S ribosomal protein L23,Unmatched,0,0,0
FKFHLE_13600 50S ribosomal protein L4,Unmatched,0,0,0
FKFHLE_13605 50S ribosomal protein L3,Unmatched,0,0,0
FKFHLE_13610 Nitrogen regulatory protein P-II,Unmatched,0,0,0
FKFHLE_13615 hypothetical protein,Unmatched,0,0,0
FKFHLE_13620 phosphoribosyltransferase,Unmatched,0,0,0
FKFHLE_13625 DUF1232 domain-containing protein,Unmatched,0,0,0
FKFHLE_13630 prepilin peptidase,Unmatched,0,0,0
FKFHLE_13635 hypothetical protein,Unmatched,0,0,0
"FKFHLE_13640 acetyl-CoA carboxylase, carboxyltransferase subunit beta",Unmatched,0,0,0
FKFHLE_13645 transcriptional repressor,Unmatched,0,0,0
FKFHLE_13650 phosphoribosylformylglycinamidine synthase subunit PurS,Unmatched,0,0,0
FKFHLE_13655 phosphoribosylformylglycinamidine synthase subunit PurQ,Unmatched,0,0,0
FKFHLE_13660 glycosyltransferase family 1 protein,Unmatched,0,0,0
FKFHLE_13665 glycosyl transferase family 1,Unmatched,0,0,0
FKFHLE_13670 HAD family hydrolase,Unmatched,0,0,0
FKFHLE_13675 phosphoheptose isomerase,Unmatched,0,0,0
FKFHLE_13680 dehydrogenase,Unmatched,0,0,0
FKFHLE_13685 D-glycero-D-manno-heptose 1-phosphate guanosyltransferase,Unmatched,0,0,0
FKFHLE_13690 glycosyl transferase family A,Unmatched,0,0,0
FKFHLE_13695 transposase,Unmatched,0,0,0
FKFHLE_13700 hypothetical protein,Unmatched,0,0,0
FKFHLE_13705 bifunctional metallophosphatase/5'-nucleotidase,Unmatched,0,0,0
FKFHLE_13710 leucyl/phenylalanyl-tRNA--protein transferase,Unmatched,0,0,0
FKFHLE_13715 hypothetical protein,Unmatched,0,0,0
FKFHLE_13720 glycosyltransferase,Unmatched,0,0,0
FKFHLE_13725 hypothetical protein,Unmatched,0,0,0
FKFHLE_13735 molecular chaperone DnaJ,Unmatched,0,0,0
FKFHLE_13740 stress-induced bacterial acidophilic repeat motif family protein,Unmatched,0,0,0
FKFHLE_13745 DUF2808 domain-containing protein,Unmatched,0,0,0
FKFHLE_13750 SsrA-binding protein SmpB,Unmatched,0,0,0
FKFHLE_13755 photosystem II biogenesis protein Psp29,Unmatched,0,0,0
"FKFHLE_13760 7,8-didemethyl-8-hydroxy-5-deazariboflavin synthase subunit CofH",Unmatched,0,0,0
FKFHLE_13765 Dynamin,Unmatched,0,0,0
FKFHLE_13770 hypothetical protein,Unmatched,0,0,0
FKFHLE_13775 GTPase,Unmatched,0,0,0
FKFHLE_13780 DUF29 domain-containing protein,Unmatched,0,0,0
FKFHLE_13785 photosystem I core protein PsaB,Unmatched,0,0,0
FKFHLE_13790 photosystem I core protein PsaA,Unmatched,0,0,0
FKFHLE_13795 Similar to tr|Q8YLY9|Q8YLY9,Unmatched,0,0,0
FKFHLE_13800 hypothetical protein,Unmatched,0,0,0
FKFHLE_13805 AAA+ family ATPase,Unmatched,0,0,0
FKFHLE_13810 hypothetical protein,Unmatched,0,0,0
FKFHLE_13815 DUF3696 domain-containing protein,Unmatched,0,0,0
FKFHLE_13820 PIN domain nuclease,Unmatched,0,0,0
FKFHLE_13825 hypothetical protein,Unmatched,0,0,0
FKFHLE_13830 DUF1156 domain-containing protein,Unmatched,0,0,0
FKFHLE_13835 hypothetical protein,Unmatched,0,0,0
FKFHLE_13840 PIN domain nuclease,Unmatched,0,0,0
FKFHLE_13845 hypothetical protein,Unmatched,0,0,0
FKFHLE_13850 GxxExxY protein,Unmatched,0,0,0
FKFHLE_13855 GxxExxY protein,Unmatched,0,0,0
FKFHLE_13860 RNA helicase,Unmatched,0,0,0
FKFHLE_13865 esterase,Unmatched,0,0,0
FKFHLE_13870 DUF2973 domain-containing protein,Unmatched,0,0,0
FKFHLE_13875 DUF2605 domain-containing protein,Unmatched,0,0,0
FKFHLE_13880 TenA family transcriptional regulator,Unmatched,0,0,0
FKFHLE_13885 amino acid ABC transporter substrate-binding protein,Unmatched,0,0,0
FKFHLE_13890 hypothetical protein,Unmatched,0,0,0
FKFHLE_13895 hypothetical protein,Unmatched,0,0,0
FKFHLE_13900 PEP-CTERM sorting domain-containing protein,Unmatched,0,0,0
FKFHLE_13905 PIN domain nuclease,Unmatched,0,0,0
FKFHLE_13910 hypothetical protein,Unmatched,0,0,0
FKFHLE_13915 DUF3148 domain-containing protein,Unmatched,0,0,0
FKFHLE_13920 carboxylate-amine ligase,Unmatched,0,0,0
FKFHLE_13925 photosystem I reaction center subunit IX,Unmatched,0,0,0
FKFHLE_13930 Photosystem I reaction center subunit III,Unmatched,0,0,0
FKFHLE_13935 Uncharacterised protein family UPF0047,Unmatched,0,0,0
FKFHLE_13940 uroporphyrin-III methyltransferase,Unmatched,0,0,0
FKFHLE_13945 IS630 family transposase,Unmatched,0,0,0
FKFHLE_13950 hypothetical protein,Unmatched,0,0,0
"FKFHLE_13955 putative toxin-antitoxin system toxin component, PIN family",Unmatched,0,0,0
FKFHLE_13960 hypothetical protein,Unmatched,0,0,0
FKFHLE_13965 hypothetical protein,Unmatched,0,0,0
"FKFHLE_13970 putative toxin-antitoxin system toxin component, PIN family",Unmatched,0,0,0
FKFHLE_13975 hypothetical protein,Unmatched,0,0,0
FKFHLE_13980 hypothetical protein,Unmatched,0,0,0
FKFHLE_13985 PIN domain nuclease,Unmatched,0,0,0
FKFHLE_13990 hypothetical protein,Unmatched,0,0,0
FKFHLE_13995 nucleic acid-binding protein,Unmatched,0,0,0
FKFHLE_14000 hypothetical protein,Unmatched,0,0,0
FKFHLE_14005 DUF4926 domain-containing protein,Unmatched,0,0,0
"FKFHLE_14010 putative toxin-antitoxin system toxin component, PIN family",Unmatched,0,0,0
FKFHLE_14015 hypothetical protein,Unmatched,0,0,0
FKFHLE_14020 Antitoxin of toxin-antitoxin stability system,Unmatched,0,0,0
FKFHLE_14025 hypothetical protein,Unmatched,0,0,0
FKFHLE_14030 glutamate synthase large subunit,Unmatched,0,0,0
FKFHLE_14035 DUF5615 domain-containing protein,Unmatched,0,0,0
FKFHLE_14040 DUF433 domain-containing protein,Unmatched,0,0,0
FKFHLE_14045 hypothetical protein,Unmatched,0,0,0
FKFHLE_14050 hypothetical protein,Unmatched,0,0,0
FKFHLE_14055 hypothetical protein,Unmatched,0,0,0
FKFHLE_14060 PEP-CTERM sorting domain-containing protein,Unmatched,0,0,0
FKFHLE_14065 Putative transcription regulator containing HTH domain,Unmatched,0,0,0
FKFHLE_14070 beta-carotene hydroxylase,Unmatched,0,0,0
FKFHLE_14075 hypothetical protein,Unmatched,0,0,0
FKFHLE_14080 hypothetical protein,Unmatched,0,0,0
FKFHLE_14085 serine protease,Unmatched,0,0,0
FKFHLE_14090 hypothetical protein,Unmatched,0,0,0
FKFHLE_14095 hypothetical protein,Unmatched,0,0,0
FKFHLE_14100 ABC transporter permease,Unmatched,0,0,0
FKFHLE_14105 hypothetical protein,Unmatched,0,0,0
FKFHLE_14110 hypothetical protein,Unmatched,0,0,0
FKFHLE_14115 Putative restriction endonuclease,Unmatched,0,0,0
FKFHLE_14120 WD40 repeat domain-containing protein,Unmatched,0,0,0
FKFHLE_14125 DUF5678 domain-containing protein,Unmatched,0,0,0
FKFHLE_14130 Domain of unknown function DUF29,Unmatched,0,0,0
FKFHLE_14135 PEP-CTERM domain protein,Unmatched,0,0,0
FKFHLE_14140 hypothetical protein,Unmatched,0,0,0
FKFHLE_14145 DUF5615 domain-containing protein,Unmatched,0,0,0
FKFHLE_14150 MCE family protein,Unmatched,0,0,0
FKFHLE_14155 hypothetical protein,Unmatched,0,0,0
FKFHLE_14160 DUF29 domain-containing protein,Unmatched,0,0,0
FKFHLE_14165 phosphoribosylformylglycinamidine synthase subunit PurL,Unmatched,0,0,0
FKFHLE_14170 amidophosphoribosyltransferase,Unmatched,0,0,0
FKFHLE_14175 energy-coupling factor transporter ATPase,Unmatched,0,0,0
FKFHLE_14180 3-phosphoshikimate 1-carboxyvinyltransferase,Unmatched,0,0,0
FKFHLE_14185 peroxiredoxin,Unmatched,0,0,0
FKFHLE_14190 LPS biosynthesis glycosyltransferase,Unmatched,0,0,0
FKFHLE_14195 hypothetical protein,Unmatched,0,0,0
FKFHLE_14200 AAA+ family ATPase,Unmatched,0,0,0
FKFHLE_14205 WD40 repeat domain-containing protein,Unmatched,0,0,0
FKFHLE_14210 glycosyl transferase family 1,Unmatched,0,0,0
FKFHLE_14215 mannosyltransferase,Unmatched,0,0,0
FKFHLE_14220 site-specific DNA-methyltransferase,Unmatched,0,0,0
FKFHLE_14225 Zn-dependent hydrolase,Unmatched,0,0,0
FKFHLE_14230 decarboxylating NADP(+)-dependent phosphogluconate dehydrogenase,Unmatched,0,0,0
FKFHLE_14235 GUN4 domain-containing protein,Unmatched,0,0,0
FKFHLE_14240 hypothetical protein,Unmatched,0,0,0
FKFHLE_14245 DUF2235 domain-containing protein,Unmatched,0,0,0
FKFHLE_14265 Similarity,Unmatched,0,0,0
FKFHLE_14270 hypothetical protein,Unmatched,0,0,0
FKFHLE_14275 DUF2442 domain-containing protein,Unmatched,0,0,0
FKFHLE_14280 transcriptional regulator,Unmatched,0,0,0
FKFHLE_14285 t-SNARE coiled-coil-like y domain-containing protein,Unmatched,0,0,0
FKFHLE_14290 type II toxin-antitoxin system HicB family antitoxin,Unmatched,0,0,0
FKFHLE_14295 ABC transporter,Unmatched,0,0,0
FKFHLE_14300 cation ABC transporter substrate-binding protein,Unmatched,0,0,0
FKFHLE_14305 transcription-repair coupling factor,Unmatched,0,0,0
FKFHLE_14310 tRNA-Ser(gga),Unmatched,0,0,0
FKFHLE_14315 mannosyltransferase,Unmatched,0,0,0
FKFHLE_14320 Tetratricopeptide TPR_1 repeat-containing protein,Unmatched,0,0,0
FKFHLE_14325 metallophosphatase,Unmatched,0,0,0
FKFHLE_14330 LL-diaminopimelate aminotransferase,Unmatched,0,0,0
FKFHLE_14335 DUF2839 domain-containing protein,Unmatched,0,0,0
FKFHLE_14340 hypothetical protein,Unmatched,0,0,0
FKFHLE_14345 site-specific DNA-methyltransferase,Unmatched,0,0,0
FKFHLE_14350 dihydroorotase,Unmatched,0,0,0
FKFHLE_14355 adenine specific DNA methylase Mod,Unmatched,0,0,0
FKFHLE_14360 co-chaperone GroES,Unmatched,0,0,0
FKFHLE_14365 chaperonin GroEL,Unmatched,0,0,0
FKFHLE_14370 Put-DNA-bind-N domain-containing protein,Unmatched,0,0,0
FKFHLE_14375 PadR domain-containing protein,Unmatched,0,0,0
FKFHLE_14380 hypothetical protein,Unmatched,0,0,0
FKFHLE_14385 J domain-containing protein,Unmatched,0,0,0
FKFHLE_14390 inositol monophosphatase,Unmatched,0,0,0
FKFHLE_14395 ferredoxin,Unmatched,0,0,0
FKFHLE_14400 FkbM family methyltransferase,Unmatched,0,0,0
FKFHLE_14405 hypothetical protein,Unmatched,0,0,0
FKFHLE_14410 Similarity,Unmatched,0,0,0
FKFHLE_14415 homogentisate phytyltransferase,Unmatched,0,0,0
FKFHLE_14420 tRNA-Ser(cga),Unmatched,0,0,0
FKFHLE_14425 SAM-dependent methyltransferase,Unmatched,0,0,0
FKFHLE_14430 Gliding motility regulatory protein,Unmatched,0,0,0
FKFHLE_14435 hypothetical protein,Unmatched,0,0,0
FKFHLE_14440 tRNA (adenosine(37)-N6)-dimethylallyltransferase MiaA,Unmatched,0,0,0
FKFHLE_14445 DUF2079 domain-containing protein,Unmatched,0,0,0
FKFHLE_14450 amino acid ABC transporter substrate-binding protein,Unmatched,0,0,0
FKFHLE_14455 AI-2E family transporter,Unmatched,0,0,0
FKFHLE_14460 photosystem II reaction center protein PsbM,Unmatched,0,0,0
FKFHLE_14465 low-complexity protein,Unmatched,0,0,0
FKFHLE_14470 Site-specific DNA-methyltransferase (adenine-specific),Unmatched,0,0,0
FKFHLE_14475 Similarity,Unmatched,0,0,0
"FKFHLE_14480 2-hydroxy-6-oxohepta-2,4-dienoate hydrolase",Unmatched,0,0,0
FKFHLE_14485 Membrane protein,Unmatched,0,0,0
FKFHLE_14490 hypothetical protein,Unmatched,0,0,0
FKFHLE_14495 hypothetical protein,Unmatched,0,0,0
FKFHLE_14500 nucleic acid-binding protein,Unmatched,0,0,0
FKFHLE_14505 Putative restriction endonuclease,Unmatched,0,0,0
FKFHLE_14510 UDP-N-acetylglucosamine 1-carboxyvinyltransferase,Unmatched,0,0,0
FKFHLE_14515 tRNA-Leu(cag),Unmatched,0,0,0
FKFHLE_14520 rRNA methyltransferase,Unmatched,0,0,0
FKFHLE_14525 Hypoth-Ymh domain-containing protein,Unmatched,0,0,0
FKFHLE_14530 hypothetical protein,Unmatched,0,0,0
FKFHLE_14535 Zeta toxin family protein,Unmatched,0,0,0
FKFHLE_14545 replication/maintenance protein,Unmatched,0,0,0
FKFHLE_14550 Threonyl-tRNA synthetase,Unmatched,0,0,0
"FKFHLE_14555 type II toxin-antitoxin system mRNA interferase toxin, RelE/StbE family",Unmatched,0,0,0
FKFHLE_14560 GTP-binding protein,Unmatched,0,0,0
FKFHLE_14565 transglutaminase-like superfamily protein,Unmatched,0,0,0
FKFHLE_14570 S8 family serine peptidase,Unmatched,0,0,0
FKFHLE_14575 hypothetical protein,Unmatched,0,0,0
FKFHLE_14585 RNB domain-containing ribonuclease,Unmatched,0,0,0
FKFHLE_14590 sporulation protein,Unmatched,0,0,0
FKFHLE_14595 3-hydroxyacyl-ACP dehydratase FabZ,Unmatched,0,0,0
FKFHLE_14600 TspO/MBR family,Unmatched,0,0,0
FKFHLE_14605 VOC family protein,Unmatched,0,0,0
FKFHLE_14610 Transglutaminase-like superfamily,Unmatched,0,0,0
FKFHLE_14615 serine/threonine protein phosphatase,Unmatched,0,0,0
FKFHLE_14620 N-acetylglucosamine-6-phosphate deacetylase,Unmatched,0,0,0
FKFHLE_14625 hypothetical protein,Unmatched,0,0,0
FKFHLE_14630 aldo/keto reductase,Unmatched,0,0,0
FKFHLE_14635 hypothetical protein,Unmatched,0,0,0
FKFHLE_14640 5-formyltetrahydrofolate cyclo-ligase,Unmatched,0,0,0
FKFHLE_14645 glutaredoxin 3,Unmatched,0,0,0
FKFHLE_14650 tRNA adenosine(34) deaminase TadA,Unmatched,0,0,0
FKFHLE_14655 hypothetical protein,Unmatched,0,0,0
"FKFHLE_14660 putative toxin-antitoxin system toxin component, PIN family",Unmatched,0,0,0
FKFHLE_14665 Similar to tr|P73252|P73252,Unmatched,0,0,0
FKFHLE_14670 Putative restriction endonuclease,Unmatched,0,0,0
FKFHLE_14675 DUF4160 domain-containing protein,Unmatched,0,0,0
FKFHLE_14680 DUF2442 domain-containing protein,Unmatched,0,0,0
FKFHLE_14685 Similarity,Unmatched,0,0,0
"FKFHLE_14690 addiction module toxin, HicA family",Unmatched,0,0,0
FKFHLE_14695 Similarity,Unmatched,0,0,0
FKFHLE_14700 Ribonuclease HepT-like,Unmatched,0,0,0
FKFHLE_14705 DNA polymerase subunit beta,Unmatched,0,0,0
FKFHLE_14710 hypothetical protein,Unmatched,0,0,0
FKFHLE_14715 preQ(1) synthase,Unmatched,0,0,0
FKFHLE_14720 hydrolase,Unmatched,0,0,0
FKFHLE_14725 MEKHLA domain-containing protein,Unmatched,0,0,0
FKFHLE_14730 orotidine-5'-phosphate decarboxylase,Unmatched,0,0,0
FKFHLE_14735 hypothetical protein,Unmatched,0,0,0
FKFHLE_14740 peptide chain release factor N(5)-glutamine methyltransferase,Unmatched,0,0,0
FKFHLE_14745 Tic22-like family,Unmatched,0,0,0
FKFHLE_14750 hypothetical protein,Unmatched,0,0,0
FKFHLE_14755 AAA-like domain-containing protein,Unmatched,0,0,0
"FKFHLE_14760 lignostilbene-alpha,beta-dioxygenase",Unmatched,0,0,0
FKFHLE_14765 serine/threonine protein kinase,Unmatched,0,0,0
FKFHLE_14770 hypothetical protein,Unmatched,0,0,0
FKFHLE_14775 hypothetical protein,Unmatched,0,0,0
FKFHLE_14780 HAS-barrel domain-containing protein,Unmatched,0,0,0
FKFHLE_14785 cytochrome D ubiquinol oxidase subunit II,Unmatched,0,0,0
FKFHLE_14790 hypothetical protein,Unmatched,0,0,0
FKFHLE_14795 tRNA preQ1(34) S-adenosylmethionine ribosyltransferase-isomerase QueA,Unmatched,0,0,0
FKFHLE_14800 glycosyl transferase,Unmatched,0,0,0
FKFHLE_14810 DUF6444 domain-containing protein,Unmatched,0,0,0
FKFHLE_14905 NAD synthetase,Unmatched,0,0,0
FKFHLE_14910 pyridine nucleotide transhydrogenase,Unmatched,0,0,0
FKFHLE_14915 Re/Si-specific NAD(P)(+) transhydrogenase subunit alpha,Unmatched,0,0,0
FKFHLE_14920 PspA/IM30 family,Unmatched,0,0,0
FKFHLE_14925 PspA/IM30 family,Unmatched,0,0,0
FKFHLE_14930 phage shock protein A,Unmatched,0,0,0
FKFHLE_14935 hypothetical protein,Unmatched,0,0,0
FKFHLE_14940 DUF721 domain-containing protein,Unmatched,0,0,0
FKFHLE_14945 hypothetical protein,Unmatched,0,0,0
FKFHLE_14950 glycosyl transferase family 2,Unmatched,0,0,0
FKFHLE_14955 flagellar biosynthesis protein FlgM,Unmatched,0,0,0
FKFHLE_14960 prolipoprotein diacylglyceryl transferase,Unmatched,0,0,0
FKFHLE_14965 tRNA-Leu(tag),Unmatched,0,0,0
FKFHLE_14970 Uma2 family endonuclease,Unmatched,0,0,0
FKFHLE_14975 glycosyl transferase family 1,Unmatched,0,0,0
FKFHLE_14980 glycosyltransferase,Unmatched,0,0,0
FKFHLE_14985 sugar transferase,Unmatched,0,0,0
FKFHLE_14990 Glycosyl transferase family 8,Unmatched,0,0,0
FKFHLE_14995 glycosyltransferase family 2 protein,Unmatched,0,0,0
FKFHLE_15000 glycosyl transferase 2 family protein,Unmatched,0,0,0
FKFHLE_15005 hypothetical protein,Unmatched,0,0,0
FKFHLE_15010 molybdate ABC transporter substrate-binding protein,Unmatched,0,0,0
FKFHLE_15015 molybdate ABC transporter permease subunit,Unmatched,0,0,0
FKFHLE_15020 AAA family ATPase,Unmatched,0,0,0
FKFHLE_15025 BolA family transcriptional regulator,Unmatched,0,0,0
FKFHLE_15030 hypothetical protein,Unmatched,0,0,0
FKFHLE_15035 hypothetical protein,Unmatched,0,0,0
FKFHLE_15040 Uma2 domain-containing protein,Unmatched,0,0,0
FKFHLE_15045 Uma2 domain-containing protein,Unmatched,0,0,0
FKFHLE_15050 hypothetical protein,Unmatched,0,0,0
FKFHLE_15055 Phosphotransferase enzyme family,Unmatched,0,0,0
FKFHLE_15060 cytochrome P450,Unmatched,0,0,0
FKFHLE_15065 alanine racemase,Unmatched,0,0,0
FKFHLE_15070 polyhydroxyalkanoate biosynthesis repressor PhaR,Unmatched,0,0,0
FKFHLE_15075 Phosphomannomutase,Unmatched,0,0,0
FKFHLE_15080 Phosphomannomutase,Unmatched,0,0,0
FKFHLE_15085 polyhydroxyalkanoate biosynthesis repressor PhaR,Unmatched,0,0,0
FKFHLE_15090 tRNA uridine-5-carboxymethylaminomethyl(34) synthesis GTPase MnmE,Unmatched,0,0,0
FKFHLE_15095 DUF2062 domain-containing protein,Unmatched,0,0,0
FKFHLE_15100 HEPN domain-containing protein,Unmatched,0,0,0
FKFHLE_15105 nucleotidyltransferase domain-containing protein,Unmatched,0,0,0
FKFHLE_15110 nucleic acid-binding protein,Unmatched,0,0,0
FKFHLE_15115 hypothetical protein,Unmatched,0,0,0
FKFHLE_15120 tetratricopeptide repeat-containing protein,Unmatched,0,0,0
FKFHLE_15125 mRNA-degrading endonuclease,Unmatched,0,0,0
FKFHLE_15130 hypothetical protein,Unmatched,0,0,0
FKFHLE_15135 hypothetical protein,Unmatched,0,0,0
FKFHLE_15140 hypothetical protein,Unmatched,0,0,0
FKFHLE_15145 hypothetical protein,Unmatched,0,0,0
FKFHLE_15150 PD-(D/E)XK nuclease superfamily,Unmatched,0,0,0
FKFHLE_15155 hypothetical protein,Unmatched,0,0,0
FKFHLE_15165 hypothetical protein,Unmatched,0,0,0
FKFHLE_15170 hypothetical protein,Unmatched,0,0,0
FKFHLE_15180 hypothetical protein,Unmatched,0,0,0
FKFHLE_15185 bifunctional methylenetetrahydrofolate dehydrogenase/methenyltetrahydrofolate cyclohydrolase FolD,Unmatched,0,0,0
FKFHLE_15190 OB-fold nucleic acid binding domain protein,Unmatched,0,0,0
FKFHLE_15195 Four helix bundle protein,Unmatched,0,0,0
FKFHLE_15200 DUF4164 domain-containing protein,Unmatched,0,0,0
FKFHLE_15205 Pilin polypeptide,Unmatched,0,0,0
FKFHLE_15210 hypothetical protein,Unmatched,0,0,0
FKFHLE_15215 DUF29 domain-containing protein,Unmatched,0,0,0
FKFHLE_15220 DUF29 domain-containing protein,Unmatched,0,0,0
FKFHLE_15225 3-beta hydroxysteroid dehydrogenase,Unmatched,0,0,0
FKFHLE_15230 Transposase,Unmatched,0,0,0
FKFHLE_15235 DUF29 domain-containing protein,Unmatched,0,0,0
FKFHLE_15240 hypothetical protein,Unmatched,0,0,0
FKFHLE_15245 PEP-CTERM sorting domain-containing protein,Unmatched,0,0,0
FKFHLE_15250 Uncharacterised protein family (UPF0175),Unmatched,0,0,0
FKFHLE_15255 DUF3368 domain-containing protein,Unmatched,0,0,0
FKFHLE_15260 hypothetical protein,Unmatched,0,0,0
FKFHLE_15265 PIN domain nuclease,Unmatched,0,0,0
FKFHLE_15270 type II toxin-antitoxin system prevent-host-death family antitoxin,Unmatched,0,0,0
FKFHLE_15275 PINc domain-containing protein,Unmatched,0,0,0
FKFHLE_15280 8-amino-7-oxononanoate synthase,Unmatched,0,0,0
FKFHLE_15285 DUF6464 domain-containing protein,Unmatched,0,0,0
FKFHLE_15290 RDD family,Unmatched,0,0,0
FKFHLE_15295 Similarity,Unmatched,0,0,0
FKFHLE_15300 tRNA-Arg(cct),Unmatched,0,0,0
FKFHLE_15305 hypothetical protein,Unmatched,0,0,0
FKFHLE_15310 mannose-1-phosphate guanylyltransferase,Unmatched,0,0,0
FKFHLE_15315 FAD dependent oxidoreductase,Unmatched,0,0,0
FKFHLE_15320 peptidase M28,Unmatched,0,0,0
FKFHLE_15325 nucleotidyltransferase domain-containing protein,Unmatched,0,0,0
FKFHLE_15330 hypothetical protein,Unmatched,0,0,0
FKFHLE_15375 hypothetical protein,Unmatched,0,0,0
FKFHLE_15395 phosphoenolpyruvate synthase,Unmatched,0,0,0
FKFHLE_15400 UPF0175 family protein,Unmatched,0,0,0
FKFHLE_15405 Uncharacterized protein UPF0175,Unmatched,0,0,0
FKFHLE_15410 peptidase M16,Unmatched,0,0,0
FKFHLE_15415 HNH endonuclease,Unmatched,0,0,0
FKFHLE_15420 Similarity,Unmatched,0,0,0
FKFHLE_15425 hydrogenase formation protein HypD,Unmatched,0,0,0
FKFHLE_15430 HypC/HybG/HupF family hydrogenase formation chaperone,Unmatched,0,0,0
FKFHLE_15435 transketolase,Unmatched,0,0,0
FKFHLE_15440 Lactamase-B domain-containing protein,Unmatched,0,0,0
FKFHLE_15445 Tetratricopeptide repeat family protein,Unmatched,0,0,0
FKFHLE_15450 endonuclease/exonuclease/phosphatase,Unmatched,0,0,0
FKFHLE_15455 NYN domain-containing protein,Unmatched,0,0,0
FKFHLE_15460 sulfurtransferase,Unmatched,0,0,0
FKFHLE_15465 ATP-binding protein,Unmatched,0,0,0
FKFHLE_15470 regulator,Unmatched,0,0,0
FKFHLE_15475 anti-sigma factor antagonist,Unmatched,0,0,0
FKFHLE_15480 NAD(P)/FAD-dependent oxidoreductase,Unmatched,0,0,0
FKFHLE_15485 hypothetical protein,Unmatched,0,0,0
FKFHLE_15490 prevent-host-death family protein,Unmatched,0,0,0
FKFHLE_15495 DUF4926 domain-containing protein,Unmatched,0,0,0
FKFHLE_15500 Bacterial extracellular solute-binding protein,Unmatched,0,0,0
FKFHLE_15505 mechanosensitive ion channel protein,Unmatched,0,0,0
FKFHLE_15510 dienelactone hydrolase,Unmatched,0,0,0
FKFHLE_15515 IS30 family transposase,Unmatched,0,0,0
FKFHLE_15520 ribonucleotide-diphosphate reductase subunit beta,Unmatched,0,0,0
FKFHLE_15525 NAD(+) kinase,Unmatched,0,0,0
FKFHLE_15530 phycobiliprotein lyase,Unmatched,0,0,0
FKFHLE_15535 phosphomethylpyrimidine synthase,Unmatched,0,0,0
FKFHLE_15540 type I glutamate--ammonia ligase,Unmatched,0,0,0
FKFHLE_15545 hypothetical protein,Unmatched,0,0,0
FKFHLE_15550 DUF29 domain-containing protein,Unmatched,0,0,0
FKFHLE_15555 Type IV pilus twitching motility protein PilT,Unmatched,0,0,0
FKFHLE_15560 circadian clock protein KaiB,Unmatched,0,0,0
FKFHLE_15565 hypothetical protein,Unmatched,0,0,0
FKFHLE_15570 carboxypeptidase,Unmatched,0,0,0
FKFHLE_15575 aspartyl protease,Unmatched,0,0,0
FKFHLE_15580 hypothetical protein,Unmatched,0,0,0
FKFHLE_15585 Cell division trigger factor,Unmatched,0,0,0
FKFHLE_15590 hypothetical protein,Unmatched,0,0,0
FKFHLE_15595 glycoside hydrolase,Unmatched,0,0,0
FKFHLE_15600 tryptophan synthase subunit beta,Unmatched,0,0,0
FKFHLE_15605 CAP domain-containing protein,Unmatched,0,0,0
FKFHLE_15610 ribonuclease D,Unmatched,0,0,0
FKFHLE_15615 DUF3318 domain-containing protein,Unmatched,0,0,0
FKFHLE_15620 anti-anti-sigma factor,Unmatched,0,0,0
FKFHLE_15625 HATPase-c domain-containing protein,Unmatched,0,0,0
FKFHLE_15630 protein kinase,Unmatched,0,0,0
FKFHLE_15635 exonuclease sbcCD subunit D,Unmatched,0,0,0
FKFHLE_15640 hypothetical protein,Unmatched,0,0,0
FKFHLE_15645 Cytochrome b6-f complex subunit 8,Unmatched,0,0,0
FKFHLE_15650 hypothetical protein,Unmatched,0,0,0
FKFHLE_15655 3-dehydroquinate synthase,Unmatched,0,0,0
FKFHLE_15660 dehydrogenase,Unmatched,0,0,0
FKFHLE_15665 chromosome segregation protein SMC,Unmatched,0,0,0
FKFHLE_15670 DUF4276 domain-containing protein,Unmatched,0,0,0
FKFHLE_15675 DUF4278 domain-containing protein,Unmatched,0,0,0
FKFHLE_15680 hypothetical protein,Unmatched,0,0,0
FKFHLE_15685 AI-2E family transporter,Unmatched,0,0,0
FKFHLE_15690 tRNA-Gln(ttg),Unmatched,0,0,0
FKFHLE_15695 hypothetical protein,Unmatched,0,0,0
FKFHLE_15700 peptidase S41,Unmatched,0,0,0
FKFHLE_15705 4-hydroxy-tetrahydrodipicolinate reductase,Unmatched,0,0,0
FKFHLE_15710 asparaginase,Unmatched,0,0,0
FKFHLE_15715 DUF1230 domain-containing protein,Unmatched,0,0,0
FKFHLE_15720 ribosome silencing factor,Unmatched,0,0,0
FKFHLE_15725 bis(5'-nucleosyl)-tetraphosphatase (symmetrical) YqeK,Unmatched,0,0,0
FKFHLE_15730 GTP-binding protein,Unmatched,0,0,0
FKFHLE_15735 Tnp-DDE-dom domain-containing protein,Unmatched,0,0,0
FKFHLE_15740 CsbD family protein,Unmatched,0,0,0
FKFHLE_15745 Sporulation kinase E,Unmatched,0,0,0
FKFHLE_15750 EAD7 domain-containing protein,Unmatched,0,0,0
FKFHLE_15755 CsbD family protein,Unmatched,0,0,0
FKFHLE_15760 lmo0937 family membrane protein,Unmatched,0,0,0
FKFHLE_15765 hypothetical protein,Unmatched,0,0,0
FKFHLE_15770 Glycosyl transferase family 2,Unmatched,0,0,0
"FKFHLE_15775 Glycosyl-4,4'-diaponeurosporenoate acyltransferase",Unmatched,0,0,0
FKFHLE_15780 transglutaminase family protein,Unmatched,0,0,0
FKFHLE_15785 hypothetical protein,Unmatched,0,0,0
FKFHLE_15790 RRXRR domain-containing protein,Unmatched,0,0,0
FKFHLE_15795 B12-binding domain-containing radical SAM protein,Unmatched,0,0,0
FKFHLE_15800 NTPase (NACHT family),Unmatched,0,0,0
FKFHLE_15805 sterol C5-desaturase,Unmatched,0,0,0
"FKFHLE_15810 signal transduction histidine kinase (STHK), LytS",Unmatched,0,0,0
FKFHLE_15815 transporter,Unmatched,0,0,0
FKFHLE_15820 hypothetical protein,Unmatched,0,0,0
FKFHLE_15825 Transposase,Unmatched,0,0,0
FKFHLE_15830 CsbD family protein,Unmatched,0,0,0
FKFHLE_15835 CsbD-like protein,Unmatched,0,0,0
FKFHLE_15840 lmo0937 family membrane protein,Unmatched,0,0,0
FKFHLE_15845 hypothetical protein,Unmatched,0,0,0
FKFHLE_15850 biosynthetic-type acetolactate synthase large subunit,Unmatched,0,0,0
FKFHLE_15855 phosphoglycerate dehydrogenase,Unmatched,0,0,0
FKFHLE_15860 50S ribosomal protein L11 methyltransferase,Unmatched,0,0,0
FKFHLE_15865 Molybdopterin synthase catalytic subunit,Unmatched,0,0,0
FKFHLE_15870 Bacterial archaeo-eukaryotic release factor family 3,Unmatched,0,0,0
FKFHLE_15875 hypothetical protein,Unmatched,0,0,0
FKFHLE_15880 B12-binding domain-containing radical SAM protein,Unmatched,0,0,0
FKFHLE_15885 putative high light inducible protein,Unmatched,0,0,0
FKFHLE_15890 quinolinate synthase NadA,Unmatched,0,0,0
FKFHLE_15895 CoA-binding protein,Unmatched,0,0,0
FKFHLE_15900 TIGR04283 family arsenosugar biosynthesis glycosyltransferase,Unmatched,0,0,0
FKFHLE_15905 superoxide dismutase,Unmatched,0,0,0
FKFHLE_15910 homoserine kinase,Unmatched,0,0,0
FKFHLE_15915 histidine kinase,Unmatched,0,0,0
FKFHLE_15920 adenosyl-hopene transferase HpnH,Unmatched,0,0,0
FKFHLE_15925 HNH domain-containing protein,Unmatched,0,0,0
FKFHLE_15930 DUF1517 domain-containing protein,Unmatched,0,0,0
FKFHLE_15935 hypothetical protein,Unmatched,0,0,0
FKFHLE_15940 phycobiliprotein lyase,Unmatched,0,0,0
FKFHLE_15945 phycocyanin alpha phycocyanobilin lyase,Unmatched,0,0,0
FKFHLE_15950 DUF2281 domain-containing protein,Unmatched,0,0,0
FKFHLE_15955 type II toxin-antitoxin system VapC family toxin,Unmatched,0,0,0
FKFHLE_15960 creatinine amidohydrolase,Unmatched,0,0,0
FKFHLE_15965 hypothetical protein,Unmatched,0,0,0
FKFHLE_15970 DUF5615 domain-containing protein,Unmatched,0,0,0
FKFHLE_15975 hypothetical protein,Unmatched,0,0,0
FKFHLE_15980 IS630 family transposase,Unmatched,0,0,0
FKFHLE_15985 LysR family transcriptional regulator,Unmatched,0,0,0
FKFHLE_15990 transporter,Unmatched,0,0,0
FKFHLE_15995 DUF202 domain-containing protein,Unmatched,0,0,0
FKFHLE_16000 sulfite exporter TauE/SafE family protein,Unmatched,0,0,0
FKFHLE_16005 sulfate ABC transporter ATP-binding protein,Unmatched,0,0,0
FKFHLE_16010 restriction endonuclease,Unmatched,0,0,0
FKFHLE_16015 transcriptional regulator,Unmatched,0,0,0
FKFHLE_16020 hydrogenase nickel incorporation protein HypB,Unmatched,0,0,0
FKFHLE_16025 hydrogenase maturation nickel metallochaperone HypA,Unmatched,0,0,0
FKFHLE_16030 hydrogenase expression/formation protein HypE,Unmatched,0,0,0
FKFHLE_16035 flagellar assembly protein H,Unmatched,0,0,0
FKFHLE_16040 hypothetical protein,Unmatched,0,0,0
FKFHLE_16045 ATP-dependent DNA helicase RecG,Unmatched,0,0,0
FKFHLE_16070 tRNA-Ser(gct),Unmatched,0,0,0
FKFHLE_16090 TetR/AcrR family transcriptional regulator,Unmatched,0,0,0
"FKFHLE_16095 Sap, sulfolipid-1-addressing protein",Unmatched,0,0,0
FKFHLE_16100 amidinotransferase,Unmatched,0,0,0
FKFHLE_16105 8-amino-7-oxononanoate synthase,Unmatched,0,0,0
FKFHLE_16110 beta-ketoacyl synthase,Unmatched,0,0,0
FKFHLE_16120 Hemolysin-type calcium-binding repeat family protein,Unmatched,0,0,0
FKFHLE_16125 DUF3685 domain-containing protein,Unmatched,0,0,0
FKFHLE_16130 transcriptional repressor,Unmatched,0,0,0
FKFHLE_16135 DUF2157 domain-containing protein,Unmatched,0,0,0
FKFHLE_16140 DNA-binding response regulator,Unmatched,0,0,0
FKFHLE_16145 DNA repair protein RecN,Unmatched,0,0,0
FKFHLE_16150 Uma2 domain-containing protein,Unmatched,0,0,0
FKFHLE_16155 Uma2 domain-containing protein,Unmatched,0,0,0
FKFHLE_16160 FAD-dependent oxidoreductase,Unmatched,0,0,0
FKFHLE_16165 Ribonuclease HI,Unmatched,0,0,0
FKFHLE_16300 Phosphomannomutase,Unmatched,0,0,0
FKFHLE_16325 tRNA-Ala(tgc),Unmatched,0,0,0
FKFHLE_16350 EAL domain-containing protein,Unmatched,0,0,0
FKFHLE_16355 diguanylate cyclase,Unmatched,0,0,0
FKFHLE_16360 phosphoribulokinase,Unmatched,0,0,0
FKFHLE_16365 Transcriptional regulatory protein LiaR,Unmatched,0,0,0
FKFHLE_16370 hypothetical protein,Unmatched,0,0,0
FKFHLE_16375 S-methyl-5-thioribose-1-phosphate isomerase,Unmatched,0,0,0
"FKFHLE_16380 CRISPR-associated protein Csa3, CARF domain",Unmatched,0,0,0
FKFHLE_16385 MFS transporter,Unmatched,0,0,0
FKFHLE_16390 YGGT family,Unmatched,0,0,0
FKFHLE_16395 class II fumarate hydratase,Unmatched,0,0,0
"FKFHLE_16400 Glycosyl hydrolase, BNR repeat-containing protein",Unmatched,0,0,0
FKFHLE_16405 aminoacyl-tRNA hydrolase,Unmatched,0,0,0
FKFHLE_16410 DUF2811 domain-containing protein,Unmatched,0,0,0
FKFHLE_16415 universal stress protein,Unmatched,0,0,0
FKFHLE_16420 type I methionyl aminopeptidase,Unmatched,0,0,0
FKFHLE_16425 thioredoxin,Unmatched,0,0,0
FKFHLE_16430 NTP-transf-9 domain-containing protein,Unmatched,0,0,0
FKFHLE_16435 pantetheine-phosphate adenylyltransferase,Unmatched,0,0,0
FKFHLE_16440 hypothetical protein,Unmatched,0,0,0
FKFHLE_16445 hypothetical protein,Unmatched,0,0,0
FKFHLE_16450 dihydropteroate synthase,Unmatched,0,0,0
FKFHLE_16455 cupin domain-containing protein,Unmatched,0,0,0
FKFHLE_16460 hypothetical protein,Unmatched,0,0,0
FKFHLE_16465 Txe/YoeB family addiction module toxin,Unmatched,0,0,0
FKFHLE_16470 prevent-host-death protein,Unmatched,0,0,0
FKFHLE_16475 ribonuclease Z,Unmatched,0,0,0
FKFHLE_16480 Tubulin like,Unmatched,0,0,0
FKFHLE_16485 ornithine carbamoyltransferase,Unmatched,0,0,0
FKFHLE_16490 hypothetical protein,Unmatched,0,0,0
FKFHLE_16495 4-alpha-glucanotransferase,Unmatched,0,0,0
FKFHLE_16500 hypothetical protein,Unmatched,0,0,0
FKFHLE_16505 Glycosyl transferases group 1 family protein,Unmatched,0,0,0
FKFHLE_16510 hypothetical protein,Unmatched,0,0,0
FKFHLE_16515 hypothetical protein,Unmatched,0,0,0
FKFHLE_16520 Sigma70-r4 domain-containing protein,Unmatched,0,0,0
FKFHLE_16535 tRNA-Gly(tcc),Unmatched,0,0,0
FKFHLE_16545 AAA-16 domain-containing protein,Unmatched,0,0,0
FKFHLE_16550 trypsin,Unmatched,0,0,0
FKFHLE_16555 Trypco1 domain-containing protein,Unmatched,0,0,0
FKFHLE_16560 DUF4926 domain-containing protein,Unmatched,0,0,0
FKFHLE_16565 hypothetical protein,Unmatched,0,0,0
FKFHLE_16570 Similarity,Unmatched,0,0,0
FKFHLE_16575 bifunctional pantoate--beta-alanine ligase/(d)CMP kinase,Unmatched,0,0,0
FKFHLE_16580 NAGPA domain-containing protein,Unmatched,0,0,0
FKFHLE_16585 Poly(hydroxyalcanoate) granule associated protein (phasin),Unmatched,0,0,0
FKFHLE_16590 peptidylprolyl isomerase,Unmatched,0,0,0
FKFHLE_16595 photosystem II reaction center protein Psb28,Unmatched,0,0,0
FKFHLE_16600 helicase,Unmatched,0,0,0
FKFHLE_16605 FAD-dependent oxidoreductase,Unmatched,0,0,0
FKFHLE_16610 hypothetical protein,Unmatched,0,0,0
FKFHLE_16615 2-isopropylmalate synthase,Unmatched,0,0,0
FKFHLE_16620 RNA polymerase sigma factor RpoD,Unmatched,0,0,0
FKFHLE_16625 hypothetical protein,Unmatched,0,0,0
FKFHLE_16630 DUF4351 domain-containing protein,Unmatched,0,0,0
FKFHLE_16635 MFS transporter,Unmatched,0,0,0
FKFHLE_16640 low-complexity protein,Unmatched,0,0,0
FKFHLE_16645 hybrid sensor histidine kinase/response regulator,Unmatched,0,0,0
"FKFHLE_16650 calcium-translocating P-type ATPase, PMCA-type",Unmatched,0,0,0
FKFHLE_16655 Similarity (Modular protein),Unmatched,0,0,0
FKFHLE_16660 hypothetical protein,Unmatched,0,0,0
FKFHLE_16665 hypothetical protein,Unmatched,0,0,0
FKFHLE_16670 Similarity,Unmatched,0,0,0
FKFHLE_16675 Uma6 protein,Unmatched,0,0,0
FKFHLE_16690 DNA polymerase III subunit alpha,Unmatched,0,0,0
FKFHLE_16695 PBPb domain-containing protein,Unmatched,0,0,0
FKFHLE_16700 circadian clock protein KaiC,Unmatched,0,0,0
FKFHLE_16705 hypothetical protein,Unmatched,0,0,0
FKFHLE_16710 hypothetical protein,Unmatched,0,0,0
FKFHLE_16715 branched-chain amino acid transaminase,Unmatched,0,0,0
FKFHLE_16720 peptidase M61,Unmatched,0,0,0
FKFHLE_16725 penicillin-binding protein,Unmatched,0,0,0
FKFHLE_16730 rod shape-determining protein MreD,Unmatched,0,0,0
FKFHLE_16735 rod shape-determining protein MreC,Unmatched,0,0,0
FKFHLE_16740 rod shape-determining protein,Unmatched,0,0,0
FKFHLE_16745 single-stranded DNA-binding protein,Unmatched,0,0,0
FKFHLE_16750 4-amino-4-deoxychorismate lyase,Unmatched,0,0,0
FKFHLE_16755 phospholipid carrier-dependent glycosyltransferase,Unmatched,0,0,0
FKFHLE_16760 aminomethyl-transferring glycine dehydrogenase,Unmatched,0,0,0
FKFHLE_16765 lipid-A-disaccharide synthase,Unmatched,0,0,0
FKFHLE_16770 acyl-ACP--UDP-N-acetylglucosamine O-acyltransferase,Unmatched,0,0,0
FKFHLE_16775 Hrp-dependent type III effector protein,Unmatched,0,0,0
FKFHLE_16780 Lipid A core-O-antigen ligase,Unmatched,0,0,0
FKFHLE_16785 class I SAM-dependent methyltransferase,Unmatched,0,0,0
FKFHLE_16790 Transposase,Unmatched,0,0,0
FKFHLE_16795 Cyano-1 RNA,Unmatched,0,0,0
FKFHLE_16800 1-acyl-sn-glycerol-3-phosphate acyltransferase,Unmatched,0,0,0
FKFHLE_16805 hypothetical protein,Unmatched,0,0,0
FKFHLE_16810 adenosylcobinamide-phosphate synthase CbiB,Unmatched,0,0,0
FKFHLE_16815 GFA family protein,Unmatched,0,0,0
FKFHLE_16820 transcriptional regulator,Unmatched,0,0,0
FKFHLE_16825 AbrB family transcriptional regulator,Unmatched,0,0,0
FKFHLE_16830 SIMPL domain-containing protein,Unmatched,0,0,0
FKFHLE_16835 phosphopyruvate hydratase,Unmatched,0,0,0
FKFHLE_16840 DUF3887 domain-containing protein,Unmatched,0,0,0
FKFHLE_16845 glycogen debranching protein GlgX,Unmatched,0,0,0
FKFHLE_16850 Uncharacterised protein family (UPF0175),Unmatched,0,0,0
FKFHLE_16855 Membrane protein,Unmatched,0,0,0
FKFHLE_16860 hypothetical protein,Unmatched,0,0,0
FKFHLE_16865 type IV pilus biogenesis/stability protein PilW,Unmatched,0,0,0
FKFHLE_16870 cadmium-translocating P-type ATPase,Unmatched,0,0,0
FKFHLE_16875 histidine--tRNA ligase,Unmatched,0,0,0
FKFHLE_16880 hypothetical protein,Unmatched,0,0,0
FKFHLE_16885 murein biosynthesis integral membrane protein MurJ,Unmatched,0,0,0
FKFHLE_16890 hypothetical protein,Unmatched,0,0,0
FKFHLE_16895 DUF5615 domain-containing protein,Unmatched,0,0,0
FKFHLE_16900 hypothetical protein,Unmatched,0,0,0
FKFHLE_16905 PemK-like protein,Unmatched,0,0,0
FKFHLE_16910 PemK-like protein,Unmatched,0,0,0
FKFHLE_16915 hypothetical protein,Unmatched,0,0,0
FKFHLE_16920 hypothetical protein,Unmatched,0,0,0
FKFHLE_16925 hypothetical protein,Unmatched,0,0,0
"FKFHLE_16930 type II toxin-antitoxin system mRNA interferase toxin, RelE/StbE family",Unmatched,0,0,0
FKFHLE_16935 hypothetical protein,Unmatched,0,0,0
FKFHLE_16940 fatty-acid oxidation protein subunit alpha,Unmatched,0,0,0
FKFHLE_16945 XisI protein,Unmatched,0,0,0
FKFHLE_16950 DUF2283 domain-containing protein,Unmatched,0,0,0
FKFHLE_16955 DUF1902 domain-containing protein,Unmatched,0,0,0
FKFHLE_16960 hypothetical protein,Unmatched,0,0,0
FKFHLE_16965 plasmid stabilization protein,Unmatched,0,0,0
FKFHLE_16970 glycosyl transferase,Unmatched,0,0,0
FKFHLE_16975 bifunctional sterol desaturase/short chain dehydrogenase,Unmatched,0,0,0
FKFHLE_16980 zinc-binding alcohol dehydrogenase,Unmatched,0,0,0
FKFHLE_16985 hypothetical protein,Unmatched,0,0,0
FKFHLE_16990 universal stress protein,Unmatched,0,0,0
FKFHLE_16995 competence protein,Unmatched,0,0,0
FKFHLE_17000 signal peptide peptidase SppA,Unmatched,0,0,0
FKFHLE_17005 hypothetical protein,Unmatched,0,0,0
FKFHLE_17010 nucleic acid-binding protein,Unmatched,0,0,0
FKFHLE_17015 GTPase ObgE,Unmatched,0,0,0
FKFHLE_17020 RNA-binding protein,Unmatched,0,0,0
FKFHLE_17025 30S ribosomal protein S16,Unmatched,0,0,0
"FKFHLE_17030 dTDP-glucose 4,6-dehydratase",Unmatched,0,0,0
FKFHLE_17035 cation-efflux pump,Unmatched,0,0,0
FKFHLE_17040 Putative transposase,Unmatched,0,0,0
FKFHLE_17045 TIGR00297 family protein,Unmatched,0,0,0
FKFHLE_17050 cytochrome B,Unmatched,0,0,0
FKFHLE_17055 (2Fe-2S)-binding protein,Unmatched,0,0,0
FKFHLE_17060 cobyric acid synthase CobQ,Unmatched,0,0,0
FKFHLE_17065 hypothetical protein,Unmatched,0,0,0
FKFHLE_17070 hypothetical protein,Unmatched,0,0,0
FKFHLE_17075 ferredoxin,Unmatched,0,0,0
FKFHLE_17080 DNA-binding response regulator,Unmatched,0,0,0
FKFHLE_17085 alpha-ketoacid dehydrogenase subunit beta,Unmatched,0,0,0
FKFHLE_17090 protein translocase subunit SecD,Unmatched,0,0,0
FKFHLE_17095 protein translocase subunit SecF,Unmatched,0,0,0
FKFHLE_17100 XRE family transcriptional regulator,Unmatched,0,0,0
FKFHLE_17105 hypothetical protein,Unmatched,0,0,0
FKFHLE_17110 hypothetical protein,Unmatched,0,0,0
FKFHLE_17115 crossover junction endodeoxyribonuclease RuvC,Unmatched,0,0,0
FKFHLE_17120 UDP-N-acetylglucosamine 2-epimerase (non-hydrolyzing),Unmatched,0,0,0
FKFHLE_17125 MCE family protein,Unmatched,0,0,0
FKFHLE_17130 ABC transporter ATP-binding protein,Unmatched,0,0,0
FKFHLE_17135 TIGR03936 family radical SAM-associated protein,Unmatched,0,0,0
FKFHLE_17140 pilus assembly protein PilC,Unmatched,0,0,0
FKFHLE_17145 twitching motility protein PilT,Unmatched,0,0,0
FKFHLE_17150 general secretion pathway protein GspE,Unmatched,0,0,0
FKFHLE_17155 nucleotide exchange factor GrpE,Unmatched,0,0,0
FKFHLE_17160 hydrolase,Unmatched,0,0,0
FKFHLE_17165 glycogen debranching protein,Unmatched,0,0,0
FKFHLE_17170 ribonuclease P protein component,Unmatched,0,0,0
FKFHLE_17175 ribonuclease P,Unmatched,0,0,0
FKFHLE_17180 membrane protein insertase YidC,Unmatched,0,0,0
FKFHLE_17185 RNA-binding protein,Unmatched,0,0,0
FKFHLE_17190 hypothetical protein,Unmatched,0,0,0
FKFHLE_17205 hypothetical protein,Unmatched,0,0,0
FKFHLE_17210 hypothetical protein,Unmatched,0,0,0
FKFHLE_17215 pyruvate kinase,Unmatched,0,0,0
FKFHLE_17220 Asp-tRNA(Asn)/Glu-tRNA(Gln) amidotransferase subunit GatB,Unmatched,0,0,0
FKFHLE_17225 chromosome partitioning protein ParA,Unmatched,0,0,0
FKFHLE_17230 hypothetical protein,Unmatched,0,0,0
FKFHLE_17235 molecular chaperone DnaJ,Unmatched,0,0,0
FKFHLE_17240 cation:proton antiporter,Unmatched,0,0,0
FKFHLE_17245 DUF4040 domain-containing protein,Unmatched,0,0,0
FKFHLE_17250 sodium:proton antiporter,Unmatched,0,0,0
FKFHLE_17255 Na+/H+ antiporter complex subunit F MrpF,Unmatched,0,0,0
FKFHLE_17260 cation:proton antiporter,Unmatched,0,0,0
FKFHLE_17265 cation:proton antiporter,Unmatched,0,0,0
FKFHLE_17270 esterase,Unmatched,0,0,0
FKFHLE_17275 DUF1818 domain-containing protein,Unmatched,0,0,0
FKFHLE_17280 hypothetical protein,Unmatched,0,0,0
FKFHLE_17285 leucine--tRNA ligase,Unmatched,0,0,0
FKFHLE_17290 hypothetical protein,Unmatched,0,0,0
FKFHLE_17295 ATP-binding protein,Unmatched,0,0,0
FKFHLE_17300 hypothetical protein,Unmatched,0,0,0
FKFHLE_17305 Y1-Tnp domain-containing protein,Unmatched,0,0,0
FKFHLE_17310 DUF1902 domain-containing protein,Unmatched,0,0,0
FKFHLE_17315 DUF4277 domain-containing protein,Unmatched,0,0,0
FKFHLE_17320 class 1 fructose-bisphosphatase,Unmatched,0,0,0
FKFHLE_17325 hypothetical protein,Unmatched,0,0,0
FKFHLE_17330 hypothetical protein,Unmatched,0,0,0
FKFHLE_17335 Type II toxin-antitoxin system PemK/MazF family toxin,Unmatched,0,0,0
FKFHLE_17340 Serine/threonine-protein kinase pkn1,Unmatched,0,0,0
FKFHLE_17345 transposase,Unmatched,0,0,0
FKFHLE_17350 peptidase M3,Unmatched,0,0,0
FKFHLE_17355 SAM-dependent methyltransferase,Unmatched,0,0,0
FKFHLE_17360 hypothetical protein,Unmatched,0,0,0
FKFHLE_17365 Plasmid stabilization protein,Unmatched,0,0,0
FKFHLE_17370 cyanobacterial phytochrome A,Unmatched,0,0,0
FKFHLE_17375 response regulator,Unmatched,0,0,0
FKFHLE_17380 hybrid sensor histidine kinase/response regulator,Unmatched,0,0,0
FKFHLE_17385 3-ketoacyl-ACP reductase,Unmatched,0,0,0
FKFHLE_17390 6-carboxytetrahydropterin synthase QueD,Unmatched,0,0,0
FKFHLE_17395 glycoside hydrolase,Unmatched,0,0,0
FKFHLE_17400 PBS lyase,Unmatched,0,0,0
FKFHLE_17405 cobalt ABC transporter ATP-binding protein,Unmatched,0,0,0
FKFHLE_17410 cobalt ECF transporter T component CbiQ,Unmatched,0,0,0
FKFHLE_17415 cobalt transport protein,Unmatched,0,0,0
FKFHLE_17420 cobalamin biosynthesis protein CbiM,Unmatched,0,0,0
FKFHLE_17425 cytidine deaminase,Unmatched,0,0,0
FKFHLE_17430 DNA topoisomerase (ATP-hydrolyzing) subunit B,Unmatched,0,0,0
FKFHLE_17435 DNA-binding response regulator,Unmatched,0,0,0
FKFHLE_17440 transposase,Unmatched,0,0,0
FKFHLE_17445 molybdopterin molybdenumtransferase,Unmatched,0,0,0
FKFHLE_17450 glutaminase A,Unmatched,0,0,0
FKFHLE_17455 Dolichyl-phosphate-mannose-protein mannosyltransferase,Unmatched,0,0,0
FKFHLE_17460 hypothetical protein,Unmatched,0,0,0
FKFHLE_17465 TIGR03032 family protein,Unmatched,0,0,0
FKFHLE_17470 hypothetical protein,Unmatched,0,0,0
FKFHLE_17485 nicotinate-nucleotide adenylyltransferase,Unmatched,0,0,0
FKFHLE_17490 NUDIX hydrolase,Unmatched,0,0,0
FKFHLE_17495 NAD+ synthase,Unmatched,0,0,0
FKFHLE_17500 folate-binding protein YgfZ,Unmatched,0,0,0
FKFHLE_17505 hypothetical protein,Unmatched,0,0,0
FKFHLE_17510 type I glyceraldehyde-3-phosphate dehydrogenase,Unmatched,0,0,0
FKFHLE_17515 phosphoketolase,Unmatched,0,0,0
FKFHLE_17520 GHL10 domain-containing protein,Unmatched,0,0,0
FKFHLE_17525 Dolichyl-phosphate-mannose-protein mannosyltransferase,Unmatched,0,0,0
FKFHLE_17530 replicative DNA helicase,Unmatched,0,0,0
FKFHLE_17535 precorrin-4 C(11)-methyltransferase,Unmatched,0,0,0
FKFHLE_17540 TspO protein,Unmatched,0,0,0
FKFHLE_17545 translation initiation factor,Unmatched,0,0,0
FKFHLE_17550 cryptochrome/photolyase family protein,Unmatched,0,0,0
FKFHLE_17555 hypothetical protein,Unmatched,0,0,0
FKFHLE_17560 Sigma70-r4-2 domain-containing protein,Unmatched,0,0,0
FKFHLE_17565 hypothetical protein,Unmatched,0,0,0
FKFHLE_17570 HicB-like domain-containing protein,Unmatched,0,0,0
FKFHLE_17575 oxidoreductase,Unmatched,0,0,0
FKFHLE_17580 DUF2518 domain-containing protein,Unmatched,0,0,0
FKFHLE_17585 7-carboxy-7-deazaguanine synthase QueE,Unmatched,0,0,0
FKFHLE_17590 aminopeptidase,Unmatched,0,0,0
FKFHLE_17595 DUF4079 domain-containing protein,Unmatched,0,0,0
FKFHLE_17600 cobalamin biosynthesis protein CobW,Unmatched,0,0,0
FKFHLE_17605 metal ABC transporter substrate-binding protein,Unmatched,0,0,0
FKFHLE_17610 threonine--tRNA ligase,Unmatched,0,0,0
FKFHLE_17615 Isopropylmalate/homocitrate/citramalate synthase,Unmatched,0,0,0
FKFHLE_17620 phosphoribosylaminoimidazolesuccinocarboxamide synthase,Unmatched,0,0,0
FKFHLE_17625 dephospho-CoA kinase,Unmatched,0,0,0
FKFHLE_17630 energy-coupling factor transporter transmembrane protein EcfT,Unmatched,0,0,0
FKFHLE_17635 tail length tape measure protein,Unmatched,0,0,0
FKFHLE_17640 Adenylyl-sulfate kinase,Unmatched,0,0,0
FKFHLE_17645 LuxR family transcriptional regulator,Unmatched,0,0,0
FKFHLE_17650 epimerase,Unmatched,0,0,0
FKFHLE_17655 uroporphyrinogen decarboxylase,Unmatched,0,0,0
FKFHLE_17660 Four helix bundle protein,Unmatched,0,0,0
FKFHLE_17665 cadmium-translocating P-type ATPase,Unmatched,0,0,0
FKFHLE_17670 Similar to Q3M894_ANAVT S-layer region-like,Unmatched,0,0,0
FKFHLE_17675 NAD(P)/FAD-dependent oxidoreductase,Unmatched,0,0,0
FKFHLE_17680 glycosyl transferase family 2,Unmatched,0,0,0
FKFHLE_17685 CHAT domain-containing protein,Unmatched,0,0,0
FKFHLE_17690 hypothetical protein,Unmatched,0,0,0
FKFHLE_17695 VapC toxin family PIN domain ribonuclease,Unmatched,0,0,0
FKFHLE_17700 AbrB/MazE/SpoVT family DNA-binding domain-containing protein,Unmatched,0,0,0
FKFHLE_17705 hypothetical protein,Unmatched,0,0,0
FKFHLE_17710 hypothetical protein,Unmatched,0,0,0
FKFHLE_17715 cytochrome c biogenesis factor,Unmatched,0,0,0
FKFHLE_17720 efflux transporter periplasmic adaptor subunit,Unmatched,0,0,0
FKFHLE_17725 ABC transporter permease,Unmatched,0,0,0
FKFHLE_17730 NUDIX hydrolase,Unmatched,0,0,0
FKFHLE_17735 NAD(P)H-dependent glycerol-3-phosphate dehydrogenase,Unmatched,0,0,0
FKFHLE_17740 AAA+ family ATPase,Unmatched,0,0,0
FKFHLE_17745 TPR-MalT domain-containing protein,Unmatched,0,0,0
"FKFHLE_17750 sulfite reductase, ferredoxin dependent",Unmatched,0,0,0
FKFHLE_17755 maltooligosyl trehalose synthase,Unmatched,0,0,0
FKFHLE_17760 peptide-methionine (S)-S-oxide reductase,Unmatched,0,0,0
FKFHLE_17765 ATPase-AAA-core domain-containing protein,Unmatched,0,0,0
FKFHLE_17770 hypothetical protein,Unmatched,0,0,0
FKFHLE_17775 peptidase C14,Unmatched,0,0,0
FKFHLE_17780 Mobile element protein,Unmatched,0,0,0
FKFHLE_17785 hypothetical protein,Unmatched,0,0,0
FKFHLE_17790 ParB/RepB/Spo0J family partition protein,Unmatched,0,0,0
FKFHLE_17795 chromosome partitioning protein ParA,Unmatched,0,0,0
FKFHLE_17800 Beta-lactamase2 domain-containing protein,Unmatched,0,0,0
FKFHLE_17805 4-phosphopantetheinyl transferase,Unmatched,0,0,0
FKFHLE_17810 glycosyl transferase,Unmatched,0,0,0
FKFHLE_17820 metal-binding protein,Unmatched,0,0,0
FKFHLE_17825 low-complexity protein,Unmatched,0,0,0
FKFHLE_17830 Uncharacterised protein family (UPF0175),Unmatched,0,0,0
FKFHLE_17835 hypothetical protein,Unmatched,0,0,0
FKFHLE_17840 prevent-host-death protein,Unmatched,0,0,0
FKFHLE_17845 nucleotide-binding protein,Unmatched,0,0,0
FKFHLE_17850 DNA adenine methyltransferase YhdJ,Unmatched,0,0,0
FKFHLE_17855 hypothetical protein,Unmatched,0,0,0
FKFHLE_17860 VapC toxin family PIN domain ribonuclease,Unmatched,0,0,0
FKFHLE_17865 HTH-OrfB-IS605 domain-containing protein,Unmatched,0,0,0
FKFHLE_17870 CPBP family intramembrane metalloprotease domain-containing protein,Unmatched,0,0,0
FKFHLE_17875 bile acid beta-glucosidase,Unmatched,0,0,0
FKFHLE_17880 DUF3531 domain-containing protein,Unmatched,0,0,0
FKFHLE_17885 CAAX amino terminal protease family protein,Unmatched,0,0,0
FKFHLE_17890 DUF3326 domain-containing protein,Unmatched,0,0,0
FKFHLE_17895 hypothetical protein,Unmatched,0,0,0
FKFHLE_17900 Putative restriction endonuclease,Unmatched,0,0,0
FKFHLE_17905 hypothetical protein,Unmatched,0,0,0
FKFHLE_17910 Similarity,Unmatched,0,0,0
FKFHLE_17915 VapC toxin family PIN domain ribonuclease,Unmatched,0,0,0
"FKFHLE_17920 Triacylglycerol esterase/lipase EstA, alpha/beta hydrolase fold",Unmatched,0,0,0
FKFHLE_17925 hypothetical protein,Unmatched,0,0,0
FKFHLE_17930 ATPase,Unmatched,0,0,0
FKFHLE_17935 Serine/threonine-protein kinase pkn1,Unmatched,0,0,0
FKFHLE_17940 efflux RND transporter periplasmic adaptor subunit,Unmatched,0,0,0
FKFHLE_17945 DUF4327 domain-containing protein,Unmatched,0,0,0
FKFHLE_17950 Acetylglutamate kinase,Unmatched,0,0,0
FKFHLE_17955 amidohydrolase,Unmatched,0,0,0
FKFHLE_17960 phycocyanin subunit beta,Unmatched,0,0,0
FKFHLE_17965 phycocyanin subunit alpha,Unmatched,0,0,0
FKFHLE_17970 photosystem I reaction center subunit XII,Unmatched,0,0,0
"FKFHLE_17975 bifunctional 3,4-dihydroxy-2-butanone-4-phosphate synthase/GTP cyclohydrolase II",Unmatched,0,0,0
FKFHLE_17980 Putative restriction endonuclease,Unmatched,0,0,0
FKFHLE_17985 D-alanine--D-alanine ligase,Unmatched,0,0,0
FKFHLE_17990 hypothetical protein,Unmatched,0,0,0
FKFHLE_17995 molecular chaperone DnaJ,Unmatched,0,0,0
FKFHLE_18000 methionine synthase,Unmatched,0,0,0
FKFHLE_18005 sporulation protein SpoIID,Unmatched,0,0,0
FKFHLE_18010 restriction endonuclease subunit R,Unmatched,0,0,0
FKFHLE_18015 hypothetical protein,Unmatched,0,0,0
FKFHLE_18020 DUF29 domain-containing protein,Unmatched,0,0,0
FKFHLE_18025 hypothetical protein,Unmatched,0,0,0
FKFHLE_18030 toll/interleukin-1 receptor domain-containing protein,Unmatched,0,0,0
FKFHLE_18035 molecular chaperone Tir,Unmatched,0,0,0
FKFHLE_18040 DUF2283 domain-containing protein,Unmatched,0,0,0
FKFHLE_18045 lipoprotein NlpI,Unmatched,0,0,0
FKFHLE_18050 serine protease,Unmatched,0,0,0
FKFHLE_18055 Circadian oscillating protein COP23,Unmatched,0,0,0
"FKFHLE_18060 TPR domain protein, putative component of TonB system",Unmatched,0,0,0
FKFHLE_18065 putative UDP-N-acetylglucosamine--peptide N-acetylglucosaminyltransferase SPINDLY,Unmatched,0,0,0
FKFHLE_18070 DUF2281 domain-containing protein,Unmatched,0,0,0
FKFHLE_18075 DNA-binding protein,Unmatched,0,0,0
FKFHLE_18080 ketose-bisphosphate aldolase,Unmatched,0,0,0
FKFHLE_18085 RdgB/HAM1 family non-canonical purine NTP pyrophosphatase,Unmatched,0,0,0
FKFHLE_18090 lipoyl synthase,Unmatched,0,0,0
FKFHLE_18095 tRNA-Pro(cgg),Unmatched,0,0,0
FKFHLE_18100 Helicase domain protein,Unmatched,0,0,0
FKFHLE_18105 DNA polymerase subunit beta,Unmatched,0,0,0
FKFHLE_18110 DUF4079 domain-containing protein,Unmatched,0,0,0
FKFHLE_18115 ribosome biogenesis GTPase Der,Unmatched,0,0,0
FKFHLE_18120 Cobalt transport protein,Unmatched,0,0,0
FKFHLE_18125 Class I SAM-dependent methyltransferase,Unmatched,0,0,0
FKFHLE_18130 Prevent-host-death protein,Unmatched,0,0,0
FKFHLE_18135 Putative mRNA interferase YoeB,Unmatched,0,0,0
FKFHLE_18140 HicB-like domain-containing protein,Unmatched,0,0,0
FKFHLE_18145 UPF0367 protein MAE_19160,Unmatched,0,0,0
FKFHLE_18150 LuxR family transcriptional regulator,Unmatched,0,0,0
FKFHLE_18155 RNA-binding protein,Unmatched,0,0,0
FKFHLE_18160 DNA/RNA nuclease SfsA,Unmatched,0,0,0
FKFHLE_18165 chorismate synthase,Unmatched,0,0,0
FKFHLE_18170 glycosyl transferase family 1,Unmatched,0,0,0
FKFHLE_18175 Putative restriction endonuclease,Unmatched,0,0,0
FKFHLE_18180 Similarity,Unmatched,0,0,0
FKFHLE_18185 PIN domain nuclease,Unmatched,0,0,0
FKFHLE_18190 mannose-1-phosphate guanyltransferase,Unmatched,0,0,0
FKFHLE_18195 lipid-A-disaccharide synthase,Unmatched,0,0,0
FKFHLE_18200 DNA primase,Unmatched,0,0,0
FKFHLE_18205 beta-ketoacyl-ACP synthase,Unmatched,0,0,0
FKFHLE_18210 peptidylprolyl isomerase,Unmatched,0,0,0
FKFHLE_18215 photosystem I assembly protein Ycf4,Unmatched,0,0,0
FKFHLE_18220 hypothetical protein,Unmatched,0,0,0
FKFHLE_18225 ATPase,Unmatched,0,0,0
FKFHLE_18230 hypothetical protein,Unmatched,0,0,0
FKFHLE_18235 hypothetical protein,Unmatched,0,0,0
FKFHLE_18240 hypothetical protein,Unmatched,0,0,0
FKFHLE_18245 DUF4926 domain-containing protein,Unmatched,0,0,0
FKFHLE_18255 hypothetical protein,Unmatched,0,0,0
FKFHLE_18260 DUF262 domain-containing protein,Unmatched,0,0,0
FKFHLE_18265 ribulose bisphosphate carboxylase small subunit,Unmatched,0,0,0
FKFHLE_18270 RbcX chaperonin protein,Unmatched,0,0,0
FKFHLE_18275 Ribulose bisphosphate carboxylase large chain,Unmatched,0,0,0
FKFHLE_18280 carbon dioxide concentrating mechanism protein,Unmatched,0,0,0
FKFHLE_18285 carbon dioxide concentrating mechanism protein CcmM,Unmatched,0,0,0
FKFHLE_18290 carbon dioxide concentrating mechanism protein CcmL,Unmatched,0,0,0
FKFHLE_18295 Carboxysome shell protein CcmK,Unmatched,0,0,0
FKFHLE_18300 carbon dioxide-concentrating protein CcmK,Unmatched,0,0,0
FKFHLE_18305 Nif11-like leader peptide family natural product precursor,Unmatched,0,0,0
FKFHLE_18310 Ribonuclease III,Unmatched,0,0,0
FKFHLE_18315 tRNA (N6-isopentenyl adenosine(37)-C2)-methylthiotransferase MiaB,Unmatched,0,0,0
FKFHLE_18320 DUF2358 domain-containing protein,Unmatched,0,0,0
FKFHLE_18325 hypothetical protein,Unmatched,0,0,0
FKFHLE_18330 50S ribosomal protein L33,Unmatched,0,0,0
FKFHLE_18335 30S ribosomal protein S18,Unmatched,0,0,0
FKFHLE_18340 ATPase,Unmatched,0,0,0
FKFHLE_18345 tRNA-Phe(gaa),Unmatched,0,0,0
FKFHLE_18350 HEAT domain-containing protein,Unmatched,0,0,0
FKFHLE_18355 aromatic acid decarboxylase,Unmatched,0,0,0
FKFHLE_18360 hypothetical protein,Unmatched,0,0,0
FKFHLE_18365 glycogen synthase GlgA,Unmatched,0,0,0
FKFHLE_18370 VWFA domain-containing protein,Unmatched,0,0,0
FKFHLE_18375 Uncharacterized protein family UPF0016,Unmatched,0,0,0
FKFHLE_18380 Uncharacterized protein family UPF0016,Unmatched,0,0,0
FKFHLE_18385 urea ABC transporter substrate-binding protein,Unmatched,0,0,0
FKFHLE_18390 urea ABC transporter permease subunit UrtB,Unmatched,0,0,0
FKFHLE_18395 urea ABC transporter permease subunit UrtC,Unmatched,0,0,0
FKFHLE_18400 urea ABC transporter ATP-binding protein UrtD,Unmatched,0,0,0
FKFHLE_18405 urea ABC transporter ATP-binding subunit UrtE,Unmatched,0,0,0
FKFHLE_18410 hypothetical protein,Unmatched,0,0,0
FKFHLE_18415 hypothetical protein,Unmatched,0,0,0
FKFHLE_18420 isovaleryl-CoA dehydrogenase,Unmatched,0,0,0
FKFHLE_18425 polyketide synthase,Unmatched,0,0,0
FKFHLE_18430 heme-copper oxidase subunit III,Unmatched,0,0,0
FKFHLE_18435 cytochrome c oxidase subunit I,Unmatched,0,0,0
FKFHLE_18440 cytochrome c oxidase subunit II,Unmatched,0,0,0
FKFHLE_18445 heme A synthase,Unmatched,0,0,0
FKFHLE_18450 heme o synthase,Unmatched,0,0,0
FKFHLE_18455 chromosomal replication initiator protein DnaA,Unmatched,0,0,0
FKFHLE_18460 peptide deformylase,Unmatched,0,0,0
FKFHLE_18465 DUF2996 domain-containing protein,Unmatched,0,0,0
FKFHLE_18470 DUF3110 domain-containing protein,Unmatched,0,0,0
FKFHLE_18475 YraN family protein,Unmatched,0,0,0
FKFHLE_18480 cellulose synthase subunit BcsC,Unmatched,0,0,0
FKFHLE_18485 hypothetical protein,Unmatched,0,0,0
FKFHLE_18490 hypothetical protein,Unmatched,0,0,0
FKFHLE_18495 Lysylphosphatidylglycerol synthase TM region,Unmatched,0,0,0
FKFHLE_18500 hypothetical protein,Unmatched,0,0,0
FKFHLE_18505 hypothetical protein,Unmatched,0,0,0
FKFHLE_18510 AAA-like domain-containing protein,Unmatched,0,0,0
FKFHLE_18515 SH3b domain-containing protein,Unmatched,0,0,0
FKFHLE_18520 hypothetical protein,Unmatched,0,0,0
FKFHLE_18525 hypothetical protein,Unmatched,0,0,0
FKFHLE_18530 hypothetical protein,Unmatched,0,0,0
FKFHLE_18535 hypothetical protein,Unmatched,0,0,0
FKFHLE_18540 DUF2135 domain-containing protein,Unmatched,0,0,0
FKFHLE_18545 PrsW family intramembrane metalloprotease,Unmatched,0,0,0
FKFHLE_18550 hypothetical protein,Unmatched,0,0,0
FKFHLE_18555 DUF1036 domain-containing protein,Unmatched,0,0,0
FKFHLE_18560 TerY-C domain-containing protein,Unmatched,0,0,0
FKFHLE_18565 protein phosphatase 2C domain-containing protein,Unmatched,0,0,0
FKFHLE_18570 tellurium resistance protein,Unmatched,0,0,0
FKFHLE_18575 serine/threonine protein kinase,Unmatched,0,0,0
FKFHLE_18580 Ycf66 protein N-terminus,Unmatched,0,0,0
FKFHLE_18585 DNA polymerase III subunit delta,Unmatched,0,0,0
"FKFHLE_18590 Forkhead associated (FHA) domain, binds pSer, pThr, pTyr",Unmatched,0,0,0
FKFHLE_18595 magnesium/cobalt transporter CorA,Unmatched,0,0,0
FKFHLE_18600 Transposase,Unmatched,0,0,0
FKFHLE_18605 4-hydroxythreonine-4-phosphate dehydrogenase PdxA,Unmatched,0,0,0
FKFHLE_18610 NADP-dependent succinic semialdehyde dehydrogenase,Unmatched,0,0,0
FKFHLE_18615 NgoFVII family restriction endonuclease,Unmatched,0,0,0
FKFHLE_18620 Site-specific DNA-methyltransferase (adenine-specific),Unmatched,0,0,0
FKFHLE_18625 tRNA-Arg(ccg),Unmatched,0,0,0
FKFHLE_18630 5'/3'-nucleotidase SurE,Unmatched,0,0,0
FKFHLE_18635 DUF3727 domain-containing protein,Unmatched,0,0,0
FKFHLE_18640 hypothetical protein,Unmatched,0,0,0
FKFHLE_18645 phosphoenolpyruvate carboxykinase (ATP),Unmatched,0,0,0
FKFHLE_18650 aminoacetone oxidase family FAD-binding enzyme,Unmatched,0,0,0
FKFHLE_18655 DUF29 domain-containing protein,Unmatched,0,0,0
FKFHLE_18660 restriction endonuclease,Unmatched,0,0,0
FKFHLE_18665 iron-sulfur cluster assembly accessory protein,Unmatched,0,0,0
FKFHLE_18670 hypothetical protein,Unmatched,0,0,0
"FKFHLE_18675 Mycobacterial 4 TMS phage holin, superfamily IV",Unmatched,0,0,0
FKFHLE_18680 RluA family pseudouridine synthase,Unmatched,0,0,0
FKFHLE_18685 saccharopine dehydrogenase-like oxidoreductase,Unmatched,0,0,0
FKFHLE_18690 DUF2997 domain-containing protein,Unmatched,0,0,0
FKFHLE_18695 DUF1257 domain-containing protein,Unmatched,0,0,0
FKFHLE_18700 ferredoxin,Unmatched,0,0,0
FKFHLE_18705 TrkA family potassium uptake protein,Unmatched,0,0,0
FKFHLE_18710 sodium:proton antiporter,Unmatched,0,0,0
FKFHLE_18715 hypothetical protein,Unmatched,0,0,0
FKFHLE_18720 DUF4164 domain-containing protein,Unmatched,0,0,0
FKFHLE_18725 undecaprenyl-phosphate alpha-N-acetylglucosaminyl 1-phosphate transferase,Unmatched,0,0,0
FKFHLE_18730 Serine hydroxymethyltransferase,Unmatched,0,0,0
FKFHLE_18735 phosphoenolpyruvate carboxylase,Unmatched,0,0,0
FKFHLE_18740 hypothetical protein,Unmatched,0,0,0
FKFHLE_18745 cell division topological specificity factor MinE,Unmatched,0,0,0
FKFHLE_18750 septum site-determining protein MinD,Unmatched,0,0,0
FKFHLE_18755 septum site-determining protein MinC,Unmatched,0,0,0
FKFHLE_18760 hypothetical protein,Unmatched,0,0,0
FKFHLE_18765 transposase,Unmatched,0,0,0
FKFHLE_18770 Fatty acid hydroxylase domain-containing protein,Unmatched,0,0,0
FKFHLE_18775 hypothetical protein,Unmatched,0,0,0
FKFHLE_18780 hypothetical protein,Unmatched,0,0,0
FKFHLE_18785 endonuclease,Unmatched,0,0,0
FKFHLE_18790 plasmid maintenance system killer family protein,Unmatched,0,0,0
FKFHLE_18795 HigA family addiction module antitoxin,Unmatched,0,0,0
FKFHLE_18800 ATP-binding protein,Unmatched,0,0,0
FKFHLE_18810 muraminidase,Unmatched,0,0,0
FKFHLE_18815 hypothetical protein,Unmatched,0,0,0
FKFHLE_18820 transposase,Unmatched,0,0,0
FKFHLE_18825 DDE-Tnp-1 domain-containing protein,Unmatched,0,0,0
FKFHLE_18830 DUF4346 domain-containing protein,Unmatched,0,0,0
FKFHLE_18835 branched-chain amino acid ABC transporter permease,Unmatched,0,0,0
FKFHLE_18840 hypothetical protein,Unmatched,0,0,0
FKFHLE_18845 5-(carboxyamino)imidazole ribonucleotide synthase,Unmatched,0,0,0
FKFHLE_18850 lipolytic protein G-D-S-L family,Unmatched,0,0,0
FKFHLE_18855 hypothetical protein,Unmatched,0,0,0
FKFHLE_18860 histidine kinase,Unmatched,0,0,0
FKFHLE_18865 argininosuccinate synthase,Unmatched,0,0,0
FKFHLE_18870 Rpn family recombination-promoting nuclease/putative transposase,Unmatched,0,0,0
FKFHLE_18875 hypothetical protein,Unmatched,0,0,0
FKFHLE_18880 hypothetical protein,Unmatched,0,0,0
FKFHLE_18885 hypothetical protein,Unmatched,0,0,0
FKFHLE_18890 DUF751 domain-containing protein,Unmatched,0,0,0
FKFHLE_18895 30S ribosome-binding factor RbfA,Unmatched,0,0,0
FKFHLE_18900 beta-glucosidase,Unmatched,0,0,0
FKFHLE_18905 hypothetical protein,Unmatched,0,0,0
FKFHLE_18910 tRNA (adenosine(37)-N6)-threonylcarbamoyltransferase complex ATPase subunit type 1 TsaE,Unmatched,0,0,0
FKFHLE_18915 tRNA (guanine-N1)-methyltransferase,Unmatched,0,0,0
FKFHLE_18920 Putative N-acetylgalactosaminyl-diphosphoundecaprenol glucuronosyltransferase,Unmatched,0,0,0
FKFHLE_18925 hypothetical protein,Unmatched,0,0,0
FKFHLE_18930 Glycosyl transferase-like protein,Unmatched,0,0,0
FKFHLE_18935 HpcH-HpaI domain-containing protein,Unmatched,0,0,0
"FKFHLE_18940 dTDP-4-dehydrorhamnose 3,5-epimerase",Unmatched,0,0,0
FKFHLE_18945 hypothetical protein,Unmatched,0,0,0
FKFHLE_18950 Acireductone dioxygenase,Unmatched,0,0,0
FKFHLE_18955 tRNA-Ala(cgc),Unmatched,0,0,0
FKFHLE_18960 hypothetical protein,Unmatched,0,0,0
FKFHLE_18965 3-beta hydroxysteroid dehydrogenase,Unmatched,0,0,0
FKFHLE_18970 methyltransferase,Unmatched,0,0,0
FKFHLE_18975 glycosyl transferase,Unmatched,0,0,0
FKFHLE_18980 glycosyl transferase,Unmatched,0,0,0
FKFHLE_18985 NAD-dependent epimerase,Unmatched,0,0,0
FKFHLE_18990 pantothenate kinase,Unmatched,0,0,0
FKFHLE_18995 peptidase M16,Unmatched,0,0,0
FKFHLE_19000 peptidase M16,Unmatched,0,0,0
FKFHLE_19005 tRNA-Asn(gtt),Unmatched,0,0,0
FKFHLE_19010 hypothetical protein,Unmatched,0,0,0
FKFHLE_19015 ABM domain-containing protein,Unmatched,0,0,0
FKFHLE_19020 hypothetical protein,Unmatched,0,0,0
FKFHLE_19025 BrnT family toxin,Unmatched,0,0,0
FKFHLE_19030 hypothetical protein,Unmatched,0,0,0
FKFHLE_19035 hypothetical protein,Unmatched,0,0,0
FKFHLE_19040 PemK family protein,Unmatched,0,0,0
FKFHLE_19050 DUF2442 domain-containing protein,Unmatched,0,0,0
FKFHLE_19055 DUF4160 domain-containing protein,Unmatched,0,0,0
FKFHLE_19060 clan AA aspartic protease,Unmatched,0,0,0
FKFHLE_19065 Putative transposase DNA-binding domain-containing protein,Unmatched,0,0,0
FKFHLE_19070 NADH dehydrogenase subunit 3,Unmatched,0,0,0
FKFHLE_19100 SAM-dependent methyltransferase,Unmatched,0,0,0
FKFHLE_19105 hypothetical protein,Unmatched,0,0,0
FKFHLE_19110 hypothetical protein,Unmatched,0,0,0
FKFHLE_19115 taurine ABC transporter ATP-binding protein,Unmatched,0,0,0
FKFHLE_19120 6-carboxytetrahydropterin synthase QueD,Unmatched,0,0,0
FKFHLE_19125 PHP domain-containing protein,Unmatched,0,0,0
FKFHLE_19130 NAD(P)H-quinone oxidoreductase subunit F,Unmatched,0,0,0
FKFHLE_19135 carbon dioxide transporter,Unmatched,0,0,0
FKFHLE_19140 NADH-quinone oxidoreductase subunit M,Unmatched,0,0,0
FKFHLE_19145 carbonate dehydratase,Unmatched,0,0,0
FKFHLE_19150 NAD(P)H-quinone oxidoreductase subunit F,Unmatched,0,0,0
FKFHLE_19155 LysR family transcriptional regulator,Unmatched,0,0,0
FKFHLE_19160 Putative restriction endonuclease,Unmatched,0,0,0
FKFHLE_19165 GRRM system radical SAM/SPASM domain protein,Unmatched,0,0,0
FKFHLE_19170 murein transglycosylase,Unmatched,0,0,0
FKFHLE_19175 Magnesium and cobalt efflux protein CorC,Unmatched,0,0,0
FKFHLE_19180 hypothetical protein,Unmatched,0,0,0
FKFHLE_19185 tRNA-Ile2(cat),Unmatched,0,0,0
FKFHLE_19190 DUF3153 domain-containing protein,Unmatched,0,0,0
FKFHLE_19195 iron ABC transporter substrate-binding protein,Unmatched,0,0,0
FKFHLE_19200 Beta-hexosaminidase,Unmatched,0,0,0
FKFHLE_19205 meta domain protein,Unmatched,0,0,0
FKFHLE_19210 YbaB/EbfC family nucleoid-associated protein,Unmatched,0,0,0
FKFHLE_19215 pyridoxine 5'-phosphate synthase,Unmatched,0,0,0
FKFHLE_19220 DUF2488 domain-containing protein,Unmatched,0,0,0
FKFHLE_19225 competence protein ComE,Unmatched,0,0,0
FKFHLE_19230 dynamin family protein,Unmatched,0,0,0
FKFHLE_19235 Similarity to tr|Q8YWA5|Q8YWA5,Unmatched,0,0,0
FKFHLE_19240 hypothetical protein,Unmatched,0,0,0
FKFHLE_19245 hypothetical protein,Unmatched,0,0,0
FKFHLE_19250 Glycosyl transferase group 1,Unmatched,0,0,0
FKFHLE_19255 hypothetical protein,Unmatched,0,0,0
FKFHLE_19260 hypothetical protein,Unmatched,0,0,0
FKFHLE_19265 formylglycine-generating enzyme family protein,Unmatched,0,0,0
FKFHLE_19270 DNA polymerase beta domain protein region,Unmatched,0,0,0
FKFHLE_19275 hypothetical protein,Unmatched,0,0,0
"FKFHLE_19280 Endonuclease, Uma2 family (restriction endonuclease fold)",Unmatched,0,0,0
FKFHLE_19285 transporter,Unmatched,0,0,0
FKFHLE_19290 polymerase,Unmatched,0,0,0
FKFHLE_19295 proline--tRNA ligase,Unmatched,0,0,0
"FKFHLE_19300 pyridoxal-dependent decarboxylase, pyridoxal binding domain protein",Unmatched,0,0,0
FKFHLE_19305 hypothetical protein,Unmatched,0,0,0
FKFHLE_19310 valine--tRNA ligase,Unmatched,0,0,0
FKFHLE_19315 hypothetical protein,Unmatched,0,0,0
FKFHLE_19320 isochorismate synthase,Unmatched,0,0,0
FKFHLE_19325 Bifunctional hemolysin/adenylate cyclase,Unmatched,0,0,0
FKFHLE_19330 hypothetical protein,Unmatched,0,0,0
FKFHLE_19335 hypothetical protein,Unmatched,0,0,0
FKFHLE_19340 porphobilinogen synthase,Unmatched,0,0,0
FKFHLE_19345 ATPase,Unmatched,0,0,0
FKFHLE_19350 UvrD-like helicase C-terminal domain-containing protein,Unmatched,0,0,0
FKFHLE_19355 Proton extrusion protein PcxA,Unmatched,0,0,0
FKFHLE_19360 hypothetical protein,Unmatched,0,0,0
FKFHLE_19365 transcriptional regulator,Unmatched,0,0,0
FKFHLE_19370 type II toxin-antitoxin system HigB family toxin,Unmatched,0,0,0
FKFHLE_19375 PIN domain-containing protein,Unmatched,0,0,0
FKFHLE_19380 hypothetical protein,Unmatched,0,0,0
FKFHLE_19385 hypothetical protein,Unmatched,0,0,0
FKFHLE_19430 hypothetical protein,Unmatched,0,0,0
FKFHLE_19435 MazF family transcriptional regulator,Unmatched,0,0,0
FKFHLE_19440 photosystem II reaction center protein CP43,Unmatched,0,0,0
FKFHLE_19445 Antisense RNA which regulates isiA expression,Unmatched,0,0,0
FKFHLE_19450 threonine-phosphate decarboxylase CobD,Unmatched,0,0,0
FKFHLE_19455 DNA-binding protein,Unmatched,0,0,0
FKFHLE_19460 DUF4168 domain-containing protein,Unmatched,0,0,0
FKFHLE_19465 urease accessory protein UreE,Unmatched,0,0,0
FKFHLE_19470 hypothetical protein,Unmatched,0,0,0
FKFHLE_19475 Putative restriction endonuclease,Unmatched,0,0,0
FKFHLE_19480 DUF928 domain-containing protein,Unmatched,0,0,0
FKFHLE_19485 hypothetical protein,Unmatched,0,0,0
FKFHLE_19490 aspartate carbamoyltransferase catalytic subunit,Unmatched,0,0,0
FKFHLE_19495 GUN4 domain-containing protein,Unmatched,0,0,0
FKFHLE_19500 efflux RND transporter periplasmic adaptor subunit,Unmatched,0,0,0
FKFHLE_19505 Ureidoglycolate hydrolase,Unmatched,0,0,0
FKFHLE_19510 Inhibitor of apoptosis-promoting Bax1,Unmatched,0,0,0
FKFHLE_19515 Chlorophyll A-B binding protein,Unmatched,0,0,0
FKFHLE_19520 metalloprotease,Unmatched,0,0,0
FKFHLE_19525 magnesium-protoporphyrin IX monomethyl ester (oxidative) cyclase,Unmatched,0,0,0
FKFHLE_19530 50S ribosomal protein L32,Unmatched,0,0,0
FKFHLE_19535 sulfite oxidase-like oxidoreductase,Unmatched,0,0,0
FKFHLE_19540 hypothetical protein,Unmatched,0,0,0
FKFHLE_19545 ABC-F type ribosomal protection protein,Unmatched,0,0,0
FKFHLE_19550 chaperonin GroEL,Unmatched,0,0,0
FKFHLE_19555 hypothetical protein,Unmatched,0,0,0
FKFHLE_19560 potassium transporter TrkA,Unmatched,0,0,0
FKFHLE_19565 SWIM-type domain-containing protein,Unmatched,0,0,0
FKFHLE_19570 ATP-dependent helicase,Unmatched,0,0,0
FKFHLE_19575 DUF3616 domain-containing protein,Unmatched,0,0,0
FKFHLE_19580 hypothetical protein,Unmatched,0,0,0
FKFHLE_19585 Serine protease,Unmatched,0,0,0
FKFHLE_19590 N-acetylmuramoyl-L-alanine amidase,Unmatched,0,0,0
FKFHLE_19595 hypothetical protein,Unmatched,0,0,0
FKFHLE_19600 Carboxypeptidase,Unmatched,0,0,0
FKFHLE_19605 hypothetical protein,Unmatched,0,0,0
FKFHLE_19610 GHL10 domain-containing protein,Unmatched,0,0,0
FKFHLE_19615 sensor histidine kinase,Unmatched,0,0,0
FKFHLE_19620 saccharopine dehydrogenase,Unmatched,0,0,0
FKFHLE_19625 mechanosensitive ion channel protein,Unmatched,0,0,0
FKFHLE_19630 Similar to tr|P73635|P73635,Unmatched,0,0,0
FKFHLE_19635 N-acetyltransferase,Unmatched,0,0,0
"FKFHLE_19640 TamB, inner membrane protein subunit of TAM complex",Unmatched,0,0,0
FKFHLE_19645 S-layer protein,Unmatched,0,0,0
FKFHLE_19650 glucose-6-phosphate dehydrogenase,Unmatched,0,0,0
FKFHLE_19655 glucose-6-phosphate dehydrogenase assembly protein OpcA,Unmatched,0,0,0
FKFHLE_19660 Putative restriction endonuclease,Unmatched,0,0,0
FKFHLE_19665 Phosphoglycerate kinase,Unmatched,0,0,0
FKFHLE_19670 universal stress protein,Unmatched,0,0,0
FKFHLE_19675 photosystem I reaction center protein subunit XI,Unmatched,0,0,0
FKFHLE_19680 photosystem I reaction center subunit VIII,Unmatched,0,0,0
FKFHLE_19685 hybrid sensor histidine kinase/response regulator,Unmatched,0,0,0
FKFHLE_19690 cobaltochelatase subunit CobN,Unmatched,0,0,0
FKFHLE_19695 ATPase,Unmatched,0,0,0
FKFHLE_19700 hypothetical protein,Unmatched,0,0,0
FKFHLE_19705 homoserine kinase,Unmatched,0,0,0
FKFHLE_19710 hypothetical protein,Unmatched,0,0,0
FKFHLE_19715 DUF29 domain-containing protein,Unmatched,0,0,0
FKFHLE_19720 Nuclease subunit of the excinuclease complex,Unmatched,0,0,0
FKFHLE_19725 Sua5/YciO/YrdC/YwlC family protein,Unmatched,0,0,0
FKFHLE_19730 sensor histidine kinase,Unmatched,0,0,0
FKFHLE_19735 GNAT family N-acetyltransferase,Unmatched,0,0,0
FKFHLE_19740 carbohydrate kinase,Unmatched,0,0,0
FKFHLE_19745 hypothetical protein,Unmatched,0,0,0
FKFHLE_19750 DUF6603 domain-containing protein,Unmatched,0,0,0
FKFHLE_19755 hypothetical protein,Unmatched,0,0,0
"FKFHLE_19760 Glycosyl transferase family, a/b domain-containing protein",Unmatched,0,0,0
FKFHLE_19765 LysR family transcriptional regulator,Unmatched,0,0,0
FKFHLE_19770 magnesium chelatase ATPase subunit D,Unmatched,0,0,0
FKFHLE_19775 hypothetical protein,Unmatched,0,0,0
FKFHLE_19780 hypothetical protein,Unmatched,0,0,0
FKFHLE_19785 DUF1824 domain-containing protein,Unmatched,0,0,0
FKFHLE_19790 2-C-methyl-D-erythritol 4-phosphate cytidylyltransferase,Unmatched,0,0,0
FKFHLE_19795 Phosphomannomutase,Unmatched,0,0,0
"FKFHLE_19800 type II toxin-antitoxin system mRNA interferase toxin, RelE/StbE family",Unmatched,0,0,0
FKFHLE_19805 Similarity,Unmatched,0,0,0
FKFHLE_19810 Uncharacterized protein family UPF0150,Unmatched,0,0,0
FKFHLE_19815 hypothetical protein,Unmatched,0,0,0
FKFHLE_19820 polyphosphate kinase 1,Unmatched,0,0,0
FKFHLE_19825 DUF4435 domain-containing protein,Unmatched,0,0,0
FKFHLE_19830 excinuclease,Unmatched,0,0,0
FKFHLE_19835 hypothetical protein,Unmatched,0,0,0
FKFHLE_19850 non-ribosomal peptide synthetase,Unmatched,0,0,0
FKFHLE_19890 non-ribosomal peptide synthetase,Unmatched,0,0,0
FKFHLE_19905 porin,Unmatched,0,0,0
FKFHLE_19910 orotate phosphoribosyltransferase,Unmatched,0,0,0
FKFHLE_19915 NADH-quinone oxidoreductase subunit NuoH,Unmatched,0,0,0
FKFHLE_19920 photosynthetic/respiratory NAD(P)H-quinone oxidoreductase subunit I,Unmatched,0,0,0
FKFHLE_19925 NADH-quinone oxidoreductase subunit J,Unmatched,0,0,0
FKFHLE_19930 hypothetical protein,Unmatched,0,0,0
FKFHLE_19935 leucine-rich repeat domain-containing protein,Unmatched,0,0,0
FKFHLE_19940 hypothetical protein,Unmatched,0,0,0
FKFHLE_19945 hypothetical protein,Unmatched,0,0,0
FKFHLE_19950 hypothetical protein,Unmatched,0,0,0
FKFHLE_19955 hypothetical protein,Unmatched,0,0,0
FKFHLE_19960 AAA+ family ATPase,Unmatched,0,0,0
FKFHLE_19965 NAD(P)H-quinone oxidoreductase subunit 4L,Unmatched,0,0,0
FKFHLE_19970 dihydroxy-acid dehydratase,Unmatched,0,0,0
FKFHLE_19975 TPR domain protein component of TonB system,Unmatched,0,0,0
FKFHLE_19980 bacterioferritin,Unmatched,0,0,0
FKFHLE_19985 Iron permease FTR1 family,Unmatched,0,0,0
FKFHLE_19990 branched-chain amino acid ABC transporter substrate-binding protein,Unmatched,0,0,0
FKFHLE_19995 hypothetical protein,Unmatched,0,0,0
FKFHLE_20000 transposase,Unmatched,0,0,0
FKFHLE_20005 DUF1345 domain-containing protein,Unmatched,0,0,0
FKFHLE_20010 DUF29 domain-containing protein,Unmatched,0,0,0
FKFHLE_20015 Putative threonine/serine exporter,Unmatched,0,0,0
"FKFHLE_20020 O-linked N-acetylglucosamine transferase, SPINDLY family protein",Unmatched,0,0,0
FKFHLE_20025 NAD-dependent malic enzyme,Unmatched,0,0,0
FKFHLE_20030 D-alanyl-D-alanine carboxypeptidase,Unmatched,0,0,0
FKFHLE_20035 hypothetical protein,Unmatched,0,0,0
FKFHLE_20040 TIR domain-containing protein,Unmatched,0,0,0
FKFHLE_20045 HEAT repeat domain-containing protein,Unmatched,0,0,0
FKFHLE_20050 hypothetical protein,Unmatched,0,0,0
FKFHLE_20055 integron cassette protein,Unmatched,0,0,0
FKFHLE_20060 DUF4160 domain-containing protein,Unmatched,0,0,0
FKFHLE_20065 hypothetical protein,Unmatched,0,0,0
FKFHLE_20070 hypothetical protein,Unmatched,0,0,0
FKFHLE_20075 hypothetical protein,Unmatched,0,0,0
FKFHLE_20080 hypothetical protein,Unmatched,0,0,0
FKFHLE_20085 nucleic acid-binding protein,Unmatched,0,0,0
FKFHLE_20090 hypothetical protein,Unmatched,0,0,0
FKFHLE_20095 Agmatinase,Unmatched,0,0,0
FKFHLE_20100 DUF2283 domain-containing protein,Unmatched,0,0,0
FKFHLE_20105 AbrB/MazE/SpoVT family DNA-binding domain-containing protein,Unmatched,0,0,0
FKFHLE_20110 type II toxin-antitoxin system death-on-curing family toxin,Unmatched,0,0,0
FKFHLE_20115 hypothetical protein,Unmatched,0,0,0
FKFHLE_20120 DUF627 domain-containing protein,Unmatched,0,0,0
FKFHLE_20125 Transposase,Unmatched,0,0,0
FKFHLE_20130 Ni/Fe hydrogenase subunit alpha,Unmatched,0,0,0
FKFHLE_20135 hypothetical protein,Unmatched,0,0,0
"FKFHLE_20140 RNA polymerase sigma factor, RpoD/SigA family",Unmatched,0,0,0
FKFHLE_20145 DUF29 domain-containing protein,Unmatched,0,0,0
FKFHLE_20150 SycD/LcrH family type III secretion system chaperone,Unmatched,0,0,0
FKFHLE_20155 phycocyanin alpha phycocyanobilin lyase,Unmatched,0,0,0
FKFHLE_20160 putative UDP-N-acetylglucosamine--peptide N-acetylglucosaminyltransferase SPINDLY,Unmatched,0,0,0
FKFHLE_20165 ABC transporter ATP-binding protein,Unmatched,0,0,0
FKFHLE_20170 hypothetical protein,Unmatched,0,0,0
FKFHLE_20175 sulfotransferase family protein,Unmatched,0,0,0
FKFHLE_20180 50S ribosomal protein L31,Unmatched,0,0,0
FKFHLE_20185 30S ribosomal protein S9,Unmatched,0,0,0
FKFHLE_20190 50S ribosomal protein L13,Unmatched,0,0,0
FKFHLE_20195 tRNA pseudouridine(38-40) synthase TruA,Unmatched,0,0,0
FKFHLE_20200 50S ribosomal protein L17,Unmatched,0,0,0
FKFHLE_20205 DNA-directed RNA polymerase subunit alpha,Unmatched,0,0,0
FKFHLE_20210 30S ribosomal protein S11,Unmatched,0,0,0
FKFHLE_20215 30S ribosomal protein S13,Unmatched,0,0,0
FKFHLE_20220 50S ribosomal protein L36,Unmatched,0,0,0
FKFHLE_20225 translation initiation factor IF-1,Unmatched,0,0,0
FKFHLE_20230 hypothetical protein,Unmatched,0,0,0
FKFHLE_20235 hypothetical protein,Unmatched,0,0,0
FKFHLE_20240 bifunctional riboflavin kinase/FAD synthetase,Unmatched,0,0,0
FKFHLE_20245 50S ribosomal protein L1,Unmatched,0,0,0
FKFHLE_20250 50S ribosomal protein L11,Unmatched,0,0,0
FKFHLE_20255 transcription termination/antitermination protein NusG,Unmatched,0,0,0
FKFHLE_20260 preprotein translocase subunit SecE,Unmatched,0,0,0
FKFHLE_20265 tRNA-Trp(cca),Unmatched,0,0,0
FKFHLE_20270 50S ribosomal protein L19,Unmatched,0,0,0
FKFHLE_20275 hypothetical protein,Unmatched,0,0,0
FKFHLE_20280 hypothetical protein,Unmatched,0,0,0
FKFHLE_20285 HicB-like domain-containing protein,Unmatched,0,0,0
FKFHLE_20290 hypothetical protein,Unmatched,0,0,0
FKFHLE_20295 hypothetical protein,Unmatched,0,0,0
"FKFHLE_20300 Cobalamin biosynthesis protein CobN, Mg-chelatase",Unmatched,0,0,0
FKFHLE_20305 Putative restriction endonuclease,Unmatched,0,0,0
FKFHLE_20310 cobalt ABC transporter,Unmatched,0,0,0
FKFHLE_20315 class II glutamine amidotransferase,Unmatched,0,0,0
FKFHLE_20320 threonine synthase,Unmatched,0,0,0
FKFHLE_20325 imidazoleglycerol-phosphate dehydratase HisB,Unmatched,0,0,0
FKFHLE_20330 TonB family protein,Unmatched,0,0,0
FKFHLE_20335 hypothetical protein,Unmatched,0,0,0
FKFHLE_20340 high light inducible protein,Unmatched,0,0,0
FKFHLE_20345 diaminopimelate epimerase,Unmatched,0,0,0
FKFHLE_20350 RNA-binding protein hfq,Unmatched,0,0,0
FKFHLE_20355 hypothetical protein,Unmatched,0,0,0
FKFHLE_20360 AbrB family transcriptional regulator,Unmatched,0,0,0
FKFHLE_20365 type II toxin-antitoxin system death-on-curing family toxin,Unmatched,0,0,0
FKFHLE_20370 hypothetical protein,Unmatched,0,0,0
FKFHLE_20375 serine/threonine kinase,Unmatched,0,0,0
FKFHLE_20380 hypothetical protein,Unmatched,0,0,0
FKFHLE_20385 type II toxin-antitoxin system RelE/ParE family toxin,Unmatched,0,0,0
FKFHLE_20390 polyketide biosynthesis operon protein CyrO,Unmatched,0,0,0
FKFHLE_20395 competence/damage-inducible protein A,Unmatched,0,0,0
FKFHLE_20400 hypothetical protein,Unmatched,0,0,0
FKFHLE_20405 molecular chaperone DnaK,Unmatched,0,0,0
FKFHLE_20410 Putative restriction endonuclease,Unmatched,0,0,0
FKFHLE_20415 hypothetical protein,Unmatched,0,0,0
FKFHLE_20420 Uma2 domain-containing protein,Unmatched,0,0,0
FKFHLE_20425 photosystem I iron-sulfur center protein PsaC,Unmatched,0,0,0
FKFHLE_20430 acetate--CoA ligase,Unmatched,0,0,0
FKFHLE_20435 Polysialic acid O-acetyltransferase,Unmatched,0,0,0
FKFHLE_20440 N-acetyltransferase,Unmatched,0,0,0
FKFHLE_20445 DUF1269 domain-containing protein,Unmatched,0,0,0
FKFHLE_20450 CP12 domain-containing protein,Unmatched,0,0,0
FKFHLE_20455 glycoside hydrolase,Unmatched,0,0,0
FKFHLE_20460 ribosomal protein S18-alanine N-acetyltransferase,Unmatched,0,0,0
FKFHLE_20465 photosystem II reaction center protein PsbH,Unmatched,0,0,0
FKFHLE_20470 TatA/E family twin arginine-targeting protein translocase,Unmatched,0,0,0
"FKFHLE_20475 1,4-alpha-glucan branching enzyme",Unmatched,0,0,0
FKFHLE_20480 Uncharacterized protein sll1735,Unmatched,0,0,0
FKFHLE_20485 hypothetical protein,Unmatched,0,0,0
FKFHLE_20490 alkene reductase,Unmatched,0,0,0
FKFHLE_20495 B12-binding domain-containing radical SAM protein,Unmatched,0,0,0
FKFHLE_20500 AAA family ATPase,Unmatched,0,0,0
FKFHLE_20505 arsenic transporter,Unmatched,0,0,0
FKFHLE_20510 gas vesicle protein,Unmatched,0,0,0
FKFHLE_20515 gas vesicle protein,Unmatched,0,0,0
FKFHLE_20520 gas vesicle protein GvpG,Unmatched,0,0,0
FKFHLE_20525 protein gvpF/L,Unmatched,0,0,0
FKFHLE_20530 gas vesicle protein K,Unmatched,0,0,0
FKFHLE_20535 hypothetical protein,Unmatched,0,0,0
FKFHLE_20540 gas vesicle protein,Unmatched,0,0,0
FKFHLE_20545 gas vesicle protein,Unmatched,0,0,0
FKFHLE_20550 gas vesicle protein GvpN,Unmatched,0,0,0
FKFHLE_20555 gas vesicle protein,Unmatched,0,0,0
FKFHLE_20560 Gas vesicle structural protein,Unmatched,0,0,0
FKFHLE_20565 Gas vesicle structural protein,Unmatched,0,0,0
FKFHLE_20570 Gas vesicle structural protein,Unmatched,0,0,0
FKFHLE_20575 hypothetical protein,Unmatched,0,0,0
FKFHLE_20580 trans-splicing intein-formed DNA polymerase III subunit alpha C-terminal partner DnaE-C,Unmatched,0,0,0
FKFHLE_20585 peptidase M42,Unmatched,0,0,0
FKFHLE_20590 hypothetical protein,Unmatched,0,0,0
FKFHLE_20595 Bacterial cell division membrane protein,Unmatched,0,0,0
FKFHLE_20600 hypothetical protein,Unmatched,0,0,0
FKFHLE_20605 transposase,Unmatched,0,0,0
FKFHLE_20610 Formylglycine-generating enzyme family protein,Unmatched,0,0,0
FKFHLE_20615 Hemolysin-type calcium-binding repeat family protein,Unmatched,0,0,0
FKFHLE_20620 CDP-diacylglycerol--glycerol-3-phosphate 3-phosphatidyltransferase,Unmatched,0,0,0
FKFHLE_20625 acyl-CoA desaturase,Unmatched,0,0,0
FKFHLE_20630 ACP S-malonyltransferase,Unmatched,0,0,0
FKFHLE_20635 3-oxoacyl-[acyl-carrier-protein] synthase 3,Unmatched,0,0,0
FKFHLE_20640 phosphate acyltransferase PlsX,Unmatched,0,0,0
FKFHLE_20645 D-alanyl-D-alanine carboxypeptidase/D-alanyl-D-alanine-endopeptidase,Unmatched,0,0,0
FKFHLE_20650 N-acetyl-gamma-glutamyl-phosphate reductase,Unmatched,0,0,0
FKFHLE_20655 DUF3146 domain-containing protein,Unmatched,0,0,0
FKFHLE_20660 TIGR00341 family protein,Unmatched,0,0,0
FKFHLE_20665 tRNA-His(gtg),Unmatched,0,0,0
FKFHLE_20670 hypothetical protein,Unmatched,0,0,0
FKFHLE_20675 DUF3122 domain-containing protein,Unmatched,0,0,0
FKFHLE_20680 chloride channel protein,Unmatched,0,0,0
FKFHLE_20685 DUF1830 domain-containing protein,Unmatched,0,0,0
FKFHLE_20690 restriction endonuclease subunit R,Unmatched,0,0,0
FKFHLE_20695 DUF433 domain-containing protein,Unmatched,0,0,0
FKFHLE_20700 DUF5615 domain-containing protein,Unmatched,0,0,0
FKFHLE_20705 Putative restriction endonuclease,Unmatched,0,0,0
FKFHLE_20710 DNA polymerase,Unmatched,0,0,0
FKFHLE_20715 DUF86 domain-containing protein,Unmatched,0,0,0
"FKFHLE_20720 Type I restriction-modification system, specificity subunit S",Unmatched,0,0,0
FKFHLE_20725 GxxExxY protein,Unmatched,0,0,0
FKFHLE_20730 hypothetical protein,Unmatched,0,0,0
FKFHLE_20735 DNA methyltransferase,Unmatched,0,0,0
FKFHLE_20740 Gamma-glutamyltranspeptidase,Unmatched,0,0,0
FKFHLE_20745 hypothetical protein,Unmatched,0,0,0
FKFHLE_20750 ATPase-AAA-core domain-containing protein,Unmatched,0,0,0
FKFHLE_20755 photosystem I reaction center subunit X,Unmatched,0,0,0
FKFHLE_20760 divalent-cation tolerance protein CutA,Unmatched,0,0,0
FKFHLE_20765 Catabolite gene activator protein,Unmatched,0,0,0
FKFHLE_20770 hypothetical protein,Unmatched,0,0,0
FKFHLE_20775 hypothetical protein,Unmatched,0,0,0
FKFHLE_20780 xisH family protein,Unmatched,0,0,0
FKFHLE_20785 Cell division trigger factor,Unmatched,0,0,0
FKFHLE_20790 carbon dioxide-concentrating protein CcmK,Unmatched,0,0,0
FKFHLE_20795 carbon dioxide-concentrating mechanism protein CcmK,Unmatched,0,0,0
FKFHLE_20800 peptide-methionine (S)-S-oxide reductase,Unmatched,0,0,0
FKFHLE_20805 3-methyl-2-oxobutanoate hydroxymethyltransferase,Unmatched,0,0,0
FKFHLE_20810 magnesium protoporphyrin IX methyltransferase,Unmatched,0,0,0
FKFHLE_20815 pyruvate kinase,Unmatched,0,0,0
FKFHLE_20820 DUF3086 domain-containing protein,Unmatched,0,0,0
FKFHLE_20825 Glycerol dehydrogenase,Unmatched,0,0,0
FKFHLE_20830 manganese ABC transporter ATP-binding protein,Unmatched,0,0,0
FKFHLE_20835 signal recognition particle-docking protein FtsY,Unmatched,0,0,0
FKFHLE_20840 DNA-binding response regulator,Unmatched,0,0,0
FKFHLE_20845 pyruvate phosphate dikinase PEP/pyruvate-binding protein,Unmatched,0,0,0
FKFHLE_20850 Putative restriction endonuclease,Unmatched,0,0,0
FKFHLE_20855 Arylsulfatase,Unmatched,0,0,0
FKFHLE_20860 AraC family transcriptional regulator,Unmatched,0,0,0
FKFHLE_20865 urease accessory protein UreJ,Unmatched,0,0,0
FKFHLE_20870 SAM-dependent methyltransferase,Unmatched,0,0,0
FKFHLE_20875 HcyBio domain-containing protein,Unmatched,0,0,0
FKFHLE_20880 hypothetical protein,Unmatched,0,0,0
FKFHLE_20885 low-complexity protein,Unmatched,0,0,0
FKFHLE_20890 lipoyl(octanoyl) transferase LipB,Unmatched,0,0,0
FKFHLE_20920 30S ribosomal protein S4,Unmatched,0,0,0
FKFHLE_20925 BFN domain-containing protein,Unmatched,0,0,0
FKFHLE_20930 ABC transporter permease,Unmatched,0,0,0
FKFHLE_20935 glucose-6-phosphate isomerase,Unmatched,0,0,0
FKFHLE_20940 tRNA dihydrouridine synthase DusB,Unmatched,0,0,0
FKFHLE_20945 NTPase (NACHT family),Unmatched,0,0,0
FKFHLE_20950 hypothetical protein,Unmatched,0,0,0
FKFHLE_20955 hypothetical protein,Unmatched,0,0,0
FKFHLE_20960 hypothetical protein,Unmatched,0,0,0
FKFHLE_20965 hypothetical protein,Unmatched,0,0,0
FKFHLE_20970 fatty acid desaturase,Unmatched,0,0,0
FKFHLE_20975 DNA (cytosine-5-)-methyltransferase,Unmatched,0,0,0
FKFHLE_20980 HNH endonuclease,Unmatched,0,0,0
FKFHLE_20985 Peptidase-M15-3 domain-containing protein,Unmatched,0,0,0
FKFHLE_20990 PHB domain-containing protein,Unmatched,0,0,0
FKFHLE_20995 aspartate aminotransferase,Unmatched,0,0,0
FKFHLE_21000 SAM-dependent methyltransferase,Unmatched,0,0,0
FKFHLE_21005 DUF29 domain-containing protein,Unmatched,0,0,0
FKFHLE_21010 molybdopterin synthase sulfur carrier subunit,Unmatched,0,0,0
FKFHLE_21015 threonine synthase,Unmatched,0,0,0
FKFHLE_21020 16S rRNA (guanine(966)-N(2))-methyltransferase RsmD,Unmatched,0,0,0
FKFHLE_21025 uracil-DNA glycosylase,Unmatched,0,0,0
FKFHLE_21030 GTPase Era,Unmatched,0,0,0
FKFHLE_21035 hypothetical protein,Unmatched,0,0,0
FKFHLE_21040 serine/threonine protein kinase,Unmatched,0,0,0
FKFHLE_21045 protein kinase,Unmatched,0,0,0
FKFHLE_21050 serine protease,Unmatched,0,0,0
FKFHLE_21055 J domain-containing protein,Unmatched,0,0,0
FKFHLE_21060 Protein kinase domain-containing protein,Unmatched,0,0,0
FKFHLE_21065 hypothetical protein,Unmatched,0,0,0
"FKFHLE_21070 threonine ammonia-lyase, biosynthetic",Unmatched,0,0,0
FKFHLE_21075 16S rRNA (cytosine(1402)-N(4))-methyltransferase RsmH,Unmatched,0,0,0
FKFHLE_21080 hypothetical protein,Unmatched,0,0,0
FKFHLE_21085 Aspartate aminotransferase,Unmatched,0,0,0
FKFHLE_21090 Methyltransferase domain protein,Unmatched,0,0,0
FKFHLE_21095 Glycosyltransferase family 1 protein,Unmatched,0,0,0
FKFHLE_21100 Aspartate aminotransferase,Unmatched,0,0,0
FKFHLE_21105 pyridoxal phosphate-dependent aminotransferase,Unmatched,0,0,0
"FKFHLE_21110 transfer-messenger RNA, SsrA",Unmatched,0,0,0
FKFHLE_21115 hypothetical protein,Unmatched,0,0,0
FKFHLE_21120 Metalloprotease slr1322,Unmatched,0,0,0
FKFHLE_21125 DUF456 domain-containing protein,Unmatched,0,0,0
FKFHLE_21130 peptidase C69,Unmatched,0,0,0
FKFHLE_21135 DUF29 domain-containing protein,Unmatched,0,0,0
FKFHLE_21140 PEP-CTERM sorting domain-containing protein,Unmatched,0,0,0
FKFHLE_21145 3-phytase (Myo-inositol-hexaphosphate 3-phosphohydrolase),Unmatched,0,0,0
FKFHLE_21150 serine O-acetyltransferase,Unmatched,0,0,0
FKFHLE_21155 excinuclease ABC subunit UvrA,Unmatched,0,0,0
FKFHLE_21160 class I SAM-dependent methyltransferase,Unmatched,0,0,0
FKFHLE_21165 Similar to tr/Q8YK90/Q8YK90 (Modular protein),Unmatched,0,0,0
FKFHLE_21170 hypothetical protein,Unmatched,0,0,0
FKFHLE_21175 VapC toxin family PIN domain ribonuclease,Unmatched,0,0,0
FKFHLE_21180 tRNA-Xxx,Unmatched,0,0,0
FKFHLE_21185 hypothetical protein,Unmatched,0,0,0
FKFHLE_21190 Bifunctional 3-demethylubiquinone-9 3-methyltransferase/ 2-octaprenyl-6-hydroxy phenol methylase,Unmatched,0,0,0
FKFHLE_21195 glycosyl transferase family 2,Unmatched,0,0,0
FKFHLE_21200 Class I SAM-dependent methyltransferase,Unmatched,0,0,0
FKFHLE_21205 Glycos-transf-1 domain-containing protein,Unmatched,0,0,0
FKFHLE_21210 dTDP-Rha--alpha-D-GlcNAc-pyrophosphate polyprenol alpha-3-L-rhamnosyltransferase,Unmatched,0,0,0
FKFHLE_21215 UDP-glucose 4-epimerase,Unmatched,0,0,0
FKFHLE_21220 acetyl CoA synthetase subunit alpha,Unmatched,0,0,0
FKFHLE_21225 glycine cleavage system protein GcvH,Unmatched,0,0,0
FKFHLE_21230 molybdopterin-synthase adenylyltransferase MoeB,Unmatched,0,0,0
FKFHLE_21235 hypothetical protein,Unmatched,0,0,0
FKFHLE_21240 Trypco1 domain-containing protein,Unmatched,0,0,0
FKFHLE_21245 diguanylate cyclase,Unmatched,0,0,0
FKFHLE_21250 hypothetical protein,Unmatched,0,0,0
FKFHLE_21255 XisH protein,Unmatched,0,0,0
FKFHLE_21260 XisI protein,Unmatched,0,0,0
FKFHLE_21265 hypothetical protein,Unmatched,0,0,0
FKFHLE_21270 peptidoglycan editing factor PgeF,Unmatched,0,0,0
FKFHLE_21275 methionyl-tRNA formyltransferase,Unmatched,0,0,0
FKFHLE_21280 cyclic nucleotide-binding protein,Unmatched,0,0,0
FKFHLE_21285 TlyA family rRNA (cytidine-2'-O)-methyltransferase,Unmatched,0,0,0
FKFHLE_21290 hypothetical protein,Unmatched,0,0,0
FKFHLE_21295 4Fe-4S ferredoxin,Unmatched,0,0,0
FKFHLE_21300 single-stranded DNA-binding protein,Unmatched,0,0,0
FKFHLE_21305 hypothetical protein,Unmatched,0,0,0
FKFHLE_21310 Cof-type HAD-IIB family hydrolase,Unmatched,0,0,0
FKFHLE_21315 carboxymethylenebutenolidase,Unmatched,0,0,0
FKFHLE_21320 30S ribosomal protein S1,Unmatched,0,0,0
FKFHLE_21325 hypothetical protein,Unmatched,0,0,0
FKFHLE_21330 SAM-dependent methyltransferase,Unmatched,0,0,0
FKFHLE_21335 hydroxyacid dehydrogenase,Unmatched,0,0,0
FKFHLE_21340 DUF760 domain-containing protein,Unmatched,0,0,0
FKFHLE_21345 SMC-Scp complex subunit ScpB,Unmatched,0,0,0
FKFHLE_21350 inositol monophosphatase,Unmatched,0,0,0
FKFHLE_21355 ABC transporter,Unmatched,0,0,0
FKFHLE_21360 transposase,Unmatched,0,0,0
FKFHLE_21365 polyketide cyclase/dehydrase and lipid transport protein,Unmatched,0,0,0
FKFHLE_21370 acetolactate synthase large subunit,Unmatched,0,0,0
FKFHLE_21375 Rho termination protein,Unmatched,0,0,0
FKFHLE_21380 alpha-ribazole phosphatase,Unmatched,0,0,0
FKFHLE_21385 ATP-dependent zinc protease,Unmatched,0,0,0
FKFHLE_21390 glutathione S-transferase,Unmatched,0,0,0
FKFHLE_21395 DNA-binding response regulator,Unmatched,0,0,0
FKFHLE_21400 DNA-binding response regulator,Unmatched,0,0,0
FKFHLE_21405 hypothetical protein,Unmatched,0,0,0
"FKFHLE_21410 C-3',4' desaturase CrtD",Unmatched,0,0,0
FKFHLE_21415 restriction endonuclease,Unmatched,0,0,0
FKFHLE_21420 phycobiliprotein lyase,Unmatched,0,0,0
FKFHLE_21425 phycobilisome rod-core linker polypeptide CpcG,Unmatched,0,0,0
FKFHLE_21430 tRNA 2-thiouridine(34) synthase MnmA,Unmatched,0,0,0
FKFHLE_21435 hypothetical protein,Unmatched,0,0,0
FKFHLE_21440 alpha/beta hydrolase,Unmatched,0,0,0
FKFHLE_21445 universal stress protein,Unmatched,0,0,0
FKFHLE_21450 hypothetical protein,Unmatched,0,0,0
FKFHLE_21455 amine oxidase,Unmatched,0,0,0
FKFHLE_21460 HicB family protein,Unmatched,0,0,0
"FKFHLE_21465 HicA toxin of bacterial toxin-antitoxin,",Unmatched,0,0,0
FKFHLE_21470 hypothetical protein,Unmatched,0,0,0
FKFHLE_21475 hypothetical protein,Unmatched,0,0,0
FKFHLE_21480 dihem cytochrome c family protein,Unmatched,0,0,0
FKFHLE_21485 DUF4115 domain-containing protein,Unmatched,0,0,0
FKFHLE_21490 molybdenum cofactor biosynthesis protein,Unmatched,0,0,0
FKFHLE_21495 Urease accessory protein UreF,Unmatched,0,0,0
FKFHLE_21500 glycosyltransferase,Unmatched,0,0,0
FKFHLE_21505 hormogonium polysaccharide biosynthesis acetyltransferase HpsU,Unmatched,0,0,0
FKFHLE_21510 Putative restriction endonuclease,Unmatched,0,0,0
FKFHLE_21515 SAVED domain-containing protein,Unmatched,0,0,0
FKFHLE_21520 CRISPR-associated protein Cas10,Unmatched,0,0,0
FKFHLE_21525 CRISPR-associated protein Cmr3,Unmatched,0,0,0
FKFHLE_21530 hypothetical protein,Unmatched,0,0,0
FKFHLE_21535 CRISPR-associated protein Csm4,Unmatched,0,0,0
FKFHLE_21540 hypothetical protein,Unmatched,0,0,0
FKFHLE_21545 RAMP superfamily protein,Unmatched,0,0,0
FKFHLE_21550 DDE-Tnp-1 domain-containing protein,Unmatched,0,0,0
FKFHLE_21555 Leukotoxin,Unmatched,0,0,0