Tank,TimePoint,Date/Time,Green Algae,Bluegreen,Diatoms,Cryptophyta,Yellow substances,Total conc.,Transmission,Depth,Temp. Sample,ExperimentDate,WaterLocation,ExperimentJD,InitialFinal
C1,0,6/29/18 9:26,0.33,4.15,1.54,0,1.82,6.02,94.98,-0.01,24.42,6/28/18,WE4,180,Initial
C1,0,6/29/18 9:26,0,1.15,1.64,0,1.84,2.79,95.48,-0.01,24.43,6/28/18,WE4,180,Initial
C1,0,6/29/18 9:26,0,1.6,0,1.36,1.92,2.96,94.95,-0.01,24.41,6/28/18,WE4,180,Initial
C1,0,6/29/18 9:26,2.07,6.62,0.27,0,1.88,8.95,94.97,-0.01,24.42,6/28/18,WE4,180,Initial
C1,0,6/29/18 9:26,0,2.08,1.13,0,1.99,3.21,92.54,-0.02,24.43,6/28/18,WE4,180,Initial
C1,0,6/29/18 9:26,1.04,1.43,0.9,0,1.84,3.37,95.62,-0.01,24.42,6/28/18,WE4,180,Initial
C1,0,6/29/18 9:27,0,1.23,0.65,0.63,1.95,2.51,94.83,-0.01,24.43,6/28/18,WE4,180,Initial
C1,0,6/29/18 9:27,0,1.61,1.89,0,1.88,3.5,93.25,-0.01,24.44,6/28/18,WE4,180,Initial
C1,0,6/29/18 9:27,0,1.45,0,1.29,1.97,2.73,95.44,-0.01,24.42,6/28/18,WE4,180,Initial
C1,0,6/29/18 9:27,0.38,2.89,1.12,0,1.87,4.39,94.95,-0.01,24.43,6/28/18,WE4,180,Initial
C1,0,6/29/18 9:27,0,3.5,1.17,0,1.94,4.67,93.93,-0.01,24.44,6/28/18,WE4,180,Initial
C1,0,6/29/18 9:27,0.22,1.37,0.93,0.4,1.9,2.92,94.97,-0.01,24.44,6/28/18,WE4,180,Initial
C1,0,6/29/18 9:27,1.18,1.85,1.01,0,1.86,4.03,93.54,-0.02,24.43,6/28/18,WE4,180,Initial
C1,0,6/29/18 9:27,0,1.15,1.32,0.18,1.84,2.65,94.78,-0.01,24.44,6/28/18,WE4,180,Initial
C1,0,6/29/18 9:27,0,1.75,1.61,0,1.92,3.37,95,-0.01,24.43,6/28/18,WE4,180,Initial
C1,0,6/29/18 9:27,0.06,1.17,1.63,0,1.86,2.87,94.6,-0.01,24.44,6/28/18,WE4,180,Initial
C1,0,6/29/18 9:27,1.57,2.52,0.78,0,1.85,4.87,94.64,-0.01,24.44,6/28/18,WE4,180,Initial
C1,0,6/29/18 9:27,0,1.92,1.2,0.46,1.85,3.57,94.64,-0.01,24.43,6/28/18,WE4,180,Initial
C1,0,6/29/18 9:27,0,1.23,1.58,0,1.87,2.81,94.76,-0.02,24.43,6/28/18,WE4,180,Initial
C1,0,6/29/18 9:27,0,2.36,0,1.27,1.89,3.63,94.56,-0.01,24.43,6/28/18,WE4,180,Initial
C1,0,6/29/18 9:27,0.53,2.6,1.25,0,1.77,4.38,94.85,-0.01,24.44,6/28/18,WE4,180,Initial
C1,0,6/29/18 9:27,2.63,6.78,0.25,0,1.68,9.66,94.49,-0.01,24.44,6/28/18,WE4,180,Initial
C1,0,6/29/18 9:27,0,2.59,1.76,0.07,1.8,4.42,94.32,-0.01,24.44,6/28/18,WE4,180,Initial
C1,0,6/29/18 9:27,0,2.78,0,1.47,1.96,4.25,94.91,-0.01,24.44,6/28/18,WE4,180,Initial
C1,0,6/29/18 9:27,1.44,5.65,1.03,0,1.78,8.13,92.65,-0.01,24.44,6/28/18,WE4,180,Initial
C1,0,6/29/18 9:27,0.25,0.94,1.38,0,1.86,2.57,95.05,-0.01,24.45,6/28/18,WE4,180,Initial
C1,0,6/29/18 9:27,0,2.25,0,1.34,1.98,3.6,94.59,-0.01,24.45,6/28/18,WE4,180,Initial
C1,0,6/29/18 9:27,0,3.53,0,1.18,1.98,4.71,93.79,-0.01,24.45,6/28/18,WE4,180,Initial
C2,0,6/29/18 9:35,0.52,0.83,1.23,0,1.83,2.58,94.13,0.01,24.67,6/28/18,WE4,180,Initial
C2,0,6/29/18 9:35,0,0.95,1.54,0,1.83,2.49,94.52,-0.01,24.68,6/28/18,WE4,180,Initial
C2,0,6/29/18 9:35,0,1.42,1.36,0,1.87,2.78,93.45,-0.01,24.67,6/28/18,WE4,180,Initial
C2,0,6/29/18 9:35,0.35,0.89,1.36,0,1.86,2.61,94.24,0.03,24.68,6/28/18,WE4,180,Initial
C2,0,6/29/18 9:36,0.95,1.24,1,0,1.82,3.2,93.88,0.03,24.67,6/28/18,WE4,180,Initial
C2,0,6/29/18 9:36,0.13,2.25,1.56,0,1.82,3.94,93.27,0,24.68,6/28/18,WE4,180,Initial
C2,0,6/29/18 9:36,0.02,1.85,1.67,0,1.8,3.55,93.03,-0.01,24.68,6/28/18,WE4,180,Initial
C2,0,6/29/18 9:36,0,1.59,1.41,0,1.84,3,93.18,-0.02,24.68,6/28/18,WE4,180,Initial
C2,0,6/29/18 9:36,0.61,2.14,1.39,0,1.74,4.14,92.83,-0.01,24.67,6/28/18,WE4,180,Initial
C2,0,6/29/18 9:36,0.43,0.95,1.19,0,1.84,2.58,93.28,0.01,24.68,6/28/18,WE4,180,Initial
C2,0,6/29/18 9:36,1.05,0.67,0.94,0,1.76,2.67,94.01,0.03,24.68,6/28/18,WE4,180,Initial
C2,0,6/29/18 9:36,0.34,0.91,1.29,0,1.83,2.54,93.47,-0.01,24.68,6/28/18,WE4,180,Initial
C2,0,6/29/18 9:36,1.1,1.07,0.93,0,1.78,3.09,94.78,0.03,24.68,6/28/18,WE4,180,Initial
C2,0,6/29/18 9:36,0.18,0.87,1.35,0,1.84,2.4,93.81,0,24.68,6/28/18,WE4,180,Initial
C2,0,6/29/18 9:36,0.03,1.54,1.61,0,1.81,3.18,93.23,0.01,24.69,6/28/18,WE4,180,Initial
C2,0,6/29/18 9:36,0.01,1.73,1.45,0,1.87,3.19,93.12,0,24.68,6/28/18,WE4,180,Initial
C2,0,6/29/18 9:36,0.33,1.66,1.17,0,1.87,3.16,93.14,0,24.68,6/28/18,WE4,180,Initial
C2,0,6/29/18 9:36,0.32,1.26,1.21,0,1.87,2.79,93.53,0,24.68,6/28/18,WE4,180,Initial
C2,0,6/29/18 9:36,0,1.21,1.55,0,1.81,2.76,93.74,0.01,24.68,6/28/18,WE4,180,Initial
C2,0,6/29/18 9:36,1.3,3.49,0.77,0,1.76,5.56,93.17,-0.01,24.69,6/28/18,WE4,180,Initial
C2,0,6/29/18 9:36,0,2.65,1.83,0,1.79,4.48,93.59,0.01,24.68,6/28/18,WE4,180,Initial
C2,0,6/29/18 9:36,0,1.73,1.68,0,1.84,3.41,93.54,0,24.68,6/28/18,WE4,180,Initial
C2,0,6/29/18 9:36,0.63,1.66,1.37,0,1.77,3.66,93.43,0,24.69,6/28/18,WE4,180,Initial
C2,0,6/29/18 9:36,0.66,0.94,1.13,0,1.81,2.73,93.3,0,24.68,6/28/18,WE4,180,Initial
C2,0,6/29/18 9:36,0.53,1.01,1.26,0,1.84,2.8,93.82,0,24.68,6/28/18,WE4,180,Initial
C2,0,6/29/18 9:36,0.73,1.5,0.99,0,1.82,3.21,93.7,0,24.68,6/28/18,WE4,180,Initial
C2,0,6/29/18 9:36,0,1.16,0.42,0.75,1.9,2.32,93.74,0.01,24.68,6/28/18,WE4,180,Initial
C2,0,6/29/18 9:36,0.47,1.34,1.17,0,1.79,2.99,93.41,-0.01,24.69,6/28/18,WE4,180,Initial
C3,0,6/29/18 9:41,0,1.62,1.65,0,1.89,3.26,93.36,0,24.8,6/28/18,WE4,180,
C3,0,6/29/18 9:41,0,1.15,1.58,0.24,1.88,2.96,94.29,0,24.8,6/28/18,WE4,180,
C3,0,6/29/18 9:41,0,1.55,1.15,0.55,1.89,3.25,93.99,-0.01,24.8,6/28/18,WE4,180,
C3,0,6/29/18 9:41,0,2.29,1.84,0,1.82,4.14,93.74,-0.01,24.8,6/28/18,WE4,180,
C3,0,6/29/18 9:41,0.16,1.82,1.57,0,1.87,3.54,93.44,0,24.8,6/28/18,WE4,180,
C3,0,6/29/18 9:41,0.13,1.69,1.65,0,1.89,3.47,93.99,0,24.79,6/28/18,WE4,180,
C3,0,6/29/18 9:41,0,1.27,1.7,0,1.87,2.97,93.66,-0.01,24.8,6/28/18,WE4,180,
C3,0,6/29/18 9:41,0,1.56,1.78,0,1.84,3.34,93.47,0,24.79,6/28/18,WE4,180,
C3,0,6/29/18 9:41,0,2,1.58,0,1.9,3.58,93.73,0,24.8,6/28/18,WE4,180,
C3,0,6/29/18 9:41,0,1.42,1.48,0,1.88,2.9,93.59,0,24.8,6/28/18,WE4,180,
C3,0,6/29/18 9:41,0,2.07,2.01,0,1.83,4.08,94.06,-0.01,24.81,6/28/18,WE4,180,
C3,0,6/29/18 9:41,0.25,2.28,1.53,0,1.86,4.05,93.77,-0.01,24.8,6/28/18,WE4,180,
C3,0,6/29/18 9:41,0,2.39,1.83,0,1.83,4.23,93.97,-0.01,24.81,6/28/18,WE4,180,
C3,0,6/29/18 9:41,0,1.27,1.61,0,1.86,2.88,93.59,0,24.81,6/28/18,WE4,180,
C3,0,6/29/18 9:41,0,1.97,1.77,0,1.88,3.75,93.04,0,24.79,6/28/18,WE4,180,
C3,0,6/29/18 9:41,0.96,1.47,1.13,0,1.8,3.56,93.79,0,24.8,6/28/18,WE4,180,
C3,0,6/29/18 9:41,0,1.33,1.68,0,1.86,3.02,93.57,0,24.8,6/28/18,WE4,180,
C3,0,6/29/18 9:41,0,1.86,1.6,0,1.89,3.46,93.43,0,24.8,6/28/18,WE4,180,
C3,0,6/29/18 9:41,0.53,2,1.56,0,1.83,4.09,93.38,-0.01,24.8,6/28/18,WE4,180,
C3,0,6/29/18 9:41,0.4,3.57,1.69,0,1.79,5.66,93.33,-0.01,24.8,6/28/18,WE4,180,
C3,0,6/29/18 9:41,0,1.3,1.67,0,1.86,2.96,93.46,0,24.81,6/28/18,WE4,180,
C3,0,6/29/18 9:41,0,2.17,1.79,0,1.89,3.96,93.39,0,24.81,6/28/18,WE4,180,
C3,0,6/29/18 9:41,0,1.23,0.73,0.71,1.93,2.67,93.43,0,24.81,6/28/18,WE4,180,
C3,0,6/29/18 9:41,0,3.56,2.1,0,1.81,5.66,93,-0.01,24.81,6/28/18,WE4,180,
C3,0,6/29/18 9:41,0,1.03,1.61,0,1.86,2.64,93.1,0,24.81,6/28/18,WE4,180,
C3,0,6/29/18 9:41,0,2.12,1.61,0,1.88,3.73,93.05,0,24.82,6/28/18,WE4,180,
C3,0,6/29/18 9:41,0.22,2.84,1.37,0,1.85,4.43,93.7,0,24.8,6/28/18,WE4,180,
C3,0,6/29/18 9:41,0,1.16,1.6,0,1.88,2.76,93.42,0,24.81,6/28/18,WE4,180,
Q1,0,6/29/18 9:47,0.42,1.46,1.41,0,1.84,3.29,93.69,-0.01,24.94,6/28/18,WE4,180,
Q1,0,6/29/18 9:47,0,1.33,0.8,0.4,1.94,2.53,92.32,0,24.94,6/28/18,WE4,180,
Q1,0,6/29/18 9:47,0.3,1.16,1.59,0,1.85,3.05,93.1,0,24.94,6/28/18,WE4,180,
Q1,0,6/29/18 9:47,0.04,2.05,1.5,0,1.93,3.6,93.47,0,24.94,6/28/18,WE4,180,
Q1,0,6/29/18 9:47,1.01,2.31,1.21,0,1.8,4.53,93.68,0,24.94,6/28/18,WE4,180,
Q1,0,6/29/18 9:47,0,1.09,1.3,0,1.93,2.4,92.36,-0.01,24.94,6/28/18,WE4,180,
Q1,0,6/29/18 9:47,0.66,1.09,1.1,0,1.91,2.85,93.79,0,24.94,6/28/18,WE4,180,
Q1,0,6/29/18 9:47,0.78,1.32,1.24,0,1.86,3.35,93.82,-0.01,24.94,6/28/18,WE4,180,
Q1,0,6/29/18 9:47,0.47,1.65,1.62,0,1.83,3.75,92.8,0,24.94,6/28/18,WE4,180,
Q1,0,6/29/18 9:47,0.65,1.23,1.19,0,1.9,3.07,93.88,-0.01,24.94,6/28/18,WE4,180,
Q1,0,6/29/18 9:47,0.73,1.07,1.21,0,1.86,3.01,93.52,0,24.93,6/28/18,WE4,180,
Q1,0,6/29/18 9:47,0.87,0.85,1.59,0,1.67,3.31,92.04,-0.01,24.94,6/28/18,WE4,180,
Q1,0,6/29/18 9:48,0,1.47,1.85,0,1.72,3.32,93.54,-0.01,24.94,6/28/18,WE4,180,
Q1,0,6/29/18 9:48,0,1.19,1.41,0.06,1.86,2.66,92.01,-0.01,24.94,6/28/18,WE4,180,
Q1,0,6/29/18 9:48,0.13,1,1.51,0,1.92,2.63,93.77,0,24.94,6/28/18,WE4,180,
Q1,0,6/29/18 9:48,0,1.36,1.15,0,1.99,2.51,93.27,-0.01,24.94,6/28/18,WE4,180,
Q1,0,6/29/18 9:48,0,1.45,1.72,0,1.89,3.18,93.22,0,24.94,6/28/18,WE4,180,
Q1,0,6/29/18 9:48,1.16,1.44,1.05,0,1.85,3.65,94,-0.01,24.94,6/28/18,WE4,180,
Q1,0,6/29/18 9:48,0.27,1.02,1.48,0,1.9,2.77,92.78,0,24.94,6/28/18,WE4,180,
Q1,0,6/29/18 9:48,0.17,1.14,1.51,0,1.89,2.82,94.25,-0.01,24.94,6/28/18,WE4,180,
Q1,0,6/29/18 9:48,1.09,1.44,1.17,0,1.84,3.7,94.14,0,24.94,6/28/18,WE4,180,
Q1,0,6/29/18 9:48,0.75,2.17,1.25,0,1.8,4.16,93.46,0,24.94,6/28/18,WE4,180,
Q1,0,6/29/18 9:48,0,1.92,1.7,0,1.8,3.62,93.34,-0.01,24.94,6/28/18,WE4,180,
Q1,0,6/29/18 9:48,0.33,1.02,1.47,0,1.9,2.82,93.2,0,24.93,6/28/18,WE4,180,
Q1,0,6/29/18 9:48,0,1.29,1.54,0.04,1.95,2.87,93.81,-0.01,24.94,6/28/18,WE4,180,
Q1,0,6/29/18 9:48,0.33,1.38,1.39,0,1.88,3.09,93.14,-0.01,24.93,6/28/18,WE4,180,
Q1,0,6/29/18 9:48,0.5,1.27,1.41,0,1.87,3.19,93.26,-0.01,24.95,6/28/18,WE4,180,
Q1,0,6/29/18 9:48,0.38,0.9,1.28,0,1.87,2.56,93.24,-0.01,24.95,6/28/18,WE4,180,
Q2,0,6/29/18 9:53,0,2.39,1.42,0,1.95,3.81,95.72,0,25.03,6/28/18,WE4,180,
Q2,0,6/29/18 9:53,0,2.3,1.47,0,1.92,3.77,95.66,-0.01,25.03,6/28/18,WE4,180,
Q2,0,6/29/18 9:53,0.09,3.66,0,0.97,2.14,4.71,95.22,-0.01,25.03,6/28/18,WE4,180,
Q2,0,6/29/18 9:53,0.03,1.13,1.42,0,1.96,2.58,95.62,0,25.03,6/28/18,WE4,180,
Q2,0,6/29/18 9:53,0.13,1.22,1.43,0,1.97,2.79,95.64,-0.01,25.03,6/28/18,WE4,180,
Q2,0,6/29/18 9:53,0,1.68,0.5,0.88,1.92,3.06,95.16,0,25.03,6/28/18,WE4,180,
Q2,0,6/29/18 9:53,0.77,3.08,0.92,0,1.88,4.77,95.28,0,25.03,6/28/18,WE4,180,
Q2,0,6/29/18 9:53,0,2.3,1.65,0,1.9,3.95,95.24,0,25.03,6/28/18,WE4,180,
Q2,0,6/29/18 9:53,0,2.23,1.56,0,1.93,3.79,94.85,0,25.03,6/28/18,WE4,180,
Q2,0,6/29/18 9:53,1.64,3.36,0.44,0,1.83,5.44,95.58,0,25.03,6/28/18,WE4,180,
Q2,0,6/29/18 9:53,0.33,1.96,1.08,0,1.97,3.38,95.21,0,25.03,6/28/18,WE4,180,
Q2,0,6/29/18 9:53,0.08,1.09,1.4,0,1.94,2.57,95.14,0,25.03,6/28/18,WE4,180,
Q2,0,6/29/18 9:53,0,2.35,1.47,0,1.91,3.82,95.29,0,25.03,6/28/18,WE4,180,
Q2,0,6/29/18 9:53,0.86,4.02,0.85,0,1.86,5.73,95.04,0,25.03,6/28/18,WE4,180,
Q2,0,6/29/18 9:53,0,1.86,0,1.34,1.93,3.2,95.1,0,25.02,6/28/18,WE4,180,
Q2,0,6/29/18 9:53,0.37,1.46,1.29,0,1.92,3.12,95.2,0,25.04,6/28/18,WE4,180,
Q2,0,6/29/18 9:53,0.28,2.58,1.29,0,1.91,4.16,95.47,0,25.02,6/28/18,WE4,180,
Q2,0,6/29/18 9:53,0.1,1.34,1.27,0,1.98,2.7,95.4,0,25.03,6/28/18,WE4,180,
Q2,0,6/29/18 9:53,0.34,1.62,1.14,0,1.94,3.1,95.49,0,25.04,6/28/18,WE4,180,
Q2,0,6/29/18 9:53,0,1.41,1.47,0,1.92,2.89,95.2,-0.01,25.04,6/28/18,WE4,180,
Q2,0,6/29/18 9:53,0.39,1.58,0.72,0.47,1.93,3.17,95.16,0,25.03,6/28/18,WE4,180,
Q2,0,6/29/18 9:53,0,4.73,1.83,0,1.85,6.56,95.01,0,25.04,6/28/18,WE4,180,
Q2,0,6/29/18 9:53,0,1.52,0.73,0.7,1.94,2.95,95,0,25.03,6/28/18,WE4,180,
Q2,0,6/29/18 9:53,0.36,1.25,1.14,0,1.94,2.75,95.49,0,25.04,6/28/18,WE4,180,
Q2,0,6/29/18 9:53,0.25,1.71,1.28,0,1.92,3.24,95.99,0,25.04,6/28/18,WE4,180,
Q2,0,6/29/18 9:53,0,1.59,1.2,0.15,1.96,2.94,95.69,0,25.04,6/28/18,WE4,180,
Q2,0,6/29/18 9:53,0,1.49,0.15,1.16,1.96,2.8,95.28,0,25.03,6/28/18,WE4,180,
Q2,0,6/29/18 9:53,0,1.29,1.4,0,1.97,2.69,95.06,0,25.03,6/28/18,WE4,180,
Q3,0,6/29/18 9:58,0.61,1.56,1.17,0,1.88,3.34,94.8,0.01,25.11,6/28/18,WE4,180,
Q3,0,6/29/18 9:58,0.27,0.86,1.35,0,1.86,2.49,94.21,0.01,25.12,6/28/18,WE4,180,
Q3,0,6/29/18 9:58,0,0.98,1.51,0,1.88,2.5,94.15,0.01,25.11,6/28/18,WE4,180,
Q3,0,6/29/18 9:58,0.41,1.01,1.27,0,1.88,2.69,94.42,0.01,25.12,6/28/18,WE4,180,
Q3,0,6/29/18 9:58,0,0.96,1.28,0,1.9,2.24,94.39,0.02,25.12,6/28/18,WE4,180,
Q3,0,6/29/18 9:58,0.41,0.87,1.27,0,1.86,2.56,94.59,0.01,25.12,6/28/18,WE4,180,
Q3,0,6/29/18 9:58,0.24,0.86,1.39,0,1.83,2.5,95.1,0.01,25.12,6/28/18,WE4,180,
Q3,0,6/29/18 9:58,0.24,0.78,1.36,0,1.85,2.38,94.21,0.01,25.12,6/28/18,WE4,180,
Q3,0,6/29/18 9:58,0.18,1.46,1.39,0,1.87,3.02,94.43,0.01,25.11,6/28/18,WE4,180,
Q3,0,6/29/18 9:58,0.41,1.7,1.34,0,1.81,3.44,94.68,0.01,25.12,6/28/18,WE4,180,
Q3,0,6/29/18 9:58,0.46,1.59,1.25,0,1.86,3.3,94.82,0.01,25.12,6/28/18,WE4,180,
Q3,0,6/29/18 9:58,0,1.39,1.51,0,1.89,2.9,94.63,0.01,25.11,6/28/18,WE4,180,
Q3,0,6/29/18 9:58,0.84,1.21,1.06,0,1.83,3.11,93.35,0.01,25.12,6/28/18,WE4,180,
Q3,0,6/29/18 9:58,0.18,1.05,1.36,0,1.89,2.59,94.09,0.01,25.13,6/28/18,WE4,180,
Q3,0,6/29/18 9:58,0.47,1.06,1.1,0,1.91,2.64,94.8,0.02,25.12,6/28/18,WE4,180,
Q3,0,6/29/18 9:58,0.49,0.95,1.16,0,1.9,2.6,94.49,0.01,25.12,6/28/18,WE4,180,
Q3,0,6/29/18 9:58,0.09,1.18,1.45,0,1.87,2.71,95.02,0.01,25.11,6/28/18,WE4,180,
Q3,0,6/29/18 9:58,0.47,1.24,1.36,0,1.82,3.06,94.05,0.01,25.12,6/28/18,WE4,180,
Q3,0,6/29/18 9:58,0.43,0.87,1.42,0,1.82,2.73,94.98,0.01,25.12,6/28/18,WE4,180,
Q3,0,6/29/18 9:58,0.76,1.44,1.24,0,1.81,3.43,94.92,0.01,25.11,6/28/18,WE4,180,
Q3,0,6/29/18 9:58,0.58,1.21,1.22,0,1.86,3.01,94.51,0.01,25.11,6/28/18,WE4,180,
Q3,0,6/29/18 9:58,0.55,0.76,1.21,0,1.84,2.51,94.5,0.02,25.12,6/28/18,WE4,180,
Q3,0,6/29/18 9:58,0.4,1.35,1.11,0,1.92,2.86,94.48,0.01,25.12,6/28/18,WE4,180,
Q3,0,6/29/18 9:58,1.14,1.86,0.92,0,1.8,3.92,94.09,0.01,25.12,6/28/18,WE4,180,
Q3,0,6/29/18 9:59,0.24,1.08,1.38,0,1.88,2.7,94.27,0.01,25.13,6/28/18,WE4,180,
Q3,0,6/29/18 9:59,0.53,2.1,1.19,0,1.84,3.82,93.72,0,25.13,6/28/18,WE4,180,
Q3,0,6/29/18 9:59,0.34,1.32,1.3,0,1.9,2.95,94.02,0.01,25.13,6/28/18,WE4,180,
Q3,0,6/29/18 9:59,0.53,1.16,1.24,0,1.88,2.94,93.68,0.01,25.13,6/28/18,WE4,180,
Q4,0,6/29/18 10:03,0.12,2.93,1.57,0,1.88,4.62,95.49,0.01,25.19,6/28/18,WE4,180,
Q4,0,6/29/18 10:03,0,2.24,1.76,0,1.87,3.99,94.65,0,25.19,6/28/18,WE4,180,
Q4,0,6/29/18 10:03,0.06,1.91,1.42,0,1.93,3.39,94.45,0.01,25.2,6/28/18,WE4,180,
Q4,0,6/29/18 10:03,0.49,1.55,1.7,0,1.85,3.73,95.34,-0.01,25.19,6/28/18,WE4,180,
Q4,0,6/29/18 10:03,0,1.24,1.48,0,1.88,2.72,95.38,-0.01,25.19,6/28/18,WE4,180,
Q4,0,6/29/18 10:03,0.61,1.53,1.17,0,1.87,3.32,95.08,0,25.19,6/28/18,WE4,180,
Q4,0,6/29/18 10:03,0.28,1.89,1.43,0,1.85,3.6,94.76,0,25.2,6/28/18,WE4,180,
Q4,0,6/29/18 10:03,0,2.03,0.31,1.05,1.96,3.39,94.13,0,25.18,6/28/18,WE4,180,
Q4,0,6/29/18 10:03,0,2.9,1.67,0,1.83,4.57,94.51,0,25.2,6/28/18,WE4,180,
Q4,0,6/29/18 10:03,0.91,1.78,0.92,0,1.87,3.6,94.93,0,25.19,6/28/18,WE4,180,
Q4,0,6/29/18 10:03,0,1.94,1.49,0.01,1.9,3.45,94.82,0,25.19,6/28/18,WE4,180,
Q4,0,6/29/18 10:03,0.1,0.97,1.45,0,1.89,2.52,94.94,0,25.19,6/28/18,WE4,180,
Q4,0,6/29/18 10:03,0,1.37,1.55,0,1.91,2.92,95,0.01,25.2,6/28/18,WE4,180,
Q4,0,6/29/18 10:03,0.33,1,1.34,0,1.9,2.68,94.72,0,25.2,6/28/18,WE4,180,
Q4,0,6/29/18 10:03,0.03,0.95,1.31,0,1.92,2.29,94.9,0,25.2,6/28/18,WE4,180,
Q4,0,6/29/18 10:03,0.02,1.27,1.57,0,1.89,2.86,94.63,0.01,25.19,6/28/18,WE4,180,
Q4,0,6/29/18 10:03,0,1.31,1.5,0,1.89,2.81,94.77,0.01,25.19,6/28/18,WE4,180,
Q4,0,6/29/18 10:03,0.32,1.59,1.42,0,1.89,3.34,94.57,0.01,25.19,6/28/18,WE4,180,
Q4,0,6/29/18 10:03,0.82,2.69,0.98,0,1.81,4.48,94.95,0,25.2,6/28/18,WE4,180,
Q4,0,6/29/18 10:03,0,1.66,1.56,0,1.9,3.22,94.7,-0.01,25.19,6/28/18,WE4,180,
Q4,0,6/29/18 10:03,0.09,1.43,1.56,0,1.88,3.07,94.55,0,25.2,6/28/18,WE4,180,
Q4,0,6/29/18 10:03,0,1.23,1.44,0,1.93,2.67,94.58,0,25.19,6/28/18,WE4,180,
Q4,0,6/29/18 10:03,0,1.19,0.89,0.42,1.94,2.5,94.51,0,25.19,6/28/18,WE4,180,
Q4,0,6/29/18 10:03,0,1.99,1.68,0,1.88,3.67,94.94,0,25.2,6/28/18,WE4,180,
Q4,0,6/29/18 10:03,0.92,2.33,1.08,0,1.88,4.33,94.4,0,25.2,6/28/18,WE4,180,
Q4,0,6/29/18 10:03,0,1.16,1.49,0,1.9,2.65,94.47,0,25.2,6/28/18,WE4,180,
Q4,0,6/29/18 10:04,0,0.9,1.52,0,1.88,2.41,95.1,0,25.19,6/28/18,WE4,180,
Q4,0,6/29/18 10:04,0.06,1.74,1.47,0,1.87,3.27,94.8,0.01,25.19,6/28/18,WE4,180,
C1,1,6/29/18 10:54,0.53,1.63,1.15,0,1.82,3.3,93.86,0,26.27,6/28/18,WE4,180,
C1,1,6/29/18 10:54,0.44,0.74,1.1,0,1.84,2.28,93.58,0,26.26,6/28/18,WE4,180,
C1,1,6/29/18 10:54,0.29,1.13,1.16,0,1.84,2.59,93.81,-0.01,26.27,6/28/18,WE4,180,
C1,1,6/29/18 10:54,0.07,1.26,1.31,0,1.84,2.64,93.32,-0.01,26.27,6/28/18,WE4,180,
C1,1,6/29/18 10:54,1.01,1.68,0.92,0,1.8,3.61,93.83,0,26.27,6/28/18,WE4,180,
C1,1,6/29/18 10:54,0.08,0.96,1.37,0,1.86,2.42,93.8,0,26.27,6/28/18,WE4,180,
C1,1,6/29/18 10:54,0.66,2.55,1.03,0,1.76,4.24,92.77,-0.01,26.28,6/28/18,WE4,180,
C1,1,6/29/18 10:54,0,1.32,1.44,0,1.83,2.76,93.41,0,26.29,6/28/18,WE4,180,
C1,1,6/29/18 10:54,0,1,1.49,0,1.82,2.49,93.35,0,26.29,6/28/18,WE4,180,
C1,1,6/29/18 10:54,0.55,1.64,1.09,0,1.8,3.29,93.43,0,26.27,6/28/18,WE4,180,
C1,1,6/29/18 10:54,0.53,1.21,1.06,0,1.86,2.8,93.88,0,26.27,6/28/18,WE4,180,
C1,1,6/29/18 10:54,0.4,1.41,1.31,0,1.83,3.12,93.67,0,26.29,6/28/18,WE4,180,
C1,1,6/29/18 10:55,0.7,0.88,1.12,0,1.78,2.7,93.36,-0.01,26.28,6/28/18,WE4,180,
C1,1,6/29/18 10:55,0.11,1.22,1.37,0,1.84,2.69,94.04,0,26.29,6/28/18,WE4,180,
C1,1,6/29/18 10:55,0.81,1.34,0.92,0,1.83,3.07,93.21,-0.01,26.29,6/28/18,WE4,180,
C1,1,6/29/18 10:55,0.44,1.52,1.19,0,1.83,3.15,93.37,0,26.28,6/28/18,WE4,180,
C1,1,6/29/18 10:55,0.35,1.04,1.37,0,1.82,2.76,93.1,0,26.28,6/28/18,WE4,180,
C1,1,6/29/18 10:55,1.11,1.61,0.98,0,1.76,3.7,93.32,0,26.29,6/28/18,WE4,180,
C1,1,6/29/18 10:55,0.84,1.49,1.04,0,1.78,3.37,92.92,0,26.29,6/28/18,WE4,180,
C1,1,6/29/18 10:55,0.77,0.98,0.92,0,1.83,2.67,93.27,0,26.29,6/28/18,WE4,180,
C1,1,6/29/18 10:55,0.07,0.84,1.3,0,1.84,2.2,92.86,0,26.28,6/28/18,WE4,180,
C1,1,6/29/18 10:55,0.58,1.07,1.01,0,1.84,2.66,93.34,0,26.28,6/28/18,WE4,180,
C1,1,6/29/18 10:55,0.45,1.45,1.2,0,1.79,3.11,92.49,0,26.29,6/28/18,WE4,180,
C1,1,6/29/18 10:55,0.21,0.76,1.33,0,1.81,2.3,93.66,0,26.27,6/28/18,WE4,180,
C1,1,6/29/18 10:55,0.09,1.02,1.38,0,1.82,2.48,92.69,-0.01,26.29,6/28/18,WE4,180,
C1,1,6/29/18 10:55,0.28,1.05,1.37,0,1.79,2.7,93.39,0,26.29,6/28/18,WE4,180,
C1,1,6/29/18 10:55,0.66,1.19,1.19,0,1.81,3.04,93.99,0,26.29,6/28/18,WE4,180,
C1,1,6/29/18 10:55,0.78,0.89,0.95,0,1.8,2.62,93.64,0,26.29,6/28/18,WE4,180,
C2,1,6/29/18 11:00,0.74,1.24,1.22,0,1.81,3.2,92.39,-0.01,26.33,6/28/18,WE4,180,
C2,1,6/29/18 11:00,0.17,0.83,1.44,0,1.81,2.44,93.1,-0.01,26.34,6/28/18,WE4,180,
C2,1,6/29/18 11:00,0,1.38,1.5,0,1.81,2.88,92.84,-0.01,26.33,6/28/18,WE4,180,
C2,1,6/29/18 11:00,0.5,1.3,1.19,0,1.83,3,92.78,-0.02,26.34,6/28/18,WE4,180,
C2,1,6/29/18 11:00,0,1.1,1.51,0,1.79,2.6,92.95,0,26.34,6/28/18,WE4,180,
C2,1,6/29/18 11:00,0.31,0.86,1.46,0,1.77,2.63,92.95,-0.01,26.34,6/28/18,WE4,180,
C2,1,6/29/18 11:00,0,1.08,1.66,0,1.8,2.75,93.04,-0.01,26.34,6/28/18,WE4,180,
C2,1,6/29/18 11:00,0.55,0.84,1.37,0,1.79,2.76,93.19,-0.01,26.33,6/28/18,WE4,180,
C2,1,6/29/18 11:00,0.93,1.32,1.22,0,1.75,3.47,93.21,-0.01,26.34,6/28/18,WE4,180,
C2,1,6/29/18 11:00,0.81,0.78,1.04,0,1.76,2.63,93.19,-0.01,26.34,6/28/18,WE4,180,
C2,1,6/29/18 11:00,0,1.11,1.49,0,1.82,2.6,92.98,0,26.33,6/28/18,WE4,180,
C2,1,6/29/18 11:00,0.12,1.15,1.29,0,1.83,2.55,92.58,-0.01,26.35,6/28/18,WE4,180,
C2,1,6/29/18 11:00,0,0.92,1.41,0.2,1.79,2.53,92.53,-0.01,26.34,6/28/18,WE4,180,
C2,1,6/29/18 11:00,0.01,0.78,1.42,0,1.82,2.21,92.93,-0.01,26.34,6/28/18,WE4,180,
C2,1,6/29/18 11:00,0,1.69,1.69,0,1.79,3.39,92.56,0,26.34,6/28/18,WE4,180,
C2,1,6/29/18 11:00,0.29,1.46,1.5,0,1.79,3.25,92.82,0,26.34,6/28/18,WE4,180,
C2,1,6/29/18 11:00,0.55,1.05,1.21,0,1.8,2.81,92.81,-0.01,26.33,6/28/18,WE4,180,
C2,1,6/29/18 11:00,0,0.89,1.57,0,1.79,2.46,92.74,0,26.35,6/28/18,WE4,180,
C2,1,6/29/18 11:00,0.21,0.74,1.4,0,1.78,2.35,92.57,-0.01,26.34,6/28/18,WE4,180,
C2,1,6/29/18 11:00,0,1.01,0.75,0.65,1.85,2.41,92.92,0,26.34,6/28/18,WE4,180,
C2,1,6/29/18 11:00,0,1.48,0.91,0.46,1.84,2.85,92.86,0,26.34,6/28/18,WE4,180,
C2,1,6/29/18 11:00,0.67,1.42,1.11,0,1.82,3.2,93.11,-0.01,26.34,6/28/18,WE4,180,
C2,1,6/29/18 11:00,0.32,0.8,1.28,0,1.79,2.39,93.04,-0.01,26.34,6/28/18,WE4,180,
C2,1,6/29/18 11:00,0.3,0.79,1.34,0,1.79,2.43,92.87,-0.01,26.34,6/28/18,WE4,180,
C2,1,6/29/18 11:00,0,1.1,1.49,0,1.8,2.59,92.63,-0.01,26.35,6/28/18,WE4,180,
C2,1,6/29/18 11:00,0.98,0.83,0.94,0,1.76,2.76,93.24,-0.01,26.35,6/28/18,WE4,180,
C2,1,6/29/18 11:00,0.16,0.69,1.46,0,1.78,2.31,92.35,0,26.34,6/28/18,WE4,180,
C2,1,6/29/18 11:00,0.6,0.92,1.17,0,1.78,2.69,92.63,-0.02,26.34,6/28/18,WE4,180,
C3,1,6/29/18 11:05,0.36,1,1.11,0,1.84,2.47,93.92,0,26.35,6/28/18,WE4,180,
C3,1,6/29/18 11:05,0.25,0.81,1.29,0,1.83,2.36,94.07,0,26.35,6/28/18,WE4,180,
C3,1,6/29/18 11:05,0,1,1.49,0,1.85,2.49,93.68,0,26.35,6/28/18,WE4,180,
C3,1,6/29/18 11:05,0.13,1.28,1.41,0,1.83,2.82,93.6,0,26.35,6/28/18,WE4,180,
C3,1,6/29/18 11:06,0,0.85,1.33,0,1.87,2.18,93.74,0,26.36,6/28/18,WE4,180,
C3,1,6/29/18 11:06,0.21,1.13,1.29,0,1.86,2.63,93.68,0,26.35,6/28/18,WE4,180,
C3,1,6/29/18 11:06,0.38,1.09,1.05,0,1.86,2.53,93.68,0,26.36,6/28/18,WE4,180,
C3,1,6/29/18 11:06,0.56,0.9,1.15,0,1.83,2.61,93.87,0,26.36,6/28/18,WE4,180,
C3,1,6/29/18 11:06,0.26,0.98,1.24,0,1.85,2.49,93.97,0,26.36,6/28/18,WE4,180,
C3,1,6/29/18 11:06,0.14,0.85,1.35,0,1.84,2.34,93.77,0,26.36,6/28/18,WE4,180,
C3,1,6/29/18 11:06,0.31,0.72,1.21,0,1.85,2.24,93.94,0,26.35,6/28/18,WE4,180,
C3,1,6/29/18 11:06,0.44,0.86,1.21,0,1.82,2.52,93.75,0.01,26.35,6/28/18,WE4,180,
C3,1,6/29/18 11:06,0.17,1.17,1.38,0,1.84,2.71,93.58,0.01,26.36,6/28/18,WE4,180,
C3,1,6/29/18 11:06,0.26,0.9,1.25,0,1.86,2.41,94.16,0,26.35,6/28/18,WE4,180,
C3,1,6/29/18 11:06,0.14,0.7,1.29,0,1.84,2.13,93.76,0,26.36,6/28/18,WE4,180,
C3,1,6/29/18 11:06,0.62,0.89,1.21,0,1.84,2.72,94.05,0,26.36,6/28/18,WE4,180,
C3,1,6/29/18 11:06,0.29,1.06,1.23,0,1.85,2.58,93.92,0.01,26.36,6/28/18,WE4,180,
C3,1,6/29/18 11:06,0.53,0.96,1.02,0,1.83,2.52,94.08,0,26.35,6/28/18,WE4,180,
C3,1,6/29/18 11:06,0,0.74,1.38,0,1.83,2.13,93.27,0,26.36,6/28/18,WE4,180,
C3,1,6/29/18 11:06,0.42,0.94,1.15,0,1.86,2.51,93.39,0,26.37,6/28/18,WE4,180,
C3,1,6/29/18 11:06,0.18,0.82,1.27,0,1.84,2.26,94.18,0,26.35,6/28/18,WE4,180,
C3,1,6/29/18 11:06,0.17,1.03,1.4,0,1.83,2.6,93.73,0,26.35,6/28/18,WE4,180,
C3,1,6/29/18 11:06,0.44,0.74,1.22,0,1.83,2.41,93.69,0,26.35,6/28/18,WE4,180,
C3,1,6/29/18 11:06,0.18,1.15,1.52,0,1.82,2.86,93.46,0,26.36,6/28/18,WE4,180,
C3,1,6/29/18 11:06,0.14,1.14,1.33,0,1.85,2.62,93.45,0,26.35,6/28/18,WE4,180,
C3,1,6/29/18 11:06,0.21,0.91,1.16,0,1.88,2.28,93.76,0,26.36,6/28/18,WE4,180,
C3,1,6/29/18 11:06,0.52,0.64,1.09,0,1.83,2.25,93.71,0,26.37,6/28/18,WE4,180,
C3,1,6/29/18 11:06,0.21,1.12,1.27,0,1.86,2.6,94.27,0,26.36,6/28/18,WE4,180,
Q1,1,6/29/18 11:11,0,0.73,0.96,0,1.83,1.7,97.84,0,26.37,6/28/18,WE4,180,
Q1,1,6/29/18 11:11,0,0.76,1.15,0,1.81,1.92,97.72,0,26.37,6/28/18,WE4,180,
Q1,1,6/29/18 11:11,0,0.98,1.17,0,1.8,2.15,97.5,-0.01,26.37,6/28/18,WE4,180,
Q1,1,6/29/18 11:11,0,1.34,0.97,0,1.86,2.31,96.95,-0.01,26.38,6/28/18,WE4,180,
Q1,1,6/29/18 11:11,0,1.15,1.03,0,1.81,2.18,97.14,-0.01,26.37,6/28/18,WE4,180,
Q1,1,6/29/18 11:11,0,0.8,1,0,1.84,1.79,97.19,-0.01,26.39,6/28/18,WE4,180,
Q1,1,6/29/18 11:11,0,0.97,0.96,0.18,1.82,2.11,97.65,0,26.37,6/28/18,WE4,180,
Q1,1,6/29/18 11:11,0.06,1.16,0.96,0,1.83,2.18,97.64,0,26.37,6/28/18,WE4,180,
Q1,1,6/29/18 11:11,0,1.16,1.04,0,1.83,2.21,97.18,0,26.38,6/28/18,WE4,180,
Q1,1,6/29/18 11:11,0,0.65,1,0,1.82,1.65,97.93,0,26.38,6/28/18,WE4,180,
Q1,1,6/29/18 11:11,0,0.99,1.03,0,1.85,2.02,97.62,-0.01,26.38,6/28/18,WE4,180,
Q1,1,6/29/18 11:11,0,1.43,0.99,0,1.84,2.43,97.47,0,26.38,6/28/18,WE4,180,
Q1,1,6/29/18 11:11,0,1.11,0.96,0,1.84,2.07,97.82,-0.01,26.38,6/28/18,WE4,180,
Q1,1,6/29/18 11:11,0,1.04,0.95,0,1.85,1.99,96.76,-0.01,26.39,6/28/18,WE4,180,
Q1,1,6/29/18 11:11,0,0.57,0.88,0,1.85,1.45,96.77,-0.01,26.38,6/28/18,WE4,180,
Q1,1,6/29/18 11:11,0,0.84,0.99,0,1.84,1.84,97.17,0,26.39,6/28/18,WE4,180,
Q1,1,6/29/18 11:11,0,0.91,1.02,0,1.86,1.93,97.35,0.01,26.38,6/28/18,WE4,180,
Q1,1,6/29/18 11:11,0.16,1.05,0.91,0,1.85,2.11,97.43,0,26.38,6/28/18,WE4,180,
Q1,1,6/29/18 11:11,0,0.85,1.06,0,1.84,1.91,97.17,0,26.38,6/28/18,WE4,180,
Q1,1,6/29/18 11:11,0,1.35,1.11,0,1.81,2.47,97.51,-0.01,26.37,6/28/18,WE4,180,
Q1,1,6/29/18 11:11,0,0.79,1.06,0,1.83,1.85,97.11,0,26.37,6/28/18,WE4,180,
Q1,1,6/29/18 11:11,0.3,0.88,0.78,0,1.81,1.96,97.28,0,26.39,6/28/18,WE4,180,
Q1,1,6/29/18 11:11,0,0.54,0.99,0,1.82,1.52,96.95,0,26.38,6/28/18,WE4,180,
Q1,1,6/29/18 11:11,0,1.04,1.08,0,1.84,2.12,96.66,0,26.38,6/28/18,WE4,180,
Q1,1,6/29/18 11:11,0,1.03,0.98,0,1.86,2.01,97.02,-0.01,26.38,6/28/18,WE4,180,
Q1,1,6/29/18 11:11,0.33,0.49,0.9,0,1.78,1.72,96.78,-0.01,26.39,6/28/18,WE4,180,
Q1,1,6/29/18 11:11,0,0.67,0.96,0,1.83,1.63,96.66,-0.01,26.38,6/28/18,WE4,180,
Q1,1,6/29/18 11:11,0.49,1.25,0.94,0,1.76,2.67,97.36,-0.01,26.38,6/28/18,WE4,180,
Q2,1,6/29/18 11:18,0.4,1.98,0.65,0,1.76,3.03,98.8,0,26.36,6/28/18,WE4,180,
Q2,1,6/29/18 11:18,0,0.4,0.77,0,1.88,1.17,99.19,-0.01,26.36,6/28/18,WE4,180,
Q2,1,6/29/18 11:18,0,0.35,0.94,0,1.83,1.29,99.48,0,26.36,6/28/18,WE4,180,
Q2,1,6/29/18 11:18,0,0.43,0.76,0,1.85,1.18,99.3,0.01,26.35,6/28/18,WE4,180,
Q2,1,6/29/18 11:18,0,0.41,0.75,0,1.85,1.16,98.9,0,26.36,6/28/18,WE4,180,
Q2,1,6/29/18 11:18,0,0.34,0.8,0,1.85,1.14,99.16,0,26.35,6/28/18,WE4,180,
Q2,1,6/29/18 11:18,0,0.33,0.76,0,1.86,1.09,99.09,0,26.36,6/28/18,WE4,180,
Q2,1,6/29/18 11:18,0,0.46,0.74,0,1.85,1.2,98.86,0,26.35,6/28/18,WE4,180,
Q2,1,6/29/18 11:18,0,0.53,0.93,0,1.83,1.45,98.91,0.01,26.36,6/28/18,WE4,180,
Q2,1,6/29/18 11:18,0.13,0.57,0.72,0,1.86,1.42,99.22,0.01,26.35,6/28/18,WE4,180,
Q2,1,6/29/18 11:18,0,0.71,0.77,0,1.89,1.48,98.91,-0.01,26.35,6/28/18,WE4,180,
Q2,1,6/29/18 11:18,0,0.8,0.73,0,1.88,1.54,98.98,0,26.35,6/28/18,WE4,180,
Q2,1,6/29/18 11:19,0,0.94,0.76,0.09,1.87,1.79,99.57,-0.01,26.35,6/28/18,WE4,180,
Q2,1,6/29/18 11:19,0,0.27,0.81,0,1.85,1.07,98.71,0,26.36,6/28/18,WE4,180,
Q2,1,6/29/18 11:19,0,0.5,0.75,0,1.87,1.26,99.4,-0.01,26.36,6/28/18,WE4,180,
Q2,1,6/29/18 11:19,0,1.59,0.82,0,1.8,2.41,98.78,-0.01,26.35,6/28/18,WE4,180,
Q2,1,6/29/18 11:19,0,0.83,0.67,0,1.88,1.49,99.48,-0.01,26.36,6/28/18,WE4,180,
Q2,1,6/29/18 11:19,0.36,2.22,0.62,0,1.8,3.2,99.27,0,26.37,6/28/18,WE4,180,
Q2,1,6/29/18 11:19,0,0.88,0.88,0,1.82,1.76,98.84,0,26.36,6/28/18,WE4,180,
Q2,1,6/29/18 11:19,0,0.74,0.81,0,1.87,1.55,98.85,0,26.37,6/28/18,WE4,180,
Q2,1,6/29/18 11:19,0.14,0.51,0.63,0,1.85,1.27,99.03,0,26.36,6/28/18,WE4,180,
Q2,1,6/29/18 11:19,0,0.34,0.81,0,1.86,1.15,98.43,0,26.36,6/28/18,WE4,180,
Q2,1,6/29/18 11:19,0,0.67,0.82,0,1.85,1.49,99.21,0,26.36,6/28/18,WE4,180,
Q2,1,6/29/18 11:19,0,0.42,0.8,0,1.82,1.21,98.41,0,26.36,6/28/18,WE4,180,
Q2,1,6/29/18 11:19,0,0.87,0.89,0,1.86,1.76,99.05,0,26.35,6/28/18,WE4,180,
Q2,1,6/29/18 11:19,0.07,0.39,0.68,0,1.85,1.14,99,0,26.36,6/28/18,WE4,180,
Q2,1,6/29/18 11:19,0,0.31,0.75,0,1.86,1.07,98.98,0,26.36,6/28/18,WE4,180,
Q2,1,6/29/18 11:19,0,0.25,0.71,0,1.85,0.95,99.12,0,26.35,6/28/18,WE4,180,
Q3,1,6/29/18 11:22,0,1.96,1.21,0,1.78,3.17,97.16,0.01,26.37,6/28/18,WE4,180,
Q3,1,6/29/18 11:22,0,0.61,1.15,0,1.77,1.76,96.75,0.01,26.37,6/28/18,WE4,180,
Q3,1,6/29/18 11:22,0,0.76,0.95,0,1.83,1.7,97.1,0,26.36,6/28/18,WE4,180,
Q3,1,6/29/18 11:22,0,0.47,1.06,0,1.78,1.54,96.88,0,26.36,6/28/18,WE4,180,
Q3,1,6/29/18 11:22,0,0.68,1.01,0,1.79,1.69,96.47,0,26.36,6/28/18,WE4,180,
Q3,1,6/29/18 11:22,0.31,0.75,0.86,0,1.76,1.92,96.93,0.01,26.35,6/28/18,WE4,180,
Q3,1,6/29/18 11:22,0,0.58,0.95,0,1.8,1.52,96.69,0.01,26.37,6/28/18,WE4,180,
Q3,1,6/29/18 11:22,0.15,0.34,0.96,0,1.81,1.44,96.6,0,26.37,6/28/18,WE4,180,
Q3,1,6/29/18 11:22,0,1.06,1.1,0,1.82,2.16,96.18,-0.01,26.35,6/28/18,WE4,180,
Q3,1,6/29/18 11:22,0.45,0.38,0.64,0,1.79,1.48,96.76,0,26.38,6/28/18,WE4,180,
Q3,1,6/29/18 11:22,0.31,0.47,0.81,0,1.79,1.59,96.8,0,26.37,6/28/18,WE4,180,
Q3,1,6/29/18 11:22,0.03,0.35,1.05,0,1.81,1.44,96.59,0.01,26.36,6/28/18,WE4,180,
Q3,1,6/29/18 11:22,0,0.36,0.9,0,1.8,1.26,97.01,0.01,26.37,6/28/18,WE4,180,
Q3,1,6/29/18 11:22,0.22,0.3,0.89,0,1.78,1.41,97.11,0,26.36,6/28/18,WE4,180,
Q3,1,6/29/18 11:22,0,0.63,1,0,1.82,1.63,96.79,0,26.37,6/28/18,WE4,180,
Q3,1,6/29/18 11:22,0.14,0.78,0.95,0,1.78,1.87,96.82,0.02,26.37,6/28/18,WE4,180,
Q3,1,6/29/18 11:22,0,0.48,0.99,0,1.8,1.47,96.65,0.03,26.35,6/28/18,WE4,180,
Q3,1,6/29/18 11:22,0,0.43,0.99,0,1.79,1.42,97,0,26.37,6/28/18,WE4,180,
Q3,1,6/29/18 11:22,0,0.39,0.99,0,1.81,1.38,96.84,0,26.37,6/28/18,WE4,180,
Q3,1,6/29/18 11:22,0.07,0.31,1.03,0,1.81,1.41,96.54,0.01,26.37,6/28/18,WE4,180,
Q3,1,6/29/18 11:22,0,0.55,1.08,0,1.78,1.63,96.45,0,26.37,6/28/18,WE4,180,
Q3,1,6/29/18 11:22,0.15,0.95,0.88,0,1.78,1.98,96.66,0,26.38,6/28/18,WE4,180,
Q3,1,6/29/18 11:22,0.17,0.51,0.97,0,1.79,1.64,96.6,-0.01,26.35,6/28/18,WE4,180,
Q3,1,6/29/18 11:22,0.14,0.47,1.03,0,1.78,1.64,96.01,0.02,26.37,6/28/18,WE4,180,
Q3,1,6/29/18 11:22,0.37,0.83,0.93,0,1.75,2.13,96.25,0,26.36,6/28/18,WE4,180,
Q3,1,6/29/18 11:22,0.18,0.34,1.09,0,1.76,1.61,95.86,0.01,26.38,6/28/18,WE4,180,
Q3,1,6/29/18 11:22,0,0.47,0.96,0,1.8,1.44,96.91,0,26.37,6/28/18,WE4,180,
Q3,1,6/29/18 11:22,0.07,0.61,0.84,0,1.8,1.53,96.5,0.01,26.37,6/28/18,WE4,180,
Q4,1,6/29/18 11:27,0.12,0.94,0.84,0,1.77,1.9,96.67,0,26.39,6/28/18,WE4,180,
Q4,1,6/29/18 11:27,0,6.22,1.83,0,1.5,8.05,96.65,-0.01,26.4,6/28/18,WE4,180,
Q4,1,6/29/18 11:27,0,2.07,0,1,1.8,3.07,96.77,0,26.4,6/28/18,WE4,180,
Q4,1,6/29/18 11:27,0,1.16,0,0.91,1.79,2.07,96.44,0,26.4,6/28/18,WE4,180,
Q4,1,6/29/18 11:27,0,0.72,0.96,0,1.76,1.68,96.59,0,26.39,6/28/18,WE4,180,
Q4,1,6/29/18 11:27,0,1.52,1.22,0,1.75,2.73,96.68,0,26.4,6/28/18,WE4,180,
Q4,1,6/29/18 11:27,0,1.74,0.38,0.75,1.8,2.88,96.27,0,26.39,6/28/18,WE4,180,
Q4,1,6/29/18 11:27,0,2.02,0,0.74,1.94,2.77,96.2,0,26.4,6/28/18,WE4,180,
Q4,1,6/29/18 11:27,0,1.31,0.72,0.45,1.71,2.47,96.42,0,26.4,6/28/18,WE4,180,
Q4,1,6/29/18 11:27,0,0.72,1.04,0,1.74,1.77,96.54,0,26.4,6/28/18,WE4,180,
Q4,1,6/29/18 11:27,0,4.33,1.33,0,1.69,5.65,96.73,0,26.4,6/28/18,WE4,180,
Q4,1,6/29/18 11:27,0.22,1.51,0.31,0.34,1.86,2.37,96.55,0,26.4,6/28/18,WE4,180,
Q4,1,6/29/18 11:27,0,0.33,1.01,0,1.76,1.34,96.34,0,26.4,6/28/18,WE4,180,
Q4,1,6/29/18 11:27,0,1.63,1.42,0,1.68,3.04,96.72,0,26.4,6/28/18,WE4,180,
Q4,1,6/29/18 11:27,0.13,0.71,0.89,0,1.75,1.72,96.77,0,26.4,6/28/18,WE4,180,
Q4,1,6/29/18 11:27,0,0.56,1.12,0,1.75,1.68,96.6,0,26.4,6/28/18,WE4,180,
Q4,1,6/29/18 11:27,0,0.65,1.04,0,1.77,1.69,97.14,0,26.4,6/28/18,WE4,180,
Q4,1,6/29/18 11:27,0,4.93,1.49,0,1.59,6.42,95.52,0,26.4,6/28/18,WE4,180,
Q4,1,6/29/18 11:27,1.84,6.63,0,0,1.56,8.47,96.25,0,26.4,6/28/18,WE4,180,
Q4,1,6/29/18 11:27,0,0.86,0.99,0,1.76,1.85,96.63,0,26.39,6/28/18,WE4,180,
Q4,1,6/29/18 11:27,0,0.9,1.06,0,1.75,1.96,96.64,-0.01,26.39,6/28/18,WE4,180,
Q4,1,6/29/18 11:27,0,0.96,1.04,0,1.76,1.99,96.84,0,26.4,6/28/18,WE4,180,
Q4,1,6/29/18 11:27,0,0.8,1,0,1.77,1.8,97.26,0.01,26.39,6/28/18,WE4,180,
Q4,1,6/29/18 11:27,0,1.14,0.94,0.12,1.76,2.2,96.6,-0.01,26.4,6/28/18,WE4,180,
Q4,1,6/29/18 11:27,0,0.51,1.02,0,1.75,1.53,97.11,0,26.4,6/28/18,WE4,180,
Q4,1,6/29/18 11:27,0,1.49,1.36,0,1.7,2.85,96.57,0,26.39,6/28/18,WE4,180,
Q4,1,6/29/18 11:27,0.24,3.04,1.6,0.1,1.76,4.98,95.99,0,26.4,6/28/18,WE4,180,
C1,FM,6/29/18 13:14,0.35,0.85,1.53,0,1.86,2.73,95.63,0,26.45,6/28/18,WE4,180,
C1,FM,6/29/18 13:14,0.09,1.11,1.48,0,1.86,2.68,96,0,26.46,6/28/18,WE4,180,
C1,FM,6/29/18 13:14,1.41,2.56,0.89,0,1.74,4.87,95.84,-0.01,26.45,6/28/18,WE4,180,
C1,FM,6/29/18 13:14,0.12,0.92,1.56,0,1.86,2.6,96.37,0,26.45,6/28/18,WE4,180,
C1,FM,6/29/18 13:14,0.38,0.93,1.46,0,1.84,2.78,95.73,0,26.45,6/28/18,WE4,180,
C1,FM,6/29/18 13:14,0.24,0.72,1.37,0,1.86,2.33,95.26,-0.01,26.45,6/28/18,WE4,180,
C1,FM,6/29/18 13:14,0.08,1.15,1.52,0,1.85,2.75,95.56,-0.01,26.45,6/28/18,WE4,180,
C1,FM,6/29/18 13:14,0.39,2.47,1.54,0,1.84,4.41,95.05,-0.01,26.45,6/28/18,WE4,180,
C1,FM,6/29/18 13:14,0.23,1.24,0.8,0.51,1.93,2.78,95.85,0,26.46,6/28/18,WE4,180,
C1,FM,6/29/18 13:14,0.35,0.96,1.43,0,1.86,2.74,95.83,0,26.45,6/28/18,WE4,180,
C1,FM,6/29/18 13:14,0.17,0.74,1.46,0,1.84,2.37,95.79,0,26.45,6/28/18,WE4,180,
C1,FM,6/29/18 13:14,0.32,0.86,1.53,0,1.81,2.7,95.26,0,26.45,6/28/18,WE4,180,
C1,FM,6/29/18 13:14,0.85,1.37,1.28,0,1.8,3.51,95.56,0,26.45,6/28/18,WE4,180,
C1,FM,6/29/18 13:14,0.29,0.88,1.38,0,1.85,2.54,95.25,0,26.45,6/28/18,WE4,180,
C1,FM,6/29/18 13:14,0.32,2.02,1.57,0,1.82,3.91,95.59,0,26.45,6/28/18,WE4,180,
C1,FM,6/29/18 13:14,0,1.41,0.9,0.53,1.94,2.85,95.64,0,26.45,6/28/18,WE4,180,
C1,FM,6/29/18 13:14,0.43,1.41,1.54,0,1.82,3.39,95.8,0,26.45,6/28/18,WE4,180,
C1,FM,6/29/18 13:14,0.42,1.35,1.5,0,1.81,3.26,94.95,0,26.45,6/28/18,WE4,180,
C1,FM,6/29/18 13:14,0.14,1.02,1.51,0,1.83,2.68,95.56,-0.01,26.45,6/28/18,WE4,180,
C1,FM,6/29/18 13:14,0.28,0.93,1.6,0,1.8,2.82,95.58,-0.01,26.45,6/28/18,WE4,180,
C1,FM,6/29/18 13:14,0.25,1.24,1.66,0,1.83,3.15,95.8,-0.01,26.45,6/28/18,WE4,180,
C1,FM,6/29/18 13:14,0,1.93,1.59,0.23,1.85,3.75,95.54,-0.03,26.45,6/28/18,WE4,180,
C1,FM,6/29/18 13:14,0,2.04,1.89,0.19,1.81,4.13,95.39,-0.01,26.45,6/28/18,WE4,180,
C1,FM,6/29/18 13:14,0.2,2.36,1.72,0,1.77,4.29,95.93,-0.01,26.45,6/28/18,WE4,180,
C1,FM,6/29/18 13:14,0.86,0.8,1.2,0,1.82,2.86,95.62,0,26.45,6/28/18,WE4,180,
C1,FM,6/29/18 13:14,0,2,1.88,0,1.8,3.88,95.34,-0.02,26.45,6/28/18,WE4,180,
C1,FM,6/29/18 13:15,0.92,0.8,1.32,0,1.78,3.04,95.13,-0.01,26.45,6/28/18,WE4,180,
C1,FM,6/29/18 13:15,0.47,0.92,1.45,0,1.8,2.84,95.31,-0.01,26.45,6/28/18,WE4,180,
C2,FM,6/29/18 13:17,0.34,0.86,1.53,0,1.86,2.73,94.43,0.04,26.5,6/28/18,WE4,180,
C2,FM,6/29/18 13:17,0.06,0.8,1.56,0,1.87,2.42,94.72,0.01,26.49,6/28/18,WE4,180,
C2,FM,6/29/18 13:17,0,0.97,1.81,0,1.86,2.78,95.2,0.03,26.49,6/28/18,WE4,180,
C2,FM,6/29/18 13:17,0.6,0.91,1.38,0,1.84,2.89,94.93,0.05,26.49,6/28/18,WE4,180,
C2,FM,6/29/18 13:17,0,0.88,1.67,0,1.85,2.55,94.48,0.03,26.49,6/28/18,WE4,180,
C2,FM,6/29/18 13:17,0,1.57,1.83,0,1.85,3.41,94.8,0.02,26.5,6/28/18,WE4,180,
C2,FM,6/29/18 13:17,0.02,1.59,1.69,0,1.88,3.3,94.49,0.01,26.49,6/28/18,WE4,180,
C2,FM,6/29/18 13:17,0.17,0.97,1.52,0,1.87,2.66,94.65,0.04,26.5,6/28/18,WE4,180,
C2,FM,6/29/18 13:17,0,1,1.72,0,1.85,2.71,95.09,0.01,26.49,6/28/18,WE4,180,
C2,FM,6/29/18 13:17,0,2.51,2.27,0,1.82,4.79,94.22,0.04,26.5,6/28/18,WE4,180,
C2,FM,6/29/18 13:17,0,4.03,2.07,0,1.77,6.1,94.77,0.03,26.49,6/28/18,WE4,180,
C2,FM,6/29/18 13:17,0.5,1.09,1.66,0,1.87,3.25,94.74,0.03,26.49,6/28/18,WE4,180,
C2,FM,6/29/18 13:17,0,0.88,0.67,0.88,1.9,2.43,94.3,0,26.49,6/28/18,WE4,180,
C2,FM,6/29/18 13:17,0.54,1.32,1.38,0,1.85,3.23,95.11,0.04,26.5,6/28/18,WE4,180,
C2,FM,6/29/18 13:17,0.2,1.11,1.47,0,1.87,2.77,94.19,0.04,26.49,6/28/18,WE4,180,
C2,FM,6/29/18 13:17,0.37,0.93,1.36,0,1.84,2.66,93.94,0.02,26.5,6/28/18,WE4,180,
C2,FM,6/29/18 13:17,0.6,0.9,1.34,0,1.84,2.83,94.18,0.02,26.5,6/28/18,WE4,180,
C2,FM,6/29/18 13:17,0.73,1.57,1.61,0,1.9,3.91,94.39,0.03,26.49,6/28/18,WE4,180,
C2,FM,6/29/18 13:17,0,1.69,1,0.54,1.97,3.23,94.15,0,26.49,6/28/18,WE4,180,
C2,FM,6/29/18 13:17,0,1.21,1.81,0,1.84,3.02,94.41,0.03,26.49,6/28/18,WE4,180,
C2,FM,6/29/18 13:17,0.78,1.15,1.28,0,1.84,3.21,94.45,0.01,26.49,6/28/18,WE4,180,
C2,FM,6/29/18 13:17,0.69,1.18,1.42,0,1.85,3.29,94.37,0.01,26.5,6/28/18,WE4,180,
C2,FM,6/29/18 13:17,0.02,0.97,1.73,0,1.88,2.73,94.08,0.03,26.49,6/28/18,WE4,180,
C2,FM,6/29/18 13:17,0,1.49,1.76,0,1.84,3.24,93.94,0.01,26.49,6/28/18,WE4,180,
C2,FM,6/29/18 13:17,0.48,0.7,1.42,0,1.84,2.61,94.73,0.01,26.5,6/28/18,WE4,180,
C2,FM,6/29/18 13:17,0,1.12,1.81,0,1.84,2.94,94.54,0.02,26.5,6/28/18,WE4,180,
C2,FM,6/29/18 13:17,0,0.98,1.69,0.27,1.85,2.94,94.6,0.01,26.49,6/28/18,WE4,180,
C3,FM,6/29/18 13:20,0,2.14,1.91,0,1.81,4.04,93.95,-0.02,26.51,6/28/18,WE4,180,
C3,FM,6/29/18 13:20,0.07,1,1.49,0,1.85,2.57,94.34,-0.04,26.5,6/28/18,WE4,180,
C3,FM,6/29/18 13:20,0.2,0.98,1.44,0,1.79,2.62,93.87,-0.05,26.51,6/28/18,WE4,180,
C3,FM,6/29/18 13:20,0.46,1.21,1.33,0,1.83,3.01,94.01,-0.04,26.51,6/28/18,WE4,180,
C3,FM,6/29/18 13:20,0.05,1.36,1.67,0,1.8,3.08,93.98,-0.05,26.52,6/28/18,WE4,180,
C3,FM,6/29/18 13:20,0,0.86,1.76,0,1.8,2.62,94.48,-0.04,26.51,6/28/18,WE4,180,
C3,FM,6/29/18 13:20,0.59,1.84,1.44,0,1.8,3.87,93.95,-0.04,26.5,6/28/18,WE4,180,
C3,FM,6/29/18 13:20,0.46,1.95,1.37,0,1.78,3.78,94.23,-0.04,26.5,6/28/18,WE4,180,
C3,FM,6/29/18 13:20,0.57,0.76,1.24,0,1.87,2.57,94.41,-0.04,26.51,6/28/18,WE4,180,
C3,FM,6/29/18 13:20,0.46,1.79,1.36,0,1.83,3.62,94.02,-0.04,26.51,6/28/18,WE4,180,
C3,FM,6/29/18 13:20,0.68,1.06,1.34,0,1.81,3.07,94.05,-0.04,26.51,6/28/18,WE4,180,
C3,FM,6/29/18 13:20,0.74,1.34,1.12,0,1.85,3.21,94.56,-0.04,26.52,6/28/18,WE4,180,
C3,FM,6/29/18 13:20,0,1.05,1.77,0,1.79,2.81,93.54,-0.04,26.5,6/28/18,WE4,180,
C3,FM,6/29/18 13:20,0.73,1.9,1.09,0,1.82,3.73,94.52,-0.04,26.51,6/28/18,WE4,180,
C3,FM,6/29/18 13:20,0.48,0.86,1.33,0,1.82,2.67,93.92,-0.04,26.51,6/28/18,WE4,180,
C3,FM,6/29/18 13:20,0.21,0.93,1.52,0,1.81,2.65,94.35,-0.04,26.51,6/28/18,WE4,180,
C3,FM,6/29/18 13:20,0.43,2.38,1.66,0,1.75,4.47,93.4,-0.04,26.5,6/28/18,WE4,180,
C3,FM,6/29/18 13:20,0.44,1.36,1.56,0,1.8,3.36,94.13,-0.03,26.51,6/28/18,WE4,180,
C3,FM,6/29/18 13:20,0.52,0.93,1.31,0,1.82,2.76,94.26,-0.04,26.51,6/28/18,WE4,180,
C3,FM,6/29/18 13:20,0.38,1.37,1.55,0,1.84,3.3,94.26,-0.04,26.51,6/28/18,WE4,180,
C3,FM,6/29/18 13:20,0,0.85,1.65,0,1.8,2.51,94.18,-0.04,26.51,6/28/18,WE4,180,
C3,FM,6/29/18 13:20,0.37,1.42,1.38,0,1.83,3.17,93.88,-0.04,26.52,6/28/18,WE4,180,
C3,FM,6/29/18 13:20,0.41,1.26,1.48,0,1.8,3.15,93.84,-0.04,26.51,6/28/18,WE4,180,
C3,FM,6/29/18 13:20,0.59,0.79,1.41,0,1.82,2.8,93.93,-0.04,26.51,6/28/18,WE4,180,
C3,FM,6/29/18 13:20,0.34,0.92,1.41,0,1.83,2.67,94.29,-0.04,26.5,6/28/18,WE4,180,
C3,FM,6/29/18 13:20,1.05,2.01,1.19,0,1.77,4.24,93.95,-0.04,26.5,6/28/18,WE4,180,
C3,FM,6/29/18 13:20,0.58,1.35,1.32,0,1.83,3.25,93.75,-0.04,26.51,6/28/18,WE4,180,
C3,FM,6/29/18 13:20,0.63,1,1.24,0,1.83,2.87,93.58,-0.03,26.5,6/28/18,WE4,180,
Q1,FM,6/29/18 13:22,0,1.09,1,0,1.83,2.09,95.02,0,26.53,6/28/18,WE4,180,
Q1,FM,6/29/18 13:22,0,0.81,0.85,0,1.86,1.66,94.92,0,26.54,6/28/18,WE4,180,
Q1,FM,6/29/18 13:22,0,0.82,1.04,0,1.86,1.86,95.42,0,26.55,6/28/18,WE4,180,
Q1,FM,6/29/18 13:22,0,2.24,1.81,0,1.78,4.05,94.55,0,26.53,6/28/18,WE4,180,
Q1,FM,6/29/18 13:22,0.47,2.98,1.12,0,1.74,4.57,94.97,0,26.53,6/28/18,WE4,180,
Q1,FM,6/29/18 13:22,0,0.77,1.08,0,1.8,1.84,94.68,0,26.54,6/28/18,WE4,180,
Q1,FM,6/29/18 13:22,0.5,1.29,0.76,0,1.79,2.55,95.17,-0.01,26.54,6/28/18,WE4,180,
Q1,FM,6/29/18 13:22,0,1.04,1.01,0,1.83,2.05,94.98,-0.01,26.54,6/28/18,WE4,180,
Q1,FM,6/29/18 13:22,0,1.18,0.89,0,1.84,2.07,95.66,0,26.54,6/28/18,WE4,180,
Q1,FM,6/29/18 13:22,0,0.72,1.1,0,1.79,1.82,95.34,0,26.53,6/28/18,WE4,180,
Q1,FM,6/29/18 13:22,0,1.45,1.06,0,1.79,2.51,94.92,0,26.53,6/28/18,WE4,180,
Q1,FM,6/29/18 13:22,0,1.11,0.99,0,1.84,2.1,95.3,0,26.53,6/28/18,WE4,180,
Q1,FM,6/29/18 13:22,0,0.96,0.87,0,1.86,1.83,94.64,0,26.53,6/28/18,WE4,180,
Q1,FM,6/29/18 13:22,0,1.22,1.06,0,1.79,2.27,95.13,0,26.53,6/28/18,WE4,180,
Q1,FM,6/29/18 13:22,0,0.61,0.9,0,1.83,1.51,94.99,0,26.54,6/28/18,WE4,180,
Q1,FM,6/29/18 13:22,0,0.63,0.95,0,1.82,1.59,94.89,0.01,26.54,6/28/18,WE4,180,
Q1,FM,6/29/18 13:22,0,1.14,1.16,0,1.83,2.3,95.08,0,26.54,6/28/18,WE4,180,
Q1,FM,6/29/18 13:23,0,0.8,0.98,0,1.87,1.78,95.11,0,26.53,6/28/18,WE4,180,
Q1,FM,6/29/18 13:23,0.48,1.16,0.64,0,1.8,2.28,95.28,0,26.54,6/28/18,WE4,180,
Q1,FM,6/29/18 13:23,0,1.81,1.36,0,1.82,3.17,94.93,-0.01,26.54,6/28/18,WE4,180,
Q1,FM,6/29/18 13:23,0.27,0.99,0.76,0,1.79,2.02,95.19,0,26.54,6/28/18,WE4,180,
Q1,FM,6/29/18 13:23,0.17,0.84,0.81,0,1.83,1.82,94.87,-0.01,26.53,6/28/18,WE4,180,
Q1,FM,6/29/18 13:23,0.06,0.65,0.9,0,1.84,1.61,94.51,-0.01,26.54,6/28/18,WE4,180,
Q1,FM,6/29/18 13:23,0,1.24,1.03,0,1.81,2.27,95.35,-0.01,26.53,6/28/18,WE4,180,
Q1,FM,6/29/18 13:23,0,0.85,1.26,0,1.79,2.11,95.2,-0.01,26.53,6/28/18,WE4,180,
Q1,FM,6/29/18 13:23,0,0.75,0.96,0,1.82,1.71,95.14,-0.01,26.54,6/28/18,WE4,180,
Q1,FM,6/29/18 13:23,0,0.72,0.92,0,1.82,1.64,94.84,-0.01,26.53,6/28/18,WE4,180,
Q1,FM,6/29/18 13:23,0.18,1.12,0.92,0,1.81,2.22,94.48,0,26.53,6/28/18,WE4,180,
Q2,FM,6/29/18 13:26,0.25,0.65,0.77,0,1.88,1.67,94.01,-0.01,26.53,6/28/18,WE4,180,
Q2,FM,6/29/18 13:26,0.16,0.59,0.84,0,1.91,1.59,94.27,-0.01,26.55,6/28/18,WE4,180,
Q2,FM,6/29/18 13:26,0.02,0.69,0.91,0,1.9,1.62,94.36,0,26.54,6/28/18,WE4,180,
Q2,FM,6/29/18 13:26,0.22,0.68,0.84,0,1.86,1.74,94.78,-0.01,26.54,6/28/18,WE4,180,
Q2,FM,6/29/18 13:26,0.44,0.83,0.72,0,1.87,1.99,94.62,-0.02,26.54,6/28/18,WE4,180,
Q2,FM,6/29/18 13:26,0.35,0.67,0.84,0,1.88,1.86,93.92,-0.01,26.54,6/28/18,WE4,180,
Q2,FM,6/29/18 13:26,0,0.58,0.93,0,1.88,1.51,94.25,-0.01,26.55,6/28/18,WE4,180,
Q2,FM,6/29/18 13:26,0.16,0.53,0.79,0,1.92,1.48,94.44,-0.01,26.54,6/28/18,WE4,180,
Q2,FM,6/29/18 13:26,0.05,1.02,0.94,0,1.91,2,94.3,-0.02,26.55,6/28/18,WE4,180,
Q2,FM,6/29/18 13:26,0,0.86,0.87,0,1.92,1.73,93.91,-0.01,26.55,6/28/18,WE4,180,
Q2,FM,6/29/18 13:26,0.29,0.88,0.73,0,1.91,1.9,94.21,-0.01,26.54,6/28/18,WE4,180,
Q2,FM,6/29/18 13:26,0.15,0.84,0.86,0,1.89,1.86,94.42,-0.01,26.55,6/28/18,WE4,180,
Q2,FM,6/29/18 13:26,0.18,0.48,0.81,0,1.87,1.47,94.48,-0.01,26.54,6/28/18,WE4,180,
Q2,FM,6/29/18 13:26,0.31,1.43,0.81,0,1.89,2.55,93.88,-0.01,26.54,6/28/18,WE4,180,
Q2,FM,6/29/18 13:26,0,0.64,0.91,0,1.9,1.55,93.84,-0.01,26.54,6/28/18,WE4,180,
Q2,FM,6/29/18 13:26,0.21,0.66,0.79,0,1.91,1.66,94.25,-0.01,26.55,6/28/18,WE4,180,
Q2,FM,6/29/18 13:26,0,0.66,0.94,0,1.9,1.6,93.9,-0.01,26.55,6/28/18,WE4,180,
Q2,FM,6/29/18 13:26,0.4,1.25,0.73,0,1.87,2.37,94.12,-0.01,26.55,6/28/18,WE4,180,
Q2,FM,6/29/18 13:26,0.29,0.79,0.75,0,1.89,1.83,94.1,-0.01,26.54,6/28/18,WE4,180,
Q2,FM,6/29/18 13:26,0.31,0.88,0.72,0,1.88,1.91,94.25,-0.01,26.55,6/28/18,WE4,180,
Q2,FM,6/29/18 13:26,0.33,0.57,0.73,0,1.88,1.63,93.64,-0.01,26.54,6/28/18,WE4,180,
Q2,FM,6/29/18 13:26,0,0.55,0.86,0,1.9,1.41,94.07,-0.01,26.54,6/28/18,WE4,180,
Q2,FM,6/29/18 13:26,0.03,1.15,0.88,0,1.92,2.06,94.2,-0.01,26.56,6/28/18,WE4,180,
Q2,FM,6/29/18 13:26,0.16,0.7,0.82,0,1.9,1.67,94.49,-0.01,26.55,6/28/18,WE4,180,
Q2,FM,6/29/18 13:26,0.09,0.48,0.84,0,1.89,1.4,94,-0.01,26.55,6/28/18,WE4,180,
Q2,FM,6/29/18 13:26,0,0.62,0.9,0,1.9,1.52,94.15,-0.01,26.55,6/28/18,WE4,180,
Q2,FM,6/29/18 13:27,0.19,0.55,0.9,0,1.88,1.64,94.25,-0.01,26.55,6/28/18,WE4,180,
Q3,FM,6/29/18 13:29,0,1.56,1.11,0,1.91,2.67,86.97,-0.01,26.56,6/28/18,WE4,180,
Q3,FM,6/29/18 13:29,0,9.08,1.4,0,2.13,10.48,92.2,-0.01,26.57,6/28/18,WE4,180,
Q3,FM,6/29/18 13:29,0,0.99,1.15,0,1.91,2.15,93.3,-0.02,26.57,6/28/18,WE4,180,
Q3,FM,6/29/18 13:29,0,1.23,1.04,0,1.93,2.26,93.19,-0.01,26.56,6/28/18,WE4,180,
Q3,FM,6/29/18 13:29,0,3.44,0,1.4,1.85,4.84,92.39,-0.01,26.56,6/28/18,WE4,180,
Q3,FM,6/29/18 13:29,0,1.01,0.33,0.79,1.9,2.12,92.72,-0.01,26.56,6/28/18,WE4,180,
Q3,FM,6/29/18 13:29,0,4.67,0,2.48,1.66,7.15,92.76,-0.01,26.56,6/28/18,WE4,180,
Q3,FM,6/29/18 13:29,0,1.61,0,1.75,1.75,3.36,92.82,-0.01,26.57,6/28/18,WE4,180,
Q3,FM,6/29/18 13:29,0,1.08,1.41,0,1.85,2.48,93.1,-0.01,26.56,6/28/18,WE4,180,
Q3,FM,6/29/18 13:29,0,1.21,1.73,0,1.81,2.94,92.89,-0.01,26.56,6/28/18,WE4,180,
Q3,FM,6/29/18 13:29,4.17,21.73,0,0,0.96,25.9,87.93,-0.01,26.56,6/28/18,WE4,180,
Q3,FM,6/29/18 13:29,0,2.4,0.29,0.76,1.93,3.45,92.61,-0.01,26.55,6/28/18,WE4,180,
Q3,FM,6/29/18 13:29,0.35,1.07,0.91,0,1.93,2.33,92.74,-0.01,26.57,6/28/18,WE4,180,
Q3,FM,6/29/18 13:29,0,1.5,1.35,0,1.85,2.85,92.32,-0.01,26.56,6/28/18,WE4,180,
Q3,FM,6/29/18 13:29,0,0.92,1.13,0,1.93,2.05,92.25,-0.01,26.57,6/28/18,WE4,180,
Q3,FM,6/29/18 13:30,0,0.89,0.69,0.3,1.95,1.88,92.98,-0.01,26.56,6/28/18,WE4,180,
Q3,FM,6/29/18 13:30,3.8,22.31,0,0,1.16,26.11,91.98,-0.01,26.56,6/28/18,WE4,180,
Q3,FM,6/29/18 13:30,0,2.45,1.17,0,1.93,3.62,92.06,-0.01,26.57,6/28/18,WE4,180,
Q3,FM,6/29/18 13:30,0.05,1.26,0.96,0,1.94,2.28,92.42,-0.01,26.58,6/28/18,WE4,180,
Q3,FM,6/29/18 13:30,0,1.1,1.09,0,1.92,2.19,91.94,-0.02,26.57,6/28/18,WE4,180,
Q3,FM,6/29/18 13:30,2.7,1.82,0,0.68,1.85,5.19,93.14,-0.01,26.57,6/28/18,WE4,180,
Q3,FM,6/29/18 13:30,0,0.94,1.77,0,1.63,2.71,93.4,-0.01,26.56,6/28/18,WE4,180,
Q3,FM,6/29/18 13:30,0.01,0,0,0,0.1,0.01,100,0,26.56,6/28/18,WE4,180,
Q3,FM,6/29/18 13:30,0,0,0,0,0,0,98.44,-0.02,26.58,6/28/18,WE4,180,
Q3,FM,6/29/18 13:30,0,0.51,0,0.17,1.92,0.68,70.37,-0.01,26.56,6/28/18,WE4,180,
Q3,FM,6/29/18 13:30,2.61,0.85,0,0.45,1.62,3.91,99.51,0.03,26.56,6/28/18,WE4,180,
Q3,FM,6/29/18 13:30,2.52,15.9,1.27,0,1.45,19.69,95.92,-0.02,26.55,6/28/18,WE4,180,
Q4,FM,6/29/18 13:33,0,0.62,1.1,0,1.84,1.71,92.69,0,26.57,6/28/18,WE4,180,
Q4,FM,6/29/18 13:33,0,0.95,1.04,0,1.84,1.99,92.41,0,26.58,6/28/18,WE4,180,
Q4,FM,6/29/18 13:33,0,0.62,1.09,0,1.83,1.7,92.32,0,26.57,6/28/18,WE4,180,
Q4,FM,6/29/18 13:33,0.3,0.95,0.82,0,1.8,2.07,92.51,0,26.57,6/28/18,WE4,180,
Q4,FM,6/29/18 13:33,0.14,0.6,0.92,0,1.83,1.67,93.11,0,26.57,6/28/18,WE4,180,
Q4,FM,6/29/18 13:33,0.44,0.54,0.79,0,1.81,1.77,93.51,0,26.58,6/28/18,WE4,180,
Q4,FM,6/29/18 13:33,0,1.08,1.06,0,1.82,2.13,92.85,0,26.57,6/28/18,WE4,180,
Q4,FM,6/29/18 13:33,0,0.76,1.09,0,1.84,1.85,92.5,0,26.58,6/28/18,WE4,180,
Q4,FM,6/29/18 13:33,0.1,0.61,1.05,0,1.83,1.76,93.07,0,26.57,6/28/18,WE4,180,
Q4,FM,6/29/18 13:34,0.26,0.5,0.93,0,1.84,1.69,92.3,0,26.56,6/28/18,WE4,180,
Q4,FM,6/29/18 13:34,0,0.67,1.09,0,1.83,1.76,92.93,0,26.57,6/28/18,WE4,180,
Q4,FM,6/29/18 13:34,0,0.68,0.91,0,1.86,1.59,92.56,-0.01,26.57,6/28/18,WE4,180,
Q4,FM,6/29/18 13:34,0.05,1.25,1.08,0,1.82,2.38,92.76,0,26.56,6/28/18,WE4,180,
Q4,FM,6/29/18 13:34,0.33,0.42,0.79,0,1.85,1.54,92.48,0,26.57,6/28/18,WE4,180,
Q4,FM,6/29/18 13:34,0.07,0.5,0.95,0,1.85,1.52,92.46,0,26.56,6/28/18,WE4,180,
Q4,FM,6/29/18 13:34,0.09,0.82,0.96,0,1.84,1.87,92.76,0,26.57,6/28/18,WE4,180,
Q4,FM,6/29/18 13:34,0.45,0.65,0.7,0,1.85,1.79,92.69,0,26.57,6/28/18,WE4,180,
Q4,FM,6/29/18 13:34,0.25,0.77,0.98,0,1.82,2,92.89,0,26.56,6/28/18,WE4,180,
Q4,FM,6/29/18 13:34,0,0.69,1.01,0,1.87,1.7,92.69,0,26.57,6/28/18,WE4,180,
Q4,FM,6/29/18 13:34,0.35,0.54,0.93,0,1.8,1.82,92.24,0,26.57,6/28/18,WE4,180,
Q4,FM,6/29/18 13:34,0,0.83,0.89,0,1.87,1.72,92.79,-0.01,26.57,6/28/18,WE4,180,
Q4,FM,6/29/18 13:34,0,0.91,0.99,0,1.85,1.9,92.57,0,26.57,6/28/18,WE4,180,
Q4,FM,6/29/18 13:34,0,0.71,0.96,0,1.86,1.67,92.41,0,26.56,6/28/18,WE4,180,
Q4,FM,6/29/18 13:34,0.25,0.53,0.93,0,1.8,1.71,92.62,0,26.56,6/28/18,WE4,180,
Q4,FM,6/29/18 13:34,0,0.64,0.94,0,1.86,1.58,92.66,0,26.56,6/28/18,WE4,180,
Q4,FM,6/29/18 13:34,0,1.41,1.17,0,1.79,2.58,92.51,0,26.56,6/28/18,WE4,180,
Q4,FM,6/29/18 13:34,0.31,0.91,0.86,0,1.8,2.08,92.68,0,26.57,6/28/18,WE4,180,
Q4,FM,6/29/18 13:34,0.3,0.65,0.88,0,1.83,1.84,93.06,0,26.57,6/28/18,WE4,180,
C1,0,7/11/18 9:04,3.09,0.95,2.55,0.52,0.63,7.11,88.4,0,23.53,7/10/18,WE4,192,
C1,0,7/11/18 9:04,2.93,1.07,2.9,0.34,0.64,7.24,88.3,0.01,23.53,7/10/18,WE4,192,
C1,0,7/11/18 9:04,3.17,0.96,2.52,0.58,0.6,7.23,88.26,0,23.52,7/10/18,WE4,192,
C1,0,7/11/18 9:04,3.29,0.91,2.31,0.88,0.62,7.39,88.33,0.01,23.52,7/10/18,WE4,192,
C1,0,7/11/18 9:04,3.48,0.95,2.5,0.52,0.63,7.45,88.25,0.01,23.52,7/10/18,WE4,192,
C1,0,7/11/18 9:04,3.39,0.77,2.42,0.75,0.62,7.33,88.33,0.01,23.53,7/10/18,WE4,192,
C1,0,7/11/18 9:04,3.14,0.94,2.55,0.6,0.61,7.23,88.27,0.01,23.52,7/10/18,WE4,192,
C1,0,7/11/18 9:04,3.36,0.82,2.17,0.87,0.59,7.23,88.12,0.02,23.51,7/10/18,WE4,192,
C1,0,7/11/18 9:04,3.4,0.92,2.28,0.66,0.61,7.26,88.27,-0.01,23.51,7/10/18,WE4,192,
C1,0,7/11/18 9:04,3.15,1.18,2.75,0.3,0.58,7.38,88.29,0.02,23.51,7/10/18,WE4,192,
C1,0,7/11/18 9:04,3.44,0.88,2.3,0.73,0.6,7.36,88.24,0,23.52,7/10/18,WE4,192,
C1,0,7/11/18 9:04,3.16,0.83,2.51,0.59,0.58,7.08,88.3,0.03,23.51,7/10/18,WE4,192,
C1,0,7/11/18 9:05,3.4,0.81,2.11,0.93,0.61,7.25,88.14,0.02,23.51,7/10/18,WE4,192,
C1,0,7/11/18 9:05,2.94,0.97,2.62,0.45,0.65,6.98,88.29,0,23.51,7/10/18,WE4,192,
C1,0,7/11/18 9:05,3.09,1.33,2.98,0,0.58,7.4,88.45,0,23.51,7/10/18,WE4,192,
C1,0,7/11/18 9:05,3.36,0.87,2.37,0.68,0.58,7.29,88.27,0.03,23.51,7/10/18,WE4,192,
C1,0,7/11/18 9:05,3.48,0.89,2.47,0.51,0.59,7.36,88.38,0.05,23.51,7/10/18,WE4,192,
C1,0,7/11/18 9:05,3.16,0.94,2.44,0.6,0.65,7.14,88.27,0.04,23.51,7/10/18,WE4,192,
C1,0,7/11/18 9:05,3.03,1.06,2.67,0.57,0.6,7.33,88.25,0.06,23.51,7/10/18,WE4,192,
C1,0,7/11/18 9:05,3.29,0.88,2.35,0.7,0.58,7.23,88.26,0.07,23.52,7/10/18,WE4,192,
C1,0,7/11/18 9:05,3.46,1,2.51,0.44,0.59,7.41,88.15,0.05,23.51,7/10/18,WE4,192,
C1,0,7/11/18 9:05,3.2,1.02,2.54,0.48,0.61,7.25,88.34,0,23.51,7/10/18,WE4,192,
C1,0,7/11/18 9:05,3.35,0.88,2.21,0.87,0.62,7.3,88.28,0.01,23.51,7/10/18,WE4,192,
C1,0,7/11/18 9:05,3.54,0.94,2.16,0.69,0.58,7.33,88.3,0.01,23.5,7/10/18,WE4,192,
C1,0,7/11/18 9:05,3.25,1.08,2.51,0.41,0.59,7.25,88.28,0.01,23.51,7/10/18,WE4,192,
C1,0,7/11/18 9:05,3.21,0.89,2.35,0.76,0.62,7.2,88.29,0.01,23.51,7/10/18,WE4,192,
C1,0,7/11/18 9:05,3.06,0.97,2.51,0.54,0.61,7.08,88.28,0,23.51,7/10/18,WE4,192,
C1,0,7/11/18 9:05,2.92,1,2.68,0.52,0.6,7.12,88.29,0.01,23.51,7/10/18,WE4,192,
C1,0,7/11/18 9:05,3.03,0.96,2.46,0.68,0.63,7.14,88.34,0.02,23.51,7/10/18,WE4,192,
C1,0,7/11/18 9:05,3.28,0.97,2.51,0.51,0.63,7.26,88.17,-0.01,23.5,7/10/18,WE4,192,
C1,0,7/11/18 9:05,3.15,0.9,2.29,0.65,0.63,7,88.28,0.02,23.5,7/10/18,WE4,192,
C1,0,7/11/18 9:05,3.25,0.96,2.33,0.65,0.6,7.2,88.22,0.01,23.5,7/10/18,WE4,192,
C1,0,7/11/18 9:05,3.29,0.9,2.38,0.67,0.57,7.23,88.34,0.04,23.51,7/10/18,WE4,192,
C1,0,7/11/18 9:05,3.05,1.02,2.47,0.57,0.58,7.1,88.43,0.05,23.51,7/10/18,WE4,192,
C1,0,7/11/18 9:05,3.19,0.95,2.33,0.68,0.62,7.15,88.44,0.01,23.51,7/10/18,WE4,192,
C1,0,7/11/18 9:05,3.38,0.94,2.44,0.56,0.6,7.32,88.25,0,23.5,7/10/18,WE4,192,
C1,0,7/11/18 9:05,3.41,0.88,2.14,0.75,0.59,7.19,88.21,0.01,23.5,7/10/18,WE4,192,
C1,0,7/11/18 9:05,2.98,0.99,2.38,0.7,0.62,7.05,88.25,0,23.5,7/10/18,WE4,192,
C1,0,7/11/18 9:05,2.94,0.95,2.52,0.6,0.6,7.02,88.3,0.02,23.5,7/10/18,WE4,192,
C1,0,7/11/18 9:05,3.17,1.06,2.76,0.45,0.64,7.44,88.14,0.01,23.5,7/10/18,WE4,192,
C1,0,7/11/18 9:05,3.25,1.05,2.6,0.44,0.59,7.34,88.25,-0.01,23.5,7/10/18,WE4,192,
C1,0,7/11/18 9:05,3.18,1.03,2.46,0.45,0.62,7.12,88.25,0.03,23.51,7/10/18,WE4,192,
C1,0,7/11/18 9:05,3.24,0.97,2.46,0.48,0.59,7.14,88.22,0,23.5,7/10/18,WE4,192,
C1,0,7/11/18 9:05,3.15,1.15,2.63,0.49,0.63,7.42,88.38,0.02,23.5,7/10/18,WE4,192,
C1,0,7/11/18 9:05,3.69,0.77,2.22,0.85,0.58,7.53,88.29,-0.03,23.5,7/10/18,WE4,192,
C1,0,7/11/18 9:05,3.36,0.99,2.87,0.22,0.58,7.43,88.29,-0.05,23.51,7/10/18,WE4,192,
C1,0,7/11/18 9:05,3.38,1.1,2.48,0.53,0.59,7.49,88.37,0.04,23.5,7/10/18,WE4,192,
C1,0,7/11/18 9:05,3.36,0.86,2.27,0.64,0.59,7.12,88.22,-0.01,23.5,7/10/18,WE4,192,
C1,0,7/11/18 9:05,3.24,0.88,2.47,0.57,0.57,7.17,88.19,0.04,23.5,7/10/18,WE4,192,
C1,0,7/11/18 9:05,3.28,0.95,2.12,0.77,0.61,7.11,88.16,0,23.5,7/10/18,WE4,192,
C1,0,7/11/18 9:05,3.1,0.99,2.63,0.39,0.6,7.12,88.33,0,23.51,7/10/18,WE4,192,
C2,0,7/11/18 9:06,2.18,1.27,3.7,0,0.64,7.15,87.47,0,23.53,7/10/18,WE4,192,
C2,0,7/11/18 9:06,2.43,1.09,3.16,0.57,0.65,7.25,87.37,0.03,23.53,7/10/18,WE4,192,
C2,0,7/11/18 9:06,2.7,0.99,2.68,0.87,0.66,7.24,87.32,0.01,23.54,7/10/18,WE4,192,
C2,0,7/11/18 9:06,3.14,1.06,2.31,0.78,0.67,7.28,87.42,-0.01,23.52,7/10/18,WE4,192,
C2,0,7/11/18 9:06,3.19,0.94,2.44,0.62,0.62,7.18,87.36,0,23.52,7/10/18,WE4,192,
C2,0,7/11/18 9:06,3.19,1.09,2.47,0.62,0.63,7.37,87.28,0,23.52,7/10/18,WE4,192,
C2,0,7/11/18 9:06,3.15,0.87,2.69,0.64,0.62,7.36,87.46,0.03,23.52,7/10/18,WE4,192,
C2,0,7/11/18 9:07,3.08,1.04,2.73,0.6,0.62,7.45,87.34,0.01,23.52,7/10/18,WE4,192,
C2,0,7/11/18 9:07,3.52,0.93,2.26,0.64,0.62,7.35,87.39,0,23.52,7/10/18,WE4,192,
C2,0,7/11/18 9:07,3.05,0.97,2.49,0.7,0.65,7.2,87.32,0.01,23.51,7/10/18,WE4,192,
C2,0,7/11/18 9:07,1.94,1.4,3.58,0.24,0.68,7.16,87.43,0,23.51,7/10/18,WE4,192,
C2,0,7/11/18 9:07,2.95,1.17,2.71,0.53,0.6,7.35,87.4,0.01,23.52,7/10/18,WE4,192,
C2,0,7/11/18 9:07,3.11,0.9,2.3,0.88,0.63,7.2,87.37,0.07,23.52,7/10/18,WE4,192,
C2,0,7/11/18 9:07,3.17,0.86,2.57,0.73,0.58,7.32,87.45,0.04,23.52,7/10/18,WE4,192,
C2,0,7/11/18 9:07,3.05,0.97,2.49,0.62,0.6,7.13,87.39,0.06,23.52,7/10/18,WE4,192,
C2,0,7/11/18 9:07,3.04,0.84,2.57,0.78,0.63,7.23,87.31,0.05,23.52,7/10/18,WE4,192,
C2,0,7/11/18 9:07,3.28,0.96,2.42,0.75,0.61,7.42,87.4,0.06,23.52,7/10/18,WE4,192,
C2,0,7/11/18 9:07,3.36,0.9,2.32,0.77,0.63,7.35,87.41,-0.02,23.51,7/10/18,WE4,192,
C2,0,7/11/18 9:07,3.02,1.17,2.75,0.4,0.63,7.34,87.36,0.05,23.51,7/10/18,WE4,192,
C2,0,7/11/18 9:07,3.3,1.1,2.58,0.43,0.6,7.41,87.41,0.04,23.51,7/10/18,WE4,192,
C2,0,7/11/18 9:07,3.1,1.15,2.55,0.73,0.6,7.53,87.42,0.01,23.51,7/10/18,WE4,192,
C2,0,7/11/18 9:07,3.48,0.87,2.06,0.86,0.61,7.27,87.45,0.03,23.52,7/10/18,WE4,192,
C2,0,7/11/18 9:07,3.5,0.86,1.94,1.07,0.59,7.37,87.26,0.03,23.51,7/10/18,WE4,192,
C2,0,7/11/18 9:07,3.58,0.95,2.17,0.78,0.62,7.48,87.45,-0.02,23.52,7/10/18,WE4,192,
C2,0,7/11/18 9:07,3.45,0.84,2.22,0.9,0.57,7.41,87.49,0.01,23.51,7/10/18,WE4,192,
C2,0,7/11/18 9:07,3.47,1.04,2.15,0.76,0.61,7.42,87.32,0.01,23.51,7/10/18,WE4,192,
C2,0,7/11/18 9:07,3.53,0.83,2.03,0.92,0.59,7.3,87.37,0.02,23.52,7/10/18,WE4,192,
C2,0,7/11/18 9:07,3.13,0.96,2.4,0.75,0.65,7.24,87.29,0.01,23.51,7/10/18,WE4,192,
C2,0,7/11/18 9:07,3.39,1.04,2.35,0.76,0.62,7.55,87.32,0.01,23.51,7/10/18,WE4,192,
C2,0,7/11/18 9:07,3.26,0.8,2.14,0.91,0.65,7.12,87.27,0.01,23.52,7/10/18,WE4,192,
C2,0,7/11/18 9:07,3.28,0.89,2.16,0.83,0.63,7.15,87.46,0.01,23.51,7/10/18,WE4,192,
C2,0,7/11/18 9:07,3.29,1.12,2.79,0.32,0.61,7.53,87.44,0.01,23.5,7/10/18,WE4,192,
C2,0,7/11/18 9:07,3.34,1,2.35,0.68,0.62,7.37,87.56,0.01,23.51,7/10/18,WE4,192,
C2,0,7/11/18 9:07,3.25,0.9,2.38,0.6,0.58,7.13,87.55,0.03,23.51,7/10/18,WE4,192,
C2,0,7/11/18 9:07,2.8,1.6,2.92,0.11,0.63,7.43,87.39,0.02,23.51,7/10/18,WE4,192,
C3,0,7/11/18 9:08,2.63,0.95,3.12,0.69,0.67,7.39,88.27,0,23.55,7/10/18,WE4,192,
C3,0,7/11/18 9:08,2.55,1.35,2.89,0.79,0.73,7.58,88.16,0.01,23.54,7/10/18,WE4,192,
C3,0,7/11/18 9:08,2.6,1,2.88,0.72,0.68,7.2,88.11,-0.01,23.55,7/10/18,WE4,192,
C3,0,7/11/18 9:08,3.68,0.56,1.74,1.45,0.78,7.44,88.27,-0.02,23.55,7/10/18,WE4,192,
C3,0,7/11/18 9:08,3.43,0.9,2.28,0.74,0.64,7.35,88.37,0.01,23.55,7/10/18,WE4,192,
C3,0,7/11/18 9:08,3.44,1.16,2.73,0.49,0.65,7.83,88.36,-0.01,23.55,7/10/18,WE4,192,
C3,0,7/11/18 9:08,2.65,1.2,2.72,0.73,0.67,7.29,88.11,-0.02,23.54,7/10/18,WE4,192,
C3,0,7/11/18 9:08,3.34,1.15,2.64,0.37,0.64,7.51,88.23,0,23.54,7/10/18,WE4,192,
C3,0,7/11/18 9:08,3.09,0.95,2.63,0.63,0.65,7.29,88.42,-0.01,23.54,7/10/18,WE4,192,
C3,0,7/11/18 9:08,2.98,0.94,2.62,0.82,0.63,7.36,88.42,0,23.54,7/10/18,WE4,192,
C3,0,7/11/18 9:08,2.96,1.03,2.55,0.59,0.7,7.13,88.21,-0.02,23.54,7/10/18,WE4,192,
C3,0,7/11/18 9:08,3.06,0.97,2.42,0.83,0.7,7.28,88.27,0,23.54,7/10/18,WE4,192,
C3,0,7/11/18 9:08,4.28,0.47,0.87,1.94,0.71,7.55,88.38,0,23.55,7/10/18,WE4,192,
C3,0,7/11/18 9:08,3.89,0.61,1.76,1.11,0.67,7.37,88.25,0.01,23.54,7/10/18,WE4,192,
C3,0,7/11/18 9:08,2.8,1.69,3.26,0.08,0.68,7.83,88.35,-0.02,23.53,7/10/18,WE4,192,
C3,0,7/11/18 9:08,2.82,0.75,2.25,1.11,0.71,6.93,88.42,-0.01,23.54,7/10/18,WE4,192,
C3,0,7/11/18 9:08,4.77,0.18,0.83,2.25,0.5,8.04,88.64,-0.02,23.54,7/10/18,WE4,192,
C3,0,7/11/18 9:08,3.14,0.55,1.96,1.3,0.72,6.94,88.32,0.01,23.54,7/10/18,WE4,192,
C3,0,7/11/18 9:09,3.21,1.08,2.35,0.75,0.67,7.4,88.16,0.01,23.55,7/10/18,WE4,192,
C3,0,7/11/18 9:09,2.75,1.17,2.43,0.94,0.71,7.3,88.42,0,23.53,7/10/18,WE4,192,
C3,0,7/11/18 9:09,3.55,0.73,2.15,0.9,0.62,7.33,88.36,-0.02,23.53,7/10/18,WE4,192,
C3,0,7/11/18 9:09,3.26,1.04,2.26,0.75,0.68,7.31,88.35,-0.03,23.53,7/10/18,WE4,192,
C3,0,7/11/18 9:09,2.67,1.12,3.02,0.31,0.64,7.12,88.22,-0.04,23.54,7/10/18,WE4,192,
C3,0,7/11/18 9:09,2.99,1.19,2.53,0.53,0.67,7.24,88.34,0,23.53,7/10/18,WE4,192,
C3,0,7/11/18 9:09,2.99,1.09,2.48,0.63,0.65,7.18,88.37,0.01,23.54,7/10/18,WE4,192,
C3,0,7/11/18 9:09,3.19,0.89,2.34,0.73,0.7,7.15,88.36,0.05,23.53,7/10/18,WE4,192,
C3,0,7/11/18 9:09,2.75,1.07,2.32,0.87,0.69,7.01,88.26,0.05,23.54,7/10/18,WE4,192,
C3,0,7/11/18 9:09,3.31,0.85,2.14,0.77,0.66,7.08,88.24,0.04,23.54,7/10/18,WE4,192,
C3,0,7/11/18 9:09,3.05,0.99,2.5,0.57,0.66,7.11,88.25,0.03,23.55,7/10/18,WE4,192,
C3,0,7/11/18 9:09,3.26,0.83,2.17,0.76,0.68,7.02,88.35,0.01,23.55,7/10/18,WE4,192,
C3,0,7/11/18 9:09,3.14,0.93,2.22,0.87,0.67,7.16,88.24,-0.02,23.54,7/10/18,WE4,192,
C3,0,7/11/18 9:09,2.75,1.79,3.23,0,0.68,7.77,88.34,0.01,23.53,7/10/18,WE4,192,
C3,0,7/11/18 9:09,2.96,1,2.54,0.81,0.64,7.32,88.33,0,23.53,7/10/18,WE4,192,
C3,0,7/11/18 9:09,3.25,0.91,2.6,0.52,0.64,7.28,88.18,-0.01,23.54,7/10/18,WE4,192,
C3,0,7/11/18 9:09,3.01,0.84,2.37,0.76,0.65,6.98,88.42,-0.01,23.53,7/10/18,WE4,192,
C3,0,7/11/18 9:09,2.45,1.38,3.06,0.35,0.66,7.25,88.31,-0.01,23.54,7/10/18,WE4,192,
Q1,0,7/11/18 9:10,2.89,1.25,2.88,0.5,0.58,7.52,88.28,0,23.57,7/10/18,WE4,192,
Q1,0,7/11/18 9:10,3.22,1.05,2.14,1.05,0.68,7.46,87.98,-0.03,23.57,7/10/18,WE4,192,
Q1,0,7/11/18 9:10,2.27,1.21,3.19,0.41,0.73,7.07,88.21,-0.01,23.58,7/10/18,WE4,192,
Q1,0,7/11/18 9:10,3.09,1.06,2.76,0.37,0.62,7.27,88.21,-0.01,23.57,7/10/18,WE4,192,
Q1,0,7/11/18 9:10,3.69,0.92,1.69,1.23,0.61,7.54,88.08,-0.01,23.56,7/10/18,WE4,192,
Q1,0,7/11/18 9:10,3.1,1.15,2.5,0.73,0.64,7.48,87.98,-0.02,23.57,7/10/18,WE4,192,
Q1,0,7/11/18 9:10,3.69,0.94,2.05,0.84,0.6,7.52,88.31,-0.01,23.57,7/10/18,WE4,192,
Q1,0,7/11/18 9:10,3.68,0.44,0.82,2.16,0.75,7.11,88.28,-0.02,23.57,7/10/18,WE4,192,
Q1,0,7/11/18 9:10,2.87,1.07,2.62,0.53,0.7,7.09,88.43,-0.02,23.56,7/10/18,WE4,192,
Q1,0,7/11/18 9:10,3.26,0.62,1.93,1.46,0.63,7.28,87.96,0,23.57,7/10/18,WE4,192,
Q1,0,7/11/18 9:10,3.32,0.8,1.99,1.05,0.71,7.16,88.42,-0.01,23.56,7/10/18,WE4,192,
Q1,0,7/11/18 9:10,3.62,0.95,2.09,0.62,0.62,7.29,88.19,-0.01,23.56,7/10/18,WE4,192,
Q1,0,7/11/18 9:10,3.16,1.09,2.45,0.64,0.65,7.34,88.24,-0.04,23.56,7/10/18,WE4,192,
Q1,0,7/11/18 9:10,1.39,1.24,3.95,0,0.69,6.58,88.26,-0.03,23.57,7/10/18,WE4,192,
Q1,0,7/11/18 9:10,1.9,1.15,3.43,0.26,0.58,6.75,88.14,-0.04,23.56,7/10/18,WE4,192,
Q1,0,7/11/18 9:10,2.18,1.28,3.56,0.11,0.58,7.13,88.22,-0.03,23.57,7/10/18,WE4,192,
Q1,0,7/11/18 9:10,3.09,0.84,2.46,0.78,0.6,7.17,88.12,-0.03,23.56,7/10/18,WE4,192,
Q1,0,7/11/18 9:10,2.62,1.02,2.76,0.51,0.74,6.91,88.19,0,23.56,7/10/18,WE4,192,
Q1,0,7/11/18 9:10,4.44,0.76,0.88,1.34,0.65,7.42,88.56,-0.02,23.56,7/10/18,WE4,192,
Q1,0,7/11/18 9:10,2.84,0.93,2.46,0.72,0.7,6.95,88.22,-0.01,23.56,7/10/18,WE4,192,
Q1,0,7/11/18 9:10,3.11,0.78,1.81,1.17,0.71,6.87,88.13,0.01,23.56,7/10/18,WE4,192,
Q1,0,7/11/18 9:10,3.04,1.07,3.07,0.28,0.54,7.45,88.02,0.01,23.56,7/10/18,WE4,192,
Q1,0,7/11/18 9:10,2.33,1.14,2.86,0.28,0.72,6.61,88.17,-0.01,23.56,7/10/18,WE4,192,
Q1,0,7/11/18 9:10,2.45,1.43,2.55,0.62,0.71,7.05,88.28,-0.01,23.56,7/10/18,WE4,192,
Q1,0,7/11/18 9:10,3.4,0.74,1.79,1.07,0.76,7,88.03,-0.03,23.56,7/10/18,WE4,192,
Q1,0,7/11/18 9:10,3.03,0.87,2.36,0.73,0.68,6.99,88.06,-0.02,23.56,7/10/18,WE4,192,
Q1,0,7/11/18 9:10,3.1,0.9,1.97,1.21,0.68,7.18,88.21,0.01,23.56,7/10/18,WE4,192,
Q1,0,7/11/18 9:10,2.09,1.03,2.48,1.26,0.62,6.86,88.18,0,23.56,7/10/18,WE4,192,
Q1,0,7/11/18 9:10,3.54,0.88,2.24,0.71,0.58,7.37,88.27,-0.02,23.57,7/10/18,WE4,192,
Q1,0,7/11/18 9:10,3.1,0.94,2.33,0.73,0.59,7.1,88.33,0.01,23.57,7/10/18,WE4,192,
Q1,0,7/11/18 9:11,3.35,0.98,2.08,0.75,0.64,7.16,88.41,0,23.56,7/10/18,WE4,192,
Q1,0,7/11/18 9:11,3.82,0.95,1.72,0.86,0.67,7.35,88.21,-0.02,23.56,7/10/18,WE4,192,
Q1,0,7/11/18 9:11,3.18,1.04,2.83,0.39,0.58,7.45,87.85,0.01,23.56,7/10/18,WE4,192,
Q1,0,7/11/18 9:11,2.8,0.8,2.57,0.91,0.66,7.07,88.25,0.02,23.56,7/10/18,WE4,192,
Q1,0,7/11/18 9:11,3.35,0.97,2.27,0.69,0.66,7.27,88.52,-0.02,23.56,7/10/18,WE4,192,
Q1,0,7/11/18 9:11,3.15,0.19,1.23,2.04,0.69,6.61,88.32,0,23.56,7/10/18,WE4,192,
Q1,0,7/11/18 9:11,3.07,0.78,1.66,1.64,0.67,7.15,88.13,0.01,23.56,7/10/18,WE4,192,
Q1,0,7/11/18 9:11,2.57,1.26,2.4,0.77,0.72,6.99,88.35,-0.01,23.56,7/10/18,WE4,192,
Q1,0,7/11/18 9:11,3.63,0.79,1.66,1.27,0.62,7.35,88.46,-0.01,23.56,7/10/18,WE4,192,
Q2,0,7/11/18 9:12,2.81,0.86,2.8,0.62,0.68,7.09,87.89,0,23.61,7/10/18,WE4,192,
Q2,0,7/11/18 9:12,3.17,0.9,2.15,0.95,0.71,7.18,88.18,0,23.6,7/10/18,WE4,192,
Q2,0,7/11/18 9:12,2.67,0.7,2.32,1.16,0.74,6.85,88.01,-0.01,23.6,7/10/18,WE4,192,
Q2,0,7/11/18 9:12,3.29,0.3,1.56,1.64,0.79,6.79,87.94,-0.01,23.59,7/10/18,WE4,192,
Q2,0,7/11/18 9:12,3.59,0.72,2.21,0.73,0.6,7.26,88.02,-0.01,23.6,7/10/18,WE4,192,
Q2,0,7/11/18 9:12,2.88,0.99,2.83,0.48,0.69,7.18,87.84,-0.01,23.6,7/10/18,WE4,192,
Q2,0,7/11/18 9:12,2.52,1.22,3.42,0,0.62,7.16,87.64,0,23.6,7/10/18,WE4,192,
Q2,0,7/11/18 9:12,3.28,0.86,2.35,0.76,0.63,7.24,87.97,0,23.6,7/10/18,WE4,192,
Q2,0,7/11/18 9:12,3.09,0.92,2.44,0.7,0.61,7.15,87.8,-0.02,23.6,7/10/18,WE4,192,
Q2,0,7/11/18 9:12,3.16,0.81,2.22,0.72,0.66,6.92,87.75,0.01,23.6,7/10/18,WE4,192,
Q2,0,7/11/18 9:12,3.13,0.84,2.35,0.64,0.62,6.96,87.83,-0.02,23.58,7/10/18,WE4,192,
Q2,0,7/11/18 9:12,2.65,0.87,2.55,0.68,0.67,6.75,87.79,0.02,23.59,7/10/18,WE4,192,
Q2,0,7/11/18 9:12,2.98,0.75,2.41,0.84,0.66,6.98,87.98,-0.01,23.6,7/10/18,WE4,192,
Q2,0,7/11/18 9:12,2.9,0.87,2.62,0.66,0.68,7.05,87.89,0,23.6,7/10/18,WE4,192,
Q2,0,7/11/18 9:12,3.37,0.7,2.09,0.89,0.63,7.04,87.98,-0.05,23.6,7/10/18,WE4,192,
Q2,0,7/11/18 9:12,1.81,1.39,3.3,0.19,0.83,6.68,87.94,-0.05,23.6,7/10/18,WE4,192,
Q2,0,7/11/18 9:12,1.09,0.83,2.77,1.51,0.79,6.2,87.82,-0.04,23.59,7/10/18,WE4,192,
Q2,0,7/11/18 9:12,2.83,1.01,2.9,0.44,0.61,7.18,87.79,-0.06,23.59,7/10/18,WE4,192,
Q2,0,7/11/18 9:12,2.88,0.89,2.64,0.55,0.66,6.96,87.87,-0.03,23.59,7/10/18,WE4,192,
Q2,0,7/11/18 9:12,2.53,0.9,2.79,0.46,0.65,6.68,87.92,-0.05,23.59,7/10/18,WE4,192,
Q2,0,7/11/18 9:12,2.34,1.13,2.75,0.62,0.74,6.84,87.63,-0.04,23.59,7/10/18,WE4,192,
Q2,0,7/11/18 9:12,3.04,0.78,2.19,0.92,0.63,6.93,87.89,-0.05,23.6,7/10/18,WE4,192,
Q2,0,7/11/18 9:12,2.86,0.85,2.67,0.52,0.68,6.9,87.92,-0.06,23.59,7/10/18,WE4,192,
Q2,0,7/11/18 9:12,2.87,0.78,2.27,0.7,0.69,6.61,88.03,-0.04,23.59,7/10/18,WE4,192,
Q2,0,7/11/18 9:12,3.57,0,0.81,2.74,0.57,7.13,87.92,-0.04,23.59,7/10/18,WE4,192,
Q2,0,7/11/18 9:12,1.91,0.72,2.26,1.4,0.88,6.29,87.87,-0.05,23.6,7/10/18,WE4,192,
Q2,0,7/11/18 9:12,2.9,0.91,2.46,0.49,0.67,6.76,88.18,-0.06,23.6,7/10/18,WE4,192,
Q2,0,7/11/18 9:12,2.79,0.8,2.48,0.88,0.67,6.95,88.02,-0.06,23.58,7/10/18,WE4,192,
Q2,0,7/11/18 9:12,3.14,0.64,2.13,0.98,0.6,6.89,87.98,-0.04,23.59,7/10/18,WE4,192,
Q2,0,7/11/18 9:12,3.58,0.59,1.77,1.11,0.61,7.04,87.8,-0.05,23.6,7/10/18,WE4,192,
Q2,0,7/11/18 9:12,3.62,0.85,2.2,0.83,0.62,7.5,88,-0.06,23.59,7/10/18,WE4,192,
Q2,0,7/11/18 9:12,3.11,0.8,2.47,0.81,0.61,7.18,88.08,-0.05,23.6,7/10/18,WE4,192,
Q2,0,7/11/18 9:12,2.89,0.82,2.28,0.72,0.7,6.71,87.89,-0.05,23.59,7/10/18,WE4,192,
Q2,0,7/11/18 9:12,3.35,0.94,2.2,0.82,0.64,7.32,88.09,-0.04,23.6,7/10/18,WE4,192,
Q3,0,7/11/18 9:13,3.24,0.82,2.43,0.79,0.66,7.27,88.26,0,23.62,7/10/18,WE4,192,
Q3,0,7/11/18 9:13,2.97,0.99,2.96,0.46,0.63,7.38,88.19,-0.05,23.61,7/10/18,WE4,192,
Q3,0,7/11/18 9:14,3.49,0.82,2.09,0.86,0.58,7.26,88.33,-0.02,23.62,7/10/18,WE4,192,
Q3,0,7/11/18 9:14,3.25,0.91,2.46,0.73,0.62,7.35,88.25,-0.04,23.62,7/10/18,WE4,192,
Q3,0,7/11/18 9:14,3.62,0.79,2.34,0.83,0.58,7.57,88.26,-0.03,23.62,7/10/18,WE4,192,
Q3,0,7/11/18 9:14,2.82,1.04,2.49,0.58,0.63,6.94,88.31,-0.03,23.62,7/10/18,WE4,192,
Q3,0,7/11/18 9:14,3.1,0.67,1.96,1.23,0.65,6.96,88.31,-0.02,23.61,7/10/18,WE4,192,
Q3,0,7/11/18 9:14,3.11,0.89,2.45,0.66,0.62,7.11,88.24,-0.02,23.61,7/10/18,WE4,192,
Q3,0,7/11/18 9:14,3.42,0.86,2.46,0.66,0.62,7.41,88.22,-0.05,23.61,7/10/18,WE4,192,
Q3,0,7/11/18 9:14,3.14,1.04,2.47,0.6,0.66,7.25,88.18,-0.03,23.62,7/10/18,WE4,192,
Q3,0,7/11/18 9:14,3.25,0.86,2.14,0.86,0.67,7.1,88.15,-0.04,23.61,7/10/18,WE4,192,
Q3,0,7/11/18 9:14,3.44,0.65,1.75,1.19,0.68,7.03,88.19,-0.04,23.62,7/10/18,WE4,192,
Q3,0,7/11/18 9:14,3.16,0.88,2.5,0.7,0.59,7.23,88.04,-0.03,23.62,7/10/18,WE4,192,
Q3,0,7/11/18 9:14,2.49,1.14,2.59,0.73,0.72,6.95,88.09,-0.04,23.61,7/10/18,WE4,192,
Q3,0,7/11/18 9:14,2.57,1.16,2.91,0.33,0.65,6.97,88.15,-0.04,23.61,7/10/18,WE4,192,
Q3,0,7/11/18 9:14,2.72,0.9,2.62,0.65,0.66,6.89,88.29,-0.02,23.62,7/10/18,WE4,192,
Q3,0,7/11/18 9:14,3.31,0.88,2.23,0.86,0.65,7.28,88.21,-0.04,23.62,7/10/18,WE4,192,
Q3,0,7/11/18 9:14,3.08,1.08,2.73,0.58,0.68,7.47,88.42,-0.03,23.62,7/10/18,WE4,192,
Q3,0,7/11/18 9:14,3.01,0.98,2.55,0.59,0.67,7.13,88.15,-0.03,23.62,7/10/18,WE4,192,
Q3,0,7/11/18 9:14,3.53,0.86,2.01,0.79,0.66,7.19,88.36,-0.05,23.62,7/10/18,WE4,192,
Q3,0,7/11/18 9:14,2.48,0.89,2.85,0.81,0.71,7.03,88.18,-0.01,23.62,7/10/18,WE4,192,
Q3,0,7/11/18 9:14,2.8,0.85,2.43,1,0.64,7.08,88.3,-0.03,23.62,7/10/18,WE4,192,
Q3,0,7/11/18 9:14,3.48,0.97,2.44,0.59,0.63,7.48,88.25,-0.02,23.62,7/10/18,WE4,192,
Q3,0,7/11/18 9:14,3.53,0.5,1.51,1.52,0.63,7.06,88.26,-0.05,23.62,7/10/18,WE4,192,
Q3,0,7/11/18 9:14,2.72,0.96,2.86,0.49,0.57,7.02,88.15,-0.03,23.61,7/10/18,WE4,192,
Q3,0,7/11/18 9:14,3.17,0.89,2.27,0.77,0.63,7.1,88.37,0.02,23.62,7/10/18,WE4,192,
Q3,0,7/11/18 9:14,2.99,0.94,2.58,0.54,0.61,7.04,88.13,0.04,23.61,7/10/18,WE4,192,
Q3,0,7/11/18 9:14,3.05,0.97,2.39,0.66,0.64,7.08,88.25,0.02,23.62,7/10/18,WE4,192,
Q3,0,7/11/18 9:14,2.2,1.08,3.09,0.49,0.61,6.87,88.28,0.02,23.61,7/10/18,WE4,192,
Q3,0,7/11/18 9:14,2.73,0.88,2.47,0.62,0.65,6.7,88.23,0.01,23.62,7/10/18,WE4,192,
Q4,0,7/11/18 9:15,3.95,0.9,1.93,0.98,0.53,7.76,87.6,0,23.65,7/10/18,WE4,192,
Q4,0,7/11/18 9:15,3.23,1.1,2.5,0.55,0.49,7.38,87.66,0.07,23.65,7/10/18,WE4,192,
Q4,0,7/11/18 9:15,3.62,0.67,1.98,1.07,0.5,7.34,87.51,0.02,23.65,7/10/18,WE4,192,
Q4,0,7/11/18 9:15,3.21,0.87,2.47,0.65,0.54,7.2,87.58,0.01,23.64,7/10/18,WE4,192,
Q4,0,7/11/18 9:15,2.83,0.91,2.62,0.59,0.56,6.95,87.69,0.02,23.64,7/10/18,WE4,192,
Q4,0,7/11/18 9:15,3.59,0.91,2.26,0.6,0.49,7.36,87.55,0.02,23.64,7/10/18,WE4,192,
Q4,0,7/11/18 9:15,3.35,0.92,2.44,0.71,0.52,7.43,87.44,0.05,23.65,7/10/18,WE4,192,
Q4,0,7/11/18 9:15,3.36,0.9,2.4,0.62,0.48,7.28,87.61,0.04,23.65,7/10/18,WE4,192,
Q4,0,7/11/18 9:15,3.55,0.88,2.34,0.69,0.51,7.46,87.56,0,23.65,7/10/18,WE4,192,
Q4,0,7/11/18 9:15,3.55,0.81,2.35,0.83,0.51,7.54,87.51,0.04,23.65,7/10/18,WE4,192,
Q4,0,7/11/18 9:15,3.46,0.76,2.15,0.85,0.52,7.23,87.51,0,23.65,7/10/18,WE4,192,
Q4,0,7/11/18 9:15,3.57,0.74,2.13,0.96,0.51,7.4,87.51,0.02,23.64,7/10/18,WE4,192,
Q4,0,7/11/18 9:15,2.84,0.52,2.42,1.41,0.6,7.18,87.55,0.02,23.65,7/10/18,WE4,192,
Q4,0,7/11/18 9:15,3.58,0.81,2,0.9,0.58,7.29,87.61,0.05,23.65,7/10/18,WE4,192,
Q4,0,7/11/18 9:15,4.07,0.71,1.83,0.97,0.47,7.58,87.6,0,23.66,7/10/18,WE4,192,
Q4,0,7/11/18 9:15,3.68,0.64,2.06,0.95,0.54,7.32,87.39,0.03,23.65,7/10/18,WE4,192,
Q4,0,7/11/18 9:15,3.38,0.67,1.72,1.24,0.56,7.01,87.55,0,23.64,7/10/18,WE4,192,
Q4,0,7/11/18 9:15,2.8,0.79,2.44,0.96,0.56,6.99,87.57,0.01,23.64,7/10/18,WE4,192,
Q4,0,7/11/18 9:15,3.26,0.69,2.22,1,0.51,7.18,87.47,-0.02,23.65,7/10/18,WE4,192,
Q4,0,7/11/18 9:15,4.49,0.75,1.83,0.91,0.48,7.98,87.31,0,23.64,7/10/18,WE4,192,
Q4,0,7/11/18 9:15,3.34,0.77,2.24,0.84,0.5,7.19,87.7,-0.02,23.65,7/10/18,WE4,192,
Q4,0,7/11/18 9:15,3.54,0.44,1.67,1.54,0.64,7.18,87.95,-0.01,23.64,7/10/18,WE4,192,
Q4,0,7/11/18 9:15,3.39,0.74,2.13,1.02,0.52,7.27,87.53,-0.04,23.65,7/10/18,WE4,192,
Q4,0,7/11/18 9:15,3.69,0.83,2.15,0.83,0.49,7.5,87.46,-0.02,23.66,7/10/18,WE4,192,
Q4,0,7/11/18 9:15,3.52,0.82,1.78,1.37,0.52,7.5,87.45,-0.01,23.64,7/10/18,WE4,192,
Q4,0,7/11/18 9:15,3.71,0.92,1.82,1.26,0.57,7.7,87.69,-0.03,23.65,7/10/18,WE4,192,
Q4,0,7/11/18 9:16,3.29,0.72,2.58,0.82,0.48,7.41,87.48,-0.04,23.65,7/10/18,WE4,192,
Q4,0,7/11/18 9:16,2.98,0.84,2.11,1.13,0.62,7.07,87.43,-0.05,23.65,7/10/18,WE4,192,
C1,1,7/11/18 10:23,2.83,0.93,2.47,0.4,0.52,6.62,87.7,0,25.66,7/10/18,WE4,192,
C1,1,7/11/18 10:23,2.59,1.16,2.33,0.66,0.59,6.74,87.66,0.04,25.68,7/10/18,WE4,192,
C1,1,7/11/18 10:23,2.9,0.79,2.24,0.74,0.61,6.66,87.8,0.03,25.67,7/10/18,WE4,192,
C1,1,7/11/18 10:23,2.99,0.86,2.65,0.37,0.48,6.86,87.85,0.01,25.67,7/10/18,WE4,192,
C1,1,7/11/18 10:23,2.86,1.01,2.68,0.2,0.54,6.75,87.71,0,25.68,7/10/18,WE4,192,
C1,1,7/11/18 10:23,2.86,0.74,2.01,0.84,0.55,6.46,87.75,-0.02,25.68,7/10/18,WE4,192,
C1,1,7/11/18 10:23,2.47,0.93,2.78,0.35,0.55,6.53,87.65,0.04,25.68,7/10/18,WE4,192,
C1,1,7/11/18 10:23,2.78,0.83,2.2,0.69,0.56,6.5,87.76,0.02,25.68,7/10/18,WE4,192,
C1,1,7/11/18 10:23,3.09,0.96,2.04,0.59,0.55,6.68,87.78,0.02,25.69,7/10/18,WE4,192,
C1,1,7/11/18 10:23,2.34,1.84,3.03,0.02,0.53,7.22,87.61,0.03,25.68,7/10/18,WE4,192,
C1,1,7/11/18 10:23,2.91,0.87,2.42,0.47,0.54,6.67,87.74,0.04,25.68,7/10/18,WE4,192,
C1,1,7/11/18 10:23,3.3,0.81,2.24,0.47,0.49,6.82,87.8,0.06,25.68,7/10/18,WE4,192,
C1,1,7/11/18 10:23,2.81,0.96,2.01,0.98,0.56,6.76,87.67,0.08,25.67,7/10/18,WE4,192,
C1,1,7/11/18 10:23,2.8,0.89,2.6,0.27,0.5,6.56,87.78,0.06,25.68,7/10/18,WE4,192,
C1,1,7/11/18 10:23,2.72,0.97,3.07,0,0.49,6.76,87.75,0.05,25.7,7/10/18,WE4,192,
C1,1,7/11/18 10:23,2.56,0.99,3.06,0,0.55,6.61,87.67,0,25.69,7/10/18,WE4,192,
C1,1,7/11/18 10:23,3.53,0.57,1.65,1.06,0.54,6.81,87.8,0.02,25.7,7/10/18,WE4,192,
C1,1,7/11/18 10:23,3.01,0.78,2.13,0.57,0.53,6.5,87.77,0.04,25.7,7/10/18,WE4,192,
C1,1,7/11/18 10:23,2.74,1.01,2.41,0.31,0.56,6.47,87.73,0.03,25.7,7/10/18,WE4,192,
C1,1,7/11/18 10:23,2.89,0.94,2.43,0.38,0.56,6.64,87.58,0.04,25.71,7/10/18,WE4,192,
C1,1,7/11/18 10:23,2.47,1,2.59,0.21,0.53,6.28,87.73,-0.01,25.71,7/10/18,WE4,192,
C1,1,7/11/18 10:23,2.86,0.81,2.11,0.81,0.54,6.59,87.68,0,25.71,7/10/18,WE4,192,
C1,1,7/11/18 10:23,2.51,1.23,2.58,0.28,0.55,6.61,87.62,0.02,25.7,7/10/18,WE4,192,
C1,1,7/11/18 10:23,2.92,0.85,2.32,0.52,0.53,6.6,87.6,0.02,25.71,7/10/18,WE4,192,
C1,1,7/11/18 10:23,3.3,1.04,2.08,0.71,0.55,7.14,87.72,0.01,25.71,7/10/18,WE4,192,
C1,1,7/11/18 10:23,3.03,0.8,1.87,0.79,0.54,6.49,87.87,0,25.71,7/10/18,WE4,192,
C1,1,7/11/18 10:23,2.55,1.29,2.77,0,0.52,6.61,87.81,0,25.71,7/10/18,WE4,192,
C1,1,7/11/18 10:24,2.91,0.96,2.63,0.25,0.54,6.75,87.66,0.03,25.71,7/10/18,WE4,192,
C1,1,7/11/18 10:24,3.02,0.96,2.37,0.37,0.52,6.73,87.65,0.04,25.72,7/10/18,WE4,192,
C1,1,7/11/18 10:24,2.57,0.97,2.72,0.28,0.51,6.54,87.79,-0.01,25.72,7/10/18,WE4,192,
C1,1,7/11/18 10:24,3.05,0.82,2.12,0.56,0.51,6.54,87.78,0.02,25.72,7/10/18,WE4,192,
C1,1,7/11/18 10:24,2.49,1.26,3.04,0.11,0.55,6.9,87.58,0.03,25.72,7/10/18,WE4,192,
C1,1,7/11/18 10:24,2.75,0.75,2.22,0.53,0.5,6.25,87.66,0.01,25.72,7/10/18,WE4,192,
C1,1,7/11/18 10:24,2.91,0.74,2.14,0.45,0.57,6.25,87.89,0.01,25.72,7/10/18,WE4,192,
C1,1,7/11/18 10:24,2.61,0.97,2.36,0.31,0.54,6.26,87.78,-0.02,25.72,7/10/18,WE4,192,
C1,1,7/11/18 10:24,2.81,1.65,2.66,0,0.52,7.12,87.62,0.03,25.73,7/10/18,WE4,192,
C1,1,7/11/18 10:24,3.45,0.58,1.56,1.02,0.55,6.61,87.47,0.01,25.72,7/10/18,WE4,192,
C1,1,7/11/18 10:24,2.66,0.95,2.55,0.21,0.57,6.37,87.75,0.02,25.73,7/10/18,WE4,192,
C1,1,7/11/18 10:24,2.91,0.75,2.1,0.64,0.51,6.4,87.79,0.01,25.73,7/10/18,WE4,192,
C1,1,7/11/18 10:24,2.79,1.15,2.55,0.06,0.54,6.56,87.82,-0.01,25.72,7/10/18,WE4,192,
C1,1,7/11/18 10:24,3.09,0.87,2.1,0.59,0.52,6.65,87.81,0.01,25.74,7/10/18,WE4,192,
C1,1,7/11/18 10:24,2.49,1.53,2.83,0,0.53,6.85,87.77,0.04,25.73,7/10/18,WE4,192,
C1,1,7/11/18 10:24,2.45,1.25,3.02,0,0.48,6.71,87.73,-0.03,25.73,7/10/18,WE4,192,
C1,1,7/11/18 10:24,2.22,1.4,3.06,0.04,0.54,6.73,87.38,-0.01,25.74,7/10/18,WE4,192,
C1,1,7/11/18 10:24,2.43,1.11,3.07,0,0.5,6.61,87.76,0,25.72,7/10/18,WE4,192,
C1,1,7/11/18 10:24,1.85,1.14,3.36,0,0.53,6.36,87.64,-0.01,25.72,7/10/18,WE4,192,
C1,1,7/11/18 10:24,2.32,1.08,3.1,0,0.51,6.5,87.95,0,25.72,7/10/18,WE4,192,
C1,1,7/11/18 10:24,2.86,0.84,2.64,0.35,0.53,6.69,87.73,0,25.72,7/10/18,WE4,192,
C1,1,7/11/18 10:24,2.38,0.87,2.96,0.4,0.54,6.62,87.82,-0.03,25.73,7/10/18,WE4,192,
C1,1,7/11/18 10:24,3.16,0.8,2.12,0.71,0.51,6.79,87.76,0.05,25.74,7/10/18,WE4,192,
C1,1,7/11/18 10:24,2.76,0.81,2.4,0.42,0.51,6.38,87.74,-0.04,25.73,7/10/18,WE4,192,
C2,1,7/11/18 10:25,3.15,0.91,2.49,0.53,0.53,7.09,87.54,0,25.77,7/10/18,WE4,192,
C2,1,7/11/18 10:25,2.92,0.92,2.88,0.24,0.53,6.96,87.5,0.02,25.77,7/10/18,WE4,192,
C2,1,7/11/18 10:26,2.88,0.84,2.62,0.4,0.51,6.74,87.55,0.04,25.76,7/10/18,WE4,192,
C2,1,7/11/18 10:26,3.36,0.95,2.31,0.6,0.52,7.21,87.64,0.03,25.77,7/10/18,WE4,192,
C2,1,7/11/18 10:26,3.21,0.86,2.37,0.56,0.51,6.99,87.68,0.04,25.77,7/10/18,WE4,192,
C2,1,7/11/18 10:26,2.94,0.99,2.75,0.2,0.49,6.89,87.62,0.01,25.77,7/10/18,WE4,192,
C2,1,7/11/18 10:26,3.52,0.77,2.2,0.68,0.48,7.16,87.6,0.04,25.76,7/10/18,WE4,192,
C2,1,7/11/18 10:26,3.03,1.04,2.81,0.27,0.49,7.16,87.57,0.01,25.77,7/10/18,WE4,192,
C2,1,7/11/18 10:26,2.92,0.8,2.37,0.63,0.54,6.72,87.74,0.07,25.78,7/10/18,WE4,192,
C2,1,7/11/18 10:26,2.81,0.99,2.74,0.44,0.53,6.97,87.56,0.02,25.76,7/10/18,WE4,192,
C2,1,7/11/18 10:26,2.93,0.78,2.56,0.54,0.5,6.82,87.65,0.02,25.78,7/10/18,WE4,192,
C2,1,7/11/18 10:26,2.82,1.39,2.93,0.02,0.54,7.16,87.71,0.11,25.77,7/10/18,WE4,192,
C2,1,7/11/18 10:26,3,0.67,2.37,0.65,0.52,6.68,87.69,0.1,25.77,7/10/18,WE4,192,
C2,1,7/11/18 10:26,2.88,1,2.89,0.09,0.51,6.86,87.71,0.07,25.77,7/10/18,WE4,192,
C2,1,7/11/18 10:26,3.25,0.86,2.6,0.48,0.48,7.19,87.7,0.06,25.78,7/10/18,WE4,192,
C2,1,7/11/18 10:26,3.02,1.04,2.67,0.25,0.49,6.98,87.56,0.04,25.78,7/10/18,WE4,192,
C2,1,7/11/18 10:26,2.99,1.21,2.72,0.08,0.46,7,87.84,0.05,25.77,7/10/18,WE4,192,
C2,1,7/11/18 10:26,3.28,0.86,2.8,0.28,0.5,7.22,87.66,0.01,25.78,7/10/18,WE4,192,
C2,1,7/11/18 10:26,3.23,0.82,2.57,0.34,0.52,6.95,87.77,0.04,25.78,7/10/18,WE4,192,
C2,1,7/11/18 10:26,3.12,1.23,2.45,0.28,0.52,7.08,87.64,0.04,25.79,7/10/18,WE4,192,
C2,1,7/11/18 10:26,3.17,0.95,2.77,0.34,0.49,7.23,87.7,0.04,25.78,7/10/18,WE4,192,
C2,1,7/11/18 10:26,3.24,0.85,2.47,0.35,0.51,6.92,87.82,0.05,25.78,7/10/18,WE4,192,
C2,1,7/11/18 10:26,3.37,0.91,2.35,0.6,0.46,7.23,87.74,0.03,25.77,7/10/18,WE4,192,
C2,1,7/11/18 10:26,2.93,1.12,2.66,0.19,0.52,6.9,87.7,0.05,25.78,7/10/18,WE4,192,
C2,1,7/11/18 10:26,3.05,0.8,2.56,0.36,0.48,6.78,87.77,0.05,25.78,7/10/18,WE4,192,
C2,1,7/11/18 10:26,3.15,0.93,2.75,0.09,0.47,6.93,87.8,0.03,25.79,7/10/18,WE4,192,
C2,1,7/11/18 10:26,2.89,0.9,2.34,0.6,0.55,6.73,87.65,0.06,25.78,7/10/18,WE4,192,
C2,1,7/11/18 10:26,2.92,0.75,2.41,0.55,0.52,6.62,87.73,0.05,25.78,7/10/18,WE4,192,
C2,1,7/11/18 10:26,3.05,1.01,2.62,0.17,0.48,6.86,87.71,0.01,25.79,7/10/18,WE4,192,
C2,1,7/11/18 10:26,2.7,0.95,2.89,0.39,0.49,6.93,87.75,0.04,25.78,7/10/18,WE4,192,
C2,1,7/11/18 10:26,2.97,1.13,2.83,0.07,0.53,7,87.61,0.04,25.8,7/10/18,WE4,192,
C2,1,7/11/18 10:26,3.14,1.3,2.81,0.01,0.53,7.25,87.52,0.07,25.79,7/10/18,WE4,192,
C2,1,7/11/18 10:26,3.35,0.77,2.07,0.71,0.51,6.91,87.8,0.03,25.78,7/10/18,WE4,192,
C2,1,7/11/18 10:26,3.2,0.81,2.31,0.67,0.47,6.99,87.71,0.07,25.79,7/10/18,WE4,192,
C2,1,7/11/18 10:26,3.18,0.95,2.86,0.17,0.46,7.15,87.82,0.11,25.79,7/10/18,WE4,192,
C3,1,7/11/18 10:29,2.09,1.09,3.44,0,0.48,6.63,87.18,0,25.85,7/10/18,WE4,192,
C3,1,7/11/18 10:29,2.72,1.19,2.85,0.02,0.46,6.78,87.14,0,25.86,7/10/18,WE4,192,
C3,1,7/11/18 10:29,3.14,1.05,2.41,0.39,0.45,6.99,87.35,0,25.85,7/10/18,WE4,192,
C3,1,7/11/18 10:29,3.24,1.2,2.37,0.19,0.48,7,87.17,0.02,25.86,7/10/18,WE4,192,
C3,1,7/11/18 10:29,2.75,1.18,2.73,0.22,0.5,6.88,87.18,0.02,25.86,7/10/18,WE4,192,
C3,1,7/11/18 10:29,3.28,0.92,2.38,0.37,0.49,6.94,87.11,0.04,25.86,7/10/18,WE4,192,
C3,1,7/11/18 10:29,3.12,0.98,2.24,0.43,0.46,6.77,87.15,0.03,25.86,7/10/18,WE4,192,
C3,1,7/11/18 10:29,3.21,0.95,2.16,0.6,0.46,6.92,87.26,0.07,25.86,7/10/18,WE4,192,
C3,1,7/11/18 10:29,2.65,1.12,2.72,0.13,0.52,6.63,87.24,0.06,25.86,7/10/18,WE4,192,
C3,1,7/11/18 10:29,2.89,1.1,2.42,0.44,0.5,6.84,87.29,0.07,25.86,7/10/18,WE4,192,
C3,1,7/11/18 10:29,3.08,1.04,2.49,0.31,0.46,6.91,87.18,0.07,25.85,7/10/18,WE4,192,
C3,1,7/11/18 10:29,3.83,0.99,1.74,0.72,0.45,7.28,87.21,0.06,25.87,7/10/18,WE4,192,
C3,1,7/11/18 10:29,3.43,0.85,2.05,0.64,0.45,6.98,87.25,0.03,25.87,7/10/18,WE4,192,
C3,1,7/11/18 10:29,2.91,0.99,2.41,0.35,0.5,6.65,87.27,0.03,25.87,7/10/18,WE4,192,
C3,1,7/11/18 10:29,2.62,1.12,2.88,0.19,0.52,6.81,87.21,0,25.86,7/10/18,WE4,192,
C3,1,7/11/18 10:29,2.79,0.91,2.59,0.44,0.46,6.72,87.25,-0.01,25.86,7/10/18,WE4,192,
C3,1,7/11/18 10:29,3.41,0.74,1.82,0.84,0.49,6.8,87.24,0.03,25.87,7/10/18,WE4,192,
C3,1,7/11/18 10:29,2.87,1.51,2.89,0.03,0.48,7.29,87.17,0.03,25.87,7/10/18,WE4,192,
C3,1,7/11/18 10:29,3.46,0.81,1.91,0.84,0.45,7.03,87.26,0.02,25.88,7/10/18,WE4,192,
C3,1,7/11/18 10:30,3.37,0.87,2.07,0.57,0.47,6.87,87.21,0.03,25.87,7/10/18,WE4,192,
C3,1,7/11/18 10:30,3.37,0.84,2.13,0.47,0.45,6.81,87.25,0.03,25.87,7/10/18,WE4,192,
C3,1,7/11/18 10:30,2.99,1.15,2.72,0.1,0.46,6.97,87.26,0.04,25.87,7/10/18,WE4,192,
C3,1,7/11/18 10:30,3.13,0.97,2.23,0.5,0.48,6.83,87.29,0.01,25.87,7/10/18,WE4,192,
C3,1,7/11/18 10:30,3.01,0.89,2.4,0.51,0.48,6.82,87.26,0.01,25.88,7/10/18,WE4,192,
C3,1,7/11/18 10:30,3.47,0.95,2.11,0.39,0.43,6.93,87.23,0.01,25.88,7/10/18,WE4,192,
C3,1,7/11/18 10:30,3.25,0.87,2.42,0.42,0.42,6.96,87.16,0,25.87,7/10/18,WE4,192,
C3,1,7/11/18 10:30,2.86,1.01,2.57,0.29,0.44,6.74,87.27,0,25.87,7/10/18,WE4,192,
C3,1,7/11/18 10:30,3.27,0.85,2.28,0.54,0.43,6.94,87.33,0.01,25.88,7/10/18,WE4,192,
C3,1,7/11/18 10:30,3.06,1.22,2.42,0.35,0.48,7.05,87.24,-0.01,25.88,7/10/18,WE4,192,
C3,1,7/11/18 10:30,3.41,0.78,2.15,0.6,0.47,6.94,87.1,0.01,25.88,7/10/18,WE4,192,
C3,1,7/11/18 10:30,3.38,1.22,2.4,0.21,0.5,7.21,87.23,0.03,25.88,7/10/18,WE4,192,
C3,1,7/11/18 10:30,3.38,0.95,2.39,0.29,0.41,7.01,87.29,0.03,25.88,7/10/18,WE4,192,
C3,1,7/11/18 10:30,3.34,0.72,1.93,0.71,0.5,6.71,87.19,0.01,25.88,7/10/18,WE4,192,
C3,1,7/11/18 10:30,3.46,0.74,2.19,0.55,0.44,6.93,87.28,0.03,25.88,7/10/18,WE4,192,
C3,1,7/11/18 10:30,3.07,1.09,2.48,0.22,0.47,6.86,87.09,0.02,25.87,7/10/18,WE4,192,
C3,1,7/11/18 10:30,3.3,1.03,2.23,0.41,0.47,6.96,87.17,0.02,25.88,7/10/18,WE4,192,
Q1,1,7/11/18 10:31,1.3,0.81,1.33,0,0.5,3.44,88.25,0,25.86,7/10/18,WE4,192,
Q1,1,7/11/18 10:31,1.38,0.76,1.22,0.17,0.51,3.53,88.28,-0.02,25.87,7/10/18,WE4,192,
Q1,1,7/11/18 10:31,1.81,0.96,1.1,0,0.5,3.86,88.13,-0.03,25.87,7/10/18,WE4,192,
Q1,1,7/11/18 10:31,1.45,0.91,1.31,0,0.48,3.68,88.09,-0.03,25.88,7/10/18,WE4,192,
Q1,1,7/11/18 10:31,1.54,0.75,1,0.23,0.5,3.52,88.17,-0.01,25.87,7/10/18,WE4,192,
Q1,1,7/11/18 10:31,1.44,0.74,1.09,0.18,0.49,3.45,88.15,-0.02,25.88,7/10/18,WE4,192,
Q1,1,7/11/18 10:31,1.19,0.9,1.32,0,0.54,3.41,88.07,-0.02,25.88,7/10/18,WE4,192,
Q1,1,7/11/18 10:31,1.52,0.83,1.17,0.08,0.49,3.6,88.06,-0.03,25.88,7/10/18,WE4,192,
Q1,1,7/11/18 10:31,1.45,0.79,1.13,0.06,0.49,3.44,88.29,-0.02,25.87,7/10/18,WE4,192,
Q1,1,7/11/18 10:31,1.63,0.74,0.99,0.24,0.49,3.61,88.31,-0.02,25.88,7/10/18,WE4,192,
Q1,1,7/11/18 10:31,1.57,0.72,1.05,0.25,0.48,3.59,88.18,0.01,25.89,7/10/18,WE4,192,
Q1,1,7/11/18 10:31,1.42,0.89,1.24,0.04,0.5,3.6,88.12,0,25.88,7/10/18,WE4,192,
Q1,1,7/11/18 10:31,1.56,0.94,1.13,0,0.5,3.62,88.08,-0.01,25.88,7/10/18,WE4,192,
Q1,1,7/11/18 10:31,1.61,0.84,1.2,0,0.48,3.65,88.22,-0.01,25.89,7/10/18,WE4,192,
Q1,1,7/11/18 10:31,1.61,0.77,1.12,0.05,0.48,3.56,88.24,-0.02,25.89,7/10/18,WE4,192,
Q1,1,7/11/18 10:31,1.7,0.76,0.91,0.27,0.5,3.64,88.16,-0.01,25.88,7/10/18,WE4,192,
Q1,1,7/11/18 10:31,1.6,0.72,1.08,0.22,0.48,3.62,88.28,0.03,25.89,7/10/18,WE4,192,
Q1,1,7/11/18 10:31,1.11,0.97,1.42,0,0.51,3.5,88.26,0.04,25.89,7/10/18,WE4,192,
Q1,1,7/11/18 10:31,1.39,0.9,1.03,0.24,0.53,3.57,88.17,0.02,25.89,7/10/18,WE4,192,
Q1,1,7/11/18 10:31,1.55,0.8,1.07,0.1,0.5,3.52,88.08,0.03,25.89,7/10/18,WE4,192,
Q1,1,7/11/18 10:31,1.27,0.76,1.27,0.13,0.47,3.43,88.23,0.04,25.9,7/10/18,WE4,192,
Q1,1,7/11/18 10:31,1.5,0.71,1,0.26,0.49,3.47,88.14,0.01,25.9,7/10/18,WE4,192,
Q1,1,7/11/18 10:31,1.32,0.9,1.23,0.05,0.51,3.49,88.08,0.03,25.9,7/10/18,WE4,192,
Q1,1,7/11/18 10:31,1.55,0.87,1.19,0.04,0.47,3.65,88.27,0.04,25.9,7/10/18,WE4,192,
Q1,1,7/11/18 10:31,1.41,0.85,1.15,0.08,0.48,3.48,88.21,0.03,25.9,7/10/18,WE4,192,
Q1,1,7/11/18 10:31,1.48,0.76,1.23,0.04,0.52,3.51,88.22,-0.04,25.91,7/10/18,WE4,192,
Q1,1,7/11/18 10:32,1.42,0.81,1.12,0.12,0.48,3.47,88.26,-0.05,25.91,7/10/18,WE4,192,
Q1,1,7/11/18 10:32,1.59,0.74,1.1,0.2,0.49,3.62,88.23,-0.02,25.91,7/10/18,WE4,192,
Q1,1,7/11/18 10:32,1.45,0.81,1.34,0,0.47,3.6,88.22,-0.03,25.91,7/10/18,WE4,192,
Q1,1,7/11/18 10:32,1.45,0.88,1.35,0,0.48,3.68,87.92,-0.02,25.92,7/10/18,WE4,192,
Q1,1,7/11/18 10:32,1.56,0.81,1.22,0,0.49,3.59,88.23,-0.02,25.92,7/10/18,WE4,192,
Q1,1,7/11/18 10:32,1.44,0.86,1.16,0.03,0.51,3.48,88.23,-0.02,25.92,7/10/18,WE4,192,
Q1,1,7/11/18 10:32,1.35,0.92,1.27,0,0.5,3.54,88.22,-0.03,25.91,7/10/18,WE4,192,
Q1,1,7/11/18 10:32,1.44,0.74,1.08,0.17,0.49,3.43,88.19,-0.03,25.91,7/10/18,WE4,192,
Q1,1,7/11/18 10:32,1.43,0.9,1.19,0,0.5,3.53,88.02,-0.01,25.91,7/10/18,WE4,192,
Q1,1,7/11/18 10:32,1.22,0.87,1.42,0,0.48,3.5,88.24,-0.04,25.91,7/10/18,WE4,192,
Q1,1,7/11/18 10:32,1.43,0.9,1.27,0,0.5,3.6,88.25,-0.02,25.91,7/10/18,WE4,192,
Q1,1,7/11/18 10:32,1.67,0.76,0.9,0.31,0.47,3.65,88.07,0,25.92,7/10/18,WE4,192,
Q1,1,7/11/18 10:32,1.5,0.8,1.06,0.11,0.48,3.46,88.19,-0.02,25.92,7/10/18,WE4,192,
Q2,1,7/11/18 10:33,1.07,0.77,1.13,0.22,0.52,3.18,88.2,0,25.87,7/10/18,WE4,192,
Q2,1,7/11/18 10:33,0,1.51,2.34,0,0.5,3.85,88.12,0.01,25.89,7/10/18,WE4,192,
Q2,1,7/11/18 10:33,1.4,0.78,0.78,0.43,0.52,3.39,88.39,0.02,25.88,7/10/18,WE4,192,
Q2,1,7/11/18 10:33,1.06,1.02,1.04,0.55,0.58,3.67,88.4,0.02,25.88,7/10/18,WE4,192,
Q2,1,7/11/18 10:33,1.13,0.7,1.26,0.07,0.51,3.16,88.33,-0.01,25.89,7/10/18,WE4,192,
Q2,1,7/11/18 10:33,1.16,0.56,1.06,0.27,0.52,3.05,88.3,0,25.88,7/10/18,WE4,192,
Q2,1,7/11/18 10:33,1.33,0.61,0.76,0.54,0.5,3.24,88.44,0.02,25.9,7/10/18,WE4,192,
Q2,1,7/11/18 10:33,1.44,0.62,0.97,0.17,0.48,3.21,88.24,0,25.9,7/10/18,WE4,192,
Q2,1,7/11/18 10:33,1.46,0.53,1,0.42,0.49,3.41,88.31,0.03,25.89,7/10/18,WE4,192,
Q2,1,7/11/18 10:33,1.42,0.81,0.99,0.11,0.5,3.34,88.33,-0.01,25.89,7/10/18,WE4,192,
Q2,1,7/11/18 10:33,1.42,0.71,0.14,1.49,0.59,3.75,88.33,0.02,25.9,7/10/18,WE4,192,
Q2,1,7/11/18 10:33,1.27,0.66,1.07,0.07,0.5,3.06,88.4,0,25.9,7/10/18,WE4,192,
Q2,1,7/11/18 10:33,1.21,0.71,1.22,0.01,0.49,3.15,88.47,-0.02,25.91,7/10/18,WE4,192,
Q2,1,7/11/18 10:33,0.5,0.75,1.62,0.04,0.51,2.9,88.37,0,25.91,7/10/18,WE4,192,
Q2,1,7/11/18 10:33,1.58,0.7,0.74,0.42,0.48,3.44,88.4,0.01,25.9,7/10/18,WE4,192,
Q2,1,7/11/18 10:33,0.88,0.67,1.12,0.37,0.52,3.04,88.5,0.01,25.92,7/10/18,WE4,192,
Q2,1,7/11/18 10:33,0.61,1.76,1.63,0,0.55,4,88.36,0,25.9,7/10/18,WE4,192,
Q2,1,7/11/18 10:33,1.19,0.62,1.06,0.25,0.5,3.11,88.35,0,25.91,7/10/18,WE4,192,
Q2,1,7/11/18 10:33,0.96,0.82,1.46,0,0.5,3.24,88.4,0,25.91,7/10/18,WE4,192,
Q2,1,7/11/18 10:33,1.39,0.67,1.23,0.11,0.46,3.4,88.28,0.02,25.91,7/10/18,WE4,192,
Q2,1,7/11/18 10:33,1.4,0.64,0.86,0.38,0.51,3.28,88.55,0.03,25.92,7/10/18,WE4,192,
Q2,1,7/11/18 10:33,1.22,0.61,0.95,0.34,0.49,3.11,88.38,0,25.92,7/10/18,WE4,192,
Q2,1,7/11/18 10:33,0.65,0.73,1.5,0.07,0.51,2.95,88.28,-0.01,25.93,7/10/18,WE4,192,
Q2,1,7/11/18 10:33,1.05,0.73,1.13,0.12,0.48,3.04,88.48,0.01,25.92,7/10/18,WE4,192,
Q2,1,7/11/18 10:33,1.24,0.66,1,0.16,0.51,3.06,88.39,-0.01,25.93,7/10/18,WE4,192,
Q2,1,7/11/18 10:33,1.29,0.66,0.93,0.23,0.52,3.11,88.26,0,25.92,7/10/18,WE4,192,
Q3,1,7/11/18 10:34,1.44,0.74,1.42,0.17,0.5,3.77,87.98,0,25.93,7/10/18,WE4,192,
Q3,1,7/11/18 10:34,1.4,0.72,1.5,0.07,0.52,3.68,88.09,0,25.92,7/10/18,WE4,192,
Q3,1,7/11/18 10:34,1.51,0.57,1.04,0.35,0.5,3.47,88.14,-0.01,25.93,7/10/18,WE4,192,
Q3,1,7/11/18 10:34,1.62,0.67,1.12,0.22,0.51,3.63,88.1,0.01,25.91,7/10/18,WE4,192,
Q3,1,7/11/18 10:34,1.3,0.8,1.38,0,0.49,3.47,88.3,-0.03,25.93,7/10/18,WE4,192,
Q3,1,7/11/18 10:34,1.14,0.77,1.49,0.01,0.47,3.4,88.17,0.02,25.93,7/10/18,WE4,192,
Q3,1,7/11/18 10:34,1.43,0.71,1.25,0.11,0.5,3.49,88.24,0,25.93,7/10/18,WE4,192,
Q3,1,7/11/18 10:34,1.37,0.72,1.38,0,0.49,3.48,88.24,0.03,25.92,7/10/18,WE4,192,
Q3,1,7/11/18 10:34,1.41,0.67,1.16,0.15,0.49,3.4,88.18,0.05,25.93,7/10/18,WE4,192,
Q3,1,7/11/18 10:35,1.36,0.72,1.35,0.17,0.5,3.6,88.25,0.05,25.93,7/10/18,WE4,192,
Q3,1,7/11/18 10:35,1.47,0.68,1.28,0.18,0.53,3.6,88.21,0.06,25.93,7/10/18,WE4,192,
Q3,1,7/11/18 10:35,1.41,0.69,1.17,0.14,0.5,3.41,88.19,0.05,25.93,7/10/18,WE4,192,
Q3,1,7/11/18 10:35,1.58,0.7,1.06,0.26,0.47,3.6,88.19,0.05,25.93,7/10/18,WE4,192,
Q3,1,7/11/18 10:35,1.5,0.77,1.1,0.21,0.53,3.58,88.15,0.03,25.93,7/10/18,WE4,192,
Q3,1,7/11/18 10:35,1.55,0.68,1.34,0.04,0.53,3.61,88.22,0.05,25.93,7/10/18,WE4,192,
Q3,1,7/11/18 10:35,1.32,0.67,1.29,0.11,0.48,3.38,88.21,0,25.94,7/10/18,WE4,192,
Q3,1,7/11/18 10:35,1.45,0.82,1.34,0.01,0.54,3.62,88.16,0.01,25.93,7/10/18,WE4,192,
Q3,1,7/11/18 10:35,1.28,0.71,1.27,0.11,0.49,3.36,88.19,-0.02,25.94,7/10/18,WE4,192,
Q3,1,7/11/18 10:35,1.33,0.75,1.23,0.14,0.51,3.45,88.13,0.01,25.94,7/10/18,WE4,192,
Q3,1,7/11/18 10:35,1.51,0.6,1.07,0.29,0.49,3.47,88.34,0.01,25.94,7/10/18,WE4,192,
Q3,1,7/11/18 10:35,1.1,0.77,1.43,0,0.47,3.3,88.2,0.01,25.94,7/10/18,WE4,192,
Q3,1,7/11/18 10:35,1.22,0.71,1.3,0.11,0.5,3.34,88.18,-0.02,25.94,7/10/18,WE4,192,
Q3,1,7/11/18 10:35,1.69,0.63,0.98,0.38,0.49,3.68,88.11,0.02,25.94,7/10/18,WE4,192,
Q3,1,7/11/18 10:35,1.51,0.63,1.27,0.24,0.47,3.65,88.18,0.01,25.96,7/10/18,WE4,192,
Q3,1,7/11/18 10:35,1.41,0.69,1.21,0.18,0.49,3.49,88.14,0.01,25.94,7/10/18,WE4,192,
Q3,1,7/11/18 10:35,1.36,0.64,1.31,0.12,0.52,3.43,88.18,0.01,25.95,7/10/18,WE4,192,
Q3,1,7/11/18 10:35,1.47,0.76,1.29,0.01,0.51,3.53,88.15,0,25.94,7/10/18,WE4,192,
Q3,1,7/11/18 10:35,1.25,0.7,1.27,0.18,0.51,3.4,88.29,-0.03,25.95,7/10/18,WE4,192,
Q3,1,7/11/18 10:35,1.45,0.63,1.05,0.24,0.49,3.38,88.14,0,25.94,7/10/18,WE4,192,
Q3,1,7/11/18 10:35,1.52,0.73,1.12,0.24,0.5,3.61,88.13,-0.02,25.95,7/10/18,WE4,192,
Q4,1,7/11/18 10:36,1.54,0.76,1.21,0.06,0.47,3.57,87.59,0,25.94,7/10/18,WE4,192,
Q4,1,7/11/18 10:36,1.7,0.58,0.91,0.48,0.45,3.68,87.64,0.03,25.95,7/10/18,WE4,192,
Q4,1,7/11/18 10:36,1.49,0.96,1.31,0.02,0.46,3.77,87.67,0.01,25.95,7/10/18,WE4,192,
Q4,1,7/11/18 10:36,1.43,0.88,1.05,0.42,0.45,3.78,87.56,-0.01,25.95,7/10/18,WE4,192,
Q4,1,7/11/18 10:36,1.54,0.63,0.75,0.66,0.49,3.58,87.7,0.01,25.96,7/10/18,WE4,192,
Q4,1,7/11/18 10:36,1.94,0.58,0.64,0.75,0.45,3.91,87.61,0,25.96,7/10/18,WE4,192,
Q4,1,7/11/18 10:36,1.83,0.68,0.61,0.68,0.49,3.79,87.58,0.01,25.96,7/10/18,WE4,192,
Q4,1,7/11/18 10:36,1.74,0.66,0.68,0.73,0.45,3.81,87.72,0.01,25.96,7/10/18,WE4,192,
Q4,1,7/11/18 10:36,1.89,0.73,0.49,0.9,0.5,4,87.65,-0.01,25.97,7/10/18,WE4,192,
Q4,1,7/11/18 10:36,1.88,0.61,0.68,0.67,0.45,3.84,87.64,0,25.97,7/10/18,WE4,192,
Q4,1,7/11/18 10:36,1.58,0.73,1.05,0.26,0.44,3.62,87.69,0,25.96,7/10/18,WE4,192,
Q4,1,7/11/18 10:36,1.37,1.05,1.19,0.14,0.48,3.74,87.73,0.01,25.96,7/10/18,WE4,192,
Q4,1,7/11/18 10:36,1.73,0.59,0.66,0.6,0.47,3.57,87.73,0,25.97,7/10/18,WE4,192,
Q4,1,7/11/18 10:36,1.96,0.63,0.08,1.3,0.5,3.97,87.69,0,25.97,7/10/18,WE4,192,
Q4,1,7/11/18 10:36,1.82,0.58,0.67,0.67,0.46,3.74,87.79,0,25.97,7/10/18,WE4,192,
Q4,1,7/11/18 10:36,1.87,0.52,0.39,0.87,0.45,3.64,87.7,-0.01,25.98,7/10/18,WE4,192,
Q4,1,7/11/18 10:36,1.64,0.68,0.98,0.33,0.47,3.63,87.73,0,25.96,7/10/18,WE4,192,
Q4,1,7/11/18 10:36,1.76,0.6,0.91,0.48,0.44,3.75,87.78,0.02,25.97,7/10/18,WE4,192,
Q4,1,7/11/18 10:36,1.54,1.03,1.05,0.29,0.49,3.91,87.63,0.01,25.97,7/10/18,WE4,192,
Q4,1,7/11/18 10:36,1.75,0.7,0.83,0.44,0.44,3.72,87.71,0.02,25.97,7/10/18,WE4,192,
Q4,1,7/11/18 10:36,1.41,1.43,1.38,0,0.42,4.22,87.68,0.02,25.98,7/10/18,WE4,192,
Q4,1,7/11/18 10:36,1.92,0.54,0.56,0.63,0.46,3.65,87.66,0.01,25.98,7/10/18,WE4,192,
Q4,1,7/11/18 10:36,1.54,1.21,1.11,0.23,0.47,4.08,87.71,-0.01,25.98,7/10/18,WE4,192,
Q4,1,7/11/18 10:37,1.58,0.66,0.91,0.43,0.45,3.57,87.82,0.02,25.98,7/10/18,WE4,192,
Q4,1,7/11/18 10:37,1.83,0.84,0.75,0.55,0.46,3.98,87.64,-0.01,25.98,7/10/18,WE4,192,
Q4,1,7/11/18 10:37,1.71,0.7,0.75,0.53,0.5,3.68,87.73,0.01,25.97,7/10/18,WE4,192,
Q4,1,7/11/18 10:37,1.33,0.87,1.19,0.28,0.46,3.66,87.75,0.01,25.99,7/10/18,WE4,192,
Q4,1,7/11/18 10:37,1.65,0.98,1.05,0.26,0.43,3.94,87.66,0.03,25.98,7/10/18,WE4,192,
Q4,1,7/11/18 10:37,2.05,0.53,0.47,0.72,0.45,3.77,87.78,0.06,25.97,7/10/18,WE4,192,
Q4,1,7/11/18 10:37,1.8,0.59,0.75,0.53,0.45,3.68,87.8,0.07,25.98,7/10/18,WE4,192,
Q4,1,7/11/18 10:37,1.18,1,1.29,0.1,0.48,3.58,87.73,0.06,25.98,7/10/18,WE4,192,
Q4,1,7/11/18 10:37,1.92,0.7,0.78,0.45,0.41,3.86,87.72,0.04,25.98,7/10/18,WE4,192,
Q4,1,7/11/18 10:37,1.71,1.11,0.97,0.42,0.48,4.21,87.74,0.05,25.98,7/10/18,WE4,192,
Q4,1,7/11/18 10:37,1.84,0.62,0.74,0.62,0.44,3.82,87.83,0.08,25.98,7/10/18,WE4,192,
C1,FM,7/11/18 11:43,3.6,0.84,2.5,0.62,0.56,7.57,86.74,0,26.56,7/10/18,WE4,192,
C1,FM,7/11/18 11:43,3.13,0.96,2.92,0.23,0.54,7.24,86.75,-0.02,26.56,7/10/18,WE4,192,
C1,FM,7/11/18 11:43,3.54,0.94,2.46,0.57,0.51,7.51,86.67,-0.03,26.55,7/10/18,WE4,192,
C1,FM,7/11/18 11:43,2.92,0.87,2.83,0.33,0.54,6.95,86.72,-0.03,26.56,7/10/18,WE4,192,
C1,FM,7/11/18 11:43,2.99,0.87,2.92,0.33,0.54,7.1,86.79,-0.04,26.55,7/10/18,WE4,192,
C1,FM,7/11/18 11:43,3.53,0.83,2.28,0.66,0.51,7.3,86.62,0,26.55,7/10/18,WE4,192,
C1,FM,7/11/18 11:43,3.17,0.9,2.82,0.43,0.52,7.33,86.61,-0.01,26.55,7/10/18,WE4,192,
C1,FM,7/11/18 11:43,3.26,0.97,2.76,0.43,0.52,7.42,86.6,-0.05,26.55,7/10/18,WE4,192,
C1,FM,7/11/18 11:43,3.5,0.8,2.62,0.52,0.48,7.44,86.62,0.01,26.55,7/10/18,WE4,192,
C1,FM,7/11/18 11:43,3.31,0.96,2.82,0.41,0.51,7.5,86.74,-0.01,26.55,7/10/18,WE4,192,
C1,FM,7/11/18 11:43,3.01,1.01,2.75,0.24,0.5,7.01,86.63,-0.03,26.55,7/10/18,WE4,192,
C1,FM,7/11/18 11:43,3.45,0.73,2.52,0.64,0.45,7.34,86.77,-0.04,26.55,7/10/18,WE4,192,
C1,FM,7/11/18 11:43,2.9,0.95,2.93,0.24,0.52,7.01,86.74,-0.02,26.54,7/10/18,WE4,192,
C1,FM,7/11/18 11:43,2.85,1.06,2.7,0.43,0.54,7.04,86.79,0.02,26.55,7/10/18,WE4,192,
C1,FM,7/11/18 11:43,3.15,0.86,2.48,0.63,0.5,7.12,86.78,0.02,26.55,7/10/18,WE4,192,
C1,FM,7/11/18 11:43,3.3,0.95,2.81,0.24,0.53,7.3,86.76,0.03,26.55,7/10/18,WE4,192,
C1,FM,7/11/18 11:43,3.33,0.96,2.69,0.44,0.51,7.42,86.78,0.04,26.54,7/10/18,WE4,192,
C1,FM,7/11/18 11:43,3.69,0.72,2.26,0.7,0.47,7.37,86.82,0.03,26.54,7/10/18,WE4,192,
C1,FM,7/11/18 11:43,3.47,1.06,2.66,0.34,0.51,7.53,86.78,0.05,26.54,7/10/18,WE4,192,
C1,FM,7/11/18 11:43,2.89,0.78,2.62,0.57,0.53,6.87,86.68,0.04,26.54,7/10/18,WE4,192,
C1,FM,7/11/18 11:43,3.22,0.7,2.49,0.68,0.48,7.09,86.71,0.04,26.54,7/10/18,WE4,192,
C1,FM,7/11/18 11:43,2.98,0.93,2.84,0.27,0.51,7.02,86.76,0.02,26.54,7/10/18,WE4,192,
C1,FM,7/11/18 11:43,3.55,0.88,2.14,0.88,0.55,7.45,86.94,0.03,26.53,7/10/18,WE4,192,
C1,FM,7/11/18 11:43,3.17,1.15,2.78,0.21,0.5,7.3,86.87,0.02,26.53,7/10/18,WE4,192,
C1,FM,7/11/18 11:43,3.16,1.2,2.99,0.16,0.5,7.51,86.83,0,26.53,7/10/18,WE4,192,
C1,FM,7/11/18 11:43,3.37,0.82,2.59,0.54,0.49,7.32,86.73,-0.01,26.53,7/10/18,WE4,192,
C1,FM,7/11/18 11:43,3.6,0.9,2.59,0.39,0.49,7.47,86.8,-0.03,26.54,7/10/18,WE4,192,
C1,FM,7/11/18 11:43,2.98,0.81,2.75,0.35,0.49,6.89,86.69,0,26.54,7/10/18,WE4,192,
C1,FM,7/11/18 11:43,3.23,0.94,2.72,0.31,0.48,7.2,86.83,0,26.55,7/10/18,WE4,192,
C1,FM,7/11/18 11:43,3.01,1.07,3.16,0.1,0.48,7.35,86.83,0,26.54,7/10/18,WE4,192,
C1,FM,7/11/18 11:43,3.57,0.63,2.44,0.84,0.49,7.48,86.79,-0.01,26.54,7/10/18,WE4,192,
C1,FM,7/11/18 11:43,2.97,0.98,2.71,0.41,0.5,7.07,86.91,0,26.54,7/10/18,WE4,192,
C1,FM,7/11/18 11:43,3.32,0.86,2.33,0.72,0.5,7.22,86.85,-0.02,26.54,7/10/18,WE4,192,
C1,FM,7/11/18 11:43,3.29,0.8,2.65,0.56,0.46,7.3,86.83,-0.01,26.54,7/10/18,WE4,192,
C1,FM,7/11/18 11:43,3.29,0.88,2.72,0.41,0.49,7.3,86.86,-0.01,26.54,7/10/18,WE4,192,
C1,FM,7/11/18 11:43,2.95,0.78,2.84,0.52,0.5,7.09,86.7,-0.01,26.54,7/10/18,WE4,192,
C1,FM,7/11/18 11:43,3.1,0.95,2.72,0.4,0.51,7.17,86.8,-0.02,26.54,7/10/18,WE4,192,
C1,FM,7/11/18 11:43,3.1,1.33,2.71,0.22,0.52,7.36,86.85,-0.01,26.55,7/10/18,WE4,192,
C1,FM,7/11/18 11:43,3.52,0.81,2.45,0.68,0.47,7.46,86.93,-0.02,26.54,7/10/18,WE4,192,
C2,FM,7/11/18 11:44,3.23,1.12,2.78,0.39,0.47,7.51,86.64,0,26.57,7/10/18,WE4,192,
C2,FM,7/11/18 11:44,3.34,0.91,2.52,0.44,0.47,7.21,86.63,-0.02,26.58,7/10/18,WE4,192,
C2,FM,7/11/18 11:44,3.35,1.11,3,0.2,0.45,7.67,86.57,-0.02,26.59,7/10/18,WE4,192,
C2,FM,7/11/18 11:44,3.44,0.87,2.78,0.38,0.41,7.46,86.73,-0.03,26.59,7/10/18,WE4,192,
C2,FM,7/11/18 11:44,3.37,1.09,2.86,0.21,0.46,7.52,86.52,0,26.6,7/10/18,WE4,192,
C2,FM,7/11/18 11:44,3.54,0.99,2.28,0.64,0.46,7.46,86.62,-0.01,26.6,7/10/18,WE4,192,
C2,FM,7/11/18 11:44,3.31,0.84,2.49,0.66,0.5,7.29,86.6,0,26.6,7/10/18,WE4,192,
C2,FM,7/11/18 11:44,3.28,1.19,2.74,0.24,0.42,7.45,86.61,0.01,26.6,7/10/18,WE4,192,
C2,FM,7/11/18 11:44,3.5,0.92,2.27,0.73,0.47,7.42,86.59,-0.02,26.6,7/10/18,WE4,192,
C2,FM,7/11/18 11:44,3.4,1.01,2.35,0.89,0.45,7.66,86.66,-0.01,26.6,7/10/18,WE4,192,
C2,FM,7/11/18 11:44,3.38,0.83,2.44,0.6,0.43,7.25,86.56,-0.01,26.6,7/10/18,WE4,192,
C2,FM,7/11/18 11:44,3.51,1.13,2.59,0.4,0.44,7.63,86.59,-0.01,26.61,7/10/18,WE4,192,
C2,FM,7/11/18 11:44,3.13,0.99,2.74,0.29,0.44,7.15,86.75,-0.01,26.61,7/10/18,WE4,192,
C2,FM,7/11/18 11:45,3.39,0.82,2.41,0.5,0.46,7.13,86.65,-0.01,26.61,7/10/18,WE4,192,
C2,FM,7/11/18 11:45,3.25,0.86,2.5,0.61,0.42,7.22,86.61,0,26.61,7/10/18,WE4,192,
C2,FM,7/11/18 11:45,3.5,0.77,2.3,0.66,0.45,7.24,86.65,-0.01,26.61,7/10/18,WE4,192,
C2,FM,7/11/18 11:45,3.36,1.3,2.75,0.2,0.46,7.62,86.42,0,26.6,7/10/18,WE4,192,
C2,FM,7/11/18 11:45,3.48,0.89,2.44,0.47,0.42,7.29,86.63,-0.01,26.61,7/10/18,WE4,192,
C2,FM,7/11/18 11:45,3.43,0.89,2.42,0.42,0.42,7.17,86.65,-0.02,26.6,7/10/18,WE4,192,
C2,FM,7/11/18 11:45,3.27,0.86,2.53,0.47,0.42,7.13,86.62,-0.03,26.61,7/10/18,WE4,192,
C2,FM,7/11/18 11:45,3.26,1.37,2.65,0.32,0.44,7.6,86.53,-0.01,26.61,7/10/18,WE4,192,
C2,FM,7/11/18 11:45,3.05,1.17,2.92,0.09,0.43,7.23,86.59,0,26.61,7/10/18,WE4,192,
C2,FM,7/11/18 11:45,3.44,0.9,2.41,0.48,0.46,7.24,86.67,-0.02,26.61,7/10/18,WE4,192,
C2,FM,7/11/18 11:45,3.46,0.88,2.3,0.5,0.45,7.14,86.68,-0.02,26.61,7/10/18,WE4,192,
C2,FM,7/11/18 11:45,3.22,1.11,2.83,0.22,0.4,7.39,86.73,0.02,26.61,7/10/18,WE4,192,
C2,FM,7/11/18 11:45,3.33,1.01,2.7,0.26,0.44,7.29,86.67,0.01,26.62,7/10/18,WE4,192,
C2,FM,7/11/18 11:45,3.16,0.89,2.51,0.47,0.46,7.03,86.79,0.01,26.61,7/10/18,WE4,192,
C2,FM,7/11/18 11:45,3.21,0.97,2.39,0.54,0.46,7.1,86.62,0,26.61,7/10/18,WE4,192,
C2,FM,7/11/18 11:45,3.57,1.03,2.39,0.37,0.4,7.36,86.67,-0.01,26.61,7/10/18,WE4,192,
C2,FM,7/11/18 11:45,3.68,0.83,1.82,1.06,0.44,7.39,86.52,-0.02,26.6,7/10/18,WE4,192,
C2,FM,7/11/18 11:45,3.29,0.88,2.61,0.37,0.44,7.15,86.64,0.01,26.61,7/10/18,WE4,192,
C2,FM,7/11/18 11:45,3.13,0.9,2.57,0.37,0.41,6.98,86.69,-0.01,26.61,7/10/18,WE4,192,
C2,FM,7/11/18 11:45,3.47,1.01,2.43,0.33,0.43,7.24,86.59,0,26.61,7/10/18,WE4,192,
C2,FM,7/11/18 11:45,3.03,0.98,2.9,0.23,0.42,7.13,86.6,-0.02,26.61,7/10/18,WE4,192,
C2,FM,7/11/18 11:45,3.51,0.88,2.34,0.54,0.39,7.26,86.52,-0.01,26.62,7/10/18,WE4,192,
C3,FM,7/11/18 11:46,3.52,0.85,2.66,0.59,0.46,7.62,88.84,0,26.57,7/10/18,WE4,192,
C3,FM,7/11/18 11:46,3.35,1.07,2.64,0.48,0.49,7.55,88.71,0,26.57,7/10/18,WE4,192,
C3,FM,7/11/18 11:46,3.68,0.9,2.75,0.6,0.51,7.93,88.55,0,26.57,7/10/18,WE4,192,
C3,FM,7/11/18 11:46,3.66,0.94,2.78,0.45,0.46,7.82,88.52,0.01,26.56,7/10/18,WE4,192,
C3,FM,7/11/18 11:46,3.73,0.81,2.7,0.78,0.48,8.02,88.42,-0.02,26.57,7/10/18,WE4,192,
C3,FM,7/11/18 11:46,3.37,0.72,2.47,0.85,0.49,7.42,88.42,0,26.58,7/10/18,WE4,192,
C3,FM,7/11/18 11:46,3.54,0.77,2.51,0.83,0.5,7.65,88.27,0.03,26.57,7/10/18,WE4,192,
C3,FM,7/11/18 11:46,3.36,0.91,2.91,0.49,0.43,7.67,88.35,0,26.57,7/10/18,WE4,192,
C3,FM,7/11/18 11:46,3.44,1.09,2.8,0.44,0.42,7.77,88.15,0,26.57,7/10/18,WE4,192,
C3,FM,7/11/18 11:46,3.33,0.94,3.28,0.58,0.45,8.12,87.88,0,26.57,7/10/18,WE4,192,
C3,FM,7/11/18 11:46,3.33,0.8,2.62,0.59,0.48,7.34,88.04,0.04,26.57,7/10/18,WE4,192,
C3,FM,7/11/18 11:46,3.17,0.84,2.49,1,0.51,7.5,87.7,0.02,26.57,7/10/18,WE4,192,
C3,FM,7/11/18 11:46,3.44,1.1,2.81,0.41,0.5,7.76,87.74,0.02,26.58,7/10/18,WE4,192,
C3,FM,7/11/18 11:46,3.56,0.81,2.48,0.7,0.44,7.55,87.68,0.04,26.57,7/10/18,WE4,192,
C3,FM,7/11/18 11:46,3.62,0.69,2.11,1.06,0.5,7.48,87.67,0.04,26.57,7/10/18,WE4,192,
C3,FM,7/11/18 11:46,3.33,0.82,2.79,0.55,0.46,7.48,87.59,0,26.58,7/10/18,WE4,192,
C3,FM,7/11/18 11:46,3.62,0.82,2.5,0.52,0.43,7.48,87.51,0,26.57,7/10/18,WE4,192,
C3,FM,7/11/18 11:46,3.24,0.77,2.66,0.78,0.48,7.46,87.56,0.03,26.58,7/10/18,WE4,192,
C3,FM,7/11/18 11:46,3.44,0.97,2.97,0.38,0.45,7.76,87.63,-0.01,26.59,7/10/18,WE4,192,
C3,FM,7/11/18 11:46,3.16,0.97,2.94,0.4,0.44,7.46,87.41,0.04,26.57,7/10/18,WE4,192,
C3,FM,7/11/18 11:47,3.25,1.35,3.27,0.06,0.44,7.92,87.35,0,26.58,7/10/18,WE4,192,
C3,FM,7/11/18 11:47,3.24,0.98,2.97,0.48,0.45,7.67,87.21,0.01,26.59,7/10/18,WE4,192,
C3,FM,7/11/18 11:47,3.58,0.74,2.37,0.87,0.46,7.56,87.34,0,26.59,7/10/18,WE4,192,
C3,FM,7/11/18 11:47,3,1.08,2.82,0.63,0.54,7.53,87.44,0.07,26.59,7/10/18,WE4,192,
C3,FM,7/11/18 11:47,3.08,1.01,2.79,0.55,0.51,7.43,87.3,0.04,26.6,7/10/18,WE4,192,
C3,FM,7/11/18 11:47,3.61,1.01,2.58,0.49,0.45,7.68,87.41,0,26.59,7/10/18,WE4,192,
C3,FM,7/11/18 11:47,3.47,0.9,2.59,0.54,0.47,7.51,87.43,0.01,26.6,7/10/18,WE4,192,
C3,FM,7/11/18 11:47,3.51,0.86,2.42,0.64,0.48,7.42,87.5,-0.03,26.6,7/10/18,WE4,192,
C3,FM,7/11/18 11:47,3.12,0.83,2.85,0.41,0.48,7.22,87.34,-0.03,26.6,7/10/18,WE4,192,
C3,FM,7/11/18 11:47,3.29,0.98,2.65,0.42,0.5,7.34,87.28,-0.01,26.6,7/10/18,WE4,192,
C3,FM,7/11/18 11:47,3.31,1.04,3.14,0.38,0.43,7.86,87.21,-0.03,26.59,7/10/18,WE4,192,
C3,FM,7/11/18 11:47,3.24,0.87,2.92,0.43,0.49,7.46,87.24,-0.02,26.59,7/10/18,WE4,192,
C3,FM,7/11/18 11:47,3.35,0.81,2.62,0.59,0.49,7.37,87.3,0.01,26.6,7/10/18,WE4,192,
C3,FM,7/11/18 11:47,3.27,1.26,3.14,0.24,0.45,7.91,87.18,-0.01,26.6,7/10/18,WE4,192,
C3,FM,7/11/18 11:47,3.39,0.94,2.74,0.48,0.46,7.55,87.09,-0.03,26.61,7/10/18,WE4,192,
C3,FM,7/11/18 11:47,3.2,0.9,3.1,0.31,0.44,7.51,87.13,0.01,26.6,7/10/18,WE4,192,
Q1,FM,7/11/18 11:48,1.47,0.88,1.18,0,0.57,3.53,87.08,0,26.55,7/10/18,WE4,192,
Q1,FM,7/11/18 11:48,1.39,0.97,1.15,0,0.57,3.51,87.14,0,26.56,7/10/18,WE4,192,
Q1,FM,7/11/18 11:48,1.59,0.66,0.97,0.17,0.57,3.39,87.14,0.02,26.55,7/10/18,WE4,192,
Q1,FM,7/11/18 11:48,1.49,0.66,0.93,0.17,0.58,3.25,87.06,0.01,26.55,7/10/18,WE4,192,
Q1,FM,7/11/18 11:48,1.66,0.74,1.07,0.01,0.56,3.49,87.15,0,26.56,7/10/18,WE4,192,
Q1,FM,7/11/18 11:48,1.51,0.82,1.08,0,0.56,3.41,87.01,0,26.56,7/10/18,WE4,192,
Q1,FM,7/11/18 11:48,1.59,0.76,0.93,0.16,0.56,3.44,87.14,0.02,26.56,7/10/18,WE4,192,
Q1,FM,7/11/18 11:48,1.58,0.54,0.82,0.33,0.55,3.27,86.99,0.01,26.56,7/10/18,WE4,192,
Q1,FM,7/11/18 11:48,1.44,0.78,1.09,0.12,0.55,3.43,87.12,-0.01,26.57,7/10/18,WE4,192,
Q1,FM,7/11/18 11:48,1.73,0.6,0.86,0.27,0.55,3.46,86.96,0,26.57,7/10/18,WE4,192,
Q1,FM,7/11/18 11:48,1.5,0.78,1,0.07,0.56,3.35,87.16,0.02,26.57,7/10/18,WE4,192,
Q1,FM,7/11/18 11:48,1.6,0.95,1,0,0.53,3.56,87.07,0.02,26.57,7/10/18,WE4,192,
Q1,FM,7/11/18 11:48,1.46,0.82,0.91,0.19,0.56,3.38,87.09,-0.01,26.57,7/10/18,WE4,192,
Q1,FM,7/11/18 11:48,1.65,0.69,0.81,0.16,0.55,3.31,87.24,0,26.57,7/10/18,WE4,192,
Q1,FM,7/11/18 11:48,1.44,0.76,1.13,0.01,0.56,3.34,87.11,0.01,26.57,7/10/18,WE4,192,
Q1,FM,7/11/18 11:48,1.54,0.76,0.88,0.17,0.55,3.35,87.29,0.02,26.56,7/10/18,WE4,192,
Q1,FM,7/11/18 11:48,1.62,0.81,1.02,0,0.52,3.44,87.08,0.02,26.59,7/10/18,WE4,192,
Q1,FM,7/11/18 11:48,1.73,0.67,0.7,0.24,0.55,3.34,87.34,0.02,26.59,7/10/18,WE4,192,
Q1,FM,7/11/18 11:48,1.68,0.82,0.9,0.13,0.5,3.54,87.15,0.03,26.59,7/10/18,WE4,192,
Q1,FM,7/11/18 11:49,1.4,0.78,1.02,0.09,0.54,3.3,87.21,-0.01,26.58,7/10/18,WE4,192,
Q1,FM,7/11/18 11:49,1.63,0.63,0.91,0.15,0.53,3.31,87.21,0,26.58,7/10/18,WE4,192,
Q1,FM,7/11/18 11:49,1.85,0.78,0.64,0.32,0.53,3.6,87.14,-0.01,26.59,7/10/18,WE4,192,
Q1,FM,7/11/18 11:49,1.62,0.77,1.04,0,0.53,3.43,87.1,0.02,26.59,7/10/18,WE4,192,
Q1,FM,7/11/18 11:49,1.37,0.75,1.04,0.06,0.55,3.22,87.17,0.05,26.58,7/10/18,WE4,192,
Q1,FM,7/11/18 11:49,1.46,0.72,1.03,0.03,0.57,3.24,87.02,0.05,26.57,7/10/18,WE4,192,
Q1,FM,7/11/18 11:49,1.56,0.67,0.85,0.22,0.56,3.3,86.99,0.04,26.59,7/10/18,WE4,192,
Q1,FM,7/11/18 11:49,1.58,0.84,0.71,0.29,0.55,3.42,87.02,0.05,26.59,7/10/18,WE4,192,
Q1,FM,7/11/18 11:49,1.47,1,1.1,0,0.54,3.57,87.07,0.04,26.59,7/10/18,WE4,192,
Q1,FM,7/11/18 11:49,1.65,0.75,0.94,0.1,0.54,3.45,87.15,0,26.6,7/10/18,WE4,192,
Q1,FM,7/11/18 11:49,1.59,0.73,1.01,0.03,0.53,3.36,87.27,0,26.59,7/10/18,WE4,192,
Q1,FM,7/11/18 11:49,1.53,0.63,0.68,0.41,0.57,3.25,87.05,-0.02,26.59,7/10/18,WE4,192,
Q1,FM,7/11/18 11:49,1.41,0.85,1.16,0.01,0.53,3.43,86.93,0.01,26.59,7/10/18,WE4,192,
Q1,FM,7/11/18 11:49,1.45,0.77,0.85,0.18,0.57,3.25,87.17,0.01,26.59,7/10/18,WE4,192,
Q1,FM,7/11/18 11:49,1.54,0.89,0.99,0,0.53,3.42,86.92,-0.01,26.6,7/10/18,WE4,192,
Q1,FM,7/11/18 11:49,1.6,0.64,0.85,0.14,0.53,3.23,87.23,0.04,26.58,7/10/18,WE4,192,
Q1,FM,7/11/18 11:49,1.5,0.73,0.96,0.12,0.52,3.3,87.2,0.01,26.6,7/10/18,WE4,192,
Q2,FM,7/11/18 11:50,1.86,0.72,0.85,0.16,0.53,3.6,86.66,0,26.52,7/10/18,WE4,192,
Q2,FM,7/11/18 11:50,1.74,0.63,0.64,0.35,0.56,3.36,86.73,0,26.51,7/10/18,WE4,192,
Q2,FM,7/11/18 11:50,1.58,0.8,0.97,0.06,0.54,3.41,86.72,-0.01,26.52,7/10/18,WE4,192,
Q2,FM,7/11/18 11:50,1.84,0.72,0.83,0.15,0.53,3.54,86.72,0,26.52,7/10/18,WE4,192,
Q2,FM,7/11/18 11:50,1.74,0.71,0.98,0.1,0.52,3.53,86.61,0.02,26.52,7/10/18,WE4,192,
Q2,FM,7/11/18 11:50,1.47,0.72,1.1,0,0.55,3.29,86.64,0,26.52,7/10/18,WE4,192,
Q2,FM,7/11/18 11:50,1.67,0.76,1.02,0.06,0.57,3.51,86.6,0.02,26.52,7/10/18,WE4,192,
Q2,FM,7/11/18 11:50,1.7,0.77,0.96,0,0.53,3.44,86.68,0.02,26.52,7/10/18,WE4,192,
Q2,FM,7/11/18 11:50,1.59,0.7,1.01,0.07,0.54,3.37,86.74,0,26.52,7/10/18,WE4,192,
Q2,FM,7/11/18 11:50,1.71,0.73,1.03,0,0.53,3.48,86.66,-0.02,26.52,7/10/18,WE4,192,
Q2,FM,7/11/18 11:50,1.45,0.68,0.96,0.12,0.54,3.2,86.63,-0.02,26.52,7/10/18,WE4,192,
Q2,FM,7/11/18 11:50,1.71,0.75,1.17,0.03,0.53,3.66,86.64,0,26.52,7/10/18,WE4,192,
Q2,FM,7/11/18 11:50,1.55,0.81,1.09,0.09,0.53,3.53,86.68,0,26.52,7/10/18,WE4,192,
Q2,FM,7/11/18 11:50,1.7,0.77,0.94,0,0.55,3.41,86.7,-0.01,26.52,7/10/18,WE4,192,
Q2,FM,7/11/18 11:50,1.59,0.69,0.99,0.13,0.54,3.4,86.64,-0.02,26.54,7/10/18,WE4,192,
Q2,FM,7/11/18 11:50,1.6,0.8,0.98,0.02,0.53,3.4,86.61,0,26.53,7/10/18,WE4,192,
Q2,FM,7/11/18 11:50,1.64,0.7,0.74,0.21,0.57,3.29,86.69,0,26.54,7/10/18,WE4,192,
Q2,FM,7/11/18 11:50,1.74,0.76,0.79,0.07,0.56,3.36,86.66,-0.01,26.52,7/10/18,WE4,192,
Q2,FM,7/11/18 11:50,1.8,0.65,0.81,0.18,0.52,3.44,86.66,-0.02,26.53,7/10/18,WE4,192,
Q2,FM,7/11/18 11:50,1.62,0.78,1.12,0,0.53,3.52,86.84,-0.02,26.53,7/10/18,WE4,192,
Q2,FM,7/11/18 11:50,1.4,0.63,0.95,0.19,0.53,3.17,86.65,-0.03,26.53,7/10/18,WE4,192,
Q2,FM,7/11/18 11:50,1.7,0.77,0.98,0,0.53,3.44,86.58,-0.01,26.52,7/10/18,WE4,192,
Q2,FM,7/11/18 11:50,1.35,0.72,1.09,0,0.55,3.16,86.73,-0.01,26.54,7/10/18,WE4,192,
Q2,FM,7/11/18 11:50,1.6,0.74,1.04,0.06,0.55,3.43,86.71,-0.02,26.53,7/10/18,WE4,192,
Q2,FM,7/11/18 11:50,1.57,0.69,0.9,0.21,0.55,3.37,86.64,-0.02,26.54,7/10/18,WE4,192,
Q2,FM,7/11/18 11:50,1.5,0.82,1.07,0,0.54,3.39,86.64,0,26.54,7/10/18,WE4,192,
Q3,FM,7/11/18 11:53,1.65,0.73,0.7,0.27,0.58,3.35,87.42,0,26.52,7/10/18,WE4,192,
Q3,FM,7/11/18 11:53,1.6,0.72,0.7,0.25,0.58,3.27,87.53,0.02,26.52,7/10/18,WE4,192,
Q3,FM,7/11/18 11:53,1.34,0.82,1.06,0,0.54,3.22,87.57,0.02,26.52,7/10/18,WE4,192,
Q3,FM,7/11/18 11:53,1.31,0.8,1.17,0,0.55,3.28,87.59,0.01,26.52,7/10/18,WE4,192,
Q3,FM,7/11/18 11:53,1.48,0.82,1.01,0,0.54,3.31,87.56,0,26.54,7/10/18,WE4,192,
Q3,FM,7/11/18 11:53,1.48,0.82,0.97,0,0.55,3.28,87.6,0.02,26.53,7/10/18,WE4,192,
Q3,FM,7/11/18 11:53,1.43,0.76,0.89,0.12,0.56,3.19,87.55,0.03,26.54,7/10/18,WE4,192,
Q3,FM,7/11/18 11:53,1.39,0.84,0.97,0.1,0.54,3.3,87.65,0.02,26.55,7/10/18,WE4,192,
Q3,FM,7/11/18 11:53,1.7,0.75,0.64,0.31,0.53,3.4,87.45,0.01,26.54,7/10/18,WE4,192,
Q3,FM,7/11/18 11:54,1.55,0.68,0.73,0.31,0.56,3.27,87.68,0.01,26.55,7/10/18,WE4,192,
Q3,FM,7/11/18 11:54,1.46,0.77,0.91,0.09,0.52,3.23,87.65,0.05,26.55,7/10/18,WE4,192,
Q3,FM,7/11/18 11:54,1.35,0.87,1.04,0,0.56,3.26,87.64,0.02,26.55,7/10/18,WE4,192,
Q3,FM,7/11/18 11:54,1.45,0.72,0.91,0.16,0.54,3.24,87.7,-0.03,26.55,7/10/18,WE4,192,
Q3,FM,7/11/18 11:54,1.48,0.75,0.95,0.06,0.56,3.24,87.54,0.02,26.56,7/10/18,WE4,192,
Q3,FM,7/11/18 11:54,1.41,0.91,0.97,0,0.57,3.29,87.6,0.01,26.55,7/10/18,WE4,192,
Q3,FM,7/11/18 11:54,1.67,0.77,0.84,0.06,0.54,3.35,87.7,0.02,26.56,7/10/18,WE4,192,
Q3,FM,7/11/18 11:54,1.16,0.77,1.08,0.09,0.58,3.1,87.52,0.03,26.56,7/10/18,WE4,192,
Q3,FM,7/11/18 11:54,1.66,0.71,0.61,0.37,0.54,3.35,87.59,0.08,26.56,7/10/18,WE4,192,
Q3,FM,7/11/18 11:54,1.57,0.74,0.67,0.28,0.58,3.26,87.63,0.06,26.56,7/10/18,WE4,192,
Q3,FM,7/11/18 11:54,1.38,0.71,0.93,0.16,0.56,3.18,87.49,0.07,26.56,7/10/18,WE4,192,
Q3,FM,7/11/18 11:54,1.29,0.85,0.92,0.08,0.56,3.15,87.79,0.08,26.56,7/10/18,WE4,192,
Q3,FM,7/11/18 11:54,1.5,0.68,0.97,0.14,0.54,3.28,87.62,0.07,26.56,7/10/18,WE4,192,
Q3,FM,7/11/18 11:54,1.46,0.67,0.83,0.18,0.56,3.14,87.51,0.03,26.57,7/10/18,WE4,192,
Q3,FM,7/11/18 11:54,1.34,0.78,0.95,0.11,0.57,3.18,87.52,0.04,26.58,7/10/18,WE4,192,
Q3,FM,7/11/18 11:54,1.25,1.08,1.08,0,0.56,3.41,87.68,0.02,26.58,7/10/18,WE4,192,
Q3,FM,7/11/18 11:54,1.39,0.75,0.87,0.12,0.57,3.14,87.69,0.04,26.57,7/10/18,WE4,192,
Q3,FM,7/11/18 11:54,1.44,0.85,0.93,0,0.56,3.23,87.65,-0.01,26.58,7/10/18,WE4,192,
Q3,FM,7/11/18 11:54,1.37,0.78,0.96,0.12,0.57,3.23,87.64,0.01,26.59,7/10/18,WE4,192,
Q3,FM,7/11/18 11:54,1.48,0.7,0.95,0,0.53,3.13,87.52,0,26.58,7/10/18,WE4,192,
Q3,FM,7/11/18 11:54,1.42,0.74,0.97,0.08,0.53,3.21,87.53,0.01,26.57,7/10/18,WE4,192,
Q4,FM,7/11/18 11:55,1.39,0.81,1.15,0.11,0.57,3.46,86.75,0,26.51,7/10/18,WE4,192,
Q4,FM,7/11/18 11:55,1.71,0.79,0.83,0.3,0.54,3.64,86.77,0,26.5,7/10/18,WE4,192,
Q4,FM,7/11/18 11:55,1.4,0.74,1.23,0.06,0.51,3.43,86.83,-0.03,26.5,7/10/18,WE4,192,
Q4,FM,7/11/18 11:55,1.38,0.79,1.06,0.2,0.53,3.43,86.84,0.01,26.5,7/10/18,WE4,192,
Q4,FM,7/11/18 11:55,1.5,0.92,1.11,0.03,0.54,3.56,86.88,-0.01,26.51,7/10/18,WE4,192,
Q4,FM,7/11/18 11:55,1.14,1.16,1.34,0,0.57,3.64,86.88,0.02,26.5,7/10/18,WE4,192,
Q4,FM,7/11/18 11:55,1.65,0.7,0.79,0.31,0.55,3.44,86.84,0.02,26.51,7/10/18,WE4,192,
Q4,FM,7/11/18 11:55,1.61,0.66,0.81,0.28,0.54,3.36,86.87,-0.03,26.51,7/10/18,WE4,192,
Q4,FM,7/11/18 11:55,1.37,0.72,0.96,0.15,0.57,3.2,86.81,0.01,26.51,7/10/18,WE4,192,
Q4,FM,7/11/18 11:55,1.58,0.73,1.06,0.12,0.56,3.5,86.85,-0.01,26.51,7/10/18,WE4,192,
Q4,FM,7/11/18 11:55,1.94,0.8,0.85,0.14,0.52,3.74,86.94,0.01,26.51,7/10/18,WE4,192,
Q4,FM,7/11/18 11:55,1.95,0.65,0.62,0.24,0.53,3.46,86.86,0.01,26.51,7/10/18,WE4,192,
Q4,FM,7/11/18 11:55,1.54,0.78,0.98,0.14,0.56,3.44,86.96,0.01,26.51,7/10/18,WE4,192,
Q4,FM,7/11/18 11:55,1.16,1.16,1.28,0.01,0.58,3.61,86.85,0,26.51,7/10/18,WE4,192,
Q4,FM,7/11/18 11:55,1.34,0.82,1.17,0,0.57,3.33,86.85,0.02,26.51,7/10/18,WE4,192,
Q4,FM,7/11/18 11:55,1.7,0.76,0.92,0.2,0.53,3.57,86.74,0,26.51,7/10/18,WE4,192,
Q4,FM,7/11/18 11:55,1.61,0.8,1.05,0,0.53,3.47,86.96,-0.02,26.51,7/10/18,WE4,192,
Q4,FM,7/11/18 11:55,1.58,0.79,0.94,0.1,0.55,3.41,86.92,-0.01,26.51,7/10/18,WE4,192,
Q4,FM,7/11/18 11:55,1.41,0.78,0.96,0.18,0.55,3.33,86.83,0.02,26.51,7/10/18,WE4,192,
Q4,FM,7/11/18 11:56,1.61,0.85,0.82,0.31,0.57,3.59,86.77,-0.02,26.5,7/10/18,WE4,192,
Q4,FM,7/11/18 11:56,1.23,1,1.13,0.09,0.59,3.45,86.92,0,26.51,7/10/18,WE4,192,
Q4,FM,7/11/18 11:56,1.66,0.84,1.03,0.03,0.55,3.56,86.89,0,26.51,7/10/18,WE4,192,
Q4,FM,7/11/18 11:56,1.62,0.72,0.84,0.25,0.55,3.43,87.04,-0.01,26.5,7/10/18,WE4,192,
Q4,FM,7/11/18 11:56,1.59,0.86,1.06,0,0.51,3.5,86.85,0.01,26.5,7/10/18,WE4,192,
Q4,FM,7/11/18 11:56,1.72,0.65,0.94,0.13,0.54,3.44,87.04,0.01,26.51,7/10/18,WE4,192,
Q4,FM,7/11/18 11:56,1.33,0.97,1.03,0.23,0.58,3.56,86.87,-0.01,26.51,7/10/18,WE4,192,
Q4,FM,7/11/18 11:56,1.26,0.88,1.29,0,0.55,3.42,86.89,-0.01,26.51,7/10/18,WE4,192,
Q4,FM,7/11/18 11:56,1.49,0.83,0.98,0.16,0.54,3.45,86.84,-0.02,26.5,7/10/18,WE4,192,
Q4,FM,7/11/18 11:56,1.51,0.83,1.07,0,0.53,3.41,86.86,0.04,26.51,7/10/18,WE4,192,
Q4,FM,7/11/18 11:56,1.23,0.92,1.15,0.06,0.56,3.36,86.91,0.04,26.51,7/10/18,WE4,192,
Q4,FM,7/11/18 11:56,1.14,1.13,1.34,0,0.56,3.61,86.98,0.02,26.51,7/10/18,WE4,192,
Q4,FM,7/11/18 11:56,1.56,0.79,1.09,0.03,0.53,3.48,86.92,0.02,26.51,7/10/18,WE4,192,
Q4,FM,7/11/18 11:56,1.61,0.9,1.14,0,0.53,3.65,86.86,0.07,26.51,7/10/18,WE4,192,
Q4,FM,7/11/18 11:56,1.8,0.76,0.68,0.39,0.55,3.64,87.12,-0.02,26.51,7/10/18,WE4,192,
C1,0,7/26/18 9:28,0.59,3.43,1.23,1.51,1.22,6.75,77.56,-2.33,23.71,7/25/18,WE4,206,
C1,0,7/26/18 9:28,0.68,4.75,1.59,1.25,1.2,8.27,77.53,-2.32,23.71,7/25/18,WE4,206,
C1,0,7/26/18 9:28,0.38,3.72,1.48,1.55,1.29,7.13,77.63,-2.34,23.7,7/25/18,WE4,206,
C1,0,7/26/18 9:28,0.49,4.22,1.92,0.87,1.24,7.49,77.43,-2.33,23.71,7/25/18,WE4,206,
C1,0,7/26/18 9:28,0,4.27,2.3,0.55,1.27,7.12,77.35,-2.35,23.69,7/25/18,WE4,206,
C1,0,7/26/18 9:28,0,4.36,2.65,0.24,1.3,7.25,77.52,-2.34,23.7,7/25/18,WE4,206,
C1,0,7/26/18 9:28,0,4.24,2.7,0.26,1.22,7.19,77.54,-2.34,23.7,7/25/18,WE4,206,
C1,0,7/26/18 9:28,0,4.26,2.42,0.29,1.23,6.97,77.71,-2.36,23.7,7/25/18,WE4,206,
C1,0,7/26/18 9:28,0.11,3.91,2.08,0.86,1.29,6.96,77.69,-2.38,23.71,7/25/18,WE4,206,
C1,0,7/26/18 9:28,0.29,4.12,2.25,0.25,1.24,6.9,77.64,-2.39,23.71,7/25/18,WE4,206,
C1,0,7/26/18 9:28,0.08,4.73,1.85,1,1.32,7.65,77.38,-2.39,23.71,7/25/18,WE4,206,
C1,0,7/26/18 9:28,0,4.09,2.19,0.63,1.25,6.92,77.41,-2.39,23.71,7/25/18,WE4,206,
C1,0,7/26/18 9:28,0.12,3.98,2.49,0.33,1.16,6.91,77.38,-2.39,23.69,7/25/18,WE4,206,
C1,0,7/26/18 9:28,0,5.17,2.61,0,1.24,7.79,77.32,-2.31,23.69,7/25/18,WE4,206,
C1,0,7/26/18 9:28,0,4.75,2.65,0,1.21,7.4,77.61,-2.37,23.67,7/25/18,WE4,206,
C1,0,7/26/18 9:29,0,5.3,2.97,0,1.23,8.26,77.53,-2.36,23.68,7/25/18,WE4,206,
C1,0,7/26/18 9:29,0.47,3.95,1.77,1.34,1.3,7.53,77.45,-2.34,23.69,7/25/18,WE4,206,
C1,0,7/26/18 9:29,0,4.2,2.5,0,1.19,6.69,77.62,-2.33,23.69,7/25/18,WE4,206,
C1,0,7/26/18 9:29,0,4.84,2.65,0.01,1.18,7.5,77.62,-2.3,23.69,7/25/18,WE4,206,
C1,0,7/26/18 9:29,0,4.97,2.04,1.08,1.25,8.09,77.36,-2.3,23.68,7/25/18,WE4,206,
C1,0,7/26/18 9:29,0,4,1.59,1.45,1.35,7.04,77.56,-2.35,23.7,7/25/18,WE4,206,
C1,0,7/26/18 9:29,0.29,5.02,2.64,0,1.19,7.95,77.33,-2.37,23.68,7/25/18,WE4,206,
C1,0,7/26/18 9:29,0,4.42,2.63,0.07,1.19,7.13,77.42,-2.35,23.69,7/25/18,WE4,206,
C1,0,7/26/18 9:29,0,5.01,2.64,0.13,1.25,7.77,77.6,-2.31,23.68,7/25/18,WE4,206,
C1,0,7/26/18 9:29,1.68,3.79,0.67,1.46,1.19,7.59,77.4,-2.41,23.68,7/25/18,WE4,206,
C1,0,7/26/18 9:29,0,4.17,1.64,1.76,1.25,7.57,77.64,-2.12,23.68,7/25/18,WE4,206,
C1,0,7/26/18 9:29,0.11,4.01,2.05,0.52,1.28,6.69,77.7,-2.35,23.68,7/25/18,WE4,206,
C1,0,7/26/18 9:29,0.47,4.44,1.88,0.65,1.26,7.44,77.47,-2.37,23.69,7/25/18,WE4,206,
C1,0,7/26/18 9:29,0.8,3.45,1.68,0.73,1.16,6.66,77.72,-2.29,23.67,7/25/18,WE4,206,
C1,0,7/26/18 9:29,1.28,3.21,0.75,1.78,1.16,7.02,77.7,-2.27,23.69,7/25/18,WE4,206,
C1,0,7/26/18 9:29,0,3.93,2.14,1.02,1.23,7.09,77.73,-2.17,23.68,7/25/18,WE4,206,
C1,0,7/26/18 9:29,0.69,3.83,1.9,0.68,1.2,7.1,77.63,-2.23,23.67,7/25/18,WE4,206,
C1,0,7/26/18 9:29,0.18,3.88,2.33,0.34,1.14,6.73,77.7,-2.24,23.68,7/25/18,WE4,206,
C1,0,7/26/18 9:29,0.09,4.18,1.74,1.24,1.35,7.26,77.21,-2.42,23.68,7/25/18,WE4,206,
C1,0,7/26/18 9:29,0,3.6,2.02,1.1,1.27,6.72,77.53,-1.92,23.67,7/25/18,WE4,206,
C1,0,7/26/18 9:29,0.09,3.42,1.68,1.46,1.27,6.65,77.45,-2.36,23.68,7/25/18,WE4,206,
C1,0,7/26/18 9:29,0,4.09,3.01,0.06,1.17,7.16,77.77,-2.18,23.67,7/25/18,WE4,206,
C1,0,7/26/18 9:29,0,4.24,2.63,0.49,1.17,7.35,77.66,-2.24,23.68,7/25/18,WE4,206,
C1,0,7/26/18 9:29,0.71,3.81,1.23,1.06,1.24,6.81,77.49,-2.32,23.67,7/25/18,WE4,206,
C1,0,7/26/18 9:29,0,4.94,2.1,0.55,1.29,7.59,77.34,-2.3,23.67,7/25/18,WE4,206,
C1,0,7/26/18 9:29,0.16,4.49,2.46,0.43,1.22,7.55,77.54,-2.36,23.67,7/25/18,WE4,206,
C1,0,7/26/18 9:29,0,4.66,2.42,0.65,1.26,7.73,77.52,-2.31,23.67,7/25/18,WE4,206,
C1,0,7/26/18 9:29,0.26,3.98,2.37,0.23,1.15,6.85,77.62,-2.39,23.67,7/25/18,WE4,206,
C1,0,7/26/18 9:29,0.14,4.28,2.5,0,1.2,6.91,77.55,-2.35,23.67,7/25/18,WE4,206,
C1,0,7/26/18 9:29,0.49,3.8,2.08,0.56,1.16,6.93,77.45,-2.38,23.67,7/25/18,WE4,206,
C1,0,7/26/18 9:29,1.08,4.53,1.12,1.23,1.22,7.96,77.45,-2.36,23.67,7/25/18,WE4,206,
C1,0,7/26/18 9:29,0,4.77,2.71,0,1.16,7.48,77.54,-2.32,23.67,7/25/18,WE4,206,
C1,0,7/26/18 9:29,0.77,3.74,1.27,1.22,1.22,7,77.36,-2.38,23.67,7/25/18,WE4,206,
C1,0,7/26/18 9:29,0,4.1,2.22,0.85,1.27,7.17,77.47,-2.32,23.67,7/25/18,WE4,206,
C1,0,7/26/18 9:29,0,4.73,2.44,0.35,1.2,7.53,77.56,-2.3,23.68,7/25/18,WE4,206,
C1,0,7/26/18 9:29,0.4,4.32,1.78,0.75,1.26,7.24,77.57,-2.39,23.67,7/25/18,WE4,206,
C2,0,7/26/18 9:31,0,5.32,2.73,0,1.18,8.05,77.29,-2.31,23.72,7/25/18,WE4,206,
C2,0,7/26/18 9:31,0,5,2.46,0.3,1.28,7.76,77.42,-2.34,23.71,7/25/18,WE4,206,
C2,0,7/26/18 9:31,0.17,3.87,1.55,1.16,1.27,6.75,77.54,-2.32,23.72,7/25/18,WE4,206,
C2,0,7/26/18 9:31,0,4.18,1.84,1.24,1.24,7.25,77.36,-2.31,23.72,7/25/18,WE4,206,
C2,0,7/26/18 9:31,0,4.89,2.04,0.68,1.31,7.61,77.26,-2.31,23.71,7/25/18,WE4,206,
C2,0,7/26/18 9:31,0.2,4.16,1.38,1.65,1.3,7.39,77.37,-2.31,23.71,7/25/18,WE4,206,
C2,0,7/26/18 9:31,0,4.81,1.62,1.06,1.32,7.49,77.28,-2.3,23.72,7/25/18,WE4,206,
C2,0,7/26/18 9:31,0,4.57,2.18,0.3,1.24,7.05,77.41,-2.34,23.71,7/25/18,WE4,206,
C2,0,7/26/18 9:31,0.13,4.66,1.85,0.84,1.29,7.48,77.51,-2.32,23.71,7/25/18,WE4,206,
C2,0,7/26/18 9:31,0,4.18,1.76,1.23,1.2,7.17,77.5,-2.3,23.71,7/25/18,WE4,206,
C2,0,7/26/18 9:31,0,4.1,1.6,1.2,1.27,6.9,77.61,-2.3,23.71,7/25/18,WE4,206,
C2,0,7/26/18 9:31,0,4.64,2.03,0.86,1.21,7.53,77.43,-2.32,23.71,7/25/18,WE4,206,
C2,0,7/26/18 9:31,0.14,4.79,1.52,1.52,1.27,7.97,77.43,-2.31,23.71,7/25/18,WE4,206,
C2,0,7/26/18 9:31,0.72,4.23,1.35,1.5,1.26,7.79,77.29,-2.34,23.71,7/25/18,WE4,206,
C2,0,7/26/18 9:31,0,4.63,1.75,1.34,1.33,7.72,77.4,-2.3,23.71,7/25/18,WE4,206,
C2,0,7/26/18 9:31,0.08,3.72,1.05,1.74,1.31,6.59,77.46,-2.32,23.71,7/25/18,WE4,206,
C2,0,7/26/18 9:31,0,4.4,1.23,1.72,1.27,7.36,77.37,-2.34,23.71,7/25/18,WE4,206,
C2,0,7/26/18 9:31,0,4.42,2.67,0.32,1.17,7.41,77.47,-2.33,23.71,7/25/18,WE4,206,
C2,0,7/26/18 9:31,0,5.25,2.45,0,1.26,7.7,77.39,-2.34,23.71,7/25/18,WE4,206,
C2,0,7/26/18 9:31,0,5.42,2.8,0,1.23,8.22,77.4,-2.33,23.71,7/25/18,WE4,206,
C2,0,7/26/18 9:31,0.21,3.81,1.25,1.43,1.27,6.69,77.55,-2.34,23.71,7/25/18,WE4,206,
C2,0,7/26/18 9:31,0,3.87,1.96,0.78,1.22,6.61,77.63,-2.34,23.72,7/25/18,WE4,206,
C2,0,7/26/18 9:31,0,4.38,2.47,0.25,1.21,7.09,77.63,-2.33,23.7,7/25/18,WE4,206,
C2,0,7/26/18 9:31,0,4.73,2.22,0.64,1.21,7.58,77.6,-2.32,23.71,7/25/18,WE4,206,
C2,0,7/26/18 9:31,0,5.37,2.62,0,1.23,7.99,77.43,-2.32,23.71,7/25/18,WE4,206,
C2,0,7/26/18 9:31,0.29,3.62,1.21,1.54,1.25,6.66,77.41,-2.32,23.7,7/25/18,WE4,206,
C2,0,7/26/18 9:31,0.28,5.12,2.43,0,1.19,7.83,77.39,-2.33,23.71,7/25/18,WE4,206,
C2,0,7/26/18 9:31,0,4.58,2.09,0.7,1.21,7.38,77.36,-2.32,23.71,7/25/18,WE4,206,
C2,0,7/26/18 9:31,0.5,3.97,1.63,0.83,1.26,6.93,77.35,-2.34,23.71,7/25/18,WE4,206,
C2,0,7/26/18 9:31,0,5.92,2.91,0,1.23,8.84,77.17,-2.31,23.72,7/25/18,WE4,206,
C2,0,7/26/18 9:31,0,4.22,2.55,0.36,1.23,7.13,77.46,-2.31,23.7,7/25/18,WE4,206,
C2,0,7/26/18 9:31,0.16,4.26,1.45,1.47,1.26,7.33,77.34,-2.3,23.71,7/25/18,WE4,206,
C2,0,7/26/18 9:31,0.11,4.92,2.18,0.5,1.23,7.71,77.27,-2.3,23.71,7/25/18,WE4,206,
C2,0,7/26/18 9:31,0.55,3.72,0.81,2.12,1.32,7.2,77.65,-2.32,23.71,7/25/18,WE4,206,
C2,0,7/26/18 9:31,0,4.14,1.82,1.04,1.25,7.01,77.62,-2.31,23.71,7/25/18,WE4,206,
C3,0,7/26/18 9:33,0.39,3.87,1.82,0.51,1.2,6.6,77.12,-2.35,23.75,7/25/18,WE4,206,
C3,0,7/26/18 9:33,0.77,3.56,1.33,0.91,1.21,6.58,77.29,-2.35,23.75,7/25/18,WE4,206,
C3,0,7/26/18 9:33,0.94,3.4,1.99,0.06,1.2,6.39,77.24,-2.35,23.74,7/25/18,WE4,206,
C3,0,7/26/18 9:33,0.4,4.13,2.09,0.23,1.2,6.84,77.13,-2.35,23.73,7/25/18,WE4,206,
C3,0,7/26/18 9:33,0.43,3.91,1.95,0.38,1.18,6.66,77.08,-2.33,23.74,7/25/18,WE4,206,
C3,0,7/26/18 9:33,0.38,3.91,2.21,0.2,1.22,6.7,77.22,-2.34,23.74,7/25/18,WE4,206,
C3,0,7/26/18 9:33,0,4.08,2.32,0.39,1.23,6.78,77.11,-2.36,23.74,7/25/18,WE4,206,
C3,0,7/26/18 9:33,0.84,3.4,1.26,0.89,1.14,6.39,77.25,-2.35,23.75,7/25/18,WE4,206,
C3,0,7/26/18 9:33,0.52,3.54,2.12,0.3,1.15,6.47,77.35,-2.32,23.75,7/25/18,WE4,206,
C3,0,7/26/18 9:33,1.24,3.04,0.73,1.42,1.15,6.44,77.12,-2.35,23.73,7/25/18,WE4,206,
C3,0,7/26/18 9:33,0.58,3.96,1.41,0.9,1.18,6.85,77.29,-2.34,23.74,7/25/18,WE4,206,
C3,0,7/26/18 9:33,0.41,3.91,2.2,0.08,1.14,6.6,77.26,-2.36,23.74,7/25/18,WE4,206,
C3,0,7/26/18 9:33,0.55,3.57,2.09,0.07,1.16,6.28,77.27,-2.36,23.73,7/25/18,WE4,206,
C3,0,7/26/18 9:33,0.08,3.96,2.44,0,1.11,6.48,77.11,-2.36,23.73,7/25/18,WE4,206,
C3,0,7/26/18 9:33,0.31,4.54,2.12,0,1.18,6.96,77.27,-2.35,23.73,7/25/18,WE4,206,
C3,0,7/26/18 9:33,1.02,3.59,1.27,0.98,1.16,6.85,77.31,-2.35,23.72,7/25/18,WE4,206,
C3,0,7/26/18 9:33,0.39,3.29,1.82,0.79,1.2,6.3,77.16,-2.33,23.72,7/25/18,WE4,206,
C3,0,7/26/18 9:33,0.64,3.72,2.19,0,1.17,6.55,77.22,-2.37,23.72,7/25/18,WE4,206,
C3,0,7/26/18 9:33,0.26,3.86,2.47,0,1.11,6.58,77.41,-2.34,23.73,7/25/18,WE4,206,
C3,0,7/26/18 9:33,0.86,3.47,1.72,0.45,1.16,6.5,77.41,-2.33,23.73,7/25/18,WE4,206,
C3,0,7/26/18 9:33,0.25,3.43,1.75,1.08,1.17,6.52,77.11,-2.33,23.72,7/25/18,WE4,206,
C3,0,7/26/18 9:33,0.16,3.77,2.02,0.76,1.18,6.71,77.18,-2.33,23.73,7/25/18,WE4,206,
C3,0,7/26/18 9:33,0.72,3.59,1.73,0.3,1.17,6.33,77.37,-2.34,23.72,7/25/18,WE4,206,
C3,0,7/26/18 9:33,0.29,3.97,2.1,0.4,1.16,6.76,77.31,-2.33,23.73,7/25/18,WE4,206,
C3,0,7/26/18 9:33,0.17,4.54,2.2,0,1.15,6.92,77.31,-2.34,23.72,7/25/18,WE4,206,
C3,0,7/26/18 9:33,0.11,3.8,2.21,0.3,1.19,6.42,77.13,-2.34,23.72,7/25/18,WE4,206,
C3,0,7/26/18 9:33,0.19,4.33,2.11,0,1.18,6.63,77.21,-2.35,23.73,7/25/18,WE4,206,
C3,0,7/26/18 9:33,0.66,3.6,1.97,0.18,1.17,6.4,77.35,-2.34,23.72,7/25/18,WE4,206,
C3,0,7/26/18 9:33,0.03,3.81,1.89,0.8,1.24,6.53,77.15,-2.34,23.72,7/25/18,WE4,206,
C3,0,7/26/18 9:33,0.51,4.06,2.32,0,1.16,6.89,77.32,-2.34,23.72,7/25/18,WE4,206,
C3,0,7/26/18 9:33,0.63,3.77,1.95,0.33,1.11,6.69,77.27,-2.34,23.72,7/25/18,WE4,206,
C3,0,7/26/18 9:33,0.14,3.68,1.58,1.22,1.28,6.61,77.07,-2.36,23.72,7/25/18,WE4,206,
C3,0,7/26/18 9:33,0.71,3.44,1.67,0.44,1.17,6.26,77.15,-2.35,23.73,7/25/18,WE4,206,
C3,0,7/26/18 9:33,0.68,3.7,1.97,0.26,1.14,6.61,77.17,-2.32,23.72,7/25/18,WE4,206,
C3,0,7/26/18 9:33,0.1,3.66,2.39,0.14,1.12,6.29,77.33,-2.35,23.72,7/25/18,WE4,206,
C3,0,7/26/18 9:33,0.5,3.41,2.12,0.25,1.17,6.28,77.25,-2.35,23.73,7/25/18,WE4,206,
Q1,0,7/26/18 9:35,0.44,4.09,2.38,0.29,1.19,7.2,77.23,-2.34,23.78,7/25/18,WE4,206,
Q1,0,7/26/18 9:35,0.19,4.41,2.52,0,1.15,7.12,77.38,-2.34,23.76,7/25/18,WE4,206,
Q1,0,7/26/18 9:35,0.08,4.16,2.02,0.48,1.24,6.74,77.19,-2.33,23.77,7/25/18,WE4,206,
Q1,0,7/26/18 9:35,0.47,4.23,2.14,0.33,1.15,7.17,77.16,-2.33,23.77,7/25/18,WE4,206,
Q1,0,7/26/18 9:35,0,4.08,2.7,0.09,1.17,6.86,77.12,-2.34,23.76,7/25/18,WE4,206,
Q1,0,7/26/18 9:35,0.67,3.71,2.39,0.1,1.19,6.87,77.25,-2.36,23.77,7/25/18,WE4,206,
Q1,0,7/26/18 9:35,0,3.72,2.39,0.13,1.16,6.23,77.34,-2.33,23.76,7/25/18,WE4,206,
Q1,0,7/26/18 9:35,0.28,4.04,2.15,0.39,1.21,6.86,77.45,-2.35,23.77,7/25/18,WE4,206,
Q1,0,7/26/18 9:35,0.82,4.29,2.1,0.12,1.12,7.33,77.28,-2.36,23.76,7/25/18,WE4,206,
Q1,0,7/26/18 9:35,0.36,4.21,2.09,0.18,1.14,6.85,77.54,-2.37,23.76,7/25/18,WE4,206,
Q1,0,7/26/18 9:35,0.17,5.08,2.75,0,1.14,7.99,77.31,-2.37,23.77,7/25/18,WE4,206,
Q1,0,7/26/18 9:35,0.32,3.76,1.66,1.15,1.21,6.89,77.18,-2.34,23.77,7/25/18,WE4,206,
Q1,0,7/26/18 9:35,0.52,4.27,2.17,0.29,1.14,7.26,77.24,-2.35,23.75,7/25/18,WE4,206,
Q1,0,7/26/18 9:35,1.38,3.7,0.53,2.06,1.16,7.67,77.47,-2.33,23.76,7/25/18,WE4,206,
Q1,0,7/26/18 9:35,0.36,4.19,1.43,0.9,1.2,6.89,77.21,-2.35,23.76,7/25/18,WE4,206,
Q1,0,7/26/18 9:35,0.28,4.09,1.47,1.42,1.24,7.26,77.2,-2.35,23.77,7/25/18,WE4,206,
Q1,0,7/26/18 9:35,0.93,4.12,1.91,0.52,1.17,7.48,77.42,-2.36,23.75,7/25/18,WE4,206,
Q1,0,7/26/18 9:35,0.26,4.3,2.31,0.36,1.13,7.23,77.13,-2.38,23.75,7/25/18,WE4,206,
Q1,0,7/26/18 9:35,0.5,4.29,1.86,0.76,1.18,7.41,77.33,-2.32,23.76,7/25/18,WE4,206,
Q1,0,7/26/18 9:35,0.13,5.55,2.59,0,1.15,8.27,77.16,-2.35,23.75,7/25/18,WE4,206,
Q1,0,7/26/18 9:35,0.33,3.46,1.83,0.97,1.22,6.59,77.28,-2.35,23.76,7/25/18,WE4,206,
Q1,0,7/26/18 9:35,1.3,3.36,0.75,1.64,1.19,7.04,77.36,-2.36,23.76,7/25/18,WE4,206,
Q1,0,7/26/18 9:35,0.59,3.88,1.57,1.03,1.19,7.08,77.22,-2.34,23.75,7/25/18,WE4,206,
Q1,0,7/26/18 9:35,0.6,3.27,1.71,0.73,1.19,6.33,77.46,-2.34,23.77,7/25/18,WE4,206,
Q1,0,7/26/18 9:35,0.73,3.65,1.78,0.68,1.2,6.84,77.13,-2.38,23.76,7/25/18,WE4,206,
Q1,0,7/26/18 9:35,0.42,3.82,1.89,0.76,1.24,6.9,77.28,-2.33,23.75,7/25/18,WE4,206,
Q1,0,7/26/18 9:35,0.44,3.86,2.09,0.28,1.16,6.67,77.17,-2.34,23.75,7/25/18,WE4,206,
Q1,0,7/26/18 9:35,1.21,3.33,1.05,0.98,1.15,6.58,77.17,-2.36,23.75,7/25/18,WE4,206,
Q1,0,7/26/18 9:35,0.26,4.35,2.24,0,1.15,6.85,77.33,-2.34,23.75,7/25/18,WE4,206,
Q1,0,7/26/18 9:35,0.34,4.07,2.08,0.54,1.15,7.04,77.3,-2.36,23.75,7/25/18,WE4,206,
Q1,0,7/26/18 9:35,0.73,3.91,2.14,0.51,1.17,7.3,77.17,-2.34,23.75,7/25/18,WE4,206,
Q1,0,7/26/18 9:35,0.83,3.98,1.17,1.28,1.26,7.26,76.7,-2.34,23.75,7/25/18,WE4,206,
Q1,0,7/26/18 9:35,1.7,3.58,0.02,2.5,1.28,7.8,76.92,-2.36,23.75,7/25/18,WE4,206,
Q1,0,7/26/18 9:35,0.08,3.62,2.38,0.18,1.15,6.27,77.36,-2.36,23.77,7/25/18,WE4,206,
Q1,0,7/26/18 9:36,0,3.6,2.43,0.27,0.97,6.3,77.57,-2.35,23.76,7/25/18,WE4,206,
Q1,0,7/26/18 9:36,0,4.88,1.89,0.76,1.18,7.54,77.46,-2.37,23.77,7/25/18,WE4,206,
Q1,0,7/26/18 9:36,0,4.48,1.35,1.16,1.25,6.99,77.23,-2.36,23.76,7/25/18,WE4,206,
Q1,0,7/26/18 9:36,0.3,4.23,1.69,1.25,1.22,7.46,77.31,-2.35,23.77,7/25/18,WE4,206,
Q1,0,7/26/18 9:36,0.82,3.5,1.32,0.96,1.15,6.6,76.98,-2.36,23.76,7/25/18,WE4,206,
Q2,0,7/26/18 9:37,0,4.49,2.22,0.43,1.2,7.14,77.1,-2.33,23.81,7/25/18,WE4,206,
Q2,0,7/26/18 9:37,0.36,4.12,1.65,1.09,1.16,7.22,77.28,-2.36,23.82,7/25/18,WE4,206,
Q2,0,7/26/18 9:37,0.07,4.66,2.32,0.6,1.18,7.65,77.29,-2.35,23.81,7/25/18,WE4,206,
Q2,0,7/26/18 9:37,0.24,4,2.24,0.42,1.16,6.9,77.31,-2.38,23.81,7/25/18,WE4,206,
Q2,0,7/26/18 9:37,0.21,3.83,1.66,1.32,1.18,7.02,77.3,-2.37,23.81,7/25/18,WE4,206,
Q2,0,7/26/18 9:37,0.4,4.52,1.79,0.76,1.2,7.48,77.2,-2.35,23.81,7/25/18,WE4,206,
Q2,0,7/26/18 9:37,0.72,3.61,1.14,1.5,1.23,6.97,77.32,-2.35,23.81,7/25/18,WE4,206,
Q2,0,7/26/18 9:37,0,4.74,2.55,0.15,1.17,7.45,77.23,-2.34,23.8,7/25/18,WE4,206,
Q2,0,7/26/18 9:37,0.03,4.26,2.39,0.54,1.15,7.23,77.22,-2.34,23.8,7/25/18,WE4,206,
Q2,0,7/26/18 9:37,0,4.5,2.44,0.26,1.23,7.2,77.15,-2.34,23.8,7/25/18,WE4,206,
Q2,0,7/26/18 9:37,0,4.34,2.33,0.52,1.21,7.19,77.26,-2.34,23.8,7/25/18,WE4,206,
Q2,0,7/26/18 9:37,0,4.34,2.49,0.63,1.09,7.46,77.26,-2.34,23.8,7/25/18,WE4,206,
Q2,0,7/26/18 9:37,0.22,4.07,2.28,0.63,1.13,7.2,77.21,-2.38,23.8,7/25/18,WE4,206,
Q2,0,7/26/18 9:37,0,5.08,2.81,0,1.17,7.9,77.11,-2.35,23.79,7/25/18,WE4,206,
Q2,0,7/26/18 9:37,0.29,3.89,1.93,1.04,1.18,7.14,77.13,-2.37,23.8,7/25/18,WE4,206,
Q2,0,7/26/18 9:37,0.17,3.77,1.76,1.3,1.23,7,77.15,-2.33,23.79,7/25/18,WE4,206,
Q2,0,7/26/18 9:37,0.2,3.93,1.93,0.82,1.18,6.88,77.28,-2.34,23.8,7/25/18,WE4,206,
Q2,0,7/26/18 9:37,0,3.73,1.85,1.06,1.19,6.64,77.18,-2.35,23.81,7/25/18,WE4,206,
Q2,0,7/26/18 9:37,0.42,3.42,1.07,2.16,1.28,7.07,77.22,-2.37,23.8,7/25/18,WE4,206,
Q2,0,7/26/18 9:37,0.82,4.13,1.05,1.41,1.2,7.41,77.28,-2.34,23.79,7/25/18,WE4,206,
Q2,0,7/26/18 9:37,0.28,3.91,1.84,0.82,1.16,6.86,77.3,-2.33,23.79,7/25/18,WE4,206,
Q2,0,7/26/18 9:37,0.06,4.27,2.45,0.16,1.17,6.94,77.28,-2.33,23.79,7/25/18,WE4,206,
Q2,0,7/26/18 9:37,0.6,4.51,1.98,0.6,1.15,7.7,77.21,-2.34,23.8,7/25/18,WE4,206,
Q2,0,7/26/18 9:37,0.21,4.7,1.97,0.64,1.22,7.51,77.01,-2.36,23.8,7/25/18,WE4,206,
Q2,0,7/26/18 9:37,0,4.36,2.14,0.8,1.16,7.3,77.26,-2.34,23.79,7/25/18,WE4,206,
Q2,0,7/26/18 9:37,0.37,3.67,1.79,0.76,1.18,6.59,77.25,-2.35,23.8,7/25/18,WE4,206,
Q2,0,7/26/18 9:37,0,4.42,2.77,0,1.08,7.19,77.19,-2.36,23.8,7/25/18,WE4,206,
Q2,0,7/26/18 9:38,0.38,3.9,2,0.37,1.13,6.64,77.41,-2.37,23.81,7/25/18,WE4,206,
Q2,0,7/26/18 9:38,0.79,3.58,1.02,1.99,1.2,7.39,77.19,-2.35,23.8,7/25/18,WE4,206,
Q2,0,7/26/18 9:38,0,4.64,2.07,0.84,1.2,7.54,77.41,-2.38,23.79,7/25/18,WE4,206,
Q2,0,7/26/18 9:38,0,4.15,2.08,0.97,1.17,7.19,77.28,-2.37,23.8,7/25/18,WE4,206,
Q2,0,7/26/18 9:38,0,4.02,2.36,0.86,1.08,7.24,77.26,-2.34,23.79,7/25/18,WE4,206,
Q2,0,7/26/18 9:38,0,4.49,2.75,0,1.12,7.24,77.26,-2.35,23.8,7/25/18,WE4,206,
Q2,0,7/26/18 9:38,0,3.79,2.08,1.04,1.2,6.91,77.16,-2.36,23.79,7/25/18,WE4,206,
Q3,0,7/26/18 9:39,0.57,3.76,2.31,0,1.16,6.65,77.66,-2.37,23.86,7/25/18,WE4,206,
Q3,0,7/26/18 9:39,0.23,4.08,2.59,0,1.14,6.9,77.51,-2.32,23.84,7/25/18,WE4,206,
Q3,0,7/26/18 9:39,0.04,3.92,2.05,0.53,1.18,6.54,77.69,-2.36,23.86,7/25/18,WE4,206,
Q3,0,7/26/18 9:39,0.94,3.58,1.28,1.05,1.19,6.85,77.66,-2.36,23.87,7/25/18,WE4,206,
Q3,0,7/26/18 9:39,0.18,4.38,2.65,0,1.15,7.22,77.55,-2.37,23.86,7/25/18,WE4,206,
Q3,0,7/26/18 9:39,1.17,3.28,0.99,1.38,1.14,6.82,77.46,-2.37,23.86,7/25/18,WE4,206,
Q3,0,7/26/18 9:39,0.03,4.2,2.6,0,1.14,6.84,77.63,-2.35,23.86,7/25/18,WE4,206,
Q3,0,7/26/18 9:39,0.86,3.94,2.5,0,1.15,7.3,77.55,-2.35,23.86,7/25/18,WE4,206,
Q3,0,7/26/18 9:39,0.66,3.5,1.75,0.44,1.14,6.35,77.69,-2.37,23.86,7/25/18,WE4,206,
Q3,0,7/26/18 9:39,0.21,4.2,2.52,0,1.16,6.93,77.57,-2.35,23.86,7/25/18,WE4,206,
Q3,0,7/26/18 9:39,0.03,3.91,2.59,0.02,1.19,6.55,77.67,-2.35,23.86,7/25/18,WE4,206,
Q3,0,7/26/18 9:39,0.63,3.55,2.48,0,1.07,6.66,77.71,-2.34,23.85,7/25/18,WE4,206,
Q3,0,7/26/18 9:39,0,4.88,2.36,0.28,1.2,7.52,77.61,-2.34,23.87,7/25/18,WE4,206,
Q3,0,7/26/18 9:39,0.45,3.27,1.08,1.65,1.22,6.45,77.29,-2.36,23.85,7/25/18,WE4,206,
Q3,0,7/26/18 9:39,0.53,3.7,2.06,0,1.11,6.29,77.49,-2.37,23.86,7/25/18,WE4,206,
Q3,0,7/26/18 9:39,0.54,3.58,1.78,0.37,1.08,6.27,77.45,-2.35,23.84,7/25/18,WE4,206,
Q3,0,7/26/18 9:39,0.45,4.45,2.18,0,1.16,7.08,77.54,-2.34,23.84,7/25/18,WE4,206,
Q3,0,7/26/18 9:39,0.55,4.31,2.34,0.57,1.15,7.77,77.56,-2.36,23.83,7/25/18,WE4,206,
Q3,0,7/26/18 9:39,0.74,3.34,2.19,0.4,1.07,6.67,77.62,-2.36,23.85,7/25/18,WE4,206,
Q3,0,7/26/18 9:39,0.44,3.92,2.19,0,1.08,6.55,77.62,-2.33,23.84,7/25/18,WE4,206,
Q3,0,7/26/18 9:39,0.22,3.81,1.99,0.43,1.18,6.45,77.56,-2.35,23.83,7/25/18,WE4,206,
Q3,0,7/26/18 9:39,0.06,4.2,1.62,0.92,1.18,6.8,77.68,-2.37,23.84,7/25/18,WE4,206,
Q3,0,7/26/18 9:39,0.35,3.56,1.79,0.44,1.12,6.14,77.62,-2.32,23.85,7/25/18,WE4,206,
Q3,0,7/26/18 9:39,0.54,3.82,1.29,1.1,1.2,6.74,77.68,-2.32,23.84,7/25/18,WE4,206,
Q3,0,7/26/18 9:39,0,4.53,2.71,0,1.06,7.23,77.59,-2.34,23.84,7/25/18,WE4,206,
Q3,0,7/26/18 9:39,0.87,2.99,0.94,1.96,1.18,6.77,77.64,-2.36,23.85,7/25/18,WE4,206,
Q3,0,7/26/18 9:39,0,4.09,2.15,0.54,1.16,6.79,77.51,-2.37,23.85,7/25/18,WE4,206,
Q3,0,7/26/18 9:39,0.09,3.7,1.94,0.77,1.16,6.5,77.53,-2.35,23.84,7/25/18,WE4,206,
Q3,0,7/26/18 9:39,0.73,3.84,1.67,0.83,1.11,7.07,77.58,-2.34,23.84,7/25/18,WE4,206,
Q3,0,7/26/18 9:39,1.18,3.55,1.44,0.66,1.12,6.82,77.52,-2.36,23.83,7/25/18,WE4,206,
Q4,0,7/26/18 9:40,0,4.05,1.8,1.53,1.25,7.37,76.99,-2.36,23.89,7/25/18,WE4,206,
Q4,0,7/26/18 9:41,0.5,4.57,2.01,0.55,1.21,7.63,77.22,-2.32,23.88,7/25/18,WE4,206,
Q4,0,7/26/18 9:41,0.59,4.08,2.17,0.21,1.14,7.05,77.31,-2.35,23.89,7/25/18,WE4,206,
Q4,0,7/26/18 9:41,0.71,3.73,2.47,0,1.14,6.91,77.32,-2.33,23.89,7/25/18,WE4,206,
Q4,0,7/26/18 9:41,0,4.87,2.62,0.14,1.22,7.64,77.07,-2.36,23.88,7/25/18,WE4,206,
Q4,0,7/26/18 9:41,0.16,4.12,2.32,0.45,1.15,7.04,77.42,-2.34,23.89,7/25/18,WE4,206,
Q4,0,7/26/18 9:41,1.26,3.59,0.81,1.6,1.22,7.26,77.27,-2.36,23.89,7/25/18,WE4,206,
Q4,0,7/26/18 9:41,0.79,4.27,2.18,0.63,1.18,7.87,77.13,-2.35,23.88,7/25/18,WE4,206,
Q4,0,7/26/18 9:41,0.27,4.66,2.32,0.29,1.18,7.55,77.4,-2.36,23.88,7/25/18,WE4,206,
Q4,0,7/26/18 9:41,0.54,3.75,1.67,0.77,1.17,6.73,77.26,-2.35,23.88,7/25/18,WE4,206,
Q4,0,7/26/18 9:41,0.27,4.21,2.33,0.22,1.2,7.04,77.12,-2.33,23.88,7/25/18,WE4,206,
Q4,0,7/26/18 9:41,0.3,4.44,2.52,0,1.14,7.26,77.31,-2.33,23.89,7/25/18,WE4,206,
Q4,0,7/26/18 9:41,0.93,3.61,1.1,1.13,1.13,6.77,77.13,-2.34,23.89,7/25/18,WE4,206,
Q4,0,7/26/18 9:41,0.13,4.49,2.54,0,1.15,7.16,77.25,-2.37,23.88,7/25/18,WE4,206,
Q4,0,7/26/18 9:41,0.45,5.03,2.41,0,1.16,7.89,77.13,-2.35,23.89,7/25/18,WE4,206,
Q4,0,7/26/18 9:41,0.53,3.34,1.43,1.09,1.11,6.4,77.41,-2.35,23.89,7/25/18,WE4,206,
Q4,0,7/26/18 9:41,0.28,4.06,2.22,0.22,1.14,6.77,77.21,-2.37,23.88,7/25/18,WE4,206,
Q4,0,7/26/18 9:41,0.97,3.51,1.37,0.96,1.14,6.8,77.26,-2.33,23.88,7/25/18,WE4,206,
Q4,0,7/26/18 9:41,0.04,4.76,2.65,0,1.14,7.45,77.3,-2.35,23.88,7/25/18,WE4,206,
Q4,0,7/26/18 9:41,1.42,3.79,0.53,1.93,1.17,7.68,77.31,-2.36,23.88,7/25/18,WE4,206,
Q4,0,7/26/18 9:41,0.18,4.52,2.09,0.59,1.17,7.37,77.16,-2.35,23.88,7/25/18,WE4,206,
Q4,0,7/26/18 9:41,0.27,4.2,1.23,1.82,1.24,7.52,77.3,-2.35,23.88,7/25/18,WE4,206,
Q4,0,7/26/18 9:41,0.5,3.82,1.67,0.88,1.18,6.87,77.08,-2.36,23.88,7/25/18,WE4,206,
Q4,0,7/26/18 9:41,0.12,3.68,1.58,1.4,1.21,6.79,77.32,-2.34,23.9,7/25/18,WE4,206,
Q4,0,7/26/18 9:41,0.77,3.85,1.46,1.01,1.18,7.09,77.32,-2.35,23.88,7/25/18,WE4,206,
Q4,0,7/26/18 9:41,0.19,3.97,2.74,0.07,1.08,6.96,77.16,-2.34,23.88,7/25/18,WE4,206,
Q4,0,7/26/18 9:41,0.23,4.3,2.33,0.12,1.15,6.98,77.45,-2.35,23.88,7/25/18,WE4,206,
Q4,0,7/26/18 9:41,1.11,3.97,0,2.75,1.37,7.83,77.32,-2.35,23.89,7/25/18,WE4,206,
C1,1,7/26/18 10:50,0.4,3.19,1.34,0.81,1.21,5.75,78.13,-2.35,24.62,7/25/18,WE4,206,
C1,1,7/26/18 10:50,0.05,4.45,2.58,0,1.17,7.08,78.06,-2.36,24.62,7/25/18,WE4,206,
C1,1,7/26/18 10:50,0.89,3.56,1.42,0.52,1.21,6.39,77.99,-2.32,24.62,7/25/18,WE4,206,
C1,1,7/26/18 10:50,0,4.44,2.24,0.05,1.2,6.72,77.96,-2.4,24.61,7/25/18,WE4,206,
C1,1,7/26/18 10:50,0.01,3.77,1.91,0.51,1.23,6.19,78.08,-2.34,24.61,7/25/18,WE4,206,
C1,1,7/26/18 10:50,0.4,4.31,1.76,0,1.23,6.47,78.02,-2.43,24.62,7/25/18,WE4,206,
C1,1,7/26/18 10:50,0,3.64,2.2,0.15,1.18,5.99,78.11,-2.14,24.62,7/25/18,WE4,206,
C1,1,7/26/18 10:50,0.1,3.98,2.1,0,1.2,6.19,77.98,-2.37,24.61,7/25/18,WE4,206,
C1,1,7/26/18 10:50,0.21,3.67,1.48,0.77,1.32,6.13,77.94,-2.28,24.61,7/25/18,WE4,206,
C1,1,7/26/18 10:50,0,3.94,2.07,0,1.15,6.01,78.14,-2.54,24.61,7/25/18,WE4,206,
C1,1,7/26/18 10:50,1.04,3.62,1.68,0.08,1.14,6.42,78.19,-2.41,24.62,7/25/18,WE4,206,
C1,1,7/26/18 10:50,0,4.13,2.51,0,1.28,6.64,78.02,-2.09,24.61,7/25/18,WE4,206,
C1,1,7/26/18 10:50,0.18,3.74,1.94,0,1.25,5.86,77.91,-2.41,24.61,7/25/18,WE4,206,
C1,1,7/26/18 10:50,0,3.7,2.02,0,1.23,5.72,78.03,-2.41,24.6,7/25/18,WE4,206,
C1,1,7/26/18 10:50,0.89,3.28,0.56,1.38,1.28,6.12,77.82,-2.36,24.61,7/25/18,WE4,206,
C1,1,7/26/18 10:50,1.07,3.14,0.74,1.19,1.25,6.15,78.16,-2.37,24.61,7/25/18,WE4,206,
C1,1,7/26/18 10:50,0.1,3.8,2,0,1.21,5.91,78.12,-2.36,24.62,7/25/18,WE4,206,
C1,1,7/26/18 10:50,0.11,3.95,2.37,0,1.17,6.43,78.06,-2.36,24.62,7/25/18,WE4,206,
C1,1,7/26/18 10:50,0,3.79,2.21,0.14,1.22,6.15,77.91,-2.38,24.61,7/25/18,WE4,206,
C1,1,7/26/18 10:50,0,3.45,1.81,0.28,1.22,5.55,78.13,-2.36,24.61,7/25/18,WE4,206,
C1,1,7/26/18 10:50,0,4.13,2.35,0,1.21,6.47,78.13,-2.31,24.6,7/25/18,WE4,206,
C1,1,7/26/18 10:50,0,4.38,2.21,0,1.24,6.58,78.21,-2.34,24.6,7/25/18,WE4,206,
C1,1,7/26/18 10:50,0.19,3.84,1.65,0.52,1.2,6.2,78.05,-2.36,24.6,7/25/18,WE4,206,
C1,1,7/26/18 10:50,0.39,3.2,1.61,0.42,1.21,5.62,78.06,-2.38,24.6,7/25/18,WE4,206,
C1,1,7/26/18 10:50,0.19,3.73,1.88,0.58,1.22,6.37,77.95,-2.35,24.6,7/25/18,WE4,206,
C1,1,7/26/18 10:50,0.56,3.45,1.7,0.36,1.17,6.07,78.08,-2.36,24.6,7/25/18,WE4,206,
C1,1,7/26/18 10:50,0.43,3.44,1.4,0.75,1.24,6.01,78.01,-2.35,24.59,7/25/18,WE4,206,
C1,1,7/26/18 10:50,0.35,3.33,1.63,0.67,1.2,5.97,78.05,-2.36,24.59,7/25/18,WE4,206,
C1,1,7/26/18 10:50,0.68,3.21,1.18,0.9,1.22,5.98,77.98,-2.35,24.61,7/25/18,WE4,206,
C1,1,7/26/18 10:50,0,3.98,2.18,0.19,1.24,6.34,78.1,-2.33,24.59,7/25/18,WE4,206,
C1,1,7/26/18 10:51,0.14,3.57,1.83,0.61,1.19,6.15,77.93,-2.36,24.6,7/25/18,WE4,206,
C1,1,7/26/18 10:51,0.6,3.28,1.2,0.91,1.26,6,77.87,-2.33,24.59,7/25/18,WE4,206,
C1,1,7/26/18 10:51,0.63,3.23,1.44,1,1.17,6.3,77.87,-2.35,24.6,7/25/18,WE4,206,
C1,1,7/26/18 10:51,0.44,3.52,1.82,0.25,1.21,6.03,77.97,-2.35,24.59,7/25/18,WE4,206,
C1,1,7/26/18 10:51,1.06,3.36,0.93,1.14,1.25,6.49,77.94,-2.36,24.59,7/25/18,WE4,206,
C1,1,7/26/18 10:51,0,3.74,2.12,0,1.27,5.86,78.05,-2.34,24.59,7/25/18,WE4,206,
C1,1,7/26/18 10:51,0.27,3.21,1.57,0.54,1.22,5.59,78.09,-2.35,24.59,7/25/18,WE4,206,
C1,1,7/26/18 10:51,0.21,3.41,1.73,0.31,1.22,5.65,78.09,-2.36,24.58,7/25/18,WE4,206,
C1,1,7/26/18 10:51,0.43,3.75,1.93,0.03,1.18,6.14,77.94,-2.34,24.58,7/25/18,WE4,206,
C1,1,7/26/18 10:51,0.67,3.17,1.23,0.71,1.17,5.78,78,-2.38,24.58,7/25/18,WE4,206,
C1,1,7/26/18 10:51,0.09,4.04,2.18,0,1.21,6.3,78.01,-2.35,24.59,7/25/18,WE4,206,
C1,1,7/26/18 10:51,0.48,3.77,1.56,0.31,1.19,6.12,78,-2.34,24.57,7/25/18,WE4,206,
C1,1,7/26/18 10:51,0.24,3.17,1.69,0.62,1.22,5.72,78.09,-2.38,24.58,7/25/18,WE4,206,
C1,1,7/26/18 10:51,0.45,3.44,1.56,0.65,1.2,6.1,78,-2.33,24.58,7/25/18,WE4,206,
C1,1,7/26/18 10:51,0,3.97,2.28,0.01,1.23,6.26,77.9,-2.36,24.58,7/25/18,WE4,206,
C1,1,7/26/18 10:51,0.78,3.35,0.97,1.11,1.26,6.21,77.76,-2.35,24.57,7/25/18,WE4,206,
C1,1,7/26/18 10:51,0.4,3.88,2.12,0,1.15,6.4,78.04,-2.35,24.57,7/25/18,WE4,206,
C1,1,7/26/18 10:51,0.37,3.71,2.19,0,1.17,6.27,77.88,-2.36,24.57,7/25/18,WE4,206,
C1,1,7/26/18 10:51,0.27,4,2.18,0.13,1.17,6.58,77.97,-2.35,24.58,7/25/18,WE4,206,
C1,1,7/26/18 10:51,0.6,3.49,1.79,0.25,1.18,6.13,77.98,-2.35,24.57,7/25/18,WE4,206,
C2,1,7/26/18 10:52,0,4.06,2.19,0.18,1.18,6.43,77.26,-2.36,24.57,7/25/18,WE4,206,
C2,1,7/26/18 10:52,0.42,3.66,1.52,0.72,1.19,6.33,77.35,-2.39,24.56,7/25/18,WE4,206,
C2,1,7/26/18 10:52,0.01,4.37,2.22,0,1.18,6.6,77.41,-2.36,24.56,7/25/18,WE4,206,
C2,1,7/26/18 10:52,0,4.34,2.22,0.12,1.19,6.68,77.48,-2.35,24.57,7/25/18,WE4,206,
C2,1,7/26/18 10:52,0.2,3.51,1.66,0.54,1.27,5.91,77.32,-2.4,24.57,7/25/18,WE4,206,
C2,1,7/26/18 10:52,0,3.02,1.27,1.18,1.33,5.47,77.32,-2.37,24.56,7/25/18,WE4,206,
C2,1,7/26/18 10:52,0,3.83,1.5,1.11,1.29,6.44,77.24,-2.38,24.56,7/25/18,WE4,206,
C2,1,7/26/18 10:52,0.09,3.55,1.81,0.57,1.21,6.02,77.36,-2.37,24.56,7/25/18,WE4,206,
C2,1,7/26/18 10:52,0,3.75,1.81,0.42,1.18,5.98,77.3,-2.37,24.55,7/25/18,WE4,206,
C2,1,7/26/18 10:52,0,4.13,2.22,0.15,1.17,6.49,77.38,-2.39,24.55,7/25/18,WE4,206,
C2,1,7/26/18 10:52,0.34,3.98,1.8,0.39,1.18,6.51,77.36,-2.4,24.56,7/25/18,WE4,206,
C2,1,7/26/18 10:52,0,4.61,2.65,0.15,1.16,7.41,77.29,-2.36,24.56,7/25/18,WE4,206,
C2,1,7/26/18 10:52,0,3.65,2.16,0.47,1.17,6.28,77.32,-2.37,24.56,7/25/18,WE4,206,
C2,1,7/26/18 10:52,0.54,3.47,1.16,1.05,1.23,6.22,77.24,-2.38,24.56,7/25/18,WE4,206,
C2,1,7/26/18 10:52,0.04,3.8,2.19,0.15,1.17,6.18,77.42,-2.38,24.57,7/25/18,WE4,206,
C2,1,7/26/18 10:52,0,4.22,2.03,0.45,1.18,6.7,77.44,-2.39,24.57,7/25/18,WE4,206,
C2,1,7/26/18 10:52,0.48,3.54,1.46,0.73,1.18,6.21,77.18,-2.4,24.56,7/25/18,WE4,206,
C2,1,7/26/18 10:52,0,3.8,1.9,0.49,1.2,6.19,77.37,-2.38,24.56,7/25/18,WE4,206,
C2,1,7/26/18 10:52,0,3.66,1.74,0.61,1.15,6.01,77.34,-2.38,24.56,7/25/18,WE4,206,
C2,1,7/26/18 10:52,0,3.52,1.98,0.45,1.2,5.95,77.3,-2.38,24.55,7/25/18,WE4,206,
C2,1,7/26/18 10:52,0,3.73,1.91,0.64,1.2,6.28,77.31,-2.34,24.55,7/25/18,WE4,206,
C2,1,7/26/18 10:52,0.28,3.7,1.66,0.64,1.17,6.27,77.29,-2.36,24.55,7/25/18,WE4,206,
C2,1,7/26/18 10:52,0,4.14,2.02,0.06,1.18,6.22,77.34,-2.37,24.55,7/25/18,WE4,206,
C2,1,7/26/18 10:52,0,3.43,1.92,0.51,1.15,5.85,77.36,-2.38,24.54,7/25/18,WE4,206,
C2,1,7/26/18 10:52,0,3.7,2.06,0.77,1.18,6.53,77.4,-2.36,24.54,7/25/18,WE4,206,
C2,1,7/26/18 10:52,0,3.77,1.58,1.09,1.25,6.44,77.34,-2.37,24.54,7/25/18,WE4,206,
C2,1,7/26/18 10:52,0,3.26,1.68,1.2,1.19,6.15,77.24,-2.4,24.54,7/25/18,WE4,206,
C2,1,7/26/18 10:53,0.4,3.86,1.41,1.06,1.16,6.73,77.55,-2.36,24.54,7/25/18,WE4,206,
C2,1,7/26/18 10:53,0,4.14,1.96,0.67,1.12,6.78,77.21,-2.36,24.55,7/25/18,WE4,206,
C2,1,7/26/18 10:53,0,3.32,2.11,0.81,1.18,6.24,77.22,-2.39,24.56,7/25/18,WE4,206,
C2,1,7/26/18 10:53,0,4.22,3.26,0,0.7,7.48,77.39,-2.38,24.55,7/25/18,WE4,206,
C2,1,7/26/18 10:53,0,3.96,2.72,0,0.98,6.69,77.45,-2.38,24.54,7/25/18,WE4,206,
C2,1,7/26/18 10:53,0.55,3.65,1.55,0.71,1.18,6.46,77.54,-2.38,24.55,7/25/18,WE4,206,
C2,1,7/26/18 10:53,0.3,3.41,1.59,0.83,1.16,6.13,77.26,-2.36,24.54,7/25/18,WE4,206,
C2,1,7/26/18 10:53,0.07,3.98,1.8,0.9,1.16,6.74,77.14,-2.36,24.55,7/25/18,WE4,206,
C3,1,7/26/18 10:54,0.02,4.03,1.67,1.3,1.22,7.02,77.62,-2.36,24.55,7/25/18,WE4,206,
C3,1,7/26/18 10:54,0,4.72,2.08,0.36,1.21,7.16,77.59,-2.33,24.55,7/25/18,WE4,206,
C3,1,7/26/18 10:54,0.67,3.53,0.92,1.39,1.22,6.51,77.56,-2.31,24.54,7/25/18,WE4,206,
C3,1,7/26/18 10:54,0.1,3.88,1.93,0.73,1.23,6.64,77.53,-2.32,24.56,7/25/18,WE4,206,
C3,1,7/26/18 10:54,0.33,3.68,1.31,1.44,1.24,6.76,77.51,-2.37,24.54,7/25/18,WE4,206,
C3,1,7/26/18 10:54,0,3.69,1.9,0.37,1.21,5.96,77.58,-2.35,24.54,7/25/18,WE4,206,
C3,1,7/26/18 10:54,0,4.19,2.21,0.21,1.18,6.61,77.63,-2.34,24.55,7/25/18,WE4,206,
C3,1,7/26/18 10:54,0,4.87,2.43,0,1.16,7.3,77.65,-2.37,24.54,7/25/18,WE4,206,
C3,1,7/26/18 10:54,0,3.91,1.04,1.65,1.3,6.6,77.53,-2.35,24.54,7/25/18,WE4,206,
C3,1,7/26/18 10:54,0,4.86,1.49,1.06,1.33,7.41,77.66,-2.34,24.54,7/25/18,WE4,206,
C3,1,7/26/18 10:54,0,3.87,0.47,2.38,1.37,6.72,77.51,-2.36,24.54,7/25/18,WE4,206,
C3,1,7/26/18 10:54,0,4.32,1.7,0.79,1.21,6.81,77.44,-2.36,24.54,7/25/18,WE4,206,
C3,1,7/26/18 10:54,0,4.25,1.79,0.36,1.31,6.39,77.8,-2.34,24.53,7/25/18,WE4,206,
C3,1,7/26/18 10:54,0,3.76,1.48,1.16,1.24,6.41,77.67,-2.36,24.54,7/25/18,WE4,206,
C3,1,7/26/18 10:54,0,3.41,0.57,2.21,1.37,6.19,77.64,-2.35,24.54,7/25/18,WE4,206,
C3,1,7/26/18 10:54,0,4.2,1.71,0.9,1.27,6.81,77.6,-2.34,24.53,7/25/18,WE4,206,
C3,1,7/26/18 10:54,0,3.46,1.58,1.08,1.23,6.12,77.7,-2.35,24.54,7/25/18,WE4,206,
C3,1,7/26/18 10:54,0,3.53,1.43,1.13,1.15,6.08,77.61,-2.35,24.54,7/25/18,WE4,206,
C3,1,7/26/18 10:54,0,4.42,2.46,0.19,1.05,7.06,77.61,-2.33,24.54,7/25/18,WE4,206,
C3,1,7/26/18 10:54,0,3.69,0.85,2.66,1.15,7.19,77.82,-2.36,24.54,7/25/18,WE4,206,
C3,1,7/26/18 10:54,0,5.89,2.96,0,0.99,8.85,77.89,-2.28,24.55,7/25/18,WE4,206,
C3,1,7/26/18 10:54,0,3.65,1.36,1.82,1.17,6.83,77.91,-2.34,24.54,7/25/18,WE4,206,
C3,1,7/26/18 10:54,0,3.88,1.47,2.01,0.96,7.35,78.11,-2.35,24.54,7/25/18,WE4,206,
C3,1,7/26/18 10:54,0,3.66,1.49,1.31,1.2,6.46,77.54,-2.37,24.55,7/25/18,WE4,206,
C3,1,7/26/18 10:54,0,3.35,0.53,2.49,1.27,6.38,77.87,-2.38,24.56,7/25/18,WE4,206,
C3,1,7/26/18 10:54,0,3.34,1.07,2.4,1.18,6.81,77.98,-2.39,24.55,7/25/18,WE4,206,
C3,1,7/26/18 10:54,0,3.4,0.79,2.65,1.27,6.83,78.01,-2.37,24.55,7/25/18,WE4,206,
C3,1,7/26/18 10:54,0,5.18,2.14,0.62,1.07,7.95,77.87,-2.37,24.56,7/25/18,WE4,206,
C3,1,7/26/18 10:54,0,3.61,2.39,1.7,0.83,7.7,78.24,-2.38,24.54,7/25/18,WE4,206,
C3,1,7/26/18 10:54,0,3.64,2.59,1.66,0.71,7.89,78.15,-2.35,24.54,7/25/18,WE4,206,
C3,1,7/26/18 10:54,0,4.12,2.26,0.95,0.92,7.34,77.84,-2.34,24.55,7/25/18,WE4,206,
C3,1,7/26/18 10:54,0,3.84,1.97,1.97,0.78,7.77,78.05,-2.32,24.54,7/25/18,WE4,206,
C3,1,7/26/18 10:54,0,5.34,3.25,0,0.86,8.58,77.97,-2.34,24.53,7/25/18,WE4,206,
C3,1,7/26/18 10:54,0,4.54,1.95,0.58,1.15,7.07,77.92,-2.38,24.54,7/25/18,WE4,206,
C3,1,7/26/18 10:54,0,5.34,2.66,0,1.04,8,77.98,-2.33,24.54,7/25/18,WE4,206,
C3,1,7/26/18 10:55,0,4.09,1.74,1.04,1.19,6.87,77.59,-2.33,24.54,7/25/18,WE4,206,
Q1,1,7/26/18 10:56,0,3.56,1.57,0.4,1.24,5.54,77.67,-2.36,24.56,7/25/18,WE4,206,
Q1,1,7/26/18 10:56,0,3.73,1.86,0.14,1.24,5.73,77.83,-2.37,24.55,7/25/18,WE4,206,
Q1,1,7/26/18 10:56,0,3.33,0.65,1.66,1.27,5.65,77.57,-2.38,24.55,7/25/18,WE4,206,
Q1,1,7/26/18 10:56,0,3.59,1.44,0.54,1.23,5.57,77.79,-2.37,24.55,7/25/18,WE4,206,
Q1,1,7/26/18 10:56,0,3.93,1.63,0.1,1.17,5.66,77.7,-2.37,24.55,7/25/18,WE4,206,
Q1,1,7/26/18 10:56,0.24,3.38,1.49,0.26,1.2,5.37,77.65,-2.39,24.55,7/25/18,WE4,206,
Q1,1,7/26/18 10:56,0,3.62,1.75,0.1,1.18,5.48,77.68,-2.39,24.55,7/25/18,WE4,206,
Q1,1,7/26/18 10:56,0,3.6,1.34,0.61,1.23,5.56,77.85,-2.37,24.55,7/25/18,WE4,206,
Q1,1,7/26/18 10:56,0,3.8,1.96,0.08,1.18,5.83,77.7,-2.36,24.55,7/25/18,WE4,206,
Q1,1,7/26/18 10:56,0,3.38,1.48,0.5,1.19,5.37,77.71,-2.39,24.55,7/25/18,WE4,206,
Q1,1,7/26/18 10:56,0.28,3.15,1.07,1.21,1.24,5.72,77.74,-2.38,24.55,7/25/18,WE4,206,
Q1,1,7/26/18 10:56,0,3.82,1.68,0.21,1.17,5.7,77.75,-2.37,24.56,7/25/18,WE4,206,
Q1,1,7/26/18 10:56,0.14,3.26,1.8,0,1.17,5.19,77.73,-2.38,24.55,7/25/18,WE4,206,
Q1,1,7/26/18 10:56,0.37,3.81,1.43,0,1.15,5.62,77.91,-2.37,24.55,7/25/18,WE4,206,
Q1,1,7/26/18 10:56,0,3.63,1.78,0,1.1,5.4,77.77,-2.36,24.55,7/25/18,WE4,206,
Q1,1,7/26/18 10:56,0,4.12,1.98,0,1.16,6.1,77.74,-2.36,24.55,7/25/18,WE4,206,
Q1,1,7/26/18 10:56,0,3.31,1.37,0.59,1.19,5.27,77.83,-2.35,24.55,7/25/18,WE4,206,
Q1,1,7/26/18 10:56,0,4.23,1.38,0.34,1.18,5.94,77.59,-2.4,24.54,7/25/18,WE4,206,
Q1,1,7/26/18 10:56,0,4.41,1.91,0.05,1.16,6.37,77.62,-2.4,24.55,7/25/18,WE4,206,
Q1,1,7/26/18 10:56,0,3.33,1.36,0.42,1.17,5.11,77.75,-2.37,24.55,7/25/18,WE4,206,
Q1,1,7/26/18 10:56,0.55,3.07,1.03,0.67,1.18,5.31,77.8,-2.37,24.56,7/25/18,WE4,206,
Q1,1,7/26/18 10:56,0,4.26,1.74,0,1.15,6.01,77.76,-2.38,24.55,7/25/18,WE4,206,
Q1,1,7/26/18 10:56,0.22,3.26,1.04,0.87,1.15,5.39,77.82,-2.36,24.56,7/25/18,WE4,206,
Q1,1,7/26/18 10:56,0,3.51,1.63,0.39,1.2,5.53,77.89,-2.37,24.56,7/25/18,WE4,206,
Q1,1,7/26/18 10:56,0,3.63,1.78,0,1.11,5.41,77.82,-2.38,24.56,7/25/18,WE4,206,
Q1,1,7/26/18 10:56,0,4.11,2.12,0,1.12,6.23,77.78,-2.4,24.54,7/25/18,WE4,206,
Q1,1,7/26/18 10:56,0,3.39,1.54,0.3,1.15,5.22,77.74,-2.38,24.54,7/25/18,WE4,206,
Q1,1,7/26/18 10:56,0,3.71,1.83,0.48,1.14,6.02,77.74,-2.37,24.54,7/25/18,WE4,206,
Q1,1,7/26/18 10:56,0,3.58,1.3,0.47,1.24,5.35,77.91,-2.38,24.55,7/25/18,WE4,206,
Q1,1,7/26/18 10:56,0,3.25,1.44,0.25,1.21,4.93,77.89,-2.38,24.55,7/25/18,WE4,206,
Q1,1,7/26/18 10:56,0,3.46,1.19,0.89,1.26,5.54,77.75,-2.37,24.55,7/25/18,WE4,206,
Q1,1,7/26/18 10:57,0.22,2.85,0.8,1.26,1.19,5.12,77.84,-2.37,24.55,7/25/18,WE4,206,
Q1,1,7/26/18 10:57,0,3.52,1.93,0,1.15,5.44,77.74,-2.4,24.54,7/25/18,WE4,206,
Q1,1,7/26/18 10:57,0.19,3.47,1.34,0.54,1.18,5.54,77.83,-2.38,24.55,7/25/18,WE4,206,
Q1,1,7/26/18 10:57,0,4.14,1.92,0.32,1.12,6.37,77.68,-2.37,24.54,7/25/18,WE4,206,
Q1,1,7/26/18 10:57,0,3.75,1.58,0.19,1.19,5.52,77.72,-2.35,24.55,7/25/18,WE4,206,
Q1,1,7/26/18 10:57,0,3.09,1.09,0.84,1.21,5.02,77.78,-2.36,24.55,7/25/18,WE4,206,
Q1,1,7/26/18 10:57,0,3.8,2.06,0,1.16,5.86,77.74,-2.36,24.54,7/25/18,WE4,206,
Q1,1,7/26/18 10:57,0,3.97,1.86,0,1.17,5.83,77.65,-2.38,24.55,7/25/18,WE4,206,
Q2,1,7/26/18 10:58,0.13,2.89,1.12,0.71,1.17,4.85,77.86,-2.39,24.57,7/25/18,WE4,206,
Q2,1,7/26/18 10:58,0,3.17,1.33,0.56,1.18,5.06,77.94,-2.36,24.56,7/25/18,WE4,206,
Q2,1,7/26/18 10:58,0,3.33,1.75,0,1.16,5.08,77.85,-2.38,24.57,7/25/18,WE4,206,
Q2,1,7/26/18 10:58,0.62,3.08,0.86,0.75,1.15,5.32,77.88,-2.38,24.57,7/25/18,WE4,206,
Q2,1,7/26/18 10:58,0.07,3.48,1.65,0,1.13,5.2,77.98,-2.37,24.57,7/25/18,WE4,206,
Q2,1,7/26/18 10:58,0,3.49,1.81,0,1.11,5.3,77.84,-2.41,24.56,7/25/18,WE4,206,
Q2,1,7/26/18 10:58,0.3,3.38,1.33,0.34,1.12,5.35,77.85,-2.38,24.56,7/25/18,WE4,206,
Q2,1,7/26/18 10:58,0,3.61,1.74,0.34,1.13,5.69,77.84,-2.39,24.56,7/25/18,WE4,206,
Q2,1,7/26/18 10:58,0.28,3.13,1.48,0.24,1.11,5.13,77.69,-2.38,24.56,7/25/18,WE4,206,
Q2,1,7/26/18 10:58,0.17,4.62,1.55,0,1.14,6.34,77.63,-2.35,24.56,7/25/18,WE4,206,
Q2,1,7/26/18 10:58,0.64,2.87,0.9,0.6,1.12,5.02,77.9,-2.39,24.56,7/25/18,WE4,206,
Q2,1,7/26/18 10:58,0,3.23,1.77,0,1.16,4.99,77.81,-2.38,24.56,7/25/18,WE4,206,
Q2,1,7/26/18 10:58,0.21,2.91,1.2,0.4,1.12,4.72,77.93,-2.38,24.56,7/25/18,WE4,206,
Q2,1,7/26/18 10:58,0,3.51,1.76,0.1,1.13,5.38,77.83,-2.39,24.56,7/25/18,WE4,206,
Q2,1,7/26/18 10:58,0.37,3.11,1.08,0.45,1.12,5,77.91,-2.39,24.57,7/25/18,WE4,206,
Q2,1,7/26/18 10:58,0.23,3.13,1.08,0.8,1.12,5.24,77.84,-2.37,24.57,7/25/18,WE4,206,
Q2,1,7/26/18 10:58,0.23,2.71,1.45,0.31,1.1,4.7,78.06,-2.37,24.56,7/25/18,WE4,206,
Q2,1,7/26/18 10:58,0.39,2.8,1.15,0.37,1.12,4.7,78.01,-2.36,24.56,7/25/18,WE4,206,
Q2,1,7/26/18 10:58,0.22,3.02,1.21,0.45,1.12,4.91,77.88,-2.39,24.56,7/25/18,WE4,206,
Q2,1,7/26/18 10:58,0,4.08,1.41,0.34,1.12,5.83,77.82,-2.37,24.56,7/25/18,WE4,206,
Q2,1,7/26/18 10:58,0.28,3.1,1.11,0.69,1.16,5.17,77.88,-2.37,24.56,7/25/18,WE4,206,
Q2,1,7/26/18 10:58,0.41,3.24,1.19,0.44,1.13,5.28,77.94,-2.38,24.57,7/25/18,WE4,206,
Q2,1,7/26/18 10:58,0,3.15,1.26,0.42,1.14,4.84,78.01,-2.38,24.56,7/25/18,WE4,206,
Q2,1,7/26/18 10:58,0.19,3.14,1.05,0.61,1.12,4.99,77.99,-2.34,24.57,7/25/18,WE4,206,
Q2,1,7/26/18 10:58,0,3.54,1.86,0.04,1.12,5.44,77.77,-2.37,24.56,7/25/18,WE4,206,
Q2,1,7/26/18 10:58,0,3.87,1.91,0,1.09,5.78,78,-2.39,24.56,7/25/18,WE4,206,
Q3,1,7/26/18 11:00,0.23,3.28,1,0.73,1.15,5.24,77.65,-2.38,24.59,7/25/18,WE4,206,
Q3,1,7/26/18 11:00,0.12,3.61,1.52,0.27,1.15,5.52,77.88,-2.38,24.58,7/25/18,WE4,206,
Q3,1,7/26/18 11:00,0,3.42,1.59,0,1.12,5.01,77.87,-2.39,24.58,7/25/18,WE4,206,
Q3,1,7/26/18 11:00,0,3.59,1.69,0,1.09,5.28,77.86,-2.38,24.57,7/25/18,WE4,206,
Q3,1,7/26/18 11:00,0.03,4.28,1.38,0.28,1.15,5.97,77.65,-2.38,24.57,7/25/18,WE4,206,
Q3,1,7/26/18 11:00,0,3.43,1.73,0,1.1,5.17,77.86,-2.37,24.57,7/25/18,WE4,206,
Q3,1,7/26/18 11:00,0.06,3.04,1.75,0.17,1.11,5.02,77.91,-2.36,24.58,7/25/18,WE4,206,
Q3,1,7/26/18 11:00,0,3.38,1.39,0.13,1.14,4.9,77.81,-2.38,24.57,7/25/18,WE4,206,
Q3,1,7/26/18 11:00,0,4.1,2.1,0.22,1.15,6.41,77.82,-2.38,24.57,7/25/18,WE4,206,
Q3,1,7/26/18 11:00,0,3.4,0.62,1.5,1.15,5.52,77.62,-2.41,24.58,7/25/18,WE4,206,
Q3,1,7/26/18 11:00,0,4.39,1.97,0.19,1.14,6.55,77.79,-2.36,24.57,7/25/18,WE4,206,
Q3,1,7/26/18 11:00,0,3.17,1.24,0.74,1.15,5.14,77.71,-2.39,24.58,7/25/18,WE4,206,
Q3,1,7/26/18 11:00,0.54,3.31,0.4,1.44,1.15,5.69,77.78,-2.38,24.58,7/25/18,WE4,206,
Q3,1,7/26/18 11:00,0.03,3.69,1.86,0,1.1,5.59,77.82,-2.38,24.57,7/25/18,WE4,206,
Q3,1,7/26/18 11:00,0.18,3.39,1.56,0,1.14,5.13,77.8,-2.4,24.58,7/25/18,WE4,206,
Q3,1,7/26/18 11:00,0,3.16,1.1,0.91,1.14,5.18,77.95,-2.4,24.58,7/25/18,WE4,206,
Q3,1,7/26/18 11:00,0.23,3.64,0.82,0.87,1.16,5.55,77.55,-2.41,24.58,7/25/18,WE4,206,
Q3,1,7/26/18 11:00,0,3.64,1.48,0.26,1.11,5.39,77.65,-2.41,24.59,7/25/18,WE4,206,
Q3,1,7/26/18 11:00,0,3.8,1.62,0.08,1.1,5.49,77.84,-2.41,24.57,7/25/18,WE4,206,
Q3,1,7/26/18 11:00,0.26,3.2,1.18,0.48,1.1,5.12,77.65,-2.39,24.58,7/25/18,WE4,206,
Q3,1,7/26/18 11:00,0,3.53,1.61,0,1.07,5.14,77.82,-2.42,24.57,7/25/18,WE4,206,
Q3,1,7/26/18 11:00,0,3.85,1.52,0,1.14,5.37,77.87,-2.38,24.58,7/25/18,WE4,206,
Q3,1,7/26/18 11:00,0,3.8,1.67,0,1.12,5.47,77.7,-2.4,24.57,7/25/18,WE4,206,
Q3,1,7/26/18 11:00,0.11,3.62,1.48,0.09,1.16,5.3,77.91,-2.38,24.58,7/25/18,WE4,206,
Q3,1,7/26/18 11:00,0.11,3.48,1.16,0.86,1.15,5.61,77.64,-2.39,24.56,7/25/18,WE4,206,
Q3,1,7/26/18 11:00,0,3.32,1.34,0.5,1.11,5.16,77.75,-2.37,24.58,7/25/18,WE4,206,
Q3,1,7/26/18 11:00,0.11,3.42,1.51,0,1.07,5.05,77.84,-2.37,24.59,7/25/18,WE4,206,
Q3,1,7/26/18 11:00,0,3.95,1.39,0.09,1.09,5.43,77.74,-2.39,24.58,7/25/18,WE4,206,
Q3,1,7/26/18 11:00,0,3.68,1.46,0.1,1.11,5.24,77.86,-2.39,24.57,7/25/18,WE4,206,
Q3,1,7/26/18 11:00,0,3.48,1.62,0.03,1.07,5.13,77.85,-2.38,24.58,7/25/18,WE4,206,
Q4,1,7/26/18 11:02,0.01,2.94,1.27,0.61,1.11,4.82,77.73,-2.4,24.64,7/25/18,WE4,206,
Q4,1,7/26/18 11:02,0.35,2.78,0.78,0.87,1.14,4.78,77.82,-2.39,24.62,7/25/18,WE4,206,
Q4,1,7/26/18 11:02,0.01,3.01,0.97,0.8,1.13,4.79,77.84,-2.38,24.64,7/25/18,WE4,206,
Q4,1,7/26/18 11:02,0,2.9,0.88,0.88,1.13,4.65,77.92,-2.36,24.64,7/25/18,WE4,206,
Q4,1,7/26/18 11:02,0.02,3.64,0.4,1.56,1.3,5.61,77.64,-2.39,24.63,7/25/18,WE4,206,
Q4,1,7/26/18 11:02,0,4.05,1.53,0,1.12,5.58,77.58,-2.39,24.63,7/25/18,WE4,206,
Q4,1,7/26/18 11:02,0,3.76,1.24,0.51,1.12,5.51,77.73,-2.39,24.63,7/25/18,WE4,206,
Q4,1,7/26/18 11:02,0,4.16,1.83,0,1.1,5.99,77.81,-2.39,24.62,7/25/18,WE4,206,
Q4,1,7/26/18 11:02,0,3.09,1.11,0.99,1.11,5.19,77.57,-2.37,24.62,7/25/18,WE4,206,
Q4,1,7/26/18 11:02,0,3.47,0.91,0.75,1.2,5.12,77.89,-2.39,24.62,7/25/18,WE4,206,
Q4,1,7/26/18 11:02,0,3.66,1.35,0.39,1.1,5.4,77.87,-2.36,24.63,7/25/18,WE4,206,
Q4,1,7/26/18 11:02,0,3.25,0.93,1.14,1.15,5.31,77.7,-2.36,24.62,7/25/18,WE4,206,
Q4,1,7/26/18 11:02,0,3.44,1.61,0.02,1.13,5.08,77.75,-2.38,24.62,7/25/18,WE4,206,
Q4,1,7/26/18 11:02,0,3.31,0.67,1.26,1.25,5.23,77.83,-2.39,24.62,7/25/18,WE4,206,
Q4,1,7/26/18 11:02,0,3.59,0.52,1.46,1.21,5.57,77.77,-2.36,24.62,7/25/18,WE4,206,
Q4,1,7/26/18 11:02,0.6,2.92,0.45,1.15,1.14,5.12,77.74,-2.38,24.62,7/25/18,WE4,206,
Q4,1,7/26/18 11:02,0,3.01,1.03,0.96,1.11,5,77.58,-2.36,24.62,7/25/18,WE4,206,
Q4,1,7/26/18 11:02,0,3.26,1.04,0.71,1.14,5.01,77.9,-2.39,24.61,7/25/18,WE4,206,
Q4,1,7/26/18 11:02,0,4.32,1.75,0,1.09,6.07,77.72,-2.38,24.62,7/25/18,WE4,206,
Q4,1,7/26/18 11:02,0,3.4,1.28,0.57,1.1,5.26,77.83,-2.36,24.62,7/25/18,WE4,206,
Q4,1,7/26/18 11:02,0,3.74,1.73,0,1.14,5.47,77.87,-2.4,24.62,7/25/18,WE4,206,
Q4,1,7/26/18 11:02,0,2.61,0.84,1.18,1.07,4.62,77.6,-2.38,24.62,7/25/18,WE4,206,
Q4,1,7/26/18 11:02,0,3.12,1.26,0.82,1.05,5.19,77.85,-2.36,24.62,7/25/18,WE4,206,
Q4,1,7/26/18 11:02,0.44,3.29,0.51,1.43,1.13,5.67,77.73,-2.37,24.63,7/25/18,WE4,206,
Q4,1,7/26/18 11:02,0,4.02,1.63,0.03,1.05,5.68,77.87,-2.39,24.63,7/25/18,WE4,206,
Q4,1,7/26/18 11:02,0,3.47,1.48,0.69,1.06,5.63,77.62,-2.39,24.62,7/25/18,WE4,206,
Q4,1,7/26/18 11:02,0.07,2.99,1.11,0.59,1.14,4.76,77.63,-2.37,24.62,7/25/18,WE4,206,
Q4,1,7/26/18 11:02,0,3.68,0.93,0.78,1.15,5.39,77.9,-2.37,24.62,7/25/18,WE4,206,
Q4,1,7/26/18 11:02,0,3.5,1.26,0.62,1.14,5.38,77.83,-2.36,24.62,7/25/18,WE4,206,
Q4,1,7/26/18 11:02,0,4.18,1.81,0,1.11,5.98,77.96,-2.35,24.62,7/25/18,WE4,206,
Q4,1,7/26/18 11:02,0,3.27,1.33,0.63,1.09,5.23,77.81,-2.38,24.64,7/25/18,WE4,206,
Q4,1,7/26/18 11:02,0,3.32,1.62,0,1.1,4.93,77.75,-2.39,24.63,7/25/18,WE4,206,
Q4,1,7/26/18 11:02,0,3.12,1.35,0.36,1.11,4.84,77.85,-2.38,24.63,7/25/18,WE4,206,
Q4,1,7/26/18 11:02,0,3.03,1.75,0,1.11,4.78,77.76,-2.38,24.63,7/25/18,WE4,206,
C1,FM,7/26/18 13:46,0,4.97,3.15,0,1.02,8.12,76.02,-2.34,26.72,7/25/18,WE4,206,
C1,FM,7/26/18 13:46,0.48,4.27,2.47,0.32,1.06,7.54,76.06,-2.33,26.74,7/25/18,WE4,206,
C1,FM,7/26/18 13:46,0.55,4.04,2.12,0.79,1.12,7.5,76.1,-2.35,26.74,7/25/18,WE4,206,
C1,FM,7/26/18 13:46,0.75,3.94,2.19,0.19,1.02,7.07,76,-2.34,26.74,7/25/18,WE4,206,
C1,FM,7/26/18 13:46,0.29,4.6,2.3,0.81,1.08,7.99,75.66,-2.36,26.76,7/25/18,WE4,206,
C1,FM,7/26/18 13:46,1.34,3.01,1.19,1.32,1.1,6.86,76.09,-2.34,26.76,7/25/18,WE4,206,
C1,FM,7/26/18 13:46,0.76,3.44,1.75,1.07,1.06,7.03,76.09,-2.32,26.76,7/25/18,WE4,206,
C1,FM,7/26/18 13:46,0.49,3.82,2.5,0,1.03,6.8,76.14,-2.33,26.76,7/25/18,WE4,206,
C1,FM,7/26/18 13:46,0.96,3.51,1.48,0.88,1.09,6.83,75.95,-2.33,26.76,7/25/18,WE4,206,
C1,FM,7/26/18 13:46,0.64,3.73,2.06,0.42,1.07,6.86,76.2,-2.36,26.77,7/25/18,WE4,206,
C1,FM,7/26/18 13:46,0.54,3.67,1.46,1.87,1.09,7.54,76.07,-2.35,26.77,7/25/18,WE4,206,
C1,FM,7/26/18 13:46,1.14,3.64,1.66,0.79,1.01,7.23,76.18,-2.35,26.78,7/25/18,WE4,206,
C1,FM,7/26/18 13:46,0.89,3.72,1.41,1.41,1.07,7.44,75.95,-2.34,26.77,7/25/18,WE4,206,
C1,FM,7/26/18 13:46,1.53,3.21,1.06,1.33,1.03,7.13,76.04,-2.34,26.77,7/25/18,WE4,206,
C1,FM,7/26/18 13:46,0.4,3.91,2.13,0.73,1.08,7.17,76.05,-2.34,26.77,7/25/18,WE4,206,
C1,FM,7/26/18 13:46,0.91,3.49,1.89,0.57,1.03,6.86,76.15,-2.34,26.78,7/25/18,WE4,206,
C1,FM,7/26/18 13:46,0.47,3.86,2.14,0.79,1.1,7.25,75.98,-2.32,26.77,7/25/18,WE4,206,
C1,FM,7/26/18 13:46,0.36,3.83,2.15,0.66,1.05,7.02,76.16,-2.33,26.78,7/25/18,WE4,206,
C1,FM,7/26/18 13:46,0.99,3.7,2,0.38,1.03,7.07,76.08,-2.36,26.78,7/25/18,WE4,206,
C1,FM,7/26/18 13:46,0.37,3.79,1.89,0.67,1.08,6.72,76.25,-2.33,26.78,7/25/18,WE4,206,
C1,FM,7/26/18 13:46,0.81,3.78,2.05,0.53,1.05,7.16,76.09,-2.34,26.77,7/25/18,WE4,206,
C1,FM,7/26/18 13:46,0.2,4.55,3.02,0,1.01,7.77,76.06,-2.33,26.77,7/25/18,WE4,206,
C1,FM,7/26/18 13:46,0.62,4.11,2.09,0.51,1.04,7.33,76.03,-2.34,26.78,7/25/18,WE4,206,
C1,FM,7/26/18 13:46,1.11,3.63,1.32,1.11,1.09,7.16,76.05,-2.37,26.78,7/25/18,WE4,206,
C1,FM,7/26/18 13:46,1.12,3.84,1.52,1.08,1.05,7.56,76,-2.36,26.79,7/25/18,WE4,206,
C1,FM,7/26/18 13:46,0.1,4.1,2.35,0.54,1.07,7.09,76.16,-2.36,26.79,7/25/18,WE4,206,
C2,FM,7/26/18 13:47,1.22,3.95,1.3,1.26,1.21,7.72,76.77,-2.37,26.68,7/25/18,WE4,206,
C2,FM,7/26/18 13:47,0,4.3,3.14,0.24,1.14,7.68,76.72,-2.39,26.7,7/25/18,WE4,206,
C2,FM,7/26/18 13:47,0.11,4.56,2.66,0.5,1.18,7.83,76.83,-2.37,26.69,7/25/18,WE4,206,
C2,FM,7/26/18 13:47,1.12,3.72,1.13,1.75,1.2,7.73,76.8,-2.35,26.68,7/25/18,WE4,206,
C2,FM,7/26/18 13:47,0.45,4.26,2.21,0.37,1.18,7.3,76.43,-2.35,26.67,7/25/18,WE4,206,
C2,FM,7/26/18 13:47,0.26,4.02,1.74,1.01,1.23,7.02,76.72,-2.38,26.68,7/25/18,WE4,206,
C2,FM,7/26/18 13:47,0,3.87,2.12,0.98,1.19,6.96,76.49,-2.37,26.67,7/25/18,WE4,206,
C2,FM,7/26/18 13:47,0.77,3.19,1.44,1.66,1.22,7.06,76.79,-2.36,26.67,7/25/18,WE4,206,
C2,FM,7/26/18 13:47,0.29,4.19,2.25,0.53,1.21,7.25,76.63,-2.38,26.66,7/25/18,WE4,206,
C2,FM,7/26/18 13:47,0.25,4.05,1.9,0.87,1.21,7.06,76.82,-2.35,26.66,7/25/18,WE4,206,
C2,FM,7/26/18 13:47,0.9,4.75,2.2,0,1.16,7.85,76.81,-2.37,26.66,7/25/18,WE4,206,
C2,FM,7/26/18 13:47,0,4.14,2.5,0.53,1.19,7.17,76.77,-2.37,26.65,7/25/18,WE4,206,
C2,FM,7/26/18 13:47,0.35,4.07,2.57,0.09,1.14,7.07,76.61,-2.37,26.66,7/25/18,WE4,206,
C2,FM,7/26/18 13:47,0.99,3.36,1.27,1.39,1.12,7.02,76.79,-2.36,26.65,7/25/18,WE4,206,
C2,FM,7/26/18 13:47,0.83,3.64,1.9,0.64,1.12,7.01,76.88,-2.4,26.65,7/25/18,WE4,206,
C2,FM,7/26/18 13:47,0.14,4.03,2.12,0.86,1.19,7.14,76.58,-2.37,26.64,7/25/18,WE4,206,
C2,FM,7/26/18 13:47,0.18,4.2,2.26,0.78,1.27,7.42,76.56,-2.39,26.63,7/25/18,WE4,206,
C2,FM,7/26/18 13:47,1.15,3.83,1.8,0.67,1.12,7.45,76.7,-2.35,26.64,7/25/18,WE4,206,
C2,FM,7/26/18 13:47,0.68,3.51,1.36,1.54,1.23,7.09,76.65,-2.37,26.62,7/25/18,WE4,206,
C2,FM,7/26/18 13:47,0.62,4.22,2.29,0,1.1,7.12,76.97,-2.35,26.64,7/25/18,WE4,206,
C2,FM,7/26/18 13:47,0,5.01,2.67,0,1.17,7.68,76.72,-2.37,26.64,7/25/18,WE4,206,
C2,FM,7/26/18 13:47,0.16,4.93,2.56,0.19,1.2,7.85,76.74,-2.37,26.63,7/25/18,WE4,206,
C2,FM,7/26/18 13:47,1.23,3.31,1.06,1.38,1.22,6.97,76.74,-2.36,26.63,7/25/18,WE4,206,
C2,FM,7/26/18 13:47,1.02,3.68,0.83,1.93,1.24,7.46,76.82,-2.31,26.63,7/25/18,WE4,206,
C2,FM,7/26/18 13:47,0.51,3.79,1.6,1.41,1.24,7.31,76.68,-2.32,26.63,7/25/18,WE4,206,
C3,FM,7/26/18 13:48,0.37,3.54,1.99,0.72,1.17,6.62,76.47,-2.38,26.68,7/25/18,WE4,206,
C3,FM,7/26/18 13:48,0.16,4.41,2.54,0.08,1.17,7.19,76.44,-2.37,26.7,7/25/18,WE4,206,
C3,FM,7/26/18 13:48,0.72,3.59,2.01,0.68,1.11,7.01,76.54,-2.37,26.69,7/25/18,WE4,206,
C3,FM,7/26/18 13:48,0.76,3.64,2.34,0.57,1.13,7.31,76.45,-2.37,26.7,7/25/18,WE4,206,
C3,FM,7/26/18 13:48,0.29,4.29,2.53,0,1.11,7.11,76.39,-2.36,26.7,7/25/18,WE4,206,
C3,FM,7/26/18 13:48,0.59,3.85,2.19,0.18,1.11,6.8,76.45,-2.33,26.71,7/25/18,WE4,206,
C3,FM,7/26/18 13:48,0.23,4.1,1.8,1.2,1.13,7.33,76.35,-2.32,26.72,7/25/18,WE4,206,
C3,FM,7/26/18 13:49,0.4,3.71,2.15,0.38,1.15,6.64,76.49,-2.32,26.72,7/25/18,WE4,206,
C3,FM,7/26/18 13:49,0.94,3.67,0.93,1.7,1.16,7.24,76.29,-2.33,26.72,7/25/18,WE4,206,
C3,FM,7/26/18 13:49,1.24,3.44,0.81,1.68,1.2,7.17,76.3,-2.33,26.71,7/25/18,WE4,206,
C3,FM,7/26/18 13:49,0,4.31,2.68,0.08,1.12,7.06,76.51,-2.34,26.71,7/25/18,WE4,206,
C3,FM,7/26/18 13:49,0.17,4.11,2.06,0.74,1.15,7.08,76.38,-2.35,26.72,7/25/18,WE4,206,
C3,FM,7/26/18 13:49,0.2,3.78,1.87,1.07,1.23,6.91,76.26,-2.35,26.72,7/25/18,WE4,206,
C3,FM,7/26/18 13:49,0.12,3.88,2.37,0.33,1.17,6.7,76.37,-2.35,26.72,7/25/18,WE4,206,
C3,FM,7/26/18 13:49,0.79,3.61,1.73,0.73,1.15,6.84,76.24,-2.34,26.73,7/25/18,WE4,206,
C3,FM,7/26/18 13:49,0,3.8,2.03,1.11,1.16,6.93,76.46,-2.35,26.72,7/25/18,WE4,206,
C3,FM,7/26/18 13:49,0.87,3.58,1.57,1.04,1.09,7.06,76.08,-2.37,26.73,7/25/18,WE4,206,
C3,FM,7/26/18 13:49,0.52,3.79,2.1,0.2,1.12,6.62,76.55,-2.37,26.73,7/25/18,WE4,206,
C3,FM,7/26/18 13:49,0.18,4.49,2.81,0,1.17,7.48,76.31,-2.37,26.73,7/25/18,WE4,206,
Q1,FM,7/26/18 13:50,0,3.66,1.46,0.2,1.23,5.32,76.28,-2.32,26.69,7/25/18,WE4,206,
Q1,FM,7/26/18 13:50,0,3.43,0.99,0.82,1.2,5.24,76.31,-2.33,26.69,7/25/18,WE4,206,
Q1,FM,7/26/18 13:50,0,4.09,0.52,1.28,1.29,5.89,76.49,-2.33,26.7,7/25/18,WE4,206,
Q1,FM,7/26/18 13:50,0,3.57,1.5,0.05,1.24,5.13,76.46,-2.31,26.7,7/25/18,WE4,206,
Q1,FM,7/26/18 13:50,0,3.52,1.24,0.75,1.22,5.52,76.33,-2.33,26.7,7/25/18,WE4,206,
Q1,FM,7/26/18 13:50,0,3.39,1.24,0.52,1.19,5.16,76.35,-2.37,26.7,7/25/18,WE4,206,
Q1,FM,7/26/18 13:50,0,4.33,1.62,0,1.13,5.94,76.32,-2.36,26.7,7/25/18,WE4,206,
Q1,FM,7/26/18 13:50,0,4.03,1.71,0,1.21,5.74,76.12,-2.37,26.7,7/25/18,WE4,206,
Q1,FM,7/26/18 13:50,0,3.36,0.62,1.43,1.21,5.41,76.36,-2.37,26.71,7/25/18,WE4,206,
Q1,FM,7/26/18 13:50,0,3.53,0.44,1.44,1.27,5.4,76.34,-2.35,26.71,7/25/18,WE4,206,
Q1,FM,7/26/18 13:50,0,4.17,1.25,0.46,1.24,5.88,76.29,-2.35,26.72,7/25/18,WE4,206,
Q1,FM,7/26/18 13:50,0,4.51,1.54,0,1.18,6.06,76.21,-2.37,26.71,7/25/18,WE4,206,
Q1,FM,7/26/18 13:50,0.33,3.45,0.92,0.6,1.24,5.31,76.11,-2.36,26.71,7/25/18,WE4,206,
Q1,FM,7/26/18 13:50,0,3.65,1.44,0.16,1.21,5.25,76.35,-2.37,26.71,7/25/18,WE4,206,
Q1,FM,7/26/18 13:50,0,3.88,0.62,1.41,1.27,5.91,76.14,-2.36,26.72,7/25/18,WE4,206,
Q1,FM,7/26/18 13:50,0,3.18,0.67,1.22,1.21,5.07,76.29,-2.37,26.71,7/25/18,WE4,206,
Q1,FM,7/26/18 13:50,0,3.9,1.07,0.71,1.18,5.68,76.4,-2.39,26.71,7/25/18,WE4,206,
Q1,FM,7/26/18 13:50,0,3.4,0.75,1.07,1.23,5.22,76.12,-2.37,26.72,7/25/18,WE4,206,
Q1,FM,7/26/18 13:50,0,2.91,1.32,0.67,1.22,4.9,76.44,-2.36,26.72,7/25/18,WE4,206,
Q1,FM,7/26/18 13:50,0,3.3,0.88,0.87,1.18,5.05,76.27,-2.37,26.72,7/25/18,WE4,206,
Q1,FM,7/26/18 13:50,0,4.1,0.88,1.01,1.19,5.99,76.38,-2.37,26.72,7/25/18,WE4,206,
Q1,FM,7/26/18 13:50,0,3.4,1.25,0.5,1.2,5.14,76.34,-2.37,26.72,7/25/18,WE4,206,
Q1,FM,7/26/18 13:50,0.09,3.84,0.59,1.34,1.27,5.87,76.18,-2.35,26.72,7/25/18,WE4,206,
Q1,FM,7/26/18 13:50,0,3.94,1.79,0.03,1.17,5.77,76.35,-2.38,26.73,7/25/18,WE4,206,
Q1,FM,7/26/18 13:50,0,3.61,0.65,1.18,1.21,5.44,76.14,-2.36,26.72,7/25/18,WE4,206,
Q1,FM,7/26/18 13:50,0,4.01,1.79,0,1.16,5.8,76.27,-2.36,26.72,7/25/18,WE4,206,
Q1,FM,7/26/18 13:50,0,3.36,0.29,1.72,1.24,5.37,76.26,-2.35,26.73,7/25/18,WE4,206,
Q1,FM,7/26/18 13:50,0.06,3.8,0,2.17,1.31,6.03,76.15,-2.37,26.73,7/25/18,WE4,206,
Q2,FM,7/26/18 13:52,0,3.23,0.92,1.3,1.19,5.45,77.19,-2.36,26.71,7/25/18,WE4,206,
Q2,FM,7/26/18 13:52,0.3,3.41,1.08,0.47,1.26,5.27,76.86,-2.36,26.71,7/25/18,WE4,206,
Q2,FM,7/26/18 13:52,0,3.63,1.19,0.55,1.26,5.37,77.13,-2.37,26.71,7/25/18,WE4,206,
Q2,FM,7/26/18 13:52,0,3.88,1.38,0.21,1.24,5.46,77.02,-2.36,26.72,7/25/18,WE4,206,
Q2,FM,7/26/18 13:52,0,4.01,1.86,0.17,1.18,6.04,77,-2.35,26.71,7/25/18,WE4,206,
Q2,FM,7/26/18 13:52,0,4.44,1.55,0.17,1.26,6.15,76.93,-2.36,26.71,7/25/18,WE4,206,
Q2,FM,7/26/18 13:52,0,4.68,1.63,0.54,1.34,6.85,77.03,-2.36,26.71,7/25/18,WE4,206,
Q2,FM,7/26/18 13:52,0,3.78,1.53,0.28,1.24,5.59,77,-2.35,26.72,7/25/18,WE4,206,
Q2,FM,7/26/18 13:52,0,4.18,1.3,0.34,1.23,5.81,76.91,-2.34,26.72,7/25/18,WE4,206,
Q2,FM,7/26/18 13:52,0,4.68,1.38,0,1.26,6.06,76.88,-2.36,26.72,7/25/18,WE4,206,
Q2,FM,7/26/18 13:52,0,3.7,1.11,0.8,1.29,5.62,76.87,-2.35,26.72,7/25/18,WE4,206,
Q2,FM,7/26/18 13:52,0.08,4.23,1.43,0,1.21,5.74,77.19,-2.38,26.72,7/25/18,WE4,206,
Q2,FM,7/26/18 13:52,0,3.6,1.04,0.65,1.23,5.29,76.92,-2.39,26.72,7/25/18,WE4,206,
Q2,FM,7/26/18 13:52,0,5.97,2.18,0,1.2,8.15,77.04,-2.35,26.72,7/25/18,WE4,206,
Q2,FM,7/26/18 13:52,0,4.04,1.06,1.23,1.23,6.32,77.01,-2.37,26.72,7/25/18,WE4,206,
Q2,FM,7/26/18 13:52,0,3.82,1.22,1.05,1.16,6.1,77.17,-2.34,26.72,7/25/18,WE4,206,
Q2,FM,7/26/18 13:52,0,3.99,0.99,0.87,1.24,5.85,76.95,-2.34,26.73,7/25/18,WE4,206,
Q2,FM,7/26/18 13:52,0,3.61,0.45,1.42,1.28,5.48,76.96,-2.33,26.73,7/25/18,WE4,206,
Q2,FM,7/26/18 13:52,0,3.37,1.2,0.41,1.22,4.98,77.02,-2.33,26.72,7/25/18,WE4,206,
Q2,FM,7/26/18 13:52,0.08,3.4,0.36,1.41,1.28,5.25,77.08,-2.33,26.72,7/25/18,WE4,206,
Q2,FM,7/26/18 13:52,0,4.22,1.01,0.36,1.25,5.58,76.9,-2.32,26.73,7/25/18,WE4,206,
Q2,FM,7/26/18 13:52,0,4.71,1.79,0,1.19,6.51,77.04,-2.34,26.72,7/25/18,WE4,206,
Q2,FM,7/26/18 13:52,0,3.78,1.41,0.47,1.2,5.66,77,-2.33,26.73,7/25/18,WE4,206,
Q2,FM,7/26/18 13:52,0,4,1.35,0.45,1.23,5.79,76.97,-2.34,26.72,7/25/18,WE4,206,
Q2,FM,7/26/18 13:52,0,3.83,1.09,0.57,1.28,5.5,77.08,-2.34,26.74,7/25/18,WE4,206,
Q2,FM,7/26/18 13:52,0,3.65,0.95,1.5,1.25,6.09,76.66,-2.34,26.74,7/25/18,WE4,206,
Q3,FM,7/26/18 13:53,0,3.57,1.15,0.36,1.22,5.08,75.68,-2.33,26.69,7/25/18,WE4,206,
Q3,FM,7/26/18 13:53,0,3.71,1.31,0.15,1.23,5.17,75.67,-2.34,26.7,7/25/18,WE4,206,
Q3,FM,7/26/18 13:53,0,3.53,1.1,0.91,1.22,5.55,75.77,-2.33,26.69,7/25/18,WE4,206,
Q3,FM,7/26/18 13:53,0,3.98,0.86,0.99,1.27,5.83,75.77,-2.34,26.69,7/25/18,WE4,206,
Q3,FM,7/26/18 13:53,0.22,3.49,0.93,0.62,1.21,5.27,75.86,-2.36,26.7,7/25/18,WE4,206,
Q3,FM,7/26/18 13:53,0,3.78,1.33,0.25,1.22,5.37,75.73,-2.37,26.7,7/25/18,WE4,206,
Q3,FM,7/26/18 13:53,0,4.75,1.53,0,1.22,6.29,75.81,-2.36,26.7,7/25/18,WE4,206,
Q3,FM,7/26/18 13:53,0,4.2,1.25,0.38,1.23,5.84,75.8,-2.39,26.7,7/25/18,WE4,206,
Q3,FM,7/26/18 13:53,0,4.21,1.04,0.5,1.24,5.75,75.88,-2.39,26.71,7/25/18,WE4,206,
Q3,FM,7/26/18 13:53,0.17,3.34,0.91,0.51,1.23,4.92,75.79,-2.37,26.7,7/25/18,WE4,206,
Q3,FM,7/26/18 13:53,0,3.72,0.92,0.76,1.24,5.4,75.87,-2.36,26.7,7/25/18,WE4,206,
Q3,FM,7/26/18 13:53,0,3.56,0.99,0.65,1.2,5.2,75.78,-2.39,26.71,7/25/18,WE4,206,
Q3,FM,7/26/18 13:53,0,3.77,1.21,0.42,1.22,5.4,75.79,-2.36,26.71,7/25/18,WE4,206,
Q3,FM,7/26/18 13:53,0,4.03,1.23,0.33,1.25,5.59,75.85,-2.37,26.72,7/25/18,WE4,206,
Q3,FM,7/26/18 13:53,0,3.67,0.64,1.15,1.25,5.46,75.84,-2.37,26.7,7/25/18,WE4,206,
Q3,FM,7/26/18 13:53,0,3.88,1.19,0.32,1.21,5.38,75.81,-2.37,26.72,7/25/18,WE4,206,
Q3,FM,7/26/18 13:53,0,4.05,1.41,0.08,1.2,5.54,75.86,-2.38,26.72,7/25/18,WE4,206,
Q3,FM,7/26/18 13:53,0.19,3.82,0.89,0.69,1.27,5.59,75.76,-2.38,26.72,7/25/18,WE4,206,
Q3,FM,7/26/18 13:53,0,4.49,1.42,0.08,1.2,5.99,75.87,-2.38,26.71,7/25/18,WE4,206,
Q3,FM,7/26/18 13:53,0,3.74,1.42,0.14,1.25,5.3,75.75,-2.37,26.71,7/25/18,WE4,206,
Q3,FM,7/26/18 13:53,0,3.73,1.55,0.05,1.15,5.34,75.97,-2.38,26.72,7/25/18,WE4,206,
Q3,FM,7/26/18 13:54,0,4.17,1.45,0,1.19,5.63,75.88,-2.38,26.72,7/25/18,WE4,206,
Q3,FM,7/26/18 13:54,0.08,3.65,0.91,0.61,1.27,5.24,75.9,-2.36,26.73,7/25/18,WE4,206,
Q3,FM,7/26/18 13:54,0.29,3.2,0.75,0.79,1.22,5.03,75.9,-2.35,26.72,7/25/18,WE4,206,
Q3,FM,7/26/18 13:54,0,3.38,1.21,0.31,1.23,4.91,76.05,-2.36,26.73,7/25/18,WE4,206,
Q3,FM,7/26/18 13:54,0,3.93,1.41,0.04,1.2,5.38,75.88,-2.38,26.72,7/25/18,WE4,206,
Q3,FM,7/26/18 13:54,0.17,3.14,0.65,1.05,1.25,5.01,75.94,-2.33,26.72,7/25/18,WE4,206,
Q3,FM,7/26/18 13:54,0,3.83,1.53,0.17,1.2,5.54,75.72,-2.39,26.74,7/25/18,WE4,206,
Q3,FM,7/26/18 13:54,0,5.04,1.5,0,1.23,6.54,75.93,-2.38,26.72,7/25/18,WE4,206,
Q3,FM,7/26/18 13:54,0,4.14,1.39,0.33,1.25,5.86,75.94,-2.36,26.73,7/25/18,WE4,206,
Q4,FM,7/26/18 13:55,0.05,3.42,1.01,0.49,1.26,4.97,76.82,-2.36,26.68,7/25/18,WE4,206,
Q4,FM,7/26/18 13:55,0,3.44,1.36,0.15,1.25,4.95,76.81,-2.35,26.68,7/25/18,WE4,206,
Q4,FM,7/26/18 13:55,0,3.92,1.33,0,1.24,5.24,76.95,-2.35,26.69,7/25/18,WE4,206,
Q4,FM,7/26/18 13:55,0,3.72,1.11,0.16,1.24,4.99,76.49,-2.35,26.69,7/25/18,WE4,206,
Q4,FM,7/26/18 13:55,0,3.37,1.3,0.11,1.25,4.77,76.8,-2.36,26.69,7/25/18,WE4,206,
Q4,FM,7/26/18 13:55,0.13,3.96,1.46,0,1.22,5.55,76.9,-2.36,26.69,7/25/18,WE4,206,
Q4,FM,7/26/18 13:55,0,3.83,1,0.27,1.22,5.1,76.77,-2.38,26.7,7/25/18,WE4,206,
Q4,FM,7/26/18 13:55,0,3.67,1.3,0.21,1.24,5.18,76.7,-2.31,26.71,7/25/18,WE4,206,
Q4,FM,7/26/18 13:55,0,3.27,0.81,0.59,1.28,4.67,76.72,-2.33,26.71,7/25/18,WE4,206,
Q4,FM,7/26/18 13:55,0,3.59,0.85,0.78,1.27,5.23,76.72,-2.34,26.72,7/25/18,WE4,206,
Q4,FM,7/26/18 13:55,0,4.13,1.05,0.59,1.23,5.77,76.72,-2.33,26.71,7/25/18,WE4,206,
Q4,FM,7/26/18 13:55,0,3.43,1.07,0.67,1.24,5.17,76.57,-2.32,26.71,7/25/18,WE4,206,
Q4,FM,7/26/18 13:55,0.07,3.19,1.01,0.37,1.24,4.64,76.73,-2.32,26.72,7/25/18,WE4,206,
Q4,FM,7/26/18 13:55,0,2.82,0.55,1.1,1.24,4.47,76.71,-2.35,26.72,7/25/18,WE4,206,
Q4,FM,7/26/18 13:55,0,3.6,1.27,0.33,1.24,5.2,76.54,-2.37,26.71,7/25/18,WE4,206,
Q4,FM,7/26/18 13:55,0,4.36,1.33,0,1.23,5.69,76.77,-2.36,26.71,7/25/18,WE4,206,
Q4,FM,7/26/18 13:55,0.08,3.6,1,0.83,1.33,5.51,76.79,-2.34,26.71,7/25/18,WE4,206,
Q4,FM,7/26/18 13:55,0,3.79,1.29,0,1.25,5.08,76.78,-2.35,26.71,7/25/18,WE4,206,
Q4,FM,7/26/18 13:55,0.01,3.21,1.03,0.14,1.23,4.4,76.84,-2.37,26.71,7/25/18,WE4,206,
Q4,FM,7/26/18 13:55,0.02,3.38,0.96,0.32,1.25,4.67,76.64,-2.35,26.72,7/25/18,WE4,206,
Q4,FM,7/26/18 13:55,0,4.05,1.58,0,1.19,5.63,76.73,-2.35,26.72,7/25/18,WE4,206,
C1,0,8/16/18 8:51,2.87,2.82,2.09,0.05,0.82,7.84,84.08,0,22.56,8/15/18,WE4,228,
C1,0,8/16/18 8:51,2.95,2.32,1.25,1.01,0.81,7.54,84.19,0,22.56,8/15/18,WE4,228,
C1,0,8/16/18 8:51,3.47,2.64,0.93,1.01,0.83,8.06,84.16,0.03,22.56,8/15/18,WE4,228,
C1,0,8/16/18 8:51,3.56,2.24,1.06,0.84,0.77,7.71,84.17,0.01,22.56,8/15/18,WE4,228,
C1,0,8/16/18 8:51,3.34,2.32,1.02,1.06,0.75,7.75,84.1,-0.02,22.55,8/15/18,WE4,228,
C1,0,8/16/18 8:51,3.04,2.03,1.57,0.5,0.76,7.14,84.24,0.02,22.55,8/15/18,WE4,228,
C1,0,8/16/18 8:51,3.23,2.45,1.53,0.37,0.77,7.58,84.19,0.03,22.56,8/15/18,WE4,228,
C1,0,8/16/18 8:51,3.74,2.17,0.49,1.61,0.81,8.01,84.31,0.05,22.54,8/15/18,WE4,228,
C1,0,8/16/18 8:51,2.92,2.73,1.79,0.16,0.78,7.6,84.2,0.01,22.56,8/15/18,WE4,228,
C1,0,8/16/18 8:51,3.14,2.21,1.16,1.02,0.78,7.54,84.17,0.01,22.55,8/15/18,WE4,228,
C1,0,8/16/18 8:51,2.28,3.26,2.27,0.16,0.84,7.96,84.24,0.01,22.55,8/15/18,WE4,228,
C1,0,8/16/18 8:51,2.98,2.38,1.2,1.19,0.81,7.76,84.07,0.01,22.55,8/15/18,WE4,228,
C1,0,8/16/18 8:51,2.85,2.74,1.73,0.43,0.8,7.75,84.26,0.02,22.55,8/15/18,WE4,228,
C1,0,8/16/18 8:51,3.04,2.52,1.66,0.42,0.76,7.64,84.3,0.01,22.55,8/15/18,WE4,228,
C1,0,8/16/18 8:52,3.44,2.39,0.9,1.19,0.8,7.92,84.24,0.02,22.55,8/15/18,WE4,228,
C1,0,8/16/18 8:52,3.35,2.68,1.09,1.09,0.76,8.21,83.91,0.04,22.54,8/15/18,WE4,228,
C1,0,8/16/18 8:52,2.77,2.57,1.52,0.84,0.79,7.7,84.25,0,22.55,8/15/18,WE4,228,
C1,0,8/16/18 8:52,3.27,2.31,1.46,0.45,0.78,7.49,84.21,0,22.54,8/15/18,WE4,228,
C1,0,8/16/18 8:52,2.93,2.62,2,0.01,0.75,7.56,84.03,0.02,22.54,8/15/18,WE4,228,
C1,0,8/16/18 8:52,2.82,2.2,1.78,0.59,0.76,7.39,84.15,0,22.55,8/15/18,WE4,228,
C1,0,8/16/18 8:52,3.16,1.94,1.07,1.01,0.77,7.18,84.04,0.01,22.54,8/15/18,WE4,228,
C1,0,8/16/18 8:52,2.57,2.62,2.1,0.02,0.76,7.3,84.28,0.01,22.54,8/15/18,WE4,228,
C1,0,8/16/18 8:52,2.35,2.68,1.89,0.53,0.82,7.44,84.22,0.02,22.55,8/15/18,WE4,228,
C1,0,8/16/18 8:52,3.16,2.41,1.29,0.74,0.76,7.6,84.03,0.01,22.54,8/15/18,WE4,228,
C1,0,8/16/18 8:52,2.89,2.44,1.65,0.41,0.78,7.39,84.07,0.01,22.55,8/15/18,WE4,228,
C1,0,8/16/18 8:52,2.9,2.41,1.55,0.73,0.77,7.59,84.11,0.01,22.54,8/15/18,WE4,228,
C1,0,8/16/18 8:52,3.19,2.23,1.31,0.76,0.78,7.49,83.91,0,22.54,8/15/18,WE4,228,
C1,0,8/16/18 8:52,2.67,2.5,1.58,0.68,0.83,7.43,84.24,0.01,22.54,8/15/18,WE4,228,
C1,0,8/16/18 8:52,2.74,2.38,1.55,0.75,0.76,7.42,84.11,0,22.53,8/15/18,WE4,228,
C1,0,8/16/18 8:52,3.17,2.04,1.36,0.77,0.74,7.34,83.84,0,22.54,8/15/18,WE4,228,
C1,0,8/16/18 8:52,2.67,3.08,2.11,0.06,0.77,7.92,84.24,0.01,22.53,8/15/18,WE4,228,
C1,0,8/16/18 8:52,3,2.05,1.24,0.83,0.75,7.12,84.22,-0.01,22.52,8/15/18,WE4,228,
C1,0,8/16/18 8:52,3.38,2.04,0.69,1.56,0.76,7.66,84.21,-0.01,22.52,8/15/18,WE4,228,
C1,0,8/16/18 8:52,3.44,2.2,1.01,1.03,0.81,7.68,84.09,0,22.52,8/15/18,WE4,228,
C1,0,8/16/18 8:52,2.82,2.4,1.43,0.71,0.81,7.35,84.17,-0.01,22.54,8/15/18,WE4,228,
C1,0,8/16/18 8:52,2.75,2.57,1.27,1.08,0.85,7.67,83.97,0,22.54,8/15/18,WE4,228,
C1,0,8/16/18 8:52,2.76,2.58,1.66,0.74,0.79,7.75,84.2,0.01,22.53,8/15/18,WE4,228,
C2,0,8/16/18 8:53,2.69,2.73,1.74,0.7,0.86,7.85,83.78,0,22.55,8/15/18,WE4,228,
C2,0,8/16/18 8:53,2.17,3.84,2.21,0.44,0.83,8.66,83.83,-0.01,22.55,8/15/18,WE4,228,
C2,0,8/16/18 8:53,2.7,3.21,1.96,0.54,0.84,8.41,83.78,0.02,22.54,8/15/18,WE4,228,
C2,0,8/16/18 8:53,3.1,2.44,1.52,0.49,0.78,7.54,83.97,-0.01,22.54,8/15/18,WE4,228,
C2,0,8/16/18 8:53,2.05,3.04,2.24,0.49,0.84,7.82,83.89,0.01,22.54,8/15/18,WE4,228,
C2,0,8/16/18 8:53,3.31,2.86,1.47,0.52,0.77,8.16,83.86,-0.04,22.56,8/15/18,WE4,228,
C2,0,8/16/18 8:53,2.35,3.81,2.35,0.11,0.81,8.62,83.99,-0.04,22.56,8/15/18,WE4,228,
C2,0,8/16/18 8:53,2.97,2.87,1.72,0.38,0.81,7.95,83.82,-0.03,22.56,8/15/18,WE4,228,
C2,0,8/16/18 8:53,3.04,3.31,1.63,0.55,0.81,8.53,83.82,-0.06,22.56,8/15/18,WE4,228,
C2,0,8/16/18 8:53,3.15,2.62,1.34,0.6,0.8,7.7,83.93,-0.01,22.55,8/15/18,WE4,228,
C2,0,8/16/18 8:53,2.94,2.42,1.55,0.73,0.79,7.64,83.77,0,22.54,8/15/18,WE4,228,
C2,0,8/16/18 8:53,3.43,2.42,1.23,0.84,0.8,7.91,83.55,0.03,22.54,8/15/18,WE4,228,
C2,0,8/16/18 8:53,2.93,2.8,1.47,0.83,0.79,8.02,83.86,0.01,22.53,8/15/18,WE4,228,
C2,0,8/16/18 8:53,2.3,2.9,2,0.59,0.81,7.79,84.04,-0.01,22.54,8/15/18,WE4,228,
C2,0,8/16/18 8:53,2.88,2.78,1.43,0.73,0.83,7.82,83.95,0.02,22.53,8/15/18,WE4,228,
C2,0,8/16/18 8:53,3.62,2.54,0.43,1.76,0.8,8.35,84.01,-0.01,22.53,8/15/18,WE4,228,
C2,0,8/16/18 8:53,2.95,3.24,1.31,0.98,0.79,8.49,83.77,0.01,22.53,8/15/18,WE4,228,
C2,0,8/16/18 8:53,1.66,3.98,2.32,0.82,0.87,8.78,83.6,0.02,22.53,8/15/18,WE4,228,
C2,0,8/16/18 8:53,2.88,2.58,1.07,1.22,0.84,7.75,83.9,-0.01,22.53,8/15/18,WE4,228,
C2,0,8/16/18 8:53,2.28,2.86,2,0.37,0.84,7.5,84,0,22.52,8/15/18,WE4,228,
C2,0,8/16/18 8:53,2.68,2.8,1.72,0.67,0.8,7.87,83.98,-0.01,22.52,8/15/18,WE4,228,
C2,0,8/16/18 8:53,2.28,3.08,2.34,0.11,0.79,7.82,83.88,0.02,22.52,8/15/18,WE4,228,
C2,0,8/16/18 8:53,3.06,2.87,1.34,1.1,0.83,8.36,83.91,0.02,22.53,8/15/18,WE4,228,
C2,0,8/16/18 8:53,2.62,3.66,2.2,0,0.78,8.49,83.84,0.01,22.52,8/15/18,WE4,228,
C2,0,8/16/18 8:53,2.63,3.27,2.4,0,0.78,8.3,83.76,0,22.53,8/15/18,WE4,228,
C2,0,8/16/18 8:53,2.27,2.94,2.28,0.45,0.78,7.94,83.79,-0.01,22.53,8/15/18,WE4,228,
C2,0,8/16/18 8:53,2.15,3.37,2.37,0.21,0.82,8.1,83.66,0.01,22.52,8/15/18,WE4,228,
C2,0,8/16/18 8:54,2.51,3.31,1.83,0.83,0.79,8.49,83.81,-0.02,22.53,8/15/18,WE4,228,
C2,0,8/16/18 8:54,2.64,4.68,2.27,0,0.76,9.58,83.86,0.03,22.52,8/15/18,WE4,228,
C2,0,8/16/18 8:54,3.24,3.31,1.23,0.76,0.82,8.54,83.81,0.01,22.53,8/15/18,WE4,228,
C2,0,8/16/18 8:54,3.25,2.45,1.53,0.51,0.73,7.74,83.92,0,22.52,8/15/18,WE4,228,
C2,0,8/16/18 8:54,2.51,2.37,1.67,0.84,0.83,7.39,83.82,-0.03,22.53,8/15/18,WE4,228,
C2,0,8/16/18 8:54,2.37,3.12,2.42,0.04,0.75,7.95,83.89,0,22.53,8/15/18,WE4,228,
C2,0,8/16/18 8:54,2.26,3.66,1.44,1.78,0.85,9.14,83.83,-0.01,22.51,8/15/18,WE4,228,
C2,0,8/16/18 8:54,3.95,2.93,0,1.96,0.8,8.84,83.72,0.04,22.51,8/15/18,WE4,228,
C2,0,8/16/18 8:54,3.15,2.14,0.1,2.68,0.88,8.08,83.82,0.01,22.52,8/15/18,WE4,228,
C3,0,8/16/18 8:55,2.13,3.17,2.08,0.56,0.86,7.95,83.69,0,22.54,8/15/18,WE4,228,
C3,0,8/16/18 8:55,2.75,2.98,1.83,0.29,0.77,7.85,83.8,0.02,22.54,8/15/18,WE4,228,
C3,0,8/16/18 8:55,3.35,2.63,1.19,0.96,0.8,8.13,84.01,0.01,22.54,8/15/18,WE4,228,
C3,0,8/16/18 8:55,2.43,3.37,2.19,0,0.79,7.99,83.71,0.03,22.53,8/15/18,WE4,228,
C3,0,8/16/18 8:55,2.22,2.96,1.75,0.98,0.86,7.92,83.46,0.01,22.54,8/15/18,WE4,228,
C3,0,8/16/18 8:55,2.61,2.8,1.65,0.78,0.8,7.84,83.76,0.02,22.53,8/15/18,WE4,228,
C3,0,8/16/18 8:55,2.45,3.59,2.46,0,0.79,8.49,83.79,0.02,22.53,8/15/18,WE4,228,
C3,0,8/16/18 8:55,3.32,2.92,1.08,0.91,0.8,8.23,83.89,0.02,22.53,8/15/18,WE4,228,
C3,0,8/16/18 8:55,1.8,3.96,2.34,0.53,0.86,8.62,83.74,-0.01,22.53,8/15/18,WE4,228,
C3,0,8/16/18 8:55,2.77,3.2,1.49,0.75,0.83,8.2,83.63,-0.01,22.54,8/15/18,WE4,228,
C3,0,8/16/18 8:55,2.67,3.04,1.96,0.13,0.8,7.8,83.77,0.03,22.53,8/15/18,WE4,228,
C3,0,8/16/18 8:55,2.67,3.04,1.93,0.18,0.81,7.82,83.9,0.02,22.53,8/15/18,WE4,228,
C3,0,8/16/18 8:55,2.67,3.64,2.03,0.13,0.84,8.47,83.84,0.01,22.52,8/15/18,WE4,228,
C3,0,8/16/18 8:55,2.67,3.19,2.02,0.13,0.83,8.02,83.81,-0.01,22.52,8/15/18,WE4,228,
C3,0,8/16/18 8:55,2.5,3.34,2.06,0.26,0.8,8.17,83.63,0.03,22.53,8/15/18,WE4,228,
C3,0,8/16/18 8:55,2.92,2.89,1.88,0.28,0.79,7.98,83.9,0.03,22.52,8/15/18,WE4,228,
C3,0,8/16/18 8:55,3.07,2.47,0.91,1.41,0.8,7.87,83.9,-0.01,22.54,8/15/18,WE4,228,
C3,0,8/16/18 8:55,2.48,3.62,2.02,0.42,0.81,8.53,83.69,-0.02,22.54,8/15/18,WE4,228,
C3,0,8/16/18 8:55,2.29,3.36,2.03,0.45,0.87,8.14,83.7,-0.06,22.55,8/15/18,WE4,228,
C3,0,8/16/18 8:55,2.79,3.11,2.15,0,0.76,8.05,83.81,-0.04,22.56,8/15/18,WE4,228,
C3,0,8/16/18 8:55,2.87,2.46,1.48,0.65,0.81,7.47,83.83,-0.04,22.55,8/15/18,WE4,228,
C3,0,8/16/18 8:55,2.07,4.05,2.41,0.01,0.86,8.54,83.86,-0.05,22.55,8/15/18,WE4,228,
C3,0,8/16/18 8:55,3.16,2.37,1.24,0.87,0.77,7.64,83.76,0.01,22.52,8/15/18,WE4,228,
C3,0,8/16/18 8:55,2.99,2.54,1.44,0.54,0.8,7.51,83.87,0.01,22.53,8/15/18,WE4,228,
C3,0,8/16/18 8:55,3.16,2.75,1.42,0.63,0.79,7.96,83.76,0,22.52,8/15/18,WE4,228,
C3,0,8/16/18 8:55,2.9,2.84,1.63,0.57,0.79,7.94,83.75,0.01,22.52,8/15/18,WE4,228,
C3,0,8/16/18 8:55,2.55,3,1.65,0.78,0.81,7.97,83.76,0,22.52,8/15/18,WE4,228,
C3,0,8/16/18 8:55,2.66,2.95,1.55,0.54,0.84,7.7,83.91,0.02,22.53,8/15/18,WE4,228,
C3,0,8/16/18 8:55,2.75,2.75,1.69,0.37,0.81,7.56,83.88,0.02,22.53,8/15/18,WE4,228,
C3,0,8/16/18 8:55,2.65,3.46,1.65,0.59,0.85,8.36,83.73,0.01,22.53,8/15/18,WE4,228,
C3,0,8/16/18 8:55,2.48,3.37,1.46,1.2,0.9,8.51,83.95,0.03,22.53,8/15/18,WE4,228,
Q1,0,8/16/18 8:56,2.92,2.37,1.28,0.79,0.84,7.37,83.64,0,22.55,8/15/18,WE4,228,
Q1,0,8/16/18 8:57,2.9,2.35,1.48,0.69,0.81,7.41,83.59,-0.01,22.55,8/15/18,WE4,228,
Q1,0,8/16/18 8:57,2.88,2.59,1.5,0.5,0.79,7.48,83.53,-0.01,22.55,8/15/18,WE4,228,
Q1,0,8/16/18 8:57,2.81,2.59,1.35,0.64,0.83,7.4,83.53,-0.01,22.55,8/15/18,WE4,228,
Q1,0,8/16/18 8:57,3.08,2.57,1.33,0.44,0.82,7.43,83.6,0.02,22.55,8/15/18,WE4,228,
Q1,0,8/16/18 8:57,2.7,2.76,1.84,0.17,0.8,7.47,83.56,-0.02,22.55,8/15/18,WE4,228,
Q1,0,8/16/18 8:57,2.43,3.13,2.08,0,0.82,7.63,83.58,0,22.55,8/15/18,WE4,228,
Q1,0,8/16/18 8:57,2.23,3.29,2.17,0.18,0.85,7.87,83.51,-0.01,22.54,8/15/18,WE4,228,
Q1,0,8/16/18 8:57,2.98,2.44,1.33,0.73,0.82,7.48,83.52,-0.04,22.55,8/15/18,WE4,228,
Q1,0,8/16/18 8:57,2.19,2.99,2.22,0,0.83,7.41,83.61,0,22.55,8/15/18,WE4,228,
Q1,0,8/16/18 8:57,3.01,2.38,1.22,0.65,0.85,7.26,83.55,-0.03,22.54,8/15/18,WE4,228,
Q1,0,8/16/18 8:57,2.94,2.24,0.88,1.24,0.86,7.3,83.51,0,22.55,8/15/18,WE4,228,
Q1,0,8/16/18 8:57,2.77,2.55,1.63,0.43,0.83,7.38,83.67,0.01,22.54,8/15/18,WE4,228,
Q1,0,8/16/18 8:57,2.81,2.84,1.65,0.2,0.82,7.5,83.64,-0.01,22.53,8/15/18,WE4,228,
Q1,0,8/16/18 8:57,2.95,3.1,1.7,0,0.81,7.74,83.8,-0.01,22.55,8/15/18,WE4,228,
Q1,0,8/16/18 8:57,2.84,2.83,1.7,0.16,0.81,7.53,83.66,0.01,22.55,8/15/18,WE4,228,
Q1,0,8/16/18 8:57,2.88,3.07,1.69,0.18,0.82,7.82,83.43,0.02,22.54,8/15/18,WE4,228,
Q1,0,8/16/18 8:57,2.9,2.44,1.63,0.42,0.79,7.39,83.65,0.01,22.55,8/15/18,WE4,228,
Q1,0,8/16/18 8:57,3.07,2.44,1.32,0.58,0.82,7.41,83.57,0,22.54,8/15/18,WE4,228,
Q1,0,8/16/18 8:57,2.75,2.96,1.91,0,0.82,7.62,83.59,-0.02,22.55,8/15/18,WE4,228,
Q1,0,8/16/18 8:57,2.56,2.6,1.92,0.19,0.82,7.27,83.54,-0.01,22.54,8/15/18,WE4,228,
Q1,0,8/16/18 8:57,2.85,2.43,1.46,0.63,0.82,7.37,83.69,0,22.55,8/15/18,WE4,228,
Q1,0,8/16/18 8:57,2.65,2.86,1.89,0,0.8,7.4,83.62,-0.03,22.55,8/15/18,WE4,228,
Q1,0,8/16/18 8:57,2.84,2.78,1.35,0.74,0.84,7.72,83.59,-0.01,22.54,8/15/18,WE4,228,
Q1,0,8/16/18 8:57,3.24,2.39,1.4,0.35,0.79,7.38,83.66,0,22.55,8/15/18,WE4,228,
Q1,0,8/16/18 8:57,2.61,2.64,1.86,0.07,0.82,7.18,83.66,0,22.55,8/15/18,WE4,228,
Q1,0,8/16/18 8:57,2.31,2.89,1.85,0.39,0.85,7.43,83.54,0.02,22.54,8/15/18,WE4,228,
Q1,0,8/16/18 8:57,2.7,2.77,1.18,0.9,0.88,7.55,83.49,-0.02,22.53,8/15/18,WE4,228,
Q1,0,8/16/18 8:57,2.49,2.63,1.95,0.18,0.82,7.24,83.52,0.01,22.54,8/15/18,WE4,228,
Q1,0,8/16/18 8:57,2.74,2.78,1.85,0.04,0.79,7.42,83.6,-0.02,22.56,8/15/18,WE4,228,
Q1,0,8/16/18 8:57,2.66,2.53,1.43,0.81,0.85,7.44,83.51,-0.04,22.56,8/15/18,WE4,228,
Q1,0,8/16/18 8:57,2.84,2.75,1.68,0.15,0.83,7.42,83.53,-0.05,22.56,8/15/18,WE4,228,
Q1,0,8/16/18 8:57,3.21,2.54,1.48,0.22,0.81,7.45,83.6,-0.07,22.56,8/15/18,WE4,228,
Q1,0,8/16/18 8:57,3.08,2.41,1.47,0.37,0.83,7.34,83.56,-0.07,22.56,8/15/18,WE4,228,
Q1,0,8/16/18 8:57,3.01,2.57,1.5,0.48,0.8,7.57,83.67,-0.01,22.54,8/15/18,WE4,228,
Q1,0,8/16/18 8:57,2.73,2.57,1.55,0.34,0.84,7.19,83.59,-0.01,22.55,8/15/18,WE4,228,
Q1,0,8/16/18 8:57,2.97,2.22,1.4,0.51,0.8,7.11,83.73,-0.01,22.55,8/15/18,WE4,228,
Q1,0,8/16/18 8:57,3.11,2.23,0.99,0.82,0.83,7.14,83.53,-0.01,22.55,8/15/18,WE4,228,
Q1,0,8/16/18 8:57,3.13,2.32,1.07,0.86,0.83,7.38,83.63,-0.01,22.55,8/15/18,WE4,228,
Q1,0,8/16/18 8:57,3.02,2.51,1.37,0.49,0.8,7.39,83.73,-0.01,22.54,8/15/18,WE4,228,
Q1,0,8/16/18 8:57,2.96,2.82,1.67,0.15,0.81,7.6,83.55,0,22.54,8/15/18,WE4,228,
Q1,0,8/16/18 8:57,2.69,2.92,1.6,0.36,0.85,7.57,83.6,-0.01,22.54,8/15/18,WE4,228,
Q1,0,8/16/18 8:57,2.81,2.46,1.51,0.58,0.81,7.37,83.59,0,22.53,8/15/18,WE4,228,
Q1,0,8/16/18 8:57,2.84,2.92,1.67,0.27,0.83,7.69,83.66,-0.02,22.54,8/15/18,WE4,228,
Q1,0,8/16/18 8:57,3.21,2.4,0.99,0.9,0.82,7.51,83.54,-0.02,22.54,8/15/18,WE4,228,
Q1,0,8/16/18 8:57,2.77,2.51,1.66,0.28,0.82,7.23,83.72,-0.01,22.55,8/15/18,WE4,228,
Q1,0,8/16/18 8:57,2.69,2.99,1.85,0,0.81,7.54,83.57,-0.01,22.53,8/15/18,WE4,228,
Q1,0,8/16/18 8:57,2.97,2.37,1.3,0.63,0.82,7.27,83.6,-0.02,22.54,8/15/18,WE4,228,
Q1,0,8/16/18 8:58,2.6,3.35,2.02,0,0.81,7.97,83.5,-0.02,22.54,8/15/18,WE4,228,
Q1,0,8/16/18 8:58,3.07,2.69,1.46,0.33,0.79,7.55,83.54,-0.01,22.55,8/15/18,WE4,228,
Q1,0,8/16/18 8:58,2.38,2.84,1.74,0.43,0.85,7.4,83.52,0,22.54,8/15/18,WE4,228,
Q1,0,8/16/18 8:58,3.07,2.15,1.46,0.48,0.77,7.16,83.57,-0.01,22.55,8/15/18,WE4,228,
Q2,0,8/16/18 8:59,3.21,2.85,1.9,0.02,0.73,7.98,83.48,0,22.56,8/15/18,WE4,228,
Q2,0,8/16/18 8:59,3.09,2.43,1.3,0.84,0.81,7.66,83.5,0.01,22.57,8/15/18,WE4,228,
Q2,0,8/16/18 8:59,3.18,2.59,1.47,0.61,0.77,7.85,83.86,0,22.56,8/15/18,WE4,228,
Q2,0,8/16/18 8:59,2.96,2.77,1.54,0.56,0.8,7.82,83.6,0.02,22.56,8/15/18,WE4,228,
Q2,0,8/16/18 8:59,3.56,2.3,1.19,0.65,0.77,7.69,83.63,0,22.57,8/15/18,WE4,228,
Q2,0,8/16/18 8:59,2.67,2.72,2.05,0.23,0.77,7.68,83.56,0,22.56,8/15/18,WE4,228,
Q2,0,8/16/18 8:59,2.83,2.66,1.52,0.62,0.84,7.63,83.66,0.01,22.56,8/15/18,WE4,228,
Q2,0,8/16/18 8:59,3.27,2.34,1.27,0.69,0.78,7.56,83.77,0.02,22.56,8/15/18,WE4,228,
Q2,0,8/16/18 8:59,3.18,2.64,1.37,0.63,0.8,7.82,83.59,0.01,22.56,8/15/18,WE4,228,
Q2,0,8/16/18 8:59,2.94,2.59,1.86,0,0.78,7.39,83.68,0,22.56,8/15/18,WE4,228,
Q2,0,8/16/18 8:59,2.92,2.65,1.79,0.17,0.8,7.53,83.57,0.01,22.56,8/15/18,WE4,228,
Q2,0,8/16/18 8:59,3.35,2.26,1.41,0.48,0.77,7.51,83.72,-0.01,22.56,8/15/18,WE4,228,
Q2,0,8/16/18 8:59,3.03,2.64,1.77,0.16,0.76,7.6,83.67,0.02,22.56,8/15/18,WE4,228,
Q2,0,8/16/18 8:59,3.03,2.3,1.38,0.8,0.81,7.51,83.68,0.02,22.56,8/15/18,WE4,228,
Q2,0,8/16/18 8:59,2.95,3.2,1.8,0.25,0.78,8.2,83.66,0.03,22.56,8/15/18,WE4,228,
Q2,0,8/16/18 8:59,2.72,2.99,2.1,0,0.77,7.81,83.66,0.04,22.56,8/15/18,WE4,228,
Q2,0,8/16/18 8:59,2.42,3.2,2.36,0,0.78,7.99,83.7,0,22.56,8/15/18,WE4,228,
Q2,0,8/16/18 8:59,3.28,2.41,1.26,0.68,0.78,7.63,83.66,0,22.56,8/15/18,WE4,228,
Q2,0,8/16/18 8:59,3.2,2.61,1.42,0.56,0.77,7.79,83.72,0,22.56,8/15/18,WE4,228,
Q2,0,8/16/18 8:59,3.24,2.68,1.27,0.63,0.82,7.81,83.76,0.01,22.56,8/15/18,WE4,228,
Q2,0,8/16/18 8:59,3.18,2.35,1.28,0.81,0.78,7.62,83.69,0.01,22.56,8/15/18,WE4,228,
Q2,0,8/16/18 8:59,2.91,3.17,1.97,0.04,0.77,8.1,83.57,0.02,22.56,8/15/18,WE4,228,
Q2,0,8/16/18 8:59,2.93,3.02,1.97,0,0.76,7.92,83.69,-0.04,22.58,8/15/18,WE4,228,
Q2,0,8/16/18 8:59,3.5,2.65,1.02,1.01,0.81,8.17,83.62,-0.03,22.59,8/15/18,WE4,228,
Q2,0,8/16/18 8:59,3.07,2.62,1.03,1.1,0.84,7.82,83.58,-0.04,22.58,8/15/18,WE4,228,
Q2,0,8/16/18 8:59,3.17,2.32,1.57,0.58,0.76,7.64,83.65,-0.02,22.58,8/15/18,WE4,228,
Q2,0,8/16/18 8:59,3.05,2.58,1.84,0.24,0.75,7.72,83.41,0,22.57,8/15/18,WE4,228,
Q2,0,8/16/18 8:59,2.69,2.63,1.81,0.37,0.79,7.49,83.61,0.02,22.56,8/15/18,WE4,228,
Q2,0,8/16/18 8:59,3,2.29,1.3,0.97,0.81,7.56,83.56,0.02,22.56,8/15/18,WE4,228,
Q2,0,8/16/18 8:59,2.77,2.77,1.8,0.42,0.77,7.76,83.64,0.04,22.56,8/15/18,WE4,228,
Q2,0,8/16/18 8:59,2.62,2.85,1.97,0.25,0.78,7.68,83.69,0,22.57,8/15/18,WE4,228,
Q2,0,8/16/18 8:59,3.48,2.18,0.95,0.83,0.76,7.44,83.73,0.02,22.56,8/15/18,WE4,228,
Q2,0,8/16/18 8:59,2.98,2.86,1.86,0,0.75,7.69,83.71,0.05,22.56,8/15/18,WE4,228,
Q2,0,8/16/18 8:59,3.25,2.41,1.28,0.48,0.79,7.41,83.65,0.02,22.57,8/15/18,WE4,228,
Q2,0,8/16/18 8:59,2.9,2.83,1.69,0.4,0.82,7.82,83.63,0.03,22.56,8/15/18,WE4,228,
Q2,0,8/16/18 8:59,3.19,2.41,1.53,0.24,0.78,7.37,83.55,0.01,22.56,8/15/18,WE4,228,
Q2,0,8/16/18 8:59,2.85,2.67,1.9,0.17,0.77,7.6,83.61,0.04,22.57,8/15/18,WE4,228,
Q2,0,8/16/18 8:59,2.27,2.83,2.11,0.25,0.83,7.47,83.66,0.01,22.56,8/15/18,WE4,228,
Q2,0,8/16/18 8:59,3.04,2.5,1.28,0.72,0.81,7.54,83.53,0.03,22.56,8/15/18,WE4,228,
Q2,0,8/16/18 9:00,3.08,2.28,1.46,0.54,0.77,7.36,83.68,0.05,22.56,8/15/18,WE4,228,
Q2,0,8/16/18 9:00,3.15,2.38,1.31,0.59,0.81,7.43,83.54,0.02,22.56,8/15/18,WE4,228,
Q2,0,8/16/18 9:00,2.56,3.11,2.15,0,0.76,7.83,83.52,0.01,22.56,8/15/18,WE4,228,
Q2,0,8/16/18 9:00,3.36,2.4,1.1,0.83,0.8,7.69,83.62,0.02,22.56,8/15/18,WE4,228,
Q2,0,8/16/18 9:00,3.24,3.12,1.86,0,0.76,8.22,83.5,0.02,22.56,8/15/18,WE4,228,
Q2,0,8/16/18 9:00,2.49,3.62,2.27,0,0.78,8.38,83.69,0.02,22.56,8/15/18,WE4,228,
Q2,0,8/16/18 9:00,3.18,2.51,1.46,0.46,0.82,7.61,83.8,0,22.57,8/15/18,WE4,228,
Q2,0,8/16/18 9:00,3.33,2.15,1.07,0.99,0.72,7.54,83.59,0,22.58,8/15/18,WE4,228,
Q2,0,8/16/18 9:00,3.12,2.83,1.89,0,0.76,7.84,83.7,0.02,22.58,8/15/18,WE4,228,
Q2,0,8/16/18 9:00,2.48,3,1.87,0.55,0.81,7.89,83.49,0.04,22.56,8/15/18,WE4,228,
Q2,0,8/16/18 9:00,3.07,2.62,1.62,0.35,0.77,7.66,83.76,0.04,22.57,8/15/18,WE4,228,
Q2,0,8/16/18 9:00,3.23,2.58,1.77,0.11,0.74,7.7,83.71,0.01,22.56,8/15/18,WE4,228,
Q2,0,8/16/18 9:00,3.14,2.8,1.61,0.44,0.78,7.98,83.57,0.04,22.57,8/15/18,WE4,228,
Q3,0,8/16/18 9:01,2.86,3.03,1.56,1.09,0.75,8.54,83.15,0,22.6,8/15/18,WE4,228,
Q3,0,8/16/18 9:01,3.62,2.4,0.52,2.09,0.77,8.63,83.02,0.01,22.6,8/15/18,WE4,228,
Q3,0,8/16/18 9:01,3.47,2.84,1.61,0.63,0.71,8.55,83.21,0.02,22.6,8/15/18,WE4,228,
Q3,0,8/16/18 9:01,2.82,3.61,2.03,0.53,0.73,9,83.06,0.04,22.6,8/15/18,WE4,228,
Q3,0,8/16/18 9:01,2.69,3.37,1.95,1.01,0.73,9.02,83.26,0.05,22.6,8/15/18,WE4,228,
Q3,0,8/16/18 9:01,2.37,3.41,2.46,0.19,0.71,8.42,83.26,0.02,22.6,8/15/18,WE4,228,
Q3,0,8/16/18 9:01,2.89,2.78,1.74,0.73,0.72,8.15,83.27,0.01,22.6,8/15/18,WE4,228,
Q3,0,8/16/18 9:01,3.03,2.78,1.67,0.82,0.7,8.3,83.19,0.04,22.6,8/15/18,WE4,228,
Q3,0,8/16/18 9:01,2.83,3.06,1.79,0.7,0.71,8.4,83.19,-0.01,22.6,8/15/18,WE4,228,
Q3,0,8/16/18 9:01,2.92,3.13,1.69,0.86,0.73,8.6,83.13,0.03,22.61,8/15/18,WE4,228,
Q3,0,8/16/18 9:01,3.04,2.67,1.55,0.82,0.75,8.09,83.08,0.02,22.6,8/15/18,WE4,228,
Q3,0,8/16/18 9:01,3.57,2.63,1.42,0.82,0.7,8.43,83.29,0.02,22.59,8/15/18,WE4,228,
Q3,0,8/16/18 9:01,3.09,2.73,1.79,0.57,0.66,8.17,83.34,0.01,22.61,8/15/18,WE4,228,
Q3,0,8/16/18 9:01,3.15,2.87,1.47,0.83,0.71,8.31,83.12,-0.01,22.61,8/15/18,WE4,228,
Q3,0,8/16/18 9:01,3.43,2.88,1.01,1.29,0.71,8.62,83.28,-0.04,22.62,8/15/18,WE4,228,
Q3,0,8/16/18 9:01,2.96,2.96,1.96,0.41,0.69,8.3,83.16,-0.03,22.61,8/15/18,WE4,228,
Q3,0,8/16/18 9:01,3.15,2.69,1.65,0.66,0.69,8.16,83.1,-0.01,22.61,8/15/18,WE4,228,
Q3,0,8/16/18 9:01,3.37,2.42,1.41,1.18,0.64,8.38,83.3,0,22.61,8/15/18,WE4,228,
Q3,0,8/16/18 9:01,2.8,3.32,1.84,0.89,0.73,8.84,83.25,-0.02,22.61,8/15/18,WE4,228,
Q3,0,8/16/18 9:01,3,2.53,1.42,1.28,0.71,8.23,83.22,-0.01,22.61,8/15/18,WE4,228,
Q3,0,8/16/18 9:01,2.43,3.49,2.13,0.77,0.71,8.82,83.09,-0.04,22.61,8/15/18,WE4,228,
Q3,0,8/16/18 9:01,3.14,2.8,1.21,1.29,0.71,8.44,83.26,-0.04,22.61,8/15/18,WE4,228,
Q3,0,8/16/18 9:01,2.41,3.23,2.47,0.2,0.67,8.3,83.28,-0.03,22.62,8/15/18,WE4,228,
Q3,0,8/16/18 9:01,2.61,3,1.81,1.1,0.71,8.52,83.29,-0.02,22.62,8/15/18,WE4,228,
Q3,0,8/16/18 9:01,2.69,3.17,2.19,0.39,0.64,8.44,83.19,0,22.61,8/15/18,WE4,228,
Q3,0,8/16/18 9:01,2.81,2.51,1.15,2.07,0.71,8.53,83.13,0.01,22.6,8/15/18,WE4,228,
Q3,0,8/16/18 9:01,3.2,3.04,1.54,0.73,0.66,8.51,83.33,0.03,22.6,8/15/18,WE4,228,
Q3,0,8/16/18 9:02,2.55,3.01,1.46,1.61,0.73,8.62,83.02,-0.01,22.6,8/15/18,WE4,228,
Q3,0,8/16/18 9:02,2.61,3.39,2.47,0.25,0.63,8.71,83.07,0.02,22.6,8/15/18,WE4,228,
Q4,0,8/16/18 9:03,2.63,3.3,1.61,0.8,0.85,8.34,83.64,0,22.66,8/15/18,WE4,228,
Q4,0,8/16/18 9:03,2.97,2.9,1.47,0.58,0.82,7.92,83.39,-0.01,22.65,8/15/18,WE4,228,
Q4,0,8/16/18 9:03,3.03,2.66,1.48,0.48,0.77,7.66,83.56,0,22.65,8/15/18,WE4,228,
Q4,0,8/16/18 9:03,2.81,2.76,1.39,0.84,0.83,7.8,83.56,0.04,22.65,8/15/18,WE4,228,
Q4,0,8/16/18 9:03,3.38,2.74,1.33,0.68,0.76,8.13,83.47,0.06,22.64,8/15/18,WE4,228,
Q4,0,8/16/18 9:03,3.16,2.42,1.17,0.73,0.78,7.48,83.52,0.04,22.63,8/15/18,WE4,228,
Q4,0,8/16/18 9:03,2.96,2.66,1.52,0.59,0.83,7.73,83.44,0.06,22.63,8/15/18,WE4,228,
Q4,0,8/16/18 9:03,2.96,2.72,1.51,0.59,0.78,7.78,83.68,0.06,22.64,8/15/18,WE4,228,
Q4,0,8/16/18 9:03,2.77,2.71,1.46,0.65,0.83,7.59,83.52,0.07,22.63,8/15/18,WE4,228,
Q4,0,8/16/18 9:03,2.77,2.81,1.63,0.54,0.81,7.75,83.45,0.04,22.63,8/15/18,WE4,228,
Q4,0,8/16/18 9:03,3.17,2.87,1.52,0.58,0.8,8.15,83.64,0.08,22.63,8/15/18,WE4,228,
Q4,0,8/16/18 9:03,2.64,2.75,1.8,0.49,0.77,7.68,83.56,0.07,22.63,8/15/18,WE4,228,
Q4,0,8/16/18 9:03,2.44,3.95,2.22,0,0.84,8.61,83.24,0.04,22.63,8/15/18,WE4,228,
Q4,0,8/16/18 9:03,2.52,2.95,1.52,0.77,0.82,7.76,83.49,0.06,22.63,8/15/18,WE4,228,
Q4,0,8/16/18 9:03,3.15,3.02,1.33,0.41,0.78,7.91,83.48,0.05,22.63,8/15/18,WE4,228,
Q4,0,8/16/18 9:03,3.1,2.81,1.43,0.66,0.79,8,83.53,0.06,22.63,8/15/18,WE4,228,
Q4,0,8/16/18 9:03,2.81,4.33,1.9,0,0.75,9.05,83.31,0.06,22.63,8/15/18,WE4,228,
Q4,0,8/16/18 9:03,3.49,2.26,0.69,1.27,0.81,7.72,83.62,0.07,22.63,8/15/18,WE4,228,
Q4,0,8/16/18 9:03,2.87,2.78,1.42,0.54,0.8,7.61,83.42,0.07,22.63,8/15/18,WE4,228,
Q4,0,8/16/18 9:03,2.82,2.64,1.6,0.47,0.79,7.52,83.47,0.06,22.63,8/15/18,WE4,228,
Q4,0,8/16/18 9:03,2.98,2.63,1.19,0.97,0.79,7.76,83.56,0.06,22.64,8/15/18,WE4,228,
Q4,0,8/16/18 9:03,2.95,2.67,1.25,0.9,0.8,7.78,83.51,0.08,22.63,8/15/18,WE4,228,
Q4,0,8/16/18 9:03,2.42,2.77,1.77,0.67,0.81,7.63,83.44,0.08,22.63,8/15/18,WE4,228,
Q4,0,8/16/18 9:03,2.79,2.66,1.57,0.9,0.79,7.92,83.5,0.06,22.63,8/15/18,WE4,228,
Q4,0,8/16/18 9:03,2.73,2.88,1.63,0.61,0.75,7.84,83.44,0.07,22.63,8/15/18,WE4,228,
Q4,0,8/16/18 9:03,2.67,2.84,1.91,0.33,0.8,7.76,83.63,0.07,22.64,8/15/18,WE4,228,
Q4,0,8/16/18 9:03,2.66,2.68,1.79,0.46,0.77,7.58,83.41,0.06,22.64,8/15/18,WE4,228,
Q4,0,8/16/18 9:03,3.29,3.01,0.81,1.13,0.8,8.24,83.55,0.07,22.63,8/15/18,WE4,228,
Q4,0,8/16/18 9:03,2.64,2.89,1.95,0.29,0.77,7.76,83.59,0.07,22.63,8/15/18,WE4,228,
Q4,0,8/16/18 9:03,3.3,2.71,1.23,0.61,0.75,7.85,83.47,0.07,22.64,8/15/18,WE4,228,
Q4,0,8/16/18 9:03,2.55,3.32,1.89,0.28,0.83,8.04,83.52,0.06,22.64,8/15/18,WE4,228,
Q4,0,8/16/18 9:03,2.66,3,1.78,0.48,0.78,7.93,83.5,0.07,22.64,8/15/18,WE4,228,
Q4,0,8/16/18 9:03,3,2.7,1.74,0.24,0.75,7.69,83.6,0.08,22.63,8/15/18,WE4,228,
Q4,0,8/16/18 9:03,2.66,2.95,1.66,0.49,0.8,7.76,83.75,0.06,22.65,8/15/18,WE4,228,
Q4,0,8/16/18 9:03,2.76,3.22,1.89,0.12,0.79,7.98,83.48,0.08,22.64,8/15/18,WE4,228,
C1,1,8/16/18 10:22,2.66,2.92,1.83,0.26,0.78,7.67,83.56,0,23.12,8/15/18,WE4,228,
C1,1,8/16/18 10:22,2.09,3.34,2.14,0,0.82,7.57,83.62,0.03,23.12,8/15/18,WE4,228,
C1,1,8/16/18 10:22,3.2,2.54,1.2,0.62,0.77,7.55,83.63,0.01,23.13,8/15/18,WE4,228,
C1,1,8/16/18 10:22,3.14,2.52,0.97,0.81,0.77,7.43,83.6,-0.01,23.12,8/15/18,WE4,228,
C1,1,8/16/18 10:22,2.82,2.53,1.71,0.05,0.75,7.11,83.7,-0.02,23.13,8/15/18,WE4,228,
C1,1,8/16/18 10:22,2.93,2.82,1.7,0.19,0.75,7.65,83.64,0.01,23.13,8/15/18,WE4,228,
C1,1,8/16/18 10:22,2.32,3.61,1.92,0.13,0.77,7.98,83.78,0,23.12,8/15/18,WE4,228,
C1,1,8/16/18 10:22,2.18,3.51,1.85,0.48,0.83,8.01,83.51,0,23.12,8/15/18,WE4,228,
C1,1,8/16/18 10:22,2.95,2.7,1.58,0.18,0.72,7.41,83.66,0.01,23.13,8/15/18,WE4,228,
C1,1,8/16/18 10:22,3.03,2.53,1.13,0.61,0.78,7.31,83.66,0.01,23.12,8/15/18,WE4,228,
C1,1,8/16/18 10:22,2.6,3.31,2,0,0.77,7.91,83.71,0.02,23.13,8/15/18,WE4,228,
C1,1,8/16/18 10:22,3.03,2.38,1.26,0.52,0.74,7.19,83.47,0,23.13,8/15/18,WE4,228,
C1,1,8/16/18 10:22,2.43,2.79,2,0,0.76,7.22,83.7,-0.01,23.12,8/15/18,WE4,228,
C1,1,8/16/18 10:22,3.07,2.79,1.45,0.39,0.76,7.7,83.53,0.03,23.11,8/15/18,WE4,228,
C1,1,8/16/18 10:22,3.32,2.44,0.91,0.77,0.75,7.44,83.7,0.02,23.11,8/15/18,WE4,228,
C1,1,8/16/18 10:22,2.93,2.45,1.21,0.67,0.75,7.26,83.55,0.01,23.1,8/15/18,WE4,228,
C1,1,8/16/18 10:22,2.64,2.97,1.81,0.05,0.72,7.48,83.75,0.01,23.11,8/15/18,WE4,228,
C1,1,8/16/18 10:22,3.03,2.3,0.9,1.17,0.78,7.4,83.4,0,23.11,8/15/18,WE4,228,
C1,1,8/16/18 10:22,2.81,2.56,1.96,0.07,0.71,7.4,83.62,0.02,23.1,8/15/18,WE4,228,
C1,1,8/16/18 10:22,2.6,2.58,1.66,0.56,0.71,7.4,83.54,0.02,23.1,8/15/18,WE4,228,
C1,1,8/16/18 10:22,2.45,2.84,1.88,0.24,0.78,7.41,83.65,0.06,23.1,8/15/18,WE4,228,
C1,1,8/16/18 10:22,3.14,2.32,1.2,0.64,0.73,7.3,83.7,0.02,23.11,8/15/18,WE4,228,
C1,1,8/16/18 10:22,2.47,2.5,1.49,0.63,0.79,7.09,83.74,0.04,23.12,8/15/18,WE4,228,
C1,1,8/16/18 10:22,2.2,2.81,2.22,0,0.72,7.24,83.7,0.07,23.11,8/15/18,WE4,228,
C1,1,8/16/18 10:22,2.77,2.52,1.51,0.43,0.69,7.23,83.43,0.04,23.11,8/15/18,WE4,228,
C1,1,8/16/18 10:22,3.5,2.49,0,1.92,0.79,7.91,83.65,0.05,23.11,8/15/18,WE4,228,
C1,1,8/16/18 10:22,3.24,2.4,0.88,1.16,0.81,7.67,83.43,0.04,23.12,8/15/18,WE4,228,
C1,1,8/16/18 10:22,2.94,2.4,1.42,0.38,0.75,7.14,83.78,0.07,23.11,8/15/18,WE4,228,
C1,1,8/16/18 10:22,2.71,2.76,1.49,0.22,0.77,7.19,83.82,0.08,23.12,8/15/18,WE4,228,
C1,1,8/16/18 10:22,2.33,2.79,1.98,0.25,0.72,7.34,83.68,0.06,23.11,8/15/18,WE4,228,
C1,1,8/16/18 10:22,2.5,3.02,2.02,0.06,0.69,7.6,83.61,0.03,23.12,8/15/18,WE4,228,
C1,1,8/16/18 10:22,3.04,2.48,1.03,0.83,0.73,7.37,83.68,0.02,23.12,8/15/18,WE4,228,
C1,1,8/16/18 10:22,2.94,2.3,1.07,1.04,0.73,7.36,83.61,0.05,23.12,8/15/18,WE4,228,
C1,1,8/16/18 10:23,2.5,3.28,2.07,0,0.69,7.85,83.68,0.06,23.12,8/15/18,WE4,228,
C1,1,8/16/18 10:23,2.91,2.68,1.44,0.64,0.74,7.67,83.52,0.03,23.12,8/15/18,WE4,228,
C1,1,8/16/18 10:23,3.23,2.9,1.22,0.55,0.76,7.89,83.8,0.02,23.13,8/15/18,WE4,228,
C1,1,8/16/18 10:23,2.99,2.64,1.7,0,0.69,7.34,83.74,0.02,23.12,8/15/18,WE4,228,
C1,1,8/16/18 10:23,3.25,2.23,1.38,0.49,0.69,7.35,83.75,0.03,23.11,8/15/18,WE4,228,
C2,1,8/16/18 10:24,2.44,2.99,1.93,0,0.73,7.35,83.6,0,23.15,8/15/18,WE4,228,
C2,1,8/16/18 10:24,2.55,2.39,1.63,0.53,0.67,7.09,83.69,0.04,23.15,8/15/18,WE4,228,
C2,1,8/16/18 10:24,1.62,3.2,2.64,0,0.71,7.46,83.81,0.04,23.14,8/15/18,WE4,228,
C2,1,8/16/18 10:24,1.43,3.08,2.35,0.12,0.76,6.98,83.47,0.05,23.14,8/15/18,WE4,228,
C2,1,8/16/18 10:24,1.98,2.79,1.89,0.39,0.73,7.05,83.59,-0.03,23.15,8/15/18,WE4,228,
C2,1,8/16/18 10:24,2.2,2.54,1.55,0.83,0.71,7.12,83.57,0.02,23.14,8/15/18,WE4,228,
C2,1,8/16/18 10:24,2.07,3.11,2.23,0,0.69,7.41,83.61,0.02,23.15,8/15/18,WE4,228,
C2,1,8/16/18 10:24,2.31,2.76,2.03,0.05,0.66,7.15,83.57,0.05,23.14,8/15/18,WE4,228,
C2,1,8/16/18 10:24,0.21,2.83,3.42,0,0.66,6.46,83.53,0.01,23.15,8/15/18,WE4,228,
C2,1,8/16/18 10:24,0.64,2.87,3.12,0,0.7,6.63,83.56,-0.05,23.15,8/15/18,WE4,228,
C2,1,8/16/18 10:24,1.44,3.47,2.55,0,0.66,7.45,83.81,0.1,23.15,8/15/18,WE4,228,
C2,1,8/16/18 10:24,2.38,1.93,0.16,2.64,0.77,7.11,83.65,0.17,23.14,8/15/18,WE4,228,
C2,1,8/16/18 10:24,2.61,2.11,1.45,0.56,0.69,6.73,83.75,0.33,23.15,8/15/18,WE4,228,
C2,1,8/16/18 10:24,2.26,2.15,1.5,0.91,0.67,6.81,83.89,0.08,23.15,8/15/18,WE4,228,
C2,1,8/16/18 10:24,2.75,1.83,1.04,1.18,0.67,6.79,83.75,0.17,23.15,8/15/18,WE4,228,
C2,1,8/16/18 10:24,2.75,2.77,1.14,1,0.73,7.65,83.48,-0.04,23.15,8/15/18,WE4,228,
C2,1,8/16/18 10:24,2.62,2.76,1.92,0,0.62,7.3,80.24,-0.04,23.15,8/15/18,WE4,228,
C2,1,8/16/18 10:24,1.81,2.94,2.55,0,0.59,7.3,84.12,0.01,23.15,8/15/18,WE4,228,
C2,1,8/16/18 10:24,2.15,3.12,1.95,0,0.76,7.22,84.18,-0.03,23.15,8/15/18,WE4,228,
C2,1,8/16/18 10:24,1.41,2.94,2.28,0,0.82,6.63,83.99,0,23.16,8/15/18,WE4,228,
C2,1,8/16/18 10:24,1.7,2.48,2.74,0,0.6,6.92,84.09,0.2,23.15,8/15/18,WE4,228,
C2,1,8/16/18 10:24,2.16,2.92,2.38,0,0.58,7.46,83.98,-0.02,23.16,8/15/18,WE4,228,
C2,1,8/16/18 10:24,2.08,2.83,2.17,0,0.67,7.07,83.92,-0.05,23.15,8/15/18,WE4,228,
C2,1,8/16/18 10:24,2.66,2.14,1.71,0.5,0.59,7.01,84.23,0.07,23.15,8/15/18,WE4,228,
C2,1,8/16/18 10:24,1.94,3.05,1.92,0.04,0.81,6.96,83.99,-0.09,23.16,8/15/18,WE4,228,
C2,1,8/16/18 10:24,1.39,2.63,2.68,0,0.67,6.7,84.09,0,23.18,8/15/18,WE4,228,
C2,1,8/16/18 10:24,1.88,2.66,2.37,0,0.64,6.91,84.04,-0.02,23.17,8/15/18,WE4,228,
C2,1,8/16/18 10:24,2.42,3.04,1.91,0.03,0.68,7.4,84.01,-0.02,23.17,8/15/18,WE4,228,
C2,1,8/16/18 10:24,2.65,2.32,1.16,0.86,0.69,6.98,83.96,0,23.17,8/15/18,WE4,228,
C2,1,8/16/18 10:24,2.12,2.98,2.09,0,0.68,7.2,83.95,-0.02,23.18,8/15/18,WE4,228,
C2,1,8/16/18 10:24,1.74,2.79,2.5,0,0.68,7.04,83.99,-0.03,23.18,8/15/18,WE4,228,
C2,1,8/16/18 10:24,1.4,3.12,2.72,0,0.68,7.24,83.85,-0.03,23.18,8/15/18,WE4,228,
C2,1,8/16/18 10:24,2.56,2.72,1.45,0.62,0.68,7.35,83.83,-0.02,23.18,8/15/18,WE4,228,
C2,1,8/16/18 10:24,2.53,2.72,1.57,0.26,0.69,7.08,83.93,0,23.18,8/15/18,WE4,228,
C2,1,8/16/18 10:24,2.51,2.4,1.69,0.34,0.66,6.93,83.98,-0.04,23.18,8/15/18,WE4,228,
C2,1,8/16/18 10:24,2.55,2.42,1.59,0.32,0.68,6.88,83.97,-0.02,23.18,8/15/18,WE4,228,
C2,1,8/16/18 10:24,2.33,3.32,1.86,0,0.69,7.51,83.94,0.02,23.17,8/15/18,WE4,228,
C2,1,8/16/18 10:24,3.6,2.24,0.64,0.99,0.63,7.48,83.98,0.09,23.16,8/15/18,WE4,228,
C2,1,8/16/18 10:24,2.53,2.7,0.55,1.3,0.87,7.08,83.8,-0.04,23.16,8/15/18,WE4,228,
C2,1,8/16/18 10:24,2.7,2.63,1.87,0,0.63,7.21,83.91,-0.05,23.15,8/15/18,WE4,228,
C2,1,8/16/18 10:24,3.75,2.31,1.04,0.51,0.6,7.62,83.82,-0.06,23.15,8/15/18,WE4,228,
C2,1,8/16/18 10:24,2.6,2.65,1.96,0,0.58,7.21,84.04,0.1,23.16,8/15/18,WE4,228,
C2,1,8/16/18 10:24,2.78,2.89,1.68,0.1,0.62,7.45,83.87,-0.06,23.16,8/15/18,WE4,228,
C2,1,8/16/18 10:24,3.25,2.4,1.39,0,0.63,7.04,83.84,-0.13,23.17,8/15/18,WE4,228,
C2,1,8/16/18 10:24,2.73,2.32,2.11,0,0.55,7.16,84.12,0,23.17,8/15/18,WE4,228,
C3,1,8/16/18 10:26,2.53,2.41,0.69,1.61,0.85,7.24,83.16,0,23.19,8/15/18,WE4,228,
C3,1,8/16/18 10:26,2.93,2.58,1.67,0.09,0.71,7.27,83.63,0.02,23.19,8/15/18,WE4,228,
C3,1,8/16/18 10:26,2.68,2.56,1.81,0,0.71,7.06,83.73,0.05,23.19,8/15/18,WE4,228,
C3,1,8/16/18 10:26,3.03,2.32,0.72,1.24,0.76,7.31,83.54,-0.02,23.2,8/15/18,WE4,228,
C3,1,8/16/18 10:26,1.76,3.99,2.24,0,0.77,7.99,83.57,0,23.19,8/15/18,WE4,228,
C3,1,8/16/18 10:26,2.09,2.46,1.42,1.26,0.77,7.23,83.58,0.03,23.19,8/15/18,WE4,228,
C3,1,8/16/18 10:26,3.08,2.64,1.04,1.02,0.71,7.79,83.59,0,23.19,8/15/18,WE4,228,
C3,1,8/16/18 10:26,2.9,2.38,1.57,0.28,0.67,7.12,83.68,0,23.19,8/15/18,WE4,228,
C3,1,8/16/18 10:26,3.35,2.09,0.98,0.74,0.73,7.16,83.63,0.04,23.2,8/15/18,WE4,228,
C3,1,8/16/18 10:26,2.15,3.01,1.87,0.36,0.76,7.39,83.32,-0.01,23.2,8/15/18,WE4,228,
C3,1,8/16/18 10:26,2.39,2.47,0.9,1.8,0.77,7.56,83.41,0,23.2,8/15/18,WE4,228,
C3,1,8/16/18 10:26,2.66,2.26,0.97,1.31,0.75,7.19,83.27,-0.01,23.2,8/15/18,WE4,228,
C3,1,8/16/18 10:26,2.21,2.26,1.71,0.57,0.72,6.75,83.64,0.01,23.19,8/15/18,WE4,228,
C3,1,8/16/18 10:26,2.31,2.81,1.66,0.46,0.73,7.24,83.73,0.01,23.19,8/15/18,WE4,228,
C3,1,8/16/18 10:26,3.24,2.21,0.19,1.63,0.77,7.27,83.37,0,23.2,8/15/18,WE4,228,
C3,1,8/16/18 10:26,2.03,3.04,1.83,0.36,0.77,7.26,83.5,-0.01,23.2,8/15/18,WE4,228,
C3,1,8/16/18 10:26,2.91,2.29,1.13,0.73,0.74,7.05,83.7,-0.03,23.19,8/15/18,WE4,228,
C3,1,8/16/18 10:26,2.32,3.01,1.77,0.6,0.74,7.69,83.28,0,23.2,8/15/18,WE4,228,
C3,1,8/16/18 10:26,2,3.07,2.14,0,0.71,7.21,83.66,0,23.2,8/15/18,WE4,228,
C3,1,8/16/18 10:26,2.74,2.73,1.42,0.33,0.73,7.23,83.64,0.03,23.19,8/15/18,WE4,228,
C3,1,8/16/18 10:26,2.66,2.47,0.65,1.7,0.77,7.49,83.72,0,23.21,8/15/18,WE4,228,
C3,1,8/16/18 10:26,3.07,2.5,0.75,1.25,0.73,7.58,83.65,-0.01,23.2,8/15/18,WE4,228,
C3,1,8/16/18 10:26,3.08,2.04,0.1,2.17,0.77,7.39,83.51,0.02,23.2,8/15/18,WE4,228,
C3,1,8/16/18 10:26,2.43,2.59,1.59,0.38,0.74,6.99,83.56,0,23.2,8/15/18,WE4,228,
C3,1,8/16/18 10:26,2.87,2.39,1.53,0.1,0.71,6.89,83.76,-0.01,23.2,8/15/18,WE4,228,
C3,1,8/16/18 10:26,2.91,2.83,1.6,0,0.67,7.33,83.66,-0.01,23.22,8/15/18,WE4,228,
C3,1,8/16/18 10:26,2.63,2.35,0.76,1.48,0.75,7.22,83.47,0.01,23.21,8/15/18,WE4,228,
C3,1,8/16/18 10:26,2.7,2.32,1.26,0.77,0.72,7.05,83.6,-0.01,23.21,8/15/18,WE4,228,
C3,1,8/16/18 10:26,2.74,2.29,1.16,0.77,0.73,6.96,83.63,-0.05,23.21,8/15/18,WE4,228,
C3,1,8/16/18 10:26,2.93,2.55,1.37,0.36,0.68,7.21,83.64,-0.05,23.22,8/15/18,WE4,228,
C3,1,8/16/18 10:26,2.65,2.75,1.48,0.5,0.74,7.39,83.41,-0.04,23.22,8/15/18,WE4,228,
C3,1,8/16/18 10:26,2.85,2.29,1.04,0.92,0.72,7.11,83.77,-0.04,23.23,8/15/18,WE4,228,
C3,1,8/16/18 10:26,2.94,1.97,1.05,0.87,0.72,6.83,83.75,-0.03,23.22,8/15/18,WE4,228,
C3,1,8/16/18 10:26,2.16,2.77,2.02,0.15,0.71,7.1,83.48,-0.03,23.23,8/15/18,WE4,228,
C3,1,8/16/18 10:26,2.76,2.62,1.67,0.04,0.7,7.08,83.61,-0.02,23.23,8/15/18,WE4,228,
Q1,1,8/16/18 10:27,2.38,2.46,0.89,1.34,0.72,7.08,82.83,0,23.25,8/15/18,WE4,228,
Q1,1,8/16/18 10:27,2.51,3,1.73,0,0.67,7.24,82.9,-0.01,23.25,8/15/18,WE4,228,
Q1,1,8/16/18 10:27,2.59,2.7,1.24,0.4,0.7,6.93,82.67,0,23.26,8/15/18,WE4,228,
Q1,1,8/16/18 10:28,2.74,2.29,1.12,0.7,0.7,6.86,82.95,0.01,23.24,8/15/18,WE4,228,
Q1,1,8/16/18 10:28,2.6,2.47,1.1,0.59,0.72,6.77,82.91,0.02,23.24,8/15/18,WE4,228,
Q1,1,8/16/18 10:28,2.4,2.67,1.6,0.22,0.66,6.88,82.86,0.01,23.25,8/15/18,WE4,228,
Q1,1,8/16/18 10:28,2.91,2.22,0.84,0.98,0.67,6.95,82.89,0.01,23.25,8/15/18,WE4,228,
Q1,1,8/16/18 10:28,2.71,2.47,0.99,0.79,0.69,6.97,82.77,0.05,23.25,8/15/18,WE4,228,
Q1,1,8/16/18 10:28,2.07,2.65,1.83,0.09,0.66,6.65,82.84,0.01,23.25,8/15/18,WE4,228,
Q1,1,8/16/18 10:28,3.06,2.46,0.51,1.26,0.7,7.29,82.9,0.04,23.24,8/15/18,WE4,228,
Q1,1,8/16/18 10:28,2.28,2.99,1.41,0.63,0.71,7.32,82.97,0.01,23.24,8/15/18,WE4,228,
Q1,1,8/16/18 10:28,2.34,2.25,1.2,0.81,0.67,6.61,83.07,0.01,23.25,8/15/18,WE4,228,
Q1,1,8/16/18 10:28,2.77,2.66,1.28,0.34,0.65,7.05,83.02,0.05,23.25,8/15/18,WE4,228,
Q1,1,8/16/18 10:28,2.24,2.98,1.59,0.34,0.69,7.16,82.84,0.05,23.25,8/15/18,WE4,228,
Q1,1,8/16/18 10:28,2.57,2.57,1.18,0.54,0.68,6.86,82.97,0.04,23.25,8/15/18,WE4,228,
Q1,1,8/16/18 10:28,2.99,2.24,0.75,0.97,0.66,6.95,82.97,0.01,23.25,8/15/18,WE4,228,
Q1,1,8/16/18 10:28,3.27,2.46,0.24,1.45,0.71,7.42,82.89,0.03,23.25,8/15/18,WE4,228,
Q1,1,8/16/18 10:28,2.49,2.64,1.49,0.06,0.67,6.68,82.98,0.04,23.25,8/15/18,WE4,228,
Q1,1,8/16/18 10:28,2.9,2.33,0.89,0.7,0.65,6.82,82.9,0.04,23.25,8/15/18,WE4,228,
Q1,1,8/16/18 10:28,3.01,2.3,0.82,0.84,0.65,6.98,83.04,-0.01,23.25,8/15/18,WE4,228,
Q1,1,8/16/18 10:28,2.54,2.31,1.12,0.98,0.67,6.94,82.75,0.01,23.24,8/15/18,WE4,228,
Q1,1,8/16/18 10:28,2.89,2.27,1.01,0.69,0.67,6.87,82.92,0.05,23.25,8/15/18,WE4,228,
Q1,1,8/16/18 10:28,2.94,2.08,0.72,0.96,0.68,6.7,82.79,0.03,23.25,8/15/18,WE4,228,
Q1,1,8/16/18 10:28,3.05,2.29,0.35,1.24,0.71,6.93,82.94,0.01,23.25,8/15/18,WE4,228,
Q1,1,8/16/18 10:28,2.7,2.15,1.03,0.82,0.65,6.71,82.98,0.03,23.25,8/15/18,WE4,228,
Q1,1,8/16/18 10:28,2.7,2.33,0.73,1.23,0.7,6.99,82.81,0.01,23.25,8/15/18,WE4,228,
Q1,1,8/16/18 10:28,2.77,2.17,0.6,1.17,0.69,6.72,82.85,0.01,23.25,8/15/18,WE4,228,
Q1,1,8/16/18 10:28,3.04,2.47,0.87,0.64,0.68,7.02,82.94,0.03,23.25,8/15/18,WE4,228,
Q1,1,8/16/18 10:28,2.97,2.48,0.89,0.77,0.65,7.11,82.91,0.03,23.25,8/15/18,WE4,228,
Q1,1,8/16/18 10:28,2.71,2.37,1.15,0.48,0.65,6.71,82.94,0.03,23.25,8/15/18,WE4,228,
Q1,1,8/16/18 10:28,3.19,2.31,0.65,0.8,0.64,6.96,82.86,0.03,23.26,8/15/18,WE4,228,
Q1,1,8/16/18 10:28,2.96,2.6,1.11,0.46,0.66,7.13,82.88,0.03,23.25,8/15/18,WE4,228,
Q1,1,8/16/18 10:28,2.94,2.2,1.06,0.55,0.65,6.75,83.07,0.04,23.25,8/15/18,WE4,228,
Q1,1,8/16/18 10:28,2.91,2.37,1.06,0.56,0.65,6.9,82.96,0.01,23.25,8/15/18,WE4,228,
Q1,1,8/16/18 10:28,2.41,2.73,1.47,0.3,0.68,6.91,82.97,0.03,23.25,8/15/18,WE4,228,
Q1,1,8/16/18 10:28,2.36,2.82,1.46,0.36,0.66,7,82.87,0.05,23.26,8/15/18,WE4,228,
Q2,1,8/16/18 10:29,2.39,3.02,1.69,0,0.73,7.1,83.72,0,23.29,8/15/18,WE4,228,
Q2,1,8/16/18 10:29,2.82,2.45,1.18,0.54,0.72,6.99,83.61,0.02,23.29,8/15/18,WE4,228,
Q2,1,8/16/18 10:29,2.7,2.69,1.56,0,0.68,6.95,83.77,0.02,23.29,8/15/18,WE4,228,
Q2,1,8/16/18 10:29,2.61,2.3,1.09,0.68,0.72,6.68,83.66,0.03,23.29,8/15/18,WE4,228,
Q2,1,8/16/18 10:29,2.8,2.4,1.36,0.28,0.66,6.83,83.71,0.02,23.28,8/15/18,WE4,228,
Q2,1,8/16/18 10:29,2.34,3.06,1.74,0,0.73,7.14,83.7,0.04,23.29,8/15/18,WE4,228,
Q2,1,8/16/18 10:29,2.74,3.35,1.48,0,0.7,7.56,83.55,0.02,23.28,8/15/18,WE4,228,
Q2,1,8/16/18 10:29,2.76,2.59,0.9,0.8,0.73,7.05,83.76,0,23.29,8/15/18,WE4,228,
Q2,1,8/16/18 10:29,2.76,2.65,1.19,0.39,0.69,6.99,83.65,0.04,23.3,8/15/18,WE4,228,
Q2,1,8/16/18 10:29,2.71,2.72,1.66,0,0.67,7.09,83.68,0.02,23.29,8/15/18,WE4,228,
Q2,1,8/16/18 10:29,2.85,2.6,0.48,1.2,0.79,7.13,83.52,0.01,23.3,8/15/18,WE4,228,
Q2,1,8/16/18 10:29,2.84,2.53,1.07,0.65,0.7,7.08,83.58,0.01,23.3,8/15/18,WE4,228,
Q2,1,8/16/18 10:30,2.73,2.31,1.23,0.29,0.72,6.56,83.58,-0.01,23.31,8/15/18,WE4,228,
Q2,1,8/16/18 10:30,2.25,2.87,1.72,0.09,0.72,6.92,83.53,-0.01,23.3,8/15/18,WE4,228,
Q2,1,8/16/18 10:30,2.03,2.68,1.64,0.28,0.76,6.63,83.68,0,23.3,8/15/18,WE4,228,
Q2,1,8/16/18 10:30,2.83,2.46,1.16,0.39,0.68,6.84,83.6,-0.01,23.31,8/15/18,WE4,228,
Q2,1,8/16/18 10:30,2.28,2.91,1.73,0.04,0.72,6.96,83.58,-0.03,23.32,8/15/18,WE4,228,
Q2,1,8/16/18 10:30,2.78,2.17,0.73,1.03,0.74,6.71,83.48,-0.01,23.3,8/15/18,WE4,228,
Q2,1,8/16/18 10:30,2.45,2.55,1.54,0.03,0.75,6.57,83.79,-0.01,23.3,8/15/18,WE4,228,
Q2,1,8/16/18 10:30,2.08,2.9,1.88,0.02,0.72,6.88,83.69,0.01,23.31,8/15/18,WE4,228,
Q2,1,8/16/18 10:30,2.4,2.39,1.16,0.75,0.76,6.7,83.6,0,23.31,8/15/18,WE4,228,
Q2,1,8/16/18 10:30,2.72,2.45,1.36,0.46,0.68,6.98,83.88,0,23.31,8/15/18,WE4,228,
Q2,1,8/16/18 10:30,2.63,3.01,1.64,0,0.69,7.28,83.74,-0.01,23.31,8/15/18,WE4,228,
Q2,1,8/16/18 10:30,2.26,2.6,1.67,0.2,0.74,6.72,83.77,0,23.3,8/15/18,WE4,228,
Q2,1,8/16/18 10:30,2.12,2.83,1.91,0,0.68,6.86,83.43,0,23.3,8/15/18,WE4,228,
Q2,1,8/16/18 10:30,2.38,2.93,1.74,0.09,0.69,7.15,83.7,0.02,23.3,8/15/18,WE4,228,
Q2,1,8/16/18 10:30,2.51,2.32,1.14,0.61,0.73,6.59,83.71,0.03,23.3,8/15/18,WE4,228,
Q2,1,8/16/18 10:30,2.56,2.13,1.42,0.39,0.66,6.5,83.65,0.03,23.29,8/15/18,WE4,228,
Q2,1,8/16/18 10:30,3.05,2.72,1.11,0.51,0.65,7.38,83.72,0.01,23.3,8/15/18,WE4,228,
Q2,1,8/16/18 10:30,2.97,2.2,0.79,0.89,0.72,6.85,83.71,0,23.3,8/15/18,WE4,228,
Q2,1,8/16/18 10:30,2.82,2.3,0.95,0.81,0.73,6.88,83.71,0,23.3,8/15/18,WE4,228,
Q2,1,8/16/18 10:30,2.79,2.6,1.24,0.33,0.73,6.96,83.66,0.02,23.3,8/15/18,WE4,228,
Q3,1,8/16/18 10:31,2.78,2.07,0.82,1.07,0.77,6.73,83.45,0,23.36,8/15/18,WE4,228,
Q3,1,8/16/18 10:31,2.73,2.33,0.59,1.14,0.79,6.79,83.39,0,23.36,8/15/18,WE4,228,
Q3,1,8/16/18 10:31,2.32,2.52,1.45,0.32,0.74,6.61,83.55,0,23.36,8/15/18,WE4,228,
Q3,1,8/16/18 10:31,2.5,2.88,1.58,0.08,0.75,7.04,83.46,0.01,23.36,8/15/18,WE4,228,
Q3,1,8/16/18 10:31,2.17,2.51,1.36,0.45,0.79,6.49,83.46,0.02,23.36,8/15/18,WE4,228,
Q3,1,8/16/18 10:31,2.03,3.04,1.74,0,0.77,6.81,83.39,0.01,23.36,8/15/18,WE4,228,
Q3,1,8/16/18 10:31,2.43,2.47,1.21,0.36,0.78,6.48,83.57,-0.01,23.35,8/15/18,WE4,228,
Q3,1,8/16/18 10:31,2.48,2.72,1.39,0.32,0.77,6.91,83.56,-0.01,23.36,8/15/18,WE4,228,
Q3,1,8/16/18 10:31,2.4,2.47,0.96,1.44,0.75,7.27,83.41,-0.01,23.36,8/15/18,WE4,228,
Q3,1,8/16/18 10:31,2.42,2.44,1.33,0.37,0.74,6.57,83.53,0,23.36,8/15/18,WE4,228,
Q3,1,8/16/18 10:31,2.27,2.22,1.32,0.44,0.74,6.25,83.59,0,23.35,8/15/18,WE4,228,
Q3,1,8/16/18 10:31,2.8,2.06,0.95,0.62,0.73,6.44,83.45,0.03,23.35,8/15/18,WE4,228,
Q3,1,8/16/18 10:31,2.35,2.7,1.71,0,0.68,6.76,83.57,0,23.35,8/15/18,WE4,228,
Q3,1,8/16/18 10:31,2.89,2.18,0.71,0.86,0.75,6.64,83.46,-0.03,23.36,8/15/18,WE4,228,
Q3,1,8/16/18 10:31,2.31,2.08,0.93,1.02,0.78,6.35,83.32,-0.01,23.36,8/15/18,WE4,228,
Q3,1,8/16/18 10:31,2.5,1.98,0.98,0.79,0.75,6.25,83.59,0,23.36,8/15/18,WE4,228,
Q3,1,8/16/18 10:31,2.38,2.21,1.42,0.1,0.71,6.12,83.49,-0.01,23.35,8/15/18,WE4,228,
Q3,1,8/16/18 10:31,2.64,1.97,1.17,0.57,0.75,6.35,83.48,-0.01,23.35,8/15/18,WE4,228,
Q3,1,8/16/18 10:31,2.39,2.29,0.99,0.69,0.77,6.36,83.68,0,23.36,8/15/18,WE4,228,
Q3,1,8/16/18 10:31,2.24,2.68,1.66,0,0.73,6.58,83.6,0,23.37,8/15/18,WE4,228,
Q3,1,8/16/18 10:31,2.24,2.62,1.52,0.5,0.72,6.89,83.55,-0.01,23.36,8/15/18,WE4,228,
Q3,1,8/16/18 10:31,1.72,2.34,1.96,0,0.72,6.02,83.42,-0.02,23.35,8/15/18,WE4,228,
Q3,1,8/16/18 10:31,2.37,2.3,1.27,0.55,0.71,6.49,83.5,-0.01,23.36,8/15/18,WE4,228,
Q3,1,8/16/18 10:31,2.28,2.11,1.21,0.37,0.74,5.98,83.51,0,23.36,8/15/18,WE4,228,
Q3,1,8/16/18 10:31,1.89,2.92,1.88,0,0.75,6.69,83.52,0,23.36,8/15/18,WE4,228,
Q3,1,8/16/18 10:31,2.08,2.62,1.91,0,0.69,6.62,83.38,0.02,23.36,8/15/18,WE4,228,
Q3,1,8/16/18 10:32,2.78,2.38,0.96,0.66,0.76,6.77,83.56,-0.01,23.36,8/15/18,WE4,228,
Q3,1,8/16/18 10:32,2.18,3.04,1.43,0.34,0.78,6.99,83.44,-0.02,23.36,8/15/18,WE4,228,
Q3,1,8/16/18 10:32,2.51,2.3,1.36,0.16,0.71,6.33,83.59,-0.01,23.36,8/15/18,WE4,228,
Q3,1,8/16/18 10:32,1.82,3.2,1.98,0,0.73,7,83.48,0,23.36,8/15/18,WE4,228,
Q3,1,8/16/18 10:32,1.85,2.48,1.68,0.35,0.72,6.36,83.42,0.01,23.37,8/15/18,WE4,228,
Q3,1,8/16/18 10:32,2.46,2.25,1.11,0.51,0.73,6.33,83.36,-0.02,23.36,8/15/18,WE4,228,
Q3,1,8/16/18 10:32,2.46,2.24,1.16,0.38,0.73,6.24,83.62,-0.01,23.36,8/15/18,WE4,228,
Q3,1,8/16/18 10:32,2.37,2.42,1.51,0.03,0.7,6.34,83.56,-0.01,23.37,8/15/18,WE4,228,
Q3,1,8/16/18 10:32,2.41,2.37,1.3,0.28,0.76,6.35,83.51,0.01,23.37,8/15/18,WE4,228,
Q3,1,8/16/18 10:32,2.73,2.05,0.87,0.72,0.72,6.37,83.52,0.01,23.36,8/15/18,WE4,228,
Q3,1,8/16/18 10:32,2.27,2.7,1.55,0,0.73,6.52,83.48,-0.01,23.36,8/15/18,WE4,228,
Q3,1,8/16/18 10:32,2.26,2.23,1.37,0.35,0.72,6.21,83.34,0.02,23.38,8/15/18,WE4,228,
Q3,1,8/16/18 10:32,1.97,2.6,1.9,0,0.71,6.47,83.44,0,23.36,8/15/18,WE4,228,
Q4,1,8/16/18 10:33,2.48,2.39,1.66,0.07,0.69,6.59,83.5,0,23.39,8/15/18,WE4,228,
Q4,1,8/16/18 10:33,2.52,2.34,1.28,0.52,0.74,6.67,83.58,0.01,23.39,8/15/18,WE4,228,
Q4,1,8/16/18 10:33,2.24,2.91,1.75,0.02,0.73,6.92,83.51,0,23.4,8/15/18,WE4,228,
Q4,1,8/16/18 10:33,2.98,2.3,1.12,0.32,0.71,6.71,83.67,-0.02,23.39,8/15/18,WE4,228,
Q4,1,8/16/18 10:33,2.32,2.86,1.87,0,0.69,7.05,83.66,0,23.39,8/15/18,WE4,228,
Q4,1,8/16/18 10:33,2.49,2.32,1.68,0,0.67,6.49,83.59,-0.01,23.39,8/15/18,WE4,228,
Q4,1,8/16/18 10:33,2.44,2.44,1.5,0.17,0.72,6.56,83.68,-0.01,23.4,8/15/18,WE4,228,
Q4,1,8/16/18 10:33,2.32,2.54,1.7,0.23,0.69,6.79,83.74,0,23.4,8/15/18,WE4,228,
Q4,1,8/16/18 10:33,2.47,2.45,1.56,0.2,0.7,6.69,83.62,0,23.39,8/15/18,WE4,228,
Q4,1,8/16/18 10:33,2.14,2.97,1.87,0,0.7,6.99,83.58,-0.02,23.39,8/15/18,WE4,228,
Q4,1,8/16/18 10:33,2.43,2.5,1.56,0,0.69,6.5,83.65,-0.03,23.38,8/15/18,WE4,228,
Q4,1,8/16/18 10:33,2.57,2.16,1.34,0.33,0.69,6.39,83.64,0.01,23.39,8/15/18,WE4,228,
Q4,1,8/16/18 10:33,2.12,2.62,2,0,0.7,6.75,83.73,-0.01,23.39,8/15/18,WE4,228,
Q4,1,8/16/18 10:33,2.47,2.26,1.54,0.31,0.67,6.58,83.62,0.02,23.39,8/15/18,WE4,228,
Q4,1,8/16/18 10:33,2.38,2.55,1.58,0,0.7,6.51,83.61,0.01,23.39,8/15/18,WE4,228,
Q4,1,8/16/18 10:33,2.69,2.13,1.2,0.48,0.7,6.5,83.65,-0.01,23.39,8/15/18,WE4,228,
Q4,1,8/16/18 10:34,2.3,2.62,1.65,0.15,0.69,6.72,83.61,-0.01,23.4,8/15/18,WE4,228,
Q4,1,8/16/18 10:34,2.43,2.33,1.41,0.28,0.71,6.45,83.68,-0.01,23.4,8/15/18,WE4,228,
Q4,1,8/16/18 10:34,2.29,2.49,1.53,0.24,0.71,6.55,83.56,0,23.4,8/15/18,WE4,228,
Q4,1,8/16/18 10:34,2.79,2.26,0.99,0.49,0.69,6.52,83.58,0,23.4,8/15/18,WE4,228,
Q4,1,8/16/18 10:34,2.42,2.4,1.26,0.36,0.73,6.44,83.52,0.01,23.4,8/15/18,WE4,228,
Q4,1,8/16/18 10:34,2.51,2.18,1.42,0.25,0.71,6.35,83.58,-0.02,23.39,8/15/18,WE4,228,
Q4,1,8/16/18 10:34,2.09,2.52,1.82,0.07,0.71,6.49,83.67,-0.01,23.4,8/15/18,WE4,228,
Q4,1,8/16/18 10:34,2.56,2.15,1.08,0.7,0.72,6.49,83.59,0.02,23.39,8/15/18,WE4,228,
Q4,1,8/16/18 10:34,2.55,2.57,1.55,0,0.67,6.66,83.64,0,23.4,8/15/18,WE4,228,
Q4,1,8/16/18 10:34,2.43,2.31,1.55,0,0.69,6.3,83.75,0.01,23.39,8/15/18,WE4,228,
Q4,1,8/16/18 10:34,2.49,2.31,1.34,0.36,0.66,6.5,83.62,-0.01,23.39,8/15/18,WE4,228,
Q4,1,8/16/18 10:34,1.51,2.52,2.26,0.13,0.66,6.43,83.74,0,23.4,8/15/18,WE4,228,
Q4,1,8/16/18 10:34,1.86,2.17,1.88,0.34,0.64,6.25,83.65,0,23.4,8/15/18,WE4,228,
Q4,1,8/16/18 10:34,1.72,2.43,1.55,0.71,0.76,6.41,83.6,0.01,23.39,8/15/18,WE4,228,
Q4,1,8/16/18 10:34,1.74,2.37,2.01,0,0.7,6.13,83.68,0,23.39,8/15/18,WE4,228,
Q4,1,8/16/18 10:34,1.83,2.48,2.07,0,0.66,6.38,83.75,-0.01,23.39,8/15/18,WE4,228,
Q4,1,8/16/18 10:34,1.94,2.4,2.01,0,0.58,6.35,83.77,0,23.4,8/15/18,WE4,228,
Q4,1,8/16/18 10:34,2.06,2.47,2.05,0,0.63,6.58,83.71,-0.01,23.39,8/15/18,WE4,228,
Q4,1,8/16/18 10:34,1.85,2.46,2.05,0.01,0.64,6.37,83.6,0,23.4,8/15/18,WE4,228,
Q4,1,8/16/18 10:34,2.34,2.57,1.72,0,0.66,6.63,83.61,-0.01,23.4,8/15/18,WE4,228,
Q4,1,8/16/18 10:34,2.4,2.17,1.5,0.31,0.71,6.38,83.63,0.01,23.4,8/15/18,WE4,228,
Q4,1,8/16/18 10:34,2.31,2.44,1.43,0.41,0.72,6.58,83.62,0.01,23.4,8/15/18,WE4,228,
Q4,1,8/16/18 10:34,2.7,2.25,1.17,0.39,0.64,6.51,83.51,-0.02,23.4,8/15/18,WE4,228,
Q4,1,8/16/18 10:34,2.2,2.28,1.91,0,0.63,6.39,83.74,-0.01,23.4,8/15/18,WE4,228,
Q4,1,8/16/18 10:34,2.47,2.22,1.57,0.22,0.71,6.48,83.68,-0.02,23.4,8/15/18,WE4,228,
C1,FM,8/16/18 13:47,2.92,2.65,1.69,0.78,0.66,8.04,82.5,0,25.68,8/15/18,WE4,228,
C1,FM,8/16/18 13:47,3.12,2.65,1.74,0.45,0.67,7.96,82.54,0.03,25.68,8/15/18,WE4,228,
C1,FM,8/16/18 13:47,3.17,2.47,0.95,1.29,0.72,7.89,82.52,0.03,25.68,8/15/18,WE4,228,
C1,FM,8/16/18 13:47,2.85,2.85,1.54,0.57,0.74,7.8,82.36,0.03,25.7,8/15/18,WE4,228,
C1,FM,8/16/18 13:48,2.69,2.63,1.23,1.5,0.72,8.05,82.36,0.03,25.7,8/15/18,WE4,228,
C1,FM,8/16/18 13:48,2.77,2.51,1.59,0.96,0.73,7.82,82.55,0.05,25.7,8/15/18,WE4,228,
C1,FM,8/16/18 13:48,2.97,2.43,1.57,0.76,0.72,7.73,82.36,0.04,25.7,8/15/18,WE4,228,
C1,FM,8/16/18 13:48,3.06,2.49,1.81,0.24,0.66,7.6,82.68,0.02,25.7,8/15/18,WE4,228,
C1,FM,8/16/18 13:48,2.7,2.91,2.39,0,0.67,7.99,82.65,0.04,25.71,8/15/18,WE4,228,
C1,FM,8/16/18 13:48,2.55,2.59,2.04,0.21,0.7,7.38,82.67,0.06,25.7,8/15/18,WE4,228,
C1,FM,8/16/18 13:48,3.06,2.67,1.6,0.62,0.66,7.95,82.56,0.07,25.71,8/15/18,WE4,228,
C1,FM,8/16/18 13:48,2.9,2.82,2.09,0,0.66,7.81,82.57,0.04,25.71,8/15/18,WE4,228,
C1,FM,8/16/18 13:48,2.62,3.04,2.11,0.39,0.71,8.16,82.34,0.04,25.7,8/15/18,WE4,228,
C1,FM,8/16/18 13:48,2.96,2.6,1.97,0,0.67,7.53,82.6,0.03,25.7,8/15/18,WE4,228,
C1,FM,8/16/18 13:48,2.82,2.85,1.91,0.35,0.68,7.93,82.52,0.03,25.71,8/15/18,WE4,228,
C1,FM,8/16/18 13:48,3.5,2.42,0.42,1.81,0.76,8.16,82.63,0.03,25.71,8/15/18,WE4,228,
C1,FM,8/16/18 13:48,2.5,2.84,1.98,0.6,0.72,7.93,82.36,0.04,25.71,8/15/18,WE4,228,
C1,FM,8/16/18 13:48,2.83,2.75,2.03,0.12,0.66,7.72,82.52,0.04,25.71,8/15/18,WE4,228,
C1,FM,8/16/18 13:48,3.33,2.34,1.19,0.81,0.69,7.67,82.54,0.02,25.71,8/15/18,WE4,228,
C1,FM,8/16/18 13:48,2.94,2.57,1.84,0.33,0.66,7.67,82.65,0.01,25.71,8/15/18,WE4,228,
C1,FM,8/16/18 13:48,2.81,2.57,1.8,0.48,0.68,7.67,82.56,0.02,25.71,8/15/18,WE4,228,
C1,FM,8/16/18 13:48,2.89,2.6,1.53,0.7,0.72,7.72,82.57,0.04,25.71,8/15/18,WE4,228,
C1,FM,8/16/18 13:48,2.86,2.77,1.56,0.61,0.72,7.8,82.35,0.02,25.71,8/15/18,WE4,228,
C1,FM,8/16/18 13:48,3.05,2.48,1.99,0.26,0.63,7.78,82.46,0.02,25.71,8/15/18,WE4,228,
C1,FM,8/16/18 13:48,2.94,2.95,1.73,0.61,0.74,8.23,82.43,0.06,25.71,8/15/18,WE4,228,
C1,FM,8/16/18 13:48,2.68,2.56,1.74,0.49,0.7,7.46,82.63,0.02,25.71,8/15/18,WE4,228,
C1,FM,8/16/18 13:48,2.78,2.48,1.61,0.62,0.69,7.48,82.46,0.03,25.72,8/15/18,WE4,228,
C1,FM,8/16/18 13:48,2.49,2.77,2.41,0.01,0.64,7.68,82.67,0.03,25.71,8/15/18,WE4,228,
C1,FM,8/16/18 13:48,3.04,2.74,1.5,0.63,0.7,7.9,82.47,0.04,25.71,8/15/18,WE4,228,
C1,FM,8/16/18 13:48,3.03,2.31,1.73,0.31,0.65,7.38,82.59,0.07,25.71,8/15/18,WE4,228,
C1,FM,8/16/18 13:48,2.43,2.75,2.25,0,0.68,7.43,82.57,0.08,25.72,8/15/18,WE4,228,
C1,FM,8/16/18 13:48,3.08,2.85,1.48,0.62,0.69,8.03,82.56,0.05,25.72,8/15/18,WE4,228,
C1,FM,8/16/18 13:48,2.9,2.53,1.88,0.37,0.66,7.68,82.65,0.05,25.73,8/15/18,WE4,228,
C1,FM,8/16/18 13:48,2.23,2.72,2.3,0.16,0.71,7.41,82.63,0.04,25.71,8/15/18,WE4,228,
C1,FM,8/16/18 13:48,3.2,2.6,1.52,0.36,0.7,7.69,82.76,0.1,25.72,8/15/18,WE4,228,
C1,FM,8/16/18 13:48,2.56,2.93,2.18,0.23,0.71,7.89,82.58,0.08,25.72,8/15/18,WE4,228,
C1,FM,8/16/18 13:48,2.73,2.71,1.65,0.5,0.71,7.59,82.57,0.08,25.72,8/15/18,WE4,228,
C1,FM,8/16/18 13:48,2.47,2.78,1.95,0.43,0.71,7.63,82.68,0.03,25.72,8/15/18,WE4,228,
C1,FM,8/16/18 13:48,3.01,2.46,1.36,0.87,0.69,7.7,82.53,0.02,25.71,8/15/18,WE4,228,
C1,FM,8/16/18 13:48,3.29,2.74,1.43,0.55,0.67,8.01,82.63,0.04,25.71,8/15/18,WE4,228,
C1,FM,8/16/18 13:48,2.81,2.58,1.7,0.54,0.67,7.64,82.59,0.02,25.72,8/15/18,WE4,228,
C2,FM,8/16/18 13:52,3.08,3.03,2.03,0.08,0.63,8.22,82.73,0,25.73,8/15/18,WE4,228,
C2,FM,8/16/18 13:52,2.81,3.46,2.34,0,0.67,8.6,82.5,0.03,25.72,8/15/18,WE4,228,
C2,FM,8/16/18 13:52,2.9,3,1.94,0.25,0.65,8.09,82.76,0.01,25.73,8/15/18,WE4,228,
C2,FM,8/16/18 13:52,2.84,3.43,2.19,0,0.68,8.46,82.4,0.03,25.73,8/15/18,WE4,228,
C2,FM,8/16/18 13:52,2.72,3.17,2.03,0.16,0.69,8.08,82.74,0.03,25.73,8/15/18,WE4,228,
C2,FM,8/16/18 13:52,3.1,2.94,2.05,0.08,0.62,8.18,82.57,-0.01,25.73,8/15/18,WE4,228,
C2,FM,8/16/18 13:52,3.45,2.85,1.72,0.4,0.64,8.42,82.71,0.03,25.73,8/15/18,WE4,228,
C2,FM,8/16/18 13:52,3.28,2.37,1.02,1.24,0.69,7.91,82.41,0.01,25.73,8/15/18,WE4,228,
C2,FM,8/16/18 13:52,3.4,2.23,1.33,0.76,0.68,7.72,82.61,0.01,25.73,8/15/18,WE4,228,
C2,FM,8/16/18 13:52,3.37,2.81,1.54,0.42,0.63,8.14,82.66,0.02,25.73,8/15/18,WE4,228,
C2,FM,8/16/18 13:52,2.94,3.42,2.17,0,0.66,8.54,82.63,0.01,25.73,8/15/18,WE4,228,
C2,FM,8/16/18 13:52,3.28,2.54,1.11,1.18,0.7,8.1,82.39,0,25.73,8/15/18,WE4,228,
C2,FM,8/16/18 13:52,3.32,2.38,0.98,1.18,0.71,7.86,82.87,0.02,25.74,8/15/18,WE4,228,
C2,FM,8/16/18 13:52,3.39,2.4,0.94,1.42,0.69,8.16,82.54,0.03,25.73,8/15/18,WE4,228,
C2,FM,8/16/18 13:52,3.23,2.62,1.4,0.76,0.66,8.01,82.82,0.03,25.73,8/15/18,WE4,228,
C2,FM,8/16/18 13:52,3.23,2.44,1.45,0.77,0.66,7.88,82.61,0,25.74,8/15/18,WE4,228,
C2,FM,8/16/18 13:52,2.84,3,2.11,0.17,0.65,8.12,82.67,0.02,25.74,8/15/18,WE4,228,
C2,FM,8/16/18 13:52,3.17,3.06,1.82,0.45,0.69,8.5,82.57,0,25.73,8/15/18,WE4,228,
C2,FM,8/16/18 13:52,3.45,2.46,1.51,0.51,0.64,7.92,82.6,0.01,25.73,8/15/18,WE4,228,
C2,FM,8/16/18 13:52,3.49,2.36,1.62,0.31,0.63,7.78,82.76,0.01,25.74,8/15/18,WE4,228,
C2,FM,8/16/18 13:52,2.71,2.65,1.61,0.56,0.71,7.53,82.64,0.02,25.74,8/15/18,WE4,228,
C2,FM,8/16/18 13:52,2.99,2.56,1.64,0.76,0.65,7.95,82.7,0.05,25.75,8/15/18,WE4,228,
C2,FM,8/16/18 13:52,3.47,2.4,1.13,0.91,0.66,7.91,82.54,0.02,25.75,8/15/18,WE4,228,
C2,FM,8/16/18 13:52,3.17,2.74,1.42,0.62,0.68,7.94,82.62,0.02,25.74,8/15/18,WE4,228,
C2,FM,8/16/18 13:52,3.09,2.63,1.58,0.59,0.65,7.9,82.74,0.02,25.75,8/15/18,WE4,228,
C2,FM,8/16/18 13:52,2.76,2.71,1.98,0.26,0.67,7.72,82.68,0.02,25.74,8/15/18,WE4,228,
C2,FM,8/16/18 13:52,3.24,2.24,1.48,0.63,0.63,7.6,82.86,0.01,25.75,8/15/18,WE4,228,
C2,FM,8/16/18 13:52,3.05,2.71,1.67,0.56,0.65,7.99,82.68,0.03,25.75,8/15/18,WE4,228,
C2,FM,8/16/18 13:52,3.25,2.68,1.39,0.69,0.68,8.01,82.64,0.03,25.77,8/15/18,WE4,228,
C2,FM,8/16/18 13:52,3.32,2.55,0.97,1.09,0.73,7.93,82.46,0.04,25.76,8/15/18,WE4,228,
C2,FM,8/16/18 13:52,2.85,2.66,1.91,0.55,0.67,7.96,82.91,0.04,25.76,8/15/18,WE4,228,
C3,FM,8/16/18 13:54,3.17,2.85,1.45,0.77,0.65,8.24,82.3,0,25.78,8/15/18,WE4,228,
C3,FM,8/16/18 13:54,3.03,2.76,1.78,0.41,0.66,7.98,82.27,-0.01,25.78,8/15/18,WE4,228,
C3,FM,8/16/18 13:54,3.01,2.67,1.38,0.66,0.68,7.72,82.17,-0.02,25.77,8/15/18,WE4,228,
C3,FM,8/16/18 13:54,3.26,2.15,1.5,0.59,0.65,7.5,82.28,-0.01,25.77,8/15/18,WE4,228,
C3,FM,8/16/18 13:54,2.91,2.56,1.9,0,0.66,7.37,82.33,0,25.77,8/15/18,WE4,228,
C3,FM,8/16/18 13:54,2.74,2.67,1.86,0.26,0.68,7.53,82.3,-0.02,25.78,8/15/18,WE4,228,
C3,FM,8/16/18 13:54,3.05,2.11,1.51,0.56,0.64,7.23,82.39,0,25.78,8/15/18,WE4,228,
C3,FM,8/16/18 13:54,2.9,2.42,1.6,0.63,0.69,7.56,82.32,0,25.78,8/15/18,WE4,228,
C3,FM,8/16/18 13:54,3.06,2.38,1.86,0.09,0.66,7.39,82.36,0,25.78,8/15/18,WE4,228,
C3,FM,8/16/18 13:54,3.25,2.87,1.91,0,0.62,8.03,82.32,0.03,25.78,8/15/18,WE4,228,
C3,FM,8/16/18 13:54,3.12,2.47,1.62,0.28,0.66,7.49,82.32,-0.01,25.78,8/15/18,WE4,228,
C3,FM,8/16/18 13:54,3.21,2.29,1.62,0.43,0.64,7.55,82.26,0,25.79,8/15/18,WE4,228,
C3,FM,8/16/18 13:54,3.13,2.31,1.5,0.47,0.66,7.41,82.44,-0.02,25.78,8/15/18,WE4,228,
C3,FM,8/16/18 13:54,3.22,2.08,1.29,0.64,0.67,7.23,82.35,0.01,25.78,8/15/18,WE4,228,
C3,FM,8/16/18 13:54,3.22,2.31,1.48,0.44,0.65,7.44,82.3,0,25.78,8/15/18,WE4,228,
C3,FM,8/16/18 13:54,2.85,2.42,1.9,0,0.66,7.17,82.44,0,25.78,8/15/18,WE4,228,
C3,FM,8/16/18 13:54,3.16,2.33,1.46,0.4,0.67,7.36,82.49,-0.02,25.78,8/15/18,WE4,228,
C3,FM,8/16/18 13:54,2.89,2.28,1.46,0.52,0.68,7.14,82.27,0,25.78,8/15/18,WE4,228,
C3,FM,8/16/18 13:54,3.07,2.1,1.24,0.67,0.67,7.09,82.5,-0.02,25.78,8/15/18,WE4,228,
C3,FM,8/16/18 13:54,2.81,3.02,1.93,0,0.67,7.76,82.19,-0.01,25.79,8/15/18,WE4,228,
C3,FM,8/16/18 13:54,3.07,2.66,1.13,1.15,0.69,8.01,82.43,-0.01,25.79,8/15/18,WE4,228,
C3,FM,8/16/18 13:54,3.21,2.27,1.29,0.9,0.62,7.67,82.34,-0.01,25.78,8/15/18,WE4,228,
C3,FM,8/16/18 13:54,2.25,2.91,2.55,0,0.65,7.71,82.25,-0.04,25.78,8/15/18,WE4,228,
C3,FM,8/16/18 13:54,3.02,2.54,1.45,0.74,0.65,7.74,82.4,-0.01,25.78,8/15/18,WE4,228,
C3,FM,8/16/18 13:54,3.02,2.31,1.01,1.32,0.71,7.66,82.36,-0.01,25.78,8/15/18,WE4,228,
C3,FM,8/16/18 13:54,3.18,2.19,1.53,0.29,0.63,7.2,82.39,-0.02,25.79,8/15/18,WE4,228,
C3,FM,8/16/18 13:54,3.25,2.11,1.43,0.57,0.62,7.36,82.37,0.01,25.79,8/15/18,WE4,228,
C3,FM,8/16/18 13:54,3.05,1.93,1.4,0.63,0.67,7.01,82.32,0,25.78,8/15/18,WE4,228,
C3,FM,8/16/18 13:54,3.16,2.23,1.39,0.61,0.68,7.38,82.32,-0.03,25.79,8/15/18,WE4,228,
Q1,FM,8/16/18 13:55,2.15,2.38,1.15,0.13,0.74,5.81,82.75,0,25.76,8/15/18,WE4,228,
Q1,FM,8/16/18 13:55,1.66,2.4,1.46,0,0.74,5.52,82.7,0,25.76,8/15/18,WE4,228,
Q1,FM,8/16/18 13:55,2.18,2.34,0.82,0.36,0.75,5.7,82.71,0.02,25.76,8/15/18,WE4,228,
Q1,FM,8/16/18 13:55,1.79,2.37,1.17,0.23,0.77,5.56,82.6,0.01,25.76,8/15/18,WE4,228,
Q1,FM,8/16/18 13:55,1.7,2.89,1.41,0,0.79,5.99,82.58,0,25.77,8/15/18,WE4,228,
Q1,FM,8/16/18 13:55,1.86,2.47,1.16,0,0.77,5.5,82.45,-0.01,25.76,8/15/18,WE4,228,
Q1,FM,8/16/18 13:55,2.2,2.22,0.66,0.45,0.77,5.53,82.71,0,25.76,8/15/18,WE4,228,
Q1,FM,8/16/18 13:55,1.97,2.64,1.37,0,0.75,5.99,82.53,0,25.77,8/15/18,WE4,228,
Q1,FM,8/16/18 13:55,2.45,2.68,0.77,0,0.76,5.9,82.74,-0.01,25.78,8/15/18,WE4,228,
Q1,FM,8/16/18 13:55,1.87,2.25,1.29,0,0.71,5.42,82.61,0,25.77,8/15/18,WE4,228,
Q1,FM,8/16/18 13:55,1.89,2.68,0.95,0.38,0.82,5.9,82.62,-0.02,25.77,8/15/18,WE4,228,
Q1,FM,8/16/18 13:55,2.03,2.82,1.06,0,0.72,5.91,82.58,-0.01,25.77,8/15/18,WE4,228,
Q1,FM,8/16/18 13:55,1.98,2.86,0.98,0,0.78,5.82,82.6,-0.01,25.78,8/15/18,WE4,228,
Q1,FM,8/16/18 13:55,2.33,2.3,0.83,0.08,0.76,5.53,82.66,0.02,25.78,8/15/18,WE4,228,
Q1,FM,8/16/18 13:55,2.02,2.5,0.92,0,0.78,5.44,82.81,0.04,25.78,8/15/18,WE4,228,
Q1,FM,8/16/18 13:56,2.13,2.19,0.95,0.31,0.71,5.58,82.61,0.05,25.78,8/15/18,WE4,228,
Q1,FM,8/16/18 13:56,2.18,2.05,0.62,0.44,0.74,5.3,82.65,0.03,25.79,8/15/18,WE4,228,
Q1,FM,8/16/18 13:56,2.21,2.26,0.78,0.36,0.77,5.62,82.58,0.01,25.78,8/15/18,WE4,228,
Q1,FM,8/16/18 13:56,2.13,2.31,1,0,0.75,5.44,82.72,-0.01,25.79,8/15/18,WE4,228,
Q1,FM,8/16/18 13:56,2.12,2.7,1.14,0,0.75,5.95,82.62,-0.02,25.78,8/15/18,WE4,228,
Q1,FM,8/16/18 13:56,2.15,2.21,0.73,0.46,0.74,5.56,82.69,-0.01,25.79,8/15/18,WE4,228,
Q1,FM,8/16/18 13:56,1.91,2.69,1.03,0,0.75,5.63,82.46,0.01,25.8,8/15/18,WE4,228,
Q1,FM,8/16/18 13:56,2.11,2.48,0.77,0.52,0.77,5.88,82.73,0,25.8,8/15/18,WE4,228,
Q1,FM,8/16/18 13:56,1.78,2.86,1.34,0,0.74,5.99,82.63,0,25.79,8/15/18,WE4,228,
Q1,FM,8/16/18 13:56,2.07,2.36,1.03,0,0.73,5.47,82.67,0,25.79,8/15/18,WE4,228,
Q1,FM,8/16/18 13:56,1.88,2.44,1.24,0,0.74,5.56,82.8,0.01,25.8,8/15/18,WE4,228,
Q1,FM,8/16/18 13:56,1.84,2.67,1.33,0.04,0.77,5.87,82.65,-0.02,25.8,8/15/18,WE4,228,
Q1,FM,8/16/18 13:56,1.93,2.25,0.92,0.21,0.77,5.3,82.68,0,25.79,8/15/18,WE4,228,
Q1,FM,8/16/18 13:56,2.12,2.4,1.02,0,0.74,5.54,82.67,0,25.79,8/15/18,WE4,228,
Q1,FM,8/16/18 13:56,2.27,2.17,0.91,0,0.75,5.35,82.76,-0.02,25.8,8/15/18,WE4,228,
Q1,FM,8/16/18 13:56,2.06,2.48,0.95,0.1,0.75,5.59,82.78,-0.01,25.79,8/15/18,WE4,228,
Q1,FM,8/16/18 13:56,2.18,2.92,0.95,0,0.74,6.05,82.6,0,25.8,8/15/18,WE4,228,
Q1,FM,8/16/18 13:56,2.01,2.59,1.16,0.01,0.75,5.77,82.53,-0.03,25.79,8/15/18,WE4,228,
Q1,FM,8/16/18 13:56,2,2.26,0.86,0.23,0.77,5.34,82.79,0.01,25.8,8/15/18,WE4,228,
Q1,FM,8/16/18 13:56,2.13,2.17,0.94,0,0.75,5.24,82.72,-0.01,25.8,8/15/18,WE4,228,
Q1,FM,8/16/18 13:56,2,2.34,0.97,0.14,0.77,5.44,82.66,-0.01,25.81,8/15/18,WE4,228,
Q2,FM,8/16/18 13:57,2.45,2,0.83,0.4,0.72,5.68,82.59,0,25.81,8/15/18,WE4,228,
Q2,FM,8/16/18 13:57,2.21,2.06,1.13,0.4,0.72,5.8,82.71,0.01,25.81,8/15/18,WE4,228,
Q2,FM,8/16/18 13:57,2.3,2.32,1.09,0.18,0.73,5.88,82.52,0.03,25.8,8/15/18,WE4,228,
Q2,FM,8/16/18 13:57,2.42,2.36,1.04,0.23,0.74,6.06,82.46,-0.01,25.81,8/15/18,WE4,228,
Q2,FM,8/16/18 13:57,2.26,2.19,1.15,0.17,0.72,5.76,82.69,-0.02,25.8,8/15/18,WE4,228,
Q2,FM,8/16/18 13:57,2.19,2.17,1.13,0.15,0.71,5.65,82.49,0,25.8,8/15/18,WE4,228,
Q2,FM,8/16/18 13:57,2.38,2.08,0.84,0.57,0.72,5.86,82.61,-0.01,25.82,8/15/18,WE4,228,
Q2,FM,8/16/18 13:57,2.09,2.26,1.39,0.01,0.69,5.75,82.65,-0.01,25.81,8/15/18,WE4,228,
Q2,FM,8/16/18 13:57,2.05,2.04,1.35,0,0.7,5.43,82.69,0.02,25.81,8/15/18,WE4,228,
Q2,FM,8/16/18 13:57,2.28,2.19,1.05,0.11,0.71,5.63,82.54,-0.01,25.81,8/15/18,WE4,228,
Q2,FM,8/16/18 13:57,2.36,2.09,1.11,0.02,0.69,5.58,82.72,-0.03,25.82,8/15/18,WE4,228,
Q2,FM,8/16/18 13:57,2.22,2.28,1.02,0.29,0.73,5.81,82.66,0,25.82,8/15/18,WE4,228,
Q2,FM,8/16/18 13:57,2.07,2.49,1.4,0,0.71,5.96,82.56,0.01,25.82,8/15/18,WE4,228,
Q2,FM,8/16/18 13:57,2.2,2.25,1.07,0.15,0.76,5.67,82.48,0.01,25.83,8/15/18,WE4,228,
Q2,FM,8/16/18 13:57,2.44,1.88,0.54,0.65,0.73,5.51,82.53,-0.01,25.82,8/15/18,WE4,228,
Q2,FM,8/16/18 13:57,1.9,2.27,1.25,0.29,0.76,5.71,82.62,0,25.82,8/15/18,WE4,228,
Q2,FM,8/16/18 13:57,2.05,2.17,1.35,0,0.71,5.57,82.49,0.01,25.82,8/15/18,WE4,228,
Q2,FM,8/16/18 13:57,2.1,2.35,1.39,0.08,0.72,5.92,82.47,-0.01,25.82,8/15/18,WE4,228,
Q2,FM,8/16/18 13:57,1.79,2.23,1.1,0.38,0.76,5.49,82.63,0.01,25.81,8/15/18,WE4,228,
Q2,FM,8/16/18 13:57,2.38,2.07,0.63,0.5,0.74,5.59,82.48,-0.02,25.83,8/15/18,WE4,228,
Q2,FM,8/16/18 13:57,2.14,2.16,0.74,0.58,0.76,5.61,82.53,0,25.83,8/15/18,WE4,228,
Q2,FM,8/16/18 13:57,1.9,2.17,1.33,0,0.73,5.39,82.73,-0.01,25.82,8/15/18,WE4,228,
Q2,FM,8/16/18 13:57,2.29,1.88,0.64,0.77,0.76,5.58,82.49,-0.02,25.82,8/15/18,WE4,228,
Q2,FM,8/16/18 13:57,2.45,2.05,0.88,0.19,0.72,5.57,82.67,0,25.83,8/15/18,WE4,228,
Q2,FM,8/16/18 13:58,1.81,2.43,1.42,0,0.69,5.66,82.53,0.05,25.82,8/15/18,WE4,228,
Q2,FM,8/16/18 13:58,2.17,2.27,1.13,0.23,0.72,5.79,82.64,0.04,25.84,8/15/18,WE4,228,
Q2,FM,8/16/18 13:58,1.99,2.3,0.97,0.47,0.74,5.73,82.51,0,25.82,8/15/18,WE4,228,
Q2,FM,8/16/18 13:58,2.38,1.89,0.63,0.73,0.74,5.62,82.44,-0.01,25.83,8/15/18,WE4,228,
Q2,FM,8/16/18 13:58,2.34,2.27,1.41,0,0.69,6.02,82.62,0.02,25.83,8/15/18,WE4,228,
Q2,FM,8/16/18 13:58,1.99,1.91,0.92,0.59,0.77,5.4,82.5,0,25.83,8/15/18,WE4,228,
Q2,FM,8/16/18 13:58,2.14,2,1.15,0.16,0.71,5.45,82.63,-0.01,25.83,8/15/18,WE4,228,
Q2,FM,8/16/18 13:58,2.15,2.65,1.27,0,0.7,6.07,82.55,-0.01,25.83,8/15/18,WE4,228,
Q2,FM,8/16/18 13:58,2.06,1.97,1.34,0,0.71,5.37,82.71,-0.01,25.82,8/15/18,WE4,228,
Q2,FM,8/16/18 13:58,1.96,2.54,1.35,0,0.73,5.86,82.64,-0.02,25.83,8/15/18,WE4,228,
Q2,FM,8/16/18 13:58,2.01,2.44,1.29,0.1,0.71,5.83,82.53,-0.01,25.83,8/15/18,WE4,228,
Q2,FM,8/16/18 13:58,2.11,2.18,0.9,0.51,0.73,5.7,82.69,-0.01,25.83,8/15/18,WE4,228,
Q2,FM,8/16/18 13:58,2.06,2.15,1.24,0,0.72,5.45,82.61,-0.01,25.84,8/15/18,WE4,228,
Q2,FM,8/16/18 13:58,2.33,1.98,0.73,0.54,0.75,5.57,82.68,-0.04,25.83,8/15/18,WE4,228,
Q2,FM,8/16/18 13:58,2.14,2.07,0.97,0.28,0.73,5.46,82.66,0,25.84,8/15/18,WE4,228,
Q2,FM,8/16/18 13:58,1.95,2.31,1.21,0.09,0.74,5.56,82.59,-0.03,25.83,8/15/18,WE4,228,
Q2,FM,8/16/18 13:58,2.29,2.23,0.82,0.49,0.75,5.84,82.55,-0.03,25.83,8/15/18,WE4,228,
Q3,FM,8/16/18 13:59,2.02,2.79,1.37,0,0.74,6.18,82.27,0,25.84,8/15/18,WE4,228,
Q3,FM,8/16/18 13:59,1.49,2.82,1.23,0.9,0.77,6.44,82.01,-0.01,25.84,8/15/18,WE4,228,
Q3,FM,8/16/18 13:59,1.43,2.85,1.36,0.53,0.79,6.17,82.22,-0.03,25.85,8/15/18,WE4,228,
Q3,FM,8/16/18 13:59,2.51,2.45,0.99,0.38,0.74,6.33,82.35,-0.02,25.85,8/15/18,WE4,228,
Q3,FM,8/16/18 13:59,1.84,2.74,1.5,0.11,0.73,6.19,82.31,-0.02,25.84,8/15/18,WE4,228,
Q3,FM,8/16/18 13:59,2.37,2.52,1,0.3,0.71,6.19,82.23,-0.03,25.84,8/15/18,WE4,228,
Q3,FM,8/16/18 13:59,1.98,2.81,1.41,0,0.75,6.21,82.04,-0.01,25.85,8/15/18,WE4,228,
Q3,FM,8/16/18 13:59,1.67,2.96,1.57,0,0.79,6.2,82.25,-0.01,25.85,8/15/18,WE4,228,
Q3,FM,8/16/18 13:59,2.63,2.16,0.64,0.47,0.69,5.9,82.36,-0.02,25.85,8/15/18,WE4,228,
Q3,FM,8/16/18 13:59,1.96,2.47,1.34,0.11,0.7,5.88,82.58,0.01,25.84,8/15/18,WE4,228,
Q3,FM,8/16/18 13:59,2.14,2.86,1.33,0,0.7,6.33,82.45,-0.03,25.85,8/15/18,WE4,228,
Q3,FM,8/16/18 13:59,2.16,2.41,0.9,0.68,0.75,6.14,82.48,-0.01,25.85,8/15/18,WE4,228,
Q3,FM,8/16/18 13:59,2.06,2.18,0.99,0.62,0.76,5.85,82.26,-0.01,25.86,8/15/18,WE4,228,
Q3,FM,8/16/18 13:59,2.45,2.11,0.62,0.76,0.7,5.94,82.26,-0.03,25.85,8/15/18,WE4,228,
Q3,FM,8/16/18 13:59,1.37,3.36,1.67,0,0.76,6.4,81.95,-0.02,25.86,8/15/18,WE4,228,
Q3,FM,8/16/18 13:59,1.14,3.75,1.72,0.35,0.81,6.96,82.17,0,25.86,8/15/18,WE4,228,
Q3,FM,8/16/18 13:59,2.35,2.65,1.13,0,0.68,6.13,82.39,-0.02,25.86,8/15/18,WE4,228,
Q3,FM,8/16/18 13:59,2.22,2.46,0.49,1.11,0.74,6.29,82.29,0.01,25.87,8/15/18,WE4,228,
Q3,FM,8/16/18 13:59,2.14,2.16,0.99,0.44,0.7,5.72,82.57,-0.03,25.86,8/15/18,WE4,228,
Q3,FM,8/16/18 13:59,1.64,3.05,1.6,0.04,0.74,6.33,81.9,-0.02,25.86,8/15/18,WE4,228,
Q3,FM,8/16/18 13:59,1.73,2.51,0.64,1.37,0.82,6.25,82.04,-0.02,25.86,8/15/18,WE4,228,
Q3,FM,8/16/18 13:59,1.82,2.82,1.38,0.38,0.72,6.41,82.29,-0.02,25.86,8/15/18,WE4,228,
Q3,FM,8/16/18 13:59,2.15,2.26,0.39,1.2,0.77,6,82.18,-0.03,25.86,8/15/18,WE4,228,
Q3,FM,8/16/18 13:59,1.71,2.73,1.46,0.13,0.75,6.02,82.34,-0.04,25.86,8/15/18,WE4,228,
Q3,FM,8/16/18 13:59,1.71,2.2,1.28,0.45,0.77,5.64,82.32,-0.04,25.88,8/15/18,WE4,228,
Q3,FM,8/16/18 13:59,2.09,2.7,1.32,0,0.66,6.11,82.45,-0.02,25.86,8/15/18,WE4,228,
Q3,FM,8/16/18 13:59,1.97,2.29,0.94,0.94,0.72,6.13,82.38,-0.02,25.85,8/15/18,WE4,228,
Q3,FM,8/16/18 13:59,1.8,3.53,1.48,0,0.76,6.81,82.22,-0.03,25.87,8/15/18,WE4,228,
Q3,FM,8/16/18 13:59,2.16,2.36,1,0.38,0.74,5.89,82.5,-0.01,25.86,8/15/18,WE4,228,
Q3,FM,8/16/18 13:59,2.01,2.3,1.04,0.48,0.75,5.82,82.58,-0.03,25.87,8/15/18,WE4,228,
Q3,FM,8/16/18 14:00,1.62,2.86,1.48,0.02,0.75,5.98,81.79,-0.05,25.87,8/15/18,WE4,228,
Q3,FM,8/16/18 14:00,1.22,3.57,1.87,0,0.74,6.66,82.26,-0.02,25.87,8/15/18,WE4,228,
Q3,FM,8/16/18 14:00,2.5,2.45,0,1.35,0.78,6.3,82.33,0.01,25.88,8/15/18,WE4,228,
Q3,FM,8/16/18 14:00,2.07,2.47,0.51,1.05,0.81,6.11,82.27,-0.02,25.86,8/15/18,WE4,228,
Q3,FM,8/16/18 14:00,1.91,2.57,1.45,0,0.72,5.92,82.4,0.02,25.88,8/15/18,WE4,228,
Q3,FM,8/16/18 14:00,1.54,3.42,1.61,0,0.75,6.57,82.42,0.03,25.88,8/15/18,WE4,228,
Q3,FM,8/16/18 14:00,1.95,3.18,1.37,0,0.71,6.5,82.39,-0.02,25.87,8/15/18,WE4,228,
Q3,FM,8/16/18 14:00,1.71,3.59,1.45,0,0.76,6.75,82.28,-0.05,25.87,8/15/18,WE4,228,
Q3,FM,8/16/18 14:00,2.72,1.99,0.17,1.1,0.74,5.97,82.43,-0.04,25.87,8/15/18,WE4,228,
Q3,FM,8/16/18 14:00,2.06,2.8,1.17,0.22,0.74,6.25,82.37,-0.04,25.88,8/15/18,WE4,228,
Q4,FM,8/16/18 14:01,2.34,2.24,0.13,1.39,0.71,6.1,82.58,0,25.88,8/15/18,WE4,228,
Q4,FM,8/16/18 14:01,1.81,2.8,1.44,0,0.69,6.06,82.51,0.02,25.87,8/15/18,WE4,228,
Q4,FM,8/16/18 14:01,2.4,2.62,0.89,0.38,0.68,6.29,82.56,0.02,25.88,8/15/18,WE4,228,
Q4,FM,8/16/18 14:01,1.78,3.21,1.32,0.25,0.72,6.57,82.48,0.03,25.87,8/15/18,WE4,228,
Q4,FM,8/16/18 14:01,2.29,2.6,0.78,0.83,0.65,6.49,82.45,0,25.87,8/15/18,WE4,228,
Q4,FM,8/16/18 14:01,2.59,2.04,0.59,0.62,0.68,5.85,82.6,0.01,25.87,8/15/18,WE4,228,
Q4,FM,8/16/18 14:01,2.53,2.13,0.91,0.15,0.66,5.72,82.5,0.04,25.88,8/15/18,WE4,228,
Q4,FM,8/16/18 14:01,2.69,2.06,0.44,0.63,0.67,5.82,82.52,0.01,25.87,8/15/18,WE4,228,
Q4,FM,8/16/18 14:01,1.79,2.76,1.12,0.47,0.72,6.14,82.36,0.02,25.87,8/15/18,WE4,228,
Q4,FM,8/16/18 14:01,2.26,2.34,0.96,0.35,0.66,5.91,82.51,0.02,25.88,8/15/18,WE4,228,
Q4,FM,8/16/18 14:01,1.92,3,1.44,0,0.7,6.36,82.54,0.01,25.87,8/15/18,WE4,228,
Q4,FM,8/16/18 14:01,1.55,2.36,1.23,0.52,0.7,5.66,82.59,-0.01,25.88,8/15/18,WE4,228,
Q4,FM,8/16/18 14:01,2.02,3.67,1.23,0,0.72,6.92,82.41,0.02,25.88,8/15/18,WE4,228,
Q4,FM,8/16/18 14:01,2.26,2.29,0.84,0.39,0.7,5.78,82.58,0,25.87,8/15/18,WE4,228,
Q4,FM,8/16/18 14:01,1.92,2.28,0.78,1.12,0.69,6.1,82.51,0.02,25.88,8/15/18,WE4,228,
Q4,FM,8/16/18 14:01,2.09,2.65,0.94,0.45,0.7,6.12,82.52,0.02,25.88,8/15/18,WE4,228,
Q4,FM,8/16/18 14:01,2.23,2.82,1.02,0.32,0.67,6.39,82.58,0.01,25.88,8/15/18,WE4,228,
Q4,FM,8/16/18 14:01,2.17,2.56,0.87,0.41,0.7,6,82.45,-0.01,25.88,8/15/18,WE4,228,
Q4,FM,8/16/18 14:01,2.21,2.89,1.28,0,0.66,6.38,82.58,0.01,25.88,8/15/18,WE4,228,
Q4,FM,8/16/18 14:01,2.11,2.57,0.95,0.3,0.71,5.93,82.48,0.01,25.88,8/15/18,WE4,228,
Q4,FM,8/16/18 14:01,2.11,2.75,1,0.26,0.69,6.11,82.6,0.01,25.88,8/15/18,WE4,228,
Q4,FM,8/16/18 14:01,2.18,3.1,0.94,0.41,0.7,6.62,82.5,0.03,25.88,8/15/18,WE4,228,
Q4,FM,8/16/18 14:02,2,2.41,0.96,0.42,0.7,5.78,82.66,0.02,25.89,8/15/18,WE4,228,
Q4,FM,8/16/18 14:02,2.09,2.42,0.67,0.78,0.73,5.96,82.56,0.02,25.88,8/15/18,WE4,228,
Q4,FM,8/16/18 14:02,2.47,2.51,0.77,0.43,0.67,6.19,82.57,0,25.88,8/15/18,WE4,228,
Q4,FM,8/16/18 14:02,2.21,2.51,0.81,0.51,0.73,6.03,82.48,0,25.88,8/15/18,WE4,228,
Q4,FM,8/16/18 14:02,1.93,2.75,1.21,0.25,0.72,6.14,82.64,0.03,25.88,8/15/18,WE4,228,
Q4,FM,8/16/18 14:02,2.41,2.6,0.67,0.76,0.69,6.43,82.57,0.02,25.88,8/15/18,WE4,228,
Q4,FM,8/16/18 14:02,1.84,2.9,1.38,0.06,0.69,6.17,82.66,0.06,25.9,8/15/18,WE4,228,
Q4,FM,8/16/18 14:02,1.49,3.07,1.29,0.34,0.76,6.19,82.73,0.04,25.88,8/15/18,WE4,228,
Q4,FM,8/16/18 14:02,2.16,2.49,0.77,0.46,0.69,5.88,82.67,0.02,25.88,8/15/18,WE4,228,
Q4,FM,8/16/18 14:02,2.2,2.62,0.92,0.38,0.66,6.13,82.6,0.03,25.88,8/15/18,WE4,228,
Q4,FM,8/16/18 14:02,1.98,2.47,0.53,1.12,0.72,6.08,82.44,0.02,25.88,8/15/18,WE4,228,
Q4,FM,8/16/18 14:02,2.19,2.58,0.86,0.43,0.72,6.06,82.5,0.03,25.89,8/15/18,WE4,228,
Q4,FM,8/16/18 14:02,1.49,2.75,1.65,0,0.7,5.9,82.58,0.04,25.9,8/15/18,WE4,228,
Q4,FM,8/16/18 14:02,2.65,2.26,0.46,0.75,0.69,6.13,82.71,0.03,25.9,8/15/18,WE4,228,
Q4,FM,8/16/18 14:02,1.97,3.14,1.26,0,0.69,6.37,82.68,0.01,25.89,8/15/18,WE4,228,
Q4,FM,8/16/18 14:02,1.96,2.55,0.91,0.57,0.7,5.99,82.65,-0.02,25.88,8/15/18,WE4,228,
Q4,FM,8/16/18 14:02,2.3,2.88,0.7,0.52,0.72,6.39,82.62,0.02,25.89,8/15/18,WE4,228,
C1,0,10/4/18 9:08,0.15,2.92,3.05,0,1.27,6.12,73.76,0,24.47,10/4/18,WE4,277,
C1,0,10/4/18 9:08,0.17,2.55,3.05,0,1.25,5.78,73.75,-0.01,24.48,10/4/18,WE4,277,
C1,0,10/4/18 9:08,0.24,2.5,2.96,0,1.26,5.7,73.85,0.01,24.48,10/4/18,WE4,277,
C1,0,10/4/18 9:08,0.49,2.31,2.86,0,1.23,5.65,73.8,-0.02,24.48,10/4/18,WE4,277,
C1,0,10/4/18 9:08,0.19,2.6,2.88,0,1.27,5.67,73.68,-0.03,24.48,10/4/18,WE4,277,
C1,0,10/4/18 9:08,0.36,2.72,2.99,0,1.25,6.08,73.74,-0.01,24.48,10/4/18,WE4,277,
C1,0,10/4/18 9:08,0.46,2.68,2.56,0,1.19,5.7,73.61,-0.02,24.48,10/4/18,WE4,277,
C1,0,10/4/18 9:08,0.38,2.9,3.05,0,1.24,6.32,73.62,0,24.49,10/4/18,WE4,277,
C1,0,10/4/18 9:08,0.24,2.6,3.03,0,1.26,5.87,73.73,-0.02,24.49,10/4/18,WE4,277,
C1,0,10/4/18 9:08,0.4,2.62,2.83,0,1.23,5.85,73.75,-0.02,24.5,10/4/18,WE4,277,
C1,0,10/4/18 9:08,0.84,3.37,2.5,0,1.22,6.71,73.56,0,24.48,10/4/18,WE4,277,
C1,0,10/4/18 9:08,0.49,2.67,2.77,0,1.18,5.94,73.63,-0.02,24.49,10/4/18,WE4,277,
C1,0,10/4/18 9:08,0.33,2.89,2.9,0,1.25,6.13,73.62,-0.01,24.49,10/4/18,WE4,277,
C1,0,10/4/18 9:08,0.15,2.8,2.97,0,1.16,5.92,73.72,-0.01,24.49,10/4/18,WE4,277,
C1,0,10/4/18 9:08,0.66,2.58,2.94,0,1.2,6.18,73.62,0,24.5,10/4/18,WE4,277,
C1,0,10/4/18 9:08,0.19,2.85,2.9,0,1.25,5.94,73.71,0,24.5,10/4/18,WE4,277,
C1,0,10/4/18 9:08,0.33,2.33,2.83,0,1.2,5.49,73.79,0,24.5,10/4/18,WE4,277,
C1,0,10/4/18 9:09,0.08,2.39,3.27,0.11,1.22,5.85,73.68,-0.01,24.49,10/4/18,WE4,277,
C1,0,10/4/18 9:09,0.18,2.69,2.98,0,1.25,5.85,73.71,0,24.5,10/4/18,WE4,277,
C1,0,10/4/18 9:09,0.14,2.89,2.75,0,1.21,5.78,73.58,-0.02,24.5,10/4/18,WE4,277,
C1,0,10/4/18 9:09,0.16,2.51,3.22,0,1.22,5.89,73.73,-0.01,24.51,10/4/18,WE4,277,
C1,0,10/4/18 9:09,0.25,2.47,2.98,0,1.22,5.7,73.65,-0.04,24.49,10/4/18,WE4,277,
C1,0,10/4/18 9:09,0.53,2.77,2.7,0,1.23,6,73.68,-0.03,24.5,10/4/18,WE4,277,
C1,0,10/4/18 9:09,0.54,3.06,2.86,0,1.23,6.47,73.54,-0.03,24.49,10/4/18,WE4,277,
C1,0,10/4/18 9:09,0.46,2.53,2.21,0.69,1.28,5.9,73.5,-0.05,24.49,10/4/18,WE4,277,
C1,0,10/4/18 9:09,0.27,2.81,2.92,0,1.26,6,73.57,-0.04,24.49,10/4/18,WE4,277,
C1,0,10/4/18 9:09,0.46,2.78,3.15,0,1.26,6.39,73.62,0,24.49,10/4/18,WE4,277,
C1,0,10/4/18 9:09,0.46,2.58,2.79,0,1.15,5.82,73.64,-0.03,24.51,10/4/18,WE4,277,
C1,0,10/4/18 9:09,0.4,2.62,3.02,0,1.28,6.03,73.66,-0.04,24.49,10/4/18,WE4,277,
C1,0,10/4/18 9:09,0.07,2.79,3.17,0,1.25,6.03,73.67,-0.02,24.49,10/4/18,WE4,277,
C2,0,10/4/18 9:10,0.15,2.05,2.83,0.28,1.29,5.31,73.84,0,24.47,10/4/18,WE4,277,
C2,0,10/4/18 9:10,0,2.08,3.3,0,1.24,5.38,73.81,-0.01,24.45,10/4/18,WE4,277,
C2,0,10/4/18 9:10,0.04,2.23,3.13,0.08,1.19,5.47,73.8,0.01,24.46,10/4/18,WE4,277,
C2,0,10/4/18 9:10,0.11,2.32,2.89,0,1.26,5.32,73.88,0.01,24.46,10/4/18,WE4,277,
C2,0,10/4/18 9:10,0,2.35,3.11,0,1.28,5.46,73.71,0,24.47,10/4/18,WE4,277,
C2,0,10/4/18 9:10,0.58,2.15,3.14,0,1.3,5.86,73.69,-0.01,24.47,10/4/18,WE4,277,
C2,0,10/4/18 9:10,0.09,2.52,3,0,1.23,5.61,73.74,0,24.48,10/4/18,WE4,277,
C2,0,10/4/18 9:10,0.42,2.07,3.11,0,1.25,5.6,73.8,0.01,24.48,10/4/18,WE4,277,
C2,0,10/4/18 9:10,0.27,2.14,2.96,0,1.2,5.38,73.86,0,24.46,10/4/18,WE4,277,
C2,0,10/4/18 9:10,0.13,2.18,2.94,0,1.21,5.26,73.85,0,24.48,10/4/18,WE4,277,
C2,0,10/4/18 9:10,0.17,2.45,2.94,0,1.32,5.55,73.58,0.09,24.47,10/4/18,WE4,277,
C2,0,10/4/18 9:10,0.18,2.41,3.12,0,1.26,5.72,73.82,-0.02,24.48,10/4/18,WE4,277,
C2,0,10/4/18 9:10,0.09,2.25,3.25,0,1.16,5.59,73.91,-0.03,24.48,10/4/18,WE4,277,
C2,0,10/4/18 9:10,0.32,2.17,3.04,0,1.23,5.52,73.8,0.02,24.49,10/4/18,WE4,277,
C2,0,10/4/18 9:10,0.32,2.7,3.33,0,1.24,6.35,73.79,0.01,24.49,10/4/18,WE4,277,
C2,0,10/4/18 9:10,0.19,2.19,2.98,0,1.22,5.36,73.85,-0.01,24.48,10/4/18,WE4,277,
C2,0,10/4/18 9:10,0.37,2.26,2.93,0,1.22,5.56,73.76,0.02,24.48,10/4/18,WE4,277,
C2,0,10/4/18 9:10,0.31,2.35,2.46,0,1.18,5.12,73.73,0,24.49,10/4/18,WE4,277,
C2,0,10/4/18 9:10,0.07,2.72,2.76,0,1.26,5.54,73.66,0.01,24.48,10/4/18,WE4,277,
C2,0,10/4/18 9:10,0,2.31,3.37,0,1.25,5.67,73.8,-0.01,24.49,10/4/18,WE4,277,
C2,0,10/4/18 9:10,0.26,2.27,2.82,0,1.19,5.35,73.7,-0.01,24.49,10/4/18,WE4,277,
C2,0,10/4/18 9:10,0.27,2.34,2.99,0,1.27,5.6,73.82,0.01,24.49,10/4/18,WE4,277,
C2,0,10/4/18 9:10,0.35,2.3,2.92,0,1.22,5.57,73.8,-0.03,24.5,10/4/18,WE4,277,
C2,0,10/4/18 9:10,0.22,2.02,2.87,0,1.18,5.11,73.71,0,24.49,10/4/18,WE4,277,
C2,0,10/4/18 9:10,0,2.84,3.19,0,1.11,6.03,73.77,-0.03,24.49,10/4/18,WE4,277,
C2,0,10/4/18 9:10,0,2.2,2.92,0.08,1.19,5.21,73.68,0,24.5,10/4/18,WE4,277,
C2,0,10/4/18 9:10,0,2.43,3.35,0,1.1,5.78,73.79,-0.02,24.49,10/4/18,WE4,277,
C3,0,10/4/18 9:12,0.18,3.08,2.69,0,1.25,5.94,74.01,0,24.48,10/4/18,WE4,277,
C3,0,10/4/18 9:12,0.17,2.64,2.56,0,1.3,5.38,73.87,0.02,24.48,10/4/18,WE4,277,
C3,0,10/4/18 9:12,0.21,2.74,3.09,0,1.24,6.03,73.91,0.01,24.47,10/4/18,WE4,277,
C3,0,10/4/18 9:12,0.41,2.73,2.93,0,1.26,6.06,73.99,0,24.47,10/4/18,WE4,277,
C3,0,10/4/18 9:12,0.2,2.37,3.14,0.01,1.23,5.72,73.99,0.02,24.47,10/4/18,WE4,277,
C3,0,10/4/18 9:12,0.69,2.69,2.66,0,1.27,6.05,73.97,0.02,24.49,10/4/18,WE4,277,
C3,0,10/4/18 9:12,0,2.52,3.07,0,1.29,5.59,73.98,0.01,24.48,10/4/18,WE4,277,
C3,0,10/4/18 9:12,0.17,2.82,3.32,0,1.26,6.32,73.95,0.02,24.49,10/4/18,WE4,277,
C3,0,10/4/18 9:12,0.38,2.65,2.72,0,1.25,5.75,73.97,0.03,24.49,10/4/18,WE4,277,
C3,0,10/4/18 9:12,0.03,2.45,3.22,0,1.19,5.7,73.95,0.02,24.48,10/4/18,WE4,277,
C3,0,10/4/18 9:12,0.44,2.65,2.73,0,1.18,5.82,74,-0.01,24.49,10/4/18,WE4,277,
C3,0,10/4/18 9:12,0.06,2.45,2.82,0,1.18,5.34,74,-0.01,24.48,10/4/18,WE4,277,
C3,0,10/4/18 9:12,0,2.65,3.24,0,1.26,5.88,74.04,0.01,24.48,10/4/18,WE4,277,
C3,0,10/4/18 9:12,0.68,2.69,3.03,0,1.3,6.39,74.03,0.02,24.49,10/4/18,WE4,277,
C3,0,10/4/18 9:12,0.5,2.73,2.73,0.1,1.31,6.06,74.03,0,24.49,10/4/18,WE4,277,
C3,0,10/4/18 9:12,0.11,2.47,3.06,0.12,1.22,5.77,74.12,0.01,24.5,10/4/18,WE4,277,
C3,0,10/4/18 9:12,0.25,2.3,2.92,0,1.22,5.47,74.04,0.01,24.49,10/4/18,WE4,277,
C3,0,10/4/18 9:12,0.29,2.38,2.91,0,1.24,5.58,73.97,-0.01,24.5,10/4/18,WE4,277,
C3,0,10/4/18 9:12,0.26,2.96,2.95,0,1.28,6.17,73.97,0,24.5,10/4/18,WE4,277,
C3,0,10/4/18 9:12,0.1,2.49,3.2,0,1.23,5.79,73.97,0.02,24.49,10/4/18,WE4,277,
C3,0,10/4/18 9:12,0.35,2.4,3.16,0,1.23,5.9,74.1,0.01,24.5,10/4/18,WE4,277,
C3,0,10/4/18 9:12,0.54,2.51,2.86,0,1.21,5.91,73.97,0.07,24.49,10/4/18,WE4,277,
C3,0,10/4/18 9:12,0,2.52,3.11,0,1.28,5.63,73.85,0.03,24.5,10/4/18,WE4,277,
C3,0,10/4/18 9:12,0.47,2.46,2.84,0,1.17,5.77,73.97,0.03,24.5,10/4/18,WE4,277,
C3,0,10/4/18 9:12,0.73,2.34,2.47,0,1.21,5.54,74.05,-0.02,24.51,10/4/18,WE4,277,
Q1,0,10/4/18 9:13,0,2.34,2.97,0,1.29,5.31,73.73,0,24.49,10/4/18,WE4,277,
Q1,0,10/4/18 9:13,0.1,2.67,2.86,0,1.28,5.64,73.79,0.03,24.48,10/4/18,WE4,277,
Q1,0,10/4/18 9:13,0,2.22,3.23,0.01,1.25,5.46,73.83,0,24.49,10/4/18,WE4,277,
Q1,0,10/4/18 9:13,0.41,2.83,2.74,0,1.19,5.98,73.74,0.03,24.5,10/4/18,WE4,277,
Q1,0,10/4/18 9:13,0,2.79,2.64,0,1.29,5.43,73.93,0.02,24.49,10/4/18,WE4,277,
Q1,0,10/4/18 9:13,0.42,2.63,2.92,0,1.24,5.97,73.81,0.02,24.49,10/4/18,WE4,277,
Q1,0,10/4/18 9:13,0.17,2.73,2.94,0,1.25,5.84,73.79,0.02,24.5,10/4/18,WE4,277,
Q1,0,10/4/18 9:13,0.29,2.31,2.78,0,1.24,5.39,73.98,0.02,24.49,10/4/18,WE4,277,
Q1,0,10/4/18 9:13,0.01,2.71,3.11,0,1.27,5.84,73.85,0.02,24.5,10/4/18,WE4,277,
Q1,0,10/4/18 9:13,0,2.54,3.13,0,1.22,5.67,73.83,0.03,24.49,10/4/18,WE4,277,
Q1,0,10/4/18 9:13,0,2.51,3.25,0,1.18,5.76,73.82,0,24.5,10/4/18,WE4,277,
Q1,0,10/4/18 9:13,0,2.49,3.02,0,1.17,5.52,73.83,0.02,24.5,10/4/18,WE4,277,
Q1,0,10/4/18 9:13,0.31,2.23,2.75,0,1.24,5.29,73.93,0,24.51,10/4/18,WE4,277,
Q1,0,10/4/18 9:13,0.27,2.22,3.09,0,1.23,5.58,73.91,0.02,24.5,10/4/18,WE4,277,
Q1,0,10/4/18 9:13,0.13,3.19,2.93,0,1.22,6.25,73.94,0.02,24.5,10/4/18,WE4,277,
Q1,0,10/4/18 9:13,0.24,2.54,2.75,0,1.2,5.54,73.95,0,24.5,10/4/18,WE4,277,
Q1,0,10/4/18 9:13,0,2.58,3.02,0,1.23,5.6,73.96,0.01,24.51,10/4/18,WE4,277,
Q1,0,10/4/18 9:13,0,2.47,2.78,0.1,1.25,5.35,73.89,0.01,24.5,10/4/18,WE4,277,
Q1,0,10/4/18 9:13,0.4,2.36,2.85,0,1.19,5.61,73.89,0.01,24.51,10/4/18,WE4,277,
Q1,0,10/4/18 9:13,0.13,2.75,3.07,0,1.21,5.96,73.88,0.03,24.49,10/4/18,WE4,277,
Q1,0,10/4/18 9:13,0.24,2.52,3,0,1.16,5.75,73.85,0.01,24.5,10/4/18,WE4,277,
Q1,0,10/4/18 9:13,0.3,2.5,2.82,0,1.22,5.63,73.97,0.02,24.51,10/4/18,WE4,277,
Q1,0,10/4/18 9:13,0.14,2.15,2.8,0.26,1.26,5.35,73.83,0.01,24.51,10/4/18,WE4,277,
Q1,0,10/4/18 9:13,0.68,2.51,2.55,0,1.31,5.74,73.91,0.01,24.51,10/4/18,WE4,277,
Q1,0,10/4/18 9:13,0.17,2.69,2.64,0,1.21,5.5,73.97,0.01,24.52,10/4/18,WE4,277,
Q1,0,10/4/18 9:13,0,2.98,2.72,0,1.24,5.7,73.87,0.01,24.51,10/4/18,WE4,277,
Q1,0,10/4/18 9:13,0.09,2.56,2.94,0,1.18,5.59,73.82,-0.01,24.51,10/4/18,WE4,277,
Q1,0,10/4/18 9:14,0.46,3.28,2.95,0,1.23,6.69,73.73,0.02,24.51,10/4/18,WE4,277,
Q1,0,10/4/18 9:14,0.43,2.27,2.69,0,1.22,5.4,73.86,0.05,24.51,10/4/18,WE4,277,
Q1,0,10/4/18 9:14,0.34,2.41,2.49,0.05,1.2,5.29,73.81,0.03,24.51,10/4/18,WE4,277,
Q1,0,10/4/18 9:14,0.24,2.24,2.82,0,1.19,5.3,73.75,0.04,24.51,10/4/18,WE4,277,
Q1,0,10/4/18 9:14,0.57,3.12,2.73,0,1.25,6.42,73.76,0.03,24.51,10/4/18,WE4,277,
Q1,0,10/4/18 9:14,0.32,2.67,2.63,0,1.32,5.62,73.86,0.02,24.51,10/4/18,WE4,277,
Q2,0,10/4/18 9:15,0.48,2.59,2.8,0,1.25,5.88,74.17,0,24.48,10/4/18,WE4,277,
Q2,0,10/4/18 9:15,0,2.36,3.18,0,1.3,5.53,74.18,0.01,24.48,10/4/18,WE4,277,
Q2,0,10/4/18 9:15,0.15,2.34,3.1,0,1.24,5.58,74.15,-0.02,24.49,10/4/18,WE4,277,
Q2,0,10/4/18 9:15,0.3,2.24,2.97,0,1.22,5.5,74.06,0.02,24.48,10/4/18,WE4,277,
Q2,0,10/4/18 9:15,0.1,2.36,3.23,0,1.2,5.69,74.11,0.02,24.49,10/4/18,WE4,277,
Q2,0,10/4/18 9:15,0.31,3.19,2.8,0,1.35,6.3,74,0.04,24.49,10/4/18,WE4,277,
Q2,0,10/4/18 9:15,0.77,2.74,2.5,0.24,1.24,6.25,74.1,-0.01,24.49,10/4/18,WE4,277,
Q2,0,10/4/18 9:15,0,2.67,3.1,0,1.27,5.77,74.08,0.04,24.49,10/4/18,WE4,277,
Q2,0,10/4/18 9:15,0.18,2.85,2.68,0.42,1.26,6.14,74.05,0.02,24.5,10/4/18,WE4,277,
Q2,0,10/4/18 9:15,0.41,2.94,3.28,0.01,1.21,6.65,74,0.01,24.5,10/4/18,WE4,277,
Q2,0,10/4/18 9:15,0.36,2.59,2.97,0.27,1.16,6.19,73.96,-0.01,24.5,10/4/18,WE4,277,
Q2,0,10/4/18 9:15,0.38,2.73,2.77,0,1.23,5.88,74.18,-0.01,24.5,10/4/18,WE4,277,
Q2,0,10/4/18 9:15,0,2.25,2.99,0,1.21,5.24,74.04,0.03,24.51,10/4/18,WE4,277,
Q2,0,10/4/18 9:15,0.6,2.33,3.06,0,1.24,6,74.1,0.01,24.51,10/4/18,WE4,277,
Q2,0,10/4/18 9:15,0.48,2.09,2.52,0.47,1.29,5.55,74.07,0.04,24.51,10/4/18,WE4,277,
Q2,0,10/4/18 9:15,0.03,2.27,3.12,0,1.21,5.43,74.1,-0.01,24.51,10/4/18,WE4,277,
Q2,0,10/4/18 9:15,0.3,2.33,3.07,0,1.23,5.69,74.04,0,24.51,10/4/18,WE4,277,
Q2,0,10/4/18 9:15,0.63,2.43,2.54,0.46,1.25,6.06,74.07,0.03,24.51,10/4/18,WE4,277,
Q2,0,10/4/18 9:15,0.22,2.96,3.29,0,1.35,6.47,74.05,0.01,24.51,10/4/18,WE4,277,
Q2,0,10/4/18 9:15,0.54,2.23,2.72,0.12,1.19,5.62,74.13,0,24.51,10/4/18,WE4,277,
Q2,0,10/4/18 9:15,0,2.21,2.61,0,1.25,4.82,74.24,0.03,24.51,10/4/18,WE4,277,
Q2,0,10/4/18 9:15,0.67,3.8,2.68,0,1.28,7.16,74,-0.02,24.51,10/4/18,WE4,277,
Q2,0,10/4/18 9:15,0,2.16,2.53,0.29,1.2,4.98,74.15,-0.02,24.52,10/4/18,WE4,277,
Q2,0,10/4/18 9:15,0.4,2.32,3.09,0.03,1.28,5.83,74.12,0.01,24.51,10/4/18,WE4,277,
Q2,0,10/4/18 9:15,0.29,2.32,2.81,0,1.2,5.42,74.07,0,24.52,10/4/18,WE4,277,
Q2,0,10/4/18 9:15,0.16,2.24,2.94,0,1.23,5.34,74.05,-0.01,24.52,10/4/18,WE4,277,
Q2,0,10/4/18 9:15,0.14,2.69,3.01,0,1.22,5.84,74.11,0.03,24.52,10/4/18,WE4,277,
Q2,0,10/4/18 9:15,0.39,2.41,3.07,0,1.29,5.87,74.19,0.04,24.53,10/4/18,WE4,277,
Q2,0,10/4/18 9:15,0.44,2.2,2.64,0,1.21,5.28,74.24,0.03,24.52,10/4/18,WE4,277,
Q2,0,10/4/18 9:15,0.32,2.24,2.97,0,1.23,5.53,74.13,0.03,24.52,10/4/18,WE4,277,
Q2,0,10/4/18 9:15,0.28,2.95,3.15,0.11,1.21,6.5,74.07,0.01,24.52,10/4/18,WE4,277,
Q2,0,10/4/18 9:15,0.29,2.28,2.53,0,1.19,5.1,74.21,-0.03,24.52,10/4/18,WE4,277,
Q2,0,10/4/18 9:15,0,2.39,3.24,0.04,1.23,5.67,74.17,0.04,24.53,10/4/18,WE4,277,
Q3,0,10/4/18 9:16,0,2.88,3.49,0.09,1.21,6.45,74.09,0,24.51,10/4/18,WE4,277,
Q3,0,10/4/18 9:16,0,2.16,2.04,1.3,1.35,5.51,74.02,0.02,24.52,10/4/18,WE4,277,
Q3,0,10/4/18 9:16,0,1.74,2,1.84,1.43,5.58,74.01,0.02,24.53,10/4/18,WE4,277,
Q3,0,10/4/18 9:16,0,2.67,3.31,0,1.32,5.98,73.96,0.01,24.52,10/4/18,WE4,277,
Q3,0,10/4/18 9:16,0,2.64,2.15,0.62,1.42,5.41,73.96,0.01,24.52,10/4/18,WE4,277,
Q3,0,10/4/18 9:16,0,2.43,3.11,0,1.19,5.54,73.78,0.04,24.52,10/4/18,WE4,277,
Q3,0,10/4/18 9:16,0,2.84,3.21,0,1.24,6.05,73.9,0.03,24.53,10/4/18,WE4,277,
Q3,0,10/4/18 9:16,0.23,2.46,3.15,0.13,1.27,5.97,73.94,0.03,24.53,10/4/18,WE4,277,
Q3,0,10/4/18 9:16,0.1,2.83,2.98,0,1.28,5.91,73.83,0.03,24.53,10/4/18,WE4,277,
Q3,0,10/4/18 9:16,0,2.51,2.72,0.29,1.26,5.53,73.92,0.01,24.53,10/4/18,WE4,277,
Q3,0,10/4/18 9:17,0.2,2.82,2.7,0,1.17,5.72,73.93,0.02,24.54,10/4/18,WE4,277,
Q3,0,10/4/18 9:17,0,2.4,2.7,0.09,1.24,5.18,74.1,0.03,24.54,10/4/18,WE4,277,
Q3,0,10/4/18 9:17,0.18,2.67,2.97,0,1.18,5.81,73.93,0.03,24.53,10/4/18,WE4,277,
Q3,0,10/4/18 9:17,0,2.47,3.08,0,1.27,5.55,73.94,0.03,24.53,10/4/18,WE4,277,
Q3,0,10/4/18 9:17,0.17,2.48,2.63,0.17,1.25,5.46,74,0.06,24.54,10/4/18,WE4,277,
Q3,0,10/4/18 9:17,0,3.27,2.79,0,1.29,6.05,74.14,0.08,24.54,10/4/18,WE4,277,
Q3,0,10/4/18 9:17,1.06,2.33,1.27,1.48,1.28,6.14,73.88,0.07,24.55,10/4/18,WE4,277,
Q3,0,10/4/18 9:17,0,2.47,3.11,0,1.25,5.58,73.84,0.06,24.56,10/4/18,WE4,277,
Q3,0,10/4/18 9:17,0.36,2.65,2.74,0,1.25,5.75,74.02,0.06,24.55,10/4/18,WE4,277,
Q3,0,10/4/18 9:17,0.22,3.02,2.69,0,1.18,5.93,73.96,0.06,24.55,10/4/18,WE4,277,
Q3,0,10/4/18 9:17,0.36,2.65,2.79,0.27,1.24,6.07,73.98,0.06,24.55,10/4/18,WE4,277,
Q3,0,10/4/18 9:17,0.75,2.21,2.41,0.47,1.2,5.84,73.79,0.05,24.56,10/4/18,WE4,277,
Q3,0,10/4/18 9:17,0,2.86,2.53,0.33,1.26,5.72,73.76,0.07,24.56,10/4/18,WE4,277,
Q3,0,10/4/18 9:17,0,2.5,2.52,0.33,1.28,5.35,71.94,0.07,24.54,10/4/18,WE4,277,
Q3,0,10/4/18 9:17,0,2.54,2.91,0,1.26,5.45,69.87,0.06,24.56,10/4/18,WE4,277,
Q3,0,10/4/18 9:17,0,2.45,2.78,0.2,1.29,5.43,70.31,0.06,24.56,10/4/18,WE4,277,
Q3,0,10/4/18 9:17,0.17,2.63,2.38,0.27,1.27,5.45,70.62,0.05,24.56,10/4/18,WE4,277,
Q3,0,10/4/18 9:17,0,2.18,3.11,0,1.17,5.28,70.81,0.03,24.55,10/4/18,WE4,277,
Q3,0,10/4/18 9:17,0,2.32,2.88,0.23,1.29,5.43,70.63,0.03,24.56,10/4/18,WE4,277,
Q4,0,10/4/18 9:18,0.07,2.31,2.82,0,1.23,5.2,73.49,0,24.51,10/4/18,WE4,277,
Q4,0,10/4/18 9:18,0.39,2.64,2.97,0,1.18,6,73.46,0,24.51,10/4/18,WE4,277,
Q4,0,10/4/18 9:18,0.19,2.45,3.29,0,1.2,5.94,73.57,0.03,24.51,10/4/18,WE4,277,
Q4,0,10/4/18 9:18,0.27,2.55,3.11,0,1.21,5.94,73.58,0.03,24.51,10/4/18,WE4,277,
Q4,0,10/4/18 9:18,0.45,2.22,2.81,0.17,1.22,5.64,73.59,0.01,24.52,10/4/18,WE4,277,
Q4,0,10/4/18 9:18,0.69,2.36,2.79,0,1.22,5.84,73.6,0.02,24.51,10/4/18,WE4,277,
Q4,0,10/4/18 9:18,0.34,2.68,2.77,0,1.22,5.78,73.62,0,24.51,10/4/18,WE4,277,
Q4,0,10/4/18 9:18,0.51,2.26,3.05,0.15,1.21,5.98,73.56,0,24.53,10/4/18,WE4,277,
Q4,0,10/4/18 9:18,0.43,2.31,2.72,0,1.19,5.46,73.57,0.01,24.52,10/4/18,WE4,277,
Q4,0,10/4/18 9:18,0.61,2.9,2.79,0,1.19,6.29,73.46,0,24.52,10/4/18,WE4,277,
Q4,0,10/4/18 9:18,0.47,2.44,2.46,0.53,1.26,5.91,73.55,0.01,24.53,10/4/18,WE4,277,
Q4,0,10/4/18 9:18,0.49,2.62,3.12,0,1.21,6.23,73.49,0.02,24.53,10/4/18,WE4,277,
Q4,0,10/4/18 9:18,0.4,2.46,2.56,0,1.14,5.42,73.48,0.01,24.54,10/4/18,WE4,277,
Q4,0,10/4/18 9:18,0.56,2.48,2.85,0,1.17,5.9,73.45,0.03,24.54,10/4/18,WE4,277,
Q4,0,10/4/18 9:18,0.36,2.36,3.07,0,1.2,5.78,73.46,-0.02,24.55,10/4/18,WE4,277,
Q4,0,10/4/18 9:18,0.73,2.3,2.75,0.06,1.14,5.83,73.58,0.01,24.54,10/4/18,WE4,277,
Q4,0,10/4/18 9:18,0.31,2.39,3.06,0,1.24,5.76,73.49,0,24.54,10/4/18,WE4,277,
Q4,0,10/4/18 9:18,0.26,2.62,2.89,0,1.18,5.76,73.48,0.02,24.54,10/4/18,WE4,277,
Q4,0,10/4/18 9:18,0.12,2.17,2.73,0.13,1.21,5.15,73.62,0.01,24.54,10/4/18,WE4,277,
Q4,0,10/4/18 9:18,0,2.83,2.96,0,1.27,5.79,73.61,0.02,24.54,10/4/18,WE4,277,
Q4,0,10/4/18 9:18,0.44,2.24,3.13,0.14,1.23,5.95,72.79,0.02,24.54,10/4/18,WE4,277,
Q4,0,10/4/18 9:18,0.38,2.49,2.66,0,1.2,5.53,72.65,0.02,24.54,10/4/18,WE4,277,
Q4,0,10/4/18 9:18,0.37,2.18,2.82,0.05,1.17,5.42,72.7,0.01,24.56,10/4/18,WE4,277,
Q4,0,10/4/18 9:19,0.34,2.36,2.88,0,1.23,5.58,72.66,0,24.54,10/4/18,WE4,277,
Q4,0,10/4/18 9:19,0,2.38,2.98,0,1.27,5.36,72.63,0.02,24.54,10/4/18,WE4,277,
Q4,0,10/4/18 9:19,0.28,2.65,2.87,0,1.21,5.8,72.79,0,24.54,10/4/18,WE4,277,
Q4,0,10/4/18 9:19,0.85,2.28,2.74,0.26,1.2,6.13,72.83,0,24.54,10/4/18,WE4,277,
Q4,0,10/4/18 9:19,0.11,2.41,3.02,0.04,1.22,5.58,72.82,-0.01,24.56,10/4/18,WE4,277,
Q4,0,10/4/18 9:19,0.57,2.36,2.87,0,1.17,5.8,72.89,0.01,24.55,10/4/18,WE4,277,
Q4,0,10/4/18 9:19,0.11,2.43,2.9,0,1.21,5.44,73.03,0,24.56,10/4/18,WE4,277,
Q4,0,10/4/18 9:19,0.15,2.48,3.06,0,1.23,5.69,73.44,-0.02,24.55,10/4/18,WE4,277,
Q4,0,10/4/18 9:19,0.31,2.25,3.05,0,1.23,5.61,73.53,0,24.56,10/4/18,WE4,277,
C1,1,10/4/18 10:37,0.13,2.43,2.7,0,1.19,5.26,74.33,0,24.44,10/4/18,WE4,277,
C1,1,10/4/18 10:37,0,2.45,2.72,0,1.22,5.17,74.2,-0.02,24.44,10/4/18,WE4,277,
C1,1,10/4/18 10:37,0,2.47,2.36,0.04,1.19,4.86,74.38,0,24.44,10/4/18,WE4,277,
C1,1,10/4/18 10:37,0,2.65,2.78,0,1.24,5.42,74.29,0.05,24.44,10/4/18,WE4,277,
C1,1,10/4/18 10:37,0,2.45,2.8,0,1.28,5.25,74.28,0.05,24.44,10/4/18,WE4,277,
C1,1,10/4/18 10:37,0.16,2.41,2.5,0,1.23,5.07,74.41,0.05,24.44,10/4/18,WE4,277,
C1,1,10/4/18 10:37,0,2.34,2.64,0,1.17,4.98,74.39,0.03,24.44,10/4/18,WE4,277,
C1,1,10/4/18 10:37,0,2.62,2.55,0,1.26,5.17,74.32,0.06,24.45,10/4/18,WE4,277,
C1,1,10/4/18 10:37,0.47,2.52,2.66,0,1.2,5.65,74.25,0.05,24.44,10/4/18,WE4,277,
C1,1,10/4/18 10:37,0.57,2.68,2.52,0,1.3,5.76,74.37,0.04,24.45,10/4/18,WE4,277,
C1,1,10/4/18 10:37,0,2.23,2.8,0,1.14,5.04,74.32,0.07,24.45,10/4/18,WE4,277,
C1,1,10/4/18 10:37,0.1,2.55,2.81,0,1.27,5.46,74.34,0.06,24.45,10/4/18,WE4,277,
C1,1,10/4/18 10:37,0,2.63,2.64,0,1.18,5.27,74.41,0.06,24.45,10/4/18,WE4,277,
C1,1,10/4/18 10:37,0,2.38,2.71,0.07,1.2,5.16,74.24,0.05,24.45,10/4/18,WE4,277,
C1,1,10/4/18 10:37,0.23,2.54,2.64,0,1.22,5.41,74.47,0.03,24.45,10/4/18,WE4,277,
C1,1,10/4/18 10:37,0.22,2.69,2.63,0,1.21,5.55,74.33,-0.01,24.45,10/4/18,WE4,277,
C1,1,10/4/18 10:37,0,2.31,2.78,0,1.22,5.09,74.47,0.02,24.46,10/4/18,WE4,277,
C1,1,10/4/18 10:37,0.3,2.4,2.52,0,1.2,5.23,74.18,-0.01,24.46,10/4/18,WE4,277,
C1,1,10/4/18 10:37,0.03,2.36,2.74,0,1.16,5.12,74.34,0.01,24.46,10/4/18,WE4,277,
C1,1,10/4/18 10:37,0.15,2.32,2.66,0.24,1.21,5.37,74.37,0.02,24.46,10/4/18,WE4,277,
C1,1,10/4/18 10:37,0,2.57,2.95,0,1.16,5.51,74.45,0,24.46,10/4/18,WE4,277,
C1,1,10/4/18 10:37,0,2.52,2.47,0.09,1.24,5.08,74.39,0,24.46,10/4/18,WE4,277,
C1,1,10/4/18 10:37,0.32,2.35,2.38,0.41,1.23,5.46,74.26,-0.02,24.46,10/4/18,WE4,277,
C1,1,10/4/18 10:37,0,1.97,2.72,0.16,1.18,4.86,74.49,-0.03,24.46,10/4/18,WE4,277,
C1,1,10/4/18 10:37,0,2.82,2.63,0,1.22,5.45,74.31,-0.01,24.46,10/4/18,WE4,277,
C1,1,10/4/18 10:37,0.25,2.47,2.3,0.54,1.25,5.56,74.34,0.04,24.46,10/4/18,WE4,277,
C1,1,10/4/18 10:37,0.09,2.71,2.77,0,1.21,5.57,74.43,0,24.47,10/4/18,WE4,277,
C1,1,10/4/18 10:37,0.02,2.56,2.75,0,1.25,5.32,74.36,-0.02,24.46,10/4/18,WE4,277,
C1,1,10/4/18 10:37,0.21,2.33,2.7,0,1.19,5.23,74.46,-0.02,24.46,10/4/18,WE4,277,
C1,1,10/4/18 10:37,0,2.85,2.38,0,1.15,5.23,74.3,0.04,24.47,10/4/18,WE4,277,
C1,1,10/4/18 10:37,0,2.18,2.77,0.01,1.2,4.96,74.4,0.01,24.46,10/4/18,WE4,277,
C1,1,10/4/18 10:37,0,2.33,2.44,0.1,1.2,4.88,74.37,0,24.46,10/4/18,WE4,277,
C1,1,10/4/18 10:37,0,2.52,2.97,0,1.2,5.5,74.3,-0.02,24.46,10/4/18,WE4,277,
C1,1,10/4/18 10:37,0,2.54,2.54,0,1.16,5.08,74.36,0,24.47,10/4/18,WE4,277,
C1,1,10/4/18 10:37,0,2.19,2.67,0.2,1.19,5.06,74.62,-0.01,24.47,10/4/18,WE4,277,
C1,1,10/4/18 10:37,0,2.63,3.06,0,1.28,5.69,74.37,-0.03,24.47,10/4/18,WE4,277,
C1,1,10/4/18 10:37,0,2.46,2.64,0.14,1.2,5.24,74.23,0.02,24.47,10/4/18,WE4,277,
C1,1,10/4/18 10:38,0,2.32,2.72,0,1.26,5.05,74.36,-0.02,24.47,10/4/18,WE4,277,
C2,1,10/4/18 10:39,0.57,2.13,2.56,0,1.2,5.26,74.37,0,24.46,10/4/18,WE4,277,
C2,1,10/4/18 10:39,0,2.3,2.86,0,1.21,5.16,74.44,0.01,24.47,10/4/18,WE4,277,
C2,1,10/4/18 10:39,0.19,2.14,2.37,0,1.17,4.71,74.34,-0.01,24.46,10/4/18,WE4,277,
C2,1,10/4/18 10:39,0.29,2.22,2.57,0,1.17,5.09,74.32,0,24.46,10/4/18,WE4,277,
C2,1,10/4/18 10:39,0,2,2.6,0,1.19,4.6,74.42,0,24.46,10/4/18,WE4,277,
C2,1,10/4/18 10:39,0,2.47,2.92,0,1.23,5.39,74.45,0.03,24.47,10/4/18,WE4,277,
C2,1,10/4/18 10:39,0.27,2.16,2.77,0,1.19,5.2,74.51,0,24.46,10/4/18,WE4,277,
C2,1,10/4/18 10:39,0.58,2,1.99,0.54,1.25,5.1,74.48,0,24.48,10/4/18,WE4,277,
C2,1,10/4/18 10:39,0.57,2.4,2.71,0,1.14,5.69,74.57,-0.01,24.48,10/4/18,WE4,277,
C2,1,10/4/18 10:39,0.56,2.13,2.69,0,1.16,5.37,74.48,0.01,24.47,10/4/18,WE4,277,
C2,1,10/4/18 10:39,0.12,2.5,2.5,0.05,1.18,5.18,74.45,0.01,24.48,10/4/18,WE4,277,
C2,1,10/4/18 10:39,0.12,1.92,2.49,0,1.18,4.53,74.59,0,24.46,10/4/18,WE4,277,
C2,1,10/4/18 10:39,0.38,2.02,2.31,0,1.21,4.7,74.57,0.01,24.48,10/4/18,WE4,277,
C2,1,10/4/18 10:39,0.15,2.21,2.21,0,1.2,4.57,74.46,0,24.48,10/4/18,WE4,277,
C2,1,10/4/18 10:39,0.14,2.13,2.61,0,1.22,4.88,74.53,-0.01,24.48,10/4/18,WE4,277,
C2,1,10/4/18 10:39,0.41,1.96,2.35,0.25,1.2,4.97,74.46,0.02,24.49,10/4/18,WE4,277,
C2,1,10/4/18 10:39,0.15,2.14,2.83,0,1.17,5.12,74.47,0.01,24.49,10/4/18,WE4,277,
C2,1,10/4/18 10:39,0.62,1.92,2.24,0.36,1.19,5.14,74.47,0.01,24.48,10/4/18,WE4,277,
C2,1,10/4/18 10:39,0.31,2,2.25,0,1.17,4.56,74.56,0.05,24.48,10/4/18,WE4,277,
C2,1,10/4/18 10:39,0,2.25,2.6,0,1.2,4.85,74.42,0.04,24.49,10/4/18,WE4,277,
C2,1,10/4/18 10:39,0.35,2.13,2.59,0,1.22,5.08,74.46,0.04,24.49,10/4/18,WE4,277,
C2,1,10/4/18 10:39,0.39,1.94,2.04,0.42,1.19,4.79,74.73,0.05,24.49,10/4/18,WE4,277,
C2,1,10/4/18 10:39,0.28,2.12,2.39,0,1.18,4.79,74.53,0.05,24.48,10/4/18,WE4,277,
C2,1,10/4/18 10:39,0.41,2.07,2.23,0,1.17,4.7,74.65,0.04,24.49,10/4/18,WE4,277,
C2,1,10/4/18 10:39,0.28,2.16,2.46,0,1.18,4.89,74.5,0.01,24.49,10/4/18,WE4,277,
C2,1,10/4/18 10:39,0.35,2.08,2.33,0,1.14,4.77,74.43,-0.01,24.5,10/4/18,WE4,277,
C2,1,10/4/18 10:39,0,2.1,2.35,0,1.23,4.45,74.53,0.01,24.5,10/4/18,WE4,277,
C2,1,10/4/18 10:39,0.04,2.13,2.8,0,1.24,4.97,74.45,0.02,24.5,10/4/18,WE4,277,
C2,1,10/4/18 10:39,0,1.97,2.52,0.06,1.19,4.54,74.51,0,24.5,10/4/18,WE4,277,
C2,1,10/4/18 10:39,0.25,2.19,2.47,0,1.13,4.91,74.49,-0.01,24.5,10/4/18,WE4,277,
C2,1,10/4/18 10:39,0,2.14,2.27,0,1.19,4.41,74.66,-0.01,24.5,10/4/18,WE4,277,
C2,1,10/4/18 10:39,0.26,2.02,1.99,0.46,1.2,4.73,74.55,-0.03,24.5,10/4/18,WE4,277,
C3,1,10/4/18 10:40,0,2.48,2.82,0,1.26,5.3,74.03,0,24.48,10/4/18,WE4,277,
C3,1,10/4/18 10:40,0.2,2.26,2.49,0,1.22,4.94,73.99,-0.01,24.48,10/4/18,WE4,277,
C3,1,10/4/18 10:40,0.2,2.3,2.67,0,1.2,5.17,74.17,0,24.48,10/4/18,WE4,277,
C3,1,10/4/18 10:40,0.5,2.46,2.56,0.29,1.19,5.8,74.08,0,24.49,10/4/18,WE4,277,
C3,1,10/4/18 10:40,0,1.38,1.65,1.97,1.41,5.01,74.01,0.03,24.5,10/4/18,WE4,277,
C3,1,10/4/18 10:40,0,2.16,2.84,0.08,1.21,5.07,73.93,0,24.49,10/4/18,WE4,277,
C3,1,10/4/18 10:40,0,2.1,3.02,0.01,1.18,5.14,74.2,-0.02,24.49,10/4/18,WE4,277,
C3,1,10/4/18 10:40,0.31,2.38,2.66,0,1.24,5.35,74.11,0,24.49,10/4/18,WE4,277,
C3,1,10/4/18 10:40,0,2.38,3.11,0,1.16,5.49,74.12,0.03,24.49,10/4/18,WE4,277,
C3,1,10/4/18 10:40,0.44,2.27,3.01,0,1.27,5.72,74.28,-0.01,24.49,10/4/18,WE4,277,
C3,1,10/4/18 10:40,0.44,2.24,2.94,0,1.22,5.62,74.14,0,24.5,10/4/18,WE4,277,
C3,1,10/4/18 10:40,0,2.21,2.77,0,1.22,4.99,74.23,-0.01,24.49,10/4/18,WE4,277,
C3,1,10/4/18 10:40,0,2.38,3.06,0,1.21,5.44,74.13,-0.01,24.5,10/4/18,WE4,277,
C3,1,10/4/18 10:41,0,2.28,3.5,0.01,1.26,5.79,74.14,0.01,24.5,10/4/18,WE4,277,
C3,1,10/4/18 10:41,0,2.27,2.92,0,1.24,5.19,73.98,-0.01,24.49,10/4/18,WE4,277,
C3,1,10/4/18 10:41,0.26,2.56,2.81,0,1.22,5.62,74.18,0,24.49,10/4/18,WE4,277,
C3,1,10/4/18 10:41,0.04,2.34,2.81,0,1.27,5.19,74.15,-0.01,24.5,10/4/18,WE4,277,
C3,1,10/4/18 10:41,0.26,2.01,2.54,0,1.15,4.81,74.31,0.01,24.5,10/4/18,WE4,277,
C3,1,10/4/18 10:41,0.17,2.25,2.78,0,1.25,5.21,74.12,-0.02,24.51,10/4/18,WE4,277,
C3,1,10/4/18 10:41,0.08,2.29,2.71,0,1.2,5.09,74.19,-0.01,24.5,10/4/18,WE4,277,
C3,1,10/4/18 10:41,0.17,2.31,2.65,0,1.21,5.13,74.14,-0.01,24.5,10/4/18,WE4,277,
C3,1,10/4/18 10:41,0.29,2.2,2.82,0,1.07,5.31,74.29,0,24.5,10/4/18,WE4,277,
C3,1,10/4/18 10:41,0.47,2.24,2.82,0,1.02,5.53,74.14,0,24.5,10/4/18,WE4,277,
C3,1,10/4/18 10:41,0,2.25,2.82,0,1.07,5.07,74.15,-0.01,24.5,10/4/18,WE4,277,
C3,1,10/4/18 10:41,0,2.43,3.44,0,1.02,5.87,74.24,0,24.51,10/4/18,WE4,277,
C3,1,10/4/18 10:41,0,2.1,3.45,0,0.98,5.55,73.94,-0.01,24.51,10/4/18,WE4,277,
C3,1,10/4/18 10:41,0,2.07,3.34,0,0.98,5.41,74.17,-0.02,24.51,10/4/18,WE4,277,
C3,1,10/4/18 10:41,0,2.18,2.99,0,1.11,5.17,74.23,0,24.51,10/4/18,WE4,277,
C3,1,10/4/18 10:41,0.34,2.35,2.84,0,1.19,5.53,74.11,-0.01,24.51,10/4/18,WE4,277,
C3,1,10/4/18 10:41,0.55,2.2,2.79,0,1.15,5.54,74.14,0,24.51,10/4/18,WE4,277,
C3,1,10/4/18 10:41,0.25,2.33,2.62,0,1.18,5.19,74.11,0.02,24.5,10/4/18,WE4,277,
C3,1,10/4/18 10:41,0,2.22,2.66,0,1.21,4.88,74.22,0.03,24.51,10/4/18,WE4,277,
C3,1,10/4/18 10:41,0.61,2.14,2.73,0,1.16,5.48,74.13,0,24.51,10/4/18,WE4,277,
C3,1,10/4/18 10:41,0.13,2.4,2.7,0,1.17,5.23,74.16,0.01,24.51,10/4/18,WE4,277,
C3,1,10/4/18 10:41,0,2.28,2.68,0,1.18,4.96,74.09,-0.01,24.51,10/4/18,WE4,277,
Q1,1,10/4/18 10:42,0,1.65,1.41,0.2,1.16,3.25,75.67,0,24.51,10/4/18,WE4,277,
Q1,1,10/4/18 10:42,0,1.59,1.52,0.18,1.12,3.29,75.59,0.02,24.51,10/4/18,WE4,277,
Q1,1,10/4/18 10:42,0.06,1.56,1.39,0.25,1.17,3.25,75.65,0.01,24.51,10/4/18,WE4,277,
Q1,1,10/4/18 10:42,0.13,2.25,1.38,0,1.17,3.76,75.75,0.05,24.51,10/4/18,WE4,277,
Q1,1,10/4/18 10:42,0,1.84,1.79,0,1.07,3.64,75.68,0.03,24.51,10/4/18,WE4,277,
Q1,1,10/4/18 10:42,0,1.83,1.41,0,1.15,3.24,75.73,0.03,24.51,10/4/18,WE4,277,
Q1,1,10/4/18 10:42,0,1.77,1.44,0,1.12,3.21,75.74,0.04,24.51,10/4/18,WE4,277,
Q1,1,10/4/18 10:42,0,1.63,1.03,0.49,1.22,3.15,75.61,0.05,24.51,10/4/18,WE4,277,
Q1,1,10/4/18 10:42,0.35,1.37,1.14,0.36,1.14,3.21,75.51,0.01,24.51,10/4/18,WE4,277,
Q1,1,10/4/18 10:42,0,1.53,2.12,0.42,0.82,4.07,75.37,0,24.51,10/4/18,WE4,277,
Q1,1,10/4/18 10:42,0,1.49,1.59,0,1.09,3.08,75.59,0,24.51,10/4/18,WE4,277,
Q1,1,10/4/18 10:42,0,1.52,1.93,0,1.05,3.45,75.52,0.02,24.51,10/4/18,WE4,277,
Q1,1,10/4/18 10:42,0,1.33,1.29,0.14,1.15,2.76,75.68,0,24.52,10/4/18,WE4,277,
Q1,1,10/4/18 10:42,0,1.69,1.64,0.02,1.11,3.35,75.75,0.02,24.52,10/4/18,WE4,277,
Q1,1,10/4/18 10:42,0,1.41,1.81,0.03,0.99,3.25,75.74,0.01,24.51,10/4/18,WE4,277,
Q1,1,10/4/18 10:42,0,1.37,1.75,0.08,1.07,3.2,75.67,0.03,24.52,10/4/18,WE4,277,
Q1,1,10/4/18 10:42,0,1.62,1.77,0,1.04,3.39,75.66,0.01,24.51,10/4/18,WE4,277,
Q1,1,10/4/18 10:42,0.26,1.59,1.31,0.08,1.15,3.24,75.74,0.01,24.51,10/4/18,WE4,277,
Q1,1,10/4/18 10:42,0.22,1.55,1.49,0,1.12,3.26,75.77,0.02,24.51,10/4/18,WE4,277,
Q1,1,10/4/18 10:42,0.01,1.61,1.38,0.3,1.13,3.29,75.67,0.01,24.52,10/4/18,WE4,277,
Q1,1,10/4/18 10:42,0,1.37,2.8,0,0.51,4.17,75.34,0.03,24.52,10/4/18,WE4,277,
Q1,1,10/4/18 10:42,0,1.49,1.54,0,1.13,3.03,75.66,0.03,24.51,10/4/18,WE4,277,
Q1,1,10/4/18 10:42,0,1.54,1.41,0.13,1.17,3.09,75.58,0.03,24.52,10/4/18,WE4,277,
Q1,1,10/4/18 10:43,0,1.57,1.37,0,1.17,2.94,75.73,0.02,24.52,10/4/18,WE4,277,
Q1,1,10/4/18 10:43,0,1.51,1.5,0,1.11,3.01,75.64,0,24.53,10/4/18,WE4,277,
Q1,1,10/4/18 10:43,0,1.59,1.4,0,1.15,2.99,75.75,0.02,24.52,10/4/18,WE4,277,
Q1,1,10/4/18 10:43,0,1.4,1.44,0.01,1.09,2.86,75.79,0.04,24.52,10/4/18,WE4,277,
Q1,1,10/4/18 10:43,0,1.38,1.56,0.04,1.04,2.98,75.73,0,24.52,10/4/18,WE4,277,
Q1,1,10/4/18 10:43,0,1.57,1.54,0.44,1.07,3.54,75.68,0.02,24.52,10/4/18,WE4,277,
Q1,1,10/4/18 10:43,0,1.72,1.62,0,1.17,3.34,75.66,0.05,24.53,10/4/18,WE4,277,
Q1,1,10/4/18 10:43,0,1.56,1.29,0.09,1.16,2.94,75.67,0.03,24.53,10/4/18,WE4,277,
Q1,1,10/4/18 10:43,0,1.19,0.97,0.62,1.17,2.79,75.56,0.03,24.53,10/4/18,WE4,277,
Q1,1,10/4/18 10:43,0,1.72,1.28,0.03,1.18,3.02,75.72,0.01,24.53,10/4/18,WE4,277,
Q1,1,10/4/18 10:43,0,1.65,1.49,0,1.13,3.13,75.55,0.02,24.52,10/4/18,WE4,277,
Q1,1,10/4/18 10:43,0,1.52,1.33,0,1.16,2.86,75.74,0.03,24.53,10/4/18,WE4,277,
Q1,1,10/4/18 10:43,0.1,1.81,1.49,0,1.19,3.41,75.87,0.02,24.53,10/4/18,WE4,277,
Q2,1,10/4/18 10:44,0,1.91,1.17,0.41,1.15,3.49,75.56,0.03,24.53,10/4/18,WE4,277,
Q2,1,10/4/18 10:44,0,1.79,1.43,0,1.16,3.22,75.5,0.02,24.54,10/4/18,WE4,277,
Q2,1,10/4/18 10:44,0.02,1.89,1.46,0,1.16,3.37,75.5,0,24.53,10/4/18,WE4,277,
Q2,1,10/4/18 10:44,0.25,1.8,1.01,0.31,1.16,3.38,75.45,0.01,24.55,10/4/18,WE4,277,
Q2,1,10/4/18 10:44,0,1.97,1.56,0,1.16,3.52,75.49,0.03,24.54,10/4/18,WE4,277,
Q2,1,10/4/18 10:44,0,2.51,1.5,0,1.17,4.01,75.49,0.06,24.55,10/4/18,WE4,277,
Q2,1,10/4/18 10:44,0,1.79,1.42,0,1.18,3.21,75.41,0.05,24.54,10/4/18,WE4,277,
Q2,1,10/4/18 10:44,0.04,1.69,1.1,0.13,1.17,2.96,75.36,0.06,24.54,10/4/18,WE4,277,
Q2,1,10/4/18 10:44,0.42,2.05,1.08,0,1.18,3.55,75.32,0.05,24.55,10/4/18,WE4,277,
Q2,1,10/4/18 10:44,0,1.84,1.12,0.15,1.13,3.11,75.52,-0.01,24.55,10/4/18,WE4,277,
Q2,1,10/4/18 10:44,0,1.73,1.34,0.2,1.17,3.27,75.49,-0.01,24.56,10/4/18,WE4,277,
Q2,1,10/4/18 10:44,0.1,1.88,1.59,0.02,1.14,3.59,75.53,0.01,24.55,10/4/18,WE4,277,
Q2,1,10/4/18 10:44,0,1.97,1.31,0,1.14,3.28,75.53,0.01,24.56,10/4/18,WE4,277,
Q2,1,10/4/18 10:44,0.07,1.94,1.58,0,1.11,3.59,75.49,0.01,24.55,10/4/18,WE4,277,
Q2,1,10/4/18 10:44,0.11,1.97,1.42,0,1.15,3.5,75.52,0.02,24.56,10/4/18,WE4,277,
Q2,1,10/4/18 10:44,0,2.04,1.33,0,1.12,3.37,75.55,0,24.55,10/4/18,WE4,277,
Q2,1,10/4/18 10:44,0.09,2.2,1.31,0,1.15,3.6,75.6,-0.02,24.55,10/4/18,WE4,277,
Q2,1,10/4/18 10:44,0.11,2.16,1.34,0,1.18,3.61,75.37,-0.01,24.55,10/4/18,WE4,277,
Q2,1,10/4/18 10:44,0.56,1.81,1.08,0,1.13,3.45,75.47,0,24.56,10/4/18,WE4,277,
Q2,1,10/4/18 10:44,0,1.96,1.25,0,1.13,3.21,75.59,-0.01,24.56,10/4/18,WE4,277,
Q2,1,10/4/18 10:44,0,1.82,1.52,0,1.16,3.34,75.57,0,24.56,10/4/18,WE4,277,
Q2,1,10/4/18 10:44,0.02,2.02,1.75,0,1.13,3.79,75.4,-0.01,24.56,10/4/18,WE4,277,
Q2,1,10/4/18 10:45,0.28,1.38,0.6,0.65,1.14,2.91,75.41,-0.01,24.56,10/4/18,WE4,277,
Q2,1,10/4/18 10:45,0.11,2.11,1.02,0.43,1.19,3.68,75.52,0,24.56,10/4/18,WE4,277,
Q2,1,10/4/18 10:45,0,1.91,1.38,0.06,1.15,3.35,75.48,-0.02,24.56,10/4/18,WE4,277,
Q2,1,10/4/18 10:45,0,2.21,1.5,0,1.18,3.71,75.54,-0.01,24.56,10/4/18,WE4,277,
Q2,1,10/4/18 10:45,0,1.6,1.01,0.18,1.17,2.8,75.68,0.01,24.56,10/4/18,WE4,277,
Q2,1,10/4/18 10:45,0,1.64,1.1,0.04,1.16,2.77,75.51,0,24.57,10/4/18,WE4,277,
Q2,1,10/4/18 10:45,0.02,1.92,1.36,0,1.14,3.3,75.44,-0.02,24.56,10/4/18,WE4,277,
Q2,1,10/4/18 10:45,0,1.74,1.28,0.2,1.09,3.22,75.44,-0.02,24.56,10/4/18,WE4,277,
Q2,1,10/4/18 10:45,0,1.69,1.5,0,1.17,3.19,75.45,0.01,24.56,10/4/18,WE4,277,
Q2,1,10/4/18 10:45,0,1.86,1.1,0.36,1.16,3.32,75.66,0.02,24.56,10/4/18,WE4,277,
Q3,1,10/4/18 10:46,0,1.81,1.81,0,1.17,3.62,76.23,0,24.55,10/4/18,WE4,277,
Q3,1,10/4/18 10:46,0,1.76,2.02,0,1.11,3.78,76.2,0.03,24.55,10/4/18,WE4,277,
Q3,1,10/4/18 10:46,0,1.5,1.53,0.54,1.2,3.57,76.2,0.03,24.55,10/4/18,WE4,277,
Q3,1,10/4/18 10:46,0,2.27,2.08,0,1.07,4.35,75.91,0.02,24.56,10/4/18,WE4,277,
Q3,1,10/4/18 10:46,0,2.33,2.06,0,1.15,4.4,75.88,0,24.56,10/4/18,WE4,277,
Q3,1,10/4/18 10:46,0,1.63,1.43,0.32,1.16,3.38,76.12,0.02,24.56,10/4/18,WE4,277,
Q3,1,10/4/18 10:46,0,2.07,1.71,0.12,1.21,3.91,76.08,0.04,24.56,10/4/18,WE4,277,
Q3,1,10/4/18 10:46,0,1.85,1.66,0.2,1.16,3.71,76.02,0.02,24.56,10/4/18,WE4,277,
Q3,1,10/4/18 10:46,0,1.74,1.94,0.2,1.2,3.87,75.99,0.01,24.55,10/4/18,WE4,277,
Q3,1,10/4/18 10:46,0,2,1.59,0,1.14,3.58,75.95,0,24.56,10/4/18,WE4,277,
Q3,1,10/4/18 10:46,0,2.1,1.75,0,1.19,3.85,75.95,0.05,24.56,10/4/18,WE4,277,
Q3,1,10/4/18 10:46,0,2.05,1.91,0,1.18,3.96,75.97,0.02,24.56,10/4/18,WE4,277,
Q3,1,10/4/18 10:46,0,1.73,1.93,0,1.14,3.66,75.87,0.04,24.55,10/4/18,WE4,277,
Q3,1,10/4/18 10:46,0.07,1.79,1.41,0,1.14,3.26,75.96,0.03,24.56,10/4/18,WE4,277,
Q3,1,10/4/18 10:46,0,1.41,1.54,0.71,1.15,3.67,75.9,0.05,24.56,10/4/18,WE4,277,
Q3,1,10/4/18 10:46,0,1.57,1.27,1.02,1.14,3.86,75.87,0.01,24.56,10/4/18,WE4,277,
Q3,1,10/4/18 10:46,0,1.85,1.61,0.52,1.15,3.98,75.88,0.03,24.56,10/4/18,WE4,277,
Q3,1,10/4/18 10:46,0,1.58,1.33,0.81,1.22,3.72,75.87,0.03,24.57,10/4/18,WE4,277,
Q3,1,10/4/18 10:46,0,1.58,1.81,0.24,1.16,3.64,75.89,0.01,24.57,10/4/18,WE4,277,
Q3,1,10/4/18 10:46,0,1.83,2.06,0,1.19,3.88,75.92,0.04,24.56,10/4/18,WE4,277,
Q3,1,10/4/18 10:46,0,1.91,1.63,0.44,1.2,3.98,75.92,0.04,24.57,10/4/18,WE4,277,
Q3,1,10/4/18 10:46,0,1.77,1.66,0,1.15,3.43,75.81,0.03,24.56,10/4/18,WE4,277,
Q3,1,10/4/18 10:46,0,1.81,1.59,0.03,1.2,3.43,75.76,0.06,24.58,10/4/18,WE4,277,
Q3,1,10/4/18 10:46,0,1.91,1.74,0.06,1.16,3.71,75.78,0.1,24.56,10/4/18,WE4,277,
Q3,1,10/4/18 10:46,0,1.82,1.56,0.17,1.18,3.55,75.98,0.09,24.57,10/4/18,WE4,277,
Q3,1,10/4/18 10:46,0,1.72,1.68,0,1.16,3.41,75.97,0.07,24.57,10/4/18,WE4,277,
Q3,1,10/4/18 10:46,0,1.8,1.81,0,1.17,3.61,75.88,0.08,24.57,10/4/18,WE4,277,
Q3,1,10/4/18 10:46,0.02,1.73,1.73,0.09,1.19,3.56,75.78,0.02,24.57,10/4/18,WE4,277,
Q3,1,10/4/18 10:46,0,1.72,1.42,0.3,1.17,3.44,75.82,0.03,24.59,10/4/18,WE4,277,
Q3,1,10/4/18 10:46,0,1.78,1.81,0,1.2,3.59,76.02,0.04,24.57,10/4/18,WE4,277,
Q3,1,10/4/18 10:46,0,1.81,1.9,0,1.16,3.7,75.87,0.04,24.58,10/4/18,WE4,277,
Q3,1,10/4/18 10:46,0,2.35,1.57,0,1.18,3.92,75.88,0.02,24.57,10/4/18,WE4,277,
Q3,1,10/4/18 10:46,0,1.52,1.56,0.08,1.14,3.16,75.93,0.05,24.57,10/4/18,WE4,277,
Q3,1,10/4/18 10:46,0,1.7,1.83,0,1.2,3.53,75.87,0.01,24.57,10/4/18,WE4,277,
Q3,1,10/4/18 10:46,0,1.58,1.75,0.21,1.16,3.54,75.74,0.03,24.58,10/4/18,WE4,277,
Q3,1,10/4/18 10:46,0,1.75,1.6,0.06,1.13,3.42,75.81,0.04,24.58,10/4/18,WE4,277,
Q3,1,10/4/18 10:46,0,1.65,1.48,0,1.15,3.13,75.88,0.03,24.58,10/4/18,WE4,277,
Q3,1,10/4/18 10:46,0,2.04,1.43,0,1.22,3.46,75.87,0.03,24.58,10/4/18,WE4,277,
Q3,1,10/4/18 10:47,0,1.76,1.67,0,1.15,3.43,75.93,0.04,24.59,10/4/18,WE4,277,
Q4,1,10/4/18 10:48,0.05,1.46,1.23,0.07,1.14,2.82,75.46,0,24.59,10/4/18,WE4,277,
Q4,1,10/4/18 10:48,0,1.58,1.12,0,1.16,2.7,75.32,-0.01,24.59,10/4/18,WE4,277,
Q4,1,10/4/18 10:48,0.02,1.58,1.16,0.03,1.15,2.79,75.53,-0.01,24.59,10/4/18,WE4,277,
Q4,1,10/4/18 10:48,0.07,1.66,1.11,0,1.07,2.84,75.4,0.01,24.58,10/4/18,WE4,277,
Q4,1,10/4/18 10:48,0.04,1.53,1.17,0.08,1.14,2.82,75.54,0.01,24.59,10/4/18,WE4,277,
Q4,1,10/4/18 10:48,0,1.58,1.37,0,1.16,2.94,75.45,0,24.59,10/4/18,WE4,277,
Q4,1,10/4/18 10:48,0,1.53,1.04,0.21,1.15,2.78,75.51,0.02,24.6,10/4/18,WE4,277,
Q4,1,10/4/18 10:48,0.41,1.75,1.12,0,1.1,3.28,75.57,0.03,24.59,10/4/18,WE4,277,
Q4,1,10/4/18 10:48,0,1.54,1.38,0,1.06,2.92,75.49,0.03,24.6,10/4/18,WE4,277,
Q4,1,10/4/18 10:48,0,1.53,1.23,0.19,1.12,2.95,75.47,0.02,24.6,10/4/18,WE4,277,
Q4,1,10/4/18 10:48,0,1.56,1.16,0.05,1.19,2.77,75.29,0.01,24.59,10/4/18,WE4,277,
Q4,1,10/4/18 10:48,0,1.47,1.26,0.07,1.09,2.8,75.46,0,24.59,10/4/18,WE4,277,
Q4,1,10/4/18 10:48,0,1.36,1.05,0.17,1.12,2.57,75.55,0.03,24.59,10/4/18,WE4,277,
Q4,1,10/4/18 10:48,0.02,1.58,1.06,0,1.14,2.67,75.46,0.02,24.59,10/4/18,WE4,277,
Q4,1,10/4/18 10:48,0.16,1.64,1.32,0,1.2,3.12,75.43,0,24.6,10/4/18,WE4,277,
Q4,1,10/4/18 10:48,0,1.42,1.06,0.13,1.12,2.61,75.47,0.01,24.59,10/4/18,WE4,277,
Q4,1,10/4/18 10:48,0.2,1.45,0.85,0.2,1.15,2.7,75.43,0.06,24.59,10/4/18,WE4,277,
Q4,1,10/4/18 10:48,0,1.57,1.23,0,1.15,2.79,75.45,0.07,24.6,10/4/18,WE4,277,
Q4,1,10/4/18 10:48,0.1,1.69,1.04,0.1,1.14,2.92,75.35,0.04,24.59,10/4/18,WE4,277,
Q4,1,10/4/18 10:48,0,1.68,1.41,0,1.14,3.09,75.39,0.05,24.59,10/4/18,WE4,277,
Q4,1,10/4/18 10:48,0,1.5,1.2,0,1.11,2.7,75.44,0.06,24.59,10/4/18,WE4,277,
Q4,1,10/4/18 10:48,0,1.56,1.28,0,1.16,2.83,75.53,0.04,24.59,10/4/18,WE4,277,
Q4,1,10/4/18 10:48,0,1.54,1.25,0.03,1.12,2.82,75.45,0.05,24.59,10/4/18,WE4,277,
Q4,1,10/4/18 10:48,0,1.52,1.08,0.06,1.1,2.66,75.46,0.04,24.59,10/4/18,WE4,277,
Q4,1,10/4/18 10:48,0,1.35,0.98,0.15,1.1,2.48,75.45,0.07,24.6,10/4/18,WE4,277,
Q4,1,10/4/18 10:48,0.24,1.55,1.18,0,1.13,2.97,75.45,0.04,24.6,10/4/18,WE4,277,
Q4,1,10/4/18 10:48,0,1.54,1.16,0.02,1.12,2.72,75.45,0.02,24.6,10/4/18,WE4,277,
Q4,1,10/4/18 10:48,0.11,1.54,1.06,0.13,1.08,2.85,75.57,0.01,24.61,10/4/18,WE4,277,
Q4,1,10/4/18 10:48,0.13,1.58,1.08,0,1.12,2.79,75.5,0.01,24.6,10/4/18,WE4,277,
Q4,1,10/4/18 10:48,0.33,1.41,0.65,0.41,1.15,2.81,75.28,-0.01,24.61,10/4/18,WE4,277,
Q4,1,10/4/18 10:49,0.09,1.28,0.9,0.25,1.09,2.52,75.48,0.01,24.6,10/4/18,WE4,277,
Q4,1,10/4/18 10:49,0,1.47,1.38,0,1.11,2.85,75.43,-0.01,24.61,10/4/18,WE4,277,
Q4,1,10/4/18 10:49,0.25,1.42,1.19,0,1.07,2.86,75.45,0.01,24.61,10/4/18,WE4,277,
Q4,1,10/4/18 10:49,0.11,1.57,1.31,0,1.14,2.99,75.55,0,24.59,10/4/18,WE4,277,
Q4,1,10/4/18 10:49,0,1.47,1.39,0,1.08,2.86,75.43,0.02,24.6,10/4/18,WE4,277,
Q4,1,10/4/18 10:49,0.26,1.34,0.79,0.3,1.11,2.69,75.56,0.02,24.61,10/4/18,WE4,277,
Q4,1,10/4/18 10:49,0,1.67,1.24,0,1.12,2.91,75.56,0.02,24.61,10/4/18,WE4,277,
Q4,1,10/4/18 10:49,0,1.49,0.96,0.02,1.1,2.47,75.38,0.02,24.61,10/4/18,WE4,277,
Q4,1,10/4/18 10:49,0,1.69,1.23,0,1.11,2.92,75.45,0.02,24.61,10/4/18,WE4,277,
Q4,1,10/4/18 10:49,0,1.54,1.07,0.15,1.13,2.75,75.47,0.01,24.61,10/4/18,WE4,277,
Q4,1,10/4/18 10:49,0,1.4,1.1,0.19,1.08,2.7,75.38,0,24.6,10/4/18,WE4,277,
C1,FM,10/4/18 12:59,0,2.04,2.57,0.45,1.26,5.06,72.81,0,26.51,10/4/18,WE4,277,
C1,FM,10/4/18 12:59,0.13,2.36,2.75,0,1.19,5.24,72.69,-0.01,26.5,10/4/18,WE4,277,
C1,FM,10/4/18 12:59,0,2.31,3.01,0,1.2,5.33,72.8,-0.02,26.51,10/4/18,WE4,277,
C1,FM,10/4/18 12:59,0.13,2.3,2.86,0,1.11,5.29,72.77,0.01,26.51,10/4/18,WE4,277,
C1,FM,10/4/18 12:59,0.13,2.26,3.02,0,1.08,5.42,72.82,0,26.51,10/4/18,WE4,277,
C1,FM,10/4/18 12:59,0,2.44,2.9,0,1.14,5.34,72.79,0.01,26.52,10/4/18,WE4,277,
C1,FM,10/4/18 12:59,0,2.14,2.9,0,1.14,5.04,72.82,0,26.53,10/4/18,WE4,277,
C1,FM,10/4/18 12:59,0.2,2.09,3,0,1.22,5.29,72.82,0.01,26.52,10/4/18,WE4,277,
C1,FM,10/4/18 12:59,0,2.13,2.78,0,1.13,4.92,72.85,-0.01,26.52,10/4/18,WE4,277,
C1,FM,10/4/18 12:59,0.11,2.34,3.03,0,1.12,5.48,72.91,0,26.52,10/4/18,WE4,277,
C1,FM,10/4/18 12:59,0.19,2.59,2.72,0,1.17,5.49,72.83,0,26.54,10/4/18,WE4,277,
C1,FM,10/4/18 12:59,0,2.66,2.75,0,1.13,5.41,72.73,-0.01,26.52,10/4/18,WE4,277,
C1,FM,10/4/18 12:59,0.29,2.37,2.7,0,1.14,5.36,72.43,0.01,26.55,10/4/18,WE4,277,
C1,FM,10/4/18 12:59,0,2.32,2.92,0,1.18,5.23,72.35,0,26.54,10/4/18,WE4,277,
C1,FM,10/4/18 12:59,0.21,2.3,2.92,0,1.14,5.43,72.9,-0.01,26.54,10/4/18,WE4,277,
C1,FM,10/4/18 12:59,0,2.41,2.83,0.13,1.13,5.36,72.98,0.01,26.55,10/4/18,WE4,277,
C1,FM,10/4/18 12:59,0,2.28,2.79,0.03,1.1,5.1,72.91,0.01,26.56,10/4/18,WE4,277,
C1,FM,10/4/18 12:59,0,2.26,2.94,0.12,1.19,5.32,72.89,0.01,26.55,10/4/18,WE4,277,
C1,FM,10/4/18 12:59,0,2.6,3.33,0,1.11,5.93,72.74,-0.01,26.55,10/4/18,WE4,277,
C1,FM,10/4/18 12:59,0.62,2.38,2.24,0.31,1.17,5.56,72.96,0.02,26.55,10/4/18,WE4,277,
C1,FM,10/4/18 12:59,0.29,2.65,2.98,0,1.17,5.92,73.02,0.03,26.55,10/4/18,WE4,277,
C1,FM,10/4/18 12:59,0.57,2.73,2.66,0,1.11,5.95,72.91,-0.02,26.55,10/4/18,WE4,277,
C1,FM,10/4/18 12:59,0.46,1.97,2.81,0,1.15,5.24,73.15,0,26.55,10/4/18,WE4,277,
C1,FM,10/4/18 12:59,0.27,2.03,2.86,0,1.15,5.17,72.94,0,26.55,10/4/18,WE4,277,
C1,FM,10/4/18 12:59,0.22,2.32,2.98,0,1.15,5.52,73.02,0.06,26.55,10/4/18,WE4,277,
C1,FM,10/4/18 12:59,0.25,1.99,2.67,0.24,1.11,5.15,72.94,0.05,26.55,10/4/18,WE4,277,
C1,FM,10/4/18 12:59,0.48,2.26,2.75,0,1.02,5.49,73.17,0.06,26.55,10/4/18,WE4,277,
C1,FM,10/4/18 13:00,0,2.45,3,0,1.13,5.45,72.96,0.03,26.56,10/4/18,WE4,277,
C1,FM,10/4/18 13:00,0,2.42,2.71,0,1.17,5.13,72.91,0.03,26.56,10/4/18,WE4,277,
C1,FM,10/4/18 13:00,0.4,2.42,2.75,0,1.1,5.57,72.98,0.02,26.56,10/4/18,WE4,277,
C1,FM,10/4/18 13:00,0.46,2.07,2.26,0.33,1.1,5.12,73.02,0.01,26.56,10/4/18,WE4,277,
C1,FM,10/4/18 13:00,0.15,2.26,2.62,0,1.15,5.02,72.98,0.01,26.57,10/4/18,WE4,277,
C1,FM,10/4/18 13:00,0,2.36,3.14,0,1.11,5.5,73.2,-0.02,26.56,10/4/18,WE4,277,
C1,FM,10/4/18 13:00,0.33,2.87,2.68,0.03,1.2,5.92,73.1,0.01,26.56,10/4/18,WE4,277,
C1,FM,10/4/18 13:00,0.35,2.57,2.96,0,1.12,5.88,72.95,0.03,26.56,10/4/18,WE4,277,
C1,FM,10/4/18 13:00,0,2.49,2.85,0,1.12,5.34,73.08,0.01,26.57,10/4/18,WE4,277,
C1,FM,10/4/18 13:00,0.42,2.67,2.71,0,1.14,5.79,73.1,0.01,26.57,10/4/18,WE4,277,
C1,FM,10/4/18 13:00,0.75,2.29,2.53,0,1.1,5.57,73.15,0.02,26.56,10/4/18,WE4,277,
C1,FM,10/4/18 13:00,0,2.31,3.1,0,1.09,5.41,73.14,0.01,26.57,10/4/18,WE4,277,
C1,FM,10/4/18 13:00,0.43,2.5,2.57,0,1.12,5.5,72.98,0,26.56,10/4/18,WE4,277,
C1,FM,10/4/18 13:00,0,2.06,2.88,0.19,1.12,5.12,72.95,0.02,26.57,10/4/18,WE4,277,
C2,FM,10/4/18 13:01,0.47,2.37,2.73,0.28,1.11,5.84,73.37,0,26.52,10/4/18,WE4,277,
C2,FM,10/4/18 13:01,0.21,2.22,3.12,0,1.05,5.55,73.43,0.01,26.52,10/4/18,WE4,277,
C2,FM,10/4/18 13:01,0.79,2.76,2.62,0,1.07,6.17,73.37,0.05,26.52,10/4/18,WE4,277,
C2,FM,10/4/18 13:02,0.24,2.4,2.88,0,1.07,5.52,73.42,0.06,26.52,10/4/18,WE4,277,
C2,FM,10/4/18 13:02,0.13,2.34,3.3,0,1.1,5.78,73.38,0.05,26.52,10/4/18,WE4,277,
C2,FM,10/4/18 13:02,1.05,2.05,2.68,0,1.1,5.78,73.49,0.04,26.52,10/4/18,WE4,277,
C2,FM,10/4/18 13:02,0.71,1.92,3.15,0,1.07,5.78,73.24,0,26.51,10/4/18,WE4,277,
C2,FM,10/4/18 13:02,0.53,2.27,2.94,0.01,1.09,5.74,73.35,-0.02,26.52,10/4/18,WE4,277,
C2,FM,10/4/18 13:02,0.48,2.87,2.89,0,1.06,6.24,73.3,0.01,26.53,10/4/18,WE4,277,
C2,FM,10/4/18 13:02,0.43,2.18,2.81,0,1.1,5.41,73.42,0.02,26.52,10/4/18,WE4,277,
C2,FM,10/4/18 13:02,0.12,2.48,3.21,0,1.06,5.81,73.44,0,26.52,10/4/18,WE4,277,
C2,FM,10/4/18 13:02,0,2.56,3.26,0,1.15,5.82,73.46,-0.03,26.53,10/4/18,WE4,277,
C2,FM,10/4/18 13:02,0.51,2.58,3.03,0,1.04,6.12,73.34,0.01,26.52,10/4/18,WE4,277,
C2,FM,10/4/18 13:02,0.3,2.39,2.55,0,1.08,5.24,73.3,0.02,26.53,10/4/18,WE4,277,
C2,FM,10/4/18 13:02,0.49,2.83,2.83,0,1.08,6.16,73.4,0.02,26.53,10/4/18,WE4,277,
C2,FM,10/4/18 13:02,0.11,2.6,3.31,0,1.09,6.01,73.44,0,26.53,10/4/18,WE4,277,
C2,FM,10/4/18 13:02,0.29,2.3,2.97,0,1.1,5.56,73.32,-0.01,26.52,10/4/18,WE4,277,
C2,FM,10/4/18 13:02,0.41,2.73,2.93,0,1.08,6.07,73.44,0,26.52,10/4/18,WE4,277,
C2,FM,10/4/18 13:02,0.43,2.9,3.09,0,1.08,6.42,73.35,0.02,26.53,10/4/18,WE4,277,
C2,FM,10/4/18 13:02,0.91,2.15,2.68,0,1.05,5.74,73.49,0.01,26.54,10/4/18,WE4,277,
C2,FM,10/4/18 13:02,0.35,2.55,3.15,0,1.02,6.04,73.33,-0.02,26.54,10/4/18,WE4,277,
C2,FM,10/4/18 13:02,0.39,2.57,2.63,0,1,5.58,73.25,-0.02,26.54,10/4/18,WE4,277,
C2,FM,10/4/18 13:02,0.16,2.48,3.23,0,1.08,5.86,73.48,0,26.54,10/4/18,WE4,277,
C2,FM,10/4/18 13:02,0.68,2.29,2.51,0.44,1.14,5.93,73.36,0,26.55,10/4/18,WE4,277,
C2,FM,10/4/18 13:02,0.38,2.28,2.52,0.29,1.07,5.48,73.4,-0.01,26.54,10/4/18,WE4,277,
C2,FM,10/4/18 13:02,0.32,2.45,2.75,0,1.04,5.52,73.33,-0.03,26.54,10/4/18,WE4,277,
C2,FM,10/4/18 13:02,0.64,2.35,2.6,0,0.99,5.6,73.41,-0.01,26.55,10/4/18,WE4,277,
C2,FM,10/4/18 13:02,0.45,2.31,2.94,0,1.07,5.71,73.34,-0.01,26.54,10/4/18,WE4,277,
C2,FM,10/4/18 13:02,0.44,2.6,2.86,0,1.06,5.89,73.49,0.01,26.54,10/4/18,WE4,277,
C2,FM,10/4/18 13:02,0.48,2.24,3.1,0,1.03,5.81,73.44,0.03,26.54,10/4/18,WE4,277,
C2,FM,10/4/18 13:02,0.49,2.55,3.09,0,1.05,6.14,73.32,0,26.53,10/4/18,WE4,277,
C3,FM,10/4/18 13:03,0.18,2.45,2.88,0,1.16,5.5,72.82,0,26.51,10/4/18,WE4,277,
C3,FM,10/4/18 13:03,0.46,2.28,3.02,0,1.14,5.77,72.72,-0.02,26.51,10/4/18,WE4,277,
C3,FM,10/4/18 13:03,0.27,2.17,2.81,0,1.12,5.25,72.73,-0.01,26.52,10/4/18,WE4,277,
C3,FM,10/4/18 13:03,0.38,2.14,2.51,0,1.09,5.02,72.76,0,26.52,10/4/18,WE4,277,
C3,FM,10/4/18 13:03,0.46,2.32,2.51,0,1.15,5.29,72.85,-0.01,26.51,10/4/18,WE4,277,
C3,FM,10/4/18 13:03,0.26,2.24,2.65,0,1.11,5.14,72.89,-0.04,26.52,10/4/18,WE4,277,
C3,FM,10/4/18 13:03,0.41,2.37,2.98,0,1.18,5.76,72.75,-0.02,26.51,10/4/18,WE4,277,
C3,FM,10/4/18 13:03,0.63,2.31,2.62,0,1.12,5.56,72.94,-0.03,26.51,10/4/18,WE4,277,
C3,FM,10/4/18 13:03,0.09,2.21,2.94,0,1.11,5.24,72.82,-0.01,26.51,10/4/18,WE4,277,
C3,FM,10/4/18 13:03,0.35,2.16,3.05,0,1.14,5.57,72.86,-0.02,26.52,10/4/18,WE4,277,
C3,FM,10/4/18 13:03,0.2,2.54,2.86,0,1.11,5.6,72.8,-0.01,26.51,10/4/18,WE4,277,
C3,FM,10/4/18 13:03,0.18,2.38,3.08,0,1.15,5.64,72.86,0,26.52,10/4/18,WE4,277,
C3,FM,10/4/18 13:03,0.45,2.4,2.73,0,1.17,5.58,72.88,-0.03,26.52,10/4/18,WE4,277,
C3,FM,10/4/18 13:03,0.48,2.62,2.91,0,1.14,6.01,72.73,-0.01,26.52,10/4/18,WE4,277,
C3,FM,10/4/18 13:03,0.78,2.75,2.52,0,1.1,6.05,72.76,-0.01,26.52,10/4/18,WE4,277,
C3,FM,10/4/18 13:03,0.09,2.38,2.77,0,1.12,5.24,72.79,0,26.52,10/4/18,WE4,277,
C3,FM,10/4/18 13:03,0.43,2.19,2.64,0,1.12,5.25,72.96,-0.01,26.52,10/4/18,WE4,277,
C3,FM,10/4/18 13:03,0,2.31,2.87,0,1.1,5.18,72.86,0,26.51,10/4/18,WE4,277,
C3,FM,10/4/18 13:03,0.38,2.14,3.05,0,1.11,5.57,72.87,-0.01,26.52,10/4/18,WE4,277,
C3,FM,10/4/18 13:03,0.48,2.42,2.84,0,1.08,5.73,72.75,-0.02,26.52,10/4/18,WE4,277,
C3,FM,10/4/18 13:03,0.47,2.18,2.73,0,1.08,5.38,72.81,0,26.53,10/4/18,WE4,277,
C3,FM,10/4/18 13:03,0.53,2.41,2.42,0,1.07,5.36,72.88,-0.01,26.53,10/4/18,WE4,277,
C3,FM,10/4/18 13:04,0.49,2.48,2.81,0,1.1,5.78,72.71,0,26.53,10/4/18,WE4,277,
C3,FM,10/4/18 13:04,0.61,2.62,2.72,0,1.16,5.95,72.67,0.02,26.52,10/4/18,WE4,277,
C3,FM,10/4/18 13:04,0.31,2.48,2.97,0.04,1.1,5.8,72.81,0.04,26.52,10/4/18,WE4,277,
C3,FM,10/4/18 13:04,0.36,2.48,3.2,0,1.13,6.04,72.74,0.01,26.53,10/4/18,WE4,277,
C3,FM,10/4/18 13:04,0.78,2.19,2.43,0,1.08,5.39,72.84,0.03,26.53,10/4/18,WE4,277,
C3,FM,10/4/18 13:04,1,2.72,2.3,0,1.08,6.02,72.87,0,26.55,10/4/18,WE4,277,
C3,FM,10/4/18 13:04,0.3,2.2,2.98,0,1.06,5.48,72.96,-0.02,26.54,10/4/18,WE4,277,
Q1,FM,10/4/18 13:05,0.06,2.02,1.24,0,1.32,3.31,73.46,0,26.5,10/4/18,WE4,277,
Q1,FM,10/4/18 13:05,0.01,1.89,1.35,0,1.29,3.25,73.35,-0.01,26.5,10/4/18,WE4,277,
Q1,FM,10/4/18 13:05,0,2.17,1.49,0,1.35,3.67,73.39,-0.02,26.5,10/4/18,WE4,277,
Q1,FM,10/4/18 13:05,0,1.99,1.19,0.27,1.3,3.45,73.38,-0.01,26.5,10/4/18,WE4,277,
Q1,FM,10/4/18 13:05,0,1.97,1.41,0,1.31,3.38,73.29,-0.01,26.5,10/4/18,WE4,277,
Q1,FM,10/4/18 13:05,0,1.86,1.49,0,1.28,3.35,73.41,-0.03,26.51,10/4/18,WE4,277,
Q1,FM,10/4/18 13:05,0,2.45,1.29,0,1.31,3.74,73.31,-0.02,26.5,10/4/18,WE4,277,
Q1,FM,10/4/18 13:05,0,1.95,1.37,0.04,1.28,3.36,73.26,-0.03,26.51,10/4/18,WE4,277,
Q1,FM,10/4/18 13:05,0,2,1.44,0,1.28,3.44,73.43,-0.04,26.5,10/4/18,WE4,277,
Q1,FM,10/4/18 13:05,0,1.94,1.38,0,1.31,3.32,73.33,-0.04,26.5,10/4/18,WE4,277,
Q1,FM,10/4/18 13:05,0,2.11,1.28,0,1.3,3.39,73.28,-0.03,26.51,10/4/18,WE4,277,
Q1,FM,10/4/18 13:05,0,2.01,1.35,0,1.31,3.36,73.33,-0.04,26.5,10/4/18,WE4,277,
Q1,FM,10/4/18 13:05,0,2.2,1.34,0,1.3,3.54,73.35,-0.02,26.5,10/4/18,WE4,277,
Q1,FM,10/4/18 13:05,0,2.15,1.3,0.1,1.32,3.55,73.32,-0.05,26.51,10/4/18,WE4,277,
Q1,FM,10/4/18 13:05,0.21,2.06,1.29,0,1.29,3.55,73.27,-0.04,26.51,10/4/18,WE4,277,
Q1,FM,10/4/18 13:05,0,1.63,1.12,0.33,1.31,3.09,73.38,-0.04,26.51,10/4/18,WE4,277,
Q1,FM,10/4/18 13:05,0,1.9,1.42,0,1.28,3.31,73.42,-0.02,26.51,10/4/18,WE4,277,
Q1,FM,10/4/18 13:05,0,2.35,1.39,0,1.28,3.74,73.39,-0.03,26.52,10/4/18,WE4,277,
Q1,FM,10/4/18 13:05,0,2.01,1.23,0,1.25,3.23,73.28,-0.04,26.51,10/4/18,WE4,277,
Q1,FM,10/4/18 13:05,0,1.96,1.19,0.09,1.3,3.24,73.28,-0.03,26.51,10/4/18,WE4,277,
Q1,FM,10/4/18 13:05,0,2.03,1.38,0,1.26,3.4,73.23,-0.01,26.52,10/4/18,WE4,277,
Q1,FM,10/4/18 13:05,0,2.06,1.31,0,1.28,3.37,73.33,-0.02,26.52,10/4/18,WE4,277,
Q1,FM,10/4/18 13:05,0,2.2,1.29,0,1.29,3.49,73.36,-0.03,26.53,10/4/18,WE4,277,
Q1,FM,10/4/18 13:05,0,2.05,1.27,0,1.31,3.32,73.44,-0.02,26.52,10/4/18,WE4,277,
Q1,FM,10/4/18 13:05,0.03,2.12,1.45,0,1.28,3.6,73.43,-0.01,26.53,10/4/18,WE4,277,
Q1,FM,10/4/18 13:05,0,2.04,1.27,0.08,1.32,3.38,73.36,-0.04,26.52,10/4/18,WE4,277,
Q1,FM,10/4/18 13:05,0,2.31,1.24,0,1.31,3.56,73.37,-0.02,26.53,10/4/18,WE4,277,
Q1,FM,10/4/18 13:05,0.04,1.98,1.29,0.05,1.29,3.36,73.3,-0.04,26.53,10/4/18,WE4,277,
Q1,FM,10/4/18 13:05,0,1.77,1.21,0,1.28,2.97,73.24,-0.04,26.54,10/4/18,WE4,277,
Q1,FM,10/4/18 13:05,0,2.03,1.19,0,1.3,3.22,73.37,-0.02,26.53,10/4/18,WE4,277,
Q1,FM,10/4/18 13:05,0,1.95,1.32,0.03,1.29,3.3,73.33,-0.02,26.52,10/4/18,WE4,277,
Q1,FM,10/4/18 13:05,0,1.84,1.03,0.23,1.29,3.1,73.37,-0.02,26.54,10/4/18,WE4,277,
Q1,FM,10/4/18 13:05,0.09,2.17,1.24,0,1.32,3.5,73.38,-0.04,26.54,10/4/18,WE4,277,
Q1,FM,10/4/18 13:06,0.09,1.86,1.29,0,1.24,3.24,73.45,-0.01,26.54,10/4/18,WE4,277,
Q1,FM,10/4/18 13:06,0.06,1.85,1.37,0,1.24,3.28,73.32,-0.03,26.54,10/4/18,WE4,277,
Q1,FM,10/4/18 13:06,0,2.2,1.38,0,1.29,3.57,73.19,0,26.53,10/4/18,WE4,277,
Q2,FM,10/4/18 13:07,0,2.3,1.63,0,1.31,3.93,72.89,-0.02,26.47,10/4/18,WE4,277,
Q2,FM,10/4/18 13:07,0,2.19,1.48,0,1.29,3.67,73.11,-0.01,26.46,10/4/18,WE4,277,
Q2,FM,10/4/18 13:07,0.16,2.03,1.57,0,1.23,3.76,73.02,-0.01,26.47,10/4/18,WE4,277,
Q2,FM,10/4/18 13:07,0,2.27,1.5,0,1.26,3.76,73,0.03,26.47,10/4/18,WE4,277,
Q2,FM,10/4/18 13:07,0,1.93,1.72,0,1.34,3.65,72.88,0.01,26.47,10/4/18,WE4,277,
Q2,FM,10/4/18 13:07,0,1.98,1.73,0,1.26,3.71,73.03,-0.03,26.48,10/4/18,WE4,277,
Q2,FM,10/4/18 13:07,0.07,2.2,1.64,0,1.27,3.91,73.06,-0.04,26.48,10/4/18,WE4,277,
Q2,FM,10/4/18 13:07,0,2.11,1.5,0,1.26,3.61,72.97,-0.03,26.48,10/4/18,WE4,277,
Q2,FM,10/4/18 13:07,0,2.13,1.48,0,1.26,3.61,72.96,-0.06,26.48,10/4/18,WE4,277,
Q2,FM,10/4/18 13:07,0.02,2.29,1.64,0,1.3,3.95,72.95,-0.05,26.49,10/4/18,WE4,277,
Q2,FM,10/4/18 13:07,0,2.13,1.71,0,1.26,3.83,73.03,-0.04,26.48,10/4/18,WE4,277,
Q2,FM,10/4/18 13:07,0.24,2.08,1.64,0,1.24,3.96,73.01,-0.05,26.49,10/4/18,WE4,277,
Q2,FM,10/4/18 13:07,0,1.95,1.79,0,1.28,3.74,73.01,-0.01,26.49,10/4/18,WE4,277,
Q2,FM,10/4/18 13:07,0.22,2.15,1.42,0,1.28,3.79,72.98,-0.03,26.49,10/4/18,WE4,277,
Q2,FM,10/4/18 13:07,0,1.96,1.43,0.06,1.27,3.45,73.07,-0.06,26.49,10/4/18,WE4,277,
Q2,FM,10/4/18 13:07,0.41,1.89,1.23,0,1.22,3.53,73.1,-0.03,26.49,10/4/18,WE4,277,
Q2,FM,10/4/18 13:07,0.13,2.01,1.49,0,1.24,3.63,72.96,-0.06,26.49,10/4/18,WE4,277,
Q2,FM,10/4/18 13:07,0.02,1.99,1.48,0,1.23,3.49,73.2,-0.04,26.5,10/4/18,WE4,277,
Q2,FM,10/4/18 13:07,0,2.15,1.67,0,1.25,3.82,72.95,-0.01,26.49,10/4/18,WE4,277,
Q2,FM,10/4/18 13:07,0.18,2.13,1.44,0.27,1.3,4.02,73.05,-0.04,26.5,10/4/18,WE4,277,
Q2,FM,10/4/18 13:07,0.2,2.07,1.46,0,1.26,3.73,73.07,-0.04,26.51,10/4/18,WE4,277,
Q2,FM,10/4/18 13:07,0,2.19,1.64,0,1.22,3.84,73.14,-0.02,26.5,10/4/18,WE4,277,
Q2,FM,10/4/18 13:07,0,2.23,1.44,0,1.3,3.68,73.16,-0.06,26.5,10/4/18,WE4,277,
Q2,FM,10/4/18 13:07,0,2.12,1.6,0,1.23,3.72,72.97,-0.04,26.5,10/4/18,WE4,277,
Q2,FM,10/4/18 13:07,0.1,2.09,1.5,0,1.28,3.69,73,-0.03,26.5,10/4/18,WE4,277,
Q2,FM,10/4/18 13:07,0,2.03,1.49,0,1.26,3.52,73.05,-0.05,26.5,10/4/18,WE4,277,
Q2,FM,10/4/18 13:08,0.45,2.11,1.32,0,1.22,3.88,73.03,-0.02,26.51,10/4/18,WE4,277,
Q2,FM,10/4/18 13:08,0,2.05,1.48,0,1.23,3.53,72.98,-0.04,26.51,10/4/18,WE4,277,
Q2,FM,10/4/18 13:08,0,2.03,1.78,0,1.22,3.81,72.97,-0.04,26.51,10/4/18,WE4,277,
Q2,FM,10/4/18 13:08,0.08,2.11,1.74,0.08,1.3,4.01,72.89,-0.04,26.51,10/4/18,WE4,277,
Q2,FM,10/4/18 13:08,0.23,2.28,1.57,0,1.21,4.07,73.1,-0.04,26.51,10/4/18,WE4,277,
Q3,FM,10/4/18 13:09,0,1.72,1.27,0,1.27,2.99,73.98,0.01,26.5,10/4/18,WE4,277,
Q3,FM,10/4/18 13:09,0,1.73,1.4,0,1.24,3.13,73.97,-0.01,26.49,10/4/18,WE4,277,
Q3,FM,10/4/18 13:09,0,1.82,1.4,0,1.23,3.22,73.98,-0.01,26.5,10/4/18,WE4,277,
Q3,FM,10/4/18 13:09,0,1.87,1.48,0,1.23,3.35,73.92,-0.01,26.5,10/4/18,WE4,277,
Q3,FM,10/4/18 13:09,0,2.06,1.23,0,1.25,3.29,73.84,0,26.49,10/4/18,WE4,277,
Q3,FM,10/4/18 13:09,0.11,1.87,1.09,0,1.22,3.07,73.81,0.04,26.5,10/4/18,WE4,277,
Q3,FM,10/4/18 13:09,0,1.97,1.27,0,1.28,3.24,74.05,0.02,26.5,10/4/18,WE4,277,
Q3,FM,10/4/18 13:09,0.04,2.05,1.3,0,1.27,3.39,74,0.01,26.5,10/4/18,WE4,277,
Q3,FM,10/4/18 13:09,0,1.87,1.18,0,1.26,3.04,73.95,0.02,26.5,10/4/18,WE4,277,
Q3,FM,10/4/18 13:09,0,1.92,1.4,0,1.27,3.33,73.92,0,26.5,10/4/18,WE4,277,
Q3,FM,10/4/18 13:09,0.07,1.79,1.41,0,1.25,3.27,73.94,0.03,26.5,10/4/18,WE4,277,
Q3,FM,10/4/18 13:09,0,1.67,1.49,0,1.25,3.16,74.02,0.02,26.51,10/4/18,WE4,277,
Q3,FM,10/4/18 13:09,0,1.89,1.56,0,1.25,3.46,73.69,0.02,26.51,10/4/18,WE4,277,
Q3,FM,10/4/18 13:09,0,1.95,1.39,0,1.27,3.33,73.81,0.04,26.51,10/4/18,WE4,277,
Q3,FM,10/4/18 13:09,0,1.96,1.3,0.01,1.26,3.26,73.74,0.01,26.51,10/4/18,WE4,277,
Q3,FM,10/4/18 13:09,0,1.98,1.34,0,1.25,3.32,74,0.01,26.5,10/4/18,WE4,277,
Q3,FM,10/4/18 13:09,0,1.88,1.44,0,1.25,3.32,73.86,0.02,26.51,10/4/18,WE4,277,
Q3,FM,10/4/18 13:09,0,1.96,1.36,0.29,1.27,3.61,73.73,-0.03,26.51,10/4/18,WE4,277,
Q3,FM,10/4/18 13:09,0,1.99,1.4,0,1.3,3.39,73.87,0,26.51,10/4/18,WE4,277,
Q3,FM,10/4/18 13:09,0,1.84,1.34,0,1.26,3.18,73.82,0.01,26.51,10/4/18,WE4,277,
Q3,FM,10/4/18 13:09,0,1.69,1.26,0,1.26,2.95,73.84,-0.01,26.51,10/4/18,WE4,277,
Q3,FM,10/4/18 13:09,0,2.28,1.34,0,1.3,3.62,73.94,-0.02,26.51,10/4/18,WE4,277,
Q3,FM,10/4/18 13:09,0,1.91,1.22,0,1.26,3.13,74,-0.02,26.51,10/4/18,WE4,277,
Q3,FM,10/4/18 13:09,0,1.8,1.33,0.13,1.28,3.25,73.94,-0.03,26.51,10/4/18,WE4,277,
Q3,FM,10/4/18 13:09,0,2.08,1.38,0,1.27,3.46,73.92,0,26.51,10/4/18,WE4,277,
Q3,FM,10/4/18 13:09,0.11,1.94,1.42,0,1.25,3.47,73.97,0,26.5,10/4/18,WE4,277,
Q3,FM,10/4/18 13:09,0,1.84,1.29,0,1.26,3.13,74.01,-0.01,26.51,10/4/18,WE4,277,
Q3,FM,10/4/18 13:09,0,1.94,1.34,0,1.21,3.28,73.97,-0.01,26.51,10/4/18,WE4,277,
Q3,FM,10/4/18 13:10,0,1.9,1.27,0.04,1.31,3.22,74.03,-0.01,26.51,10/4/18,WE4,277,
Q3,FM,10/4/18 13:10,0,1.79,1.25,0,1.25,3.04,73.98,-0.02,26.5,10/4/18,WE4,277,
Q3,FM,10/4/18 13:10,0,1.86,1.47,0,1.28,3.32,74.02,-0.03,26.51,10/4/18,WE4,277,
Q3,FM,10/4/18 13:10,0.04,1.91,1.32,0,1.24,3.27,73.96,0,26.51,10/4/18,WE4,277,
Q4,FM,10/4/18 13:11,0.07,2.08,1.4,0,1.32,3.55,73.35,0,26.46,10/4/18,WE4,277,
Q4,FM,10/4/18 13:11,0,1.85,1.58,0,1.36,3.43,73.29,0.02,26.47,10/4/18,WE4,277,
Q4,FM,10/4/18 13:11,0,2.03,1.38,0,1.38,3.4,73.14,0.01,26.46,10/4/18,WE4,277,
Q4,FM,10/4/18 13:11,0.14,2.1,1.49,0,1.36,3.73,73.32,0.01,26.46,10/4/18,WE4,277,
Q4,FM,10/4/18 13:11,0.06,1.89,1.25,0,1.4,3.2,73.31,0,26.47,10/4/18,WE4,277,
Q4,FM,10/4/18 13:11,0,1.92,1.5,0,1.36,3.42,73.29,0.03,26.47,10/4/18,WE4,277,
Q4,FM,10/4/18 13:11,0.01,1.9,1.2,0,1.34,3.11,73.24,0.01,26.46,10/4/18,WE4,277,
Q4,FM,10/4/18 13:11,0,2.15,1.19,0,1.3,3.33,73.29,0.01,26.46,10/4/18,WE4,277,
Q4,FM,10/4/18 13:11,0.11,2.14,1.31,0,1.34,3.56,73.26,0.01,26.46,10/4/18,WE4,277,
Q4,FM,10/4/18 13:11,0,1.9,1.26,0.17,1.37,3.33,73.29,0,26.46,10/4/18,WE4,277,
Q4,FM,10/4/18 13:11,0,1.82,1.43,0,1.34,3.26,73.4,-0.01,26.46,10/4/18,WE4,277,
Q4,FM,10/4/18 13:11,0,1.95,1.51,0,1.3,3.46,72.91,0.03,26.46,10/4/18,WE4,277,
Q4,FM,10/4/18 13:11,0,1.92,1.47,0,1.3,3.39,73.32,0.02,26.47,10/4/18,WE4,277,
Q4,FM,10/4/18 13:11,0,2.07,1.66,0,1.33,3.73,73.27,0.03,26.47,10/4/18,WE4,277,
Q4,FM,10/4/18 13:11,0,1.96,1.47,0,1.35,3.42,73.31,-0.02,26.46,10/4/18,WE4,277,
Q4,FM,10/4/18 13:11,0,2.05,1.41,0,1.37,3.46,73.16,0,26.46,10/4/18,WE4,277,
Q4,FM,10/4/18 13:11,0,1.91,1.33,0,1.3,3.24,73.4,-0.01,26.46,10/4/18,WE4,277,
Q4,FM,10/4/18 13:11,0.1,1.96,1.23,0,1.32,3.29,73.31,0,26.47,10/4/18,WE4,277,
Q4,FM,10/4/18 13:11,0,1.82,1.31,0,1.3,3.14,73.33,-0.02,26.47,10/4/18,WE4,277,
Q4,FM,10/4/18 13:11,0.01,1.79,1.57,0,1.36,3.37,73.35,0.01,26.47,10/4/18,WE4,277,
Q4,FM,10/4/18 13:11,0.11,1.95,1.52,0,1.31,3.59,73.39,0.02,26.47,10/4/18,WE4,277,
Q4,FM,10/4/18 13:11,0.24,1.92,1.11,0,1.3,3.26,73.27,0.01,26.46,10/4/18,WE4,277,
Q4,FM,10/4/18 13:11,0,1.84,1.38,0,1.33,3.23,73.28,-0.01,26.47,10/4/18,WE4,277,
Q4,FM,10/4/18 13:11,0,2.04,1.27,0,1.35,3.3,73.39,0.01,26.46,10/4/18,WE4,277,
Q4,FM,10/4/18 13:11,0.04,2.17,1.47,0,1.35,3.68,73.34,0.01,26.47,10/4/18,WE4,277,
Q4,FM,10/4/18 13:11,0,1.77,1.44,0.04,1.31,3.25,73.27,0.01,26.48,10/4/18,WE4,277,
Q4,FM,10/4/18 13:11,0,1.92,1.47,0,1.28,3.39,73.37,0.01,26.47,10/4/18,WE4,277,
Q4,FM,10/4/18 13:11,0.11,2.04,1.53,0,1.31,3.67,73.16,0,26.48,10/4/18,WE4,277,
Q4,FM,10/4/18 13:11,0.16,2.03,1.33,0,1.37,3.52,73.22,-0.01,26.49,10/4/18,WE4,277,
Q4,FM,10/4/18 13:11,0,1.85,1.17,0,1.35,3.02,73.38,-0.01,26.49,10/4/18,WE4,277,
Q4,FM,10/4/18 13:11,0,1.85,1.28,0,1.31,3.13,73.39,0.02,26.49,10/4/18,WE4,277,
Q4,FM,10/4/18 13:11,0.08,1.96,1.57,0,1.29,3.61,73.34,-0.01,26.49,10/4/18,WE4,277,
Q4,FM,10/4/18 13:11,0,1.9,1.31,0,1.34,3.21,73.33,0.03,26.49,10/4/18,WE4,277,
Q4,FM,10/4/18 13:11,0,1.9,1.41,0,1.36,3.31,73.33,0.04,26.48,10/4/18,WE4,277,
Q4,FM,10/4/18 13:11,0,1.98,1.2,0,1.39,3.18,73.3,0.05,26.48,10/4/18,WE4,277,
Q4,FM,10/4/18 13:11,0.06,2.04,1.48,0,1.29,3.58,73.37,0.03,26.49,10/4/18,WE4,277,
Q4,FM,10/4/18 13:11,0.06,1.98,1.58,0,1.32,3.61,73.16,0.03,26.48,10/4/18,WE4,277,