#File	data/decontam_fastqs/3003-ND-63_AAGCGTTC-ATGCCACA_S63_decon_R1.fastq.gz
#Reads	227683346
#Mapped	3409675
#RefSequences	20380
#Name	Length	Bases	Coverage	Reads	RPKM	Frags	FPKM
group_6075	390	27815	71.3205	198	148.8976	99	148.8976
group_6200	222	9848	44.3604	71	93.7977	35	92.4767
group_10967	1389	0	0.0000	0	0.0000	0	0.0000
group_8044	204	8650	42.4020	59	84.8221	29	83.3844
group_7604	942	1439	1.5276	10	3.1134	5	3.1134
group_2307	108	439	4.0648	6	16.2935	3	16.2935
group_11130	327	4471	13.6728	32	28.7005	16	28.7005
group_6493	219	3018	13.7808	22	29.4622	11	29.4622
group_14571	207	151	0.7295	1	1.4168	0	0.0000
group_14570	186	0	0.0000	0	0.0000	0	0.0000
group_8386	201	575	2.8607	5	7.2956	2	5.8365
group_4926	1029	6868	6.6744	47	13.3958	23	13.1108
group_11353	552	5156	9.3406	35	18.5958	17	18.0645
group_2443	102	0	0.0000	0	0.0000	0	0.0000
bchI	1074	118482	110.3184	817	223.1027	408	222.8297
arfB	741	70528	95.1795	485	191.9599	242	191.5642
secG	234	14240	60.8547	106	132.8547	53	132.8548
group_4175	246	9921	40.3293	72	85.8390	36	85.8390
group_2634	1161	6193	5.3342	43	10.8623	21	10.6097
group_5285	663	2319	3.4977	16	7.0777	8	7.0777
minD	801	88117	110.0087	609	222.9830	304	222.6169
ileS	2895	344071	118.8501	2304	233.4108	1152	233.4109
group_14572	228	601	2.6360	4	5.1453	2	5.1453
group_2774	45	0	0.0000	0	0.0000	0	0.0000
group_6058	645	0	0.0000	0	0.0000	0	0.0000
group_2151	276	1146	4.1522	9	9.5636	4	8.5010
group_14573	267	3866	14.4794	26	28.5594	13	28.5594
group_14574	93	469	5.0430	6	18.9215	3	18.9215
group_7346	615	0	0.0000	0	0.0000	0	0.0000
group_14575	237	254	1.0717	2	2.4750	1	2.4750
group_10121	186	5554	29.8602	40	63.0716	20	63.0717
group_10915	330	23250	70.4545	166	147.5303	83	147.5303
group_12312	312	23249	74.5160	172	161.6817	86	161.6817
ftsH4	1878	226534	120.6251	1523	237.8435	761	237.6874
group_14576	150	0	0.0000	0	0.0000	0	0.0000
group_6262	981	1506	1.5352	10	2.9896	5	2.9896
group_14577	705	0	0.0000	0	0.0000	0	0.0000
group_14578	171	0	0.0000	0	0.0000	0	0.0000
group_8744	198	0	0.0000	0	0.0000	0	0.0000
group_6433	636	0	0.0000	0	0.0000	0	0.0000
group_7138	372	0	0.0000	0	0.0000	0	0.0000
group_3581	255	10852	42.5569	96	110.4125	48	110.4125
group_2732	267	3806	14.2547	26	28.5594	13	28.5594
apcC	204	12348	60.5294	92	132.2649	46	132.2650
group_1273	486	52513	108.0514	378	228.1091	189	228.1091
group_14580	315	3199	10.1556	25	23.2764	12	22.3454
group_14579	1050	7696	7.3295	52	14.5245	26	14.5245
group_2728	459	38447	83.7625	275	175.7143	137	175.0754
rpsD	609	73482	120.6601	515	248.0144	257	247.5329
group_3723	1098	302	0.2750	2	0.5342	1	0.5342
group_9435	345	15597	45.2087	115	97.7610	57	96.9110
infC	531	52458	98.7910	367	202.7022	183	202.1500
group_14581	180	3846	21.3667	31	50.5099	15	48.8805
group_3246	729	81750	112.1399	564	226.9021	282	226.9022
group_10926	561	0	0.0000	0	0.0000	0	0.0000
group_9782	1449	174340	120.3175	1188	240.4557	594	240.4558
group_6496	219	10793	49.2831	81	108.4746	40	107.1354
group_14381	1245	16741	13.4466	113	26.6193	56	26.3837
frdA	1728	202796	117.3588	1369	232.3522	684	232.1825
group_8748	354	0	0.0000	0	0.0000	0	0.0000
group_14582	216	604	2.7963	4	5.4312	2	5.4312
group_14583	90	118	1.3111	2	6.5174	1	6.5174
group_4174	696	0	0.0000	0	0.0000	0	0.0000
group_10920	330	2638	7.9939	19	16.8860	9	15.9973
group_2374	105	210	2.0000	2	5.5863	1	5.5863
group_568	132	0	0.0000	0	0.0000	0	0.0000
group_12876	156	0	0.0000	0	0.0000	0	0.0000
group_13169	153	0	0.0000	0	0.0000	0	0.0000
group_14584	267	203	0.7603	2	2.1969	1	2.1969
group_14585	237	468	1.9747	4	4.9499	2	4.9499
group_14586	222	406	1.8288	3	3.9633	1	2.6422
group_1990	279	2183	7.8244	15	15.7679	7	14.7167
group_7487	942	0	0.0000	0	0.0000	0	0.0000
group_11861	318	0	0.0000	0	0.0000	0	0.0000
group_4596	414	4737	11.4420	35	24.7945	17	24.0861
group_4339	243	2426	9.9835	19	22.9316	9	21.7247
psbE	246	18065	73.4350	131	156.1792	65	154.9870
psbF	135	3167	23.4593	29	63.0016	14	60.8291
tatC	771	8166	10.5914	56	21.3020	28	21.3020
ndhI	573	63996	111.6859	449	229.8152	224	229.3034
group_8092	600	64028	106.7133	444	217.0295	222	217.0295
group_2775	45	0	0.0000	0	0.0000	0	0.0000
group_287	135	0	0.0000	0	0.0000	0	0.0000
group_14587	108	0	0.0000	0	0.0000	0	0.0000
group_11470	858	302	0.3520	2	0.6836	1	0.6836
ndhL	240	17804	74.1833	129	157.6397	64	156.4177
rplC	639	69915	109.4131	486	223.0604	243	223.0604
rplB	834	88715	106.3729	606	213.1050	303	213.1050
rpsS	282	20969	74.3582	147	152.8816	73	151.8416
rplP	420	45735	108.8929	324	226.2469	162	226.2470
rplE	540	60886	112.7519	441	239.5145	220	238.9715
rpsH	402	38865	96.6791	285	207.9246	142	207.1951
rpsE	522	46771	89.5996	329	184.8470	164	184.2852
group_13775	297	17380	58.5185	124	122.4482	62	122.4482
remA	270	20010	74.1111	148	160.7626	74	160.7626
group_7684	207	10732	51.8454	76	107.6788	38	107.6788
group_6342	1692	17913	10.5869	121	20.9736	60	20.8002
group_4181	246	7719	31.3780	52	61.9948	26	61.9948
group_9471	192	6167	32.1198	50	76.3758	25	76.3758
group_14103	804	89428	111.2289	615	224.3397	307	223.9750
group_14588	210	151	0.7190	1	1.3966	0	0.0000
group_11134	327	18966	58.0000	131	117.4926	65	116.5958
group_8585	591	42712	72.2707	303	150.3634	151	149.8672
group_4013	249	12056	48.4177	89	104.8281	44	103.6503
group_2721	747	0	0.0000	0	0.0000	0	0.0000
hisF	765	98100	128.2353	676	259.1626	338	259.1626
group_4014	249	10798	43.3655	79	93.0497	39	91.8718
rpmH	138	1933	14.0072	17	36.1291	8	34.0038
group_5658	396	38765	97.8914	274	202.9282	137	202.9283
group_7693	1563	197644	126.4517	1342	251.8144	671	251.8145
psaC	246	17474	71.0325	127	151.4104	63	150.2182
group_14589	243	1276	5.2510	10	12.0693	5	12.0693
group_11555	549	2383	4.3406	17	9.0816	8	8.5474
group_8592	354	120	0.3390	1	0.8285	0	0.0000
group_14486	501	0	0.0000	0	0.0000	0	0.0000
group_14590	166	0	0.0000	0	0.0000	0	0.0000
atpB	750	80648	107.5307	558	218.2026	279	218.2027
group_14591	118	0	0.0000	0	0.0000	0	0.0000
psaA	2271	204919	90.2329	1387	179.1209	693	178.9918
glpX	1038	116422	112.1599	803	226.8847	401	226.6022
group_9149	585	275	0.4701	2	1.0027	1	1.0027
group_3394	258	2045	7.9264	16	18.1881	8	18.1881
group_3396	258	151	0.5853	1	1.1368	0	0.0000
group_9113	195	0	0.0000	0	0.0000	0	0.0000
group_9114	195	0	0.0000	0	0.0000	0	0.0000
group_2221	111	0	0.0000	0	0.0000	0	0.0000
group_11042	177	0	0.0000	0	0.0000	0	0.0000
group_14592	198	0	0.0000	0	0.0000	0	0.0000
group_10669	333	12816	38.4865	91	80.1464	45	79.2657
group_2308	108	0	0.0000	0	0.0000	0	0.0000
group_14006	144	210	1.4583	2	4.0734	1	4.0734
group_10125	186	483	2.5968	4	6.3072	2	6.3072
group_3806	252	2925	11.6071	21	24.4403	10	23.2764
group_292	135	0	0.0000	0	0.0000	0	0.0000
group_2399	1173	109882	93.6760	747	186.7711	373	186.5211
sapB	489	31742	64.9121	225	134.9462	112	134.3465
group_9749	894	23077	25.8132	156	51.1769	78	51.1769
group_9236	348	453	1.3017	3	2.5283	1	1.6855
group_13137	303	412	1.3597	3	2.9038	1	1.9359
group_1936	774	242	0.3127	2	0.7578	1	0.7578
group_14384	1245	604	0.4851	4	0.9423	2	0.9423
group_2223	111	206	1.8559	2	5.2844	1	5.2844
group_14067	507	4765	9.3984	36	20.8248	18	20.8248
group_10462	183	1424	7.7814	12	19.2317	6	19.2317
group_12880	156	705	4.5192	6	11.2801	3	11.2801
group_12601	309	2712	8.7767	20	18.9827	10	18.9827
group_14593	171	0	0.0000	0	0.0000	0	0.0000
group_4025	1080	9534	8.8278	68	18.4660	34	18.4660
group_8397	201	0	0.0000	0	0.0000	0	0.0000
petB	669	69511	103.9028	481	210.8657	240	210.4274
group_10779	180	0	0.0000	0	0.0000	0	0.0000
group_10237	885	963	1.0881	7	2.3198	3	1.9884
group_7078	954	1967	2.0618	14	4.3039	7	4.3039
group_11869	318	0	0.0000	0	0.0000	0	0.0000
group_938	129	0	0.0000	0	0.0000	0	0.0000
group_8395	201	0	0.0000	0	0.0000	0	0.0000
group_6802	216	186	0.8611	2	2.7156	1	2.7156
group_7060	213	260	1.2207	2	2.7538	1	2.7538
group_3157	261	1112	4.2605	8	8.9895	4	8.9895
group_5298	402	19010	47.2886	137	99.9497	68	99.2202
group_12755	1308	1162	0.8884	8	1.7938	4	1.7938
group_12108	315	0	0.0000	0	0.0000	0	0.0000
group_12602	309	2988	9.6699	23	21.8301	11	20.8810
group_11565	171	0	0.0000	0	0.0000	0	0.0000
group_10470	183	0	0.0000	0	0.0000	0	0.0000
group_740	4608	4592	0.9965	32	2.0367	16	2.0367
group_6209	222	0	0.0000	0	0.0000	0	0.0000
group_4601	414	453	1.0942	3	2.1252	1	1.4168
group_11744	852	2253	2.6444	15	5.1634	7	4.8192
group_1989	1191	1057	0.8875	7	1.7237	3	1.4775
group_12528	834	302	0.3621	2	0.7033	1	0.7033
group_933	129	0	0.0000	0	0.0000	0	0.0000
psbI	117	913	7.8034	12	30.0803	6	30.0803
group_14594	234	204	0.8718	2	2.5067	1	2.5067
group_3450	723	20371	28.1757	139	56.3850	69	55.9794
group_4940	672	8657	12.8824	61	26.6224	30	26.1860
group_5095	234	299	1.2778	2	2.5067	1	2.5067
group_4340	243	151	0.6214	1	1.2069	0	0.0000
group_11870	318	953	2.9969	7	6.4559	3	5.5336
group_12009	846	5654	6.6832	40	13.8668	20	13.8668
group_12636	1314	95927	73.0038	651	145.3023	325	145.0792
group_4760	1038	0	0.0000	0	0.0000	0	0.0000
group_4945	1917	1057	0.5514	7	1.0709	3	0.9179
group_2466	756	1002	1.3254	8	3.1035	4	3.1035
group_7336	369	151	0.4092	1	0.7948	0	0.0000
group_3689	1212	1963	1.6196	13	3.1458	6	2.9038
group_11664	1356	2382	1.7566	16	3.4606	8	3.4606
group_12585	1317	1510	1.1465	10	2.2269	5	2.2269
group_7690	207	0	0.0000	0	0.0000	0	0.0000
group_8297	597	834	1.3970	6	2.9476	3	2.9476
group_4833	237	280	1.1814	4	4.9499	2	4.9499
group_2739	267	1071	4.0112	8	8.7875	4	8.7875
group_3418	135	0	0.0000	0	0.0000	0	0.0000
group_2224	111	116	1.0450	2	5.2844	1	5.2844
group_2022	117	0	0.0000	0	0.0000	0	0.0000
group_12881	306	366	1.1961	3	2.8753	1	1.9169
group_7773	606	592	0.9769	4	1.9359	2	1.9359
group_11053	177	272	1.5367	2	3.3139	1	3.3139
group_5114	405	4271	10.5457	31	22.4488	15	21.7247
group_13243	822	577	0.7019	4	1.4272	2	1.4272
group_14601	516	285	0.5523	2	1.1368	1	1.1368
group_14600	213	303	1.4225	2	2.7538	1	2.7538
group_14599	780	1180	1.5128	7	2.6320	3	2.2560
group_14595	222	405	1.8243	3	3.9633	1	2.6422
group_1575	123	0	0.0000	0	0.0000	0	0.0000
group_3030	735	1350	1.8367	10	3.9902	5	3.9902
group_7393	210	2311	11.0048	20	27.9317	10	27.9317
cas2	276	25185	91.2500	182	193.3968	91	193.3969
group_10380	336	391	1.1637	3	2.6186	1	1.7457
group_14603	174	184	1.0575	2	3.3711	1	3.3711
group_14604	3867	161945	41.8787	1080	81.9099	540	81.9100
group_11842	168	0	0.0000	0	0.0000	0	0.0000
group_14605	237	513	2.1646	4	4.9499	2	4.9499
group_11615	321	264	0.8224	2	1.8273	1	1.8273
group_1280	126	0	0.0000	0	0.0000	0	0.0000
group_2655	93	0	0.0000	0	0.0000	0	0.0000
group_14607	771	906	1.1751	6	2.2824	3	2.2824
group_14609	867	1258	1.4510	9	3.0445	4	2.7062
group_10716	564	260	0.4610	2	1.0400	1	1.0400
group_12124	165	1660	10.0606	14	24.8846	7	24.8846
group_14610	483	1812	3.7516	12	7.2865	6	7.2865
group_9479	192	687	3.5781	5	7.6376	2	6.1101
group_8030	360	413	1.1472	3	2.4440	1	1.6294
group_2375	105	0	0.0000	0	0.0000	0	0.0000
group_5115	405	0	0.0000	0	0.0000	0	0.0000
group_6504	219	897	4.0959	6	8.0352	3	8.0352
group_7396	211	1153	5.4645	9	12.5097	4	11.1197
group_14611	378	2191	5.7963	16	12.4141	8	12.4141
group_14612	420	3449	8.2119	28	19.5522	14	19.5522
group_5355	231	2310	10.0000	17	21.5836	8	20.3140
group_8868	588	4545	7.7296	31	15.4622	15	14.9634
group_7066	213	6138	28.8169	43	59.2074	21	57.8305
psbH	195	11434	58.6359	90	135.3614	45	135.3615
group_3400	258	518	2.0078	4	4.5470	2	4.5470
group_6968	960	9375	9.7656	64	19.5522	32	19.5522
group_2310	108	0	0.0000	0	0.0000	0	0.0000
group_13877	510	1563	3.0647	11	6.3257	5	5.7507
group_4616	1044	1904	1.8238	13	3.6520	6	3.3711
group_1284	486	151	0.3107	1	0.6035	0	0.0000
group_7747	936	577	0.6165	4	1.2533	2	1.2533
group_8597	354	28170	79.5763	209	173.1530	104	172.3246
group_14615	189	0	0.0000	0	0.0000	0	0.0000
group_14613	2562	302	0.1179	2	0.2289	1	0.2289
group_2002	477	2567	5.3816	17	10.4524	8	9.8376
group_12388	162	0	0.0000	0	0.0000	0	0.0000
group_11367	861	1752	2.0348	12	4.0876	6	4.0876
group_7144	372	287	0.7715	2	1.5768	1	1.5768
group_14616	2205	66562	30.1868	466	61.9818	233	61.9818
group_6507	219	599	2.7352	5	6.6960	2	5.3568
group_4839	237	151	0.6371	1	1.2375	0	0.0000
group_13459	300	151	0.5033	1	0.9776	0	0.0000
group_5621	228	443	1.9430	3	3.8590	1	2.5727
group_14617	324	4612	14.2346	31	28.0610	15	27.1558
group_14619	192	4162	21.6771	32	48.8805	16	48.8805
group_14618	399	0	0.0000	0	0.0000	0	0.0000
group_14620	993	17791	17.9164	119	35.1467	59	34.8514
group_11843	168	100	0.5952	2	3.4915	1	3.4915
group_13440	150	0	0.0000	0	0.0000	0	0.0000
group_14621	1146	453	0.3953	3	0.7678	1	0.5118
group_14622	1122	96146	85.6916	645	168.5986	322	168.3372
group_14623	114	0	0.0000	0	0.0000	0	0.0000
group_14624	999	3040	3.0430	23	6.7523	11	6.4587
group_14625	198	0	0.0000	0	0.0000	0	0.0000
group_14626	363	3888	10.7107	28	22.6224	14	22.6224
group_2656	93	174	1.8710	2	6.3072	1	6.3072
group_13078	1293	0	0.0000	0	0.0000	0	0.0000
group_5301	402	15329	38.1318	97	70.7673	48	70.0378
group_4703	411	1733	4.2165	12	8.5630	6	8.5630
group_11112	330	695	2.1061	5	4.4437	2	3.5549
group_10472	183	0	0.0000	0	0.0000	0	0.0000
group_13145	303	3171	10.4653	22	21.2945	11	21.2945
group_7146	372	4132	11.1075	30	23.6519	15	23.6519
group_3696	714	0	0.0000	0	0.0000	0	0.0000
group_14627	1731	0	0.0000	0	0.0000	0	0.0000
group_1378	3768	4493	1.1924	30	2.3351	15	2.3351
group_403	288	4655	16.1632	32	32.5870	16	32.5870
group_3811	252	0	0.0000	0	0.0000	0	0.0000
group_6323	1698	1196	0.7044	8	1.3818	4	1.3818
group_4897	408	21566	52.8578	152	109.2623	76	109.2624
group_3258	447	0	0.0000	0	0.0000	0	0.0000
group_14628	1245	0	0.0000	0	0.0000	0	0.0000
group_11882	318	0	0.0000	0	0.0000	0	0.0000
group_10393	882	32001	36.2823	215	71.4919	107	71.1594
group_9119	195	1032	5.2923	7	10.5281	3	9.0241
group_7	291	604	2.0756	4	4.0314	2	4.0314
group_10136	186	0	0.0000	0	0.0000	0	0.0000
group_6	291	0	0.0000	0	0.0000	0	0.0000
group_4020	249	0	0.0000	0	0.0000	0	0.0000
group_14630	120	229	1.9083	2	4.8881	1	4.8881
group_14629	693	3661	5.2828	26	11.0034	13	11.0034
group_3603	717	0	0.0000	0	0.0000	0	0.0000
group_3259	447	0	0.0000	0	0.0000	0	0.0000
group_11887	543	1635	3.0110	11	5.9413	5	5.4012
group_10138	186	187	1.0054	2	3.1536	1	3.1536
group_6804	216	0	0.0000	0	0.0000	0	0.0000
group_11845	169	0	0.0000	0	0.0000	0	0.0000
group_6666	1662	7213	4.3400	48	8.4703	24	8.4703
group_2395	759	607	0.7997	4	1.5456	2	1.5456
group_3848	1092	0	0.0000	0	0.0000	0	0.0000
group_7071	213	151	0.7089	1	1.3769	0	0.0000
group_7775	606	0	0.0000	0	0.0000	0	0.0000
group_3261	447	0	0.0000	0	0.0000	0	0.0000
group_4835	675	151	0.2237	1	0.4345	0	0.0000
group_3013	1137	0	0.0000	0	0.0000	0	0.0000
group_3541	1110	0	0.0000	0	0.0000	0	0.0000
group_2488	465	0	0.0000	0	0.0000	0	0.0000
group_14631	237	7909	33.3713	57	70.5364	28	69.2990
group_1578	123	0	0.0000	0	0.0000	0	0.0000
group_11848	168	244	1.4524	2	3.4915	1	3.4915
group_4084	426	9110	21.3850	67	46.1267	33	45.4382
group_9724	576	151	0.2622	1	0.5092	0	0.0000
group_4545	1047	489	0.4670	4	1.1205	2	1.1205
group_13662	513	1400	2.7290	10	5.7170	5	5.7170
group_14632	327	151	0.4618	1	0.8969	0	0.0000
group_2162	276	0	0.0000	0	0.0000	0	0.0000
group_2902	1143	0	0.0000	0	0.0000	0	0.0000
group_53	1236	0	0.0000	0	0.0000	0	0.0000
group_5259	1860	738	0.3968	6	0.9461	3	0.9461
group_7654	939	0	0.0000	0	0.0000	0	0.0000
group_8405	202	0	0.0000	0	0.0000	0	0.0000
group_14633	354	0	0.0000	0	0.0000	0	0.0000
group_1903	120	0	0.0000	0	0.0000	0	0.0000
group_2851	456	0	0.0000	0	0.0000	0	0.0000
group_6781	1650	0	0.0000	0	0.0000	0	0.0000
group_9726	576	0	0.0000	0	0.0000	0	0.0000
group_9371	582	0	0.0000	0	0.0000	0	0.0000
group_4645	681	0	0.0000	0	0.0000	0	0.0000
group_13496	516	0	0.0000	0	0.0000	0	0.0000
group_2513	99	0	0.0000	0	0.0000	0	0.0000
group_12445	534	0	0.0000	0	0.0000	0	0.0000
group_14256	504	0	0.0000	0	0.0000	0	0.0000
group_8064	204	0	0.0000	0	0.0000	0	0.0000
group_10555	1413	0	0.0000	0	0.0000	0	0.0000
group_13742	147	0	0.0000	0	0.0000	0	0.0000
group_12450	534	302	0.5655	2	1.0984	1	1.0984
group_7172	1611	1205	0.7480	8	1.4564	4	1.4564
group_2955	453	0	0.0000	0	0.0000	0	0.0000
group_4593	240	0	0.0000	0	0.0000	0	0.0000
group_13146	522	294	0.5632	2	1.1237	1	1.1237
group_4591	2007	1152	0.5740	8	1.1690	4	1.1690
group_3767	435	604	1.3885	4	2.6969	2	2.6969
group_6512	219	0	0.0000	0	0.0000	0	0.0000
group_577	132	0	0.0000	0	0.0000	0	0.0000
group_8060	204	0	0.0000	0	0.0000	0	0.0000
group_7077	213	0	0.0000	0	0.0000	0	0.0000
group_11623	321	0	0.0000	0	0.0000	0	0.0000
group_7380	1590	0	0.0000	0	0.0000	0	0.0000
group_2361	3021	0	0.0000	0	0.0000	0	0.0000
group_943	129	0	0.0000	0	0.0000	0	0.0000
group_5292	663	0	0.0000	0	0.0000	0	0.0000
group_8603	354	0	0.0000	0	0.0000	0	0.0000
group_2225	111	0	0.0000	0	0.0000	0	0.0000
group_2746	1155	0	0.0000	0	0.0000	0	0.0000
group_13003	1296	302	0.2330	2	0.4526	1	0.4526
group_12669	831	0	0.0000	0	0.0000	0	0.0000
group_111	795	0	0.0000	0	0.0000	0	0.0000
group_14492	501	0	0.0000	0	0.0000	0	0.0000
group_14634	1731	4185	2.4177	27	4.5746	13	4.4052
group_5919	225	0	0.0000	0	0.0000	0	0.0000
group_13148	303	0	0.0000	0	0.0000	0	0.0000
group_7149	372	182	0.4892	2	1.5768	1	1.5768
group_9796	189	0	0.0000	0	0.0000	0	0.0000
group_7480	612	112	0.1830	2	0.9584	1	0.9584
group_11336	324	380	1.1728	3	2.7156	1	1.8104
group_14635	210	0	0.0000	0	0.0000	0	0.0000
group_9733	576	1038	1.8021	7	3.5642	3	3.0550
group_14636	1020	151	0.1480	1	0.2875	0	0.0000
group_7536	366	504	1.3770	6	4.8079	3	4.8079
group_6560	633	755	1.1927	5	2.3166	2	1.8533
group_5195	666	453	0.6802	3	1.3211	1	0.8807
group_14637	102	0	0.0000	0	0.0000	0	0.0000
group_5917	648	3399	5.2454	25	11.3149	12	10.8623
group_12641	159	668	4.2013	5	9.2227	2	7.3782
group_2131	768	195	0.2539	2	0.7638	1	0.7638
group_13142	822	1191	1.4489	8	2.8543	4	2.8543
group_5339	1851	302	0.1632	2	0.3169	1	0.3169
group_10140	186	0	0.0000	0	0.0000	0	0.0000
group_8613	354	0	0.0000	0	0.0000	0	0.0000
group_2619	2817	7782	2.7625	52	5.4138	26	5.4138
group_2556	270	0	0.0000	0	0.0000	0	0.0000
group_2517	99	0	0.0000	0	0.0000	0	0.0000
group_14638	156	0	0.0000	0	0.0000	0	0.0000
group_11060	177	0	0.0000	0	0.0000	0	0.0000
group_14649	1092	0	0.0000	0	0.0000	0	0.0000
group_14643	903	0	0.0000	0	0.0000	0	0.0000
group_14654	1524	0	0.0000	0	0.0000	0	0.0000
group_14646	1509	0	0.0000	0	0.0000	0	0.0000
group_14645	915	0	0.0000	0	0.0000	0	0.0000
group_14647	375	0	0.0000	0	0.0000	0	0.0000
group_14650	1326	0	0.0000	0	0.0000	0	0.0000
group_14648	561	0	0.0000	0	0.0000	0	0.0000
group_14641	1794	0	0.0000	0	0.0000	0	0.0000
group_14639	954	0	0.0000	0	0.0000	0	0.0000
group_14651	2100	0	0.0000	0	0.0000	0	0.0000
group_14640	1281	0	0.0000	0	0.0000	0	0.0000
group_14652	1095	0	0.0000	0	0.0000	0	0.0000
group_14655	2532	0	0.0000	0	0.0000	0	0.0000
group_14644	927	0	0.0000	0	0.0000	0	0.0000
group_14642	843	0	0.0000	0	0.0000	0	0.0000
group_14653	843	0	0.0000	0	0.0000	0	0.0000
group_5358	231	5629	24.3680	39	49.5153	19	48.2457
group_14656	636	21320	33.5220	141	65.0203	70	64.5592
group_7086	213	0	0.0000	0	0.0000	0	0.0000
group_2132	768	0	0.0000	0	0.0000	0	0.0000
group_7980	825	0	0.0000	0	0.0000	0	0.0000
group_1287	126	0	0.0000	0	0.0000	0	0.0000
group_13155	303	383	1.2640	3	2.9038	1	1.9359
group_3380	444	722	1.6261	6	3.9633	3	3.9633
group_14294	141	0	0.0000	0	0.0000	0	0.0000
group_10931	330	302	0.9152	2	1.7775	1	1.7775
group_14657	228	0	0.0000	0	0.0000	0	0.0000
group_12885	156	1484	9.5128	11	20.6802	5	18.8002
group_4190	246	9785	39.7764	75	89.4156	37	88.2234
group_4191	246	8351	33.9472	63	75.1091	31	73.9169
group_13303	519	1540	2.9672	11	6.2160	5	5.6509
group_9785	1449	0	0.0000	0	0.0000	0	0.0000
group_5618	1002	0	0.0000	0	0.0000	0	0.0000
group_2314	762	0	0.0000	0	0.0000	0	0.0000
group_14658	396	481	1.2146	4	2.9625	2	2.9625
group_14660	468	0	0.0000	0	0.0000	0	0.0000
group_14659	444	0	0.0000	0	0.0000	0	0.0000
group_11256	1374	1504	1.0946	10	2.1345	5	2.1345
group_11375	861	755	0.8769	5	1.7032	2	1.3625
group_14661	1143	302	0.2642	2	0.5132	1	0.5132
group_7702	207	9096	43.9420	65	92.0937	32	90.6769
group_12886	156	0	0.0000	0	0.0000	0	0.0000
group_4847	237	268	1.1308	2	2.4750	1	2.4750
group_8955	912	1086	1.1908	8	2.5727	4	2.5727
group_3991	132	0	0.0000	0	0.0000	0	0.0000
group_4995	1026	1647	1.6053	11	3.1444	5	2.8585
group_6751	966	1178	1.2195	8	2.4288	4	2.4288
group_12639	1314	1359	1.0342	10	2.2320	5	2.2320
devC	1173	600	0.5115	4	1.0001	2	1.0001
group_4510	684	540	0.7895	4	1.7151	2	1.7151
group_9788	1449	1510	1.0421	10	2.0240	5	2.0240
group_12393	162	203	1.2531	2	3.6208	1	3.6208
group_902	285	0	0.0000	0	0.0000	0	0.0000
group_10223	570	3118	5.4702	24	12.3488	12	12.3488
group_11739	546	1790	3.2784	12	6.4458	6	6.4458
group_14662	282	994	3.5248	9	9.3601	4	8.3201
group_5360	231	0	0.0000	0	0.0000	0	0.0000
group_9128	195	1379	7.0718	14	21.0562	7	21.0562
group_10790	180	232	1.2889	2	3.2587	1	3.2587
group_5925	225	0	0.0000	0	0.0000	0	0.0000
group_12004	1341	0	0.0000	0	0.0000	0	0.0000
group_6064	645	0	0.0000	0	0.0000	0	0.0000
group_5103	234	0	0.0000	0	0.0000	0	0.0000
group_7976	933	0	0.0000	0	0.0000	0	0.0000
group_14663	342	0	0.0000	0	0.0000	0	0.0000
group_6223	222	151	0.6802	1	1.3211	0	0.0000
group_5124	405	0	0.0000	0	0.0000	0	0.0000
group_4206	423	0	0.0000	0	0.0000	0	0.0000
group_7088	213	0	0.0000	0	0.0000	0	0.0000
group_13185	153	0	0.0000	0	0.0000	0	0.0000
group_14558	138	0	0.0000	0	0.0000	0	0.0000
group_5669	654	151	0.2309	1	0.4484	0	0.0000
group_4085	426	0	0.0000	0	0.0000	0	0.0000
group_2166	276	2660	9.6377	20	21.2524	10	21.2524
group_11578	171	98	0.5731	2	3.4302	1	3.4302
group_14019	144	0	0.0000	0	0.0000	0	0.0000
group_9247	348	0	0.0000	0	0.0000	0	0.0000
group_14186	294	0	0.0000	0	0.0000	0	0.0000
group_7710	207	0	0.0000	0	0.0000	0	0.0000
group_12127	315	282	0.8952	2	1.8621	1	1.8621
group_2930	1140	0	0.0000	0	0.0000	0	0.0000
group_14559	138	0	0.0000	0	0.0000	0	0.0000
group_7543	366	0	0.0000	0	0.0000	0	0.0000
group_6518	219	0	0.0000	0	0.0000	0	0.0000
group_5865	393	604	1.5369	4	2.9851	2	2.9851
group_14664	186	0	0.0000	0	0.0000	0	0.0000
group_11146	327	0	0.0000	0	0.0000	0	0.0000
group_2940	264	402	1.5227	4	4.4437	2	4.4437
group_4651	681	578	0.8488	4	1.7227	2	1.7227
group_12129	165	0	0.0000	0	0.0000	0	0.0000
group_4021	249	0	0.0000	0	0.0000	0	0.0000
group_7545	366	8421	23.0082	56	44.8739	28	44.8739
group_3411	258	0	0.0000	0	0.0000	0	0.0000
group_10006	573	302	0.5271	2	1.0237	1	1.0237
group_911	786	302	0.3842	2	0.7463	1	0.7463
group_11377	861	0	0.0000	0	0.0000	0	0.0000
group_6439	636	0	0.0000	0	0.0000	0	0.0000
group_3269	1125	0	0.0000	0	0.0000	0	0.0000
group_8414	201	518	2.5771	4	5.8365	2	5.8365
group_951	129	0	0.0000	0	0.0000	0	0.0000
group_5812	228	10790	47.3246	79	101.6200	39	100.3337
group_12270	840	0	0.0000	0	0.0000	0	0.0000
group_10795	180	0	0.0000	0	0.0000	0	0.0000
group_14665	150	0	0.0000	0	0.0000	0	0.0000
group_5109	234	0	0.0000	0	0.0000	0	0.0000
group_3906	1089	0	0.0000	0	0.0000	0	0.0000
group_14666	222	0	0.0000	0	0.0000	0	0.0000
group_14667	429	12322	28.7226	86	58.7933	43	58.7934
group_2960	453	0	0.0000	0	0.0000	0	0.0000
group_7548	366	0	0.0000	0	0.0000	0	0.0000
group_7406	210	0	0.0000	0	0.0000	0	0.0000
group_2448	102	0	0.0000	0	0.0000	0	0.0000
group_11854	168	0	0.0000	0	0.0000	0	0.0000
group_1920	120	0	0.0000	0	0.0000	0	0.0000
group_10801	180	521	2.8944	4	6.5174	2	6.5174
group_14668	1224	0	0.0000	0	0.0000	0	0.0000
group_14669	174	0	0.0000	0	0.0000	0	0.0000
group_14670	138	184	1.3333	2	4.2505	1	4.2505
group_7767	363	4913	13.5344	37	29.8939	18	29.0859
group_12062	540	5558	10.2926	42	22.8109	21	22.8109
group_14671	159	0	0.0000	0	0.0000	0	0.0000
group_2024	117	0	0.0000	0	0.0000	0	0.0000
group_9798	189	957	5.0635	9	13.9659	4	12.4141
group_4022	249	0	0.0000	0	0.0000	0	0.0000
group_12272	840	559	0.6655	4	1.3966	2	1.3966
group_14562	138	0	0.0000	0	0.0000	0	0.0000
group_14672	177	0	0.0000	0	0.0000	0	0.0000
group_1226	1209	111425	92.1629	761	184.6058	380	184.3633
group_14676	225	239	1.0622	2	2.6070	1	2.6070
group_14673	3210	755	0.2352	5	0.4568	2	0.3655
group_14677	909	0	0.0000	0	0.0000	0	0.0000
group_14675	243	527	2.1687	4	4.8277	2	4.8277
group_1645	777	0	0.0000	0	0.0000	0	0.0000
group_4574	129	0	0.0000	0	0.0000	0	0.0000
group_9448	1470	302	0.2054	2	0.3990	1	0.3990
group_14678	186	0	0.0000	0	0.0000	0	0.0000
group_955	129	0	0.0000	0	0.0000	0	0.0000
group_14680	231	0	0.0000	0	0.0000	0	0.0000
group_14679	633	0	0.0000	0	0.0000	0	0.0000
group_14681	1173	8874	7.5652	62	15.5017	31	15.5018
group_3946	705	0	0.0000	0	0.0000	0	0.0000
group_9932	891	302	0.3389	2	0.6583	1	0.6583
group_7659	939	0	0.0000	0	0.0000	0	0.0000
group_4604	414	384	0.9275	3	2.1252	1	1.4168
group_4351	243	447	1.8395	3	3.6208	1	2.4139
group_5145	1887	151	0.0800	1	0.1554	0	0.0000
group_122	9417	906	0.0962	6	0.1869	3	0.1869
group_12648	159	0	0.0000	0	0.0000	0	0.0000
group_6094	390	1099	2.8179	8	6.0161	4	6.0161
group_14682	243	0	0.0000	0	0.0000	0	0.0000
group_14683	300	0	0.0000	0	0.0000	0	0.0000
group_14684	264	1201	4.5492	8	8.8874	4	8.8874
group_7359	369	2239	6.0678	17	13.5117	8	12.7169
mraW	729	12524	17.1797	87	35.0009	43	34.5986
group_3041	735	453	0.6163	3	1.1971	1	0.7980
group_3103	1131	0	0.0000	0	0.0000	0	0.0000
group_8333	357	0	0.0000	0	0.0000	0	0.0000
group_1918	480	3662	7.6292	26	15.8862	13	15.8862
group_14685	876	906	1.0342	6	2.0088	3	2.0088
group_12403	162	0	0.0000	0	0.0000	0	0.0000
group_3415	258	151	0.5853	1	1.1368	0	0.0000
group_5366	231	225	0.9740	2	2.5392	1	2.5392
group_9499	192	1043	5.4323	8	12.2201	4	12.2201
group_8692	918	1178	1.2832	8	2.5558	4	2.5558
group_14686	423	11091	26.2199	72	49.9205	36	49.9205
group_14687	150	0	0.0000	0	0.0000	0	0.0000
group_11855	168	0	0.0000	0	0.0000	0	0.0000
group_8080	204	1462	7.1667	11	15.8143	5	14.3766
group_285	1227	18444	15.0318	125	29.8781	62	29.6390
group_5873	393	1296	3.2977	9	6.7164	4	5.9701
group_4996	1026	0	0.0000	0	0.0000	0	0.0000
group_5816	996	0	0.0000	0	0.0000	0	0.0000
group_61	1236	0	0.0000	0	0.0000	0	0.0000
group_13505	1278	302	0.2363	2	0.4590	1	0.4590
group_9748	576	9759	16.9427	68	34.6237	34	34.6237
group_592	132	104	0.7879	2	4.4437	1	4.4437
group_5155	1884	5515	2.9273	37	5.7598	18	5.6041
group_10685	333	0	0.0000	0	0.0000	0	0.0000
group_1070	1212	302	0.2492	2	0.4840	1	0.4840
group_1995	279	1787	6.4050	13	13.6655	6	12.6143
group_2472	756	0	0.0000	0	0.0000	0	0.0000
group_6235	222	0	0.0000	0	0.0000	0	0.0000
group_12134	165	295	1.7879	2	3.5549	1	3.5549
group_14688	972	4724	4.8601	32	9.6554	16	9.6554
group_14690	255	0	0.0000	0	0.0000	0	0.0000
group_14689	336	502	1.4940	4	3.4915	2	3.4915
group_2379	105	0	0.0000	0	0.0000	0	0.0000
group_2523	99	0	0.0000	0	0.0000	0	0.0000
group_1943	774	2625	3.3915	18	6.8205	9	6.8205
group_3852	1092	3575	3.2738	25	6.7144	12	6.4458
group_3764	2247	17543	7.8073	119	15.5321	59	15.4016
group_14693	2706	3895	1.4394	25	2.7096	12	2.6012
group_14694	210	370	1.7619	4	5.5863	2	5.5863
group_14695	7701	7207	0.9359	50	1.9042	25	1.9042
group_14696	183	0	0.0000	0	0.0000	0	0.0000
group_14697	174	0	0.0000	0	0.0000	0	0.0000
group_14698	885	151	0.1706	1	0.3314	0	0.0000
group_8772	198	0	0.0000	0	0.0000	0	0.0000
group_2838	2685	1661	0.6186	11	1.2015	5	1.0923
group_2771	51	0	0.0000	0	0.0000	0	0.0000
group_5112	234	148	0.6325	2	2.5067	1	2.5067
group_13711	1269	151	0.1190	1	0.2311	0	0.0000
group_7754	936	0	0.0000	0	0.0000	0	0.0000
group_13424	1281	0	0.0000	0	0.0000	0	0.0000
group_12822	1305	604	0.4628	4	0.8990	2	0.8990
group_12653	159	385	2.4214	3	5.5336	1	3.6891
group_2230	111	0	0.0000	0	0.0000	0	0.0000
group_6288	387	3779	9.7649	27	20.4616	13	19.7038
group_3825	252	210	0.8333	2	2.3276	1	2.3276
group_5936	225	151	0.6711	1	1.3035	0	0.0000
group_5315	402	752	1.8706	5	3.6478	2	2.9182
group_5922	648	248	0.3827	2	0.9052	1	0.9052
group_11303	174	453	2.6034	3	5.0566	1	3.3711
group_7410	210	0	0.0000	0	0.0000	0	0.0000
group_7720	207	0	0.0000	0	0.0000	0	0.0000
group_7552	366	566	1.5464	5	4.0066	2	3.2053
group_10488	183	0	0.0000	0	0.0000	0	0.0000
group_2906	1143	0	0.0000	0	0.0000	0	0.0000
group_14699	207	679	3.2802	8	11.3346	4	11.3346
group_3172	261	302	1.1571	2	2.2474	1	2.2474
group_921	285	0	0.0000	0	0.0000	0	0.0000
group_7411	210	8121	38.6714	58	81.0020	29	81.0020
group_10154	186	0	0.0000	0	0.0000	0	0.0000
group_14077	507	151	0.2978	1	0.5785	0	0.0000
group_3871	432	42375	98.0903	299	202.9899	149	202.3111
group_5371	231	9594	41.5325	69	87.6040	34	86.3344
group_2114	474	11523	24.3101	79	48.8805	39	48.2618
group_8775	198	151	0.7626	1	1.4812	0	0.0000
group_3273	447	0	0.0000	0	0.0000	0	0.0000
group_1996	279	0	0.0000	0	0.0000	0	0.0000
group_3419	258	1426	5.5271	14	15.9146	7	15.9146
group_1632	483	6853	14.1884	51	30.9678	25	30.3606
group_7415	210	0	0.0000	0	0.0000	0	0.0000
group_13189	153	0	0.0000	0	0.0000	0	0.0000
group_2703	138	200	1.4493	2	4.2505	1	4.2505
group_14192	294	1414	4.8095	10	9.9756	5	9.9756
group_14026	144	0	0.0000	0	0.0000	0	0.0000
group_1593	123	0	0.0000	0	0.0000	0	0.0000
group_14193	294	151	0.5136	1	0.9976	0	0.0000
group_3870	708	2121	2.9958	16	6.6279	8	6.6279
group_11593	171	0	0.0000	0	0.0000	0	0.0000
group_12655	159	0	0.0000	0	0.0000	0	0.0000
group_672	4758	1355	0.2848	11	0.6780	5	0.6164
group_9844	1446	1359	0.9398	9	1.8254	4	1.6226
group_3828	252	1231	4.8849	10	11.6382	5	11.6382
group_8085	204	274	1.3431	2	2.8753	1	2.8753
group_4603	240	160	0.6667	2	2.4440	1	2.4440
group_9225	906	7786	8.5938	36	11.6536	18	11.6536
group_8626	354	151	0.4266	1	0.8285	0	0.0000
group_5680	396	1025	2.5884	7	5.1843	3	4.4437
group_1024	489	151	0.3088	1	0.5998	0	0.0000
group_377	144	0	0.0000	0	0.0000	0	0.0000
group_12409	162	0	0.0000	0	0.0000	0	0.0000
group_8336	357	293	0.8207	2	1.6430	1	1.6430
group_2661	93	0	0.0000	0	0.0000	0	0.0000
group_13756	147	0	0.0000	0	0.0000	0	0.0000
group_12417	162	1318	8.1358	22	39.8286	11	39.8286
group_7100	213	347	1.6291	3	4.1307	1	2.7538
group_5373	231	1296	5.6104	11	13.9659	5	12.6962
group_14700	558	19679	35.2670	142	74.6348	71	74.6348
group_14027	144	0	0.0000	0	0.0000	0	0.0000
group_1999	279	871	3.1219	8	8.4096	4	8.4096
group_4355	243	302	1.2428	2	2.4139	1	2.4139
group_12411	162	0	0.0000	0	0.0000	0	0.0000
group_5820	996	0	0.0000	0	0.0000	0	0.0000
group_8628	354	0	0.0000	0	0.0000	0	0.0000
group_11588	172	3576	20.7907	26	44.3335	13	44.3335
group_14701	102	0	0.0000	0	0.0000	0	0.0000
group_3182	261	453	1.7356	3	3.3711	1	2.2474
group_10803	180	90	0.5000	2	3.2587	1	3.2587
group_1601	123	0	0.0000	0	0.0000	0	0.0000
group_2176	276	18302	66.3116	134	142.3911	67	142.3911
group_10935	561	428	0.7629	3	1.5684	1	1.0456
group_14568	138	391	2.8333	4	8.5010	2	8.5010
group_3178	261	0	0.0000	0	0.0000	0	0.0000
group_7722	207	590	2.8502	6	8.5010	3	8.5010
group_2380	105	0	0.0000	0	0.0000	0	0.0000
group_11350	324	1005	3.1019	7	6.3364	3	5.4312
group_13420	816	820	1.0049	6	2.1565	3	2.1565
group_3524	441	1517	3.4399	11	7.3155	5	6.6504
group_316	135	531	3.9333	6	13.0348	3	13.0348
group_3607	255	10987	43.0863	77	88.5600	38	87.4099
group_14702	4974	32097	6.4530	215	12.6771	107	12.6181
group_13197	153	0	0.0000	0	0.0000	0	0.0000
group_9805	189	0	0.0000	0	0.0000	0	0.0000
group_1232	1209	2953	2.4425	20	4.8517	10	4.8517
group_7095	1617	3248	2.0087	22	3.9902	11	3.9902
group_11088	558	0	0.0000	0	0.0000	0	0.0000
group_2248	471	0	0.0000	0	0.0000	0	0.0000
group_2524	1167	178	0.1525	2	0.5026	1	0.5026
group_932	285	14900	52.2807	108	111.1389	54	111.1389
group_8893	588	2708	4.6054	18	8.9781	9	8.9781
group_9982	1440	3341	2.3201	23	4.6844	11	4.4807
group_10492	183	158	0.8634	2	3.2053	1	3.2053
group_724	492	151	0.3069	1	0.5961	0	0.0000
group_5134	405	301	0.7432	2	1.4483	1	1.4483
group_5923	648	442	0.6821	3	1.3578	1	0.9052
group_9808	189	0	0.0000	0	0.0000	0	0.0000
group_13466	150	0	0.0000	0	0.0000	0	0.0000
group_6815	216	166	0.7685	2	2.7156	1	2.7156
group_7652	609	872	1.4319	7	3.3711	3	2.8895
group_6604	381	0	0.0000	0	0.0000	0	0.0000
group_12897	156	947	6.0705	9	16.9202	4	15.0402
group_598	132	94	0.7121	2	4.4437	1	4.4437
group_2759	267	255	0.9551	2	2.1969	1	2.1969
sufR	636	9184	14.4403	62	28.5905	31	28.5905
group_3453	135	0	0.0000	0	0.0000	0	0.0000
group_6244	222	10072	45.3694	71	93.7977	35	92.4767
group_2492	465	860	1.8495	7	4.4150	3	3.7843
group_7724	207	1289	6.2271	10	14.1683	5	14.1683
group_9753	342	26414	77.2339	189	162.0775	94	161.2200
group_13196	153	0	0.0000	0	0.0000	0	0.0000
group_6097	390	5416	13.8872	37	27.8243	18	27.0723
group_12900	156	0	0.0000	0	0.0000	0	0.0000
group_1929	120	0	0.0000	0	0.0000	0	0.0000
group_5375	231	151	0.6537	1	1.2696	0	0.0000
group_12141	165	236	1.4303	4	7.1099	2	7.1099
group_12902	156	0	0.0000	0	0.0000	0	0.0000
group_10087	339	11442	33.7522	79	68.3462	39	67.4811
group_6246	223	411	1.8430	3	3.9455	1	2.6303
group_5376	231	0	0.0000	0	0.0000	0	0.0000
group_11594	171	0	0.0000	0	0.0000	0	0.0000
group_8782	198	0	0.0000	0	0.0000	0	0.0000
group_9756	576	0	0.0000	0	0.0000	0	0.0000
group_10234	570	0	0.0000	0	0.0000	0	0.0000
group_6581	1674	600	0.3584	4	0.7008	2	0.7008
group_11209	555	0	0.0000	0	0.0000	0	0.0000
group_10905	873	0	0.0000	0	0.0000	0	0.0000
group_2001	279	0	0.0000	0	0.0000	0	0.0000
group_11865	168	0	0.0000	0	0.0000	0	0.0000
group_9758	342	0	0.0000	0	0.0000	0	0.0000
group_7653	609	314	0.5156	2	0.9632	1	0.9632
group_1106	4008	0	0.0000	0	0.0000	0	0.0000
group_14159	1254	302	0.2408	2	0.4678	1	0.4678
group_2117	474	1291	2.7236	11	6.8061	5	6.1874
group_5942	225	151	0.6711	1	1.3035	0	0.0000
group_14031	144	0	0.0000	0	0.0000	0	0.0000
group_9505	192	0	0.0000	0	0.0000	0	0.0000
group_7928	603	151	0.2504	1	0.4864	0	0.0000
group_11863	168	653	3.8869	5	8.7287	2	6.9829
group_12659	159	0	0.0000	0	0.0000	0	0.0000
group_5119	234	151	0.6453	1	1.2533	0	0.0000
group_8338	357	528	1.4790	4	3.2861	2	3.2861
group_11580	549	3674	6.6922	25	13.3553	12	12.8211
group_2968	453	2601	5.7417	18	11.6536	9	11.6536
group_2467	1170	1052	0.8991	7	1.7547	3	1.5040
group_3183	261	248	0.9502	2	2.2474	1	2.2474
group_1300	126	0	0.0000	0	0.0000	0	0.0000
group_2663	93	0	0.0000	0	0.0000	0	0.0000
group_5379	231	1931	8.3593	14	17.7747	7	17.7747
group_10808	180	328	1.8222	3	4.8881	1	3.2587
group_6822	216	0	0.0000	0	0.0000	0	0.0000
group_10769	876	1876	2.1416	13	4.3524	6	4.0176
group_14703	255	232	0.9098	2	2.3003	1	2.3003
group_14035	144	0	0.0000	0	0.0000	0	0.0000
group_10091	339	0	0.0000	0	0.0000	0	0.0000
group_4353	2067	1428	0.6909	10	1.4189	5	1.4189
group_2647	2793	2242	0.8027	15	1.5751	7	1.4701
group_2859	456	151	0.3311	1	0.6432	0	0.0000
group_14704	333	0	0.0000	0	0.0000	0	0.0000
group_11897	318	302	0.9497	2	1.8445	1	1.8445
group_3736	1098	0	0.0000	0	0.0000	0	0.0000
group_4315	420	0	0.0000	0	0.0000	0	0.0000
group_8431	201	0	0.0000	0	0.0000	0	0.0000
group_8320	924	11551	12.5011	78	24.7577	39	24.7577
group_4999	1026	13804	13.4542	94	26.8700	47	26.8700
group_14706	324	0	0.0000	0	0.0000	0	0.0000
group_2231	111	0	0.0000	0	0.0000	0	0.0000
group_12612	309	151	0.4887	1	0.9491	0	0.0000
group_9760	576	21405	37.1615	150	76.3758	75	76.3758
group_10095	339	9581	28.2625	68	58.8296	34	58.8297
group_10093	339	0	0.0000	0	0.0000	0	0.0000
group_2529	99	0	0.0000	0	0.0000	0	0.0000
group_8608	591	0	0.0000	0	0.0000	0	0.0000
group_13199	153	134	0.8758	2	3.8338	1	3.8338
group_7932	603	0	0.0000	0	0.0000	0	0.0000
group_4611	240	327	1.3625	3	3.6660	1	2.4440
group_2860	456	151	0.3311	1	0.6432	0	0.0000
group_13761	147	0	0.0000	0	0.0000	0	0.0000
group_5641	228	0	0.0000	0	0.0000	0	0.0000
group_14708	402	13834	34.4129	102	74.4151	51	74.4151
group_14707	471	5111	10.8514	35	21.7939	17	21.1712
group_14709	1473	35409	24.0387	238	47.3872	119	47.3872
group_14710	639	28748	44.9890	198	90.8764	99	90.8765
group_11069	177	786	4.4407	8	13.2557	4	13.2557
group_13583	813	0	0.0000	0	0.0000	0	0.0000
group_2947	264	742	2.8106	6	6.6655	3	6.6655
group_11898	318	134	0.4214	2	1.8445	1	1.8445
group_8784	198	0	0.0000	0	0.0000	0	0.0000
group_14711	927	1486	1.6030	11	3.4802	5	3.1638
group_2371	273	108	0.3956	2	2.1486	1	2.1486
group_5948	225	151	0.6711	1	1.3035	0	0.0000
group_14712	384	2491	6.4870	19	14.5114	9	13.7476
group_12907	306	1249	4.0817	9	8.6260	4	7.6675
group_14713	273	1293	4.7363	9	9.6687	4	8.5944
group_10496	183	0	0.0000	0	0.0000	0	0.0000
group_5434	660	6409	9.7106	46	20.4409	23	20.4409
group_3980	429	906	2.1119	6	4.1019	3	4.1019
group_14303	1248	0	0.0000	0	0.0000	0	0.0000
group_11089	558	0	0.0000	0	0.0000	0	0.0000
group_1602	123	0	0.0000	0	0.0000	0	0.0000
group_12590	1317	7628	5.7920	52	11.5799	26	11.5799
group_9811	189	0	0.0000	0	0.0000	0	0.0000
group_14714	195	0	0.0000	0	0.0000	0	0.0000
group_4721	411	406	0.9878	3	2.1408	1	1.4272
group_7429	210	0	0.0000	0	0.0000	0	0.0000
group_14715	174	145	0.8333	1	1.6855	0	0.0000
group_4858	237	148	0.6245	1	1.2375	0	0.0000
group_13200	153	0	0.0000	0	0.0000	0	0.0000
group_7428	210	0	0.0000	0	0.0000	0	0.0000
group_10498	183	0	0.0000	0	0.0000	0	0.0000
group_2092	3276	2926	0.8932	20	1.7905	10	1.7905
group_2304	471	283	0.6008	2	1.2454	1	1.2454
group_319	792	151	0.1907	1	0.3703	0	0.0000
group_11492	858	151	0.1760	1	0.3418	0	0.0000
group_5223	1872	604	0.3226	4	0.6267	2	0.6267
group_9497	1467	755	0.5147	5	0.9996	2	0.7997
group_209	7155	3593	0.5022	24	0.9838	12	0.9838
group_345	6060	1812	0.2990	12	0.5808	6	0.5808
group_13160	822	147	0.1788	1	0.3568	0	0.0000
group_12419	837	0	0.0000	0	0.0000	0	0.0000
group_4766	1038	298	0.2871	2	0.5651	1	0.5651
group_5236	1869	1510	0.8079	10	1.5692	5	1.5692
group_3173	4248	2650	0.6238	18	1.2427	9	1.2427
group_5166	1881	591	0.3142	4	0.6237	2	0.6237
group_10809	180	1379	7.6611	11	17.9229	5	16.2935
group_5382	231	0	0.0000	0	0.0000	0	0.0000
group_7132	1614	1427	0.8841	10	1.8171	5	1.8171
group_8786	198	4000	20.2020	31	45.9181	15	44.4368
group_12613	309	717	2.3204	5	4.7457	2	3.7965
group_10810	180	0	0.0000	0	0.0000	0	0.0000
group_9150	195	0	0.0000	0	0.0000	0	0.0000
group_11597	171	0	0.0000	0	0.0000	0	0.0000
group_1034	783	0	0.0000	0	0.0000	0	0.0000
group_3614	255	0	0.0000	0	0.0000	0	0.0000
group_11899	318	0	0.0000	0	0.0000	0	0.0000
group_14716	180	0	0.0000	0	0.0000	0	0.0000
group_4722	411	1050	2.5547	7	4.9951	3	4.2815
group_2949	264	236	0.8939	4	4.4437	2	4.4437
group_7195	1611	302	0.1875	2	0.3641	1	0.3641
group_5137	405	2783	6.8716	19	13.7590	9	13.0348
group_5949	225	146	0.6489	1	1.3035	0	0.0000
group_13201	153	0	0.0000	0	0.0000	0	0.0000
group_5950	225	0	0.0000	0	0.0000	0	0.0000
group_2373	273	302	1.1062	2	2.1486	1	2.1486
group_5436	660	151	0.2288	1	0.4444	0	0.0000
group_10501	183	0	0.0000	0	0.0000	0	0.0000
group_12664	159	540	3.3962	6	11.0673	3	11.0673
group_14717	108	0	0.0000	0	0.0000	0	0.0000
group_4029	249	0	0.0000	0	0.0000	0	0.0000
group_5426	1836	591	0.3219	4	0.6390	2	0.6390
group_4440	1053	535	0.5081	4	1.1141	2	1.1141
group_11857	1347	0	0.0000	0	0.0000	0	0.0000
group_13203	153	0	0.0000	0	0.0000	0	0.0000
group_602	132	0	0.0000	0	0.0000	0	0.0000
group_13508	516	302	0.5853	2	1.1368	1	1.1368
group_12651	1314	302	0.2298	2	0.4464	1	0.4464
group_9151	195	1791	9.1846	14	21.0562	7	21.0562
group_7489	612	0	0.0000	0	0.0000	0	0.0000
group_2590	96	0	0.0000	0	0.0000	0	0.0000
group_7225	618	1209	1.9563	8	3.7965	4	3.7965
group_4030	249	0	0.0000	0	0.0000	0	0.0000
group_8094	204	224	1.0980	2	2.8753	1	2.8753
group_5384	231	0	0.0000	0	0.0000	0	0.0000
group_2528	99	293	2.9596	4	11.8498	2	11.8498
group_14209	294	0	0.0000	0	0.0000	0	0.0000
group_5	138	218	1.5797	2	4.2505	1	4.2505
group_4032	249	2239	8.9920	17	20.0233	8	18.8455
group_4244	1065	2197	2.0629	15	4.1307	7	3.8554
group_13767	147	0	0.0000	0	0.0000	0	0.0000
group_11313	174	0	0.0000	0	0.0000	0	0.0000
group_4860	237	106	0.4473	2	2.4750	1	2.4750
group_3774	435	892	2.0506	6	4.0453	3	4.0453
group_10702	333	0	0.0000	0	0.0000	0	0.0000
group_3271	729	0	0.0000	0	0.0000	0	0.0000
group_11671	1356	1038	0.7655	6	1.2977	3	1.2977
group_4318	420	0	0.0000	0	0.0000	0	0.0000
group_8279	1527	0	0.0000	0	0.0000	0	0.0000
group_2008	279	0	0.0000	0	0.0000	0	0.0000
group_10504	183	0	0.0000	0	0.0000	0	0.0000
group_8199	927	11464	12.3668	81	25.6267	40	25.3103
group_14039	144	0	0.0000	0	0.0000	0	0.0000
group_5646	228	1362	5.9737	10	12.8633	5	12.8633
group_2013	477	0	0.0000	0	0.0000	0	0.0000
group_4384	2055	12510	6.0876	86	12.2736	43	12.2737
group_2665	93	0	0.0000	0	0.0000	0	0.0000
group_2530	99	0	0.0000	0	0.0000	0	0.0000
group_130	795	5798	7.2931	40	14.7564	20	14.7564
group_8437	201	0	0.0000	0	0.0000	0	0.0000
group_13173	1290	0	0.0000	0	0.0000	0	0.0000
group_10018	573	0	0.0000	0	0.0000	0	0.0000
group_6330	639	0	0.0000	0	0.0000	0	0.0000
group_390	495	10484	21.1798	70	41.4744	35	41.4744
group_10812	180	0	0.0000	0	0.0000	0	0.0000
group_11902	318	0	0.0000	0	0.0000	0	0.0000
group_556	5049	16646	3.2969	96	5.5764	48	5.5764
group_13829	297	302	1.0168	2	1.9750	1	1.9750
group_12335	312	1546	4.9551	10	9.4001	5	9.4001
group_6546	219	0	0.0000	0	0.0000	0	0.0000
group_13162	822	0	0.0000	0	0.0000	0	0.0000
group_2214	3159	0	0.0000	0	0.0000	0	0.0000
group_4218	1068	151	0.1414	1	0.2746	0	0.0000
group_3508	2340	453	0.1936	3	0.3760	1	0.2507
group_3841	252	0	0.0000	0	0.0000	0	0.0000
group_11883	849	1619	1.9069	11	3.7999	5	3.4545
group_3992	1083	13299	12.2798	90	24.3726	45	24.3726
csm3	1053	0	0.0000	0	0.0000	0	0.0000
csm5	1275	0	0.0000	0	0.0000	0	0.0000
group_2135	768	0	0.0000	0	0.0000	0	0.0000
group_2886	1146	294	0.2565	2	0.5118	1	0.5118
group_14041	144	0	0.0000	0	0.0000	0	0.0000
group_2534	99	0	0.0000	0	0.0000	0	0.0000
group_13479	150	0	0.0000	0	0.0000	0	0.0000
group_3389	444	0	0.0000	0	0.0000	0	0.0000
group_2548	2880	3006	1.0438	20	2.0367	10	2.0367
group_3842	252	0	0.0000	0	0.0000	0	0.0000
group_14718	279	10254	36.7527	73	76.7372	36	75.6860
group_14719	432	6930	16.0417	46	31.2292	23	31.2292
group_14720	423	3135	7.4113	23	15.9468	11	15.2535
group_14721	282	4272	15.1489	32	33.2803	16	33.2804
group_14722	363	604	1.6639	4	3.2318	2	3.2318
group_14723	417	578	1.3861	4	2.8133	2	2.8133
group_14724	624	0	0.0000	0	0.0000	0	0.0000
group_14725	135	0	0.0000	0	0.0000	0	0.0000
group_12152	165	0	0.0000	0	0.0000	0	0.0000
group_14726	222	599	2.6982	6	7.9266	3	7.9266
group_3843	252	9322	36.9921	77	89.6143	38	88.4505
group_3844	252	5951	23.6151	46	53.5358	23	53.5358
group_1079	1212	604	0.4983	4	0.9679	2	0.9679
group_7226	618	151	0.2443	1	0.4746	0	0.0000
group_7114	213	3652	17.1455	28	38.5536	14	38.5537
group_2019	771	42563	55.2049	294	111.8356	147	111.8356
group_13714	1269	453	0.3570	3	0.6933	1	0.4622
group_7493	612	302	0.4935	2	0.9584	1	0.9584
grrM	1182	22239	18.8147	152	37.7149	76	37.7149
group_2450	102	126	1.2353	2	5.7506	1	5.7507
group_9474	345	16229	47.0406	115	97.7610	57	96.9110
group_11746	546	37106	67.9597	261	140.1958	130	139.6587
group_11604	171	0	0.0000	0	0.0000	0	0.0000
group_11605	171	0	0.0000	0	0.0000	0	0.0000
group_6455	384	1212	3.1563	9	6.8738	4	6.1101
group_4767	1038	1963	1.8911	13	3.6731	6	3.3906
group_2133	114	0	0.0000	0	0.0000	0	0.0000
group_10458	567	20301	35.8042	144	74.4846	72	74.4846
group_14727	792	9130	11.5278	62	22.9590	31	22.9590
group_2966	738	12734	17.2547	88	34.9714	44	34.9714
group_14728	213	1359	6.3803	9	12.3922	4	11.0153
group_5514	399	24431	61.2306	170	124.9577	85	124.9577
group_14731	228	0	0.0000	0	0.0000	0	0.0000
group_14730	405	1963	4.8469	13	9.4140	6	8.6899
group_7403	945	95233	100.7757	646	200.4877	323	200.4878
group_6831	216	12387	57.3472	91	123.5591	45	122.2013
group_9515	192	5690	29.6354	43	65.6832	21	64.1557
group_12	138	374	2.7101	4	8.5010	2	8.5010
group_2789	1152	0	0.0000	0	0.0000	0	0.0000
group_11	138	0	0.0000	0	0.0000	0	0.0000
group_13934	807	2490	3.0855	17	6.1782	8	5.8148
group_6547	219	0	0.0000	0	0.0000	0	0.0000
group_5001	1026	0	0.0000	0	0.0000	0	0.0000
group_4968	1914	0	0.0000	0	0.0000	0	0.0000
group_10199	1428	0	0.0000	0	0.0000	0	0.0000
group_11911	543	0	0.0000	0	0.0000	0	0.0000
group_5132	1020	302	0.2961	2	0.5751	1	0.5751
group_12066	540	0	0.0000	0	0.0000	0	0.0000
group_7783	606	0	0.0000	0	0.0000	0	0.0000
group_5649	228	0	0.0000	0	0.0000	0	0.0000
group_4034	249	0	0.0000	0	0.0000	0	0.0000
group_14737	234	1055	4.5085	7	8.7734	3	7.5201
group_3186	261	0	0.0000	0	0.0000	0	0.0000
group_13183	303	399	1.3168	5	4.8397	2	3.8717
group_14738	459	13316	29.0109	89	56.8675	44	56.2286
group_5691	396	27368	69.1111	196	145.1603	98	145.1604
group_4506	2025	140219	69.2440	940	136.1413	470	136.1413
group_5207	1017	86105	84.6657	587	169.2794	293	168.9911
group_14739	174	2466	14.1724	24	40.4528	12	40.4529
group_7734	207	10007	48.3430	75	106.2620	37	104.8452
group_13208	153	1463	9.5621	10	19.1688	5	19.1688
group_14733	234	8155	34.8504	55	68.9341	27	67.6807
group_8653	354	12970	36.6384	95	78.7059	47	77.8775
group_2593	96	172	1.7917	2	6.1101	1	6.1101
group_6257	222	4005	18.0405	29	38.3118	14	36.9907
group_7735	207	3810	18.4058	26	36.8375	13	36.8375
group_8070	360	3737	10.3806	26	21.1816	13	21.1816
group_1935	120	0	0.0000	0	0.0000	0	0.0000
group_4457	417	750	1.7986	5	3.5166	2	2.8133
group_5888	393	1274	3.2417	9	6.7164	4	5.9701
group_4365	243	6429	26.4568	46	55.5186	23	55.5186
group_6573	633	1351	2.1343	9	4.1699	4	3.7066
group_11091	558	2101	3.7652	14	7.3584	7	7.3584
group_1357	780	1878	2.4077	13	4.8881	6	4.5120
group_7737	207	438	2.1159	4	5.6673	2	5.6673
group_4099	426	0	0.0000	0	0.0000	0	0.0000
group_10108	1434	0	0.0000	0	0.0000	0	0.0000
group_4037	249	3478	13.9679	27	31.8018	13	30.6239
group_4744	678	52025	76.7330	355	153.5627	177	153.1302
group_5804	651	50623	77.7619	356	160.3821	178	160.3822
group_10110	888	35342	39.7995	249	82.2382	124	81.9079
group_14742	561	3328	5.9323	24	12.5469	12	12.5469
group_14741	183	182	0.9945	2	3.2053	1	3.2053
group_7642	1569	1401	0.8929	10	1.8692	5	1.8692
group_5679	654	0	0.0000	0	0.0000	0	0.0000
group_4421	687	0	0.0000	0	0.0000	0	0.0000
group_13515	300	4286	14.2867	31	30.3059	15	29.3283
group_12340	312	5220	16.7308	37	34.7804	18	33.8404
group_3621	255	2482	9.7333	19	21.8525	9	20.7023
group_11316	174	1345	7.7299	14	23.5975	7	23.5975
group_3390	444	24971	56.2410	167	110.3114	83	109.6509
group_14744	525	9260	17.6381	65	36.3112	32	35.7526
group_14748	2100	65059	30.9805	437	61.0308	218	60.8912
group_12668	159	3254	20.4654	25	46.1137	12	44.2692
group_3373	726	2105	2.8994	15	6.0596	7	5.6556
group_14752	348	5114	14.6954	35	29.4969	17	28.6541
group_14750	324	7548	23.2963	55	49.7857	27	48.8805
group_14751	297	3471	11.6869	25	24.6871	12	23.6997
group_14753	1077	5450	5.0604	38	10.3480	19	10.3480
group_14755	123	0	0.0000	0	0.0000	0	0.0000
group_13483	150	1471	9.8067	12	23.4626	6	23.4627
group_14757	1245	127130	102.1124	860	202.5891	430	202.5892
group_14762	417	5485	13.1535	38	26.7260	19	26.7260
group_6549	219	6955	31.7580	50	66.9596	25	66.9596
group_14763	1101	401605	364.7639	2711	722.1530	1355	721.8868
group_14767	282	14604	51.7872	103	107.1211	51	106.0811
group_14769	744	40385	54.2809	267	105.2508	133	104.8566
group_14770	270	5503	20.3815	38	41.2769	19	41.2769
group_14772	273	3516	12.8791	24	25.7831	12	25.7831
group_14771	195	3461	17.7487	24	36.0964	12	36.0964
group_9821	189	5098	26.9735	39	60.5187	19	58.9670
group_8655	354	29953	84.6130	214	177.2954	107	177.2955
group_14773	669	77010	115.1121	514	225.3326	257	225.3327
group_13210	153	2005	13.1046	18	34.5039	9	34.5039
group_10408	336	25041	74.5268	172	150.1330	86	150.1331
group_14217	294	19053	64.8061	131	130.6806	65	129.6830
group_14774	246	3851	15.6545	26	30.9974	13	30.9974
group_14776	567	31563	55.6667	219	113.2787	109	112.7614
group_14775	210	7747	36.8905	53	74.0191	26	72.6225
group_14778	300	247	0.8233	2	1.9552	1	1.9552
group_14780	411	508	1.2360	4	2.8543	2	2.8543
group_2384	105	0	0.0000	0	0.0000	0	0.0000
group_2322	762	227	0.2979	2	0.7698	1	0.7698
group_963	285	966	3.3895	7	7.2034	3	6.1744
group_5693	396	1177	2.9722	8	5.9249	4	5.9249
group_8800	198	278	1.4040	3	4.4437	1	2.9625
group_14781	1302	951	0.7304	7	1.5768	3	1.3515
group_14782	648	0	0.0000	0	0.0000	0	0.0000
group_14783	1365	20686	15.1546	136	29.2209	68	29.2209
group_14784	285	1822	6.3930	13	13.3778	6	12.3488
group_5073	669	0	0.0000	0	0.0000	0	0.0000
group_9771	342	0	0.0000	0	0.0000	0	0.0000
group_14785	519	13984	26.9441	93	52.5536	46	51.9885
group_12670	159	148	0.9308	1	1.8445	0	0.0000
group_14786	168	104	0.6190	2	3.4915	1	3.4915
group_3985	429	447	1.0420	3	2.0509	1	1.3673
group_1314	126	1628	12.9206	16	37.2423	8	37.2423
group_8100	204	339	1.6618	3	4.3130	1	2.8753
group_14787	198	645	3.2576	6	8.8874	3	8.8874
group_619	132	0	0.0000	0	0.0000	0	0.0000
group_14788	219	1135	5.1826	8	10.7135	4	10.7135
group_2749	138	0	0.0000	0	0.0000	0	0.0000
group_5523	1005	2490	2.4776	18	5.2528	9	5.2528
group_4256	693	1625	2.3449	11	4.6553	5	4.2321
group_2833	744	2533	3.4046	17	6.7014	8	6.3072
group_6299	387	14273	36.8811	100	75.7837	50	75.7838
group_5937	123	0	0.0000	0	0.0000	0	0.0000
group_10697	1407	7007	4.9801	48	10.0054	24	10.0054
group_1951	774	4184	5.4057	29	10.9886	14	10.6097
group_6107	390	29282	75.0821	211	158.6737	105	157.9217
group_2867	456	42472	93.1404	298	191.6631	149	191.6631
group_14789	3468	17412	5.0208	89	7.5266	44	7.4420
group_14790	342	8399	24.5585	59	50.5956	29	49.7381
group_12915	156	4269	27.3654	31	58.2806	15	56.4006
group_13967	1260	78620	62.3968	529	123.1323	264	122.8996
group_2970	1137	63827	56.1363	427	110.1424	213	109.8845
group_5094	1896	114702	60.4968	771	119.2623	385	119.1076
group_4395	1056	62467	59.1544	430	119.4240	215	119.4240
group_12147	315	790	2.5079	6	5.5863	3	5.5863
group_5149	405	4384	10.8247	33	23.8971	16	23.1730
group_7744	207	3881	18.7488	26	36.8375	13	36.8375
group_14791	234	1265	5.4060	10	12.5335	5	12.5335
group_8075	360	11691	32.4750	84	68.4327	42	68.4327
group_6300	387	284	0.7339	2	1.5157	1	1.5157
group_68	1236	849	0.6869	6	1.4237	3	1.4237
group_7369	369	832	2.2547	6	4.7688	3	4.7688
group_66	1236	755	0.6108	5	1.1864	2	0.9491
group_620	132	593	4.4924	6	13.3310	3	13.3311
group_11909	318	13320	41.8868	102	94.0719	51	94.0720
group_2767	267	490	1.8352	4	4.3938	2	4.3938
group_12671	159	3231	20.3208	27	49.8028	13	47.9583
group_2014	279	1219	4.3692	9	9.4607	4	8.4096
group_7128	213	6876	32.2817	53	72.9765	26	71.5996
group_21	138	463	3.3551	4	8.5010	2	8.5010
group_5660	228	7715	33.8377	64	82.3251	32	82.3251
group_2404	759	0	0.0000	0	0.0000	0	0.0000
group_2229	765	11474	14.9987	79	30.2867	39	29.9034
group_11876	168	4013	23.8869	29	50.6262	14	48.8805
group_13592	813	20701	25.4625	142	51.2253	71	51.2254
group_5943	993	22056	22.2115	149	44.0072	74	43.7119
group_13886	1263	30540	24.1805	204	47.3711	102	47.3712
group_12073	1338	31187	23.3087	209	45.8118	104	45.5926
group_2971	1137	0	0.0000	0	0.0000	0	0.0000
group_12151	315	6561	20.8286	47	43.7597	23	42.8287
group_10815	180	2859	15.8833	21	34.2164	10	32.5870
group_1652	483	0	0.0000	0	0.0000	0	0.0000
group_10747	564	26315	46.6578	176	91.5210	88	91.5210
group_3253	2454	14477	5.8993	97	11.5927	48	11.4732
group_8705	1509	8185	5.4241	55	10.6896	27	10.4952
group_8316	597	2418	4.0503	17	8.3514	8	7.8602
group_1247	1209	4349	3.5972	29	7.0349	14	6.7923
group_4169	1206	5723	4.7454	39	9.4843	19	9.2411
group_6203	642	4589	7.1480	32	14.6185	16	14.6185
group_14792	4905	343539	70.0385	2286	136.6861	1143	136.6861
group_12425	162	0	0.0000	0	0.0000	0	0.0000
group_6212	1722	604	0.3508	4	0.6813	2	0.6813
group_2752	459	143	0.3115	1	0.6390	0	0.0000
group_2378	273	0	0.0000	0	0.0000	0	0.0000
group_10814	180	143	0.7944	1	1.6294	0	0.0000
group_6266	222	2399	10.8063	19	25.1008	9	23.7797
group_3502	1113	4894	4.3971	33	8.6957	16	8.4322
group_12592	1317	6400	4.8595	43	9.5757	21	9.3530
group_7518	942	2175	2.3089	15	4.6701	7	4.3588
group_7438	210	151	0.7190	1	1.3966	0	0.0000
group_1604	282	0	0.0000	0	0.0000	0	0.0000
group_5661	228	151	0.6623	1	1.2863	0	0.0000
group_328	792	3856	4.8687	26	9.6280	13	9.6280
group_10173	186	125	0.6720	1	1.5768	0	0.0000
group_2191	276	302	1.0942	2	2.1252	1	2.1252
group_11095	558	2066	3.7025	14	7.3584	7	7.3584
group_5211	1017	371	0.3648	3	0.8651	1	0.5768
group_9258	348	1098	3.1552	9	7.5849	4	6.7421
group_5311	663	604	0.9110	4	1.7694	2	1.7694
group_4624	1044	1571	1.5048	11	3.0901	5	2.8092
group_4949	1917	184796	96.3985	1251	191.3913	625	191.2384
group_6756	966	0	0.0000	0	0.0000	0	0.0000
group_12282	840	755	0.8988	5	1.7457	2	1.3966
group_9621	897	1440	1.6054	11	3.5966	5	3.2696
group_3379	1119	1194	1.0670	8	2.0968	4	2.0968
group_7759	936	755	0.8066	5	1.5667	2	1.2533
group_13691	513	724	1.4113	6	3.4302	3	3.4302
group_10519	183	525	2.8689	4	6.4106	2	6.4106
group_4370	243	210	0.8642	2	2.4139	1	2.4139
group_5663	228	151	0.6623	1	1.2863	0	0.0000
group_10112	339	217	0.6401	2	1.7303	1	1.7303
group_12676	159	0	0.0000	0	0.0000	0	0.0000
group_10614	879	3126	3.5563	22	7.3404	11	7.3404
group_3858	1092	3662	3.3535	25	6.7144	12	6.4458
group_6457	384	151	0.3932	1	0.7638	0	0.0000
group_5393	231	2033	8.8009	18	22.8532	9	22.8532
group_5138	234	672	2.8718	5	6.2667	2	5.0134
group_14793	222	0	0.0000	0	0.0000	0	0.0000
group_13774	147	0	0.0000	0	0.0000	0	0.0000
group_10414	336	453	1.3482	3	2.6186	1	1.7457
group_4465	417	453	1.0863	3	2.1100	1	1.4066
group_2367	468	151	0.3226	1	0.6267	0	0.0000
group_2319	108	192	1.7778	2	5.4312	1	5.4312
group_8107	204	0	0.0000	0	0.0000	0	0.0000
gerE	282	12293	43.5922	88	91.5210	44	91.5210
group_11105	1383	22526	16.2878	151	32.0215	75	31.8095
group_9162	195	0	0.0000	0	0.0000	0	0.0000
group_1939	120	0	0.0000	0	0.0000	0	0.0000
group_14093	507	302	0.5957	2	1.1569	1	1.1569
group_9766	576	453	0.7865	3	1.5275	1	1.0183
group_3452	2364	906	0.3832	6	0.7444	3	0.7444
group_14794	1032	1883	1.8246	13	3.6945	6	3.4103
group_14795	3228	3135	0.9712	21	1.9080	10	1.8171
group_8809	198	0	0.0000	0	0.0000	0	0.0000
chlD	1383	35756	25.8539	241	51.1072	120	50.8951
group_1940	120	0	0.0000	0	0.0000	0	0.0000
group_10474	567	1200	2.1164	8	4.1380	4	4.1380
group_6331	1695	3036	1.7912	21	3.6336	10	3.4606
group_4222	2112	3123	1.4787	21	2.9162	10	2.7773
group_1938	480	753	1.5688	5	3.0550	2	2.4440
group_4219	1068	0	0.0000	0	0.0000	0	0.0000
group_4887	1032	1097	1.0630	8	2.2735	4	2.2735
group_2751	1155	34735	30.0736	236	59.9262	118	59.9263
group_13492	150	0	0.0000	0	0.0000	0	0.0000
group_5395	231	6781	29.3550	47	59.6723	23	58.4027
group_5396	231	151	0.6537	1	1.2696	0	0.0000
group_12593	1317	0	0.0000	0	0.0000	0	0.0000
group_3163	2496	4192	1.6795	26	3.0550	13	3.0550
group_2405	759	731	0.9631	5	1.9320	2	1.5456
group_8662	354	120	0.3390	2	1.6570	1	1.6570
group_4619	129	0	0.0000	0	0.0000	0	0.0000
group_2574	270	4016	14.8741	28	30.4145	14	30.4146
group_2452	102	0	0.0000	0	0.0000	0	0.0000
group_13850	297	9834	33.1111	73	72.0864	36	71.0990
group_4528	684	444	0.6491	4	1.7151	2	1.7151
group_3439	258	295	1.1434	2	2.2735	1	2.2735
group_7749	208	151	0.7260	1	1.4100	0	0.0000
group_6110	390	1442	3.6974	14	10.5281	7	10.5281
group_9526	192	0	0.0000	0	0.0000	0	0.0000
group_11374	324	3298	10.1790	22	19.9143	11	19.9143
group_5441	660	9633	14.5955	70	31.1058	35	31.1058
group_10955	330	285	0.8636	2	1.7775	1	1.7775
group_14796	138	0	0.0000	0	0.0000	0	0.0000
group_9780	894	302	0.3378	2	0.6561	1	0.6561
group_12350	312	0	0.0000	0	0.0000	0	0.0000
group_12428	162	0	0.0000	0	0.0000	0	0.0000
group_9368	903	4058	4.4939	29	9.4188	14	9.0941
group_2032	117	0	0.0000	0	0.0000	0	0.0000
group_10178	186	0	0.0000	0	0.0000	0	0.0000
group_14797	990	0	0.0000	0	0.0000	0	0.0000
group_431	1224	0	0.0000	0	0.0000	0	0.0000
group_7293	1599	0	0.0000	0	0.0000	0	0.0000
group_331	792	0	0.0000	0	0.0000	0	0.0000
group_10524	183	0	0.0000	0	0.0000	0	0.0000
group_2183	1185	0	0.0000	0	0.0000	0	0.0000
group_5443	660	0	0.0000	0	0.0000	0	0.0000
group_2764	138	518	3.7536	6	12.7514	3	12.7514
group_2887	1146	1510	1.3176	10	2.5592	5	2.5592
group_2536	99	0	0.0000	0	0.0000	0	0.0000
group_2237	111	0	0.0000	0	0.0000	0	0.0000
group_5525	1005	1445	1.4378	10	2.9182	5	2.9182
group_14799	360	104	0.2889	2	1.6294	1	1.6294
group_5732	999	0	0.0000	0	0.0000	0	0.0000
group_5645	1800	302	0.1678	2	0.3259	1	0.3259
group_2453	102	163	1.5980	2	5.7506	1	5.7507
group_14800	879	2847	3.2389	19	6.3395	9	6.0058
group_1661	483	6425	13.3023	44	26.7173	22	26.7173
group_8814	198	2215	11.1869	15	22.2184	7	20.7372
group_10180	186	0	0.0000	0	0.0000	0	0.0000
group_10416	336	3935	11.7113	28	24.4403	14	24.4403
group_14809	1584	1510	0.9533	10	1.8515	5	1.8515
group_14802	690	373	0.5406	3	1.2751	1	0.8501
group_14806	6474	2964	0.4578	20	0.9060	10	0.9060
group_14816	2121	1868	0.8807	14	1.9359	7	1.9359
group_14803	777	604	0.7773	4	1.5098	2	1.5098
group_14810	1032	453	0.4390	3	0.8526	1	0.5684
group_14818	1587	1510	0.9515	10	1.8480	5	1.8480
group_14814	588	654	1.1122	5	2.4939	2	1.9951
group_14805	1689	604	0.3576	4	0.6946	2	0.6946
group_14804	897	1007	1.1226	7	2.2887	3	1.9618
group_14811	993	585	0.5891	4	1.1814	2	1.1814
group_14812	930	302	0.3247	2	0.6307	1	0.6307
group_14801	906	1759	1.9415	13	4.2083	6	3.8845
group_14807	900	151	0.1678	1	0.3259	0	0.0000
group_14817	1650	604	0.3661	4	0.7110	2	0.7110
group_14819	915	293	0.3202	2	0.6411	1	0.6411
group_14808	882	755	0.8560	5	1.6626	2	1.3301
group_14820	123	0	0.0000	0	0.0000	0	0.0000
group_7700	1563	3483	2.2284	24	4.5034	12	4.5034
group_8236	1530	1204	0.7869	8	1.5335	4	1.5335
group_13521	1278	0	0.0000	0	0.0000	0	0.0000
group_5381	1323	174	0.1315	2	0.4434	1	0.4434
group_3278	1125	1208	1.0738	8	2.0856	4	2.0856
group_14823	315	0	0.0000	0	0.0000	0	0.0000
group_14822	255	0	0.0000	0	0.0000	0	0.0000
group_14821	222	579	2.6081	4	5.2844	2	5.2844
group_14825	8379	0	0.0000	0	0.0000	0	0.0000
group_14824	7740	302	0.0390	2	0.0758	1	0.0758
group_14826	207	0	0.0000	0	0.0000	0	0.0000
group_5947	993	0	0.0000	0	0.0000	0	0.0000
group_9181	585	0	0.0000	0	0.0000	0	0.0000
group_2330	762	2319	3.0433	16	6.1582	8	6.1582
group_8999	1494	302	0.2021	2	0.3926	1	0.3926
group_6211	1722	0	0.0000	0	0.0000	0	0.0000
group_2406	759	0	0.0000	0	0.0000	0	0.0000
group_11886	168	0	0.0000	0	0.0000	0	0.0000
group_14830	156	0	0.0000	0	0.0000	0	0.0000
group_5979	226	0	0.0000	0	0.0000	0	0.0000
group_14832	750	13884	18.5120	95	37.1492	47	36.7582
group_12165	165	0	0.0000	0	0.0000	0	0.0000
group_2386	105	404	3.8476	4	11.1727	2	11.1727
group_7444	210	593	2.8238	6	8.3795	3	8.3795
group_2666	93	0	0.0000	0	0.0000	0	0.0000
group_10181	186	0	0.0000	0	0.0000	0	0.0000
group_12921	157	289	1.8408	2	3.7361	1	3.7361
group_8111	204	0	0.0000	0	0.0000	0	0.0000
group_6521	975	151	0.1549	1	0.3008	0	0.0000
group_5142	234	0	0.0000	0	0.0000	0	0.0000
group_2963	2613	588	0.2250	4	0.4490	2	0.4490
group_12279	1332	151	0.1134	1	0.2202	0	0.0000
group_9223	1668	0	0.0000	0	0.0000	0	0.0000
group_2388	105	0	0.0000	0	0.0000	0	0.0000
group_9263	348	0	0.0000	0	0.0000	0	0.0000
group_5214	1017	1902	1.8702	13	3.7489	6	3.4606
group_2754	459	1656	3.6078	11	7.0286	5	6.3896
group_6445	636	0	0.0000	0	0.0000	0	0.0000
group_4954	672	625	0.9301	5	2.1822	2	1.7457
group_4344	690	1280	1.8551	9	3.8254	4	3.4004
group_10419	336	0	0.0000	0	0.0000	0	0.0000
group_12167	165	694	4.2061	6	10.6648	3	10.6648
group_7171	372	0	0.0000	0	0.0000	0	0.0000
group_10820	180	503	2.7944	4	6.5174	2	6.5174
group_9163	195	4378	22.4513	33	49.6325	16	48.1285
group_8982	351	1197	3.4103	9	7.5201	4	6.6845
group_4188	696	3177	4.5647	22	9.2704	11	9.2704
group_2957	264	0	0.0000	0	0.0000	0	0.0000
group_4322	285	0	0.0000	0	0.0000	0	0.0000
group_2145	3225	5872	1.8208	39	3.5467	19	3.4557
group_4622	240	151	0.6292	1	1.2220	0	0.0000
group_631	132	221	1.6742	2	4.4437	1	4.4437
group_5208	666	441	0.6622	3	1.3211	1	0.8807
group_3375	726	755	1.0399	5	2.0199	2	1.6159
group_2035	117	0	0.0000	0	0.0000	0	0.0000
group_14057	144	1281	8.8958	12	24.4403	6	24.4403
group_13855	297	334	1.1246	2	1.9750	1	1.9750
cas5d	780	906	1.1615	6	2.2560	3	2.2560
group_4932	1029	897	0.8717	6	1.7101	3	1.7101
group_2697	2763	5197	1.8809	35	3.7151	17	3.6090
group_9828	189	287	1.5185	2	3.1035	1	3.1035
group_2139	768	597	0.7773	4	1.5275	2	1.5275
group_4112	699	733	1.0486	5	2.0979	2	1.6783
group_5670	228	151	0.6623	1	1.2863	0	0.0000
group_5897	393	1036	2.6361	8	5.9701	4	5.9701
group_4374	243	591	2.4321	6	7.2416	3	7.2416
group_5143	234	2123	9.0726	16	20.0535	8	20.0536
group_12156	315	0	0.0000	0	0.0000	0	0.0000
group_12679	159	146	0.9182	1	1.8445	0	0.0000
group_2321	108	0	0.0000	0	0.0000	0	0.0000
betA	2499	2115	0.8463	14	1.6430	7	1.6430
amyA	1890	2869	1.5180	19	2.9483	9	2.7932
group_12923	156	1051	6.7372	10	18.8002	5	18.8002
group_1323	126	0	0.0000	0	0.0000	0	0.0000
group_11489	1365	22558	16.5260	151	32.4438	75	32.2289
group_3442	258	0	0.0000	0	0.0000	0	0.0000
group_6839	216	141	0.6528	1	1.3578	0	0.0000
group_11100	558	1472	2.6380	10	5.2560	5	5.2560
group_14833	1860	14413	7.7489	85	13.4027	42	13.2450
group_691	1218	30409	24.9663	205	49.3621	102	49.1213
group_3628	255	0	0.0000	0	0.0000	0	0.0000
group_3199	261	0	0.0000	0	0.0000	0	0.0000
group_12353	312	446	1.4295	3	2.8200	1	1.8800
group_5341	402	13270	33.0100	93	67.8491	46	67.1195
group_1941	120	0	0.0000	0	0.0000	0	0.0000
group_6840	216	2549	11.8009	17	23.0825	8	21.7247
group_8087	360	9579	26.6083	66	53.7686	33	53.7686
group_5144	234	0	0.0000	0	0.0000	0	0.0000
group_13693	513	0	0.0000	0	0.0000	0	0.0000
group_10781	876	0	0.0000	0	0.0000	0	0.0000
group_8964	912	0	0.0000	0	0.0000	0	0.0000
group_2706	1158	906	0.7824	6	1.5196	3	1.5196
group_12677	531	0	0.0000	0	0.0000	0	0.0000
group_6271	222	0	0.0000	0	0.0000	0	0.0000
group_2480	756	250	0.3307	2	0.7759	1	0.7759
group_12680	159	1065	6.6981	9	16.6009	4	14.7564
group_8776	1506	31065	20.6275	209	40.7013	104	40.5066
group_8116	204	0	0.0000	0	0.0000	0	0.0000
group_8670	354	151	0.4266	1	0.8285	0	0.0000
group_13598	813	0	0.0000	0	0.0000	0	0.0000
group_6845	216	0	0.0000	0	0.0000	0	0.0000
group_8088	360	151	0.4194	1	0.8147	0	0.0000
group_4207	246	0	0.0000	0	0.0000	0	0.0000
group_3949	705	298	0.4227	2	0.8320	1	0.8320
group_2016	279	0	0.0000	0	0.0000	0	0.0000
group_9529	192	1587	8.2656	13	19.8577	6	18.3302
group_14835	768	4542	5.9141	31	11.8382	15	11.4564
group_14834	2376	237230	99.8443	1600	197.4970	800	197.4971
group_14839	624	1345	2.1554	9	4.2300	4	3.7600
group_14837	126	0	0.0000	0	0.0000	0	0.0000
group_8818	198	453	2.2879	3	4.4437	1	2.9625
group_3862	252	162	0.6429	2	2.3276	1	2.3276
group_14056	144	0	0.0000	0	0.0000	0	0.0000
group_14840	318	1487	4.6761	13	11.9896	6	11.0673
group_4209	246	394	1.6016	3	3.5766	1	2.3844
group_14844	849	151	0.1779	1	0.3454	0	0.0000
group_14843	570	302	0.5298	2	1.0291	1	1.0291
group_10822	180	0	0.0000	0	0.0000	0	0.0000
group_9784	894	1311	1.4664	9	2.9525	4	2.6245
group_8449	201	0	0.0000	0	0.0000	0	0.0000
group_14845	1830	125416	68.5333	749	120.0377	374	119.8775
group_14846	624	586145	939.3349	3905	1835.3693	1952	1834.8998
group_14847	258	0	0.0000	0	0.0000	0	0.0000
group_14848	1221	19677	16.1155	136	32.6671	68	32.6671
group_14849	1170	10779	9.2128	75	18.8002	37	18.5495
group_8910	588	1812	3.0816	12	5.9854	6	5.9854
group_14850	648	24427	37.6960	177	80.1097	88	79.6572
group_14851	639	11567	18.1017	84	38.5536	42	38.5537
group_14852	285	6419	22.5228	44	45.2788	22	45.2788
group_14853	477	1597	3.3480	11	6.7633	5	6.1485
group_14854	951	13205	13.8854	92	28.3723	46	28.3723
group_14855	705	39345	55.8085	265	110.2412	132	109.8252
group_14856	621	1750	2.8180	14	6.6119	7	6.6119
group_14857	270	816	3.0222	6	6.5174	3	6.5174
group_14858	621	22643	36.4622	156	73.6750	78	73.6750
group_14859	309	2325	7.5243	18	17.0845	9	17.0845
group_14860	501	3314	6.6148	24	14.0495	12	14.0495
group_14861	546	4548	8.3297	35	18.8002	17	18.2631
group_14862	186	1934	10.3978	15	23.6519	7	22.0751
group_14082	1257	8312	6.6126	54	12.5993	27	12.5993
cpcA	495	751	1.5172	5	2.9625	2	2.3700
cpeB	561	1728	3.0802	12	6.2734	6	6.2734
group_14863	138	1813	13.1377	18	38.2543	9	38.2543
group_14864	315	6098	19.3587	42	39.1044	21	39.1044
ybaB	345	8384	24.3014	57	48.4555	28	47.6054
group_10823	180	0	0.0000	0	0.0000	0	0.0000
group_14865	1434	0	0.0000	0	0.0000	0	0.0000
group_7308	948	0	0.0000	0	0.0000	0	0.0000
group_12925	156	194	1.2436	2	3.7600	1	3.7600
group_6558	219	106	0.4840	2	2.6784	1	2.6784
group_3202	261	0	0.0000	0	0.0000	0	0.0000
group_570	213	0	0.0000	0	0.0000	0	0.0000
group_9166	195	0	0.0000	0	0.0000	0	0.0000
group_4625	240	181	0.7542	2	2.4440	1	2.4440
group_628	132	0	0.0000	0	0.0000	0	0.0000
group_14873	1815	0	0.0000	0	0.0000	0	0.0000
group_14874	1119	0	0.0000	0	0.0000	0	0.0000
group_14870	1281	0	0.0000	0	0.0000	0	0.0000
group_14869	243	0	0.0000	0	0.0000	0	0.0000
group_14871	834	0	0.0000	0	0.0000	0	0.0000
group_14867	774	0	0.0000	0	0.0000	0	0.0000
group_14866	1134	0	0.0000	0	0.0000	0	0.0000
group_14875	480	0	0.0000	0	0.0000	0	0.0000
group_14872	666	0	0.0000	0	0.0000	0	0.0000
group_14868	981	0	0.0000	0	0.0000	0	0.0000
group_4210	246	0	0.0000	0	0.0000	0	0.0000
group_4918	408	4451	10.9093	32	23.0026	16	23.0026
group_13535	300	0	0.0000	0	0.0000	0	0.0000
group_2138	114	0	0.0000	0	0.0000	0	0.0000
group_4626	240	442	1.8417	2	2.4440	1	2.4440
group_5147	234	0	0.0000	0	0.0000	0	0.0000
group_6307	387	0	0.0000	0	0.0000	0	0.0000
group_7309	948	0	0.0000	0	0.0000	0	0.0000
group_11933	849	302	0.3557	2	0.6909	1	0.6909
group_5703	396	0	0.0000	0	0.0000	0	0.0000
group_2037	117	277	2.3675	4	10.0268	2	10.0268
group_2636	462	166	0.3593	2	1.2696	1	1.2696
group_5683	654	0	0.0000	0	0.0000	0	0.0000
group_74	291	208	0.7148	2	2.0157	1	2.0157
group_3994	1083	15305	14.1320	108	29.2471	54	29.2471
group_3924	1410	259613	184.1227	1728	359.4278	864	359.4279
group_5148	234	624	2.6667	4	5.0134	2	5.0134
group_11616	171	0	0.0000	0	0.0000	0	0.0000
group_13536	300	4843	16.1433	36	35.1940	18	35.1940
group_4211	246	0	0.0000	0	0.0000	0	0.0000
group_3711	714	0	0.0000	0	0.0000	0	0.0000
group_14876	312	418	1.3397	3	2.8200	1	1.8800
group_4838	1197	0	0.0000	0	0.0000	0	0.0000
group_12678	531	0	0.0000	0	0.0000	0	0.0000
group_14878	267	0	0.0000	0	0.0000	0	0.0000
group_14059	144	0	0.0000	0	0.0000	0	0.0000
group_6848	216	0	0.0000	0	0.0000	0	0.0000
group_5406	231	0	0.0000	0	0.0000	0	0.0000
hpsN	972	0	0.0000	0	0.0000	0	0.0000
group_9274	348	0	0.0000	0	0.0000	0	0.0000
group_7356	1593	3437	2.1576	23	4.2345	11	4.0504
group_4213	246	1485	6.0366	10	11.9221	5	11.9221
group_2667	93	0	0.0000	0	0.0000	0	0.0000
group_8054	1539	0	0.0000	0	0.0000	0	0.0000
group_6272	222	0	0.0000	0	0.0000	0	0.0000
group_14879	3042	1857	0.6105	13	1.2533	6	1.1569
group_14880	939	2426	2.5836	17	5.3097	8	4.9974
group_14881	243	330	1.3580	3	3.6208	1	2.4139
group_2756	459	1152	2.5098	8	5.1117	4	5.1117
group_14882	171	0	0.0000	0	0.0000	0	0.0000
group_993	129	164	1.2713	2	4.5470	1	4.5470
group_482	288	1364	4.7361	12	12.2201	6	12.2201
group_8366	357	0	0.0000	0	0.0000	0	0.0000
group_8633	591	689	1.1658	5	2.4812	2	1.9850
group_10718	333	151	0.4535	1	0.8807	0	0.0000
group_2141	768	2114	2.7526	14	5.3463	7	5.3463
group_10619	879	755	0.8589	5	1.6683	2	1.3346
group_14887	1218	23905	19.6264	164	39.4897	82	39.4897
group_14886	228	0	0.0000	0	0.0000	0	0.0000
group_14884	654	0	0.0000	0	0.0000	0	0.0000
group_14885	792	0	0.0000	0	0.0000	0	0.0000
group_14883	990	0	0.0000	0	0.0000	0	0.0000
group_5407	231	216	0.9351	2	2.5392	1	2.5392
group_6561	219	0	0.0000	0	0.0000	0	0.0000
group_7448	210	0	0.0000	0	0.0000	0	0.0000
group_12927	156	130	0.8333	2	3.7600	1	3.7600
group_14888	1023	48234	47.1496	332	95.1808	166	95.1809
group_14889	189	416	2.2011	4	6.2070	2	6.2071
group_748	492	0	0.0000	0	0.0000	0	0.0000
group_12434	162	0	0.0000	0	0.0000	0	0.0000
group_9830	189	247	1.3069	2	3.1035	1	3.1035
group_6565	219	252	1.1507	2	2.6784	1	2.6784
group_8117	204	0	0.0000	0	0.0000	0	0.0000
group_14890	1896	5660	2.9852	38	5.8780	19	5.8780
group_9531	192	0	0.0000	0	0.0000	0	0.0000
group_10825	180	0	0.0000	0	0.0000	0	0.0000
group_12683	159	0	0.0000	0	0.0000	0	0.0000
group_4874	237	0	0.0000	0	0.0000	0	0.0000
group_13780	147	0	0.0000	0	0.0000	0	0.0000
group_12682	159	0	0.0000	0	0.0000	0	0.0000
group_2783	267	0	0.0000	0	0.0000	0	0.0000
group_484	288	0	0.0000	0	0.0000	0	0.0000
group_14893	543	292	0.5378	2	1.0802	1	1.0802
group_14894	126	0	0.0000	0	0.0000	0	0.0000
group_4300	1062	302	0.2844	2	0.5523	1	0.5523
group_7177	372	586	1.5753	4	3.1536	2	3.1536
group_9169	195	0	0.0000	0	0.0000	0	0.0000
group_11082	177	510	2.8814	6	9.9418	3	9.9418
ecfA2	141	0	0.0000	0	0.0000	0	0.0000
group_11326	174	0	0.0000	0	0.0000	0	0.0000
group_2198	277	190	0.6859	2	2.1176	1	2.1176
group_13225	153	0	0.0000	0	0.0000	0	0.0000
group_14896	330	0	0.0000	0	0.0000	0	0.0000
group_10910	873	14808	16.9622	100	33.5949	50	33.5949
group_14897	432	6130	14.1898	46	31.2292	23	31.2292
group_9534	192	0	0.0000	0	0.0000	0	0.0000
group_4629	240	0	0.0000	0	0.0000	0	0.0000
group_194	498	436	0.8755	4	2.3557	2	2.3557
group_14060	144	0	0.0000	0	0.0000	0	0.0000
group_11101	558	0	0.0000	0	0.0000	0	0.0000
group_14900	765	12517	16.3621	89	34.1205	44	33.7371
group_14899	246	127	0.5163	1	1.1922	0	0.0000
group_7450	210	567	2.7000	4	5.5863	2	5.5863
yeeP	993	259	0.2608	2	0.5907	1	0.5907
group_7451	210	0	0.0000	0	0.0000	0	0.0000
group_8820	198	151	0.7626	1	1.4812	0	0.0000
group_14903	126	0	0.0000	0	0.0000	0	0.0000
group_10531	183	271	1.4809	2	3.2053	1	3.2053
group_4379	243	0	0.0000	0	0.0000	0	0.0000
group_12173	165	0	0.0000	0	0.0000	0	0.0000
group_997	285	450	1.5789	3	3.0872	1	2.0581
group_9734	1452	5950	4.0978	42	8.4834	21	8.4834
group_5372	1011	4202	4.1563	30	8.7028	15	8.7028
group_10185	186	0	0.0000	0	0.0000	0	0.0000
group_10033	573	348	0.6073	3	1.5355	1	1.0237
group_6308	387	821	2.1214	12	9.0940	6	9.0941
group_9168	195	0	0.0000	0	0.0000	0	0.0000
group_14904	183	148	0.8087	1	1.6026	0	0.0000
group_14905	840	2729	3.2488	19	6.6338	9	6.2846
group_8118	204	537	2.6324	4	5.7506	2	5.7507
group_12705	831	0	0.0000	0	0.0000	0	0.0000
group_6339	639	0	0.0000	0	0.0000	0	0.0000
group_1349	486	5734	11.7984	41	24.7420	20	24.1385
group_10034	573	2179	3.8028	15	7.6776	7	7.1657
group_3744	1098	4342	3.9545	29	7.7461	14	7.4790
group_3469	723	5943	8.2199	41	16.6315	20	16.2259
group_8047	930	6533	7.0247	45	14.1911	22	13.8758
group_14906	270	0	0.0000	0	0.0000	0	0.0000
group_14907	378	151	0.3995	1	0.7759	0	0.0000
group_14908	402	4227	10.5149	28	20.4277	14	20.4277
group_14911	225	0	0.0000	0	0.0000	0	0.0000
group_14910	117	0	0.0000	0	0.0000	0	0.0000
group_14909	108	0	0.0000	0	0.0000	0	0.0000
group_8373	357	0	0.0000	0	0.0000	0	0.0000
group_11603	549	0	0.0000	0	0.0000	0	0.0000
group_14242	294	0	0.0000	0	0.0000	0	0.0000
group_14912	159	0	0.0000	0	0.0000	0	0.0000
group_4066	105	0	0.0000	0	0.0000	0	0.0000
group_6275	222	0	0.0000	0	0.0000	0	0.0000
group_14913	2034	185341	91.1214	1236	178.2192	618	178.2193
group_14914	438	65425	149.3721	454	303.9966	227	303.9967
group_2456	102	0	0.0000	0	0.0000	0	0.0000
group_5952	993	0	0.0000	0	0.0000	0	0.0000
group_14915	237	747	3.1519	6	7.4249	3	7.4249
group_14916	414	151	0.3647	1	0.7084	0	0.0000
group_14917	444	453	1.0203	3	1.9816	1	1.3211
group_12175	165	1640	9.9394	14	24.8846	7	24.8846
group_335	135	0	0.0000	0	0.0000	0	0.0000
group_5896	1758	453	0.2577	3	0.5005	1	0.3337
group_10480	567	151	0.2663	1	0.5173	0	0.0000
group_2503	2892	302	0.1044	2	0.2028	1	0.2028
group_14918	171	118	0.6901	2	3.4302	1	3.4302
group_14921	219	0	0.0000	0	0.0000	0	0.0000
group_14922	225	5172	22.9867	39	50.8357	19	49.5323
group_5563	657	0	0.0000	0	0.0000	0	0.0000
group_2577	753	2092	2.7782	14	5.4528	7	5.4528
group_14933	336	151	0.4494	1	0.8729	0	0.0000
group_14936	300	218	0.7267	2	1.9552	1	1.9552
group_14938	213	172	0.8075	2	2.7538	1	2.7538
group_8823	198	0	0.0000	0	0.0000	0	0.0000
group_8122	204	0	0.0000	0	0.0000	0	0.0000
group_10728	333	0	0.0000	0	0.0000	0	0.0000
group_6630	381	0	0.0000	0	0.0000	0	0.0000
group_7453	210	298	1.4190	2	2.7932	1	2.7932
group_14944	201	222	1.1045	2	2.9182	1	2.9182
group_14945	2892	1359	0.4699	9	0.9127	4	0.8113
group_14948	492	0	0.0000	0	0.0000	0	0.0000
group_14949	738	2070	2.8049	14	5.5636	7	5.5636
group_10828	180	234	1.3000	2	3.2587	1	3.2587
group_9495	345	1047	3.0348	8	6.8008	4	6.8008
group_11625	171	0	0.0000	0	0.0000	0	0.0000
group_3631	255	421	1.6510	3	3.4504	1	2.3003
group_7357	1593	1303	0.8180	9	1.6570	4	1.4729
group_5278	1857	3031	1.6322	21	3.3166	10	3.1587
group_2598	96	0	0.0000	0	0.0000	0	0.0000
group_2758	459	0	0.0000	0	0.0000	0	0.0000
group_14950	138	1326	9.6087	14	29.7534	7	29.7534
group_14951	162	0	0.0000	0	0.0000	0	0.0000
group_14952	120	0	0.0000	0	0.0000	0	0.0000
group_13212	303	0	0.0000	0	0.0000	0	0.0000
perM	1077	113023	104.9424	761	207.2316	380	206.9593
group_3887	708	0	0.0000	0	0.0000	0	0.0000
group_14953	663	0	0.0000	0	0.0000	0	0.0000
group_14954	1206	26976	22.3682	182	44.2600	91	44.2600
group_14955	453	18061	39.8698	124	80.2806	62	80.2806
group_14956	141	330	2.3404	4	8.3201	2	8.3201
group_14957	894	3497	3.9116	24	7.8734	12	7.8734
group_14958	627	21704	34.6156	146	68.2924	73	68.2924
group_14959	372	2735	7.3522	22	17.3447	11	17.3447
group_14966	381	0	0.0000	0	0.0000	0	0.0000
group_14980	1143	0	0.0000	0	0.0000	0	0.0000
group_14967	138	0	0.0000	0	0.0000	0	0.0000
group_14974	2382	217	0.0911	2	0.2462	1	0.2462
group_14979	1587	0	0.0000	0	0.0000	0	0.0000
group_14969	189	0	0.0000	0	0.0000	0	0.0000
group_14976	789	0	0.0000	0	0.0000	0	0.0000
group_14970	639	0	0.0000	0	0.0000	0	0.0000
group_14963	228	0	0.0000	0	0.0000	0	0.0000
group_14981	477	0	0.0000	0	0.0000	0	0.0000
group_14972	165	0	0.0000	0	0.0000	0	0.0000
group_14968	702	0	0.0000	0	0.0000	0	0.0000
group_14982	378	0	0.0000	0	0.0000	0	0.0000
group_14962	267	0	0.0000	0	0.0000	0	0.0000
group_14977	2541	0	0.0000	0	0.0000	0	0.0000
group_14960	270	0	0.0000	0	0.0000	0	0.0000
group_14978	201	0	0.0000	0	0.0000	0	0.0000
group_14961	225	0	0.0000	0	0.0000	0	0.0000
group_14964	210	0	0.0000	0	0.0000	0	0.0000
group_14965	240	0	0.0000	0	0.0000	0	0.0000
group_14971	498	0	0.0000	0	0.0000	0	0.0000
group_14975	336	0	0.0000	0	0.0000	0	0.0000
group_14973	501	0	0.0000	0	0.0000	0	0.0000
group_14984	1494	755	0.5054	5	0.9815	2	0.7852
group_14983	1317	0	0.0000	0	0.0000	0	0.0000
group_14985	675	302	0.4474	2	0.8690	1	0.8690
group_14986	225	0	0.0000	0	0.0000	0	0.0000
group_13871	297	974	3.2795	7	6.9124	3	5.9249
group_5905	393	973	2.4758	7	5.2239	3	4.4776
group_14987	222	0	0.0000	0	0.0000	0	0.0000
group_14988	138	0	0.0000	0	0.0000	0	0.0000
group_9188	585	2010	3.4359	14	7.0187	7	7.0187
group_10829	180	316	1.7556	2	3.2587	1	3.2587
group_9588	579	0	0.0000	0	0.0000	0	0.0000
group_6466	384	596	1.5521	4	3.0550	2	3.0550
group_5346	402	882	2.1940	8	5.8365	4	5.8365
group_2538	99	0	0.0000	0	0.0000	0	0.0000
group_11668	321	0	0.0000	0	0.0000	0	0.0000
group_6799	378	453	1.1984	3	2.3276	1	1.5518
group_6858	216	549	2.5417	4	5.4312	2	5.4312
group_14989	1257	0	0.0000	0	0.0000	0	0.0000
group_14995	654	548	0.8379	4	1.7938	2	1.7938
group_15009	417	0	0.0000	0	0.0000	0	0.0000
group_15010	174	0	0.0000	0	0.0000	0	0.0000
group_4108	426	6554	15.3850	44	30.2921	22	30.2922
group_15011	228	0	0.0000	0	0.0000	0	0.0000
group_9799	342	17505	51.1842	119	102.0488	59	101.1913
group_2044	117	427	3.6496	4	10.0268	2	10.0268
group_5906	393	151	0.3842	1	0.7463	0	0.0000
group_6859	216	0	0.0000	0	0.0000	0	0.0000
group_3633	255	0	0.0000	0	0.0000	0	0.0000
group_2392	105	0	0.0000	0	0.0000	0	0.0000
group_15012	183	0	0.0000	0	0.0000	0	0.0000
group_7459	210	0	0.0000	0	0.0000	0	0.0000
group_4929	408	0	0.0000	0	0.0000	0	0.0000
group_7183	372	0	0.0000	0	0.0000	0	0.0000
group_15013	900	0	0.0000	0	0.0000	0	0.0000
group_4478	417	0	0.0000	0	0.0000	0	0.0000
group_15014	258	466	1.8062	4	4.5470	2	4.5470
group_4745	411	0	0.0000	0	0.0000	0	0.0000
group_5347	402	597	1.4851	4	2.9182	2	2.9182
group_3401	444	1688	3.8018	12	7.9266	6	7.9266
group_15015	195	339	1.7385	3	4.5120	1	3.0080
group_5412	231	604	2.6147	4	5.0785	2	5.0785
group_15017	129	0	0.0000	0	0.0000	0	0.0000
group_15016	294	0	0.0000	0	0.0000	0	0.0000
group_15018	138	0	0.0000	0	0.0000	0	0.0000
group_15019	414	454	1.0966	3	2.1252	1	1.4168
group_3636	255	151	0.5922	1	1.1501	0	0.0000
group_4879	237	0	0.0000	0	0.0000	0	0.0000
group_15020	228	380	1.6667	3	3.8590	1	2.5727
group_15021	369	0	0.0000	0	0.0000	0	0.0000
group_15022	720	1704	2.3667	11	4.4807	5	4.0734
group_8829	198	0	0.0000	0	0.0000	0	0.0000
group_3212	261	151	0.5785	1	1.1237	0	0.0000
group_15023	171	0	0.0000	0	0.0000	0	0.0000
group_15024	259	3278	12.6564	27	30.5739	13	29.4416
group_15025	261	297	1.1379	2	2.2474	1	2.2474
group_7158	213	218	1.0235	2	2.7538	1	2.7538
group_2457	102	0	0.0000	0	0.0000	0	0.0000
group_9803	342	0	0.0000	0	0.0000	0	0.0000
group_4180	1071	0	0.0000	0	0.0000	0	0.0000
group_5623	1806	587	0.3250	4	0.6496	2	0.6496
crr	510	371	0.7275	3	1.7252	1	1.1501
group_12688	159	0	0.0000	0	0.0000	0	0.0000
group_4638	240	243	1.0125	2	2.4440	1	2.4440
group_8830	198	1184	5.9798	10	14.8123	5	14.8123
group_10969	330	2961	8.9727	22	19.5522	11	19.5522
group_15026	129	0	0.0000	0	0.0000	0	0.0000
group_4479	417	151	0.3621	1	0.7033	0	0.0000
group_15027	210	0	0.0000	0	0.0000	0	0.0000
group_8128	204	292	1.4314	2	2.8753	1	2.8753
group_644	132	156	1.1818	2	4.4437	1	4.4437
group_15028	150	0	0.0000	0	0.0000	0	0.0000
group_11333	174	0	0.0000	0	0.0000	0	0.0000
group_496	288	283	0.9826	2	2.0367	1	2.0367
group_15029	315	1059	3.3619	10	9.3106	5	9.3106
group_15030	141	226	1.6028	2	4.1600	1	4.1600
group_15031	198	0	0.0000	0	0.0000	0	0.0000
group_5685	228	679	2.9781	5	6.4316	2	5.1453
group_12960	1299	22992	17.6998	147	33.1891	73	32.9633
group_15032	1647	27020	16.4056	182	32.4089	91	32.4089
group_15033	954	12727	13.3407	85	26.1311	42	25.8237
group_15034	1206	6194	5.1360	42	10.2138	21	10.2138
group_15035	372	20490	55.0806	143	112.7405	71	111.9522
group_3867	252	0	0.0000	0	0.0000	0	0.0000
group_4641	240	139	0.5792	1	1.2220	0	0.0000
group_7462	210	0	0.0000	0	0.0000	0	0.0000
group_15036	450	15175	33.7222	102	66.4775	51	66.4775
group_15037	186	0	0.0000	0	0.0000	0	0.0000
group_2045	117	0	0.0000	0	0.0000	0	0.0000
group_12443	162	0	0.0000	0	0.0000	0	0.0000
group_8098	360	0	0.0000	0	0.0000	0	0.0000
group_1636	123	0	0.0000	0	0.0000	0	0.0000
group_2393	105	0	0.0000	0	0.0000	0	0.0000
group_13597	1275	0	0.0000	0	0.0000	0	0.0000
group_6634	381	1184	3.1076	9	6.9279	4	6.1582
group_12689	159	0	0.0000	0	0.0000	0	0.0000
group_14069	144	0	0.0000	0	0.0000	0	0.0000
group_3169	2493	11305	4.5347	75	8.8232	37	8.7056
group_3664	2283	10196	4.4661	68	8.7355	34	8.7355
group_2842	744	3473	4.6680	23	9.0665	11	8.6724
group_1703	777	446	0.5740	3	1.1324	1	0.7549
group_10423	882	0	0.0000	0	0.0000	0	0.0000
group_12938	156	0	0.0000	0	0.0000	0	0.0000
group_2046	117	0	0.0000	0	0.0000	0	0.0000
group_12184	150	0	0.0000	0	0.0000	0	0.0000
group_5571	657	265	0.4033	2	0.8928	1	0.8928
group_4712	1041	722	0.6936	5	1.4087	2	1.1269
group_12724	1311	0	0.0000	0	0.0000	0	0.0000
group_7677	939	0	0.0000	0	0.0000	0	0.0000
group_6402	978	0	0.0000	0	0.0000	0	0.0000
group_13791	147	0	0.0000	0	0.0000	0	0.0000
group_7515	612	0	0.0000	0	0.0000	0	0.0000
group_12448	162	0	0.0000	0	0.0000	0	0.0000
group_2761	459	720	1.5686	6	3.8338	3	3.8338
group_5996	225	0	0.0000	0	0.0000	0	0.0000
group_4481	417	0	0.0000	0	0.0000	0	0.0000
group_1030	285	0	0.0000	0	0.0000	0	0.0000
group_14070	144	220	1.5278	4	8.1468	2	8.1468
group_11098	177	270	1.5254	3	4.9709	1	3.3139
group_15039	1665	0	0.0000	0	0.0000	0	0.0000
group_15038	432	0	0.0000	0	0.0000	0	0.0000
group_1064	4074	906	0.2224	6	0.4319	3	0.4319
group_12864	528	0	0.0000	0	0.0000	0	0.0000
group_4051	249	355	1.4257	4	4.7114	2	4.7114
group_15040	129	0	0.0000	0	0.0000	0	0.0000
lPA3	744	21810	29.3145	148	58.3413	74	58.3413
group_12186	165	0	0.0000	0	0.0000	0	0.0000
group_4301	1062	0	0.0000	0	0.0000	0	0.0000
group_5415	231	0	0.0000	0	0.0000	0	0.0000
group_13511	150	150	1.0000	1	1.9552	0	0.0000
group_15043	390	409	1.0487	5	3.7600	2	3.0080
group_2458	102	0	0.0000	0	0.0000	0	0.0000
group_13034	525	8279	15.7695	58	32.4008	29	32.4008
group_2670	93	0	0.0000	0	0.0000	0	0.0000
group_12943	306	604	1.9739	4	3.8338	2	3.8338
group_5069	1023	0	0.0000	0	0.0000	0	0.0000
group_14071	144	0	0.0000	0	0.0000	0	0.0000
group_3638	255	0	0.0000	0	0.0000	0	0.0000
group_7664	609	0	0.0000	0	0.0000	0	0.0000
group_12942	156	0	0.0000	0	0.0000	0	0.0000
group_4133	1074	0	0.0000	0	0.0000	0	0.0000
group_9853	189	0	0.0000	0	0.0000	0	0.0000
group_5318	663	0	0.0000	0	0.0000	0	0.0000
group_5686	228	296	1.2982	3	3.8590	1	2.5727
group_5687	228	0	0.0000	0	0.0000	0	0.0000
group_6281	222	0	0.0000	0	0.0000	0	0.0000
group_11395	324	0	0.0000	0	0.0000	0	0.0000
group_5416	231	498	2.1558	4	5.0785	2	5.0785
group_13795	147	0	0.0000	0	0.0000	0	0.0000
group_9193	195	0	0.0000	0	0.0000	0	0.0000
group_2235	765	0	0.0000	0	0.0000	0	0.0000
group_15064	276	302	1.0942	2	2.1252	1	2.1252
group_15050	603	0	0.0000	0	0.0000	0	0.0000
group_15056	1068	299	0.2800	2	0.5492	1	0.5492
group_15046	570	0	0.0000	0	0.0000	0	0.0000
group_15055	459	0	0.0000	0	0.0000	0	0.0000
group_15052	366	0	0.0000	0	0.0000	0	0.0000
group_9194	585	0	0.0000	0	0.0000	0	0.0000
group_1945	120	234	1.9500	2	4.8881	1	4.8881
group_8922	588	0	0.0000	0	0.0000	0	0.0000
group_2671	93	0	0.0000	0	0.0000	0	0.0000
group_3279	1125	0	0.0000	0	0.0000	0	0.0000
group_1635	123	0	0.0000	0	0.0000	0	0.0000
group_1341	126	173	1.3730	2	4.6553	1	4.6553
group_338	135	0	0.0000	0	0.0000	0	0.0000
group_4330	420	752	1.7905	5	3.4915	2	2.7932
group_12691	159	0	0.0000	0	0.0000	0	0.0000
group_10065	1437	302	0.2102	2	0.4082	1	0.4082
group_13514	150	0	0.0000	0	0.0000	0	0.0000
group_12447	162	0	0.0000	0	0.0000	0	0.0000
group_339	135	0	0.0000	0	0.0000	0	0.0000
group_2578	753	3785	5.0266	27	10.5161	13	10.1266
group_1342	126	252	2.0000	2	4.6553	1	4.6553
group_8463	201	0	0.0000	0	0.0000	0	0.0000
group_13798	147	367	2.4966	3	5.9854	1	3.9902
group_8464	201	125	0.6219	1	1.4591	0	0.0000
group_5711	396	0	0.0000	0	0.0000	0	0.0000
group_11099	177	0	0.0000	0	0.0000	0	0.0000
group_8835	198	8073	40.7727	62	91.8361	31	91.8361
group_13883	297	151	0.5084	1	0.9875	0	0.0000
group_650	132	0	0.0000	0	0.0000	0	0.0000
group_11396	324	3262	10.0679	22	19.9143	11	19.9143
group_5418	231	0	0.0000	0	0.0000	0	0.0000
group_2673	93	186	2.0000	2	6.3072	1	6.3072
group_2067	1188	2221	1.8695	16	3.9499	8	3.9499
group_434	495	0	0.0000	0	0.0000	0	0.0000
group_15068	273	714	2.6154	6	6.4458	3	6.4458
group_15069	747	20141	26.9625	138	54.1808	69	54.1808
group_15070	141	340	2.4113	4	8.3201	2	8.3201
group_15071	93	0	0.0000	0	0.0000	0	0.0000
group_15073	468	151	0.3226	1	0.6267	0	0.0000
group_15072	264	1210	4.5833	9	9.9983	4	8.8874
group_15074	120	0	0.0000	0	0.0000	0	0.0000
group_15075	273	297	1.0879	2	2.1486	1	2.1486
group_15076	159	695	4.3711	6	11.0673	3	11.0673
group_15079	108	0	0.0000	0	0.0000	0	0.0000
group_15077	501	40920	81.6766	272	159.2275	136	159.2276
group_15078	522	7516	14.3985	50	28.0922	25	28.0923
group_15080	192	0	0.0000	0	0.0000	0	0.0000
group_4447	1053	48643	46.1947	331	92.1906	165	91.9121
group_15081	99	0	0.0000	0	0.0000	0	0.0000
group_7771	207	0	0.0000	0	0.0000	0	0.0000
group_3542	441	39899	90.4739	273	181.5562	136	180.8912
group_8382	357	151	0.4230	1	0.8215	0	0.0000
group_4262	300	7025	23.4167	50	48.8805	25	48.8805
group_5012	1026	6128	5.9727	42	12.0057	21	12.0057
group_12961	879	1900	2.1615	13	4.3375	6	4.0039
group_4263	849	18050	21.2603	124	42.8352	62	42.8352
group_10733	333	1561	4.6877	11	9.6880	5	8.8073
group_7886	933	2790	2.9904	20	6.2869	10	6.2869
group_6576	219	379	1.7306	3	4.0176	1	2.6784
group_13232	153	92	0.6013	2	3.8338	1	3.8338
group_15082	846	164156	194.0378	1107	383.7640	553	383.4175
group_15083	270	0	0.0000	0	0.0000	0	0.0000
group_12947	156	339	2.1731	3	5.6401	1	3.7600
group_15084	255	0	0.0000	0	0.0000	0	0.0000
group_15085	366	9323	25.4727	65	52.0858	32	51.2845
group_15086	708	29927	42.2698	200	82.8483	100	82.8484
group_15087	192	823	4.2865	8	12.2201	4	12.2201
group_2588	270	524	1.9407	4	4.3449	2	4.3449
dnaA	702	20439	29.1154	136	56.8184	68	56.8184
group_4883	237	5029	21.2194	35	43.3118	17	42.0744
group_12868	528	5980	11.3258	40	22.2184	20	22.2184
group_9863	189	365	1.9312	3	4.6553	1	3.1035
group_3640	255	1812	7.1059	12	13.8016	6	13.8016
group_15089	561	151	0.2692	1	0.5228	0	0.0000
group_15088	600	151	0.2517	1	0.4888	0	0.0000
group_13176	1290	728	0.5643	6	1.3641	3	1.3641
group_11170	867	0	0.0000	0	0.0000	0	0.0000
group_6477	978	3417	3.4939	23	6.8973	11	6.5974
group_2048	117	0	0.0000	0	0.0000	0	0.0000
group_15090	201	301	1.4975	2	2.9182	1	2.9182
group_15092	192	453	2.3594	3	4.5825	1	3.0550
group_15091	270	0	0.0000	0	0.0000	0	0.0000
group_4054	249	0	0.0000	0	0.0000	0	0.0000
group_7376	369	604	1.6369	4	3.1792	2	3.1792
group_8342	924	906	0.9805	6	1.9044	3	1.9044
group_11171	867	1208	1.3933	8	2.7062	4	2.7062
group_15093	363	755	2.0799	5	4.0397	2	3.2318
group_13295	819	33162	40.4908	224	80.2142	112	80.2142
group_6007	123	0	0.0000	0	0.0000	0	0.0000
group_15094	894	220642	246.8031	1495	490.4454	747	490.1175
group_15095	240	1856	7.7333	14	17.1082	7	17.1082
group_4389	243	0	0.0000	0	0.0000	0	0.0000
group_15096	195	558	2.8615	4	6.0161	2	6.0161
group_15097	309	2094	6.7767	15	14.2370	7	13.2879
group_15098	213	699	3.2817	5	6.8846	2	5.5077
group_4648	240	151	0.6292	1	1.2220	0	0.0000
group_15099	228	260	1.1404	2	2.5727	1	2.5727
group_15100	882	755	0.8560	5	1.6626	2	1.3301
group_15114	801	0	0.0000	0	0.0000	0	0.0000
group_15107	1197	0	0.0000	0	0.0000	0	0.0000
group_15105	480	0	0.0000	0	0.0000	0	0.0000
group_15103	396	0	0.0000	0	0.0000	0	0.0000
group_15116	126	1081	8.5794	10	23.2764	5	23.2764
group_15106	1203	472099	392.4347	3228	786.9641	1614	786.9643
group_15112	552	0	0.0000	0	0.0000	0	0.0000
group_15101	759	792	1.0435	4	1.5456	2	1.5456
group_15118	276	402	1.4565	4	4.2505	2	4.2505
group_7802	363	225	0.6198	3	2.4238	1	1.6159
group_15119	999	1194	1.1952	8	2.3486	4	2.3486
group_15120	108	535	4.9537	6	16.2935	3	16.2935
group_5572	657	1011	1.5388	7	3.1248	3	2.6784
group_11334	174	526	3.0230	4	6.7421	2	6.7421
group_8532	1515	812	0.5360	4	0.7743	2	0.7743
group_4289	624	2682	4.2981	19	8.9301	9	8.4601
group_4299	2082	2096	1.0067	14	1.9721	7	1.9721
group_11104	177	751	4.2429	6	9.9418	3	9.9418
group_15122	1080	3740	3.4630	25	6.7890	12	6.5174
group_15121	396	3747	9.4621	31	22.9590	15	22.2184
group_3476	723	598	0.8271	4	1.6226	2	1.6226
group_15124	93	0	0.0000	0	0.0000	0	0.0000
katG	2175	9339	4.2938	63	8.4951	31	8.3603
group_15126	207	3592	17.3527	24	34.0038	12	34.0038
group_15125	435	17552	40.3494	119	80.2315	59	79.5573
group_4293	1170	17566	15.0137	118	29.5790	59	29.5790
group_15127	99	148	1.4949	2	5.9249	1	5.9249
group_2599	96	184	1.9167	2	6.1101	1	6.1101
group_2357	1176	9790	8.3248	67	16.7092	33	16.4598
group_2642	462	3694	7.9957	25	15.8703	12	15.2355
group_15128	582	0	0.0000	0	0.0000	0	0.0000
group_15135	525	979	1.8648	7	3.9104	3	3.3518
group_15133	549	453	0.8251	3	1.6026	1	1.0684
group_15136	690	453	0.6565	3	1.2751	1	0.8501
group_15137	699	9412	13.4649	66	27.6920	33	27.6920
group_15138	450	2114	4.6978	14	9.1244	7	9.1244
group_7647	1569	217	0.1383	2	0.3738	1	0.3738
group_4305	831	4310	5.1865	29	10.2349	14	9.8820
group_7470	210	0	0.0000	0	0.0000	0	0.0000
group_11237	555	387803	698.7441	2685	1418.8560	1342	1418.3280
group_6057	990	0	0.0000	0	0.0000	0	0.0000
group_10706	1407	1356	0.9638	9	1.8760	4	1.6676
group_7590	366	315	0.8607	3	2.4040	1	1.6026
group_4310	783	162647	207.7229	1096	410.5214	548	410.5215
group_9196	195	151	0.7744	1	1.5040	0	0.0000
group_8144	204	0	0.0000	0	0.0000	0	0.0000
group_15141	996	1182	1.1867	8	2.3557	4	2.3557
group_15142	456	0	0.0000	0	0.0000	0	0.0000
group_15145	468	0	0.0000	0	0.0000	0	0.0000
group_15143	969	0	0.0000	0	0.0000	0	0.0000
group_15146	171	0	0.0000	0	0.0000	0	0.0000
group_15147	1194	126920	106.2982	860	211.2424	430	211.2425
group_15149	894	14419	16.1286	102	33.4618	51	33.4618
group_15148	894	33234	37.1745	223	73.1567	111	72.8287
group_15154	786	151	0.1921	1	0.3731	0	0.0000
group_94	9939	12494	1.2571	84	2.4787	42	2.4787
group_15155	66	0	0.0000	0	0.0000	0	0.0000
group_15156	138	0	0.0000	0	0.0000	0	0.0000
group_15158	1536	27547	17.9342	183	34.9419	91	34.7510
group_15157	774	27116	35.0336	187	70.8578	93	70.4789
group_15159	264	2738	10.3712	19	21.1075	9	19.9966
group_15160	300	2164	7.2133	18	17.5970	9	17.5970
group_15161	585	10167	17.3795	69	34.5924	34	34.0910
group_15162	321	24990	77.8505	171	156.2349	85	155.3213
group_15164	459	28681	62.4858	194	123.9584	97	123.9585
group_12037	846	76372	90.2742	513	177.8419	256	177.4953
group_3171	732	604	0.8251	4	1.6026	2	1.6026
group_15165	1983	5237	2.6409	36	5.3244	18	5.3244
group_15166	783	151	0.1928	1	0.3746	0	0.0000
group_15167	138	146	1.0580	2	4.2505	1	4.2505
group_15168	372	1737	4.6694	12	9.4607	6	9.4607
group_15169	363	0	0.0000	0	0.0000	0	0.0000
group_15171	390	19909	51.0487	137	103.0251	68	102.2731
group_7011	1626	906	0.5572	6	1.0822	3	1.0822
group_15172	273	0	0.0000	0	0.0000	0	0.0000
group_15173	243	997	4.1029	8	9.6554	4	9.6554
group_15174	810	142	0.1753	1	0.3621	0	0.0000
group_15175	708	151	0.2133	1	0.4142	0	0.0000
group_15176	96	0	0.0000	0	0.0000	0	0.0000
group_2245	111	0	0.0000	0	0.0000	0	0.0000
group_15177	138	1094	7.9275	10	21.2524	5	21.2524
group_12709	831	302	0.3634	2	0.7059	1	0.7059
group_7413	945	0	0.0000	0	0.0000	0	0.0000
group_10196	186	466	2.5054	5	7.8840	2	6.3072
group_4195	696	2697	3.8750	18	7.5849	9	7.5849
group_2799	459	3009	6.5556	20	12.7792	10	12.7792
group_15178	363	1216	3.3499	8	6.4635	4	6.4635
group_15180	105	0	0.0000	0	0.0000	0	0.0000
group_15179	207	302	1.4589	2	2.8337	1	2.8337
group_15191	624	151	0.2420	1	0.4700	0	0.0000
group_15185	411	27180	66.1314	194	138.4353	97	138.4354
group_15183	1296	142820	110.2006	964	218.1519	482	218.1520
group_15186	300	811	2.7033	8	7.8209	4	7.8209
group_15182	393	180	0.4580	2	1.4925	1	1.4925
group_15184	261	132	0.5057	1	1.1237	0	0.0000
group_15187	1071	5386	5.0289	36	9.8583	18	9.8583
group_15190	1143	151	0.1321	1	0.2566	0	0.0000
group_15188	927	0	0.0000	0	0.0000	0	0.0000
group_15181	327	0	0.0000	0	0.0000	0	0.0000
group_15189	432	0	0.0000	0	0.0000	0	0.0000
group_8844	198	143	0.7222	1	1.4812	0	0.0000
group_15192	996	91684	92.0522	628	184.9215	314	184.9215
group_15193	288	0	0.0000	0	0.0000	0	0.0000
group_15195	192	0	0.0000	0	0.0000	0	0.0000
group_15196	276	438	1.5870	4	4.2505	2	4.2505
group_15197	243	1466	6.0329	10	12.0693	5	12.0693
group_15194	195	216	1.1077	3	4.5120	1	3.0080
group_11633	172	296	1.7209	2	3.4103	1	3.4103
group_15199	321	398	1.2399	3	2.7410	1	1.8273
group_15198	363	151	0.4160	1	0.8079	0	0.0000
group_15202	714	1022	1.4314	8	3.2861	4	3.2861
group_15201	291	302	1.0378	2	2.0157	1	2.0157
group_15204	1287	22016	17.1064	146	33.2707	73	33.2707
group_15206	372	199613	536.5941	1348	1062.7570	674	1062.7573
group_15207	231	1158	5.0130	12	15.2355	6	15.2355
group_2263	5409	19672	3.6369	131	7.1030	65	7.0488
group_108	9651	23963	2.4830	159	4.8318	79	4.8014
group_7789	606	151	0.2492	1	0.4840	0	0.0000
group_15208	957	73752	77.0658	493	151.0852	246	150.7788
group_15209	960	58835	61.2865	402	122.8123	201	122.8123
avd	354	1354	3.8249	10	8.2848	5	8.2848
group_5688	654	0	0.0000	0	0.0000	0	0.0000
group_4856	675	17012	25.2030	118	51.2702	59	51.2702
group_15210	219	2221	10.1416	15	20.0879	7	18.7487
group_15211	168	0	0.0000	0	0.0000	0	0.0000
group_15212	225	302	1.3422	2	2.6070	1	2.6070
group_5532	399	151	0.3784	1	0.7350	0	0.0000
group_15213	762	48212	63.2703	327	125.8577	163	125.4729
group_15214	681	25990	38.1645	171	73.6438	85	73.2131
group_14614	273	151	0.5531	1	1.0743	0	0.0000
group_15215	594	376	0.6330	4	1.9750	2	1.9750
group_12952	156	178	1.1410	2	3.7600	1	3.7600
group_15216	438	1484	3.3881	9	6.0264	4	5.3568
group_15217	687	21365	31.0990	145	61.9011	72	61.4742
group_7591	366	10434	28.5082	70	56.0924	35	56.0924
group_15218	345	0	0.0000	0	0.0000	0	0.0000
group_4390	243	0	0.0000	0	0.0000	0	0.0000
group_12954	156	293	1.8782	2	3.7600	1	3.7600
group_15219	300	151	0.5033	1	0.9776	0	0.0000
group_15220	147	0	0.0000	0	0.0000	0	0.0000
group_14072	144	0	0.0000	0	0.0000	0	0.0000
group_15221	1743	2848	1.6340	19	3.1970	9	3.0287
group_15222	198	3543	17.8939	24	35.5495	12	35.5495
group_15223	828	9287	11.2162	66	23.3776	33	23.3776
group_15224	1413	104315	73.8252	705	146.3302	352	146.1227
group_4058	250	13267	53.0680	103	120.8326	51	119.6595
group_11339	174	1807	10.3851	15	25.2830	7	23.5975
group_5540	1005	5624	5.5960	38	11.0893	19	11.0893
group_4228	2109	13838	6.5614	93	12.9328	46	12.7938
group_2460	102	0	0.0000	0	0.0000	0	0.0000
group_13179	1290	6993	5.4209	47	10.6855	23	10.4582
group_9381	903	6069	6.7209	41	13.3163	20	12.9915
group_343	135	195	1.4444	2	4.3449	1	4.3449
group_8873	915	10625	11.6120	73	23.3985	36	23.0780
group_425	5631	92163	16.3671	615	32.0314	307	31.9794
group_12333	1329	21048	15.8375	141	31.1158	70	30.8951
group_11929	318	0	0.0000	0	0.0000	0	0.0000
group_9288	348	299	0.8592	2	1.6855	1	1.6855
group_2603	96	473	4.9271	6	18.3302	3	18.3302
group_3896	600	13491	22.4850	94	45.9477	47	45.9477
group_13236	153	1458	9.5294	11	21.0857	5	19.1688
group_15225	237	267	1.1266	4	4.9499	2	4.9499
group_15226	153	146	0.9542	1	1.9169	0	0.0000
group_15227	204	0	0.0000	0	0.0000	0	0.0000
group_11762	546	25695	47.0604	184	98.8353	92	98.8354
group_15228	252	2568	10.1905	21	24.4403	10	23.2764
group_15229	111	0	0.0000	0	0.0000	0	0.0000
group_3602	2310	7330	3.1732	49	6.2212	24	6.0942
group_11409	552	6678	12.0978	46	24.4403	23	24.4403
group_15230	4812	118831	24.6947	776	47.2959	388	47.2959
group_15232	165	0	0.0000	0	0.0000	0	0.0000
group_2136	474	4622	9.7511	33	20.4184	16	19.7997
group_15233	174	0	0.0000	0	0.0000	0	0.0000
group_10046	573	1529	2.6684	11	5.6302	5	5.1184
group_15234	237	2962	12.4979	23	28.4621	11	27.2246
group_2269	471	3866	8.2081	28	17.4351	14	17.4351
group_12451	163	311	1.9080	4	7.1971	2	7.1971
group_4036	702	12797	18.2293	89	37.1826	44	36.7648
group_4357	3579	10231	2.8586	68	5.5723	34	5.5723
group_8977	912	2266	2.4846	16	5.1453	8	5.1453
group_4876	1932	5730	2.9658	40	6.0721	20	6.0721
group_841	4392	2791	0.6355	19	1.2688	9	1.2020
group_10430	882	0	0.0000	0	0.0000	0	0.0000
group_8521	921	2993	3.2497	20	6.3688	10	6.3688
group_3148	450	453	1.0067	3	1.9552	1	1.3035
group_2070	1188	0	0.0000	0	0.0000	0	0.0000
group_9417	582	0	0.0000	0	0.0000	0	0.0000
group_2972	264	3752	14.2121	28	31.1058	14	31.1058
group_14334	141	1107	7.8511	9	18.7202	4	16.6402
group_52	138	792	5.7391	8	17.0019	4	17.0019
group_11342	174	768	4.4138	6	10.1132	3	10.1132
group_13238	153	212	1.3856	2	3.8338	1	3.8338
group_7167	213	419	1.9671	4	5.5077	2	5.5077
group_4891	237	899	3.7932	6	7.4249	3	7.4249
group_6637	381	302	0.7927	2	1.5395	1	1.5395
group_13125	1293	121337	93.8415	810	183.7272	405	183.7273
group_2246	111	0	0.0000	0	0.0000	0	0.0000
group_10840	180	0	0.0000	0	0.0000	0	0.0000
group_15236	168	4045	24.0774	28	48.8805	14	48.8805
group_15238	123	0	0.0000	0	0.0000	0	0.0000
group_15239	342	0	0.0000	0	0.0000	0	0.0000
group_15240	282	0	0.0000	0	0.0000	0	0.0000
group_15241	108	0	0.0000	0	0.0000	0	0.0000
group_9254	906	21251	23.4558	148	47.9094	74	47.9094
group_13228	303	151	0.4983	1	0.9679	0	0.0000
group_2580	753	2070	2.7490	14	5.4528	7	5.4528
group_2726	90	602	6.6889	8	26.0696	4	26.0696
group_15244	1887	5854	3.1023	40	6.2169	20	6.2169
group_15242	1599	13948	8.7230	96	17.6080	48	17.6080
group_2645	462	629	1.3615	5	3.1741	2	2.5392
group_12189	165	0	0.0000	0	0.0000	0	0.0000
group_3800	711	690	0.9705	6	2.4750	3	2.4750
group_4934	408	0	0.0000	0	0.0000	0	0.0000
group_54	138	0	0.0000	0	0.0000	0	0.0000
group_4890	237	3837	16.1899	27	33.4120	13	32.1745
group_11637	171	0	0.0000	0	0.0000	0	0.0000
group_15245	417	0	0.0000	0	0.0000	0	0.0000
group_12297	537	16244	30.2495	110	60.0766	55	60.0766
group_2403	273	8254	30.2344	57	61.2349	28	60.1607
group_6225	642	49542	77.1682	346	158.0622	173	158.0623
group_7082	621	21038	33.8776	143	67.5354	71	67.0631
group_10205	186	2362	12.6989	16	25.2287	8	25.2287
group_11180	327	5199	15.8991	35	31.3912	17	30.4943
group_15246	2781	62333	22.4139	341	35.9617	170	35.8563
group_15247	303	2599	8.5776	18	17.4228	9	17.4228
group_15248	2874	40912	14.2352	259	26.4302	129	26.3281
group_13530	1278	8280	6.4789	57	13.0807	28	12.8512
group_15250	1863	139681	74.9764	901	141.8401	450	141.6827
group_15251	198	7634	38.5556	58	85.9112	29	85.9112
group_15249	183	3907	21.3497	29	46.4766	14	44.8739
group_15252	1986	133627	67.2845	892	131.7263	446	131.7264
group_2792	267	3947	14.7828	29	31.8547	14	30.7563
group_15254	687	0	0.0000	0	0.0000	0	0.0000
group_15255	591	18405	31.1421	130	64.5124	65	64.5124
group_15256	1212	10664	8.7987	76	18.3907	38	18.3907
group_15257	1914	79781	41.6829	558	85.5026	279	85.5026
group_15258	2016	148847	73.8328	989	143.8775	494	143.7320
group_7527	612	9342	15.2647	66	31.6286	33	31.6286
group_15261	189	0	0.0000	0	0.0000	0	0.0000
group_6037	123	0	0.0000	0	0.0000	0	0.0000
group_15262	642	112653	175.4720	852	389.2168	426	389.2169
group_15264	765	56023	73.2327	376	144.1496	188	144.1496
group_15263	927	39956	43.1025	265	83.8404	132	83.5240
group_15265	945	95162	100.7005	696	216.0053	348	216.0054
group_13806	147	0	0.0000	0	0.0000	0	0.0000
group_15266	213	25990	122.0188	177	243.7141	88	242.3373
group_15267	969	52590	54.2724	354	107.1437	177	107.1437
group_15268	138	463	3.3551	4	8.5010	2	8.5010
group_15270	678	1397	2.0605	10	4.3257	5	4.3257
group_7779	207	6091	29.4251	43	60.9235	21	59.5067
group_15271	1137	55492	48.8056	339	87.4432	169	87.1853
group_15272	1059	71767	67.7686	471	130.4404	235	130.1634
group_15273	714	87441	122.4664	611	250.9747	305	250.5641
group_4654	240	10402	43.3417	72	87.9849	36	87.9850
group_15274	675	107005	158.5259	744	323.2631	372	323.2632
group_15275	873	67818	77.6838	477	160.2475	238	159.9116
group_15276	447	39954	89.3826	282	185.0242	141	185.0243
group_15277	570	9917	17.3982	71	36.5318	35	36.0172
group_1020	129	1266	9.8140	14	31.8292	7	31.8292
group_6006	1746	1578	0.9038	11	1.8477	5	1.6797
group_8469	201	520	2.5871	4	5.8365	2	5.8365
group_6989	375	218	0.5813	2	1.5642	1	1.5642
group_2839	1149	1208	1.0513	8	2.0420	4	2.0420
group_2675	93	0	0.0000	0	0.0000	0	0.0000
group_15278	160	172	1.0750	2	3.6660	1	3.6660
group_10741	333	0	0.0000	0	0.0000	0	0.0000
group_9204	195	1782	9.1385	14	21.0562	7	21.0562
group_4892	237	0	0.0000	0	0.0000	0	0.0000
group_439	495	0	0.0000	0	0.0000	0	0.0000
group_5698	282	0	0.0000	0	0.0000	0	0.0000
group_4224	246	3843	15.6220	28	33.3818	14	33.3818
group_12698	159	0	0.0000	0	0.0000	0	0.0000
group_10843	180	360	2.0000	4	6.5174	2	6.5174
group_7793	606	1040	1.7162	7	3.3878	3	2.9038
group_2581	753	1658	2.2019	11	4.2843	5	3.8949
group_5072	1023	2053	2.0068	14	4.0136	7	4.0137
group_9872	189	0	0.0000	0	0.0000	0	0.0000
group_3576	288	753	2.6146	6	6.1101	3	6.1101
group_3951	1086	2709	2.4945	18	4.8610	9	4.8610
group_2149	116	0	0.0000	0	0.0000	0	0.0000
group_13808	147	0	0.0000	0	0.0000	0	0.0000
group_1057	489	0	0.0000	0	0.0000	0	0.0000
group_2540	99	0	0.0000	0	0.0000	0	0.0000
group_13763	810	9501	11.7296	64	23.1730	32	23.1730
group_661	132	0	0.0000	0	0.0000	0	0.0000
group_3408	444	302	0.6802	2	1.3211	1	1.3211
group_1946	3453	0	0.0000	0	0.0000	0	0.0000
group_2004	1191	0	0.0000	0	0.0000	0	0.0000
group_5959	993	0	0.0000	0	0.0000	0	0.0000
group_8857	198	0	0.0000	0	0.0000	0	0.0000
group_10742	333	292	0.8769	2	1.7615	1	1.7615
group_1952	120	90	0.7500	2	4.8881	1	4.8881
group_11343	174	0	0.0000	0	0.0000	0	0.0000
group_2595	270	0	0.0000	0	0.0000	0	0.0000
group_11683	321	0	0.0000	0	0.0000	0	0.0000
group_9624	1461	3907	2.6742	26	5.2193	13	5.2193
group_807	786	0	0.0000	0	0.0000	0	0.0000
group_11905	849	0	0.0000	0	0.0000	0	0.0000
group_3409	444	0	0.0000	0	0.0000	0	0.0000
group_3879	252	2914	11.5635	21	24.4403	10	23.2764
group_3878	252	151	0.5992	1	1.1638	0	0.0000
group_13812	1266	302	0.2385	2	0.4633	1	0.4633
group_5700	228	0	0.0000	0	0.0000	0	0.0000
group_15279	828	0	0.0000	0	0.0000	0	0.0000
group_6454	636	0	0.0000	0	0.0000	0	0.0000
group_4429	2046	0	0.0000	0	0.0000	0	0.0000
panD	480	0	0.0000	0	0.0000	0	0.0000
group_12085	1338	0	0.0000	0	0.0000	0	0.0000
group_1375	486	0	0.0000	0	0.0000	0	0.0000
group_13564	300	252	0.8400	2	1.9552	1	1.9552
group_4060	249	2096	8.4177	14	16.4898	7	16.4898
group_15281	1215	64962	53.4667	437	105.4854	218	105.2440
group_15282	963	68421	71.0498	485	147.7075	242	147.4030
group_15280	1032	37985	36.8072	255	72.4682	127	72.1840
group_118	291	0	0.0000	0	0.0000	0	0.0000
group_10210	186	2041	10.9731	22	34.6894	11	34.6894
group_10150	339	1547	4.5634	12	10.3817	6	10.3817
group_2241	765	3997	5.2248	27	10.3512	13	9.9678
group_3544	441	17411	39.4807	124	82.4651	62	82.4651
group_7781	207	0	0.0000	0	0.0000	0	0.0000
group_7733	1560	0	0.0000	0	0.0000	0	0.0000
group_8859	198	0	0.0000	0	0.0000	0	0.0000
group_2541	99	0	0.0000	0	0.0000	0	0.0000
group_9521	345	535	1.5507	4	3.4004	2	3.4004
group_9874	189	0	0.0000	0	0.0000	0	0.0000
group_1359	126	0	0.0000	0	0.0000	0	0.0000
group_15288	438	0	0.0000	0	0.0000	0	0.0000
group_15292	1779	0	0.0000	0	0.0000	0	0.0000
group_15297	1752	0	0.0000	0	0.0000	0	0.0000
group_15283	276	0	0.0000	0	0.0000	0	0.0000
group_15291	3021	0	0.0000	0	0.0000	0	0.0000
group_15285	1032	0	0.0000	0	0.0000	0	0.0000
group_15286	1902	0	0.0000	0	0.0000	0	0.0000
group_15287	234	0	0.0000	0	0.0000	0	0.0000
group_15290	762	0	0.0000	0	0.0000	0	0.0000
group_15293	1218	0	0.0000	0	0.0000	0	0.0000
group_15298	1092	0	0.0000	0	0.0000	0	0.0000
group_15284	756	0	0.0000	0	0.0000	0	0.0000
group_15289	627	0	0.0000	0	0.0000	0	0.0000
group_15296	408	2148	5.2647	15	10.7825	7	10.0636
group_15294	156	0	0.0000	0	0.0000	0	0.0000
group_7173	213	0	0.0000	0	0.0000	0	0.0000
group_11913	168	166	0.9881	2	3.4915	1	3.4915
group_5639	1002	2288	2.2834	16	4.6832	8	4.6832
group_7174	213	365	1.7136	4	5.5077	2	5.5077
group_3646	255	3790	14.8627	29	33.3538	14	32.2036
group_3722	714	0	0.0000	0	0.0000	0	0.0000
group_6059	990	0	0.0000	0	0.0000	0	0.0000
group_12596	1317	0	0.0000	0	0.0000	0	0.0000
group_15299	135	0	0.0000	0	0.0000	0	0.0000
group_15304	3900	12515	3.2090	85	6.3921	42	6.3169
group_15303	861	1636	1.9001	11	3.7469	5	3.4063
group_8155	204	0	0.0000	0	0.0000	0	0.0000
group_6010	225	0	0.0000	0	0.0000	0	0.0000
group_9553	192	0	0.0000	0	0.0000	0	0.0000
group_10215	186	418	2.2473	4	6.3072	2	6.3072
group_11107	177	0	0.0000	0	0.0000	0	0.0000
group_11414	324	453	1.3981	3	2.7156	1	1.8104
group_4039	702	8051	11.4687	57	23.8136	28	23.3958
group_7179	213	0	0.0000	0	0.0000	0	0.0000
group_10968	561	0	0.0000	0	0.0000	0	0.0000
group_7671	609	0	0.0000	0	0.0000	0	0.0000
group_7782	207	0	0.0000	0	0.0000	0	0.0000
group_522	288	0	0.0000	0	0.0000	0	0.0000
group_6291	1707	3620	2.1207	24	4.1235	12	4.1235
group_2605	96	0	0.0000	0	0.0000	0	0.0000
group_4062	249	0	0.0000	0	0.0000	0	0.0000
group_1023	129	0	0.0000	0	0.0000	0	0.0000
group_136	1233	302	0.2449	2	0.4757	1	0.4757
group_5730	396	0	0.0000	0	0.0000	0	0.0000
group_11413	324	241	0.7438	2	1.8104	1	1.8104
group_4667	681	0	0.0000	0	0.0000	0	0.0000
group_15307	1116	604	0.5412	4	1.0512	2	1.0512
group_15306	2577	770	0.2988	5	0.5690	2	0.4552
group_11246	555	302	0.5441	2	1.0569	1	1.0569
group_13925	510	720	1.4118	5	2.8753	2	2.3003
group_10438	882	224	0.2540	2	0.6650	1	0.6650
group_11349	174	1092	6.2759	9	15.1698	4	13.4843
group_6346	639	3065	4.7966	22	10.0974	11	10.0974
group_15308	210	151	0.7190	1	1.3966	0	0.0000
group_8863	198	0	0.0000	0	0.0000	0	0.0000
group_15309	243	903	3.7160	6	7.2416	3	7.2416
group_15310	213	0	0.0000	0	0.0000	0	0.0000
group_15311	267	151	0.5655	1	1.0984	0	0.0000
group_6131	390	2742	7.0308	19	14.2882	9	13.5361
group_15312	741	42203	56.9541	287	113.5928	143	113.1970
group_15313	1662	19297	11.6107	129	22.7638	64	22.5874
group_15314	1740	26577	15.2741	176	29.6654	88	29.6654
group_15315	780	0	0.0000	0	0.0000	0	0.0000
group_15316	966	94279	97.5973	563	170.9300	281	170.6264
group_15317	288	13774	47.8264	101	102.8527	50	101.8344
group_15319	333	2260	6.7868	15	13.2109	7	12.3302
group_15318	243	2529	10.4074	18	21.7247	9	21.7247
group_15320	504	2964	5.8810	21	12.2201	10	11.6382
group_15321	3678	55339	15.0459	372	29.6632	186	29.6632
group_15322	204	1688	8.2745	12	17.2519	6	17.2520
group_15323	1248	453	0.3630	3	0.7050	1	0.4700
group_15324	747	11418	15.2851	78	30.6239	39	30.6239
group_3914	600	757	1.2617	5	2.4440	2	1.9552
group_15325	243	0	0.0000	0	0.0000	0	0.0000
group_15326	3936	21501	5.4627	124	9.2396	62	9.2396
group_15327	123	0	0.0000	0	0.0000	0	0.0000
group_15328	174	2960	17.0115	22	37.0818	11	37.0818
group_15329	354	906	2.5593	6	4.9709	3	4.9709
group_15330	138	130	0.9420	2	4.2505	1	4.2505
group_15331	1758	7659	4.3567	53	8.8419	26	8.6750
group_15332	1050	18599	17.7133	125	34.9147	62	34.6353
group_15333	381	302	0.7927	2	1.5395	1	1.5395
group_15334	732	19686	26.8934	132	52.8871	66	52.8871
group_15335	219	751	3.4292	6	8.0352	3	8.0352
group_15336	399	7936	19.8897	54	39.6924	27	39.6925
group_15337	711	6459	9.0844	46	18.9747	23	18.9747
group_15338	558	32350	57.9749	228	119.8361	114	119.8361
group_15339	2163	78705	36.3870	529	71.7276	264	71.5920
group_15340	123	0	0.0000	0	0.0000	0	0.0000
group_15341	282	0	0.0000	0	0.0000	0	0.0000
group_15342	414	2630	6.3527	18	12.7514	9	12.7514
group_15343	219	2110	9.6347	17	22.7663	8	21.4271
group_15344	450	17141	38.0911	121	78.8606	60	78.2088
group_15345	795	755	0.9497	5	1.8445	2	1.4756
group_15346	696	41007	58.9181	288	121.3585	144	121.3586
group_15347	2580	81241	31.4888	549	62.4079	274	62.2943
group_15348	249	8572	34.4257	58	68.3149	29	68.3150
group_15349	264	453	1.7159	3	3.3328	1	2.2218
group_15350	867	22519	25.9735	151	51.0793	75	50.7410
group_15351	1437	26572	18.4913	179	36.5328	89	36.3287
group_5172	234	0	0.0000	0	0.0000	0	0.0000
group_6766	966	0	0.0000	0	0.0000	0	0.0000
group_7184	213	0	0.0000	0	0.0000	0	0.0000
group_15352	381	2036	5.3438	14	10.7768	7	10.7768
group_15353	711	17102	24.0534	115	47.4368	57	47.0243
group_15354	138	0	0.0000	0	0.0000	0	0.0000
group_15355	552	588	1.0652	4	2.1252	2	2.1252
group_15356	1020	259	0.2539	3	0.8626	1	0.5751
group_15357	222	4610	20.7658	31	40.9539	15	39.6329
group_15358	591	15616	26.4230	104	51.6099	52	51.6099
group_15359	1896	66720	35.1899	446	68.9896	223	68.9896
group_15360	987	42057	42.6109	280	83.2009	140	83.2009
group_15361	240	3743	15.5958	30	36.6604	15	36.6604
group_1406	780	0	0.0000	0	0.0000	0	0.0000
group_15362	204	579	2.8382	5	7.1883	2	5.7507
group_6016	225	0	0.0000	0	0.0000	0	0.0000
group_2029	279	260	0.9319	2	2.1024	1	2.1024
group_8869	198	0	0.0000	0	0.0000	0	0.0000
group_15363	222	0	0.0000	0	0.0000	0	0.0000
group_13907	297	0	0.0000	0	0.0000	0	0.0000
group_15364	150	0	0.0000	0	0.0000	0	0.0000
group_15365	180	0	0.0000	0	0.0000	0	0.0000
group_15367	162	0	0.0000	0	0.0000	0	0.0000
group_15366	207	0	0.0000	0	0.0000	0	0.0000
group_15368	891	0	0.0000	0	0.0000	0	0.0000
group_2251	111	420	3.7838	4	10.5688	2	10.5688
group_15369	138	272	1.9710	2	4.2505	1	4.2505
group_3883	252	226	0.8968	2	2.3276	1	2.3276
group_15370	183	0	0.0000	0	0.0000	0	0.0000
group_15371	165	0	0.0000	0	0.0000	0	0.0000
group_15372	384	0	0.0000	0	0.0000	0	0.0000
group_15373	198	0	0.0000	0	0.0000	0	0.0000
group_15374	189	268	1.4180	2	3.1035	1	3.1035
group_2358	1176	6781	5.7662	46	11.4720	23	11.4720
group_14095	144	0	0.0000	0	0.0000	0	0.0000
group_15375	558	0	0.0000	0	0.0000	0	0.0000
group_12457	162	0	0.0000	0	0.0000	0	0.0000
group_15376	450	0	0.0000	0	0.0000	0	0.0000
group_15377	957	0	0.0000	0	0.0000	0	0.0000
group_15378	93	0	0.0000	0	0.0000	0	0.0000
group_15379	546	0	0.0000	0	0.0000	0	0.0000
group_5709	228	0	0.0000	0	0.0000	0	0.0000
group_15380	309	7910	25.5987	53	50.3042	26	49.3551
group_15381	174	149	0.8563	1	1.6855	0	0.0000
group_15382	216	1702	7.8796	14	19.0091	7	19.0091
group_15383	402	281	0.6990	2	1.4591	1	1.4591
group_15385	351	151	0.4302	1	0.8356	0	0.0000
group_15384	903	1587	1.7575	11	3.5727	5	3.2479
group_4227	246	195	0.7927	2	2.3844	1	2.3844
group_2415	1173	0	0.0000	0	0.0000	0	0.0000
group_6483	384	0	0.0000	0	0.0000	0	0.0000
group_8355	924	0	0.0000	0	0.0000	0	0.0000
group_15386	708	0	0.0000	0	0.0000	0	0.0000
group_15387	252	0	0.0000	0	0.0000	0	0.0000
group_15388	213	0	0.0000	0	0.0000	0	0.0000
group_15389	1230	0	0.0000	0	0.0000	0	0.0000
group_15390	288	843	2.9271	6	6.1101	3	6.1101
group_15391	1047	0	0.0000	0	0.0000	0	0.0000
group_9559	192	0	0.0000	0	0.0000	0	0.0000
group_15392	660	0	0.0000	0	0.0000	0	0.0000
group_15393	132	0	0.0000	0	0.0000	0	0.0000
group_15060	429	707	1.6480	6	4.1019	3	4.1019
group_15394	273	493	1.8059	2	2.1486	1	2.1486
group_15395	1338	0	0.0000	0	0.0000	0	0.0000
group_12178	315	281	0.8921	2	1.8621	1	1.8621
group_15396	315	396	1.2571	3	2.7932	1	1.8621
group_15397	1485	53876	36.2801	366	72.2839	183	72.2839
group_15400	366	1963	5.3634	13	10.4172	6	9.6158
group_15399	321	9220	28.7227	69	63.0422	34	62.1285
group_15401	597	0	0.0000	0	0.0000	0	0.0000
group_5710	228	4615	20.2412	33	42.4489	16	41.1626
group_6852	963	35366	36.7248	244	74.3106	122	74.3106
group_5690	1794	61024	34.0156	410	67.0268	205	67.0268
group_12838	1305	43963	33.6881	300	67.4214	150	67.4214
group_5982	1749	108108	61.8113	741	124.2554	370	124.0878
group_13540	150	4546	30.3067	41	80.1640	20	78.2088
group_6297	981	57872	58.9929	398	118.9874	199	118.9875
group_4120	699	39473	56.4707	274	114.9636	137	114.9636
group_10550	183	149	0.8142	1	1.6026	0	0.0000
group_6489	384	1672	4.3542	12	9.1651	6	9.1651
group_10851	180	1687	9.3722	13	21.1816	6	19.5522
group_2969	738	41084	55.6694	285	113.2597	142	112.8624
group_4546	684	31585	46.1769	213	91.3294	106	90.9006
group_3785	435	18060	41.5172	128	86.2994	64	86.2994
group_12458	162	810	5.0000	7	12.6727	3	10.8623
group_15403	480	14337	29.8688	95	58.0456	47	57.4346
group_15402	231	7173	31.0519	53	67.2901	26	66.0205
group_12198	165	381	2.3091	3	5.3324	1	3.5549
group_12963	156	1072	6.8718	10	18.8002	5	18.8002
group_2389	468	25385	54.2415	178	111.5478	89	111.5479
group_2520	2886	189711	65.7349	1271	129.1624	635	129.0609
group_10552	183	4257	23.2623	34	54.4898	17	54.4898
group_15404	384	407	1.0599	3	2.2913	1	1.5275
group_15405	228	0	0.0000	0	0.0000	0	0.0000
group_2462	102	195	1.9118	2	5.7506	1	5.7507
group_5901	1758	51867	29.5034	351	58.5565	175	58.3897
group_15406	219	3547	16.1963	27	36.1582	13	34.8190
group_15407	1062	56223	52.9407	386	106.5982	193	106.5982
group_5544	1005	8302	8.2607	55	16.0503	27	15.7585
group_10222	186	302	1.6237	2	3.1536	1	3.1536
group_9806	576	14181	24.6198	99	50.4080	49	49.8989
group_10852	180	3138	17.4333	22	35.8457	11	35.8457
group_15408	309	0	0.0000	0	0.0000	0	0.0000
group_15409	216	8408	38.9259	59	80.1097	29	78.7520
group_15410	441	24521	55.6032	169	112.3919	84	111.7269
group_15411	597	44298	74.2010	303	148.8522	151	148.3610
group_7194	213	3273	15.3662	23	31.6691	11	30.2922
group_15413	486	31588	64.9959	227	136.9861	113	136.3827
group_15414	1095	12899	11.7799	87	23.3019	43	23.0341
group_13771	810	18023	22.2506	123	44.5356	61	44.1735
group_15419	402	60098	149.4975	449	327.5724	224	326.8429
group_15418	324	34831	107.5031	243	219.9623	121	219.0572
group_15420	1191	82936	69.6356	565	139.1309	282	138.8847
group_11934	543	18873	34.7569	127	68.5948	63	68.0547
group_15421	423	14375	33.9835	96	66.5607	48	66.5607
group_15422	870	46424	53.3609	314	105.8516	157	105.8516
group_15423	888	73146	82.3716	494	163.1552	247	163.1553
group_15424	249	7900	31.7269	54	63.6036	27	63.6036
group_15425	150	1498	9.9867	12	23.4626	6	23.4627
group_15427	282	15180	53.8298	110	114.4012	55	114.4012
group_15426	564	122343	216.9202	848	440.9646	424	440.9648
group_15428	222	4917	22.1486	34	44.9172	17	44.9172
group_15430	588	25007	42.5289	169	84.2939	84	83.7952
group_15429	285	13783	48.3614	99	101.8773	49	100.8482
group_781	492	4623	9.3963	32	19.0753	16	19.0753
group_5383	1011	4385	4.3373	30	8.7028	15	8.7028
group_2254	111	0	0.0000	0	0.0000	0	0.0000
group_7384	369	3834	10.3902	27	21.4597	13	20.6649
group_3885	252	0	0.0000	0	0.0000	0	0.0000
group_15431	147	0	0.0000	0	0.0000	0	0.0000
group_12460	162	500	3.0864	4	7.2416	2	7.2416
group_1956	120	0	0.0000	0	0.0000	0	0.0000
group_5579	657	0	0.0000	0	0.0000	0	0.0000
group_6026	225	508	2.2578	4	5.2139	2	5.2139
group_2146	768	906	1.1797	6	2.2913	3	2.2913
group_4343	1203	2152	1.7889	15	3.6569	7	3.4131
group_5762	282	0	0.0000	0	0.0000	0	0.0000
group_10464	1419	1359	0.9577	9	1.8601	4	1.6535
group_13045	525	1187	2.2610	9	5.0277	4	4.4691
group_3905	432	0	0.0000	0	0.0000	0	0.0000
group_6603	351	302	0.8604	2	1.6711	1	1.6711
group_4052	2160	3779	1.7495	25	3.3945	12	3.2587
group_6596	219	0	0.0000	0	0.0000	0	0.0000
group_12308	840	899	1.0702	6	2.0949	3	2.0949
group_534	288	453	1.5729	3	3.0550	1	2.0367
group_10452	336	147	0.4375	1	0.8729	0	0.0000
group_4336	420	1000	2.3810	7	4.8881	3	4.1898
group_6998	375	453	1.2080	3	2.3463	1	1.5642
group_9882	189	0	0.0000	0	0.0000	0	0.0000
group_6142	390	0	0.0000	0	0.0000	0	0.0000
group_2918	741	453	0.6113	3	1.1874	1	0.7916
group_4397	2052	1661	0.8095	11	1.5722	5	1.4293
group_10265	570	1435	2.5175	11	5.6598	5	5.1453
group_5849	996	4450	4.4679	30	8.8338	15	8.8338
group_11419	324	451	1.3920	3	2.7156	1	1.8104
group_5176	234	445	1.9017	3	3.7600	1	2.5067
group_2584	753	0	0.0000	0	0.0000	0	0.0000
group_2030	279	579	2.0753	4	4.2048	2	4.2048
group_11355	174	1229	7.0632	10	16.8553	5	16.8554
group_9220	195	1295	6.6410	12	18.0482	6	18.0482
group_1035	129	1100	8.5271	12	27.2821	6	27.2822
group_11418	552	15142	27.4312	103	54.7249	51	54.1936
group_4757	411	0	0.0000	0	0.0000	0	0.0000
group_2203	3174	5375	1.6934	37	3.4189	18	3.3265
group_10226	186	246	1.3226	3	4.7304	1	3.1536
group_4828	1944	2718	1.3981	18	2.7156	9	2.7156
group_10557	183	0	0.0000	0	0.0000	0	0.0000
group_7093	621	885	1.4251	6	2.8337	3	2.8337
group_2979	264	302	1.1439	2	2.2218	1	2.2218
group_2519	465	755	1.6237	5	3.1536	2	2.5229
group_5370	402	484	1.2040	4	2.9182	2	2.9182
group_8410	357	302	0.8459	2	1.6430	1	1.6430
group_4941	408	302	0.7402	2	1.4377	1	1.4377
group_13546	150	143	0.9533	1	1.9552	0	0.0000
group_2360	1176	1812	1.5408	12	2.9927	6	2.9927
group_3788	435	604	1.3885	4	2.6969	2	2.6969
group_7820	363	753	2.0744	5	4.0397	2	3.2318
group_2891	1146	2638	2.3019	18	4.6065	9	4.6065
group_3465	603	151	0.2504	1	0.4864	0	0.0000
group_7247	618	604	0.9773	4	1.8983	2	1.8983
group_7821	363	584	1.6088	4	3.2318	2	3.2318
group_3056	1134	0	0.0000	0	0.0000	0	0.0000
group_7433	1587	1057	0.6660	7	1.2936	3	1.1088
group_816	786	0	0.0000	0	0.0000	0	0.0000
group_6101	645	0	0.0000	0	0.0000	0	0.0000
group_4229	246	0	0.0000	0	0.0000	0	0.0000
group_4179	2127	9656	4.5397	65	8.9626	32	8.8247
group_2331	108	0	0.0000	0	0.0000	0	0.0000
group_5915	393	302	0.7684	2	1.4925	1	1.4925
group_9305	348	0	0.0000	0	0.0000	0	0.0000
group_13047	525	518	0.9867	4	2.2345	2	2.2345
group_11358	174	0	0.0000	0	0.0000	0	0.0000
group_5333	663	1627	2.4540	11	4.8659	5	4.4236
group_5018	1026	3643	3.5507	25	7.1463	12	6.8604
group_15432	11259	214560	19.0568	1379	35.9213	689	35.8952
group_15433	513	34399	67.0546	240	137.2085	120	137.2085
group_3463	258	562	2.1783	5	5.6838	2	4.5470
group_9577	192	302	1.5729	2	3.0550	1	3.0550
group_3656	255	0	0.0000	0	0.0000	0	0.0000
group_11041	870	302	0.3471	2	0.6742	1	0.6742
group_7792	207	0	0.0000	0	0.0000	0	0.0000
group_4266	693	2334	3.3680	17	7.1945	8	6.7713
group_12465	162	152	0.9383	1	1.8104	0	0.0000
group_5916	393	0	0.0000	0	0.0000	0	0.0000
group_8125	360	0	0.0000	0	0.0000	0	0.0000
group_3658	255	492	1.9294	4	4.6005	2	4.6005
group_72	138	0	0.0000	0	0.0000	0	0.0000
group_2681	93	0	0.0000	0	0.0000	0	0.0000
group_15439	2424	7184	2.9637	48	5.8076	24	5.8076
group_15437	2007	1963	0.9781	13	1.8997	6	1.7536
group_15440	435	151	0.3471	1	0.6742	0	0.0000
group_15438	207	0	0.0000	0	0.0000	0	0.0000
group_15436	213	0	0.0000	0	0.0000	0	0.0000
group_15441	528	19662	37.2386	136	75.5426	68	75.5426
group_15442	282	1809	6.4149	12	12.4801	6	12.4801
group_15443	261	13443	51.5057	93	104.5032	46	103.3795
group_15444	4827	134729	27.9115	905	54.9868	452	54.9260
group_15445	516	36693	71.1105	270	153.4621	135	153.4621
group_13193	522	3315	6.3506	23	12.9224	11	12.3606
group_163	795	453	0.5698	3	1.1067	1	0.7378
group_6159	225	1510	6.7111	10	13.0348	5	13.0348
group_15447	285	0	0.0000	0	0.0000	0	0.0000
group_15448	1419	151	0.1064	1	0.2067	0	0.0000
group_15446	2745	0	0.0000	0	0.0000	0	0.0000
group_4547	684	0	0.0000	0	0.0000	0	0.0000
group_4773	1038	298	0.2871	2	0.5651	1	0.5651
group_15451	309	205	0.6634	2	1.8983	1	1.8983
group_15449	321	0	0.0000	0	0.0000	0	0.0000
group_15450	1458	0	0.0000	0	0.0000	0	0.0000
group_15452	1185	0	0.0000	0	0.0000	0	0.0000
group_10855	180	330	1.8333	4	6.5174	2	6.5174
group_14346	141	0	0.0000	0	0.0000	0	0.0000
group_9219	195	0	0.0000	0	0.0000	0	0.0000
group_357	135	0	0.0000	0	0.0000	0	0.0000
group_9582	192	0	0.0000	0	0.0000	0	0.0000
group_15455	1455	3618	2.4866	24	4.8377	12	4.8377
group_15453	912	1734	1.9013	12	3.8590	6	3.8590
group_15454	315	0	0.0000	0	0.0000	0	0.0000
group_11649	171	1326	7.7544	15	25.7266	7	24.0115
group_15456	2955	43782	14.8162	271	26.8967	135	26.7974
group_15457	1572	104485	66.4663	704	131.3431	352	131.3431
group_15460	1245	70723	56.8056	471	110.9529	235	110.7173
group_15459	720	54723	76.0042	372	151.5296	186	151.5296
group_14098	144	0	0.0000	0	0.0000	0	0.0000
group_15462	2277	34484	15.1445	228	29.3669	114	29.3670
group_15463	1965	218715	111.3053	1466	218.8056	733	218.8057
group_4004	429	16384	38.1911	115	78.6190	57	77.9354
group_15466	777	22350	28.7645	149	56.2409	74	55.8635
group_15465	663	21455	32.3605	150	66.3536	75	66.3537
group_15467	189	475	2.5132	4	6.2070	2	6.2071
group_15468	405	6934	17.1210	51	36.9319	25	36.2078
group_15469	903	26889	29.7774	182	59.1113	91	59.1113
group_15470	1500	17641	11.7607	118	23.0716	59	23.0716
group_15471	255	0	0.0000	0	0.0000	0	0.0000
group_15473	1482	26162	17.6532	160	31.6635	80	31.6635
group_15474	720	80529	111.8458	563	229.3311	281	228.9238
group_15475	441	3894	8.8299	26	17.2911	13	17.2911
group_15476	1863	107987	57.9640	718	113.0313	359	113.0313
group_2518	465	151	0.3247	1	0.6307	0	0.0000
group_15477	669	600	0.8969	4	1.7536	2	1.7536
group_15478	378	16572	43.8413	117	90.7781	58	90.0022
group_15269	261	302	1.1571	2	2.2474	1	2.2474
group_8483	201	0	0.0000	0	0.0000	0	0.0000
group_12183	315	519	1.6476	4	3.7242	2	3.7242
group_1072	285	209	0.7333	2	2.0581	1	2.0581
group_15479	168	3027	18.0179	21	36.6604	10	34.9147
group_10227	186	151	0.8118	1	1.5768	0	0.0000
group_15480	585	4199	7.1778	29	14.5388	14	14.0375
group_15481	570	1321	2.3175	9	4.6308	4	4.1163
group_15482	912	22463	24.6305	163	52.4179	81	52.0964
group_1037	129	0	0.0000	0	0.0000	0	0.0000
group_15483	1008	4381	4.3462	27	7.8558	13	7.5648
group_15484	717	24799	34.5872	172	70.3552	86	70.3552
group_15485	771	7724	10.0182	54	20.5412	27	20.5412
group_15486	894	11538	12.9060	80	26.2446	40	26.2446
group_15487	396	15660	39.5455	104	77.0238	52	77.0239
group_15488	297	38521	129.7003	258	254.7712	129	254.7712
group_15490	267	7631	28.5805	51	56.0204	25	54.9219
group_15489	591	23735	40.1607	162	80.3923	81	80.3923
group_15492	750	2409	3.2120	16	6.2567	8	6.2567
group_15491	108	0	0.0000	0	0.0000	0	0.0000
group_15493	264	5736	21.7273	40	44.4368	20	44.4368
group_15494	240	476	1.9833	4	4.8881	2	4.8881
group_15495	750	3946	5.2613	27	10.5582	13	10.1671
group_4758	411	1026	2.4964	8	5.7087	4	5.7087
group_15496	16608	12065	0.7265	81	1.4304	40	1.4127
group_15498	876	0	0.0000	0	0.0000	0	0.0000
group_15500	834	0	0.0000	0	0.0000	0	0.0000
group_15499	3384	4517	1.3348	30	2.6000	15	2.6000
group_15497	5388	5293	0.9824	36	1.9596	18	1.9596
group_6584	1674	453	0.2706	3	0.5256	1	0.3504
group_9883	189	0	0.0000	0	0.0000	0	0.0000
group_15501	1197	1050	0.8772	7	1.7151	3	1.4701
group_13346	519	0	0.0000	0	0.0000	0	0.0000
gmhA	543	0	0.0000	0	0.0000	0	0.0000
group_6298	222	302	1.3604	2	2.6422	1	2.6422
group_5476	1827	0	0.0000	0	0.0000	0	0.0000
group_2025	477	0	0.0000	0	0.0000	0	0.0000
group_6165	1728	0	0.0000	0	0.0000	0	0.0000
group_4231	423	604	1.4279	4	2.7734	2	2.7734
group_10565	183	0	0.0000	0	0.0000	0	0.0000
group_15502	285	1998	7.0105	14	14.4069	7	14.4069
group_6808	378	0	0.0000	0	0.0000	0	0.0000
group_261	6384	260	0.0407	2	0.0919	1	0.0919
group_50	12348	293	0.0237	2	0.0475	1	0.0475
group_7269	1602	0	0.0000	0	0.0000	0	0.0000
group_9256	906	0	0.0000	0	0.0000	0	0.0000
group_12468	162	0	0.0000	0	0.0000	0	0.0000
group_15503	5499	2006	0.3648	14	0.7467	7	0.7467
group_14133	804	151	0.1878	1	0.3648	0	0.0000
group_9884	189	0	0.0000	0	0.0000	0	0.0000
group_2912	1143	0	0.0000	0	0.0000	0	0.0000
group_1039	129	0	0.0000	0	0.0000	0	0.0000
group_5440	231	164	0.7100	2	2.5392	1	2.5392
group_15504	114	0	0.0000	0	0.0000	0	0.0000
group_6890	1641	1359	0.8282	9	1.6085	4	1.4298
group_2679	93	0	0.0000	0	0.0000	0	0.0000
group_5918	393	6548	16.6616	49	36.5671	24	35.8208
group_4663	240	692	2.8833	5	6.1101	2	4.8881
group_15505	579	285	0.4922	2	1.0131	1	1.0131
group_10525	1416	0	0.0000	0	0.0000	0	0.0000
group_2026	477	302	0.6331	2	1.2297	1	1.2297
group_15506	1380	734	0.5319	6	1.2751	3	1.2751
group_15507	234	0	0.0000	0	0.0000	0	0.0000
group_15508	372	763	2.0511	6	4.7304	3	4.7304
group_2476	2925	1150	0.3932	9	0.9024	4	0.8021
group_2417	759	2007	2.6443	14	5.4097	7	5.4097
group_15509	135	154	1.1407	2	4.3449	1	4.3449
group_15510	300	1356	4.5200	10	9.7761	5	9.7761
group_15511	339	0	0.0000	0	0.0000	0	0.0000
group_15512	2631	4676	1.7773	34	3.7901	17	3.7901
group_12473	162	146	0.9012	1	1.8104	0	0.0000
group_76	138	0	0.0000	0	0.0000	0	0.0000
group_7491	1581	302	0.1910	2	0.3710	1	0.3710
group_6600	219	0	0.0000	0	0.0000	0	0.0000
group_14691	333	0	0.0000	0	0.0000	0	0.0000
group_2	501	0	0.0000	0	0.0000	0	0.0000
group_3247	261	0	0.0000	0	0.0000	0	0.0000
group_4407	243	0	0.0000	0	0.0000	0	0.0000
group_2148	768	151	0.1966	1	0.3819	0	0.0000
group_15514	1326	0	0.0000	0	0.0000	0	0.0000
group_15515	1113	3059	2.7484	21	5.5336	10	5.2701
group_15516	768	24794	32.2839	170	64.9194	85	64.9195
group_15518	270	0	0.0000	0	0.0000	0	0.0000
group_15517	213	0	0.0000	0	0.0000	0	0.0000
group_15519	264	151	0.5720	1	1.1109	0	0.0000
group_15520	726	151	0.2080	1	0.4040	0	0.0000
group_15521	705	6726	9.5404	45	18.7202	22	18.3042
group_15522	333	1045	3.1381	7	6.1651	3	5.2844
group_15523	306	1055	3.4477	7	6.7091	3	5.7507
group_15524	156	0	0.0000	0	0.0000	0	0.0000
group_1700	483	0	0.0000	0	0.0000	0	0.0000
group_3635	1104	755	0.6839	5	1.3283	2	1.0626
group_13180	1290	755	0.5853	5	1.1368	2	0.9094
group_15526	555	16576	29.8667	112	59.1851	56	59.1851
group_15530	963	28514	29.6096	190	57.8648	95	57.8648
group_15531	879	27651	31.4573	185	61.7262	92	61.3926
group_15533	252	2078	8.2460	14	16.2935	7	16.2935
group_15529	852	23603	27.7031	158	54.3882	79	54.3882
group_15539	1110	38423	34.6153	263	69.4896	131	69.2254
group_15535	615	18871	30.6846	133	63.4254	66	62.9486
group_15538	240	5172	21.5500	43	52.5466	21	51.3246
group_15525	654	11076	16.9358	78	34.9787	39	34.9787
group_15537	876	30286	34.5731	204	68.2988	102	68.2988
group_15540	693	18810	27.1429	127	53.7474	63	53.3242
group_15527	1758	44811	25.4898	304	50.7156	152	50.7156
group_15528	228	109	0.4781	1	1.2863	0	0.0000
group_15534	432	2422	5.6065	19	12.8990	9	12.2201
group_12471	162	147	0.9074	1	1.8104	0	0.0000
group_9889	189	604	3.1958	4	6.2070	2	6.2071
group_10232	186	151	0.8118	1	1.5768	0	0.0000
group_4548	684	0	0.0000	0	0.0000	0	0.0000
group_1672	123	344	2.7967	4	9.5377	2	9.5377
group_680	133	0	0.0000	0	0.0000	0	0.0000
group_7208	372	662	1.7796	5	3.9420	2	3.1536
group_15541	153	0	0.0000	0	0.0000	0	0.0000
group_15544	336	0	0.0000	0	0.0000	0	0.0000
group_15543	210	0	0.0000	0	0.0000	0	0.0000
group_15546	192	0	0.0000	0	0.0000	0	0.0000
group_15545	492	0	0.0000	0	0.0000	0	0.0000
group_15547	306	0	0.0000	0	0.0000	0	0.0000
group_15542	960	2064	2.1500	14	4.2770	7	4.2770
group_15548	3474	3351	0.9646	22	1.8573	11	1.8573
group_78	138	0	0.0000	0	0.0000	0	0.0000
group_8175	204	0	0.0000	0	0.0000	0	0.0000
group_11655	171	0	0.0000	0	0.0000	0	0.0000
group_4122	699	277	0.3963	2	0.8392	1	0.8392
group_10566	183	0	0.0000	0	0.0000	0	0.0000
group_7800	606	0	0.0000	0	0.0000	0	0.0000
group_11117	177	302	1.7062	2	3.3139	1	3.3139
group_7112	954	264	0.2767	2	0.6148	1	0.6148
group_13051	525	0	0.0000	0	0.0000	0	0.0000
group_14318	504	0	0.0000	0	0.0000	0	0.0000
group_9211	585	0	0.0000	0	0.0000	0	0.0000
group_5158	1884	0	0.0000	0	0.0000	0	0.0000
group_9511	1467	0	0.0000	0	0.0000	0	0.0000
group_8681	591	0	0.0000	0	0.0000	0	0.0000
group_11657	171	0	0.0000	0	0.0000	0	0.0000
group_2257	111	337	3.0360	4	10.5688	2	10.5688
group_7492	210	0	0.0000	0	0.0000	0	0.0000
group_8181	600	0	0.0000	0	0.0000	0	0.0000
group_2893	456	906	1.9868	6	3.8590	3	3.8590
group_10533	567	0	0.0000	0	0.0000	0	0.0000
group_597	789	0	0.0000	0	0.0000	0	0.0000
group_13551	150	0	0.0000	0	0.0000	0	0.0000
group_15550	276	10149	36.7717	69	73.3208	34	72.2582
group_12908	828	0	0.0000	0	0.0000	0	0.0000
group_15551	1668	0	0.0000	0	0.0000	0	0.0000
group_15552	1515	290	0.1914	2	0.3872	1	0.3872
group_14104	144	0	0.0000	0	0.0000	0	0.0000
group_15555	153	0	0.0000	0	0.0000	0	0.0000
group_15556	1500	2053	1.3687	15	2.9328	7	2.7373
group_15554	223	543	2.4350	4	5.2607	2	5.2607
group_15557	261	151	0.5785	1	1.1237	0	0.0000
group_1667	123	0	0.0000	0	0.0000	0	0.0000
group_15559	252	0	0.0000	0	0.0000	0	0.0000
group_15558	1680	15450	9.1964	105	18.3302	52	18.1556
group_15560	105	0	0.0000	0	0.0000	0	0.0000
group_7904	933	379	0.4062	3	0.9430	1	0.6287
group_15561	186	271	1.4570	2	3.1536	1	3.1536
group_15562	123	0	0.0000	0	0.0000	0	0.0000
group_15563	156	0	0.0000	0	0.0000	0	0.0000
group_15564	126	0	0.0000	0	0.0000	0	0.0000
group_15565	426	1505	3.5329	11	7.5730	5	6.8846
group_11689	549	53218	96.9362	361	192.8510	180	192.3168
group_11364	174	252	1.4483	2	3.3711	1	3.3711
group_13659	1272	890	0.6997	6	1.3834	3	1.3834
group_791	492	302	0.6138	2	1.1922	1	1.1922
group_2465	102	0	0.0000	0	0.0000	0	0.0000
group_7606	366	0	0.0000	0	0.0000	0	0.0000
group_13823	147	100	0.6803	2	3.9902	1	3.9902
group_4433	687	0	0.0000	0	0.0000	0	0.0000
group_8063	930	302	0.3247	2	0.6307	1	0.6307
group_1836	1197	0	0.0000	0	0.0000	0	0.0000
group_1388	486	0	0.0000	0	0.0000	0	0.0000
group_11928	168	0	0.0000	0	0.0000	0	0.0000
group_12474	162	0	0.0000	0	0.0000	0	0.0000
group_3663	255	234	0.9176	2	2.3003	1	2.3003
group_5972	993	0	0.0000	0	0.0000	0	0.0000
group_684	132	0	0.0000	0	0.0000	0	0.0000
group_4119	426	0	0.0000	0	0.0000	0	0.0000
group_2807	267	689	2.5805	5	5.4922	2	4.3938
group_2755	1155	11421	9.8883	76	19.2983	38	19.2983
group_9514	1467	18503	12.6128	123	24.5902	61	24.3903
group_6197	984	13636	13.8577	92	27.4208	46	27.4208
group_3064	1134	14606	12.8801	98	25.3455	49	25.3455
group_4123	699	7047	10.0815	48	20.1396	24	20.1396
group_7391	1590	16390	10.3082	111	20.4745	55	20.2900
group_13660	1272	13030	10.2437	88	20.2900	44	20.2900
group_3251	261	3629	13.9042	27	30.3396	13	29.2159
group_3238	2460	33425	13.5874	226	26.9439	113	26.9439
group_5739	1785	24068	13.4835	161	26.4530	80	26.2887
group_3112	1131	12356	10.9248	83	21.5230	41	21.2637
group_9516	1467	16707	11.3885	112	22.3911	56	22.3911
group_7295	1599	18330	11.4634	123	22.5602	61	22.3768
group_7563	942	11940	12.6752	82	25.5299	41	25.5300
group_5361	483	1517	3.1408	11	6.6793	5	6.0721
group_3803	711	37027	52.0774	248	102.2985	124	102.2985
group_12687	309	0	0.0000	0	0.0000	0	0.0000
group_15566	414	0	0.0000	0	0.0000	0	0.0000
group_15567	3696	13888	3.7576	94	7.4590	47	7.4590
group_15569	144	0	0.0000	0	0.0000	0	0.0000
group_15568	645	2207	3.4217	15	6.8205	7	6.3658
group_15570	186	0	0.0000	0	0.0000	0	0.0000
group_15588	150	418	2.7867	3	5.8657	1	3.9104
group_15585	450	4816	10.7022	33	21.5074	16	20.8557
group_15580	663	1893	2.8552	13	5.7506	6	5.3083
group_5728	228	0	0.0000	0	0.0000	0	0.0000
group_10785	564	0	0.0000	0	0.0000	0	0.0000
group_15593	330	4553	13.7970	36	31.9945	18	31.9945
group_15594	1023	3675	3.5924	20	5.7338	10	5.7338
group_15595	1671	3296	1.9725	22	3.8613	11	3.8613
group_15597	126	0	0.0000	0	0.0000	0	0.0000
group_15596	492	884	1.7967	6	3.5766	3	3.5766
group_15598	690	302	0.4377	2	0.8501	1	0.8501
group_5726	228	198	0.8684	2	2.5727	1	2.5727
group_13190	822	1258	1.5304	8	2.8543	4	2.8543
group_15599	813	19196	23.6113	132	47.6179	66	47.6179
group_15600	1338	1666	1.2451	12	2.6303	6	2.6303
group_15601	246	91645	372.5407	639	761.8207	319	760.6287
group_15602	402	264	0.6567	2	1.4591	1	1.4591
group_15603	342	5197	15.1959	36	30.8719	18	30.8719
group_15606	402	3088	7.6816	21	15.3208	10	14.5912
group_15604	129	0	0.0000	0	0.0000	0	0.0000
group_15607	225	4185	18.6000	35	45.6218	17	44.3183
group_15608	300	4549	15.1633	32	31.2835	16	31.2835
group_15609	363	311	0.8567	3	2.4238	1	1.6159
group_15610	411	6631	16.1338	54	38.5335	27	38.5336
group_15611	195	144	0.7385	2	3.0080	1	3.0080
group_15612	279	289	1.0358	2	2.1024	1	2.1024
group_15613	456	0	0.0000	0	0.0000	0	0.0000
group_15615	723	151	0.2089	1	0.4056	0	0.0000
group_9011	1494	15666	10.4859	104	20.4160	52	20.4160
group_686	132	646	4.8939	6	13.3310	3	13.3311
group_15616	216	162	0.7500	2	2.7156	1	2.7156
group_3472	258	2417	9.3682	19	21.5984	9	20.4616
group_365	135	0	0.0000	0	0.0000	0	0.0000
group_3158	450	300	0.6667	2	1.3035	1	1.3035
group_15617	141	0	0.0000	0	0.0000	0	0.0000
group_5977	993	241	0.2427	2	0.5907	1	0.5907
group_5397	1842	1812	0.9837	12	1.9106	6	1.9106
group_7496	210	306	1.4571	2	2.7932	1	2.7932
group_15618	165	0	0.0000	0	0.0000	0	0.0000
group_15619	156	0	0.0000	0	0.0000	0	0.0000
group_9533	345	0	0.0000	0	0.0000	0	0.0000
group_15620	150	146	0.9733	2	3.9104	1	3.9104
group_2402	105	0	0.0000	0	0.0000	0	0.0000
group_12978	156	0	0.0000	0	0.0000	0	0.0000
group_3252	261	939	3.5977	7	7.8658	3	6.7421
group_10242	186	0	0.0000	0	0.0000	0	0.0000
group_8491	201	0	0.0000	0	0.0000	0	0.0000
group_10791	564	1208	2.1418	8	4.1600	4	4.1600
group_15621	162	0	0.0000	0	0.0000	0	0.0000
group_15622	150	0	0.0000	0	0.0000	0	0.0000
group_2718	2751	8617	3.1323	59	6.2900	29	6.1834
group_15623	2832	2413	0.8520	16	1.6570	8	1.6570
group_15624	186	0	0.0000	0	0.0000	0	0.0000
group_15629	294	0	0.0000	0	0.0000	0	0.0000
group_15628	774	453	0.5853	3	1.1368	1	0.7578
group_15627	462	151	0.3268	1	0.6348	0	0.0000
group_15630	156	0	0.0000	0	0.0000	0	0.0000
group_3897	252	1888	7.4921	17	19.7850	8	18.6212
group_15631	879	1708	1.9431	12	4.0039	6	4.0039
group_15632	2193	160836	73.3406	1082	144.7024	541	144.7024
group_12477	162	2369	14.6235	23	41.6390	11	39.8286
group_13820	1266	0	0.0000	0	0.0000	0	0.0000
group_15633	237	7609	32.1055	56	69.2990	28	69.2990
group_15634	531	25612	48.2335	170	93.8948	85	93.8948
group_15635	978	3868	3.9550	26	7.7969	13	7.7969
group_15636	243	2238	9.2099	17	20.5177	8	19.3108
group_11119	177	299	1.6893	2	3.3139	1	3.3139
group_7253	618	302	0.4887	2	0.9491	1	0.9491
group_5742	396	0	0.0000	0	0.0000	0	0.0000
group_15637	600	11527	19.2117	72	35.1940	36	35.1940
group_15639	834	890	1.0671	7	2.4616	3	2.1100
group_15638	153	2564	16.7582	24	46.0052	12	46.0052
group_15640	486	23828	49.0288	163	98.3645	81	97.7611
group_15643	222	3638	16.3874	27	35.6696	13	34.3485
group_8731	354	397	1.1215	3	2.4854	1	1.6570
group_5218	1017	1504	1.4789	10	2.8838	5	2.8838
group_2058	117	0	0.0000	0	0.0000	0	0.0000
group_15644	229	188	0.8210	2	2.5614	1	2.5614
group_15645	189	248	1.3122	2	3.1035	1	3.1035
group_15646	342	34032	99.5088	238	204.0976	119	204.0976
group_1047	129	0	0.0000	0	0.0000	0	0.0000
group_2684	93	0	0.0000	0	0.0000	0	0.0000
group_15647	180	0	0.0000	0	0.0000	0	0.0000
group_15648	198	0	0.0000	0	0.0000	0	0.0000
group_10876	180	0	0.0000	0	0.0000	0	0.0000
group_1113	1212	403	0.3325	3	0.7259	1	0.4840
group_599	789	1299	1.6464	9	3.3454	4	2.9737
group_15649	168	130	0.7738	2	3.4915	1	3.4915
group_15650	795	227	0.2855	2	0.7378	1	0.7378
group_15651	180	0	0.0000	0	0.0000	0	0.0000
group_12728	831	0	0.0000	0	0.0000	0	0.0000
group_15652	306	0	0.0000	0	0.0000	0	0.0000
group_15653	207	0	0.0000	0	0.0000	0	0.0000
group_12207	165	0	0.0000	0	0.0000	0	0.0000
group_6500	384	0	0.0000	0	0.0000	0	0.0000
group_5428	126	0	0.0000	0	0.0000	0	0.0000
group_8374	924	0	0.0000	0	0.0000	0	0.0000
group_6935	960	0	0.0000	0	0.0000	0	0.0000
group_4529	2019	0	0.0000	0	0.0000	0	0.0000
group_10925	873	0	0.0000	0	0.0000	0	0.0000
group_2535	465	0	0.0000	0	0.0000	0	0.0000
group_4699	1974	0	0.0000	0	0.0000	0	0.0000
group_7220	951	3945	4.1483	27	8.3266	13	8.0183
group_2249	765	302	0.3948	2	0.7668	1	0.7668
group_15654	141	0	0.0000	0	0.0000	0	0.0000
group_15655	363	151	0.4160	1	0.8079	0	0.0000
group_15657	1308	604	0.4618	4	0.8969	2	0.8969
group_15656	849	0	0.0000	0	0.0000	0	0.0000
group_8883	198	729	3.6818	6	8.8874	3	8.8874
group_15658	171	348	2.0351	4	6.8604	2	6.8604
group_4675	681	0	0.0000	0	0.0000	0	0.0000
group_9815	576	0	0.0000	0	0.0000	0	0.0000
group_2250	765	0	0.0000	0	0.0000	0	0.0000
group_7500	210	0	0.0000	0	0.0000	0	0.0000
group_15659	216	727	3.3657	8	10.8623	4	10.8623
group_15660	213	0	0.0000	0	0.0000	0	0.0000
group_2611	270	302	1.1185	2	2.1725	1	2.1725
group_15661	564	604	1.0709	4	2.0800	2	2.0800
group_15662	108	0	0.0000	0	0.0000	0	0.0000
group_1372	126	0	0.0000	0	0.0000	0	0.0000
group_15663	738	46913	63.5678	321	127.5662	160	127.1689
group_10575	183	375	2.0492	4	6.4106	2	6.4106
group_11422	1368	0	0.0000	0	0.0000	0	0.0000
group_5600	1812	0	0.0000	0	0.0000	0	0.0000
group_5342	663	0	0.0000	0	0.0000	0	0.0000
group_15665	198	293	1.4798	2	2.9625	1	2.9625
group_2233	276	0	0.0000	0	0.0000	0	0.0000
group_15666	198	0	0.0000	0	0.0000	0	0.0000
group_15667	129	0	0.0000	0	0.0000	0	0.0000
group_13252	153	0	0.0000	0	0.0000	0	0.0000
group_2061	117	616	5.2650	6	15.0402	3	15.0402
group_15668	1143	302	0.2642	2	0.5132	1	0.5132
group_15684	294	6184	21.0340	43	42.8951	21	41.8976
group_15701	372	9617	25.8522	65	51.2457	32	50.4573
group_15673	1425	37028	25.9846	246	50.6299	123	50.6299
group_15708	1236	37948	30.7023	257	60.9820	128	60.7447
group_15688	303	2180	7.1947	15	14.5190	7	13.5510
group_15693	363	3385	9.3251	23	18.5827	11	17.7747
group_15675	180	813	4.5167	6	9.7761	3	9.7761
group_15689	279	0	0.0000	0	0.0000	0	0.0000
group_15669	231	4385	18.9827	31	39.3583	15	38.0887
group_15704	285	5309	18.6281	37	38.0753	18	37.0463
group_15671	195	2632	13.4974	19	28.5763	9	27.0723
group_15697	2862	75092	26.2376	495	50.7251	247	50.6226
group_15676	180	1225	6.8056	10	16.2935	5	16.2935
group_15672	876	0	0.0000	0	0.0000	0	0.0000
group_15674	921	9662	10.4908	66	21.0170	33	21.0170
group_15681	1005	30427	30.2756	208	60.6994	104	60.6994
group_15706	444	8574	19.3108	61	40.2934	30	39.6329
group_15696	861	23286	27.0453	154	52.4571	77	52.4572
group_15690	3417	73502	21.5107	498	42.7436	249	42.7436
group_15691	450	10501	23.3356	73	47.5770	36	46.9253
group_15707	408	3376	8.2745	26	18.6896	13	18.6896
group_15679	627	12234	19.5120	83	38.8238	41	38.3560
group_15705	756	21829	28.8743	149	57.8031	74	57.4152
group_15695	429	8537	19.8998	58	39.6513	29	39.6513
group_15683	309	1483	4.7994	11	10.4405	5	9.4914
group_15670	204	1891	9.2696	14	20.1273	7	20.1273
group_15677	165	1851	11.2182	14	24.8846	7	24.8846
group_15682	1794	40880	22.7871	278	45.4474	139	45.4474
group_15678	318	3725	11.7138	25	23.0568	12	22.1346
group_15699	1257	39491	31.4169	268	62.5297	134	62.5297
group_15692	270	5337	19.7667	38	41.2769	19	41.2769
group_15685	294	4611	15.6837	31	30.9244	15	29.9269
group_15703	1797	57503	31.9994	379	61.8555	189	61.6923
group_15694	2703	40230	14.8835	272	29.5128	136	29.5128
group_15702	585	13610	23.2650	96	48.1285	48	48.1285
group_15680	1839	65809	35.7852	445	70.9684	222	70.8090
group_15709	507	15024	29.6331	101	58.4252	50	57.8468
group_15698	366	7282	19.8962	52	41.6686	26	41.6686
group_15700	675	22568	33.4341	156	67.7810	78	67.7810
group_15686	624	15284	24.4936	104	48.8805	52	48.8805
group_15687	255	681	2.6706	5	5.7506	2	4.6005
group_15710	507	9239	18.2229	57	32.9727	28	32.3942
group_15711	426	4444	10.4319	31	21.3422	15	20.6537
group_13350	519	353	0.6802	3	1.6953	1	1.1302
group_3900	252	0	0.0000	0	0.0000	0	0.0000
group_9899	189	0	0.0000	0	0.0000	0	0.0000
group_15712	270	0	0.0000	0	0.0000	0	0.0000
group_15713	180	252	1.4000	2	3.2587	1	3.2587
group_697	132	0	0.0000	0	0.0000	0	0.0000
group_8185	204	1607	7.8775	14	20.1273	7	20.1273
group_15714	135	0	0.0000	0	0.0000	0	0.0000
group_6306	222	0	0.0000	0	0.0000	0	0.0000
group_15715	261	4458	17.0805	31	34.8344	15	33.7107
group_15716	117	0	0.0000	0	0.0000	0	0.0000
group_15717	243	4333	17.8313	36	43.4493	18	43.4494
group_13971	807	4649	5.7608	31	11.2661	15	10.9027
group_13253	153	278	1.8170	3	5.7506	1	3.8338
group_14295	294	453	1.5408	3	2.9927	1	1.9951
group_15718	111	0	0.0000	0	0.0000	0	0.0000
group_1742	282	859	3.0461	8	8.3201	4	8.3201
group_15719	222	0	0.0000	0	0.0000	0	0.0000
group_4008	429	12715	29.6387	92	62.8952	46	62.8952
group_15722	276	4380	15.8696	31	32.9412	15	31.8786
group_11662	171	1047	6.1228	10	17.1511	5	17.1511
group_15723	315	0	0.0000	0	0.0000	0	0.0000
group_15725	849	3592	4.2309	24	8.2907	12	8.2907
group_15724	306	17202	56.2157	132	126.5143	66	126.5143
group_12985	156	0	0.0000	0	0.0000	0	0.0000
group_15727	345	0	0.0000	0	0.0000	0	0.0000
group_15726	621	0	0.0000	0	0.0000	0	0.0000
group_15728	963	0	0.0000	0	0.0000	0	0.0000
group_15729	771	0	0.0000	0	0.0000	0	0.0000
group_15730	183	242	1.3224	2	3.2053	1	3.2053
group_15731	258	1253	4.8566	10	11.3676	5	11.3676
group_15732	873	0	0.0000	0	0.0000	0	0.0000
group_2154	114	0	0.0000	0	0.0000	0	0.0000
group_15733	495	31762	64.1657	215	127.3856	107	126.7931
group_4273	693	0	0.0000	0	0.0000	0	0.0000
group_6311	1701	15628	9.1875	105	18.1039	52	17.9315
group_9245	195	5996	30.7487	42	63.1687	21	63.1687
group_15734	162	393	2.4259	4	7.2416	2	7.2416
group_15735	189	356	1.8836	4	6.2070	2	6.2071
group_15736	372	10935	29.3952	76	59.9180	38	59.9181
group_15737	357	6768	18.9580	48	39.4330	24	39.4330
group_15738	1758	125575	71.4306	785	130.9597	392	130.7930
group_15739	222	1683	7.5811	15	19.8164	7	18.4953
group_15740	261	5758	22.0613	40	44.9476	20	44.9476
group_15741	519	14109	27.1850	107	60.4649	53	59.8998
group_15742	240	753	3.1375	5	6.1101	2	4.8881
group_7539	612	5242	8.5654	37	17.7312	18	17.2520
group_15743	210	0	0.0000	0	0.0000	0	0.0000
group_15744	93	0	0.0000	0	0.0000	0	0.0000
group_2041	771	17902	23.2192	123	46.7884	61	46.4080
group_15745	270	0	0.0000	0	0.0000	0	0.0000
group_15748	267	150	0.5618	2	2.1969	1	2.1969
group_15747	723	0	0.0000	0	0.0000	0	0.0000
group_15749	555	0	0.0000	0	0.0000	0	0.0000
group_15746	168	0	0.0000	0	0.0000	0	0.0000
group_6692	969	0	0.0000	0	0.0000	0	0.0000
group_9044	351	0	0.0000	0	0.0000	0	0.0000
group_1377	126	0	0.0000	0	0.0000	0	0.0000
group_15750	117	0	0.0000	0	0.0000	0	0.0000
group_15751	702	1034	1.4729	7	2.9245	3	2.5067
group_6333	387	0	0.0000	0	0.0000	0	0.0000
group_15756	603	0	0.0000	0	0.0000	0	0.0000
group_15753	984	0	0.0000	0	0.0000	0	0.0000
group_15755	348	0	0.0000	0	0.0000	0	0.0000
group_15754	405	0	0.0000	0	0.0000	0	0.0000
group_15752	1332	0	0.0000	0	0.0000	0	0.0000
group_15757	93	0	0.0000	0	0.0000	0	0.0000
group_15758	117	0	0.0000	0	0.0000	0	0.0000
group_6615	220	5969	27.1318	42	55.9904	21	55.9904
group_6612	219	388	1.7717	3	4.0176	1	2.6784
group_10174	339	151	0.4454	1	0.8651	0	0.0000
group_6936	960	0	0.0000	0	0.0000	0	0.0000
group_13317	819	222	0.2711	2	0.7162	1	0.7162
group_4402	1056	302	0.2860	2	0.5555	1	0.5555
group_15759	741	0	0.0000	0	0.0000	0	0.0000
group_15760	267	607	2.2734	5	5.4922	2	4.3938
group_2152	768	0	0.0000	0	0.0000	0	0.0000
group_15761	186	0	0.0000	0	0.0000	0	0.0000
group_6824	378	0	0.0000	0	0.0000	0	0.0000
group_15762	201	0	0.0000	0	0.0000	0	0.0000
group_15763	393	1003	2.5522	7	5.2239	3	4.4776
group_15764	141	0	0.0000	0	0.0000	0	0.0000
group_15766	150	0	0.0000	0	0.0000	0	0.0000
group_15765	186	3752	20.1720	25	39.4198	12	37.8430
group_1959	120	0	0.0000	0	0.0000	0	0.0000
group_15767	156	0	0.0000	0	0.0000	0	0.0000
group_11291	864	0	0.0000	0	0.0000	0	0.0000
group_15768	162	0	0.0000	0	0.0000	0	0.0000
group_7105	621	4742	7.6361	33	15.5851	16	15.1128
group_7549	612	0	0.0000	0	0.0000	0	0.0000
group_2897	456	1524	3.3421	11	7.0748	5	6.4316
group_2042	279	298	1.0681	2	2.1024	1	2.1024
group_15771	336	0	0.0000	0	0.0000	0	0.0000
group_5439	126	0	0.0000	0	0.0000	0	0.0000
group_10657	879	0	0.0000	0	0.0000	0	0.0000
group_15772	270	544	2.0148	4	4.3449	2	4.3449
group_15773	195	725	3.7179	6	9.0241	3	9.0241
group_15774	450	314	0.6978	2	1.3035	1	1.3035
group_15775	504	0	0.0000	0	0.0000	0	0.0000
group_14597	498	0	0.0000	0	0.0000	0	0.0000
group_15776	345	0	0.0000	0	0.0000	0	0.0000
group_15777	135	0	0.0000	0	0.0000	0	0.0000
group_15778	330	771	2.3364	5	4.4437	2	3.5549
group_5224	666	0	0.0000	0	0.0000	0	0.0000
group_15779	459	0	0.0000	0	0.0000	0	0.0000
group_15780	150	0	0.0000	0	0.0000	0	0.0000
group_15781	147	0	0.0000	0	0.0000	0	0.0000
group_15782	255	202	0.7922	2	2.3003	1	2.3003
group_15783	228	151	0.6623	1	1.2863	0	0.0000
group_9248	195	709	3.6359	6	9.0241	3	9.0241
group_15784	297	0	0.0000	0	0.0000	0	0.0000
group_15785	186	0	0.0000	0	0.0000	0	0.0000
group_15786	151	0	0.0000	0	0.0000	0	0.0000
group_11123	177	151	0.8531	1	1.6570	0	0.0000
group_15787	1284	1208	0.9408	8	1.8273	4	1.8273
group_1154	3966	474	0.1195	4	0.2958	2	0.2958
group_15789	162	0	0.0000	0	0.0000	0	0.0000
group_15790	189	411	2.1746	3	4.6553	1	3.1035
group_15791	135	0	0.0000	0	0.0000	0	0.0000
group_11437	324	3342	10.3148	24	21.7247	12	21.7247
group_15792	135	0	0.0000	0	0.0000	0	0.0000
group_15793	252	0	0.0000	0	0.0000	0	0.0000
group_15794	180	0	0.0000	0	0.0000	0	0.0000
group_15795	984	0	0.0000	0	0.0000	0	0.0000
group_6605	633	0	0.0000	0	0.0000	0	0.0000
group_13832	147	0	0.0000	0	0.0000	0	0.0000
group_15796	144	0	0.0000	0	0.0000	0	0.0000
group_15797	642	1425	2.2196	10	4.5683	5	4.5683
group_3865	1092	302	0.2766	2	0.5371	1	0.5371
group_15798	966	0	0.0000	0	0.0000	0	0.0000
group_9230	585	302	0.5162	2	1.0027	1	1.0027
group_15799	645	0	0.0000	0	0.0000	0	0.0000
group_15800	411	0	0.0000	0	0.0000	0	0.0000
group_15801	120	0	0.0000	0	0.0000	0	0.0000
group_4311	1062	4929	4.6412	33	9.1133	16	8.8372
group_10275	885	7343	8.2972	49	16.2383	24	15.9069
group_15802	789	0	0.0000	0	0.0000	0	0.0000
group_2733	90	0	0.0000	0	0.0000	0	0.0000
group_4786	1956	1208	0.6176	8	1.1995	4	1.1995
group_9907	189	204	1.0794	2	3.1035	1	3.1035
group_14331	504	0	0.0000	0	0.0000	0	0.0000
group_6617	219	0	0.0000	0	0.0000	0	0.0000
group_15803	159	0	0.0000	0	0.0000	0	0.0000
group_4961	408	0	0.0000	0	0.0000	0	0.0000
group_4434	2043	1057	0.5174	7	1.0049	3	0.8613
group_15804	936	453	0.4840	3	0.9400	1	0.6267
group_2339	108	0	0.0000	0	0.0000	0	0.0000
group_15805	180	1124	6.2444	10	16.2935	5	16.2935
group_15806	258	228	0.8837	2	2.2735	1	2.2735
group_15807	312	0	0.0000	0	0.0000	0	0.0000
group_10255	186	282	1.5161	2	3.1536	1	3.1536
group_12703	309	257	0.8317	2	1.8983	1	1.8983
group_15808	1926	120225	62.4221	809	123.1911	404	123.0388
group_12721	159	0	0.0000	0	0.0000	0	0.0000
group_8894	198	0	0.0000	0	0.0000	0	0.0000
group_14539	798	1747	2.1892	14	5.1453	7	5.1453
group_454	1224	0	0.0000	0	0.0000	0	0.0000
group_15809	627	1434	2.2871	10	4.6776	5	4.6776
group_15810	651	1705	2.6190	12	5.4061	6	5.4061
group_15811	630	0	0.0000	0	0.0000	0	0.0000
group_4277	693	2114	3.0505	14	5.9249	7	5.9249
group_6046	225	0	0.0000	0	0.0000	0	0.0000
group_1714	483	0	0.0000	0	0.0000	0	0.0000
group_3385	726	1159	1.5964	8	3.2318	4	3.2318
group_13638	813	0	0.0000	0	0.0000	0	0.0000
group_5187	234	0	0.0000	0	0.0000	0	0.0000
group_4345	1059	302	0.2852	2	0.5539	1	0.5539
group_9706	1455	0	0.0000	0	0.0000	0	0.0000
group_1522	1203	0	0.0000	0	0.0000	0	0.0000
group_5451	231	3659	15.8398	28	35.5495	14	35.5495
group_11947	543	0	0.0000	0	0.0000	0	0.0000
group_5930	393	399	1.0153	3	2.2388	1	1.4925
group_15812	1071	0	0.0000	0	0.0000	0	0.0000
group_2259	111	0	0.0000	0	0.0000	0	0.0000
group_15813	738	25158	34.0894	171	67.9558	85	67.5585
group_15814	1191	25930	21.7716	175	43.0937	87	42.8474
group_15815	1437	64555	44.9235	442	90.2095	221	90.2096
group_5648	1800	0	0.0000	0	0.0000	0	0.0000
group_9910	189	0	0.0000	0	0.0000	0	0.0000
group_11293	864	2718	3.1458	18	6.1101	9	6.1101
group_9824	576	0	0.0000	0	0.0000	0	0.0000
group_7215	213	0	0.0000	0	0.0000	0	0.0000
group_4009	429	142	0.3310	2	1.3673	1	1.3673
group_15817	303	8203	27.0726	76	73.5628	38	73.5628
group_15818	156	151	0.9679	1	1.8800	0	0.0000
group_15819	144	0	0.0000	0	0.0000	0	0.0000
group_15820	141	0	0.0000	0	0.0000	0	0.0000
group_15822	129	0	0.0000	0	0.0000	0	0.0000
group_15824	351	1714	4.8832	13	10.8623	6	10.0268
group_4327	2076	2770	1.3343	19	2.6842	9	2.5429
group_8896	198	408	2.0606	3	4.4437	1	2.9625
group_15825	183	1049	5.7322	8	12.8211	4	12.8211
group_11390	174	0	0.0000	0	0.0000	0	0.0000
group_2065	117	0	0.0000	0	0.0000	0	0.0000
group_11128	177	0	0.0000	0	0.0000	0	0.0000
group_2688	93	0	0.0000	0	0.0000	0	0.0000
group_3686	255	347	1.3608	3	3.4504	1	2.3003
group_15826	243	0	0.0000	0	0.0000	0	0.0000
group_4047	702	0	0.0000	0	0.0000	0	0.0000
group_12320	537	684	1.2737	5	2.7308	2	2.1846
group_95	138	0	0.0000	0	0.0000	0	0.0000
group_4078	249	861	3.4578	6	7.0671	3	7.0671
group_8509	201	473	2.3532	4	5.8365	2	5.8365
group_4001	1083	1057	0.9760	7	1.8956	3	1.6248
group_6655	381	0	0.0000	0	0.0000	0	0.0000
group_3265	261	3280	12.5670	24	26.9686	12	26.9686
group_4885	1929	0	0.0000	0	0.0000	0	0.0000
group_704	132	0	0.0000	0	0.0000	0	0.0000
group_11692	1356	0	0.0000	0	0.0000	0	0.0000
group_15827	198	0	0.0000	0	0.0000	0	0.0000
group_15828	444	100	0.2252	2	1.3211	1	1.3211
group_3488	258	11492	44.5426	84	95.4875	42	95.4875
group_15829	1365	21712	15.9062	147	31.5843	73	31.3695
group_15830	273	3005	11.0073	21	22.5602	10	21.4859
group_12734	1311	0	0.0000	0	0.0000	0	0.0000
group_7686	609	0	0.0000	0	0.0000	0	0.0000
group_5452	231	0	0.0000	0	0.0000	0	0.0000
group_6856	963	151	0.1568	1	0.3046	0	0.0000
group_2419	273	0	0.0000	0	0.0000	0	0.0000
group_6904	216	174	0.8056	2	2.7156	1	2.7156
group_7986	603	151	0.2504	1	0.4864	0	0.0000
group_12710	531	0	0.0000	0	0.0000	0	0.0000
group_7918	933	280	0.3001	2	0.6287	1	0.6287
group_15831	1128	14411	12.7757	98	25.4803	49	25.4803
group_15832	771	6956	9.0220	47	17.8785	23	17.4981
group_6625	219	151	0.6895	1	1.3392	0	0.0000
group_7815	207	0	0.0000	0	0.0000	0	0.0000
group_4238	423	0	0.0000	0	0.0000	0	0.0000
group_2817	267	1687	6.3184	12	13.1813	6	13.1813
group_15833	1956	7856	4.0164	53	7.9468	26	7.7969
group_15834	240	1585	6.6042	12	14.6642	6	14.6642
group_97	138	404	2.9275	4	8.5010	2	8.5010
group_9623	579	236	0.4076	2	1.0131	1	1.0131
group_15837	294	10285	34.9830	74	73.8196	37	73.8196
group_15836	2310	229674	99.4260	1552	197.0456	776	197.0457
group_15835	1458	160455	110.0514	1089	219.0571	544	218.8560
group_6315	222	2069	9.3198	16	21.1375	8	21.1375
group_15838	1011	3290	3.2542	22	6.3820	11	6.3820
group_15839	117	0	0.0000	0	0.0000	0	0.0000
group_15841	234	4679	19.9957	32	40.1071	16	40.1071
group_15840	348	7309	21.0029	49	41.2956	24	40.4529
group_10590	183	146	0.7978	2	3.2053	1	3.2053
group_3907	252	351	1.3929	2	2.3276	1	2.3276
group_6626	219	729	3.3288	5	6.6960	2	5.3568
group_14112	144	857	5.9514	8	16.2935	4	16.2935
group_1693	123	0	0.0000	0	0.0000	0	0.0000
group_4916	237	898	3.7890	6	7.4249	3	7.4249
group_15843	1062	8062	7.5913	54	14.9127	27	14.9127
group_13837	147	710	4.8299	8	15.9610	4	15.9610
group_13058	825	0	0.0000	0	0.0000	0	0.0000
group_10280	885	218	0.2463	2	0.6628	1	0.6628
group_3306	729	1403	1.9246	10	4.0231	5	4.0231
group_15844	630	0	0.0000	0	0.0000	0	0.0000
lpxB	1239	39463	31.8507	262	62.0179	131	62.0179
group_15845	168	0	0.0000	0	0.0000	0	0.0000
group_4635	414	1878	4.5362	14	9.9178	7	9.9178
group_2998	453	873	1.9272	7	4.5320	3	3.8845
group_2093	1188	654	0.5505	5	1.2344	2	0.9875
group_6120	648	1422	2.1944	10	4.5260	5	4.5260
group_15846	138	0	0.0000	0	0.0000	0	0.0000
group_15847	132	198	1.5000	4	8.8874	2	8.8874
group_15852	339	230	0.6785	2	1.7303	1	1.7303
group_15854	549	25142	45.7960	177	94.5557	88	94.0216
group_12711	531	0	0.0000	0	0.0000	0	0.0000
group_5934	393	9472	24.1018	70	52.2387	35	52.2387
group_15855	1473	7703	5.2295	41	8.1633	20	7.9642
group_6753	630	1057	1.6778	7	3.2587	3	2.7932
group_2659	462	0	0.0000	0	0.0000	0	0.0000
group_15856	177	0	0.0000	0	0.0000	0	0.0000
group_1962	1194	6345	5.3141	45	11.0534	22	10.8078
group_6906	216	0	0.0000	0	0.0000	0	0.0000
group_7839	363	0	0.0000	0	0.0000	0	0.0000
group_10887	180	0	0.0000	0	0.0000	0	0.0000
group_11203	327	2769	8.4679	19	17.0409	9	16.1440
group_12223	165	0	0.0000	0	0.0000	0	0.0000
group_15858	213	8077	37.9202	56	77.1073	28	77.1073
group_15857	1485	22272	14.9980	151	29.8221	75	29.6246
group_15859	696	18532	26.6264	124	52.2516	62	52.2516
group_15861	402	22196	55.2139	158	115.2705	79	115.2705
group_15860	393	32719	83.2545	240	179.1042	120	179.1042
group_15862	786	3478	4.4249	24	8.9552	12	8.9552
group_15863	1539	9192	5.9727	63	12.0057	31	11.8152
group_15864	1659	258024	155.5298	1719	303.8901	859	303.7134
group_9913	189	0	0.0000	0	0.0000	0	0.0000
group_6316	222	151	0.6802	1	1.3211	0	0.0000
group_12055	846	3185	3.7648	22	7.6267	11	7.6267
group_15865	441	4316	9.7868	29	19.2862	14	18.6212
group_15867	255	431	1.6902	3	3.4504	1	2.3003
group_15868	321	0	0.0000	0	0.0000	0	0.0000
group_2715	1158	1963	1.6952	13	3.2925	6	3.0392
group_7509	210	0	0.0000	0	0.0000	0	0.0000
group_9604	192	0	0.0000	0	0.0000	0	0.0000
group_2542	1167	0	0.0000	0	0.0000	0	0.0000
group_9242	1482	1208	0.8151	8	1.5832	4	1.5832
group_4985	672	1648	2.4524	11	4.8008	5	4.3643
group_4312	1062	0	0.0000	0	0.0000	0	0.0000
group_2398	468	1266	2.7051	9	5.6401	4	5.0134
group_4845	1035	2623	2.5343	17	4.8172	8	4.5338
group_15869	657	7574	11.5282	53	23.6591	26	23.2127
group_15870	1446	6305	4.3603	43	8.7214	21	8.5186
group_15872	612	0	0.0000	0	0.0000	0	0.0000
group_15874	408	0	0.0000	0	0.0000	0	0.0000
group_15871	390	293	0.7513	3	2.2560	1	1.5040
group_15873	315	4515	14.3333	31	28.8628	15	27.9317
group_15878	339	1057	3.1180	7	6.0560	3	5.1909
group_15876	933	23554	25.2454	164	51.5524	82	51.5525
group_15877	645	6645	10.3023	51	23.1898	25	22.7351
group_15879	684	9499	13.8874	65	27.8705	32	27.4417
group_15880	987	38262	38.7660	255	75.7722	127	75.4751
group_15881	1005	67374	67.0388	468	136.5736	234	136.5737
group_10592	183	166	0.9071	2	3.2053	1	3.2053
group_5021	1026	4228	4.1209	28	8.0038	14	8.0038
group_8690	591	2063	3.4907	14	6.9475	7	6.9475
group_15882	198	0	0.0000	0	0.0000	0	0.0000
group_15883	1521	67482	44.3669	457	88.1199	228	87.9271
group_4780	1038	453	0.4364	3	0.8476	1	0.5651
group_15885	798	55066	69.0050	369	135.6159	184	135.2484
group_15884	1839	123857	67.3502	828	132.0492	414	132.0492
group_7259	618	0	0.0000	0	0.0000	0	0.0000
group_15886	210	424	2.0190	4	5.5863	2	5.5863
group_15887	825	0	0.0000	0	0.0000	0	0.0000
group_5190	234	3702	15.8205	32	40.1071	16	40.1071
group_8229	927	0	0.0000	0	0.0000	0	0.0000
group_6138	987	828	0.8389	6	1.7829	3	1.7829
group_9436	582	0	0.0000	0	0.0000	0	0.0000
group_11532	858	302	0.3520	2	0.6836	1	0.6836
group_15888	681	46431	68.1806	328	141.2582	164	141.2583
group_7216	213	0	0.0000	0	0.0000	0	0.0000
group_4846	1035	0	0.0000	0	0.0000	0	0.0000
group_8552	921	0	0.0000	0	0.0000	0	0.0000
group_2763	747	0	0.0000	0	0.0000	0	0.0000
group_1953	480	0	0.0000	0	0.0000	0	0.0000
group_7617	366	0	0.0000	0	0.0000	0	0.0000
group_8436	357	604	1.6919	4	3.2861	2	3.2861
group_5746	228	2032	8.9123	15	19.2949	7	18.0086
group_11938	168	1834	10.9167	16	27.9317	8	27.9317
group_15889	726	7993	11.0096	56	22.6224	28	22.6224
group_8993	912	151	0.1656	1	0.3216	0	0.0000
group_2976	738	0	0.0000	0	0.0000	0	0.0000
group_4200	696	0	0.0000	0	0.0000	0	0.0000
group_11398	174	0	0.0000	0	0.0000	0	0.0000
group_11925	849	0	0.0000	0	0.0000	0	0.0000
group_12224	165	228	1.3818	2	3.5549	1	3.5549
group_2552	99	0	0.0000	0	0.0000	0	0.0000
group_146	1233	553	0.4485	4	0.9514	2	0.9514
group_14113	144	0	0.0000	0	0.0000	0	0.0000
group_15890	375	2702	7.2053	19	14.8597	9	14.0776
group_6360	639	23040	36.0563	188	86.2867	94	86.2868
group_12225	165	0	0.0000	0	0.0000	0	0.0000
group_5970	648	0	0.0000	0	0.0000	0	0.0000
group_7109	621	0	0.0000	0	0.0000	0	0.0000
group_10889	180	122	0.6778	2	3.2587	1	3.2587
group_15892	243	295	1.2140	2	2.4139	1	2.4139
group_15891	1095	17371	15.8639	91	24.3733	45	24.1055
group_15893	837	54956	65.6583	369	129.2968	184	128.9465
group_11397	174	1088	6.2529	8	13.4843	4	13.4843
group_332	1227	0	0.0000	0	0.0000	0	0.0000
group_7816	207	0	0.0000	0	0.0000	0	0.0000
group_15894	159	0	0.0000	0	0.0000	0	0.0000
group_5454	231	1811	7.8398	14	17.7747	7	17.7747
group_12984	306	6724	21.9739	48	46.0052	24	46.0052
group_15895	1263	100585	79.6397	672	156.0461	336	156.0462
group_15896	2160	171123	79.2236	1143	155.1956	571	155.0599
group_15897	1236	16528	13.3722	112	26.5758	56	26.5758
group_5738	1785	0	0.0000	0	0.0000	0	0.0000
group_225	498	0	0.0000	0	0.0000	0	0.0000
group_624	4821	75004	15.5578	498	30.2956	249	30.2956
group_12299	1332	19048	14.3003	129	28.4035	64	28.1834
group_15903	303	261	0.8614	2	1.9359	1	1.9359
group_15900	192	0	0.0000	0	0.0000	0	0.0000
group_15905	1386	2086	1.5051	14	2.9625	7	2.9625
group_15901	1131	391	0.3457	3	0.7779	1	0.5186
group_15908	540	302	0.5593	2	1.0862	1	1.0862
group_15902	591	604	1.0220	4	1.9850	2	1.9850
group_15898	432	661	1.5301	5	3.3945	2	2.7156
group_15899	402	3215	7.9975	24	17.5094	12	17.5094
group_15907	693	1094	1.5786	8	3.3857	4	3.3857
group_15911	432	10777	24.9468	74	50.2383	37	50.2383
group_6585	1674	16890	10.0896	115	20.1479	57	19.9727
group_3281	1536	21035	13.6947	143	27.3043	71	27.1134
group_10811	564	8868	15.7234	62	32.2403	31	32.2403
group_11672	855	8866	10.3696	62	21.2673	31	21.2673
group_2990	264	4559	17.2689	33	36.6604	16	35.5495
group_5566	399	6984	17.5038	52	38.2224	26	38.2224
group_15912	171	1180	6.9006	8	13.7208	4	13.7209
group_15913	534	0	0.0000	0	0.0000	0	0.0000
group_104	138	0	0.0000	0	0.0000	0	0.0000
group_4977	1914	38982	20.3668	264	40.4528	132	40.4529
group_7575	942	11952	12.6879	81	25.2186	40	24.9073
group_11425	1368	24787	18.1192	165	35.3741	82	35.1597
group_10184	339	6209	18.3156	43	37.2011	21	36.3360
group_15914	453	23113	51.0221	160	103.5878	80	103.5879
group_15915	153	0	0.0000	0	0.0000	0	0.0000
group_15916	156	130	0.8333	2	3.7600	1	3.7600
group_3495	258	37911	146.9419	260	295.5566	130	295.5567
group_11436	552	9173	16.6178	66	35.0665	33	35.0665
group_13912	1263	17780	14.0776	121	28.0976	60	27.8654
group_6386	1689	26091	15.4476	175	30.3875	87	30.2139
group_8754	354	21399	60.4492	147	121.7870	73	120.9586
group_5456	231	7299	31.5974	50	63.4812	25	63.4812
group_15917	345	6665	19.3188	47	39.9545	23	39.1044
group_9321	348	3194	9.1782	25	21.0692	12	20.2264
group_15919	579	38896	67.1779	275	139.2968	137	138.7903
group_15918	789	11954	15.1508	85	31.5958	42	31.2241
group_15920	702	43268	61.6353	296	123.6635	148	123.6636
group_12999	156	1408	9.0256	13	24.4403	6	22.5602
group_15921	261	2571	9.8506	19	21.3501	9	20.2264
group_15922	4194	81836	19.5126	551	38.5310	275	38.4611
group_11943	168	880	5.2381	6	10.4744	3	10.4744
group_15926	429	8439	19.6713	58	39.6513	29	39.6513
group_15924	2379	50241	21.1185	335	41.2988	167	41.1755
group_15925	1923	41404	21.5309	277	42.2462	138	42.0937
group_11678	171	1738	10.1637	13	22.2964	6	20.5813
group_9665	1458	16635	11.4095	111	22.3281	55	22.1270
group_2400	468	5472	11.6923	38	23.8136	19	23.8136
cRR6	474	36161	76.2890	248	153.4477	124	153.4477
group_15927	1374	62496	45.4847	424	90.5037	212	90.5037
group_3919	432	20851	48.2662	145	98.4399	72	97.7611
group_5747	396	12949	32.6995	94	69.6177	47	69.6177
group_15933	867	9294	10.7197	63	21.3112	31	20.9730
group_15932	2157	30561	14.1683	204	27.7375	102	27.7375
group_15929	195	997	5.1128	8	12.0321	4	12.0321
group_10486	336	6823	20.3065	49	42.7704	24	41.8976
group_2401	468	7041	15.0449	50	31.3337	25	31.3337
group_15934	147	0	0.0000	0	0.0000	0	0.0000
group_10549	567	7483	13.1975	52	26.8972	26	26.8972
group_12494	162	2898	17.8889	20	36.2078	10	36.2078
group_15935	1017	82871	81.4857	552	159.1861	276	159.1861
group_7554	612	24260	39.6405	174	83.3844	87	83.3844
group_3489	723	453	0.6266	3	1.2169	1	0.8113
group_15936	315	2441	7.7492	23	21.4143	11	20.4833
group_2255	276	3977	14.4094	28	29.7534	14	29.7534
group_9610	192	2516	13.1042	20	30.5503	10	30.5503
group_2620	270	3574	13.2370	25	27.1558	12	26.0696
group_15937	1008	18605	18.4573	126	36.6604	63	36.6604
group_15938	1461	22340	15.2909	149	29.9105	74	29.7097
group_15939	189	5778	30.5714	43	66.7258	21	65.1740
group_15942	1206	16946	14.0514	114	27.7233	57	27.7233
group_7822	207	891	4.3043	6	8.5010	3	8.5010
group_15943	1239	29514	23.8208	198	46.8685	99	46.8685
group_15955	1431	56720	39.6366	384	78.7007	192	78.7007
group_1092	489	6978	14.2699	49	29.3883	24	28.7885
group_15960	303	270	0.8911	2	1.9359	1	1.9359
group_15961	288	0	0.0000	0	0.0000	0	0.0000
group_15959	666	1011	1.5180	7	3.0826	3	2.6422
group_15962	117	0	0.0000	0	0.0000	0	0.0000
group_15963	324	8312	25.6543	62	56.1221	31	56.1221
group_15940	354	0	0.0000	0	0.0000	0	0.0000
group_15964	1641	116258	70.8458	777	138.8671	388	138.6884
group_2622	270	941	3.4852	7	7.6036	3	6.5174
group_12319	840	27859	33.1655	197	68.7819	98	68.4327
group_6754	630	2537	4.0270	18	8.3795	9	8.3795
group_15965	1284	226710	176.5654	1625	371.1721	812	370.9438
group_15966	1236	41543	33.6108	281	66.6768	140	66.4396
group_15967	942	16734	17.7643	113	35.1815	56	34.8702
group_15968	255	8174	32.0549	56	64.4073	28	64.4073
group_3498	258	7105	27.5388	63	71.6156	31	70.4789
group_4129	426	12265	28.7911	88	60.5843	44	60.5843
group_11452	324	369	1.1389	3	2.7156	1	1.8104
group_15971	951	77449	81.4395	531	163.7574	265	163.4491
group_15972	546	34238	62.7070	233	125.1556	116	124.6185
group_7523	210	82	0.3905	1	1.3966	0	0.0000
group_15974	273	937	3.4322	8	8.5944	4	8.5944
group_15981	495	2964	5.9879	22	13.0348	11	13.0348
group_15979	1101	9968	9.0536	69	18.3801	34	18.1138
group_15978	609	1929	3.1675	14	6.7421	7	6.7421
group_15980	3918	22249	5.6787	148	11.0786	74	11.0786
group_7018	375	0	0.0000	0	0.0000	0	0.0000
group_12193	315	0	0.0000	0	0.0000	0	0.0000
group_5749	396	0	0.0000	0	0.0000	0	0.0000
group_6639	219	1124	5.1324	10	13.3919	5	13.3919
group_11946	168	663	3.9464	8	13.9659	4	13.9659
group_10895	180	0	0.0000	0	0.0000	0	0.0000
group_9849	342	0	0.0000	0	0.0000	0	0.0000
group_1966	3429	7145	2.0837	48	4.1054	24	4.1055
group_13464	816	0	0.0000	0	0.0000	0	0.0000
group_2547	465	1138	2.4473	8	5.0457	4	5.0457
group_13266	153	0	0.0000	0	0.0000	0	0.0000
group_2473	102	0	0.0000	0	0.0000	0	0.0000
group_15986	1542	0	0.0000	0	0.0000	0	0.0000
group_15982	1554	0	0.0000	0	0.0000	0	0.0000
group_15985	552	0	0.0000	0	0.0000	0	0.0000
group_15983	426	0	0.0000	0	0.0000	0	0.0000
group_15984	381	0	0.0000	0	0.0000	0	0.0000
group_7227	213	302	1.4178	2	2.7538	1	2.7538
group_12736	159	1045	6.5723	8	14.7564	4	14.7564
group_4130	426	19959	46.8521	146	100.5149	73	100.5149
group_6914	216	1327	6.1435	12	16.2935	6	16.2935
group_15990	3027	1370	0.4526	9	0.8720	4	0.7751
group_15989	1359	8490	6.2472	57	12.3011	28	12.0853
group_15988	1251	15484	12.3773	107	25.0850	53	24.8505
group_15987	156	0	0.0000	0	0.0000	0	0.0000
group_15992	240	360	1.5000	3	3.6660	1	2.4440
group_15991	396	151	0.3813	1	0.7406	0	0.0000
group_2261	111	0	0.0000	0	0.0000	0	0.0000
group_718	132	0	0.0000	0	0.0000	0	0.0000
group_7524	210	104	0.4952	2	2.7932	1	2.7932
group_4923	237	0	0.0000	0	0.0000	0	0.0000
group_12235	165	0	0.0000	0	0.0000	0	0.0000
group_2342	108	0	0.0000	0	0.0000	0	0.0000
group_2068	117	0	0.0000	0	0.0000	0	0.0000
group_12322	537	969	1.8045	6	3.2769	3	3.2769
group_14341	504	18810	37.3214	133	77.3941	66	76.8123
group_12228	165	0	0.0000	0	0.0000	0	0.0000
group_2824	267	0	0.0000	0	0.0000	0	0.0000
group_3431	444	0	0.0000	0	0.0000	0	0.0000
group_7229	213	0	0.0000	0	0.0000	0	0.0000
group_6638	219	0	0.0000	0	0.0000	0	0.0000
group_2161	114	0	0.0000	0	0.0000	0	0.0000
group_6641	219	256	1.1689	2	2.6784	1	2.6784
group_6060	225	0	0.0000	0	0.0000	0	0.0000
group_15993	258	4374	16.9535	29	32.9659	14	31.8292
group_14325	294	0	0.0000	0	0.0000	0	0.0000
group_9613	192	0	0.0000	0	0.0000	0	0.0000
group_1137	285	0	0.0000	0	0.0000	0	0.0000
group_1391	126	0	0.0000	0	0.0000	0	0.0000
group_8524	201	0	0.0000	0	0.0000	0	0.0000
group_9854	342	0	0.0000	0	0.0000	0	0.0000
group_9548	345	0	0.0000	0	0.0000	0	0.0000
group_15999	2496	30943	12.3970	213	25.0278	106	24.9103
group_15998	213	400	1.8779	3	4.1307	1	2.7538
group_15996	189	0	0.0000	0	0.0000	0	0.0000
group_15997	1704	3911	2.2952	26	4.4750	13	4.4750
group_13267	153	999	6.5294	8	15.3351	4	15.3351
group_9053	351	0	0.0000	0	0.0000	0	0.0000
group_13792	810	0	0.0000	0	0.0000	0	0.0000
group_4971	408	485	1.1887	2	1.4377	1	1.4377
group_4692	240	324	1.3500	4	4.8881	2	4.8881
group_12231	165	0	0.0000	0	0.0000	0	0.0000
group_2052	279	0	0.0000	0	0.0000	0	0.0000
group_8202	204	296	1.4510	2	2.8753	1	2.8753
group_13268	153	0	0.0000	0	0.0000	0	0.0000
group_7296	1599	9571	5.9856	65	11.9221	32	11.7387
group_5198	234	223	0.9530	2	2.5067	1	2.5067
group_4346	2070	0	0.0000	0	0.0000	0	0.0000
group_4083	249	0	0.0000	0	0.0000	0	0.0000
group_4976	408	0	0.0000	0	0.0000	0	0.0000
group_5191	405	3976	9.8173	28	20.2764	14	20.2764
group_581	288	0	0.0000	0	0.0000	0	0.0000
group_12232	165	0	0.0000	0	0.0000	0	0.0000
group_2262	111	0	0.0000	0	0.0000	0	0.0000
group_4866	1935	550	0.2842	4	0.6063	2	0.6063
group_4769	1959	0	0.0000	0	0.0000	0	0.0000
group_2285	471	0	0.0000	0	0.0000	0	0.0000
group_2351	762	0	0.0000	0	0.0000	0	0.0000
group_7111	621	0	0.0000	0	0.0000	0	0.0000
group_7827	207	0	0.0000	0	0.0000	0	0.0000
group_16003	225	3540	15.7333	28	36.4975	14	36.4975
group_16000	837	43854	52.3943	316	110.7258	158	110.7258
group_16005	393	7660	19.4911	53	39.5522	26	38.8059
group_16008	420	33314	79.3190	228	159.2108	114	159.2109
group_16007	186	98	0.5269	1	1.5768	0	0.0000
group_16004	651	0	0.0000	0	0.0000	0	0.0000
group_16009	150	120	0.8000	1	1.9552	0	0.0000
group_16001	792	494	0.6237	4	1.4812	2	1.4812
group_16011	1449	6884	4.7509	46	9.3106	23	9.3106
group_4135	426	592	1.3897	4	2.7538	2	2.7538
group_6741	1656	1510	0.9118	10	1.7710	5	1.7710
group_9654	897	401	0.4470	3	0.9809	1	0.6539
group_10015	1440	1359	0.9438	9	1.8330	4	1.6294
group_6782	966	602	0.6232	4	1.2144	2	1.2144
group_13851	147	0	0.0000	0	0.0000	0	0.0000
group_3054	2553	5748	2.2515	38	4.3654	19	4.3654
group_7074	1620	3824	2.3605	26	4.7070	13	4.7070
group_5420	483	0	0.0000	0	0.0000	0	0.0000
group_9453	582	151	0.2595	1	0.5039	0	0.0000
group_16013	284	1974	6.9507	16	16.5230	8	16.5230
group_16014	666	0	0.0000	0	0.0000	0	0.0000
group_16015	390	9191	23.5667	63	47.3765	31	46.6245
group_4684	681	0	0.0000	0	0.0000	0	0.0000
group_2426	273	0	0.0000	0	0.0000	0	0.0000
group_4571	1047	2566	2.4508	18	5.0421	9	5.0421
group_14260	1251	4966	3.9696	33	7.7365	16	7.5020
group_2720	1158	1963	1.6952	13	3.2925	6	3.0392
group_15574	744	2263	3.0417	16	6.3072	8	6.3072
group_15576	2013	1354	0.6726	10	1.4569	5	1.4569
group_15579	567	0	0.0000	0	0.0000	0	0.0000
group_15577	552	453	0.8207	3	1.5939	1	1.0626
group_15589	729	151	0.2071	1	0.4023	0	0.0000
group_15590	234	0	0.0000	0	0.0000	0	0.0000
group_15587	660	0	0.0000	0	0.0000	0	0.0000
group_15581	2181	1208	0.5539	8	1.0758	4	1.0758
group_16017	372	212	0.5699	2	1.5768	1	1.5768
group_16016	396	2331	5.8864	18	13.3310	9	13.3311
group_16019	681	0	0.0000	0	0.0000	0	0.0000
group_16020	645	2116	3.2806	14	6.3658	7	6.3658
group_8917	198	0	0.0000	0	0.0000	0	0.0000
group_16021	153	0	0.0000	0	0.0000	0	0.0000
group_7232	372	0	0.0000	0	0.0000	0	0.0000
group_16023	672	0	0.0000	0	0.0000	0	0.0000
group_16022	1239	0	0.0000	0	0.0000	0	0.0000
group_16024	165	0	0.0000	0	0.0000	0	0.0000
group_16025	131	420	3.2061	4	8.9552	2	8.9552
group_16026	711	0	0.0000	0	0.0000	0	0.0000
group_16027	453	0	0.0000	0	0.0000	0	0.0000
group_16028	132	0	0.0000	0	0.0000	0	0.0000
group_13475	816	294	0.3603	2	0.7188	1	0.7188
group_6669	381	151	0.3963	1	0.7698	0	0.0000
group_9330	348	1158	3.3276	8	6.7421	4	6.7421
group_16029	315	978	3.1048	8	7.4485	4	7.4485
group_6080	1740	0	0.0000	0	0.0000	0	0.0000
group_7237	951	0	0.0000	0	0.0000	0	0.0000
group_7119	621	389	0.6264	3	1.4168	1	0.9446
group_16030	666	0	0.0000	0	0.0000	0	0.0000
group_16031	2775	6891	2.4832	46	4.8616	23	4.8616
group_16032	624	1320	2.1154	9	4.2300	4	3.7600
group_8914	198	0	0.0000	0	0.0000	0	0.0000
group_8539	201	274	1.3632	2	2.9182	1	2.9182
group_8540	201	302	1.5025	2	2.9182	1	2.9182
group_11721	321	7268	22.6417	50	45.6827	25	45.6827
group_180	291	0	0.0000	0	0.0000	0	0.0000
group_12726	309	0	0.0000	0	0.0000	0	0.0000
group_2056	771	0	0.0000	0	0.0000	0	0.0000
group_3283	261	272	1.0421	2	2.2474	1	2.2474
group_5944	393	395	1.0051	3	2.2388	1	1.4925
group_4367	690	230	0.3333	2	0.8501	1	0.8501
group_6645	1665	0	0.0000	0	0.0000	0	0.0000
group_10277	186	878	4.7204	6	9.4607	3	9.4607
group_13213	822	0	0.0000	0	0.0000	0	0.0000
group_2475	102	0	0.0000	0	0.0000	0	0.0000
group_7234	372	4051	10.8898	30	23.6519	15	23.6519
group_9935	189	0	0.0000	0	0.0000	0	0.0000
group_12137	540	0	0.0000	0	0.0000	0	0.0000
group_13375	519	0	0.0000	0	0.0000	0	0.0000
group_12732	531	0	0.0000	0	0.0000	0	0.0000
group_3009	453	0	0.0000	0	0.0000	0	0.0000
group_16033	141	280	1.9858	4	8.3201	2	8.3201
group_5573	399	0	0.0000	0	0.0000	0	0.0000
group_1158	285	0	0.0000	0	0.0000	0	0.0000
group_5213	234	180	0.7692	2	2.5067	1	2.5067
group_16034	1200	0	0.0000	0	0.0000	0	0.0000
group_15946	1902	30604	16.0904	207	31.9188	103	31.7646
group_15952	1761	32204	18.2873	217	36.1399	108	35.9734
group_16036	459	0	0.0000	0	0.0000	0	0.0000
group_16049	225	0	0.0000	0	0.0000	0	0.0000
group_16051	564	0	0.0000	0	0.0000	0	0.0000
group_16040	834	1436	1.7218	10	3.5166	5	3.5166
group_16041	918	592	0.6449	4	1.2779	2	1.2779
group_16044	309	0	0.0000	0	0.0000	0	0.0000
group_16038	666	0	0.0000	0	0.0000	0	0.0000
group_16046	324	151	0.4660	1	0.9052	0	0.0000
group_16043	570	0	0.0000	0	0.0000	0	0.0000
group_16039	147	0	0.0000	0	0.0000	0	0.0000
group_16045	768	1408	1.8333	12	4.5825	6	4.5825
group_16050	249	0	0.0000	0	0.0000	0	0.0000
group_16035	888	302	0.3401	2	0.6605	1	0.6605
group_16042	291	0	0.0000	0	0.0000	0	0.0000
group_16047	324	0	0.0000	0	0.0000	0	0.0000
group_16048	261	0	0.0000	0	0.0000	0	0.0000
group_16037	348	0	0.0000	0	0.0000	0	0.0000
group_12731	309	0	0.0000	0	0.0000	0	0.0000
group_4935	237	0	0.0000	0	0.0000	0	0.0000
group_16052	252	0	0.0000	0	0.0000	0	0.0000
group_16054	2376	66874	28.1456	446	55.0523	223	55.0523
group_16053	201	0	0.0000	0	0.0000	0	0.0000
group_16055	1263	28076	22.2296	195	45.2812	97	45.0490
group_6124	645	0	0.0000	0	0.0000	0	0.0000
group_16057	267	150	0.5618	1	1.0984	0	0.0000
group_16056	195	211	1.0821	2	3.0080	1	3.0080
group_9286	195	0	0.0000	0	0.0000	0	0.0000
group_1958	480	0	0.0000	0	0.0000	0	0.0000
group_8761	918	0	0.0000	0	0.0000	0	0.0000
group_2060	279	10638	38.1290	92	96.7098	46	96.7099
group_12733	309	1908	6.1748	13	12.3388	6	11.3896
group_4809	486	176	0.3621	2	1.2069	1	1.2069
group_9940	189	274	1.4497	3	4.6553	1	3.1035
group_4938	237	403	1.7004	3	3.7124	1	2.4750
group_11285	555	0	0.0000	0	0.0000	0	0.0000
group_7242	213	0	0.0000	0	0.0000	0	0.0000
group_12739	159	0	0.0000	0	0.0000	0	0.0000
group_16059	390	151	0.3872	1	0.7520	0	0.0000
group_16058	273	453	1.6593	3	3.2229	1	2.1486
group_13859	147	0	0.0000	0	0.0000	0	0.0000
group_13015	156	0	0.0000	0	0.0000	0	0.0000
group_1433	486	652	1.3416	5	3.0173	2	2.4139
group_1964	480	551	1.1479	4	2.4440	2	2.4440
group_16062	414	0	0.0000	0	0.0000	0	0.0000
group_16061	2964	725	0.2446	5	0.4947	2	0.3958
group_16060	216	0	0.0000	0	0.0000	0	0.0000
group_13586	150	0	0.0000	0	0.0000	0	0.0000
group_16063	132	192	1.4545	2	4.4437	1	4.4437
group_11453	552	0	0.0000	0	0.0000	0	0.0000
group_2216	3159	0	0.0000	0	0.0000	0	0.0000
group_9066	351	0	0.0000	0	0.0000	0	0.0000
group_4987	408	664	1.6275	5	3.5942	2	2.8753
group_13617	300	1467	4.8900	10	9.7761	5	9.7761
group_16064	141	451	3.1986	6	12.4801	3	12.4801
group_16065	381	0	0.0000	0	0.0000	0	0.0000
group_16066	199	0	0.0000	0	0.0000	0	0.0000
group_16067	225	0	0.0000	0	0.0000	0	0.0000
group_6347	387	39325	101.6150	278	210.6788	139	210.6789
group_16068	234	3378	14.4359	28	35.0937	14	35.0937
group_16069	732	0	0.0000	0	0.0000	0	0.0000
group_16070	1329	553	0.4161	4	0.8827	2	0.8827
group_16072	126	0	0.0000	0	0.0000	0	0.0000
group_16073	381	0	0.0000	0	0.0000	0	0.0000
group_3084	735	2167	2.9483	15	5.9854	7	5.5863
group_6813	1647	0	0.0000	0	0.0000	0	0.0000
galE	1008	134	0.1329	2	0.5819	1	0.5819
group_3289	261	0	0.0000	0	0.0000	0	0.0000
group_7272	1602	0	0.0000	0	0.0000	0	0.0000
group_6709	1659	0	0.0000	0	0.0000	0	0.0000
group_14190	1254	0	0.0000	0	0.0000	0	0.0000
group_6450	1683	0	0.0000	0	0.0000	0	0.0000
group_12740	159	0	0.0000	0	0.0000	0	0.0000
group_667	4761	248417	52.1775	1664	102.5043	832	102.5043
group_16074	249	5879	23.6104	41	48.2916	20	47.1138
group_16075	306	0	0.0000	0	0.0000	0	0.0000
group_3503	723	0	0.0000	0	0.0000	0	0.0000
group_4493	687	0	0.0000	0	0.0000	0	0.0000
group_8570	921	1509	1.6384	10	3.1844	5	3.1844
group_12244	165	0	0.0000	0	0.0000	0	0.0000
group_9140	909	102	0.1122	2	0.6453	1	0.6453
group_13587	150	0	0.0000	0	0.0000	0	0.0000
group_7784	936	0	0.0000	0	0.0000	0	0.0000
group_8567	921	0	0.0000	0	0.0000	0	0.0000
group_8078	1539	302	0.1962	2	0.3811	1	0.3811
group_4763	1962	147	0.0749	1	0.1495	0	0.0000
group_2743	2739	151	0.0551	1	0.1071	0	0.0000
group_4785	411	0	0.0000	0	0.0000	0	0.0000
group_5203	405	0	0.0000	0	0.0000	0	0.0000
group_7274	618	0	0.0000	0	0.0000	0	0.0000
group_10784	333	0	0.0000	0	0.0000	0	0.0000
group_6376	639	0	0.0000	0	0.0000	0	0.0000
group_16076	633	0	0.0000	0	0.0000	0	0.0000
group_15951	1008	14993	14.8740	101	29.3865	50	29.0956
group_15949	1005	12536	12.4736	84	24.5132	42	24.5132
group_15947	279	2705	9.6953	19	19.9727	9	18.9215
group_15944	234	1204	5.1453	8	10.0268	4	10.0268
group_16077	351	0	0.0000	0	0.0000	0	0.0000
group_4089	249	0	0.0000	0	0.0000	0	0.0000
group_16078	255	0	0.0000	0	0.0000	0	0.0000
group_16079	135	0	0.0000	0	0.0000	0	0.0000
group_16080	1017	0	0.0000	0	0.0000	0	0.0000
group_16081	540	0	0.0000	0	0.0000	0	0.0000
group_7245	213	0	0.0000	0	0.0000	0	0.0000
group_16082	150	0	0.0000	0	0.0000	0	0.0000
group_16083	444	4526	10.1937	31	20.4770	15	19.8164
group_16085	717	22758	31.7406	160	65.4467	80	65.4467
group_16086	108	182	1.6852	2	5.4312	1	5.4312
group_16087	447	0	0.0000	0	0.0000	0	0.0000
group_16088	279	7595	27.2222	57	59.9180	28	58.8669
group_16091	195	370	1.8974	3	4.5120	1	3.0080
group_16089	4425	2361	0.5336	16	1.0605	8	1.0605
group_16092	984	0	0.0000	0	0.0000	0	0.0000
group_16093	357	0	0.0000	0	0.0000	0	0.0000
group_16094	543	755	1.3904	5	2.7006	2	2.1605
group_2409	105	0	0.0000	0	0.0000	0	0.0000
group_4789	411	0	0.0000	0	0.0000	0	0.0000
group_16095	162	0	0.0000	0	0.0000	0	0.0000
group_16096	174	100	0.5747	2	3.3711	1	3.3711
group_16097	144	222	1.5417	2	4.0734	1	4.0734
group_16098	99	0	0.0000	0	0.0000	0	0.0000
group_16099	1572	0	0.0000	0	0.0000	0	0.0000
group_16100	180	248	1.3778	2	3.2587	1	3.2587
group_1701	3585	3520	0.9819	23	1.8816	11	1.7998
group_16101	564	186	0.3298	2	1.0400	1	1.0400
group_16102	495	4584	9.2606	31	18.3672	15	17.7747
group_16103	318	416	1.3082	3	2.7668	1	1.8445
group_16104	3321	302	0.0909	2	0.1766	1	0.1766
group_16105	1302	0	0.0000	0	0.0000	0	0.0000
group_16106	189	297	1.5714	2	3.1035	1	3.1035
group_9948	1443	453	0.3139	3	0.6097	1	0.4065
group_6629	972	604	0.6214	4	1.2069	2	1.2069
group_1960	480	0	0.0000	0	0.0000	0	0.0000
group_585	1221	0	0.0000	0	0.0000	0	0.0000
group_16107	144	160	1.1111	2	4.0734	1	4.0734
group_13218	822	302	0.3674	2	0.7136	1	0.7136
group_11962	168	1585	9.4345	13	22.6945	6	20.9488
group_16108	282	956	3.3901	7	7.2801	3	6.2401
group_16109	240	302	1.2583	2	2.4440	1	2.4440
group_2410	105	0	0.0000	0	0.0000	0	0.0000
group_2265	111	0	0.0000	0	0.0000	0	0.0000
group_16110	162	227	1.4012	3	5.4312	1	3.6208
group_16111	1440	123009	85.4229	812	165.3791	406	165.3791
group_16112	669	2413	3.6069	17	7.4526	8	7.0142
group_16113	198	145	0.7323	1	1.4812	0	0.0000
group_16114	246	4660	18.9431	38	45.3039	19	45.3039
group_16116	1050	222808	212.1981	1541	430.4278	770	430.1487
group_16115	336	44255	131.7113	344	300.2660	172	300.2661
group_16117	789	30972	39.2548	202	75.0864	101	75.0864
group_16118	816	64301	78.8002	435	156.3458	217	155.9864
group_16119	618	70684	114.3754	494	234.4366	247	234.4367
group_16121	150	2511	16.7400	22	43.0149	11	43.0149
group_7126	621	813	1.3092	6	2.8337	3	2.8337
group_6651	219	0	0.0000	0	0.0000	0	0.0000
group_3700	255	517	2.0275	4	4.6005	2	4.6005
group_3311	2433	1439	0.5915	10	1.2054	5	1.2054
group_16122	189	0	0.0000	0	0.0000	0	0.0000
group_11797	852	1359	1.5951	9	3.0981	4	2.7538
group_16123	867	518	0.5975	4	1.3531	2	1.3531
group_13219	822	0	0.0000	0	0.0000	0	0.0000
group_10610	183	0	0.0000	0	0.0000	0	0.0000
group_2192	3183	4361	1.3701	30	2.7642	15	2.7642
group_10911	180	437	2.4278	3	4.8881	1	3.2587
group_16124	1341	117006	87.2528	788	172.3393	394	172.3394
group_16125	315	865	2.7460	6	5.5863	3	5.5863
group_13864	147	0	0.0000	0	0.0000	0	0.0000
group_2672	750	2114	2.8187	14	5.4746	7	5.4746
group_16126	180	0	0.0000	0	0.0000	0	0.0000
group_16127	306	6910	22.5817	47	45.0467	23	44.0883
group_16128	417	18149	43.5228	121	85.1013	60	84.3980
group_10291	186	6051	32.5323	45	70.9556	22	69.3788
group_15642	222	3939	17.7432	28	36.9907	14	36.9907
group_15641	642	23822	37.1059	160	73.0924	80	73.0924
group_4441	243	0	0.0000	0	0.0000	0	0.0000
group_16129	384	151	0.3932	1	0.7638	0	0.0000
group_16130	240	0	0.0000	0	0.0000	0	0.0000
group_16131	1047	424	0.4050	3	0.8404	1	0.5602
group_5605	657	0	0.0000	0	0.0000	0	0.0000
group_3872	1092	0	0.0000	0	0.0000	0	0.0000
group_2064	279	0	0.0000	0	0.0000	0	0.0000
group_3921	253	0	0.0000	0	0.0000	0	0.0000
group_16132	1158	552	0.4767	4	1.0131	2	1.0131
group_16135	189	302	1.5979	2	3.1035	1	3.1035
group_16137	669	47947	71.6697	329	144.2304	164	143.7920
group_2797	1152	0	0.0000	0	0.0000	0	0.0000
group_1972	774	10007	12.9289	66	25.0086	33	25.0086
group_16138	252	105	0.4167	2	2.3276	1	2.3276
group_16139	330	0	0.0000	0	0.0000	0	0.0000
group_16140	394	617	1.5660	4	2.9775	2	2.9775
group_16141	1620	302	0.1864	2	0.3621	1	0.3621
group_16142	3714	151	0.0407	1	0.0790	0	0.0000
group_16144	552	0	0.0000	0	0.0000	0	0.0000
group_16143	729	0	0.0000	0	0.0000	0	0.0000
group_16146	1173	8811	7.5115	59	14.7517	29	14.5016
group_16148	2286	24174	10.5748	162	20.7838	81	20.7838
group_16149	990	9571	9.6677	65	19.2560	32	18.9597
group_13277	153	0	0.0000	0	0.0000	0	0.0000
group_16150	5061	16812	3.3219	92	5.3314	46	5.3314
group_16151	303	15391	50.7954	106	102.6007	53	102.6007
group_1080	129	169	1.3101	2	4.5470	1	4.5470
group_2615	96	870	9.0625	10	30.5503	5	30.5503
group_9949	189	1161	6.1429	8	12.4141	4	12.4141
group_16152	204	144793	709.7696	992	1426.1609	496	1426.1613
group_16153	129	386	2.9922	4	9.0940	2	9.0941
group_16154	363	262	0.7218	3	2.4238	1	1.6159
group_16155	786	0	0.0000	0	0.0000	0	0.0000
group_14732	156	0	0.0000	0	0.0000	0	0.0000
group_16156	138	0	0.0000	0	0.0000	0	0.0000
group_8226	204	0	0.0000	0	0.0000	0	0.0000
group_11153	177	0	0.0000	0	0.0000	0	0.0000
group_10914	180	0	0.0000	0	0.0000	0	0.0000
group_3704	255	2342	9.1843	16	18.4021	8	18.4021
group_16157	3456	159172	46.0567	1068	90.6326	534	90.6326
group_15923	1836	151	0.0822	1	0.1597	0	0.0000
group_16158	1929	78941	40.9233	539	81.9490	269	81.7970
group_10208	339	15530	45.8112	111	96.0307	55	95.1656
group_16159	1224	48375	39.5221	321	76.9149	160	76.6753
group_16160	687	57685	83.9665	392	167.3464	196	167.3464
group_16161	402	5157	12.8284	36	26.2642	18	26.2642
group_16162	402	9671	24.0572	71	51.7988	35	51.0692
group_16164	234	21372	91.3333	148	185.4953	74	185.4953
group_16163	375	26077	69.5387	193	150.9430	96	150.1610
group_16165	945	71689	75.8614	454	140.9000	227	140.9001
group_12760	831	0	0.0000	0	0.0000	0	0.0000
group_16166	147	0	0.0000	0	0.0000	0	0.0000
group_16167	1563	0	0.0000	0	0.0000	0	0.0000
group_16168	147	0	0.0000	0	0.0000	0	0.0000
group_5564	1005	1730	1.7214	12	3.5019	6	3.5019
group_2843	267	0	0.0000	0	0.0000	0	0.0000
group_6519	384	0	0.0000	0	0.0000	0	0.0000
group_2632	270	0	0.0000	0	0.0000	0	0.0000
group_11417	174	0	0.0000	0	0.0000	0	0.0000
group_840	492	0	0.0000	0	0.0000	0	0.0000
group_16169	1518	1565	1.0310	11	2.1252	5	1.9320
group_9007	588	0	0.0000	0	0.0000	0	0.0000
group_16170	291	0	0.0000	0	0.0000	0	0.0000
group_2549	1167	0	0.0000	0	0.0000	0	0.0000
group_3312	2433	0	0.0000	0	0.0000	0	0.0000
group_11967	168	0	0.0000	0	0.0000	0	0.0000
group_16171	177	438	2.4746	4	6.6279	2	6.6279
group_13028	156	0	0.0000	0	0.0000	0	0.0000
group_14130	144	0	0.0000	0	0.0000	0	0.0000
group_16172	1233	0	0.0000	0	0.0000	0	0.0000
group_11539	858	276	0.3217	2	0.6836	1	0.6836
group_13621	300	0	0.0000	0	0.0000	0	0.0000
group_4141	426	0	0.0000	0	0.0000	0	0.0000
group_7541	210	1884	8.9714	13	18.1556	6	16.7590
group_2617	96	0	0.0000	0	0.0000	0	0.0000
group_2168	114	0	0.0000	0	0.0000	0	0.0000
cas3	2469	5439	2.2029	36	4.2763	18	4.2763
cas8a1	1587	1486	0.9364	10	1.8480	5	1.8480
cas7i	999	295	0.2953	2	0.5872	1	0.5872
cas5	645	839	1.3008	6	2.7282	3	2.7282
group_16174	321	151	0.4704	1	0.9137	0	0.0000
group_16173	663	758	1.1433	5	2.2118	2	1.7694
group_2633	270	4671	17.3000	39	42.3631	19	41.2769
group_3930	432	300	0.6944	2	1.3578	1	1.3578
group_3443	444	604	1.3604	4	2.6422	2	2.6422
group_3244	2460	0	0.0000	0	0.0000	0	0.0000
group_2264	765	1262	1.6497	10	3.8338	5	3.8338
group_10612	183	510	2.7869	6	9.6158	3	9.6158
group_2169	114	0	0.0000	0	0.0000	0	0.0000
group_16177	1290	0	0.0000	0	0.0000	0	0.0000
group_16178	576	0	0.0000	0	0.0000	0	0.0000
group_16175	711	0	0.0000	0	0.0000	0	0.0000
group_16176	1272	0	0.0000	0	0.0000	0	0.0000
group_16180	489	0	0.0000	0	0.0000	0	0.0000
group_16182	348	0	0.0000	0	0.0000	0	0.0000
group_16181	612	0	0.0000	0	0.0000	0	0.0000
group_16183	1344	13655	10.1600	98	21.3852	49	21.3852
group_16184	297	4923	16.5758	34	33.5745	17	33.5745
group_16010	210	0	0.0000	0	0.0000	0	0.0000
group_16002	1965	70187	35.7186	473	70.5969	236	70.4477
group_16006	465	1959	4.2129	13	8.1993	6	7.5686
group_13623	300	0	0.0000	0	0.0000	0	0.0000
group_3014	453	0	0.0000	0	0.0000	0	0.0000
group_5210	405	0	0.0000	0	0.0000	0	0.0000
group_14345	294	3780	12.8571	26	25.9366	13	25.9366
group_16185	1839	4500	2.4470	33	5.2628	16	5.1034
group_16187	1128	7111	6.3041	48	12.4801	24	12.4801
group_16186	402	31116	77.4030	218	159.0441	109	159.0441
group_16189	1086	295987	272.5479	1978	534.1749	989	534.1751
group_16188	852	0	0.0000	0	0.0000	0	0.0000
group_16191	381	10385	27.2572	69	53.1143	34	52.3445
group_16190	2751	113385	41.2159	761	81.1299	380	81.0233
group_11996	323	334	1.0341	2	1.8160	1	1.8160
group_16192	1746	54593	31.2675	369	61.9825	184	61.8146
group_16194	1188	91996	77.4377	625	154.2946	312	154.0477
group_16193	1932	60124	31.1201	373	56.6225	186	56.4707
group_16197	264	0	0.0000	0	0.0000	0	0.0000
group_16195	375	815	2.1733	6	4.6925	3	4.6925
group_16196	1080	3935	3.6435	26	7.0605	13	7.0605
group_16201	1266	922	0.7283	6	1.3900	3	1.3900
group_16200	624	453	0.7260	3	1.4100	1	0.9400
group_16199	456	453	0.9934	3	1.9295	1	1.2863
group_16198	516	16336	31.6589	112	63.6583	56	63.6584
group_9848	576	748	1.2986	5	2.5459	2	2.0367
group_16202	156	481	3.0833	4	7.5201	2	7.5201
group_3931	432	0	0.0000	0	0.0000	0	0.0000
group_2163	768	446	0.5807	3	1.1456	1	0.7638
group_3069	2550	1559	0.6114	11	1.2651	5	1.1501
group_2987	1137	1285	1.1302	9	2.3215	4	2.0636
group_7038	957	453	0.4734	3	0.9194	1	0.6129
group_16203	189	0	0.0000	0	0.0000	0	0.0000
group_16204	159	2665	16.7610	20	36.8910	10	36.8910
group_16205	318	522	1.6415	4	3.6891	2	3.6891
group_6074	990	3470	3.5051	24	7.1099	12	7.1099
group_12246	165	0	0.0000	0	0.0000	0	0.0000
group_8929	198	1207	6.0960	10	14.8123	5	14.8123
group_16206	162	887	5.4753	8	14.4831	4	14.4831
group_16207	243	0	0.0000	0	0.0000	0	0.0000
group_9419	1473	0	0.0000	0	0.0000	0	0.0000
group_6676	381	151	0.3963	1	0.7698	0	0.0000
group_2504	756	571	0.7553	4	1.5518	2	1.5518
group_16208	222	627	2.8243	5	6.6055	2	5.2844
group_12248	165	780	4.7273	7	12.4423	3	10.6648
group_14264	1251	0	0.0000	0	0.0000	0	0.0000
group_9300	195	126	0.6462	2	3.0080	1	3.0080
group_11959	543	685	1.2615	5	2.7006	2	2.1605
group_16209	222	0	0.0000	0	0.0000	0	0.0000
group_7844	207	2486	12.0097	19	26.9197	9	25.5029
group_8932	198	1193	6.0253	9	13.3310	4	11.8498
group_3710	255	0	0.0000	0	0.0000	0	0.0000
group_13568	516	755	1.4632	5	2.8419	2	2.2735
group_16210	813	1809	2.2251	13	4.6896	6	4.3289
group_127	138	898	6.5072	8	17.0019	4	17.0019
group_14140	507	0	0.0000	0	0.0000	0	0.0000
group_13663	813	6322	7.7761	43	15.5119	21	15.1512
group_16211	339	543	1.6018	4	3.4606	2	3.4606
group_16214	171	0	0.0000	0	0.0000	0	0.0000
group_16212	138	0	0.0000	0	0.0000	0	0.0000
group_16215	756	11313	14.9643	77	29.8714	38	29.4835
group_16216	609	21061	34.5829	143	68.8661	71	68.3846
group_16217	669	16703	24.9671	113	49.5381	56	49.0997
group_16218	210	0	0.0000	0	0.0000	0	0.0000
group_16219	114	0	0.0000	0	0.0000	0	0.0000
group_16220	435	2015	4.6322	17	11.4616	8	10.7874
group_14931	813	0	0.0000	0	0.0000	0	0.0000
group_14937	225	0	0.0000	0	0.0000	0	0.0000
group_14934	222	0	0.0000	0	0.0000	0	0.0000
group_14932	3216	2866	0.8912	19	1.7327	9	1.6415
group_16221	168	1636	9.7381	15	26.1860	7	24.4403
group_16222	231	743	3.2165	5	6.3481	2	5.0785
group_16224	750	0	0.0000	0	0.0000	0	0.0000
group_16223	186	0	0.0000	0	0.0000	0	0.0000
group_16225	166	0	0.0000	0	0.0000	0	0.0000
group_16226	192	0	0.0000	0	0.0000	0	0.0000
group_16229	789	0	0.0000	0	0.0000	0	0.0000
group_16228	693	0	0.0000	0	0.0000	0	0.0000
group_16227	240	302	1.2583	2	2.4440	1	2.4440
group_16230	1353	0	0.0000	0	0.0000	0	0.0000
group_16231	198	1223	6.1768	16	23.6996	8	23.6997
group_16232	3978	0	0.0000	0	0.0000	0	0.0000
group_16233	675	0	0.0000	0	0.0000	0	0.0000
group_16234	306	180	0.5882	2	1.9169	1	1.9169
group_16235	222	1774	7.9910	15	19.8164	7	18.4953
group_16236	354	28506	80.5254	201	166.5251	100	165.6967
group_16239	459	0	0.0000	0	0.0000	0	0.0000
group_16240	117	0	0.0000	0	0.0000	0	0.0000
group_16238	528	0	0.0000	0	0.0000	0	0.0000
group_16237	987	0	0.0000	0	0.0000	0	0.0000
group_16243	309	0	0.0000	0	0.0000	0	0.0000
group_11160	177	0	0.0000	0	0.0000	0	0.0000
group_16244	813	22840	28.0935	154	55.5542	77	55.5543
group_10621	183	126	0.6885	2	3.2053	1	3.2053
group_16245	204	597	2.9265	4	5.7506	2	5.7507
group_4532	2019	6759	3.3477	45	6.5368	22	6.3915
group_3741	714	2288	3.2045	16	6.5722	8	6.5722
group_7705	609	1744	2.8637	12	5.7790	6	5.7790
group_16246	156	0	0.0000	0	0.0000	0	0.0000
group_16247	159	439	2.7610	4	7.3782	2	7.3782
group_4997	672	302	0.4494	2	0.8729	1	0.8729
group_16248	297	0	0.0000	0	0.0000	0	0.0000
group_16249	177	0	0.0000	0	0.0000	0	0.0000
group_16250	264	280	1.0606	2	2.2218	1	2.2218
group_863	786	0	0.0000	0	0.0000	0	0.0000
group_16251	204	290	1.4216	4	5.7506	2	5.7507
group_16278	324	0	0.0000	0	0.0000	0	0.0000
group_16253	309	0	0.0000	0	0.0000	0	0.0000
group_16286	213	480	2.2535	4	5.5077	2	5.5077
group_16287	108	0	0.0000	0	0.0000	0	0.0000
group_16288	111	0	0.0000	0	0.0000	0	0.0000
group_16289	2004	604	0.3014	4	0.5854	2	0.5854
group_16290	144	236	1.6389	2	4.0734	1	4.0734
group_16291	726	302	0.4160	2	0.8079	1	0.8079
group_10009	891	46473	52.1582	317	104.3443	158	104.0151
group_2267	111	0	0.0000	0	0.0000	0	0.0000
group_16292	252	0	0.0000	0	0.0000	0	0.0000
group_16293	357	0	0.0000	0	0.0000	0	0.0000
group_16295	2352	0	0.0000	0	0.0000	0	0.0000
group_16297	810	0	0.0000	0	0.0000	0	0.0000
group_16294	378	0	0.0000	0	0.0000	0	0.0000
group_16296	375	0	0.0000	0	0.0000	0	0.0000
group_15553	1635	604	0.3694	4	0.7175	2	0.7175
group_2071	117	0	0.0000	0	0.0000	0	0.0000
group_16298	273	0	0.0000	0	0.0000	0	0.0000
group_4525	417	453	1.0863	3	2.1100	1	1.4066
group_11429	174	0	0.0000	0	0.0000	0	0.0000
group_2268	111	0	0.0000	0	0.0000	0	0.0000
group_8240	204	0	0.0000	0	0.0000	0	0.0000
group_4455	243	0	0.0000	0	0.0000	0	0.0000
group_4242	423	0	0.0000	0	0.0000	0	0.0000
group_13570	516	94037	182.2422	627	356.3730	313	355.8048
group_5774	228	0	0.0000	0	0.0000	0	0.0000
group_16299	288	0	0.0000	0	0.0000	0	0.0000
group_853	492	0	0.0000	0	0.0000	0	0.0000
group_11432	174	236	1.3563	2	3.3711	1	3.3711
group_2076	117	0	0.0000	0	0.0000	0	0.0000
group_2164	474	0	0.0000	0	0.0000	0	0.0000
group_3016	264	0	0.0000	0	0.0000	0	0.0000
group_1149	783	2903	3.7075	20	7.4913	10	7.4913
group_6085	225	6880	30.5778	47	61.2636	23	59.9601
group_3514	260	151	0.5808	1	1.1280	0	0.0000
group_7551	210	0	0.0000	0	0.0000	0	0.0000
group_4093	249	0	0.0000	0	0.0000	0	0.0000
group_4096	249	202	0.8112	2	2.3557	1	2.3557
group_7640	366	0	0.0000	0	0.0000	0	0.0000
group_5161	1020	0	0.0000	0	0.0000	0	0.0000
group_2850	1149	0	0.0000	0	0.0000	0	0.0000
group_4194	1071	0	0.0000	0	0.0000	0	0.0000
group_6320	981	0	0.0000	0	0.0000	0	0.0000
group_2436	273	700	2.5641	6	6.4458	3	6.4458
group_3333	2418	7488	3.0968	39	4.7304	19	4.6091
group_6523	384	0	0.0000	0	0.0000	0	0.0000
group_16300	1665	9169	5.5069	62	10.9211	31	10.9211
group_16301	225	430	1.9111	4	5.2139	2	5.2139
group_4526	417	14227	34.1175	95	66.8151	47	66.1118
group_12079	846	0	0.0000	0	0.0000	0	0.0000
group_2557	99	0	0.0000	0	0.0000	0	0.0000
group_14368	504	4393	8.7163	33	19.2031	16	18.6212
group_16303	1935	0	0.0000	0	0.0000	0	0.0000
group_16304	813	0	0.0000	0	0.0000	0	0.0000
group_16307	372	0	0.0000	0	0.0000	0	0.0000
group_16308	387	0	0.0000	0	0.0000	0	0.0000
group_16302	402	0	0.0000	0	0.0000	0	0.0000
group_16306	468	0	0.0000	0	0.0000	0	0.0000
group_16309	240	4320	18.0000	30	36.6604	15	36.6604
group_16310	171	0	0.0000	0	0.0000	0	0.0000
group_6088	225	304	1.3511	4	5.2139	2	5.2139
group_3017	264	388	1.4697	4	4.4437	2	4.4437
group_10923	180	0	0.0000	0	0.0000	0	0.0000
group_9957	189	0	0.0000	0	0.0000	0	0.0000
group_1723	123	0	0.0000	0	0.0000	0	0.0000
group_2074	117	0	0.0000	0	0.0000	0	0.0000
group_4095	249	484	1.9438	4	4.7114	2	4.7114
group_14337	801	0	0.0000	0	0.0000	0	0.0000
group_16311	693	0	0.0000	0	0.0000	0	0.0000
group_2165	474	294	0.6203	4	2.4750	2	2.4750
group_5850	651	0	0.0000	0	0.0000	0	0.0000
group_7281	618	432	0.6990	3	1.4237	1	0.9491
group_16312	153	0	0.0000	0	0.0000	0	0.0000
group_4097	249	490	1.9679	4	4.7114	2	4.7114
group_1094	129	0	0.0000	0	0.0000	0	0.0000
group_11434	174	0	0.0000	0	0.0000	0	0.0000
group_16313	225	0	0.0000	0	0.0000	0	0.0000
queC	717	9213	12.8494	64	26.1787	32	26.1787
group_13039	156	0	0.0000	0	0.0000	0	0.0000
group_7040	957	0	0.0000	0	0.0000	0	0.0000
group_1151	783	0	0.0000	0	0.0000	0	0.0000
group_10016	891	0	0.0000	0	0.0000	0	0.0000
group_2206	1185	0	0.0000	0	0.0000	0	0.0000
group_8891	1503	0	0.0000	0	0.0000	0	0.0000
group_8250	1530	0	0.0000	0	0.0000	0	0.0000
group_9260	585	0	0.0000	0	0.0000	0	0.0000
group_12754	159	0	0.0000	0	0.0000	0	0.0000
group_16314	183	232	1.2678	2	3.2053	1	3.2053
group_16315	177	6283	35.4972	51	84.5053	25	82.8484
group_11941	849	0	0.0000	0	0.0000	0	0.0000
group_1007	504	868	1.7222	6	3.4915	3	3.4915
group_16316	249	0	0.0000	0	0.0000	0	0.0000
group_16317	381	0	0.0000	0	0.0000	0	0.0000
group_16318	282	0	0.0000	0	0.0000	0	0.0000
group_16319	102	0	0.0000	0	0.0000	0	0.0000
group_4461	243	0	0.0000	0	0.0000	0	0.0000
group_16320	243	0	0.0000	0	0.0000	0	0.0000
group_16321	684	890	1.3012	6	2.5727	3	2.5727
group_16322	168	0	0.0000	0	0.0000	0	0.0000
group_16323	195	0	0.0000	0	0.0000	0	0.0000
group_16324	150	0	0.0000	0	0.0000	0	0.0000
group_16325	264	0	0.0000	0	0.0000	0	0.0000
group_16326	216	0	0.0000	0	0.0000	0	0.0000
group_2558	99	197	1.9899	2	5.9249	1	5.9249
group_9961	189	0	0.0000	0	0.0000	0	0.0000
group_16327	147	0	0.0000	0	0.0000	0	0.0000
group_16328	219	4463	20.3790	31	41.5150	15	40.1758
group_16329	255	0	0.0000	0	0.0000	0	0.0000
group_6664	219	0	0.0000	0	0.0000	0	0.0000
group_16330	1419	22658	15.9676	156	32.2425	78	32.2425
group_16331	264	104	0.3939	2	2.2218	1	2.2218
group_16332	102	0	0.0000	0	0.0000	0	0.0000
group_16333	93	0	0.0000	0	0.0000	0	0.0000
group_16335	204	0	0.0000	0	0.0000	0	0.0000
group_16334	945	0	0.0000	0	0.0000	0	0.0000
group_12753	159	0	0.0000	0	0.0000	0	0.0000
group_2050	477	383	0.8029	3	1.8445	1	1.2297
group_5226	234	0	0.0000	0	0.0000	0	0.0000
group_16336	96	0	0.0000	0	0.0000	0	0.0000
group_5475	231	641	2.7749	5	6.3481	2	5.0785
group_16337	174	0	0.0000	0	0.0000	0	0.0000
group_16338	264	0	0.0000	0	0.0000	0	0.0000
group_3023	453	0	0.0000	0	0.0000	0	0.0000
group_8939	198	453	2.2879	3	4.4437	1	2.9625
group_5409	402	0	0.0000	0	0.0000	0	0.0000
group_7134	621	0	0.0000	0	0.0000	0	0.0000
group_12252	165	0	0.0000	0	0.0000	0	0.0000
group_5958	1752	0	0.0000	0	0.0000	0	0.0000
group_6703	969	2360	2.4355	16	4.8427	8	4.8427
group_16339	408	0	0.0000	0	0.0000	0	0.0000
group_16340	174	203	1.1667	2	3.3711	1	3.3711
group_16342	423	7033	16.6265	49	33.9737	24	33.2804
group_16344	189	0	0.0000	0	0.0000	0	0.0000
group_16343	414	0	0.0000	0	0.0000	0	0.0000
group_16346	834	0	0.0000	0	0.0000	0	0.0000
group_16345	1134	0	0.0000	0	0.0000	0	0.0000
group_13819	810	2114	2.6099	14	5.0691	7	5.0691
group_16347	906	302	0.3333	2	0.6474	1	0.6474
group_16349	1203	0	0.0000	0	0.0000	0	0.0000
group_16350	180	0	0.0000	0	0.0000	0	0.0000
group_16351	165	0	0.0000	0	0.0000	0	0.0000
group_1545	1203	151	0.1255	1	0.2438	0	0.0000
group_16352	216	0	0.0000	0	0.0000	0	0.0000
group_4709	240	0	0.0000	0	0.0000	0	0.0000
group_16353	144	0	0.0000	0	0.0000	0	0.0000
group_16354	153	106	0.6928	2	3.8338	1	3.8338
group_16355	300	261	0.8700	3	2.9328	1	1.9552
group_5217	405	0	0.0000	0	0.0000	0	0.0000
group_2167	474	0	0.0000	0	0.0000	0	0.0000
group_16356	135	0	0.0000	0	0.0000	0	0.0000
group_16357	528	599	1.1345	4	2.2218	2	2.2218
group_16358	166	0	0.0000	0	0.0000	0	0.0000
group_16359	144	628	4.3611	6	12.2201	3	12.2201
group_16360	210	0	0.0000	0	0.0000	0	0.0000
group_16361	321	0	0.0000	0	0.0000	0	0.0000
group_16362	648	39468	60.9074	275	124.4643	137	124.0117
group_13042	156	0	0.0000	0	0.0000	0	0.0000
group_16363	402	0	0.0000	0	0.0000	0	0.0000
group_16364	357	0	0.0000	0	0.0000	0	0.0000
group_16365	210	0	0.0000	0	0.0000	0	0.0000
group_16366	1137	76143	66.9683	509	131.2938	254	131.0359
group_7698	939	2408	2.5644	16	4.9974	8	4.9974
group_16367	189	0	0.0000	0	0.0000	0	0.0000
group_16368	390	872	2.2359	6	4.5120	3	4.5120
group_16369	288	151	0.5243	1	1.0183	0	0.0000
group_16370	303	0	0.0000	0	0.0000	0	0.0000
group_16371	261	302	1.1571	2	2.2474	1	2.2474
group_16372	207	0	0.0000	0	0.0000	0	0.0000
group_7562	210	0	0.0000	0	0.0000	0	0.0000
group_16373	243	148	0.6091	1	1.2069	0	0.0000
group_16374	234	0	0.0000	0	0.0000	0	0.0000
group_16375	1095	0	0.0000	0	0.0000	0	0.0000
group_16376	144	186	1.2917	2	4.0734	1	4.0734
group_16378	357	0	0.0000	0	0.0000	0	0.0000
group_16377	1356	0	0.0000	0	0.0000	0	0.0000
group_16379	918	566	0.6166	4	1.2779	2	1.2779
group_2271	276	0	0.0000	0	0.0000	0	0.0000
group_16380	132	0	0.0000	0	0.0000	0	0.0000
group_16381	642	885	1.3785	6	2.7410	3	2.7410
group_16382	774	302	0.3902	2	0.7578	1	0.7578
group_16383	276	0	0.0000	0	0.0000	0	0.0000
group_16384	144	461	3.2014	4	8.1468	2	8.1468
group_5000	408	0	0.0000	0	0.0000	0	0.0000
group_2069	279	0	0.0000	0	0.0000	0	0.0000
group_16385	150	0	0.0000	0	0.0000	0	0.0000
group_16386	168	0	0.0000	0	0.0000	0	0.0000
group_12758	159	0	0.0000	0	0.0000	0	0.0000
group_16387	189	0	0.0000	0	0.0000	0	0.0000
group_16388	198	342	1.7273	4	5.9249	2	5.9249
group_16389	201	151	0.7512	1	1.4591	0	0.0000
group_16392	459	402	0.8758	3	1.9169	1	1.2779
group_16393	249	0	0.0000	0	0.0000	0	0.0000
group_9312	195	0	0.0000	0	0.0000	0	0.0000
group_4906	1926	0	0.0000	0	0.0000	0	0.0000
group_13336	819	0	0.0000	0	0.0000	0	0.0000
group_8403	924	0	0.0000	0	0.0000	0	0.0000
group_4907	1926	604	0.3136	4	0.6091	2	0.6091
group_7136	621	0	0.0000	0	0.0000	0	0.0000
group_3561	1110	388	0.3495	3	0.7927	1	0.5284
group_12523	162	160	0.9877	2	3.6208	1	3.6208
group_8949	198	0	0.0000	0	0.0000	0	0.0000
group_13290	153	0	0.0000	0	0.0000	0	0.0000
group_3024	264	0	0.0000	0	0.0000	0	0.0000
group_4530	417	176	0.4221	2	1.4066	1	1.4066
group_6954	1635	604	0.3694	4	0.7175	2	0.7175
group_3901	2217	1933	0.8719	13	1.7197	6	1.5875
group_2570	2865	3272	1.1421	22	2.2521	11	2.2521
group_7441	1587	1730	1.0901	12	2.2176	6	2.2176
group_6636	633	0	0.0000	0	0.0000	0	0.0000
group_2618	96	0	0.0000	0	0.0000	0	0.0000
group_12555	1320	0	0.0000	0	0.0000	0	0.0000
group_4714	240	0	0.0000	0	0.0000	0	0.0000
group_6224	984	302	0.3069	2	0.5961	1	0.5961
group_16394	231	0	0.0000	0	0.0000	0	0.0000
group_14375	504	29153	57.8433	194	112.8907	97	112.8907
group_6354	222	669	3.0135	5	6.6055	2	5.2844
group_9314	195	182	0.9333	2	3.0080	1	3.0080
group_13046	157	1618	10.3057	15	28.0207	7	26.1526
group_4214	696	0	0.0000	0	0.0000	0	0.0000
group_2173	114	0	0.0000	0	0.0000	0	0.0000
group_1420	126	0	0.0000	0	0.0000	0	0.0000
group_3447	444	0	0.0000	0	0.0000	0	0.0000
group_2604	753	604	0.8021	4	1.5579	2	1.5579
group_2301	471	1006	2.1359	7	4.3588	3	3.7361
group_9839	894	453	0.5067	3	0.9842	1	0.6561
group_6363	387	151	0.3902	1	0.7578	0	0.0000
group_422	135	0	0.0000	0	0.0000	0	0.0000
group_8571	201	0	0.0000	0	0.0000	0	0.0000
group_4102	249	646	2.5944	5	5.8892	2	4.7114
group_10807	333	292	0.8769	2	1.7615	1	1.7615
group_2560	465	10784	23.1914	77	48.5652	38	47.9345
group_16395	141	0	0.0000	0	0.0000	0	0.0000
group_13294	303	1858	6.1320	13	12.5831	6	11.6152
group_11319	864	0	0.0000	0	0.0000	0	0.0000
group_7949	933	151	0.1618	1	0.3143	0	0.0000
group_4716	240	0	0.0000	0	0.0000	0	0.0000
group_9650	192	0	0.0000	0	0.0000	0	0.0000
group_2174	114	355	3.1140	4	10.2906	2	10.2906
group_214	291	122	0.4192	2	2.0157	1	2.0157
group_11445	175	136	0.7771	2	3.3518	1	3.3518
group_137	138	0	0.0000	0	0.0000	0	0.0000
group_2346	108	0	0.0000	0	0.0000	0	0.0000
group_14377	294	1317	4.4796	9	8.9781	4	7.9805
group_12161	540	1208	2.2370	8	4.3449	4	4.3449
group_16396	219	0	0.0000	0	0.0000	0	0.0000
group_16406	888	1458	1.6419	10	3.3027	5	3.3027
group_16398	1458	3925	2.6920	27	5.4312	13	5.2300
group_16402	906	1787	1.9724	12	3.8845	6	3.8845
group_16399	903	1963	2.1739	13	4.2222	6	3.8975
group_16400	1161	2718	2.3411	18	4.5470	9	4.5470
group_16401	405	1106	2.7309	8	5.7932	4	5.7932
group_16404	2322	4893	2.1072	32	4.0418	16	4.0418
group_16405	1206	1661	1.3773	11	2.6751	5	2.4319
group_13292	153	180	1.1765	2	3.8338	1	3.8338
group_16407	105	0	0.0000	0	0.0000	0	0.0000
group_16408	123	0	0.0000	0	0.0000	0	0.0000
group_2347	108	0	0.0000	0	0.0000	0	0.0000
group_12764	159	0	0.0000	0	0.0000	0	0.0000
group_10630	183	0	0.0000	0	0.0000	0	0.0000
group_3025	453	151	0.3333	1	0.6474	0	0.0000
group_6864	378	1202	3.1799	8	6.2070	4	6.2071
group_13614	150	0	0.0000	0	0.0000	0	0.0000
group_11031	330	1359	4.1182	9	7.9986	4	7.1099
group_1755	483	143	0.2961	1	0.6072	0	0.0000
group_9568	1464	868	0.5929	6	1.2020	3	1.2020
group_8943	198	453	2.2879	3	4.4437	1	2.9625
group_10124	1434	0	0.0000	0	0.0000	0	0.0000
group_4403	1203	0	0.0000	0	0.0000	0	0.0000
group_14002	807	0	0.0000	0	0.0000	0	0.0000
group_1421	126	0	0.0000	0	0.0000	0	0.0000
group_2170	768	302	0.3932	2	0.7638	1	0.7638
group_5626	1806	302	0.1672	2	0.3248	1	0.3248
group_7582	612	302	0.4935	2	0.9584	1	0.9584
group_3573	720	0	0.0000	0	0.0000	0	0.0000
group_1213	285	151	0.5298	1	1.0291	0	0.0000
group_4718	240	2826	11.7750	22	26.8843	11	26.8843
group_2640	270	0	0.0000	0	0.0000	0	0.0000
group_9973	189	0	0.0000	0	0.0000	0	0.0000
group_2683	750	0	0.0000	0	0.0000	0	0.0000
group_2561	465	10359	22.2774	71	44.7809	35	44.1502
group_14378	504	1048	2.0794	7	4.0734	3	3.4915
group_10230	339	1654	4.8791	11	9.5166	5	8.6514
group_9264	585	3591	6.1385	24	12.0321	12	12.0321
group_1973	120	0	0.0000	0	0.0000	0	0.0000
group_6940	216	1370	6.3426	11	14.9357	5	13.5779
group_13644	300	374	1.2467	3	2.9328	1	1.9552
group_5784	228	252	1.1053	2	2.5727	1	2.5727
group_4064	702	0	0.0000	0	0.0000	0	0.0000
group_3562	1110	1208	1.0883	8	2.1138	4	2.1138
group_2601	1164	1208	1.0378	8	2.0157	4	2.0157
group_12258	165	0	0.0000	0	0.0000	0	0.0000
group_12778	831	15669	18.8556	104	36.7045	52	36.7045
group_7874	207	693	3.3478	6	8.5010	3	8.5010
group_6528	384	603	1.5703	4	3.0550	2	3.0550
group_10024	1440	151	0.1049	1	0.2037	0	0.0000
group_5877	996	151	0.1516	1	0.2945	0	0.0000
group_4737	1041	0	0.0000	0	0.0000	0	0.0000
group_7564	210	0	0.0000	0	0.0000	0	0.0000
group_5408	1011	1155	1.1424	8	2.3207	4	2.3207
group_2212	1185	1970	1.6624	14	3.4649	7	3.4649
group_7404	615	0	0.0000	0	0.0000	0	0.0000
group_12953	828	0	0.0000	0	0.0000	0	0.0000
group_13647	300	0	0.0000	0	0.0000	0	0.0000
group_5485	660	0	0.0000	0	0.0000	0	0.0000
group_10675	879	302	0.3436	2	0.6673	1	0.6673
group_16409	1341	2553	1.9038	17	3.7180	8	3.4993
group_2982	738	453	0.6138	3	1.1922	1	0.7948
group_14400	141	0	0.0000	0	0.0000	0	0.0000
group_5319	1854	1510	0.8145	10	1.5819	5	1.5819
group_4743	285	1480	5.1930	11	11.3197	5	10.2906
group_4103	249	663	2.6627	5	5.8892	2	4.7114
group_2442	273	1728	6.3297	12	12.8916	6	12.8916
group_5787	228	1008	4.4211	8	10.2906	4	10.2906
group_758	132	0	0.0000	0	0.0000	0	0.0000
group_4578	1047	2070	1.9771	14	3.9216	7	3.9216
group_4473	243	72	0.2963	1	1.2069	0	0.0000
group_13079	525	302	0.5752	2	1.1173	1	1.1173
group_2421	468	1140	2.4359	8	5.0134	4	5.0134
group_1483	780	453	0.5808	3	1.1280	1	0.7520
group_426	792	604	0.7626	4	1.4812	2	1.4812
group_2610	2829	4928	1.7420	34	3.5248	17	3.5248
group_8795	354	3902	11.0226	29	24.0260	14	23.1975
group_14342	1248	0	0.0000	0	0.0000	0	0.0000
group_11424	861	151	0.1754	1	0.3406	0	0.0000
group_4104	249	287	1.1526	2	2.3557	1	2.3557
group_16411	435	10215	23.4828	68	45.8466	34	45.8466
group_16410	669	10864	16.2392	73	32.0025	36	31.5641
group_16412	2034	1208	0.5939	8	1.1535	4	1.1535
group_16413	2211	4733	2.1407	32	4.2447	16	4.2447
group_10636	183	0	0.0000	0	0.0000	0	0.0000
group_16414	2706	3581	1.3234	25	2.7096	12	2.6012
group_16417	222	0	0.0000	0	0.0000	0	0.0000
group_16416	585	3667	6.2684	25	12.5335	12	12.0321
group_16415	231	151	0.6537	1	1.2696	0	0.0000
group_2495	1170	1057	0.9034	7	1.7547	3	1.5040
group_13017	306	2140	6.9935	15	14.3766	7	13.4182
group_16422	279	151	0.5412	1	1.0512	0	0.0000
group_16418	195	302	1.5487	2	3.0080	1	3.0080
group_16419	468	1474	3.1496	10	6.2667	5	6.2667
group_16421	243	282	1.1605	2	2.4139	1	2.4139
group_16420	573	302	0.5271	2	1.0237	1	1.0237
group_16423	531	288	0.5424	2	1.1046	1	1.1046
group_15958	321	16249	50.6199	111	101.4156	55	100.5020
group_15957	117	0	0.0000	0	0.0000	0	0.0000
group_13887	147	420	2.8571	6	11.9707	3	11.9707
group_16425	399	3753	9.4060	27	19.8462	13	19.1112
group_16424	297	5631	18.9596	41	40.4869	20	39.4994
group_16426	465	9515	20.4624	69	43.5194	34	42.8887
group_16427	186	1869	10.0484	13	20.4983	6	18.9215
group_16429	312	59195	189.7276	413	388.2241	206	387.2842
group_16430	90	0	0.0000	0	0.0000	0	0.0000
group_16428	141	186	1.3191	2	4.1600	1	4.1600
group_16432	834	15897	19.0612	110	38.6824	55	38.6824
group_16431	453	2265	5.0000	15	9.7114	7	9.0639
group_16433	1101	4009	3.6412	27	7.1922	13	6.9259
group_16434	231	448	1.9394	4	5.0785	2	5.0785
group_16436	669	842	1.2586	6	2.6303	3	2.6303
group_16437	1125	770	0.6844	6	1.5642	3	1.5642
group_6357	222	0	0.0000	0	0.0000	0	0.0000
group_16438	291	2241	7.7010	15	15.1177	7	14.1098
group_16439	330	1203	3.6455	7	6.2212	3	5.3324
group_16440	210	0	0.0000	0	0.0000	0	0.0000
group_9606	345	151	0.4377	1	0.8501	0	0.0000
group_15973	261	2477	9.4904	20	22.4738	10	22.4738
group_16441	408	8208	20.1176	55	39.5357	27	38.8169
group_16442	444	1288	2.9009	12	7.9266	6	7.9266
group_16444	801	274	0.3421	2	0.7323	1	0.7323
group_16443	945	29449	31.1630	199	61.7601	99	61.4498
group_16445	993	2416	2.4330	16	4.7256	8	4.7256
group_16447	156	0	0.0000	0	0.0000	0	0.0000
group_16448	507	5955	11.7456	47	27.1880	23	26.6095
group_16449	363	151	0.4160	1	0.8079	0	0.0000
group_16450	222	0	0.0000	0	0.0000	0	0.0000
group_16451	168	1095	6.5179	12	20.9488	6	20.9488
group_760	132	0	0.0000	0	0.0000	0	0.0000
group_4105	249	0	0.0000	0	0.0000	0	0.0000
group_16452	225	0	0.0000	0	0.0000	0	0.0000
group_9318	195	0	0.0000	0	0.0000	0	0.0000
group_3935	252	0	0.0000	0	0.0000	0	0.0000
group_16453	429	1417	3.3030	8	5.4691	4	5.4692
group_16454	1635	122491	74.9180	830	148.8838	415	148.8838
group_16455	606	24553	40.5165	175	84.6940	87	84.2100
group_1974	120	0	0.0000	0	0.0000	0	0.0000
group_16456	390	304	0.7795	2	1.5040	1	1.5040
group_13296	153	0	0.0000	0	0.0000	0	0.0000
group_12464	312	302	0.9679	2	1.8800	1	1.8800
group_8511	594	432	0.7273	3	1.4812	1	0.9875
group_16457	216	4632	21.4444	39	52.9539	19	51.5961
group_12336	840	1590	1.8929	11	3.8406	5	3.4915
group_2995	1137	4365	3.8391	29	7.4804	14	7.2225
group_3313	2433	141009	57.9568	951	114.6372	475	114.5167
group_2079	117	0	0.0000	0	0.0000	0	0.0000
group_4449	687	1601	2.3304	13	5.5498	6	5.1229
group_16458	261	10043	38.4789	72	80.9057	36	80.9057
group_12748	531	23175	43.6441	164	90.5808	82	90.5809
group_3342	2415	2950	1.2215	20	2.4288	10	2.4288
group_16459	1077	38033	35.3138	261	71.0742	130	70.8019
group_3910	708	901	1.2726	6	2.4854	3	2.4855
group_15412	2937	128824	43.8624	866	86.4771	433	86.4771
group_16460	681	1637	2.4038	11	4.7373	5	4.3067
group_16461	210	0	0.0000	0	0.0000	0	0.0000
group_16463	444	28671	64.5743	206	136.0728	103	136.0728
group_16466	198	2547	12.8636	17	25.1809	8	23.6997
group_16467	609	3798	6.2365	28	13.4843	14	13.4843
group_2350	108	0	0.0000	0	0.0000	0	0.0000
group_16468	519	1567	3.0193	11	6.2160	5	5.6509
group_16469	4242	25929	6.1124	175	12.0991	87	12.0300
group_2741	90	0	0.0000	0	0.0000	0	0.0000
group_13020	306	0	0.0000	0	0.0000	0	0.0000
group_10317	186	0	0.0000	0	0.0000	0	0.0000
group_12769	159	0	0.0000	0	0.0000	0	0.0000
group_12222	315	941	2.9873	6	5.5863	3	5.5863
group_16470	4320	11830	2.7384	70	4.7523	35	4.7523
group_4963	237	0	0.0000	0	0.0000	0	0.0000
group_13299	153	0	0.0000	0	0.0000	0	0.0000
group_7574	210	228	1.0857	2	2.7932	1	2.7932
group_16471	2301	2265	0.9844	15	1.9119	7	1.7844
group_7881	207	440	2.1256	4	5.6673	2	5.6673
group_16472	321	489	1.5234	4	3.6546	2	3.6546
group_5789	228	0	0.0000	0	0.0000	0	0.0000
group_13053	156	0	0.0000	0	0.0000	0	0.0000
group_6672	219	2107	9.6210	16	21.4271	8	21.4271
group_16473	1857	14074	7.5789	90	14.2140	45	14.2140
group_16474	363	1049	2.8898	11	8.8874	5	8.0794
group_2055	477	7402	15.5178	50	30.7425	25	30.7425
group_14998	276	1069	3.8732	8	8.5010	4	8.5010
group_15005	825	906	1.0982	6	2.1330	3	2.1330
group_14994	792	0	0.0000	0	0.0000	0	0.0000
group_14993	1065	906	0.8507	6	1.6523	3	1.6523
group_14991	663	756	1.1403	8	3.5389	4	3.5389
group_143	138	434	3.1449	4	8.5010	2	8.5010
group_9324	195	399	2.0462	4	6.0161	2	6.0161
group_10640	183	1962	10.7213	14	22.4370	7	22.4370
group_11176	177	353	1.9944	3	4.9709	1	3.3139
group_6674	219	0	0.0000	0	0.0000	0	0.0000
group_13055	1296	0	0.0000	0	0.0000	0	0.0000
group_4359	420	0	0.0000	0	0.0000	0	0.0000
group_3094	933	0	0.0000	0	0.0000	0	0.0000
group_7443	945	327	0.3460	2	0.6207	1	0.6207
group_6945	216	386	1.7870	3	4.0734	1	2.7156
group_6946	216	0	0.0000	0	0.0000	0	0.0000
group_6947	216	0	0.0000	0	0.0000	0	0.0000
group_4534	417	0	0.0000	0	0.0000	0	0.0000
group_2742	90	0	0.0000	0	0.0000	0	0.0000
group_11198	867	3133	3.6136	21	7.1037	10	6.7655
group_14147	144	90	0.6250	2	4.0734	1	4.0734
group_6102	225	151	0.6711	1	1.3035	0	0.0000
group_13300	153	0	0.0000	0	0.0000	0	0.0000
group_2624	96	0	0.0000	0	0.0000	0	0.0000
group_16475	255	0	0.0000	0	0.0000	0	0.0000
group_16476	216	446	2.0648	3	4.0734	1	2.7156
group_16477	336	1313	3.9077	9	7.8558	4	6.9829
group_16478	393	13841	35.2188	94	70.1491	47	70.1492
group_5769	999	10880	10.8909	73	21.4311	36	21.1375
group_4475	1053	14548	13.8158	98	27.2951	49	27.2951
group_16479	2130	32545	15.2793	216	29.7414	108	29.7414
group_16480	2037	34419	16.8969	227	32.6830	113	32.5390
group_16481	612	8587	14.0310	61	29.2325	30	28.7533
group_16483	246	81906	332.9512	555	661.6752	277	660.4832
group_16484	7602	353852	46.5472	2376	91.6654	1188	91.6655
group_5531	126	0	0.0000	0	0.0000	0	0.0000
group_16485	153	6117	39.9804	52	99.6779	26	99.6779
group_5489	231	2998	12.9784	20	25.3925	10	25.3925
group_16486	879	46433	52.8248	318	106.1024	159	106.1024
group_4151	1074	9125	8.4963	62	16.9307	31	16.9307
group_16487	96	0	0.0000	0	0.0000	0	0.0000
group_16488	399	10768	26.9875	73	53.6583	36	52.9233
group_16489	162	290	1.7901	4	7.2416	2	7.2416
group_16490	492	11493	23.3598	79	47.0922	39	46.4961
group_433	135	1194	8.8444	12	26.0696	6	26.0696
group_16491	261	0	0.0000	0	0.0000	0	0.0000
group_16493	630	1057	1.6778	7	3.2587	3	2.7932
group_16494	546	20561	37.6575	150	80.5723	75	80.5723
group_2699	93	0	0.0000	0	0.0000	0	0.0000
group_10320	186	1326	7.1290	11	17.3447	5	15.7679
group_16495	2100	134360	63.9810	896	125.1341	448	125.1342
group_16497	2031	70203	34.5657	485	70.0356	242	69.8912
group_16496	453	32339	71.3885	219	141.7859	109	141.1385
group_16498	597	29160	48.8442	192	94.3222	96	94.3222
group_16499	1761	37911	21.5281	248	41.3028	124	41.3028
group_16500	1689	161572	95.6613	742	128.8431	371	128.8432
group_16501	366	2806	7.6667	21	16.8277	10	16.0264
group_16502	255	233	0.9137	2	2.3003	1	2.3003
group_16504	1263	168940	133.7609	1128	261.9345	564	261.9346
group_16505	753	25562	33.9469	174	67.7706	87	67.7706
group_16506	861	32636	37.9048	220	74.9388	110	74.9388
group_16507	792	32444	40.9646	216	79.9863	108	79.9863
group_16509	456	0	0.0000	0	0.0000	0	0.0000
group_16508	234	0	0.0000	0	0.0000	0	0.0000
group_16510	318	719	2.2610	5	4.6114	2	3.6891
group_16511	171	0	0.0000	0	0.0000	0	0.0000
group_16512	264	0	0.0000	0	0.0000	0	0.0000
group_16513	1692	302	0.1785	2	0.3467	1	0.3467
group_6988	1629	0	0.0000	0	0.0000	0	0.0000
group_16514	237	100	0.4219	2	2.4750	1	2.4750
group_16515	213	195	0.9155	2	2.7538	1	2.7538
group_16516	1782	7274	4.0819	51	8.3936	25	8.2290
group_1472	486	0	0.0000	0	0.0000	0	0.0000
group_13029	306	0	0.0000	0	0.0000	0	0.0000
group_4050	1080	719	0.6657	5	1.3578	2	1.0862
group_16517	99	0	0.0000	0	0.0000	0	0.0000
group_16518	129	0	0.0000	0	0.0000	0	0.0000
group_14149	144	925	6.4236	10	20.3669	5	20.3669
group_16520	258	641	2.4845	5	5.6838	2	4.5470
group_16519	192	151	0.7865	1	1.5275	0	0.0000
group_16521	624	0	0.0000	0	0.0000	0	0.0000
group_7577	210	0	0.0000	0	0.0000	0	0.0000
group_3730	255	0	0.0000	0	0.0000	0	0.0000
group_16522	246	0	0.0000	0	0.0000	0	0.0000
group_4655	414	0	0.0000	0	0.0000	0	0.0000
group_16523	1476	3105	2.1037	21	4.1727	10	3.9740
group_16524	180	0	0.0000	0	0.0000	0	0.0000
group_16525	222	0	0.0000	0	0.0000	0	0.0000
group_16526	291	0	0.0000	0	0.0000	0	0.0000
group_16531	153	0	0.0000	0	0.0000	0	0.0000
group_16528	450	0	0.0000	0	0.0000	0	0.0000
group_16529	513	0	0.0000	0	0.0000	0	0.0000
group_16527	234	0	0.0000	0	0.0000	0	0.0000
group_16530	150	0	0.0000	0	0.0000	0	0.0000
group_16533	1335	0	0.0000	0	0.0000	0	0.0000
group_16532	408	0	0.0000	0	0.0000	0	0.0000
group_2282	276	0	0.0000	0	0.0000	0	0.0000
group_16534	207	1801	8.7005	13	18.4187	6	17.0019
group_16535	1746	906	0.5189	6	1.0078	3	1.0078
group_9906	342	0	0.0000	0	0.0000	0	0.0000
group_2937	291	0	0.0000	0	0.0000	0	0.0000
group_16536	747	0	0.0000	0	0.0000	0	0.0000
group_16537	252	0	0.0000	0	0.0000	0	0.0000
group_16538	633	0	0.0000	0	0.0000	0	0.0000
group_16539	714	0	0.0000	0	0.0000	0	0.0000
group_16540	111	0	0.0000	0	0.0000	0	0.0000
group_16541	429	791	1.8438	7	4.7855	3	4.1019
group_16542	93	0	0.0000	0	0.0000	0	0.0000
group_16544	207	0	0.0000	0	0.0000	0	0.0000
group_16543	129	0	0.0000	0	0.0000	0	0.0000
group_16545	117	0	0.0000	0	0.0000	0	0.0000
group_16546	1557	0	0.0000	0	0.0000	0	0.0000
group_16547	192	0	0.0000	0	0.0000	0	0.0000
group_16548	216	1970	9.1204	17	23.0825	8	21.7247
group_6372	387	151	0.3902	1	0.7578	0	0.0000
group_11039	330	0	0.0000	0	0.0000	0	0.0000
group_4432	2046	0	0.0000	0	0.0000	0	0.0000
group_16549	603	0	0.0000	0	0.0000	0	0.0000
group_16550	168	299	1.7798	3	5.2372	1	3.4915
group_16551	264	1999	7.5720	18	19.9966	9	19.9966
group_16553	213	0	0.0000	0	0.0000	0	0.0000
group_16552	162	0	0.0000	0	0.0000	0	0.0000
group_16554	132	0	0.0000	0	0.0000	0	0.0000
group_16555	156	164	1.0513	2	3.7600	1	3.7600
group_16556	189	194	1.0265	2	3.1035	1	3.1035
group_16561	1053	1033	0.9810	9	2.5067	4	2.2282
group_16560	693	0	0.0000	0	0.0000	0	0.0000
group_16557	438	0	0.0000	0	0.0000	0	0.0000
group_16558	216	0	0.0000	0	0.0000	0	0.0000
group_16562	669	0	0.0000	0	0.0000	0	0.0000
group_16559	810	0	0.0000	0	0.0000	0	0.0000
group_16563	249	0	0.0000	0	0.0000	0	0.0000
group_16564	150	0	0.0000	0	0.0000	0	0.0000
group_16565	207	210	1.0145	2	2.8337	1	2.8337
group_4333	2076	0	0.0000	0	0.0000	0	0.0000
group_16566	300	0	0.0000	0	0.0000	0	0.0000
group_16567	165	482	2.9212	4	7.1099	2	7.1099
group_16568	126	0	0.0000	0	0.0000	0	0.0000
group_16570	552	0	0.0000	0	0.0000	0	0.0000
group_16569	255	0	0.0000	0	0.0000	0	0.0000
group_16571	1095	2527	2.3078	17	4.5533	8	4.2854
group_16572	312	0	0.0000	0	0.0000	0	0.0000
group_16573	153	0	0.0000	0	0.0000	0	0.0000
group_16575	552	2875	5.2083	20	10.6262	10	10.6262
group_16574	579	3164	5.4646	23	11.6503	11	11.1437
group_16576	447	0	0.0000	0	0.0000	0	0.0000
group_16577	849	302	0.3557	2	0.6909	1	0.6909
group_10316	885	151	0.1706	1	0.3314	0	0.0000
group_6797	966	302	0.3126	2	0.6072	1	0.6072
group_16579	177	0	0.0000	0	0.0000	0	0.0000
group_16580	360	1495	4.1528	11	8.9614	5	8.1468
group_16581	231	2823	12.2208	20	25.3925	10	25.3925
group_16582	693	1465	2.1140	9	3.8089	4	3.3857
group_16583	126	0	0.0000	0	0.0000	0	0.0000
group_16584	186	0	0.0000	0	0.0000	0	0.0000
group_3274	2451	0	0.0000	0	0.0000	0	0.0000
group_16585	315	3589	11.3937	23	21.4143	11	20.4833
group_16586	480	3399	7.0813	19	11.6091	9	10.9981
group_16587	573	0	0.0000	0	0.0000	0	0.0000
group_2177	114	204	1.7895	2	5.1453	1	5.1453
group_10605	567	0	0.0000	0	0.0000	0	0.0000
group_16588	333	151	0.4535	1	0.8807	0	0.0000
group_8206	360	151	0.4194	1	0.8147	0	0.0000
group_16589	1944	60641	31.1939	408	61.5532	204	61.5533
group_16604	93	0	0.0000	0	0.0000	0	0.0000
group_16611	315	1937	6.1492	12	11.1727	6	11.1727
group_16612	261	0	0.0000	0	0.0000	0	0.0000
group_16613	678	1023	1.5088	7	3.0280	3	2.5954
group_16614	279	276	0.9892	2	2.1024	1	2.1024
group_8512	594	0	0.0000	0	0.0000	0	0.0000
group_3034	453	302	0.6667	2	1.2948	1	1.2948
group_3191	450	703	1.5622	5	3.2587	2	2.6070
group_16615	519	0	0.0000	0	0.0000	0	0.0000
group_16616	339	0	0.0000	0	0.0000	0	0.0000
group_16618	579	0	0.0000	0	0.0000	0	0.0000
group_16617	1455	174	0.1196	2	0.4031	1	0.4031
group_16619	105	190	1.8095	2	5.5863	1	5.5863
group_16620	942	0	0.0000	0	0.0000	0	0.0000
group_16621	714	0	0.0000	0	0.0000	0	0.0000
group_268	498	252	0.5060	2	1.1778	1	1.1778
group_3746	714	906	1.2689	6	2.4646	3	2.4646
group_12478	837	1506	1.7993	10	3.5040	5	3.5040
group_5369	663	453	0.6833	3	1.3271	1	0.8847
group_6277	642	0	0.0000	0	0.0000	0	0.0000
group_6711	969	0	0.0000	0	0.0000	0	0.0000
group_7829	606	0	0.0000	0	0.0000	0	0.0000
group_9280	585	0	0.0000	0	0.0000	0	0.0000
group_13768	513	0	0.0000	0	0.0000	0	0.0000
group_6377	387	0	0.0000	0	0.0000	0	0.0000
group_12091	846	0	0.0000	0	0.0000	0	0.0000
group_7264	372	0	0.0000	0	0.0000	0	0.0000
group_11255	327	750	2.2936	5	4.4845	2	3.5876
group_8584	201	0	0.0000	0	0.0000	0	0.0000
group_1747	123	0	0.0000	0	0.0000	0	0.0000
group_16622	126	230	1.8254	2	4.6553	1	4.6553
group_11458	174	0	0.0000	0	0.0000	0	0.0000
group_8586	201	466	2.3184	4	5.8365	2	5.8365
group_11459	174	132	0.7586	2	3.3711	1	3.3711
group_2082	117	0	0.0000	0	0.0000	0	0.0000
group_14413	141	935	6.6312	8	16.6402	4	16.6402
group_10243	339	151	0.4454	1	0.8651	0	0.0000
group_4531	543	0	0.0000	0	0.0000	0	0.0000
group_3816	3819	0	0.0000	0	0.0000	0	0.0000
group_11019	561	12931	23.0499	87	45.4824	43	44.9596
group_16623	693	1517	2.1890	7	2.9625	3	2.5392
group_16624	576	1629	2.8281	12	6.1101	6	6.1101
group_16625	276	453	1.6413	3	3.1879	1	2.1252
group_16626	1914	21833	11.4070	146	22.3716	73	22.3717
group_12768	309	0	0.0000	0	0.0000	0	0.0000
group_5794	228	302	1.3246	2	2.5727	1	2.5727
group_16627	252	0	0.0000	0	0.0000	0	0.0000
group_16628	123	403	3.2764	4	9.5377	2	9.5377
group_6368	222	248	1.1171	2	2.6422	1	2.6422
group_5238	234	417	1.7821	3	3.7600	1	2.5067
group_5795	228	1535	6.7325	12	15.4360	6	15.4360
group_4725	240	1106	4.6083	9	10.9981	4	9.7761
group_7284	213	146	0.6854	1	1.3769	0	0.0000
group_2273	111	0	0.0000	0	0.0000	0	0.0000
group_16629	213	527	2.4742	4	5.5077	2	5.5077
group_5672	1002	4967	4.9571	33	9.6590	16	9.3663
group_9281	585	0	0.0000	0	0.0000	0	0.0000
group_5498	231	2709	11.7273	22	27.9317	11	27.9317
group_16630	168	1203	7.1607	16	27.9317	8	27.9317
group_16631	225	0	0.0000	0	0.0000	0	0.0000
group_16632	294	4097	13.9354	32	31.9220	16	31.9220
group_2626	96	0	0.0000	0	0.0000	0	0.0000
group_2744	90	282	3.1333	4	13.0348	2	13.0348
group_5497	231	151	0.6537	1	1.2696	0	0.0000
group_16633	147	417	2.8367	6	11.9707	3	11.9707
group_13624	150	0	0.0000	0	0.0000	0	0.0000
group_2627	96	0	0.0000	0	0.0000	0	0.0000
group_10651	183	152	0.8306	1	1.6026	0	0.0000
group_1121	129	0	0.0000	0	0.0000	0	0.0000
group_12534	162	346	2.1358	3	5.4312	1	3.6208
group_16634	180	803	4.4611	8	13.0348	4	13.0348
group_12342	840	1741	2.0726	14	4.8881	7	4.8881
group_8227	600	708	1.1800	5	2.4440	2	1.9552
group_2606	1164	2228	1.9141	15	3.7794	7	3.5275
group_6146	645	151	0.2341	1	0.4547	0	0.0000
group_14513	1242	3139	2.5274	22	5.1950	11	5.1950
group_3510	723	1203	1.6639	9	3.6508	4	3.2452
group_14152	507	275	0.5424	2	1.1569	1	1.1569
group_16635	258	3015	11.6860	20	22.7351	10	22.7351
group_2628	96	0	0.0000	0	0.0000	0	0.0000
group_2083	117	0	0.0000	0	0.0000	0	0.0000
group_6111	225	299	1.3289	2	2.6070	1	2.6070
group_11083	870	0	0.0000	0	0.0000	0	0.0000
group_12220	843	71498	84.8138	492	171.1688	246	171.1688
group_6113	225	0	0.0000	0	0.0000	0	0.0000
group_16636	129	0	0.0000	0	0.0000	0	0.0000
group_11666	549	302	0.5501	2	1.0684	1	1.0684
group_12266	165	151	0.9152	1	1.7775	0	0.0000
group_13315	303	0	0.0000	0	0.0000	0	0.0000
group_8082	1539	14858	9.6543	100	19.0567	50	19.0567
group_3326	729	753	1.0329	5	2.0115	2	1.6092
group_7265	372	401	1.0780	3	2.3652	1	1.5768
group_16641	1254	24538	19.5678	167	39.0576	83	38.8238
group_16638	132	1939	14.6894	20	44.4368	10	44.4368
group_16637	1596	155796	97.6165	1052	193.3169	526	193.3170
group_16639	600	49120	81.8667	331	161.7945	165	161.3057
group_16640	237	0	0.0000	0	0.0000	0	0.0000
group_149	138	0	0.0000	0	0.0000	0	0.0000
group_16643	267	348	1.3034	3	3.2953	1	2.1969
group_2084	117	0	0.0000	0	0.0000	0	0.0000
group_24	798	37897	47.4900	255	93.7183	127	93.3508
group_150	138	0	0.0000	0	0.0000	0	0.0000
group_6232	984	5826	5.9207	39	11.6240	19	11.3260
group_9112	351	1903	5.4217	14	11.6979	7	11.6979
group_12233	315	541	1.7175	5	4.6553	2	3.7242
group_16644	123	874	7.1057	8	19.0753	4	19.0753
group_10944	180	0	0.0000	0	0.0000	0	0.0000
group_437	135	0	0.0000	0	0.0000	0	0.0000
group_16645	1089	648	0.5950	4	1.0773	2	1.0773
group_16646	300	0	0.0000	0	0.0000	0	0.0000
group_16647	261	0	0.0000	0	0.0000	0	0.0000
group_16648	126	0	0.0000	0	0.0000	0	0.0000
group_7903	363	9306	25.6364	63	50.9004	31	50.0924
group_11501	324	11868	36.6296	80	72.4156	40	72.4156
group_16653	2205	5465	2.4785	39	5.1873	19	5.0543
group_16652	375	4298	11.4613	31	24.2447	15	23.4627
group_16650	327	2163	6.6147	16	14.3502	8	14.3502
group_16651	255	1244	4.8784	10	11.5013	5	11.5013
group_16649	393	1878	4.7786	14	10.4477	7	10.4477
group_13841	1266	3306	2.6114	23	5.3282	11	5.0965
group_16654	129	0	0.0000	0	0.0000	0	0.0000
group_16655	279	0	0.0000	0	0.0000	0	0.0000
group_16656	240	151	0.6292	1	1.2220	0	0.0000
group_11814	852	0	0.0000	0	0.0000	0	0.0000
group_16658	1098	27408	24.9617	179	47.8121	89	47.5450
group_16657	405	0	0.0000	0	0.0000	0	0.0000
group_5491	660	453	0.6864	3	1.3331	1	0.8887
group_6114	225	0	0.0000	0	0.0000	0	0.0000
group_4264	246	146	0.5935	1	1.1922	0	0.0000
group_16659	1083	3032	2.7996	24	6.4993	12	6.4994
group_5500	231	0	0.0000	0	0.0000	0	0.0000
group_4363	420	151	0.3595	1	0.6983	0	0.0000
group_12537	162	0	0.0000	0	0.0000	0	0.0000
group_16660	186	347	1.8656	3	4.7304	1	3.1536
group_2085	117	0	0.0000	0	0.0000	0	0.0000
group_16661	246	1975	8.0285	14	16.6909	7	16.6909
group_16662	264	499	1.8902	4	4.4437	2	4.4437
group_4670	1986	0	0.0000	0	0.0000	0	0.0000
group_16663	921	869	0.9435	7	2.2291	3	1.9106
group_16666	366	325	0.8880	4	3.2053	2	3.2053
group_16667	3192	9613	3.0116	67	6.1560	33	6.0641
group_16668	894	114381	127.9430	790	259.1651	395	259.1652
group_16669	882	31322	35.5125	210	69.8293	105	69.8293
group_2077	771	1464	1.8988	11	4.1843	5	3.8039
group_9358	348	1437	4.1293	10	8.4277	5	8.4277
group_16672	615	9318	15.1512	66	31.4743	33	31.4743
group_6189	390	0	0.0000	0	0.0000	0	0.0000
group_6115	226	330	1.4602	3	3.8931	1	2.5954
group_12535	162	0	0.0000	0	0.0000	0	0.0000
group_1251	285	1337	4.6912	10	10.2906	5	10.2906
group_4536	417	0	0.0000	0	0.0000	0	0.0000
group_10946	180	0	0.0000	0	0.0000	0	0.0000
group_9736	288	1212	4.2083	10	10.1834	5	10.1834
group_12230	315	0	0.0000	0	0.0000	0	0.0000
group_1146	489	0	0.0000	0	0.0000	0	0.0000
group_11185	177	0	0.0000	0	0.0000	0	0.0000
group_12541	162	0	0.0000	0	0.0000	0	0.0000
group_13310	153	0	0.0000	0	0.0000	0	0.0000
group_11502	324	3988	12.3086	29	26.2506	14	25.3455
group_3304	1125	0	0.0000	0	0.0000	0	0.0000
group_14161	144	0	0.0000	0	0.0000	0	0.0000
group_1754	123	0	0.0000	0	0.0000	0	0.0000
group_16675	648	0	0.0000	0	0.0000	0	0.0000
group_2651	270	0	0.0000	0	0.0000	0	0.0000
group_16678	372	4018	10.8011	28	22.0751	14	22.0751
group_13318	303	151	0.4983	1	0.9679	0	0.0000
group_5634	1803	906	0.5025	6	0.9760	3	0.9760
group_7414	615	1534	2.4943	11	5.2457	5	4.7688
group_4204	2118	64881	30.6331	435	60.2352	217	60.0967
group_13133	1293	34332	26.5522	228	51.7158	114	51.7158
group_9329	195	0	0.0000	0	0.0000	0	0.0000
group_4731	240	907	3.7792	8	9.7761	4	9.7761
group_442	135	0	0.0000	0	0.0000	0	0.0000
group_6119	225	223	0.9911	2	2.6070	1	2.6070
group_13897	147	0	0.0000	0	0.0000	0	0.0000
group_13754	1269	288	0.2270	2	0.4622	1	0.4622
group_2787	747	0	0.0000	0	0.0000	0	0.0000
group_4152	699	0	0.0000	0	0.0000	0	0.0000
group_8423	924	0	0.0000	0	0.0000	0	0.0000
group_8259	927	0	0.0000	0	0.0000	0	0.0000
group_3001	1137	0	0.0000	0	0.0000	0	0.0000
group_2451	273	521	1.9084	4	4.2972	2	4.2972
group_14420	141	0	0.0000	0	0.0000	0	0.0000
group_8966	198	151	0.7626	1	1.4812	0	0.0000
group_16681	984	0	0.0000	0	0.0000	0	0.0000
group_1445	126	0	0.0000	0	0.0000	0	0.0000
group_6701	381	0	0.0000	0	0.0000	0	0.0000
group_7584	210	0	0.0000	0	0.0000	0	0.0000
group_7906	363	408	1.1240	3	2.4238	1	1.6159
group_1176	783	604	0.7714	4	1.4983	2	1.4983
group_5317	1014	453	0.4467	3	0.8677	1	0.5785
group_3042	453	218	0.4812	2	1.2948	1	1.2948
group_5744	654	151	0.2309	1	0.4484	0	0.0000
asnB	1920	1199	0.6245	8	1.2220	4	1.2220
group_11756	321	151	0.4704	1	0.9137	0	0.0000
group_4802	285	0	0.0000	0	0.0000	0	0.0000
nthA	633	302	0.4771	2	0.9266	1	0.9266
group_2953	1140	494	0.4333	4	1.0291	2	1.0291
group_3125	933	0	0.0000	0	0.0000	0	0.0000
group_6826	1647	302	0.1834	2	0.3561	1	0.3561
group_12031	1341	1425	1.0626	10	2.1870	5	2.1870
group_4959	1917	604	0.3151	4	0.6120	2	0.6120
nadB	1716	1510	0.8800	10	1.7091	5	1.7091
group_16692	489	767	1.5685	5	2.9988	2	2.3990
group_16687	699	0	0.0000	0	0.0000	0	0.0000
group_16693	462	0	0.0000	0	0.0000	0	0.0000
group_16698	687	385	0.5604	3	1.2807	1	0.8538
group_16689	180	63	0.3500	1	1.6294	0	0.0000
group_16694	1398	755	0.5401	5	1.0489	2	0.8392
group_16697	747	0	0.0000	0	0.0000	0	0.0000
group_16690	885	0	0.0000	0	0.0000	0	0.0000
group_16695	1116	564	0.5054	4	1.0512	2	1.0512
group_16686	1122	906	0.8075	6	1.5684	3	1.5684
group_16701	765	0	0.0000	0	0.0000	0	0.0000
group_16702	1218	151	0.1240	1	0.2408	0	0.0000
group_1485	486	14280	29.3827	104	62.7602	52	62.7602
group_11188	177	0	0.0000	0	0.0000	0	0.0000
group_2352	108	0	0.0000	0	0.0000	0	0.0000
group_16704	2217	0	0.0000	0	0.0000	0	0.0000
group_16705	330	0	0.0000	0	0.0000	0	0.0000
ycf19	288	258	0.8958	2	2.0367	1	2.0367
group_14829	516	7089	13.7384	52	29.5557	26	29.5557
group_12125	1338	755	0.5643	5	1.0960	2	0.8768
group_2653	270	3389	12.5519	24	26.0696	12	26.0696
group_16706	813	0	0.0000	0	0.0000	0	0.0000
group_13499	816	0	0.0000	0	0.0000	0	0.0000
group_16708	1239	453	0.3656	3	0.7101	1	0.4734
group_16707	1122	218	0.1943	2	0.5228	1	0.5228
group_16710	582	1057	1.8162	7	3.5275	3	3.0235
group_16709	882	711	0.8061	5	1.6626	2	1.3301
group_153	138	226	1.6377	2	4.2505	1	4.2505
group_8756	591	149	0.2521	1	0.4962	0	0.0000
group_11191	177	0	0.0000	0	0.0000	0	0.0000
group_16711	414	0	0.0000	0	0.0000	0	0.0000
group_16712	765	302	0.3948	2	0.7668	1	0.7668
group_16713	675	1498	2.2193	10	4.3449	5	4.3449
group_1971	480	127	0.2646	1	0.6110	0	0.0000
group_8385	597	1462	2.4489	11	5.4039	5	4.9126
group_3669	786	0	0.0000	0	0.0000	0	0.0000
group_28	798	138	0.1729	2	0.7350	1	0.7350
group_13314	153	0	0.0000	0	0.0000	0	0.0000
group_16714	597	0	0.0000	0	0.0000	0	0.0000
group_3335	447	453	1.0134	3	1.9683	1	1.3122
group_3943	252	0	0.0000	0	0.0000	0	0.0000
group_16715	1755	906	0.5162	6	1.0027	3	1.0027
group_16716	96	0	0.0000	0	0.0000	0	0.0000
group_12012	168	149	0.8869	1	1.7457	0	0.0000
group_16717	393	296	0.7532	2	1.4925	1	1.4925
group_2363	762	4643	6.0932	32	12.3163	16	12.3164
group_967	1215	7135	5.8724	48	11.5865	24	11.5865
group_13900	147	0	0.0000	0	0.0000	0	0.0000
group_12783	159	0	0.0000	0	0.0000	0	0.0000
group_8234	600	592	0.9867	4	1.9552	2	1.9552
group_4732	594	501	0.8434	4	1.9750	2	1.9750
group_16719	153	292	1.9085	2	3.8338	1	3.8338
group_16718	255	873	3.4235	6	6.9008	3	6.9008
group_16721	801	5113	6.3833	35	12.8151	17	12.4490
group_16722	960	2881	3.0010	23	7.0266	11	6.7211
group_3137	1131	0	0.0000	0	0.0000	0	0.0000
group_5504	231	0	0.0000	0	0.0000	0	0.0000
group_12793	1308	302	0.2309	2	0.4484	1	0.4484
group_16723	1317	7163	5.4389	49	10.9118	24	10.6891
group_16724	1077	302	0.2804	2	0.5446	1	0.5446
group_16725	492	0	0.0000	0	0.0000	0	0.0000
group_16728	591	63690	107.7665	431	213.8833	215	213.3871
group_16726	111	0	0.0000	0	0.0000	0	0.0000
group_16729	1224	3138	2.5637	23	5.5110	11	5.2714
group_1979	120	0	0.0000	0	0.0000	0	0.0000
group_1980	120	4321	36.0083	42	102.6491	21	102.6491
group_8425	924	249	0.2695	2	0.6348	1	0.6348
group_1278	3864	4823	1.2482	32	2.4288	16	2.4288
group_10818	333	302	0.9069	2	1.7615	1	1.7615
group_16730	201	186	0.9254	2	2.9182	1	2.9182
group_16731	1065	89445	83.9859	596	164.1284	298	164.1284
group_323	291	2324	7.9863	17	17.1334	8	16.1255
group_16732	126	0	0.0000	0	0.0000	0	0.0000
group_16734	216	2971	13.7546	20	27.1558	10	27.1558
group_16733	1035	8767	8.4705	60	17.0019	30	17.0019
group_16736	1185	12645	10.6709	86	21.2847	43	21.2847
group_15415	1032	11314	10.9632	78	22.1667	39	22.1668
group_4463	687	5658	8.2358	39	16.6493	19	16.2224
group_16737	1146	41630	36.3264	283	72.4251	141	72.1692
group_15931	384	1483	3.8620	12	9.1651	6	9.1651
group_16738	960	14534	15.1396	100	30.5503	50	30.5503
group_16740	612	3315	5.4167	22	10.5429	11	10.5429
group_16739	972	9505	9.7788	64	19.3108	32	19.3108
group_6691	219	1808	8.2557	12	16.0703	6	16.0703
group_16741	846	65187	77.0532	441	152.8816	220	152.5350
group_16742	1581	56524	35.7521	378	70.1208	189	70.1208
group_16743	624	269	0.4311	2	0.9400	1	0.9400
group_16744	177	368	2.0791	4	6.6279	2	6.6279
group_16745	213	0	0.0000	0	0.0000	0	0.0000
group_16746	7527	19652	2.6109	131	5.1043	65	5.0653
group_6750	1656	2413	1.4571	16	2.8337	8	2.8337
group_3174	2493	273	0.1095	2	0.2353	1	0.2353
group_2631	96	0	0.0000	0	0.0000	0	0.0000
group_16747	2715	0	0.0000	0	0.0000	0	0.0000
group_12924	1302	9747	7.4862	66	14.8669	33	14.8669
group_4583	1047	6707	6.4059	46	12.8854	23	12.8854
group_9998	189	0	0.0000	0	0.0000	0	0.0000
group_13834	810	0	0.0000	0	0.0000	0	0.0000
group_16748	117	0	0.0000	0	0.0000	0	0.0000
group_16749	1575	0	0.0000	0	0.0000	0	0.0000
group_3967	1086	0	0.0000	0	0.0000	0	0.0000
group_16750	1329	9951	7.4876	68	15.0062	34	15.0062
group_16753	501	13333	26.6128	89	52.1002	44	51.5148
group_16754	168	0	0.0000	0	0.0000	0	0.0000
group_14021	807	349964	433.6605	2421	879.8492	1210	879.4861
group_7292	618	151	0.2443	1	0.4746	0	0.0000
group_16755	333	755	2.2673	5	4.4036	2	3.5229
group_2180	474	3705	7.8165	30	18.5622	15	18.5622
group_16756	786	0	0.0000	0	0.0000	0	0.0000
group_16757	1008	1812	1.7976	12	3.4915	6	3.4915
group_3456	1116	0	0.0000	0	0.0000	0	0.0000
group_765	1218	0	0.0000	0	0.0000	0	0.0000
group_9950	1443	0	0.0000	0	0.0000	0	0.0000
group_5962	1752	0	0.0000	0	0.0000	0	0.0000
group_2088	117	0	0.0000	0	0.0000	0	0.0000
group_16758	151	756	5.0066	6	11.6536	3	11.6536
group_16759	360	259	0.7194	2	1.6294	1	1.6294
group_16760	516	151	0.2926	1	0.5684	0	0.0000
group_6715	969	0	0.0000	0	0.0000	0	0.0000
group_9364	348	362	1.0402	3	2.5283	1	1.6855
group_2431	468	0	0.0000	0	0.0000	0	0.0000
group_16761	126	0	0.0000	0	0.0000	0	0.0000
group_16762	423	802	1.8960	6	4.1600	3	4.1600
group_16764	960	30763	32.0448	208	63.5447	104	63.5447
group_16767	195	0	0.0000	0	0.0000	0	0.0000
group_7914	363	30912	85.1570	211	170.4758	105	169.6680
group_12786	159	0	0.0000	0	0.0000	0	0.0000
group_2880	744	0	0.0000	0	0.0000	0	0.0000
group_3410	1119	0	0.0000	0	0.0000	0	0.0000
group_1870	1197	0	0.0000	0	0.0000	0	0.0000
group_5608	1812	151	0.0833	1	0.1619	0	0.0000
group_8025	603	0	0.0000	0	0.0000	0	0.0000
group_4740	1041	62600	60.1345	420	118.3275	210	118.3275
group_3685	786	57914	73.6819	386	144.0296	193	144.0296
group_3323	261	267	1.0230	2	2.2474	1	2.2474
group_7915	207	449	2.1691	3	4.2505	1	2.8337
group_8267	204	3118	15.2843	21	30.1909	10	28.7533
group_2562	99	0	0.0000	0	0.0000	0	0.0000
group_3295	2442	1053	0.4312	7	0.8407	3	0.7206
group_8970	1497	1510	1.0087	10	1.9591	5	1.9591
group_3740	255	206	0.8078	2	2.3003	1	2.3003
group_1490	486	251	0.5165	2	1.2069	1	1.2069
group_1133	129	0	0.0000	0	0.0000	0	0.0000
group_2866	267	0	0.0000	0	0.0000	0	0.0000
group_16768	345	300	0.8696	2	1.7002	1	1.7002
group_14169	144	205	1.4236	2	4.0734	1	4.0734
group_2275	111	0	0.0000	0	0.0000	0	0.0000
group_33	798	1889	2.3672	15	5.5128	7	5.1453
group_14428	141	128	0.9078	2	4.1600	1	4.1600
group_5421	402	24521	60.9975	168	122.5661	84	122.5661
group_2869	267	0	0.0000	0	0.0000	0	0.0000
group_2293	276	0	0.0000	0	0.0000	0	0.0000
group_12016	168	593	3.5298	6	10.4744	3	10.4744
group_4267	246	262	1.0650	3	3.5766	1	2.3844
group_16769	1443	39593	27.4380	267	54.2665	133	54.0633
group_16770	2130	135651	63.6859	914	125.8501	457	125.8502
group_16771	2862	6242	2.1810	42	4.3039	21	4.3039
group_13640	150	438	2.9200	3	5.8657	1	3.9104
group_3720	438	1142	2.6073	8	5.3568	4	5.3568
group_5991	393	0	0.0000	0	0.0000	0	0.0000
group_2563	99	0	0.0000	0	0.0000	0	0.0000
group_8519	594	302	0.5084	2	0.9875	1	0.9875
group_8811	354	3707	10.4718	25	20.7121	12	19.8836
group_3324	261	151	0.5785	1	1.1237	0	0.0000
group_6353	1692	6835	4.0396	46	7.9734	23	7.9734
group_16773	924	79288	85.8095	535	169.8122	267	169.4948
group_16772	1011	99006	97.9288	709	205.6753	354	205.3852
group_16774	114	0	0.0000	0	0.0000	0	0.0000
group_2776	45	0	0.0000	0	0.0000	0	0.0000
group_16776	2148	51835	24.1318	332	45.3305	166	45.3305
group_16775	237	45494	191.9578	319	394.7566	159	393.5192
group_6123	225	7522	33.4311	55	71.6914	27	70.3880
group_272	498	0	0.0000	0	0.0000	0	0.0000
group_4155	699	302	0.4320	2	0.8392	1	0.8392
group_3815	435	0	0.0000	0	0.0000	0	0.0000
group_13641	150	0	0.0000	0	0.0000	0	0.0000
group_9360	1476	0	0.0000	0	0.0000	0	0.0000
group_6174	1728	0	0.0000	0	0.0000	0	0.0000
group_3904	288	755	2.6215	5	5.0917	2	4.0734
group_8520	594	3713	6.2508	25	12.3436	12	11.8498
group_7922	207	777	3.7536	6	8.5010	3	8.5010
group_2280	111	0	0.0000	0	0.0000	0	0.0000
group_12763	531	2743	5.1657	19	10.4941	9	9.9418
group_14429	141	832	5.9007	10	20.8002	5	20.8002
group_12788	159	704	4.4277	6	11.0673	3	11.0673
group_13588	516	13796	26.7364	92	52.2908	46	52.2908
group_451	135	345	2.5556	4	8.6899	2	8.6899
group_12792	159	275	1.7296	3	5.5336	1	3.6891
group_2294	276	1055	3.8225	9	9.5636	4	8.5010
group_7271	372	4026	10.8226	29	22.8635	14	22.0751
group_7152	954	755	0.7914	5	1.5371	2	1.2297
group_1826	777	1923	2.4749	13	4.9069	6	4.5295
group_2295	276	0	0.0000	0	0.0000	0	0.0000
group_12789	159	0	0.0000	0	0.0000	0	0.0000
group_11048	330	7710	23.3636	54	47.9918	27	47.9918
group_2179	114	200	1.7544	2	5.1453	1	5.1453
group_2277	111	0	0.0000	0	0.0000	0	0.0000
group_6279	642	1510	2.3520	10	4.5683	5	4.5683
group_14759	3018	1785	0.5915	14	1.3605	7	1.3605
group_14758	1896	581	0.3064	4	0.6187	2	0.6187
group_4694	681	0	0.0000	0	0.0000	0	0.0000
group_5026	408	2517	6.1691	18	12.9390	9	12.9390
group_10001	189	888	4.6984	6	9.3106	3	9.3106
group_16777	240	0	0.0000	0	0.0000	0	0.0000
group_959	4248	23630	5.5626	157	10.8393	78	10.7703
group_16778	537	5844	10.8827	40	21.8460	20	21.8460
group_16779	294	357	1.2143	2	1.9951	1	1.9951
group_16780	397	4814	12.1259	37	27.3337	18	26.5949
group_6446	978	0	0.0000	0	0.0000	0	0.0000
group_16782	243	299	1.2305	3	3.6208	1	2.4139
group_16783	267	0	0.0000	0	0.0000	0	0.0000
group_16784	1827	302	0.1653	2	0.3211	1	0.3211
group_16785	1152	0	0.0000	0	0.0000	0	0.0000
group_10334	186	0	0.0000	0	0.0000	0	0.0000
group_16786	213	7633	35.8357	52	71.5996	26	71.5996
group_16787	879	13777	15.6735	97	32.3646	48	32.0309
group_16788	166	244	1.4699	2	3.5335	1	3.5335
group_16789	180	206	1.1444	2	3.2587	1	3.2587
group_16791	576	0	0.0000	0	0.0000	0	0.0000
group_16790	1452	143	0.0985	1	0.2020	0	0.0000
group_13643	150	236	1.5733	2	3.9104	1	3.9104
group_5790	396	151	0.3813	1	0.7406	0	0.0000
group_1454	126	0	0.0000	0	0.0000	0	0.0000
group_16792	300	952	3.1733	9	8.7985	4	7.8209
group_16793	1773	47036	26.5290	313	51.7753	156	51.6099
group_5677	1002	3001	2.9950	22	6.4393	11	6.4394
cas10d	2967	7209	2.4297	48	4.7447	24	4.7447
group_4597	2007	4981	2.4818	35	5.1146	17	4.9684
group_16794	258	0	0.0000	0	0.0000	0	0.0000
group_16795	201	567	2.8209	4	5.8365	2	5.8365
group_16796	1386	1812	1.3074	12	2.5392	6	2.5392
group_7156	954	604	0.6331	4	1.2297	2	1.2297
group_16797	135	224	1.6593	2	4.3449	1	4.3449
group_3916	708	0	0.0000	0	0.0000	0	0.0000
group_14434	141	0	0.0000	0	0.0000	0	0.0000
group_16798	129	0	0.0000	0	0.0000	0	0.0000
group_16799	633	0	0.0000	0	0.0000	0	0.0000
group_8602	201	0	0.0000	0	0.0000	0	0.0000
group_16800	273	5196	19.0330	37	39.7490	18	38.6747
group_16801	222	0	0.0000	0	0.0000	0	0.0000
group_11486	552	453	0.8207	3	1.5939	1	1.0626
group_11960	849	302	0.3557	2	0.6909	1	0.6909
group_694	288	623	2.1632	5	5.0917	2	4.0734
group_13325	303	2147	7.0858	15	14.5190	7	13.5510
group_4488	243	1411	5.8066	10	12.0693	5	12.0693
group_13074	156	0	0.0000	0	0.0000	0	0.0000
group_16802	732	46796	63.9290	318	127.4099	159	127.4099
group_3060	265	5028	18.9736	35	38.7355	17	37.6288
group_16807	441	302	0.6848	2	1.3301	1	1.3301
group_16810	276	151	0.5471	1	1.0626	0	0.0000
group_16811	132	0	0.0000	0	0.0000	0	0.0000
group_16804	1308	1208	0.9235	8	1.7938	4	1.7938
group_16809	906	1130	1.2472	8	2.5897	4	2.5897
group_16805	954	1468	1.5388	10	3.0742	5	3.0742
group_16806	1233	1208	0.9797	8	1.9029	4	1.9029
group_16803	1293	1692	1.3086	12	2.7219	6	2.7219
group_16812	225	151	0.6711	1	1.3035	0	0.0000
group_16813	2373	5732	2.4155	39	4.8201	19	4.6965
group_4221	696	524	0.7529	4	1.6855	2	1.6855
group_16814	1455	4530	3.1134	30	6.0471	15	6.0471
group_3531	258	366	1.4186	3	3.4103	1	2.2735
group_12313	1332	604	0.4535	4	0.8807	2	0.8807
group_2089	117	0	0.0000	0	0.0000	0	0.0000
group_16815	783	408	0.5211	4	1.4983	2	1.4983
group_16816	819	151	0.1844	1	0.3581	0	0.0000
group_10129	573	0	0.0000	0	0.0000	0	0.0000
group_14175	144	0	0.0000	0	0.0000	0	0.0000
group_16817	178	1638	9.2022	18	29.6578	9	29.6578
group_5479	1008	1311	1.3006	10	2.9096	5	2.9096
group_3532	258	793	3.0736	6	6.8205	3	6.8205
group_2080	771	1356	1.7588	10	3.8039	5	3.8039
group_13681	300	386	1.2867	3	2.9328	1	1.9552
group_16818	219	2063	9.4201	15	20.0879	7	18.7487
group_3743	255	805	3.1569	6	6.9008	3	6.9008
group_3534	258	961	3.7248	7	7.9573	3	6.8205
group_16820	93	0	0.0000	0	0.0000	0	0.0000
group_16819	549	604	1.1002	4	2.1369	2	2.1369
group_16821	654	302	0.4618	2	0.8969	1	0.8969
group_16822	384	235	0.6120	2	1.5275	1	1.5275
group_16823	636	682	1.0723	6	2.7668	3	2.7668
group_7054	375	906	2.4160	6	4.6925	3	4.6925
group_4464	687	0	0.0000	0	0.0000	0	0.0000
group_16824	342	3675	10.7456	28	24.0115	14	24.0115
group_16825	450	12229	27.1756	86	56.0497	43	56.0497
group_16826	333	302	0.9069	2	1.7615	1	1.7615
group_12023	168	0	0.0000	0	0.0000	0	0.0000
group_3952	492	0	0.0000	0	0.0000	0	0.0000
group_16808	273	0	0.0000	0	0.0000	0	0.0000
group_8271	927	0	0.0000	0	0.0000	0	0.0000
group_2694	750	899	1.1987	6	2.3463	3	2.3463
group_4012	1083	568	0.5245	4	1.0832	2	1.0832
group_14201	1254	906	0.7225	6	1.4033	3	1.4033
group_7596	612	450	0.7353	3	1.4377	1	0.9584
group_8084	1539	906	0.5887	6	1.1434	3	1.1434
group_16827	276	453	1.6413	3	3.1879	1	2.1252
group_16828	163	0	0.0000	0	0.0000	0	0.0000
group_2701	93	0	0.0000	0	0.0000	0	0.0000
group_16829	222	0	0.0000	0	0.0000	0	0.0000
group_16830	156	214	1.3718	2	3.7600	1	3.7600
group_2700	462	0	0.0000	0	0.0000	0	0.0000
group_16831	99	173	1.7475	2	5.9249	1	5.9249
group_16832	129	0	0.0000	0	0.0000	0	0.0000
group_16833	231	275	1.1905	2	2.5392	1	2.5392
group_16834	516	2229	4.3198	17	9.6624	8	9.0941
group_16835	402	0	0.0000	0	0.0000	0	0.0000
group_16836	1923	67365	35.0312	469	71.5287	234	71.3762
group_1191	783	1487	1.8991	10	3.7456	5	3.7456
group_9674	192	0	0.0000	0	0.0000	0	0.0000
group_11226	1377	0	0.0000	0	0.0000	0	0.0000
group_16837	510	257	0.5039	3	1.7252	1	1.1501
group_16838	315	0	0.0000	0	0.0000	0	0.0000
group_16839	132	0	0.0000	0	0.0000	0	0.0000
group_16840	168	0	0.0000	0	0.0000	0	0.0000
group_16844	1365	453	0.3319	3	0.6446	1	0.4297
group_16842	2256	453	0.2008	3	0.3900	1	0.2600
group_16841	210	0	0.0000	0	0.0000	0	0.0000
group_16845	2499	1921	0.7687	13	1.5257	6	1.4083
group_16846	564	0	0.0000	0	0.0000	0	0.0000
group_16847	222	0	0.0000	0	0.0000	0	0.0000
group_456	135	0	0.0000	0	0.0000	0	0.0000
group_5518	231	151	0.6537	1	1.2696	0	0.0000
group_12551	162	135	0.8333	1	1.8104	0	0.0000
group_16848	165	0	0.0000	0	0.0000	0	0.0000
group_16849	297	0	0.0000	0	0.0000	0	0.0000
group_16850	177	3787	21.3955	31	51.3660	15	49.7090
group_16851	396	0	0.0000	0	0.0000	0	0.0000
group_16854	678	0	0.0000	0	0.0000	0	0.0000
group_16853	240	0	0.0000	0	0.0000	0	0.0000
group_16852	804	145	0.1803	1	0.3648	0	0.0000
group_16855	114	0	0.0000	0	0.0000	0	0.0000
group_8434	924	0	0.0000	0	0.0000	0	0.0000
group_16856	168	0	0.0000	0	0.0000	0	0.0000
group_16857	156	435	2.7885	4	7.5201	2	7.5201
group_2791	747	0	0.0000	0	0.0000	0	0.0000
group_16858	171	1289	7.5380	12	20.5813	6	20.5813
group_16859	393	0	0.0000	0	0.0000	0	0.0000
group_4660	414	263	0.6353	2	1.4168	1	1.4168
group_16860	234	1192	5.0940	9	11.2801	4	10.0268
group_16861	231	0	0.0000	0	0.0000	0	0.0000
group_16862	945	1507	1.5947	10	3.1035	5	3.1035
plsY	657	54438	82.8584	373	166.5062	186	166.0599
group_2316	471	3263	6.9278	23	14.3217	11	13.6990
group_8821	354	151	0.4266	1	0.8285	0	0.0000
group_16863	231	1906	8.2511	15	19.0444	7	17.7747
group_16864	723	0	0.0000	0	0.0000	0	0.0000
group_1464	126	0	0.0000	0	0.0000	0	0.0000
group_610	4848	0	0.0000	0	0.0000	0	0.0000
group_15769	432	238	0.5509	2	1.3578	1	1.3578
group_16865	300	14916	49.7200	107	104.6043	53	103.6267
group_16866	120	0	0.0000	0	0.0000	0	0.0000
group_16867	303	585	1.9307	4	3.8717	2	3.8717
group_11077	1386	46928	33.8586	323	68.3481	161	68.1365
group_16868	600	2978	4.9633	20	9.7761	10	9.7761
group_16869	180	151	0.8389	1	1.6294	0	0.0000
group_16870	477	112	0.2348	2	1.2297	1	1.2297
group_16871	486	526	1.0823	4	2.4139	2	2.4139
group_16872	510	453	0.8882	3	1.7252	1	1.1501
group_16873	132	0	0.0000	0	0.0000	0	0.0000
group_8610	201	0	0.0000	0	0.0000	0	0.0000
group_16874	765	4373	5.7163	30	11.5013	15	11.5013
group_1466	126	0	0.0000	0	0.0000	0	0.0000
group_16877	228	0	0.0000	0	0.0000	0	0.0000
group_16878	114	116	1.0175	2	5.1453	1	5.1453
group_16879	207	368	1.7778	3	4.2505	1	2.8337
group_3832	2229	0	0.0000	0	0.0000	0	0.0000
group_16880	228	162	0.7105	2	2.5727	1	2.5727
group_16881	240	124	0.5167	2	2.4440	1	2.4440
group_8433	924	30828	33.3636	208	66.0204	104	66.0205
group_16884	5790	76610	13.2314	503	25.4787	251	25.4280
group_16883	285	431	1.5123	3	3.0872	1	2.0581
group_10039	891	151	0.1695	1	0.3292	0	0.0000
group_13085	825	604	0.7321	4	1.4220	2	1.4220
group_361	1227	1812	1.4768	12	2.8683	6	2.8683
group_16885	126	0	0.0000	0	0.0000	0	0.0000
group_16886	276	0	0.0000	0	0.0000	0	0.0000
group_8907	915	151	0.1650	1	0.3205	0	0.0000
group_10826	333	0	0.0000	0	0.0000	0	0.0000
group_16888	309	0	0.0000	0	0.0000	0	0.0000
group_16887	1188	0	0.0000	0	0.0000	0	0.0000
group_9349	195	0	0.0000	0	0.0000	0	0.0000
group_457	135	0	0.0000	0	0.0000	0	0.0000
group_16889	171	441	2.5789	3	5.1453	1	3.4302
group_4492	243	430	1.7695	4	4.8277	2	4.8277
group_16890	426	27923	65.5469	199	137.0031	99	136.3147
group_7931	207	1270	6.1353	10	14.1683	5	14.1683
group_9033	1494	2656	1.7778	18	3.5335	9	3.5335
group_12404	1326	2803	2.1139	19	4.2024	9	3.9812
group_1143	129	0	0.0000	0	0.0000	0	0.0000
group_10950	1392	1603	1.1516	11	2.3176	5	2.1069
group_7273	372	604	1.6237	4	3.1536	2	3.1536
group_9124	351	0	0.0000	0	0.0000	0	0.0000
group_16895	318	302	0.9497	2	1.8445	1	1.8445
group_16903	225	248	1.1022	2	2.6070	1	2.6070
group_16912	207	298	1.4396	2	2.8337	1	2.8337
group_16901	216	140	0.6481	1	1.3578	0	0.0000
group_16906	228	151	0.6623	1	1.2863	0	0.0000
group_16899	333	906	2.7207	6	5.2844	3	5.2844
group_16900	177	0	0.0000	0	0.0000	0	0.0000
group_16910	219	151	0.6895	1	1.3392	0	0.0000
group_9028	1494	2002	1.3400	14	2.7483	7	2.7483
group_8276	204	302	1.4804	2	2.8753	1	2.8753
group_11473	174	0	0.0000	0	0.0000	0	0.0000
group_6392	222	451	2.0315	3	3.9633	1	2.6422
group_16914	240	5811	24.2125	46	56.2126	23	56.2126
group_16915	183	145	0.7923	1	1.6026	0	0.0000
group_16916	231	148	0.6407	1	1.2696	0	0.0000
group_16917	246	1840	7.4797	13	15.4987	6	14.3065
group_16918	774	1540	1.9897	11	4.1681	5	3.7892
group_16919	849	1023	1.2049	7	2.4181	3	2.0727
group_6003	648	1843	2.8441	14	6.3364	7	6.3364
group_16920	387	1704	4.4031	13	9.8519	6	9.0941
group_16921	189	230	1.2169	2	3.1035	1	3.1035
group_4796	678	4024	5.9351	30	12.9771	15	12.9771
group_16922	105	0	0.0000	0	0.0000	0	0.0000
group_8611	201	2017	10.0348	15	21.8868	7	20.4277
group_16909	189	0	0.0000	0	0.0000	0	0.0000
group_16911	219	151	0.6895	1	1.3392	0	0.0000
group_16904	438	599	1.3676	4	2.6784	2	2.6784
group_16905	258	0	0.0000	0	0.0000	0	0.0000
group_16913	423	1057	2.4988	7	4.8534	3	4.1600
group_16908	267	453	1.6966	3	3.2953	1	2.1969
group_16892	276	151	0.5471	1	1.0626	0	0.0000
group_16897	981	998	1.0173	3	0.8969	1	0.5979
group_16893	273	254	0.9304	2	2.1486	1	2.1486
group_16894	576	750	1.3021	6	3.0550	3	3.0550
group_172	138	0	0.0000	0	0.0000	0	0.0000
group_16923	1284	1657	1.2905	11	2.5125	5	2.2841
group_6158	987	1038	1.0517	9	2.6743	4	2.3772
group_463	135	0	0.0000	0	0.0000	0	0.0000
group_14182	144	59	0.4097	1	2.0367	0	0.0000
group_3918	708	586	0.8277	4	1.6570	2	1.6570
group_16924	147	490	3.3333	6	11.9707	3	11.9707
group_16925	195	270	1.3846	2	3.0080	1	3.0080
group_16926	474	510	1.0759	4	2.4750	2	2.4750
group_16927	981	2790	2.8440	19	5.6803	9	5.3813
group_16928	876	4224	4.8219	30	10.0439	15	10.0439
group_16929	261	5471	20.9617	40	44.9476	20	44.9476
group_16930	219	0	0.0000	0	0.0000	0	0.0000
group_16931	111	0	0.0000	0	0.0000	0	0.0000
group_10961	180	301	1.6722	2	3.2587	1	3.2587
group_9127	351	1893	5.3932	14	11.6979	7	11.6979
group_16932	249	743	2.9839	6	7.0671	3	7.0671
group_4159	783	604	0.7714	4	1.4983	2	1.4983
group_16933	205	345	1.6829	3	4.2919	1	2.8613
group_12029	168	227	1.3512	2	3.4915	1	3.4915
group_16934	1371	1942	1.4165	13	2.7809	6	2.5670
group_13918	147	0	0.0000	0	0.0000	0	0.0000
group_11475	174	149	0.8563	1	1.6855	0	0.0000
group_8614	201	154	0.7662	2	2.9182	1	2.9182
group_16935	153	0	0.0000	0	0.0000	0	0.0000
group_16936	249	236	0.9478	2	2.3557	1	2.3557
group_16937	591	604	1.0220	4	1.9850	2	1.9850
group_11677	549	253	0.4608	2	1.0684	1	1.0684
group_16938	1605	906	0.5645	6	1.0964	3	1.0964
group_16939	300	553	1.8433	4	3.9104	2	3.9104
group_16940	189	151	0.7989	1	1.5518	0	0.0000
group_1976	480	0	0.0000	0	0.0000	0	0.0000
group_11172	987	7466	7.5643	51	15.1544	25	14.8573
group_16941	132	233	1.7652	2	4.4437	1	4.4437
group_5799	396	0	0.0000	0	0.0000	0	0.0000
group_16942	129	0	0.0000	0	0.0000	0	0.0000
group_16943	183	739	4.0383	8	12.8211	4	12.8211
group_16944	1341	604	0.4504	4	0.8748	2	0.8748
group_16945	177	2615	14.7740	18	29.8254	9	29.8254
group_16946	306	0	0.0000	0	0.0000	0	0.0000
group_16947	1635	12702	7.7688	85	15.2471	42	15.0678
group_16948	465	2551	5.4860	19	11.9836	9	11.3529
group_7424	615	7187	11.6862	48	22.8904	24	22.8904
group_16949	273	11099	40.6557	79	84.8695	39	83.7952
group_6708	219	0	0.0000	0	0.0000	0	0.0000
group_16950	345	1300	3.7681	12	10.2012	6	10.2012
group_5999	393	28224	71.8168	195	145.5221	97	144.7759
group_16951	108	0	0.0000	0	0.0000	0	0.0000
group_16952	1215	604	0.4971	4	0.9655	2	0.9655
group_11263	846	29284	34.6147	197	68.2941	98	67.9474
group_16953	300	3146	10.4867	23	22.4850	11	21.5074
group_16955	471	0	0.0000	0	0.0000	0	0.0000
group_16956	300	1742	5.8067	12	11.7313	6	11.7313
group_16957	210	698	3.3238	5	6.9829	2	5.5863
group_16958	393	29662	75.4758	207	154.4773	103	153.7311
group_13920	147	0	0.0000	0	0.0000	0	0.0000
group_16959	1587	0	0.0000	0	0.0000	0	0.0000
group_16960	528	0	0.0000	0	0.0000	0	0.0000
group_6395	222	7931	35.7252	57	75.3024	28	73.9813
group_16961	987	38449	38.9554	266	79.0408	133	79.0409
group_16964	1686	396	0.2349	4	0.6958	2	0.6958
group_16963	3393	302	0.0890	2	0.1729	1	0.1729
group_9501	582	14157	24.3247	95	47.8727	47	47.3688
group_16965	579	10074	17.3990	68	34.4443	34	34.4443
group_1150	129	0	0.0000	0	0.0000	0	0.0000
group_16966	630	0	0.0000	0	0.0000	0	0.0000
group_16967	141	0	0.0000	0	0.0000	0	0.0000
group_16968	123	0	0.0000	0	0.0000	0	0.0000
group_13517	816	0	0.0000	0	0.0000	0	0.0000
group_3207	732	0	0.0000	0	0.0000	0	0.0000
group_6004	993	0	0.0000	0	0.0000	0	0.0000
group_3783	1098	0	0.0000	0	0.0000	0	0.0000
group_7046	957	0	0.0000	0	0.0000	0	0.0000
group_13333	153	0	0.0000	0	0.0000	0	0.0000
group_9362	1476	2710	1.8360	18	3.5766	9	3.5766
group_2464	273	0	0.0000	0	0.0000	0	0.0000
group_5813	228	151	0.6623	1	1.2863	0	0.0000
group_16969	276	568	2.0580	5	5.3131	2	4.2505
group_2127	1188	302	0.2542	2	0.4937	1	0.4937
group_16970	1041	0	0.0000	0	0.0000	0	0.0000
group_16971	153	385	2.5163	4	7.6675	2	7.6675
group_16972	408	0	0.0000	0	0.0000	0	0.0000
group_16973	102	0	0.0000	0	0.0000	0	0.0000
group_16974	1329	151	0.1136	1	0.2207	0	0.0000
group_16975	561	0	0.0000	0	0.0000	0	0.0000
group_16976	180	302	1.6778	2	3.2587	1	3.2587
group_16977	138	0	0.0000	0	0.0000	0	0.0000
group_16978	214	168	0.7850	2	2.7410	1	2.7410
group_16979	732	680	0.9290	5	2.0033	2	1.6026
group_16980	183	0	0.0000	0	0.0000	0	0.0000
group_16981	366	140	0.3825	2	1.6026	1	1.6026
group_16982	162	0	0.0000	0	0.0000	0	0.0000
group_16983	114	0	0.0000	0	0.0000	0	0.0000
group_9373	348	0	0.0000	0	0.0000	0	0.0000
group_16984	240	0	0.0000	0	0.0000	0	0.0000
group_16985	108	0	0.0000	0	0.0000	0	0.0000
group_177	138	0	0.0000	0	0.0000	0	0.0000
group_16986	132	0	0.0000	0	0.0000	0	0.0000
group_16987	141	124	0.8794	2	4.1600	1	4.1600
group_16988	972	0	0.0000	0	0.0000	0	0.0000
group_16989	159	506	3.1824	4	7.3782	2	7.3782
group_16990	429	1206	2.8112	10	6.8364	5	6.8364
group_16991	93	0	0.0000	0	0.0000	0	0.0000
group_16992	231	0	0.0000	0	0.0000	0	0.0000
group_16993	213	567	2.6620	4	5.5077	2	5.5077
group_16994	117	89	0.7607	1	2.5067	0	0.0000
group_16995	378	34921	92.3836	236	183.1080	118	183.1080
group_16996	408	1376	3.3725	10	7.1883	5	7.1883
group_16997	279	0	0.0000	0	0.0000	0	0.0000
group_16998	117	0	0.0000	0	0.0000	0	0.0000
group_10362	186	2328	12.5161	16	25.2287	8	25.2287
group_7936	207	0	0.0000	0	0.0000	0	0.0000
group_2490	102	0	0.0000	0	0.0000	0	0.0000
group_16999	153	274	1.7908	2	3.8338	1	3.8338
group_17000	123	492	4.0000	4	9.5377	2	9.5377
group_17001	213	290	1.3615	2	2.7538	1	2.7538
group_17002	171	0	0.0000	0	0.0000	0	0.0000
group_3592	441	0	0.0000	0	0.0000	0	0.0000
group_17003	132	454	3.4394	4	8.8874	2	8.8874
group_17004	144	0	0.0000	0	0.0000	0	0.0000
group_17005	2325	302	0.1299	2	0.2523	1	0.2523
group_722	288	0	0.0000	0	0.0000	0	0.0000
group_4782	1956	906	0.4632	6	0.8996	3	0.8996
group_8216	1533	604	0.3940	4	0.7653	2	0.7653
group_17006	738	0	0.0000	0	0.0000	0	0.0000
group_17010	231	0	0.0000	0	0.0000	0	0.0000
group_17008	1317	0	0.0000	0	0.0000	0	0.0000
group_17007	561	302	0.5383	2	1.0456	1	1.0456
group_17009	1056	10764	10.1932	73	20.2743	36	19.9966
group_17011	138	0	0.0000	0	0.0000	0	0.0000
group_9912	576	0	0.0000	0	0.0000	0	0.0000
group_5022	672	0	0.0000	0	0.0000	0	0.0000
group_14125	1257	298	0.2371	2	0.4666	1	0.4666
group_3114	735	571	0.7769	4	1.5961	2	1.5961
group_3334	261	0	0.0000	0	0.0000	0	0.0000
group_17012	426	0	0.0000	0	0.0000	0	0.0000
group_17013	117	0	0.0000	0	0.0000	0	0.0000
group_2668	270	0	0.0000	0	0.0000	0	0.0000
group_8497	357	625	1.7507	5	4.1076	2	3.2861
group_17014	207	0	0.0000	0	0.0000	0	0.0000
group_17015	135	0	0.0000	0	0.0000	0	0.0000
group_17016	270	436	1.6148	4	4.3449	2	4.3449
group_17017	105	531	5.0571	6	16.7590	3	16.7590
group_17018	429	151	0.3520	1	0.6836	0	0.0000
group_17019	231	1015	4.3939	8	10.1570	4	10.1570
group_17020	213	0	0.0000	0	0.0000	0	0.0000
group_2885	744	4571	6.1438	32	12.6143	16	12.6143
group_17021	171	0	0.0000	0	0.0000	0	0.0000
group_17022	117	0	0.0000	0	0.0000	0	0.0000
group_17025	870	0	0.0000	0	0.0000	0	0.0000
group_17024	447	0	0.0000	0	0.0000	0	0.0000
group_17023	492	0	0.0000	0	0.0000	0	0.0000
group_17026	240	0	0.0000	0	0.0000	0	0.0000
group_17027	669	0	0.0000	0	0.0000	0	0.0000
group_3889	1092	1203	1.1016	8	2.1486	4	2.1486
group_14527	1242	0	0.0000	0	0.0000	0	0.0000
group_10682	183	0	0.0000	0	0.0000	0	0.0000
group_17028	228	0	0.0000	0	0.0000	0	0.0000
group_16133	372	0	0.0000	0	0.0000	0	0.0000
group_2927	456	1057	2.3180	7	4.5022	3	3.8590
group_3593	441	0	0.0000	0	0.0000	0	0.0000
group_17030	672	0	0.0000	0	0.0000	0	0.0000
group_17029	834	5904	7.0791	40	14.0663	20	14.0663
group_17031	153	207	1.3529	2	3.8338	1	3.8338
group_17032	1416	444	0.3136	3	0.6214	1	0.4142
group_17033	690	755	1.0942	5	2.1252	2	1.7002
group_11022	1389	302	0.2174	2	0.4223	1	0.4223
group_5241	1869	1138	0.6089	8	1.2554	4	1.2554
group_3478	444	4171	9.3941	29	19.1559	14	18.4953
group_2095	279	301	1.0789	2	2.1024	1	2.1024
group_17034	126	0	0.0000	0	0.0000	0	0.0000
group_17035	183	282	1.5410	2	3.2053	1	3.2053
group_10978	180	0	0.0000	0	0.0000	0	0.0000
group_17036	1632	65313	40.0202	440	79.0714	220	79.0714
group_2686	1161	0	0.0000	0	0.0000	0	0.0000
group_17042	525	1086	2.0686	14	7.8209	7	7.8209
group_17037	150	0	0.0000	0	0.0000	0	0.0000
group_17041	246	0	0.0000	0	0.0000	0	0.0000
group_17039	231	0	0.0000	0	0.0000	0	0.0000
group_17040	231	0	0.0000	0	0.0000	0	0.0000
group_17038	249	0	0.0000	0	0.0000	0	0.0000
group_17043	216	226	1.0463	2	2.7156	1	2.7156
group_4241	3636	755	0.2076	5	0.4033	2	0.3226
group_11543	1365	990	0.7253	8	1.7189	4	1.7189
group_2187	114	0	0.0000	0	0.0000	0	0.0000
group_6139	225	145	0.6444	1	1.3035	0	0.0000
group_10444	1422	0	0.0000	0	0.0000	0	0.0000
group_17044	6870	8146	1.1857	55	2.3480	27	2.3053
group_17045	255	0	0.0000	0	0.0000	0	0.0000
group_17046	270	0	0.0000	0	0.0000	0	0.0000
group_17047	5301	0	0.0000	0	0.0000	0	0.0000
group_12131	378	151	0.3995	1	0.7759	0	0.0000
group_3417	1119	0	0.0000	0	0.0000	0	0.0000
group_17048	231	515	2.2294	4	5.0785	2	5.0785
group_4909	675	130	0.1926	2	0.8690	1	0.8690
group_17049	891	0	0.0000	0	0.0000	0	0.0000
group_11487	174	216	1.2414	2	3.3711	1	3.3711
group_17050	390	302	0.7744	2	1.5040	1	1.5040
group_17051	258	0	0.0000	0	0.0000	0	0.0000
group_17052	849	0	0.0000	0	0.0000	0	0.0000
group_17053	177	0	0.0000	0	0.0000	0	0.0000
group_17054	747	6351	8.5020	47	18.4529	23	18.0603
group_17057	204	0	0.0000	0	0.0000	0	0.0000
group_17056	240	250	1.0417	2	2.4440	1	2.4440
group_17058	858	0	0.0000	0	0.0000	0	0.0000
group_17059	2295	21701	9.4558	143	18.2743	71	18.1465
group_17060	153	503	3.2876	4	7.6675	2	7.6675
group_6977	216	0	0.0000	0	0.0000	0	0.0000
group_3075	264	0	0.0000	0	0.0000	0	0.0000
group_1517	486	0	0.0000	0	0.0000	0	0.0000
group_12561	1320	0	0.0000	0	0.0000	0	0.0000
group_2772	51	0	0.0000	0	0.0000	0	0.0000
group_13601	516	151	0.2926	1	0.5684	0	0.0000
group_6343	981	151	0.1539	1	0.2990	0	0.0000
group_725	288	435	1.5104	4	4.0734	2	4.0734
group_3209	450	0	0.0000	0	0.0000	0	0.0000
group_8629	201	130	0.6468	2	2.9182	1	2.9182
group_1859	777	908	1.1686	7	2.6422	3	2.2647
group_6137	225	0	0.0000	0	0.0000	0	0.0000
group_3922	708	6759	9.5466	47	19.4694	23	19.0551
group_6893	627	5942	9.4769	42	19.6458	21	19.6458
group_17061	153	0	0.0000	0	0.0000	0	0.0000
group_17062	159	0	0.0000	0	0.0000	0	0.0000
group_17063	237	420	1.7722	4	4.9499	2	4.9499
group_17064	168	253	1.5060	2	3.4915	1	3.4915
group_17065	336	0	0.0000	0	0.0000	0	0.0000
group_5528	231	151	0.6537	1	1.2696	0	0.0000
group_17066	246	0	0.0000	0	0.0000	0	0.0000
group_17069	963	0	0.0000	0	0.0000	0	0.0000
group_17072	291	0	0.0000	0	0.0000	0	0.0000
group_17073	2019	80546	39.8940	536	77.8602	268	77.8602
group_17068	1287	8396	6.5237	56	12.7613	28	12.7614
group_17067	246	0	0.0000	0	0.0000	0	0.0000
group_17074	1392	76105	54.6731	491	103.4497	245	103.2390
group_17075	831	25639	30.8532	172	60.7036	86	60.7036
group_17077	540	45912	85.0222	328	178.1423	164	178.1424
group_17079	1158	47212	40.7703	315	79.7791	157	79.5258
group_17078	1224	19474	15.9101	129	30.9097	64	30.6701
group_17080	624	274	0.4391	2	0.9400	1	0.9400
group_17081	522	0	0.0000	0	0.0000	0	0.0000
group_17082	756	19793	26.1812	122	47.3288	61	47.3288
group_17083	567	9643	17.0071	64	33.1043	32	33.1043
group_17085	351	217	0.6182	2	1.6711	1	1.6711
group_17084	276	990	3.5870	8	8.5010	4	8.5010
group_17087	417	2044	4.9017	14	9.8464	7	9.8464
group_17086	282	6874	24.3759	47	48.8805	23	47.8405
group_17088	366	0	0.0000	0	0.0000	0	0.0000
group_17090	261	380	1.4559	4	4.4948	2	4.4948
group_17089	282	5189	18.4007	37	38.4804	18	37.4404
group_17091	168	171	1.0179	2	3.4915	1	3.4915
group_7984	933	25991	27.8574	178	55.9533	89	55.9533
group_12563	162	1384	8.5432	10	18.1039	5	18.1039
group_17092	666	2169	3.2568	15	6.6055	7	6.1651
group_17093	153	880	5.7516	6	11.5013	3	11.5013
group_17094	501	2934	5.8563	20	11.7079	10	11.7079
group_17095	390	9820	25.1795	67	50.3845	33	49.6325
group_16462	615	52205	84.8862	353	168.3397	176	167.8629
group_17096	264	5611	21.2538	43	47.7696	21	46.6587
group_10844	333	2847	8.5495	19	16.7339	9	15.8531
group_17098	534	2078	3.8914	14	7.6891	7	7.6891
group_17099	45	90	2.0000	2	13.0348	1	13.0348
group_17100	384	43591	113.5182	309	236.0012	154	235.2375
group_17101	393	29588	75.2875	218	162.6863	109	162.6863
group_17102	942	98702	104.7792	681	212.0231	340	211.7118
group_17103	351	28013	79.8091	192	160.4284	96	160.4284
group_17104	831	49356	59.3935	332	117.1721	166	117.1721
group_17105	231	0	0.0000	0	0.0000	0	0.0000
group_17106	393	255	0.6489	3	2.2388	1	1.4925
group_17107	162	3858	23.8148	37	66.9844	18	65.1740
group_17108	729	0	0.0000	0	0.0000	0	0.0000
group_17109	360	872	2.4222	7	5.7027	3	4.8881
group_17110	324	201	0.6204	2	1.8104	1	1.8104
group_17111	876	6873	7.8459	47	15.7355	23	15.4007
group_17112	333	1358	4.0781	9	7.9266	4	7.0458
group_17113	270	898	3.3259	6	6.5174	3	6.5174
group_17114	330	1514	4.5879	11	9.7761	5	8.8874
group_7464	369	4074	11.0407	28	22.2545	14	22.2545
group_17115	492	15564	31.6341	104	61.9948	52	61.9948
group_17120	1335	110234	82.5723	753	165.4248	376	165.2052
group_17121	1266	1812	1.4313	12	2.7799	6	2.7799
group_6978	216	1341	6.2083	9	12.2201	4	10.8623
group_17122	1227	288146	234.8378	1931	461.5563	965	461.3175
group_2370	762	11820	15.5118	79	30.4060	39	30.0211
group_17124	174	431	2.4770	3	5.0566	1	3.3711
group_13104	825	16079	19.4897	105	37.3269	52	36.9715
group_17125	513	0	0.0000	0	0.0000	0	0.0000
group_17126	942	906	0.9618	6	1.8680	3	1.8680
group_2567	99	0	0.0000	0	0.0000	0	0.0000
group_3349	447	3180	7.1141	24	15.7467	12	15.7467
group_17136	441	10949	24.8277	73	48.5480	36	47.8830
group_12750	147	0	0.0000	0	0.0000	0	0.0000
group_17137	1275	69719	54.6816	474	109.0323	237	109.0323
group_17138	183	0	0.0000	0	0.0000	0	0.0000
group_17139	93	186	2.0000	2	6.3072	1	6.3072
group_2920	1143	22504	19.6885	151	38.7452	75	38.4886
group_12820	390	2003	5.1359	14	10.5281	7	10.5281
group_17140	138	0	0.0000	0	0.0000	0	0.0000
group_17141	165	0	0.0000	0	0.0000	0	0.0000
group_17142	531	2814	5.2994	19	10.4941	9	9.9418
group_17143	1068	13720	12.8464	92	25.2641	46	25.2641
group_17151	3939	21561	5.4737	136	10.1260	68	10.1261
group_17152	453	7511	16.5806	54	34.9609	27	34.9609
group_17147	435	1932	4.4414	14	9.4390	7	9.4390
group_17149	213	1184	5.5587	8	11.0153	4	11.0153
group_17146	381	18747	49.2047	130	100.0703	65	100.0704
group_17145	354	0	0.0000	0	0.0000	0	0.0000
group_17150	273	86	0.3150	1	1.0743	0	0.0000
group_17144	336	232	0.6905	2	1.7457	1	1.7457
group_17148	171	0	0.0000	0	0.0000	0	0.0000
group_13344	153	290	1.8954	2	3.8338	1	3.8338
group_17153	243	0	0.0000	0	0.0000	0	0.0000
group_17156	1197	453	0.3784	3	0.7350	1	0.4900
group_17154	372	1053	2.8306	7	5.5188	3	4.7304
group_17174	1113	1812	1.6280	12	3.1621	6	3.1621
group_17159	1710	0	0.0000	0	0.0000	0	0.0000
group_17177	729	1042	1.4294	7	2.8162	3	2.4139
group_17173	1041	302	0.2901	2	0.5635	1	0.5635
group_17167	879	0	0.0000	0	0.0000	0	0.0000
group_17183	1377	6033	4.3813	40	8.5195	20	8.5195
group_17184	159	0	0.0000	0	0.0000	0	0.0000
group_17171	546	6174	11.3077	43	23.0974	21	22.5602
iscB	1302	8593	6.5998	59	13.2901	29	13.0648
group_17203	336	0	0.0000	0	0.0000	0	0.0000
group_17202	177	0	0.0000	0	0.0000	0	0.0000
group_17201	570	604	1.0596	4	2.0581	2	2.0581
group_17191	987	1756	1.7791	12	3.5658	6	3.5658
group_17185	519	230	0.4432	2	1.1302	1	1.1302
group_17196	312	569	1.8237	5	4.7000	2	3.7600
group_17186	909	2037	2.2409	14	4.5170	7	4.5170
group_17199	441	530	1.2018	4	2.6602	2	2.6602
group_17197	663	502	0.7572	4	1.7694	2	1.7694
group_17194	546	294	0.5385	2	1.0743	1	1.0743
group_17192	294	834	2.8367	6	5.9854	3	5.9854
group_17212	309	0	0.0000	0	0.0000	0	0.0000
group_17207	264	1359	5.1477	9	9.9983	4	8.8874
group_17198	1632	2260	1.3848	15	2.6956	7	2.5159
group_17211	702	0	0.0000	0	0.0000	0	0.0000
group_17200	333	0	0.0000	0	0.0000	0	0.0000
group_17195	1218	44406	36.4581	302	72.7188	151	72.7188
group_17204	261	0	0.0000	0	0.0000	0	0.0000
group_17208	315	0	0.0000	0	0.0000	0	0.0000
group_17205	225	0	0.0000	0	0.0000	0	0.0000
group_17213	1659	49173	29.6401	335	59.2223	167	59.0456
group_17214	639	13331	20.8623	90	41.3075	45	41.3075
group_17215	975	9103	9.3364	61	18.3490	30	18.0482
group_17217	1515	0	0.0000	0	0.0000	0	0.0000
group_17216	1653	4013	2.4277	29	5.1453	14	4.9679
group_17227	930	302	0.3247	2	0.6307	1	0.6307
group_17226	204	0	0.0000	0	0.0000	0	0.0000
group_17218	222	0	0.0000	0	0.0000	0	0.0000
group_17235	1527	906	0.5933	6	1.1524	3	1.1524
group_17233	600	0	0.0000	0	0.0000	0	0.0000
group_17231	735	1273	1.7320	9	3.5912	4	3.1922
group_17220	831	2050	2.4669	14	4.9410	7	4.9410
group_17230	240	923	3.8458	7	8.5541	3	7.3321
group_17223	762	16311	21.4055	110	42.3375	55	42.3375
group_17237	1323	8062	6.0937	55	12.1924	27	11.9707
group_17240	564	0	0.0000	0	0.0000	0	0.0000
group_17238	465	0	0.0000	0	0.0000	0	0.0000
group_17239	708	9963	14.0720	70	28.9969	35	28.9969
group_17243	657	0	0.0000	0	0.0000	0	0.0000
group_17244	447	223	0.4989	2	1.3122	1	1.3122
group_17245	198	769	3.8838	8	11.8498	4	11.8498
group_17246	252	496	1.9683	6	6.9829	3	6.9829
group_17247	501	0	0.0000	0	0.0000	0	0.0000
group_17249	525	32645	62.1810	227	126.8100	113	126.2514
group_3405	2382	18780	7.8841	125	15.3906	62	15.2675
group_12867	1152	48890	42.4392	337	85.7955	168	85.5409
group_9956	1443	604	0.4186	4	0.8130	2	0.8130
group_7287	372	151	0.4059	1	0.7884	0	0.0000
group_3954	252	0	0.0000	0	0.0000	0	0.0000
group_7006	624	10143	16.2548	71	33.3704	35	32.9004
group_12036	1341	18759	13.9888	129	28.2129	64	27.9942
group_17253	342	151	0.4415	1	0.8576	0	0.0000
group_17254	240	2109	8.7875	18	21.9962	9	21.9962
group_17256	333	1204	3.6156	8	7.0458	4	7.0458
group_17255	105	0	0.0000	0	0.0000	0	0.0000
group_7723	939	0	0.0000	0	0.0000	0	0.0000
group_3460	1116	0	0.0000	0	0.0000	0	0.0000
group_17257	1086	0	0.0000	0	0.0000	0	0.0000
group_17258	228	0	0.0000	0	0.0000	0	0.0000
group_17259	135	0	0.0000	0	0.0000	0	0.0000
group_17260	213	0	0.0000	0	0.0000	0	0.0000
group_17261	153	2326	15.2026	19	36.4208	9	34.5039
group_17262	114	0	0.0000	0	0.0000	0	0.0000
group_17263	213	0	0.0000	0	0.0000	0	0.0000
group_17264	363	11694	32.2149	79	63.8274	39	63.0195
group_17266	177	0	0.0000	0	0.0000	0	0.0000
group_12505	312	453	1.4519	3	2.8200	1	1.8800
group_17267	1290	0	0.0000	0	0.0000	0	0.0000
group_12622	834	725	0.8693	5	1.7583	2	1.4066
group_17271	453	59945	132.3289	402	260.2645	201	260.2645
group_17272	183	0	0.0000	0	0.0000	0	0.0000
group_17273	294	656	2.2313	5	4.9878	2	3.9902
group_17275	1599	8225	5.1438	55	10.0879	27	9.9045
group_17274	498	2848	5.7189	19	11.1895	9	10.6006
group_3760	255	4672	18.3216	36	41.4047	18	41.4047
group_12040	168	162	0.9643	2	3.4915	1	3.4915
group_17276	693	12829	18.5123	88	37.2423	44	37.2423
group_17278	1677	18246	10.8801	124	21.6858	62	21.6858
group_4554	417	2285	5.4796	17	11.9564	8	11.2531
group_17279	195	1134	5.8154	8	12.0321	4	12.0321
group_3337	729	7931	10.8793	52	20.9201	26	20.9201
group_13110	525	6305	12.0095	43	24.0213	21	23.4627
group_17281	210	151	0.7190	1	1.3966	0	0.0000
group_17283	534	14624	27.3858	98	53.8235	49	53.8235
group_17284	108	0	0.0000	0	0.0000	0	0.0000
group_17286	105	0	0.0000	0	0.0000	0	0.0000
group_17287	108	0	0.0000	0	0.0000	0	0.0000
group_17290	891	56614	63.5398	378	124.4231	189	124.4232
group_17293	4008	3557	0.8875	24	1.7562	12	1.7562
group_17294	177	130	0.7345	2	3.3139	1	3.3139
group_17295	762	43214	56.7113	301	115.8507	150	115.4658
group_17296	447	141	0.3154	1	0.6561	0	0.0000
group_17298	264	759	2.8750	5	5.5546	2	4.4437
group_17301	513	4506	8.7836	32	18.2945	16	18.2945
group_17302	264	130	0.4924	2	2.2218	1	2.2218
group_17303	255	3193	12.5216	24	27.6031	12	27.6031
group_17304	246	151	0.6138	1	1.1922	0	0.0000
group_17305	429	584	1.3613	4	2.7346	2	2.7346
group_17306	117	0	0.0000	0	0.0000	0	0.0000
group_17308	132	0	0.0000	0	0.0000	0	0.0000
group_17310	123	103	0.8374	1	2.3844	0	0.0000
group_17309	1227	18029	14.6936	123	29.4000	61	29.1610
group_17307	543	2072	3.8158	14	7.5616	7	7.5616
group_10149	573	1168	2.0384	8	4.0947	4	4.0947
group_17311	216	0	0.0000	0	0.0000	0	0.0000
group_17313	627	8502	13.5598	57	26.6621	28	26.1944
group_17314	492	211	0.4289	2	1.1922	1	1.1922
group_17315	201	4077	20.2836	28	40.8554	14	40.8554
group_17317	555	0	0.0000	0	0.0000	0	0.0000
group_17323	213	210	0.9859	2	2.7538	1	2.7538
group_17322	198	297	1.5000	2	2.9625	1	2.9625
group_17326	444	0	0.0000	0	0.0000	0	0.0000
group_17325	1056	565	0.5350	4	1.1109	2	1.1109
group_2677	270	15828	58.6222	105	114.0545	52	112.9683
group_5047	408	4228	10.3627	28	20.1273	14	20.1273
group_17327	108	0	0.0000	0	0.0000	0	0.0000
group_4514	243	3686	15.1687	26	31.3801	13	31.3801
group_17328	648	206	0.3179	2	0.9052	1	0.9052
group_17329	264	591	2.2386	4	4.4437	2	4.4437
group_10032	189	0	0.0000	0	0.0000	0	0.0000
group_17331	207	1885	9.1063	13	18.4187	6	17.0019
group_17330	453	11646	25.7086	78	50.4991	39	50.4991
group_4512	243	628	2.5844	5	6.0346	2	4.8277
group_17332	192	242	1.2604	2	3.0550	1	3.0550
group_4137	249	927	3.7229	7	8.2449	3	7.0671
group_17333	2058	0	0.0000	0	0.0000	0	0.0000
group_17335	1947	0	0.0000	0	0.0000	0	0.0000
group_17337	237	0	0.0000	0	0.0000	0	0.0000
group_17340	1512	9213	6.0933	62	12.0262	31	12.0262
group_17341	804	864	1.0746	6	2.1887	3	2.1887
group_6405	223	172	0.7713	2	2.6303	1	2.6303
group_17343	273	0	0.0000	0	0.0000	0	0.0000
group_17342	606	0	0.0000	0	0.0000	0	0.0000
group_17345	378	755	1.9974	5	3.8794	2	3.1035
group_17347	318	0	0.0000	0	0.0000	0	0.0000
group_17348	117	0	0.0000	0	0.0000	0	0.0000
group_17349	492	17483	35.5346	124	73.9169	62	73.9169
group_17353	594	604	1.0168	4	1.9750	2	1.9750
group_17354	111	0	0.0000	0	0.0000	0	0.0000
group_17358	741	0	0.0000	0	0.0000	0	0.0000
group_17359	300	1500	5.0000	10	9.7761	5	9.7761
group_3829	435	0	0.0000	0	0.0000	0	0.0000
group_154	8355	0	0.0000	0	0.0000	0	0.0000
group_4711	1971	0	0.0000	0	0.0000	0	0.0000
group_1942	282	0	0.0000	0	0.0000	0	0.0000
group_17360	315	1132	3.5937	9	8.3795	4	7.4485
group_17361	240	904	3.7667	6	7.3321	3	7.3321
group_17362	1746	257855	147.6833	1642	275.8138	821	275.8138
group_17363	1401	41181	29.3940	300	62.8015	150	62.8015
group_3213	450	566	1.2578	4	2.6070	2	2.6070
group_6156	645	32836	50.9085	222	100.9439	111	100.9440
group_14211	1254	54970	43.8357	367	85.8332	183	85.5994
group_6665	633	56067	88.5735	379	175.5992	189	175.1359
group_12811	159	0	0.0000	0	0.0000	0	0.0000
group_4967	285	3491	12.2491	27	27.7847	13	26.7557
group_4167	426	0	0.0000	0	0.0000	0	0.0000
group_10276	339	0	0.0000	0	0.0000	0	0.0000
group_5467	591	0	0.0000	0	0.0000	0	0.0000
group_2707	462	0	0.0000	0	0.0000	0	0.0000
group_5591	1005	302	0.3005	2	0.5836	1	0.5836
group_17364	99	0	0.0000	0	0.0000	0	0.0000
group_17365	330	2251	6.8212	15	13.3310	7	12.4423
group_17367	753	0	0.0000	0	0.0000	0	0.0000
group_280	292	298	1.0205	2	2.0088	1	2.0088
group_4513	243	0	0.0000	0	0.0000	0	0.0000
group_6888	378	218	0.5767	2	1.5518	1	1.5518
group_14529	1242	753	0.6063	6	1.4168	3	1.4168
group_17368	1392	23887	17.1602	156	32.8679	78	32.8679
group_14942	2994	4309	1.4392	29	2.8408	14	2.7428
group_14939	180	0	0.0000	0	0.0000	0	0.0000
group_14927	945	302	0.3196	2	0.6207	1	0.6207
group_13352	303	0	0.0000	0	0.0000	0	0.0000
group_12302	165	0	0.0000	0	0.0000	0	0.0000
group_5538	231	626	2.7100	5	6.3481	2	5.0785
group_826	132	465	3.5227	4	8.8874	2	8.8874
group_4681	1044	1057	1.0125	7	1.9665	3	1.6855
group_2678	270	157	0.5815	2	2.1725	1	2.1725
group_4291	246	144	0.5854	2	2.3844	1	2.3844
group_17369	390	302	0.7744	2	1.5040	1	1.5040
group_17371	705	11445	16.2340	81	33.6964	40	33.2804
group_17370	729	10815	14.8354	76	30.5755	38	30.5755
group_3925	708	604	0.8531	4	1.6570	2	1.6570
group_5886	651	755	1.1598	5	2.2526	2	1.8020
group_4557	417	1679	4.0264	13	9.1431	6	8.4398
group_1488	126	0	0.0000	0	0.0000	0	0.0000
group_17372	414	6982	16.8647	53	37.5459	26	36.8375
group_1524	486	302	0.6214	2	1.2069	1	1.2069
group_2942	741	158	0.2132	2	0.7916	1	0.7916
group_6398	387	289	0.7468	2	1.5157	1	1.5157
group_3003	738	839	1.1369	6	2.3844	3	2.3844
group_3141	1131	604	0.5340	4	1.0373	2	1.0373
group_196	138	0	0.0000	0	0.0000	0	0.0000
group_3343	2415	1758	0.7280	15	1.8216	7	1.7002
group_7447	1587	0	0.0000	0	0.0000	0	0.0000
group_3332	789	293	0.3714	2	0.7434	1	0.7434
group_6019	648	577	0.8904	4	1.8104	2	1.8104
group_5539	231	142	0.6147	1	1.2696	0	0.0000
group_4990	486	0	0.0000	0	0.0000	0	0.0000
group_2445	468	0	0.0000	0	0.0000	0	0.0000
group_7943	363	0	0.0000	0	0.0000	0	0.0000
group_3210	2472	605	0.2447	4	0.4746	2	0.4746
group_2680	270	0	0.0000	0	0.0000	0	0.0000
group_9006	198	0	0.0000	0	0.0000	0	0.0000
group_10038	189	0	0.0000	0	0.0000	0	0.0000
group_6407	222	0	0.0000	0	0.0000	0	0.0000
group_4755	240	0	0.0000	0	0.0000	0	0.0000
group_286	498	0	0.0000	0	0.0000	0	0.0000
group_11535	324	0	0.0000	0	0.0000	0	0.0000
group_13431	519	302	0.5819	2	1.1302	1	1.1302
group_10662	567	288	0.5079	2	1.0345	1	1.0345
group_10373	186	0	0.0000	0	0.0000	0	0.0000
group_16665	162	0	0.0000	0	0.0000	0	0.0000
group_16664	1161	151	0.1301	1	0.2526	0	0.0000
group_7434	615	379	0.6163	5	2.3844	2	1.9075
group_7207	1608	302	0.1878	2	0.3648	1	0.3648
group_9309	585	248	0.4239	2	1.0027	1	1.0027
group_9008	198	0	0.0000	0	0.0000	0	0.0000
group_7598	1575	812	0.5156	6	1.1173	3	1.1173
group_9038	912	151	0.1656	1	0.3216	0	0.0000
group_193	138	0	0.0000	0	0.0000	0	0.0000
group_11764	171	0	0.0000	0	0.0000	0	0.0000
group_8638	201	0	0.0000	0	0.0000	0	0.0000
group_17373	423	6735	15.9220	52	36.0537	26	36.0537
group_13356	303	0	0.0000	0	0.0000	0	0.0000
group_17376	1032	14705	14.2490	100	28.4189	50	28.4189
group_17375	453	10625	23.4547	77	49.8516	38	49.2042
group_17374	732	29747	40.6380	199	79.7313	99	79.3307
group_17377	1170	6576	5.6205	45	11.2801	22	11.0295
group_4139	249	0	0.0000	0	0.0000	0	0.0000
group_11765	171	0	0.0000	0	0.0000	0	0.0000
group_829	132	0	0.0000	0	0.0000	0	0.0000
group_10850	876	441	0.5034	3	1.0044	1	0.6696
group_3599	441	0	0.0000	0	0.0000	0	0.0000
group_8495	1518	0	0.0000	0	0.0000	0	0.0000
group_9148	1488	0	0.0000	0	0.0000	0	0.0000
group_9879	894	0	0.0000	0	0.0000	0	0.0000
group_11109	870	0	0.0000	0	0.0000	0	0.0000
group_13609	516	0	0.0000	0	0.0000	0	0.0000
group_732	288	449	1.5590	4	4.0734	2	4.0734
group_3223	2469	0	0.0000	0	0.0000	0	0.0000
group_13933	147	0	0.0000	0	0.0000	0	0.0000
group_6015	648	0	0.0000	0	0.0000	0	0.0000
group_3995	207	297	1.4348	2	2.8337	1	2.8337
group_1161	129	0	0.0000	0	0.0000	0	0.0000
group_6408	222	0	0.0000	0	0.0000	0	0.0000
group_14200	144	0	0.0000	0	0.0000	0	0.0000
group_11791	321	560	1.7445	4	3.6546	2	3.6546
group_12367	840	0	0.0000	0	0.0000	0	0.0000
group_5831	228	0	0.0000	0	0.0000	0	0.0000
group_12303	165	0	0.0000	0	0.0000	0	0.0000
group_13697	300	0	0.0000	0	0.0000	0	0.0000
group_6147	225	0	0.0000	0	0.0000	0	0.0000
group_5808	396	0	0.0000	0	0.0000	0	0.0000
group_4843	411	0	0.0000	0	0.0000	0	0.0000
group_9693	192	0	0.0000	0	0.0000	0	0.0000
group_4515	243	4967	20.4403	35	42.2424	17	41.0355
group_6553	384	4509	11.7422	32	24.4403	16	24.4403
group_5628	657	0	0.0000	0	0.0000	0	0.0000
group_12744	1311	0	0.0000	0	0.0000	0	0.0000
group_14033	1260	0	0.0000	0	0.0000	0	0.0000
group_5448	1833	0	0.0000	0	0.0000	0	0.0000
group_12799	1308	0	0.0000	0	0.0000	0	0.0000
group_2888	267	453	1.6966	3	3.2953	1	2.1969
group_5048	408	576	1.4118	4	2.8753	2	2.8753
group_17378	273	220	0.8059	2	2.1486	1	2.1486
group_17381	705	6127	8.6908	46	19.1362	23	19.1362
group_17382	468	0	0.0000	0	0.0000	0	0.0000
group_17379	312	0	0.0000	0	0.0000	0	0.0000
group_17380	288	0	0.0000	0	0.0000	0	0.0000
group_17383	2244	0	0.0000	0	0.0000	0	0.0000
group_11834	546	302	0.5531	2	1.0743	1	1.0743
group_1181	489	0	0.0000	0	0.0000	0	0.0000
group_4261	423	0	0.0000	0	0.0000	0	0.0000
group_2835	2688	302	0.1124	2	0.2182	1	0.2182
group_10983	180	0	0.0000	0	0.0000	0	0.0000
group_2137	1188	0	0.0000	0	0.0000	0	0.0000
group_3762	255	0	0.0000	0	0.0000	0	0.0000
group_9696	192	214	1.1146	2	3.0550	1	3.0550
group_3500	2349	0	0.0000	0	0.0000	0	0.0000
group_17384	396	0	0.0000	0	0.0000	0	0.0000
group_12511	312	906	2.9038	6	5.6401	3	5.6401
group_2422	105	0	0.0000	0	0.0000	0	0.0000
group_7957	207	0	0.0000	0	0.0000	0	0.0000
group_3464	1116	0	0.0000	0	0.0000	0	0.0000
group_3005	738	0	0.0000	0	0.0000	0	0.0000
group_10694	183	0	0.0000	0	0.0000	0	0.0000
group_11496	174	0	0.0000	0	0.0000	0	0.0000
group_6554	384	0	0.0000	0	0.0000	0	0.0000
group_13606	516	213	0.4128	2	1.1368	1	1.1368
group_17386	1608	7930	4.9316	54	9.8491	27	9.8491
group_17385	747	19522	26.1339	130	51.0399	65	51.0399
group_17387	1491	92246	61.8685	624	122.7422	312	122.7423
group_3420	1119	302	0.2699	2	0.5242	1	0.5242
group_3480	444	255	0.5743	3	1.9816	1	1.3211
group_10376	186	189	1.0161	2	3.1536	1	3.1536
group_4951	129	0	0.0000	0	0.0000	0	0.0000
group_2188	114	0	0.0000	0	0.0000	0	0.0000
group_13671	150	0	0.0000	0	0.0000	0	0.0000
group_12389	537	0	0.0000	0	0.0000	0	0.0000
group_476	792	586	0.7399	4	1.4812	2	1.4812
group_4966	1029	238	0.2313	2	0.5700	1	0.5700
group_17388	270	0	0.0000	0	0.0000	0	0.0000
group_12304	165	2590	15.6970	21	37.3269	10	35.5495
group_17389	201	0	0.0000	0	0.0000	0	0.0000
group_17390	204	0	0.0000	0	0.0000	0	0.0000
group_5833	228	3033	13.3026	22	28.2992	11	28.2993
group_2702	750	0	0.0000	0	0.0000	0	0.0000
group_5267	234	0	0.0000	0	0.0000	0	0.0000
group_14463	141	0	0.0000	0	0.0000	0	0.0000
group_2103	279	0	0.0000	0	0.0000	0	0.0000
group_3546	258	1023	3.9651	7	7.9573	3	6.8205
group_2096	117	0	0.0000	0	0.0000	0	0.0000
group_17396	624	0	0.0000	0	0.0000	0	0.0000
group_17391	111	0	0.0000	0	0.0000	0	0.0000
group_17397	342	0	0.0000	0	0.0000	0	0.0000
group_17392	186	138	0.7419	1	1.5768	0	0.0000
group_17399	108	0	0.0000	0	0.0000	0	0.0000
group_17393	204	452	2.2157	3	4.3130	1	2.8753
group_17395	324	0	0.0000	0	0.0000	0	0.0000
group_17398	267	755	2.8277	5	5.4922	2	4.3938
group_17394	156	0	0.0000	0	0.0000	0	0.0000
group_17400	747	30714	41.1165	213	83.6269	106	83.2343
group_17401	264	1039	3.9356	9	9.9983	4	8.8874
group_6150	225	0	0.0000	0	0.0000	0	0.0000
group_13364	819	0	0.0000	0	0.0000	0	0.0000
group_8139	930	1964	2.1118	13	4.0997	6	3.7843
group_2189	114	0	0.0000	0	0.0000	0	0.0000
group_4053	429	0	0.0000	0	0.0000	0	0.0000
group_8837	354	0	0.0000	0	0.0000	0	0.0000
group_3613	2307	1057	0.4582	7	0.8899	3	0.7628
group_2818	459	7348	16.0087	49	31.3091	24	30.6701
group_10847	333	0	0.0000	0	0.0000	0	0.0000
group_17403	1446	45805	31.6770	308	62.4697	154	62.4697
group_17402	216	0	0.0000	0	0.0000	0	0.0000
group_17404	789	19713	24.9848	135	50.1815	67	49.8098
group_11686	549	449	0.8179	3	1.6026	1	1.0684
group_17405	6531	16207	2.4815	108	4.8499	54	4.8499
group_9698	192	0	0.0000	0	0.0000	0	0.0000
group_2424	105	0	0.0000	0	0.0000	0	0.0000
group_5542	231	0	0.0000	0	0.0000	0	0.0000
group_1791	123	192	1.5610	2	4.7688	1	4.7688
group_12572	162	128	0.7901	2	3.6208	1	3.6208
group_5885	1761	5151	2.9250	36	5.9956	18	5.9956
group_17408	141	0	0.0000	0	0.0000	0	0.0000
group_17406	552	0	0.0000	0	0.0000	0	0.0000
group_17407	4719	0	0.0000	0	0.0000	0	0.0000
group_9513	582	0	0.0000	0	0.0000	0	0.0000
group_7956	363	0	0.0000	0	0.0000	0	0.0000
group_10384	186	245	1.3172	2	3.1536	1	3.1536
group_10383	186	0	0.0000	0	0.0000	0	0.0000
group_11768	171	0	0.0000	0	0.0000	0	0.0000
group_5786	999	24161	24.1852	161	47.2658	80	46.9723
group_17409	678	41063	60.5649	274	118.5244	137	118.5245
group_17411	345	145	0.4203	1	0.8501	0	0.0000
group_17410	264	1654	6.2652	13	14.4420	6	13.3311
group_17413	711	21311	29.9733	149	61.4616	74	61.0491
group_17412	921	5796	6.2932	40	12.7376	20	12.7376
group_17414	1533	44498	29.0267	305	58.3505	152	58.1592
group_17416	375	0	0.0000	0	0.0000	0	0.0000
group_4294	246	302	1.2276	2	2.3844	1	2.3844
group_6033	354	151	0.4266	1	0.8285	0	0.0000
group_13673	150	0	0.0000	0	0.0000	0	0.0000
group_6987	216	0	0.0000	0	0.0000	0	0.0000
group_4811	678	0	0.0000	0	0.0000	0	0.0000
group_5543	231	0	0.0000	0	0.0000	0	0.0000
group_12812	309	0	0.0000	0	0.0000	0	0.0000
group_2481	273	0	0.0000	0	0.0000	0	0.0000
group_5270	234	0	0.0000	0	0.0000	0	0.0000
group_7959	207	151	0.7295	1	1.4168	0	0.0000
group_14466	141	0	0.0000	0	0.0000	0	0.0000
group_14467	141	0	0.0000	0	0.0000	0	0.0000
group_2569	99	0	0.0000	0	0.0000	0	0.0000
group_13610	516	302	0.5853	2	1.1368	1	1.1368
group_918	786	0	0.0000	0	0.0000	0	0.0000
group_12988	828	0	0.0000	0	0.0000	0	0.0000
group_11793	321	0	0.0000	0	0.0000	0	0.0000
group_10959	1392	0	0.0000	0	0.0000	0	0.0000
group_4456	2040	0	0.0000	0	0.0000	0	0.0000
group_13434	519	0	0.0000	0	0.0000	0	0.0000
group_9384	348	0	0.0000	0	0.0000	0	0.0000
group_3348	261	0	0.0000	0	0.0000	0	0.0000
group_9966	342	0	0.0000	0	0.0000	0	0.0000
group_3216	450	0	0.0000	0	0.0000	0	0.0000
group_3079	453	22189	48.9823	155	100.3507	77	99.7033
group_2097	117	372	3.1795	6	15.0402	3	15.0402
group_3958	252	0	0.0000	0	0.0000	0	0.0000
group_14452	294	0	0.0000	0	0.0000	0	0.0000
group_12043	168	363	2.1607	3	5.2372	1	3.4915
group_199	138	210	1.5217	2	4.2505	1	4.2505
group_16876	1062	0	0.0000	0	0.0000	0	0.0000
group_4558	417	0	0.0000	0	0.0000	0	0.0000
group_1166	129	0	0.0000	0	0.0000	0	0.0000
group_17419	1071	24141	22.5406	162	44.3621	81	44.3622
group_17417	1212	597725	493.1724	4002	968.4149	2001	968.4152
group_17418	699	1685	2.4106	12	5.0349	6	5.0349
group_6727	219	7587	34.6438	53	70.9772	26	69.6380
group_6411	222	0	0.0000	0	0.0000	0	0.0000
group_1497	126	0	0.0000	0	0.0000	0	0.0000
group_5834	228	0	0.0000	0	0.0000	0	0.0000
group_5271	234	0	0.0000	0	0.0000	0	0.0000
group_6556	384	697	1.8151	5	3.8188	2	3.0550
group_12306	165	452	2.7394	4	7.1099	2	7.1099
group_2685	270	572	2.1185	8	8.6899	4	8.6899
group_2105	279	0	0.0000	0	0.0000	0	0.0000
group_13698	300	0	0.0000	0	0.0000	0	0.0000
group_8299	204	221	1.0833	2	2.8753	1	2.8753
group_7605	210	205	0.9762	2	2.7932	1	2.7932
group_13676	150	456	3.0400	4	7.8209	2	7.8209
group_742	288	0	0.0000	0	0.0000	0	0.0000
group_1947	282	0	0.0000	0	0.0000	0	0.0000
group_8298	204	0	0.0000	0	0.0000	0	0.0000
group_2493	102	0	0.0000	0	0.0000	0	0.0000
group_12307	165	0	0.0000	0	0.0000	0	0.0000
group_4295	246	0	0.0000	0	0.0000	0	0.0000
group_3835	435	0	0.0000	0	0.0000	0	0.0000
group_13248	822	0	0.0000	0	0.0000	0	0.0000
group_17421	291	0	0.0000	0	0.0000	0	0.0000
group_17422	342	0	0.0000	0	0.0000	0	0.0000
group_5835	228	0	0.0000	0	0.0000	0	0.0000
group_4560	417	0	0.0000	0	0.0000	0	0.0000
group_17427	4191	878	0.2095	6	0.4199	3	0.4199
group_17426	2223	1615	0.7265	11	1.4512	5	1.3193
group_17425	540	8587	15.9019	60	32.5870	30	32.5870
group_7961	207	190	0.9179	2	2.8337	1	2.8337
group_11769	171	0	0.0000	0	0.0000	0	0.0000
group_3766	255	0	0.0000	0	0.0000	0	0.0000
group_9015	198	0	0.0000	0	0.0000	0	0.0000
group_13061	306	3075	10.0490	22	21.0857	11	21.0857
group_13348	153	204	1.3333	2	3.8338	1	3.8338
group_17428	210	0	0.0000	0	0.0000	0	0.0000
group_17429	333	4590	13.7838	31	27.3026	15	26.4219
group_11795	321	695	2.1651	7	6.3956	3	5.4819
group_9388	348	9526	27.3736	65	54.7799	32	53.9371
group_17432	390	2066	5.2974	15	11.2801	7	10.5281
group_17430	1773	24087	13.5854	164	27.1283	82	27.1283
group_17433	900	43270	48.0778	288	93.8506	144	93.8506
group_17431	360	453	1.2583	3	2.4440	1	1.6294
group_7962	207	0	0.0000	0	0.0000	0	0.0000
group_17434	549	0	0.0000	0	0.0000	0	0.0000
group_17435	426	25494	59.8451	179	123.2340	89	122.5456
group_17436	666	42550	63.8889	283	124.6233	141	124.1830
group_17437	162	0	0.0000	0	0.0000	0	0.0000
group_12044	168	0	0.0000	0	0.0000	0	0.0000
group_17439	618	83226	134.6699	577	273.8258	288	273.3513
group_17442	687	56788	82.6608	393	167.7733	196	167.3464
group_17444	804	12015	14.9440	75	27.3585	37	26.9937
group_9703	192	0	0.0000	0	0.0000	0	0.0000
group_17446	183	0	0.0000	0	0.0000	0	0.0000
group_17448	1119	0	0.0000	0	0.0000	0	0.0000
group_17447	627	4932	7.8660	33	15.4360	16	14.9682
group_6412	222	280	1.2613	4	5.2844	2	5.2844
group_10040	189	0	0.0000	0	0.0000	0	0.0000
group_17449	1059	0	0.0000	0	0.0000	0	0.0000
group_17450	156	0	0.0000	0	0.0000	0	0.0000
group_16605	2064	8443	4.0906	57	8.0994	28	7.9573
group_16610	627	2129	3.3955	16	7.4841	8	7.4841
group_17461	189	118	0.6243	2	3.1035	1	3.1035
group_12814	159	0	0.0000	0	0.0000	0	0.0000
group_10281	339	302	0.8909	2	1.7303	1	1.7303
group_1532	486	0	0.0000	0	0.0000	0	0.0000
group_17468	336	0	0.0000	0	0.0000	0	0.0000
group_17467	309	0	0.0000	0	0.0000	0	0.0000
group_17470	738	22811	30.9092	155	61.5974	77	61.2000
rPT1	573	151	0.2635	1	0.5118	0	0.0000
group_4170	426	302	0.7089	2	1.3769	1	1.3769
group_12815	309	0	0.0000	0	0.0000	0	0.0000
group_5248	405	0	0.0000	0	0.0000	0	0.0000
group_244	795	950	1.1950	6	2.2135	3	2.2135
group_17471	213	0	0.0000	0	0.0000	0	0.0000
group_17473	420	417	0.9929	5	3.4915	2	2.7932
group_10044	189	2493	13.1905	17	26.3800	8	24.8282
group_13094	156	0	0.0000	0	0.0000	0	0.0000
group_17474	150	0	0.0000	0	0.0000	0	0.0000
group_17475	690	302	0.4377	2	0.8501	1	0.8501
group_8304	204	49685	243.5539	352	506.0571	176	506.0572
group_17476	171	381	2.2281	3	5.1453	1	3.4302
group_2100	117	416	3.5556	4	10.0268	2	10.0268
group_17477	135	682	5.0519	8	17.3797	4	17.3797
group_17478	96	102	1.0625	2	6.1101	1	6.1101
group_17479	162	0	0.0000	0	0.0000	0	0.0000
group_4561	417	0	0.0000	0	0.0000	0	0.0000
group_8251	360	0	0.0000	0	0.0000	0	0.0000
group_14471	141	0	0.0000	0	0.0000	0	0.0000
group_2440	1173	0	0.0000	0	0.0000	0	0.0000
group_17480	345	472	1.3681	5	4.2505	2	3.4004
group_8648	201	0	0.0000	0	0.0000	0	0.0000
group_17481	900	70338	78.1533	472	153.8107	236	153.8107
group_1906	1197	177045	147.9073	1185	290.3429	592	290.0980
group_7951	363	553	1.5234	4	3.2318	2	3.2318
group_2425	105	0	0.0000	0	0.0000	0	0.0000
group_17482	273	1788	6.5495	13	13.9659	6	12.8916
group_17484	225	590	2.6222	8	10.4278	4	10.4278
group_17486	93	0	0.0000	0	0.0000	0	0.0000
group_11804	321	3167	9.8660	21	19.1867	10	18.2731
group_3768	255	6290	24.6667	43	49.4556	21	48.3055
group_17487	426	0	0.0000	0	0.0000	0	0.0000
group_17488	534	0	0.0000	0	0.0000	0	0.0000
group_17452	1077	6015	5.5850	41	11.1649	20	10.8926
group_17453	426	262	0.6150	2	1.3769	1	1.3769
group_4055	429	24500	57.1096	164	112.1175	82	112.1176
group_834	132	0	0.0000	0	0.0000	0	0.0000
group_13462	762	1210	1.5879	8	3.0791	4	3.0791
group_13109	525	0	0.0000	0	0.0000	0	0.0000
group_17490	978	0	0.0000	0	0.0000	0	0.0000
group_13856	1266	14553	11.4953	97	22.4711	48	22.2395
group_17491	162	0	0.0000	0	0.0000	0	0.0000
group_17493	93	0	0.0000	0	0.0000	0	0.0000
group_17494	174	0	0.0000	0	0.0000	0	0.0000
group_17495	432	50665	117.2801	348	236.2558	174	236.2559
group_17497	153	989	6.4641	7	13.4182	3	11.5013
group_17498	198	1738	8.7778	14	20.7372	7	20.7372
group_17499	438	1506	3.4384	10	6.6960	5	6.6960
group_9685	579	0	0.0000	0	0.0000	0	0.0000
group_17500	1788	11573	6.4726	78	12.7942	39	12.7942
group_17501	543	10179	18.7459	71	38.3482	35	37.8081
group_17503	360	25210	70.0278	173	140.9388	86	140.1242
group_17504	312	302	0.9679	2	1.8800	1	1.8800
group_17505	1833	5669	3.0927	43	6.8801	21	6.7201
group_8306	204	292	1.4314	2	2.8753	1	2.8753
group_17506	226	5694	25.1947	38	49.3131	19	49.3131
group_17507	1680	42320	25.1905	284	49.5788	142	49.5788
group_17508	180	23983	133.2389	175	285.1363	87	283.5071
group_1950	282	302	1.0709	2	2.0800	1	2.0800
group_8418	597	3322	5.5645	22	10.8078	11	10.8078
group_17511	204	350	1.7157	3	4.3130	1	2.8753
group_3222	732	2718	3.7131	18	7.2119	9	7.2119
group_4297	246	524	2.1301	4	4.7688	2	4.7688
group_204	138	0	0.0000	0	0.0000	0	0.0000
group_11383	1371	5601	4.0853	39	8.3428	19	8.1289
group_6792	630	0	0.0000	0	0.0000	0	0.0000
group_11032	561	0	0.0000	0	0.0000	0	0.0000
group_13095	156	0	0.0000	0	0.0000	0	0.0000
group_6020	648	0	0.0000	0	0.0000	0	0.0000
group_17443	1158	1858766	1605.1520	12295	3113.9167	6147	3113.6644
group_17512	1044	10849	10.3918	73	20.5073	36	20.2264
group_17513	273	271	0.9927	2	2.1486	1	2.1486
group_17514	153	148	0.9673	1	1.9169	0	0.0000
group_13099	156	0	0.0000	0	0.0000	0	0.0000
group_7611	210	1433	6.8238	13	18.1556	6	16.7590
group_17516	183	166	0.9071	2	3.2053	1	3.2053
group_17518	165	0	0.0000	0	0.0000	0	0.0000
group_4385	420	0	0.0000	0	0.0000	0	0.0000
group_10589	336	0	0.0000	0	0.0000	0	0.0000
group_8652	201	6318	31.4328	43	62.7422	21	61.2831
group_17524	378	22451	59.3942	159	123.3651	79	122.5893
group_17522	564	543	0.9628	4	2.0800	2	2.0800
group_17523	825	4301	5.2133	29	10.3093	14	9.9539
group_2690	270	1177	4.3593	11	11.9486	5	10.8623
group_2483	273	0	0.0000	0	0.0000	0	0.0000
group_12576	162	0	0.0000	0	0.0000	0	0.0000
group_14007	510	0	0.0000	0	0.0000	0	0.0000
group_2101	117	0	0.0000	0	0.0000	0	0.0000
group_12580	162	0	0.0000	0	0.0000	0	0.0000
group_6648	972	294	0.3025	2	0.6035	1	0.6035
group_10703	184	509	2.7663	4	6.3757	2	6.3757
group_12048	168	224	1.3333	2	3.4915	1	3.4915
group_17529	465	17947	38.5957	119	75.0552	59	74.4245
group_17526	162	300	1.8519	2	3.6208	1	3.6208
group_17533	441	8649	19.6122	63	41.8976	31	41.2326
group_17532	291	151	0.5189	1	1.0078	0	0.0000
group_7964	207	480	2.3188	3	4.2505	1	2.8337
group_17534	184	0	0.0000	0	0.0000	0	0.0000
group_17536	1998	81699	40.8904	532	78.0914	266	78.0914
group_17537	270	1158	4.2889	10	10.8623	5	10.8623
group_16752	489	0	0.0000	0	0.0000	0	0.0000
group_12584	162	653	4.0309	6	10.8623	3	10.8623
group_17538	540	3375	6.2500	23	12.4917	11	11.9486
group_17539	606	151	0.2492	1	0.4840	0	0.0000
group_17540	132	0	0.0000	0	0.0000	0	0.0000
group_17541	2358	11859	5.0293	75	9.3283	37	9.2040
group_5889	651	24914	38.2704	166	74.7849	83	74.7850
group_13101	156	1096	7.0256	10	18.8002	5	18.8002
group_12583	162	0	0.0000	0	0.0000	0	0.0000
group_17544	339	1963	5.7906	13	11.2468	6	10.3817
group_288	291	374	1.2852	2	2.0157	1	2.0157
group_17546	258	299	1.1589	2	2.2735	1	2.2735
group_17547	318	0	0.0000	0	0.0000	0	0.0000
group_17548	432	0	0.0000	0	0.0000	0	0.0000
group_1492	126	0	0.0000	0	0.0000	0	0.0000
group_13365	303	0	0.0000	0	0.0000	0	0.0000
group_14456	294	4266	14.5102	33	32.9195	16	31.9220
group_2190	768	7059	9.1914	48	18.3302	24	18.3302
group_14462	294	0	0.0000	0	0.0000	0	0.0000
group_1365	285	151	0.5298	1	1.0291	0	0.0000
group_2765	81	0	0.0000	0	0.0000	0	0.0000
group_5023	237	1359	5.7342	9	11.1373	4	9.8999
group_6401	387	1661	4.2920	11	8.3362	5	7.5784
group_17549	267	0	0.0000	0	0.0000	0	0.0000
group_4298	246	0	0.0000	0	0.0000	0	0.0000
group_17550	567	0	0.0000	0	0.0000	0	0.0000
group_17551	420	20480	48.7619	140	97.7610	70	97.7611
group_17157	1089	25341	23.2700	171	46.0527	85	45.7834
group_17161	1029	20575	19.9951	143	40.7575	71	40.4725
group_17158	402	151	0.3756	1	0.7296	0	0.0000
group_17179	2724	34973	12.8388	232	24.9786	116	24.9786
group_17206	2028	902	0.4448	6	0.8677	3	0.8677
group_17189	807	393	0.4870	3	1.0903	1	0.7268
group_17552	120	0	0.0000	0	0.0000	0	0.0000
group_17553	129	0	0.0000	0	0.0000	0	0.0000
group_17178	996	604	0.6064	4	1.1778	2	1.1778
group_17554	99	0	0.0000	0	0.0000	0	0.0000
group_17555	405	1525	3.7654	8	5.7932	4	5.7932
group_17556	279	447	1.6022	3	3.1536	1	2.1024
group_15850	165	0	0.0000	0	0.0000	0	0.0000
group_17557	219	1508	6.8858	11	14.7311	5	13.3919
group_17558	252	0	0.0000	0	0.0000	0	0.0000
group_2808	498	0	0.0000	0	0.0000	0	0.0000
group_17559	189	346	1.8307	4	6.2070	2	6.2071
group_14920	312	302	0.9679	2	1.8800	1	1.8800
group_17560	252	223	0.8849	2	2.3276	1	2.3276
group_17561	243	0	0.0000	0	0.0000	0	0.0000
group_17562	888	20161	22.7038	139	45.9080	69	45.5778
group_3837	435	1011	2.3241	7	4.7195	3	4.0453
group_17563	795	11903	14.9723	82	30.2506	41	30.2506
group_17567	576	0	0.0000	0	0.0000	0	0.0000
group_17566	1995	0	0.0000	0	0.0000	0	0.0000
group_17564	630	0	0.0000	0	0.0000	0	0.0000
group_17565	1455	302	0.2076	2	0.4031	1	0.4031
group_10054	891	905	1.0157	6	1.9750	3	1.9750
group_6562	384	0	0.0000	0	0.0000	0	0.0000
group_2802	747	875	1.1714	6	2.3557	3	2.3557
group_13370	819	302	0.3687	2	0.7162	1	0.7162
group_4360	132	0	0.0000	0	0.0000	0	0.0000
group_17568	1389	906	0.6523	6	1.2669	3	1.2669
group_1998	3369	2808	0.8335	19	1.6540	9	1.5670
group_17571	1026	321274	313.1326	2137	610.8635	1068	610.5778
group_17572	1344	0	0.0000	0	0.0000	0	0.0000
group_17569	375	0	0.0000	0	0.0000	0	0.0000
group_17570	1461	0	0.0000	0	0.0000	0	0.0000
group_6022	648	0	0.0000	0	0.0000	0	0.0000
group_7573	1578	523	0.3314	4	0.7434	2	0.7434
group_17573	351	755	2.1510	5	4.1778	2	3.3423
group_17574	264	5821	22.0492	40	44.4368	20	44.4368
group_17575	165	90	0.5455	1	1.7775	0	0.0000
group_17578	777	0	0.0000	0	0.0000	0	0.0000
group_17576	1083	0	0.0000	0	0.0000	0	0.0000
group_17579	162	0	0.0000	0	0.0000	0	0.0000
group_17577	126	0	0.0000	0	0.0000	0	0.0000
group_17580	255	8146	31.9451	59	67.8577	29	66.7075
group_17581	1206	15249	12.6443	102	24.8050	51	24.8050
group_11222	177	0	0.0000	0	0.0000	0	0.0000
group_17582	204	237	1.1618	2	2.8753	1	2.8753
group_1368	285	453	1.5895	3	3.0872	1	2.0581
group_17583	213	689	3.2347	7	9.6384	3	8.2615
group_9025	198	146	0.7374	2	2.9625	1	2.9625
group_2770	54	0	0.0000	0	0.0000	0	0.0000
group_9392	195	0	0.0000	0	0.0000	0	0.0000
group_4146	249	1526	6.1285	10	11.7784	5	11.7784
group_15977	186	1097	5.8978	9	14.1911	4	12.6143
group_10854	333	302	0.9069	2	1.7615	1	1.7615
group_17585	126	0	0.0000	0	0.0000	0	0.0000
group_17586	243	151	0.6214	1	1.2069	0	0.0000
group_17587	489	625	1.2781	4	2.3990	2	2.3990
group_17588	225	151	0.6711	1	1.3035	0	0.0000
group_8255	360	0	0.0000	0	0.0000	0	0.0000
group_17589	603	209	0.3466	2	0.9727	1	0.9727
group_13261	522	928	1.7778	7	3.9329	3	3.3711
group_17590	174	288	1.6552	2	3.3711	1	3.3711
group_17591	264	1299	4.9205	9	9.9983	4	8.8874
group_17592	444	0	0.0000	0	0.0000	0	0.0000
group_2385	1176	0	0.0000	0	0.0000	0	0.0000
group_6807	966	0	0.0000	0	0.0000	0	0.0000
group_8311	204	0	0.0000	0	0.0000	0	0.0000
group_17593	291	0	0.0000	0	0.0000	0	0.0000
group_17594	1284	0	0.0000	0	0.0000	0	0.0000
group_17595	228	0	0.0000	0	0.0000	0	0.0000
group_708	789	0	0.0000	0	0.0000	0	0.0000
group_7178	621	0	0.0000	0	0.0000	0	0.0000
group_11779	171	0	0.0000	0	0.0000	0	0.0000
group_6164	645	0	0.0000	0	0.0000	0	0.0000
group_3527	1113	0	0.0000	0	0.0000	0	0.0000
group_2769	1155	0	0.0000	0	0.0000	0	0.0000
group_17596	726	302	0.4160	2	0.8079	1	0.8079
group_17597	504	0	0.0000	0	0.0000	0	0.0000
group_17598	150	0	0.0000	0	0.0000	0	0.0000
group_7516	1581	453	0.2865	3	0.5565	1	0.3710
group_11971	1155	906	0.7844	6	1.5235	3	1.5235
group_4414	171	0	0.0000	0	0.0000	0	0.0000
group_4416	399	151	0.3784	1	0.7350	0	0.0000
group_706	210	0	0.0000	0	0.0000	0	0.0000
group_788	1218	547	0.4491	4	0.9632	2	0.9632
group_17599	261	302	1.1571	2	2.2474	1	2.2474
group_17600	321	572	1.7819	4	3.6546	2	3.6546
group_17601	1488	1716	1.1532	12	2.3652	6	2.3652
group_17602	327	453	1.3853	3	2.6907	1	1.7938
group_17603	213	446	2.0939	4	5.5077	2	5.5077
group_17604	231	0	0.0000	0	0.0000	0	0.0000
group_17605	564	0	0.0000	0	0.0000	0	0.0000
group_17606	219	0	0.0000	0	0.0000	0	0.0000
group_17607	159	0	0.0000	0	0.0000	0	0.0000
group_17608	870	50539	58.0908	343	115.6277	171	115.2906
group_17610	1416	86734	61.2528	583	120.7514	291	120.5444
group_17615	126	0	0.0000	0	0.0000	0	0.0000
group_17616	129	0	0.0000	0	0.0000	0	0.0000
group_872	174	4422	25.4138	30	50.5660	15	50.5661
group_17617	165	0	0.0000	0	0.0000	0	0.0000
group_17618	108	0	0.0000	0	0.0000	0	0.0000
group_2332	471	9891	21.0000	72	44.8331	36	44.8331
group_17619	165	2589	15.6909	20	35.5495	10	35.5495
group_17620	93	0	0.0000	0	0.0000	0	0.0000
group_12243	843	11335	13.4460	79	27.4844	39	27.1365
group_17621	528	20573	38.9640	147	81.6527	73	81.0972
group_17622	237	151	0.6371	1	1.2375	0	0.0000
group_17623	945	47604	50.3746	318	98.6921	159	98.6921
group_17625	921	37807	41.0499	260	82.7944	130	82.7944
group_17624	222	1891	8.5180	14	18.4953	7	18.4953
group_17627	108	188	1.7407	2	5.4312	1	5.4312
group_17626	918	1359	1.4804	9	2.8753	4	2.5558
group_17628	1056	49668	47.0341	334	92.7619	167	92.7619
group_17630	1449	0	0.0000	0	0.0000	0	0.0000
group_1800	123	0	0.0000	0	0.0000	0	0.0000
group_17632	459	559	1.2179	4	2.5558	2	2.5558
group_1139	1197	138257	115.5029	939	230.0692	469	229.8242
group_17633	273	446	1.6337	4	4.2972	2	4.2972
group_17636	621	3814	6.1417	28	13.2237	14	13.2237
group_17635	1542	47219	30.6219	320	60.8629	160	60.8629
group_17637	345	0	0.0000	0	0.0000	0	0.0000
group_3354	261	1087	4.1648	8	8.9895	4	8.9895
group_17638	195	0	0.0000	0	0.0000	0	0.0000
group_2334	471	1889	4.0106	13	8.0949	6	7.4722
group_17639	883	54075	61.2401	361	119.9040	180	119.5718
group_17640	438	764	1.7443	6	4.0176	3	4.0176
group_17641	186	230	1.2366	2	3.1536	1	3.1536
group_17642	127	0	0.0000	0	0.0000	0	0.0000
group_17643	171	0	0.0000	0	0.0000	0	0.0000
group_17644	102	0	0.0000	0	0.0000	0	0.0000
group_17645	120	0	0.0000	0	0.0000	0	0.0000
group_17646	123	0	0.0000	0	0.0000	0	0.0000
group_17648	264	0	0.0000	0	0.0000	0	0.0000
group_17650	2100	5156	2.4552	38	5.3070	19	5.3070
group_17651	471	14683	31.1741	102	63.5135	51	63.5136
group_3552	258	8806	34.1318	61	69.3421	30	68.2054
group_6419	226	506	2.2389	4	5.1909	2	5.1909
group_17652	273	7659	28.0549	56	60.1606	28	60.1607
group_17653	174	4364	25.0805	36	60.6793	18	60.6793
group_17654	825	61399	74.4230	414	147.1748	207	147.1748
group_17655	333	19167	57.5586	147	129.4673	73	128.5866
group_17656	927	16545	17.8479	113	35.7508	56	35.4344
group_17657	219	3877	17.7032	27	36.1582	13	34.8190
group_17658	288	0	0.0000	0	0.0000	0	0.0000
group_17659	327	17462	53.4006	120	107.6268	60	107.6269
group_17660	1425	115605	81.1263	777	159.9165	388	159.7107
group_17661	111	0	0.0000	0	0.0000	0	0.0000
group_17662	135	84	0.6222	2	4.3449	1	4.3449
group_17664	630	10196	16.1841	71	33.0525	35	32.5870
group_17665	1188	136	0.1145	1	0.2469	0	0.0000
group_17666	429	2714	6.3263	18	12.3056	9	12.3056
group_17667	229	0	0.0000	0	0.0000	0	0.0000
group_17668	393	9842	25.0433	67	49.9999	33	49.2537
group_3605	441	176	0.3991	2	1.3301	1	1.3301
dnaK	1701	448	0.2634	4	0.6897	2	0.6897
group_17669	132	0	0.0000	0	0.0000	0	0.0000
group_17670	201	0	0.0000	0	0.0000	0	0.0000
group_17671	1167	941	0.8063	8	2.0105	4	2.0105
group_17672	573	0	0.0000	0	0.0000	0	0.0000
group_1503	126	0	0.0000	0	0.0000	0	0.0000
group_2113	279	0	0.0000	0	0.0000	0	0.0000
group_17673	159	0	0.0000	0	0.0000	0	0.0000
group_13708	300	0	0.0000	0	0.0000	0	0.0000
group_17677	2859	0	0.0000	0	0.0000	0	0.0000
group_17674	378	0	0.0000	0	0.0000	0	0.0000
group_17675	210	0	0.0000	0	0.0000	0	0.0000
group_17679	648	0	0.0000	0	0.0000	0	0.0000
group_17676	1053	0	0.0000	0	0.0000	0	0.0000
group_17678	336	5126	15.2560	43	37.5333	21	36.6604
group_17680	261	0	0.0000	0	0.0000	0	0.0000
group_17681	159	284	1.7862	4	7.3782	2	7.3782
group_17682	270	0	0.0000	0	0.0000	0	0.0000
group_17683	273	0	0.0000	0	0.0000	0	0.0000
group_17684	207	246	1.1884	2	2.8337	1	2.8337
group_17685	255	3101	12.1608	21	24.1527	10	23.0026
group_17686	627	0	0.0000	0	0.0000	0	0.0000
group_17687	138	0	0.0000	0	0.0000	0	0.0000
group_17688	327	409	1.2508	4	3.5876	2	3.5876
group_17689	363	0	0.0000	0	0.0000	0	0.0000
group_17690	216	0	0.0000	0	0.0000	0	0.0000
group_17691	675	0	0.0000	0	0.0000	0	0.0000
group_17692	159	0	0.0000	0	0.0000	0	0.0000
group_17693	189	0	0.0000	0	0.0000	0	0.0000
group_17694	120	0	0.0000	0	0.0000	0	0.0000
group_17695	114	0	0.0000	0	0.0000	0	0.0000
group_17697	429	0	0.0000	0	0.0000	0	0.0000
group_17696	333	0	0.0000	0	0.0000	0	0.0000
group_17698	405	283	0.6988	3	2.1725	1	1.4483
group_17699	147	722	4.9116	8	15.9610	4	15.9610
group_17700	180	0	0.0000	0	0.0000	0	0.0000
group_17701	201	143	0.7114	1	1.4591	0	0.0000
group_17702	495	0	0.0000	0	0.0000	0	0.0000
group_17703	267	289	1.0824	2	2.1969	1	2.1969
group_17704	330	4403	13.3424	29	25.7734	14	24.8846
group_2712	93	0	0.0000	0	0.0000	0	0.0000
group_11784	171	0	0.0000	0	0.0000	0	0.0000
group_17707	450	0	0.0000	0	0.0000	0	0.0000
group_17705	666	0	0.0000	0	0.0000	0	0.0000
group_17706	432	0	0.0000	0	0.0000	0	0.0000
group_17708	1053	17064	16.2051	115	32.0300	57	31.7515
group_17709	129	0	0.0000	0	0.0000	0	0.0000
group_17710	1482	0	0.0000	0	0.0000	0	0.0000
group_17711	408	0	0.0000	0	0.0000	0	0.0000
group_17712	264	922	3.4924	8	8.8874	4	8.8874
group_17713	123	0	0.0000	0	0.0000	0	0.0000
group_17714	162	0	0.0000	0	0.0000	0	0.0000
group_17715	450	1055	2.3444	7	4.5622	3	3.9104
group_7324	213	298	1.3991	2	2.7538	1	2.7538
group_17716	762	0	0.0000	0	0.0000	0	0.0000
group_17717	2847	942	0.3309	6	0.6181	3	0.6181
group_17718	642	0	0.0000	0	0.0000	0	0.0000
group_17719	189	0	0.0000	0	0.0000	0	0.0000
group_17720	189	316	1.6720	2	3.1035	1	3.1035
group_14194	804	0	0.0000	0	0.0000	0	0.0000
group_6725	969	0	0.0000	0	0.0000	0	0.0000
group_5288	1857	0	0.0000	0	0.0000	0	0.0000
group_3977	1086	0	0.0000	0	0.0000	0	0.0000
group_6999	216	0	0.0000	0	0.0000	0	0.0000
group_17721	111	0	0.0000	0	0.0000	0	0.0000
group_2923	1143	0	0.0000	0	0.0000	0	0.0000
group_17722	237	240	1.0127	2	2.4750	1	2.4750
group_17723	324	0	0.0000	0	0.0000	0	0.0000
group_17724	882	0	0.0000	0	0.0000	0	0.0000
group_17725	510	0	0.0000	0	0.0000	0	0.0000
group_17726	258	768	2.9767	6	6.8205	3	6.8205
group_17727	5034	7841	1.5576	53	3.0878	26	3.0295
group_14877	105	0	0.0000	0	0.0000	0	0.0000
group_17728	1551	0	0.0000	0	0.0000	0	0.0000
group_17729	297	151	0.5084	1	0.9875	0	0.0000
group_17730	3447	5829	1.6910	39	3.3183	19	3.2332
group_17733	783	511	0.6526	4	1.4983	2	1.4983
group_12633	834	1318	1.5803	9	3.1649	4	2.8133
group_9405	195	0	0.0000	0	0.0000	0	0.0000
group_6675	633	122	0.1927	2	0.9266	1	0.9266
group_2102	771	0	0.0000	0	0.0000	0	0.0000
group_4158	1074	557	0.5186	4	1.0923	2	1.0923
group_17734	441	0	0.0000	0	0.0000	0	0.0000
group_17735	162	250	1.5432	2	3.6208	1	3.6208
group_17737	114	0	0.0000	0	0.0000	0	0.0000
group_17736	207	0	0.0000	0	0.0000	0	0.0000
group_17738	252	0	0.0000	0	0.0000	0	0.0000
group_17739	432	0	0.0000	0	0.0000	0	0.0000
group_17740	762	4138	5.4304	29	11.1617	14	10.7768
group_17741	141	203	1.4397	2	4.1600	1	4.1600
group_17742	678	751	1.1077	5	2.1629	2	1.7303
group_17743	765	643	0.8405	5	1.9169	2	1.5335
group_17744	99	0	0.0000	0	0.0000	0	0.0000
group_12054	168	1238	7.3690	9	15.7116	4	13.9659
group_17745	150	500	3.3333	4	7.8209	2	7.8209
group_17746	2571	156403	60.8335	1047	119.4350	523	119.3210
group_7852	606	37493	61.8696	253	122.4433	126	121.9593
group_17747	792	1170	1.4773	8	2.9625	4	2.9625
group_17748	468	0	0.0000	0	0.0000	0	0.0000
group_17750	195	0	0.0000	0	0.0000	0	0.0000
group_17751	168	0	0.0000	0	0.0000	0	0.0000
group_17749	108	0	0.0000	0	0.0000	0	0.0000
group_17752	387	3211	8.2972	22	16.6724	11	16.6724
group_17753	603	341	0.5655	3	1.4591	1	0.9727
group_17754	330	151	0.4576	1	0.8887	0	0.0000
group_17755	489	3836	7.8446	26	15.5938	13	15.5938
group_17760	159	0	0.0000	0	0.0000	0	0.0000
group_17761	765	151	0.1974	1	0.3834	0	0.0000
group_17762	2745	1155	0.4208	8	0.8547	4	0.8547
group_17763	324	9489	29.2870	66	59.7428	33	59.7429
group_3234	138	0	0.0000	0	0.0000	0	0.0000
group_17764	747	1324	1.7724	9	3.5335	4	3.1409
group_17765	696	0	0.0000	0	0.0000	0	0.0000
group_17767	546	6472	11.8535	45	24.1717	22	23.6345
group_17766	678	8006	11.8083	55	23.7914	27	23.3588
group_9165	351	151	0.4302	1	0.8356	0	0.0000
group_13866	1266	246	0.1943	2	0.4633	1	0.4633
group_17768	681	9907	14.5477	67	28.8546	33	28.4239
group_14935	243	216	0.8889	2	2.4139	1	2.4139
group_14929	888	151	0.1700	1	0.3303	0	0.0000
group_12830	159	0	0.0000	0	0.0000	0	0.0000
group_17769	921	12909	14.0163	87	27.7043	43	27.3858
group_17770	777	2252	2.8983	15	5.6618	7	5.2844
group_17771	306	578	1.8889	4	3.8338	2	3.8338
group_17772	2052	36155	17.6194	238	34.0163	119	34.0163
group_17773	2883	53488	18.5529	327	33.2652	163	33.1635
group_17774	2073	3127	1.5084	21	2.9710	10	2.8296
group_17775	1662	24034	14.4609	162	28.5872	81	28.5872
group_17776	3036	27802	9.1574	189	18.2577	94	18.1611
group_16213	2871	22242	7.7471	137	13.9950	68	13.8929
group_17777	99	0	0.0000	0	0.0000	0	0.0000
group_17778	3255	81736	25.1109	546	49.1959	273	49.1959
group_9411	195	0	0.0000	0	0.0000	0	0.0000
group_7001	216	2911	13.4769	24	32.5870	12	32.5870
group_17779	717	151	0.2106	1	0.4090	0	0.0000
group_17781	123	0	0.0000	0	0.0000	0	0.0000
group_17780	420	0	0.0000	0	0.0000	0	0.0000
group_17782	189	0	0.0000	0	0.0000	0	0.0000
group_17783	138	0	0.0000	0	0.0000	0	0.0000
group_17784	204	467	2.2892	4	5.7506	2	5.7507
group_2430	105	0	0.0000	0	0.0000	0	0.0000
group_17785	213	0	0.0000	0	0.0000	0	0.0000
group_5453	402	2141	5.3259	14	10.2138	7	10.2138
group_3435	726	717	0.9876	5	2.0199	2	1.6159
group_6031	393	151	0.3842	1	0.7463	0	0.0000
group_17791	1164	0	0.0000	0	0.0000	0	0.0000
group_17789	1107	0	0.0000	0	0.0000	0	0.0000
group_17788	1125	0	0.0000	0	0.0000	0	0.0000
group_17787	1248	0	0.0000	0	0.0000	0	0.0000
group_17786	1164	0	0.0000	0	0.0000	0	0.0000
group_17790	783	0	0.0000	0	0.0000	0	0.0000
group_8317	204	302	1.4804	2	2.8753	1	2.8753
group_7624	210	0	0.0000	0	0.0000	0	0.0000
group_504	135	0	0.0000	0	0.0000	0	0.0000
group_17792	225	0	0.0000	0	0.0000	0	0.0000
group_17793	1329	0	0.0000	0	0.0000	0	0.0000
group_8673	201	0	0.0000	0	0.0000	0	0.0000
group_2449	759	0	0.0000	0	0.0000	0	0.0000
group_4026	492	0	0.0000	0	0.0000	0	0.0000
group_5601	1005	0	0.0000	0	0.0000	0	0.0000
group_4564	417	0	0.0000	0	0.0000	0	0.0000
group_502	135	0	0.0000	0	0.0000	0	0.0000
group_9410	195	445	2.2821	4	6.0161	2	6.0161
group_1994	120	0	0.0000	0	0.0000	0	0.0000
group_13362	153	0	0.0000	0	0.0000	0	0.0000
group_10300	339	0	0.0000	0	0.0000	0	0.0000
group_10869	1398	0	0.0000	0	0.0000	0	0.0000
group_9375	1476	0	0.0000	0	0.0000	0	0.0000
group_3037	2559	0	0.0000	0	0.0000	0	0.0000
group_218	138	0	0.0000	0	0.0000	0	0.0000
group_310	291	236	0.8110	2	2.0157	1	2.0157
group_2296	111	0	0.0000	0	0.0000	0	0.0000
group_3969	252	342	1.3571	2	2.3276	1	2.3276
group_10719	183	0	0.0000	0	0.0000	0	0.0000
group_8011	1545	0	0.0000	0	0.0000	0	0.0000
group_11232	177	0	0.0000	0	0.0000	0	0.0000
group_11001	180	0	0.0000	0	0.0000	0	0.0000
group_1817	123	0	0.0000	0	0.0000	0	0.0000
group_3849	711	0	0.0000	0	0.0000	0	0.0000
group_3970	252	0	0.0000	0	0.0000	0	0.0000
group_14227	144	0	0.0000	0	0.0000	0	0.0000
group_11512	174	222	1.2759	2	3.3711	1	3.3711
group_2324	276	446	1.6159	4	4.2505	2	4.2505
group_17797	324	0	0.0000	0	0.0000	0	0.0000
group_17798	570	859	1.5070	6	3.0872	3	3.0872
group_17796	249	0	0.0000	0	0.0000	0	0.0000
group_17799	876	512	0.5845	4	1.3392	2	1.3392
group_17794	270	279	1.0333	2	2.1725	1	2.1725
group_17795	291	0	0.0000	0	0.0000	0	0.0000
group_17800	1293	666	0.5151	6	1.3609	3	1.3609
group_11238	177	503	2.8418	4	6.6279	2	6.6279
group_4749	1041	0	0.0000	0	0.0000	0	0.0000
group_10303	339	0	0.0000	0	0.0000	0	0.0000
group_5037	237	232	0.9789	2	2.4750	1	2.4750
group_12833	309	4253	13.7638	33	31.3215	16	30.3724
group_6428	222	0	0.0000	0	0.0000	0	0.0000
group_7329	213	151	0.7089	1	1.3769	0	0.0000
group_6429	222	0	0.0000	0	0.0000	0	0.0000
group_2432	105	0	0.0000	0	0.0000	0	0.0000
group_635	1221	2114	1.7314	14	3.3628	7	3.3628
group_17802	156	0	0.0000	0	0.0000	0	0.0000
group_10724	183	0	0.0000	0	0.0000	0	0.0000
group_17803	201	126	0.6269	2	2.9182	1	2.9182
group_17804	294	0	0.0000	0	0.0000	0	0.0000
group_17805	255	151	0.5922	1	1.1501	0	0.0000
group_10216	888	0	0.0000	0	0.0000	0	0.0000
group_17806	201	0	0.0000	0	0.0000	0	0.0000
group_17807	684	2577	3.7675	18	7.7180	9	7.7180
group_9551	900	0	0.0000	0	0.0000	0	0.0000
group_6374	123	0	0.0000	0	0.0000	0	0.0000
group_17808	180	4746	26.3667	36	58.6566	18	58.6566
group_11290	327	229	0.7003	2	1.7938	1	1.7938
group_4285	1206	906	0.7512	6	1.4591	3	1.4591
group_17809	219	486	2.2192	4	5.3568	2	5.3568
group_17810	363	589	1.6226	5	4.0397	2	3.2318
group_17811	90	0	0.0000	0	0.0000	0	0.0000
group_17812	294	773	2.6293	6	5.9854	3	5.9854
group_17813	429	87830	204.7319	588	401.9824	294	401.9825
group_17814	132	0	0.0000	0	0.0000	0	0.0000
group_17815	129	0	0.0000	0	0.0000	0	0.0000
group_17816	312	0	0.0000	0	0.0000	0	0.0000
group_17817	264	2702	10.2348	21	23.3293	10	22.2184
group_17818	213	1639	7.6948	14	19.2768	7	19.2768
group_17819	183	267	1.4590	2	3.2053	1	3.2053
group_12324	165	444	2.6909	4	7.1099	2	7.1099
group_17820	1173	18936	16.1432	126	31.5036	63	31.5036
group_17821	135	0	0.0000	0	0.0000	0	0.0000
group_17822	2412	64251	26.6381	431	52.4067	215	52.2851
group_17823	132	0	0.0000	0	0.0000	0	0.0000
group_17824	168	150	0.8929	1	1.7457	0	0.0000
group_17825	330	3020	9.1515	22	19.5522	11	19.5522
group_17826	957	11180	11.6823	79	24.2104	39	23.9040
group_17827	453	5628	12.4238	42	27.1918	21	27.1918
group_17828	1053	90347	85.7996	624	173.7974	312	173.7974
group_17829	129	252	1.9535	6	13.6411	3	13.6411
group_17830	285	6507	22.8316	44	45.2788	22	45.2788
group_1074	4065	6947	1.7090	46	3.3188	23	3.3188
group_9587	1464	36293	24.7903	244	48.8805	122	48.8805
group_5792	999	10570	10.5806	72	21.1375	36	21.1375
group_4325	1062	9727	9.1591	65	17.9505	32	17.6743
group_8003	207	841	4.0628	6	8.5010	3	8.5010
group_4750	1041	9182	8.8204	61	17.1857	30	16.9039
group_2302	1182	15495	13.1091	105	26.0531	52	25.8049
group_17831	165	0	0.0000	0	0.0000	0	0.0000
group_12117	846	8350	9.8700	60	20.8002	30	20.8002
group_1515	126	0	0.0000	0	0.0000	0	0.0000
group_4618	684	2511	3.6711	17	7.2892	8	6.8604
group_2899	267	11432	42.8165	84	92.2688	42	92.2689
group_9985	342	6607	19.3187	47	40.3050	23	39.4474
group_17832	240	957	3.9875	10	12.2201	5	12.2201
group_3777	255	12794	50.1725	100	115.0130	50	115.0130
group_17833	219	1903	8.6895	13	17.4095	6	16.0703
group_17834	1299	34702	26.7144	221	49.8965	110	49.6707
group_17836	210	2511	11.9571	17	23.7420	8	22.3454
group_17835	189	1723	9.1164	15	23.2764	7	21.7247
group_17837	933	0	0.0000	0	0.0000	0	0.0000
group_17838	285	877	3.0772	9	9.2616	4	8.2325
group_17839	894	10971	12.2718	69	22.6359	34	22.3079
group_3600	1215	0	0.0000	0	0.0000	0	0.0000
group_12836	831	0	0.0000	0	0.0000	0	0.0000
group_4632	1995	0	0.0000	0	0.0000	0	0.0000
group_2377	762	0	0.0000	0	0.0000	0	0.0000
group_13572	1278	302	0.2363	2	0.4590	1	0.4590
group_12269	315	0	0.0000	0	0.0000	0	0.0000
group_17840	171	302	1.7661	2	3.4302	1	3.4302
group_17841	150	0	0.0000	0	0.0000	0	0.0000
group_1824	123	0	0.0000	0	0.0000	0	0.0000
group_17842	876	77268	88.2055	533	178.4474	266	178.1126
group_17843	109	218	2.0000	2	5.3813	1	5.3813
group_17844	990	0	0.0000	0	0.0000	0	0.0000
group_17845	195	0	0.0000	0	0.0000	0	0.0000
group_17846	162	302	1.8642	8	14.4831	4	14.4831
group_3358	447	3867	8.6510	29	19.0273	14	18.3712
group_10606	336	2187	6.5089	15	13.0930	7	12.2201
group_17847	390	5008	12.8410	35	26.3203	17	25.5683
group_17848	465	221	0.4753	2	1.2614	1	1.2614
group_17849	561	0	0.0000	0	0.0000	0	0.0000
group_17850	102	0	0.0000	0	0.0000	0	0.0000
group_17851	270	859	3.1815	6	6.5174	3	6.5174
group_17852	174	290	1.6667	2	3.3711	1	3.3711
group_17853	453	0	0.0000	0	0.0000	0	0.0000
group_17854	405	0	0.0000	0	0.0000	0	0.0000
group_17855	282	151	0.5355	1	1.0400	0	0.0000
group_17856	393	453	1.1527	3	2.2388	1	1.4925
group_17857	711	0	0.0000	0	0.0000	0	0.0000
group_2106	117	0	0.0000	0	0.0000	0	0.0000
group_17859	376	4274	11.3670	30	23.4002	15	23.4003
group_17860	240	0	0.0000	0	0.0000	0	0.0000
group_9712	192	0	0.0000	0	0.0000	0	0.0000
group_17861	168	305	1.8155	2	3.4915	1	3.4915
group_17862	570	19195	33.6754	131	67.4037	65	66.8891
group_17863	3624	0	0.0000	0	0.0000	0	0.0000
group_17864	1722	0	0.0000	0	0.0000	0	0.0000
group_2120	279	335	1.2007	3	3.1536	1	2.1024
group_17866	345	1492	4.3246	11	9.3511	5	8.5010
group_17867	396	2506	6.3283	19	14.0717	9	13.3311
group_17869	1092	0	0.0000	0	0.0000	0	0.0000
group_17868	309	0	0.0000	0	0.0000	0	0.0000
group_17870	306	87	0.2843	1	0.9584	0	0.0000
group_17871	396	9186	23.1970	63	46.6587	31	45.9181
group_3437	726	0	0.0000	0	0.0000	0	0.0000
group_17872	162	0	0.0000	0	0.0000	0	0.0000
group_17873	612	1924	3.1438	13	6.2299	6	5.7507
group_17874	117	0	0.0000	0	0.0000	0	0.0000
group_17875	489	312	0.6380	2	1.1995	1	1.1995
group_3497	444	835	1.8806	6	3.9633	3	3.9633
group_6413	387	372	0.9612	3	2.2735	1	1.5157
group_125	501	0	0.0000	0	0.0000	0	0.0000
group_17876	540	350	0.6481	5	2.7156	2	2.1725
group_6098	990	0	0.0000	0	0.0000	0	0.0000
group_17877	255	258	1.0118	2	2.3003	1	2.3003
group_17878	702	10543	15.0185	71	29.6625	35	29.2448
group_17879	1125	71075	63.1778	472	123.0485	236	123.0486
group_17880	630	47319	75.1095	321	149.4347	160	148.9692
group_17881	234	12622	53.9402	109	136.6148	54	135.3615
group_17882	1389	30346	21.8474	202	42.6517	101	42.6517
group_17883	1098	77096	70.2149	531	141.8336	265	141.5666
group_17884	996	79432	79.7510	548	161.3646	274	161.3646
group_17885	1449	2428	1.6756	16	3.2385	8	3.2385
group_17886	117	0	0.0000	0	0.0000	0	0.0000
group_17887	99	0	0.0000	0	0.0000	0	0.0000
group_17888	192	692	3.6042	5	7.6376	2	6.1101
group_17889	4500	82834	18.4076	550	35.8457	275	35.8457
group_17890	624	9651	15.4663	69	32.4303	34	31.9603
group_17891	414	0	0.0000	0	0.0000	0	0.0000
group_17892	135	586	4.3407	6	13.0348	3	13.0348
group_17893	114	0	0.0000	0	0.0000	0	0.0000
group_4232	783	0	0.0000	0	0.0000	0	0.0000
group_17894	1059	0	0.0000	0	0.0000	0	0.0000
group_17895	1341	8295	6.1857	55	12.0288	27	11.8101
group_17896	195	148	0.7590	1	1.5040	0	0.0000
group_17897	468	1122	2.3974	8	5.0134	4	5.0134
group_17898	996	16925	16.9930	116	34.1575	58	34.1575
group_1519	126	0	0.0000	0	0.0000	0	0.0000
group_17899	291	0	0.0000	0	0.0000	0	0.0000
group_8535	357	0	0.0000	0	0.0000	0	0.0000
group_13720	300	0	0.0000	0	0.0000	0	0.0000
group_17900	309	590	1.9094	4	3.7965	2	3.7965
group_10071	190	339	1.7842	3	4.6308	1	3.0872
group_17901	108	0	0.0000	0	0.0000	0	0.0000
group_2778	1155	453	0.3922	3	0.7618	1	0.5078
group_7166	954	302	0.3166	2	0.6148	1	0.6148
group_17903	135	0	0.0000	0	0.0000	0	0.0000
group_17902	849	604	0.7114	4	1.3818	2	1.3818
group_17907	303	2757	9.0990	22	21.2945	11	21.2945
group_17904	231	151	0.6537	1	1.2696	0	0.0000
group_17905	450	0	0.0000	0	0.0000	0	0.0000
group_17908	615	906	1.4732	6	2.8613	3	2.8613
group_17909	630	2045	3.2460	14	6.5174	7	6.5174
group_17910	579	4456	7.6960	30	15.1960	15	15.1960
group_17911	702	49127	69.9815	332	138.7037	166	138.7037
group_17915	213	237	1.1127	2	2.7538	1	2.7538
group_17919	1044	27319	26.1676	195	54.7799	97	54.4990
group_17920	351	1205	3.4330	9	7.5201	4	6.6845
group_17917	273	184	0.6740	2	2.1486	1	2.1486
group_17912	1215	165532	136.2403	1105	266.7307	552	266.4894
group_17916	402	302	0.7512	2	1.4591	1	1.4591
group_17913	240	0	0.0000	0	0.0000	0	0.0000
group_17914	1155	46634	40.3758	311	78.9706	155	78.7167
group_9176	351	270	0.7692	2	1.6711	1	1.6711
group_3557	258	417	1.6163	4	4.5470	2	4.5470
group_17922	174	983	5.6494	8	13.4843	4	13.4843
group_17923	414	14694	35.4928	103	72.9666	51	72.2582
group_17924	501	21291	42.4970	144	84.2969	72	84.2970
group_17926	255	301	1.1804	2	2.3003	1	2.3003
group_17928	771	879	1.1401	6	2.2824	3	2.2824
group_17931	366	1283	3.5055	9	7.2119	4	6.4106
group_17934	768	134038	174.5286	893	341.0180	446	340.6362
group_17935	381	162887	427.5249	1086	835.9722	543	835.9725
group_17937	210	7871	37.4810	59	82.3986	29	81.0020
group_17940	387	2642	6.8269	19	14.3989	9	13.6411
group_17941	1188	906	0.7626	6	1.4812	3	1.4812
group_17942	123	0	0.0000	0	0.0000	0	0.0000
group_17943	144	0	0.0000	0	0.0000	0	0.0000
group_6652	1665	9561	5.7423	64	11.2733	32	11.2733
group_9716	192	576	3.0000	4	6.1101	2	6.1101
group_11092	330	37277	112.9606	254	225.7391	127	225.7392
group_17945	834	4123	4.9436	28	9.8464	14	9.8464
group_17946	300	638	2.1267	5	4.8881	2	3.9104
group_17947	205	1513	7.3805	11	15.7371	5	14.3065
group_3058	1845	5013	2.7171	35	5.5636	17	5.4047
group_17948	339	3322	9.7994	22	19.0331	11	19.0331
group_12542	312	0	0.0000	0	0.0000	0	0.0000
group_17949	103	0	0.0000	0	0.0000	0	0.0000
group_17954	360	604	1.6778	4	3.2587	2	3.2587
group_17953	867	0	0.0000	0	0.0000	0	0.0000
group_17955	1128	474	0.4202	4	1.0400	2	1.0400
group_17957	357	0	0.0000	0	0.0000	0	0.0000
group_7981	363	6631	18.2672	45	36.3574	22	35.5495
group_17958	342	0	0.0000	0	0.0000	0	0.0000
group_17959	1371	2114	1.5419	14	2.9949	7	2.9949
group_17960	192	0	0.0000	0	0.0000	0	0.0000
group_12074	168	365	2.1726	3	5.2372	1	3.4915
group_17965	384	0	0.0000	0	0.0000	0	0.0000
group_13126	156	0	0.0000	0	0.0000	0	0.0000
group_3077	1506	5217	3.4641	37	7.2055	18	7.0108
group_2059	3306	302	0.0913	2	0.1774	1	0.1774
group_5250	1017	151	0.1485	1	0.2884	0	0.0000
group_12607	162	0	0.0000	0	0.0000	0	0.0000
group_11835	852	25220	29.6009	172	59.2074	86	59.2074
group_17966	858	0	0.0000	0	0.0000	0	0.0000
group_17968	360	2779	7.7194	22	17.9229	11	17.9229
group_17970	192	235	1.2240	2	3.0550	1	3.0550
group_17971	312	0	0.0000	0	0.0000	0	0.0000
group_17973	198	0	0.0000	0	0.0000	0	0.0000
group_11247	177	0	0.0000	0	0.0000	0	0.0000
group_17974	276	2265	8.2065	16	17.0019	8	17.0019
group_11005	180	0	0.0000	0	0.0000	0	0.0000
group_17987	105	0	0.0000	0	0.0000	0	0.0000
group_17976	447	4071	9.1074	28	18.3712	14	18.3712
group_17983	1200	46560	38.8000	311	76.0092	155	75.7648
group_17978	414	0	0.0000	0	0.0000	0	0.0000
group_17985	681	1810	2.6579	12	5.1680	6	5.1680
group_17979	396	1047	2.6439	7	5.1843	3	4.4437
group_17986	435	604	1.3885	4	2.6969	2	2.6969
group_17988	687	906	1.3188	6	2.5614	3	2.5614
group_17977	579	0	0.0000	0	0.0000	0	0.0000
group_17981	189	0	0.0000	0	0.0000	0	0.0000
group_17989	4566	399822	87.5650	2737	175.8028	1368	175.7387
group_17990	1374	1208	0.8792	8	1.7076	4	1.7076
group_17991	306	245	0.8007	2	1.9169	1	1.9169
group_2123	279	0	0.0000	0	0.0000	0	0.0000
group_17992	636	11177	17.5739	78	35.9687	39	35.9687
group_17993	345	6776	19.6406	49	41.6547	24	40.8046
group_17994	138	0	0.0000	0	0.0000	0	0.0000
group_17996	471	383	0.8132	3	1.8680	1	1.2454
group_17995	387	184	0.4755	2	1.5157	1	1.5157
group_17997	300	2962	9.8733	23	22.4850	11	21.5074
group_17999	159	938	5.8994	9	16.6009	4	14.7564
group_4775	240	6736	28.0667	45	54.9906	22	53.7686
group_18000	90	0	0.0000	0	0.0000	0	0.0000
group_18002	354	29570	83.5311	202	167.3536	101	167.3537
group_12070	168	170	1.0119	2	3.4915	1	3.4915
group_18003	189	0	0.0000	0	0.0000	0	0.0000
group_18004	465	0	0.0000	0	0.0000	0	0.0000
group_18005	165	0	0.0000	0	0.0000	0	0.0000
group_18007	1812	1500	0.8278	10	1.6186	5	1.6186
group_2433	105	74	0.7048	1	2.7932	0	0.0000
group_18008	264	710	2.6894	5	5.5546	2	4.4437
group_10075	189	0	0.0000	0	0.0000	0	0.0000
group_18009	1122	201085	179.2201	1385	362.0295	692	361.7682
group_18010	222	316	1.4234	4	5.2844	2	5.2844
group_18011	360	0	0.0000	0	0.0000	0	0.0000
group_18016	642	14233	22.1698	96	43.8554	48	43.8554
group_18017	144	0	0.0000	0	0.0000	0	0.0000
group_18019	744	801	1.0766	5	1.9710	2	1.5768
group_18018	264	0	0.0000	0	0.0000	0	0.0000
group_18020	534	245	0.4588	2	1.0984	1	1.0984
group_18021	1002	12983	12.9571	84	24.5866	42	24.5866
group_2202	114	0	0.0000	0	0.0000	0	0.0000
group_18022	573	0	0.0000	0	0.0000	0	0.0000
group_18023	615	4530	7.3659	30	14.3065	15	14.3065
group_18024	1230	537	0.4366	4	0.9538	2	0.9538
group_18025	118	0	0.0000	0	0.0000	0	0.0000
group_18027	180	0	0.0000	0	0.0000	0	0.0000
group_18026	381	1328	3.4856	10	7.6977	5	7.6977
group_18029	297	29676	99.9192	203	200.4595	101	199.4721
group_18028	906	749644	827.4216	4982	1612.7332	2491	1612.7337
group_5713	1791	12879	7.1910	88	14.4103	44	14.4103
group_6572	384	0	0.0000	0	0.0000	0	0.0000
group_18030	660	3206	4.8576	23	10.2205	11	9.7761
group_18031	165	228	1.3818	2	3.5549	1	3.5549
group_18032	516	1491	2.8895	10	5.6838	5	5.6838
group_326	291	302	1.0378	2	2.0157	1	2.0157
group_14101	297	0	0.0000	0	0.0000	0	0.0000
group_10076	189	0	0.0000	0	0.0000	0	0.0000
group_18034	1722	604	0.3508	4	0.6813	2	0.6813
group_17131	180	149	0.8278	1	1.6294	0	0.0000
group_18035	621	1208	1.9452	8	3.7782	4	3.7782
group_18036	156	0	0.0000	0	0.0000	0	0.0000
group_18037	1032	0	0.0000	0	0.0000	0	0.0000
group_18040	324	0	0.0000	0	0.0000	0	0.0000
group_18039	375	2082	5.5520	15	11.7313	7	10.9492
group_18041	288	3100	10.7639	23	23.4219	11	22.4036
group_2946	741	2896	3.9082	19	7.5201	9	7.1243
group_6726	969	0	0.0000	0	0.0000	0	0.0000
group_18043	180	0	0.0000	0	0.0000	0	0.0000
group_11553	324	0	0.0000	0	0.0000	0	0.0000
group_3770	714	6036	8.4538	40	16.4304	20	16.4304
group_12544	312	0	0.0000	0	0.0000	0	0.0000
group_18044	150	152	1.0133	2	3.9104	1	3.9104
group_18047	147	162	1.1020	2	3.9902	1	3.9902
group_18049	117	229	1.9573	2	5.0134	1	5.0134
group_18059	195	493	2.5282	6	9.0241	3	9.0241
group_7347	213	0	0.0000	0	0.0000	0	0.0000
group_18061	717	0	0.0000	0	0.0000	0	0.0000
group_12545	312	0	0.0000	0	0.0000	0	0.0000
group_3558	258	241	0.9341	2	2.2735	1	2.2735
group_18066	387	14465	37.3773	98	74.2681	49	74.2681
group_18067	660	5552	8.4121	38	16.8860	19	16.8860
group_18068	396	1894	4.7828	13	9.6280	6	8.8874
group_5857	228	151	0.6623	1	1.2863	0	0.0000
group_11527	174	151	0.8678	1	1.6855	0	0.0000
group_18069	168	0	0.0000	0	0.0000	0	0.0000
group_18070	381	0	0.0000	0	0.0000	0	0.0000
group_18071	726	0	0.0000	0	0.0000	0	0.0000
group_18072	1413	3402	2.4076	22	4.5663	11	4.5663
group_18073	540	151	0.2796	1	0.5431	0	0.0000
group_18077	306	856	2.7974	6	5.7506	3	5.7507
group_18078	576	0	0.0000	0	0.0000	0	0.0000
group_17133	294	0	0.0000	0	0.0000	0	0.0000
group_17130	1659	0	0.0000	0	0.0000	0	0.0000
group_6910	378	3109	8.2249	23	17.8453	11	17.0694
group_18080	237	0	0.0000	0	0.0000	0	0.0000
group_18082	417	0	0.0000	0	0.0000	0	0.0000
group_15003	252	0	0.0000	0	0.0000	0	0.0000
group_14997	435	0	0.0000	0	0.0000	0	0.0000
group_18083	447	1590	3.5570	11	7.2173	5	6.5611
group_18084	96	0	0.0000	0	0.0000	0	0.0000
group_18085	197	596	3.0254	6	8.9325	3	8.9325
group_18086	261	1316	5.0421	9	10.1132	4	8.9895
group_18087	246	149	0.6057	1	1.1922	0	0.0000
group_18088	99	0	0.0000	0	0.0000	0	0.0000
group_5859	228	0	0.0000	0	0.0000	0	0.0000
group_4280	423	0	0.0000	0	0.0000	0	0.0000
group_18090	384	0	0.0000	0	0.0000	0	0.0000
group_18089	2067	0	0.0000	0	0.0000	0	0.0000
group_18091	153	0	0.0000	0	0.0000	0	0.0000
group_18092	273	0	0.0000	0	0.0000	0	0.0000
group_18094	498	0	0.0000	0	0.0000	0	0.0000
group_18093	1290	0	0.0000	0	0.0000	0	0.0000
group_18095	480	0	0.0000	0	0.0000	0	0.0000
group_8685	201	142	0.7065	1	1.4591	0	0.0000
group_18096	381	20613	54.1024	138	106.2285	69	106.2286
group_5570	231	198	0.8571	2	2.5392	1	2.5392
group_9426	195	0	0.0000	0	0.0000	0	0.0000
group_11803	171	0	0.0000	0	0.0000	0	0.0000
group_11011	180	202	1.1222	2	3.2587	1	3.2587
group_18097	240	2298	9.5750	16	19.5522	8	19.5522
group_18098	375	0	0.0000	0	0.0000	0	0.0000
group_4109	2151	5499	2.5565	36	4.9085	18	4.9085
group_11821	321	1057	3.2928	7	6.3956	3	5.4819
group_8686	201	0	0.0000	0	0.0000	0	0.0000
group_2630	753	3157	4.1926	26	10.1266	13	10.1266
group_7107	375	397	1.0587	3	2.3463	1	1.5642
group_7635	210	424	2.0190	3	4.1898	1	2.7932
group_18099	153	0	0.0000	0	0.0000	0	0.0000
group_18100	225	1694	7.5289	15	19.5522	7	18.2487
group_18101	312	7672	24.5897	53	49.8205	26	48.8805
group_18102	723	4593	6.3527	34	13.7920	17	13.7920
group_18103	291	151	0.5189	1	1.0078	0	0.0000
group_18104	576	6824	11.8472	47	23.9311	23	23.4219
group_18105	561	4883	8.7041	33	17.2519	16	16.7292
group_18106	156	589	3.7756	4	7.5201	2	7.5201
group_18107	237	3729	15.7342	26	32.1745	13	32.1745
group_4920	675	0	0.0000	0	0.0000	0	0.0000
group_18108	201	3442	17.1244	25	36.4780	12	35.0189
group_18109	258	232	0.8992	2	2.2735	1	2.2735
group_18110	351	2390	6.8091	17	14.2046	8	13.3690
group_18111	306	2541	8.3039	19	18.2104	9	17.2520
group_18112	393	11567	29.4326	84	62.6865	42	62.6865
group_14749	723	13957	19.3043	93	37.7252	46	37.3196
group_528	135	0	0.0000	0	0.0000	0	0.0000
group_18113	207	3382	16.3382	23	32.5870	11	31.1702
group_18114	96	0	0.0000	0	0.0000	0	0.0000
group_18115	177	1341	7.5763	9	14.9127	4	13.2557
group_18116	411	0	0.0000	0	0.0000	0	0.0000
group_18117	363	1359	3.7438	9	7.2715	4	6.4635
group_18118	444	3020	6.8018	20	13.2109	10	13.2110
group_13412	303	7169	23.6601	51	49.3645	25	48.3966
group_18119	795	1940	2.4403	14	5.1647	7	5.1647
group_18120	681	11504	16.8928	81	34.8839	40	34.4532
group_18121	231	4305	18.6364	32	40.6280	16	40.6280
group_18122	360	302	0.8389	2	1.6294	1	1.6294
group_18123	186	306	1.6452	4	6.3072	2	6.3072
group_18124	126	0	0.0000	0	0.0000	0	0.0000
group_18125	633	2221	3.5087	15	6.9498	7	6.4865
group_18126	135	413	3.0593	4	8.6899	2	8.6899
group_18127	1575	80305	50.9873	537	99.9956	268	99.8094
group_6442	222	2068	9.3153	22	29.0641	11	29.0641
group_18131	369	0	0.0000	0	0.0000	0	0.0000
group_18130	645	0	0.0000	0	0.0000	0	0.0000
group_18135	1248	0	0.0000	0	0.0000	0	0.0000
group_18140	1731	0	0.0000	0	0.0000	0	0.0000
group_18128	2865	0	0.0000	0	0.0000	0	0.0000
group_18132	795	0	0.0000	0	0.0000	0	0.0000
group_18137	465	0	0.0000	0	0.0000	0	0.0000
group_18136	1011	0	0.0000	0	0.0000	0	0.0000
group_18134	1323	0	0.0000	0	0.0000	0	0.0000
group_18139	1137	0	0.0000	0	0.0000	0	0.0000
group_18133	1293	0	0.0000	0	0.0000	0	0.0000
group_18129	1212	0	0.0000	0	0.0000	0	0.0000
group_18138	687	0	0.0000	0	0.0000	0	0.0000
group_18141	378	302	0.7989	2	1.5518	1	1.5518
group_18142	120	0	0.0000	0	0.0000	0	0.0000
group_5640	657	804	1.2237	6	2.6784	3	2.6784
group_18143	216	0	0.0000	0	0.0000	0	0.0000
group_4398	690	151	0.2188	1	0.4250	0	0.0000
group_2455	759	302	0.3979	2	0.7728	1	0.7728
group_4819	678	298	0.4395	2	0.8651	1	0.8651
group_5765	654	755	1.1544	5	2.2422	2	1.7938
group_6358	981	151	0.1539	1	0.2990	0	0.0000
group_13539	816	755	0.9252	5	1.7971	2	1.4377
group_8691	201	271	1.3483	2	2.9182	1	2.9182
group_18144	294	372	1.2653	3	2.9927	1	1.9951
group_18145	2178	4228	1.9412	28	3.7704	14	3.7704
group_18146	612	0	0.0000	0	0.0000	0	0.0000
group_18147	216	524	2.4259	4	5.4312	2	5.4312
group_18148	249	202	0.8112	2	2.3557	1	2.3557
group_4234	696	0	0.0000	0	0.0000	0	0.0000
group_11808	171	246	1.4386	2	3.4302	1	3.4302
group_7625	612	0	0.0000	0	0.0000	0	0.0000
group_18149	189	483	2.5556	4	6.2070	2	6.2071
group_18150	1053	152030	144.3780	1016	282.9778	508	282.9779
group_18151	156	0	0.0000	0	0.0000	0	0.0000
group_18152	591	0	0.0000	0	0.0000	0	0.0000
group_18153	261	0	0.0000	0	0.0000	0	0.0000
group_18154	306	2138	6.9869	16	15.3351	8	15.3351
group_2737	1158	0	0.0000	0	0.0000	0	0.0000
group_18155	744	0	0.0000	0	0.0000	0	0.0000
group_18156	144	250	1.7361	2	4.0734	1	4.0734
group_18157	213	473	2.2207	4	5.5077	2	5.5077
group_18158	105	0	0.0000	0	0.0000	0	0.0000
group_18159	198	0	0.0000	0	0.0000	0	0.0000
group_18160	270	158	0.5852	2	2.1725	1	2.1725
group_18161	324	7059	21.7870	54	48.8805	27	48.8805
group_18162	1191	1661	1.3946	11	2.7087	5	2.4625
group_4236	696	279	0.4009	2	0.8428	1	0.8428
group_2365	108	0	0.0000	0	0.0000	0	0.0000
group_1228	129	0	0.0000	0	0.0000	0	0.0000
group_10546	1416	0	0.0000	0	0.0000	0	0.0000
group_5577	231	0	0.0000	0	0.0000	0	0.0000
group_13843	513	0	0.0000	0	0.0000	0	0.0000
group_3961	432	0	0.0000	0	0.0000	0	0.0000
group_2343	471	0	0.0000	0	0.0000	0	0.0000
group_182	1233	0	0.0000	0	0.0000	0	0.0000
group_3020	738	0	0.0000	0	0.0000	0	0.0000
group_2201	768	0	0.0000	0	0.0000	0	0.0000
group_4436	489	0	0.0000	0	0.0000	0	0.0000
group_13947	1263	0	0.0000	0	0.0000	0	0.0000
group_2506	1170	0	0.0000	0	0.0000	0	0.0000
group_7030	624	0	0.0000	0	0.0000	0	0.0000
group_2810	747	0	0.0000	0	0.0000	0	0.0000
group_9334	906	0	0.0000	0	0.0000	0	0.0000
group_384	1227	0	0.0000	0	0.0000	0	0.0000
group_1477	1206	0	0.0000	0	0.0000	0	0.0000
group_2391	1176	0	0.0000	0	0.0000	0	0.0000
group_10993	873	0	0.0000	0	0.0000	0	0.0000
group_9069	198	0	0.0000	0	0.0000	0	0.0000
group_18163	2394	841	0.3513	4	0.4900	2	0.4900
group_1415	3762	755	0.2007	5	0.3898	2	0.3118
group_4608	1047	302	0.2884	2	0.5602	1	0.5602
group_2507	1170	604	0.5162	4	1.0027	2	1.0027
group_18164	5193	79574	15.3233	534	30.1585	267	30.1585
group_14450	504	0	0.0000	0	0.0000	0	0.0000
group_7322	618	0	0.0000	0	0.0000	0	0.0000
group_11827	321	0	0.0000	0	0.0000	0	0.0000
group_7996	363	0	0.0000	0	0.0000	0	0.0000
group_18165	159	0	0.0000	0	0.0000	0	0.0000
group_10873	876	0	0.0000	0	0.0000	0	0.0000
group_11809	171	0	0.0000	0	0.0000	0	0.0000
group_4623	684	0	0.0000	0	0.0000	0	0.0000
group_10916	1395	0	0.0000	0	0.0000	0	0.0000
group_3092	1134	302	0.2663	2	0.5173	1	0.5173
group_16264	255	0	0.0000	0	0.0000	0	0.0000
group_16255	336	0	0.0000	0	0.0000	0	0.0000
group_16266	198	0	0.0000	0	0.0000	0	0.0000
group_16256	504	0	0.0000	0	0.0000	0	0.0000
group_18166	357	895	2.5070	6	4.9291	3	4.9291
group_18167	210	0	0.0000	0	0.0000	0	0.0000
group_18168	144	0	0.0000	0	0.0000	0	0.0000
group_18169	90	0	0.0000	0	0.0000	0	0.0000
group_18170	387	3738	9.6589	26	19.7038	13	19.7038
group_15129	264	302	1.1439	2	2.2218	1	2.2218
group_15131	309	302	0.9773	2	1.8983	1	1.8983
group_18171	1155	0	0.0000	0	0.0000	0	0.0000
group_18172	132	0	0.0000	0	0.0000	0	0.0000
group_18173	174	0	0.0000	0	0.0000	0	0.0000
group_18174	378	736	1.9471	5	3.8794	2	3.1035
group_5085	408	4281	10.4926	30	21.5649	15	21.5649
group_18175	1185	302	0.2549	2	0.4950	1	0.4950
group_18176	150	0	0.0000	0	0.0000	0	0.0000
group_13454	519	578	1.1137	4	2.2604	2	2.2604
group_134	501	604	1.2056	4	2.3416	2	2.3416
group_12042	1341	1812	1.3512	12	2.6245	6	2.6245
group_18177	141	712	5.0496	8	16.6402	4	16.6402
group_18178	507	4717	9.3037	32	18.5110	16	18.5110
group_18179	129	0	0.0000	0	0.0000	0	0.0000
group_18180	306	3470	11.3399	24	23.0026	12	23.0026
group_3688	717	0	0.0000	0	0.0000	0	0.0000
group_8560	594	151	0.2542	1	0.4937	0	0.0000
group_18181	162	0	0.0000	0	0.0000	0	0.0000
group_18182	942	0	0.0000	0	0.0000	0	0.0000
group_18183	1185	906	0.7646	6	1.4850	3	1.4850
group_5520	660	0	0.0000	0	0.0000	0	0.0000
group_18184	417	0	0.0000	0	0.0000	0	0.0000
group_18185	198	147	0.7424	1	1.4812	0	0.0000
group_18186	210	0	0.0000	0	0.0000	0	0.0000
group_3564	259	6242	24.1004	48	54.3536	24	54.3536
group_18187	201	397	1.9751	3	4.3774	1	2.9182
group_18188	246	0	0.0000	0	0.0000	0	0.0000
group_18189	195	0	0.0000	0	0.0000	0	0.0000
group_18190	477	302	0.6331	2	1.2297	1	1.2297
group_18191	228	302	1.3246	2	2.5727	1	2.5727
group_18192	306	302	0.9869	2	1.9169	1	1.9169
group_18193	261	0	0.0000	0	0.0000	0	0.0000
group_18194	183	0	0.0000	0	0.0000	0	0.0000
group_18195	270	0	0.0000	0	0.0000	0	0.0000
group_18196	150	0	0.0000	0	0.0000	0	0.0000
group_18197	114	0	0.0000	0	0.0000	0	0.0000
group_18198	111	0	0.0000	0	0.0000	0	0.0000
group_17415	102	0	0.0000	0	0.0000	0	0.0000
group_18199	216	0	0.0000	0	0.0000	0	0.0000
group_18200	147	0	0.0000	0	0.0000	0	0.0000
group_18201	279	10469	37.5233	83	87.2491	41	86.1979
group_18202	240	4152	17.3000	28	34.2164	14	34.2164
group_18203	132	190	1.4394	2	4.4437	1	4.4437
group_18204	201	0	0.0000	0	0.0000	0	0.0000
group_1536	126	0	0.0000	0	0.0000	0	0.0000
group_10963	1392	0	0.0000	0	0.0000	0	0.0000
group_18205	192	0	0.0000	0	0.0000	0	0.0000
group_18206	166	831	5.0060	8	14.1341	4	14.1341
group_10743	183	0	0.0000	0	0.0000	0	0.0000
group_18207	213	0	0.0000	0	0.0000	0	0.0000
group_8353	204	278	1.3627	2	2.8753	1	2.8753
group_18208	141	0	0.0000	0	0.0000	0	0.0000
group_18209	186	466	2.5054	4	6.3072	2	6.3072
group_7325	618	258	0.4175	2	0.9491	1	0.9491
group_7977	1548	0	0.0000	0	0.0000	0	0.0000
group_12629	1317	0	0.0000	0	0.0000	0	0.0000
group_5836	396	0	0.0000	0	0.0000	0	0.0000
group_1866	483	0	0.0000	0	0.0000	0	0.0000
group_3104	453	0	0.0000	0	0.0000	0	0.0000
group_3434	2373	0	0.0000	0	0.0000	0	0.0000
group_9186	909	0	0.0000	0	0.0000	0	0.0000
group_7306	372	0	0.0000	0	0.0000	0	0.0000
group_3717	1101	0	0.0000	0	0.0000	0	0.0000
group_3981	2178	0	0.0000	0	0.0000	0	0.0000
group_6490	978	0	0.0000	0	0.0000	0	0.0000
group_3618	1107	0	0.0000	0	0.0000	0	0.0000
group_7032	624	213	0.3413	2	0.9400	1	0.9400
group_18210	129	0	0.0000	0	0.0000	0	0.0000
group_18211	228	175	0.7675	2	2.5727	1	2.5727
group_18212	768	0	0.0000	0	0.0000	0	0.0000
group_18213	1506	2842	1.8871	19	3.7001	9	3.5054
group_18214	2892	4234	1.4640	30	3.0424	15	3.0424
group_18215	852	0	0.0000	0	0.0000	0	0.0000
group_18216	138	0	0.0000	0	0.0000	0	0.0000
group_18217	180	2401	13.3389	20	32.5870	10	32.5870
group_18218	375	4936	13.1627	33	25.8089	16	25.0268
group_18219	141	1578	11.1915	14	29.1203	7	29.1203
group_18220	606	8105	13.3746	50	24.1983	25	24.1983
group_18221	513	6682	13.0253	46	26.2983	23	26.2983
group_18222	741	302	0.4076	2	0.7916	1	0.7916
group_18223	231	201	0.8701	2	2.5392	1	2.5392
group_18224	786	1190	1.5140	7	2.6119	3	2.2388
group_18225	900	1006	1.1178	8	2.6070	4	2.6070
group_18226	114	110	0.9649	2	5.1453	1	5.1453
group_8287	927	9926	10.7077	66	20.8810	33	20.8810
group_18227	825	2634	3.1927	19	6.7544	9	6.3989
group_18228	144	0	0.0000	0	0.0000	0	0.0000
group_18229	1419	0	0.0000	0	0.0000	0	0.0000
group_348	291	0	0.0000	0	0.0000	0	0.0000
group_18230	879	0	0.0000	0	0.0000	0	0.0000
group_6602	165	478	2.8970	4	7.1099	2	7.1099
group_18231	102	0	0.0000	0	0.0000	0	0.0000
group_6728	969	79176	81.7090	536	162.2288	268	162.2289
group_18232	765	453	0.5922	3	1.1501	1	0.7668
group_14740	513	146	0.2846	1	0.5717	0	0.0000
group_18233	135	240	1.7778	2	4.3449	1	4.3449
group_18234	900	18189	20.2100	124	40.4079	62	40.4079
group_18235	201	0	0.0000	0	0.0000	0	0.0000
group_18236	681	0	0.0000	0	0.0000	0	0.0000
group_3751	438	302	0.6895	2	1.3392	1	1.3392
group_18237	93	0	0.0000	0	0.0000	0	0.0000
group_18238	240	1838	7.6583	16	19.5522	8	19.5522
group_6452	222	0	0.0000	0	0.0000	0	0.0000
group_18242	123	0	0.0000	0	0.0000	0	0.0000
group_18240	1152	0	0.0000	0	0.0000	0	0.0000
group_18239	954	0	0.0000	0	0.0000	0	0.0000
group_18241	441	0	0.0000	0	0.0000	0	0.0000
group_18243	1143	0	0.0000	0	0.0000	0	0.0000
group_18244	723	0	0.0000	0	0.0000	0	0.0000
group_14947	708	0	0.0000	0	0.0000	0	0.0000
group_12086	168	199	1.1845	2	3.4915	1	3.4915
group_18245	2061	0	0.0000	0	0.0000	0	0.0000
group_18246	249	0	0.0000	0	0.0000	0	0.0000
group_15067	552	2238	4.0543	16	8.5010	8	8.5010
group_18247	933	28379	30.4169	200	62.8688	100	62.8688
group_18248	1440	41074	28.5236	280	57.0273	140	57.0273
group_11233	867	23296	26.8697	163	55.1386	81	54.8003
group_11566	324	7297	22.5216	52	47.0701	26	47.0701
group_18252	1011	34872	34.4926	236	68.4617	118	68.4617
group_18250	1290	38197	29.6101	257	58.4293	128	58.2019
group_18249	1344	41118	30.5938	279	60.8824	139	60.6642
group_18251	870	24391	28.0356	166	55.9598	83	55.9598
group_18253	1593	60860	38.2046	409	75.2999	204	75.1158
group_18254	156	879	5.6346	8	15.0402	4	15.0402
group_18255	480	1495	3.1146	13	7.9431	6	7.3321
group_11268	177	114	0.6441	2	3.3139	1	3.3139
group_18258	594	1173	1.9747	8	3.9499	4	3.9499
group_18257	975	2399	2.4605	16	4.8129	8	4.8129
group_18256	381	0	0.0000	0	0.0000	0	0.0000
group_4127	1209	581	0.4806	4	0.9703	2	0.9703
group_10099	189	442	2.3386	3	4.6553	1	3.1035
group_12562	312	151	0.4840	1	0.9400	0	0.0000
group_4815	1038	604	0.5819	4	1.1302	2	1.1302
group_5838	396	302	0.7626	2	1.4812	1	1.4812
group_8555	357	0	0.0000	0	0.0000	0	0.0000
group_4116	1077	0	0.0000	0	0.0000	0	0.0000
group_11135	870	962	1.1057	7	2.3597	3	2.0226
group_18259	216	0	0.0000	0	0.0000	0	0.0000
group_18260	456	15595	34.1996	107	68.8186	53	68.1755
group_18261	300	3728	12.4267	21	20.5298	10	19.5522
group_18266	579	26460	45.6995	186	94.2153	93	94.2153
group_18268	153	0	0.0000	0	0.0000	0	0.0000
group_18262	204	755	3.7010	5	7.1883	2	5.7507
group_18263	714	217235	304.2507	1448	594.7814	724	594.7816
group_18264	243	618	2.5432	4	4.8277	2	4.8277
group_18265	309	1507	4.8770	11	10.4405	5	9.4914
group_18267	492	533	1.0833	4	2.3844	2	2.3844
group_18269	174	0	0.0000	0	0.0000	0	0.0000
group_18270	354	0	0.0000	0	0.0000	0	0.0000
group_18271	519	4638	8.9364	31	17.5179	15	16.9528
group_18272	120	0	0.0000	0	0.0000	0	0.0000
group_18273	255	0	0.0000	0	0.0000	0	0.0000
group_18274	216	326	1.5093	2	2.7156	1	2.7156
group_9080	198	0	0.0000	0	0.0000	0	0.0000
group_18275	255	711	2.7882	6	6.9008	3	6.9008
group_1552	126	0	0.0000	0	0.0000	0	0.0000
group_18276	144	0	0.0000	0	0.0000	0	0.0000
group_18277	834	0	0.0000	0	0.0000	0	0.0000
group_18278	153	0	0.0000	0	0.0000	0	0.0000
group_18279	1236	302	0.2443	2	0.4746	1	0.4746
group_18280	285	0	0.0000	0	0.0000	0	0.0000
group_8708	201	288	1.4328	2	2.9182	1	2.9182
group_18281	150	0	0.0000	0	0.0000	0	0.0000
group_18282	630	302	0.4794	2	0.9311	1	0.9311
group_18283	153	0	0.0000	0	0.0000	0	0.0000
group_18284	102	0	0.0000	0	0.0000	0	0.0000
group_18288	477	0	0.0000	0	0.0000	0	0.0000
group_18287	243	0	0.0000	0	0.0000	0	0.0000
group_18286	615	1807	2.9382	12	5.7226	6	5.7226
group_18285	342	604	1.7661	4	3.4302	2	3.4302
group_18289	243	106	0.4362	2	2.4139	1	2.4139
group_18290	651	301	0.4624	2	0.9010	1	0.9010
group_18291	675	0	0.0000	0	0.0000	0	0.0000
group_18292	279	453	1.6237	3	3.1536	1	2.1024
group_18293	345	0	0.0000	0	0.0000	0	0.0000
group_18294	1602	29165	18.2054	198	36.2485	99	36.2485
group_18295	93	0	0.0000	0	0.0000	0	0.0000
group_18296	237	143	0.6034	1	1.2375	0	0.0000
group_18297	282	1365	4.8404	9	9.3601	4	8.3201
group_18298	141	0	0.0000	0	0.0000	0	0.0000
group_18299	138	0	0.0000	0	0.0000	0	0.0000
group_18300	252	0	0.0000	0	0.0000	0	0.0000
group_12295	315	202	0.6413	2	1.8621	1	1.8621
group_8360	204	0	0.0000	0	0.0000	0	0.0000
group_14270	144	0	0.0000	0	0.0000	0	0.0000
group_18301	210	0	0.0000	0	0.0000	0	0.0000
group_4771	825	0	0.0000	0	0.0000	0	0.0000
group_18302	1689	35785	21.1871	242	42.0216	121	42.0216
group_18306	132	0	0.0000	0	0.0000	0	0.0000
group_18303	342	5412	15.8246	36	30.8719	18	30.8719
group_18304	240	1165	4.8542	8	9.7761	4	9.7761
group_18305	216	0	0.0000	0	0.0000	0	0.0000
group_18307	168	0	0.0000	0	0.0000	0	0.0000
group_18308	99	0	0.0000	0	0.0000	0	0.0000
group_18309	144	0	0.0000	0	0.0000	0	0.0000
group_18310	195	0	0.0000	0	0.0000	0	0.0000
group_18311	399	0	0.0000	0	0.0000	0	0.0000
group_12090	168	0	0.0000	0	0.0000	0	0.0000
group_18312	285	2411	8.4596	16	16.4650	8	16.4650
group_6823	966	755	0.7816	5	1.5180	2	1.2144
group_3317	1125	453	0.4027	3	0.7821	1	0.5214
group_5499	1008	302	0.2996	2	0.5819	1	0.5819
group_4182	2127	422	0.1984	4	0.5515	2	0.5515
group_2009	120	404	3.3667	4	9.7761	2	9.7761
group_18313	174	0	0.0000	0	0.0000	0	0.0000
group_18314	441	3885	8.8095	27	17.9561	13	17.2911
group_2650	96	0	0.0000	0	0.0000	0	0.0000
group_18316	486	151	0.3107	1	0.6035	0	0.0000
group_18315	201	104	0.5174	2	2.9182	1	2.9182
group_18317	270	151	0.5593	1	1.0862	0	0.0000
group_18318	282	8296	29.4184	55	57.2006	27	56.1606
group_16608	192	0	0.0000	0	0.0000	0	0.0000
group_16599	150	0	0.0000	0	0.0000	0	0.0000
group_7367	213	0	0.0000	0	0.0000	0	0.0000
group_18322	798	0	0.0000	0	0.0000	0	0.0000
group_18321	318	0	0.0000	0	0.0000	0	0.0000
group_18319	546	0	0.0000	0	0.0000	0	0.0000
group_18320	114	0	0.0000	0	0.0000	0	0.0000
group_18323	360	0	0.0000	0	0.0000	0	0.0000
group_18324	369	1537	4.1653	11	8.7429	5	7.9481
group_18325	162	0	0.0000	0	0.0000	0	0.0000
group_4798	363	1619	4.4601	12	9.6953	6	9.6953
group_18326	108	0	0.0000	0	0.0000	0	0.0000
group_18327	297	302	1.0168	2	1.9750	1	1.9750
group_7036	624	0	0.0000	0	0.0000	0	0.0000
group_18328	450	1248	2.7733	9	5.8657	4	5.2139
group_18329	159	0	0.0000	0	0.0000	0	0.0000
group_18330	495	2542	5.1354	17	10.0723	8	9.4799
group_18331	165	0	0.0000	0	0.0000	0	0.0000
group_18332	159	0	0.0000	0	0.0000	0	0.0000
group_18333	129	0	0.0000	0	0.0000	0	0.0000
group_18334	501	0	0.0000	0	0.0000	0	0.0000
group_18335	132	0	0.0000	0	0.0000	0	0.0000
group_18336	231	929	4.0216	8	10.1570	4	10.1570
group_18337	552	1057	1.9149	7	3.7192	3	3.1879
group_5557	1818	0	0.0000	0	0.0000	0	0.0000
group_9721	1455	0	0.0000	0	0.0000	0	0.0000
group_18338	153	253	1.6536	2	3.8338	1	3.8338
group_18339	129	0	0.0000	0	0.0000	0	0.0000
group_18340	219	0	0.0000	0	0.0000	0	0.0000
group_18341	159	240	1.5094	2	3.6891	1	3.6891
group_6175	645	0	0.0000	0	0.0000	0	0.0000
group_6176	645	0	0.0000	0	0.0000	0	0.0000
group_18342	507	2099	4.1400	22	12.7263	11	12.7263
group_18343	174	0	0.0000	0	0.0000	0	0.0000
group_18368	405	906	2.2370	6	4.3449	3	4.3449
group_18367	996	21987	22.0753	149	43.8747	74	43.5802
group_18362	804	59183	73.6107	406	148.1007	203	148.1007
group_18358	117	0	0.0000	0	0.0000	0	0.0000
group_18359	402	302	0.7512	2	1.4591	1	1.4591
group_18351	684	13177	19.2646	88	37.7323	44	37.7323
group_18349	228	298	1.3070	2	2.5727	1	2.5727
group_18346	192	168	0.8750	2	3.0550	1	3.0550
group_18347	192	982	5.1146	7	10.6926	3	9.1651
group_18356	1185	29548	24.9350	198	49.0043	99	49.0043
group_18355	360	755	2.0972	5	4.0734	2	3.2587
group_18348	306	886	2.8954	6	5.7506	3	5.7507
group_18370	870	95704	110.0046	659	222.1535	329	221.8165
group_18360	402	600	1.4925	4	2.9182	2	2.9182
group_18353	339	19156	56.5074	128	110.7382	64	110.7382
group_18357	348	3041	8.7385	21	17.6981	10	16.8554
group_18364	624	0	0.0000	0	0.0000	0	0.0000
group_18363	261	0	0.0000	0	0.0000	0	0.0000
group_18365	261	0	0.0000	0	0.0000	0	0.0000
group_18354	264	0	0.0000	0	0.0000	0	0.0000
group_18361	213	0	0.0000	0	0.0000	0	0.0000
group_18366	225	0	0.0000	0	0.0000	0	0.0000
group_18352	162	0	0.0000	0	0.0000	0	0.0000
group_18344	231	0	0.0000	0	0.0000	0	0.0000
group_18345	303	4461	14.7228	30	29.0379	15	29.0379
group_18371	201	14667	72.9701	125	182.3900	62	180.9309
group_18350	951	28657	30.1335	206	63.5292	103	63.5293
group_18372	210	0	0.0000	0	0.0000	0	0.0000
group_9687	345	0	0.0000	0	0.0000	0	0.0000
group_258	138	0	0.0000	0	0.0000	0	0.0000
group_3851	435	1042	2.3954	7	4.7195	3	4.0453
group_18376	537	1713	3.1899	13	7.1000	6	6.5538
group_5468	402	18212	45.3035	128	93.3837	64	93.3837
group_13740	300	453	1.5100	3	2.9328	1	1.9552
group_4579	417	9665	23.1775	64	45.0123	32	45.0123
group_2211	114	0	0.0000	0	0.0000	0	0.0000
group_18377	276	1172	4.2464	8	8.5010	4	8.5010
group_18055	429	17996	41.9487	121	82.7209	60	82.0373
group_18053	210	0	0.0000	0	0.0000	0	0.0000
group_18057	330	122	0.3697	2	1.7775	1	1.7775
group_18058	129	0	0.0000	0	0.0000	0	0.0000
group_18048	432	26409	61.1319	180	122.2013	90	122.2013
group_18050	813	14426	17.7442	97	34.9920	48	34.6312
group_18051	366	22429	61.2814	159	127.4099	79	126.6086
group_18054	363	0	0.0000	0	0.0000	0	0.0000
group_18052	894	12422	13.8949	83	27.2287	41	26.9007
group_18393	1686	40824	24.2135	275	47.8368	137	47.6629
group_18394	852	21087	24.7500	140	48.1921	70	48.1921
group_18388	270	0	0.0000	0	0.0000	0	0.0000
group_18379	300	539	1.7967	4	3.9104	2	3.9104
group_18396	444	6189	13.9392	41	27.0824	20	26.4219
group_18380	408	33529	82.1789	239	171.8006	119	171.0819
group_18390	1668	92595	55.5126	632	111.1240	316	111.1241
group_18397	258	0	0.0000	0	0.0000	0	0.0000
group_18389	615	302	0.4911	2	0.9538	1	0.9538
group_18381	1074	24647	22.9488	168	45.8767	84	45.8767
group_18382	402	14325	35.6343	103	75.1447	51	74.4151
group_18395	885	2360	2.6667	16	5.3023	8	5.3023
group_18383	306	0	0.0000	0	0.0000	0	0.0000
group_18378	132	0	0.0000	0	0.0000	0	0.0000
group_18387	141	323	2.2908	4	8.3201	2	8.3201
group_18385	345	0	0.0000	0	0.0000	0	0.0000
group_18386	138	0	0.0000	0	0.0000	0	0.0000
group_18384	93	172	1.8495	2	6.3072	1	6.3072
group_18391	165	0	0.0000	0	0.0000	0	0.0000
group_18392	150	0	0.0000	0	0.0000	0	0.0000
group_18398	114	0	0.0000	0	0.0000	0	0.0000
group_18399	423	993	2.3475	7	4.8534	3	4.1600
group_4850	963	0	0.0000	0	0.0000	0	0.0000
group_18400	288	0	0.0000	0	0.0000	0	0.0000
group_18401	195	0	0.0000	0	0.0000	0	0.0000
group_18402	105	0	0.0000	0	0.0000	0	0.0000
group_18403	4773	302	0.0633	2	0.1229	1	0.1229
group_16252	2340	2153	0.9201	14	1.7547	7	1.7547
group_16267	225	0	0.0000	0	0.0000	0	0.0000
group_16268	495	1894	3.8263	14	8.2949	7	8.2949
group_16277	291	0	0.0000	0	0.0000	0	0.0000
group_16258	204	1057	5.1814	7	10.0636	3	8.6260
group_16270	291	0	0.0000	0	0.0000	0	0.0000
group_16254	480	578	1.2042	4	2.4440	2	2.4440
group_16271	330	0	0.0000	0	0.0000	0	0.0000
group_16272	855	0	0.0000	0	0.0000	0	0.0000
group_16269	849	453	0.5336	3	1.0363	1	0.6909
group_16273	708	1225	1.7302	9	3.7282	4	3.3139
group_16274	297	0	0.0000	0	0.0000	0	0.0000
group_16262	2796	0	0.0000	0	0.0000	0	0.0000
group_16275	156	0	0.0000	0	0.0000	0	0.0000
group_18404	213	0	0.0000	0	0.0000	0	0.0000
group_18405	213	520	2.4413	4	5.5077	2	5.5077
group_18406	285	0	0.0000	0	0.0000	0	0.0000
group_18407	759	309	0.4071	3	1.1592	1	0.7728
group_2213	114	0	0.0000	0	0.0000	0	0.0000
group_18408	231	4487	19.4242	37	46.9761	18	45.7065
group_2945	456	604	1.3246	4	2.5727	2	2.5727
group_13712	813	2184	2.6863	15	5.4111	7	5.0504
group_18409	1188	2924	2.4613	20	4.9374	10	4.9374
group_18410	186	282	1.5161	2	3.1536	1	3.1536
group_13853	513	5152	10.0429	38	21.7247	19	21.7247
group_18411	198	1354	6.8384	11	16.2935	5	14.8123
group_18412	138	0	0.0000	0	0.0000	0	0.0000
group_18415	288	0	0.0000	0	0.0000	0	0.0000
group_18414	390	0	0.0000	0	0.0000	0	0.0000
group_18413	369	0	0.0000	0	0.0000	0	0.0000
group_18416	237	745	3.1435	6	7.4249	3	7.4249
group_18417	240	235	0.9792	2	2.4440	1	2.4440
pglX	2226	4368	1.9623	30	3.9526	15	3.9526
group_18418	687	149	0.2169	1	0.4269	0	0.0000
group_241	6564	9400	1.4321	64	2.8596	32	2.8596
group_544	135	0	0.0000	0	0.0000	0	0.0000
group_18419	213	7800	36.6197	57	78.4842	28	77.1073
group_18420	654	1812	2.7706	12	5.3813	6	5.3813
group_18423	558	715	1.2814	5	2.6280	2	2.1024
group_18422	387	370	0.9561	3	2.2735	1	1.5157
group_18421	630	522	0.8286	4	1.8621	2	1.8621
group_18424	243	323	1.3292	2	2.4139	1	2.4139
group_6049	648	659	1.0170	5	2.2630	2	1.8104
group_18425	324	828	2.5556	6	5.4312	3	5.4312
group_18426	240	0	0.0000	0	0.0000	0	0.0000
group_2368	108	0	0.0000	0	0.0000	0	0.0000
group_18427	408	4911	12.0368	33	23.7214	16	23.0026
group_18428	3198	4497	1.4062	32	2.9347	16	2.9347
group_14999	210	0	0.0000	0	0.0000	0	0.0000
group_18429	228	0	0.0000	0	0.0000	0	0.0000
group_13428	303	418	1.3795	3	2.9038	1	1.9359
group_18430	681	551	0.8091	4	1.7227	2	1.7227
group_18431	174	0	0.0000	0	0.0000	0	0.0000
group_10102	189	210	1.1111	2	3.1035	1	3.1035
group_14436	801	604	0.7541	4	1.4646	2	1.4646
group_11607	1362	2386	1.7518	16	3.4453	8	3.4453
group_1589	486	2843	5.8498	19	11.4658	9	10.8623
group_13408	153	711	4.6471	6	11.5013	3	11.5013
group_6461	222	0	0.0000	0	0.0000	0	0.0000
group_18432	948	1959	2.0665	14	4.3312	7	4.3312
group_18433	171	151	0.8830	1	1.7151	0	0.0000
group_18434	115	0	0.0000	0	0.0000	0	0.0000
group_18435	135	333	2.4667	4	8.6899	2	8.6899
group_18436	192	1774	9.2396	13	19.8577	6	18.3302
group_18437	171	0	0.0000	0	0.0000	0	0.0000
group_18438	258	0	0.0000	0	0.0000	0	0.0000
group_18439	171	486	2.8421	4	6.8604	2	6.8604
group_5348	1014	1163	1.1469	8	2.3139	4	2.3139
group_18440	162	0	0.0000	0	0.0000	0	0.0000
group_16882	6321	22618	3.5782	109	5.0574	54	5.0110
group_18441	1146	3412	2.9773	23	5.8861	11	5.6302
group_5092	408	486	1.1912	4	2.8753	2	2.8753
group_18442	229	0	0.0000	0	0.0000	0	0.0000
group_18443	681	541	0.7944	4	1.7227	2	1.7227
group_18444	300	298	0.9933	2	1.9552	1	1.9552
group_15582	720	302	0.4194	2	0.8147	1	0.8147
group_15586	651	653	1.0031	5	2.2526	2	1.8020
group_18445	177	250	1.4124	2	3.3139	1	3.3139
group_18446	2346	1057	0.4506	7	0.8751	3	0.7501
group_18447	2253	1554	0.6897	12	1.5621	6	1.5621
group_18448	726	526	0.7245	4	1.6159	2	1.6159
group_4538	1050	4944	4.7086	35	9.7761	17	9.4968
group_18449	205	7971	38.8829	56	80.1164	28	80.1164
group_17291	3801	4220	1.1102	29	2.2376	14	2.1605
group_18451	378	367	0.9709	3	2.3276	1	1.5518
group_18450	372	453	1.2177	3	2.3652	1	1.5768
group_8465	924	2846	3.0801	16	5.0785	8	5.0785
group_3108	453	6202	13.6909	46	29.7815	23	29.7815
group_18452	135	243	1.8000	2	4.3449	1	4.3449
group_18453	960	10199	10.6240	71	21.6907	35	21.3852
group_18454	372	4850	13.0376	33	26.0170	16	25.2287
group_18455	159	0	0.0000	0	0.0000	0	0.0000
group_18456	219	2329	10.6347	17	22.7663	8	21.4271
group_18457	1083	302	0.2789	2	0.5416	1	0.5416
group_18458	513	0	0.0000	0	0.0000	0	0.0000
group_18460	174	218	1.2529	2	3.3711	1	3.3711
group_5141	1659	40065	24.1501	268	47.3779	134	47.3779
group_6063	393	0	0.0000	0	0.0000	0	0.0000
group_18461	288	1966	6.8264	14	14.2568	7	14.2568
group_18462	189	2365	12.5132	17	26.3800	8	24.8282
group_18463	1149	52062	45.3107	346	88.3168	173	88.3168
group_18464	204	2439	11.9559	20	28.7532	10	28.7533
group_18466	357	2005	5.6162	14	11.5013	7	11.5013
group_12094	168	0	0.0000	0	0.0000	0	0.0000
group_18467	849	14123	16.6349	98	33.8536	49	33.8537
group_18468	153	0	0.0000	0	0.0000	0	0.0000
group_18471	201	0	0.0000	0	0.0000	0	0.0000
group_18470	858	1057	1.2319	7	2.3928	3	2.0509
group_18473	180	0	0.0000	0	0.0000	0	0.0000
group_13150	156	368	2.3590	4	7.5201	2	7.5201
group_8027	207	274	1.3237	2	2.8337	1	2.8337
group_9423	348	13875	39.8707	95	80.0629	47	79.2202
group_18475	510	9320	18.2745	64	36.8042	32	36.8042
group_18476	348	1661	4.7730	11	9.2704	5	8.4277
group_18477	252	530	2.1032	4	4.6553	2	4.6553
group_18479	189	393	2.0794	3	4.6553	1	3.1035
group_18480	1449	5521	3.8102	38	7.6913	19	7.6913
group_5234	1269	162680	128.1954	1087	251.2204	543	250.9894
group_10437	186	0	0.0000	0	0.0000	0	0.0000
group_3134	264	0	0.0000	0	0.0000	0	0.0000
group_18483	144	0	0.0000	0	0.0000	0	0.0000
group_18485	474	604	1.2743	4	2.4750	2	2.4750
group_18486	447	0	0.0000	0	0.0000	0	0.0000
group_18487	204	378	1.8529	3	4.3130	1	2.8753
group_18488	819	8487	10.3626	57	20.4116	28	20.0536
group_18489	1164	16848	14.4742	114	28.7236	57	28.7236
group_5329	234	151	0.6453	1	1.2533	0	0.0000
group_5255	1089	7536	6.9201	50	13.4657	25	13.4657
group_18490	2643	37110	14.0409	250	27.7415	125	27.7415
group_18491	330	2629	7.9667	18	15.9973	9	15.9973
group_18492	135	0	0.0000	0	0.0000	0	0.0000
group_12995	528	0	0.0000	0	0.0000	0	0.0000
group_18493	222	0	0.0000	0	0.0000	0	0.0000
group_17757	159	0	0.0000	0	0.0000	0	0.0000
group_17756	225	461	2.0489	4	5.2139	2	5.2139
group_13433	303	0	0.0000	0	0.0000	0	0.0000
group_18495	174	238	1.3678	2	3.3711	1	3.3711
group_4249	2100	25560	12.1714	170	23.7420	85	23.7420
group_14051	510	0	0.0000	0	0.0000	0	0.0000
group_2924	1143	56082	49.0656	377	96.7347	188	96.4781
group_18496	633	1812	2.8626	12	5.5599	6	5.5599
group_18497	246	0	0.0000	0	0.0000	0	0.0000
group_14524	294	151	0.5136	1	0.9976	0	0.0000
group_6260	390	0	0.0000	0	0.0000	0	0.0000
group_6261	390	0	0.0000	0	0.0000	0	0.0000
group_5907	651	0	0.0000	0	0.0000	0	0.0000
group_6732	969	0	0.0000	0	0.0000	0	0.0000
group_18498	222	154	0.6937	2	2.6422	1	2.6422
group_4812	240	0	0.0000	0	0.0000	0	0.0000
group_18499	168	147	0.8750	1	1.7457	0	0.0000
group_18500	198	0	0.0000	0	0.0000	0	0.0000
mET2	711	21930	30.8439	148	61.0491	74	61.0491
group_7634	612	151	0.2467	1	0.4792	0	0.0000
wD40	4158	518	0.1246	4	0.2821	2	0.2821
group_4183	2127	9946	4.6761	64	8.8247	32	8.8247
group_10345	339	24541	72.3923	167	144.4787	83	143.6136
group_18504	138	0	0.0000	0	0.0000	0	0.0000
group_18508	1149	0	0.0000	0	0.0000	0	0.0000
group_18507	690	0	0.0000	0	0.0000	0	0.0000
group_18505	153	0	0.0000	0	0.0000	0	0.0000
group_18506	225	0	0.0000	0	0.0000	0	0.0000
group_18509	144	166	1.1528	2	4.0734	1	4.0734
group_18510	138	0	0.0000	0	0.0000	0	0.0000
group_18511	1146	562	0.4904	4	1.0237	2	1.0237
group_18512	486	0	0.0000	0	0.0000	0	0.0000
group_16699	363	2318	6.3857	17	13.7350	8	12.9271
group_16683	1194	31298	26.2127	211	51.8281	105	51.5825
group_18513	93	0	0.0000	0	0.0000	0	0.0000
group_8371	204	0	0.0000	0	0.0000	0	0.0000
group_18522	156	0	0.0000	0	0.0000	0	0.0000
group_18514	267	0	0.0000	0	0.0000	0	0.0000
group_18521	372	0	0.0000	0	0.0000	0	0.0000
group_18516	813	570	0.7011	4	1.4430	2	1.4430
group_18520	2121	1381	0.6511	9	1.2445	4	1.1062
group_18517	321	0	0.0000	0	0.0000	0	0.0000
group_18515	570	383	0.6719	3	1.5436	1	1.0291
group_18518	225	0	0.0000	0	0.0000	0	0.0000
group_18519	249	0	0.0000	0	0.0000	0	0.0000
group_18523	414	294	0.7101	2	1.4168	1	1.4168
group_18524	237	2243	9.4641	16	19.7997	8	19.7997
group_18525	312	399	1.2788	3	2.8200	1	1.8800
group_835	288	0	0.0000	0	0.0000	0	0.0000
group_18526	156	0	0.0000	0	0.0000	0	0.0000
group_18529	297	0	0.0000	0	0.0000	0	0.0000
group_18528	1215	0	0.0000	0	0.0000	0	0.0000
group_18527	333	0	0.0000	0	0.0000	0	0.0000
group_18532	108	0	0.0000	0	0.0000	0	0.0000
group_18530	144	0	0.0000	0	0.0000	0	0.0000
group_18531	306	0	0.0000	0	0.0000	0	0.0000
group_18533	408	151	0.3701	1	0.7188	0	0.0000
group_18534	460	25026	54.4043	179	114.1254	89	113.4878
group_5078	237	151	0.6371	1	1.2375	0	0.0000
group_18535	573	1784	3.1134	14	7.1657	7	7.1657
group_18536	258	636	2.4651	5	5.6838	2	4.5470
group_18537	213	2007	9.4225	14	19.2768	7	19.2768
group_18538	240	166	0.6917	2	2.4440	1	2.4440
group_18539	837	0	0.0000	0	0.0000	0	0.0000
group_3597	720	0	0.0000	0	0.0000	0	0.0000
group_18540	435	293	0.6736	2	1.3484	1	1.3484
group_18541	540	0	0.0000	0	0.0000	0	0.0000
group_18542	264	0	0.0000	0	0.0000	0	0.0000
group_18543	594	25065	42.1970	174	85.9112	87	85.9112
group_18544	129	70	0.5426	1	2.2735	0	0.0000
group_18545	459	1592	3.4684	11	7.0286	5	6.3896
group_18546	252	502	1.9921	4	4.6553	2	4.6553
group_18547	207	281	1.3575	3	4.2505	1	2.8337
group_2760	90	0	0.0000	0	0.0000	0	0.0000
group_18548	1023	0	0.0000	0	0.0000	0	0.0000
group_18549	675	0	0.0000	0	0.0000	0	0.0000
group_18550	312	0	0.0000	0	0.0000	0	0.0000
group_18551	375	3949	10.5307	27	21.1164	13	20.3343
group_18552	1266	427	0.3373	3	0.6950	1	0.4633
group_18554	264	0	0.0000	0	0.0000	0	0.0000
group_18553	279	0	0.0000	0	0.0000	0	0.0000
group_11272	177	0	0.0000	0	0.0000	0	0.0000
group_18555	153	0	0.0000	0	0.0000	0	0.0000
group_18556	2724	17105	6.2794	113	12.1663	56	12.0586
group_18557	219	4961	22.6530	37	49.5501	18	48.2109
group_18558	936	0	0.0000	0	0.0000	0	0.0000
group_18559	108	0	0.0000	0	0.0000	0	0.0000
group_18560	102	386	3.7843	6	17.2519	3	17.2520
group_18561	217	8160	37.6037	61	82.4436	30	81.0921
group_18562	171	5354	31.3099	36	61.7438	18	61.7438
group_18563	147	1081	7.3537	10	19.9512	5	19.9512
group_18564	234	527	2.2521	4	5.0134	2	5.0134
group_18565	273	0	0.0000	0	0.0000	0	0.0000
group_13476	519	6687	12.8844	46	25.9943	23	25.9943
group_18566	99	0	0.0000	0	0.0000	0	0.0000
group_18567	192	234	1.2188	2	3.0550	1	3.0550
group_5282	405	2549	6.2938	18	13.0348	9	13.0348
group_11027	180	0	0.0000	0	0.0000	0	0.0000
group_18568	225	1364	6.0622	10	13.0348	5	13.0348
group_18569	126	0	0.0000	0	0.0000	0	0.0000
group_18571	279	775	2.7778	6	6.3072	3	6.3072
group_18570	1197	4621	3.8605	32	7.8405	16	7.8405
group_18572	186	302	1.6237	2	3.1536	1	3.1536
group_18573	918	3412	3.7168	21	6.7091	10	6.3896
group_18574	399	1285	3.2206	9	6.6154	4	5.8804
group_18575	156	0	0.0000	0	0.0000	0	0.0000
group_9428	348	0	0.0000	0	0.0000	0	0.0000
group_14924	198	0	0.0000	0	0.0000	0	0.0000
group_1848	3519	0	0.0000	0	0.0000	0	0.0000
group_18576	198	0	0.0000	0	0.0000	0	0.0000
group_18577	189	211	1.1164	2	3.1035	1	3.1035
group_7661	210	225	1.0714	2	2.7932	1	2.7932
group_18578	174	261	1.5000	2	3.3711	1	3.3711
group_18579	666	453	0.6802	3	1.3211	1	0.8807
group_18581	2025	0	0.0000	0	0.0000	0	0.0000
group_18582	852	0	0.0000	0	0.0000	0	0.0000
group_18580	255	0	0.0000	0	0.0000	0	0.0000
group_18583	1305	295	0.2261	2	0.4495	1	0.4495
group_5847	396	0	0.0000	0	0.0000	0	0.0000
group_18584	960	1181	1.2302	8	2.4440	4	2.4440
group_18585	375	0	0.0000	0	0.0000	0	0.0000
group_11273	177	0	0.0000	0	0.0000	0	0.0000
group_18586	153	0	0.0000	0	0.0000	0	0.0000
group_18587	354	6735	19.0254	50	41.4242	25	41.4242
group_18588	192	99	0.5156	1	1.5275	0	0.0000
group_18589	978	755	0.7720	5	1.4994	2	1.1995
group_18590	192	0	0.0000	0	0.0000	0	0.0000
group_18591	108	166	1.5370	2	5.4312	1	5.4312
group_18592	165	149	0.9030	1	1.7775	0	0.0000
group_18593	453	146	0.3223	1	0.6474	0	0.0000
group_18594	195	755	3.8718	5	7.5201	2	6.0161
group_18595	201	0	0.0000	0	0.0000	0	0.0000
group_18596	1110	0	0.0000	0	0.0000	0	0.0000
group_15108	606	151	0.2492	1	0.4840	0	0.0000
group_15104	813	2496	3.0701	17	6.1326	8	5.7719
group_15109	1851	2417	1.3058	16	2.5351	8	2.5351
group_15115	300	0	0.0000	0	0.0000	0	0.0000
group_15111	981	0	0.0000	0	0.0000	0	0.0000
group_15102	609	0	0.0000	0	0.0000	0	0.0000
group_15113	1779	0	0.0000	0	0.0000	0	0.0000
group_18597	204	0	0.0000	0	0.0000	0	0.0000
group_2122	117	0	0.0000	0	0.0000	0	0.0000
group_18598	243	544	2.2387	4	4.8277	2	4.8277
group_18599	669	0	0.0000	0	0.0000	0	0.0000
group_18601	120	266	2.2167	3	7.3321	1	4.8881
group_18600	324	12337	38.0772	83	75.1312	41	74.2260
group_18602	375	1236	3.2960	9	7.0388	4	6.2567
group_7039	624	0	0.0000	0	0.0000	0	0.0000
group_18603	696	0	0.0000	0	0.0000	0	0.0000
group_18605	240	0	0.0000	0	0.0000	0	0.0000
group_18604	840	0	0.0000	0	0.0000	0	0.0000
group_18607	771	0	0.0000	0	0.0000	0	0.0000
group_18606	675	0	0.0000	0	0.0000	0	0.0000
group_18608	1272	0	0.0000	0	0.0000	0	0.0000
group_18609	228	0	0.0000	0	0.0000	0	0.0000
group_8083	603	0	0.0000	0	0.0000	0	0.0000
group_2349	471	0	0.0000	0	0.0000	0	0.0000
group_4087	492	0	0.0000	0	0.0000	0	0.0000
group_18610	132	0	0.0000	0	0.0000	0	0.0000
group_18611	441	0	0.0000	0	0.0000	0	0.0000
group_18616	1131	0	0.0000	0	0.0000	0	0.0000
group_18614	336	0	0.0000	0	0.0000	0	0.0000
group_18612	354	0	0.0000	0	0.0000	0	0.0000
group_18613	306	0	0.0000	0	0.0000	0	0.0000
group_18615	174	0	0.0000	0	0.0000	0	0.0000
group_18617	684	0	0.0000	0	0.0000	0	0.0000
group_18618	264	0	0.0000	0	0.0000	0	0.0000
group_18619	1722	0	0.0000	0	0.0000	0	0.0000
group_18620	1869	10899	5.8315	73	11.4551	36	11.2982
group_18621	159	0	0.0000	0	0.0000	0	0.0000
group_18622	1164	0	0.0000	0	0.0000	0	0.0000
group_2526	273	0	0.0000	0	0.0000	0	0.0000
group_2043	1191	4213	3.5374	29	7.1412	14	6.8950
group_4585	417	0	0.0000	0	0.0000	0	0.0000
group_5088	237	0	0.0000	0	0.0000	0	0.0000
group_12627	162	0	0.0000	0	0.0000	0	0.0000
group_11828	171	470	2.7485	4	6.8604	2	6.8604
group_18623	294	0	0.0000	0	0.0000	0	0.0000
group_18624	138	0	0.0000	0	0.0000	0	0.0000
group_18625	207	0	0.0000	0	0.0000	0	0.0000
group_18626	1197	0	0.0000	0	0.0000	0	0.0000
group_12433	537	41249	76.8138	283	154.5607	141	154.0146
group_13752	300	0	0.0000	0	0.0000	0	0.0000
group_18628	1671	0	0.0000	0	0.0000	0	0.0000
group_18629	915	0	0.0000	0	0.0000	0	0.0000
group_18627	855	0	0.0000	0	0.0000	0	0.0000
group_12626	162	141	0.8704	1	1.8104	0	0.0000
group_7662	210	302	1.4381	2	2.7932	1	2.7932
group_14139	297	0	0.0000	0	0.0000	0	0.0000
group_6501	978	0	0.0000	0	0.0000	0	0.0000
group_2821	1152	0	0.0000	0	0.0000	0	0.0000
group_2978	4359	3392	0.7782	23	1.5475	11	1.4802
group_16592	747	892	1.1941	6	2.3557	3	2.3557
group_18630	597	0	0.0000	0	0.0000	0	0.0000
group_18631	171	196	1.1462	2	3.4302	1	3.4302
group_18632	477	151	0.3166	1	0.6148	0	0.0000
group_3857	435	786	1.8069	6	4.0453	3	4.0453
group_18633	171	0	0.0000	0	0.0000	0	0.0000
group_8671	921	755	0.8198	5	1.5922	2	1.2738
group_18634	105	230	2.1905	4	11.1727	2	11.1727
group_18635	432	0	0.0000	0	0.0000	0	0.0000
group_18636	477	2392	5.0147	18	11.0673	9	11.0673
group_11547	552	12191	22.0851	87	46.2240	43	45.6927
group_17611	204	0	0.0000	0	0.0000	0	0.0000
group_17612	2892	2615	0.9042	14	1.4198	7	1.4198
group_17613	150	407	2.7133	4	7.8209	2	7.8209
group_17609	123	297	2.4146	4	9.5377	2	9.5377
group_18640	1854	57298	30.9051	390	61.6939	195	61.6939
group_18641	1428	121684	85.2129	822	168.8226	411	168.8227
group_18642	786	85782	109.1374	591	220.5220	295	220.1489
group_18645	432	438	1.0139	3	2.0367	1	1.3578
group_18644	570	453	0.7947	3	1.5436	1	1.0291
group_18646	1128	41383	36.6871	281	73.0608	140	72.8008
group_18650	177	743	4.1977	8	13.2557	4	13.2557
group_18651	1494	22640	15.1539	151	29.6424	75	29.4461
group_18652	2199	190210	86.4984	1283	171.1151	641	170.9818
group_18653	936	71133	75.9968	486	152.2816	243	152.2816
group_18647	1128	86110	76.3387	592	153.9216	296	153.9217
group_18648	1227	99806	81.3415	691	165.1659	345	164.9270
group_18649	2882	211046	73.2290	1420	144.5045	710	144.5045
group_18654	384	302	0.7865	2	1.5275	1	1.5275
group_18655	1068	82890	77.6124	551	151.3099	275	151.0353
group_18656	2136	67034	31.3830	447	61.3753	223	61.2380
group_6472	1722	2247	1.3049	15	2.5547	7	2.3844
moeA	1221	6848	5.6085	49	11.7698	24	11.5296
group_6474	144	228	1.5833	2	4.0734	1	4.0734
group_6475	405	604	1.4914	4	2.8966	2	2.8966
group_18657	738	1776	2.4065	12	4.7688	6	4.7688
group_18658	852	1492	1.7512	10	3.4423	5	3.4423
group_18659	579	28251	48.7927	202	102.3198	101	102.3199
group_18661	507	30635	60.4241	206	119.1643	103	119.1644
group_18662	672	56543	84.1414	383	167.1539	191	166.7175
group_18660	471	3885	8.2484	27	16.8124	13	16.1897
group_18665	564	0	0.0000	0	0.0000	0	0.0000
group_18666	225	1023	4.5467	7	9.1244	3	7.8209
group_18667	105	0	0.0000	0	0.0000	0	0.0000
group_18668	225	383	1.7022	3	3.9104	1	2.6070
group_18669	339	151	0.4454	1	0.8651	0	0.0000
group_18670	906	89210	98.4658	615	199.0829	307	198.7592
group_18671	519	51814	99.8343	358	202.3032	179	202.3032
group_18663	417	19934	47.8034	133	93.5411	66	92.8378
group_18664	639	2188	3.4241	15	6.8846	7	6.4256
group_18673	408	25335	62.0956	182	130.8273	91	130.8273
group_18674	270	17718	65.6222	127	137.9517	63	136.8655
group_18675	465	21507	46.2516	150	94.6074	75	94.6075
group_18672	678	58499	86.2817	401	173.4609	200	173.0284
group_18676	657	59026	89.8417	410	183.0229	205	183.0230
group_18686	741	0	0.0000	0	0.0000	0	0.0000
group_18687	2304	2470	1.0720	16	2.0367	8	2.0367
group_18688	765	26381	34.4850	177	67.8577	88	67.4743
group_18689	327	12894	39.4312	89	79.8232	44	78.9264
group_18690	735	9258	12.5959	67	26.7346	33	26.3356
group_6789	219	2121	9.6849	16	21.4271	8	21.4271
group_6566	813	42447	52.2103	293	105.6973	146	105.3366
group_18691	1011	22044	21.8042	151	43.8039	75	43.5138
group_6616	729	17836	24.4664	121	48.6794	60	48.2771
group_13136	525	14116	26.8876	94	52.5116	47	52.5117
group_18692	456	19152	42.0000	130	83.6114	65	83.6114
group_18693	774	5501	7.1072	36	13.6411	18	13.6411
group_18694	468	13196	28.1966	93	58.2806	46	57.6540
group_18695	654	48723	74.5000	333	149.3322	166	148.8838
group_18696	1401	27353	19.5239	182	38.0996	91	38.0996
group_18699	1101	53821	48.8837	363	96.6955	181	96.4292
group_18700	2154	63730	29.5868	435	59.2285	217	59.0923
group_18701	303	8781	28.9802	64	61.9476	32	61.9476
group_18702	540	14283	26.4500	97	52.6823	48	52.1392
group_18703	183	7657	41.8415	62	99.3637	31	99.3637
group_18704	2226	66062	29.6774	439	57.8397	219	57.7080
group_18705	1446	436	0.3015	3	0.6085	1	0.4056
group_18706	747	15719	21.0428	110	43.1876	55	43.1876
group_18707	1491	49991	33.5285	347	68.2557	173	68.0590
group_18708	1593	4989	3.1318	40	7.3643	20	7.3643
group_18709	1041	82353	79.1095	571	160.8690	285	160.5873
group_18710	915	7232	7.9038	53	16.9880	26	16.6675
group_18711	633	43690	69.0205	300	138.9967	150	138.9968
group_18712	147	0	0.0000	0	0.0000	0	0.0000
group_18713	357	755	2.1148	5	4.1076	2	3.2861
group_18714	261	453	1.7356	3	3.3711	1	2.2474
group_18715	132	621	4.7045	7	15.5529	3	13.3311
group_18716	408	14429	35.3652	99	71.1643	49	70.4455
group_18717	336	19093	56.8244	137	119.5827	68	118.7099
group_18718	225	11454	50.9067	91	118.6167	45	117.3133
group_18697	297	10471	35.2559	76	75.0489	38	75.0489
group_18698	165	0	0.0000	0	0.0000	0	0.0000
group_18719	285	4372	15.3404	37	38.0753	18	37.0463
group_18720	1011	14685	14.5252	100	29.0092	50	29.0092
group_18721	1356	116922	86.2257	789	170.6492	394	170.4330
group_18722	201	0	0.0000	0	0.0000	0	0.0000
group_18723	939	41917	44.6400	285	89.0156	142	88.7033
group_18724	783	45400	57.9821	308	115.3655	154	115.3655
group_18725	1035	87759	84.7913	605	171.4360	302	171.1527
group_18726	2253	13218	5.8668	94	12.2364	47	12.2364
group_18727	318	20695	65.0786	147	135.5743	73	134.6520
group_18738	351	1278	3.6410	9	7.5201	4	6.6845
group_18737	465	3547	7.6280	24	15.1372	12	15.1372
group_18728	702	5003	7.1268	44	18.3824	22	18.3824
group_18729	1137	85661	75.3395	574	148.0602	287	148.0603
group_18730	2319	244583	105.4692	1629	206.0190	814	205.8926
group_18731	792	1153	1.4558	8	2.9625	4	2.9625
group_18732	2430	55264	22.7424	362	43.6907	181	43.6907
group_18733	492	22683	46.1037	156	92.9922	78	92.9922
group_18734	2214	301168	136.0289	2016	267.0545	1008	267.0546
group_18735	1407	38529	27.3838	258	53.7790	129	53.7790
group_18736	795	37864	47.6277	252	92.9652	126	92.9652
group_6682	288	151	0.5243	1	1.0183	0	0.0000
group_6683	210	0	0.0000	0	0.0000	0	0.0000
group_6685	2967	5520	1.8605	37	3.6574	18	3.5585
group_6686	297	148	0.4983	1	0.9875	0	0.0000
group_6687	390	0	0.0000	0	0.0000	0	0.0000
group_6688	231	0	0.0000	0	0.0000	0	0.0000
group_18739	90	0	0.0000	0	0.0000	0	0.0000
group_18740	201	0	0.0000	0	0.0000	0	0.0000
group_18741	3531	26821	7.5959	156	12.9573	78	12.9573
group_18742	546	7084	12.9744	48	25.7831	24	25.7831
group_18743	306	1906	6.2288	15	14.3766	7	13.4182
group_18744	348	13704	39.3793	97	81.7484	48	80.9057
group_18745	627	24070	38.3892	167	78.1153	83	77.6475
group_18746	207	7651	36.9614	60	85.0096	30	85.0096
group_18747	900	51021	56.6900	353	115.0321	176	114.7063
group_18748	399	1855	4.6491	13	9.5556	6	8.8205
group_18749	255	4019	15.7608	27	31.0535	13	29.9034
group_18750	657	894	1.3607	6	2.6784	3	2.6784
group_18751	420	21438	51.0429	153	106.8388	76	106.1406
group_6697	426	488	1.1455	4	2.7538	2	2.7538
group_18752	348	302	0.8678	2	1.6855	1	1.6855
group_18753	321	1656	5.1589	12	10.9639	6	10.9639
group_18754	618	35519	57.4741	244	115.7946	122	115.7947
group_18755	933	8304	8.9003	58	18.2320	29	18.2320
group_18756	219	953	4.3516	8	10.7135	4	10.7135
group_18757	1122	14576	12.9911	101	26.4007	50	26.1393
group_18758	339	3645	10.7522	28	24.2240	14	24.2240
group_18759	1416	17094	12.0720	118	24.4403	59	24.4403
group_18778	1173	0	0.0000	0	0.0000	0	0.0000
group_18760	924	0	0.0000	0	0.0000	0	0.0000
group_18762	2667	604	0.2265	4	0.4399	2	0.4399
group_18763	183	0	0.0000	0	0.0000	0	0.0000
group_18764	1002	4651	4.6417	32	9.3663	16	9.3663
group_18765	2244	28646	12.7656	196	25.6165	98	25.6165
group_18766	792	4218	5.3258	29	10.7389	14	10.3686
group_18767	357	516	1.4454	4	3.2861	2	3.2861
group_18761	156	264	1.6923	2	3.7600	1	3.7600
group_18777	468	1030	2.2009	7	4.3867	3	3.7600
group_18768	996	3630	3.6446	26	7.6560	13	7.6560
group_18769	555	21051	37.9297	140	73.9813	70	73.9813
group_18770	624	26245	42.0593	184	86.4809	92	86.4809
group_18771	1164	112418	96.5790	762	191.9946	381	191.9947
group_18772	252	4056	16.0952	30	34.9147	15	34.9147
group_18773	1011	99235	98.1553	668	193.7815	334	193.7816
group_18774	1113	59987	53.8967	405	106.7203	202	106.4568
group_18775	147	0	0.0000	0	0.0000	0	0.0000
group_18776	261	302	1.1571	2	2.2474	1	2.2474
group_18779	603	12689	21.0431	87	42.3145	43	41.8281
group_18780	1032	13941	13.5087	96	27.2821	48	27.2822
group_18784	864	22967	26.5822	153	51.9355	76	51.5961
group_18782	294	1201	4.0850	8	7.9805	4	7.9805
group_18781	984	8079	8.2104	57	16.9890	28	16.6909
group_18783	219	259	1.1826	3	4.0176	1	2.6784
group_18785	420	3988	9.4952	28	19.5522	14	19.5522
group_18787	417	1741	4.1751	11	7.7365	5	7.0332
group_18786	3189	9010	2.8253	55	5.0582	27	4.9662
group_18788	258	181	0.7016	2	2.2735	1	2.2735
group_18790	471	50739	107.7261	360	224.1654	180	224.1655
group_18791	327	0	0.0000	0	0.0000	0	0.0000
group_18792	3000	73366	24.4553	487	47.6096	243	47.5119
group_18793	876	38693	44.1701	260	87.0475	130	87.0475
group_18789	600	34254	57.0900	230	112.4252	115	112.4252
group_18794	924	2746	2.9719	20	6.3481	10	6.3481
group_18795	450	0	0.0000	0	0.0000	0	0.0000
group_18796	840	0	0.0000	0	0.0000	0	0.0000
group_18798	162	0	0.0000	0	0.0000	0	0.0000
group_18797	198	0	0.0000	0	0.0000	0	0.0000
group_18799	219	0	0.0000	0	0.0000	0	0.0000
group_11551	174	1817	10.4425	13	21.9120	6	20.2264
group_18800	165	0	0.0000	0	0.0000	0	0.0000
group_18801	393	12503	31.8142	85	63.4327	42	62.6865
group_18802	267	3979	14.9026	30	32.9532	15	32.9532
group_18803	93	0	0.0000	0	0.0000	0	0.0000
group_14815	1002	1967	1.9631	13	3.8051	6	3.5124
ykfC	831	4953	5.9603	33	11.6466	16	11.2937
group_7508	369	0	0.0000	0	0.0000	0	0.0000
group_7290	951	2673	2.8107	18	5.5511	9	5.5511
group_4290	423	934	2.2080	8	5.5467	4	5.5467
group_18804	241	1829	7.5892	14	17.0372	7	17.0372
group_18805	153	732	4.7843	6	11.5013	3	11.5013
group_18806	333	16692	50.1261	122	107.4491	61	107.4491
group_18807	426	22575	52.9930	156	107.3994	78	107.3995
group_18808	231	0	0.0000	0	0.0000	0	0.0000
group_18809	141	0	0.0000	0	0.0000	0	0.0000
group_18810	378	11498	30.4180	84	65.1740	42	65.1740
group_18811	615	3469	5.6407	23	10.9683	11	10.4914
group_18812	174	0	0.0000	0	0.0000	0	0.0000
group_18813	549	4827	8.7923	32	17.0948	16	17.0948
group_18814	411	4732	11.5134	34	24.2619	17	24.2619
group_18815	195	816	4.1846	6	9.0241	3	9.0241
group_18816	681	15100	22.1733	100	43.0665	50	43.0665
group_18817	501	3880	7.7445	28	16.3911	14	16.3911
group_18818	399	0	0.0000	0	0.0000	0	0.0000
group_18819	381	2214	5.8110	16	12.3163	8	12.3164
group_18820	240	222	0.9250	2	2.4440	1	2.4440
group_18821	156	619	3.9679	5	9.4001	2	7.5201
group_3388	261	206	0.7893	2	2.2474	1	2.2474
group_18822	1278	604	0.4726	4	0.9179	2	0.9179
group_18823	1305	302	0.2314	2	0.4495	1	0.4495
group_4898	1929	7786	4.0363	53	8.0581	26	7.9060
group_9598	1464	0	0.0000	0	0.0000	0	0.0000
group_2311	1182	0	0.0000	0	0.0000	0	0.0000
group_4208	2118	0	0.0000	0	0.0000	0	0.0000
group_18824	987	0	0.0000	0	0.0000	0	0.0000
group_18825	2391	386	0.1614	6	0.7360	3	0.7360
group_5609	231	147	0.6364	1	1.2696	0	0.0000
group_18826	915	0	0.0000	0	0.0000	0	0.0000
group_18827	120	0	0.0000	0	0.0000	0	0.0000
group_6550	636	1653	2.5991	11	5.0725	5	4.6114
group_18828	213	2104	9.8779	20	27.5383	10	27.5383
group_13165	156	0	0.0000	0	0.0000	0	0.0000
group_18829	327	453	1.3853	3	2.6907	1	1.7938
group_18830	186	0	0.0000	0	0.0000	0	0.0000
group_18831	240	1621	6.7542	13	15.8862	6	14.6642
group_18832	726	17934	24.7025	124	50.0924	62	50.0924
group_18833	168	0	0.0000	0	0.0000	0	0.0000
group_18834	495	15600	31.5152	108	63.9890	54	63.9891
group_18835	249	0	0.0000	0	0.0000	0	0.0000
group_18836	246	549	2.2317	4	4.7688	2	4.7688
group_18837	771	8484	11.0039	58	22.0628	29	22.0628
group_18838	528	39155	74.1572	264	146.6415	132	146.6416
group_4335	246	0	0.0000	0	0.0000	0	0.0000
group_18839	951	31720	33.3544	214	65.9964	107	65.9964
group_18840	267	4716	17.6629	34	37.3469	17	37.3469
group_18841	117	741	6.3333	8	20.0535	4	20.0536
group_18842	126	150	1.1905	2	4.6553	1	4.6553
group_18843	171	1204	7.0409	8	13.7208	4	13.7209
group_18844	138	160	1.1594	2	4.2505	1	4.2505
group_18845	366	260	0.7104	2	1.6026	1	1.6026
group_18846	108	0	0.0000	0	0.0000	0	0.0000
group_18847	153	0	0.0000	0	0.0000	0	0.0000
group_18848	252	5088	20.1905	36	41.8976	18	41.8976
group_18849	846	66986	79.1797	467	161.8950	233	161.5484
group_18850	174	551	3.1667	6	10.1132	3	10.1132
group_18851	102	0	0.0000	0	0.0000	0	0.0000
group_18852	174	2367	13.6034	19	32.0252	9	30.3396
group_18853	510	17635	34.5784	125	71.8831	62	71.3081
group_18855	297	14223	47.8889	97	95.7861	48	94.7986
group_18854	573	20700	36.1257	141	72.1691	70	71.6573
group_18856	300	11798	39.3267	92	89.9401	46	89.9402
group_18858	693	28435	41.0317	187	79.1399	93	78.7167
group_18857	282	104	0.3688	2	2.0800	1	2.0800
group_6588	975	63333	64.9569	427	128.4429	213	128.1422
group_18859	348	5900	16.9540	44	37.0818	22	37.0818
group_18860	765	8823	11.5333	53	20.3190	26	19.9356
group_18861	561	24849	44.2941	174	90.9648	87	90.9648
group_18862	279	4212	15.0968	28	29.4334	14	29.4334
group_18863	174	440	2.5287	4	6.7421	2	6.7421
group_18864	720	55941	77.6958	375	152.7516	187	152.3443
group_18865	138	2435	17.6449	24	51.0058	12	51.0058
group_18866	144	736	5.1111	6	12.2201	3	12.2201
group_7851	987	109744	111.1895	754	224.0481	377	224.0481
group_7853	633	53994	85.2986	370	171.4293	185	171.4293
group_7855	1089	123204	113.1350	838	225.6852	419	225.6853
group_7858	1416	38250	27.0127	261	54.0585	130	53.8514
acoB	984	119523	121.4665	821	244.7006	410	244.4026
group_7861	498	39131	78.5763	267	157.2421	133	156.6533
group_7864	2322	246898	106.3299	1654	208.9105	827	208.9106
group_7866	306	4216	13.7778	30	28.7532	15	28.7533
group_18868	1626	64569	39.7103	441	79.5436	220	79.3632
lldD	1164	119315	102.5043	815	205.3485	407	205.0967
group_7869	234	15034	64.2479	107	134.1081	53	132.8548
ccmK	309	23250	75.2427	168	159.4549	84	159.4549
group_7880	1356	140067	103.2942	945	204.3898	472	204.1735
rpmI	204	12022	58.9314	89	127.9519	44	126.5143
group_18871	348	29655	85.2155	212	178.6667	106	178.6668
group_18873	195	8775	45.0000	67	100.7691	33	99.2651
group_18875	711	61039	85.8495	417	172.0099	208	171.5975
group_18877	696	59376	85.3103	424	178.6667	212	178.6668
group_7889	1119	86566	77.3601	577	151.2282	288	150.9661
group_7899	486	42490	87.4280	293	176.8147	146	176.2113
group_7898	222	9440	42.5225	69	91.1556	34	89.8345
group_7900	258	14929	57.8643	106	120.4961	53	120.4962
group_7897	315	15073	47.8508	104	96.8300	52	96.8300
group_7910	225	14843	65.9689	113	147.2933	56	145.9898
group_18879	885	90471	102.2271	622	206.1266	311	206.1267
group_7908	1074	115616	107.6499	787	214.9104	393	214.6374
psaJ	129	595	4.6124	6	13.6411	3	13.6411
group_18890	168	4202	25.0119	33	57.6092	16	55.8635
ccdA	729	65961	90.4815	454	182.6482	227	182.6482
group_18893	1359	158300	116.4827	1083	233.7201	541	233.5043
group_7926	663	6928	10.4495	46	20.3484	23	20.3485
group_7927	213	371	1.7418	4	5.5077	2	5.5077
group_7929	606	67839	111.9455	475	229.8836	237	229.3997
group_18894	384	24991	65.0807	174	132.8939	87	132.8939
group_18896	183	9647	52.7158	75	120.1980	37	118.5954
group_18897	489	51222	104.7485	359	215.3142	179	214.7145
group_7934	798	77549	97.1792	543	199.5648	271	199.1973
group_18901	1788	196079	109.6639	1324	217.1738	662	217.1739
group_18905	504	54475	108.0853	380	221.1261	190	221.1262
group_18903	744	74778	100.5081	503	198.2814	251	197.8873
group_18904	363	30157	83.0771	214	172.8997	107	172.8997
group_18906	96	0	0.0000	0	0.0000	0	0.0000
rplM	456	37704	82.6842	259	166.5796	129	165.9365
group_18907	414	39189	94.6594	264	187.0211	132	187.0212
group_18909	234	14919	63.7564	108	135.3614	54	135.3615
folE	699	76627	109.6237	536	224.8923	268	224.8924
group_18912	576	57961	100.6267	402	204.6872	201	204.6872
group_7953	177	4609	26.0395	36	59.6508	18	59.6508
group_7963	1431	161982	113.1950	1100	225.4447	550	225.4448
dedA	606	56996	94.0528	407	196.9740	203	196.4900
ahcY	1278	162812	127.3959	1110	254.7294	555	254.7295
group_4539	1173	100432	85.6198	681	170.2692	340	170.0192
oLE1	834	74654	89.5132	511	179.6974	255	179.3458
group_18916	1143	19650	17.1916	134	34.3831	67	34.3832
group_7973	186	1176	6.3226	8	12.6143	4	12.6143
group_7975	1659	135297	81.5533	916	161.9333	458	161.9333
group_18918	216	4241	19.6343	29	39.3760	14	38.0182
group_7990	336	20023	59.5923	148	129.1842	74	129.1843
group_7993	687	66514	96.8180	463	197.6566	231	197.2297
group_18922	600	60104	100.1733	422	206.2758	211	206.2758
group_8000	213	726	3.4085	5	6.8846	2	5.5077
group_18924	672	1907	2.8378	14	6.1101	7	6.1101
group_8006	1344	91229	67.8787	610	133.1121	305	133.1122
group_8008	444	26644	60.0090	190	125.5040	95	125.5041
group_18931	510	45449	89.1157	323	185.7460	161	185.1709
group_8012	588	4734	8.0510	32	15.9610	16	15.9610
group_8014	153	2204	14.4052	18	34.5039	9	34.5039
group_18936	309	12244	39.6246	109	103.4558	54	102.5067
group_18375	120	0	0.0000	0	0.0000	0	0.0000
group_18937	801	28462	35.5331	199	72.8631	99	72.4970
group_8016	417	33406	80.1103	241	169.4993	120	168.7961
group_8017	315	5040	16.0000	40	37.2423	20	37.2423
group_18900	1359	158798	116.8492	1068	230.4830	534	230.4830
sWEET	255	16337	64.0667	118	135.7153	59	135.7154
group_18872	957	25734	26.8903	155	47.5014	77	47.1950
ree1	615	7552	12.2797	53	25.2748	26	24.7979
group_18938	1224	73046	59.6781	490	117.4091	245	117.4091
group_18939	2052	148376	72.3080	995	142.2109	497	142.0680
group_18940	426	29685	69.6831	203	139.7570	101	139.0685
group_18943	501	18806	37.5369	131	76.6868	65	76.1014
group_8028	324	18036	55.6667	133	120.3909	66	119.4857
group_8031	504	40221	79.8036	287	167.0084	143	166.4266
group_8032	348	3291	9.4569	27	22.7547	13	21.9120
group_8036	987	112332	113.8116	768	228.2081	384	228.2082
group_18944	273	11631	42.6044	86	92.3895	43	92.3896
group_18950	783	70914	90.5670	491	183.9106	245	183.5361
group_18951	267	9604	35.9700	73	80.1860	36	79.0876
group_18955	408	1171	2.8701	8	5.7506	4	5.7507
group_18953	828	72362	87.3937	489	173.2070	244	172.8529
group_18956	588	40155	68.2908	283	141.1550	141	140.6562
group_8049	393	16461	41.8855	115	85.8207	57	85.0745
group_8052	210	2993	14.2524	20	27.9317	10	27.9317
group_8055	2052	231071	112.6077	1557	222.5350	778	222.3921
group_8058	348	2259	6.4914	17	14.3270	8	13.4843
group_18899	291	10300	35.3952	77	77.6041	38	76.5963
group_18957	342	26461	77.3713	190	162.9350	95	162.9351
group_8089	237	11653	49.1688	79	97.7610	39	96.5236
group_18958	189	659	3.4868	5	7.7588	2	6.2071
group_18959	177	142	0.8023	1	1.6570	0	0.0000
group_8104	399	11386	28.5363	79	58.0686	39	57.3336
group_8106	222	940	4.2342	8	10.5688	4	10.5688
group_8109	447	6663	14.9060	49	32.1496	24	31.4935
rpsU	183	6020	32.8962	44	70.5162	22	70.5162
group_18965	207	454	2.1932	5	7.0841	2	5.6673
group_8124	360	13502	37.5056	93	75.7648	46	74.9501
group_8127	348	12196	35.0460	83	69.9497	41	69.1070
group_8130	153	1570	10.2614	12	23.0026	6	23.0026
group_8136	339	9170	27.0501	61	52.7737	30	51.9085
group_8143	585	1651	2.8222	12	6.0161	6	6.0161
group_18928	1284	12584	9.8006	86	19.6436	43	19.6436
group_8172	273	0	0.0000	0	0.0000	0	0.0000
group_8173	225	0	0.0000	0	0.0000	0	0.0000
group_8177	216	1547	7.1620	11	14.9357	5	13.5779
group_8189	156	186	1.1923	2	3.7600	1	3.7600
group_8193	348	984	2.8276	7	5.8994	3	5.0566
group_18966	984	60077	61.0539	408	121.6052	204	121.6052
group_18967	813	51785	63.6962	349	125.8989	174	125.5382
group_8204	1359	25381	18.6762	172	37.1190	86	37.1190
group_18969	591	35614	60.2606	255	126.5435	127	126.0473
group_8208	411	14005	34.0754	95	67.7905	47	67.0769
group_8211	234	453	1.9359	3	3.7600	1	2.5067
group_8212	2571	189223	73.5990	1274	145.3297	637	145.3297
group_8215	246	8379	34.0610	63	75.1091	31	73.9169
group_8218	225	6375	28.3333	44	57.3531	22	57.3532
group_8220	705	9426	13.3702	69	28.7043	34	28.2883
group_8222	363	11582	31.9063	86	69.4830	43	69.4831
group_18974	159	0	0.0000	0	0.0000	0	0.0000
group_15605	213	0	0.0000	0	0.0000	0	0.0000
group_8242	486	3455	7.1091	24	14.4831	12	14.4831
group_8243	462	4018	8.6970	30	19.0444	15	19.0444
group_8245	1056	2691	2.5483	18	4.9991	9	4.9991
mutM	858	24234	28.2448	165	56.4006	82	56.0588
group_18639	1374	105250	76.6012	709	151.3375	354	151.1241
group_18914	1533	74261	48.4416	502	96.0392	251	96.0392
group_18975	342	1684	4.9240	12	10.2906	6	10.2906
group_8274	312	296	0.9487	2	1.8800	1	1.8800
group_8275	339	919	2.7109	7	6.0560	3	5.1909
group_18869	1176	92724	78.8469	630	157.1159	315	157.1160
group_8291	336	8651	25.7470	62	54.1177	31	54.1177
group_8294	2646	15162	5.7302	103	11.4165	51	11.3057
group_18976	381	8543	22.4226	66	50.8049	33	50.8050
group_18978	1812	105612	58.2848	709	114.7559	354	114.5941
group_8302	756	18401	24.3399	128	49.6564	64	49.6564
group_8305	822	43715	53.1813	294	104.8969	147	104.8969
group_8310	1374	2114	1.5386	14	2.9883	7	2.9883
group_18638	534	402	0.7528	3	1.6477	1	1.0984
group_8312	225	9068	40.3022	68	88.6367	34	88.6367
group_18886	582	36427	62.5893	255	128.5003	127	127.9964
group_18887	744	52256	70.2366	371	146.2473	185	145.8532
group_18888	948	27078	28.5633	187	57.8523	93	57.5429
group_18979	246	1885	7.6626	13	15.4987	6	14.3065
group_18980	243	0	0.0000	0	0.0000	0	0.0000
cobT	1074	23005	21.4199	156	42.5998	78	42.5998
group_8356	208	2317	11.1394	19	26.7903	9	25.3803
group_8359	951	33450	35.1735	229	70.6223	114	70.3139
group_8369	822	72736	88.4866	498	177.6825	249	177.6825
group_8368	1248	15635	12.5280	110	25.8503	55	25.8503
thiD	801	19074	23.8127	131	47.9651	65	47.5990
group_18983	1434	36887	25.7232	247	50.5167	123	50.3122
group_18981	381	19276	50.5932	135	103.9192	67	103.1495
group_18984	678	43981	64.8687	305	131.9341	152	131.5016
group_18942	588	39400	67.0068	274	136.6659	137	136.6660
group_18985	810	24737	30.5395	175	63.3636	87	63.0016
group_18986	1638	23617	14.4182	163	29.1851	81	29.0060
group_18987	411	25601	62.2895	184	131.2995	92	131.2995
group_18989	2628	24785	9.4311	168	18.7487	84	18.7487
group_18988	1350	22295	16.5148	153	33.2387	76	33.0215
group_8390	417	566	1.3573	4	2.8133	2	2.8133
tVP38	651	48395	74.3395	343	154.5255	171	154.0750
group_18990	1008	70474	69.9147	491	142.8591	245	142.5682
group_18991	240	4870	20.2917	35	42.7704	17	41.5484
group_18992	246	11483	46.6789	80	95.3766	40	95.3766
group_18993	2136	32193	15.0716	216	29.6578	108	29.6578
group_18995	1194	30378	25.4422	206	50.5999	103	50.5999
group_8404	771	7511	9.7419	51	19.4000	25	19.0197
group_8407	753	1510	2.0053	10	3.8949	5	3.8949
group_8408	198	0	0.0000	0	0.0000	0	0.0000
group_18915	2034	99774	49.0531	677	97.6168	338	97.4727
group_18996	1626	75700	46.5560	509	91.8088	254	91.6284
group_19001	582	11976	20.5773	83	41.8256	41	41.3217
group_8420	618	56605	91.5939	390	185.0816	195	185.0816
group_19003	528	32076	60.7500	232	128.8668	116	128.8668
group_18946	1491	113402	76.0577	757	148.9036	378	148.7070
group_18892	876	72226	82.4498	490	164.0510	245	164.0511
group_18970	951	80300	84.4374	545	168.0750	272	167.7666
group_18971	504	542	1.0754	4	2.3276	2	2.3276
group_18972	864	14435	16.7072	103	34.9631	51	34.6237
group_18973	513	10246	19.9727	74	42.3059	37	42.3060
group_18677	369	19721	53.4444	136	108.0935	68	108.0935
group_18678	663	34027	51.3228	247	109.2623	123	108.8200
group_19004	1407	52432	37.2651	348	72.5391	174	72.5391
group_19005	858	31702	36.9487	215	73.4917	107	73.1499
group_19006	1038	73930	71.2235	496	140.1430	248	140.1430
group_8444	765	25535	33.3791	181	69.3912	90	69.0078
group_18878	813	38843	47.7774	273	98.4825	136	98.1218
group_18880	975	27312	28.0123	188	56.5510	94	56.5510
group_18881	1014	36451	35.9477	244	70.5730	122	70.5731
group_19009	372	1817	4.8844	14	11.0375	7	11.0375
group_19010	1851	78940	42.6472	534	84.6100	267	84.6101
group_8455	1734	150924	87.0381	1003	169.6441	501	169.4751
group_19014	678	27570	40.6637	191	82.6210	95	82.1885
group_19012	573	54524	95.1553	380	194.4984	190	194.4984
group_19017	285	397	1.3930	3	3.0872	1	2.0581
group_19018	288	872	3.0278	6	6.1101	3	6.1101
group_19019	1290	755	0.5853	5	1.1368	2	0.9094
araD	612	22263	36.3775	154	73.8000	77	73.8000
group_18932	1161	84332	72.6374	584	147.5257	292	147.5257
group_19020	783	6962	8.8914	48	17.9790	24	17.9790
group_19021	891	1208	1.3558	8	2.6333	4	2.6333
group_19022	234	688	2.9402	5	6.2667	2	5.0134
group_19023	201	282	1.4030	2	2.9182	1	2.9182
group_19025	447	22197	49.6577	150	98.4171	75	98.4172
group_19026	468	15898	33.9701	115	72.0674	57	71.4408
group_8482	213	1327	6.2300	12	16.5230	6	16.5230
group_8486	213	1045	4.9061	7	9.6384	3	8.2615
group_19028	339	19820	58.4661	144	124.5804	72	124.5805
group_19029	399	151	0.3784	1	0.7350	0	0.0000
group_8494	210	1959	9.3286	14	19.5522	7	19.5522
group_19030	1359	0	0.0000	0	0.0000	0	0.0000
group_18999	750	47167	62.8893	323	126.3072	161	125.9162
group_8505	1338	23242	17.3707	159	34.8520	79	34.6328
group_8506	732	32567	44.4904	227	90.9498	113	90.5492
group_8513	117	0	0.0000	0	0.0000	0	0.0000
group_8516	657	10806	16.4475	73	32.5870	36	32.1406
group_19033	504	11508	22.8333	80	46.5529	40	46.5529
group_8530	957	54487	56.9352	366	112.1647	183	112.1647
group_19034	1521	11404	7.4977	80	15.4258	40	15.4258
group_8544	378	2396	6.3386	17	13.1900	8	12.4141
group_8563	690	38026	55.1101	263	111.7876	131	111.3626
group_8566	142	0	0.0000	0	0.0000	0	0.0000
group_19035	150	561	3.7400	5	9.7761	2	7.8209
group_19036	132	397	3.0076	4	8.8874	2	8.8874
group_8589	468	2021	4.3184	14	8.7734	7	8.7734
group_8595	474	15225	32.1203	102	63.1115	51	63.1116
group_18930	1119	65594	58.6184	436	114.2729	218	114.2730
group_8609	744	41614	55.9328	290	114.3173	145	114.3174
group_19037	279	395	1.4158	3	3.1536	1	2.1024
group_8612	231	0	0.0000	0	0.0000	0	0.0000
group_6559	657	605	0.9209	4	1.7856	2	1.7856
group_8631	822	3236	3.9367	22	7.8494	11	7.8494
group_8647	762	14352	18.8346	104	40.0281	52	40.0281
group_8650	444	34087	76.7725	227	149.9443	113	149.2838
group_19038	810	40048	49.4420	275	99.5714	137	99.2094
group_8659	261	1658	6.3525	11	12.3606	5	11.2369
group_8660	297	0	0.0000	0	0.0000	0	0.0000
group_8663	318	1809	5.6887	13	11.9896	6	11.0673
group_19041	573	0	0.0000	0	0.0000	0	0.0000
group_19043	234	755	3.2265	5	6.2667	2	5.0134
group_19045	468	151	0.3226	1	0.6267	0	0.0000
group_8675	831	59029	71.0337	402	141.8770	201	141.8771
group_19048	240	0	0.0000	0	0.0000	0	0.0000
group_8689	201	0	0.0000	0	0.0000	0	0.0000
group_8693	666	5857	8.7943	40	17.6146	20	17.6146
group_8695	1092	56476	51.7179	383	102.8639	191	102.5954
group_19008	186	1826	9.8172	18	28.3822	9	28.3822
group_19039	834	0	0.0000	0	0.0000	0	0.0000
group_19040	1944	0	0.0000	0	0.0000	0	0.0000
group_19042	324	0	0.0000	0	0.0000	0	0.0000
group_19044	570	0	0.0000	0	0.0000	0	0.0000
group_19047	702	278	0.3960	2	0.8356	1	0.8356
group_8728	255	7069	27.7216	49	56.3564	24	55.2062
group_16765	153	0	0.0000	0	0.0000	0	0.0000
group_16766	252	0	0.0000	0	0.0000	0	0.0000
group_8740	168	0	0.0000	0	0.0000	0	0.0000
group_8741	243	0	0.0000	0	0.0000	0	0.0000
group_6868	546	26427	48.4011	187	100.4468	93	99.9097
group_8753	1806	0	0.0000	0	0.0000	0	0.0000
group_18968	666	39995	60.0526	285	125.5040	142	125.0637
group_8763	261	1261	4.8314	9	10.1132	4	8.9895
group_19050	270	13666	50.6148	99	107.5371	49	106.4509
group_8769	372	28105	75.5511	201	158.4675	100	157.6791
group_8770	378	4643	12.2831	32	24.8282	16	24.8282
group_19053	957	24864	25.9812	166	50.8725	83	50.8725
group_19054	687	4010	5.8370	27	11.5264	13	11.0995
group_19055	171	936	5.4737	8	13.7208	4	13.7209
group_7015	759	17747	23.3821	120	46.3689	60	46.3689
group_7024	864	1348	1.5602	9	3.0550	4	2.7156
group_8799	894	3921	4.3859	25	8.2014	12	7.8734
group_8801	519	151	0.2909	1	0.5651	0	0.0000
group_8803	1341	2512	1.8732	17	3.7180	8	3.4993
group_8815	129	1559	12.0853	16	36.3762	8	36.3762
group_8817	432	7301	16.9005	56	38.0182	28	38.0182
group_8831	513	285192	555.9298	1947	1113.1036	973	1112.5323
group_8836	999	21748	21.7698	147	43.1558	73	42.8622
group_8843	552	192950	349.5471	1321	701.8604	660	701.3293
tnpISMae29	450	6188	13.7511	44	28.6766	22	28.6766
group_19058	2988	188320	63.0254	1260	123.6736	630	123.6736
group_8919	975	16465	16.8872	111	33.3892	55	33.0884
group_19060	468	2309	4.9338	16	10.0268	8	10.0268
group_18998	351	9665	27.5356	71	59.3251	35	58.4895
group_8924	348	28314	81.3621	194	163.4969	97	163.4969
group_8938	225	151	0.6711	1	1.3035	0	0.0000
group_8942	900	56694	62.9933	384	125.1341	192	125.1342
group_19061	210	11012	52.4381	75	104.7440	37	103.3474
group_8952	351	3962	11.2877	27	22.5602	13	21.7247
group_8974	195	0	0.0000	0	0.0000	0	0.0000
group_8989	687	28481	41.4571	196	83.6732	98	83.6732
group_19064	342	5098	14.9064	40	34.3021	20	34.3021
group_18885	213	433	2.0329	3	4.1307	1	2.7538
group_19065	381	20300	53.2808	139	106.9983	69	106.2286
group_15513	255	151	0.5922	1	1.1501	0	0.0000
group_9017	108	0	0.0000	0	0.0000	0	0.0000
group_18977	1680	7194	4.2821	49	8.5541	24	8.3795
group_19011	249	604	2.4257	4	4.7114	2	4.7114
group_9031	519	24660	47.5145	170	96.0657	85	96.0658
group_9039	3393	7523	2.2172	52	4.4948	26	4.4948
group_9040	801	7759	9.6866	54	19.7719	27	19.7719
group_9045	2583	46385	17.9578	309	35.0850	154	34.9714
group_19066	804	26966	33.5398	179	65.2956	89	64.9309
group_19067	585	25909	44.2889	183	91.7450	91	91.2437
group_9060	138	0	0.0000	0	0.0000	0	0.0000
group_9062	363	5027	13.8485	35	28.2780	17	27.4700
group_9063	576	151	0.2622	1	0.5092	0	0.0000
group_9071	1266	0	0.0000	0	0.0000	0	0.0000
group_9067	363	22986	63.3223	163	131.6946	81	130.8867
group_9068	246	3775	15.3455	25	29.8052	12	28.6130
group_9075	354	9580	27.0621	72	59.6508	36	59.6508
group_9076	1305	10843	8.3088	72	16.1811	36	16.1811
group_9078	519	3018	5.8150	18	10.1717	9	10.1717
group_9079	150	0	0.0000	0	0.0000	0	0.0000
group_19068	669	27232	40.7055	182	79.7870	91	79.7871
group_18925	603	31552	52.3250	221	107.4885	110	107.0022
group_9093	138	0	0.0000	0	0.0000	0	0.0000
group_9095	207	151	0.7295	1	1.4168	0	0.0000
group_19069	165	304	1.8424	2	3.5549	1	3.5549
group_19002	780	22943	29.4141	155	58.2806	77	57.9046
group_19070	330	4131	12.5182	30	26.6621	15	26.6621
group_19072	258	4491	17.4070	33	37.5130	16	36.3762
group_9123	210	37247	177.3667	251	350.5431	125	349.1466
group_9131	444	63005	141.9032	443	292.6225	221	291.9621
group_19073	1329	541	0.4071	4	0.8827	2	0.8827
group_9144	216	1321	6.1157	12	16.2935	6	16.2935
group_9145	1179	47080	39.9321	315	78.3581	157	78.1093
group_9146	164	599	3.6524	4	7.1532	2	7.1532
group_19027	2706	158529	58.5843	1073	116.2944	536	116.1861
group_19074	213	0	0.0000	0	0.0000	0	0.0000
group_9155	312	1570	5.0321	12	11.2801	6	11.2801
group_9158	102	0	0.0000	0	0.0000	0	0.0000
group_9159	438	17541	40.0479	124	83.0299	62	83.0299
group_16120	333	9174	27.5495	67	59.0089	33	58.1282
group_9175	819	106805	130.4090	726	259.9799	363	259.9800
group_19024	789	6341	8.0368	46	17.0989	23	17.0989
group_19079	432	1057	2.4468	7	4.7523	3	4.0734
group_16259	903	302	0.3344	2	0.6496	1	0.6496
group_19083	414	2481	5.9928	19	13.4599	9	12.7514
group_19081	360	3041	8.4472	23	18.7375	11	17.9229
group_9207	1845	141490	76.6883	945	150.2182	472	150.0592
group_19086	753	1057	1.4037	7	2.7264	3	2.3369
group_9227	351	6175	17.5926	41	34.2581	20	33.4226
group_9226	171	0	0.0000	0	0.0000	0	0.0000
group_9228	147	0	0.0000	0	0.0000	0	0.0000
group_16684	246	151	0.6138	1	1.1922	0	0.0000
group_16685	456	1071	2.3487	8	5.1453	4	5.1453
hemW	1173	47549	40.5362	318	79.5090	159	79.5090
group_19075	702	5754	8.1966	39	16.2935	19	15.8757
group_9315	573	45748	79.8394	327	167.3710	163	166.8592
group_9298	879	95798	108.9852	661	220.5462	330	220.2126
group_18929	465	50064	107.6645	357	225.1657	178	224.5351
group_9307	351	0	0.0000	0	0.0000	0	0.0000
group_9331	1485	3529	2.3764	24	4.7399	12	4.7399
group_17530	1122	41719	37.1827	278	72.6673	139	72.6673
group_9347	906	98199	108.3874	653	211.3839	326	211.0603
group_19103	459	14633	31.8802	99	63.2571	49	62.6182
group_15435	591	41567	70.3333	277	137.4609	138	136.9647
group_9420	2544	2678	1.0527	18	2.0751	9	2.0751
group_9429	4260	285554	67.0315	1889	130.0497	944	129.9809
group_9434	801	775	0.9675	6	2.1969	3	2.1969
group_9464	2172	4667	2.1487	31	4.1859	15	4.0509
group_9466	276	453	1.6413	3	3.1879	1	2.1252
group_9475	3045	0	0.0000	0	0.0000	0	0.0000
group_9506	486	829	1.7058	6	3.6208	3	3.6208
group_15549	777	332	0.4273	2	0.7549	1	0.7549
group_9525	1554	4611	2.9672	31	5.8506	15	5.6618
group_9532	396	453	1.1439	3	2.2218	1	1.4812
group_9561	363	0	0.0000	0	0.0000	0	0.0000
group_9578	2085	254	0.1218	2	0.2813	1	0.2813
group_9616	153	104	0.6797	2	3.8338	1	3.8338
group_9620	186	1196	6.4301	8	12.6143	4	12.6143
group_14760	1101	0	0.0000	0	0.0000	0	0.0000
group_9632	1788	296	0.1655	2	0.3281	1	0.3281
group_9648	219	0	0.0000	0	0.0000	0	0.0000
group_9659	1032	12542	12.1531	86	24.4403	43	24.4403
group_9694	111	443	3.9910	4	10.5688	2	10.5688
group_9702	177	1366	7.7175	10	16.5697	5	16.5697
group_9713	2019	0	0.0000	0	0.0000	0	0.0000
group_9727	300	0	0.0000	0	0.0000	0	0.0000
group_9757	603	10760	17.8441	75	36.4780	37	35.9916
group_9810	858	0	0.0000	0	0.0000	0	0.0000
group_9814	486	13453	27.6811	100	60.3463	50	60.3463
group_9819	1146	3165	2.7618	21	5.3743	10	5.1184
group_9823	378	1118	2.9577	8	6.2070	4	6.2071
group_9845	378	521	1.3783	4	3.1035	2	3.1035
group_9846	651	10495	16.1214	73	32.8874	36	32.4368
group_9856	1143	2605	2.2791	18	4.6186	9	4.6186
group_9871	1149	3648	3.1749	25	6.3813	12	6.1260
group_9896	225	0	0.0000	0	0.0000	0	0.0000
group_9900	279	302	1.0824	2	2.1024	1	2.1024
group_9917	378	151	0.3995	1	0.7759	0	0.0000
group_9945	309	219	0.7087	2	1.8983	1	1.8983
group_9960	234	492	2.1026	4	5.0134	2	5.0134
group_9967	120	138	1.1500	2	4.8881	1	4.8881
group_9989	1575	148222	94.1092	1002	186.5839	501	186.5840
group_9997	843	21746	25.7960	150	52.1856	75	52.1856
group_15461	216	2804	12.9815	19	25.7980	9	24.4403
group_10022	138	0	0.0000	0	0.0000	0	0.0000
group_14606	1095	1192	1.0886	8	2.1427	4	2.1427
group_10053	501	9667	19.2954	67	39.2215	33	38.6361
group_10063	1608	2660	1.6542	18	3.2830	9	3.2830
group_10134	549	3490	6.3570	25	13.3553	12	12.8211
group_19104	117	0	0.0000	0	0.0000	0	0.0000
group_10168	402	21153	52.6194	151	110.1635	75	109.4340
group_10201	846	8701	10.2849	59	20.4535	29	20.1069
group_10235	420	755	1.7976	5	3.4915	2	2.7932
group_10252	1086	374768	345.0902	2517	679.7362	1258	679.4664
group_10278	963	3294	3.4206	22	6.7001	11	6.7001
group_10304	327	0	0.0000	0	0.0000	0	0.0000
group_10329	228	468	2.0526	4	5.1453	2	5.1453
group_10341	723	3257	4.5048	22	8.9242	11	8.9242
group_10351	1623	0	0.0000	0	0.0000	0	0.0000
group_10353	243	0	0.0000	0	0.0000	0	0.0000
group_10356	210	151	0.7190	1	1.3966	0	0.0000
group_10379	138	0	0.0000	0	0.0000	0	0.0000
group_16305	324	0	0.0000	0	0.0000	0	0.0000
group_10402	906	5494	6.0640	37	11.9773	18	11.6536
group_10403	429	15789	36.8042	107	73.1499	53	72.4662
group_10405	708	1057	1.4929	7	2.8997	3	2.4855
group_10421	228	583	2.5570	5	6.4316	2	5.1453
group_10427	174	214	1.2299	2	3.3711	1	3.3711
group_10433	687	1663	2.4207	12	5.1228	6	5.1229
group_10469	138	0	0.0000	0	0.0000	0	0.0000
group_10505	4257	369564	86.8132	2477	170.6512	1238	170.5824
group_10530	1077	8446	7.8422	58	15.7943	29	15.7943
group_10539	444	746	1.6802	5	3.3027	2	2.6422
group_10554	261	466	1.7854	4	4.4948	2	4.4948
group_10558	1155	1522	1.3177	11	2.7932	5	2.5392
group_10569	1206	16223	13.4519	108	26.2642	54	26.2642
group_10579	1305	63842	48.9211	433	97.3116	216	97.0868
group_10632	264	17747	67.2235	128	142.1979	64	142.1979
group_10638	243	7858	32.3374	56	67.5879	28	67.5879
group_10658	426	300	0.7042	2	1.3769	1	1.3769
group_10665	117	0	0.0000	0	0.0000	0	0.0000
group_10672	4926	7471	1.5166	50	2.9769	25	2.9769
group_10752	390	1762	4.5179	12	9.0241	6	9.0241
group_10753	156	554	3.5513	5	9.4001	2	7.5201
group_10760	1599	151	0.0944	1	0.1834	0	0.0000
group_10767	975	3151	3.2318	21	6.3169	10	6.0161
group_10780	798	5861	7.3446	39	14.3334	19	13.9659
group_10783	1632	2114	1.2953	14	2.5159	7	2.5159
group_10793	240	453	1.8875	3	3.6660	1	2.4440
ndhE	345	1265	3.6667	9	7.6509	4	6.8008
group_10816	234	0	0.0000	0	0.0000	0	0.0000
group_10819	225	10693	47.5244	79	102.9749	39	101.6715
group_10838	246	764	3.1057	5	5.9610	2	4.7688
group_10858	348	0	0.0000	0	0.0000	0	0.0000
group_10859	318	3198	10.0566	24	22.1346	12	22.1346
group_10861	399	33832	84.7920	244	179.3511	122	179.3511
group_10870	2226	3202	1.4385	22	2.8986	11	2.8986
group_10881	1158	140240	121.1054	959	242.8830	479	242.6298
group_10885	162	2485	15.3395	18	32.5870	9	32.5870
group_10900	123	0	0.0000	0	0.0000	0	0.0000
group_10904	96	0	0.0000	0	0.0000	0	0.0000
group_10908	1179	0	0.0000	0	0.0000	0	0.0000
pgi	1794	4529	2.5245	30	4.9044	15	4.9044
group_10932	270	15723	58.2333	117	127.0893	58	126.0031
group_10960	417	0	0.0000	0	0.0000	0	0.0000
group_10999	210	202	0.9619	2	2.7932	1	2.7932
group_11007	2799	0	0.0000	0	0.0000	0	0.0000
group_11009	846	4375	5.1714	29	10.0534	14	9.7068
group_11023	153	105	0.6863	2	3.8338	1	3.8338
group_11028	234	0	0.0000	0	0.0000	0	0.0000
group_11040	243	295	1.2140	2	2.4139	1	2.4139
group_15458	969	21206	21.8844	146	44.1892	73	44.1892
ycf12	174	5423	31.1667	43	72.4780	21	70.7925
group_11090	297	12432	41.8586	89	87.8862	44	86.8987
group_11108	396	844	2.1313	7	5.1843	3	4.4437
group_11138	477	1884	3.9497	13	7.9930	6	7.3782
group_11142	219	228	1.0411	2	2.6784	1	2.6784
group_11155	636	2924	4.5975	20	9.2227	10	9.2227
group_11159	120	0	0.0000	0	0.0000	0	0.0000
group_11183	246	12038	48.9350	87	103.7221	43	102.5299
group_11184	138	0	0.0000	0	0.0000	0	0.0000
group_11207	435	44795	102.9770	322	217.0969	161	217.0970
group_11288	759	11513	15.1686	79	30.5262	39	30.1398
group_11314	339	0	0.0000	0	0.0000	0	0.0000
group_11323	159	441	2.7736	3	5.5336	1	3.6891
group_11347	1107	151	0.1364	1	0.2649	0	0.0000
group_11354	1779	295	0.1658	2	0.3297	1	0.3297
group_11363	120	0	0.0000	0	0.0000	0	0.0000
atpC	417	42602	102.1631	306	215.2149	153	215.2150
group_16012	507	1902	3.7515	13	7.5201	6	6.9416
group_11410	222	1143	5.1486	9	11.8899	4	10.5688
group_11411	1377	2647	1.9223	18	3.8338	9	3.8338
group_11427	1581	10998	6.9564	77	14.2839	38	14.0984
group_15816	339	15451	45.5782	105	90.8399	52	89.9748
group_11474	147	0	0.0000	0	0.0000	0	0.0000
group_11505	399	37835	94.8246	273	200.6674	136	199.9324
group_17614	1335	72182	54.0689	492	108.0863	246	108.0864
group_11517	255	0	0.0000	0	0.0000	0	0.0000
group_11524	180	596	3.3111	4	6.5174	2	6.5174
group_11582	789	22176	28.1065	152	56.5007	76	56.5007
group_11608	777	26717	34.3848	182	68.6969	91	68.6970
group_11609	210	0	0.0000	0	0.0000	0	0.0000
group_11617	345	0	0.0000	0	0.0000	0	0.0000
group_11627	309	24316	78.6926	176	167.0480	88	167.0480
serC	1218	33381	27.4064	225	54.1779	112	53.9371
group_11639	393	6779	17.2494	46	34.3283	23	34.3283
group_11651	193	628	3.2539	5	7.5980	2	6.0784
group_11667	1764	5699	3.2307	38	6.3179	19	6.3179
group_11685	306	150	0.4902	1	0.9584	0	0.0000
group_11688	381	0	0.0000	0	0.0000	0	0.0000
group_11693	231	6721	29.0952	46	58.4027	23	58.4027
group_11714	642	0	0.0000	0	0.0000	0	0.0000
group_11720	222	0	0.0000	0	0.0000	0	0.0000
group_11734	240	870	3.6250	7	8.5541	3	7.3321
group_11752	120	0	0.0000	0	0.0000	0	0.0000
group_11753	1179	0	0.0000	0	0.0000	0	0.0000
group_11761	210	3250	15.4762	24	33.5181	12	33.5181
group_11772	1425	0	0.0000	0	0.0000	0	0.0000
group_11776	324	2123	6.5525	14	12.6727	7	12.6727
group_11786	1503	302	0.2009	2	0.3903	1	0.3903
group_11815	342	1033	3.0205	9	7.7180	4	6.8604
group_11853	240	7948	33.1167	58	70.8767	29	70.8768
group_15536	1245	39286	31.5550	265	62.4257	132	62.1902
group_11890	252	151	0.5992	1	1.1638	0	0.0000
group_11904	725	4762	6.5683	33	13.3494	16	12.9449
group_11917	1017	2412	2.3717	16	4.6141	8	4.6141
group_11927	327	234	0.7156	2	1.7938	1	1.7938
group_11950	294	24435	83.1122	177	176.5684	88	175.5709
group_11968	1770	0	0.0000	0	0.0000	0	0.0000
group_11998	447	3316	7.4183	23	15.0906	11	14.4345
group_12000	924	3011	3.2587	20	6.3481	10	6.3481
group_12019	1929	3306	1.7138	22	3.3449	11	3.3449
group_12022	1521	9376	6.1644	65	12.5335	32	12.3406
group_12026	1254	57067	45.5080	393	91.9141	196	91.6802
group_12030	177	0	0.0000	0	0.0000	0	0.0000
group_12058	240	0	0.0000	0	0.0000	0	0.0000
group_12059	915	3074	3.3596	21	6.7311	10	6.4106
group_12082	117	216	1.8462	4	10.0268	2	10.0268
group_12095	219	352	1.6073	4	5.3568	2	5.3568
group_12102	558	151	0.2706	1	0.5256	0	0.0000
group_12120	957	16014	16.7335	112	34.3236	56	34.3236
group_12128	360	21456	59.6000	152	123.8306	76	123.8307
group_12135	1866	16275	8.7219	108	16.9746	54	16.9746
group_12136	186	602	3.2366	4	6.3072	2	6.3072
group_12140	255	453	1.7765	3	3.4504	1	2.3003
group_12155	1674	29067	17.3638	195	34.1638	97	33.9886
group_12157	420	28951	68.9310	203	141.7535	101	141.0552
group_12197	516	5881	11.3973	41	23.3035	20	22.7351
group_12219	837	0	0.0000	0	0.0000	0	0.0000
group_12247	291	0	0.0000	0	0.0000	0	0.0000
group_12249	270	755	2.7963	5	5.4312	2	4.3449
group_12253	918	15289	16.6547	104	33.2260	52	33.2260
group_12271	1374	0	0.0000	0	0.0000	0	0.0000
group_12278	987	302	0.3060	2	0.5943	1	0.5943
group_12280	1164	1887	1.6211	13	3.2755	6	3.0235
group_12286	231	7551	32.6883	61	77.4470	30	76.1774
group_12315	1521	0	0.0000	0	0.0000	0	0.0000
group_12325	777	0	0.0000	0	0.0000	0	0.0000
group_12376	453	14697	32.4437	103	66.6847	51	66.0373
group_12383	981	1126	1.1478	8	2.3917	4	2.3917
group_12386	1488	135507	91.0665	910	179.3599	455	179.3600
group_12384	687	33744	49.1179	227	96.9072	113	96.4803
group_12410	136	212	1.5588	2	4.3130	1	4.3130
group_12423	177	0	0.0000	0	0.0000	0	0.0000
group_12432	666	0	0.0000	0	0.0000	0	0.0000
group_12442	114	0	0.0000	0	0.0000	0	0.0000
group_15956	3246	47210	14.5441	312	28.1899	156	28.1899
group_12452	393	0	0.0000	0	0.0000	0	0.0000
group_12549	318	14459	45.4686	102	94.0719	51	94.0720
group_12550	117	0	0.0000	0	0.0000	0	0.0000
group_12565	594	151	0.2542	1	0.4937	0	0.0000
group_12570	717	151	0.2106	1	0.4090	0	0.0000
group_12632	201	0	0.0000	0	0.0000	0	0.0000
group_12694	408	1114	2.7304	8	5.7506	4	5.7507
group_12708	633	0	0.0000	0	0.0000	0	0.0000
group_16696	321	0	0.0000	0	0.0000	0	0.0000
group_12729	669	5518	8.2481	38	16.6588	19	16.6588
hisB	630	54777	86.9476	381	177.3664	190	176.9010
group_12752	1269	302	0.2380	2	0.4622	1	0.4622
group_12757	618	594	0.9612	4	1.8983	2	1.8983
group_16435	429	674	1.5711	8	5.4691	4	5.4692
group_12794	288	2264	7.8611	15	15.2752	7	14.2568
group_12797	168	0	0.0000	0	0.0000	0	0.0000
group_12834	738	3242	4.3930	23	9.1403	11	8.7429
group_12850	522	6645	12.7299	48	26.9686	24	26.9686
group_12857	699	2679	3.8326	19	7.9719	9	7.5524
group_12870	279	4666	16.7240	42	44.1501	21	44.1502
group_12883	1857	5398	2.9068	37	5.8436	18	5.6856
group_12919	969	19404	20.0248	132	39.9519	66	39.9519
group_12940	960	302	0.3146	2	0.6110	1	0.6110
group_12966	159	0	0.0000	0	0.0000	0	0.0000
group_12981	672	151	0.2247	1	0.4364	0	0.0000
group_12982	2973	2125	0.7148	15	1.4797	7	1.3811
group_13027	840	268	0.3190	2	0.6983	1	0.6983
group_13032	474	134935	284.6730	930	575.4288	465	575.4290
group_13077	1215	1042	0.8576	7	1.6897	3	1.4483
group_13080	267	3020	11.3109	23	25.2641	11	24.1657
group_13081	189	5994	31.7143	45	69.8293	22	68.2776
group_13116	1374	127586	92.8574	868	185.2764	434	185.2764
group_13119	1977	2086	1.0551	14	2.0769	7	2.0769
group_13122	1170	1057	0.9034	7	1.7547	3	1.5040
group_13154	1569	302	0.1925	2	0.3738	1	0.3738
group_13156	1548	0	0.0000	0	0.0000	0	0.0000
group_13159	195	0	0.0000	0	0.0000	0	0.0000
group_13161	381	19435	51.0105	133	102.3797	66	101.6099
group_13178	234	403	1.7222	3	3.7600	1	2.5067
group_16735	969	8881	9.1651	61	18.4626	30	18.1599
group_13217	807	10876	13.4771	74	26.8934	37	26.8934
group_13233	1011	604	0.5974	4	1.1604	2	1.1604
group_13239	936	73494	78.5192	494	154.7883	247	154.7883
group_13241	6819	8390	1.2304	57	2.4516	28	2.4085
group_13247	573	45552	79.4974	321	164.2999	160	163.7882
group_13262	981	1789	1.8236	12	3.5876	6	3.5876
group_13269	408	316	0.7745	3	2.1565	1	1.4377
group_13285	216	10036	46.4630	75	101.8344	37	100.4766
group_13298	834	745	0.8933	6	2.1100	3	2.1100
group_13321	303	15543	51.2970	109	105.5045	54	104.5366
group_13330	591	0	0.0000	0	0.0000	0	0.0000
group_13342	114	0	0.0000	0	0.0000	0	0.0000
group_15139	1254	0	0.0000	0	0.0000	0	0.0000
group_13353	192	0	0.0000	0	0.0000	0	0.0000
group_13358	180	204	1.1333	2	3.2587	1	3.2587
group_13361	297	149	0.5017	1	0.9875	0	0.0000
group_14798	276	5801	21.0181	42	44.6300	21	44.6300
group_13376	108	0	0.0000	0	0.0000	0	0.0000
group_13398	474	1768	3.7300	13	8.0436	6	7.4249
group_13410	270	2371	8.7815	18	19.5522	9	19.5522
group_13451	822	0	0.0000	0	0.0000	0	0.0000
group_13472	138	0	0.0000	0	0.0000	0	0.0000
group_13473	177	0	0.0000	0	0.0000	0	0.0000
group_13474	1467	11829	8.0634	80	15.9936	40	15.9936
group_13488	192	447	2.3281	4	6.1101	2	6.1101
group_13493	1632	0	0.0000	0	0.0000	0	0.0000
group_13509	621	0	0.0000	0	0.0000	0	0.0000
group_13531	1761	60350	34.2703	405	67.4501	202	67.2836
group_13534	816	9763	11.9645	66	23.7214	33	23.7214
group_13559	1065	444	0.4169	3	0.8261	1	0.5508
group_13563	1044	298	0.2854	2	0.5618	1	0.5618
group_13580	130	206	1.5846	2	4.5120	1	4.5120
group_13581	228	431	1.8904	3	3.8590	1	2.5727
group_13582	915	18520	20.2404	128	41.0276	64	41.0276
group_13585	408	721	1.7672	6	4.3130	3	4.3130
group_13602	1146	1196	1.0436	8	2.0474	4	2.0474
group_13630	915	302	0.3301	2	0.6411	1	0.6411
group_13642	999	6340	6.3463	44	12.9174	22	12.9174
group_13656	282	302	1.0709	2	2.0800	1	2.0800
group_13685	366	2077	5.6749	14	11.2185	7	11.2185
group_13687	213	0	0.0000	0	0.0000	0	0.0000
group_14842	609	0	0.0000	0	0.0000	0	0.0000
group_13706	966	151	0.1563	1	0.3036	0	0.0000
bfr	435	37124	85.3425	266	179.3409	133	179.3410
group_13726	1866	1807	0.9684	12	1.8861	6	1.8861
group_13733	912	151	0.1656	1	0.3216	0	0.0000
group_13758	3429	1661	0.4844	11	0.9408	5	0.8553
group_13781	270	453	1.6778	3	3.2587	1	2.1725
group_13787	186	0	0.0000	0	0.0000	0	0.0000
group_13803	603	0	0.0000	0	0.0000	0	0.0000
group_13807	954	637	0.6677	5	1.5371	2	1.2297
group_13818	582	54429	93.5206	367	184.9397	183	184.4358
group_13824	1290	604	0.4682	4	0.9094	2	0.9094
group_16348	1869	604	0.3232	4	0.6277	2	0.6277
group_13844	2169	37165	17.1346	249	33.6687	124	33.5335
group_13848	579	1185	2.0466	9	4.5588	4	4.0523
group_13889	1023	1510	1.4761	10	2.8669	5	2.8669
group_13899	885	99651	112.6000	675	223.6905	337	223.3592
group_13954	840	906	1.0786	6	2.0949	3	2.0949
group_16688	1479	561	0.3793	4	0.7932	2	0.7932
group_13963	639	151	0.2363	1	0.4590	0	0.0000
group_16670	414	1203	2.9058	8	5.6673	4	5.6673
group_13977	471	453	0.9618	3	1.8680	1	1.2454
group_13981	258	1998	7.7442	14	15.9146	7	15.9146
group_13986	1098	5488	4.9982	39	10.4172	19	10.1501
group_13992	408	0	0.0000	0	0.0000	0	0.0000
group_13995	186	0	0.0000	0	0.0000	0	0.0000
group_17175	897	302	0.3367	2	0.6539	1	0.6539
group_14001	138	0	0.0000	0	0.0000	0	0.0000
der	1359	755	0.5556	5	1.0790	2	0.8632
group_14047	120	0	0.0000	0	0.0000	0	0.0000
group_14066	894	7887	8.8221	54	17.7151	27	17.7151
group_14076	132	0	0.0000	0	0.0000	0	0.0000
group_14085	1461	453	0.3101	3	0.6022	1	0.4015
group_14089	840	1203	1.4321	9	3.1423	4	2.7932
group_14160	321	19503	60.7570	145	132.4799	72	131.5663
group_16578	381	0	0.0000	0	0.0000	0	0.0000
group_14178	402	14611	36.3458	102	74.4151	51	74.4151
group_14179	567	4281	7.5503	31	16.0349	15	15.5176
group_14219	981	20247	20.6391	138	41.2569	69	41.2570
group_14221	135	0	0.0000	0	0.0000	0	0.0000
group_17076	423	450	1.0638	3	2.0800	1	1.3867
group_19105	309	23318	75.4628	156	148.0652	78	148.0653
group_14293	396	4375	11.0480	30	22.2184	15	22.2184
group_14313	1344	3355	2.4963	23	5.0190	11	4.8008
group_14327	1269	1987	1.5658	16	3.6978	8	3.6978
group_14352	552	714	1.2935	5	2.6565	2	2.1252
group_14362	576	26831	46.5816	184	93.6877	92	93.6877
group_14383	879	1190	1.3538	8	2.6692	4	2.6692
group_14395	258	574	2.2248	4	4.5470	2	4.5470
group_14409	741	824	1.1120	6	2.3748	3	2.3748
group_14412	489	1488	3.0429	11	6.5974	5	5.9976
rpe	717	76530	106.7364	527	215.5651	263	215.1561
group_14442	1233	129122	104.7218	868	206.4637	434	206.4637
group_14464	402	453	1.1269	3	2.1887	1	1.4591
group_14460	552	599	1.0851	4	2.1252	2	2.1252
group_14461	486	390	0.8025	3	1.8104	1	1.2069
group_14473	184	262	1.4239	2	3.1879	1	3.1879
group_14479	150	0	0.0000	0	0.0000	0	0.0000
group_14504	270	1785	6.6111	12	13.0348	6	13.0348
group_14518	309	0	0.0000	0	0.0000	0	0.0000
group_14534	201	0	0.0000	0	0.0000	0	0.0000
group_14540	423	22629	53.4965	160	110.9345	80	110.9345
group_14538	561	31766	56.6239	226	118.1497	113	118.1497
group_0	1566	0	0.0000	0	0.0000	0	0.0000
group_10	786	5184	6.5954	35	13.0597	17	12.6865
group_38	666	0	0.0000	0	0.0000	0	0.0000
group_45	111	804	7.2432	8	21.1375	4	21.1375
group_47	129	236	1.8295	2	4.5470	1	4.5470
group_67	219	143	0.6530	1	1.3392	0	0.0000
group_79	153	189	1.2353	2	3.8338	1	3.8338
group_88	282	151	0.5355	1	1.0400	0	0.0000
group_15464	135	0	0.0000	0	0.0000	0	0.0000
group_101	759	178	0.2345	2	0.7728	1	0.7728
group_115	249	0	0.0000	0	0.0000	0	0.0000
group_120	1341	5830	4.3475	40	8.7482	20	8.7482
group_14608	2256	3758	1.6658	26	3.3800	13	3.3800
group_128	1533	894	0.5832	6	1.1479	3	1.1479
group_133	816	2134	2.6152	15	5.3912	7	5.0318
group_191	1812	5649	3.1175	39	6.3124	19	6.1505
group_17225	768	10158	13.2266	70	26.7315	35	26.7315
ycf58	582	55723	95.7440	385	194.0103	192	193.5064
group_233	234	6075	25.9615	46	57.6539	23	57.6540
atpE	246	19234	78.1870	140	166.9091	70	166.9091
group_277	831	906	1.0903	6	2.1176	3	2.1176
group_284	252	302	1.1984	2	2.3276	1	2.3276
group_311	228	0	0.0000	0	0.0000	0	0.0000
group_337	1020	541	0.5304	4	1.1501	2	1.1501
group_376	888	0	0.0000	0	0.0000	0	0.0000
group_379	261	242	0.9272	2	2.2474	1	2.2474
group_393	249	11051	44.3815	82	96.5832	41	96.5832
group_402	1767	52369	29.6372	356	59.0882	178	59.0882
group_409	306	568	1.8562	4	3.8338	2	3.8338
group_418	294	0	0.0000	0	0.0000	0	0.0000
group_15614	1287	549	0.4266	4	0.9115	2	0.9115
group_468	666	141	0.2117	1	0.4404	0	0.0000
group_487	333	19242	57.7838	143	125.9444	71	125.0637
group_572	1332	1578	1.1847	12	2.6422	6	2.6422
group_584	438	1601	3.6553	11	7.3656	5	6.6960
group_586	1824	8997	4.9326	62	9.9691	31	9.9691
group_609	366	11515	31.4617	81	64.9069	40	64.1056
group_616	399	1501	3.7619	10	7.3505	5	7.3505
tic21	675	61215	90.6889	423	183.7907	211	183.3563
group_640	351	5115	14.5726	37	30.9159	18	30.0803
group_653	99	0	0.0000	0	0.0000	0	0.0000
group_15253	696	0	0.0000	0	0.0000	0	0.0000
group_679	1098	604	0.5501	4	1.0684	2	1.0684
group_681	405	276	0.6815	2	1.4483	1	1.4483
group_710	3018	2061	0.6829	14	1.3605	7	1.3605
group_799	699	453	0.6481	3	1.2587	1	0.8392
group_15575	672	1747	2.5997	14	6.1101	7	6.1101
group_869	1293	32990	25.5143	221	50.1280	110	49.9012
group_5097	1146	3397	2.9642	23	5.8861	11	5.6302
group_937	348	151	0.4339	1	0.8428	0	0.0000
group_940	252	302	1.1984	2	2.3276	1	2.3276
arsB	1146	4902	4.2775	33	8.4453	16	8.1894
group_988	147	146	0.9932	1	1.9951	0	0.0000
group_5332	867	302	0.3483	2	0.6765	1	0.6765
group_1058	144	0	0.0000	0	0.0000	0	0.0000
fni	1044	97343	93.2404	667	187.3753	333	187.0944
group_1212	114	0	0.0000	0	0.0000	0	0.0000
group_1262	435	151	0.3471	1	0.6742	0	0.0000
group_1265	351	18138	51.6752	130	108.6234	65	108.6234
group_1270	93	0	0.0000	0	0.0000	0	0.0000
group_1295	1518	3536	2.3294	23	4.4437	11	4.2505
group_1298	765	0	0.0000	0	0.0000	0	0.0000
group_1299	1722	4359	2.5314	30	5.1095	15	5.1095
group_1301	1110	2804	2.5261	19	5.0202	9	4.7559
group_1303	879	119091	135.4846	816	272.2628	408	272.2629
group_16179	375	3040	8.1067	22	17.2059	11	17.2059
group_1310	108	0	0.0000	0	0.0000	0	0.0000
group_1335	237	302	1.2743	2	2.4750	1	2.4750
group_6171	5283	9049	1.7129	61	3.3864	30	3.3309
group_1370	456	5233	11.4759	37	23.7971	18	23.1539
eRG3	777	73801	94.9820	506	190.9926	253	190.9926
group_1396	237	451	1.9030	3	3.7124	1	2.4750
group_1426	405	0	0.0000	0	0.0000	0	0.0000
group_1455	1029	4426	4.3013	31	8.8355	15	8.5505
group_1459	3765	27456	7.2924	183	14.2552	91	14.1773
group_1468	177	7926	44.7797	66	109.3598	33	109.3598
group_15906	411	151	0.3674	1	0.7136	0	0.0000
group_6530	396	0	0.0000	0	0.0000	0	0.0000
group_1523	177	0	0.0000	0	0.0000	0	0.0000
group_6539	2622	6126	2.3364	41	4.5860	20	4.4742
group_1577	207	0	0.0000	0	0.0000	0	0.0000
group_1581	387	3061	7.9096	22	16.6724	11	16.6724
group_1598	381	4430	11.6273	33	25.4025	16	24.6327
group_16902	2832	4222	1.4908	28	2.8997	14	2.8997
ndhA~~~nuoH	1119	125448	112.1072	863	226.1870	431	225.9250
group_1625	939	0	0.0000	0	0.0000	0	0.0000
group_14841	933	302	0.3237	2	0.6287	1	0.6287
group_15066	408	0	0.0000	0	0.0000	0	0.0000
group_17801	723	447	0.6183	4	1.6226	2	1.6226
group_1696	1125	48468	43.0827	335	87.3332	167	87.0725
group_1711	324	453	1.3981	3	2.7156	1	1.8104
hldE	1491	434	0.2911	4	0.7868	2	0.7868
group_1787	165	212	1.2848	2	3.5549	1	3.5549
group_1820	441	755	1.7120	5	3.3252	2	2.6602
group_1822	1017	0	0.0000	0	0.0000	0	0.0000
smpB	465	36679	78.8796	251	158.3098	125	157.6791
group_1915	540	443	0.8204	3	1.6294	1	1.0862
group_1922	10752	22775	2.1182	151	4.1188	75	4.0916
group_1954	147	0	0.0000	0	0.0000	0	0.0000
group_1957	1761	2642	1.5003	18	2.9978	9	2.9978
group_1961	345	23922	69.3391	170	144.5163	85	144.5163
group_15134	138	0	0.0000	0	0.0000	0	0.0000
group_1967	492	2386	4.8496	17	10.1338	8	9.5377
group_1968	120	185	1.5417	2	4.8881	1	4.8881
group_1975	120	0	0.0000	0	0.0000	0	0.0000
group_1978	240	318	1.3250	3	3.6660	1	2.4440
group_1983	213	849	3.9859	6	8.2615	3	8.2615
group_1984	147	142	0.9660	1	1.9951	0	0.0000
group_1985	255	0	0.0000	0	0.0000	0	0.0000
group_1988	774	1511	1.9522	10	3.7892	5	3.7892
group_1993	204	373	1.8284	3	4.3130	1	2.8753
group_2000	693	1003	1.4473	8	3.3857	4	3.3857
group_2003	435	0	0.0000	0	0.0000	0	0.0000
group_2006	204	2481	12.1618	20	28.7532	10	28.7533
group_2007	156	712	4.5641	6	11.2801	3	11.2801
group_2011	198	3084	15.5758	21	31.1058	10	29.6246
group_2020	675	989	1.4652	8	3.4759	4	3.4759
group_2021	549	6911	12.5883	47	25.1080	23	24.5738
group_2047	1767	4239	2.3990	28	4.6474	14	4.6474
cpcB	519	45605	87.8709	321	181.3947	160	180.8297
group_2054	282	17947	63.6418	131	136.2414	65	135.2015
group_2078	318	13222	41.5786	91	83.9269	45	83.0047
group_2086	1053	5170	4.9098	35	9.7483	17	9.4697
yjbJ	183	1656	9.0492	14	22.4370	7	22.4370
group_2091	246	681	2.7683	5	5.9610	2	4.7688
group_2094	336	13498	40.1726	94	82.0494	47	82.0495
group_2098	633	4543	7.1769	32	14.8263	16	14.8263
group_2109	402	4418	10.9900	35	25.5346	17	24.8050
group_2110	2133	1378	0.6460	10	1.3750	5	1.3750
group_2118	186	0	0.0000	0	0.0000	0	0.0000
group_2129	372	287	0.7715	2	1.5768	1	1.5768
group_2130	345	302	0.8754	2	1.7002	1	1.7002
group_2153	669	30390	45.4260	209	91.6236	104	91.1852
group_2158	420	0	0.0000	0	0.0000	0	0.0000
group_15626	1599	5813	3.6354	37	6.7864	18	6.6030
group_16241	1542	0	0.0000	0	0.0000	0	0.0000
group_16390	588	453	0.7704	3	1.4963	1	0.9976
group_2186	168	2330	13.8690	21	36.6604	10	34.9147
group_2196	573	2297	4.0087	17	8.7012	8	8.1894
group_2209	2466	11524	4.6732	77	9.1577	38	9.0387
group_2217	135	0	0.0000	0	0.0000	0	0.0000
group_2228	213	0	0.0000	0	0.0000	0	0.0000
group_2236	540	302	0.5593	2	1.0862	1	1.0862
group_16084	8403	177196	21.0872	1178	41.1148	589	41.1148
group_2238	852	0	0.0000	0	0.0000	0	0.0000
group_2240	138	141	1.0217	2	4.2505	1	4.2505
group_2242	360	1697	4.7139	12	9.7761	6	9.7761
group_2252	849	43262	50.9564	300	103.6336	150	103.6336
group_19051	225	5002	22.2311	37	48.2288	18	46.9253
group_2270	213	2190	10.2817	20	27.5383	10	27.5383
group_2278	201	1534	7.6318	11	16.0503	5	14.5912
group_2283	327	2224	6.8012	15	13.4534	7	12.5565
group_2286	1659	0	0.0000	0	0.0000	0	0.0000
group_2291	216	0	0.0000	0	0.0000	0	0.0000
group_2292	234	5446	23.2735	40	50.1339	20	50.1339
group_2298	438	0	0.0000	0	0.0000	0	0.0000
group_2303	696	38029	54.6394	263	110.8239	131	110.4026
group_2305	675	34744	51.4726	236	102.5405	118	102.5405
fur	552	55998	101.4457	390	207.2109	195	207.2109
group_2312	267	3064	11.4757	22	24.1656	11	24.1657
group_2315	258	15076	58.4341	110	125.0432	55	125.0432
group_2318	1986	0	0.0000	0	0.0000	0	0.0000
group_2323	261	15138	58.0000	107	120.2348	53	119.1112
group_2338	204	3276	16.0588	22	31.6286	11	31.6286
group_14761	708	15650	22.1045	111	45.9808	55	45.5666
group_2354	261	1057	4.0498	7	7.8658	3	6.7421
group_2355	1188	0	0.0000	0	0.0000	0	0.0000
group_2356	507	50123	98.8619	359	207.6699	179	207.0915
group_2359	117	1458	12.4615	18	45.1205	9	45.1205
group_2382	273	0	0.0000	0	0.0000	0	0.0000
map	804	34868	43.3682	242	88.2767	121	88.2768
group_2390	720	28855	40.0764	198	80.6528	99	80.6529
group_2394	441	625	1.4172	5	3.3252	2	2.6602
abgB	1002	105607	105.3962	716	209.5715	358	209.5716
group_2411	132	890	6.7424	10	22.2184	5	22.2184
group_2412	351	1812	5.1624	12	10.0268	6	10.0268
group_2416	1044	1859	1.7807	13	3.6520	6	3.3711
petN	150	1099	7.3267	10	19.5522	5	19.5522
group_2420	1281	0	0.0000	0	0.0000	0	0.0000
group_2427	273	0	0.0000	0	0.0000	0	0.0000
group_2435	306	2795	9.1340	19	18.2104	9	17.2520
group_15041	3126	895	0.2863	6	0.5629	3	0.5629
group_2439	231	226	0.9784	2	2.5392	1	2.5392
group_2447	432	39775	92.0718	292	198.2376	146	198.2377
group_2454	909	33657	37.0264	231	74.5307	115	74.2081
group_2459	336	2100	6.2500	15	13.0930	7	12.2201
group_2469	276	7188	26.0435	50	53.1310	25	53.1310
group_2470	1698	303	0.1784	2	0.3454	1	0.3454
group_2474	195	1097	5.6256	8	12.0321	4	12.0321
group_2477	342	0	0.0000	0	0.0000	0	0.0000
group_2478	279	11880	42.5806	85	89.3515	42	88.3003
group_2479	288	0	0.0000	0	0.0000	0	0.0000
group_2489	282	747	2.6489	5	5.2001	2	4.1600
group_2499	3582	3020	0.8431	20	1.6375	10	1.6375
group_2505	1257	4512	3.5895	30	6.9996	15	6.9996
group_2508	246	2377	9.6626	21	25.0364	10	23.8442
group_2515	771	0	0.0000	0	0.0000	0	0.0000
group_2514	231	0	0.0000	0	0.0000	0	0.0000
group_15398	1665	0	0.0000	0	0.0000	0	0.0000
group_2553	348	0	0.0000	0	0.0000	0	0.0000
group_2568	147	231	1.5714	2	3.9902	1	3.9902
group_2576	1092	64756	59.3004	444	119.2470	222	119.2470
group_2579	216	8848	40.9630	66	89.6143	33	89.6143
group_2583	399	6666	16.7068	46	33.8121	23	33.8121
group_2585	291	568	1.9519	4	4.0314	2	4.0314
group_2592	834	0	0.0000	0	0.0000	0	0.0000
group_2596	276	3621	13.1196	24	25.5029	12	25.5029
group_2602	507	10119	19.9586	71	41.0712	35	40.4927
group_2607	213	1595	7.4883	13	17.8999	6	16.5230
group_2608	159	0	0.0000	0	0.0000	0	0.0000
group_2613	309	0	0.0000	0	0.0000	0	0.0000
group_15062	2229	3423	1.5357	24	3.1578	12	3.1578
group_2621	186	0	0.0000	0	0.0000	0	0.0000
group_2623	120	0	0.0000	0	0.0000	0	0.0000
group_2643	1026	1492	1.4542	10	2.8585	5	2.8585
group_2644	322	0	0.0000	0	0.0000	0	0.0000
group_2646	240	2380	9.9167	19	23.2182	9	21.9962
group_2669	240	4181	17.4208	34	41.5484	17	41.5484
group_2687	417	5604	13.4388	41	28.8360	20	28.1327
group_2691	111	0	0.0000	0	0.0000	0	0.0000
group_2704	225	14225	63.2222	106	138.1689	53	138.1690
group_2711	150	0	0.0000	0	0.0000	0	0.0000
group_2713	879	0	0.0000	0	0.0000	0	0.0000
group_2717	168	0	0.0000	0	0.0000	0	0.0000
ureA	390	30960	79.3846	218	163.9377	109	163.9378
group_2725	144	0	0.0000	0	0.0000	0	0.0000
group_2731	1113	2519	2.2633	17	4.4796	8	4.2161
group_15260	486	40979	84.3189	294	177.4182	147	177.4182
rsbU	1137	84617	74.4213	571	147.2864	285	147.0285
group_2747	645	0	0.0000	0	0.0000	0	0.0000
group_2768	210	7842	37.3429	57	79.6054	28	78.2088
group_2773	696	453	0.6509	3	1.2642	1	0.8428
group_2781	220	3993	18.1500	27	35.9938	13	34.6607
group_2785	288	1305	4.5313	11	11.2018	5	10.1834
group_17188	165	0	0.0000	0	0.0000	0	0.0000
ccmK1~~~ccmK	342	26536	77.5906	195	167.2228	97	166.3653
group_2800	288	1317	4.5729	10	10.1834	5	10.1834
group_2803	363	1057	2.9118	7	5.6556	3	4.8477
group_2805	210	453	2.1571	3	4.1898	1	2.7932
group_2809	1428	22610	15.8333	152	31.2178	76	31.2178
group_2814	300	0	0.0000	0	0.0000	0	0.0000
speD	462	49624	107.4113	352	223.4538	176	223.4538
group_2815	198	2715	13.7121	20	29.6246	10	29.6246
group_2816	1407	13873	9.8600	94	19.5939	47	19.5939
group_2819	117	550	4.7009	6	15.0402	3	15.0402
group_2822	276	5142	18.6304	38	40.3796	19	40.3796
group_2825	504	1359	2.6964	9	5.2372	4	4.6553
group_2826	228	9210	40.3947	68	87.4704	34	87.4704
group_2827	207	2910	14.0580	20	28.3365	10	28.3365
group_15910	1656	1324	0.7995	10	1.7710	5	1.7710
group_2828	249	11591	46.5502	86	101.2946	43	101.2946
group_2830	1497	1057	0.7061	7	1.3714	3	1.1755
group_2832	105	0	0.0000	0	0.0000	0	0.0000
group_2837	300	0	0.0000	0	0.0000	0	0.0000
group_2841	279	3905	13.9964	29	30.4846	14	29.4334
thrS	1800	218323	121.2906	1470	239.5145	735	239.5146
group_2854	225	974	4.3289	7	9.1244	3	7.8209
group_2855	444	4500	10.1351	30	19.8164	15	19.8164
group_2858	372	13798	37.0914	92	72.5324	46	72.5324
group_2862	276	0	0.0000	0	0.0000	0	0.0000
group_2863	1644	95618	58.1618	647	115.4222	323	115.2439
group_2868	237	6804	28.7089	48	59.3991	24	59.3991
group_2870	369	1765	4.7832	12	9.5377	6	9.5377
group_2871	366	374	1.0219	3	2.4040	1	1.6026
group_2874	912	5187	5.6875	33	10.6122	16	10.2906
group_2879	291	11982	41.1753	84	84.6590	42	84.6591
group_2883	363	453	1.2479	3	2.4238	1	1.6159
group_2892	309	1965	6.3592	14	13.2879	7	13.2879
group_2896	141	459	3.2553	6	12.4801	3	12.4801
group_2900	1269	2425	1.9110	16	3.6978	8	3.6978
group_2910	141	182	1.2908	2	4.1600	1	4.1600
group_2915	1119	0	0.0000	0	0.0000	0	0.0000
group_2916	828	302	0.3647	2	0.7084	1	0.7084
group_2933	345	3232	9.3681	24	20.4023	12	20.4023
group_2938	1005	56007	55.7284	386	112.6440	193	112.6441
group_2939	231	258	1.1169	2	2.5392	1	2.5392
group_2943	1020	113489	111.2637	775	222.8376	387	222.5502
group_2944	642	11767	18.3287	83	37.9167	41	37.4598
group_2948	435	4274	9.8253	32	21.5748	16	21.5749
group_17634	1416	20000	14.1243	133	27.5471	66	27.3400
group_2956	285	6298	22.0982	45	46.3079	22	45.2788
group_2959	198	78	0.3939	1	1.4812	0	0.0000
group_2964	402	1665	4.1418	13	9.4843	6	8.7547
group_2974	501	33622	67.1098	235	137.5679	117	136.9826
group_2975	315	0	0.0000	0	0.0000	0	0.0000
group_2980	219	0	0.0000	0	0.0000	0	0.0000
group_2983	150	0	0.0000	0	0.0000	0	0.0000
group_2988	315	3025	9.6032	23	21.4143	11	20.4833
group_2996	129	258	2.0000	2	4.5470	1	4.5470
group_3000	264	2450	9.2803	21	23.3293	10	22.2184
group_3002	198	0	0.0000	0	0.0000	0	0.0000
group_16492	1746	3464	1.9840	23	3.8634	11	3.6954
group_17190	1695	1208	0.7127	8	1.3842	4	1.3842
group_15970	318	10757	33.8270	76	70.0928	38	70.0928
group_16503	423	151	0.3570	1	0.6933	0	0.0000
group_16720	372	15605	41.9489	106	83.5699	53	83.5699
group_3047	1308	13161	10.0619	89	19.9558	44	19.7316
group_3055	909	0	0.0000	0	0.0000	0	0.0000
group_3061	681	302	0.4435	2	0.8613	1	0.8613
group_3066	405	575	1.4198	4	2.8966	2	2.8966
group_3068	816	2526	3.0956	17	6.1101	8	5.7507
group_3073	1119	0	0.0000	0	0.0000	0	0.0000
group_3074	315	10913	34.6444	75	69.8293	37	68.8983
group_3078	369	31040	84.1192	222	176.4467	111	176.4468
group_3083	411	0	0.0000	0	0.0000	0	0.0000
group_3097	210	1247	5.9381	10	13.9659	5	13.9659
group_3100	336	24603	73.2232	174	151.8787	87	151.8788
group_3101	1326	0	0.0000	0	0.0000	0	0.0000
group_3107	624	42186	67.6058	290	136.3014	145	136.3015
group_3109	744	0	0.0000	0	0.0000	0	0.0000
group_3117	336	4922	14.6488	36	31.4232	18	31.4232
group_3118	195	0	0.0000	0	0.0000	0	0.0000
group_3119	219	151	0.6895	1	1.3392	0	0.0000
group_3124	240	1142	4.7583	8	9.7761	4	9.7761
group_3128	828	0	0.0000	0	0.0000	0	0.0000
group_3130	99	0	0.0000	0	0.0000	0	0.0000
group_3132	213	302	1.4178	2	2.7538	1	2.7538
rplN	369	37712	102.2005	272	216.1870	136	216.1871
group_3144	849	302	0.3557	2	0.6909	1	0.6909
group_3145	516	15979	30.9671	114	64.7951	57	64.7951
group_3146	624	1535	2.4599	12	5.6401	6	5.6401
group_3156	186	0	0.0000	0	0.0000	0	0.0000
group_3160	492	852	1.7317	6	3.5766	3	3.5766
group_3161	252	0	0.0000	0	0.0000	0	0.0000
group_3165	369	733	1.9864	5	3.9740	2	3.1792
rplS	465	41505	89.2581	289	182.2770	144	181.6464
group_3184	414	1208	2.9179	8	5.6673	4	5.6673
group_16642	1992	25362	12.7319	172	25.3236	86	25.3236
group_3187	429	0	0.0000	0	0.0000	0	0.0000
group_3196	249	0	0.0000	0	0.0000	0	0.0000
group_3197	363	1129	3.1102	8	6.4635	4	6.4635
group_3200	279	831	2.9785	6	6.3072	3	6.3072
group_15842	1905	47884	25.1360	312	48.0338	156	48.0338
group_3211	282	0	0.0000	0	0.0000	0	0.0000
group_3215	801	0	0.0000	0	0.0000	0	0.0000
group_3218	762	44642	58.5853	306	117.7751	153	117.7751
group_3224	116	0	0.0000	0	0.0000	0	0.0000
group_3225	339	0	0.0000	0	0.0000	0	0.0000
group_3228	168	0	0.0000	0	0.0000	0	0.0000
group_3233	387	0	0.0000	0	0.0000	0	0.0000
group_3235	144	0	0.0000	0	0.0000	0	0.0000
group_14735	177	302	1.7062	2	3.3139	1	3.3139
group_3240	564	755	1.3387	5	2.6000	2	2.0800
group_3243	423	0	0.0000	0	0.0000	0	0.0000
group_16898	282	151	0.5355	1	1.0400	0	0.0000
group_3254	846	3541	4.1856	25	8.6668	12	8.3201
group_3255	286	0	0.0000	0	0.0000	0	0.0000
group_3256	222	271	1.2207	2	2.6422	1	2.6422
group_3260	231	0	0.0000	0	0.0000	0	0.0000
group_3263	135	0	0.0000	0	0.0000	0	0.0000
group_3270	294	0	0.0000	0	0.0000	0	0.0000
group_3276	195	578	2.9641	4	6.0161	2	6.0161
group_14602	3309	15025	4.5406	99	8.7746	49	8.6859
group_3282	141	177	1.2553	2	4.1600	1	4.1600
group_3286	138	0	0.0000	0	0.0000	0	0.0000
group_3287	348	1575	4.5259	11	9.2704	5	8.4277
group_3297	105	404	3.8476	6	16.7590	3	16.7590
group_3301	783	12958	16.5492	89	33.3361	44	32.9616
group_3305	261	0	0.0000	0	0.0000	0	0.0000
potD	1149	20508	17.8486	138	35.2246	69	35.2246
group_16907	402	1491	3.7090	11	8.0252	5	7.2956
group_3315	903	75027	83.0864	509	165.3168	254	164.9921
group_3316	2079	1812	0.8716	12	1.6928	6	1.6928
group_3318	270	1853	6.8630	14	15.2073	7	15.2073
group_3319	147	0	0.0000	0	0.0000	0	0.0000
group_16891	282	1002	3.5532	7	7.2801	3	6.2401
group_3327	189	2378	12.5820	19	29.4835	9	27.9317
group_3328	429	636	1.4825	5	3.4182	2	2.7346
group_3355	258	3379	13.0969	25	28.4189	12	27.2822
group_3357	396	1655	4.1793	8	5.9249	4	5.9249
group_3362	405	1049	2.5901	7	5.0691	3	4.3449
group_3367	312	1349	4.3237	9	8.4601	4	7.5201
group_3370	357	151	0.4230	1	0.8215	0	0.0000
group_3374	276	1355	4.9094	9	9.5636	4	8.5010
group_3381	204	0	0.0000	0	0.0000	0	0.0000
group_3382	165	0	0.0000	0	0.0000	0	0.0000
group_3383	246	411	1.6707	3	3.5766	1	2.3844
group_3386	1041	1661	1.5956	11	3.0991	5	2.8173
group_3392	531	0	0.0000	0	0.0000	0	0.0000
group_3393	438	4198	9.5845	31	20.7575	15	20.0879
group_3404	534	0	0.0000	0	0.0000	0	0.0000
group_16090	1620	0	0.0000	0	0.0000	0	0.0000
group_3416	264	9347	35.4053	66	73.3208	33	73.3208
group_3423	265	302	1.1396	2	2.2135	1	2.2135
group_3425	798	5222	6.5439	35	12.8633	17	12.4958
group_3432	1860	4525	2.4328	31	4.8881	15	4.7304
group_15941	3006	47096	15.6673	314	30.6357	157	30.6357
group_3445	219	9149	41.7763	67	89.7259	33	88.3867
group_3449	4023	74097	18.4183	413	30.1084	206	30.0355
group_3474	864	755	0.8738	5	1.6972	2	1.3578
group_3481	213	0	0.0000	0	0.0000	0	0.0000
group_3482	342	0	0.0000	0	0.0000	0	0.0000
group_3493	504	8943	17.7440	63	36.6604	31	36.0785
group_3501	774	0	0.0000	0	0.0000	0	0.0000
group_3506	918	0	0.0000	0	0.0000	0	0.0000
group_3509	228	11422	50.0965	82	105.4790	41	105.4790
group_3512	477	1561	3.2725	12	7.3782	6	7.3782
group_3517	2511	1812	0.7216	12	1.4016	6	1.4016
group_3522	1098	896	0.8160	6	1.6026	3	1.6026
group_3525	156	0	0.0000	0	0.0000	0	0.0000
group_3526	513	0	0.0000	0	0.0000	0	0.0000
group_3529	1191	12595	10.5751	85	20.9312	42	20.6850
group_3530	297	512	1.7239	4	3.9499	2	3.9499
group_19107	222	760	3.4234	6	7.9266	3	7.9266
group_3537	897	287	0.3200	2	0.6539	1	0.6539
group_3547	111	0	0.0000	0	0.0000	0	0.0000
group_3550	138	355	2.5725	4	8.5010	2	8.5010
group_3554	2076	4430	2.1339	30	4.2382	15	4.2382
group_3559	438	22815	52.0890	163	109.1442	81	108.4746
group_16446	645	63980	99.1938	438	199.1597	219	199.1597
group_3565	393	755	1.9211	5	3.7313	2	2.9851
group_3567	4053	0	0.0000	0	0.0000	0	0.0000
group_3570	1065	28954	27.1869	198	54.5259	99	54.5259
mnmG	1908	48008	25.1614	323	49.6491	161	49.4954
group_3598	174	141	0.8103	1	1.6855	0	0.0000
group_3601	510	50503	99.0255	352	202.4228	176	202.4229
group_3608	459	0	0.0000	0	0.0000	0	0.0000
group_17584	699	23740	33.9628	160	67.1320	80	67.1321
group_3611	249	5217	20.9518	39	45.9359	19	44.7581
group_3617	165	0	0.0000	0	0.0000	0	0.0000
group_14756	864	72330	83.7153	496	168.3662	248	168.3663
group_15235	7215	10329	1.4316	72	2.9267	36	2.9267
group_3625	828	1025	1.2379	7	2.4794	3	2.1252
group_16242	1284	0	0.0000	0	0.0000	0	0.0000
group_3651	360	144	0.4000	1	0.8147	0	0.0000
group_15123	846	62731	74.1501	422	146.2949	211	146.2949
group_3668	327	453	1.3853	3	2.6907	1	1.7938
group_3678	330	5513	16.7061	41	36.4382	20	35.5495
group_3693	333	208	0.6246	2	1.7615	1	1.7615
group_3694	663	188	0.2836	2	0.8847	1	0.8847
group_3695	252	16998	67.4524	121	140.8224	60	139.6587
group_18883	1755	29542	16.8330	198	33.0883	99	33.0884
group_3715	120	0	0.0000	0	0.0000	0	0.0000
rpoA	942	2162	2.2951	18	5.6041	9	5.6041
group_18908	456	755	1.6557	5	3.2158	2	2.5727
group_3724	183	252	1.3770	2	3.2053	1	3.2053
group_3731	228	176	0.7719	2	2.5727	1	2.5727
group_3733	243	0	0.0000	0	0.0000	0	0.0000
group_18919	399	33547	84.0777	232	170.5305	116	170.5306
group_3745	513	0	0.0000	0	0.0000	0	0.0000
group_19108	1626	36081	22.1900	243	43.8301	121	43.6498
group_18941	1389	56775	40.8747	384	81.0804	192	81.0804
group_3765	136	230	1.6912	2	4.3130	1	4.3130
group_18952	606	42781	70.5957	299	144.7057	149	144.2218
group_18954	1587	91074	57.3875	602	111.2517	301	111.2517
group_3772	1311	26139	19.9382	181	40.4914	90	40.2677
group_3779	234	151	0.6453	1	1.2533	0	0.0000
group_3781	756	17355	22.9563	121	46.9408	60	46.5529
group_3784	390	0	0.0000	0	0.0000	0	0.0000
group_3786	366	604	1.6503	4	3.2053	2	3.2053
group_3787	363	2741	7.5510	21	16.9668	10	16.1589
group_3790	246	7598	30.8862	52	61.9948	26	61.9948
group_3791	351	0	0.0000	0	0.0000	0	0.0000
group_16136	387	0	0.0000	0	0.0000	0	0.0000
group_3802	138	232	1.6812	2	4.2505	1	4.2505
group_3808	333	0	0.0000	0	0.0000	0	0.0000
group_3821	414	1372	3.3140	10	7.0841	5	7.0841
psaB	2214	10930	4.9368	74	9.8026	37	9.8026
group_3826	351	265	0.7550	2	1.6711	1	1.6711
group_3827	228	2893	12.6886	22	28.2992	11	28.2993
group_18982	243	2169	8.9259	17	20.5177	8	19.3108
group_3846	9591	14933	1.5570	100	3.0579	50	3.0579
group_19007	1005	25009	24.8846	169	49.3182	84	49.0264
group_19016	2223	2677	1.2042	18	2.3748	9	2.3748
group_19015	243	151	0.6214	1	1.2069	0	0.0000
group_3859	579	0	0.0000	0	0.0000	0	0.0000
group_3861	342	337	0.9854	3	2.5727	1	1.7151
group_3864	213	147	0.6901	1	1.3769	0	0.0000
group_3866	279	4648	16.6595	32	33.6382	16	33.6382
group_3868	498	41775	83.8855	283	166.6649	141	166.0760
group_18923	681	18607	27.3231	128	55.1252	64	55.1252
group_3876	831	82791	99.6282	549	193.7574	274	193.4045
group_3881	834	564	0.6763	4	1.4066	2	1.4066
group_18934	1593	169185	106.2053	1141	210.0665	570	209.8825
group_3890	1266	0	0.0000	0	0.0000	0	0.0000
group_3893	231	0	0.0000	0	0.0000	0	0.0000
group_3903	213	835	3.9202	6	8.2615	3	8.2615
group_19059	1044	4508	4.3180	30	8.4277	15	8.4277
group_3908	210	473	2.2524	4	5.5863	2	5.5863
group_19013	372	28616	76.9247	200	157.6791	100	157.6791
group_3911	504	166	0.3294	2	1.1638	1	1.1638
group_18933	2928	224579	76.7005	1509	151.1490	754	151.0488
group_3915	552	5474	9.9167	39	20.7211	19	20.1898
group_19078	2013	96910	48.1421	655	95.4299	327	95.2842
group_3920	321	2914	9.0779	20	18.2731	10	18.2731
group_3923	909	9192	10.1122	61	19.6813	30	19.3586
group_19102	1488	255	0.1714	2	0.3942	1	0.3942
group_3933	168	0	0.0000	0	0.0000	0	0.0000
group_3934	303	2504	8.2640	17	16.4548	8	15.4869
group_3938	327	0	0.0000	0	0.0000	0	0.0000
group_3941	186	106	0.5699	2	3.1536	1	3.1536
group_3944	117	0	0.0000	0	0.0000	0	0.0000
group_3964	1434	40880	28.5077	276	56.4478	138	56.4478
group_3966	723	151	0.2089	1	0.4056	0	0.0000
group_3972	297	1703	5.7340	12	11.8498	6	11.8498
group_3983	2670	2265	0.8483	15	1.6477	7	1.5378
acsF	1170	133401	114.0179	899	225.3517	449	225.1011
group_3988	324	604	1.8642	4	3.6208	2	3.6208
group_4002	129	0	0.0000	0	0.0000	0	0.0000
group_4007	4086	5889	1.4413	39	2.7993	19	2.7275
group_4015	417	151	0.3621	1	0.7033	0	0.0000
group_4018	216	14063	65.1065	104	141.2104	52	141.2104
group_4056	162	228	1.4074	2	3.6208	1	3.6208
group_17649	948	8857	9.3428	65	20.1091	32	19.7997
group_4072	1842	0	0.0000	0	0.0000	0	0.0000
group_4073	3357	256193	76.3161	1713	149.6556	856	149.5683
group_4075	813	77640	95.4982	531	191.5539	265	191.1932
bchD	2001	228123	114.0045	1532	224.5426	766	224.5426
group_4079	2277	7902	3.4704	54	6.9553	27	6.9553
rpoC1	1881	228718	121.5938	1560	243.2332	780	243.2333
group_4114	2004	2261	1.1282	15	2.1952	7	2.0489
group_4115	516	48175	93.3624	341	193.8169	170	193.2486
group_4121	1497	302	0.2017	2	0.3918	1	0.3918
group_4124	1767	170207	96.3254	1144	189.8788	572	189.8789
group_4138	345	151	0.4377	1	0.8501	0	0.0000
lysS	1638	40834	24.9292	273	48.8805	136	48.7015
group_4147	1698	2311	1.3610	16	2.7636	8	2.7636
group_4148	123	0	0.0000	0	0.0000	0	0.0000
ndhD2	1662	191227	115.0584	1292	227.9914	646	227.9915
group_4171	1686	124721	73.9745	842	146.4676	421	146.4676
group_4176	1617	2798	1.7304	19	3.4461	9	3.2647
comB	726	69397	95.5882	480	193.9062	240	193.9062
group_4193	333	0	0.0000	0	0.0000	0	0.0000
group_4197	1299	1053	0.8106	7	1.5804	3	1.3547
group_4198	1284	0	0.0000	0	0.0000	0	0.0000
group_4203	1230	1053	0.8561	7	1.6691	3	1.4306
group_4220	624	2412	3.8654	17	7.9901	8	7.5201
group_4247	1440	533	0.3701	4	0.8147	2	0.8147
cbbL	1416	204460	144.3927	1383	286.4481	691	286.2411
group_4254	267	605	2.2659	5	5.4922	2	4.3938
bchL	870	551	0.6333	4	1.3484	2	1.3484
group_4258	1410	143973	102.1085	962	200.0981	481	200.0982
psbC	1383	70991	51.3312	481	102.0023	240	101.7903
group_4265	297	571	1.9226	4	3.9499	2	3.9499
group_4268	1368	39250	28.6915	267	57.2417	133	57.0273
group_4274	285	15649	54.9088	115	118.3423	57	117.3133
group_4276	621	35507	57.1771	249	117.5966	124	117.1244
group_4296	567	57500	101.4109	406	210.0052	203	210.0052
group_4306	453	2889	6.3775	20	12.9485	10	12.9485
group_4314	1314	7326	5.5753	49	10.9367	24	10.7135
group_4316	1302	74715	57.3848	507	114.2047	253	113.9795
group_15532	1296	37492	28.9290	255	57.7062	127	57.4799
group_4321	621	42873	69.0386	302	142.6272	151	142.6272
group_4337	402	2159	5.3706	16	11.6730	8	11.6730
group_4347	1227	9476	7.7229	65	15.5366	32	15.2976
group_4348	165	122	0.7394	2	3.5549	1	3.5549
group_4352	1107	19622	17.7254	132	34.9714	66	34.9714
group_4354	1215	16325	13.4362	112	27.0351	56	27.0352
group_4356	1509	11716	7.7641	79	15.3541	39	15.1598
pyrD	1143	109659	95.9396	746	191.4166	373	191.4167
group_4376	615	6027	9.8000	41	19.5522	20	19.0753
frhB	1194	137719	115.3425	931	228.6822	465	228.4366
gmrSD	1722	4535	2.6336	32	5.4501	16	5.4501
group_4404	504	14144	28.0635	101	58.7730	50	58.1911
group_4408	558	229	0.4104	2	1.0512	1	1.0512
dnaN	306	453	1.4804	3	2.8753	1	1.9169
group_4426	1143	110156	96.3745	745	191.1600	372	190.9035
group_4442	930	945	1.0161	7	2.2075	3	1.8921
group_4450	804	1340	1.6667	10	3.6478	5	3.6478
group_4453	243	7635	31.4198	52	62.7602	26	62.7602
group_4454	12021	2567	0.2135	17	0.4148	8	0.3904
group_4458	1671	17177	10.2795	117	20.5351	58	20.3596
group_4469	1107	89966	81.2701	609	161.3454	304	161.0806
group_4470	1107	302	0.2728	2	0.5299	1	0.5299
group_4471	1188	89417	75.2668	604	149.1103	302	149.1103
group_4487	2616	0	0.0000	0	0.0000	0	0.0000
group_4501	150	0	0.0000	0	0.0000	0	0.0000
group_4505	129	213	1.6512	2	4.5470	1	4.5470
group_4517	555	600	1.0811	4	2.1138	2	2.1138
group_4527	141	0	0.0000	0	0.0000	0	0.0000
group_4533	1038	595	0.5732	4	1.1302	2	1.1302
group_4549	510	0	0.0000	0	0.0000	0	0.0000
group_4550	1581	1476	0.9336	9	1.6695	4	1.4840
group_4562	471	453	0.9618	3	1.8680	1	1.2454
group_4565	525	1356	2.5829	10	5.5863	5	5.5863
wecE	1128	9903	8.7793	67	17.4202	33	17.1602
group_4592	969	599	0.6182	5	1.5133	2	1.2107
group_4595	219	1575	7.1918	11	14.7311	5	13.3919
group_4599	429	1825	4.2541	13	8.8874	6	8.2037
group_4633	258	4098	15.8837	31	35.2394	15	34.1027
group_4642	921	0	0.0000	0	0.0000	0	0.0000
petP	399	32943	82.5639	232	170.5305	116	170.5306
group_4677	1278	7956	6.2254	51	11.7038	25	11.4743
group_4678	447	18175	40.6600	128	83.9826	64	83.9827
group_4680	1194	453	0.3794	3	0.7369	1	0.4913
group_4686	720	0	0.0000	0	0.0000	0	0.0000
group_4688	363	14813	40.8072	101	81.6022	50	80.7943
cphB	864	81840	94.7222	567	192.4670	283	192.1276
cphA	2634	261119	99.1340	1747	194.5199	873	194.4087
group_4696	1908	12267	6.4292	83	12.7581	41	12.6044
group_4698	186	0	0.0000	0	0.0000	0	0.0000
group_19106	828	62104	75.0048	415	146.9957	207	146.6416
group_4706	666	0	0.0000	0	0.0000	0	0.0000
group_4733	807	302	0.3742	2	0.7268	1	0.7268
group_4739	267	20208	75.6854	144	158.1751	72	158.1752
group_4742	792	50765	64.0972	351	129.9777	175	129.6075
group_17224	1647	13770	8.3607	92	16.3825	46	16.3825
group_4772	114	0	0.0000	0	0.0000	0	0.0000
group_4784	1566	14905	9.5179	101	18.9154	50	18.7282
group_4787	618	1541	2.4935	11	5.2202	5	4.7457
group_4807	336	30814	91.7083	216	188.5391	108	188.5392
group_4808	720	314	0.4361	2	0.8147	1	0.8147
hcp	1629	173673	106.6133	1178	212.0856	589	212.0857
group_4813	888	453	0.5101	3	0.9908	1	0.6605
group_4814	201	0	0.0000	0	0.0000	0	0.0000
group_4834	117	0	0.0000	0	0.0000	0	0.0000
group_4863	117	0	0.0000	0	0.0000	0	0.0000
group_4868	304	1330	4.3750	11	10.6122	5	9.6475
group_4870	1128	3494	3.0975	24	6.2401	12	6.2401
group_4901	369	0	0.0000	0	0.0000	0	0.0000
group_4902	582	5481	9.4175	39	19.6530	19	19.1491
group_4912	699	604	0.8641	4	1.6783	2	1.6783
group_4913	570	35512	62.3018	247	127.0893	123	126.5748
group_4937	2748	7330	2.6674	49	5.2296	24	5.1229
group_4943	309	26184	84.7379	194	184.1324	97	184.1325
group_4944	309	18875	61.0841	136	129.0825	68	129.0826
group_4947	1746	906	0.5189	6	1.0078	3	1.0078
group_4975	270	0	0.0000	0	0.0000	0	0.0000
group_4978	153	0	0.0000	0	0.0000	0	0.0000
group_4986	153	0	0.0000	0	0.0000	0	0.0000
group_5010	1425	179	0.1256	2	0.4116	1	0.4116
group_5030	558	26360	47.2401	183	96.1842	91	95.6587
group_5032	462	302	0.6537	2	1.2696	1	1.2696
group_5042	3066	8807	2.8725	60	5.7394	30	5.7394
group_5049	264	0	0.0000	0	0.0000	0	0.0000
group_5055	309	23651	76.5405	169	160.4040	84	159.4549
group_5056	1737	18747	10.7927	127	21.4433	63	21.2744
group_5063	96	0	0.0000	0	0.0000	0	0.0000
group_5066	11259	112391	9.9823	632	16.4628	316	16.4628
group_5071	429	4278	9.9720	30	20.5093	15	20.5093
group_5074	228	2416	10.5965	17	21.8676	8	20.5813
group_5080	210	0	0.0000	0	0.0000	0	0.0000
group_5090	264	756	2.8636	6	6.6655	3	6.6655
group_5091	423	33990	80.3546	234	162.2417	117	162.2418
group_5096	426	1236	2.9014	9	6.1961	4	5.5077
group_5098	156	301	1.9295	2	3.7600	1	3.7600
group_5128	387	0	0.0000	0	0.0000	0	0.0000
group_5130	327	4466	13.6575	32	28.7005	16	28.7005
group_5131	111	0	0.0000	0	0.0000	0	0.0000
group_5152	396	879	2.2197	6	4.4437	3	4.4437
group_5156	399	8948	22.4261	66	48.5130	33	48.5130
group_5164	297	3062	10.3098	22	21.7247	11	21.7247
group_5168	255	881	3.4549	6	6.9008	3	6.9008
group_5169	402	367	0.9129	3	2.1887	1	1.4591
group_5174	1719	0	0.0000	0	0.0000	0	0.0000
group_5179	441	30732	69.6871	216	143.6489	108	143.6489
group_5182	123	0	0.0000	0	0.0000	0	0.0000
group_5183	285	9261	32.4947	66	67.9182	33	67.9182
group_5193	165	1587	9.6182	12	21.3297	6	21.3297
ssb	516	43425	84.1570	308	175.0604	154	175.0605
group_5205	282	149	0.5284	1	1.0400	0	0.0000
group_5222	1383	1359	0.9826	9	1.9086	4	1.6965
group_5227	438	0	0.0000	0	0.0000	0	0.0000
group_5237	240	14773	61.5542	107	130.7554	53	129.5334
group_5240	339	24454	72.1357	173	149.6695	86	148.8044
group_5253	663	2007	3.0271	13	5.7506	6	5.3083
group_5256	192	0	0.0000	0	0.0000	0	0.0000
group_5266	318	16926	53.2264	124	114.3620	62	114.3620
group_5275	312	514	1.6474	4	3.7600	2	3.7600
group_5283	390	2442	6.2615	17	12.7841	8	12.0321
group_5287	96	150	1.5625	2	6.1101	1	6.1101
group_5289	2301	16667	7.2434	111	14.1479	55	14.0205
group_5290	274	4038	14.7372	27	28.9002	13	27.8298
group_5294	447	14449	32.3244	101	66.2675	50	65.6114
group_5299	306	151	0.4935	1	0.9584	0	0.0000
group_5302	630	28519	45.2683	197	91.7092	98	91.2437
group_5303	147	143	0.9728	2	3.9902	1	3.9902
group_5305	450	30757	68.3489	226	147.2933	113	147.2933
group_5307	300	3424	11.4133	25	24.4403	12	23.4627
group_5309	300	17669	58.8967	130	127.0893	65	127.0894
group_5314	312	2058	6.5962	14	13.1601	7	13.1601
group_5320	297	453	1.5253	3	2.9625	1	1.9750
group_5323	297	11290	38.0135	83	81.9613	41	80.9738
group_5324	285	16564	58.1193	120	123.4876	60	123.4877
group_5337	645	2486	3.8543	17	7.7299	8	7.2752
group_5349	864	1584	1.8333	11	3.7339	5	3.3945
group_5354	150	2047	13.6467	15	29.3283	7	27.3731
group_5357	1905	9573	5.0252	64	9.8531	32	9.8531
group_5364	297	1721	5.7946	12	11.8498	6	11.8498
group_5401	123	0	0.0000	0	0.0000	0	0.0000
group_15995	2727	7833	2.8724	51	5.4849	25	5.3774
group_5413	1122	755	0.6729	5	1.3070	2	1.0456
group_5417	225	2771	12.3156	22	28.6766	11	28.6766
group_5427	381	11030	28.9501	80	61.5817	40	61.5818
group_5429	360	616	1.7111	5	4.0734	2	3.2587
group_5431	354	20677	58.4096	157	130.0719	78	129.2434
group_5438	483	504	1.0435	4	2.4288	2	2.4288
group_5444	237	146	0.6160	1	1.2375	0	0.0000
group_5459	174	1194	6.8621	9	15.1698	4	13.4843
group_5461	291	2988	10.2680	22	22.1726	11	22.1726
group_5462	255	2636	10.3373	19	21.8525	9	20.7023
group_5466	219	840	3.8356	7	9.3743	3	8.0352
group_5472	240	7484	31.1833	52	63.5447	26	63.5447
group_5473	285	16655	58.4386	119	122.4585	59	121.4295
group_5477	432	26162	60.5602	181	122.8802	90	122.2013
group_5480	333	22836	68.5766	179	157.6507	89	156.7700
group_5481	282	1042	3.6950	8	8.3201	4	8.3201
group_5482	1287	0	0.0000	0	0.0000	0	0.0000
group_5483	846	6878	8.1300	47	16.2935	23	15.9468
group_5487	177	0	0.0000	0	0.0000	0	0.0000
group_5496	420	28916	68.8476	198	138.2620	99	138.2621
group_5522	180	3418	18.9889	23	37.4751	11	35.8457
group_5536	342	22075	64.5468	158	135.4934	79	135.4934
group_5567	573	4904	8.5585	34	17.4025	17	17.4025
group_14754	615	11566	18.8065	78	37.1969	39	37.1969
group_5576	114	188	1.6491	2	5.1453	1	5.1453
group_5581	120	112	0.9333	2	4.8881	1	4.8881
group_5588	534	1948	3.6479	15	8.2383	7	7.6891
group_5596	957	40257	42.0658	273	83.6638	136	83.3574
group_5603	267	1937	7.2547	13	14.2797	6	13.1813
group_5610	270	0	0.0000	0	0.0000	0	0.0000
group_5612	837	4495	5.3704	30	10.5119	15	10.5119
group_5614	648	47757	73.6991	333	150.7149	166	150.2624
group_5615	210	2901	13.8143	22	30.7249	11	30.7249
group_5616	609	46910	77.0279	324	156.0324	162	156.0324
group_5627	147	0	0.0000	0	0.0000	0	0.0000
group_5637	111	0	0.0000	0	0.0000	0	0.0000
group_5647	273	917	3.3590	8	8.5944	4	8.5944
group_5650	438	2145	4.8973	15	10.0439	7	9.3743
group_5651	300	0	0.0000	0	0.0000	0	0.0000
group_5654	204	0	0.0000	0	0.0000	0	0.0000
group_5662	909	8749	9.6249	60	19.3586	30	19.3586
group_5667	178	1761	9.8933	15	24.7149	7	23.0672
group_5674	288	4649	16.1424	37	37.6787	18	36.6604
group_5689	4584	3775	0.8235	25	1.5995	12	1.5355
group_5705	726	425	0.5854	3	1.2119	1	0.8079
group_5706	1467	38070	25.9509	260	51.9793	130	51.9793
group_5716	2715	2416	0.8899	16	1.7284	8	1.7284
group_5717	885	441	0.4983	3	0.9942	1	0.6628
group_5718	3585	2816	0.7855	19	1.5544	9	1.4726
group_5724	420	151	0.3595	1	0.6983	0	0.0000
group_5725	144	1923	13.3542	17	34.6237	8	32.5870
group_5734	1746	3792	2.1718	25	4.1994	12	4.0314
group_5748	981	5199	5.2997	36	10.7627	18	10.7627
group_5753	588	1449	2.4643	10	4.9878	5	4.9878
group_5764	1071	1902	1.7759	13	3.5599	6	3.2861
group_5766	279	0	0.0000	0	0.0000	0	0.0000
group_5788	285	1747	6.1298	13	13.3778	6	12.3488
group_5796	1407	453	0.3220	3	0.6253	1	0.4169
group_5798	618	9085	14.7006	64	30.3724	32	30.3724
group_5800	546	5035	9.2216	35	18.8002	17	18.2631
brxC	3507	12194	3.4770	81	6.7739	40	6.6902
group_5814	147	533	3.6259	5	9.9756	2	7.9805
group_5817	198	1861	9.3990	13	19.2560	6	17.7747
group_5826	1518	4829	3.1812	33	6.3757	16	6.1825
group_5829	990	2021	2.0414	14	4.1474	7	4.1474
group_5844	165	302	1.8303	2	3.5549	1	3.5549
group_5860	489	151	0.3088	1	0.5998	0	0.0000
group_5862	378	6266	16.5767	42	32.5870	21	32.5870
group_5869	141	1367	9.6950	14	29.1203	7	29.1203
group_5875	795	11184	14.0679	76	28.0371	38	28.0371
group_5882	948	13255	13.9821	90	27.8433	45	27.8433
group_5884	267	6984	26.1573	48	52.7250	24	52.7251
group_5890	315	1767	5.6095	13	12.1037	6	11.1727
group_5893	1563	14311	9.1561	98	18.3888	49	18.3888
group_5895	648	302	0.4660	2	0.9052	1	0.9052
group_5911	705	34820	49.3901	240	99.8410	120	99.8411
group_5953	822	3382	4.1144	23	8.2062	11	7.8494
group_5990	543	53162	97.9042	371	200.3831	185	199.8430
group_6000	672	1070	1.5923	7	3.0550	3	2.6186
group_6005	876	1505	1.7180	10	3.3480	5	3.3480
group_6012	792	69531	87.7917	477	176.6364	238	176.2661
group_6027	1611	3003	1.8641	21	3.8231	10	3.6410
group_6028	672	755	1.1235	5	2.1822	2	1.7457
group_6036	285	0	0.0000	0	0.0000	0	0.0000
group_6040	1956	3086	1.5777	22	3.2987	11	3.2987
group_6061	183	760	4.1530	6	9.6158	3	9.6158
group_6077	3810	397042	104.2105	2646	203.6816	1323	203.6817
group_6078	189	0	0.0000	0	0.0000	0	0.0000
group_6087	738	151	0.2046	1	0.3974	0	0.0000
group_6095	132	0	0.0000	0	0.0000	0	0.0000
group_6112	264	446	1.6894	4	4.4437	2	4.4437
group_6133	654	0	0.0000	0	0.0000	0	0.0000
group_6134	840	1218	1.4500	9	3.1423	4	2.7932
group_6148	570	0	0.0000	0	0.0000	0	0.0000
group_6151	741	2289	3.0891	16	6.3327	8	6.3327
group_6155	525	5461	10.4019	44	24.5799	22	24.5799
group_6167	2589	0	0.0000	0	0.0000	0	0.0000
group_6168	183	4514	24.6667	34	54.4898	17	54.4898
group_6173	429	1406	3.2774	11	7.5201	5	6.8364
group_6181	351	8502	24.2222	60	50.1339	30	50.1339
group_6183	681	43619	64.0514	304	130.9223	152	130.9223
group_6184	345	3379	9.7942	24	20.4023	12	20.4023
group_6185	228	302	1.3246	2	2.5727	1	2.5727
group_6186	285	7077	24.8316	53	54.5404	26	53.5113
group_6188	288	19548	67.8750	140	142.5682	70	142.5682
group_6194	942	45823	48.6444	311	96.8270	155	96.5157
group_6204	126	355	2.8175	4	9.3106	2	9.3106
group_15994	2658	151	0.0568	1	0.1103	0	0.0000
group_6216	135	0	0.0000	0	0.0000	0	0.0000
group_6217	300	755	2.5167	5	4.8881	2	3.9104
group_6226	387	17428	45.0336	125	94.7297	62	93.9719
group_6228	1008	1719	1.7054	12	3.4915	6	3.4915
group_6237	327	16523	50.5291	118	105.8330	59	105.8331
group_6238	213	11796	55.3803	86	118.4148	43	118.4148
group_6239	192	6638	34.5729	45	68.7382	22	67.2107
group_6269	346	2655	7.6734	19	16.1051	9	15.2575
dppC	879	23499	26.7338	161	53.7185	80	53.3849
group_6280	336	1397	4.1577	10	8.7287	5	8.7287
group_6283	258	7235	28.0426	51	57.9746	25	56.8378
tnpIS607~~~tnpISMae20	594	1208	2.0337	8	3.9499	4	3.9499
murC	1428	19981	13.9923	137	28.1371	68	27.9317
group_6286	654	1454	2.2232	10	4.4845	5	4.4845
group_6292	297	2907	9.7879	22	21.7247	11	21.7247
group_6295	573	11494	20.0593	81	41.4589	40	40.9470
petH	1200	137294	114.4117	940	229.7384	470	229.7385
group_6349	369	7493	20.3062	54	42.9195	27	42.9195
group_6352	1578	5782	3.6641	38	7.0626	19	7.0626
group_6362	657	3329	5.0670	24	10.7135	12	10.7135
group_6367	432	0	0.0000	0	0.0000	0	0.0000
group_6375	300	6993	23.3100	49	47.9029	24	46.9253
group_6381	678	9748	14.3776	68	29.4148	34	29.4148
group_6385	360	12732	35.3667	85	69.2474	42	68.4327
grrP	900	47649	52.9433	317	103.3008	158	102.9750
group_6388	324	0	0.0000	0	0.0000	0	0.0000
group_6409	708	3065	4.3291	21	8.6991	10	8.2848
group_6421	189	1649	8.7249	11	17.0694	5	15.5176
group_19110	1653	258	0.1561	2	0.3548	1	0.3548
group_6459	207	3334	16.1063	24	34.0038	12	34.0038
group_6469	648	0	0.0000	0	0.0000	0	0.0000
group_6516	1704	2299	1.3492	16	2.7538	8	2.7538
group_6548	711	1125	1.5823	8	3.3000	4	3.3000
group_6568	774	9558	12.3488	67	25.3876	33	25.0086
group_6582	162	0	0.0000	0	0.0000	0	0.0000
group_6608	450	126	0.2800	2	1.3035	1	1.3035
group_6609	393	4640	11.8066	31	23.1343	15	22.3880
group_15572	3453	2869	0.8309	19	1.6138	9	1.5288
psbD	1146	125555	109.5593	859	219.8344	429	219.5785
group_6640	1017	604	0.5939	4	1.1535	2	1.1535
group_6663	156	0	0.0000	0	0.0000	0	0.0000
group_6681	1731	33660	19.4454	229	38.7994	114	38.6300
group_6689	1221	2072	1.6970	14	3.3628	7	3.3628
group_6699	285	0	0.0000	0	0.0000	0	0.0000
group_6716	168	0	0.0000	0	0.0000	0	0.0000
group_6722	1524	302	0.1982	2	0.3849	1	0.3849
group_6724	183	0	0.0000	0	0.0000	0	0.0000
group_6752	747	874	1.1700	6	2.3557	3	2.3557
group_6758	660	67444	102.1879	469	208.4087	234	207.9644
group_6759	1398	104278	74.5908	701	147.0611	350	146.8514
group_6768	645	3566	5.5287	24	10.9129	12	10.9129
group_6771	666	1049	1.5751	7	3.0826	3	2.6422
group_6780	1470	181807	123.6782	1223	244.0035	611	243.8041
group_6795	732	0	0.0000	0	0.0000	0	0.0000
group_6796	126	0	0.0000	0	0.0000	0	0.0000
group_6816	135	441	3.2667	4	8.6899	2	8.6899
group_6842	606	0	0.0000	0	0.0000	0	0.0000
group_6863	393	422	1.0738	3	2.2388	1	1.4925
group_6874	126	0	0.0000	0	0.0000	0	0.0000
group_6899	381	251	0.6588	2	1.5395	1	1.5395
group_6900	504	302	0.5992	2	1.1638	1	1.1638
group_6907	789	5915	7.4968	41	15.2403	20	14.8686
group_6909	729	108196	148.4170	722	290.4669	361	290.4670
group_6918	228	0	0.0000	0	0.0000	0	0.0000
group_6927	348	0	0.0000	0	0.0000	0	0.0000
group_6950	1173	23926	20.3973	163	40.7546	81	40.5046
group_6958	567	1614	2.8466	11	5.6898	5	5.1725
group_6961	915	727	0.7945	5	1.6026	2	1.2821
group_6963	216	1815	8.4028	14	19.0091	7	19.0091
group_6970	171	151	0.8830	1	1.7151	0	0.0000
group_6971	267	520	1.9476	4	4.3938	2	4.3938
group_7009	357	0	0.0000	0	0.0000	0	0.0000
group_7017	267	0	0.0000	0	0.0000	0	0.0000
group_7021	2364	0	0.0000	0	0.0000	0	0.0000
group_7037	579	24409	42.1572	165	83.5781	82	83.0716
group_7081	414	302	0.7295	2	1.4168	1	1.4168
group_7099	1167	0	0.0000	0	0.0000	0	0.0000
group_19111	588	0	0.0000	0	0.0000	0	0.0000
group_7121	759	0	0.0000	0	0.0000	0	0.0000
group_7147	1344	49003	36.4606	332	72.4479	166	72.4479
group_7153	819	226	0.2759	2	0.7162	1	0.7162
group_7155	279	546	1.9570	4	4.2048	2	4.2048
hemC	960	79687	83.0073	532	162.5277	266	162.5278
group_7162	180	0	0.0000	0	0.0000	0	0.0000
group_7170	726	701	0.9656	5	2.0199	2	1.6159
group_7185	2883	109257	37.8970	730	74.2618	365	74.2618
group_7190	960	302	0.3146	2	0.6110	1	0.6110
group_7205	423	5828	13.7778	42	29.1203	21	29.1203
fadM	417	11696	28.0480	79	55.5620	39	54.8587
group_7209	315	16986	53.9238	116	108.0027	58	108.0027
group_7230	456	0	0.0000	0	0.0000	0	0.0000
group_7233	1941	5163	2.6600	35	5.2885	17	5.1374
group_7238	186	7158	38.4839	54	85.1467	27	85.1467
group_7258	630	61878	98.2190	426	198.3152	213	198.3153
group_7263	702	1549	2.2066	10	4.1778	5	4.1778
group_7280	1029	1632	1.5860	11	3.1352	5	2.8502
group_7286	456	33842	74.2149	232	149.2142	116	149.2142
group_7298	2304	208024	90.2882	1397	177.8283	698	177.7011
group_7304	480	0	0.0000	0	0.0000	0	0.0000
group_7316	360	766	2.1278	6	4.8881	3	4.8881
group_7330	870	54914	63.1195	378	127.4264	189	127.4265
group_7342	240	4502	18.7583	35	42.7704	17	41.5484
group_19112	312	1577	5.0545	11	10.3401	5	9.4001
group_7350	378	0	0.0000	0	0.0000	0	0.0000
group_19113	492	0	0.0000	0	0.0000	0	0.0000
group_7374	735	20858	28.3782	144	57.4595	72	57.4596
group_7390	105	0	0.0000	0	0.0000	0	0.0000
group_7398	456	151	0.3311	1	0.6432	0	0.0000
group_7405	1221	5908	4.8387	39	9.3678	19	9.1276
group_15130	717	1057	1.4742	7	2.8633	3	2.4543
group_7412	132	70	0.5303	2	4.4437	1	4.4437
group_15976	387	3112	8.0413	24	18.1881	12	18.1881
group_7426	300	356	1.1867	3	2.9328	1	1.9552
group_7457	102	0	0.0000	0	0.0000	0	0.0000
group_7482	327	5417	16.5657	38	34.0818	19	34.0818
group_7484	468	147	0.3141	1	0.6267	0	0.0000
group_7502	1125	2680	2.3822	18	4.6925	9	4.6925
group_17292	288	876	3.0417	6	6.1101	3	6.1101
group_7534	312	24435	78.3173	173	162.6217	86	161.6817
group_7579	156	548	3.5128	5	9.4001	2	7.5201
group_7587	408	27459	67.3015	191	137.2967	95	136.5779
group_7589	174	0	0.0000	0	0.0000	0	0.0000
group_7601	4638	8996	1.9396	61	3.8573	30	3.7941
group_7608	954	22163	23.2317	152	46.7285	76	46.7286
group_7610	1560	1851	1.1865	10	1.8800	5	1.8800
group_7618	1803	17281	9.5846	120	19.5197	60	19.5197
group_7621	540	5038	9.3296	38	20.6384	19	20.6384
group_7627	240	705	2.9375	5	6.1101	2	4.8881
group_7631	210	0	0.0000	0	0.0000	0	0.0000
group_7644	777	0	0.0000	0	0.0000	0	0.0000
group_16403	4998	7468	1.4942	50	2.9340	25	2.9340
group_7694	897	84187	93.8540	573	187.3481	286	187.0212
group_7695	2112	241287	114.2457	1616	224.4060	808	224.4061
group_7707	642	1541	2.4003	11	5.0251	5	4.5683
group_7708	444	2495	5.6194	17	11.2293	8	10.5688
group_19114	315	0	0.0000	0	0.0000	0	0.0000
group_7718	318	8657	27.2233	64	59.0255	32	59.0255
group_7740	267	18932	70.9064	137	150.4861	68	149.3877
group_7748	1062	1309	1.2326	9	2.4854	4	2.2093
group_17420	315	0	0.0000	0	0.0000	0	0.0000
group_7756	738	38077	51.5949	266	105.7091	133	105.7091
group_7769	516	0	0.0000	0	0.0000	0	0.0000
group_7776	609	295	0.4844	2	0.9632	1	0.9632
group_7798	228	5488	24.0702	42	54.0258	21	54.0258
group_7803	417	22489	53.9305	155	109.0141	77	108.3108
group_14766	339	16018	47.2507	109	94.3005	54	93.4353
group_7835	243	198	0.8148	2	2.4139	1	2.4139
group_7836	252	2261	8.9722	15	17.4573	7	16.2935
group_7860	420	3465	8.2500	23	16.0607	11	15.3625
group_7863	207	1438	6.9469	10	14.1683	5	14.1683
group_7867	615	0	0.0000	0	0.0000	0	0.0000
group_7893	210	382	1.8190	4	5.5863	2	5.5863
group_7895	399	302	0.7569	2	1.4701	1	1.4701
group_7911	213	184	0.8638	2	2.7538	1	2.7538
group_7921	402	453	1.1269	3	2.1887	1	1.4591
group_7937	192	0	0.0000	0	0.0000	0	0.0000
group_7938	2958	31214	10.5524	209	20.7222	104	20.6230
group_7966	198	4888	24.6869	36	53.3242	18	53.3242
group_7972	393	15985	40.6743	114	85.0745	57	85.0745
group_7978	468	302	0.6453	2	1.2533	1	1.2533
group_7979	291	2752	9.4570	19	19.1491	9	18.1412
group_7994	273	5547	20.3187	38	40.8233	19	40.8233
group_8037	567	0	0.0000	0	0.0000	0	0.0000
group_8041	561	756	1.3476	6	3.1367	3	3.1367
group_8043	261	2679	10.2644	19	21.3501	9	20.2264
group_8053	2412	172	0.0713	2	0.2432	1	0.2432
group_14734	4215	146517	34.7609	863	60.0482	431	59.9787
group_8073	138	858	6.2174	9	19.1272	4	17.0019
group_19118	708	0	0.0000	0	0.0000	0	0.0000
group_8114	219	0	0.0000	0	0.0000	0	0.0000
group_8119	261	1108	4.2452	9	10.1132	4	8.9895
group_8120	645	896	1.3891	6	2.7282	3	2.7282
group_8131	1290	1897	1.4705	13	2.9556	6	2.7282
group_8134	2193	3881	1.7697	27	3.6109	13	3.4771
group_8140	351	12882	36.7009	88	73.5297	44	73.5297
group_8159	1311	72669	55.4302	493	110.2888	246	110.0651
group_8157	204	558	2.7353	4	5.7506	2	5.7507
group_8168	240	5208	21.7000	37	45.2145	18	43.9925
group_8182	213	0	0.0000	0	0.0000	0	0.0000
group_18374	1146	13822	12.0611	95	24.3123	47	24.0564
group_8248	1101	182525	165.7811	1231	327.9123	615	327.6461
group_8261	702	3120	4.4444	23	9.6090	11	9.1912
group_8264	900	881	0.9789	6	1.9552	3	1.9552
group_8285	612	12012	19.6275	85	40.7338	42	40.2546
group_15305	3963	11792	2.9755	79	5.8464	39	5.7724
group_8300	411	151	0.3674	1	0.7136	0	0.0000
group_19120	135	0	0.0000	0	0.0000	0	0.0000
group_8347	14124	1023544	72.4684	6455	134.0373	3227	134.0165
araC	903	84101	93.1351	582	189.0263	291	189.0264
group_8354	960	93800	97.7083	630	192.4670	315	192.4671
group_8367	2088	22494	10.7730	152	21.3501	76	21.3501
group_8372	885	957	1.0814	7	2.3198	3	1.9884
group_8375	705	674	0.9560	5	2.0800	2	1.6640
group_8379	504	1372	2.7222	10	5.8191	5	5.8191
group_8381	297	4892	16.4714	37	36.5369	18	35.5495
group_8387	372	0	0.0000	0	0.0000	0	0.0000
group_8402	237	16322	68.8692	112	138.5979	56	138.5980
group_8406	279	151	0.5412	1	1.0512	0	0.0000
group_8419	327	0	0.0000	0	0.0000	0	0.0000
group_8421	297	11017	37.0943	88	86.8987	44	86.8987
group_8451	1149	131903	114.7981	899	229.4704	449	229.2152
group_8474	1233	0	0.0000	0	0.0000	0	0.0000
group_8475	984	0	0.0000	0	0.0000	0	0.0000
mvl	369	302	0.8184	2	1.5896	1	1.5896
group_8485	117	0	0.0000	0	0.0000	0	0.0000
group_8487	258	13832	53.6124	98	111.4021	49	111.4021
group_8496	120	210	1.7500	2	4.8881	1	4.8881
group_8498	882	3071	3.4819	21	6.9829	10	6.6504
group_16601	768	882	1.1484	6	2.2913	3	2.2913
group_8517	165	0	0.0000	0	0.0000	0	0.0000
group_8547	1161	120294	103.6124	817	206.3844	408	206.1318
group_8574	585	6927	11.8410	48	24.0643	24	24.0643
group_8588	1080	1355	1.2546	9	2.4440	4	2.1725
group_8593	492	21899	44.5102	153	91.2039	76	90.6078
group_8606	327	2780	8.5015	20	17.9378	10	17.9378
group_8621	1182	2114	1.7885	14	3.4737	7	3.4737
group_8637	321	2149	6.6947	16	14.6185	8	14.6185
group_8639	222	2111	9.5090	15	19.8164	7	18.4953
group_8656	132	0	0.0000	0	0.0000	0	0.0000
group_8657	777	2564	3.2999	18	6.7942	9	6.7942
group_8680	180	737	4.0944	7	11.4055	3	9.7761
group_8682	1161	4274	3.6813	31	7.8310	15	7.5784
group_8718	906	32612	35.9956	225	72.8352	112	72.5115
group_8729	1512	4272	2.8254	16	3.1035	8	3.1035
group_8738	1098	1803	1.6421	12	3.2053	6	3.2053
group_8749	246	12880	52.3577	92	109.6831	46	109.6831
group_8755	1593	119898	75.2655	804	148.0223	402	148.0224
group_8774	1182	107038	90.5567	725	179.8902	362	179.6421
group_8785	312	859	2.7532	7	6.5801	3	5.6401
group_8798	255	474	1.8588	4	4.6005	2	4.6005
group_8808	576	716	1.2431	5	2.5459	2	2.0367
group_19121	426	0	0.0000	0	0.0000	0	0.0000
group_8853	195	2112	10.8308	16	24.0643	8	24.0643
group_8860	1017	11396	11.2055	79	22.7821	39	22.4937
group_8875	7752	14294	1.8439	97	3.6698	48	3.6320
group_8881	408	1899	4.6544	14	10.0636	7	10.0636
group_19122	513	0	0.0000	0	0.0000	0	0.0000
group_8889	1395	32391	23.2194	220	46.2525	110	46.2525
group_8904	660	29806	45.1606	205	91.0955	102	90.6512
group_8905	259	457	1.7645	3	3.3971	1	2.2647
group_8946	1131	16539	14.6233	113	29.3024	56	29.0431
group_8951	846	151	0.1785	1	0.3467	0	0.0000
group_8960	1278	24848	19.4429	169	38.7831	84	38.5537
group_8971	1974	0	0.0000	0	0.0000	0	0.0000
group_8975	1140	1442	1.2649	11	2.8299	5	2.5727
group_9014	225	236	1.0489	2	2.6070	1	2.6070
group_9023	1527	604	0.3955	4	0.7683	2	0.7683
group_9029	1152	93528	81.1875	641	163.1896	320	162.9351
group_9036	228	2098	9.2018	14	18.0086	7	18.0086
tnpIS630~~~tnpISMae25	648	20457	31.5694	139	62.9110	69	62.4585
group_9073	1953	0	0.0000	0	0.0000	0	0.0000
group_9084	288	598	2.0764	4	4.0734	2	4.0734
group_9096	372	0	0.0000	0	0.0000	0	0.0000
group_9100	237	0	0.0000	0	0.0000	0	0.0000
group_9101	339	25105	74.0560	181	156.5907	90	155.7256
group_9111	375	22432	59.8187	164	128.2625	82	128.2625
group_9118	231	7996	34.6147	57	72.3686	28	71.0990
group_9126	117	0	0.0000	0	0.0000	0	0.0000
group_9141	255	748	2.9333	5	5.7506	2	4.6005
group_9157	225	670	2.9778	5	6.5174	2	5.2139
group_9161	315	688	2.1841	6	5.5863	3	5.5863
group_9173	468	25687	54.8868	175	109.6678	87	109.0412
group_9174	1314	803	0.6111	7	1.5624	3	1.3392
group_9177	918	65094	70.9085	446	142.4883	223	142.4883
group_9182	810	3772	4.6568	27	9.7761	13	9.4140
group_9222	366	1480	4.0437	10	8.0132	5	8.0132
group_9239	297	340	1.1448	2	1.9750	1	1.9750
group_9252	294	1100	3.7415	8	7.9805	4	7.9805
group_9273	411	4183	10.1776	29	20.6939	14	19.9804
group_9279	1140	17887	15.6904	122	31.3864	61	31.3864
group_9310	1665	144357	86.7009	973	171.3901	486	171.2140
group_9317	354	4575	12.9237	33	27.3399	16	26.5115
group_9327	345	0	0.0000	0	0.0000	0	0.0000
group_9351	108	0	0.0000	0	0.0000	0	0.0000
group_9363	1200	0	0.0000	0	0.0000	0	0.0000
group_9365	3021	210344	69.6273	1399	135.8170	699	135.7199
group_9383	240	245	1.0208	2	2.4440	1	2.4440
group_9390	1281	4971	3.8806	34	7.7843	17	7.7843
group_9402	588	57778	98.2619	408	203.5025	204	203.5026
group_9407	411	5885	14.3187	41	29.2569	20	28.5434
group_9422	249	755	3.0321	5	5.8892	2	4.7114
group_9478	552	12594	22.8152	88	46.7553	44	46.7553
group_9485	144	0	0.0000	0	0.0000	0	0.0000
group_9487	264	8580	32.5000	60	66.6552	30	66.6553
group_9494	507	3071	6.0572	22	12.7263	11	12.7263
group_9496	1548	1069	0.6906	7	1.3262	3	1.1368
group_9502	240	9761	40.6708	80	97.7610	40	97.7611
group_19123	1428	201	0.1408	2	0.4108	1	0.4108
group_9565	981	0	0.0000	0	0.0000	0	0.0000
group_9567	486	14835	30.5247	106	63.9671	53	63.9671
group_9575	276	0	0.0000	0	0.0000	0	0.0000
group_9574	2385	224286	94.0403	1505	185.0696	752	184.9467
group_9590	645	40388	62.6171	271	123.2244	135	122.7697
group_9639	1353	0	0.0000	0	0.0000	0	0.0000
group_9649	168	839	4.9940	8	13.9659	4	13.9659
group_9653	474	24624	51.9494	179	110.7546	89	110.1359
group_9677	732	0	0.0000	0	0.0000	0	0.0000
group_9678	201	148	0.7363	1	1.4591	0	0.0000
group_9692	558	45543	81.6183	316	166.0886	158	166.0887
group_9709	240	12558	52.3250	91	111.2032	45	109.9812
group_9711	996	3143	3.1556	21	6.1837	10	5.8892
group_9730	1239	162914	131.4883	1088	257.5399	544	257.5400
group_9729	201	0	0.0000	0	0.0000	0	0.0000
group_9739	1056	4249	4.0237	29	8.0542	14	7.7764
group_9768	717	151	0.2106	1	0.4090	0	0.0000
group_9773	252	2942	11.6746	22	25.6041	11	25.6041
group_9777	1254	1359	1.0837	9	2.1049	4	1.8710
metL1	1833	196018	106.9384	1314	210.2422	657	210.2423
group_9807	1182	6036	5.1066	40	9.9250	20	9.9250
group_9832	225	7916	35.1822	57	74.2984	28	72.9949
mET17	1122	16048	14.3030	109	28.4919	54	28.2305
group_12514	1182	0	0.0000	0	0.0000	0	0.0000
group_19124	687	948	1.3799	7	2.9883	3	2.5614
group_9875	147	202	1.3741	2	3.9902	1	3.9902
group_9881	693	0	0.0000	0	0.0000	0	0.0000
group_9888	894	3389	3.7908	23	7.5453	11	7.2173
group_9891	1041	62538	60.0749	429	120.8631	214	120.5814
group_19125	1119	0	0.0000	0	0.0000	0	0.0000
group_9927	1215	5259	4.3284	36	8.6899	18	8.6899
group_9943	330	0	0.0000	0	0.0000	0	0.0000
group_9953	228	0	0.0000	0	0.0000	0	0.0000
group_9962	396	0	0.0000	0	0.0000	0	0.0000
group_13143	741	454	0.6127	3	1.1874	1	0.7916
group_9984	408	504	1.2353	4	2.8753	2	2.8753
group_9986	225	11380	50.5778	80	104.2784	40	104.2785
group_9996	150	238	1.5867	2	3.9104	1	3.9104
group_10017	900	127583	141.7589	861	280.5741	430	280.2484
group_10023	867	13334	15.3795	91	30.7829	45	30.4446
group_10025	291	699	2.4021	5	5.0392	2	4.0314
group_19126	243	0	0.0000	0	0.0000	0	0.0000
group_10067	948	453	0.4778	3	0.9281	1	0.6187
group_10083	918	3278	3.5708	22	7.0286	11	7.0286
group_14901	1218	0	0.0000	0	0.0000	0	0.0000
group_10089	210	1608	7.6571	11	15.3624	5	13.9659
group_10115	963	41414	43.0052	290	88.3199	145	88.3200
group_10119	207	147	0.7101	1	1.4168	0	0.0000
group_10151	1572	820	0.5216	6	1.1194	3	1.1194
group_10167	414	272	0.6570	2	1.4168	1	1.4168
ywqG	1329	1018	0.7660	7	1.5448	3	1.3241
group_19127	1119	0	0.0000	0	0.0000	0	0.0000
group_10200	894	135398	151.4519	936	307.0615	468	307.0616
group_10202	858	21916	25.5431	151	51.6151	75	51.2733
group_10217	420	7986	19.0143	55	38.4061	27	37.7078
group_10221	2199	0	0.0000	0	0.0000	0	0.0000
group_10250	591	141	0.2386	1	0.4962	0	0.0000
group_10257	5100	32502	6.3729	207	11.9038	103	11.8463
group_19128	1506	0	0.0000	0	0.0000	0	0.0000
ppa	552	54264	98.3043	379	201.3665	189	200.8352
group_10266	606	2783	4.5924	19	9.1953	9	8.7114
group_10267	447	3318	7.4228	22	14.4345	11	14.4345
group_10271	387	20878	53.9483	145	109.8864	72	109.1286
group_10283	276	6989	25.3225	50	53.1310	25	53.1310
group_10311	2190	238724	109.0064	1607	215.2082	803	215.0743
group_10313	3846	2135	0.5551	15	1.1438	7	1.0676
group_10318	1185	74373	62.7620	510	126.2231	255	126.2231
group_10321	150	148	0.9867	1	1.9552	0	0.0000
group_10327	267	2772	10.3820	19	20.8703	9	19.7719
group_10335	582	2204	3.7869	17	8.5667	8	8.0628
group_10360	315	302	0.9587	2	1.8621	1	1.8621
group_10361	267	3473	13.0075	23	25.2641	11	24.1657
group_10371	1572	604	0.3842	4	0.7463	2	0.7463
group_10377	150	0	0.0000	0	0.0000	0	0.0000
group_10401	411	0	0.0000	0	0.0000	0	0.0000
group_10410	1443	122182	84.6722	820	166.6612	410	166.6613
group_19129	558	302	0.5412	2	1.0512	1	1.0512
group_10440	168	2525	15.0298	17	29.6775	8	27.9317
group_10447	228	0	0.0000	0	0.0000	0	0.0000
group_10466	345	11714	33.9536	86	73.1082	43	73.1083
group_10481	246	3553	14.4431	24	28.6130	12	28.6130
group_10494	1239	1641	1.3245	11	2.6038	5	2.3671
group_10495	186	752	4.0430	5	7.8840	2	6.3072
group_19130	1767	2008	1.1364	14	2.3237	7	2.3237
group_10560	111	111	1.0000	1	2.6422	0	0.0000
group_19131	1164	1686	1.4485	12	3.0235	6	3.0235
pfaA	3825	383005	100.1320	2549	195.4454	1274	195.3688
group_10582	429	15275	35.6061	111	75.8844	55	75.2008
group_10584	642	604	0.9408	4	1.8273	2	1.8273
group_10585	225	4316	19.1822	34	44.3183	17	44.3183
group_10597	933	58854	63.0804	402	126.3663	201	126.3664
group_15930	795	19163	24.1044	132	48.6961	66	48.6961
group_10611	1725	0	0.0000	0	0.0000	0	0.0000
group_10613	1173	41956	35.7681	286	71.5081	143	71.5081
group_10620	211	15644	74.1422	105	145.9466	52	144.5566
group_10631	432	2474	5.7269	18	12.2201	9	12.2201
group_10644	528	902	1.7083	6	3.3328	3	3.3328
group_10655	690	4619	6.6942	32	13.6015	16	13.6015
group_19133	1653	0	0.0000	0	0.0000	0	0.0000
group_10688	354	2001	5.6525	15	12.4272	7	11.5988
ndhH	1185	150450	126.9620	1023	253.1887	511	252.9413
group_10714	1689	604	0.3576	4	0.6946	2	0.6946
group_10715	1158	6887	5.9473	45	11.3970	22	11.1437
group_10731	3996	604	0.1512	4	0.2936	2	0.2936
group_10734	252	704	2.7937	5	5.8191	2	4.6553
group_15231	516	27871	54.0136	196	111.4021	98	111.4021
group_10756	1290	10453	8.1031	70	15.9146	35	15.9146
group_10757	2205	255549	115.8952	1717	228.3751	858	228.2421
group_10759	237	0	0.0000	0	0.0000	0	0.0000
mgtE	1407	125901	89.4819	850	177.1788	425	177.1789
group_10778	360	844	2.3444	6	4.8881	3	4.8881
group_10782	396	1208	3.0505	9	6.6655	4	5.9249
group_10797	1260	127951	101.5484	866	201.5739	433	201.5740
group_10830	858	60325	70.3089	421	143.9070	210	143.5652
group_10834	2235	6288	2.8134	44	5.7738	22	5.7738
group_10848	402	7056	17.5522	51	37.2076	25	36.4780
group_10857	1566	74270	47.4266	506	94.7645	253	94.7646
group_10862	267	2673	10.0112	18	19.7719	9	19.7719
group_10863	657	1359	2.0685	9	4.0176	4	3.5712
group_10871	129	0	0.0000	0	0.0000	0	0.0000
group_10872	111	0	0.0000	0	0.0000	0	0.0000
group_10883	192	0	0.0000	0	0.0000	0	0.0000
group_10886	627	6424	10.2456	44	20.5813	22	20.5813
group_10890	453	702	1.5497	5	3.2371	2	2.5897
group_10896	264	3665	13.8826	28	31.1058	14	31.1058
group_10901	123	359	2.9187	4	9.5377	2	9.5377
group_10903	744	398	0.5349	3	1.1826	1	0.7884
group_10922	1053	1187	1.1273	8	2.2282	4	2.2282
group_10930	1584	0	0.0000	0	0.0000	0	0.0000
group_10938	234	510	2.1795	4	5.0134	2	5.0134
group_10942	588	7508	12.7687	48	23.9415	24	23.9415
group_10945	753	0	0.0000	0	0.0000	0	0.0000
group_10949	2877	7823	2.7192	54	5.5048	27	5.5048
group_10956	795	972	1.2226	7	2.5824	3	2.2135
group_10965	1137	9199	8.0906	63	16.2505	31	15.9926
group_10972	417	16627	39.8729	120	84.3980	60	84.3980
group_10980	1755	180376	102.7783	1220	203.8777	610	203.8778
group_10981	366	81	0.2213	1	0.8013	0	0.0000
group_10986	1134	453	0.3995	3	0.7759	1	0.5173
group_10987	1041	603	0.5793	4	1.1269	2	1.1269
group_11002	1491	15199	10.1938	103	20.2603	51	20.0636
group_11004	732	13082	17.8716	88	35.2581	44	35.2581
group_11006	624	31129	49.8862	219	102.9311	109	102.4611
metK	1512	169702	112.2368	1150	223.0658	575	223.0659
tatB	249	14484	58.1687	103	121.3179	51	120.1401
group_11034	147	62	0.4218	1	1.9951	0	0.0000
group_11044	372	900	2.4194	7	5.5188	3	4.7304
group_11046	1437	0	0.0000	0	0.0000	0	0.0000
group_11047	1491	0	0.0000	0	0.0000	0	0.0000
group_11050	1452	0	0.0000	0	0.0000	0	0.0000
group_11051	1140	200	0.1754	2	0.5145	1	0.5145
group_11052	2577	1511	0.5863	10	1.1381	5	1.1381
group_11071	1611	4488	2.7858	30	5.4615	15	5.4615
group_11085	447	14729	32.9508	103	67.5798	51	66.9237
group_11106	618	58165	94.1181	400	189.8272	200	189.8273
group_11113	405	1664	4.1086	12	8.6899	6	8.6899
group_11116	261	0	0.0000	0	0.0000	0	0.0000
group_11118	1518	604	0.3979	4	0.7728	2	0.7728
group_11121	876	13903	15.8710	93	31.1362	46	30.8014
group_11140	1317	10449	7.9339	70	15.5883	35	15.5883
group_11152	657	56590	86.1339	389	173.6486	194	173.2022
rpsG	471	45271	96.1168	322	200.5035	161	200.5036
group_11190	1467	3597	2.4519	24	4.7981	12	4.7981
group_11199	603	49032	81.3134	338	164.3942	169	164.3942
group_11200	564	0	0.0000	0	0.0000	0	0.0000
group_11201	231	0	0.0000	0	0.0000	0	0.0000
group_11219	864	89572	103.6713	608	206.3844	304	206.3845
group_11225	633	2536	4.0063	18	8.3398	9	8.3398
group_11234	1614	1057	0.6549	7	1.2720	3	1.0903
group_15571	4941	1342	0.2716	10	0.5936	5	0.5936
group_11265	213	151	0.7089	1	1.3769	0	0.0000
ccmL	312	20511	65.7404	147	138.1815	73	137.2415
group_11286	114	190	1.6667	2	5.1453	1	5.1453
group_11294	1626	182562	112.2768	1230	221.8562	615	221.8563
group_11302	258	2216	8.5891	18	20.4616	9	20.4616
group_11315	450	35197	78.2156	254	165.5420	127	165.5421
group_11320	1878	5679	3.0240	38	5.9344	19	5.9344
group_11325	1845	44770	24.2656	305	48.4831	152	48.3242
group_15953	486	7946	16.3498	57	34.3974	28	33.7939
group_15243	1209	2899	2.3978	20	4.8517	10	4.8517
group_11359	747	6695	8.9625	46	18.0603	23	18.0603
tyw1	873	73332	84.0000	500	167.9743	250	167.9743
group_11365	181	991	5.4751	8	12.9628	4	12.9628
group_11371	486	7811	16.0720	55	33.1905	27	32.5870
group_11382	945	94994	100.5228	647	200.7980	323	200.4878
group_11386	759	0	0.0000	0	0.0000	0	0.0000
group_11400	1596	376	0.2356	4	0.7350	2	0.7350
group_11415	192	0	0.0000	0	0.0000	0	0.0000
group_11430	273	581	2.1282	4	4.2972	2	4.2972
group_11441	825	3995	4.8424	27	9.5984	13	9.2429
group_11447	885	2507	2.8328	17	5.6337	8	5.3023
group_11465	255	0	0.0000	0	0.0000	0	0.0000
larB	771	62870	81.5435	430	163.5690	215	163.5691
gltA	1140	135610	118.9561	925	237.9709	462	237.7137
group_11494	267	504	1.8876	4	4.3938	2	4.3938
group_11503	1065	3054	2.8676	21	5.7830	10	5.5077
group_11506	274	236	0.8613	2	2.1408	1	2.1408
group_11508	507	777	1.5325	6	3.4708	3	3.4708
group_11521	378	28147	74.4630	206	159.8315	103	159.8316
group_11525	921	81231	88.1987	545	173.5497	272	173.2313
group_11528	906	283863	313.3146	1890	611.8157	945	611.8159
group_11531	855	13696	16.0187	93	31.9010	46	31.5580
group_11533	444	0	0.0000	0	0.0000	0	0.0000
group_11548	420	1281	3.0500	11	7.6812	5	6.9829
group_11549	192	0	0.0000	0	0.0000	0	0.0000
group_11559	447	2822	6.3132	20	13.1223	10	13.1223
group_11568	465	2457	5.2839	16	10.0915	8	10.0915
group_11569	1062	9513	8.9576	53	14.6365	26	14.3604
group_11584	165	0	0.0000	0	0.0000	0	0.0000
group_11586	714	68087	95.3599	477	195.9328	238	195.5221
group_11590	624	64732	103.7372	443	208.2122	221	207.7422
group_11592	471	545	1.1571	5	3.1134	2	2.4907
group_11598	1248	144945	116.1418	991	232.8874	495	232.6525
group_11620	1986	23155	11.6591	158	23.3327	79	23.3327
pruA	3000	334544	111.5147	2248	219.7668	1124	219.7669
group_11628	1920	1452	0.7563	10	1.5275	5	1.5275
group_11631	717	7687	10.7211	53	21.6792	26	21.2702
group_11643	357	709	1.9860	6	4.9291	3	4.9291
group_11650	1218	19883	16.3243	134	32.2660	67	32.2660
group_11653	384	510	1.3281	6	4.5825	3	4.5825
group_11665	1278	0	0.0000	0	0.0000	0	0.0000
group_11679	1251	161423	129.0352	1100	257.8828	550	257.8829
group_11684	375	299	0.7973	2	1.5642	1	1.5642
group_11691	885	1150	1.2994	8	2.6511	4	2.6511
group_11696	708	732	1.0339	6	2.4854	3	2.4855
pcyA	738	74460	100.8943	515	204.6623	257	204.2650
group_11701	216	302	1.3981	2	2.7156	1	2.7156
group_11702	273	104	0.3810	2	2.1486	1	2.1486
group_11704	189	151	0.7989	1	1.5518	0	0.0000
group_11707	1086	130801	120.4429	890	240.3517	445	240.3518
group_14813	1338	1488	1.1121	10	2.1920	5	2.1920
group_11712	1587	860	0.5419	6	1.1088	3	1.1088
group_11713	696	151	0.2170	1	0.4214	0	0.0000
group_11725	183	151	0.8251	1	1.6026	0	0.0000
group_11732	156	616	3.9487	6	11.2801	3	11.2801
group_11742	315	27320	86.7302	198	184.3494	99	184.3494
group_11738	144	1609	11.1736	14	28.5136	7	28.5136
group_11741	3189	8178	2.5644	54	4.9662	27	4.9662
group_11754	726	47427	65.3264	325	131.2906	162	130.8867
cdsA	918	96245	104.8420	663	211.8156	331	211.4961
group_11783	144	0	0.0000	0	0.0000	0	0.0000
group_11787	381	1954	5.1286	13	10.0070	6	9.2373
group_11788	306	4169	13.6242	30	28.7532	15	28.7533
group_5675	231	0	0.0000	0	0.0000	0	0.0000
group_11805	1137	9594	8.4380	66	17.0243	33	17.0244
ndhJ	585	2149	3.6735	17	8.5228	8	8.0214
rplJ	651	71091	109.2028	488	219.8497	244	219.8498
group_11806	723	1498	2.0719	11	4.4621	5	4.0565
petL	102	0	0.0000	0	0.0000	0	0.0000
group_11811	420	20376	48.5143	142	99.1576	71	99.1576
group_17219	1530	2543	1.6621	17	3.2587	8	3.0670
group_11820	381	0	0.0000	0	0.0000	0	0.0000
group_11823	93	0	0.0000	0	0.0000	0	0.0000
group_11840	144	0	0.0000	0	0.0000	0	0.0000
group_11849	249	2007	8.0602	15	17.6677	7	16.4898
group_11846	669	0	0.0000	0	0.0000	0	0.0000
group_11856	2154	11794	5.4754	78	10.6203	39	10.6203
group_11867	1359	0	0.0000	0	0.0000	0	0.0000
ntcA	741	68842	92.9042	486	192.3557	243	192.3558
group_11874	243	0	0.0000	0	0.0000	0	0.0000
group_11875	243	1005	4.1358	7	8.4485	3	7.2416
group_11879	1413	140307	99.2972	948	196.7674	474	196.7675
group_11885	432	0	0.0000	0	0.0000	0	0.0000
group_11900	1872	4302	2.2981	31	4.8567	15	4.7001
group_11922	252	0	0.0000	0	0.0000	0	0.0000
hemJ	588	13463	22.8963	91	45.3890	45	44.8903
group_11942	489	151	0.3088	1	0.5998	0	0.0000
group_11948	1677	188165	112.2033	1261	220.5307	630	220.3559
group_11972	321	685	2.1340	5	4.5683	2	3.6546
group_11976	723	32611	45.1051	222	90.0537	111	90.0538
ndhN	588	48486	82.4592	335	167.0916	167	166.5928
group_11980	240	302	1.2583	2	2.4440	1	2.4440
group_11981	312	1398	4.4808	10	9.4001	5	9.4001
group_11983	354	15757	44.5113	111	91.9616	55	91.1332
group_11984	186	0	0.0000	0	0.0000	0	0.0000
group_11985	540	877	1.6241	6	3.2587	3	3.2587
group_11986	468	0	0.0000	0	0.0000	0	0.0000
group_11988	588	302	0.5136	2	0.9976	1	0.9976
group_12002	192	0	0.0000	0	0.0000	0	0.0000
group_12005	8721	48321	5.5408	284	9.5508	142	9.5508
grrA	243	3287	13.5267	24	28.9662	12	28.9662
tatA	177	5493	31.0339	41	67.9356	20	66.2787
group_15950	2325	38688	16.6400	258	32.5450	129	32.5450
group_12033	195	118	0.6051	2	3.0080	1	3.0080
group_12056	369	2104	5.7019	16	12.7169	8	12.7169
group_12068	213	249	1.1690	2	2.7538	1	2.7538
group_12071	339	3404	10.0413	24	20.7634	12	20.7634
group_12083	240	9043	37.6792	67	81.8749	33	80.6529
group_12084	600	45485	75.8083	320	156.4176	160	156.4177
group_12098	930	15598	16.7720	79	24.9133	39	24.5979
group_12100	408	2718	6.6618	18	12.9390	9	12.9390
group_12101	705	0	0.0000	0	0.0000	0	0.0000
group_12114	648	26925	41.5509	186	84.1831	93	84.1831
ycf33	198	9518	48.0707	72	106.6484	36	106.6484
terB	864	136475	157.9572	927	314.6683	463	314.3290
group_12130	951	93571	98.3922	640	197.3724	320	197.3725
group_12133	837	8104	9.6822	56	19.6223	28	19.6223
group_12138	540	49263	91.2278	345	187.3753	172	186.8322
group_12148	3774	47848	12.6783	319	24.7900	159	24.7123
group_12150	564	12983	23.0195	90	46.8005	45	46.8005
group_12149	412	8720	21.1650	64	45.5585	32	45.5586
group_12154	399	28363	71.0852	191	140.3937	95	139.6587
group_12162	237	3525	14.8734	25	30.9370	12	29.6996
group_17164	1929	11699	6.0648	79	12.0111	39	11.8590
group_17165	1260	3996	3.1714	27	6.2846	13	6.0519
group_12199	3330	149168	44.7952	1006	88.6014	503	88.6015
group_12202	762	1057	1.3871	7	2.6942	3	2.3093
group_12211	162	0	0.0000	0	0.0000	0	0.0000
group_12216	168	0	0.0000	0	0.0000	0	0.0000
group_12217	411	29483	71.7348	210	149.8527	105	149.8527
group_12238	2010	6612	3.2896	45	6.5660	22	6.4201
rplY	558	41836	74.9749	299	157.1535	149	156.6279
group_12240	729	8411	11.5377	59	23.7362	29	23.3339
cr066	579	53606	92.5838	378	191.4698	189	191.4698
group_12250	603	37033	61.4146	246	119.6478	123	119.6479
group_12261	702	65081	92.7080	454	189.6731	227	189.6732
group_12262	288	6254	21.7153	45	45.8255	22	44.8072
group_12264	939	72960	77.6997	496	154.9184	248	154.9185
group_12267	1149	110980	96.5883	753	192.2038	376	191.9486
group_12276	855	11152	13.0433	76	26.0696	38	26.0696
group_12281	405	22497	55.5481	155	112.2441	77	111.5200
group_12289	504	0	0.0000	0	0.0000	0	0.0000
group_12301	888	96227	108.3637	651	215.0082	325	214.6780
rplO	444	24683	55.5923	177	116.9169	88	116.2564
group_12309	477	31038	65.0692	220	135.2668	110	135.2669
group_12310	234	0	0.0000	0	0.0000	0	0.0000
group_12314	2901	20201	6.9635	137	13.8503	68	13.7492
group_12317	975	1057	1.0841	7	2.1056	3	1.8048
group_12326	405	13559	33.4790	94	68.0706	47	68.0707
group_12329	1239	131581	106.1994	897	212.3284	448	212.0918
group_12341	846	4879	5.7671	33	11.4401	16	11.0935
group_12349	792	69760	88.0808	480	177.7473	240	177.7474
group_12348	1170	227	0.1940	2	0.5013	1	0.5013
argC	1062	98565	92.8107	672	185.5803	336	185.5803
group_12371	948	0	0.0000	0	0.0000	0	0.0000
group_12395	804	64682	80.4502	443	161.5975	221	161.2328
group_12399	837	81486	97.3548	558	195.5221	279	195.5221
group_12436	252	307	1.2183	3	3.4915	1	2.3276
group_12440	1173	2340	1.9949	15	3.7504	7	3.5004
group_12449	1101	4686	4.2561	33	8.7905	16	8.5241
group_12454	714	755	1.0574	5	2.0538	2	1.6430
yrrD	948	71254	75.1624	480	148.4978	240	148.4978
group_12480	279	18571	66.5627	130	136.6552	65	136.6552
group_12483	309	448	1.4498	3	2.8474	1	1.8983
group_12499	255	151	0.5922	1	1.1501	0	0.0000
tkt	2007	238042	118.6059	1610	235.2694	805	235.2695
group_12530	975	14459	14.8297	98	29.4787	49	29.4787
argJ	1338	138767	103.7123	935	204.9474	467	204.7283
group_12539	1176	43609	37.0825	297	74.0689	148	73.8196
group_12567	174	0	0.0000	0	0.0000	0	0.0000
group_12568	783	24569	31.3780	175	65.5486	87	65.1740
group_12591	588	3417	5.8112	23	11.4720	11	10.9732
group_12604	1167	74371	63.7284	477	119.8766	238	119.6254
group_12609	369	30768	83.3821	219	174.0623	109	173.2676
group_12616	783	18148	23.1775	123	46.0713	61	45.6967
group_12650	627	17300	27.5917	119	55.6630	59	55.1952
group_12654	3447	4513	1.3093	30	2.5525	15	2.5525
group_12656	1230	3183	2.5878	22	5.2457	11	5.2457
group_12660	807	8890	11.0161	60	21.8054	30	21.8054
ylxR	282	18834	66.7872	139	144.5615	69	143.5216
group_12681	240	14867	61.9458	110	134.4214	55	134.4215
trmJ	801	82746	103.3034	571	209.0695	285	208.7034
group_12699	462	2387	5.1667	17	10.7918	8	10.1570
group_12701	717	80666	112.5049	558	228.2454	279	228.2455
group_12720	318	1151	3.6195	9	8.3005	4	7.3782
group_12735	777	8558	11.0142	59	22.2699	29	21.8924
prfA	1101	69020	62.6885	467	124.3989	233	124.1326
group_12743	606	25466	42.0231	180	87.1138	90	87.1138
group_12776	885	76811	86.7921	524	173.6501	262	173.6501
group_12795	198	8949	45.1970	63	93.3173	31	91.8361
group_12808	693	3770	5.4401	27	11.4266	13	11.0034
group_12807	3177	17103	5.3834	114	10.5238	57	10.5239
mltA	1203	131740	109.5096	894	217.9510	447	217.9511
group_12824	420	901	2.1452	7	4.8881	3	4.1898
group_12826	360	25694	71.3722	178	145.0122	89	145.0122
group_12831	414	3733	9.0169	28	19.8356	14	19.8356
group_12837	846	69528	82.1844	472	163.6284	236	163.6284
group_12841	705	65699	93.1901	456	189.6980	228	189.6981
group_12843	240	0	0.0000	0	0.0000	0	0.0000
jag	495	40793	82.4101	294	174.1924	147	174.1924
group_12854	324	32241	99.5093	226	204.5740	113	204.5741
fabZ	480	46470	96.8125	324	197.9661	162	197.9661
group_12863	594	57081	96.0960	401	197.9908	200	197.4971
group_12865	1965	218793	111.3450	1472	219.7011	736	219.7012
group_12872	795	27543	34.6453	190	70.0928	95	70.0928
trpE	1584	182926	115.4836	1237	229.0348	618	228.8497
group_12887	768	284	0.3698	2	0.7638	1	0.7638
group_12889	3852	691	0.1794	4	0.3046	2	0.3046
group_12895	564	48161	85.3918	339	176.2819	169	175.7619
group_12899	318	11875	37.3428	98	90.3828	49	90.3829
group_12909	510	44477	87.2098	308	177.1200	154	177.1200
tusA	222	12005	54.0766	88	116.2564	44	116.2564
group_12934	1896	23032	12.1477	148	22.8934	74	22.8934
group_12939	1101	11348	10.3070	79	21.0439	39	20.7776
group_12945	355	0	0.0000	0	0.0000	0	0.0000
group_12948	228	0	0.0000	0	0.0000	0	0.0000
group_12951	669	552	0.8251	4	1.7536	2	1.7536
group_12950	1383	1747	1.2632	13	2.7568	6	2.5448
group_12965	315	1576	5.0032	12	11.1727	6	11.1727
group_12971	315	148	0.4698	1	0.9311	0	0.0000
group_12972	210	0	0.0000	0	0.0000	0	0.0000
group_12983	438	39002	89.0457	272	182.1301	136	182.1302
group_12987	807	393	0.4870	3	1.0903	1	0.7268
group_12994	270	603	2.2333	4	4.3449	2	4.3449
group_12997	1056	11664	11.0455	80	22.2184	40	22.2184
group_13009	1029	0	0.0000	0	0.0000	0	0.0000
glgC	1422	139669	98.2201	943	194.4908	471	194.2846
group_15416	2061	30953	15.0184	213	30.3102	106	30.1679
group_13019	864	4818	5.5764	32	10.8623	16	10.8623
group_13021	945	302	0.3196	2	0.6207	1	0.6207
group_13022	1041	1418	1.3622	10	2.8173	5	2.8173
group_13025	1470	0	0.0000	0	0.0000	0	0.0000
group_13040	633	58786	92.8689	407	188.5722	203	188.1090
group_13056	663	7029	10.6018	48	21.2332	24	21.2332
group_13059	303	18235	60.1815	129	124.8631	64	123.8952
group_13065	246	150	0.6098	2	2.3844	1	2.3844
group_13067	252	0	0.0000	0	0.0000	0	0.0000
group_13070	1128	124858	110.6897	848	220.4823	424	220.4824
group_13076	270	11235	41.6111	79	85.8125	39	84.7262
pspE	339	24368	71.8820	178	153.9952	89	153.9953
group_13102	411	1503	3.6569	11	7.8494	5	7.1358
group_13103	1437	120967	84.1802	818	166.9489	409	166.9489
group_13107	154	398	2.5844	4	7.6177	2	7.6177
group_13124	1119	102055	91.2020	691	181.1069	345	180.8449
group_15061	771	0	0.0000	0	0.0000	0	0.0000
group_13138	180	296	1.6444	2	3.2587	1	3.2587
group_13152	219	0	0.0000	0	0.0000	0	0.0000
rodA	1281	133318	104.0734	905	207.1984	452	206.9695
group_13167	282	0	0.0000	0	0.0000	0	0.0000
group_13171	399	11648	29.1930	80	58.8036	40	58.8036
group_13174	282	1681	5.9610	12	12.4801	6	12.4801
group_13192	465	26913	57.8774	184	116.0518	92	116.0518
group_13198	249	418	1.6787	4	4.7114	2	4.7114
csm4	1098	0	0.0000	0	0.0000	0	0.0000
group_13220	483	4725	9.7826	33	20.0380	16	19.4308
group_13221	1035	596	0.5758	4	1.1335	2	1.1335
group_13229	780	81991	105.1167	565	212.4422	282	212.0663
group_17176	717	0	0.0000	0	0.0000	0	0.0000
mreC	750	32150	42.8667	218	85.2476	109	85.2476
group_13250	351	20060	57.1510	141	117.8146	70	116.9790
group_13273	243	0	0.0000	0	0.0000	0	0.0000
group_13275	1149	1354	1.1784	10	2.5525	5	2.5525
group_13276	978	4308	4.4049	29	8.6965	14	8.3967
group_13282	936	10781	11.5182	74	23.1869	37	23.1869
group_13287	129	0	0.0000	0	0.0000	0	0.0000
group_13289	660	43189	65.4379	298	132.4218	149	132.4218
group_13305	243	5059	20.8189	36	43.4493	18	43.4494
fetB	777	78438	100.9498	538	203.0712	269	203.0712
group_13312	1725	178453	103.4510	1199	203.8530	599	203.6830
group_13320	444	38992	87.8198	270	178.3478	135	178.3479
larE	1002	93987	93.7994	632	184.9849	316	184.9850
ycgQ	792	66212	83.6010	459	169.9709	229	169.6006
group_13334	399	550	1.3784	4	2.9402	2	2.9402
group_13338	2340	9260	3.9573	64	8.0214	32	8.0214
group_13343	117	219	1.8718	2	5.0134	1	5.0134
group_13347	3921	28093	7.1648	189	14.1368	94	14.0620
group_13351	399	8016	20.0902	56	41.1625	28	41.1626
group_13360	624	1472	2.3590	10	4.7000	5	4.7001
group_13366	246	2953	12.0041	21	25.0364	10	23.8442
group_13377	951	116054	122.0336	790	243.6316	395	243.6317
group_13378	600	0	0.0000	0	0.0000	0	0.0000
group_13387	282	1004	3.5603	8	8.3201	4	8.3201
group_13392	693	0	0.0000	0	0.0000	0	0.0000
group_13396	1629	972	0.5967	6	1.0802	3	1.0802
group_13401	783	0	0.0000	0	0.0000	0	0.0000
group_13404	933	15162	16.2508	107	33.6348	53	33.3205
group_13406	957	151	0.1578	1	0.3065	0	0.0000
group_15140	675	3456	5.1200	23	9.9933	11	9.5589
group_13411	264	12651	47.9205	92	102.2047	46	102.2047
group_13418	900	0	0.0000	0	0.0000	0	0.0000
group_13417	3273	0	0.0000	0	0.0000	0	0.0000
group_13421	279	0	0.0000	0	0.0000	0	0.0000
group_13423	294	2844	9.6735	22	21.9464	11	21.9464
group_13425	1299	2569	1.9777	18	4.0640	9	4.0640
group_13426	591	1115	1.8866	8	3.9700	4	3.9700
astE	936	97757	104.4412	669	209.6222	334	209.3089
group_13449	216	0	0.0000	0	0.0000	0	0.0000
group_13456	2118	67396	31.8206	454	62.8662	227	62.8662
group_13457	960	81692	85.0958	556	169.8598	278	169.8598
ldcA	891	101921	114.3895	702	231.0715	351	231.0716
group_13485	222	0	0.0000	0	0.0000	0	0.0000
group_13489	411	6137	14.9319	43	30.6841	21	29.9705
group_13491	216	604	2.7963	4	5.4312	2	5.4312
group_13495	154	0	0.0000	0	0.0000	0	0.0000
group_13497	168	0	0.0000	0	0.0000	0	0.0000
group_13498	885	151	0.1706	1	0.3314	0	0.0000
group_13502	216	0	0.0000	0	0.0000	0	0.0000
group_13503	174	325	1.8678	3	5.0566	1	3.3711
group_13506	291	0	0.0000	0	0.0000	0	0.0000
group_13507	342	13519	39.5292	92	78.8949	46	78.8949
group_15144	2247	906	0.4032	6	0.7831	3	0.7831
group_13525	342	23862	69.7719	171	146.6415	85	145.7840
group_13532	390	32362	82.9795	226	169.9538	113	169.9538
yceD	510	151	0.2961	1	0.5751	0	0.0000
group_13543	1113	44538	40.0162	299	78.7885	149	78.5251
group_13542	447	0	0.0000	0	0.0000	0	0.0000
group_17071	528	302	0.5720	2	1.1109	1	1.1109
group_13548	642	183	0.2850	2	0.9137	1	0.9137
group_13552	132	0	0.0000	0	0.0000	0	0.0000
group_13555	741	71944	97.0904	489	193.5431	244	193.1474
group_13565	642	6904	10.7539	51	23.2982	25	22.8414
group_13569	192	8165	42.5260	60	91.6510	30	91.6510
mtnP	894	89009	99.5626	605	198.4746	302	198.1466
group_13573	5913	6644	1.1236	44	2.1824	22	2.1824
group_13576	357	16261	45.5490	115	94.4749	57	93.6535
group_13578	375	230	0.6133	2	1.5642	1	1.5642
group_13593	1728	205804	119.0995	1387	235.4072	693	235.2375
group_13596	405	34213	84.4765	242	175.2457	121	175.2457
group_13604	222	0	0.0000	0	0.0000	0	0.0000
hemE	1065	119885	112.5681	816	224.7127	408	224.7127
group_13622	621	6869	11.0612	49	23.1415	24	22.6692
group_13635	831	92861	111.7461	638	225.1680	319	225.1681
group_13645	1410	27472	19.4837	189	39.3124	94	39.1044
group_13653	1098	1379	1.2559	9	2.4040	4	2.1369
group_13657	858	75664	88.1865	516	176.3800	258	176.3801
group_13669	840	33401	39.7631	227	79.2563	113	78.9071
group_13684	663	57685	87.0060	400	176.9430	200	176.9431
group_13702	243	0	0.0000	0	0.0000	0	0.0000
group_13713	1530	5629	3.6791	38	7.2842	19	7.2842
group_13723	609	604	0.9918	4	1.9263	2	1.9263
group_13730	834	6168	7.3957	43	15.1213	21	14.7697
group_13748	387	3927	10.1473	27	20.4616	13	19.7038
group_13755	267	0	0.0000	0	0.0000	0	0.0000
group_13760	786	11646	14.8168	81	30.2238	40	29.8507
group_13764	399	13579	34.0326	94	69.0943	47	69.0943
group_13769	114	0	0.0000	0	0.0000	0	0.0000
group_13776	333	24407	73.2943	180	158.5314	90	158.5314
group_13786	825	17894	21.6897	125	44.4368	62	44.0813
group_13785	2739	77614	28.3366	524	56.1082	262	56.1082
group_13784	804	61438	76.4154	411	149.9246	205	149.5598
group_13809	510	21728	42.6039	160	92.0104	80	92.0104
group_13836	423	1633	3.8605	12	8.3201	6	8.3201
group_13838	684	0	0.0000	0	0.0000	0	0.0000
group_13846	732	528	0.7213	4	1.6026	2	1.6026
group_13857	147	0	0.0000	0	0.0000	0	0.0000
group_13863	192	535	2.7865	4	6.1101	2	6.1101
group_13870	900	8830	9.8111	60	19.5522	30	19.5522
kgpE	264	0	0.0000	0	0.0000	0	0.0000
phoU	669	64695	96.7040	450	197.2756	225	197.2757
group_13880	252	13559	53.8056	96	111.7269	48	111.7269
alphaE	1002	113441	113.2146	776	227.1334	388	227.1335
group_13896	462	9296	20.1212	65	41.2628	32	40.6280
group_13902	396	36708	92.6970	257	190.3378	128	189.5972
group_15300	1053	2854	2.7104	19	5.2919	9	5.0134
group_13922	321	0	0.0000	0	0.0000	0	0.0000
group_13935	582	302	0.5189	2	1.0078	1	1.0078
group_13940	225	6878	30.5689	51	66.4775	25	65.1740
group_13950	1422	148610	104.5077	991	204.3907	495	204.1845
group_13952	897	755	0.8417	5	1.6348	2	1.3078
group_13956	1023	76728	75.0029	522	149.6518	261	149.6518
group_13961	780	18271	23.4244	126	47.3765	63	47.3765
rplW	306	25567	83.5523	190	182.1039	95	182.1039
group_13975	228	0	0.0000	0	0.0000	0	0.0000
group_17229	327	1612	4.9297	11	9.8658	5	8.9689
otnK	1440	164160	114.0000	1120	228.1091	560	228.1091
group_15001	1287	1543	1.1989	11	2.5067	5	2.2788
group_15002	591	453	0.7665	3	1.4887	1	0.9925
group_14011	2172	302	0.1390	2	0.2701	1	0.2701
group_14023	366	13390	36.5847	99	79.3307	49	78.5294
group_14024	537	50617	94.2588	353	192.7913	176	192.2452
group_14028	732	2297	3.1380	16	6.4106	8	6.4106
group_14045	489	43113	88.1656	314	188.3249	157	188.3250
group_14086	1065	0	0.0000	0	0.0000	0	0.0000
group_14088	408	224	0.5490	2	1.4377	1	1.4377
group_14109	528	4023	7.6193	28	15.5529	14	15.5529
group_14115	99	0	0.0000	0	0.0000	0	0.0000
minC	834	69044	82.7866	475	167.0377	237	166.6861
minE	288	21292	73.9306	165	168.0268	82	167.0085
purE	555	41233	74.2937	285	150.6048	142	150.0764
yjbQ	420	16837	40.0881	116	81.0020	58	81.0020
group_14146	519	1087	2.0944	7	3.9556	3	3.3906
group_14154	1104	0	0.0000	0	0.0000	0	0.0000
group_14158	579	3221	5.5630	22	11.1437	11	11.1437
group_14170	732	82457	112.6462	567	227.1742	283	226.7736
tpiA	726	70223	96.7259	482	194.7141	241	194.7142
group_14183	1161	84986	73.2007	571	144.2417	285	143.9892
group_14188	855	738	0.8632	5	1.7151	2	1.3721
group_14191	435	38756	89.0943	267	180.0151	133	179.3410
group_14222	249	16244	65.2369	117	137.8077	58	136.6299
group_14235	2238	17141	7.6591	115	15.0704	57	14.9394
group_17732	1104	431	0.3904	3	0.7970	1	0.5313
group_14246	2286	1963	0.8587	13	1.6678	6	1.5395
group_14257	279	9782	35.0609	70	73.5836	35	73.5836
group_14262	213	12087	56.7465	86	118.4148	43	118.4148
group_14271	2163	46789	21.6315	316	42.8467	158	42.8467
group_14278	1494	1425	0.9538	10	1.9631	5	1.9631
pdxH	645	61905	95.9767	431	195.9768	215	195.5221
group_14300	597	969	1.6231	7	3.4388	3	2.9476
group_14305	768	898	1.1693	6	2.2913	3	2.2913
group_14308	534	1855	3.4738	13	7.1399	6	6.5906
group_14315	729	0	0.0000	0	0.0000	0	0.0000
group_14317	219	527	2.4064	4	5.3568	2	5.3568
group_14328	1437	2106	1.4656	14	2.8573	7	2.8573
group_16875	1038	28872	27.8150	186	52.5536	93	52.5536
group_17234	900	604	0.6711	4	1.3035	2	1.3035
group_14364	867	3930	4.5329	30	10.1482	15	10.1482
atp1	423	43067	101.8132	309	214.2423	154	213.5490
group_14370	2124	11944	5.6234	78	10.7703	39	10.7703
group_14380	318	976	3.0692	7	6.4559	3	5.5336
group_14397	213	0	0.0000	0	0.0000	0	0.0000
group_14415	1038	588	0.5665	4	1.1302	2	1.1302
group_14418	2766	930	0.3362	6	0.6362	3	0.6362
group_14424	2619	4337	1.6560	30	3.3595	15	3.3595
group_14425	999	302	0.3023	2	0.5872	1	0.5872
ureG	603	65867	109.2322	455	221.2998	227	220.8135
group_17221	360	453	1.2583	3	2.4440	1	1.6294
ccb2	657	68560	104.3531	469	209.3604	234	208.9140
rplV	360	31070	86.3056	224	182.4873	112	182.4873
group_14437	459	5364	11.6863	39	24.9195	19	24.2805
group_14445	306	13548	44.2745	93	89.1351	46	88.1766
group_17168	1287	3251	2.5260	22	5.0134	11	5.0134
group_14454	732	151	0.2063	1	0.4007	0	0.0000
group_14469	267	0	0.0000	0	0.0000	0	0.0000
rae1	756	64970	85.9392	443	171.8577	221	171.4698
aroC	1101	118311	107.4578	804	214.1686	402	214.1686
group_14475	399	5877	14.7293	42	30.8719	21	30.8719
group_14474	396	29785	75.2146	214	158.4914	107	158.4914
group_14495	135	0	0.0000	0	0.0000	0	0.0000
group_17241	495	5926	11.9717	43	25.4771	21	24.8846
group_14544	453	3589	7.9227	27	17.4804	13	16.8330
group_14549	573	47351	82.6370	314	160.7171	157	160.7171
group_14550	1311	1268	0.9672	9	2.0134	4	1.7897
group_14551	993	100871	101.5821	694	204.9733	347	204.9733
group_14561	2190	39341	17.9639	267	35.7564	133	35.6225
group_14565	525	963	1.8343	7	3.9104	3	3.3518
group_14569	840	0	0.0000	0	0.0000	0	0.0000
group_1	945	5462	5.7799	37	11.4830	18	11.1727
group_17	324	739	2.2809	6	5.4312	3	5.4312
group_20	684	0	0.0000	0	0.0000	0	0.0000
group_34	168	802	4.7738	7	12.2201	3	10.4744
group_49	1455	0	0.0000	0	0.0000	0	0.0000
group_56	369	23121	62.6585	161	127.9636	80	127.1689
group_59	744	55682	74.8414	387	152.5545	193	152.1604
group_63	345	151	0.4377	1	0.8501	0	0.0000
group_64	360	120	0.3333	2	1.6294	1	1.6294
ndhS	273	9419	34.5018	66	70.9036	33	70.9036
petD	483	47729	98.8178	344	208.8807	172	208.8808
group_99	174	145	0.8333	1	1.6855	0	0.0000
group_100	597	3135	5.2513	21	10.3165	10	9.8252
group_113	780	113051	144.9372	763	286.8910	381	286.5151
group_15578	300	585	1.9500	5	4.8881	2	3.9104
coaD	474	32582	68.7384	235	145.4041	117	144.7854
group_144	552	39792	72.0870	281	149.2981	140	148.7668
pgsA	702	5726	8.1567	39	16.2935	19	15.8757
group_148	234	1267	5.4145	10	12.5335	5	12.5335
group_155	411	0	0.0000	0	0.0000	0	0.0000
group_162	330	1208	3.6606	8	7.1099	4	7.1099
group_160	1185	906	0.7646	6	1.4850	3	1.4850
group_169	1875	2155	1.1493	15	2.3463	7	2.1898
group_170	627	63716	101.6204	444	207.6837	222	207.6838
group_171	1311	0	0.0000	0	0.0000	0	0.0000
group_14992	480	302	0.6292	2	1.2220	1	1.2220
group_178	255	11032	43.2627	78	89.7101	39	89.7101
putP	1812	208158	114.8775	1402	226.9221	701	226.9222
psbX	120	704	5.8667	8	19.5522	4	19.5522
crtA	1488	3469	2.3313	24	4.7304	12	4.7304
phoE	735	73148	99.5211	500	199.5123	250	199.5124
group_211	300	1043	3.4767	9	8.7985	4	7.8209
group_212	642	20525	31.9704	143	65.3263	71	64.8695
gph	696	72126	103.6293	498	209.8491	249	209.8492
pobA	1401	99023	70.6802	663	138.7914	331	138.5821
group_219	315	5503	17.4698	39	36.3112	19	35.3802
group_220	294	18663	63.4796	137	136.6659	68	135.6684
group_4091	132	0	0.0000	0	0.0000	0	0.0000
rplD	633	65623	103.6698	454	210.3484	227	210.3484
glnB	510	29172	57.2000	190	109.2623	95	109.2624
crp	576	52991	91.9983	374	190.4303	187	190.4304
group_236	156	0	0.0000	0	0.0000	0	0.0000
psaK	267	15198	56.9213	111	121.9267	55	120.8283
exbD	603	42230	70.0332	288	140.0755	144	140.0755
group_250	1557	19830	12.7360	133	25.0524	66	24.8641
group_253	654	0	0.0000	0	0.0000	0	0.0000
group_255	2724	2458	0.9023	16	1.7227	8	1.7227
group_257	141	0	0.0000	0	0.0000	0	0.0000
group_270	513	2564	4.9981	18	10.2906	9	10.2906
group_17663	924	10265	11.1093	70	22.2184	35	22.2184
group_15295	297	0	0.0000	0	0.0000	0	0.0000
group_283	264	11674	44.2197	83	92.2064	41	91.0955
group_291	309	13296	43.0291	98	93.0153	49	93.0154
group_294	372	23976	64.4516	174	137.1808	87	137.1808
group_14838	837	48465	57.9032	323	113.1785	161	112.8282
group_14836	2094	3426	1.6361	23	3.2214	11	3.0813
acpP	363	0	0.0000	0	0.0000	0	0.0000
group_317	996	3137	3.1496	21	6.1837	10	5.8892
group_321	471	903	1.9172	8	4.9815	4	4.9815
secE	237	9042	38.1519	67	82.9113	33	81.6738
rplK	426	40269	94.5282	287	197.5874	143	196.8990
group_346	303	5863	19.3498	42	40.6531	21	40.6531
group_358	1731	8657	5.0012	58	9.8269	29	9.8269
group_364	357	0	0.0000	0	0.0000	0	0.0000
group_369	138	0	0.0000	0	0.0000	0	0.0000
group_368	501	46108	92.0319	332	194.3513	166	194.3513
group_380	1530	6731	4.3993	46	8.8177	23	8.8177
group_15063	1821	999	0.5486	6	0.9663	3	0.9663
group_430	288	0	0.0000	0	0.0000	0	0.0000
doc	435	21685	49.8506	153	103.1547	76	102.4806
group_443	1005	1610	1.6020	11	3.2101	5	2.9182
group_449	3606	25606	7.1009	171	13.9078	85	13.8264
group_453	156	301	1.9295	2	3.7600	1	3.7600
group_469	2202	0	0.0000	0	0.0000	0	0.0000
group_470	237	1026	4.3291	8	9.8999	4	9.8999
group_494	603	4565	7.5705	32	15.5639	16	15.5639
group_499	291	1152	3.9588	8	8.0628	4	8.0628
nuoJ	648	62285	96.1188	427	193.2591	213	192.8065
rplR	363	26265	72.3554	193	155.9329	96	155.1250
group_15049	2220	0	0.0000	0	0.0000	0	0.0000
group_529	1260	170118	135.0143	1151	267.9118	575	267.6791
group_14777	492	31234	63.4837	227	135.3156	113	134.7195
tnpISMae25	504	0	0.0000	0	0.0000	0	0.0000
group_549	600	0	0.0000	0	0.0000	0	0.0000
group_550	195	0	0.0000	0	0.0000	0	0.0000
group_14768	282	2759	9.7837	19	19.7602	9	18.7202
accB	495	37964	76.6949	276	163.5275	138	163.5276
clpP	621	58473	94.1594	404	190.7993	202	190.7994
psbM	108	556	5.1481	8	21.7247	4	21.7247
sseA	825	74698	90.5430	516	183.4352	258	183.4353
group_573	1227	122754	100.0440	822	196.4782	411	196.4782
group_15592	3045	2105	0.6913	14	1.3484	7	1.3484
group_589	555	8915	16.0631	60	31.7063	30	31.7063
pyrH	723	66924	92.5643	464	188.2204	232	188.2205
group_600	264	1206	4.5682	9	9.9983	4	8.8874
group_15132	669	151	0.2257	1	0.4384	0	0.0000
atpF	543	49293	90.7790	343	185.2598	171	184.7198
group_618	249	2211	8.8795	20	23.5569	10	23.5569
group_622	370	7203	19.4676	54	42.8035	27	42.8035
folB	357	30769	86.1877	219	179.9132	109	179.0917
group_626	942	2114	2.2442	14	4.3588	7	4.3588
rplX	354	33131	93.5904	241	199.6645	120	198.8360
group_641	603	57436	95.2504	394	191.6311	197	191.6311
group_651	6099	10612	1.7400	128	6.1551	64	6.1551
group_655	711	50639	71.2222	345	142.3104	172	141.8979
group_678	1302	298	0.2289	2	0.4505	1	0.4505
group_683	891	0	0.0000	0	0.0000	0	0.0000
group_690	258	3643	14.1202	31	35.2394	15	34.1027
group_689	1437	107043	74.4906	720	146.9477	360	146.9477
group_702	366	184	0.5027	2	1.6026	1	1.6026
group_717	642	11385	17.7336	78	35.6325	39	35.6325
group_14746	531	10883	20.4953	88	48.6044	44	48.6044
group_728	264	7205	27.2917	54	59.9897	27	59.9897
group_743	1194	2809	2.3526	19	4.6670	9	4.4214
psbT	96	317	3.3021	4	12.2201	2	12.2201
rpsA	1077	123029	114.2331	839	228.4721	419	228.1999
rpoC2	4074	463017	113.6517	3090	222.4459	1545	222.4460
group_751	1413	0	0.0000	0	0.0000	0	0.0000
apcA	486	44737	92.0514	316	190.6943	158	190.6944
group_804	156	880	5.6410	8	15.0402	4	15.0402
group_827	2124	5278	2.4849	35	4.8328	17	4.6947
group_839	1014	109850	108.3333	751	217.2146	375	216.9254
pro1627	273	8184	29.9780	66	70.9036	33	70.9036
grxC	318	12870	40.4717	95	87.6160	47	86.6938
higB	276	8127	29.4457	63	66.9451	31	65.8825
group_848	171	292	1.7076	2	3.4302	1	3.4302
acrA	1458	157314	107.8971	1055	212.2179	527	212.0168
group_873	210	0	0.0000	0	0.0000	0	0.0000
group_876	183	0	0.0000	0	0.0000	0	0.0000
group_877	204	1473	7.2206	12	17.2519	6	17.2520
group_16691	612	0	0.0000	0	0.0000	0	0.0000
group_884	252	603	2.3929	4	4.6553	2	4.6553
apcB	486	48086	98.9424	344	207.5913	172	207.5914
group_889	321	2043	6.3645	14	12.7912	7	12.7912
group_905	723	8401	11.6196	60	24.3388	30	24.3389
psaI	117	550	4.7009	6	15.0402	3	15.0402
uspA	411	30803	74.9465	226	161.2700	113	161.2701
qcrA	429	40930	95.4079	291	198.9403	145	198.2567
terC	720	75380	104.6944	517	210.5935	258	210.1863
group_927	159	2900	18.2390	25	46.1137	12	44.2692
group_5583	633	0	0.0000	0	0.0000	0	0.0000
group_954	1359	0	0.0000	0	0.0000	0	0.0000
group_961	339	501	1.4779	4	3.4606	2	3.4606
group_968	735	69250	94.2177	482	192.3299	241	192.3299
group_975	210	246	1.1714	2	2.7932	1	2.7932
aqpZ	825	80878	98.0339	558	198.3660	279	198.3661
group_1008	3402	64247	18.8851	433	37.3285	216	37.2423
group_5754	339	0	0.0000	0	0.0000	0	0.0000
group_1014	105	0	0.0000	0	0.0000	0	0.0000
group_1022	207	4003	19.3382	33	46.7553	16	45.3385
group_1031	168	0	0.0000	0	0.0000	0	0.0000
group_1043	309	28569	92.4563	210	199.3186	105	199.3187
folP	906	89942	99.2737	608	196.8169	304	196.8170
group_1050	207	9030	43.6232	67	94.9274	33	93.5106
group_1051	219	1425	6.5068	11	14.7311	5	13.3919
cpcT1	585	49051	83.8479	344	172.4605	172	172.4605
group_1053	336	0	0.0000	0	0.0000	0	0.0000
group_1062	1041	4584	4.4035	31	8.7337	15	8.4520
group_15057	348	0	0.0000	0	0.0000	0	0.0000
group_15058	2136	0	0.0000	0	0.0000	0	0.0000
group_16391	354	2882	8.1412	20	16.5697	10	16.5697
group_1097	810	302	0.3728	2	0.7242	1	0.7242
group_1107	174	291	1.6724	3	5.0566	1	3.3711
group_1111	618	0	0.0000	0	0.0000	0	0.0000
group_1114	1080	110179	102.0176	745	202.3110	372	202.0395
group_6041	2400	5664	2.3600	38	4.6436	19	4.6437
group_1120	468	1201	2.5662	10	6.2667	5	6.2667
group_15866	777	463	0.5959	3	1.1324	1	0.7549
group_1157	552	2872	5.2029	20	10.6262	10	10.6262
group_1163	192	354	1.8438	4	6.1101	2	6.1101
group_1167	354	12948	36.5763	91	75.3920	45	74.5635
group_1190	1308	126207	96.4885	863	193.5041	431	193.2799
group_1186	1179	8475	7.1883	58	14.4278	29	14.4278
group_1207	195	3106	15.9282	24	36.0964	12	36.0964
group_1210	801	0	0.0000	0	0.0000	0	0.0000
group_1223	324	24273	74.9167	179	162.0299	89	161.1247
rpsC	729	74114	101.6653	519	208.7982	259	208.3960
rpmC	219	10361	47.3105	76	101.7786	38	101.7786
group_6321	1515	0	0.0000	0	0.0000	0	0.0000
group_1256	2271	0	0.0000	0	0.0000	0	0.0000
group_1264	840	302	0.3595	2	0.6983	1	0.6983
group_6350	1131	1289	1.1397	9	2.3338	4	2.0745
group_14779	1290	755	0.5853	5	1.1368	2	0.9094
group_1290	324	253	0.7809	2	1.8104	1	1.8104
ycf35	387	27772	71.7623	208	157.6302	104	157.6302
ahpC	690	16197	23.4739	112	47.6054	56	47.6054
yqeK	597	56153	94.0586	395	194.0483	197	193.5571
group_1327	726	0	0.0000	0	0.0000	0	0.0000
group_16397	2730	4819	1.7652	32	3.4378	16	3.4378
rplF	570	47175	82.7632	334	171.8536	167	171.8536
group_1346	747	453	0.6064	3	1.1778	1	0.7852
group_1356	471	18716	39.7367	128	79.7033	64	79.7033
group_6555	402	6038	15.0199	45	32.8302	22	32.1006
group_1371	414	0	0.0000	0	0.0000	0	0.0000
rnpA	363	18460	50.8540	137	110.6881	68	109.8802
yidC	1149	136592	118.8790	934	238.4042	467	238.4042
group_1380	1005	604	0.6010	4	1.1673	2	1.1673
group_1392	150	0	0.0000	0	0.0000	0	0.0000
group_1400	564	39864	70.6809	280	145.6015	140	145.6016
group_1409	552	453	0.8207	3	1.5939	1	1.0626
queA	1131	119642	105.7843	813	210.8215	406	210.5623
iscR	444	35636	80.2613	248	163.8158	124	163.8158
group_15042	999	43574	43.6176	266	78.0914	133	78.0914
group_15875	1116	23221	20.8073	156	40.9966	78	40.9966
group_1428	570	754	1.3228	5	2.5727	2	2.0581
group_1434	408	2452	6.0098	19	13.6578	9	12.9390
group_1443	501	20974	41.8643	150	87.8093	75	87.8093
group_1448	1059	13849	13.0774	94	26.0327	47	26.0327
group_6790	135	0	0.0000	0	0.0000	0	0.0000
group_19139	261	281	1.0766	3	3.3711	1	2.2474
group_1494	684	2288	3.3450	15	6.4316	7	6.0029
group_1509	333	0	0.0000	0	0.0000	0	0.0000
group_1533	237	2183	9.2110	17	21.0372	8	19.7997
group_1556	1026	1660	1.6179	11	3.1444	5	2.8585
group_16018	426	2500	5.8685	18	12.3922	9	12.3922
group_1557	285	0	0.0000	0	0.0000	0	0.0000
group_1571	189	0	0.0000	0	0.0000	0	0.0000
group_7013	2442	3161	1.2944	21	2.5221	10	2.4020
group_15053	1767	0	0.0000	0	0.0000	0	0.0000
group_15054	2031	0	0.0000	0	0.0000	0	0.0000
group_7083	429	2097	4.8881	17	11.6219	8	10.9383
group_1612	1500	29134	19.4227	194	37.9313	97	37.9313
group_7123	294	1055	3.5884	9	8.9781	4	7.9805
group_1615	405	702	1.7333	6	4.3449	3	4.3449
group_1618	420	376	0.8952	3	2.0949	1	1.3966
group_1630	585	0	0.0000	0	0.0000	0	0.0000
group_1656	1047	40332	38.5215	276	77.3124	138	77.3125
group_1655	264	151	0.5720	1	1.1109	0	0.0000
group_1665	348	18151	52.1580	125	105.3459	62	104.5032
group_1669	456	3192	7.0000	22	14.1496	11	14.1496
group_1681	366	250	0.6831	2	1.6026	1	1.6026
group_1684	189	181	0.9577	2	3.1035	1	3.1035
group_1685	297	18350	61.7845	128	126.3981	64	126.3981
group_1687	315	19798	62.8508	141	131.2791	70	130.3481
group_1704	204	0	0.0000	0	0.0000	0	0.0000
group_1698	249	9576	38.4578	70	82.4491	35	82.4491
group_1709	207	184	0.8889	2	2.8337	1	2.8337
group_1722	672	7283	10.8378	40	17.4573	20	17.4573
group_1720	594	1350	2.2727	11	5.4312	5	4.9374
group_1726	300	0	0.0000	0	0.0000	0	0.0000
group_1731	957	870	0.9091	6	1.8388	3	1.8388
group_1745	3240	35384	10.9210	236	21.3626	118	21.3626
group_1744	3750	20787	5.5432	139	10.8710	69	10.7928
group_17424	270	0	0.0000	0	0.0000	0	0.0000
group_15853	5814	0	0.0000	0	0.0000	0	0.0000
group_7532	573	1943	3.3909	18	9.2131	9	9.2131
group_1786	309	465	1.5049	4	3.7965	2	3.7965
group_14923	960	11174	11.6396	74	22.6072	37	22.6072
group_1804	429	17132	39.9347	120	82.0372	60	82.0373
group_17187	387	901	2.3282	6	4.5470	3	4.5470
group_1811	1122	0	0.0000	0	0.0000	0	0.0000
group_1812	1152	0	0.0000	0	0.0000	0	0.0000
group_1814	174	2689	15.4540	21	35.3962	10	33.7107
group_1815	354	27375	77.3305	191	158.2403	95	157.4119
group_1827	594	1057	1.7795	7	3.4562	3	2.9625
group_1833	345	16325	47.3188	124	105.4119	62	105.4119
group_1837	270	281	1.0407	2	2.1725	1	2.1725
citB	696	718	1.0316	5	2.1069	2	1.6855
group_1845	4230	6665	1.5757	45	3.1200	22	3.0507
group_1844	252	338	1.3413	4	4.6553	2	4.6553
hEPN	384	24765	64.4922	169	129.0751	84	128.3114
group_1869	891	1446	1.6229	11	3.6208	5	3.2916
mJ0435	312	1357	4.3494	9	8.4601	4	7.5201
group_1875	429	931	2.1702	7	4.7855	3	4.1019
group_1887	378	9829	26.0026	70	54.3117	35	54.3117
group_7805	279	0	0.0000	0	0.0000	0	0.0000
group_15417	192	8287	43.1615	59	90.1234	29	88.5960
group_7854	213	0	0.0000	0	0.0000	0	0.0000
group_1908	387	25475	65.8269	183	138.6842	91	137.9265
group_1909	306	0	0.0000	0	0.0000	0	0.0000
group_15203	2121	129541	61.0754	945	130.6707	472	130.5324
group_1925	456	1918	4.2061	14	9.0043	7	9.0043
group_1932	2736	5285	1.9317	35	3.7518	17	3.6446
group_1930	366	9057	24.7459	64	51.2845	32	51.2845
group_1934	288	1593	5.5313	12	12.2201	6	12.2201
group_1937	345	0	0.0000	0	0.0000	0	0.0000
group_1944	285	23679	83.0842	172	176.9989	86	176.9990
group_1948	336	806	2.3988	6	5.2372	3	5.2372
group_1949	708	5932	8.3785	43	17.8124	21	17.3982
group_1955	774	17100	22.0930	108	40.9232	54	40.9232
group_17209	1791	46047	25.7102	309	50.5999	154	50.4362
group_17210	573	4849	8.4625	32	16.3788	16	16.3788
group_17469	210	0	0.0000	0	0.0000	0	0.0000
group_1963	411	31361	76.3041	224	159.8428	112	159.8429
group_1965	1599	1893	1.1839	13	2.3844	6	2.2010
group_1969	864	13575	15.7118	93	31.5687	46	31.2292
group_1970	369	2229	6.0407	17	13.5117	8	12.7169
pntB	1410	164153	116.4206	1111	231.0904	555	230.8825
group_1977	300	5077	16.9233	42	41.0596	21	41.0596
group_1981	165	0	0.0000	0	0.0000	0	0.0000
group_1982	246	12824	52.1301	96	114.4519	48	114.4520
group_15625	321	555	1.7290	4	3.6546	2	3.6546
wzb	525	42068	80.1295	295	164.7972	147	164.2386
group_1986	147	0	0.0000	0	0.0000	0	0.0000
group_1987	333	21325	64.0390	153	134.7517	76	133.8710
group_15200	225	0	0.0000	0	0.0000	0	0.0000
group_1991	192	0	0.0000	0	0.0000	0	0.0000
group_1992	258	8997	34.8721	66	75.0259	33	75.0259
group_1997	681	0	0.0000	0	0.0000	0	0.0000
group_2005	213	1736	8.1502	12	16.5230	6	16.5230
group_2010	798	8220	10.3008	56	20.5813	28	20.5813
group_2012	615	604	0.9821	4	1.9075	2	1.9075
group_15945	537	6417	11.9497	46	25.1229	23	25.1230
group_2015	486	6230	12.8189	47	28.3628	23	27.7593
group_2017	237	519	2.1899	4	4.9499	2	4.9499
group_2018	3807	26461	6.9506	163	12.5572	81	12.4801
group_2023	804	0	0.0000	0	0.0000	0	0.0000
group_2027	366	302	0.8251	2	1.6026	1	1.6026
group_2028	315	8707	27.6413	64	59.5877	32	59.5877
gmk	555	60549	109.0973	433	228.8136	216	228.2853
rplU	390	36952	94.7487	264	198.5301	132	198.5301
gvpA	216	895	4.1435	8	10.8623	4	10.8623
group_2031	315	24432	77.5619	174	162.0040	87	162.0040
group_2033	237	1659	7.0000	14	17.3247	7	17.3247
group_2034	477	12606	26.4277	83	51.0325	41	50.4177
penP	1191	116013	97.4081	780	192.0746	390	192.0746
group_2036	372	3998	10.7473	29	22.8635	14	22.0751
group_2038	354	5207	14.7090	36	29.8254	18	29.8254
group_2039	963	1943	2.0177	13	3.9592	6	3.6546
group_2040	351	20646	58.8205	152	127.0058	76	127.0058
group_2049	435	16897	38.8437	120	80.9057	60	80.9057
group_2051	1350	14394	10.6622	99	21.5074	49	21.2902
group_17097	345	38424	111.3739	260	221.0249	130	221.0250
group_17647	744	142159	191.0739	983	387.4963	491	387.1023
group_2053	183	0	0.0000	0	0.0000	0	0.0000
group_2057	423	1121	2.6501	8	5.5467	4	5.5467
group_2062	810	0	0.0000	0	0.0000	0	0.0000
group_2063	471	9095	19.3100	63	39.2289	31	38.6063
group_17758	225	0	0.0000	0	0.0000	0	0.0000
group_2066	441	5304	12.0272	39	25.9366	19	25.2716
trkA	1896	218155	115.0607	1469	227.2325	734	227.0779
group_2072	411	16100	39.1727	113	80.6350	56	79.9214
group_2073	483	26867	55.6253	184	111.7269	92	111.7269
group_2075	690	56575	81.9928	398	169.1691	199	169.1691
group_15472	1905	38581	20.2525	262	40.3360	131	40.3361
group_2081	735	77982	106.0980	537	214.2762	268	213.8773
group_2087	321	6551	20.4081	46	42.0281	23	42.0281
group_2090	138	205	1.4855	2	4.2505	1	4.2505
group_2099	729	675	0.9259	5	2.0115	2	1.6092
group_2104	2091	0	0.0000	0	0.0000	0	0.0000
group_2107	501	30769	61.4152	214	125.2746	107	125.2746
group_2108	993	104099	104.8328	713	210.5849	356	210.2896
group_2111	228	278	1.2193	2	2.5727	1	2.5727
group_2112	528	32332	61.2348	220	122.2013	110	122.2013
group_2115	642	0	0.0000	0	0.0000	0	0.0000
group_2116	252	0	0.0000	0	0.0000	0	0.0000
group_2119	516	0	0.0000	0	0.0000	0	0.0000
group_2121	1179	0	0.0000	0	0.0000	0	0.0000
group_17070	588	0	0.0000	0	0.0000	0	0.0000
group_2124	435	7622	17.5218	55	37.0818	27	36.4076
group_2125	216	300	1.3889	2	2.7156	1	2.7156
group_14674	549	0	0.0000	0	0.0000	0	0.0000
group_2126	252	6039	23.9643	43	50.0443	21	48.8805
group_2128	639	0	0.0000	0	0.0000	0	0.0000
group_16781	573	2492	4.3490	19	9.7249	9	9.2131
ccr2	324	24306	75.0185	169	152.9779	84	152.0728
group_2134	495	4118	8.3192	28	16.5898	14	16.5898
group_2140	483	2671	5.5300	18	10.9298	9	10.9298
group_2142	147	214	1.4558	2	3.9902	1	3.9902
group_2143	942	1533	1.6274	11	3.4247	5	3.1134
group_2147	267	14887	55.7566	106	116.4345	53	116.4345
group_2150	702	19042	27.1254	129	53.8939	64	53.4761
group_2155	576	16060	27.8819	109	55.4997	54	54.9906
group_2156	759	61453	80.9657	417	161.1318	208	160.7455
group_2157	205	304	1.4829	2	2.8613	1	2.8613
group_2159	276	5128	18.5797	35	37.1917	17	36.1291
group_2160	225	604	2.6844	4	5.2139	2	5.2139
group_14736	207	2291	11.0676	22	31.1702	11	31.1702
group_2171	675	6235	9.2370	44	19.1177	22	19.1177
group_2172	159	0	0.0000	0	0.0000	0	0.0000
group_2175	1041	4735	4.5485	33	9.2972	16	9.0154
group_2178	270	4740	17.5556	34	36.9319	17	36.9320
group_2181	417	1275	3.0576	9	6.3299	4	5.6265
group_2182	195	274	1.4051	4	6.0161	2	6.0161
group_2184	384	1349	3.5130	11	8.4013	5	7.6376
group_2185	444	906	2.0405	6	3.9633	3	3.9633
group_16896	396	151	0.3813	1	0.7406	0	0.0000
group_2193	390	3302	8.4667	23	17.2962	11	16.5442
group_2194	309	5210	16.8608	36	34.1689	18	34.1689
group_2195	237	244	1.0295	2	2.4750	1	2.4750
group_2197	327	5035	15.3976	36	32.2880	18	32.2881
group_2199	453	6083	13.4283	42	27.1918	21	27.1918
group_2200	309	0	0.0000	0	0.0000	0	0.0000
group_2204	342	19697	57.5936	138	118.3423	69	118.3423
group_2205	765	82802	108.2379	574	220.0582	287	220.0582
group_2207	429	7294	17.0023	52	35.5495	26	35.5495
group_2208	267	5079	19.0225	36	39.5438	18	39.5438
group_2210	201	0	0.0000	0	0.0000	0	0.0000
group_2215	621	151	0.2432	1	0.4723	0	0.0000
group_19143	387	229	0.5917	2	1.5157	1	1.5157
group_2218	259	0	0.0000	0	0.0000	0	0.0000
cas10	1728	4491	2.5990	30	5.0917	15	5.0917
group_2219	429	270	0.6294	2	1.3673	1	1.3673
group_2220	432	3183	7.3681	22	14.9357	11	14.9357
group_2222	1116	3322	2.9767	23	6.0444	11	5.7816
group_2226	210	409	1.9476	3	4.1898	1	2.7932
group_2227	327	0	0.0000	0	0.0000	0	0.0000
group_14596	960	906	0.9438	6	1.8330	3	1.8330
group_2232	399	12215	30.6140	87	63.9489	43	63.2139
group_14926	507	302	0.5957	2	1.1569	1	1.1569
group_2234	435	604	1.3885	4	2.6969	2	2.6969
group_2239	228	8493	37.2500	60	77.1798	30	77.1798
group_2243	1245	105139	84.4490	702	165.3693	351	165.3693
group_2244	348	315	0.9052	3	2.5283	1	1.6855
group_2247	426	740	1.7371	10	6.8846	5	6.8846
group_2253	1158	3662	3.1623	25	6.3317	12	6.0784
group_2256	264	0	0.0000	0	0.0000	0	0.0000
group_16843	1080	1208	1.1185	8	2.1725	4	2.1725
group_2258	285	4376	15.3544	33	33.9591	16	32.9300
psbV	501	41902	83.6367	299	175.0332	149	174.4479
group_2260	2328	0	0.0000	0	0.0000	0	0.0000
group_2266	378	19064	50.4339	133	103.1922	66	102.4163
nuoL	2052	2416	1.1774	16	2.2868	8	2.2868
msrB	417	41212	98.8297	299	210.2917	149	209.5885
group_2272	7722	44914	5.8164	300	11.3941	150	11.3941
group_2274	345	1510	4.3768	10	8.5010	5	8.5010
relE	282	715	2.5355	5	5.2001	2	4.1600
group_2276	426	151	0.3545	1	0.6885	0	0.0000
group_2279	207	210	1.0145	2	2.8337	1	2.8337
group_2281	894	24708	27.6376	171	56.0978	85	55.7697
group_2284	411	29806	72.5207	212	151.2798	106	151.2799
group_2287	195	0	0.0000	0	0.0000	0	0.0000
group_2288	774	29749	38.4354	205	77.6783	102	77.2994
group_2289	624	9216	14.7692	64	30.0803	32	30.0803
group_2290	264	13269	50.2614	97	107.7593	48	106.6484
group_16464	522	17052	32.6667	115	64.6122	57	64.0503
group_16465	723	64419	89.0996	428	173.6171	214	173.6171
group_2297	1044	37416	35.8391	254	71.3543	127	71.3543
group_2299	195	0	0.0000	0	0.0000	0	0.0000
group_2300	2040	0	0.0000	0	0.0000	0	0.0000
group_2306	279	5029	18.0251	36	37.8430	18	37.8430
group_2309	117	0	0.0000	0	0.0000	0	0.0000
group_19145	1020	151	0.1480	1	0.2875	0	0.0000
group_2313	183	750	4.0984	5	8.0132	2	6.4106
group_18948	813	63991	78.7097	435	156.9227	217	156.5620
group_18949	1548	12105	7.8198	82	15.5357	41	15.5357
group_15909	1449	453	0.3126	3	0.6072	1	0.4048
group_2317	801	85568	106.8265	585	214.1955	292	213.8294
group_2320	297	10517	35.4108	81	79.9863	40	78.9988
group_2325	330	10611	32.1545	72	63.9890	36	63.9891
group_2326	150	285	1.9000	3	5.8657	1	3.9104
group_2327	354	4235	11.9633	32	26.5115	16	26.5115
group_2328	792	151	0.1907	1	0.3703	0	0.0000
group_2329	372	2674	7.1882	19	14.9795	9	14.1911
group_2333	504	556	1.1032	4	2.3276	2	2.3276
group_2335	1254	983	0.7839	7	1.6371	3	1.4033
group_2336	363	151	0.4160	1	0.8079	0	0.0000
group_2337	420	1070	2.5476	8	5.5863	4	5.5863
group_2340	3030	92643	30.5752	628	60.7861	314	60.7861
group_2341	810	44852	55.3728	307	111.1579	153	110.7959
acrR	639	64246	100.5415	443	203.3246	221	202.8657
group_2344	255	151	0.5922	1	1.1501	0	0.0000
group_2345	96	80	0.8333	1	3.0550	0	0.0000
group_2348	180	687	3.8167	6	9.7761	3	9.7761
rpsL	384	0	0.0000	0	0.0000	0	0.0000
group_2353	243	877	3.6091	7	8.4485	3	7.2416
glpC	1365	158893	116.4051	1078	231.6184	539	231.6185
group_2362	900	59953	66.6144	408	132.9550	204	132.9550
group_2364	198	0	0.0000	0	0.0000	0	0.0000
group_2366	624	44874	71.9135	314	147.5816	157	147.5816
group_2369	2319	11416	4.9228	73	9.2323	36	9.1058
group_2372	474	10028	21.1561	64	39.5994	32	39.5994
group_15770	4923	604	0.1227	4	0.2383	2	0.2383
himA	303	21971	72.5116	158	152.9331	79	152.9331
group_2376	282	0	0.0000	0	0.0000	0	0.0000
group_2381	699	943	1.3491	9	3.7762	4	3.3566
group_2383	225	4230	18.8000	35	45.6218	17	44.3183
group_14827	420	946	2.2524	7	4.8881	3	4.1898
group_14828	225	0	0.0000	0	0.0000	0	0.0000
group_2387	108	593	5.4907	12	32.5870	6	32.5870
pksD	11724	1337063	114.0450	8899	222.6140	4449	222.5890
group_2396	2736	137714	50.3341	922	98.8330	461	98.8330
group_2397	531	0	0.0000	0	0.0000	0	0.0000
rpiA	732	77491	105.8620	534	213.9524	267	213.9525
group_2407	219	173	0.7900	2	2.6784	1	2.6784
group_2408	219	2687	12.2694	22	29.4622	11	29.4622
group_2413	222	5940	26.7568	43	56.8071	21	55.4860
group_2414	189	214	1.1323	2	3.1035	1	3.1035
group_2418	636	6205	9.7563	43	19.8289	21	19.3678
psbL	153	1166	7.6209	10	19.1688	5	19.1688
group_2423	804	549	0.6828	4	1.4591	2	1.4591
group_15823	372	0	0.0000	0	0.0000	0	0.0000
group_15821	3516	56578	16.0916	389	32.4480	194	32.3646
group_2428	351	151	0.4302	1	0.8356	0	0.0000
group_2429	303	2283	7.5347	17	16.4548	8	15.4869
group_2434	4044	4090	1.0114	28	2.0306	14	2.0306
group_15237	606	35155	58.0116	244	118.0876	122	118.0876
rsmI	840	79620	94.7857	557	194.4746	278	194.1255
group_2437	339	151	0.4454	1	0.8651	0	0.0000
group_2438	264	302	1.1439	2	2.2218	1	2.2218
group_2441	705	6252	8.8681	42	17.4722	21	17.4722
trxB	1473	135813	92.2016	908	180.7882	454	180.7883
group_2444	717	2810	3.9191	19	7.7718	9	7.3628
group_16727	993	2844	2.8640	15	4.4303	7	4.1349
group_2446	291	2695	9.2612	19	19.1491	9	18.1412
group_19147	630	755	1.1984	5	2.3276	2	1.8621
group_2461	1581	8660	5.4775	58	10.7593	29	10.7593
serA	1578	174486	110.5741	1183	219.8694	591	219.6836
group_2463	2436	8819	3.6203	59	7.1033	29	6.9829
group_2468	492	35350	71.8496	246	146.6415	123	146.6416
kdpD	2238	100515	44.9129	674	88.3256	337	88.3257
group_2471	678	54805	80.8333	384	166.1072	192	166.1073
yjhB	681	35059	51.4816	242	104.2210	121	104.2210
pM23	342	3177	9.2895	23	19.7237	11	18.8662
hpt1	495	42886	86.6384	299	177.1548	149	176.5624
msrA	519	22141	42.6609	150	84.7639	75	84.7639
rplT	348	3852	11.0690	28	23.5975	14	23.5975
tal	1182	34970	29.5854	232	57.5649	116	57.5649
group_18874	216	718	3.3241	6	8.1468	3	8.1468
rpsR	216	6020	27.8704	44	59.7428	22	59.7429
group_2485	474	19667	41.4916	139	86.0050	69	85.3862
pth	672	47011	69.9568	330	144.0229	165	144.0230
group_2484	390	18892	48.4410	128	96.2570	64	96.2570
aroK	573	5808	10.1361	40	20.4735	20	20.4735
psaF	495	3704	7.4828	29	17.1822	14	16.5898
group_2486	1755	41302	23.5339	276	46.1232	138	46.1232
group_18884	495	37036	74.8202	265	157.0101	132	156.4177
group_2487	1248	4838	3.8766	31	7.2851	15	7.0501
group_18895	459	9100	19.8257	65	41.5325	32	40.8935
group_18898	891	74554	83.6745	502	165.2392	251	165.2392
group_18902	783	60043	76.6833	409	153.1964	204	152.8219
infA	327	26235	80.2294	193	173.0998	96	172.2030
rpsK	420	18496	44.0381	127	88.6832	63	87.9850
truA	855	35549	41.5778	241	82.6681	120	82.3251
rpmE	234	0	0.0000	0	0.0000	0	0.0000
yqjQ	729	73085	100.2538	510	205.1775	255	205.1775
group_18910	537	6748	12.5661	46	25.1229	23	25.1230
group_18911	960	64485	67.1719	443	135.3379	221	135.0325
group_2491	1062	126139	118.7750	860	237.4985	430	237.4986
group_2494	225	421	1.8711	3	3.9104	1	2.6070
group_18917	2064	47349	22.9404	324	46.0386	162	46.0386
group_2496	729	61884	84.8889	416	167.3604	208	167.3605
group_2497	492	21055	42.7947	159	94.7805	79	94.1844
group_2498	261	583	2.2337	4	4.4948	2	4.4948
group_18920	687	1177	1.7132	10	4.2690	5	4.2690
group_18921	405	3452	8.5235	28	20.2764	14	20.2764
group_2500	657	0	0.0000	0	0.0000	0	0.0000
group_2501	1857	0	0.0000	0	0.0000	0	0.0000
group_2502	336	4918	14.6369	35	30.5503	17	29.6775
cas7d	1008	51876	51.4643	349	101.5434	174	101.2525
group_18927	963	54422	56.5130	365	111.1613	182	110.8568
group_18373	339	3763	11.1003	28	24.2240	14	24.2240
hyfB	1467	45020	30.6885	304	60.7758	152	60.7758
group_2509	723	335	0.4633	2	0.8113	1	0.8113
group_2510	438	18075	41.2671	123	82.3603	61	81.6907
group_2511	441	14011	31.7710	101	67.1691	50	66.5041
group_2512	762	151	0.1982	1	0.3849	0	0.0000
group_2516	1140	62326	54.6719	420	108.0517	210	108.0517
copY	489	0	0.0000	0	0.0000	0	0.0000
group_2521	609	3042	4.9951	22	10.5948	11	10.5948
group_2522	4296	2262	0.5265	15	1.0240	7	0.9558
group_2525	216	0	0.0000	0	0.0000	0	0.0000
group_2527	942	0	0.0000	0	0.0000	0	0.0000
group_2531	141	441	3.1277	4	8.3201	2	8.3201
group_2532	300	882	2.9400	6	5.8657	3	5.8657
group_2533	246	3167	12.8740	23	27.4208	11	26.2286
group_2537	372	11340	30.4839	85	67.0136	42	66.2252
frmR	354	32001	90.3983	237	196.3505	118	195.5221
group_2539	3843	816	0.2123	6	0.4579	3	0.4579
pds	1473	4801	3.2593	32	6.3714	16	6.3714
group_2544	135	0	0.0000	0	0.0000	0	0.0000
group_2545	351	0	0.0000	0	0.0000	0	0.0000
group_2546	216	7978	36.9352	57	77.3941	28	76.0364
group_2550	405	18935	46.7531	133	96.3127	66	95.5886
group_2551	411	15522	37.7664	111	79.2078	55	78.4943
group_2554	222	238	1.0721	2	2.6422	1	2.6422
group_2555	231	0	0.0000	0	0.0000	0	0.0000
group_2559	1659	1412	0.8511	10	1.7678	5	1.7678
group_18889	1260	61822	49.0651	424	98.6921	212	98.6921
group_2564	507	8126	16.0276	55	31.8157	27	31.2373
group_2566	2667	0	0.0000	0	0.0000	0	0.0000
group_18994	1626	109905	67.5923	750	135.2782	375	135.2782
ychF	1179	32189	27.3020	226	56.2188	113	56.2188
group_2571	615	29195	47.4715	205	97.7610	102	97.2842
hisC	1047	127203	121.4928	865	242.3017	432	242.0216
group_2572	915	87302	95.4120	599	191.9962	299	191.6758
group_18680	822	39875	48.5097	266	94.9067	133	94.9067
group_18681	3078	65564	21.3008	437	41.6390	218	41.5437
group_2573	288	0	0.0000	0	0.0000	0	0.0000
group_2575	753	6143	8.1580	43	16.7479	21	16.3584
cas6	837	33748	40.3202	231	80.9419	115	80.5916
group_2582	2331	76126	32.6581	515	64.7966	257	64.6708
group_19000	1041	82832	79.5696	571	160.8690	285	160.5873
group_2586	657	228	0.3470	2	0.8928	1	0.8928
group_2589	138	0	0.0000	0	0.0000	0	0.0000
group_2591	234	2436	10.4103	17	21.3069	8	20.0536
group_2594	183	0	0.0000	0	0.0000	0	0.0000
group_19052	1548	82028	52.9897	555	105.1499	277	104.9605
group_2600	192	0	0.0000	0	0.0000	0	0.0000
group_18682	1188	411654	346.5101	2740	676.4273	1370	676.4275
group_18997	810	27459	33.9000	187	67.7086	93	67.3465
group_2609	1023	37644	36.7977	266	76.2593	133	76.2594
group_2612	963	89990	93.4476	514	156.5395	257	156.5395
group_2614	195	3187	16.3436	24	36.0964	12	36.0964
group_16283	414	0	0.0000	0	0.0000	0	0.0000
group_16284	3108	0	0.0000	0	0.0000	0	0.0000
group_16285	2718	0	0.0000	0	0.0000	0	0.0000
group_2629	696	28080	40.3448	199	83.8554	99	83.4340
group_17455	384	447	1.1641	4	3.0550	2	3.0550
group_2635	150	132	0.8800	2	3.9104	1	3.9104
group_2637	201	904	4.4975	6	8.7547	3	8.7547
group_2638	231	963	4.1688	9	11.4266	4	10.1570
group_2639	3408	132822	38.9736	867	74.6116	433	74.5256
group_2641	3777	1020	0.2701	8	0.6212	4	0.6212
group_2648	1326	0	0.0000	0	0.0000	0	0.0000
group_2649	1326	302	0.2278	2	0.4424	1	0.4424
group_2652	1767	24067	13.6203	163	27.0544	81	26.8884
group_2654	1260	0	0.0000	0	0.0000	0	0.0000
group_2657	777	8650	11.1326	61	23.0248	30	22.6473
group_2658	399	869	2.1779	7	5.1453	3	4.4103
group_2660	3750	0	0.0000	0	0.0000	0	0.0000
group_2662	2553	53840	21.0889	363	41.7006	181	41.5858
group_2664	246	0	0.0000	0	0.0000	0	0.0000
group_2676	567	13056	23.0265	92	47.5874	46	47.5874
cadA	2163	15845	7.3255	108	14.6438	54	14.6438
group_2689	624	3527	5.6522	24	11.2801	12	11.2801
group_2692	1221	0	0.0000	0	0.0000	0	0.0000
group_2693	1173	818	0.6974	6	1.5002	3	1.5002
group_2695	543	302	0.5562	2	1.0802	1	1.0802
group_2696	798	3501	4.3872	24	8.8205	12	8.8205
afuA	1746	8746	5.0092	61	10.2464	30	10.0785
group_2698	252	3574	14.1825	25	29.0955	12	27.9317
rpsB	798	1661	2.0815	11	4.0427	5	3.6752
group_2705	525	18419	35.0838	131	73.1811	65	72.6225
group_2708	711	302	0.4248	2	0.8250	1	0.8250
group_2709	633	0	0.0000	0	0.0000	0	0.0000
group_2710	1194	142302	119.1809	961	236.0511	480	235.8056
uvrC	2016	232095	115.1265	1552	225.7814	776	225.7815
group_2714	1134	6734	5.9383	46	11.8968	23	11.8968
herA	1836	755	0.4112	5	0.7987	2	0.6390
group_2716	567	36164	63.7813	248	128.2790	124	128.2791
mcrA	570	21626	37.9404	147	75.6362	73	75.1217
group_2719	159	143	0.8994	1	1.8445	0	0.0000
group_2722	1716	8107	4.7244	55	9.4001	27	9.2292
group_2723	270	0	0.0000	0	0.0000	0	0.0000
lptC	1149	100523	87.4874	676	172.5495	338	172.5495
group_2724	399	0	0.0000	0	0.0000	0	0.0000
ilvD	1698	188668	111.1119	1272	219.7032	636	219.7033
ctaD	1677	201376	120.0811	1371	239.7681	685	239.5933
group_2727	816	84805	103.9277	574	206.3045	287	206.3046
ribBA	1677	191586	114.2433	1305	228.2257	652	228.0508
group_2729	969	10690	11.0320	72	21.7919	36	21.7919
group_2730	300	9904	33.0133	72	70.3879	36	70.3880
group_2734	339	583	1.7198	4	3.4606	2	3.4606
group_2735	417	302	0.7242	2	1.4066	1	1.4066
petA	1056	117186	110.9716	795	220.7955	397	220.5178
sat	1350	282252	209.0756	1916	416.2447	958	416.2449
group_2736	162	0	0.0000	0	0.0000	0	0.0000
group_2738	729	20116	27.5940	137	55.1163	68	54.7140
group_2740	459	755	1.6449	5	3.1948	2	2.5558
group_2745	582	14790	25.4124	104	52.4080	52	52.4080
arsR	408	29659	72.6936	220	158.1428	110	158.1429
pqqL	1761	174279	98.9659	1168	194.5228	584	194.5229
group_2748	2352	20972	8.9167	140	17.4573	70	17.4573
group_2750	225	10552	46.8978	77	100.3680	38	99.0645
psbB	1527	176288	115.4473	1189	228.3651	594	228.1732
group_2753	462	151	0.3268	1	0.6348	0	0.0000
ehuA	849	77475	91.2544	526	181.7042	263	181.7043
group_2757	696	66387	95.3836	456	192.1510	228	192.1510
spoVK	1518	184521	121.5553	1243	240.1521	621	239.9590
atpA	1509	182085	120.6660	1242	241.3901	621	241.3901
group_2762	855	83084	97.1743	572	196.2081	286	196.2082
rimO	1491	174476	117.0195	1177	231.5186	588	231.3219
srmB	1440	166670	115.7431	1113	226.6834	556	226.4798
group_2766	1479	168284	113.7823	1131	224.2753	565	224.0771
trxA	552	49005	88.7772	347	184.3645	173	183.8333
menF	1410	149535	106.0532	1011	210.2902	505	210.0823
group_2777	1404	145033	103.2999	978	204.2955	489	204.2955
group_2779	1413	0	0.0000	0	0.0000	0	0.0000
group_2780	1392	41297	29.6674	278	58.5723	139	58.5724
group_2782	225	11189	49.7289	86	112.0993	43	112.0993
group_2784	123	0	0.0000	0	0.0000	0	0.0000
group_2786	1365	3803	2.7861	26	5.5863	13	5.5863
group_2788	195	286	1.4667	2	3.0080	1	3.0080
group_2790	2811	302	0.1074	2	0.2087	1	0.2087
yhdJ	1056	110871	104.9915	750	208.2976	375	208.2977
yifB	1527	187195	122.5900	1267	243.3462	633	243.1542
group_2793	264	0	0.0000	0	0.0000	0	0.0000
group_2794	327	1994	6.0979	15	13.4534	7	12.5565
group_2795	1263	0	0.0000	0	0.0000	0	0.0000
group_2796	321	2954	9.2025	20	18.2731	10	18.2731
glyA	1341	147051	109.6577	1000	218.7048	500	218.7048
hisS	1281	135524	105.7955	922	211.0906	461	211.0906
group_2798	2367	16406	6.9311	110	13.6295	55	13.6296
group_2801	216	9703	44.9213	71	96.4032	35	95.0455
group_2804	222	257	1.1577	3	3.9633	1	2.6422
group_2806	846	23408	27.6690	159	55.1206	79	54.7739
group_2811	351	12133	34.5670	85	71.0230	42	70.1874
group_2812	1278	3097	2.4233	20	4.5897	10	4.5897
group_2813	396	24055	60.7449	168	124.4231	84	124.4232
dxr	1233	30665	24.8702	204	48.5237	102	48.5237
group_2820	804	302	0.3756	2	0.7296	1	0.7296
group_2823	1197	246	0.2055	2	0.4900	1	0.4900
group_2829	1221	36177	29.6290	259	62.2116	129	61.9714
group_2831	1230	138206	112.3626	930	221.7506	465	221.7507
group_2834	1014	107936	106.4458	743	214.9007	371	214.6116
group_2836	1143	679	0.5941	5	1.2830	2	1.0264
group_2840	1377	62642	45.4916	424	90.3065	212	90.3065
guaA	1857	54352	29.2687	364	57.4879	182	57.4879
tgt	1125	130417	115.9262	883	230.1946	441	229.9340
group_2844	684	71864	105.0643	496	212.6731	248	212.6732
group_2845	627	0	0.0000	0	0.0000	0	0.0000
group_2846	1116	0	0.0000	0	0.0000	0	0.0000
group_2847	753	0	0.0000	0	0.0000	0	0.0000
group_2848	801	453	0.5655	3	1.0984	1	0.7323
group_2849	1095	16727	15.2758	116	31.0693	58	31.0693
group_2852	1002	0	0.0000	0	0.0000	0	0.0000
group_2853	1089	68341	62.7557	456	122.8072	228	122.8073
group_2856	159	0	0.0000	0	0.0000	0	0.0000
group_2857	1098	24032	21.8871	162	43.2713	81	43.2713
psbO	834	93230	111.7866	645	226.8196	322	226.4681
group_2861	459	0	0.0000	0	0.0000	0	0.0000
group_2864	597	0	0.0000	0	0.0000	0	0.0000
group_2865	1170	1531	1.3085	10	2.5067	5	2.5067
group_2872	645	50284	77.9597	351	159.6006	175	159.1459
group_2873	543	1230	2.2652	9	4.8610	4	4.3209
group_2875	1035	1340	1.2947	9	2.5503	4	2.2669
group_2876	1296	25183	19.4313	170	38.4708	85	38.4708
gap	1035	104981	101.4309	716	202.8896	358	202.8896
group_2877	240	0	0.0000	0	0.0000	0	0.0000
group_2878	276	16748	60.6812	120	127.5144	60	127.5144
group_2881	1002	99555	99.3563	681	199.3271	340	199.0345
group_2882	696	71318	102.4684	496	209.0063	248	209.0064
group_2884	993	7649	7.7029	52	15.3582	26	15.3582
group_2889	432	22892	52.9907	165	112.0178	82	111.3390
group_2890	234	1571	6.7137	12	15.0402	6	15.0402
group_2894	1806	56816	31.4596	382	62.0344	191	62.0344
group_2895	675	4952	7.3363	33	14.3383	16	13.9038
pstS	1035	104290	100.7633	708	200.6226	354	200.6227
group_2898	3663	1083	0.2957	9	0.7206	4	0.6405
argF	927	91292	98.4811	625	197.7367	312	197.4204
cysK	1170	114055	97.4829	770	193.0154	385	193.0154
ftsH~~~ftsH3	1854	226041	121.9207	1526	241.3970	763	241.3970
group_2901	717	0	0.0000	0	0.0000	0	0.0000
group_2903	933	1046	1.1211	7	2.2004	3	1.8861
group_2904	1104	871	0.7889	6	1.5939	3	1.5939
group_2905	819	974	1.1893	7	2.5067	3	2.1486
rnz	957	100838	105.3689	687	210.5386	343	210.2322
fTR1	927	98302	106.0431	669	211.6574	334	211.3411
group_2907	927	1057	1.1402	7	2.2147	3	1.8983
group_2908	1035	1635	1.5797	11	3.1170	5	2.8337
group_2909	912	12345	13.5362	84	27.0129	42	27.0129
group_2911	681	60441	88.7533	426	183.4634	213	183.4635
group_2913	537	9826	18.2980	69	37.6844	34	37.1383
group_2914	216	1924	8.9074	14	19.0091	7	19.0091
ccmA	936	105526	112.7415	731	229.0491	365	228.7358
group_2917	963	1262	1.3105	8	2.4364	4	2.4364
group_17162	309	1002	3.2427	7	6.6440	3	5.6948
group_2919	225	6781	30.1378	47	61.2636	23	59.9601
group_2921	876	17233	19.6724	123	41.1802	61	40.8454
group_2922	252	3316	13.1587	24	27.9317	12	27.9317
group_2925	132	0	0.0000	0	0.0000	0	0.0000
group_2926	3372	1510	0.4478	10	0.8698	5	0.8698
group_2928	846	45923	54.2825	313	108.5078	156	108.1612
group_2929	285	19128	67.1158	138	142.0108	69	142.0108
tyrA	846	38967	46.0603	267	92.5610	133	92.2143
group_2931	837	301	0.3596	2	0.7008	1	0.7008
group_2932	840	302	0.3595	2	0.6983	1	0.6983
group_2934	831	1887	2.2708	13	4.5881	6	4.2351
group_2935	246	2327	9.4593	16	19.0753	8	19.0753
group_2936	1221	107906	88.3751	728	174.8649	364	174.8650
hisN	996	83528	83.8635	555	163.4258	277	163.1314
group_2941	1230	30621	24.8951	207	49.3574	103	49.1190
recO	783	14168	18.0945	98	36.7072	49	36.7072
group_2950	777	52142	67.1068	360	135.8841	180	135.8841
group_2951	771	1947	2.5253	14	5.3255	7	5.3255
group_2952	225	1184	5.2622	9	11.7313	4	10.4278
hemA	1287	146507	113.8361	993	226.2860	496	226.0582
group_2954	1254	64836	51.7033	439	102.6725	219	102.4386
atpF2	432	43010	99.5602	307	208.4211	153	207.7422
group_2958	747	1208	1.6171	8	3.1409	4	3.1409
yhfX	1113	107794	96.8500	728	191.8330	364	191.8330
group_2961	765	1159	1.5150	8	3.0670	4	3.0670
group_2962	408	0	0.0000	0	0.0000	0	0.0000
group_2965	687	0	0.0000	0	0.0000	0	0.0000
group_2967	726	62230	85.7163	423	170.8798	211	170.4759
ycf20	348	17095	49.1236	125	105.3459	62	104.5032
group_2973	681	561	0.8238	4	1.7227	2	1.7227
rfbC	546	47226	86.4945	333	178.8705	166	178.3334
bioY	654	66118	101.0979	460	206.2847	230	206.2848
group_2977	552	0	0.0000	0	0.0000	0	0.0000
raiA	600	59581	99.3017	419	204.8094	209	204.3206
group_2981	801	270	0.3371	2	0.7323	1	0.7323
group_2984	2814	216178	76.8223	1301	135.5939	650	135.4897
group_2985	1095	4612	4.2119	31	8.3030	15	8.0352
group_2986	612	81689	133.4788	560	268.3636	280	268.3637
group_2989	621	34081	54.8808	233	110.0402	116	109.5679
group_2991	138	113	0.8188	2	4.2505	1	4.2505
group_2992	603	7125	11.8159	49	23.8323	24	23.3459
group_2993	588	47400	80.6122	332	165.5952	166	165.5953
group_2994	822	2822	3.4331	20	7.1358	10	7.1358
ycf53	630	56549	89.7603	392	182.4873	196	182.4873
group_2997	378	21629	57.2196	154	119.4857	77	119.4857
pyrB	981	105027	107.0612	711	212.5630	355	212.2641
group_2999	597	51672	86.5528	355	174.3978	177	173.9066
midA	1134	127417	112.3607	863	223.1951	431	222.9366
group_3004	420	38322	91.2429	273	190.6340	136	189.9358
group_3006	2682	1812	0.6756	12	1.3122	6	1.3122
group_3007	1047	8351	7.9761	57	15.9667	28	15.6866
group_3008	576	4654	8.0799	33	16.8027	16	16.2935
group_3010	576	0	0.0000	0	0.0000	0	0.0000
group_3011	891	0	0.0000	0	0.0000	0	0.0000
group_3012	321	1324	4.1246	10	9.1365	5	9.1365
group_3015	3126	874	0.2796	6	0.5629	3	0.5629
group_3018	630	60619	96.2206	417	194.1255	208	193.6600
group_3019	234	1217	5.2009	18	22.5602	9	22.5602
psb29	729	73027	100.1742	506	203.5682	253	203.5683
group_3021	504	6646	13.1865	48	27.9317	24	27.9317
group_3022	1137	10854	9.5462	74	19.0879	37	19.0879
group_3026	567	0	0.0000	0	0.0000	0	0.0000
group_3027	144	741	5.1458	6	12.2201	3	12.2201
group_3028	525	51401	97.9067	364	203.3429	182	203.3430
group_3029	1110	3656	3.2937	25	6.6055	12	6.3413
group_3031	516	46345	89.8159	335	190.4067	167	189.8383
group_3032	186	226	1.2151	2	3.1536	1	3.1536
group_3033	372	455	1.2231	3	2.3652	1	1.5768
group_3035	513	8140	15.8674	57	32.5870	28	32.0153
group_3036	1149	60057	52.2689	406	103.6318	203	103.6318
hoxE	510	46893	91.9471	332	190.9215	166	190.9216
group_3038	510	604	1.1843	4	2.3003	2	2.3003
group_3039	507	302	0.5957	2	1.1569	1	1.1569
group_3040	3972	302	0.0760	2	0.1477	1	0.1477
group_3043	396	536	1.3535	4	2.9625	2	2.9625
group_3044	267	8138	30.4794	56	61.5126	28	61.5126
group_3045	1020	247	0.2422	2	0.5751	1	0.5751
group_3046	501	3883	7.7505	28	16.3911	14	16.3911
group_3048	3006	5062	1.6840	35	3.4148	17	3.3172
group_3049	1224	136080	111.1765	912	218.5246	456	218.5247
group_3050	258	151	0.5853	1	1.1368	0	0.0000
group_3051	138	0	0.0000	0	0.0000	0	0.0000
upp	654	50136	76.6606	340	152.4713	170	152.4714
group_3052	489	43661	89.2863	303	181.7276	151	181.1278
group_3053	387	5251	13.5685	37	28.0400	18	27.2822
group_3057	795	79142	99.5497	552	203.6381	276	203.6381
group_3059	3378	2764	0.8182	19	1.6496	9	1.5628
group_3062	483	37926	78.5217	267	162.1254	133	161.5183
group_3063	1530	9732	6.3608	64	12.2681	32	12.2681
group_3065	123	0	0.0000	0	0.0000	0	0.0000
group_3067	180	0	0.0000	0	0.0000	0	0.0000
group_3071	126	229	1.8175	2	4.6553	1	4.6553
group_3072	498	844	1.6948	7	4.1225	3	3.5335
group_3076	459	2371	5.1656	17	10.8623	8	10.2234
group_3080	1557	4167	2.6763	28	5.2742	14	5.2742
group_3081	342	274	0.8012	2	1.7151	1	1.7151
group_3082	429	4322	10.0746	29	19.8257	14	19.1420
coaBC	1338	145674	108.8744	981	215.0304	490	214.8113
group_3086	369	27106	73.4580	188	149.4234	94	149.4234
group_3087	390	1491	3.8231	11	8.2721	5	7.5201
group_3088	234	458	1.9573	3	3.7600	1	2.5067
paaY	552	56282	101.9601	391	207.7422	195	207.2109
group_3089	321	4447	13.8536	33	30.1506	16	29.2370
group_3090	432	3958	9.1620	28	19.0091	14	19.0091
group_3091	111	0	0.0000	0	0.0000	0	0.0000
group_3093	303	151	0.4983	1	0.9679	0	0.0000
group_3095	435	287	0.6598	2	1.3484	1	1.3484
group_3096	867	0	0.0000	0	0.0000	0	0.0000
group_3098	540	2049	3.7944	11	5.9743	5	5.4312
group_3099	3831	88811	23.1822	546	41.7992	273	41.7992
tadD	1335	146231	109.5363	977	214.6349	488	214.4153
sufE	423	25021	59.1513	186	128.9614	93	128.9614
gAF	420	8470	20.1667	63	43.9925	31	43.2942
group_3102	423	21360	50.4965	154	106.7745	77	106.7745
group_3105	138	1146	8.3043	12	25.5029	6	25.5029
group_3106	390	1216	3.1179	9	6.7681	4	6.0161
group_3110	486	25782	53.0494	181	109.2268	90	108.6234
group_3111	2988	23841	7.9789	154	15.1157	77	15.1157
group_3113	408	37235	91.2623	262	188.3337	131	188.3338
group_3115	735	44305	60.2789	303	120.9045	151	120.5055
group_3116	426	31092	72.9859	214	147.3300	107	147.3300
group_3120	147	104	0.7075	2	3.9902	1	3.9902
group_3121	402	1671	4.1567	13	9.4843	6	8.7547
group_3122	444	1169	2.6329	8	5.2844	4	5.2844
group_3123	1179	9061	7.6853	62	15.4229	31	15.4229
group_3126	396	7276	18.3737	51	37.7713	25	37.0307
group_3127	1554	26261	16.8990	177	33.4048	88	33.2161
group_3131	1719	4551	2.6475	31	5.2890	15	5.1184
group_3129	1242	50488	40.6506	341	80.5230	170	80.2869
group_3133	144	495	3.4375	6	12.2201	3	12.2201
group_3135	228	26511	116.2763	201	258.5522	100	257.2659
group_3136	1215	0	0.0000	0	0.0000	0	0.0000
group_3138	225	244	1.0844	2	2.6070	1	2.6070
group_3139	198	2441	12.3283	19	28.1433	9	26.6621
group_3140	414	0	0.0000	0	0.0000	0	0.0000
group_3142	1692	15447	9.1294	106	18.3735	53	18.3735
group_3143	381	9852	25.8583	75	57.7329	37	56.9631
group_3147	378	10849	28.7011	81	62.8464	40	62.0705
group_3149	378	16635	44.0079	124	96.2093	62	96.2093
group_3151	375	12847	34.2587	92	71.9521	46	71.9521
group_3153	369	1053	2.8537	8	6.3584	4	6.3584
group_3154	216	715	3.3102	6	8.1468	3	8.1468
group_3155	369	9100	24.6612	65	51.6623	32	50.8675
group_3159	414	30636	74.0000	220	155.8509	110	155.8510
group_3162	309	0	0.0000	0	0.0000	0	0.0000
group_3164	966	66202	68.5321	451	136.9262	225	136.6226
group_3166	393	0	0.0000	0	0.0000	0	0.0000
group_3167	420	31160	74.1905	228	159.2108	114	159.2109
group_3168	456	18934	41.5219	135	86.8272	67	86.1841
group_3170	354	0	0.0000	0	0.0000	0	0.0000
group_3175	372	26718	71.8226	181	142.6996	90	141.9112
group_3179	354	145	0.4096	1	0.8285	0	0.0000
group_3180	813	15688	19.2964	112	40.4031	56	40.4031
group_15044	345	0	0.0000	0	0.0000	0	0.0000
group_15045	348	0	0.0000	0	0.0000	0	0.0000
psb28	339	13017	38.3982	103	89.1096	51	88.2445
group_3190	333	18690	56.1261	132	116.2564	66	116.2564
group_3193	468	15660	33.4615	111	69.5607	55	68.9341
group_3194	552	43522	78.8442	315	167.3626	157	166.8314
group_3198	741	0	0.0000	0	0.0000	0	0.0000
ureB	327	10675	32.6453	87	78.0294	43	77.1326
group_3201	918	6607	7.1972	45	14.3766	22	14.0571
group_3203	165	264	1.6000	2	3.5549	1	3.5549
group_3204	450	5189	11.5311	37	24.1144	18	23.4627
group_3205	327	4562	13.9511	34	30.4943	17	30.4943
group_3206	1188	18482	15.5572	130	32.0933	65	32.0933
group_3208	456	36445	79.9232	253	162.7207	126	162.0775
group_3214	321	15872	49.4455	112	102.3293	56	102.3293
group_3217	639	711	1.1127	5	2.2949	2	1.8359
group_3220	372	17460	46.9355	123	96.9726	61	96.1843
group_3219	369	19749	53.5203	143	113.6571	71	112.8624
cdaA	927	92477	99.7594	628	198.6858	314	198.6859
acs	1971	227055	115.1979	1534	228.2579	767	228.2579
group_3226	558	902	1.6165	7	3.6792	3	3.1536
group_3227	426	28448	66.7793	208	143.1993	104	143.1993
group_3229	309	22060	71.3916	160	151.8618	80	151.8618
group_3230	5487	75263	13.7166	497	26.5649	248	26.5115
group_3231	336	21373	63.6101	153	133.5485	76	132.6757
group_3232	231	10514	45.5152	74	93.9522	37	93.9522
rsmD	546	48242	88.3553	340	182.6305	170	182.6305
group_3236	300	531	1.7700	6	5.8657	3	5.8657
group_3237	390	7002	17.9538	48	36.0964	24	36.0964
group_3239	546	3493	6.3974	24	12.8916	12	12.8916
group_3241	297	17917	60.3266	128	126.3981	64	126.3981
group_3242	834	530	0.6355	4	1.4066	2	1.4066
znuA	933	88601	94.9636	598	187.9778	299	187.9779
group_3245	297	2238	7.5354	16	15.7998	8	15.7998
group_3248	165	436	2.6424	4	7.1099	2	7.1099
group_3249	186	0	0.0000	0	0.0000	0	0.0000
group_3250	177	0	0.0000	0	0.0000	0	0.0000
group_3257	324	10214	31.5247	75	67.8896	37	66.9844
group_3262	573	17812	31.0855	126	64.4916	63	64.4916
group_3264	276	453	1.6413	3	3.1879	1	2.1252
group_3266	276	302	1.0942	2	2.1252	1	2.1252
group_3267	264	302	1.1439	2	2.2218	1	2.2218
group_3268	375	4182	11.1520	28	21.8985	14	21.8985
group_3277	1905	302	0.1585	2	0.3079	1	0.3079
group_3272	456	13986	30.6711	102	65.6028	51	65.6028
group_3275	267	8112	30.3820	56	61.5126	28	61.5126
group_3280	495	14884	30.0687	110	65.1740	55	65.1740
group_3284	252	4702	18.6587	35	40.7338	17	39.5700
group_3285	189	604	3.1958	4	6.2070	2	6.2071
group_3288	393	21044	53.5471	159	118.6565	79	117.9103
group_3290	231	4294	18.5887	32	40.6280	16	40.6280
group_3291	291	16654	57.2302	116	116.9101	58	116.9101
group_3292	249	15392	61.8153	112	131.9185	56	131.9185
group_3293	4239	289	0.0682	2	0.1384	1	0.1384
group_3294	309	15297	49.5049	110	104.4050	55	104.4050
group_3296	246	2902	11.7967	23	27.4208	11	26.2286
group_3298	411	31988	77.8297	227	161.9836	113	161.2701
group_3299	309	306	0.9903	2	1.8983	1	1.8983
rpsQ	243	13961	57.4527	103	124.3134	51	123.1065
group_3300	228	10554	46.2895	77	99.0474	38	97.7611
group_3302	183	0	0.0000	0	0.0000	0	0.0000
group_3303	279	0	0.0000	0	0.0000	0	0.0000
cynT	849	82292	96.9282	565	195.1766	282	194.8312
group_3307	450	302	0.6711	2	1.3035	1	1.3035
group_3308	165	0	0.0000	0	0.0000	0	0.0000
group_3309	348	23784	68.3448	170	143.2705	85	143.2705
lPOR	963	95146	98.8017	648	197.3494	324	197.3494
group_3310	228	13033	57.1623	94	120.9150	47	120.9150
group_3314	1326	302	0.2278	2	0.4424	1	0.4424
group_3320	345	22234	64.4464	160	136.0153	80	136.0154
group_3321	345	1688	4.8928	14	11.9013	7	11.9013
group_3322	249	0	0.0000	0	0.0000	0	0.0000
group_3325	372	27574	74.1237	193	152.1603	96	151.3720
group_3329	453	0	0.0000	0	0.0000	0	0.0000
group_3330	1818	302	0.1661	2	0.3226	1	0.3226
group_3331	297	3916	13.1852	31	30.6120	15	29.6246
emrA	1455	118158	81.2082	804	162.0616	402	162.0616
group_3336	873	72521	83.0710	498	167.3024	249	167.3024
group_3338	1251	2713	2.1687	18	4.2199	9	4.2199
group_3339	159	237	1.4906	2	3.6891	1	3.6891
group_3340	198	3730	18.8384	28	41.4744	14	41.4744
group_3341	189	4313	22.8201	30	46.5529	15	46.5529
group_3344	1302	6211	4.7704	42	9.4607	21	9.4607
group_3345	1191	8854	7.4341	61	15.0212	30	14.7750
group_3346	177	4716	26.6441	35	57.9938	17	56.3369
group_3347	156	1142	7.3205	10	18.8002	5	18.8002
group_3350	1563	2593	1.6590	18	3.3775	9	3.3775
group_3351	624	0	0.0000	0	0.0000	0	0.0000
group_3352	603	59620	98.8723	412	200.3858	206	200.3858
group_3353	177	5134	29.0056	37	61.3078	18	59.6508
group_18056	864	44805	51.8576	305	103.5316	152	103.1922
group_3356	681	0	0.0000	0	0.0000	0	0.0000
group_3359	339	1942	5.7286	14	12.1120	7	12.1120
group_3360	495	3384	6.8364	23	13.6273	11	13.0348
group_3361	801	87585	109.3446	597	218.5893	298	218.2232
icd	1089	10371	9.5234	70	18.8520	35	18.8520
group_3364	1125	0	0.0000	0	0.0000	0	0.0000
group_3363	177	1315	7.4294	14	23.1975	7	23.1975
group_3365	381	29601	77.6929	213	163.9614	106	163.1917
group_3366	297	0	0.0000	0	0.0000	0	0.0000
group_3368	834	1510	1.8106	10	3.5166	5	3.5166
group_18891	1359	76460	56.2620	516	111.3569	258	111.3570
group_3369	858	31355	36.5443	211	72.1244	105	71.7826
group_3371	306	1939	6.3366	17	16.2935	8	15.3351
group_3372	657	151	0.2298	1	0.4464	0	0.0000
group_3376	216	445	2.0602	3	4.0734	1	2.7156
group_3377	657	29942	45.5738	203	90.6187	101	90.1723
group_3378	201	1732	8.6169	12	17.5094	6	17.5094
vapI~~~higA	315	755	2.3968	5	4.6553	2	3.7242
group_3384	237	354	1.4937	2	2.4750	1	2.4750
group_3387	300	1207	4.0233	11	10.7537	5	9.7761
dapB	861	84634	98.2973	576	196.2033	288	196.2034
group_18926	954	45690	47.8931	304	93.4571	152	93.4571
group_3391	444	1553	3.4977	11	7.2660	5	6.6055
group_3395	2082	3538	1.6993	25	3.5217	12	3.3808
group_3397	3429	2676	0.7804	18	1.5395	9	1.5395
group_3398	351	0	0.0000	0	0.0000	0	0.0000
nhaP	1611	177039	109.8939	1198	218.0963	599	218.0964
group_3399	2019	6744	3.3403	46	6.6820	23	6.6820
rimP	471	41440	87.9830	294	183.0684	147	183.0685
group_3402	234	4560	19.4872	33	41.3604	16	40.1071
group_3403	477	6112	12.8134	43	26.4385	21	25.8237
group_3406	579	755	1.3040	5	2.5327	2	2.0261
group_3407	342	4520	13.2164	33	28.2992	16	27.4417
group_3412	1233	40998	33.2506	278	66.1255	139	66.1255
group_3413	390	23791	61.0026	171	128.5934	85	127.8414
group_3414	498	5740	11.5261	46	27.0904	23	27.0904
group_3421	1479	0	0.0000	0	0.0000	0	0.0000
group_3422	693	3972	5.7316	30	12.6962	15	12.6962
group_3424	2136	2500	1.1704	18	2.4715	9	2.4715
group_3426	747	8818	11.8046	59	23.1643	29	22.7717
group_3427	504	48363	95.9583	339	197.2678	169	196.6859
group_3428	198	0	0.0000	0	0.0000	0	0.0000
group_3429	978	1596	1.6319	12	3.5986	6	3.5986
group_3430	219	453	2.0685	3	4.0176	1	2.6784
adk	567	29202	51.5026	202	104.4853	101	104.4854
group_3433	324	764	2.3580	5	4.5260	2	3.6208
dam	948	110277	116.3259	750	232.0278	375	232.0278
group_3436	1299	9664	7.4396	64	14.4497	32	14.4497
group_3438	720	64883	90.1153	446	181.6726	223	181.6726
fabA	5004	526251	105.1661	3510	205.7201	1755	205.7202
group_3440	258	1153	4.4690	10	11.3676	5	11.3676
cysE	642	1053	1.6402	7	3.1978	3	2.7410
group_3441	126	0	0.0000	0	0.0000	0	0.0000
livF	702	73288	104.3989	499	208.4733	249	208.0556
group_3444	1140	23406	20.5316	158	40.6480	79	40.6480
fdx	318	21988	69.1447	167	154.0197	83	153.0975
group_3446	426	38113	89.4671	268	184.5067	134	184.5068
ubiG	660	5214	7.9000	38	16.8860	19	16.8860
ampD	903	17833	19.7486	121	39.2993	60	38.9745
group_3448	372	18066	48.5645	127	100.1262	63	99.3378
gatB	1473	163264	110.8377	1100	219.0166	550	219.0166
group_3451	687	4914	7.1528	33	14.0878	16	13.6609
kaiC	1560	181247	116.1840	1219	229.1744	609	228.9865
group_3454	342	0	0.0000	0	0.0000	0	0.0000
phhB	402	28396	70.6368	196	142.9937	98	142.9938
group_3455	1503	146071	97.1863	988	192.7902	494	192.7903
group_3457	894	63281	70.7841	431	141.3926	215	141.0646
group_3458	741	73404	99.0607	506	200.2716	253	200.2716
group_3459	258	4415	17.1124	35	39.7865	17	38.6497
thpR	636	11742	18.4623	79	36.4298	39	35.9687
group_3461	1455	16446	11.3031	112	22.5757	56	22.5757
group_3462	297	1303	4.3872	10	9.8749	5	9.8749
group_3466	366	22599	61.7459	160	128.2112	80	128.2112
group_3467	909	3439	3.7833	23	7.4208	11	7.0982
group_3468	384	32027	83.4036	225	171.8456	112	171.0819
group_3470	807	16465	20.4027	112	40.7035	56	40.7035
group_3471	585	3663	6.2615	27	13.5361	13	13.0348
group_3473	663	55730	84.0573	390	172.5195	195	172.5195
group_3475	210	3249	15.4714	27	37.7078	13	36.3112
group_3477	1101	116149	105.4941	783	208.5746	391	208.3083
group_3479	654	1053	1.6101	7	3.1391	3	2.6907
psb27	429	41796	97.4266	296	202.3585	148	202.3586
group_3483	264	16264	61.6061	121	134.4214	60	133.3105
group_3484	513	32373	63.1053	220	125.7744	110	125.7745
group_3485	249	246	0.9880	2	2.3557	1	2.3557
group_3486	315	117	0.3714	1	0.9311	0	0.0000
group_3487	447	4673	10.4541	35	22.9640	17	22.3079
group_3490	351	6812	19.4074	49	40.9427	24	40.1071
group_3491	366	34719	94.8607	244	195.5221	122	195.5221
group_3492	192	4742	24.6979	33	50.4080	16	48.8805
purB	1413	171658	121.4848	1152	239.1098	576	239.1098
group_3494	189	464	2.4550	4	6.2070	2	6.2071
group_3496	576	4355	7.5608	32	16.2935	16	16.2935
group_3499	411	9784	23.8054	67	47.8101	33	47.0966
tauD	918	75264	81.9869	517	165.1714	258	164.8520
group_3504	321	4623	14.4019	34	31.0643	17	31.0643
group_3505	534	2659	4.9794	19	10.4352	9	9.8859
sfnG	1098	12443	11.3324	85	22.7041	42	22.4370
group_3507	180	151	0.8389	1	1.6294	0	0.0000
group_3511	213	731	3.4319	6	8.2615	3	8.2615
hisG	891	58970	66.1841	395	130.0189	197	129.6898
group_3513	1602	166381	103.8583	1123	205.5911	561	205.4081
gdt1	276	17567	63.6486	134	142.3911	67	142.3911
group_3515	261	11903	45.6054	90	101.1321	45	101.1321
group_3516	669	40504	60.5441	250	109.5976	125	109.5976
mdh	978	98242	100.4519	666	199.7204	333	199.7204
group_3518	210	1061	5.0524	9	12.5693	4	11.1727
group_3519	132	0	0.0000	0	0.0000	0	0.0000
group_3520	759	5243	6.9078	36	13.9107	18	13.9107
group_3521	675	151	0.2237	1	0.4345	0	0.0000
group_3523	450	1781	3.9578	12	7.8209	6	7.8209
group_3528	321	21598	67.2835	154	140.7028	77	140.7028
purM	1053	108267	102.8177	738	205.5488	369	205.5489
group_3533	318	21890	68.8365	162	149.4084	81	149.4084
group_3535	471	2017	4.2824	12	7.4722	6	7.4722
group_3536	201	3567	17.7463	25	36.4780	12	35.0189
group_3538	2745	36751	13.3883	242	25.8559	121	25.8559
chlG	990	99520	100.5253	666	197.2995	333	197.2996
group_3539	150	235	1.5667	2	3.9104	1	3.9104
group_3540	279	14010	50.2151	99	104.0682	49	103.0170
pheT	2436	35415	14.5382	238	28.6541	119	28.6541
group_3543	741	21107	28.4845	134	53.0363	67	53.0364
group_3545	345	12728	36.8928	85	72.2582	42	71.4081
group_3548	354	762	2.1525	5	4.1424	2	3.3139
group_3549	177	0	0.0000	0	0.0000	0	0.0000
arsA	1077	119547	111.0000	800	217.8519	400	217.8519
group_3551	285	6649	23.3298	54	55.5694	27	55.5694
cmr4	885	2779	3.1401	19	6.2965	9	5.9651
group_3553	228	6335	27.7851	49	63.0301	24	61.7438
group_3555	426	4838	11.3568	35	24.0960	17	23.4076
menB	834	84702	101.5612	579	203.6102	289	203.2586
group_3560	885	1018	1.1503	7	2.3198	3	1.9884
rRM	306	16777	54.8268	127	121.7221	63	120.7637
group_3563	144	0	0.0000	0	0.0000	0	0.0000
group_3566	420	22535	53.6548	156	108.9337	78	108.9337
group_3568	315	754	2.3937	6	5.5863	3	5.5863
group_3569	303	6879	22.7030	47	45.4928	23	44.5248
group_3571	204	825	4.0441	10	14.3766	5	14.3766
group_3572	783	1857	2.3716	13	4.8693	6	4.4948
group_3574	1026	54910	53.5185	375	107.1941	187	106.9083
group_3575	207	3150	15.2174	22	31.1702	11	31.1702
group_3577	10464	1185381	113.2818	7896	221.3076	3948	221.3077
group_3578	390	20639	52.9205	143	107.5371	71	106.7852
ribA	1287	13277	10.3162	90	20.5093	45	20.5093
caiA	1185	11727	9.8962	79	19.5522	39	19.3047
sfcA	1392	149421	107.3427	1025	215.9592	512	215.7485
group_3579	414	7361	17.7802	48	34.0038	24	34.0038
hoxU	717	76935	107.3013	536	219.2465	268	219.2466
group_3580	240	1517	6.3208	13	15.8862	6	14.6642
group_3582	441	641	1.4535	5	3.3252	2	2.6602
group_3583	948	600	0.6329	4	1.2375	2	1.2375
group_3584	882	77267	87.6043	532	176.9009	266	176.9010
group_3585	675	52175	77.2963	366	159.0246	183	159.0247
group_3586	726	383	0.5275	3	1.2119	1	0.8079
group_3587	2211	4471	2.0222	30	3.9794	15	3.9794
queF	441	37818	85.7551	264	175.5708	132	175.5709
group_3588	186	2521	13.5538	19	29.9590	9	28.3822
group_3589	1260	8076	6.4095	56	13.0348	28	13.0348
group_3590	561	4430	7.8966	30	15.6836	15	15.6836
group_3591	336	3415	10.1637	24	20.9488	12	20.9488
group_3594	2799	1059	0.3783	7	0.7335	3	0.6287
group_3595	2646	1321	0.4992	10	1.1084	5	1.1084
group_3596	672	56584	84.2024	389	169.7725	194	169.3361
yqeG	606	29974	49.4620	208	100.6648	104	100.6649
group_3604	165	1250	7.5758	10	17.7747	5	17.7747
group_3606	330	1043	3.1606	8	7.1099	4	7.1099
group_3609	231	8966	38.8139	62	78.7167	31	78.7167
group_3610	381	38154	100.1417	264	203.2198	132	203.2198
ypuF	435	31157	71.6253	217	146.3044	108	145.6303
group_3612	300	16405	54.6833	117	114.3804	58	113.4028
group_3615	459	37486	81.6688	261	166.7688	130	166.1299
group_3616	834	37611	45.0971	262	92.1345	131	92.1345
group_3619	10080	107099	10.6249	727	21.1525	363	21.1234
hypC	264	20099	76.1326	147	163.3054	73	162.1945
group_3620	225	3075	13.6667	25	32.5870	12	31.2835
group_3622	309	8338	26.9838	59	55.9990	29	55.0499
group_3623	621	596	0.9597	4	1.8891	2	1.8891
group_3624	1167	2779	2.3813	19	4.7750	9	4.5236
group_3626	279	9035	32.3835	61	64.1228	30	63.0717
group_3627	348	29509	84.7960	211	177.8239	105	176.9812
group_3629	777	1579	2.0322	12	4.5295	6	4.5295
group_3630	351	22071	62.8803	160	133.6903	80	133.6903
group_3632	429	27680	64.5221	200	136.7287	100	136.7288
group_3634	270	17030	63.0741	123	133.6067	61	132.5205
group_3637	153	408	2.6667	4	7.6675	2	7.6675
group_3639	291	970	3.3333	7	7.0549	3	6.0471
group_3641	306	19271	62.9771	145	138.9740	72	138.0156
group_3642	264	213	0.8068	2	2.2218	1	2.2218
group_3643	144	199	1.3819	2	4.0734	1	4.0734
group_3644	1242	0	0.0000	0	0.0000	0	0.0000
group_3645	126	370	2.9365	4	9.3106	2	9.3106
group_3647	903	15261	16.9003	106	34.4275	53	34.4275
group_3648	1749	601	0.3436	4	0.6707	2	0.6707
group_3649	408	982	2.4069	7	5.0318	3	4.3130
group_3650	318	1820	5.7233	14	12.9118	7	12.9118
group_3652	285	292	1.0246	2	2.0581	1	2.0581
group_3653	393	2728	6.9415	20	14.9253	10	14.9254
group_3654	2388	1642	0.6876	11	1.3510	5	1.2282
group_3655	522	4595	8.8027	32	17.9790	16	17.9790
group_3657	234	6064	25.9145	43	53.8939	21	52.6406
group_3659	351	2230	6.3533	18	15.0402	9	15.0402
group_3660	168	249	1.4821	2	3.4915	1	3.4915
group_3661	642	397	0.6184	3	1.3705	1	0.9137
group_3662	495	49078	99.1475	346	205.0019	173	205.0020
group_3665	423	0	0.0000	0	0.0000	0	0.0000
group_3666	162	151	0.9321	1	1.8104	0	0.0000
group_3667	1059	1057	0.9981	7	1.9386	3	1.6617
group_3670	213	518	2.4319	4	5.5077	2	5.5077
group_3671	225	853	3.7911	7	9.1244	3	7.8209
group_3672	261	4383	16.7931	32	35.9581	16	35.9581
group_3673	318	15410	48.4591	106	97.7610	53	97.7611
group_3674	207	5105	24.6618	38	53.8394	19	53.8394
group_3675	417	23017	55.1966	159	111.8274	79	111.1241
group_3676	768	278	0.3620	2	0.7638	1	0.7638
group_3677	528	1321	2.5019	10	5.5546	5	5.5546
group_3679	420	151	0.3595	1	0.6983	0	0.0000
group_3680	150	430	2.8667	3	5.8657	1	3.9104
group_3681	801	44401	55.4320	299	109.4777	149	109.1116
group_3682	780	4634	5.9410	32	12.0321	16	12.0321
group_3683	231	3041	13.1645	23	29.2013	11	27.9317
group_3684	360	0	0.0000	0	0.0000	0	0.0000
group_3687	393	5869	14.9338	41	30.5970	20	29.8507
group_3690	234	9660	41.2821	74	92.7476	37	92.7477
pyrG	1641	188516	114.8787	1281	228.9431	640	228.7644
group_3691	420	392	0.9333	3	2.0949	1	1.3966
group_3692	996	1132	1.1365	9	2.6501	4	2.3557
group_3697	297	3043	10.2458	24	23.6996	12	23.6997
group_3698	195	219	1.1231	2	3.0080	1	3.0080
group_3699	138	0	0.0000	0	0.0000	0	0.0000
group_3701	219	12997	59.3470	96	128.5624	48	128.5625
group_3702	2430	5958	2.4519	40	4.8277	20	4.8277
group_3703	414	1852	4.4734	14	9.9178	7	9.9178
group_3705	294	15588	53.0204	111	110.7293	55	109.7318
group_3706	903	17943	19.8704	123	39.9489	61	39.6241
group_3707	186	212	1.1398	2	3.1536	1	3.1536
group_3708	360	8256	22.9333	57	46.4365	28	45.6218
group_3709	291	2756	9.4708	20	20.1569	10	20.1569
group_3712	444	5058	11.3919	34	22.4586	17	22.4586
group_3713	288	580	2.0139	5	5.0917	2	4.0734
group_3714	1482	20964	14.1457	141	27.9035	70	27.7056
group_3716	1812	14577	8.0447	99	16.0237	49	15.8619
group_3718	462	24704	53.4719	170	107.9180	85	107.9181
group_3719	342	688	2.0117	5	4.2878	2	3.4302
vagC	240	5917	24.6542	42	51.3245	21	51.3246
group_3721	150	0	0.0000	0	0.0000	0	0.0000
group_3725	426	0	0.0000	0	0.0000	0	0.0000
group_3726	342	1379	4.0322	10	8.5755	5	8.5755
group_3727	249	99	0.3976	1	1.1778	0	0.0000
group_3728	330	13991	42.3970	102	90.6511	51	90.6512
group_3729	139	0	0.0000	0	0.0000	0	0.0000
group_3732	192	835	4.3490	7	10.6926	3	9.1651
group_3735	897	13310	14.8384	90	29.4264	45	29.4264
group_3734	531	8184	15.4124	55	30.3777	27	29.8254
group_3737	258	0	0.0000	0	0.0000	0	0.0000
gloA	363	6442	17.7466	43	34.7415	21	33.9336
ddpA	1758	51657	29.3840	351	58.5565	175	58.3897
group_3738	867	2615	3.0161	18	6.0889	9	6.0889
group_3739	1188	453	0.3813	3	0.7406	1	0.4937
group_3742	1209	0	0.0000	0	0.0000	0	0.0000
group_3747	720	10685	14.8403	73	29.7356	36	29.3283
group_3748	153	1329	8.6863	11	21.0857	5	19.1688
group_3749	1704	10866	6.3768	74	12.7365	37	12.7365
phaC	1095	124920	114.0822	852	228.1983	426	228.1984
group_3750	930	0	0.0000	0	0.0000	0	0.0000
group_3752	270	8488	31.4370	60	65.1740	30	65.1740
entF	3288	171468	52.1496	1141	101.7749	570	101.6858
group_3753	489	9934	20.3149	70	41.9833	35	41.9833
group_3754	534	15956	29.8801	113	62.0618	56	61.5126
group_3755	2934	302077	102.9574	2035	203.4189	1017	203.3190
group_3756	1695	1956	1.1540	13	2.2494	6	2.0763
group_3757	1593	604	0.3792	4	0.7364	2	0.7364
group_3758	633	598	0.9447	4	1.8533	2	1.8533
group_3759	558	38993	69.8799	269	141.3856	134	140.8600
fadH	1104	116234	105.2844	791	210.1331	395	209.8675
group_3761	159	248	1.5597	2	3.6891	1	3.6891
ssuD	1173	8873	7.5644	61	15.2517	30	15.0017
group_3763	267	10606	39.7228	80	87.8751	40	87.8751
sfp	663	68855	103.8537	478	211.4469	239	211.4470
clpS	294	20885	71.0374	153	152.6269	76	151.6294
tuf	1230	151820	123.4309	1038	247.5023	519	247.5024
group_3769	285	1322	4.6386	9	9.2616	4	8.2325
tauC	774	49267	63.6525	337	127.6956	168	127.3167
tauB	783	60307	77.0204	421	157.6912	210	157.3166
group_3771	1065	3012	2.8282	20	5.5077	10	5.5077
group_3773	1041	8385	8.0548	59	16.6222	29	16.3405
group_3775	1146	6990	6.0995	45	11.5164	22	11.2604
group_3776	1128	18711	16.5878	128	33.2803	64	33.2804
group_3778	567	43728	77.1217	296	153.1072	148	153.1073
group_3780	945	1356	1.4349	10	3.1035	5	3.1035
tktA	1902	215401	113.2497	1446	222.9692	723	222.9692
clpB	2625	158178	60.2583	1055	117.8719	527	117.7602
group_3782	246	0	0.0000	0	0.0000	0	0.0000
group_3789	540	11332	20.9852	78	42.3631	39	42.3631
group_3792	984	89985	91.4482	602	179.4273	301	179.4273
group_3794	1077	91599	85.0501	613	166.9290	306	166.6567
group_3795	1908	179676	94.1698	1211	186.1456	605	185.9919
group_3796	372	0	0.0000	0	0.0000	0	0.0000
group_3797	5445	345442	63.4421	2319	124.9079	1159	124.8541
group_3798	1476	151	0.1023	1	0.1987	0	0.0000
group_3799	939	5710	6.0809	41	12.8058	20	12.4934
higB~~~higA	552	3873	7.0163	31	16.4706	15	15.9393
group_3801	261	18948	72.5977	137	153.9455	68	152.8219
group_3804	126	0	0.0000	0	0.0000	0	0.0000
group_3805	1107	755	0.6820	5	1.3247	2	1.0597
group_3807	309	7399	23.9450	54	51.2534	27	51.2534
group_3809	483	8918	18.4638	62	37.6471	31	37.6471
ydiL	858	85448	99.5897	561	191.7620	280	191.4203
group_3810	672	8313	12.3705	59	25.7496	29	25.3131
group_3812	516	17643	34.1919	120	68.2054	60	68.2054
group_3813	609	4002	6.5714	31	14.9290	15	14.4474
group_3814	331	8393	25.3565	57	50.5049	28	49.6189
group_3817	303	5488	18.1122	38	36.7814	19	36.7814
group_3818	234	0	0.0000	0	0.0000	0	0.0000
group_3819	834	54660	65.5396	380	133.6302	190	133.6302
group_3820	261	2330	8.9272	17	19.1027	8	17.9790
group_3822	657	41795	63.6149	253	112.9385	126	112.4922
group_3823	288	151	0.5243	1	1.0183	0	0.0000
group_3824	174	2371	13.6264	22	37.0818	11	37.0818
group_3830	6408	102204	15.9494	680	31.1224	340	31.1224
group_3831	2076	219516	105.7399	1478	208.8017	739	208.8018
group_3833	909	8864	9.7514	61	19.6813	30	19.3586
group_3834	255	4849	19.0157	39	44.8551	19	43.7049
cpcD	255	10976	43.0431	79	90.8602	39	89.7101
group_3836	375	5670	15.1200	41	32.0656	20	31.2835
group_3838	255	12654	49.6235	89	102.3615	44	101.2114
group_3839	960	93566	97.4646	625	190.9395	312	190.6341
aspB	1167	123112	105.4944	826	207.5851	413	207.5852
group_3840	876	72044	82.2420	482	161.3727	241	161.3727
group_3845	270	1044	3.8667	7	7.6036	3	6.5174
group_3847	273	13161	48.2088	95	102.0582	47	100.9839
group_3850	423	1439	3.4019	11	7.6267	5	6.9334
group_3853	375	1892	5.0453	13	10.1671	6	9.3851
group_3854	630	18268	28.9968	131	60.9843	65	60.5187
group_3855	303	4428	14.6139	33	31.9417	16	30.9738
group_3856	468	302	0.6453	2	1.2533	1	1.2533
group_3863	1146	83612	72.9599	564	144.3383	282	144.3383
mngB	3036	291196	95.9144	1941	187.5041	970	187.4076
group_3869	435	23838	54.8000	169	113.9422	84	113.2680
group_3874	2826	2117	0.7491	15	1.5567	7	1.4529
group_3875	1989	4336	2.1800	29	4.2761	14	4.1287
group_3877	303	1563	5.1584	11	10.6472	5	9.6793
group_3880	1530	14895	9.7353	100	19.1688	50	19.1688
group_3882	345	10772	31.2232	78	66.3075	39	66.3075
group_3884	534	2361	4.4213	17	9.3367	8	8.7875
group_3886	255	12372	48.5176	87	100.0613	43	98.9112
group_3888	1614	69337	42.9597	466	84.6778	233	84.6778
group_3891	7722	1226	0.1588	8	0.3038	4	0.3038
group_3894	222	4064	18.3063	29	38.3118	14	36.9907
group_3895	1578	29796	18.8821	201	37.3574	100	37.1715
group_3898	354	33419	94.4040	237	196.3505	118	195.5221
group_3899	201	4176	20.7761	29	42.3145	14	40.8554
group_3902	378	0	0.0000	0	0.0000	0	0.0000
groL	1722	173940	101.0105	1165	198.4174	582	198.2472
group_3909	627	75393	120.2440	516	241.3622	258	241.3622
group_3912	429	661	1.5408	5	3.4182	2	2.7346
group_3913	609	46647	76.5961	330	158.9219	165	158.9219
yqgC	657	43265	65.8524	293	130.7944	146	130.3481
group_3917	726	0	0.0000	0	0.0000	0	0.0000
group_3926	225	305	1.3556	2	2.6070	1	2.6070
group_3927	414	32815	79.2633	238	168.6024	119	168.6024
group_3928	270	276	1.0222	2	2.1725	1	2.1725
group_3929	246	206	0.8374	2	2.3844	1	2.3844
group_19148	1257	3322	2.6428	22	5.1330	11	5.1330
group_3932	621	11113	17.8953	76	35.8929	38	35.8929
group_3936	417	1330	3.1894	9	6.3299	4	5.6265
group_3937	294	291	0.9898	2	1.9951	1	1.9951
group_3939	300	0	0.0000	0	0.0000	0	0.0000
group_3940	423	29739	70.3050	204	141.4415	102	141.4415
group_3942	747	302	0.4043	2	0.7852	1	0.7852
group_3945	1413	57528	40.7134	388	80.5335	194	80.5335
group_3947	339	15486	45.6814	119	102.9519	59	102.0868
dICT	1605	167411	104.3059	1105	201.9176	552	201.7350
group_3948	1086	165392	152.2947	1124	303.5453	562	303.5454
group_3950	858	0	0.0000	0	0.0000	0	0.0000
group_3953	2802	302	0.1078	2	0.2093	1	0.2093
group_3955	174	186	1.0690	2	3.3711	1	3.3711
rsmA	807	80367	99.5874	561	203.8808	280	203.5174
group_3956	543	12334	22.7145	87	46.9901	43	46.4500
group_3957	1059	12676	11.9698	89	24.6480	44	24.3710
group_3959	525	11312	21.5467	85	47.4839	42	46.9253
btpA	912	101630	111.4364	696	223.8213	348	223.8214
group_3960	147	0	0.0000	0	0.0000	0	0.0000
group_3962	192	0	0.0000	0	0.0000	0	0.0000
group_3963	273	9965	36.5018	70	75.2008	35	75.2008
group_3965	207	1566	7.5652	11	15.5851	5	14.1683
group_3968	360	2321	6.4472	17	13.8495	8	13.0348
group_3974	771	38678	50.1660	273	103.8473	136	103.4670
group_3975	504	244294	484.7103	1618	941.5318	809	941.5321
group_3976	738	73343	99.3808	504	200.2909	252	200.2909
group_3978	162	148	0.9136	2	3.6208	1	3.6208
group_3979	717	10767	15.0167	73	29.8601	36	29.4510
group_3982	543	5191	9.5599	37	19.9843	18	19.4442
group_3984	153	814	5.3203	6	11.5013	3	11.5013
group_3986	1086	39329	36.2145	271	73.1857	135	72.9157
group_3987	813	1661	2.0431	11	3.9682	5	3.6074
group_3989	366	151	0.4126	1	0.8013	0	0.0000
group_3990	111	0	0.0000	0	0.0000	0	0.0000
group_3993	627	57255	91.3158	391	182.8926	195	182.4249
group_3996	438	37182	84.8904	265	177.4430	132	176.7734
fN3K	861	84588	98.2439	579	197.2252	289	196.8846
group_3997	1347	148961	110.5872	1001	217.9483	500	217.7306
group_3998	213	536	2.5164	4	5.5077	2	5.5077
group_3999	231	7138	30.9004	48	60.9419	24	60.9420
group_4000	1227	18772	15.2991	127	30.3561	63	30.1171
group_4003	198	3339	16.8636	25	37.0307	12	35.5495
group_4005	702	0	0.0000	0	0.0000	0	0.0000
fldA	513	17180	33.4893	120	68.6042	60	68.6043
group_4006	312	151	0.4840	1	0.9400	0	0.0000
group_4010	660	2131	3.2288	16	7.1099	8	7.1099
group_4011	798	7766	9.7318	54	19.8462	27	19.8462
group_4017	222	0	0.0000	0	0.0000	0	0.0000
group_4019	711	0	0.0000	0	0.0000	0	0.0000
group_4023	150	150	1.0000	1	1.9552	0	0.0000
group_4024	165	950	5.7576	7	12.4423	3	10.6648
group_19115	1053	292	0.2773	2	0.5570	1	0.5570
group_19116	261	0	0.0000	0	0.0000	0	0.0000
group_4027	237	2902	12.2447	20	24.7496	10	24.7496
group_4028	990	8729	8.8172	58	17.1822	29	17.1822
group_4031	261	0	0.0000	0	0.0000	0	0.0000
group_4033	381	1816	4.7664	14	10.7768	7	10.7768
group_4035	945	15344	16.2370	103	31.9663	51	31.6560
group_4038	9771	229133	23.4503	1539	46.1941	769	46.1641
group_4040	2604	2878	1.1052	6	0.6758	3	0.6758
group_4041	195	3330	17.0769	24	36.0964	12	36.0964
group_4042	2865	3177	1.1089	23	2.3545	11	2.2521
group_4043	1227	3634	2.9617	25	5.9756	12	5.7366
group_4044	378	16605	43.9286	116	90.0022	58	90.0022
group_14764	555	1402	2.5261	7	3.6991	3	3.1706
group_14765	558	18752	33.6057	129	67.8020	64	67.2764
group_4045	189	150	0.7937	1	1.5518	0	0.0000
group_4046	489	707	1.4458	5	2.9988	2	2.3990
group_4048	420	1683	4.0071	12	8.3795	6	8.3795
group_4049	255	1619	6.3490	13	14.9517	6	13.8016
group_4057	3975	12711	3.1977	79	5.8288	39	5.7550
stbD	264	4307	16.3144	31	34.4385	15	33.3276
group_4059	291	5775	19.8454	43	43.3374	21	42.3295
group_4061	960	2984	3.1083	20	6.1101	10	6.1101
group_4063	750	151	0.2013	1	0.3910	0	0.0000
group_4065	123	0	0.0000	0	0.0000	0	0.0000
group_4067	1827	2570	1.4067	17	2.7290	8	2.5684
group_4068	1332	0	0.0000	0	0.0000	0	0.0000
group_4069	807	171242	212.1958	1189	432.1110	594	431.7477
group_4070	792	4853	6.1275	33	12.2201	16	11.8498
group_4071	330	6382	19.3394	46	40.8819	23	40.8819
group_4074	252	0	0.0000	0	0.0000	0	0.0000
group_4076	231	10000	43.2900	69	87.6040	34	86.3344
group_4077	1113	173473	155.8607	1179	310.6745	589	310.4111
group_15301	1326	2265	1.7081	15	3.3177	7	3.0965
comEB	579	47026	81.2193	336	170.1954	168	170.1954
group_4080	1335	0	0.0000	0	0.0000	0	0.0000
group_4081	1260	0	0.0000	0	0.0000	0	0.0000
group_4082	1200	0	0.0000	0	0.0000	0	0.0000
secY	1320	65950	49.9621	442	98.2054	221	98.2054
group_4086	4278	755	0.1765	5	0.3428	2	0.2742
group_4088	153	0	0.0000	0	0.0000	0	0.0000
group_4090	276	20424	74.0000	148	157.2677	74	157.2678
group_4092	342	256	0.7485	2	1.7151	1	1.7151
group_4094	936	105071	112.2553	715	224.0357	357	223.7224
hemL	1245	141331	113.5189	958	225.6749	479	225.6749
group_4098	2298	68291	29.7176	461	58.8353	230	58.7077
group_4100	1047	33506	32.0019	222	62.1861	111	62.1861
group_4101	459	8432	18.3704	60	38.3377	30	38.3377
group_16602	1059	906	0.8555	6	1.6617	3	1.6617
group_16603	690	415	0.6014	3	1.2751	1	0.8501
group_4106	873	51589	59.0939	352	118.2539	176	118.2539
group_4107	282	5301	18.7979	39	40.5604	19	39.5204
group_4110	240	9190	38.2917	67	81.8749	33	80.6529
group_4111	291	0	0.0000	0	0.0000	0	0.0000
group_4113	399	4622	11.5840	34	24.9915	17	24.9915
group_4117	426	17431	40.9178	122	83.9919	61	83.9919
dndE	426	24481	57.4671	183	125.9878	91	125.2994
group_4118	783	16818	21.4789	117	43.8239	58	43.4494
group_4125	855	10384	12.1450	71	24.3545	35	24.0115
group_4126	1359	151	0.1111	1	0.2158	0	0.0000
group_4128	261	3291	12.6092	23	25.8449	11	24.7212
group_4131	1254	11288	9.0016	76	17.7747	38	17.7747
group_4132	411	0	0.0000	0	0.0000	0	0.0000
group_4134	999	71139	71.2102	482	141.5039	241	141.5040
group_4136	357	3455	9.6779	26	21.3596	13	21.3596
group_4140	279	3957	14.1828	29	30.4846	14	29.4334
group_4142	768	19930	25.9505	133	50.7899	66	50.4080
group_4143	147	0	0.0000	0	0.0000	0	0.0000
group_4144	1092	11006	10.0788	75	20.1431	37	19.8745
group_4145	3195	1987	0.6219	14	1.2851	7	1.2851
group_4149	4977	8299	1.6675	55	3.2410	27	3.1821
group_4150	210	0	0.0000	0	0.0000	0	0.0000
group_4153	1113	57234	51.4232	392	103.2947	196	103.2947
group_4154	507	7033	13.8718	49	28.3449	24	27.7665
group_4156	1068	13247	12.4036	92	25.2641	46	25.2641
group_4157	396	1527	3.8561	11	8.1468	5	7.4061
yobN	1386	152155	109.7799	1029	217.7405	514	217.5289
group_4160	552	46316	83.9058	327	173.7383	163	173.2071
group_4161	252	777	3.0833	6	6.9829	3	6.9829
group_4162	219	859	3.9224	8	10.7135	4	10.7135
group_4163	618	22374	36.2039	160	75.9309	80	75.9309
group_4164	198	5518	27.8687	39	57.7679	19	56.2867
group_4165	993	1036	1.0433	7	2.0675	3	1.7721
group_4166	399	151	0.3784	1	0.7350	0	0.0000
group_4168	969	9550	9.8555	65	19.6733	32	19.3706
group_4172	288	13144	45.6389	93	94.7060	46	93.6877
group_4173	264	11788	44.6515	85	94.4283	42	93.3174
group_4177	387	30060	77.6744	210	159.1459	105	159.1459
group_4178	456	4752	10.4211	33	21.2244	16	20.5813
group_4184	507	28589	56.3886	192	111.0658	96	111.0658
group_4185	1539	1425	0.9259	10	1.9057	5	1.9057
group_4186	273	1113	4.0769	8	8.5944	4	8.5944
group_4187	213	1335	6.2676	11	15.1461	5	13.7692
group_4189	204	151	0.7402	1	1.4377	0	0.0000
group_4192	342	3983	11.6462	32	27.4417	16	27.4417
group_4196	285	224	0.7860	2	2.0581	1	2.0581
group_4199	1500	302	0.2013	2	0.3910	1	0.3910
group_4201	198	500	2.5253	4	5.9249	2	5.9249
group_4202	246	0	0.0000	0	0.0000	0	0.0000
group_4205	618	10890	17.6214	73	34.6435	36	34.1689
group_4212	198	0	0.0000	0	0.0000	0	0.0000
group_4215	240	12350	51.4583	89	108.7591	44	107.5372
group_4216	300	0	0.0000	0	0.0000	0	0.0000
group_4217	321	1901	5.9221	13	11.8775	6	10.9639
group_4223	1257	103419	82.2745	698	162.8573	349	162.8573
group_4225	876	0	0.0000	0	0.0000	0	0.0000
group_4226	672	0	0.0000	0	0.0000	0	0.0000
group_4230	576	4156	7.2153	29	14.7660	14	14.2568
group_4233	1557	0	0.0000	0	0.0000	0	0.0000
dapA	903	91563	101.3987	625	202.9922	312	202.6674
group_4235	111	0	0.0000	0	0.0000	0	0.0000
group_4237	405	9845	24.3086	67	48.5184	33	47.7943
group_4239	453	0	0.0000	0	0.0000	0	0.0000
group_4240	489	39034	79.8241	269	161.3357	134	160.7360
csx18	279	151	0.5412	1	1.0512	0	0.0000
group_17170	822	302	0.3674	2	0.7136	1	0.7136
group_4243	1410	1425	1.0106	10	2.0800	5	2.0800
group_4245	267	445	1.6667	3	3.2953	1	2.1969
group_4246	579	865	1.4940	7	3.5457	3	3.0392
group_4248	609	2251	3.6962	17	8.1869	8	7.7053
group_4250	207	0	0.0000	0	0.0000	0	0.0000
group_4251	1641	4983	3.0366	34	6.0766	17	6.0766
group_4252	1389	604	0.4348	4	0.8446	2	0.8446
group_4253	1440	0	0.0000	0	0.0000	0	0.0000
group_4255	801	74649	93.1948	505	184.9038	252	184.5377
group_4257	1056	57179	54.1468	389	108.0370	194	107.7593
group_4259	696	19961	28.6796	139	58.5723	69	58.1510
group_4260	285	151	0.5298	1	1.0291	0	0.0000
ruvA	630	55714	88.4349	391	182.0217	195	181.5562
group_4272	1044	16645	15.9435	110	30.9015	55	30.9015
group_4269	474	0	0.0000	0	0.0000	0	0.0000
group_4270	399	2131	5.3409	16	11.7607	8	11.7607
group_4271	330	147	0.4455	2	1.7775	1	1.7775
group_4275	717	1208	1.6848	8	3.2723	4	3.2723
group_4278	1497	3634	2.4275	25	4.8978	12	4.7019
group_4279	504	7404	14.6905	51	29.6775	25	29.0956
group_4281	201	459	2.2836	4	5.8365	2	5.8365
group_4282	1893	38307	20.2361	263	40.7467	131	40.5918
group_4283	1866	93073	49.8783	627	98.5469	313	98.3897
group_4284	429	25270	58.9044	178	121.6886	89	121.6886
group_4286	798	53782	67.3960	374	137.4535	187	137.4535
group_4287	1551	91448	58.9607	614	116.1030	307	116.1031
group_4288	1317	20145	15.2961	138	30.7313	69	30.7313
group_4292	522	0	0.0000	0	0.0000	0	0.0000
group_4302	315	13747	43.6413	97	90.3126	48	89.3815
group_4303	258	13079	50.6938	96	109.1286	48	109.1286
group_4304	174	1365	7.8448	10	16.8553	5	16.8554
group_4307	288	0	0.0000	0	0.0000	0	0.0000
group_4308	1179	141701	120.1874	973	242.0394	486	241.7907
group_4313	759	81861	107.8538	569	219.8657	284	219.4794
group_4317	900	29964	33.2933	202	65.8258	101	65.8258
group_4319	354	1354	3.8249	9	7.4563	4	6.6279
group_4320	1212	1754	1.4472	12	2.9038	6	2.9038
group_4323	744	604	0.8118	4	1.5768	2	1.5768
group_4324	885	453	0.5119	3	0.9942	1	0.6628
group_4326	930	88858	95.5462	607	191.4224	303	191.1071
group_4328	432	8663	20.0532	61	41.4127	30	40.7338
group_4329	474	1641	3.4620	6	3.7124	3	3.7124
group_4331	291	0	0.0000	0	0.0000	0	0.0000
group_4334	201	3154	15.6915	26	37.9371	13	37.9371
group_4338	192	0	0.0000	0	0.0000	0	0.0000
group_4341	2682	7133	2.6596	47	5.1396	23	5.0302
group_4349	564	151	0.2677	1	0.5200	0	0.0000
group_4350	1548	93959	60.6970	631	119.5489	315	119.3594
group_4358	276	898	3.2536	8	8.5010	4	8.5010
group_4361	375	18822	50.1920	145	113.4028	72	112.6207
group_4362	3354	604	0.1801	4	0.3498	2	0.3498
group_4364	1176	0	0.0000	0	0.0000	0	0.0000
group_4366	471	13940	29.5966	92	57.2867	46	57.2867
group_4368	1119	560	0.5004	4	1.0484	2	1.0484
group_4369	495	28580	57.7374	202	119.6832	101	119.6832
group_4371	693	3245	4.6825	22	9.3106	11	9.3106
group_4372	1656	10620	6.4130	71	12.5743	35	12.3972
group_4373	1764	2567	1.4552	17	2.8264	8	2.6602
group_4375	417	0	0.0000	0	0.0000	0	0.0000
group_4377	429	0	0.0000	0	0.0000	0	0.0000
group_4378	219	11513	52.5708	82	109.8138	41	109.8138
comEA	723	70809	97.9378	477	193.4938	238	193.0882
ygcG	684	57390	83.9035	398	170.6530	199	170.6531
group_4380	612	151	0.2467	1	0.4792	0	0.0000
ispD	750	78964	105.2853	532	208.0355	266	208.0355
group_4381	684	71861	105.0599	490	210.1005	245	210.1005
group_4382	198	164	0.8283	2	2.9625	1	2.9625
group_4383	741	54813	73.9717	345	136.5488	172	136.1531
group_4386	154	0	0.0000	0	0.0000	0	0.0000
group_4387	717	48797	68.0572	334	136.6200	167	136.6201
group_4388	240	17066	71.1083	125	152.7516	62	151.5296
group_4391	201	0	0.0000	0	0.0000	0	0.0000
group_4392	672	9398	13.9851	66	28.8046	33	28.8046
group_4393	606	13618	22.4719	93	45.0088	46	44.5248
eRG9	810	83356	102.9086	571	206.7465	285	206.3845
group_4394	195	0	0.0000	0	0.0000	0	0.0000
group_4396	753	261	0.3466	2	0.7790	1	0.7790
sir	1938	228080	117.6883	1540	233.0526	770	233.0527
group_4399	660	65639	99.4530	459	203.9651	229	203.5207
group_4400	660	54515	82.5985	380	168.8600	190	168.8600
group_4401	672	55992	83.3214	389	169.7725	194	169.3361
group_4405	258	2347	9.0969	16	18.1881	8	18.1881
rpoE	657	63536	96.7062	444	198.2004	222	198.2005
group_4406	432	2255	5.2199	14	9.5045	7	9.5045
group_4409	678	56555	83.4145	383	165.6747	191	165.2421
group_4410	660	64069	97.0742	440	195.5221	220	195.5221
group_4411	267	151	0.5655	1	1.0984	0	0.0000
group_19144	651	743	1.1413	5	2.2526	2	1.8020
group_4412	375	4200	11.2000	29	22.6806	14	21.8985
group_4413	882	1208	1.3696	8	2.6602	4	2.6602
group_4415	666	603	0.9054	4	1.7615	2	1.7615
group_4417	336	339	1.0089	3	2.6186	1	1.7457
group_4418	654	0	0.0000	0	0.0000	0	0.0000
birA2	909	11343	12.4785	78	25.1662	39	25.1662
group_4419	645	49162	76.2202	340	154.5988	170	154.5989
group_4420	624	57353	91.9119	390	183.3019	195	183.3020
group_4422	486	41606	85.6091	293	176.8147	146	176.2113
group_4423	669	53853	80.4978	366	160.4508	183	160.4509
group_4424	693	60999	88.0216	418	176.9009	209	176.9010
trpF	711	60436	85.0014	411	169.5349	205	169.1225
group_4425	363	28343	78.0799	201	162.3964	100	161.5885
tolQ	639	53534	83.7778	370	169.8196	185	169.8197
group_4427	594	42394	71.3704	292	144.1728	146	144.1729
cobH	639	68237	106.7872	474	217.5527	237	217.5528
group_4428	336	465	1.3839	3	2.6186	1	1.7457
group_4430	882	88933	100.8311	613	203.8351	306	203.5026
group_4431	801	75308	94.0175	528	193.3252	264	193.3252
tsaC	588	42908	72.9728	299	149.1354	149	148.6367
group_4435	396	28596	72.2121	199	147.3822	99	146.6416
cyoC	624	58341	93.4952	406	190.8220	203	190.8221
group_4437	1977	6871	3.4755	46	6.8240	23	6.8240
group_4438	636	9076	14.2704	62	28.5905	31	28.5905
group_4439	306	188	0.6144	2	1.9169	1	1.9169
nusG	618	54767	88.6197	375	177.9630	187	177.4885
rplA	717	71390	99.5676	494	202.0667	247	202.0668
tAP	807	86896	107.6778	595	216.2372	297	215.8739
group_4443	330	587	1.7788	4	3.5549	2	3.5549
group_4444	210	1056	5.0286	7	9.7761	3	8.3795
group_4445	165	423	2.5636	4	7.1099	2	7.1099
group_4446	909	2489	2.7382	18	5.8076	9	5.8076
group_4448	576	904	1.5694	6	3.0550	3	3.0550
group_4452	657	1812	2.7580	12	5.3568	6	5.3568
group_4451	765	44192	57.7673	308	118.0800	154	118.0800
group_4459	1296	116109	89.5903	779	176.2867	389	176.0604
group_4460	255	15964	62.6039	114	131.1148	57	131.1148
group_4462	225	1150	5.1111	10	13.0348	5	13.0348
group_4466	363	28818	79.3884	215	173.7076	107	172.8997
group_4467	426	302	0.7089	2	1.3769	1	1.3769
group_4468	591	15385	26.0321	108	53.5949	54	53.5949
group_4472	123	0	0.0000	0	0.0000	0	0.0000
group_4474	1212	7307	6.0289	50	12.0991	25	12.0991
group_4476	597	7752	12.9849	54	26.5281	27	26.5281
group_4477	627	49095	78.3014	342	159.9726	171	159.9726
group_4480	585	534	0.9128	4	2.0054	2	2.0054
group_4482	432	1417	3.2801	10	6.7890	5	6.7890
group_4483	588	41567	70.6922	296	147.6391	148	147.6391
gcvH	396	28658	72.3687	208	154.0477	104	154.0477
group_4484	576	3816	6.6250	27	13.7476	13	13.2385
def	576	62218	108.0174	438	223.0173	219	223.0174
group_4485	1185	6963	5.8759	47	11.6323	23	11.3848
group_4486	453	1185	2.6159	8	5.1794	4	5.1794
group_4490	171	923	5.3977	7	12.0057	3	10.2906
group_4491	591	49196	83.2420	344	170.7096	172	170.7097
group_4494	321	6803	21.1931	49	44.7691	24	43.8554
group_4495	567	47001	82.8942	336	173.7974	168	173.7974
group_4496	657	580	0.8828	4	1.7856	2	1.7856
efp	558	52861	94.7330	373	196.0477	186	195.5221
group_4497	114	198	1.7368	2	5.1453	1	5.1453
group_4498	528	41368	78.3485	294	163.3054	147	163.3054
group_4499	243	1341	5.5185	12	14.4831	6	14.4831
group_4500	276	2459	8.9094	18	19.1272	9	19.1272
group_4502	192	0	0.0000	0	0.0000	0	0.0000
group_4503	213	150	0.7042	1	1.3769	0	0.0000
group_4504	419	30352	72.4391	214	149.7914	107	149.7914
group_4507	375	0	0.0000	0	0.0000	0	0.0000
labA	552	56695	102.7083	395	209.8674	197	209.3362
group_4508	1224	49489	40.4322	331	79.3110	165	79.0714
rsbW	444	25524	57.4865	181	119.5591	90	118.8986
group_4509	465	13189	28.3634	92	58.0259	46	58.0259
group_4511	582	47378	81.4055	332	167.3024	166	167.3024
frr	549	52059	94.8251	365	194.9878	182	194.4537
atpH	549	60676	110.5209	424	226.5064	212	226.5065
motB	777	57433	73.9163	376	141.9233	188	141.9234
group_4516	408	33257	81.5123	238	171.0818	119	171.0819
group_4518	861	302	0.3508	2	0.6813	1	0.6813
ssuE	543	151	0.2781	1	0.5401	0	0.0000
mutT	546	53791	98.5183	381	204.6536	190	204.1165
group_4519	549	300	0.5464	2	1.0684	1	1.0684
group_4520	2856	61900	21.6737	415	42.6164	207	42.5137
group_4521	549	57158	104.1129	394	210.4800	197	210.4801
group_4522	264	17993	68.1553	130	144.4197	65	144.4197
group_4523	1239	129486	104.5085	875	207.1208	437	206.8842
group_4524	666	9876	14.8288	67	29.5045	33	29.0641
fHA	2253	14746	6.5451	100	13.0174	50	13.0175
ripB	528	1359	2.5739	9	4.9991	4	4.4437
group_14743	1026	9641	9.3967	65	18.5803	32	18.2945
group_4535	570	31330	54.9649	222	114.2260	111	114.2261
yhbS	516	49656	96.2326	357	202.9110	178	202.3427
rpoB	3471	423403	121.9830	2829	239.0371	1414	238.9527
nrdR	516	50759	98.3702	356	202.3426	178	202.3427
rplL	396	33786	85.3182	247	182.9316	123	182.1911
ygiM	522	28425	54.4540	202	113.4927	101	113.4927
group_4537	531	42832	80.6629	300	165.6967	150	165.6967
ycf36	513	45472	88.6394	315	180.0861	157	179.5145
group_4540	771	302	0.3917	2	0.7608	1	0.7608
group_4541	504	4140	8.2143	29	16.8754	14	16.2935
group_4542	663	55844	84.2293	392	173.4042	196	173.4042
group_4543	255	2017	7.9098	15	17.2519	7	16.1018
group_4544	465	21865	47.0215	156	98.3917	78	98.3918
group_4551	498	40474	81.2731	284	167.2538	142	167.2539
group_4552	498	302	0.6064	2	1.1778	1	1.1778
group_4553	2034	2645	1.3004	18	2.5954	9	2.5954
group_4555	2538	45511	17.9318	309	35.7070	154	35.5915
group_4556	342	7846	22.9415	55	47.1654	27	46.3079
group_4559	1434	23313	16.2573	157	32.1098	78	31.9053
dnaJ	495	43473	87.8242	299	177.1548	149	176.5624
arsS	1353	115802	85.5891	736	159.5391	368	159.5391
group_4563	1290	5382	4.1721	31	7.0479	15	6.8205
allA	504	25091	49.7837	173	100.6706	86	100.0887
group_4566	486	3671	7.5535	26	15.6900	13	15.6900
group_4567	489	7143	14.6074	52	31.1876	26	31.1876
psaL	483	39732	82.2609	285	173.0552	142	172.4481
pgk	1221	79037	64.7314	538	129.2271	269	129.2271
group_4568	132	130	0.9848	2	4.4437	1	4.4437
psaM	93	324	3.4839	4	12.6143	2	12.6143
group_4569	142	597	4.2042	6	12.3922	3	12.3922
group_4570	1092	0	0.0000	0	0.0000	0	0.0000
group_4572	567	1510	2.6631	10	5.1725	5	5.1725
group_4573	477	302	0.6331	2	1.2297	1	1.2297
group_4576	534	46366	86.8277	326	179.0455	163	179.0455
group_4575	276	11489	41.6268	83	88.1974	41	87.1349
group_4577	369	8379	22.7073	57	45.3039	28	44.5091
tspO	471	36564	77.6306	262	163.1426	131	163.1427
group_4580	1134	1341	1.1825	9	2.3276	4	2.0690
group_4581	465	37473	80.5871	272	171.5548	136	171.5549
group_4582	519	48111	92.6994	332	187.6108	166	187.6108
group_4584	264	10446	39.5682	73	81.0972	36	79.9863
group_4586	798	77520	97.1429	538	197.7272	269	197.7273
group_4587	462	37540	81.2554	261	165.6859	130	165.0511
group_4588	171	1134	6.6316	10	17.1511	5	17.1511
group_4589	294	21257	72.3027	157	156.6172	78	155.6196
group_4590	133	215	1.6165	2	4.4103	1	4.4103
rplI	459	45312	98.7190	316	201.9117	158	201.9117
xth	804	83736	104.1493	576	210.1133	288	210.1133
group_15047	717	0	0.0000	0	0.0000	0	0.0000
group_15048	1002	302	0.3014	2	0.5854	1	0.5854
group_4594	687	80828	117.6536	548	233.9434	274	233.9435
group_4598	192	2505	13.0469	18	27.4953	9	27.4953
group_4600	489	28014	57.2883	191	114.5543	95	113.9546
group_4602	441	30269	68.6372	220	146.3090	110	146.3091
group_4605	261	2104	8.0613	16	17.9790	8	17.9790
group_4606	435	4333	9.9609	30	20.2264	15	20.2264
group_4607	435	1478	3.3977	11	7.4164	5	6.7421
group_4609	99	0	0.0000	0	0.0000	0	0.0000
group_15904	2748	11429	4.1590	77	8.2179	38	8.1112
group_4610	429	43807	102.1142	308	210.5622	154	210.5623
group_4613	423	25983	61.4255	182	126.1880	91	126.1880
group_4612	924	1277	1.3820	9	2.8567	4	2.5392
group_4614	420	2128	5.0667	15	10.4744	7	9.7761
carA	1149	123352	107.3560	836	213.3896	418	213.3897
mrnC	417	33219	79.6619	234	164.5761	117	164.5762
group_4615	447	482	1.0783	4	2.6245	2	2.6245
sdhB	987	101256	102.5897	692	205.6250	346	205.6251
fer	408	32030	78.5049	227	163.1747	113	162.4559
ytfP	519	29890	57.5915	207	116.9742	103	116.4091
group_4617	180	0	0.0000	0	0.0000	0	0.0000
psbU	408	151	0.3701	1	0.7188	0	0.0000
fbt	1440	164365	114.1424	1109	225.8687	554	225.6651
rsfS	405	32343	79.8593	229	165.8317	114	165.1076
group_4621	1569	186515	118.8751	1259	235.3368	629	235.1499
group_4627	399	2350	5.8897	18	13.2308	9	13.2308
group_4628	654	5030	7.6911	36	16.1440	18	16.1440
group_4630	399	27613	69.2055	195	143.3338	97	142.5988
group_4631	381	2839	7.4514	19	14.6257	9	13.8559
yidH	399	11234	28.1554	77	56.5985	38	55.8635
group_4634	1137	1203	1.0580	8	2.0636	4	2.0636
aroH	402	20188	50.2189	142	103.5975	71	103.5975
sppA	822	96951	117.9453	664	236.9099	332	236.9100
group_4636	351	2385	6.7949	15	12.5335	7	11.6979
group_4637	489	38011	77.7321	261	156.5376	130	155.9379
yvlD	366	23307	63.6803	169	135.4231	84	134.6218
group_4639	390	32934	84.4462	236	177.4739	118	177.4739
group_4640	474	45226	95.4135	317	196.1408	158	195.5221
eno	1299	144105	110.9353	976	220.3574	488	220.3575
group_4643	435	1247	2.8667	9	6.0679	4	5.3937
group_4644	249	151	0.6064	1	1.1778	0	0.0000
group_4646	387	26167	67.6150	194	147.0205	97	147.0205
group_4647	387	2144	5.5401	16	12.1254	8	12.1254
group_4649	4095	7776	1.8989	53	3.7958	26	3.7242
group_4650	1236	134718	108.9951	920	218.3013	460	218.3014
group_4652	441	37273	84.5193	266	176.9009	133	176.9010
group_19135	381	5507	14.4541	38	29.2513	19	29.2513
group_19136	2196	2100	0.9563	14	1.8697	7	1.8697
group_4653	1695	1607	0.9481	11	1.9033	5	1.7303
zds	1461	172651	118.1732	1165	233.8636	582	233.6630
group_4656	726	902	1.2424	6	2.4238	3	2.4238
group_4657	375	150	0.4000	1	0.7821	0	0.0000
group_4658	1323	18742	14.1663	127	28.1534	63	27.9317
group_4659	990	4250	4.2929	29	8.5911	14	8.2949
group_4661	210	3442	16.3905	25	34.9147	12	33.5181
group_4662	240	3799	15.8292	27	32.9943	13	31.7723
group_4664	879	5369	6.1081	37	12.3452	18	12.0116
group_4665	390	2832	7.2615	20	15.0402	10	15.0402
group_4666	1059	10639	10.0463	74	20.4938	37	20.4938
group_15051	1146	0	0.0000	0	0.0000	0	0.0000
murQ	921	59995	65.1412	411	130.8788	205	130.5604
group_4668	411	15419	37.5158	114	81.3486	57	81.3486
group_4669	792	0	0.0000	0	0.0000	0	0.0000
group_4671	363	8863	24.4160	60	48.4765	30	48.4766
group_4672	369	2916	7.9024	20	15.8961	10	15.8961
group_4673	747	6534	8.7470	44	17.2750	22	17.2750
group_4674	357	5648	15.8207	41	33.6824	20	32.8609
group_4676	1179	120739	102.4080	821	204.2285	410	203.9798
hypB	717	87622	122.2064	610	249.5156	305	249.5157
group_4679	372	3156	8.4839	22	17.3447	11	17.3447
group_4682	150	0	0.0000	0	0.0000	0	0.0000
group_4683	930	10316	11.0925	69	21.7597	34	21.4444
group_4685	1089	15127	13.8907	103	27.7394	51	27.4700
group_4687	282	5784	20.5106	41	42.6404	20	41.6005
group_4689	258	0	0.0000	0	0.0000	0	0.0000
group_4690	282	0	0.0000	0	0.0000	0	0.0000
group_4691	342	4665	13.6404	33	28.2992	16	27.4417
group_4693	27483	120857	4.3975	806	8.6012	403	8.6012
group_4695	336	7457	22.1935	55	48.0076	27	47.1348
psbA	1101	13943	12.6639	94	25.0396	47	25.0396
group_14705	1113	0	0.0000	0	0.0000	0	0.0000
group_4697	399	4987	12.4987	37	27.1967	18	26.4616
group_4700	222	4093	18.4369	31	40.9539	15	39.6329
group_4701	1179	0	0.0000	0	0.0000	0	0.0000
group_4702	492	27119	55.1199	187	111.4714	93	110.8753
pglZ	2532	7649	3.0209	52	6.0232	26	6.0232
spoIIAA	327	27830	85.1070	195	174.8936	97	173.9967
group_4704	174	0	0.0000	0	0.0000	0	0.0000
group_4705	327	367	1.1223	3	2.6907	1	1.7938
petJ	321	19161	59.6916	149	136.1345	74	135.2209
metG	1653	166974	101.0127	1116	198.0060	558	198.0061
lepA	1812	229190	126.4845	1560	252.4954	780	252.4954
group_4707	405	3038	7.5012	20	14.4831	10	14.4831
group_4708	519	22313	42.9923	152	85.8941	76	85.8941
group_4710	318	2442	7.6792	17	15.6787	8	14.7564
group_4713	156	2056	13.1795	18	33.8404	9	33.8404
group_4715	285	7088	24.8702	55	56.5985	27	55.5694
group_4717	105	0	0.0000	0	0.0000	0	0.0000
group_4719	312	1247	3.9968	12	11.2801	6	11.2801
group_4720	309	27029	87.4725	192	182.2341	96	182.2342
group_4723	966	3844	3.9793	26	7.8937	13	7.8937
group_4724	303	2427	8.0099	22	21.2945	11	21.2945
group_4726	300	18085	60.2833	132	129.0446	66	129.0446
group_4727	288	1952	6.7778	14	14.2568	7	14.2568
pntA	1149	123785	107.7328	842	214.9211	421	214.9212
group_4728	246	1937	7.8740	18	21.4597	9	21.4597
group_4729	360	429	1.1917	3	2.4440	1	1.6294
group_4730	759	30978	40.8142	208	80.3727	104	80.3727
group_4734	282	10652	37.7730	81	84.2409	40	83.2009
group_4735	726	65410	90.0964	453	182.9989	226	182.5950
group_4736	393	21008	53.4555	147	109.7013	73	108.9551
kaiB	291	18041	61.9966	124	124.9729	62	124.9729
group_4738	957	98708	103.1432	669	205.0223	334	204.7159
group_4741	6030	206759	34.2884	1406	68.3841	703	68.3841
group_4746	285	1157	4.0596	8	8.2325	4	8.2325
group_4747	1296	29384	22.6728	198	44.8071	99	44.8072
group_4748	1188	1973350	1661.0690	13150	3246.3573	6575	3246.3583
group_4751	2550	6169	2.4192	43	4.9456	21	4.8305
mod	3882	20997	5.4088	143	10.8036	71	10.7280
group_4752	318	1501	4.7201	11	10.1450	5	9.2227
group_4753	255	158	0.6196	2	2.3003	1	2.3003
group_4754	915	4174	4.5617	28	8.9748	14	8.9748
group_4756	735	0	0.0000	0	0.0000	0	0.0000
lpdA	1431	168169	117.5185	1141	233.8477	570	233.6428
rpmA	270	17162	63.5630	125	135.7792	62	134.6930
group_4759	705	34834	49.4099	239	99.4250	119	99.0091
group_4761	534	3393	6.3539	24	13.1813	12	13.1813
group_4762	267	15986	59.8727	119	130.7142	59	129.6158
group_4764	996	15659	15.7219	106	31.2129	53	31.2129
group_4765	267	6311	23.6367	49	53.8235	24	52.7251
cofG	888	90924	102.3919	620	204.7697	310	204.7698
group_4768	264	14621	55.3826	105	116.6467	52	115.5358
group_4770	291	604	2.0756	4	4.0314	2	4.0314
cRR7	258	16864	65.3643	124	140.9578	62	140.9578
group_4774	255	15730	61.6863	120	138.0156	60	138.0156
group_4776	291	2754	9.4639	19	19.1491	9	18.1412
group_4777	876	2555	2.9167	18	6.0264	9	6.0264
group_4778	255	14978	58.7373	106	121.9138	53	121.9138
group_4779	261	19052	72.9962	143	160.6877	71	159.5640
group_4781	444	464	1.0450	4	2.6422	2	2.6422
group_4783	693	0	0.0000	0	0.0000	0	0.0000
ibaG	252	15100	59.9206	110	128.0204	55	128.0204
group_4788	222	453	2.0405	3	3.9633	1	2.6422
group_4790	252	16041	63.6548	117	136.1671	58	135.0034
group_4791	336	1510	4.4940	11	9.6015	5	8.7287
group_4792	729	1706	2.3402	12	4.8277	6	4.8277
cobO	606	41952	69.2277	289	139.8660	144	139.3821
group_4793	180	1351	7.5056	11	17.9229	5	16.2935
group_4794	207	514	2.4831	4	5.6673	2	5.6673
group_4795	255	379	1.4863	3	3.4504	1	2.3003
group_4797	294	0	0.0000	0	0.0000	0	0.0000
group_4799	468	0	0.0000	0	0.0000	0	0.0000
group_4800	2322	14647	6.3079	97	12.2517	48	12.1254
group_4801	240	671	2.7958	5	6.1101	2	4.8881
group_4803	306	235	0.7680	2	1.9169	1	1.9169
group_4804	243	0	0.0000	0	0.0000	0	0.0000
group_4805	243	4136	17.0206	30	36.2078	15	36.2078
group_4806	1974	56633	28.6895	381	56.6063	190	56.4578
group_4810	240	11495	47.8958	82	100.2051	41	100.2051
tilS	1128	99005	87.7704	662	172.1218	331	172.1219
rpmB	237	12088	51.0042	87	107.6609	43	106.4234
batB	1224	116626	95.2827	785	188.0941	392	187.8546
group_4816	237	4192	17.6878	35	43.3118	17	42.0744
spoU	849	62298	73.3781	421	145.4325	210	145.0871
group_4817	978	96077	98.2382	660	197.9211	330	197.9212
group_4818	777	302	0.3887	2	0.7549	1	0.7549
group_4820	210	0	0.0000	0	0.0000	0	0.0000
group_4821	339	7027	20.7286	47	40.6617	23	39.7965
group_4822	330	5939	17.9970	42	37.3269	21	37.3269
group_4823	273	8801	32.2381	60	64.4578	30	64.4578
group_4824	378	1510	3.9947	10	7.7588	5	7.7588
group_4825	342	15313	44.7749	106	90.9006	53	90.9006
group_4826	123	0	0.0000	0	0.0000	0	0.0000
group_4827	234	8079	34.5256	55	68.9341	27	67.6807
znuB	906	4379	4.8333	29	9.3876	14	9.0639
group_4829	318	9120	28.6792	66	60.8701	33	60.8701
group_4830	624	0	0.0000	0	0.0000	0	0.0000
group_4831	225	673	2.9911	5	6.5174	2	5.2139
group_4832	1071	151	0.1410	1	0.2738	0	0.0000
cobS	885	65730	74.2712	449	148.7956	224	148.4643
group_4836	1110	20352	18.3351	140	36.9907	70	36.9907
group_4837	444	3067	6.9077	19	12.5504	9	11.8899
atpG	948	105832	111.6371	728	225.2216	364	225.2217
group_4840	795	62022	78.0151	425	156.7866	212	156.4177
group_4841	1485	170269	114.6593	1161	229.2940	580	229.0966
group_4842	219	151	0.6895	1	1.3392	0	0.0000
group_4844	309	10424	33.7346	70	66.4395	35	66.4396
group_4848	282	4933	17.4929	35	36.4004	17	35.3604
group_14925	192	0	0.0000	0	0.0000	0	0.0000
group_4849	213	0	0.0000	0	0.0000	0	0.0000
group_4851	1134	94682	83.4938	643	166.2972	321	166.0386
group_4852	210	196	0.9333	2	2.7932	1	2.7932
group_4853	714	719	1.0070	6	2.4646	3	2.4646
group_4854	228	1909	8.3728	14	18.0086	7	18.0086
group_4855	270	2603	9.6407	21	22.8109	10	21.7247
group_4857	264	4967	18.8144	35	38.8822	17	37.7713
group_4859	543	26211	48.2707	186	100.4616	93	100.4616
group_4861	1413	0	0.0000	0	0.0000	0	0.0000
cbiD	1182	76319	64.5677	515	127.7841	257	127.5360
group_4862	420	28336	67.4667	201	140.3569	100	139.6587
leuB	1104	111230	100.7518	754	200.3038	377	200.3039
group_4864	438	302	0.6895	2	1.3392	1	1.3392
group_4865	987	10274	10.4093	71	21.0974	35	20.8002
group_4867	468	20878	44.6111	138	86.4809	69	86.4809
group_4869	3348	2836	0.8471	20	1.7520	10	1.7520
group_4871	852	12945	15.1937	87	29.9479	43	29.6037
group_4872	237	13337	56.2743	101	124.9856	50	123.7482
group_4873	201	1774	8.8259	13	18.9686	6	17.5094
group_4875	198	7284	36.7879	51	75.5426	25	74.0614
group_4877	384	23847	62.1016	171	130.6026	85	129.8389
group_4878	1725	0	0.0000	0	0.0000	0	0.0000
group_4880	210	147	0.7000	1	1.3966	0	0.0000
group_4881	243	12208	50.2387	88	106.2095	44	106.2095
group_4882	534	5941	11.1255	40	21.9688	20	21.9688
group_4884	339	12659	37.3422	88	76.1325	44	76.1325
group_19146	417	0	0.0000	0	0.0000	0	0.0000
group_18947	456	10879	23.8575	77	49.5237	38	48.8805
group_4886	237	1993	8.4093	16	19.7997	8	19.7997
group_4888	189	6033	31.9206	44	68.2775	22	68.2776
group_4889	537	33894	63.1173	227	123.9763	113	123.4302
group_4893	189	1392	7.3651	12	18.6211	6	18.6212
group_4894	600	1337	2.2283	9	4.3992	4	3.9104
group_4895	663	4997	7.5370	34	15.0402	17	15.0402
group_4896	792	930	1.1742	6	2.2218	3	2.2218
group_4899	915	47369	51.7694	320	102.5689	160	102.5690
group_4900	1683	83130	49.3939	565	98.4581	282	98.2838
group_4903	175	599	3.4229	4	6.7036	2	6.7036
group_4904	669	65492	97.8954	449	196.8372	224	196.3989
group_4905	192	950	4.9479	6	9.1651	3	9.1651
group_4908	636	38651	60.7720	267	123.1236	133	122.6625
group_4910	360	0	0.0000	0	0.0000	0	0.0000
group_4911	663	12615	19.0271	86	38.0428	43	38.0428
glcD	1287	131614	102.2642	887	202.1306	443	201.9028
wecB	1122	26860	23.9394	184	48.0963	92	48.0963
group_4914	340	3110	9.1471	21	18.1145	10	17.2520
group_4915	852	82410	96.7254	560	192.7682	280	192.7683
group_4917	165	1069	6.4788	10	17.7747	5	17.7747
ureE	477	31951	66.9832	224	137.7262	112	137.7263
group_4919	204	2171	10.6422	20	28.7532	10	28.7533
cobD	1116	108245	96.9937	731	192.1057	365	191.8429
group_4922	210	151	0.7190	1	1.3966	0	0.0000
group_4924	447	15312	34.2550	108	70.8603	54	70.8604
group_4925	213	2293	10.7653	19	26.1614	9	24.7845
group_4927	1635	4540	2.7768	31	5.5607	15	5.3813
group_4928	129	439	3.4031	4	9.0940	2	9.0941
group_4930	8724	807819	92.5973	5368	180.4612	2684	180.4613
group_4931	759	8274	10.9012	57	22.0252	28	21.6388
recF	1350	135430	100.3185	913	198.3463	456	198.1291
group_4933	150	0	0.0000	0	0.0000	0	0.0000
group_4936	297	0	0.0000	0	0.0000	0	0.0000
group_4939	222	1759	7.9234	13	17.1742	6	15.8531
group_4942	141	0	0.0000	0	0.0000	0	0.0000
group_4946	81	0	0.0000	0	0.0000	0	0.0000
group_4948	135	0	0.0000	0	0.0000	0	0.0000
group_4950	1686	19116	11.3381	127	22.0919	63	21.9180
psbJ	120	174	1.4500	2	4.8881	1	4.8881
dapF	909	85405	93.9549	577	186.1654	288	185.8428
bcp	453	35206	77.7174	254	164.4457	127	164.4458
group_4952	3063	26092	8.5184	175	16.7563	87	16.6606
group_4953	2562	6614	2.5816	45	5.1513	22	5.0369
group_4955	132	0	0.0000	0	0.0000	0	0.0000
group_4956	147	0	0.0000	0	0.0000	0	0.0000
group_4957	165	1786	10.8242	14	24.8846	7	24.8846
group_4958	1278	34799	27.2293	243	55.7651	121	55.5356
group_4960	117	0	0.0000	0	0.0000	0	0.0000
group_4962	5214	32968	6.3230	219	12.3186	109	12.2623
group_4964	1371	151	0.1101	1	0.2139	0	0.0000
lptF	1182	130301	110.2377	885	219.5901	442	219.3421
group_4965	2658	248619	93.5361	1336	147.4139	668	147.4140
group_4969	186	1219	6.5538	10	15.7679	5	15.7679
group_4970	1365	61483	45.0425	415	89.1667	207	88.9518
group_4972	297	0	0.0000	0	0.0000	0	0.0000
group_4973	360	0	0.0000	0	0.0000	0	0.0000
group_4974	162	1345	8.3025	9	16.2935	4	14.4831
group_4979	132	0	0.0000	0	0.0000	0	0.0000
group_4980	2628	106378	40.4787	716	79.9051	358	79.9052
group_4981	2751	73396	26.6798	490	52.2387	245	52.2387
group_4982	132	0	0.0000	0	0.0000	0	0.0000
group_4983	363	711	1.9587	5	4.0397	2	3.2318
ycf51	558	62395	111.8190	429	225.4811	214	224.9556
group_4984	984	6004	6.1016	40	11.9221	20	11.9221
group_4988	255	2007	7.8706	15	17.2519	7	16.1018
group_4989	1305	19465	14.9157	132	29.6654	66	29.6654
group_4991	420	6863	16.3405	48	33.5181	24	33.5181
group_4992	978	58731	60.0521	406	121.7515	203	121.7515
group_4993	90	0	0.0000	0	0.0000	0	0.0000
group_4994	930	1049	1.1280	9	2.8382	4	2.5229
hemB	987	5999	6.0780	41	12.1830	20	11.8858
group_4998	381	13271	34.8320	95	73.1283	47	72.3586
secF	1056	95907	90.8210	657	182.4687	328	182.1911
lldD~~~guaB	1164	1419	1.2191	10	2.5196	5	2.5196
group_18867	1242	15189	12.2295	102	24.0861	51	24.0861
panB	768	85850	111.7839	586	223.7811	293	223.7812
group_5002	1047	92227	88.0869	620	173.6729	310	173.6729
group_18876	2157	150573	69.8067	1014	137.8716	507	137.8716
group_5003	252	439	1.7421	4	4.6553	2	4.6553
ruvC	486	1013	2.0844	8	4.8277	4	4.8277
group_5004	420	804	1.9143	5	3.4915	2	2.7932
group_5005	228	11821	51.8465	84	108.0517	42	108.0517
group_5006	225	1216	5.4044	10	13.0348	5	13.0348
group_5007	2331	253298	108.6650	1706	214.6465	853	214.6465
group_5008	324	8709	26.8796	62	56.1221	31	56.1221
group_5009	555	39462	71.1027	281	148.4911	140	147.9627
group_5011	1716	6544	3.8135	45	7.6910	22	7.5201
pfkA	1215	72264	59.4765	490	118.2788	245	118.2788
group_5013	2100	13010	6.1952	85	11.8710	42	11.7313
group_5014	204	5219	25.5833	38	54.6312	19	54.6312
group_5015	906	93614	103.3267	643	208.1468	321	207.8232
group_5016	309	27599	89.3172	201	190.7764	100	189.8273
group_5017	163	151	0.9264	1	1.7993	0	0.0000
apt	519	50967	98.2023	360	203.4334	180	203.4334
group_5019	225	151	0.6711	1	1.3035	0	0.0000
group_5020	105	0	0.0000	0	0.0000	0	0.0000
nadE	1776	61974	34.8953	413	68.2015	206	68.0364
nadD	567	41588	73.3474	289	149.4864	144	148.9692
uvrB	2016	227888	113.0397	1537	223.5993	768	223.4538
group_5024	324	4586	14.1543	34	30.7766	17	30.7766
group_5025	267	2567	9.6142	17	18.6735	8	17.5750
ansA2	954	99156	103.9371	674	207.2042	337	207.2043
group_5027	285	151	0.5298	1	1.0291	0	0.0000
group_5028	1419	19558	13.7829	124	25.6287	62	25.6287
group_5029	252	14268	56.6190	112	130.3480	56	130.3481
hemH	1164	15408	13.2371	103	25.9520	51	25.7001
group_5033	273	1803	6.6044	12	12.8916	6	12.8916
nusB	654	19126	29.2446	133	59.6432	66	59.1948
group_5034	276	4425	16.0326	32	34.0038	16	34.0038
gatA	1452	85237	58.7032	574	115.9397	287	115.9398
group_5035	318	10196	32.0629	71	65.4814	35	64.5592
htpX	849	10693	12.5948	73	25.2175	36	24.8721
group_5036	276	0	0.0000	0	0.0000	0	0.0000
group_5038	249	1057	4.2450	7	8.2449	3	7.0671
group_5039	249	2141	8.5984	16	18.8455	8	18.8455
group_5040	222	73	0.3288	1	1.3211	0	0.0000
group_5041	234	2971	12.6966	21	26.3203	10	25.0669
group_5043	354	2103	5.9407	15	12.4272	7	11.5988
group_5044	408	10530	25.8088	64	46.0052	32	46.0052
group_5045	492	3620	7.3577	25	14.9026	12	14.3065
group_5046	318	1051	3.3050	7	6.4559	3	5.5336
group_5050	933	104064	111.5370	715	224.7561	357	224.4418
mgtA	2781	302214	108.6710	2010	211.9737	1005	211.9738
group_5051	243	3545	14.5885	31	37.4147	15	36.2078
group_5052	234	151	0.6453	1	1.2533	0	0.0000
group_5053	1242	755	0.6079	5	1.1807	2	0.9446
group_5054	327	12067	36.9021	85	76.2357	42	75.3388
nikD	1626	82035	50.4520	552	99.5647	276	99.5648
group_5057	414	18839	45.5048	129	91.3853	64	90.6769
group_5058	1011	79294	78.4313	540	156.6497	270	156.6498
group_5059	288	7406	25.7153	50	50.9172	25	50.9172
cypX	1332	124563	93.5158	841	185.1735	420	184.9534
alr	1263	127118	100.6477	863	200.3985	431	200.1663
group_5060	2187	239841	109.6667	1609	215.7716	804	215.6376
group_5061	711	0	0.0000	0	0.0000	0	0.0000
group_5062	381	579	1.5197	4	3.0791	2	3.0791
mlaF	786	1299	1.6527	10	3.7313	5	3.7313
dps	534	20772	38.8989	151	82.9321	75	82.3829
group_5064	2097	11724	5.5908	146	20.4193	73	20.4193
group_18685	939	1845	1.9649	13	4.0604	6	3.7480
groES	312	10497	33.6442	81	76.1408	40	75.2008
group_5065	186	0	0.0000	0	0.0000	0	0.0000
group_5067	243	549	2.2593	5	6.0346	2	4.8277
group_5068	1065	23102	21.6920	159	43.7859	79	43.5106
argH	1467	140330	95.6578	940	187.9251	470	187.9251
group_5070	2028	1510	0.7446	10	1.4462	5	1.4462
group_5075	243	151	0.6214	1	1.2069	0	0.0000
group_5076	294	764	2.5986	6	5.9854	3	5.9854
group_5077	588	29397	49.9949	207	103.2476	103	102.7489
group_5079	153	0	0.0000	0	0.0000	0	0.0000
group_5081	2670	308113	115.3981	2063	226.6079	1031	226.4981
group_5082	840	84364	100.4333	578	201.8067	289	201.8068
group_5083	1287	15534	12.0699	105	23.9275	52	23.6997
group_5086	573	2172	3.7906	16	8.1894	8	8.1894
group_5084	477	12765	26.7610	88	54.1067	44	54.1067
cHAD	1005	112959	112.3970	763	222.6617	381	222.3699
group_5087	474	5998	12.6540	42	25.9871	21	25.9871
group_5089	861	566	0.6574	4	1.3625	2	1.3625
group_16265	960	302	0.3146	2	0.6110	1	0.6110
group_5093	1044	35054	33.5766	238	66.8596	119	66.8596
group_5099	2043	6931	3.3926	46	6.6035	23	6.6035
group_15434	9771	597684	61.1692	3977	119.3723	1988	119.3423
group_5100	1047	0	0.0000	0	0.0000	0	0.0000
group_5101	369	12093	32.7724	84	66.7636	42	66.7636
group_5102	528	4522	8.5644	28	15.5529	14	15.5529
group_5104	372	1660	4.4624	11	8.6723	5	7.8840
group_5105	255	498	1.9529	4	4.6005	2	4.6005
group_5106	144	695	4.8264	6	12.2201	3	12.2201
group_5107	798	13327	16.7005	80	29.4018	40	29.4018
group_5108	1737	72124	41.5222	484	81.7208	242	81.7208
group_5110	816	0	0.0000	0	0.0000	0	0.0000
group_5111	411	17742	43.1679	116	82.7758	58	82.7758
hepA	3123	348433	111.5700	2330	218.8119	1165	218.8120
group_5113	840	49558	58.9976	335	116.9641	167	116.6150
speE	1224	111518	91.1095	741	177.5513	370	177.3117
uvrA	2913	345372	118.5623	2303	231.8678	1151	231.7672
group_5116	777	56880	73.2046	380	143.4332	190	143.4332
group_5117	879	72734	82.7463	499	166.4940	249	166.1604
group_5118	267	4589	17.1873	33	36.2485	16	35.1500
group_5120	192	1058	5.5104	8	12.2201	4	12.2201
group_5121	972	132428	136.2428	895	270.0498	447	269.7481
group_5122	306	6515	21.2908	51	48.8805	25	47.9221
group_5123	621	50657	81.5733	350	165.2964	175	165.2965
group_5125	216	151	0.6991	1	1.3578	0	0.0000
group_5126	117	108	0.9231	2	5.0134	1	5.0134
group_5127	591	2908	4.9205	20	9.9250	10	9.9250
argA	639	47574	74.4507	327	150.0838	163	149.6249
group_5129	684	104	0.1520	2	0.8576	1	0.8576
group_5133	1761	147174	83.5741	982	163.5457	491	163.5458
group_5135	99	196	1.9798	2	5.9249	1	5.9249
group_5136	1212	36463	30.0850	247	59.7697	123	59.5278
group_5139	228	0	0.0000	0	0.0000	0	0.0000
group_5140	258	1265	4.9031	9	10.2308	4	9.0941
group_5146	525	23983	45.6819	162	90.4988	81	90.4988
group_5150	1641	2462	1.5003	18	3.2170	9	3.2170
group_5151	2571	88468	34.4100	591	67.4175	295	67.3034
group_5153	219	243	1.1096	2	2.6784	1	2.6784
group_5154	1026	0	0.0000	0	0.0000	0	0.0000
group_5157	309	5316	17.2039	38	36.0672	19	36.0672
group_5159	468	35893	76.6944	250	156.6683	125	156.6684
tsf	756	75232	99.5132	517	200.5653	258	200.1774
group_5160	1122	12128	10.8093	85	22.2184	42	21.9570
group_5162	450	302	0.6711	2	1.3035	1	1.3035
group_5163	675	3628	5.3748	26	11.2968	13	11.2968
group_5165	240	2330	9.7083	17	20.7742	8	19.5522
group_5167	111	755	6.8018	8	21.1375	4	21.1375
group_5170	837	453	0.5412	3	1.0512	1	0.7008
group_5171	363	13366	36.8209	94	75.9466	47	75.9466
group_5175	441	21919	49.7029	155	103.0814	77	102.4163
pTC1	747	57080	76.4123	394	154.6901	197	154.6902
nuoK~~~ndhE	345	1683	4.8783	12	10.2012	6	10.2012
degQ	1428	146879	102.8564	992	203.7373	496	203.7373
group_5177	213	302	1.4178	2	2.7538	1	2.7538
group_5178	237	1893	7.9873	15	18.5622	7	17.3247
group_5180	981	91537	93.3099	622	185.9552	311	185.9553
group_5181	360	7655	21.2639	52	42.3631	26	42.3631
apcECpcD	879	89286	101.5768	616	205.5317	308	205.5318
group_5184	1758	18067	10.2770	121	20.1862	60	20.0193
group_5185	729	59394	81.4733	357	143.6242	178	143.2220
holA	1128	53283	47.2367	363	94.3810	181	94.1210
pdxA	2418	170935	70.6927	1150	139.4853	575	139.4854
cpsB	1080	127191	117.7694	870	236.2558	435	236.2559
group_5186	819	59691	72.8828	407	145.7463	203	145.3882
group_5188	136	507	3.7279	4	8.6260	2	8.6260
group_5189	258	1065	4.1279	8	9.0940	4	9.0941
group_5192	156	104	0.6667	2	3.7600	1	3.7600
group_5194	762	56303	73.8885	385	148.1811	192	147.7962
group_5196	213	0	0.0000	0	0.0000	0	0.0000
group_5197	306	17810	58.2026	126	120.7636	63	120.7637
group_5199	678	7982	11.7729	58	25.0891	29	25.0891
group_5200	1284	3168	2.4673	23	5.2535	11	5.0251
group_5201	312	28115	90.1122	207	194.5820	103	193.6421
group_5202	252	689	2.7341	5	5.8191	2	4.6553
group_5204	537	2666	4.9646	21	11.4692	10	10.9230
group_5206	1608	2841	1.7668	19	3.4654	9	3.2830
group_5209	399	33151	83.0852	231	169.7955	115	169.0605
group_5212	549	2112	3.8470	14	7.4790	7	7.4790
group_5215	2670	11663	4.3682	78	8.5678	39	8.5678
group_5216	444	39923	89.9167	293	193.5404	146	192.8799
group_5219	1011	56472	55.8576	384	111.3954	192	111.3954
group_5220	1704	26514	15.5599	181	31.1527	90	30.9806
nuoI	405	37006	91.3728	266	192.6254	133	192.6255
group_5221	363	21926	60.4022	159	128.4628	79	127.6549
tic20	531	43412	81.7552	320	176.7431	160	176.7432
group_5225	270	5183	19.1963	39	42.3631	19	41.2769
egtD	1011	62473	61.7933	416	120.6783	208	120.6783
group_5228	276	8045	29.1486	57	60.5693	28	59.5067
group_5229	651	70382	108.1137	491	221.2012	245	220.7508
trpS	1035	28838	27.8628	198	56.1063	99	56.1063
group_5230	1326	1257	0.9480	10	2.2118	5	2.2118
group_5231	282	0	0.0000	0	0.0000	0	0.0000
group_5232	597	45213	75.7337	311	152.7823	155	152.2911
rfe	1110	126747	114.1865	858	226.6999	429	226.7000
group_5235	969	72566	74.8875	490	148.3062	245	148.3062
frhA	1425	71272	50.0154	485	99.8192	242	99.6134
group_5242	321	302	0.9408	2	1.8273	1	1.8273
group_5243	315	9331	29.6222	66	61.4498	33	61.4498
group_5244	273	825	3.0220	6	6.4458	3	6.4458
group_5245	825	2531	3.0679	19	6.7544	9	6.3989
ynbB	1254	75004	59.8118	499	116.7051	249	116.4713
hflC	816	7531	9.2292	53	19.0490	26	18.6896
group_5247	1623	24405	15.0370	164	29.6355	82	29.6355
group_5251	348	1083	3.1121	8	6.7421	4	6.7421
group_5252	444	4277	9.6329	30	19.8164	15	19.8164
group_5254	3324	901	0.2711	6	0.5294	3	0.5294
group_5258	378	862	2.2804	7	5.4312	3	4.6553
group_5260	1188	33789	28.4419	237	58.5085	118	58.2616
group_5261	1812	154550	85.2925	1036	167.6828	518	167.6829
group_5262	1098	90479	82.4035	616	164.5377	308	164.5377
chlP	195	0	0.0000	0	0.0000	0	0.0000
group_5263	138	0	0.0000	0	0.0000	0	0.0000
group_5264	1173	10834	9.2361	73	18.2521	36	18.0020
group_5265	504	1742	3.4563	12	6.9829	6	6.9829
group_5268	168	594	3.5357	5	8.7287	2	6.9829
group_5269	1761	190582	108.2237	1277	212.6760	638	212.5096
cpxP	501	38439	76.7246	271	158.6421	135	158.0568
group_5272	1002	19841	19.8014	133	38.9288	66	38.6361
group_5274	228	796	3.4912	6	7.7180	3	7.7180
group_5277	126	0	0.0000	0	0.0000	0	0.0000
group_5276	1278	112377	87.9319	756	173.4914	378	173.4915
group_5279	1098	5291	4.8188	37	9.8829	18	9.6158
psbK	192	8230	42.8646	62	94.7060	31	94.7060
group_5280	723	974	1.3472	7	2.8395	3	2.4339
group_5281	729	299	0.4102	2	0.8046	1	0.8046
group_5284	1401	4282	3.0564	30	6.2802	15	6.2802
group_5286	1233	0	0.0000	0	0.0000	0	0.0000
thrC	1110	113527	102.2766	773	204.2413	386	203.9771
group_5291	537	49706	92.5624	354	193.3375	177	193.3375
group_5295	1230	114146	92.8016	775	184.7922	387	184.5538
group_5296	1812	2286	1.2616	16	2.5897	8	2.5897
htpG	2058	223533	108.6166	1497	213.3357	748	213.1932
group_5297	192	4687	24.4115	37	56.5181	18	54.9906
pdxI	1179	107031	90.7812	716	178.1091	358	178.1092
group_5304	1863	95388	51.2013	532	83.7502	266	83.7502
group_5306	2307	43606	18.9016	195	24.7899	97	24.6627
group_5308	462	971	2.1017	4	2.5392	2	2.5392
group_5310	387	3851	9.9509	28	21.2194	14	21.2195
mnhC	348	16632	47.7931	117	98.6038	58	97.7611
group_5312	273	706	2.5861	5	5.3715	2	4.2972
group_5313	1590	0	0.0000	0	0.0000	0	0.0000
xFP	2421	269304	111.2367	1807	218.9023	903	218.7813
group_5316	696	1359	1.9526	9	3.7925	4	3.3711
rbsK	1098	112648	102.5938	757	202.1997	378	201.9327
group_5322	234	16598	70.9316	126	157.9217	63	157.9217
group_5321	408	35705	87.5123	244	175.3948	122	175.3948
group_5325	942	90572	96.1486	616	191.7860	308	191.7860
group_5327	171	1732	10.1287	16	27.4417	8	27.4417
group_5326	948	110537	116.6002	788	243.7838	394	243.7839
proA	1248	129070	103.4215	868	203.9821	434	203.9822
group_5328	816	1920	2.3529	13	4.6724	6	4.3130
group_5330	393	13310	33.8677	97	72.3879	48	71.6417
group_5331	1374	107613	78.3210	729	155.6065	364	155.3931
group_5334	288	520	1.8056	4	4.0734	2	4.0734
group_5335	873	9272	10.6208	63	21.1648	31	20.8288
typA	1794	201491	112.3138	1358	222.0058	679	222.0059
group_5336	1128	105938	93.9167	720	187.2020	360	187.2020
group_5338	864	6574	7.6088	47	15.9541	23	15.6146
group_5340	426	13027	30.5798	96	66.0920	48	66.0920
ndh	1701	120221	70.6767	808	139.3138	404	139.3138
group_5343	238	10587	44.4832	79	97.3503	39	96.1180
group_5344	1140	480	0.4211	6	1.5436	3	1.5436
group_5345	489	2482	5.0757	18	10.7957	9	10.7957
ftsW	1218	133294	109.4368	904	217.6748	452	217.6749
pstA	897	39254	43.7614	261	85.3365	130	85.0096
group_5350	3351	402391	120.0809	2696	235.9568	1348	235.9569
group_5351	216	726	3.3611	8	10.8623	4	10.8623
fAS1	588	41337	70.3010	281	140.1574	140	139.6587
livK	1616	173741	107.5130	1168	211.9769	584	211.9769
group_5352	939	755	0.8040	5	1.5617	2	1.2493
group_5353	1356	143355	105.7190	968	209.3643	484	209.3644
potA	1101	112949	102.5876	769	204.8453	384	204.5790
group_5356	540	7757	14.3648	57	30.9577	28	30.4146
group_5359	1827	2385	1.3054	16	2.5684	8	2.5684
group_5362	738	17097	23.1667	116	46.0987	58	46.0987
group_5363	612	53333	87.1454	372	178.2701	186	178.2702
group_5365	1248	1093	0.8758	9	2.1150	4	1.8800
group_5367	1143	0	0.0000	0	0.0000	0	0.0000
group_5368	264	556	2.1061	4	4.4437	2	4.4437
tagG	819	84669	103.3810	586	209.8460	293	209.8461
eVE	477	42960	90.0629	300	184.4548	150	184.4548
group_5377	318	29087	91.4686	217	200.1334	108	199.2112
group_5378	459	27109	59.0610	187	119.4857	93	118.8468
group_5380	333	1491	4.4775	10	8.8073	5	8.8073
group_5385	852	599	0.7031	4	1.3769	2	1.3769
yebA	849	70018	82.4711	475	164.0865	237	163.7411
group_5386	336	9966	29.6607	69	60.2278	34	59.3549
group_5387	816	1384	1.6961	10	3.5942	5	3.5942
group_5389	156	868	5.5641	8	15.0402	4	15.0402
group_5390	795	20422	25.6881	140	51.6473	70	51.6474
group_5391	135	0	0.0000	0	0.0000	0	0.0000
trhO	813	15884	19.5375	110	39.6816	55	39.6816
group_5392	2436	252433	103.6260	1687	203.1070	843	202.9866
group_5394	1119	82430	73.6640	558	146.2484	279	146.2484
group_5403	1527	4166	2.7282	29	5.5699	14	5.3778
group_5398	684	49740	72.7193	335	143.6401	167	143.2114
group_5399	2463	31375	12.7385	212	25.2440	106	25.2440
group_5400	561	1345	2.3975	9	4.7051	4	4.1823
group_5402	1188	109170	91.8939	736	181.6973	368	181.6973
group_5404	195	6531	33.4923	50	75.2008	25	75.2008
group_5405	690	74660	108.2029	514	218.4746	257	218.4747
group_5410	822	73380	89.2701	506	180.5368	253	180.5368
group_5411	459	35820	78.0392	251	160.3792	125	159.7403
group_5414	168	0	0.0000	0	0.0000	0	0.0000
group_5419	309	207	0.6699	2	1.8983	1	1.8983
rfbD	879	84641	96.2924	575	191.8518	287	191.5182
bioB	1095	108718	99.2858	737	197.3969	368	197.1291
lspA	555	40882	73.6613	280	147.9626	140	147.9627
dadA	1194	113300	94.8911	757	185.9425	378	185.6969
group_5422	945	20632	21.8328	143	44.3804	71	44.0701
group_5423	945	26061	27.5778	178	55.2427	89	55.2428
group_5424	999	52191	52.2432	355	104.2197	177	103.9262
group_5425	144	829	5.7569	8	16.2935	4	16.2935
group_5430	330	453	1.3727	3	2.6662	1	1.7775
group_5432	327	0	0.0000	0	0.0000	0	0.0000
bchB	1527	163156	106.8474	1102	211.6555	551	211.6556
group_5433	162	0	0.0000	0	0.0000	0	0.0000
group_5435	879	85989	97.8259	581	193.8538	290	193.5202
group_5437	1185	302	0.2549	2	0.4950	1	0.4950
group_5442	1338	67062	50.1211	446	97.7610	223	97.7611
group_5445	318	1177	3.7013	10	9.2227	5	9.2227
lCB5	1131	94529	83.5800	631	163.6265	315	163.3673
group_5446	195	8193	42.0154	61	91.7450	30	90.2410
petM	267	3691	13.8240	28	30.7563	14	30.7563
yfcH	948	106264	112.0928	724	223.9841	362	223.9842
group_5447	915	97665	106.7377	664	212.8306	332	212.8306
group_5449	216	11373	52.6528	86	116.7701	43	116.7702
group_5450	456	0	0.0000	0	0.0000	0	0.0000
nuoF	1608	184236	114.5746	1245	227.0755	622	226.8932
group_5455	300	151	0.5033	1	0.9776	0	0.0000
argB	942	89934	95.4713	617	192.0973	308	191.7860
plsC	921	96494	104.7709	650	206.9859	325	206.9860
group_5457	768	69398	90.3620	487	185.9751	243	185.5933
group_5458	993	61868	62.3041	412	121.6844	206	121.6845
group_5460	651	25328	38.9063	173	77.9385	86	77.4880
cysH	822	88619	107.8090	607	216.5728	303	216.2161
group_5463	261	1926	7.3793	14	15.7317	7	15.7317
group_5464	1032	2175	2.1076	14	3.9786	7	3.9786
group_5465	1188	31946	26.8906	158	39.0057	79	39.0057
group_5469	258	8260	32.0155	64	72.7524	32	72.7524
group_5471	222	7412	33.3874	53	70.0180	26	68.6970
psbY	120	180	1.5000	2	4.8881	1	4.8881
group_5474	567	49562	87.4109	352	182.0734	176	182.0735
group_5478	849	0	0.0000	0	0.0000	0	0.0000
mobA	693	42627	61.5108	287	121.4607	143	121.0375
group_5484	564	48889	86.6826	337	175.2418	168	174.7219
group_5486	408	11269	27.6201	76	54.6312	38	54.6312
group_5488	609	12589	20.6716	87	41.8976	43	41.4160
add	1041	115382	110.8377	787	221.7231	393	221.4415
ruvX	522	26975	51.6762	186	104.5032	93	104.5032
group_5490	255	1503	5.8941	13	14.9517	6	13.8016
group_5492	774	30796	39.7881	202	76.5416	101	76.5416
group_5493	1323	27076	20.4656	182	40.3458	91	40.3458
group_5494	1515	1815	1.1980	12	2.3230	6	2.3230
group_5495	918	54375	59.2320	371	118.5273	185	118.2078
sbcD	1356	143141	105.5612	963	208.2829	481	208.0667
group_5501	447	6223	13.9217	43	28.2129	21	27.5568
group_5502	159	0	0.0000	0	0.0000	0	0.0000
group_5503	243	9425	38.7860	69	83.2779	34	82.0710
mtnB	636	62573	98.3852	427	196.9055	213	196.4444
mrr	945	77785	82.3122	524	162.6247	262	162.6247
group_5505	255	0	0.0000	0	0.0000	0	0.0000
group_5506	759	3994	5.2622	28	10.8194	14	10.8194
group_5507	792	21252	26.8333	144	53.3242	72	53.3242
group_5508	600	12497	20.8283	87	42.5260	43	42.0373
group_5509	354	2291	6.4718	17	14.0842	8	13.2557
group_5510	882	28654	32.4875	199	66.1716	99	65.8391
group_5511	525	15128	28.8152	107	59.7739	53	59.2153
vapB6	306	16507	53.9444	116	111.1792	58	111.1792
group_5513	363	20170	55.5647	145	117.1516	72	116.3437
group_5515	567	5653	9.9700	40	20.6902	20	20.6902
group_5517	951	85160	89.5478	574	177.0184	287	177.0184
hdrB	948	100766	106.2932	692	214.0843	346	214.0843
rlmL	1164	147425	126.6538	991	249.6938	495	249.4419
fkpA	519	45774	88.1965	311	175.7438	155	175.1788
group_5519	258	14911	57.7946	111	126.1799	55	125.0432
group_5521	837	4820	5.7587	36	12.6143	18	12.6143
group_5524	306	7536	24.6275	53	50.7974	26	49.8390
group_5526	288	874	3.0347	6	6.1101	3	6.1101
group_5527	234	2833	12.1068	23	28.8270	11	27.5736
group_5529	1083	1786	1.6491	13	3.5205	6	3.2497
group_5530	372	7002	18.8226	50	39.4198	25	39.4198
fixC	1302	110623	84.9639	748	168.4914	374	168.4914
group_5533	678	7646	11.2773	51	22.0611	25	21.6286
mraY	1101	111760	101.5077	757	201.6488	378	201.3825
group_5534	393	22978	58.4682	156	116.4177	78	116.4177
group_5535	297	8933	30.0774	64	63.1990	32	63.1991
group_5537	363	15838	43.6309	108	87.2578	54	87.2578
group_5541	279	5173	18.5412	36	37.8430	18	37.8430
uppS	750	68247	90.9960	469	183.3997	234	183.0087
lysA	1404	147662	105.1724	995	207.8466	497	207.6378
group_5546	504	9455	18.7599	64	37.2423	32	37.2423
group_5547	165	0	0.0000	0	0.0000	0	0.0000
group_5548	804	71551	88.9938	490	178.7422	245	178.7422
group_5549	231	2057	8.9048	16	20.3140	8	20.3140
erfK	513	43174	84.1598	301	172.0823	150	171.5106
udg4	678	62841	92.6858	435	188.1683	217	187.7358
group_5550	1989	17899	8.9990	124	18.2841	62	18.2841
group_5551	4824	65206	13.5170	392	23.8323	196	23.8323
group_5552	555	39796	71.7045	276	145.8489	138	145.8489
mnmE	1374	37311	27.1550	251	53.5765	125	53.3630
group_5553	399	17277	43.3008	119	87.4704	59	86.7354
group_5554	837	4187	5.0024	28	9.8111	14	9.8111
group_5555	636	54559	85.7846	369	170.1595	184	169.6984
group_5556	418	4736	11.3301	37	25.9605	18	25.2588
group_5559	255	448	1.7569	3	3.4504	1	2.3003
group_5558	1173	116056	98.9395	781	195.2720	390	195.0221
group_5560	258	7164	27.7674	50	56.8378	25	56.8378
group_5561	273	9461	34.6557	76	81.6466	38	81.6466
group_5562	621	5727	9.2222	41	19.3633	20	18.8910
group_5568	222	597	2.6892	4	5.2844	2	5.2844
group_5565	531	1209	2.2768	9	4.9709	4	4.4186
group_5569	2070	323	0.1560	6	0.8501	3	0.8501
group_5574	210	11171	53.1952	80	111.7269	40	111.7269
group_5575	213	4727	22.1925	36	49.5690	18	49.5690
group_5578	243	1012	4.1646	7	8.4485	3	7.2416
group_5580	306	6931	22.6503	49	46.9636	24	46.0052
group_5582	417	1317	3.1583	9	6.3299	4	5.6265
group_5584	759	79439	104.6627	547	211.3648	273	210.9784
group_5585	216	8026	37.1574	60	81.4675	30	81.4675
group_5586	168	316	1.8810	4	6.9829	2	6.9829
group_5587	3207	0	0.0000	0	0.0000	0	0.0000
group_5589	345	23704	68.7072	166	141.1159	83	141.1160
group_5590	336	10305	30.6696	80	69.8293	40	69.8293
group_5592	690	10594	15.3536	73	31.0285	36	30.6035
group_5593	189	0	0.0000	0	0.0000	0	0.0000
group_5594	147	0	0.0000	0	0.0000	0	0.0000
group_5595	267	5659	21.1948	40	43.9375	20	43.9376
group_5597	234	753	3.2179	5	6.2667	2	5.0134
group_5598	273	0	0.0000	0	0.0000	0	0.0000
group_5599	297	0	0.0000	0	0.0000	0	0.0000
psbN	237	2336	9.8565	18	22.2747	9	22.2747
psbN~~~psbN1	132	0	0.0000	0	0.0000	0	0.0000
group_5602	447	20282	45.3736	145	95.1366	72	94.4805
group_5604	387	25155	65.0000	175	132.6215	87	131.8638
group_5606	388	34172	88.0722	246	185.9475	123	185.9476
group_5607	450	261	0.5800	2	1.3035	1	1.3035
group_5611	258	2332	9.0388	16	18.1881	8	18.1881
cpcT2	603	52894	87.7181	373	181.4172	186	180.9309
group_5613	747	71348	95.5127	492	193.1664	246	193.1664
sunT	2667	239883	89.9449	1588	174.6282	794	174.6283
surA	735	5376	7.3143	39	15.5620	19	15.1629
ftsQ	885	14591	16.4870	100	33.1393	50	33.1393
group_5617	450	3217	7.1489	22	14.3383	11	14.3383
group_5619	741	5029	6.7868	34	13.4570	17	13.4570
group_5620	1059	91396	86.3041	618	171.1510	309	171.1511
group_5622	621	3165	5.0966	21	9.9178	10	9.4455
group_5624	357	14162	39.6695	99	81.3306	49	80.5091
ffh	1446	141532	97.8783	958	194.3051	479	194.3052
group_5625	276	0	0.0000	0	0.0000	0	0.0000
group_5629	180	0	0.0000	0	0.0000	0	0.0000
group_5630	429	3264	7.6084	24	16.4074	12	16.4075
group_5631	432	2387	5.5255	18	12.2201	9	12.2201
group_5632	366	13041	35.6311	87	69.7148	43	68.9135
nifU	237	10779	45.4810	78	96.5235	39	96.5236
group_5633	246	6253	25.4187	46	54.8416	23	54.8416
group_5635	720	10869	15.0958	72	29.3283	36	29.3283
group_5636	642	9010	14.0343	60	27.4096	30	27.4096
group_5638	420	7821	18.6214	55	38.4061	27	37.7078
group_19150	171	573	3.3509	6	10.2906	3	10.2906
group_5642	138	429	3.1087	4	8.5010	2	8.5010
group_5643	378	3043	8.0503	23	17.8453	11	17.0694
group_5644	447	302	0.6756	2	1.3122	1	1.3122
uppP	951	67962	71.4637	467	144.0202	233	143.7118
ulaG	849	66856	78.7468	459	158.5594	229	158.2140
group_5652	276	4943	17.9094	33	35.0665	16	34.0038
group_5653	2013	8889	4.4158	56	8.1589	28	8.1589
group_5655	303	406	1.3399	3	2.9038	1	1.9359
group_5656	237	0	0.0000	0	0.0000	0	0.0000
group_5657	1131	0	0.0000	0	0.0000	0	0.0000
group_5659	822	1475	1.7944	10	3.5679	5	3.5679
group_5664	354	21192	59.8644	145	120.1301	72	119.3016
group_5665	234	0	0.0000	0	0.0000	0	0.0000
group_5666	198	151	0.7626	1	1.4812	0	0.0000
group_5668	351	11575	32.9772	83	69.3518	41	68.5163
cbiQ	813	71011	87.3444	486	175.3205	243	175.3206
group_5671	387	14825	38.3075	109	82.6043	54	81.8465
group_5673	138	0	0.0000	0	0.0000	0	0.0000
group_5676	1935	1729	0.8935	12	1.8188	6	1.8188
group_5678	3450	12529	3.6316	83	7.0558	41	6.9708
ftsH	1908	197106	103.3050	1327	203.9762	663	203.8226
group_5682	2871	61343	21.3664	411	41.9851	205	41.8830
group_5681	363	6713	18.4931	48	38.7812	24	38.7812
trmFO	1338	128861	96.3087	882	193.3301	441	193.3302
group_5684	933	0	0.0000	0	0.0000	0	0.0000
aslA	2457	181322	73.7981	1210	144.4333	605	144.4333
group_5692	423	11286	26.6809	78	54.0806	39	54.0806
group_5694	891	98223	110.2391	670	220.5383	335	220.5384
group_5695	246	446	1.8130	3	3.5766	1	2.3844
group_5696	375	16523	44.0613	110	86.0297	55	86.0297
group_5697	417	35070	84.1007	238	167.3894	119	167.3894
group_5699	1320	88261	66.8644	604	134.1992	302	134.1993
ftsH2	1887	237975	126.1129	1607	249.7647	803	249.6093
group_5701	864	10798	12.4977	66	22.4036	33	22.4036
group_5702	1149	124662	108.4961	817	208.5398	408	208.2847
group_5704	195	838	4.2974	7	10.5281	3	9.0241
yrpB	1575	147903	93.9067	993	184.9080	496	184.7218
group_5707	489	145	0.2965	1	0.5998	0	0.0000
group_5708	1098	1081	0.9845	8	2.1369	4	2.1369
rlpA	906	85326	94.1788	590	190.9901	295	190.9901
group_5712	123	0	0.0000	0	0.0000	0	0.0000
group_5714	396	3347	8.4520	24	17.7747	12	17.7747
group_5715	243	8749	36.0041	62	74.8294	31	74.8295
flgJ	1551	31182	20.1044	210	39.7095	105	39.7095
group_5721	816	14648	17.9510	100	35.9416	50	35.9416
group_5719	1017	6568	6.4582	44	12.6887	22	12.6888
group_5720	1173	2003	1.7076	15	3.7504	7	3.5004
group_5722	666	65126	97.7868	457	201.2468	228	200.8065
group_5723	165	0	0.0000	0	0.0000	0	0.0000
group_5727	1233	1655	1.3423	11	2.6165	5	2.3786
group_5729	528	1597	3.0246	12	6.6655	6	6.6655
sSL2	1515	164367	108.4931	1116	216.0422	558	216.0423
yciI	267	9236	34.5918	63	69.2016	31	68.1032
group_5731	1521	148100	97.3702	996	192.0512	498	192.0513
group_5733	1677	53584	31.9523	359	62.7839	179	62.6090
group_5736	1176	92864	78.9660	635	158.3629	317	158.1135
group_5735	1302	121867	93.5998	825	185.8361	412	185.6109
group_5737	4032	410021	101.6917	2717	197.6315	1358	197.5588
bcsA	1185	98112	82.7949	664	164.3375	332	164.3376
group_5740	216	1208	5.5926	8	10.8623	4	10.8623
rbcS	1965	237374	120.8010	1574	234.9250	787	234.9250
group_5741	1287	91175	70.8430	618	140.8306	309	140.8306
mutS2	2370	266007	112.2392	1794	222.0042	897	222.0042
group_5743	807	605	0.7497	4	1.4537	2	1.4537
cHASE3	1425	134038	94.0618	896	184.4082	448	184.4082
group_5745	1413	138809	98.2371	946	196.3523	473	196.3524
yqiK	1338	131405	98.2100	885	193.9877	442	193.7686
group_5750	135	263	1.9481	2	4.3449	1	4.3449
group_5751	768	50837	66.1940	346	132.1301	173	132.1302
nfnB	1515	175107	115.5822	1183	229.0125	591	228.8190
purU	855	73087	85.4819	495	169.7955	247	169.4525
nifJ	3555	417943	117.5648	2794	230.5015	1397	230.5016
group_5752	1194	8188	6.8576	56	13.7553	28	13.7553
ycbJ	1170	22991	19.6504	156	39.1044	78	39.1044
group_5756	306	0	0.0000	0	0.0000	0	0.0000
group_5758	1455	74849	51.4426	501	100.9861	250	100.7846
group_5759	870	74782	85.9563	510	171.9246	255	171.9246
group_5760	342	8130	23.7719	56	48.0230	28	48.0230
group_5761	420	21503	51.1976	147	102.6491	73	101.9508
urtA	1317	135984	103.2528	927	206.4339	463	206.2113
sasA	1155	114381	99.0312	771	195.7760	385	195.5221
group_5767	3117	27687	8.8826	178	16.7483	89	16.7483
group_5768	3156	147310	46.6762	988	91.8136	494	91.8136
group_5770	1128	74314	65.8812	511	132.8614	255	132.6014
group_5771	264	0	0.0000	0	0.0000	0	0.0000
group_5772	1029	43227	42.0087	291	82.9401	145	82.6551
group_5773	1215	704	0.5794	6	1.4483	3	1.4483
radC	765	74481	97.3608	514	197.0556	257	197.0556
group_5775	1014	110596	109.0690	762	220.3962	381	220.3962
fAU1	600	57600	96.0000	395	193.0780	197	192.5893
group_5776	432	38943	90.1458	275	186.6964	137	186.0176
group_5777	708	5024	7.0960	35	14.4985	17	14.0842
group_5778	1365	594	0.4352	4	0.8594	2	0.8594
group_5779	651	70188	107.8157	501	225.7063	250	225.2559
wcaJ	999	105003	105.1081	725	212.8431	362	212.5496
rnd	840	62239	74.0940	429	149.7839	214	149.4348
group_5780	213	160	0.7512	2	2.7538	1	2.7538
group_5781	987	9096	9.2158	63	18.7202	31	18.4231
group_5782	379	31554	83.2559	225	174.1126	112	173.3389
group_5783	696	59294	85.1925	400	168.5535	200	168.5535
group_5785	939	31064	33.0820	212	66.2151	106	66.2152
glyQ	912	105639	115.8322	750	241.1867	375	241.1868
group_5791	363	6522	17.9669	49	39.5892	24	38.7812
group_5793	2634	28729	10.9070	198	22.0463	99	22.0463
group_5797	1167	769	0.6590	6	1.5079	3	1.5079
group_5801	807	7207	8.9306	50	18.1712	25	18.1712
group_5802	891	453	0.5084	3	0.9875	1	0.6583
group_5803	195	172	0.8821	2	3.0080	1	3.0080
mscS	1062	117022	110.1902	795	219.5481	397	219.2720
group_5805	318	24309	76.4434	177	163.2425	88	162.3202
group_5806	1026	1765	1.7203	12	3.4302	6	3.4302
ilvC	993	122352	123.2145	839	247.7991	419	247.5038
group_5807	249	302	1.2129	2	2.3557	1	2.3557
pilM	1200	106005	88.3375	710	173.5258	355	173.5259
group_5809	1305	2026	1.5525	13	2.9216	6	2.6969
group_5810	765	2926	3.8248	20	7.6675	10	7.6675
group_5811	1041	1057	1.0154	7	1.9721	3	1.6904
group_5815	477	24385	51.1216	161	98.9907	80	98.3759
group_5818	255	1515	5.9412	11	12.6514	5	11.5013
group_5819	183	1449	7.9180	12	19.2317	6	19.2317
group_5821	189	151	0.7989	1	1.5518	0	0.0000
group_5822	978	798	0.8160	6	1.7993	3	1.7993
group_5823	984	73977	75.1799	505	150.5162	252	150.2182
group_5824	1182	28397	24.0245	197	48.8805	98	48.6324
group_5825	375	12241	32.6427	89	69.6059	44	68.8238
group_5827	852	6595	7.7406	45	15.4903	22	15.1461
group_5828	1938	15992	8.2518	107	16.1926	53	16.0413
group_5830	726	4202	5.7879	28	11.3112	14	11.3112
group_5832	564	2524	4.4752	18	9.3601	9	9.3601
group_5837	540	35277	65.3278	241	130.8912	120	130.3481
group_5839	453	5591	12.3422	43	27.8392	21	27.1918
group_5840	849	11271	13.2756	76	26.2538	38	26.2539
glmU	1377	62521	45.4038	429	91.3714	214	91.1585
group_5841	165	172	1.0424	2	3.5549	1	3.5549
group_5842	567	19733	34.8025	139	71.8983	69	71.3811
group_5843	207	0	0.0000	0	0.0000	0	0.0000
petG	117	0	0.0000	0	0.0000	0	0.0000
ftrB	366	30532	83.4208	221	177.0917	110	176.2904
lptA	573	33399	58.2880	224	114.6517	112	114.6517
group_5845	14469	443538	30.6544	2811	56.9783	1405	56.9580
group_5846	522	33656	64.4751	234	131.4717	117	131.4718
hypD	1248	133435	106.9191	899	211.2672	449	211.0323
comFC	648	60492	93.3519	413	186.9227	206	186.4702
group_5848	669	23465	35.0747	158	69.2657	79	69.2657
mtnX	753	64942	86.2444	438	170.5949	219	170.5950
group_5852	441	37473	84.9728	262	174.2407	131	174.2408
group_5853	420	6487	15.4452	49	34.2164	24	33.5181
group_5854	102	112	1.0980	2	5.7506	1	5.7507
sixA	495	39173	79.1374	280	165.8975	140	165.8976
group_5855	456	26026	57.0746	178	114.4833	89	114.4833
group_5856	429	10664	24.8578	78	53.3242	39	53.3242
group_5858	198	1016	5.1313	8	11.8498	4	11.8498
group_5861	408	19506	47.8088	144	103.5117	72	103.5117
yvaK	654	48657	74.3991	339	152.0229	169	151.5745
group_5863	1308	0	0.0000	0	0.0000	0	0.0000
group_5864	1293	401	0.3101	3	0.6805	1	0.4536
group_5866	387	923	2.3850	7	5.3049	3	4.5470
group_5867	378	1711	4.5265	12	9.3106	6	9.3106
group_5868	2190	550	0.2511	6	0.8035	3	0.8035
group_5870	354	6216	17.5593	44	36.4533	22	36.4533
group_5871	375	302	0.8053	2	1.5642	1	1.5642
group_5872	363	1998	5.5041	14	11.3112	7	11.3112
group_5874	330	7761	23.5182	59	52.4355	29	51.5467
group_5876	309	5373	17.3883	41	38.9146	20	37.9655
group_5878	1713	24364	14.2230	157	26.8800	78	26.7088
group_5879	123	174	1.4146	2	4.7688	1	4.7688
group_5880	240	14718	61.3250	107	130.7554	53	129.5334
group_5881	180	966	5.3667	7	11.4055	3	9.7761
group_5883	1419	296	0.2086	2	0.4134	1	0.4134
group_5887	246	1294	5.2602	10	11.9221	5	11.9221
group_5891	210	0	0.0000	0	0.0000	0	0.0000
group_5892	246	2381	9.6789	16	19.0753	8	19.0753
nifS	401	32859	81.9426	230	168.2172	115	168.2173
group_5894	303	8240	27.1947	62	60.0117	31	60.0117
group_5898	390	24373	62.4949	166	124.8333	83	124.8334
group_5899	354	3908	11.0395	29	24.0260	14	23.1975
group_5900	330	4318	13.0848	31	27.5508	15	26.6621
group_5902	390	13012	33.3641	89	66.9287	44	66.1767
group_5903	258	298	1.1550	2	2.2735	1	2.2735
group_5904	339	866	2.5546	6	5.1909	3	5.1909
group_5908	366	18545	50.6694	142	113.7874	71	113.7875
group_5909	195	7076	36.2872	51	76.7048	25	75.2008
group_5910	1047	98800	94.3649	680	190.4799	340	190.4800
group_5912	513	4289	8.3606	29	16.5794	14	16.0077
group_5913	444	302	0.6802	2	1.3211	1	1.3211
group_5914	858	4798	5.5921	32	10.9383	16	10.9383
moaC	525	43965	83.7429	299	167.0317	149	166.4731
group_5921	333	972	2.9189	8	7.0458	4	7.0458
group_5920	477	28044	58.7925	192	118.0511	96	118.0511
group_5924	390	12900	33.0769	90	67.6807	45	67.6807
group_5926	381	14632	38.4042	102	78.5167	51	78.5168
group_5927	414	3364	8.1256	25	17.7103	12	17.0019
group_5928	345	0	0.0000	0	0.0000	0	0.0000
group_5929	993	68093	68.5730	468	138.2241	234	138.2241
group_5931	3021	6969	2.3069	46	4.4657	23	4.4657
group_5932	1152	8273	7.1814	55	14.0022	27	13.7476
murB	879	3381	3.8464	24	8.0077	12	8.0077
group_5933	417	22986	55.1223	167	117.4539	83	116.7506
group_5935	510	10250	20.0980	69	39.6795	34	39.1044
group_5938	1635	2192	1.3407	15	2.6907	7	2.5113
group_5939	558	0	0.0000	0	0.0000	0	0.0000
group_5940	393	453	1.1527	3	2.2388	1	1.4925
group_5941	666	1710	2.5676	11	4.8440	5	4.4037
phaE	1161	90427	77.8872	608	153.5884	304	153.5884
group_5945	1275	143728	112.7278	962	221.2850	481	221.2850
group_5946	1065	856	0.8038	6	1.6523	3	1.6523
group_5951	801	71311	89.0275	491	179.7778	245	179.4117
hugZ	282	6317	22.4007	42	43.6805	21	43.6805
group_5954	5100	414214	81.2184	2768	159.1780	1384	159.1780
atpD	1410	16072	11.3986	110	22.8802	55	22.8802
group_5955	1350	0	0.0000	0	0.0000	0	0.0000
group_5956	1320	1235	0.9356	8	1.7775	4	1.7775
group_5960	216	4732	21.9074	34	46.1649	17	46.1649
group_5961	129	1171	9.0775	11	25.0086	5	22.7351
group_5963	909	0	0.0000	0	0.0000	0	0.0000
group_5964	1071	3719	3.4725	25	6.8460	12	6.5722
group_5965	1758	252	0.1433	2	0.3337	1	0.3337
group_5966	1092	19265	17.6419	128	34.3775	64	34.3775
group_5967	1200	3181	2.6508	23	5.6213	11	5.3769
group_5968	1134	4464	3.9365	30	7.7588	15	7.7588
group_5969	987	903	0.9149	6	1.7829	3	1.7829
group_5971	942	98907	104.9968	672	209.2211	336	209.2211
group_5973	1134	118177	104.2125	807	208.7120	403	208.4535
dacB	936	54694	58.4338	368	115.3079	184	115.3079
group_5974	285	18990	66.6316	137	140.9817	68	139.9527
group_5975	627	302	0.4817	2	0.9355	1	0.9355
group_5976	1764	93533	53.0232	625	103.9127	312	103.7464
rpsJ	384	32005	83.3464	226	172.6093	113	172.6094
fusA	1443	144186	99.9210	973	197.7578	486	197.5546
group_5978	1482	164122	110.7436	1111	219.8634	555	219.6655
group_5980	1038	10772	10.3776	73	20.6259	36	20.3433
glgP	2616	95968	36.6850	630	70.6301	315	70.6301
group_5981	654	37155	56.8119	257	115.2504	128	114.8020
group_5983	2712	186241	68.6729	1240	134.0970	620	134.0970
group_5984	879	10696	12.1684	73	24.3568	36	24.0232
group_5985	1203	76549	63.6318	517	126.0410	258	125.7973
group_5986	381	20460	53.7008	132	101.6099	66	101.6099
group_5987	243	236	0.9712	2	2.4139	1	2.4139
yobV	882	86375	97.9308	588	195.5221	294	195.5221
group_5988	1389	6283	4.5234	43	9.0793	21	8.8682
group_5989	1164	9001	7.7328	60	15.1177	30	15.1177
group_5992	1173	112262	95.7050	753	188.2712	376	188.0213
sPS1	1425	135410	95.0246	895	184.2024	447	183.9966
group_5993	537	3757	6.9963	28	15.2922	14	15.2922
group_5994	729	46225	63.4088	317	127.5319	158	127.1296
group_5995	1440	449	0.3118	3	0.6110	1	0.4073
group_5997	852	44734	52.5047	307	105.6783	153	105.3341
group_5998	1425	119455	83.8281	795	163.6211	397	163.4153
group_6001	654	7527	11.5092	52	23.3191	26	23.3192
group_6002	306	21213	69.3235	154	147.6000	77	147.6000
group_6008	363	12490	34.4077	88	71.0989	44	71.0990
group_6009	813	62594	76.9914	426	153.6760	213	153.6761
group_6011	96	0	0.0000	0	0.0000	0	0.0000
group_6013	351	3949	11.2507	27	22.5602	13	21.7247
group_6014	669	4645	6.9432	31	13.5901	15	13.1517
group_6017	297	2257	7.5993	16	15.7998	8	15.7998
psbP	549	49769	90.6539	358	191.2483	179	191.2484
group_6018	148	0	0.0000	0	0.0000	0	0.0000
group_6021	435	16593	38.1448	116	78.2088	58	78.2088
group_6023	780	672	0.8615	5	1.8800	2	1.5040
group_6025	1629	52172	32.0270	347	62.4734	173	62.2934
group_6029	966	724	0.7495	6	1.8216	3	1.8216
group_6030	1731	119257	68.8949	799	135.3745	399	135.2051
amtB~~~amt	1560	147000	94.2308	984	184.9939	492	184.9940
group_6032	696	7864	11.2989	55	23.1761	27	22.7547
group_6034	291	18331	62.9931	132	133.0356	66	133.0357
group_6035	915	71028	77.6262	473	151.6097	236	151.2892
group_6038	306	7526	24.5948	55	52.7143	27	51.7559
group_6039	198	4432	22.3838	30	44.4368	15	44.4368
group_6042	282	11020	39.0780	78	81.1209	39	81.1209
group_6043	471	32497	68.9958	234	145.7075	117	145.7076
group_6044	444	4788	10.7838	35	23.1192	17	22.4586
group_6045	351	1257	3.5812	9	7.5201	4	6.6845
group_6047	6405	457054	71.3589	3048	139.5670	1524	139.5671
entF2	3900	300701	77.1028	2000	150.4016	1000	150.4016
group_6048	540	21589	39.9796	149	80.9244	74	80.3813
group_6050	420	3362	8.0048	24	16.7590	12	16.7590
group_6051	1188	355199	298.9891	2358	582.1225	1179	582.1227
group_6052	1377	36634	26.6042	247	52.6078	123	52.3948
fabF	1251	149498	119.5028	1021	239.3621	510	239.1278
group_6053	228	172	0.7544	2	2.5727	1	2.5727
group_6054	723	77370	107.0124	523	212.1536	261	211.7480
group_6055	561	42231	75.2781	289	151.0852	144	150.5625
group_6056	558	2404	4.3082	17	8.9351	8	8.4096
znuC	744	73976	99.4301	502	197.8872	251	197.8873
group_6062	1698	38133	22.4576	255	44.0443	127	43.8716
group_6065	501	28416	56.7186	201	117.6645	100	117.0791
group_6066	309	11529	37.3107	83	78.7783	41	77.8292
group_6067	714	2803	3.9258	18	7.3937	9	7.3937
group_6068	213	0	0.0000	0	0.0000	0	0.0000
group_6069	126	1646	13.0635	20	46.5529	10	46.5529
group_6070	211	583	2.7630	5	6.9498	2	5.5599
group_6071	528	47010	89.0341	333	184.9683	166	184.4129
group_6072	309	20887	67.5955	142	134.7773	71	134.7774
group_6073	426	2809	6.5939	22	15.1461	11	15.1461
tenA	627	18594	29.6555	131	61.2761	65	60.8083
group_6076	378	7493	19.8228	50	38.7941	25	38.7941
group_6079	369	723	1.9593	5	3.9740	2	3.1792
group_6081	309	1979	6.4045	15	14.2370	7	13.2879
group_6082	492	17040	34.6341	124	73.9169	62	73.9169
group_6083	270	891	3.3000	6	6.5174	3	6.5174
group_6084	2667	52565	19.7094	352	38.7085	176	38.7085
group_6086	444	150	0.3378	1	0.6605	0	0.0000
group_6089	1215	22469	18.4930	155	37.4147	77	37.1733
group_6090	2271	6324	2.7847	42	5.4240	21	5.4240
group_6091	237	2322	9.7975	18	22.2747	9	22.2747
group_6092	1554	44112	28.3861	300	56.6184	150	56.6184
group_6093	153	0	0.0000	0	0.0000	0	0.0000
group_6096	1539	0	0.0000	0	0.0000	0	0.0000
group_15591	1167	6892	5.9057	46	11.5604	23	11.5604
group_6099	603	0	0.0000	0	0.0000	0	0.0000
group_6100	387	32728	84.5685	227	172.0291	113	171.2713
rfaL	1287	125114	97.2137	853	194.3826	426	194.1548
group_6103	978	102609	104.9172	703	210.8160	351	210.5161
group_6104	1065	71007	66.6732	481	132.4593	240	132.1840
group_6105	1269	125214	98.6714	853	197.1398	426	196.9088
group_6106	600	23554	39.2567	168	82.1193	84	82.1193
group_6108	741	2761	3.7260	20	7.9159	10	7.9159
group_6109	327	16516	50.5076	115	103.1424	57	102.2455
group_6116	597	454	0.7605	4	1.9650	2	1.9650
group_6117	669	0	0.0000	0	0.0000	0	0.0000
group_6118	90	0	0.0000	0	0.0000	0	0.0000
group_6121	1776	152956	86.1239	1033	170.5864	516	170.4213
group_6122	636	6803	10.6965	47	21.6734	23	21.2123
group_6125	1443	146354	101.4234	982	199.5870	491	199.5870
group_6126	114	328	2.8772	4	10.2906	2	10.2906
group_6127	360	1026	2.8500	8	6.5174	4	6.5174
group_6128	564	0	0.0000	0	0.0000	0	0.0000
group_6129	1677	4513	2.6911	30	5.2466	15	5.2466
group_6132	573	48274	84.2478	344	176.0722	172	176.0723
group_6141	240	151	0.6292	1	1.2220	0	0.0000
group_6136	1203	128221	106.5844	869	211.8562	434	211.6125
group_6135	1338	137900	103.0643	933	204.5091	466	204.2899
group_6140	216	0	0.0000	0	0.0000	0	0.0000
group_6143	333	6270	18.8288	46	40.5136	23	40.5136
group_6144	291	4366	15.0034	30	30.2354	15	30.2354
group_6145	813	15036	18.4945	102	36.7957	51	36.7957
udk	1002	103928	103.7206	704	206.0592	352	206.0592
group_6149	801	52971	66.1311	362	132.5449	181	132.5450
group_6152	648	266	0.4105	2	0.9052	1	0.9052
group_6153	975	2781	2.8523	21	6.3169	10	6.0161
group_6154	1071	117805	109.9953	805	220.4415	402	220.1678
group_6157	276	398	1.4420	3	3.1879	1	2.1252
gshA	1155	117501	101.7325	806	204.6633	403	204.6634
group_6160	630	59932	95.1302	408	189.9357	204	189.9358
hpnH	1062	115735	108.9783	789	217.8911	394	217.6150
group_6161	1602	9247	5.7722	63	11.5336	31	11.3505
group_6162	1032	85407	82.7587	583	165.6822	291	165.3981
group_6163	1857	141943	76.4367	955	150.8268	477	150.6689
yfcE	813	69057	84.9410	472	170.2701	236	170.2702
cysS	1440	22344	15.5167	151	30.7540	75	30.5503
group_6166	246	604	2.4553	4	4.7688	2	4.7688
group_6169	1284	3099	2.4136	23	5.2535	11	5.0251
group_6170	798	1208	1.5138	8	2.9402	4	2.9402
ispE	942	91988	97.6518	632	196.7674	316	196.7675
ureD	813	69155	85.0615	474	170.9916	237	170.9917
crcB	414	30034	72.5459	227	160.8098	113	160.1014
group_6172	933	23208	24.8746	158	49.6664	79	49.6664
asnS	1365	152196	111.4989	1032	221.7349	516	221.7350
group_6177	1236	2416	1.9547	16	3.7965	8	3.7965
group_6178	912	0	0.0000	0	0.0000	0	0.0000
group_6179	780	69329	88.8833	478	179.7299	239	179.7299
era	957	86324	90.2027	592	181.4249	296	181.4249
group_6180	699	42396	60.6524	295	123.7747	147	123.3552
group_6182	384	151	0.3932	1	0.7638	0	0.0000
livG	774	78171	100.9961	531	201.2058	265	200.8270
thiL	969	98891	102.0547	672	203.3914	336	203.3914
group_6187	750	1961	2.6147	15	5.8657	7	5.4746
group_6190	630	1057	1.6778	7	3.2587	3	2.7932
group_6191	699	0	0.0000	0	0.0000	0	0.0000
group_6192	489	6600	13.4969	48	28.7885	24	28.7885
group_6193	201	2678	13.3234	22	32.1006	11	32.1006
group_6195	1518	60772	40.0343	408	78.8271	204	78.8271
group_6196	543	8205	15.1105	57	30.7866	28	30.2465
virD4	2043	1764	0.8634	12	1.7227	6	1.7227
group_6198	5901	2119	0.3591	14	0.6958	7	0.6958
group_6199	462	11544	24.9870	80	50.7849	40	50.7850
group_6201	717	15766	21.9888	110	44.9946	55	44.9946
group_6202	663	57982	87.4540	408	180.4819	204	180.4820
group_6205	543	6928	12.7587	48	25.9256	24	25.9256
group_6206	261	484	1.8544	4	4.4948	2	4.4948
group_6207	234	13064	55.8291	94	117.8146	47	117.8146
group_6208	234	197	0.8419	2	2.5067	1	2.5067
murG	1095	120997	110.4995	823	220.4310	411	220.1633
group_6210	939	95969	102.2034	662	206.7661	331	206.7662
group_6213	339	9806	28.9263	73	63.1554	36	62.2902
group_6214	519	35917	69.2042	251	141.8383	125	141.2732
group_6215	2022	925	0.4575	7	1.0153	3	0.8703
group_6221	210	431	2.0524	3	4.1898	1	2.7932
group_6219	417	5746	13.7794	41	28.8360	20	28.1327
group_6220	1086	17965	16.5424	124	33.4872	62	33.4872
group_6222	3051	6503	2.1314	40	3.8451	20	3.8451
group_6227	369	18390	49.8374	139	110.4779	69	109.6831
group_6229	267	5050	18.9139	38	41.7407	19	41.7407
group_6230	108	0	0.0000	0	0.0000	0	0.0000
group_6231	303	2213	7.3036	15	14.5190	7	13.5510
group_6233	417	0	0.0000	0	0.0000	0	0.0000
group_6234	918	83564	91.0283	566	180.8260	283	180.8260
group_6236	360	4325	12.0139	31	25.2549	15	24.4403
group_19117	381	0	0.0000	0	0.0000	0	0.0000
group_6241	249	8085	32.4699	56	65.9592	28	65.9593
group_6240	1041	92022	88.3977	629	177.2095	314	176.9278
desA	1071	97028	90.5957	656	179.6393	328	179.6394
group_6242	1392	6108	4.3879	40	8.4277	20	8.4277
group_6243	399	24514	61.4386	182	133.7782	91	133.7783
group_6245	162	151	0.9321	1	1.8104	0	0.0000
group_6249	162	0	0.0000	0	0.0000	0	0.0000
group_6248	261	15258	58.4598	116	130.3480	58	130.3481
group_6247	1251	113223	90.5060	760	178.1736	380	178.1736
lpp	417	1756	4.2110	13	9.1431	6	8.4398
group_6250	270	232	0.8593	2	2.1725	1	2.1725
group_6251	654	51423	78.6284	355	159.1980	177	158.7496
group_6252	675	4040	5.9852	32	13.9038	16	13.9038
group_6253	360	2799	7.7750	21	17.1082	10	16.2935
group_6254	1128	7897	7.0009	54	14.0401	27	14.0402
group_6255	1809	173544	95.9337	1168	189.3613	584	189.3614
group_6256	1863	12788	6.8642	86	13.5386	43	13.5386
cas4	594	15720	26.4646	110	54.3117	55	54.3117
purL	2271	259110	114.0951	1744	225.2249	872	225.2249
group_6258	225	2845	12.6444	22	28.6766	11	28.6766
group_6259	1284	90220	70.2648	607	138.6471	303	138.4187
group_6263	330	0	0.0000	0	0.0000	0	0.0000
group_6264	675	39911	59.1274	275	119.4857	137	119.0512
dltA	6507	21803	3.3507	144	6.4904	72	6.4904
group_6267	318	12380	38.9308	87	80.2378	43	79.3156
group_6268	381	21688	56.9239	160	123.1635	80	123.1635
group_6270	159	3662	23.0314	33	60.8701	16	59.0255
group_6273	135	231	1.7111	2	4.3449	1	4.3449
group_6274	840	13890	16.5357	87	30.3757	43	30.0266
group_6276	252	6546	25.9762	45	52.3720	22	51.2082
group_6278	414	2904	7.0145	21	14.8767	10	14.1683
group_16606	1293	0	0.0000	0	0.0000	0	0.0000
group_16607	729	192	0.2634	2	0.8046	1	0.8046
group_6282	114	0	0.0000	0	0.0000	0	0.0000
group_6284	888	51322	57.7950	337	111.3023	168	110.9720
group_6285	480	597	1.2438	4	2.4440	2	2.4440
group_6287	711	51804	72.8608	354	146.0228	177	146.0228
group_6289	564	26840	47.5887	184	95.6810	92	95.6810
group_6290	222	2387	10.7523	20	26.4219	10	26.4219
ycf34	249	15051	60.4458	108	127.2071	54	127.2072
group_6293	420	9165	21.8214	64	44.6908	32	44.6908
group_6294	792	302	0.3813	2	0.7406	1	0.7406
group_6296	1161	42325	36.4556	286	72.2472	143	72.2472
group_6301	807	88895	110.1549	605	219.8715	302	219.5081
group_6302	1032	4282	4.1492	29	8.2415	14	7.9573
group_6303	2184	906	0.4148	6	0.8057	3	0.8057
group_6304	1569	1114	0.7100	8	1.4954	4	1.4954
group_6305	2139	122023	57.0468	823	112.8434	411	112.7063
obgE	1029	114426	111.2012	780	222.3137	390	222.3138
group_6310	159	147	0.9245	1	1.8445	0	0.0000
group_6309	492	8859	18.0061	60	35.7662	30	35.7662
iap	990	100265	101.2778	691	204.7057	345	204.4095
sufS	1263	153891	121.8456	1047	243.1254	523	242.8933
group_6312	1191	141628	118.9152	975	240.0932	487	239.8470
cBSCP12	618	63370	102.5405	468	222.0979	234	222.0979
group_6313	573	49992	87.2461	343	175.5604	171	175.0486
group_6314	1266	26365	20.8254	182	42.1623	91	42.1624
group_6317	192	1051	5.4740	16	24.4403	8	24.4403
group_6318	507	19742	38.9389	141	81.5639	70	80.9855
group_6319	765	0	0.0000	0	0.0000	0	0.0000
group_6322	747	16821	22.5181	116	45.5433	58	45.5433
yliI	1305	111107	85.1395	754	169.4524	377	169.4525
group_6324	495	302	0.6101	2	1.1850	1	1.1850
group_6325	693	0	0.0000	0	0.0000	0	0.0000
group_6326	372	0	0.0000	0	0.0000	0	0.0000
group_6327	654	2764	4.2263	21	9.4173	10	8.9689
group_6328	780	1136	1.4564	8	3.0080	4	3.0080
group_6329	633	3997	6.3144	28	12.9730	14	12.9730
group_6332	2241	903	0.4029	6	0.7852	3	0.7852
group_6334	852	21981	25.7993	152	52.3228	76	52.3228
group_6335	933	30808	33.0204	209	65.6979	104	65.3836
group_6336	471	35675	75.7431	250	155.6704	125	155.6705
group_6337	555	37869	68.2324	264	139.5076	132	139.5077
group_6338	330	12282	37.2182	89	79.0976	44	78.2088
group_6340	495	4041	8.1636	28	16.5898	14	16.5898
yheT	1071	114773	107.1643	770	210.8571	385	210.8572
group_6341	651	0	0.0000	0	0.0000	0	0.0000
group_6344	852	18626	21.8615	129	44.4055	64	44.0613
group_6345	399	5470	13.7093	41	30.1369	20	29.4018
group_6348	345	2603	7.5449	19	16.1518	9	15.3017
group_6351	1464	154697	105.6673	1040	208.3432	520	208.3432
group_6355	174	0	0.0000	0	0.0000	0	0.0000
group_6356	426	0	0.0000	0	0.0000	0	0.0000
group_6359	2124	221730	104.3927	1467	202.5642	733	202.4261
asd	1038	97971	94.3844	669	189.0235	334	188.7410
sodA	864	11945	13.8252	81	27.4953	40	27.1558
group_6361	522	600	1.1494	4	2.2474	2	2.2474
group_6365	978	68050	69.5808	462	138.5448	231	138.5448
group_6364	189	886	4.6878	7	10.8623	3	9.3106
group_6366	600	43271	72.1183	300	146.6415	150	146.6416
rlmN	1026	105033	102.3713	714	204.0976	357	204.0976
group_6369	417	3384	8.1151	24	16.8796	12	16.8796
group_17160	432	0	0.0000	0	0.0000	0	0.0000
group_6370	993	604	0.6083	4	1.1814	2	1.1814
group_6371	957	604	0.6311	4	1.2258	2	1.2258
group_6373	156	205	1.3141	2	3.7600	1	3.7600
group_6378	1488	45509	30.5840	307	60.5093	153	60.3123
group_6379	1425	107534	75.4625	724	149.0084	362	149.0084
group_6380	1068	145	0.1358	1	0.2746	0	0.0000
group_6382	108	0	0.0000	0	0.0000	0	0.0000
group_6383	642	0	0.0000	0	0.0000	0	0.0000
group_6384	909	143666	158.0484	980	316.1908	490	316.1909
cHASE2	2471	45521	18.4221	308	36.5565	154	36.5565
group_6387	771	70758	91.7743	489	186.0122	244	185.6319
gloB	687	49160	71.5575	340	145.1474	170	145.1474
group_6389	579	44551	76.9447	317	160.5712	158	160.0647
group_6390	186	492	2.6452	4	6.3072	2	6.3072
group_6391	156	0	0.0000	0	0.0000	0	0.0000
group_6393	147	0	0.0000	0	0.0000	0	0.0000
group_6394	591	2034	3.4416	14	6.9475	7	6.9475
group_6396	282	12994	46.0780	92	95.6810	46	95.6810
group_6397	444	6980	15.7207	49	32.3668	24	31.7063
group_6399	240	0	0.0000	0	0.0000	0	0.0000
group_6400	204	78	0.3824	1	1.4377	0	0.0000
group_6404	447	2488	5.5660	17	11.1539	8	10.4978
group_6406	213	1176	5.5211	10	13.7692	5	13.7692
group_6410	333	693	2.0811	6	5.2844	3	5.2844
yidD	240	15570	64.8750	111	135.6434	55	134.4215
group_6414	378	5247	13.8810	40	31.0352	20	31.0353
group_6415	372	8515	22.8898	59	46.5153	29	45.7269
group_6416	465	2109	4.5355	16	10.0915	8	10.0915
group_6417	300	20209	67.3633	140	136.8654	70	136.8655
group_6418	234	1646	7.0342	12	15.0402	6	15.0402
group_6420	210	233	1.1095	2	2.7932	1	2.7932
group_6422	528	5079	9.6193	34	18.8857	17	18.8857
group_6423	360	20664	57.4000	162	131.9774	81	131.9774
group_6424	633	1751	2.7662	12	5.5599	6	5.5599
group_6425	2028	2724	1.3432	18	2.6031	9	2.6031
group_6426	345	10566	30.6261	72	61.2069	36	61.2069
group_6427	606	52723	87.0017	377	182.4550	188	181.9711
group_6430	783	43150	55.1086	293	109.7471	146	109.3725
group_6431	531	29709	55.9492	197	108.8075	98	108.2552
group_6432	366	0	0.0000	0	0.0000	0	0.0000
group_6434	510	2200	4.3137	15	8.6260	7	8.0509
group_6435	1044	8239	7.8918	57	16.0126	28	15.7317
group_6436	339	1455	4.2920	11	9.5166	5	8.6514
group_6437	600	9329	15.5483	65	31.7723	32	31.2835
ppk1	2169	165343	76.2301	1100	148.7374	550	148.7374
group_6438	3120	20226	6.4827	126	11.8441	63	11.8441
group_6440	180	0	0.0000	0	0.0000	0	0.0000
group_6441	372	23562	63.3387	175	137.9692	87	137.1808
group_6443	4725	198767	42.0671	954	59.2153	477	59.2153
group_6444	453	3475	7.6711	25	16.1856	12	15.5382
group_6447	2067	136004	65.7978	768	108.9702	384	108.9702
tra8	198	1109	5.6010	9	13.3310	4	11.8498
group_6448	1173	63143	53.8303	409	102.2615	204	102.0115
group_6449	702	33746	48.0712	239	99.8499	119	99.4322
group_6451	4398	7854	1.7858	53	3.5343	26	3.4677
tadA	513	32494	63.3411	222	126.9178	111	126.9179
group_6453	99	1224	12.3636	13	38.5119	6	35.5495
rpsP	249	18456	74.1205	136	160.1867	68	160.1868
group_6456	420	12552	29.8857	85	59.3549	42	58.6566
norV	348	35450	101.8678	256	215.7485	128	215.7485
group_6458	231	9826	42.5368	68	86.3344	34	86.3344
group_6460	192	817	4.2552	6	9.1651	3	9.1651
group_6462	267	440	1.6479	4	4.3938	2	4.3938
group_6463	1416	5819	4.1095	39	8.0777	19	7.8706
group_14831	597	0	0.0000	0	0.0000	0	0.0000
group_6464	153	479	3.1307	4	7.6675	2	7.6675
group_6465	279	12073	43.2724	92	96.7098	46	96.7099
group_6468	159	0	0.0000	0	0.0000	0	0.0000
group_6467	2034	122003	59.9818	810	116.7941	405	116.7942
ubiX	618	1613	2.6100	12	5.6948	6	5.6948
ispG	1221	132417	108.4496	904	217.1400	452	217.1400
group_6470	570	53845	94.4649	385	198.0947	192	197.5802
group_6471	207	2215	10.7005	16	22.6692	8	22.6692
group_6473	189	0	0.0000	0	0.0000	0	0.0000
group_6476	366	13137	35.8934	96	76.9267	48	76.9267
group_6478	435	17795	40.9080	124	83.6025	62	83.6026
group_6479	804	8146	10.1318	54	19.6981	27	19.6981
group_6480	3312	9399	2.8379	63	5.5788	31	5.4902
group_6481	273	303	1.1099	2	2.1486	1	2.1486
group_6482	954	24029	25.1876	160	49.1879	80	49.1880
group_6484	414	26108	63.0628	185	131.0564	92	130.3481
group_6485	423	9923	23.4586	70	48.5338	35	48.5339
group_6486	681	8459	12.4214	63	27.1319	31	26.7013
group_6487	1665	119900	72.0120	807	142.1498	403	141.9737
group_6488	2241	134777	60.1415	897	117.3918	448	117.2609
group_6491	186	5211	28.0161	37	58.3413	18	56.7645
group_6492	963	114020	118.4008	784	238.7684	392	238.7684
group_6494	816	78382	96.0564	536	192.6467	268	192.6468
group_6495	225	940	4.1778	7	9.1244	3	7.8209
group_6497	228	8724	38.2632	63	81.0387	31	79.7524
group_6498	303	25702	84.8251	173	167.4521	86	166.4842
group_6499	2031	5514	2.7149	38	5.4873	19	5.4873
ilvB	1854	208273	112.3371	1403	221.9397	701	221.7816
ibpA	411	19837	48.2652	150	107.0376	75	107.0377
group_6502	261	0	0.0000	0	0.0000	0	0.0000
glnK	318	15446	48.5723	108	99.6056	54	99.6056
rimI	621	46324	74.5958	315	148.7668	157	148.2946
cofH	1218	38096	31.2775	256	61.6424	128	61.6424
group_6503	288	4240	14.7222	30	30.5503	15	30.5503
group_6505	288	2416	8.3889	16	16.2935	8	16.2935
group_6506	981	86766	88.4465	594	177.5843	297	177.5843
group_6508	333	17309	51.9790	124	109.2105	62	109.2106
group_6509	426	244	0.5728	2	1.3769	1	1.3769
adhE	2694	305272	113.3155	2048	222.9561	1024	222.9562
group_6510	645	45930	71.2093	308	140.0484	154	140.0484
purC	726	72407	99.7342	496	200.3697	248	200.3698
group_6511	396	3276	8.2727	25	18.5153	12	17.7747
group_6513	696	604	0.8678	4	1.6855	2	1.6855
group_6514	858	4309	5.0221	30	10.2547	15	10.2547
group_6515	660	3963	6.0045	27	11.9979	13	11.5536
ndhO	252	12283	48.7421	89	103.5801	44	102.4163
group_6517	390	0	0.0000	0	0.0000	0	0.0000
group_6520	7899	921055	116.6040	6135	227.7873	3067	227.7502
ldcB	747	76628	102.5810	526	206.5153	263	206.5153
pip	1095	65535	59.8493	399	106.8675	199	106.5997
group_6522	159	0	0.0000	0	0.0000	0	0.0000
group_6524	573	3558	6.2094	26	13.3078	13	13.3078
group_6525	669	74926	111.9970	515	225.7710	257	225.3327
group_6526	1731	3761	2.1727	25	4.2357	12	4.0663
group_6527	216	694	3.2130	5	6.7890	2	5.4312
group_6529	141	0	0.0000	0	0.0000	0	0.0000
spoT	3042	255081	83.8531	1716	165.4417	858	165.4418
group_6531	579	296	0.5112	2	1.0131	1	1.0131
group_6532	1002	1939	1.9351	13	3.8051	6	3.5124
group_6533	759	11391	15.0079	81	31.2990	40	30.9126
group_6534	972	302	0.3107	2	0.6035	1	0.6035
group_6535	492	1331	2.7053	10	5.9610	5	5.9610
group_6536	882	97832	110.9206	677	225.1164	338	224.7839
group_6537	429	1659	3.8671	13	8.8874	6	8.2037
argG	1323	150017	113.3915	1012	224.3405	506	224.3406
group_6540	669	0	0.0000	0	0.0000	0	0.0000
group_6541	1029	104051	101.1186	702	200.0823	351	200.0824
group_6542	237	0	0.0000	0	0.0000	0	0.0000
group_6543	249	232	0.9317	2	2.3557	1	2.3557
group_6544	255	0	0.0000	0	0.0000	0	0.0000
group_6545	345	587	1.7014	4	3.4004	2	3.4004
gyrB	3228	349586	108.2980	1646	149.5489	823	149.5490
group_6551	1686	187044	110.9395	1255	218.3098	627	218.1359
gnd	1428	170766	119.5840	1160	238.2412	580	238.2412
group_6552	106	187	1.7642	2	5.5336	1	5.5336
spoIVFB	1230	141220	114.8130	958	228.4270	479	228.4271
group_6557	1284	2046	1.5935	14	3.1978	7	3.1978
group_6563	189	0	0.0000	0	0.0000	0	0.0000
group_6564	5175	11143	2.1532	78	4.4205	39	4.4205
cobN	3642	461916	126.8303	3092	248.9927	1546	248.9927
group_6567	459	16548	36.0523	116	74.1195	58	74.1195
lexA	615	51906	84.4000	365	174.0623	182	173.5855
group_6570	855	1137	1.3298	8	2.7442	4	2.7442
acrB	3303	368897	111.6854	2465	218.8746	1232	218.7859
group_6571	762	1171	1.5367	8	3.0791	4	3.0791
group_6574	831	0	0.0000	0	0.0000	0	0.0000
group_6575	3210	384905	119.9081	2584	236.0883	1292	236.0884
group_6577	324	603	1.8611	4	3.6208	2	3.6208
gcvP	3045	145857	47.9005	988	95.1605	494	95.1605
group_6578	756	1238	1.6376	9	3.4915	4	3.1035
ycf37	537	52124	97.0652	362	197.7067	181	197.7067
group_6579	2700	314822	116.6007	2110	229.1953	1055	229.1954
group_6580	297	12344	41.5623	92	90.8486	46	90.8487
group_6583	759	1917	2.5257	13	5.0233	6	4.6369
petC	540	50993	94.4315	357	193.8927	178	193.3496
hsdM	3330	228971	68.7601	1153	101.5482	576	101.4601
group_6586	2655	71795	27.0414	484	53.4648	242	53.4648
gyrA	2691	292700	108.7700	1961	213.7228	980	213.6139
tM2	399	31168	78.1153	223	163.9151	111	163.1801
group_6587	2430	302	0.1243	2	0.2414	1	0.2414
group_6589	2004	163595	81.6342	1097	160.5447	548	160.3984
group_6590	1137	511	0.4494	4	1.0318	2	1.0318
group_6591	168	0	0.0000	0	0.0000	0	0.0000
ilvE	969	97833	100.9628	662	200.3647	331	200.3648
cutA1	339	294	0.8673	2	1.7303	1	1.7303
group_6592	1239	72836	58.7861	496	117.4079	248	117.4080
group_6593	984	2569	2.6108	18	5.3649	9	5.3649
group_6594	582	59999	103.0911	417	210.1358	208	209.6320
group_6595	468	5686	12.1496	39	24.4403	19	23.8136
group_6597	555	10087	18.1748	73	38.5760	36	38.0475
group_6598	3828	3775	0.9862	25	1.9154	12	1.8388
group_6599	3516	906	0.2577	6	0.5005	3	0.5005
group_6601	2238	6016	2.6881	40	5.2419	20	5.2419
prs	993	94015	94.6777	638	188.4336	319	188.4337
group_6606	678	0	0.0000	0	0.0000	0	0.0000
group_6607	2166	0	0.0000	0	0.0000	0	0.0000
ndk	510	37818	74.1529	264	151.8171	132	151.8172
group_6610	99	0	0.0000	0	0.0000	0	0.0000
group_6611	165	2757	16.7091	21	37.3269	10	35.5495
group_6613	1209	103397	85.5227	696	168.8379	348	168.8380
group_6614	2169	248778	114.6971	1670	225.8104	835	225.8105
miaE	585	54291	92.8051	376	188.5033	188	188.5034
group_6618	159	2140	13.4591	15	27.6682	7	25.8237
group_6619	2082	104632	50.2555	714	100.5783	357	100.5784
group_6620	960	1103	1.1490	8	2.4440	4	2.4440
group_6621	156	0	0.0000	0	0.0000	0	0.0000
group_6622	552	9164	16.6014	66	35.0665	33	35.0665
group_6623	225	429	1.9067	3	3.9104	1	2.6070
group_6624	219	1284	5.8630	9	12.0527	4	10.7135
group_6628	2049	243290	118.7360	1631	233.4528	815	233.3097
group_6627	537	51074	95.1099	355	193.8836	177	193.3375
recR	735	24982	33.9891	166	66.2381	83	66.2381
group_6632	2037	33066	16.2327	222	31.9631	111	31.9631
group_6631	474	33282	70.2152	244	150.9727	122	150.9728
group_6633	2019	217889	107.9193	1449	210.4840	724	210.3388
group_6635	2013	1359	0.6751	9	1.3113	4	1.1656
gDB1	1989	221775	111.5008	1484	218.8196	742	218.8196
group_6642	426	755	1.7723	5	3.4423	2	2.7538
group_6643	825	0	0.0000	0	0.0000	0	0.0000
group_6644	1452	155665	107.2073	1048	211.6809	524	211.6810
fAA1	1920	212136	110.4875	1439	219.8096	719	219.6569
group_6646	1902	212808	111.8864	1425	219.7310	712	219.5769
group_6647	222	2688	12.1081	20	26.4219	10	26.4219
group_6649	699	0	0.0000	0	0.0000	0	0.0000
cbiN	315	3646	11.5746	25	23.2764	12	22.3454
pyrR	621	57796	93.0692	398	187.9656	199	187.9657
lolD	744	61043	82.0470	417	164.3804	208	163.9863
group_6650	1854	183680	99.0723	1238	195.8384	619	195.8385
group_6653	1839	4196	2.2817	28	4.4654	14	4.4654
group_6654	591	18267	30.9086	126	62.5274	63	62.5274
group_6656	1251	9044	7.2294	62	14.5352	31	14.5352
group_6657	1185	755	0.6371	5	1.2375	2	0.9900
group_6658	660	19560	29.6364	136	60.4341	68	60.4341
group_6659	1764	4130	2.3413	29	4.8215	14	4.6553
group_6660	1806	15556	8.6135	104	16.8889	52	16.8890
group_6661	684	2114	3.0906	14	6.0029	7	6.0029
group_6662	165	0	0.0000	0	0.0000	0	0.0000
dxs	1911	228825	119.7410	1547	237.4196	773	237.2662
rnjA	1749	191073	109.2470	1295	217.1536	647	216.9859
group_6667	1749	21756	12.4391	147	24.6499	73	24.4822
group_6668	759	60341	79.5007	416	160.7454	208	160.7455
group_6670	813	150	0.1845	1	0.3607	0	0.0000
group_6671	1743	3464	1.9874	24	4.0383	12	4.0383
leuA	1179	2416	2.0492	16	3.9801	8	3.9801
group_6673	1719	185859	108.1204	1257	214.4601	628	214.2895
pabB	1338	155446	116.1779	1054	231.0317	527	231.0317
aroA	1398	163768	117.1445	1105	231.8153	552	231.6056
gsiA	1764	194978	110.5317	1305	216.9696	652	216.8034
group_6677	714	54960	76.9748	380	156.0890	190	156.0891
group_6678	1707	26884	15.7493	182	31.2698	91	31.2698
group_6679	1677	906	0.5403	6	1.0493	3	1.0493
prfC	1656	190286	114.9070	1285	227.5778	642	227.4007
yhcF	1050	104915	99.9190	727	203.0636	363	202.7844
group_6680	1653	181141	109.5832	1217	215.9259	608	215.7485
group_6684	708	1046	1.4774	8	3.3139	4	3.3139
cobC	1344	147357	109.6406	1001	218.4348	500	218.2166
group_6690	1056	34166	32.3542	234	64.9889	117	64.9889
pgm	1842	214415	116.4034	1435	228.4806	717	228.3214
group_6693	981	604	0.6157	4	1.1959	2	1.1959
group_6694	1926	16317	8.4720	110	16.7503	55	16.7503
group_6695	1614	15709	9.7330	105	19.0798	52	18.8980
group_6696	1602	180833	112.8795	1223	223.8984	611	223.7154
group_6700	261	0	0.0000	0	0.0000	0	0.0000
group_6698	330	0	0.0000	0	0.0000	0	0.0000
sufB	1593	169916	106.6642	1152	212.0917	576	212.0918
sufC	771	91456	118.6200	645	245.3536	322	244.9732
sufD	1503	139338	92.7066	939	183.2288	469	183.0337
bglX	1584	170471	107.6206	1153	213.4819	576	213.2969
group_6702	1578	1159	0.7345	8	1.4869	4	1.4869
hyuB	1572	169681	107.9396	1147	213.9922	573	213.8057
group_6704	1014	91432	90.1696	619	179.0357	309	178.7465
group_6705	423	5361	12.6738	39	27.0403	19	26.3470
group_6707	1563	169169	108.2335	1141	214.0985	570	213.9110
nuoM	1602	164691	102.8034	1123	205.5911	561	205.4081
group_6710	366	0	0.0000	0	0.0000	0	0.0000
group_6712	1584	8263	5.2165	57	10.5537	28	10.3686
group_6713	1302	146657	112.6398	985	221.8770	492	221.6518
group_6714	1539	163651	106.3359	1104	210.3863	552	210.3864
group_6717	351	2307	6.5726	18	15.0402	9	15.0402
group_6718	1704	115252	67.6362	784	134.9378	392	134.9378
group_6719	327	23646	72.3119	168	150.6775	84	150.6776
group_6720	882	40504	45.9229	273	90.7781	136	90.4456
group_6721	252	755	2.9960	6	6.9829	3	6.9829
radA	1527	178683	117.0157	1212	232.7826	606	232.7827
lnt	1557	180757	116.0931	1227	231.1229	613	230.9346
group_6723	300	354	1.1800	4	3.9104	2	3.9104
group_6729	495	0	0.0000	0	0.0000	0	0.0000
group_6730	1533	172313	112.4025	1153	220.5841	576	220.3928
group_6731	381	21953	57.6194	155	119.3146	77	118.5449
group_6733	114	0	0.0000	0	0.0000	0	0.0000
group_6735	606	12493	20.6155	87	42.1050	43	41.6210
group_6736	1464	132018	90.1762	904	181.0983	452	181.0984
group_6737	642	14070	21.9159	95	43.3986	47	42.9418
group_6738	564	0	0.0000	0	0.0000	0	0.0000
group_6739	552	43804	79.3551	306	162.5808	153	162.5809
group_6740	579	0	0.0000	0	0.0000	0	0.0000
group_6742	903	302	0.3344	2	0.6496	1	0.6496
group_6743	789	15548	19.7060	103	38.2866	51	37.9149
group_6744	840	12574	14.9690	85	29.6775	42	29.3283
ybeY	513	52519	102.3762	368	210.3863	184	210.3864
recQ	1452	165014	113.6460	1106	223.3961	553	223.3961
group_6745	753	6052	8.0372	40	15.5794	20	15.5795
group_6746	189	2884	15.2593	22	34.1388	11	34.1388
gltX	1443	142812	98.9688	970	197.1480	485	197.1481
group_6747	315	13904	44.1397	96	89.3815	48	89.3815
group_6748	444	227	0.5113	2	1.3211	1	1.3211
group_6749	279	1775	6.3620	12	12.6143	6	12.6143
group_6755	198	2952	14.9091	24	35.5495	12	35.5495
glnA	1422	148779	104.6266	1016	209.5468	508	209.5469
group_6757	1122	1967	1.7531	13	3.3981	6	3.1367
bchN	1401	135306	96.5782	920	192.5913	460	192.5914
rbfA	411	25129	61.1411	178	127.0180	89	127.0180
group_6760	270	191	0.7074	2	2.1725	1	2.1725
ugd	1386	163421	117.9084	1103	233.3992	551	233.1876
sulP	1689	171298	101.4198	1149	199.5158	574	199.3423
group_6761	798	7795	9.7682	54	19.8462	27	19.8462
thiC	1383	155226	112.2386	1062	225.2109	531	225.2109
ppnK	966	68599	71.0135	472	143.3019	236	143.3019
group_6762	489	8134	16.6339	60	35.9857	30	35.9857
group_6763	1824	50029	27.4282	339	54.5082	169	54.3474
piuC	864	74593	86.3345	510	173.1185	255	173.1185
group_6764	156	0	0.0000	0	0.0000	0	0.0000
mlaD	1392	152498	109.5532	1029	216.8019	514	216.5913
group_6765	1380	0	0.0000	0	0.0000	0	0.0000
group_6767	210	1975	9.4048	17	23.7420	8	22.3454
rlmK	1185	116904	98.6532	792	196.0170	396	196.0171
opcA	1356	143434	105.7773	972	210.2295	486	210.2295
group_6769	1323	151037	114.1625	1028	227.8874	514	227.8875
purA	1344	144896	107.8095	981	214.0705	490	213.8523
ctaA	951	98816	103.9075	673	207.5494	336	207.2411
group_6770	1335	123137	92.2375	833	182.9999	416	182.7802
tig	1398	148226	106.0272	1001	209.9974	500	209.7877
clpX	1335	146681	109.8734	992	217.9302	496	217.9303
trkG	1335	142715	106.9026	969	212.8774	484	212.6578
spoIID	1599	161313	100.8837	1097	201.2080	548	201.0246
group_6772	1212	1625584	1341.2409	11006	2663.2620	5503	2663.2629
group_6773	741	10268	13.8570	69	27.3098	34	26.9140
group_6774	660	0	0.0000	0	0.0000	0	0.0000
group_6775	759	0	0.0000	0	0.0000	0	0.0000
group_6776	612	151	0.2467	1	0.4792	0	0.0000
group_6777	741	453	0.6113	3	1.1874	1	0.7916
group_6778	1476	9049	6.1308	62	12.3195	31	12.3195
group_6779	837	76037	90.8447	519	181.8565	259	181.5062
group_6783	2031	248832	122.5170	1645	237.5434	822	237.3991
pepP	1332	138020	103.6186	940	206.9715	470	206.9716
group_6784	135	0	0.0000	0	0.0000	0	0.0000
group_6785	1320	1661	1.2583	11	2.4440	5	2.2218
group_6786	1305	152201	116.6291	1028	231.0307	514	231.0307
group_6787	474	48184	101.6540	341	210.9906	170	210.3719
fba	1080	126698	117.3130	866	235.1696	433	235.1697
group_6788	189	0	0.0000	0	0.0000	0	0.0000
fabH	1002	97521	97.3263	665	194.6440	332	194.3513
group_6791	1314	148582	113.0761	1003	223.8683	501	223.6452
group_6793	1365	162287	118.8916	1094	235.0562	547	235.0563
pyk	1422	97565	68.6111	667	137.5667	333	137.3605
group_6794	183	0	0.0000	0	0.0000	0	0.0000
group_6798	1329	160957	121.1114	1096	241.8648	548	241.8648
group_6800	780	0	0.0000	0	0.0000	0	0.0000
group_6801	471	10280	21.8259	79	49.1919	39	48.5692
gltD	1485	170129	114.5650	1151	227.3191	575	227.1216
group_6803	501	6935	13.8423	50	29.2698	25	29.2698
trpB	1278	140224	109.7214	950	218.0117	475	218.0117
tauA	1233	106260	86.1800	710	168.8816	355	168.8816
group_6805	399	23882	59.8546	172	126.4278	86	126.4278
group_6806	1638	29978	18.3016	205	36.7051	102	36.5261
group_6809	1272	53463	42.0307	371	85.5409	185	85.3104
group_6810	3069	243875	79.4640	1632	155.9589	816	155.9590
group_6811	2100	46350	22.0714	311	43.4338	155	43.2942
group_6812	1254	2232	1.7799	16	3.7420	8	3.7421
group_6814	1200	4379	3.6492	29	7.0877	14	6.8433
vacB	2259	247707	109.6534	1663	215.9052	831	215.7754
nusA	1197	125648	104.9691	851	208.5079	425	208.2629
dgkA	489	41810	85.5010	298	178.7287	149	178.7288
group_6817	1191	129437	108.6793	878	216.2070	439	216.2071
group_6818	147	751	5.1088	7	13.9659	3	11.9707
group_6819	915	91144	99.6109	619	198.4068	309	198.0863
group_6820	1701	165228	97.1358	1106	190.6943	553	190.6944
group_6821	1266	127736	100.8973	850	196.9120	425	196.9121
paaJ	1191	126996	106.6297	861	212.0208	430	211.7746
group_6825	1353	548	0.4050	4	0.8671	2	0.8671
group_6827	2313	1289	0.5573	9	1.1412	4	1.0144
kefB	1512	18201	12.0377	122	23.6644	61	23.6644
group_6828	354	3893	10.9972	28	23.1975	14	23.1975
group_6829	2220	13968	6.2919	92	12.1541	46	12.1541
group_6830	2133	40997	19.2203	274	37.6744	137	37.6744
group_6832	366	7095	19.3852	51	40.8673	25	40.0660
group_6833	198	653	3.2980	5	7.4061	2	5.9249
pnp	2169	184282	84.9617	1236	167.1267	618	167.1268
group_6834	810	43388	53.5654	298	107.8992	149	107.8992
ppro0129	1278	121455	95.0352	825	189.3259	412	189.0965
group_6835	972	101983	104.9208	698	210.6086	349	210.6087
mtnW	1161	43856	37.7743	294	74.2681	147	74.2681
group_6836	1200	145449	121.2075	984	240.4921	492	240.4922
group_6837	555	54009	97.3135	383	202.3917	191	201.8634
bioF	1329	141343	106.3529	953	210.3076	476	210.0870
group_6838	1308	6824	5.2171	46	10.3142	23	10.3142
urtC	1155	117439	101.6788	798	202.6319	399	202.6320
yheB	1266	51408	40.6066	355	82.2397	177	82.0081
group_6841	1176	78473	66.7287	525	130.9299	262	130.6806
group_6843	768	68545	89.2513	470	179.4831	235	179.4832
proB	1167	133645	114.5201	903	226.9363	451	226.6850
group_6844	291	614	2.1100	5	5.0392	2	4.0314
group_6847	678	61436	90.6136	424	183.4101	212	183.4101
group_6846	195	2147	11.0103	16	24.0643	8	24.0643
group_6849	420	28233	67.2214	193	134.7706	96	134.0723
group_6850	1701	7729	4.5438	52	8.9657	26	8.9657
group_6851	1194	877	0.7345	6	1.4738	3	1.4738
group_6853	270	5863	21.7148	43	46.7080	21	45.6218
group_6854	1131	120268	106.3378	816	211.5995	408	211.5995
group_6855	393	1400	3.5623	10	7.4627	5	7.4627
purK	1152	123995	107.6345	841	214.1068	420	213.8523
livH	975	99549	102.1015	673	202.4405	336	202.1398
rsgA	1077	118216	109.7642	803	218.6688	401	218.3966
group_6857	1119	10129	9.0518	68	17.8224	34	17.8224
ddaH	1119	1300	1.1618	9	2.3588	4	2.0968
group_6860	906	1208	1.3333	8	2.5897	4	2.5897
nanE	717	60022	83.7127	410	167.7072	205	167.7073
group_6861	936	40202	42.9509	270	84.6009	135	84.6009
group_6862	1122	20124	17.9358	136	35.5495	68	35.5495
gldA	1110	130048	117.1604	882	233.0412	441	233.0412
group_6865	138	0	0.0000	0	0.0000	0	0.0000
group_6866	1104	302	0.2736	2	0.5313	1	0.5313
group_6867	2019	16016	7.9326	107	15.5430	53	15.3977
rssA	1098	118556	107.9745	801	213.9524	400	213.6854
group_6869	768	21682	28.2318	154	58.8094	77	58.8094
group_6870	1092	2041	1.8690	14	3.7600	7	3.7600
pilF	756	42523	56.2474	291	112.8907	145	112.5028
group_6871	660	9572	14.5030	68	30.2170	34	30.2171
group_6872	684	10324	15.0936	69	29.5856	34	29.1568
rseP	1485	150917	101.6276	1022	201.8420	511	201.8420
group_6873	1146	115381	100.6815	785	200.8964	392	200.6405
group_6875	297	1003	3.3771	7	6.9124	3	5.9249
group_6876	105	0	0.0000	0	0.0000	0	0.0000
ald	1119	112052	100.1358	764	200.2397	382	200.2398
group_6877	1083	52519	48.4940	360	97.4902	180	97.4903
group_6878	303	1785	5.8911	13	12.5831	6	11.6152
pepA	1476	168038	113.8469	1131	224.7311	565	224.5325
group_6879	474	0	0.0000	0	0.0000	0	0.0000
group_6880	765	302	0.3948	2	0.7668	1	0.7668
group_6881	204	531	2.6029	5	7.1883	2	5.7507
group_6882	624	2072	3.3205	15	7.0501	7	6.5801
group_6883	1080	111326	103.0796	759	206.1128	379	205.8413
group_6884	441	5342	12.1134	37	24.6065	18	23.9415
group_6885	1080	515	0.4769	4	1.0862	2	1.0862
group_6886	438	25410	58.0137	179	119.8577	89	119.1881
group_6887	561	1512	2.6952	10	5.2279	5	5.2279
hrcA	1095	114812	104.8511	774	207.3069	387	207.3070
group_6889	228	8370	36.7105	61	78.4661	30	77.1798
sbcC	3024	350984	116.0661	2351	228.0121	1175	227.9152
glyS	2133	242280	113.5865	1632	224.3966	816	224.3967
ubiH	1236	142286	115.1181	972	230.6401	486	230.6402
group_6891	1071	104456	97.5313	715	195.7959	357	195.5221
group_6892	783	76978	98.3116	527	197.3949	263	197.0204
hypA	351	25419	72.4188	179	149.5660	89	148.7305
group_6894	1068	9304	8.7116	64	17.5750	32	17.5750
group_6895	327	1623	4.9633	12	10.7627	6	10.7627
group_6896	3951	74079	18.7494	493	36.5954	246	36.5212
group_6897	168	390	2.3214	4	6.9829	2	6.9829
group_6898	291	0	0.0000	0	0.0000	0	0.0000
group_6901	666	40230	60.4054	277	121.9811	138	121.5408
aroF	1056	66994	63.4413	454	126.0895	227	126.0895
group_6902	441	11240	25.4875	74	49.2130	37	49.2130
group_6903	234	3639	15.5513	26	32.5870	13	32.5870
fbp	1047	131989	126.0640	903	252.9462	451	252.6661
group_6905	1575	11403	7.2400	76	14.1521	38	14.1521
rnc	873	94888	108.6919	643	216.0149	321	215.6790
mreB	1041	23398	22.4765	156	43.9502	78	43.9502
mreD	582	34910	59.9828	239	120.4376	119	119.9337
group_6908	855	38656	45.2117	261	89.5285	130	89.1855
gCD1	729	51591	70.7695	352	141.6127	176	141.6127
group_6911	132	2903	21.9924	28	62.2116	14	62.2116
group_6912	1038	89840	86.5511	616	174.0485	308	174.0486
group_6913	966	83178	86.1056	554	168.1975	277	168.1976
group_6915	1017	108859	107.0393	741	213.6900	370	213.4017
group_6916	1137	121115	106.5215	828	213.5782	414	213.5782
nagA	1152	125473	108.9175	848	215.8889	424	215.8890
group_6917	315	25206	80.0190	183	170.3835	91	169.4525
yraQ	1011	115855	114.5945	796	230.9133	398	230.9134
group_6919	243	890	3.6626	7	8.4485	3	7.2416
group_6920	1002	20959	20.9172	142	41.5631	71	41.5631
mviM	1029	93947	91.2993	633	180.4161	316	180.1312
lgt	870	75567	86.8586	513	172.9359	256	172.5988
group_6922	522	12813	24.5460	90	50.5660	45	50.5661
aroE	909	97620	107.3927	666	214.8807	333	214.8807
group_6923	3375	35556	10.5351	240	20.8557	120	20.8557
hisM	996	97906	98.2992	671	197.5833	335	197.2889
group_6924	630	0	0.0000	0	0.0000	0	0.0000
ccsB	987	109150	110.5876	746	221.6709	373	221.6710
group_6925	1323	134824	101.9078	910	201.7291	455	201.7292
group_6926	795	74100	93.2075	508	187.4060	254	187.4061
group_6928	1326	3128	2.3590	21	4.6448	10	4.4236
group_6929	654	0	0.0000	0	0.0000	0	0.0000
group_6930	981	1849	1.8848	13	3.8865	6	3.5876
group_6931	981	84890	86.5341	582	173.9967	291	173.9967
group_6932	354	3328	9.4011	24	19.8836	12	19.8836
ybjT	978	102831	105.1442	698	209.3166	349	209.3166
group_6933	546	42221	77.3278	293	157.3845	146	156.8474
sds	972	104067	107.0648	714	215.4363	357	215.4364
group_6934	978	151	0.1544	1	0.2999	0	0.0000
holB	966	88685	91.8064	605	183.6814	302	183.3779
rfaF	963	30646	31.8235	214	65.1740	107	65.1740
group_6937	1152	99056	85.9861	666	169.5543	333	169.5543
group_6938	2235	1354	0.6058	9	1.1810	4	1.0498
group_6939	960	106338	110.7688	734	224.2394	367	224.2394
rpoD	957	89562	93.5862	614	188.1670	307	188.1671
group_6941	978	103375	105.7004	708	212.3154	354	212.3154
group_6942	639	302	0.4726	2	0.9179	1	0.9179
group_6943	822	40995	49.8723	281	100.2586	140	99.9018
group_6944	231	196	0.8485	2	2.5392	1	2.5392
pgpB	714	43367	60.7381	294	120.7636	147	120.7637
cysC	555	53522	96.4360	371	196.0505	185	195.5221
purS	297	6825	22.9798	48	47.3993	24	47.3993
group_6948	2265	252898	111.6547	1689	218.6998	844	218.5704
group_6949	1074	103008	95.9106	702	191.6990	351	191.6991
gldG	1527	173774	113.8009	1177	226.0604	588	225.8684
group_6951	1221	22231	18.2072	151	36.2701	75	36.0299
group_6952	939	98452	104.8477	676	211.1388	338	211.1389
group_6953	1062	100274	94.4200	683	188.6180	341	188.3419
murE	1431	158807	110.9762	1067	218.6814	533	218.4765
group_6955	477	28017	58.7358	199	122.3550	99	121.7402
group_6956	933	86192	92.3816	581	182.6339	290	182.3197
ycbX	792	67267	84.9331	463	171.4521	231	171.0819
group_6957	144	0	0.0000	0	0.0000	0	0.0000
lepB	591	57627	97.5076	406	201.4770	203	201.4771
group_6959	954	604	0.6331	4	1.2297	2	1.2297
group_6960	915	24457	26.7290	165	52.8871	82	52.5666
group_6962	1299	22716	17.4873	155	34.9953	77	34.7695
group_6964	2757	82241	29.8299	549	58.4013	274	58.2950
group_6965	165	0	0.0000	0	0.0000	0	0.0000
pstB	1017	76665	75.3835	513	147.9393	256	147.6509
group_6966	225	651	2.8933	4	5.2139	2	5.2139
group_6967	177	120	0.6780	2	3.3139	1	3.3139
group_6969	906	76702	84.6600	521	168.6540	260	168.3303
pstC	960	91354	95.1604	629	192.1615	314	191.8561
group_6972	156	554	3.5513	4	7.5201	2	7.5201
group_6973	339	7255	21.4012	51	44.1222	25	43.2571
group_6974	306	22556	73.7124	158	151.4337	79	151.4338
group_6975	894	83946	93.8993	579	189.9451	289	189.6171
group_6976	957	297	0.3103	2	0.6129	1	0.6129
tab2	882	89630	101.6213	615	204.5001	307	204.1677
group_6979	153	0	0.0000	0	0.0000	0	0.0000
group_6980	309	390	1.2621	4	3.7965	2	3.7965
group_6981	867	90489	104.3702	612	207.0234	306	207.0234
group_6982	867	19013	21.9296	130	43.9755	65	43.9756
group_6983	585	4768	8.1504	33	16.5442	16	16.0428
group_6984	204	2141	10.4951	18	25.8779	9	25.8779
group_6985	198	950	4.7980	7	10.3686	3	8.8874
group_15302	720	1882	2.6139	13	5.2954	6	4.8881
group_6986	669	66515	99.4245	461	202.0979	230	201.6596
ybhL	849	76925	90.6066	521	179.9770	260	179.6316
ypfJ	621	51425	82.8100	361	170.4915	180	170.0192
group_6990	846	5181	6.1241	35	12.1335	17	11.7868
group_6991	1089	113405	104.1368	764	205.7560	382	205.7561
group_6992	843	47051	55.8138	314	109.2419	157	109.2419
group_6993	342	19306	56.4503	145	124.3452	72	123.4877
aCT3	840	41326	49.1976	277	96.7136	138	96.3645
group_6994	249	10939	43.9317	82	96.5832	41	96.5832
lpxA	837	84720	101.2186	584	204.6324	292	204.6325
group_6995	457	6446	14.1050	45	28.8791	22	28.2373
group_6996	576	5402	9.3785	38	19.3485	19	19.3485
group_6997	186	235	1.2634	2	3.1536	1	3.1536
group_7000	1407	67142	47.7200	456	95.0512	228	95.0513
group_17222	420	3514	8.3667	26	18.1556	13	18.1556
group_7002	393	32461	82.5980	234	174.6266	117	174.6266
group_7003	387	151	0.3902	1	0.7578	0	0.0000
ycf66	822	86499	105.2299	587	209.4369	293	209.0802
tolB	522	53576	102.6360	370	207.8826	185	207.8827
group_7004	822	1552	1.8881	11	3.9247	5	3.5679
group_7005	1890	213688	113.0624	1433	222.3675	716	222.2124
group_7007	1455	144410	99.2509	979	197.3362	489	197.1347
group_7008	351	29505	84.0598	220	183.8242	110	183.8242
accD	960	98049	102.1344	673	205.6037	336	205.2982
group_7010	1692	9942	5.8759	67	11.6135	33	11.4401
group_7012	807	6499	8.0533	45	16.3541	22	15.9907
group_7014	219	1858	8.4840	16	21.4271	8	21.4271
bepA	801	87734	109.5306	597	218.5893	298	218.2232
group_7016	801	37421	46.7179	261	95.5642	130	95.1980
group_7019	798	3060	3.8346	21	7.7180	10	7.3505
group_7020	1485	14011	9.4350	92	18.1697	46	18.1697
group_7022	222	0	0.0000	0	0.0000	0	0.0000
ycgM	792	88419	111.6402	607	224.7763	303	224.4061
group_7023	912	84608	92.7719	564	181.3724	282	181.3725
group_7025	177	646	3.6497	6	9.9418	3	9.9418
group_7026	753	1854	2.4622	13	5.0633	6	4.6738
group_7027	783	75869	96.8953	526	197.0203	263	197.0204
group_7028	390	5463	14.0077	37	27.8243	18	27.0723
group_17731	1104	906	0.8207	6	1.5939	3	1.5939
group_7029	1089	4590	4.2149	32	8.6181	16	8.6181
fabI	891	90941	102.0662	620	204.0803	310	204.0803
group_7031	3306	4661	1.4099	32	2.8388	16	2.8388
group_7033	777	19956	25.6834	138	52.0889	69	52.0889
group_7034	1998	50577	25.3138	341	50.0548	170	49.9080
group_7035	966	600	0.6211	4	1.2144	2	1.2144
scpA	786	87400	111.1959	597	222.7608	298	222.3877
hdhA	768	3458	4.5026	25	9.5470	12	9.1651
group_7041	1326	140168	105.7074	949	209.8987	474	209.6776
group_7042	768	4346	5.6589	30	11.4564	15	11.4564
group_7043	756	35971	47.5807	252	97.7610	126	97.7611
group_17236	591	440	0.7445	3	1.4887	1	0.9925
group_7044	765	18676	24.4131	131	50.2223	65	49.8390
group_7045	924	21870	23.6688	148	46.9761	74	46.9761
cobK	747	19840	26.5596	133	52.2177	66	51.8251
psbQ	525	50386	95.9733	364	203.3429	182	203.3430
group_7047	246	0	0.0000	0	0.0000	0	0.0000
group_7048	1839	209675	114.0158	1418	226.1421	709	226.1422
group_7049	1143	127479	111.5302	865	221.9509	432	221.6944
group_7050	1647	762	0.4627	7	1.2465	3	1.0684
group_7051	1098	302	0.2750	2	0.5342	1	0.5342
wecG	735	77511	105.4571	536	213.8772	268	213.8773
maf	699	62822	89.8741	433	181.6761	216	181.2566
group_7052	1605	176787	110.1477	1198	218.9116	599	218.9117
group_7053	1512	19673	13.0112	133	25.7980	66	25.6041
group_17163	396	272	0.6869	2	1.4812	1	1.4812
group_7055	522	906	1.7356	6	3.3711	3	3.3711
group_7056	2970	20912	7.0411	134	13.2323	67	13.2323
sfsA	720	74245	103.1181	513	208.9642	256	208.5569
group_7057	1203	134959	112.1854	918	223.8021	459	223.8021
group_7058	462	31824	68.8831	222	140.9282	111	140.9283
group_7059	711	79609	111.9677	549	226.4591	274	226.0467
group_7061	3291	49698	15.1012	334	29.7650	167	29.7650
group_7062	3666	166557	45.4329	1097	87.7609	548	87.6809
group_7063	1677	162641	96.9833	1087	190.1006	543	189.9258
group_7064	288	12160	42.2222	88	89.6143	44	89.6143
group_7065	426	6692	15.7089	48	33.0460	24	33.0460
glnA3	2172	237939	109.5483	1592	214.9662	796	214.9663
group_7067	207	0	0.0000	0	0.0000	0	0.0000
group_7068	216	428	1.9815	4	5.4312	2	5.4312
group_7069	288	0	0.0000	0	0.0000	0	0.0000
group_7070	150	744	4.9600	7	13.6865	3	11.7313
group_7072	699	7073	10.1187	49	20.5592	24	20.1396
group_7073	1176	10113	8.5995	69	17.2079	34	16.9586
group_7075	657	27306	41.5616	193	86.1547	96	85.7083
group_7076	375	0	0.0000	0	0.0000	0	0.0000
trmD	696	64661	92.9037	443	186.6730	221	186.2517
group_7079	753	3680	4.8871	26	10.1266	13	10.1266
group_7080	453	38950	85.9823	276	178.6890	138	178.6891
group_7084	354	14995	42.3588	108	89.4762	54	89.4762
group_7085	777	78132	100.5560	538	203.0712	269	203.0712
group_7087	606	48553	80.1205	335	162.1284	167	161.6445
group_7090	2454	240714	98.0905	1513	180.8220	756	180.7026
group_7089	408	25047	61.3897	185	132.9837	92	132.2650
group_7091	621	18199	29.3060	127	59.9790	63	59.5067
acnB	2610	161131	61.7360	1083	121.6956	541	121.5833
group_7092	768	7882	10.2630	53	20.2396	26	19.8577
group_7094	168	94	0.5595	2	3.4915	1	3.4915
hypF	2448	263972	107.8317	1767	211.6958	883	211.5760
group_7096	2340	34856	14.8957	233	29.2030	116	29.0776
group_7097	543	1341	2.4696	10	5.4012	5	5.4012
group_7098	1296	77605	59.8804	518	117.2227	259	117.2227
group_7101	1260	87837	69.7119	595	138.4948	297	138.2621
group_7102	2409	295697	122.7468	1982	241.2981	991	241.2982
group_7103	744	151	0.2030	1	0.3942	0	0.0000
group_7104	2214	99025	44.7267	560	74.1818	280	74.1818
group_7106	717	68895	96.0879	472	193.0678	236	193.0679
group_7108	1827	29590	16.1959	197	31.6238	98	31.4633
group_7110	315	14738	46.7873	103	95.8989	51	94.9679
sepF	573	49612	86.5829	349	178.6314	174	178.1196
group_7113	102	196	1.9216	2	5.7506	1	5.7507
group_7115	612	3489	5.7010	24	11.5013	12	11.5013
group_7116	411	0	0.0000	0	0.0000	0	0.0000
group_7117	516	214	0.4147	2	1.1368	1	1.1368
group_7118	1245	56410	45.3092	380	89.5161	190	89.5161
group_7120	336	0	0.0000	0	0.0000	0	0.0000
group_7122	1068	102388	95.8689	695	190.8537	347	190.5791
group_7124	537	41731	77.7114	291	158.9299	145	158.3838
group_7125	123	0	0.0000	0	0.0000	0	0.0000
group_7127	213	6975	32.7465	53	72.9765	26	71.5996
ydhS	2178	213175	97.8765	1423	191.6170	711	191.4824
group_7129	5142	7796	1.5161	54	3.0800	27	3.0800
group_7130	93	0	0.0000	0	0.0000	0	0.0000
group_7131	597	13951	23.3685	96	47.1611	48	47.1611
valS	2766	151030	54.6023	1003	106.3496	501	106.2436
cobI	720	78839	109.4986	536	218.3330	268	218.3330
group_7133	303	302	0.9967	2	1.9359	1	1.9359
cobJ	1446	155145	107.2925	1046	212.1536	523	212.1537
glgA	1479	163540	110.5747	1094	216.9383	547	216.9383
group_7135	246	3350	13.6179	25	29.8052	12	28.6130
group_7137	435	6348	14.5931	47	31.6881	23	31.0139
group_7139	1191	849	0.7128	6	1.4775	3	1.4775
group_7140	1428	12902	9.0350	78	16.0197	39	16.0197
group_7141	180	151	0.8389	1	1.6294	0	0.0000
group_7142	387	15743	40.6796	109	82.6043	54	81.8465
group_7143	891	2869	3.2200	19	6.2541	9	5.9249
group_7145	327	14423	44.1070	109	97.7610	54	96.8642
group_7148	708	94	0.1328	2	0.8285	1	0.8285
group_7150	777	302	0.3887	2	0.7549	1	0.7549
group_7151	738	144	0.1951	1	0.3974	0	0.0000
topA	2661	266534	100.1631	1775	195.6323	887	195.5221
group_7154	1056	101508	96.1250	696	193.3002	348	193.3003
group_7157	543	9257	17.0479	68	36.7279	34	36.7279
group_7159	813	49357	60.7097	332	119.7663	166	119.7663
group_7160	6525	17424	2.6703	120	5.3937	60	5.3937
group_7161	936	90075	96.2340	609	190.8220	304	190.5087
group_7163	846	46348	54.7849	317	109.8945	158	109.5479
group_7164	453	38937	85.9536	279	180.6313	139	179.9839
group_7165	375	4643	12.3813	35	27.3731	17	26.5910
group_7168	195	0	0.0000	0	0.0000	0	0.0000
group_7169	225	7602	33.7867	54	70.3879	27	70.3880
group_7175	1299	129605	99.7729	856	193.2643	428	193.2644
group_7176	888	2463	2.7736	17	5.6147	8	5.2844
moeB	1362	135068	99.1689	912	196.3834	456	196.3834
group_7180	198	3578	18.0707	28	41.4744	14	41.4744
group_7181	171	278	1.6257	2	3.4302	1	3.4302
group_7182	528	2354	4.4583	16	8.8874	8	8.8874
group_7186	579	37551	64.8549	266	134.7380	133	134.7380
group_7187	1209	29720	24.5823	197	47.7889	98	47.5463
group_7188	240	304	1.2667	2	2.4440	1	2.4440
group_7189	2052	224093	109.2071	1496	213.8165	748	213.8166
group_7191	594	34438	57.9764	235	116.0295	117	115.5358
group_7192	246	386	1.5691	3	3.5766	1	2.3844
group_7193	789	776	0.9835	6	2.2303	3	2.2303
purN	645	24546	38.0558	168	76.3900	84	76.3900
psbZ	219	1185	5.4110	8	10.7135	4	10.7135
group_7196	369	28025	75.9485	195	154.9870	97	154.1922
group_7197	1545	34033	22.0278	226	42.9010	113	42.9010
group_7198	1176	1327	1.1284	9	2.2445	4	1.9951
group_7199	597	44136	73.9296	302	148.3610	151	148.3610
group_7201	240	298	1.2417	2	2.4440	1	2.4440
nth	678	71686	105.7316	491	212.3923	245	211.9598
group_7202	1059	118247	111.6591	801	221.8317	400	221.5548
group_7203	270	4442	16.4519	34	36.9319	17	36.9320
group_7204	2817	327879	116.3930	2189	227.9008	1094	227.7968
dob10	2928	99585	34.0113	665	66.6097	332	66.5096
group_7206	879	25462	28.9670	167	55.7204	83	55.3868
group_19137	954	1956	2.0503	13	3.9965	6	3.6891
tlyC	1335	126968	95.1071	854	187.6133	427	187.6134
group_7210	1617	179352	110.9165	1207	218.9194	603	218.7381
group_7211	1794	104604	58.3077	704	115.0899	352	115.0899
group_7212	534	4933	9.2378	34	18.6735	17	18.6735
group_7213	513	1749	3.4094	13	7.4321	6	6.8604
group_7214	786	73113	93.0191	497	185.4474	248	185.0744
gorA	1353	146657	108.3939	990	214.5974	495	214.5974
baeS	1443	171955	119.1649	1169	237.5938	584	237.3907
lys9	1104	117084	106.0543	799	212.2583	399	211.9927
ppsA	2445	277716	113.5853	1857	222.7512	928	222.6313
group_7218	165	2467	14.9515	20	35.5495	10	35.5495
group_7219	786	17442	22.1908	121	45.1492	60	44.7761
group_7221	339	8134	23.9941	59	51.0434	29	50.1782
group_7222	1389	87429	62.9438	586	123.7321	293	123.7321
pabA	588	15205	25.8588	105	52.3720	52	51.8732
group_7223	240	6015	25.0625	45	54.9906	22	53.7686
group_7224	576	20909	36.3003	145	73.8299	72	73.3208
group_7228	2019	218108	108.0277	1467	213.0987	733	212.9535
speA	2043	240863	117.8967	1623	232.9899	811	232.8465
group_7231	171	0	0.0000	0	0.0000	0	0.0000
ribN	882	548	0.6213	4	1.3301	2	1.3301
group_7235	276	2247	8.1413	16	17.0019	8	17.0019
group_7236	426	1036	2.4319	7	4.8192	3	4.1307
group_7239	936	0	0.0000	0	0.0000	0	0.0000
group_7240	783	2637	3.3678	18	6.7421	9	6.7421
group_7241	978	0	0.0000	0	0.0000	0	0.0000
group_7243	375	136	0.3627	2	1.5642	1	1.5642
group_7244	150	272	1.8133	2	3.9104	1	3.9104
yciH	441	23940	54.2857	166	110.3968	83	110.3968
group_7246	165	1584	9.6000	14	24.8846	7	24.8846
group_7248	789	81616	103.4423	561	208.5321	280	208.1604
group_7249	1335	53208	39.8562	338	74.2544	169	74.2545
group_15059	1383	0	0.0000	0	0.0000	0	0.0000
group_7250	555	47259	85.1514	336	177.5552	168	177.5552
group_7251	711	63955	89.9508	443	182.7347	221	182.3223
group_7252	1683	184385	109.5573	1228	213.9938	614	213.9939
group_7255	2010	6449	3.2085	44	6.4201	22	6.4201
group_7254	531	12004	22.6064	84	46.3951	42	46.3951
group_7256	249	1542	6.1928	12	14.1341	6	14.1341
group_7257	564	841	1.4911	6	3.1200	3	3.1200
group_7260	3882	27564	7.1005	183	13.8256	91	13.7500
group_7261	351	30524	86.9630	218	182.1530	109	182.1531
group_7262	897	91802	102.3434	641	209.5813	320	209.2544
rlmB	885	77407	87.4655	526	174.3129	263	174.3129
group_7266	747	25573	34.2343	177	69.4928	88	69.1002
group_7267	3435	2730	0.7948	19	1.6222	9	1.5369
group_7268	387	36062	93.1835	257	194.7642	128	194.0064
csgG	1047	96897	92.5473	667	186.8384	333	186.5584
group_7270	1668	102590	61.5048	701	123.2563	350	123.0805
group_7275	1245	26084	20.9510	176	41.4601	88	41.4601
group_7276	1035	1755	1.6957	12	3.4004	6	3.4004
group_7277	891	934	1.0483	7	2.3041	3	1.9750
group_7278	810	52834	65.2272	358	129.6239	179	129.6239
group_7279	225	433	1.9244	3	3.9104	1	2.6070
cobQ	1476	154907	104.9505	1045	207.6428	522	207.4442
group_7282	3816	38078	9.9785	244	18.7529	122	18.7529
group_7283	702	55987	79.7536	388	162.0995	194	162.0995
group_7285	1362	156418	114.8443	1053	226.7453	526	226.5300
group_7288	516	22100	42.8295	135	76.7310	67	76.1627
group_7289	1014	100805	99.4132	681	196.9682	340	196.6791
yqaE	168	1316	7.8333	14	24.4403	7	24.4403
group_7291	1809	3272	1.8087	23	3.7289	11	3.5667
srkA	1053	104954	99.6714	717	199.6999	358	199.4214
group_7294	432	18606	43.0694	136	92.3299	68	92.3299
cynS	462	39856	86.2684	277	175.8429	138	175.2081
group_7297	1101	1187	1.0781	9	2.3974	4	2.1310
group_7299	924	83658	90.5390	570	180.9214	285	180.9214
group_7300	696	70400	101.1494	490	206.4780	245	206.4781
group_7301	2445	271995	111.2454	1826	219.0327	913	219.0327
group_7302	771	0	0.0000	0	0.0000	0	0.0000
group_7303	324	1199	3.7006	10	9.0519	5	9.0519
group_7305	1491	154729	103.7753	1043	205.1605	521	204.9638
group_7307	357	30358	85.0364	219	179.9132	109	179.0917
group_7310	717	7851	10.9498	52	21.2702	26	21.2702
group_7311	885	70655	79.8362	480	159.0688	240	159.0688
group_7312	348	18445	53.0029	137	115.4591	68	114.6164
group_7313	1251	3255	2.6019	22	5.1577	11	5.1577
group_7314	531	25410	47.8531	178	98.3133	89	98.3134
cSAP	582	51665	88.7715	360	181.4122	180	181.4123
group_7315	348	0	0.0000	0	0.0000	0	0.0000
group_7317	408	13709	33.6005	100	71.8831	50	71.8831
group_7318	1611	12882	7.9963	88	16.0204	44	16.0204
group_7319	1026	3495	3.4064	25	7.1463	12	6.8604
group_7320	1194	33841	28.3425	196	48.1436	98	48.1436
group_7321	231	3269	14.1515	25	31.7406	12	30.4710
group_7323	654	3281	5.0168	22	9.8658	11	9.8658
group_7326	561	21849	38.9465	150	78.4179	75	78.4180
group_7327	279	2157	7.7312	15	15.7679	7	14.7167
group_7328	300	13244	44.1467	96	93.8506	48	93.8506
group_7331	1599	3085	1.9293	20	3.6683	10	3.6683
group_7332	1137	37918	33.3492	265	68.3553	132	68.0974
group_7333	327	18675	57.1101	129	115.6988	64	114.8020
petE	378	16144	42.7090	123	95.4334	61	94.6575
group_7334	1680	97891	58.2685	660	115.2184	330	115.2184
group_7335	750	80095	106.7933	549	214.6832	274	214.2922
group_7337	231	10275	44.4805	77	97.7610	38	96.4914
group_7338	2940	62531	21.2690	417	41.5983	208	41.4986
group_7339	561	1754	3.1266	18	9.4102	9	9.4102
group_7340	816	425	0.5208	4	1.4377	2	1.4377
group_7341	1185	104341	88.0515	700	173.2474	350	173.2474
group_7343	315	439	1.3937	3	2.7932	1	1.8621
group_7344	291	151	0.5189	1	1.0078	0	0.0000
group_7345	1179	28964	24.5666	196	48.7561	98	48.7562
group_7349	411	23654	57.5523	163	116.3142	81	115.6007
group_7348	693	24153	34.8528	165	69.8293	82	69.4061
group_7351	279	151	0.5412	1	1.0512	0	0.0000
kch	1749	135057	77.2196	905	151.7560	452	151.5883
livM	1140	112341	98.5447	754	193.9785	377	193.9785
group_7353	639	61334	95.9844	428	196.4400	214	196.4401
group_7355	1830	1057	0.5776	7	1.1218	3	0.9616
cOQ4	654	1425	2.1789	11	4.9329	5	4.4845
group_7358	654	35445	54.1972	243	108.9722	121	108.5237
group_7360	264	1052	3.9848	7	7.7764	3	6.6655
group_7361	390	0	0.0000	0	0.0000	0	0.0000
group_7362	186	6231	33.5000	49	77.2627	24	75.6860
group_7363	648	10053	15.5139	67	30.3240	33	29.8714
group_7364	546	6097	11.1667	42	22.5602	21	22.5602
group_7365	903	4257	4.7143	31	10.0684	15	9.7436
group_7366	477	37474	78.5618	261	160.4756	130	159.8608
rlmD	1803	207077	114.8514	1395	226.9162	697	226.7536
group_7368	1785	212773	119.2006	1387	227.8900	693	227.7258
group_7370	969	6963	7.1858	49	14.8306	24	14.5280
group_7371	960	913	0.9510	7	2.1385	3	1.8330
yfbK	1263	117344	92.9089	792	183.9115	396	183.9115
group_7372	429	27766	64.7226	194	132.6268	97	132.6269
pQQ	1842	208967	113.4457	1408	224.1816	704	224.1817
group_7373	588	5808	9.8776	40	19.9512	20	19.9512
ssnA	1323	133211	100.6886	895	198.4039	447	198.1823
aF0785	990	93619	94.5646	635	188.1159	317	187.8197
group_7375	228	759	3.3289	6	7.7180	3	7.7180
selO	1500	141072	94.0480	950	185.7460	475	185.7460
group_7377	258	453	1.7558	3	3.4103	1	2.2735
group_7378	114	0	0.0000	0	0.0000	0	0.0000
group_7379	402	12088	30.0697	81	59.0944	40	58.3648
group_7381	273	8570	31.3919	70	75.2008	35	75.2008
group_7382	333	12802	38.4444	102	89.8345	51	89.8345
group_7383	252	198	0.7857	2	2.3276	1	2.3276
group_7385	1614	0	0.0000	0	0.0000	0	0.0000
cheY	618	46495	75.2346	321	152.3364	160	151.8618
group_7386	846	1777	2.1005	12	4.1600	6	4.1600
group_7387	276	693	2.5109	5	5.3131	2	4.2505
group_7388	486	3398	6.9918	24	14.4831	12	14.4831
group_7389	741	50070	67.5709	335	132.5909	167	132.1951
queG	948	99373	104.8238	674	208.5156	337	208.5157
group_7392	372	6170	16.5860	43	33.9010	21	33.1126
uvrD	2301	288287	125.2877	1928	245.7409	964	245.7410
group_7394	219	747	3.4110	6	8.0352	3	8.0352
group_7395	240	306	1.2750	4	4.8881	2	4.8881
tyrS	1218	141455	116.1371	958	230.6775	479	230.6776
group_7397	1383	0	0.0000	0	0.0000	0	0.0000
group_7399	216	5007	23.1806	35	47.5227	17	46.1649
group_7400	765	34531	45.1386	243	93.1605	121	92.7772
murA	1329	130183	97.9556	879	193.9773	439	193.7567
gpmI	1632	165735	101.5533	1113	200.0147	556	199.8351
group_7401	834	47117	56.4952	321	112.8823	160	112.5307
group_7402	477	6475	13.5744	44	27.0534	22	27.0534
group_7407	1131	906	0.8011	6	1.5559	3	1.5559
group_7408	345	1510	4.3768	10	8.5010	5	8.5010
group_7409	573	16655	29.0663	116	59.3732	58	59.3732
ccb1	519	755	1.4547	5	2.8255	2	2.2604
group_7416	462	41243	89.2706	290	184.0954	145	184.0955
group_7417	1080	54545	50.5046	295	80.1097	147	79.8382
group_7419	531	0	0.0000	0	0.0000	0	0.0000
group_7420	573	1775	3.0977	13	6.6539	6	6.1421
group_7421	663	433	0.6531	3	1.3271	1	0.8847
group_7422	360	2882	8.0056	21	17.1082	10	16.2935
group_7423	561	11948	21.2977	83	43.3913	41	42.8685
group_7425	378	4231	11.1931	31	24.0523	15	23.2764
ftsY	1356	292	0.2153	2	0.4326	1	0.4326
group_7427	246	5298	21.5366	36	42.9195	18	42.9195
group_7430	318	4055	12.7516	34	31.3573	17	31.3573
group_7431	198	795	4.0152	11	16.2935	5	14.8123
group_7432	1431	139513	97.4934	958	196.3419	479	196.3419
group_7435	297	1718	5.7845	13	12.8373	6	11.8498
group_7436	156	0	0.0000	0	0.0000	0	0.0000
group_7437	393	10800	27.4809	77	57.4626	38	56.7163
ctpA	1368	140304	102.5614	946	202.8113	473	202.8113
bchH~~~cobN	4131	222984	53.9782	1469	104.2926	734	104.2217
group_7439	2595	21643	8.3403	144	16.2747	72	16.2747
group_7440	183	0	0.0000	0	0.0000	0	0.0000
group_7442	207	0	0.0000	0	0.0000	0	0.0000
rpmF	183	7023	38.3770	54	86.5425	27	86.5426
group_7445	207	4831	23.3382	32	45.3384	16	45.3385
yuiD	453	38730	85.4967	267	172.8622	133	172.2148
aglD2	924	81435	88.1331	557	176.7951	278	176.4778
group_7446	381	14052	36.8819	103	79.2865	51	78.5168
group_7449	1392	134505	96.6272	897	188.9906	448	188.7800
group_7452	435	1373	3.1563	10	6.7421	5	6.7421
group_18945	510	43964	86.2039	291	167.3439	145	166.7689
group_7454	3012	79461	26.3815	531	51.7043	265	51.6069
group_7455	198	184	0.9293	2	2.9625	1	2.9625
group_7456	520	8891	17.0981	59	33.2763	29	32.7124
group_7458	351	6168	17.5726	43	35.9293	21	35.0937
group_7460	387	856	2.2119	6	4.5470	3	4.5470
group_7461	519	50930	98.1310	361	203.9984	180	203.4334
group_7463	1164	114574	98.4313	778	196.0260	389	196.0260
lplA	762	54139	71.0486	375	144.3322	187	143.9474
group_7465	1224	102371	83.6364	689	165.0915	344	164.8520
group_7466	315	864	2.7429	7	6.5174	3	5.5863
group_7467	249	4335	17.4096	32	37.6910	16	37.6910
group_7468	1302	109273	83.9270	737	166.0135	368	165.7883
group_7469	1335	129082	96.6906	871	191.3480	435	191.1284
group_7471	831	72224	86.9122	486	171.5230	243	171.5230
nadC	849	95164	112.0895	660	227.9939	330	227.9940
group_7472	162	5113	31.5617	43	77.8467	21	76.0364
group_7473	465	48672	104.6710	352	222.0121	176	222.0122
group_7474	306	1390	4.5425	7	6.7091	3	5.7507
group_7475	204	5479	26.8578	38	54.6312	19	54.6312
group_7476	552	48412	87.7029	337	179.0514	168	178.5202
group_7477	705	13501	19.1504	94	39.1044	47	39.1044
group_7478	246	0	0.0000	0	0.0000	0	0.0000
group_7479	246	3521	14.3130	25	29.8052	12	28.6130
group_7481	273	782	2.8645	6	6.4458	3	6.4458
group_7483	771	60588	78.5837	414	157.4827	207	157.4828
group_7485	360	25412	70.5889	182	148.2709	91	148.2709
lHCA5	219	8910	40.6849	68	91.0651	34	91.0651
group_7486	213	7774	36.4977	55	75.7304	27	74.3535
amiC	1860	163751	88.0382	1089	171.7125	544	171.5549
group_7488	1353	3552	2.6253	24	5.2024	12	5.2024
group_7490	261	1314	5.0345	11	12.3606	5	11.2369
group_7494	216	0	0.0000	0	0.0000	0	0.0000
group_7495	1590	135993	85.5302	910	167.8538	455	167.8539
cobM	864	78365	90.7002	540	183.3019	270	183.3020
group_7498	357	0	0.0000	0	0.0000	0	0.0000
group_7497	369	0	0.0000	0	0.0000	0	0.0000
gepA	597	3681	6.1658	25	12.2815	12	11.7903
group_7499	1992	3317	1.6652	22	3.2391	11	3.2391
group_7501	1872	210497	112.4450	1409	220.7457	704	220.5891
group_7503	618	48421	78.3511	335	158.9803	167	158.5058
group_7504	990	109826	110.9354	751	222.4804	375	222.1842
group_7505	291	3894	13.3814	27	27.2118	13	26.2040
group_7506	786	40887	52.0191	277	103.3580	138	102.9849
group_7507	234	323	1.3803	3	3.7600	1	2.5067
group_7512	1065	77179	72.4685	529	145.6777	264	145.4024
group_7510	243	1542	6.3457	11	13.2762	5	12.0693
group_7511	282	755	2.6773	5	5.2001	2	4.1600
group_7513	468	8908	19.0342	60	37.6004	30	37.6004
group_7514	1998	13636	6.8248	92	13.5045	46	13.5045
secD	1407	133112	94.6070	906	188.8518	453	188.8519
group_7517	1116	68853	61.6962	461	121.1501	230	120.8873
group_7521	207	0	0.0000	0	0.0000	0	0.0000
fumC	1470	31051	21.1231	212	42.2966	106	42.2966
group_7519	1419	68958	48.5962	460	95.0741	230	95.0742
group_7520	606	0	0.0000	0	0.0000	0	0.0000
group_7522	279	12105	43.3871	85	89.3515	42	88.3003
group_7531	951	74577	78.4196	504	155.4308	252	155.4308
group_7525	714	1645	2.3039	11	4.5184	5	4.1076
group_7526	792	2191	2.7664	14	5.1843	7	5.1843
group_7528	1209	52342	43.2936	340	82.4783	170	82.4783
rpsN	303	11012	36.3432	75	72.5948	37	71.6269
group_7529	2418	17576	7.2688	121	14.6763	60	14.5550
group_7530	1038	95952	92.4393	648	183.0900	324	183.0901
group_7533	879	79811	90.7975	544	181.5085	272	181.5086
group_7535	987	1157	1.1722	8	2.3772	4	2.3772
group_7538	378	0	0.0000	0	0.0000	0	0.0000
group_7537	153	2042	13.3464	17	32.5870	8	30.6701
group_7540	498	410	0.8233	3	1.7668	1	1.1778
group_7542	327	13715	41.9419	97	86.9983	48	86.1015
group_7544	483	26763	55.4099	194	117.7990	97	117.7990
cYTH	537	28701	53.4469	197	107.5917	98	107.0456
group_7546	1206	126696	105.0547	854	207.6814	427	207.6815
group_7547	330	401	1.2152	4	3.5549	2	3.5549
group_7550	1632	1510	0.9252	10	1.7971	5	1.7971
group_7553	3612	1260	0.3488	10	0.8120	5	0.8120
group_7556	1299	453	0.3487	3	0.6773	1	0.4516
group_7555	1239	0	0.0000	0	0.0000	0	0.0000
group_7557	1062	27537	25.9294	188	51.9183	94	51.9183
patD	360	25671	71.3083	191	155.6030	95	154.7883
wcaE	2220	145402	65.4964	984	129.9957	492	129.9958
group_7558	282	754	2.6738	5	5.2001	2	4.1600
group_7560	513	168	0.3275	2	1.1434	1	1.1434
group_7561	546	4822	8.8315	35	18.8002	17	18.2631
group_7565	321	599	1.8660	5	4.5683	2	3.6546
group_7566	1098	124284	113.1913	848	226.5064	424	226.5065
group_7567	1827	918	0.5025	6	0.9632	3	0.9632
group_7568	729	39160	53.7174	270	108.6234	135	108.6234
group_7569	261	2355	9.0230	20	22.4738	10	22.4738
group_7570	456	43478	95.3465	372	239.2573	186	239.2573
group_7571	618	12856	20.8026	93	44.1348	46	43.6603
group_7572	894	28562	31.9485	191	62.6589	95	62.3309
group_7576	654	13163	20.1269	92	41.2569	46	41.2570
group_7578	3471	45538	13.1196	309	26.1090	154	26.0246
group_7580	966	18771	19.4317	128	38.8615	64	38.8615
group_7581	192	914	4.7604	7	10.6926	3	9.1651
group_7583	243	755	3.1070	5	6.0346	2	4.8277
group_7585	189	1988	10.5185	17	26.3800	8	24.8282
osmF	1530	104765	68.4739	706	135.3319	353	135.3320
pyrE	1434	151039	105.3271	1029	210.4521	514	210.2476
group_7586	609	3344	5.4910	23	11.0764	11	10.5948
psaE	243	333	1.3704	3	3.6208	1	2.4139
group_7588	627	9012	14.3732	61	28.5331	30	28.0654
group_7592	1104	31176	28.2391	208	55.2562	104	55.2562
group_7593	1203	302	0.2510	2	0.4876	1	0.4876
group_7594	1101	0	0.0000	0	0.0000	0	0.0000
group_7595	804	38685	48.1157	268	97.7610	134	97.7611
group_7597	726	1474	2.0303	11	4.4437	5	4.0397
recJ	2295	274491	119.6039	1839	235.0098	919	234.8821
accA	990	100216	101.2283	685	202.9282	342	202.6320
group_7599	1236	53027	42.9021	353	83.7613	176	83.5240
group_7600	2016	4904	2.4325	33	4.8008	16	4.6553
secA	2832	341315	120.5208	2289	237.0498	1144	236.9463
group_7602	402	11454	28.4925	81	59.0944	40	58.3648
csdA	1215	144089	118.5918	981	236.7989	490	236.5576
group_7603	648	46070	71.0957	319	144.3786	159	143.9260
group_7607	525	0	0.0000	0	0.0000	0	0.0000
group_7609	1971	202444	102.7113	1333	198.3492	666	198.2005
shc	2145	227250	105.9441	1517	207.4175	758	207.2808
group_7612	309	3224	10.4337	23	21.8301	11	20.8810
group_7613	1368	18252	13.3421	124	26.5841	62	26.5841
group_7614	216	1140	5.2778	8	10.8623	4	10.8623
group_7615	1038	38323	36.9200	258	72.8970	129	72.8970
group_7616	1254	62865	50.1316	430	100.5676	215	100.5676
group_7619	1749	128738	73.6066	864	144.8808	432	144.8809
group_7620	939	12905	13.7433	87	27.1732	43	26.8609
aNKYR	1410	153517	108.8773	1041	216.5303	520	216.3223
ycf55	1650	194878	118.1079	1310	232.8490	655	232.8491
group_7622	201	349	1.7363	3	4.3774	1	2.9182
group_7623	957	52822	55.1954	373	114.3099	186	114.0035
group_7626	1680	180066	107.1821	1209	211.0591	604	210.8846
coxB	978	99863	102.1094	685	205.4181	342	205.1183
group_7628	825	69853	84.6703	485	172.4149	242	172.0595
group_7629	987	5550	5.6231	39	11.5887	19	11.2916
group_7630	1701	166366	97.8048	1119	192.9358	559	192.7634
group_7632	186	383	2.0591	3	4.7304	1	3.1536
group_7633	1365	93134	68.2300	625	134.2871	312	134.0723
group_7636	573	50232	87.6649	339	173.5130	169	173.0012
hisD	1266	143072	113.0111	971	224.9430	485	224.7114
arsH~~~arsC	1254	118868	94.7911	762	178.2151	381	178.2151
group_7637	1392	138212	99.2902	935	196.9969	467	196.7863
ubiD	1530	173499	113.3980	1173	224.8504	586	224.6587
group_7638	294	1939	6.5952	17	16.9585	8	15.9610
group_7639	255	0	0.0000	0	0.0000	0	0.0000
group_7643	300	2630	8.7667	21	20.5298	10	19.5522
group_7641	1518	163346	107.6061	1095	211.5580	547	211.3648
group_7645	591	35657	60.3333	253	125.5510	126	125.0548
group_7646	1149	3322	2.8912	22	5.6155	11	5.6155
group_7648	336	24660	73.3929	177	154.4973	88	153.6245
group_7649	1899	11143	5.8678	75	11.5831	37	11.4286
group_7650	1917	24117	12.5806	161	24.6315	80	24.4785
group_7651	1482	49898	33.6694	336	66.4933	168	66.4934
cofD	1374	148782	108.2838	1009	215.3731	504	215.1597
ovoA	1356	15039	11.0907	100	21.6285	50	21.6286
pMT1	1314	144941	110.3052	984	219.6275	492	219.6276
group_7655	3288	2123	0.6457	14	1.2488	7	1.2488
group_7656	1419	0	0.0000	0	0.0000	0	0.0000
group_7657	1314	302	0.2298	2	0.4464	1	0.4464
hppD	1260	133529	105.9754	896	208.5569	448	208.5569
hinT	342	27119	79.2953	199	170.6530	99	169.7955
group_7658	939	3664	3.9020	25	7.8084	12	7.4961
group_7660	285	2737	9.6035	22	22.6394	11	22.6394
group_7663	330	21054	63.8000	149	132.4218	74	131.5331
group_7665	882	3530	4.0023	25	8.3130	12	7.9805
group_7666	255	0	0.0000	0	0.0000	0	0.0000
group_7667	301	533	1.7708	5	4.8718	2	3.8975
group_7668	1218	131007	107.5591	883	212.6182	441	212.3775
group_7669	1299	8240	6.3433	56	12.6435	28	12.6435
group_7670	492	6824	13.8699	47	28.0169	23	27.4208
group_7672	258	3901	15.1202	29	32.9659	14	31.8292
group_7673	1533	50369	32.8565	336	64.2812	168	64.2812
group_7675	417	9899	23.7386	68	47.8255	34	47.8256
group_7674	345	2348	6.8058	17	14.4516	8	13.6015
group_7676	744	32355	43.4879	221	87.1177	110	86.7235
dinG	1509	164003	108.6832	1110	215.7351	555	215.7351
group_7678	243	4556	18.7490	35	42.2424	17	41.0355
pucG	1155	133087	115.2268	900	228.5323	450	228.5323
group_7679	747	4012	5.3708	27	10.6006	13	10.2080
group_7680	1920	124145	64.6589	837	127.8531	418	127.7004
group_7681	210	923	4.3952	6	8.3795	3	8.3795
group_7683	1206	117517	97.4436	795	193.3334	397	193.0902
group_7685	1149	11502	10.0104	46	11.7415	23	11.7415
glnQ	1116	116651	104.5260	798	209.7132	399	209.7132
group_7687	744	47114	63.3253	320	126.1433	160	126.1433
group_7688	2211	244154	110.4270	1636	217.0109	818	217.0110
group_7689	465	2120	4.5591	14	8.8300	7	8.8300
group_7691	378	19949	52.7751	146	113.2787	73	113.2787
group_7692	972	3136	3.2263	21	6.3364	10	6.0346
group_7696	1152	111016	96.3681	754	191.9578	377	191.9579
group_7697	1344	153777	114.4174	1043	227.5999	521	227.3817
hisB1	660	39254	59.4758	277	123.0900	138	122.6457
pilT	1110	109126	98.3117	739	195.2578	369	194.9937
group_7699	531	43761	82.4124	299	165.1443	149	164.5921
ribD	1140	122362	107.3351	826	212.5016	413	212.5017
group_7701	1137	5714	5.0255	46	11.8655	23	11.8655
pyrC	1272	142401	111.9505	971	223.8820	485	223.6515
group_7703	573	33693	58.8010	239	122.3292	119	121.8174
group_7706	948	24252	25.5823	169	52.2836	84	51.9742
group_7709	177	151	0.8531	1	1.6570	0	0.0000
group_7711	174	375	2.1552	3	5.0566	1	3.3711
recA	1179	132412	112.3087	895	222.6364	447	222.3877
manB	1443	165840	114.9272	1118	227.2283	559	227.2284
group_7712	1440	51256	35.5944	343	69.8584	171	69.6548
group_7713	1536	9211	5.9967	61	11.6473	30	11.4564
group_7714	420	26991	64.2643	186	129.8825	93	129.8825
group_7716	333	302	0.9069	2	1.7615	1	1.7615
group_7719	447	32054	71.7092	223	146.3135	111	145.6574
tda10	1140	107663	94.4412	726	186.7750	363	186.7751
group_7721	254	1983	7.8071	14	16.1652	7	16.1652
mlaE	951	79476	83.5710	538	165.9162	269	165.9162
ribH	546	34869	63.8626	241	129.4528	120	128.9157
group_7725	972	3828	3.9383	26	7.8450	13	7.8450
group_7726	999	90261	90.3514	624	183.1918	312	183.1919
group_7727	2235	240	0.1074	2	0.2624	1	0.2624
group_7728	816	11348	13.9069	77	27.6750	38	27.3156
iaaA	1038	93501	90.0780	632	178.5693	316	178.5693
group_7729	1017	17475	17.1829	118	34.0289	59	34.0289
group_7730	822	81220	98.8078	546	194.8085	273	194.8085
group_7731	621	19304	31.0853	141	66.5908	70	66.1186
group_7732	270	203	0.7519	2	2.1725	1	2.1725
glgB	2280	251684	110.3877	1692	217.6469	846	217.6470
hslO	915	96715	105.6995	661	211.8690	330	211.5485
group_7738	591	889	1.5042	6	2.9775	3	2.9775
group_7736	1167	16912	14.4919	116	29.1524	58	29.1524
group_7739	363	3836	10.5675	33	26.6621	16	25.8542
group_7741	672	58649	87.2753	401	175.0097	200	174.5733
group_7742	648	57486	88.7130	392	177.4182	196	177.4182
group_7743	1227	26684	21.7474	182	43.5025	91	43.5025
group_7745	2112	244426	115.7320	1640	227.7388	820	227.7388
group_7746	174	0	0.0000	0	0.0000	0	0.0000
tagH	756	71678	94.8122	492	190.8668	246	190.8668
group_7750	954	98046	102.7736	668	205.3596	334	205.3597
group_7751	555	574	1.0342	4	2.1138	2	2.1138
group_7752	288	0	0.0000	0	0.0000	0	0.0000
group_7753	858	21797	25.4044	134	45.8041	67	45.8041
group_7755	855	57240	66.9474	390	133.7782	195	133.7783
group_7757	882	67423	76.4433	464	154.2895	232	154.2896
group_7760	1065	3896	3.6582	26	7.1600	13	7.1600
group_7761	186	608	3.2688	4	6.3072	2	6.3072
group_7762	807	87425	108.3333	601	218.4178	300	218.0544
group_7763	840	5344	6.3619	38	13.2676	19	13.2676
group_7764	771	43796	56.8042	300	114.1179	150	114.1180
group_7765	855	8434	9.8643	58	19.8952	29	19.8952
group_7766	216	224	1.0370	2	2.7156	1	2.7156
group_7768	1749	119373	68.2521	818	137.1673	409	137.1673
group_7770	126	0	0.0000	0	0.0000	0	0.0000
yckC	1584	156805	98.9931	1063	196.8181	531	196.6330
group_7772	1086	2871	2.6436	19	5.1311	9	4.8610
group_7774	1437	158238	110.1169	1072	218.7888	536	218.7888
pykF	1659	183451	110.5793	1232	217.7967	616	217.7968
group_7777	480	26149	54.4771	191	116.7022	95	116.0913
group_7778	459	9266	20.1874	67	42.8104	33	42.1714
mnmA	477	1812	3.7987	12	7.3782	6	7.3782
group_7780	417	14673	35.1871	103	72.4416	51	71.7383
yafJ	771	62279	80.7769	431	163.9494	215	163.5691
group_7786	276	15169	54.9601	110	116.8882	55	116.8882
group_7787	762	27174	35.6614	183	70.4341	91	70.0493
group_7788	2364	249865	105.6959	1677	208.0523	838	207.9283
group_7790	813	10687	13.1451	74	26.6949	37	26.6949
group_7791	528	15066	28.5341	101	56.1015	50	55.5461
group_7794	759	75264	99.1621	529	204.4094	264	204.0231
group_7795	1056	47761	45.2282	327	90.8178	163	90.5401
group_7796	507	2892	5.7041	20	11.5694	10	11.5694
group_7799	360	30205	83.9028	219	178.4139	109	177.5993
group_7801	513	42710	83.2554	305	174.3691	152	173.7974
group_7804	429	151	0.3520	1	0.6836	0	0.0000
group_7806	318	24707	77.6950	176	162.3202	88	162.3202
group_7807	549	453	0.8251	3	1.6026	1	1.0684
group_7808	210	8256	39.3143	58	81.0020	29	81.0020
group_7809	195	1469	7.5333	12	18.0482	6	18.0482
group_7810	264	8798	33.3258	66	73.3208	33	73.3208
group_7811	363	8289	22.8347	61	49.2845	30	48.4766
group_7812	366	28776	78.6230	202	161.8666	101	161.8667
group_7814	468	1663	3.5534	9	5.6401	4	5.0134
group_7818	174	1649	9.4770	13	21.9120	6	20.2264
group_7817	897	73515	81.9565	499	163.1530	249	162.8261
group_7819	317	3111	9.8139	21	19.4288	10	18.5037
murJ	1758	107210	60.9841	715	119.2818	357	119.1150
group_7823	231	496	2.1472	4	5.0785	2	5.0785
group_7824	1755	2688	1.5316	18	3.0080	9	3.0080
group_7825	1716	1214	0.7075	8	1.3673	4	1.3673
group_7826	1374	155344	113.0597	1051	224.3381	525	224.1247
pyrF	843	81192	96.3132	528	183.6933	264	183.6934
group_7828	1407	0	0.0000	0	0.0000	0	0.0000
group_7830	1197	59993	50.1195	345	84.5302	172	84.2852
group_7831	366	21552	58.8852	150	120.1980	75	120.1980
group_7832	750	73144	97.5253	505	197.4773	252	197.0863
group_7833	247	1453	5.8826	13	15.4360	6	14.2486
group_7834	1305	140157	107.4000	951	213.7258	475	213.5012
group_7837	1443	2075	1.4380	14	2.8454	7	2.8454
group_7838	1419	78297	55.1776	531	109.7486	265	109.5420
group_7840	150	0	0.0000	0	0.0000	0	0.0000
group_7841	357	15946	44.6667	120	98.5825	60	98.5826
group_7842	462	0	0.0000	0	0.0000	0	0.0000
group_7843	486	23359	48.0638	162	97.7610	81	97.7611
group_7850	261	1054	4.0383	10	11.2369	5	11.2369
group_7845	1185	2265	1.9114	15	3.7124	7	3.4649
thrA	1461	179597	122.9274	1209	242.6963	604	242.4956
group_7846	744	302	0.4059	2	0.7884	1	0.7884
group_7847	357	26700	74.7899	188	154.4460	94	154.4460
group_7848	1890	1541	0.8153	11	1.7069	5	1.5518
group_7849	1749	10495	6.0006	69	11.5703	34	11.4027
phaF	324	20340	62.7778	153	138.4948	76	137.5896
group_7856	624	11863	19.0112	83	39.0104	41	38.5404
group_7857	237	1128	4.7595	8	9.8999	4	9.8999
group_7859	813	107476	132.1968	734	264.7845	367	264.7846
group_7862	924	0	0.0000	0	0.0000	0	0.0000
hflX	1704	200891	117.8938	1358	233.7315	679	233.7315
group_7865	177	0	0.0000	0	0.0000	0	0.0000
group_7868	1005	12585	12.5224	85	24.8050	42	24.5132
iscA	480	29332	61.1083	202	123.4233	101	123.4233
group_7870	180	1806	10.0333	12	19.5522	6	19.5522
group_7871	1050	1208	1.1505	8	2.2345	4	2.2345
group_7872	1230	115855	94.1911	781	186.2228	390	185.9845
group_7873	378	15285	40.4365	104	80.6916	52	80.6917
group_7875	216	151	0.6991	1	1.3578	0	0.0000
rimL	525	32456	61.8210	225	125.6927	112	125.1342
group_7878	297	2774	9.3401	19	18.7622	9	17.7747
group_7877	660	38974	59.0515	265	117.7576	132	117.3133
group_7879	804	69346	86.2512	463	168.8931	231	168.5284
metF	894	99909	111.7550	690	226.3594	345	226.3595
group_7882	1671	46296	27.7056	314	55.1112	157	55.1113
ribF	924	99092	107.2424	680	215.8360	340	215.8361
group_7883	927	1721	1.8565	12	3.7965	6	3.7965
group_7884	603	29987	49.7297	201	97.7610	100	97.2747
group_7885	120	0	0.0000	0	0.0000	0	0.0000
group_7887	687	34068	49.5895	216	92.2113	108	92.2113
group_7890	1218	76054	62.4417	492	118.4690	246	118.4691
group_7892	537	41108	76.5512	284	155.1069	142	155.1069
group_7894	252	302	1.1984	2	2.3276	1	2.3276
group_7896	291	2707	9.3024	18	18.1412	9	18.1412
group_7905	252	8180	32.4603	61	70.9931	30	69.8293
group_7902	261	371	1.4215	3	3.3711	1	2.2474
group_7907	234	314	1.3419	2	2.5067	1	2.5067
group_7909	270	151	0.5593	1	1.0862	0	0.0000
group_5031	288	0	0.0000	0	0.0000	0	0.0000
argS	1896	193839	102.2358	1301	201.2454	650	201.0908
group_7913	1188	75568	63.6094	511	126.1512	255	125.9044
group_7916	981	55306	56.3772	373	111.5133	186	111.2144
gltS	1209	12388	10.2465	88	21.3473	44	21.3473
group_7917	1461	2469	1.6899	17	3.4126	8	3.2119
group_7919	1041	89275	85.7589	598	168.4758	299	168.4758
group_7920	246	15591	63.3780	113	134.7195	56	133.5273
group_7923	213	9511	44.6526	67	92.2534	33	90.8765
group_7924	1374	143203	104.2234	984	210.0368	492	210.0369
group_7925	621	36692	59.0853	251	118.5411	125	118.0689
group_7930	1293	135619	104.8871	919	208.4510	459	208.2242
ftsZ	1251	125180	100.0639	846	198.3353	423	198.3354
group_7933	1089	19571	17.9715	134	36.0881	67	36.0881
group_7935	2973	2738	0.9210	19	1.8743	9	1.7757
ackA	1215	121794	100.2420	824	198.9014	412	198.9015
group_7939	930	76984	82.7785	522	164.6170	261	164.6170
group_7940	573	1066	1.8604	7	3.5829	3	3.0710
group_7941	273	2073	7.5934	16	17.1888	8	17.1888
group_7942	306	10921	35.6895	75	71.8831	37	70.9247
group_7944	360	0	0.0000	0	0.0000	0	0.0000
group_7945	735	45959	62.5293	314	125.2937	157	125.2938
group_7946	870	13875	15.9483	102	34.3849	51	34.3849
group_7947	894	48710	54.4855	328	107.6027	164	107.6028
group_7948	234	8261	35.3034	58	72.6941	29	72.6941
group_7950	234	280	1.1966	2	2.5067	1	2.5067
group_7952	1200	86860	72.3833	592	144.6863	296	144.6864
group_7955	660	151	0.2288	1	0.4444	0	0.0000
group_7954	1371	44943	32.7812	296	63.3201	148	63.3201
group_7958	1299	2567	1.9761	17	3.8382	8	3.6124
group_7960	297	3284	11.0572	23	22.7122	11	21.7247
group_7968	324	9054	27.9444	64	57.9325	32	57.9325
group_7965	807	88281	109.3941	595	216.2372	297	215.8739
group_7967	822	88736	107.9513	610	217.6432	305	217.6432
infB	3153	331434	105.1170	2215	206.0330	1107	205.9400
group_7969	495	2340	4.7273	16	9.4799	8	9.4799
group_7970	918	4396	4.7887	30	9.5844	15	9.5844
group_7971	363	2211	6.0909	16	12.9271	8	12.9271
mutS	2718	307650	113.1898	2059	222.1743	1029	222.0665
group_7974	675	64738	95.9081	452	196.3910	226	196.3911
abcf	2019	228824	113.3353	1532	222.5407	766	222.5408
group_7982	1836	2064	1.1242	14	2.2364	7	2.2364
group_7983	831	23280	28.0144	155	54.7038	77	54.3509
group_7985	1557	53929	34.6365	369	69.5064	184	69.3181
group_7987	789	63319	80.2522	429	159.4657	214	159.0940
group_7988	879	34908	39.7133	226	75.4061	113	75.4061
thiO	2001	226333	113.1099	1509	221.1715	754	221.0250
group_7989	304	303	0.9967	2	1.9295	1	1.9295
group_7991	231	0	0.0000	0	0.0000	0	0.0000
ridA	885	80710	91.1977	548	181.6035	274	181.6036
group_7992	1536	148088	96.4115	976	186.3570	488	186.3570
group_7997	1581	177118	112.0291	1191	220.9362	595	220.7508
group_7998	1287	740	0.5750	5	1.1394	2	0.9115
group_7999	144	0	0.0000	0	0.0000	0	0.0000
folC	1347	132339	98.2472	885	192.6916	442	192.4739
group_8002	1590	181017	113.8472	1225	225.9571	612	225.7727
group_8004	759	6905	9.0975	47	18.1611	23	17.7747
group_8005	468	34565	73.8568	245	153.5349	122	152.9083
group_8007	1587	8533	5.3768	58	10.7186	29	10.7186
group_8009	597	5626	9.4238	38	18.6679	19	18.6679
group_8010	309	4489	14.5275	32	30.3724	16	30.3724
group_8013	873	1577	1.8064	11	3.6954	5	3.3595
group_8015	273	0	0.0000	0	0.0000	0	0.0000
miaB	1353	152547	112.7472	1034	224.1350	517	224.1351
acuC	933	100731	107.9646	702	220.6696	351	220.6697
group_8018	858	18057	21.0455	120	41.0186	60	41.0186
group_8020	840	10082	12.0024	68	23.7420	34	23.7420
group_8019	828	83502	100.8478	568	201.1894	284	201.1894
group_8021	399	0	0.0000	0	0.0000	0	0.0000
group_8022	1932	27109	14.0316	183	27.7799	91	27.6281
group_8023	1266	127478	100.6935	864	200.1553	432	200.1553
group_8024	1155	18399	15.9299	122	30.9788	61	30.9788
group_8026	453	21422	47.2892	154	99.7033	77	99.7033
group_8029	1041	29931	28.7522	200	56.3464	100	56.3464
purD	1323	121694	91.9834	830	183.9947	415	183.9947
group_8033	756	6641	8.7844	46	17.8453	23	17.8453
group_8034	1035	39948	38.5971	273	77.3587	136	77.0754
group_8035	249	18435	74.0361	131	154.2975	65	153.1197
group_8038	1092	96669	88.5247	662	177.7962	331	177.7962
group_8039	513	37853	73.7875	257	146.9274	128	146.3557
cytM	501	50574	100.9461	351	205.4738	175	204.8884
gerM	681	57974	85.1307	404	173.9888	202	173.9888
group_8040	858	223	0.2599	2	0.6836	1	0.6836
group_8042	162	0	0.0000	0	0.0000	0	0.0000
group_8046	864	70119	81.1563	473	160.5589	236	160.2195
group_8048	1209	451	0.3730	3	0.7277	1	0.4852
group_8050	696	79279	113.9066	538	226.7045	269	226.7045
group_8056	303	1661	5.4818	11	10.6472	5	9.6793
group_8057	510	22819	44.7431	158	90.8602	79	90.8603
group_8059	249	5879	23.6104	39	45.9359	19	44.7581
group_8061	372	1142	3.0699	9	7.0956	4	6.3072
group_8062	507	5276	10.4063	35	20.2464	17	19.6679
group_8065	993	75353	75.8842	509	150.3334	254	150.0381
group_8066	474	42442	89.5401	291	180.0535	145	179.4349
group_8072	351	2421	6.8974	17	14.2046	8	13.3690
group_8068	1107	114885	103.7805	791	209.5636	395	209.2987
group_8069	534	28866	54.0562	195	107.0978	97	106.5486
nit2	819	80096	97.7973	549	196.5964	274	196.2383
group_8071	702	453	0.6453	3	1.2533	1	0.8356
group_8074	678	0	0.0000	0	0.0000	0	0.0000
group_8076	693	302	0.4358	2	0.8464	1	0.8464
group_8077	576	151	0.2622	1	0.5092	0	0.0000
group_8079	216	0	0.0000	0	0.0000	0	0.0000
group_8081	309	9201	29.7767	66	62.6430	33	62.6430
nrnA	1224	138136	112.8562	936	224.2753	468	224.2754
group_8086	492	21098	42.8821	148	88.2234	74	88.2234
group_8090	1038	73294	70.6108	496	140.1430	248	140.1430
group_8091	3546	5466	1.5415	36	2.9775	18	2.9775
group_8093	3180	78447	24.6689	521	48.0505	260	47.9583
group_8095	351	5959	16.9772	43	35.9293	21	35.0937
group_8096	654	60576	92.6239	414	185.6563	207	185.6563
group_8097	1563	159993	102.3628	1070	200.7760	535	200.7761
group_8101	570	2650	4.6491	18	9.2616	9	9.2616
group_8102	618	1043	1.6877	7	3.3220	3	2.8474
group_8105	522	10592	20.2912	75	42.1384	37	41.5765
group_8108	270	13001	48.1519	93	101.0197	46	99.9335
group_8110	4497	3041	0.6762	21	1.3696	10	1.3044
group_8112	348	8245	23.6925	55	46.3522	27	45.5095
group_8113	324	755	2.3302	5	4.5260	2	3.6208
group_8115	738	1574	2.1328	11	4.3714	5	3.9740
group_8121	465	32117	69.0688	229	144.4340	114	143.8034
cimA	1641	182985	111.5082	1239	221.4368	619	221.2581
group_8126	258	379	1.4690	3	3.4103	1	2.2735
group_8132	1128	2957	2.6215	20	5.2001	10	5.2001
group_8129	1134	93842	82.7531	570	147.4174	285	147.4175
group_8133	135	0	0.0000	0	0.0000	0	0.0000
group_8135	1377	154541	112.2302	1029	219.1636	514	218.9507
group_8137	3732	418127	112.0383	2792	219.4122	1396	219.4123
group_8138	294	18252	62.0816	135	134.6708	67	133.6733
group_8141	480	0	0.0000	0	0.0000	0	0.0000
group_8147	219	10811	49.3653	78	104.4570	39	104.4570
group_8145	474	37993	80.1540	268	165.8225	134	165.8226
group_8146	462	863	1.8680	6	3.8089	3	3.8089
group_8148	156	0	0.0000	0	0.0000	0	0.0000
group_8149	2142	134819	62.9407	907	124.1866	453	124.0497
group_8150	1491	144089	96.6392	971	190.9979	485	190.8013
group_8151	522	16959	32.4885	120	67.4214	60	67.4214
group_8154	432	5240	12.1296	34	23.0825	17	23.0825
group_8153	222	151	0.6802	1	1.3211	0	0.0000
group_8161	1086	20965	19.3048	142	38.3482	71	38.3483
group_8162	627	54136	86.3413	383	179.1506	191	178.6829
group_8163	1545	128605	83.2395	861	163.4413	430	163.2515
group_8164	975	66235	67.9333	451	135.6622	225	135.3615
group_8165	2076	250	0.1204	2	0.2825	1	0.2825
group_8166	1548	604	0.3902	4	0.7578	2	0.7578
group_8167	1125	65708	58.4071	445	116.0098	222	115.7491
group_8169	699	60104	85.9857	414	173.7041	207	173.7042
group_8170	1956	213570	109.1871	1425	213.6648	712	213.5149
group_8171	1764	27714	15.7109	190	31.5894	95	31.5895
group_8174	324	3466	10.6975	25	22.6299	12	21.7247
group_8176	186	706	3.7957	5	7.8840	2	6.3072
group_8178	282	1402	4.9716	12	12.4801	6	12.4801
group_8179	261	10766	41.2490	78	87.6478	39	87.6478
udp	804	15600	19.4030	108	39.3962	54	39.3962
group_8184	924	10233	11.0747	73	23.1706	36	22.8532
tsaE	471	31508	66.8960	224	139.4807	112	139.4807
group_8186	1296	140174	108.1590	951	215.2100	475	214.9838
group_8188	1317	5132	3.8967	35	7.7942	17	7.5715
group_8190	2166	49699	22.9451	332	44.9538	166	44.9538
group_8191	2181	122342	56.0945	817	109.8635	408	109.7291
group_8192	615	5012	8.1496	36	17.1678	18	17.1678
group_8194	1449	147212	101.5956	989	200.1773	494	199.9750
group_8196	1074	30528	28.4246	205	55.9805	102	55.7074
group_8197	1155	43545	37.7013	291	73.8921	145	73.6382
group_8201	501	16542	33.0180	113	66.1497	56	65.5643
group_8203	543	23798	43.8269	166	89.6593	83	89.6593
group_8205	2280	147847	64.8452	993	127.7325	496	127.6039
group_8207	420	2578	6.1381	22	15.3624	11	15.3625
group_8209	936	85527	91.3750	581	182.0486	290	181.7353
group_8213	2505	174070	69.4890	1171	137.0996	585	136.9826
group_8214	1914	38620	20.1776	259	39.6867	129	39.5335
group_8217	261	301	1.1533	2	2.2474	1	2.2474
mrcB	1932	209522	108.4482	1406	213.4348	703	213.4349
group_8219	591	33181	56.1438	229	113.6410	114	113.1448
group_8221	636	49785	78.2783	338	155.8643	169	155.8643
group_8223	1536	38490	25.0586	258	49.2624	129	49.2624
group_8224	3258	41673	12.7910	279	25.1154	139	25.0254
group_8225	2883	919	0.3188	6	0.6104	3	0.6104
group_8228	678	755	1.1136	5	2.1629	2	1.7303
group_8231	576	600	1.0417	4	2.0367	2	2.0367
group_8232	303	276	0.9109	2	1.9359	1	1.9359
group_8233	2526	289682	114.6801	1946	225.9418	973	225.9418
clpA	1725	68096	39.4759	455	77.3587	227	77.1887
group_8235	816	755	0.9252	5	1.7971	2	1.4377
hpsP	1212	59917	49.4365	405	98.0030	202	97.7611
group_8237	771	75587	98.0376	526	200.0868	263	200.0868
ykwD	990	43037	43.4717	294	87.0962	147	87.0962
group_8238	831	96362	115.9591	659	232.5795	329	232.2266
group_8239	978	4183	4.2771	30	8.9964	15	8.9964
yfdV	897	94869	105.7625	648	211.8701	324	211.8701
group_8241	450	0	0.0000	0	0.0000	0	0.0000
menA	957	93989	98.2121	639	195.8285	319	195.5221
group_8246	336	12566	37.3988	85	74.1936	42	73.3208
group_8247	1305	24816	19.0161	167	37.5312	83	37.3065
group_8249	924	49582	53.6602	338	107.2832	169	107.2832
group_8252	3279	109754	33.4718	728	65.1144	364	65.1144
group_8253	1683	233014	138.4516	1514	263.8328	757	263.8329
group_8254	882	83244	94.3810	582	193.5269	291	193.5270
group_8257	129	0	0.0000	0	0.0000	0	0.0000
group_8258	732	741	1.0123	5	2.0033	2	1.6026
group_8260	1344	5658	4.2098	38	8.2922	19	8.2922
group_8262	276	0	0.0000	0	0.0000	0	0.0000
group_8263	1416	138956	98.1328	919	190.3440	459	190.1370
group_8265	576	34786	60.3924	247	125.7655	123	125.2564
group_8266	1395	159610	114.4158	1078	226.6374	539	226.6375
mtnA	1101	108253	98.3224	730	194.4565	365	194.4566
group_8268	303	150	0.4950	1	0.9679	0	0.0000
group_8269	219	0	0.0000	0	0.0000	0	0.0000
group_8270	339	303	0.8938	2	1.7303	1	1.7303
group_8272	936	59890	63.9850	407	127.5280	203	127.2147
group_8273	444	12570	28.3108	88	58.1282	44	58.1282
yqgF	393	7323	18.6336	56	41.7910	28	41.7910
hisI	354	4666	13.1808	33	27.3399	16	26.5115
group_8277	813	56578	69.5916	387	139.6071	193	139.2464
group_8278	780	68664	88.0308	470	176.7219	235	176.7219
group_8280	1983	0	0.0000	0	0.0000	0	0.0000
group_8281	984	1984	2.0163	14	4.1727	7	4.1727
group_8282	1983	3363	1.6959	24	3.5496	12	3.5496
group_8283	786	2826	3.5954	19	7.0895	9	6.7164
group_8284	405	24436	60.3358	178	128.8997	89	128.8998
group_8286	174	5548	31.8851	42	70.7925	21	70.7925
group_8288	660	31652	47.9576	218	96.8723	109	96.8723
group_8289	3300	42005	12.7288	278	24.7069	139	24.7069
group_8290	261	10779	41.2989	84	94.3900	42	94.3900
group_8292	969	100314	103.5232	684	207.0234	342	207.0234
group_8293	621	4558	7.3398	33	15.5851	16	15.1128
cysT	843	84157	99.8304	572	199.0011	286	199.0012
cysA	1134	88397	77.9515	591	152.8486	295	152.5900
group_8295	1017	2061	2.0265	14	4.0373	7	4.0373
group_8296	816	5227	6.4056	35	12.5795	17	12.2201
hisH	639	63747	99.7606	441	202.4066	220	201.9477
group_8301	2868	310677	108.3253	2074	212.0883	1037	212.0883
group_8303	204	2344	11.4902	17	24.4403	8	23.0026
mutL	1653	182715	110.5354	1235	219.1195	617	218.9422
group_8307	189	0	0.0000	0	0.0000	0	0.0000
group_8308	2115	58539	27.6780	394	54.6352	197	54.6353
group_8309	414	1418	3.4251	10	7.0841	5	7.0841
group_8313	345	10361	30.0319	74	62.9071	37	62.9071
group_8314	540	231	0.4278	2	1.0862	1	1.0862
group_8315	339	12121	35.7552	89	76.9976	44	76.1325
group_8318	126	0	0.0000	0	0.0000	0	0.0000
group_8319	393	29772	75.7557	214	159.7012	107	159.7013
group_8321	1977	0	0.0000	0	0.0000	0	0.0000
group_8322	402	1483	3.6891	11	8.0252	5	7.2956
group_8323	294	21691	73.7789	153	152.6269	76	151.6294
group_8324	1284	131774	102.6277	894	204.2018	447	204.2018
group_8325	2271	122044	53.7402	747	96.4696	373	96.3405
group_8326	1410	128726	91.2950	873	181.5859	436	181.3780
group_8327	903	12282	13.6013	82	26.6326	41	26.6326
gshB	984	99155	100.7673	675	201.1850	337	200.8871
group_8328	678	16558	24.4218	110	47.5828	55	47.5828
ureC	1710	85002	49.7088	573	98.2756	286	98.1041
group_8329	834	40288	48.3070	279	98.1127	139	97.7611
group_8330	1854	133938	72.2427	895	141.5795	447	141.4213
group_8331	570	56819	99.6825	385	198.0947	192	197.5802
group_8332	792	296	0.3737	2	0.7406	1	0.7406
group_8334	588	5271	8.9643	37	18.4549	18	17.9561
group_8335	5910	34110	5.7716	227	11.2648	113	11.2152
group_8337	918	8036	8.7538	54	17.2519	27	17.2520
cas1d~~~cas1	1029	24245	23.5617	163	46.4579	81	46.1729
group_8339	1338	3291	2.4596	22	4.8223	11	4.8223
group_8344	3237	8445	2.6089	56	5.0738	28	5.0738
group_8341	297	7372	24.8215	61	60.2366	30	59.2491
group_8343	2634	308551	117.1416	2075	231.0412	1037	230.9299
mdlB	1893	198438	104.8273	1322	204.8179	661	204.8179
group_8345	747	58447	78.2423	400	157.0458	200	157.0459
group_8346	1584	168826	106.5821	1132	209.5937	566	209.5938
group_8348	999	9521	9.5305	74	21.7247	37	21.7247
group_8349	2016	236612	117.3671	1588	231.0186	794	231.0187
group_8350	1077	76812	71.3203	515	140.2421	257	139.9699
group_8351	1410	47666	33.8057	314	65.3127	157	65.3127
group_8352	210	620	2.9524	6	8.3795	3	8.3795
group_16596	846	0	0.0000	0	0.0000	0	0.0000
group_16597	798	1005	1.2594	7	2.5727	3	2.2051
group_8357	567	4204	7.4145	31	16.0349	15	15.5176
group_8361	411	19217	46.7567	145	103.4697	72	102.7561
group_8362	1644	57783	35.1478	392	69.9312	196	69.9313
group_8363	2235	1788	0.8000	12	1.5747	6	1.5747
group_8364	453	7028	15.5143	48	31.0764	24	31.0764
pcnB	1245	141959	114.0233	963	226.8527	481	226.6172
group_8365	180	478	2.6556	4	6.5174	2	6.5174
group_8370	852	22038	25.8662	140	48.1921	70	48.1921
prfB	1032	18557	17.9816	132	37.5130	66	37.5130
murD	1404	131774	93.8561	894	186.7486	447	186.7487
ilvN	558	9851	17.6541	72	37.8430	36	37.8430
group_8376	210	0	0.0000	0	0.0000	0	0.0000
group_8377	444	38534	86.7883	267	176.3662	133	175.7057
prmC	885	97292	109.9345	667	221.0393	333	220.7080
group_8378	1239	156491	126.3043	1068	252.8058	534	252.8058
group_8380	1023	0	0.0000	0	0.0000	0	0.0000
ylqC	366	26121	71.3689	184	147.4429	92	147.4429
group_8383	291	1971	6.7732	14	14.1098	7	14.1098
group_8384	468	2696	5.7607	19	11.9068	9	11.2801
group_8389	693	2998	4.3261	20	8.4642	10	8.4642
rluA	1506	158370	105.1594	1066	207.5961	533	207.5962
group_8391	1389	60819	43.7862	398	84.0365	199	84.0365
group_8392	171	0	0.0000	0	0.0000	0	0.0000
group_8393	960	84367	87.8823	568	173.5258	284	173.5259
group_8394	213	0	0.0000	0	0.0000	0	0.0000
group_8396	1779	755	0.4244	5	0.8243	2	0.6594
group_8400	216	641	2.9676	5	6.7890	2	5.4312
group_8398	690	62453	90.5116	430	182.7706	215	182.7707
group_8399	903	99521	110.2115	685	222.4794	342	222.1547
group_8401	858	83944	97.8368	565	193.1293	282	192.7875
group_8409	1098	104796	95.4426	711	189.9128	355	189.6458
group_8411	369	21683	58.7615	155	123.1948	77	122.4000
group_8412	591	42942	72.6599	297	147.3859	148	146.8897
group_8413	387	1659	4.2868	11	8.3362	5	7.5784
group_8416	984	17702	17.9898	120	35.7662	60	35.7662
group_8415	2259	42770	18.9332	282	36.6117	141	36.6117
group_8417	252	906	3.5952	6	6.9829	3	6.9829
group_8422	1254	127753	101.8764	865	202.3045	432	202.0707
group_8424	1416	121967	86.1349	817	169.2177	408	169.0106
group_8426	168	0	0.0000	0	0.0000	0	0.0000
group_8427	321	230	0.7165	2	1.8273	1	1.8273
group_8428	1890	10903	5.7688	73	11.3279	36	11.1727
group_8429	243	5156	21.2181	35	42.2424	17	41.0355
group_8430	591	6788	11.4856	46	22.8274	23	22.8275
group_8432	1050	122037	116.2257	834	232.9506	417	232.9506
thrB	927	99078	106.8803	670	211.9737	335	211.9738
group_8435	1392	78130	56.1279	525	110.6132	262	110.4026
group_17166	618	0	0.0000	0	0.0000	0	0.0000
group_8438	2043	16077	7.8693	107	15.3604	53	15.2168
group_8439	909	181121	199.2530	1231	397.1743	615	396.8518
group_8440	591	1111	1.8799	9	4.4662	4	3.9700
group_8441	228	453	1.9868	3	3.8590	1	2.5727
group_8442	2694	4636	1.7209	31	3.3748	15	3.2660
group_8443	702	3926	5.5926	26	10.8623	13	10.8623
group_8445	1518	125768	82.8511	844	163.0638	422	163.0639
phoX	2310	262655	113.7035	1761	223.5807	880	223.4538
group_8446	351	1693	4.8234	12	10.0268	6	10.0268
group_8447	1512	14936	9.8783	101	19.5910	50	19.3970
group_8448	1482	39969	26.9696	267	52.8384	133	52.6406
sEC59	705	76095	107.9362	527	219.2343	263	218.8184
leuS	2553	307892	120.6001	2066	237.3376	1033	237.3377
aroB	1101	100392	91.1826	684	182.2031	342	182.2032
group_8450	117	1018	8.7009	11	27.5736	5	25.0669
group_8452	3357	40531	12.0736	244	21.3170	122	21.3170
group_8453	258	2464	9.5504	17	19.3249	8	18.1881
group_8454	210	697	3.3190	6	8.3795	3	8.3795
group_8457	294	21344	72.5986	152	151.6293	76	151.6294
group_8458	540	3908	7.2370	28	15.2073	14	15.2073
group_8460	2226	162521	73.0103	872	114.8890	436	114.8890
group_8461	222	0	0.0000	0	0.0000	0	0.0000
group_8462	264	453	1.7159	3	3.3328	1	2.2218
group_8466	1701	1446	0.8501	14	2.4139	7	2.4139
group_8467	231	0	0.0000	0	0.0000	0	0.0000
group_8468	1728	74646	43.1979	496	84.1831	248	84.1831
group_8470	393	23510	59.8219	167	124.6267	83	123.8804
rfbB	1137	121079	106.4899	821	211.7726	410	211.5147
group_8472	504	27737	55.0337	193	112.3088	96	111.7269
group_8473	564	13440	23.8298	96	49.9205	48	49.9205
group_8476	291	589	2.0241	4	4.0314	2	4.0314
group_8477	240	5315	22.1458	37	45.2145	18	43.9925
group_8478	279	293	1.0502	3	3.1536	1	2.1024
group_8479	744	23831	32.0309	164	64.6484	82	64.6484
group_8480	366	0	0.0000	0	0.0000	0	0.0000
group_8481	327	29017	88.7370	202	181.1718	101	181.1719
group_8484	204	2795	13.7010	28	40.2545	14	40.2546
group_8488	771	81762	106.0467	563	214.1613	281	213.7810
group_8490	1044	113056	108.2912	764	214.6248	382	214.6249
bioD	732	53926	73.6694	363	145.4396	181	145.0389
group_8492	186	0	0.0000	0	0.0000	0	0.0000
group_8493	1263	1963	1.5542	13	3.0187	6	2.7865
nACHT	2358	215843	91.5365	1432	178.1091	716	178.1092
group_8499	3042	32872	10.8060	219	21.1141	109	21.0177
group_8500	1902	13595	7.1477	91	14.0319	45	13.8778
group_8501	513	36548	71.2437	252	144.0689	126	144.0689
group_8502	873	76617	87.7629	517	173.6854	258	173.3495
group_8503	3558	16521	4.6433	110	9.0672	55	9.0672
group_8507	219	811	3.7032	6	8.0352	3	8.0352
group_8508	1251	42646	34.0895	294	68.9250	147	68.9251
group_8510	1056	604	0.5720	4	1.1109	2	1.1109
group_8514	1428	117605	82.3564	781	160.4020	390	160.1967
group_8515	174	5571	32.0172	40	67.4214	20	67.4214
group_8518	873	87983	100.7824	597	200.5613	298	200.2254
dLH	846	83854	99.1182	573	198.6421	286	198.2955
group_8522	783	64682	82.6079	446	167.0552	223	167.0553
group_8526	198	3338	16.8586	24	35.5495	12	35.5495
group_8525	156	425	2.7244	5	9.4001	2	7.5201
group_8528	198	1310	6.6162	10	14.8123	5	14.8123
group_8531	1695	193895	114.3923	1310	226.6672	655	226.6672
group_8533	618	54225	87.7427	380	180.3359	190	180.3359
group_8534	1596	27922	17.4950	188	34.5471	94	34.5471
group_8536	102	0	0.0000	0	0.0000	0	0.0000
group_8537	1305	106578	81.6690	718	161.3619	359	161.3619
group_8538	594	44690	75.2357	308	152.0727	154	152.0728
group_8541	1284	117285	91.3435	791	180.6752	395	180.4468
group_8542	1776	6650	3.7444	45	7.4312	22	7.2660
group_8543	1338	135325	101.1398	913	200.1252	456	199.9060
group_8545	15297	191676	12.5303	1092	20.9365	546	20.9365
group_8546	1242	116346	93.6763	776	183.2429	388	183.2429
group_8548	2967	7974	2.6876	53	5.2390	26	5.1401
group_8549	948	10232	10.7932	65	20.1091	32	19.7997
group_8550	174	1370	7.8736	10	16.8553	5	16.8554
group_8551	831	74203	89.2936	503	177.5227	251	177.1699
arnT	1626	89688	55.1587	605	109.1244	302	108.9441
group_8553	1374	55045	40.0619	371	79.1907	185	78.9773
citT	1800	222016	123.3422	1493	243.2620	746	243.0992
group_8554	822	66919	81.4100	460	164.1244	230	164.1244
group_8556	516	1266	2.4535	9	5.1154	4	4.5470
group_8557	510	6917	13.5627	47	27.0280	23	26.4530
pheS	1005	104277	103.7582	707	206.3195	353	206.0278
group_8558	615	39162	63.6780	270	128.7584	135	128.7585
group_8559	696	1384	1.9885	10	4.2138	5	4.2138
group_8561	1005	183724	182.8100	1233	359.8189	616	359.5272
group_8562	531	42447	79.9379	299	165.1443	149	164.5921
group_8565	616	38892	63.1364	270	128.5494	135	128.5494
group_8564	2133	234355	109.8711	1574	216.4217	787	216.4218
group_8568	864	3436	3.9769	25	8.4862	12	8.1468
group_8569	246	1808	7.3496	21	25.0364	10	23.8442
pro1025	444	43663	98.3401	314	207.4119	157	207.4120
group_8572	417	6422	15.4005	45	31.6493	22	30.9459
group_8575	774	14009	18.0995	98	37.1340	49	37.1340
group_8573	984	97795	99.3852	663	197.6084	331	197.3104
group_8576	936	70825	75.6677	485	151.9683	242	151.6550
soxR	393	12084	30.7481	92	68.6566	46	68.6566
group_8577	1656	2471	1.4921	17	3.0108	8	2.8337
group_8579	2307	248527	107.7274	1650	209.7603	825	209.7604
iscS	1350	131381	97.3193	888	192.9151	444	192.9152
group_8583	2952	8229	2.7876	55	5.4643	27	5.3649
wza	1503	114709	76.3200	774	151.0320	387	151.0321
eGL9	936	24071	25.7169	162	50.7605	81	50.7605
group_8587	1326	2992	2.2564	20	4.4236	10	4.4236
group_8590	156	0	0.0000	0	0.0000	0	0.0000
group_8591	1191	142463	119.6163	967	238.1232	483	237.8770
ylmH	780	80957	103.7910	561	210.9382	280	210.5623
group_8594	249	0	0.0000	0	0.0000	0	0.0000
ntrB	888	70446	79.3311	486	160.5130	243	160.5131
group_8596	576	302	0.5243	2	1.0183	1	1.0183
group_8598	816	61981	75.9571	418	150.2357	209	150.2357
group_8599	1161	73963	63.7063	496	125.2958	248	125.2958
group_8600	948	81963	86.4589	552	170.7724	276	170.7725
group_8601	684	64788	94.7193	446	191.2343	223	191.2343
group_15954	900	17654	19.6156	122	39.7562	61	39.7562
group_8604	1401	33754	24.0928	230	48.1478	115	48.1478
group_8605	276	6713	24.3225	49	52.0684	24	51.0058
group_8607	126	0	0.0000	0	0.0000	0	0.0000
mrdA	1947	207144	106.3914	1364	205.4639	682	205.4639
group_13839	495	240	0.4848	2	1.1850	1	1.1850
frmA	1209	129305	106.9520	875	212.2603	437	212.0178
group_8615	120	0	0.0000	0	0.0000	0	0.0000
group_8616	1422	8671	6.0977	61	12.5811	30	12.3748
group_8619	1719	43897	25.5364	292	49.8189	146	49.8189
group_8620	414	399	0.9638	3	2.1252	1	1.4168
group_8617	888	33284	37.4820	221	72.9905	110	72.6602
group_8618	867	5860	6.7589	42	14.2075	21	14.2075
group_8622	615	35790	58.1951	235	112.0675	117	111.5907
group_8623	918	690	0.7516	4	1.2779	2	1.2779
group_8624	1227	123109	100.3333	831	198.6294	415	198.3904
group_8625	513	604	1.1774	4	2.2868	2	2.2868
group_8627	870	151	0.1736	1	0.3371	0	0.0000
group_8630	210	0	0.0000	0	0.0000	0	0.0000
group_8632	1683	25176	14.9590	169	29.4503	84	29.2760
group_8634	171	232	1.3567	2	3.4302	1	3.4302
group_8635	1398	1959	1.4013	13	2.7272	6	2.5175
group_8636	966	106638	110.3913	736	223.4538	368	223.4538
purF	1464	164237	112.1837	1101	220.5633	550	220.3630
group_8640	1233	96345	78.1387	654	155.5613	327	155.5614
group_8641	294	643	2.1871	5	4.9878	2	3.9902
group_8642	696	1786	2.5661	12	5.0566	6	5.0566
group_8643	1125	56299	50.0436	388	101.1501	194	101.1501
group_8644	702	1208	1.7208	8	3.3423	4	3.3423
group_8645	789	168	0.2129	2	0.7434	1	0.7434
group_8646	852	32821	38.5223	228	78.4842	114	78.4842
crtD	1524	126405	82.9429	848	163.1916	424	163.1917
group_8649	693	2414	3.4834	17	7.1945	8	6.7713
group_8651	1107	52590	47.5068	359	95.1117	179	94.8468
group_8654	246	0	0.0000	0	0.0000	0	0.0000
group_8658	639	906	1.4178	6	2.7538	3	2.7538
group_8661	624	0	0.0000	0	0.0000	0	0.0000
group_8664	801	151	0.1885	1	0.3661	0	0.0000
group_8665	1287	142734	110.9044	965	219.9053	482	219.6775
group_8666	2388	28966	12.1298	194	23.8262	97	23.8262
tsaD	1065	108077	101.4808	733	201.8559	366	201.5805
group_8667	591	7412	12.5415	49	24.3162	24	23.8200
group_8668	312	0	0.0000	0	0.0000	0	0.0000
group_8669	591	19758	33.4315	138	68.4823	69	68.4824
yybS	756	67894	89.8069	468	181.5562	234	181.5562
group_8674	915	52989	57.9115	359	115.0695	179	114.7490
group_8677	864	11777	13.6308	82	27.8347	41	27.8347
group_8678	924	122361	132.4253	693	219.9623	346	219.6450
group_8683	675	9202	13.6326	63	27.3731	31	26.9386
group_8684	795	13236	16.6491	90	33.2019	45	33.2019
group_8687	975	54419	55.8144	342	102.8747	171	102.8747
group_8694	168	138	0.8214	2	3.4915	1	3.4915
group_8696	1404	5527	3.9366	37	7.7290	18	7.5201
group_8697	216	5331	24.6806	39	52.9539	19	51.5961
group_8698	261	3586	13.7395	25	28.0922	12	26.9686
group_8699	921	151	0.1640	1	0.3184	0	0.0000
group_8700	561	856	1.5258	6	3.1367	3	3.1367
group_8701	609	0	0.0000	0	0.0000	0	0.0000
group_8702	204	5345	26.2010	39	56.0688	19	54.6312
group_8703	1083	103228	95.3167	700	189.5643	350	189.5644
group_8704	870	82981	95.3805	568	191.4768	284	191.4768
relB	408	20681	50.6887	142	102.0740	71	102.0740
hpsO	1170	115021	98.3085	779	195.2714	389	195.0208
group_8706	1548	154574	99.8540	1025	194.1958	512	194.0064
group_8712	459	24057	52.4118	143	91.3714	71	90.7325
group_8714	408	40638	99.6029	293	210.6175	146	209.8987
group_8716	1317	82553	62.6826	550	122.4796	275	122.4797
group_8717	90	0	0.0000	0	0.0000	0	0.0000
group_8719	201	495	2.4627	4	5.8365	2	5.8365
ddpX	804	73772	91.7562	509	185.6730	254	185.3083
group_8720	1506	23930	15.8898	161	31.3536	80	31.1589
group_8722	189	148	0.7831	1	1.5518	0	0.0000
group_8723	477	41770	87.5681	290	178.3063	145	178.3063
group_8724	780	0	0.0000	0	0.0000	0	0.0000
group_8725	828	906	1.0942	6	2.1252	3	2.1252
group_8726	795	75804	95.3509	519	191.4640	259	191.0952
group_8727	411	34238	83.3041	242	172.6874	121	172.6874
group_8730	744	34198	45.9651	233	91.8481	116	91.4539
zwf	1530	169953	111.0804	1139	218.3330	569	218.1413
tamB	6138	736456	119.9831	4915	234.8463	2457	234.7986
group_8732	291	1403	4.8213	11	11.0863	5	10.0785
group_8733	579	5317	9.1831	38	19.2483	19	19.2483
group_8734	1047	111286	106.2904	752	210.6484	376	210.6485
group_8735	1326	73295	55.2753	490	108.3776	245	108.3776
group_8736	1173	137502	117.2225	936	234.0264	468	234.0265
group_8737	126	867	6.8810	10	23.2764	5	23.2764
group_8739	228	294	1.2895	2	2.5727	1	2.5727
group_8742	117	0	0.0000	0	0.0000	0	0.0000
group_8743	762	8077	10.5997	57	21.9385	28	21.5536
plsX	1062	123565	116.3512	842	232.5276	421	232.5277
group_8745	231	3478	15.0563	27	34.2798	13	33.0102
group_8746	837	56140	67.0729	376	131.7496	188	131.7497
group_8752	249	2491	10.0040	18	21.2012	9	21.2012
group_8750	1422	70909	49.8657	474	97.7610	237	97.7611
group_8751	1065	8439	7.9239	59	16.2476	29	15.9722
group_8757	1569	5716	3.6431	38	7.1031	19	7.1031
group_8758	162	0	0.0000	0	0.0000	0	0.0000
group_8759	276	0	0.0000	0	0.0000	0	0.0000
aceF	1263	70801	56.0578	480	111.4615	240	111.4615
group_8760	945	5881	6.2233	40	12.4141	20	12.4141
group_8762	1920	0	0.0000	0	0.0000	0	0.0000
narK	1269	121874	96.0394	829	191.5931	414	191.3621
group_8764	2604	295108	113.3287	1981	223.1159	990	223.0033
group_8765	1278	150176	117.5086	1020	234.0757	510	234.0758
group_8766	462	30983	67.0628	223	141.5630	111	140.9283
group_8767	891	83846	94.1033	562	184.9889	281	184.9889
group_8768	1389	457	0.3290	4	0.8446	2	0.8446
group_8771	1170	116790	99.8205	785	196.7754	392	196.5248
group_8773	786	6747	8.5840	48	17.9104	24	17.9104
group_8781	942	1510	1.6030	10	3.1134	5	3.1134
group_8778	858	38069	44.3695	254	86.8227	127	86.8228
group_8779	792	10066	12.7096	71	26.2918	35	25.9215
serS	1419	132199	93.1635	895	184.9812	447	184.7746
group_8780	1383	56076	40.5466	374	79.3115	187	79.3116
urtD	864	77519	89.7211	529	179.5680	264	179.2286
urtB	1197	123267	102.9799	834	204.3426	417	204.3427
group_8788	1365	148007	108.4300	1003	215.5040	501	215.2892
group_8789	537	45965	85.5959	313	170.9453	156	170.3992
group_8787	558	331	0.5932	3	1.5768	1	1.0512
group_8790	462	22556	48.8225	158	100.3003	79	100.3003
group_8791	465	2741	5.8946	19	11.9836	9	11.3529
group_8792	216	782	3.6204	6	8.1468	3	8.1468
group_8793	357	15517	43.4650	118	96.9395	59	96.9395
group_8794	1287	14534	11.2929	101	23.0160	50	22.7881
group_8796	1332	7586	5.6952	52	11.4495	26	11.4495
group_8797	8844	103546	11.7081	668	22.1521	334	22.1521
pepN	2733	290106	106.1493	1941	208.2922	970	208.1849
group_8805	450	241	0.5356	2	1.3035	1	1.3035
group_8806	675	62199	92.1467	430	186.8322	215	186.8322
group_8807	954	113896	119.3878	782	240.4060	391	240.4061
rsmG	690	73708	106.8232	503	213.7991	251	213.3741
group_8810	993	4132	4.1611	28	8.2698	14	8.2698
group_8812	780	27891	35.7577	197	74.0728	98	73.6968
group_8813	633	52558	83.0300	358	165.8694	179	165.8695
group_8816	927	90819	97.9709	622	196.7876	311	196.7876
group_8819	1179	60012	50.9008	406	100.9949	203	100.9949
csaB	1038	101882	98.1522	697	196.9348	348	196.6523
moaD	255	14116	55.3569	104	119.6135	52	119.6135
group_8822	552	7500	13.5870	54	28.6907	27	28.6907
dAP2	1971	149467	75.8331	994	147.9063	497	147.9064
group_8824	855	83277	97.4000	561	192.4349	280	192.0919
group_8825	195	303	1.5538	4	6.0161	2	6.0161
group_8826	717	3811	5.3152	26	10.6351	13	10.6351
group_8827	804	20413	25.3893	140	51.0692	70	51.0692
group_8828	654	23805	36.3991	160	71.7512	80	71.7512
rpsO	270	355	1.3148	3	3.2587	1	2.1725
group_8832	165	0	0.0000	0	0.0000	0	0.0000
hemF	1155	44157	38.2312	294	74.6539	147	74.6539
group_8833	747	1486	1.9893	10	3.9261	5	3.9261
group_8834	843	91652	108.7212	627	218.1358	313	217.7880
group_8838	189	779	4.1217	6	9.3106	3	9.3106
group_8839	828	71104	85.8744	482	170.7276	241	170.7276
group_8840	333	5532	16.6126	40	35.2292	20	35.2292
group_8841	795	1989	2.5019	14	5.1647	7	5.1647
group_8842	711	46355	65.1969	313	129.1106	156	128.6981
group_8850	276	18225	66.0326	132	140.2658	66	140.2659
group_8845	1053	8638	8.2032	60	16.7113	30	16.7113
group_8846	903	60737	67.2614	416	135.1116	208	135.1116
group_8847	612	10712	17.5033	68	32.5870	34	32.5870
group_8848	453	32268	71.2318	227	146.9653	113	146.3179
group_8849	1044	115120	110.2682	782	219.6814	391	219.6815
group_8852	786	4989	6.3473	34	12.6865	17	12.6865
group_8851	654	5511	8.4266	40	17.9378	20	17.9378
group_8855	444	0	0.0000	0	0.0000	0	0.0000
group_8854	414	2192	5.2947	16	11.3346	8	11.3346
group_8856	889	7333	8.2486	50	16.4951	25	16.4951
group_8858	267	4784	17.9176	35	38.4453	17	37.3469
group_8861	627	18761	29.9219	129	60.3405	64	59.8728
group_8862	975	11821	12.1241	78	23.4626	39	23.4627
group_8865	121	872	7.2066	10	24.2383	5	24.2383
group_8866	405	38377	94.7580	267	193.3496	133	192.6255
group_8867	972	103888	106.8807	709	213.9277	354	213.6260
purQ	924	69610	75.3355	473	150.1330	236	149.8156
group_8870	678	66128	97.5339	469	202.8758	234	202.4433
group_8871	156	173	1.1090	2	3.7600	1	3.7600
group_8872	777	4947	6.3668	34	12.8335	17	12.8335
gmd	1140	55111	48.3430	387	99.5619	193	99.3047
group_8874	213	10572	49.6338	74	101.8918	37	101.8918
group_8876	294	3642	12.3878	26	25.9366	13	25.9366
mazG	1023	86016	84.0821	575	164.8463	287	164.5597
group_8877	861	26685	30.9930	180	61.3135	90	61.3136
group_8878	777	72533	93.3501	504	190.2377	252	190.2377
group_8879	150	0	0.0000	0	0.0000	0	0.0000
group_8880	834	83278	99.8537	591	207.8301	295	207.4785
tktA1	825	4353	5.2764	30	10.6648	15	10.6648
group_8884	1233	15177	12.3090	105	24.9754	52	24.7376
group_8885	204	971	4.7598	7	10.0636	3	8.6260
group_8886	132	0	0.0000	0	0.0000	0	0.0000
group_8887	351	10368	29.5385	75	62.6673	37	61.8318
group_8890	1017	2854	2.8063	19	5.4792	9	5.1909
group_8892	858	25821	30.0944	178	60.8443	89	60.8443
group_8897	2052	27013	13.1642	175	25.0120	87	24.8690
sbp	1044	105066	100.6379	712	200.0168	356	200.0169
group_8898	1197	117348	98.0351	790	193.5619	395	193.5620
group_8899	780	0	0.0000	0	0.0000	0	0.0000
group_8900	732	2082	2.8443	14	5.6092	7	5.6092
group_8901	183	3455	18.8798	24	38.4634	12	38.4634
group_8902	867	60303	69.5536	412	139.3687	206	139.3687
group_8903	1698	41200	24.2638	278	48.0169	139	48.0169
group_8906	210	6921	32.9571	50	69.8293	25	69.8293
scpB	519	30342	58.4624	218	123.1902	109	123.1902
group_8908	96	166	1.7292	2	6.1101	1	6.1101
group_8909	951	16284	17.1230	108	33.3066	54	33.3066
ppc	3057	359185	117.4959	2396	229.8679	1198	229.8680
group_8911	972	2155	2.2171	15	4.5260	7	4.2242
yhiN	1227	121651	99.1451	826	197.4343	413	197.4343
group_8912	804	60544	75.3035	414	151.0189	207	151.0189
group_8913	1269	120441	94.9102	809	186.9709	404	186.7398
group_8916	645	59462	92.1891	417	189.6109	208	189.1563
group_8915	681	61462	90.2526	420	180.8794	210	180.8795
group_8918	1053	2851	2.7075	20	5.5704	10	5.5704
group_8920	315	0	0.0000	0	0.0000	0	0.0000
group_8921	756	79244	104.8201	549	212.9794	274	212.5915
ruvB	1077	112007	103.9991	769	209.4101	384	209.1379
group_8923	1263	121414	96.1314	811	188.3235	405	188.0913
group_17232	189	0	0.0000	0	0.0000	0	0.0000
group_8688	708	19289	27.2444	130	53.8514	65	53.8514
group_8925	849	69114	81.4064	473	163.3956	236	163.0502
group_8926	237	0	0.0000	0	0.0000	0	0.0000
group_8927	429	2514	5.8601	18	12.3056	9	12.3056
group_8928	105	400	3.8095	4	11.1727	2	11.1727
group_8930	396	151	0.3813	1	0.7406	0	0.0000
group_8933	1431	146413	102.3152	985	201.8755	492	201.6706
group_8931	657	45468	69.2055	319	142.4008	159	141.9544
group_8934	138	0	0.0000	0	0.0000	0	0.0000
frhG	612	60743	99.2533	419	200.7935	209	200.3143
group_8935	165	883	5.3515	7	12.4423	3	10.6648
group_8936	315	4550	14.4444	33	30.7249	16	29.7938
group_8937	180	0	0.0000	0	0.0000	0	0.0000
anmK	1137	116991	102.8945	794	204.8081	397	204.8081
group_8940	2016	15725	7.8001	108	15.7116	54	15.7116
group_8941	1242	1346	1.0837	9	2.1252	4	1.8891
group_8948	792	2031	2.5644	14	5.1843	7	5.1843
group_8944	528	43383	82.1648	311	172.7482	155	172.1928
group_8945	1023	39740	38.8465	267	76.5460	133	76.2594
group_8947	513	45429	88.5556	315	180.0861	157	179.5145
group_8950	2061	6235	3.0252	42	5.9767	21	5.9767
group_8959	1032	11485	11.1289	74	21.0300	37	21.0300
group_8953	201	2002	9.9602	18	26.2642	9	26.2642
group_8954	1068	100963	94.5346	683	187.5584	341	187.2838
cbiB	984	90060	91.5244	607	180.9175	303	180.6195
group_8956	507	48585	95.8284	332	192.0512	166	192.0513
group_8957	327	20574	62.9174	145	130.0491	72	129.1522
group_8958	384	31211	81.2786	222	169.5543	111	169.5543
rAYT	588	7596	12.9184	52	25.9366	26	25.9366
group_8961	273	9813	35.9451	72	77.3494	36	77.3494
group_8962	588	151	0.2568	1	0.4988	0	0.0000
group_8963	459	17859	38.9085	122	77.9532	61	77.9533
group_8965	1749	8433	4.8216	51	8.5520	25	8.3843
group_8967	1587	628	0.3957	4	0.7392	2	0.7392
group_8968	2226	27879	12.5243	189	24.9014	94	24.7696
group_8969	1083	77186	71.2705	514	139.1944	257	139.1944
group_8972	357	246	0.6891	2	1.6430	1	1.6430
group_8973	255	0	0.0000	0	0.0000	0	0.0000
group_8976	426	1900	4.4601	14	9.6384	7	9.6384
menE	1794	196450	109.5039	1308	213.8318	654	213.8319
group_8978	828	9683	11.6944	65	23.0234	32	22.6692
group_8979	1074	117189	109.1145	801	218.7335	400	218.4605
nlpI	540	6471	11.9833	44	23.8971	22	23.8971
mtnD	552	38632	69.9855	280	148.7668	140	148.7668
group_8980	186	1020	5.4839	10	15.7679	5	15.7679
group_8981	582	24857	42.7096	171	86.1708	85	85.6669
group_8983	489	42587	87.0900	299	179.3285	149	178.7288
group_8984	387	23830	61.5762	167	126.5588	83	125.8011
group_8985	264	983	3.7235	7	7.7764	3	6.6655
group_8986	4737	480184	101.3688	3206	198.4939	1603	198.4940
ssr3000	291	14796	50.8454	116	116.9101	58	116.9101
group_8987	411	895	2.1776	7	4.9951	3	4.2815
group_8988	1320	143043	108.3659	970	215.5186	485	215.5187
group_8990	366	18751	51.2322	133	106.5755	66	105.7743
group_8991	216	151	0.6991	1	1.3578	0	0.0000
group_8992	477	12541	26.2914	89	54.7216	44	54.1067
nrdA	3360	369192	109.8786	2455	214.2887	1227	214.2015
mmsB	879	86109	97.9625	584	194.8547	292	194.8548
group_8994	294	1045	3.5544	8	7.9805	4	7.9805
phuW	843	81387	96.5445	562	195.5221	281	195.5221
group_8995	402	23753	59.0871	163	118.9183	81	118.1887
group_8996	1731	15296	8.8365	102	17.2818	51	17.2819
group_8997	531	5904	11.1186	33	18.2266	16	17.6743
group_8998	120	58	0.4833	2	4.8881	1	4.8881
group_9000	819	71786	87.6508	490	175.4685	245	175.4686
group_9001	276	7332	26.5652	56	59.5067	28	59.5067
group_9002	1488	0	0.0000	0	0.0000	0	0.0000
group_9003	711	56474	79.4290	397	163.7600	198	163.3476
group_9004	981	33439	34.0866	232	69.3595	116	69.3595
group_9005	1686	171674	101.8233	1155	200.9146	577	200.7407
flaA1	1908	163158	85.5126	1095	168.3150	547	168.1613
cobW	1059	118933	112.3069	803	222.3856	401	222.1087
group_9009	2229	179604	80.5760	1204	158.4176	602	158.4176
group_9010	459	5221	11.3747	39	24.9195	19	24.2805
group_9013	1239	39332	31.7450	271	64.1483	135	63.9116
group_9012	1557	170949	109.7938	1158	218.1258	579	218.1258
ctaB	954	110636	115.9706	752	231.1833	376	231.1834
group_9020	144	0	0.0000	0	0.0000	0	0.0000
group_9019	309	0	0.0000	0	0.0000	0	0.0000
group_9016	1125	128538	114.2560	867	226.0235	433	225.7629
group_9018	615	32335	52.5772	233	111.1138	116	110.6369
group_9021	1089	118019	108.3737	808	217.6058	404	217.6059
group_9022	807	70489	87.3470	484	175.8972	242	175.8972
group_9024	2397	302	0.1260	2	0.2447	1	0.2447
group_9026	567	34922	61.5908	235	121.5547	117	121.0375
group_9034	1068	0	0.0000	0	0.0000	0	0.0000
group_9032	1704	5617	3.2964	36	6.1961	18	6.1961
group_9030	690	69190	100.2754	481	204.4481	240	204.0231
group_9035	1122	35073	31.2594	247	64.5641	123	64.3027
deoC	678	64928	95.7640	446	192.9266	223	192.9267
group_9037	675	63014	93.3541	436	189.4391	218	189.4392
group_9041	1242	107670	86.6908	733	173.0890	366	172.8529
group_9042	471	4289	9.1062	30	18.6805	15	18.6805
ribE	744	16060	21.5860	108	42.5734	54	42.5734
group_9043	1338	48387	36.1637	331	72.5536	165	72.3344
yggS	660	65458	99.1788	456	202.6319	228	202.6320
group_9046	357	3177	8.8992	24	19.7165	12	19.7165
group_9047	549	0	0.0000	0	0.0000	0	0.0000
group_9048	312	0	0.0000	0	0.0000	0	0.0000
group_9049	432	37521	86.8542	262	177.8708	131	177.8708
group_9050	624	56006	89.7532	379	178.1319	189	177.6619
cobG	1440	148818	103.3458	1011	205.9092	505	205.7056
group_9052	291	13156	45.2096	92	92.7218	46	92.7218
group_9054	288	3483	12.0938	27	27.4953	13	26.4770
trmB	636	60208	94.6667	422	194.5998	211	194.5998
group_9055	696	28109	40.3865	186	78.3774	93	78.3774
group_9056	2052	10753	5.2403	74	10.5765	37	10.5765
group_9057	321	7164	22.3178	57	52.0783	28	51.1647
group_9058	402	6456	16.0597	47	34.2893	23	33.5598
group_9059	615	1897	3.0846	13	6.1995	6	5.7226
group_9061	93	0	0.0000	0	0.0000	0	0.0000
group_9064	885	9699	10.9593	65	21.5406	32	21.2092
group_9065	1227	78176	63.7131	522	124.7708	261	124.7708
group_9072	597	3420	5.7286	24	11.7903	12	11.7903
group_9074	684	36204	52.9298	245	105.0502	122	104.6215
group_9077	345	550	1.5942	4	3.4004	2	3.4004
ispA	1080	110825	102.6157	747	202.8541	373	202.5826
group_9081	567	48880	86.2081	341	176.3837	170	175.8665
group_9082	396	15486	39.1061	109	80.7269	54	79.9863
group_9083	564	4119	7.3032	28	14.5602	14	14.5602
group_9085	564	18587	32.9557	126	65.5207	63	65.5207
group_9086	546	12138	22.2308	85	45.6576	42	45.1205
pap	1506	174905	116.1388	1181	229.9916	590	229.7969
group_9088	279	8786	31.4910	70	73.5836	35	73.5836
group_9089	1005	104059	103.5413	710	207.1950	355	207.1951
glpG	612	60198	98.3627	421	201.7519	210	201.2728
group_9090	1164	136043	116.8754	920	231.8045	460	231.8046
group_9091	2622	604	0.2304	4	0.4474	2	0.4474
group_9092	945	3065	3.2434	21	6.5174	10	6.2071
group_9094	918	20059	21.8508	142	45.3662	71	45.3662
group_9097	1131	51887	45.8771	353	91.5375	176	91.2782
group_9098	303	1600	5.2805	14	13.5510	7	13.5510
group_9099	192	151	0.7865	1	1.5275	0	0.0000
group_9102	501	28332	56.5509	201	117.6645	100	117.0791
group_19141	525	1288	2.4533	9	5.0277	4	4.4691
group_19142	1050	392	0.3733	2	0.5586	1	0.5586
hisA	762	72921	95.6969	501	192.8279	250	192.4430
group_9103	3018	343345	113.7657	2285	222.0516	1142	221.9545
group_9104	825	4922	5.9661	34	12.0868	17	12.0868
group_9105	1374	71098	51.7453	484	103.3108	242	103.3108
group_9106	1941	189942	97.8578	1265	191.1402	632	190.9891
pheA	855	79631	93.1357	547	187.6326	273	187.2896
group_9107	681	60641	89.0470	422	181.7408	211	181.7408
group_9108	510	48053	94.2216	331	190.3465	165	189.7715
group_9109	633	29895	47.2275	206	95.4444	103	95.4444
group_9110	414	13261	32.0314	96	68.0077	48	68.0077
nlpC	861	27046	31.4123	186	63.3573	93	63.3573
ubiA	1137	95067	83.6121	638	164.5687	319	164.5687
group_9115	699	223	0.3190	2	0.8392	1	0.8392
group_9116	1101	755	0.6857	5	1.3319	2	1.0655
group_9117	2112	598	0.2831	4	0.5555	2	0.5555
group_9120	963	0	0.0000	0	0.0000	0	0.0000
group_9121	3069	63607	20.7256	408	38.9897	204	38.9897
group_9122	2241	233675	104.2726	1569	205.3374	784	205.2066
group_9125	297	17443	58.7306	125	123.4356	62	122.4482
group_9129	2832	275332	97.2218	1831	189.6191	915	189.5156
group_9130	1041	4404	4.2305	32	9.0154	16	9.0154
queD	1056	84131	79.6695	566	157.1953	283	157.1953
group_9133	1176	103310	87.8486	700	174.5733	350	174.5733
group_9134	360	814	2.2611	6	4.8881	3	4.8881
group_9136	435	596	1.3701	4	2.6969	2	2.6969
group_9137	147	0	0.0000	0	0.0000	0	0.0000
group_9142	240	0	0.0000	0	0.0000	0	0.0000
group_9143	534	24906	46.6404	174	95.5642	87	95.5642
group_9154	387	1493	3.8579	10	7.5784	5	7.5784
group_9156	768	42696	55.5938	239	91.2691	119	90.8872
group_9160	213	1058	4.9671	9	12.3922	4	11.0153
walK	1998	216742	108.4795	1451	212.9899	725	212.8431
group_9164	180	5124	28.4667	37	60.2860	18	58.6566
ddl	1059	120594	113.8754	818	226.5397	409	226.5398
nirD	351	21386	60.9288	153	127.8413	76	127.0058
group_9167	276	21226	76.9058	156	165.7687	78	165.7687
group_9170	1341	2265	1.6890	15	3.2806	7	3.0619
group_9171	336	3087	9.1875	22	19.2031	11	19.2031
group_9172	885	74080	83.7062	491	162.7141	245	162.3828
group_9178	729	26707	36.6351	183	73.6225	91	73.2202
group_9179	822	151	0.1837	1	0.3568	0	0.0000
group_9180	873	40600	46.5063	272	91.3780	136	91.3780
group_9183	3003	4652	1.5491	31	3.0276	15	2.9299
gvpN	1044	104497	100.0929	705	198.0504	352	197.7695
group_9184	315	732	2.3238	6	5.5863	3	5.5863
group_9185	2169	1510	0.6962	10	1.3522	5	1.3522
group_9187	783	34177	43.6488	244	91.3935	122	91.3935
group_9190	282	11343	40.2234	89	92.5610	44	91.5210
group_9191	213	449	2.1080	4	5.5077	2	5.5077
group_9192	1527	14886	9.7485	102	19.5906	51	19.5906
group_9195	2283	158022	69.2168	1048	134.6302	524	134.6302
group_9197	1665	77776	46.7123	528	93.0051	264	93.0051
group_9198	348	29223	83.9741	206	173.6101	103	173.6102
group_9199	231	0	0.0000	0	0.0000	0	0.0000
group_9200	738	0	0.0000	0	0.0000	0	0.0000
group_9201	156	639	4.0962	7	13.1601	3	11.2801
gatC	474	7405	15.6224	53	32.7933	26	32.1745
group_9203	4491	133572	29.7422	855	55.8355	427	55.7702
dcp	2052	84641	41.2481	575	82.1821	287	82.0393
thiS	261	11692	44.7969	81	91.0189	40	89.8952
group_9205	591	7101	12.0152	46	22.8274	23	22.8275
group_9206	153	363	2.3725	3	5.7506	1	3.8338
group_9208	1728	302	0.1748	2	0.3394	1	0.3394
group_9210	279	9238	33.1111	64	67.2764	32	67.2764
group_9209	669	30937	46.2436	189	82.8558	94	82.4174
group_9212	3996	1728	0.4324	12	0.8807	6	0.8807
group_9215	5559	2996	0.5389	20	1.0552	10	1.0552
group_9214	816	1572	1.9265	11	3.9536	5	3.5942
group_9216	417	2092	5.0168	14	9.8464	7	9.8464
group_9217	825	0	0.0000	0	0.0000	0	0.0000
group_9218	264	3702	14.0227	27	29.9949	13	28.8839
group_9221	873	151	0.1730	1	0.3359	0	0.0000
group_9224	588	25690	43.6905	189	94.2696	94	93.7708
group_9229	858	31477	36.6865	218	74.5171	109	74.5172
group_9231	360	19406	53.9056	135	109.9812	67	109.1665
group_9232	600	3893	6.4883	27	13.1977	13	12.7089
group_9233	537	27434	51.0875	191	104.3148	95	103.7687
group_9234	540	1425	2.6389	10	5.4312	5	5.4312
group_9235	594	0	0.0000	0	0.0000	0	0.0000
msrP	684	39643	57.9576	275	117.9135	137	117.4848
group_9240	390	1798	4.6103	12	9.0241	6	9.0241
group_9241	3327	386195	116.0791	2586	227.9621	1293	227.9622
group_9243	1158	78236	67.5613	527	133.4717	263	133.2184
group_9244	447	2108	4.7159	14	9.1856	7	9.1856
group_9246	195	0	0.0000	0	0.0000	0	0.0000
group_9249	3093	236611	76.4989	1584	150.1973	792	150.1974
group_9250	414	11841	28.6014	83	58.7983	41	58.0899
group_9251	228	0	0.0000	0	0.0000	0	0.0000
group_9253	255	8671	34.0039	63	72.4582	31	71.3081
group_9255	1233	19545	15.8516	135	32.1113	67	31.8734
pcxA	1338	141264	105.5785	966	211.7425	483	211.7426
group_9257	375	120	0.3200	2	1.5642	1	1.5642
group_9259	213	2383	11.1878	17	23.4076	8	22.0307
group_9261	642	10556	16.4424	69	31.5211	34	31.0643
group_9262	259	9827	37.9421	70	79.2657	35	79.2657
group_9266	285	2511	8.8105	19	19.5522	9	18.5231
group_9268	453	572	1.2627	4	2.5897	2	2.5897
group_9267	3780	124967	33.0601	833	64.6309	416	64.5533
group_9269	1731	12577	7.2657	85	14.4015	42	14.2321
group_9270	1317	138135	104.8861	942	209.7742	471	209.7743
group_9271	882	76212	86.4082	511	169.9180	255	169.5855
group_9272	1287	8116	6.3061	54	12.3056	27	12.3056
group_9275	1017	34723	34.1426	240	69.2113	120	69.2114
group_9276	351	7260	20.6838	53	44.2849	26	43.4494
group_9277	1032	1191	1.1541	8	2.2735	4	2.2735
group_9282	2094	29782	14.2225	202	28.2919	101	28.2919
group_9283	201	1247	6.2040	9	13.1321	4	11.6730
group_9284	594	9807	16.5101	67	33.0808	33	32.5870
sipA	261	13682	52.4215	96	107.8742	48	107.8743
group_9285	300	9135	30.4500	61	59.6342	30	58.6566
group_9287	807	43990	54.5105	312	113.3883	156	113.3883
group_9290	855	17351	20.2936	118	40.4765	59	40.4765
group_9291	285	3690	12.9474	28	28.8138	14	28.8138
group_9292	1425	140537	98.6225	944	194.2872	472	194.2872
group_9293	1077	930	0.8635	6	1.6339	3	1.6339
group_9294	456	3590	7.8728	25	16.0791	12	15.4360
group_9295	684	37231	54.4313	253	108.4804	126	108.0517
group_9296	282	1664	5.9007	11	11.4401	5	10.4001
lysX	1014	87793	86.5809	595	172.0941	297	171.8049
group_9299	411	4395	10.6934	33	23.5483	16	22.8347
yhaK	708	62655	88.4958	429	177.7097	214	177.2955
group_9301	933	844	0.9046	6	1.8861	3	1.8861
group_9302	339	6449	19.0236	47	40.6617	23	39.7965
group_9303	2136	68410	32.0272	455	62.4737	227	62.3364
group_9306	1170	0	0.0000	0	0.0000	0	0.0000
group_9308	1212	302	0.2492	2	0.4840	1	0.4840
group_9311	1023	24180	23.6364	162	46.4437	81	46.4437
yutE	435	5784	13.2966	41	27.6428	20	26.9686
group_9313	630	8521	13.5254	63	29.3283	31	28.8628
group_9316	1065	26823	25.1859	179	49.2936	89	49.0182
group_9319	1365	0	0.0000	0	0.0000	0	0.0000
group_9320	423	425	1.0047	3	2.0800	1	1.3867
group_9322	1128	38401	34.0434	258	67.0807	129	67.0807
group_9323	2943	142551	48.4373	956	95.2697	478	95.2697
group_9325	4269	35471	8.3090	240	16.4882	120	16.4882
group_9326	186	0	0.0000	0	0.0000	0	0.0000
feoA	642	52092	81.1402	359	164.0010	179	163.5442
group_9328	1188	135810	114.3182	923	227.8622	461	227.6154
modA	1986	10310	5.1913	69	10.1896	34	10.0419
group_9332	831	75041	90.3020	503	177.5227	251	177.1699
group_9333	858	49778	58.0163	337	115.1939	168	114.8522
atoC	1254	123801	98.7249	830	194.1188	415	194.1188
group_9337	168	311	1.8512	2	3.4915	1	3.4915
group_9338	210	5864	27.9238	46	64.2430	23	64.2430
group_9339	576	55365	96.1198	386	196.5404	193	196.5405
group_9340	447	8631	19.3087	61	40.0230	30	39.3669
group_9342	1089	54917	50.4288	367	98.8383	183	98.5690
group_9343	702	47934	68.2821	336	140.3748	168	140.3749
group_9344	762	128	0.1680	1	0.3849	0	0.0000
accC	1347	155236	115.2457	1057	230.1412	528	229.9236
group_9345	1044	92185	88.2998	631	177.2621	315	176.9812
group_9346	243	7161	29.4691	57	68.7948	28	67.5879
group_9350	1392	159338	114.4670	1073	226.0724	536	225.8618
group_9353	2040	240638	117.9598	1610	231.4636	805	231.4637
group_9352	255	5377	21.0863	43	49.4556	21	48.3055
group_9354	687	61166	89.0335	417	178.0190	208	177.5921
group_9355	2265	84214	37.1806	560	72.5115	280	72.5115
group_9356	462	32268	69.8442	230	146.0067	115	146.0068
group_9357	1107	27615	24.9458	190	50.3377	95	50.3377
group_9359	1224	1359	1.1103	9	2.1565	4	1.9169
group_9361	588	302	0.5136	2	0.9976	1	0.9976
group_9366	447	15363	34.3691	104	68.2359	52	68.2359
group_9367	1911	175846	92.0178	1188	182.3235	594	182.3236
group_9369	288	18405	63.9063	132	134.4214	66	134.4215
group_9370	366	15605	42.6366	108	86.5425	54	86.5426
trpC	891	79864	89.6341	546	179.7223	273	179.7223
group_9372	1662	156878	94.3911	1052	185.6401	526	185.6401
group_9374	1071	4985	4.6545	34	9.3106	17	9.3106
group_9376	609	34257	56.2512	237	114.1348	118	113.6532
group_9377	1152	80657	70.0148	545	138.7494	272	138.4948
group_9378	1227	23871	19.4548	161	38.4829	80	38.2439
group_9379	681	73728	108.2643	516	222.2233	258	222.2234
group_9380	1413	132412	93.7098	885	183.6911	442	183.4836
group_9382	585	49207	84.1145	351	175.9698	175	175.4686
group_9385	903	75900	84.0532	519	168.5647	259	168.2400
group_9387	300	15969	53.2300	110	107.5371	55	107.5372
group_9389	729	40669	55.7874	275	110.6349	137	110.2326
group_9391	1227	92047	75.0179	624	149.1513	312	149.1513
pulF	1215	112169	92.3202	755	182.2459	377	182.0045
salY	1344	126520	94.1369	854	186.3570	427	186.3570
group_9394	1818	4449	2.4472	30	4.8397	15	4.8397
group_9393	411	1759	4.2798	13	9.2766	6	8.5630
amt	1443	94228	65.3001	634	128.8576	317	128.8576
group_9395	216	297	1.3750	2	2.7156	1	2.7156
group_9396	675	54704	81.0430	381	165.5420	190	165.1076
group_9397	1026	101053	98.4922	678	193.8069	339	193.8070
group_9398	777	5183	6.6705	36	13.5884	18	13.5884
group_9399	1152	86719	75.2769	558	142.0590	279	142.0590
group_9400	345	22882	66.3246	163	138.5656	81	137.7156
group_9401	234	151	0.6453	1	1.2533	0	0.0000
group_9403	198	0	0.0000	0	0.0000	0	0.0000
group_9404	2850	210423	73.8326	1406	144.6863	703	144.6864
group_9406	336	302	0.8988	2	1.7457	1	1.7457
group_9408	1557	13346	8.5716	90	16.9528	45	16.9528
group_9409	1470	27133	18.4578	184	36.7103	92	36.7103
group_9412	1485	12441	8.3778	83	16.3923	41	16.1948
group_9413	1956	230907	118.0506	1554	233.0071	777	233.0072
group_9414	192	3237	16.8594	27	41.2429	13	39.7154
group_9415	1038	9601	9.2495	64	18.0830	32	18.0830
group_9416	1719	3313	1.9273	22	3.7535	11	3.7535
moaB	597	47614	79.7554	333	163.5901	166	163.0988
group_9418	4083	32101	7.8621	117	8.4041	58	8.3323
group_9421	987	10312	10.4478	70	20.8002	35	20.8002
glxA	1005	24876	24.7522	167	48.7346	83	48.4428
group_9424	108	0	0.0000	0	0.0000	0	0.0000
group_9425	1248	36446	29.2035	186	43.7105	93	43.7105
group_9427	579	18043	31.1623	126	63.8233	63	63.8233
group_9430	1377	2308	1.6761	17	3.6208	8	3.4078
rsmE	708	64235	90.7274	436	180.6094	218	180.6094
group_9431	1950	128811	66.0569	865	130.0974	432	129.9470
group_9432	540	23401	43.3352	163	88.5280	81	87.9850
group_9433	1962	67152	34.2263	449	67.1173	224	66.9678
group_9437	2037	906	0.4448	6	0.8639	3	0.8639
recN	1755	195888	111.6171	1312	219.2521	656	219.2521
group_9438	1443	157147	108.9030	1066	216.6596	533	216.6596
leuD	591	56033	94.8105	382	189.5671	191	189.5671
group_9439	867	55675	64.2157	346	117.0426	173	117.0427
cobU	561	55913	99.6667	379	198.1360	189	197.6133
group_9440	159	251	1.5786	2	3.6891	1	3.6891
group_9441	1374	144443	105.1259	977	208.5426	488	208.3292
group_9442	822	233	0.2835	2	0.7136	1	0.7136
group_9443	2556	202642	79.2809	1359	155.9357	679	155.8210
group_9444	1563	2968	1.8989	20	3.7528	10	3.7528
hpnA	987	93689	94.9230	643	191.0649	321	190.7678
group_9445	522	0	0.0000	0	0.0000	0	0.0000
group_9446	1230	137557	111.8350	931	221.9891	465	221.7507
group_9447	1236	763	0.6173	5	1.1864	2	0.9491
group_9449	690	55524	80.4696	379	161.0932	189	160.6682
group_9450	393	6963	17.7176	52	38.8059	26	38.8059
srso17	453	1725	3.8079	12	7.7691	6	7.7691
group_9451	297	20090	67.6431	149	147.1353	74	146.1478
group_9454	1683	5073	3.0143	30	5.2279	15	5.2279
group_9455	345	1950	5.6522	15	12.7514	7	11.9013
group_9456	966	59814	61.9193	416	126.3000	208	126.3000
group_9457	609	27055	44.4253	184	88.6110	92	88.6110
group_9458	537	44172	82.2570	303	165.4837	151	164.9377
group_9459	789	33399	42.3308	217	80.6621	108	80.2905
rpoZ	228	10516	46.1228	77	99.0474	38	97.7611
group_9460	840	1124	1.3381	8	2.7932	4	2.7932
group_9461	1116	95459	85.5367	625	164.2490	312	163.9863
group_9462	267	151	0.5655	1	1.0984	0	0.0000
group_9463	1140	110460	96.8947	744	191.4058	372	191.4059
carB	3351	405715	121.0728	2707	236.9195	1353	236.8321
group_9465	336	0	0.0000	0	0.0000	0	0.0000
nAGPA	1824	183950	100.8498	1233	198.2555	616	198.0948
ilvA	1605	195232	121.6399	1309	239.1947	654	239.0121
group_9467	1071	5594	5.2232	38	10.4059	19	10.4059
group_9468	750	0	0.0000	0	0.0000	0	0.0000
group_9469	903	2781	3.0797	20	6.4957	10	6.4958
group_9470	381	48719	127.8714	336	258.6433	168	258.6434
group_9472	396	19535	49.3308	145	107.3890	72	106.6484
group_9473	255	816	3.2000	7	8.0509	3	6.9008
group_9476	261	12621	48.3563	90	101.1321	45	101.1321
group_9477	405	42675	105.3704	302	218.6950	151	218.6951
group_9480	408	17656	43.2745	125	89.8539	62	89.1351
group_9481	387	1977	5.1085	14	10.6097	7	10.6097
group_9482	288	2825	9.8090	24	24.4403	12	24.4403
group_9483	1335	53757	40.2674	364	79.9663	182	79.9663
group_9484	138	524	3.7971	4	8.5010	2	8.5010
group_9486	1212	43440	35.8416	294	71.1429	147	71.1429
mpaA	1665	194508	116.8216	1309	230.5751	654	230.3990
group_9488	201	226	1.1244	2	2.9182	1	2.9182
group_9489	735	47547	64.6898	325	129.6830	162	129.2840
group_9490	282	336	1.1915	3	3.1200	1	2.0800
group_9491	186	6109	32.8441	46	72.5324	23	72.5324
group_9492	825	51501	62.4255	347	123.3566	173	123.0012
group_9493	543	44933	82.7495	313	169.0564	156	168.5163
corA	1197	124295	103.8388	847	207.5278	423	207.2828
group_9498	168	417	2.4821	4	6.9829	2	6.9829
group_9500	2691	65390	24.2995	426	46.4283	213	46.4283
group_9503	255	18585	72.8824	128	147.2166	64	147.2167
group_9504	369	1772	4.8022	12	9.5377	6	9.5377
group_19151	303	862	2.8449	7	6.7755	3	5.8076
group_9507	573	26898	46.9424	180	92.1308	90	92.1308
group_9508	1626	11173	6.8715	74	13.3474	37	13.3475
group_9509	1203	39401	32.7523	269	65.5803	134	65.3366
group_9510	882	0	0.0000	0	0.0000	0	0.0000
group_9512	1767	133341	75.4618	898	149.0482	449	149.0483
cbiM	744	66332	89.1559	458	180.5425	229	180.5426
group_9517	501	31796	63.4651	221	129.3724	110	128.7870
group_9518	1743	183168	105.0878	1237	208.1418	618	207.9736
group_9519	975	1057	1.0841	7	2.1056	3	1.8048
group_9520	630	62848	99.7587	439	204.3671	219	203.9016
group_9522	972	906	0.9321	6	1.8104	3	1.8104
group_9523	300	5853	19.5100	40	39.1044	20	39.1044
group_9524	1173	19104	16.2864	130	32.5037	65	32.5037
gtrA	1407	134177	95.3639	904	188.4349	452	188.4350
group_9527	777	27867	35.8649	176	66.4322	88	66.4322
group_9528	186	3698	19.8817	28	44.1501	14	44.1502
group_9530	885	4291	4.8486	31	10.2732	15	9.9418
group_9535	318	1952	6.1384	14	12.9118	7	12.9118
group_9536	1047	73584	70.2808	495	138.6582	247	138.3781
group_9537	1356	22114	16.3083	151	32.6591	75	32.4428
group_9538	1020	51440	50.4314	350	100.6364	175	100.6364
group_9539	1059	23852	22.5231	161	44.5879	80	44.3110
group_9540	414	4135	9.9879	29	20.5440	14	19.8356
aycf53	738	76269	103.3455	526	209.0337	263	209.0338
cdd	411	6768	16.4672	47	33.5385	23	32.8249
group_9541	951	20369	21.4185	138	42.5584	69	42.5584
group_9542	1230	89506	72.7691	611	145.6878	305	145.4494
group_9544	1593	120991	75.9517	815	150.0475	407	149.8635
group_9545	915	93993	102.7246	640	205.1379	320	205.1380
group_9546	2652	84343	31.8035	552	61.0453	276	61.0454
group_9547	366	6539	17.8661	47	37.6620	23	36.8607
group_9549	771	58100	75.3567	405	154.0592	202	153.6789
group_9550	831	82278	99.0108	561	197.9925	280	197.6397
group_9552	681	611	0.8972	4	1.7227	2	1.7227
group_9554	786	74846	95.2239	515	192.1639	257	191.7908
group_9555	412	22528	54.6796	168	119.5912	84	119.5912
group_9556	393	31258	79.5369	219	163.4326	109	162.6863
group_9557	798	73900	92.6065	513	188.5391	256	188.1717
group_9558	750	52441	69.9213	355	138.8207	177	138.4297
group_9560	357	20551	57.5658	146	119.9421	73	119.9421
xylB	1251	139912	111.8401	948	222.2481	474	222.2482
group_9562	405	18243	45.0444	128	92.6919	64	92.6920
group_9563	1341	44506	33.1887	299	65.3927	149	65.1740
group_9564	1323	28921	21.8602	199	44.1144	99	43.8927
group_9566	2505	7368	2.9413	43	5.0344	21	4.9173
group_9569	228	490	2.1491	4	5.1453	2	5.1453
group_9570	1572	144863	92.1520	969	180.7833	484	180.5968
ykgJ	366	23514	64.2459	173	138.6283	86	137.8271
proC	876	87319	99.6792	590	197.5308	295	197.5309
group_9571	2223	4035	1.8151	27	3.5621	13	3.4302
group_9572	1128	1484	1.3156	10	2.6000	5	2.6000
group_9573	219	520	2.3744	4	5.3568	2	5.3568
group_9576	1341	3315	2.4720	24	5.2489	12	5.2489
group_9579	285	4486	15.7404	30	30.8719	15	30.8719
group_9580	363	1621	4.4656	11	8.8874	5	8.0794
group_9581	840	75944	90.4095	523	182.6036	261	182.2545
nosY	780	86462	110.8487	597	224.4744	298	224.0984
group_9583	243	425	1.7490	3	3.6208	1	2.4139
group_9584	390	2112	5.4154	15	11.2801	7	10.5281
group_9585	960	904	0.9417	6	1.8330	3	1.8330
group_9586	756	18202	24.0767	127	49.2685	63	48.8805
group_9589	234	302	1.2906	2	2.5067	1	2.5067
group_9591	1395	113749	81.5405	766	161.0429	383	161.0429
group_9592	870	301	0.3460	2	0.6742	1	0.6742
group_9593	1506	1201	0.7975	8	1.5579	4	1.5579
group_9594	1605	3315	2.0654	22	4.0201	11	4.0201
group_9595	171	4567	26.7076	35	60.0287	17	58.3136
group_9596	408	6158	15.0931	42	30.1909	21	30.1909
group_9597	654	11251	17.2034	79	35.4272	39	34.9787
group_9600	654	51810	79.2202	353	158.3011	176	157.8527
group_9599	3102	335538	108.1683	2238	211.5950	1119	211.5950
group_9602	1407	1208	0.8586	8	1.6676	4	1.6676
group_9601	315	6825	21.6667	50	46.5529	25	46.5529
group_9603	711	4540	6.3854	52	21.4497	26	21.4497
group_9605	693	55496	80.0808	394	166.7439	197	166.7440
group_9607	4161	113432	27.2608	757	53.3562	378	53.2858
group_9608	732	103860	141.8852	714	286.0712	357	286.0713
group_9609	1830	207054	113.1443	1395	223.5683	697	223.4081
group_9611	261	1353	5.1839	9	10.1132	4	8.9895
group_9612	840	35023	41.6940	243	84.8426	121	84.4935
group_9614	1518	18655	12.2892	130	25.1165	65	25.1165
group_9615	564	1895	3.3599	14	7.2801	7	7.2801
group_9617	708	1037	1.4647	7	2.8997	3	2.4855
group_9619	1041	18465	17.7378	126	35.4982	63	35.4983
group_9618	285	0	0.0000	0	0.0000	0	0.0000
group_9622	432	16110	37.2917	114	77.3941	57	77.3942
tnpB~~~insQ	1359	159352	117.2568	1063	229.4039	531	229.1882
hypE	1071	106074	99.0420	718	196.6174	359	196.6175
group_9625	972	89043	91.6080	574	173.1939	287	173.1940
group_9626	282	5821	20.6418	44	45.7605	22	45.7605
group_9627	663	24694	37.2459	170	75.2008	85	75.2008
group_9628	744	62261	83.6841	397	156.4965	198	156.1023
group_9629	426	11154	26.1831	79	54.3882	39	53.6997
group_9630	306	5855	19.1340	41	39.2961	20	38.3377
ybjD	1989	29997	15.0814	200	29.4905	100	29.4905
group_9631	2079	229409	110.3458	1540	217.2467	770	217.2468
group_9633	1485	116733	78.6081	788	155.6277	394	155.6277
group_9634	774	50446	65.1757	345	130.7270	172	130.3481
group_9635	231	11336	49.0736	84	106.6484	42	106.6484
group_9636	2016	233787	115.9658	1574	228.9819	787	228.9820
group_9637	933	19081	20.4512	129	40.5504	64	40.2361
group_9638	1749	183660	105.0086	1228	205.9186	614	205.9187
group_9641	96	0	0.0000	0	0.0000	0	0.0000
group_9640	2103	5587	2.6567	37	5.1600	18	5.0205
group_9642	1395	69599	49.8918	470	98.8122	235	98.8123
group_9643	879	7628	8.6780	52	17.3501	26	17.3501
group_9644	312	8799	28.2019	72	67.6807	36	67.6807
group_9645	660	2114	3.2030	14	6.2212	7	6.2212
group_9646	996	17708	17.7791	117	34.4519	58	34.1575
cysW	843	80345	95.3084	544	189.2598	272	189.2598
group_9647	981	35782	36.4750	244	72.9471	122	72.9471
group_9651	741	39846	53.7733	259	102.5106	129	102.1148
group_9652	1140	9697	8.5061	65	16.7223	32	16.4650
group_9655	186	3662	19.6882	26	40.9966	13	40.9966
malQ	1503	172053	114.4731	1165	227.3285	582	227.1335
group_9656	729	13015	17.8532	87	35.0009	43	34.5986
group_9657	435	2220	5.1034	16	10.7874	8	10.7874
group_9658	3993	302846	75.8442	2026	148.8083	1013	148.8083
group_9660	378	28626	75.7302	208	161.3833	104	161.3833
group_9661	327	1469	4.4924	12	10.7627	6	10.7627
group_9662	7725	25017	3.2384	107	4.0623	53	4.0243
group_9663	141	0	0.0000	0	0.0000	0	0.0000
group_9664	261	3574	13.6935	27	30.3396	13	29.2159
group_9666	417	7582	18.1823	55	38.6824	27	37.9791
group_9667	837	55656	66.4946	360	126.1433	180	126.1433
group_9668	990	76527	77.3000	528	156.4176	264	156.4177
ligA	2058	245662	119.3693	1652	235.4245	826	235.4246
group_9669	567	59066	104.1728	407	210.5224	203	210.0052
group_16590	1278	604	0.4726	4	0.9179	2	0.9179
group_9670	927	94682	102.1381	634	200.5841	317	200.5842
pDC1~~~ictB	3102	344593	111.0874	2327	220.0096	1163	219.9151
group_9671	1308	123598	94.4939	835	187.2258	417	187.0017
group_9672	375	2111	5.6293	16	12.5134	8	12.5134
group_9673	441	901	2.0431	6	3.9902	3	3.9902
group_9675	2973	3301	1.1103	23	2.2689	11	2.1703
group_9676	2658	282172	106.1595	1886	208.1008	943	208.1009
group_9679	1182	25577	21.6387	129	32.0081	64	31.7599
group_9680	897	25375	28.2887	172	56.2371	86	56.2371
group_9681	405	12022	29.6840	89	64.4499	44	63.7257
group_9682	345	678	1.9652	5	4.2505	2	3.4004
group_9683	471	14790	31.4013	109	67.8723	54	67.2496
group_9684	1089	108506	99.6382	737	198.4845	368	198.2153
group_9686	708	45505	64.2726	312	129.2434	156	129.2434
group_9688	1821	6753	3.7084	46	7.4086	23	7.4086
group_9689	3606	65032	18.0344	425	34.5661	212	34.4848
group_9690	174	3362	19.3218	30	50.5660	15	50.5661
group_9691	624	47791	76.5881	333	156.5116	166	156.0417
group_9695	1017	104698	102.9479	703	202.7316	351	202.4433
group_9700	336	9507	28.2946	76	66.3378	38	66.3379
group_9697	264	4385	16.6098	35	38.8822	17	37.7713
group_9699	1044	62551	59.9148	397	111.5262	198	111.2453
group_9701	1716	4385	2.5554	29	4.9564	14	4.7855
group_17169	6042	1208	0.1999	8	0.3883	4	0.3883
group_9704	528	305	0.5777	2	1.1109	1	1.1109
group_9705	1356	124428	91.7611	829	179.3006	414	179.0844
group_9707	396	34672	87.5556	253	187.3753	126	186.6347
group_9708	420	1631	3.8833	12	8.3795	6	8.3795
smc	555	0	0.0000	0	0.0000	0	0.0000
group_9710	681	51736	75.9706	358	154.1782	179	154.1782
group_9714	1395	87875	62.9928	593	124.6716	296	124.4614
group_9715	243	9323	38.3663	68	82.0710	34	82.0710
ndhB	1551	160489	103.4745	1081	204.4094	540	204.2204
truB	912	91735	100.5866	630	202.5969	315	202.5969
group_9717	210	0	0.0000	0	0.0000	0	0.0000
group_9718	855	32699	38.2444	221	75.8077	110	75.4647
group_9719	603	7613	12.6252	52	25.2914	26	25.2914
group_9720	315	20759	65.9016	144	134.0723	72	134.0723
group_9722	936	453	0.4840	3	0.9400	1	0.6267
group_9723	453	33724	74.4459	243	157.3240	121	156.6767
spoIIIAA	1812	208915	115.2953	1413	228.7025	706	228.5408
group_9725	660	50039	75.8167	349	155.0845	174	154.6402
group_9728	1194	95879	80.3007	651	159.9056	325	159.6600
group_9731	423	19687	46.5414	136	94.2943	68	94.2944
group_9732	456	38473	84.3706	262	168.5091	131	168.5092
group_9735	450	453	1.0067	3	1.9552	1	1.3035
pleD	939	84737	90.2417	571	178.3436	285	178.0313
group_9738	711	45030	63.3333	310	127.8731	155	127.8731
group_9742	909	1135	1.2486	8	2.5811	4	2.5812
group_9740	345	18827	54.5710	138	117.3132	69	117.3133
group_9741	1113	2718	2.4420	18	4.7431	9	4.7431
group_9743	2454	262086	106.7995	1751	209.2660	875	209.1465
group_9744	3105	327979	105.6293	2198	207.6123	1099	207.6124
group_9745	2607	68761	26.3755	456	51.2992	228	51.2992
group_9746	1218	120693	99.0911	804	193.5957	402	193.5958
group_9747	1224	110999	90.6855	747	178.9889	373	178.7494
group_9750	309	1481	4.7929	11	10.4405	5	9.4914
group_9751	2199	58583	26.6407	391	52.1481	195	52.0148
group_9752	192	833	4.3385	8	12.2201	4	12.2201
group_9755	459	393929	858.2331	2633	1682.3842	1316	1681.7458
group_9754	966	12259	12.6905	76	23.0740	38	23.0740
group_9759	1017	0	0.0000	0	0.0000	0	0.0000
group_15948	1170	16726	14.2957	112	28.0750	56	28.0750
group_9761	1899	207894	109.4755	1404	216.8349	702	216.8350
group_9762	237	11155	47.0675	81	100.2360	40	98.9985
yccU	459	22455	48.9216	133	84.9818	66	84.3429
group_9763	234	1741	7.4402	12	15.0402	6	15.0402
group_9764	801	24650	30.7740	168	61.5126	84	61.5126
group_9765	306	15508	50.6797	113	108.3039	56	107.3455
group_9767	345	833	2.4145	6	5.1006	3	5.1006
group_9769	885	2037	2.3017	14	4.6395	7	4.6395
group_9770	219	0	0.0000	0	0.0000	0	0.0000
group_9772	4422	6026	1.3627	40	2.6529	20	2.6529
group_9775	312	10750	34.4551	85	79.9008	42	78.9609
group_9774	696	71719	103.0445	496	209.0063	248	209.0064
group_9776	2520	2633	1.0448	18	2.0949	9	2.0949
group_9778	735	1179	1.6041	8	3.1922	4	3.1922
group_9779	837	0	0.0000	0	0.0000	0	0.0000
group_9781	705	70228	99.6142	486	202.1781	243	202.1782
cafA	2178	253166	116.2378	1692	227.8397	846	227.8398
ylqF	840	91629	109.0821	633	221.0098	316	220.6607
group_9783	1551	12752	8.2218	91	17.2075	45	17.0184
group_9786	501	4317	8.6168	30	17.5619	15	17.5619
group_9787	939	12249	13.0447	84	26.2362	42	26.2362
group_9789	471	16991	36.0743	116	72.2311	58	72.2311
group_9790	456	2925	6.4145	22	14.1496	11	14.1496
fbpB	1941	192427	99.1381	1296	195.8243	648	195.8243
group_9791	384	22494	58.5781	164	125.2563	82	125.2564
group_9792	657	2389	3.6362	19	8.4816	9	8.0352
group_9793	261	7344	28.1379	57	64.0503	28	62.9267
group_9794	339	17205	50.7522	118	102.0867	59	102.0868
group_9795	1146	107406	93.7225	725	185.5412	362	185.2854
group_9797	114	0	0.0000	0	0.0000	0	0.0000
group_9800	1650	175647	106.4527	1185	210.6306	592	210.4529
group_9804	3270	56731	17.3489	378	33.9024	189	33.9025
group_9801	405	36710	90.6420	256	185.3839	128	185.3839
group_9802	645	755	1.1705	5	2.2735	2	1.8188
mnaT	516	43675	84.6415	303	172.2186	151	171.6502
glgX	2079	221241	106.4170	1492	210.4754	746	210.4755
fabD	933	83425	89.4159	569	178.8618	284	178.5475
group_9812	1065	59510	55.8779	401	110.4287	200	110.1533
group_9813	690	16777	24.3145	118	50.1557	59	50.1557
group_9816	1680	604	0.3595	4	0.6983	2	0.6983
murF	1371	124124	90.5354	841	179.9060	420	179.6921
group_9817	1068	96843	90.6770	663	182.0662	331	181.7916
mfd	3510	394750	112.4644	2624	219.2521	1312	219.2521
group_9818	1260	140541	111.5405	951	221.3589	475	221.1262
coaX	780	66073	84.7090	452	169.9538	226	169.9538
group_9820	1305	134758	103.2628	905	203.3879	452	203.1632
group_9822	582	16433	28.2354	113	56.9433	56	56.4394
group_9825	972	6848	7.0453	47	14.1814	23	13.8797
sirB1	819	48749	59.5226	331	118.5308	165	118.1727
group_9826	879	1317	1.4983	10	3.3366	5	3.3366
lptB	1911	25485	13.3359	173	26.5505	86	26.3970
group_9827	1086	47043	43.3177	319	86.1485	159	85.8785
group_9829	426	10718	25.1596	75	51.6343	37	50.9459
group_9831	1092	69023	63.2079	470	126.2299	235	126.2299
group_9833	519	3154	6.0771	21	11.8669	10	11.3019
group_9834	192	3443	17.9323	25	38.1879	12	36.6604
group_9835	477	2987	6.2621	23	14.1415	11	13.5267
group_9836	621	36050	58.0515	251	118.5411	125	118.0689
group_9837	414	18241	44.0604	123	87.1348	61	86.4264
group_9838	1074	12853	11.9674	89	24.3037	44	24.0307
group_9840	771	0	0.0000	0	0.0000	0	0.0000
group_9841	2841	32083	11.2929	218	22.5047	109	22.5047
group_9842	159	795	5.0000	6	11.0673	3	11.0673
group_9843	399	3052	7.6491	23	16.9060	11	16.1710
group_9847	1902	17584	9.2450	118	18.1953	59	18.1953
group_9855	561	55686	99.2620	386	201.7955	193	201.7956
group_9850	987	66792	67.6717	465	138.1729	232	137.8758
group_9851	232	812	3.5000	7	8.8491	3	7.5849
group_9852	657	59644	90.7823	410	183.0229	205	183.0230
group_9859	2037	0	0.0000	0	0.0000	0	0.0000
group_9857	585	18563	31.7316	131	65.6754	65	65.1740
group_9862	945	66603	70.4794	430	133.4516	215	133.4516
group_9858	999	147396	147.5435	992	291.2280	496	291.2281
group_9860	216	6442	29.8241	44	59.7428	22	59.7429
group_9861	777	9331	12.0090	65	24.5346	32	24.1572
fieF	927	76553	82.5814	524	165.7825	262	165.7825
group_9864	1281	135334	105.6472	914	209.2590	457	209.2590
group_9865	1107	30786	27.8103	208	55.1065	104	55.1065
group_9866	2685	21979	8.1858	148	16.1661	74	16.1661
group_9867	231	453	1.9610	3	3.8089	1	2.5392
group_9868	954	3214	3.3690	22	6.7633	11	6.7633
group_9869	1467	234	0.1595	2	0.3998	1	0.3998
group_9870	540	84839	157.1093	566	307.4041	283	307.4042
group_9873	465	0	0.0000	0	0.0000	0	0.0000
group_9876	432	7375	17.0718	51	34.6237	25	33.9448
pulO	810	62727	77.4407	438	158.5901	219	158.5902
suhB	828	84811	102.4287	578	204.7314	289	204.7315
group_9877	804	20050	24.9378	140	51.0692	70	51.0692
group_9878	879	2388	2.7167	16	5.3385	8	5.3385
group_9880	252	577	2.2897	4	4.6553	2	4.6553
pgl	924	78035	84.4535	522	165.6859	261	165.6859
group_9887	306	11681	38.1732	86	82.4260	43	82.4260
fliA	777	27649	35.5843	190	71.7166	95	71.7166
group_9885	459	34068	74.2222	232	148.2389	116	148.2390
group_9886	2256	20430	9.0559	129	16.7702	64	16.6402
group_9890	270	0	0.0000	0	0.0000	0	0.0000
rnhB	630	55841	88.6365	388	180.6251	194	180.6252
gvpP	360	24177	67.1583	166	135.2361	83	135.2361
group_9892	2832	102115	36.0576	653	67.6249	326	67.5214
group_9893	627	2043	3.2584	14	6.5486	7	6.5486
trpD	1038	111246	107.1734	758	214.1701	379	214.1702
group_9894	438	1032	2.3562	7	4.6872	3	4.0176
group_9895	843	48133	57.0973	309	107.5023	154	107.1545
group_9897	375	21096	56.2560	152	118.8774	76	118.8774
group_9898	369	302	0.8184	2	1.5896	1	1.5896
group_9901	1116	4689	4.2016	34	8.9351	17	8.9352
group_9902	531	23065	43.4369	162	89.4762	81	89.4762
group_9903	297	2535	8.5354	20	19.7497	10	19.7497
group_9904	471	35814	76.0382	246	153.1797	123	153.1797
group_9905	465	13847	29.7785	95	59.9180	47	59.2874
group_9908	432	9296	21.5185	71	48.2016	35	47.5227
group_9909	630	29689	47.1254	207	96.3644	103	95.8989
group_9911	3669	43134	11.7563	290	23.1813	145	23.1813
crtH	1512	170407	112.7030	1160	225.0055	580	225.0056
group_9914	1503	124603	82.9029	848	165.4718	424	165.4718
group_9915	2178	201044	92.3067	1338	180.1711	669	180.1712
cmx8	1647	604	0.3667	4	0.7123	2	0.7123
group_9916	954	11915	12.4895	81	24.9014	40	24.5940
group_9919	777	44248	56.9472	303	114.3691	151	113.9917
group_9918	1140	61415	53.8728	412	105.9935	206	105.9936
group_9920	1263	134326	106.3547	917	212.9379	458	212.7058
group_9921	2028	215804	106.4122	1048	151.5585	524	151.5586
group_15849	3702	302	0.0816	2	0.1584	1	0.1584
group_9922	690	60881	88.2333	418	177.6700	209	177.6701
group_9923	342	996	2.9123	7	6.0029	3	5.1453
rspA	1053	109938	104.4046	745	207.4985	372	207.2200
group_9924	954	28507	29.8816	198	60.8701	99	60.8701
group_9925	411	0	0.0000	0	0.0000	0	0.0000
group_9926	399	6590	16.5163	48	35.2822	24	35.2822
group_9928	1218	71381	58.6051	477	114.8572	238	114.6164
cnoX~~~dppC~~~trxA	1215	89989	74.0650	608	146.7622	304	146.7623
group_9929	381	1278	3.3543	9	6.9279	4	6.1582
group_9930	819	6998	8.5446	47	16.8307	23	16.4726
yeeA	2700	75742	28.0526	506	54.9634	253	54.9634
group_9931	894	60675	67.8691	411	134.8315	205	134.5035
group_9933	261	1764	6.7586	14	15.7317	7	15.7317
group_9934	996	90804	91.1687	618	181.9769	309	181.9769
group_9936	195	0	0.0000	0	0.0000	0	0.0000
group_9937	540	850	1.5741	6	3.2587	3	3.2587
group_9938	267	1730	6.4794	13	14.2797	6	13.1813
group_9939	159	0	0.0000	0	0.0000	0	0.0000
group_9941	444	3245	7.3086	25	16.5137	12	15.8531
group_9942	3096	66821	21.5830	447	42.3442	223	42.2494
group_9944	363	1392	3.8347	10	8.0794	5	8.0794
group_9946	309	4922	15.9288	37	35.1180	18	34.1689
group_9947	411	6704	16.3114	44	31.3977	22	31.3977
group_16609	654	302	0.4618	2	0.8969	1	0.8969
rhaT	1071	101749	95.0037	687	188.1284	343	187.8546
group_9951	1050	4338	4.1314	30	8.3795	15	8.3795
group_9952	702	63382	90.2877	439	183.4064	219	182.9886
group_9954	225	1024	4.5511	8	10.4278	4	10.4278
group_9955	471	39413	83.6794	279	173.7282	139	173.1056
group_9958	1362	302	0.2217	2	0.4307	1	0.4307
group_9959	1596	102613	64.2939	605	111.1756	302	110.9919
glmM	1440	155681	108.1118	1049	213.6486	524	213.4450
hpsL	1728	180594	104.5104	1216	206.3844	608	206.3845
group_9964	537	26523	49.3911	179	97.7610	89	97.2149
group_9963	924	5507	5.9600	33	10.4744	16	10.1570
group_9965	813	11077	13.6248	76	27.4164	38	27.4164
group_9968	273	16672	61.0696	121	129.9899	60	128.9157
dprA	1149	113771	99.0174	786	200.6271	393	200.6271
group_9969	1194	124045	103.8903	841	206.5754	420	206.3299
group_9970	906	46387	51.1998	309	100.0270	154	99.7033
group_9971	669	67237	100.5037	436	191.1382	218	191.1382
group_9972	1137	104057	91.5189	711	183.3987	355	183.1408
group_9974	180	1520	8.4444	14	22.8109	7	22.8109
group_9975	123	214	1.7398	2	4.7688	1	4.7688
group_9976	141	0	0.0000	0	0.0000	0	0.0000
group_9977	708	523	0.7387	4	1.6570	2	1.6570
group_9978	606	20786	34.3003	150	72.5948	75	72.5948
group_9979	819	66184	80.8107	452	161.8607	226	161.8608
group_9980	1623	133790	82.4338	847	153.0565	423	152.8759
group_9981	3393	2416	0.7121	16	1.3830	8	1.3830
group_9983	765	32174	42.0575	223	85.4930	111	85.1096
group_9988	1209	13661	11.2994	93	22.5602	46	22.3177
group_9987	1020	39172	38.4039	262	75.3335	131	75.3335
group_9990	1020	3644	3.5725	25	7.1883	12	6.9008
group_9991	447	906	2.0268	6	3.9367	3	3.9367
group_19134	786	1810	2.3028	13	4.8507	6	4.4776
group_9992	786	72280	91.9593	489	182.4624	244	182.0893
group_9993	945	89565	94.7778	614	190.5564	307	190.5565
group_9994	207	3175	15.3382	26	36.8375	13	36.8375
group_9995	3999	604	0.1510	4	0.2934	2	0.2934
group_9999	888	0	0.0000	0	0.0000	0	0.0000
group_10000	2091	4126	1.9732	29	4.0675	14	3.9273
group_10002	2049	960	0.4685	6	0.8588	3	0.8588
group_10005	2190	5669	2.5886	33	4.4193	16	4.2854
group_10003	2142	243305	113.5878	1633	223.5907	816	223.4538
group_10004	414	37779	91.2536	275	194.8136	137	194.1053
group_10007	6777	40633	5.9957	261	11.2951	130	11.2518
group_10008	303	7670	25.3135	65	62.9155	32	61.9476
group_10010	1938	2074	1.0702	16	2.4213	8	2.4213
group_10011	1299	26073	20.0716	176	39.7366	88	39.7366
group_10012	1011	2487	2.4599	17	4.9316	8	4.6415
group_10013	531	41609	78.3597	289	159.6211	144	159.0688
group_10014	1428	153044	107.1737	1035	212.5686	517	212.3633
group_10019	357	18027	50.4958	141	115.8345	70	115.0130
group_10020	1068	27816	26.0449	190	52.1758	95	52.1758
group_10021	1023	77432	75.6911	533	152.8054	266	152.5187
group_10026	1764	24121	13.6740	165	27.4329	82	27.2667
group_10027	435	6296	14.4736	46	31.0138	23	31.0139
group_10028	4263	3859	0.9052	27	1.8575	13	1.7887
group_10030	1659	178119	107.3653	1203	212.6700	601	212.4933
group_10031	855	164859	192.8175	1128	386.9279	564	386.9280
gvpC	639	40990	64.1471	295	135.3967	147	134.9378
group_10035	2370	12540	5.2911	83	10.2711	41	10.1474
group_10036	1095	66817	61.0201	462	123.7414	231	123.7414
pdhA	1035	14654	14.1585	100	28.3365	50	28.3365
group_10037	342	25317	74.0263	182	156.0746	91	156.0747
group_10041	429	5460	12.7273	41	28.0294	20	27.3458
group_10042	1062	3032	2.8550	22	6.0755	11	6.0755
group_10043	1035	105696	102.1217	714	202.3228	357	202.3229
group_10045	969	4804	4.9577	32	9.6853	16	9.6853
group_10047	1059	1208	1.1407	8	2.2155	4	2.2155
group_10048	4869	3624	0.7443	24	1.4456	12	1.4456
group_10049	330	1359	4.1182	9	7.9986	4	7.1099
group_10050	297	151	0.5084	1	0.9875	0	0.0000
group_10051	1917	299	0.1560	2	0.3060	1	0.3060
group_10052	2385	311	0.1304	2	0.2459	1	0.2459
group_10055	237	0	0.0000	0	0.0000	0	0.0000
group_10056	1134	20399	17.9885	76	19.6557	38	19.6557
group_10057	831	29358	35.3285	195	68.8209	97	68.4680
group_10058	6501	3469	0.5336	23	1.0376	11	0.9925
group_10059	1344	27712	20.6190	162	35.3511	81	35.3511
group_10060	243	4845	19.9383	34	41.0355	17	41.0355
group_10061	747	51882	69.4538	354	138.9856	177	138.9856
group_10062	975	79984	82.0349	550	165.4417	275	165.4418
group_10064	975	104226	106.8985	719	216.2775	359	215.9767
group_10066	1200	1260	1.0500	9	2.1996	4	1.9552
group_10068	678	4320	6.3717	29	12.5446	14	12.1120
group_10069	627	20304	32.3828	139	65.0181	69	64.5504
group_10070	705	60270	85.4894	419	174.3058	209	173.8899
argD	1443	46403	32.1573	311	63.2093	155	63.0061
group_10072	4473	1573	0.3517	11	0.7212	5	0.6557
group_10073	1725	146353	84.8423	977	166.1087	488	165.9388
galM	873	86215	98.7572	594	199.5534	297	199.5535
group_10074	1083	48209	44.5143	340	92.0741	170	92.0741
feoB	2358	294234	124.7812	1977	245.8951	988	245.7708
group_10077	1536	735	0.4785	5	0.9547	2	0.7638
group_10078	1146	495417	432.3010	3334	853.2337	1667	853.2339
group_10079	951	93797	98.6299	639	197.0640	319	196.7557
group_10080	1164	36206	31.1048	247	62.2345	123	61.9825
group_10081	1413	73891	52.2937	493	102.3274	246	102.1198
group_10082	14802	290127	19.6005	1603	31.7614	801	31.7416
group_10084	576	2567	4.4566	17	8.6559	8	8.1468
group_10085	417	2937	7.0432	21	14.7697	10	14.0663
group_10086	423	28244	66.7707	193	133.8147	96	133.1214
group_10088	336	20097	59.8125	151	131.8028	75	130.9300
group_10090	192	1459	7.5990	10	15.2752	5	15.2752
group_10092	1380	152235	110.3152	1030	218.8997	515	218.8998
group_10094	285	17317	60.7614	119	122.4585	59	121.4295
group_10096	1068	7864	7.3633	50	13.7305	25	13.7305
group_10097	144	0	0.0000	0	0.0000	0	0.0000
group_10098	1725	166656	96.6122	1119	190.2515	559	190.0815
pIWI	2307	12675	5.4941	87	11.0601	43	10.9330
aprE	1803	167044	92.6478	1121	182.3463	560	182.1837
group_10101	2574	906	0.3520	6	0.6836	3	0.6836
group_10100	828	0	0.0000	0	0.0000	0	0.0000
group_10103	309	2579	8.3463	19	18.0336	9	17.0845
group_10104	450	451	1.0022	3	1.9552	1	1.3035
group_10105	1221	73807	60.4480	494	118.6583	247	118.6584
group_10106	1119	94397	84.3584	645	169.0506	322	168.7885
group_10107	1119	85447	76.3601	583	152.8007	291	152.5387
yHI9	2160	111019	51.3977	749	101.6986	374	101.5629
group_10109	1425	136653	95.8968	926	190.5825	463	190.5826
group_10111	342	5134	15.0117	38	32.5870	19	32.5870
group_10114	1263	129358	102.4212	868	201.5596	434	201.5596
group_10113	627	34118	54.4147	233	108.9872	116	108.5195
group_10116	402	2385	5.9328	18	13.1321	9	13.1321
group_10117	222	11095	49.9775	81	107.0087	40	105.6876
group_10118	666	18943	28.4429	127	55.9264	63	55.4860
group_10120	2262	4046	1.7887	27	3.5007	13	3.3711
group_10122	270	151	0.5593	1	1.0862	0	0.0000
rodZ	999	68174	68.2422	463	135.9260	231	135.6325
group_10123	1359	164393	120.9662	1110	239.5469	555	239.5470
group_10126	396	261	0.6591	2	1.4812	1	1.4812
group_10127	1125	35617	31.6596	237	61.7850	118	61.5243
group_10128	429	2585	6.0256	19	12.9892	9	12.3056
group_10130	801	54785	68.3958	370	135.4741	185	135.4741
group_10131	1509	44172	29.2724	280	54.4197	140	54.4197
group_10132	681	73550	108.0029	507	218.3473	253	217.9167
group_10133	798	0	0.0000	0	0.0000	0	0.0000
group_10135	801	19449	24.2809	133	48.6974	66	48.3313
group_10137	1446	164793	113.9647	1119	226.9597	559	226.7570
moaA	996	106800	107.2289	728	214.3676	364	214.3676
gstA	807	81419	100.8910	555	201.7003	277	201.3369
group_10139	438	2447	5.5868	17	11.3831	8	10.7135
group_10141	615	1668	2.7122	12	5.7226	6	5.7226
crtB	942	75478	80.1253	508	158.1612	254	158.1612
group_10142	270	3723	13.7889	27	29.3283	13	28.2421
group_10143	1086	110130	101.4088	752	203.0837	376	203.0837
group_10144	963	88729	92.1381	604	183.9491	302	183.9492
group_10145	207	2996	14.4734	20	28.3365	10	28.3365
group_10146	363	8064	22.2149	58	46.8607	29	46.8607
group_10147	471	31661	67.2208	225	140.1034	112	139.4807
group_10148	1113	31052	27.8994	203	53.4919	101	53.2284
group_10152	1236	48398	39.1570	324	76.8800	162	76.8801
group_10153	1839	55499	30.1789	374	59.6454	187	59.6454
group_10155	864	10425	12.0660	71	24.1008	35	23.7614
yjiC	1287	132538	102.9821	889	202.5864	444	202.3586
rfbX	1383	2904	2.0998	20	4.2413	10	4.2413
group_10156	390	13745	35.2436	97	72.9448	48	72.1928
group_10157	348	2963	8.5144	21	17.6981	10	16.8554
group_10158	339	3277	9.6667	24	20.7634	12	20.7634
group_10159	312	2145	6.8750	15	14.1001	7	13.1601
group_10160	753	7996	10.6189	57	22.2007	28	21.8112
group_10161	1071	105773	98.7610	718	196.6174	359	196.6175
group_10162	816	83041	101.7659	543	195.1626	271	194.8033
group_10163	576	52561	91.2517	371	188.9028	185	188.3937
group_10164	1161	21984	18.9354	148	37.3866	74	37.3867
group_10165	1761	4529	2.5718	30	4.9963	15	4.9963
group_10166	3711	59584	16.0560	289	22.8399	144	22.7609
kycf53	1653	177801	107.5626	1182	209.7160	591	209.7161
hpsU	591	13657	23.1083	92	45.6549	46	45.6549
ureF	666	24431	36.6832	167	73.5410	83	73.1006
group_10169	642	64169	99.9517	441	201.4608	220	201.0040
group_10170	456	13876	30.4298	101	64.9596	50	64.3165
group_10171	486	4932	10.1481	36	21.7247	18	21.7247
group_10172	582	9936	17.0722	68	34.2668	34	34.2668
group_10175	255	0	0.0000	0	0.0000	0	0.0000
group_10176	1167	1701	1.4576	12	3.0158	6	3.0158
group_10177	468	453	0.9679	3	1.8800	1	1.2533
group_10179	696	17010	24.4397	117	49.3019	58	48.8805
group_10182	1686	1365	0.8096	9	1.5656	4	1.3916
ptaN	1080	96586	89.4315	653	177.3276	326	177.0561
group_10183	390	6366	16.3231	45	33.8404	22	33.0884
group_10186	3678	69141	18.7985	465	37.0790	232	36.9993
group_10187	1224	126713	103.5237	865	207.2630	432	207.0234
group_10188	732	55884	76.3443	386	154.6547	193	154.6548
group_10189	765	17132	22.3948	119	45.6218	59	45.2385
group_10191	819	38729	47.2882	261	93.4638	130	93.1058
group_10192	2727	46345	16.9949	310	33.3398	155	33.3399
group_10193	2709	56011	20.6759	375	40.5984	187	40.4902
group_10194	876	14654	16.7283	99	33.1450	49	32.8102
group_10195	1395	112841	80.8896	760	159.7815	380	159.7815
group_10197	594	57306	96.4747	408	201.4470	204	201.4470
group_10198	492	30091	61.1606	211	125.7779	105	125.1818
group_10203	567	11141	19.6490	81	41.8976	40	41.3803
group_10204	1224	98242	80.2631	664	159.1013	332	159.1013
group_10206	4266	8872	2.0797	60	4.1249	30	4.1249
group_16598	1974	151	0.0765	1	0.1486	0	0.0000
group_10207	861	3238	3.7607	20	6.8126	10	6.8126
menD	1755	195591	111.4479	1316	219.9205	658	219.9206
group_10209	2106	23723	11.2645	161	22.4210	80	22.2817
group_10212	897	29559	32.9532	195	63.7572	97	63.4303
group_10211	1488	89210	59.9530	596	117.4709	298	117.4709
group_10213	819	57998	70.8156	380	136.0776	190	136.0777
group_10214	873	23786	27.2463	171	57.4472	85	57.1113
group_10218	105	0	0.0000	0	0.0000	0	0.0000
group_10219	570	26166	45.9053	181	93.1302	90	92.6157
group_10220	1113	101745	91.4151	698	183.9278	349	183.9278
group_10225	588	8631	14.6786	61	30.4256	30	29.9269
group_17180	993	302	0.3041	2	0.5907	1	0.5907
fRQ1	2178	85509	39.2603	574	77.2932	287	77.2932
group_10229	1344	114280	85.0298	770	168.0268	385	168.0268
group_10233	387	4348	11.2351	29	21.9773	14	21.2195
group_10231	555	1406	2.5333	16	8.4550	8	8.4550
group_10236	273	5055	18.5165	36	38.6747	18	38.6747
group_10238	240	0	0.0000	0	0.0000	0	0.0000
group_10239	1596	24167	15.1422	169	31.0557	84	30.8719
group_10240	237	5230	22.0675	37	45.7868	18	44.5493
group_10241	1017	1359	1.3363	9	2.5954	4	2.3070
cmk	1554	174462	112.2664	1172	221.1890	586	221.1891
group_10244	288	1879	6.5243	14	14.2568	7	14.2568
cof	1104	92182	83.4982	618	164.1748	309	164.1748
hycB	1044	89885	86.0967	608	170.8009	304	170.8009
stbC1	345	7213	20.9072	57	48.4555	28	47.6054
group_10245	444	606	1.3649	5	3.3027	2	2.6422
group_10246	1059	100186	94.6043	687	190.2601	343	189.9832
group_10247	930	2858	3.0731	19	5.9918	9	5.6764
group_10248	297	0	0.0000	0	0.0000	0	0.0000
group_10249	960	29142	30.3563	196	59.8786	98	59.8786
group_10251	453	0	0.0000	0	0.0000	0	0.0000
group_10253	4242	298198	70.2966	1936	133.8510	968	133.8511
group_10254	201	5581	27.7662	40	58.3648	20	58.3648
pdxJ	762	82894	108.7848	560	215.5361	280	215.5362
group_10256	693	1175	1.6955	8	3.3857	4	3.3857
group_10258	1521	7417	4.8764	51	9.8339	25	9.6411
group_10259	447	4590	10.2685	33	21.6518	16	20.9957
group_10260	471	1227	2.6051	12	7.4722	6	7.4722
psaD	426	12654	29.7042	101	69.5343	50	68.8458
group_10261	1077	7349	6.8236	51	13.8881	25	13.6157
group_10262	2829	251998	89.0767	1634	169.3972	817	169.3972
group_10263	483	25843	53.5052	190	115.3702	95	115.3702
group_10264	3039	116937	38.4788	779	75.1785	389	75.0820
group_10268	996	90200	90.5622	613	180.5045	306	180.2101
group_10269	1269	117919	92.9228	800	184.8908	400	184.8909
group_10270	474	4831	10.1920	34	21.0372	17	21.0372
group_10272	1275	144328	113.1984	963	221.5150	481	221.2850
group_10273	633	37379	59.0506	255	118.1472	127	117.6839
group_10274	1098	110978	101.0729	758	202.4668	379	202.4669
group_10279	975	47732	48.9559	322	96.8586	161	96.8586
group_10282	594	17905	30.1431	121	59.7428	60	59.2491
group_10284	261	3098	11.8697	23	25.8449	11	24.7212
group_10285	804	6508	8.0945	46	16.7799	23	16.7799
group_10286	900	20377	22.6411	137	44.6442	68	44.3183
group_10287	921	0	0.0000	0	0.0000	0	0.0000
group_10288	345	359	1.0406	3	2.5503	1	1.7002
group_10289	939	12134	12.9223	80	24.9868	40	24.9869
atu1564	1347	143962	106.8760	970	211.1987	485	211.1987
group_10293	1101	0	0.0000	0	0.0000	0	0.0000
group_10292	2925	2921	0.9986	20	2.0054	10	2.0054
tcmP	1140	11417	10.0149	78	20.0667	39	20.0667
group_10294	1281	39776	31.0507	267	61.1293	133	60.9003
group_10295	414	151	0.3647	1	0.7084	0	0.0000
group_10296	462	0	0.0000	0	0.0000	0	0.0000
group_10297	3525	177991	50.4939	1031	85.7801	515	85.6969
group_10298	3888	13526	3.4789	90	6.7890	45	6.7890
group_10299	423	30509	72.1253	210	145.6015	105	145.6016
group_10301	498	5652	11.3494	41	24.1458	20	23.5569
group_10302	999	1776	1.7778	12	3.5229	6	3.5229
group_10305	795	48977	61.6063	323	119.1578	161	118.7889
group_10306	1137	117724	103.5391	799	206.0978	399	205.8399
group_10307	360	4116	11.4333	28	22.8109	14	22.8109
group_10308	480	0	0.0000	0	0.0000	0	0.0000
group_10309	735	69908	95.1129	483	192.7289	241	192.3299
group_10310	1542	178156	115.5357	1205	229.1868	602	228.9967
group_10312	447	2788	6.2371	19	12.4662	9	11.8101
group_10314	672	14033	20.8824	96	41.8976	48	41.8976
group_10315	609	7191	11.8079	50	24.0791	25	24.0791
group_10319	1800	81215	45.1194	546	88.9625	273	88.9626
group_10322	891	604	0.6779	4	1.3166	2	1.3166
group_10323	543	6214	11.4438	41	22.1448	20	21.6047
group_10324	813	10719	13.1845	72	25.9734	36	25.9734
group_10325	1101	43262	39.2934	284	75.6516	142	75.6516
kdpF	207	4879	23.5700	41	58.0899	20	56.6731
group_10326	138	0	0.0000	0	0.0000	0	0.0000
group_10328	1080	106260	98.3889	723	196.3367	361	196.0652
group_10330	276	2309	8.3659	17	18.0645	8	17.0019
group_10331	216	0	0.0000	0	0.0000	0	0.0000
group_10332	303	264	0.8713	2	1.9359	1	1.9359
group_10333	2274	19506	8.5778	130	16.7664	65	16.7664
group_16594	453	379	0.8366	3	1.9423	1	1.2948
group_10336	9834	202635	20.6056	1266	37.7564	633	37.7564
group_10337	951	4014	4.2208	27	8.3266	13	8.0183
group_10338	816	4857	5.9522	34	12.2201	17	12.2201
group_10339	813	59401	73.0640	403	145.3789	201	145.0182
group_10340	960	4053	4.2219	28	8.5541	14	8.5541
group_10343	813	603	0.7417	4	1.4430	2	1.4430
group_10342	1881	18178	9.6640	122	19.0221	61	19.0221
group_10344	807	24912	30.8699	174	63.2358	87	63.2358
group_10346	462	0	0.0000	0	0.0000	0	0.0000
group_10347	927	92343	99.6149	631	199.6350	315	199.3187
ycf3	669	56861	84.9940	393	172.2874	196	171.8490
group_10348	642	56335	87.7492	378	172.6807	189	172.6807
group_10349	996	74898	75.1988	476	140.1634	238	140.1634
group_10350	483	30071	62.2588	204	123.8711	102	123.8712
group_10352	1746	2088	1.1959	14	2.3516	7	2.3516
group_10354	312	17106	54.8269	119	111.8612	59	110.9212
group_10355	315	1970	6.2540	14	13.0348	7	13.0348
group_10357	300	0	0.0000	0	0.0000	0	0.0000
group_10358	165	497	3.0121	4	7.1099	2	7.1099
group_10359	1893	34969	18.4728	226	35.0143	113	35.0143
group_10363	1881	49322	26.2212	330	51.4532	165	51.4532
group_10364	1809	107264	59.2946	715	115.9190	357	115.7569
ubiC	621	60507	97.4348	416	196.4666	208	196.4667
group_10365	1308	824	0.6300	4	0.8969	2	0.8969
cls	1650	161010	97.5818	1082	192.3226	541	192.3227
group_10366	942	90433	96.0011	615	191.4746	307	191.1633
group_10367	702	453	0.6453	3	1.2533	1	0.8356
group_10368	717	54800	76.4296	370	151.3455	185	151.3456
group_10369	435	1121	2.5770	8	5.3937	4	5.3937
group_10370	2361	755	0.3198	5	0.6211	2	0.4969
group_4016	702	30767	43.8276	215	89.8232	107	89.4054
cbiE	1269	140773	110.9322	952	220.0201	476	220.0202
group_10372	1800	80361	44.6450	537	87.4961	268	87.3332
hofQ	2151	193589	89.9995	1299	177.1152	649	176.9789
pilN	774	65938	85.1912	450	170.5134	225	170.5135
group_10374	1302	25500	19.5853	172	38.7440	86	38.7440
group_10375	3258	115116	35.3333	774	69.6750	387	69.6750
group_10378	141	0	0.0000	0	0.0000	0	0.0000
group_19138	1026	5005	4.8782	34	9.7189	17	9.7189
group_10381	1023	79504	77.7165	543	155.6723	271	155.3856
group_10382	1035	68935	66.6039	471	133.4651	235	133.1817
group_10385	1125	302	0.2684	2	0.5214	1	0.5214
comEC	2160	224910	104.1250	1509	204.8908	754	204.7551
group_10386	753	56678	75.2696	393	153.0681	196	152.6786
group_10387	1050	69844	66.5181	408	113.9614	204	113.9615
group_10389	237	302	1.2743	2	2.4750	1	2.4750
group_10390	603	43246	71.7181	293	142.5074	146	142.0210
group_10391	3153	73590	23.3397	480	44.6482	240	44.6482
group_10392	714	40937	57.3347	283	116.2453	141	115.8345
group_10394	924	10487	11.3496	72	22.8532	36	22.8532
group_10395	891	283487	318.1672	1843	606.6450	921	606.3161
aat	603	48595	80.5887	337	163.9078	168	163.4215
group_10396	387	0	0.0000	0	0.0000	0	0.0000
group_10397	1041	5544	5.3256	39	10.9876	19	10.7058
group_10398	1230	82727	67.2577	557	132.8119	278	132.5735
tesA	729	63273	86.7942	434	174.6020	217	174.6021
group_10399	948	64095	67.6108	435	134.5761	217	134.2668
group_10400	252	3895	15.4563	35	40.7338	17	39.5700
group_10406	693	604	0.8716	4	1.6928	2	1.6928
tsaB	603	51211	84.9270	366	178.0126	183	178.0127
group_10404	240	1666	6.9417	17	20.7742	8	19.5522
miaA	1005	73413	73.0478	492	143.5774	246	143.5774
group_10407	345	1477	4.2812	10	8.5010	5	8.5010
group_10409	1641	85096	51.8562	570	101.8716	285	101.8717
trmR	1521	35494	23.3360	237	45.6989	118	45.5061
group_10411	261	0	0.0000	0	0.0000	0	0.0000
group_10412	1506	174553	115.9050	1185	230.7706	592	230.5759
group_10413	2169	52416	24.1660	361	48.8129	180	48.6777
group_10415	642	50460	78.5981	344	157.1486	172	157.1486
group_10417	573	0	0.0000	0	0.0000	0	0.0000
pilW~~~tgl	4059	34476	8.4937	195	14.0897	97	14.0175
group_10418	813	533	0.6556	4	1.4430	2	1.4430
group_10420	435	4127	9.4874	28	18.8780	14	18.8780
sigC	1341	350	0.2610	2	0.4374	1	0.4374
group_10422	444	302	0.6802	2	1.3211	1	1.3211
group_10424	564	676	1.1986	5	2.6000	2	2.0800
group_10425	1833	207873	113.4059	1407	225.1224	703	224.9624
yigB	723	60396	83.5353	415	168.3437	207	167.9381
pulE	2016	160421	79.5739	1070	155.6612	535	155.6612
group_10426	603	10084	16.7231	67	32.5870	33	32.1006
group_10428	2232	69340	31.0663	457	60.0494	228	59.9181
group_10429	321	5485	17.0872	39	35.6325	19	34.7189
group_10431	609	6558	10.7685	44	21.1896	22	21.1896
group_10432	225	9156	40.6933	68	88.6367	34	88.6367
group_10434	249	0	0.0000	0	0.0000	0	0.0000
group_10435	339	18596	54.8555	133	115.0639	66	114.1988
group_10436	993	105565	106.3092	725	214.1291	362	213.8339
group_10439	1299	120040	92.4095	815	184.0075	407	183.7818
cah	960	76455	79.6406	512	156.4176	256	156.4177
group_10441	954	151	0.1583	1	0.3074	0	0.0000
cp12	225	539	2.3956	4	5.2139	2	5.2139
group_10442	108	0	0.0000	0	0.0000	0	0.0000
group_10443	996	97680	98.0723	664	195.5221	332	195.5221
group_10445	1332	3064	2.3003	22	4.8440	11	4.8440
group_10446	309	5793	18.7476	41	38.9146	20	37.9655
group_10448	1680	35552	21.1619	238	41.5484	119	41.5484
group_10449	810	37945	46.8457	255	92.3299	127	91.9678
group_10450	525	45525	86.7143	317	177.0871	158	176.5285
group_10451	990	1634	1.6505	12	3.5549	6	3.5549
group_10453	4794	216792	45.2215	1443	88.2786	721	88.2174
group_10454	2412	1827	0.7575	13	1.5807	6	1.4591
group_10455	501	801	1.5988	6	3.5124	3	3.5124
group_10456	4791	30324	6.3294	201	12.3043	100	12.2431
group_10457	1305	121464	93.0759	824	185.1841	412	185.1842
hpnB	1188	36120	30.4040	250	61.7178	125	61.7178
group_10459	552	11027	19.9764	76	40.3796	38	40.3796
group_10460	1497	4158	2.7776	28	5.4856	14	5.4856
group_10461	705	13605	19.2979	60	24.9603	30	24.9603
group_10463	894	1608	1.7987	11	3.6086	5	3.2806
group_10465	678	151	0.2227	1	0.4326	0	0.0000
group_10468	207	8394	40.5507	62	87.8432	31	87.8433
group_10467	1164	117025	100.5369	791	199.3015	395	199.0496
group_16593	1122	151	0.1346	1	0.2614	0	0.0000
group_10471	777	22666	29.1712	154	58.1282	77	58.1282
group_10473	603	51400	85.2405	359	174.6080	179	174.1217
group_10475	1668	43275	25.9442	213	37.4516	106	37.2758
group_10476	981	30247	30.8328	210	62.7823	105	62.7823
yiaAB	291	35237	121.0893	263	265.0634	131	264.0556
group_10477	555	10749	19.3676	75	39.6328	37	39.1044
group_10478	3813	110627	29.0131	741	56.9952	370	56.9183
group_10479	132	0	0.0000	0	0.0000	0	0.0000
group_10482	300	0	0.0000	0	0.0000	0	0.0000
group_10483	507	45082	88.9191	318	183.9527	159	183.9528
group_10484	885	1732	1.9571	14	4.6395	7	4.6395
group_10485	684	64777	94.7032	445	190.8055	222	190.3768
group_10489	990	2878	2.9071	20	5.9249	10	5.9249
group_10487	423	15085	35.6619	105	72.8008	52	72.1074
group_10490	2373	32169	13.5563	217	26.8194	108	26.6958
group_10491	471	3937	8.3588	27	16.8124	13	16.1897
group_10493	1596	24048	15.0677	159	29.2181	79	29.0343
group_10497	630	54741	86.8905	386	179.6941	193	179.6941
group_10499	657	2405	3.6606	16	7.1424	8	7.1424
group_10500	108	203	1.8796	2	5.4312	1	5.4312
group_10502	471	0	0.0000	0	0.0000	0	0.0000
group_10503	1170	125920	107.6239	856	214.5729	428	214.5730
group_10506	711	0	0.0000	0	0.0000	0	0.0000
group_10507	4593	4377	0.9530	29	1.8518	14	1.7879
group_10508	6657	6493	0.9754	43	1.8944	21	1.8504
group_10509	927	15831	17.0777	106	33.5361	53	33.5362
group_10510	462	32944	71.3074	239	151.7200	119	151.0853
ykvA	306	8292	27.0980	59	56.5480	29	55.5896
group_10511	2217	24902	11.2323	169	22.3567	84	22.2244
group_10512	369	3029	8.2087	21	16.6909	10	15.8961
group_10513	714	604	0.8459	4	1.6430	2	1.6430
group_10514	801	74143	92.5630	512	187.4668	256	187.4669
group_10515	210	0	0.0000	0	0.0000	0	0.0000
group_10516	1911	103993	54.4181	696	106.8158	348	106.8158
group_10517	708	0	0.0000	0	0.0000	0	0.0000
frvX	1038	20069	19.3343	91	25.7117	45	25.4292
group_10518	1086	76304	70.2615	524	141.5104	262	141.5105
group_10523	984	92746	94.2541	638	190.1571	319	190.1572
group_10520	219	1778	8.1187	14	18.7487	7	18.7487
group_10522	396	19310	48.7626	145	107.3890	72	106.6484
group_10526	1965	230081	117.0896	1542	230.1489	771	230.1489
group_10527	387	1789	4.6227	14	10.6097	7	10.6097
group_10528	267	4190	15.6929	30	32.9532	15	32.9532
group_10529	1689	197606	116.9959	1336	231.9871	668	231.9872
hyuA	2184	214351	98.1461	1440	193.3735	720	193.3735
group_10532	669	60581	90.5546	424	185.8775	212	185.8775
group_16591	1137	1057	0.9296	7	1.8056	3	1.5477
group_10534	852	28682	33.6643	192	66.0920	96	66.0920
group_10535	681	17777	26.1043	136	58.5705	68	58.5705
group_10536	390	213	0.5462	2	1.5040	1	1.5040
group_10537	612	0	0.0000	0	0.0000	0	0.0000
rfbG	1146	72145	62.9538	480	122.8411	240	122.8411
group_10538	294	453	1.5408	3	2.9927	1	1.9951
group_19140	1029	29612	28.7775	201	57.2885	100	57.0035
group_10540	1197	745	0.6224	5	1.2251	2	0.9801
group_10541	399	29086	72.8972	207	152.1544	103	151.4194
group_10542	621	47295	76.1594	323	152.5450	161	152.0728
group_10543	270	12897	47.7667	96	104.2784	48	104.2785
group_10544	432	552	1.2778	4	2.7156	2	2.7156
group_10545	819	7419	9.0586	51	18.2630	25	17.9050
group_10547	639	1289	2.0172	9	4.1307	4	3.6718
group_10548	1026	604	0.5887	4	1.1434	2	1.1434
group_10551	1983	139592	70.3944	936	138.4332	468	138.4332
group_10553	732	3159	4.3156	21	8.4139	10	8.0132
tolA	1731	45006	26.0000	284	48.1181	142	48.1181
group_10556	852	64367	75.5481	439	151.1165	219	150.7723
pro0776	780	76886	98.5718	528	198.5301	264	198.5301
group_10561	1077	101704	94.4327	690	187.8972	345	187.8973
group_10562	1305	18822	14.4230	127	28.5417	63	28.3170
group_10563	666	10282	15.4384	72	31.7063	36	31.7063
group_10564	1072	63989	59.6912	437	119.5566	218	119.2831
group_10567	783	2802	3.5785	21	7.8658	10	7.4913
group_10568	6297	710533	112.8367	4749	221.1849	2374	221.1384
group_10570	747	10231	13.6961	72	28.2682	36	28.2683
group_10571	393	1396	3.5522	10	7.4627	5	7.4627
group_10572	879	73553	83.6780	488	162.8238	244	162.8239
group_10573	270	3457	12.8037	27	29.3283	13	28.2421
group_10574	447	0	0.0000	0	0.0000	0	0.0000
group_10576	966	1471	1.5228	10	3.0361	5	3.0361
group_10577	2118	2309	1.0902	16	2.2155	8	2.2155
group_10578	1596	11583	7.2575	79	14.5171	39	14.3334
group_10580	903	40108	44.4164	277	89.9661	138	89.6414
group_10581	1134	35194	31.0353	237	61.2946	118	61.0360
group_10583	1527	158709	103.9352	1064	204.3570	532	204.3571
group_10586	1758	19464	11.0717	128	21.3539	64	21.3540
group_10587	4287	157478	36.7338	1030	70.4646	515	70.4646
group_10588	339	22446	66.2124	156	134.9621	78	134.9622
group_10591	687	41911	61.0058	283	120.8138	141	120.3870
group_10593	2265	3547	1.5660	24	3.1076	12	3.1076
group_10594	1122	3724	3.3191	25	6.5348	12	6.2734
group_17182	1989	302	0.1518	2	0.2949	1	0.2949
group_10595	372	2408	6.4731	16	12.6143	8	12.6143
group_10596	2448	21182	8.6528	138	16.5331	69	16.5331
group_10598	3348	14162	4.2300	96	8.4096	48	8.4096
group_10599	930	91934	98.8538	627	197.7296	313	197.4143
group_10600	1080	14752	13.6593	101	27.4274	50	27.1558
group_10601	1530	6722	4.3935	46	8.8177	23	8.8177
group_10602	339	302	0.8909	2	1.7303	1	1.7303
group_10603	354	30572	86.3616	217	179.7809	108	178.9524
group_10604	1341	116555	86.9165	777	169.9336	388	169.7149
group_10607	852	0	0.0000	0	0.0000	0	0.0000
group_10608	327	755	2.3089	5	4.4845	2	3.5876
group_10609	432	32809	75.9468	232	157.5039	116	157.5039
hupE	702	53402	76.0712	362	151.2371	181	151.2372
group_10617	1086	25214	23.2173	173	46.7200	86	46.4500
group_10616	1008	105346	104.5099	719	209.1970	359	208.9061
group_10622	1815	214294	118.0683	1453	234.7881	726	234.6265
group_10623	507	5605	11.0552	39	22.5602	19	21.9818
group_10624	741	56826	76.6883	397	157.1301	198	156.7343
group_10625	906	25049	27.6479	170	55.0310	85	55.0311
group_10626	726	26067	35.9050	177	71.5029	88	71.0990
group_10627	174	0	0.0000	0	0.0000	0	0.0000
group_10628	1092	21058	19.2839	142	38.1375	71	38.1376
group_10629	3534	406326	114.9762	2721	225.8130	1360	225.7301
qor	945	96882	102.5206	663	205.7637	331	205.4534
group_10633	1158	0	0.0000	0	0.0000	0	0.0000
group_10634	804	2984	3.7114	20	7.2956	10	7.2956
group_10635	369	4619	12.5176	34	27.0234	17	27.0234
group_10637	567	5332	9.4039	37	19.1384	18	18.6212
group_10639	249	256	1.0281	2	2.3557	1	2.3557
group_10641	2109	6672	3.1636	47	6.5359	23	6.3969
group_10642	714	57415	80.4132	388	159.3751	194	159.3752
group_10643	1419	129098	90.9782	869	179.6075	434	179.4008
group_10645	390	21531	55.2077	148	111.2972	74	111.2972
group_10646	1767	0	0.0000	0	0.0000	0	0.0000
group_10649	969	34828	35.9422	195	59.0198	97	58.7172
group_10647	1065	21627	20.3070	146	40.2059	73	40.2060
group_10648	1863	34371	18.4493	229	36.0504	114	35.8929
group_10650	201	0	0.0000	0	0.0000	0	0.0000
group_10652	1140	2716	2.3825	19	4.8881	9	4.6308
group_10653	2775	968	0.3488	7	0.7398	3	0.6341
group_10654	1041	1769	1.6993	12	3.3808	6	3.3808
group_10656	750	6581	8.7747	46	17.9880	23	17.9880
group_10659	411	1277	3.1071	9	6.4223	4	5.7087
group_10661	1125	420	0.3733	4	1.0428	2	1.0428
group_10660	1653	162928	98.5650	1097	194.6349	548	194.4576
group_10663	1047	86886	82.9857	593	166.1097	296	165.8296
group_10664	1077	2043	1.8969	14	3.8124	7	3.8124
group_17181	1032	604	0.5853	4	1.1368	2	1.1368
group_10666	1083	13292	12.2733	91	24.6434	45	24.3726
group_10667	1128	12702	11.2606	86	22.3602	43	22.3602
group_10668	939	87091	92.7487	593	185.2150	296	184.9027
group_10670	1059	118638	112.0283	802	222.1086	401	222.1087
ubiE~~~entF2	15267	175603	11.5021	1044	20.0555	522	20.0555
group_10671	930	27151	29.1946	181	57.0798	90	56.7645
yeaD2	1146	112571	98.2295	761	194.7543	380	194.4984
group_10673	522	41090	78.7165	289	162.3732	144	161.8114
group_10674	945	4545	4.8095	31	9.6209	15	9.3106
group_10677	831	39937	48.0590	273	96.3493	136	95.9964
group_10676	951	108014	113.5794	738	227.5951	369	227.5951
group_10678	1272	127330	100.1022	861	198.5194	430	198.2889
group_10679	888	604	0.6802	4	1.3211	2	1.3211
group_10680	882	76521	86.7585	526	174.9058	263	174.9058
group_10681	3084	12907	4.1851	85	8.0834	42	7.9883
group_10683	885	12621	14.2610	86	28.4998	43	28.4998
group_10684	2760	15068	5.4594	101	10.7325	50	10.6262
group_10687	567	0	0.0000	0	0.0000	0	0.0000
group_10686	1371	154964	113.0299	1060	226.7542	530	226.7543
group_10689	342	1841	5.3830	13	11.1482	6	10.2906
group_10690	612	9387	15.3382	64	30.6701	32	30.6701
group_10691	1152	17189	14.9210	115	29.2774	57	29.0228
group_10692	309	1220	3.9482	9	8.5422	4	7.5931
group_10693	1104	94389	85.4973	633	168.1596	316	167.8940
hcyBio	1197	129094	107.8480	880	215.6133	440	215.6134
group_10695	606	48063	79.3119	334	161.6445	167	161.6445
group_10696	1020	116080	113.8039	787	226.2880	393	226.0006
group_10699	759	0	0.0000	0	0.0000	0	0.0000
group_10698	201	0	0.0000	0	0.0000	0	0.0000
group_10700	243	383	1.5761	3	3.6208	1	2.4139
group_10701	1506	151	0.1003	1	0.1947	0	0.0000
group_10704	444	6157	13.8671	43	28.4035	21	27.7430
group_10705	756	4328	5.7249	29	11.2503	14	10.8623
group_10707	255	16800	65.8824	121	139.1657	60	138.0156
group_10708	2208	43880	19.8732	295	39.1841	147	39.0513
metH	3624	415663	114.6973	2772	224.3324	1386	224.3325
group_10709	411	1642	3.9951	12	8.5630	6	8.5630
group_10710	1803	11376	6.3095	76	12.3625	38	12.3625
group_10711	2367	44041	18.6063	296	36.6759	148	36.6759
group_10712	759	5410	7.1278	36	13.9107	18	13.9107
group_10713	741	22250	30.0270	153	60.5564	76	60.1607
group_2674	846	3972	4.6950	27	9.3601	13	9.0134
group_10717	246	1806	7.3415	13	15.4987	6	14.3065
group_2682	420	2187	5.2071	16	11.1727	8	11.1727
group_10726	879	5476	6.2298	36	12.0116	18	12.0116
group_10725	1017	3239	3.1849	22	6.3444	11	6.3444
group_10720	1581	8713	5.5111	58	10.7593	29	10.7593
group_10721	1548	5924	3.8269	40	7.5784	20	7.5784
group_10722	312	1178	3.7756	8	7.5201	4	7.5201
group_10723	342	1057	3.0906	7	6.0029	3	5.1453
group_10727	2391	5313	2.2221	39	4.7838	19	4.6611
group_10729	1008	107542	106.6885	731	212.6884	365	212.3975
group_10730	1353	2055	1.5188	14	3.0347	7	3.0347
group_10732	291	0	0.0000	0	0.0000	0	0.0000
group_10735	1167	115579	99.0394	778	195.5221	389	195.5221
group_10736	225	3363	14.9467	26	33.8905	13	33.8905
group_10737	1587	9925	6.2539	68	12.5666	34	12.5666
group_10738	264	421	1.5947	3	3.3328	1	2.2218
group_10739	312	15212	48.7564	104	97.7610	52	97.7611
group_10740	237	150	0.6329	2	2.4750	1	2.4750
group_15008	729	572	0.7846	4	1.6092	2	1.6092
group_10744	450	3647	8.1044	25	16.2935	12	15.6418
group_10745	360	7465	20.7361	53	43.1778	26	42.3631
group_10746	465	151	0.3247	1	0.6307	0	0.0000
group_10748	633	0	0.0000	0	0.0000	0	0.0000
group_10749	375	2714	7.2373	20	15.6418	10	15.6418
group_10750	384	0	0.0000	0	0.0000	0	0.0000
group_19152	648	5489	8.4707	36	16.2935	18	16.2935
group_10751	198	0	0.0000	0	0.0000	0	0.0000
group_19153	216	0	0.0000	0	0.0000	0	0.0000
group_10754	744	49870	67.0296	341	134.4214	170	134.0273
group_10755	2097	54441	25.9614	364	50.9085	182	50.9085
group_10762	474	1106	2.3333	8	4.9499	4	4.9499
group_10758	2541	1730	0.6808	12	1.3850	6	1.3850
group_10761	696	790	1.1351	6	2.5283	3	2.5283
group_10763	417	1987	4.7650	20	14.0663	10	14.0663
group_10764	543	1722	3.1713	12	6.4814	6	6.4814
group_15151	918	22651	24.6743	150	47.9221	75	47.9221
ppnN	1053	61231	58.1491	417	116.1434	208	115.8650
group_10765	420	453	1.0786	3	2.0949	1	1.3966
group_10766	885	0	0.0000	0	0.0000	0	0.0000
acyC	1128	118430	104.9911	797	207.2222	398	206.9622
group_10768	513	1292	2.5185	9	5.1453	4	4.5736
group_10770	654	58982	90.1865	412	184.7594	206	184.7594
group_10771	576	13352	23.1806	93	47.3530	46	46.8438
group_10772	276	151	0.5471	1	1.0626	0	0.0000
group_10773	330	0	0.0000	0	0.0000	0	0.0000
group_10774	2535	34957	13.7897	246	28.4606	123	28.4606
group_10775	633	41856	66.1232	289	133.9002	144	133.4369
group_10776	3939	46003	11.6789	305	22.7091	152	22.6347
group_10777	426	12882	30.2394	90	61.9612	45	61.9612
group_10786	474	11113	23.4451	81	50.1180	40	49.4993
group_10787	387	425	1.0982	3	2.2735	1	1.5157
group_10788	594	453	0.7626	3	1.4812	1	0.9875
group_19154	630	8103	12.8619	57	26.5351	28	26.0696
group_10789	666	56076	84.1982	392	172.6231	196	172.6231
group_10792	651	753	1.1567	6	2.7031	3	2.7031
group_10794	363	0	0.0000	0	0.0000	0	0.0000
group_10796	1731	291	0.1681	3	0.5083	1	0.3389
group_10798	2472	121530	49.1626	815	96.6932	407	96.5746
group_10799	858	65500	76.3403	445	152.1107	222	151.7689
group_10800	528	1208	2.2879	8	4.4437	4	4.4437
group_10802	291	7132	24.5086	59	59.4629	29	58.4551
leuC	1536	181862	118.3997	1228	234.4737	614	234.4738
group_10804	657	3571	5.4353	25	11.1599	12	10.7135
group_10805	252	2521	10.0040	18	20.9488	9	20.9488
group_10806	939	34180	36.4004	231	72.1495	115	71.8372
group_10813	1023	78367	76.6051	519	148.7917	259	148.5051
group_10817	1446	0	0.0000	0	0.0000	0	0.0000
group_10821	4836	91151	18.8484	605	36.6907	302	36.6301
group_10824	120	735	6.1250	8	19.5522	4	19.5522
group_10827	246	7617	30.9634	56	66.7636	28	66.7636
group_10831	1188	302	0.2542	2	0.4937	1	0.4937
group_10832	1266	1575	1.2441	11	2.5483	5	2.3166
group_10833	1062	604	0.5687	4	1.1046	2	1.1046
group_10835	894	66350	74.2170	456	149.5941	228	149.5941
group_10836	345	3429	9.9391	24	20.4023	12	20.4023
group_10837	246	15092	61.3496	111	132.3350	55	131.1429
group_10839	777	54778	70.4994	371	140.0361	185	139.6587
group_10841	291	14177	48.7182	113	113.8866	56	112.8787
group_10842	603	18737	31.0730	128	62.2558	64	62.2558
group_10845	1626	76048	46.7700	465	83.8725	232	83.6921
group_19155	312	974	3.1218	8	7.5201	4	7.5201
rfbH	1356	104988	77.4248	702	151.8324	351	151.8324
group_10849	291	17596	60.4674	125	125.9807	62	124.9729
group_10853	489	11941	24.4192	78	46.7814	39	46.7814
group_10856	1776	224452	126.3806	1523	251.5035	761	251.3384
group_10860	762	66587	87.3845	461	177.4324	230	177.0476
group_19156	291	3374	11.5945	26	26.2040	13	26.2040
group_10864	1272	574	0.4513	4	0.9223	2	0.9223
group_10865	2004	5293	2.6412	36	5.2686	18	5.2686
group_10866	3792	165783	43.7191	1108	85.6956	554	85.6956
group_10867	570	151	0.2649	1	0.5145	0	0.0000
group_10868	291	11967	41.1237	84	84.6590	42	84.6591
group_10874	732	920	1.2568	6	2.4040	3	2.4040
group_10875	987	39955	40.4813	269	79.9323	134	79.6351
group_10877	279	7666	27.4767	56	58.8669	28	58.8669
group_10878	399	0	0.0000	0	0.0000	0	0.0000
group_10879	792	5675	7.1654	38	14.0717	19	14.0717
group_10880	591	302	0.5110	2	0.9925	1	0.9925
group_10882	720	2989	4.1514	21	8.5541	10	8.1468
group_10884	1596	61373	38.4543	402	73.8721	201	73.8721
group_10888	423	594	1.4043	4	2.7734	2	2.7734
group_10891	306	2587	8.4542	19	18.2104	9	17.2520
group_10892	513	10767	20.9883	75	42.8776	37	42.3060
group_10893	252	0	0.0000	0	0.0000	0	0.0000
group_10894	117	0	0.0000	0	0.0000	0	0.0000
group_10897	243	609	2.5062	5	6.0346	2	4.8277
group_10898	2181	16134	7.3975	108	14.5230	54	14.5230
group_10899	123	0	0.0000	0	0.0000	0	0.0000
group_10902	3012	168372	55.9004	1122	109.2509	561	109.2509
group_10906	417	33141	79.4748	230	161.7629	115	161.7629
group_10907	894	0	0.0000	0	0.0000	0	0.0000
group_19157	504	1297	2.5734	9	5.2372	4	4.6553
group_10909	1596	43279	27.1172	289	53.1070	144	52.9233
group_10912	705	61	0.0865	1	0.4160	0	0.0000
group_10913	219	2444	11.1598	21	28.1230	10	26.7839
group_14940	339	0	0.0000	0	0.0000	0	0.0000
group_14941	156	0	0.0000	0	0.0000	0	0.0000
group_10918	567	16036	28.2822	111	57.4152	55	56.8980
group_10917	651	410	0.6298	4	1.8020	2	1.8020
group_10919	1380	3347	2.4254	22	4.6755	11	4.6755
group_10921	1194	23214	19.4422	168	41.2660	84	41.2660
group_10924	264	1429	5.4129	10	11.1092	5	11.1092
group_10927	471	28804	61.1550	201	125.1590	100	124.5364
group_10928	303	8373	27.6337	71	68.7231	35	67.7552
group_10929	1842	3330	1.8078	23	3.6621	11	3.5028
group_10933	792	0	0.0000	0	0.0000	0	0.0000
group_10934	1056	5402	5.1155	36	9.9983	18	9.9983
group_10936	348	0	0.0000	0	0.0000	0	0.0000
group_10937	3414	23391	6.8515	148	12.7141	74	12.7141
group_10940	666	1173	1.7613	8	3.5229	4	3.5229
group_10939	186	1569	8.4355	12	18.9215	6	18.9215
group_10941	900	8250	9.1667	55	17.9229	27	17.5970
group_10943	1242	106456	85.7134	723	170.7276	361	170.4915
group_10947	261	4067	15.5824	29	32.5870	14	31.4633
group_10948	228	151	0.6623	1	1.2863	0	0.0000
group_10951	207	2662	12.8599	24	34.0038	12	34.0038
group_10952	177	0	0.0000	0	0.0000	0	0.0000
group_10953	327	10820	33.0887	77	69.0605	38	68.1637
group_10954	516	1128	2.1860	8	4.5470	4	4.5470
group_10957	312	5407	17.3301	40	37.6004	20	37.6004
group_10958	165	0	0.0000	0	0.0000	0	0.0000
group_10962	1923	8270	4.3006	56	8.5407	28	8.5407
group_10964	645	3771	5.8465	28	12.7317	14	12.7317
group_10966	1278	25255	19.7613	170	39.0126	85	39.0126
group_10970	420	5285	12.5833	37	25.8368	18	25.1386
group_10971	1521	37093	24.3872	215	41.4568	107	41.2640
group_10973	1194	604	0.5059	4	0.9825	2	0.9825
group_10974	630	0	0.0000	0	0.0000	0	0.0000
group_19158	498	7481	15.0221	52	30.6239	26	30.6239
group_10975	636	6645	10.4481	40	18.4455	20	18.4455
group_10976	306	1970	6.4379	14	13.4182	7	13.4182
group_10977	837	4757	5.6834	29	10.1615	14	9.8111
group_10979	981	0	0.0000	0	0.0000	0	0.0000
group_10982	1299	25682	19.7706	173	39.0593	86	38.8335
group_19159	714	0	0.0000	0	0.0000	0	0.0000
group_10984	741	692	0.9339	5	1.9790	2	1.5832
group_10985	2367	13806	5.8327	90	11.1514	45	11.1515
group_10988	582	47091	80.9124	333	167.8063	166	167.3024
group_14946	2079	1498	0.7205	10	1.4107	5	1.4107
group_10990	117	212	1.8120	2	5.0134	1	5.0134
group_10991	312	559	1.7917	4	3.7600	2	3.7600
group_10992	291	8368	28.7560	58	58.4550	29	58.4551
group_10994	420	4612	10.9810	32	22.3454	16	22.3454
group_10995	111	469	4.2252	6	15.8531	3	15.8531
group_10996	198	151	0.7626	1	1.4812	0	0.0000
group_10997	1029	56967	55.3615	385	109.7318	192	109.4468
group_10998	411	13315	32.3966	85	60.6547	42	59.9411
group_11000	294	3572	12.1497	29	28.9293	14	27.9317
group_11003	306	1954	6.3856	13	12.4597	6	11.5013
group_11008	768	951	1.2383	8	3.0550	4	3.0550
group_11010	684	96189	140.6272	655	280.8486	327	280.4199
group_11012	441	11612	26.3311	82	54.5334	41	54.5334
group_11013	531	1449	2.7288	10	5.5232	5	5.5232
group_11014	2112	962	0.4555	7	0.9721	3	0.8332
group_11015	2511	9761	3.8873	67	7.8256	33	7.7088
group_11016	2487	11223	4.5127	76	8.9624	38	8.9624
group_19160	1053	75562	71.7588	502	139.8178	251	139.8178
group_11017	927	32517	35.0777	227	71.8180	113	71.5016
group_11018	918	53386	58.1547	368	117.5688	184	117.5689
group_11020	876	21834	24.9247	148	49.5501	74	49.5501
group_11021	1605	14063	8.7620	89	16.2630	44	16.0803
group_19161	411	0	0.0000	0	0.0000	0	0.0000
group_19162	1473	13549	9.1982	90	17.9195	45	17.9195
group_11024	222	151	0.6802	1	1.3211	0	0.0000
group_11025	441	10922	24.7664	76	50.5431	38	50.5431
group_11026	435	10551	24.2552	73	49.2176	36	48.5434
group_11029	732	906	1.2377	6	2.4040	3	2.4040
group_11030	1284	0	0.0000	0	0.0000	0	0.0000
group_11033	414	4932	11.9130	37	26.2113	18	25.5029
group_19163	729	0	0.0000	0	0.0000	0	0.0000
group_11035	747	0	0.0000	0	0.0000	0	0.0000
group_11036	381	794	2.0840	6	4.6186	3	4.6186
group_11037	933	9446	10.1243	64	20.1180	32	20.1180
group_11038	855	65506	76.6152	436	149.5572	218	149.5573
group_11045	189	3626	19.1852	25	38.7941	12	37.2423
group_11043	930	1142	1.2280	8	2.5229	4	2.5229
group_11049	6246	38656	6.1889	260	12.2084	130	12.2084
group_11054	870	104423	120.0264	691	232.9409	345	232.6039
group_11055	1308	305	0.2332	2	0.4484	1	0.4484
group_11056	1227	151	0.1231	1	0.2390	0	0.0000
group_11057	396	23359	58.9874	165	122.2013	82	121.4607
group_11058	669	0	0.0000	0	0.0000	0	0.0000
group_11059	204	6783	33.2500	49	70.4454	24	69.0078
group_11061	387	510	1.3178	4	3.0313	2	3.0314
group_11062	2757	31579	11.4541	212	22.5521	106	22.5521
group_11063	204	0	0.0000	0	0.0000	0	0.0000
group_11064	2226	171171	76.8962	902	118.8416	451	118.8416
group_11065	465	4868	10.4688	33	20.8136	16	20.1829
group_11066	258	1447	5.6085	10	11.3676	5	11.3676
group_11067	1773	3882	2.1895	27	4.4662	13	4.3008
group_11068	294	0	0.0000	0	0.0000	0	0.0000
group_11070	357	0	0.0000	0	0.0000	0	0.0000
group_11072	876	3698	4.2215	25	8.3700	12	8.0352
group_11073	4557	3269	0.7174	22	1.4159	11	1.4159
group_11074	234	189	0.8077	2	2.5067	1	2.5067
group_11075	490	0	0.0000	0	0.0000	0	0.0000
group_11076	2274	12016	5.2841	82	10.5757	41	10.5757
group_11079	978	4673	4.7781	31	9.2963	15	8.9964
group_11078	981	17769	18.1131	122	36.4735	61	36.4735
group_11080	387	8123	20.9897	54	40.9232	27	40.9232
group_11081	1491	11492	7.7076	78	15.3428	39	15.3428
hsdS	1203	755	0.6276	5	1.2190	2	0.9752
group_11084	1689	14430	8.5435	96	16.6697	48	16.6697
group_11086	378	1519	4.0185	11	8.5347	5	7.7588
group_11087	360	32099	89.1639	229	186.5606	114	185.7460
group_19166	4050	738	0.1822	6	0.4345	3	0.4345
group_11093	1065	38835	36.4648	261	71.8750	130	71.5996
group_11094	267	1771	6.6330	13	14.2797	6	13.1813
group_11096	1440	59491	41.3132	395	80.4492	197	80.2455
group_11097	693	153737	221.8427	1018	430.8257	509	430.8258
group_11102	516	453	0.8779	3	1.7051	1	1.1368
group_11103	405	1592	3.9309	12	8.6899	6	8.6899
group_11110	1125	906	0.8053	6	1.5642	3	1.5642
group_11111	240	1661	6.9208	11	13.4421	5	12.2201
group_17629	1563	104400	66.7946	713	133.7881	356	133.6005
group_11114	1824	14341	7.8624	97	15.5967	48	15.4360
group_11115	243	0	0.0000	0	0.0000	0	0.0000
group_11120	309	23964	77.5534	174	165.1497	87	165.1497
group_11122	234	266	1.1368	2	2.5067	1	2.5067
group_11124	1134	10098	8.9048	69	17.8453	34	17.5866
group_11125	1152	572	0.4965	4	1.0183	2	1.0183
group_11126	297	0	0.0000	0	0.0000	0	0.0000
group_11127	4692	440198	93.8188	2939	183.7082	1469	183.6458
group_11129	792	9407	11.8775	64	23.6996	32	23.6997
group_11131	177	1970	11.1299	19	31.4824	9	29.8254
group_11132	341	335	0.9824	3	2.5802	1	1.7201
group_11133	234	6199	26.4915	44	55.1472	22	55.1473
group_11136	174	833	4.7874	7	11.7987	3	10.1132
group_11137	582	26319	45.2216	184	92.7218	92	92.7218
group_11139	276	14499	52.5326	103	109.4498	51	108.3873
group_19167	1188	1743483	1467.5783	11594	2862.2256	5797	2862.2265
group_11141	426	1843	4.3263	14	9.6384	7	9.6384
group_11143	264	3547	13.4356	24	26.6621	12	26.6621
group_11144	249	4785	19.2169	38	44.7581	19	44.7581
group_11145	735	3319	4.5156	24	9.5766	12	9.5766
group_11147	5634	109910	19.5083	696	36.2309	348	36.2309
group_11148	1032	90504	87.6977	603	171.3660	301	171.0819
group_11149	621	36510	58.7923	256	120.9025	128	120.9026
group_11150	201	444	2.2090	3	4.3774	1	2.9182
group_19168	246	3713	15.0935	28	33.3818	14	33.3818
group_11151	228	5128	22.4912	36	46.3079	18	46.3079
group_11156	585	53203	90.9453	369	184.9939	184	184.4927
group_11157	1071	49064	45.8114	289	79.1399	144	78.8661
group_11158	288	2539	8.8160	19	19.3485	9	18.3302
group_19169	117	0	0.0000	0	0.0000	0	0.0000
group_19170	582	302	0.5189	2	1.0078	1	1.0078
group_11161	648	3284	5.0679	22	9.9571	11	9.9571
group_11162	714	6120	8.5714	42	17.2519	21	17.2520
group_11163	876	1871	2.1358	13	4.3524	6	4.0176
ygfZ	1029	110365	107.2546	748	213.1931	374	213.1932
group_11164	1035	51129	49.4000	350	99.1779	175	99.1779
group_11165	291	21837	75.0412	155	156.2161	77	155.2083
group_11166	546	18757	34.3535	134	71.9779	67	71.9779
group_11167	363	19518	53.7686	136	109.8802	68	109.8802
group_11168	1410	0	0.0000	0	0.0000	0	0.0000
group_11169	840	2795	3.3274	19	6.6338	9	6.2846
group_11173	2700	122141	45.2374	815	88.5280	407	88.4194
group_11174	249	0	0.0000	0	0.0000	0	0.0000
group_11175	198	510	2.5758	4	5.9249	2	5.9249
group_11177	1089	902	0.8283	6	1.6159	3	1.6159
group_11178	342	12375	36.1842	93	79.7524	46	78.8949
group_11179	633	302	0.4771	2	0.9266	1	0.9266
group_11181	3603	151372	42.0128	876	71.3061	438	71.3062
group_11182	309	450	1.4563	3	2.8474	1	1.8983
group_19171	348	1230	3.5345	9	7.5849	4	6.7421
group_11187	264	2348	8.8939	19	21.1075	9	19.9966
group_11186	2340	44384	18.9675	298	37.3497	149	37.3497
group_11189	477	302	0.6331	2	1.2297	1	1.2297
group_11192	798	267	0.3346	2	0.7350	1	0.7350
thiE	1026	90193	87.9074	612	174.9408	306	174.9408
group_11193	657	1293	1.9680	9	4.0176	4	3.5712
group_11194	177	0	0.0000	0	0.0000	0	0.0000
group_11195	396	248	0.6263	2	1.4812	1	1.4812
group_11197	564	0	0.0000	0	0.0000	0	0.0000
group_11204	216	585	2.7083	5	6.7890	2	5.4312
group_11202	216	294	1.3611	2	2.7156	1	2.7156
group_11205	438	494	1.1279	4	2.6784	2	2.6784
group_11206	261	1039	3.9808	7	7.8658	3	6.7421
group_11208	375	2966	7.9093	21	16.4239	10	15.6418
group_11210	306	10685	34.9183	77	73.8000	38	72.8416
group_11211	474	0	0.0000	0	0.0000	0	0.0000
group_19173	804	300	0.3731	2	0.7296	1	0.7296
group_11212	483	1007	2.0849	6	3.6433	3	3.6433
group_11213	3216	4505	1.4008	30	2.7358	15	2.7359
group_11214	723	2165	2.9945	16	6.4904	8	6.4904
group_11215	399	0	0.0000	0	0.0000	0	0.0000
group_19174	594	1014	1.7071	7	3.4562	3	2.9625
group_11216	165	530	3.2121	4	7.1099	2	7.1099
group_11217	156	149	0.9551	1	1.8800	0	0.0000
group_11218	813	302	0.3715	2	0.7215	1	0.7215
group_11220	1077	0	0.0000	0	0.0000	0	0.0000
group_11221	630	17995	28.5635	124	57.7256	62	57.7256
group_11223	459	3160	6.8845	22	14.0571	11	14.0571
group_11224	1290	297	0.2302	2	0.4547	1	0.4547
group_11227	828	1942	2.3454	13	4.6047	6	4.2505
group_11228	1632	2254	1.3811	14	2.5159	7	2.5159
group_11229	189	1746	9.2381	13	20.1729	6	18.6212
group_11230	759	302	0.3979	2	0.7728	1	0.7728
group_11231	375	17739	47.3040	123	96.1969	61	95.4148
group_11236	729	10312	14.1454	70	28.1616	35	28.1616
group_11235	309	258	0.8350	2	1.8983	1	1.8983
group_11239	783	9606	12.2682	68	25.4703	34	25.4703
group_11240	705	744	1.0553	5	2.0800	2	1.6640
group_11241	2763	148354	53.6931	996	105.7220	498	105.7221
group_11242	1411	249961	177.1517	1669	346.9096	834	346.7019
group_11243	243	1877	7.7243	13	15.6900	6	14.4831
group_11244	1203	41325	34.3516	278	67.7745	139	67.7745
group_11245	567	0	0.0000	0	0.0000	0	0.0000
group_11248	918	102486	111.6405	695	222.0389	347	221.7195
recG	2469	293123	118.7213	1974	234.4839	987	234.4840
group_11249	2466	236039	95.7174	1598	190.0512	799	190.0513
group_11250	423	6769	16.0024	42	29.1203	21	29.1203
group_11251	3531	264490	74.9051	1506	125.0876	753	125.0876
group_11252	999	766	0.7668	5	1.4679	2	1.1743
group_11253	321	8141	25.3614	59	53.9056	29	52.9920
group_11254	1527	3284	2.1506	22	4.2254	11	4.2254
nagC	1086	108668	100.0626	733	197.9526	366	197.6826
group_11257	3054	183347	60.0350	1212	116.3913	606	116.3914
group_11258	549	12185	22.1949	82	43.8055	41	43.8055
group_11259	1044	674	0.6456	5	1.4046	2	1.1237
group_11260	513	604	1.1774	4	2.2868	2	2.2868
group_11261	435	21149	48.6184	148	99.7837	74	99.7837
group_11262	612	184	0.3007	2	0.9584	1	0.9584
group_11264	1488	58838	39.5417	395	77.8540	197	77.6570
group_11266	1020	22142	21.7078	147	42.2673	73	41.9797
group_11267	300	1510	5.0333	12	11.7313	6	11.7313
group_11269	1167	77887	66.7412	523	131.4371	261	131.1858
group_11270	246	604	2.4553	4	4.7688	2	4.7688
group_11271	924	2464	2.6667	17	5.3959	8	5.0785
group_11274	1596	77610	48.6278	518	95.1884	259	95.1884
group_11275	213	12239	57.4601	92	126.6763	46	126.6763
group_19175	279	38626	138.4444	361	379.4810	180	378.4299
group_11276	312	2263	7.2532	17	15.9802	8	15.0402
group_11277	4773	222677	46.6535	1196	73.4897	598	73.4898
group_11278	273	24617	90.1722	169	181.5562	84	180.4820
group_11279	900	302	0.3356	2	0.6517	1	0.6517
group_11280	159	0	0.0000	0	0.0000	0	0.0000
group_11281	750	4808	6.4107	32	12.5134	16	12.5134
group_11282	225	151	0.6711	1	1.3035	0	0.0000
group_11283	384	4643	12.0911	32	24.4403	16	24.4403
group_11284	489	0	0.0000	0	0.0000	0	0.0000
group_11287	324	18715	57.7623	131	118.5805	65	117.6753
group_11289	1212	19100	15.7591	128	30.9738	64	30.9738
group_11292	5670	173349	30.5730	1097	56.7428	548	56.6911
group_11295	1047	55959	53.4470	371	103.9236	185	103.6435
group_11296	1098	8110	7.3862	56	14.9580	28	14.9580
group_11297	1377	23342	16.9513	158	33.6519	79	33.6520
group_11298	636	604	0.9497	4	1.8445	2	1.8445
group_11299	255	4583	17.9725	33	37.9543	16	36.8042
group_11300	276	5452	19.7536	37	39.3169	18	38.2543
group_11301	780	22543	28.9013	159	59.7846	79	59.4086
group_11304	276	354	1.2826	3	3.1879	1	2.1252
group_11305	663	3587	5.4103	24	10.6166	12	10.6166
group_11306	2070	1633	0.7889	12	1.7002	6	1.7002
group_11307	219	0	0.0000	0	0.0000	0	0.0000
group_19176	561	142	0.2531	2	1.0456	1	1.0456
group_11308	444	6594	14.8514	47	31.0457	23	30.3852
group_11309	348	713	2.0489	5	4.2138	2	3.3711
group_11310	1143	0	0.0000	0	0.0000	0	0.0000
group_11311	237	151	0.6371	1	1.2375	0	0.0000
group_11312	402	1767	4.3955	13	9.4843	6	8.7547
group_11317	444	0	0.0000	0	0.0000	0	0.0000
group_11318	1374	56269	40.9527	375	80.0445	187	79.8311
group_11321	249	529	2.1245	5	5.8892	2	4.7114
group_11322	351	732	2.0855	5	4.1778	2	3.3423
group_11324	369	858	2.3252	6	4.7688	3	4.7688
group_11327	810	2527	3.1198	17	6.1553	8	5.7932
group_11328	501	3695	7.3752	26	15.2203	13	15.2203
group_11329	4866	30708	6.3107	195	11.7530	97	11.6928
group_11330	3051	35100	11.5044	236	22.6859	118	22.6859
group_11331	960	1208	1.2583	8	2.4440	4	2.4440
group_11332	345	151	0.4377	1	0.8501	0	0.0000
group_11335	1410	151	0.1071	1	0.2080	0	0.0000
group_11337	252	19472	77.2698	137	159.4436	68	158.2798
group_11338	1425	33489	23.5011	227	46.7195	113	46.5137
group_11340	1269	11388	8.9740	77	17.7957	38	17.5646
group_11341	510	408	0.8000	4	2.3003	2	2.3003
group_11344	720	45131	62.6819	310	126.2747	155	126.2747
group_11345	417	13138	31.5060	90	63.2985	45	63.2985
group_11346	1596	70876	44.4085	479	88.0217	239	87.8379
group_11348	915	42680	46.6448	246	78.8499	123	78.8499
group_11351	720	7233	10.0458	49	19.9595	24	19.5522
group_11352	564	947	1.6791	7	3.6400	3	3.1200
group_11356	486	302	0.6214	2	1.2069	1	1.2069
group_11357	1260	6522	5.1762	44	10.2416	22	10.2416
group_19177	276	151	0.5471	1	1.0626	0	0.0000
group_11360	867	2593	2.9908	18	6.0889	9	6.0889
group_11361	945	98182	103.8963	667	207.0051	333	206.6948
group_11362	171	0	0.0000	0	0.0000	0	0.0000
group_11366	186	0	0.0000	0	0.0000	0	0.0000
group_11369	111	0	0.0000	0	0.0000	0	0.0000
group_11368	3210	1356	0.4224	9	0.8223	4	0.7309
group_11372	333	1489	4.4715	10	8.8073	5	8.8073
group_11370	342	151	0.4415	1	0.8576	0	0.0000
group_19178	564	36059	63.9344	244	126.8813	122	126.8814
group_11373	630	53214	84.4667	373	173.6422	186	173.1767
group_11376	1254	0	0.0000	0	0.0000	0	0.0000
group_11378	468	17720	37.8632	121	75.8275	60	75.2008
group_11380	201	1728	8.5970	16	23.3459	8	23.3459
group_11381	150	0	0.0000	0	0.0000	0	0.0000
group_11385	762	1963	2.5761	13	5.0035	6	4.6186
group_11387	777	456	0.5869	3	1.1324	1	0.7549
group_11388	801	10581	13.2097	72	26.3625	36	26.3625
group_11389	834	47873	57.4017	327	114.9923	163	114.6407
group_17492	693	0	0.0000	0	0.0000	0	0.0000
group_11391	1395	105805	75.8459	727	152.8436	363	152.6334
group_11392	459	18518	40.3442	130	83.0649	65	83.0650
group_11393	1338	23280	17.3991	170	37.2632	85	37.2632
group_11394	2295	6020	2.6231	40	5.1117	20	5.1117
tatD	780	76833	98.5038	528	198.5301	264	198.5301
group_11399	807	0	0.0000	0	0.0000	0	0.0000
group_11401	219	712	3.2511	6	8.0352	3	8.0352
group_11402	240	5901	24.5875	43	52.5466	21	51.3246
group_11403	171	212	1.2398	2	3.4302	1	3.4302
group_11404	267	3535	13.2397	24	26.3625	12	26.3625
group_11405	2748	45896	16.7016	307	32.7649	153	32.6582
group_11406	534	1018	1.9064	7	3.8445	3	3.2953
group_11407	1758	80930	46.0353	462	77.0744	231	77.0744
group_11408	1575	6926	4.3975	40	7.4485	20	7.4485
group_11412	189	444	2.3492	3	4.6553	1	3.1035
group_11416	336	151	0.4494	1	0.8729	0	0.0000
group_11420	363	5445	15.0000	39	31.5098	19	30.7018
group_11421	399	1659	4.1579	11	8.0855	5	7.3505
group_11423	354	24142	68.1977	171	141.6706	85	140.8422
group_11426	684	447	0.6535	3	1.2863	1	0.8576
group_11428	564	1057	1.8741	7	3.6400	3	3.1200
group_11431	342	807	2.3596	6	5.1453	3	5.1453
group_11433	300	0	0.0000	0	0.0000	0	0.0000
group_11435	1059	21959	20.7356	139	38.4951	69	38.2182
group_11438	3585	7044	1.9649	47	3.8450	23	3.7632
group_11439	219	550	2.5114	5	6.6960	2	5.3568
group_11440	201	441	2.1940	4	5.8365	2	5.8365
group_11442	120	212	1.7667	2	4.8881	1	4.8881
group_11443	264	0	0.0000	0	0.0000	0	0.0000
group_11444	777	892	1.1480	6	2.2647	3	2.2647
group_19179	1014	4537	4.4744	31	8.9662	15	8.6770
group_11446	2883	271533	94.1842	1801	183.2129	900	183.1112
group_11448	198	0	0.0000	0	0.0000	0	0.0000
group_11449	1296	2408	1.8580	16	3.6208	8	3.6208
group_11450	4365	4199	0.9620	32	2.1501	16	2.1501
group_11451	153	2918	19.0719	26	49.8390	13	49.8390
group_11454	10296	4062	0.3945	30	0.8546	15	0.8546
group_11455	213	2773	13.0188	20	27.5383	10	27.5383
group_11456	291	5475	18.8144	43	43.3374	21	42.3295
group_11457	609	1812	2.9754	12	5.7790	6	5.7790
group_11460	363	0	0.0000	0	0.0000	0	0.0000
group_11461	789	453	0.5741	3	1.1151	1	0.7434
group_11462	2175	474870	218.3310	3637	490.4232	1818	490.2886
group_11463	483	3306	6.8447	23	13.9659	11	13.3587
group_11464	474	1762	3.7173	12	7.4249	6	7.4249
group_11466	1725	118620	68.7652	797	135.5053	398	135.3353
group_11467	969	71754	74.0495	480	145.2795	240	145.2796
group_11468	303	22426	74.0132	153	148.0934	76	147.1256
group_11469	1533	47609	31.0561	321	61.4115	160	61.2202
group_11471	837	11039	13.1888	77	26.9806	38	26.6303
group_11472	258	10391	40.2752	75	85.2567	37	84.1200
group_19180	297	1122	3.7778	8	7.8999	4	7.8999
group_11476	372	9703	26.0833	69	54.3993	34	53.6109
group_11477	4857	22014	4.5324	99	5.9780	49	5.9176
group_11478	255	10016	39.2784	72	82.8093	36	82.8094
group_14943	156	0	0.0000	0	0.0000	0	0.0000
group_11479	429	1272	2.9650	9	6.1528	4	5.4692
group_11480	270	465	1.7222	4	4.3449	2	4.3449
group_11481	240	242	1.0083	2	2.4440	1	2.4440
group_11482	363	1014	2.7934	8	6.4635	4	6.4635
group_11483	294	0	0.0000	0	0.0000	0	0.0000
group_11484	237	884	3.7300	7	8.6624	3	7.4249
group_11485	540	453	0.8389	3	1.6294	1	1.0862
group_11488	189	296	1.5661	2	3.1035	1	3.1035
group_11490	765	73992	96.7216	506	193.9885	253	193.9886
group_11491	3306	12186	3.6860	81	7.1857	40	7.0970
group_11493	1248	74651	59.8165	504	118.4412	252	118.4413
group_11495	537	43592	81.1769	303	165.4837	151	164.9377
group_11497	822	7371	8.9672	51	18.1964	25	17.8396
group_11498	1035	57356	55.4164	389	110.2291	194	109.9458
group_11499	402	2800	6.9652	20	14.5912	10	14.5912
group_11500	153	137	0.8954	1	1.9169	0	0.0000
group_11504	861	237	0.2753	2	0.6813	1	0.6813
group_18684	1218	83594	68.6322	563	135.5652	281	135.3244
group_11507	1026	106614	103.9123	736	210.3863	368	210.3864
group_11509	1287	3229	2.5089	22	5.0134	11	5.0134
group_11510	209	242	1.1579	2	2.8065	1	2.8065
group_16257	318	2669	8.3931	18	16.6009	9	16.6009
group_11511	1089	0	0.0000	0	0.0000	0	0.0000
rpsT	294	22825	77.6361	161	160.6074	80	159.6099
group_11513	2004	120592	60.1756	811	118.6889	405	118.5426
group_11514	180	0	0.0000	0	0.0000	0	0.0000
group_11515	1293	302	0.2336	2	0.4536	1	0.4536
group_11516	732	0	0.0000	0	0.0000	0	0.0000
group_11518	444	1499	3.3761	11	7.2660	5	6.6055
group_11519	258	487	1.8876	4	4.5470	2	4.5470
group_11520	759	604	0.7958	4	1.5456	2	1.5456
group_11522	258	9036	35.0233	66	75.0259	33	75.0259
group_11526	1170	61145	52.2607	409	102.5237	204	102.2731
group_11529	1431	142597	99.6485	964	197.5716	482	197.5716
group_11530	246	1748	7.1057	13	15.4987	6	14.3065
group_11534	738	2359	3.1965	18	7.1532	9	7.1532
group_11536	1191	106059	89.0504	726	178.7771	363	178.7771
group_11537	231	6562	28.4069	47	59.6723	23	58.4027
group_11538	1266	117602	92.8926	805	186.4873	402	186.2557
group_19181	255	296	1.1608	2	2.3003	1	2.3003
group_11540	1473	98932	67.1636	666	132.6046	333	132.6046
group_11541	3066	58119	18.9560	357	34.1494	178	34.0538
group_11542	177	672	3.7966	6	9.9418	3	9.9418
group_11544	360	2426	6.7389	17	13.8495	8	13.0348
group_11545	1512	143746	95.0701	968	187.7632	484	187.7633
group_11546	615	17770	28.8943	128	61.0410	64	61.0411
group_11550	14040	79685	5.6756	552	11.5308	276	11.5308
group_11552	2475	77769	31.4218	518	61.3821	259	61.3821
group_19182	663	28971	43.6968	202	89.3562	101	89.3563
group_11554	1047	43812	41.8453	298	83.4750	149	83.4751
group_11557	900	13996	15.5511	98	31.9353	49	31.9353
group_11558	708	453	0.6398	3	1.2427	1	0.8285
group_11560	438	7545	17.2260	56	37.4974	28	37.4974
group_11561	4185	16005	3.8244	109	7.6387	54	7.5686
group_11562	855	70470	82.4211	478	163.9641	239	163.9642
group_11563	786	10501	13.3601	69	25.7462	34	25.3731
group_11564	774	453	0.5853	3	1.1368	1	0.7578
group_11567	345	3928	11.3855	28	23.8027	14	23.8027
group_11570	3246	12676	3.9051	85	7.6799	42	7.5896
group_11571	1206	1057	0.8765	7	1.7023	3	1.4591
group_11572	1221	1050	0.8600	7	1.6814	3	1.4412
hsdR	3519	7673	2.1804	53	4.4172	26	4.3338
group_11573	6903	10567	1.5308	71	3.0165	35	2.9740
group_11574	603	12483	20.7015	85	41.3417	42	40.8554
group_11575	222	642	2.8919	5	6.6055	2	5.2844
group_11576	321	14790	46.0748	107	97.7610	53	96.8474
group_11577	1209	55464	45.8759	372	90.2409	186	90.2410
group_11579	258	4032	15.6279	31	35.2394	15	34.1027
group_11581	570	0	0.0000	0	0.0000	0	0.0000
group_11583	333	1155	3.4685	8	7.0458	4	7.0458
group_11585	252	4334	17.1984	31	36.0785	15	34.9147
group_11587	903	0	0.0000	0	0.0000	0	0.0000
group_11589	744	293	0.3938	2	0.7884	1	0.7884
group_11591	282	13382	47.4539	91	94.6410	45	93.6010
group_11595	819	4530	5.5311	30	10.7430	15	10.7430
group_11596	204	0	0.0000	0	0.0000	0	0.0000
group_19183	1974	10775	5.4585	73	10.8458	36	10.6973
group_11599	1143	128674	112.5757	871	223.4904	435	223.2339
group_11600	189	3342	17.6825	24	37.2423	12	37.2423
group_11601	474	42431	89.5169	298	184.3847	149	184.3848
group_11602	348	16639	47.8132	116	97.7610	58	97.7611
yncB	519	23590	45.4528	167	94.3705	83	93.8054
group_11606	2139	2073	0.9691	14	1.9196	7	1.9196
group_11611	1182	36383	30.7809	251	62.2792	125	62.0311
group_11610	7479	10975	1.4674	73	2.8626	36	2.8234
group_11612	246	0	0.0000	0	0.0000	0	0.0000
group_11613	1704	21349	12.5288	152	26.1614	76	26.1614
group_11614	735	119325	162.3469	800	319.2197	400	319.2198
group_19184	321	1520	4.7352	12	10.9639	6	10.9639
group_11618	5814	284276	48.8951	1898	95.7433	949	95.7433
group_11619	714	39985	56.0014	278	114.1915	139	114.1915
group_19185	309	0	0.0000	0	0.0000	0	0.0000
group_11621	1104	24386	22.0888	166	44.0987	83	44.0987
group_11622	1428	148679	104.1169	1009	207.2287	504	207.0234
group_11624	591	41420	70.0846	281	139.4459	140	138.9497
group_11626	255	294	1.1529	2	2.3003	1	2.3003
group_11629	1212	0	0.0000	0	0.0000	0	0.0000
group_11630	684	20395	29.8173	137	58.7424	68	58.3136
group_11632	2223	33624	15.1255	234	30.8719	117	30.8719
group_11634	1194	5742	4.8090	40	9.8252	20	9.8252
group_11635	291	1234	4.2405	9	9.0706	4	8.0628
group_11636	621	59302	95.4944	406	191.7439	203	191.7439
group_11638	621	11582	18.6506	78	36.8375	39	36.8375
group_11640	990	99023	100.0232	672	199.0770	336	199.0771
group_11641	1635	9497	5.8086	62	11.1214	31	11.1214
group_11642	189	0	0.0000	0	0.0000	0	0.0000
group_11644	1089	83652	76.8154	564	151.8932	282	151.8932
group_11645	279	2969	10.6416	23	24.1775	11	23.1263
group_11647	336	7203	21.4375	51	44.5162	25	43.6433
group_19186	165	0	0.0000	0	0.0000	0	0.0000
group_11648	474	28585	60.3059	207	128.0793	103	127.4606
group_11652	1470	604	0.4109	4	0.7980	2	0.7980
group_11654	213	148	0.6948	1	1.3769	0	0.0000
group_11656	180	0	0.0000	0	0.0000	0	0.0000
group_11658	840	15081	17.9536	105	36.6604	52	36.3112
group_11659	483	1359	2.8137	9	5.4649	4	4.8577
group_11660	3942	35423	8.9860	232	17.2607	116	17.2607
group_11661	252	1255	4.9802	9	10.4744	4	9.3106
group_11663	495	5739	11.5939	40	23.6996	20	23.6997
group_11669	897	755	0.8417	5	1.6348	2	1.3078
group_11670	1014	16448	16.2209	111	32.1050	55	31.8157
group_11674	600	0	0.0000	0	0.0000	0	0.0000
group_11673	501	6404	12.7824	46	26.9282	23	26.9282
group_11675	1242	381185	306.9122	2635	622.2230	1317	621.9870
group_11676	690	43288	62.7362	292	124.1140	146	124.1140
group_11680	894	0	0.0000	0	0.0000	0	0.0000
group_11681	990	1392	1.4061	10	2.9625	5	2.9625
group_11682	249	0	0.0000	0	0.0000	0	0.0000
ndhM	408	0	0.0000	0	0.0000	0	0.0000
group_11690	852	4084	4.7934	28	9.6384	14	9.6384
group_11687	624	44395	71.1458	304	142.8815	152	142.8815
group_11694	963	389	0.4039	3	0.9137	1	0.6091
group_11695	252	4139	16.4246	31	36.0785	15	34.9147
group_11697	417	7578	18.1727	57	40.0891	28	39.3857
group_11698	591	10849	18.3570	73	36.2262	36	35.7299
group_11699	1995	29303	14.6882	195	28.6668	97	28.5198
group_11700	1491	157463	105.6090	1066	209.6846	533	209.6847
group_11703	447	1410	3.1544	11	7.2173	5	6.5611
group_11705	1197	67412	56.3175	451	110.5018	225	110.2568
group_11706	1338	9494	7.0957	64	14.0285	32	14.0285
group_11708	273	0	0.0000	0	0.0000	0	0.0000
group_11709	330	34171	103.5485	248	220.4067	124	220.4067
group_11710	900	151	0.1678	1	0.3259	0	0.0000
arsM	975	87635	89.8821	598	179.8803	299	179.8803
group_11711	195	0	0.0000	0	0.0000	0	0.0000
group_11715	411	3225	7.8467	25	17.8396	12	17.1260
group_11716	1107	590	0.5330	4	1.0597	2	1.0597
group_11717	1101	2718	2.4687	18	4.7948	9	4.7948
group_11718	1242	0	0.0000	0	0.0000	0	0.0000
group_11719	885	302	0.3412	2	0.6628	1	0.6628
group_11722	243	3126	12.8642	21	25.3455	10	24.1385
group_11724	987	30346	30.7457	203	60.3206	101	60.0235
group_11723	267	151	0.5655	1	1.0984	0	0.0000
group_11726	1653	41056	24.8373	273	48.4370	136	48.2595
group_11727	399	686	1.7193	5	3.6752	2	2.9402
group_11728	312	1197	3.8365	9	8.4601	4	7.5201
group_11729	1410	0	0.0000	0	0.0000	0	0.0000
group_19188	1662	112821	67.8827	755	133.2303	377	133.0539
group_11730	381	31929	83.8031	232	178.5871	116	178.5871
group_11731	252	14029	55.6706	105	122.2013	52	121.0375
group_11733	771	12709	16.4838	87	33.0942	43	32.7138
lptD	2463	291087	118.1839	1943	231.3638	971	231.2448
group_11735	300	361	1.2033	3	2.9328	1	1.9552
group_11736	303	9556	31.5380	67	64.8514	33	63.8835
group_11740	264	14806	56.0833	105	116.6467	52	115.5358
rpsF	222	1515	6.8243	10	13.2109	5	13.2110
group_11743	3393	5384	1.5868	37	3.1982	18	3.1118
group_11745	258	5287	20.4922	36	40.9232	18	40.9232
larC	1257	99098	78.8369	665	155.1577	332	154.9244
group_11747	1599	216	0.1351	2	0.3668	1	0.3668
group_11748	588	284	0.4830	2	0.9976	1	0.9976
group_11749	1197	56480	47.1846	380	93.1057	190	93.1058
group_11750	3012	44283	14.7022	297	28.9193	148	28.8220
group_11751	273	717	2.6264	7	7.5201	3	6.4458
group_11755	951	7009	7.3701	46	14.1861	23	14.1861
group_11757	258	1547	5.9961	12	13.6411	6	13.6411
group_11758	1296	12384	9.5556	83	18.7828	41	18.5565
group_11759	879	19348	22.0114	132	44.0425	66	44.0425
group_11760	567	7612	13.4250	53	27.4145	26	26.8972
group_11766	504	1602	3.1786	12	6.9829	6	6.9829
group_11767	777	20793	26.7606	142	53.5987	71	53.5987
group_19189	1662	39489	23.7599	265	46.7629	132	46.5865
group_19190	330	1510	4.5758	10	8.8874	5	8.8874
group_11770	243	845	3.4774	7	8.4485	3	7.2416
group_11771	711	10180	14.3179	70	28.8746	35	28.8746
group_11773	1596	68777	43.0934	466	85.6328	233	85.6328
group_11774	381	0	0.0000	0	0.0000	0	0.0000
group_11775	3102	4956	1.5977	34	3.2146	17	3.2146
group_11777	1959	0	0.0000	0	0.0000	0	0.0000
group_11778	1377	56687	41.1670	379	80.7221	189	80.5091
group_19191	1473	21374	14.5105	139	27.6757	69	27.4766
group_11781	1239	202062	163.0847	1347	318.8477	673	318.6111
group_11782	339	27011	79.6785	191	165.2421	95	164.3770
group_11785	1536	158670	103.3008	1076	205.4509	538	205.4510
group_11789	966	87761	90.8499	592	179.7346	296	179.7346
group_11790	969	37107	38.2941	256	77.4824	128	77.4824
group_11796	900	0	0.0000	0	0.0000	0	0.0000
group_11792	276	622	2.2536	5	5.3131	2	4.2505
group_11794	996	94497	94.8765	631	185.8048	315	185.5104
group_11798	285	7363	25.8351	53	54.5404	26	53.5113
group_11799	1746	181740	104.0893	1227	206.1044	613	205.9365
group_11800	1305	151434	116.0414	1029	231.2554	514	231.0307
group_11801	405	10422	25.7333	75	54.3117	37	53.5875
group_11802	1095	117692	107.4813	810	216.9491	405	216.9492
group_11807	1725	6911	4.0064	47	7.9909	23	7.8209
group_11810	1182	12991	10.9907	88	21.8350	44	21.8350
group_11812	486	1188	2.4444	8	4.8277	4	4.8277
group_11813	3219	14648	4.5505	97	8.8377	48	8.7466
group_11816	201	0	0.0000	0	0.0000	0	0.0000
group_11817	114	0	0.0000	0	0.0000	0	0.0000
group_11818	498	555	1.1145	4	2.3557	2	2.3557
group_11819	408	2947	7.2230	20	14.3766	10	14.3766
group_19192	900	0	0.0000	0	0.0000	0	0.0000
group_11822	1023	17605	17.2092	118	33.8293	59	33.8293
group_11824	267	4663	17.4644	35	38.4453	17	37.3469
cbiT	642	48930	76.2150	332	151.6666	166	151.6667
group_19193	867	0	0.0000	0	0.0000	0	0.0000
group_11825	303	3440	11.3531	27	26.1341	13	25.1662
group_11826	756	54926	72.6534	373	144.7018	186	144.3139
group_11829	762	308	0.4042	2	0.7698	1	0.7698
group_17193	1815	1198	0.6601	8	1.2927	4	1.2927
group_11830	366	151	0.4126	1	0.8013	0	0.0000
group_11831	360	449	1.2472	3	2.4440	1	1.6294
group_11832	810	36517	45.0827	249	90.1574	124	89.7953
group_11833	690	0	0.0000	0	0.0000	0	0.0000
group_11836	2046	24279	11.8666	166	23.7952	83	23.7952
group_11837	789	4575	5.7985	34	12.6383	17	12.6383
group_11838	1974	1661	0.8414	11	1.6343	5	1.4857
group_11839	186	1566	8.4194	11	17.3447	5	15.7679
group_11841	2892	903	0.3122	6	0.6085	3	0.6085
group_11844	711	62279	87.5935	414	170.7724	207	170.7725
group_11847	753	0	0.0000	0	0.0000	0	0.0000
group_11850	573	1162	2.0279	10	5.1184	5	5.1184
group_19194	513	8606	16.7758	64	36.5889	32	36.5889
group_11851	1098	1111	1.0118	7	1.8697	3	1.6026
group_11852	900	80420	89.3556	553	180.2062	276	179.8803
group_14598	225	0	0.0000	0	0.0000	0	0.0000
group_19195	132	0	0.0000	0	0.0000	0	0.0000
group_11858	462	1514	3.2771	10	6.3481	5	6.3481
group_11859	336	1460	4.3452	11	9.6015	5	8.7287
group_11860	2076	180234	86.8179	1205	170.2342	602	170.0929
group_11862	336	0	0.0000	0	0.0000	0	0.0000
group_11864	549	9292	16.9253	70	37.3949	35	37.3949
group_11866	249	12919	51.8835	93	109.5395	46	108.3617
group_11868	219	1225	5.5936	9	12.0527	4	10.7135
group_11871	237	196	0.8270	2	2.4750	1	2.4750
group_11872	627	894	1.4258	6	2.8065	3	2.8065
group_11873	1434	4554	3.1757	32	6.5447	16	6.5447
group_11881	2886	90078	31.2121	456	46.3399	228	46.3400
group_11880	708	26904	38.0000	181	74.9777	90	74.5635
group_11878	843	15733	18.6631	106	36.8778	53	36.8778
group_11877	1245	53334	42.8386	359	84.5692	179	84.3336
bchH	3987	225748	56.6210	1526	112.2523	763	112.2524
group_11884	1317	1737	1.3189	12	2.6723	6	2.6723
group_15163	1245	19110	15.3494	128	30.1528	64	30.1528
group_11888	894	79009	88.3770	542	177.8070	271	177.8070
group_11889	756	302	0.3995	2	0.7759	1	0.7759
group_19196	1218	50262	41.2660	298	71.7556	149	71.7557
group_11891	189	617	3.2646	5	7.7588	2	6.2071
group_11892	1098	49022	44.6466	337	90.0149	168	89.7479
group_11893	1593	173697	109.0377	1176	216.5103	588	216.5104
group_11894	297	291	0.9798	3	2.9625	1	1.9750
group_11895	2319	261757	112.8749	1761	222.7130	880	222.5866
group_11896	111	0	0.0000	0	0.0000	0	0.0000
nifB	1437	154515	107.5261	1033	210.8291	516	210.6251
group_11901	405	923	2.2790	7	5.0691	3	4.3449
group_11903	417	3302	7.9185	25	17.5829	12	16.8796
group_11906	348	151	0.4339	1	0.8428	0	0.0000
group_11907	672	56638	84.2827	359	156.6795	179	156.2431
group_11908	2340	111494	47.6470	737	92.3716	368	92.2463
group_11910	291	3981	13.6804	29	29.2275	14	28.2197
group_11912	1137	32925	28.9578	221	57.0058	110	56.7478
group_11914	735	22663	30.8340	153	61.0508	76	60.6518
group_11915	555	1215	2.1892	10	5.2844	5	5.2844
group_11916	414	577	1.3937	5	3.5421	2	2.8337
group_11918	1440	39702	27.5708	272	55.3979	136	55.3979
folD	897	86317	96.2285	591	193.2333	295	192.9064
group_11919	357	3525	9.8739	24	19.7165	12	19.7165
group_11920	4836	102998	21.2982	688	41.7243	344	41.7243
group_11921	648	25076	38.6975	171	77.3941	85	76.9416
group_11923	2787	9501	3.4090	66	6.9453	33	6.9453
group_11924	336	302	0.8988	2	1.7457	1	1.7457
group_11926	213	1618	7.5962	12	16.5230	6	16.5230
group_11930	168	0	0.0000	0	0.0000	0	0.0000
group_11931	1068	5467	5.1189	37	10.1606	18	9.8859
group_11932	1758	110098	62.6268	739	123.2857	369	123.1189
group_19197	3417	125424	36.7059	836	71.7544	418	71.7544
group_11935	1467	1939	1.3217	13	2.5990	6	2.3990
group_11936	690	47077	68.2275	318	135.1652	159	135.1653
group_11937	1485	302	0.2034	2	0.3950	1	0.3950
aspS	1788	904	0.5056	7	1.1482	3	0.9842
group_11939	759	0	0.0000	0	0.0000	0	0.0000
group_11940	1494	54317	36.3568	362	71.0632	181	71.0633
group_11944	783	0	0.0000	0	0.0000	0	0.0000
group_11945	801	403	0.5031	3	1.0984	1	0.7323
group_19198	1167	22020	18.8689	160	40.2102	80	40.2102
group_11949	576	63551	110.3316	437	222.5082	218	221.9991
group_11951	3153	56828	18.0235	353	32.8351	176	32.7420
group_11952	1944	157450	80.9928	984	148.4519	492	148.4520
group_11953	669	10527	15.7354	72	31.5641	36	31.5641
group_11954	1137	7651	6.7291	52	13.4131	26	13.4131
group_11955	366	3476	9.4973	25	20.0330	12	19.2317
group_11956	165	568	3.4424	5	8.8874	2	7.1099
group_11957	1122	1201454	1070.8146	8032	2099.5095	4016	2099.5102
group_11958	328	29396	89.6220	211	188.6669	105	187.7728
group_11961	165	1997	12.1030	17	30.2170	8	28.4396
group_11963	2553	203607	79.7521	1283	147.3882	641	147.2734
group_11964	399	6164	15.4486	44	32.3420	22	32.3420
group_11965	354	10316	29.1412	76	62.9647	38	62.9647
group_11966	1455	14429	9.9168	94	18.9475	47	18.9475
group_11969	15453	105330	6.8162	682	12.9437	341	12.9437
group_11970	996	45594	45.7771	311	91.5773	155	91.2829
group_11973	1083	96614	89.2096	652	176.5656	326	176.5657
group_11974	402	1059	2.6343	7	5.1069	3	4.3774
group_11975	1254	979050	780.7416	6504	1521.1429	3252	1521.1433
rimM	591	45517	77.0169	314	155.8221	157	155.8222
group_11977	867	22677	26.1557	155	52.4324	77	52.0941
psd	1473	1510	1.0251	10	1.9911	5	1.9911
group_11978	540	21842	40.4481	151	82.0106	75	81.4675
group_11979	876	74480	85.0228	506	169.4078	253	169.4079
group_11982	1383	6728	4.8648	45	9.5428	22	9.3308
group_11987	312	13662	43.7885	97	91.1810	48	90.2410
group_11989	939	0	0.0000	0	0.0000	0	0.0000
group_11993	879	0	0.0000	0	0.0000	0	0.0000
group_11990	321	8141	25.3614	61	55.7329	30	54.8193
group_11991	759	17128	22.5665	118	45.5961	59	45.5961
group_11992	300	5451	18.1700	38	37.1492	19	37.1492
group_11994	375	7014	18.7040	47	36.7581	23	35.9761
group_11995	1380	2328	1.6870	16	3.4004	8	3.4004
group_11997	363	302	0.8320	2	1.6159	1	1.6159
group_11999	1191	118026	99.0982	796	196.0146	398	196.0146
group_12001	510	4013	7.8686	28	16.1018	14	16.1018
group_12003	249	0	0.0000	0	0.0000	0	0.0000
group_12006	1275	18334	14.3796	122	28.0632	61	28.0632
group_12007	351	6129	17.4615	41	34.2581	20	33.4226
group_12008	1578	56047	35.5177	374	69.5107	187	69.5107
group_12010	1623	604	0.3722	4	0.7228	2	0.7228
group_12011	1728	35376	20.4722	240	40.7338	120	40.7338
group_12013	1536	113632	73.9792	768	146.6415	384	146.6416
group_12014	2157	79809	37.0000	541	73.5587	270	73.4228
group_12015	1107	95999	86.7200	653	173.0026	326	172.7377
group_12017	669	7244	10.8281	49	21.4811	24	21.0427
group_12018	2016	89736	44.5119	601	87.4321	300	87.2867
group_12020	285	11087	38.9018	76	78.2088	38	78.2088
group_12021	339	12120	35.7522	90	77.8628	45	77.8628
group_19199	663	301	0.4540	2	0.8847	1	0.8847
group_18459	231	0	0.0000	0	0.0000	0	0.0000
group_12025	705	473	0.6709	4	1.6640	2	1.6640
group_12024	708	7664	10.8249	44	18.2266	22	18.2266
group_18469	756	28481	37.6733	191	74.0967	95	73.7087
group_12027	573	711	1.2408	5	2.5592	2	2.0474
group_12028	1353	108048	79.8581	726	157.3714	363	157.3715
rimK	906	84155	92.8863	581	188.0767	290	187.7530
group_12032	192	244	1.2708	2	3.0550	1	3.0550
group_12034	1764	2454	1.3912	17	2.8264	8	2.6602
group_12035	528	5093	9.6458	36	19.9966	18	19.9966
group_12038	729	302	0.4143	2	0.8046	1	0.8046
group_12039	771	7681	9.9624	54	20.5412	27	20.5412
group_12041	999	0	0.0000	0	0.0000	0	0.0000
group_12045	1212	128836	106.3003	881	213.1868	440	212.9449
group_12046	2184	79186	36.2573	530	71.1722	265	71.1722
group_12047	960	15232	15.8667	102	31.1613	51	31.1613
group_19201	147	0	0.0000	0	0.0000	0	0.0000
group_12049	309	1039	3.3625	8	7.5931	4	7.5931
group_19202	516	1205	2.3353	8	4.5470	4	4.5470
group_12050	339	2841	8.3805	20	17.3028	10	17.3028
group_12051	717	6571	9.1646	45	18.4069	22	17.9979
ligW	1107	41133	37.1572	282	74.7117	141	74.7117
group_12052	1023	17687	17.2893	119	34.1160	59	33.8293
group_12053	495	2057	4.1556	15	8.8874	7	8.2949
group_12057	912	12671	13.8936	85	27.3345	42	27.0129
group_12060	534	1589	2.9757	12	6.5906	6	6.5906
group_12061	159	0	0.0000	0	0.0000	0	0.0000
group_12063	372	7649	20.5618	51	40.2082	25	39.4198
group_12064	3297	18851	5.7176	128	11.3862	64	11.3862
group_12065	495	770	1.5556	6	3.5549	3	3.5549
group_12067	1212	54034	44.5825	365	88.3237	182	88.0817
group_12069	5748	47013	8.1790	205	10.4598	102	10.4088
group_17502	1083	0	0.0000	0	0.0000	0	0.0000
group_12072	363	15956	43.9559	109	88.0657	54	87.2578
group_12075	450	3597	7.9933	25	16.2935	12	15.6418
group_12076	771	62641	81.2464	433	164.7102	216	164.3299
group_12077	642	66728	103.9377	460	210.1405	230	210.1406
group_12078	336	0	0.0000	0	0.0000	0	0.0000
group_12080	387	3590	9.2765	29	21.9773	14	21.2195
pncC	1272	106989	84.1108	726	167.3927	363	167.3928
group_12087	1512	182269	120.5483	1230	238.5835	615	238.5835
group_12088	666	6766	10.1592	46	20.2568	23	20.2568
group_12089	735	45507	61.9143	310	123.6976	155	123.6977
group_12092	1470	35395	24.0782	239	47.6834	119	47.4839
group_12093	1680	2143	1.2756	16	2.7932	8	2.7932
group_12096	711	13048	18.3516	91	37.5369	45	37.1245
group_12097	444	0	0.0000	0	0.0000	0	0.0000
group_12099	1089	4121	3.7842	30	8.0794	15	8.0794
group_12104	4707	219413	46.6142	1200	74.7694	600	74.7695
group_12103	771	4117	5.3398	27	10.2706	13	9.8902
group_12105	855	5755	6.7310	38	13.0348	19	13.0348
group_12106	1659	21144	12.7450	145	25.6335	72	25.4568
group_12107	438	2122	4.8447	16	10.7135	8	10.7135
group_12109	438	2065	4.7146	14	9.3743	7	9.3743
group_12110	1173	6341	5.4058	44	11.0012	22	11.0012
group_12111	1308	18454	14.1086	126	28.2520	63	28.2520
group_12112	621	0	0.0000	0	0.0000	0	0.0000
group_12113	771	12041	15.6174	81	30.8118	40	30.4315
sucC	1311	115248	87.9085	782	174.9408	391	174.9408
group_12115	369	13174	35.7019	88	69.9428	44	69.9429
group_12116	867	2067	2.3841	14	4.7358	7	4.7358
group_12118	3000	126508	42.1693	855	83.5857	427	83.4879
group_12119	1197	149806	125.1512	1002	245.5051	501	245.5052
group_12121	240	1004	4.1833	7	8.5541	3	7.3321
group_12122	351	2451	6.9829	17	14.2046	8	13.3690
group_12123	357	0	0.0000	0	0.0000	0	0.0000
group_12126	1020	0	0.0000	0	0.0000	0	0.0000
group_12139	1533	607	0.3960	4	0.7653	2	0.7653
group_12144	813	3040	3.7392	20	7.2148	10	7.2148
group_12142	1410	1200	0.8511	8	1.6640	4	1.6640
gltB	4605	513524	111.5144	3439	219.0229	1719	218.9593
group_12143	417	1993	4.7794	14	9.8464	7	9.8464
group_12145	1434	6155	4.2922	43	8.7944	21	8.5899
group_12146	189	1018	5.3862	10	15.5176	5	15.5176
group_12153	414	825	1.9928	6	4.2505	3	4.2505
dndC	1653	109202	66.0629	731	129.6975	365	129.5201
group_12158	2187	22226	10.1628	117	15.6900	58	15.5559
group_12159	1197	20231	16.9014	136	33.3221	68	33.3221
group_12160	366	1752	4.7869	14	11.2185	7	11.2185
dusA	1071	106275	99.2297	720	197.1651	360	197.1652
group_12163	192	3880	20.2083	30	45.8255	15	45.8255
group_19203	1722	66812	38.7991	442	75.2794	221	75.2794
group_12164	228	4170	18.2895	31	39.8762	15	38.5899
group_12166	396	12701	32.0732	89	65.9146	44	65.1740
group_12168	4608	11307	2.4538	75	4.7735	37	4.7098
group_12169	2217	104111	46.9603	677	89.5592	338	89.4269
group_12170	1047	38463	36.7364	257	71.9902	128	71.7101
group_12171	2544	3612	1.4198	25	2.8821	12	2.7668
group_12172	297	9865	33.2155	70	69.1240	35	69.1240
group_12174	2226	250856	112.6936	1679	221.2140	839	221.0823
group_12176	1731	192900	111.4385	1292	218.9034	646	218.9034
group_12177	231	604	2.6147	4	5.0785	2	5.0785
group_12179	270	755	2.7963	5	5.4312	2	4.3449
group_12180	7527	1765	0.2345	12	0.4676	6	0.4676
group_19204	237	305632	1289.5865	2090	2586.3360	1045	2586.3368
group_12181	309	4163	13.4725	29	27.5249	14	26.5758
group_12182	945	85564	90.5439	570	176.9009	285	176.9010
rfbF	888	20375	22.9448	137	45.2475	68	44.9172
group_12185	1554	61788	39.7606	415	78.3221	207	78.1334
group_12187	2958	180602	61.0554	1194	118.3840	597	118.3841
group_12188	4620	4445	0.9621	27	1.7140	13	1.6505
group_17485	300	112	0.3733	2	1.9552	1	1.9552
group_12190	327	0	0.0000	0	0.0000	0	0.0000
group_12191	306	14038	45.8758	96	92.0104	48	92.0104
group_12192	453	19940	44.0177	139	89.9919	69	89.3445
group_12194	360	9955	27.6528	69	56.2126	34	55.3979
group_12195	966	9530	9.8654	67	20.3416	33	20.0380
group_12196	4308	3917	0.9092	26	1.7700	13	1.7700
group_12201	1155	453	0.3922	3	0.7618	1	0.5078
group_12200	1017	3945	3.8791	27	7.7863	13	7.4979
group_12203	1128	18219	16.1516	122	31.7203	61	31.7203
group_12204	375	2585	6.8933	21	16.4239	10	15.6418
group_12205	795	4198	5.2805	30	11.0673	15	11.0673
group_12206	738	0	0.0000	0	0.0000	0	0.0000
group_12208	450	2072	4.6044	14	9.1244	7	9.1244
group_12209	873	0	0.0000	0	0.0000	0	0.0000
group_12210	1953	97605	49.9770	652	97.9112	326	97.9112
group_12212	357	23872	66.8683	163	133.9080	81	133.0865
group_12213	342	1456	4.2573	11	9.4331	5	8.5755
group_12214	915	70058	76.5661	484	155.1355	242	155.1356
group_12215	447	17361	38.8389	122	80.0459	61	80.0460
group_12218	2283	5333	2.3360	36	4.6247	18	4.6247
group_12221	3189	31254	9.8006	210	19.3131	105	19.3131
group_12226	636	2676	4.2075	18	8.3005	9	8.3005
group_12227	282	632	2.2411	5	5.2001	2	4.1600
group_12229	1158	336154	290.2884	2245	568.5842	1122	568.3311
group_12236	1164	8407	7.2225	58	14.6138	29	14.6138
group_12234	903	1660	1.8383	11	3.5727	5	3.2479
group_12237	939	302	0.3216	2	0.6247	1	0.6247
group_12239	717	420	0.5858	3	1.2271	1	0.8181
group_12241	522	37571	71.9751	260	146.0797	130	146.0797
group_12242	384	6578	17.1302	45	34.3691	22	33.6054
group_12245	843	116351	138.0202	795	276.5837	397	276.2359
ypfH	729	6793	9.3182	47	18.9085	23	18.5062
group_12251	1785	19491	10.9193	134	22.0168	67	22.0168
group_12254	258	1316	5.1008	10	11.3676	5	11.3676
group_12255	3099	676	0.2181	4	0.3786	2	0.3786
group_12256	6645	1917	0.2885	13	0.5738	6	0.5296
group_12257	1464	19361	13.2247	128	25.6422	64	25.6422
group_12259	1488	49988	33.5941	336	66.2252	168	66.2252
group_12260	519	5271	10.1561	30	16.9528	15	16.9528
group_12263	1506	27278	18.1129	186	36.2222	93	36.2222
group_12265	177	0	0.0000	0	0.0000	0	0.0000
group_12268	498	851	1.7088	7	4.1225	3	3.5335
group_12273	237	0	0.0000	0	0.0000	0	0.0000
group_12274	1806	3322	1.8394	22	3.5727	11	3.5727
group_12275	1716	98160	57.2028	660	112.8012	330	112.8012
group_12277	246	0	0.0000	0	0.0000	0	0.0000
group_12284	780	0	0.0000	0	0.0000	0	0.0000
group_12283	1227	3115	2.5387	21	5.0195	10	4.7805
group_12285	357	0	0.0000	0	0.0000	0	0.0000
group_12287	1029	1060	1.0301	7	1.9951	3	1.7101
group_12288	765	16605	21.7059	108	41.4047	54	41.4047
group_12290	585	11707	20.0120	84	42.1124	42	42.1125
group_12291	267	3381	12.6629	32	35.1500	16	35.1500
group_12292	1752	5835	3.3305	40	6.6960	20	6.6960
group_12293	282	233	0.8262	2	2.0800	1	2.0800
group_12294	510	22560	44.2353	159	91.4353	79	90.8603
group_12296	1242	8782	7.0709	60	14.1683	30	14.1683
group_12298	1599	171176	107.0519	1021	187.2683	510	187.0850
elyC	730	57710	79.0548	388	155.8820	194	155.8820
group_12300	2727	136467	50.0429	906	97.4384	453	97.4384
group_12305	2676	6487	2.4241	32	3.5071	16	3.5071
group_12311	1215	43487	35.7918	294	70.9673	147	70.9673
group_12316	2178	75071	34.4679	501	67.4632	250	67.3286
group_19206	318	1888	5.9371	13	11.9896	6	11.0673
group_12318	987	14450	14.6403	97	28.8232	48	28.5260
lON	714	74784	104.7395	520	213.5955	260	213.5956
ySH1	1647	190762	115.8239	1284	228.6433	642	228.6433
group_12321	681	12595	18.4949	86	37.0372	43	37.0372
group_12323	261	8275	31.7050	61	68.5451	30	67.4214
group_12327	2265	4308	1.9020	28	3.6256	14	3.6256
group_12328	1233	41204	33.4177	282	67.0769	141	67.0769
group_12330	288	947	3.2882	7	7.1284	3	6.1101
group_12331	1542	899	0.5830	6	1.1412	3	1.1412
group_12332	2310	246202	106.5810	1654	209.9958	827	209.9958
group_12334	393	2417	6.1501	16	11.9403	8	11.9403
group_12338	240	235	0.9792	2	2.4440	1	2.4440
group_12337	1239	2070	1.6707	14	3.3139	7	3.3139
group_12339	921	302	0.3279	2	0.6369	1	0.6369
group_12343	1521	30912	20.3235	206	39.7214	103	39.7215
group_12344	5613	295479	52.6419	1882	98.3358	941	98.3358
group_12345	1056	0	0.0000	0	0.0000	0	0.0000
group_12346	699	41711	59.6724	288	120.8377	144	120.8377
group_12347	609	18605	30.5501	130	62.6056	65	62.6056
group_12351	831	1359	1.6354	9	3.1764	4	2.8234
group_12352	1131	1136	1.0044	8	2.0745	4	2.0745
group_12355	975	0	0.0000	0	0.0000	0	0.0000
group_12356	759	8874	11.6917	60	23.1844	30	23.1844
group_12354	1227	126946	103.4605	861	205.8001	430	205.5611
group_12357	675	816	1.2089	6	2.6070	3	2.6070
group_12358	3288	123403	37.5313	823	73.4100	411	73.3208
group_12359	816	29216	35.8039	198	71.1643	99	71.1643
cmr6	2004	4696	2.3433	31	4.5368	15	4.3905
group_12360	987	539	0.5461	4	1.1886	2	1.1886
group_12361	783	3266	4.1711	22	8.2404	11	8.2404
group_12362	1650	10797	6.5436	73	12.9756	36	12.7978
group_12363	750	1208	1.6107	8	3.1284	4	3.1284
group_12364	1722	1500	0.8711	10	1.7032	5	1.7032
group_12365	954	87879	92.1164	596	183.2251	298	183.2251
group_12366	870	33477	38.4793	228	76.8604	114	76.8604
group_12368	969	67255	69.4066	454	137.4102	227	137.4103
group_12369	501	267	0.5329	2	1.1708	1	1.1708
group_12370	456	27989	61.3794	206	132.4919	103	132.4920
rsmH	882	89382	101.3401	607	201.8399	303	201.5075
group_12372	471	672	1.4268	6	3.7361	3	3.7361
group_12373	180	0	0.0000	0	0.0000	0	0.0000
group_12374	396	34360	86.7677	242	179.2285	121	179.2286
group_12375	645	8125	12.5969	54	24.5539	27	24.5539
group_12377	399	0	0.0000	0	0.0000	0	0.0000
group_12378	1287	14456	11.2323	97	22.1045	48	21.8766
group_19207	435	151	0.3471	1	0.6742	0	0.0000
group_12379	288	0	0.0000	0	0.0000	0	0.0000
group_12380	1047	143252	136.8214	928	259.9491	464	259.9492
group_12381	165	523	3.1697	6	10.6648	3	10.6648
group_12382	3351	211014	62.9705	1156	101.1743	578	101.1744
group_12385	231	429	1.8571	4	5.0785	2	5.0785
group_12387	2106	27977	13.2844	185	25.7632	92	25.6240
rsmB	1353	134614	99.4930	907	196.6059	453	196.3892
group_12390	630	7018	11.1397	50	23.2764	25	23.2764
group_12391	1389	12109	8.7178	80	16.8918	40	16.8918
group_12392	2319	3940	1.6990	27	3.4147	13	3.2882
group_12394	201	651	3.2388	6	8.7547	3	8.7547
tnpISMae37~~~tnpISL3	1155	383496	332.0312	2575	653.8562	1287	653.6025
group_12396	270	2161	8.0037	15	16.2935	7	15.2073
group_12397	897	40770	45.4515	269	87.9522	134	87.6253
group_12398	744	1510	2.0296	10	3.9420	5	3.9420
group_12400	1410	798670	566.4326	5339	1110.5237	2669	1110.3160
group_12401	246	861	3.5000	8	9.5377	4	9.5377
group_12402	6558	165586	25.2495	711	31.7969	355	31.7522
group_12407	696	409	0.5876	3	1.2642	1	0.8428
group_12405	444	151	0.3401	1	0.6605	0	0.0000
group_12406	627	4587	7.3158	34	15.9037	17	15.9037
group_12408	933	8775	9.4051	59	18.5463	29	18.2320
group_15975	678	41737	61.5590	286	123.7153	143	123.7153
group_12412	168	407	2.4226	3	5.2372	1	3.4915
group_12413	843	1812	2.1495	12	4.1748	6	4.1748
group_12414	306	151	0.4935	1	0.9584	0	0.0000
group_12415	1923	4502	2.3411	30	4.5754	15	4.5754
group_12416	657	900	1.3699	6	2.6784	3	2.6784
group_12418	306	2164	7.0719	17	16.2935	8	15.3351
group_12420	840	71048	84.5810	491	171.4309	245	171.0819
group_12421	6795	48052	7.0717	282	12.1716	141	12.1716
group_12422	1431	155172	108.4361	1059	217.0418	529	216.8369
group_18683	2250	13186	5.8604	88	11.4706	44	11.4706
group_12424	465	36959	79.4817	267	168.4013	133	167.7706
group_17458	435	1751	4.0253	12	8.0906	6	8.0906
group_12426	6504	97343	14.9666	649	29.2652	324	29.2201
group_12427	495	6678	13.4909	47	27.8471	23	27.2546
group_12429	441	56087	127.1814	478	317.8896	239	317.8897
group_19049	435	40764	93.7103	304	204.9610	152	204.9611
group_12430	864	10592	12.2593	73	24.7797	36	24.4403
group_12431	588	60250	102.4660	412	205.4977	206	205.4977
group_12435	2700	34696	12.8504	200	21.7247	100	21.7247
tnpISMae43~~~tnpISKra4	210	2062	9.8190	15	20.9488	7	19.5522
group_12437	672	1496	2.2262	10	4.3643	5	4.3643
group_12438	954	1171	1.2275	8	2.4594	4	2.4594
kdpC	669	56163	83.9507	385	168.7802	192	168.3419
group_12439	849	63321	74.5830	441	152.3414	220	151.9960
group_12441	1194	31607	26.4715	217	53.3019	108	53.0563
group_12444	6069	164836	27.1603	1098	53.0606	549	53.0606
group_12446	1089	15441	14.1791	104	28.0087	52	28.0087
cnoX	474	15301	32.2806	107	66.2053	53	65.5865
group_19208	1218	6699	5.5000	45	10.8356	22	10.5948
group_12453	1011	99923	98.8358	682	197.8428	341	197.8429
group_12455	606	4200	6.9307	29	14.0350	14	13.5510
group_12456	1323	0	0.0000	0	0.0000	0	0.0000
group_12459	654	666	1.0183	5	2.2422	2	1.7938
group_12462	303	10302	34.0000	75	72.5948	37	71.6269
group_12461	3396	526	0.1549	4	0.3454	2	0.3454
group_12463	792	1957	2.4710	13	4.8140	6	4.4437
group_9152	594	0	0.0000	0	0.0000	0	0.0000
group_12467	3762	73168	19.4492	489	38.1221	244	38.0442
group_12466	2256	3046	1.3502	22	2.8600	11	2.8600
group_12469	405	7146	17.6444	50	36.2078	25	36.2078
group_12470	1113	3848	3.4573	27	7.1147	13	6.8512
group_12472	375	12175	32.4667	88	68.8238	44	68.8238
group_15259	324	14072	43.4321	99	89.6143	49	88.7091
group_12475	240	1482	6.1750	12	14.6642	6	14.6642
group_12479	579	6081	10.5026	45	22.7940	22	22.2875
group_12481	1065	79234	74.3981	500	137.6916	250	137.6916
gpsA	930	86879	93.4183	590	186.0613	295	186.0614
group_12482	369	30408	82.4065	223	177.2415	111	176.4468
hisZ	1218	32476	26.6634	222	53.4555	111	53.4556
group_12484	1758	520	0.2958	4	0.6673	2	0.6673
group_12485	171	0	0.0000	0	0.0000	0	0.0000
group_12486	6768	61215	9.0448	221	9.5768	110	9.5334
group_12487	2388	283743	118.8204	1911	234.7002	955	234.5774
group_12488	408	701	1.7181	5	3.5942	2	2.8753
group_12489	1155	151	0.1307	1	0.2539	0	0.0000
group_12490	549	23376	42.5792	148	79.0636	74	79.0636
group_12491	1371	0	0.0000	0	0.0000	0	0.0000
group_12492	1320	37154	28.1470	249	55.3239	124	55.1017
group_12493	894	12692	14.1969	87	28.5410	43	28.2129
group_12495	444	2966	6.6802	20	13.2109	10	13.2110
group_12496	276	12165	44.0761	93	98.8236	46	97.7611
group_12497	900	12481	13.8678	85	27.6990	42	27.3731
group_12498	450	4146	9.2133	28	18.2487	14	18.2487
group_12500	675	284	0.4207	2	0.8690	1	0.8690
group_12501	312	2861	9.1699	22	20.6802	11	20.6802
group_12502	1479	74166	50.1460	504	99.9423	252	99.9423
group_12504	387	239	0.6176	2	1.5157	1	1.5157
group_12506	1188	75846	63.8434	510	125.9044	255	125.9044
group_12507	519	42334	81.5684	288	162.7467	144	162.7467
group_12508	1068	69155	64.7519	443	121.6521	221	121.3775
group_12509	1122	724369	645.6052	4835	1263.8357	2417	1263.5747
group_12510	1089	134832	123.8127	891	239.9589	445	239.6896
group_12513	3048	1926	0.6319	14	1.3471	7	1.3471
group_12512	2058	5440	2.6433	36	5.1303	18	5.1303
group_12515	2304	111200	48.2639	739	94.0695	369	93.9423
group_16482	264	918	3.4773	7	7.7764	3	6.6655
group_12516	597	29834	49.9732	204	100.2173	102	100.2174
group_12518	618	20945	33.8916	142	67.3887	71	67.3887
group_12517	1149	442	0.3847	2	0.5105	1	0.5105
group_12519	900	151	0.1678	1	0.3259	0	0.0000
group_12520	285	545	1.9123	4	4.1163	2	4.1163
group_12521	762	15354	20.1496	104	40.0281	52	40.0281
group_12522	240	565	2.3542	5	6.1101	2	4.8881
group_12524	1194	11646	9.7538	80	19.6505	40	19.6505
group_12525	702	64736	92.2165	446	186.3308	223	186.3309
group_12526	900	0	0.0000	0	0.0000	0	0.0000
group_12527	138	0	0.0000	0	0.0000	0	0.0000
group_12529	324	4344	13.4074	32	28.9662	16	28.9662
group_12531	354	18750	52.9661	128	106.0459	64	106.0459
group_12532	282	5064	17.9574	38	39.5204	19	39.5204
group_12533	270	9381	34.7444	63	68.4327	31	67.3465
group_12536	810	1547	1.9099	6	2.1725	3	2.1725
group_12538	828	1211	1.4626	8	2.8337	4	2.8337
group_12540	375	29036	77.4293	210	164.2385	105	164.2386
group_9543	807	241	0.2986	2	0.7268	1	0.7268
group_12543	1167	1180	1.0111	7	1.7592	3	1.5079
ripC	882	3133	3.5522	23	7.6480	11	7.3155
group_12546	162	191	1.1790	2	3.6208	1	3.6208
group_12547	207	447	2.1594	3	4.2505	1	2.8337
group_12548	243	2073	8.5309	14	16.8970	7	16.8970
group_12552	390	4083	10.4692	29	21.8082	14	21.0562
group_12553	354	8863	25.0367	62	51.3660	31	51.3660
group_12554	330	1885	5.7121	13	11.5536	6	10.6648
group_12556	285	1123	3.9404	8	8.2325	4	8.2325
group_12557	1014	89658	88.4201	608	175.8542	304	175.8542
group_12559	687	10885	15.8443	78	33.2985	39	33.2985
group_12560	267	4826	18.0749	37	40.6422	18	39.5438
group_12564	219	865	3.9498	8	10.7135	4	10.7135
group_12566	999	1059	1.0601	7	2.0550	3	1.7615
group_12569	1725	9866	5.7194	66	11.2213	33	11.2213
group_12571	1149	30722	26.7380	207	52.8369	103	52.5817
group_12573	213	3727	17.4977	25	34.4229	12	33.0460
group_12574	198	904	4.5657	8	11.8498	4	11.8498
group_12575	798	0	0.0000	0	0.0000	0	0.0000
hslJ	1311	154766	118.0519	1053	235.5660	526	235.3424
group_12577	1056	68952	65.2955	427	118.5908	213	118.3131
group_12578	2046	4979	2.4335	34	4.8737	17	4.8737
group_12579	2283	126765	55.5256	846	108.6805	423	108.6805
group_12581	435	21605	49.6667	145	97.7610	72	97.0868
group_12582	486	15442	31.7737	103	62.1567	51	61.5533
group_12586	726	0	0.0000	0	0.0000	0	0.0000
group_12587	1413	24324	17.2144	151	31.3416	75	31.1341
group_12588	2166	61296	28.2992	412	55.7861	206	55.7861
group_12589	1155	84593	73.2407	585	148.5460	292	148.2921
group_12594	732	16395	22.3975	107	42.8706	53	42.4700
group_14692	1860	1057	0.5683	7	1.1038	3	0.9461
group_12597	630	6010	9.5397	41	19.0867	20	18.6212
group_12598	1203	0	0.0000	0	0.0000	0	0.0000
group_12599	1140	441	0.3868	3	0.7718	1	0.5145
group_12600	1215	24242	19.9523	158	38.1389	79	38.1389
group_12603	1182	453	0.3832	3	0.7444	1	0.4962
group_12605	771	1477	1.9157	10	3.8039	5	3.8039
group_12606	732	106894	146.0301	724	290.0778	362	290.0779
dusB	1095	106856	97.5854	721	193.1115	360	192.8437
group_12608	2610	256864	98.4153	1711	192.2634	855	192.1510
group_12610	267	1179	4.4157	9	9.8859	4	8.7875
group_12611	2838	75051	26.4450	519	53.6342	259	53.5309
glk	1080	124854	115.6056	845	229.4669	422	229.1954
group_15573	2448	12559	5.1303	85	10.1834	42	10.0636
group_12614	954	42995	45.0681	301	92.5348	150	92.2274
group_12615	1464	0	0.0000	0	0.0000	0	0.0000
group_12617	1335	149818	112.2232	1002	220.1271	501	220.1271
group_12618	1620	166566	102.8185	1125	203.6688	562	203.4878
group_12619	468	4932	10.5385	34	21.3069	17	21.3069
group_12620	2319	2506	1.0806	17	2.1500	8	2.0235
group_12621	252	151	0.5992	1	1.1638	0	0.0000
group_12623	1071	1777	1.6592	12	3.2861	6	3.2861
group_12624	372	18269	49.1102	131	103.2798	65	102.4914
group_12625	276	19312	69.9710	138	146.6415	69	146.6416
group_12628	1041	93560	89.8751	632	178.0547	316	178.0547
group_19209	1710	15040	8.7953	101	17.3226	50	17.1511
group_12630	273	15900	58.2418	115	123.5442	57	122.4699
group_12631	3144	456	0.1450	3	0.2799	1	0.1866
group_12634	1485	0	0.0000	0	0.0000	0	0.0000
group_12635	2649	14487	5.4689	97	10.7393	48	10.6286
group_12637	9138	74920	8.1987	498	15.9833	249	15.9833
pgpH	2385	97061	40.6964	658	80.9142	329	80.9142
group_12638	1128	3257	2.8874	22	5.7201	11	5.7201
group_15851	4050	0	0.0000	0	0.0000	0	0.0000
group_12640	939	35773	38.0969	235	73.3989	117	73.0865
group_12642	1173	10620	9.0537	71	17.7520	35	17.5020
group_12643	2223	191319	86.0634	1277	168.4762	638	168.3443
group_12644	741	0	0.0000	0	0.0000	0	0.0000
group_12645	849	751	0.8846	5	1.7272	2	1.3818
group_12646	1614	0	0.0000	0	0.0000	0	0.0000
group_12647	582	8208	14.1031	56	28.2197	28	28.2197
group_12649	363	1872	5.1570	13	10.5033	6	9.6953
group_15928	855	25114	29.3731	172	58.9996	86	58.9997
group_12652	867	81801	94.3495	559	189.0949	279	188.7566
group_12657	9684	33771	3.4873	145	4.3914	72	4.3611
group_12658	2619	4484	1.7121	30	3.3595	15	3.3595
group_12661	1188	521202	438.7222	3482	859.6058	1741	859.6061
group_12663	603	55828	92.5837	388	188.7128	194	188.7129
group_12665	843	302	0.3582	2	0.6958	1	0.6958
group_12666	2589	9558	3.6918	63	7.1367	31	7.0234
group_17242	915	14988	16.3803	101	32.3733	50	32.0528
group_12672	267	151	0.5655	1	1.0984	0	0.0000
group_12673	393	604	1.5369	4	2.9851	2	2.9851
group_12674	1836	4462	2.4303	29	4.6325	14	4.4727
group_12675	213	0	0.0000	0	0.0000	0	0.0000
group_12684	777	34326	44.1776	196	73.9813	98	73.9813
group_12685	240	6425	26.7708	45	54.9906	22	53.7686
group_12686	228	3460	15.1754	24	30.8719	12	30.8719
group_12690	1149	9394	8.1758	63	16.0808	31	15.8255
group_15150	906	41730	46.0596	282	91.2868	141	91.2868
group_12692	462	151	0.3268	1	0.6348	0	0.0000
group_12693	375	1084	2.8907	8	6.2567	4	6.2567
group_12695	1830	5350	2.9235	36	5.7695	18	5.7695
group_12696	816	103186	126.4534	689	247.6373	344	247.2780
group_12697	813	69274	85.2079	477	172.0738	238	171.7131
group_12700	1497	250454	167.3039	1695	332.0740	847	331.8782
group_12702	858	27512	32.0653	187	63.9207	93	63.5789
group_12704	396	302	0.7626	2	1.4812	1	1.4812
group_19210	96	183	1.9063	2	6.1101	1	6.1101
group_19211	684	906	1.3246	6	2.5727	3	2.5727
group_12706	234	484	2.0684	4	5.0134	2	5.0134
group_12707	333	1221	3.6667	7	6.1651	3	5.2844
group_12712	375	29732	79.2853	205	160.3281	102	159.5460
group_12713	282	14709	52.1596	109	113.3612	54	112.3212
group_12714	471	11779	25.0085	83	51.6826	41	51.0599
group_12716	1290	1510	1.1705	10	2.2735	5	2.2735
group_12717	11472	329718	28.7411	2068	52.8687	1034	52.8687
group_12718	1782	158237	88.7974	1055	173.6328	527	173.4683
group_12719	801	16636	20.7690	104	38.0792	52	38.0792
group_12723	393	1565	3.9822	11	8.2089	5	7.4627
group_12722	408	1537	3.7672	12	8.6260	6	8.6260
group_12725	318	4441	13.9654	29	26.7459	14	25.8237
group_12727	2907	17013	5.8524	115	11.6022	57	11.5013
group_12730	303	2785	9.1914	20	19.3586	10	19.3586
group_19212	219	151	0.6895	1	1.3392	0	0.0000
proS	1815	98534	54.2887	658	106.3252	329	106.3252
group_12737	969	65483	67.5779	408	123.4876	204	123.4877
group_12738	1182	302	0.2555	2	0.4962	1	0.4962
group_12741	228	0	0.0000	0	0.0000	0	0.0000
group_12742	1719	5050	2.9378	32	5.4596	16	5.4596
group_12745	2925	11764	4.0219	71	7.1190	35	7.0187
group_12746	639	465	0.7277	3	1.3769	1	0.9179
group_12747	151	0	0.0000	0	0.0000	0	0.0000
tnpIS701~~~srso17	1269	122706	96.6950	834	192.7487	417	192.7488
group_12749	366	3883	10.6093	29	23.2383	14	22.4370
group_12751	1098	103091	93.8898	698	186.4404	349	186.4405
group_12756	228	0	0.0000	0	0.0000	0	0.0000
group_12759	1197	786072	656.7018	5237	1283.1441	2618	1282.8995
group_12766	573	4472	7.8045	38	19.4498	19	19.4498
group_12761	3132	15188	4.8493	101	9.4577	50	9.3641
group_12762	1833	4223	2.3039	29	4.6400	14	4.4800
group_12767	534	1183	2.2154	9	4.9430	4	4.3938
group_12770	1482	24421	16.4784	167	33.0488	83	32.8509
group_12771	1410	5411	3.8376	36	7.4881	18	7.4881
group_12772	942	0	0.0000	0	0.0000	0	0.0000
group_12773	741	9136	12.3293	62	24.5392	31	24.5392
group_12774	738	52333	70.9119	347	137.8987	173	137.5013
group_12775	792	45122	56.9722	304	112.5733	152	112.5733
group_12777	180	154	0.8556	2	3.2587	1	3.2587
group_12779	1230	130316	105.9480	899	214.3589	449	214.1206
group_12780	1479	0	0.0000	0	0.0000	0	0.0000
group_12781	894	73953	82.7215	509	166.9811	254	166.6531
group_12782	336	11046	32.8750	78	68.0836	39	68.0836
group_12784	228	809	3.5482	6	7.7180	3	7.7180
group_12785	327	4531	13.8563	32	28.7005	16	28.7005
group_12787	1353	137407	101.5573	919	199.2071	459	198.9904
group_19213	1011	16285	16.1078	113	32.7804	56	32.4903
group_12790	360	380	1.0556	3	2.4440	1	1.6294
group_12791	279	15128	54.2222	105	110.3754	52	109.3242
group_12796	219	0	0.0000	0	0.0000	0	0.0000
group_12798	1917	892	0.4653	6	0.9179	3	0.9179
yegI	2709	49919	18.4271	311	33.6696	155	33.5614
group_12800	408	25888	63.4510	177	127.2331	88	126.5143
group_12802	3576	9495	2.6552	52	4.2647	26	4.2647
group_12803	744	4577	6.1519	33	13.0085	16	12.6143
group_12804	351	4731	13.4786	37	30.9159	18	30.0803
group_12805	1035	91590	88.4928	623	176.5366	311	176.2533
group_12806	480	3404	7.0917	24	14.6642	12	14.6642
group_12809	987	19166	19.4184	137	40.7090	68	40.4119
group_12810	1518	8253	5.4368	57	11.0126	28	10.8194
group_12813	357	8495	23.7955	62	50.9343	31	50.9343
group_12816	1041	2371	2.2776	16	4.5077	8	4.5077
group_12818	852	94559	110.9847	665	228.9123	332	228.5681
group_12819	900	7104	7.8933	48	15.6418	24	15.6418
group_12821	828	2079	2.5109	16	5.6673	8	5.6673
group_12823	831	16055	19.3201	107	37.7633	53	37.4104
group_12825	810	0	0.0000	0	0.0000	0	0.0000
group_12829	471	8739	18.5541	64	39.8516	32	39.8516
group_12827	1248	311154	249.3221	2072	486.9251	1036	486.9253
group_12828	330	1133	3.4333	8	7.1099	4	7.1099
group_12832	627	0	0.0000	0	0.0000	0	0.0000
group_12835	1023	9626	9.4096	66	18.9215	33	18.9215
group_12839	747	47108	63.0629	316	124.0662	158	124.0662
group_12840	378	2568	6.7937	18	13.9659	9	13.9659
group_12842	747	64010	85.6894	444	174.3209	222	174.3209
group_12844	1299	0	0.0000	0	0.0000	0	0.0000
elsH	1047	86633	82.7440	592	165.8296	296	165.8296
group_12845	232	6458	27.8362	47	59.4151	23	58.1510
group_12846	231	422	1.8268	3	3.8089	1	2.5392
group_12847	315	19963	63.3746	141	131.2791	70	130.3481
aroQ	591	43191	73.0812	297	147.3859	148	146.8897
group_12848	972	66309	68.2191	449	135.4775	224	135.1758
group_12849	2619	302	0.1153	2	0.2240	1	0.2240
group_12851	912	13737	15.0625	94	30.2287	47	30.2287
group_12852	642	856	1.3333	6	2.7410	3	2.7410
group_12853	948	8478	8.9430	59	18.2528	29	17.9435
group_12855	723	151	0.2089	1	0.4056	0	0.0000
group_12856	1227	151	0.1231	1	0.2390	0	0.0000
group_12858	1164	132892	114.1684	908	228.7810	454	228.7810
group_12859	1242	5908	4.7568	41	9.6816	20	9.4455
group_12860	1104	39618	35.8859	267	70.9299	133	70.6642
group_12862	1389	5883	4.2354	41	8.6570	20	8.4459
group_12869	687	1026	1.4934	7	2.9883	3	2.5614
group_12871	879	604	0.6871	4	1.3346	2	1.3346
group_12873	5202	16038	3.0830	84	4.7358	42	4.7358
group_12874	1503	1853	1.2329	13	2.5367	6	2.3416
group_12875	243	3513	14.4568	24	28.9662	12	28.9662
group_12877	237	11641	49.1181	85	105.1859	42	103.9485
group_12879	3957	24821	6.2727	160	11.8588	80	11.8588
group_12882	990	0	0.0000	0	0.0000	0	0.0000
group_12884	444	639	1.4392	5	3.3027	2	2.6422
group_14996	1128	604	0.5355	4	1.0400	2	1.0400
ycjU	738	69486	94.1545	485	192.7402	242	192.3429
group_12888	333	300	0.9009	2	1.7615	1	1.7615
group_12890	396	1903	4.8056	14	10.3686	7	10.3686
group_12891	597	2987	5.0034	20	9.8252	10	9.8252
group_12892	249	1630	6.5462	16	18.8455	8	18.8455
group_12893	753	86269	114.5671	566	220.4492	283	220.4492
group_12894	276	3910	14.1667	30	31.8786	15	31.8786
group_12896	654	151	0.2309	1	0.4484	0	0.0000
group_12898	249	282	1.1325	2	2.3557	1	2.3557
group_12901	408	1314	3.2206	10	7.1883	5	7.1883
group_12903	2898	126533	43.6622	565	57.1791	282	57.0779
group_12904	222	0	0.0000	0	0.0000	0	0.0000
group_12906	660	47584	72.0970	321	142.6422	160	142.1979
group_12911	318	7370	23.1761	51	47.0360	25	46.1137
group_12914	531	2114	3.9812	14	7.7325	7	7.7325
group_12910	759	27518	36.2556	188	72.6446	94	72.6446
group_12912	3207	10938	3.4107	73	6.6759	36	6.5845
group_12913	4221	374115	88.6318	2135	148.3438	1067	148.2744
group_12916	1593	18458	11.5869	128	23.5657	64	23.5658
group_12917	924	14835	16.0552	101	32.0580	50	31.7406
group_19214	123	0	0.0000	0	0.0000	0	0.0000
group_19215	552	736	1.3333	4	2.1252	2	2.1252
group_12922	246	2504	10.1789	20	23.8442	10	23.8442
group_12926	3054	8448	2.7662	57	5.4738	28	5.3778
rrrD	1536	15024	9.7813	104	19.8577	52	19.8577
group_12929	2280	302	0.1325	2	0.2573	1	0.2573
group_12928	1218	302	0.2479	2	0.4816	1	0.4816
group_12930	1497	53768	35.9172	363	71.1167	181	70.9208
group_12931	363	7923	21.8264	56	45.2448	28	45.2448
group_12932	1650	1722	1.0436	12	2.1330	6	2.1330
group_12933	1515	4310	2.8449	29	5.6140	14	5.4204
group_12935	426	17925	42.0775	127	87.4342	63	86.7457
group_17980	639	28160	44.0689	196	89.9585	98	89.9585
group_12936	2763	94022	34.0290	634	67.2970	317	67.2970
group_12937	813	9104	11.1980	61	22.0052	30	21.6445
group_12941	753	35624	47.3094	240	93.4767	120	93.4767
group_12944	1143	59105	51.7104	389	99.8138	194	99.5572
group_12949	3888	5701	1.4663	32	2.4139	16	2.4139
group_12946	8130	18951	2.3310	109	3.9321	54	3.8960
group_12955	753	302	0.4011	2	0.7790	1	0.7790
group_12956	3135	241291	76.9668	1612	150.8046	806	150.8046
group_12957	1269	0	0.0000	0	0.0000	0	0.0000
group_12958	429	5044	11.7576	35	23.9275	17	23.2439
group_12959	1257	906	0.7208	6	1.3999	3	1.3999
group_12962	402	5657	14.0721	41	29.9120	20	29.1824
group_12964	324	3688	11.3827	26	23.5351	13	23.5351
group_12967	1188	71251	59.9756	477	117.7576	238	117.5108
group_12968	1197	14380	12.0134	96	23.5215	48	23.5215
group_12969	687	19536	28.4367	134	57.2051	67	57.2052
group_12970	7689	276142	35.9139	1836	70.0309	918	70.0309
group_12975	9672	14645	1.5142	95	2.8807	47	2.8504
group_12973	291	1752	6.0206	14	14.1098	7	14.1098
group_12974	762	51626	67.7507	349	134.3252	174	133.9403
group_12976	675	2142	3.1733	15	6.5174	7	6.0829
group_12977	363	302	0.8320	2	1.6159	1	1.6159
group_12979	261	7946	30.4444	56	62.9266	28	62.9267
group_12980	2787	43573	15.6344	290	30.5174	145	30.5174
group_12986	2115	604	0.2856	4	0.5547	2	0.5547
group_12989	375	4866	12.9760	33	25.8089	16	25.0268
group_12990	1011	7242	7.1632	51	14.7947	25	14.5046
group_12991	1536	752	0.4896	5	0.9547	2	0.7638
group_12992	384	300	0.7813	2	1.5275	1	1.5275
group_12993	5271	123245	23.3817	628	34.9425	314	34.9425
group_12996	849	3612	4.2544	25	8.6361	12	8.2907
group_12998	465	13994	30.0946	104	65.5945	52	65.5945
group_13000	14322	445518	31.1072	2917	59.7337	1458	59.7133
group_13001	1842	75388	40.9273	511	81.3614	255	81.2022
group_13002	3975	11899	2.9935	73	5.3861	36	5.3123
group_13004	1293	0	0.0000	0	0.0000	0	0.0000
group_13005	606	3216	5.3069	21	10.1633	10	9.6793
group_13006	651	34788	53.4378	236	106.3207	118	106.3208
group_13007	276	7901	28.6268	55	58.4441	27	57.3815
group_13008	369	10923	29.6016	76	60.4052	38	60.4052
group_13010	1587	596	0.3756	4	0.7392	2	0.7392
group_13011	354	11301	31.9237	81	67.1071	40	66.2787
group_13012	882	23272	26.3855	140	46.5529	70	46.5529
group_13013	432	9243	21.3958	65	44.1282	32	43.4494
group_13014	426	378	0.8873	3	2.0654	1	1.3769
group_13016	369	27274	73.9133	194	154.1922	97	154.1922
group_13023	372	3690	9.9194	28	22.0751	14	22.0751
group_13026	984	0	0.0000	0	0.0000	0	0.0000
group_13030	234	1006	4.2991	7	8.7734	3	7.5201
group_13031	369	0	0.0000	0	0.0000	0	0.0000
group_13035	915	17866	19.5257	126	40.3865	63	40.3865
group_13036	450	683	1.5178	5	3.2587	2	2.6070
group_13037	1449	155341	107.2057	1045	211.5120	522	211.3096
group_13038	6111	13395	2.1919	72	3.4555	36	3.4555
group_13041	7827	5338	0.6820	36	1.3489	18	1.3489
group_13043	5814	66144	11.3767	419	21.1362	209	21.0857
group_13044	1167	755	0.6470	5	1.2566	2	1.0053
group_13048	207	0	0.0000	0	0.0000	0	0.0000
group_13049	294	386	1.3129	4	3.9902	2	3.9902
group_13050	1077	2924	2.7149	20	5.4463	10	5.4463
group_13052	165	825	5.0000	6	10.6648	3	10.6648
group_14919	1557	0	0.0000	0	0.0000	0	0.0000
group_13054	888	5589	6.2939	41	13.5412	20	13.2110
group_13057	1977	5592	2.8285	37	5.4889	18	5.3405
group_13060	189	0	0.0000	0	0.0000	0	0.0000
group_13062	1776	14586	8.2128	99	16.3486	49	16.1834
group_13063	1188	737128	620.4781	4899	1209.4224	2449	1209.1759
group_13064	207	0	0.0000	0	0.0000	0	0.0000
group_13066	1401	2755	1.9665	19	3.9774	9	3.7681
group_13068	585	302	0.5162	2	1.0027	1	1.0027
group_13069	879	108231	123.1297	739	246.5713	369	246.2377
group_18679	942	12108	12.8535	82	25.5299	41	25.5300
gdhA	1326	139333	105.0777	939	207.6869	469	207.4658
group_13071	744	20963	28.1761	140	55.1877	70	55.1877
group_13072	150	272	1.8133	4	7.8209	2	7.8209
group_13073	993	3182	3.2044	22	6.4977	11	6.4977
group_13075	243	991	4.0782	7	8.4485	3	7.2416
group_13082	408	13879	34.0172	94	67.5701	47	67.5701
group_13083	192	0	0.0000	0	0.0000	0	0.0000
group_13084	1743	181497	104.1291	1221	205.4496	610	205.2814
group_13086	276	6677	24.1920	45	47.8179	22	46.7553
group_13087	330	567	1.7182	4	3.5549	2	3.5549
group_13088	861	739	0.8583	5	1.7032	2	1.3625
group_13089	2583	1957	0.7576	13	1.4761	6	1.3625
group_13090	1581	28035	17.7324	190	35.2459	95	35.2459
group_13091	1251	453	0.3621	3	0.7033	1	0.4689
group_13092	558	751	1.3459	5	2.6280	2	2.1024
group_13096	726	15762	21.7107	114	46.0527	57	46.0527
group_13097	702	50249	71.5798	351	146.6415	175	146.2238
group_13098	159	144	0.9057	2	3.6891	1	3.6891
group_13100	657	2700	4.1096	19	8.4816	9	8.0352
group_13105	234	0	0.0000	0	0.0000	0	0.0000
arsH	648	10218	15.7685	69	31.2292	34	30.7766
group_13106	264	10233	38.7614	73	81.0972	36	79.9863
group_13108	702	1959	2.7906	13	5.4312	6	5.0134
group_13112	234	256	1.0940	2	2.5067	1	2.5067
group_13114	228	552	2.4211	5	6.4316	2	5.1453
group_13115	1173	12868	10.9702	88	22.0025	44	22.0025
group_13117	741	21963	29.6397	147	58.1817	73	57.7859
group_13118	1041	16743	16.0836	115	32.3992	57	32.1175
group_13120	1023	0	0.0000	0	0.0000	0	0.0000
group_13121	1746	41670	23.8660	250	41.9936	125	41.9936
group_13123	1173	686	0.5848	5	1.2501	2	1.0001
group_13127	657	0	0.0000	0	0.0000	0	0.0000
group_13128	1380	5539	4.0138	38	8.0759	19	8.0759
group_15583	351	704	2.0057	5	4.1778	2	3.3423
group_15584	966	1652	1.7101	11	3.3397	5	3.0361
group_13129	1125	0	0.0000	0	0.0000	0	0.0000
group_13130	222	0	0.0000	0	0.0000	0	0.0000
group_13131	3393	28809	8.4907	182	15.7317	91	15.7317
group_15848	6024	604	0.1003	6	0.2921	3	0.2921
group_13132	2385	274377	115.0428	1834	225.5267	917	225.5268
group_13134	1053	87088	82.7047	587	163.4921	293	163.2136
group_13135	477	252	0.5283	2	1.2297	1	1.2297
group_13139	1122	8017	7.1453	54	14.1152	27	14.1152
group_13140	969	6153	6.3498	42	12.7120	21	12.7120
group_13141	792	1510	1.9066	10	3.7031	5	3.7031
group_13144	474	2952	6.2278	20	12.3748	10	12.3748
group_13147	300	18737	62.4567	136	132.9550	68	132.9550
group_13153	348	14968	43.0115	107	90.1761	53	89.3334
group_13149	4050	9571	2.3632	50	3.6208	25	3.6208
group_13151	1044	14335	13.7308	88	24.7212	44	24.7212
group_13157	720	77092	107.0722	535	217.9256	267	217.5184
group_13158	1281	123840	96.6745	841	192.5457	420	192.3168
group_13163	1398	220202	157.5122	1497	314.0521	748	313.8424
group_13164	1137	123438	108.5646	836	215.6417	418	215.6418
group_13166	21000	600388	28.5899	3343	46.6879	1671	46.6739
group_13168	294	1008	3.4286	8	7.9805	4	7.9805
group_13170	1113	12477	11.2102	88	23.1886	44	23.1886
group_13172	267	0	0.0000	0	0.0000	0	0.0000
group_13175	894	65047	72.7595	440	144.3451	220	144.3452
group_13177	537	0	0.0000	0	0.0000	0	0.0000
group_13181	1173	8854	7.5482	59	14.7517	29	14.5016
group_15152	906	9132	10.0795	59	19.0990	29	18.7753
group_13182	1464	12120	8.2787	83	16.6274	41	16.4271
group_13184	1860	21146	11.3688	144	22.7058	72	22.7058
group_13186	1209	471677	390.1381	3184	772.3849	1592	772.3851
group_13187	225	0	0.0000	0	0.0000	0	0.0000
group_13188	4581	524625	114.5219	3508	224.5879	1754	224.5879
group_13191	7710	42344	5.4921	271	10.3087	135	10.2706
group_13195	294	16163	54.9762	109	108.7342	54	107.7367
group_13194	1020	49196	48.2314	325	93.4480	162	93.1605
group_13204	231	417	1.8052	3	3.8089	1	2.5392
group_13205	657	1917	2.9178	13	5.8032	6	5.3568
group_13206	220	0	0.0000	0	0.0000	0	0.0000
group_13207	315	302	0.9587	2	1.8621	1	1.8621
group_13209	276	2407	8.7210	17	18.0645	8	17.0019
group_13211	543	32731	60.2781	228	123.1465	114	123.1465
group_13214	1020	2265	2.2206	15	4.3130	7	4.0255
group_13215	420	5880	14.0000	43	30.0266	21	29.3283
group_13216	2460	46704	18.9854	317	37.7930	158	37.6738
group_19218	300	0	0.0000	0	0.0000	0	0.0000
yciV	819	79853	97.5006	551	197.3125	275	196.9545
group_13222	1290	9292	7.2031	64	14.5505	32	14.5505
tktA2	912	3809	4.1765	26	8.3611	13	8.3611
group_13223	183	0	0.0000	0	0.0000	0	0.0000
group_13224	1332	30531	22.9212	213	46.8989	106	46.6787
group_13226	123	190	1.5447	2	4.7688	1	4.7688
group_13227	393	22655	57.6463	154	114.9252	77	114.9252
group_19219	234	431	1.8419	3	3.7600	1	2.5067
group_13230	177	0	0.0000	0	0.0000	0	0.0000
group_13231	3060	1228	0.4013	4	0.3834	2	0.3834
mnmC	912	87091	95.4945	583	187.4825	291	187.1610
group_13235	792	40990	51.7551	288	106.6484	144	106.6484
group_13234	726	45084	62.0992	312	126.0390	156	126.0390
group_13237	4788	15616	3.2615	58	3.5527	29	3.5527
eutM	858	87051	101.4580	599	204.7512	299	204.4095
group_13240	309	1057	3.4207	7	6.6440	3	5.6948
group_13242	213	2100	9.8592	14	19.2768	7	19.2768
group_13244	3789	11408	3.0108	79	6.1149	39	6.0375
group_13245	3186	95508	29.9774	635	58.4541	317	58.3621
group_13246	795	59801	75.2214	407	150.1462	203	149.7773
group_13249	1320	68293	51.7371	458	101.7603	229	101.7604
group_13251	2388	18895	7.9125	121	14.8607	60	14.7378
group_13254	849	453	0.5336	3	1.0363	1	0.6909
group_13255	1152	64725	56.1849	434	110.4903	217	110.4904
group_13256	540	0	0.0000	0	0.0000	0	0.0000
group_13257	156	251	1.6090	2	3.7600	1	3.7600
group_13258	993	104645	105.3827	713	210.5849	356	210.2896
group_13259	399	5407	13.5514	38	27.9317	19	27.9317
group_13260	423	6864	16.2270	49	33.9737	24	33.2804
group_19220	1953	598	0.3062	4	0.6007	2	0.6007
group_13263	525	1202	2.2895	8	4.4691	4	4.4691
group_13264	3948	5512	1.3961	36	2.6743	18	2.6743
group_13265	1008	125634	124.6369	862	250.8036	431	250.8037
group_13270	327	26119	79.8746	193	173.0998	96	172.2030
group_13271	1521	1086	0.7140	8	1.5426	4	1.5426
group_13272	1653	6468	3.9129	41	7.2744	20	7.0970
group_13274	672	27134	40.3780	188	82.0494	94	82.0495
alr2454	318	25412	79.9119	181	166.9316	90	166.0093
group_13280	912	447	0.4901	3	0.9647	1	0.6432
group_13278	1044	12489	11.9626	86	24.1593	43	24.1593
group_13279	1386	20198	14.5729	136	28.7781	68	28.7781
group_13281	1689	1929	1.1421	13	2.2574	6	2.0837
group_13283	720	302	0.4194	2	0.8147	1	0.8147
group_13284	1560	117226	75.1449	767	144.1975	383	144.0096
group_13286	291	0	0.0000	0	0.0000	0	0.0000
group_13288	1068	15368	14.3895	102	28.0102	51	28.0102
group_13291	1320	5101	3.8644	35	7.7764	17	7.5543
group_13293	966	74474	77.0952	505	153.3209	252	153.0173
group_13297	1569	23408	14.9191	157	29.3470	78	29.1601
group_13302	273	0	0.0000	0	0.0000	0	0.0000
group_13301	414	20815	50.2778	148	104.8452	74	104.8452
group_13304	1410	1966	1.3943	13	2.7040	6	2.4960
group_19221	894	517	0.5783	4	1.3122	2	1.3122
group_13306	1350	127210	94.2296	861	187.0494	430	186.8322
group_13307	249	9030	36.2651	63	74.2042	31	73.0263
group_13308	222	0	0.0000	0	0.0000	0	0.0000
group_13309	348	573	1.6466	4	3.3711	2	3.3711
group_13311	615	295	0.4797	2	0.9538	1	0.9538
group_13313	5208	15148	2.9086	83	4.6741	41	4.6177
group_13316	3063	63890	20.8586	416	39.8321	208	39.8321
group_13319	264	1831	6.9356	14	15.5529	7	15.5529
group_19222	1182	151	0.1277	1	0.2481	0	0.0000
group_13322	1317	45347	34.4320	305	67.9205	152	67.6979
group_13323	699	0	0.0000	0	0.0000	0	0.0000
group_13324	480	4349	9.0604	28	17.1082	14	17.1082
group_13327	453	2911	6.4260	22	14.2433	11	14.2433
group_13328	1044	48936	46.8736	325	91.2998	162	91.0189
group_13329	339	1164	3.4336	8	6.9211	4	6.9211
group_13331	7110	39522	5.5586	171	7.0536	85	7.0124
group_13332	267	0	0.0000	0	0.0000	0	0.0000
group_15004	1032	604	0.5853	4	1.1368	2	1.1368
group_13335	480	24305	50.6354	168	102.6491	84	102.6491
group_13337	1029	79719	77.4723	531	151.3443	265	151.0594
group_13339	306	407	1.3301	3	2.8753	1	1.9169
group_13340	534	903	1.6910	6	3.2953	3	3.2953
group_13345	3579	53110	14.8393	351	28.7629	175	28.6809
yraN	420	26892	64.0286	196	136.8654	98	136.8655
group_13354	1203	3600	2.9925	24	5.8510	12	5.8510
group_13355	288	0	0.0000	0	0.0000	0	0.0000
group_13357	1464	583	0.3982	4	0.8013	2	0.8013
group_13359	207	0	0.0000	0	0.0000	0	0.0000
group_13363	486	1836	3.7778	14	8.4485	7	8.4485
group_13367	1350	50578	37.4652	343	74.5156	171	74.2984
group_13368	936	4873	5.2062	34	10.6534	17	10.6534
group_13369	6600	177525	26.8977	640	28.4396	320	28.4396
group_13371	438	1120	2.5571	7	4.6872	3	4.0176
group_13372	4383	48699	11.1109	328	21.9477	164	21.9477
group_13373	5325	31804	5.9726	171	9.4181	85	9.3630
group_13374	606	1803	2.9752	12	5.8076	6	5.8076
tnpISMae39~~~tnpIS30	996	10538	10.5803	69	20.3178	34	20.0233
group_13379	945	0	0.0000	0	0.0000	0	0.0000
group_13383	948	0	0.0000	0	0.0000	0	0.0000
group_13380	363	0	0.0000	0	0.0000	0	0.0000
group_13381	684	14217	20.7851	77	33.0158	38	32.5870
group_13384	1044	56462	54.0824	378	106.1887	189	106.1887
group_13385	1389	4379	3.1526	29	6.1233	14	5.9121
group_13386	630	691	1.0968	4	1.8621	2	1.8621
group_13388	975	4217	4.3251	28	8.4225	14	8.4225
group_13389	792	302	0.3813	2	0.7406	1	0.7406
group_13390	498	1398	2.8072	10	5.8892	5	5.8892
group_13391	735	302	0.4109	2	0.7980	1	0.7980
group_13394	939	302	0.3216	2	0.6247	1	0.6247
group_13393	549	3936	7.1694	28	14.9580	14	14.9580
group_13395	849	0	0.0000	0	0.0000	0	0.0000
group_13397	534	38855	72.7622	281	154.3306	140	153.7814
group_13399	1197	1359	1.1353	9	2.2051	4	1.9601
group_13400	849	22425	26.4134	155	53.5440	77	53.1986
group_13402	270	0	0.0000	0	0.0000	0	0.0000
group_13403	195	0	0.0000	0	0.0000	0	0.0000
group_13405	1497	5115	3.4168	34	6.6611	17	6.6611
group_13407	999	302	0.3023	2	0.5872	1	0.5872
nrdB	1068	85635	80.1826	581	159.5482	290	159.2736
group_13409	195	483	2.4769	4	6.0161	2	6.0161
group_13413	483	1322	2.7371	9	5.4649	4	4.8577
group_13414	933	0	0.0000	0	0.0000	0	0.0000
group_13415	1044	30546	29.2586	209	58.7128	104	58.4319
group_13416	504	846	1.6786	6	3.4915	3	3.4915
group_13419	1674	15778	9.4253	109	19.0967	54	18.9215
group_13422	2580	25286	9.8008	170	19.3249	85	19.3249
lipB	669	58885	88.0194	408	178.8632	204	178.8633
group_13427	591	5567	9.4196	37	18.3612	18	17.8650
group_13429	1266	17298	13.6635	116	26.8727	58	26.8727
group_13430	873	11404	13.0630	80	26.8759	40	26.8759
group_13432	420	1952	4.6476	14	9.7761	7	9.7761
group_13435	309	0	0.0000	0	0.0000	0	0.0000
group_13436	372	1202	3.2312	8	6.3072	4	6.3072
group_13437	408	15162	37.1618	113	81.2279	56	80.5091
group_13438	1191	60945	51.1713	402	98.9923	201	98.9923
group_13439	1215	138258	113.7926	940	226.9021	470	226.9022
group_13441	1155	522	0.4519	4	1.0157	2	1.0157
group_13442	384	0	0.0000	0	0.0000	0	0.0000
group_13444	1116	9379	8.4041	68	17.8703	34	17.8703
group_13445	171	445	2.6023	3	5.1453	1	3.4302
group_13446	348	2203	6.3305	16	13.4843	8	13.4843
group_13448	1218	0	0.0000	0	0.0000	0	0.0000
group_13450	558	1323	2.3710	14	7.3584	7	7.3584
group_13452	240	4225	17.6042	29	35.4384	14	34.2164
group_13453	216	0	0.0000	0	0.0000	0	0.0000
group_13455	1209	15583	12.8892	105	25.4712	52	25.2287
group_13458	786	6644	8.4529	44	16.4179	22	16.4179
group_13460	606	2840	4.6865	20	9.6793	10	9.6793
group_13461	849	72105	84.9293	493	170.3045	246	169.9592
glmS	2019	227861	112.8583	1537	223.2670	768	223.1218
group_13463	246	1057	4.2967	7	8.3455	3	7.1532
group_13465	540	9954	18.4333	71	38.5613	35	38.0182
group_13470	702	1278	1.8205	9	3.7600	4	3.3423
group_13468	210	1305	6.2143	9	12.5693	4	11.1727
group_13469	288	15837	54.9896	112	114.0545	56	114.0546
group_13471	390	0	0.0000	0	0.0000	0	0.0000
group_13477	234	449	1.9188	4	5.0134	2	5.0134
group_13478	354	151	0.4266	1	0.8285	0	0.0000
group_13480	234	0	0.0000	0	0.0000	0	0.0000
group_13481	318	1559	4.9025	11	10.1450	5	9.2227
group_13482	675	204698	303.2563	1388	603.0769	694	603.0771
group_13484	246	9354	38.0244	70	83.4545	35	83.4546
group_13486	624	17045	27.3157	114	53.5806	57	53.5806
group_13487	300	1802	6.0067	16	15.6418	8	15.6418
group_13490	8976	105502	11.7538	290	9.4755	145	9.4755
group_13500	252	683	2.7103	5	5.8191	2	4.6553
group_13501	534	0	0.0000	0	0.0000	0	0.0000
group_13504	850	729	0.8576	5	1.7252	2	1.3802
group_13510	825	2825	3.4242	20	7.1099	10	7.1099
group_13512	693	32000	46.1760	228	96.4914	114	96.4914
group_13513	459	0	0.0000	0	0.0000	0	0.0000
group_13516	270	535	1.9815	4	4.3449	2	4.3449
group_13518	141	485	3.4397	4	8.3201	2	8.3201
group_13519	660	749	1.1348	5	2.2218	2	1.7775
group_13522	186	0	0.0000	0	0.0000	0	0.0000
group_13523	588	2813	4.7840	21	10.4744	10	9.9756
group_13524	261	1795	6.8774	14	15.7317	7	15.7317
group_13526	1410	3285	2.3298	22	4.5760	11	4.5760
group_13527	1239	576692	465.4496	3846	910.3848	1923	910.3851
tnpISAzo13~~~tnpISMae28	513	4286	8.3548	29	16.5794	14	16.0077
group_13528	1215	1005209	827.3325	6722	1622.5917	3361	1622.5922
group_13529	240	374	1.5583	3	3.6660	1	2.4440
group_13533	1335	113270	84.8464	748	164.3264	374	164.3265
group_13537	786	1866	2.3740	13	4.8507	6	4.4776
group_13538	627	6009	9.5837	44	20.5813	22	20.5813
group_13541	1620	164821	101.7414	1110	200.9532	555	200.9533
group_13544	1335	3761	2.8172	25	5.4922	12	5.2725
group_13545	1038	111052	106.9865	743	209.9319	371	209.6494
pqqC	1536	104126	67.7904	698	133.2758	349	133.2758
bisC	2313	188789	81.6208	1266	160.5259	633	160.5259
group_13549	870	2023	2.3253	15	5.0566	7	4.7195
group_13550	1008	35731	35.4474	241	70.1203	120	69.8293
group_13553	963	7142	7.4164	45	13.7048	22	13.4003
group_13554	1239	129894	104.8378	881	208.5411	440	208.3044
group_13556	285	0	0.0000	0	0.0000	0	0.0000
group_13557	1446	143460	99.2116	967	196.1305	483	195.9278
group_13558	858	885	1.0315	6	2.0509	3	2.0509
group_13560	324	7778	24.0062	57	51.5961	28	50.6909
group_13561	1044	2019	1.9339	14	3.9329	7	3.9329
group_13562	828	46163	55.7524	310	109.8041	155	109.8041
group_13566	936	4565	4.8771	32	10.0268	16	10.0268
group_13567	1632	194370	119.0993	1309	235.2375	654	235.0578
prmA	897	94622	105.4872	653	213.5049	326	213.1780
group_13571	1233	2886	2.3406	20	4.7572	10	4.7572
group_13574	504	673	1.3353	6	3.4915	3	3.4915
group_13575	1122	2380	2.1212	17	4.4437	8	4.1823
group_13577	432	151	0.3495	1	0.6789	0	0.0000
group_13579	465	6846	14.7226	53	33.4280	26	32.7973
pTC1~~~terY	1338	142275	106.3341	969	212.4001	484	212.1809
group_13589	243	1839	7.5679	13	15.6900	6	14.4831
group_13590	1446	303	0.2095	2	0.4056	1	0.4056
group_13591	2940	2004	0.6816	14	1.3966	7	1.3966
group_17172	3756	63907	17.0146	429	33.4980	214	33.4199
group_13594	1581	302	0.1910	2	0.3710	1	0.3710
group_15117	1500	2943	1.9620	20	3.9104	10	3.9104
group_13595	6231	7579	1.2163	36	1.6945	18	1.6945
group_13599	1746	566	0.3242	3	0.5039	1	0.3359
group_19224	1080	0	0.0000	0	0.0000	0	0.0000
group_13600	1197	41439	34.6190	278	68.1142	139	68.1142
group_19225	534	11723	21.9532	81	44.4868	40	43.9376
group_13603	4107	341943	83.2586	2296	163.9586	1148	163.9586
group_13605	780	51467	65.9833	354	133.1054	177	133.1054
group_13608	1266	604	0.4771	4	0.9266	2	0.9266
group_13611	192	3522	18.3438	24	36.6604	12	36.6604
group_13612	1680	14577	8.6768	98	17.1082	49	17.1082
group_13613	273	832	3.0476	6	6.4458	3	6.4458
group_13615	3828	79209	20.6920	455	34.8599	227	34.7833
group_13616	1197	92253	77.0702	613	150.1943	306	149.9493
group_13618	675	0	0.0000	0	0.0000	0	0.0000
group_13619	1011	23403	23.1484	160	46.4147	80	46.4147
group_13620	906	2585	2.8532	18	5.8268	9	5.8268
tnpIS630~~~tnpISMae29	504	302	0.5992	2	1.1638	1	1.1638
group_13625	381	6095	15.9974	42	32.3304	21	32.3304
group_13626	966	90983	94.1853	622	188.8427	311	188.8428
group_13627	297	1448	4.8754	12	11.8498	6	11.8498
group_13628	234	144	0.6154	1	1.2533	0	0.0000
group_13629	630	20609	32.7127	139	64.7085	69	64.2430
group_13631	1191	38782	32.5626	266	65.5024	133	65.5024
group_13634	2229	8852	3.9713	64	8.4209	32	8.4209
group_13632	2619	206652	78.9049	1350	151.1768	675	151.1769
group_13633	1197	53544	44.7318	357	87.4704	178	87.2254
group_13636	219	0	0.0000	0	0.0000	0	0.0000
group_13637	1278	3171	2.4812	21	4.8192	10	4.5897
group_13639	807	1373	1.7014	11	3.9977	5	3.6342
group_13646	246	302	1.2276	2	2.3844	1	2.3844
group_13648	492	1912	3.8862	13	7.7493	6	7.1532
group_13649	282	1963	6.9610	13	13.5201	6	12.4801
group_13650	1059	41182	38.8876	278	76.9903	139	76.9903
group_13651	5346	0	0.0000	0	0.0000	0	0.0000
group_13652	1215	35550	29.2593	238	57.4497	119	57.4497
group_13654	402	19722	49.0597	141	102.8679	70	102.1384
group_13655	1335	2114	1.5835	14	3.0756	7	3.0756
group_13658	996	8823	8.8584	60	17.6677	30	17.6677
group_13661	393	8261	21.0204	59	44.0298	29	43.2835
group_13664	1266	44357	35.0371	299	69.2667	149	69.0351
group_13665	1191	95486	80.1730	648	159.5696	324	159.5697
group_13666	4698	37300	7.9395	121	7.5537	60	7.4913
group_13667	765	62187	81.2902	419	160.6348	209	160.2515
group_13668	225	842	3.7422	6	7.8209	3	7.8209
group_13670	1047	87969	84.0201	603	168.9109	301	168.6308
group_13672	339	1368	4.0354	12	10.3817	6	10.3817
group_13675	393	1856	4.7226	13	9.7015	6	8.9552
group_13674	864	1588	1.8380	11	3.7339	5	3.3945
group_13677	876	0	0.0000	0	0.0000	0	0.0000
group_13678	1002	8503	8.4860	56	16.3911	28	16.3911
group_19226	303	3920	12.9373	28	27.1021	14	27.1021
group_13680	795	0	0.0000	0	0.0000	0	0.0000
group_13682	1242	23806	19.1675	158	37.3098	79	37.3098
group_13683	225	0	0.0000	0	0.0000	0	0.0000
group_13686	246	0	0.0000	0	0.0000	0	0.0000
group_13688	1188	138548	116.6229	925	228.3559	462	228.1091
group_13690	879	7478	8.5074	49	16.3491	24	16.0155
group_13692	312	3717	11.9135	27	25.3803	13	24.4403
group_13694	699	24056	34.4149	169	70.9082	84	70.4887
group_13695	381	2607	6.8425	19	14.6257	9	13.8559
group_13696	1260	185434	147.1698	1240	288.6278	620	288.6279
group_13700	369	2777	7.5257	20	15.8961	10	15.8961
hicB~~~ycfA	330	4769	14.4515	34	30.2170	17	30.2171
group_13701	4020	21466	5.3398	144	10.5057	72	10.5057
group_13703	1239	2583	2.0847	18	4.2608	9	4.2608
group_13704	628	2718	4.3280	18	8.4062	9	8.4062
group_13705	1119	107602	96.1591	725	190.0181	362	189.7560
group_13707	792	260	0.3283	2	0.7406	1	0.7406
group_13709	294	2542	8.6463	18	17.9561	9	17.9561
group_13710	885	7392	8.3525	52	17.2325	26	17.2325
group_13715	267	3688	13.8127	34	37.3469	17	37.3469
group_13716	2277	45259	19.8766	285	36.7087	142	36.5799
group_13717	465	302	0.6495	2	1.2614	1	1.2614
group_13718	2745	12002	4.3723	75	8.0132	37	7.9064
group_13719	1227	1208	0.9845	8	1.9122	4	1.9122
group_13722	411	431	1.0487	4	2.8543	2	2.8543
apcE	2748	151519	55.1379	1008	107.5798	504	107.5799
group_13724	207	7466	36.0676	57	80.7591	28	79.3423
group_13725	333	2237	6.7177	18	15.8531	9	15.8531
group_13727	1731	7503	4.3345	51	8.6409	25	8.4715
group_13728	276	3255	11.7935	26	27.6281	13	27.6281
group_13729	243	151	0.6214	1	1.2069	0	0.0000
cysK~~~phoH	1125	119673	106.3760	826	215.3350	413	215.3350
group_13731	4434	45881	10.3475	297	19.6448	148	19.5787
group_13732	864	40738	47.1505	275	93.3482	137	93.0088
group_13734	2133	253584	118.8861	1703	234.1590	851	234.0215
group_13735	990	4751	4.7990	32	9.4799	16	9.4799
group_13736	498	9944	19.9679	68	40.0467	34	40.0467
group_13737	987	297	0.3009	2	0.5943	1	0.5943
group_13738	285	9541	33.4772	64	65.8601	32	65.8601
group_13739	474	40109	84.6181	278	172.0099	139	172.0100
group_19227	192	0	0.0000	0	0.0000	0	0.0000
group_13743	948	2256	2.3797	18	5.5687	9	5.5687
yyaL	2268	239774	105.7205	1608	207.9362	804	207.9362
group_13744	1245	17159	13.7823	117	27.5615	58	27.3260
group_13745	1257	158884	126.3994	1052	245.4525	526	245.4526
group_13746	1731	151593	87.5754	947	160.4501	473	160.2807
group_13747	684	13490	19.7222	92	39.4474	46	39.4474
group_13750	1203	23695	19.6966	159	38.7631	79	38.5193
group_13751	240	2190	9.1250	16	19.5522	8	19.5522
group_13753	426	6149	14.4343	44	30.2921	22	30.2922
group_13757	2838	331786	116.9084	2214	228.7980	1107	228.7981
group_13759	3009	32292	10.7318	200	19.4937	100	19.4937
group_13762	258	0	0.0000	0	0.0000	0	0.0000
group_13765	1305	1261	0.9663	9	2.0226	4	1.7979
group_13766	354	0	0.0000	0	0.0000	0	0.0000
murI	882	75973	86.1372	516	171.5806	258	171.5806
group_13770	369	37670	102.0867	266	211.4182	133	211.4182
group_13773	417	151	0.3621	1	0.7033	0	0.0000
group_13772	1473	57035	38.7203	383	76.2576	191	76.0585
group_19228	900	0	0.0000	0	0.0000	0	0.0000
gem1	1515	134333	88.6686	902	174.6147	451	174.6148
group_13777	1923	217919	113.3224	1460	222.6694	730	222.6695
group_13778	1185	67266	56.7646	458	113.3533	229	113.3533
group_13779	1236	87807	71.0413	591	140.2349	295	139.9976
group_13782	1977	13411	6.7835	89	13.2029	44	13.0546
group_13788	273	4295	15.7326	31	33.3032	15	32.2289
group_13789	912	1612	1.7675	11	3.5374	5	3.2158
group_13790	1953	411	0.2104	3	0.4505	1	0.3003
group_13793	177	0	0.0000	0	0.0000	0	0.0000
group_13794	156	0	0.0000	0	0.0000	0	0.0000
group_13796	1239	144113	116.3140	960	227.2411	480	227.2412
group_13797	5124	511859	99.8944	3204	183.3878	1602	183.3878
group_13799	3819	18228	4.7730	71	5.4525	35	5.3757
group_13800	255	213	0.8353	2	2.3003	1	2.3003
group_13801	1239	0	0.0000	0	0.0000	0	0.0000
group_13802	549	15058	27.4281	106	56.6266	53	56.6266
group_13805	816	604	0.7402	4	1.4377	2	1.4377
group_13804	270	4616	17.0963	33	35.8457	16	34.7595
group_13813	1485	136923	92.2040	923	182.2898	461	182.0923
group_13815	615	9091	14.7821	64	30.5205	32	30.5205
group_13816	543	0	0.0000	0	0.0000	0	0.0000
group_13817	621	15132	24.3671	103	48.6444	51	48.1721
group_13821	879	19699	22.4107	133	44.3762	66	44.0425
group_13822	720	184330	256.0139	1240	505.0986	620	505.0988
group_13825	1098	64061	58.3434	436	116.4585	218	116.4585
group_13826	1506	0	0.0000	0	0.0000	0	0.0000
group_13827	990	155186	156.7535	1049	310.7616	524	310.4654
group_13828	738	5695	7.7168	39	15.4987	19	15.1013
group_13830	648	3858	5.9537	31	14.0305	15	13.5779
group_13831	1362	135429	99.4339	913	196.5987	456	196.3834
group_13835	588	10524	17.8980	72	35.9122	36	35.9122
group_19229	681	57552	84.5110	388	167.0981	194	167.0982
group_13840	1848	9998	5.4102	67	10.6331	33	10.4744
group_13842	1224	264029	215.7100	1783	427.2253	891	426.9858
group_13845	1224	22526	18.4036	151	36.1812	75	35.9416
group_13847	990	0	0.0000	0	0.0000	0	0.0000
group_13852	1269	36150	28.4870	241	55.6984	120	55.4673
group_13854	1497	18586	12.4155	124	24.2933	62	24.2933
group_13858	828	4917	5.9384	33	11.6888	16	11.3346
group_13860	1188	242484	204.1111	1616	398.9440	808	398.9441
group_13862	495	1726	3.4869	12	7.1099	6	7.1099
group_13865	483	52330	108.3437	368	223.4538	184	223.4538
group_13867	1674	16047	9.5860	113	19.7975	56	19.6223
group_13868	753	76843	102.0491	526	204.8697	263	204.8698
group_13872	549	30727	55.9690	208	111.1164	104	111.1164
group_13873	1185	1784	1.5055	13	3.2175	6	2.9700
group_13874	525	40201	76.5733	280	156.4176	140	156.4177
group_13875	1245	119170	95.7189	816	192.2241	408	192.2242
group_13876	1659	31115	18.7553	202	35.7102	101	35.7102
group_13878	1188	92237	77.6406	617	152.3196	308	152.0728
group_13879	576	18696	32.4583	129	65.6832	64	65.1740
group_13881	480	174	0.3625	2	1.2220	1	1.2220
group_13882	270	764	2.8296	6	6.5174	3	6.5174
group_13884	300	220	0.7333	2	1.9552	1	1.9552
group_13885	1188	49128	41.3535	329	81.2207	164	80.9738
group_13888	1914	1483	0.7748	11	1.6855	5	1.5323
group_13890	783	15121	19.3116	99	37.0818	49	36.7072
group_13891	804	0	0.0000	0	0.0000	0	0.0000
group_13892	1183	6284	5.3119	43	10.6603	21	10.4124
group_13893	333	0	0.0000	0	0.0000	0	0.0000
group_13894	360	0	0.0000	0	0.0000	0	0.0000
group_13895	825	7618	9.2339	52	18.4857	26	18.4857
group_19230	477	2562	5.3711	17	10.4524	8	9.8376
group_13901	1104	105730	95.7699	713	189.4120	356	189.1464
group_13903	468	1208	2.5812	8	5.0134	4	5.0134
group_13904	552	21767	39.4330	155	82.3530	77	81.8218
group_13905	216	0	0.0000	0	0.0000	0	0.0000
group_13906	372	13852	37.2366	103	81.2047	51	80.4164
group_13908	1047	14049	13.4183	82	22.9696	41	22.9696
group_13909	180	7099	39.4389	49	79.8382	24	78.2088
group_13910	438	151	0.3447	1	0.6696	0	0.0000
group_13911	471	2816	5.9788	19	11.8310	9	11.2083
yecT	468	20909	44.6774	143	89.6143	71	88.9876
group_13913	1062	106812	100.5763	731	201.8738	365	201.5977
menC	975	95757	98.2123	649	195.2213	324	194.9205
group_13914	1206	0	0.0000	0	0.0000	0	0.0000
group_13915	1053	77722	73.8101	511	142.3245	255	142.0460
group_13916	8193	5484	0.6694	37	1.3245	18	1.2887
group_13917	426	2178	5.1127	15	10.3269	7	9.6384
group_13919	318	0	0.0000	0	0.0000	0	0.0000
group_13921	1128	44413	39.3732	301	78.2608	150	78.0008
group_13923	1329	0	0.0000	0	0.0000	0	0.0000
group_13924	1485	95838	64.5374	648	127.9781	324	127.9781
group_19231	849	0	0.0000	0	0.0000	0	0.0000
group_13926	1218	2818	2.3136	19	4.5750	9	4.3342
group_13927	4185	55689	13.3068	371	25.9995	185	25.9295
group_13928	525	4242	8.0800	30	16.7590	15	16.7590
group_13929	756	13990	18.5053	93	36.0785	46	35.6905
group_13930	438	247	0.5639	2	1.3392	1	1.3392
group_13931	450	2977	6.6156	22	14.3383	11	14.3383
group_13932	1143	15141	13.2467	103	26.4288	51	26.1723
group_13937	1080	37375	34.6065	252	68.4327	126	68.4327
group_13938	897	97080	108.2274	663	216.7745	331	216.4476
group_13939	3474	92097	26.5104	617	52.0886	308	52.0042
group_13941	1389	153309	110.3737	1044	220.4374	522	220.4375
group_13942	1059	6982	6.5930	47	13.0163	23	12.7394
group_13943	681	7224	10.6079	50	21.5333	25	21.5333
group_13944	276	142	0.5145	2	2.1252	1	2.1252
group_13945	387	2939	7.5943	23	17.4303	11	16.6724
group_13946	606	48906	80.7030	348	168.4200	174	168.4200
trpA	810	90928	112.2568	626	226.6608	313	226.6608
group_13948	513	1037	2.0214	7	4.0019	3	3.4302
group_13949	10146	28568	2.8157	163	4.7117	81	4.6828
group_13951	1563	159087	101.7831	1084	203.4030	542	203.4030
dnaG	1974	238140	120.6383	1535	228.0595	767	227.9110
group_13953	597	467	0.7822	3	1.4738	1	0.9825
group_13955	1293	140007	108.2807	951	215.7094	475	215.4826
group_19232	135	0	0.0000	0	0.0000	0	0.0000
group_13957	1410	56410	40.0071	375	78.0008	187	77.7928
group_13959	198	1755	8.8636	13	19.2560	6	17.7747
srso17~~~tnpIS701	1269	2416	1.9039	16	3.6978	8	3.6978
group_13960	387	2058	5.3178	17	12.8832	8	12.1254
tnpIS110	780	151	0.1936	1	0.3760	0	0.0000
group_13962	1227	755	0.6153	5	1.1951	2	0.9561
group_13964	1470	147	0.1000	2	0.3990	1	0.3990
group_13965	1737	126849	73.0276	854	144.1933	427	144.1933
group_13968	975	6970	7.1487	47	14.1377	23	13.8369
group_13969	1197	3767	3.1470	25	6.1254	12	5.8804
group_13972	1188	215909	181.7416	1439	355.2478	719	355.0010
group_13973	2235	8253	3.6926	56	7.3485	28	7.3485
group_13974	588	1359	2.3112	9	4.4890	4	3.9902
group_13976	297	838	2.8215	6	5.9249	3	5.9249
adhP	1110	111317	100.2856	751	198.4285	375	198.1643
group_19235	534	8806	16.4906	60	32.9532	30	32.9532
group_13978	1251	237702	190.0096	1614	378.3844	807	378.3845
group_13979	675	50370	74.6222	347	150.7692	173	150.3348
group_13980	837	74622	89.1541	502	175.8998	251	175.8998
group_13982	300	9616	32.0533	69	67.4551	34	66.4775
group_13983	5379	1025	0.1906	7	0.3817	3	0.3271
group_13984	321	2697	8.4019	19	17.3594	9	16.4458
group_13985	2157	80945	37.5267	546	74.2386	273	74.2386
group_13987	2235	260451	116.5329	1749	229.5088	874	229.3776
group_13988	147	323	2.1973	3	5.9854	1	3.9902
group_13989	3123	42891	13.7339	284	26.6706	142	26.6706
group_13990	918	87417	95.2255	595	190.0909	297	189.7715
group_13991	7722	16721	2.1654	114	4.3297	57	4.3297
group_13993	1248	118351	94.8325	781	183.5369	390	183.3020
group_13994	4251	3213	0.7558	22	1.5178	11	1.5178
group_13996	5532	62017	11.2106	231	12.2466	115	12.1936
group_13997	684	2768	4.0468	19	8.1468	9	7.7180
group_13998	987	0	0.0000	0	0.0000	0	0.0000
group_13999	1605	57401	35.7639	321	58.6566	160	58.4739
sucD	888	84434	95.0833	570	188.2560	285	188.2561
group_14000	780	89966	115.3410	615	231.2424	307	230.8665
tolC	1536	170231	110.8275	1151	219.7714	575	219.5805
group_14003	1272	113756	89.4308	753	173.6181	376	173.3875
group_14004	900	0	0.0000	0	0.0000	0	0.0000
group_14005	309	300	0.9709	2	1.8983	1	1.8983
group_14008	1287	128721	100.0163	823	187.5462	411	187.3184
group_14009	1254	235010	187.4083	1561	365.0836	780	364.8499
group_14010	1179	89671	76.0568	596	148.2585	298	148.2585
group_14012	1224	191879	156.7639	1296	310.5350	648	310.5351
group_14013	447	743	1.6622	5	3.2806	2	2.6245
group_14014	1461	150441	102.9713	1023	205.3584	511	205.1577
group_14015	822	91883	111.7798	626	223.3518	313	223.3519
group_14016	852	841	0.9871	6	2.0654	3	2.0654
group_14017	342	20463	59.8333	150	128.6329	75	128.6330
group_14018	294	0	0.0000	0	0.0000	0	0.0000
group_14020	537	2709	5.0447	18	9.8307	9	9.8307
group_14025	1083	3485	3.2179	24	6.4993	12	6.4994
group_14029	489	6643	13.5849	47	28.1888	23	27.5890
group_14030	222	877	3.9505	7	9.2477	3	7.9266
group_14032	1044	63735	61.0489	426	119.6730	213	119.6730
group_14034	1017	13782	13.5516	93	26.8194	46	26.5310
group_14036	2877	183471	63.7716	1220	124.3675	610	124.3676
group_14037	1263	18432	14.5938	124	28.7942	62	28.7942
group_14038	3069	342685	111.6601	2296	219.4128	1148	219.4129
group_14040	294	4185	14.2347	32	31.9220	16	31.9220
group_14042	1080	105939	98.0917	709	192.5349	354	192.2634
group_14043	3813	122894	32.2303	812	62.4563	406	62.4563
group_14044	1596	71385	44.7274	486	89.3080	243	89.3080
group_14046	402	73187	182.0572	513	374.2642	256	373.5348
group_14048	159	0	0.0000	0	0.0000	0	0.0000
group_14049	1434	3173	2.2127	21	4.2949	10	4.0904
group_14053	3456	604	0.1748	4	0.3394	2	0.3394
group_14054	1329	301009	226.4929	2013	444.2279	1006	444.0073
group_14055	1191	102761	86.2813	678	166.9571	339	166.9572
racX	756	77317	102.2712	540	209.4879	270	209.4880
group_14058	330	1204	3.6485	8	7.1099	4	7.1099
trmL	477	29555	61.9602	223	137.1114	111	136.4966
group_14061	594	49464	83.2727	348	171.8224	174	171.8225
group_14062	945	28752	30.4254	198	61.4498	99	61.4498
group_14063	141	1811	12.8440	16	33.2803	8	33.2804
group_14064	1290	604	0.4682	4	0.9094	2	0.9094
group_14065	786	12931	16.4517	87	32.4626	43	32.0895
group_14068	228	0	0.0000	0	0.0000	0	0.0000
dnaX	3255	372977	114.5859	2374	213.9029	1187	213.9030
group_14074	564	2929	5.1933	20	10.4001	10	10.4001
group_14073	859	106230	123.6671	720	245.8252	360	245.8252
chrA	1158	121056	104.5389	828	209.7050	414	209.7051
group_14075	513	1057	2.0604	7	4.0019	3	3.4302
group_14078	381	3635	9.5407	28	21.5536	14	21.5536
group_14079	276	2232	8.0870	17	18.0645	8	17.0019
group_14080	1665	39978	24.0108	270	47.5594	135	47.5594
group_14081	435	1947	4.4759	13	8.7648	6	8.0906
group_14083	453	302	0.6667	2	1.2948	1	1.2948
group_14084	633	6461	10.2070	46	21.3128	23	21.3128
group_19236	480	166252	346.3583	1107	676.3841	553	675.7733
group_14087	1323	0	0.0000	0	0.0000	0	0.0000
group_14090	588	12270	20.8673	82	40.9000	41	40.9000
group_14091	1155	172381	149.2476	1154	293.0292	577	293.0292
group_14092	3810	5664	1.4866	38	2.9251	19	2.9251
group_14094	348	1049	3.0144	7	5.8994	3	5.0566
group_14096	375	9175	24.4667	71	55.5283	35	54.7462
group_14097	981	71759	73.1488	491	146.7910	245	146.4921
group_14099	1434	80876	56.3989	543	111.0549	271	110.8504
group_14100	960	2841	2.9594	19	5.8046	9	5.4991
group_14102	909	38620	42.4862	267	86.1459	133	85.8232
group_14105	834	6226	7.4652	42	14.7697	21	14.7697
group_14106	870	1046	1.2023	7	2.3597	3	2.0226
group_14107	2832	4160	1.4689	28	2.8997	14	2.8997
group_14108	1506	2528	1.6786	18	3.5054	9	3.5054
group_14110	2157	48269	22.3778	322	43.7817	161	43.7817
group_19238	900	151	0.1678	1	0.3259	0	0.0000
group_14111	351	10959	31.2222	78	65.1740	39	65.1740
group_14114	402	2849	7.0871	22	16.0503	11	16.0503
group_14118	243	423	1.7407	3	3.6208	1	2.4139
group_14116	702	27502	39.1766	190	79.3786	95	79.3786
group_14117	117	232	1.9829	2	5.0134	1	5.0134
group_14119	555	570	1.0270	4	2.1138	2	2.1138
group_14122	1152	2535	2.2005	18	4.5825	9	4.5825
group_14123	1083	104455	96.4497	709	192.0016	354	191.7308
group_14124	1266	127714	100.8799	863	199.9236	431	199.6920
group_14127	240	218	0.9083	2	2.4440	1	2.4440
group_14128	534	7234	13.5468	48	26.3625	24	26.3625
group_14126	249	0	0.0000	0	0.0000	0	0.0000
group_14129	1155	0	0.0000	0	0.0000	0	0.0000
group_14131	3138	13923	4.4369	94	8.7854	47	8.7854
group_14132	615	1315	2.1382	9	4.2919	4	3.8151
group_14134	308	3136	10.1818	25	23.8054	12	22.8532
group_14135	238	12767	53.6429	90	110.9054	45	110.9054
group_14136	441	3694	8.3764	25	16.6260	12	15.9610
hyaD	537	46797	87.1453	323	176.4068	161	175.8607
modB	1845	70153	38.0233	466	74.0758	233	74.0759
group_14137	987	665	0.6738	5	1.4857	2	1.1886
group_14141	1689	36699	21.7282	246	42.7162	123	42.7162
group_14142	501	470	0.9381	2	1.1708	1	1.1708
group_14143	786	60310	76.7303	368	137.3132	184	137.3132
group_14144	612	5988	9.7843	42	20.1273	21	20.1273
group_14145	882	16857	19.1122	112	37.2423	56	37.2423
group_14148	417	12250	29.3765	92	64.7051	46	64.7052
group_19239	966	21023	21.7629	144	43.7192	72	43.7192
group_14150	105	0	0.0000	0	0.0000	0	0.0000
group_14151	309	24031	77.7702	170	161.3532	85	161.3532
group_14153	1728	162955	94.3027	1100	186.6964	550	186.6965
group_14155	372	2576	6.9247	19	14.9795	9	14.1911
group_14156	528	11247	21.3011	77	42.7704	38	42.2150
group_14157	342	12558	36.7193	90	77.1798	45	77.1798
group_14162	321	2033	6.3333	15	13.7048	7	12.7912
group_14163	1227	452	0.3684	3	0.7171	1	0.4780
group_14164	1128	3876	3.4362	27	7.0201	13	6.7601
group_14167	435	207	0.4759	2	1.3484	1	1.3484
group_14168	354	151	0.4266	1	0.8285	0	0.0000
group_14174	663	28421	42.8673	192	84.9327	96	84.9327
group_14171	1314	262960	200.1218	1744	389.2585	872	389.2586
group_14172	978	0	0.0000	0	0.0000	0	0.0000
group_14173	696	72023	103.4813	486	204.7925	243	204.7926
group_14176	498	7550	15.1606	54	31.8018	27	31.8018
group_14177	900	155204	172.4489	1065	347.0516	532	346.7259
group_14180	861	0	0.0000	0	0.0000	0	0.0000
group_14181	1017	2191	2.1544	15	4.3257	7	4.0373
group_14184	10926	260721	23.8624	1123	30.1443	561	30.1175
group_14185	474	732	1.5443	6	3.7124	3	3.7124
group_14187	246	548	2.2276	4	4.7688	2	4.7688
group_14189	288	408	1.4167	3	3.0550	1	2.0367
group_19240	1194	9559	8.0059	65	15.9660	32	15.7204
group_14195	264	1156	4.3788	10	11.1092	5	11.1092
group_14197	225	12705	56.4667	89	116.0098	44	114.7063
group_19165	1269	0	0.0000	0	0.0000	0	0.0000
group_14199	783	7629	9.7433	52	19.4773	26	19.4773
ftsI	1863	193966	104.1149	1304	205.2824	652	205.2825
group_14203	411	11107	27.0243	80	57.0867	40	57.0867
group_14204	1410	753	0.5340	5	1.0400	2	0.8320
group_14205	585	8324	14.2291	56	28.0750	28	28.0750
group_14206	246	0	0.0000	0	0.0000	0	0.0000
group_14207	1524	1696	1.1129	12	2.3093	6	2.3093
group_14208	1719	31836	18.5201	214	36.5111	107	36.5111
group_14210	1014	0	0.0000	0	0.0000	0	0.0000
group_14212	249	1275	5.1205	9	10.6006	4	9.4228
group_14214	1377	1188	0.8627	8	1.7039	4	1.7039
group_14215	267	151	0.5655	1	1.0984	0	0.0000
group_14216	699	69375	99.2489	472	198.0395	236	198.0396
group_14218	342	5693	16.6462	38	32.5870	19	32.5870
pro0498	579	50974	88.0380	353	178.8064	176	178.3000
group_14220	444	2455	5.5293	17	11.2293	8	10.5688
group_14225	780	60465	77.5192	412	154.9136	206	154.9137
group_14223	225	1057	4.6978	10	13.0348	5	13.0348
group_14224	1395	11741	8.4165	77	16.1884	38	15.9782
group_14228	219	1364	6.2283	12	16.0703	6	16.0703
group_14229	6912	3643	0.5271	27	1.1456	13	1.1032
group_14230	315	1300	4.1270	9	8.3795	4	7.4485
group_14231	501	2541	5.0719	17	9.9517	8	9.3663
group_14232	903	91638	101.4817	621	201.6930	310	201.3683
group_14233	450	15759	35.0200	108	70.3879	54	70.3880
group_14234	792	19539	24.6705	136	50.3617	68	50.3618
group_14236	318	275	0.8648	2	1.8445	1	1.8445
group_14237	489	20445	41.8098	136	81.5675	68	81.5675
group_14238	930	35962	38.6688	237	74.7399	118	74.4245
group_14239	4446	14981	3.3695	73	4.8155	36	4.7495
group_14240	129	0	0.0000	0	0.0000	0	0.0000
group_14241	1050	81161	77.2962	557	155.5797	278	155.3004
group_14244	558	45431	81.4176	313	164.5118	156	163.9863
group_14243	1215	31513	25.9366	210	50.6909	105	50.6909
group_14245	2916	17817	6.1101	124	12.4716	62	12.4716
group_14247	171	0	0.0000	0	0.0000	0	0.0000
group_14248	867	25357	29.2468	172	58.1830	86	58.1831
group_14249	885	1311	1.4814	9	2.9825	4	2.6511
group_14250	486	0	0.0000	0	0.0000	0	0.0000
group_14251	2772	0	0.0000	0	0.0000	0	0.0000
group_14252	1023	0	0.0000	0	0.0000	0	0.0000
group_14253	1002	64061	63.9331	439	128.4943	219	128.2016
group_14254	417	717	1.7194	5	3.5166	2	2.8133
group_14255	1254	188655	150.4426	1281	299.5978	640	299.3640
group_14258	336	0	0.0000	0	0.0000	0	0.0000
group_14259	1197	3823	3.1938	25	6.1254	12	5.8804
group_14261	339	0	0.0000	0	0.0000	0	0.0000
group_14263	477	10758	22.5535	71	43.6543	35	43.0395
group_14267	438	1105	2.5228	8	5.3568	4	5.3568
group_14265	414	1051	2.5386	8	5.6673	4	5.6673
group_14266	1176	12199	10.3733	82	20.4500	41	20.4500
group_14268	2226	158121	71.0337	1058	139.3951	529	139.3951
group_14269	762	73627	96.6234	509	195.9069	254	195.5221
group_14272	447	0	0.0000	0	0.0000	0	0.0000
group_14273	1755	112736	64.2370	754	126.0031	377	126.0031
group_14274	6687	8155	1.2195	53	2.3245	26	2.2807
group_14275	858	2387	2.7821	16	5.4691	8	5.4692
group_14276	663	0	0.0000	0	0.0000	0	0.0000
group_14277	1044	56096	53.7318	386	108.4361	193	108.4361
group_14279	513	24912	48.5614	175	100.0478	87	99.4762
group_14281	2766	46785	16.9143	291	30.8552	145	30.7491
group_14282	1656	109186	65.9336	731	129.4625	365	129.2855
group_14283	267	16120	60.3745	118	129.6157	59	129.6158
group_14284	435	2351	5.4046	16	10.7874	8	10.7874
group_14285	666	547	0.8213	4	1.7615	2	1.7615
group_14286	396	373	0.9419	3	2.2218	1	1.4812
group_14287	366	0	0.0000	0	0.0000	0	0.0000
group_14288	987	37818	38.3161	260	77.2580	130	77.2580
group_14290	240	14190	59.1250	106	129.5334	53	129.5334
group_14291	219	302	1.3790	2	2.6784	1	2.6784
group_14292	1845	18063	9.7902	123	19.5522	61	19.3933
lpxD	1080	107283	99.3361	724	196.6083	362	196.6083
group_14296	2517	105496	41.9134	692	80.6325	346	80.6325
ispH	1266	141944	112.1201	962	222.8581	481	222.8581
group_14297	1839	453	0.2463	3	0.4784	1	0.3190
nadA	1077	107618	99.9239	730	198.7898	365	198.7899
group_14298	1107	2565	2.3171	17	4.5039	8	4.2390
group_14299	5079	8443	1.6623	52	3.0027	26	3.0027
group_14302	1077	66867	62.0864	451	122.8140	225	122.5417
group_14304	987	0	0.0000	0	0.0000	0	0.0000
group_14306	2298	79560	34.6214	534	68.1519	267	68.1520
group_14307	4140	35514	8.5783	206	14.5933	103	14.5933
group_14309	2028	302	0.1489	2	0.2892	1	0.2892
group_14310	1242	453	0.3647	3	0.7084	1	0.4723
group_14311	1107	6945	6.2737	42	11.1273	21	11.1273
group_14312	687	0	0.0000	0	0.0000	0	0.0000
group_17459	1269	151	0.1190	1	0.2311	0	0.0000
group_14314	450	0	0.0000	0	0.0000	0	0.0000
group_14316	207	9673	46.7295	71	100.5947	35	99.1779
group_14319	273	3047	11.1612	24	25.7831	12	25.7831
group_14320	1407	84820	60.2843	570	118.8140	285	118.8141
group_14321	231	151	0.6537	1	1.2696	0	0.0000
group_14322	1197	101426	84.7335	672	164.6502	336	164.6502
group_14323	675	8163	12.0933	55	23.8971	27	23.4627
group_14324	2016	80882	40.1200	542	78.8489	271	78.8489
group_14326	498	1936	3.8876	14	8.2449	7	8.2449
group_14329	2163	755	0.3491	5	0.6780	2	0.5424
group_14330	1269	453	0.3570	3	0.6933	1	0.4622
group_14332	243	1337	5.5021	11	13.2762	5	12.0693
group_14333	1287	80921	62.8757	545	124.1952	272	123.9674
group_14336	918	17846	19.4401	123	39.2961	61	38.9766
group_14338	483	12736	26.3685	88	53.4346	44	53.4346
group_14339	738	2579	3.4946	18	7.1532	9	7.1532
group_14340	402	1294	3.2189	9	6.5660	4	5.8365
ndhD1	1593	180772	113.4790	1224	225.3475	612	225.3475
citB~~~gerE	282	6058	21.4823	44	45.7605	22	45.7605
group_14343	4224	10444	2.4725	72	4.9991	36	4.9991
group_19243	315	0	0.0000	0	0.0000	0	0.0000
group_14344	876	301	0.3436	2	0.6696	1	0.6696
group_14347	954	63584	66.6499	429	131.8852	214	131.5778
group_14348	2187	3856	1.7631	26	3.4867	13	3.4867
group_14349	1044	1541	1.4761	11	3.0901	5	2.8092
group_14350	1508	3439	2.2805	23	4.4732	11	4.2787
group_14351	477	19835	41.5828	133	81.7749	66	81.1601
group_14353	792	71796	90.6515	493	182.5613	246	182.1911
group_14354	1443	31185	21.6112	208	42.2750	104	42.2751
group_14355	381	11809	30.9948	88	67.7399	44	67.7399
group_14356	963	151	0.1568	1	0.3046	0	0.0000
group_14357	264	301	1.1402	2	2.2218	1	2.2218
group_14359	1449	149939	103.4776	1005	203.4158	502	203.2135
group_19245	276	8101	29.3514	56	59.5067	28	59.5067
group_19246	153	0	0.0000	0	0.0000	0	0.0000
grxD	324	23927	73.8488	174	157.5039	87	157.5039
group_14360	282	19143	67.8830	134	139.3615	67	139.3615
group_14361	1152	13297	11.5425	92	23.4219	46	23.4219
group_14363	900	302	0.3356	2	0.6517	1	0.6517
group_14365	714	750	1.0504	5	2.0538	2	1.6430
group_14366	3063	143092	46.7163	927	88.7605	463	88.6648
group_14367	747	61917	82.8876	430	168.8243	215	168.8243
group_14373	735	510	0.6939	4	1.5961	2	1.5961
group_14374	420	8433	20.0786	62	43.2942	31	43.2942
group_14371	654	5900	9.0214	43	19.2831	21	18.8347
group_14372	312	0	0.0000	0	0.0000	0	0.0000
group_19247	318	0	0.0000	0	0.0000	0	0.0000
group_14376	1071	390349	364.4715	2573	704.5914	1286	704.3178
group_14379	189	0	0.0000	0	0.0000	0	0.0000
tnpISMae36~~~tnpISL3	1215	797683	656.5292	5308	1281.2729	2654	1281.2733
group_14382	333	2814	8.4505	21	18.4953	10	17.6146
group_14385	450	1228	2.7289	9	5.8657	4	5.2139
group_14387	1449	38619	26.6522	263	53.2322	131	53.0298
group_14388	540	10922	20.2259	78	42.3631	39	42.3631
group_14389	1098	754	0.6867	5	1.3355	2	1.0684
group_14390	252	5689	22.5754	41	47.7167	20	46.5529
group_14391	624	12543	20.1010	85	39.9504	42	39.4804
nrfG	1212	131118	108.1832	898	217.3005	449	217.3006
group_14392	1977	4972	2.5149	34	5.0438	17	5.0438
group_14393	1590	29982	18.8566	200	36.8910	100	36.8910
group_14394	237	8955	37.7848	63	77.9613	31	76.7239
group_14396	276	151	0.5471	1	1.0626	0	0.0000
group_14398	1098	225156	205.0601	1531	408.9403	765	408.6733
group_14399	192	0	0.0000	0	0.0000	0	0.0000
group_14403	1470	0	0.0000	0	0.0000	0	0.0000
group_14402	192	0	0.0000	0	0.0000	0	0.0000
group_14404	1119	53322	47.6515	369	96.7127	184	96.4506
group_14405	2259	187554	83.0252	1215	157.7419	607	157.6121
group_14406	972	42317	43.5360	283	85.3900	141	85.0883
group_14407	675	209035	309.6815	1419	616.5462	709	616.1119
group_14408	1659	13659	8.2333	93	16.4408	46	16.2640
group_14410	3762	8164	2.1701	55	4.2878	27	4.2098
group_14411	2409	18725	7.7729	140	17.0443	70	17.0443
group_14414	627	47244	75.3493	319	149.2142	159	148.7465
group_19248	735	534	0.7265	3	1.1971	1	0.7980
group_14416	873	26208	30.0206	177	59.4629	88	59.1270
group_14419	426	1661	3.8991	11	7.5730	5	6.8846
group_14423	222	150	0.6757	1	1.3211	0	0.0000
group_14421	1395	139294	99.8523	947	199.0961	473	198.8859
group_14422	1224	228637	186.7949	1530	366.6039	765	366.6040
group_14426	282	3725	13.2092	27	28.0803	13	27.0403
group_14427	1692	171176	101.1678	1148	198.9888	574	198.9888
group_14430	201	2159	10.7413	16	23.3459	8	23.3459
group_14431	3684	7459	2.0247	42	3.3436	21	3.3436
group_14432	456	2210	4.8465	16	10.2906	8	10.2906
group_14433	675	48449	71.7763	343	149.0313	171	148.5968
tnpISMae18~~~tnpISKra4	210	5701	27.1476	38	53.0703	19	53.0703
group_19249	1746	151	0.0865	1	0.1680	0	0.0000
group_14435	468	18298	39.0983	125	78.3342	62	77.7075
group_19250	285	0	0.0000	0	0.0000	0	0.0000
group_14438	1278	67581	52.8803	448	102.8097	224	102.8098
group_14439	351	0	0.0000	0	0.0000	0	0.0000
group_14440	2151	22945	10.6671	157	21.4065	78	21.2702
group_14441	1305	6246	4.7862	46	10.3379	23	10.3380
group_14443	861	415	0.4820	3	1.0219	1	0.6813
group_14444	1617	31635	19.5640	215	38.9956	107	38.8142
group_14446	1578	13751	8.7142	94	17.4706	47	17.4706
group_14447	375	5992	15.9787	43	33.6298	21	32.8477
group_14448	291	0	0.0000	0	0.0000	0	0.0000
group_14449	771	732	0.9494	5	1.9020	2	1.5216
group_19251	897	0	0.0000	0	0.0000	0	0.0000
group_14451	681	1181	1.7342	8	3.4453	4	3.4453
group_14453	399	745	1.8672	5	3.6752	2	2.9402
group_14455	1197	866	0.7235	6	1.4701	3	1.4701
group_19252	156	0	0.0000	0	0.0000	0	0.0000
cysQ	882	96351	109.2415	656	218.1334	328	218.1335
group_14457	414	19649	47.4614	136	96.3442	68	96.3442
group_14458	213	149	0.6995	1	1.3769	0	0.0000
group_14459	174	149	0.8563	1	1.6855	0	0.0000
group_14465	5535	26204	4.7342	176	9.3257	88	9.3257
tar	2679	301744	112.6331	2013	220.3728	1006	220.2634
cheW	594	32335	54.4360	228	112.5733	114	112.5733
group_14468	453	27872	61.5276	195	126.2477	97	125.6003
group_14470	4473	104895	23.4507	586	38.4225	293	38.4225
group_14472	3303	5098	1.5434	38	3.3741	19	3.3741
group_14476	1197	1895	1.5831	13	3.1852	6	2.9402
group_14477	891	1886	2.1167	13	4.2791	6	3.9499
group_14482	2331	6588	2.8263	44	5.5360	22	5.5360
group_14480	1167	3311	2.8372	22	5.5289	11	5.5289
group_14481	1431	121295	84.7624	818	167.6489	409	167.6489
group_14483	291	206	0.7079	2	2.0157	1	2.0157
group_14484	513	7915	15.4288	54	30.8719	27	30.8719
group_14485	999	13620	13.6336	90	26.4219	45	26.4219
group_14488	5739	121088	21.0991	791	40.4229	395	40.3718
group_14489	2529	15867	6.2740	106	12.2926	53	12.2926
group_19253	1335	604	0.4524	4	0.8788	2	0.8788
group_14490	411	809	1.9684	6	4.2815	3	4.2815
group_14491	1689	158327	93.7401	1059	183.8880	529	183.7144
group_14493	1746	111	0.0636	1	0.1680	0	0.0000
group_14494	567	370	0.6526	3	1.5518	1	1.0345
group_14496	744	58798	79.0296	400	157.6791	200	157.6791
group_14498	1578	90322	57.2383	612	113.7448	306	113.7448
group_14499	438	16581	37.8562	124	83.0299	62	83.0299
group_14500	1329	0	0.0000	0	0.0000	0	0.0000
group_14501	696	68893	98.9842	476	200.5787	238	200.5787
thyA	1539	158046	102.6940	1047	199.5240	523	199.3335
group_14502	270	6775	25.0926	49	53.2254	24	52.1392
group_14503	2751	39798	14.4667	266	28.3582	133	28.3582
group_14505	408	891	2.1838	6	4.3130	3	4.3130
group_14506	402	5843	14.5348	41	29.9120	20	29.1824
sIMPL	813	87314	107.3973	603	217.5273	301	217.1666
priA	2595	263635	101.5934	1764	199.3647	882	199.3647
group_14507	1224	5916	4.8333	40	9.5844	20	9.5844
tnpISMae6	1497	2416	1.6139	16	3.1346	8	3.1346
group_14508	912	5854	6.4189	39	12.5417	19	12.2201
group_14509	1776	150731	84.8711	1018	168.1093	509	168.1094
group_14510	987	8399	8.5096	57	16.9373	28	16.6402
group_14511	900	151	0.1678	1	0.3259	0	0.0000
group_14512	1077	5900	5.4782	40	10.8926	20	10.8926
group_14514	183	443	2.4208	3	4.8079	1	3.2053
group_14515	1260	90726	72.0048	620	144.3139	310	144.3139
group_14516	1308	0	0.0000	0	0.0000	0	0.0000
group_14517	4623	9423	2.0383	65	4.1236	32	4.0602
group_14519	1122	326206	290.7362	2177	569.0528	1088	568.7916
group_14520	1902	13752	7.2303	92	14.1861	46	14.1861
group_14521	1473	160222	108.7726	1082	215.4327	541	215.4327
group_14522	315	64601	205.0825	441	410.5963	220	409.6654
group_14523	438	34401	78.5411	239	160.0335	119	159.3639
group_14526	385	24790	64.3896	172	131.0252	86	131.0252
group_14528	759	0	0.0000	0	0.0000	0	0.0000
group_14530	141	0	0.0000	0	0.0000	0	0.0000
group_14531	270	17556	65.0222	128	139.0379	64	139.0379
group_14532	522	9743	18.6648	66	37.0818	33	37.0818
group_14533	390	1594	4.0872	12	9.0241	6	9.0241
group_14535	2871	14066	4.8993	95	9.7046	47	9.6024
group_19254	1218	0	0.0000	0	0.0000	0	0.0000
group_14537	843	2090	2.4792	14	4.8707	7	4.8707
group_14542	1083	22005	20.3186	148	40.0793	74	40.0793
group_14543	7122	5267	0.7395	35	1.4413	17	1.4001
group_14545	288	6218	21.5903	54	54.9906	27	54.9906
group_14546	297	15552	52.3636	114	112.5733	57	112.5733
group_14547	432	85378	197.6343	616	418.1999	308	418.2001
group_14548	1452	159757	110.0255	1076	217.3365	538	217.3366
group_14552	1551	74262	47.8801	500	94.5464	250	94.5465
group_14553	243	12369	50.9012	82	98.9680	41	98.9680
group_16763	900	151	0.1678	1	0.3259	0	0.0000
group_14554	252	391	1.5516	3	3.4915	1	2.3276
group_14555	468	151	0.3226	1	0.6267	0	0.0000
group_14556	3159	329931	104.4416	2230	207.0343	1115	207.0343
group_14557	225	0	0.0000	0	0.0000	0	0.0000
group_14560	210	6024	28.6857	41	57.2600	20	55.8635
group_14564	1824	9931	5.4446	68	10.9338	34	10.9338
group_14566	3303	39228	11.8765	263	23.3525	131	23.2638
group_14567	741	68711	92.7274	471	186.4188	235	186.0231
yjbI	1353	137866	101.8965	928	201.1579	464	201.1580
group_3	504	0	0.0000	0	0.0000	0	0.0000
group_4	303	302	0.9967	2	1.9359	1	1.9359
group_19256	195	302	1.5487	2	3.0080	1	3.0080
group_8	444	36100	81.3063	257	169.7607	128	169.1002
tnpISMae21	850	0	0.0000	0	0.0000	0	0.0000
tnpIS1634	1659	677	0.4081	5	0.8839	2	0.7071
pA5055	315	10303	32.7079	70	65.1740	35	65.1740
group_9	399	0	0.0000	0	0.0000	0	0.0000
group_13	1695	2280	1.3451	17	2.9415	8	2.7685
group_14	1059	48418	45.7205	338	93.6069	169	93.6069
group_19257	3678	1942	0.5280	14	1.1164	7	1.1164
group_15	3978	136039	34.1978	906	66.7960	453	66.7960
group_16	732	1555	2.1243	10	4.0066	5	4.0066
group_18	18003	638479	35.4651	3740	60.9276	1870	60.9276
group_19	273	4806	17.6044	38	40.8233	19	40.8233
group_22	1461	96146	65.8084	652	130.8833	326	130.8834
group_23	1125	51193	45.5049	343	89.4188	171	89.1581
dnaE	1410	171200	121.4184	1157	240.6585	578	240.4506
group_26	603	26432	43.8342	178	86.5744	89	86.5745
group_25	2025	42191	20.8351	272	39.3941	136	39.3941
group_27	732	26673	36.4385	181	72.5195	90	72.1188
group_29	807	65939	81.7088	443	160.9968	221	160.6334
group_30	1524	142082	93.2297	975	187.6319	487	187.4395
group_31	291	34178	117.4502	240	241.8830	120	241.8830
group_32	663	0	0.0000	0	0.0000	0	0.0000
tnpISMae26	444	0	0.0000	0	0.0000	0	0.0000
group_35	405	15280	37.7284	112	81.1054	56	81.1055
tnpISNCY	1335	676586	506.8060	4586	1007.4878	2293	1007.4881
group_37	675	38429	56.9319	267	116.0098	133	115.5753
rpnC	870	149401	171.7253	1000	337.1070	500	337.1071
group_39	1107	11697	10.5664	79	20.9299	39	20.6649
group_40	855	10730	12.5497	74	25.3836	37	25.3836
group_41	483	39578	81.9420	272	165.1615	136	165.1615
ompR	366	24601	67.2158	174	139.4297	87	139.4297
cax	1110	2509	2.2604	17	4.4917	8	4.2275
group_42	1437	51844	36.0779	346	70.6165	173	70.6165
group_18643	2991	9840	3.2899	66	6.4716	33	6.4716
uma2	795	7780	9.7862	53	19.5522	26	19.1833
group_43	1023	81667	79.8309	542	155.3856	271	155.3856
group_44	3447	127925	37.1120	852	72.4912	426	72.4912
group_46	1173	5487	4.6777	37	9.2510	18	9.0010
group_48	225	739	3.2844	6	7.8209	3	7.8209
group_51	486	1865	3.8374	13	7.8450	6	7.2416
tmk	693	57610	83.1313	394	166.7439	197	166.7440
group_62	459	1523	3.3181	12	7.6675	6	7.6675
group_55	570	302	0.5298	2	1.0291	1	1.0291
group_57	2418	63118	26.1034	425	51.5489	212	51.4277
group_58	996	2000	2.0080	15	4.4169	7	4.1225
tnpISMae39	987	0	0.0000	0	0.0000	0	0.0000
group_60	474	8552	18.0422	57	35.2682	28	34.6495
tnpISMae27	1089	0	0.0000	0	0.0000	0	0.0000
group_19258	1329	0	0.0000	0	0.0000	0	0.0000
group_65	1533	0	0.0000	0	0.0000	0	0.0000
pilW	2676	126940	47.4365	668	73.2112	334	73.2112
group_17440	303	302	0.9967	2	1.9359	1	1.9359
lpxC	1005	48128	47.8886	315	91.9245	157	91.6328
group_69	957	302	0.3156	2	0.6129	1	0.6129
group_70	294	6032	20.5170	46	45.8878	23	45.8878
group_71	261	4011	15.3678	27	30.3396	13	29.2159
bamA	2205	224725	101.9161	1507	200.4434	753	200.3104
cheA	987	143051	144.9352	973	289.1230	486	288.8260
group_73	1203	897775	746.2801	6098	1486.6502	3049	1486.6507
group_75	222	1691	7.6171	12	15.8531	6	15.8531
group_77	837	2536	3.0299	17	5.9568	8	5.6064
group_81	1593	41815	26.2492	279	51.3660	139	51.1819
group_82	279	598	2.1434	4	4.2048	2	4.2048
tnpIS630~~~tnpISMae26	951	171145	179.9632	1147	353.7284	573	353.4201
group_83	453	3840	8.4768	26	16.8330	13	16.8330
group_84	759	12035	15.8564	81	31.2990	40	30.9126
group_85	405	0	0.0000	0	0.0000	0	0.0000
hipB	411	18754	45.6302	135	96.3339	67	95.6203
group_86	507	39276	77.4675	270	156.1863	135	156.1863
group_89	1854	159600	86.0841	1078	170.5281	539	170.5282
group_90	690	50058	72.5478	349	148.3417	174	147.9167
tnpIS1	411	296	0.7202	2	1.4272	1	1.4272
group_91	210	2647	12.6048	18	25.1385	9	25.1386
group_92	468	19543	41.7585	135	84.6009	67	83.9742
group_93	1770	18662	10.5435	126	20.8778	63	20.8778
group_96	978	14794	15.1268	99	29.6882	49	29.3883
purH	1536	15335	9.9837	105	20.0486	52	19.8577
group_98	285	4924	17.2772	33	33.9591	16	32.9300
rdgB	645	22769	35.3008	157	71.3883	78	70.9336
group_102	288	0	0.0000	0	0.0000	0	0.0000
group_103	15645	52152	3.3335	347	6.5049	173	6.4862
group_105	321	272	0.8474	2	1.8273	1	1.8273
group_106	726	7721	10.6350	55	22.2184	27	21.8145
group_107	981	6237	6.3578	42	12.5565	21	12.5565
group_109	537	0	0.0000	0	0.0000	0	0.0000
group_110	1800	33516	18.6200	224	36.4975	112	36.4975
group_112	405	1027	2.5358	7	5.0691	3	4.3449
group_114	264	1696	6.4242	13	14.4420	6	13.3311
cDA1	1998	70584	35.3273	471	69.1373	235	68.9905
yhhI	570	2328	4.0842	16	8.2325	8	8.2325
group_116	978	9905	10.1278	66	19.7921	33	19.7921
group_117	1494	0	0.0000	0	0.0000	0	0.0000
group_119	153	0	0.0000	0	0.0000	0	0.0000
group_121	708	0	0.0000	0	0.0000	0	0.0000
insQ	1230	22267	18.1033	146	34.8125	73	34.8125
tnpIS5	900	1505	1.6722	10	3.2587	5	3.2587
group_123	594	32752	55.1380	213	105.1672	106	104.6735
group_124	3150	103836	32.9638	697	64.8947	348	64.8016
group_126	228	151	0.6623	1	1.2863	0	0.0000
group_129	396	31438	79.3889	208	154.0477	104	154.0477
group_131	699	73440	105.0644	502	210.6268	251	210.6268
group_132	726	0	0.0000	0	0.0000	0	0.0000
lpd	1494	77346	51.7711	518	101.6872	259	101.6872
hisIE	726	41094	56.6033	273	110.2841	136	109.8802
group_135	1488	302	0.2030	2	0.3942	1	0.3942
tnpISMae9	1485	0	0.0000	0	0.0000	0	0.0000
group_138	1224	413459	337.7933	2776	665.1584	1388	665.1586
group_139	1440	103977	72.2063	699	142.3645	349	142.1609
gumC	2337	20357	8.7107	137	17.1929	68	17.0674
group_140	585	21661	37.0274	150	75.2008	75	75.2008
group_141	1689	198220	117.3594	1343	233.2026	671	233.0290
group_142	1362	2668	1.9589	18	3.8760	9	3.8760
ltrA	1761	16440	9.3356	110	18.3198	55	18.3198
group_145	195	0	0.0000	0	0.0000	0	0.0000
araJ	1731	43564	25.1670	295	49.9818	147	49.8124
group_147	237	6371	26.8819	43	53.2117	21	51.9742
lipA	906	36198	39.9536	247	79.9569	123	79.6332
ycfA	387	3541	9.1499	26	19.7038	13	19.7038
group_151	423	497	1.1749	4	2.7734	2	2.7734
fxsT	3441	23992	6.9724	157	13.3814	78	13.2962
group_152	408	1784	4.3725	12	8.6260	6	8.6260
group_19260	201	0	0.0000	0	0.0000	0	0.0000
group_159	990	755	0.7626	5	1.4812	2	1.1850
group_156	879	74128	84.3322	496	165.4931	248	165.4931
group_157	792	222611	281.0745	1543	571.3836	771	571.0134
group_158	822	1963	2.3881	13	4.6383	6	4.2815
wcaA	957	94756	99.0136	646	197.9737	323	197.9738
group_161	17910	31825	1.7769	198	3.2423	99	3.2423
group_164	609	10126	16.6273	71	34.1923	35	33.7107
group_165	366	0	0.0000	0	0.0000	0	0.0000
hicB	237	435	1.8354	3	3.7124	1	2.4750
group_167	1209	48821	40.3813	330	80.0525	165	80.0525
group_168	1239	39953	32.2462	256	60.5976	128	60.5977
hmpF	1650	142568	86.4048	954	169.5709	477	169.5710
yfmG	1956	5068	2.5910	29	4.3483	14	4.1983
group_173	348	0	0.0000	0	0.0000	0	0.0000
group_174	2205	39604	17.9610	267	35.5132	133	35.3802
group_175	1278	49874	39.0250	341	78.2547	170	78.0253
group_176	246	214	0.8699	2	2.3844	1	2.3844
group_179	816	80474	98.6201	536	192.6467	268	192.6468
surE	813	14501	17.8364	104	37.5171	52	37.5172
group_181	450	0	0.0000	0	0.0000	0	0.0000
group_183	912	2202	2.4145	15	4.8237	7	4.5022
group_184	801	3780	4.7191	26	9.5198	13	9.5198
tnpA	453	90085	198.8631	626	405.2874	313	405.2876
group_185	6255	9048	1.4465	59	2.7664	29	2.7195
group_186	645	120525	186.8605	830	377.4030	415	377.4032
nnr2	1776	176468	99.3626	1173	193.7055	586	193.5405
group_187	1197	666527	556.8312	4487	1099.3828	2243	1099.1381
group_188	1044	218719	209.5010	1399	393.0106	699	392.7298
group_189	237	866	3.6540	8	9.8999	4	9.8999
group_190	444	0	0.0000	0	0.0000	0	0.0000
group_192	273	8897	32.5897	67	71.9779	33	70.9036
group_197	540	39315	72.8056	274	148.8140	137	148.8141
group_198	354	543	1.5339	4	3.3139	2	3.3139
tnpIS607	594	3904	6.5724	26	12.8373	13	12.8373
group_200	237	375	1.5823	4	4.9499	2	4.9499
group_201	1713	302	0.1763	2	0.3424	1	0.3424
group_202	318	1571	4.9403	11	10.1450	5	9.2227
group_203	456	12101	26.5373	84	54.0258	42	54.0258
group_207	486	0	0.0000	0	0.0000	0	0.0000
group_205	468	4840	10.3419	33	20.6802	16	20.0536
group_206	2910	161071	55.3509	1079	108.7465	539	108.6458
group_208	1374	36681	26.6965	249	53.1496	124	52.9361
group_210	438	31128	71.0685	221	147.9807	110	147.3112
manC	378	35173	93.0503	250	193.9703	125	193.9704
tnpISKra4	908	7194	7.9229	55	17.7649	27	17.4420
group_213	1551	32368	20.8691	217	41.0332	108	40.8441
group_215	327	1182	3.6147	8	7.1751	4	7.1751
group_216	381	14231	37.3517	86	66.2004	43	66.2004
group_217	678	60324	88.9735	412	178.2192	206	178.2193
group_223	255	1793	7.0314	14	16.1018	7	16.1018
group_221	357	7609	21.3137	54	44.3621	27	44.3622
group_224	282	415	1.4716	4	4.1600	2	4.1600
tnpISMae23~~~tnpIS630	1158	10805	9.3307	72	18.2352	36	18.2352
group_226	1335	2741	2.0532	19	4.1741	9	3.9544
group_227	1287	151689	117.8625	1013	230.8436	506	230.6158
group_228	1239	102753	82.9322	682	161.4359	341	161.4359
group_229	1293	302	0.2336	2	0.4536	1	0.4536
group_230	882	25215	28.5884	172	57.1935	86	57.1935
group_234	699	151	0.2160	1	0.4196	0	0.0000
group_4342	321	0	0.0000	0	0.0000	0	0.0000
group_231	474	4089	8.6266	27	16.7060	13	16.0873
group_232	222	705	3.1757	6	7.9266	3	7.9266
group_239	321	470	1.4642	4	3.6546	2	3.6546
group_235	963	8323	8.6428	61	18.5776	30	18.2731
group_237	396	2697	6.8106	20	14.8123	10	14.8123
group_238	372	21087	56.6855	155	122.2013	77	121.4129
group_242	2760	18538	6.7167	124	13.1765	62	13.1765
group_243	1152	0	0.0000	0	0.0000	0	0.0000
group_245	3486	7982	2.2897	54	4.5431	27	4.5431
group_246	6567	5187	0.7899	14	0.6252	7	0.6252
cps2a	1878	175452	93.4249	1180	184.2780	590	184.2780
group_247	390	302	0.7744	2	1.5040	1	1.5040
group_248	924	8226	8.9026	57	18.0921	28	17.7747
group_249	381	3256	8.5459	24	18.4745	12	18.4745
group_251	1125	5670	5.0400	39	10.1671	19	9.9065
group_252	3315	0	0.0000	0	0.0000	0	0.0000
group_254	1227	45971	37.4662	316	75.5317	158	75.5318
rfaB	1263	57153	45.2518	380	88.2404	190	88.2404
group_256	345	0	0.0000	0	0.0000	0	0.0000
group_259	3237	242711	74.9802	1624	147.1399	812	147.1399
group_260	996	48923	49.1195	334	98.3499	167	98.3500
group_19262	492	21753	44.2134	150	89.4156	75	89.4156
group_262	1464	15339	10.4775	104	20.8343	52	20.8343
group_263	4137	8242	1.9923	58	4.1118	29	4.1118
group_264	546	1544	2.8278	13	6.9829	6	6.4458
group_265	804	21169	26.3296	137	49.9749	68	49.6101
group_266	462	27588	59.7143	187	118.7098	93	118.0750
group_267	1587	54164	34.1298	368	68.0077	184	68.0077
ggt	1749	3929	2.2464	27	4.5275	13	4.3598
group_269	327	21806	66.6850	159	142.6055	79	141.7087
group_271	1332	8472	6.3604	52	11.4495	26	11.4495
group_274	609	13427	22.0476	93	44.7871	46	44.3055
group_273	391	7207	18.4322	49	36.7541	24	36.0041
dcm	1224	102421	83.6773	688	164.8519	344	164.8520
group_275	255	454	1.7804	8	9.2010	4	9.2010
group_14928	261	245	0.9387	2	2.2474	1	2.2474
group_276	1281	124189	96.9469	829	189.7983	414	189.5695
aarF	1680	169134	100.6750	1141	199.1881	570	199.0136
group_278	387	1338	3.4574	10	7.5784	5	7.5784
group_279	1995	8990	4.5063	61	8.9676	30	8.8205
pspA	714	25812	36.1513	175	71.8831	87	71.4724
group_281	1611	7732	4.7995	53	9.6487	26	9.4666
group_282	876	3596	4.1050	22	7.3656	11	7.3656
scyF	1053	60496	57.4511	384	106.9522	192	106.9523
group_19263	606	2789	4.6023	19	9.1953	9	8.7114
group_289	1383	62962	45.5257	424	89.9147	212	89.9147
group_298	453	10145	22.3951	72	46.6145	36	46.6145
group_293	5664	6693	1.1817	15	0.7767	7	0.7249
group_295	1521	2174	1.4293	15	2.8923	7	2.6995
group_296	660	28242	42.7909	193	85.7631	96	85.3187
group_297	177	0	0.0000	0	0.0000	0	0.0000
group_299	834	8176	9.8034	58	20.3962	29	20.3962
group_300	445	301	0.6764	2	1.3181	1	1.3181
group_301	2922	186886	63.9582	1250	125.4633	625	125.4634
group_302	897	1261	1.4058	9	2.9426	4	2.6157
group_303	1695	155017	91.4555	1043	180.4686	521	180.2956
yddA	2064	194881	94.4191	1305	185.4333	652	185.2913
group_304	1119	9383	8.3852	62	16.2498	31	16.2498
group_305	1401	89449	63.8465	607	127.0684	303	126.8591
group_306	1710	755	0.4415	5	0.8576	2	0.6860
group_307	5145	14365	2.7920	94	5.3583	47	5.3583
group_308	456	35615	78.1031	250	160.7912	125	160.7912
group_309	1122	6317	5.6301	43	11.2399	21	10.9785
group_314	318	2339	7.3553	16	14.7564	8	14.7564
ubiE	825	22536	27.3164	156	55.4572	78	55.4572
group_312	1335	124618	93.3468	842	184.9770	421	184.9771
yadH	903	89301	98.8937	601	195.1973	300	194.8725
group_313	1041	258602	248.4169	1758	495.2850	879	495.2851
group_315	3063	136	0.0444	2	0.1915	1	0.1915
rsuA	717	61760	86.1367	414	169.3434	207	169.3434
group_318	576	12735	22.1094	89	45.3163	44	44.8072
group_320	1278	35700	27.9343	239	54.8471	119	54.6177
group_322	222	604	2.7207	4	5.2844	2	5.2844
ykfC~~~ltrA	1845	0	0.0000	0	0.0000	0	0.0000
group_325	249	9859	39.5944	74	87.1604	37	87.1605
group_327	267	450	1.6854	3	3.2953	1	2.1969
group_329	252	3477	13.7976	22	25.6041	11	25.6041
group_330	1848	8003	4.3306	54	8.5700	27	8.5700
tnpB	1302	32734	25.1413	220	49.5563	110	49.5563
group_333	2343	112834	48.1579	758	94.8820	379	94.8821
group_334	627	53577	85.4498	364	170.2632	182	170.2633
group_19264	381	3016	7.9160	20	15.3954	10	15.3954
group_19082	2094	11172	5.3352	75	10.5044	37	10.3644
group_336	1233	72924	59.1436	500	118.9307	250	118.9307
group_340	1536	0	0.0000	0	0.0000	0	0.0000
group_342	867	755	0.8708	5	1.6914	2	1.3531
group_341	768	7554	9.8359	53	20.2396	26	19.8577
group_19265	2073	68461	33.0251	452	63.9479	226	63.9479
group_344	783	6704	8.5619	46	17.2299	23	17.2299
group_19266	291	0	0.0000	0	0.0000	0	0.0000
group_347	1302	120196	92.3164	804	181.1057	402	181.1057
group_349	288	1988	6.9028	16	16.2935	8	16.2935
group_19267	663	2857	4.3092	20	8.8472	10	8.8472
group_16595	1131	0	0.0000	0	0.0000	0	0.0000
group_350	414	399	0.9638	3	2.1252	1	1.4168
tnpISMae8~~~tnpISAs1	1122	2114	1.8841	14	3.6595	7	3.6595
group_352	1098	0	0.0000	0	0.0000	0	0.0000
group_353	228	314	1.3772	2	2.5727	1	2.5727
group_354	1602	3521	2.1979	23	4.2107	11	4.0276
group_355	1524	15497	10.1686	104	20.0141	52	20.0141
group_356	387	0	0.0000	0	0.0000	0	0.0000
group_360	522	26514	50.7931	186	104.5032	93	104.5032
group_362	2352	21832	9.2823	150	18.7043	75	18.7043
group_363	1215	374375	308.1276	2478	598.1527	1239	598.1528
group_367	1887	13428	7.1161	91	14.1435	45	13.9881
yafQ	327	883	2.7003	6	5.3813	3	5.3813
group_370	1257	8460	6.7303	56	13.0659	28	13.0659
tnpIS630	1044	0	0.0000	0	0.0000	0	0.0000
group_372	843	11132	13.2052	74	25.7449	37	25.7449
group_373	234	0	0.0000	0	0.0000	0	0.0000
group_374	289	302	1.0450	2	2.0296	1	2.0296
group_375	771	5032	6.5266	35	13.3138	17	12.9334
group_378	390	6065	15.5513	42	31.5843	21	31.5843
group_381	1239	607	0.4899	4	0.9468	2	0.9468
group_382	264	176	0.6667	2	2.2218	1	2.2218
group_383	3219	2567	0.7975	17	1.5489	8	1.4578
group_385	123	0	0.0000	0	0.0000	0	0.0000
group_386	333	20596	61.8498	151	132.9902	75	132.1095
group_387	387	2415	6.2403	18	13.6411	9	13.6411
group_19268	132	0	0.0000	0	0.0000	0	0.0000
group_388	231	151	0.6537	1	1.2696	0	0.0000
group_389	1185	131428	110.9097	881	218.0442	440	217.7968
group_391	516	4372	8.4729	31	17.6197	15	17.0513
group_392	498	821	1.6486	6	3.5335	3	3.5335
group_394	456	8020	17.5877	55	35.3741	27	34.7309
group_395	513	604	1.1774	4	2.2868	2	2.2868
group_396	231	16061	69.5281	113	143.4675	56	142.1979
group_397	936	25620	27.3718	171	53.5806	85	53.2672
group_398	1080	22052	20.4185	141	38.2897	70	38.0182
group_399	1410	1887	1.3383	13	2.7040	6	2.4960
group_400	732	755	1.0314	5	2.0033	2	1.6026
alaS	2694	234475	87.0360	1566	170.4830	783	170.4831
group_401	201	150	0.7463	1	1.4591	0	0.0000
group_404	726	59880	82.4793	412	166.4361	206	166.4362
group_407	258	1575	6.1047	12	13.6411	6	13.6411
group_405	429	1961	4.5711	14	9.5710	7	9.5710
group_406	897	302	0.3367	2	0.6539	1	0.6539
hmoA	345	23134	67.0551	169	143.6662	84	142.8162
group_411	1242	2270	1.8277	15	3.5421	7	3.3059
group_412	378	4311	11.4048	31	24.0523	15	23.2764
gppA	1659	180794	108.9777	1223	216.2057	611	216.0290
group_413	1365	7560	5.5385	52	11.1727	26	11.1727
group_414	1683	200670	119.2335	1349	235.0795	674	234.9054
group_415	222	0	0.0000	0	0.0000	0	0.0000
group_416	1299	105157	80.9523	728	164.3650	364	164.3650
group_417	552	39694	71.9094	269	142.9224	134	142.3911
group_419	276	0	0.0000	0	0.0000	0	0.0000
group_420	279	11640	41.7204	82	86.1979	41	86.1979
group_421	999	5044	5.0490	34	9.9816	17	9.9816
group_423	750	151	0.2013	1	0.3910	0	0.0000
group_424	954	1359	1.4245	9	2.7668	4	2.4594
group_429	327	0	0.0000	0	0.0000	0	0.0000
group_427	1152	0	0.0000	0	0.0000	0	0.0000
group_428	303	342	1.1287	4	3.8717	2	3.8717
group_432	987	76916	77.9291	461	136.9843	230	136.6872
group_436	423	1032	2.4397	8	5.5467	4	5.5467
kdpB	2190	250322	114.3023	1672	223.9129	836	223.9130
tnpIS1380	1347	0	0.0000	0	0.0000	0	0.0000
group_435	504	1422	2.8214	10	5.8191	5	5.8191
group_438	624	63923	102.4407	449	211.0322	224	210.5623
group_441	555	6340	11.4234	43	22.7228	21	22.1944
group_444	375	22034	58.7573	152	118.8774	76	118.8774
group_445	438	9355	21.3584	68	45.5325	34	45.5325
group_446	921	12331	13.3887	81	25.7936	40	25.4752
group_447	543	50891	93.7219	345	186.3401	172	185.8000
group_448	816	25124	30.7892	179	64.3354	89	63.9760
group_450	1389	61040	43.9453	282	59.5434	141	59.5435
fabG	798	1393	1.7456	11	4.0427	5	3.6752
group_452	171	622	3.6374	5	8.5755	2	6.8604
group_17759	261	1766	6.7663	12	13.4843	6	13.4843
group_455	1203	299020	248.5619	1978	482.2227	989	482.2229
group_459	198	0	0.0000	0	0.0000	0	0.0000
group_458	1065	172165	161.6573	1147	315.8645	573	315.5892
yqxC	906	81012	89.4172	546	176.7468	273	176.7468
group_19270	258	4735	18.3527	32	36.3762	16	36.3762
group_460	1236	17872	14.4595	122	28.9487	61	28.9487
group_461	195	134	0.6872	2	3.0080	1	3.0080
group_462	381	112	0.2940	2	1.5395	1	1.5395
group_464	1386	3945	2.8463	24	5.0785	12	5.0785
group_466	435	20682	47.5448	147	99.1095	73	98.4353
group_465	1383	4211	3.0448	28	5.9378	14	5.9378
group_467	225	249	1.1067	2	2.6070	1	2.6070
group_19271	138	0	0.0000	0	0.0000	0	0.0000
pcp	573	12582	21.9581	88	45.0417	44	45.0417
group_473	285	806	2.8281	6	6.1744	3	6.1744
group_471	510	4377	8.5824	32	18.4021	16	18.4021
group_472	633	5672	8.9605	39	18.0696	19	17.6063
group_474	924	6384	6.9091	45	14.2833	22	13.9659
group_475	1230	1955	1.5894	14	3.3382	7	3.3382
group_478	1083	17536	16.1921	119	32.2259	59	31.9551
group_477	1545	13968	9.0408	95	18.0336	47	17.8438
group_479	324	151	0.4660	1	0.9052	0	0.0000
group_480	1194	1915	1.6039	16	3.9301	8	3.9301
group_481	285	860	3.0175	8	8.2325	4	8.2325
group_483	3099	187651	60.5521	1267	119.9063	633	119.8117
phyH	933	90556	97.0589	621	195.2077	310	194.8934
group_485	1182	156811	132.6658	1074	266.4856	537	266.4857
group_486	1476	62583	42.4004	421	83.6532	210	83.4546
group_488	312	490	1.5705	3	2.8200	1	1.8800
group_19272	786	158	0.2010	2	0.7463	1	0.7463
group_489	1194	0	0.0000	0	0.0000	0	0.0000
group_490	378	3421	9.0503	25	19.3970	12	18.6212
group_491	1044	0	0.0000	0	0.0000	0	0.0000
tnpIS5~~~tnpISMae4	894	83013	92.8557	557	182.7278	278	182.3998
group_492	3525	86675	24.5887	581	48.3397	290	48.2565
group_493	195	0	0.0000	0	0.0000	0	0.0000
group_495	159	629	3.9560	6	11.0673	3	11.0673
fmt	978	88907	90.9070	604	181.1278	302	181.1278
kdpA	1746	115423	66.1071	780	131.0199	390	131.0200
group_497	450	7287	16.1933	53	34.5422	26	33.8905
group_498	1080	0	0.0000	0	0.0000	0	0.0000
pro0765	297	15324	51.5960	107	105.6609	53	104.6735
group_501	621	681	1.0966	5	2.3614	2	1.8891
group_4921	285	5142	18.0421	39	40.1335	19	39.1044
group_503	351	911	2.5954	6	5.0134	3	5.0134
group_506	204	9192	45.0588	70	100.6364	35	100.6364
group_505	1284	76525	59.5989	507	115.8057	253	115.5773
group_507	987	5571	5.6444	39	11.5887	19	11.2916
group_508	1212	177223	146.2236	1187	287.2335	593	286.9916
group_509	432	0	0.0000	0	0.0000	0	0.0000
group_510	975	20397	20.9200	136	40.9092	68	40.9092
group_511	789	2403	3.0456	17	6.3192	8	5.9474
copZ	441	12960	29.3878	93	61.8488	46	61.1838
polA	2871	328403	114.3863	2190	223.7165	1095	223.7165
group_512	273	8117	29.7326	61	65.5321	30	64.4578
group_513	7629	19842	2.6009	107	4.1134	53	4.0750
group_514	453	30281	66.8455	214	138.5487	107	138.5488
group_515	885	151	0.1706	1	0.3314	0	0.0000
group_516	1599	0	0.0000	0	0.0000	0	0.0000
cpdA	1056	110836	104.9583	748	207.7422	374	207.7422
group_517	2025	99352	49.0627	669	96.8920	334	96.7472
group_518	906	894	0.9868	7	2.2660	3	1.9423
group_519	351	3323	9.4672	23	19.2180	11	18.3824
group_520	1653	0	0.0000	0	0.0000	0	0.0000
group_521	1239	443748	358.1501	2950	698.2931	1475	698.2933
group_523	1551	61368	39.5667	408	77.1499	204	77.1499
group_524	240	893	3.7208	7	8.5541	3	7.3321
group_525	987	8395	8.5056	56	16.6402	28	16.6402
group_526	438	25253	57.6553	178	119.1881	89	119.1881
group_527	450	1991	4.4244	14	9.1244	7	9.1244
group_530	1164	10351	8.8926	71	17.8893	35	17.6373
rutF	1731	61166	35.3356	415	70.3134	207	70.1440
group_532	489	323	0.6605	2	1.1995	1	1.1995
group_533	138	696	5.0435	6	12.7514	3	12.7514
group_535	453	11488	25.3598	80	51.7939	40	51.7939
tnpISMae23	1158	4905	4.2358	33	8.3578	16	8.1045
group_536	1626	1704	1.0480	12	2.1645	6	2.1645
group_537	681	302	0.4435	2	0.8613	1	0.8613
group_538	1637	3275	2.0006	23	4.1207	11	3.9415
pgeF	858	86918	101.3030	593	202.7003	296	202.3586
parA	888	92312	103.9550	624	206.0908	312	206.0909
group_539	561	790153	1408.4724	5306	2773.9038	2653	2773.9047
group_541	3348	2265	0.6765	15	1.3140	7	1.2264
group_542	1152	302	0.2622	2	0.5092	1	0.5092
group_543	2013	302	0.1500	2	0.2914	1	0.2914
group_545	234	0	0.0000	0	0.0000	0	0.0000
group_546	1194	2032	1.7018	14	3.4388	7	3.4388
group_547	219	2079	9.4932	16	21.4271	8	21.4271
tnpIS30~~~tnpISMae39	987	302	0.3060	2	0.5943	1	0.5943
group_548	420	604	1.4381	4	2.7932	2	2.7932
tnpISMae21~~~tnpIS630	849	0	0.0000	0	0.0000	0	0.0000
group_551	273	8876	32.5128	61	65.5321	30	64.4578
group_552	960	8469	8.8219	57	17.4137	28	17.1082
group_553	879	57186	65.0580	393	131.1266	196	130.7930
group_554	255	2767	10.8510	20	23.0026	10	23.0026
group_555	1797	14875	8.2777	100	16.3207	50	16.3207
mcrA~~~ltrA	1845	453	0.2455	3	0.4769	1	0.3179
group_557	540	45736	84.6963	312	169.4524	156	169.4525
group_558	636	39166	61.5818	271	124.9681	135	124.5070
group_559	3699	47147	12.7459	273	21.6454	136	21.5661
group_560	1065	51010	47.8967	349	96.1087	174	95.8334
group_561	1050	0	0.0000	0	0.0000	0	0.0000
group_562	807	4996	6.1908	34	12.3564	17	12.3564
group_563	669	24685	36.8984	170	74.5263	85	74.5264
group_564	1341	24942	18.5996	167	36.5237	83	36.3050
rri1	510	34348	67.3490	250	143.7662	125	143.7663
group_565	1062	4139	3.8974	29	8.0087	14	7.7325
group_566	375	3141	8.3760	21	16.4239	10	15.6418
melB	1701	140475	82.5838	942	162.4178	471	162.4178
group_569	411	17199	41.8467	119	84.9165	59	84.2030
group_19273	243	198	0.8148	2	2.4139	1	2.4139
group_571	678	8368	12.3422	57	24.6565	28	24.2240
xerD	588	21918	37.2755	154	76.8122	77	76.8123
group_574	432	38592	89.3333	274	186.0175	137	186.0176
group_575	426	2236	5.2488	17	11.7038	8	11.0153
group_576	2292	30582	13.3429	191	24.4403	95	24.3123
group_578	705	530	0.7518	4	1.6640	2	1.6640
group_580	4008	302	0.0753	2	0.1463	1	0.1463
group_19275	1236	3606	2.9175	24	5.6948	12	5.6948
group_582	1644	3574	2.1740	24	4.2815	12	4.2815
group_583	1227	5432	4.4271	36	8.6049	18	8.6049
group_587	1194	191144	160.0871	1285	315.6355	642	315.3899
group_590	321	11155	34.7508	74	67.6104	37	67.6105
group_591	510	39655	77.7549	272	156.4176	136	156.4177
group_593	696	5227	7.5101	37	15.5912	18	15.1698
group_594	240	1799	7.4958	12	14.6642	6	14.6642
group_596	1110	124875	112.5000	850	224.5861	425	224.5862
group_19276	126	0	0.0000	0	0.0000	0	0.0000
group_19277	552	604	1.0942	4	2.1252	2	2.1252
group_601	252	0	0.0000	0	0.0000	0	0.0000
group_604	378	28165	74.5106	198	153.6245	99	153.6245
group_605	177	0	0.0000	0	0.0000	0	0.0000
group_606	807	60959	75.5378	417	151.5478	208	151.1844
group_607	394	31489	79.9213	218	162.2734	109	162.2734
group_608	1228	12546	10.2166	86	20.5394	43	20.5394
group_5233	285	143	0.5018	2	2.0581	1	2.0581
group_611	369	6927	18.7724	49	38.9454	24	38.1507
group_612	264	2279	8.6326	17	18.8857	8	17.7747
group_613	2679	2360	0.8809	16	1.7516	8	1.7516
group_614	1224	43414	35.4690	293	70.2058	146	69.9662
group_615	1203	3250	2.7016	22	5.3634	11	5.3634
group_617	1200	604	0.5033	4	0.9776	2	0.9776
group_621	987	0	0.0000	0	0.0000	0	0.0000
group_5246	573	40779	71.1675	272	139.2199	136	139.2199
group_623	1044	483	0.4626	4	1.1237	2	1.1237
group_625	900	0	0.0000	0	0.0000	0	0.0000
group_627	318	703	2.2107	5	4.6114	2	3.6891
group_629	1152	0	0.0000	0	0.0000	0	0.0000
group_632	306	0	0.0000	0	0.0000	0	0.0000
group_630	1431	45828	32.0252	302	61.8948	151	61.8948
group_633	426	0	0.0000	0	0.0000	0	0.0000
group_634	858	0	0.0000	0	0.0000	0	0.0000
group_636	1110	2062	1.8577	14	3.6991	7	3.6991
group_637	393	151	0.3842	1	0.7463	0	0.0000
group_638	1836	23230	12.6525	158	25.2390	79	25.2390
group_639	1026	111838	109.0039	757	216.3892	378	216.1034
group_642	225	198	0.8800	2	2.6070	1	2.6070
group_643	405	2861	7.0642	20	14.4831	10	14.4831
group_645	2229	9785	4.3899	64	8.4209	32	8.4209
group_646	579	25163	43.4594	167	84.5911	83	84.0846
group_648	1935	35306	18.2460	238	36.0731	119	36.0731
group_649	696	24507	35.2112	169	71.2139	84	70.7925
group_654	1152	302	0.2622	2	0.5092	1	0.5092
group_652	1302	74057	56.8794	505	113.7542	252	113.5290
group_656	321	2087	6.5016	16	14.6185	8	14.6185
group_657	1008	2869	2.8462	19	5.5282	9	5.2372
group_658	510	37861	74.2373	257	147.7917	128	147.2167
group_659	666	30320	45.5255	201	88.5134	100	88.0730
group_660	405	453	1.1185	3	2.1725	1	1.4483
speB	936	25880	27.6496	180	56.4006	90	56.4006
group_662	255	11411	44.7490	84	96.6109	42	96.6109
group_663	2958	69901	23.6312	470	46.6001	235	46.6001
yuxK	561	31130	55.4902	217	113.4446	108	112.9219
group_664	1326	111405	84.0158	750	165.8841	375	165.8841
group_665	903	4898	5.4241	33	10.7180	16	10.3932
group_666	285	0	0.0000	0	0.0000	0	0.0000
group_668	846	15945	18.8475	108	37.4404	54	37.4404
group_669	255	0	0.0000	0	0.0000	0	0.0000
mazF	357	8070	22.6050	55	45.1837	27	44.3622
group_670	354	3747	10.5847	27	22.3690	13	21.5406
group_671	11439	383871	33.5581	2532	64.9176	1266	64.9176
group_673	1044	13966	13.3774	95	26.6876	47	26.4067
group_674	789	2315	2.9341	16	5.9474	8	5.9474
group_675	267	907	3.3970	7	7.6891	3	6.5906
group_676	900	0	0.0000	0	0.0000	0	0.0000
group_677	1149	3509	3.0540	24	6.1260	12	6.1260
group_5388	727	3917	5.3879	26	10.4888	13	10.4888
group_682	897	1269	1.4147	9	2.9426	4	2.6157
group_685	249	0	0.0000	0	0.0000	0	0.0000
group_687	252	3750	14.8810	29	33.7508	14	32.5870
group_688	627	3127	4.9872	22	10.2906	11	10.2906
group_693	3954	92457	23.3832	618	45.8394	309	45.8394
wcaG	1068	10690	10.0094	74	20.3211	37	20.3211
group_692	246	0	0.0000	0	0.0000	0	0.0000
pcrA	2322	250968	108.0827	1685	212.8260	842	212.6998
group_695	552	1677	3.0380	12	6.3757	6	6.3757
mET2~~~metX	1092	74784	68.4835	508	136.4357	254	136.4358
group_698	1194	604	0.5059	4	0.9825	2	0.9825
group_696	618	20531	33.2217	143	67.8632	71	67.3887
group_699	1845	5063	2.7442	35	5.5636	17	5.4047
group_700	369	1310	3.5501	11	8.7429	5	7.9481
group_701	354	6540	18.4746	50	41.4242	25	41.4242
group_703	225	150	0.6667	1	1.3035	0	0.0000
group_705	868	11138	12.8318	76	25.6792	38	25.6792
group_19278	234	0	0.0000	0	0.0000	0	0.0000
group_707	450	12372	27.4933	83	54.0944	41	53.4427
group_709	1353	143551	106.0983	955	207.0106	477	206.7939
group_711	210	1045	4.9762	7	9.7761	3	8.3795
group_712	426	454	1.0657	3	2.0654	1	1.3769
group_713	840	1057	1.2583	7	2.4440	3	2.0949
group_714	579	3289	5.6805	23	11.6503	11	11.1437
group_715	291	3537	12.1546	26	26.2040	13	26.2040
tldD	1446	149049	103.0768	992	201.2011	496	201.2012
group_719	318	1206	3.7925	9	8.3005	4	7.3782
group_720	1206	71162	59.0066	490	119.1615	245	119.1615
group_721	699	65764	94.0830	455	190.9067	227	190.4872
group_17055	495	151	0.3051	1	0.5925	0	0.0000
group_723	243	1698	6.9877	13	15.6900	6	14.4831
group_726	1080	56052	51.9000	369	100.2051	184	99.9335
group_727	618	71434	115.5890	479	227.3181	239	226.8436
group_17338	1188	333341	280.5901	2208	545.0918	1104	545.0920
group_19279	216	240	1.1111	2	2.7156	1	2.7156
group_729	357	8681	24.3165	60	49.2913	30	49.2913
group_730	999	54033	54.0871	374	109.7977	187	109.7977
cbiG	531	25912	48.7985	163	90.0285	81	89.4762
group_733	522	2320	4.4444	17	9.5514	8	8.9895
group_734	228	427	1.8728	3	3.8590	1	2.5727
group_735	957	32701	34.1703	225	68.9537	112	68.6473
group_736	1191	132165	110.9698	891	219.4082	445	219.1621
group_737	1044	17034	16.3161	114	32.0252	57	32.0252
group_738	1248	20419	16.3614	140	32.9003	70	32.9004
group_739	363	10511	28.9559	70	56.5560	35	56.5560
group_5512	246	287	1.1667	2	2.3844	1	2.3844
group_741	225	0	0.0000	0	0.0000	0	0.0000
group_746	801	453	0.5655	3	1.0984	1	0.7323
group_5516	624	561	0.8990	4	1.8800	2	1.8800
group_744	342	9140	26.7251	61	52.3107	30	51.4532
group_745	414	16515	39.8913	119	84.3012	59	83.5928
group_747	468	779	1.6645	6	3.7600	3	3.7600
group_750	189	0	0.0000	0	0.0000	0	0.0000
group_17319	1122	457300	407.5758	3152	823.9111	1576	823.9114
group_752	516	4619	8.9516	34	19.3249	17	19.3249
group_753	378	302	0.7989	2	1.5518	1	1.5518
group_755	1170	4983	4.2590	33	8.2721	16	8.0214
group_754	1167	11511	9.8638	79	19.8538	39	19.6025
group_5545	279	0	0.0000	0	0.0000	0	0.0000
group_757	156	0	0.0000	0	0.0000	0	0.0000
group_759	612	0	0.0000	0	0.0000	0	0.0000
group_761	1989	14813	7.4475	99	14.5978	49	14.4504
group_762	1212	906	0.7475	6	1.4519	3	1.4519
menH	864	88289	102.1863	599	203.3294	299	202.9900
group_763	498	2233	4.4839	15	8.8338	7	8.2449
group_764	969	59494	61.3973	397	120.1583	198	119.8557
group_770	894	151	0.1689	1	0.3281	0	0.0000
group_766	1797	64360	35.8152	443	72.3007	221	72.1375
group_767	1509	1183321	784.1756	7947	1544.5465	3973	1544.3526
group_768	222	0	0.0000	0	0.0000	0	0.0000
group_769	315	4301	13.6540	31	28.8628	15	27.9317
group_771	1122	42887	38.2237	291	76.0654	145	75.8040
group_772	747	51774	69.3092	353	138.5929	176	138.2004
lysR	780	28281	36.2577	200	75.2008	100	75.2008
group_773	669	39144	58.5112	239	104.7753	119	104.3369
group_775	429	0	0.0000	0	0.0000	0	0.0000
group_776	1242	6358	5.1192	43	10.1539	21	9.9178
group_777	528	6188	11.7197	42	23.3293	21	23.3293
group_778	195	601	3.0821	5	7.5201	2	6.0161
group_779	870	22478	25.8368	150	50.5660	75	50.5661
group_780	870	70178	80.6644	481	162.1485	240	161.8114
group_783	279	1827	6.5484	12	12.6143	6	12.6143
group_782	1227	1011	0.8240	5	1.1951	2	0.9561
group_784	1110	114531	103.1811	779	205.8266	389	205.5624
group_785	4476	1773	0.3961	2	0.1310	1	0.1310
group_786	1572	18496	11.7659	123	22.9477	61	22.7612
group_787	2748	302	0.1099	2	0.2135	1	0.2135
group_790	399	0	0.0000	0	0.0000	0	0.0000
group_789	444	33476	75.3964	237	156.5498	118	155.8893
group_792	924	4184	4.5281	28	8.8874	14	8.8874
group_793	222	1305	5.8784	9	11.8899	4	10.5688
group_794	300	17918	59.7267	123	120.2461	61	119.2685
group_795	189	670	3.5450	6	9.3106	3	9.3106
mazE	396	12055	30.4419	84	62.2116	42	62.2116
group_796	822	12045	14.6533	79	28.1866	39	27.8298
group_797	441	0	0.0000	0	0.0000	0	0.0000
group_798	900	0	0.0000	0	0.0000	0	0.0000
tnpIS630~~~csa3	1071	151	0.1410	1	0.2738	0	0.0000
group_800	1332	133162	99.9715	894	196.8431	447	196.8432
group_801	1746	42444	24.3093	285	47.8727	142	47.7047
group_802	414	3550	8.5749	26	18.4187	13	18.4187
group_19280	1044	44694	42.8103	302	84.8386	151	84.8386
group_803	834	25454	30.5204	174	61.1886	87	61.1886
group_805	3084	23789	7.7137	159	15.1206	79	15.0255
group_806	1242	80113	64.5032	538	127.0421	269	127.0421
group_813	321	1069	3.3302	9	8.2229	4	7.3092
group_808	1119	5258	4.6988	35	9.1733	17	8.9112
group_809	294	864	2.9388	7	6.9829	3	5.9854
group_810	1098	399679	364.0064	2689	718.2497	1344	717.9828
group_811	360	302	0.8389	2	1.6294	1	1.6294
ispF	480	32632	67.9833	231	141.1425	115	140.5315
pulA	2472	100082	40.4862	666	79.0156	333	79.0156
group_812	1011	48300	47.7745	331	96.0205	165	95.7304
group_815	219	0	0.0000	0	0.0000	0	0.0000
group_814	864	604	0.6991	4	1.3578	2	1.3578
phd	348	0	0.0000	0	0.0000	0	0.0000
yuzE	240	1090	4.5417	10	12.2201	5	12.2201
group_817	879	34078	38.7691	238	79.4100	119	79.4100
group_818	2133	19974	9.3643	115	15.8123	57	15.6748
group_819	240	0	0.0000	0	0.0000	0	0.0000
group_820	510	149	0.2922	1	0.5751	0	0.0000
group_821	423	1935	4.5745	13	9.0134	6	8.3201
group_822	1335	2265	1.6966	15	3.2953	7	3.0756
group_823	540	0	0.0000	0	0.0000	0	0.0000
group_824	1281	7860	6.1358	56	12.8211	28	12.8211
group_825	276	1231	4.4601	9	9.5636	4	8.5010
group_828	1059	16261	15.3551	113	31.2946	56	31.0177
group_830	777	6392	8.2265	43	16.2306	21	15.8531
group_831	519	7047	13.5780	47	26.5594	23	25.9943
group_833	492	5250	10.6707	37	22.0558	18	21.4597
pckA	1689	192066	113.7158	1294	224.6941	647	224.6942
group_836	222	0	0.0000	0	0.0000	0	0.0000
group_837	375	538	1.4347	4	3.1284	2	3.1284
group_838	351	990	2.8205	7	5.8490	3	5.0134
group_5755	3201	51445	16.0715	344	31.5181	172	31.5181
group_5757	336	533	1.5863	4	3.4915	2	3.4915
group_842	297	201	0.6768	2	1.9750	1	1.9750
group_843	237	0	0.0000	0	0.0000	0	0.0000
group_5763	963	1786	1.8546	10	3.0455	5	3.0455
group_844	327	1804	5.5168	13	11.6596	6	10.7627
cobB	1377	94498	68.6260	636	135.4597	318	135.4598
group_852	306	686	2.2418	5	4.7922	2	3.8338
group_846	390	605	1.5513	3	2.2560	1	1.5040
group_847	246	1872	7.6098	14	16.6909	7	16.6909
group_851	357	380	1.0644	4	3.2861	2	3.2861
group_849	378	13780	36.4550	91	70.6052	45	69.8293
group_850	1698	51223	30.1667	344	59.4166	172	59.4166
group_855	1023	0	0.0000	0	0.0000	0	0.0000
group_854	540	6823	12.6352	49	26.6127	24	26.0696
group_856	666	1604	2.4084	12	5.2844	6	5.2844
group_858	705	739	1.0482	5	2.0800	2	1.6640
group_859	606	84515	139.4637	596	288.4434	298	288.4435
group_861	171	0	0.0000	0	0.0000	0	0.0000
group_860	696	50481	72.5302	350	147.4843	175	147.4844
group_862	909	18332	20.1672	125	40.3305	62	40.0078
group_19281	261	5328	20.4138	37	41.5765	18	40.4529
group_867	675	19799	29.3319	132	57.3531	66	57.3532
group_864	330	803	2.4333	6	5.3324	3	5.3324
group_865	399	25538	64.0050	188	138.1885	94	138.1886
group_866	372	4885	13.1317	32	25.2287	16	25.2287
bamD	2169	239345	110.3481	1609	217.5622	804	217.4271
group_868	1248	598	0.4792	4	0.9400	2	0.9400
group_870	417	814	1.9520	6	4.2199	3	4.2199
group_875	270	389	1.4407	4	4.3449	2	4.3449
group_874	192	151	0.7865	1	1.5275	0	0.0000
group_882	342	0	0.0000	0	0.0000	0	0.0000
group_878	270	1883	6.9741	13	14.1210	6	13.0348
group_879	348	19055	54.7557	134	112.9308	67	112.9309
group_880	480	34420	71.7083	241	147.2525	120	146.6416
group_881	5244	13998	2.6693	64	3.5794	32	3.5794
group_5851	864	454	0.5255	3	1.0183	1	0.6789
group_883	630	805	1.2778	6	2.7932	3	2.7932
group_885	897	7311	8.1505	52	17.0019	26	17.0019
group_886	1278	188259	147.3075	1249	286.6280	624	286.3986
group_888	579	46977	81.1347	317	160.5712	158	160.0647
group_890	267	470	1.7603	4	4.3938	2	4.3938
yggE	714	64947	90.9622	455	186.8961	227	186.4854
tnpIS5~~~tnpISMae6	1506	0	0.0000	0	0.0000	0	0.0000
group_891	804	47846	59.5100	317	115.6352	158	115.2705
group_892	981	22061	22.4883	152	45.4424	76	45.4424
group_893	831	4893	5.8881	33	11.6466	16	11.2937
group_894	816	1708	2.0931	12	4.3130	6	4.3130
group_895	237	453	1.9114	3	3.7124	1	2.4750
group_896	4200	20025	4.7679	135	9.4270	67	9.3571
group_897	1398	65498	46.8512	437	91.6772	218	91.4674
group_898	393	3143	7.9975	21	15.6716	10	14.9254
group_899	750	0	0.0000	0	0.0000	0	0.0000
group_900	657	598	0.9102	4	1.7856	2	1.7856
group_901	2211	10451	4.7268	70	9.2853	35	9.2853
group_903	2178	10186	4.6768	69	9.2913	34	9.1567
group_904	384	20877	54.3672	142	108.4536	71	108.4537
group_906	1080	0	0.0000	0	0.0000	0	0.0000
group_907	525	40378	76.9105	287	160.3281	143	159.7695
group_908	2253	9761	4.3324	66	8.5915	33	8.5915
group_909	705	45540	64.5957	273	113.5692	136	113.1532
group_910	141	0	0.0000	0	0.0000	0	0.0000
group_914	246	257	1.0447	2	2.3844	1	2.3844
group_916	1128	18492	16.3936	125	32.5003	62	32.2403
group_912	234	118	0.5043	2	2.5067	1	2.5067
group_913	291	1828	6.2818	13	13.1020	6	12.0942
group_915	204	161	0.7892	2	2.8753	1	2.8753
group_917	213	0	0.0000	0	0.0000	0	0.0000
group_924	849	8841	10.4134	60	20.7267	30	20.7267
group_923	843	8261	9.7995	55	19.1347	27	18.7868
group_919	258	7402	28.6899	52	59.1113	26	59.1113
group_920	297	2739	9.2222	22	21.7247	11	21.7247
group_922	999	7352	7.3594	51	14.9724	25	14.6788
group_925	684	1468	2.1462	10	4.2878	5	4.2878
group_926	954	53833	56.4287	365	112.2100	182	111.9026
group_5957	972	443436	456.2099	2952	890.7116	1476	890.7119
group_928	1071	104073	97.1737	693	189.7714	346	189.4976
group_929	375	16497	43.9920	127	99.3252	63	98.5431
group_930	309	1319	4.2686	10	9.4914	5	9.4914
group_931	456	32467	71.1996	222	142.7826	111	142.7826
cadD	855	60401	70.6444	401	137.5515	200	137.2085
group_934	534	7629	14.2865	52	28.5594	26	28.5594
group_935	369	30476	82.5908	217	172.4727	108	171.6780
group_936	507	5787	11.4142	40	23.1387	20	23.1387
group_939	276	1027	3.7210	9	9.5636	4	8.5010
tnpIS630~~~tnpISMae22	1044	0	0.0000	0	0.0000	0	0.0000
group_941	219	8925	40.7534	67	89.7259	33	88.3867
ecfT	837	89170	106.5352	608	213.0420	304	213.0420
group_942	1029	4784	4.6492	33	9.4056	16	9.1206
group_946	228	604	2.6491	4	5.1453	2	5.1453
group_944	336	564	1.6786	4	3.4915	2	3.4915
group_945	486	21306	43.8395	139	83.8814	69	83.2779
group_947	2268	16936	7.4674	113	14.6124	56	14.4831
group_949	210	0	0.0000	0	0.0000	0	0.0000
group_950	657	1656	2.5205	12	5.3568	6	5.3568
group_6024	732	302	0.4126	2	0.8013	1	0.8013
group_952	1050	1812	1.7257	12	3.3518	6	3.3518
group_953	330	2115	6.4091	16	14.2198	8	14.2198
group_19282	627	29584	47.1834	200	93.5512	100	93.5513
group_957	894	151	0.1689	1	0.3281	0	0.0000
group_956	420	0	0.0000	0	0.0000	0	0.0000
group_958	219	1297	5.9224	11	14.7311	5	13.3919
group_960	1293	0	0.0000	0	0.0000	0	0.0000
group_962	432	8966	20.7546	63	42.7704	31	42.0916
group_964	228	1093	4.7939	8	10.2906	4	10.2906
group_965	846	0	0.0000	0	0.0000	0	0.0000
group_966	2445	123754	50.6151	833	99.9202	416	99.8002
group_969	630	43462	68.9873	298	138.7276	149	138.7276
coaE	603	58918	97.7081	407	197.9539	203	197.4676
group_970	813	4797	5.9004	34	12.2652	17	12.2652
ltrA~~~mcrA	1857	6566	3.5358	45	7.1070	22	6.9491
group_971	519	1952	3.7611	13	7.3462	6	6.7811
group_972	363	14447	39.7989	101	81.6022	50	80.7943
group_973	346	1808	5.2254	13	11.0193	6	10.1717
group_974	222	405	1.8243	3	3.9633	1	2.6422
group_976	885	564561	637.9220	3820	1265.9225	1910	1265.9228
group_19284	399	3104	7.7794	23	16.9060	11	16.1710
group_978	363	0	0.0000	0	0.0000	0	0.0000
group_979	243	8391	34.5309	60	72.4156	30	72.4156
group_980	1059	153429	144.8810	1055	292.1753	527	291.8985
group_981	1296	867	0.6690	6	1.3578	3	1.3578
group_982	873	42607	48.8053	284	95.4094	142	95.4094
group_983	702	29671	42.2664	227	94.8366	113	94.4188
group_984	198	398	2.0101	4	5.9249	2	5.9249
group_985	6996	384294	54.9305	2543	106.6065	1271	106.5646
group_992	1164	86717	74.4991	579	145.8857	289	145.6337
group_987	1287	381458	296.3932	2538	578.3624	1269	578.3626
group_990	1362	11728	8.6109	80	17.2266	40	17.2266
group_989	189	0	0.0000	0	0.0000	0	0.0000
ygiQ	1575	71961	45.6895	492	91.6160	246	91.6161
group_991	666	528	0.7928	4	1.7615	2	1.7615
group_6130	252	151	0.5992	1	1.1638	0	0.0000
group_994	2502	293018	117.1135	1972	231.1568	986	231.1568
malE	1293	135236	104.5909	914	207.3169	457	207.3170
group_996	324	6019	18.5772	41	37.1130	20	36.2078
mrp	1065	116125	109.0376	792	218.1035	396	218.1035
group_998	18681	168071	8.9969	1052	16.5159	526	16.5159
group_999	993	0	0.0000	0	0.0000	0	0.0000
group_1001	828	73065	88.2428	480	170.0192	240	170.0192
dndD	1998	223057	111.6401	1499	220.0357	749	219.8890
group_1003	864	88488	102.4167	610	207.0633	305	207.0634
group_1002	426	6652	15.6150	45	30.9806	22	30.2922
group_1004	786	26446	33.6463	177	66.0447	88	65.6716
group_1005	510	97094	190.3804	684	393.3444	342	393.3445
group_1006	732	42510	58.0738	285	114.1881	142	113.7875
group_1010	942	1317	1.3981	9	2.8021	4	2.4907
group_1009	924	7696	8.3290	51	16.1877	25	15.8703
group_1011	489	39538	80.8548	275	164.9342	137	164.3345
group_1012	228	0	0.0000	0	0.0000	0	0.0000
group_1013	363	3920	10.7989	29	23.4303	14	22.6224
mscK	1314	41630	31.6819	279	62.2724	139	62.0493
group_1015	1734	196351	113.2359	1328	224.6136	664	224.6136
group_1016	1236	347	0.2807	3	0.7119	1	0.4746
group_1017	438	26469	60.4315	178	119.1881	89	119.1881
group_1018	2133	214809	100.7075	1406	193.3221	703	193.3221
group_1019	1245	19542	15.6964	130	30.6239	65	30.6239
group_1021	216	5295	24.5139	36	48.8805	18	48.8805
estA	621	61537	99.0934	430	203.0785	215	203.0785
urtE	699	69169	98.9542	482	202.2353	241	202.2353
group_1025	1152	124198	107.8108	840	213.8522	420	213.8523
group_1026	1278	0	0.0000	0	0.0000	0	0.0000
group_1027	318	151	0.4748	1	0.9223	0	0.0000
group_1028	1134	302	0.2663	2	0.5173	1	0.5173
group_1029	1266	39427	31.1430	258	59.7686	129	59.7686
tPR	1710	50322	29.4281	335	57.4560	167	57.2845
ape1	552	61022	110.5471	439	233.2451	219	232.7138
group_1032	945	1510	1.5979	10	3.1035	5	3.1035
group_1033	675	0	0.0000	0	0.0000	0	0.0000
group_6218	960	0	0.0000	0	0.0000	0	0.0000
group_1036	240	276	1.1500	2	2.4440	1	2.4440
group_1038	177	214	1.2090	2	3.3139	1	3.3139
group_1044	240	657	2.7375	5	6.1101	2	4.8881
group_1040	201	2445	12.1642	19	27.7233	9	26.2642
wbbJ	669	53750	80.3438	417	182.8087	208	182.3704
gcvT	1149	115590	100.6005	778	198.5851	389	198.5851
rqcH	1731	209734	121.1635	1420	240.5904	710	240.5905
group_1041	1227	0	0.0000	0	0.0000	0	0.0000
group_1042	3873	136877	35.3413	923	69.8942	461	69.8185
group_1049	342	0	0.0000	0	0.0000	0	0.0000
group_1045	1305	119446	91.5295	810	182.0378	405	182.0378
group_1046	1008	5392	5.3492	36	10.4744	18	10.4744
group_1048	588	2923	4.9711	21	10.4744	10	9.9756
group_19285	573	6029	10.5218	41	20.9854	20	20.4735
group_6265	1347	616	0.4573	4	0.8709	2	0.8709
group_1052	228	0	0.0000	0	0.0000	0	0.0000
yejR	1026	15676	15.2788	107	30.5861	53	30.3002
group_1054	552	39049	70.7409	261	138.6719	130	138.1406
group_1055	942	0	0.0000	0	0.0000	0	0.0000
group_1056	693	0	0.0000	0	0.0000	0	0.0000
grpE	690	576	0.8348	4	1.7002	2	1.7002
group_1059	522	4909	9.4042	33	18.5409	16	17.9790
group_1060	375	829	2.2107	5	3.9104	2	3.1284
group_1061	618	11890	19.2395	81	38.4400	40	37.9655
fhaC	1629	48956	30.0528	330	59.4128	165	59.4128
group_1063	258	6547	25.3760	51	57.9746	25	56.8378
abcC	729	59274	81.3086	406	163.3374	203	163.3374
group_1065	594	18688	31.4613	130	64.1865	65	64.1866
group_1066	252	10295	40.8532	73	84.9590	36	83.7952
group_1067	6486	23328	3.5967	155	7.0088	77	6.9636
group_1068	222	0	0.0000	0	0.0000	0	0.0000
group_1069	1224	373412	305.0752	2493	597.3486	1246	597.1092
ycf4	687	64364	93.6885	432	184.4225	216	184.4226
ppiB	744	85396	114.7796	588	231.7882	294	231.7883
tauE	762	60392	79.2546	417	160.4974	208	160.1126
group_1071	936	105018	112.1987	704	220.5890	352	220.5891
group_1073	993	39315	39.5921	263	77.6772	131	77.3819
group_1076	2175	8473	3.8956	58	7.8209	29	7.8209
group_1077	1041	5663	5.4400	38	10.7058	19	10.7058
group_1078	2817	28323	10.0543	183	19.0525	91	18.9484
group_19287	1293	755	0.5839	5	1.1341	2	0.9073
group_1081	1146	183458	160.0855	1236	316.3158	618	316.3159
group_1082	432	1658	3.8380	11	7.4679	5	6.7890
group_1083	177	0	0.0000	0	0.0000	0	0.0000
group_1084	1155	10261	8.8840	69	17.5208	34	17.2669
group_1085	405	28980	71.5556	201	145.5553	100	144.8312
sirB	771	73302	95.0739	500	190.1966	250	190.1966
group_1087	1038	12995	12.5193	87	24.5815	43	24.2990
group_1088	720	0	0.0000	0	0.0000	0	0.0000
group_1090	546	1585	2.9029	11	5.9086	5	5.3715
group_1091	882	8047	9.1236	53	17.6236	26	17.2911
group_1095	231	3877	16.7835	27	34.2798	13	33.0102
group_1096	480	1512	3.1500	12	7.3321	6	7.3321
tnpIS1380~~~tnpISMae9	1260	906	0.7190	6	1.3966	3	1.3966
group_1100	882	7080	8.0272	54	17.9561	27	17.9561
folK	480	48109	100.2271	336	205.2982	168	205.2982
group_1098	1866	202030	108.2690	1361	213.9112	680	213.7541
fabB	1173	111203	94.8022	757	189.2713	378	189.0214
group_1099	993	63406	63.8530	429	126.7054	214	126.4101
group_1103	669	0	0.0000	0	0.0000	0	0.0000
group_1101	1074	1811	1.6862	12	3.2769	6	3.2769
group_1102	1323	83894	63.4119	567	125.6927	283	125.4711
group_1104	699	3447	4.9313	24	10.0698	12	10.0698
group_1105	291	151	0.5189	1	1.0078	0	0.0000
group_1108	1194	0	0.0000	0	0.0000	0	0.0000
group_1109	219	0	0.0000	0	0.0000	0	0.0000
group_1110	1029	6414	6.2332	43	12.2558	21	11.9707
group_1112	330	2998	9.0848	20	17.7747	10	17.7747
group_19289	248	204	0.8226	2	2.3652	1	2.3652
group_1115	972	2547	2.6204	17	5.1294	8	4.8277
group_1116	183	315	1.7213	4	6.4106	2	6.4106
group_1117	867	67178	77.4833	443	149.8551	221	149.5169
group_1118	336	808	2.4048	6	5.2372	3	5.2372
group_1119	1260	106545	84.5595	710	165.2627	355	165.2627
group_1128	861	1197	1.3902	8	2.7250	4	2.7250
group_1125	258	0	0.0000	0	0.0000	0	0.0000
group_1122	10317	62778	6.0849	570	16.2035	285	16.2035
group_1123	1224	75528	61.7059	512	122.6805	256	122.6805
group_1124	408	432	1.0588	4	2.8753	2	2.8753
group_1126	1215	4104	3.3778	29	7.0002	14	6.7588
group_1127	567	0	0.0000	0	0.0000	0	0.0000
group_19290	483	5208	10.7826	37	22.4668	18	21.8596
group_1129	1194	252	0.2111	2	0.4913	1	0.4913
group_1130	6015	3876	0.6444	28	1.3652	14	1.3652
group_1131	420	184	0.4381	2	1.3966	1	1.3966
group_1132	627	2783	4.4386	19	8.8874	9	8.4196
group_1134	1629	29707	18.2363	198	35.6477	99	35.6477
group_1135	240	8181	34.0875	60	73.3208	30	73.3208
group_1136	156	429	2.7500	4	7.5201	2	7.5201
group_1138	822	861	1.0474	6	2.1408	3	2.1408
group_1140	267	1548	5.7978	14	15.3781	7	15.3781
group_1141	858	152	0.1772	1	0.3418	0	0.0000
group_1142	1086	514713	473.9530	3414	921.9783	1707	921.9786
group_1144	2169	151	0.0696	1	0.1352	0	0.0000
group_1145	2721	4982	1.8309	34	3.6647	17	3.6647
group_19291	192	585	3.0469	4	6.1101	2	6.1101
group_1147	270	758	2.8074	6	6.5174	3	6.5174
group_1148	1362	6930	5.0881	46	9.9053	23	9.9053
group_1152	1155	448	0.3879	3	0.7618	1	0.5078
group_1153	837	453	0.5412	3	1.0512	1	0.7008
group_1155	615	35000	56.9106	240	114.4519	120	114.4520
group_1156	447	0	0.0000	0	0.0000	0	0.0000
pulG	552	9079	16.4475	64	34.0038	32	34.0038
group_1159	189	2953	15.6243	20	31.0352	10	31.0353
group_1160	6825	238000	34.8718	1475	63.3835	737	63.3406
group_1162	315	508	1.6127	4	3.7242	2	3.7242
group_1164	261	3519	13.4828	27	30.3396	13	29.2159
group_1165	2031	222354	109.4801	1491	215.3053	745	215.1610
yaeI	852	80401	94.3674	547	188.2932	273	187.9491
dapL	1236	129739	104.9668	880	208.8100	440	208.8100
group_1169	438	413	0.9429	3	2.0088	1	1.3392
group_1168	789	752	0.9531	5	1.8586	2	1.4869
group_1178	471	1805	3.8323	12	7.4722	6	7.4722
group_1170	498	2021	4.0582	14	8.2449	7	8.2449
group_1172	198	0	0.0000	0	0.0000	0	0.0000
group_1173	843	33392	39.6109	229	79.6700	114	79.3221
group_1174	708	3740	5.2825	26	10.7703	13	10.7703
group_1175	480	6805	14.1771	47	28.7173	23	28.1063
group_6538	855	472	0.5520	4	1.3721	2	1.3721
group_1177	3339	82439	24.6897	544	47.7826	272	47.7826
group_1179	144	0	0.0000	0	0.0000	0	0.0000
group_1180	1995	123072	61.6902	830	122.0175	415	122.0176
group_1183	381	8117	21.3045	50	38.4886	25	38.4886
group_1182	1659	58142	35.0464	391	69.1222	195	68.9454
group_1188	651	37279	57.2642	246	110.8259	123	110.8259
group_1184	390	502	1.2872	4	3.0080	2	3.0080
group_1185	14097	5141	0.3647	34	0.7074	17	0.7074
group_1187	423	298	0.7045	2	1.3867	1	1.3867
group_1193	507	17988	35.4793	121	69.9946	60	69.4161
group_1189	1248	36420	29.1827	249	58.5156	124	58.2806
group_1196	243	0	0.0000	0	0.0000	0	0.0000
group_6569	1215	182561	150.2560	1218	294.0072	609	294.0073
group_1192	231	0	0.0000	0	0.0000	0	0.0000
hutI	1266	20620	16.2875	141	32.6642	70	32.4326
group_1199	561	15379	27.4135	105	54.8926	52	54.3698
group_1194	186	148	0.7957	1	1.5768	0	0.0000
group_1195	288	657	2.2813	5	5.0917	2	4.0734
group_1197	180	0	0.0000	0	0.0000	0	0.0000
spy	2682	318042	118.5839	2128	232.7019	1064	232.7019
group_1198	204	0	0.0000	0	0.0000	0	0.0000
group_1203	648	26005	40.1312	178	80.5623	89	80.5624
group_1201	2577	0	0.0000	0	0.0000	0	0.0000
tnpIS701	1269	151	0.1190	1	0.2311	0	0.0000
group_1202	501	1057	2.1098	7	4.0978	3	3.5124
group_17129	426	0	0.0000	0	0.0000	0	0.0000
group_1204	750	604	0.8053	4	1.5642	2	1.5642
group_1205	1512	887	0.5866	6	1.1638	3	1.1638
group_1206	1065	10703	10.0498	71	19.5522	35	19.2768
group_1209	1224	74315	60.7149	498	119.3260	249	119.3260
group_1208	771	68291	88.5746	464	176.5024	232	176.5025
group_1211	627	16123	25.7145	109	50.9854	54	50.5177
yccC	2304	241575	104.8503	1615	205.5782	807	205.4510
group_1214	579	1640	2.8325	11	5.5719	5	5.0653
group_1215	1338	11554	8.6353	73	16.0012	36	15.7821
group_1216	1731	13391	7.7360	90	15.2487	45	15.2487
group_1217	312	3496	11.2051	27	25.3803	13	24.4403
group_1218	141	251	1.7801	2	4.1600	1	4.1600
group_1219	936	4994	5.3355	33	10.3401	16	10.0268
group_1220	717	8830	12.3152	58	23.7244	29	23.7244
group_1221	1197	1506	1.2581	10	2.4502	5	2.4502
group_1222	465	234	0.5032	2	1.2614	1	1.2614
group_16071	4746	359	0.0756	3	0.1854	1	0.1236
group_1225	882	70129	79.5113	474	157.6147	237	157.6148
group_1227	1230	50679	41.2024	354	84.4083	177	84.4083
group_19292	447	2841	6.3557	19	12.4662	9	11.8101
group_1229	1203	6721	5.5869	45	10.9707	22	10.7269
group_1230	768	37147	48.3685	245	93.5604	122	93.1785
group_1231	201	251	1.2488	2	2.9182	1	2.9182
group_1233	1194	151	0.1265	1	0.2456	0	0.0000
group_1234	420	23595	56.1786	165	115.2184	82	114.5201
group_1235	1017	151	0.1485	1	0.2884	0	0.0000
group_1236	381	2756	7.2336	19	14.6257	9	13.8559
group_1237	783	6103	7.7944	41	15.3571	20	14.9825
group_19293	120	0	0.0000	0	0.0000	0	0.0000
group_1238	240	11731	48.8792	83	101.4271	41	100.2051
group_1239	978	19087	19.5164	130	38.9845	65	38.9845
group_1240	1449	0	0.0000	0	0.0000	0	0.0000
group_1241	5523	14164	2.5645	94	4.9916	47	4.9916
group_1242	858	151	0.1760	1	0.3418	0	0.0000
group_1244	219	0	0.0000	0	0.0000	0	0.0000
group_1245	903	3752	4.1550	26	8.4445	13	8.4445
group_1246	1269	1272	1.0024	9	2.0800	4	1.8489
group_19294	333	817	2.4535	6	5.2844	3	5.2844
group_1248	321	2007	6.2523	14	12.7912	7	12.7912
group_1249	9600	1510	0.1573	10	0.3055	5	0.3055
group_1250	444	33986	76.5450	244	161.1736	122	161.1736
group_6706	1014	1144	1.1282	8	2.3139	4	2.3139
group_1252	2763	159601	57.7637	1056	112.0908	528	112.0909
group_1253	966	17842	18.4700	122	37.0399	61	37.0399
group_1254	1350	132330	98.0222	888	192.9151	444	192.9152
group_1255	882	17568	19.9184	118	39.2374	59	39.2374
group_1257	306	7617	24.8922	54	51.7558	27	51.7559
group_1258	1005	36312	36.1313	245	71.4969	122	71.2051
group_1259	1044	45707	43.7807	310	87.0860	155	87.0860
group_19295	495	5150	10.4040	34	20.1447	17	20.1447
group_1261	1257	169117	134.5402	1131	263.8848	565	263.6515
group_1263	1410	27846	19.7489	169	35.1524	84	34.9444
group_6734	1368	25249	18.4569	173	37.0892	86	36.8748
group_1266	684	56263	82.2558	387	165.9365	193	165.5078
group_1267	1230	136198	110.7301	921	219.6046	460	219.3663
group_1268	1365	8832	6.4703	59	12.6767	29	12.4618
group_1269	1821	89577	49.1911	604	97.2779	302	97.2779
group_1271	957	1190	1.2435	9	2.7581	4	2.4517
group_1274	672	6870	10.2232	48	20.9488	24	20.9488
parE	300	1001	3.3367	7	6.8433	3	5.8657
group_1275	2814	124313	44.1766	833	86.8176	416	86.7134
group_1277	576	35061	60.8698	238	121.1829	119	121.1830
group_1282	372	0	0.0000	0	0.0000	0	0.0000
group_1279	702	5524	7.8689	38	15.8757	19	15.8757
group_1281	5124	74772	14.5925	435	24.8982	217	24.8409
group_14930	3195	4188	1.3108	28	2.5702	14	2.5702
group_1283	279	3447	12.3548	24	25.2287	12	25.2287
group_19296	228	0	0.0000	0	0.0000	0	0.0000
group_19297	1269	906	0.7139	6	1.3867	3	1.3867
group_1285	273	295	1.0806	2	2.1486	1	2.1486
group_1286	288	1001	3.4757	7	7.1284	3	6.1101
group_19298	225	1245	5.5333	10	13.0348	5	13.0348
higA	435	10751	24.7149	73	49.2176	36	48.5434
group_1288	954	23481	24.6132	160	49.1879	80	49.1880
group_1289	807	2511	3.1115	20	7.2685	10	7.2685
group_1291	1746	0	0.0000	0	0.0000	0	0.0000
group_1292	222	0	0.0000	0	0.0000	0	0.0000
group_1293	282	1913	6.7837	13	13.5201	6	12.4801
group_1294	984	16631	16.9014	90	26.8247	45	26.8247
group_1296	714	0	0.0000	0	0.0000	0	0.0000
group_1297	231	0	0.0000	0	0.0000	0	0.0000
group_19299	1122	1505	1.3414	10	2.6139	5	2.6139
phoH	219	1377	6.2877	11	14.7311	5	13.3919
group_1302	1209	8677	7.1770	58	14.0698	29	14.0698
pta	2343	256779	109.5941	1709	213.9227	854	213.7975
group_1306	1320	4140	3.1364	28	6.2212	14	6.2212
group_1304	192	152	0.7917	2	3.0550	1	3.0550
group_1305	306	2718	8.8824	19	18.2104	9	17.2520
group_15065	243	3046	12.5350	24	28.9662	12	28.9662
phnP	930	82152	88.3355	556	175.3391	278	175.3392
group_1307	1368	124535	91.0344	837	179.4429	418	179.2286
group_1308	303	422	1.3927	4	3.8717	2	3.8717
group_1309	1269	151	0.1190	1	0.2311	0	0.0000
group_1311	366	985	2.6913	8	6.4106	4	6.4106
group_1312	777	59720	76.8597	397	149.8499	198	149.4725
clcA	1347	117981	87.5880	793	172.6603	396	172.4427
group_1313	228	218	0.9561	2	2.5727	1	2.5727
group_1315	192	0	0.0000	0	0.0000	0	0.0000
group_1316	1071	63014	58.8366	413	113.0961	206	112.8223
group_1317	1671	906	0.5422	6	1.0531	3	1.0531
group_1318	783	1471	1.8787	10	3.7456	5	3.7456
group_1324	201	340	1.6915	4	5.8365	2	5.8365
group_1319	237	1714	7.2321	12	14.8498	6	14.8498
group_1320	5466	9411	1.7217	64	3.4340	32	3.4340
group_1321	153	0	0.0000	0	0.0000	0	0.0000
group_1322	1446	26171	18.0989	174	35.2913	87	35.2913
group_19300	2274	14258	6.2700	98	12.6393	49	12.6393
group_1325	285	4371	15.3368	30	30.8719	15	30.8719
group_1326	105	0	0.0000	0	0.0000	0	0.0000
group_19301	192	9590	49.9479	64	97.7610	32	97.7611
group_1328	225	938	4.1689	7	9.1244	3	7.8209
group_1329	231	1281	5.5455	10	12.6962	5	12.6962
group_1330	198	151	0.7626	1	1.4812	0	0.0000
group_1331	1212	2231	1.8408	15	3.6297	7	3.3878
group_1332	204	0	0.0000	0	0.0000	0	0.0000
group_1333	1095	4171	3.8091	29	7.7673	14	7.4995
group_1334	807	151	0.1871	1	0.3634	0	0.0000
group_1336	324	1369	4.2253	10	9.0519	5	9.0519
group_1337	258	2260	8.7597	17	19.3249	8	18.1881
group_1338	214	0	0.0000	0	0.0000	0	0.0000
c2c8	1875	7110	3.7920	48	7.5080	24	7.5080
group_1339	546	4083	7.4780	28	15.0402	14	15.0402
group_1340	447	0	0.0000	0	0.0000	0	0.0000
group_1344	240	0	0.0000	0	0.0000	0	0.0000
group_1343	4854	14868	3.0630	92	5.5587	46	5.5587
group_1347	435	7156	16.4506	49	33.0365	24	32.3623
group_6921	678	229	0.3378	2	0.8651	1	0.8651
group_1345	7692	13706	1.7819	94	3.5841	47	3.5841
group_1350	2610	46252	17.7211	304	34.1602	152	34.1602
group_1351	621	7740	12.4638	55	25.9752	27	25.5029
group_1352	222	1324	5.9640	10	13.2109	5	13.2110
group_1353	2160	19767	9.1514	133	18.0586	66	17.9229
group_1354	663	7243	10.9246	50	22.1179	25	22.1179
group_1355	813	2961	3.6421	20	7.2148	10	7.2148
group_1358	549	992	1.8069	8	4.2737	4	4.2737
group_1363	456	0	0.0000	0	0.0000	0	0.0000
group_1360	237	5716	24.1181	45	55.6867	22	54.4492
group_1361	1257	49345	39.2562	330	76.9956	165	76.9956
group_1362	1089	30597	28.0964	204	54.9401	102	54.9401
group_1364	306	1255	4.1013	10	9.5844	5	9.5844
group_1366	1224	174555	142.6103	1165	279.1461	582	278.9065
group_1367	1188	37190	31.3047	258	63.6928	129	63.6928
tACO1	771	5921	7.6796	40	15.2157	20	15.2157
group_1369	423	6970	16.4775	52	36.0537	26	36.0537
queE	639	10683	16.7183	74	33.9639	37	33.9639
rtcB	1206	140898	116.8308	946	230.0546	473	230.0546
dnaB	1368	105436	77.0731	710	152.2156	355	152.2157
group_1373	594	9683	16.3013	64	31.5995	32	31.5995
group_1374	519	0	0.0000	0	0.0000	0	0.0000
group_1376	300	302	1.0067	2	1.9552	1	1.9552
group_1379	768	571595	744.2643	3800	1451.1402	1900	1451.1407
group_1385	1461	0	0.0000	0	0.0000	0	0.0000
group_1383	906	1566	1.7285	11	3.5608	5	3.2371
group_1381	1089	0	0.0000	0	0.0000	0	0.0000
group_1382	1230	3785	3.0772	27	6.4379	13	6.1995
group_16341	903	5689	6.3001	39	12.6667	19	12.3419
group_1384	525	23407	44.5848	161	89.9401	80	89.3815
group_19302	621	6961	11.2093	47	22.1969	23	21.7247
group_1386	348	4396	12.6322	32	26.9686	16	26.9686
group_19303	390	2042	5.2359	17	12.7841	8	12.0321
group_1389	1023	88237	86.2532	594	170.2934	297	170.2935
group_1390	1380	921	0.6674	6	1.2751	3	1.2751
group_1394	312	0	0.0000	0	0.0000	0	0.0000
group_1395	393	600	1.5267	4	2.9851	2	2.9851
group_1399	906	1035	1.1424	7	2.2660	3	1.9423
hEAT	996	76359	76.6657	519	152.8252	259	152.5308
group_1397	366	438	1.1967	3	2.4040	1	1.6026
group_1398	3771	12624	3.3477	88	6.8440	44	6.8441
group_19304	735	5751	7.8245	40	15.9610	20	15.9610
group_1401	1590	64436	40.5258	432	79.6845	216	79.6845
group_1402	600	527	0.8783	4	1.9552	2	1.9552
group_1403	1062	42857	40.3550	293	80.9152	146	80.6391
group_1404	810	2328	2.8741	16	5.7932	8	5.7932
group_1405	573	302	0.5271	2	1.0237	1	1.0237
group_1407	561	0	0.0000	0	0.0000	0	0.0000
group_1408	1125	79337	70.5218	529	137.9082	264	137.6476
group_1410	324	19567	60.3920	140	126.7273	70	126.7273
group_1411	858	1318	1.5361	10	3.4182	5	3.4182
group_14729	6039	250065	41.4083	1295	62.8915	647	62.8429
group_1412	342	109138	319.1170	730	626.0136	365	626.0138
group_1413	1407	18846	13.3945	130	27.0979	65	27.0979
group_1414	318	12460	39.1824	87	80.2378	43	79.3156
group_1416	1059	2416	2.2814	16	4.4311	8	4.4311
group_19306	561	4373	7.7950	29	15.1608	14	14.6380
group_1417	834	75472	90.4940	522	183.5657	261	183.5657
group_1418	846	8157	9.6418	55	19.0669	27	18.7202
group_1419	258	0	0.0000	0	0.0000	0	0.0000
cas1	1977	70736	35.7795	472	70.0200	236	70.0201
group_1423	963	2008	2.0852	14	4.2637	7	4.2637
group_1422	5769	20217	3.5044	97	4.9313	48	4.8804
group_1424	1509	3297	2.1849	22	4.2758	11	4.2758
hisJ	1512	157088	103.8942	1056	204.8326	528	204.8327
group_1425	300	340	1.1333	3	2.9328	1	1.9552
csa3	474	1365	2.8797	11	6.8061	5	6.1874
group_1427	1335	1812	1.3573	12	2.6363	6	2.6363
group_1429	1047	94756	90.5024	625	175.0735	312	174.7934
group_1430	657	35629	54.2298	248	110.7066	124	110.7066
group_1432	447	23066	51.6018	161	105.6344	80	104.9783
group_1431	867	0	0.0000	0	0.0000	0	0.0000
tnpISMae24	999	0	0.0000	0	0.0000	0	0.0000
group_19308	1023	8148	7.9648	55	15.7679	27	15.4812
group_1436	381	0	0.0000	0	0.0000	0	0.0000
group_1435	474	23310	49.1772	163	100.8547	81	100.2360
group_1437	3750	1812	0.4832	12	0.9385	6	0.9385
group_1444	294	0	0.0000	0	0.0000	0	0.0000
group_1438	351	19361	55.1595	138	115.3079	69	115.3079
group_1439	924	36804	39.8312	254	80.6211	127	80.6211
group_1440	411	20757	50.5036	139	99.1882	69	98.4746
group_1441	192	286	1.4896	4	6.1101	2	6.1101
group_1442	1113	2032	1.8257	14	3.6891	7	3.6891
group_1447	420	22755	54.1786	165	115.2184	82	114.5201
group_1449	192	244	1.2708	2	3.0550	1	3.0550
group_1450	870	6513	7.4862	46	15.5069	23	15.5069
group_1451	1209	61256	50.6667	414	100.4294	207	100.4295
group_1452	843	39270	46.5836	266	92.5425	133	92.5425
group_1453	861	1448	1.6818	11	3.7469	5	3.4063
group_1456	570	4579	8.0333	33	16.9795	16	16.4650
group_1457	2025	167197	82.5664	1114	161.3419	557	161.3420
group_1458	1011	1157	1.1444	8	2.3207	4	2.3207
group_1462	378	749	1.9815	5	3.8794	2	3.1035
group_1460	528	1033	1.9564	8	4.4437	4	4.4437
group_7200	1692	10527	6.2216	72	12.4801	36	12.4801
group_19310	408	0	0.0000	0	0.0000	0	0.0000
group_1465	225	470	2.0889	4	5.2139	2	5.2139
group_1475	1218	0	0.0000	0	0.0000	0	0.0000
group_1467	447	0	0.0000	0	0.0000	0	0.0000
group_1474	258	763	2.9574	6	6.8205	3	6.8205
group_1469	918	87222	95.0131	591	188.8130	295	188.4935
group_1470	780	52665	67.5192	357	134.2334	178	133.8574
group_7217	558	0	0.0000	0	0.0000	0	0.0000
group_1473	948	16895	17.8217	114	35.2682	57	35.2682
group_1476	279	2735	9.8029	20	21.0239	10	21.0239
group_1480	2721	49260	18.1036	328	35.3535	164	35.3535
group_1478	294	3626	12.3333	24	23.9415	12	23.9415
group_1479	333	453	1.3604	3	2.6422	1	1.7615
group_19311	408	0	0.0000	0	0.0000	0	0.0000
group_1482	846	0	0.0000	0	0.0000	0	0.0000
group_1484	1143	22249	19.4654	147	37.7188	73	37.4622
nlpD	1854	197146	106.3355	1320	208.8100	660	208.8100
group_19312	1359	3098	2.2796	21	4.5320	10	4.3162
group_1486	588	8800	14.9660	65	32.4207	32	31.9220
group_1487	294	1526	5.1905	11	10.9732	5	9.9756
group_1489	1197	36943	30.8630	250	61.2538	125	61.2538
group_1491	147	0	0.0000	0	0.0000	0	0.0000
group_17466	342	12120	35.4386	84	72.0344	42	72.0345
group_1493	210	2946	14.0286	19	26.5351	9	25.1386
group_1495	2502	54796	21.9009	366	42.9023	183	42.9023
group_19314	846	151	0.1785	1	0.3467	0	0.0000
group_1496	366	1897	5.1831	13	10.4172	6	9.6158
group_19315	990	906	0.9152	6	1.7775	3	1.7775
group_19316	195	0	0.0000	0	0.0000	0	0.0000
group_1498	1074	453	0.4218	3	0.8192	1	0.5462
group_1499	582	2466	4.2371	17	8.5667	8	8.0628
group_19317	1746	132478	75.8751	892	149.8331	446	149.8331
group_1500	612	41508	67.8235	293	140.4117	146	139.9325
group_1501	822	7230	8.7956	50	17.8396	25	17.8396
group_1502	765	0	0.0000	0	0.0000	0	0.0000
group_16600	843	8157	9.6762	56	19.4826	28	19.4826
group_1504	879	3012	3.4266	18	6.0058	9	6.0058
group_1505	612	1884	3.0784	13	6.2299	6	5.7507
group_1506	3579	515	0.1439	5	0.4097	2	0.3278
group_1507	183	0	0.0000	0	0.0000	0	0.0000
group_19318	222	339	1.5270	3	3.9633	1	2.6422
group_1508	2178	40576	18.6299	272	36.6267	136	36.6267
group_15000	2328	1998	0.8582	14	1.7637	7	1.7637
pGRP	2667	19018	7.1309	127	13.9659	63	13.8559
group_1510	333	7430	22.3123	54	47.5594	27	47.5594
group_1511	324	226	0.6975	2	1.8104	1	1.8104
group_1512	1356	215	0.1586	2	0.4326	1	0.4326
group_1513	261	1474	5.6475	11	12.3606	5	11.2369
group_1516	648	290	0.4475	2	0.9052	1	0.9052
group_1518	1065	0	0.0000	0	0.0000	0	0.0000
group_7352	1227	0	0.0000	0	0.0000	0	0.0000
group_7354	660	0	0.0000	0	0.0000	0	0.0000
group_1520	1083	326962	301.9040	2183	591.1699	1091	590.8992
group_1521	1155	690642	597.9584	4656	1182.2736	2328	1182.2740
group_1526	684	2972	4.3450	21	9.0043	10	8.5755
group_1528	342	906	2.6491	6	5.1453	3	5.1453
group_1525	471	28286	60.0552	195	121.4229	97	120.8003
group_1527	918	1052	1.1460	9	2.8753	4	2.5558
group_1530	1095	1246	1.1379	9	2.4105	4	2.1427
group_1529	210	477	2.2714	4	5.5863	2	5.5863
group_1534	243	153	0.6296	1	1.2069	0	0.0000
group_1531	1902	130385	68.5515	879	135.5393	439	135.3852
group_19063	570	1835	3.2193	13	6.6889	6	6.1744
group_1538	1032	4631	4.4874	32	9.0940	16	9.0941
group_1537	1194	302	0.2529	2	0.4913	1	0.4913
group_1539	1113	54782	49.2201	367	96.7070	183	96.4435
group_1541	990	2974	3.0040	21	6.2212	10	5.9249
group_1542	11169	4667	0.4179	12	0.3151	6	0.3151
group_1543	1218	42217	34.6609	289	69.5885	144	69.3477
group_1544	327	13976	42.7401	101	90.5859	50	89.6890
group_1548	408	2086	5.1127	14	10.0636	7	10.0636
group_1546	1080	893	0.8269	6	1.6294	3	1.6294
group_1547	390	589	1.5103	5	3.7600	2	3.0080
group_1553	1005	0	0.0000	0	0.0000	0	0.0000
group_1549	1509	1730135	1146.5441	11627	2259.7763	5813	2259.5826
group_1550	189	0	0.0000	0	0.0000	0	0.0000
group_1551	273	226	0.8278	2	2.1486	1	2.1486
group_7418	1536	22362	14.5586	150	28.6409	75	28.6409
group_19313	675	3262	4.8326	22	9.5589	11	9.5589
group_1554	1341	3607	2.6898	24	5.2489	12	5.2489
group_1555	228	151	0.6623	1	1.2863	0	0.0000
phrB	1554	2220	1.4286	15	2.8309	7	2.6422
group_1559	534	4150	7.7715	28	15.3781	14	15.3781
group_1558	513	7862	15.3255	56	32.0153	28	32.0153
group_1562	1020	151	0.1480	1	0.2875	0	0.0000
group_1560	2304	11942	5.1832	80	10.1834	40	10.1834
group_1561	288	6588	22.8750	50	50.9172	25	50.9172
group_1563	675	0	0.0000	0	0.0000	0	0.0000
group_1564	240	3750	15.6250	27	32.9943	13	31.7723
group_1566	534	2562	4.7978	17	9.3367	8	8.7875
group_1567	732	2861	3.9085	20	8.0132	10	8.0132
group_1568	1494	4054	2.7135	28	5.4966	14	5.4966
group_1569	189	1970	10.4233	14	21.7247	7	21.7247
group_1570	1335	1404	1.0517	10	2.1969	5	2.1969
group_1573	3606	18536	5.1403	65	5.2866	32	5.2052
group_1574	150	418	2.7867	4	7.8209	2	7.8209
group_1576	678	299	0.4410	2	0.8651	1	0.8651
yddW	1023	33603	32.8475	229	65.6518	114	65.3652
group_1579	228	1240	5.4386	9	11.5770	4	10.2906
group_1580	516	10959	21.2384	74	42.0600	37	42.0600
group_1582	351	0	0.0000	0	0.0000	0	0.0000
group_1583	888	7887	8.8818	53	17.5045	26	17.1742
group_1584	564	18797	33.3280	127	66.0407	63	65.5207
group_1586	990	302	0.3051	2	0.5925	1	0.5925
iolE	1164	0	0.0000	0	0.0000	0	0.0000
group_1587	861	52631	61.1278	350	119.2208	175	119.2208
group_1588	1017	0	0.0000	0	0.0000	0	0.0000
group_1591	3375	228701	67.7633	1523	132.3467	761	132.2598
group_1590	210	0	0.0000	0	0.0000	0	0.0000
group_1596	195	151	0.7744	1	1.5040	0	0.0000
group_1592	1635	17146	10.4869	115	20.6285	57	20.4491
group_1597	9972	254	0.0255	3	0.0882	1	0.0588
group_1594	1095	88063	80.4228	604	161.7744	302	161.7745
group_1595	201	343	1.7065	3	4.3774	1	2.9182
group_19319	324	3978	12.2778	29	26.2506	14	25.3455
group_18494	180	212	1.1778	2	3.2587	1	3.2587
group_1599	2604	7029	2.6993	47	5.2935	23	5.1809
group_1600	492	3052	6.2033	22	13.1143	11	13.1143
group_7559	129	0	0.0000	0	0.0000	0	0.0000
group_1603	600	13506	22.5100	91	44.4813	45	43.9925
group_1606	1194	4932	4.1307	33	8.1058	16	7.8602
group_1605	489	0	0.0000	0	0.0000	0	0.0000
vapC	453	41350	91.2804	294	190.3427	147	190.3427
group_1610	651	10990	16.8817	76	34.2389	38	34.2389
group_1607	1206	64833	53.7587	431	104.8134	215	104.5703
group_1608	819	3413	4.1673	19	6.8039	9	6.4458
group_1609	1311	31699	24.1793	208	46.5316	104	46.5316
group_1611	1053	128390	121.9278	874	243.4277	437	243.4278
group_1613	312	8513	27.2853	58	54.5206	29	54.5206
group_1614	243	0	0.0000	0	0.0000	0	0.0000
group_1623	371	0	0.0000	0	0.0000	0	0.0000
group_1616	354	13591	38.3927	93	77.0489	46	76.2205
group_1617	261	0	0.0000	0	0.0000	0	0.0000
group_1619	189	0	0.0000	0	0.0000	0	0.0000
group_1620	858	0	0.0000	0	0.0000	0	0.0000
group_1624	591	0	0.0000	0	0.0000	0	0.0000
group_1621	1125	3161	2.8098	21	5.4746	10	5.2139
group_1622	318	2973	9.3491	22	20.2900	11	20.2900
group_1626	612	19172	31.3268	136	65.1740	68	65.1740
group_1627	219	0	0.0000	0	0.0000	0	0.0000
group_1628	1401	31325	22.3590	206	43.1237	103	43.1237
group_1629	651	2718	4.1751	19	8.5597	9	8.1092
group_1631	1572	3014	1.9173	20	3.7313	10	3.7313
group_1633	288	21049	73.0868	159	161.9167	79	160.8984
group_1634	1185	10622	8.9637	71	17.5722	35	17.3247
group_1637	372	615	1.6532	5	3.9420	2	3.1536
group_1639	261	0	0.0000	0	0.0000	0	0.0000
group_1638	1095	1510	1.3790	10	2.6784	5	2.6784
group_1640	273	9728	35.6337	71	76.2751	35	75.2008
group_1641	1158	906	0.7824	6	1.5196	3	1.5196
group_1642	1293	654	0.5058	4	0.9073	2	0.9073
group_1643	4119	14600	3.5445	91	6.4794	45	6.4082
group_1644	597	10343	17.3250	72	35.3708	36	35.3708
group_1647	1083	0	0.0000	0	0.0000	0	0.0000
group_1646	612	35921	58.6944	248	118.8467	124	118.8468
group_19320	252	754	2.9921	5	5.8191	2	4.6553
group_1648	276	31654	114.6884	223	236.9642	111	235.9017
group_1649	309	446	1.4434	3	2.8474	1	1.8983
group_1650	2292	35471	15.4760	239	30.5823	119	30.4544
group_1651	438	14139	32.2808	95	63.6116	47	62.9421
gcd14	1722	5895	3.4233	40	6.8126	20	6.8126
group_7682	552	0	0.0000	0	0.0000	0	0.0000
group_1653	234	847	3.6197	6	7.5201	3	7.5201
group_1654	16287	16873	1.0360	101	1.8187	50	1.8007
group_1657	243	0	0.0000	0	0.0000	0	0.0000
group_1662	906	97198	107.2826	655	212.0314	327	211.7077
group_1658	1227	142428	116.0782	967	231.1367	483	230.8978
group_16703	282	0	0.0000	0	0.0000	0	0.0000
group_1659	558	3688	6.6093	25	13.1399	12	12.6143
group_1660	210	0	0.0000	0	0.0000	0	0.0000
group_1666	732	0	0.0000	0	0.0000	0	0.0000
group_7704	2547	166728	65.4605	1112	128.0451	556	128.0451
group_1663	291	0	0.0000	0	0.0000	0	0.0000
group_1664	1968	7155	3.6357	48	7.1532	24	7.1532
group_1671	807	0	0.0000	0	0.0000	0	0.0000
group_7715	342	265	0.7749	2	1.7151	1	1.7151
group_7717	1281	2362	1.8439	16	3.6632	8	3.6632
group_1668	321	6184	19.2648	43	39.2871	21	38.3735
cpcT3	705	18773	26.6284	127	52.8326	63	52.4166
group_1676	342	1886	5.5146	16	13.7208	8	13.7209
group_1670	858	2646	3.0839	18	6.1528	9	6.1528
group_1678	3525	15607	4.4275	103	8.5697	51	8.4865
group_1674	489	103092	210.8221	673	403.6391	336	403.0395
group_1675	186	151	0.8118	1	1.5768	0	0.0000
group_1677	699	70260	100.5150	513	215.2421	256	214.8226
group_1680	720	3932	5.4611	29	11.8128	14	11.4055
tnpIS30	1197	174459	145.7469	1168	286.1776	584	286.1777
group_1679	3306	604	0.1827	4	0.3548	2	0.3548
group_1682	1926	3541	1.8385	24	3.6546	12	3.6546
group_1683	204	270	1.3235	2	2.8753	1	2.8753
group_7758	150	335	2.2333	3	5.8657	1	3.9104
group_1688	372	811	2.1801	6	4.7304	3	4.7304
group_1686	1245	20975	16.8474	143	33.6863	71	33.4508
group_1691	1173	1070	0.9122	7	1.7502	3	1.5002
group_1689	10611	28945	2.7278	148	4.0907	74	4.0907
group_1690	1008	1208	1.1984	8	2.3276	4	2.3276
group_1692	5679	11563	2.0361	81	4.1831	40	4.1315
group_1694	1236	405	0.3277	3	0.7119	1	0.4746
group_1695	4749	2743	0.5776	19	1.1734	9	1.1116
group_7785	327	1079	3.2997	8	7.1751	4	7.1751
group_1697	786	0	0.0000	0	0.0000	0	0.0000
group_1705	210	0	0.0000	0	0.0000	0	0.0000
group_1699	927	15938	17.1931	114	36.0672	57	36.0672
group_7797	825	604	0.7321	4	1.4220	2	1.4220
group_1706	360	13882	38.5611	93	75.7648	46	74.9501
group_1708	3777	12853	3.4030	86	6.6779	43	6.6779
group_1710	570	1928	3.3825	13	6.6889	6	6.1744
group_19321	540	20047	37.1241	138	74.9501	69	74.9501
group_1707	243	882	3.6296	6	7.2416	3	7.2416
group_7813	879	1057	1.2025	7	2.3356	3	2.0019
group_1712	2871	23630	8.2306	160	16.3446	80	16.3446
group_1713	1335	67041	50.2180	452	99.2988	226	99.2989
group_1715	384	387	1.0078	3	2.2913	1	1.5275
group_1716	208	1498	7.2019	10	14.1001	5	14.1002
group_1717	1215	306970	252.6502	2053	495.5639	1026	495.3227
group_1718	1746	65	0.0372	1	0.1680	0	0.0000
group_1719	1341	844	0.6294	6	1.3122	3	1.3122
group_1721	1752	21999	12.5565	148	24.7751	74	24.7751
group_1727	405	301	0.7432	2	1.4483	1	1.4483
group_1724	897	588	0.6555	6	1.9618	3	1.9618
group_1725	1227	26668	21.7343	179	42.7854	89	42.5464
group_16145	609	3599	5.9097	25	12.0395	12	11.5580
group_1728	390	0	0.0000	0	0.0000	0	0.0000
group_19322	936	12254	13.0919	81	25.3803	40	25.0669
group_1729	627	3998	6.3764	26	12.1617	13	12.1617
group_1730	783	9972	12.7356	67	25.0957	33	24.7212
group_1732	1209	2219	1.8354	15	3.6387	7	3.3962
group_1736	948	5865	6.1867	40	12.3748	20	12.3748
group_1733	1197	169035	141.2155	1126	275.8870	563	275.8871
group_1734	210	151	0.7190	1	1.3966	0	0.0000
group_1735	681	0	0.0000	0	0.0000	0	0.0000
group_1737	405	731	1.8049	5	3.6208	2	2.8966
group_1738	1728	32611	18.8721	220	37.3393	110	37.3393
group_1740	1083	301	0.2779	2	0.5416	1	0.5416
group_1739	624	3270	5.2404	22	10.3401	11	10.3401
group_1741	990	2087	2.1081	14	4.1474	7	4.1474
group_19323	180	302	1.6778	2	3.2587	1	3.2587
group_1743	231	0	0.0000	0	0.0000	0	0.0000
group_1746	333	463	1.3904	4	3.5229	2	3.5229
group_17423	813	1047	1.2878	7	2.5252	3	2.1645
group_1748	1260	51480	40.8571	344	80.0709	172	80.0710
group_1750	651	14254	21.8955	98	44.1501	49	44.1502
group_1751	411	2280	5.5474	16	11.4173	8	11.4173
group_1752	4017	148544	36.9788	832	60.7447	416	60.7447
group_19324	10167	102427	10.0745	592	17.0772	296	17.0772
group_1753	4023	49803	12.3796	332	24.2033	166	24.2033
group_1756	1878	143009	76.1496	952	148.6717	476	148.6718
group_1757	1746	11783	6.7486	78	13.1020	39	13.1020
group_1759	693	5296	7.6421	37	15.6587	18	15.2355
group_1760	492	1881	3.8232	13	7.7493	6	7.1532
group_1761	4563	4611	1.0105	33	2.1210	16	2.0568
group_1762	327	228	0.6972	2	1.7938	1	1.7938
group_1763	1683	6750	4.0107	45	7.8418	22	7.6675
group_1764	2097	16363	7.8031	109	15.2446	54	15.1047
group_1765	1155	10315	8.9307	72	18.2826	36	18.2826
group_1766	444	92619	208.6014	633	418.1266	316	417.4661
group_1767	666	62968	94.5465	422	185.8340	211	185.8341
group_1769	1746	151	0.0865	1	0.1680	0	0.0000
group_1770	126	114	0.9048	2	4.6553	1	4.6553
group_1771	621	13722	22.0966	93	43.9216	46	43.4494
group_1772	4938	9990	2.0231	62	3.6824	31	3.6824
group_1774	5475	17125	3.1279	87	4.6604	43	4.6068
group_15006	969	746	0.7699	5	1.5133	2	1.2107
group_15007	807	909	1.1264	6	2.1805	3	2.1805
group_1775	690	3532	5.1188	23	9.7761	11	9.3511
group_1776	1155	17002	14.7203	113	28.6935	56	28.4396
group_1777	1101	1444	1.3115	10	2.6638	5	2.6638
group_1778	5502	4947	0.8991	34	1.8124	17	1.8124
group_1779	291	151	0.5189	1	1.0078	0	0.0000
group_1780	351	302	0.8604	2	1.6711	1	1.6711
group_1781	1155	46183	39.9853	311	78.9706	155	78.7167
group_1782	432	8960	20.7407	63	42.7704	31	42.0916
group_1783	1104	7711	6.9846	52	13.8141	26	13.8141
group_1785	1194	98668	82.6365	668	164.0813	334	164.0814
group_8067	561	3746	6.6774	25	13.0697	12	12.5469
group_1788	279	1022	3.6631	7	7.3584	3	6.3072
group_1789	1107	153998	139.1129	1032	273.4130	516	273.4130
group_1792	177	0	0.0000	0	0.0000	0	0.0000
group_1793	1332	6184	4.6426	41	9.0275	20	8.8073
group_1794	324	0	0.0000	0	0.0000	0	0.0000
group_1795	765	1373	1.7948	10	3.8338	5	3.8338
group_1796	717	14180	19.7768	98	40.0861	49	40.0861
group_14990	1035	453	0.4377	3	0.8501	1	0.5667
group_1797	321	3897	12.1402	28	25.5823	14	25.5823
group_1798	471	453	0.9618	3	1.8680	1	1.2454
group_1799	231	0	0.0000	0	0.0000	0	0.0000
group_1801	2781	30948	11.1284	203	21.4083	101	21.3028
group_1802	1200	11750	9.7917	79	19.3078	39	19.0634
group_1803	1044	0	0.0000	0	0.0000	0	0.0000
group_19325	210	0	0.0000	0	0.0000	0	0.0000
group_1805	1947	2523	1.2958	18	2.7114	9	2.7114
group_1806	186	0	0.0000	0	0.0000	0	0.0000
group_14747	1119	0	0.0000	0	0.0000	0	0.0000
group_1807	417	37809	90.6691	264	185.6756	132	185.6757
group_1808	567	2134	3.7637	16	8.2761	8	8.2761
group_1809	210	923	4.3952	7	9.7761	3	8.3795
group_1810	288	2381	8.2674	18	18.3302	9	18.3302
group_8183	255	0	0.0000	0	0.0000	0	0.0000
group_1816	189	0	0.0000	0	0.0000	0	0.0000
group_1818	1071	9250	8.6368	60	16.4304	30	16.4304
group_1819	1410	283	0.2007	2	0.4160	1	0.4160
fhaB	2535	105258	41.5219	703	81.3325	351	81.2169
group_1825	813	3844	4.7282	27	9.7400	13	9.3793
group_8210	2589	106265	41.0448	711	80.5424	355	80.4291
group_1823	522	381	0.7299	3	1.6855	1	1.1237
group_1832	1830	1963	1.0727	13	2.0834	6	1.9232
group_15110	2886	13685	4.7419	95	9.6542	47	9.5525
group_17531	762	283	0.3714	3	1.1547	1	0.7698
group_8230	1029	1150	1.1176	8	2.2801	4	2.2801
group_1828	1128	0	0.0000	0	0.0000	0	0.0000
group_1829	2964	26360	8.8934	176	17.4149	88	17.4149
group_1830	555	1207	2.1748	9	4.7559	4	4.2275
group_8244	1773	3669	2.0694	25	4.1354	12	3.9700
group_1834	1284	2408873	1876.0693	16165	3692.3061	8082	3692.0788
group_1835	1017	18297	17.9912	123	35.4708	61	35.1824
group_1838	174	0	0.0000	0	0.0000	0	0.0000
group_8256	1044	0	0.0000	0	0.0000	0	0.0000
group_1839	282	1750	6.2057	13	13.5201	6	12.4801
group_1840	636	151	0.2374	1	0.4611	0	0.0000
group_1842	597	771	1.2915	6	2.9476	3	2.9476
group_1841	807	821	1.0173	6	2.1805	3	2.1805
group_1843	3141	22289	7.0961	152	14.1926	76	14.1926
group_1846	528	3078	5.8295	22	12.2201	11	12.2201
group_1850	345	7817	22.6580	53	45.0551	26	44.2050
group_1851	324	1701	5.2500	12	10.8623	6	10.8623
group_1847	1122	21356	19.0339	145	37.9020	72	37.6406
group_1852	570	302	0.5298	2	1.0291	1	1.0291
group_1849	483	2063	4.2712	15	9.1082	7	8.5010
group_1858	2574	2114	0.8213	14	1.5952	7	1.5952
group_3556	2448	3822	1.5613	26	3.1149	13	3.1149
group_1853	804	0	0.0000	0	0.0000	0	0.0000
group_1854	221	258	1.1674	2	2.6541	1	2.6541
group_1855	1698	34873	20.5377	228	39.3808	114	39.3808
group_1856	666	151	0.2267	1	0.4404	0	0.0000
group_1857	996	6281	6.3062	42	12.3674	21	12.3674
group_1860	2679	2862	1.0683	19	2.0800	9	1.9705
group_1867	1425	1650	1.1579	11	2.2639	5	2.0581
group_1861	381	1918	5.0341	13	10.0070	6	9.2373
group_1862	297	4348	14.6397	30	29.6246	15	29.6246
group_1863	2244	47140	21.0071	259	33.8504	129	33.7197
group_1864	1080	1076	0.9963	8	2.1725	4	2.1725
group_1865	804	0	0.0000	0	0.0000	0	0.0000
group_14745	786	8799	11.1947	59	22.0149	29	21.6418
group_1872	360	1282	3.5611	9	7.3321	4	6.5174
group_1871	948	18130	19.1245	122	37.7432	61	37.7432
group_1873	405	474	1.1704	4	2.8966	2	2.8966
group_1874	4794	24359	5.0811	119	7.2801	59	7.2189
group_1877	255	2009	7.8784	15	17.2519	7	16.1018
group_1878	270	1517	5.6185	11	11.9486	5	10.8623
ycjD	492	2523	5.1280	19	11.3260	9	10.7299
group_1885	1146	11630	10.1483	80	20.4735	40	20.4735
group_1879	267	553	2.0712	4	4.3938	2	4.3938
group_1880	570	14526	25.4842	89	45.7933	44	45.2788
sWIM	1197	48395	40.4302	327	80.1199	163	79.8749
group_1882	309	1055	3.4142	7	6.6440	3	5.6948
group_1883	192	840	4.3750	8	12.2201	4	12.2201
group_1884	219	257	1.1735	2	2.6784	1	2.6784
group_1886	1227	151	0.1231	1	0.2390	0	0.0000
group_1889	201	2194	10.9154	16	23.3459	8	23.3459
group_1890	738	6325	8.5705	42	16.6909	21	16.6909
group_1892	1944	7655	3.9378	44	6.6381	22	6.6381
group_1891	2352	1348	0.5731	9	1.1223	4	0.9976
group_1893	1188	123525	103.9773	822	202.9282	411	202.9283
group_1896	165	0	0.0000	0	0.0000	0	0.0000
group_1895	279	876	3.1398	7	7.3584	3	6.3072
tnpISMae26~~~tnpIS630	444	0	0.0000	0	0.0000	0	0.0000
group_1897	1269	1133	0.8928	8	1.8489	4	1.8489
group_1900	1659	453	0.2731	3	0.5303	1	0.3536
group_1901	1197	3010	2.5146	20	4.9003	10	4.9003
group_1902	405	1094	2.7012	8	5.7932	4	5.7932
group_1905	270	19626	72.6889	142	154.2452	71	154.2452
group_1907	342	3242	9.4795	22	18.8662	11	18.8662
group_17460	999	151	0.1512	1	0.2936	0	0.0000
group_1914	342	8570	25.0585	61	52.3107	30	51.4532
tnpISMae24~~~tnpIS630	1113	9566	8.5948	63	16.6009	31	16.3374
group_1911	501	151	0.3014	1	0.5854	0	0.0000
group_1912	801	1381	1.7241	10	3.6615	5	3.6615
group_1913	1197	74406	62.1604	494	121.0375	247	121.0375
immA	1188	16554	13.9343	113	27.8965	56	27.6496
group_1917	471	25761	54.6943	183	113.9508	91	113.3281
group_19326	342	552	1.6140	4	3.4302	2	3.4302
group_19327	246	2723	11.0691	24	28.6130	12	28.6130
group_1921	2973	1280	0.4305	9	0.8878	4	0.7892
group_16751	900	0	0.0000	0	0.0000	0	0.0000
group_1924	237	190	0.8017	2	2.4750	1	2.4750
group_1923	711	1841	2.5893	13	5.3624	6	4.9499
group_1933	210	916	4.3619	7	9.7761	3	8.3795
group_1927	183	1164	6.3607	8	12.8211	4	12.8211
group_1926	351	0	0.0000	0	0.0000	0	0.0000
group_1928	541	37206	68.7726	249	134.9861	124	134.4440
group_1931	525	208	0.3962	2	1.1173	1	1.1173
