#File	data/decontam_fastqs/3003-ND-70_AAGGCGTA-AGCTTACC_S70_decon_R1.fastq.gz
#Reads	283798194
#Mapped	486198
#RefSequences	20380
#Name	Length	Bases	Coverage	Reads	RPKM	Frags	FPKM
group_6075	390	1457	3.7359	11	58.0116	5	52.7378
group_6200	222	286	1.2883	2	18.5295	1	18.5295
group_10967	1389	0	0.0000	0	0.0000	0	0.0000
group_8044	204	5692	27.9020	49	494.0293	24	483.9471
group_7604	942	0	0.0000	0	0.0000	0	0.0000
group_2307	108	734	6.7963	8	152.3537	4	152.3537
group_11130	327	0	0.0000	0	0.0000	0	0.0000
group_6493	219	4280	19.5434	35	328.7084	17	319.3167
group_14571	207	192	0.9275	2	19.8722	1	19.8722
group_14570	186	0	0.0000	0	0.0000	0	0.0000
group_8386	201	0	0.0000	0	0.0000	0	0.0000
group_4926	1029	1034	1.0049	8	15.9905	4	15.9905
group_11353	552	453	0.8207	3	11.1781	1	7.4521
group_2443	102	0	0.0000	0	0.0000	0	0.0000
bchI	1074	14360	13.3706	101	193.4211	50	191.5061
arfB	741	5359	7.2321	39	108.2513	19	105.4756
secG	234	584	2.4957	5	43.9482	2	35.1585
group_4175	246	0	0.0000	0	0.0000	0	0.0000
group_2634	1161	1200	1.0336	9	15.9440	4	14.1724
group_5285	663	0	0.0000	0	0.0000	0	0.0000
minD	801	6725	8.3958	49	125.8202	24	123.2524
ileS	2895	43205	14.9240	302	214.5582	151	214.5582
group_14572	228	0	0.0000	0	0.0000	0	0.0000
group_2774	45	0	0.0000	0	0.0000	0	0.0000
group_6058	645	1370	2.1240	10	31.8880	5	31.8880
group_2151	276	0	0.0000	0	0.0000	0	0.0000
group_14573	267	151	0.5655	1	7.7033	0	0.0000
group_14574	93	0	0.0000	0	0.0000	0	0.0000
group_7346	615	0	0.0000	0	0.0000	0	0.0000
group_14575	237	921	3.8861	6	52.0703	3	52.0703
group_10121	186	172	0.9247	2	22.1159	1	22.1159
group_10915	330	1377	4.1727	10	62.3265	5	62.3265
group_12312	312	8141	26.0929	67	441.6793	33	435.0871
ftsH4	1878	29284	15.5932	200	219.0389	100	219.0389
group_14576	150	0	0.0000	0	0.0000	0	0.0000
group_6262	981	1510	1.5392	10	20.9661	5	20.9661
group_14577	705	0	0.0000	0	0.0000	0	0.0000
group_14578	171	0	0.0000	0	0.0000	0	0.0000
group_8744	198	0	0.0000	0	0.0000	0	0.0000
group_6433	636	0	0.0000	0	0.0000	0	0.0000
group_7138	372	0	0.0000	0	0.0000	0	0.0000
group_3581	255	312	1.2235	3	24.1974	1	16.1316
group_2732	267	2670	10.0000	22	169.4721	11	169.4721
apcC	204	5348	26.2157	44	443.6182	22	443.6182
group_1273	486	40585	83.5082	288	1218.8297	144	1218.8297
group_14580	315	453	1.4381	3	19.5883	1	13.0589
group_14579	1050	0	0.0000	0	0.0000	0	0.0000
group_2728	459	5044	10.9891	36	161.3157	18	161.3157
rpsD	609	5185	8.5140	37	124.9601	18	121.5828
group_3723	1098	0	0.0000	0	0.0000	0	0.0000
group_9435	345	1280	3.7101	10	59.6167	5	59.6167
infC	531	6063	11.4181	42	162.6828	21	162.6828
group_14581	180	178	0.9889	2	22.8531	1	22.8531
group_3246	729	13711	18.8080	97	273.6724	48	270.8510
group_10926	561	0	0.0000	0	0.0000	0	0.0000
group_9782	1449	119415	82.4120	821	1165.3640	410	1163.9445
group_6496	219	819	3.7397	6	56.3500	3	56.3500
group_14381	1245	2466	1.9807	17	28.0845	8	26.4325
frdA	1728	27658	16.0058	196	233.2916	98	233.2916
group_8748	354	0	0.0000	0	0.0000	0	0.0000
group_14582	216	0	0.0000	0	0.0000	0	0.0000
group_14583	90	0	0.0000	0	0.0000	0	0.0000
group_4174	696	1293	1.8578	9	26.5962	4	23.6411
group_10920	330	0	0.0000	0	0.0000	0	0.0000
group_2374	105	0	0.0000	0	0.0000	0	0.0000
group_568	132	0	0.0000	0	0.0000	0	0.0000
group_12876	156	0	0.0000	0	0.0000	0	0.0000
group_13169	153	122	0.7974	2	26.8859	1	26.8859
group_14584	267	0	0.0000	0	0.0000	0	0.0000
group_14585	237	0	0.0000	0	0.0000	0	0.0000
group_14586	222	0	0.0000	0	0.0000	0	0.0000
group_1990	279	906	3.2473	6	44.2317	3	44.2317
group_7487	942	230	0.2442	2	4.3668	1	4.3668
group_11861	318	0	0.0000	0	0.0000	0	0.0000
group_4596	414	1690	4.0821	12	59.6167	6	59.6167
group_4339	243	0	0.0000	0	0.0000	0	0.0000
psbE	246	4773	19.4024	37	309.3524	18	300.9915
psbF	135	344	2.5481	3	45.7061	1	30.4707
tatC	771	3888	5.0428	30	80.0302	15	80.0302
ndhI	573	28207	49.2269	200	717.8971	100	717.8971
group_8092	600	11770	19.6167	80	274.2367	40	274.2367
group_2775	45	0	0.0000	0	0.0000	0	0.0000
group_287	135	0	0.0000	0	0.0000	0	0.0000
group_14587	108	0	0.0000	0	0.0000	0	0.0000
group_11470	858	0	0.0000	0	0.0000	0	0.0000
ndhL	240	1774	7.3917	14	119.9786	7	119.9786
rplC	639	5582	8.7355	39	125.5309	19	122.3121
rplB	834	11546	13.8441	84	207.1572	42	207.1572
rpsS	282	3049	10.8121	25	182.3382	12	175.0447
rplP	420	11827	28.1595	85	416.2521	42	411.3550
rplE	540	6644	12.3037	46	175.2068	23	175.2068
rpsH	402	3779	9.4005	29	148.3743	14	143.2580
rpsE	522	14862	28.4713	104	409.7790	52	409.7790
group_13775	297	1493	5.0269	11	76.1769	5	69.2517
remA	270	2336	8.6519	20	152.3537	10	152.3537
group_7684	207	1854	8.9565	14	139.1056	7	139.1056
group_6342	1692	906	0.5355	6	7.2935	3	7.2935
group_4181	246	975	3.9634	8	66.8870	4	66.8870
group_9471	192	355	1.8490	3	32.1371	1	21.4247
group_14103	804	4089	5.0858	29	74.1872	14	71.6290
group_14588	210	0	0.0000	0	0.0000	0	0.0000
group_11134	327	1729	5.2875	13	81.7678	6	75.4780
group_8585	591	2529	4.2792	18	62.6429	9	62.6429
group_4013	249	6091	24.4618	47	388.2266	23	379.9665
group_2721	747	0	0.0000	0	0.0000	0	0.0000
hisF	765	31555	41.2484	218	586.1137	109	586.1137
group_4014	249	924	3.7108	7	57.8210	3	49.5608
rpmH	138	300	2.1739	3	44.7125	1	29.8083
group_5658	396	1861	4.6995	15	77.9081	7	72.7143
group_7693	1563	50487	32.3013	346	455.3066	173	455.3066
psaC	246	9577	38.9309	74	618.7047	37	618.7047
group_14589	243	142	0.5844	2	16.9282	1	16.9282
group_11555	549	2026	3.6903	14	52.4496	7	52.4496
group_8592	354	701	1.9802	6	34.8606	3	34.8606
group_14486	501	0	0.0000	0	0.0000	0	0.0000
group_14590	166	0	0.0000	0	0.0000	0	0.0000
atpB	750	5834	7.7787	41	112.4370	20	109.6947
group_14591	118	1247	10.5678	12	209.1636	6	209.1636
psaA	2271	116346	51.2312	812	735.4035	406	735.4035
glpX	1038	49254	47.4509	338	669.7399	169	669.7399
group_9149	585	2454	4.1949	17	59.7695	8	56.2537
group_3394	258	915	3.5465	10	79.7200	5	79.7200
group_3396	258	300	1.1628	2	15.9440	1	15.9440
group_9113	195	0	0.0000	0	0.0000	0	0.0000
group_9114	195	0	0.0000	0	0.0000	0	0.0000
group_2221	111	0	0.0000	0	0.0000	0	0.0000
group_11042	177	0	0.0000	0	0.0000	0	0.0000
group_14592	198	0	0.0000	0	0.0000	0	0.0000
group_10669	333	7338	22.0360	52	321.1781	26	321.1781
group_2308	108	0	0.0000	0	0.0000	0	0.0000
group_14006	144	595	4.1319	6	85.6990	3	85.6990
group_10125	186	431	2.3172	3	33.1738	1	22.1159
group_3806	252	1235	4.9008	9	73.4563	4	65.2944
group_292	135	0	0.0000	0	0.0000	0	0.0000
group_2399	1173	6164	5.2549	44	77.1510	22	77.1510
sapB	489	1884	3.8528	14	58.8852	7	58.8852
group_9749	894	989	1.1063	7	16.1045	3	13.8039
group_9236	348	0	0.0000	0	0.0000	0	0.0000
group_13137	303	963	3.1782	7	47.5163	3	40.7282
group_1936	774	3213	4.1512	22	58.4613	11	58.4613
group_14384	1245	0	0.0000	0	0.0000	0	0.0000
group_2223	111	0	0.0000	0	0.0000	0	0.0000
group_14067	507	598	1.1795	4	16.2270	2	16.2270
group_10462	183	463	2.5301	6	67.4353	3	67.4353
group_12880	156	151	0.9679	1	13.1845	0	0.0000
group_12601	309	1194	3.8641	9	59.9061	4	53.2498
group_14593	171	172	1.0058	2	24.0558	1	24.0558
group_4025	1080	453	0.4194	3	5.7133	1	3.8088
group_8397	201	0	0.0000	0	0.0000	0	0.0000
petB	669	49306	73.7010	346	1063.7432	173	1063.7432
group_10779	180	0	0.0000	0	0.0000	0	0.0000
group_10237	885	3351	3.7864	23	53.4529	11	51.1289
group_7078	954	3734	3.9140	26	56.0547	13	56.0547
group_11869	318	231	0.7264	2	12.9357	1	12.9357
group_938	129	0	0.0000	0	0.0000	0	0.0000
group_8395	201	0	0.0000	0	0.0000	0	0.0000
group_6802	216	0	0.0000	0	0.0000	0	0.0000
group_7060	213	357	1.6761	3	28.9687	1	19.3124
group_3157	261	0	0.0000	0	0.0000	0	0.0000
group_5298	402	1057	2.6294	7	35.8145	3	30.6981
group_12755	1308	269	0.2057	2	3.1449	1	3.1449
group_12108	315	278	0.8825	2	13.0589	1	13.0589
group_12602	309	1037	3.3560	8	53.2498	4	53.2498
group_11565	171	0	0.0000	0	0.0000	0	0.0000
group_10470	183	0	0.0000	0	0.0000	0	0.0000
group_740	4608	9635	2.0909	66	29.4590	33	29.4590
group_6209	222	0	0.0000	0	0.0000	0	0.0000
group_4601	414	302	0.7295	2	9.9361	1	9.9361
group_11744	852	565	0.6631	4	9.6562	2	9.6562
group_1989	1191	755	0.6339	5	8.6347	2	6.9077
group_12528	834	2219	2.6607	15	36.9924	7	34.5262
group_933	129	0	0.0000	0	0.0000	0	0.0000
psbI	117	78	0.6667	2	35.1585	1	35.1585
group_14594	234	225	0.9615	2	17.5793	1	17.5793
group_3450	723	3333	4.6100	24	68.2747	12	68.2747
group_4940	672	2998	4.4613	21	64.2742	10	61.2135
group_5095	234	144	0.6154	1	8.7896	0	0.0000
group_4340	243	672	2.7654	5	42.3205	2	33.8564
group_11870	318	604	1.8994	4	25.8714	2	25.8714
group_12009	846	1208	1.4279	8	19.4494	4	19.4494
group_12636	1314	3314	2.5221	23	36.0014	11	34.4361
group_4760	1038	0	0.0000	0	0.0000	0	0.0000
group_4945	1917	1654	0.8628	11	11.8020	5	10.7291
group_2466	756	673	0.8902	5	13.6030	2	10.8824
group_7336	369	589	1.5962	5	27.8696	2	22.2957
group_3689	1212	1301	1.0734	9	15.2731	4	13.5761
group_11664	1356	906	0.6681	6	9.1008	3	9.1008
group_12585	1317	1026	0.7790	7	10.9320	3	9.3703
group_7690	207	145	0.7005	1	9.9361	0	0.0000
group_8297	597	876	1.4673	7	24.1163	3	20.6711
group_4833	237	0	0.0000	0	0.0000	0	0.0000
group_2739	267	0	0.0000	0	0.0000	0	0.0000
group_3418	135	0	0.0000	0	0.0000	0	0.0000
group_2224	111	0	0.0000	0	0.0000	0	0.0000
group_2022	117	1192	10.1880	12	210.9513	6	210.9513
group_12881	306	302	0.9869	2	13.4430	1	13.4430
group_7773	606	1946	3.2112	16	54.3043	8	54.3043
group_11053	177	486	2.7458	4	46.4808	2	46.4808
group_5114	405	145	0.3580	1	5.0785	0	0.0000
group_13243	822	2080	2.5304	15	37.5324	7	35.0302
group_14601	516	669	1.2965	6	23.9160	3	23.9160
group_14600	213	0	0.0000	0	0.0000	0	0.0000
group_14599	780	298	0.3821	2	5.2738	1	5.2738
group_14595	222	146	0.6577	1	9.2648	0	0.0000
group_1575	123	228	1.8537	2	33.4435	1	33.4435
group_3030	735	989	1.3456	7	19.5883	3	16.7900
group_7393	210	915	4.3571	9	88.1475	4	78.3533
cas2	276	673	2.4384	5	37.2604	2	29.8083
group_10380	336	302	0.8988	2	12.2427	1	12.2427
group_14603	174	0	0.0000	0	0.0000	0	0.0000
group_14604	3867	9646	2.4944	65	34.5721	32	34.0402
group_11842	168	0	0.0000	0	0.0000	0	0.0000
group_14605	237	634	2.6751	5	43.3919	2	34.7135
group_11615	321	0	0.0000	0	0.0000	0	0.0000
group_1280	126	0	0.0000	0	0.0000	0	0.0000
group_2655	93	0	0.0000	0	0.0000	0	0.0000
group_14607	771	1047	1.3580	8	21.3414	4	21.3414
group_14609	867	757	0.8731	5	11.8614	2	9.4892
group_10716	564	619	1.0975	5	18.2338	2	14.5871
group_12124	165	1331	8.0667	12	149.5836	6	149.5836
group_14610	483	654	1.3540	6	25.5500	3	25.5500
group_9479	192	0	0.0000	0	0.0000	0	0.0000
group_8030	360	600	1.6667	4	22.8531	2	22.8531
group_2375	105	0	0.0000	0	0.0000	0	0.0000
group_5115	405	0	0.0000	0	0.0000	0	0.0000
group_6504	219	945	4.3151	7	65.7417	3	56.3500
group_7396	211	254	1.2038	2	19.4955	1	19.4955
group_14611	378	676	1.7884	4	21.7648	2	21.7648
group_14612	420	504	1.2000	4	19.5883	2	19.5883
group_5355	231	0	0.0000	0	0.0000	0	0.0000
group_8868	588	1334	2.2687	11	38.4771	5	34.9792
group_7066	213	2173	10.2019	15	144.8433	7	135.1871
psbH	195	922	4.7282	7	73.8330	3	63.2854
group_3400	258	0	0.0000	0	0.0000	0	0.0000
group_6968	960	2248	2.3417	16	34.2796	8	34.2796
group_2310	108	0	0.0000	0	0.0000	0	0.0000
group_13877	510	2264	4.4392	15	60.4934	7	56.4605
group_4616	1044	1872	1.7931	13	25.6112	6	23.6411
group_1284	486	1258	2.5885	9	38.0884	4	33.8564
group_7747	936	0	0.0000	0	0.0000	0	0.0000
group_8597	354	1215	3.4322	9	52.2909	4	46.4808
group_14615	189	0	0.0000	0	0.0000	0	0.0000
group_14613	2562	1579	0.6163	11	8.8308	5	8.0280
group_2002	477	321	0.6730	2	8.6238	1	8.6238
group_12388	162	0	0.0000	0	0.0000	0	0.0000
group_11367	861	827	0.9605	7	16.7217	3	14.3329
group_7144	372	1052	2.8280	9	49.7607	4	44.2317
group_14616	2205	6674	3.0268	46	42.9078	23	42.9078
group_6507	219	151	0.6895	1	9.3917	0	0.0000
group_4839	237	0	0.0000	0	0.0000	0	0.0000
group_13459	300	592	1.9733	4	27.4237	2	27.4237
group_5621	228	147	0.6447	1	9.0209	0	0.0000
group_14617	324	703	2.1698	5	31.7404	2	25.3923
group_14619	192	0	0.0000	0	0.0000	0	0.0000
group_14618	399	650	1.6291	5	25.7741	2	20.6193
group_14620	993	3892	3.9194	27	55.9244	13	53.8531
group_11843	168	142	0.8452	1	12.2427	0	0.0000
group_13440	150	0	0.0000	0	0.0000	0	0.0000
group_14621	1146	2261	1.9729	15	26.9211	7	25.1264
group_14622	1122	10323	9.2005	71	130.1524	35	128.3193
group_14623	114	0	0.0000	0	0.0000	0	0.0000
group_14624	999	2032	2.0340	14	28.8237	7	28.8237
group_14625	198	224	1.1313	2	20.7755	1	20.7755
group_14626	363	6493	17.8871	48	271.9703	24	271.9703
group_2656	93	0	0.0000	0	0.0000	0	0.0000
group_13078	1293	0	0.0000	0	0.0000	0	0.0000
group_5301	402	574	1.4279	3	15.3491	1	10.2327
group_4703	411	513	1.2482	4	20.0173	2	20.0173
group_11112	330	0	0.0000	0	0.0000	0	0.0000
group_10472	183	0	0.0000	0	0.0000	0	0.0000
group_13145	303	302	0.9967	2	13.5761	1	13.5761
group_7146	372	0	0.0000	0	0.0000	0	0.0000
group_3696	714	0	0.0000	0	0.0000	0	0.0000
group_14627	1731	814	0.4702	8	9.5056	4	9.5056
group_1378	3768	8654	2.2967	62	33.8429	31	33.8429
group_403	288	453	1.5729	3	21.4247	1	14.2832
group_3811	252	0	0.0000	0	0.0000	0	0.0000
group_6323	1698	371	0.2185	3	3.6339	1	2.4226
group_4897	408	1650	4.0441	12	60.4934	6	60.4934
group_3258	447	0	0.0000	0	0.0000	0	0.0000
group_14628	1245	302	0.2426	2	3.3041	1	3.3041
group_11882	318	0	0.0000	0	0.0000	0	0.0000
group_10393	882	5112	5.7959	36	83.9500	18	83.9500
group_9119	195	302	1.5487	2	21.0951	1	21.0951
group_7	291	151	0.5189	1	7.0680	0	0.0000
group_10136	186	0	0.0000	0	0.0000	0	0.0000
group_6	291	0	0.0000	0	0.0000	0	0.0000
group_4020	249	0	0.0000	0	0.0000	0	0.0000
group_14630	120	208	1.7333	2	34.2796	1	34.2796
group_14629	693	496	0.7157	4	11.8717	2	11.8717
group_3603	717	842	1.1743	6	17.2115	3	17.2115
group_3259	447	1773	3.9664	13	59.8167	6	55.2154
group_11887	543	0	0.0000	0	0.0000	0	0.0000
group_10138	186	0	0.0000	0	0.0000	0	0.0000
group_6804	216	0	0.0000	0	0.0000	0	0.0000
group_11845	169	0	0.0000	0	0.0000	0	0.0000
group_6666	1662	136394	82.0662	934	1155.8532	467	1155.8532
group_2395	759	900	1.1858	6	16.2591	3	16.2591
group_3848	1092	0	0.0000	0	0.0000	0	0.0000
group_7071	213	0	0.0000	0	0.0000	0	0.0000
group_7775	606	0	0.0000	0	0.0000	0	0.0000
group_3261	447	0	0.0000	0	0.0000	0	0.0000
group_4835	675	413	0.6119	3	9.1412	1	6.0941
group_3013	1137	906	0.7968	6	10.8537	3	10.8537
group_3541	1110	864	0.7784	6	11.1177	3	11.1177
group_2488	465	0	0.0000	0	0.0000	0	0.0000
group_14631	237	343	1.4473	3	26.0351	1	17.3568
group_1578	123	0	0.0000	0	0.0000	0	0.0000
group_11848	168	0	0.0000	0	0.0000	0	0.0000
group_4084	426	302	0.7089	2	9.6562	1	9.6562
group_9724	576	0	0.0000	0	0.0000	0	0.0000
group_4545	1047	0	0.0000	0	0.0000	0	0.0000
group_13662	513	476	0.9279	4	16.0372	2	16.0372
group_14632	327	0	0.0000	0	0.0000	0	0.0000
group_2162	276	0	0.0000	0	0.0000	0	0.0000
group_2902	1143	0	0.0000	0	0.0000	0	0.0000
group_53	1236	302	0.2443	2	3.3281	1	3.3281
group_5259	1860	1370	0.7366	10	11.0579	5	11.0579
group_7654	939	302	0.3216	2	4.3808	1	4.3808
group_8405	202	0	0.0000	0	0.0000	0	0.0000
group_14633	354	0	0.0000	0	0.0000	0	0.0000
group_1903	120	0	0.0000	0	0.0000	0	0.0000
group_2851	456	0	0.0000	0	0.0000	0	0.0000
group_6781	1650	0	0.0000	0	0.0000	0	0.0000
group_9726	576	0	0.0000	0	0.0000	0	0.0000
group_9371	582	178	0.3058	2	7.0680	1	7.0680
group_4645	681	0	0.0000	0	0.0000	0	0.0000
group_13496	516	0	0.0000	0	0.0000	0	0.0000
group_2513	99	0	0.0000	0	0.0000	0	0.0000
group_12445	534	0	0.0000	0	0.0000	0	0.0000
group_14256	504	0	0.0000	0	0.0000	0	0.0000
group_8064	204	0	0.0000	0	0.0000	0	0.0000
group_10555	1413	0	0.0000	0	0.0000	0	0.0000
group_13742	147	0	0.0000	0	0.0000	0	0.0000
group_12450	534	0	0.0000	0	0.0000	0	0.0000
group_7172	1611	5587	3.4680	37	47.2382	18	45.9615
group_2955	453	1169	2.5806	8	36.3227	4	36.3227
group_4593	240	164	0.6833	2	17.1398	1	17.1398
group_13146	522	641	1.2280	5	19.7009	2	15.7607
group_4591	2007	6303	3.1405	44	45.0912	22	45.0912
group_3767	435	240	0.5517	2	9.4564	1	9.4564
group_6512	219	0	0.0000	0	0.0000	0	0.0000
group_577	132	0	0.0000	0	0.0000	0	0.0000
group_8060	204	0	0.0000	0	0.0000	0	0.0000
group_7077	213	0	0.0000	0	0.0000	0	0.0000
group_11623	321	0	0.0000	0	0.0000	0	0.0000
group_7380	1590	0	0.0000	0	0.0000	0	0.0000
group_2361	3021	0	0.0000	0	0.0000	0	0.0000
group_943	129	0	0.0000	0	0.0000	0	0.0000
group_5292	663	453	0.6833	3	9.3067	1	6.2044
group_8603	354	380	1.0734	4	23.2404	2	23.2404
group_2225	111	0	0.0000	0	0.0000	0	0.0000
group_2746	1155	0	0.0000	0	0.0000	0	0.0000
group_13003	1296	0	0.0000	0	0.0000	0	0.0000
group_12669	831	0	0.0000	0	0.0000	0	0.0000
group_111	795	0	0.0000	0	0.0000	0	0.0000
group_14492	501	0	0.0000	0	0.0000	0	0.0000
group_14634	1731	302	0.1745	2	2.3764	1	2.3764
group_5919	225	0	0.0000	0	0.0000	0	0.0000
group_13148	303	220	0.7261	2	13.5761	1	13.5761
group_7149	372	0	0.0000	0	0.0000	0	0.0000
group_9796	189	0	0.0000	0	0.0000	0	0.0000
group_7480	612	0	0.0000	0	0.0000	0	0.0000
group_11336	324	437	1.3488	3	19.0442	1	12.6961
group_14635	210	0	0.0000	0	0.0000	0	0.0000
group_9733	576	1134	1.9688	12	42.8495	6	42.8495
group_14636	1020	1661	1.6284	11	22.1809	5	20.1645
group_7536	366	0	0.0000	0	0.0000	0	0.0000
group_6560	633	623	0.9842	5	16.2462	2	12.9970
group_5195	666	0	0.0000	0	0.0000	0	0.0000
group_14637	102	0	0.0000	0	0.0000	0	0.0000
group_5917	648	1208	1.8642	8	25.3923	4	25.3923
group_12641	159	145	0.9119	1	12.9357	0	0.0000
group_2131	768	302	0.3932	2	5.3562	1	5.3562
group_13142	822	0	0.0000	0	0.0000	0	0.0000
group_5339	1851	151	0.0816	1	1.1112	0	0.0000
group_10140	186	136	0.7312	2	22.1159	1	22.1159
group_8613	354	151	0.4266	1	5.8101	0	0.0000
group_2619	2817	4496	1.5960	30	21.9039	15	21.9039
group_2556	270	0	0.0000	0	0.0000	0	0.0000
group_2517	99	0	0.0000	0	0.0000	0	0.0000
group_14638	156	0	0.0000	0	0.0000	0	0.0000
group_11060	177	0	0.0000	0	0.0000	0	0.0000
group_14649	1092	0	0.0000	0	0.0000	0	0.0000
group_14643	903	0	0.0000	0	0.0000	0	0.0000
group_14654	1524	0	0.0000	0	0.0000	0	0.0000
group_14646	1509	0	0.0000	0	0.0000	0	0.0000
group_14645	915	0	0.0000	0	0.0000	0	0.0000
group_14647	375	0	0.0000	0	0.0000	0	0.0000
group_14650	1326	256	0.1931	2	3.1022	1	3.1022
group_14648	561	0	0.0000	0	0.0000	0	0.0000
group_14641	1794	0	0.0000	0	0.0000	0	0.0000
group_14639	954	0	0.0000	0	0.0000	0	0.0000
group_14651	2100	898	0.4276	6	5.8765	3	5.8765
group_14640	1281	0	0.0000	0	0.0000	0	0.0000
group_14652	1095	0	0.0000	0	0.0000	0	0.0000
group_14655	2532	0	0.0000	0	0.0000	0	0.0000
group_14644	927	0	0.0000	0	0.0000	0	0.0000
group_14642	843	302	0.3582	2	4.8797	1	4.8797
group_14653	843	201	0.2384	2	4.8797	1	4.8797
group_5358	231	436	1.8874	3	26.7114	1	17.8076
group_14656	636	2663	4.1871	19	61.4445	9	58.2106
group_7086	213	0	0.0000	0	0.0000	0	0.0000
group_2132	768	0	0.0000	0	0.0000	0	0.0000
group_7980	825	0	0.0000	0	0.0000	0	0.0000
group_1287	126	0	0.0000	0	0.0000	0	0.0000
group_13155	303	740	2.4422	6	40.7282	3	40.7282
group_3380	444	787	1.7725	6	27.7943	3	27.7943
group_14294	141	0	0.0000	0	0.0000	0	0.0000
group_10931	330	302	0.9152	2	12.4653	1	12.4653
group_14657	228	0	0.0000	0	0.0000	0	0.0000
group_12885	156	0	0.0000	0	0.0000	0	0.0000
group_4190	246	2790	11.3415	25	209.0219	12	200.6610
group_4191	246	932	3.7886	7	58.5261	3	50.1652
group_13303	519	3578	6.8940	26	103.0369	13	103.0369
group_9785	1449	0	0.0000	0	0.0000	0	0.0000
group_5618	1002	0	0.0000	0	0.0000	0	0.0000
group_2314	762	0	0.0000	0	0.0000	0	0.0000
group_14658	396	470	1.1869	2	10.3878	1	10.3878
group_14660	468	0	0.0000	0	0.0000	0	0.0000
group_14659	444	0	0.0000	0	0.0000	0	0.0000
group_11256	1374	88230	64.2140	596	892.1674	298	892.1674
group_11375	861	178	0.2067	2	4.7776	1	4.7776
group_14661	1143	151	0.1321	1	1.7995	0	0.0000
group_7702	207	453	2.1884	3	29.8083	1	19.8722
group_12886	156	0	0.0000	0	0.0000	0	0.0000
group_4847	237	0	0.0000	0	0.0000	0	0.0000
group_8955	912	151	0.1656	1	2.2552	0	0.0000
group_3991	132	0	0.0000	0	0.0000	0	0.0000
group_4995	1026	109	0.1062	1	2.0047	0	0.0000
group_6751	966	111	0.1149	1	2.1292	0	0.0000
group_12639	1314	604	0.4597	4	6.2611	2	6.2611
devC	1173	1095	0.9335	9	15.7809	4	14.0275
group_4510	684	855	1.2500	8	24.0558	4	24.0558
group_9788	1449	0	0.0000	0	0.0000	0	0.0000
group_12393	162	621	3.8333	6	76.1769	3	76.1769
group_902	285	0	0.0000	0	0.0000	0	0.0000
group_10223	570	1632	2.8632	14	50.5173	7	50.5173
group_11739	546	302	0.5531	2	7.5340	1	7.5340
group_14662	282	0	0.0000	0	0.0000	0	0.0000
group_5360	231	0	0.0000	0	0.0000	0	0.0000
group_9128	195	188	0.9641	2	21.0951	1	21.0951
group_10790	180	0	0.0000	0	0.0000	0	0.0000
group_5925	225	0	0.0000	0	0.0000	0	0.0000
group_12004	1341	302	0.2252	2	3.0675	1	3.0675
group_6064	645	0	0.0000	0	0.0000	0	0.0000
group_5103	234	0	0.0000	0	0.0000	0	0.0000
group_7976	933	0	0.0000	0	0.0000	0	0.0000
group_14663	342	687	2.0088	6	36.0838	3	36.0838
group_6223	222	151	0.6802	1	9.2648	0	0.0000
group_5124	405	302	0.7457	2	10.1569	1	10.1569
group_4206	423	0	0.0000	0	0.0000	0	0.0000
group_7088	213	0	0.0000	0	0.0000	0	0.0000
group_13185	153	249	1.6275	2	26.8859	1	26.8859
group_14558	138	0	0.0000	0	0.0000	0	0.0000
group_5669	654	0	0.0000	0	0.0000	0	0.0000
group_4085	426	0	0.0000	0	0.0000	0	0.0000
group_2166	276	780	2.8261	9	67.0688	4	59.6167
group_11578	171	151	0.8830	1	12.0279	0	0.0000
group_14019	144	0	0.0000	0	0.0000	0	0.0000
group_9247	348	0	0.0000	0	0.0000	0	0.0000
group_14186	294	0	0.0000	0	0.0000	0	0.0000
group_7710	207	0	0.0000	0	0.0000	0	0.0000
group_12127	315	8163	25.9143	60	391.7667	30	391.7667
group_2930	1140	0	0.0000	0	0.0000	0	0.0000
group_14559	138	0	0.0000	0	0.0000	0	0.0000
group_7543	366	0	0.0000	0	0.0000	0	0.0000
group_6518	219	0	0.0000	0	0.0000	0	0.0000
group_5865	393	673	1.7125	5	26.1676	2	20.9341
group_14664	186	405	2.1774	4	44.2317	2	44.2317
group_11146	327	0	0.0000	0	0.0000	0	0.0000
group_2940	264	0	0.0000	0	0.0000	0	0.0000
group_4651	681	0	0.0000	0	0.0000	0	0.0000
group_12129	165	0	0.0000	0	0.0000	0	0.0000
group_4021	249	151	0.6064	1	8.2601	0	0.0000
group_7545	366	5638	15.4044	42	236.0234	21	236.0234
group_3411	258	0	0.0000	0	0.0000	0	0.0000
group_10006	573	0	0.0000	0	0.0000	0	0.0000
group_911	786	151	0.1921	1	2.6168	0	0.0000
group_11377	861	302	0.3508	2	4.7776	1	4.7776
group_6439	636	0	0.0000	0	0.0000	0	0.0000
group_3269	1125	0	0.0000	0	0.0000	0	0.0000
group_8414	201	226	1.1244	2	20.4654	1	20.4654
group_951	129	0	0.0000	0	0.0000	0	0.0000
group_5812	228	956	4.1930	7	63.1466	3	54.1257
group_12270	840	0	0.0000	0	0.0000	0	0.0000
group_10795	180	0	0.0000	0	0.0000	0	0.0000
group_14665	150	0	0.0000	0	0.0000	0	0.0000
group_5109	234	0	0.0000	0	0.0000	0	0.0000
group_3906	1089	0	0.0000	0	0.0000	0	0.0000
group_14666	222	0	0.0000	0	0.0000	0	0.0000
group_14667	429	888	2.0699	6	28.7661	3	28.7661
group_2960	453	436	0.9625	4	18.1614	2	18.1614
group_7548	366	817	2.2322	8	44.9568	4	44.9568
group_7406	210	2886	13.7429	22	215.4717	11	215.4717
group_2448	102	0	0.0000	0	0.0000	0	0.0000
group_11854	168	0	0.0000	0	0.0000	0	0.0000
group_1920	120	0	0.0000	0	0.0000	0	0.0000
group_10801	180	230	1.2778	2	22.8531	1	22.8531
group_14668	1224	453	0.3701	3	5.0411	1	3.3607
group_14669	174	109	0.6264	1	11.8205	0	0.0000
group_14670	138	378	2.7391	4	59.6167	2	59.6167
group_7767	363	302	0.8320	2	11.3321	1	11.3321
group_12062	540	517	0.9574	4	15.2354	2	15.2354
group_14671	159	0	0.0000	0	0.0000	0	0.0000
group_2024	117	0	0.0000	0	0.0000	0	0.0000
group_9798	189	0	0.0000	0	0.0000	0	0.0000
group_4022	249	198	0.7952	2	16.5203	1	16.5203
group_12272	840	151	0.1798	1	2.4485	0	0.0000
group_14562	138	0	0.0000	0	0.0000	0	0.0000
group_14672	177	0	0.0000	0	0.0000	0	0.0000
group_1226	1209	3686	3.0488	25	42.5305	12	40.8293
group_14676	225	214	0.9511	2	18.2824	1	18.2824
group_14673	3210	302	0.0941	2	1.2815	1	1.2815
group_14677	909	0	0.0000	0	0.0000	0	0.0000
group_14675	243	0	0.0000	0	0.0000	0	0.0000
group_1645	777	0	0.0000	0	0.0000	0	0.0000
group_4574	129	0	0.0000	0	0.0000	0	0.0000
group_9448	1470	0	0.0000	0	0.0000	0	0.0000
group_14678	186	184	0.9892	2	22.1159	1	22.1159
group_955	129	0	0.0000	0	0.0000	0	0.0000
group_14680	231	100	0.4329	2	17.8076	1	17.8076
group_14679	633	0	0.0000	0	0.0000	0	0.0000
group_14681	1173	1671	1.4246	12	21.0412	6	21.0412
group_3946	705	1438	2.0397	10	29.1741	5	29.1741
group_9932	891	0	0.0000	0	0.0000	0	0.0000
group_7659	939	751	0.7998	5	10.9519	2	8.7616
group_4604	414	604	1.4589	4	19.8722	2	19.8722
group_4351	243	151	0.6214	1	8.4641	0	0.0000
group_5145	1887	0	0.0000	0	0.0000	0	0.0000
group_122	9417	302	0.0321	2	0.4368	1	0.4368
group_12648	159	0	0.0000	0	0.0000	0	0.0000
group_6094	390	604	1.5487	4	21.0951	2	21.0951
group_14682	243	0	0.0000	0	0.0000	0	0.0000
group_14683	300	0	0.0000	0	0.0000	0	0.0000
group_14684	264	301	1.1402	3	23.3724	1	15.5816
group_7359	369	0	0.0000	0	0.0000	0	0.0000
mraW	729	1080	1.4815	8	22.5709	4	22.5709
group_3041	735	290	0.3946	2	5.5967	1	5.5967
group_3103	1131	1428	1.2626	10	18.1855	5	18.1855
group_8333	357	227	0.6359	2	11.5225	1	11.5225
group_1918	480	562	1.1708	4	17.1398	2	17.1398
group_14685	876	0	0.0000	0	0.0000	0	0.0000
group_12403	162	0	0.0000	0	0.0000	0	0.0000
group_3415	258	151	0.5853	1	7.9720	0	0.0000
group_5366	231	791	3.4242	6	53.4227	3	53.4227
group_9499	192	269	1.4010	3	32.1371	1	21.4247
group_8692	918	0	0.0000	0	0.0000	0	0.0000
group_14686	423	1436	3.3948	11	53.4859	5	48.6235
group_14687	150	0	0.0000	0	0.0000	0	0.0000
group_11855	168	0	0.0000	0	0.0000	0	0.0000
group_8080	204	0	0.0000	0	0.0000	0	0.0000
group_285	1227	676	0.5509	6	10.0576	3	10.0576
group_5873	393	618	1.5725	6	31.4011	3	31.4011
group_4996	1026	0	0.0000	0	0.0000	0	0.0000
group_5816	996	0	0.0000	0	0.0000	0	0.0000
group_61	1236	0	0.0000	0	0.0000	0	0.0000
group_13505	1278	0	0.0000	0	0.0000	0	0.0000
group_9748	576	1510	2.6215	10	35.7079	5	35.7079
group_592	132	0	0.0000	0	0.0000	0	0.0000
group_5155	1884	2058	1.0924	14	15.2839	7	15.2839
group_10685	333	0	0.0000	0	0.0000	0	0.0000
group_1070	1212	0	0.0000	0	0.0000	0	0.0000
group_1995	279	151	0.5412	1	7.3720	0	0.0000
group_2472	756	0	0.0000	0	0.0000	0	0.0000
group_6235	222	0	0.0000	0	0.0000	0	0.0000
group_12134	165	0	0.0000	0	0.0000	0	0.0000
group_14688	972	0	0.0000	0	0.0000	0	0.0000
group_14690	255	2767	10.8510	22	177.4473	11	177.4473
group_14689	336	5162	15.3631	38	232.6115	19	232.6115
group_2379	105	0	0.0000	0	0.0000	0	0.0000
group_2523	99	0	0.0000	0	0.0000	0	0.0000
group_1943	774	302	0.3902	2	5.3147	1	5.3147
group_3852	1092	0	0.0000	0	0.0000	0	0.0000
group_3764	2247	12532	5.5772	85	77.8041	42	76.8888
group_14693	2706	302	0.1116	2	1.5202	1	1.5202
group_14694	210	0	0.0000	0	0.0000	0	0.0000
group_14695	7701	12370	1.6063	79	21.0992	39	20.8322
group_14696	183	0	0.0000	0	0.0000	0	0.0000
group_14697	174	0	0.0000	0	0.0000	0	0.0000
group_14698	885	302	0.3412	2	4.6481	1	4.6481
group_8772	198	0	0.0000	0	0.0000	0	0.0000
group_2838	2685	224	0.0834	2	1.5320	1	1.5320
group_2771	51	0	0.0000	0	0.0000	0	0.0000
group_5112	234	0	0.0000	0	0.0000	0	0.0000
group_13711	1269	5361	4.2246	40	64.8314	20	64.8314
group_7754	936	453	0.4840	3	6.5922	1	4.3948
group_13424	1281	283	0.2209	2	3.2112	1	3.2112
group_12822	1305	0	0.0000	0	0.0000	0	0.0000
group_12653	159	0	0.0000	0	0.0000	0	0.0000
group_2230	111	0	0.0000	0	0.0000	0	0.0000
group_6288	387	0	0.0000	0	0.0000	0	0.0000
group_3825	252	0	0.0000	0	0.0000	0	0.0000
group_5936	225	0	0.0000	0	0.0000	0	0.0000
group_5315	402	968	2.4080	6	30.6981	3	30.6981
group_5922	648	0	0.0000	0	0.0000	0	0.0000
group_11303	174	0	0.0000	0	0.0000	0	0.0000
group_7410	210	1048	4.9905	10	97.9417	5	97.9417
group_7720	207	0	0.0000	0	0.0000	0	0.0000
group_7552	366	309	0.8443	2	11.2392	1	11.2392
group_10488	183	0	0.0000	0	0.0000	0	0.0000
group_2906	1143	0	0.0000	0	0.0000	0	0.0000
group_14699	207	5806	28.0483	62	616.0389	31	616.0389
group_3172	261	0	0.0000	0	0.0000	0	0.0000
group_921	285	706	2.4772	8	57.7340	4	57.7340
group_7411	210	0	0.0000	0	0.0000	0	0.0000
group_10154	186	0	0.0000	0	0.0000	0	0.0000
group_14077	507	322	0.6351	4	16.2270	2	16.2270
group_3871	432	11190	25.9028	82	390.4064	41	390.4064
group_5371	231	3830	16.5801	33	293.8250	16	284.9212
group_2114	474	241	0.5084	2	8.6784	1	8.6784
group_8775	198	0	0.0000	0	0.0000	0	0.0000
group_3273	447	266	0.5951	2	9.2026	1	9.2026
group_1996	279	0	0.0000	0	0.0000	0	0.0000
group_3419	258	1269	4.9186	12	95.6640	6	95.6640
group_1632	483	0	0.0000	0	0.0000	0	0.0000
group_7415	210	0	0.0000	0	0.0000	0	0.0000
group_13189	153	0	0.0000	0	0.0000	0	0.0000
group_2703	138	0	0.0000	0	0.0000	0	0.0000
group_14192	294	302	1.0272	2	13.9917	1	13.9917
group_14026	144	0	0.0000	0	0.0000	0	0.0000
group_1593	123	0	0.0000	0	0.0000	0	0.0000
group_14193	294	0	0.0000	0	0.0000	0	0.0000
group_3870	708	9763	13.7895	72	209.1636	36	209.1636
group_11593	171	0	0.0000	0	0.0000	0	0.0000
group_12655	159	0	0.0000	0	0.0000	0	0.0000
group_672	4758	3602	0.7570	26	11.2392	13	11.2392
group_9844	1446	2005	1.3866	14	19.9135	7	19.9135
group_3828	252	8935	35.4563	74	603.9737	37	603.9737
group_8085	204	0	0.0000	0	0.0000	0	0.0000
group_4603	240	254	1.0583	2	17.1398	1	17.1398
group_9225	906	6424	7.0905	40	90.8068	20	90.8068
group_8626	354	0	0.0000	0	0.0000	0	0.0000
group_5680	396	302	0.7626	2	10.3878	1	10.3878
group_1024	489	0	0.0000	0	0.0000	0	0.0000
group_377	144	0	0.0000	0	0.0000	0	0.0000
group_12409	162	252	1.5556	2	25.3923	1	25.3923
group_8336	357	0	0.0000	0	0.0000	0	0.0000
group_2661	93	0	0.0000	0	0.0000	0	0.0000
group_13756	147	0	0.0000	0	0.0000	0	0.0000
group_12417	162	3447	21.2778	58	736.3763	29	736.3763
group_7100	213	0	0.0000	0	0.0000	0	0.0000
group_5373	231	0	0.0000	0	0.0000	0	0.0000
group_14700	558	1526	2.7348	11	40.5457	5	36.8598
group_14027	144	0	0.0000	0	0.0000	0	0.0000
group_1999	279	0	0.0000	0	0.0000	0	0.0000
group_4355	243	156	0.6420	2	16.9282	1	16.9282
group_12411	162	0	0.0000	0	0.0000	0	0.0000
group_5820	996	0	0.0000	0	0.0000	0	0.0000
group_8628	354	239	0.6751	2	11.6202	1	11.6202
group_11588	172	0	0.0000	0	0.0000	0	0.0000
group_14701	102	0	0.0000	0	0.0000	0	0.0000
group_3182	261	0	0.0000	0	0.0000	0	0.0000
group_10803	180	0	0.0000	0	0.0000	0	0.0000
group_1601	123	0	0.0000	0	0.0000	0	0.0000
group_2176	276	677	2.4529	5	37.2604	2	29.8083
group_10935	561	0	0.0000	0	0.0000	0	0.0000
group_14568	138	0	0.0000	0	0.0000	0	0.0000
group_3178	261	0	0.0000	0	0.0000	0	0.0000
group_7722	207	144	0.6957	1	9.9361	0	0.0000
group_2380	105	0	0.0000	0	0.0000	0	0.0000
group_11350	324	298	0.9198	2	12.6961	1	12.6961
group_13420	816	0	0.0000	0	0.0000	0	0.0000
group_3524	441	488	1.1066	4	18.6556	2	18.6556
group_316	135	0	0.0000	0	0.0000	0	0.0000
group_3607	255	882	3.4588	6	48.3947	3	48.3947
group_14702	4974	2250	0.4524	15	6.2026	7	5.7891
group_13197	153	0	0.0000	0	0.0000	0	0.0000
group_9805	189	0	0.0000	0	0.0000	0	0.0000
group_1232	1209	6210	5.1365	42	71.4512	21	71.4512
group_7095	1617	4242	2.6234	29	36.8871	14	35.6152
group_11088	558	1288	2.3082	10	36.8598	5	36.8598
group_2248	471	0	0.0000	0	0.0000	0	0.0000
group_2524	1167	0	0.0000	0	0.0000	0	0.0000
group_932	285	1193	4.1860	9	64.9508	4	57.7340
group_8893	588	815	1.3861	6	20.9875	3	20.9875
group_9982	1440	151	0.1049	1	1.4283	0	0.0000
group_10492	183	312	1.7049	2	22.4784	1	22.4784
group_724	492	243	0.4939	2	8.3609	1	8.3609
group_5134	405	0	0.0000	0	0.0000	0	0.0000
group_5923	648	0	0.0000	0	0.0000	0	0.0000
group_9808	189	0	0.0000	0	0.0000	0	0.0000
group_13466	150	216	1.4400	2	27.4237	1	27.4237
group_6815	216	0	0.0000	0	0.0000	0	0.0000
group_7652	609	0	0.0000	0	0.0000	0	0.0000
group_6604	381	0	0.0000	0	0.0000	0	0.0000
group_12897	156	300	1.9231	4	52.7378	2	52.7378
group_598	132	0	0.0000	0	0.0000	0	0.0000
group_2759	267	0	0.0000	0	0.0000	0	0.0000
sufR	636	151	0.2374	1	3.2339	0	0.0000
group_3453	135	170	1.2593	2	30.4707	1	30.4707
group_6244	222	302	1.3604	2	18.5295	1	18.5295
group_2492	465	0	0.0000	0	0.0000	0	0.0000
group_7724	207	342	1.6522	4	39.7444	2	39.7444
group_9753	342	2967	8.6754	24	144.3351	12	144.3351
group_13196	153	0	0.0000	0	0.0000	0	0.0000
group_6097	390	269	0.6897	2	10.5476	1	10.5476
group_12900	156	0	0.0000	0	0.0000	0	0.0000
group_1929	120	0	0.0000	0	0.0000	0	0.0000
group_5375	231	0	0.0000	0	0.0000	0	0.0000
group_12141	165	0	0.0000	0	0.0000	0	0.0000
group_12902	156	0	0.0000	0	0.0000	0	0.0000
group_10087	339	1343	3.9617	11	66.7390	5	60.6718
group_6246	223	0	0.0000	0	0.0000	0	0.0000
group_5376	231	0	0.0000	0	0.0000	0	0.0000
group_11594	171	0	0.0000	0	0.0000	0	0.0000
group_8782	198	0	0.0000	0	0.0000	0	0.0000
group_9756	576	6101	10.5920	42	149.9732	21	149.9732
group_10234	570	453	0.7947	3	10.8251	1	7.2168
group_6581	1674	1198	0.7157	8	9.8293	4	9.8293
group_11209	555	0	0.0000	0	0.0000	0	0.0000
group_10905	873	1143	1.3093	8	18.8479	4	18.8479
group_2001	279	0	0.0000	0	0.0000	0	0.0000
group_11865	168	0	0.0000	0	0.0000	0	0.0000
group_9758	342	0	0.0000	0	0.0000	0	0.0000
group_7653	609	478	0.7849	4	13.5092	2	13.5092
group_1106	4008	302	0.0753	2	1.0263	1	1.0263
group_14159	1254	0	0.0000	0	0.0000	0	0.0000
group_2117	474	0	0.0000	0	0.0000	0	0.0000
group_5942	225	0	0.0000	0	0.0000	0	0.0000
group_14031	144	0	0.0000	0	0.0000	0	0.0000
group_9505	192	0	0.0000	0	0.0000	0	0.0000
group_7928	603	22605	37.4876	156	532.1010	78	532.1010
group_11863	168	312	1.8571	4	48.9708	2	48.9708
group_12659	159	824	5.1824	8	103.4855	4	103.4855
group_5119	234	0	0.0000	0	0.0000	0	0.0000
group_8338	357	0	0.0000	0	0.0000	0	0.0000
group_11580	549	1214	2.2113	8	29.9712	4	29.9712
group_2968	453	604	1.3333	4	18.1614	2	18.1614
group_2467	1170	2630	2.2479	20	35.1585	10	35.1585
group_3183	261	0	0.0000	0	0.0000	0	0.0000
group_1300	126	146	1.1587	2	32.6472	1	32.6472
group_2663	93	0	0.0000	0	0.0000	0	0.0000
group_5379	231	0	0.0000	0	0.0000	0	0.0000
group_10808	180	226	1.2556	2	22.8531	1	22.8531
group_6822	216	302	1.3981	2	19.0442	1	19.0442
group_10769	876	20782	23.7237	141	331.0563	70	328.7084
group_14703	255	0	0.0000	0	0.0000	0	0.0000
group_14035	144	0	0.0000	0	0.0000	0	0.0000
group_10091	339	0	0.0000	0	0.0000	0	0.0000
group_4353	2067	446	0.2158	4	3.9802	2	3.9802
group_2647	2793	1468	0.5256	10	7.3640	5	7.3640
group_2859	456	823	1.8048	6	27.0628	3	27.0628
group_14704	333	0	0.0000	0	0.0000	0	0.0000
group_11897	318	0	0.0000	0	0.0000	0	0.0000
group_3736	1098	0	0.0000	0	0.0000	0	0.0000
group_4315	420	0	0.0000	0	0.0000	0	0.0000
group_8431	201	0	0.0000	0	0.0000	0	0.0000
group_8320	924	755	0.8171	5	11.1297	2	8.9038
group_4999	1026	403	0.3928	3	6.0140	1	4.0093
group_14706	324	0	0.0000	0	0.0000	0	0.0000
group_2231	111	0	0.0000	0	0.0000	0	0.0000
group_12612	309	453	1.4660	3	19.9687	1	13.3125
group_9760	576	2583	4.4844	19	67.8450	9	64.2742
group_10095	339	857	2.5280	7	42.4703	3	36.4031
group_10093	339	0	0.0000	0	0.0000	0	0.0000
group_2529	99	0	0.0000	0	0.0000	0	0.0000
group_8608	591	302	0.5110	2	6.9603	1	6.9603
group_13199	153	0	0.0000	0	0.0000	0	0.0000
group_7932	603	0	0.0000	0	0.0000	0	0.0000
group_4611	240	0	0.0000	0	0.0000	0	0.0000
group_2860	456	0	0.0000	0	0.0000	0	0.0000
group_13761	147	0	0.0000	0	0.0000	0	0.0000
group_5641	228	0	0.0000	0	0.0000	0	0.0000
group_14708	402	3354	8.3433	25	127.9089	12	122.7925
group_14707	471	283	0.6008	3	13.1005	1	8.7337
group_14709	1473	66801	45.3503	479	668.8359	239	667.4396
group_14710	639	4186	6.5509	28	90.1247	14	90.1247
group_11069	177	553	3.1243	6	69.7212	3	69.7212
group_13583	813	0	0.0000	0	0.0000	0	0.0000
group_2947	264	0	0.0000	0	0.0000	0	0.0000
group_11898	318	656	2.0629	6	38.8071	3	38.8071
group_8784	198	0	0.0000	0	0.0000	0	0.0000
group_14711	927	755	0.8145	5	11.0937	2	8.8750
group_2371	273	220	0.8059	2	15.0679	1	15.0679
group_5948	225	0	0.0000	0	0.0000	0	0.0000
group_14712	384	0	0.0000	0	0.0000	0	0.0000
group_12907	306	1600	5.2288	11	73.9364	5	67.2149
group_14713	273	0	0.0000	0	0.0000	0	0.0000
group_10496	183	0	0.0000	0	0.0000	0	0.0000
group_5434	660	1027	1.5561	7	21.8143	3	18.6980
group_3980	429	453	1.0559	3	14.3830	1	9.5887
group_14303	1248	0	0.0000	0	0.0000	0	0.0000
group_11089	558	0	0.0000	0	0.0000	0	0.0000
group_1602	123	0	0.0000	0	0.0000	0	0.0000
group_12590	1317	6826	5.1830	47	73.4005	23	71.8388
group_9811	189	0	0.0000	0	0.0000	0	0.0000
group_14714	195	0	0.0000	0	0.0000	0	0.0000
group_4721	411	458	1.1144	4	20.0173	2	20.0173
group_7429	210	0	0.0000	0	0.0000	0	0.0000
group_14715	174	0	0.0000	0	0.0000	0	0.0000
group_4858	237	302	1.2743	2	17.3568	1	17.3568
group_13200	153	0	0.0000	0	0.0000	0	0.0000
group_7428	210	0	0.0000	0	0.0000	0	0.0000
group_10498	183	0	0.0000	0	0.0000	0	0.0000
group_2092	3276	1208	0.3687	8	5.0226	4	5.0226
group_2304	471	0	0.0000	0	0.0000	0	0.0000
group_319	792	0	0.0000	0	0.0000	0	0.0000
group_11492	858	0	0.0000	0	0.0000	0	0.0000
group_5223	1872	381	0.2035	3	3.2961	1	2.1974
group_9497	1467	1757	1.1977	13	18.2264	6	16.8243
group_209	7155	2341	0.3272	16	4.5994	8	4.5994
group_345	6060	2700	0.4455	18	6.1092	9	6.1092
group_13160	822	0	0.0000	0	0.0000	0	0.0000
group_12419	837	600	0.7168	4	9.8293	2	9.8293
group_4766	1038	453	0.4364	3	5.9444	1	3.9630
group_5236	1869	2131	1.1402	14	15.4066	7	15.4066
group_3173	4248	1327	0.3124	9	4.3576	4	3.8734
group_5166	1881	1159	0.6162	8	8.7476	4	8.7476
group_10809	180	0	0.0000	0	0.0000	0	0.0000
group_5382	231	393	1.7013	3	26.7114	1	17.8076
group_7132	1614	818	0.5068	6	7.6460	3	7.6460
group_8786	198	880	4.4444	7	72.7143	3	62.3265
group_12613	309	1004	3.2492	7	46.5936	3	39.9374
group_10810	180	0	0.0000	0	0.0000	0	0.0000
group_9150	195	0	0.0000	0	0.0000	0	0.0000
group_11597	171	0	0.0000	0	0.0000	0	0.0000
group_1034	783	1208	1.5428	8	21.0143	4	21.0143
group_3614	255	0	0.0000	0	0.0000	0	0.0000
group_11899	318	0	0.0000	0	0.0000	0	0.0000
group_14716	180	0	0.0000	0	0.0000	0	0.0000
group_4722	411	0	0.0000	0	0.0000	0	0.0000
group_2949	264	138	0.5227	2	15.5816	1	15.5816
group_7195	1611	0	0.0000	0	0.0000	0	0.0000
group_5137	405	278	0.6864	2	10.1569	1	10.1569
group_5949	225	670	2.9778	6	54.8473	3	54.8473
group_13201	153	0	0.0000	0	0.0000	0	0.0000
group_5950	225	0	0.0000	0	0.0000	0	0.0000
group_2373	273	0	0.0000	0	0.0000	0	0.0000
group_5436	660	0	0.0000	0	0.0000	0	0.0000
group_10501	183	0	0.0000	0	0.0000	0	0.0000
group_12664	159	0	0.0000	0	0.0000	0	0.0000
group_14717	108	0	0.0000	0	0.0000	0	0.0000
group_4029	249	0	0.0000	0	0.0000	0	0.0000
group_5426	1836	0	0.0000	0	0.0000	0	0.0000
group_4440	1053	0	0.0000	0	0.0000	0	0.0000
group_11857	1347	0	0.0000	0	0.0000	0	0.0000
group_13203	153	0	0.0000	0	0.0000	0	0.0000
group_602	132	0	0.0000	0	0.0000	0	0.0000
group_13508	516	276	0.5349	2	7.9720	1	7.9720
group_12651	1314	3191	2.4285	22	34.4361	11	34.4361
group_9151	195	201	1.0308	2	21.0951	1	21.0951
group_7489	612	31388	51.2876	220	739.3636	110	739.3636
group_2590	96	0	0.0000	0	0.0000	0	0.0000
group_7225	618	2301	3.7233	17	56.5780	8	53.2498
group_4030	249	0	0.0000	0	0.0000	0	0.0000
group_8094	204	983	4.8186	8	80.6578	4	80.6578
group_5384	231	0	0.0000	0	0.0000	0	0.0000
group_2528	99	0	0.0000	0	0.0000	0	0.0000
group_14209	294	7878	26.7959	66	461.7250	33	461.7250
group_5	138	0	0.0000	0	0.0000	0	0.0000
group_4032	249	340	1.3655	2	16.5203	1	16.5203
group_4244	1065	5858	5.5005	41	79.1810	20	77.2498
group_13767	147	0	0.0000	0	0.0000	0	0.0000
group_11313	174	0	0.0000	0	0.0000	0	0.0000
group_4860	237	0	0.0000	0	0.0000	0	0.0000
group_3774	435	303	0.6966	2	9.4564	1	9.4564
group_10702	333	151	0.4535	1	6.1765	0	0.0000
group_3271	729	302	0.4143	2	5.6427	1	5.6427
group_11671	1356	2081	1.5347	8	12.1344	4	12.1344
group_4318	420	0	0.0000	0	0.0000	0	0.0000
group_8279	1527	2174	1.4237	22	29.6326	11	29.6326
group_2008	279	0	0.0000	0	0.0000	0	0.0000
group_10504	183	0	0.0000	0	0.0000	0	0.0000
group_8199	927	0	0.0000	0	0.0000	0	0.0000
group_14039	144	0	0.0000	0	0.0000	0	0.0000
group_5646	228	0	0.0000	0	0.0000	0	0.0000
group_2013	477	0	0.0000	0	0.0000	0	0.0000
group_4384	2055	1783	0.8676	12	12.0104	6	12.0104
group_2665	93	0	0.0000	0	0.0000	0	0.0000
group_2530	99	0	0.0000	0	0.0000	0	0.0000
group_130	795	22976	28.9006	156	403.5936	78	403.5936
group_8437	201	228	1.1343	2	20.4654	1	20.4654
group_13173	1290	0	0.0000	0	0.0000	0	0.0000
group_10018	573	0	0.0000	0	0.0000	0	0.0000
group_6330	639	274	0.4288	2	6.4375	1	6.4375
group_390	495	302	0.6101	2	8.3102	1	8.3102
group_10812	180	0	0.0000	0	0.0000	0	0.0000
group_11902	318	0	0.0000	0	0.0000	0	0.0000
group_556	5049	3760	0.7447	24	9.7767	12	9.7767
group_13829	297	1112	3.7441	10	69.2517	5	69.2517
group_12335	312	302	0.9679	2	13.1845	1	13.1845
group_6546	219	0	0.0000	0	0.0000	0	0.0000
group_13162	822	0	0.0000	0	0.0000	0	0.0000
group_2214	3159	0	0.0000	0	0.0000	0	0.0000
group_4218	1068	453	0.4242	3	5.7775	1	3.8516
group_3508	2340	584	0.2496	4	3.5159	2	3.5159
group_3841	252	764	3.0317	8	65.2944	4	65.2944
group_11883	849	1499	1.7656	12	29.0710	6	29.0710
group_3992	1083	146	0.1348	2	3.7983	1	3.7983
csm3	1053	905	0.8594	6	11.7195	3	11.7195
csm5	1275	906	0.7106	6	9.6789	3	9.6789
group_2135	768	524	0.6823	4	10.7124	2	10.7124
group_2886	1146	0	0.0000	0	0.0000	0	0.0000
group_14041	144	0	0.0000	0	0.0000	0	0.0000
group_2534	99	0	0.0000	0	0.0000	0	0.0000
group_13479	150	0	0.0000	0	0.0000	0	0.0000
group_3389	444	0	0.0000	0	0.0000	0	0.0000
group_2548	2880	453	0.1573	3	2.1425	1	1.4283
group_3842	252	0	0.0000	0	0.0000	0	0.0000
group_14718	279	551	1.9749	4	29.4878	2	29.4878
group_14719	432	1057	2.4468	7	33.3274	3	28.5663
group_14720	423	894	2.1135	7	34.0365	3	29.1741
group_14721	282	151	0.5355	1	7.2935	0	0.0000
group_14722	363	10095	27.8099	68	385.2912	34	385.2912
group_14723	417	604	1.4484	4	19.7293	2	19.7293
group_14724	624	0	0.0000	0	0.0000	0	0.0000
group_14725	135	0	0.0000	0	0.0000	0	0.0000
group_12152	165	0	0.0000	0	0.0000	0	0.0000
group_14726	222	0	0.0000	0	0.0000	0	0.0000
group_3843	252	138	0.5476	2	16.3236	1	16.3236
group_3844	252	9058	35.9444	72	587.6500	36	587.6500
group_1079	1212	604	0.4983	4	6.7880	2	6.7880
group_7226	618	147	0.2379	1	3.3281	0	0.0000
group_7114	213	518	2.4319	4	38.6249	2	38.6249
group_2019	771	1386	1.7977	10	26.6767	5	26.6767
group_13714	1269	1784	1.4058	12	19.4494	6	19.4494
group_7493	612	1693	2.7663	12	40.3289	6	40.3289
grrM	1182	1201	1.0161	8	13.9206	4	13.9206
group_2450	102	0	0.0000	0	0.0000	0	0.0000
group_9474	345	325	0.9420	3	17.8850	1	11.9233
group_11746	546	537	0.9835	4	15.0679	2	15.0679
group_11604	171	0	0.0000	0	0.0000	0	0.0000
group_11605	171	0	0.0000	0	0.0000	0	0.0000
group_6455	384	0	0.0000	0	0.0000	0	0.0000
group_4767	1038	604	0.5819	4	7.9259	2	7.9259
group_2133	114	2130	18.6842	22	396.9215	11	396.9215
group_10458	567	0	0.0000	0	0.0000	0	0.0000
group_14727	792	302	0.3813	2	5.1939	1	5.1939
group_2966	738	151	0.2046	1	2.7870	0	0.0000
group_14728	213	370	1.7371	3	28.9687	1	19.3124
group_5514	399	1323	3.3158	9	46.3934	4	41.2386
group_14731	228	212	0.9298	2	18.0419	1	18.0419
group_14730	405	0	0.0000	0	0.0000	0	0.0000
group_7403	945	7225	7.6455	51	111.0006	25	108.8241
group_6831	216	1382	6.3981	10	95.2211	5	95.2211
group_9515	192	606	3.1563	6	64.2742	3	64.2742
group_12	138	0	0.0000	0	0.0000	0	0.0000
group_2789	1152	0	0.0000	0	0.0000	0	0.0000
group_11	138	0	0.0000	0	0.0000	0	0.0000
group_13934	807	1395	1.7286	10	25.4867	5	25.4867
group_6547	219	0	0.0000	0	0.0000	0	0.0000
group_5001	1026	3096	3.0175	22	44.1024	11	44.1024
group_4968	1914	302	0.1578	2	2.1492	1	2.1492
group_10199	1428	224	0.1569	2	2.8806	1	2.8806
group_11911	543	0	0.0000	0	0.0000	0	0.0000
group_5132	1020	0	0.0000	0	0.0000	0	0.0000
group_12066	540	0	0.0000	0	0.0000	0	0.0000
group_7783	606	0	0.0000	0	0.0000	0	0.0000
group_5649	228	0	0.0000	0	0.0000	0	0.0000
group_4034	249	0	0.0000	0	0.0000	0	0.0000
group_14737	234	0	0.0000	0	0.0000	0	0.0000
group_3186	261	501	1.9195	4	31.5215	2	31.5215
group_13183	303	151	0.4983	1	6.7880	0	0.0000
group_14738	459	604	1.3159	4	17.9240	2	17.9240
group_5691	396	399	1.0076	3	15.5816	1	10.3878
group_4506	2025	1511	0.7462	10	10.1569	5	10.1569
group_5207	1017	1616	1.5890	11	22.2463	5	20.2239
group_14739	174	1678	9.6437	14	165.4877	7	165.4877
group_7734	207	298	1.4396	2	19.8722	1	19.8722
group_13208	153	0	0.0000	0	0.0000	0	0.0000
group_14733	234	722	3.0855	6	52.7378	3	52.7378
group_8653	354	19092	53.9322	144	836.6543	72	836.6543
group_2593	96	534	5.5625	6	128.5484	3	128.5484
group_6257	222	10316	46.4685	78	722.6507	39	722.6507
group_7735	207	2595	12.5362	21	208.6583	10	198.7222
group_8070	360	0	0.0000	0	0.0000	0	0.0000
group_1935	120	0	0.0000	0	0.0000	0	0.0000
group_4457	417	0	0.0000	0	0.0000	0	0.0000
group_5888	393	2670	6.7939	22	115.1375	11	115.1375
group_4365	243	151	0.6214	1	8.4641	0	0.0000
group_6573	633	302	0.4771	2	6.4985	1	6.4985
group_11091	558	151	0.2706	1	3.6860	0	0.0000
group_1357	780	0	0.0000	0	0.0000	0	0.0000
group_7737	207	377	1.8213	4	39.7444	2	39.7444
group_4099	426	0	0.0000	0	0.0000	0	0.0000
group_10108	1434	0	0.0000	0	0.0000	0	0.0000
group_4037	249	196	0.7871	2	16.5203	1	16.5203
group_4744	678	1815	2.6770	13	39.4367	6	36.4031
group_5804	651	11219	17.2335	77	243.2745	38	240.1151
group_10110	888	604	0.6802	4	9.2648	2	9.2648
group_14742	561	0	0.0000	0	0.0000	0	0.0000
group_14741	183	0	0.0000	0	0.0000	0	0.0000
group_7642	1569	906	0.5774	6	7.8653	3	7.8653
group_5679	654	0	0.0000	0	0.0000	0	0.0000
group_4421	687	0	0.0000	0	0.0000	0	0.0000
group_13515	300	5079	16.9300	40	274.2367	20	274.2367
group_12340	312	0	0.0000	0	0.0000	0	0.0000
group_3621	255	574	2.2510	5	40.3289	2	32.2631
group_11316	174	226	1.2989	2	23.6411	1	23.6411
group_3390	444	151	0.3401	1	4.6324	0	0.0000
group_14744	525	0	0.0000	0	0.0000	0	0.0000
group_14748	2100	1661	0.7910	11	10.7736	5	9.7942
group_12668	159	0	0.0000	0	0.0000	0	0.0000
group_3373	726	0	0.0000	0	0.0000	0	0.0000
group_14752	348	302	0.8678	2	11.8205	1	11.8205
group_14750	324	2304	7.1111	17	107.9172	8	101.5691
group_14751	297	0	0.0000	0	0.0000	0	0.0000
group_14753	1077	601	0.5580	4	7.6389	2	7.6389
group_14755	123	0	0.0000	0	0.0000	0	0.0000
group_13483	150	0	0.0000	0	0.0000	0	0.0000
group_14757	1245	9238	7.4201	65	107.3818	32	105.7298
group_14762	417	302	0.7242	2	9.8646	1	9.8646
group_6549	219	0	0.0000	0	0.0000	0	0.0000
group_14763	1101	35088	31.8692	251	468.8924	125	467.0243
group_14767	282	874	3.0993	7	51.0547	3	43.7612
group_14769	744	3677	4.9422	26	71.8766	13	71.8766
group_14770	270	391	1.4481	3	22.8531	1	15.2354
group_14772	273	1021	3.7399	10	75.3397	5	75.3397
group_14771	195	263	1.3487	2	21.0951	1	21.0951
group_9821	189	208	1.1005	2	21.7648	1	21.7648
group_8655	354	4313	12.1836	32	185.9232	16	185.9232
group_14773	669	3411	5.0987	23	70.7113	11	67.6369
group_13210	153	0	0.0000	0	0.0000	0	0.0000
group_10408	336	17335	51.5923	130	795.7761	65	795.7761
group_14217	294	24910	84.7279	184	1287.2334	92	1287.2334
group_14774	246	214	0.8699	2	16.7217	1	16.7217
group_14776	567	549	0.9683	4	14.5099	2	14.5099
group_14775	210	0	0.0000	0	0.0000	0	0.0000
group_14778	300	604	2.0133	4	27.4237	2	27.4237
group_14780	411	0	0.0000	0	0.0000	0	0.0000
group_2384	105	0	0.0000	0	0.0000	0	0.0000
group_2322	762	0	0.0000	0	0.0000	0	0.0000
group_963	285	233	0.8175	2	14.4335	1	14.4335
group_5693	396	151	0.3813	1	5.1939	0	0.0000
group_8800	198	0	0.0000	0	0.0000	0	0.0000
group_14781	1302	0	0.0000	0	0.0000	0	0.0000
group_14782	648	0	0.0000	0	0.0000	0	0.0000
group_14783	1365	1360	0.9963	9	13.5612	4	12.0544
group_14784	285	0	0.0000	0	0.0000	0	0.0000
group_5073	669	302	0.4514	2	6.1488	1	6.1488
group_9771	342	566	1.6550	4	24.0558	2	24.0558
group_14785	519	1869	3.6012	14	55.4814	7	55.4814
group_12670	159	0	0.0000	0	0.0000	0	0.0000
group_14786	168	790	4.7024	6	73.4563	3	73.4563
group_3985	429	0	0.0000	0	0.0000	0	0.0000
group_1314	126	194	1.5397	2	32.6472	1	32.6472
group_8100	204	151	0.7402	1	10.0822	0	0.0000
group_14787	198	0	0.0000	0	0.0000	0	0.0000
group_619	132	152	1.1515	2	31.1633	1	31.1633
group_14788	219	0	0.0000	0	0.0000	0	0.0000
group_2749	138	0	0.0000	0	0.0000	0	0.0000
group_5523	1005	190	0.1891	2	4.0931	1	4.0931
group_4256	693	302	0.4358	2	5.9359	1	5.9359
group_2833	744	151	0.2030	1	2.7645	0	0.0000
group_6299	387	563	1.4548	4	21.2587	2	21.2587
group_5937	123	0	0.0000	0	0.0000	0	0.0000
group_10697	1407	1625	1.1549	12	17.5418	6	17.5418
group_1951	774	548	0.7080	4	10.6293	2	10.6293
group_6107	390	1330	3.4103	9	47.4640	4	42.1903
group_2867	456	2759	6.0504	19	85.6990	9	81.1885
group_14789	3468	3137	0.9046	24	14.2337	12	14.2337
group_14790	342	292	0.8538	2	12.0279	1	12.0279
group_12915	156	150	0.9615	1	13.1845	0	0.0000
group_13967	1260	2416	1.9175	16	26.1178	8	26.1178
group_2970	1137	1510	1.3281	10	18.0895	5	18.0895
group_5094	1896	2914	1.5369	21	22.7807	10	21.6959
group_4395	1056	1468	1.3902	10	19.4770	5	19.4770
group_12147	315	150	0.4762	2	13.0589	1	13.0589
group_5149	405	0	0.0000	0	0.0000	0	0.0000
group_7744	207	292	1.4106	2	19.8722	1	19.8722
group_14791	234	0	0.0000	0	0.0000	0	0.0000
group_8075	360	1288	3.5778	9	51.4194	4	45.7061
group_6300	387	0	0.0000	0	0.0000	0	0.0000
group_68	1236	0	0.0000	0	0.0000	0	0.0000
group_7369	369	0	0.0000	0	0.0000	0	0.0000
group_66	1236	0	0.0000	0	0.0000	0	0.0000
group_620	132	170	1.2879	2	31.1633	1	31.1633
group_11909	318	764	2.4025	6	38.8071	3	38.8071
group_2767	267	0	0.0000	0	0.0000	0	0.0000
group_12671	159	296	1.8616	2	25.8714	1	25.8714
group_2014	279	278	0.9964	2	14.7439	1	14.7439
group_7128	213	0	0.0000	0	0.0000	0	0.0000
group_21	138	0	0.0000	0	0.0000	0	0.0000
group_5660	228	291	1.2763	4	36.0838	2	36.0838
group_2404	759	122	0.1607	2	5.4197	1	5.4197
group_2229	765	1304	1.7046	9	24.1974	4	21.5088
group_11876	168	463	2.7560	4	48.9708	2	48.9708
group_13592	813	429	0.5277	3	7.5896	1	5.0597
group_5943	993	987	0.9940	7	14.4989	3	12.4276
group_13886	1263	906	0.7173	6	9.7709	3	9.7709
group_12073	1338	604	0.4514	4	6.1488	2	6.1488
group_2971	1137	0	0.0000	0	0.0000	0	0.0000
group_12151	315	645	2.0476	5	32.6472	2	26.1178
group_10815	180	210	1.1667	2	22.8531	1	22.8531
group_1652	483	0	0.0000	0	0.0000	0	0.0000
group_10747	564	453	0.8032	3	10.9403	1	7.2935
group_3253	2454	417	0.1699	4	3.3525	2	3.3525
group_8705	1509	302	0.2001	2	2.7260	1	2.7260
group_8316	597	302	0.5059	2	6.8904	1	6.8904
group_1247	1209	736	0.6088	5	8.5061	2	6.8049
group_4169	1206	151	0.1252	1	1.7055	0	0.0000
group_6203	642	302	0.4704	2	6.4074	1	6.4074
group_14792	4905	11980	2.4424	81	33.9651	40	33.5458
group_12425	162	0	0.0000	0	0.0000	0	0.0000
group_6212	1722	4241	2.4628	28	33.4435	14	33.4435
group_2752	459	450	0.9804	3	13.4430	1	8.9620
group_2378	273	567	2.0769	6	45.2038	3	45.2038
group_10814	180	0	0.0000	0	0.0000	0	0.0000
group_6266	222	0	0.0000	0	0.0000	0	0.0000
group_3502	1113	755	0.6783	5	9.2398	2	7.3918
group_12592	1317	747	0.5672	5	7.8086	2	6.2468
group_7518	942	266	0.2824	2	4.3668	1	4.3668
group_7438	210	108	0.5143	1	9.7942	0	0.0000
group_1604	282	151	0.5355	1	7.2935	0	0.0000
group_5661	228	0	0.0000	0	0.0000	0	0.0000
group_328	792	0	0.0000	0	0.0000	0	0.0000
group_10173	186	0	0.0000	0	0.0000	0	0.0000
group_2191	276	414	1.5000	3	22.3563	1	14.9042
group_11095	558	272	0.4875	2	7.3720	1	7.3720
group_5211	1017	0	0.0000	0	0.0000	0	0.0000
group_9258	348	426	1.2241	3	17.7308	1	11.8205
group_5311	663	302	0.4555	2	6.2044	1	6.2044
group_4624	1044	737	0.7059	6	11.8205	3	11.8205
group_4949	1917	11031	5.7543	77	82.6143	38	81.5414
group_6756	966	0	0.0000	0	0.0000	0	0.0000
group_12282	840	906	1.0786	6	14.6913	3	14.6913
group_9621	897	810	0.9030	6	13.7577	3	13.7577
group_3379	1119	604	0.5398	4	7.3522	2	7.3522
group_7759	936	511	0.5459	4	8.7896	2	8.7896
group_13691	513	0	0.0000	0	0.0000	0	0.0000
group_10519	183	369	2.0164	3	33.7176	1	22.4784
group_4370	243	275	1.1317	3	25.3923	1	16.9282
group_5663	228	151	0.6623	1	9.0209	0	0.0000
group_10112	339	151	0.4454	1	6.0672	0	0.0000
group_12676	159	0	0.0000	0	0.0000	0	0.0000
group_10614	879	1962	2.2321	13	30.4187	6	28.0788
group_3858	1092	302	0.2766	2	3.7670	1	3.7670
group_6457	384	0	0.0000	0	0.0000	0	0.0000
group_5393	231	1132	4.9004	9	80.1341	4	71.2303
group_5138	234	151	0.6453	1	8.7896	0	0.0000
group_14793	222	210	0.9459	2	18.5295	1	18.5295
group_13774	147	0	0.0000	0	0.0000	0	0.0000
group_10414	336	453	1.3482	3	18.3641	1	12.2427
group_4465	417	734	1.7602	5	24.6616	2	19.7293
group_2367	468	0	0.0000	0	0.0000	0	0.0000
group_2319	108	0	0.0000	0	0.0000	0	0.0000
group_8107	204	0	0.0000	0	0.0000	0	0.0000
gerE	282	2144	7.6028	17	123.9900	8	116.6965
group_11105	1383	453	0.3275	3	4.4616	1	2.9744
group_9162	195	0	0.0000	0	0.0000	0	0.0000
group_1939	120	0	0.0000	0	0.0000	0	0.0000
group_14093	507	0	0.0000	0	0.0000	0	0.0000
group_9766	576	208	0.3611	2	7.1416	1	7.1416
group_3452	2364	302	0.1277	2	1.7401	1	1.7401
group_14794	1032	2593	2.5126	19	37.8670	9	35.8740
group_14795	3228	796	0.2466	6	3.8230	3	3.8230
group_8809	198	0	0.0000	0	0.0000	0	0.0000
chlD	1383	2926	2.1157	21	31.2309	10	29.7437
group_1940	120	0	0.0000	0	0.0000	0	0.0000
group_10474	567	151	0.2663	1	3.6275	0	0.0000
group_6331	1695	0	0.0000	0	0.0000	0	0.0000
group_4222	2112	604	0.2860	4	3.8954	2	3.8954
group_1938	480	0	0.0000	0	0.0000	0	0.0000
group_4219	1068	151	0.1414	1	1.9258	0	0.0000
group_4887	1032	15768	15.2791	121	241.1529	60	239.1599
group_2751	1155	604	0.5229	4	7.1230	2	7.1230
group_13492	150	0	0.0000	0	0.0000	0	0.0000
group_5395	231	1357	5.8745	11	97.9417	5	89.0379
group_5396	231	0	0.0000	0	0.0000	0	0.0000
group_12593	1317	604	0.4586	4	6.2468	2	6.2468
group_3163	2496	21943	8.7913	141	116.1880	70	115.3640
group_2405	759	0	0.0000	0	0.0000	0	0.0000
group_8662	354	0	0.0000	0	0.0000	0	0.0000
group_4619	129	0	0.0000	0	0.0000	0	0.0000
group_2574	270	718	2.6593	5	38.0884	2	30.4707
group_2452	102	0	0.0000	0	0.0000	0	0.0000
group_13850	297	201	0.6768	2	13.8503	1	13.8503
group_4528	684	151	0.2208	1	3.0070	0	0.0000
group_3439	258	951	3.6860	8	63.7760	4	63.7760
group_7749	208	151	0.7260	1	9.8883	0	0.0000
group_6110	390	2443	6.2641	16	84.3805	8	84.3805
group_9526	192	0	0.0000	0	0.0000	0	0.0000
group_11374	324	151	0.4660	1	6.3481	0	0.0000
group_5441	660	11786	17.8576	87	271.1204	43	268.0040
group_10955	330	0	0.0000	0	0.0000	0	0.0000
group_14796	138	756	5.4783	6	89.4250	3	89.4250
group_9780	894	3729	4.1711	27	62.1174	13	59.8167
group_12350	312	0	0.0000	0	0.0000	0	0.0000
group_12428	162	0	0.0000	0	0.0000	0	0.0000
group_9368	903	2693	2.9823	20	45.5543	10	45.5543
group_2032	117	0	0.0000	0	0.0000	0	0.0000
group_10178	186	0	0.0000	0	0.0000	0	0.0000
group_14797	990	0	0.0000	0	0.0000	0	0.0000
group_431	1224	0	0.0000	0	0.0000	0	0.0000
group_7293	1599	0	0.0000	0	0.0000	0	0.0000
group_331	792	0	0.0000	0	0.0000	0	0.0000
group_10524	183	0	0.0000	0	0.0000	0	0.0000
group_2183	1185	535	0.4515	4	6.9427	2	6.9427
group_5443	660	0	0.0000	0	0.0000	0	0.0000
group_2764	138	205	1.4855	2	29.8083	1	29.8083
group_2887	1146	604	0.5271	4	7.1790	2	7.1790
group_2536	99	0	0.0000	0	0.0000	0	0.0000
group_2237	111	0	0.0000	0	0.0000	0	0.0000
group_5525	1005	878	0.8736	8	16.3723	4	16.3723
group_14799	360	409	1.1361	5	28.5663	2	22.8531
group_5732	999	848	0.8488	6	12.3530	3	12.3530
group_5645	1800	607	0.3372	4	4.5706	2	4.5706
group_2453	102	204	2.0000	2	40.3289	1	40.3289
group_14800	879	0	0.0000	0	0.0000	0	0.0000
group_1661	483	572	1.1843	4	17.0333	2	17.0333
group_8814	198	0	0.0000	0	0.0000	0	0.0000
group_10180	186	0	0.0000	0	0.0000	0	0.0000
group_10416	336	302	0.8988	2	12.2427	1	12.2427
group_14809	1584	2313	1.4602	17	22.0740	8	20.7755
group_14802	690	618	0.8957	5	14.9042	2	11.9233
group_14806	6474	4436	0.6852	31	9.8486	15	9.5309
group_14816	2121	604	0.2848	4	3.8789	2	3.8789
group_14803	777	906	1.1660	6	15.8824	3	15.8824
group_14810	1032	906	0.8779	6	11.9580	3	11.9580
group_14818	1587	602	0.3793	4	5.1841	2	5.1841
group_14814	588	0	0.0000	0	0.0000	0	0.0000
group_14805	1689	1184	0.7010	8	9.7420	4	9.7420
group_14804	897	1966	2.1918	14	32.1013	7	32.1013
group_14811	993	3549	3.5740	26	53.8531	13	53.8531
group_14812	930	1465	1.5753	10	22.1159	5	22.1159
group_14801	906	1584	1.7483	11	24.9719	5	22.7017
group_14807	900	1035	1.1500	7	15.9971	3	13.7118
group_14817	1650	605	0.3667	4	4.9861	2	4.9861
group_14819	915	302	0.3301	2	4.4957	1	4.4957
group_14808	882	302	0.3424	2	4.6639	1	4.6639
group_14820	123	0	0.0000	0	0.0000	0	0.0000
group_7700	1563	9734	6.2278	66	86.8504	33	86.8504
group_8236	1530	14007	9.1549	96	129.0526	48	129.0526
group_13521	1278	3275	2.5626	24	38.6249	12	38.6249
group_5381	1323	1298	0.9811	9	13.9917	4	12.4370
group_3278	1125	6160	5.4756	42	76.7863	21	76.7863
group_14823	315	1331	4.2254	12	78.3533	6	78.3533
group_14822	255	0	0.0000	0	0.0000	0	0.0000
group_14821	222	0	0.0000	0	0.0000	0	0.0000
group_14825	8379	0	0.0000	0	0.0000	0	0.0000
group_14824	7740	142	0.0183	2	0.5315	1	0.5315
group_14826	207	0	0.0000	0	0.0000	0	0.0000
group_5947	993	0	0.0000	0	0.0000	0	0.0000
group_9181	585	0	0.0000	0	0.0000	0	0.0000
group_2330	762	0	0.0000	0	0.0000	0	0.0000
group_8999	1494	0	0.0000	0	0.0000	0	0.0000
group_6211	1722	0	0.0000	0	0.0000	0	0.0000
group_2406	759	0	0.0000	0	0.0000	0	0.0000
group_11886	168	0	0.0000	0	0.0000	0	0.0000
group_14830	156	0	0.0000	0	0.0000	0	0.0000
group_5979	226	511	2.2611	6	54.6046	3	54.6046
group_14832	750	52943	70.5907	390	1069.5231	195	1069.5231
group_12165	165	220	1.3333	4	49.8612	2	49.8612
group_2386	105	0	0.0000	0	0.0000	0	0.0000
group_7444	210	0	0.0000	0	0.0000	0	0.0000
group_2666	93	0	0.0000	0	0.0000	0	0.0000
group_10181	186	0	0.0000	0	0.0000	0	0.0000
group_12921	157	0	0.0000	0	0.0000	0	0.0000
group_8111	204	0	0.0000	0	0.0000	0	0.0000
group_6521	975	0	0.0000	0	0.0000	0	0.0000
group_5142	234	0	0.0000	0	0.0000	0	0.0000
group_2963	2613	1611	0.6165	12	9.4456	6	9.4456
group_12279	1332	1138	0.8544	8	12.3530	4	12.3530
group_9223	1668	302	0.1811	2	2.4662	1	2.4662
group_2388	105	0	0.0000	0	0.0000	0	0.0000
group_9263	348	0	0.0000	0	0.0000	0	0.0000
group_5214	1017	151	0.1485	1	2.0224	0	0.0000
group_2754	459	453	0.9869	3	13.4430	1	8.9620
group_6445	636	151	0.2374	1	3.2339	0	0.0000
group_4954	672	0	0.0000	0	0.0000	0	0.0000
group_4344	690	1528	2.2145	11	32.7892	5	29.8083
group_10419	336	134	0.3988	2	12.2427	1	12.2427
group_12167	165	0	0.0000	0	0.0000	0	0.0000
group_7171	372	3837	10.3145	27	149.2821	13	143.7531
group_10820	180	145	0.8056	1	11.4265	0	0.0000
group_9163	195	296	1.5179	2	21.0951	1	21.0951
group_8982	351	0	0.0000	0	0.0000	0	0.0000
group_4188	696	0	0.0000	0	0.0000	0	0.0000
group_2957	264	0	0.0000	0	0.0000	0	0.0000
group_4322	285	0	0.0000	0	0.0000	0	0.0000
group_2145	3225	1208	0.3746	8	5.1021	4	5.1021
group_4622	240	0	0.0000	0	0.0000	0	0.0000
group_631	132	1157	8.7652	12	186.9796	6	186.9796
group_5208	666	0	0.0000	0	0.0000	0	0.0000
group_3375	726	1724	2.3747	12	33.9963	6	33.9963
group_2035	117	0	0.0000	0	0.0000	0	0.0000
group_14057	144	0	0.0000	0	0.0000	0	0.0000
group_13855	297	416	1.4007	4	27.7007	2	27.7007
cas5d	780	0	0.0000	0	0.0000	0	0.0000
group_4932	1029	906	0.8805	6	11.9929	3	11.9929
group_2697	2763	2650	0.9591	18	13.3992	9	13.3992
group_9828	189	0	0.0000	0	0.0000	0	0.0000
group_2139	768	0	0.0000	0	0.0000	0	0.0000
group_4112	699	418	0.5980	3	8.8274	1	5.8849
group_5670	228	245	1.0746	2	18.0419	1	18.0419
group_5897	393	1205	3.0662	10	52.3352	5	52.3352
group_4374	243	4899	20.1605	38	321.6356	19	321.6356
group_5143	234	982	4.1966	8	70.3171	4	70.3171
group_12156	315	3921	12.4476	28	182.8245	14	182.8245
group_12679	159	2321	14.5975	20	258.7139	10	258.7139
group_2321	108	0	0.0000	0	0.0000	0	0.0000
betA	2499	0	0.0000	0	0.0000	0	0.0000
amyA	1890	672	0.3556	5	5.4412	2	4.3530
group_12923	156	509	3.2628	4	52.7378	2	52.7378
group_1323	126	0	0.0000	0	0.0000	0	0.0000
group_11489	1365	4450	3.2601	30	45.2038	15	45.2038
group_3442	258	0	0.0000	0	0.0000	0	0.0000
group_6839	216	302	1.3981	2	19.0442	1	19.0442
group_11100	558	1473	2.6398	10	36.8598	5	36.8598
group_14833	1860	80758	43.4183	410	453.3752	205	453.3752
group_691	1218	2670	2.1921	20	33.7730	10	33.7730
group_3628	255	108	0.4235	2	16.1316	1	16.1316
group_3199	261	0	0.0000	0	0.0000	0	0.0000
group_12353	312	151	0.4840	1	6.5922	0	0.0000
group_5341	402	840	2.0896	6	30.6981	3	30.6981
group_1941	120	0	0.0000	0	0.0000	0	0.0000
group_6840	216	564	2.6111	4	38.0884	2	38.0884
group_8087	360	595	1.6528	4	22.8531	2	22.8531
group_5144	234	0	0.0000	0	0.0000	0	0.0000
group_13693	513	604	1.1774	4	16.0372	2	16.0372
group_10781	876	453	0.5171	3	7.0438	1	4.6958
group_8964	912	302	0.3311	2	4.5105	1	4.5105
group_2706	1158	1953	1.6865	14	24.8660	7	24.8660
group_12677	531	1758	3.3107	14	54.2276	7	54.2276
group_6271	222	118	0.5315	2	18.5295	1	18.5295
group_2480	756	0	0.0000	0	0.0000	0	0.0000
group_12680	159	320	2.0126	4	51.7428	2	51.7428
group_8776	1506	1426	0.9469	10	13.6572	5	13.6572
group_8116	204	433	2.1225	3	30.2467	1	20.1645
group_8670	354	939	2.6525	8	46.4808	4	46.4808
group_13598	813	0	0.0000	0	0.0000	0	0.0000
group_6845	216	148	0.6852	1	9.5221	0	0.0000
group_8088	360	0	0.0000	0	0.0000	0	0.0000
group_4207	246	262	1.0650	2	16.7217	1	16.7217
group_3949	705	453	0.6426	3	8.7522	1	5.8348
group_2016	279	151	0.5412	1	7.3720	0	0.0000
group_9529	192	263	1.3698	3	32.1371	1	21.4247
group_14835	768	299	0.3893	2	5.3562	1	5.3562
group_14834	2376	13868	5.8367	97	83.9677	48	83.1020
group_14839	624	577	0.9247	4	13.1845	2	13.1845
group_14837	126	0	0.0000	0	0.0000	0	0.0000
group_8818	198	0	0.0000	0	0.0000	0	0.0000
group_3862	252	0	0.0000	0	0.0000	0	0.0000
group_14056	144	0	0.0000	0	0.0000	0	0.0000
group_14840	318	0	0.0000	0	0.0000	0	0.0000
group_4209	246	0	0.0000	0	0.0000	0	0.0000
group_14844	849	302	0.3557	2	4.8452	1	4.8452
group_14843	570	4847	8.5035	34	122.6848	17	122.6848
group_10822	180	0	0.0000	0	0.0000	0	0.0000
group_9784	894	1740	1.9463	12	27.6077	6	27.6077
group_8449	201	0	0.0000	0	0.0000	0	0.0000
group_14845	1830	3308	1.8077	23	25.8502	11	24.7263
group_14846	624	9613	15.4054	65	214.2474	32	210.9513
group_14847	258	164	0.6357	2	15.9440	1	15.9440
group_14848	1221	3502	2.8681	24	40.4280	12	40.4280
group_14849	1170	2707	2.3137	19	33.4006	9	31.6427
group_8910	588	604	1.0272	4	13.9917	2	13.9917
group_14850	648	1941	2.9954	13	41.2625	6	38.0884
group_14851	639	4982	7.7966	35	112.6559	17	109.4372
group_14852	285	2112	7.4105	17	122.6848	8	115.4681
group_14853	477	812	1.7023	6	25.8714	3	25.8714
group_14854	951	1300	1.3670	12	25.9530	6	25.9530
group_14855	705	2224	3.1546	16	46.6786	8	46.6786
group_14856	621	473	0.7617	5	16.5602	2	13.2481
group_14857	270	1202	4.4519	8	60.9415	4	60.9415
group_14858	621	592	0.9533	4	13.2481	2	13.2481
group_14859	309	677	2.1909	5	33.2812	2	26.6249
group_14860	501	906	1.8084	6	24.6320	3	24.6320
group_14861	546	517	0.9469	4	15.0679	2	15.0679
group_14862	186	575	3.0914	5	55.2897	2	44.2317
group_14082	1257	594	0.4726	4	6.5450	2	6.5450
cpcA	495	13361	26.9919	94	390.5795	47	390.5795
cpeB	561	17916	31.9358	125	458.2832	62	454.6170
group_14863	138	887	6.4275	8	119.2333	4	119.2333
group_14864	315	906	2.8762	6	39.1767	3	39.1767
ybaB	345	1567	4.5420	11	65.5783	5	59.6167
group_10823	180	0	0.0000	0	0.0000	0	0.0000
group_14865	1434	4403	3.0704	31	44.4631	15	43.0288
group_7308	948	0	0.0000	0	0.0000	0	0.0000
group_12925	156	0	0.0000	0	0.0000	0	0.0000
group_6558	219	0	0.0000	0	0.0000	0	0.0000
group_3202	261	302	1.1571	2	15.7607	1	15.7607
group_570	213	0	0.0000	0	0.0000	0	0.0000
group_9166	195	0	0.0000	0	0.0000	0	0.0000
group_4625	240	0	0.0000	0	0.0000	0	0.0000
group_628	132	0	0.0000	0	0.0000	0	0.0000
group_14873	1815	0	0.0000	0	0.0000	0	0.0000
group_14874	1119	0	0.0000	0	0.0000	0	0.0000
group_14870	1281	0	0.0000	0	0.0000	0	0.0000
group_14869	243	0	0.0000	0	0.0000	0	0.0000
group_14871	834	0	0.0000	0	0.0000	0	0.0000
group_14867	774	0	0.0000	0	0.0000	0	0.0000
group_14866	1134	0	0.0000	0	0.0000	0	0.0000
group_14875	480	0	0.0000	0	0.0000	0	0.0000
group_14872	666	0	0.0000	0	0.0000	0	0.0000
group_14868	981	0	0.0000	0	0.0000	0	0.0000
group_4210	246	0	0.0000	0	0.0000	0	0.0000
group_4918	408	151	0.3701	1	5.0411	0	0.0000
group_13535	300	0	0.0000	0	0.0000	0	0.0000
group_2138	114	198	1.7368	2	36.0838	1	36.0838
group_4626	240	0	0.0000	0	0.0000	0	0.0000
group_5147	234	596	2.5470	6	52.7378	3	52.7378
group_6307	387	0	0.0000	0	0.0000	0	0.0000
group_7309	948	302	0.3186	2	4.3392	1	4.3392
group_11933	849	302	0.3557	2	4.8452	1	4.8452
group_5703	396	0	0.0000	0	0.0000	0	0.0000
group_2037	117	230	1.9658	2	35.1585	1	35.1585
group_2636	462	299	0.6472	2	8.9038	1	8.9038
group_5683	654	0	0.0000	0	0.0000	0	0.0000
group_74	291	0	0.0000	0	0.0000	0	0.0000
group_3994	1083	2177	2.0102	16	30.3863	8	30.3863
group_3924	1410	22006	15.6071	153	223.1820	76	221.7233
group_5148	234	0	0.0000	0	0.0000	0	0.0000
group_11616	171	0	0.0000	0	0.0000	0	0.0000
group_13536	300	755	2.5167	5	34.2796	2	27.4237
group_4211	246	0	0.0000	0	0.0000	0	0.0000
group_3711	714	0	0.0000	0	0.0000	0	0.0000
group_14876	312	0	0.0000	0	0.0000	0	0.0000
group_4838	1197	0	0.0000	0	0.0000	0	0.0000
group_12678	531	0	0.0000	0	0.0000	0	0.0000
group_14878	267	0	0.0000	0	0.0000	0	0.0000
group_14059	144	0	0.0000	0	0.0000	0	0.0000
group_6848	216	0	0.0000	0	0.0000	0	0.0000
group_5406	231	0	0.0000	0	0.0000	0	0.0000
hpsN	972	302	0.3107	2	4.2320	1	4.2320
group_9274	348	0	0.0000	0	0.0000	0	0.0000
group_7356	1593	604	0.3792	4	5.1645	2	5.1645
group_4213	246	0	0.0000	0	0.0000	0	0.0000
group_2667	93	0	0.0000	0	0.0000	0	0.0000
group_8054	1539	0	0.0000	0	0.0000	0	0.0000
group_6272	222	0	0.0000	0	0.0000	0	0.0000
group_14879	3042	2529	0.8314	16	10.8180	8	10.8180
group_14880	939	1563	1.6645	11	24.0943	5	21.9039
group_14881	243	0	0.0000	0	0.0000	0	0.0000
group_2756	459	272	0.5926	2	8.9620	1	8.9620
group_14882	171	0	0.0000	0	0.0000	0	0.0000
group_993	129	190	1.4729	2	31.8880	1	31.8880
group_482	288	366	1.2708	4	28.5663	2	28.5663
group_8366	357	1096	3.0700	8	46.0902	4	46.0902
group_8633	591	0	0.0000	0	0.0000	0	0.0000
group_10718	333	624	1.8739	6	37.0590	3	37.0590
group_2141	768	1036	1.3490	8	21.4247	4	21.4247
group_10619	879	1227	1.3959	11	25.7389	5	23.3990
group_14887	1218	10771	8.8432	74	124.9601	37	124.9601
group_14886	228	0	0.0000	0	0.0000	0	0.0000
group_14884	654	0	0.0000	0	0.0000	0	0.0000
group_14885	792	0	0.0000	0	0.0000	0	0.0000
group_14883	990	0	0.0000	0	0.0000	0	0.0000
group_5407	231	0	0.0000	0	0.0000	0	0.0000
group_6561	219	0	0.0000	0	0.0000	0	0.0000
group_7448	210	0	0.0000	0	0.0000	0	0.0000
group_12927	156	226	1.4487	2	26.3689	1	26.3689
group_14888	1023	23543	23.0137	164	329.7274	82	329.7274
group_14889	189	328	1.7354	4	43.5296	2	43.5296
group_748	492	0	0.0000	0	0.0000	0	0.0000
group_12434	162	0	0.0000	0	0.0000	0	0.0000
group_9830	189	0	0.0000	0	0.0000	0	0.0000
group_6565	219	0	0.0000	0	0.0000	0	0.0000
group_8117	204	0	0.0000	0	0.0000	0	0.0000
group_14890	1896	2245	1.1841	15	16.2720	7	15.1872
group_9531	192	0	0.0000	0	0.0000	0	0.0000
group_10825	180	120	0.6667	2	22.8531	1	22.8531
group_12683	159	0	0.0000	0	0.0000	0	0.0000
group_4874	237	432	1.8228	4	34.7135	2	34.7135
group_13780	147	0	0.0000	0	0.0000	0	0.0000
group_12682	159	274	1.7233	2	25.8714	1	25.8714
group_2783	267	0	0.0000	0	0.0000	0	0.0000
group_484	288	0	0.0000	0	0.0000	0	0.0000
group_14893	543	0	0.0000	0	0.0000	0	0.0000
group_14894	126	0	0.0000	0	0.0000	0	0.0000
group_4300	1062	277	0.2608	2	3.8734	1	3.8734
group_7177	372	3760	10.1075	27	149.2821	13	143.7531
group_9169	195	0	0.0000	0	0.0000	0	0.0000
group_11082	177	692	3.9096	8	92.9616	4	92.9616
ecfA2	141	0	0.0000	0	0.0000	0	0.0000
group_11326	174	0	0.0000	0	0.0000	0	0.0000
group_2198	277	0	0.0000	0	0.0000	0	0.0000
group_13225	153	0	0.0000	0	0.0000	0	0.0000
group_14896	330	0	0.0000	0	0.0000	0	0.0000
group_10910	873	302	0.3459	2	4.7120	1	4.7120
group_14897	432	604	1.3981	4	19.0442	2	19.0442
group_9534	192	0	0.0000	0	0.0000	0	0.0000
group_4629	240	235	0.9792	2	17.1398	1	17.1398
group_194	498	1721	3.4558	13	53.6909	6	49.5608
group_14060	144	0	0.0000	0	0.0000	0	0.0000
group_11101	558	0	0.0000	0	0.0000	0	0.0000
group_14900	765	2160	2.8235	15	40.3289	7	37.6403
group_14899	246	0	0.0000	0	0.0000	0	0.0000
group_7450	210	0	0.0000	0	0.0000	0	0.0000
yeeP	993	887	0.8933	6	12.4276	3	12.4276
group_7451	210	0	0.0000	0	0.0000	0	0.0000
group_8820	198	277	1.3990	2	20.7755	1	20.7755
group_14903	126	0	0.0000	0	0.0000	0	0.0000
group_10531	183	100	0.5464	2	22.4784	1	22.4784
group_4379	243	0	0.0000	0	0.0000	0	0.0000
group_12173	165	204	1.2364	2	24.9306	1	24.9306
group_997	285	0	0.0000	0	0.0000	0	0.0000
group_9734	1452	1661	1.1439	11	15.5816	5	14.1651
group_5372	1011	664	0.6568	5	10.1720	2	8.1376
group_10185	186	0	0.0000	0	0.0000	0	0.0000
group_10033	573	0	0.0000	0	0.0000	0	0.0000
group_6308	387	247	0.6382	2	10.6293	1	10.6293
group_9168	195	0	0.0000	0	0.0000	0	0.0000
group_14904	183	0	0.0000	0	0.0000	0	0.0000
group_14905	840	1207	1.4369	8	19.5883	4	19.5883
group_8118	204	0	0.0000	0	0.0000	0	0.0000
group_12705	831	0	0.0000	0	0.0000	0	0.0000
group_6339	639	0	0.0000	0	0.0000	0	0.0000
group_1349	486	151	0.3107	1	4.2320	0	0.0000
group_10034	573	0	0.0000	0	0.0000	0	0.0000
group_3744	1098	1229	1.1193	8	14.9856	4	14.9856
group_3469	723	302	0.4177	2	5.6896	1	5.6896
group_8047	930	273	0.2935	3	6.6348	1	4.4232
group_14906	270	0	0.0000	0	0.0000	0	0.0000
group_14907	378	0	0.0000	0	0.0000	0	0.0000
group_14908	402	151	0.3756	1	5.1164	0	0.0000
group_14911	225	274	1.2178	2	18.2824	1	18.2824
group_14910	117	0	0.0000	0	0.0000	0	0.0000
group_14909	108	0	0.0000	0	0.0000	0	0.0000
group_8373	357	0	0.0000	0	0.0000	0	0.0000
group_11603	549	0	0.0000	0	0.0000	0	0.0000
group_14242	294	717	2.4388	6	41.9750	3	41.9750
group_14912	159	0	0.0000	0	0.0000	0	0.0000
group_4066	105	208	1.9810	2	39.1767	1	39.1767
group_6275	222	0	0.0000	0	0.0000	0	0.0000
group_14913	2034	4064	1.9980	28	28.3135	14	28.3135
group_14914	438	3132	7.1507	23	108.0042	11	103.3083
group_2456	102	0	0.0000	0	0.0000	0	0.0000
group_5952	993	148	0.1490	2	4.1425	1	4.1425
group_14915	237	146	0.6160	1	8.6784	0	0.0000
group_14916	414	0	0.0000	0	0.0000	0	0.0000
group_14917	444	0	0.0000	0	0.0000	0	0.0000
group_12175	165	504	3.0545	4	49.8612	2	49.8612
group_335	135	0	0.0000	0	0.0000	0	0.0000
group_5896	1758	0	0.0000	0	0.0000	0	0.0000
group_10480	567	0	0.0000	0	0.0000	0	0.0000
group_2503	2892	302	0.1044	2	1.4224	1	1.4224
group_14918	171	0	0.0000	0	0.0000	0	0.0000
group_14921	219	0	0.0000	0	0.0000	0	0.0000
group_14922	225	165	0.7333	2	18.2824	1	18.2824
group_5563	657	0	0.0000	0	0.0000	0	0.0000
group_2577	753	1769	2.3493	13	35.5087	6	32.7773
group_14933	336	0	0.0000	0	0.0000	0	0.0000
group_14936	300	0	0.0000	0	0.0000	0	0.0000
group_14938	213	0	0.0000	0	0.0000	0	0.0000
group_8823	198	0	0.0000	0	0.0000	0	0.0000
group_8122	204	0	0.0000	0	0.0000	0	0.0000
group_10728	333	342	1.0270	4	24.7060	2	24.7060
group_6630	381	0	0.0000	0	0.0000	0	0.0000
group_7453	210	151	0.7190	1	9.7942	0	0.0000
group_14944	201	0	0.0000	0	0.0000	0	0.0000
group_14945	2892	3197	1.1055	23	16.3575	11	15.6463
group_14948	492	0	0.0000	0	0.0000	0	0.0000
group_14949	738	302	0.4092	2	5.5739	1	5.5739
group_10828	180	145	0.8056	1	11.4265	0	0.0000
group_9495	345	302	0.8754	2	11.9233	1	11.9233
group_11625	171	0	0.0000	0	0.0000	0	0.0000
group_3631	255	0	0.0000	0	0.0000	0	0.0000
group_7357	1593	606	0.3804	4	5.1645	2	5.1645
group_5278	1857	2704	1.4561	19	21.0440	9	19.9364
group_2598	96	0	0.0000	0	0.0000	0	0.0000
group_2758	459	150	0.3268	2	8.9620	1	8.9620
group_14950	138	192	1.3913	2	29.8083	1	29.8083
group_14951	162	0	0.0000	0	0.0000	0	0.0000
group_14952	120	0	0.0000	0	0.0000	0	0.0000
group_13212	303	0	0.0000	0	0.0000	0	0.0000
perM	1077	5190	4.8189	36	68.7501	18	68.7501
group_3887	708	0	0.0000	0	0.0000	0	0.0000
group_14953	663	0	0.0000	0	0.0000	0	0.0000
group_14954	1206	820	0.6799	6	10.2327	3	10.2327
group_14955	453	1114	2.4592	8	36.3227	4	36.3227
group_14956	141	130	0.9220	2	29.1741	1	29.1741
group_14957	894	937	1.0481	7	16.1045	3	13.8039
group_14958	627	4627	7.3796	32	104.9710	16	104.9710
group_14959	372	0	0.0000	0	0.0000	0	0.0000
group_14966	381	0	0.0000	0	0.0000	0	0.0000
group_14980	1143	0	0.0000	0	0.0000	0	0.0000
group_14967	138	0	0.0000	0	0.0000	0	0.0000
group_14974	2382	212	0.0890	2	1.7269	1	1.7269
group_14979	1587	0	0.0000	0	0.0000	0	0.0000
group_14969	189	0	0.0000	0	0.0000	0	0.0000
group_14976	789	0	0.0000	0	0.0000	0	0.0000
group_14970	639	0	0.0000	0	0.0000	0	0.0000
group_14963	228	0	0.0000	0	0.0000	0	0.0000
group_14981	477	0	0.0000	0	0.0000	0	0.0000
group_14972	165	0	0.0000	0	0.0000	0	0.0000
group_14968	702	0	0.0000	0	0.0000	0	0.0000
group_14982	378	0	0.0000	0	0.0000	0	0.0000
group_14962	267	0	0.0000	0	0.0000	0	0.0000
group_14977	2541	0	0.0000	0	0.0000	0	0.0000
group_14960	270	0	0.0000	0	0.0000	0	0.0000
group_14978	201	0	0.0000	0	0.0000	0	0.0000
group_14961	225	0	0.0000	0	0.0000	0	0.0000
group_14964	210	0	0.0000	0	0.0000	0	0.0000
group_14965	240	0	0.0000	0	0.0000	0	0.0000
group_14971	498	0	0.0000	0	0.0000	0	0.0000
group_14975	336	0	0.0000	0	0.0000	0	0.0000
group_14973	501	0	0.0000	0	0.0000	0	0.0000
group_14984	1494	4496	3.0094	30	41.3007	15	41.3007
group_14983	1317	0	0.0000	0	0.0000	0	0.0000
group_14985	675	0	0.0000	0	0.0000	0	0.0000
group_14986	225	0	0.0000	0	0.0000	0	0.0000
group_13871	297	349	1.1751	3	20.7755	1	13.8503
group_5905	393	944	2.4020	7	36.6347	3	31.4011
group_14987	222	0	0.0000	0	0.0000	0	0.0000
group_14988	138	0	0.0000	0	0.0000	0	0.0000
group_9188	585	0	0.0000	0	0.0000	0	0.0000
group_10829	180	132	0.7333	2	22.8531	1	22.8531
group_9588	579	0	0.0000	0	0.0000	0	0.0000
group_6466	384	0	0.0000	0	0.0000	0	0.0000
group_5346	402	0	0.0000	0	0.0000	0	0.0000
group_2538	99	0	0.0000	0	0.0000	0	0.0000
group_11668	321	0	0.0000	0	0.0000	0	0.0000
group_6799	378	0	0.0000	0	0.0000	0	0.0000
group_6858	216	0	0.0000	0	0.0000	0	0.0000
group_14989	1257	0	0.0000	0	0.0000	0	0.0000
group_14995	654	267	0.4083	2	6.2898	1	6.2898
group_15009	417	222	0.5324	2	9.8646	1	9.8646
group_15010	174	0	0.0000	0	0.0000	0	0.0000
group_4108	426	4688	11.0047	36	173.8120	18	173.8120
group_15011	228	0	0.0000	0	0.0000	0	0.0000
group_9799	342	1171	3.4240	8	48.1117	4	48.1117
group_2044	117	0	0.0000	0	0.0000	0	0.0000
group_5906	393	0	0.0000	0	0.0000	0	0.0000
group_6859	216	0	0.0000	0	0.0000	0	0.0000
group_3633	255	0	0.0000	0	0.0000	0	0.0000
group_2392	105	0	0.0000	0	0.0000	0	0.0000
group_15012	183	0	0.0000	0	0.0000	0	0.0000
group_7459	210	0	0.0000	0	0.0000	0	0.0000
group_4929	408	0	0.0000	0	0.0000	0	0.0000
group_7183	372	0	0.0000	0	0.0000	0	0.0000
group_15013	900	151	0.1678	1	2.2853	0	0.0000
group_4478	417	0	0.0000	0	0.0000	0	0.0000
group_15014	258	231	0.8953	2	15.9440	1	15.9440
group_4745	411	0	0.0000	0	0.0000	0	0.0000
group_5347	402	879	2.1866	6	30.6981	3	30.6981
group_3401	444	571	1.2860	4	18.5295	2	18.5295
group_15015	195	598	3.0667	4	42.1903	2	42.1903
group_5412	231	0	0.0000	0	0.0000	0	0.0000
group_15017	129	165	1.2791	2	31.8880	1	31.8880
group_15016	294	0	0.0000	0	0.0000	0	0.0000
group_15018	138	0	0.0000	0	0.0000	0	0.0000
group_15019	414	151	0.3647	1	4.9681	0	0.0000
group_3636	255	873	3.4235	6	48.3947	3	48.3947
group_4879	237	997	4.2068	8	69.4270	4	69.4270
group_15020	228	456	2.0000	4	36.0838	2	36.0838
group_15021	369	287	0.7778	2	11.1478	1	11.1478
group_15022	720	1510	2.0972	10	28.5663	5	28.5663
group_8829	198	0	0.0000	0	0.0000	0	0.0000
group_3212	261	246	0.9425	2	15.7607	1	15.7607
group_15023	171	216	1.2632	2	24.0558	1	24.0558
group_15024	259	486	1.8764	4	31.7649	2	31.7649
group_15025	261	479	1.8352	4	31.5215	2	31.5215
group_7158	213	0	0.0000	0	0.0000	0	0.0000
group_2457	102	0	0.0000	0	0.0000	0	0.0000
group_9803	342	0	0.0000	0	0.0000	0	0.0000
group_4180	1071	0	0.0000	0	0.0000	0	0.0000
group_5623	1806	302	0.1672	2	2.2777	1	2.2777
crr	510	0	0.0000	0	0.0000	0	0.0000
group_12688	159	0	0.0000	0	0.0000	0	0.0000
group_4638	240	3819	15.9125	29	248.5270	14	239.9571
group_8830	198	2779	14.0354	26	270.0816	13	270.0816
group_10969	330	16036	48.5939	119	741.6856	59	735.4529
group_15026	129	0	0.0000	0	0.0000	0	0.0000
group_4479	417	678	1.6259	5	24.6616	2	19.7293
group_15027	210	0	0.0000	0	0.0000	0	0.0000
group_8128	204	1560	7.6471	12	120.9868	6	120.9868
group_644	132	0	0.0000	0	0.0000	0	0.0000
group_15028	150	0	0.0000	0	0.0000	0	0.0000
group_11333	174	0	0.0000	0	0.0000	0	0.0000
group_496	288	3396	11.7917	35	249.9553	17	242.8137
group_15029	315	564	1.7905	8	52.2356	4	52.2356
group_15030	141	268	1.9007	2	29.1741	1	29.1741
group_15031	198	0	0.0000	0	0.0000	0	0.0000
group_5685	228	280	1.2281	2	18.0419	1	18.0419
group_12960	1299	20323	15.6451	109	172.5854	54	171.0021
group_15032	1647	5884	3.5726	42	52.4496	21	52.4496
group_15033	954	12635	13.2442	87	187.5675	43	185.4116
group_15034	1206	1159	0.9610	9	15.3491	4	13.6436
group_15035	372	4671	12.5565	36	199.0428	18	199.0428
group_3867	252	303	1.2024	2	16.3236	1	16.3236
group_4641	240	0	0.0000	0	0.0000	0	0.0000
group_7462	210	0	0.0000	0	0.0000	0	0.0000
group_15036	450	2579	5.7311	20	91.4122	10	91.4122
group_15037	186	0	0.0000	0	0.0000	0	0.0000
group_2045	117	0	0.0000	0	0.0000	0	0.0000
group_12443	162	0	0.0000	0	0.0000	0	0.0000
group_8098	360	0	0.0000	0	0.0000	0	0.0000
group_1636	123	0	0.0000	0	0.0000	0	0.0000
group_2393	105	0	0.0000	0	0.0000	0	0.0000
group_13597	1275	0	0.0000	0	0.0000	0	0.0000
group_6634	381	0	0.0000	0	0.0000	0	0.0000
group_12689	159	1581	9.9434	18	232.8425	9	232.8425
group_14069	144	0	0.0000	0	0.0000	0	0.0000
group_3169	2493	0	0.0000	0	0.0000	0	0.0000
group_3664	2283	0	0.0000	0	0.0000	0	0.0000
group_2842	744	0	0.0000	0	0.0000	0	0.0000
group_1703	777	0	0.0000	0	0.0000	0	0.0000
group_10423	882	0	0.0000	0	0.0000	0	0.0000
group_12938	156	0	0.0000	0	0.0000	0	0.0000
group_2046	117	0	0.0000	0	0.0000	0	0.0000
group_12184	150	0	0.0000	0	0.0000	0	0.0000
group_5571	657	3120	4.7489	24	75.1333	12	75.1333
group_4712	1041	804	0.7723	6	11.8546	3	11.8546
group_12724	1311	906	0.6911	6	9.4132	3	9.4132
group_7677	939	0	0.0000	0	0.0000	0	0.0000
group_6402	978	0	0.0000	0	0.0000	0	0.0000
group_13791	147	0	0.0000	0	0.0000	0	0.0000
group_7515	612	21518	35.1601	157	527.6368	78	524.2760
group_12448	162	791	4.8827	8	101.5691	4	101.5691
group_2761	459	31583	68.8083	230	1030.6281	115	1030.6281
group_5996	225	0	0.0000	0	0.0000	0	0.0000
group_4481	417	0	0.0000	0	0.0000	0	0.0000
group_1030	285	2168	7.6070	16	115.4681	8	115.4681
group_14070	144	0	0.0000	0	0.0000	0	0.0000
group_11098	177	144	0.8136	2	23.2404	1	23.2404
group_15039	1665	0	0.0000	0	0.0000	0	0.0000
group_15038	432	0	0.0000	0	0.0000	0	0.0000
group_1064	4074	906	0.2224	6	3.0291	3	3.0291
group_12864	528	181	0.3428	2	7.7908	1	7.7908
group_4051	249	0	0.0000	0	0.0000	0	0.0000
group_15040	129	0	0.0000	0	0.0000	0	0.0000
lPA3	744	1428	1.9194	10	27.6448	5	27.6448
group_12186	165	10305	62.4545	102	1271.4610	51	1271.4610
group_4301	1062	0	0.0000	0	0.0000	0	0.0000
group_5415	231	0	0.0000	0	0.0000	0	0.0000
group_13511	150	0	0.0000	0	0.0000	0	0.0000
group_15043	390	0	0.0000	0	0.0000	0	0.0000
group_2458	102	0	0.0000	0	0.0000	0	0.0000
group_13034	525	151	0.2876	1	3.9177	0	0.0000
group_2670	93	0	0.0000	0	0.0000	0	0.0000
group_12943	306	1946	6.3595	14	94.1008	7	94.1008
group_5069	1023	0	0.0000	0	0.0000	0	0.0000
group_14071	144	0	0.0000	0	0.0000	0	0.0000
group_3638	255	0	0.0000	0	0.0000	0	0.0000
group_7664	609	0	0.0000	0	0.0000	0	0.0000
group_12942	156	462	2.9615	4	52.7378	2	52.7378
group_4133	1074	0	0.0000	0	0.0000	0	0.0000
group_9853	189	0	0.0000	0	0.0000	0	0.0000
group_5318	663	0	0.0000	0	0.0000	0	0.0000
group_5686	228	151	0.6623	1	9.0209	0	0.0000
group_5687	228	0	0.0000	0	0.0000	0	0.0000
group_6281	222	274	1.2342	2	18.5295	1	18.5295
group_11395	324	0	0.0000	0	0.0000	0	0.0000
group_5416	231	485	2.0996	4	35.6152	2	35.6152
group_13795	147	0	0.0000	0	0.0000	0	0.0000
group_9193	195	0	0.0000	0	0.0000	0	0.0000
group_2235	765	0	0.0000	0	0.0000	0	0.0000
group_15064	276	0	0.0000	0	0.0000	0	0.0000
group_15050	603	0	0.0000	0	0.0000	0	0.0000
group_15056	1068	0	0.0000	0	0.0000	0	0.0000
group_15046	570	302	0.5298	2	7.2168	1	7.2168
group_15055	459	0	0.0000	0	0.0000	0	0.0000
group_15052	366	0	0.0000	0	0.0000	0	0.0000
group_9194	585	0	0.0000	0	0.0000	0	0.0000
group_1945	120	0	0.0000	0	0.0000	0	0.0000
group_8922	588	0	0.0000	0	0.0000	0	0.0000
group_2671	93	0	0.0000	0	0.0000	0	0.0000
group_3279	1125	0	0.0000	0	0.0000	0	0.0000
group_1635	123	0	0.0000	0	0.0000	0	0.0000
group_1341	126	0	0.0000	0	0.0000	0	0.0000
group_338	135	0	0.0000	0	0.0000	0	0.0000
group_4330	420	0	0.0000	0	0.0000	0	0.0000
group_12691	159	0	0.0000	0	0.0000	0	0.0000
group_10065	1437	0	0.0000	0	0.0000	0	0.0000
group_13514	150	0	0.0000	0	0.0000	0	0.0000
group_12447	162	0	0.0000	0	0.0000	0	0.0000
group_339	135	0	0.0000	0	0.0000	0	0.0000
group_2578	753	371	0.4927	2	5.4629	1	5.4629
group_1342	126	198	1.5714	2	32.6472	1	32.6472
group_8463	201	0	0.0000	0	0.0000	0	0.0000
group_13798	147	241	1.6395	2	27.9833	1	27.9833
group_8464	201	0	0.0000	0	0.0000	0	0.0000
group_5711	396	0	0.0000	0	0.0000	0	0.0000
group_11099	177	0	0.0000	0	0.0000	0	0.0000
group_8835	198	788	3.9798	8	83.1020	4	83.1020
group_13883	297	0	0.0000	0	0.0000	0	0.0000
group_650	132	0	0.0000	0	0.0000	0	0.0000
group_11396	324	302	0.9321	2	12.6961	1	12.6961
group_5418	231	250	1.0823	2	17.8076	1	17.8076
group_2673	93	0	0.0000	0	0.0000	0	0.0000
group_2067	1188	1057	0.8897	7	12.1190	3	10.3878
group_434	495	0	0.0000	0	0.0000	0	0.0000
group_15068	273	0	0.0000	0	0.0000	0	0.0000
group_15069	747	1375	1.8407	10	27.5338	5	27.5338
group_15070	141	0	0.0000	0	0.0000	0	0.0000
group_15071	93	0	0.0000	0	0.0000	0	0.0000
group_15073	468	0	0.0000	0	0.0000	0	0.0000
group_15072	264	151	0.5720	1	7.7908	0	0.0000
group_15074	120	0	0.0000	0	0.0000	0	0.0000
group_15075	273	0	0.0000	0	0.0000	0	0.0000
group_15076	159	179	1.1258	2	25.8714	1	25.8714
group_15079	108	0	0.0000	0	0.0000	0	0.0000
group_15077	501	4160	8.3034	32	131.3709	16	131.3709
group_15078	522	14042	26.9004	112	441.3004	56	441.3004
group_15080	192	192	1.0000	4	42.8495	2	42.8495
group_4447	1053	166810	158.4141	1155	2256.0069	577	2254.0537
group_15081	99	0	0.0000	0	0.0000	0	0.0000
group_7771	207	0	0.0000	0	0.0000	0	0.0000
group_3542	441	1208	2.7392	8	37.3111	4	37.3111
group_8382	357	0	0.0000	0	0.0000	0	0.0000
group_4262	300	3268	10.8933	23	157.6861	11	150.8302
group_5012	1026	302	0.2943	2	4.0093	1	4.0093
group_12961	879	591	0.6724	4	9.3596	2	9.3596
group_4263	849	5278	6.2167	37	89.6357	18	87.2131
group_10733	333	536	1.6096	4	24.7060	2	24.7060
group_7886	933	439	0.4705	3	6.6134	1	4.4089
group_6576	219	0	0.0000	0	0.0000	0	0.0000
group_13232	153	383	2.5033	4	53.7719	2	53.7719
group_15082	846	4271	5.0485	30	72.9353	15	72.9353
group_15083	270	0	0.0000	0	0.0000	0	0.0000
group_12947	156	0	0.0000	0	0.0000	0	0.0000
group_15084	255	0	0.0000	0	0.0000	0	0.0000
group_15085	366	453	1.2377	3	16.8588	1	11.2392
group_15086	708	1633	2.3065	11	31.9555	5	29.0505
group_15087	192	0	0.0000	0	0.0000	0	0.0000
group_2588	270	126	0.4667	2	15.2354	1	15.2354
dnaA	702	18919	26.9501	131	383.8142	65	380.8843
group_4883	237	1080	4.5570	8	69.4270	4	69.4270
group_12868	528	1510	2.8598	10	38.9541	5	38.9541
group_9863	189	0	0.0000	0	0.0000	0	0.0000
group_3640	255	151	0.5922	1	8.0658	0	0.0000
group_15089	561	0	0.0000	0	0.0000	0	0.0000
group_15088	600	438	0.7300	3	10.2839	1	6.8559
group_13176	1290	1466	1.1364	10	15.9440	5	15.9440
group_11170	867	151	0.1742	1	2.3723	0	0.0000
group_6477	978	4079	4.1708	29	60.9882	14	58.8852
group_2048	117	0	0.0000	0	0.0000	0	0.0000
group_15090	201	0	0.0000	0	0.0000	0	0.0000
group_15092	192	0	0.0000	0	0.0000	0	0.0000
group_15091	270	151	0.5593	1	7.6177	0	0.0000
group_4054	249	0	0.0000	0	0.0000	0	0.0000
group_7376	369	0	0.0000	0	0.0000	0	0.0000
group_8342	924	0	0.0000	0	0.0000	0	0.0000
group_11171	867	302	0.3483	2	4.7446	1	4.7446
group_15093	363	756	2.0826	7	39.6623	3	33.9963
group_13295	819	3998	4.8816	28	70.3171	14	70.3171
group_6007	123	0	0.0000	0	0.0000	0	0.0000
group_15094	894	5323	5.9541	37	85.1238	18	82.8232
group_15095	240	146	0.6083	2	17.1398	1	17.1398
group_4389	243	0	0.0000	0	0.0000	0	0.0000
group_15096	195	0	0.0000	0	0.0000	0	0.0000
group_15097	309	524	1.6958	4	26.6249	2	26.6249
group_15098	213	237	1.1127	2	19.3124	1	19.3124
group_4648	240	0	0.0000	0	0.0000	0	0.0000
group_15099	228	0	0.0000	0	0.0000	0	0.0000
group_15100	882	0	0.0000	0	0.0000	0	0.0000
group_15114	801	0	0.0000	0	0.0000	0	0.0000
group_15107	1197	0	0.0000	0	0.0000	0	0.0000
group_15105	480	0	0.0000	0	0.0000	0	0.0000
group_15103	396	0	0.0000	0	0.0000	0	0.0000
group_15116	126	201	1.5952	2	32.6472	1	32.6472
group_15106	1203	20891	17.3658	143	244.4878	71	242.7781
group_15112	552	0	0.0000	0	0.0000	0	0.0000
group_15101	759	0	0.0000	0	0.0000	0	0.0000
group_15118	276	151	0.5471	1	7.4521	0	0.0000
group_7802	363	0	0.0000	0	0.0000	0	0.0000
group_15119	999	0	0.0000	0	0.0000	0	0.0000
group_15120	108	0	0.0000	0	0.0000	0	0.0000
group_5572	657	731	1.1126	5	15.6528	2	12.5222
group_11334	174	0	0.0000	0	0.0000	0	0.0000
group_8532	1515	0	0.0000	0	0.0000	0	0.0000
group_4289	624	4013	6.4311	29	95.5873	14	92.2912
group_4299	2082	603	0.2896	8	7.9031	4	7.9031
group_11104	177	0	0.0000	0	0.0000	0	0.0000
group_15122	1080	1657	1.5343	11	20.9486	5	19.0442
group_15121	396	840	2.1212	6	31.1633	3	31.1633
group_3476	723	151	0.2089	1	2.8448	0	0.0000
group_15124	93	0	0.0000	0	0.0000	0	0.0000
katG	2175	6612	3.0400	52	49.1735	26	49.1735
group_15126	207	0	0.0000	0	0.0000	0	0.0000
group_15125	435	604	1.3885	4	18.9129	2	18.9129
group_4293	1170	3725	3.1838	30	52.7378	15	52.7378
group_15127	99	0	0.0000	0	0.0000	0	0.0000
group_2599	96	0	0.0000	0	0.0000	0	0.0000
group_2357	1176	1943	1.6522	13	22.7365	6	20.9875
group_2642	462	0	0.0000	0	0.0000	0	0.0000
group_15128	582	0	0.0000	0	0.0000	0	0.0000
group_15135	525	151	0.2876	1	3.9177	0	0.0000
group_15133	549	366	0.6667	4	14.9856	2	14.9856
group_15136	690	415	0.6014	5	14.9042	2	11.9233
group_15137	699	5089	7.2804	36	105.9283	18	105.9283
group_15138	450	823	1.8289	7	31.9943	3	27.4237
group_7647	1569	0	0.0000	0	0.0000	0	0.0000
group_4305	831	906	1.0903	6	14.8504	3	14.8504
group_7470	210	0	0.0000	0	0.0000	0	0.0000
group_11237	555	7793	14.0414	58	214.9423	29	214.9423
group_6057	990	0	0.0000	0	0.0000	0	0.0000
group_10706	1407	302	0.2146	2	2.9236	1	2.9236
group_7590	366	0	0.0000	0	0.0000	0	0.0000
group_4310	783	19847	25.3474	139	365.1236	69	362.4968
group_9196	195	80	0.4103	1	10.5476	0	0.0000
group_8144	204	252	1.2353	3	30.2467	1	20.1645
group_15141	996	730	0.7329	6	12.3902	3	12.3902
group_15142	456	0	0.0000	0	0.0000	0	0.0000
group_15145	468	0	0.0000	0	0.0000	0	0.0000
group_15143	969	0	0.0000	0	0.0000	0	0.0000
group_15146	171	198	1.1579	2	24.0558	1	24.0558
group_15147	1194	12156	10.1809	84	144.6977	42	144.6977
group_15149	894	980	1.0962	7	16.1045	3	13.8039
group_15148	894	1002	1.1208	7	16.1045	3	13.8039
group_15154	786	302	0.3842	2	5.2335	1	5.2335
group_94	9939	1174	0.1181	8	1.6555	4	1.6555
group_15155	66	0	0.0000	0	0.0000	0	0.0000
group_15156	138	0	0.0000	0	0.0000	0	0.0000
group_15158	1536	24093	15.6855	172	230.3160	86	230.3160
group_15157	774	604	0.7804	4	10.6293	2	10.6293
group_15159	264	0	0.0000	0	0.0000	0	0.0000
group_15160	300	0	0.0000	0	0.0000	0	0.0000
group_15161	585	1144	1.9556	8	28.1268	4	28.1268
group_15162	321	1299	4.0467	11	70.4814	5	64.0740
group_15164	459	755	1.6449	5	22.4050	2	17.9240
group_12037	846	1448	1.7116	10	24.3118	5	24.3118
group_3171	732	0	0.0000	0	0.0000	0	0.0000
group_15165	1983	599	0.3021	4	4.1488	2	4.1488
group_15166	783	0	0.0000	0	0.0000	0	0.0000
group_15167	138	0	0.0000	0	0.0000	0	0.0000
group_15168	372	151	0.4059	1	5.5290	0	0.0000
group_15169	363	0	0.0000	0	0.0000	0	0.0000
group_15171	390	1423	3.6487	10	52.7378	5	52.7378
group_7011	1626	731	0.4496	5	6.3246	2	5.0597
group_15172	273	420	1.5385	5	37.6699	2	30.1359
group_15173	243	384	1.5802	4	33.8564	2	33.8564
group_15174	810	302	0.3728	2	5.0785	1	5.0785
group_15175	708	0	0.0000	0	0.0000	0	0.0000
group_15176	96	0	0.0000	0	0.0000	0	0.0000
group_2245	111	0	0.0000	0	0.0000	0	0.0000
group_15177	138	587	4.2536	6	89.4250	3	89.4250
group_12709	831	2402	2.8905	16	39.6010	8	39.6010
group_7413	945	0	0.0000	0	0.0000	0	0.0000
group_10196	186	273	1.4677	2	22.1159	1	22.1159
group_4195	696	5049	7.2543	36	106.3849	18	106.3849
group_2799	459	291	0.6340	2	8.9620	1	8.9620
group_15178	363	151	0.4160	1	5.6660	0	0.0000
group_15180	105	0	0.0000	0	0.0000	0	0.0000
group_15179	207	0	0.0000	0	0.0000	0	0.0000
group_15191	624	0	0.0000	0	0.0000	0	0.0000
group_15185	411	302	0.7348	2	10.0086	1	10.0086
group_15183	1296	3879	2.9931	26	41.2625	13	41.2625
group_15186	300	302	1.0067	2	13.7118	1	13.7118
group_15182	393	0	0.0000	0	0.0000	0	0.0000
group_15184	261	0	0.0000	0	0.0000	0	0.0000
group_15187	1071	3822	3.5686	26	49.9310	13	49.9310
group_15190	1143	302	0.2642	2	3.5989	1	3.5989
group_15188	927	0	0.0000	0	0.0000	0	0.0000
group_15181	327	0	0.0000	0	0.0000	0	0.0000
group_15189	432	302	0.6991	2	9.5221	1	9.5221
group_8844	198	0	0.0000	0	0.0000	0	0.0000
group_15192	996	4451	4.4689	31	64.0161	15	61.9511
group_15193	288	0	0.0000	0	0.0000	0	0.0000
group_15195	192	0	0.0000	0	0.0000	0	0.0000
group_15196	276	0	0.0000	0	0.0000	0	0.0000
group_15197	243	0	0.0000	0	0.0000	0	0.0000
group_15194	195	693	3.5538	8	84.3805	4	84.3805
group_11633	172	0	0.0000	0	0.0000	0	0.0000
group_15199	321	229	0.7134	2	12.8148	1	12.8148
group_15198	363	79	0.2176	1	5.6660	0	0.0000
group_15202	714	151	0.2115	1	2.8806	0	0.0000
group_15201	291	0	0.0000	0	0.0000	0	0.0000
group_15204	1287	1120	0.8702	8	12.7849	4	12.7849
group_15206	372	8077	21.7124	59	326.2090	29	320.6800
group_15207	231	362	1.5671	4	35.6152	2	35.6152
group_2263	5409	1208	0.2233	8	3.0420	4	3.0420
group_108	9651	3460	0.3585	24	5.1148	12	5.1148
group_7789	606	0	0.0000	0	0.0000	0	0.0000
group_15208	957	1359	1.4201	9	19.3427	4	17.1935
group_15209	960	726	0.7563	6	12.8548	3	12.8548
avd	354	766	2.1638	6	34.8606	3	34.8606
group_5688	654	0	0.0000	0	0.0000	0	0.0000
group_4856	675	302	0.4474	2	6.0941	1	6.0941
group_15210	219	151	0.6895	1	9.3917	0	0.0000
group_15211	168	0	0.0000	0	0.0000	0	0.0000
group_15212	225	951	4.2267	7	63.9886	3	54.8473
group_5532	399	0	0.0000	0	0.0000	0	0.0000
group_15213	762	3796	4.9816	27	72.8779	13	70.1787
group_15214	681	1105	1.6226	7	21.1416	3	18.1214
group_14614	273	0	0.0000	0	0.0000	0	0.0000
group_15215	594	736	1.2391	5	17.3129	2	13.8503
group_12952	156	494	3.1667	4	52.7378	2	52.7378
group_15216	438	509	1.1621	4	18.7833	2	18.7833
group_15217	687	740	1.0771	6	17.9631	3	17.9631
group_7591	366	453	1.2377	3	16.8588	1	11.2392
group_15218	345	151	0.4377	1	5.9617	0	0.0000
group_4390	243	427	1.7572	4	33.8564	2	33.8564
group_12954	156	827	5.3013	7	92.2912	3	79.1067
group_15219	300	604	2.0133	4	27.4237	2	27.4237
group_15220	147	0	0.0000	0	0.0000	0	0.0000
group_14072	144	0	0.0000	0	0.0000	0	0.0000
group_15221	1743	4859	2.7877	34	40.1207	17	40.1207
group_15222	198	220	1.1111	2	20.7755	1	20.7755
group_15223	828	657	0.7935	6	14.9042	3	14.9042
group_15224	1413	7305	5.1699	49	71.3248	24	69.8692
group_4058	250	1006	4.0240	8	65.8168	4	65.8168
group_11339	174	0	0.0000	0	0.0000	0	0.0000
group_5540	1005	151	0.1502	1	2.0465	0	0.0000
group_4228	2109	212	0.1005	2	1.9505	1	1.9505
group_2460	102	0	0.0000	0	0.0000	0	0.0000
group_13179	1290	0	0.0000	0	0.0000	0	0.0000
group_9381	903	302	0.3344	2	4.5554	1	4.5554
group_343	135	0	0.0000	0	0.0000	0	0.0000
group_8873	915	1208	1.3202	8	17.9827	4	17.9827
group_425	5631	2699	0.4793	19	6.9399	9	6.5747
group_12333	1329	0	0.0000	0	0.0000	0	0.0000
group_11929	318	0	0.0000	0	0.0000	0	0.0000
group_9288	348	0	0.0000	0	0.0000	0	0.0000
group_2603	96	0	0.0000	0	0.0000	0	0.0000
group_3896	600	4829	8.0483	32	109.6947	16	109.6947
group_13236	153	0	0.0000	0	0.0000	0	0.0000
group_15225	237	0	0.0000	0	0.0000	0	0.0000
group_15226	153	0	0.0000	0	0.0000	0	0.0000
group_15227	204	0	0.0000	0	0.0000	0	0.0000
group_11762	546	466	0.8535	4	15.0679	2	15.0679
group_15228	252	539	2.1389	4	32.6472	2	32.6472
group_15229	111	0	0.0000	0	0.0000	0	0.0000
group_3602	2310	1724	0.7463	16	14.2461	8	14.2461
group_11409	552	302	0.5471	2	7.4521	1	7.4521
group_15230	4812	14236	2.9584	101	43.1701	50	42.7426
group_15232	165	0	0.0000	0	0.0000	0	0.0000
group_2136	474	0	0.0000	0	0.0000	0	0.0000
group_15233	174	236	1.3563	2	23.6411	1	23.6411
group_10046	573	151	0.2635	1	3.5895	0	0.0000
group_15234	237	0	0.0000	0	0.0000	0	0.0000
group_2269	471	797	1.6921	6	26.2010	3	26.2010
group_12451	163	215	1.3190	2	25.2365	1	25.2365
group_4036	702	0	0.0000	0	0.0000	0	0.0000
group_4357	3579	3346	0.9349	23	13.2176	11	12.6429
group_8977	912	0	0.0000	0	0.0000	0	0.0000
group_4876	1932	2591	1.3411	18	19.1625	9	19.1625
group_841	4392	2716	0.6184	22	10.3026	11	10.3026
group_10430	882	0	0.0000	0	0.0000	0	0.0000
group_8521	921	224	0.2432	2	4.4664	1	4.4664
group_3148	450	569	1.2644	4	18.2824	2	18.2824
group_2070	1188	0	0.0000	0	0.0000	0	0.0000
group_9417	582	0	0.0000	0	0.0000	0	0.0000
group_2972	264	256	0.9697	2	15.5816	1	15.5816
group_14334	141	130	0.9220	2	29.1741	1	29.1741
group_52	138	0	0.0000	0	0.0000	0	0.0000
group_11342	174	0	0.0000	0	0.0000	0	0.0000
group_13238	153	0	0.0000	0	0.0000	0	0.0000
group_7167	213	168	0.7887	2	19.3124	1	19.3124
group_4891	237	0	0.0000	0	0.0000	0	0.0000
group_6637	381	0	0.0000	0	0.0000	0	0.0000
group_13125	1293	8559	6.6195	57	90.6699	28	89.0792
group_2246	111	0	0.0000	0	0.0000	0	0.0000
group_10840	180	0	0.0000	0	0.0000	0	0.0000
group_15236	168	0	0.0000	0	0.0000	0	0.0000
group_15238	123	0	0.0000	0	0.0000	0	0.0000
group_15239	342	0	0.0000	0	0.0000	0	0.0000
group_15240	282	0	0.0000	0	0.0000	0	0.0000
group_15241	108	0	0.0000	0	0.0000	0	0.0000
group_9254	906	239	0.2638	2	4.5403	1	4.5403
group_13228	303	0	0.0000	0	0.0000	0	0.0000
group_2580	753	852	1.1315	6	16.3886	3	16.3886
group_2726	90	154	1.7111	2	45.7061	1	45.7061
group_15244	1887	151	0.0800	1	1.0900	0	0.0000
group_15242	1599	674	0.4215	6	7.7177	3	7.7177
group_2645	462	0	0.0000	0	0.0000	0	0.0000
group_12189	165	0	0.0000	0	0.0000	0	0.0000
group_3800	711	151	0.2124	1	2.8928	0	0.0000
group_4934	408	0	0.0000	0	0.0000	0	0.0000
group_54	138	0	0.0000	0	0.0000	0	0.0000
group_4890	237	0	0.0000	0	0.0000	0	0.0000
group_11637	171	0	0.0000	0	0.0000	0	0.0000
group_15245	417	0	0.0000	0	0.0000	0	0.0000
group_12297	537	604	1.1248	4	15.3205	2	15.3205
group_2403	273	0	0.0000	0	0.0000	0	0.0000
group_6225	642	151	0.2352	1	3.2037	0	0.0000
group_7082	621	0	0.0000	0	0.0000	0	0.0000
group_10205	186	0	0.0000	0	0.0000	0	0.0000
group_11180	327	302	0.9235	2	12.5797	1	12.5797
group_15246	2781	6423	2.3096	36	26.6249	18	26.6249
group_15247	303	1320	4.3564	10	67.8804	5	67.8804
group_15248	2874	13196	4.5915	75	53.6737	37	52.9580
group_13530	1278	1001	0.7833	7	11.2656	3	9.6562
group_15250	1863	2540	1.3634	20	22.0802	10	22.0802
group_15251	198	236	1.1919	2	20.7755	1	20.7755
group_15249	183	0	0.0000	0	0.0000	0	0.0000
group_15252	1986	2810	1.4149	22	22.7840	11	22.7840
group_2792	267	0	0.0000	0	0.0000	0	0.0000
group_15254	687	0	0.0000	0	0.0000	0	0.0000
group_15255	591	4791	8.1066	33	114.8453	16	111.3652
group_15256	1212	302	0.2492	2	3.3940	1	3.3940
group_15257	1914	19698	10.2915	143	153.6671	71	152.5925
group_15258	2016	5882	2.9177	40	40.8090	20	40.8090
group_7527	612	19160	31.3072	138	463.7826	69	463.7826
group_15261	189	0	0.0000	0	0.0000	0	0.0000
group_6037	123	0	0.0000	0	0.0000	0	0.0000
group_15262	642	7366	11.4735	54	172.9998	27	172.9998
group_15264	765	281	0.3673	2	5.3772	1	5.3772
group_15263	927	754	0.8134	6	13.3125	3	13.3125
group_15265	945	2333	2.4688	17	37.0002	8	34.8237
group_13806	147	4185	28.4694	46	643.6167	23	643.6167
group_15266	213	710	3.3333	5	48.2811	2	38.6249
group_15267	969	1812	1.8700	12	25.4709	6	25.4709
group_15268	138	0	0.0000	0	0.0000	0	0.0000
group_15270	678	384	0.5664	4	12.1344	2	12.1344
group_7779	207	0	0.0000	0	0.0000	0	0.0000
group_15271	1137	2017	1.7740	14	25.3253	7	25.3253
group_15272	1059	3090	2.9178	20	38.8437	10	38.8437
group_15273	714	2347	3.2871	17	48.9708	8	46.0902
group_4654	240	657	2.7375	4	34.2796	2	34.2796
group_15274	675	7805	11.5630	59	179.7774	29	176.7303
group_15275	873	4454	5.1019	22	51.8317	11	51.8317
group_15276	447	1208	2.7025	8	36.8103	4	36.8103
group_15277	570	112	0.1965	2	7.2168	1	7.2168
group_1020	129	196	1.5194	2	31.8880	1	31.8880
group_6006	1746	1162	0.6655	10	11.7799	5	11.7799
group_8469	201	0	0.0000	0	0.0000	0	0.0000
group_6989	375	448	1.1947	3	16.4542	1	10.9695
group_2839	1149	0	0.0000	0	0.0000	0	0.0000
group_2675	93	0	0.0000	0	0.0000	0	0.0000
group_15278	160	171	1.0688	2	25.7097	1	25.7097
group_10741	333	0	0.0000	0	0.0000	0	0.0000
group_9204	195	530	2.7179	4	42.1903	2	42.1903
group_4892	237	151	0.6371	1	8.6784	0	0.0000
group_439	495	0	0.0000	0	0.0000	0	0.0000
group_5698	282	0	0.0000	0	0.0000	0	0.0000
group_4224	246	1673	6.8008	14	117.0522	7	117.0522
group_12698	159	0	0.0000	0	0.0000	0	0.0000
group_10843	180	500	2.7778	4	45.7061	2	45.7061
group_7793	606	1456	2.4026	11	37.3342	5	33.9402
group_2581	753	2714	3.6042	18	49.1659	9	49.1659
group_5072	1023	5406	5.2845	37	74.3897	18	72.3792
group_9872	189	149	0.7884	1	10.8824	0	0.0000
group_3576	288	779	2.7049	6	42.8495	3	42.8495
group_3951	1086	6007	5.5313	43	81.4377	21	79.5438
group_2149	116	0	0.0000	0	0.0000	0	0.0000
group_13808	147	0	0.0000	0	0.0000	0	0.0000
group_1057	489	0	0.0000	0	0.0000	0	0.0000
group_2540	99	0	0.0000	0	0.0000	0	0.0000
group_13763	810	432	0.5333	4	10.1569	2	10.1569
group_661	132	0	0.0000	0	0.0000	0	0.0000
group_3408	444	703	1.5833	5	23.1619	2	18.5295
group_1946	3453	12698	3.6774	85	50.6301	42	50.0345
group_2004	1191	0	0.0000	0	0.0000	0	0.0000
group_5959	993	0	0.0000	0	0.0000	0	0.0000
group_8857	198	0	0.0000	0	0.0000	0	0.0000
group_10742	333	0	0.0000	0	0.0000	0	0.0000
group_1952	120	106	0.8833	2	34.2796	1	34.2796
group_11343	174	0	0.0000	0	0.0000	0	0.0000
group_2595	270	0	0.0000	0	0.0000	0	0.0000
group_11683	321	0	0.0000	0	0.0000	0	0.0000
group_9624	1461	1661	1.1369	12	16.8934	6	16.8934
group_807	786	0	0.0000	0	0.0000	0	0.0000
group_11905	849	0	0.0000	0	0.0000	0	0.0000
group_3409	444	0	0.0000	0	0.0000	0	0.0000
group_3879	252	881	3.4960	8	65.2944	4	65.2944
group_3878	252	274	1.0873	2	16.3236	1	16.3236
group_13812	1266	3198	2.5261	22	35.7417	11	35.7417
group_5700	228	0	0.0000	0	0.0000	0	0.0000
group_15279	828	453	0.5471	3	7.4521	1	4.9681
group_6454	636	0	0.0000	0	0.0000	0	0.0000
group_4429	2046	0	0.0000	0	0.0000	0	0.0000
panD	480	0	0.0000	0	0.0000	0	0.0000
group_12085	1338	0	0.0000	0	0.0000	0	0.0000
group_1375	486	0	0.0000	0	0.0000	0	0.0000
group_13564	300	0	0.0000	0	0.0000	0	0.0000
group_4060	249	634	2.5462	5	41.3007	2	33.0406
group_15281	1215	1468	1.2082	10	16.9282	5	16.9282
group_15282	963	3291	3.4174	23	49.1234	11	46.9876
group_15280	1032	2036	1.9729	16	31.8880	8	31.8880
group_118	291	0	0.0000	0	0.0000	0	0.0000
group_10210	186	481	2.5860	6	66.3476	3	66.3476
group_10150	339	73504	216.8260	536	3252.0103	268	3252.0103
group_2241	765	1944	2.5412	14	37.6403	7	37.6403
group_3544	441	1013	2.2971	7	32.6472	3	27.9833
group_7781	207	0	0.0000	0	0.0000	0	0.0000
group_7733	1560	0	0.0000	0	0.0000	0	0.0000
group_8859	198	0	0.0000	0	0.0000	0	0.0000
group_2541	99	0	0.0000	0	0.0000	0	0.0000
group_9521	345	574	1.6638	4	23.8467	2	23.8467
group_9874	189	0	0.0000	0	0.0000	0	0.0000
group_1359	126	0	0.0000	0	0.0000	0	0.0000
group_15288	438	0	0.0000	0	0.0000	0	0.0000
group_15292	1779	0	0.0000	0	0.0000	0	0.0000
group_15297	1752	396	0.2260	4	4.6958	2	4.6958
group_15283	276	0	0.0000	0	0.0000	0	0.0000
group_15291	3021	0	0.0000	0	0.0000	0	0.0000
group_15285	1032	0	0.0000	0	0.0000	0	0.0000
group_15286	1902	0	0.0000	0	0.0000	0	0.0000
group_15287	234	0	0.0000	0	0.0000	0	0.0000
group_15290	762	0	0.0000	0	0.0000	0	0.0000
group_15293	1218	0	0.0000	0	0.0000	0	0.0000
group_15298	1092	0	0.0000	0	0.0000	0	0.0000
group_15284	756	0	0.0000	0	0.0000	0	0.0000
group_15289	627	0	0.0000	0	0.0000	0	0.0000
group_15296	408	13635	33.4191	104	524.2760	52	524.2760
group_15294	156	986	6.3205	8	105.4756	4	105.4756
group_7173	213	0	0.0000	0	0.0000	0	0.0000
group_11913	168	271	1.6131	2	24.4854	1	24.4854
group_5639	1002	824	0.8224	6	12.3160	3	12.3160
group_7174	213	0	0.0000	0	0.0000	0	0.0000
group_3646	255	907	3.5569	7	56.4605	3	48.3947
group_3722	714	0	0.0000	0	0.0000	0	0.0000
group_6059	990	0	0.0000	0	0.0000	0	0.0000
group_12596	1317	0	0.0000	0	0.0000	0	0.0000
group_15299	135	0	0.0000	0	0.0000	0	0.0000
group_15304	3900	674	0.1728	6	3.1643	3	3.1643
group_15303	861	320	0.3717	3	7.1665	1	4.7776
group_8155	204	0	0.0000	0	0.0000	0	0.0000
group_6010	225	0	0.0000	0	0.0000	0	0.0000
group_9553	192	1170	6.0938	10	107.1237	5	107.1237
group_10215	186	0	0.0000	0	0.0000	0	0.0000
group_11107	177	224	1.2655	2	23.2404	1	23.2404
group_11414	324	151	0.4660	1	6.3481	0	0.0000
group_4039	702	2385	3.3974	17	49.8079	8	46.8781
group_7179	213	0	0.0000	0	0.0000	0	0.0000
group_10968	561	0	0.0000	0	0.0000	0	0.0000
group_7671	609	0	0.0000	0	0.0000	0	0.0000
group_7782	207	0	0.0000	0	0.0000	0	0.0000
group_522	288	0	0.0000	0	0.0000	0	0.0000
group_6291	1707	12815	7.5073	88	106.0318	44	106.0318
group_2605	96	0	0.0000	0	0.0000	0	0.0000
group_4062	249	0	0.0000	0	0.0000	0	0.0000
group_1023	129	0	0.0000	0	0.0000	0	0.0000
group_136	1233	0	0.0000	0	0.0000	0	0.0000
group_5730	396	0	0.0000	0	0.0000	0	0.0000
group_11413	324	1044	3.2222	8	50.7846	4	50.7846
group_4667	681	276	0.4053	2	6.0405	1	6.0405
group_15307	1116	0	0.0000	0	0.0000	0	0.0000
group_15306	2577	302	0.1172	2	1.5963	1	1.5963
group_11246	555	0	0.0000	0	0.0000	0	0.0000
group_13925	510	0	0.0000	0	0.0000	0	0.0000
group_10438	882	0	0.0000	0	0.0000	0	0.0000
group_11349	174	0	0.0000	0	0.0000	0	0.0000
group_6346	639	0	0.0000	0	0.0000	0	0.0000
group_15308	210	344	1.6381	4	39.1767	2	39.1767
group_8863	198	0	0.0000	0	0.0000	0	0.0000
group_15309	243	0	0.0000	0	0.0000	0	0.0000
group_15310	213	0	0.0000	0	0.0000	0	0.0000
group_15311	267	0	0.0000	0	0.0000	0	0.0000
group_6131	390	3807	9.7615	28	147.6659	14	147.6659
group_15312	741	2479	3.3455	18	49.9621	9	49.9621
group_15313	1662	864	0.5199	6	7.4252	3	7.4252
group_15314	1740	4216	2.4230	30	35.4616	15	35.4616
group_15315	780	0	0.0000	0	0.0000	0	0.0000
group_15316	966	4623	4.7857	33	70.2625	16	68.1333
group_15317	288	151	0.5243	1	7.1416	0	0.0000
group_15319	333	1222	3.6697	12	74.1180	6	74.1180
group_15318	243	2657	10.9342	22	186.2101	11	186.2101
group_15320	504	1361	2.7004	10	40.8090	5	40.8090
group_15321	3678	7730	2.1017	53	29.6381	26	29.0789
group_15322	204	353	1.7304	3	30.2467	1	20.1645
group_15323	1248	982	0.7869	8	13.1845	4	13.1845
group_15324	747	4022	5.3842	30	82.6014	15	82.6014
group_3914	600	1006	1.6767	10	34.2796	5	34.2796
group_15325	243	470	1.9342	4	33.8564	2	33.8564
group_15326	3936	1490	0.3786	10	5.2255	5	5.2255
group_15327	123	0	0.0000	0	0.0000	0	0.0000
group_15328	174	182	1.0460	2	23.6411	1	23.6411
group_15329	354	150	0.4237	1	5.8101	0	0.0000
group_15330	138	0	0.0000	0	0.0000	0	0.0000
group_15331	1758	1263	0.7184	9	10.5296	4	9.3596
group_15332	1050	3183	3.0314	24	47.0120	12	47.0120
group_15333	381	151	0.3963	1	5.3984	0	0.0000
group_15334	732	7684	10.4973	52	146.1097	26	146.1097
group_15335	219	0	0.0000	0	0.0000	0	0.0000
group_15336	399	901	2.2581	6	30.9289	3	30.9289
group_15337	711	1015	1.4276	8	23.1423	4	23.1423
group_15338	558	5699	10.2133	42	154.8110	21	154.8110
group_15339	2163	9474	4.3800	65	61.8079	32	60.8570
group_15340	123	0	0.0000	0	0.0000	0	0.0000
group_15341	282	302	1.0709	2	14.5871	1	14.5871
group_15342	414	480	1.1594	4	19.8722	2	19.8722
group_15343	219	0	0.0000	0	0.0000	0	0.0000
group_15344	450	2478	5.5067	18	82.2710	9	82.2710
group_15345	795	0	0.0000	0	0.0000	0	0.0000
group_15346	696	6577	9.4497	47	138.8914	23	135.9363
group_15347	2580	8927	3.4601	60	47.8320	30	47.8320
group_15348	249	1846	7.4137	14	115.6420	7	115.6420
group_15349	264	511	1.9356	4	31.1633	2	31.1633
group_15350	867	854	0.9850	6	14.2337	3	14.2337
group_15351	1437	4058	2.8239	28	40.0763	14	40.0763
group_5172	234	0	0.0000	0	0.0000	0	0.0000
group_6766	966	0	0.0000	0	0.0000	0	0.0000
group_7184	213	0	0.0000	0	0.0000	0	0.0000
group_15352	381	0	0.0000	0	0.0000	0	0.0000
group_15353	711	3861	5.4304	26	75.2126	13	75.2126
group_15354	138	0	0.0000	0	0.0000	0	0.0000
group_15355	552	303	0.5489	2	7.4521	1	7.4521
group_15356	1020	1042	1.0216	8	16.1316	4	16.1316
group_15357	222	253	1.1396	2	18.5295	1	18.5295
group_15358	591	625	1.0575	5	17.4008	2	13.9206
group_15359	1896	5840	3.0802	41	44.4767	20	43.3919
group_15360	987	4613	4.6738	31	64.5998	15	62.5160
group_15361	240	609	2.5375	4	34.2796	2	34.2796
group_1406	780	0	0.0000	0	0.0000	0	0.0000
group_15362	204	0	0.0000	0	0.0000	0	0.0000
group_6016	225	401	1.7822	3	27.4237	1	18.2824
group_2029	279	688	2.4659	5	36.8598	2	29.4878
group_8869	198	0	0.0000	0	0.0000	0	0.0000
group_15363	222	0	0.0000	0	0.0000	0	0.0000
group_13907	297	0	0.0000	0	0.0000	0	0.0000
group_15364	150	0	0.0000	0	0.0000	0	0.0000
group_15365	180	0	0.0000	0	0.0000	0	0.0000
group_15367	162	0	0.0000	0	0.0000	0	0.0000
group_15366	207	0	0.0000	0	0.0000	0	0.0000
group_15368	891	0	0.0000	0	0.0000	0	0.0000
group_2251	111	495	4.4595	6	111.1770	3	111.1770
group_15369	138	342	2.4783	4	59.6167	2	59.6167
group_3883	252	0	0.0000	0	0.0000	0	0.0000
group_15370	183	0	0.0000	0	0.0000	0	0.0000
group_15371	165	0	0.0000	0	0.0000	0	0.0000
group_15372	384	0	0.0000	0	0.0000	0	0.0000
group_15373	198	0	0.0000	0	0.0000	0	0.0000
group_15374	189	285	1.5079	2	21.7648	1	21.7648
group_2358	1176	755	0.6420	5	8.7448	2	6.9958
group_14095	144	0	0.0000	0	0.0000	0	0.0000
group_15375	558	0	0.0000	0	0.0000	0	0.0000
group_12457	162	0	0.0000	0	0.0000	0	0.0000
group_15376	450	0	0.0000	0	0.0000	0	0.0000
group_15377	957	286	0.2989	2	4.2984	1	4.2984
group_15378	93	0	0.0000	0	0.0000	0	0.0000
group_15379	546	0	0.0000	0	0.0000	0	0.0000
group_5709	228	0	0.0000	0	0.0000	0	0.0000
group_15380	309	8640	27.9612	60	399.3738	30	399.3738
group_15381	174	0	0.0000	0	0.0000	0	0.0000
group_15382	216	0	0.0000	0	0.0000	0	0.0000
group_15383	402	292	0.7264	2	10.2327	1	10.2327
group_15385	351	194	0.5527	2	11.7195	1	11.7195
group_15384	903	3829	4.2403	27	61.4983	13	59.2205
group_4227	246	0	0.0000	0	0.0000	0	0.0000
group_2415	1173	0	0.0000	0	0.0000	0	0.0000
group_6483	384	0	0.0000	0	0.0000	0	0.0000
group_8355	924	0	0.0000	0	0.0000	0	0.0000
group_15386	708	0	0.0000	0	0.0000	0	0.0000
group_15387	252	0	0.0000	0	0.0000	0	0.0000
group_15388	213	214	1.0047	2	19.3124	1	19.3124
group_15389	1230	0	0.0000	0	0.0000	0	0.0000
group_15390	288	463	1.6076	4	28.5663	2	28.5663
group_15391	1047	0	0.0000	0	0.0000	0	0.0000
group_9559	192	0	0.0000	0	0.0000	0	0.0000
group_15392	660	0	0.0000	0	0.0000	0	0.0000
group_15393	132	0	0.0000	0	0.0000	0	0.0000
group_15060	429	302	0.7040	2	9.5887	1	9.5887
group_15394	273	0	0.0000	0	0.0000	0	0.0000
group_15395	1338	0	0.0000	0	0.0000	0	0.0000
group_12178	315	0	0.0000	0	0.0000	0	0.0000
group_15396	315	302	0.9587	2	13.0589	1	13.0589
group_15397	1485	8800	5.9259	63	87.2571	31	85.8721
group_15400	366	151	0.4126	1	5.6196	0	0.0000
group_15399	321	1055	3.2866	9	57.6666	4	51.2592
group_15401	597	0	0.0000	0	0.0000	0	0.0000
group_5710	228	0	0.0000	0	0.0000	0	0.0000
group_6852	963	302	0.3136	2	4.2716	1	4.2716
group_5690	1794	1322	0.7369	10	11.4647	5	11.4647
group_12838	1305	323	0.2475	3	4.7282	1	3.1521
group_5982	1749	1359	0.7770	9	10.5837	4	9.4078
group_13540	150	118	0.7867	1	13.7118	0	0.0000
group_6297	981	782	0.7971	6	12.5797	3	12.5797
group_4120	699	1116	1.5966	9	26.4821	4	23.5396
group_10550	183	0	0.0000	0	0.0000	0	0.0000
group_6489	384	0	0.0000	0	0.0000	0	0.0000
group_10851	180	0	0.0000	0	0.0000	0	0.0000
group_2969	738	302	0.4092	2	5.5739	1	5.5739
group_4546	684	1057	1.5453	7	21.0489	3	18.0419
group_3785	435	0	0.0000	0	0.0000	0	0.0000
group_12458	162	0	0.0000	0	0.0000	0	0.0000
group_15403	480	880	1.8333	6	25.7097	3	25.7097
group_15402	231	489	2.1169	4	35.6152	2	35.6152
group_12198	165	0	0.0000	0	0.0000	0	0.0000
group_12963	156	0	0.0000	0	0.0000	0	0.0000
group_2389	468	1647	3.5192	12	52.7378	6	52.7378
group_2520	2886	3379	1.1708	23	16.3915	11	15.6788
group_10552	183	1754	9.5847	15	168.5881	7	157.3489
group_15404	384	0	0.0000	0	0.0000	0	0.0000
group_15405	228	128	0.5614	2	18.0419	1	18.0419
group_2462	102	0	0.0000	0	0.0000	0	0.0000
group_5901	1758	1466	0.8339	10	11.6995	5	11.6995
group_15406	219	5106	23.3151	40	375.6667	20	375.6667
group_15407	1062	906	0.8531	6	11.6202	3	11.6202
group_5544	1005	272	0.2706	2	4.0931	1	4.0931
group_10222	186	0	0.0000	0	0.0000	0	0.0000
group_9806	576	302	0.5243	2	7.1416	1	7.1416
group_10852	180	13322	74.0111	110	1256.9181	55	1256.9181
group_15408	309	0	0.0000	0	0.0000	0	0.0000
group_15409	216	151	0.6991	1	9.5221	0	0.0000
group_15410	441	3850	8.7302	26	121.2611	13	121.2611
group_15411	597	1303	2.1826	9	31.0067	4	27.5615
group_7194	213	282	1.3239	2	19.3124	1	19.3124
group_15413	486	243	0.5000	2	8.4641	1	8.4641
group_15414	1095	755	0.6895	5	9.3917	2	7.5133
group_13771	810	838	1.0346	6	15.2354	3	15.2354
group_15419	402	1682	4.1841	14	71.6290	7	71.6290
group_15418	324	1011	3.1204	7	44.4365	3	38.0884
group_15420	1191	4398	3.6927	30	51.8079	15	51.8079
group_11934	543	329	0.6059	2	7.5756	1	7.5756
group_15421	423	604	1.4279	4	19.4494	2	19.4494
group_15422	870	906	1.0414	6	14.1847	3	14.1847
group_15423	888	3747	4.2196	26	60.2209	13	60.2209
group_15424	249	0	0.0000	0	0.0000	0	0.0000
group_15425	150	116	0.7733	2	27.4237	1	27.4237
group_15427	282	151	0.5355	1	7.2935	0	0.0000
group_15426	564	3212	5.6950	22	80.2288	11	80.2288
group_15428	222	0	0.0000	0	0.0000	0	0.0000
group_15430	588	2047	3.4813	16	55.9667	8	55.9667
group_15429	285	1207	4.2351	9	64.9508	4	57.7340
group_781	492	0	0.0000	0	0.0000	0	0.0000
group_5383	1011	494	0.4886	4	8.1376	2	8.1376
group_2254	111	0	0.0000	0	0.0000	0	0.0000
group_7384	369	0	0.0000	0	0.0000	0	0.0000
group_3885	252	0	0.0000	0	0.0000	0	0.0000
group_15431	147	0	0.0000	0	0.0000	0	0.0000
group_12460	162	168	1.0370	2	25.3923	1	25.3923
group_1956	120	0	0.0000	0	0.0000	0	0.0000
group_5579	657	0	0.0000	0	0.0000	0	0.0000
group_6026	225	0	0.0000	0	0.0000	0	0.0000
group_2146	768	0	0.0000	0	0.0000	0	0.0000
group_4343	1203	0	0.0000	0	0.0000	0	0.0000
group_5762	282	0	0.0000	0	0.0000	0	0.0000
group_10464	1419	0	0.0000	0	0.0000	0	0.0000
group_13045	525	0	0.0000	0	0.0000	0	0.0000
group_3905	432	0	0.0000	0	0.0000	0	0.0000
group_6603	351	0	0.0000	0	0.0000	0	0.0000
group_4052	2160	0	0.0000	0	0.0000	0	0.0000
group_6596	219	0	0.0000	0	0.0000	0	0.0000
group_12308	840	0	0.0000	0	0.0000	0	0.0000
group_534	288	0	0.0000	0	0.0000	0	0.0000
group_10452	336	0	0.0000	0	0.0000	0	0.0000
group_4336	420	0	0.0000	0	0.0000	0	0.0000
group_6998	375	0	0.0000	0	0.0000	0	0.0000
group_9882	189	0	0.0000	0	0.0000	0	0.0000
group_6142	390	0	0.0000	0	0.0000	0	0.0000
group_2918	741	0	0.0000	0	0.0000	0	0.0000
group_4397	2052	0	0.0000	0	0.0000	0	0.0000
group_10265	570	0	0.0000	0	0.0000	0	0.0000
group_5849	996	510	0.5120	4	8.2601	2	8.2601
group_11419	324	0	0.0000	0	0.0000	0	0.0000
group_5176	234	0	0.0000	0	0.0000	0	0.0000
group_2584	753	0	0.0000	0	0.0000	0	0.0000
group_2030	279	0	0.0000	0	0.0000	0	0.0000
group_11355	174	201	1.1552	2	23.6411	1	23.6411
group_9220	195	0	0.0000	0	0.0000	0	0.0000
group_1035	129	151	1.1705	2	31.8880	1	31.8880
group_11418	552	302	0.5471	2	7.4521	1	7.4521
group_4757	411	0	0.0000	0	0.0000	0	0.0000
group_2203	3174	0	0.0000	0	0.0000	0	0.0000
group_10226	186	0	0.0000	0	0.0000	0	0.0000
group_4828	1944	0	0.0000	0	0.0000	0	0.0000
group_10557	183	0	0.0000	0	0.0000	0	0.0000
group_7093	621	0	0.0000	0	0.0000	0	0.0000
group_2979	264	0	0.0000	0	0.0000	0	0.0000
group_2519	465	0	0.0000	0	0.0000	0	0.0000
group_5370	402	0	0.0000	0	0.0000	0	0.0000
group_8410	357	0	0.0000	0	0.0000	0	0.0000
group_4941	408	0	0.0000	0	0.0000	0	0.0000
group_13546	150	0	0.0000	0	0.0000	0	0.0000
group_2360	1176	0	0.0000	0	0.0000	0	0.0000
group_3788	435	0	0.0000	0	0.0000	0	0.0000
group_7820	363	0	0.0000	0	0.0000	0	0.0000
group_2891	1146	0	0.0000	0	0.0000	0	0.0000
group_3465	603	0	0.0000	0	0.0000	0	0.0000
group_7247	618	0	0.0000	0	0.0000	0	0.0000
group_7821	363	0	0.0000	0	0.0000	0	0.0000
group_3056	1134	0	0.0000	0	0.0000	0	0.0000
group_7433	1587	302	0.1903	2	2.5920	1	2.5920
group_816	786	0	0.0000	0	0.0000	0	0.0000
group_6101	645	0	0.0000	0	0.0000	0	0.0000
group_4229	246	0	0.0000	0	0.0000	0	0.0000
group_4179	2127	1208	0.5679	8	7.7359	4	7.7359
group_2331	108	0	0.0000	0	0.0000	0	0.0000
group_5915	393	302	0.7684	2	10.4670	1	10.4670
group_9305	348	0	0.0000	0	0.0000	0	0.0000
group_13047	525	0	0.0000	0	0.0000	0	0.0000
group_11358	174	0	0.0000	0	0.0000	0	0.0000
group_5333	663	0	0.0000	0	0.0000	0	0.0000
group_5018	1026	0	0.0000	0	0.0000	0	0.0000
group_15432	11259	17010	1.5108	115	21.0080	57	20.8253
group_15433	513	888	1.7310	6	24.0558	3	24.0558
group_3463	258	0	0.0000	0	0.0000	0	0.0000
group_9577	192	0	0.0000	0	0.0000	0	0.0000
group_3656	255	176	0.6902	2	16.1316	1	16.1316
group_11041	870	240	0.2759	2	4.7282	1	4.7282
group_7792	207	0	0.0000	0	0.0000	0	0.0000
group_4266	693	1012	1.4603	7	20.7755	3	17.8076
group_12465	162	0	0.0000	0	0.0000	0	0.0000
group_5916	393	0	0.0000	0	0.0000	0	0.0000
group_8125	360	0	0.0000	0	0.0000	0	0.0000
group_3658	255	606	2.3765	4	32.2631	2	32.2631
group_72	138	0	0.0000	0	0.0000	0	0.0000
group_2681	93	0	0.0000	0	0.0000	0	0.0000
group_15439	2424	0	0.0000	0	0.0000	0	0.0000
group_15437	2007	0	0.0000	0	0.0000	0	0.0000
group_15440	435	0	0.0000	0	0.0000	0	0.0000
group_15438	207	0	0.0000	0	0.0000	0	0.0000
group_15436	213	0	0.0000	0	0.0000	0	0.0000
group_15441	528	447	0.8466	4	15.5816	2	15.5816
group_15442	282	0	0.0000	0	0.0000	0	0.0000
group_15443	261	151	0.5785	1	7.8804	0	0.0000
group_15444	4827	10051	2.0822	68	28.9747	34	28.9747
group_15445	516	592	1.1473	5	19.9300	2	15.9440
group_13193	522	260	0.4981	2	7.8804	1	7.8804
group_163	795	288	0.3623	2	5.1743	1	5.1743
group_6159	225	0	0.0000	0	0.0000	0	0.0000
group_15447	285	0	0.0000	0	0.0000	0	0.0000
group_15448	1419	0	0.0000	0	0.0000	0	0.0000
group_15446	2745	302	0.1100	2	1.4986	1	1.4986
group_4547	684	0	0.0000	0	0.0000	0	0.0000
group_4773	1038	143	0.1378	1	1.9815	0	0.0000
group_15451	309	0	0.0000	0	0.0000	0	0.0000
group_15449	321	0	0.0000	0	0.0000	0	0.0000
group_15450	1458	0	0.0000	0	0.0000	0	0.0000
group_15452	1185	0	0.0000	0	0.0000	0	0.0000
group_10855	180	0	0.0000	0	0.0000	0	0.0000
group_14346	141	0	0.0000	0	0.0000	0	0.0000
group_9219	195	0	0.0000	0	0.0000	0	0.0000
group_357	135	0	0.0000	0	0.0000	0	0.0000
group_9582	192	0	0.0000	0	0.0000	0	0.0000
group_15455	1455	0	0.0000	0	0.0000	0	0.0000
group_15453	912	0	0.0000	0	0.0000	0	0.0000
group_15454	315	0	0.0000	0	0.0000	0	0.0000
group_11649	171	0	0.0000	0	0.0000	0	0.0000
group_15456	2955	23822	8.0616	118	82.1318	59	82.1318
group_15457	1572	7140	4.5420	51	66.7274	25	65.4191
group_15460	1245	3789	3.0434	20	33.0406	10	33.0406
group_15459	720	3119	4.3319	21	59.9893	10	57.1326
group_14098	144	0	0.0000	0	0.0000	0	0.0000
group_15462	2277	1208	0.5305	8	7.2263	4	7.2263
group_15463	1965	6938	3.5308	48	50.2418	24	50.2418
group_4004	429	393	0.9161	3	14.3830	1	9.5887
group_15466	777	2048	2.6358	14	37.0590	7	37.0590
group_15465	663	1208	1.8220	8	24.8178	4	24.8178
group_15467	189	0	0.0000	0	0.0000	0	0.0000
group_15468	405	267	0.6593	2	10.1569	1	10.1569
group_15469	903	1859	2.0587	13	29.6103	6	27.3326
group_15470	1500	912	0.6080	8	10.9695	4	10.9695
group_15471	255	0	0.0000	0	0.0000	0	0.0000
group_15473	1482	297	0.2004	3	4.1635	1	2.7757
group_15474	720	16492	22.9056	114	325.6561	57	325.6561
group_15475	441	0	0.0000	0	0.0000	0	0.0000
group_15476	1863	48302	25.9270	324	357.7000	162	357.7000
group_2518	465	0	0.0000	0	0.0000	0	0.0000
group_15477	669	534	0.7982	4	12.2976	2	12.2976
group_15478	378	965	2.5529	8	43.5296	4	43.5296
group_15269	261	302	1.1571	2	15.7607	1	15.7607
group_8483	201	0	0.0000	0	0.0000	0	0.0000
group_12183	315	0	0.0000	0	0.0000	0	0.0000
group_1072	285	965	3.3860	8	57.7340	4	57.7340
group_15479	168	208	1.2381	2	24.4854	1	24.4854
group_10227	186	114	0.6129	2	22.1159	1	22.1159
group_15480	585	0	0.0000	0	0.0000	0	0.0000
group_15481	570	1180	2.0702	8	28.8670	4	28.8670
group_15482	912	599	0.6568	5	11.2762	2	9.0209
group_1037	129	0	0.0000	0	0.0000	0	0.0000
group_15483	1008	657	0.6518	3	6.1214	1	4.0809
group_15484	717	2766	3.8577	19	54.5031	9	51.6345
group_15485	771	2128	2.7601	16	42.6828	8	42.6828
group_15486	894	10753	12.0280	79	181.7508	39	179.4502
group_15487	396	545	1.3763	4	20.7755	2	20.7755
group_15488	297	1797	6.0505	14	96.9524	7	96.9524
group_15490	267	4561	17.0824	34	261.9114	17	261.9114
group_15489	591	2593	4.3875	17	59.1627	8	55.6826
group_15492	750	284	0.3787	2	5.4847	1	5.4847
group_15491	108	0	0.0000	0	0.0000	0	0.0000
group_15493	264	302	1.1439	2	15.5816	1	15.5816
group_15494	240	2932	12.2167	20	171.3979	10	171.3979
group_15495	750	417	0.5560	3	8.2271	1	5.4847
group_4758	411	151	0.3674	1	5.0043	0	0.0000
group_15496	16608	36994	2.2275	253	31.3321	126	31.2083
group_15498	876	0	0.0000	0	0.0000	0	0.0000
group_15500	834	0	0.0000	0	0.0000	0	0.0000
group_15499	3384	7213	2.1315	49	29.7819	24	29.1741
group_15497	5388	16299	3.0251	109	41.6089	54	41.2271
group_6584	1674	0	0.0000	0	0.0000	0	0.0000
group_9883	189	0	0.0000	0	0.0000	0	0.0000
group_15501	1197	0	0.0000	0	0.0000	0	0.0000
group_13346	519	0	0.0000	0	0.0000	0	0.0000
gmhA	543	246	0.4530	2	7.5756	1	7.5756
group_6298	222	0	0.0000	0	0.0000	0	0.0000
group_5476	1827	302	0.1653	2	2.2515	1	2.2515
group_2025	477	0	0.0000	0	0.0000	0	0.0000
group_6165	1728	302	0.1748	2	2.3805	1	2.3805
group_4231	423	476	1.1253	4	19.4494	2	19.4494
group_10565	183	0	0.0000	0	0.0000	0	0.0000
group_15502	285	154	0.5404	2	14.4335	1	14.4335
group_6808	378	210	0.5556	2	10.8824	1	10.8824
group_261	6384	600	0.0940	4	1.2887	2	1.2887
group_50	12348	1634	0.1323	12	1.9988	6	1.9988
group_7269	1602	0	0.0000	0	0.0000	0	0.0000
group_9256	906	0	0.0000	0	0.0000	0	0.0000
group_12468	162	152	0.9383	2	25.3923	1	25.3923
group_15503	5499	805	0.1464	7	2.6182	3	2.2442
group_14133	804	0	0.0000	0	0.0000	0	0.0000
group_9884	189	0	0.0000	0	0.0000	0	0.0000
group_2912	1143	0	0.0000	0	0.0000	0	0.0000
group_1039	129	0	0.0000	0	0.0000	0	0.0000
group_5440	231	204	0.8831	2	17.8076	1	17.8076
group_15504	114	0	0.0000	0	0.0000	0	0.0000
group_6890	1641	302	0.1840	2	2.5067	1	2.5067
group_2679	93	0	0.0000	0	0.0000	0	0.0000
group_5918	393	1001	2.5471	7	36.6347	3	31.4011
group_4663	240	218	0.9083	2	17.1398	1	17.1398
group_15505	579	0	0.0000	0	0.0000	0	0.0000
group_10525	1416	0	0.0000	0	0.0000	0	0.0000
group_2026	477	0	0.0000	0	0.0000	0	0.0000
group_15506	1380	3257	2.3601	26	38.7508	13	38.7508
group_15507	234	0	0.0000	0	0.0000	0	0.0000
group_15508	372	180	0.4839	2	11.0579	1	11.0579
group_2476	2925	906	0.3097	6	4.2190	3	4.2190
group_2417	759	0	0.0000	0	0.0000	0	0.0000
group_15509	135	0	0.0000	0	0.0000	0	0.0000
group_15510	300	0	0.0000	0	0.0000	0	0.0000
group_15511	339	0	0.0000	0	0.0000	0	0.0000
group_15512	2631	658	0.2501	4	3.1270	2	3.1270
group_12473	162	0	0.0000	0	0.0000	0	0.0000
group_76	138	0	0.0000	0	0.0000	0	0.0000
group_7491	1581	272	0.1720	2	2.6019	1	2.6019
group_6600	219	227	1.0365	2	18.7833	1	18.7833
group_14691	333	0	0.0000	0	0.0000	0	0.0000
group_2	501	0	0.0000	0	0.0000	0	0.0000
group_3247	261	273	1.0460	2	15.7607	1	15.7607
group_4407	243	0	0.0000	0	0.0000	0	0.0000
group_2148	768	0	0.0000	0	0.0000	0	0.0000
group_15514	1326	0	0.0000	0	0.0000	0	0.0000
group_15515	1113	1159	1.0413	9	16.6316	4	14.7836
group_15516	768	1796	2.3385	12	32.1371	6	32.1371
group_15518	270	0	0.0000	0	0.0000	0	0.0000
group_15517	213	0	0.0000	0	0.0000	0	0.0000
group_15519	264	0	0.0000	0	0.0000	0	0.0000
group_15520	726	151	0.2080	1	2.8330	0	0.0000
group_15521	705	755	1.0709	5	14.5871	2	11.6696
group_15522	333	0	0.0000	0	0.0000	0	0.0000
group_15523	306	995	3.2516	7	47.0504	3	40.3289
group_15524	156	0	0.0000	0	0.0000	0	0.0000
group_1700	483	0	0.0000	0	0.0000	0	0.0000
group_3635	1104	3701	3.3524	25	46.5755	12	44.7125
group_13180	1290	9412	7.2961	65	103.6360	32	102.0416
group_15526	555	983	1.7712	7	25.9413	3	22.2354
group_15530	963	750	0.7788	5	10.6790	2	8.5432
group_15531	879	755	0.8589	5	11.6995	2	9.3596
group_15533	252	151	0.5992	1	8.1618	0	0.0000
group_15529	852	409	0.4800	3	7.2422	1	4.8281
group_15539	1110	1169	1.0532	8	14.8236	4	14.8236
group_15535	615	151	0.2455	1	3.3443	0	0.0000
group_15538	240	0	0.0000	0	0.0000	0	0.0000
group_15525	654	48166	73.6483	338	1062.9817	169	1062.9817
group_15537	876	2048	2.3379	14	32.8708	7	32.8708
group_15540	693	453	0.6537	3	8.9038	1	5.9359
group_15527	1758	1963	1.1166	13	15.2094	6	14.0394
group_15528	228	0	0.0000	0	0.0000	0	0.0000
group_15534	432	302	0.6991	2	9.5221	1	9.5221
group_12471	162	648	4.0000	6	76.1769	3	76.1769
group_9889	189	2095	11.0847	16	174.1185	8	174.1185
group_10232	186	0	0.0000	0	0.0000	0	0.0000
group_4548	684	0	0.0000	0	0.0000	0	0.0000
group_1672	123	129	1.0488	2	33.4435	1	33.4435
group_680	133	0	0.0000	0	0.0000	0	0.0000
group_7208	372	747	2.0081	6	33.1738	3	33.1738
group_15541	153	179	1.1699	2	26.8859	1	26.8859
group_15544	336	0	0.0000	0	0.0000	0	0.0000
group_15543	210	0	0.0000	0	0.0000	0	0.0000
group_15546	192	0	0.0000	0	0.0000	0	0.0000
group_15545	492	0	0.0000	0	0.0000	0	0.0000
group_15547	306	196	0.6405	2	13.4430	1	13.4430
group_15542	960	822	0.8563	6	12.8548	3	12.8548
group_15548	3474	604	0.1739	4	2.3682	2	2.3682
group_78	138	0	0.0000	0	0.0000	0	0.0000
group_8175	204	0	0.0000	0	0.0000	0	0.0000
group_11655	171	0	0.0000	0	0.0000	0	0.0000
group_4122	699	0	0.0000	0	0.0000	0	0.0000
group_10566	183	0	0.0000	0	0.0000	0	0.0000
group_7800	606	0	0.0000	0	0.0000	0	0.0000
group_11117	177	238	1.3446	2	23.2404	1	23.2404
group_7112	954	282	0.2956	2	4.3119	1	4.3119
group_13051	525	0	0.0000	0	0.0000	0	0.0000
group_14318	504	0	0.0000	0	0.0000	0	0.0000
group_9211	585	0	0.0000	0	0.0000	0	0.0000
group_5158	1884	0	0.0000	0	0.0000	0	0.0000
group_9511	1467	0	0.0000	0	0.0000	0	0.0000
group_8681	591	0	0.0000	0	0.0000	0	0.0000
group_11657	171	0	0.0000	0	0.0000	0	0.0000
group_2257	111	0	0.0000	0	0.0000	0	0.0000
group_7492	210	0	0.0000	0	0.0000	0	0.0000
group_8181	600	0	0.0000	0	0.0000	0	0.0000
group_2893	456	1012	2.2193	7	31.5733	3	27.0628
group_10533	567	0	0.0000	0	0.0000	0	0.0000
group_597	789	0	0.0000	0	0.0000	0	0.0000
group_13551	150	0	0.0000	0	0.0000	0	0.0000
group_15550	276	151	0.5471	1	7.4521	0	0.0000
group_12908	828	0	0.0000	0	0.0000	0	0.0000
group_15551	1668	0	0.0000	0	0.0000	0	0.0000
group_15552	1515	146	0.0964	1	1.3576	0	0.0000
group_14104	144	0	0.0000	0	0.0000	0	0.0000
group_15555	153	0	0.0000	0	0.0000	0	0.0000
group_15556	1500	2069	1.3793	15	20.5678	7	19.1966
group_15554	223	0	0.0000	0	0.0000	0	0.0000
group_15557	261	0	0.0000	0	0.0000	0	0.0000
group_1667	123	148	1.2033	2	33.4435	1	33.4435
group_15559	252	0	0.0000	0	0.0000	0	0.0000
group_15558	1680	2809	1.6720	19	23.2611	9	22.0369
group_15560	105	0	0.0000	0	0.0000	0	0.0000
group_7904	933	0	0.0000	0	0.0000	0	0.0000
group_15561	186	256	1.3763	2	22.1159	1	22.1159
group_15562	123	0	0.0000	0	0.0000	0	0.0000
group_15563	156	0	0.0000	0	0.0000	0	0.0000
group_15564	126	0	0.0000	0	0.0000	0	0.0000
group_15565	426	0	0.0000	0	0.0000	0	0.0000
group_11689	549	10535	19.1894	74	277.2338	37	277.2338
group_11364	174	0	0.0000	0	0.0000	0	0.0000
group_13659	1272	0	0.0000	0	0.0000	0	0.0000
group_791	492	0	0.0000	0	0.0000	0	0.0000
group_2465	102	0	0.0000	0	0.0000	0	0.0000
group_7606	366	0	0.0000	0	0.0000	0	0.0000
group_13823	147	0	0.0000	0	0.0000	0	0.0000
group_4433	687	0	0.0000	0	0.0000	0	0.0000
group_8063	930	1503	1.6161	10	22.1159	5	22.1159
group_1836	1197	2881	2.4069	20	34.3655	10	34.3655
group_1388	486	0	0.0000	0	0.0000	0	0.0000
group_11928	168	274	1.6310	4	48.9708	2	48.9708
group_12474	162	0	0.0000	0	0.0000	0	0.0000
group_3663	255	675	2.6471	8	64.5263	4	64.5263
group_5972	993	0	0.0000	0	0.0000	0	0.0000
group_684	132	0	0.0000	0	0.0000	0	0.0000
group_4119	426	0	0.0000	0	0.0000	0	0.0000
group_2807	267	0	0.0000	0	0.0000	0	0.0000
group_2755	1155	302	0.2615	2	3.5615	1	3.5615
group_9514	1467	1275	0.8691	9	12.6183	4	11.2162
group_6197	984	302	0.3069	2	4.1804	1	4.1804
group_3064	1134	1039	0.9162	7	12.6961	3	10.8824
group_4123	699	604	0.8641	4	11.7698	2	11.7698
group_7391	1590	1163	0.7314	8	10.3486	4	10.3486
group_13660	1272	1208	0.9497	8	12.9357	4	12.9357
group_3251	261	134	0.5134	1	7.8804	0	0.0000
group_3238	2460	879	0.3573	6	5.0165	3	5.0165
group_5739	1785	1658	0.9289	11	12.6748	5	11.5225
group_3112	1131	302	0.2670	2	3.6371	1	3.6371
group_9516	1467	1474	1.0048	10	14.0203	5	14.0203
group_7295	1599	302	0.1889	2	2.5726	1	2.5726
group_7563	942	1139	1.2091	8	17.4673	4	17.4673
group_5361	483	0	0.0000	0	0.0000	0	0.0000
group_3803	711	2413	3.3938	16	46.2847	8	46.2847
group_12687	309	0	0.0000	0	0.0000	0	0.0000
group_15566	414	0	0.0000	0	0.0000	0	0.0000
group_15567	3696	6666	1.8036	40	22.2595	20	22.2595
group_15569	144	0	0.0000	0	0.0000	0	0.0000
group_15568	645	604	0.9364	4	12.7552	2	12.7552
group_15570	186	0	0.0000	0	0.0000	0	0.0000
group_15588	150	310	2.0667	4	54.8473	2	54.8473
group_15585	450	0	0.0000	0	0.0000	0	0.0000
group_15580	663	996	1.5023	7	21.7156	3	18.6133
group_5728	228	0	0.0000	0	0.0000	0	0.0000
group_10785	564	0	0.0000	0	0.0000	0	0.0000
group_15593	330	893	2.7061	7	43.6286	3	37.3959
group_15594	1023	0	0.0000	0	0.0000	0	0.0000
group_15595	1671	4770	2.8546	33	40.6185	16	39.3877
group_15597	126	102	0.8095	2	32.6472	1	32.6472
group_15596	492	1724	3.5041	12	50.1652	6	50.1652
group_15598	690	2536	3.6754	21	62.5975	10	59.6167
group_5726	228	0	0.0000	0	0.0000	0	0.0000
group_13190	822	0	0.0000	0	0.0000	0	0.0000
group_15599	813	2872	3.5326	20	50.5972	10	50.5972
group_15600	1338	270	0.2018	2	3.0744	1	3.0744
group_15601	246	2573	10.4593	20	167.2175	10	167.2175
group_15602	402	961	2.3905	9	46.0472	4	40.9308
group_15603	342	151	0.4415	1	6.0140	0	0.0000
group_15606	402	811	2.0174	6	30.6981	3	30.6981
group_15604	129	0	0.0000	0	0.0000	0	0.0000
group_15607	225	907	4.0311	7	63.9886	3	54.8473
group_15608	300	1263	4.2100	11	75.4151	5	68.5592
group_15609	363	7101	19.5620	50	283.3024	25	283.3024
group_15610	411	151	0.3674	1	5.0043	0	0.0000
group_15611	195	0	0.0000	0	0.0000	0	0.0000
group_15612	279	0	0.0000	0	0.0000	0	0.0000
group_15613	456	151	0.3311	1	4.5105	0	0.0000
group_15615	723	263	0.3638	2	5.6896	1	5.6896
group_9011	1494	82949	55.5214	563	775.0766	281	773.6999
group_686	132	0	0.0000	0	0.0000	0	0.0000
group_15616	216	0	0.0000	0	0.0000	0	0.0000
group_3472	258	0	0.0000	0	0.0000	0	0.0000
group_365	135	498	3.6889	6	91.4122	3	91.4122
group_3158	450	604	1.3422	4	18.2824	2	18.2824
group_15617	141	0	0.0000	0	0.0000	0	0.0000
group_5977	993	1359	1.3686	9	18.6415	4	16.5702
group_5397	1842	2265	1.2296	15	16.7490	7	15.6324
group_7496	210	1882	8.9619	16	156.7067	8	156.7067
group_15618	165	1660	10.0606	14	174.5143	7	174.5143
group_15619	156	0	0.0000	0	0.0000	0	0.0000
group_9533	345	294	0.8522	2	11.9233	1	11.9233
group_15620	150	876	5.8400	8	109.6947	4	109.6947
group_2402	105	0	0.0000	0	0.0000	0	0.0000
group_12978	156	0	0.0000	0	0.0000	0	0.0000
group_3252	261	0	0.0000	0	0.0000	0	0.0000
group_10242	186	1823	9.8011	16	176.9269	8	176.9269
group_8491	201	0	0.0000	0	0.0000	0	0.0000
group_10791	564	40717	72.1933	287	1046.6214	143	1042.9746
group_15621	162	0	0.0000	0	0.0000	0	0.0000
group_15622	150	0	0.0000	0	0.0000	0	0.0000
group_2718	2751	18909	6.8735	124	92.7081	62	92.7081
group_15623	2832	731	0.2581	6	4.3576	3	4.3576
group_15624	186	0	0.0000	0	0.0000	0	0.0000
group_15629	294	4162	14.1565	32	223.8667	16	223.8667
group_15628	774	0	0.0000	0	0.0000	0	0.0000
group_15627	462	0	0.0000	0	0.0000	0	0.0000
group_15630	156	0	0.0000	0	0.0000	0	0.0000
group_3897	252	1084	4.3016	10	81.6181	5	81.6181
group_15631	879	6709	7.6325	46	107.6356	23	107.6356
group_15632	2193	16893	7.7031	118	110.6701	59	110.6701
group_12477	162	142	0.8765	2	25.3923	1	25.3923
group_13820	1266	0	0.0000	0	0.0000	0	0.0000
group_15633	237	893	3.7679	7	60.7486	3	52.0703
group_15634	531	302	0.5687	2	7.7468	1	7.7468
group_15635	978	0	0.0000	0	0.0000	0	0.0000
group_15636	243	204	0.8395	2	16.9282	1	16.9282
group_11119	177	0	0.0000	0	0.0000	0	0.0000
group_7253	618	302	0.4887	2	6.6562	1	6.6562
group_5742	396	0	0.0000	0	0.0000	0	0.0000
group_15637	600	451	0.7517	3	10.2839	1	6.8559
group_15639	834	0	0.0000	0	0.0000	0	0.0000
group_15638	153	1618	10.5752	14	188.2016	7	188.2016
group_15640	486	302	0.6214	2	8.4641	1	8.4641
group_15643	222	0	0.0000	0	0.0000	0	0.0000
group_8731	354	151	0.4266	1	5.8101	0	0.0000
group_5218	1017	302	0.2970	2	4.0448	1	4.0448
group_2058	117	782	6.6838	8	140.6342	4	140.6342
group_15644	229	0	0.0000	0	0.0000	0	0.0000
group_15645	189	0	0.0000	0	0.0000	0	0.0000
group_15646	342	6176	18.0585	44	264.6143	22	264.6143
group_1047	129	0	0.0000	0	0.0000	0	0.0000
group_2684	93	0	0.0000	0	0.0000	0	0.0000
group_15647	180	0	0.0000	0	0.0000	0	0.0000
group_15648	198	0	0.0000	0	0.0000	0	0.0000
group_10876	180	297	1.6500	2	22.8531	1	22.8531
group_1113	1212	0	0.0000	0	0.0000	0	0.0000
group_599	789	0	0.0000	0	0.0000	0	0.0000
group_15649	168	0	0.0000	0	0.0000	0	0.0000
group_15650	795	412	0.5182	4	10.3486	2	10.3486
group_15651	180	0	0.0000	0	0.0000	0	0.0000
group_12728	831	0	0.0000	0	0.0000	0	0.0000
group_15652	306	0	0.0000	0	0.0000	0	0.0000
group_15653	207	228	1.1014	2	19.8722	1	19.8722
group_12207	165	0	0.0000	0	0.0000	0	0.0000
group_6500	384	0	0.0000	0	0.0000	0	0.0000
group_5428	126	0	0.0000	0	0.0000	0	0.0000
group_8374	924	0	0.0000	0	0.0000	0	0.0000
group_6935	960	0	0.0000	0	0.0000	0	0.0000
group_4529	2019	0	0.0000	0	0.0000	0	0.0000
group_10925	873	0	0.0000	0	0.0000	0	0.0000
group_2535	465	296	0.6366	2	8.8463	1	8.8463
group_4699	1974	0	0.0000	0	0.0000	0	0.0000
group_7220	951	534	0.5615	4	8.6510	2	8.6510
group_2249	765	302	0.3948	2	5.3772	1	5.3772
group_15654	141	0	0.0000	0	0.0000	0	0.0000
group_15655	363	0	0.0000	0	0.0000	0	0.0000
group_15657	1308	0	0.0000	0	0.0000	0	0.0000
group_15656	849	0	0.0000	0	0.0000	0	0.0000
group_8883	198	0	0.0000	0	0.0000	0	0.0000
group_15658	171	0	0.0000	0	0.0000	0	0.0000
group_4675	681	302	0.4435	2	6.0405	1	6.0405
group_9815	576	0	0.0000	0	0.0000	0	0.0000
group_2250	765	0	0.0000	0	0.0000	0	0.0000
group_7500	210	0	0.0000	0	0.0000	0	0.0000
group_15659	216	544	2.5185	4	38.0884	2	38.0884
group_15660	213	537	2.5211	4	38.6249	2	38.6249
group_2611	270	0	0.0000	0	0.0000	0	0.0000
group_15661	564	431	0.7642	3	10.9403	1	7.2935
group_15662	108	0	0.0000	0	0.0000	0	0.0000
group_1372	126	0	0.0000	0	0.0000	0	0.0000
group_15663	738	1978	2.6802	16	44.5913	8	44.5913
group_10575	183	238	1.3005	2	22.4784	1	22.4784
group_11422	1368	0	0.0000	0	0.0000	0	0.0000
group_5600	1812	302	0.1667	2	2.2702	1	2.2702
group_5342	663	0	0.0000	0	0.0000	0	0.0000
group_15665	198	184	0.9293	2	20.7755	1	20.7755
group_2233	276	0	0.0000	0	0.0000	0	0.0000
group_15666	198	0	0.0000	0	0.0000	0	0.0000
group_15667	129	0	0.0000	0	0.0000	0	0.0000
group_13252	153	0	0.0000	0	0.0000	0	0.0000
group_2061	117	0	0.0000	0	0.0000	0	0.0000
group_15668	1143	0	0.0000	0	0.0000	0	0.0000
group_15684	294	531	1.8061	4	27.9833	2	27.9833
group_15701	372	1742	4.6828	12	66.3476	6	66.3476
group_15673	1425	6877	4.8260	45	64.9508	22	63.5074
group_15708	1236	6658	5.3867	46	76.5466	23	76.5466
group_15688	303	889	2.9340	7	47.5163	3	40.7282
group_15693	363	1385	3.8154	10	56.6605	5	56.6605
group_15675	180	151	0.8389	1	11.4265	0	0.0000
group_15689	279	0	0.0000	0	0.0000	0	0.0000
group_15669	231	1412	6.1126	10	89.0379	5	89.0379
group_15704	285	1057	3.7088	7	50.5173	3	43.3005
group_15671	195	253	1.2974	2	21.0951	1	21.0951
group_15697	2862	21058	7.3578	137	98.4550	68	97.7363
group_15676	180	137	0.7611	1	11.4265	0	0.0000
group_15672	876	0	0.0000	0	0.0000	0	0.0000
group_15674	921	1931	2.0966	13	29.0316	6	26.7984
group_15681	1005	7782	7.7433	54	110.5133	27	110.5133
group_15706	444	719	1.6194	5	23.1619	2	18.5295
group_15696	861	4765	5.5343	33	78.8311	16	76.4423
group_15690	3417	18077	5.2903	122	73.4348	61	73.4348
group_15691	450	2059	4.5756	15	68.5592	7	63.9886
group_15707	408	1651	4.0466	12	60.4934	6	60.4934
group_15679	627	2851	4.5470	20	65.6069	10	65.6069
group_15705	756	5754	7.6111	40	108.8241	20	108.8241
group_15695	429	1337	3.1166	9	43.1491	4	38.3548
group_15683	309	151	0.4887	1	6.6562	0	0.0000
group_15670	204	151	0.7402	1	10.0822	0	0.0000
group_15677	165	604	3.6606	4	49.8612	2	49.8612
group_15682	1794	13022	7.2586	90	103.1827	45	103.1827
group_15678	318	906	2.8491	6	38.8071	3	38.8071
group_15699	1257	11058	8.7971	77	125.9918	38	124.3555
group_15692	270	547	2.0259	4	30.4707	2	30.4707
group_15685	294	655	2.2279	5	34.9792	2	27.9833
group_15703	1797	12818	7.1330	90	103.0104	45	103.0104
group_15694	2703	10603	3.9227	73	55.5474	36	54.7865
group_15702	585	3867	6.6103	27	94.9281	13	91.4122
group_15680	1839	12713	6.9130	85	95.0657	42	93.9473
group_15709	507	2827	5.5759	19	77.0784	9	73.0216
group_15698	366	854	2.3333	6	33.7176	3	33.7176
group_15700	675	3346	4.9570	23	70.0827	11	67.0356
group_15686	624	5310	8.5096	38	125.2523	19	125.2523
group_15687	255	757	2.9686	6	48.3947	3	48.3947
group_15710	507	4239	8.3609	25	101.4189	12	97.3621
group_15711	426	7762	18.2207	60	289.6866	30	289.6866
group_13350	519	896	1.7264	6	23.7777	3	23.7777
group_3900	252	0	0.0000	0	0.0000	0	0.0000
group_9899	189	0	0.0000	0	0.0000	0	0.0000
group_15712	270	0	0.0000	0	0.0000	0	0.0000
group_15713	180	0	0.0000	0	0.0000	0	0.0000
group_697	132	464	3.5152	4	62.3265	2	62.3265
group_8185	204	112	0.5490	2	20.1645	1	20.1645
group_15714	135	0	0.0000	0	0.0000	0	0.0000
group_6306	222	538	2.4234	4	37.0590	2	37.0590
group_15715	261	114	0.4368	2	15.7607	1	15.7607
group_15716	117	0	0.0000	0	0.0000	0	0.0000
group_15717	243	220	0.9053	2	16.9282	1	16.9282
group_13971	807	559	0.6927	4	10.1947	2	10.1947
group_13253	153	0	0.0000	0	0.0000	0	0.0000
group_14295	294	0	0.0000	0	0.0000	0	0.0000
group_15718	111	0	0.0000	0	0.0000	0	0.0000
group_1742	282	0	0.0000	0	0.0000	0	0.0000
group_15719	222	0	0.0000	0	0.0000	0	0.0000
group_4008	429	2012	4.6900	14	67.1209	7	67.1209
group_15722	276	2125	7.6993	17	126.6854	8	119.2333
group_11662	171	0	0.0000	0	0.0000	0	0.0000
group_15723	315	0	0.0000	0	0.0000	0	0.0000
group_15725	849	453	0.5336	3	7.2678	1	4.8452
group_15724	306	1216	3.9739	9	60.4934	4	53.7719
group_12985	156	273	1.7500	2	26.3689	1	26.3689
group_15727	345	0	0.0000	0	0.0000	0	0.0000
group_15726	621	0	0.0000	0	0.0000	0	0.0000
group_15728	963	0	0.0000	0	0.0000	0	0.0000
group_15729	771	132	0.1712	2	5.3353	1	5.3353
group_15730	183	0	0.0000	0	0.0000	0	0.0000
group_15731	258	220	0.8527	2	15.9440	1	15.9440
group_15732	873	0	0.0000	0	0.0000	0	0.0000
group_2154	114	0	0.0000	0	0.0000	0	0.0000
group_15733	495	1208	2.4404	8	33.2408	4	33.2408
group_4273	693	0	0.0000	0	0.0000	0	0.0000
group_6311	1701	604	0.3551	4	4.8366	2	4.8366
group_9245	195	296	1.5179	2	21.0951	1	21.0951
group_15734	162	418	2.5802	4	50.7846	2	50.7846
group_15735	189	0	0.0000	0	0.0000	0	0.0000
group_15736	372	319	0.8575	3	16.5869	1	11.0579
group_15737	357	428	1.1989	4	23.0451	2	23.0451
group_15738	1758	2431	1.3828	17	19.8892	8	18.7192
group_15739	222	0	0.0000	0	0.0000	0	0.0000
group_15740	261	362	1.3870	4	31.5215	2	31.5215
group_15741	519	232	0.4470	2	7.9259	1	7.9259
group_15742	240	600	2.5000	4	34.2796	2	34.2796
group_7539	612	2777	4.5376	20	67.2149	10	67.2149
group_15743	210	0	0.0000	0	0.0000	0	0.0000
group_15744	93	0	0.0000	0	0.0000	0	0.0000
group_2041	771	151	0.1958	1	2.6677	0	0.0000
group_15745	270	0	0.0000	0	0.0000	0	0.0000
group_15748	267	0	0.0000	0	0.0000	0	0.0000
group_15747	723	0	0.0000	0	0.0000	0	0.0000
group_15749	555	0	0.0000	0	0.0000	0	0.0000
group_15746	168	0	0.0000	0	0.0000	0	0.0000
group_6692	969	492	0.5077	4	8.4903	2	8.4903
group_9044	351	0	0.0000	0	0.0000	0	0.0000
group_1377	126	0	0.0000	0	0.0000	0	0.0000
group_15750	117	0	0.0000	0	0.0000	0	0.0000
group_15751	702	0	0.0000	0	0.0000	0	0.0000
group_6333	387	0	0.0000	0	0.0000	0	0.0000
group_15756	603	0	0.0000	0	0.0000	0	0.0000
group_15753	984	0	0.0000	0	0.0000	0	0.0000
group_15755	348	0	0.0000	0	0.0000	0	0.0000
group_15754	405	0	0.0000	0	0.0000	0	0.0000
group_15752	1332	0	0.0000	0	0.0000	0	0.0000
group_15757	93	0	0.0000	0	0.0000	0	0.0000
group_15758	117	0	0.0000	0	0.0000	0	0.0000
group_6615	220	150	0.6818	1	9.3490	0	0.0000
group_6612	219	508	2.3196	6	56.3500	3	56.3500
group_10174	339	1649	4.8643	13	78.8734	6	72.8062
group_6936	960	0	0.0000	0	0.0000	0	0.0000
group_13317	819	2253	2.7509	16	40.1812	8	40.1812
group_4402	1056	0	0.0000	0	0.0000	0	0.0000
group_15759	741	0	0.0000	0	0.0000	0	0.0000
group_15760	267	151	0.5655	1	7.7033	0	0.0000
group_2152	768	0	0.0000	0	0.0000	0	0.0000
group_15761	186	423	2.2742	3	33.1738	1	22.1159
group_6824	378	0	0.0000	0	0.0000	0	0.0000
group_15762	201	0	0.0000	0	0.0000	0	0.0000
group_15763	393	0	0.0000	0	0.0000	0	0.0000
group_15764	141	0	0.0000	0	0.0000	0	0.0000
group_15766	150	0	0.0000	0	0.0000	0	0.0000
group_15765	186	0	0.0000	0	0.0000	0	0.0000
group_1959	120	157	1.3083	2	34.2796	1	34.2796
group_15767	156	0	0.0000	0	0.0000	0	0.0000
group_11291	864	0	0.0000	0	0.0000	0	0.0000
group_15768	162	0	0.0000	0	0.0000	0	0.0000
group_7105	621	0	0.0000	0	0.0000	0	0.0000
group_7549	612	0	0.0000	0	0.0000	0	0.0000
group_2897	456	0	0.0000	0	0.0000	0	0.0000
group_2042	279	584	2.0932	4	29.4878	2	29.4878
group_15771	336	0	0.0000	0	0.0000	0	0.0000
group_5439	126	0	0.0000	0	0.0000	0	0.0000
group_10657	879	0	0.0000	0	0.0000	0	0.0000
group_15772	270	286	1.0593	4	30.4707	2	30.4707
group_15773	195	1707	8.7538	16	168.7610	8	168.7610
group_15774	450	0	0.0000	0	0.0000	0	0.0000
group_15775	504	0	0.0000	0	0.0000	0	0.0000
group_14597	498	0	0.0000	0	0.0000	0	0.0000
group_15776	345	0	0.0000	0	0.0000	0	0.0000
group_15777	135	0	0.0000	0	0.0000	0	0.0000
group_15778	330	535	1.6212	4	24.9306	2	24.9306
group_5224	666	0	0.0000	0	0.0000	0	0.0000
group_15779	459	0	0.0000	0	0.0000	0	0.0000
group_15780	150	0	0.0000	0	0.0000	0	0.0000
group_15781	147	0	0.0000	0	0.0000	0	0.0000
group_15782	255	0	0.0000	0	0.0000	0	0.0000
group_15783	228	0	0.0000	0	0.0000	0	0.0000
group_9248	195	0	0.0000	0	0.0000	0	0.0000
group_15784	297	0	0.0000	0	0.0000	0	0.0000
group_15785	186	0	0.0000	0	0.0000	0	0.0000
group_15786	151	0	0.0000	0	0.0000	0	0.0000
group_11123	177	481	2.7175	4	46.4808	2	46.4808
group_15787	1284	511	0.3980	4	6.4074	2	6.4074
group_1154	3966	604	0.1523	4	2.0744	2	2.0744
group_15789	162	0	0.0000	0	0.0000	0	0.0000
group_15790	189	0	0.0000	0	0.0000	0	0.0000
group_15791	135	0	0.0000	0	0.0000	0	0.0000
group_11437	324	0	0.0000	0	0.0000	0	0.0000
group_15792	135	0	0.0000	0	0.0000	0	0.0000
group_15793	252	0	0.0000	0	0.0000	0	0.0000
group_15794	180	0	0.0000	0	0.0000	0	0.0000
group_15795	984	0	0.0000	0	0.0000	0	0.0000
group_6605	633	0	0.0000	0	0.0000	0	0.0000
group_13832	147	0	0.0000	0	0.0000	0	0.0000
group_15796	144	0	0.0000	0	0.0000	0	0.0000
group_15797	642	237	0.3692	2	6.4074	1	6.4074
group_3865	1092	0	0.0000	0	0.0000	0	0.0000
group_15798	966	881	0.9120	6	12.7750	3	12.7750
group_9230	585	0	0.0000	0	0.0000	0	0.0000
group_15799	645	0	0.0000	0	0.0000	0	0.0000
group_15800	411	0	0.0000	0	0.0000	0	0.0000
group_15801	120	0	0.0000	0	0.0000	0	0.0000
group_4311	1062	1848	1.7401	13	25.1771	6	23.2404
group_10275	885	302	0.3412	2	4.6481	1	4.6481
group_15802	789	0	0.0000	0	0.0000	0	0.0000
group_2733	90	0	0.0000	0	0.0000	0	0.0000
group_4786	1956	2694	1.3773	18	18.9274	9	18.9274
group_9907	189	0	0.0000	0	0.0000	0	0.0000
group_14331	504	0	0.0000	0	0.0000	0	0.0000
group_6617	219	1195	5.4566	10	93.9167	5	93.9167
group_15803	159	0	0.0000	0	0.0000	0	0.0000
group_4961	408	0	0.0000	0	0.0000	0	0.0000
group_4434	2043	1031	0.5047	7	7.0472	3	6.0405
group_15804	936	0	0.0000	0	0.0000	0	0.0000
group_2339	108	0	0.0000	0	0.0000	0	0.0000
group_15805	180	0	0.0000	0	0.0000	0	0.0000
group_15806	258	224	0.8682	2	15.9440	1	15.9440
group_15807	312	0	0.0000	0	0.0000	0	0.0000
group_10255	186	0	0.0000	0	0.0000	0	0.0000
group_12703	309	0	0.0000	0	0.0000	0	0.0000
group_15808	1926	9687	5.0296	65	69.4135	32	68.3456
group_12721	159	0	0.0000	0	0.0000	0	0.0000
group_8894	198	0	0.0000	0	0.0000	0	0.0000
group_14539	798	264	0.3308	2	5.1548	1	5.1548
group_454	1224	104	0.0850	2	3.3607	1	3.3607
group_15809	627	2058	3.2823	14	45.9248	7	45.9248
group_15810	651	2889	4.4378	20	63.1882	10	63.1882
group_15811	630	0	0.0000	0	0.0000	0	0.0000
group_4277	693	0	0.0000	0	0.0000	0	0.0000
group_6046	225	0	0.0000	0	0.0000	0	0.0000
group_1714	483	520	1.0766	4	17.0333	2	17.0333
group_3385	726	6490	8.9394	45	127.4861	22	124.6530
group_13638	813	0	0.0000	0	0.0000	0	0.0000
group_5187	234	0	0.0000	0	0.0000	0	0.0000
group_4345	1059	867	0.8187	6	11.6531	3	11.6531
group_9706	1455	0	0.0000	0	0.0000	0	0.0000
group_1522	1203	0	0.0000	0	0.0000	0	0.0000
group_5451	231	221	0.9567	2	17.8076	1	17.8076
group_11947	543	140	0.2578	2	7.5756	1	7.5756
group_5930	393	0	0.0000	0	0.0000	0	0.0000
group_15812	1071	0	0.0000	0	0.0000	0	0.0000
group_2259	111	0	0.0000	0	0.0000	0	0.0000
group_15813	738	1140	1.5447	8	22.2957	4	22.2957
group_15814	1191	3467	2.9110	25	43.1733	12	41.4464
group_15815	1437	4077	2.8372	28	40.0763	14	40.0763
group_5648	1800	498	0.2767	4	4.5706	2	4.5706
group_9910	189	0	0.0000	0	0.0000	0	0.0000
group_11293	864	0	0.0000	0	0.0000	0	0.0000
group_9824	576	0	0.0000	0	0.0000	0	0.0000
group_7215	213	768	3.6056	6	57.9373	3	57.9373
group_4009	429	580	1.3520	4	19.1774	2	19.1774
group_15817	303	352	1.1617	4	27.1521	2	27.1521
group_15818	156	0	0.0000	0	0.0000	0	0.0000
group_15819	144	0	0.0000	0	0.0000	0	0.0000
group_15820	141	0	0.0000	0	0.0000	0	0.0000
group_15822	129	0	0.0000	0	0.0000	0	0.0000
group_15824	351	0	0.0000	0	0.0000	0	0.0000
group_4327	2076	1756	0.8459	12	11.8889	6	11.8889
group_8896	198	124	0.6263	2	20.7755	1	20.7755
group_15825	183	151	0.8251	1	11.2392	0	0.0000
group_11390	174	202	1.1609	2	23.6411	1	23.6411
group_2065	117	234	2.0000	2	35.1585	1	35.1585
group_11128	177	0	0.0000	0	0.0000	0	0.0000
group_2688	93	0	0.0000	0	0.0000	0	0.0000
group_3686	255	170	0.6667	2	16.1316	1	16.1316
group_15826	243	0	0.0000	0	0.0000	0	0.0000
group_4047	702	0	0.0000	0	0.0000	0	0.0000
group_12320	537	0	0.0000	0	0.0000	0	0.0000
group_95	138	0	0.0000	0	0.0000	0	0.0000
group_4078	249	0	0.0000	0	0.0000	0	0.0000
group_8509	201	163	0.8109	2	20.4654	1	20.4654
group_4001	1083	0	0.0000	0	0.0000	0	0.0000
group_6655	381	254	0.6667	2	10.7967	1	10.7967
group_3265	261	0	0.0000	0	0.0000	0	0.0000
group_4885	1929	523	0.2711	4	4.2650	2	4.2650
group_704	132	0	0.0000	0	0.0000	0	0.0000
group_11692	1356	151	0.1114	1	1.5168	0	0.0000
group_15827	198	0	0.0000	0	0.0000	0	0.0000
group_15828	444	0	0.0000	0	0.0000	0	0.0000
group_3488	258	12836	49.7519	109	868.9476	54	860.9756
group_15829	1365	71429	52.3289	474	714.2208	237	714.2208
group_15830	273	2813	10.3040	20	150.6795	10	150.6795
group_12734	1311	0	0.0000	0	0.0000	0	0.0000
group_7686	609	0	0.0000	0	0.0000	0	0.0000
group_5452	231	0	0.0000	0	0.0000	0	0.0000
group_6856	963	190	0.1973	2	4.2716	1	4.2716
group_2419	273	0	0.0000	0	0.0000	0	0.0000
group_6904	216	190	0.8796	2	19.0442	1	19.0442
group_7986	603	752	1.2471	6	20.4654	3	20.4654
group_12710	531	0	0.0000	0	0.0000	0	0.0000
group_7918	933	0	0.0000	0	0.0000	0	0.0000
group_15831	1128	2381	2.1108	16	29.1741	8	29.1741
group_15832	771	1307	1.6952	10	26.6767	5	26.6767
group_6625	219	0	0.0000	0	0.0000	0	0.0000
group_7815	207	0	0.0000	0	0.0000	0	0.0000
group_4238	423	0	0.0000	0	0.0000	0	0.0000
group_2817	267	407	1.5243	4	30.8131	2	30.8131
group_15833	1956	1208	0.6176	8	8.4122	4	8.4122
group_15834	240	151	0.6292	1	8.5699	0	0.0000
group_97	138	0	0.0000	0	0.0000	0	0.0000
group_9623	579	0	0.0000	0	0.0000	0	0.0000
group_15837	294	5615	19.0986	41	286.8292	20	279.8334
group_15836	2310	12525	5.4221	86	76.5726	43	76.5726
group_15835	1458	14046	9.6337	97	136.8362	48	135.4255
group_6315	222	268	1.2072	2	18.5295	1	18.5295
group_15838	1011	1941	1.9199	14	28.4816	7	28.4816
group_15839	117	0	0.0000	0	0.0000	0	0.0000
group_15841	234	3240	13.8462	23	202.1617	11	193.3720
group_15840	348	7302	20.9828	54	319.1548	27	319.1548
group_10590	183	0	0.0000	0	0.0000	0	0.0000
group_3907	252	0	0.0000	0	0.0000	0	0.0000
group_6626	219	560	2.5571	5	46.9583	2	37.5667
group_14112	144	197	1.3681	2	28.5663	1	28.5663
group_1693	123	0	0.0000	0	0.0000	0	0.0000
group_4916	237	0	0.0000	0	0.0000	0	0.0000
group_15843	1062	1181	1.1121	8	15.4936	4	15.4936
group_13837	147	364	2.4762	4	55.9667	2	55.9667
group_13058	825	0	0.0000	0	0.0000	0	0.0000
group_10280	885	0	0.0000	0	0.0000	0	0.0000
group_3306	729	817	1.1207	6	16.9282	3	16.9282
group_15844	630	0	0.0000	0	0.0000	0	0.0000
lpxB	1239	7320	5.9080	51	84.6614	25	83.0014
group_15845	168	0	0.0000	0	0.0000	0	0.0000
group_4635	414	302	0.7295	2	9.9361	1	9.9361
group_2998	453	689	1.5210	5	22.7017	2	18.1614
group_2093	1188	302	0.2542	2	3.4626	1	3.4626
group_6120	648	844	1.3025	6	19.0442	3	19.0442
group_15846	138	0	0.0000	0	0.0000	0	0.0000
group_15847	132	390	2.9545	8	124.6530	4	124.6530
group_15852	339	0	0.0000	0	0.0000	0	0.0000
group_15854	549	151	0.2750	1	3.7464	0	0.0000
group_12711	531	0	0.0000	0	0.0000	0	0.0000
group_5934	393	1746	4.4427	12	62.8023	6	62.8023
group_15855	1473	2539	1.7237	17	23.7374	8	22.3411
group_6753	630	1336	2.1206	10	32.6472	5	32.6472
group_2659	462	0	0.0000	0	0.0000	0	0.0000
group_15856	177	0	0.0000	0	0.0000	0	0.0000
group_1962	1194	301	0.2521	2	3.4452	1	3.4452
group_6906	216	150	0.6944	1	9.5221	0	0.0000
group_7839	363	408	1.1240	4	22.6642	2	22.6642
group_10887	180	0	0.0000	0	0.0000	0	0.0000
group_11203	327	1220	3.7309	9	56.6085	4	50.3187
group_12223	165	0	0.0000	0	0.0000	0	0.0000
group_15858	213	705	3.3099	5	48.2811	2	38.6249
group_15857	1485	2983	2.0088	20	27.7007	10	27.7007
group_15859	696	1783	2.5618	13	38.4168	6	35.4616
group_15861	402	1219	3.0323	9	46.0472	4	40.9308
group_15860	393	2102	5.3486	15	78.5029	7	73.2693
group_15862	786	453	0.5763	3	7.8503	1	5.2335
group_15863	1539	1648	1.0708	12	16.0372	6	16.0372
group_15864	1659	13070	7.8782	95	117.7780	47	116.5382
group_9913	189	1180	6.2434	12	130.5889	6	130.5889
group_6316	222	0	0.0000	0	0.0000	0	0.0000
group_12055	846	1474	1.7423	10	24.3118	5	24.3118
group_15865	441	301	0.6825	2	9.3278	1	9.3278
group_15867	255	3529	13.8392	28	225.8420	14	225.8420
group_15868	321	4497	14.0093	33	211.4442	16	205.0368
group_2715	1158	17885	15.4447	127	225.5703	63	223.7942
group_7509	210	264	1.2571	2	19.5883	1	19.5883
group_9604	192	0	0.0000	0	0.0000	0	0.0000
group_2542	1167	0	0.0000	0	0.0000	0	0.0000
group_9242	1482	1792	1.2092	12	16.6540	6	16.6540
group_4985	672	1144	1.7024	8	24.4854	4	24.4854
group_4312	1062	0	0.0000	0	0.0000	0	0.0000
group_2398	468	243	0.5192	2	8.7896	1	8.7896
group_4845	1035	302	0.2918	2	3.9744	1	3.9744
group_15869	657	1010	1.5373	7	21.9139	3	18.7833
group_15870	1446	754	0.5214	6	8.5343	3	8.5343
group_15872	612	0	0.0000	0	0.0000	0	0.0000
group_15874	408	0	0.0000	0	0.0000	0	0.0000
group_15871	390	9742	24.9795	67	353.3434	33	348.0696
group_15873	315	148	0.4698	2	13.0589	1	13.0589
group_15878	339	1137	3.3540	8	48.5375	4	48.5375
group_15876	933	3369	3.6109	24	52.9074	12	52.9074
group_15877	645	2370	3.6744	17	54.2096	8	51.0208
group_15879	684	1927	2.8173	13	39.0908	6	36.0838
group_15880	987	982	0.9949	8	16.6709	4	16.6709
group_15881	1005	2436	2.4239	17	34.7912	8	32.7447
group_10592	183	0	0.0000	0	0.0000	0	0.0000
group_5021	1026	0	0.0000	0	0.0000	0	0.0000
group_8690	591	1018	1.7225	10	34.8016	5	34.8016
group_15882	198	0	0.0000	0	0.0000	0	0.0000
group_15883	1521	4143	2.7239	29	39.2153	14	37.8631
group_4780	1038	151	0.1455	1	1.9815	0	0.0000
group_15885	798	4301	5.3897	30	77.3224	15	77.3224
group_15884	1839	6956	3.7825	47	52.5658	23	51.4473
group_7259	618	0	0.0000	0	0.0000	0	0.0000
group_15886	210	0	0.0000	0	0.0000	0	0.0000
group_15887	825	533	0.6461	4	9.9722	2	9.9722
group_5190	234	868	3.7094	6	52.7378	3	52.7378
group_8229	927	302	0.3258	2	4.4375	1	4.4375
group_6138	987	0	0.0000	0	0.0000	0	0.0000
group_9436	582	0	0.0000	0	0.0000	0	0.0000
group_11532	858	0	0.0000	0	0.0000	0	0.0000
group_15888	681	453	0.6652	3	9.0607	1	6.0405
group_7216	213	0	0.0000	0	0.0000	0	0.0000
group_4846	1035	477	0.4609	4	7.9489	2	7.9489
group_8552	921	0	0.0000	0	0.0000	0	0.0000
group_2763	747	0	0.0000	0	0.0000	0	0.0000
group_1953	480	0	0.0000	0	0.0000	0	0.0000
group_7617	366	0	0.0000	0	0.0000	0	0.0000
group_8436	357	783	2.1933	6	34.5676	3	34.5676
group_5746	228	1196	5.2456	10	90.2094	5	90.2094
group_11938	168	0	0.0000	0	0.0000	0	0.0000
group_15889	726	1456	2.0055	11	31.1633	5	28.3302
group_8993	912	0	0.0000	0	0.0000	0	0.0000
group_2976	738	0	0.0000	0	0.0000	0	0.0000
group_4200	696	0	0.0000	0	0.0000	0	0.0000
group_11398	174	0	0.0000	0	0.0000	0	0.0000
group_11925	849	0	0.0000	0	0.0000	0	0.0000
group_12224	165	138	0.8364	2	24.9306	1	24.9306
group_2552	99	0	0.0000	0	0.0000	0	0.0000
group_146	1233	302	0.2449	2	3.3362	1	3.3362
group_14113	144	0	0.0000	0	0.0000	0	0.0000
group_15890	375	601	1.6027	5	27.4237	2	21.9389
group_6360	639	19671	30.7840	156	502.1235	78	502.1235
group_12225	165	0	0.0000	0	0.0000	0	0.0000
group_5970	648	0	0.0000	0	0.0000	0	0.0000
group_7109	621	0	0.0000	0	0.0000	0	0.0000
group_10889	180	0	0.0000	0	0.0000	0	0.0000
group_15892	243	247	1.0165	2	16.9282	1	16.9282
group_15891	1095	1906	1.7406	6	11.2700	3	11.2700
group_15893	837	2867	3.4253	20	49.1464	10	49.1464
group_11397	174	225	1.2931	2	23.6411	1	23.6411
group_332	1227	0	0.0000	0	0.0000	0	0.0000
group_7816	207	0	0.0000	0	0.0000	0	0.0000
group_15894	159	0	0.0000	0	0.0000	0	0.0000
group_5454	231	383	1.6580	4	35.6152	2	35.6152
group_12984	306	927	3.0294	8	53.7719	4	53.7719
group_15895	1263	6529	5.1694	45	73.2818	22	71.6533
group_15896	2160	8745	4.0486	60	57.1326	30	57.1326
group_15897	1236	5639	4.5623	38	63.2342	19	63.2342
group_5738	1785	0	0.0000	0	0.0000	0	0.0000
group_225	498	0	0.0000	0	0.0000	0	0.0000
group_624	4821	568	0.1178	4	1.7065	2	1.7065
group_12299	1332	302	0.2267	2	3.0883	1	3.0883
group_15903	303	228	0.7525	2	13.5761	1	13.5761
group_15900	192	0	0.0000	0	0.0000	0	0.0000
group_15905	1386	909	0.6558	6	8.9038	3	8.9038
group_15901	1131	0	0.0000	0	0.0000	0	0.0000
group_15908	540	0	0.0000	0	0.0000	0	0.0000
group_15902	591	264	0.4467	2	6.9603	1	6.9603
group_15898	432	0	0.0000	0	0.0000	0	0.0000
group_15899	402	8139	20.2463	58	296.7487	29	296.7487
group_15907	693	1294	1.8672	10	29.6793	5	29.6793
group_15911	432	2194	5.0787	13	61.8937	6	57.1326
group_6585	1674	0	0.0000	0	0.0000	0	0.0000
group_3281	1536	0	0.0000	0	0.0000	0	0.0000
group_10811	564	386	0.6844	3	10.9403	1	7.2935
group_11672	855	533	0.6234	4	9.6223	2	9.6223
group_2990	264	142	0.5379	1	7.7908	0	0.0000
group_5566	399	297	0.7444	2	10.3096	1	10.3096
group_15912	171	583	3.4094	4	48.1117	2	48.1117
group_15913	534	0	0.0000	0	0.0000	0	0.0000
group_104	138	0	0.0000	0	0.0000	0	0.0000
group_4977	1914	890	0.4650	6	6.4476	3	6.4476
group_7575	942	228	0.2420	2	4.3668	1	4.3668
group_11425	1368	812	0.5936	6	9.0209	3	9.0209
group_10184	339	151	0.4454	1	6.0672	0	0.0000
group_15914	453	879	1.9404	7	31.7824	3	27.2421
group_15915	153	0	0.0000	0	0.0000	0	0.0000
group_15916	156	0	0.0000	0	0.0000	0	0.0000
group_3495	258	755	2.9264	5	39.8600	2	31.8880
group_11436	552	0	0.0000	0	0.0000	0	0.0000
group_13912	1263	586	0.4640	4	6.5139	2	6.5139
group_6386	1689	961	0.5690	8	9.7420	4	9.7420
group_8754	354	453	1.2797	3	17.4303	1	11.6202
group_5456	231	406	1.7576	3	26.7114	1	17.8076
group_15917	345	0	0.0000	0	0.0000	0	0.0000
group_9321	348	0	0.0000	0	0.0000	0	0.0000
group_15919	579	3039	5.2487	22	78.1504	11	78.1504
group_15918	789	581	0.7364	5	13.0341	2	10.4273
group_15920	702	3325	4.7365	23	67.3872	11	64.4573
group_12999	156	0	0.0000	0	0.0000	0	0.0000
group_15921	261	0	0.0000	0	0.0000	0	0.0000
group_15922	4194	2805	0.6688	20	9.8082	10	9.8082
group_11943	168	226	1.3452	2	24.4854	1	24.4854
group_15926	429	0	0.0000	0	0.0000	0	0.0000
group_15924	2379	453	0.1904	3	2.5937	1	1.7291
group_15925	1923	819	0.4259	6	6.4174	3	6.4174
group_11678	171	0	0.0000	0	0.0000	0	0.0000
group_9665	1458	302	0.2071	2	2.8214	1	2.8214
group_2400	468	261	0.5577	2	8.7896	1	8.7896
cRR6	474	2149	4.5338	15	65.0878	7	60.7486
group_15927	1374	6389	4.6499	45	67.3616	22	65.8647
group_3919	432	1209	2.7986	8	38.0884	4	38.0884
group_5747	396	0	0.0000	0	0.0000	0	0.0000
group_15933	867	0	0.0000	0	0.0000	0	0.0000
group_15932	2157	1810	0.8391	12	11.4424	6	11.4424
group_15929	195	0	0.0000	0	0.0000	0	0.0000
group_10486	336	0	0.0000	0	0.0000	0	0.0000
group_2401	468	0	0.0000	0	0.0000	0	0.0000
group_15934	147	0	0.0000	0	0.0000	0	0.0000
group_10549	567	151	0.2663	1	3.6275	0	0.0000
group_12494	162	299	1.8457	2	25.3923	1	25.3923
group_15935	1017	6584	6.4739	47	95.0525	23	93.0301
group_7554	612	2099	3.4297	15	50.4112	7	47.0504
group_3489	723	0	0.0000	0	0.0000	0	0.0000
group_15936	315	1033	3.2794	11	71.8239	5	65.2944
group_2255	276	286	1.0362	2	14.9042	1	14.9042
group_9610	192	595	3.0990	5	53.5619	2	42.8495
group_2620	270	302	1.1185	2	15.2354	1	15.2354
group_15937	1008	302	0.2996	2	4.0809	1	4.0809
group_15938	1461	0	0.0000	0	0.0000	0	0.0000
group_15939	189	351	1.8571	3	32.6472	1	21.7648
group_15942	1206	151	0.1252	1	1.7055	0	0.0000
group_7822	207	58	0.2802	2	19.8722	1	19.8722
group_15943	1239	420	0.3390	3	4.9801	1	3.3201
group_15955	1431	604	0.4221	4	5.7492	2	5.7492
group_1092	489	0	0.0000	0	0.0000	0	0.0000
group_15960	303	578	1.9076	4	27.1521	2	27.1521
group_15961	288	236	0.8194	2	14.2832	1	14.2832
group_15959	666	4991	7.4940	34	105.0005	17	105.0005
group_15962	117	0	0.0000	0	0.0000	0	0.0000
group_15963	324	535	1.6512	4	25.3923	2	25.3923
group_15940	354	0	0.0000	0	0.0000	0	0.0000
group_15964	1641	7657	4.6661	51	63.9217	25	62.6683
group_2622	270	0	0.0000	0	0.0000	0	0.0000
group_12319	840	3842	4.5738	28	68.5592	14	68.5592
group_6754	630	2213	3.5127	16	52.2356	8	52.2356
group_15965	1284	5220	4.0654	38	60.8703	19	60.8703
group_15966	1236	2106	1.7039	14	23.2968	7	23.2968
group_15967	942	1415	1.5021	11	24.0175	5	21.8341
group_15968	255	0	0.0000	0	0.0000	0	0.0000
group_3498	258	576	2.2326	5	39.8600	2	31.8880
group_4129	426	1535	3.6033	11	53.1092	5	48.2811
group_11452	324	1069	3.2994	8	50.7846	4	50.7846
group_15971	951	2553	2.6845	18	38.9295	9	38.9295
group_15972	546	753	1.3791	5	18.8349	2	15.0679
group_7523	210	141	0.6714	1	9.7942	0	0.0000
group_15974	273	0	0.0000	0	0.0000	0	0.0000
group_15981	495	0	0.0000	0	0.0000	0	0.0000
group_15979	1101	2399	2.1789	16	29.8896	8	29.8896
group_15978	609	453	0.7438	3	10.1319	1	6.7546
group_15980	3918	4384	1.1189	30	15.7487	15	15.7487
group_7018	375	0	0.0000	0	0.0000	0	0.0000
group_12193	315	0	0.0000	0	0.0000	0	0.0000
group_5749	396	0	0.0000	0	0.0000	0	0.0000
group_6639	219	286	1.3059	2	18.7833	1	18.7833
group_11946	168	177	1.0536	2	24.4854	1	24.4854
group_10895	180	0	0.0000	0	0.0000	0	0.0000
group_9849	342	512	1.4971	4	24.0558	2	24.0558
group_1966	3429	9345	2.7253	66	39.5880	33	39.5880
group_13464	816	0	0.0000	0	0.0000	0	0.0000
group_2547	465	0	0.0000	0	0.0000	0	0.0000
group_13266	153	0	0.0000	0	0.0000	0	0.0000
group_2473	102	0	0.0000	0	0.0000	0	0.0000
group_15986	1542	0	0.0000	0	0.0000	0	0.0000
group_15982	1554	0	0.0000	0	0.0000	0	0.0000
group_15985	552	0	0.0000	0	0.0000	0	0.0000
group_15983	426	0	0.0000	0	0.0000	0	0.0000
group_15984	381	0	0.0000	0	0.0000	0	0.0000
group_7227	213	453	2.1268	3	28.9687	1	19.3124
group_12736	159	0	0.0000	0	0.0000	0	0.0000
group_4130	426	298	0.6995	2	9.6562	1	9.6562
group_6914	216	375	1.7361	4	38.0884	2	38.0884
group_15990	3027	906	0.2993	6	4.0769	3	4.0769
group_15989	1359	604	0.4444	4	6.0538	2	6.0538
group_15988	1251	581	0.4644	4	6.5764	2	6.5764
group_15987	156	0	0.0000	0	0.0000	0	0.0000
group_15992	240	0	0.0000	0	0.0000	0	0.0000
group_15991	396	474	1.1970	4	20.7755	2	20.7755
group_2261	111	0	0.0000	0	0.0000	0	0.0000
group_718	132	0	0.0000	0	0.0000	0	0.0000
group_7524	210	264	1.2571	4	39.1767	2	39.1767
group_4923	237	365	1.5401	3	26.0351	1	17.3568
group_12235	165	0	0.0000	0	0.0000	0	0.0000
group_2342	108	0	0.0000	0	0.0000	0	0.0000
group_2068	117	0	0.0000	0	0.0000	0	0.0000
group_12322	537	453	0.8436	3	11.4904	1	7.6602
group_14341	504	1830	3.6310	13	53.0517	6	48.9708
group_12228	165	0	0.0000	0	0.0000	0	0.0000
group_2824	267	0	0.0000	0	0.0000	0	0.0000
group_3431	444	0	0.0000	0	0.0000	0	0.0000
group_7229	213	0	0.0000	0	0.0000	0	0.0000
group_6638	219	0	0.0000	0	0.0000	0	0.0000
group_2161	114	0	0.0000	0	0.0000	0	0.0000
group_6641	219	0	0.0000	0	0.0000	0	0.0000
group_6060	225	0	0.0000	0	0.0000	0	0.0000
group_15993	258	1273	4.9341	9	71.7480	4	63.7760
group_14325	294	0	0.0000	0	0.0000	0	0.0000
group_9613	192	0	0.0000	0	0.0000	0	0.0000
group_1137	285	0	0.0000	0	0.0000	0	0.0000
group_1391	126	0	0.0000	0	0.0000	0	0.0000
group_8524	201	0	0.0000	0	0.0000	0	0.0000
group_9854	342	0	0.0000	0	0.0000	0	0.0000
group_9548	345	0	0.0000	0	0.0000	0	0.0000
group_15999	2496	302	0.1210	2	1.6481	1	1.6481
group_15998	213	0	0.0000	0	0.0000	0	0.0000
group_15996	189	0	0.0000	0	0.0000	0	0.0000
group_15997	1704	0	0.0000	0	0.0000	0	0.0000
group_13267	153	0	0.0000	0	0.0000	0	0.0000
group_9053	351	0	0.0000	0	0.0000	0	0.0000
group_13792	810	0	0.0000	0	0.0000	0	0.0000
group_4971	408	0	0.0000	0	0.0000	0	0.0000
group_4692	240	192	0.8000	2	17.1398	1	17.1398
group_12231	165	0	0.0000	0	0.0000	0	0.0000
group_2052	279	0	0.0000	0	0.0000	0	0.0000
group_8202	204	1167	5.7206	8	80.6578	4	80.6578
group_13268	153	0	0.0000	0	0.0000	0	0.0000
group_7296	1599	2100	1.3133	14	18.0080	7	18.0080
group_5198	234	106	0.4530	2	17.5793	1	17.5793
group_4346	2070	302	0.1459	2	1.9872	1	1.9872
group_4083	249	0	0.0000	0	0.0000	0	0.0000
group_4976	408	0	0.0000	0	0.0000	0	0.0000
group_5191	405	302	0.7457	2	10.1569	1	10.1569
group_581	288	0	0.0000	0	0.0000	0	0.0000
group_12232	165	0	0.0000	0	0.0000	0	0.0000
group_2262	111	0	0.0000	0	0.0000	0	0.0000
group_4866	1935	654	0.3380	5	5.3147	2	4.2517
group_4769	1959	302	0.1542	2	2.0998	1	2.0998
group_2285	471	0	0.0000	0	0.0000	0	0.0000
group_2351	762	274	0.3596	2	5.3984	1	5.3984
group_7111	621	0	0.0000	0	0.0000	0	0.0000
group_7827	207	0	0.0000	0	0.0000	0	0.0000
group_16003	225	151	0.6711	1	9.1412	0	0.0000
group_16000	837	1504	1.7969	11	27.0305	5	24.5732
group_16005	393	11403	29.0153	87	455.3166	43	450.0831
group_16008	420	11044	26.2952	78	381.9725	39	381.9725
group_16007	186	0	0.0000	0	0.0000	0	0.0000
group_16004	651	300	0.4608	2	6.3188	1	6.3188
group_16009	150	0	0.0000	0	0.0000	0	0.0000
group_16001	792	737	0.9306	6	15.5816	3	15.5816
group_16011	1449	4887	3.3727	34	48.2611	17	48.2611
group_4135	426	0	0.0000	0	0.0000	0	0.0000
group_6741	1656	1135	0.6854	8	9.9361	4	9.9361
group_9654	897	1039	1.1583	7	16.0506	3	13.7577
group_10015	1440	0	0.0000	0	0.0000	0	0.0000
group_6782	966	0	0.0000	0	0.0000	0	0.0000
group_13851	147	0	0.0000	0	0.0000	0	0.0000
group_3054	2553	1208	0.4732	8	6.4450	4	6.4450
group_7074	1620	0	0.0000	0	0.0000	0	0.0000
group_5420	483	0	0.0000	0	0.0000	0	0.0000
group_9453	582	0	0.0000	0	0.0000	0	0.0000
group_16013	284	764	2.6901	6	43.4530	3	43.4530
group_16014	666	0	0.0000	0	0.0000	0	0.0000
group_16015	390	1055	2.7051	7	36.9165	3	31.6427
group_4684	681	0	0.0000	0	0.0000	0	0.0000
group_2426	273	0	0.0000	0	0.0000	0	0.0000
group_4571	1047	302	0.2884	2	3.9289	1	3.9289
group_14260	1251	453	0.3621	3	4.9323	1	3.2882
group_2720	1158	158	0.1364	2	3.5523	1	3.5523
group_15574	744	560	0.7527	4	11.0579	2	11.0579
group_15576	2013	886	0.4401	6	6.1305	3	6.1305
group_15579	567	0	0.0000	0	0.0000	0	0.0000
group_15577	552	0	0.0000	0	0.0000	0	0.0000
group_15589	729	453	0.6214	3	8.4641	1	5.6427
group_15590	234	149	0.6368	1	8.7896	0	0.0000
group_15587	660	0	0.0000	0	0.0000	0	0.0000
group_15581	2181	530	0.2430	4	3.7722	2	3.7722
group_16017	372	151	0.4059	1	5.5290	0	0.0000
group_16016	396	0	0.0000	0	0.0000	0	0.0000
group_16019	681	0	0.0000	0	0.0000	0	0.0000
group_16020	645	453	0.7023	3	9.5664	1	6.3776
group_8917	198	535	2.7020	4	41.5510	2	41.5510
group_16021	153	0	0.0000	0	0.0000	0	0.0000
group_7232	372	0	0.0000	0	0.0000	0	0.0000
group_16023	672	0	0.0000	0	0.0000	0	0.0000
group_16022	1239	0	0.0000	0	0.0000	0	0.0000
group_16024	165	0	0.0000	0	0.0000	0	0.0000
group_16025	131	0	0.0000	0	0.0000	0	0.0000
group_16026	711	0	0.0000	0	0.0000	0	0.0000
group_16027	453	151	0.3333	1	4.5403	0	0.0000
group_16028	132	0	0.0000	0	0.0000	0	0.0000
group_13475	816	342	0.4191	3	7.5617	1	5.0411
group_6669	381	0	0.0000	0	0.0000	0	0.0000
group_9330	348	151	0.4339	1	5.9103	0	0.0000
group_16029	315	3688	11.7079	30	195.8833	15	195.8833
group_6080	1740	151	0.0868	1	1.1821	0	0.0000
group_7237	951	968	1.0179	7	15.1392	3	12.9765
group_7119	621	0	0.0000	0	0.0000	0	0.0000
group_16030	666	0	0.0000	0	0.0000	0	0.0000
group_16031	2775	302	0.1088	2	1.4824	1	1.4824
group_16032	624	0	0.0000	0	0.0000	0	0.0000
group_8914	198	151	0.7626	1	10.3878	0	0.0000
group_8539	201	2043	10.1642	16	163.7234	8	163.7234
group_8540	201	151	0.7512	1	10.2327	0	0.0000
group_11721	321	2123	6.6137	14	89.7036	7	89.7036
group_180	291	0	0.0000	0	0.0000	0	0.0000
group_12726	309	0	0.0000	0	0.0000	0	0.0000
group_2056	771	0	0.0000	0	0.0000	0	0.0000
group_3283	261	126	0.4828	2	15.7607	1	15.7607
group_5944	393	4772	12.1425	36	188.4069	18	188.4069
group_4367	690	2187	3.1696	16	47.6933	8	47.6933
group_6645	1665	584	0.3508	4	4.9412	2	4.9412
group_10277	186	498	2.6774	4	44.2317	2	44.2317
group_13213	822	0	0.0000	0	0.0000	0	0.0000
group_2475	102	0	0.0000	0	0.0000	0	0.0000
group_7234	372	1251	3.3629	9	49.7607	4	44.2317
group_9935	189	0	0.0000	0	0.0000	0	0.0000
group_12137	540	0	0.0000	0	0.0000	0	0.0000
group_13375	519	0	0.0000	0	0.0000	0	0.0000
group_12732	531	0	0.0000	0	0.0000	0	0.0000
group_3009	453	0	0.0000	0	0.0000	0	0.0000
group_16033	141	0	0.0000	0	0.0000	0	0.0000
group_5573	399	0	0.0000	0	0.0000	0	0.0000
group_1158	285	0	0.0000	0	0.0000	0	0.0000
group_5213	234	1994	8.5214	18	158.2135	9	158.2135
group_16034	1200	0	0.0000	0	0.0000	0	0.0000
group_15946	1902	909	0.4779	6	6.4882	3	6.4882
group_15952	1761	900	0.5111	6	7.0078	3	7.0078
group_16036	459	0	0.0000	0	0.0000	0	0.0000
group_16049	225	0	0.0000	0	0.0000	0	0.0000
group_16051	564	0	0.0000	0	0.0000	0	0.0000
group_16040	834	0	0.0000	0	0.0000	0	0.0000
group_16041	918	0	0.0000	0	0.0000	0	0.0000
group_16044	309	0	0.0000	0	0.0000	0	0.0000
group_16038	666	0	0.0000	0	0.0000	0	0.0000
group_16046	324	0	0.0000	0	0.0000	0	0.0000
group_16043	570	0	0.0000	0	0.0000	0	0.0000
group_16039	147	0	0.0000	0	0.0000	0	0.0000
group_16045	768	0	0.0000	0	0.0000	0	0.0000
group_16050	249	0	0.0000	0	0.0000	0	0.0000
group_16035	888	0	0.0000	0	0.0000	0	0.0000
group_16042	291	0	0.0000	0	0.0000	0	0.0000
group_16047	324	0	0.0000	0	0.0000	0	0.0000
group_16048	261	0	0.0000	0	0.0000	0	0.0000
group_16037	348	0	0.0000	0	0.0000	0	0.0000
group_12731	309	0	0.0000	0	0.0000	0	0.0000
group_4935	237	0	0.0000	0	0.0000	0	0.0000
group_16052	252	0	0.0000	0	0.0000	0	0.0000
group_16054	2376	1359	0.5720	9	7.7908	4	6.9252
group_16053	201	0	0.0000	0	0.0000	0	0.0000
group_16055	1263	453	0.3587	3	4.8855	1	3.2570
group_6124	645	0	0.0000	0	0.0000	0	0.0000
group_16057	267	0	0.0000	0	0.0000	0	0.0000
group_16056	195	0	0.0000	0	0.0000	0	0.0000
group_9286	195	0	0.0000	0	0.0000	0	0.0000
group_1958	480	0	0.0000	0	0.0000	0	0.0000
group_8761	918	0	0.0000	0	0.0000	0	0.0000
group_2060	279	446	1.5986	4	29.4878	2	29.4878
group_12733	309	0	0.0000	0	0.0000	0	0.0000
group_4809	486	0	0.0000	0	0.0000	0	0.0000
group_9940	189	0	0.0000	0	0.0000	0	0.0000
group_4938	237	0	0.0000	0	0.0000	0	0.0000
group_11285	555	0	0.0000	0	0.0000	0	0.0000
group_7242	213	0	0.0000	0	0.0000	0	0.0000
group_12739	159	0	0.0000	0	0.0000	0	0.0000
group_16059	390	0	0.0000	0	0.0000	0	0.0000
group_16058	273	0	0.0000	0	0.0000	0	0.0000
group_13859	147	0	0.0000	0	0.0000	0	0.0000
group_13015	156	0	0.0000	0	0.0000	0	0.0000
group_1433	486	669	1.3765	5	21.1602	2	16.9282
group_1964	480	466	0.9708	4	17.1398	2	17.1398
group_16062	414	0	0.0000	0	0.0000	0	0.0000
group_16061	2964	1053	0.3553	7	4.8574	3	4.1635
group_16060	216	0	0.0000	0	0.0000	0	0.0000
group_13586	150	0	0.0000	0	0.0000	0	0.0000
group_16063	132	0	0.0000	0	0.0000	0	0.0000
group_11453	552	0	0.0000	0	0.0000	0	0.0000
group_2216	3159	0	0.0000	0	0.0000	0	0.0000
group_9066	351	0	0.0000	0	0.0000	0	0.0000
group_4987	408	302	0.7402	2	10.0822	1	10.0822
group_13617	300	711	2.3700	6	41.1355	3	41.1355
group_16064	141	0	0.0000	0	0.0000	0	0.0000
group_16065	381	0	0.0000	0	0.0000	0	0.0000
group_16066	199	194	0.9749	2	20.6711	1	20.6711
group_16067	225	0	0.0000	0	0.0000	0	0.0000
group_6347	387	1902	4.9147	15	79.7200	7	74.4053
group_16068	234	0	0.0000	0	0.0000	0	0.0000
group_16069	732	0	0.0000	0	0.0000	0	0.0000
group_16070	1329	0	0.0000	0	0.0000	0	0.0000
group_16072	126	0	0.0000	0	0.0000	0	0.0000
group_16073	381	0	0.0000	0	0.0000	0	0.0000
group_3084	735	755	1.0272	5	13.9917	2	11.1933
group_6813	1647	0	0.0000	0	0.0000	0	0.0000
galE	1008	0	0.0000	0	0.0000	0	0.0000
group_3289	261	0	0.0000	0	0.0000	0	0.0000
group_7272	1602	0	0.0000	0	0.0000	0	0.0000
group_6709	1659	0	0.0000	0	0.0000	0	0.0000
group_14190	1254	0	0.0000	0	0.0000	0	0.0000
group_6450	1683	0	0.0000	0	0.0000	0	0.0000
group_12740	159	0	0.0000	0	0.0000	0	0.0000
group_667	4761	8544	1.7946	58	25.0563	29	25.0563
group_16074	249	1060	4.2570	8	66.0811	4	66.0811
group_16075	306	140	0.4575	2	13.4430	1	13.4430
group_3503	723	259	0.3582	2	5.6896	1	5.6896
group_4493	687	0	0.0000	0	0.0000	0	0.0000
group_8570	921	580	0.6298	4	8.9328	2	8.9328
group_12244	165	0	0.0000	0	0.0000	0	0.0000
group_9140	909	816	0.8977	8	18.1014	4	18.1014
group_13587	150	0	0.0000	0	0.0000	0	0.0000
group_7784	936	0	0.0000	0	0.0000	0	0.0000
group_8567	921	0	0.0000	0	0.0000	0	0.0000
group_8078	1539	0	0.0000	0	0.0000	0	0.0000
group_4763	1962	0	0.0000	0	0.0000	0	0.0000
group_2743	2739	524	0.1913	4	3.0037	2	3.0037
group_4785	411	0	0.0000	0	0.0000	0	0.0000
group_5203	405	0	0.0000	0	0.0000	0	0.0000
group_7274	618	0	0.0000	0	0.0000	0	0.0000
group_10784	333	0	0.0000	0	0.0000	0	0.0000
group_6376	639	0	0.0000	0	0.0000	0	0.0000
group_16076	633	151	0.2385	1	3.2492	0	0.0000
group_15951	1008	0	0.0000	0	0.0000	0	0.0000
group_15949	1005	435	0.4328	3	6.1396	1	4.0931
group_15947	279	539	1.9319	4	29.4878	2	29.4878
group_15944	234	0	0.0000	0	0.0000	0	0.0000
group_16077	351	526	1.4986	6	35.1585	3	35.1585
group_4089	249	0	0.0000	0	0.0000	0	0.0000
group_16078	255	0	0.0000	0	0.0000	0	0.0000
group_16079	135	0	0.0000	0	0.0000	0	0.0000
group_16080	1017	0	0.0000	0	0.0000	0	0.0000
group_16081	540	0	0.0000	0	0.0000	0	0.0000
group_7245	213	0	0.0000	0	0.0000	0	0.0000
group_16082	150	0	0.0000	0	0.0000	0	0.0000
group_16083	444	0	0.0000	0	0.0000	0	0.0000
group_16085	717	744	1.0377	6	17.2115	3	17.2115
group_16086	108	0	0.0000	0	0.0000	0	0.0000
group_16087	447	576	1.2886	4	18.4051	2	18.4051
group_16088	279	1363	4.8853	13	95.8354	6	88.4634
group_16091	195	0	0.0000	0	0.0000	0	0.0000
group_16089	4425	755	0.1706	5	2.3240	2	1.8592
group_16092	984	0	0.0000	0	0.0000	0	0.0000
group_16093	357	0	0.0000	0	0.0000	0	0.0000
group_16094	543	0	0.0000	0	0.0000	0	0.0000
group_2409	105	0	0.0000	0	0.0000	0	0.0000
group_4789	411	0	0.0000	0	0.0000	0	0.0000
group_16095	162	0	0.0000	0	0.0000	0	0.0000
group_16096	174	255	1.4655	2	23.6411	1	23.6411
group_16097	144	0	0.0000	0	0.0000	0	0.0000
group_16098	99	0	0.0000	0	0.0000	0	0.0000
group_16099	1572	0	0.0000	0	0.0000	0	0.0000
group_16100	180	0	0.0000	0	0.0000	0	0.0000
group_1701	3585	1968	0.5490	16	9.1795	8	9.1795
group_16101	564	770	1.3652	10	36.4676	5	36.4676
group_16102	495	1957	3.9535	16	66.4816	8	66.4816
group_16103	318	424	1.3333	4	25.8714	2	25.8714
group_16104	3321	490	0.1475	4	2.4773	2	2.4773
group_16105	1302	0	0.0000	0	0.0000	0	0.0000
group_16106	189	151	0.7989	1	10.8824	0	0.0000
group_9948	1443	0	0.0000	0	0.0000	0	0.0000
group_6629	972	0	0.0000	0	0.0000	0	0.0000
group_1960	480	0	0.0000	0	0.0000	0	0.0000
group_585	1221	413	0.3382	2	3.3690	1	3.3690
group_16107	144	182	1.2639	2	28.5663	1	28.5663
group_13218	822	0	0.0000	0	0.0000	0	0.0000
group_11962	168	0	0.0000	0	0.0000	0	0.0000
group_16108	282	433	1.5355	4	29.1741	2	29.1741
group_16109	240	0	0.0000	0	0.0000	0	0.0000
group_2410	105	0	0.0000	0	0.0000	0	0.0000
group_2265	111	0	0.0000	0	0.0000	0	0.0000
group_16110	162	0	0.0000	0	0.0000	0	0.0000
group_16111	1440	7456	5.1778	51	72.8441	25	71.4158
group_16112	669	0	0.0000	0	0.0000	0	0.0000
group_16113	198	0	0.0000	0	0.0000	0	0.0000
group_16114	246	0	0.0000	0	0.0000	0	0.0000
group_16116	1050	11040	10.5143	76	148.8713	38	148.8713
group_16115	336	1803	5.3661	14	85.6990	7	85.6990
group_16117	789	254	0.3219	4	10.4273	2	10.4273
group_16118	816	4267	5.2292	29	73.0962	14	70.5756
group_16119	618	1043	1.6877	7	23.2968	3	19.9687
group_16121	150	0	0.0000	0	0.0000	0	0.0000
group_7126	621	868	1.3977	6	19.8722	3	19.8722
group_6651	219	0	0.0000	0	0.0000	0	0.0000
group_3700	255	0	0.0000	0	0.0000	0	0.0000
group_3311	2433	434	0.1784	4	3.3815	2	3.3815
group_16122	189	124	0.6561	2	21.7648	1	21.7648
group_11797	852	0	0.0000	0	0.0000	0	0.0000
group_16123	867	0	0.0000	0	0.0000	0	0.0000
group_13219	822	0	0.0000	0	0.0000	0	0.0000
group_10610	183	0	0.0000	0	0.0000	0	0.0000
group_2192	3183	302	0.0949	2	1.2924	1	1.2924
group_10911	180	0	0.0000	0	0.0000	0	0.0000
group_16124	1341	3988	2.9739	27	41.4116	13	39.8778
group_16125	315	577	1.8317	5	32.6472	2	26.1178
group_13864	147	0	0.0000	0	0.0000	0	0.0000
group_2672	750	0	0.0000	0	0.0000	0	0.0000
group_16126	180	138	0.7667	2	22.8531	1	22.8531
group_16127	306	145	0.4739	1	6.7215	0	0.0000
group_16128	417	0	0.0000	0	0.0000	0	0.0000
group_10291	186	250	1.3441	2	22.1159	1	22.1159
group_15642	222	340	1.5315	3	27.7943	1	18.5295
group_15641	642	2547	3.9673	17	54.4629	8	51.2592
group_4441	243	2851	11.7325	24	203.1383	12	203.1383
group_16129	384	0	0.0000	0	0.0000	0	0.0000
group_16130	240	0	0.0000	0	0.0000	0	0.0000
group_16131	1047	0	0.0000	0	0.0000	0	0.0000
group_5605	657	604	0.9193	4	12.5222	2	12.5222
group_3872	1092	305	0.2793	2	3.7670	1	3.7670
group_2064	279	0	0.0000	0	0.0000	0	0.0000
group_3921	253	240	0.9486	2	16.2591	1	16.2591
group_16132	1158	302	0.2608	2	3.5523	1	3.5523
group_16135	189	0	0.0000	0	0.0000	0	0.0000
group_16137	669	2103	3.1435	15	46.1160	7	43.0416
group_2797	1152	0	0.0000	0	0.0000	0	0.0000
group_1972	774	151	0.1951	1	2.6573	0	0.0000
group_16138	252	252	1.0000	2	16.3236	1	16.3236
group_16139	330	0	0.0000	0	0.0000	0	0.0000
group_16140	394	0	0.0000	0	0.0000	0	0.0000
group_16141	1620	0	0.0000	0	0.0000	0	0.0000
group_16142	3714	476	0.1282	4	2.2152	2	2.2152
group_16144	552	0	0.0000	0	0.0000	0	0.0000
group_16143	729	2979	4.0864	21	59.2487	10	56.4273
group_16146	1173	2944	2.5098	21	36.8221	10	35.0686
group_16148	2286	2114	0.9248	14	12.5962	7	12.5962
group_16149	990	988	0.9980	7	14.5429	3	12.4653
group_13277	153	0	0.0000	0	0.0000	0	0.0000
group_16150	5061	50745	10.0267	306	124.3575	153	124.3575
group_16151	303	915	3.0198	7	47.5163	3	40.7282
group_1080	129	0	0.0000	0	0.0000	0	0.0000
group_2615	96	0	0.0000	0	0.0000	0	0.0000
group_9949	189	970	5.1323	8	87.0593	4	87.0593
group_16152	204	3564	17.4706	25	252.0558	12	241.9735
group_16153	129	0	0.0000	0	0.0000	0	0.0000
group_16154	363	151	0.4160	1	5.6660	0	0.0000
group_16155	786	0	0.0000	0	0.0000	0	0.0000
group_14732	156	0	0.0000	0	0.0000	0	0.0000
group_16156	138	0	0.0000	0	0.0000	0	0.0000
group_8226	204	0	0.0000	0	0.0000	0	0.0000
group_11153	177	0	0.0000	0	0.0000	0	0.0000
group_10914	180	0	0.0000	0	0.0000	0	0.0000
group_3704	255	0	0.0000	0	0.0000	0	0.0000
group_16157	3456	15292	4.4248	110	65.4645	55	65.4645
group_15923	1836	0	0.0000	0	0.0000	0	0.0000
group_16158	1929	1359	0.7045	9	9.5962	4	8.5299
group_10208	339	501	1.4779	4	24.2687	2	24.2687
group_16159	1224	302	0.2467	2	3.3607	1	3.3607
group_16160	687	5338	7.7700	41	122.7479	20	119.7540
group_16161	402	0	0.0000	0	0.0000	0	0.0000
group_16162	402	302	0.7512	2	10.2327	1	10.2327
group_16164	234	4153	17.7479	31	272.4788	15	263.6891
group_16163	375	5483	14.6213	45	246.8130	22	241.3283
group_16165	945	1581	1.6730	11	23.9413	5	21.7648
group_12760	831	613	0.7377	4	9.9002	2	9.9002
group_16166	147	0	0.0000	0	0.0000	0	0.0000
group_16167	1563	0	0.0000	0	0.0000	0	0.0000
group_16168	147	0	0.0000	0	0.0000	0	0.0000
group_5564	1005	766	0.7622	6	12.2793	3	12.2793
group_2843	267	0	0.0000	0	0.0000	0	0.0000
group_6519	384	0	0.0000	0	0.0000	0	0.0000
group_2632	270	0	0.0000	0	0.0000	0	0.0000
group_11417	174	0	0.0000	0	0.0000	0	0.0000
group_840	492	540	1.0976	4	16.7217	2	16.7217
group_16169	1518	18183	11.9783	123	166.6557	61	165.3008
group_9007	588	0	0.0000	0	0.0000	0	0.0000
group_16170	291	931	3.1993	6	42.4077	3	42.4077
group_2549	1167	239	0.2048	2	3.5249	1	3.5249
group_3312	2433	4522	1.8586	30	25.3610	15	25.3610
group_11967	168	0	0.0000	0	0.0000	0	0.0000
group_16171	177	0	0.0000	0	0.0000	0	0.0000
group_13028	156	250	1.6026	2	26.3689	1	26.3689
group_14130	144	0	0.0000	0	0.0000	0	0.0000
group_16172	1233	909	0.7372	6	10.0086	3	10.0086
group_11539	858	0	0.0000	0	0.0000	0	0.0000
group_13621	300	0	0.0000	0	0.0000	0	0.0000
group_4141	426	302	0.7089	2	9.6562	1	9.6562
group_7541	210	0	0.0000	0	0.0000	0	0.0000
group_2617	96	0	0.0000	0	0.0000	0	0.0000
group_2168	114	0	0.0000	0	0.0000	0	0.0000
cas3	2469	5561	2.2523	37	30.8225	18	29.9894
cas8a1	1587	3873	2.4405	27	34.9924	13	33.6964
cas7i	999	1941	1.9429	15	30.8825	7	28.8237
cas5	645	1905	2.9535	15	47.8320	7	44.6432
group_16174	321	0	0.0000	0	0.0000	0	0.0000
group_16173	663	0	0.0000	0	0.0000	0	0.0000
group_2633	270	372	1.3778	3	22.8531	1	15.2354
group_3930	432	0	0.0000	0	0.0000	0	0.0000
group_3443	444	0	0.0000	0	0.0000	0	0.0000
group_3244	2460	0	0.0000	0	0.0000	0	0.0000
group_2264	765	0	0.0000	0	0.0000	0	0.0000
group_10612	183	276	1.5082	2	22.4784	1	22.4784
group_2169	114	0	0.0000	0	0.0000	0	0.0000
group_16177	1290	0	0.0000	0	0.0000	0	0.0000
group_16178	576	0	0.0000	0	0.0000	0	0.0000
group_16175	711	0	0.0000	0	0.0000	0	0.0000
group_16176	1272	0	0.0000	0	0.0000	0	0.0000
group_16180	489	0	0.0000	0	0.0000	0	0.0000
group_16182	348	0	0.0000	0	0.0000	0	0.0000
group_16181	612	0	0.0000	0	0.0000	0	0.0000
group_16183	1344	4835	3.5975	33	50.5012	16	48.9708
group_16184	297	151	0.5084	1	6.9252	0	0.0000
group_16010	210	0	0.0000	0	0.0000	0	0.0000
group_16002	1965	2138	1.0880	15	15.7006	7	14.6539
group_16006	465	200	0.4301	2	8.8463	1	8.8463
group_13623	300	302	1.0067	2	13.7118	1	13.7118
group_3014	453	0	0.0000	0	0.0000	0	0.0000
group_5210	405	453	1.1185	3	15.2354	1	10.1569
group_14345	294	750	2.5510	5	34.9792	2	27.9833
group_16185	1839	1633	0.8880	11	12.3026	5	11.1842
group_16187	1128	1440	1.2766	10	18.2338	5	18.2338
group_16186	402	3302	8.2139	24	122.7925	12	122.7925
group_16189	1086	6543	6.0249	47	89.0133	23	87.1194
group_16188	852	887	1.0411	8	19.3124	4	19.3124
group_16191	381	1107	2.9055	8	43.1869	4	43.1869
group_16190	2751	7077	2.5725	51	38.1300	25	37.3823
group_11996	323	248	0.7678	2	12.7354	1	12.7354
group_16192	1746	4832	2.7675	32	37.6958	16	37.6958
group_16194	1188	4970	4.1835	35	60.5952	17	58.8639
group_16193	1932	1510	0.7816	10	10.6458	5	10.6458
group_16197	264	0	0.0000	0	0.0000	0	0.0000
group_16195	375	0	0.0000	0	0.0000	0	0.0000
group_16196	1080	0	0.0000	0	0.0000	0	0.0000
group_16201	1266	558	0.4408	4	6.4985	2	6.4985
group_16200	624	0	0.0000	0	0.0000	0	0.0000
group_16199	456	453	0.9934	3	13.5314	1	9.0209
group_16198	516	2412	4.6744	18	71.7480	9	71.7480
group_9848	576	441	0.7656	3	10.7124	1	7.1416
group_16202	156	208	1.3333	2	26.3689	1	26.3689
group_3931	432	578	1.3380	4	19.0442	2	19.0442
group_2163	768	1365	1.7773	9	24.1028	4	21.4247
group_3069	2550	2370	0.9294	16	12.9053	8	12.9053
group_2987	1137	151	0.1328	1	1.8089	0	0.0000
group_7038	957	1483	1.5496	11	23.6411	5	21.4919
group_16203	189	272	1.4392	2	21.7648	1	21.7648
group_16204	159	0	0.0000	0	0.0000	0	0.0000
group_16205	318	0	0.0000	0	0.0000	0	0.0000
group_6074	990	746	0.7535	5	10.3878	2	8.3102
group_12246	165	0	0.0000	0	0.0000	0	0.0000
group_8929	198	0	0.0000	0	0.0000	0	0.0000
group_16206	162	202	1.2469	2	25.3923	1	25.3923
group_16207	243	1006	4.1399	8	67.7128	4	67.7128
group_9419	1473	453	0.3075	3	4.1890	1	2.7926
group_6676	381	0	0.0000	0	0.0000	0	0.0000
group_2504	756	0	0.0000	0	0.0000	0	0.0000
group_16208	222	0	0.0000	0	0.0000	0	0.0000
group_12248	165	754	4.5697	8	99.7224	4	99.7224
group_14264	1251	751	0.6003	5	8.2205	2	6.5764
group_9300	195	154	0.7897	2	21.0951	1	21.0951
group_11959	543	151	0.2781	1	3.7878	0	0.0000
group_16209	222	809	3.6441	7	64.8533	3	55.5885
group_7844	207	259	1.2512	2	19.8722	1	19.8722
group_8932	198	508	2.5657	4	41.5510	2	41.5510
group_3710	255	860	3.3725	7	56.4605	3	48.3947
group_13568	516	697	1.3508	5	19.9300	2	15.9440
group_16210	813	1664	2.0467	12	30.3583	6	30.3583
group_127	138	506	3.6667	4	59.6167	2	59.6167
group_14140	507	0	0.0000	0	0.0000	0	0.0000
group_13663	813	1202	1.4785	8	20.2389	4	20.2389
group_16211	339	587	1.7316	5	30.3359	2	24.2687
group_16214	171	0	0.0000	0	0.0000	0	0.0000
group_16212	138	0	0.0000	0	0.0000	0	0.0000
group_16215	756	2683	3.5489	18	48.9708	9	48.9708
group_16216	609	1056	1.7340	7	23.6411	3	20.2638
group_16217	669	1208	1.8057	8	24.5952	4	24.5952
group_16218	210	0	0.0000	0	0.0000	0	0.0000
group_16219	114	0	0.0000	0	0.0000	0	0.0000
group_16220	435	345	0.7931	3	14.1847	1	9.4564
group_14931	813	0	0.0000	0	0.0000	0	0.0000
group_14937	225	0	0.0000	0	0.0000	0	0.0000
group_14934	222	0	0.0000	0	0.0000	0	0.0000
group_14932	3216	0	0.0000	0	0.0000	0	0.0000
group_16221	168	462	2.7500	4	48.9708	2	48.9708
group_16222	231	236	1.0216	2	17.8076	1	17.8076
group_16224	750	100	0.1333	2	5.4847	1	5.4847
group_16223	186	0	0.0000	0	0.0000	0	0.0000
group_16225	166	0	0.0000	0	0.0000	0	0.0000
group_16226	192	0	0.0000	0	0.0000	0	0.0000
group_16229	789	0	0.0000	0	0.0000	0	0.0000
group_16228	693	0	0.0000	0	0.0000	0	0.0000
group_16227	240	1660	6.9167	12	102.8388	6	102.8388
group_16230	1353	0	0.0000	0	0.0000	0	0.0000
group_16231	198	255	1.2879	2	20.7755	1	20.7755
group_16232	3978	302	0.0759	2	1.0341	1	1.0341
group_16233	675	0	0.0000	0	0.0000	0	0.0000
group_16234	306	474	1.5490	4	26.8859	2	26.8859
group_16235	222	0	0.0000	0	0.0000	0	0.0000
group_16236	354	4182	11.8136	30	174.3030	15	174.3030
group_16239	459	0	0.0000	0	0.0000	0	0.0000
group_16240	117	0	0.0000	0	0.0000	0	0.0000
group_16238	528	0	0.0000	0	0.0000	0	0.0000
group_16237	987	0	0.0000	0	0.0000	0	0.0000
group_16243	309	0	0.0000	0	0.0000	0	0.0000
group_11160	177	0	0.0000	0	0.0000	0	0.0000
group_16244	813	3489	4.2915	24	60.7166	12	60.7166
group_10621	183	172	0.9399	2	22.4784	1	22.4784
group_16245	204	150	0.7353	1	10.0822	0	0.0000
group_4532	2019	13654	6.7628	94	95.7587	47	95.7587
group_3741	714	2452	3.4342	17	48.9708	8	46.0902
group_7705	609	2981	4.8949	22	74.3006	11	74.3006
group_16246	156	141	0.9038	2	26.3689	1	26.3689
group_16247	159	0	0.0000	0	0.0000	0	0.0000
group_4997	672	302	0.4494	2	6.1214	1	6.1214
group_16248	297	0	0.0000	0	0.0000	0	0.0000
group_16249	177	0	0.0000	0	0.0000	0	0.0000
group_16250	264	0	0.0000	0	0.0000	0	0.0000
group_863	786	0	0.0000	0	0.0000	0	0.0000
group_16251	204	0	0.0000	0	0.0000	0	0.0000
group_16278	324	0	0.0000	0	0.0000	0	0.0000
group_16253	309	0	0.0000	0	0.0000	0	0.0000
group_16286	213	0	0.0000	0	0.0000	0	0.0000
group_16287	108	0	0.0000	0	0.0000	0	0.0000
group_16288	111	0	0.0000	0	0.0000	0	0.0000
group_16289	2004	2091	1.0434	14	14.3687	7	14.3687
group_16290	144	0	0.0000	0	0.0000	0	0.0000
group_16291	726	0	0.0000	0	0.0000	0	0.0000
group_10009	891	13159	14.7688	96	221.6054	48	221.6054
group_2267	111	0	0.0000	0	0.0000	0	0.0000
group_16292	252	0	0.0000	0	0.0000	0	0.0000
group_16293	357	0	0.0000	0	0.0000	0	0.0000
group_16295	2352	0	0.0000	0	0.0000	0	0.0000
group_16297	810	0	0.0000	0	0.0000	0	0.0000
group_16294	378	0	0.0000	0	0.0000	0	0.0000
group_16296	375	0	0.0000	0	0.0000	0	0.0000
group_15553	1635	0	0.0000	0	0.0000	0	0.0000
group_2071	117	0	0.0000	0	0.0000	0	0.0000
group_16298	273	0	0.0000	0	0.0000	0	0.0000
group_4525	417	0	0.0000	0	0.0000	0	0.0000
group_11429	174	0	0.0000	0	0.0000	0	0.0000
group_2268	111	0	0.0000	0	0.0000	0	0.0000
group_8240	204	0	0.0000	0	0.0000	0	0.0000
group_4455	243	581	2.3909	6	50.7846	3	50.7846
group_4242	423	0	0.0000	0	0.0000	0	0.0000
group_13570	516	1373	2.6609	10	39.8600	5	39.8600
group_5774	228	0	0.0000	0	0.0000	0	0.0000
group_16299	288	0	0.0000	0	0.0000	0	0.0000
group_853	492	0	0.0000	0	0.0000	0	0.0000
group_11432	174	0	0.0000	0	0.0000	0	0.0000
group_2076	117	0	0.0000	0	0.0000	0	0.0000
group_2164	474	0	0.0000	0	0.0000	0	0.0000
group_3016	264	0	0.0000	0	0.0000	0	0.0000
group_1149	783	297	0.3793	2	5.2536	1	5.2536
group_6085	225	151	0.6711	1	9.1412	0	0.0000
group_3514	260	0	0.0000	0	0.0000	0	0.0000
group_7551	210	0	0.0000	0	0.0000	0	0.0000
group_4093	249	0	0.0000	0	0.0000	0	0.0000
group_4096	249	0	0.0000	0	0.0000	0	0.0000
group_7640	366	0	0.0000	0	0.0000	0	0.0000
group_5161	1020	0	0.0000	0	0.0000	0	0.0000
group_2850	1149	0	0.0000	0	0.0000	0	0.0000
group_4194	1071	0	0.0000	0	0.0000	0	0.0000
group_6320	981	0	0.0000	0	0.0000	0	0.0000
group_2436	273	0	0.0000	0	0.0000	0	0.0000
group_3333	2418	20987	8.6795	147	125.0397	73	124.1891
group_6523	384	0	0.0000	0	0.0000	0	0.0000
group_16300	1665	2931	1.7604	20	24.7060	10	24.7060
group_16301	225	0	0.0000	0	0.0000	0	0.0000
group_4526	417	779	1.8681	6	29.5939	3	29.5939
group_12079	846	0	0.0000	0	0.0000	0	0.0000
group_2557	99	0	0.0000	0	0.0000	0	0.0000
group_14368	504	1355	2.6885	10	40.8090	5	40.8090
group_16303	1935	0	0.0000	0	0.0000	0	0.0000
group_16304	813	0	0.0000	0	0.0000	0	0.0000
group_16307	372	0	0.0000	0	0.0000	0	0.0000
group_16308	387	0	0.0000	0	0.0000	0	0.0000
group_16302	402	0	0.0000	0	0.0000	0	0.0000
group_16306	468	0	0.0000	0	0.0000	0	0.0000
group_16309	240	5740	23.9167	50	428.4948	25	428.4948
group_16310	171	0	0.0000	0	0.0000	0	0.0000
group_6088	225	280	1.2444	2	18.2824	1	18.2824
group_3017	264	464	1.7576	4	31.1633	2	31.1633
group_10923	180	0	0.0000	0	0.0000	0	0.0000
group_9957	189	0	0.0000	0	0.0000	0	0.0000
group_1723	123	0	0.0000	0	0.0000	0	0.0000
group_2074	117	0	0.0000	0	0.0000	0	0.0000
group_4095	249	0	0.0000	0	0.0000	0	0.0000
group_14337	801	0	0.0000	0	0.0000	0	0.0000
group_16311	693	0	0.0000	0	0.0000	0	0.0000
group_2165	474	0	0.0000	0	0.0000	0	0.0000
group_5850	651	387	0.5945	2	6.3188	1	6.3188
group_7281	618	0	0.0000	0	0.0000	0	0.0000
group_16312	153	0	0.0000	0	0.0000	0	0.0000
group_4097	249	0	0.0000	0	0.0000	0	0.0000
group_1094	129	0	0.0000	0	0.0000	0	0.0000
group_11434	174	0	0.0000	0	0.0000	0	0.0000
group_16313	225	0	0.0000	0	0.0000	0	0.0000
queC	717	2016	2.8117	16	45.8974	8	45.8974
group_13039	156	160	1.0256	2	26.3689	1	26.3689
group_7040	957	0	0.0000	0	0.0000	0	0.0000
group_1151	783	0	0.0000	0	0.0000	0	0.0000
group_10016	891	0	0.0000	0	0.0000	0	0.0000
group_2206	1185	0	0.0000	0	0.0000	0	0.0000
group_8891	1503	0	0.0000	0	0.0000	0	0.0000
group_8250	1530	302	0.1974	2	2.6886	1	2.6886
group_9260	585	0	0.0000	0	0.0000	0	0.0000
group_12754	159	0	0.0000	0	0.0000	0	0.0000
group_16314	183	0	0.0000	0	0.0000	0	0.0000
group_16315	177	164	0.9266	2	23.2404	1	23.2404
group_11941	849	0	0.0000	0	0.0000	0	0.0000
group_1007	504	9338	18.5278	69	281.5823	34	277.5014
group_16316	249	0	0.0000	0	0.0000	0	0.0000
group_16317	381	1740	4.5669	14	75.5770	7	75.5770
group_16318	282	1086	3.8511	11	80.2288	5	72.9353
group_16319	102	0	0.0000	0	0.0000	0	0.0000
group_4461	243	0	0.0000	0	0.0000	0	0.0000
group_16320	243	0	0.0000	0	0.0000	0	0.0000
group_16321	684	602	0.8801	4	12.0279	2	12.0279
group_16322	168	0	0.0000	0	0.0000	0	0.0000
group_16323	195	240	1.2308	2	21.0951	1	21.0951
group_16324	150	0	0.0000	0	0.0000	0	0.0000
group_16325	264	0	0.0000	0	0.0000	0	0.0000
group_16326	216	0	0.0000	0	0.0000	0	0.0000
group_2558	99	0	0.0000	0	0.0000	0	0.0000
group_9961	189	0	0.0000	0	0.0000	0	0.0000
group_16327	147	138	0.9388	2	27.9833	1	27.9833
group_16328	219	478	2.1826	4	37.5667	2	37.5667
group_16329	255	0	0.0000	0	0.0000	0	0.0000
group_6664	219	0	0.0000	0	0.0000	0	0.0000
group_16330	1419	5272	3.7153	38	55.0792	19	55.0792
group_16331	264	0	0.0000	0	0.0000	0	0.0000
group_16332	102	0	0.0000	0	0.0000	0	0.0000
group_16333	93	0	0.0000	0	0.0000	0	0.0000
group_16335	204	457	2.2402	4	40.3289	2	40.3289
group_16334	945	912	0.9651	6	13.0589	3	13.0589
group_12753	159	0	0.0000	0	0.0000	0	0.0000
group_2050	477	0	0.0000	0	0.0000	0	0.0000
group_5226	234	0	0.0000	0	0.0000	0	0.0000
group_16336	96	0	0.0000	0	0.0000	0	0.0000
group_5475	231	58	0.2511	2	17.8076	1	17.8076
group_16337	174	0	0.0000	0	0.0000	0	0.0000
group_16338	264	0	0.0000	0	0.0000	0	0.0000
group_3023	453	0	0.0000	0	0.0000	0	0.0000
group_8939	198	242	1.2222	2	20.7755	1	20.7755
group_5409	402	0	0.0000	0	0.0000	0	0.0000
group_7134	621	1510	2.4316	10	33.1204	5	33.1204
group_12252	165	0	0.0000	0	0.0000	0	0.0000
group_5958	1752	0	0.0000	0	0.0000	0	0.0000
group_6703	969	2864	2.9556	20	42.4515	10	42.4515
group_16339	408	0	0.0000	0	0.0000	0	0.0000
group_16340	174	270	1.5517	2	23.6411	1	23.6411
group_16342	423	708	1.6738	6	29.1741	3	29.1741
group_16344	189	0	0.0000	0	0.0000	0	0.0000
group_16343	414	0	0.0000	0	0.0000	0	0.0000
group_16346	834	0	0.0000	0	0.0000	0	0.0000
group_16345	1134	302	0.2663	2	3.6275	1	3.6275
group_13819	810	1523	1.8802	11	27.9315	5	25.3923
group_16347	906	9656	10.6578	67	152.1015	33	149.8313
group_16349	1203	0	0.0000	0	0.0000	0	0.0000
group_16350	180	0	0.0000	0	0.0000	0	0.0000
group_16351	165	172	1.0424	2	24.9306	1	24.9306
group_1545	1203	0	0.0000	0	0.0000	0	0.0000
group_16352	216	0	0.0000	0	0.0000	0	0.0000
group_4709	240	2320	9.6667	18	154.2581	9	154.2581
group_16353	144	172	1.1944	2	28.5663	1	28.5663
group_16354	153	0	0.0000	0	0.0000	0	0.0000
group_16355	300	1005	3.3500	8	54.8473	4	54.8473
group_5217	405	285	0.7037	2	10.1569	1	10.1569
group_2167	474	0	0.0000	0	0.0000	0	0.0000
group_16356	135	0	0.0000	0	0.0000	0	0.0000
group_16357	528	0	0.0000	0	0.0000	0	0.0000
group_16358	166	0	0.0000	0	0.0000	0	0.0000
group_16359	144	0	0.0000	0	0.0000	0	0.0000
group_16360	210	0	0.0000	0	0.0000	0	0.0000
group_16361	321	0	0.0000	0	0.0000	0	0.0000
group_16362	648	302	0.4660	2	6.3481	1	6.3481
group_13042	156	134	0.8590	2	26.3689	1	26.3689
group_16363	402	0	0.0000	0	0.0000	0	0.0000
group_16364	357	144	0.4034	2	11.5225	1	11.5225
group_16365	210	0	0.0000	0	0.0000	0	0.0000
group_16366	1137	3769	3.3149	26	47.0327	13	47.0327
group_7698	939	906	0.9649	6	13.1423	3	13.1423
group_16367	189	0	0.0000	0	0.0000	0	0.0000
group_16368	390	466	1.1949	4	21.0951	2	21.0951
group_16369	288	151	0.5243	1	7.1416	0	0.0000
group_16370	303	302	0.9967	2	13.5761	1	13.5761
group_16371	261	228	0.8736	2	15.7607	1	15.7607
group_16372	207	0	0.0000	0	0.0000	0	0.0000
group_7562	210	0	0.0000	0	0.0000	0	0.0000
group_16373	243	176	0.7243	2	16.9282	1	16.9282
group_16374	234	0	0.0000	0	0.0000	0	0.0000
group_16375	1095	0	0.0000	0	0.0000	0	0.0000
group_16376	144	0	0.0000	0	0.0000	0	0.0000
group_16378	357	0	0.0000	0	0.0000	0	0.0000
group_16377	1356	0	0.0000	0	0.0000	0	0.0000
group_16379	918	302	0.3290	2	4.4810	1	4.4810
group_2271	276	502	1.8188	4	29.8083	2	29.8083
group_16380	132	846	6.4091	8	124.6530	4	124.6530
group_16381	642	0	0.0000	0	0.0000	0	0.0000
group_16382	774	0	0.0000	0	0.0000	0	0.0000
group_16383	276	0	0.0000	0	0.0000	0	0.0000
group_16384	144	0	0.0000	0	0.0000	0	0.0000
group_5000	408	0	0.0000	0	0.0000	0	0.0000
group_2069	279	0	0.0000	0	0.0000	0	0.0000
group_16385	150	0	0.0000	0	0.0000	0	0.0000
group_16386	168	0	0.0000	0	0.0000	0	0.0000
group_12758	159	0	0.0000	0	0.0000	0	0.0000
group_16387	189	0	0.0000	0	0.0000	0	0.0000
group_16388	198	809	4.0859	8	83.1020	4	83.1020
group_16389	201	0	0.0000	0	0.0000	0	0.0000
group_16392	459	151	0.3290	1	4.4810	0	0.0000
group_16393	249	302	1.2129	2	16.5203	1	16.5203
group_9312	195	0	0.0000	0	0.0000	0	0.0000
group_4906	1926	0	0.0000	0	0.0000	0	0.0000
group_13336	819	302	0.3687	2	5.0226	1	5.0226
group_8403	924	0	0.0000	0	0.0000	0	0.0000
group_4907	1926	0	0.0000	0	0.0000	0	0.0000
group_7136	621	0	0.0000	0	0.0000	0	0.0000
group_3561	1110	3763	3.3901	26	48.1767	13	48.1767
group_12523	162	0	0.0000	0	0.0000	0	0.0000
group_8949	198	0	0.0000	0	0.0000	0	0.0000
group_13290	153	0	0.0000	0	0.0000	0	0.0000
group_3024	264	421	1.5947	3	23.3724	1	15.5816
group_4530	417	453	1.0863	3	14.7969	1	9.8646
group_6954	1635	755	0.4618	5	6.2898	2	5.0319
group_3901	2217	1594	0.7190	14	12.9882	7	12.9882
group_2570	2865	1359	0.4743	9	6.4611	4	5.7432
group_7441	1587	1057	0.6660	7	9.0721	3	7.7761
group_6636	633	755	1.1927	5	16.2462	2	12.9970
group_2618	96	0	0.0000	0	0.0000	0	0.0000
group_12555	1320	302	0.2288	2	3.1163	1	3.1163
group_4714	240	126	0.5250	2	17.1398	1	17.1398
group_6224	984	298	0.3028	2	4.1804	1	4.1804
group_16394	231	293	1.2684	2	17.8076	1	17.8076
group_14375	504	2223	4.4107	16	65.2944	8	65.2944
group_6354	222	151	0.6802	1	9.2648	0	0.0000
group_9314	195	493	2.5282	4	42.1903	2	42.1903
group_13046	157	0	0.0000	0	0.0000	0	0.0000
group_4214	696	0	0.0000	0	0.0000	0	0.0000
group_2173	114	222	1.9474	2	36.0838	1	36.0838
group_1420	126	0	0.0000	0	0.0000	0	0.0000
group_3447	444	598	1.3468	4	18.5295	2	18.5295
group_2604	753	0	0.0000	0	0.0000	0	0.0000
group_2301	471	398	0.8450	3	13.1005	1	8.7337
group_9839	894	2381	2.6633	24	55.2154	12	55.2154
group_6363	387	3774	9.7519	27	143.4959	13	138.1813
group_422	135	0	0.0000	0	0.0000	0	0.0000
group_8571	201	0	0.0000	0	0.0000	0	0.0000
group_4102	249	1337	5.3695	13	107.3818	6	99.1217
group_10807	333	1142	3.4294	8	49.4120	4	49.4120
group_2560	465	3016	6.4860	24	106.1561	12	106.1561
group_16395	141	0	0.0000	0	0.0000	0	0.0000
group_13294	303	589	1.9439	4	27.1521	2	27.1521
group_11319	864	302	0.3495	2	4.7611	1	4.7611
group_7949	933	261	0.2797	2	4.4089	1	4.4089
group_4716	240	0	0.0000	0	0.0000	0	0.0000
group_9650	192	0	0.0000	0	0.0000	0	0.0000
group_2174	114	156	1.3684	2	36.0838	1	36.0838
group_214	291	151	0.5189	1	7.0680	0	0.0000
group_11445	175	255	1.4571	2	23.5060	1	23.5060
group_137	138	0	0.0000	0	0.0000	0	0.0000
group_2346	108	0	0.0000	0	0.0000	0	0.0000
group_14377	294	423	1.4388	3	20.9875	1	13.9917
group_12161	540	2052	3.8000	15	57.1326	7	53.3238
group_16396	219	612	2.7945	5	46.9583	2	37.5667
group_16406	888	1579	1.7782	11	25.4781	5	23.1619
group_16398	1458	3106	2.1303	21	29.6243	10	28.2137
group_16402	906	697	0.7693	6	13.6210	3	13.6210
group_16399	903	604	0.6689	4	9.1109	2	9.1109
group_16400	1161	755	0.6503	5	8.8578	2	7.0862
group_16401	405	151	0.3728	1	5.0785	0	0.0000
group_16404	2322	2680	1.1542	20	17.7155	10	17.7155
group_16405	1206	1639	1.3590	10	17.0545	5	17.0545
group_13292	153	0	0.0000	0	0.0000	0	0.0000
group_16407	105	0	0.0000	0	0.0000	0	0.0000
group_16408	123	114	0.9268	2	33.4435	1	33.4435
group_2347	108	0	0.0000	0	0.0000	0	0.0000
group_12764	159	0	0.0000	0	0.0000	0	0.0000
group_10630	183	0	0.0000	0	0.0000	0	0.0000
group_3025	453	0	0.0000	0	0.0000	0	0.0000
group_6864	378	866	2.2910	6	32.6472	3	32.6472
group_13614	150	0	0.0000	0	0.0000	0	0.0000
group_11031	330	151	0.4576	1	6.2327	0	0.0000
group_1755	483	453	0.9379	3	12.7750	1	8.5167
group_9568	1464	302	0.2063	2	2.8098	1	2.8098
group_8943	198	210	1.0606	2	20.7755	1	20.7755
group_10124	1434	755	0.5265	5	7.1715	2	5.7372
group_4403	1203	401	0.3333	3	5.1291	1	3.4194
group_14002	807	0	0.0000	0	0.0000	0	0.0000
group_1421	126	0	0.0000	0	0.0000	0	0.0000
group_2170	768	681	0.8867	5	13.3905	2	10.7124
group_5626	1806	1500	0.8306	10	11.3886	5	11.3886
group_7582	612	669	1.0931	5	16.8037	2	13.4430
group_3573	720	151	0.2097	1	2.8566	0	0.0000
group_1213	285	554	1.9439	4	28.8670	2	28.8670
group_4718	240	0	0.0000	0	0.0000	0	0.0000
group_2640	270	528	1.9556	2	15.2354	1	15.2354
group_9973	189	0	0.0000	0	0.0000	0	0.0000
group_2683	750	0	0.0000	0	0.0000	0	0.0000
group_2561	465	1844	3.9656	16	70.7708	8	70.7708
group_14378	504	1714	3.4008	12	48.9708	6	48.9708
group_10230	339	1051	3.1003	7	42.4703	3	36.4031
group_9264	585	14353	24.5350	102	358.6172	51	358.6172
group_1973	120	0	0.0000	0	0.0000	0	0.0000
group_6940	216	809	3.7454	6	57.1326	3	57.1326
group_13644	300	151	0.5033	1	6.8559	0	0.0000
group_5784	228	759	3.3289	6	54.1257	3	54.1257
group_4064	702	365	0.5199	3	8.7896	1	5.8598
group_3562	1110	1357	1.2225	10	18.5295	5	18.5295
group_2601	1164	900	0.7732	6	10.6019	3	10.6019
group_12258	165	0	0.0000	0	0.0000	0	0.0000
group_12778	831	5182	6.2359	37	91.5772	18	89.1022
group_7874	207	151	0.7295	1	9.9361	0	0.0000
group_6528	384	1549	4.0339	11	58.9180	5	53.5619
group_10024	1440	1047	0.7271	7	9.9982	3	8.5699
group_5877	996	151	0.1516	1	2.0650	0	0.0000
group_4737	1041	0	0.0000	0	0.0000	0	0.0000
group_7564	210	0	0.0000	0	0.0000	0	0.0000
group_5408	1011	3337	3.3007	23	46.7911	11	44.7567
group_2212	1185	2885	2.4346	20	34.7135	10	34.7135
group_7404	615	574	0.9333	4	13.3774	2	13.3774
group_12953	828	1203	1.4529	9	22.3563	4	19.8722
group_13647	300	151	0.5033	1	6.8559	0	0.0000
group_5485	660	151	0.2288	1	3.1163	0	0.0000
group_10675	879	1014	1.1536	6	14.0394	3	14.0394
group_16409	1341	3223	2.4034	22	33.7428	11	33.7428
group_2982	738	522	0.7073	4	11.1478	2	11.1478
group_14400	141	0	0.0000	0	0.0000	0	0.0000
group_5319	1854	1227	0.6618	9	9.9843	4	8.8750
group_4743	285	453	1.5895	3	21.6503	1	14.4335
group_4103	249	0	0.0000	0	0.0000	0	0.0000
group_2442	273	3031	11.1026	21	158.2135	10	150.6795
group_5787	228	5546	24.3246	45	405.9425	22	396.9215
group_758	132	188	1.4242	2	31.1633	1	31.1633
group_4578	1047	2533	2.4193	17	33.3956	8	31.4311
group_4473	243	0	0.0000	0	0.0000	0	0.0000
group_13079	525	151	0.2876	1	3.9177	0	0.0000
group_2421	468	679	1.4509	5	21.9741	2	17.5793
group_1483	780	965	1.2372	7	18.4582	3	15.8213
group_426	792	1176	1.4848	8	20.7755	4	20.7755
group_2610	2829	6847	2.4203	48	34.8976	24	34.8976
group_8795	354	24935	70.4379	185	1074.8684	92	1069.0583
group_14342	1248	0	0.0000	0	0.0000	0	0.0000
group_11424	861	640	0.7433	6	14.3329	3	14.3329
group_4104	249	151	0.6064	1	8.2601	0	0.0000
group_16411	435	906	2.0828	6	28.3693	3	28.3693
group_16410	669	2622	3.9193	18	55.3392	9	55.3392
group_16412	2034	12088	5.9430	78	78.8734	39	78.8734
group_16413	2211	3907	1.7671	26	24.1864	13	24.1864
group_10636	183	0	0.0000	0	0.0000	0	0.0000
group_16414	2706	3686	1.3622	25	19.0020	12	18.2419
group_16417	222	140	0.6306	1	9.2648	0	0.0000
group_16416	585	1298	2.2188	11	38.6744	5	35.1585
group_16415	231	302	1.3074	2	17.8076	1	17.8076
group_2495	1170	906	0.7744	6	10.5476	3	10.5476
group_13017	306	633	2.0686	5	33.6074	2	26.8859
group_16422	279	151	0.5412	1	7.3720	0	0.0000
group_16418	195	445	2.2821	3	31.6427	1	21.0951
group_16419	468	0	0.0000	0	0.0000	0	0.0000
group_16421	243	0	0.0000	0	0.0000	0	0.0000
group_16420	573	453	0.7906	3	10.7685	1	7.1790
group_16423	531	453	0.8531	3	11.6202	1	7.7468
group_15958	321	453	1.4112	3	19.2222	1	12.8148
group_15957	117	0	0.0000	0	0.0000	0	0.0000
group_13887	147	0	0.0000	0	0.0000	0	0.0000
group_16425	399	1508	3.7794	11	56.7031	5	51.5482
group_16424	297	963	3.2424	7	48.4762	3	41.5510
group_16426	465	1260	2.7097	9	39.8086	4	35.3854
group_16427	186	192	1.0323	2	22.1159	1	22.1159
group_16429	312	13805	44.2468	108	711.9606	54	711.9606
group_16430	90	0	0.0000	0	0.0000	0	0.0000
group_16428	141	0	0.0000	0	0.0000	0	0.0000
group_16432	834	3824	4.5851	26	64.1201	13	64.1201
group_16431	453	1236	2.7285	10	45.4034	5	45.4034
group_16433	1101	1510	1.3715	10	18.6810	5	18.6810
group_16434	231	449	1.9437	3	26.7114	1	17.8076
group_16436	669	985	1.4723	7	21.5208	3	18.4464
group_16437	1125	453	0.4027	3	5.4847	1	3.6565
group_6357	222	590	2.6577	4	37.0590	2	37.0590
group_16438	291	0	0.0000	0	0.0000	0	0.0000
group_16439	330	634	1.9212	5	31.1633	2	24.9306
group_16440	210	0	0.0000	0	0.0000	0	0.0000
group_9606	345	0	0.0000	0	0.0000	0	0.0000
group_15973	261	151	0.5785	1	7.8804	0	0.0000
group_16441	408	837	2.0515	6	30.2467	3	30.2467
group_16442	444	453	1.0203	3	13.8971	1	9.2648
group_16444	801	2063	2.5755	14	35.9486	7	35.9486
group_16443	945	1501	1.5884	11	23.9413	5	21.7648
group_16445	993	5823	5.8640	41	84.9222	20	82.8510
group_16447	156	0	0.0000	0	0.0000	0	0.0000
group_16448	507	2906	5.7318	20	81.1351	10	81.1351
group_16449	363	1510	4.1598	10	56.6605	5	56.6605
group_16450	222	0	0.0000	0	0.0000	0	0.0000
group_16451	168	378	2.2500	6	73.4563	3	73.4563
group_760	132	0	0.0000	0	0.0000	0	0.0000
group_4105	249	0	0.0000	0	0.0000	0	0.0000
group_16452	225	0	0.0000	0	0.0000	0	0.0000
group_9318	195	0	0.0000	0	0.0000	0	0.0000
group_3935	252	0	0.0000	0	0.0000	0	0.0000
group_16453	429	592	1.3800	10	47.9435	5	47.9435
group_16454	1635	11064	6.7670	79	99.3793	39	98.1214
group_16455	606	1995	3.2921	14	47.5163	7	47.5163
group_1974	120	0	0.0000	0	0.0000	0	0.0000
group_16456	390	302	0.7744	2	10.5476	1	10.5476
group_13296	153	0	0.0000	0	0.0000	0	0.0000
group_12464	312	0	0.0000	0	0.0000	0	0.0000
group_8511	594	0	0.0000	0	0.0000	0	0.0000
group_16457	216	227	1.0509	2	19.0442	1	19.0442
group_12336	840	0	0.0000	0	0.0000	0	0.0000
group_2995	1137	0	0.0000	0	0.0000	0	0.0000
group_3313	2433	1045	0.4295	7	5.9176	3	5.0722
group_2079	117	0	0.0000	0	0.0000	0	0.0000
group_4449	687	906	1.3188	6	17.9631	3	17.9631
group_16458	261	302	1.1571	2	15.7607	1	15.7607
group_12748	531	691	1.3013	5	19.3670	2	15.4936
group_3342	2415	0	0.0000	0	0.0000	0	0.0000
group_16459	1077	2112	1.9610	14	26.7362	7	26.7362
group_3910	708	150	0.2119	2	5.8101	1	5.8101
group_15412	2937	2265	0.7712	15	10.5045	7	9.8042
group_16460	681	947	1.3906	7	21.1416	3	18.1214
group_16461	210	0	0.0000	0	0.0000	0	0.0000
group_16463	444	478	1.0766	4	18.5295	2	18.5295
group_16466	198	0	0.0000	0	0.0000	0	0.0000
group_16467	609	0	0.0000	0	0.0000	0	0.0000
group_2350	108	0	0.0000	0	0.0000	0	0.0000
group_16468	519	151	0.2909	1	3.9630	0	0.0000
group_16469	4242	5664	1.3352	38	18.4247	19	18.4247
group_2741	90	0	0.0000	0	0.0000	0	0.0000
group_13020	306	0	0.0000	0	0.0000	0	0.0000
group_10317	186	0	0.0000	0	0.0000	0	0.0000
group_12769	159	142	0.8931	2	25.8714	1	25.8714
group_12222	315	599	1.9016	4	26.1178	2	26.1178
group_16470	4320	5145	1.1910	37	17.6159	18	17.1398
group_4963	237	0	0.0000	0	0.0000	0	0.0000
group_13299	153	0	0.0000	0	0.0000	0	0.0000
group_7574	210	0	0.0000	0	0.0000	0	0.0000
group_16471	2301	1543	0.6706	11	9.8325	5	8.9386
group_7881	207	0	0.0000	0	0.0000	0	0.0000
group_16472	321	0	0.0000	0	0.0000	0	0.0000
group_5789	228	0	0.0000	0	0.0000	0	0.0000
group_13053	156	0	0.0000	0	0.0000	0	0.0000
group_6672	219	278	1.2694	2	18.7833	1	18.7833
group_16473	1857	118355	63.7345	761	842.8680	380	841.7604
group_16474	363	136	0.3747	1	5.6660	0	0.0000
group_2055	477	262	0.5493	2	8.6238	1	8.6238
group_14998	276	0	0.0000	0	0.0000	0	0.0000
group_15005	825	0	0.0000	0	0.0000	0	0.0000
group_14994	792	302	0.3813	2	5.1939	1	5.1939
group_14993	1065	302	0.2836	2	3.8625	1	3.8625
group_14991	663	524	0.7903	5	15.5111	2	12.4089
group_143	138	0	0.0000	0	0.0000	0	0.0000
group_9324	195	0	0.0000	0	0.0000	0	0.0000
group_10640	183	893	4.8798	6	67.4353	3	67.4353
group_11176	177	0	0.0000	0	0.0000	0	0.0000
group_6674	219	834	3.8082	6	56.3500	3	56.3500
group_13055	1296	152	0.1173	2	3.1740	1	3.1740
group_4359	420	0	0.0000	0	0.0000	0	0.0000
group_3094	933	0	0.0000	0	0.0000	0	0.0000
group_7443	945	0	0.0000	0	0.0000	0	0.0000
group_6945	216	0	0.0000	0	0.0000	0	0.0000
group_6946	216	180	0.8333	2	19.0442	1	19.0442
group_6947	216	198	0.9167	2	19.0442	1	19.0442
group_4534	417	490	1.1751	5	24.6616	2	19.7293
group_2742	90	0	0.0000	0	0.0000	0	0.0000
group_11198	867	604	0.6967	4	9.4892	2	9.4892
group_14147	144	0	0.0000	0	0.0000	0	0.0000
group_6102	225	0	0.0000	0	0.0000	0	0.0000
group_13300	153	0	0.0000	0	0.0000	0	0.0000
group_2624	96	0	0.0000	0	0.0000	0	0.0000
group_16475	255	0	0.0000	0	0.0000	0	0.0000
group_16476	216	0	0.0000	0	0.0000	0	0.0000
group_16477	336	292	0.8690	2	12.2427	1	12.2427
group_16478	393	276	0.7023	2	10.4670	1	10.4670
group_5769	999	0	0.0000	0	0.0000	0	0.0000
group_4475	1053	0	0.0000	0	0.0000	0	0.0000
group_16479	2130	305	0.1432	2	1.9312	1	1.9312
group_16480	2037	755	0.3706	5	5.0485	2	4.0388
group_16481	612	1510	2.4673	10	33.6074	5	33.6074
group_16483	246	1320	5.3659	9	75.2479	4	66.8870
group_16484	7602	12015	1.5805	89	24.0796	44	23.8090
group_5531	126	0	0.0000	0	0.0000	0	0.0000
group_16485	153	347	2.2680	3	40.3289	1	26.8859
group_5489	231	151	0.6537	1	8.9038	0	0.0000
group_16486	879	2042	2.3231	14	32.7586	7	32.7586
group_4151	1074	803	0.7477	6	11.4904	3	11.4904
group_16487	96	0	0.0000	0	0.0000	0	0.0000
group_16488	399	1019	2.5539	7	36.0838	3	30.9289
group_16489	162	0	0.0000	0	0.0000	0	0.0000
group_16490	492	589	1.1972	4	16.7217	2	16.7217
group_433	135	446	3.3037	6	91.4122	3	91.4122
group_16491	261	781	2.9923	6	47.2822	3	47.2822
group_16493	630	1748	2.7746	12	39.1767	6	39.1767
group_16494	546	604	1.1062	4	15.0679	2	15.0679
group_2699	93	0	0.0000	0	0.0000	0	0.0000
group_10320	186	412	2.2151	6	66.3476	3	66.3476
group_16495	2100	4944	2.3543	37	36.2384	18	35.2590
group_16497	2031	11147	5.4884	80	81.0153	40	81.0153
group_16496	453	1189	2.6247	9	40.8631	4	36.3227
group_16498	597	755	1.2647	5	17.2259	2	13.7807
group_16499	1761	453	0.2572	3	3.5039	1	2.3359
group_16500	1689	30477	18.0444	176	214.3235	88	214.3235
group_16501	366	301	0.8224	2	11.2392	1	11.2392
group_16502	255	280	1.0980	2	16.1316	1	16.1316
group_16504	1263	6184	4.8963	42	68.3963	21	68.3963
group_16505	753	604	0.8021	4	10.9258	2	10.9258
group_16506	861	2260	2.6249	16	38.2211	8	38.2211
group_16507	792	1721	2.1730	10	25.9694	5	25.9694
group_16509	456	0	0.0000	0	0.0000	0	0.0000
group_16508	234	0	0.0000	0	0.0000	0	0.0000
group_16510	318	151	0.4748	1	6.4678	0	0.0000
group_16511	171	0	0.0000	0	0.0000	0	0.0000
group_16512	264	0	0.0000	0	0.0000	0	0.0000
group_16513	1692	390	0.2305	4	4.8624	2	4.8624
group_6988	1629	523	0.3211	4	5.0504	2	5.0504
group_16514	237	0	0.0000	0	0.0000	0	0.0000
group_16515	213	600	2.8169	8	77.2498	4	77.2498
group_16516	1782	256	0.1437	2	2.3084	1	2.3084
group_1472	486	0	0.0000	0	0.0000	0	0.0000
group_13029	306	151	0.4935	1	6.7215	0	0.0000
group_4050	1080	1510	1.3981	10	19.0442	5	19.0442
group_16517	99	0	0.0000	0	0.0000	0	0.0000
group_16518	129	162	1.2558	2	31.8880	1	31.8880
group_14149	144	285	1.9792	2	28.5663	1	28.5663
group_16520	258	0	0.0000	0	0.0000	0	0.0000
group_16519	192	0	0.0000	0	0.0000	0	0.0000
group_16521	624	0	0.0000	0	0.0000	0	0.0000
group_7577	210	0	0.0000	0	0.0000	0	0.0000
group_3730	255	0	0.0000	0	0.0000	0	0.0000
group_16522	246	0	0.0000	0	0.0000	0	0.0000
group_4655	414	0	0.0000	0	0.0000	0	0.0000
group_16523	1476	2533	1.7161	17	23.6891	8	22.2957
group_16524	180	726	4.0333	6	68.5592	3	68.5592
group_16525	222	0	0.0000	0	0.0000	0	0.0000
group_16526	291	0	0.0000	0	0.0000	0	0.0000
group_16531	153	0	0.0000	0	0.0000	0	0.0000
group_16528	450	0	0.0000	0	0.0000	0	0.0000
group_16529	513	116	0.2261	2	8.0186	1	8.0186
group_16527	234	0	0.0000	0	0.0000	0	0.0000
group_16530	150	0	0.0000	0	0.0000	0	0.0000
group_16533	1335	302	0.2262	2	3.0813	1	3.0813
group_16532	408	324	0.7941	2	10.0822	1	10.0822
group_2282	276	0	0.0000	0	0.0000	0	0.0000
group_16534	207	972	4.6957	7	69.5528	3	59.6167
group_16535	1746	2674	1.5315	18	21.2039	9	21.2039
group_9906	342	0	0.0000	0	0.0000	0	0.0000
group_2937	291	0	0.0000	0	0.0000	0	0.0000
group_16536	747	0	0.0000	0	0.0000	0	0.0000
group_16537	252	0	0.0000	0	0.0000	0	0.0000
group_16538	633	0	0.0000	0	0.0000	0	0.0000
group_16539	714	0	0.0000	0	0.0000	0	0.0000
group_16540	111	0	0.0000	0	0.0000	0	0.0000
group_16541	429	0	0.0000	0	0.0000	0	0.0000
group_16542	93	0	0.0000	0	0.0000	0	0.0000
group_16544	207	306	1.4783	2	19.8722	1	19.8722
group_16543	129	0	0.0000	0	0.0000	0	0.0000
group_16545	117	0	0.0000	0	0.0000	0	0.0000
group_16546	1557	302	0.1940	2	2.6420	1	2.6420
group_16547	192	0	0.0000	0	0.0000	0	0.0000
group_16548	216	220	1.0185	2	19.0442	1	19.0442
group_6372	387	0	0.0000	0	0.0000	0	0.0000
group_11039	330	0	0.0000	0	0.0000	0	0.0000
group_4432	2046	0	0.0000	0	0.0000	0	0.0000
group_16549	603	0	0.0000	0	0.0000	0	0.0000
group_16550	168	270	1.6071	2	24.4854	1	24.4854
group_16551	264	0	0.0000	0	0.0000	0	0.0000
group_16553	213	0	0.0000	0	0.0000	0	0.0000
group_16552	162	0	0.0000	0	0.0000	0	0.0000
group_16554	132	0	0.0000	0	0.0000	0	0.0000
group_16555	156	194	1.2436	2	26.3689	1	26.3689
group_16556	189	0	0.0000	0	0.0000	0	0.0000
group_16561	1053	1427	1.3552	13	25.3923	6	23.4390
group_16560	693	0	0.0000	0	0.0000	0	0.0000
group_16557	438	238	0.5434	2	9.3917	1	9.3917
group_16558	216	1164	5.3889	10	95.2211	5	95.2211
group_16562	669	0	0.0000	0	0.0000	0	0.0000
group_16559	810	0	0.0000	0	0.0000	0	0.0000
group_16563	249	0	0.0000	0	0.0000	0	0.0000
group_16564	150	0	0.0000	0	0.0000	0	0.0000
group_16565	207	0	0.0000	0	0.0000	0	0.0000
group_4333	2076	0	0.0000	0	0.0000	0	0.0000
group_16566	300	0	0.0000	0	0.0000	0	0.0000
group_16567	165	0	0.0000	0	0.0000	0	0.0000
group_16568	126	0	0.0000	0	0.0000	0	0.0000
group_16570	552	0	0.0000	0	0.0000	0	0.0000
group_16569	255	0	0.0000	0	0.0000	0	0.0000
group_16571	1095	461	0.4210	4	7.5133	2	7.5133
group_16572	312	0	0.0000	0	0.0000	0	0.0000
group_16573	153	0	0.0000	0	0.0000	0	0.0000
group_16575	552	4767	8.6359	34	126.6854	17	126.6854
group_16574	579	3954	6.8290	29	103.0164	14	99.4641
group_16576	447	0	0.0000	0	0.0000	0	0.0000
group_16577	849	0	0.0000	0	0.0000	0	0.0000
group_10316	885	0	0.0000	0	0.0000	0	0.0000
group_6797	966	0	0.0000	0	0.0000	0	0.0000
group_16579	177	0	0.0000	0	0.0000	0	0.0000
group_16580	360	553	1.5361	5	28.5663	2	22.8531
group_16581	231	446	1.9307	3	26.7114	1	17.8076
group_16582	693	0	0.0000	0	0.0000	0	0.0000
group_16583	126	0	0.0000	0	0.0000	0	0.0000
group_16584	186	0	0.0000	0	0.0000	0	0.0000
group_3274	2451	0	0.0000	0	0.0000	0	0.0000
group_16585	315	0	0.0000	0	0.0000	0	0.0000
group_16586	480	536	1.1167	4	17.1398	2	17.1398
group_16587	573	0	0.0000	0	0.0000	0	0.0000
group_2177	114	0	0.0000	0	0.0000	0	0.0000
group_10605	567	0	0.0000	0	0.0000	0	0.0000
group_16588	333	151	0.4535	1	6.1765	0	0.0000
group_8206	360	0	0.0000	0	0.0000	0	0.0000
group_16589	1944	8613	4.4306	65	68.7708	32	67.7128
group_16604	93	0	0.0000	0	0.0000	0	0.0000
group_16611	315	718	2.2794	4	26.1178	2	26.1178
group_16612	261	0	0.0000	0	0.0000	0	0.0000
group_16613	678	0	0.0000	0	0.0000	0	0.0000
group_16614	279	0	0.0000	0	0.0000	0	0.0000
group_8512	594	0	0.0000	0	0.0000	0	0.0000
group_3034	453	0	0.0000	0	0.0000	0	0.0000
group_3191	450	0	0.0000	0	0.0000	0	0.0000
group_16615	519	151	0.2909	1	3.9630	0	0.0000
group_16616	339	0	0.0000	0	0.0000	0	0.0000
group_16618	579	0	0.0000	0	0.0000	0	0.0000
group_16617	1455	353	0.2426	2	2.8272	1	2.8272
group_16619	105	0	0.0000	0	0.0000	0	0.0000
group_16620	942	0	0.0000	0	0.0000	0	0.0000
group_16621	714	0	0.0000	0	0.0000	0	0.0000
group_268	498	559	1.1225	4	16.5203	2	16.5203
group_3746	714	151	0.2115	1	2.8806	0	0.0000
group_12478	837	3174	3.7921	22	54.0610	11	54.0610
group_5369	663	0	0.0000	0	0.0000	0	0.0000
group_6277	642	151	0.2352	1	3.2037	0	0.0000
group_6711	969	0	0.0000	0	0.0000	0	0.0000
group_7829	606	0	0.0000	0	0.0000	0	0.0000
group_9280	585	0	0.0000	0	0.0000	0	0.0000
group_13768	513	0	0.0000	0	0.0000	0	0.0000
group_6377	387	0	0.0000	0	0.0000	0	0.0000
group_12091	846	0	0.0000	0	0.0000	0	0.0000
group_7264	372	0	0.0000	0	0.0000	0	0.0000
group_11255	327	0	0.0000	0	0.0000	0	0.0000
group_8584	201	142	0.7065	2	20.4654	1	20.4654
group_1747	123	0	0.0000	0	0.0000	0	0.0000
group_16622	126	0	0.0000	0	0.0000	0	0.0000
group_11458	174	0	0.0000	0	0.0000	0	0.0000
group_8586	201	423	2.1045	3	30.6981	1	20.4654
group_11459	174	0	0.0000	0	0.0000	0	0.0000
group_2082	117	0	0.0000	0	0.0000	0	0.0000
group_14413	141	137	0.9716	2	29.1741	1	29.1741
group_10243	339	151	0.4454	1	6.0672	0	0.0000
group_4531	543	0	0.0000	0	0.0000	0	0.0000
group_3816	3819	152	0.0398	2	1.0771	1	1.0771
group_11019	561	1754	3.1266	12	43.9952	6	43.9952
group_16623	693	284	0.4098	3	8.9038	1	5.9359
group_16624	576	0	0.0000	0	0.0000	0	0.0000
group_16625	276	218	0.7899	2	14.9042	1	14.9042
group_16626	1914	10317	5.3903	73	78.4454	36	77.3709
group_12768	309	0	0.0000	0	0.0000	0	0.0000
group_5794	228	0	0.0000	0	0.0000	0	0.0000
group_16627	252	0	0.0000	0	0.0000	0	0.0000
group_16628	123	246	2.0000	2	33.4435	1	33.4435
group_6368	222	284	1.2793	2	18.5295	1	18.5295
group_5238	234	376	1.6068	4	35.1585	2	35.1585
group_5795	228	0	0.0000	0	0.0000	0	0.0000
group_4725	240	0	0.0000	0	0.0000	0	0.0000
group_7284	213	0	0.0000	0	0.0000	0	0.0000
group_2273	111	0	0.0000	0	0.0000	0	0.0000
group_16629	213	0	0.0000	0	0.0000	0	0.0000
group_5672	1002	0	0.0000	0	0.0000	0	0.0000
group_9281	585	0	0.0000	0	0.0000	0	0.0000
group_5498	231	0	0.0000	0	0.0000	0	0.0000
group_16630	168	0	0.0000	0	0.0000	0	0.0000
group_16631	225	0	0.0000	0	0.0000	0	0.0000
group_16632	294	0	0.0000	0	0.0000	0	0.0000
group_2626	96	0	0.0000	0	0.0000	0	0.0000
group_2744	90	58	0.6444	2	45.7061	1	45.7061
group_5497	231	236	1.0216	2	17.8076	1	17.8076
group_16633	147	0	0.0000	0	0.0000	0	0.0000
group_13624	150	0	0.0000	0	0.0000	0	0.0000
group_2627	96	0	0.0000	0	0.0000	0	0.0000
group_10651	183	455	2.4863	3	33.7176	1	22.4784
group_1121	129	150	1.1628	2	31.8880	1	31.8880
group_12534	162	0	0.0000	0	0.0000	0	0.0000
group_16634	180	222	1.2333	2	22.8531	1	22.8531
group_12342	840	302	0.3595	2	4.8971	1	4.8971
group_8227	600	302	0.5033	2	6.8559	1	6.8559
group_2606	1164	250	0.2148	2	3.5340	1	3.5340
group_6146	645	302	0.4682	2	6.3776	1	6.3776
group_14513	1242	604	0.4863	4	6.6241	2	6.6241
group_3510	723	0	0.0000	0	0.0000	0	0.0000
group_14152	507	210	0.4142	2	8.1135	1	8.1135
group_16635	258	132	0.5116	2	15.9440	1	15.9440
group_2628	96	0	0.0000	0	0.0000	0	0.0000
group_2083	117	0	0.0000	0	0.0000	0	0.0000
group_6111	225	204	0.9067	2	18.2824	1	18.2824
group_11083	870	0	0.0000	0	0.0000	0	0.0000
group_12220	843	3161	3.7497	22	53.6762	11	53.6762
group_6113	225	1880	8.3556	16	146.2596	8	146.2596
group_16636	129	0	0.0000	0	0.0000	0	0.0000
group_11666	549	719	1.3097	5	18.7320	2	14.9856
group_12266	165	0	0.0000	0	0.0000	0	0.0000
group_13315	303	273	0.9010	2	13.5761	1	13.5761
group_8082	1539	1003	0.6517	7	9.3551	3	8.0186
group_3326	729	602	0.8258	4	11.2855	2	11.2855
group_7265	372	0	0.0000	0	0.0000	0	0.0000
group_16641	1254	3883	3.0965	26	42.6445	13	42.6445
group_16638	132	123	0.9318	1	15.5816	0	0.0000
group_16637	1596	8024	5.0276	55	70.8788	27	69.5901
group_16639	600	2182	3.6367	15	51.4194	7	47.9914
group_16640	237	0	0.0000	0	0.0000	0	0.0000
group_149	138	0	0.0000	0	0.0000	0	0.0000
group_16643	267	240	0.8989	2	15.4066	1	15.4066
group_2084	117	0	0.0000	0	0.0000	0	0.0000
group_24	798	1421	1.7807	10	25.7741	5	25.7741
group_150	138	0	0.0000	0	0.0000	0	0.0000
group_6232	984	271	0.2754	3	6.2707	1	4.1804
group_9112	351	0	0.0000	0	0.0000	0	0.0000
group_12233	315	353	1.1206	3	19.5883	1	13.0589
group_16644	123	0	0.0000	0	0.0000	0	0.0000
group_10944	180	150	0.8333	1	11.4265	0	0.0000
group_437	135	0	0.0000	0	0.0000	0	0.0000
group_16645	1089	252	0.2314	2	3.7774	1	3.7774
group_16646	300	0	0.0000	0	0.0000	0	0.0000
group_16647	261	0	0.0000	0	0.0000	0	0.0000
group_16648	126	0	0.0000	0	0.0000	0	0.0000
group_7903	363	754	2.0771	5	28.3302	2	22.6642
group_11501	324	7242	22.3519	51	323.7516	25	317.4036
group_16653	2205	1813	0.8222	13	12.1261	6	11.1933
group_16652	375	604	1.6107	4	21.9389	2	21.9389
group_16650	327	151	0.4618	1	6.2898	0	0.0000
group_16651	255	124	0.4863	2	16.1316	1	16.1316
group_16649	393	306	0.7786	4	20.9341	2	20.9341
group_13841	1266	1510	1.1927	10	16.2462	5	16.2462
group_16654	129	0	0.0000	0	0.0000	0	0.0000
group_16655	279	151	0.5412	1	7.3720	0	0.0000
group_16656	240	453	1.8875	3	25.7097	1	17.1398
group_11814	852	0	0.0000	0	0.0000	0	0.0000
group_16658	1098	687891	626.4945	4669	8745.9774	2334	8744.1042
group_16657	405	0	0.0000	0	0.0000	0	0.0000
group_5491	660	302	0.4576	2	6.2327	1	6.2327
group_6114	225	0	0.0000	0	0.0000	0	0.0000
group_4264	246	0	0.0000	0	0.0000	0	0.0000
group_16659	1083	378	0.3490	4	7.5966	2	7.5966
group_5500	231	0	0.0000	0	0.0000	0	0.0000
group_4363	420	0	0.0000	0	0.0000	0	0.0000
group_12537	162	0	0.0000	0	0.0000	0	0.0000
group_16660	186	0	0.0000	0	0.0000	0	0.0000
group_2085	117	0	0.0000	0	0.0000	0	0.0000
group_16661	246	0	0.0000	0	0.0000	0	0.0000
group_16662	264	198	0.7500	2	15.5816	1	15.5816
group_4670	1986	305	0.1536	2	2.0713	1	2.0713
group_16663	921	498	0.5407	4	8.9328	2	8.9328
group_16666	366	873	2.3852	6	33.7176	3	33.7176
group_16667	3192	7807	2.4458	52	33.5064	26	33.5064
group_16668	894	21717	24.2919	157	361.2010	78	358.9004
group_16669	882	5797	6.5726	40	93.2778	20	93.2778
group_2077	771	0	0.0000	0	0.0000	0	0.0000
group_9358	348	0	0.0000	0	0.0000	0	0.0000
group_16672	615	906	1.4732	6	20.0661	3	20.0661
group_6189	390	151	0.3872	1	5.2738	0	0.0000
group_6115	226	151	0.6681	1	9.1008	0	0.0000
group_12535	162	219	1.3519	2	25.3923	1	25.3923
group_1251	285	289	1.0140	2	14.4335	1	14.4335
group_4536	417	0	0.0000	0	0.0000	0	0.0000
group_10946	180	0	0.0000	0	0.0000	0	0.0000
group_9736	288	0	0.0000	0	0.0000	0	0.0000
group_12230	315	0	0.0000	0	0.0000	0	0.0000
group_1146	489	0	0.0000	0	0.0000	0	0.0000
group_11185	177	0	0.0000	0	0.0000	0	0.0000
group_12541	162	0	0.0000	0	0.0000	0	0.0000
group_13310	153	535	3.4967	4	53.7719	2	53.7719
group_11502	324	188	0.5802	2	12.6961	1	12.6961
group_3304	1125	0	0.0000	0	0.0000	0	0.0000
group_14161	144	0	0.0000	0	0.0000	0	0.0000
group_1754	123	141	1.1463	2	33.4435	1	33.4435
group_16675	648	0	0.0000	0	0.0000	0	0.0000
group_2651	270	151	0.5593	1	7.6177	0	0.0000
group_16678	372	1095	2.9435	8	44.2317	4	44.2317
group_13318	303	0	0.0000	0	0.0000	0	0.0000
group_5634	1803	152	0.0843	2	2.2815	1	2.2815
group_7414	615	22311	36.2780	165	551.8177	82	548.4734
group_4204	2118	5250	2.4788	36	34.9594	18	34.9594
group_13133	1293	10255	7.9312	72	114.5304	36	114.5304
group_9329	195	0	0.0000	0	0.0000	0	0.0000
group_4731	240	186	0.7750	2	17.1398	1	17.1398
group_442	135	0	0.0000	0	0.0000	0	0.0000
group_6119	225	0	0.0000	0	0.0000	0	0.0000
group_13897	147	0	0.0000	0	0.0000	0	0.0000
group_13754	1269	252	0.1986	2	3.2416	1	3.2416
group_2787	747	151	0.2021	1	2.7534	0	0.0000
group_4152	699	130	0.1860	1	2.9425	0	0.0000
group_8423	924	0	0.0000	0	0.0000	0	0.0000
group_8259	927	302	0.3258	2	4.4375	1	4.4375
group_3001	1137	494	0.4345	4	7.2358	2	7.2358
group_2451	273	0	0.0000	0	0.0000	0	0.0000
group_14420	141	0	0.0000	0	0.0000	0	0.0000
group_8966	198	0	0.0000	0	0.0000	0	0.0000
group_16681	984	0	0.0000	0	0.0000	0	0.0000
group_1445	126	0	0.0000	0	0.0000	0	0.0000
group_6701	381	301	0.7900	2	10.7967	1	10.7967
group_7584	210	410	1.9524	4	39.1767	2	39.1767
group_7906	363	285	0.7851	3	16.9981	1	11.3321
group_1176	783	0	0.0000	0	0.0000	0	0.0000
group_5317	1014	0	0.0000	0	0.0000	0	0.0000
group_3042	453	0	0.0000	0	0.0000	0	0.0000
group_5744	654	0	0.0000	0	0.0000	0	0.0000
asnB	1920	0	0.0000	0	0.0000	0	0.0000
group_11756	321	0	0.0000	0	0.0000	0	0.0000
group_4802	285	0	0.0000	0	0.0000	0	0.0000
nthA	633	151	0.2385	1	3.2492	0	0.0000
group_2953	1140	151	0.1325	1	1.8042	0	0.0000
group_3125	933	0	0.0000	0	0.0000	0	0.0000
group_6826	1647	0	0.0000	0	0.0000	0	0.0000
group_12031	1341	302	0.2252	2	3.0675	1	3.0675
group_4959	1917	302	0.1575	2	2.1458	1	2.1458
nadB	1716	1241	0.7232	9	10.7873	4	9.5887
group_16692	489	151	0.3088	1	4.2061	0	0.0000
group_16687	699	409	0.5851	3	8.8274	1	5.8849
group_16693	462	0	0.0000	0	0.0000	0	0.0000
group_16698	687	0	0.0000	0	0.0000	0	0.0000
group_16689	180	0	0.0000	0	0.0000	0	0.0000
group_16694	1398	302	0.2160	2	2.9425	1	2.9425
group_16697	747	972	1.3012	10	27.5338	5	27.5338
group_16690	885	302	0.3412	2	4.6481	1	4.6481
group_16695	1116	0	0.0000	0	0.0000	0	0.0000
group_16686	1122	470	0.4189	6	10.9988	3	10.9988
group_16701	765	151	0.1974	1	2.6886	0	0.0000
group_16702	1218	0	0.0000	0	0.0000	0	0.0000
group_1485	486	751	1.5453	5	21.1602	2	16.9282
group_11188	177	0	0.0000	0	0.0000	0	0.0000
group_2352	108	0	0.0000	0	0.0000	0	0.0000
group_16704	2217	0	0.0000	0	0.0000	0	0.0000
group_16705	330	0	0.0000	0	0.0000	0	0.0000
ycf19	288	0	0.0000	0	0.0000	0	0.0000
group_14829	516	906	1.7558	6	23.9160	3	23.9160
group_12125	1338	302	0.2257	2	3.0744	1	3.0744
group_2653	270	151	0.5593	1	7.6177	0	0.0000
group_16706	813	2339	2.8770	16	40.4777	8	40.4777
group_13499	816	0	0.0000	0	0.0000	0	0.0000
group_16708	1239	0	0.0000	0	0.0000	0	0.0000
group_16707	1122	0	0.0000	0	0.0000	0	0.0000
group_16710	582	302	0.5189	2	7.0680	1	7.0680
group_16709	882	903	1.0238	6	13.9917	3	13.9917
group_153	138	219	1.5870	2	29.8083	1	29.8083
group_8756	591	0	0.0000	0	0.0000	0	0.0000
group_11191	177	0	0.0000	0	0.0000	0	0.0000
group_16711	414	0	0.0000	0	0.0000	0	0.0000
group_16712	765	0	0.0000	0	0.0000	0	0.0000
group_16713	675	604	0.8948	4	12.1883	2	12.1883
group_1971	480	224	0.4667	2	8.5699	1	8.5699
group_8385	597	0	0.0000	0	0.0000	0	0.0000
group_3669	786	0	0.0000	0	0.0000	0	0.0000
group_28	798	0	0.0000	0	0.0000	0	0.0000
group_13314	153	0	0.0000	0	0.0000	0	0.0000
group_16714	597	0	0.0000	0	0.0000	0	0.0000
group_3335	447	151	0.3378	1	4.6013	0	0.0000
group_3943	252	0	0.0000	0	0.0000	0	0.0000
group_16715	1755	0	0.0000	0	0.0000	0	0.0000
group_16716	96	0	0.0000	0	0.0000	0	0.0000
group_12012	168	178	1.0595	2	24.4854	1	24.4854
group_16717	393	0	0.0000	0	0.0000	0	0.0000
group_2363	762	897	1.1772	6	16.1951	3	16.1951
group_967	1215	604	0.4971	4	6.7713	2	6.7713
group_13900	147	0	0.0000	0	0.0000	0	0.0000
group_12783	159	0	0.0000	0	0.0000	0	0.0000
group_8234	600	0	0.0000	0	0.0000	0	0.0000
group_4732	594	0	0.0000	0	0.0000	0	0.0000
group_16719	153	119	0.7778	1	13.4430	0	0.0000
group_16718	255	519	2.0353	4	32.2631	2	32.2631
group_16721	801	2155	2.6904	15	38.5164	7	35.9486
group_16722	960	755	0.7865	5	10.7124	2	8.5699
group_3137	1131	259	0.2290	2	3.6371	1	3.6371
group_5504	231	0	0.0000	0	0.0000	0	0.0000
group_12793	1308	0	0.0000	0	0.0000	0	0.0000
group_16723	1317	302	0.2293	2	3.1234	1	3.1234
group_16724	1077	446	0.4141	4	7.6389	2	7.6389
group_16725	492	0	0.0000	0	0.0000	0	0.0000
group_16728	591	1708	2.8900	13	45.2421	6	41.7619
group_16726	111	0	0.0000	0	0.0000	0	0.0000
group_16729	1224	1419	1.1593	11	18.4841	5	16.8037
group_1979	120	0	0.0000	0	0.0000	0	0.0000
group_1980	120	152	1.2667	2	34.2796	1	34.2796
group_8425	924	614	0.6645	4	8.9038	2	8.9038
group_1278	3864	604	0.1563	4	2.1292	2	2.1292
group_10818	333	0	0.0000	0	0.0000	0	0.0000
group_16730	201	271	1.3483	2	20.4654	1	20.4654
group_16731	1065	4714	4.4263	35	67.5935	17	65.6623
group_323	291	151	0.5189	1	7.0680	0	0.0000
group_16732	126	0	0.0000	0	0.0000	0	0.0000
group_16734	216	0	0.0000	0	0.0000	0	0.0000
group_16733	1035	1815	1.7536	13	25.8339	6	23.8467
group_16736	1185	1043	0.8802	7	12.1497	3	10.4141
group_15415	1032	301	0.2917	3	5.9790	1	3.9860
group_4463	687	0	0.0000	0	0.0000	0	0.0000
group_16737	1146	45821	39.9834	314	563.5492	157	563.5492
group_15931	384	547	1.4245	4	21.4247	2	21.4247
group_16738	960	0	0.0000	0	0.0000	0	0.0000
group_16740	612	594	0.9706	4	13.4430	2	13.4430
group_16739	972	604	0.6214	4	8.4641	2	8.4641
group_6691	219	0	0.0000	0	0.0000	0	0.0000
group_16741	846	2297	2.7151	17	41.3300	8	38.8988
group_16742	1581	1343	0.8495	9	11.7084	4	10.4075
group_16743	624	0	0.0000	0	0.0000	0	0.0000
group_16744	177	0	0.0000	0	0.0000	0	0.0000
group_16745	213	0	0.0000	0	0.0000	0	0.0000
group_16746	7527	10777	1.4318	74	20.2207	37	20.2207
group_6750	1656	0	0.0000	0	0.0000	0	0.0000
group_3174	2493	3173	1.2728	21	17.3254	10	16.5004
group_2631	96	0	0.0000	0	0.0000	0	0.0000
group_16747	2715	1482	0.5459	10	7.5756	5	7.5756
group_12924	1302	1005	0.7719	7	11.0579	3	9.4782
group_4583	1047	302	0.2884	2	3.9289	1	3.9289
group_9998	189	411	2.1746	4	43.5296	2	43.5296
group_13834	810	0	0.0000	0	0.0000	0	0.0000
group_16748	117	0	0.0000	0	0.0000	0	0.0000
group_16749	1575	1951	1.2387	14	18.2824	7	18.2824
group_3967	1086	0	0.0000	0	0.0000	0	0.0000
group_16750	1329	3026	2.2769	20	30.9522	10	30.9522
group_16753	501	1167	2.3293	8	32.8427	4	32.8427
group_16754	168	0	0.0000	0	0.0000	0	0.0000
group_14021	807	18735	23.2156	133	338.9729	66	336.4242
group_7292	618	0	0.0000	0	0.0000	0	0.0000
group_16755	333	302	0.9069	2	12.3530	1	12.3530
group_2180	474	1159	2.4451	10	43.3919	5	43.3919
group_16756	786	0	0.0000	0	0.0000	0	0.0000
group_16757	1008	3570	3.5417	24	48.9708	12	48.9708
group_3456	1116	308	0.2760	2	3.6860	1	3.6860
group_765	1218	882	0.7241	6	10.1319	3	10.1319
group_9950	1443	304	0.2107	2	2.8507	1	2.8507
group_5962	1752	604	0.3447	4	4.6958	2	4.6958
group_2088	117	0	0.0000	0	0.0000	0	0.0000
group_16758	151	0	0.0000	0	0.0000	0	0.0000
group_16759	360	298	0.8278	2	11.4265	1	11.4265
group_16760	516	470	0.9109	4	15.9440	2	15.9440
group_6715	969	0	0.0000	0	0.0000	0	0.0000
group_9364	348	0	0.0000	0	0.0000	0	0.0000
group_2431	468	0	0.0000	0	0.0000	0	0.0000
group_16761	126	0	0.0000	0	0.0000	0	0.0000
group_16762	423	0	0.0000	0	0.0000	0	0.0000
group_16764	960	3020	3.1458	20	42.8495	10	42.8495
group_16767	195	0	0.0000	0	0.0000	0	0.0000
group_7914	363	2863	7.8871	20	113.3209	10	113.3209
group_12786	159	156	0.9811	2	25.8714	1	25.8714
group_2880	744	0	0.0000	0	0.0000	0	0.0000
group_3410	1119	1810	1.6175	12	22.0566	6	22.0566
group_1870	1197	0	0.0000	0	0.0000	0	0.0000
group_5608	1812	1214	0.6700	8	9.0807	4	9.0807
group_8025	603	206	0.3416	2	6.8218	1	6.8218
group_4740	1041	6342	6.0922	44	86.9338	22	86.9338
group_3685	786	1359	1.7290	9	23.5509	4	20.9341
group_3323	261	0	0.0000	0	0.0000	0	0.0000
group_7915	207	245	1.1836	2	19.8722	1	19.8722
group_8267	204	393	1.9265	3	30.2467	1	20.1645
group_2562	99	0	0.0000	0	0.0000	0	0.0000
group_3295	2442	0	0.0000	0	0.0000	0	0.0000
group_8970	1497	0	0.0000	0	0.0000	0	0.0000
group_3740	255	0	0.0000	0	0.0000	0	0.0000
group_1490	486	0	0.0000	0	0.0000	0	0.0000
group_1133	129	0	0.0000	0	0.0000	0	0.0000
group_2866	267	0	0.0000	0	0.0000	0	0.0000
group_16768	345	0	0.0000	0	0.0000	0	0.0000
group_14169	144	0	0.0000	0	0.0000	0	0.0000
group_2275	111	0	0.0000	0	0.0000	0	0.0000
group_33	798	0	0.0000	0	0.0000	0	0.0000
group_14428	141	0	0.0000	0	0.0000	0	0.0000
group_5421	402	16477	40.9876	114	583.2646	57	583.2646
group_2869	267	0	0.0000	0	0.0000	0	0.0000
group_2293	276	0	0.0000	0	0.0000	0	0.0000
group_12016	168	0	0.0000	0	0.0000	0	0.0000
group_4267	246	272	1.1057	2	16.7217	1	16.7217
group_16769	1443	2674	1.8531	17	24.2309	8	22.8055
group_16770	2130	9156	4.2986	62	59.8686	31	59.8686
group_16771	2862	453	0.1583	3	2.1559	1	1.4373
group_13640	150	0	0.0000	0	0.0000	0	0.0000
group_3720	438	302	0.6895	2	9.3917	1	9.3917
group_5991	393	0	0.0000	0	0.0000	0	0.0000
group_2563	99	0	0.0000	0	0.0000	0	0.0000
group_8519	594	0	0.0000	0	0.0000	0	0.0000
group_8811	354	0	0.0000	0	0.0000	0	0.0000
group_3324	261	0	0.0000	0	0.0000	0	0.0000
group_6353	1692	687	0.4060	5	6.0779	2	4.8624
group_16773	924	1163	1.2587	8	17.8076	4	17.8076
group_16772	1011	2275	2.2502	15	30.5160	7	28.4816
group_16774	114	0	0.0000	0	0.0000	0	0.0000
group_2776	45	0	0.0000	0	0.0000	0	0.0000
group_16776	2148	881	0.4101	8	7.6602	4	7.6602
group_16775	237	1138	4.8017	9	78.1054	4	69.4270
group_6123	225	0	0.0000	0	0.0000	0	0.0000
group_272	498	0	0.0000	0	0.0000	0	0.0000
group_4155	699	0	0.0000	0	0.0000	0	0.0000
group_3815	435	0	0.0000	0	0.0000	0	0.0000
group_13641	150	0	0.0000	0	0.0000	0	0.0000
group_9360	1476	0	0.0000	0	0.0000	0	0.0000
group_6174	1728	0	0.0000	0	0.0000	0	0.0000
group_3904	288	302	1.0486	2	14.2832	1	14.2832
group_8520	594	1569	2.6414	11	38.0884	5	34.6258
group_7922	207	0	0.0000	0	0.0000	0	0.0000
group_2280	111	0	0.0000	0	0.0000	0	0.0000
group_12763	531	0	0.0000	0	0.0000	0	0.0000
group_14429	141	0	0.0000	0	0.0000	0	0.0000
group_12788	159	0	0.0000	0	0.0000	0	0.0000
group_13588	516	3466	6.7171	23	91.6780	11	87.6920
group_451	135	0	0.0000	0	0.0000	0	0.0000
group_12792	159	232	1.4591	2	25.8714	1	25.8714
group_2294	276	496	1.7971	4	29.8083	2	29.8083
group_7271	372	1005	2.7016	7	38.7028	3	33.1738
group_7152	954	0	0.0000	0	0.0000	0	0.0000
group_1826	777	0	0.0000	0	0.0000	0	0.0000
group_2295	276	0	0.0000	0	0.0000	0	0.0000
group_12789	159	219	1.3774	2	25.8714	1	25.8714
group_11048	330	2137	6.4758	17	105.9551	8	99.7224
group_2179	114	98	0.8596	2	36.0838	1	36.0838
group_2277	111	0	0.0000	0	0.0000	0	0.0000
group_6279	642	0	0.0000	0	0.0000	0	0.0000
group_14759	3018	104	0.0345	2	1.3630	1	1.3630
group_14758	1896	456	0.2405	3	3.2544	1	2.1696
group_4694	681	0	0.0000	0	0.0000	0	0.0000
group_5026	408	423	1.0368	3	15.1233	1	10.0822
group_10001	189	0	0.0000	0	0.0000	0	0.0000
group_16777	240	0	0.0000	0	0.0000	0	0.0000
group_959	4248	31331	7.3755	213	103.1293	106	102.6451
group_16778	537	570	1.0615	4	15.3205	2	15.3205
group_16779	294	0	0.0000	0	0.0000	0	0.0000
group_16780	397	864	2.1763	6	31.0848	3	31.0848
group_6446	978	1325	1.3548	9	18.9274	4	16.8243
group_16782	243	0	0.0000	0	0.0000	0	0.0000
group_16783	267	0	0.0000	0	0.0000	0	0.0000
group_16784	1827	0	0.0000	0	0.0000	0	0.0000
group_16785	1152	0	0.0000	0	0.0000	0	0.0000
group_10334	186	0	0.0000	0	0.0000	0	0.0000
group_16786	213	1006	4.7230	8	77.2498	4	77.2498
group_16787	879	453	0.5154	3	7.0197	1	4.6798
group_16788	166	0	0.0000	0	0.0000	0	0.0000
group_16789	180	0	0.0000	0	0.0000	0	0.0000
group_16791	576	0	0.0000	0	0.0000	0	0.0000
group_16790	1452	0	0.0000	0	0.0000	0	0.0000
group_13643	150	0	0.0000	0	0.0000	0	0.0000
group_5790	396	254	0.6414	2	10.3878	1	10.3878
group_1454	126	0	0.0000	0	0.0000	0	0.0000
group_16792	300	302	1.0067	2	13.7118	1	13.7118
group_16793	1773	8200	4.6249	58	67.2831	29	67.2831
group_5677	1002	453	0.4521	3	6.1580	1	4.1053
cas10d	2967	3041	1.0249	21	14.5576	10	13.8643
group_4597	2007	1642	0.8181	11	11.2728	5	10.2480
group_16794	258	264	1.0233	2	15.9440	1	15.9440
group_16795	201	0	0.0000	0	0.0000	0	0.0000
group_16796	1386	0	0.0000	0	0.0000	0	0.0000
group_7156	954	0	0.0000	0	0.0000	0	0.0000
group_16797	135	0	0.0000	0	0.0000	0	0.0000
group_3916	708	0	0.0000	0	0.0000	0	0.0000
group_14434	141	0	0.0000	0	0.0000	0	0.0000
group_16798	129	0	0.0000	0	0.0000	0	0.0000
group_16799	633	0	0.0000	0	0.0000	0	0.0000
group_8602	201	0	0.0000	0	0.0000	0	0.0000
group_16800	273	860	3.1502	6	45.2038	3	45.2038
group_16801	222	847	3.8153	10	92.6475	5	92.6475
group_11486	552	302	0.5471	2	7.4521	1	7.4521
group_11960	849	453	0.5336	3	7.2678	1	4.8452
group_694	288	0	0.0000	0	0.0000	0	0.0000
group_13325	303	547	1.8053	4	27.1521	2	27.1521
group_4488	243	0	0.0000	0	0.0000	0	0.0000
group_13074	156	150	0.9615	2	26.3689	1	26.3689
group_16802	732	3267	4.4631	24	67.4353	12	67.4353
group_3060	265	700	2.6415	5	38.8071	2	31.0457
group_16807	441	0	0.0000	0	0.0000	0	0.0000
group_16810	276	0	0.0000	0	0.0000	0	0.0000
group_16811	132	0	0.0000	0	0.0000	0	0.0000
group_16804	1308	906	0.6927	6	9.4347	3	9.4347
group_16809	906	453	0.5000	3	6.8105	1	4.5403
group_16805	954	151	0.1583	1	2.1559	0	0.0000
group_16806	1233	151	0.1225	1	1.6681	0	0.0000
group_16803	1293	1641	1.2691	12	19.0884	6	19.0884
group_16812	225	0	0.0000	0	0.0000	0	0.0000
group_16813	2373	3271	1.3784	23	19.9350	11	19.0683
group_4221	696	151	0.2170	1	2.9551	0	0.0000
group_16814	1455	302	0.2076	2	2.8272	1	2.8272
group_3531	258	151	0.5853	1	7.9720	0	0.0000
group_12313	1332	302	0.2267	2	3.0883	1	3.0883
group_2089	117	0	0.0000	0	0.0000	0	0.0000
group_16815	783	510	0.6513	4	10.5072	2	10.5072
group_16816	819	831	1.0147	7	17.5793	3	15.0679
group_10129	573	0	0.0000	0	0.0000	0	0.0000
group_14175	144	0	0.0000	0	0.0000	0	0.0000
group_16817	178	951	5.3427	10	115.5492	5	115.5492
group_5479	1008	857	0.8502	6	12.2427	3	12.2427
group_3532	258	2886	11.1860	24	191.3279	12	191.3279
group_2080	771	711	0.9222	5	13.3384	2	10.6707
group_13681	300	295	0.9833	2	13.7118	1	13.7118
group_16818	219	737	3.3653	6	56.3500	3	56.3500
group_3743	255	151	0.5922	1	8.0658	0	0.0000
group_3534	258	0	0.0000	0	0.0000	0	0.0000
group_16820	93	0	0.0000	0	0.0000	0	0.0000
group_16819	549	151	0.2750	1	3.7464	0	0.0000
group_16821	654	486	0.7431	4	12.5797	2	12.5797
group_16822	384	1568	4.0833	13	69.6304	6	64.2742
group_16823	636	1594	2.5063	12	38.8071	6	38.8071
group_7054	375	906	2.4160	6	32.9084	3	32.9084
group_4464	687	0	0.0000	0	0.0000	0	0.0000
group_16824	342	256	0.7485	2	12.0279	1	12.0279
group_16825	450	718	1.5956	5	22.8531	2	18.2824
group_16826	333	0	0.0000	0	0.0000	0	0.0000
group_12023	168	0	0.0000	0	0.0000	0	0.0000
group_3952	492	0	0.0000	0	0.0000	0	0.0000
group_16808	273	0	0.0000	0	0.0000	0	0.0000
group_8271	927	302	0.3258	2	4.4375	1	4.4375
group_2694	750	0	0.0000	0	0.0000	0	0.0000
group_4012	1083	151	0.1394	1	1.8991	0	0.0000
group_14201	1254	594	0.4737	4	6.5607	2	6.5607
group_7596	612	146	0.2386	1	3.3607	0	0.0000
group_8084	1539	0	0.0000	0	0.0000	0	0.0000
group_16827	276	0	0.0000	0	0.0000	0	0.0000
group_16828	163	0	0.0000	0	0.0000	0	0.0000
group_2701	93	0	0.0000	0	0.0000	0	0.0000
group_16829	222	0	0.0000	0	0.0000	0	0.0000
group_16830	156	131	0.8397	2	26.3689	1	26.3689
group_2700	462	0	0.0000	0	0.0000	0	0.0000
group_16831	99	0	0.0000	0	0.0000	0	0.0000
group_16832	129	0	0.0000	0	0.0000	0	0.0000
group_16833	231	0	0.0000	0	0.0000	0	0.0000
group_16834	516	100	0.1938	2	7.9720	1	7.9720
group_16835	402	343	0.8532	3	15.3491	1	10.2327
group_16836	1923	9290	4.8310	65	69.5218	32	68.4522
group_1191	783	0	0.0000	0	0.0000	0	0.0000
group_9674	192	0	0.0000	0	0.0000	0	0.0000
group_11226	1377	1052	0.7640	7	10.4556	3	8.9620
group_16837	510	472	0.9255	4	16.1316	2	16.1316
group_16838	315	0	0.0000	0	0.0000	0	0.0000
group_16839	132	244	1.8485	2	31.1633	1	31.1633
group_16840	168	0	0.0000	0	0.0000	0	0.0000
group_16844	1365	0	0.0000	0	0.0000	0	0.0000
group_16842	2256	242	0.1073	2	1.8234	1	1.8234
group_16841	210	0	0.0000	0	0.0000	0	0.0000
group_16845	2499	1911	0.7647	13	10.6995	6	9.8765
group_16846	564	0	0.0000	0	0.0000	0	0.0000
group_16847	222	0	0.0000	0	0.0000	0	0.0000
group_456	135	0	0.0000	0	0.0000	0	0.0000
group_5518	231	0	0.0000	0	0.0000	0	0.0000
group_12551	162	0	0.0000	0	0.0000	0	0.0000
group_16848	165	220	1.3333	2	24.9306	1	24.9306
group_16849	297	520	1.7508	6	41.5510	3	41.5510
group_16850	177	674	3.8079	5	58.1010	2	46.4808
group_16851	396	0	0.0000	0	0.0000	0	0.0000
group_16854	678	0	0.0000	0	0.0000	0	0.0000
group_16853	240	0	0.0000	0	0.0000	0	0.0000
group_16852	804	0	0.0000	0	0.0000	0	0.0000
group_16855	114	0	0.0000	0	0.0000	0	0.0000
group_8434	924	292	0.3160	2	4.4519	1	4.4519
group_16856	168	0	0.0000	0	0.0000	0	0.0000
group_16857	156	148	0.9487	1	13.1845	0	0.0000
group_2791	747	528	0.7068	4	11.0135	2	11.0135
group_16858	171	163	0.9532	2	24.0558	1	24.0558
group_16859	393	0	0.0000	0	0.0000	0	0.0000
group_4660	414	390	0.9420	4	19.8722	2	19.8722
group_16860	234	151	0.6453	1	8.7896	0	0.0000
group_16861	231	0	0.0000	0	0.0000	0	0.0000
group_16862	945	302	0.3196	2	4.3530	1	4.3530
plsY	657	2969	4.5190	21	65.7417	10	62.6111
group_2316	471	302	0.6412	2	8.7337	1	8.7337
group_8821	354	0	0.0000	0	0.0000	0	0.0000
group_16863	231	429	1.8571	3	26.7114	1	17.8076
group_16864	723	0	0.0000	0	0.0000	0	0.0000
group_1464	126	626	4.9683	8	130.5889	4	130.5889
group_610	4848	7047	1.4536	48	20.3641	24	20.3641
group_15769	432	418	0.9676	4	19.0442	2	19.0442
group_16865	300	39974	133.2467	299	2049.9192	149	2043.0633
group_16866	120	0	0.0000	0	0.0000	0	0.0000
group_16867	303	0	0.0000	0	0.0000	0	0.0000
group_11077	1386	3309	2.3874	23	34.1312	11	32.6472
group_16868	600	298	0.4967	2	6.8559	1	6.8559
group_16869	180	130	0.7222	1	11.4265	0	0.0000
group_16870	477	0	0.0000	0	0.0000	0	0.0000
group_16871	486	752	1.5473	6	25.3923	3	25.3923
group_16872	510	0	0.0000	0	0.0000	0	0.0000
group_16873	132	0	0.0000	0	0.0000	0	0.0000
group_8610	201	0	0.0000	0	0.0000	0	0.0000
group_16874	765	648	0.8471	6	16.1316	3	16.1316
group_1466	126	0	0.0000	0	0.0000	0	0.0000
group_16877	228	151	0.6623	1	9.0209	0	0.0000
group_16878	114	0	0.0000	0	0.0000	0	0.0000
group_16879	207	240	1.1594	2	19.8722	1	19.8722
group_3832	2229	151	0.0677	1	0.9227	0	0.0000
group_16880	228	0	0.0000	0	0.0000	0	0.0000
group_16881	240	0	0.0000	0	0.0000	0	0.0000
group_8433	924	7217	7.8106	53	117.9752	26	115.7493
group_16884	5790	4444	0.7675	33	11.7226	16	11.3673
group_16883	285	0	0.0000	0	0.0000	0	0.0000
group_10039	891	568	0.6375	4	9.2336	2	9.2336
group_13085	825	0	0.0000	0	0.0000	0	0.0000
group_361	1227	1138	0.9275	8	13.4101	4	13.4101
group_16885	126	0	0.0000	0	0.0000	0	0.0000
group_16886	276	0	0.0000	0	0.0000	0	0.0000
group_8907	915	0	0.0000	0	0.0000	0	0.0000
group_10826	333	0	0.0000	0	0.0000	0	0.0000
group_16888	309	0	0.0000	0	0.0000	0	0.0000
group_16887	1188	0	0.0000	0	0.0000	0	0.0000
group_9349	195	0	0.0000	0	0.0000	0	0.0000
group_457	135	0	0.0000	0	0.0000	0	0.0000
group_16889	171	263	1.5380	3	36.0838	1	24.0558
group_4492	243	2279	9.3786	19	160.8178	9	152.3537
group_16890	426	4694	11.0188	34	164.1558	17	164.1558
group_7931	207	305	1.4734	2	19.8722	1	19.8722
group_9033	1494	0	0.0000	0	0.0000	0	0.0000
group_12404	1326	453	0.3416	3	4.6533	1	3.1022
group_1143	129	458	3.5504	4	63.7760	2	63.7760
group_10950	1392	858	0.6164	6	8.8654	3	8.8654
group_7273	372	0	0.0000	0	0.0000	0	0.0000
group_9124	351	0	0.0000	0	0.0000	0	0.0000
group_16895	318	3576	11.2453	26	168.1640	13	168.1640
group_16903	225	5676	25.2267	42	383.9314	21	383.9314
group_16912	207	294	1.4203	2	19.8722	1	19.8722
group_16901	216	0	0.0000	0	0.0000	0	0.0000
group_16906	228	0	0.0000	0	0.0000	0	0.0000
group_16899	333	0	0.0000	0	0.0000	0	0.0000
group_16900	177	0	0.0000	0	0.0000	0	0.0000
group_16910	219	0	0.0000	0	0.0000	0	0.0000
group_9028	1494	1162	0.7778	7	9.6368	3	8.2601
group_8276	204	1038	5.0882	8	80.6578	4	80.6578
group_11473	174	218	1.2529	2	23.6411	1	23.6411
group_6392	222	0	0.0000	0	0.0000	0	0.0000
group_16914	240	11079	46.1625	100	856.9896	50	856.9896
group_16915	183	0	0.0000	0	0.0000	0	0.0000
group_16916	231	149	0.6450	1	8.9038	0	0.0000
group_16917	246	0	0.0000	0	0.0000	0	0.0000
group_16918	774	2185	2.8230	16	42.5173	8	42.5173
group_16919	849	302	0.3557	2	4.8452	1	4.8452
group_6003	648	545	0.8410	4	12.6961	2	12.6961
group_16920	387	0	0.0000	0	0.0000	0	0.0000
group_16921	189	0	0.0000	0	0.0000	0	0.0000
group_4796	678	273	0.4027	3	9.1008	1	6.0672
group_16922	105	0	0.0000	0	0.0000	0	0.0000
group_8611	201	135	0.6716	2	20.4654	1	20.4654
group_16909	189	100	0.5291	2	21.7648	1	21.7648
group_16911	219	407	1.8584	3	28.1750	1	18.7833
group_16904	438	0	0.0000	0	0.0000	0	0.0000
group_16905	258	0	0.0000	0	0.0000	0	0.0000
group_16913	423	302	0.7139	2	9.7247	1	9.7247
group_16908	267	196	0.7341	2	15.4066	1	15.4066
group_16892	276	0	0.0000	0	0.0000	0	0.0000
group_16897	981	696	0.7095	4	8.3864	2	8.3864
group_16893	273	0	0.0000	0	0.0000	0	0.0000
group_16894	576	265	0.4601	2	7.1416	1	7.1416
group_172	138	0	0.0000	0	0.0000	0	0.0000
group_16923	1284	1510	1.1760	10	16.0185	5	16.0185
group_6158	987	553	0.5603	4	8.3355	2	8.3355
group_463	135	0	0.0000	0	0.0000	0	0.0000
group_14182	144	0	0.0000	0	0.0000	0	0.0000
group_3918	708	579	0.8178	4	11.6202	2	11.6202
group_16924	147	150	1.0204	2	27.9833	1	27.9833
group_16925	195	0	0.0000	0	0.0000	0	0.0000
group_16926	474	302	0.6371	2	8.6784	1	8.6784
group_16927	981	1926	1.9633	13	27.2559	6	25.1593
group_16928	876	151	0.1724	1	2.3479	0	0.0000
group_16929	261	1125	4.3103	8	63.0429	4	63.0429
group_16930	219	0	0.0000	0	0.0000	0	0.0000
group_16931	111	104	0.9369	2	37.0590	1	37.0590
group_10961	180	110	0.6111	2	22.8531	1	22.8531
group_9127	351	359	1.0228	3	17.5793	1	11.7195
group_16932	249	524	2.1044	5	41.3007	2	33.0406
group_4159	783	0	0.0000	0	0.0000	0	0.0000
group_16933	205	0	0.0000	0	0.0000	0	0.0000
group_12029	168	0	0.0000	0	0.0000	0	0.0000
group_16934	1371	773	0.5638	5	7.5010	2	6.0008
group_13918	147	0	0.0000	0	0.0000	0	0.0000
group_11475	174	196	1.1264	2	23.6411	1	23.6411
group_8614	201	260	1.2935	2	20.4654	1	20.4654
group_16935	153	0	0.0000	0	0.0000	0	0.0000
group_16936	249	0	0.0000	0	0.0000	0	0.0000
group_16937	591	601	1.0169	4	13.9206	2	13.9206
group_11677	549	302	0.5501	2	7.4928	1	7.4928
group_16938	1605	0	0.0000	0	0.0000	0	0.0000
group_16939	300	3137	10.4567	23	157.6861	11	150.8302
group_16940	189	867	4.5873	7	76.1769	3	65.2944
group_1976	480	0	0.0000	0	0.0000	0	0.0000
group_11172	987	3341	3.3850	27	56.2644	13	54.1805
group_16941	132	0	0.0000	0	0.0000	0	0.0000
group_5799	396	0	0.0000	0	0.0000	0	0.0000
group_16942	129	0	0.0000	0	0.0000	0	0.0000
group_16943	183	0	0.0000	0	0.0000	0	0.0000
group_16944	1341	1057	0.7882	7	10.7363	3	9.2026
group_16945	177	151	0.8531	1	11.6202	0	0.0000
group_16946	306	0	0.0000	0	0.0000	0	0.0000
group_16947	1635	11498	7.0324	79	99.3793	39	98.1214
group_16948	465	0	0.0000	0	0.0000	0	0.0000
group_7424	615	1035	1.6829	7	23.4104	3	20.0661
group_16949	273	289	1.0586	2	15.0679	1	15.0679
group_6708	219	328	1.4977	4	37.5667	2	37.5667
group_16950	345	402	1.1652	6	35.7700	3	35.7700
group_5999	393	3580	9.1094	26	136.0716	13	136.0716
group_16951	108	0	0.0000	0	0.0000	0	0.0000
group_16952	1215	824	0.6782	6	10.1569	3	10.1569
group_11263	846	16297	19.2636	112	272.2917	56	272.2917
group_16953	300	1181	3.9367	8	54.8473	4	54.8473
group_16955	471	0	0.0000	0	0.0000	0	0.0000
group_16956	300	46361	154.5367	349	2392.7151	174	2385.8592
group_16957	210	296	1.4095	2	19.5883	1	19.5883
group_16958	393	2478	6.3053	18	94.2034	9	94.2034
group_13920	147	0	0.0000	0	0.0000	0	0.0000
group_16959	1587	252	0.1588	2	2.5920	1	2.5920
group_16960	528	0	0.0000	0	0.0000	0	0.0000
group_6395	222	452	2.0360	4	37.0590	2	37.0590
group_16961	987	6474	6.5593	45	93.7739	22	91.6901
group_16964	1686	594	0.3523	4	4.8797	2	4.8797
group_16963	3393	0	0.0000	0	0.0000	0	0.0000
group_9501	582	0	0.0000	0	0.0000	0	0.0000
group_16965	579	742	1.2815	6	21.3137	3	21.3137
group_1150	129	195	1.5116	2	31.8880	1	31.8880
group_16966	630	0	0.0000	0	0.0000	0	0.0000
group_16967	141	0	0.0000	0	0.0000	0	0.0000
group_16968	123	0	0.0000	0	0.0000	0	0.0000
group_13517	816	0	0.0000	0	0.0000	0	0.0000
group_3207	732	0	0.0000	0	0.0000	0	0.0000
group_6004	993	0	0.0000	0	0.0000	0	0.0000
group_3783	1098	0	0.0000	0	0.0000	0	0.0000
group_7046	957	0	0.0000	0	0.0000	0	0.0000
group_13333	153	0	0.0000	0	0.0000	0	0.0000
group_9362	1476	302	0.2046	2	2.7870	1	2.7870
group_2464	273	0	0.0000	0	0.0000	0	0.0000
group_5813	228	0	0.0000	0	0.0000	0	0.0000
group_16969	276	456	1.6522	4	29.8083	2	29.8083
group_2127	1188	0	0.0000	0	0.0000	0	0.0000
group_16970	1041	0	0.0000	0	0.0000	0	0.0000
group_16971	153	0	0.0000	0	0.0000	0	0.0000
group_16972	408	238	0.5833	2	10.0822	1	10.0822
group_16973	102	0	0.0000	0	0.0000	0	0.0000
group_16974	1329	0	0.0000	0	0.0000	0	0.0000
group_16975	561	0	0.0000	0	0.0000	0	0.0000
group_16976	180	0	0.0000	0	0.0000	0	0.0000
group_16977	138	0	0.0000	0	0.0000	0	0.0000
group_16978	214	0	0.0000	0	0.0000	0	0.0000
group_16979	732	0	0.0000	0	0.0000	0	0.0000
group_16980	183	0	0.0000	0	0.0000	0	0.0000
group_16981	366	0	0.0000	0	0.0000	0	0.0000
group_16982	162	0	0.0000	0	0.0000	0	0.0000
group_16983	114	0	0.0000	0	0.0000	0	0.0000
group_9373	348	0	0.0000	0	0.0000	0	0.0000
group_16984	240	0	0.0000	0	0.0000	0	0.0000
group_16985	108	0	0.0000	0	0.0000	0	0.0000
group_177	138	240	1.7391	2	29.8083	1	29.8083
group_16986	132	0	0.0000	0	0.0000	0	0.0000
group_16987	141	206	1.4610	2	29.1741	1	29.1741
group_16988	972	0	0.0000	0	0.0000	0	0.0000
group_16989	159	0	0.0000	0	0.0000	0	0.0000
group_16990	429	0	0.0000	0	0.0000	0	0.0000
group_16991	93	0	0.0000	0	0.0000	0	0.0000
group_16992	231	0	0.0000	0	0.0000	0	0.0000
group_16993	213	0	0.0000	0	0.0000	0	0.0000
group_16994	117	0	0.0000	0	0.0000	0	0.0000
group_16995	378	5761	15.2407	41	223.0894	20	217.6482
group_16996	408	428	1.0490	4	20.1645	2	20.1645
group_16997	279	0	0.0000	0	0.0000	0	0.0000
group_16998	117	0	0.0000	0	0.0000	0	0.0000
group_10362	186	0	0.0000	0	0.0000	0	0.0000
group_7936	207	0	0.0000	0	0.0000	0	0.0000
group_2490	102	0	0.0000	0	0.0000	0	0.0000
group_16999	153	0	0.0000	0	0.0000	0	0.0000
group_17000	123	0	0.0000	0	0.0000	0	0.0000
group_17001	213	151	0.7089	1	9.6562	0	0.0000
group_17002	171	0	0.0000	0	0.0000	0	0.0000
group_3592	441	0	0.0000	0	0.0000	0	0.0000
group_17003	132	0	0.0000	0	0.0000	0	0.0000
group_17004	144	0	0.0000	0	0.0000	0	0.0000
group_17005	2325	706	0.3037	4	3.5385	2	3.5385
group_722	288	0	0.0000	0	0.0000	0	0.0000
group_4782	1956	547	0.2797	4	4.2061	2	4.2061
group_8216	1533	0	0.0000	0	0.0000	0	0.0000
group_17006	738	291	0.3943	2	5.5739	1	5.5739
group_17010	231	2399	10.3853	19	169.1720	9	160.2682
group_17008	1317	5829	4.4260	40	62.4685	20	62.4685
group_17007	561	34478	61.4581	261	956.8954	130	953.2291
group_17009	1056	15980	15.1326	107	208.4043	53	206.4566
group_17011	138	0	0.0000	0	0.0000	0	0.0000
group_9912	576	0	0.0000	0	0.0000	0	0.0000
group_5022	672	1390	2.0685	10	30.6068	5	30.6068
group_14125	1257	0	0.0000	0	0.0000	0	0.0000
group_3114	735	0	0.0000	0	0.0000	0	0.0000
group_3334	261	151	0.5785	1	7.8804	0	0.0000
group_17012	426	0	0.0000	0	0.0000	0	0.0000
group_17013	117	0	0.0000	0	0.0000	0	0.0000
group_2668	270	0	0.0000	0	0.0000	0	0.0000
group_8497	357	164	0.4594	2	11.5225	1	11.5225
group_17014	207	0	0.0000	0	0.0000	0	0.0000
group_17015	135	0	0.0000	0	0.0000	0	0.0000
group_17016	270	469	1.7370	4	30.4707	2	30.4707
group_17017	105	0	0.0000	0	0.0000	0	0.0000
group_17018	429	0	0.0000	0	0.0000	0	0.0000
group_17019	231	0	0.0000	0	0.0000	0	0.0000
group_17020	213	166	0.7793	2	19.3124	1	19.3124
group_2885	744	2636	3.5430	18	49.7607	9	49.7607
group_17021	171	0	0.0000	0	0.0000	0	0.0000
group_17022	117	0	0.0000	0	0.0000	0	0.0000
group_17025	870	0	0.0000	0	0.0000	0	0.0000
group_17024	447	0	0.0000	0	0.0000	0	0.0000
group_17023	492	0	0.0000	0	0.0000	0	0.0000
group_17026	240	0	0.0000	0	0.0000	0	0.0000
group_17027	669	0	0.0000	0	0.0000	0	0.0000
group_3889	1092	0	0.0000	0	0.0000	0	0.0000
group_14527	1242	0	0.0000	0	0.0000	0	0.0000
group_10682	183	0	0.0000	0	0.0000	0	0.0000
group_17028	228	0	0.0000	0	0.0000	0	0.0000
group_16133	372	0	0.0000	0	0.0000	0	0.0000
group_2927	456	151	0.3311	1	4.5105	0	0.0000
group_3593	441	0	0.0000	0	0.0000	0	0.0000
group_17030	672	0	0.0000	0	0.0000	0	0.0000
group_17029	834	604	0.7242	4	9.8646	2	9.8646
group_17031	153	192	1.2549	2	26.8859	1	26.8859
group_17032	1416	6325	4.4668	42	61.0060	21	61.0060
group_17033	690	0	0.0000	0	0.0000	0	0.0000
group_11022	1389	302	0.2174	2	2.9615	1	2.9615
group_5241	1869	0	0.0000	0	0.0000	0	0.0000
group_3478	444	1461	3.2905	11	50.9561	5	46.3238
group_2095	279	0	0.0000	0	0.0000	0	0.0000
group_17034	126	0	0.0000	0	0.0000	0	0.0000
group_17035	183	0	0.0000	0	0.0000	0	0.0000
group_10978	180	0	0.0000	0	0.0000	0	0.0000
group_17036	1632	9034	5.5355	61	76.8770	30	75.6167
group_2686	1161	0	0.0000	0	0.0000	0	0.0000
group_17042	525	244	0.4648	4	15.6707	2	15.6707
group_17037	150	0	0.0000	0	0.0000	0	0.0000
group_17041	246	0	0.0000	0	0.0000	0	0.0000
group_17039	231	214	0.9264	2	17.8076	1	17.8076
group_17040	231	0	0.0000	0	0.0000	0	0.0000
group_17038	249	0	0.0000	0	0.0000	0	0.0000
group_17043	216	208	0.9630	2	19.0442	1	19.0442
group_4241	3636	3540	0.9736	24	13.5761	12	13.5761
group_11543	1365	758	0.5553	6	9.0408	3	9.0408
group_2187	114	0	0.0000	0	0.0000	0	0.0000
group_6139	225	0	0.0000	0	0.0000	0	0.0000
group_10444	1422	0	0.0000	0	0.0000	0	0.0000
group_17044	6870	4789	0.6971	34	10.1791	17	10.1791
group_17045	255	0	0.0000	0	0.0000	0	0.0000
group_17046	270	0	0.0000	0	0.0000	0	0.0000
group_17047	5301	0	0.0000	0	0.0000	0	0.0000
group_12131	378	350	0.9259	4	21.7648	2	21.7648
group_3417	1119	2336	2.0876	12	22.0566	6	22.0566
group_17048	231	0	0.0000	0	0.0000	0	0.0000
group_4909	675	0	0.0000	0	0.0000	0	0.0000
group_17049	891	0	0.0000	0	0.0000	0	0.0000
group_11487	174	0	0.0000	0	0.0000	0	0.0000
group_17050	390	571	1.4641	4	21.0951	2	21.0951
group_17051	258	0	0.0000	0	0.0000	0	0.0000
group_17052	849	1324	1.5595	10	24.2259	5	24.2259
group_17053	177	424	2.3955	4	46.4808	2	46.4808
group_17054	747	1057	1.4150	7	19.2737	3	16.5203
group_17057	204	0	0.0000	0	0.0000	0	0.0000
group_17056	240	882	3.6750	8	68.5592	4	68.5592
group_17058	858	0	0.0000	0	0.0000	0	0.0000
group_17059	2295	909	0.3961	6	5.3772	3	5.3772
group_17060	153	257	1.6797	2	26.8859	1	26.8859
group_6977	216	0	0.0000	0	0.0000	0	0.0000
group_3075	264	0	0.0000	0	0.0000	0	0.0000
group_1517	486	0	0.0000	0	0.0000	0	0.0000
group_12561	1320	0	0.0000	0	0.0000	0	0.0000
group_2772	51	0	0.0000	0	0.0000	0	0.0000
group_13601	516	0	0.0000	0	0.0000	0	0.0000
group_6343	981	0	0.0000	0	0.0000	0	0.0000
group_725	288	0	0.0000	0	0.0000	0	0.0000
group_3209	450	0	0.0000	0	0.0000	0	0.0000
group_8629	201	0	0.0000	0	0.0000	0	0.0000
group_1859	777	305	0.3925	2	5.2941	1	5.2941
group_6137	225	0	0.0000	0	0.0000	0	0.0000
group_3922	708	0	0.0000	0	0.0000	0	0.0000
group_6893	627	302	0.4817	2	6.5607	1	6.5607
group_17061	153	0	0.0000	0	0.0000	0	0.0000
group_17062	159	0	0.0000	0	0.0000	0	0.0000
group_17063	237	707	2.9831	6	52.0703	3	52.0703
group_17064	168	120	0.7143	2	24.4854	1	24.4854
group_17065	336	0	0.0000	0	0.0000	0	0.0000
group_5528	231	547	2.3680	5	44.5189	2	35.6152
group_17066	246	0	0.0000	0	0.0000	0	0.0000
group_17069	963	0	0.0000	0	0.0000	0	0.0000
group_17072	291	0	0.0000	0	0.0000	0	0.0000
group_17073	2019	7530	3.7296	50	50.9355	25	50.9355
group_17068	1287	3456	2.6853	24	38.3548	12	38.3548
group_17067	246	0	0.0000	0	0.0000	0	0.0000
group_17074	1392	3285	2.3599	23	33.9841	11	32.5065
group_17075	831	7099	8.5427	52	128.7031	26	128.7031
group_17077	540	7817	14.4759	58	220.9129	29	220.9129
group_17079	1158	2242	1.9361	16	28.4183	8	28.4183
group_17078	1224	773	0.6315	7	11.7626	3	10.0822
group_17080	624	130	0.2083	1	3.2961	0	0.0000
group_17081	522	151	0.2893	1	3.9402	0	0.0000
group_17082	756	746	0.9868	6	16.3236	3	16.3236
group_17083	567	0	0.0000	0	0.0000	0	0.0000
group_17085	351	0	0.0000	0	0.0000	0	0.0000
group_17084	276	296	1.0725	2	14.9042	1	14.9042
group_17087	417	1108	2.6571	7	34.5262	3	29.5939
group_17086	282	1342	4.7589	11	80.2288	5	72.9353
group_17088	366	302	0.8251	2	11.2392	1	11.2392
group_17090	261	0	0.0000	0	0.0000	0	0.0000
group_17089	282	709	2.5142	6	43.7612	3	43.7612
group_17091	168	0	0.0000	0	0.0000	0	0.0000
group_7984	933	0	0.0000	0	0.0000	0	0.0000
group_12563	162	0	0.0000	0	0.0000	0	0.0000
group_17092	666	1457	2.1877	10	30.8825	5	30.8825
group_17093	153	0	0.0000	0	0.0000	0	0.0000
group_17094	501	9360	18.6826	69	283.2684	34	279.1631
group_17095	390	898	2.3026	6	31.6427	3	31.6427
group_16462	615	49863	81.0780	347	1160.4894	173	1157.1450
group_17096	264	151	0.5720	1	7.7908	0	0.0000
group_10844	333	0	0.0000	0	0.0000	0	0.0000
group_17098	534	517	0.9682	4	15.4066	2	15.4066
group_17099	45	0	0.0000	0	0.0000	0	0.0000
group_17100	384	5186	13.5052	40	214.2474	20	214.2474
group_17101	393	3138	7.9847	26	136.0716	13	136.0716
group_17102	942	8791	9.3323	68	148.4721	34	148.4721
group_17103	351	2707	7.7123	19	111.3354	9	105.4756
group_17104	831	4005	4.8195	28	69.3017	14	69.3017
group_17105	231	0	0.0000	0	0.0000	0	0.0000
group_17106	393	716	1.8219	6	31.4011	3	31.4011
group_17107	162	0	0.0000	0	0.0000	0	0.0000
group_17108	729	0	0.0000	0	0.0000	0	0.0000
group_17109	360	21222	58.9500	164	936.9753	82	936.9753
group_17110	324	212	0.6543	2	12.6961	1	12.6961
group_17111	876	604	0.6895	4	9.3917	2	9.3917
group_17112	333	302	0.9069	2	12.3530	1	12.3530
group_17113	270	0	0.0000	0	0.0000	0	0.0000
group_17114	330	0	0.0000	0	0.0000	0	0.0000
group_7464	369	714	1.9350	6	33.4435	3	33.4435
group_17115	492	604	1.2276	4	16.7217	2	16.7217
group_17120	1335	43546	32.6187	278	428.3022	139	428.3022
group_17121	1266	302	0.2385	2	3.2492	1	3.2492
group_6978	216	0	0.0000	0	0.0000	0	0.0000
group_17122	1227	17941	14.6218	122	204.5041	61	204.5041
group_2370	762	1738	2.2808	12	32.3902	6	32.3902
group_17124	174	205	1.1782	2	23.6411	1	23.6411
group_13104	825	2265	2.7455	15	37.3959	7	34.9029
group_17125	513	0	0.0000	0	0.0000	0	0.0000
group_17126	942	290	0.3079	2	4.3668	1	4.3668
group_2567	99	0	0.0000	0	0.0000	0	0.0000
group_3349	447	290	0.6488	2	9.2026	1	9.2026
group_17136	441	1486	3.3696	11	51.3028	5	46.6389
group_12750	147	0	0.0000	0	0.0000	0	0.0000
group_17137	1275	11258	8.8298	80	129.0526	40	129.0526
group_17138	183	0	0.0000	0	0.0000	0	0.0000
group_17139	93	186	2.0000	2	44.2317	1	44.2317
group_2920	1143	36751	32.1531	254	457.0611	127	457.0611
group_12820	390	1558	3.9949	13	68.5592	6	63.2854
group_17140	138	0	0.0000	0	0.0000	0	0.0000
group_17141	165	0	0.0000	0	0.0000	0	0.0000
group_17142	531	3876	7.2994	28	108.4552	14	108.4552
group_17143	1068	20041	18.7650	136	261.9114	68	261.9114
group_17151	3939	2098	0.5326	14	7.3102	7	7.3102
group_17152	453	678	1.4967	5	22.7017	2	18.1614
group_17147	435	0	0.0000	0	0.0000	0	0.0000
group_17149	213	0	0.0000	0	0.0000	0	0.0000
group_17146	381	1110	2.9134	8	43.1869	4	43.1869
group_17145	354	156	0.4407	2	11.6202	1	11.6202
group_17150	273	804	2.9451	8	60.2718	4	60.2718
group_17144	336	7781	23.1577	65	397.8880	32	391.7667
group_17148	171	0	0.0000	0	0.0000	0	0.0000
group_13344	153	0	0.0000	0	0.0000	0	0.0000
group_17153	243	0	0.0000	0	0.0000	0	0.0000
group_17156	1197	302	0.2523	2	3.4365	1	3.4365
group_17154	372	0	0.0000	0	0.0000	0	0.0000
group_17174	1113	0	0.0000	0	0.0000	0	0.0000
group_17159	1710	1208	0.7064	8	9.6223	4	9.6223
group_17177	729	276	0.3786	2	5.6427	1	5.6427
group_17173	1041	302	0.2901	2	3.9515	1	3.9515
group_17167	879	462	0.5256	4	9.3596	2	9.3596
group_17183	1377	284	0.2062	2	2.9873	1	2.9873
group_17184	159	0	0.0000	0	0.0000	0	0.0000
group_17171	546	6571	12.0348	51	192.1164	25	188.3494
iscB	1302	68656	52.7312	481	759.8378	240	758.2581
group_17203	336	1774	5.2798	12	73.4563	6	73.4563
group_17202	177	909	5.1356	8	92.9616	4	92.9616
group_17201	570	21749	38.1561	160	577.3404	80	577.3404
group_17191	987	36288	36.7660	248	516.7986	124	516.7986
group_17185	519	0	0.0000	0	0.0000	0	0.0000
group_17196	312	11287	36.1763	86	566.9316	43	566.9316
group_17186	909	18769	20.6480	130	294.1483	65	294.1483
group_17199	441	906	2.0544	6	27.9833	3	27.9833
group_17197	663	4050	6.1086	29	89.9645	14	86.8623
group_17194	546	3176	5.8168	23	86.6407	11	82.8737
group_17192	294	5625	19.1327	46	321.8084	23	321.8084
group_17212	309	1738	5.6246	14	93.1872	7	93.1872
group_17207	264	3246	12.2955	25	194.7704	12	186.9796
group_17198	1632	72397	44.3609	490	617.5367	245	617.5367
group_17211	702	1652	2.3533	11	32.2287	5	29.2988
group_17200	333	4126	12.3904	29	179.1186	14	172.9421
group_17195	1218	21216	17.4187	157	265.1180	78	263.4293
group_17204	261	255	0.9770	2	15.7607	1	15.7607
group_17208	315	0	0.0000	0	0.0000	0	0.0000
group_17205	225	1816	8.0711	14	127.9771	7	127.9771
group_17213	1659	9406	5.6697	70	86.7838	35	86.7838
group_17214	639	6712	10.5039	45	144.8433	22	141.6246
group_17215	975	1829	1.8759	13	27.4237	6	25.3142
group_17217	1515	1345	0.8878	10	13.5761	5	13.5761
group_17216	1653	11516	6.9667	80	99.5414	40	99.5414
group_17227	930	44076	47.3935	313	692.2265	156	690.0149
group_17226	204	2726	13.3627	20	201.6446	10	201.6446
group_17218	222	704	3.1712	6	55.5885	3	55.5885
group_17235	1527	87948	57.5953	606	816.2448	303	816.2448
group_17233	600	2410	4.0167	16	54.8473	8	54.8473
group_17231	735	39392	53.5946	271	758.3484	135	755.5501
group_17220	831	51905	62.4609	357	883.5965	178	881.1215
group_17230	240	3227	13.4458	28	239.9571	14	239.9571
group_17223	762	7238	9.4987	50	134.9590	25	134.9590
group_17237	1323	29696	22.4460	194	301.5982	97	301.5982
group_17240	564	302	0.5355	2	7.2935	1	7.2935
group_17238	465	2494	5.3634	20	88.4634	10	88.4634
group_17239	708	35243	49.7782	250	726.2624	125	726.2624
group_17243	657	294	0.4475	2	6.2611	1	6.2611
group_17244	447	238	0.5324	2	9.2026	1	9.2026
group_17245	198	0	0.0000	0	0.0000	0	0.0000
group_17246	252	834	3.3095	8	65.2944	4	65.2944
group_17247	501	484	0.9661	4	16.4214	2	16.4214
group_17249	525	9989	19.0267	69	270.3190	34	266.4014
group_3405	2382	8673	3.6411	58	50.0810	29	50.0810
group_12867	1152	9920	8.6111	71	126.7631	35	124.9777
group_9956	1443	0	0.0000	0	0.0000	0	0.0000
group_7287	372	0	0.0000	0	0.0000	0	0.0000
group_3954	252	0	0.0000	0	0.0000	0	0.0000
group_7006	624	151	0.2420	1	3.2961	0	0.0000
group_12036	1341	5771	4.3035	42	64.4180	21	64.4180
group_17253	342	222	0.6491	2	12.0279	1	12.0279
group_17254	240	292	1.2167	2	17.1398	1	17.1398
group_17256	333	439	1.3183	3	18.5295	1	12.3530
group_17255	105	0	0.0000	0	0.0000	0	0.0000
group_7723	939	0	0.0000	0	0.0000	0	0.0000
group_3460	1116	0	0.0000	0	0.0000	0	0.0000
group_17257	1086	224	0.2063	2	3.7878	1	3.7878
group_17258	228	0	0.0000	0	0.0000	0	0.0000
group_17259	135	0	0.0000	0	0.0000	0	0.0000
group_17260	213	0	0.0000	0	0.0000	0	0.0000
group_17261	153	0	0.0000	0	0.0000	0	0.0000
group_17262	114	124	1.0877	2	36.0838	1	36.0838
group_17263	213	0	0.0000	0	0.0000	0	0.0000
group_17264	363	696	1.9174	6	33.9963	3	33.9963
group_17266	177	240	1.3559	2	23.2404	1	23.2404
group_12505	312	302	0.9679	2	13.1845	1	13.1845
group_17267	1290	0	0.0000	0	0.0000	0	0.0000
group_12622	834	298	0.3573	2	4.9323	1	4.9323
group_17271	453	3995	8.8190	27	122.5892	13	118.0489
group_17272	183	0	0.0000	0	0.0000	0	0.0000
group_17273	294	1080	3.6735	8	55.9667	4	55.9667
group_17275	1599	1631	1.0200	11	14.1492	5	12.8629
group_17274	498	2042	4.1004	16	66.0811	8	66.0811
group_3760	255	144	0.5647	1	8.0658	0	0.0000
group_12040	168	0	0.0000	0	0.0000	0	0.0000
group_17276	693	2271	3.2771	17	50.4548	8	47.4869
group_17278	1677	8866	5.2868	62	76.0406	31	76.0406
group_4554	417	1432	3.4341	10	49.3231	5	49.3231
group_17279	195	182	0.9333	2	21.0951	1	21.0951
group_3337	729	1208	1.6571	8	22.5709	4	22.5709
group_13110	525	604	1.1505	4	15.6707	2	15.6707
group_17281	210	151	0.7190	1	9.7942	0	0.0000
group_17283	534	975	1.8258	7	26.9615	3	23.1098
group_17284	108	0	0.0000	0	0.0000	0	0.0000
group_17286	105	0	0.0000	0	0.0000	0	0.0000
group_17287	108	0	0.0000	0	0.0000	0	0.0000
group_17290	891	1137	1.2761	8	18.4671	4	18.4671
group_17293	4008	11055	2.7582	76	39.0007	38	39.0007
group_17294	177	0	0.0000	0	0.0000	0	0.0000
group_17295	762	2291	3.0066	16	43.1869	8	43.1869
group_17296	447	151	0.3378	1	4.6013	0	0.0000
group_17298	264	0	0.0000	0	0.0000	0	0.0000
group_17301	513	302	0.5887	2	8.0186	1	8.0186
group_17302	264	168	0.6364	2	15.5816	1	15.5816
group_17303	255	3444	13.5059	27	217.7762	13	209.7104
group_17304	246	0	0.0000	0	0.0000	0	0.0000
group_17305	429	0	0.0000	0	0.0000	0	0.0000
group_17306	117	0	0.0000	0	0.0000	0	0.0000
group_17308	132	0	0.0000	0	0.0000	0	0.0000
group_17310	123	280	2.2764	3	50.1652	1	33.4435
group_17309	1227	46338	37.7653	319	534.7280	159	533.0517
group_17307	543	11538	21.2486	80	303.0240	40	303.0240
group_10149	573	694	1.2112	5	17.9474	2	14.3579
group_17311	216	0	0.0000	0	0.0000	0	0.0000
group_17313	627	302	0.4817	2	6.5607	1	6.5607
group_17314	492	151	0.3069	1	4.1804	0	0.0000
group_17315	201	298	1.4826	2	20.4654	1	20.4654
group_17317	555	0	0.0000	0	0.0000	0	0.0000
group_17323	213	636	2.9859	6	57.9373	3	57.9373
group_17322	198	169	0.8535	2	20.7755	1	20.7755
group_17326	444	0	0.0000	0	0.0000	0	0.0000
group_17325	1056	1510	1.4299	10	19.4770	5	19.4770
group_2677	270	0	0.0000	0	0.0000	0	0.0000
group_5047	408	3797	9.3064	29	146.1924	14	141.1512
group_17327	108	0	0.0000	0	0.0000	0	0.0000
group_4514	243	462	1.9012	4	33.8564	2	33.8564
group_17328	648	424	0.6543	4	12.6961	2	12.6961
group_17329	264	146	0.5530	2	15.5816	1	15.5816
group_10032	189	233	1.2328	2	21.7648	1	21.7648
group_17331	207	0	0.0000	0	0.0000	0	0.0000
group_17330	453	604	1.3333	4	18.1614	2	18.1614
group_4512	243	151	0.6214	1	8.4641	0	0.0000
group_17332	192	151	0.7865	1	10.7124	0	0.0000
group_4137	249	952	3.8233	7	57.8210	3	49.5608
group_17333	2058	0	0.0000	0	0.0000	0	0.0000
group_17335	1947	0	0.0000	0	0.0000	0	0.0000
group_17337	237	0	0.0000	0	0.0000	0	0.0000
group_17340	1512	453	0.2996	3	4.0809	1	2.7206
group_17341	804	599	0.7450	4	10.2327	2	10.2327
group_6405	223	143	0.6413	1	9.2232	0	0.0000
group_17343	273	141	0.5165	1	7.5340	0	0.0000
group_17342	606	302	0.4983	2	6.7880	1	6.7880
group_17345	378	302	0.7989	2	10.8824	1	10.8824
group_17347	318	0	0.0000	0	0.0000	0	0.0000
group_17348	117	0	0.0000	0	0.0000	0	0.0000
group_17349	492	1914	3.8902	13	54.3457	6	50.1652
group_17353	594	0	0.0000	0	0.0000	0	0.0000
group_17354	111	0	0.0000	0	0.0000	0	0.0000
group_17358	741	0	0.0000	0	0.0000	0	0.0000
group_17359	300	151	0.5033	1	6.8559	0	0.0000
group_3829	435	0	0.0000	0	0.0000	0	0.0000
group_154	8355	0	0.0000	0	0.0000	0	0.0000
group_4711	1971	0	0.0000	0	0.0000	0	0.0000
group_1942	282	0	0.0000	0	0.0000	0	0.0000
group_17360	315	128	0.4063	2	13.0589	1	13.0589
group_17361	240	0	0.0000	0	0.0000	0	0.0000
group_17362	1746	24311	13.9238	161	189.6568	80	188.4788
group_17363	1401	1951	1.3926	13	19.0850	6	17.6169
group_3213	450	0	0.0000	0	0.0000	0	0.0000
group_6156	645	4049	6.2775	29	92.4752	14	89.2864
group_14211	1254	12424	9.9075	93	152.5360	46	150.8958
group_6665	633	4068	6.4265	27	87.7297	13	84.4805
group_12811	159	0	0.0000	0	0.0000	0	0.0000
group_4967	285	898	3.1509	6	43.3005	3	43.3005
group_4167	426	0	0.0000	0	0.0000	0	0.0000
group_10276	339	0	0.0000	0	0.0000	0	0.0000
group_5467	591	0	0.0000	0	0.0000	0	0.0000
group_2707	462	0	0.0000	0	0.0000	0	0.0000
group_5591	1005	302	0.3005	2	4.0931	1	4.0931
group_17364	99	0	0.0000	0	0.0000	0	0.0000
group_17365	330	151	0.4576	1	6.2327	0	0.0000
group_17367	753	0	0.0000	0	0.0000	0	0.0000
group_280	292	797	2.7295	8	56.3500	4	56.3500
group_4513	243	151	0.6214	1	8.4641	0	0.0000
group_6888	378	0	0.0000	0	0.0000	0	0.0000
group_14529	1242	442	0.3559	4	6.6241	2	6.6241
group_17368	1392	1338	0.9612	11	16.2533	5	14.7757
group_14942	2994	302	0.1009	2	1.3739	1	1.3739
group_14939	180	0	0.0000	0	0.0000	0	0.0000
group_14927	945	151	0.1598	1	2.1765	0	0.0000
group_13352	303	0	0.0000	0	0.0000	0	0.0000
group_12302	165	0	0.0000	0	0.0000	0	0.0000
group_5538	231	0	0.0000	0	0.0000	0	0.0000
group_826	132	426	3.2273	4	62.3265	2	62.3265
group_4681	1044	632	0.6054	5	9.8505	2	7.8804
group_2678	270	292	1.0815	2	15.2354	1	15.2354
group_4291	246	399	1.6220	3	25.0826	1	16.7217
group_17369	390	453	1.1615	3	15.8213	1	10.5476
group_17371	705	1052	1.4922	7	20.4219	3	17.5045
group_17370	729	453	0.6214	3	8.4641	1	5.6427
group_3925	708	0	0.0000	0	0.0000	0	0.0000
group_5886	651	301	0.4624	2	6.3188	1	6.3188
group_4557	417	892	2.1391	6	29.5939	3	29.5939
group_1488	126	0	0.0000	0	0.0000	0	0.0000
group_17372	414	644	1.5556	5	24.8403	2	19.8722
group_1524	486	0	0.0000	0	0.0000	0	0.0000
group_2942	741	0	0.0000	0	0.0000	0	0.0000
group_6398	387	0	0.0000	0	0.0000	0	0.0000
group_3003	738	1271	1.7222	9	25.0826	4	22.2957
group_3141	1131	302	0.2670	2	3.6371	1	3.6371
group_196	138	0	0.0000	0	0.0000	0	0.0000
group_3343	2415	618	0.2559	6	5.1100	3	5.1100
group_7447	1587	0	0.0000	0	0.0000	0	0.0000
group_3332	789	0	0.0000	0	0.0000	0	0.0000
group_6019	648	0	0.0000	0	0.0000	0	0.0000
group_5539	231	0	0.0000	0	0.0000	0	0.0000
group_4990	486	0	0.0000	0	0.0000	0	0.0000
group_2445	468	0	0.0000	0	0.0000	0	0.0000
group_7943	363	0	0.0000	0	0.0000	0	0.0000
group_3210	2472	604	0.2443	4	3.3281	2	3.3281
group_2680	270	0	0.0000	0	0.0000	0	0.0000
group_9006	198	0	0.0000	0	0.0000	0	0.0000
group_10038	189	0	0.0000	0	0.0000	0	0.0000
group_6407	222	0	0.0000	0	0.0000	0	0.0000
group_4755	240	0	0.0000	0	0.0000	0	0.0000
group_286	498	0	0.0000	0	0.0000	0	0.0000
group_11535	324	0	0.0000	0	0.0000	0	0.0000
group_13431	519	0	0.0000	0	0.0000	0	0.0000
group_10662	567	0	0.0000	0	0.0000	0	0.0000
group_10373	186	0	0.0000	0	0.0000	0	0.0000
group_16665	162	0	0.0000	0	0.0000	0	0.0000
group_16664	1161	302	0.2601	2	3.5431	1	3.5431
group_7434	615	604	0.9821	4	13.3774	2	13.3774
group_7207	1608	0	0.0000	0	0.0000	0	0.0000
group_9309	585	302	0.5162	2	7.0317	1	7.0317
group_9008	198	0	0.0000	0	0.0000	0	0.0000
group_7598	1575	0	0.0000	0	0.0000	0	0.0000
group_9038	912	302	0.3311	2	4.5105	1	4.5105
group_193	138	0	0.0000	0	0.0000	0	0.0000
group_11764	171	132	0.7719	2	24.0558	1	24.0558
group_8638	201	0	0.0000	0	0.0000	0	0.0000
group_17373	423	368	0.8700	3	14.5871	1	9.7247
group_13356	303	0	0.0000	0	0.0000	0	0.0000
group_17376	1032	591	0.5727	4	7.9720	2	7.9720
group_17375	453	453	1.0000	3	13.6210	1	9.0807
group_17374	732	1208	1.6503	8	22.4784	4	22.4784
group_17377	1170	2499	2.1359	18	31.6427	9	31.6427
group_4139	249	0	0.0000	0	0.0000	0	0.0000
group_11765	171	0	0.0000	0	0.0000	0	0.0000
group_829	132	0	0.0000	0	0.0000	0	0.0000
group_10850	876	278	0.3174	2	4.6958	1	4.6958
group_3599	441	0	0.0000	0	0.0000	0	0.0000
group_8495	1518	0	0.0000	0	0.0000	0	0.0000
group_9148	1488	0	0.0000	0	0.0000	0	0.0000
group_9879	894	0	0.0000	0	0.0000	0	0.0000
group_11109	870	0	0.0000	0	0.0000	0	0.0000
group_13609	516	0	0.0000	0	0.0000	0	0.0000
group_732	288	302	1.0486	2	14.2832	1	14.2832
group_3223	2469	0	0.0000	0	0.0000	0	0.0000
group_13933	147	174	1.1837	2	27.9833	1	27.9833
group_6015	648	302	0.4660	2	6.3481	1	6.3481
group_3995	207	549	2.6522	6	59.6167	3	59.6167
group_1161	129	0	0.0000	0	0.0000	0	0.0000
group_6408	222	207	0.9324	2	18.5295	1	18.5295
group_14200	144	138	0.9583	2	28.5663	1	28.5663
group_11791	321	579	1.8037	4	25.6296	2	25.6296
group_12367	840	259	0.3083	3	7.3456	1	4.8971
group_5831	228	0	0.0000	0	0.0000	0	0.0000
group_12303	165	0	0.0000	0	0.0000	0	0.0000
group_13697	300	0	0.0000	0	0.0000	0	0.0000
group_6147	225	0	0.0000	0	0.0000	0	0.0000
group_5808	396	0	0.0000	0	0.0000	0	0.0000
group_4843	411	302	0.7348	2	10.0086	1	10.0086
group_9693	192	0	0.0000	0	0.0000	0	0.0000
group_4515	243	755	3.1070	5	42.3205	2	33.8564
group_6553	384	0	0.0000	0	0.0000	0	0.0000
group_5628	657	0	0.0000	0	0.0000	0	0.0000
group_12744	1311	556	0.4241	4	6.2754	2	6.2754
group_14033	1260	151	0.1198	1	1.6324	0	0.0000
group_5448	1833	1208	0.6590	8	8.9767	4	8.9767
group_12799	1308	302	0.2309	2	3.1449	1	3.1449
group_2888	267	453	1.6966	3	23.1098	1	15.4066
group_5048	408	552	1.3529	4	20.1645	2	20.1645
group_17378	273	0	0.0000	0	0.0000	0	0.0000
group_17381	705	151	0.2142	1	2.9174	0	0.0000
group_17382	468	0	0.0000	0	0.0000	0	0.0000
group_17379	312	0	0.0000	0	0.0000	0	0.0000
group_17380	288	0	0.0000	0	0.0000	0	0.0000
group_17383	2244	0	0.0000	0	0.0000	0	0.0000
group_11834	546	1405	2.5733	10	37.6699	5	37.6699
group_1181	489	0	0.0000	0	0.0000	0	0.0000
group_4261	423	0	0.0000	0	0.0000	0	0.0000
group_2835	2688	302	0.1124	2	1.5303	1	1.5303
group_10983	180	0	0.0000	0	0.0000	0	0.0000
group_2137	1188	0	0.0000	0	0.0000	0	0.0000
group_3762	255	210	0.8235	2	16.1316	1	16.1316
group_9696	192	0	0.0000	0	0.0000	0	0.0000
group_3500	2349	0	0.0000	0	0.0000	0	0.0000
group_17384	396	0	0.0000	0	0.0000	0	0.0000
group_12511	312	0	0.0000	0	0.0000	0	0.0000
group_2422	105	0	0.0000	0	0.0000	0	0.0000
group_7957	207	520	2.5121	4	39.7444	2	39.7444
group_3464	1116	0	0.0000	0	0.0000	0	0.0000
group_3005	738	0	0.0000	0	0.0000	0	0.0000
group_10694	183	0	0.0000	0	0.0000	0	0.0000
group_11496	174	0	0.0000	0	0.0000	0	0.0000
group_6554	384	0	0.0000	0	0.0000	0	0.0000
group_13606	516	151	0.2926	1	3.9860	0	0.0000
group_17386	1608	305	0.1897	2	2.5582	1	2.5582
group_17385	747	2733	3.6586	19	52.3142	9	49.5608
group_17387	1491	6485	4.3494	45	62.0757	22	60.6962
group_3420	1119	1714	1.5317	12	22.0566	6	22.0566
group_3480	444	0	0.0000	0	0.0000	0	0.0000
group_10376	186	0	0.0000	0	0.0000	0	0.0000
group_4951	129	0	0.0000	0	0.0000	0	0.0000
group_2188	114	0	0.0000	0	0.0000	0	0.0000
group_13671	150	439	2.9267	4	54.8473	2	54.8473
group_12389	537	0	0.0000	0	0.0000	0	0.0000
group_476	792	453	0.5720	3	7.7908	1	5.1939
group_4966	1029	302	0.2935	2	3.9976	1	3.9976
group_17388	270	0	0.0000	0	0.0000	0	0.0000
group_12304	165	621	3.7636	5	62.3265	2	49.8612
group_17389	201	152	0.7562	2	20.4654	1	20.4654
group_17390	204	0	0.0000	0	0.0000	0	0.0000
group_5833	228	846	3.7105	10	90.2094	5	90.2094
group_2702	750	0	0.0000	0	0.0000	0	0.0000
group_5267	234	151	0.6453	1	8.7896	0	0.0000
group_14463	141	0	0.0000	0	0.0000	0	0.0000
group_2103	279	300	1.0753	2	14.7439	1	14.7439
group_3546	258	151	0.5853	1	7.9720	0	0.0000
group_2096	117	0	0.0000	0	0.0000	0	0.0000
group_17396	624	0	0.0000	0	0.0000	0	0.0000
group_17391	111	222	2.0000	2	37.0590	1	37.0590
group_17397	342	3874	11.3275	27	162.3770	13	156.3630
group_17392	186	1467	7.8871	13	143.7531	6	132.6952
group_17399	108	0	0.0000	0	0.0000	0	0.0000
group_17393	204	4340	21.2745	34	342.7959	17	342.7959
group_17395	324	5560	17.1605	42	266.6190	21	266.6190
group_17398	267	9519	35.6517	73	562.3393	36	554.6360
group_17394	156	0	0.0000	0	0.0000	0	0.0000
group_17400	747	4747	6.3548	33	90.8616	16	88.1082
group_17401	264	0	0.0000	0	0.0000	0	0.0000
group_6150	225	0	0.0000	0	0.0000	0	0.0000
group_13364	819	0	0.0000	0	0.0000	0	0.0000
group_8139	930	800	0.8602	6	13.2695	3	13.2695
group_2189	114	0	0.0000	0	0.0000	0	0.0000
group_4053	429	3541	8.2541	26	124.6530	13	124.6530
group_8837	354	700	1.9774	8	46.4808	4	46.4808
group_3613	2307	7247	3.1413	50	44.5768	25	44.5768
group_2818	459	755	1.6449	5	22.4050	2	17.9240
group_10847	333	0	0.0000	0	0.0000	0	0.0000
group_17403	1446	2487	1.7199	17	24.1806	8	22.7582
group_17402	216	151	0.6991	1	9.5221	0	0.0000
group_17404	789	1375	1.7427	11	28.6749	5	26.0681
group_11686	549	0	0.0000	0	0.0000	0	0.0000
group_17405	6531	3692	0.5653	26	8.1880	13	8.1880
group_9698	192	0	0.0000	0	0.0000	0	0.0000
group_2424	105	0	0.0000	0	0.0000	0	0.0000
group_5542	231	0	0.0000	0	0.0000	0	0.0000
group_1791	123	168	1.3659	2	33.4435	1	33.4435
group_12572	162	0	0.0000	0	0.0000	0	0.0000
group_5885	1761	27890	15.8376	192	224.2481	96	224.2481
group_17408	141	0	0.0000	0	0.0000	0	0.0000
group_17406	552	0	0.0000	0	0.0000	0	0.0000
group_17407	4719	194	0.0411	2	0.8717	1	0.8717
group_9513	582	0	0.0000	0	0.0000	0	0.0000
group_7956	363	0	0.0000	0	0.0000	0	0.0000
group_10384	186	411	2.2097	4	44.2317	2	44.2317
group_10383	186	277	1.4892	2	22.1159	1	22.1159
group_11768	171	262	1.5322	2	24.0558	1	24.0558
group_5786	999	4838	4.8428	34	70.0004	17	70.0004
group_17409	678	2644	3.8997	18	54.6046	9	54.6046
group_17411	345	145	0.4203	1	5.9617	0	0.0000
group_17410	264	88	0.3333	1	7.7908	0	0.0000
group_17413	711	1355	1.9058	9	26.0351	4	23.1423
group_17412	921	604	0.6558	4	8.9328	2	8.9328
group_17414	1533	4869	3.1761	35	46.9583	17	45.6167
group_17416	375	0	0.0000	0	0.0000	0	0.0000
group_4294	246	0	0.0000	0	0.0000	0	0.0000
group_6033	354	0	0.0000	0	0.0000	0	0.0000
group_13673	150	0	0.0000	0	0.0000	0	0.0000
group_6987	216	0	0.0000	0	0.0000	0	0.0000
group_4811	678	302	0.4454	2	6.0672	1	6.0672
group_5543	231	236	1.0216	2	17.8076	1	17.8076
group_12812	309	0	0.0000	0	0.0000	0	0.0000
group_2481	273	146	0.5348	2	15.0679	1	15.0679
group_5270	234	0	0.0000	0	0.0000	0	0.0000
group_7959	207	151	0.7295	1	9.9361	0	0.0000
group_14466	141	0	0.0000	0	0.0000	0	0.0000
group_14467	141	0	0.0000	0	0.0000	0	0.0000
group_2569	99	0	0.0000	0	0.0000	0	0.0000
group_13610	516	0	0.0000	0	0.0000	0	0.0000
group_918	786	0	0.0000	0	0.0000	0	0.0000
group_12988	828	0	0.0000	0	0.0000	0	0.0000
group_11793	321	0	0.0000	0	0.0000	0	0.0000
group_10959	1392	0	0.0000	0	0.0000	0	0.0000
group_4456	2040	0	0.0000	0	0.0000	0	0.0000
group_13434	519	0	0.0000	0	0.0000	0	0.0000
group_9384	348	0	0.0000	0	0.0000	0	0.0000
group_3348	261	0	0.0000	0	0.0000	0	0.0000
group_9966	342	0	0.0000	0	0.0000	0	0.0000
group_3216	450	0	0.0000	0	0.0000	0	0.0000
group_3079	453	1435	3.1678	10	45.4034	5	45.4034
group_2097	117	0	0.0000	0	0.0000	0	0.0000
group_3958	252	4144	16.4444	29	236.6924	14	228.5306
group_14452	294	138	0.4694	2	13.9917	1	13.9917
group_12043	168	0	0.0000	0	0.0000	0	0.0000
group_199	138	0	0.0000	0	0.0000	0	0.0000
group_16876	1062	496	0.4670	4	7.7468	2	7.7468
group_4558	417	0	0.0000	0	0.0000	0	0.0000
group_1166	129	56	0.4341	2	31.8880	1	31.8880
group_17419	1071	2937	2.7423	23	44.1698	11	42.2493
group_17417	1212	15115	12.4711	102	173.0949	51	173.0949
group_17418	699	302	0.4320	2	5.8849	1	5.8849
group_6727	219	656	2.9954	5	46.9583	2	37.5667
group_6411	222	0	0.0000	0	0.0000	0	0.0000
group_1497	126	0	0.0000	0	0.0000	0	0.0000
group_5834	228	0	0.0000	0	0.0000	0	0.0000
group_5271	234	0	0.0000	0	0.0000	0	0.0000
group_6556	384	151	0.3932	1	5.3562	0	0.0000
group_12306	165	823	4.9879	8	99.7224	4	99.7224
group_2685	270	0	0.0000	0	0.0000	0	0.0000
group_2105	279	807	2.8925	6	44.2317	3	44.2317
group_13698	300	586	1.9533	4	27.4237	2	27.4237
group_8299	204	395	1.9363	3	30.2467	1	20.1645
group_7605	210	632	3.0095	5	48.9708	2	39.1767
group_13676	150	282	1.8800	2	27.4237	1	27.4237
group_742	288	0	0.0000	0	0.0000	0	0.0000
group_1947	282	100	0.3546	2	14.5871	1	14.5871
group_8298	204	0	0.0000	0	0.0000	0	0.0000
group_2493	102	0	0.0000	0	0.0000	0	0.0000
group_12307	165	102	0.6182	2	24.9306	1	24.9306
group_4295	246	0	0.0000	0	0.0000	0	0.0000
group_3835	435	0	0.0000	0	0.0000	0	0.0000
group_13248	822	0	0.0000	0	0.0000	0	0.0000
group_17421	291	0	0.0000	0	0.0000	0	0.0000
group_17422	342	0	0.0000	0	0.0000	0	0.0000
group_5835	228	301	1.3202	2	18.0419	1	18.0419
group_4560	417	0	0.0000	0	0.0000	0	0.0000
group_17427	4191	0	0.0000	0	0.0000	0	0.0000
group_17426	2223	507	0.2281	4	3.7009	2	3.7009
group_17425	540	757	1.4019	6	22.8531	3	22.8531
group_7961	207	0	0.0000	0	0.0000	0	0.0000
group_11769	171	0	0.0000	0	0.0000	0	0.0000
group_3766	255	0	0.0000	0	0.0000	0	0.0000
group_9015	198	0	0.0000	0	0.0000	0	0.0000
group_13061	306	310	1.0131	2	13.4430	1	13.4430
group_13348	153	0	0.0000	0	0.0000	0	0.0000
group_17428	210	0	0.0000	0	0.0000	0	0.0000
group_17429	333	3409	10.2372	25	154.4125	12	148.2360
group_11795	321	0	0.0000	0	0.0000	0	0.0000
group_9388	348	151	0.4339	1	5.9103	0	0.0000
group_17432	390	0	0.0000	0	0.0000	0	0.0000
group_17430	1773	453	0.2555	3	3.4802	1	2.3201
group_17433	900	4706	5.2289	35	79.9857	17	77.7004
group_17431	360	151	0.4194	1	5.7133	0	0.0000
group_7962	207	0	0.0000	0	0.0000	0	0.0000
group_17434	549	0	0.0000	0	0.0000	0	0.0000
group_17435	426	2014	4.7277	14	67.5935	7	67.5935
group_17436	666	4020	6.0360	27	83.3828	13	80.2945
group_17437	162	0	0.0000	0	0.0000	0	0.0000
group_12044	168	0	0.0000	0	0.0000	0	0.0000
group_17439	618	11640	18.8350	85	282.8898	42	279.5617
group_17442	687	9427	13.7220	65	194.6003	32	191.6064
group_17444	804	3352	4.1692	20	51.1636	10	51.1636
group_9703	192	302	1.5729	2	21.4247	1	21.4247
group_17446	183	0	0.0000	0	0.0000	0	0.0000
group_17448	1119	1356	1.2118	9	16.5424	4	14.7044
group_17447	627	906	1.4450	6	19.6821	3	19.6821
group_6412	222	0	0.0000	0	0.0000	0	0.0000
group_10040	189	0	0.0000	0	0.0000	0	0.0000
group_17449	1059	0	0.0000	0	0.0000	0	0.0000
group_17450	156	0	0.0000	0	0.0000	0	0.0000
group_16605	2064	2965	1.4365	21	20.9265	10	19.9300
group_16610	627	1895	3.0223	14	45.9248	7	45.9248
group_17461	189	476	2.5185	4	43.5296	2	43.5296
group_12814	159	0	0.0000	0	0.0000	0	0.0000
group_10281	339	0	0.0000	0	0.0000	0	0.0000
group_1532	486	0	0.0000	0	0.0000	0	0.0000
group_17468	336	0	0.0000	0	0.0000	0	0.0000
group_17467	309	0	0.0000	0	0.0000	0	0.0000
group_17470	738	756	1.0244	5	13.9348	2	11.1478
rPT1	573	28420	49.5986	198	710.7181	99	710.7181
group_4170	426	9537	22.3873	68	328.3115	34	328.3115
group_12815	309	14697	47.5631	104	692.2479	52	692.2479
group_5248	405	7982	19.7086	56	284.3936	28	284.3936
group_244	795	604	0.7597	4	10.3486	2	10.3486
group_17471	213	0	0.0000	0	0.0000	0	0.0000
group_17473	420	490	1.1667	3	14.6913	1	9.7942
group_10044	189	227	1.2011	2	21.7648	1	21.7648
group_13094	156	0	0.0000	0	0.0000	0	0.0000
group_17474	150	0	0.0000	0	0.0000	0	0.0000
group_17475	690	0	0.0000	0	0.0000	0	0.0000
group_8304	204	2767	13.5637	20	201.6446	10	201.6446
group_17476	171	284	1.6608	2	24.0558	1	24.0558
group_2100	117	0	0.0000	0	0.0000	0	0.0000
group_17477	135	547	4.0519	6	91.4122	3	91.4122
group_17478	96	0	0.0000	0	0.0000	0	0.0000
group_17479	162	0	0.0000	0	0.0000	0	0.0000
group_4561	417	0	0.0000	0	0.0000	0	0.0000
group_8251	360	0	0.0000	0	0.0000	0	0.0000
group_14471	141	0	0.0000	0	0.0000	0	0.0000
group_2440	1173	442	0.3768	4	7.0137	2	7.0137
group_17480	345	438	1.2696	4	23.8467	2	23.8467
group_8648	201	0	0.0000	0	0.0000	0	0.0000
group_17481	900	4889	5.4322	33	75.4151	16	73.1298
group_1906	1197	10626	8.8772	73	125.4341	36	123.7158
group_7951	363	209	0.5758	2	11.3321	1	11.3321
group_2425	105	0	0.0000	0	0.0000	0	0.0000
group_17482	273	279	1.0220	2	15.0679	1	15.0679
group_17484	225	191	0.8489	2	18.2824	1	18.2824
group_17486	93	0	0.0000	0	0.0000	0	0.0000
group_11804	321	730	2.2741	5	32.0370	2	25.6296
group_3768	255	0	0.0000	0	0.0000	0	0.0000
group_17487	426	0	0.0000	0	0.0000	0	0.0000
group_17488	534	0	0.0000	0	0.0000	0	0.0000
group_17452	1077	7027	6.5246	47	89.7571	23	87.8474
group_17453	426	1790	4.2019	12	57.9373	6	57.9373
group_4055	429	1452	3.3846	14	67.1209	7	67.1209
group_834	132	0	0.0000	0	0.0000	0	0.0000
group_13462	762	423	0.5551	4	10.7967	2	10.7967
group_13109	525	0	0.0000	0	0.0000	0	0.0000
group_17490	978	0	0.0000	0	0.0000	0	0.0000
group_13856	1266	53274	42.0806	375	609.2343	187	607.6097
group_17491	162	0	0.0000	0	0.0000	0	0.0000
group_17493	93	0	0.0000	0	0.0000	0	0.0000
group_17494	174	0	0.0000	0	0.0000	0	0.0000
group_17495	432	2701	6.2523	18	85.6990	9	85.6990
group_17497	153	144	0.9412	1	13.4430	0	0.0000
group_17498	198	0	0.0000	0	0.0000	0	0.0000
group_17499	438	188	0.4292	2	9.3917	1	9.3917
group_9685	579	0	0.0000	0	0.0000	0	0.0000
group_17500	1788	1208	0.6756	8	9.2026	4	9.2026
group_17501	543	6349	11.6924	46	174.2388	23	174.2388
group_17503	360	1615	4.4861	12	68.5592	6	68.5592
group_17504	312	0	0.0000	0	0.0000	0	0.0000
group_17505	1833	13783	7.5194	97	108.8419	48	107.7198
group_8306	204	451	2.2108	3	30.2467	1	20.1645
group_17506	226	392	1.7345	4	36.4031	2	36.4031
group_17507	1680	17417	10.3673	117	143.2397	58	142.0154
group_17508	180	6620	36.7778	51	582.7530	25	571.3264
group_1950	282	765	2.7128	6	43.7612	3	43.7612
group_8418	597	954	1.5980	8	27.5615	4	27.5615
group_17511	204	151	0.7402	1	10.0822	0	0.0000
group_3222	732	0	0.0000	0	0.0000	0	0.0000
group_4297	246	214	0.8699	2	16.7217	1	16.7217
group_204	138	0	0.0000	0	0.0000	0	0.0000
group_11383	1371	1301	0.9489	11	16.5022	5	15.0020
group_6792	630	0	0.0000	0	0.0000	0	0.0000
group_11032	561	0	0.0000	0	0.0000	0	0.0000
group_13095	156	0	0.0000	0	0.0000	0	0.0000
group_6020	648	0	0.0000	0	0.0000	0	0.0000
group_17443	1158	64687	55.8610	477	847.2209	238	845.4447
group_17512	1044	11615	11.1255	82	161.5475	41	161.5475
group_17513	273	0	0.0000	0	0.0000	0	0.0000
group_17514	153	0	0.0000	0	0.0000	0	0.0000
group_13099	156	0	0.0000	0	0.0000	0	0.0000
group_7611	210	0	0.0000	0	0.0000	0	0.0000
group_17516	183	248	1.3552	2	22.4784	1	22.4784
group_17518	165	0	0.0000	0	0.0000	0	0.0000
group_4385	420	0	0.0000	0	0.0000	0	0.0000
group_10589	336	0	0.0000	0	0.0000	0	0.0000
group_8652	201	708	3.5224	5	51.1636	2	40.9308
group_17524	378	1837	4.8598	13	70.7357	6	65.2944
group_17522	564	0	0.0000	0	0.0000	0	0.0000
group_17523	825	890	1.0788	6	14.9584	3	14.9584
group_2690	270	1707	6.3222	14	106.6476	7	106.6476
group_2483	273	0	0.0000	0	0.0000	0	0.0000
group_12576	162	0	0.0000	0	0.0000	0	0.0000
group_14007	510	0	0.0000	0	0.0000	0	0.0000
group_2101	117	0	0.0000	0	0.0000	0	0.0000
group_12580	162	0	0.0000	0	0.0000	0	0.0000
group_6648	972	755	0.7767	5	10.5801	2	8.4641
group_10703	184	269	1.4620	2	22.3563	1	22.3563
group_12048	168	257	1.5298	2	24.4854	1	24.4854
group_17529	465	4072	8.7570	28	123.8488	14	123.8488
group_17526	162	0	0.0000	0	0.0000	0	0.0000
group_17533	441	2017	4.5737	14	65.2944	7	65.2944
group_17532	291	275	0.9450	2	14.1359	1	14.1359
group_7964	207	0	0.0000	0	0.0000	0	0.0000
group_17534	184	0	0.0000	0	0.0000	0	0.0000
group_17536	1998	6420	3.2132	42	43.2355	21	43.2355
group_17537	270	0	0.0000	0	0.0000	0	0.0000
group_16752	489	0	0.0000	0	0.0000	0	0.0000
group_12584	162	0	0.0000	0	0.0000	0	0.0000
group_17538	540	2137	3.9574	15	57.1326	7	53.3238
group_17539	606	973	1.6056	7	23.7581	3	20.3641
group_17540	132	0	0.0000	0	0.0000	0	0.0000
group_17541	2358	24705	10.4771	165	143.9219	82	143.0497
group_5889	651	1684	2.5868	12	37.9129	6	37.9129
group_13101	156	0	0.0000	0	0.0000	0	0.0000
group_12583	162	0	0.0000	0	0.0000	0	0.0000
group_17544	339	302	0.8909	2	12.1344	1	12.1344
group_288	291	190	0.6529	2	14.1359	1	14.1359
group_17546	258	302	1.1705	2	15.9440	1	15.9440
group_17547	318	152	0.4780	2	12.9357	1	12.9357
group_17548	432	0	0.0000	0	0.0000	0	0.0000
group_1492	126	369	2.9286	4	65.2944	2	65.2944
group_13365	303	0	0.0000	0	0.0000	0	0.0000
group_14456	294	2414	8.2109	19	132.9208	9	125.9250
group_2190	768	5419	7.0560	37	99.0894	18	96.4113
group_14462	294	0	0.0000	0	0.0000	0	0.0000
group_1365	285	0	0.0000	0	0.0000	0	0.0000
group_2765	81	0	0.0000	0	0.0000	0	0.0000
group_5023	237	0	0.0000	0	0.0000	0	0.0000
group_6401	387	578	1.4935	4	21.2587	2	21.2587
group_17549	267	0	0.0000	0	0.0000	0	0.0000
group_4298	246	311	1.2642	4	33.4435	2	33.4435
group_17550	567	3624	6.3915	24	87.0593	12	87.0593
group_17551	420	1565	3.7262	11	53.8679	5	48.9708
group_17157	1089	56858	52.2112	393	742.2522	196	740.3635
group_17161	1029	41654	40.4801	284	567.6619	142	567.6619
group_17158	402	1065	2.6493	8	40.9308	4	40.9308
group_17179	2724	89775	32.9570	616	465.1151	308	465.1151
group_17206	2028	302	0.1489	2	2.0284	1	2.0284
group_17189	807	0	0.0000	0	0.0000	0	0.0000
group_17552	120	0	0.0000	0	0.0000	0	0.0000
group_17553	129	0	0.0000	0	0.0000	0	0.0000
group_17178	996	453	0.4548	3	6.1951	1	4.1301
group_17554	99	0	0.0000	0	0.0000	0	0.0000
group_17555	405	230	0.5679	2	10.1569	1	10.1569
group_17556	279	0	0.0000	0	0.0000	0	0.0000
group_15850	165	0	0.0000	0	0.0000	0	0.0000
group_17557	219	0	0.0000	0	0.0000	0	0.0000
group_17558	252	0	0.0000	0	0.0000	0	0.0000
group_2808	498	0	0.0000	0	0.0000	0	0.0000
group_17559	189	166	0.8783	2	21.7648	1	21.7648
group_14920	312	1721	5.5160	14	92.2912	7	92.2912
group_17560	252	0	0.0000	0	0.0000	0	0.0000
group_17561	243	0	0.0000	0	0.0000	0	0.0000
group_17562	888	630	0.7095	6	13.8971	3	13.8971
group_3837	435	0	0.0000	0	0.0000	0	0.0000
group_17563	795	0	0.0000	0	0.0000	0	0.0000
group_17567	576	3859	6.6997	28	99.9821	14	99.9821
group_17566	1995	21186	10.6195	147	151.5519	73	150.5209
group_17564	630	151	0.2397	1	3.2647	0	0.0000
group_17565	1455	0	0.0000	0	0.0000	0	0.0000
group_10054	891	0	0.0000	0	0.0000	0	0.0000
group_6562	384	0	0.0000	0	0.0000	0	0.0000
group_2802	747	0	0.0000	0	0.0000	0	0.0000
group_13370	819	151	0.1844	1	2.5113	0	0.0000
group_4360	132	196	1.4848	2	31.1633	1	31.1633
group_17568	1389	0	0.0000	0	0.0000	0	0.0000
group_1998	3369	19625	5.8252	132	80.5860	66	80.5860
group_17571	1026	13240	12.9045	93	186.4328	46	184.4282
group_17572	1344	0	0.0000	0	0.0000	0	0.0000
group_17569	375	0	0.0000	0	0.0000	0	0.0000
group_17570	1461	0	0.0000	0	0.0000	0	0.0000
group_6022	648	296	0.4568	2	6.3481	1	6.3481
group_7573	1578	0	0.0000	0	0.0000	0	0.0000
group_17573	351	151	0.4302	1	5.8598	0	0.0000
group_17574	264	754	2.8561	5	38.9541	2	31.1633
group_17575	165	0	0.0000	0	0.0000	0	0.0000
group_17578	777	151	0.1943	1	2.6471	0	0.0000
group_17576	1083	0	0.0000	0	0.0000	0	0.0000
group_17579	162	573	3.5370	5	63.4807	2	50.7846
group_17577	126	429	3.4048	7	114.2653	3	97.9417
group_17580	255	1115	4.3725	8	64.5263	4	64.5263
group_17581	1206	3594	2.9801	23	39.2254	11	37.5199
group_11222	177	0	0.0000	0	0.0000	0	0.0000
group_17582	204	0	0.0000	0	0.0000	0	0.0000
group_1368	285	0	0.0000	0	0.0000	0	0.0000
group_17583	213	588	2.7606	5	48.2811	2	38.6249
group_9025	198	301	1.5202	2	20.7755	1	20.7755
group_2770	54	0	0.0000	0	0.0000	0	0.0000
group_9392	195	0	0.0000	0	0.0000	0	0.0000
group_4146	249	860	3.4538	7	57.8210	3	49.5608
group_15977	186	589	3.1667	4	44.2317	2	44.2317
group_10854	333	1158	3.4775	9	55.5885	4	49.4120
group_17585	126	0	0.0000	0	0.0000	0	0.0000
group_17586	243	0	0.0000	0	0.0000	0	0.0000
group_17587	489	1361	2.7832	10	42.0608	5	42.0608
group_17588	225	151	0.6711	1	9.1412	0	0.0000
group_8255	360	0	0.0000	0	0.0000	0	0.0000
group_17589	603	0	0.0000	0	0.0000	0	0.0000
group_13261	522	302	0.5785	2	7.8804	1	7.8804
group_17590	174	0	0.0000	0	0.0000	0	0.0000
group_17591	264	0	0.0000	0	0.0000	0	0.0000
group_17592	444	0	0.0000	0	0.0000	0	0.0000
group_2385	1176	4295	3.6522	31	54.2177	15	52.4688
group_6807	966	6559	6.7899	45	95.8125	22	93.6833
group_8311	204	0	0.0000	0	0.0000	0	0.0000
group_17593	291	0	0.0000	0	0.0000	0	0.0000
group_17594	1284	302	0.2352	2	3.2037	1	3.2037
group_17595	228	0	0.0000	0	0.0000	0	0.0000
group_708	789	0	0.0000	0	0.0000	0	0.0000
group_7178	621	0	0.0000	0	0.0000	0	0.0000
group_11779	171	0	0.0000	0	0.0000	0	0.0000
group_6164	645	0	0.0000	0	0.0000	0	0.0000
group_3527	1113	0	0.0000	0	0.0000	0	0.0000
group_2769	1155	302	0.2615	2	3.5615	1	3.5615
group_17596	726	0	0.0000	0	0.0000	0	0.0000
group_17597	504	0	0.0000	0	0.0000	0	0.0000
group_17598	150	0	0.0000	0	0.0000	0	0.0000
group_7516	1581	453	0.2865	3	3.9028	1	2.6019
group_11971	1155	0	0.0000	0	0.0000	0	0.0000
group_4414	171	0	0.0000	0	0.0000	0	0.0000
group_4416	399	0	0.0000	0	0.0000	0	0.0000
group_706	210	0	0.0000	0	0.0000	0	0.0000
group_788	1218	0	0.0000	0	0.0000	0	0.0000
group_17599	261	446	1.7088	3	23.6411	1	15.7607
group_17600	321	151	0.4704	1	6.4074	0	0.0000
group_17601	1488	1005	0.6754	8	11.0579	4	11.0579
group_17602	327	0	0.0000	0	0.0000	0	0.0000
group_17603	213	0	0.0000	0	0.0000	0	0.0000
group_17604	231	0	0.0000	0	0.0000	0	0.0000
group_17605	564	0	0.0000	0	0.0000	0	0.0000
group_17606	219	0	0.0000	0	0.0000	0	0.0000
group_17607	159	0	0.0000	0	0.0000	0	0.0000
group_17608	870	3198	3.6759	24	56.7386	12	56.7386
group_17610	1416	17253	12.1843	124	180.1131	62	180.1131
group_17615	126	0	0.0000	0	0.0000	0	0.0000
group_17616	129	0	0.0000	0	0.0000	0	0.0000
group_872	174	238	1.3678	2	23.6411	1	23.6411
group_17617	165	0	0.0000	0	0.0000	0	0.0000
group_17618	108	0	0.0000	0	0.0000	0	0.0000
group_2332	471	1782	3.7834	14	61.1356	7	61.1356
group_17619	165	252	1.5273	2	24.9306	1	24.9306
group_17620	93	0	0.0000	0	0.0000	0	0.0000
group_12243	843	1366	1.6204	10	24.3983	5	24.3983
group_17621	528	2214	4.1932	16	62.3265	8	62.3265
group_17622	237	0	0.0000	0	0.0000	0	0.0000
group_17623	945	5327	5.6370	36	78.3533	18	78.3533
group_17625	921	1399	1.5190	10	22.3320	5	22.3320
group_17624	222	150	0.6757	1	9.2648	0	0.0000
group_17627	108	0	0.0000	0	0.0000	0	0.0000
group_17626	918	302	0.3290	2	4.4810	1	4.4810
group_17628	1056	16501	15.6259	118	229.8290	59	229.8290
group_17630	1449	0	0.0000	0	0.0000	0	0.0000
group_1800	123	0	0.0000	0	0.0000	0	0.0000
group_17632	459	0	0.0000	0	0.0000	0	0.0000
group_1139	1197	10551	8.8145	77	132.3072	38	130.5889
group_17633	273	0	0.0000	0	0.0000	0	0.0000
group_17636	621	453	0.7295	3	9.9361	1	6.6241
group_17635	1542	4413	2.8619	31	41.3489	15	40.0151
group_17637	345	0	0.0000	0	0.0000	0	0.0000
group_3354	261	0	0.0000	0	0.0000	0	0.0000
group_17638	195	0	0.0000	0	0.0000	0	0.0000
group_2334	471	0	0.0000	0	0.0000	0	0.0000
group_17639	883	3411	3.8630	23	53.5740	11	51.2447
group_17640	438	453	1.0342	3	14.0875	1	9.3917
group_17641	186	0	0.0000	0	0.0000	0	0.0000
group_17642	127	0	0.0000	0	0.0000	0	0.0000
group_17643	171	0	0.0000	0	0.0000	0	0.0000
group_17644	102	0	0.0000	0	0.0000	0	0.0000
group_17645	120	0	0.0000	0	0.0000	0	0.0000
group_17646	123	217	1.7642	2	33.4435	1	33.4435
group_17648	264	0	0.0000	0	0.0000	0	0.0000
group_17650	2100	1934	0.9210	20	19.5883	10	19.5883
group_17651	471	1480	3.1423	10	43.6683	5	43.6683
group_3552	258	1393	5.3992	11	87.6920	5	79.7200
group_6419	226	0	0.0000	0	0.0000	0	0.0000
group_17652	273	2449	8.9707	18	135.6115	9	135.6115
group_17653	174	0	0.0000	0	0.0000	0	0.0000
group_17654	825	1799	2.1806	12	29.9167	6	29.9167
group_17655	333	897	2.6937	7	43.2355	3	37.0590
group_17656	927	0	0.0000	0	0.0000	0	0.0000
group_17657	219	112	0.5114	2	18.7833	1	18.7833
group_17658	288	0	0.0000	0	0.0000	0	0.0000
group_17659	327	1557	4.7615	12	75.4780	6	75.4780
group_17660	1425	4507	3.1628	30	43.3005	15	43.3005
group_17661	111	0	0.0000	0	0.0000	0	0.0000
group_17662	135	0	0.0000	0	0.0000	0	0.0000
group_17664	630	302	0.4794	2	6.5294	1	6.5294
group_17665	1188	0	0.0000	0	0.0000	0	0.0000
group_17666	429	0	0.0000	0	0.0000	0	0.0000
group_17667	229	0	0.0000	0	0.0000	0	0.0000
group_17668	393	788	2.0051	6	31.4011	3	31.4011
group_3605	441	828	1.8776	6	27.9833	3	27.9833
dnaK	1701	1696	0.9971	14	16.9282	7	16.9282
group_17669	132	0	0.0000	0	0.0000	0	0.0000
group_17670	201	0	0.0000	0	0.0000	0	0.0000
group_17671	1167	0	0.0000	0	0.0000	0	0.0000
group_17672	573	0	0.0000	0	0.0000	0	0.0000
group_1503	126	0	0.0000	0	0.0000	0	0.0000
group_2113	279	0	0.0000	0	0.0000	0	0.0000
group_17673	159	158	0.9937	2	25.8714	1	25.8714
group_13708	300	1042	3.4733	8	54.8473	4	54.8473
group_17677	2859	604	0.2113	4	2.8776	2	2.8776
group_17674	378	0	0.0000	0	0.0000	0	0.0000
group_17675	210	0	0.0000	0	0.0000	0	0.0000
group_17679	648	0	0.0000	0	0.0000	0	0.0000
group_17676	1053	432	0.4103	4	7.8130	2	7.8130
group_17678	336	0	0.0000	0	0.0000	0	0.0000
group_17680	261	79	0.3027	1	7.8804	0	0.0000
group_17681	159	0	0.0000	0	0.0000	0	0.0000
group_17682	270	0	0.0000	0	0.0000	0	0.0000
group_17683	273	0	0.0000	0	0.0000	0	0.0000
group_17684	207	238	1.1498	2	19.8722	1	19.8722
group_17685	255	2707	10.6157	22	177.4473	11	177.4473
group_17686	627	0	0.0000	0	0.0000	0	0.0000
group_17687	138	0	0.0000	0	0.0000	0	0.0000
group_17688	327	0	0.0000	0	0.0000	0	0.0000
group_17689	363	0	0.0000	0	0.0000	0	0.0000
group_17690	216	0	0.0000	0	0.0000	0	0.0000
group_17691	675	0	0.0000	0	0.0000	0	0.0000
group_17692	159	0	0.0000	0	0.0000	0	0.0000
group_17693	189	0	0.0000	0	0.0000	0	0.0000
group_17694	120	0	0.0000	0	0.0000	0	0.0000
group_17695	114	0	0.0000	0	0.0000	0	0.0000
group_17697	429	302	0.7040	2	9.5887	1	9.5887
group_17696	333	0	0.0000	0	0.0000	0	0.0000
group_17698	405	0	0.0000	0	0.0000	0	0.0000
group_17699	147	0	0.0000	0	0.0000	0	0.0000
group_17700	180	0	0.0000	0	0.0000	0	0.0000
group_17701	201	0	0.0000	0	0.0000	0	0.0000
group_17702	495	0	0.0000	0	0.0000	0	0.0000
group_17703	267	225	0.8427	2	15.4066	1	15.4066
group_17704	330	931	2.8212	6	37.3959	3	37.3959
group_2712	93	0	0.0000	0	0.0000	0	0.0000
group_11784	171	0	0.0000	0	0.0000	0	0.0000
group_17707	450	0	0.0000	0	0.0000	0	0.0000
group_17705	666	0	0.0000	0	0.0000	0	0.0000
group_17706	432	0	0.0000	0	0.0000	0	0.0000
group_17708	1053	3544	3.3656	24	46.8781	12	46.8781
group_17709	129	0	0.0000	0	0.0000	0	0.0000
group_17710	1482	0	0.0000	0	0.0000	0	0.0000
group_17711	408	0	0.0000	0	0.0000	0	0.0000
group_17712	264	443	1.6780	4	31.1633	2	31.1633
group_17713	123	0	0.0000	0	0.0000	0	0.0000
group_17714	162	0	0.0000	0	0.0000	0	0.0000
group_17715	450	151	0.3356	1	4.5706	0	0.0000
group_7324	213	0	0.0000	0	0.0000	0	0.0000
group_17716	762	302	0.3963	2	5.3984	1	5.3984
group_17717	2847	0	0.0000	0	0.0000	0	0.0000
group_17718	642	0	0.0000	0	0.0000	0	0.0000
group_17719	189	0	0.0000	0	0.0000	0	0.0000
group_17720	189	0	0.0000	0	0.0000	0	0.0000
group_14194	804	0	0.0000	0	0.0000	0	0.0000
group_6725	969	0	0.0000	0	0.0000	0	0.0000
group_5288	1857	0	0.0000	0	0.0000	0	0.0000
group_3977	1086	0	0.0000	0	0.0000	0	0.0000
group_6999	216	0	0.0000	0	0.0000	0	0.0000
group_17721	111	0	0.0000	0	0.0000	0	0.0000
group_2923	1143	0	0.0000	0	0.0000	0	0.0000
group_17722	237	0	0.0000	0	0.0000	0	0.0000
group_17723	324	0	0.0000	0	0.0000	0	0.0000
group_17724	882	0	0.0000	0	0.0000	0	0.0000
group_17725	510	1499	2.9392	10	40.3289	5	40.3289
group_17726	258	0	0.0000	0	0.0000	0	0.0000
group_17727	5034	1540	0.3059	10	4.0858	5	4.0858
group_14877	105	0	0.0000	0	0.0000	0	0.0000
group_17728	1551	1140	0.7350	6	7.9566	3	7.9566
group_17729	297	0	0.0000	0	0.0000	0	0.0000
group_17730	3447	302	0.0876	2	1.1934	1	1.1934
group_17733	783	0	0.0000	0	0.0000	0	0.0000
group_12633	834	0	0.0000	0	0.0000	0	0.0000
group_9405	195	0	0.0000	0	0.0000	0	0.0000
group_6675	633	0	0.0000	0	0.0000	0	0.0000
group_2102	771	0	0.0000	0	0.0000	0	0.0000
group_4158	1074	0	0.0000	0	0.0000	0	0.0000
group_17734	441	0	0.0000	0	0.0000	0	0.0000
group_17735	162	0	0.0000	0	0.0000	0	0.0000
group_17737	114	0	0.0000	0	0.0000	0	0.0000
group_17736	207	120	0.5797	2	19.8722	1	19.8722
group_17738	252	0	0.0000	0	0.0000	0	0.0000
group_17739	432	557	1.2894	4	19.0442	2	19.0442
group_17740	762	0	0.0000	0	0.0000	0	0.0000
group_17741	141	347	2.4610	4	58.3482	2	58.3482
group_17742	678	0	0.0000	0	0.0000	0	0.0000
group_17743	765	0	0.0000	0	0.0000	0	0.0000
group_17744	99	0	0.0000	0	0.0000	0	0.0000
group_12054	168	0	0.0000	0	0.0000	0	0.0000
group_17745	150	0	0.0000	0	0.0000	0	0.0000
group_17746	2571	8551	3.3259	61	48.7994	30	47.9994
group_7852	606	3058	5.0462	23	78.0624	11	74.6684
group_17747	792	1126	1.4217	8	20.7755	4	20.7755
group_17748	468	0	0.0000	0	0.0000	0	0.0000
group_17750	195	0	0.0000	0	0.0000	0	0.0000
group_17751	168	0	0.0000	0	0.0000	0	0.0000
group_17749	108	0	0.0000	0	0.0000	0	0.0000
group_17752	387	625	1.6150	4	21.2587	2	21.2587
group_17753	603	747	1.2388	5	17.0545	2	13.6436
group_17754	330	0	0.0000	0	0.0000	0	0.0000
group_17755	489	151	0.3088	1	4.2061	0	0.0000
group_17760	159	196	1.2327	2	25.8714	1	25.8714
group_17761	765	714	0.9333	5	13.4430	2	10.7544
group_17762	2745	3852	1.4033	27	20.2306	13	19.4813
group_17763	324	604	1.8642	4	25.3923	2	25.3923
group_3234	138	0	0.0000	0	0.0000	0	0.0000
group_17764	747	1720	2.3025	12	33.0406	6	33.0406
group_17765	696	0	0.0000	0	0.0000	0	0.0000
group_17767	546	302	0.5531	2	7.5340	1	7.5340
group_17766	678	728	1.0737	6	18.2015	3	18.2015
group_9165	351	151	0.4302	1	5.8598	0	0.0000
group_13866	1266	0	0.0000	0	0.0000	0	0.0000
group_17768	681	703	1.0323	5	15.1011	2	12.0809
group_14935	243	151	0.6214	1	8.4641	0	0.0000
group_14929	888	428	0.4820	4	9.2648	2	9.2648
group_12830	159	0	0.0000	0	0.0000	0	0.0000
group_17769	921	2067	2.2443	15	33.4980	7	31.2648
group_17770	777	5653	7.2754	39	103.2358	19	100.5887
group_17771	306	500	1.6340	4	26.8859	2	26.8859
group_17772	2052	3112	1.5166	21	21.0489	10	20.0465
group_17773	2883	4285	1.4863	23	16.4085	11	15.6951
group_17774	2073	3171	1.5297	21	20.8356	10	19.8435
group_17775	1662	9356	5.6294	63	77.9644	31	76.7269
group_17776	3036	6482	2.1350	53	35.9055	26	35.2280
group_16213	2871	5373	1.8715	35	25.0739	17	24.3575
group_17777	99	0	0.0000	0	0.0000	0	0.0000
group_17778	3255	11797	3.6243	80	50.5505	40	50.5505
group_9411	195	0	0.0000	0	0.0000	0	0.0000
group_7001	216	0	0.0000	0	0.0000	0	0.0000
group_17779	717	0	0.0000	0	0.0000	0	0.0000
group_17781	123	0	0.0000	0	0.0000	0	0.0000
group_17780	420	0	0.0000	0	0.0000	0	0.0000
group_17782	189	0	0.0000	0	0.0000	0	0.0000
group_17783	138	0	0.0000	0	0.0000	0	0.0000
group_17784	204	151	0.7402	1	10.0822	0	0.0000
group_2430	105	0	0.0000	0	0.0000	0	0.0000
group_17785	213	536	2.5164	6	57.9373	3	57.9373
group_5453	402	1729	4.3010	12	61.3963	6	61.3963
group_3435	726	302	0.4160	2	5.6660	1	5.6660
group_6031	393	151	0.3842	1	5.2335	0	0.0000
group_17791	1164	0	0.0000	0	0.0000	0	0.0000
group_17789	1107	0	0.0000	0	0.0000	0	0.0000
group_17788	1125	0	0.0000	0	0.0000	0	0.0000
group_17787	1248	0	0.0000	0	0.0000	0	0.0000
group_17786	1164	0	0.0000	0	0.0000	0	0.0000
group_17790	783	0	0.0000	0	0.0000	0	0.0000
group_8317	204	0	0.0000	0	0.0000	0	0.0000
group_7624	210	250	1.1905	2	19.5883	1	19.5883
group_504	135	172	1.2741	2	30.4707	1	30.4707
group_17792	225	0	0.0000	0	0.0000	0	0.0000
group_17793	1329	0	0.0000	0	0.0000	0	0.0000
group_8673	201	0	0.0000	0	0.0000	0	0.0000
group_2449	759	0	0.0000	0	0.0000	0	0.0000
group_4026	492	302	0.6138	2	8.3609	1	8.3609
group_5601	1005	604	0.6010	4	8.1862	2	8.1862
group_4564	417	0	0.0000	0	0.0000	0	0.0000
group_502	135	0	0.0000	0	0.0000	0	0.0000
group_9410	195	0	0.0000	0	0.0000	0	0.0000
group_1994	120	0	0.0000	0	0.0000	0	0.0000
group_13362	153	0	0.0000	0	0.0000	0	0.0000
group_10300	339	0	0.0000	0	0.0000	0	0.0000
group_10869	1398	0	0.0000	0	0.0000	0	0.0000
group_9375	1476	302	0.2046	2	2.7870	1	2.7870
group_3037	2559	0	0.0000	0	0.0000	0	0.0000
group_218	138	0	0.0000	0	0.0000	0	0.0000
group_310	291	462	1.5876	4	28.2718	2	28.2718
group_2296	111	0	0.0000	0	0.0000	0	0.0000
group_3969	252	0	0.0000	0	0.0000	0	0.0000
group_10719	183	0	0.0000	0	0.0000	0	0.0000
group_8011	1545	0	0.0000	0	0.0000	0	0.0000
group_11232	177	275	1.5537	2	23.2404	1	23.2404
group_11001	180	0	0.0000	0	0.0000	0	0.0000
group_1817	123	0	0.0000	0	0.0000	0	0.0000
group_3849	711	0	0.0000	0	0.0000	0	0.0000
group_3970	252	302	1.1984	2	16.3236	1	16.3236
group_14227	144	0	0.0000	0	0.0000	0	0.0000
group_11512	174	0	0.0000	0	0.0000	0	0.0000
group_2324	276	0	0.0000	0	0.0000	0	0.0000
group_17797	324	0	0.0000	0	0.0000	0	0.0000
group_17798	570	0	0.0000	0	0.0000	0	0.0000
group_17796	249	0	0.0000	0	0.0000	0	0.0000
group_17799	876	100	0.1142	1	2.3479	0	0.0000
group_17794	270	132	0.4889	1	7.6177	0	0.0000
group_17795	291	0	0.0000	0	0.0000	0	0.0000
group_17800	1293	0	0.0000	0	0.0000	0	0.0000
group_11238	177	735	4.1525	6	69.7212	3	69.7212
group_4749	1041	453	0.4352	3	5.9273	1	3.9515
group_10303	339	0	0.0000	0	0.0000	0	0.0000
group_5037	237	0	0.0000	0	0.0000	0	0.0000
group_12833	309	301	0.9741	2	13.3125	1	13.3125
group_6428	222	0	0.0000	0	0.0000	0	0.0000
group_7329	213	151	0.7089	1	9.6562	0	0.0000
group_6429	222	0	0.0000	0	0.0000	0	0.0000
group_2432	105	0	0.0000	0	0.0000	0	0.0000
group_635	1221	84394	69.1188	586	987.1173	293	987.1173
group_17802	156	0	0.0000	0	0.0000	0	0.0000
group_10724	183	0	0.0000	0	0.0000	0	0.0000
group_17803	201	338	1.6816	2	20.4654	1	20.4654
group_17804	294	0	0.0000	0	0.0000	0	0.0000
group_17805	255	151	0.5922	1	8.0658	0	0.0000
group_10216	888	0	0.0000	0	0.0000	0	0.0000
group_17806	201	0	0.0000	0	0.0000	0	0.0000
group_17807	684	0	0.0000	0	0.0000	0	0.0000
group_9551	900	0	0.0000	0	0.0000	0	0.0000
group_6374	123	0	0.0000	0	0.0000	0	0.0000
group_17808	180	0	0.0000	0	0.0000	0	0.0000
group_11290	327	555	1.6972	4	25.1593	2	25.1593
group_4285	1206	5209	4.3192	35	59.6908	17	57.9854
group_17809	219	0	0.0000	0	0.0000	0	0.0000
group_17810	363	104	0.2865	2	11.3321	1	11.3321
group_17811	90	0	0.0000	0	0.0000	0	0.0000
group_17812	294	151	0.5136	1	6.9958	0	0.0000
group_17813	429	4036	9.4079	28	134.2417	14	134.2417
group_17814	132	0	0.0000	0	0.0000	0	0.0000
group_17815	129	0	0.0000	0	0.0000	0	0.0000
group_17816	312	0	0.0000	0	0.0000	0	0.0000
group_17817	264	4785	18.1250	35	272.6785	17	264.8877
group_17818	213	0	0.0000	0	0.0000	0	0.0000
group_17819	183	0	0.0000	0	0.0000	0	0.0000
group_12324	165	144	0.8727	1	12.4653	0	0.0000
group_17820	1173	2815	2.3998	20	35.0686	10	35.0686
group_17821	135	120	0.8889	2	30.4707	1	30.4707
group_17822	2412	4874	2.0207	34	28.9927	17	28.9927
group_17823	132	0	0.0000	0	0.0000	0	0.0000
group_17824	168	0	0.0000	0	0.0000	0	0.0000
group_17825	330	230	0.6970	2	12.4653	1	12.4653
group_17826	957	3185	3.3281	23	49.4314	11	47.2822
group_17827	453	2057	4.5408	15	68.1051	7	63.5648
group_17828	1053	9528	9.0484	68	132.8212	34	132.8212
group_17829	129	0	0.0000	0	0.0000	0	0.0000
group_17830	285	421	1.4772	3	21.6503	1	14.4335
group_1074	4065	526	0.1294	4	2.0239	2	2.0239
group_9587	1464	3765	2.5717	25	35.1225	12	33.7176
group_5792	999	906	0.9069	6	12.3530	3	12.3530
group_4325	1062	907	0.8540	6	11.6202	3	11.6202
group_8003	207	0	0.0000	0	0.0000	0	0.0000
group_4750	1041	604	0.5802	4	7.9031	2	7.9031
group_2302	1182	0	0.0000	0	0.0000	0	0.0000
group_17831	165	992	6.0121	8	99.7224	4	99.7224
group_12117	846	0	0.0000	0	0.0000	0	0.0000
group_1515	126	0	0.0000	0	0.0000	0	0.0000
group_4618	684	0	0.0000	0	0.0000	0	0.0000
group_2899	267	0	0.0000	0	0.0000	0	0.0000
group_9985	342	393	1.1491	3	18.0419	1	12.0279
group_17832	240	0	0.0000	0	0.0000	0	0.0000
group_3777	255	736	2.8863	6	48.3947	3	48.3947
group_17833	219	0	0.0000	0	0.0000	0	0.0000
group_17834	1299	36116	27.8029	238	376.8379	119	376.8379
group_17836	210	0	0.0000	0	0.0000	0	0.0000
group_17835	189	618	3.2698	6	65.2944	3	65.2944
group_17837	933	0	0.0000	0	0.0000	0	0.0000
group_17838	285	0	0.0000	0	0.0000	0	0.0000
group_17839	894	0	0.0000	0	0.0000	0	0.0000
group_3600	1215	468	0.3852	4	6.7713	2	6.7713
group_12836	831	0	0.0000	0	0.0000	0	0.0000
group_4632	1995	0	0.0000	0	0.0000	0	0.0000
group_2377	762	0	0.0000	0	0.0000	0	0.0000
group_13572	1278	327	0.2559	3	4.8281	1	3.2187
group_12269	315	0	0.0000	0	0.0000	0	0.0000
group_17840	171	0	0.0000	0	0.0000	0	0.0000
group_17841	150	0	0.0000	0	0.0000	0	0.0000
group_1824	123	0	0.0000	0	0.0000	0	0.0000
group_17842	876	5096	5.8174	39	91.5688	19	89.2208
group_17843	109	0	0.0000	0	0.0000	0	0.0000
group_17844	990	151	0.1525	1	2.0776	0	0.0000
group_17845	195	0	0.0000	0	0.0000	0	0.0000
group_17846	162	190	1.1728	2	25.3923	1	25.3923
group_3358	447	151	0.3378	1	4.6013	0	0.0000
group_10606	336	151	0.4494	1	6.1214	0	0.0000
group_17847	390	1449	3.7154	12	63.2854	6	63.2854
group_17848	465	1823	3.9204	13	57.5012	6	53.0781
group_17849	561	223	0.3975	2	7.3325	1	7.3325
group_17850	102	0	0.0000	0	0.0000	0	0.0000
group_17851	270	757	2.8037	6	45.7061	3	45.7061
group_17852	174	0	0.0000	0	0.0000	0	0.0000
group_17853	453	610	1.3466	4	18.1614	2	18.1614
group_17854	405	2849	7.0346	22	111.7261	11	111.7261
group_17855	282	533	1.8901	5	36.4676	2	29.1741
group_17856	393	705	1.7939	5	26.1676	2	20.9341
group_17857	711	0	0.0000	0	0.0000	0	0.0000
group_2106	117	0	0.0000	0	0.0000	0	0.0000
group_17859	376	2919	7.7633	20	109.4029	10	109.4029
group_17860	240	0	0.0000	0	0.0000	0	0.0000
group_9712	192	208	1.0833	2	21.4247	1	21.4247
group_17861	168	0	0.0000	0	0.0000	0	0.0000
group_17862	570	2554	4.4807	18	64.9508	9	64.9508
group_17863	3624	0	0.0000	0	0.0000	0	0.0000
group_17864	1722	0	0.0000	0	0.0000	0	0.0000
group_2120	279	0	0.0000	0	0.0000	0	0.0000
group_17866	345	1105	3.2029	8	47.6933	4	47.6933
group_17867	396	382	0.9646	3	15.5816	1	10.3878
group_17869	1092	0	0.0000	0	0.0000	0	0.0000
group_17868	309	571	1.8479	4	26.6249	2	26.6249
group_17870	306	0	0.0000	0	0.0000	0	0.0000
group_17871	396	557	1.4066	4	20.7755	2	20.7755
group_3437	726	0	0.0000	0	0.0000	0	0.0000
group_17872	162	0	0.0000	0	0.0000	0	0.0000
group_17873	612	1197	1.9559	8	26.8859	4	26.8859
group_17874	117	0	0.0000	0	0.0000	0	0.0000
group_17875	489	549	1.1227	4	16.8243	2	16.8243
group_3497	444	0	0.0000	0	0.0000	0	0.0000
group_6413	387	509	1.3152	4	21.2587	2	21.2587
group_125	501	0	0.0000	0	0.0000	0	0.0000
group_17876	540	0	0.0000	0	0.0000	0	0.0000
group_6098	990	0	0.0000	0	0.0000	0	0.0000
group_17877	255	166	0.6510	2	16.1316	1	16.1316
group_17878	702	2654	3.7806	18	52.7378	9	52.7378
group_17879	1125	4187	3.7218	29	53.0191	14	51.1908
group_17880	630	3544	5.6254	24	78.3533	12	78.3533
group_17881	234	1726	7.3761	14	123.0549	7	123.0549
group_17882	1389	3016	2.1713	20	29.6152	10	29.6152
group_17883	1098	4979	4.5346	36	67.4353	18	67.4353
group_17884	996	3765	3.7801	26	53.6909	13	53.6909
group_17885	1449	312	0.2153	2	2.8389	1	2.8389
group_17886	117	181	1.5470	2	35.1585	1	35.1585
group_17887	99	0	0.0000	0	0.0000	0	0.0000
group_17888	192	0	0.0000	0	0.0000	0	0.0000
group_17889	4500	1963	0.4362	13	5.9418	6	5.4847
group_17890	624	1495	2.3958	10	32.9611	5	32.9611
group_17891	414	0	0.0000	0	0.0000	0	0.0000
group_17892	135	192	1.4222	2	30.4707	1	30.4707
group_17893	114	0	0.0000	0	0.0000	0	0.0000
group_4232	783	151	0.1928	1	2.6268	0	0.0000
group_17894	1059	0	0.0000	0	0.0000	0	0.0000
group_17895	1341	2320	1.7301	16	24.5402	8	24.5402
group_17896	195	0	0.0000	0	0.0000	0	0.0000
group_17897	468	601	1.2842	4	17.5793	2	17.5793
group_17898	996	1208	1.2129	8	16.5203	4	16.5203
group_1519	126	0	0.0000	0	0.0000	0	0.0000
group_17899	291	176	0.6048	2	14.1359	1	14.1359
group_8535	357	0	0.0000	0	0.0000	0	0.0000
group_13720	300	0	0.0000	0	0.0000	0	0.0000
group_17900	309	0	0.0000	0	0.0000	0	0.0000
group_10071	190	0	0.0000	0	0.0000	0	0.0000
group_17901	108	0	0.0000	0	0.0000	0	0.0000
group_2778	1155	0	0.0000	0	0.0000	0	0.0000
group_7166	954	0	0.0000	0	0.0000	0	0.0000
group_17903	135	0	0.0000	0	0.0000	0	0.0000
group_17902	849	776	0.9140	6	14.5355	3	14.5355
group_17907	303	936	3.0891	7	47.5163	3	40.7282
group_17904	231	151	0.6537	1	8.9038	0	0.0000
group_17905	450	660	1.4667	6	27.4237	3	27.4237
group_17908	615	18989	30.8764	167	558.5064	83	555.1621
group_17909	630	2343	3.7190	17	55.5003	8	52.2356
group_17910	579	2113	3.6494	17	60.3889	8	56.8366
group_17911	702	4591	6.5399	33	96.6860	16	93.7561
group_17915	213	0	0.0000	0	0.0000	0	0.0000
group_17919	1044	6550	6.2739	47	92.5943	23	90.6242
group_17920	351	423	1.2051	3	17.5793	1	11.7195
group_17917	273	0	0.0000	0	0.0000	0	0.0000
group_17912	1215	20954	17.2461	144	243.7659	72	243.7659
group_17916	402	302	0.7512	2	10.2327	1	10.2327
group_17913	240	0	0.0000	0	0.0000	0	0.0000
group_17914	1155	7568	6.5524	51	90.8186	25	89.0379
group_9176	351	151	0.4302	1	5.8598	0	0.0000
group_3557	258	0	0.0000	0	0.0000	0	0.0000
group_17922	174	151	0.8678	1	11.8205	0	0.0000
group_17923	414	682	1.6473	6	29.8083	3	29.8083
group_17924	501	1057	2.1098	7	28.7374	3	24.6320
group_17926	255	302	1.1843	2	16.1316	1	16.1316
group_17928	771	453	0.5875	3	8.0030	1	5.3353
group_17931	366	564	1.5410	4	22.4784	2	22.4784
group_17934	768	17495	22.7799	120	321.3711	60	321.3711
group_17935	381	6923	18.1706	48	259.1213	24	259.1213
group_17937	210	1361	6.4810	10	97.9417	5	97.9417
group_17940	387	40502	104.6563	296	1573.1407	148	1573.1407
group_17941	1188	1232	1.0370	12	20.7755	6	20.7755
group_17942	123	0	0.0000	0	0.0000	0	0.0000
group_17943	144	0	0.0000	0	0.0000	0	0.0000
group_6652	1665	4516	2.7123	31	38.2943	15	37.0590
group_9716	192	0	0.0000	0	0.0000	0	0.0000
group_11092	330	3446	10.4424	27	168.2816	13	162.0490
group_17945	834	3763	4.5120	25	61.6539	12	59.1878
group_17946	300	292	0.9733	2	13.7118	1	13.7118
group_17947	205	561	2.7366	3	30.0991	1	20.0661
group_3058	1845	1636	0.8867	11	12.2626	5	11.1478
group_17948	339	0	0.0000	0	0.0000	0	0.0000
group_12542	312	0	0.0000	0	0.0000	0	0.0000
group_17949	103	0	0.0000	0	0.0000	0	0.0000
group_17954	360	151	0.4194	1	5.7133	0	0.0000
group_17953	867	0	0.0000	0	0.0000	0	0.0000
group_17955	1128	623	0.5523	4	7.2935	2	7.2935
group_17957	357	0	0.0000	0	0.0000	0	0.0000
group_7981	363	1100	3.0303	8	45.3284	4	45.3284
group_17958	342	0	0.0000	0	0.0000	0	0.0000
group_17959	1371	887	0.6470	6	9.0012	3	9.0012
group_17960	192	220	1.1458	2	21.4247	1	21.4247
group_12074	168	302	1.7976	2	24.4854	1	24.4854
group_17965	384	0	0.0000	0	0.0000	0	0.0000
group_13126	156	0	0.0000	0	0.0000	0	0.0000
group_3077	1506	26467	17.5744	197	269.0469	98	267.6812
group_2059	3306	0	0.0000	0	0.0000	0	0.0000
group_5250	1017	302	0.2970	2	4.0448	1	4.0448
group_12607	162	0	0.0000	0	0.0000	0	0.0000
group_11835	852	4046	4.7488	28	67.5935	14	67.5935
group_17966	858	0	0.0000	0	0.0000	0	0.0000
group_17968	360	0	0.0000	0	0.0000	0	0.0000
group_17970	192	0	0.0000	0	0.0000	0	0.0000
group_17971	312	0	0.0000	0	0.0000	0	0.0000
group_17973	198	0	0.0000	0	0.0000	0	0.0000
group_11247	177	0	0.0000	0	0.0000	0	0.0000
group_17974	276	762	2.7609	6	44.7125	3	44.7125
group_11005	180	286	1.5889	2	22.8531	1	22.8531
group_17987	105	0	0.0000	0	0.0000	0	0.0000
group_17976	447	281	0.6286	2	9.2026	1	9.2026
group_17983	1200	7615	6.3458	51	87.4129	25	85.6990
group_17978	414	0	0.0000	0	0.0000	0	0.0000
group_17985	681	7935	11.6520	53	160.0721	26	157.0518
group_17979	396	151	0.3813	1	5.1939	0	0.0000
group_17986	435	551	1.2667	4	18.9129	2	18.9129
group_17988	687	302	0.4396	2	5.9877	1	5.9877
group_17977	579	89	0.1537	1	3.5523	0	0.0000
group_17981	189	87	0.4603	1	10.8824	0	0.0000
group_17989	4566	12220	2.6763	84	37.8382	42	37.8382
group_17990	1374	118	0.0859	2	2.9939	1	2.9939
group_17991	306	0	0.0000	0	0.0000	0	0.0000
group_2123	279	0	0.0000	0	0.0000	0	0.0000
group_17992	636	2251	3.5393	16	51.7428	8	51.7428
group_17993	345	289	0.8377	3	17.8850	1	11.9233
group_17994	138	0	0.0000	0	0.0000	0	0.0000
group_17996	471	0	0.0000	0	0.0000	0	0.0000
group_17995	387	0	0.0000	0	0.0000	0	0.0000
group_17997	300	1226	4.0867	11	75.4151	5	68.5592
group_17999	159	675	4.2453	5	64.6785	2	51.7428
group_4775	240	438	1.8250	4	34.2796	2	34.2796
group_18000	90	0	0.0000	0	0.0000	0	0.0000
group_18002	354	2450	6.9209	17	98.7717	8	92.9616
group_12070	168	0	0.0000	0	0.0000	0	0.0000
group_18003	189	0	0.0000	0	0.0000	0	0.0000
group_18004	465	0	0.0000	0	0.0000	0	0.0000
group_18005	165	0	0.0000	0	0.0000	0	0.0000
group_18007	1812	604	0.3333	4	4.5403	2	4.5403
group_2433	105	0	0.0000	0	0.0000	0	0.0000
group_18008	264	0	0.0000	0	0.0000	0	0.0000
group_10075	189	0	0.0000	0	0.0000	0	0.0000
group_18009	1122	38551	34.3592	260	476.6146	130	476.6146
group_18010	222	0	0.0000	0	0.0000	0	0.0000
group_18011	360	0	0.0000	0	0.0000	0	0.0000
group_18016	642	196	0.3053	2	6.4074	1	6.4074
group_18017	144	0	0.0000	0	0.0000	0	0.0000
group_18019	744	0	0.0000	0	0.0000	0	0.0000
group_18018	264	0	0.0000	0	0.0000	0	0.0000
group_18020	534	151	0.2828	1	3.8516	0	0.0000
group_18021	1002	5434	5.4232	37	75.9488	18	73.8961
group_2202	114	0	0.0000	0	0.0000	0	0.0000
group_18022	573	0	0.0000	0	0.0000	0	0.0000
group_18023	615	2725	4.4309	18	60.1983	9	60.1983
group_18024	1230	0	0.0000	0	0.0000	0	0.0000
group_18025	118	0	0.0000	0	0.0000	0	0.0000
group_18027	180	202	1.1222	2	22.8531	1	22.8531
group_18026	381	0	0.0000	0	0.0000	0	0.0000
group_18029	297	1740	5.8586	13	90.0272	6	83.1020
group_18028	906	35134	38.7792	236	535.7604	118	535.7604
group_5713	1791	2747	1.5338	19	21.8195	9	20.6711
group_6572	384	0	0.0000	0	0.0000	0	0.0000
group_18030	660	1296	1.9636	10	31.1633	5	31.1633
group_18031	165	0	0.0000	0	0.0000	0	0.0000
group_18032	516	2518	4.8798	19	75.7340	9	71.7480
group_326	291	600	2.0619	4	28.2718	2	28.2718
group_14101	297	0	0.0000	0	0.0000	0	0.0000
group_10076	189	0	0.0000	0	0.0000	0	0.0000
group_18034	1722	0	0.0000	0	0.0000	0	0.0000
group_17131	180	0	0.0000	0	0.0000	0	0.0000
group_18035	621	0	0.0000	0	0.0000	0	0.0000
group_18036	156	0	0.0000	0	0.0000	0	0.0000
group_18037	1032	0	0.0000	0	0.0000	0	0.0000
group_18040	324	0	0.0000	0	0.0000	0	0.0000
group_18039	375	447	1.1920	3	16.4542	1	10.9695
group_18041	288	933	3.2396	7	49.9911	3	42.8495
group_2946	741	1565	2.1120	11	30.5324	5	27.7567
group_6726	969	0	0.0000	0	0.0000	0	0.0000
group_18043	180	0	0.0000	0	0.0000	0	0.0000
group_11553	324	0	0.0000	0	0.0000	0	0.0000
group_3770	714	2803	3.9258	20	57.6127	10	57.6127
group_12544	312	0	0.0000	0	0.0000	0	0.0000
group_18044	150	0	0.0000	0	0.0000	0	0.0000
group_18047	147	114	0.7755	2	27.9833	1	27.9833
group_18049	117	0	0.0000	0	0.0000	0	0.0000
group_18059	195	744	3.8154	6	63.2854	3	63.2854
group_7347	213	227	1.0657	2	19.3124	1	19.3124
group_18061	717	0	0.0000	0	0.0000	0	0.0000
group_12545	312	0	0.0000	0	0.0000	0	0.0000
group_3558	258	258	1.0000	2	15.9440	1	15.9440
group_18066	387	1004	2.5943	7	37.2027	3	31.8880
group_18067	660	302	0.4576	2	6.2327	1	6.2327
group_18068	396	762	1.9242	6	31.1633	3	31.1633
group_5857	228	0	0.0000	0	0.0000	0	0.0000
group_11527	174	0	0.0000	0	0.0000	0	0.0000
group_18069	168	202	1.2024	2	24.4854	1	24.4854
group_18070	381	0	0.0000	0	0.0000	0	0.0000
group_18071	726	0	0.0000	0	0.0000	0	0.0000
group_18072	1413	10318	7.3022	80	116.4487	40	116.4487
group_18073	540	0	0.0000	0	0.0000	0	0.0000
group_18077	306	0	0.0000	0	0.0000	0	0.0000
group_18078	576	0	0.0000	0	0.0000	0	0.0000
group_17133	294	0	0.0000	0	0.0000	0	0.0000
group_17130	1659	0	0.0000	0	0.0000	0	0.0000
group_6910	378	1113	2.9444	8	43.5296	4	43.5296
group_18080	237	0	0.0000	0	0.0000	0	0.0000
group_18082	417	0	0.0000	0	0.0000	0	0.0000
group_15003	252	0	0.0000	0	0.0000	0	0.0000
group_14997	435	0	0.0000	0	0.0000	0	0.0000
group_18083	447	148	0.3311	1	4.6013	0	0.0000
group_18084	96	0	0.0000	0	0.0000	0	0.0000
group_18085	197	178	0.9036	2	20.8810	1	20.8810
group_18086	261	144	0.5517	2	15.7607	1	15.7607
group_18087	246	134	0.5447	2	16.7217	1	16.7217
group_18088	99	0	0.0000	0	0.0000	0	0.0000
group_5859	228	0	0.0000	0	0.0000	0	0.0000
group_4280	423	0	0.0000	0	0.0000	0	0.0000
group_18090	384	0	0.0000	0	0.0000	0	0.0000
group_18089	2067	0	0.0000	0	0.0000	0	0.0000
group_18091	153	0	0.0000	0	0.0000	0	0.0000
group_18092	273	0	0.0000	0	0.0000	0	0.0000
group_18094	498	0	0.0000	0	0.0000	0	0.0000
group_18093	1290	0	0.0000	0	0.0000	0	0.0000
group_18095	480	0	0.0000	0	0.0000	0	0.0000
group_8685	201	0	0.0000	0	0.0000	0	0.0000
group_18096	381	3272	8.5879	24	129.5606	12	129.5606
group_5570	231	0	0.0000	0	0.0000	0	0.0000
group_9426	195	178	0.9128	2	21.0951	1	21.0951
group_11803	171	0	0.0000	0	0.0000	0	0.0000
group_11011	180	0	0.0000	0	0.0000	0	0.0000
group_18097	240	259	1.0792	2	17.1398	1	17.1398
group_18098	375	0	0.0000	0	0.0000	0	0.0000
group_4109	2151	0	0.0000	0	0.0000	0	0.0000
group_11821	321	0	0.0000	0	0.0000	0	0.0000
group_8686	201	0	0.0000	0	0.0000	0	0.0000
group_2630	753	819	1.0876	8	21.8515	4	21.8515
group_7107	375	151	0.4027	1	5.4847	0	0.0000
group_7635	210	135	0.6429	2	19.5883	1	19.5883
group_18099	153	0	0.0000	0	0.0000	0	0.0000
group_18100	225	360	1.6000	4	36.5649	2	36.5649
group_18101	312	532	1.7051	4	26.3689	2	26.3689
group_18102	723	302	0.4177	2	5.6896	1	5.6896
group_18103	291	0	0.0000	0	0.0000	0	0.0000
group_18104	576	453	0.7865	3	10.7124	1	7.1416
group_18105	561	151	0.2692	1	3.6663	0	0.0000
group_18106	156	0	0.0000	0	0.0000	0	0.0000
group_18107	237	1685	7.1097	14	121.4973	7	121.4973
group_4920	675	0	0.0000	0	0.0000	0	0.0000
group_18108	201	0	0.0000	0	0.0000	0	0.0000
group_18109	258	0	0.0000	0	0.0000	0	0.0000
group_18110	351	0	0.0000	0	0.0000	0	0.0000
group_18111	306	0	0.0000	0	0.0000	0	0.0000
group_18112	393	0	0.0000	0	0.0000	0	0.0000
group_14749	723	1379	1.9073	9	25.6030	4	22.7582
group_528	135	196	1.4519	2	30.4707	1	30.4707
group_18113	207	151	0.7295	1	9.9361	0	0.0000
group_18114	96	0	0.0000	0	0.0000	0	0.0000
group_18115	177	906	5.1186	9	104.5818	4	92.9616
group_18116	411	0	0.0000	0	0.0000	0	0.0000
group_18117	363	3851	10.6088	26	147.3172	13	147.3172
group_18118	444	449	1.0113	3	13.8971	1	9.2648
group_13412	303	502	1.6568	4	27.1521	2	27.1521
group_18119	795	950	1.1950	7	18.1100	3	15.5228
group_18120	681	764	1.1219	6	18.1214	3	18.1214
group_18121	231	1415	6.1255	11	97.9417	5	89.0379
group_18122	360	0	0.0000	0	0.0000	0	0.0000
group_18123	186	0	0.0000	0	0.0000	0	0.0000
group_18124	126	178	1.4127	2	32.6472	1	32.6472
group_18125	633	755	1.1927	6	19.4955	3	19.4955
group_18126	135	0	0.0000	0	0.0000	0	0.0000
group_18127	1575	13860	8.8000	93	121.4477	46	120.1418
group_6442	222	0	0.0000	0	0.0000	0	0.0000
group_18131	369	0	0.0000	0	0.0000	0	0.0000
group_18130	645	151	0.2341	1	3.1888	0	0.0000
group_18135	1248	879	0.7043	6	9.8883	3	9.8883
group_18140	1731	302	0.1745	2	2.3764	1	2.3764
group_18128	2865	151	0.0527	1	0.7179	0	0.0000
group_18132	795	0	0.0000	0	0.0000	0	0.0000
group_18137	465	0	0.0000	0	0.0000	0	0.0000
group_18136	1011	0	0.0000	0	0.0000	0	0.0000
group_18134	1323	906	0.6848	6	9.3278	3	9.3278
group_18139	1137	906	0.7968	6	10.8537	3	10.8537
group_18133	1293	971	0.7510	7	11.1349	3	9.5442
group_18129	1212	0	0.0000	0	0.0000	0	0.0000
group_18138	687	0	0.0000	0	0.0000	0	0.0000
group_18141	378	0	0.0000	0	0.0000	0	0.0000
group_18142	120	136	1.1333	2	34.2796	1	34.2796
group_5640	657	2805	4.2694	22	68.8722	11	68.8722
group_18143	216	0	0.0000	0	0.0000	0	0.0000
group_4398	690	0	0.0000	0	0.0000	0	0.0000
group_2455	759	0	0.0000	0	0.0000	0	0.0000
group_4819	678	0	0.0000	0	0.0000	0	0.0000
group_5765	654	0	0.0000	0	0.0000	0	0.0000
group_6358	981	0	0.0000	0	0.0000	0	0.0000
group_13539	816	0	0.0000	0	0.0000	0	0.0000
group_8691	201	0	0.0000	0	0.0000	0	0.0000
group_18144	294	0	0.0000	0	0.0000	0	0.0000
group_18145	2178	1210	0.5556	8	7.5547	4	7.5547
group_18146	612	279	0.4559	2	6.7215	1	6.7215
group_18147	216	1894	8.7685	16	152.3537	8	152.3537
group_18148	249	298	1.1968	2	16.5203	1	16.5203
group_4234	696	903	1.2974	6	17.7308	3	17.7308
group_11808	171	0	0.0000	0	0.0000	0	0.0000
group_7625	612	0	0.0000	0	0.0000	0	0.0000
group_18149	189	0	0.0000	0	0.0000	0	0.0000
group_18150	1053	9144	8.6838	61	119.1484	30	117.1952
group_18151	156	0	0.0000	0	0.0000	0	0.0000
group_18152	591	0	0.0000	0	0.0000	0	0.0000
group_18153	261	0	0.0000	0	0.0000	0	0.0000
group_18154	306	644	2.1046	6	40.3289	3	40.3289
group_2737	1158	0	0.0000	0	0.0000	0	0.0000
group_18155	744	0	0.0000	0	0.0000	0	0.0000
group_18156	144	148	1.0278	2	28.5663	1	28.5663
group_18157	213	290	1.3615	2	19.3124	1	19.3124
group_18158	105	0	0.0000	0	0.0000	0	0.0000
group_18159	198	432	2.1818	3	31.1633	1	20.7755
group_18160	270	0	0.0000	0	0.0000	0	0.0000
group_18161	324	493	1.5216	4	25.3923	2	25.3923
group_18162	1191	7478	6.2788	66	113.9775	33	113.9775
group_4236	696	0	0.0000	0	0.0000	0	0.0000
group_2365	108	0	0.0000	0	0.0000	0	0.0000
group_1228	129	0	0.0000	0	0.0000	0	0.0000
group_10546	1416	0	0.0000	0	0.0000	0	0.0000
group_5577	231	0	0.0000	0	0.0000	0	0.0000
group_13843	513	0	0.0000	0	0.0000	0	0.0000
group_3961	432	0	0.0000	0	0.0000	0	0.0000
group_2343	471	0	0.0000	0	0.0000	0	0.0000
group_182	1233	0	0.0000	0	0.0000	0	0.0000
group_3020	738	0	0.0000	0	0.0000	0	0.0000
group_2201	768	0	0.0000	0	0.0000	0	0.0000
group_4436	489	0	0.0000	0	0.0000	0	0.0000
group_13947	1263	0	0.0000	0	0.0000	0	0.0000
group_2506	1170	0	0.0000	0	0.0000	0	0.0000
group_7030	624	0	0.0000	0	0.0000	0	0.0000
group_2810	747	0	0.0000	0	0.0000	0	0.0000
group_9334	906	0	0.0000	0	0.0000	0	0.0000
group_384	1227	0	0.0000	0	0.0000	0	0.0000
group_1477	1206	0	0.0000	0	0.0000	0	0.0000
group_2391	1176	0	0.0000	0	0.0000	0	0.0000
group_10993	873	0	0.0000	0	0.0000	0	0.0000
group_9069	198	0	0.0000	0	0.0000	0	0.0000
group_18163	2394	0	0.0000	0	0.0000	0	0.0000
group_1415	3762	231612	61.5662	1562	853.9827	781	853.9827
group_4608	1047	58760	56.1223	404	793.6363	202	793.6363
group_2507	1170	86533	73.9598	589	1035.4193	294	1033.6614
group_18164	5193	17802	3.4281	120	47.5280	60	47.5280
group_14450	504	0	0.0000	0	0.0000	0	0.0000
group_7322	618	0	0.0000	0	0.0000	0	0.0000
group_11827	321	0	0.0000	0	0.0000	0	0.0000
group_7996	363	0	0.0000	0	0.0000	0	0.0000
group_18165	159	0	0.0000	0	0.0000	0	0.0000
group_10873	876	0	0.0000	0	0.0000	0	0.0000
group_11809	171	0	0.0000	0	0.0000	0	0.0000
group_4623	684	0	0.0000	0	0.0000	0	0.0000
group_10916	1395	603	0.4323	4	5.8976	2	5.8976
group_3092	1134	0	0.0000	0	0.0000	0	0.0000
group_16264	255	0	0.0000	0	0.0000	0	0.0000
group_16255	336	0	0.0000	0	0.0000	0	0.0000
group_16266	198	0	0.0000	0	0.0000	0	0.0000
group_16256	504	0	0.0000	0	0.0000	0	0.0000
group_18166	357	453	1.2689	3	17.2838	1	11.5225
group_18167	210	0	0.0000	0	0.0000	0	0.0000
group_18168	144	0	0.0000	0	0.0000	0	0.0000
group_18169	90	0	0.0000	0	0.0000	0	0.0000
group_18170	387	234	0.6047	2	10.6293	1	10.6293
group_15129	264	0	0.0000	0	0.0000	0	0.0000
group_15131	309	0	0.0000	0	0.0000	0	0.0000
group_18171	1155	0	0.0000	0	0.0000	0	0.0000
group_18172	132	264	2.0000	2	31.1633	1	31.1633
group_18173	174	129	0.7414	2	23.6411	1	23.6411
group_18174	378	539	1.4259	4	21.7648	2	21.7648
group_5085	408	1075	2.6348	8	40.3289	4	40.3289
group_18175	1185	0	0.0000	0	0.0000	0	0.0000
group_18176	150	0	0.0000	0	0.0000	0	0.0000
group_13454	519	0	0.0000	0	0.0000	0	0.0000
group_134	501	0	0.0000	0	0.0000	0	0.0000
group_12042	1341	0	0.0000	0	0.0000	0	0.0000
group_18177	141	0	0.0000	0	0.0000	0	0.0000
group_18178	507	589	1.1617	4	16.2270	2	16.2270
group_18179	129	0	0.0000	0	0.0000	0	0.0000
group_18180	306	564	1.8431	6	40.3289	3	40.3289
group_3688	717	0	0.0000	0	0.0000	0	0.0000
group_8560	594	0	0.0000	0	0.0000	0	0.0000
group_18181	162	0	0.0000	0	0.0000	0	0.0000
group_18182	942	0	0.0000	0	0.0000	0	0.0000
group_18183	1185	0	0.0000	0	0.0000	0	0.0000
group_5520	660	0	0.0000	0	0.0000	0	0.0000
group_18184	417	0	0.0000	0	0.0000	0	0.0000
group_18185	198	0	0.0000	0	0.0000	0	0.0000
group_18186	210	0	0.0000	0	0.0000	0	0.0000
group_3564	259	510	1.9691	4	31.7649	2	31.7649
group_18187	201	256	1.2736	2	20.4654	1	20.4654
group_18188	246	0	0.0000	0	0.0000	0	0.0000
group_18189	195	0	0.0000	0	0.0000	0	0.0000
group_18190	477	0	0.0000	0	0.0000	0	0.0000
group_18191	228	597	2.6184	4	36.0838	2	36.0838
group_18192	306	205	0.6699	2	13.4430	1	13.4430
group_18193	261	0	0.0000	0	0.0000	0	0.0000
group_18194	183	0	0.0000	0	0.0000	0	0.0000
group_18195	270	406	1.5037	4	30.4707	2	30.4707
group_18196	150	0	0.0000	0	0.0000	0	0.0000
group_18197	114	0	0.0000	0	0.0000	0	0.0000
group_18198	111	0	0.0000	0	0.0000	0	0.0000
group_17415	102	204	2.0000	2	40.3289	1	40.3289
group_18199	216	0	0.0000	0	0.0000	0	0.0000
group_18200	147	0	0.0000	0	0.0000	0	0.0000
group_18201	279	613	2.1971	4	29.4878	2	29.4878
group_18202	240	0	0.0000	0	0.0000	0	0.0000
group_18203	132	0	0.0000	0	0.0000	0	0.0000
group_18204	201	0	0.0000	0	0.0000	0	0.0000
group_1536	126	0	0.0000	0	0.0000	0	0.0000
group_10963	1392	0	0.0000	0	0.0000	0	0.0000
group_18205	192	0	0.0000	0	0.0000	0	0.0000
group_18206	166	0	0.0000	0	0.0000	0	0.0000
group_10743	183	0	0.0000	0	0.0000	0	0.0000
group_18207	213	0	0.0000	0	0.0000	0	0.0000
group_8353	204	0	0.0000	0	0.0000	0	0.0000
group_18208	141	0	0.0000	0	0.0000	0	0.0000
group_18209	186	147	0.7903	1	11.0579	0	0.0000
group_7325	618	0	0.0000	0	0.0000	0	0.0000
group_7977	1548	655	0.4231	5	6.6433	2	5.3147
group_12629	1317	302	0.2293	2	3.1234	1	3.1234
group_5836	396	0	0.0000	0	0.0000	0	0.0000
group_1866	483	0	0.0000	0	0.0000	0	0.0000
group_3104	453	0	0.0000	0	0.0000	0	0.0000
group_3434	2373	302	0.1273	2	1.7335	1	1.7335
group_9186	909	0	0.0000	0	0.0000	0	0.0000
group_7306	372	0	0.0000	0	0.0000	0	0.0000
group_3717	1101	0	0.0000	0	0.0000	0	0.0000
group_3981	2178	0	0.0000	0	0.0000	0	0.0000
group_6490	978	0	0.0000	0	0.0000	0	0.0000
group_3618	1107	0	0.0000	0	0.0000	0	0.0000
group_7032	624	0	0.0000	0	0.0000	0	0.0000
group_18210	129	0	0.0000	0	0.0000	0	0.0000
group_18211	228	214	0.9386	2	18.0419	1	18.0419
group_18212	768	0	0.0000	0	0.0000	0	0.0000
group_18213	1506	0	0.0000	0	0.0000	0	0.0000
group_18214	2892	1359	0.4699	9	6.4008	4	5.6896
group_18215	852	0	0.0000	0	0.0000	0	0.0000
group_18216	138	0	0.0000	0	0.0000	0	0.0000
group_18217	180	516	2.8667	4	45.7061	2	45.7061
group_18218	375	453	1.2080	3	16.4542	1	10.9695
group_18219	141	981	6.9574	10	145.8706	5	145.8706
group_18220	606	2788	4.6007	18	61.0923	9	61.0923
group_18221	513	647	1.2612	5	20.0465	2	16.0372
group_18222	741	249	0.3360	2	5.5513	1	5.5513
group_18223	231	0	0.0000	0	0.0000	0	0.0000
group_18224	786	110	0.1399	2	5.2335	1	5.2335
group_18225	900	0	0.0000	0	0.0000	0	0.0000
group_18226	114	0	0.0000	0	0.0000	0	0.0000
group_8287	927	302	0.3258	2	4.4375	1	4.4375
group_18227	825	0	0.0000	0	0.0000	0	0.0000
group_18228	144	0	0.0000	0	0.0000	0	0.0000
group_18229	1419	0	0.0000	0	0.0000	0	0.0000
group_348	291	0	0.0000	0	0.0000	0	0.0000
group_18230	879	604	0.6871	4	9.3596	2	9.3596
group_6602	165	196	1.1879	2	24.9306	1	24.9306
group_18231	102	0	0.0000	0	0.0000	0	0.0000
group_6728	969	2665	2.7503	19	40.3289	9	38.2063
group_18232	765	0	0.0000	0	0.0000	0	0.0000
group_14740	513	0	0.0000	0	0.0000	0	0.0000
group_18233	135	216	1.6000	2	30.4707	1	30.4707
group_18234	900	2930	3.2556	20	45.7061	10	45.7061
group_18235	201	0	0.0000	0	0.0000	0	0.0000
group_18236	681	0	0.0000	0	0.0000	0	0.0000
group_3751	438	360	0.8219	4	18.7833	2	18.7833
group_18237	93	0	0.0000	0	0.0000	0	0.0000
group_18238	240	563	2.3458	4	34.2796	2	34.2796
group_6452	222	0	0.0000	0	0.0000	0	0.0000
group_18242	123	0	0.0000	0	0.0000	0	0.0000
group_18240	1152	0	0.0000	0	0.0000	0	0.0000
group_18239	954	0	0.0000	0	0.0000	0	0.0000
group_18241	441	0	0.0000	0	0.0000	0	0.0000
group_18243	1143	0	0.0000	0	0.0000	0	0.0000
group_18244	723	0	0.0000	0	0.0000	0	0.0000
group_14947	708	923	1.3037	7	20.3353	3	17.4303
group_12086	168	0	0.0000	0	0.0000	0	0.0000
group_18245	2061	506	0.2455	4	3.9918	2	3.9918
group_18246	249	0	0.0000	0	0.0000	0	0.0000
group_15067	552	2865	5.1902	19	70.7948	9	67.0688
group_18247	933	754	0.8081	5	11.0224	2	8.8179
group_18248	1440	3483	2.4188	24	34.2796	12	34.2796
group_11233	867	755	0.8708	5	11.8614	2	9.4892
group_11566	324	151	0.4660	1	6.3481	0	0.0000
group_18252	1011	1488	1.4718	10	20.3440	5	20.3440
group_18250	1290	3742	2.9008	25	39.8600	12	38.2656
group_18249	1344	3880	2.8869	26	39.7888	13	39.7888
group_18251	870	848	0.9747	6	14.1847	3	14.1847
group_18253	1593	11253	7.0640	76	98.1261	38	98.1261
group_18254	156	0	0.0000	0	0.0000	0	0.0000
group_18255	480	1753	3.6521	15	64.2742	7	59.9893
group_11268	177	0	0.0000	0	0.0000	0	0.0000
group_18258	594	0	0.0000	0	0.0000	0	0.0000
group_18257	975	0	0.0000	0	0.0000	0	0.0000
group_18256	381	0	0.0000	0	0.0000	0	0.0000
group_4127	1209	0	0.0000	0	0.0000	0	0.0000
group_10099	189	0	0.0000	0	0.0000	0	0.0000
group_12562	312	302	0.9679	2	13.1845	1	13.1845
group_4815	1038	755	0.7274	5	9.9074	2	7.9259
group_5838	396	0	0.0000	0	0.0000	0	0.0000
group_8555	357	0	0.0000	0	0.0000	0	0.0000
group_4116	1077	0	0.0000	0	0.0000	0	0.0000
group_11135	870	0	0.0000	0	0.0000	0	0.0000
group_18259	216	0	0.0000	0	0.0000	0	0.0000
group_18260	456	1041	2.2829	7	31.5733	3	27.0628
group_18261	300	296	0.9867	2	13.7118	1	13.7118
group_18266	579	1240	2.1416	10	35.5229	5	35.5229
group_18268	153	0	0.0000	0	0.0000	0	0.0000
group_18262	204	302	1.4804	2	20.1645	1	20.1645
group_18263	714	7431	10.4076	51	146.9125	25	144.0319
group_18264	243	0	0.0000	0	0.0000	0	0.0000
group_18265	309	0	0.0000	0	0.0000	0	0.0000
group_18267	492	151	0.3069	1	4.1804	0	0.0000
group_18269	174	0	0.0000	0	0.0000	0	0.0000
group_18270	354	0	0.0000	0	0.0000	0	0.0000
group_18271	519	151	0.2909	1	3.9630	0	0.0000
group_18272	120	0	0.0000	0	0.0000	0	0.0000
group_18273	255	0	0.0000	0	0.0000	0	0.0000
group_18274	216	0	0.0000	0	0.0000	0	0.0000
group_9080	198	0	0.0000	0	0.0000	0	0.0000
group_18275	255	243	0.9529	2	16.1316	1	16.1316
group_1552	126	0	0.0000	0	0.0000	0	0.0000
group_18276	144	0	0.0000	0	0.0000	0	0.0000
group_18277	834	0	0.0000	0	0.0000	0	0.0000
group_18278	153	0	0.0000	0	0.0000	0	0.0000
group_18279	1236	27903	22.5752	189	314.5069	94	312.8428
group_18280	285	0	0.0000	0	0.0000	0	0.0000
group_8708	201	0	0.0000	0	0.0000	0	0.0000
group_18281	150	0	0.0000	0	0.0000	0	0.0000
group_18282	630	0	0.0000	0	0.0000	0	0.0000
group_18283	153	0	0.0000	0	0.0000	0	0.0000
group_18284	102	0	0.0000	0	0.0000	0	0.0000
group_18288	477	0	0.0000	0	0.0000	0	0.0000
group_18287	243	0	0.0000	0	0.0000	0	0.0000
group_18286	615	39727	64.5967	301	1006.6493	150	1003.3049
group_18285	342	0	0.0000	0	0.0000	0	0.0000
group_18289	243	222	0.9136	2	16.9282	1	16.9282
group_18290	651	0	0.0000	0	0.0000	0	0.0000
group_18291	675	302	0.4474	2	6.0941	1	6.0941
group_18292	279	151	0.5412	1	7.3720	0	0.0000
group_18293	345	0	0.0000	0	0.0000	0	0.0000
group_18294	1602	1358	0.8477	9	11.5549	4	10.2710
group_18295	93	0	0.0000	0	0.0000	0	0.0000
group_18296	237	0	0.0000	0	0.0000	0	0.0000
group_18297	282	506	1.7943	4	29.1741	2	29.1741
group_18298	141	0	0.0000	0	0.0000	0	0.0000
group_18299	138	0	0.0000	0	0.0000	0	0.0000
group_18300	252	0	0.0000	0	0.0000	0	0.0000
group_12295	315	0	0.0000	0	0.0000	0	0.0000
group_8360	204	0	0.0000	0	0.0000	0	0.0000
group_14270	144	0	0.0000	0	0.0000	0	0.0000
group_18301	210	154	0.7333	2	19.5883	1	19.5883
group_4771	825	0	0.0000	0	0.0000	0	0.0000
group_18302	1689	3469	2.0539	25	30.4437	12	29.2259
group_18306	132	0	0.0000	0	0.0000	0	0.0000
group_18303	342	899	2.6287	7	42.0977	3	36.0838
group_18304	240	2873	11.9708	22	188.5377	11	188.5377
group_18305	216	3620	16.7593	34	323.7516	17	323.7516
group_18307	168	0	0.0000	0	0.0000	0	0.0000
group_18308	99	166	1.6768	2	41.5510	1	41.5510
group_18309	144	740	5.1389	6	85.6990	3	85.6990
group_18310	195	0	0.0000	0	0.0000	0	0.0000
group_18311	399	1036	2.5965	8	41.2386	4	41.2386
group_12090	168	0	0.0000	0	0.0000	0	0.0000
group_18312	285	906	3.1789	6	43.3005	3	43.3005
group_6823	966	0	0.0000	0	0.0000	0	0.0000
group_3317	1125	0	0.0000	0	0.0000	0	0.0000
group_5499	1008	0	0.0000	0	0.0000	0	0.0000
group_4182	2127	0	0.0000	0	0.0000	0	0.0000
group_2009	120	0	0.0000	0	0.0000	0	0.0000
group_18313	174	0	0.0000	0	0.0000	0	0.0000
group_18314	441	450	1.0204	3	13.9917	1	9.3278
group_2650	96	0	0.0000	0	0.0000	0	0.0000
group_18316	486	206	0.4239	2	8.4641	1	8.4641
group_18315	201	156	0.7761	2	20.4654	1	20.4654
group_18317	270	0	0.0000	0	0.0000	0	0.0000
group_18318	282	151	0.5355	1	7.2935	0	0.0000
group_16608	192	146	0.7604	1	10.7124	0	0.0000
group_16599	150	0	0.0000	0	0.0000	0	0.0000
group_7367	213	0	0.0000	0	0.0000	0	0.0000
group_18322	798	0	0.0000	0	0.0000	0	0.0000
group_18321	318	0	0.0000	0	0.0000	0	0.0000
group_18319	546	0	0.0000	0	0.0000	0	0.0000
group_18320	114	0	0.0000	0	0.0000	0	0.0000
group_18323	360	0	0.0000	0	0.0000	0	0.0000
group_18324	369	318	0.8618	4	22.2957	2	22.2957
group_18325	162	104	0.6420	2	25.3923	1	25.3923
group_4798	363	3037	8.3664	23	130.3191	11	124.6530
group_18326	108	0	0.0000	0	0.0000	0	0.0000
group_18327	297	285	0.9596	2	13.8503	1	13.8503
group_7036	624	0	0.0000	0	0.0000	0	0.0000
group_18328	450	1012	2.2489	8	36.5649	4	36.5649
group_18329	159	0	0.0000	0	0.0000	0	0.0000
group_18330	495	755	1.5253	5	20.7755	2	16.6204
group_18331	165	0	0.0000	0	0.0000	0	0.0000
group_18332	159	0	0.0000	0	0.0000	0	0.0000
group_18333	129	0	0.0000	0	0.0000	0	0.0000
group_18334	501	0	0.0000	0	0.0000	0	0.0000
group_18335	132	0	0.0000	0	0.0000	0	0.0000
group_18336	231	2222	9.6190	22	195.8833	11	195.8833
group_18337	552	0	0.0000	0	0.0000	0	0.0000
group_5557	1818	0	0.0000	0	0.0000	0	0.0000
group_9721	1455	0	0.0000	0	0.0000	0	0.0000
group_18338	153	233	1.5229	2	26.8859	1	26.8859
group_18339	129	0	0.0000	0	0.0000	0	0.0000
group_18340	219	0	0.0000	0	0.0000	0	0.0000
group_18341	159	0	0.0000	0	0.0000	0	0.0000
group_6175	645	0	0.0000	0	0.0000	0	0.0000
group_6176	645	0	0.0000	0	0.0000	0	0.0000
group_18342	507	8178	16.1302	68	275.8594	34	275.8594
group_18343	174	0	0.0000	0	0.0000	0	0.0000
group_18368	405	248	0.6123	2	10.1569	1	10.1569
group_18367	996	904	0.9076	6	12.3902	3	12.3902
group_18362	804	5209	6.4789	36	92.0944	18	92.0944
group_18358	117	0	0.0000	0	0.0000	0	0.0000
group_18359	402	453	1.1269	3	15.3491	1	10.2327
group_18351	684	1733	2.5336	13	39.0908	6	36.0838
group_18349	228	151	0.6623	1	9.0209	0	0.0000
group_18346	192	0	0.0000	0	0.0000	0	0.0000
group_18347	192	967	5.0365	8	85.6990	4	85.6990
group_18356	1185	29479	24.8768	203	352.3421	101	350.6064
group_18355	360	755	2.0972	5	28.5663	2	22.8531
group_18348	306	0	0.0000	0	0.0000	0	0.0000
group_18370	870	21815	25.0747	154	364.0728	77	364.0728
group_18360	402	0	0.0000	0	0.0000	0	0.0000
group_18353	339	1610	4.7493	11	66.7390	5	60.6718
group_18357	348	585	1.6810	5	29.5514	2	23.6411
group_18364	624	1360	2.1795	10	32.9611	5	32.9611
group_18363	261	0	0.0000	0	0.0000	0	0.0000
group_18365	261	0	0.0000	0	0.0000	0	0.0000
group_18354	264	462	1.7500	5	38.9541	2	31.1633
group_18361	213	533	2.5023	5	48.2811	2	38.6249
group_18366	225	0	0.0000	0	0.0000	0	0.0000
group_18352	162	0	0.0000	0	0.0000	0	0.0000
group_18344	231	0	0.0000	0	0.0000	0	0.0000
group_18345	303	753	2.4851	5	33.9402	2	27.1521
group_18371	201	1133	5.6368	9	92.0944	4	81.8617
group_18350	951	1358	1.4280	10	21.6275	5	21.6275
group_18372	210	0	0.0000	0	0.0000	0	0.0000
group_9687	345	0	0.0000	0	0.0000	0	0.0000
group_258	138	0	0.0000	0	0.0000	0	0.0000
group_3851	435	302	0.6943	2	9.4564	1	9.4564
group_18376	537	590	1.0987	4	15.3205	2	15.3205
group_5468	402	1960	4.8756	15	76.7453	7	71.6290
group_13740	300	0	0.0000	0	0.0000	0	0.0000
group_4579	417	1208	2.8969	8	39.4585	4	39.4585
group_2211	114	0	0.0000	0	0.0000	0	0.0000
group_18377	276	557	2.0181	5	37.2604	2	29.8083
group_18055	429	1729	4.0303	12	57.5322	6	57.5322
group_18053	210	0	0.0000	0	0.0000	0	0.0000
group_18057	330	303	0.9182	2	12.4653	1	12.4653
group_18058	129	0	0.0000	0	0.0000	0	0.0000
group_18048	432	3018	6.9861	20	95.2211	10	95.2211
group_18050	813	1698	2.0886	12	30.3583	6	30.3583
group_18051	366	3158	8.6284	24	134.8705	12	134.8705
group_18054	363	0	0.0000	0	0.0000	0	0.0000
group_18052	894	2889	3.2315	20	46.0129	10	46.0129
group_18393	1686	6195	3.6744	43	52.4563	21	51.2364
group_18394	852	3678	4.3169	27	65.1795	13	62.7654
group_18388	270	0	0.0000	0	0.0000	0	0.0000
group_18379	300	770	2.5667	6	41.1355	3	41.1355
group_18396	444	5419	12.2050	36	166.7656	18	166.7656
group_18380	408	2038	4.9951	16	80.6578	8	80.6578
group_18390	1668	7512	4.5036	52	64.1201	26	64.1201
group_18397	258	0	0.0000	0	0.0000	0	0.0000
group_18389	615	420	0.6829	4	13.3774	2	13.3774
group_18381	1074	1560	1.4525	12	22.9807	6	22.9807
group_18382	402	2524	6.2786	18	92.0944	9	92.0944
group_18395	885	7856	8.8768	57	132.4703	28	130.1462
group_18383	306	151	0.4935	1	6.7215	0	0.0000
group_18378	132	0	0.0000	0	0.0000	0	0.0000
group_18387	141	110	0.7801	2	29.1741	1	29.1741
group_18385	345	0	0.0000	0	0.0000	0	0.0000
group_18386	138	0	0.0000	0	0.0000	0	0.0000
group_18384	93	0	0.0000	0	0.0000	0	0.0000
group_18391	165	0	0.0000	0	0.0000	0	0.0000
group_18392	150	0	0.0000	0	0.0000	0	0.0000
group_18398	114	0	0.0000	0	0.0000	0	0.0000
group_18399	423	0	0.0000	0	0.0000	0	0.0000
group_4850	963	0	0.0000	0	0.0000	0	0.0000
group_18400	288	302	1.0486	2	14.2832	1	14.2832
group_18401	195	0	0.0000	0	0.0000	0	0.0000
group_18402	105	0	0.0000	0	0.0000	0	0.0000
group_18403	4773	2295	0.4808	16	6.8947	8	6.8947
group_16252	2340	604	0.2581	4	3.5159	2	3.5159
group_16267	225	0	0.0000	0	0.0000	0	0.0000
group_16268	495	0	0.0000	0	0.0000	0	0.0000
group_16277	291	0	0.0000	0	0.0000	0	0.0000
group_16258	204	0	0.0000	0	0.0000	0	0.0000
group_16270	291	0	0.0000	0	0.0000	0	0.0000
group_16254	480	0	0.0000	0	0.0000	0	0.0000
group_16271	330	0	0.0000	0	0.0000	0	0.0000
group_16272	855	317	0.3708	2	4.8112	1	4.8112
group_16269	849	0	0.0000	0	0.0000	0	0.0000
group_16273	708	490	0.6921	4	11.6202	2	11.6202
group_16274	297	0	0.0000	0	0.0000	0	0.0000
group_16262	2796	0	0.0000	0	0.0000	0	0.0000
group_16275	156	0	0.0000	0	0.0000	0	0.0000
group_18404	213	1456	6.8357	11	106.2184	5	96.5622
group_18405	213	5768	27.0798	45	434.5300	22	424.8737
group_18406	285	0	0.0000	0	0.0000	0	0.0000
group_18407	759	302	0.3979	2	5.4197	1	5.4197
group_2213	114	0	0.0000	0	0.0000	0	0.0000
group_18408	231	278	1.2035	2	17.8076	1	17.8076
group_2945	456	0	0.0000	0	0.0000	0	0.0000
group_13712	813	0	0.0000	0	0.0000	0	0.0000
group_18409	1188	0	0.0000	0	0.0000	0	0.0000
group_18410	186	0	0.0000	0	0.0000	0	0.0000
group_13853	513	293	0.5712	3	12.0279	1	8.0186
group_18411	198	0	0.0000	0	0.0000	0	0.0000
group_18412	138	0	0.0000	0	0.0000	0	0.0000
group_18415	288	0	0.0000	0	0.0000	0	0.0000
group_18414	390	0	0.0000	0	0.0000	0	0.0000
group_18413	369	0	0.0000	0	0.0000	0	0.0000
group_18416	237	636	2.6835	4	34.7135	2	34.7135
group_18417	240	148	0.6167	1	8.5699	0	0.0000
pglX	2226	997	0.4479	10	9.2398	5	9.2398
group_18418	687	792	1.1528	6	17.9631	3	17.9631
group_241	6564	4251	0.6476	20	6.2668	10	6.2668
group_544	135	0	0.0000	0	0.0000	0	0.0000
group_18419	213	151	0.7089	1	9.6562	0	0.0000
group_18420	654	0	0.0000	0	0.0000	0	0.0000
group_18423	558	151	0.2706	1	3.6860	0	0.0000
group_18422	387	151	0.3902	1	5.3147	0	0.0000
group_18421	630	273	0.4333	2	6.5294	1	6.5294
group_18424	243	240	0.9877	2	16.9282	1	16.9282
group_6049	648	0	0.0000	0	0.0000	0	0.0000
group_18425	324	0	0.0000	0	0.0000	0	0.0000
group_18426	240	0	0.0000	0	0.0000	0	0.0000
group_2368	108	0	0.0000	0	0.0000	0	0.0000
group_18427	408	284	0.6961	2	10.0822	1	10.0822
group_18428	3198	4882	1.5266	40	25.7258	20	25.7258
group_14999	210	0	0.0000	0	0.0000	0	0.0000
group_18429	228	0	0.0000	0	0.0000	0	0.0000
group_13428	303	0	0.0000	0	0.0000	0	0.0000
group_18430	681	151	0.2217	1	3.0202	0	0.0000
group_18431	174	0	0.0000	0	0.0000	0	0.0000
group_10102	189	0	0.0000	0	0.0000	0	0.0000
group_14436	801	0	0.0000	0	0.0000	0	0.0000
group_11607	1362	302	0.2217	2	3.0202	1	3.0202
group_1589	486	1359	2.7963	9	38.0884	4	33.8564
group_13408	153	184	1.2026	2	26.8859	1	26.8859
group_6461	222	0	0.0000	0	0.0000	0	0.0000
group_18432	948	0	0.0000	0	0.0000	0	0.0000
group_18433	171	0	0.0000	0	0.0000	0	0.0000
group_18434	115	0	0.0000	0	0.0000	0	0.0000
group_18435	135	176	1.3037	2	30.4707	1	30.4707
group_18436	192	239	1.2448	2	21.4247	1	21.4247
group_18437	171	0	0.0000	0	0.0000	0	0.0000
group_18438	258	0	0.0000	0	0.0000	0	0.0000
group_18439	171	645	3.7719	6	72.1675	3	72.1675
group_5348	1014	854	0.8422	6	12.1703	3	12.1703
group_18440	162	235	1.4506	2	25.3923	1	25.3923
group_16882	6321	13047	2.0641	75	24.4041	37	24.0787
group_18441	1146	284	0.2478	2	3.5895	1	3.5895
group_5092	408	151	0.3701	1	5.0411	0	0.0000
group_18442	229	264	1.1528	2	17.9631	1	17.9631
group_18443	681	598	0.8781	4	12.0809	2	12.0809
group_18444	300	151	0.5033	1	6.8559	0	0.0000
group_15582	720	151	0.2097	1	2.8566	0	0.0000
group_15586	651	0	0.0000	0	0.0000	0	0.0000
group_18445	177	0	0.0000	0	0.0000	0	0.0000
group_18446	2346	0	0.0000	0	0.0000	0	0.0000
group_18447	2253	604	0.2681	4	3.6516	2	3.6516
group_18448	726	302	0.4160	2	5.6660	1	5.6660
group_4538	1050	302	0.2876	2	3.9177	1	3.9177
group_18449	205	409	1.9951	3	30.0991	1	20.0661
group_17291	3801	6052	1.5922	42	22.7268	21	22.7268
group_18451	378	297	0.7857	2	10.8824	1	10.8824
group_18450	372	0	0.0000	0	0.0000	0	0.0000
group_8465	924	597	0.6461	4	8.9038	2	8.9038
group_3108	453	305	0.6733	2	9.0807	1	9.0807
group_18452	135	0	0.0000	0	0.0000	0	0.0000
group_18453	960	604	0.6292	4	8.5699	2	8.5699
group_18454	372	767	2.0618	7	38.7028	3	33.1738
group_18455	159	207	1.3019	2	25.8714	1	25.8714
group_18456	219	440	2.0091	6	56.3500	3	56.3500
group_18457	1083	302	0.2789	2	3.7983	1	3.7983
group_18458	513	0	0.0000	0	0.0000	0	0.0000
group_18460	174	148	0.8506	2	23.6411	1	23.6411
group_5141	1659	12320	7.4262	83	102.9007	41	101.6610
group_6063	393	0	0.0000	0	0.0000	0	0.0000
group_18461	288	0	0.0000	0	0.0000	0	0.0000
group_18462	189	384	2.0317	6	65.2944	3	65.2944
group_18463	1149	5171	4.5004	35	62.6520	17	60.8619
group_18464	204	855	4.1912	7	70.5756	3	60.4934
group_18466	357	524	1.4678	4	23.0451	2	23.0451
group_12094	168	0	0.0000	0	0.0000	0	0.0000
group_18467	849	1724	2.0306	13	31.4936	6	29.0710
group_18468	153	0	0.0000	0	0.0000	0	0.0000
group_18471	201	0	0.0000	0	0.0000	0	0.0000
group_18470	858	151	0.1760	1	2.3972	0	0.0000
group_18473	180	334	1.8556	3	34.2796	1	22.8531
group_13150	156	206	1.3205	2	26.3689	1	26.3689
group_8027	207	992	4.7923	7	69.5528	3	59.6167
group_9423	348	1332	3.8276	9	53.1925	4	47.2822
group_18475	510	4094	8.0275	31	125.0197	15	120.9868
group_18476	348	850	2.4425	6	35.4616	3	35.4616
group_18477	252	2407	9.5516	26	212.2070	13	212.2070
group_18479	189	0	0.0000	0	0.0000	0	0.0000
group_18480	1449	4957	3.4210	36	51.1000	18	51.1000
group_5234	1269	25956	20.4539	178	288.4996	89	288.4996
group_10437	186	0	0.0000	0	0.0000	0	0.0000
group_3134	264	0	0.0000	0	0.0000	0	0.0000
group_18483	144	0	0.0000	0	0.0000	0	0.0000
group_18485	474	0	0.0000	0	0.0000	0	0.0000
group_18486	447	0	0.0000	0	0.0000	0	0.0000
group_18487	204	805	3.9461	7	70.5756	3	60.4934
group_18488	819	752	0.9182	5	12.5566	2	10.0453
group_18489	1164	906	0.7784	6	10.6019	3	10.6019
group_5329	234	0	0.0000	0	0.0000	0	0.0000
group_5255	1089	6860	6.2994	47	88.7681	23	86.8794
group_18490	2643	27828	10.5289	185	143.9665	92	143.1883
group_18491	330	1450	4.3939	12	74.7918	6	74.7918
group_18492	135	0	0.0000	0	0.0000	0	0.0000
group_12995	528	436	0.8258	3	11.6862	1	7.7908
group_18493	222	174	0.7838	2	18.5295	1	18.5295
group_17757	159	0	0.0000	0	0.0000	0	0.0000
group_17756	225	0	0.0000	0	0.0000	0	0.0000
group_13433	303	0	0.0000	0	0.0000	0	0.0000
group_18495	174	1960	11.2644	16	189.1287	8	189.1287
group_4249	2100	104154	49.5971	707	692.4476	353	691.4682
group_14051	510	0	0.0000	0	0.0000	0	0.0000
group_2924	1143	8536	7.4681	63	113.3656	31	111.5661
group_18496	633	1011	1.5972	7	22.7447	3	19.4955
group_18497	246	0	0.0000	0	0.0000	0	0.0000
group_14524	294	1739	5.9150	12	83.9500	6	83.9500
group_6260	390	0	0.0000	0	0.0000	0	0.0000
group_6261	390	0	0.0000	0	0.0000	0	0.0000
group_5907	651	0	0.0000	0	0.0000	0	0.0000
group_6732	969	0	0.0000	0	0.0000	0	0.0000
group_18498	222	0	0.0000	0	0.0000	0	0.0000
group_4812	240	0	0.0000	0	0.0000	0	0.0000
group_18499	168	0	0.0000	0	0.0000	0	0.0000
group_18500	198	0	0.0000	0	0.0000	0	0.0000
mET2	711	1208	1.6990	8	23.1423	4	23.1423
group_7634	612	0	0.0000	0	0.0000	0	0.0000
wD40	4158	755	0.1816	5	2.4733	2	1.9786
group_4183	2127	9400	4.4194	63	60.9200	31	59.9530
group_10345	339	3229	9.5251	22	133.4780	11	133.4780
group_18504	138	0	0.0000	0	0.0000	0	0.0000
group_18508	1149	0	0.0000	0	0.0000	0	0.0000
group_18507	690	0	0.0000	0	0.0000	0	0.0000
group_18505	153	0	0.0000	0	0.0000	0	0.0000
group_18506	225	0	0.0000	0	0.0000	0	0.0000
group_18509	144	236	1.6389	2	28.5663	1	28.5663
group_18510	138	0	0.0000	0	0.0000	0	0.0000
group_18511	1146	0	0.0000	0	0.0000	0	0.0000
group_18512	486	0	0.0000	0	0.0000	0	0.0000
group_16699	363	3925	10.8127	31	175.6475	15	169.9814
group_16683	1194	66787	55.9355	455	783.7795	227	782.0569
group_18513	93	0	0.0000	0	0.0000	0	0.0000
group_8371	204	0	0.0000	0	0.0000	0	0.0000
group_18522	156	0	0.0000	0	0.0000	0	0.0000
group_18514	267	0	0.0000	0	0.0000	0	0.0000
group_18521	372	0	0.0000	0	0.0000	0	0.0000
group_18516	813	0	0.0000	0	0.0000	0	0.0000
group_18520	2121	0	0.0000	0	0.0000	0	0.0000
group_18517	321	0	0.0000	0	0.0000	0	0.0000
group_18515	570	0	0.0000	0	0.0000	0	0.0000
group_18518	225	0	0.0000	0	0.0000	0	0.0000
group_18519	249	0	0.0000	0	0.0000	0	0.0000
group_18523	414	151	0.3647	1	4.9681	0	0.0000
group_18524	237	0	0.0000	0	0.0000	0	0.0000
group_18525	312	0	0.0000	0	0.0000	0	0.0000
group_835	288	0	0.0000	0	0.0000	0	0.0000
group_18526	156	0	0.0000	0	0.0000	0	0.0000
group_18529	297	0	0.0000	0	0.0000	0	0.0000
group_18528	1215	0	0.0000	0	0.0000	0	0.0000
group_18527	333	0	0.0000	0	0.0000	0	0.0000
group_18532	108	0	0.0000	0	0.0000	0	0.0000
group_18530	144	0	0.0000	0	0.0000	0	0.0000
group_18531	306	0	0.0000	0	0.0000	0	0.0000
group_18533	408	1316	3.2255	10	50.4112	5	50.4112
group_18534	460	5768	12.5391	39	174.3788	19	169.9075
group_5078	237	0	0.0000	0	0.0000	0	0.0000
group_18535	573	832	1.4520	6	21.5369	3	21.5369
group_18536	258	0	0.0000	0	0.0000	0	0.0000
group_18537	213	151	0.7089	1	9.6562	0	0.0000
group_18538	240	0	0.0000	0	0.0000	0	0.0000
group_18539	837	528	0.6308	2	4.9146	1	4.9146
group_3597	720	0	0.0000	0	0.0000	0	0.0000
group_18540	435	417	0.9586	3	14.1847	1	9.4564
group_18541	540	1873	3.4685	13	49.5150	6	45.7061
group_18542	264	0	0.0000	0	0.0000	0	0.0000
group_18543	594	2240	3.7710	17	58.8639	8	55.4014
group_18544	129	0	0.0000	0	0.0000	0	0.0000
group_18545	459	294	0.6405	2	8.9620	1	8.9620
group_18546	252	0	0.0000	0	0.0000	0	0.0000
group_18547	207	302	1.4589	2	19.8722	1	19.8722
group_2760	90	0	0.0000	0	0.0000	0	0.0000
group_18548	1023	0	0.0000	0	0.0000	0	0.0000
group_18549	675	0	0.0000	0	0.0000	0	0.0000
group_18550	312	0	0.0000	0	0.0000	0	0.0000
group_18551	375	302	0.8053	2	10.9695	1	10.9695
group_18552	1266	0	0.0000	0	0.0000	0	0.0000
group_18554	264	0	0.0000	0	0.0000	0	0.0000
group_18553	279	234	0.8387	2	14.7439	1	14.7439
group_11272	177	0	0.0000	0	0.0000	0	0.0000
group_18555	153	0	0.0000	0	0.0000	0	0.0000
group_18556	2724	10076	3.6990	70	52.8540	35	52.8540
group_18557	219	0	0.0000	0	0.0000	0	0.0000
group_18558	936	576	0.6154	4	8.7896	2	8.7896
group_18559	108	0	0.0000	0	0.0000	0	0.0000
group_18560	102	408	4.0000	4	80.6578	2	80.6578
group_18561	217	683	3.1475	5	47.3911	2	37.9129
group_18562	171	371	2.1696	3	36.0838	1	24.0558
group_18563	147	183	1.2449	2	27.9833	1	27.9833
group_18564	234	0	0.0000	0	0.0000	0	0.0000
group_18565	273	0	0.0000	0	0.0000	0	0.0000
group_13476	519	147	0.2832	1	3.9630	0	0.0000
group_18566	99	0	0.0000	0	0.0000	0	0.0000
group_18567	192	0	0.0000	0	0.0000	0	0.0000
group_5282	405	102	0.2519	2	10.1569	1	10.1569
group_11027	180	0	0.0000	0	0.0000	0	0.0000
group_18568	225	0	0.0000	0	0.0000	0	0.0000
group_18569	126	0	0.0000	0	0.0000	0	0.0000
group_18571	279	0	0.0000	0	0.0000	0	0.0000
group_18570	1197	285	0.2381	2	3.4365	1	3.4365
group_18572	186	0	0.0000	0	0.0000	0	0.0000
group_18573	918	597	0.6503	4	8.9620	2	8.9620
group_18574	399	1113	2.7895	8	41.2386	4	41.2386
group_18575	156	0	0.0000	0	0.0000	0	0.0000
group_9428	348	0	0.0000	0	0.0000	0	0.0000
group_14924	198	0	0.0000	0	0.0000	0	0.0000
group_1848	3519	151	0.0429	1	0.5845	0	0.0000
group_18576	198	0	0.0000	0	0.0000	0	0.0000
group_18577	189	0	0.0000	0	0.0000	0	0.0000
group_7661	210	0	0.0000	0	0.0000	0	0.0000
group_18578	174	188	1.0805	2	23.6411	1	23.6411
group_18579	666	511	0.7673	4	12.3530	2	12.3530
group_18581	2025	0	0.0000	0	0.0000	0	0.0000
group_18582	852	0	0.0000	0	0.0000	0	0.0000
group_18580	255	0	0.0000	0	0.0000	0	0.0000
group_18583	1305	0	0.0000	0	0.0000	0	0.0000
group_5847	396	0	0.0000	0	0.0000	0	0.0000
group_18584	960	160	0.1667	2	4.2849	1	4.2849
group_18585	375	0	0.0000	0	0.0000	0	0.0000
group_11273	177	0	0.0000	0	0.0000	0	0.0000
group_18586	153	522	3.4118	4	53.7719	2	53.7719
group_18587	354	302	0.8531	2	11.6202	1	11.6202
group_18588	192	0	0.0000	0	0.0000	0	0.0000
group_18589	978	298	0.3047	2	4.2061	1	4.2061
group_18590	192	0	0.0000	0	0.0000	0	0.0000
group_18591	108	0	0.0000	0	0.0000	0	0.0000
group_18592	165	0	0.0000	0	0.0000	0	0.0000
group_18593	453	258	0.5695	2	9.0807	1	9.0807
group_18594	195	0	0.0000	0	0.0000	0	0.0000
group_18595	201	0	0.0000	0	0.0000	0	0.0000
group_18596	1110	0	0.0000	0	0.0000	0	0.0000
group_15108	606	302	0.4983	2	6.7880	1	6.7880
group_15104	813	0	0.0000	0	0.0000	0	0.0000
group_15109	1851	302	0.1632	2	2.2223	1	2.2223
group_15115	300	0	0.0000	0	0.0000	0	0.0000
group_15111	981	441	0.4495	4	8.3864	2	8.3864
group_15102	609	0	0.0000	0	0.0000	0	0.0000
group_15113	1779	0	0.0000	0	0.0000	0	0.0000
group_18597	204	0	0.0000	0	0.0000	0	0.0000
group_2122	117	0	0.0000	0	0.0000	0	0.0000
group_18598	243	464	1.9095	4	33.8564	2	33.8564
group_18599	669	0	0.0000	0	0.0000	0	0.0000
group_18601	120	240	2.0000	2	34.2796	1	34.2796
group_18600	324	588	1.8148	4	25.3923	2	25.3923
group_18602	375	348	0.9280	2	10.9695	1	10.9695
group_7039	624	0	0.0000	0	0.0000	0	0.0000
group_18603	696	0	0.0000	0	0.0000	0	0.0000
group_18605	240	0	0.0000	0	0.0000	0	0.0000
group_18604	840	557	0.6631	4	9.7942	2	9.7942
group_18607	771	0	0.0000	0	0.0000	0	0.0000
group_18606	675	56	0.0830	2	6.0941	1	6.0941
group_18608	1272	0	0.0000	0	0.0000	0	0.0000
group_18609	228	0	0.0000	0	0.0000	0	0.0000
group_8083	603	0	0.0000	0	0.0000	0	0.0000
group_2349	471	0	0.0000	0	0.0000	0	0.0000
group_4087	492	0	0.0000	0	0.0000	0	0.0000
group_18610	132	0	0.0000	0	0.0000	0	0.0000
group_18611	441	0	0.0000	0	0.0000	0	0.0000
group_18616	1131	0	0.0000	0	0.0000	0	0.0000
group_18614	336	0	0.0000	0	0.0000	0	0.0000
group_18612	354	0	0.0000	0	0.0000	0	0.0000
group_18613	306	0	0.0000	0	0.0000	0	0.0000
group_18615	174	0	0.0000	0	0.0000	0	0.0000
group_18617	684	0	0.0000	0	0.0000	0	0.0000
group_18618	264	224	0.8485	2	15.5816	1	15.5816
group_18619	1722	0	0.0000	0	0.0000	0	0.0000
group_18620	1869	453	0.2424	3	3.3014	1	2.2009
group_18621	159	0	0.0000	0	0.0000	0	0.0000
group_18622	1164	0	0.0000	0	0.0000	0	0.0000
group_2526	273	2341	8.5751	18	135.6115	9	135.6115
group_2043	1191	4489	3.7691	30	51.8079	15	51.8079
group_4585	417	0	0.0000	0	0.0000	0	0.0000
group_5088	237	0	0.0000	0	0.0000	0	0.0000
group_12627	162	0	0.0000	0	0.0000	0	0.0000
group_11828	171	0	0.0000	0	0.0000	0	0.0000
group_18623	294	0	0.0000	0	0.0000	0	0.0000
group_18624	138	0	0.0000	0	0.0000	0	0.0000
group_18625	207	0	0.0000	0	0.0000	0	0.0000
group_18626	1197	0	0.0000	0	0.0000	0	0.0000
group_12433	537	21728	40.4618	150	574.5182	75	574.5182
group_13752	300	0	0.0000	0	0.0000	0	0.0000
group_18628	1671	0	0.0000	0	0.0000	0	0.0000
group_18629	915	0	0.0000	0	0.0000	0	0.0000
group_18627	855	0	0.0000	0	0.0000	0	0.0000
group_12626	162	0	0.0000	0	0.0000	0	0.0000
group_7662	210	194	0.9238	2	19.5883	1	19.5883
group_14139	297	0	0.0000	0	0.0000	0	0.0000
group_6501	978	1202	1.2290	8	16.8243	4	16.8243
group_2821	1152	0	0.0000	0	0.0000	0	0.0000
group_2978	4359	52708	12.0918	355	167.5052	177	167.0334
group_16592	747	0	0.0000	0	0.0000	0	0.0000
group_18630	597	0	0.0000	0	0.0000	0	0.0000
group_18631	171	257	1.5029	2	24.0558	1	24.0558
group_18632	477	0	0.0000	0	0.0000	0	0.0000
group_3857	435	151	0.3471	1	4.7282	0	0.0000
group_18633	171	0	0.0000	0	0.0000	0	0.0000
group_8671	921	0	0.0000	0	0.0000	0	0.0000
group_18634	105	183	1.7429	2	39.1767	1	39.1767
group_18635	432	0	0.0000	0	0.0000	0	0.0000
group_18636	477	12946	27.1405	94	405.3184	47	405.3184
group_11547	552	1277	2.3134	9	33.5344	4	29.8083
group_17611	204	0	0.0000	0	0.0000	0	0.0000
group_17612	2892	32082	11.0934	184	130.8598	92	130.8598
group_17613	150	0	0.0000	0	0.0000	0	0.0000
group_17609	123	128	1.0407	2	33.4435	1	33.4435
group_18640	1854	4681	2.5248	32	35.4999	16	35.4999
group_18641	1428	6866	4.8081	49	70.5756	24	69.1353
group_18642	786	6195	7.8817	45	117.7543	22	115.1375
group_18645	432	0	0.0000	0	0.0000	0	0.0000
group_18644	570	0	0.0000	0	0.0000	0	0.0000
group_18646	1128	3320	2.9433	22	40.1144	11	40.1144
group_18650	177	275	1.5537	3	34.8606	1	23.2404
group_18651	1494	3702	2.4779	27	37.1706	13	35.7939
group_18652	2199	25152	11.4379	177	165.5522	88	164.6168
group_18653	936	4935	5.2724	33	72.5145	16	70.3171
group_18647	1128	12854	11.3954	88	160.4576	44	160.4576
group_18648	1227	8037	6.5501	56	93.8707	28	93.8707
group_18649	2882	14176	4.9188	98	69.9389	49	69.9389
group_18654	384	0	0.0000	0	0.0000	0	0.0000
group_18655	1068	7288	6.8240	48	92.4393	24	92.4393
group_18656	2136	2937	1.3750	21	20.2211	10	19.2582
group_6472	1722	302	0.1754	2	2.3888	1	2.3888
moeA	1221	2255	1.8468	16	26.9520	8	26.9520
group_6474	144	199	1.3819	2	28.5663	1	28.5663
group_6475	405	584	1.4420	4	20.3138	2	20.3138
group_18657	738	521	0.7060	4	11.1478	2	11.1478
group_18658	852	528	0.6197	4	9.6562	2	9.6562
group_18659	579	3933	6.7927	29	103.0164	14	99.4641
group_18661	507	1519	2.9961	11	44.6243	5	40.5676
group_18662	672	5223	7.7723	37	113.2451	18	110.1844
group_18660	471	755	1.6030	5	21.8341	2	17.4673
group_18665	564	0	0.0000	0	0.0000	0	0.0000
group_18666	225	538	2.3911	6	54.8473	3	54.8473
group_18667	105	0	0.0000	0	0.0000	0	0.0000
group_18668	225	0	0.0000	0	0.0000	0	0.0000
group_18669	339	0	0.0000	0	0.0000	0	0.0000
group_18670	906	4415	4.8731	30	68.1051	15	68.1051
group_18671	519	2508	4.8324	18	71.3332	9	71.3332
group_18663	417	906	2.1727	6	29.5939	3	29.5939
group_18664	639	151	0.2363	1	3.2187	0	0.0000
group_18673	408	1366	3.3480	10	50.4112	5	50.4112
group_18674	270	1190	4.4074	11	83.7945	5	76.1769
group_18675	465	1105	2.3763	8	35.3854	4	35.3854
group_18672	678	3234	4.7699	23	69.7726	11	66.7390
group_18676	657	5586	8.5023	40	125.2222	20	125.2222
group_18686	741	0	0.0000	0	0.0000	0	0.0000
group_18687	2304	302	0.1311	2	1.7854	1	1.7854
group_18688	765	10486	13.7072	71	190.8902	35	188.2016
group_18689	327	151	0.4618	1	6.2898	0	0.0000
group_18690	735	1886	2.5660	14	39.1767	7	39.1767
group_6789	219	0	0.0000	0	0.0000	0	0.0000
group_6566	813	3347	4.1169	23	58.1868	11	55.6569
group_18691	1011	4098	4.0534	28	56.9631	14	56.9631
group_6616	729	2079	2.8519	15	42.3205	7	39.4991
group_13136	525	2259	4.3029	15	58.7650	7	54.8473
group_18692	456	1989	4.3618	14	63.1466	7	63.1466
group_18693	774	449	0.5801	4	10.6293	2	10.6293
group_18694	468	453	0.9679	3	13.1845	1	8.7896
group_18695	654	3299	5.0443	23	72.3331	11	69.1882
group_18696	1401	2520	1.7987	18	26.4254	9	26.4254
group_18699	1101	12441	11.2997	86	160.6564	43	160.6564
group_18700	2154	16010	7.4327	121	115.5384	60	114.5836
group_18701	303	997	3.2904	8	54.3043	4	54.3043
group_18702	540	2535	4.6944	18	68.5592	9	68.5592
group_18703	183	571	3.1202	4	44.9568	2	44.9568
group_18704	2226	6813	3.0606	47	43.4270	23	42.5030
group_18705	1446	501	0.3465	4	5.6896	2	5.6896
group_18706	747	2102	2.8139	14	38.5473	7	38.5473
group_18707	1491	3675	2.4648	28	38.6249	14	38.6249
group_18708	1593	462	0.2900	4	5.1645	2	5.1645
group_18709	1041	11211	10.7695	84	165.9646	42	165.9646
group_18710	915	2346	2.5639	16	35.9655	8	35.9655
group_18711	633	3034	4.7930	21	68.2342	10	64.9850
group_18712	147	0	0.0000	0	0.0000	0	0.0000
group_18713	357	811	2.2717	6	34.5676	3	34.5676
group_18714	261	1589	6.0881	12	94.5644	6	94.5644
group_18715	132	90	0.6818	1	15.5816	0	0.0000
group_18716	408	1209	2.9632	9	45.3700	4	40.3289
group_18717	336	1817	5.4077	14	85.6990	7	85.6990
group_18718	225	606	2.6933	5	45.7061	2	36.5649
group_18697	297	1288	4.3367	9	62.3265	4	55.4014
group_18698	165	0	0.0000	0	0.0000	0	0.0000
group_18719	285	672	2.3579	6	43.3005	3	43.3005
group_18720	1011	1921	1.9001	13	26.4472	6	24.4128
group_18721	1356	8139	6.0022	57	86.4574	28	84.9406
group_18722	201	302	1.5025	2	20.4654	1	20.4654
group_18723	939	5487	5.8435	38	83.2348	19	83.2348
group_18724	783	3661	4.6756	26	68.2965	13	68.2965
group_18725	1035	21408	20.6841	151	300.0706	75	298.0834
group_18726	2253	3168	1.4061	21	19.1710	10	18.2581
group_18727	318	1089	3.4245	8	51.7428	4	51.7428
group_18738	351	302	0.8604	2	11.7195	1	11.7195
group_18737	465	302	0.6495	2	8.8463	1	8.8463
group_18728	702	275	0.3917	2	5.8598	1	5.8598
group_18729	1137	8030	7.0624	58	104.9190	29	104.9190
group_18730	2319	14044	6.0561	96	85.1446	48	85.1446
group_18731	792	746	0.9419	5	12.9847	2	10.3878
group_18732	2430	3498	1.4395	24	20.3138	12	20.3138
group_18733	492	1508	3.0650	10	41.8044	5	41.8044
group_18734	2214	204530	92.3803	1413	1312.6573	706	1311.7283
group_18735	1407	50265	35.7249	342	499.9411	171	499.9411
group_18736	795	16822	21.1597	115	297.5209	57	294.9338
group_6682	288	302	1.0486	2	14.2832	1	14.2832
group_6683	210	376	1.7905	4	39.1767	2	39.1767
group_6685	2967	11253	3.7927	77	53.3777	38	52.6845
group_6686	297	0	0.0000	0	0.0000	0	0.0000
group_6687	390	151	0.3872	1	5.2738	0	0.0000
group_6688	231	455	1.9697	4	35.6152	2	35.6152
group_18739	90	0	0.0000	0	0.0000	0	0.0000
group_18740	201	0	0.0000	0	0.0000	0	0.0000
group_18741	3531	48256	13.6664	301	175.3297	150	174.7473
group_18742	546	1510	2.7656	10	37.6699	5	37.6699
group_18743	306	898	2.9346	6	40.3289	3	40.3289
group_18744	348	826	2.3736	6	35.4616	3	35.4616
group_18745	627	3518	5.6108	26	85.2889	13	85.2889
group_18746	207	377	1.8213	3	29.8083	1	19.8722
group_18747	900	3655	4.0611	25	57.1326	12	54.8473
group_18748	399	1236	3.0977	10	51.5482	5	51.5482
group_18749	255	1134	4.4471	8	64.5263	4	64.5263
group_18750	657	0	0.0000	0	0.0000	0	0.0000
group_18751	420	1572	3.7429	12	58.7650	6	58.7650
group_6697	426	237	0.5563	2	9.6562	1	9.6562
group_18752	348	0	0.0000	0	0.0000	0	0.0000
group_18753	321	1013	3.1558	7	44.8518	3	38.4444
group_18754	618	3801	6.1505	27	89.8591	13	86.5310
group_18755	933	3777	4.0482	26	57.3163	13	57.3163
group_18756	219	479	2.1872	4	37.5667	2	37.5667
group_18757	1122	4573	4.0758	31	56.8271	15	54.9940
group_18758	339	1186	3.4985	10	60.6718	5	60.6718
group_18759	1416	6611	4.6688	45	65.3636	22	63.9111
group_18778	1173	0	0.0000	0	0.0000	0	0.0000
group_18760	924	0	0.0000	0	0.0000	0	0.0000
group_18762	2667	604	0.2265	4	3.0848	2	3.0848
group_18763	183	0	0.0000	0	0.0000	0	0.0000
group_18764	1002	13676	13.6487	97	199.1090	48	197.0563
group_18765	2244	4592	2.0463	32	29.3301	16	29.3301
group_18766	792	1510	1.9066	10	25.9694	5	25.9694
group_18767	357	302	0.8459	2	11.5225	1	11.5225
group_18761	156	145	0.9295	1	13.1845	0	0.0000
group_18777	468	1208	2.5812	8	35.1585	4	35.1585
group_18768	996	13677	13.7319	98	202.3735	49	202.3735
group_18769	555	3326	5.9928	24	88.9416	12	88.9416
group_18770	624	2343	3.7548	17	56.0339	8	52.7378
group_18771	1164	10161	8.7294	73	128.9902	36	127.2232
group_18772	252	929	3.6865	8	65.2944	4	65.2944
group_18773	1011	20338	20.1167	141	286.8499	70	284.8155
group_18774	1113	3498	3.1429	27	49.8948	13	48.0469
group_18775	147	147	1.0000	1	13.9917	0	0.0000
group_18776	261	151	0.5785	1	7.8804	0	0.0000
group_18779	603	599	0.9934	5	17.0545	2	13.6436
group_18780	1032	3160	3.0620	22	43.8460	11	43.8460
group_18784	864	2505	2.8993	18	42.8495	9	42.8495
group_18782	294	433	1.4728	3	20.9875	1	13.9917
group_18781	984	2038	2.0711	14	29.2631	7	29.2631
group_18783	219	97	0.4429	1	9.3917	0	0.0000
group_18785	420	0	0.0000	0	0.0000	0	0.0000
group_18787	417	0	0.0000	0	0.0000	0	0.0000
group_18786	3189	4387	1.3757	28	18.0589	14	18.0589
group_18788	258	134	0.5194	2	15.9440	1	15.9440
group_18790	471	3162	6.7134	24	104.8038	12	104.8038
group_18791	327	860	2.6300	7	44.0288	3	37.7390
group_18792	3000	18321	6.1070	127	87.0701	63	86.3846
group_18793	876	4066	4.6416	29	68.0896	14	65.7417
group_18789	600	687	1.1450	5	17.1398	2	13.7118
group_18794	924	3312	3.5844	22	48.9708	11	48.9708
group_18795	450	178	0.3956	2	9.1412	1	9.1412
group_18796	840	3991	4.7512	29	71.0077	14	68.5592
group_18798	162	0	0.0000	0	0.0000	0	0.0000
group_18797	198	0	0.0000	0	0.0000	0	0.0000
group_18799	219	0	0.0000	0	0.0000	0	0.0000
group_11551	174	0	0.0000	0	0.0000	0	0.0000
group_18800	165	0	0.0000	0	0.0000	0	0.0000
group_18801	393	1101	2.8015	15	78.5029	7	73.2693
group_18802	267	300	1.1236	2	15.4066	1	15.4066
group_18803	93	0	0.0000	0	0.0000	0	0.0000
group_14815	1002	604	0.6028	4	8.2107	2	8.2107
ykfC	831	302	0.3634	2	4.9501	1	4.9501
group_7508	369	0	0.0000	0	0.0000	0	0.0000
group_7290	951	0	0.0000	0	0.0000	0	0.0000
group_4290	423	302	0.7139	2	9.7247	1	9.7247
group_18804	241	408	1.6929	6	51.2060	3	51.2060
group_18805	153	243	1.5882	2	26.8859	1	26.8859
group_18806	333	1156	3.4715	10	61.7650	5	61.7650
group_18807	426	1133	2.6596	7	33.7968	3	28.9687
group_18808	231	0	0.0000	0	0.0000	0	0.0000
group_18809	141	1113	7.8936	12	175.0447	6	175.0447
group_18810	378	775	2.0503	7	38.0884	3	32.6472
group_18811	615	383	0.6228	3	10.0330	1	6.6887
group_18812	174	0	0.0000	0	0.0000	0	0.0000
group_18813	549	182	0.3315	2	7.4928	1	7.4928
group_18814	411	0	0.0000	0	0.0000	0	0.0000
group_18815	195	0	0.0000	0	0.0000	0	0.0000
group_18816	681	2969	4.3598	22	66.4450	11	66.4450
group_18817	501	0	0.0000	0	0.0000	0	0.0000
group_18818	399	0	0.0000	0	0.0000	0	0.0000
group_18819	381	579	1.5197	4	21.5934	2	21.5934
group_18820	240	0	0.0000	0	0.0000	0	0.0000
group_18821	156	0	0.0000	0	0.0000	0	0.0000
group_3388	261	616	2.3602	4	31.5215	2	31.5215
group_18822	1278	0	0.0000	0	0.0000	0	0.0000
group_18823	1305	0	0.0000	0	0.0000	0	0.0000
group_4898	1929	0	0.0000	0	0.0000	0	0.0000
group_9598	1464	0	0.0000	0	0.0000	0	0.0000
group_2311	1182	0	0.0000	0	0.0000	0	0.0000
group_4208	2118	835	0.3942	6	5.8266	3	5.8266
group_18824	987	0	0.0000	0	0.0000	0	0.0000
group_18825	2391	3291	1.3764	20	17.2043	10	17.2043
group_5609	231	0	0.0000	0	0.0000	0	0.0000
group_18826	915	0	0.0000	0	0.0000	0	0.0000
group_18827	120	0	0.0000	0	0.0000	0	0.0000
group_6550	636	0	0.0000	0	0.0000	0	0.0000
group_18828	213	926	4.3474	8	77.2498	4	77.2498
group_13165	156	0	0.0000	0	0.0000	0	0.0000
group_18829	327	302	0.9235	2	12.5797	1	12.5797
group_18830	186	0	0.0000	0	0.0000	0	0.0000
group_18831	240	530	2.2083	4	34.2796	2	34.2796
group_18832	726	3392	4.6722	25	70.8256	12	67.9926
group_18833	168	0	0.0000	0	0.0000	0	0.0000
group_18834	495	2025	4.0909	17	70.6367	8	66.4816
group_18835	249	0	0.0000	0	0.0000	0	0.0000
group_18836	246	0	0.0000	0	0.0000	0	0.0000
group_18837	771	7644	9.9144	53	141.3866	26	138.7189
group_18838	528	8180	15.4924	60	233.7244	30	233.7244
group_4335	246	1830	7.4390	15	125.4131	7	117.0522
group_18839	951	2404	2.5279	18	38.9295	9	38.9295
group_18840	267	0	0.0000	0	0.0000	0	0.0000
group_18841	117	0	0.0000	0	0.0000	0	0.0000
group_18842	126	0	0.0000	0	0.0000	0	0.0000
group_18843	171	200	1.1696	2	24.0558	1	24.0558
group_18844	138	0	0.0000	0	0.0000	0	0.0000
group_18845	366	151	0.4126	1	5.6196	0	0.0000
group_18846	108	0	0.0000	0	0.0000	0	0.0000
group_18847	153	0	0.0000	0	0.0000	0	0.0000
group_18848	252	556	2.2063	4	32.6472	2	32.6472
group_18849	846	3194	3.7754	23	55.9171	11	53.4859
group_18850	174	0	0.0000	0	0.0000	0	0.0000
group_18851	102	0	0.0000	0	0.0000	0	0.0000
group_18852	174	312	1.7931	4	47.2822	2	47.2822
group_18853	510	882	1.7294	6	24.1974	3	24.1974
group_18855	297	1057	3.5589	7	48.4762	3	41.5510
group_18854	573	762	1.3298	6	21.5369	3	21.5369
group_18856	300	0	0.0000	0	0.0000	0	0.0000
group_18858	693	1813	2.6162	12	35.6152	6	35.6152
group_18857	282	302	1.0709	2	14.5871	1	14.5871
group_6588	975	14272	14.6379	97	204.6228	48	202.5132
group_18859	348	485	1.3937	4	23.6411	2	23.6411
group_18860	765	2111	2.7595	14	37.6403	7	37.6403
group_18861	561	2184	3.8930	17	62.3265	8	58.6603
group_18862	279	302	1.0824	2	14.7439	1	14.7439
group_18863	174	251	1.4425	2	23.6411	1	23.6411
group_18864	720	931	1.2931	7	19.9964	3	17.1398
group_18865	138	672	4.8696	6	89.4250	3	89.4250
group_18866	144	268	1.8611	2	28.5663	1	28.5663
group_7851	987	20320	20.5876	144	300.0766	72	300.0766
group_7853	633	13093	20.6840	93	302.1802	46	298.9310
group_7855	1089	6066	5.5702	41	77.4360	20	75.5473
group_7858	1416	28268	19.9633	192	278.8848	96	278.8848
acoB	984	52114	52.9614	354	739.9374	177	739.9374
group_7861	498	3047	6.1185	23	94.9916	11	90.8616
group_7864	2322	20569	8.8583	140	124.0088	70	124.0088
group_7866	306	1737	5.6765	13	87.3793	6	80.6578
group_18868	1626	5258	3.2337	38	48.0673	19	48.0673
lldD	1164	13864	11.9107	101	178.4659	50	176.6989
group_7869	234	1074	4.5897	8	70.3171	4	70.3171
ccmK	309	2075	6.7152	17	113.1559	8	106.4997
group_7880	1356	11392	8.4012	80	121.3437	40	121.3437
rpmI	204	2797	13.7108	21	211.7269	10	201.6446
group_18871	348	5210	14.9713	38	224.5904	19	224.5904
group_18873	195	485	2.4872	5	52.7378	2	42.1903
group_18875	711	3632	5.1083	26	75.2126	13	75.2126
group_18877	696	4727	6.7917	34	100.4746	17	100.4746
group_7889	1119	10410	9.3029	70	128.6633	35	128.6633
group_7899	486	4001	8.2325	30	126.9614	15	126.9614
group_7898	222	826	3.7207	6	55.5885	3	55.5885
group_7900	258	510	1.9767	4	31.8880	2	31.8880
group_7897	315	3761	11.9397	30	195.8833	15	195.8833
group_7910	225	827	3.6756	6	54.8473	3	54.8473
group_18879	885	4604	5.2023	31	72.0452	15	69.7212
group_7908	1074	38773	36.1015	261	499.8308	130	497.9158
psaJ	129	0	0.0000	0	0.0000	0	0.0000
group_18890	168	150	0.8929	1	12.2427	0	0.0000
ccdA	729	2424	3.3251	17	47.9632	8	45.1418
group_18893	1359	22785	16.7660	159	240.6382	79	239.1247
group_7926	663	1103	1.6637	9	27.9200	4	24.8178
group_7927	213	151	0.7089	1	9.6562	0	0.0000
group_7929	606	15198	25.0792	105	356.3719	52	352.9779
group_18894	384	9914	25.8177	77	412.4263	38	407.0701
group_18896	183	676	3.6940	5	56.1960	2	44.9568
group_18897	489	2673	5.4663	21	88.3278	10	84.1217
group_7934	798	10337	12.9536	73	188.1511	36	185.5737
group_18901	1788	36666	20.5067	263	302.5346	131	301.3843
group_18905	504	3803	7.5456	27	110.1844	13	106.1035
group_18903	744	13851	18.6169	95	262.6259	47	259.8614
group_18904	363	7834	21.5813	54	305.9666	27	305.9666
group_18906	96	0	0.0000	0	0.0000	0	0.0000
rplM	456	4832	10.5965	35	157.8665	17	153.3560
group_18907	414	6308	15.2367	48	238.4667	24	238.4667
group_18909	234	1346	5.7521	9	79.1067	4	70.3171
folE	699	17595	25.1717	124	364.8643	62	364.8643
group_18912	576	2807	4.8733	19	67.8450	9	64.2742
group_7953	177	217	1.2260	2	23.2404	1	23.2404
group_7963	1431	19876	13.8896	138	198.3473	69	198.3473
dedA	606	4075	6.7244	28	95.0325	14	95.0325
ahcY	1278	33422	26.1518	232	373.3739	116	373.3739
group_4539	1173	27634	23.5584	192	336.6588	96	336.6588
oLE1	834	11496	13.7842	80	197.2926	40	197.2926
group_18916	1143	13371	11.6982	99	178.1459	49	176.3464
group_7973	186	423	2.2742	4	44.2317	2	44.2317
group_7975	1659	10675	6.4346	73	90.5031	36	89.2633
group_18918	216	453	2.0972	3	28.5663	1	19.0442
group_7990	336	2022	6.0179	17	104.0630	8	97.9417
group_7993	687	13458	19.5895	99	296.3912	49	293.3973
group_18922	600	11701	19.5017	85	291.3765	42	287.9485
group_8000	213	151	0.7089	1	9.6562	0	0.0000
group_18924	672	884	1.3155	6	18.3641	3	18.3641
group_8006	1344	9508	7.0744	66	101.0024	33	101.0024
group_8008	444	280	0.6306	2	9.2648	1	9.2648
group_18931	510	2211	4.3353	16	64.5263	8	64.5263
group_8012	588	453	0.7704	3	10.4938	1	6.9958
group_8014	153	151	0.9869	1	13.4430	0	0.0000
group_18936	309	1652	5.3463	12	79.8748	6	79.8748
group_18375	120	210	1.7500	2	34.2796	1	34.2796
group_18937	801	1804	2.2522	13	33.3809	6	30.8131
group_8016	417	2028	4.8633	16	78.9170	8	78.9170
group_8017	315	907	2.8794	7	45.7061	3	39.1767
group_18900	1359	10351	7.6166	74	111.9951	37	111.9951
sWEET	255	1129	4.4275	9	72.5921	4	64.5263
group_18872	957	9511	9.9383	57	122.5038	28	120.3547
ree1	615	1184	1.9252	8	26.7548	4	26.7548
group_18938	1224	5417	4.4257	40	67.2149	20	67.2149
group_18939	2052	34256	16.6940	231	231.5376	115	230.5352
group_18940	426	9489	22.2746	66	318.6553	33	318.6553
group_18943	501	3020	6.0279	20	82.1068	10	82.1068
group_8028	324	1773	5.4722	15	95.2211	7	88.8730
group_8031	504	2210	4.3849	16	65.2944	8	65.2944
group_8032	348	755	2.1695	5	29.5514	2	23.6411
group_8036	987	37001	37.4883	257	535.5534	128	533.4695
group_18944	273	16486	60.3883	128	964.3488	64	964.3488
group_18950	783	7781	9.9374	56	147.1001	28	147.1001
group_18951	267	559	2.0936	5	38.5164	2	30.8131
group_18955	408	464	1.1373	4	20.1645	2	20.1645
group_18953	828	4337	5.2379	29	72.0368	14	69.5528
group_18956	588	5766	9.8061	43	150.4104	21	146.9125
group_8049	393	5670	14.4275	34	177.9398	17	177.9398
group_8052	210	302	1.4381	2	19.5883	1	19.5883
group_8055	2052	44653	21.7607	310	310.7214	155	310.7214
group_8058	348	906	2.6034	6	35.4616	3	35.4616
group_18899	291	1600	5.4983	14	98.9514	7	98.9514
group_18957	342	2142	6.2632	18	108.2513	9	108.2513
group_8089	237	858	3.6203	6	52.0703	3	52.0703
group_18958	189	151	0.7989	1	10.8824	0	0.0000
group_18959	177	0	0.0000	0	0.0000	0	0.0000
group_8104	399	5571	13.9624	40	206.1930	20	206.1930
group_8106	222	4530	20.4054	37	342.7959	18	333.5311
group_8109	447	1810	4.0492	12	55.2154	6	55.2154
rpsU	183	337	1.8415	3	33.7176	1	22.4784
group_18965	207	192	0.9275	2	19.8722	1	19.8722
group_8124	360	1036	2.8778	7	39.9929	3	34.2796
group_8127	348	1200	3.4483	10	59.1027	5	59.1027
group_8130	153	281	1.8366	2	26.8859	1	26.8859
group_8136	339	2798	8.2537	23	139.5452	11	133.4780
group_8143	585	2165	3.7009	15	52.7378	7	49.2220
group_18928	1284	12024	9.3645	84	134.5554	42	134.5554
group_8172	273	0	0.0000	0	0.0000	0	0.0000
group_8173	225	552	2.4533	6	54.8473	3	54.8473
group_8177	216	441	2.0417	3	28.5663	1	19.0442
group_8189	156	953	6.1090	10	131.8446	5	131.8446
group_8193	348	7588	21.8046	57	336.8856	28	330.9753
group_18966	984	5522	5.6118	38	79.4283	19	79.4283
group_18967	813	2405	2.9582	16	40.4777	8	40.4777
group_8204	1359	9164	6.7432	66	99.8875	33	99.8875
group_18969	591	3488	5.9019	26	90.4842	13	90.4842
group_8208	411	1246	3.0316	9	45.0389	4	40.0346
group_8211	234	906	3.8718	6	52.7378	3	52.7378
group_8212	2571	36882	14.3454	255	203.9975	127	203.1975
group_8215	246	787	3.1992	6	50.1652	3	50.1652
group_8218	225	231	1.0267	2	18.2824	1	18.2824
group_8220	705	5801	8.2284	42	122.5313	21	122.5313
group_8222	363	1656	4.5620	13	73.6586	6	67.9926
group_18974	159	717	4.5094	6	77.6142	3	77.6142
group_15605	213	3046	14.3005	22	212.4369	11	212.4369
group_8242	486	406	0.8354	3	12.6961	1	8.4641
group_8243	462	1835	3.9719	14	62.3265	7	62.3265
group_8245	1056	1208	1.1439	8	15.5816	4	15.5816
mutM	858	3385	3.9452	24	57.5322	12	57.5322
group_18639	1374	12253	8.9178	88	131.7294	44	131.7294
group_18914	1533	4762	3.1063	34	45.6167	17	45.6167
group_18975	342	151	0.4415	1	6.0140	0	0.0000
group_8274	312	0	0.0000	0	0.0000	0	0.0000
group_8275	339	8750	25.8112	64	388.2997	32	388.2997
group_18869	1176	11356	9.6565	79	138.1677	39	136.4188
group_8291	336	1650	4.9107	12	73.4563	6	73.4563
group_8294	2646	5732	2.1663	42	32.6472	21	32.6472
group_18976	381	1464	3.8425	10	53.9836	5	53.9836
group_18978	1812	30990	17.1026	215	244.0434	107	242.9083
group_8302	756	3039	4.0198	22	59.8532	11	59.8532
group_8305	822	2924	3.5572	20	50.0432	10	50.0432
group_8310	1374	15570	11.3319	108	161.6679	54	161.6679
group_18638	534	453	0.8483	3	11.5549	1	7.7033
group_8312	225	930	4.1333	7	63.9886	3	54.8473
group_18886	582	3029	5.2045	21	74.2135	10	70.6796
group_18887	744	2878	3.8683	21	58.0541	10	55.2897
group_18888	948	2888	3.0464	20	43.3919	10	43.3919
group_18979	246	807	3.2805	7	58.5261	3	50.1652
group_18980	243	341	1.4033	4	33.8564	2	33.8564
cobT	1074	3197	2.9767	21	40.2163	10	38.3012
group_8356	208	0	0.0000	0	0.0000	0	0.0000
group_8359	951	4263	4.4826	30	64.8825	15	64.8825
group_8369	822	6633	8.0693	47	117.6015	23	115.0993
group_8368	1248	3903	3.1274	29	47.7937	14	46.1456
thiD	801	3128	3.9051	22	56.4907	11	56.4907
group_18983	1434	4275	2.9812	32	45.8974	16	45.8974
group_18981	381	1712	4.4934	14	75.5770	7	75.5770
group_18984	678	1377	2.0310	10	30.3359	5	30.3359
group_18942	588	3204	5.4490	22	76.9542	11	76.9542
group_18985	810	3160	3.9012	22	55.8630	11	55.8630
group_18986	1638	3668	2.2393	26	32.6472	13	32.6472
group_18987	411	3156	7.6788	23	115.0993	11	110.0950
group_18989	2628	3721	1.4159	25	19.5660	12	18.7833
group_18988	1350	6169	4.5696	43	65.5121	21	63.9886
group_8390	417	0	0.0000	0	0.0000	0	0.0000
tVP38	651	4125	6.3364	29	91.6229	14	88.4634
group_18990	1008	6934	6.8790	48	97.9417	24	97.9417
group_18991	240	453	1.8875	3	25.7097	1	17.1398
group_18992	246	951	3.8659	7	58.5261	3	50.1652
group_18993	2136	3297	1.5435	23	22.1469	11	21.1840
group_18995	1194	2861	2.3961	20	34.4518	10	34.4518
group_8404	771	1661	2.1543	11	29.3444	5	26.6767
group_8407	753	302	0.4011	2	5.4629	1	5.4629
group_8408	198	0	0.0000	0	0.0000	0	0.0000
group_18915	2034	10895	5.3564	77	77.8622	38	76.8510
group_18996	1626	5974	3.6740	42	53.1270	21	53.1270
group_19001	582	1247	2.1426	9	31.8058	4	28.2718
group_8420	618	3401	5.5032	25	83.2029	12	79.8748
group_19003	528	2204	4.1742	16	62.3265	8	62.3265
group_18946	1491	9163	6.1455	63	86.9060	31	85.5265
group_18892	876	4699	5.3642	33	77.4813	16	75.1333
group_18970	951	7849	8.2534	52	112.4630	26	112.4630
group_18971	504	302	0.5992	2	8.1618	1	8.1618
group_18972	864	792	0.9167	7	16.6637	3	14.2832
group_18973	513	2222	4.3314	16	64.1489	8	64.1489
group_18677	369	792	2.1463	6	33.4435	3	33.4435
group_18678	663	2518	3.7979	19	58.9423	9	55.8400
group_19004	1407	2979	2.1173	20	29.2363	10	29.2363
group_19005	858	2095	2.4417	15	35.9576	7	33.5604
group_19006	1038	5749	5.5385	39	77.2777	19	75.2962
group_8444	765	2679	3.5020	22	59.1491	11	59.1491
group_18878	813	8467	10.4145	61	154.3214	30	151.7915
group_18880	975	3072	3.1508	21	44.2998	10	42.1903
group_18881	1014	6586	6.4951	46	93.3054	23	93.3054
group_19009	372	149	0.4005	1	5.5290	0	0.0000
group_19010	1851	14882	8.0400	101	112.2281	50	111.1170
group_8455	1734	17004	9.8062	118	139.9651	59	139.9651
group_19014	678	1634	2.4100	12	36.4031	6	36.4031
group_19012	573	4456	7.7766	31	111.2740	15	107.6846
group_19017	285	302	1.0596	2	14.4335	1	14.4335
group_19018	288	950	3.2986	7	49.9911	3	42.8495
group_19019	1290	1963	1.5217	13	20.7272	6	19.1328
araD	612	719	1.1748	5	16.8037	2	13.4430
group_18932	1161	5407	4.6572	40	70.8622	20	70.8622
group_19020	783	2995	3.8250	21	55.1626	10	52.5358
group_19021	891	1057	1.1863	7	16.1587	3	13.8503
group_19022	234	393	1.6795	3	26.3689	1	17.5793
group_19023	201	4559	22.6816	35	358.1449	17	347.9122
group_19025	447	663	1.4832	6	27.6077	3	27.6077
group_19026	468	2227	4.7585	17	74.7119	8	70.3171
group_8482	213	141	0.6620	1	9.6562	0	0.0000
group_8486	213	0	0.0000	0	0.0000	0	0.0000
group_19028	339	2410	7.1091	17	103.1421	8	97.0749
group_19029	399	0	0.0000	0	0.0000	0	0.0000
group_8494	210	3512	16.7238	27	264.4425	13	254.6484
group_19030	1359	0	0.0000	0	0.0000	0	0.0000
group_18999	750	2397	3.1960	17	46.6202	8	43.8779
group_8505	1338	14370	10.7399	101	155.2573	50	153.7201
group_8506	732	3394	4.6366	24	67.4353	12	67.4353
group_8513	117	0	0.0000	0	0.0000	0	0.0000
group_8516	657	4737	7.2100	34	106.4389	17	106.4389
group_19033	504	1227	2.4345	10	40.8090	5	40.8090
group_8530	957	3504	3.6614	29	62.3265	14	60.1773
group_19034	1521	14091	9.2643	100	135.2252	50	135.2252
group_8544	378	151	0.3995	1	5.4412	0	0.0000
group_8563	690	1922	2.7855	15	44.7125	7	41.7317
group_8566	142	0	0.0000	0	0.0000	0	0.0000
group_19035	150	0	0.0000	0	0.0000	0	0.0000
group_19036	132	0	0.0000	0	0.0000	0	0.0000
group_8589	468	151	0.3226	1	4.3948	0	0.0000
group_8595	474	474	1.0000	4	17.3568	2	17.3568
group_18930	1119	7431	6.6408	51	93.7404	25	91.9024
group_8609	744	3213	4.3185	22	60.8186	11	60.8186
group_19037	279	0	0.0000	0	0.0000	0	0.0000
group_8612	231	0	0.0000	0	0.0000	0	0.0000
group_6559	657	302	0.4597	2	6.2611	1	6.2611
group_8631	822	0	0.0000	0	0.0000	0	0.0000
group_8647	762	3924	5.1496	29	78.2762	14	75.5770
group_8650	444	8756	19.7207	62	287.2073	31	287.2073
group_19038	810	4596	5.6741	32	81.2553	16	81.2553
group_8659	261	604	2.3142	4	31.5215	2	31.5215
group_8660	297	272	0.9158	2	13.8503	1	13.8503
group_8663	318	1170	3.6792	8	51.7428	4	51.7428
group_19041	573	0	0.0000	0	0.0000	0	0.0000
group_19043	234	0	0.0000	0	0.0000	0	0.0000
group_19045	468	0	0.0000	0	0.0000	0	0.0000
group_8675	831	5253	6.3213	38	94.0523	19	94.0523
group_19048	240	0	0.0000	0	0.0000	0	0.0000
group_8689	201	0	0.0000	0	0.0000	0	0.0000
group_8693	666	2155	3.2357	16	49.4120	8	49.4120
group_8695	1092	4108	3.7619	29	54.6213	14	52.7378
group_19008	186	1345	7.2312	11	121.6372	5	110.5793
group_19039	834	0	0.0000	0	0.0000	0	0.0000
group_19040	1944	0	0.0000	0	0.0000	0	0.0000
group_19042	324	0	0.0000	0	0.0000	0	0.0000
group_19044	570	0	0.0000	0	0.0000	0	0.0000
group_19047	702	0	0.0000	0	0.0000	0	0.0000
group_8728	255	736	2.8863	5	40.3289	2	32.2631
group_16765	153	223	1.4575	2	26.8859	1	26.8859
group_16766	252	0	0.0000	0	0.0000	0	0.0000
group_8740	168	0	0.0000	0	0.0000	0	0.0000
group_8741	243	0	0.0000	0	0.0000	0	0.0000
group_6868	546	2848	5.2161	21	79.1067	10	75.3397
group_8753	1806	0	0.0000	0	0.0000	0	0.0000
group_18968	666	2129	3.1967	16	49.4120	8	49.4120
group_8763	261	1628	6.2375	12	94.5644	6	94.5644
group_19050	270	151	0.5593	1	7.6177	0	0.0000
group_8769	372	622	1.6720	5	27.6448	2	22.1159
group_8770	378	5414	14.3228	38	206.7658	19	206.7658
group_19053	957	3775	3.9446	25	53.7298	12	51.5806
group_19054	687	5626	8.1892	39	116.7602	19	113.7663
group_19055	171	0	0.0000	0	0.0000	0	0.0000
group_7015	759	4272	5.6285	29	78.5856	14	75.8758
group_7024	864	453	0.5243	3	7.1416	1	4.7611
group_8799	894	151	0.1689	1	2.3006	0	0.0000
group_8801	519	151	0.2909	1	3.9630	0	0.0000
group_8803	1341	2390	1.7823	17	26.0740	8	24.5402
group_8815	129	233	1.8062	2	31.8880	1	31.8880
group_8817	432	866	2.0046	6	28.5663	3	28.5663
group_8831	513	15455	30.1267	110	441.0239	55	441.0239
group_8836	999	6430	6.4364	43	88.5299	21	86.4710
group_8843	552	18411	33.3533	128	476.9334	64	476.9334
tnpISMae29	450	3167	7.0378	26	118.8359	13	118.8359
group_19058	2988	32063	10.7306	232	159.6961	116	159.6961
group_8919	975	4744	4.8656	32	67.5044	16	67.5044
group_19060	468	1244	2.6581	9	39.5534	4	35.1585
group_18998	351	755	2.1510	5	29.2988	2	23.4390
group_8924	348	3971	11.4109	29	171.3979	14	165.4877
group_8938	225	0	0.0000	0	0.0000	0	0.0000
group_8942	900	3335	3.7056	27	61.7033	13	59.4179
group_19061	210	1495	7.1190	12	117.5300	6	117.5300
group_8952	351	313	0.8917	3	17.5793	1	11.7195
group_8974	195	0	0.0000	0	0.0000	0	0.0000
group_8989	687	2162	3.1470	15	44.9078	7	41.9139
group_19064	342	1812	5.2982	14	84.1955	7	84.1955
group_18885	213	206	0.9671	2	19.3124	1	19.3124
group_19065	381	1788	4.6929	12	64.7803	6	64.7803
group_15513	255	134	0.5255	2	16.1316	1	16.1316
group_9017	108	0	0.0000	0	0.0000	0	0.0000
group_18977	1680	1057	0.6292	7	8.5699	3	7.3456
group_19011	249	550	2.2088	4	33.0406	2	33.0406
group_9031	519	1655	3.1888	12	47.5555	6	47.5555
group_9039	3393	12526	3.6917	85	51.5255	42	50.9193
group_9040	801	3141	3.9213	23	59.0585	11	56.4907
group_9045	2583	1510	0.5846	10	7.9627	5	7.9627
group_19066	804	2676	3.3284	18	46.0472	9	46.0472
group_19067	585	2201	3.7624	16	56.2537	8	56.2537
group_9060	138	0	0.0000	0	0.0000	0	0.0000
group_9062	363	1528	4.2094	11	62.3265	5	56.6605
group_9063	576	667	1.1580	5	17.8540	2	14.2832
group_9071	1266	0	0.0000	0	0.0000	0	0.0000
group_9067	363	1980	5.4545	15	84.9907	7	79.3247
group_9068	246	729	2.9634	6	50.1652	3	50.1652
group_9075	354	2234	6.3107	16	92.9616	8	92.9616
group_9076	1305	3860	2.9579	27	42.5540	13	40.9779
group_9078	519	337	0.6493	2	7.9259	1	7.9259
group_9079	150	185	1.2333	2	27.4237	1	27.4237
group_19068	669	4152	6.2063	28	86.0833	14	86.0833
group_18925	603	2668	4.4245	19	64.8072	9	61.3963
group_9093	138	0	0.0000	0	0.0000	0	0.0000
group_9095	207	0	0.0000	0	0.0000	0	0.0000
group_19069	165	0	0.0000	0	0.0000	0	0.0000
group_19002	780	1812	2.3231	12	31.6427	6	31.6427
group_19070	330	0	0.0000	0	0.0000	0	0.0000
group_19072	258	227	0.8798	2	15.9440	1	15.9440
group_9123	210	1526	7.2667	11	107.7358	5	97.9417
group_9131	444	5286	11.9054	36	166.7656	18	166.7656
group_19073	1329	1956	1.4718	13	20.1189	6	18.5713
group_9144	216	0	0.0000	0	0.0000	0	0.0000
group_9145	1179	5951	5.0475	42	73.2693	21	73.2693
group_9146	164	519	3.1646	4	50.1652	2	50.1652
group_19027	2706	58333	21.5569	408	310.1124	204	310.1124
group_19074	213	186	0.8732	2	19.3124	1	19.3124
group_9155	312	151	0.4840	1	6.5922	0	0.0000
group_9158	102	0	0.0000	0	0.0000	0	0.0000
group_9159	438	2415	5.5137	16	75.1333	8	75.1333
group_16120	333	151	0.4535	1	6.1765	0	0.0000
group_9175	819	4945	6.0379	34	85.3850	17	85.3850
group_19024	789	151	0.1914	1	2.6068	0	0.0000
group_19079	432	0	0.0000	0	0.0000	0	0.0000
group_16259	903	0	0.0000	0	0.0000	0	0.0000
group_19083	414	1351	3.2633	9	44.7125	4	39.7444
group_19081	360	587	1.6306	5	28.5663	2	22.8531
group_9207	1845	11272	6.1095	80	89.1827	40	89.1827
group_19086	753	755	1.0027	5	13.6572	2	10.9258
group_9227	351	1649	4.6980	12	70.3171	6	70.3171
group_9226	171	0	0.0000	0	0.0000	0	0.0000
group_9228	147	0	0.0000	0	0.0000	0	0.0000
group_16684	246	0	0.0000	0	0.0000	0	0.0000
group_16685	456	1328	2.9123	12	54.1257	6	54.1257
hemW	1173	5844	4.9821	42	73.6441	21	73.6441
group_19075	702	604	0.8604	4	11.7195	2	11.7195
group_9315	573	3045	5.3141	23	82.5582	11	78.9687
group_9298	879	4295	4.8862	30	70.1971	15	70.1971
group_18929	465	2958	6.3613	21	92.8866	10	88.4634
group_9307	351	0	0.0000	0	0.0000	0	0.0000
group_9331	1485	1489	1.0027	10	13.8503	5	13.8503
group_17530	1122	9210	8.2086	61	111.8211	30	109.9880
group_9347	906	2124	2.3444	16	36.3227	8	36.3227
group_19103	459	1660	3.6166	11	49.2909	5	44.8099
group_15435	591	453	0.7665	3	10.4405	1	6.9603
group_9420	2544	9074	3.5668	62	50.1258	31	50.1258
group_9429	4260	9981	2.3430	67	32.3483	33	31.8655
group_9434	801	1192	1.4881	8	20.5421	4	20.5421
group_9464	2172	824	0.3794	6	5.6817	3	5.6817
group_9466	276	0	0.0000	0	0.0000	0	0.0000
group_9475	3045	0	0.0000	0	0.0000	0	0.0000
group_9506	486	291	0.5988	2	8.4641	1	8.4641
group_15549	777	0	0.0000	0	0.0000	0	0.0000
group_9525	1554	302	0.1943	2	2.6471	1	2.6471
group_9532	396	151	0.3813	1	5.1939	0	0.0000
group_9561	363	0	0.0000	0	0.0000	0	0.0000
group_9578	2085	0	0.0000	0	0.0000	0	0.0000
group_9616	153	0	0.0000	0	0.0000	0	0.0000
group_9620	186	0	0.0000	0	0.0000	0	0.0000
group_14760	1101	0	0.0000	0	0.0000	0	0.0000
group_9632	1788	0	0.0000	0	0.0000	0	0.0000
group_9648	219	164	0.7489	2	18.7833	1	18.7833
group_9659	1032	943	0.9138	7	13.9510	3	11.9580
group_9694	111	0	0.0000	0	0.0000	0	0.0000
group_9702	177	0	0.0000	0	0.0000	0	0.0000
group_9713	2019	0	0.0000	0	0.0000	0	0.0000
group_9727	300	439	1.4633	3	20.5678	1	13.7118
group_9757	603	302	0.5008	2	6.8218	1	6.8218
group_9810	858	0	0.0000	0	0.0000	0	0.0000
group_9814	486	1090	2.2428	8	33.8564	4	33.8564
group_9819	1146	453	0.3953	3	5.3842	1	3.5895
group_9823	378	1966	5.2011	14	76.1769	7	76.1769
group_9845	378	0	0.0000	0	0.0000	0	0.0000
group_9846	651	453	0.6959	3	9.4782	1	6.3188
group_9856	1143	1018	0.8906	7	12.5962	3	10.7967
group_9871	1149	0	0.0000	0	0.0000	0	0.0000
group_9896	225	342	1.5200	3	27.4237	1	18.2824
group_9900	279	0	0.0000	0	0.0000	0	0.0000
group_9917	378	0	0.0000	0	0.0000	0	0.0000
group_9945	309	0	0.0000	0	0.0000	0	0.0000
group_9960	234	0	0.0000	0	0.0000	0	0.0000
group_9967	120	0	0.0000	0	0.0000	0	0.0000
group_9989	1575	10522	6.6806	76	99.2476	38	99.2476
group_9997	843	453	0.5374	3	7.3195	1	4.8797
group_15461	216	0	0.0000	0	0.0000	0	0.0000
group_10022	138	0	0.0000	0	0.0000	0	0.0000
group_14606	1095	1812	1.6548	12	22.5400	6	22.5400
group_10053	501	1115	2.2255	8	32.8427	4	32.8427
group_10063	1608	238	0.1480	2	2.5582	1	2.5582
group_10134	549	841	1.5319	6	22.4784	3	22.4784
group_19104	117	0	0.0000	0	0.0000	0	0.0000
group_10168	402	284	0.7065	2	10.2327	1	10.2327
group_10201	846	247	0.2920	2	4.8624	1	4.8624
group_10235	420	749	1.7833	7	34.2796	3	29.3825
group_10252	1086	25446	23.4309	173	327.6447	86	325.7508
group_10278	963	2372	2.4631	18	38.4444	9	38.4444
group_10304	327	0	0.0000	0	0.0000	0	0.0000
group_10329	228	302	1.3246	2	18.0419	1	18.0419
group_10341	723	2435	3.3679	18	51.2060	9	51.2060
group_10351	1623	0	0.0000	0	0.0000	0	0.0000
group_10353	243	0	0.0000	0	0.0000	0	0.0000
group_10356	210	0	0.0000	0	0.0000	0	0.0000
group_10379	138	0	0.0000	0	0.0000	0	0.0000
group_16305	324	0	0.0000	0	0.0000	0	0.0000
group_10402	906	302	0.3333	2	4.5403	1	4.5403
group_10403	429	9059	21.1166	64	306.8383	32	306.8383
group_10405	708	212	0.2994	2	5.8101	1	5.8101
group_10421	228	270	1.1842	2	18.0419	1	18.0419
group_10427	174	0	0.0000	0	0.0000	0	0.0000
group_10433	687	1121	1.6317	8	23.9508	4	23.9508
group_10469	138	0	0.0000	0	0.0000	0	0.0000
group_10505	4257	32171	7.5572	218	105.3270	109	105.3270
group_10530	1077	1208	1.1216	8	15.2778	4	15.2778
group_10539	444	697	1.5698	4	18.5295	2	18.5295
group_10554	261	128	0.4904	2	15.7607	1	15.7607
group_10558	1155	842	0.7290	6	10.6845	3	10.6845
group_10569	1206	738	0.6119	5	8.5273	2	6.8218
group_10579	1305	1208	0.9257	8	12.6086	4	12.6086
group_10632	264	1243	4.7083	10	77.9081	5	77.9081
group_10638	243	350	1.4403	3	25.3923	1	16.9282
group_10658	426	302	0.7089	2	9.6562	1	9.6562
group_10665	117	0	0.0000	0	0.0000	0	0.0000
group_10672	4926	381	0.0773	4	1.6701	2	1.6701
group_10752	390	151	0.3872	1	5.2738	0	0.0000
group_10753	156	231	1.4808	2	26.3689	1	26.3689
group_10760	1599	0	0.0000	0	0.0000	0	0.0000
group_10767	975	0	0.0000	0	0.0000	0	0.0000
group_10780	798	151	0.1892	1	2.5774	0	0.0000
group_10783	1632	1175	0.7200	8	10.0822	4	10.0822
group_10793	240	136	0.5667	2	17.1398	1	17.1398
ndhE	345	542	1.5710	4	23.8467	2	23.8467
group_10816	234	0	0.0000	0	0.0000	0	0.0000
group_10819	225	786	3.4933	7	63.9886	3	54.8473
group_10838	246	768	3.1220	6	50.1652	3	50.1652
group_10858	348	151	0.4339	1	5.9103	0	0.0000
group_10859	318	302	0.9497	2	12.9357	1	12.9357
group_10861	399	1192	2.9875	8	41.2386	4	41.2386
group_10870	2226	293	0.1316	2	1.8480	1	1.8480
group_10881	1158	11485	9.9180	82	145.6438	41	145.6438
group_10885	162	0	0.0000	0	0.0000	0	0.0000
group_10900	123	0	0.0000	0	0.0000	0	0.0000
group_10904	96	0	0.0000	0	0.0000	0	0.0000
group_10908	1179	151	0.1281	1	1.7445	0	0.0000
pgi	1794	8496	4.7358	62	71.0814	31	71.0814
group_10932	270	660	2.4444	5	38.0884	2	30.4707
group_10960	417	601	1.4412	4	19.7293	2	19.7293
group_10999	210	211	1.0048	2	19.5883	1	19.5883
group_11007	2799	0	0.0000	0	0.0000	0	0.0000
group_11009	846	0	0.0000	0	0.0000	0	0.0000
group_11023	153	1220	7.9739	16	215.0876	8	215.0876
group_11028	234	0	0.0000	0	0.0000	0	0.0000
group_11040	243	152	0.6255	1	8.4641	0	0.0000
group_15458	969	4181	4.3148	30	63.6772	15	63.6772
ycf12	174	151	0.8678	1	11.8205	0	0.0000
group_11090	297	804	2.7071	6	41.5510	3	41.5510
group_11108	396	452	1.1414	4	20.7755	2	20.7755
group_11138	477	286	0.5996	2	8.6238	1	8.6238
group_11142	219	0	0.0000	0	0.0000	0	0.0000
group_11155	636	2274	3.5755	16	51.7428	8	51.7428
group_11159	120	204	1.7000	2	34.2796	1	34.2796
group_11183	246	1819	7.3943	15	125.4131	7	117.0522
group_11184	138	170	1.2319	2	29.8083	1	29.8083
group_11207	435	17046	39.1862	121	572.1145	60	567.3862
group_11288	759	0	0.0000	0	0.0000	0	0.0000
group_11314	339	230	0.6785	2	12.1344	1	12.1344
group_11323	159	0	0.0000	0	0.0000	0	0.0000
group_11347	1107	302	0.2728	2	3.7159	1	3.7159
group_11354	1779	3819	2.1467	26	30.0597	13	30.0597
group_11363	120	0	0.0000	0	0.0000	0	0.0000
atpC	417	3734	8.9544	31	152.9017	15	147.9694
group_16012	507	581	1.1460	4	16.2270	2	16.2270
group_11410	222	415	1.8694	4	37.0590	2	37.0590
group_11411	1377	1641	1.1917	12	17.9240	6	17.9240
group_11427	1581	4980	3.1499	34	44.2317	17	44.2317
group_15816	339	906	2.6726	6	36.4031	3	36.4031
group_11474	147	0	0.0000	0	0.0000	0	0.0000
group_11505	399	4609	11.5514	36	185.5737	18	185.5737
group_17614	1335	10290	7.7079	74	114.0085	37	114.0085
group_11517	255	0	0.0000	0	0.0000	0	0.0000
group_11524	180	2717	15.0944	22	251.3836	11	251.3836
group_11582	789	597	0.7567	4	10.4273	2	10.4273
group_11608	777	1873	2.4106	13	34.4119	6	31.7649
group_11609	210	573	2.7286	6	58.7650	3	58.7650
group_11617	345	0	0.0000	0	0.0000	0	0.0000
group_11627	309	1760	5.6958	14	93.1872	7	93.1872
serC	1218	453	0.3719	3	5.0659	1	3.3773
group_11639	393	151	0.3842	1	5.2335	0	0.0000
group_11651	193	287	1.4870	2	21.3137	1	21.3137
group_11667	1764	708	0.4014	6	6.9958	3	6.9958
group_11685	306	0	0.0000	0	0.0000	0	0.0000
group_11688	381	236	0.6194	2	10.7967	1	10.7967
group_11693	231	404	1.7489	4	35.6152	2	35.6152
group_11714	642	0	0.0000	0	0.0000	0	0.0000
group_11720	222	0	0.0000	0	0.0000	0	0.0000
group_11734	240	249	1.0375	2	17.1398	1	17.1398
group_11752	120	0	0.0000	0	0.0000	0	0.0000
group_11753	1179	0	0.0000	0	0.0000	0	0.0000
group_11761	210	297	1.4143	2	19.5883	1	19.5883
group_11772	1425	0	0.0000	0	0.0000	0	0.0000
group_11776	324	440	1.3580	3	19.0442	1	12.6961
group_11786	1503	834	0.5549	6	8.2107	3	8.2107
group_11815	342	151	0.4415	1	6.0140	0	0.0000
group_11853	240	258	1.0750	2	17.1398	1	17.1398
group_15536	1245	1001	0.8040	7	11.5642	3	9.9122
group_11890	252	0	0.0000	0	0.0000	0	0.0000
group_11904	725	994	1.3710	8	22.6954	4	22.6954
group_11917	1017	580	0.5703	5	10.1120	2	8.0896
group_11927	327	178	0.5443	2	12.5797	1	12.5797
group_11950	294	1531	5.2075	12	83.9500	6	83.9500
group_11968	1770	0	0.0000	0	0.0000	0	0.0000
group_11998	447	583	1.3043	4	18.4051	2	18.4051
group_12000	924	6186	6.6948	43	95.7157	21	93.4898
group_12019	1929	2259	1.1711	15	15.9936	7	14.9273
group_12022	1521	2912	1.9145	25	33.8063	12	32.4540
group_12026	1254	11102	8.8533	80	131.2137	40	131.2137
group_12030	177	0	0.0000	0	0.0000	0	0.0000
group_12058	240	296	1.2333	2	17.1398	1	17.1398
group_12059	915	1349	1.4743	9	20.2306	4	17.9827
group_12082	117	0	0.0000	0	0.0000	0	0.0000
group_12095	219	124	0.5662	2	18.7833	1	18.7833
group_12102	558	604	1.0824	4	14.7439	2	14.7439
group_12120	957	7569	7.9091	54	116.0563	27	116.0563
group_12128	360	302	0.8389	2	11.4265	1	11.4265
group_12135	1866	1661	0.8901	11	12.1246	5	11.0224
group_12136	186	0	0.0000	0	0.0000	0	0.0000
group_12140	255	299	1.1725	2	16.1316	1	16.1316
group_12155	1674	0	0.0000	0	0.0000	0	0.0000
group_12157	420	302	0.7190	2	9.7942	1	9.7942
group_12197	516	906	1.7558	6	23.9160	3	23.9160
group_12219	837	0	0.0000	0	0.0000	0	0.0000
group_12247	291	174	0.5979	2	14.1359	1	14.1359
group_12249	270	270	1.0000	2	15.2354	1	15.2354
group_12253	918	302	0.3290	2	4.4810	1	4.4810
group_12271	1374	338	0.2460	4	5.9877	2	5.9877
group_12278	987	235	0.2381	2	4.1677	1	4.1677
group_12280	1164	4127	3.5455	30	53.0097	15	53.0097
group_12286	231	586	2.5368	4	35.6152	2	35.6152
group_12315	1521	0	0.0000	0	0.0000	0	0.0000
group_12325	777	0	0.0000	0	0.0000	0	0.0000
group_12376	453	3877	8.5585	28	127.1296	14	127.1296
group_12383	981	166	0.1692	2	4.1932	1	4.1932
group_12386	1488	6884	4.6263	47	64.9653	23	63.5831
group_12384	687	2919	4.2489	19	56.8832	9	53.8893
group_12410	136	0	0.0000	0	0.0000	0	0.0000
group_12423	177	0	0.0000	0	0.0000	0	0.0000
group_12432	666	0	0.0000	0	0.0000	0	0.0000
group_12442	114	0	0.0000	0	0.0000	0	0.0000
group_15956	3246	1210	0.3728	8	5.0691	4	5.0691
group_12452	393	0	0.0000	0	0.0000	0	0.0000
group_12549	318	552	1.7358	4	25.8714	2	25.8714
group_12550	117	0	0.0000	0	0.0000	0	0.0000
group_12565	594	302	0.5084	2	6.9252	1	6.9252
group_12570	717	0	0.0000	0	0.0000	0	0.0000
group_12632	201	0	0.0000	0	0.0000	0	0.0000
group_12694	408	151	0.3701	1	5.0411	0	0.0000
group_12708	633	414	0.6540	4	12.9970	2	12.9970
group_16696	321	1906	5.9377	14	89.7036	7	89.7036
group_12729	669	0	0.0000	0	0.0000	0	0.0000
hisB	630	5472	8.6857	42	137.1183	21	137.1183
group_12752	1269	0	0.0000	0	0.0000	0	0.0000
group_12757	618	1569	2.5388	12	39.9374	6	39.9374
group_16435	429	0	0.0000	0	0.0000	0	0.0000
group_12794	288	415	1.4410	3	21.4247	1	14.2832
group_12797	168	0	0.0000	0	0.0000	0	0.0000
group_12834	738	604	0.8184	4	11.1478	2	11.1478
group_12850	522	604	1.1571	4	15.7607	2	15.7607
group_12857	699	5581	7.9843	40	117.6981	20	117.6981
group_12870	279	407	1.4588	4	29.4878	2	29.4878
group_12883	1857	0	0.0000	0	0.0000	0	0.0000
group_12919	969	4312	4.4499	30	63.6772	15	63.6772
group_12940	960	537	0.5594	4	8.5699	2	8.5699
group_12966	159	242	1.5220	2	25.8714	1	25.8714
group_12981	672	0	0.0000	0	0.0000	0	0.0000
group_12982	2973	0	0.0000	0	0.0000	0	0.0000
group_13027	840	0	0.0000	0	0.0000	0	0.0000
group_13032	474	2979	6.2848	21	91.1229	10	86.7838
group_13077	1215	453	0.3728	3	5.0785	1	3.3856
group_13080	267	0	0.0000	0	0.0000	0	0.0000
group_13081	189	0	0.0000	0	0.0000	0	0.0000
group_13116	1374	4052	2.9491	28	41.9139	14	41.9139
group_13119	1977	776	0.3925	6	6.2421	3	6.2421
group_13122	1170	1839	1.5718	13	22.8531	6	21.0951
group_13154	1569	902	0.5749	6	7.8653	3	7.8653
group_13156	1548	605	0.3908	4	5.3147	2	5.3147
group_13159	195	174	0.8923	2	21.0951	1	21.0951
group_13161	381	1855	4.8688	14	75.5770	7	75.5770
group_13178	234	0	0.0000	0	0.0000	0	0.0000
group_16735	969	3940	4.0660	29	61.5547	14	59.4321
group_13217	807	1371	1.6989	13	33.1327	6	30.5840
group_13233	1011	302	0.2987	2	4.0688	1	4.0688
group_13239	936	1495	1.5972	10	21.9741	5	21.9741
group_13241	6819	3230	0.4737	22	6.6357	11	6.6357
group_13247	573	3738	6.5236	28	100.5056	14	100.5056
group_13262	981	1647	1.6789	11	23.0627	5	20.9661
group_13269	408	2383	5.8407	17	85.6990	8	80.6578
group_13285	216	1222	5.6574	10	95.2211	5	95.2211
group_13298	834	410	0.4916	4	9.8646	2	9.8646
group_13321	303	738	2.4356	5	33.9402	2	27.1521
group_13330	591	245	0.4146	2	6.9603	1	6.9603
group_13342	114	0	0.0000	0	0.0000	0	0.0000
group_15139	1254	0	0.0000	0	0.0000	0	0.0000
group_13353	192	0	0.0000	0	0.0000	0	0.0000
group_13358	180	0	0.0000	0	0.0000	0	0.0000
group_13361	297	0	0.0000	0	0.0000	0	0.0000
group_14798	276	732	2.6522	5	37.2604	2	29.8083
group_13376	108	0	0.0000	0	0.0000	0	0.0000
group_13398	474	302	0.6371	2	8.6784	1	8.6784
group_13410	270	0	0.0000	0	0.0000	0	0.0000
group_13451	822	302	0.3674	2	5.0043	1	5.0043
group_13472	138	0	0.0000	0	0.0000	0	0.0000
group_13473	177	0	0.0000	0	0.0000	0	0.0000
group_13474	1467	4045	2.7573	32	44.8649	16	44.8649
group_13488	192	252	1.3125	2	21.4247	1	21.4247
group_13493	1632	0	0.0000	0	0.0000	0	0.0000
group_13509	621	0	0.0000	0	0.0000	0	0.0000
group_13531	1761	453	0.2572	3	3.5039	1	2.3359
group_13534	816	3372	4.1324	23	57.9728	11	55.4523
group_13559	1065	302	0.2836	2	3.8625	1	3.8625
group_13563	1044	599	0.5738	4	7.8804	2	7.8804
group_13580	130	0	0.0000	0	0.0000	0	0.0000
group_13581	228	0	0.0000	0	0.0000	0	0.0000
group_13582	915	453	0.4951	3	6.7435	1	4.4957
group_13585	408	755	1.8505	5	25.2056	2	20.1645
group_13602	1146	108	0.0942	2	3.5895	1	3.5895
group_13630	915	0	0.0000	0	0.0000	0	0.0000
group_13642	999	1963	1.9650	13	26.7648	6	24.7060
group_13656	282	580	2.0567	4	29.1741	2	29.1741
group_13685	366	716	1.9563	6	33.7176	3	33.7176
group_13687	213	0	0.0000	0	0.0000	0	0.0000
group_14842	609	1648	2.7061	12	40.5276	6	40.5276
group_13706	966	906	0.9379	6	12.7750	3	12.7750
bfr	435	2538	5.8345	19	89.8362	9	85.1079
group_13726	1866	453	0.2428	3	3.3067	1	2.2045
group_13733	912	0	0.0000	0	0.0000	0	0.0000
group_13758	3429	3184	0.9286	22	13.1960	11	13.1960
group_13781	270	0	0.0000	0	0.0000	0	0.0000
group_13787	186	0	0.0000	0	0.0000	0	0.0000
group_13803	603	0	0.0000	0	0.0000	0	0.0000
group_13807	954	266	0.2788	2	4.3119	1	4.3119
group_13818	582	3034	5.2131	22	77.7475	11	77.7475
group_13824	1290	755	0.5853	5	7.9720	2	6.3776
group_16348	1869	18373	9.8304	128	140.8599	64	140.8599
group_13844	2169	2431	1.1208	17	16.1204	8	15.1722
group_13848	579	604	1.0432	4	14.2092	2	14.2092
group_13889	1023	1847	1.8055	14	28.1475	7	28.1475
group_13899	885	7439	8.4056	51	118.5260	25	116.2020
group_13954	840	6038	7.1881	41	100.3902	20	97.9417
group_16688	1479	848	0.5734	6	8.3439	3	8.3439
group_13963	639	0	0.0000	0	0.0000	0	0.0000
group_16670	414	509	1.2295	5	24.8403	2	19.8722
group_13977	471	296	0.6285	2	8.7337	1	8.7337
group_13981	258	0	0.0000	0	0.0000	0	0.0000
group_13986	1098	2124	1.9344	15	28.0980	7	26.2248
group_13992	408	0	0.0000	0	0.0000	0	0.0000
group_13995	186	203	1.0914	2	22.1159	1	22.1159
group_17175	897	353	0.3935	3	6.8788	1	4.5859
group_14001	138	0	0.0000	0	0.0000	0	0.0000
der	1359	1411	1.0383	11	16.6479	5	15.1345
group_14047	120	0	0.0000	0	0.0000	0	0.0000
group_14066	894	289	0.3233	3	6.9019	1	4.6013
group_14076	132	0	0.0000	0	0.0000	0	0.0000
group_14085	1461	0	0.0000	0	0.0000	0	0.0000
group_14089	840	151	0.1798	1	2.4485	0	0.0000
group_14160	321	1025	3.1931	7	44.8518	3	38.4444
group_16578	381	0	0.0000	0	0.0000	0	0.0000
group_14178	402	711	1.7687	5	25.5818	2	20.4654
group_14179	567	604	1.0653	4	14.5099	2	14.5099
group_14219	981	1057	1.0775	7	14.6763	3	12.5797
group_14221	135	0	0.0000	0	0.0000	0	0.0000
group_17076	423	151	0.3570	1	4.8624	0	0.0000
group_19105	309	671	2.1715	5	33.2812	2	26.6249
group_14293	396	453	1.1439	3	15.5816	1	10.3878
group_14313	1344	1624	1.2083	11	16.8337	5	15.3034
group_14327	1269	3472	2.7360	24	38.8988	12	38.8988
group_14352	552	0	0.0000	0	0.0000	0	0.0000
group_14362	576	2852	4.9514	21	74.9866	10	71.4158
group_14383	879	232	0.2639	2	4.6798	1	4.6798
group_14395	258	485	1.8798	4	31.8880	2	31.8880
group_14409	741	0	0.0000	0	0.0000	0	0.0000
group_14412	489	755	1.5440	5	21.0304	2	16.8243
rpe	717	22453	31.3152	161	461.8421	80	458.9735
group_14442	1233	5330	4.3228	37	61.7199	18	60.0518
group_14464	402	0	0.0000	0	0.0000	0	0.0000
group_14460	552	6000	10.8696	40	149.0417	20	149.0417
group_14461	486	0	0.0000	0	0.0000	0	0.0000
group_14473	184	151	0.8207	1	11.1781	0	0.0000
group_14479	150	0	0.0000	0	0.0000	0	0.0000
group_14504	270	566	2.0963	4	30.4707	2	30.4707
group_14518	309	516	1.6699	4	26.6249	2	26.6249
group_14534	201	0	0.0000	0	0.0000	0	0.0000
group_14540	423	516	1.2199	4	19.4494	2	19.4494
group_14538	561	5031	8.9679	34	124.6530	17	124.6530
group_0	1566	140	0.0894	2	2.6268	1	2.6268
group_10	786	151	0.1921	1	2.6168	0	0.0000
group_38	666	0	0.0000	0	0.0000	0	0.0000
group_45	111	164	1.4775	2	37.0590	1	37.0590
group_47	129	0	0.0000	0	0.0000	0	0.0000
group_67	219	0	0.0000	0	0.0000	0	0.0000
group_79	153	0	0.0000	0	0.0000	0	0.0000
group_88	282	242	0.8582	2	14.5871	1	14.5871
group_15464	135	132	0.9778	2	30.4707	1	30.4707
group_101	759	2322	3.0593	17	46.0674	8	43.3576
group_115	249	0	0.0000	0	0.0000	0	0.0000
group_120	1341	2094	1.5615	14	21.4727	7	21.4727
group_14608	2256	2416	1.0709	16	14.5871	8	14.5871
group_128	1533	302	0.1970	2	2.6833	1	2.6833
group_133	816	572	0.7010	4	10.0822	2	10.0822
group_191	1812	830	0.4581	6	6.8105	3	6.8105
group_17225	768	6234	8.1172	44	117.8361	22	117.8361
ycf58	582	3595	6.1770	26	91.8834	13	91.8834
group_233	234	346	1.4786	3	26.3689	1	17.5793
atpE	246	5501	22.3618	43	359.5176	21	351.1567
group_277	831	0	0.0000	0	0.0000	0	0.0000
group_284	252	151	0.5992	1	8.1618	0	0.0000
group_311	228	0	0.0000	0	0.0000	0	0.0000
group_337	1020	1522	1.4922	11	22.1809	5	20.1645
group_376	888	0	0.0000	0	0.0000	0	0.0000
group_379	261	0	0.0000	0	0.0000	0	0.0000
group_393	249	776	3.1165	6	49.5608	3	49.5608
group_402	1767	10927	6.1839	73	84.9715	36	83.8075
group_409	306	0	0.0000	0	0.0000	0	0.0000
group_418	294	0	0.0000	0	0.0000	0	0.0000
group_15614	1287	0	0.0000	0	0.0000	0	0.0000
group_468	666	0	0.0000	0	0.0000	0	0.0000
group_487	333	8225	24.6997	61	376.7666	30	370.5901
group_572	1332	3545	2.6614	25	38.6031	12	37.0590
group_584	438	0	0.0000	0	0.0000	0	0.0000
group_586	1824	2216	1.2149	15	16.9143	7	15.7867
group_609	366	464	1.2678	4	22.4784	2	22.4784
group_616	399	895	2.2431	6	30.9289	3	30.9289
tic21	675	5484	8.1244	39	118.8359	19	115.7888
group_640	351	3943	11.2336	29	169.9330	14	164.0732
group_653	99	0	0.0000	0	0.0000	0	0.0000
group_15253	696	0	0.0000	0	0.0000	0	0.0000
group_679	1098	961	0.8752	7	13.1124	3	11.2392
group_681	405	0	0.0000	0	0.0000	0	0.0000
group_710	3018	1792	0.5938	12	8.1780	6	8.1780
group_799	699	151	0.2160	1	2.9425	0	0.0000
group_15575	672	0	0.0000	0	0.0000	0	0.0000
group_869	1293	10461	8.0905	72	114.5304	36	114.5304
group_5097	1146	302	0.2635	2	3.5895	1	3.5895
group_937	348	0	0.0000	0	0.0000	0	0.0000
group_940	252	642	2.5476	6	48.9708	3	48.9708
arsB	1146	2434	2.1239	17	30.5106	8	28.7159
group_988	147	228	1.5510	2	27.9833	1	27.9833
group_5332	867	604	0.6967	4	9.4892	2	9.4892
group_1058	144	0	0.0000	0	0.0000	0	0.0000
fni	1044	3111	2.9799	21	41.3719	10	39.4018
group_1212	114	0	0.0000	0	0.0000	0	0.0000
group_1262	435	0	0.0000	0	0.0000	0	0.0000
group_1265	351	302	0.8604	2	11.7195	1	11.7195
group_1270	93	0	0.0000	0	0.0000	0	0.0000
group_1295	1518	238	0.1568	2	2.7098	1	2.7098
group_1298	765	151	0.1974	1	2.6886	0	0.0000
group_1299	1722	128686	74.7305	886	1058.2478	443	1058.2478
group_1301	1110	594	0.5351	4	7.4118	2	7.4118
group_1303	879	4545	5.1706	32	74.8769	16	74.8769
group_16179	375	0	0.0000	0	0.0000	0	0.0000
group_1310	108	0	0.0000	0	0.0000	0	0.0000
group_1335	237	1745	7.3629	14	121.4973	7	121.4973
group_6171	5283	1261	0.2387	8	3.1146	4	3.1146
group_1370	456	3924	8.6053	27	121.7827	13	117.2723
eRG3	777	7586	9.7632	56	148.2360	28	148.2360
group_1396	237	315	1.3291	3	26.0351	1	17.3568
group_1426	405	0	0.0000	0	0.0000	0	0.0000
group_1455	1029	1057	1.0272	7	13.9917	3	11.9929
group_1459	3765	1903	0.5054	13	7.1017	6	6.5555
group_1468	177	286	1.6158	4	46.4808	2	46.4808
group_15906	411	0	0.0000	0	0.0000	0	0.0000
group_6530	396	0	0.0000	0	0.0000	0	0.0000
group_1523	177	0	0.0000	0	0.0000	0	0.0000
group_6539	2622	1881	0.7174	13	10.1976	6	9.4132
group_1577	207	0	0.0000	0	0.0000	0	0.0000
group_1581	387	8951	23.1292	64	340.1385	32	340.1385
group_1598	381	0	0.0000	0	0.0000	0	0.0000
group_16902	2832	856	0.3023	6	4.3576	3	4.3576
ndhA~~~nuoH	1119	37090	33.1457	257	472.3782	128	470.5402
group_1625	939	0	0.0000	0	0.0000	0	0.0000
group_14841	933	2911	3.1200	22	48.4984	11	48.4984
group_15066	408	0	0.0000	0	0.0000	0	0.0000
group_17801	723	0	0.0000	0	0.0000	0	0.0000
group_1696	1125	2640	2.3467	19	34.7366	9	32.9084
group_1711	324	3272	10.0988	26	165.0499	13	165.0499
hldE	1491	260	0.1744	2	2.7589	1	2.7589
group_1787	165	0	0.0000	0	0.0000	0	0.0000
group_1820	441	238	0.5397	2	9.3278	1	9.3278
group_1822	1017	0	0.0000	0	0.0000	0	0.0000
smpB	465	2631	5.6581	20	88.4634	10	88.4634
group_1915	540	0	0.0000	0	0.0000	0	0.0000
group_1922	10752	175243	16.2986	1122	214.6300	561	214.6300
group_1954	147	0	0.0000	0	0.0000	0	0.0000
group_1957	1761	281	0.1596	2	2.3359	1	2.3359
group_1961	345	717	2.0783	5	29.8083	2	23.8467
group_15134	138	0	0.0000	0	0.0000	0	0.0000
group_1967	492	1057	2.1484	7	29.2631	3	25.0826
group_1968	120	0	0.0000	0	0.0000	0	0.0000
group_1975	120	0	0.0000	0	0.0000	0	0.0000
group_1978	240	0	0.0000	0	0.0000	0	0.0000
group_1983	213	210	0.9859	2	19.3124	1	19.3124
group_1984	147	0	0.0000	0	0.0000	0	0.0000
group_1985	255	0	0.0000	0	0.0000	0	0.0000
group_1988	774	0	0.0000	0	0.0000	0	0.0000
group_1993	204	0	0.0000	0	0.0000	0	0.0000
group_2000	693	302	0.4358	2	5.9359	1	5.9359
group_2003	435	302	0.6943	2	9.4564	1	9.4564
group_2006	204	0	0.0000	0	0.0000	0	0.0000
group_2007	156	0	0.0000	0	0.0000	0	0.0000
group_2011	198	0	0.0000	0	0.0000	0	0.0000
group_2020	675	0	0.0000	0	0.0000	0	0.0000
group_2021	549	1677	3.0546	12	44.9568	6	44.9568
group_2047	1767	5977	3.3826	44	51.2157	22	51.2157
cpcB	519	18714	36.0578	136	538.9623	68	538.9623
group_2054	282	558	1.9787	4	29.1741	2	29.1741
group_2078	318	0	0.0000	0	0.0000	0	0.0000
group_2086	1053	1053	1.0000	7	13.6728	3	11.7195
yjbJ	183	1034	5.6503	9	101.1529	4	89.9137
group_2091	246	0	0.0000	0	0.0000	0	0.0000
group_2094	336	818	2.4345	6	36.7281	3	36.7281
group_2098	633	567	0.8957	4	12.9970	2	12.9970
group_2109	402	1185	2.9478	8	40.9308	4	40.9308
group_2110	2133	12295	5.7642	84	80.9982	42	80.9982
group_2118	186	0	0.0000	0	0.0000	0	0.0000
group_2129	372	262	0.7043	2	11.0579	1	11.0579
group_2130	345	1021	2.9594	7	41.7317	3	35.7700
group_2153	669	151	0.2257	1	3.0744	0	0.0000
group_2158	420	0	0.0000	0	0.0000	0	0.0000
group_15626	1599	27638	17.2846	184	236.6771	92	236.6771
group_16241	1542	0	0.0000	0	0.0000	0	0.0000
group_16390	588	0	0.0000	0	0.0000	0	0.0000
group_2186	168	0	0.0000	0	0.0000	0	0.0000
group_2196	573	236	0.4119	2	7.1790	1	7.1790
group_2209	2466	6012	2.4380	40	33.3621	20	33.3621
group_2217	135	0	0.0000	0	0.0000	0	0.0000
group_2228	213	419	1.9671	3	28.9687	1	19.3124
group_2236	540	0	0.0000	0	0.0000	0	0.0000
group_16084	8403	6290	0.7485	43	10.5250	21	10.2802
group_2238	852	1197	1.4049	8	19.3124	4	19.3124
group_2240	138	0	0.0000	0	0.0000	0	0.0000
group_2242	360	334	0.9278	3	17.1398	1	11.4265
group_2252	849	1874	2.2073	13	31.4936	6	29.0710
group_19051	225	0	0.0000	0	0.0000	0	0.0000
group_2270	213	122	0.5728	2	19.3124	1	19.3124
group_2278	201	388	1.9303	3	30.6981	1	20.4654
group_2283	327	569	1.7401	4	25.1593	2	25.1593
group_2286	1659	520	0.3134	4	4.9591	2	4.9591
group_2291	216	151	0.6991	1	9.5221	0	0.0000
group_2292	234	0	0.0000	0	0.0000	0	0.0000
group_2298	438	4621	10.5502	34	159.6583	17	159.6583
group_2303	696	951	1.3664	7	20.6860	3	17.7308
group_2305	675	447	0.6622	3	9.1412	1	6.0941
fur	552	6966	12.6196	50	186.3021	25	186.3021
group_2312	267	151	0.5655	1	7.7033	0	0.0000
group_2315	258	1160	4.4961	9	71.7480	4	63.7760
group_2318	1986	0	0.0000	0	0.0000	0	0.0000
group_2323	261	1156	4.4291	9	70.9233	4	63.0429
group_2338	204	544	2.6667	4	40.3289	2	40.3289
group_14761	708	1859	2.6257	18	52.2909	9	52.2909
group_2354	261	256	0.9808	2	15.7607	1	15.7607
group_2355	1188	0	0.0000	0	0.0000	0	0.0000
group_2356	507	8334	16.4379	62	251.5189	31	251.5189
group_2359	117	577	4.9316	6	105.4756	3	105.4756
group_2382	273	0	0.0000	0	0.0000	0	0.0000
map	804	5491	6.8296	40	102.3271	20	102.3271
group_2390	720	604	0.8389	4	11.4265	2	11.4265
group_2394	441	0	0.0000	0	0.0000	0	0.0000
abgB	1002	10471	10.4501	72	147.7922	36	147.7922
group_2411	132	0	0.0000	0	0.0000	0	0.0000
group_2412	351	0	0.0000	0	0.0000	0	0.0000
group_2416	1044	4099	3.9262	28	55.1626	14	55.1626
petN	150	0	0.0000	0	0.0000	0	0.0000
group_2420	1281	0	0.0000	0	0.0000	0	0.0000
group_2427	273	130	0.4762	2	15.0679	1	15.0679
group_2435	306	0	0.0000	0	0.0000	0	0.0000
group_15041	3126	1514	0.4843	12	7.8955	6	7.8955
group_2439	231	0	0.0000	0	0.0000	0	0.0000
group_2447	432	1168	2.7037	8	38.0884	4	38.0884
group_2454	909	890	0.9791	6	13.5761	3	13.5761
group_2459	336	565	1.6815	4	24.4854	2	24.4854
group_2469	276	349	1.2645	3	22.3563	1	14.9042
group_2470	1698	0	0.0000	0	0.0000	0	0.0000
group_2474	195	453	2.3231	3	31.6427	1	21.0951
group_2477	342	0	0.0000	0	0.0000	0	0.0000
group_2478	279	302	1.0824	2	14.7439	1	14.7439
group_2479	288	0	0.0000	0	0.0000	0	0.0000
group_2489	282	531	1.8830	4	29.1741	2	29.1741
group_2499	3582	402	0.1122	4	2.2968	2	2.2968
group_2505	1257	1039	0.8266	7	11.4538	3	9.8175
group_2508	246	712	2.8943	6	50.1652	3	50.1652
group_2515	771	0	0.0000	0	0.0000	0	0.0000
group_2514	231	0	0.0000	0	0.0000	0	0.0000
group_15398	1665	0	0.0000	0	0.0000	0	0.0000
group_2553	348	142	0.4080	2	11.8205	1	11.8205
group_2568	147	216	1.4694	2	27.9833	1	27.9833
group_2576	1092	1858	1.7015	13	24.4854	6	22.6019
group_2579	216	551	2.5509	5	47.6105	2	38.0884
group_2583	399	430	1.0777	3	15.4645	1	10.3096
group_2585	291	2589	8.8969	20	141.3591	10	141.3591
group_2592	834	0	0.0000	0	0.0000	0	0.0000
group_2596	276	6167	22.3442	42	312.9875	21	312.9875
group_2602	507	151	0.2978	1	4.0568	0	0.0000
group_2607	213	302	1.4178	2	19.3124	1	19.3124
group_2608	159	0	0.0000	0	0.0000	0	0.0000
group_2613	309	0	0.0000	0	0.0000	0	0.0000
group_15062	2229	5325	2.3890	38	35.0639	19	35.0639
group_2621	186	152	0.8172	2	22.1159	1	22.1159
group_2623	120	0	0.0000	0	0.0000	0	0.0000
group_2643	1026	151	0.1472	1	2.0047	0	0.0000
group_2644	322	0	0.0000	0	0.0000	0	0.0000
group_2646	240	357	1.4875	3	25.7097	1	17.1398
group_2669	240	344	1.4333	2	17.1398	1	17.1398
group_2687	417	401	0.9616	3	14.7969	1	9.8646
group_2691	111	0	0.0000	0	0.0000	0	0.0000
group_2704	225	559	2.4844	5	45.7061	2	36.5649
group_2711	150	0	0.0000	0	0.0000	0	0.0000
group_2713	879	0	0.0000	0	0.0000	0	0.0000
group_2717	168	0	0.0000	0	0.0000	0	0.0000
ureA	390	2056	5.2718	14	73.8330	7	73.8330
group_2725	144	240	1.6667	2	28.5663	1	28.5663
group_2731	1113	5322	4.7817	36	66.5264	18	66.5264
group_15260	486	545	1.1214	4	16.9282	2	16.9282
rsbU	1137	6177	5.4327	44	79.5938	22	79.5938
group_2747	645	1192	1.8481	9	28.6992	4	25.5104
group_2768	210	983	4.6810	7	68.5592	3	58.7650
group_2773	696	2145	3.0819	16	47.2822	8	47.2822
group_2781	220	151	0.6864	1	9.3490	0	0.0000
group_2785	288	4861	16.8785	40	285.6632	20	285.6632
group_17188	165	185	1.1212	2	24.9306	1	24.9306
ccmK1~~~ccmK	342	6317	18.4708	53	318.7400	26	312.7260
group_2800	288	7196	24.9861	54	385.6453	27	385.6453
group_2803	363	139	0.3829	1	5.6660	0	0.0000
group_2805	210	239	1.1381	3	29.3825	1	19.5883
group_2809	1428	1077	0.7542	8	11.5225	4	11.5225
group_2814	300	0	0.0000	0	0.0000	0	0.0000
speD	462	8681	18.7900	64	284.9212	32	284.9212
group_2815	198	0	0.0000	0	0.0000	0	0.0000
group_2816	1407	2304	1.6375	16	23.3891	8	23.3891
group_2819	117	0	0.0000	0	0.0000	0	0.0000
group_2822	276	733	2.6558	6	44.7125	3	44.7125
group_2825	504	726	1.4405	6	24.4854	3	24.4854
group_2826	228	453	1.9868	3	27.0628	1	18.0419
group_2827	207	254	1.2271	2	19.8722	1	19.8722
group_15910	1656	302	0.1824	2	2.4840	1	2.4840
group_2828	249	1158	4.6506	9	74.3413	4	66.0811
group_2830	1497	0	0.0000	0	0.0000	0	0.0000
group_2832	105	0	0.0000	0	0.0000	0	0.0000
group_2837	300	492	1.6400	5	34.2796	2	27.4237
group_2841	279	453	1.6237	3	22.1159	1	14.7439
thrS	1800	66372	36.8733	454	518.7644	227	518.7644
group_2854	225	0	0.0000	0	0.0000	0	0.0000
group_2855	444	151	0.3401	1	4.6324	0	0.0000
group_2858	372	450	1.2097	3	16.5869	1	11.0579
group_2862	276	0	0.0000	0	0.0000	0	0.0000
group_2863	1644	2259	1.3741	15	18.7662	7	17.5151
group_2868	237	156	0.6582	2	17.3568	1	17.3568
group_2870	369	453	1.2276	3	16.7217	1	11.1478
group_2871	366	151	0.4126	1	5.6196	0	0.0000
group_2874	912	2270	2.4890	15	33.8285	7	31.5733
group_2879	291	1616	5.5533	12	84.8155	6	84.8155
group_2883	363	0	0.0000	0	0.0000	0	0.0000
group_2892	309	997	3.2265	8	53.2498	4	53.2498
group_2896	141	0	0.0000	0	0.0000	0	0.0000
group_2900	1269	8599	6.7762	58	94.0055	29	94.0055
group_2910	141	0	0.0000	0	0.0000	0	0.0000
group_2915	1119	6284	5.6157	44	80.8741	22	80.8741
group_2916	828	292	0.3527	2	4.9681	1	4.9681
group_2933	345	0	0.0000	0	0.0000	0	0.0000
group_2938	1005	605	0.6020	4	8.1862	2	8.1862
group_2939	231	0	0.0000	0	0.0000	0	0.0000
group_2943	1020	19285	18.9069	139	280.2860	69	278.2696
group_2944	642	151	0.2352	1	3.2037	0	0.0000
group_2948	435	1017	2.3379	7	33.0975	3	28.3693
group_17634	1416	604	0.4266	4	5.8101	2	5.8101
group_2956	285	0	0.0000	0	0.0000	0	0.0000
group_2959	198	0	0.0000	0	0.0000	0	0.0000
group_2964	402	1036	2.5771	7	35.8145	3	30.6981
group_2974	501	1011	2.0180	7	28.7374	3	24.6320
group_2975	315	0	0.0000	0	0.0000	0	0.0000
group_2980	219	151	0.6895	1	9.3917	0	0.0000
group_2983	150	0	0.0000	0	0.0000	0	0.0000
group_2988	315	4722	14.9905	36	235.0600	18	235.0600
group_2996	129	0	0.0000	0	0.0000	0	0.0000
group_3000	264	1323	5.0114	10	77.9081	5	77.9081
group_3002	198	0	0.0000	0	0.0000	0	0.0000
group_16492	1746	12189	6.9811	84	98.9514	42	98.9514
group_17190	1695	69816	41.1894	477	578.8093	238	577.5959
group_15970	318	244	0.7673	2	12.9357	1	12.9357
group_16503	423	0	0.0000	0	0.0000	0	0.0000
group_16720	372	704	1.8925	5	27.6448	2	22.1159
group_3047	1308	19182	14.6651	85	133.6589	42	132.0865
group_3055	909	2704	2.9747	20	45.2536	10	45.2536
group_3061	681	0	0.0000	0	0.0000	0	0.0000
group_3066	405	3928	9.6988	27	137.1183	13	132.0399
group_3068	816	542	0.6642	4	10.0822	2	10.0822
group_3073	1119	0	0.0000	0	0.0000	0	0.0000
group_3074	315	4321	13.7175	32	208.9422	16	208.9422
group_3078	369	2188	5.9295	16	89.1827	8	89.1827
group_3083	411	0	0.0000	0	0.0000	0	0.0000
group_3097	210	0	0.0000	0	0.0000	0	0.0000
group_3100	336	20419	60.7708	165	1010.0235	82	1003.9022
group_3101	1326	1851	1.3959	12	18.6133	6	18.6133
group_3107	624	302	0.4840	2	6.5922	1	6.5922
group_3109	744	0	0.0000	0	0.0000	0	0.0000
group_3117	336	755	2.2470	5	30.6068	2	24.4854
group_3118	195	0	0.0000	0	0.0000	0	0.0000
group_3119	219	150	0.6849	1	9.3917	0	0.0000
group_3124	240	724	3.0167	5	42.8495	2	34.2796
group_3128	828	0	0.0000	0	0.0000	0	0.0000
group_3130	99	0	0.0000	0	0.0000	0	0.0000
group_3132	213	890	4.1784	7	67.5935	3	57.9373
rplN	369	12263	33.2331	87	484.9307	43	479.3568
group_3144	849	604	0.7114	4	9.6903	2	9.6903
group_3145	516	443	0.8585	3	11.9580	1	7.9720
group_3146	624	0	0.0000	0	0.0000	0	0.0000
group_3156	186	0	0.0000	0	0.0000	0	0.0000
group_3160	492	0	0.0000	0	0.0000	0	0.0000
group_3161	252	0	0.0000	0	0.0000	0	0.0000
group_3165	369	0	0.0000	0	0.0000	0	0.0000
rplS	465	3966	8.5290	32	141.5415	16	141.5415
group_3184	414	151	0.3647	1	4.9681	0	0.0000
group_16642	1992	3073	1.5427	21	21.6829	10	20.6504
group_3187	429	0	0.0000	0	0.0000	0	0.0000
group_3196	249	286	1.1486	4	33.0406	2	33.0406
group_3197	363	23938	65.9449	182	1031.2206	91	1031.2206
group_3200	279	2417	8.6631	17	125.3232	8	117.9513
group_15842	1905	4650	2.4409	35	37.7885	17	36.7088
group_3211	282	3306	11.7234	26	189.6318	13	189.6318
group_3215	801	151	0.1885	1	2.5678	0	0.0000
group_3218	762	1204	1.5801	8	21.5934	4	21.5934
group_3224	116	0	0.0000	0	0.0000	0	0.0000
group_3225	339	151	0.4454	1	6.0672	0	0.0000
group_3228	168	151	0.8988	1	12.2427	0	0.0000
group_3233	387	151	0.3902	1	5.3147	0	0.0000
group_3235	144	0	0.0000	0	0.0000	0	0.0000
group_14735	177	0	0.0000	0	0.0000	0	0.0000
group_3240	564	0	0.0000	0	0.0000	0	0.0000
group_3243	423	0	0.0000	0	0.0000	0	0.0000
group_16898	282	0	0.0000	0	0.0000	0	0.0000
group_3254	846	1057	1.2494	7	17.0182	3	14.5871
group_3255	286	0	0.0000	0	0.0000	0	0.0000
group_3256	222	0	0.0000	0	0.0000	0	0.0000
group_3260	231	302	1.3074	2	17.8076	1	17.8076
group_3263	135	0	0.0000	0	0.0000	0	0.0000
group_3270	294	0	0.0000	0	0.0000	0	0.0000
group_3276	195	0	0.0000	0	0.0000	0	0.0000
group_14602	3309	1704	0.5150	12	7.4588	6	7.4588
group_3282	141	218	1.5461	2	29.1741	1	29.1741
group_3286	138	0	0.0000	0	0.0000	0	0.0000
group_3287	348	302	0.8678	2	11.8205	1	11.8205
group_3297	105	0	0.0000	0	0.0000	0	0.0000
group_3301	783	151	0.1928	1	2.6268	0	0.0000
group_3305	261	151	0.5785	1	7.8804	0	0.0000
potD	1149	5486	4.7746	39	69.8122	19	68.0222
group_16907	402	287	0.7139	3	15.3491	1	10.2327
group_3315	903	7240	8.0177	50	113.8857	25	113.8857
group_3316	2079	3342	1.6075	24	23.7434	12	23.7434
group_3318	270	151	0.5593	1	7.6177	0	0.0000
group_3319	147	0	0.0000	0	0.0000	0	0.0000
group_16891	282	885	3.1383	6	43.7612	3	43.7612
group_3327	189	731	3.8677	7	76.1769	3	65.2944
group_3328	429	2138	4.9837	15	71.9152	7	67.1209
group_3355	258	903	3.5000	7	55.8040	3	47.8320
group_3357	396	434	1.0960	4	20.7755	2	20.7755
group_3362	405	298	0.7358	2	10.1569	1	10.1569
group_3367	312	0	0.0000	0	0.0000	0	0.0000
group_3370	357	416	1.1653	3	17.2838	1	11.5225
group_3374	276	0	0.0000	0	0.0000	0	0.0000
group_3381	204	0	0.0000	0	0.0000	0	0.0000
group_3382	165	0	0.0000	0	0.0000	0	0.0000
group_3383	246	0	0.0000	0	0.0000	0	0.0000
group_3386	1041	2268	2.1787	15	29.6365	7	27.6608
group_3392	531	0	0.0000	0	0.0000	0	0.0000
group_3393	438	0	0.0000	0	0.0000	0	0.0000
group_3404	534	0	0.0000	0	0.0000	0	0.0000
group_16090	1620	0	0.0000	0	0.0000	0	0.0000
group_3416	264	151	0.5720	1	7.7908	0	0.0000
group_3423	265	0	0.0000	0	0.0000	0	0.0000
group_3425	798	302	0.3784	2	5.1548	1	5.1548
group_3432	1860	10446	5.6161	70	77.4055	35	77.4055
group_15941	3006	453	0.1507	3	2.0527	1	1.3684
group_3445	219	555	2.5342	6	56.3500	3	56.3500
group_3449	4023	29239	7.2680	136	69.5306	68	69.5306
group_3474	864	604	0.6991	4	9.5221	2	9.5221
group_3481	213	0	0.0000	0	0.0000	0	0.0000
group_3482	342	0	0.0000	0	0.0000	0	0.0000
group_3493	504	0	0.0000	0	0.0000	0	0.0000
group_3501	774	0	0.0000	0	0.0000	0	0.0000
group_3506	918	1409	1.5349	11	24.6455	5	22.4050
group_3509	228	1220	5.3509	9	81.1885	4	72.1675
group_3512	477	322	0.6751	2	8.6238	1	8.6238
group_3517	2511	0	0.0000	0	0.0000	0	0.0000
group_3522	1098	1471	1.3397	10	18.7320	5	18.7320
group_3525	156	0	0.0000	0	0.0000	0	0.0000
group_3526	513	0	0.0000	0	0.0000	0	0.0000
group_3529	1191	906	0.7607	6	10.3616	3	10.3616
group_3530	297	302	1.0168	2	13.8503	1	13.8503
group_19107	222	0	0.0000	0	0.0000	0	0.0000
group_3537	897	293	0.3266	2	4.5859	1	4.5859
group_3547	111	0	0.0000	0	0.0000	0	0.0000
group_3550	138	0	0.0000	0	0.0000	0	0.0000
group_3554	2076	914	0.4403	6	5.9444	3	5.9444
group_3559	438	1021	2.3311	9	42.2625	4	37.5667
group_16446	645	3067	4.7550	23	73.3424	11	70.1536
group_3565	393	151	0.3842	1	5.2335	0	0.0000
group_3567	4053	569	0.1404	4	2.0299	2	2.0299
group_3570	1065	1744	1.6376	12	23.1749	6	23.1749
mnmG	1908	59249	31.0529	403	434.4237	201	433.3457
group_3598	174	151	0.8678	1	11.8205	0	0.0000
group_3601	510	3123	6.1235	22	88.7236	11	88.7236
group_3608	459	0	0.0000	0	0.0000	0	0.0000
group_17584	699	1023	1.4635	7	20.5972	3	17.6547
group_3611	249	956	3.8394	7	57.8210	3	49.5608
group_3617	165	0	0.0000	0	0.0000	0	0.0000
group_14756	864	3308	3.8287	25	59.5132	12	57.1326
group_15235	7215	5976	0.8283	44	12.5431	22	12.5431
group_3625	828	302	0.3647	2	4.9681	1	4.9681
group_16242	1284	0	0.0000	0	0.0000	0	0.0000
group_3651	360	0	0.0000	0	0.0000	0	0.0000
group_15123	846	2210	2.6123	15	36.4676	7	34.0365
group_3668	327	364	1.1131	3	18.8695	1	12.5797
group_3678	330	1116	3.3818	7	43.6286	3	37.3959
group_3693	333	0	0.0000	0	0.0000	0	0.0000
group_3694	663	5320	8.0241	36	111.6801	18	111.6801
group_3695	252	1537	6.0992	13	106.1035	6	97.9417
group_18883	1755	5222	2.9755	37	43.3622	18	42.1903
group_3715	120	0	0.0000	0	0.0000	0	0.0000
rpoA	942	0	0.0000	0	0.0000	0	0.0000
group_18908	456	151	0.3311	1	4.5105	0	0.0000
group_3724	183	0	0.0000	0	0.0000	0	0.0000
group_3731	228	0	0.0000	0	0.0000	0	0.0000
group_3733	243	0	0.0000	0	0.0000	0	0.0000
group_18919	399	731	1.8321	5	25.7741	2	20.6193
group_3745	513	0	0.0000	0	0.0000	0	0.0000
group_19108	1626	5428	3.3383	37	46.8024	18	45.5375
group_18941	1389	3782	2.7228	26	38.4998	13	38.4998
group_3765	136	218	1.6029	2	30.2467	1	30.2467
group_18952	606	4194	6.9208	30	101.8206	15	101.8206
group_18954	1587	5547	3.4953	37	47.9525	18	46.6565
group_3772	1311	1117	0.8520	8	12.5509	4	12.5509
group_3779	234	3468	14.8205	30	263.6891	15	263.6891
group_3781	756	302	0.3995	2	5.4412	1	5.4412
group_3784	390	0	0.0000	0	0.0000	0	0.0000
group_3786	366	782	2.1366	6	33.7176	3	33.7176
group_3787	363	302	0.8320	2	11.3321	1	11.3321
group_3790	246	601	2.4431	4	33.4435	2	33.4435
group_3791	351	0	0.0000	0	0.0000	0	0.0000
group_16136	387	2255	5.8269	16	85.0346	8	85.0346
group_3802	138	530	3.8406	6	89.4250	3	89.4250
group_3808	333	3279	9.8468	29	179.1186	14	172.9421
group_3821	414	4943	11.9396	38	188.7861	19	188.7861
psaB	2214	14670	6.6260	100	92.8986	50	92.8986
group_3826	351	0	0.0000	0	0.0000	0	0.0000
group_3827	228	577	2.5307	5	45.1047	2	36.0838
group_18982	243	302	1.2428	2	16.9282	1	16.9282
group_3846	9591	39189	4.0860	258	55.3277	129	55.3277
group_19007	1005	3218	3.2020	22	45.0239	11	45.0239
group_19016	2223	3017	1.3572	20	18.5045	10	18.5045
group_19015	243	584	2.4033	5	42.3205	2	33.8564
group_3859	579	0	0.0000	0	0.0000	0	0.0000
group_3861	342	146	0.4269	2	12.0279	1	12.0279
group_3864	213	0	0.0000	0	0.0000	0	0.0000
group_3866	279	604	2.1649	4	29.4878	2	29.4878
group_3868	498	2700	5.4217	18	74.3413	9	74.3413
group_18923	681	4570	6.7107	31	93.6271	15	90.6068
group_3876	831	5583	6.7184	37	91.5772	18	89.1022
group_3881	834	0	0.0000	0	0.0000	0	0.0000
group_18934	1593	10456	6.5637	71	91.6705	35	90.3793
group_3890	1266	0	0.0000	0	0.0000	0	0.0000
group_3893	231	0	0.0000	0	0.0000	0	0.0000
group_3903	213	589	2.7653	4	38.6249	2	38.6249
group_19059	1044	5124	4.9080	35	68.9532	17	66.9831
group_3908	210	0	0.0000	0	0.0000	0	0.0000
group_19013	372	1959	5.2661	15	82.9345	7	77.4055
group_3911	504	0	0.0000	0	0.0000	0	0.0000
group_18933	2928	32292	11.0287	222	155.9440	111	155.9440
group_3915	552	397	0.7192	3	11.1781	1	7.4521
group_19078	2013	8887	4.4148	60	61.3048	30	61.3048
group_3920	321	838	2.6106	6	38.4444	3	38.4444
group_3923	909	2114	2.3256	14	31.6775	7	31.6775
group_19102	1488	298	0.2003	2	2.7645	1	2.7645
group_3933	168	0	0.0000	0	0.0000	0	0.0000
group_3934	303	646	2.1320	6	40.7282	3	40.7282
group_3938	327	0	0.0000	0	0.0000	0	0.0000
group_3941	186	151	0.8118	1	11.0579	0	0.0000
group_3944	117	0	0.0000	0	0.0000	0	0.0000
group_3964	1434	532	0.3710	3	4.3029	1	2.8686
group_3966	723	151	0.2089	1	2.8448	0	0.0000
group_3972	297	0	0.0000	0	0.0000	0	0.0000
group_3983	2670	1202	0.4502	8	6.1626	4	6.1626
acsF	1170	33138	28.3231	226	397.2916	113	397.2916
group_3988	324	583	1.7994	4	25.3923	2	25.3923
group_4002	129	0	0.0000	0	0.0000	0	0.0000
group_4007	4086	1661	0.4065	11	5.5371	5	5.0337
group_4015	417	0	0.0000	0	0.0000	0	0.0000
group_4018	216	662	3.0648	5	47.6105	2	38.0884
group_4056	162	0	0.0000	0	0.0000	0	0.0000
group_17649	948	2779	2.9314	20	43.3919	10	43.3919
group_4072	1842	0	0.0000	0	0.0000	0	0.0000
group_4073	3357	5790	1.7248	39	23.8946	19	23.2819
group_4075	813	2126	2.6150	15	37.9479	7	35.4180
bchD	2001	27265	13.6257	190	195.2960	95	195.2960
group_4079	2277	11946	5.2464	85	76.7790	42	75.8758
rpoC1	1881	59370	31.5630	429	469.0891	214	467.9956
group_4114	2004	1850	0.9232	14	14.3687	7	14.3687
group_4115	516	151	0.2926	1	3.9860	0	0.0000
group_4121	1497	3070	2.0508	22	30.2265	11	30.2265
group_4124	1767	7369	4.1703	50	58.1996	25	58.1996
group_4138	345	0	0.0000	0	0.0000	0	0.0000
lysS	1638	16043	9.7943	118	148.1682	59	148.1682
group_4147	1698	4262	2.5100	30	36.3388	15	36.3388
group_4148	123	0	0.0000	0	0.0000	0	0.0000
ndhD2	1662	17129	10.3063	119	147.2661	59	146.0286
group_4171	1686	9220	5.4686	63	76.8546	31	75.6347
group_4176	1617	7100	4.3908	49	62.3265	24	61.0545
comB	726	6078	8.3719	42	118.9870	21	118.9870
group_4193	333	453	1.3604	3	18.5295	1	12.3530
group_4197	1299	2575	1.9823	18	28.5003	9	28.5003
group_4198	1284	0	0.0000	0	0.0000	0	0.0000
group_4203	1230	604	0.4911	4	6.6887	2	6.6887
group_4220	624	950	1.5224	8	26.3689	4	26.3689
group_4247	1440	445	0.3090	3	4.2849	1	2.8566
cbbL	1416	183931	129.8948	1255	1822.9187	627	1821.4661
group_4254	267	151	0.5655	1	7.7033	0	0.0000
bchL	870	604	0.6943	4	9.4564	2	9.4564
group_4258	1410	9266	6.5716	63	91.8985	31	90.4398
psbC	1383	107418	77.6703	736	1094.5673	368	1094.5673
group_4265	297	0	0.0000	0	0.0000	0	0.0000
group_4268	1368	906	0.6623	6	9.0209	3	9.0209
group_4274	285	1250	4.3860	10	72.1675	5	72.1675
group_4276	621	1321	2.1272	10	33.1204	5	33.1204
group_4296	567	6187	10.9118	49	177.7460	24	174.1185
group_4306	453	743	1.6402	5	22.7017	2	18.1614
group_4314	1314	4530	3.4475	30	46.9583	15	46.9583
group_4316	1302	2954	2.2688	20	31.5941	10	31.5941
group_15532	1296	732	0.5648	5	7.9351	2	6.3481
group_4321	621	587	0.9452	5	16.5602	2	13.2481
group_4337	402	443	1.1020	3	15.3491	1	10.2327
group_4347	1227	1794	1.4621	12	20.1152	6	20.1152
group_4348	165	0	0.0000	0	0.0000	0	0.0000
group_4352	1107	4682	4.2294	31	57.5971	15	55.7392
group_4354	1215	1510	1.2428	10	16.9282	5	16.9282
group_4356	1509	3200	2.1206	23	31.3491	11	29.9861
pyrD	1143	10573	9.2502	74	133.1595	37	133.1595
group_4376	615	1644	2.6732	12	40.1322	6	40.1322
frhB	1194	27381	22.9322	192	330.7377	96	330.7377
gmrSD	1722	302	0.1754	2	2.3888	1	2.3888
group_4404	504	2066	4.0992	16	65.2944	8	65.2944
group_4408	558	0	0.0000	0	0.0000	0	0.0000
dnaN	306	391	1.2778	4	26.8859	2	26.8859
group_4426	1143	3967	3.4707	27	48.5852	13	46.7858
group_4442	930	1208	1.2989	8	17.6927	4	17.6927
group_4450	804	1355	1.6853	9	23.0236	4	20.4654
group_4453	243	1666	6.8560	12	101.5691	6	101.5691
group_4454	12021	2361	0.1964	18	3.0798	9	3.0798
group_4458	1671	755	0.4518	5	6.1543	2	4.9235
group_4469	1107	3044	2.7498	21	39.0174	10	37.1594
group_4470	1107	1181	1.0668	8	14.8638	4	14.8638
group_4471	1188	8270	6.9613	57	98.6837	28	96.9524
group_4487	2616	0	0.0000	0	0.0000	0	0.0000
group_4501	150	0	0.0000	0	0.0000	0	0.0000
group_4505	129	0	0.0000	0	0.0000	0	0.0000
group_4517	555	151	0.2721	1	3.7059	0	0.0000
group_4527	141	0	0.0000	0	0.0000	0	0.0000
group_4533	1038	151	0.1455	1	1.9815	0	0.0000
group_4549	510	0	0.0000	0	0.0000	0	0.0000
group_4550	1581	2233	1.4124	15	19.5140	7	18.2131
group_4562	471	0	0.0000	0	0.0000	0	0.0000
group_4565	525	0	0.0000	0	0.0000	0	0.0000
wecE	1128	9092	8.0603	65	118.5198	32	116.6965
group_4592	969	0	0.0000	0	0.0000	0	0.0000
group_4595	219	180	0.8219	2	18.7833	1	18.7833
group_4599	429	0	0.0000	0	0.0000	0	0.0000
group_4633	258	8055	31.2209	62	494.2638	31	494.2638
group_4642	921	0	0.0000	0	0.0000	0	0.0000
petP	399	2777	6.9599	22	113.4061	11	113.4061
group_4677	1278	352	0.2754	4	6.4375	2	6.4375
group_4678	447	2372	5.3065	17	78.2219	8	73.6206
group_4680	1194	0	0.0000	0	0.0000	0	0.0000
group_4686	720	294	0.4083	2	5.7133	1	5.7133
group_4688	363	26367	72.6364	196	1110.5453	98	1110.5453
cphB	864	7913	9.1586	56	133.3095	28	133.3095
cphA	2634	15773	5.9882	110	85.8942	55	85.8942
group_4696	1908	1661	0.8705	11	11.8577	5	10.7797
group_4698	186	0	0.0000	0	0.0000	0	0.0000
group_19106	828	2851	3.4432	19	47.1965	9	44.7125
group_4706	666	0	0.0000	0	0.0000	0	0.0000
group_4733	807	0	0.0000	0	0.0000	0	0.0000
group_4739	267	1344	5.0337	10	77.0328	5	77.0328
group_4742	792	2375	2.9987	17	44.1480	8	41.5510
group_17224	1647	26973	16.3770	186	232.2770	93	232.2770
group_4772	114	0	0.0000	0	0.0000	0	0.0000
group_4784	1566	3062	1.9553	23	30.2081	11	28.8947
group_4787	618	279	0.4515	2	6.6562	1	6.6562
group_4807	336	4305	12.8125	34	208.1261	17	208.1261
group_4808	720	302	0.4194	2	5.7133	1	5.7133
hcp	1629	13732	8.4297	94	118.6844	47	118.6844
group_4813	888	1655	1.8637	11	25.4781	5	23.1619
group_4814	201	0	0.0000	0	0.0000	0	0.0000
group_4834	117	0	0.0000	0	0.0000	0	0.0000
group_4863	117	0	0.0000	0	0.0000	0	0.0000
group_4868	304	817	2.6875	8	54.1257	4	54.1257
group_4870	1128	3000	2.6596	20	36.4676	10	36.4676
group_4901	369	0	0.0000	0	0.0000	0	0.0000
group_4902	582	602	1.0344	4	14.1359	2	14.1359
group_4912	699	0	0.0000	0	0.0000	0	0.0000
group_4913	570	1913	3.3561	14	50.5173	7	50.5173
group_4937	2748	49620	18.0568	333	249.2380	166	248.4896
group_4943	309	15301	49.5178	122	812.0601	61	812.0601
group_4944	309	873	2.8252	6	39.9374	3	39.9374
group_4947	1746	1183	0.6775	8	9.4239	4	9.4239
group_4975	270	0	0.0000	0	0.0000	0	0.0000
group_4978	153	0	0.0000	0	0.0000	0	0.0000
group_4986	153	0	0.0000	0	0.0000	0	0.0000
group_5010	1425	0	0.0000	0	0.0000	0	0.0000
group_5030	558	453	0.8118	3	11.0579	1	7.3720
group_5032	462	0	0.0000	0	0.0000	0	0.0000
group_5042	3066	768	0.2505	6	4.0250	3	4.0250
group_5049	264	0	0.0000	0	0.0000	0	0.0000
group_5055	309	10154	32.8608	75	499.2173	37	492.5610
group_5056	1737	10249	5.9004	72	85.2549	36	85.2549
group_5063	96	0	0.0000	0	0.0000	0	0.0000
group_5066	11259	6430	0.5711	45	8.2205	22	8.0378
group_5071	429	1260	2.9371	9	43.1491	4	38.3548
group_5074	228	0	0.0000	0	0.0000	0	0.0000
group_5080	210	0	0.0000	0	0.0000	0	0.0000
group_5090	264	492	1.8636	4	31.1633	2	31.1633
group_5091	423	879	2.0780	6	29.1741	3	29.1741
group_5096	426	990	2.3239	7	33.7968	3	28.9687
group_5098	156	0	0.0000	0	0.0000	0	0.0000
group_5128	387	19913	51.4548	150	797.1997	75	797.1997
group_5130	327	812	2.4832	8	50.3187	4	50.3187
group_5131	111	0	0.0000	0	0.0000	0	0.0000
group_5152	396	302	0.7626	2	10.3878	1	10.3878
group_5156	399	466	1.1679	4	20.6193	2	20.6193
group_5164	297	2030	6.8350	18	124.6530	9	124.6530
group_5168	255	4011	15.7294	31	250.0393	15	241.9735
group_5169	402	0	0.0000	0	0.0000	0	0.0000
group_5174	1719	0	0.0000	0	0.0000	0	0.0000
group_5179	441	302	0.6848	2	9.3278	1	9.3278
group_5182	123	0	0.0000	0	0.0000	0	0.0000
group_5183	285	1507	5.2877	12	86.6011	6	86.6011
group_5193	165	186	1.1273	2	24.9306	1	24.9306
ssb	516	1607	3.1143	12	47.8320	6	47.8320
group_5205	282	0	0.0000	0	0.0000	0	0.0000
group_5222	1383	302	0.2184	2	2.9744	1	2.9744
group_5227	438	0	0.0000	0	0.0000	0	0.0000
group_5237	240	341	1.4208	4	34.2796	2	34.2796
group_5240	339	474	1.3982	4	24.2687	2	24.2687
group_5253	663	0	0.0000	0	0.0000	0	0.0000
group_5256	192	4802	25.0104	40	428.4948	20	428.4948
group_5266	318	868	2.7296	6	38.8071	3	38.8071
group_5275	312	755	2.4199	5	32.9611	2	26.3689
group_5283	390	18330	47.0000	136	717.2344	68	717.2344
group_5287	96	192	2.0000	2	42.8495	1	42.8495
group_5289	2301	2150	0.9344	16	14.3018	8	14.3018
group_5290	274	793	2.8942	6	45.0389	3	45.0389
group_5294	447	640	1.4318	6	27.6077	3	27.6077
group_5299	306	302	0.9869	2	13.4430	1	13.4430
group_5302	630	151	0.2397	1	3.2647	0	0.0000
group_5303	147	0	0.0000	0	0.0000	0	0.0000
group_5305	450	1638	3.6400	12	54.8473	6	54.8473
group_5307	300	604	2.0133	4	27.4237	2	27.4237
group_5309	300	1285	4.2833	10	68.5592	5	68.5592
group_5314	312	729	2.3365	5	32.9611	2	26.3689
group_5320	297	300	1.0101	2	13.8503	1	13.8503
group_5323	297	431	1.4512	4	27.7007	2	27.7007
group_5324	285	264	0.9263	2	14.4335	1	14.4335
group_5337	645	366	0.5674	3	9.5664	1	6.3776
group_5349	864	589	0.6817	4	9.5221	2	9.5221
group_5354	150	0	0.0000	0	0.0000	0	0.0000
group_5357	1905	453	0.2378	3	3.2390	1	2.1593
group_5364	297	366	1.2323	3	20.7755	1	13.8503
group_5401	123	0	0.0000	0	0.0000	0	0.0000
group_15995	2727	858	0.3146	6	4.5254	3	4.5254
group_5413	1122	0	0.0000	0	0.0000	0	0.0000
group_5417	225	254	1.1289	2	18.2824	1	18.2824
group_5427	381	129	0.3386	1	5.3984	0	0.0000
group_5429	360	1125	3.1250	8	45.7061	4	45.7061
group_5431	354	2361	6.6695	19	110.3919	9	104.5818
group_5438	483	3573	7.3975	27	114.9750	13	110.7167
group_5444	237	252	1.0633	2	17.3568	1	17.3568
group_5459	174	0	0.0000	0	0.0000	0	0.0000
group_5461	291	11842	40.6942	94	664.3878	47	664.3878
group_5462	255	1526	5.9843	13	104.8552	6	96.7894
group_5466	219	585	2.6712	5	46.9583	2	37.5667
group_5472	240	474	1.9750	4	34.2796	2	34.2796
group_5473	285	8095	28.4035	62	447.4388	31	447.4388
group_5477	432	1040	2.4074	8	38.0884	4	38.0884
group_5480	333	1114	3.3453	9	55.5885	4	49.4120
group_5481	282	0	0.0000	0	0.0000	0	0.0000
group_5482	1287	302	0.2347	2	3.1962	1	3.1962
group_5483	846	0	0.0000	0	0.0000	0	0.0000
group_5487	177	0	0.0000	0	0.0000	0	0.0000
group_5496	420	1205	2.8690	9	44.0738	4	39.1767
group_5522	180	0	0.0000	0	0.0000	0	0.0000
group_5536	342	755	2.2076	5	30.0698	2	24.0558
group_5567	573	2110	3.6824	14	50.2528	7	50.2528
group_14754	615	743	1.2081	5	16.7217	2	13.3774
group_5576	114	202	1.7719	2	36.0838	1	36.0838
group_5581	120	230	1.9167	2	34.2796	1	34.2796
group_5588	534	151	0.2828	1	3.8516	0	0.0000
group_5596	957	5050	5.2769	35	75.2217	17	73.0725
group_5603	267	1643	6.1536	13	100.1426	6	92.4393
group_5610	270	112	0.4148	2	15.2354	1	15.2354
group_5612	837	151	0.1804	1	2.4573	0	0.0000
group_5614	648	755	1.1651	5	15.8702	2	12.6961
group_5615	210	490	2.3333	4	39.1767	2	39.1767
group_5616	609	3413	5.6043	26	87.8098	13	87.8098
group_5627	147	0	0.0000	0	0.0000	0	0.0000
group_5637	111	0	0.0000	0	0.0000	0	0.0000
group_5647	273	0	0.0000	0	0.0000	0	0.0000
group_5650	438	151	0.3447	1	4.6958	0	0.0000
group_5651	300	2183	7.2767	21	143.9743	10	137.1183
group_5654	204	350	1.7157	4	40.3289	2	40.3289
group_5662	909	7901	8.6920	57	128.9727	28	126.7100
group_5667	178	0	0.0000	0	0.0000	0	0.0000
group_5674	288	222	0.7708	2	14.2832	1	14.2832
group_5689	4584	12631	2.7555	86	38.5870	43	38.5870
group_5705	726	564	0.7769	4	11.3321	2	11.3321
group_5706	1467	903	0.6155	6	8.4122	3	8.4122
group_5716	2715	3321	1.2232	24	18.1814	12	18.1814
group_5717	885	302	0.3412	2	4.6481	1	4.6481
group_5718	3585	1508	0.4206	10	5.7372	5	5.7372
group_5724	420	0	0.0000	0	0.0000	0	0.0000
group_5725	144	0	0.0000	0	0.0000	0	0.0000
group_5734	1746	0	0.0000	0	0.0000	0	0.0000
group_5748	981	302	0.3078	2	4.1932	1	4.1932
group_5753	588	906	1.5408	6	20.9875	3	20.9875
group_5764	1071	302	0.2820	2	3.8408	1	3.8408
group_5766	279	206	0.7384	2	14.7439	1	14.7439
group_5788	285	1611	5.6526	13	93.8178	6	86.6011
group_5796	1407	0	0.0000	0	0.0000	0	0.0000
group_5798	618	1096	1.7735	9	29.9530	4	26.6249
group_5800	546	704	1.2894	4	15.0679	2	15.0679
brxC	3507	5906	1.6841	42	24.6320	21	24.6320
group_5814	147	0	0.0000	0	0.0000	0	0.0000
group_5817	198	256	1.2929	2	20.7755	1	20.7755
group_5826	1518	2933	1.9321	21	28.4534	10	27.0985
group_5829	990	1458	1.4727	10	20.7755	5	20.7755
group_5844	165	411	2.4909	4	49.8612	2	49.8612
group_5860	489	0	0.0000	0	0.0000	0	0.0000
group_5862	378	755	1.9974	5	27.2060	2	21.7648
group_5869	141	216	1.5319	2	29.1741	1	29.1741
group_5875	795	1628	2.0478	11	28.4585	5	25.8714
group_5882	948	5599	5.9061	38	82.4446	19	82.4446
group_5884	267	1227	4.5955	10	77.0328	5	77.0328
group_5890	315	151	0.4794	1	6.5294	0	0.0000
group_5893	1563	906	0.5797	6	7.8955	3	7.8955
group_5895	648	557	0.8596	4	12.6961	2	12.6961
group_5911	705	8277	11.7404	60	175.0447	30	175.0447
group_5953	822	0	0.0000	0	0.0000	0	0.0000
group_5990	543	2729	5.0258	21	79.5438	10	75.7560
group_6000	672	596	0.8869	4	12.2427	2	12.2427
group_6005	876	453	0.5171	3	7.0438	1	4.6958
group_6012	792	1779	2.2462	12	31.1633	6	31.1633
group_6027	1611	2677	1.6617	19	24.2574	9	22.9807
group_6028	672	0	0.0000	0	0.0000	0	0.0000
group_6036	285	231	0.8105	2	14.4335	1	14.4335
group_6040	1956	755	0.3860	5	5.2576	2	4.2061
group_6061	183	260	1.4208	2	22.4784	1	22.4784
group_6077	3810	20775	5.4528	140	75.5770	70	75.5770
group_6078	189	0	0.0000	0	0.0000	0	0.0000
group_6087	738	0	0.0000	0	0.0000	0	0.0000
group_6095	132	0	0.0000	0	0.0000	0	0.0000
group_6112	264	497	1.8826	5	38.9541	2	31.1633
group_6133	654	0	0.0000	0	0.0000	0	0.0000
group_6134	840	0	0.0000	0	0.0000	0	0.0000
group_6148	570	0	0.0000	0	0.0000	0	0.0000
group_6151	741	0	0.0000	0	0.0000	0	0.0000
group_6155	525	0	0.0000	0	0.0000	0	0.0000
group_6167	2589	186	0.0718	2	1.5889	1	1.5889
group_6168	183	0	0.0000	0	0.0000	0	0.0000
group_6173	429	1222	2.8485	9	43.1491	4	38.3548
group_6181	351	1260	3.5897	9	52.7378	4	46.8781
group_6183	681	1351	1.9838	11	33.2225	5	30.2023
group_6184	345	958	2.7768	7	41.7317	3	35.7700
group_6185	228	0	0.0000	0	0.0000	0	0.0000
group_6186	285	683	2.3965	5	36.0838	2	28.8670
group_6188	288	2514	8.7292	21	149.9732	10	142.8316
group_6194	942	975	1.0350	7	15.2839	3	13.1005
group_6204	126	120	0.9524	2	32.6472	1	32.6472
group_15994	2658	0	0.0000	0	0.0000	0	0.0000
group_6216	135	0	0.0000	0	0.0000	0	0.0000
group_6217	300	151	0.5033	1	6.8559	0	0.0000
group_6226	387	604	1.5607	4	21.2587	2	21.2587
group_6228	1008	2371	2.3522	16	32.6472	8	32.6472
group_6237	327	151	0.4618	1	6.2898	0	0.0000
group_6238	213	2218	10.4131	17	164.1558	8	154.4995
group_6239	192	824	4.2917	7	74.9866	3	64.2742
group_6269	346	600	1.7341	4	23.7777	2	23.7777
dppC	879	6327	7.1980	45	105.2957	22	102.9558
group_6280	336	556	1.6548	4	24.4854	2	24.4854
group_6283	258	1637	6.3450	13	103.6360	6	95.6640
tnpIS607~~~tnpISMae20	594	302	0.5084	2	6.9252	1	6.9252
murC	1428	8778	6.1471	61	87.8594	30	86.4191
group_6286	654	0	0.0000	0	0.0000	0	0.0000
group_6292	297	448	1.5084	3	20.7755	1	13.8503
group_6295	573	890	1.5532	6	21.5369	3	21.5369
petH	1200	25542	21.2850	176	301.6604	88	301.6604
group_6349	369	0	0.0000	0	0.0000	0	0.0000
group_6352	1578	604	0.3828	4	5.2136	2	5.2136
group_6362	657	0	0.0000	0	0.0000	0	0.0000
group_6367	432	4474	10.3565	34	161.8758	17	161.8758
group_6375	300	933	3.1100	7	47.9914	3	41.1355
group_6381	678	843	1.2434	6	18.2015	3	18.2015
group_6385	360	2800	7.7778	22	125.6918	11	125.6918
grrP	900	3162	3.5133	21	47.9914	10	45.7061
group_6388	324	602	1.8580	4	25.3923	2	25.3923
group_6409	708	294	0.4153	2	5.8101	1	5.8101
group_6421	189	151	0.7989	1	10.8824	0	0.0000
group_19110	1653	254	0.1537	2	2.4885	1	2.4885
group_6459	207	2345	11.3285	21	208.6583	10	198.7222
group_6469	648	0	0.0000	0	0.0000	0	0.0000
group_6516	1704	274	0.1608	2	2.4141	1	2.4141
group_6548	711	0	0.0000	0	0.0000	0	0.0000
group_6568	774	2248	2.9044	16	42.5173	8	42.5173
group_6582	162	0	0.0000	0	0.0000	0	0.0000
group_6608	450	0	0.0000	0	0.0000	0	0.0000
group_6609	393	775	1.9720	6	31.4011	3	31.4011
group_15572	3453	1812	0.5248	12	7.1478	6	7.1478
psbD	1146	119568	104.3351	823	1477.0733	411	1475.2785
group_6640	1017	0	0.0000	0	0.0000	0	0.0000
group_6663	156	0	0.0000	0	0.0000	0	0.0000
group_6681	1731	2529	1.4610	17	20.1994	8	19.0112
group_6689	1221	2238	1.8329	16	26.9520	8	26.9520
group_6699	285	0	0.0000	0	0.0000	0	0.0000
group_6716	168	0	0.0000	0	0.0000	0	0.0000
group_6722	1524	0	0.0000	0	0.0000	0	0.0000
group_6724	183	0	0.0000	0	0.0000	0	0.0000
group_6752	747	604	0.8086	4	11.0135	2	11.0135
group_6758	660	11744	17.7939	80	249.3061	40	249.3061
group_6759	1398	8425	6.0265	60	88.2736	30	88.2736
group_6768	645	518	0.8031	4	12.7552	2	12.7552
group_6771	666	592	0.8889	4	12.3530	2	12.3530
group_6780	1470	41992	28.5660	297	415.5525	148	414.1534
group_6795	732	0	0.0000	0	0.0000	0	0.0000
group_6796	126	0	0.0000	0	0.0000	0	0.0000
group_6816	135	593	4.3926	6	91.4122	3	91.4122
group_6842	606	0	0.0000	0	0.0000	0	0.0000
group_6863	393	1305	3.3206	9	47.1017	4	41.8682
group_6874	126	0	0.0000	0	0.0000	0	0.0000
group_6899	381	968	2.5407	8	43.1869	4	43.1869
group_6900	504	0	0.0000	0	0.0000	0	0.0000
group_6907	789	755	0.9569	5	13.0341	2	10.4273
group_6909	729	1812	2.4856	12	33.8564	6	33.8564
group_6918	228	0	0.0000	0	0.0000	0	0.0000
group_6927	348	151	0.4339	1	5.9103	0	0.0000
group_6950	1173	878	0.7485	6	10.5206	3	10.5206
group_6958	567	151	0.2663	1	3.6275	0	0.0000
group_6961	915	1207	1.3191	8	17.9827	4	17.9827
group_6963	216	595	2.7546	4	38.0884	2	38.0884
group_6970	171	0	0.0000	0	0.0000	0	0.0000
group_6971	267	151	0.5655	1	7.7033	0	0.0000
group_7009	357	0	0.0000	0	0.0000	0	0.0000
group_7017	267	0	0.0000	0	0.0000	0	0.0000
group_7021	2364	1327	0.5613	10	8.7004	5	8.7004
group_7037	579	1905	3.2902	13	46.1798	6	42.6275
group_7081	414	876	2.1159	6	29.8083	3	29.8083
group_7099	1167	0	0.0000	0	0.0000	0	0.0000
group_19111	588	305	0.5187	2	6.9958	1	6.9958
group_7121	759	0	0.0000	0	0.0000	0	0.0000
group_7147	1344	906	0.6741	6	9.1820	3	9.1820
group_7153	819	231	0.2821	2	5.0226	1	5.0226
group_7155	279	151	0.5412	1	7.3720	0	0.0000
hemC	960	8033	8.3677	56	119.9786	28	119.9786
group_7162	180	0	0.0000	0	0.0000	0	0.0000
group_7170	726	0	0.0000	0	0.0000	0	0.0000
group_7185	2883	8835	3.0645	60	42.8049	30	42.8049
group_7190	960	0	0.0000	0	0.0000	0	0.0000
group_7205	423	2225	5.2600	16	77.7976	8	77.7976
fadM	417	1778	4.2638	13	64.1201	6	59.1878
group_7209	315	1275	4.0476	9	58.7650	4	52.2356
group_7230	456	0	0.0000	0	0.0000	0	0.0000
group_7233	1941	13644	7.0294	90	95.3682	45	95.3682
group_7238	186	778	4.1828	6	66.3476	3	66.3476
group_7258	630	8440	13.3968	60	195.8833	30	195.8833
group_7263	702	4062	5.7863	26	76.1769	13	76.1769
group_7280	1029	302	0.2935	2	3.9976	1	3.9976
group_7286	456	3106	6.8114	22	99.2304	11	99.2304
group_7298	2304	5074	2.2023	34	30.3517	17	30.3517
group_7304	480	259	0.5396	2	8.5699	1	8.5699
group_7316	360	1124	3.1222	8	45.7061	4	45.7061
group_7330	870	3127	3.5943	23	54.3745	11	52.0104
group_7342	240	302	1.2583	2	17.1398	1	17.1398
group_19112	312	0	0.0000	0	0.0000	0	0.0000
group_7350	378	0	0.0000	0	0.0000	0	0.0000
group_19113	492	0	0.0000	0	0.0000	0	0.0000
group_7374	735	604	0.8218	4	11.1933	2	11.1933
group_7390	105	0	0.0000	0	0.0000	0	0.0000
group_7398	456	0	0.0000	0	0.0000	0	0.0000
group_7405	1221	33914	27.7756	228	384.0661	114	384.0661
group_15130	717	0	0.0000	0	0.0000	0	0.0000
group_7412	132	0	0.0000	0	0.0000	0	0.0000
group_15976	387	2842	7.3437	21	111.6080	10	106.2933
group_7426	300	3575	11.9167	25	171.3979	12	164.5420
group_7457	102	0	0.0000	0	0.0000	0	0.0000
group_7482	327	1664	5.0887	11	69.1882	5	62.8983
group_7484	468	266	0.5684	2	8.7896	1	8.7896
group_7502	1125	1963	1.7449	13	23.7672	6	21.9389
group_17292	288	302	1.0486	2	14.2832	1	14.2832
group_7534	312	1006	3.2244	7	46.1456	3	39.5534
group_7579	156	0	0.0000	0	0.0000	0	0.0000
group_7587	408	7188	17.6176	50	252.0558	25	252.0558
group_7589	174	0	0.0000	0	0.0000	0	0.0000
group_7601	4638	6261	1.3499	43	19.0689	21	18.6254
group_7608	954	1359	1.4245	9	19.4035	4	17.2476
group_7610	1560	0	0.0000	0	0.0000	0	0.0000
group_7618	1803	1700	0.9429	12	13.6890	6	13.6890
group_7621	540	453	0.8389	3	11.4265	1	7.6177
group_7627	240	0	0.0000	0	0.0000	0	0.0000
group_7631	210	0	0.0000	0	0.0000	0	0.0000
group_7644	777	0	0.0000	0	0.0000	0	0.0000
group_16403	4998	6566	1.3137	45	18.5184	22	18.1069
group_7694	897	4695	5.2341	34	77.9603	17	77.9603
group_7695	2112	50964	24.1307	352	342.7959	176	342.7959
group_7707	642	1288	2.0062	11	35.2407	5	32.0370
group_7708	444	968	2.1802	7	32.4266	3	27.7943
group_19114	315	0	0.0000	0	0.0000	0	0.0000
group_7718	318	0	0.0000	0	0.0000	0	0.0000
group_7740	267	795	2.9775	7	53.9229	3	46.2197
group_7748	1062	0	0.0000	0	0.0000	0	0.0000
group_17420	315	0	0.0000	0	0.0000	0	0.0000
group_7756	738	3475	4.7087	25	69.6740	12	66.8870
group_7769	516	0	0.0000	0	0.0000	0	0.0000
group_7776	609	0	0.0000	0	0.0000	0	0.0000
group_7798	228	0	0.0000	0	0.0000	0	0.0000
group_7803	417	2384	5.7170	18	88.7817	9	88.7817
group_14766	339	786	2.3186	6	36.4031	3	36.4031
group_7835	243	663	2.7284	6	50.7846	3	50.7846
group_7836	252	0	0.0000	0	0.0000	0	0.0000
group_7860	420	509	1.2119	4	19.5883	2	19.5883
group_7863	207	1240	5.9903	10	99.3611	5	99.3611
group_7867	615	0	0.0000	0	0.0000	0	0.0000
group_7893	210	0	0.0000	0	0.0000	0	0.0000
group_7895	399	1017	2.5489	7	36.0838	3	30.9289
group_7911	213	329	1.5446	2	19.3124	1	19.3124
group_7921	402	302	0.7512	2	10.2327	1	10.2327
group_7937	192	142	0.7396	2	21.4247	1	21.4247
group_7938	2958	858	0.2901	6	4.1720	3	4.1720
group_7966	198	543	2.7424	5	51.9388	2	41.5510
group_7972	393	151	0.3842	1	5.2335	0	0.0000
group_7978	468	151	0.3226	1	4.3948	0	0.0000
group_7979	291	960	3.2990	7	49.4757	3	42.4077
group_7994	273	302	1.1062	2	15.0679	1	15.0679
group_8037	567	294	0.5185	2	7.2549	1	7.2549
group_8041	561	1881	3.3529	10	36.6627	5	36.6627
group_8043	261	546	2.0920	4	31.5215	2	31.5215
group_8053	2412	257	0.1066	2	1.7055	1	1.7055
group_14734	4215	11718	2.7801	85	41.4771	42	40.9891
group_8073	138	252	1.8261	2	29.8083	1	29.8083
group_19118	708	596	0.8418	4	11.6202	2	11.6202
group_8114	219	591	2.6986	4	37.5667	2	37.5667
group_8119	261	20307	77.8046	162	1276.6191	81	1276.6191
group_8120	645	247	0.3829	2	6.3776	1	6.3776
group_8131	1290	22495	17.4380	152	242.3487	76	242.3487
group_8134	2193	1808	0.8244	12	11.2546	6	11.2546
group_8140	351	604	1.7208	4	23.4390	2	23.4390
group_8159	1311	2749	2.0969	20	31.3772	10	31.3772
group_8157	204	763	3.7402	7	70.5756	3	60.4934
group_8168	240	2038	8.4917	16	137.1183	8	137.1183
group_8182	213	281	1.3192	2	19.3124	1	19.3124
group_18374	1146	7021	6.1265	49	87.9424	24	86.1477
group_8248	1101	244296	221.8856	1703	3181.3697	851	3179.5016
group_8261	702	1730	2.4644	13	38.0884	6	35.1585
group_8264	900	604	0.6711	4	9.1412	2	9.1412
group_8285	612	1209	1.9755	9	30.2467	4	26.8859
group_15305	3963	1674	0.4224	12	6.2279	6	6.2279
group_8300	411	0	0.0000	0	0.0000	0	0.0000
group_19120	135	0	0.0000	0	0.0000	0	0.0000
group_8347	14124	63945	4.5274	333	48.4924	166	48.3467
araC	903	4352	4.8195	30	68.3314	15	68.3314
group_8354	960	9313	9.7010	67	143.5458	33	141.4033
group_8367	2088	755	0.3616	5	4.9252	2	3.9402
group_8372	885	302	0.3412	2	4.6481	1	4.6481
group_8375	705	1320	1.8723	9	26.2567	4	23.3393
group_8379	504	302	0.5992	2	8.1618	1	8.1618
group_8381	297	151	0.5084	1	6.9252	0	0.0000
group_8387	372	0	0.0000	0	0.0000	0	0.0000
group_8402	237	331	1.3966	3	26.0351	1	17.3568
group_8406	279	0	0.0000	0	0.0000	0	0.0000
group_8419	327	0	0.0000	0	0.0000	0	0.0000
group_8421	297	790	2.6599	7	48.4762	3	41.5510
group_8451	1149	11363	9.8895	83	148.5747	41	146.7846
group_8474	1233	0	0.0000	0	0.0000	0	0.0000
group_8475	984	0	0.0000	0	0.0000	0	0.0000
mvl	369	151	0.4092	1	5.5739	0	0.0000
group_8485	117	140	1.1966	2	35.1585	1	35.1585
group_8487	258	1190	4.6124	9	71.7480	4	63.7760
group_8496	120	0	0.0000	0	0.0000	0	0.0000
group_8498	882	0	0.0000	0	0.0000	0	0.0000
group_16601	768	412	0.5365	3	8.0343	1	5.3562
group_8517	165	0	0.0000	0	0.0000	0	0.0000
group_8547	1161	9536	8.2136	69	122.2373	34	120.4657
group_8574	585	1470	2.5128	10	35.1585	5	35.1585
group_8588	1080	2965	2.7454	20	38.0884	10	38.0884
group_8593	492	850	1.7276	6	25.0826	3	25.0826
group_8606	327	569	1.7401	4	25.1593	2	25.1593
group_8621	1182	0	0.0000	0	0.0000	0	0.0000
group_8637	321	302	0.9408	2	12.8148	1	12.8148
group_8639	222	274	1.2342	2	18.5295	1	18.5295
group_8656	132	0	0.0000	0	0.0000	0	0.0000
group_8657	777	2416	3.1094	16	42.3532	8	42.3532
group_8680	180	302	1.6778	2	22.8531	1	22.8531
group_8682	1161	604	0.5202	4	7.0862	2	7.0862
group_8718	906	1268	1.3996	10	22.7017	5	22.7017
group_8729	1512	311	0.2057	2	2.7206	1	2.7206
group_8738	1098	23717	21.6002	163	305.3318	81	303.4586
group_8749	246	690	2.8049	5	41.8044	2	33.4435
group_8755	1593	2263	1.4206	15	19.3670	7	18.0759
group_8774	1182	4242	3.5888	31	53.9425	15	52.2024
group_8785	312	0	0.0000	0	0.0000	0	0.0000
group_8798	255	747	2.9294	6	48.3947	3	48.3947
group_8808	576	0	0.0000	0	0.0000	0	0.0000
group_19121	426	0	0.0000	0	0.0000	0	0.0000
group_8853	195	0	0.0000	0	0.0000	0	0.0000
group_8860	1017	1306	1.2842	9	18.2015	4	16.1792
group_8875	7752	1812	0.2337	12	3.1839	6	3.1839
group_8881	408	0	0.0000	0	0.0000	0	0.0000
group_19122	513	0	0.0000	0	0.0000	0	0.0000
group_8889	1395	453	0.3247	3	4.4232	1	2.9488
group_8904	660	2944	4.4606	21	65.4428	10	62.3265
group_8905	259	983	3.7954	7	55.5885	3	47.6473
group_8946	1131	0	0.0000	0	0.0000	0	0.0000
group_8951	846	604	0.7139	4	9.7247	2	9.7247
group_8960	1278	906	0.7089	6	9.6562	3	9.6562
group_8971	1974	302	0.1530	2	2.0839	1	2.0839
group_8975	1140	1155	1.0132	8	14.4335	4	14.4335
group_9014	225	304	1.3511	3	27.4237	1	18.2824
group_9023	1527	1732	1.1343	12	16.1633	6	16.1633
group_9029	1152	1963	1.7040	13	23.2101	6	21.4247
group_9036	228	151	0.6623	1	9.0209	0	0.0000
tnpIS630~~~tnpISMae25	648	4535	6.9985	31	98.3951	15	95.2211
group_9073	1953	0	0.0000	0	0.0000	0	0.0000
group_9084	288	0	0.0000	0	0.0000	0	0.0000
group_9096	372	0	0.0000	0	0.0000	0	0.0000
group_9100	237	398	1.6793	3	26.0351	1	17.3568
group_9101	339	905	2.6696	7	42.4703	3	36.4031
group_9111	375	1916	5.1093	14	76.7863	7	76.7863
group_9118	231	302	1.3074	2	17.8076	1	17.8076
group_9126	117	0	0.0000	0	0.0000	0	0.0000
group_9141	255	146	0.5725	1	8.0658	0	0.0000
group_9157	225	0	0.0000	0	0.0000	0	0.0000
group_9161	315	289	0.9175	2	13.0589	1	13.0589
group_9173	468	32213	68.8312	235	1032.7824	117	1028.3876
group_9174	1314	1118	0.8508	8	12.5222	4	12.5222
group_9177	918	7890	8.5948	52	116.5058	26	116.5058
group_9182	810	7408	9.1457	54	137.1183	27	137.1183
group_9222	366	281	0.7678	2	11.2392	1	11.2392
group_9239	297	0	0.0000	0	0.0000	0	0.0000
group_9252	294	545	1.8537	5	34.9792	2	27.9833
group_9273	411	685	1.6667	5	25.0216	2	20.0173
group_9279	1140	3644	3.1965	25	45.1047	12	43.3005
group_9310	1665	9950	5.9760	67	82.7651	33	81.5298
group_9317	354	0	0.0000	0	0.0000	0	0.0000
group_9327	345	0	0.0000	0	0.0000	0	0.0000
group_9351	108	0	0.0000	0	0.0000	0	0.0000
group_9363	1200	0	0.0000	0	0.0000	0	0.0000
group_9365	3021	16022	5.3035	112	76.2525	56	76.2525
group_9383	240	0	0.0000	0	0.0000	0	0.0000
group_9390	1281	3881	3.0297	26	41.7456	13	41.7456
group_9402	588	1674	2.8469	12	41.9750	6	41.9750
group_9407	411	1042	2.5353	7	35.0302	3	30.0259
group_9422	249	2439	9.7952	21	173.4630	10	165.2028
group_9478	552	151	0.2736	1	3.7260	0	0.0000
group_9485	144	0	0.0000	0	0.0000	0	0.0000
group_9487	264	1628	6.1667	12	93.4898	6	93.4898
group_9494	507	453	0.8935	3	12.1703	1	8.1135
group_9496	1548	993	0.6415	7	9.3007	3	7.9720
group_9502	240	1513	6.3042	11	94.2689	5	85.6990
group_19123	1428	0	0.0000	0	0.0000	0	0.0000
group_9565	981	0	0.0000	0	0.0000	0	0.0000
group_9567	486	755	1.5535	5	21.1602	2	16.9282
group_9575	276	0	0.0000	0	0.0000	0	0.0000
group_9574	2385	146823	61.5610	988	852.0310	494	852.0310
group_9590	645	1774	2.7504	12	38.2656	6	38.2656
group_9639	1353	0	0.0000	0	0.0000	0	0.0000
group_9649	168	0	0.0000	0	0.0000	0	0.0000
group_9653	474	302	0.6371	2	8.6784	1	8.6784
group_9677	732	0	0.0000	0	0.0000	0	0.0000
group_9678	201	0	0.0000	0	0.0000	0	0.0000
group_9692	558	2209	3.9588	15	55.2897	7	51.6037
group_9709	240	0	0.0000	0	0.0000	0	0.0000
group_9711	996	0	0.0000	0	0.0000	0	0.0000
group_9730	1239	7970	6.4326	54	89.6415	27	89.6415
group_9729	201	0	0.0000	0	0.0000	0	0.0000
group_9739	1056	7832	7.4167	56	109.0714	28	109.0714
group_9768	717	0	0.0000	0	0.0000	0	0.0000
group_9773	252	753	2.9881	6	48.9708	3	48.9708
group_9777	1254	3114	2.4833	23	37.7239	11	36.0838
metL1	1833	17006	9.2777	119	133.5277	59	132.4056
group_9807	1182	12020	10.1692	80	139.2064	40	139.2064
group_9832	225	598	2.6578	5	45.7061	2	36.5649
mET17	1122	1056	0.9412	8	14.6651	4	14.6651
group_12514	1182	0	0.0000	0	0.0000	0	0.0000
group_19124	687	604	0.8792	4	11.9754	2	11.9754
group_9875	147	0	0.0000	0	0.0000	0	0.0000
group_9881	693	268	0.3867	2	5.9359	1	5.9359
group_9888	894	0	0.0000	0	0.0000	0	0.0000
group_9891	1041	979	0.9404	7	13.8304	3	11.8546
group_19125	1119	302	0.2699	2	3.6761	1	3.6761
group_9927	1215	1096	0.9021	8	13.5426	4	13.5426
group_9943	330	130	0.3939	2	12.4653	1	12.4653
group_9953	228	607	2.6623	5	45.1047	2	36.0838
group_9962	396	0	0.0000	0	0.0000	0	0.0000
group_13143	741	0	0.0000	0	0.0000	0	0.0000
group_9984	408	532	1.3039	4	20.1645	2	20.1645
group_9986	225	1260	5.6000	9	82.2710	4	73.1298
group_9996	150	0	0.0000	0	0.0000	0	0.0000
group_10017	900	11868	13.1867	82	187.3951	41	187.3951
group_10023	867	1630	1.8800	12	28.4675	6	28.4675
group_10025	291	901	3.0962	6	42.4077	3	42.4077
group_19126	243	0	0.0000	0	0.0000	0	0.0000
group_10067	948	2552	2.6920	19	41.2223	9	39.0527
group_10083	918	1354	1.4749	10	22.4050	5	22.4050
group_14901	1218	538	0.4417	6	10.1319	3	10.1319
group_10089	210	785	3.7381	6	58.7650	3	58.7650
group_10115	963	906	0.9408	6	12.8148	3	12.8148
group_10119	207	970	4.6860	8	79.4889	4	79.4889
group_10151	1572	0	0.0000	0	0.0000	0	0.0000
group_10167	414	235	0.5676	2	9.9361	1	9.9361
ywqG	1329	1118	0.8412	8	12.3809	4	12.3809
group_19127	1119	0	0.0000	0	0.0000	0	0.0000
group_10200	894	24349	27.2360	167	384.2074	83	381.9068
group_10202	858	444	0.5175	4	9.5887	2	9.5887
group_10217	420	577	1.3738	4	19.5883	2	19.5883
group_10221	2199	0	0.0000	0	0.0000	0	0.0000
group_10250	591	537	0.9086	6	20.8810	3	20.8810
group_10257	5100	5331	1.0453	39	15.7283	19	15.3250
group_19128	1506	302	0.2005	2	2.7314	1	2.7314
ppa	552	23361	42.3207	163	607.3448	81	603.6188
group_10266	606	431	0.7112	3	10.1821	1	6.7880
group_10267	447	906	2.0268	6	27.6077	3	27.6077
group_10271	387	756	1.9535	5	26.5733	2	21.2587
group_10283	276	1752	6.3478	12	89.4250	6	89.4250
group_10311	2190	12735	5.8151	88	82.6467	44	82.6467
group_10313	3846	1054	0.2741	7	3.7435	3	3.2087
group_10318	1185	5358	4.5215	37	64.2200	18	62.4843
group_10321	150	0	0.0000	0	0.0000	0	0.0000
group_10327	267	151	0.5655	1	7.7033	0	0.0000
group_10335	582	246	0.4227	2	7.0680	1	7.0680
group_10360	315	767	2.4349	6	39.1767	3	39.1767
group_10361	267	555	2.0787	6	46.2197	3	46.2197
group_10371	1572	0	0.0000	0	0.0000	0	0.0000
group_10377	150	0	0.0000	0	0.0000	0	0.0000
group_10401	411	0	0.0000	0	0.0000	0	0.0000
group_10410	1443	7131	4.9418	50	71.2673	25	71.2673
group_19129	558	906	1.6237	6	22.1159	3	22.1159
group_10440	168	148	0.8810	2	24.4854	1	24.4854
group_10447	228	214	0.9386	2	18.0419	1	18.0419
group_10466	345	545	1.5797	4	23.8467	2	23.8467
group_10481	246	666	2.7073	5	41.8044	2	33.4435
group_10494	1239	0	0.0000	0	0.0000	0	0.0000
group_10495	186	151	0.8118	1	11.0579	0	0.0000
group_19130	1767	859	0.4861	7	8.1479	3	6.9840
group_10560	111	76	0.6847	1	18.5295	0	0.0000
group_19131	1164	446	0.3832	3	5.3010	1	3.5340
pfaA	3825	22941	5.9976	155	83.3464	77	82.8087
group_10582	429	4644	10.8252	34	163.0078	17	163.0078
group_10584	642	234	0.3645	2	6.4074	1	6.4074
group_10585	225	0	0.0000	0	0.0000	0	0.0000
group_10597	933	453	0.4855	3	6.6134	1	4.4089
group_15930	795	2431	3.0579	17	43.9814	8	41.3942
group_10611	1725	302	0.1751	2	2.3847	1	2.3847
group_10613	1173	1274	1.0861	10	17.5343	5	17.5343
group_10620	211	753	3.5687	5	48.7387	2	38.9910
group_10631	432	0	0.0000	0	0.0000	0	0.0000
group_10644	528	0	0.0000	0	0.0000	0	0.0000
group_10655	690	604	0.8754	4	11.9233	2	11.9233
group_19133	1653	0	0.0000	0	0.0000	0	0.0000
group_10688	354	847	2.3927	8	46.4808	4	46.4808
ndhH	1185	73659	62.1595	503	873.0446	251	871.3090
group_10714	1689	459	0.2718	3	3.6532	1	2.4355
group_10715	1158	5828	5.0328	46	81.7026	23	81.7026
group_10731	3996	3786	0.9474	28	14.4118	14	14.4118
group_10734	252	0	0.0000	0	0.0000	0	0.0000
group_15231	516	1121	2.1725	8	31.8880	4	31.8880
group_10756	1290	7559	5.8597	52	82.9088	26	82.9088
group_10757	2205	21170	9.6009	147	137.1183	73	136.1856
group_10759	237	0	0.0000	0	0.0000	0	0.0000
mgtE	1407	2555	1.8159	18	26.3127	9	26.3127
group_10778	360	263	0.7306	2	11.4265	1	11.4265
group_10782	396	842	2.1263	8	41.5510	4	41.5510
group_10797	1260	9567	7.5929	66	107.7358	33	107.7358
group_10830	858	1895	2.2086	15	35.9576	7	33.5604
group_10834	2235	9932	4.4438	70	64.4180	35	64.4180
group_10848	402	221	0.5498	2	10.2327	1	10.2327
group_10857	1566	715	0.4566	5	6.5670	2	5.2536
group_10862	267	352	1.3184	3	23.1098	1	15.4066
group_10863	657	586	0.8919	4	12.5222	2	12.5222
group_10871	129	0	0.0000	0	0.0000	0	0.0000
group_10872	111	0	0.0000	0	0.0000	0	0.0000
group_10883	192	0	0.0000	0	0.0000	0	0.0000
group_10886	627	1321	2.1069	10	32.8034	5	32.8034
group_10890	453	0	0.0000	0	0.0000	0	0.0000
group_10896	264	500	1.8939	4	31.1633	2	31.1633
group_10901	123	0	0.0000	0	0.0000	0	0.0000
group_10903	744	3388	4.5538	28	77.4055	14	77.4055
group_10922	1053	0	0.0000	0	0.0000	0	0.0000
group_10930	1584	604	0.3813	4	5.1939	2	5.1939
group_10938	234	151	0.6453	1	8.7896	0	0.0000
group_10942	588	1615	2.7466	12	41.9750	6	41.9750
group_10945	753	0	0.0000	0	0.0000	0	0.0000
group_10949	2877	1208	0.4199	8	5.7192	4	5.7192
group_10956	795	0	0.0000	0	0.0000	0	0.0000
group_10965	1137	24064	21.1645	167	302.0945	83	300.2856
group_10972	417	453	1.0863	3	14.7969	1	9.8646
group_10980	1755	17020	9.6980	118	138.2903	59	138.2903
group_10981	366	0	0.0000	0	0.0000	0	0.0000
group_10986	1134	0	0.0000	0	0.0000	0	0.0000
group_10987	1041	0	0.0000	0	0.0000	0	0.0000
group_11002	1491	3441	2.3078	23	31.7276	11	30.3481
group_11004	732	453	0.6189	3	8.4294	1	5.6196
group_11006	624	261	0.4183	2	6.5922	1	6.5922
metK	1512	17890	11.8320	126	171.3979	63	171.3979
tatB	249	1367	5.4900	11	90.8616	5	82.6014
group_11034	147	0	0.0000	0	0.0000	0	0.0000
group_11044	372	453	1.2177	3	16.5869	1	11.0579
group_11046	1437	0	0.0000	0	0.0000	0	0.0000
group_11047	1491	0	0.0000	0	0.0000	0	0.0000
group_11050	1452	148	0.1019	2	2.8330	1	2.8330
group_11051	1140	0	0.0000	0	0.0000	0	0.0000
group_11052	2577	453	0.1758	3	2.3944	1	1.5963
group_11071	1611	1724	1.0701	12	15.3205	6	15.3205
group_11085	447	1726	3.8613	12	55.2154	6	55.2154
group_11106	618	5802	9.3883	41	136.4527	20	133.1246
group_11113	405	0	0.0000	0	0.0000	0	0.0000
group_11116	261	631	2.4176	6	47.2822	3	47.2822
group_11118	1518	0	0.0000	0	0.0000	0	0.0000
group_11121	876	2968	3.3881	22	51.6542	11	51.6542
group_11140	1317	41050	31.1693	276	431.0326	138	431.0326
group_11152	657	3926	5.9756	26	81.3945	13	81.3945
rpsG	471	3498	7.4268	27	117.9043	13	113.5375
group_11190	1467	151	0.1029	1	1.4020	0	0.0000
group_11199	603	4325	7.1725	30	102.3271	15	102.3271
group_11200	564	0	0.0000	0	0.0000	0	0.0000
group_11201	231	0	0.0000	0	0.0000	0	0.0000
group_11219	864	18470	21.3773	127	302.3269	63	299.9464
group_11225	633	2676	4.2275	18	58.4865	9	58.4865
group_11234	1614	1446	0.8959	11	14.0177	5	12.7433
group_15571	4941	1396	0.2825	10	4.1627	5	4.1627
group_11265	213	512	2.4038	4	38.6249	2	38.6249
ccmL	312	2103	6.7404	17	112.0679	8	105.4756
group_11286	114	217	1.9035	2	36.0838	1	36.0838
group_11294	1626	86912	53.4514	592	748.8382	296	748.8382
group_11302	258	0	0.0000	0	0.0000	0	0.0000
group_11315	450	6421	14.2689	47	214.8187	23	210.2481
group_11320	1878	402	0.2141	4	4.3808	2	4.3808
group_11325	1845	2049	1.1106	14	15.6070	7	15.6070
group_15953	486	0	0.0000	0	0.0000	0	0.0000
group_15243	1209	707	0.5848	5	8.5061	2	6.8049
group_11359	747	3244	4.3427	24	66.0811	12	66.0811
tyw1	873	5586	6.3986	38	89.5274	19	89.5274
group_11365	181	0	0.0000	0	0.0000	0	0.0000
group_11371	486	0	0.0000	0	0.0000	0	0.0000
group_11382	945	6173	6.5323	43	93.5887	21	91.4122
group_11386	759	0	0.0000	0	0.0000	0	0.0000
group_11400	1596	3924	2.4586	26	33.5064	13	33.5064
group_11415	192	0	0.0000	0	0.0000	0	0.0000
group_11430	273	690	2.5275	7	52.7378	3	45.2038
group_11441	825	2819	3.4170	23	57.3404	11	54.8473
group_11447	885	302	0.3412	2	4.6481	1	4.6481
group_11465	255	0	0.0000	0	0.0000	0	0.0000
larB	771	4837	6.2737	35	93.3685	17	90.7008
gltA	1140	16249	14.2535	113	203.8733	56	202.0691
group_11494	267	0	0.0000	0	0.0000	0	0.0000
group_11503	1065	745	0.6995	5	9.6562	2	7.7250
group_11506	274	0	0.0000	0	0.0000	0	0.0000
group_11508	507	446	0.8797	3	12.1703	1	8.1135
group_11521	378	1451	3.8386	11	59.8532	5	54.4120
group_11525	921	6094	6.6167	40	89.3279	20	89.3279
group_11528	906	4897	5.4051	33	74.9157	16	72.6455
group_11531	855	0	0.0000	0	0.0000	0	0.0000
group_11533	444	0	0.0000	0	0.0000	0	0.0000
group_11548	420	1700	4.0476	14	68.5592	7	68.5592
group_11549	192	0	0.0000	0	0.0000	0	0.0000
group_11559	447	0	0.0000	0	0.0000	0	0.0000
group_11568	465	7210	15.5054	48	212.3123	24	212.3123
group_11569	1062	1280	1.2053	9	17.4303	4	15.4936
group_11584	165	0	0.0000	0	0.0000	0	0.0000
group_11586	714	4524	6.3361	33	95.0610	16	92.1804
group_11590	624	5454	8.7404	44	145.0290	22	145.0290
group_11592	471	195	0.4140	2	8.7337	1	8.7337
group_11598	1248	12808	10.2628	90	148.3251	45	148.3251
group_11620	1986	3491	1.7578	24	24.8553	12	24.8553
pruA	3000	37278	12.4260	257	176.1971	128	175.5115
group_11628	1920	1746	0.9094	12	12.8548	6	12.8548
group_11631	717	2495	3.4798	18	51.6345	9	51.6345
group_11643	357	0	0.0000	0	0.0000	0	0.0000
group_11650	1218	906	0.7438	6	10.1319	3	10.1319
group_11653	384	536	1.3958	4	21.4247	2	21.4247
group_11665	1278	0	0.0000	0	0.0000	0	0.0000
group_11679	1251	80524	64.3677	559	919.0546	279	917.4105
group_11684	375	0	0.0000	0	0.0000	0	0.0000
group_11691	885	3387	3.8271	23	53.4529	11	51.1289
group_11696	708	302	0.4266	2	5.8101	1	5.8101
pcyA	738	7495	10.1558	55	153.2827	27	150.4957
group_11701	216	0	0.0000	0	0.0000	0	0.0000
group_11702	273	0	0.0000	0	0.0000	0	0.0000
group_11704	189	0	0.0000	0	0.0000	0	0.0000
group_11707	1086	12465	11.4779	90	170.4510	45	170.4510
group_14813	1338	453	0.3386	3	4.6116	1	3.0744
group_11712	1587	23961	15.0983	196	254.0189	98	254.0189
group_11713	696	0	0.0000	0	0.0000	0	0.0000
group_11725	183	0	0.0000	0	0.0000	0	0.0000
group_11732	156	280	1.7949	2	26.3689	1	26.3689
group_11742	315	2605	8.2698	18	117.5300	9	117.5300
group_11738	144	699	4.8542	6	85.6990	3	85.6990
group_11741	3189	45994	14.4227	306	197.3575	153	197.3575
group_11754	726	6744	9.2893	48	135.9851	24	135.9851
cdsA	918	7488	8.1569	53	118.7463	26	116.5058
group_11783	144	0	0.0000	0	0.0000	0	0.0000
group_11787	381	0	0.0000	0	0.0000	0	0.0000
group_11788	306	0	0.0000	0	0.0000	0	0.0000
group_5675	231	0	0.0000	0	0.0000	0	0.0000
group_11805	1137	1359	1.1953	9	16.2805	4	14.4716
ndhJ	585	1379	2.3573	11	38.6744	5	35.1585
rplJ	651	5241	8.0507	35	110.5793	17	107.4199
group_11806	723	573	0.7925	4	11.3791	2	11.3791
petL	102	122	1.1961	2	40.3289	1	40.3289
group_11811	420	935	2.2262	7	34.2796	3	29.3825
group_17219	1530	73765	48.2124	500	672.1487	250	672.1487
group_11820	381	0	0.0000	0	0.0000	0	0.0000
group_11823	93	0	0.0000	0	0.0000	0	0.0000
group_11840	144	134	0.9306	2	28.5663	1	28.5663
group_11849	249	939	3.7711	7	57.8210	3	49.5608
group_11846	669	0	0.0000	0	0.0000	0	0.0000
group_11856	2154	66967	31.0896	460	439.2370	230	439.2370
group_11867	1359	0	0.0000	0	0.0000	0	0.0000
ntcA	741	22190	29.9460	153	424.6783	76	421.9026
group_11874	243	0	0.0000	0	0.0000	0	0.0000
group_11875	243	302	1.2428	2	16.9282	1	16.9282
group_11879	1413	6612	4.6794	46	66.9580	23	66.9580
group_11885	432	0	0.0000	0	0.0000	0	0.0000
group_11900	1872	1569	0.8381	11	12.0858	5	10.9870
group_11922	252	0	0.0000	0	0.0000	0	0.0000
hemJ	588	1100	1.8707	9	31.4813	4	27.9833
group_11942	489	151	0.3088	1	4.2061	0	0.0000
group_11948	1677	12209	7.2803	83	101.7963	41	100.5698
group_11972	321	0	0.0000	0	0.0000	0	0.0000
group_11976	723	2388	3.3029	17	48.3612	8	45.5165
ndhN	588	3063	5.2092	21	73.4563	10	69.9583
group_11980	240	288	1.2000	2	17.1398	1	17.1398
group_11981	312	486	1.5577	4	26.3689	2	26.3689
group_11983	354	697	1.9689	5	29.0505	2	23.2404
group_11984	186	0	0.0000	0	0.0000	0	0.0000
group_11985	540	755	1.3981	5	19.0442	2	15.2354
group_11986	468	0	0.0000	0	0.0000	0	0.0000
group_11988	588	0	0.0000	0	0.0000	0	0.0000
group_12002	192	912	4.7500	10	107.1237	5	107.1237
group_12005	8721	17441	1.9999	116	27.3576	58	27.3576
grrA	243	0	0.0000	0	0.0000	0	0.0000
tatA	177	202	1.1412	2	23.2404	1	23.2404
group_15950	2325	584	0.2512	5	4.4232	2	3.5385
group_12033	195	239	1.2256	2	21.0951	1	21.0951
group_12056	369	350	0.9485	4	22.2957	2	22.2957
group_12068	213	271	1.2723	2	19.3124	1	19.3124
group_12071	339	151	0.4454	1	6.0672	0	0.0000
group_12083	240	1229	5.1208	10	85.6990	5	85.6990
group_12084	600	1208	2.0133	8	27.4237	4	27.4237
group_12098	930	3163	3.4011	20	44.2317	10	44.2317
group_12100	408	1773	4.3456	12	60.4934	6	60.4934
group_12101	705	0	0.0000	0	0.0000	0	0.0000
group_12114	648	1182	1.8241	8	25.3923	4	25.3923
ycf33	198	884	4.4646	7	72.7143	3	62.3265
terB	864	12235	14.1609	87	207.1058	43	204.7253
group_12130	951	14439	15.1830	100	216.2750	50	216.2750
group_12133	837	2336	2.7909	17	41.7744	8	39.3171
group_12138	540	2940	5.4444	20	76.1769	10	76.1769
group_12148	3774	0	0.0000	0	0.0000	0	0.0000
group_12150	564	1186	2.1028	9	32.8209	4	29.1741
group_12149	412	1359	3.2985	9	44.9296	4	39.9374
group_12154	399	1321	3.3108	9	46.3934	4	41.2386
group_12162	237	151	0.6371	1	8.6784	0	0.0000
group_17164	1929	599	0.3105	4	4.2650	2	4.2650
group_17165	1260	1057	0.8389	7	11.4265	3	9.7942
group_12199	3330	15132	4.5441	103	63.6180	51	63.0003
group_12202	762	302	0.3963	2	5.3984	1	5.3984
group_12211	162	0	0.0000	0	0.0000	0	0.0000
group_12216	168	0	0.0000	0	0.0000	0	0.0000
group_12217	411	1315	3.1995	11	55.0475	5	50.0432
group_12238	2010	1422	0.7075	10	10.2327	5	10.2327
rplY	558	2759	4.9444	19	70.0336	9	66.3476
group_12240	729	1951	2.6763	13	36.6777	6	33.8564
cr066	579	5245	9.0587	37	131.4347	18	127.8824
group_12250	603	2717	4.5058	19	64.8072	9	61.3963
group_12261	702	10764	15.3333	85	249.0397	42	246.1098
group_12262	288	317	1.1007	3	21.4247	1	14.2832
group_12264	939	5890	6.2726	44	96.3771	22	96.3771
group_12267	1149	9061	7.8860	63	112.7736	31	110.9835
group_12276	855	0	0.0000	0	0.0000	0	0.0000
group_12281	405	1941	4.7926	14	71.0984	7	71.0984
group_12289	504	0	0.0000	0	0.0000	0	0.0000
group_12301	888	9262	10.4302	66	152.8684	33	152.8684
rplO	444	1634	3.6802	13	60.2209	6	55.5885
group_12309	477	1989	4.1698	14	60.3666	7	60.3666
group_12310	234	0	0.0000	0	0.0000	0	0.0000
group_12314	2901	5394	1.8594	38	26.9416	19	26.9416
group_12317	975	144	0.1477	2	4.2190	1	4.2190
group_12326	405	3100	7.6543	24	121.8830	12	121.8830
group_12329	1239	10458	8.4407	72	119.5220	36	119.5220
group_12341	846	302	0.3570	2	4.8624	1	4.8624
group_12349	792	6853	8.6528	48	124.6530	24	124.6530
group_12348	1170	0	0.0000	0	0.0000	0	0.0000
argC	1062	12555	11.8220	87	168.4929	43	166.5562
group_12371	948	302	0.3186	2	4.3392	1	4.3392
group_12395	804	3427	4.2624	23	58.8381	11	56.2799
group_12399	837	6426	7.6774	45	110.5793	22	108.1220
group_12436	252	0	0.0000	0	0.0000	0	0.0000
group_12440	1173	198	0.1688	2	3.5069	1	3.5069
group_12449	1101	2819	2.5604	19	35.4938	9	33.6258
group_12454	714	255	0.3571	2	5.7613	1	5.7613
yrrD	948	3837	4.0475	27	58.5790	13	56.4094
group_12480	279	499	1.7885	4	29.4878	2	29.4878
group_12483	309	494	1.5987	4	26.6249	2	26.6249
group_12499	255	0	0.0000	0	0.0000	0	0.0000
tkt	2007	51325	25.5730	359	367.9035	179	366.8787
group_12530	975	1941	1.9908	13	27.4237	6	25.3142
argJ	1338	21120	15.7848	144	221.3570	72	221.3570
group_12539	1176	4786	4.0697	34	59.4646	17	59.4646
group_12567	174	0	0.0000	0	0.0000	0	0.0000
group_12568	783	1795	2.2925	13	34.1482	6	31.5215
group_12591	588	1208	2.0544	8	27.9833	4	27.9833
group_12604	1167	2307	1.9769	16	28.1991	8	28.1991
group_12609	369	3352	9.0840	26	144.9218	13	144.9218
group_12616	783	2268	2.8966	16	42.0286	8	42.0286
group_12650	627	0	0.0000	0	0.0000	0	0.0000
group_12654	3447	194	0.0563	2	1.1934	1	1.1934
group_12656	1230	4405	3.5813	30	50.1652	15	50.1652
group_12660	807	1471	1.8228	10	25.4867	5	25.4867
ylxR	282	553	1.9610	4	29.1741	2	29.1741
group_12681	240	684	2.8500	5	42.8495	2	34.2796
trmJ	801	3457	4.3159	26	66.7617	13	66.7617
group_12699	462	302	0.6537	2	8.9038	1	8.9038
group_12701	717	5876	8.1953	42	120.4806	21	120.4806
group_12720	318	0	0.0000	0	0.0000	0	0.0000
group_12735	777	1485	1.9112	10	26.4707	5	26.4707
prfA	1101	14451	13.1253	101	188.6778	50	186.8097
group_12743	606	2458	4.0561	17	57.6983	8	54.3043
group_12776	885	7297	8.2452	53	123.1741	26	120.8501
group_12795	198	326	1.6465	3	31.1633	1	20.7755
group_12808	693	1448	2.0895	10	29.6793	5	29.6793
group_12807	3177	2408	0.7579	16	10.3583	8	10.3583
mltA	1203	9711	8.0723	68	116.2599	34	116.2599
group_12824	420	513	1.2214	4	19.5883	2	19.5883
group_12826	360	2418	6.7167	18	102.8388	9	102.8388
group_12831	414	745	1.7995	5	24.8403	2	19.8722
group_12837	846	5363	6.3392	37	89.9535	18	87.5223
group_12841	705	3620	5.1348	25	72.9353	12	70.0179
group_12843	240	0	0.0000	0	0.0000	0	0.0000
jag	495	3684	7.4424	27	112.1877	13	108.0326
group_12854	324	151	0.4660	1	6.3481	0	0.0000
fabZ	480	5794	12.0708	42	179.9678	21	179.9678
group_12863	594	3796	6.3906	28	96.9524	14	96.9524
group_12865	1965	26533	13.5028	184	192.5937	92	192.5937
group_12872	795	1187	1.4931	9	23.2842	4	20.6971
trpE	1584	22173	13.9981	148	192.1734	74	192.1734
group_12887	768	302	0.3932	2	5.3562	1	5.3562
group_12889	3852	6485	1.6835	38	20.2901	19	20.2901
group_12895	564	2318	4.1099	17	61.9950	8	58.3482
group_12899	318	1608	5.0566	12	77.6142	6	77.6142
group_12909	510	4295	8.4216	34	137.1183	17	137.1183
tusA	222	528	2.3784	4	37.0590	2	37.0590
group_12934	1896	2664	1.4051	18	19.5263	9	19.5263
group_12939	1101	2291	2.0808	16	29.8896	8	29.8896
group_12945	355	0	0.0000	0	0.0000	0	0.0000
group_12948	228	0	0.0000	0	0.0000	0	0.0000
group_12951	669	0	0.0000	0	0.0000	0	0.0000
group_12950	1383	453	0.3275	3	4.4616	1	2.9744
group_12965	315	394	1.2508	3	19.5883	1	13.0589
group_12971	315	0	0.0000	0	0.0000	0	0.0000
group_12972	210	151	0.7190	1	9.7942	0	0.0000
group_12983	438	2203	5.0297	16	75.1333	8	75.1333
group_12987	807	0	0.0000	0	0.0000	0	0.0000
group_12994	270	0	0.0000	0	0.0000	0	0.0000
group_12997	1056	1812	1.7159	12	23.3724	6	23.3724
group_13009	1029	0	0.0000	0	0.0000	0	0.0000
glgC	1422	17439	12.2637	123	177.9067	61	176.4603
group_15416	2061	1497	0.7263	11	10.9775	5	9.9795
group_13019	864	3162	3.6597	21	49.9911	10	47.6105
group_13021	945	788	0.8339	6	13.0589	3	13.0589
group_13022	1041	1638	1.5735	18	35.5638	9	35.5638
group_13025	1470	0	0.0000	0	0.0000	0	0.0000
group_13040	633	4383	6.9242	31	100.7267	15	97.4775
group_13056	663	0	0.0000	0	0.0000	0	0.0000
group_13059	303	2787	9.1980	20	135.7607	10	135.7607
group_13065	246	132	0.5366	2	16.7217	1	16.7217
group_13067	252	0	0.0000	0	0.0000	0	0.0000
group_13070	1128	8337	7.3910	60	109.4029	30	109.4029
group_13076	270	3157	11.6926	24	182.8245	12	182.8245
pspE	339	1563	4.6106	12	72.8062	6	72.8062
group_13102	411	250	0.6083	2	10.0086	1	10.0086
group_13103	1437	11776	8.1949	83	118.7977	41	117.3664
group_13107	154	0	0.0000	0	0.0000	0	0.0000
group_13124	1119	6133	5.4808	41	75.3599	20	73.5219
group_15061	771	0	0.0000	0	0.0000	0	0.0000
group_13138	180	0	0.0000	0	0.0000	0	0.0000
group_13152	219	0	0.0000	0	0.0000	0	0.0000
rodA	1281	12537	9.7869	85	136.4761	42	134.8705
group_13167	282	0	0.0000	0	0.0000	0	0.0000
group_13171	399	356	0.8922	2	10.3096	1	10.3096
group_13174	282	0	0.0000	0	0.0000	0	0.0000
group_13192	465	2737	5.8860	19	84.0403	9	79.6171
group_13198	249	1104	4.4337	8	66.0811	4	66.0811
csm4	1098	1026	0.9344	8	14.9856	4	14.9856
group_13220	483	1530	3.1677	11	46.8417	5	42.5833
group_13221	1035	0	0.0000	0	0.0000	0	0.0000
group_13229	780	6752	8.6564	48	126.5708	24	126.5708
group_17176	717	0	0.0000	0	0.0000	0	0.0000
mreC	750	1312	1.7493	9	24.6813	4	21.9389
group_13250	351	825	2.3504	6	35.1585	3	35.1585
group_13273	243	0	0.0000	0	0.0000	0	0.0000
group_13275	1149	0	0.0000	0	0.0000	0	0.0000
group_13276	978	3609	3.6902	24	50.4730	12	50.4730
group_13282	936	755	0.8066	5	10.9870	2	8.7896
group_13287	129	0	0.0000	0	0.0000	0	0.0000
group_13289	660	1902	2.8818	14	43.6286	7	43.6286
group_13305	243	151	0.6214	1	8.4641	0	0.0000
fetB	777	7250	9.3308	53	140.2948	26	137.6478
group_13312	1725	14982	8.6852	104	124.0027	52	124.0027
group_13320	444	1510	3.4009	10	46.3238	5	46.3238
larE	1002	12115	12.0908	84	172.4243	42	172.4243
ycgQ	792	4561	5.7588	33	85.6990	16	83.1020
group_13334	399	151	0.3784	1	5.1548	0	0.0000
group_13338	2340	6626	2.8316	44	38.6744	22	38.6744
group_13343	117	0	0.0000	0	0.0000	0	0.0000
group_13347	3921	302	0.0770	2	1.0491	1	1.0491
group_13351	399	874	2.1905	6	30.9289	3	30.9289
group_13360	624	2217	3.5529	16	52.7378	8	52.7378
group_13366	246	151	0.6138	1	8.3609	0	0.0000
group_13377	951	8101	8.5184	58	125.4395	29	125.4395
group_13378	600	240	0.4000	2	6.8559	1	6.8559
group_13387	282	312	1.1064	2	14.5871	1	14.5871
group_13392	693	0	0.0000	0	0.0000	0	0.0000
group_13396	1629	2739	1.6814	18	22.7268	9	22.7268
group_13401	783	0	0.0000	0	0.0000	0	0.0000
group_13404	933	1126	1.2069	8	17.6358	4	17.6358
group_13406	957	0	0.0000	0	0.0000	0	0.0000
group_15140	675	604	0.8948	4	12.1883	2	12.1883
group_13411	264	0	0.0000	0	0.0000	0	0.0000
group_13418	900	0	0.0000	0	0.0000	0	0.0000
group_13417	3273	0	0.0000	0	0.0000	0	0.0000
group_13421	279	0	0.0000	0	0.0000	0	0.0000
group_13423	294	453	1.5408	3	20.9875	1	13.9917
group_13425	1299	911	0.7013	6	9.5001	3	9.5001
group_13426	591	1148	1.9425	8	27.8413	4	27.8413
astE	936	8115	8.6699	54	118.6601	27	118.6601
group_13449	216	0	0.0000	0	0.0000	0	0.0000
group_13456	2118	2869	1.3546	19	18.4508	9	17.4797
group_13457	960	12994	13.5354	93	199.2501	46	197.1076
ldcA	891	9163	10.2840	65	150.0453	32	147.7369
group_13485	222	0	0.0000	0	0.0000	0	0.0000
group_13489	411	284	0.6910	2	10.0086	1	10.0086
group_13491	216	2638	12.2130	20	190.4421	10	190.4421
group_13495	154	0	0.0000	0	0.0000	0	0.0000
group_13497	168	0	0.0000	0	0.0000	0	0.0000
group_13498	885	0	0.0000	0	0.0000	0	0.0000
group_13502	216	739	3.4213	6	57.1326	3	57.1326
group_13503	174	420	2.4138	4	47.2822	2	47.2822
group_13506	291	0	0.0000	0	0.0000	0	0.0000
group_13507	342	646	1.8889	5	30.0698	2	24.0558
group_15144	2247	0	0.0000	0	0.0000	0	0.0000
group_13525	342	1598	4.6725	12	72.1675	6	72.1675
group_13532	390	2653	6.8026	18	94.9281	9	94.9281
yceD	510	151	0.2961	1	4.0329	0	0.0000
group_13543	1113	302	0.2713	2	3.6959	1	3.6959
group_13542	447	292	0.6532	2	9.2026	1	9.2026
group_17071	528	0	0.0000	0	0.0000	0	0.0000
group_13548	642	0	0.0000	0	0.0000	0	0.0000
group_13552	132	0	0.0000	0	0.0000	0	0.0000
group_13555	741	4537	6.1228	31	86.0459	15	83.2702
group_13565	642	694	1.0810	5	16.0185	2	12.8148
group_13569	192	1557	8.1094	13	139.2608	6	128.5484
mtnP	894	8870	9.9217	64	147.2412	32	147.2412
group_13573	5913	18483	3.1258	126	43.8278	63	43.8278
group_13576	357	1144	3.2045	9	51.8515	4	46.0902
group_13578	375	0	0.0000	0	0.0000	0	0.0000
group_13593	1728	17984	10.4074	127	151.1635	63	149.9732
group_13596	405	2133	5.2667	16	81.2553	8	81.2553
group_13604	222	0	0.0000	0	0.0000	0	0.0000
hemE	1065	27087	25.4338	192	370.7989	96	370.7989
group_13622	621	2112	3.4010	15	49.6806	7	46.3685
group_13635	831	6333	7.6209	45	111.3777	22	108.9027
group_13645	1410	266	0.1887	2	2.9174	1	2.9174
group_13653	1098	676	0.6157	4	7.4928	2	7.4928
group_13657	858	7100	8.2751	50	119.8587	25	119.8587
group_13669	840	0	0.0000	0	0.0000	0	0.0000
group_13684	663	2892	4.3620	21	65.1467	10	62.0445
group_13702	243	0	0.0000	0	0.0000	0	0.0000
group_13713	1530	906	0.5922	6	8.0658	3	8.0658
group_13723	609	875	1.4368	6	20.2638	3	20.2638
group_13730	834	1080	1.2950	8	19.7293	4	19.7293
group_13748	387	269	0.6951	2	10.6293	1	10.6293
group_13755	267	0	0.0000	0	0.0000	0	0.0000
group_13760	786	22551	28.6908	155	405.5982	77	402.9814
group_13764	399	459	1.1504	3	15.4645	1	10.3096
group_13769	114	0	0.0000	0	0.0000	0	0.0000
group_13776	333	2337	7.0180	17	105.0005	8	98.8240
group_13786	825	1359	1.6473	9	22.4375	4	19.9445
group_13785	2739	3975	1.4513	27	20.2749	13	19.5240
group_13784	804	5902	7.3408	41	104.8853	20	102.3271
group_13809	510	1370	2.6863	10	40.3289	5	40.3289
group_13836	423	1863	4.4043	13	63.2106	6	58.3482
group_13838	684	256	0.3743	2	6.0140	1	6.0140
group_13846	732	733	1.0014	6	16.8588	3	16.8588
group_13857	147	0	0.0000	0	0.0000	0	0.0000
group_13863	192	151	0.7865	1	10.7124	0	0.0000
group_13870	900	20300	22.5556	142	324.5134	71	324.5134
kgpE	264	0	0.0000	0	0.0000	0	0.0000
phoU	669	6109	9.1315	45	138.3481	22	135.2737
group_13880	252	619	2.4563	5	40.8090	2	32.6472
alphaE	1002	15010	14.9800	107	219.6357	53	217.5830
group_13896	462	233	0.5043	2	8.9038	1	8.9038
group_13902	396	2412	6.0909	17	88.2959	8	83.1020
group_15300	1053	265	0.2517	3	5.8598	1	3.9065
group_13922	321	0	0.0000	0	0.0000	0	0.0000
group_13935	582	0	0.0000	0	0.0000	0	0.0000
group_13940	225	916	4.0711	7	63.9886	3	54.8473
group_13950	1422	26102	18.3558	178	257.4585	89	257.4585
group_13952	897	596	0.6644	4	9.1718	2	9.1718
group_13956	1023	4509	4.4076	31	62.3265	15	60.3160
group_13961	780	604	0.7744	4	10.5476	2	10.5476
rplW	306	1488	4.8627	12	80.6578	6	80.6578
group_13975	228	0	0.0000	0	0.0000	0	0.0000
group_17229	327	4255	13.0122	31	194.9848	15	188.6950
otnK	1440	12600	8.7500	89	127.1201	44	125.6918
group_15001	1287	0	0.0000	0	0.0000	0	0.0000
group_15002	591	302	0.5110	2	6.9603	1	6.9603
group_14011	2172	0	0.0000	0	0.0000	0	0.0000
group_14023	366	306	0.8361	2	11.2392	1	11.2392
group_14024	537	5255	9.7858	38	145.5446	19	145.5446
group_14028	732	151	0.2063	1	2.8098	0	0.0000
group_14045	489	17237	35.2495	125	525.7605	62	521.5544
group_14086	1065	0	0.0000	0	0.0000	0	0.0000
group_14088	408	0	0.0000	0	0.0000	0	0.0000
group_14109	528	449	0.8504	3	11.6862	1	7.7908
group_14115	99	0	0.0000	0	0.0000	0	0.0000
minC	834	2982	3.5755	21	51.7893	10	49.3231
minE	288	1048	3.6389	9	64.2742	4	57.1326
purE	555	4182	7.5351	32	118.5888	16	118.5888
yjbQ	420	1183	2.8167	9	44.0738	4	39.1767
group_14146	519	336	0.6474	2	7.9259	1	7.9259
group_14154	1104	0	0.0000	0	0.0000	0	0.0000
group_14158	579	9696	16.7461	68	241.5556	34	241.5556
group_14170	732	8208	11.2131	58	162.9685	29	162.9685
tpiA	726	6855	9.4421	46	130.3191	23	130.3191
group_14183	1161	20822	17.9345	145	256.8754	72	255.1039
group_14188	855	286	0.3345	2	4.8112	1	4.8112
group_14191	435	4233	9.7310	31	146.5748	15	141.8466
group_14222	249	1405	5.6426	10	82.6014	5	82.6014
group_14235	2238	2114	0.9446	14	12.8663	7	12.8663
group_17732	1104	576	0.5217	4	7.4521	2	7.4521
group_14246	2286	1510	0.6605	10	8.9973	5	8.9973
group_14257	279	533	1.9104	5	36.8598	2	29.4878
group_14262	213	601	2.8216	5	48.2811	2	38.6249
group_14271	2163	10425	4.8197	70	66.5623	35	66.5623
group_14278	1494	6684	4.4739	45	61.9511	22	60.5744
pdxH	645	4633	7.1829	32	102.0416	16	102.0416
group_14300	597	520	0.8710	4	13.7807	2	13.7807
group_14305	768	755	0.9831	5	13.3905	2	10.7124
group_14308	534	1856	3.4757	14	53.9229	7	53.9229
group_14315	729	0	0.0000	0	0.0000	0	0.0000
group_14317	219	428	1.9543	6	56.3500	3	56.3500
group_14328	1437	0	0.0000	0	0.0000	0	0.0000
group_16875	1038	418	0.4027	3	5.9444	1	3.9630
group_17234	900	39482	43.8689	278	635.3150	139	635.3150
group_14364	867	604	0.6967	4	9.4892	2	9.4892
atp1	423	2978	7.0402	21	102.1094	10	97.2471
group_14370	2124	1433	0.6747	10	9.6835	5	9.6835
group_14380	318	982	3.0881	7	45.2749	3	38.8071
group_14397	213	0	0.0000	0	0.0000	0	0.0000
group_14415	1038	100	0.0963	2	3.9630	1	3.9630
group_14418	2766	0	0.0000	0	0.0000	0	0.0000
group_14424	2619	604	0.2306	4	3.1413	2	3.1413
group_14425	999	707	0.7077	6	12.3530	3	12.3530
ureG	603	6004	9.9569	48	163.7234	24	163.7234
group_17221	360	10332	28.7000	76	434.2081	38	434.2081
ccb2	657	4328	6.5875	32	100.1778	16	100.1778
rplV	360	1943	5.3972	14	79.9857	7	79.9857
group_14437	459	807	1.7582	7	31.3669	3	26.8859
group_14445	306	1509	4.9314	12	80.6578	6	80.6578
group_17168	1287	302	0.2347	2	3.1962	1	3.1962
group_14454	732	453	0.6189	3	8.4294	1	5.6196
group_14469	267	0	0.0000	0	0.0000	0	0.0000
rae1	756	2798	3.7011	20	54.4120	10	54.4120
aroC	1101	9239	8.3915	63	117.6901	31	115.8220
group_14475	399	904	2.2657	6	30.9289	3	30.9289
group_14474	396	302	0.7626	2	10.3878	1	10.3878
group_14495	135	0	0.0000	0	0.0000	0	0.0000
group_17241	495	18075	36.5152	133	552.6285	66	548.4734
group_14544	453	0	0.0000	0	0.0000	0	0.0000
group_14549	573	3435	5.9948	23	82.5582	11	78.9687
group_14550	1311	2057	1.5690	14	21.9640	7	21.9640
group_14551	993	7353	7.4048	52	107.7063	26	107.7063
group_14561	2190	4452	2.0329	31	29.1142	15	28.1750
group_14565	525	1835	3.4952	15	58.7650	7	54.8473
group_14569	840	368	0.4381	4	9.7942	2	9.7942
group_1	945	2244	2.3746	16	34.8237	8	34.8237
group_17	324	710	2.1914	7	44.4365	3	38.0884
group_20	684	0	0.0000	0	0.0000	0	0.0000
group_34	168	154	0.9167	2	24.4854	1	24.4854
group_49	1455	0	0.0000	0	0.0000	0	0.0000
group_56	369	2055	5.5691	16	89.1827	8	89.1827
group_59	744	4862	6.5349	33	91.2279	16	88.4634
group_63	345	302	0.8754	2	11.9233	1	11.9233
group_64	360	151	0.4194	1	5.7133	0	0.0000
ndhS	273	893	3.2711	6	45.2038	3	45.2038
petD	483	8391	17.3727	62	264.0167	31	264.0167
group_99	174	0	0.0000	0	0.0000	0	0.0000
group_100	597	0	0.0000	0	0.0000	0	0.0000
group_113	780	130717	167.5859	901	2375.8390	450	2373.2021
group_15578	300	0	0.0000	0	0.0000	0	0.0000
coaD	474	2285	4.8207	18	78.1054	9	78.1054
group_144	552	3914	7.0906	29	108.0552	14	104.3292
pgsA	702	559	0.7963	4	11.7195	2	11.7195
group_148	234	240	1.0256	2	17.5793	1	17.5793
group_155	411	0	0.0000	0	0.0000	0	0.0000
group_162	330	151	0.4576	1	6.2327	0	0.0000
group_160	1185	1254	1.0582	9	15.6211	4	13.8854
group_169	1875	1661	0.8859	11	12.0664	5	10.9695
group_170	627	5514	8.7943	41	134.4941	20	131.2137
group_171	1311	0	0.0000	0	0.0000	0	0.0000
group_14992	480	0	0.0000	0	0.0000	0	0.0000
group_178	255	993	3.8941	8	64.5263	4	64.5263
putP	1812	15472	8.5386	107	121.4542	53	120.3191
psbX	120	0	0.0000	0	0.0000	0	0.0000
crtA	1488	906	0.6089	6	8.2934	3	8.2934
phoE	735	8421	11.4571	57	159.5050	28	156.7067
group_211	300	456	1.5200	4	27.4237	2	27.4237
group_212	642	3261	5.0794	25	80.0925	12	76.8888
gph	696	5098	7.3247	36	106.3849	18	106.3849
pobA	1401	8628	6.1585	58	85.1484	29	85.1484
group_219	315	453	1.4381	3	19.5883	1	13.0589
group_220	294	1782	6.0612	16	111.9333	8	111.9333
group_4091	132	260	1.9697	2	31.1633	1	31.1633
rplD	633	5212	8.2338	36	116.9730	18	116.9730
glnB	510	9638	18.8980	66	266.1709	33	266.1709
crp	576	2465	4.2795	18	64.2742	9	64.2742
group_236	156	0	0.0000	0	0.0000	0	0.0000
psaK	267	766	2.8689	6	46.2197	3	46.2197
exbD	603	5588	9.2670	39	133.0253	19	129.6144
group_250	1557	1541	0.9897	11	14.5308	5	13.2099
group_253	654	0	0.0000	0	0.0000	0	0.0000
group_255	2724	1371	0.5033	9	6.7955	4	6.0405
group_257	141	0	0.0000	0	0.0000	0	0.0000
group_270	513	0	0.0000	0	0.0000	0	0.0000
group_17663	924	753	0.8149	5	11.1297	2	8.9038
group_15295	297	0	0.0000	0	0.0000	0	0.0000
group_283	264	263	0.9962	2	15.5816	1	15.5816
group_291	309	1422	4.6019	11	73.2185	5	66.5623
group_294	372	2230	5.9946	16	88.4634	8	88.4634
group_14838	837	16419	19.6165	116	285.0489	58	285.0489
group_14836	2094	1812	0.8653	12	11.7867	6	11.7867
acpP	363	0	0.0000	0	0.0000	0	0.0000
group_317	996	604	0.6064	4	8.2601	2	8.2601
group_321	471	0	0.0000	0	0.0000	0	0.0000
secE	237	1706	7.1983	14	121.4973	7	121.4973
rplK	426	5134	12.0516	36	173.8120	18	173.8120
group_346	303	1164	3.8416	8	54.3043	4	54.3043
group_358	1731	829	0.4789	6	7.1292	3	7.1292
group_364	357	0	0.0000	0	0.0000	0	0.0000
group_369	138	0	0.0000	0	0.0000	0	0.0000
group_368	501	4945	9.8703	40	164.2136	20	164.2136
group_380	1530	12018	7.8549	83	111.5767	41	110.2324
group_15063	1821	2920	1.6035	22	24.8485	11	24.8485
group_430	288	0	0.0000	0	0.0000	0	0.0000
doc	435	2191	5.0368	15	70.9233	7	66.1951
group_443	1005	906	0.9015	6	12.2793	3	12.2793
group_449	3606	3998	1.1087	28	15.9705	14	15.9705
group_453	156	0	0.0000	0	0.0000	0	0.0000
group_469	2202	0	0.0000	0	0.0000	0	0.0000
group_470	237	721	3.0422	6	52.0703	3	52.0703
group_494	603	1272	2.1095	9	30.6981	4	27.2872
group_499	291	0	0.0000	0	0.0000	0	0.0000
nuoJ	648	4720	7.2840	32	101.5691	16	101.5691
rplR	363	1820	5.0138	14	79.3247	7	79.3247
group_15049	2220	0	0.0000	0	0.0000	0	0.0000
group_529	1260	7435	5.9008	51	83.2504	25	81.6181
group_14777	492	682	1.3862	5	20.9022	2	16.7217
tnpISMae25	504	0	0.0000	0	0.0000	0	0.0000
group_549	600	0	0.0000	0	0.0000	0	0.0000
group_550	195	0	0.0000	0	0.0000	0	0.0000
group_14768	282	0	0.0000	0	0.0000	0	0.0000
accB	495	2651	5.3556	18	74.7918	9	74.7918
clpP	621	16592	26.7182	118	390.8204	59	390.8204
psbM	108	212	1.9630	2	38.0884	1	38.0884
sseA	825	6644	8.0533	48	119.6669	24	119.6669
group_573	1227	10753	8.7637	75	125.7198	37	124.0435
group_15592	3045	1354	0.4447	9	6.0791	4	5.4037
group_589	555	1499	2.7009	10	37.0590	5	37.0590
pyrH	723	9794	13.5463	72	204.8241	36	204.8241
group_600	264	321	1.2159	3	23.3724	1	15.5816
group_15132	669	301	0.4499	3	9.2232	1	6.1488
atpF	543	5782	10.6483	39	147.7242	19	143.9364
group_618	249	620	2.4900	5	41.3007	2	33.0406
group_622	370	866	2.3405	7	38.9120	3	33.3531
folB	357	2964	8.3025	22	126.7480	11	126.7480
group_626	942	581	0.6168	4	8.7337	2	8.7337
rplX	354	5898	16.6610	43	249.8343	21	244.0242
group_641	603	4008	6.6468	29	98.9162	14	95.5053
group_651	6099	9081	1.4889	106	35.7465	53	35.7465
group_655	711	41609	58.5218	287	830.2313	143	827.3385
group_678	1302	151	0.1160	1	1.5797	0	0.0000
group_683	891	0	0.0000	0	0.0000	0	0.0000
group_690	258	453	1.7558	3	23.9160	1	15.9440
group_689	1437	12401	8.6298	87	124.5229	43	123.0916
group_702	366	0	0.0000	0	0.0000	0	0.0000
group_717	642	404	0.6293	4	12.8148	2	12.8148
group_14746	531	106	0.1996	2	7.7468	1	7.7468
group_728	264	453	1.7159	3	23.3724	1	15.5816
group_743	1194	1705	1.4280	12	20.6711	6	20.6711
psbT	96	192	2.0000	2	42.8495	1	42.8495
rpsA	1077	22957	21.3157	162	309.3756	81	309.3756
rpoC2	4074	76072	18.6726	528	266.5629	264	266.5629
group_751	1413	0	0.0000	0	0.0000	0	0.0000
apcA	486	4797	9.8704	36	152.3537	18	152.3537
group_804	156	242	1.5513	2	26.3689	1	26.3689
group_827	2124	2076	0.9774	14	13.5569	7	13.5569
group_839	1014	8694	8.5740	60	121.7027	30	121.7027
pro1627	273	1535	5.6227	13	97.9417	6	90.4077
grxC	318	1579	4.9654	12	77.6142	6	77.6142
higB	276	2988	10.8261	24	178.8500	12	178.8500
group_848	171	0	0.0000	0	0.0000	0	0.0000
acrA	1458	10655	7.3080	74	104.3905	37	104.3905
group_873	210	0	0.0000	0	0.0000	0	0.0000
group_876	183	0	0.0000	0	0.0000	0	0.0000
group_877	204	2740	13.4314	22	221.8091	11	221.8091
group_16691	612	151	0.2467	1	3.3607	0	0.0000
group_884	252	0	0.0000	0	0.0000	0	0.0000
apcB	486	37133	76.4053	264	1117.2606	132	1117.2606
group_889	321	6011	18.7259	48	307.5552	24	307.5552
group_905	723	1784	2.4675	12	34.1373	6	34.1373
psaI	117	130	1.1111	2	35.1585	1	35.1585
uspA	411	2184	5.3139	16	80.0691	8	80.0691
qcrA	429	1798	4.1911	13	62.3265	6	57.5322
terC	720	3145	4.3681	23	65.7025	11	62.8459
group_927	159	197	1.2390	2	25.8714	1	25.8714
group_5583	633	261	0.4123	2	6.4985	1	6.4985
group_954	1359	0	0.0000	0	0.0000	0	0.0000
group_961	339	0	0.0000	0	0.0000	0	0.0000
group_968	735	5360	7.2925	37	103.5383	18	100.7400
group_975	210	0	0.0000	0	0.0000	0	0.0000
aqpZ	825	6469	7.8412	50	124.6530	25	124.6530
group_1008	3402	598	0.1758	4	2.4183	2	2.4183
group_5754	339	0	0.0000	0	0.0000	0	0.0000
group_1014	105	0	0.0000	0	0.0000	0	0.0000
group_1022	207	617	2.9807	6	59.6167	3	59.6167
group_1031	168	0	0.0000	0	0.0000	0	0.0000
group_1043	309	4518	14.6214	34	226.3118	17	226.3118
folP	906	10220	11.2804	71	161.1822	35	158.9120
group_1050	207	754	3.6425	5	49.6806	2	39.7444
group_1051	219	0	0.0000	0	0.0000	0	0.0000
cpcT1	585	2545	4.3504	18	63.2854	9	63.2854
group_1053	336	178	0.5298	2	12.2427	1	12.2427
group_1062	1041	604	0.5802	4	7.9031	2	7.9031
group_15057	348	604	1.7356	4	23.6411	2	23.6411
group_15058	2136	0	0.0000	0	0.0000	0	0.0000
group_16391	354	302	0.8531	2	11.6202	1	11.6202
group_1097	810	881	1.0877	7	17.7746	3	15.2354
group_1107	174	0	0.0000	0	0.0000	0	0.0000
group_1111	618	0	0.0000	0	0.0000	0	0.0000
group_1114	1080	5927	5.4880	40	76.1769	20	76.1769
group_6041	2400	420	0.1750	4	3.4280	2	3.4280
group_1120	468	591	1.2628	5	21.9741	2	17.5793
group_15866	777	0	0.0000	0	0.0000	0	0.0000
group_1157	552	0	0.0000	0	0.0000	0	0.0000
group_1163	192	0	0.0000	0	0.0000	0	0.0000
group_1167	354	1655	4.6751	11	63.9111	5	58.1010
group_1190	1308	8355	6.3876	58	91.2026	29	91.2026
group_1186	1179	1594	1.3520	13	22.6786	6	20.9341
group_1207	195	151	0.7744	1	10.5476	0	0.0000
group_1210	801	151	0.1885	1	2.5678	0	0.0000
group_1223	324	6820	21.0494	53	336.4478	26	330.0997
rpsC	729	8362	11.4705	60	169.2819	30	169.2819
rpmC	219	692	3.1598	5	46.9583	2	37.5667
group_6321	1515	302	0.1993	2	2.7152	1	2.7152
group_1256	2271	5775	2.5429	42	38.0381	21	38.0381
group_1264	840	6490	7.7262	44	107.7358	22	107.7358
group_6350	1131	1237	1.0937	9	16.3669	4	14.5484
group_14779	1290	0	0.0000	0	0.0000	0	0.0000
group_1290	324	0	0.0000	0	0.0000	0	0.0000
ycf35	387	3782	9.7726	30	159.4399	15	159.4399
ahpC	690	16391	23.7551	114	339.8150	57	339.8150
yqeK	597	4306	7.2127	31	106.8007	15	103.3555
group_1327	726	0	0.0000	0	0.0000	0	0.0000
group_16397	2730	4597	1.6839	31	23.3553	15	22.6019
rplF	570	2526	4.4316	17	61.3424	8	57.7340
group_1346	747	0	0.0000	0	0.0000	0	0.0000
group_1356	471	151	0.3206	1	4.3668	0	0.0000
group_6555	402	276	0.6866	2	10.2327	1	10.2327
group_1371	414	459	1.1087	4	19.8722	2	19.8722
rnpA	363	1151	3.1708	8	45.3284	4	45.3284
yidC	1149	19873	17.2959	141	252.3980	70	250.6079
group_1380	1005	2515	2.5025	17	34.7912	8	32.7447
group_1392	150	0	0.0000	0	0.0000	0	0.0000
group_1400	564	1812	3.2128	12	43.7612	6	43.7612
group_1409	552	0	0.0000	0	0.0000	0	0.0000
queA	1131	9030	7.9841	62	112.7498	31	112.7498
iscR	444	3488	7.8559	25	115.8094	12	111.1770
group_15042	999	1717	1.7187	13	26.7648	6	24.7060
group_15875	1116	1057	0.9471	7	12.9009	3	11.0579
group_1428	570	151	0.2649	1	3.6084	0	0.0000
group_1434	408	302	0.7402	2	10.0822	1	10.0822
group_1443	501	558	1.1138	4	16.4214	2	16.4214
group_1448	1059	2885	2.7243	19	36.9015	9	34.9594
group_6790	135	0	0.0000	0	0.0000	0	0.0000
group_19139	261	550	2.1073	4	31.5215	2	31.5215
group_1494	684	1135	1.6594	8	24.0558	4	24.0558
group_1509	333	0	0.0000	0	0.0000	0	0.0000
group_1533	237	847	3.5738	7	60.7486	3	52.0703
group_1556	1026	0	0.0000	0	0.0000	0	0.0000
group_16018	426	604	1.4178	4	19.3124	2	19.3124
group_1557	285	0	0.0000	0	0.0000	0	0.0000
group_1571	189	0	0.0000	0	0.0000	0	0.0000
group_7013	2442	808	0.3309	6	5.0535	3	5.0535
group_15053	1767	0	0.0000	0	0.0000	0	0.0000
group_15054	2031	0	0.0000	0	0.0000	0	0.0000
group_7083	429	962	2.2424	7	33.5604	3	28.7661
group_1612	1500	1685	1.1233	11	15.0830	5	13.7118
group_7123	294	538	1.8299	4	27.9833	2	27.9833
group_1615	405	0	0.0000	0	0.0000	0	0.0000
group_1618	420	0	0.0000	0	0.0000	0	0.0000
group_1630	585	0	0.0000	0	0.0000	0	0.0000
group_1656	1047	3895	3.7202	28	55.0045	14	55.0045
group_1655	264	151	0.5720	1	7.7908	0	0.0000
group_1665	348	906	2.6034	6	35.4616	3	35.4616
group_1669	456	712	1.5614	6	27.0628	3	27.0628
group_1681	366	0	0.0000	0	0.0000	0	0.0000
group_1684	189	0	0.0000	0	0.0000	0	0.0000
group_1685	297	221	0.7441	2	13.8503	1	13.8503
group_1687	315	2380	7.5556	18	117.5300	9	117.5300
group_1704	204	0	0.0000	0	0.0000	0	0.0000
group_1698	249	988	3.9679	7	57.8210	3	49.5608
group_1709	207	376	1.8164	4	39.7444	2	39.7444
group_1722	672	414	0.6161	4	12.2427	2	12.2427
group_1720	594	2415	4.0657	20	69.2517	10	69.2517
group_1726	300	0	0.0000	0	0.0000	0	0.0000
group_1731	957	0	0.0000	0	0.0000	0	0.0000
group_1745	3240	2741	0.8460	19	12.0613	9	11.4265
group_1744	3750	4274	1.1397	27	14.8088	13	14.2603
group_17424	270	0	0.0000	0	0.0000	0	0.0000
group_15853	5814	0	0.0000	0	0.0000	0	0.0000
group_7532	573	4354	7.5986	30	107.6846	15	107.6846
group_1786	309	453	1.4660	3	19.9687	1	13.3125
group_14923	960	1359	1.4156	9	19.2823	4	17.1398
group_1804	429	2070	4.8252	15	71.9152	7	67.1209
group_17187	387	13027	33.6615	97	515.5225	48	510.2078
group_1811	1122	0	0.0000	0	0.0000	0	0.0000
group_1812	1152	302	0.2622	2	3.5708	1	3.5708
group_1814	174	0	0.0000	0	0.0000	0	0.0000
group_1815	354	2651	7.4887	20	116.2020	10	116.2020
group_1827	594	383	0.6448	3	10.3878	1	6.9252
group_1833	345	151	0.4377	1	5.9617	0	0.0000
group_1837	270	0	0.0000	0	0.0000	0	0.0000
citB	696	976	1.4023	7	20.6860	3	17.7308
group_1845	4230	3114	0.7362	21	10.2109	10	9.7247
group_1844	252	0	0.0000	0	0.0000	0	0.0000
hEPN	384	1535	3.9974	10	53.5619	5	53.5619
group_1869	891	151	0.1695	1	2.3084	0	0.0000
mJ0435	312	651	2.0865	5	32.9611	2	26.3689
group_1875	429	3143	7.3263	25	119.8587	12	115.0643
group_1887	378	1336	3.5344	10	54.4120	5	54.4120
group_7805	279	0	0.0000	0	0.0000	0	0.0000
group_15417	192	151	0.7865	1	10.7124	0	0.0000
group_7854	213	0	0.0000	0	0.0000	0	0.0000
group_1908	387	157	0.4057	1	5.3147	0	0.0000
group_1909	306	0	0.0000	0	0.0000	0	0.0000
group_15203	2121	60883	28.7049	432	418.9188	216	418.9188
group_1925	456	151	0.3311	1	4.5105	0	0.0000
group_1932	2736	604	0.2208	4	3.0070	2	3.0070
group_1930	366	604	1.6503	4	22.4784	2	22.4784
group_1934	288	398	1.3819	4	28.5663	2	28.5663
group_1937	345	1484	4.3014	12	71.5400	6	71.5400
group_1944	285	1932	6.7789	15	108.2513	7	101.0346
group_1948	336	302	0.8988	2	12.2427	1	12.2427
group_1949	708	1678	2.3701	13	37.7656	6	34.8606
group_1955	774	151	0.1951	1	2.6573	0	0.0000
group_17209	1791	48440	27.0463	333	382.4155	166	381.2671
group_17210	573	23824	41.5777	165	592.2651	82	588.6756
group_17469	210	0	0.0000	0	0.0000	0	0.0000
group_1963	411	2482	6.0389	19	95.0821	9	90.0777
group_1965	1599	6245	3.9056	43	55.3104	21	54.0241
group_1969	864	3323	3.8461	22	52.3716	11	52.3716
group_1970	369	447	1.2114	3	16.7217	1	11.1478
pntB	1410	19201	13.6177	144	210.0536	72	210.0536
group_1977	300	456	1.5200	4	27.4237	2	27.4237
group_1981	165	0	0.0000	0	0.0000	0	0.0000
group_1982	246	1840	7.4797	16	133.7740	8	133.7740
group_15625	321	5026	15.6573	37	237.0738	18	230.6664
wzb	525	3417	6.5086	28	109.6947	14	109.6947
group_1986	147	0	0.0000	0	0.0000	0	0.0000
group_1987	333	1771	5.3183	13	80.2945	6	74.1180
group_15200	225	0	0.0000	0	0.0000	0	0.0000
group_1991	192	0	0.0000	0	0.0000	0	0.0000
group_1992	258	259	1.0039	2	15.9440	1	15.9440
group_1997	681	302	0.4435	2	6.0405	1	6.0405
group_2005	213	0	0.0000	0	0.0000	0	0.0000
group_2010	798	970	1.2155	7	18.0419	3	15.4645
group_2012	615	0	0.0000	0	0.0000	0	0.0000
group_15945	537	302	0.5624	2	7.6602	1	7.6602
group_2015	486	563	1.1584	4	16.9282	2	16.9282
group_2017	237	246	1.0380	2	17.3568	1	17.3568
group_2018	3807	3797	0.9974	27	14.5871	13	14.0468
group_2023	804	0	0.0000	0	0.0000	0	0.0000
group_2027	366	0	0.0000	0	0.0000	0	0.0000
group_2028	315	0	0.0000	0	0.0000	0	0.0000
gmk	555	3678	6.6270	30	111.1770	15	111.1770
rplU	390	3011	7.7205	23	121.2970	11	116.0232
gvpA	216	2771	12.8287	24	228.5306	12	228.5306
group_2031	315	2550	8.0952	20	130.5889	10	130.5889
group_2033	237	856	3.6118	8	69.4270	4	69.4270
group_2034	477	30160	63.2285	221	952.9294	110	948.6175
penP	1191	9317	7.8228	64	110.5236	32	110.5236
group_2036	372	653	1.7554	5	27.6448	2	22.1159
group_2038	354	701	1.9802	5	29.0505	2	23.2404
group_2039	963	0	0.0000	0	0.0000	0	0.0000
group_2040	351	605	1.7236	4	23.4390	2	23.4390
group_2049	435	0	0.0000	0	0.0000	0	0.0000
group_2051	1350	38698	28.6652	262	399.1667	131	399.1667
group_17097	345	1135	3.2899	8	47.6933	4	47.6933
group_17647	744	3401	4.5712	23	63.5831	11	60.8186
group_2053	183	0	0.0000	0	0.0000	0	0.0000
group_2057	423	302	0.7139	2	9.7247	1	9.7247
group_2062	810	208	0.2568	4	10.1569	2	10.1569
group_2063	471	0	0.0000	0	0.0000	0	0.0000
group_17758	225	0	0.0000	0	0.0000	0	0.0000
group_2066	441	560	1.2698	4	18.6556	2	18.6556
trkA	1896	15256	8.0464	107	116.0733	53	114.9885
group_2072	411	151	0.3674	1	5.0043	0	0.0000
group_2073	483	151	0.3126	1	4.2583	0	0.0000
group_2075	690	1420	2.0580	10	29.8083	5	29.8083
group_15472	1905	8357	4.3869	58	62.6210	29	62.6210
group_2081	735	5725	7.7891	41	114.7317	20	111.9333
group_2087	321	7436	23.1651	54	345.9996	27	345.9996
group_2090	138	118	0.8551	2	29.8083	1	29.8083
group_2099	729	686	0.9410	6	16.9282	3	16.9282
group_2104	2091	0	0.0000	0	0.0000	0	0.0000
group_2107	501	296	0.5908	2	8.2107	1	8.2107
group_2108	993	8204	8.2618	56	115.9913	28	115.9913
group_2111	228	0	0.0000	0	0.0000	0	0.0000
group_2112	528	3297	6.2443	23	89.5944	11	85.6990
group_2115	642	0	0.0000	0	0.0000	0	0.0000
group_2116	252	0	0.0000	0	0.0000	0	0.0000
group_2119	516	0	0.0000	0	0.0000	0	0.0000
group_2121	1179	0	0.0000	0	0.0000	0	0.0000
group_17070	588	0	0.0000	0	0.0000	0	0.0000
group_2124	435	935	2.1494	7	33.0975	3	28.3693
group_2125	216	0	0.0000	0	0.0000	0	0.0000
group_14674	549	0	0.0000	0	0.0000	0	0.0000
group_2126	252	302	1.1984	2	16.3236	1	16.3236
group_2128	639	0	0.0000	0	0.0000	0	0.0000
group_16781	573	758	1.3229	6	21.5369	3	21.5369
ccr2	324	2017	6.2253	15	95.2211	7	88.8730
group_2134	495	895	1.8081	6	24.9306	3	24.9306
group_2140	483	0	0.0000	0	0.0000	0	0.0000
group_2142	147	1137	7.7347	10	139.9167	5	139.9167
group_2143	942	1331	1.4130	10	21.8341	5	21.8341
group_2147	267	992	3.7154	7	53.9229	3	46.2197
group_2150	702	2475	3.5256	19	55.6677	9	52.7378
group_2155	576	257	0.4462	3	10.7124	1	7.1416
group_2156	759	3892	5.1278	26	70.4561	13	70.4561
group_2157	205	151	0.7366	1	10.0330	0	0.0000
group_2159	276	824	2.9855	6	44.7125	3	44.7125
group_2160	225	1467	6.5200	12	109.6947	6	109.6947
group_14736	207	2375	11.4734	34	337.8278	17	337.8278
group_2171	675	675	1.0000	5	15.2354	2	12.1883
group_2172	159	0	0.0000	0	0.0000	0	0.0000
group_2175	1041	453	0.4352	3	5.9273	1	3.9515
group_2178	270	5080	18.8148	39	297.0897	19	289.4721
group_2181	417	1245	2.9856	9	44.3908	4	39.4585
group_2182	195	0	0.0000	0	0.0000	0	0.0000
group_2184	384	709	1.8464	5	26.7809	2	21.4247
group_2185	444	591	1.3311	5	23.1619	2	18.5295
group_16896	396	302	0.7626	2	10.3878	1	10.3878
group_2193	390	1896	4.8615	13	68.5592	6	63.2854
group_2194	309	7248	23.4563	53	352.7802	26	346.1240
group_2195	237	269	1.1350	2	17.3568	1	17.3568
group_2197	327	692	2.1162	5	31.4492	2	25.1593
group_2199	453	302	0.6667	2	9.0807	1	9.0807
group_2200	309	754	2.4401	6	39.9374	3	39.9374
group_2204	342	302	0.8830	2	12.0279	1	12.0279
group_2205	765	4604	6.0183	33	88.7236	16	86.0350
group_2207	429	3390	7.9021	25	119.8587	12	115.0643
group_2208	267	1118	4.1873	8	61.6262	4	61.6262
group_2210	201	265	1.3184	2	20.4654	1	20.4654
group_2215	621	233	0.3752	2	6.6241	1	6.6241
group_19143	387	178	0.4599	2	10.6293	1	10.6293
group_2218	259	0	0.0000	0	0.0000	0	0.0000
cas10	1728	451	0.2610	3	3.5708	1	2.3805
group_2219	429	1493	3.4802	11	52.7378	5	47.9435
group_2220	432	2172	5.0278	15	71.4158	7	66.6548
group_2222	1116	0	0.0000	0	0.0000	0	0.0000
group_2226	210	0	0.0000	0	0.0000	0	0.0000
group_2227	327	668	2.0428	6	37.7390	3	37.7390
group_14596	960	0	0.0000	0	0.0000	0	0.0000
group_2232	399	2553	6.3985	18	92.7868	9	92.7868
group_14926	507	0	0.0000	0	0.0000	0	0.0000
group_2234	435	151	0.3471	1	4.7282	0	0.0000
group_2239	228	1671	7.3289	14	126.2932	7	126.2932
group_2243	1245	4231	3.3984	28	46.2568	14	46.2568
group_2244	348	0	0.0000	0	0.0000	0	0.0000
group_2247	426	0	0.0000	0	0.0000	0	0.0000
group_2253	1158	0	0.0000	0	0.0000	0	0.0000
group_2256	264	0	0.0000	0	0.0000	0	0.0000
group_16843	1080	657	0.6083	5	9.5221	2	7.6177
group_2258	285	548	1.9228	4	28.8670	2	28.8670
psbV	501	4727	9.4351	35	143.6869	17	139.5815
group_2260	2328	302	0.1297	2	1.7670	1	1.7670
group_2266	378	2044	5.4074	14	76.1769	7	76.1769
nuoL	2052	3502	1.7066	24	24.0558	12	24.0558
msrB	417	2610	6.2590	19	93.7140	9	88.7817
group_2272	7722	32427	4.1993	222	59.1303	111	59.1303
group_2274	345	7101	20.5826	51	304.0450	25	298.0834
relE	282	441	1.5638	3	21.8806	1	14.5871
group_2276	426	0	0.0000	0	0.0000	0	0.0000
group_2279	207	0	0.0000	0	0.0000	0	0.0000
group_2281	894	6470	7.2371	44	101.2283	22	101.2283
group_2284	411	845	2.0560	6	30.0259	3	30.0259
group_2287	195	0	0.0000	0	0.0000	0	0.0000
group_2288	774	2909	3.7584	21	55.8040	10	53.1466
group_2289	624	453	0.7260	3	9.8883	1	6.5922
group_2290	264	574	2.1742	4	31.1633	2	31.1633
group_16464	522	524	1.0038	4	15.7607	2	15.7607
group_16465	723	3231	4.4689	22	62.5851	11	62.5851
group_2297	1044	3266	3.1284	23	45.3121	11	43.3420
group_2299	195	0	0.0000	0	0.0000	0	0.0000
group_2300	2040	151	0.0740	1	1.0082	0	0.0000
group_2306	279	1298	4.6523	9	66.3476	4	58.9756
group_2309	117	0	0.0000	0	0.0000	0	0.0000
group_19145	1020	302	0.2961	2	4.0329	1	4.0329
group_2313	183	570	3.1148	4	44.9568	2	44.9568
group_18948	813	5233	6.4367	40	101.1943	20	101.1943
group_18949	1548	4769	3.0807	33	43.8460	16	42.5173
group_15909	1449	151	0.1042	1	1.4194	0	0.0000
group_2317	801	5869	7.3271	41	105.2781	20	102.7104
group_2320	297	1675	5.6397	14	96.9524	7	96.9524
group_2325	330	650	1.9697	5	31.1633	2	24.9306
group_2326	150	0	0.0000	0	0.0000	0	0.0000
group_2327	354	890	2.5141	6	34.8606	3	34.8606
group_2328	792	755	0.9533	5	12.9847	2	10.3878
group_2329	372	0	0.0000	0	0.0000	0	0.0000
group_2333	504	0	0.0000	0	0.0000	0	0.0000
group_2335	1254	1156	0.9219	8	13.1214	4	13.1214
group_2336	363	0	0.0000	0	0.0000	0	0.0000
group_2337	420	0	0.0000	0	0.0000	0	0.0000
group_2340	3030	9727	3.2102	68	46.1587	34	46.1587
group_2341	810	0	0.0000	0	0.0000	0	0.0000
acrR	639	10626	16.6291	75	241.4055	37	238.1868
group_2344	255	553	2.1686	4	32.2631	2	32.2631
group_2345	96	0	0.0000	0	0.0000	0	0.0000
group_2348	180	580	3.2222	4	45.7061	2	45.7061
rpsL	384	0	0.0000	0	0.0000	0	0.0000
group_2353	243	0	0.0000	0	0.0000	0	0.0000
glpC	1365	31601	23.1509	217	326.9745	108	325.4677
group_2362	900	3368	3.7422	24	54.8473	12	54.8473
group_2364	198	0	0.0000	0	0.0000	0	0.0000
group_2366	624	1768	2.8333	13	42.8495	6	39.5534
group_2369	2319	6603	2.8473	40	35.4769	20	35.4769
group_2372	474	1218	2.5696	7	30.3743	3	26.0351
group_15770	4923	604	0.1227	4	1.6712	2	1.6712
himA	303	5054	16.6799	38	257.9454	19	257.9454
group_2376	282	0	0.0000	0	0.0000	0	0.0000
group_2381	699	0	0.0000	0	0.0000	0	0.0000
group_2383	225	702	3.1200	5	45.7061	2	36.5649
group_14827	420	351	0.8357	3	14.6913	1	9.7942
group_14828	225	0	0.0000	0	0.0000	0	0.0000
group_2387	108	0	0.0000	0	0.0000	0	0.0000
pksD	11724	43151	3.6806	291	51.0510	145	50.8755
group_2396	2736	1346	0.4920	9	6.7657	4	6.0140
group_2397	531	0	0.0000	0	0.0000	0	0.0000
rpiA	732	4652	6.3552	33	92.7235	16	89.9137
group_2407	219	0	0.0000	0	0.0000	0	0.0000
group_2408	219	600	2.7397	6	56.3500	3	56.3500
group_2413	222	232	1.0450	2	18.5295	1	18.5295
group_2414	189	0	0.0000	0	0.0000	0	0.0000
group_2418	636	1130	1.7767	8	25.8714	4	25.8714
psbL	153	193	1.2614	2	26.8859	1	26.8859
group_2423	804	1763	2.1928	12	30.6981	6	30.6981
group_15823	372	610	1.6398	4	22.1159	2	22.1159
group_15821	3516	4350	1.2372	30	17.5493	15	17.5493
group_2428	351	0	0.0000	0	0.0000	0	0.0000
group_2429	303	344	1.1353	2	13.5761	1	13.5761
group_2434	4044	604	0.1494	4	2.0344	2	2.0344
group_15237	606	151	0.2492	1	3.3940	0	0.0000
rsmI	840	7871	9.3702	54	132.2213	27	132.2213
group_2437	339	453	1.3363	3	18.2015	1	12.1344
group_2438	264	0	0.0000	0	0.0000	0	0.0000
group_2441	705	2745	3.8936	20	58.3482	10	58.3482
trxB	1473	6862	4.6585	48	67.0232	24	67.0232
group_2444	717	151	0.2106	1	2.8686	0	0.0000
group_16727	993	728	0.7331	5	10.3564	2	8.2851
group_2446	291	1001	3.4399	8	56.5436	4	56.5436
group_19147	630	1510	2.3968	10	32.6472	5	32.6472
group_2461	1581	302	0.1910	2	2.6019	1	2.6019
serA	1578	20235	12.8232	143	186.3871	71	185.0837
group_2463	2436	5281	2.1679	36	30.3957	18	30.3957
group_2468	492	3458	7.0285	24	100.3305	12	100.3305
kdpD	2238	7628	3.4084	53	48.7083	26	47.7892
group_2471	678	2380	3.5103	16	48.5375	8	48.5375
yjhB	681	2663	3.9104	25	75.5057	12	72.4855
pM23	342	1007	2.9444	7	42.0977	3	36.0838
hpt1	495	1506	3.0424	10	41.5510	5	41.5510
msrA	519	1208	2.3276	8	31.7037	4	31.7037
rplT	348	1289	3.7040	9	53.1925	4	47.2822
tal	1182	5547	4.6929	39	67.8631	19	66.1231
group_18874	216	755	3.4954	6	57.1326	3	57.1326
rpsR	216	302	1.3981	2	19.0442	1	19.0442
group_2485	474	944	1.9916	8	34.7135	4	34.7135
pth	672	5260	7.8274	36	110.1844	18	110.1844
group_2484	390	1942	4.9795	14	73.8330	7	73.8330
aroK	573	1569	2.7382	11	39.4843	5	35.8949
psaF	495	433	0.8747	3	12.4653	1	8.3102
group_2486	1755	7145	4.0712	49	57.4256	24	56.2537
group_18884	495	2894	5.8465	23	95.5673	11	91.4122
group_2487	1248	0	0.0000	0	0.0000	0	0.0000
group_18895	459	190	0.4139	2	8.9620	1	8.9620
group_18898	891	6659	7.4736	46	106.1859	23	106.1859
group_18902	783	5807	7.4163	43	112.9519	21	110.3251
infA	327	1176	3.5963	8	50.3187	4	50.3187
rpsK	420	4827	11.4929	36	176.2950	18	176.2950
truA	855	3585	4.1930	25	60.1396	12	57.7340
rpmE	234	0	0.0000	0	0.0000	0	0.0000
yqjQ	729	6116	8.3896	43	121.3187	21	118.4973
group_18910	537	151	0.2812	1	3.8301	0	0.0000
group_18911	960	5301	5.5219	36	77.1291	18	77.1291
group_2491	1062	18740	17.6460	129	249.8343	64	247.8976
group_2494	225	0	0.0000	0	0.0000	0	0.0000
group_18917	2064	13672	6.6240	95	94.6675	47	93.6710
group_2496	729	4032	5.5309	28	78.9982	14	78.9982
group_2497	492	3297	6.7012	26	108.6914	13	108.6914
group_2498	261	302	1.1571	2	15.7607	1	15.7607
group_18920	687	904	1.3159	6	17.9631	3	17.9631
group_18921	405	380	0.9383	3	15.2354	1	10.1569
group_2500	657	0	0.0000	0	0.0000	0	0.0000
group_2501	1857	0	0.0000	0	0.0000	0	0.0000
group_2502	336	523	1.5565	4	24.4854	2	24.4854
cas7d	1008	4939	4.8998	35	71.4158	17	69.3754
group_18927	963	6032	6.2638	42	89.7036	21	89.7036
group_18373	339	2102	6.2006	15	91.0077	7	84.9406
hyfB	1467	3516	2.3967	24	33.6487	12	33.6487
group_2509	723	0	0.0000	0	0.0000	0	0.0000
group_2510	438	27145	61.9749	195	915.6876	97	910.9917
group_2511	441	5255	11.9161	39	181.8917	19	177.2278
group_2512	762	0	0.0000	0	0.0000	0	0.0000
group_2516	1140	2912	2.5544	20	36.0838	10	36.0838
copY	489	0	0.0000	0	0.0000	0	0.0000
group_2521	609	915	1.5025	7	23.6411	3	20.2638
group_2522	4296	7431	1.7297	51	24.4170	25	23.9383
group_2525	216	0	0.0000	0	0.0000	0	0.0000
group_2527	942	0	0.0000	0	0.0000	0	0.0000
group_2531	141	0	0.0000	0	0.0000	0	0.0000
group_2532	300	262	0.8733	4	27.4237	2	27.4237
group_2533	246	373	1.5163	3	25.0826	1	16.7217
group_2537	372	857	2.3038	6	33.1738	3	33.1738
frmR	354	2135	6.0311	15	87.1515	7	81.3414
group_2539	3843	3386	0.8811	20	10.7040	10	10.7040
pds	1473	4547	3.0869	35	48.8711	17	47.4748
group_2544	135	0	0.0000	0	0.0000	0	0.0000
group_2545	351	0	0.0000	0	0.0000	0	0.0000
group_2546	216	456	2.1111	4	38.0884	2	38.0884
group_2550	405	2480	6.1235	17	86.3338	8	81.2553
group_2551	411	1169	2.8443	9	45.0389	4	40.0346
group_2554	222	0	0.0000	0	0.0000	0	0.0000
group_2555	231	115	0.4978	2	17.8076	1	17.8076
group_2559	1659	128012	77.1621	774	959.5804	387	959.5804
group_18889	1260	7328	5.8159	54	88.1475	27	88.1475
group_2564	507	1716	3.3846	11	44.6243	5	40.5676
group_2566	2667	0	0.0000	0	0.0000	0	0.0000
group_18994	1626	6705	4.1236	46	58.1868	23	58.1868
ychF	1179	14343	12.1654	100	174.4508	50	174.4508
group_2571	615	2408	3.9154	16	53.5096	8	53.5096
hisC	1047	8060	7.6982	59	115.9023	29	113.9379
group_2572	915	4368	4.7738	31	69.6831	15	67.4353
group_18680	822	1809	2.2007	13	32.5281	6	30.0259
group_18681	3078	4755	1.5448	33	22.0512	16	21.3830
group_2573	288	0	0.0000	0	0.0000	0	0.0000
group_2575	753	1668	2.2151	12	32.7773	6	32.7773
cas6	837	1847	2.2067	13	31.9451	6	29.4878
group_2582	2331	5188	2.2257	35	30.8825	17	30.0002
group_19000	1041	4804	4.6148	34	67.1761	17	67.1761
group_2586	657	0	0.0000	0	0.0000	0	0.0000
group_2589	138	0	0.0000	0	0.0000	0	0.0000
group_2591	234	0	0.0000	0	0.0000	0	0.0000
group_2594	183	0	0.0000	0	0.0000	0	0.0000
group_19052	1548	1812	1.1705	12	15.9440	6	15.9440
group_2600	192	0	0.0000	0	0.0000	0	0.0000
group_18682	1188	18092	15.2290	123	212.9489	61	211.2176
group_18997	810	1187	1.4654	8	20.3138	4	20.3138
group_2609	1023	5213	5.0958	35	70.3687	17	68.3581
group_2612	963	4656	4.8349	32	68.3456	16	68.3456
group_2614	195	266	1.3641	2	21.0951	1	21.0951
group_16283	414	0	0.0000	0	0.0000	0	0.0000
group_16284	3108	151	0.0486	1	0.6618	0	0.0000
group_16285	2718	0	0.0000	0	0.0000	0	0.0000
group_2629	696	2783	3.9986	19	56.1476	9	53.1925
group_17455	384	0	0.0000	0	0.0000	0	0.0000
group_2635	150	0	0.0000	0	0.0000	0	0.0000
group_2637	201	151	0.7512	1	10.2327	0	0.0000
group_2638	231	162	0.7013	2	17.8076	1	17.8076
group_2639	3408	4662	1.3680	31	18.7089	15	18.1054
group_2641	3777	4320	1.1438	30	16.3366	15	16.3366
group_2648	1326	0	0.0000	0	0.0000	0	0.0000
group_2649	1326	0	0.0000	0	0.0000	0	0.0000
group_2652	1767	1360	0.7697	9	10.4759	4	9.3119
group_2654	1260	0	0.0000	0	0.0000	0	0.0000
group_2657	777	1190	1.5315	8	21.1766	4	21.1766
group_2658	399	298	0.7469	3	15.4645	1	10.3096
group_2660	3750	453	0.1208	3	1.6454	1	1.0969
group_2662	2553	6902	2.7035	47	37.8646	23	37.0590
group_2664	246	433	1.7602	3	25.0826	1	16.7217
group_2676	567	302	0.5326	2	7.2549	1	7.2549
cadA	2163	1456	0.6731	10	9.5089	5	9.5089
group_2689	624	0	0.0000	0	0.0000	0	0.0000
group_2692	1221	0	0.0000	0	0.0000	0	0.0000
group_2693	1173	302	0.2575	2	3.5069	1	3.5069
group_2695	543	0	0.0000	0	0.0000	0	0.0000
group_2696	798	4056	5.0827	30	77.3224	15	77.3224
afuA	1746	6561	3.7577	47	55.3657	23	54.1877
group_2698	252	1628	6.4603	14	114.2653	7	114.2653
rpsB	798	13530	16.9549	92	237.1219	46	237.1219
group_2705	525	30125	57.3810	215	842.2984	107	838.3807
group_2708	711	0	0.0000	0	0.0000	0	0.0000
group_2709	633	0	0.0000	0	0.0000	0	0.0000
group_2710	1194	8849	7.4112	62	106.8007	31	106.8007
uvrC	2016	25953	12.8735	184	187.7215	92	187.7215
group_2714	1134	151	0.1332	1	1.8137	0	0.0000
herA	1836	513	0.2794	4	4.4810	2	4.4810
group_2716	567	1702	3.0018	13	47.1571	6	43.5296
mcrA	570	453	0.7947	3	10.8251	1	7.2168
group_2719	159	540	3.3962	4	51.7428	2	51.7428
group_2722	1716	0	0.0000	0	0.0000	0	0.0000
group_2723	270	384	1.4222	4	30.4707	2	30.4707
lptC	1149	4213	3.6667	29	51.9116	14	50.1216
group_2724	399	151	0.3784	1	5.1548	0	0.0000
ilvD	1698	33708	19.8516	239	289.4990	119	288.2877
ctaD	1677	49964	29.7937	342	419.4497	171	419.4497
group_2727	816	3397	4.1630	25	63.0139	12	60.4934
ribBA	1677	26884	16.0310	191	234.2541	95	233.0276
group_2729	969	3592	3.7069	24	50.9418	12	50.9418
group_2730	300	755	2.5167	5	34.2796	2	27.4237
group_2734	339	481	1.4189	4	24.2687	2	24.2687
group_2735	417	602	1.4436	4	19.7293	2	19.7293
petA	1056	9805	9.2850	68	132.4439	34	132.4439
sat	1350	38367	28.4200	269	409.8315	134	408.3080
group_2736	162	0	0.0000	0	0.0000	0	0.0000
group_2738	729	3609	4.9506	26	73.3555	13	73.3555
group_2740	459	817	1.7800	6	26.8859	3	26.8859
group_2745	582	3012	5.1753	21	74.2135	10	70.6796
arsR	408	1972	4.8333	16	80.6578	8	80.6578
pqqL	1761	15846	8.9983	108	126.1395	54	126.1395
group_2748	2352	3076	1.3078	22	19.2385	11	19.2385
group_2750	225	742	3.2978	6	54.8473	3	54.8473
psbB	1527	66118	43.2993	459	618.2448	229	616.8979
group_2753	462	0	0.0000	0	0.0000	0	0.0000
ehuA	849	7418	8.7373	52	125.9744	26	125.9744
group_2757	696	49059	70.4871	322	951.5540	161	951.5540
spoVK	1518	21719	14.3076	151	204.5936	75	203.2387
atpA	1509	51012	33.8052	364	496.1340	182	496.1340
group_2762	855	9583	11.2082	67	161.1742	33	158.7686
rimO	1491	16882	11.3226	122	168.2941	61	168.2941
srmB	1440	19276	13.3861	133	189.9660	66	188.5377
group_2766	1479	19814	13.3969	138	191.9101	69	191.9101
trxA	552	6205	11.2409	42	156.4938	21	156.4938
menF	1410	12829	9.0986	88	128.3661	44	128.3661
group_2777	1404	12814	9.1268	90	131.8446	45	131.8446
group_2779	1413	302	0.2137	2	2.9112	1	2.9112
group_2780	1392	151	0.1085	1	1.4776	0	0.0000
group_2782	225	481	2.1378	5	45.7061	2	36.5649
group_2784	123	0	0.0000	0	0.0000	0	0.0000
group_2786	1365	692	0.5070	5	7.5340	2	6.0272
group_2788	195	0	0.0000	0	0.0000	0	0.0000
group_2790	2811	302	0.1074	2	1.4634	1	1.4634
yhdJ	1056	5936	5.6212	41	79.8559	20	77.9081
yifB	1527	18127	11.8710	126	169.7143	63	169.7143
group_2793	264	0	0.0000	0	0.0000	0	0.0000
group_2794	327	450	1.3761	3	18.8695	1	12.5797
group_2795	1263	1304	1.0325	10	16.2848	5	16.2848
group_2796	321	977	3.0436	7	44.8518	3	38.4444
glyA	1341	25560	19.0604	186	285.2798	93	285.2798
hisS	1281	11561	9.0250	81	130.0537	40	128.4481
group_2798	2367	2180	0.9210	15	13.0341	7	12.1651
group_2801	216	551	2.5509	5	47.6105	2	38.0884
group_2804	222	0	0.0000	0	0.0000	0	0.0000
group_2806	846	1560	1.8440	11	26.7429	5	24.3118
group_2811	351	14105	40.1852	102	597.6953	51	597.6953
group_2812	1278	11830	9.2567	82	131.9684	41	131.9684
group_2813	396	864	2.1818	6	31.1633	3	31.1633
dxr	1233	17806	14.4412	121	201.8409	60	200.1728
group_2820	804	302	0.3756	2	5.1164	1	5.1164
group_2823	1197	0	0.0000	0	0.0000	0	0.0000
group_2829	1221	14557	11.9222	113	190.3486	56	188.6641
group_2831	1230	34631	28.1553	239	399.6498	119	397.9776
group_2834	1014	4638	4.5740	31	62.8797	15	60.8513
group_2836	1143	0	0.0000	0	0.0000	0	0.0000
group_2840	1377	3150	2.2876	21	31.3669	10	29.8733
guaA	1857	13772	7.4163	93	103.0049	46	101.8973
tgt	1125	19884	17.6747	140	255.9542	70	255.9542
group_2844	684	5875	8.5892	40	120.2792	20	120.2792
group_2845	627	0	0.0000	0	0.0000	0	0.0000
group_2846	1116	0	0.0000	0	0.0000	0	0.0000
group_2847	753	0	0.0000	0	0.0000	0	0.0000
group_2848	801	0	0.0000	0	0.0000	0	0.0000
group_2849	1095	3105	2.8356	21	39.4450	10	37.5667
group_2852	1002	0	0.0000	0	0.0000	0	0.0000
group_2853	1089	2386	2.1910	16	30.2189	8	30.2189
group_2856	159	0	0.0000	0	0.0000	0	0.0000
group_2857	1098	5057	4.6056	37	69.3085	18	67.4353
psbO	834	6792	8.1439	49	120.8417	24	118.3755
group_2861	459	0	0.0000	0	0.0000	0	0.0000
group_2864	597	0	0.0000	0	0.0000	0	0.0000
group_2865	1170	453	0.3872	3	5.2738	1	3.5159
group_2872	645	912	1.4140	7	22.3216	3	19.1328
group_2873	543	0	0.0000	0	0.0000	0	0.0000
group_2875	1035	302	0.2918	2	3.9744	1	3.9744
group_2876	1296	2109	1.6273	15	23.8053	7	22.2183
gap	1035	11274	10.8928	82	162.9522	41	162.9522
group_2877	240	942	3.9250	8	68.5592	4	68.5592
group_2878	276	1325	4.8007	9	67.0688	4	59.6167
group_2881	1002	17899	17.8633	123	252.4784	61	250.4257
group_2882	696	6540	9.3966	44	130.0260	22	130.0260
group_2884	993	598	0.6022	4	8.2851	2	8.2851
group_2889	432	1730	4.0046	12	57.1326	6	57.1326
group_2890	234	308	1.3162	2	17.5793	1	17.5793
group_2894	1806	0	0.0000	0	0.0000	0	0.0000
group_2895	675	1392	2.0622	11	33.5178	5	30.4707
pstS	1035	5481	5.2957	37	73.5272	18	71.5400
group_2898	3663	112	0.0306	2	1.1230	1	1.1230
argF	927	10725	11.5696	76	168.6245	38	168.6245
cysK	1170	12486	10.6718	87	152.9397	43	151.1818
ftsH~~~ftsH3	1854	101993	55.0124	722	800.9664	361	800.9664
group_2901	717	0	0.0000	0	0.0000	0	0.0000
group_2903	933	1398	1.4984	10	22.0447	5	22.0447
group_2904	1104	3624	3.2826	24	44.7125	12	44.7125
group_2905	819	1084	1.3236	8	20.0906	4	20.0906
rnz	957	11452	11.9666	84	180.5320	42	180.5320
fTR1	927	6164	6.6494	42	93.1872	21	93.1872
group_2907	927	604	0.6516	4	8.8750	2	8.8750
group_2908	1035	735	0.7101	5	9.9361	2	7.9489
group_2909	912	7604	8.3377	52	117.2723	26	117.2723
group_2911	681	3171	4.6564	24	72.4855	12	72.4855
group_2913	537	524	0.9758	4	15.3205	2	15.3205
group_2914	216	0	0.0000	0	0.0000	0	0.0000
ccmA	936	6803	7.2682	50	109.8705	25	109.8705
group_2917	963	0	0.0000	0	0.0000	0	0.0000
group_17162	309	151	0.4887	1	6.6562	0	0.0000
group_2919	225	576	2.5600	4	36.5649	2	36.5649
group_2921	876	1375	1.5696	11	25.8271	5	23.4792
group_2922	252	848	3.3651	6	48.9708	3	48.9708
group_2925	132	0	0.0000	0	0.0000	0	0.0000
group_2926	3372	438	0.1299	4	2.4398	2	2.4398
group_2928	846	4486	5.3026	31	75.3665	15	72.9353
group_2929	285	4842	16.9895	36	259.8032	18	259.8032
tyrA	846	3567	4.2163	26	63.2106	13	63.2106
group_2931	837	475	0.5675	4	9.8293	2	9.8293
group_2932	840	302	0.3595	2	4.8971	1	4.8971
group_2934	831	1351	1.6258	11	27.2257	5	24.7506
group_2935	246	151	0.6138	1	8.3609	0	0.0000
group_2936	1221	1208	0.9894	8	13.4760	4	13.4760
hisN	996	6573	6.5994	45	92.9266	22	90.8616
group_2941	1230	1102	0.8959	8	13.3774	4	13.3774
recO	783	882	1.1264	6	15.7607	3	15.7607
group_2950	777	3482	4.4813	24	63.5297	12	63.5297
group_2951	771	0	0.0000	0	0.0000	0	0.0000
group_2952	225	1497	6.6533	11	100.5535	5	91.4122
hemA	1287	10638	8.2657	71	113.4662	35	111.8681
group_2954	1254	3962	3.1595	28	45.9248	14	45.9248
atpF2	432	1718	3.9769	12	57.1326	6	57.1326
group_2958	747	836	1.1191	6	16.5203	3	16.5203
yhfX	1113	8102	7.2794	55	101.6376	27	99.7896
group_2961	765	296	0.3869	2	5.3772	1	5.3772
group_2962	408	244	0.5980	2	10.0822	1	10.0822
group_2965	687	0	0.0000	0	0.0000	0	0.0000
group_2967	726	875	1.2052	6	16.9981	3	16.9981
ycf20	348	1098	3.1552	8	47.2822	4	47.2822
group_2973	681	151	0.2217	1	3.0202	0	0.0000
rfbC	546	4386	8.0330	34	128.0776	17	128.0776
bioY	654	4874	7.4526	36	113.2170	18	113.2170
group_2977	552	1325	2.4004	9	33.5344	4	29.8083
raiA	600	5457	9.0950	39	133.6904	19	130.2624
group_2981	801	202	0.2522	2	5.1355	1	5.1355
group_2984	2814	2451	0.8710	17	12.4254	8	11.6945
group_2985	1095	1351	1.2338	9	16.9050	4	15.0267
group_2986	612	1655	2.7042	11	36.9682	5	33.6074
group_2989	621	3135	5.0483	21	69.5528	10	66.2407
group_2991	138	0	0.0000	0	0.0000	0	0.0000
group_2992	603	1939	3.2156	16	54.5745	8	54.5745
group_2993	588	1368	2.3265	12	41.9750	6	41.9750
group_2994	822	3452	4.1995	24	60.0518	12	60.0518
ycf53	630	2807	4.4556	19	62.0297	9	58.7650
group_2997	378	4316	11.4180	30	163.2361	15	163.2361
pyrB	981	11687	11.9134	80	167.7289	40	167.7289
group_2999	597	5050	8.4590	37	127.4718	18	124.0266
midA	1134	9651	8.5106	67	121.5202	33	119.7065
group_3004	420	3171	7.5500	25	122.4271	12	117.5300
group_3006	2682	535	0.1995	4	3.0675	2	3.0675
group_3007	1047	1867	1.7832	14	27.5022	7	27.5022
group_3008	576	5458	9.4757	37	132.1192	18	128.5484
group_3010	576	0	0.0000	0	0.0000	0	0.0000
group_3011	891	2111	2.3692	14	32.3175	7	32.3175
group_3012	321	967	3.0125	7	44.8518	3	38.4444
group_3015	3126	906	0.2898	6	3.9477	3	3.9477
group_3018	630	3074	4.8794	22	71.8239	11	71.8239
group_3019	234	684	2.9231	10	87.8964	5	87.8964
psb29	729	6399	8.7778	44	124.1401	22	124.1401
group_3021	504	2054	4.0754	15	61.2135	7	57.1326
group_3022	1137	4290	3.7731	29	52.4595	14	50.6506
group_3026	567	204	0.3598	2	7.2549	1	7.2549
group_3027	144	621	4.3125	6	85.6990	3	85.6990
group_3028	525	4822	9.1848	34	133.2007	17	133.2007
group_3029	1110	702	0.6324	6	11.1177	3	11.1177
group_3031	516	3814	7.3915	29	115.5940	14	111.6080
group_3032	186	0	0.0000	0	0.0000	0	0.0000
group_3033	372	0	0.0000	0	0.0000	0	0.0000
group_3035	513	1120	2.1832	8	32.0745	4	32.0745
group_3036	1149	3047	2.6519	22	39.3812	11	39.3812
hoxE	510	5095	9.9902	36	145.1841	18	145.1841
group_3038	510	277	0.5431	2	8.0658	1	8.0658
group_3039	507	899	1.7732	6	24.3405	3	24.3405
group_3040	3972	8551	2.1528	58	30.0335	29	30.0335
group_3043	396	0	0.0000	0	0.0000	0	0.0000
group_3044	267	453	1.6966	3	23.1098	1	15.4066
group_3045	1020	906	0.8882	6	12.0987	3	12.0987
group_3046	501	1761	3.5150	13	53.3694	6	49.2641
group_3048	3006	1816	0.6041	14	9.5791	7	9.5791
group_3049	1224	11472	9.3725	83	139.4709	41	137.7905
group_3050	258	0	0.0000	0	0.0000	0	0.0000
group_3051	138	0	0.0000	0	0.0000	0	0.0000
upp	654	5157	7.8853	37	116.3619	18	113.2170
group_3052	489	1306	2.6708	10	42.0608	5	42.0608
group_3053	387	798	2.0620	6	31.8880	3	31.8880
group_3057	795	6188	7.7836	45	116.4212	22	113.8341
group_3059	3378	3299	0.9766	25	15.2218	12	14.6130
group_3062	483	1268	2.6253	9	38.3250	4	34.0667
group_3063	1530	878	0.5739	6	8.0658	3	8.0658
group_3065	123	207	1.6829	2	33.4435	1	33.4435
group_3067	180	186	1.0333	2	22.8531	1	22.8531
group_3071	126	0	0.0000	0	0.0000	0	0.0000
group_3072	498	151	0.3032	1	4.1301	0	0.0000
group_3076	459	909	1.9804	7	31.3669	3	26.8859
group_3080	1557	2933	1.8838	20	26.4197	10	26.4197
group_3081	342	454	1.3275	4	24.0558	2	24.0558
group_3082	429	8082	18.8392	50	239.7174	25	239.7174
coaBC	1338	10925	8.1652	74	113.7529	37	113.7529
group_3086	369	302	0.8184	2	11.1478	1	11.1478
group_3087	390	707	1.8128	5	26.3689	2	21.0951
group_3088	234	0	0.0000	0	0.0000	0	0.0000
paaY	552	6018	10.9022	45	167.6719	22	163.9458
group_3089	321	2118	6.5981	16	102.5184	8	102.5184
group_3090	432	4586	10.6157	32	152.3537	16	152.3537
group_3091	111	0	0.0000	0	0.0000	0	0.0000
group_3093	303	242	0.7987	2	13.5761	1	13.5761
group_3095	435	0	0.0000	0	0.0000	0	0.0000
group_3096	867	0	0.0000	0	0.0000	0	0.0000
group_3098	540	1502	2.7815	8	30.4707	4	30.4707
group_3099	3831	1244	0.3247	10	5.3688	5	5.3688
tadD	1335	11512	8.6232	78	120.1711	39	120.1711
sufE	423	3319	7.8463	28	136.1459	14	136.1459
gAF	420	905	2.1548	7	34.2796	3	29.3825
group_3102	423	3246	7.6738	23	111.8341	11	106.9718
group_3105	138	0	0.0000	0	0.0000	0	0.0000
group_3106	390	1183	3.0333	8	42.1903	4	42.1903
group_3110	486	2050	4.2181	15	63.4807	7	59.2487
group_3111	2988	2067	0.6918	14	9.6368	7	9.6368
group_3113	408	1398	3.4265	10	50.4112	5	50.4112
group_3115	735	755	1.0272	5	13.9917	2	11.1933
group_3116	426	1198	2.8122	8	38.6249	4	38.6249
group_3120	147	0	0.0000	0	0.0000	0	0.0000
group_3121	402	5725	14.2413	45	230.2360	22	225.1197
group_3122	444	0	0.0000	0	0.0000	0	0.0000
group_3123	1179	302	0.2561	2	3.4890	1	3.4890
group_3126	396	0	0.0000	0	0.0000	0	0.0000
group_3127	1554	1968	1.2664	14	18.5295	7	18.5295
group_3131	1719	3500	2.0361	24	28.7159	12	28.7159
group_3129	1242	1169	0.9412	9	14.9042	4	13.2481
group_3133	144	204	1.4167	2	28.5663	1	28.5663
group_3135	228	515	2.2588	4	36.0838	2	36.0838
group_3136	1215	0	0.0000	0	0.0000	0	0.0000
group_3138	225	0	0.0000	0	0.0000	0	0.0000
group_3139	198	213	1.0758	2	20.7755	1	20.7755
group_3140	414	0	0.0000	0	0.0000	0	0.0000
group_3142	1692	1895	1.1200	13	15.8026	6	14.5871
group_3143	381	1488	3.9055	11	59.3820	5	53.9836
group_3147	378	862	2.2804	7	38.0884	3	32.6472
group_3149	378	1810	4.7884	14	76.1769	7	76.1769
group_3151	375	1148	3.0613	8	43.8779	4	43.8779
group_3153	369	151	0.4092	1	5.5739	0	0.0000
group_3154	216	151	0.6991	1	9.5221	0	0.0000
group_3155	369	302	0.8184	2	11.1478	1	11.1478
group_3159	414	1042	2.5169	7	34.7764	3	29.8083
group_3162	309	1537	4.9741	11	73.2185	5	66.5623
group_3164	966	908	0.9400	7	14.9042	3	12.7750
group_3166	393	0	0.0000	0	0.0000	0	0.0000
group_3167	420	1750	4.1667	14	68.5592	7	68.5592
group_3168	456	1949	4.2741	15	67.6571	7	63.1466
group_3170	354	302	0.8531	2	11.6202	1	11.6202
group_3175	372	1363	3.6640	10	55.2897	5	55.2897
group_3179	354	0	0.0000	0	0.0000	0	0.0000
group_3180	813	453	0.5572	3	7.5896	1	5.0597
group_15044	345	0	0.0000	0	0.0000	0	0.0000
group_15045	348	0	0.0000	0	0.0000	0	0.0000
psb28	339	1373	4.0501	11	66.7390	5	60.6718
group_3190	333	1460	4.3844	11	67.9415	5	61.7650
group_3193	468	1683	3.5962	12	52.7378	6	52.7378
group_3194	552	1086	1.9674	8	29.8083	4	29.8083
group_3198	741	0	0.0000	0	0.0000	0	0.0000
ureB	327	987	3.0183	8	50.3187	4	50.3187
group_3201	918	597	0.6503	4	8.9620	2	8.9620
group_3203	165	804	4.8727	8	99.7224	4	99.7224
group_3204	450	600	1.3333	4	18.2824	2	18.2824
group_3205	327	2978	9.1070	23	144.6661	11	138.3763
group_3206	1188	3675	3.0934	25	43.2823	12	41.5510
group_3208	456	2076	4.5526	16	72.1675	8	72.1675
group_3214	321	1351	4.2087	10	64.0740	5	64.0740
group_3217	639	453	0.7089	3	9.6562	1	6.4375
group_3220	372	733	1.9704	5	27.6448	2	22.1159
group_3219	369	5037	13.6504	36	200.6610	18	200.6610
cdaA	927	7130	7.6915	48	106.4997	24	106.4997
acs	1971	89970	45.6469	629	656.3732	314	655.3297
group_3226	558	0	0.0000	0	0.0000	0	0.0000
group_3227	426	997	2.3404	7	33.7968	3	28.9687
group_3229	309	771	2.4951	7	46.5936	3	39.9374
group_3230	5487	3230	0.5887	22	8.2466	11	8.2466
group_3231	336	1760	5.2381	14	85.6990	7	85.6990
group_3232	231	381	1.6494	3	26.7114	1	17.8076
rsmD	546	3252	5.9560	24	90.4077	12	90.4077
group_3236	300	0	0.0000	0	0.0000	0	0.0000
group_3237	390	655	1.6795	6	31.6427	3	31.6427
group_3239	546	1011	1.8516	7	26.3689	3	22.6019
group_3241	297	2456	8.2694	17	117.7279	8	110.8027
group_3242	834	0	0.0000	0	0.0000	0	0.0000
znuA	933	6865	7.3580	49	108.0193	24	105.8148
group_3245	297	151	0.5084	1	6.9252	0	0.0000
group_3248	165	247	1.4970	2	24.9306	1	24.9306
group_3249	186	0	0.0000	0	0.0000	0	0.0000
group_3250	177	0	0.0000	0	0.0000	0	0.0000
group_3257	324	2218	6.8457	17	107.9172	8	101.5691
group_3262	573	1119	1.9529	8	28.7159	4	28.7159
group_3264	276	685	2.4819	5	37.2604	2	29.8083
group_3266	276	436	1.5797	3	22.3563	1	14.9042
group_3267	264	0	0.0000	0	0.0000	0	0.0000
group_3268	375	3528	9.4080	25	137.1183	12	131.6336
group_3277	1905	0	0.0000	0	0.0000	0	0.0000
group_3272	456	299	0.6557	2	9.0209	1	9.0209
group_3275	267	409	1.5318	3	23.1098	1	15.4066
group_3280	495	3735	7.5455	27	112.1877	13	108.0326
group_3284	252	0	0.0000	0	0.0000	0	0.0000
group_3285	189	272	1.4392	2	21.7648	1	21.7648
group_3288	393	1322	3.3639	10	52.3352	5	52.3352
group_3290	231	10683	46.2468	78	694.4955	39	694.4955
group_3291	291	2074	7.1271	16	113.0873	8	113.0873
group_3292	249	4676	18.7791	40	330.4056	20	330.4056
group_3293	4239	604	0.1425	4	1.9408	2	1.9408
group_3294	309	1781	5.7638	14	93.1872	7	93.1872
group_3296	246	1151	4.6789	10	83.6087	5	83.6087
group_3298	411	5942	14.4574	45	225.1944	22	220.1900
group_3299	309	0	0.0000	0	0.0000	0	0.0000
rpsQ	243	3098	12.7490	25	211.6024	12	203.1383
group_3300	228	766	3.3596	6	54.1257	3	54.1257
group_3302	183	0	0.0000	0	0.0000	0	0.0000
group_3303	279	0	0.0000	0	0.0000	0	0.0000
cynT	849	5303	6.2462	36	87.2131	18	87.2131
group_3307	450	0	0.0000	0	0.0000	0	0.0000
group_3308	165	0	0.0000	0	0.0000	0	0.0000
group_3309	348	1877	5.3937	13	76.8336	6	70.9233
lPOR	963	27966	29.0405	192	410.0735	96	410.0735
group_3310	228	603	2.6447	4	36.0838	2	36.0838
group_3314	1326	180	0.1357	2	3.1022	1	3.1022
group_3320	345	2440	7.0725	20	119.2333	10	119.2333
group_3321	345	302	0.8754	2	11.9233	1	11.9233
group_3322	249	198	0.7952	2	16.5203	1	16.5203
group_3325	372	844	2.2688	6	33.1738	3	33.1738
group_3329	453	0	0.0000	0	0.0000	0	0.0000
group_3330	1818	592	0.3256	4	4.5254	2	4.5254
group_3331	297	453	1.5253	4	27.7007	2	27.7007
emrA	1455	6830	4.6942	47	66.4388	23	65.0252
group_3336	873	3021	3.4605	20	47.1197	10	47.1197
group_3338	1251	522	0.4173	4	6.5764	2	6.5764
group_3339	159	0	0.0000	0	0.0000	0	0.0000
group_3340	198	256	1.2929	2	20.7755	1	20.7755
group_3341	189	151	0.7989	1	10.8824	0	0.0000
group_3344	1302	604	0.4639	4	6.3188	2	6.3188
group_3345	1191	2258	1.8959	15	25.9040	7	24.1770
group_3346	177	714	4.0339	7	81.3414	3	69.7212
group_3347	156	662	4.2436	6	79.1067	3	79.1067
group_3350	1563	906	0.5797	6	7.8955	3	7.8955
group_3351	624	0	0.0000	0	0.0000	0	0.0000
group_3352	603	5317	8.8176	38	129.6144	19	129.6144
group_3353	177	151	0.8531	1	11.6202	0	0.0000
group_18056	864	1739	2.0127	12	28.5663	6	28.5663
group_3356	681	0	0.0000	0	0.0000	0	0.0000
group_3359	339	457	1.3481	4	24.2687	2	24.2687
group_3360	495	900	1.8182	6	24.9306	3	24.9306
group_3361	801	6372	7.9551	45	115.5492	22	112.9814
icd	1089	1889	1.7346	13	24.5529	6	22.6642
group_3364	1125	0	0.0000	0	0.0000	0	0.0000
group_3363	177	664	3.7514	6	69.7212	3	69.7212
group_3365	381	4360	11.4436	32	172.7475	16	172.7475
group_3366	297	0	0.0000	0	0.0000	0	0.0000
group_3368	834	20311	24.3537	138	340.3297	69	340.3297
group_18891	1359	7072	5.2038	50	75.6724	25	75.6724
group_3369	858	2513	2.9289	17	40.7520	8	38.3548
group_3371	306	1168	3.8170	9	60.4934	4	53.7719
group_3372	657	0	0.0000	0	0.0000	0	0.0000
group_3376	216	151	0.6991	1	9.5221	0	0.0000
group_3377	657	1706	2.5967	12	37.5667	6	37.5667
group_3378	201	151	0.7512	1	10.2327	0	0.0000
vapI~~~higA	315	151	0.4794	1	6.5294	0	0.0000
group_3384	237	0	0.0000	0	0.0000	0	0.0000
group_3387	300	151	0.5033	1	6.8559	0	0.0000
dapB	861	13660	15.8653	97	231.7157	48	229.3268
group_18926	954	2416	2.5325	16	34.4952	8	34.4952
group_3391	444	0	0.0000	0	0.0000	0	0.0000
group_3395	2082	45213	21.7161	240	237.0922	120	237.0922
group_3397	3429	4713	1.3745	34	20.3938	17	20.3938
group_3398	351	0	0.0000	0	0.0000	0	0.0000
nhaP	1611	14815	9.1962	101	128.9474	50	127.6707
group_3399	2019	2566	1.2709	17	17.3181	8	16.2994
rimP	471	4030	8.5563	29	126.6380	14	122.2711
group_3402	234	224	0.9573	2	17.5793	1	17.5793
group_3403	477	263	0.5514	2	8.6238	1	8.6238
group_3406	579	453	0.7824	3	10.6569	1	7.1046
group_3407	342	29968	87.6257	233	1401.2532	116	1395.2393
group_3412	1233	1118	0.9067	8	13.3449	4	13.3449
group_3413	390	3301	8.4641	26	137.1183	13	137.1183
group_3414	498	1893	3.8012	14	57.8210	7	57.8210
group_3421	1479	0	0.0000	0	0.0000	0	0.0000
group_3422	693	986	1.4228	7	20.7755	3	17.8076
group_3424	2136	1214	0.5684	8	7.7033	4	7.7033
group_3426	747	2285	3.0589	16	44.0541	8	44.0541
group_3427	504	3974	7.8849	29	118.3462	14	114.2653
group_3428	198	0	0.0000	0	0.0000	0	0.0000
group_3429	978	151	0.1544	1	2.1030	0	0.0000
group_3430	219	0	0.0000	0	0.0000	0	0.0000
adk	567	1415	2.4956	12	43.5296	6	43.5296
group_3433	324	0	0.0000	0	0.0000	0	0.0000
dam	948	8003	8.4420	60	130.1756	30	130.1756
group_3436	1299	319	0.2456	3	4.7501	1	3.1667
group_3438	720	2299	3.1931	16	45.7061	8	45.7061
fabA	5004	23566	4.7094	160	65.7642	80	65.7642
group_3440	258	452	1.7519	3	23.9160	1	15.9440
cysE	642	230	0.3583	2	6.4074	1	6.4074
group_3441	126	0	0.0000	0	0.0000	0	0.0000
livF	702	5818	8.2877	41	120.1250	20	117.1952
group_3444	1140	11893	10.4325	82	147.9435	41	147.9435
fdx	318	1451	4.5629	10	64.6785	5	64.6785
group_3446	426	4014	9.4225	30	144.8433	15	144.8433
ubiG	660	1169	1.7712	9	28.0469	4	24.9306
ampD	903	1581	1.7508	11	25.0548	5	22.7771
group_3448	372	0	0.0000	0	0.0000	0	0.0000
gatB	1473	33815	22.9566	236	329.5308	118	329.5308
group_3451	687	828	1.2052	6	17.9631	3	17.9631
kaiC	1560	11403	7.3096	77	101.5203	38	100.2019
group_3454	342	0	0.0000	0	0.0000	0	0.0000
phhB	402	2492	6.1990	19	97.2108	9	92.0944
group_3455	1503	1812	1.2056	12	16.4214	6	16.4214
group_3457	894	2132	2.3848	16	36.8103	8	36.8103
group_3458	741	9838	13.2767	70	194.2972	35	194.2972
group_3459	258	0	0.0000	0	0.0000	0	0.0000
thpR	636	302	0.4748	2	6.4678	1	6.4678
group_3461	1455	3624	2.4907	24	33.9262	12	33.9262
group_3462	297	452	1.5219	3	20.7755	1	13.8503
group_3466	366	12243	33.4508	87	488.9056	43	483.2860
group_3467	909	604	0.6645	4	9.0507	2	9.0507
group_3468	384	2780	7.2396	20	107.1237	10	107.1237
group_3470	807	596	0.7385	4	10.1947	2	10.1947
group_3471	585	1634	2.7932	11	38.6744	5	35.1585
group_3473	663	3548	5.3514	26	80.6578	13	80.6578
group_3475	210	0	0.0000	0	0.0000	0	0.0000
group_3477	1101	7486	6.7993	53	99.0092	26	97.1411
group_3479	654	0	0.0000	0	0.0000	0	0.0000
psb27	429	4526	10.5501	33	158.2135	16	153.4191
group_3483	264	5252	19.8939	44	342.7959	22	342.7959
group_3484	513	2678	5.2203	19	76.1769	9	72.1675
group_3485	249	194	0.7791	2	16.5203	1	16.5203
group_3486	315	0	0.0000	0	0.0000	0	0.0000
group_3487	447	801	1.7919	6	27.6077	3	27.6077
group_3490	351	142	0.4046	1	5.8598	0	0.0000
group_3491	366	1558	4.2568	11	61.8156	5	56.1960
group_3492	192	229	1.1927	2	21.4247	1	21.4247
purB	1413	37672	26.6610	265	385.7363	132	384.2807
group_3494	189	0	0.0000	0	0.0000	0	0.0000
group_3496	576	878	1.5243	8	28.5663	4	28.5663
group_3499	411	453	1.1022	3	15.0130	1	10.0086
tauD	918	7106	7.7407	50	112.0248	25	112.0248
group_3504	321	460	1.4330	3	19.2222	1	12.8148
group_3505	534	604	1.1311	4	15.4066	2	15.4066
sfnG	1098	2480	2.2587	17	31.8444	8	29.9712
group_3507	180	0	0.0000	0	0.0000	0	0.0000
group_3511	213	0	0.0000	0	0.0000	0	0.0000
hisG	891	3677	4.1268	27	62.3265	13	60.0181
group_3513	1602	55573	34.6898	379	486.5904	189	485.3065
gdt1	276	1280	4.6377	10	74.5208	5	74.5208
group_3515	261	302	1.1571	2	15.7607	1	15.7607
group_3516	669	3200	4.7833	20	61.4880	10	61.4880
mdh	978	9498	9.7117	69	145.1099	34	143.0069
group_3518	210	151	0.7190	1	9.7942	0	0.0000
group_3519	132	0	0.0000	0	0.0000	0	0.0000
group_3520	759	453	0.5968	3	8.1295	1	5.4197
group_3521	675	604	0.8948	4	12.1883	2	12.1883
group_3523	450	6413	14.2511	46	210.2481	23	210.2481
group_3528	321	1517	4.7259	11	70.4814	5	64.0740
purM	1053	8018	7.6144	62	121.1017	31	121.1017
group_3533	318	1934	6.0818	14	90.5498	7	90.5498
group_3535	471	0	0.0000	0	0.0000	0	0.0000
group_3536	201	151	0.7512	1	10.2327	0	0.0000
group_3538	2745	15413	5.6149	103	77.1759	51	76.4266
chlG	990	29157	29.4515	207	430.0530	103	427.9754
group_3539	150	0	0.0000	0	0.0000	0	0.0000
group_3540	279	1225	4.3907	10	73.7195	5	73.7195
pheT	2436	8217	3.3732	57	48.1265	28	47.2822
group_3543	741	1579	2.1309	10	27.7567	5	27.7567
group_3545	345	4184	12.1275	31	184.8117	15	178.8500
group_3548	354	0	0.0000	0	0.0000	0	0.0000
group_3549	177	0	0.0000	0	0.0000	0	0.0000
arsA	1077	12244	11.3686	85	162.3267	42	160.4170
group_3551	285	528	1.8526	5	36.0838	2	28.8670
cmr4	885	300	0.3390	2	4.6481	1	4.6481
group_3553	228	14631	64.1711	115	1037.4085	57	1028.3876
group_3555	426	401	0.9413	3	14.4843	1	9.6562
menB	834	13513	16.2026	100	246.6157	50	246.6157
group_3560	885	302	0.3412	2	4.6481	1	4.6481
rRM	306	1173	3.8333	13	87.3793	6	80.6578
group_3563	144	0	0.0000	0	0.0000	0	0.0000
group_3566	420	2903	6.9119	23	112.6329	11	107.7358
group_3568	315	445	1.4127	4	26.1178	2	26.1178
group_3569	303	871	2.8746	6	40.7282	3	40.7282
group_3571	204	319	1.5637	4	40.3289	2	40.3289
group_3572	783	2491	3.1814	18	47.2822	9	47.2822
group_3574	1026	1354	1.3197	9	18.0419	4	16.0372
group_3575	207	145	0.7005	1	9.9361	0	0.0000
group_3577	10464	44968	4.2974	306	60.1465	153	60.1465
group_3578	390	7165	18.3718	51	268.9629	25	263.6891
ribA	1287	2235	1.7366	17	27.1680	8	25.5699
caiA	1185	1482	1.2506	10	17.3568	5	17.3568
sfcA	1392	19026	13.6681	134	197.9942	67	197.9942
group_3579	414	3991	9.6401	32	158.9778	16	158.9778
hoxU	717	13153	18.3445	91	261.0412	45	258.1726
group_3580	240	234	0.9750	2	17.1398	1	17.1398
group_3582	441	0	0.0000	0	0.0000	0	0.0000
group_3583	948	602	0.6350	4	8.6784	2	8.6784
group_3584	882	4503	5.1054	30	69.9583	15	69.9583
group_3585	675	4834	7.1615	36	109.6947	18	109.6947
group_3586	726	0	0.0000	0	0.0000	0	0.0000
group_3587	2211	33304	15.0629	229	213.0265	114	212.0962
queF	441	5108	11.5828	37	172.5639	18	167.9000
group_3588	186	151	0.8118	1	11.0579	0	0.0000
group_3589	1260	1096	0.8698	8	13.0589	4	13.0589
group_3590	561	302	0.5383	2	7.3325	1	7.3325
group_3591	336	1222	3.6369	10	61.2135	5	61.2135
group_3594	2799	1963	0.7013	13	9.5527	6	8.8179
group_3595	2646	1780	0.6727	12	9.3278	6	9.3278
group_3596	672	2783	4.1414	19	58.1529	9	55.0922
yqeG	606	1967	3.2459	14	47.5163	7	47.5163
group_3604	165	0	0.0000	0	0.0000	0	0.0000
group_3606	330	543	1.6455	5	31.1633	2	24.9306
group_3609	231	0	0.0000	0	0.0000	0	0.0000
group_3610	381	14834	38.9344	104	561.4294	52	561.4294
ypuF	435	1304	2.9977	10	47.2822	5	47.2822
group_3612	300	918	3.0600	7	47.9914	3	41.1355
group_3615	459	1601	3.4880	11	49.2909	5	44.8099
group_3616	834	810	0.9712	6	14.7969	3	14.7969
group_3619	10080	6139	0.6090	41	8.3659	20	8.1618
hypC	264	918	3.4773	8	62.3265	4	62.3265
group_3620	225	599	2.6622	7	63.9886	3	54.8473
group_3622	309	151	0.4887	1	6.6562	0	0.0000
group_3623	621	755	1.2158	5	16.5602	2	13.2481
group_3624	1167	0	0.0000	0	0.0000	0	0.0000
group_3626	279	446	1.5986	3	22.1159	1	14.7439
group_3627	348	3577	10.2787	27	159.5774	13	153.6671
group_3629	777	151	0.1943	1	2.6471	0	0.0000
group_3630	351	245	0.6980	2	11.7195	1	11.7195
group_3632	429	604	1.4079	4	19.1774	2	19.1774
group_3634	270	2474	9.1630	19	144.7360	9	137.1183
group_3637	153	0	0.0000	0	0.0000	0	0.0000
group_3639	291	1481	5.0893	11	77.7475	5	70.6796
group_3641	306	462	1.5098	4	26.8859	2	26.8859
group_3642	264	4185	15.8523	33	257.0969	16	249.3061
group_3643	144	0	0.0000	0	0.0000	0	0.0000
group_3644	1242	0	0.0000	0	0.0000	0	0.0000
group_3645	126	0	0.0000	0	0.0000	0	0.0000
group_3647	903	252	0.2791	2	4.5554	1	4.5554
group_3648	1749	0	0.0000	0	0.0000	0	0.0000
group_3649	408	6661	16.3260	49	247.0147	24	241.9735
group_3650	318	4253	13.3742	33	213.4389	16	206.9711
group_3652	285	300	1.0526	2	14.4335	1	14.4335
group_3653	393	3452	8.7837	28	146.5387	14	146.5387
group_3654	2388	8511	3.5641	57	49.0939	28	48.2326
group_3655	522	0	0.0000	0	0.0000	0	0.0000
group_3657	234	1286	5.4957	10	87.8964	5	87.8964
group_3659	351	949	2.7037	7	41.0183	3	35.1585
group_3660	168	0	0.0000	0	0.0000	0	0.0000
group_3661	642	466	0.7259	4	12.8148	2	12.8148
group_3662	495	2133	4.3091	15	62.3265	7	58.1714
group_3665	423	0	0.0000	0	0.0000	0	0.0000
group_3666	162	0	0.0000	0	0.0000	0	0.0000
group_3667	1059	642	0.6062	6	11.6531	3	11.6531
group_3670	213	359	1.6854	4	38.6249	2	38.6249
group_3671	225	1491	6.6267	13	118.8359	6	109.6947
group_3672	261	151	0.5785	1	7.8804	0	0.0000
group_3673	318	702	2.2075	5	32.3392	2	25.8714
group_3674	207	4021	19.4251	33	327.8917	16	317.9556
group_3675	417	302	0.7242	2	9.8646	1	9.8646
group_3676	768	0	0.0000	0	0.0000	0	0.0000
group_3677	528	2437	4.6155	17	66.2219	8	62.3265
group_3679	420	152	0.3619	1	4.8971	0	0.0000
group_3680	150	120	0.8000	2	27.4237	1	27.4237
group_3681	801	3882	4.8464	30	77.0328	15	77.0328
group_3682	780	755	0.9679	5	13.1845	2	10.5476
group_3683	231	1961	8.4892	17	151.3644	8	142.4606
group_3684	360	807	2.2417	7	39.9929	3	34.2796
group_3687	393	1085	2.7608	9	47.1017	4	41.8682
group_3690	234	606	2.5897	4	35.1585	2	35.1585
pyrG	1641	23311	14.2054	164	205.5522	82	205.5522
group_3691	420	302	0.7190	2	9.7942	1	9.7942
group_3692	996	302	0.3032	2	4.1301	1	4.1301
group_3697	297	1447	4.8721	10	69.2517	5	69.2517
group_3698	195	752	3.8564	6	63.2854	3	63.2854
group_3699	138	0	0.0000	0	0.0000	0	0.0000
group_3701	219	4250	19.4064	36	338.1000	18	338.1000
group_3702	2430	10612	4.3671	79	66.8664	39	66.0199
group_3703	414	16356	39.5072	122	606.1028	61	606.1028
group_3705	294	727	2.4728	5	34.9792	2	27.9833
group_3706	903	1321	1.4629	9	20.4994	4	18.2217
group_3707	186	96	0.5161	2	22.1159	1	22.1159
group_3708	360	261	0.7250	2	11.4265	1	11.4265
group_3709	291	237	0.8144	3	21.2039	1	14.1359
group_3712	444	579	1.3041	4	18.5295	2	18.5295
group_3713	288	1637	5.6840	12	85.6990	6	85.6990
group_3714	1482	58068	39.1822	399	553.7472	199	552.3593
group_3716	1812	1175	0.6485	8	9.0807	4	9.0807
group_3718	462	361	0.7814	3	13.3557	1	8.9038
group_3719	342	0	0.0000	0	0.0000	0	0.0000
vagC	240	849	3.5375	6	51.4194	3	51.4194
group_3721	150	0	0.0000	0	0.0000	0	0.0000
group_3725	426	0	0.0000	0	0.0000	0	0.0000
group_3726	342	166	0.4854	2	12.0279	1	12.0279
group_3727	249	184	0.7390	2	16.5203	1	16.5203
group_3728	330	302	0.9152	2	12.4653	1	12.4653
group_3729	139	0	0.0000	0	0.0000	0	0.0000
group_3732	192	321	1.6719	4	42.8495	2	42.8495
group_3735	897	549	0.6120	4	9.1718	2	9.1718
group_3734	531	956	1.8004	7	27.1138	3	23.2404
group_3737	258	0	0.0000	0	0.0000	0	0.0000
gloA	363	374	1.0303	3	16.9981	1	11.3321
ddpA	1758	5357	3.0472	38	44.4582	19	44.4582
group_3738	867	501	0.5779	4	9.4892	2	9.4892
group_3739	1188	302	0.2542	2	3.4626	1	3.4626
group_3742	1209	0	0.0000	0	0.0000	0	0.0000
group_3747	720	1312	1.8222	10	28.5663	5	28.5663
group_3748	153	0	0.0000	0	0.0000	0	0.0000
group_3749	1704	326	0.1913	2	2.4141	1	2.4141
phaC	1095	7914	7.2274	55	103.3083	27	101.4300
group_3750	930	0	0.0000	0	0.0000	0	0.0000
group_3752	270	682	2.5259	5	38.0884	2	30.4707
entF	3288	10770	3.2755	73	45.6644	36	45.0389
group_3753	489	447	0.9141	3	12.6183	1	8.4122
group_3754	534	2589	4.8483	18	69.3295	9	69.3295
group_3755	2934	11950	4.0729	82	57.4831	41	57.4831
group_3756	1695	902	0.5322	6	7.2806	3	7.2806
group_3757	1593	151	0.0948	1	1.2911	0	0.0000
group_3758	633	0	0.0000	0	0.0000	0	0.0000
group_3759	558	4063	7.2814	28	103.2074	14	103.2074
fadH	1104	10056	9.1087	69	128.5484	34	126.6854
group_3761	159	0	0.0000	0	0.0000	0	0.0000
ssuD	1173	1813	1.5456	13	22.7946	6	21.0412
group_3763	267	1824	6.8315	14	107.8459	7	107.8459
sfp	663	4216	6.3590	31	96.1690	15	93.0667
clpS	294	1017	3.4592	8	55.9667	4	55.9667
tuf	1230	90673	73.7179	697	1165.5059	348	1163.8337
group_3769	285	890	3.1228	6	43.3005	3	43.3005
tauC	774	2769	3.5775	20	53.1466	10	53.1466
tauB	783	4964	6.3397	35	91.9376	17	89.3108
group_3771	1065	2209	2.0742	15	28.9687	7	27.0374
group_3773	1041	6755	6.4890	45	88.9096	22	86.9338
group_3775	1146	755	0.6588	5	8.9737	2	7.1790
group_3776	1128	1465	1.2988	10	18.2338	5	18.2338
group_3778	567	3985	7.0282	29	105.1966	14	101.5691
group_3780	945	302	0.3196	2	4.3530	1	4.3530
tktA	1902	24587	12.9269	167	180.5896	83	179.5082
clpB	2625	75734	28.8510	520	407.4374	260	407.4374
group_3782	246	0	0.0000	0	0.0000	0	0.0000
group_3789	540	2494	4.6185	17	64.7503	8	60.9415
group_3792	984	2047	2.0803	14	29.2631	7	29.2631
group_3794	1077	2188	2.0316	15	28.6459	7	26.7362
group_3795	1908	22079	11.5718	148	159.5402	74	159.5402
group_3796	372	0	0.0000	0	0.0000	0	0.0000
group_3797	5445	24633	4.5240	171	64.5929	85	64.2152
group_3798	1476	0	0.0000	0	0.0000	0	0.0000
group_3799	939	2171	2.3120	16	35.0462	8	35.0462
higB~~~higA	552	1884	3.4130	15	55.8906	7	52.1646
group_3801	261	1663	6.3716	14	110.3251	7	110.3251
group_3804	126	0	0.0000	0	0.0000	0	0.0000
group_3805	1107	151	0.1364	1	1.8580	0	0.0000
group_3807	309	1782	5.7670	12	79.8748	6	79.8748
group_3809	483	1473	3.0497	10	42.5833	5	42.5833
ydiL	858	6217	7.2459	43	103.0785	21	100.6813
group_3810	672	2729	4.0610	19	58.1529	9	55.0922
group_3812	516	151	0.2926	1	3.9860	0	0.0000
group_3813	609	1300	2.1346	10	33.7730	5	33.7730
group_3814	331	7138	21.5650	53	329.3326	26	323.1188
group_3817	303	151	0.4983	1	6.7880	0	0.0000
group_3818	234	1532	6.5470	12	105.4756	6	105.4756
group_3819	834	20655	24.7662	158	389.6528	79	389.6528
group_3820	261	299	1.1456	2	15.7607	1	15.7607
group_3822	657	731	1.1126	5	15.6528	2	12.5222
group_3823	288	0	0.0000	0	0.0000	0	0.0000
group_3824	174	225	1.2931	2	23.6411	1	23.6411
group_3830	6408	7554	1.1788	54	17.3324	27	17.3324
group_3831	2076	18964	9.1349	128	126.8147	64	126.8147
group_3833	909	734	0.8075	5	11.3134	2	9.0507
group_3834	255	1456	5.7098	12	96.7894	6	96.7894
cpcD	255	865	3.3922	7	56.4605	3	48.3947
group_3836	375	1105	2.9467	8	43.8779	4	43.8779
group_3838	255	1646	6.4549	12	96.7894	6	96.7894
group_3839	960	8326	8.6729	60	128.5484	30	128.5484
aspB	1167	10694	9.1637	77	135.7084	38	133.9459
group_3840	876	4510	5.1484	32	75.1333	16	75.1333
group_3845	270	0	0.0000	0	0.0000	0	0.0000
group_3847	273	393	1.4396	3	22.6019	1	15.0679
group_3850	423	647	1.5296	4	19.4494	2	19.4494
group_3853	375	804	2.1440	7	38.3931	3	32.9084
group_3854	630	3102	4.9238	23	75.0886	11	71.8239
group_3855	303	1014	3.3465	7	47.5163	3	40.7282
group_3856	468	1454	3.1068	11	48.3430	5	43.9482
group_3863	1146	5180	4.5201	37	66.4055	18	64.6107
mngB	3036	20135	6.6321	139	94.1672	69	93.4898
group_3869	435	1359	3.1241	9	42.5540	4	37.8257
group_3874	2826	6680	2.3638	45	32.7512	22	32.0234
group_3875	1989	600	0.3017	4	4.1363	2	4.1363
group_3877	303	0	0.0000	0	0.0000	0	0.0000
group_3880	1530	302	0.1974	2	2.6886	1	2.6886
group_3882	345	1159	3.3594	12	71.5400	6	71.5400
group_3884	534	0	0.0000	0	0.0000	0	0.0000
group_3886	255	805	3.1569	6	48.3947	3	48.3947
group_3888	1614	0	0.0000	0	0.0000	0	0.0000
group_3891	7722	302	0.0391	2	0.5327	1	0.5327
group_3894	222	204	0.9189	2	18.5295	1	18.5295
group_3895	1578	2090	1.3245	15	19.5511	7	18.2477
group_3898	354	9918	28.0169	71	412.5170	35	406.7069
group_3899	201	0	0.0000	0	0.0000	0	0.0000
group_3902	378	0	0.0000	0	0.0000	0	0.0000
groL	1722	26538	15.4111	186	222.1604	93	222.1604
group_3909	627	6014	9.5917	41	134.4941	20	131.2137
group_3912	429	0	0.0000	0	0.0000	0	0.0000
group_3913	609	4667	7.6634	32	108.0736	16	108.0736
yqgC	657	3974	6.0487	27	84.5250	13	81.3945
group_3917	726	0	0.0000	0	0.0000	0	0.0000
group_3926	225	0	0.0000	0	0.0000	0	0.0000
group_3927	414	3940	9.5169	28	139.1056	14	139.1056
group_3928	270	0	0.0000	0	0.0000	0	0.0000
group_3929	246	0	0.0000	0	0.0000	0	0.0000
group_19148	1257	4829	3.8417	32	52.3602	16	52.3602
group_3932	621	249	0.4010	2	6.6241	1	6.6241
group_3936	417	302	0.7242	2	9.8646	1	9.8646
group_3937	294	0	0.0000	0	0.0000	0	0.0000
group_3939	300	0	0.0000	0	0.0000	0	0.0000
group_3940	423	1959	4.6312	14	68.0729	7	68.0729
group_3942	747	0	0.0000	0	0.0000	0	0.0000
group_3945	1413	4070	2.8804	29	42.2127	14	40.7570
group_3947	339	1852	5.4631	15	91.0077	7	84.9406
dICT	1605	11652	7.2598	81	103.7999	40	102.5184
group_3948	1086	7164	6.5967	49	92.8011	24	90.9072
group_3950	858	0	0.0000	0	0.0000	0	0.0000
group_3953	2802	1868	0.6667	13	9.5425	6	8.8085
group_3955	174	0	0.0000	0	0.0000	0	0.0000
rsmA	807	4324	5.3581	31	79.0087	15	76.4600
group_3956	543	1162	2.1400	9	34.0902	4	30.3024
group_3957	1059	2392	2.2587	16	31.0750	8	31.0750
group_3959	525	580	1.1048	4	15.6707	2	15.6707
btpA	912	8570	9.3969	58	130.8037	29	130.8037
group_3960	147	0	0.0000	0	0.0000	0	0.0000
group_3962	192	142	0.7396	1	10.7124	0	0.0000
group_3963	273	1104	4.0440	8	60.2718	4	60.2718
group_3965	207	401	1.9372	3	29.8083	1	19.8722
group_3968	360	1005	2.7917	8	45.7061	4	45.7061
group_3974	771	2706	3.5097	20	53.3534	10	53.3534
group_3975	504	7411	14.7044	51	208.1261	25	204.0452
group_3976	738	1687	2.2859	12	33.4435	6	33.4435
group_3978	162	194	1.1975	2	25.3923	1	25.3923
group_3979	717	302	0.4212	2	5.7372	1	5.7372
group_3982	543	527	0.9705	4	15.1512	2	15.1512
group_3984	153	175	1.1438	2	26.8859	1	26.8859
group_3986	1086	3625	3.3379	26	49.2414	13	49.2414
group_3987	813	11757	14.4613	78	197.3290	39	197.3290
group_3989	366	3374	9.2186	24	134.8705	12	134.8705
group_3990	111	0	0.0000	0	0.0000	0	0.0000
group_3993	627	4715	7.5199	34	111.5317	17	111.5317
group_3996	438	636	1.4521	5	23.4792	2	18.7833
fN3K	861	7259	8.4309	51	121.8299	25	119.4411
group_3997	1347	12453	9.2450	90	137.4237	45	137.4237
group_3998	213	614	2.8826	5	48.2811	2	38.6249
group_3999	231	549	2.3766	5	44.5189	2	35.6152
group_4000	1227	3743	3.0505	25	41.9066	12	40.2303
group_4003	198	251	1.2677	2	20.7755	1	20.7755
group_4005	702	0	0.0000	0	0.0000	0	0.0000
fldA	513	2111	4.1150	15	60.1396	7	56.1303
group_4006	312	294	0.9423	2	13.1845	1	13.1845
group_4010	660	1082	1.6394	8	24.9306	4	24.9306
group_4011	798	755	0.9461	5	12.8871	2	10.3096
group_4017	222	0	0.0000	0	0.0000	0	0.0000
group_4019	711	0	0.0000	0	0.0000	0	0.0000
group_4023	150	0	0.0000	0	0.0000	0	0.0000
group_4024	165	0	0.0000	0	0.0000	0	0.0000
group_19115	1053	0	0.0000	0	0.0000	0	0.0000
group_19116	261	0	0.0000	0	0.0000	0	0.0000
group_4027	237	301	1.2700	2	17.3568	1	17.3568
group_4028	990	453	0.4576	3	6.2327	1	4.1551
group_4031	261	0	0.0000	0	0.0000	0	0.0000
group_4033	381	2038	5.3491	16	86.3738	8	86.3738
group_4035	945	1647	1.7429	11	23.9413	5	21.7648
group_4038	9771	88502	9.0576	650	136.8236	325	136.8236
group_4040	2604	283	0.1087	2	1.5797	1	1.5797
group_4041	195	0	0.0000	0	0.0000	0	0.0000
group_4042	2865	13060	4.5585	89	63.8928	44	63.1749
group_4043	1227	604	0.4923	4	6.7051	2	6.7051
group_4044	378	3786	10.0159	26	141.4713	13	141.4713
group_14764	555	190	0.3423	2	7.4118	1	7.4118
group_14765	558	900	1.6129	6	22.1159	3	22.1159
group_4045	189	328	1.7354	2	21.7648	1	21.7648
group_4046	489	194	0.3967	2	8.4122	1	8.4122
group_4048	420	645	1.5357	6	29.3825	3	29.3825
group_4049	255	227	0.8902	2	16.1316	1	16.1316
group_4057	3975	2872	0.7225	19	9.8311	9	9.3137
stbD	264	533	2.0189	4	31.1633	2	31.1633
group_4059	291	916	3.1478	7	49.4757	3	42.4077
group_4061	960	3101	3.2302	22	47.1344	11	47.1344
group_4063	750	741	0.9880	5	13.7118	2	10.9695
group_4065	123	0	0.0000	0	0.0000	0	0.0000
group_4067	1827	1006	0.5506	8	9.0061	4	9.0061
group_4068	1332	0	0.0000	0	0.0000	0	0.0000
group_4069	807	8944	11.0830	65	165.6634	32	163.1148
group_4070	792	562	0.7096	4	10.3878	2	10.3878
group_4071	330	369	1.1182	3	18.6980	1	12.4653
group_4074	252	0	0.0000	0	0.0000	0	0.0000
group_4076	231	151	0.6537	1	8.9038	0	0.0000
group_4077	1113	37203	33.4259	260	480.4686	130	480.4686
group_15301	1326	755	0.5694	5	7.7556	2	6.2044
comEB	579	2791	4.8204	21	74.5981	10	71.0458
group_4080	1335	277	0.2075	2	3.0813	1	3.0813
group_4081	1260	1356	1.0762	10	16.3236	5	16.3236
group_4082	1200	842	0.7017	6	10.2839	3	10.2839
secY	1320	9814	7.4348	80	124.6530	40	124.6530
group_4086	4278	302	0.0706	2	0.9616	1	0.9616
group_4088	153	279	1.8235	2	26.8859	1	26.8859
group_4090	276	870	3.1522	7	52.1646	3	44.7125
group_4092	342	0	0.0000	0	0.0000	0	0.0000
group_4094	936	4613	4.9284	33	72.5145	16	70.3171
hemL	1245	31772	25.5197	223	368.4023	111	366.7503
group_4098	2298	2914	1.2681	20	17.9006	10	17.9006
group_4100	1047	4351	4.1557	30	58.9334	15	58.9334
group_4101	459	2373	5.1699	16	71.6959	8	71.6959
group_16602	1059	755	0.7129	5	9.7109	2	7.7687
group_16603	690	363	0.5261	3	8.9425	1	5.9617
group_4106	873	969	1.1100	7	16.4919	3	14.1359
group_4107	282	1026	3.6383	8	58.3482	4	58.3482
group_4110	240	820	3.4167	6	51.4194	3	51.4194
group_4111	291	222	0.7629	2	14.1359	1	14.1359
group_4113	399	2481	6.2180	21	108.2513	10	103.0965
group_4117	426	0	0.0000	0	0.0000	0	0.0000
dndE	426	2937	6.8944	21	101.3903	10	96.5622
group_4118	783	1342	1.7139	9	23.6411	4	21.0143
group_4125	855	262	0.3064	2	4.8112	1	4.8112
group_4126	1359	33091	24.3495	228	345.0660	114	345.0660
group_4128	261	510	1.9540	4	31.5215	2	31.5215
group_4131	1254	1510	1.2041	10	16.4017	5	16.4017
group_4132	411	0	0.0000	0	0.0000	0	0.0000
group_4134	999	1802	1.8038	12	24.7060	6	24.7060
group_4136	357	367	1.0280	4	23.0451	2	23.0451
group_4140	279	955	3.4229	8	58.9756	4	58.9756
group_4142	768	1225	1.5951	9	24.1028	4	21.4247
group_4143	147	0	0.0000	0	0.0000	0	0.0000
group_4144	1092	2265	2.0742	15	28.2524	7	26.3689
group_4145	3195	1208	0.3781	8	5.1500	4	5.1500
group_4149	4977	1420	0.2853	12	4.9591	6	4.9591
group_4150	210	0	0.0000	0	0.0000	0	0.0000
group_4153	1113	4150	3.7287	29	53.5907	14	51.7428
group_4154	507	2061	4.0651	14	56.7946	7	56.7946
group_4156	1068	512	0.4794	4	7.7033	2	7.7033
group_4157	396	623	1.5732	5	25.9694	2	20.7755
yobN	1386	11195	8.0772	83	123.1691	41	121.6851
group_4160	552	673	1.2192	5	18.6302	2	14.9042
group_4161	252	0	0.0000	0	0.0000	0	0.0000
group_4162	219	0	0.0000	0	0.0000	0	0.0000
group_4163	618	680	1.1003	5	16.6406	2	13.3125
group_4164	198	0	0.0000	0	0.0000	0	0.0000
group_4165	993	254	0.2558	2	4.1425	1	4.1425
group_4166	399	0	0.0000	0	0.0000	0	0.0000
group_4168	969	302	0.3117	2	4.2451	1	4.2451
group_4172	288	1350	4.6875	10	71.4158	5	71.4158
group_4173	264	938	3.5530	7	54.5357	3	46.7449
group_4177	387	714	1.8450	5	26.5733	2	21.2587
group_4178	456	2182	4.7851	15	67.6571	7	63.1466
group_4184	507	1646	3.2465	11	44.6243	5	40.5676
group_4185	1539	0	0.0000	0	0.0000	0	0.0000
group_4186	273	451	1.6520	4	30.1359	2	30.1359
group_4187	213	651	3.0563	6	57.9373	3	57.9373
group_4189	204	0	0.0000	0	0.0000	0	0.0000
group_4192	342	744	2.1754	5	30.0698	2	24.0558
group_4196	285	1682	5.9018	14	101.0346	7	101.0346
group_4199	1500	20620	13.7467	136	186.4809	68	186.4809
group_4201	198	572	2.8889	4	41.5510	2	41.5510
group_4202	246	151	0.6138	1	8.3609	0	0.0000
group_4205	618	1050	1.6990	7	23.2968	3	19.9687
group_4212	198	0	0.0000	0	0.0000	0	0.0000
group_4215	240	1101	4.5875	8	68.5592	4	68.5592
group_4216	300	302	1.0067	2	13.7118	1	13.7118
group_4217	321	605	1.8847	4	25.6296	2	25.6296
group_4223	1257	3179	2.5290	22	35.9977	11	35.9977
group_4225	876	0	0.0000	0	0.0000	0	0.0000
group_4226	672	0	0.0000	0	0.0000	0	0.0000
group_4230	576	906	1.5729	6	21.4247	3	21.4247
group_4233	1557	118	0.0758	2	2.6420	1	2.6420
dapA	903	9496	10.5161	68	154.8845	34	154.8845
group_4235	111	0	0.0000	0	0.0000	0	0.0000
group_4237	405	2505	6.1852	18	91.4122	9	91.4122
group_4239	453	0	0.0000	0	0.0000	0	0.0000
group_4240	489	1947	3.9816	14	58.8852	7	58.8852
csx18	279	151	0.5412	1	7.3720	0	0.0000
group_17170	822	0	0.0000	0	0.0000	0	0.0000
group_4243	1410	301	0.2135	2	2.9174	1	2.9174
group_4245	267	403	1.5094	3	23.1098	1	15.4066
group_4246	579	1597	2.7582	8	28.4183	4	28.4183
group_4248	609	0	0.0000	0	0.0000	0	0.0000
group_4250	207	0	0.0000	0	0.0000	0	0.0000
group_4251	1641	893	0.5442	6	7.5202	3	7.5202
group_4252	1389	604	0.4348	4	5.9230	2	5.9230
group_4253	1440	0	0.0000	0	0.0000	0	0.0000
group_4255	801	4343	5.4220	30	77.0328	15	77.0328
group_4257	1056	4627	4.3816	32	62.3265	16	62.3265
group_4259	696	151	0.2170	1	2.9551	0	0.0000
group_4260	285	431	1.5123	3	21.6503	1	14.4335
ruvA	630	4093	6.4968	28	91.4122	14	91.4122
group_4272	1044	2512	2.4061	17	33.4915	8	31.5215
group_4269	474	0	0.0000	0	0.0000	0	0.0000
group_4270	399	564	1.4135	4	20.6193	2	20.6193
group_4271	330	0	0.0000	0	0.0000	0	0.0000
group_4275	717	0	0.0000	0	0.0000	0	0.0000
group_4278	1497	3913	2.6139	27	37.0961	13	35.7222
group_4279	504	0	0.0000	0	0.0000	0	0.0000
group_4281	201	345	1.7164	3	30.6981	1	20.4654
group_4282	1893	604	0.3191	4	4.3461	2	4.3461
group_4283	1866	3107	1.6651	21	23.1470	10	22.0447
group_4284	429	1755	4.0909	12	57.5322	6	57.5322
group_4286	798	565	0.7080	4	10.3096	2	10.3096
group_4287	1551	3020	1.9471	20	26.5219	10	26.5219
group_4288	1317	3618	2.7472	27	42.1662	13	40.6045
group_4292	522	0	0.0000	0	0.0000	0	0.0000
group_4302	315	923	2.9302	9	58.7650	4	52.2356
group_4303	258	864	3.3488	8	63.7760	4	63.7760
group_4304	174	193	1.1092	2	23.6411	1	23.6411
group_4307	288	0	0.0000	0	0.0000	0	0.0000
group_4308	1179	11389	9.6599	80	139.5607	40	139.5607
group_4313	759	4387	5.7800	31	84.0053	15	81.2955
group_4317	900	6091	6.7678	42	95.9828	21	95.9828
group_4319	354	0	0.0000	0	0.0000	0	0.0000
group_4320	1212	832	0.6865	6	10.1821	3	10.1821
group_4323	744	0	0.0000	0	0.0000	0	0.0000
group_4324	885	456	0.5153	3	6.9721	1	4.6481
group_4326	930	5486	5.8989	37	81.8287	18	79.6171
group_4328	432	883	2.0440	6	28.5663	3	28.5663
group_4329	474	130	0.2743	2	8.6784	1	8.6784
group_4331	291	0	0.0000	0	0.0000	0	0.0000
group_4334	201	440	2.1891	4	40.9308	2	40.9308
group_4338	192	0	0.0000	0	0.0000	0	0.0000
group_4341	2682	1354	0.5048	10	7.6688	5	7.6688
group_4349	564	0	0.0000	0	0.0000	0	0.0000
group_4350	1548	906	0.5853	6	7.9720	3	7.9720
group_4358	276	0	0.0000	0	0.0000	0	0.0000
group_4361	375	1277	3.4053	11	60.3321	5	54.8473
group_4362	3354	408	0.1216	4	2.4529	2	2.4529
group_4364	1176	0	0.0000	0	0.0000	0	0.0000
group_4366	471	0	0.0000	0	0.0000	0	0.0000
group_4368	1119	151	0.1349	1	1.8380	0	0.0000
group_4369	495	1636	3.3051	12	49.8612	6	49.8612
group_4371	693	302	0.4358	2	5.9359	1	5.9359
group_4372	1656	2568	1.5507	18	22.3563	9	22.3563
group_4373	1764	3771	2.1378	25	29.1493	12	27.9833
group_4375	417	0	0.0000	0	0.0000	0	0.0000
group_4377	429	0	0.0000	0	0.0000	0	0.0000
group_4378	219	1119	5.1096	9	84.5250	4	75.1333
comEA	723	5240	7.2476	36	102.4120	18	102.4120
ygcG	684	4474	6.5409	32	96.2234	16	96.2234
group_4380	612	0	0.0000	0	0.0000	0	0.0000
ispD	750	5209	6.9453	37	101.4676	18	98.7252
group_4381	684	6563	9.5950	44	132.3072	22	132.3072
group_4382	198	0	0.0000	0	0.0000	0	0.0000
group_4383	741	4321	5.8313	26	72.1675	13	72.1675
group_4386	154	0	0.0000	0	0.0000	0	0.0000
group_4387	717	4001	5.5802	29	83.1890	14	80.3204
group_4388	240	1036	4.3167	8	68.5592	4	68.5592
group_4391	201	0	0.0000	0	0.0000	0	0.0000
group_4392	672	2281	3.3943	16	48.9708	8	48.9708
group_4393	606	3969	6.5495	27	91.6385	13	88.2445
eRG9	810	7503	9.2630	55	139.6576	27	137.1183
group_4394	195	0	0.0000	0	0.0000	0	0.0000
group_4396	753	351	0.4661	3	8.1943	1	5.4629
sir	1938	20293	10.4711	142	150.7028	71	150.7028
group_4399	660	4924	7.4606	36	112.1877	18	112.1877
group_4400	660	3407	5.1621	26	81.0245	13	81.0245
group_4401	672	2685	3.9955	18	55.0922	9	55.0922
group_4405	258	1473	5.7093	11	87.6920	5	79.7200
rpoE	657	8782	13.3668	63	197.2250	31	194.0945
group_4406	432	1179	2.7292	7	33.3274	3	28.5663
group_4409	678	1568	2.3127	11	33.3695	5	30.3359
group_4410	660	4838	7.3303	33	102.8388	16	99.7224
group_4411	267	723	2.7079	6	46.2197	3	46.2197
group_19144	651	0	0.0000	0	0.0000	0	0.0000
group_4412	375	1172	3.1253	8	43.8779	4	43.8779
group_4413	882	2133	2.4184	17	39.6431	8	37.3111
group_4415	666	863	1.2958	6	18.5295	3	18.5295
group_4417	336	0	0.0000	0	0.0000	0	0.0000
group_4418	654	0	0.0000	0	0.0000	0	0.0000
birA2	909	2652	2.9175	18	40.7282	9	40.7282
group_4419	645	5346	8.2884	38	121.1743	19	121.1743
group_4420	624	4029	6.4567	28	92.2912	14	92.2912
group_4422	486	3833	7.8868	27	114.2653	13	110.0332
group_4423	669	4773	7.1345	34	104.5297	17	104.5297
group_4424	693	4637	6.6912	33	97.9417	16	94.9737
trpF	711	5414	7.6146	40	115.7117	20	115.7117
group_4425	363	1731	4.7686	13	73.6586	6	67.9926
tolQ	639	3826	5.9875	27	86.9060	13	83.6873
group_4427	594	1878	3.1616	13	45.0136	6	41.5510
cobH	639	5562	8.7042	39	125.5309	19	122.3121
group_4428	336	0	0.0000	0	0.0000	0	0.0000
group_4430	882	5288	5.9955	37	86.2820	18	83.9500
group_4431	801	5632	7.0312	39	100.1426	19	97.5749
tsaC	588	2799	4.7602	20	69.9583	10	69.9583
group_4435	396	1952	4.9293	16	83.1020	8	83.1020
cyoC	624	4766	7.6378	35	115.3640	17	112.0679
group_4437	1977	1208	0.6110	8	8.3228	4	8.3228
group_4438	636	361	0.5676	3	9.7018	1	6.4678
group_4439	306	605	1.9771	5	33.6074	2	26.8859
nusG	618	4666	7.5502	33	109.8278	16	106.4997
rplA	717	4678	6.5244	32	91.7947	16	91.7947
tAP	807	10623	13.1636	74	188.6014	37	188.6014
group_4443	330	444	1.3455	3	18.6980	1	12.4653
group_4444	210	151	0.7190	1	9.7942	0	0.0000
group_4445	165	0	0.0000	0	0.0000	0	0.0000
group_4446	909	0	0.0000	0	0.0000	0	0.0000
group_4448	576	248	0.4306	2	7.1416	1	7.1416
group_4452	657	3086	4.6971	22	68.8722	11	68.8722
group_4451	765	4389	5.7373	31	83.3464	15	80.6578
group_4459	1296	4135	3.1906	28	44.4365	14	44.4365
group_4460	255	792	3.1059	6	48.3947	3	48.3947
group_4462	225	143	0.6356	1	9.1412	0	0.0000
group_4466	363	1859	5.1212	15	84.9907	7	79.3247
group_4467	426	0	0.0000	0	0.0000	0	0.0000
group_4468	591	3064	5.1844	21	73.0834	10	69.6032
group_4472	123	0	0.0000	0	0.0000	0	0.0000
group_4474	1212	307	0.2533	3	5.0910	1	3.3940
group_4476	597	917	1.5360	7	24.1163	3	20.6711
group_4477	627	2479	3.9537	18	59.0462	9	59.0462
group_4480	585	154	0.2632	2	7.0317	1	7.0317
group_4482	432	317	0.7338	3	14.2832	1	9.5221
group_4483	588	3481	5.9201	24	83.9500	12	83.9500
gcvH	396	3460	8.7374	26	135.0408	13	135.0408
group_4484	576	1281	2.2240	11	39.2787	5	35.7079
def	576	5473	9.5017	39	139.2608	19	135.6900
group_4485	1185	1119	0.9443	8	13.8854	4	13.8854
group_4486	453	0	0.0000	0	0.0000	0	0.0000
group_4490	171	0	0.0000	0	0.0000	0	0.0000
group_4491	591	9356	15.8308	65	226.2105	32	222.7303
group_4494	321	814	2.5358	7	44.8518	3	38.4444
group_4495	567	4546	8.0176	32	116.0790	16	116.0790
group_4496	657	0	0.0000	0	0.0000	0	0.0000
efp	558	7578	13.5806	56	206.4147	28	206.4147
group_4497	114	0	0.0000	0	0.0000	0	0.0000
group_4498	528	3860	7.3106	27	105.1760	13	101.2806
group_4499	243	230	0.9465	2	16.9282	1	16.9282
group_4500	276	288	1.0435	2	14.9042	1	14.9042
group_4502	192	0	0.0000	0	0.0000	0	0.0000
group_4503	213	289	1.3568	2	19.3124	1	19.3124
group_4504	419	3253	7.7637	23	112.9017	11	107.9930
group_4507	375	151	0.4027	1	5.4847	0	0.0000
labA	552	19977	36.1902	139	517.9198	69	514.1938
group_4508	1224	4695	3.8358	34	57.1326	17	57.1326
rsbW	444	2812	6.3333	21	97.2799	10	92.6475
group_4509	465	0	0.0000	0	0.0000	0	0.0000
group_4511	582	2734	4.6976	19	67.1456	9	63.6116
frr	549	3175	5.7832	23	86.1673	11	82.4209
atpH	549	3640	6.6302	26	97.4065	13	97.4065
motB	777	4953	6.3745	32	84.7063	16	84.7063
group_4516	408	6344	15.5490	45	226.8502	22	221.8091
group_4518	861	604	0.7015	4	9.5553	2	9.5553
ssuE	543	0	0.0000	0	0.0000	0	0.0000
mutT	546	6516	11.9341	45	169.5144	22	165.7474
group_4519	549	302	0.5501	2	7.4928	1	7.4928
group_4520	2856	1750	0.6127	14	10.0822	7	10.0822
group_4521	549	4526	8.2441	33	123.6313	16	119.8849
group_4522	264	1440	5.4545	10	77.9081	5	77.9081
group_4523	1239	11310	9.1283	77	127.8222	38	126.1622
group_4524	666	6752	10.1381	47	145.1478	23	142.0595
fHA	2253	6188	2.7466	45	41.0807	22	40.1678
ripB	528	453	0.8580	3	11.6862	1	7.7908
group_14743	1026	151	0.1472	1	2.0047	0	0.0000
group_4535	570	151	0.2649	1	3.6084	0	0.0000
yhbS	516	5910	11.4535	43	171.3979	21	167.4119
rpoB	3471	152733	44.0026	1063	629.8911	531	629.2985
nrdR	516	2220	4.3023	17	67.7620	8	63.7760
rplL	396	6002	15.1566	46	238.9183	23	238.9183
ygiM	522	3072	5.8851	21	82.7438	10	78.8036
group_4537	531	2554	4.8098	20	77.4680	10	77.4680
ycf36	513	2204	4.2963	16	64.1489	8	64.1489
group_4540	771	0	0.0000	0	0.0000	0	0.0000
group_4541	504	264	0.5238	2	8.1618	1	8.1618
group_4542	663	2047	3.0875	15	46.5334	7	43.4311
group_4543	255	591	2.3176	4	32.2631	2	32.2631
group_4544	465	2278	4.8989	16	70.7708	8	70.7708
group_4551	498	3440	6.9076	26	107.3818	13	107.3818
group_4552	498	0	0.0000	0	0.0000	0	0.0000
group_4553	2034	0	0.0000	0	0.0000	0	0.0000
group_4555	2538	3286	1.2947	22	17.8286	11	17.8286
group_4556	342	461	1.3480	4	24.0558	2	24.0558
group_4559	1434	4058	2.8298	28	40.1602	14	40.1602
dnaJ	495	1557	3.1455	11	45.7061	5	41.5510
arsS	1353	9651	7.1330	68	103.3708	34	103.3708
group_4563	1290	1475	1.1434	10	15.9440	5	15.9440
allA	504	604	1.1984	4	16.3236	2	16.3236
group_4566	486	7917	16.2901	57	241.2267	28	236.9947
group_4567	489	314	0.6421	2	8.4122	1	8.4122
psaL	483	2644	5.4741	20	85.1667	10	85.1667
pgk	1221	12065	9.8812	88	148.2360	44	148.2360
group_4568	132	0	0.0000	0	0.0000	0	0.0000
psaM	93	0	0.0000	0	0.0000	0	0.0000
group_4569	142	0	0.0000	0	0.0000	0	0.0000
group_4570	1092	302	0.2766	2	3.7670	1	3.7670
group_4572	567	596	1.0511	4	14.5099	2	14.5099
group_4573	477	285	0.5975	2	8.6238	1	8.6238
group_4576	534	2308	4.3221	16	61.6262	8	61.6262
group_4575	276	1248	4.5217	10	74.5208	5	74.5208
group_4577	369	743	2.0136	5	27.8696	2	22.2957
tspO	471	3812	8.0934	27	117.9043	13	113.5375
group_4580	1134	888	0.7831	6	10.8824	3	10.8824
group_4581	465	2127	4.5742	16	70.7708	8	70.7708
group_4582	519	3726	7.1792	26	103.0369	13	103.0369
group_4584	264	556	2.1061	4	31.1633	2	31.1633
group_4586	798	6473	8.1115	47	121.1384	23	118.5610
group_4587	462	1812	3.9221	12	53.4227	6	53.4227
group_4588	171	178	1.0409	2	24.0558	1	24.0558
group_4589	294	1232	4.1905	9	62.9625	4	55.9667
group_4590	133	597	4.4887	6	92.7868	3	92.7868
rplI	459	3565	7.7669	25	112.0248	12	107.5438
xth	804	7738	9.6244	56	143.2580	28	143.2580
group_15047	717	0	0.0000	0	0.0000	0	0.0000
group_15048	1002	0	0.0000	0	0.0000	0	0.0000
group_4594	687	4122	6.0000	29	86.8217	14	83.8278
group_4598	192	0	0.0000	0	0.0000	0	0.0000
group_4600	489	6662	13.6237	48	201.8920	24	201.8920
group_4602	441	830	1.8821	6	27.9833	3	27.9833
group_4605	261	2494	9.5556	18	141.8466	9	141.8466
group_4606	435	12747	29.3034	90	425.5397	45	425.5397
group_4607	435	604	1.3885	4	18.9129	2	18.9129
group_4609	99	0	0.0000	0	0.0000	0	0.0000
group_15904	2748	43727	15.9123	296	221.5449	148	221.5449
group_4610	429	4091	9.5361	28	134.2417	14	134.2417
group_4613	423	2027	4.7920	14	68.0729	7	68.0729
group_4612	924	1178	1.2749	8	17.8076	4	17.8076
group_4614	420	0	0.0000	0	0.0000	0	0.0000
carA	1149	18629	16.2132	131	234.4974	65	232.7074
mrnC	417	2095	5.0240	17	83.8493	8	78.9170
group_4615	447	0	0.0000	0	0.0000	0	0.0000
sdhB	987	10013	10.1449	73	152.1222	36	150.0383
fer	408	4620	11.3235	33	166.3568	16	161.3157
ytfP	519	1130	2.1773	8	31.7037	4	31.7037
group_4617	180	0	0.0000	0	0.0000	0	0.0000
psbU	408	258	0.6324	2	10.0822	1	10.0822
fbt	1440	15640	10.8611	107	152.8298	53	151.4015
rsfS	405	2481	6.1259	18	91.4122	9	91.4122
group_4621	1569	30027	19.1377	207	271.3527	103	270.0419
group_4627	399	549	1.3759	4	20.6193	2	20.6193
group_4628	654	443	0.6774	3	9.4347	1	6.2898
group_4630	399	1580	3.9599	12	61.8579	6	61.8579
group_4631	381	145	0.3806	2	10.7967	1	10.7967
yidH	399	1669	4.1830	11	56.7031	5	51.5482
group_4634	1137	6509	5.7247	45	81.4027	22	79.5938
aroH	402	1540	3.8308	12	61.3963	6	61.3963
sppA	822	5868	7.1387	43	107.5929	21	105.0907
group_4636	351	914	2.6040	6	35.1585	3	35.1585
group_4637	489	4544	9.2924	33	138.8008	16	134.5947
yvlD	366	1291	3.5273	9	50.5764	4	44.9568
group_4639	390	5480	14.0513	42	221.4989	21	221.4989
group_4640	474	2835	5.9810	21	91.1229	10	86.7838
eno	1299	15378	11.8383	108	171.0021	54	171.0021
group_4643	435	180	0.4138	2	9.4564	1	9.4564
group_4644	249	0	0.0000	0	0.0000	0	0.0000
group_4646	387	939	2.4264	7	37.2027	3	31.8880
group_4647	387	1906	4.9251	14	74.4053	7	74.4053
group_4649	4095	0	0.0000	0	0.0000	0	0.0000
group_4650	1236	17821	14.4183	128	212.9994	64	212.9994
group_4652	441	2577	5.8435	20	93.2778	10	93.2778
group_19135	381	547	1.4357	4	21.5934	2	21.5934
group_19136	2196	2360	1.0747	16	14.9856	8	14.9856
group_4653	1695	1359	0.8018	9	10.9209	4	9.7075
zds	1461	34584	23.6715	241	339.2764	120	337.8686
group_4656	726	703	0.9683	5	14.1651	2	11.3321
group_4657	375	246	0.6560	2	10.9695	1	10.9695
group_4658	1323	604	0.4565	4	6.2185	2	6.2185
group_4659	990	258	0.2606	2	4.1551	1	4.1551
group_4661	210	619	2.9476	5	48.9708	2	39.1767
group_4662	240	236	0.9833	2	17.1398	1	17.1398
group_4664	879	2337	2.6587	16	37.4385	8	37.4385
group_4665	390	425	1.0897	3	15.8213	1	10.5476
group_4666	1059	5012	4.7328	36	69.9187	18	69.9187
group_15051	1146	0	0.0000	0	0.0000	0	0.0000
murQ	921	4491	4.8762	31	69.2291	15	66.9959
group_4668	411	1046	2.5450	8	40.0346	4	40.0346
group_4669	792	0	0.0000	0	0.0000	0	0.0000
group_4671	363	378	1.0413	3	16.9981	1	11.3321
group_4672	369	0	0.0000	0	0.0000	0	0.0000
group_4673	747	1892	2.5328	12	33.0406	6	33.0406
group_4674	357	3198	8.9580	22	126.7480	11	126.7480
group_4676	1179	53381	45.2765	364	635.0010	182	635.0010
hypB	717	15353	21.4128	107	306.9386	53	304.0700
group_4679	372	1812	4.8710	13	71.8766	6	66.3476
group_4682	150	0	0.0000	0	0.0000	0	0.0000
group_4683	930	1276	1.3720	9	19.9043	4	17.6927
group_4685	1089	2434	2.2351	17	32.1076	8	30.2189
group_4687	282	1511	5.3582	12	87.5223	6	87.5223
group_4689	258	254	0.9845	2	15.9440	1	15.9440
group_4690	282	0	0.0000	0	0.0000	0	0.0000
group_4691	342	302	0.8830	2	12.0279	1	12.0279
group_4693	27483	8277	0.3012	58	4.3406	29	4.3406
group_4695	336	1044	3.1071	8	48.9708	4	48.9708
psbA	1101	17600	15.9855	123	229.7760	61	227.9079
group_14705	1113	0	0.0000	0	0.0000	0	0.0000
group_4697	399	0	0.0000	0	0.0000	0	0.0000
group_4700	222	561	2.5270	5	46.3238	2	37.0590
group_4701	1179	564	0.4784	4	6.9780	2	6.9780
group_4702	492	2190	4.4512	15	62.7066	7	58.5261
pglZ	2532	2802	1.1066	19	15.4339	9	14.6216
spoIIAA	327	2926	8.9480	21	132.0865	10	125.7966
group_4704	174	0	0.0000	0	0.0000	0	0.0000
group_4705	327	0	0.0000	0	0.0000	0	0.0000
petJ	321	1338	4.1682	13	83.2962	6	76.8888
metG	1653	17442	10.5517	122	151.8007	61	151.8007
lepA	1812	50700	27.9801	361	409.7659	180	408.6308
group_4707	405	1401	3.4593	13	66.0199	6	60.9415
group_4708	519	755	1.4547	5	19.8148	2	15.8518
group_4710	318	1267	3.9843	9	58.2106	4	51.7428
group_4713	156	348	2.2308	4	52.7378	2	52.7378
group_4715	285	447	1.5684	3	21.6503	1	14.4335
group_4717	105	0	0.0000	0	0.0000	0	0.0000
group_4719	312	881	2.8237	7	46.1456	3	39.5534
group_4720	309	415	1.3430	3	19.9687	1	13.3125
group_4723	966	602	0.6232	4	8.5167	2	8.5167
group_4724	303	0	0.0000	0	0.0000	0	0.0000
group_4726	300	302	1.0067	2	13.7118	1	13.7118
group_4727	288	151	0.5243	1	7.1416	0	0.0000
pntA	1149	9929	8.6414	71	127.0940	35	125.3040
group_4728	246	222	0.9024	2	16.7217	1	16.7217
group_4729	360	408	1.1333	4	22.8531	2	22.8531
group_4730	759	3698	4.8722	25	67.7462	12	65.0364
group_4734	282	1599	5.6702	13	94.8159	6	87.5223
group_4735	726	7157	9.8581	49	138.8182	24	135.9851
group_4736	393	1598	4.0662	12	62.8023	6	62.8023
kaiB	291	1013	3.4811	7	49.4757	3	42.4077
group_4738	957	5085	5.3135	35	75.2217	17	73.0725
group_4741	6030	6088	1.0096	43	14.6669	21	14.3258
group_4746	285	532	1.8667	4	28.8670	2	28.8670
group_4747	1296	1481	1.1427	10	15.8702	5	15.8702
group_4748	1188	39279	33.0631	266	460.5237	133	460.5237
group_4751	2550	3621	1.4200	26	20.9710	13	20.9710
mod	3882	6051	1.5587	41	21.7228	20	21.1929
group_4752	318	453	1.4245	3	19.4035	1	12.9357
group_4753	255	0	0.0000	0	0.0000	0	0.0000
group_4754	915	2609	2.8514	19	42.7090	9	40.4612
group_4756	735	302	0.4109	2	5.5967	1	5.5967
lpdA	1431	33936	23.7149	234	336.3280	117	336.3280
rpmA	270	1998	7.4000	17	129.5007	8	121.8830
group_4759	705	1731	2.4553	12	35.0089	6	35.0089
group_4761	534	823	1.5412	8	30.8131	4	30.8131
group_4762	267	1431	5.3596	11	84.7361	5	77.0328
group_4764	996	4164	4.1807	30	61.9511	15	61.9511
group_4765	267	0	0.0000	0	0.0000	0	0.0000
cofG	888	5345	6.0191	38	88.0152	19	88.0152
group_4768	264	1644	6.2273	12	93.4898	6	93.4898
group_4770	291	453	1.5567	3	21.2039	1	14.1359
cRR7	258	1544	5.9845	12	95.6640	6	95.6640
group_4774	255	3193	12.5216	27	217.7762	13	209.7104
group_4776	291	0	0.0000	0	0.0000	0	0.0000
group_4777	876	1215	1.3870	8	18.7833	4	18.7833
group_4778	255	795	3.1176	6	48.3947	3	48.3947
group_4779	261	1503	5.7586	11	86.6840	5	78.8036
group_4781	444	867	1.9527	6	27.7943	3	27.7943
group_4783	693	0	0.0000	0	0.0000	0	0.0000
ibaG	252	2054	8.1508	15	122.4271	7	114.2653
group_4788	222	5753	25.9144	45	416.9139	22	407.6491
group_4790	252	620	2.4603	5	40.8090	2	32.6472
group_4791	336	552	1.6429	4	24.4854	2	24.4854
group_4792	729	2899	3.9767	19	53.6059	9	50.7846
cobO	606	5066	8.3597	36	122.1847	18	122.1847
group_4793	180	328	1.8222	4	45.7061	2	45.7061
group_4794	207	0	0.0000	0	0.0000	0	0.0000
group_4795	255	0	0.0000	0	0.0000	0	0.0000
group_4797	294	0	0.0000	0	0.0000	0	0.0000
group_4799	468	0	0.0000	0	0.0000	0	0.0000
group_4800	2322	604	0.2601	4	3.5431	2	3.5431
group_4801	240	151	0.6292	1	8.5699	0	0.0000
group_4803	306	412	1.3464	4	26.8859	2	26.8859
group_4804	243	588	2.4198	5	42.3205	2	33.8564
group_4805	243	0	0.0000	0	0.0000	0	0.0000
group_4806	1974	5881	2.9792	43	44.8031	21	43.7612
group_4810	240	190	0.7917	2	17.1398	1	17.1398
tilS	1128	4257	3.7739	30	54.7015	15	54.7015
rpmB	237	1482	6.2532	11	95.4621	5	86.7838
batB	1224	7963	6.5057	55	92.4205	27	90.7401
group_4816	237	1018	4.2954	7	60.7486	3	52.0703
spoU	849	2828	3.3310	20	48.4517	10	48.4517
group_4817	978	7155	7.3160	50	105.1521	25	105.1521
group_4818	777	1288	1.6577	9	23.8237	4	21.1766
group_4820	210	307	1.4619	3	29.3825	1	19.5883
group_4821	339	143	0.4218	1	6.0672	0	0.0000
group_4822	330	9313	28.2212	65	405.1224	32	398.8897
group_4823	273	5367	19.6593	38	286.2910	19	286.2910
group_4824	378	743	1.9656	5	27.2060	2	21.7648
group_4825	342	10269	30.0263	78	469.0891	39	469.0891
group_4826	123	0	0.0000	0	0.0000	0	0.0000
group_4827	234	366	1.5641	3	26.3689	1	17.5793
znuB	906	2736	3.0199	19	43.1333	9	40.8631
group_4829	318	410	1.2893	3	19.4035	1	12.9357
group_4830	624	326	0.5224	2	6.5922	1	6.5922
group_4831	225	151	0.6711	1	9.1412	0	0.0000
group_4832	1071	0	0.0000	0	0.0000	0	0.0000
cobS	885	3209	3.6260	23	53.4529	11	51.1289
group_4836	1110	9613	8.6604	66	122.2947	33	122.2947
group_4837	444	0	0.0000	0	0.0000	0	0.0000
atpG	948	7670	8.0907	53	114.9885	26	112.8189
group_4840	795	1619	2.0365	13	33.6328	6	31.0457
group_4841	1485	17298	11.6485	123	170.3592	61	168.9741
group_4842	219	276	1.2603	2	18.7833	1	18.7833
group_4844	309	19483	63.0518	151	1005.0908	75	998.4345
group_4848	282	0	0.0000	0	0.0000	0	0.0000
group_14925	192	0	0.0000	0	0.0000	0	0.0000
group_4849	213	0	0.0000	0	0.0000	0	0.0000
group_4851	1134	3559	3.1384	24	43.5296	12	43.5296
group_4852	210	639	3.0429	5	48.9708	2	39.1767
group_4853	714	317	0.4440	2	5.7613	1	5.7613
group_4854	228	681	2.9868	5	45.1047	2	36.0838
group_4855	270	2004	7.4222	16	121.8830	8	121.8830
group_4857	264	781	2.9583	6	46.7449	3	46.7449
group_4859	543	294	0.5414	2	7.5756	1	7.5756
group_4861	1413	0	0.0000	0	0.0000	0	0.0000
cbiD	1182	5603	4.7403	39	67.8631	19	66.1231
group_4862	420	2475	5.8929	18	88.1475	9	88.1475
leuB	1104	15313	13.8705	105	195.6172	52	193.7542
group_4864	438	0	0.0000	0	0.0000	0	0.0000
group_4865	987	3122	3.1631	21	43.7612	10	41.6773
group_4867	468	746	1.5940	4	17.5793	2	17.5793
group_4869	3348	3626	1.0830	24	14.7439	12	14.7439
group_4871	852	2129	2.4988	15	36.2108	7	33.7968
group_4872	237	1117	4.7131	10	86.7838	5	86.7838
group_4873	201	151	0.7512	1	10.2327	0	0.0000
group_4875	198	213	1.0758	2	20.7755	1	20.7755
group_4877	384	0	0.0000	0	0.0000	0	0.0000
group_4878	1725	302	0.1751	2	2.3847	1	2.3847
group_4880	210	525	2.5000	5	48.9708	2	39.1767
group_4881	243	695	2.8601	5	42.3205	2	33.8564
group_4882	534	13640	25.5431	100	385.1639	50	385.1639
group_4884	339	743	2.1917	5	30.3359	2	24.2687
group_19146	417	0	0.0000	0	0.0000	0	0.0000
group_18947	456	1689	3.7039	12	54.1257	6	54.1257
group_4886	237	0	0.0000	0	0.0000	0	0.0000
group_4888	189	608	3.2169	4	43.5296	2	43.5296
group_4889	537	2048	3.8138	14	53.6217	7	53.6217
group_4893	189	741	3.9206	8	87.0593	4	87.0593
group_4894	600	0	0.0000	0	0.0000	0	0.0000
group_4895	663	453	0.6833	3	9.3067	1	6.2044
group_4896	792	0	0.0000	0	0.0000	0	0.0000
group_4899	915	302	0.3301	2	4.4957	1	4.4957
group_4900	1683	5625	3.3422	38	46.4394	19	46.4394
group_4903	175	151	0.8629	1	11.7530	0	0.0000
group_4904	669	4193	6.2676	31	95.3065	15	92.2321
group_4905	192	885	4.6094	8	85.6990	4	85.6990
group_4908	636	2521	3.9638	18	58.2106	9	58.2106
group_4910	360	0	0.0000	0	0.0000	0	0.0000
group_4911	663	2685	4.0498	18	55.8400	9	55.8400
glcD	1287	10328	8.0249	70	111.8681	35	111.8681
wecB	1122	2505	2.2326	19	34.8295	9	32.9964
group_4914	340	2247	6.6088	15	90.7401	7	84.6907
group_4915	852	5123	6.0129	35	84.4919	17	82.0779
group_4917	165	333	2.0182	4	49.8612	2	49.8612
ureE	477	3527	7.3941	24	103.4855	12	103.4855
group_4919	204	448	2.1961	3	30.2467	1	20.1645
cobD	1116	7985	7.1550	55	101.3644	27	99.5214
group_4922	210	552	2.6286	4	39.1767	2	39.1767
group_4924	447	1122	2.5101	8	36.8103	4	36.8103
group_4925	213	843	3.9577	7	67.5935	3	57.9373
group_4927	1635	3053	1.8673	20	25.1593	10	25.1593
group_4928	129	427	3.3101	4	63.7760	2	63.7760
group_4930	8724	25154	2.8833	173	40.7866	86	40.5508
group_4931	759	755	0.9947	5	13.5492	2	10.8394
recF	1350	10211	7.5637	74	112.7417	37	112.7417
group_4933	150	0	0.0000	0	0.0000	0	0.0000
group_4936	297	120	0.4040	2	13.8503	1	13.8503
group_4939	222	253	1.1396	2	18.5295	1	18.5295
group_4942	141	0	0.0000	0	0.0000	0	0.0000
group_4946	81	0	0.0000	0	0.0000	0	0.0000
group_4948	135	235	1.7407	2	30.4707	1	30.4707
group_4950	1686	2526	1.4982	16	19.5186	8	19.5186
psbJ	120	330	2.7500	4	68.5592	2	68.5592
dapF	909	6746	7.4213	50	113.1339	25	113.1339
bcp	453	5331	11.7682	41	186.1540	20	181.6137
group_4952	3063	34695	11.3271	235	157.8002	117	157.1288
group_4953	2562	22181	8.6577	149	119.6173	74	118.8145
group_4955	132	0	0.0000	0	0.0000	0	0.0000
group_4956	147	203	1.3810	2	27.9833	1	27.9833
group_4957	165	414	2.5091	3	37.3959	1	24.9306
group_4958	1278	4946	3.8701	34	54.7186	17	54.7186
group_4960	117	0	0.0000	0	0.0000	0	0.0000
group_4962	5214	326225	62.5671	1927	760.1469	963	759.7524
group_4964	1371	925	0.6747	6	9.0012	3	9.0012
lptF	1182	11248	9.5161	78	135.7263	39	135.7263
group_4965	2658	24530	9.2287	152	117.6184	76	117.6184
group_4969	186	0	0.0000	0	0.0000	0	0.0000
group_4970	1365	604	0.4425	4	6.0272	2	6.0272
group_4972	297	295	0.9933	2	13.8503	1	13.8503
group_4973	360	0	0.0000	0	0.0000	0	0.0000
group_4974	162	262	1.6173	2	25.3923	1	25.3923
group_4979	132	0	0.0000	0	0.0000	0	0.0000
group_4980	2628	2140	0.8143	16	12.5222	8	12.5222
group_4981	2751	2149	0.7812	15	11.2147	7	10.4670
group_4982	132	0	0.0000	0	0.0000	0	0.0000
group_4983	363	151	0.4160	1	5.6660	0	0.0000
ycf51	558	4432	7.9427	31	114.2653	15	110.5793
group_4984	984	302	0.3069	2	4.1804	1	4.1804
group_4988	255	9556	37.4745	75	604.9339	37	596.8681
group_4989	1305	2634	2.0184	18	28.3693	9	28.3693
group_4991	420	0	0.0000	0	0.0000	0	0.0000
group_4992	978	2406	2.4601	16	33.6487	8	33.6487
group_4993	90	0	0.0000	0	0.0000	0	0.0000
group_4994	930	691	0.7430	6	13.2695	3	13.2695
hemB	987	10561	10.7001	71	147.9544	35	145.8706
group_4998	381	429	1.1260	3	16.1951	1	10.7967
secF	1056	6851	6.4877	47	91.5421	23	89.5944
lldD~~~guaB	1164	604	0.5189	4	7.0680	2	7.0680
group_18867	1242	3730	3.0032	26	43.0565	13	43.0565
panB	768	4810	6.2630	34	91.0551	17	91.0551
group_5002	1047	6185	5.9074	42	82.5067	21	82.5067
group_18876	2157	13718	6.3598	95	90.5858	47	89.6323
group_5003	252	0	0.0000	0	0.0000	0	0.0000
ruvC	486	0	0.0000	0	0.0000	0	0.0000
group_5004	420	409	0.9738	3	14.6913	1	9.7942
group_5005	228	453	1.9868	3	27.0628	1	18.0419
group_5006	225	303	1.3467	4	36.5649	2	36.5649
group_5007	2331	16610	7.1257	112	98.8240	56	98.8240
group_5008	324	755	2.3302	5	31.7404	2	25.3923
group_5009	555	2591	4.6685	19	70.4121	9	66.7062
group_5011	1716	11762	6.8543	83	99.4827	41	98.2841
pfkA	1215	7668	6.3111	53	89.7194	26	88.0266
group_5013	2100	2266	1.0790	16	15.6707	8	15.6707
group_5014	204	0	0.0000	0	0.0000	0	0.0000
group_5015	906	9953	10.9857	70	158.9120	35	158.9120
group_5016	309	1888	6.1100	14	93.1872	7	93.1872
group_5017	163	0	0.0000	0	0.0000	0	0.0000
apt	519	4569	8.8035	31	122.8517	15	118.8887
group_5019	225	505	2.2444	4	36.5649	2	36.5649
group_5020	105	0	0.0000	0	0.0000	0	0.0000
nadE	1776	3351	1.8868	23	26.6362	11	25.4781
nadD	567	1368	2.4127	10	36.2747	5	36.2747
uvrB	2016	36892	18.2996	264	269.3396	132	269.3396
group_5024	324	862	2.6605	6	38.0884	3	38.0884
group_5025	267	452	1.6929	3	23.1098	1	15.4066
ansA2	954	7904	8.2851	55	118.5772	27	116.4212
group_5027	285	0	0.0000	0	0.0000	0	0.0000
group_5028	1419	8687	6.1219	60	86.9672	30	86.9672
group_5029	252	433	1.7183	3	24.4854	1	16.3236
hemH	1164	3998	3.4347	28	49.4757	14	49.4757
group_5033	273	4853	17.7766	35	263.6891	17	256.1551
nusB	654	1279	1.9557	9	28.3042	4	25.1593
group_5034	276	5138	18.6159	39	290.6313	19	283.1792
gatA	1452	27456	18.9091	193	273.3868	96	271.9703
group_5035	318	953	2.9969	8	51.7428	4	51.7428
htpX	849	453	0.5336	3	7.2678	1	4.8452
group_5036	276	0	0.0000	0	0.0000	0	0.0000
group_5038	249	345	1.3855	3	24.7804	1	16.5203
group_5039	249	3789	15.2169	30	247.8042	15	247.8042
group_5040	222	0	0.0000	0	0.0000	0	0.0000
group_5041	234	1187	5.0726	10	87.8964	5	87.8964
group_5043	354	302	0.8531	2	11.6202	1	11.6202
group_5044	408	490	1.2010	4	20.1645	2	20.1645
group_5045	492	4291	8.7215	32	133.7740	16	133.7740
group_5046	318	394	1.2390	3	19.4035	1	12.9357
group_5050	933	11959	12.8178	87	191.7893	43	189.5848
mgtA	2781	40100	14.4193	283	209.3015	141	208.5619
group_5051	243	539	2.2181	4	33.8564	2	33.8564
group_5052	234	0	0.0000	0	0.0000	0	0.0000
group_5053	1242	0	0.0000	0	0.0000	0	0.0000
group_5054	327	1223	3.7401	9	56.6085	4	50.3187
nikD	1626	9624	5.9188	65	82.2204	32	80.9555
group_5057	414	680	1.6425	5	24.8403	2	19.8722
group_5058	1011	3757	3.7161	26	52.8943	13	52.8943
group_5059	288	154	0.5347	1	7.1416	0	0.0000
cypX	1332	8074	6.0616	55	84.9269	27	83.3828
alr	1263	7788	6.1663	55	89.5666	27	87.9381
group_5060	2187	36664	16.7645	250	235.1138	125	235.1138
group_5061	711	0	0.0000	0	0.0000	0	0.0000
group_5062	381	2269	5.9554	16	86.3738	8	86.3738
mlaF	786	242	0.3079	2	5.2335	1	5.2335
dps	534	1345	2.5187	13	50.0713	6	46.2197
group_5064	2097	21628	10.3138	244	239.3196	122	239.3196
group_18685	939	631	0.6720	6	13.1423	3	13.1423
groES	312	3681	11.7981	28	184.5824	14	184.5824
group_5065	186	0	0.0000	0	0.0000	0	0.0000
group_5067	243	0	0.0000	0	0.0000	0	0.0000
group_5068	1065	3968	3.7258	27	52.1436	13	50.2124
argH	1467	15372	10.4785	107	150.0170	53	148.6150
group_5070	2028	24297	11.9808	164	166.3270	82	166.3270
group_5075	243	0	0.0000	0	0.0000	0	0.0000
group_5076	294	218	0.7415	2	13.9917	1	13.9917
group_5077	588	1957	3.3282	14	48.9708	7	48.9708
group_5079	153	0	0.0000	0	0.0000	0	0.0000
group_5081	2670	77416	28.9948	532	409.8144	266	409.8144
group_5082	840	6286	7.4833	44	107.7358	22	107.7358
group_5083	1287	1905	1.4802	15	23.9717	7	22.3736
group_5086	573	249	0.4346	2	7.1790	1	7.1790
group_5084	477	1359	2.8491	9	38.8071	4	34.4952
cHAD	1005	5673	5.6448	39	79.8152	19	77.7686
group_5087	474	906	1.9114	6	26.0351	3	26.0351
group_5089	861	305	0.3542	2	4.7776	1	4.7776
group_16265	960	0	0.0000	0	0.0000	0	0.0000
group_5093	1044	2837	2.7174	20	39.4018	10	39.4018
group_5099	2043	4291	2.1003	29	29.1955	14	28.1888
group_15434	9771	38914	3.9826	249	52.4140	124	52.2035
group_5100	1047	1356	1.2951	11	21.6089	5	19.6445
group_5101	369	1825	4.9458	14	78.0348	7	78.0348
group_5102	528	1899	3.5966	13	50.6403	6	46.7449
group_5104	372	752	2.0215	5	27.6448	2	22.1159
group_5105	255	498	1.9529	3	24.1974	1	16.1316
group_5106	144	0	0.0000	0	0.0000	0	0.0000
group_5107	798	395	0.4950	2	5.1548	1	5.1548
group_5108	1737	2943	1.6943	20	23.6819	10	23.6819
group_5110	816	0	0.0000	0	0.0000	0	0.0000
group_5111	411	2049	4.9854	15	75.0648	7	70.0605
hepA	3123	36016	11.5325	250	164.6474	125	164.6474
group_5113	840	5410	6.4405	38	93.0446	19	93.0446
speE	1224	13697	11.1904	94	157.9550	47	157.9550
uvrA	2913	74300	25.5064	521	367.8613	260	367.1552
group_5116	777	2114	2.7207	14	37.0590	7	37.0590
group_5117	879	5816	6.6166	42	98.2759	21	98.2759
group_5118	267	846	3.1685	6	46.2197	3	46.2197
group_5120	192	358	1.8646	3	32.1371	1	21.4247
group_5121	972	8986	9.2449	60	126.9614	30	126.9614
group_5122	306	814	2.6601	7	47.0504	3	40.3289
group_5123	621	5091	8.1981	36	119.2333	18	119.2333
group_5125	216	194	0.8981	2	19.0442	1	19.0442
group_5126	117	0	0.0000	0	0.0000	0	0.0000
group_5127	591	605	1.0237	5	17.4008	2	13.9206
argA	639	3939	6.1643	29	93.3435	14	90.1247
group_5129	684	0	0.0000	0	0.0000	0	0.0000
group_5133	1761	14299	8.1198	97	113.2920	48	112.1240
group_5135	99	140	1.4141	2	41.5510	1	41.5510
group_5136	1212	3574	2.9488	24	40.7282	12	40.7282
group_5139	228	0	0.0000	0	0.0000	0	0.0000
group_5140	258	751	2.9109	6	47.8320	3	47.8320
group_5146	525	1429	2.7219	10	39.1767	5	39.1767
group_5150	1641	156	0.0951	2	2.5067	1	2.5067
group_5151	2571	18221	7.0871	123	98.3988	61	97.5988
group_5153	219	202	0.9224	2	18.7833	1	18.7833
group_5154	1026	0	0.0000	0	0.0000	0	0.0000
group_5157	309	1076	3.4822	8	53.2498	4	53.2498
group_5159	468	3664	7.8291	25	109.8705	12	105.4756
tsf	756	4332	5.7302	36	97.9417	18	97.9417
group_5160	1122	5426	4.8360	37	67.8259	18	65.9928
group_5162	450	479	1.0644	4	18.2824	2	18.2824
group_5163	675	4030	5.9704	30	91.4122	15	91.4122
group_5165	240	494	2.0583	4	34.2796	2	34.2796
group_5167	111	172	1.5495	2	37.0590	1	37.0590
group_5170	837	818	0.9773	6	14.7439	3	14.7439
group_5171	363	0	0.0000	0	0.0000	0	0.0000
group_5175	441	2519	5.7120	19	88.6139	9	83.9500
pTC1	747	5682	7.6064	42	115.6420	21	115.6420
nuoK~~~ndhE	345	302	0.8754	2	11.9233	1	11.9233
degQ	1428	15140	10.6022	105	151.2335	52	149.7931
group_5177	213	151	0.7089	1	9.6562	0	0.0000
group_5178	237	220	0.9283	2	17.3568	1	17.3568
group_5180	981	6333	6.4557	45	94.3475	22	92.2509
group_5181	360	1446	4.0167	11	62.8459	5	57.1326
apcECpcD	879	10512	11.9590	76	177.8327	38	177.8327
group_5184	1758	3574	2.0330	24	28.0788	12	28.0788
group_5185	729	2011	2.7586	13	36.6777	6	33.8564
holA	1128	3078	2.7287	21	38.2910	10	36.4676
pdxA	2418	13225	5.4694	93	79.1067	46	78.2561
cpsB	1080	10015	9.2731	73	139.0228	36	137.1183
group_5186	819	5309	6.4823	36	90.4077	18	90.4077
group_5188	136	0	0.0000	0	0.0000	0	0.0000
group_5189	258	0	0.0000	0	0.0000	0	0.0000
group_5192	156	0	0.0000	0	0.0000	0	0.0000
group_5194	762	5636	7.3963	40	107.9672	20	107.9672
group_5196	213	0	0.0000	0	0.0000	0	0.0000
group_5197	306	321	1.0490	3	20.1645	1	13.4430
group_5199	678	552	0.8142	4	12.1344	2	12.1344
group_5200	1284	140	0.1090	2	3.2037	1	3.2037
group_5201	312	599	1.9199	5	32.9611	2	26.3689
group_5202	252	0	0.0000	0	0.0000	0	0.0000
group_5204	537	656	1.2216	5	19.1506	2	15.3205
group_5206	1608	1951	1.2133	14	17.9072	7	17.9072
group_5209	399	1944	4.8722	17	87.6320	8	82.4772
group_5212	549	1057	1.9253	7	26.2248	3	22.4784
group_5215	2670	3324	1.2449	22	16.9472	11	16.9472
group_5216	444	1230	2.7703	9	41.6914	4	37.0590
group_5219	1011	1101	1.0890	8	16.2752	4	16.2752
group_5220	1704	7392	4.3380	51	61.5584	25	60.3514
nuoI	405	3735	9.2222	30	152.3537	15	152.3537
group_5221	363	2896	7.9780	21	118.9870	10	113.3209
tic20	531	3505	6.6008	27	104.5818	13	100.7084
group_5225	270	510	1.8889	6	45.7061	3	45.7061
egtD	1011	3528	3.4896	24	48.8255	12	48.8255
group_5228	276	540	1.9565	5	37.2604	2	29.8083
group_5229	651	5034	7.7327	37	116.8981	18	113.7387
trpS	1035	9357	9.0406	64	127.1822	32	127.1822
group_5230	1326	755	0.5694	5	7.7556	2	6.2044
group_5231	282	0	0.0000	0	0.0000	0	0.0000
group_5232	597	3504	5.8693	26	89.5748	13	89.5748
rfe	1110	14014	12.6252	98	181.5892	49	181.5892
group_5235	969	5090	5.2528	34	72.1675	17	72.1675
frhA	1425	11121	7.8042	78	112.5814	39	112.5814
group_5242	321	1032	3.2150	12	76.8888	6	76.8888
group_5243	315	6962	22.1016	49	319.9428	24	313.4134
group_5244	273	151	0.5531	1	7.5340	0	0.0000
group_5245	825	10085	12.2242	74	184.4865	37	184.4865
ynbB	1254	8153	6.5016	57	93.4898	28	91.8496
hflC	816	843	1.0331	6	15.1233	3	15.1233
group_5247	1623	1036	0.6383	8	10.1381	4	10.1381
group_5251	348	202	0.5805	2	11.8205	1	11.8205
group_5252	444	751	1.6914	5	23.1619	2	18.5295
group_5254	3324	922	0.2774	10	6.1877	5	6.1877
group_5258	378	0	0.0000	0	0.0000	0	0.0000
group_5260	1188	9625	8.1019	68	117.7279	34	117.7279
group_5261	1812	30968	17.0905	212	240.6382	106	240.6382
group_5262	1098	6816	6.2077	48	89.9137	24	89.9137
chlP	195	0	0.0000	0	0.0000	0	0.0000
group_5263	138	168	1.2174	2	29.8083	1	29.8083
group_5264	1173	2703	2.3043	20	35.0686	10	35.0686
group_5265	504	302	0.5992	2	8.1618	1	8.1618
group_5268	168	0	0.0000	0	0.0000	0	0.0000
group_5269	1761	9599	5.4509	64	74.7494	32	74.7494
cpxP	501	2658	5.3054	19	78.0015	9	73.8961
group_5272	1002	151	0.1507	1	2.0527	0	0.0000
group_5274	228	0	0.0000	0	0.0000	0	0.0000
group_5277	126	0	0.0000	0	0.0000	0	0.0000
group_5276	1278	8990	7.0344	61	98.1716	30	96.5622
group_5279	1098	2251	2.0501	15	28.0980	7	26.2248
psbK	192	295	1.5365	2	21.4247	1	21.4247
group_5280	723	0	0.0000	0	0.0000	0	0.0000
group_5281	729	0	0.0000	0	0.0000	0	0.0000
group_5284	1401	3193	2.2791	23	33.7658	11	32.2977
group_5286	1233	0	0.0000	0	0.0000	0	0.0000
thrC	1110	24123	21.7324	168	311.2957	84	311.2957
group_5291	537	4795	8.9292	34	130.2241	17	130.2241
group_5295	1230	5954	4.8407	41	68.5592	20	66.8870
group_5296	1812	0	0.0000	0	0.0000	0	0.0000
htpG	2058	35787	17.3892	246	245.8536	123	245.8536
group_5297	192	306	1.5938	3	32.1371	1	21.4247
pdxI	1179	7095	6.0178	48	83.7364	24	83.7364
group_5304	1863	19494	10.4638	112	123.6494	56	123.6494
group_5306	2307	35977	15.5947	175	156.0189	87	155.1274
group_5308	462	0	0.0000	0	0.0000	0	0.0000
group_5310	387	710	1.8346	7	37.2027	3	31.8880
mnhC	348	861	2.4741	6	35.4616	3	35.4616
group_5312	273	300	1.0989	2	15.0679	1	15.0679
group_5313	1590	0	0.0000	0	0.0000	0	0.0000
xFP	2421	18693	7.7212	135	114.6901	67	113.8405
group_5316	696	151	0.2170	1	2.9551	0	0.0000
rbsK	1098	9762	8.8907	68	127.3777	34	127.3777
group_5322	234	304	1.2991	2	17.5793	1	17.5793
group_5321	408	591	1.4485	5	25.2056	2	20.1645
group_5325	942	9658	10.2527	66	144.1053	33	144.1053
group_5327	171	112	0.6550	1	12.0279	0	0.0000
group_5326	948	6652	7.0169	49	106.3101	24	104.1405
proA	1248	9917	7.9463	69	113.7159	34	112.0679
group_5328	816	1242	1.5221	10	25.2056	5	25.2056
group_5330	393	1795	4.5674	13	68.0358	6	62.8023
group_5331	1374	4497	3.2729	31	46.4047	15	44.9078
group_5334	288	0	0.0000	0	0.0000	0	0.0000
group_5335	873	4269	4.8900	30	70.6796	15	70.6796
typA	1794	36024	20.0803	258	295.7904	129	295.7904
group_5336	1128	9213	8.1676	64	116.6965	32	116.6965
group_5338	864	604	0.6991	4	9.5221	2	9.5221
group_5340	426	453	1.0634	3	14.4843	1	9.6562
ndh	1701	9523	5.5985	65	78.5952	32	77.3860
group_5343	238	689	2.8950	5	43.2096	2	34.5676
group_5344	1140	2338	2.0509	4	7.2168	2	7.2168
group_5345	489	241	0.4928	2	8.4122	1	8.4122
ftsW	1218	10540	8.6535	73	123.2714	36	121.5828
pstA	897	5541	6.1773	37	84.8391	18	82.5462
group_5350	3351	44476	13.2725	302	185.3614	151	185.3614
group_5351	216	0	0.0000	0	0.0000	0	0.0000
fAS1	588	2941	5.0017	21	73.4563	10	69.9583
livK	1616	17950	11.1077	122	155.2763	61	155.2763
group_5352	939	288	0.3067	2	4.3808	1	4.3808
group_5353	1356	8252	6.0855	57	86.4574	28	84.9406
potA	1101	8315	7.5522	58	108.3496	29	108.3496
group_5356	540	412	0.7630	3	11.4265	1	7.6177
group_5359	1827	302	0.1653	2	2.2515	1	2.2515
group_5362	738	2179	2.9526	15	41.8044	7	39.0174
group_5363	612	2344	3.8301	18	60.4934	9	60.4934
group_5365	1248	1452	1.1635	10	16.4806	5	16.4806
group_5367	1143	0	0.0000	0	0.0000	0	0.0000
group_5368	264	0	0.0000	0	0.0000	0	0.0000
tagG	819	5088	6.2125	35	87.8964	17	85.3850
eVE	477	2767	5.8008	20	86.2380	10	86.2380
group_5377	318	1744	5.4843	12	77.6142	6	77.6142
group_5378	459	1725	3.7582	13	58.2529	6	53.7719
group_5380	333	151	0.4535	1	6.1765	0	0.0000
group_5385	852	0	0.0000	0	0.0000	0	0.0000
yebA	849	4787	5.6384	33	79.9453	16	77.5227
group_5386	336	449	1.3363	3	18.3641	1	12.2427
group_5387	816	405	0.4963	3	7.5617	1	5.0411
group_5389	156	349	2.2372	3	39.5534	1	26.3689
group_5390	795	2184	2.7472	15	38.8071	7	36.2199
group_5391	135	0	0.0000	0	0.0000	0	0.0000
trhO	813	637	0.7835	5	12.6493	2	10.1194
group_5392	2436	13429	5.5127	91	76.8336	45	75.9892
group_5394	1119	4155	3.7131	30	55.1414	15	55.1414
group_5403	1527	0	0.0000	0	0.0000	0	0.0000
group_5398	684	3724	5.4444	25	75.1745	12	72.1675
group_5399	2463	10139	4.1165	70	58.4548	35	58.4548
group_5400	561	151	0.2692	1	3.6663	0	0.0000
group_5402	1188	10896	9.1717	74	128.1156	37	128.1156
group_5404	195	841	4.3128	8	84.3805	4	84.3805
group_5405	690	4782	6.9304	34	101.3483	17	101.3483
group_5410	822	17383	21.1472	124	310.2678	62	310.2678
group_5411	459	2273	4.9521	16	71.6959	8	71.6959
group_5414	168	0	0.0000	0	0.0000	0	0.0000
group_5419	309	0	0.0000	0	0.0000	0	0.0000
rfbD	879	8438	9.5995	59	138.0543	29	135.7144
bioB	1095	17506	15.9872	124	232.9133	62	232.9133
lspA	555	3729	6.7189	25	92.6475	12	88.9416
dadA	1194	7041	5.8970	49	84.4070	24	82.6844
group_5422	945	1515	1.6032	11	23.9413	5	21.7648
group_5423	945	2081	2.2021	14	30.4707	7	30.4707
group_5424	999	1644	1.6456	12	24.7060	6	24.7060
group_5425	144	0	0.0000	0	0.0000	0	0.0000
group_5430	330	266	0.8061	2	12.4653	1	12.4653
group_5432	327	230	0.7034	2	12.5797	1	12.5797
bchB	1527	36282	23.7603	251	338.0816	125	336.7346
group_5433	162	0	0.0000	0	0.0000	0	0.0000
group_5435	879	9553	10.8680	68	159.1134	34	159.1134
group_5437	1185	0	0.0000	0	0.0000	0	0.0000
group_5442	1338	2113	1.5792	14	21.5208	7	21.5208
group_5445	318	604	1.8994	4	25.8714	2	25.8714
lCB5	1131	6698	5.9222	48	87.2902	24	87.2902
group_5446	195	1063	5.4513	9	94.9281	4	84.3805
petM	267	463	1.7341	4	30.8131	2	30.8131
yfcH	948	5554	5.8586	39	84.6142	19	82.4446
group_5447	915	9550	10.4372	67	150.6054	33	148.3576
group_5449	216	996	4.6111	8	76.1769	4	76.1769
group_5450	456	0	0.0000	0	0.0000	0	0.0000
nuoF	1608	18287	11.3725	124	158.6070	62	158.6070
group_5455	300	297	0.9900	2	13.7118	1	13.7118
argB	942	15796	16.7686	108	235.8086	54	235.8086
plsC	921	6911	7.5038	48	107.1935	24	107.1935
group_5457	768	11615	15.1237	82	219.6036	41	219.6036
group_5458	993	673	0.6777	5	10.3564	2	8.2851
group_5460	651	176	0.2704	2	6.3188	1	6.3188
cysH	822	9832	11.9611	72	180.1555	36	180.1555
group_5463	261	731	2.8008	6	47.2822	3	47.2822
group_5464	1032	881	0.8537	6	11.9580	3	11.9580
group_5465	1188	2077	1.7483	22	38.0884	11	38.0884
group_5469	258	11818	45.8062	95	757.3397	47	749.3677
group_5471	222	369	1.6622	3	27.7943	1	18.5295
psbY	120	520	4.3333	6	102.8388	3	102.8388
group_5474	567	7342	12.9489	52	188.6284	26	188.6284
group_5478	849	0	0.0000	0	0.0000	0	0.0000
mobA	693	3555	5.1299	26	77.1662	13	77.1662
group_5484	564	1807	3.2039	12	43.7612	6	43.7612
group_5486	408	601	1.4730	5	25.2056	2	20.1645
group_5488	609	1481	2.4319	10	33.7730	5	33.7730
add	1041	10394	9.9846	77	152.1342	38	150.1584
ruvX	522	2334	4.4713	17	66.9831	8	63.0429
group_5490	255	658	2.5804	6	48.3947	3	48.3947
group_5492	774	310	0.4005	2	5.3147	1	5.3147
group_5493	1323	1885	1.4248	13	20.2102	6	18.6556
group_5494	1515	2141	1.4132	14	19.0065	7	19.0065
group_5495	918	1303	1.4194	9	20.1645	4	17.9240
sbcD	1356	12530	9.2404	85	128.9276	42	127.4108
group_5501	447	302	0.6756	2	9.2026	1	9.2026
group_5502	159	259	1.6289	4	51.7428	2	51.7428
group_5503	243	425	1.7490	3	25.3923	1	16.9282
mtnB	636	3198	5.0283	22	71.1463	11	71.1463
mrr	945	4384	4.6392	30	65.2944	15	65.2944
group_5505	255	0	0.0000	0	0.0000	0	0.0000
group_5506	759	447	0.5889	3	8.1295	1	5.4197
group_5507	792	1057	1.3346	7	18.1786	3	15.5816
group_5508	600	151	0.2517	1	3.4280	0	0.0000
group_5509	354	2242	6.3333	17	98.7717	8	92.9616
group_5510	882	2000	2.2676	14	32.6472	7	32.6472
group_5511	525	453	0.8629	3	11.7530	1	7.8353
vapB6	306	1287	4.2059	11	73.9364	5	67.2149
group_5513	363	453	1.2479	3	16.9981	1	11.3321
group_5515	567	879	1.5503	6	21.7648	3	21.7648
group_5517	951	8567	9.0084	58	125.4395	29	125.4395
hdrB	948	7415	7.8217	52	112.8189	26	112.8189
rlmL	1164	8361	7.1830	57	100.7184	28	98.9514
fkpA	519	2693	5.1888	19	75.2962	9	71.3332
group_5519	258	1582	6.1318	11	87.6920	5	79.7200
group_5521	837	1905	2.2760	13	31.9451	6	29.4878
group_5524	306	466	1.5229	4	26.8859	2	26.8859
group_5526	288	302	1.0486	2	14.2832	1	14.2832
group_5527	234	513	2.1923	4	35.1585	2	35.1585
group_5529	1083	0	0.0000	0	0.0000	0	0.0000
group_5530	372	2245	6.0349	17	93.9924	8	88.4634
fixC	1302	10675	8.1989	73	115.3184	36	113.7387
group_5533	678	1924	2.8378	14	42.4703	7	42.4703
mraY	1101	11088	10.0708	79	147.5797	39	145.7116
group_5534	393	281	0.7150	2	10.4670	1	10.4670
group_5535	297	266	0.8956	2	13.8503	1	13.8503
group_5537	363	302	0.8320	2	11.3321	1	11.3321
group_5541	279	963	3.4516	7	51.6037	3	44.2317
uppS	750	7231	9.6413	49	134.3760	24	131.6336
lysA	1404	17301	12.3226	123	180.1876	61	178.7226
group_5546	504	302	0.5992	2	8.1618	1	8.1618
group_5547	165	0	0.0000	0	0.0000	0	0.0000
group_5548	804	1635	2.0336	11	28.1400	5	25.5818
group_5549	231	279	1.2078	2	17.8076	1	17.8076
erfK	513	2995	5.8382	20	80.1862	10	80.1862
udg4	678	3582	5.2832	25	75.8398	12	72.8062
group_5550	1989	9840	4.9472	70	72.3852	35	72.3852
group_5551	4824	29875	6.1930	195	83.1408	97	82.7144
group_5552	555	28717	51.7423	204	756.0038	102	756.0038
mnmE	1374	3702	2.6943	27	40.4170	13	38.9201
group_5553	399	1552	3.8897	12	61.8579	6	61.8579
group_5554	837	2149	2.5675	14	34.4025	7	34.4025
group_5555	636	7047	11.0802	50	161.6962	25	161.6962
group_5556	418	550	1.3158	4	19.6821	2	19.6821
group_5559	255	342	1.3412	4	32.2631	2	32.2631
group_5558	1173	25338	21.6010	171	299.8368	85	298.0834
group_5560	258	151	0.5853	1	7.9720	0	0.0000
group_5561	273	1121	4.1062	9	67.8058	4	60.2718
group_5562	621	0	0.0000	0	0.0000	0	0.0000
group_5568	222	210	0.9459	2	18.5295	1	18.5295
group_5565	531	1035	1.9492	7	27.1138	3	23.2404
group_5569	2070	0	0.0000	0	0.0000	0	0.0000
group_5574	210	9884	47.0667	78	763.9451	39	763.9451
group_5575	213	790	3.7089	6	57.9373	3	57.9373
group_5578	243	595	2.4486	4	33.8564	2	33.8564
group_5580	306	0	0.0000	0	0.0000	0	0.0000
group_5582	417	869	2.0839	7	34.5262	3	29.5939
group_5584	759	5454	7.1858	38	102.9742	19	102.9742
group_5585	216	761	3.5231	6	57.1326	3	57.1326
group_5586	168	246	1.4643	2	24.4854	1	24.4854
group_5587	3207	831	0.2591	6	3.8480	3	3.8480
group_5589	345	958	2.7768	7	41.7317	3	35.7700
group_5590	336	819	2.4375	6	36.7281	3	36.7281
group_5592	690	2081	3.0159	14	41.7317	7	41.7317
group_5593	189	0	0.0000	0	0.0000	0	0.0000
group_5594	147	66	0.4490	1	13.9917	0	0.0000
group_5595	267	2485	9.3071	18	138.6590	9	138.6590
group_5597	234	0	0.0000	0	0.0000	0	0.0000
group_5598	273	0	0.0000	0	0.0000	0	0.0000
group_5599	297	0	0.0000	0	0.0000	0	0.0000
psbN	237	452	1.9072	4	34.7135	2	34.7135
psbN~~~psbN1	132	0	0.0000	0	0.0000	0	0.0000
group_5602	447	761	1.7025	5	23.0064	2	18.4051
group_5604	387	1146	2.9612	10	53.1466	5	53.1466
group_5606	388	1338	3.4485	9	47.7087	4	42.4077
group_5607	450	1361	3.0244	10	45.7061	5	45.7061
group_5611	258	719	2.7868	7	55.8040	3	47.8320
cpcT2	603	4784	7.9337	34	115.9707	17	115.9707
group_5613	747	6485	8.6814	46	126.6555	23	126.6555
sunT	2667	18068	6.7747	120	92.5433	60	92.5433
surA	735	1023	1.3918	7	19.5883	3	16.7900
ftsQ	885	295	0.3333	3	6.9721	1	4.6481
group_5617	450	1012	2.2489	7	31.9943	3	27.4237
group_5619	741	0	0.0000	0	0.0000	0	0.0000
group_5620	1059	8632	8.1511	58	112.6468	29	112.6468
group_5622	621	707	1.1385	5	16.5602	2	13.2481
group_5624	357	409	1.1457	3	17.2838	1	11.5225
ffh	1446	28128	19.4523	197	280.2107	98	278.7883
group_5625	276	320	1.1594	4	29.8083	2	29.8083
group_5629	180	0	0.0000	0	0.0000	0	0.0000
group_5630	429	1113	2.5944	9	43.1491	4	38.3548
group_5631	432	0	0.0000	0	0.0000	0	0.0000
group_5632	366	1552	4.2404	12	67.4353	6	67.4353
nifU	237	956	4.0338	8	69.4270	4	69.4270
group_5633	246	302	1.2276	2	16.7217	1	16.7217
group_5635	720	602	0.8361	4	11.4265	2	11.4265
group_5636	642	694	1.0810	5	16.0185	2	12.8148
group_5638	420	4957	11.8024	35	171.3979	17	166.5008
group_19150	171	0	0.0000	0	0.0000	0	0.0000
group_5642	138	297	2.1522	4	59.6167	2	59.6167
group_5643	378	1049	2.7751	8	43.5296	4	43.5296
group_5644	447	0	0.0000	0	0.0000	0	0.0000
uppP	951	3739	3.9317	27	58.3942	13	56.2315
ulaG	849	4028	4.7444	30	72.6776	15	72.6776
group_5652	276	853	3.0906	6	44.7125	3	44.7125
group_5653	2013	2722	1.3522	19	19.4132	9	18.3914
group_5655	303	229	0.7558	2	13.5761	1	13.5761
group_5656	237	0	0.0000	0	0.0000	0	0.0000
group_5657	1131	0	0.0000	0	0.0000	0	0.0000
group_5659	822	833	1.0134	6	15.0130	3	15.0130
group_5664	354	302	0.8531	2	11.6202	1	11.6202
group_5665	234	0	0.0000	0	0.0000	0	0.0000
group_5666	198	0	0.0000	0	0.0000	0	0.0000
group_5668	351	5518	15.7208	39	228.5306	19	222.6708
cbiQ	813	8800	10.8241	62	156.8512	31	156.8512
group_5671	387	2441	6.3075	20	106.2933	10	106.2933
group_5673	138	0	0.0000	0	0.0000	0	0.0000
group_5676	1935	3216	1.6620	24	25.5104	12	25.5104
group_5678	3450	1057	0.3064	7	4.1732	3	3.5770
ftsH	1908	25209	13.2123	183	197.2693	91	196.1913
group_5682	2871	3729	1.2989	25	17.9099	12	17.1935
group_5681	363	151	0.4160	1	5.6660	0	0.0000
trmFO	1338	6030	4.5067	41	63.0252	20	61.4880
group_5684	933	0	0.0000	0	0.0000	0	0.0000
aslA	2457	14251	5.8002	97	81.1995	48	80.3624
group_5692	423	2894	6.8416	22	106.9718	11	106.9718
group_5694	891	11211	12.5825	77	177.7460	38	175.4376
group_5695	246	151	0.6138	1	8.3609	0	0.0000
group_5696	375	2192	5.8453	16	87.7557	8	87.7557
group_5697	417	1737	4.1655	13	64.1201	6	59.1878
group_5699	1320	7849	5.9462	54	84.1408	27	84.1408
ftsH2	1887	113632	60.2183	781	851.2673	390	850.1773
group_5701	864	604	0.6991	4	9.5221	2	9.5221
group_5702	1149	7490	6.5187	50	89.5028	25	89.5028
group_5704	195	0	0.0000	0	0.0000	0	0.0000
yrpB	1575	6201	3.9371	42	54.8473	21	54.8473
group_5707	489	1057	2.1616	6	25.2365	3	25.2365
group_5708	1098	1761	1.6038	12	22.4784	6	22.4784
rlpA	906	6454	7.1236	46	104.4279	23	104.4279
group_5712	123	215	1.7480	2	33.4435	1	33.4435
group_5714	396	0	0.0000	0	0.0000	0	0.0000
group_5715	243	1754	7.2181	16	135.4255	8	135.4255
flgJ	1551	5134	3.3101	36	47.7395	18	47.7395
group_5721	816	1580	1.9363	12	30.2467	6	30.2467
group_5719	1017	302	0.2970	2	4.0448	1	4.0448
group_5720	1173	1050	0.8951	7	12.2740	3	10.5206
group_5722	666	3777	5.6712	28	86.4710	14	86.4710
group_5723	165	0	0.0000	0	0.0000	0	0.0000
group_5727	1233	453	0.3674	3	5.0043	1	3.3362
group_5729	528	740	1.4015	5	19.4770	2	15.5816
sSL2	1515	17461	11.5254	124	168.3433	62	168.3433
yciI	267	745	2.7903	5	38.5164	2	30.8131
group_5731	1521	8881	5.8389	65	87.8964	32	86.5441
group_5733	1677	3702	2.2075	25	30.6615	12	29.4351
group_5736	1176	6199	5.2713	43	75.2052	21	73.4563
group_5735	1302	4016	3.0845	28	44.2317	14	44.2317
group_5737	4032	21206	5.2594	138	70.3956	69	70.3956
bcsA	1185	6753	5.6987	47	81.5767	23	79.8411
group_5740	216	0	0.0000	0	0.0000	0	0.0000
rbcS	1965	17461	8.8860	116	121.4178	58	121.4178
group_5741	1287	5496	4.2704	38	60.7284	19	60.7284
mutS2	2370	21093	8.9000	149	129.3078	74	128.4400
group_5743	807	302	0.3742	2	5.0973	1	5.0973
cHASE3	1425	6817	4.7839	47	67.8375	23	66.3941
group_5745	1413	10319	7.3029	71	103.3482	35	101.8926
yqiK	1338	11072	8.2750	77	118.3645	38	116.8273
group_5750	135	0	0.0000	0	0.0000	0	0.0000
group_5751	768	5450	7.0964	38	101.7675	19	101.7675
nfnB	1515	13611	8.9842	95	128.9727	47	127.6151
purU	855	10446	12.2175	73	175.6077	36	173.2021
nifJ	3555	67163	18.8925	467	270.1868	233	269.6082
group_5752	1194	15683	13.1348	106	182.5948	53	182.5948
ycbJ	1170	2806	2.3983	19	33.4006	9	31.6427
group_5756	306	608	1.9869	4	26.8859	2	26.8859
group_5758	1455	3171	2.1794	22	31.0990	11	31.0990
group_5759	870	4331	4.9782	29	68.5592	14	66.1951
group_5760	342	604	1.7661	4	24.0558	2	24.0558
group_5761	420	1878	4.4714	14	68.5592	7	68.5592
urtA	1317	19956	15.1526	139	217.0780	69	215.5163
sasA	1155	10204	8.8346	71	126.4338	35	124.6530
group_5767	3117	2489	0.7985	18	11.8774	9	11.8774
group_5768	3156	14109	4.4705	96	62.5635	48	62.5635
group_5770	1128	3731	3.3076	26	47.4079	13	47.4079
group_5771	264	301	1.1402	2	15.5816	1	15.5816
group_5772	1029	1971	1.9155	13	25.9845	6	23.9857
group_5773	1215	604	0.4971	4	6.7713	2	6.7713
radC	765	4966	6.4915	35	94.1008	17	91.4122
group_5775	1014	5798	5.7179	40	81.1351	20	81.1351
fAU1	600	3892	6.4867	28	95.9828	14	95.9828
group_5776	432	879	2.0347	6	28.5663	3	28.5663
group_5777	708	431	0.6088	3	8.7151	1	5.8101
group_5778	1365	506	0.3707	4	6.0272	2	6.0272
group_5779	651	13757	21.1321	96	303.3032	48	303.3032
wcaJ	999	10847	10.8579	76	156.4714	38	156.4714
rnd	840	4398	5.2357	31	75.9048	15	73.4563
group_5780	213	0	0.0000	0	0.0000	0	0.0000
group_5781	987	6017	6.0963	40	83.3546	20	83.3546
group_5782	379	17432	45.9947	124	672.9291	62	672.9291
group_5783	696	1790	2.5718	12	35.4616	6	35.4616
group_5785	939	3419	3.6411	24	52.5693	12	52.5693
glyQ	912	35730	39.1776	252	568.3194	126	568.3194
group_5791	363	222	0.6116	2	11.3321	1	11.3321
group_5793	2634	8312	3.1557	58	45.2897	29	45.2897
group_5797	1167	3740	3.2048	27	47.5861	13	45.8236
group_5801	807	302	0.3742	2	5.0973	1	5.0973
group_5802	891	246	0.2761	2	4.6168	1	4.6168
group_5803	195	0	0.0000	0	0.0000	0	0.0000
mscS	1062	6788	6.3917	46	89.0882	23	89.0882
group_5805	318	2559	8.0472	18	116.4212	9	116.4212
group_5806	1026	151	0.1472	1	2.0047	0	0.0000
ilvC	993	18251	18.3797	130	269.2656	65	269.2656
group_5807	249	0	0.0000	0	0.0000	0	0.0000
pilM	1200	9693	8.0775	66	113.1226	33	113.1226
group_5809	1305	1053	0.8069	7	11.0325	3	9.4564
group_5810	765	11912	15.5712	86	231.2192	43	231.2192
group_5811	1041	453	0.4352	3	5.9273	1	3.9515
group_5815	477	2554	5.3543	19	81.9261	9	77.6142
group_5818	255	0	0.0000	0	0.0000	0	0.0000
group_5819	183	242	1.3224	2	22.4784	1	22.4784
group_5821	189	0	0.0000	0	0.0000	0	0.0000
group_5822	978	1483	1.5164	11	23.1335	5	21.0304
group_5823	984	4266	4.3354	29	60.6163	14	58.5261
group_5824	1182	6944	5.8748	49	85.2639	24	83.5239
group_5825	375	453	1.2080	3	16.4542	1	10.9695
group_5827	852	604	0.7089	4	9.6562	2	9.6562
group_5828	1938	2271	1.1718	15	15.9193	7	14.8580
group_5830	726	151	0.2080	1	2.8330	0	0.0000
group_5832	564	2770	4.9113	19	69.2885	9	65.6418
group_5837	540	3733	6.9130	26	99.0299	13	99.0299
group_5839	453	1912	4.2208	13	59.0245	6	54.4841
group_5840	849	906	1.0671	6	14.5355	3	14.5355
glmU	1377	6057	4.3987	42	62.7339	21	62.7339
group_5841	165	481	2.9152	4	49.8612	2	49.8612
group_5842	567	2167	3.8219	16	58.0395	8	58.0395
group_5843	207	0	0.0000	0	0.0000	0	0.0000
petG	117	407	3.4786	4	70.3171	2	70.3171
ftrB	366	7261	19.8388	53	297.8390	26	292.2194
lptA	573	3073	5.3630	20	71.7897	10	71.7897
group_5845	14469	20435	1.4123	139	19.7589	69	19.6168
group_5846	522	2479	4.7490	18	70.9233	9	70.9233
hypD	1248	12523	10.0345	87	143.3810	43	141.7329
comFC	648	5134	7.9228	35	111.0913	17	107.9172
group_5848	669	747	1.1166	6	18.4464	3	18.4464
mtnX	753	3621	4.8088	25	68.2860	12	65.5546
group_5852	441	2224	5.0431	18	83.9500	9	83.9500
group_5853	420	871	2.0738	6	29.3825	3	29.3825
group_5854	102	0	0.0000	0	0.0000	0	0.0000
sixA	495	2918	5.8949	21	87.2571	10	83.1020
group_5855	456	1431	3.1382	10	45.1047	5	45.1047
group_5856	429	655	1.5268	5	23.9717	2	19.1774
group_5858	198	0	0.0000	0	0.0000	0	0.0000
group_5861	408	2738	6.7108	21	105.8634	10	100.8223
yvaK	654	2222	3.3976	16	50.3187	8	50.3187
group_5863	1308	0	0.0000	0	0.0000	0	0.0000
group_5864	1293	0	0.0000	0	0.0000	0	0.0000
group_5866	387	2624	6.7804	19	100.9786	9	95.6640
group_5867	378	2920	7.7249	20	108.8241	10	108.8241
group_5868	2190	151	0.0689	1	0.9392	0	0.0000
group_5870	354	563	1.5904	4	23.2404	2	23.2404
group_5871	375	300	0.8000	2	10.9695	1	10.9695
group_5872	363	0	0.0000	0	0.0000	0	0.0000
group_5874	330	279	0.8455	2	12.4653	1	12.4653
group_5876	309	733	2.3722	6	39.9374	3	39.9374
group_5878	1713	17587	10.2668	124	148.8851	62	148.8851
group_5879	123	0	0.0000	0	0.0000	0	0.0000
group_5880	240	671	2.7958	5	42.8495	2	34.2796
group_5881	180	0	0.0000	0	0.0000	0	0.0000
group_5883	1419	1661	1.1705	11	15.9440	5	14.4945
group_5887	246	484	1.9675	6	50.1652	3	50.1652
group_5891	210	0	0.0000	0	0.0000	0	0.0000
group_5892	246	297	1.2073	2	16.7217	1	16.7217
nifS	401	3206	7.9950	23	117.9696	11	112.8405
group_5894	303	1509	4.9802	12	81.4564	6	81.4564
group_5898	390	2635	6.7564	20	105.4756	10	105.4756
group_5899	354	0	0.0000	0	0.0000	0	0.0000
group_5900	330	1333	4.0394	11	68.5592	5	62.3265
group_5902	390	595	1.5256	3	15.8213	1	10.5476
group_5903	258	0	0.0000	0	0.0000	0	0.0000
group_5904	339	546	1.6106	4	24.2687	2	24.2687
group_5908	366	3723	10.1721	29	162.9685	14	157.3489
group_5909	195	1988	10.1949	15	158.2135	7	147.6659
group_5910	1047	7304	6.9761	50	98.2223	25	98.2223
group_5912	513	1416	2.7602	10	40.0931	5	40.0931
group_5913	444	3739	8.4212	26	120.4418	13	120.4418
group_5914	858	1343	1.5653	8	19.1774	4	19.1774
moaC	525	1766	3.3638	12	47.0120	6	47.0120
group_5921	333	600	1.8018	5	30.8825	2	24.7060
group_5920	477	755	1.5828	5	21.5595	2	17.2476
group_5924	390	2252	5.7744	16	84.3805	8	84.3805
group_5926	381	1748	4.5879	14	75.5770	7	75.5770
group_5927	414	1579	3.8140	12	59.6167	6	59.6167
group_5928	345	0	0.0000	0	0.0000	0	0.0000
group_5929	993	1149	1.1571	9	18.6415	4	16.5702
group_5931	3021	17414	5.7643	116	78.9758	58	78.9758
group_5932	1152	63288	54.9375	423	755.2221	211	753.4367
murB	879	666	0.7577	5	11.6995	2	9.3596
group_5933	417	2249	5.3933	15	73.9847	7	69.0524
group_5935	510	1536	3.0118	12	48.3947	6	48.3947
group_5938	1635	877	0.5364	6	7.5478	3	7.5478
group_5939	558	0	0.0000	0	0.0000	0	0.0000
group_5940	393	0	0.0000	0	0.0000	0	0.0000
group_5941	666	0	0.0000	0	0.0000	0	0.0000
phaE	1161	9734	8.3842	66	116.9226	33	116.9226
group_5945	1275	37451	29.3733	261	421.0340	130	419.4208
group_5946	1065	2951	2.7709	22	42.4874	11	42.4874
group_5951	801	3223	4.0237	23	59.0585	11	56.4907
hugZ	282	859	3.0461	7	51.0547	3	43.7612
group_5954	5100	20460	4.0118	139	56.0572	69	55.6539
atpD	1410	5514	3.9106	38	55.4308	19	55.4308
group_5955	1350	774	0.5733	6	9.1412	3	9.1412
group_5956	1320	552	0.4182	4	6.2327	2	6.2327
group_5960	216	6178	28.6019	50	476.1054	25	476.1054
group_5961	129	196	1.5194	2	31.8880	1	31.8880
group_5963	909	300	0.3300	2	4.5254	1	4.5254
group_5964	1071	0	0.0000	0	0.0000	0	0.0000
group_5965	1758	0	0.0000	0	0.0000	0	0.0000
group_5966	1092	888	0.8132	6	11.3010	3	11.3010
group_5967	1200	604	0.5033	4	6.8559	2	6.8559
group_5968	1134	1510	1.3316	10	18.1373	5	18.1373
group_5969	987	0	0.0000	0	0.0000	0	0.0000
group_5971	942	8899	9.4469	65	141.9219	32	139.7384
group_5973	1134	11370	10.0265	82	148.7262	41	148.7262
dacB	936	3225	3.4455	24	52.7378	12	52.7378
group_5974	285	708	2.4842	6	43.3005	3	43.3005
group_5975	627	151	0.2408	1	3.2803	0	0.0000
group_5976	1764	5953	3.3747	40	46.6389	20	46.6389
rpsJ	384	9649	25.1276	75	401.7139	37	396.3577
fusA	1443	28518	19.7630	198	282.2186	99	282.2186
group_5978	1482	9899	6.6795	66	91.5973	33	91.5973
group_5980	1038	453	0.4364	3	5.9444	1	3.9630
glgP	2616	30166	11.5313	215	169.0392	107	168.2530
group_5981	654	1149	1.7569	8	25.1593	4	25.1593
group_5983	2712	12887	4.7518	87	65.9806	43	65.2222
group_5984	879	1518	1.7270	11	25.7389	5	23.3990
group_5985	1203	4655	3.8695	31	53.0009	15	51.2912
group_5986	381	1028	2.6982	7	37.7885	3	32.3902
group_5987	243	0	0.0000	0	0.0000	0	0.0000
yobV	882	5621	6.3730	41	95.6097	20	93.2778
group_5988	1389	0	0.0000	0	0.0000	0	0.0000
group_5989	1164	1050	0.9021	7	12.3689	3	10.6019
group_5992	1173	9893	8.4339	68	119.2333	34	119.2333
sPS1	1425	10396	7.2954	69	99.5912	34	98.1479
group_5993	537	2308	4.2980	17	65.1121	8	61.2819
group_5994	729	755	1.0357	5	14.1068	2	11.2855
group_5995	1440	0	0.0000	0	0.0000	0	0.0000
group_5997	852	604	0.7089	4	9.6562	2	9.6562
group_5998	1425	4525	3.1754	30	43.3005	15	43.3005
group_6001	654	0	0.0000	0	0.0000	0	0.0000
group_6002	306	1821	5.9510	13	87.3793	6	80.6578
group_6008	363	848	2.3361	6	33.9963	3	33.9963
group_6009	813	142961	175.8438	1008	2550.0976	504	2550.0976
group_6011	96	0	0.0000	0	0.0000	0	0.0000
group_6013	351	0	0.0000	0	0.0000	0	0.0000
group_6014	669	2004	2.9955	14	43.0416	7	43.0416
group_6017	297	901	3.0337	7	48.4762	3	41.5510
psbP	549	3988	7.2641	30	112.3921	15	112.3921
group_6018	148	0	0.0000	0	0.0000	0	0.0000
group_6021	435	1706	3.9218	11	52.0104	5	47.2822
group_6023	780	1091	1.3987	8	21.0951	4	21.0951
group_6025	1629	6483	3.9797	44	55.5544	22	55.5544
group_6029	966	5669	5.8685	42	89.4250	21	89.4250
group_6030	1731	9062	5.2351	62	73.6684	31	73.6684
amtB~~~amt	1560	3148	2.0179	24	31.6427	12	31.6427
group_6032	696	1118	1.6063	10	29.5514	5	29.5514
group_6034	291	5671	19.4880	43	303.9221	21	296.8541
group_6035	915	4707	5.1443	31	69.6831	15	67.4353
group_6038	306	0	0.0000	0	0.0000	0	0.0000
group_6039	198	151	0.7626	1	10.3878	0	0.0000
group_6042	282	386	1.3688	3	21.8806	1	14.5871
group_6043	471	5459	11.5902	38	165.9394	19	165.9394
group_6044	444	2026	4.5631	15	69.4856	7	64.8533
group_6045	351	1677	4.7778	15	87.8964	7	82.0366
group_6047	6405	20156	3.1469	135	43.3512	67	43.0301
entF2	3900	12237	3.1377	83	43.7724	41	43.2450
group_6048	540	1052	1.9481	7	26.6619	3	22.8531
group_6050	420	568	1.3524	4	19.5883	2	19.5883
group_6051	1188	12719	10.7062	88	152.3537	44	152.3537
group_6052	1377	5725	4.1576	38	56.7592	19	56.7592
fabF	1251	11983	9.5787	87	143.0371	43	141.3930
group_6053	228	208	0.9123	2	18.0419	1	18.0419
group_6054	723	7585	10.4910	56	159.3076	28	159.3076
group_6055	561	937	1.6702	7	25.6639	3	21.9976
group_6056	558	302	0.5412	2	7.3720	1	7.3720
znuC	744	5024	6.7527	35	96.7569	17	93.9924
group_6062	1698	6966	4.1025	48	58.1421	24	58.1421
group_6065	501	852	1.7006	6	24.6320	3	24.6320
group_6066	309	824	2.6667	7	46.5936	3	39.9374
group_6067	714	796	1.1148	4	11.5225	2	11.5225
group_6068	213	0	0.0000	0	0.0000	0	0.0000
group_6069	126	157	1.2460	2	32.6472	1	32.6472
group_6070	211	151	0.7156	1	9.7477	0	0.0000
group_6071	528	2484	4.7045	18	70.1173	9	70.1173
group_6072	309	899	2.9094	6	39.9374	3	39.9374
group_6073	426	287	0.6737	3	14.4843	1	9.6562
tenA	627	2025	3.2297	15	49.2051	7	45.9248
group_6076	378	1224	3.2381	10	54.4120	5	54.4120
group_6079	369	889	2.4092	6	33.4435	3	33.4435
group_6081	309	266	0.8608	2	13.3125	1	13.3125
group_6082	492	1080	2.1951	8	33.4435	4	33.4435
group_6083	270	564	2.0889	4	30.4707	2	30.4707
group_6084	2667	3785	1.4192	27	20.8222	13	20.0511
group_6086	444	302	0.6802	2	9.2648	1	9.2648
group_6089	1215	4725	3.8889	33	55.8630	16	54.1702
group_6090	2271	1701	0.7490	12	10.8680	6	10.8680
group_6091	237	822	3.4684	6	52.0703	3	52.0703
group_6092	1554	5409	3.4807	37	48.9708	18	47.6473
group_6093	153	0	0.0000	0	0.0000	0	0.0000
group_6096	1539	1321	0.8583	10	13.3644	5	13.3644
group_15591	1167	192	0.1645	2	3.5249	1	3.5249
group_6099	603	0	0.0000	0	0.0000	0	0.0000
group_6100	387	3909	10.1008	30	159.4399	15	159.4399
rfaL	1287	10228	7.9472	69	110.2700	34	108.6719
group_6103	978	3848	3.9346	28	58.8852	14	58.8852
group_6104	1065	931	0.8742	6	11.5875	3	11.5875
group_6105	1269	2785	2.1946	20	32.4157	10	32.4157
group_6106	600	2757	4.5950	19	65.1312	9	61.7033
group_6108	741	302	0.4076	2	5.5513	1	5.5513
group_6109	327	1500	4.5872	11	69.1882	5	62.8983
group_6116	597	427	0.7152	3	10.3356	1	6.8904
group_6117	669	449	0.6712	3	9.2232	1	6.1488
group_6118	90	0	0.0000	0	0.0000	0	0.0000
group_6121	1776	6171	3.4747	42	48.6400	21	48.6400
group_6122	636	595	0.9355	4	12.9357	2	12.9357
group_6125	1443	13712	9.5024	94	133.9826	47	133.9826
group_6126	114	158	1.3860	2	36.0838	1	36.0838
group_6127	360	0	0.0000	0	0.0000	0	0.0000
group_6128	564	0	0.0000	0	0.0000	0	0.0000
group_6129	1677	604	0.3602	4	4.9058	2	4.9058
group_6132	573	2973	5.1885	22	78.9687	11	78.9687
group_6141	240	0	0.0000	0	0.0000	0	0.0000
group_6136	1203	9312	7.7406	66	112.8405	33	112.8405
group_6135	1338	11041	8.2519	79	121.4389	39	119.9017
group_6140	216	0	0.0000	0	0.0000	0	0.0000
group_6143	333	11448	34.3784	85	525.0027	42	518.8262
group_6144	291	545	1.8729	4	28.2718	2	28.2718
group_6145	813	302	0.3715	2	5.0597	1	5.0597
udk	1002	34079	34.0110	234	480.3247	117	480.3247
group_6149	801	4509	5.6292	32	82.1683	16	82.1683
group_6152	648	381	0.5880	3	9.5221	1	6.3481
group_6153	975	3728	3.8236	31	65.3949	15	63.2854
group_6154	1071	10022	9.3576	68	130.5889	34	130.5889
group_6157	276	441	1.5978	3	22.3563	1	14.9042
gshA	1155	10948	9.4788	77	137.1183	38	135.3376
group_6160	630	5255	8.3413	39	127.3242	19	124.0595
hpnH	1062	20546	19.3465	146	282.7582	73	282.7582
group_6161	1602	755	0.4713	5	6.4194	2	5.1355
group_6162	1032	5200	5.0388	36	71.7480	18	71.7480
group_6163	1857	10211	5.4987	75	83.0685	37	81.9609
yfcE	813	2098	2.5806	14	35.4180	7	35.4180
cysS	1440	3084	2.1417	24	34.2796	12	34.2796
group_6166	246	0	0.0000	0	0.0000	0	0.0000
group_6169	1284	3753	2.9229	28	44.8518	14	44.8518
group_6170	798	0	0.0000	0	0.0000	0	0.0000
ispE	942	9517	10.1030	66	144.1053	33	144.1053
ureD	813	5562	6.8413	38	96.1346	19	96.1346
crcB	414	2311	5.5821	16	79.4889	8	79.4889
group_6172	933	1154	1.2369	8	17.6358	4	17.6358
asnS	1365	43420	31.8095	300	452.0385	150	452.0385
group_6177	1236	1057	0.8552	7	11.6484	3	9.9843
group_6178	912	0	0.0000	0	0.0000	0	0.0000
group_6179	780	4557	5.8423	31	81.7436	15	79.1067
era	957	12875	13.4535	95	204.1731	47	202.0239
group_6180	699	496	0.7096	4	11.7698	2	11.7698
group_6182	384	0	0.0000	0	0.0000	0	0.0000
livG	774	7692	9.9380	54	143.4959	27	143.4959
thiL	969	6987	7.2105	49	104.0062	24	101.8836
group_6187	750	230	0.3067	2	5.4847	1	5.4847
group_6190	630	1265	2.0079	9	29.3825	4	26.1178
group_6191	699	0	0.0000	0	0.0000	0	0.0000
group_6192	489	561	1.1472	4	16.8243	2	16.8243
group_6193	201	0	0.0000	0	0.0000	0	0.0000
group_6195	1518	6480	4.2688	44	59.6167	22	59.6167
group_6196	543	1005	1.8508	7	26.5146	3	22.7268
virD4	2043	0	0.0000	0	0.0000	0	0.0000
group_6198	5901	4210	0.7134	28	9.7593	14	9.7593
group_6199	462	151	0.3268	1	4.4519	0	0.0000
group_6201	717	1856	2.5886	15	43.0288	7	40.1602
group_6202	663	4725	7.1267	33	102.3734	16	99.2712
group_6205	543	3116	5.7385	22	83.3316	11	83.3316
group_6206	261	151	0.5785	1	7.8804	0	0.0000
group_6207	234	0	0.0000	0	0.0000	0	0.0000
group_6208	234	0	0.0000	0	0.0000	0	0.0000
murG	1095	7930	7.2420	56	105.1867	28	105.1867
group_6210	939	6987	7.4409	48	105.1387	24	105.1387
group_6213	339	302	0.8909	2	12.1344	1	12.1344
group_6214	519	2772	5.3410	19	75.2962	9	71.3332
group_6215	2022	0	0.0000	0	0.0000	0	0.0000
group_6221	210	0	0.0000	0	0.0000	0	0.0000
group_6219	417	453	1.0863	3	14.7969	1	9.8646
group_6220	1086	1893	1.7431	13	24.6207	6	22.7268
group_6222	3051	6540	2.1436	46	31.0100	23	31.0100
group_6227	369	2644	7.1653	19	105.9044	9	100.3305
group_6229	267	151	0.5655	1	7.7033	0	0.0000
group_6230	108	208	1.9259	2	38.0884	1	38.0884
group_6231	303	812	2.6799	6	40.7282	3	40.7282
group_6233	417	262	0.6283	2	9.8646	1	9.8646
group_6234	918	4580	4.9891	32	71.6959	16	71.6959
group_6236	360	845	2.3472	6	34.2796	3	34.2796
group_19117	381	0	0.0000	0	0.0000	0	0.0000
group_6241	249	151	0.6064	1	8.2601	0	0.0000
group_6240	1041	4733	4.5466	32	63.2246	16	63.2246
desA	1071	8758	8.1774	60	115.2255	30	115.2255
group_6242	1392	2529	1.8168	16	23.6411	8	23.6411
group_6243	399	2437	6.1078	19	97.9417	9	92.7868
group_6245	162	0	0.0000	0	0.0000	0	0.0000
group_6249	162	0	0.0000	0	0.0000	0	0.0000
group_6248	261	2391	9.1609	20	157.6073	10	157.6073
group_6247	1251	8282	6.6203	56	92.0699	28	92.0699
lpp	417	1364	3.2710	12	59.1878	6	59.1878
group_6250	270	0	0.0000	0	0.0000	0	0.0000
group_6251	654	10458	15.9908	74	232.7238	37	232.7238
group_6252	675	2521	3.7348	17	51.8003	8	48.7532
group_6253	360	863	2.3972	6	34.2796	3	34.2796
group_6254	1128	512	0.4539	4	7.2935	2	7.2935
group_6255	1809	15918	8.7993	107	121.6556	53	120.5186
group_6256	1863	151	0.0811	1	1.1040	0	0.0000
cas4	594	2000	3.3670	16	55.4014	8	55.4014
purL	2271	51196	22.5434	350	316.9843	175	316.9843
group_6258	225	3667	16.2978	30	274.2367	15	274.2367
group_6259	1284	6248	4.8660	45	72.0832	22	70.4814
group_6263	330	0	0.0000	0	0.0000	0	0.0000
group_6264	675	1661	2.4607	11	33.5178	5	30.4707
dltA	6507	4903	0.7535	33	10.4309	16	10.1148
group_6267	318	711	2.2358	5	32.3392	2	25.8714
group_6268	381	1027	2.6955	7	37.7885	3	32.3902
group_6270	159	183	1.1509	2	25.8714	1	25.8714
group_6273	135	775	5.7407	8	121.8830	4	121.8830
group_6274	840	6495	7.7321	44	107.7358	22	107.7358
group_6276	252	302	1.1984	2	16.3236	1	16.3236
group_6278	414	0	0.0000	0	0.0000	0	0.0000
group_16606	1293	590	0.4563	4	6.3628	2	6.3628
group_16607	729	0	0.0000	0	0.0000	0	0.0000
group_6282	114	192	1.6842	2	36.0838	1	36.0838
group_6284	888	1828	2.0586	12	27.7943	6	27.7943
group_6285	480	0	0.0000	0	0.0000	0	0.0000
group_6287	711	2154	3.0295	15	43.3919	7	40.4991
group_6289	564	1863	3.3032	14	51.0547	7	51.0547
group_6290	222	0	0.0000	0	0.0000	0	0.0000
ycf34	249	3701	14.8635	28	231.2840	14	231.2840
group_6293	420	0	0.0000	0	0.0000	0	0.0000
group_6294	792	596	0.7525	4	10.3878	2	10.3878
group_6296	1161	3505	3.0189	23	40.7458	11	38.9742
group_6301	807	3502	4.3395	24	61.1680	12	61.1680
group_6302	1032	255	0.2471	2	3.9860	1	3.9860
group_6303	2184	0	0.0000	0	0.0000	0	0.0000
group_6304	1569	302	0.1925	2	2.6218	1	2.6218
group_6305	2139	975	0.4558	7	6.7309	3	5.7694
obgE	1029	6231	6.0554	45	89.9464	22	87.9476
group_6310	159	0	0.0000	0	0.0000	0	0.0000
group_6309	492	759	1.5427	5	20.9022	2	16.7217
iap	990	10147	10.2495	72	149.5836	36	149.5836
sufS	1263	22752	18.0143	159	258.9289	79	257.3005
group_6312	1191	13404	11.2544	93	160.6046	46	158.8777
cBSCP12	618	6334	10.2492	48	159.7495	24	159.7495
group_6313	573	2139	3.7330	16	57.4318	8	57.4318
group_6314	1266	6516	5.1469	44	71.4835	22	71.4835
group_6317	192	0	0.0000	0	0.0000	0	0.0000
group_6318	507	949	1.8718	7	28.3973	3	24.3405
group_6319	765	0	0.0000	0	0.0000	0	0.0000
group_6322	747	3603	4.8233	27	74.3413	13	71.5879
yliI	1305	6382	4.8904	44	69.3472	22	69.3472
group_6324	495	0	0.0000	0	0.0000	0	0.0000
group_6325	693	453	0.6537	3	8.9038	1	5.9359
group_6326	372	0	0.0000	0	0.0000	0	0.0000
group_6327	654	420	0.6422	3	9.4347	1	6.2898
group_6328	780	2710	3.4744	19	50.1009	9	47.4640
group_6329	633	453	0.7156	3	9.7477	1	6.4985
group_6332	2241	2539	1.1330	18	16.5203	9	16.5203
group_6334	852	906	1.0634	6	14.4843	3	14.4843
group_6335	933	1301	1.3944	9	19.8403	4	17.6358
group_6336	471	4134	8.7771	32	139.7384	16	139.7384
group_6337	555	4088	7.3658	29	107.4711	14	103.7652
group_6338	330	717	2.1727	5	31.1633	2	24.9306
group_6340	495	1556	3.1434	11	45.7061	5	41.5510
yheT	1071	7278	6.7955	50	96.0212	25	96.0212
group_6341	651	3389	5.2058	27	85.3040	13	82.1446
group_6344	852	306	0.3592	2	4.8281	1	4.8281
group_6345	399	302	0.7569	2	10.3096	1	10.3096
group_6348	345	2339	6.7797	17	101.3483	8	95.3867
group_6351	1464	12130	8.2855	84	118.0117	42	118.0117
group_6355	174	0	0.0000	0	0.0000	0	0.0000
group_6356	426	0	0.0000	0	0.0000	0	0.0000
group_6359	2124	17266	8.1290	113	109.4235	56	108.4552
asd	1038	9911	9.5482	72	142.6665	36	142.6665
sodA	864	1576	1.8241	11	26.1858	5	23.8053
group_6361	522	0	0.0000	0	0.0000	0	0.0000
group_6365	978	2218	2.2679	15	31.5456	7	29.4426
group_6364	189	711	3.7619	5	54.4120	2	43.5296
group_6366	600	3669	6.1150	26	89.1269	13	89.1269
rlmN	1026	4331	4.2212	32	64.1489	16	64.1489
group_6369	417	1206	2.8921	10	49.3231	5	49.3231
group_17160	432	0	0.0000	0	0.0000	0	0.0000
group_6370	993	2205	2.2205	15	31.0691	7	28.9978
group_6371	957	244	0.2550	2	4.2984	1	4.2984
group_6373	156	0	0.0000	0	0.0000	0	0.0000
group_6378	1488	2906	1.9530	19	26.2626	9	24.8803
group_6379	1425	3381	2.3726	24	34.6404	12	34.6404
group_6380	1068	0	0.0000	0	0.0000	0	0.0000
group_6382	108	0	0.0000	0	0.0000	0	0.0000
group_6383	642	0	0.0000	0	0.0000	0	0.0000
group_6384	909	5002	5.5028	38	85.9818	19	85.9818
cHASE2	2471	11237	4.5476	76	63.2598	38	63.2598
group_6387	771	6080	7.8859	44	117.3776	22	117.3776
gloB	687	4155	6.0480	29	86.8217	14	83.8278
group_6389	579	2727	4.7098	19	67.4935	9	63.9412
group_6390	186	0	0.0000	0	0.0000	0	0.0000
group_6391	156	0	0.0000	0	0.0000	0	0.0000
group_6393	147	0	0.0000	0	0.0000	0	0.0000
group_6394	591	425	0.7191	3	10.4405	1	6.9603
group_6396	282	1378	4.8865	10	72.9353	5	72.9353
group_6397	444	2072	4.6667	15	69.4856	7	64.8533
group_6399	240	0	0.0000	0	0.0000	0	0.0000
group_6400	204	182	0.8922	2	20.1645	1	20.1645
group_6404	447	0	0.0000	0	0.0000	0	0.0000
group_6406	213	134	0.6291	2	19.3124	1	19.3124
group_6410	333	731	2.1952	5	30.8825	2	24.7060
yidD	240	808	3.3667	6	51.4194	3	51.4194
group_6414	378	1169	3.0926	8	43.5296	4	43.5296
group_6415	372	0	0.0000	0	0.0000	0	0.0000
group_6416	465	795	1.7097	5	22.1159	2	17.6927
group_6417	300	604	2.0133	4	27.4237	2	27.4237
group_6418	234	0	0.0000	0	0.0000	0	0.0000
group_6420	210	0	0.0000	0	0.0000	0	0.0000
group_6422	528	453	0.8580	3	11.6862	1	7.7908
group_6423	360	6009	16.6917	48	274.2367	24	274.2367
group_6424	633	3201	5.0569	22	71.4835	11	71.4835
group_6425	2028	610	0.3008	4	4.0568	2	4.0568
group_6426	345	0	0.0000	0	0.0000	0	0.0000
group_6427	606	2837	4.6815	22	74.6684	11	74.6684
group_6430	783	2415	3.0843	16	42.0286	8	42.0286
group_6431	531	467	0.8795	3	11.6202	1	7.7468
group_6432	366	0	0.0000	0	0.0000	0	0.0000
group_6434	510	755	1.4804	6	24.1974	3	24.1974
group_6435	1044	2918	2.7950	16	31.5215	8	31.5215
group_6436	339	0	0.0000	0	0.0000	0	0.0000
group_6437	600	1478	2.4633	10	34.2796	5	34.2796
ppk1	2169	16912	7.7971	117	110.9464	58	109.9981
group_6438	3120	39879	12.7817	238	156.8950	119	156.8950
group_6440	180	0	0.0000	0	0.0000	0	0.0000
group_6441	372	2668	7.1720	20	110.5793	10	110.5793
group_6443	4725	15605	3.3026	83	36.1296	41	35.6943
group_6444	453	1285	2.8366	11	49.9438	5	45.4034
group_6447	2067	7284	3.5239	35	34.8269	17	33.8318
tra8	198	0	0.0000	0	0.0000	0	0.0000
group_6448	1173	2658	2.2660	18	31.5618	9	31.5618
group_6449	702	4374	6.2308	30	87.8964	15	87.8964
group_6451	4398	7236	1.6453	50	23.3831	25	23.3831
tadA	513	3068	5.9805	21	84.1955	10	80.1862
group_6453	99	75	0.7576	1	20.7755	0	0.0000
rpsP	249	1503	6.0361	15	123.9021	7	115.6420
group_6456	420	151	0.3595	1	4.8971	0	0.0000
norV	348	3526	10.1322	28	165.4877	14	165.4877
group_6458	231	688	2.9784	6	53.4227	3	53.4227
group_6460	192	389	2.0260	4	42.8495	2	42.8495
group_6462	267	448	1.6779	3	23.1098	1	15.4066
group_6463	1416	1746	1.2331	12	17.4303	6	17.4303
group_14831	597	0	0.0000	0	0.0000	0	0.0000
group_6464	153	0	0.0000	0	0.0000	0	0.0000
group_6465	279	208	0.7455	2	14.7439	1	14.7439
group_6468	159	0	0.0000	0	0.0000	0	0.0000
group_6467	2034	5574	2.7404	38	38.4255	19	38.4255
ubiX	618	4841	7.8333	35	116.4840	17	113.1559
ispG	1221	44313	36.2924	310	522.1952	155	522.1952
group_6470	570	3874	6.7965	31	111.8597	15	108.2513
group_6471	207	206	0.9952	2	19.8722	1	19.8722
group_6473	189	0	0.0000	0	0.0000	0	0.0000
group_6476	366	1056	2.8852	8	44.9568	4	44.9568
group_6478	435	1129	2.5954	8	37.8257	4	37.8257
group_6479	804	2026	2.5199	14	35.8145	7	35.8145
group_6480	3312	755	0.2280	5	3.1050	2	2.4840
group_6481	273	0	0.0000	0	0.0000	0	0.0000
group_6482	954	1593	1.6698	11	23.7154	5	21.5595
group_6484	414	3020	7.2947	23	114.2653	11	109.2972
group_6485	423	1853	4.3806	14	68.0729	7	68.0729
group_6486	681	1135	1.6667	9	27.1821	4	24.1618
group_6487	1665	9125	5.4805	63	77.8239	31	76.5886
group_6488	2241	9521	4.2485	65	59.6566	32	58.7388
group_6491	186	981	5.2742	9	99.5214	4	88.4634
group_6492	963	11720	12.1703	84	179.4072	42	179.4072
group_6494	816	9745	11.9424	68	171.3979	34	171.3979
group_6495	225	3008	13.3689	24	219.3893	12	219.3893
group_6497	228	513	2.2500	4	36.0838	2	36.0838
group_6498	303	5691	18.7822	44	298.6736	22	298.6736
group_6499	2031	1476	0.7267	10	10.1269	5	10.1269
ilvB	1854	36313	19.5863	261	289.5460	130	288.4366
ibpA	411	151	0.3674	1	5.0043	0	0.0000
group_6502	261	146	0.5594	2	15.7607	1	15.7607
glnK	318	1769	5.5629	13	84.0820	6	77.6142
rimI	621	3182	5.1240	23	76.1769	11	72.8648
cofH	1218	941	0.7726	7	11.8205	3	10.1319
group_6503	288	82	0.2847	2	14.2832	1	14.2832
group_6505	288	0	0.0000	0	0.0000	0	0.0000
group_6506	981	5122	5.2212	36	75.4780	18	75.4780
group_6508	333	1024	3.0751	8	49.4120	4	49.4120
group_6509	426	0	0.0000	0	0.0000	0	0.0000
adhE	2694	41608	15.4447	289	220.6414	144	219.8780
group_6510	645	830	1.2868	7	22.3216	3	19.1328
purC	726	7694	10.5978	56	158.6493	28	158.6493
group_6511	396	6206	15.6717	44	228.5306	22	228.5306
group_6513	696	0	0.0000	0	0.0000	0	0.0000
group_6514	858	151	0.1760	1	2.3972	0	0.0000
group_6515	660	1057	1.6015	7	21.8143	3	18.6980
ndhO	252	1672	6.6349	14	114.2653	7	114.2653
group_6517	390	0	0.0000	0	0.0000	0	0.0000
group_6520	7899	33753	4.2731	188	48.9522	94	48.9522
ldcB	747	3444	4.6104	24	66.0811	12	66.0811
pip	1095	2316	2.1151	16	30.0533	8	30.0533
group_6522	159	0	0.0000	0	0.0000	0	0.0000
group_6524	573	1180	2.0593	9	32.3054	4	28.7159
group_6525	669	5210	7.7877	39	119.9017	19	116.8273
group_6526	1731	2802	1.6187	19	22.5758	9	21.3876
group_6527	216	0	0.0000	0	0.0000	0	0.0000
group_6529	141	0	0.0000	0	0.0000	0	0.0000
spoT	3042	20238	6.6529	141	95.3338	70	94.6576
group_6531	579	0	0.0000	0	0.0000	0	0.0000
group_6532	1002	3140	3.1337	21	43.1061	10	41.0534
group_6533	759	6081	8.0119	42	113.8136	21	113.8136
group_6534	972	130	0.1337	2	4.2320	1	4.2320
group_6535	492	0	0.0000	0	0.0000	0	0.0000
group_6536	882	6816	7.7279	46	107.2695	23	107.2695
group_6537	429	268	0.6247	2	9.5887	1	9.5887
argG	1323	21589	16.3182	152	236.3037	76	236.3037
group_6540	669	0	0.0000	0	0.0000	0	0.0000
group_6541	1029	9501	9.2332	67	133.9202	33	131.9214
group_6542	237	0	0.0000	0	0.0000	0	0.0000
group_6543	249	246	0.9880	2	16.5203	1	16.5203
group_6544	255	0	0.0000	0	0.0000	0	0.0000
group_6545	345	302	0.8754	2	11.9233	1	11.9233
gyrB	3228	47736	14.7881	297	189.2386	148	188.6014
group_6551	1686	11873	7.0421	80	97.5931	40	97.5931
gnd	1428	40360	28.2633	287	413.3715	143	411.9312
group_6552	106	0	0.0000	0	0.0000	0	0.0000
spoIVFB	1230	11304	9.1902	77	128.7575	38	127.0853
group_6557	1284	566	0.4408	4	6.4074	2	6.4074
group_6563	189	297	1.5714	2	21.7648	1	21.7648
group_6564	5175	9928	1.9185	68	27.0262	34	27.0262
cobN	3642	33053	9.0755	228	128.7602	114	128.7602
group_6567	459	302	0.6580	2	8.9620	1	8.9620
lexA	615	5604	9.1122	40	133.7740	20	133.7740
group_6570	855	755	0.8830	5	12.0279	2	9.6223
acrB	3303	28745	8.7027	196	122.0490	98	122.0490
group_6571	762	674	0.8845	5	13.4959	2	10.7967
group_6574	831	0	0.0000	0	0.0000	0	0.0000
group_6575	3210	31793	9.9044	220	140.9628	110	140.9628
group_6577	324	465	1.4352	4	25.3923	2	25.3923
gcvP	3045	22558	7.4082	164	110.7754	82	110.7754
group_6578	756	299	0.3955	2	5.4412	1	5.4412
ycf37	537	3881	7.2272	30	114.9036	15	114.9036
group_6579	2700	22497	8.3322	155	118.0741	77	117.3124
group_6580	297	1373	4.6229	11	76.1769	5	69.2517
group_6583	759	536	0.7062	4	10.8394	2	10.8394
petC	540	4660	8.6296	36	137.1183	18	137.1183
hsdM	3330	9709	2.9156	64	39.5296	32	39.5296
group_6586	2655	6354	2.3932	42	32.5366	21	32.5366
gyrA	2691	46019	17.1011	320	244.5812	160	244.5812
tM2	399	2665	6.6792	19	97.9417	9	92.7868
group_6587	2430	302	0.1243	2	1.6928	1	1.6928
group_6589	2004	14361	7.1662	101	103.6598	50	102.6335
group_6590	1137	0	0.0000	0	0.0000	0	0.0000
group_6591	168	220	1.3095	2	24.4854	1	24.4854
ilvE	969	11323	11.6852	80	169.8060	40	169.8060
cutA1	339	151	0.4454	1	6.0672	0	0.0000
group_6592	1239	3609	2.9128	25	41.5007	12	39.8407
group_6593	984	3009	3.0579	20	41.8044	10	41.8044
group_6594	582	4061	6.9777	30	106.0193	15	106.0193
group_6595	468	1475	3.1517	10	43.9482	5	43.9482
group_6597	555	1575	2.8378	12	44.4708	6	44.4708
group_6598	3828	18589	4.8561	124	66.6249	62	66.6249
group_6599	3516	453	0.1288	3	1.7549	1	1.1700
group_6601	2238	2887	1.2900	20	18.3805	10	18.3805
prs	993	13054	13.1460	95	196.7710	47	194.6998
group_6606	678	0	0.0000	0	0.0000	0	0.0000
group_6607	2166	604	0.2789	4	3.7983	2	3.7983
ndk	510	1954	3.8314	14	56.4605	7	56.4605
group_6610	99	0	0.0000	0	0.0000	0	0.0000
group_6611	165	129	0.7818	1	12.4653	0	0.0000
group_6613	1209	8051	6.6592	57	96.9695	28	95.2683
group_6614	2169	32040	14.7718	225	213.3584	112	212.4102
miaE	585	4260	7.2821	30	105.4756	15	105.4756
group_6618	159	0	0.0000	0	0.0000	0	0.0000
group_6619	2082	54765	26.3040	379	374.4082	189	373.4203
group_6620	960	0	0.0000	0	0.0000	0	0.0000
group_6621	156	0	0.0000	0	0.0000	0	0.0000
group_6622	552	829	1.5018	6	22.3563	3	22.3563
group_6623	225	440	1.9556	4	36.5649	2	36.5649
group_6624	219	762	3.4795	8	75.1333	4	75.1333
group_6628	2049	17396	8.4900	123	123.4667	61	122.4629
group_6627	537	2830	5.2700	20	76.6024	10	76.6024
recR	735	1744	2.3728	13	36.3783	6	33.5800
group_6632	2037	1510	0.7413	10	10.0971	5	10.0971
group_6631	474	3353	7.0738	25	108.4797	12	104.1405
group_6633	2019	44702	22.1407	313	318.8562	156	317.8375
group_6635	2013	1991	0.9891	14	14.3044	7	14.3044
gDB1	1989	12511	6.2901	85	87.8964	42	86.8623
group_6642	426	0	0.0000	0	0.0000	0	0.0000
group_6643	825	2416	2.9285	16	39.8890	8	39.8890
group_6644	1452	8857	6.0999	62	87.8237	31	87.8237
fAA1	1920	14450	7.5260	104	111.4087	52	111.4087
group_6646	1902	14382	7.5615	97	104.8934	48	103.8120
group_6647	222	302	1.3604	2	18.5295	1	18.5295
group_6649	699	0	0.0000	0	0.0000	0	0.0000
cbiN	315	151	0.4794	1	6.5294	0	0.0000
pyrR	621	4524	7.2850	33	109.2972	16	105.9852
lolD	744	3264	4.3871	23	63.5831	11	60.8186
group_6650	1854	12969	6.9951	89	98.7341	44	97.6247
group_6653	1839	1192	0.6482	8	8.9474	4	8.9474
group_6654	591	2590	4.3824	19	66.1231	9	62.6429
group_6656	1251	6180	4.9400	44	72.3406	22	72.3406
group_6657	1185	302	0.2549	2	3.4714	1	3.4714
group_6658	660	979	1.4833	7	21.8143	3	18.6980
group_6659	1764	3065	1.7375	24	27.9833	12	27.9833
group_6660	1806	8634	4.7807	59	67.1925	29	66.0537
group_6661	684	906	1.3246	6	18.0419	3	18.0419
group_6662	165	0	0.0000	0	0.0000	0	0.0000
dxs	1911	33245	17.3967	231	248.6212	115	247.5449
rnjA	1749	14987	8.5689	111	130.5329	55	129.3569
group_6667	1749	3607	2.0623	24	28.2233	12	28.2233
group_6668	759	4622	6.0896	36	97.5546	18	97.5546
group_6670	813	1057	1.3001	7	17.7090	3	15.1792
group_6671	1743	1730	0.9925	12	14.1602	6	14.1602
leuA	1179	1592	1.3503	12	20.9341	6	20.9341
group_6673	1719	25269	14.6998	178	212.9761	89	212.9761
pabB	1338	9178	6.8595	62	95.3065	31	95.3065
aroA	1398	10726	7.6724	73	107.3996	36	105.9283
gsiA	1764	14166	8.0306	97	113.0993	48	111.9333
group_6677	714	2994	4.1933	22	63.3740	11	63.3740
group_6678	1707	1450	0.8494	10	12.0491	5	12.0491
group_6679	1677	874	0.5212	6	7.3588	3	7.3588
prfC	1656	29503	17.8158	207	257.0969	103	255.8549
yhcF	1050	9159	8.7229	64	125.3653	32	125.3653
group_6680	1653	36034	21.7992	255	317.2884	127	316.0441
group_6684	708	1281	1.8093	8	23.2404	4	23.2404
cobC	1344	9703	7.2195	68	104.0630	34	104.0630
group_6690	1056	2378	2.2519	16	31.1633	8	31.1633
pgm	1842	18689	10.1460	129	144.0413	64	142.9247
group_6693	981	302	0.3078	2	4.1932	1	4.1932
group_6694	1926	2003	1.0400	14	14.9506	7	14.9506
group_6695	1614	1661	1.0291	11	14.0177	5	12.7433
group_6696	1602	40830	25.4869	280	359.4863	140	359.4863
group_6700	261	0	0.0000	0	0.0000	0	0.0000
group_6698	330	0	0.0000	0	0.0000	0	0.0000
sufB	1593	69133	43.3980	481	621.0351	240	619.7439
sufC	771	7355	9.5396	54	144.0543	27	144.0543
sufD	1503	10437	6.9441	70	95.7913	35	95.7913
bglX	1584	11847	7.4792	80	103.8775	40	103.8775
group_6702	1578	2837	1.7978	22	28.6749	11	28.6749
hyuB	1572	14729	9.3696	103	134.7633	51	133.4549
group_6704	1014	7292	7.1913	49	99.3905	24	97.3621
group_6705	423	367	0.8676	3	14.5871	1	9.7247
group_6707	1563	64808	41.4639	445	585.5822	222	584.2663
nuoM	1602	15620	9.7503	109	139.9429	54	138.6590
group_6710	366	80	0.2186	1	5.6196	0	0.0000
group_6712	1584	2896	1.8283	21	27.2679	10	25.9694
group_6713	1302	110638	84.9754	748	1181.6189	374	1181.6189
group_6714	1539	10369	6.7375	71	94.8870	35	93.5505
group_6717	351	0	0.0000	0	0.0000	0	0.0000
group_6718	1704	6617	3.8832	47	56.7303	23	55.5233
group_6719	327	9575	29.2813	73	459.1578	36	452.8679
group_6720	882	2042	2.3152	14	32.6472	7	32.6472
group_6721	252	155	0.6151	2	16.3236	1	16.3236
radA	1527	28233	18.4892	197	265.3469	98	264.0000
lnt	1557	14648	9.4078	103	136.0616	51	134.7406
group_6723	300	0	0.0000	0	0.0000	0	0.0000
group_6729	495	0	0.0000	0	0.0000	0	0.0000
group_6730	1533	9280	6.0535	65	87.2083	32	85.8667
group_6731	381	1702	4.4672	12	64.7803	6	64.7803
group_6733	114	0	0.0000	0	0.0000	0	0.0000
group_6735	606	1659	2.7376	12	40.7282	6	40.7282
group_6736	1464	10785	7.3668	76	106.7725	38	106.7725
group_6737	642	604	0.9408	4	12.8148	2	12.8148
group_6738	564	0	0.0000	0	0.0000	0	0.0000
group_6739	552	3294	5.9674	24	89.4250	12	89.4250
group_6740	579	0	0.0000	0	0.0000	0	0.0000
group_6742	903	0	0.0000	0	0.0000	0	0.0000
group_6743	789	604	0.7655	4	10.4273	2	10.4273
group_6744	840	1380	1.6429	10	24.4854	5	24.4854
ybeY	513	3730	7.2710	27	108.2513	13	104.2420
recQ	1452	10417	7.1742	71	100.5723	35	99.1558
group_6745	753	3438	4.5657	24	65.5546	12	65.5546
group_6746	189	846	4.4762	6	65.2944	3	65.2944
gltX	1443	14526	10.0665	104	148.2360	52	148.2360
group_6747	315	151	0.4794	1	6.5294	0	0.0000
group_6748	444	0	0.0000	0	0.0000	0	0.0000
group_6749	279	346	1.2401	3	22.1159	1	14.7439
group_6755	198	202	1.0202	2	20.7755	1	20.7755
glnA	1422	14853	10.4451	104	150.4252	52	150.4252
group_6757	1122	1252	1.1159	9	16.4982	4	14.6651
bchN	1401	31867	22.7459	222	325.9130	111	325.9130
rbfA	411	2626	6.3893	19	95.0821	9	90.0777
group_6760	270	86	0.3185	2	15.2354	1	15.2354
ugd	1386	21125	15.2417	145	215.1749	72	213.6909
sulP	1689	14065	8.3274	96	116.9037	48	116.9037
group_6761	798	1661	2.0815	11	28.3515	5	25.7741
thiC	1383	24337	17.5973	171	254.3084	85	252.8212
ppnK	966	4897	5.0694	37	78.7792	18	76.6500
group_6762	489	0	0.0000	0	0.0000	0	0.0000
group_6763	1824	1359	0.7451	9	10.1486	4	9.0209
piuC	864	5432	6.2870	37	88.0795	18	85.6990
group_6764	156	0	0.0000	0	0.0000	0	0.0000
mlaD	1392	10258	7.3693	71	104.9074	35	103.4298
group_6765	1380	0	0.0000	0	0.0000	0	0.0000
group_6767	210	213	1.0143	2	19.5883	1	19.5883
rlmK	1185	8846	7.4650	61	105.8762	30	104.1405
opcA	1356	11582	8.5413	83	125.8941	41	124.3773
group_6769	1323	9567	7.2313	65	101.0509	32	99.4963
purA	1344	35137	26.1436	252	385.6453	126	385.6453
ctaA	951	7962	8.3722	58	125.4395	29	125.4395
group_6770	1335	23467	17.5783	159	244.9642	79	243.4236
tig	1398	11644	8.3290	79	116.2269	39	114.7557
clpX	1335	39108	29.2944	285	439.0868	142	437.5462
trkG	1335	12392	9.2824	87	134.0370	43	132.4964
spoIID	1599	12607	7.8843	91	117.0522	45	115.7660
group_6772	1212	62087	51.2269	427	724.6229	213	722.9259
group_6773	741	1208	1.6302	8	22.2054	4	22.2054
group_6774	660	0	0.0000	0	0.0000	0	0.0000
group_6775	759	0	0.0000	0	0.0000	0	0.0000
group_6776	612	140	0.2288	2	6.7215	1	6.7215
group_6777	741	151	0.2038	1	2.7757	0	0.0000
group_6778	1476	2572	1.7425	17	23.6891	8	22.2957
group_6779	837	50291	60.0848	344	845.3174	172	845.3174
group_6783	2031	29342	14.4471	208	210.6397	104	210.6397
pepP	1332	38067	28.5788	265	409.1933	132	407.6491
group_6784	135	0	0.0000	0	0.0000	0	0.0000
group_6785	1320	604	0.4576	4	6.2327	2	6.2327
group_6786	1305	69068	52.9257	471	742.3303	235	740.7543
group_6787	474	3412	7.1983	26	112.8189	13	112.8189
fba	1080	35381	32.7602	246	468.4877	123	468.4877
group_6788	189	0	0.0000	0	0.0000	0	0.0000
fabH	1002	9103	9.0848	63	129.3182	31	127.2655
group_6791	1314	9062	6.8965	64	100.1778	32	100.1778
group_6793	1365	11986	8.7810	84	126.5708	42	126.5708
pyk	1422	7972	5.6062	56	80.9982	28	80.9982
group_6794	183	0	0.0000	0	0.0000	0	0.0000
group_6798	1329	10867	8.1768	75	116.0708	37	114.5232
group_6800	780	302	0.3872	2	5.2738	1	5.2738
group_6801	471	4854	10.3057	35	152.8389	17	148.4721
gltD	1485	26590	17.9057	194	268.6966	97	268.6966
group_6803	501	682	1.3613	6	24.6320	3	24.6320
trpB	1278	33040	25.8529	237	381.4207	118	379.8114
tauA	1233	9437	7.6537	63	105.0907	31	103.4226
group_6805	399	1155	2.8947	8	41.2386	4	41.2386
group_6806	1638	1071	0.6538	8	10.0453	4	10.0453
group_6809	1272	11408	8.9686	80	129.3569	40	129.3569
group_6810	3069	6252	2.0371	43	28.8176	21	28.1475
group_6811	2100	1359	0.6471	9	8.8148	4	7.8353
group_6812	1254	0	0.0000	0	0.0000	0	0.0000
group_6814	1200	6218	5.1817	43	73.7011	21	71.9871
vacB	2259	26474	11.7193	188	171.1703	94	171.1703
nusA	1197	12893	10.7711	90	154.6447	45	154.6447
dgkA	489	2266	4.6339	18	75.7095	9	75.7095
group_6817	1191	7852	6.5928	57	98.4351	28	96.7082
group_6818	147	0	0.0000	0	0.0000	0	0.0000
group_6819	915	12594	13.7639	87	195.5622	43	193.3144
group_6820	1701	20028	11.7743	140	169.2819	70	169.2819
group_6821	1266	14916	11.7820	104	168.9610	52	168.9610
paaJ	1191	7202	6.0470	49	84.6196	24	82.8927
group_6825	1353	285	0.2106	2	3.0403	1	3.0403
group_6827	2313	1961	0.8478	17	15.1168	8	14.2276
kefB	1512	3368	2.2275	23	31.2869	11	29.9266
group_6828	354	0	0.0000	0	0.0000	0	0.0000
group_6829	2220	453	0.2041	3	2.7794	1	1.8530
group_6830	2133	3070	1.4393	21	20.2495	10	19.2853
group_6832	366	453	1.2377	3	16.8588	1	11.2392
group_6833	198	0	0.0000	0	0.0000	0	0.0000
pnp	2169	19652	9.0604	137	129.9116	68	128.9633
group_6834	810	2114	2.6099	14	35.5492	7	35.5492
ppro0129	1278	7629	5.9695	51	82.0779	25	80.4685
group_6835	972	6100	6.2757	43	90.9890	21	88.8730
mtnW	1161	3020	2.6012	20	35.4311	10	35.4311
group_6836	1200	12278	10.2317	87	149.1162	43	147.4022
group_6837	555	2626	4.7315	20	74.1180	10	74.1180
bioF	1329	11587	8.7186	78	120.7137	39	120.7137
group_6838	1308	8104	6.1957	55	86.4852	27	84.9127
urtC	1155	14551	12.5983	102	181.6373	51	181.6373
yheB	1266	4828	3.8136	38	61.7357	19	61.7357
group_6841	1176	4965	4.2219	34	59.4646	17	59.4646
group_6843	768	5648	7.3542	41	109.8018	20	107.1237
proB	1167	11447	9.8089	80	140.9957	40	140.9957
group_6844	291	969	3.3299	7	49.4757	3	42.4077
group_6847	678	3503	5.1667	25	75.8398	12	72.8062
group_6846	195	839	4.3026	7	73.8330	3	63.2854
group_6849	420	1106	2.6333	8	39.1767	4	39.1767
group_6850	1701	0	0.0000	0	0.0000	0	0.0000
group_6851	1194	1480	1.2395	10	17.2259	5	17.2259
group_6853	270	940	3.4815	7	53.3238	3	45.7061
group_6854	1131	19546	17.2821	137	249.1408	68	247.3222
group_6855	393	302	0.7684	2	10.4670	1	10.4670
purK	1152	6493	5.6363	43	76.7720	21	74.9866
livH	975	9705	9.9538	69	145.5564	34	143.4469
rsgA	1077	8254	7.6639	56	106.9447	28	106.9447
group_6857	1119	4527	4.0456	32	58.8175	16	58.8175
ddaH	1119	151	0.1349	1	1.8380	0	0.0000
group_6860	906	0	0.0000	0	0.0000	0	0.0000
nanE	717	5793	8.0795	41	117.6120	20	114.7434
group_6861	936	5319	5.6827	37	81.3041	18	79.1067
group_6862	1122	8312	7.4082	57	104.4886	28	102.6554
gldA	1110	9836	8.8613	70	129.7065	35	129.7065
group_6865	138	206	1.4928	2	29.8083	1	29.8083
group_6866	1104	302	0.2736	2	3.7260	1	3.7260
group_6867	2019	2551	1.2635	17	17.3181	8	16.2994
rssA	1098	8564	7.7996	59	110.5189	29	108.6457
group_6869	768	0	0.0000	0	0.0000	0	0.0000
group_6870	1092	2822	2.5842	21	39.5534	10	37.6699
pilF	756	1505	1.9907	11	29.9266	5	27.2060
group_6871	660	1820	2.7576	13	40.5122	6	37.3959
group_6872	684	0	0.0000	0	0.0000	0	0.0000
rseP	1485	9017	6.0721	64	88.6422	32	88.6422
group_6873	1146	8137	7.1003	55	98.7108	27	96.9161
group_6875	297	601	2.0236	4	27.7007	2	27.7007
group_6876	105	0	0.0000	0	0.0000	0	0.0000
ald	1119	7115	6.3584	54	99.2546	27	99.2546
group_6877	1083	453	0.4183	3	5.6974	1	3.7983
group_6878	303	482	1.5908	4	27.1521	2	27.1521
pepA	1476	19178	12.9932	137	190.9066	68	189.5132
group_6879	474	0	0.0000	0	0.0000	0	0.0000
group_6880	765	280	0.3660	2	5.3772	1	5.3772
group_6881	204	0	0.0000	0	0.0000	0	0.0000
group_6882	624	932	1.4936	7	23.0728	3	19.7767
group_6883	1080	6133	5.6787	41	78.0813	20	76.1769
group_6884	441	151	0.3424	1	4.6639	0	0.0000
group_6885	1080	0	0.0000	0	0.0000	0	0.0000
group_6886	438	1489	3.3995	10	46.9583	5	46.9583
group_6887	561	302	0.5383	2	7.3325	1	7.3325
hrcA	1095	8002	7.3078	56	105.1867	28	105.1867
group_6889	228	3097	13.5833	27	243.5655	13	234.5445
sbcC	3024	26083	8.6253	181	123.1072	90	122.4271
glyS	2133	23861	11.1866	169	162.9606	84	161.9964
ubiH	1236	12247	9.9086	85	141.4449	42	139.7808
group_6891	1071	8130	7.5910	58	111.3846	29	111.3846
group_6892	783	2849	3.6386	21	55.1626	10	52.5358
hypA	351	1893	5.3932	13	76.1769	6	70.3171
group_6894	1068	598	0.5599	4	7.7033	2	7.7033
group_6895	327	0	0.0000	0	0.0000	0	0.0000
group_6896	3951	4765	1.2060	32	16.6583	16	16.6583
group_6897	168	269	1.6012	2	24.4854	1	24.4854
group_6898	291	0	0.0000	0	0.0000	0	0.0000
group_6901	666	1362	2.0450	10	30.8825	5	30.8825
aroF	1056	11301	10.7017	79	153.8686	39	151.9209
group_6902	441	2716	6.1587	16	74.6222	8	74.6222
group_6903	234	251	1.0726	3	26.3689	1	17.5793
fbp	1047	21231	20.2779	145	284.8447	72	282.8802
group_6905	1575	402	0.2552	3	3.9177	1	2.6118
rnc	873	3495	4.0034	25	58.8996	12	56.5436
mreB	1041	4629	4.4467	32	63.2246	16	63.2246
mreD	582	2217	3.8093	15	53.0097	7	49.4757
group_6908	855	2567	3.0023	17	40.8949	8	38.4894
gCD1	729	2217	3.0412	15	42.3205	7	39.4991
group_6911	132	0	0.0000	0	0.0000	0	0.0000
group_6912	1038	3700	3.5645	33	65.3888	16	63.4073
group_6913	966	15255	15.7919	104	221.4333	52	221.4333
group_6915	1017	8561	8.4179	63	127.4108	31	125.3885
group_6916	1137	6396	5.6253	45	81.4027	22	79.5938
nagA	1152	10186	8.8420	71	126.7631	35	124.9777
group_6917	315	1429	4.5365	10	65.2944	5	65.2944
yraQ	1011	8659	8.5648	59	120.0294	29	117.9950
group_6919	243	302	1.2428	2	16.9282	1	16.9282
group_6920	1002	1157	1.1547	8	16.4214	4	16.4214
mviM	1029	6229	6.0534	43	85.9488	21	83.9500
lgt	870	9089	10.4471	64	151.3030	32	151.3030
group_6922	522	2436	4.6667	19	74.8635	9	70.9233
aroE	909	8428	9.2717	60	135.7607	30	135.7607
group_6923	3375	3461	1.0255	26	15.8448	13	15.8448
hisM	996	7210	7.2390	50	103.2518	25	103.2518
group_6924	630	0	0.0000	0	0.0000	0	0.0000
ccsB	987	19187	19.4397	140	291.7412	70	291.7412
group_6925	1323	8767	6.6266	61	94.8324	30	93.2778
group_6926	795	8263	10.3937	56	144.8798	28	144.8798
group_6928	1326	2425	1.8288	17	26.3689	8	24.8178
group_6929	654	302	0.4618	2	6.2898	1	6.2898
group_6930	981	1062	1.0826	8	16.7729	4	16.7729
group_6931	981	26713	27.2304	184	385.7764	92	385.7764
group_6932	354	151	0.4266	1	5.8101	0	0.0000
ybjT	978	9039	9.2423	65	136.6977	32	134.5947
group_6933	546	4070	7.4542	30	113.0096	15	113.0096
sds	972	11766	12.1049	84	177.7460	42	177.7460
group_6934	978	453	0.4632	3	6.3091	1	4.2061
holB	966	8129	8.4151	57	121.3625	28	119.2333
rfaF	963	3425	3.5566	24	51.2592	12	51.2592
group_6937	1152	3688	3.2014	25	44.6349	12	42.8495
group_6938	2235	2425	1.0850	16	14.7241	8	14.7241
group_6939	960	7602	7.9188	56	119.9786	28	119.9786
rpoD	957	16764	17.5172	123	264.3504	61	262.2012
group_6941	978	8129	8.3119	58	121.9764	29	121.9764
group_6942	639	292	0.4570	2	6.4375	1	6.4375
group_6943	822	4089	4.9745	28	70.0605	14	70.0605
group_6944	231	0	0.0000	0	0.0000	0	0.0000
pgpB	714	5756	8.0616	40	115.2255	20	115.2255
cysC	555	3855	6.9459	26	96.3534	13	96.3534
purS	297	1115	3.7542	9	62.3265	4	55.4014
group_6948	2265	22588	9.9726	158	143.4748	79	143.4748
group_6949	1074	7351	6.8445	53	101.4982	26	99.5832
gldG	1527	11252	7.3687	77	103.7143	38	102.3673
group_6951	1221	5418	4.4373	40	67.3800	20	67.3800
group_6952	939	15431	16.4334	106	232.1812	53	232.1812
group_6953	1062	3860	3.6347	27	52.2909	13	50.3542
murE	1431	12952	9.0510	93	133.6688	46	132.2315
group_6955	477	3372	7.0692	23	99.1736	11	94.8617
group_6956	933	4844	5.1919	33	72.7477	16	70.5432
ycbX	792	4427	5.5896	32	83.1020	16	83.1020
group_6957	144	196	1.3611	2	28.5663	1	28.5663
lepB	591	4654	7.8748	35	121.8056	17	118.3255
group_6959	954	0	0.0000	0	0.0000	0	0.0000
group_6960	915	857	0.9366	7	15.7349	3	13.4871
group_6962	1299	5106	3.9307	36	57.0007	18	57.0007
group_6964	2757	2779	1.0080	20	14.9204	10	14.9204
group_6965	165	0	0.0000	0	0.0000	0	0.0000
pstB	1017	29905	29.4051	210	424.7028	105	424.7028
group_6966	225	0	0.0000	0	0.0000	0	0.0000
group_6967	177	234	1.3220	2	23.2404	1	23.2404
group_6969	906	6051	6.6788	45	102.1577	22	99.8875
pstC	960	6809	7.0927	48	102.8388	24	102.8388
group_6972	156	217	1.3910	2	26.3689	1	26.3689
group_6973	339	506	1.4926	4	24.2687	2	24.2687
group_6974	306	1932	6.3137	15	100.8223	7	94.1008
group_6975	894	8062	9.0179	58	133.4373	29	133.4373
group_6976	957	0	0.0000	0	0.0000	0	0.0000
tab2	882	7966	9.0317	55	128.2570	27	125.9250
group_6979	153	0	0.0000	0	0.0000	0	0.0000
group_6980	309	0	0.0000	0	0.0000	0	0.0000
group_6981	867	7188	8.2907	52	123.3591	26	123.3591
group_6982	867	755	0.8708	5	11.8614	2	9.4892
group_6983	585	302	0.5162	2	7.0317	1	7.0317
group_6984	204	393	1.9265	4	40.3289	2	40.3289
group_6985	198	1100	5.5556	9	93.4898	4	83.1020
group_15302	720	302	0.4194	2	5.7133	1	5.7133
group_6986	669	3003	4.4888	20	61.4880	10	61.4880
ybhL	849	7034	8.2850	52	125.9744	26	125.9744
ypfJ	621	2900	4.6699	20	66.2407	10	66.2407
group_6990	846	622	0.7352	4	9.7247	2	9.7247
group_6991	1089	8970	8.2369	62	117.0983	31	117.0983
group_6992	843	6181	7.3321	41	100.0330	20	97.5931
group_6993	342	1283	3.7515	9	54.1257	4	48.1117
aCT3	840	3322	3.9548	22	53.8679	11	53.8679
group_6994	249	1240	4.9799	9	74.3413	4	66.0811
lpxA	837	8254	9.8614	63	154.8110	31	152.3537
group_6995	457	3250	7.1116	24	108.0144	12	108.0144
group_6996	576	906	1.5729	6	21.4247	3	21.4247
group_6997	186	0	0.0000	0	0.0000	0	0.0000
group_7000	1407	7928	5.6347	56	81.8617	28	81.8617
group_17222	420	12571	29.9310	92	450.5317	46	450.5317
group_7002	393	1144	2.9109	9	47.1017	4	41.8682
group_7003	387	0	0.0000	0	0.0000	0	0.0000
ycf66	822	5616	6.8321	42	105.0907	21	105.0907
tolB	522	3739	7.1628	29	114.2653	14	110.3251
group_7004	822	278	0.3382	2	5.0043	1	5.0043
group_7005	1890	24762	13.1016	170	185.0009	85	185.0009
group_7007	1455	12171	8.3649	85	120.1552	42	118.7417
group_7008	351	2828	8.0570	24	140.6342	12	140.6342
accD	960	10682	11.1271	77	164.9705	38	162.8280
group_7010	1692	604	0.3570	4	4.8624	2	4.8624
group_7012	807	1584	1.9628	12	30.5840	6	30.5840
group_7014	219	662	3.0228	5	46.9583	2	37.5667
bepA	801	9417	11.7566	67	172.0399	33	169.4721
group_7016	801	1226	1.5306	10	25.6776	5	25.6776
group_7019	798	604	0.7569	4	10.3096	2	10.3096
group_7020	1485	38641	26.0209	264	365.6489	132	365.6489
group_7022	222	0	0.0000	0	0.0000	0	0.0000
ycgM	792	5788	7.3081	40	103.8775	20	103.8775
group_7023	912	5234	5.7390	38	85.6990	19	85.6990
group_7025	177	176	0.9944	2	23.2404	1	23.2404
group_7026	753	604	0.8021	4	10.9258	2	10.9258
group_7027	783	5935	7.5798	44	115.5787	22	115.5787
group_7028	390	302	0.7744	2	10.5476	1	10.5476
group_17731	1104	600	0.5435	4	7.4521	2	7.4521
group_7029	1089	549	0.5041	4	7.5547	2	7.5547
fabI	891	13620	15.2862	100	230.8390	50	230.8390
group_7031	3306	2483	0.7511	17	10.5763	8	9.9541
group_7033	777	2187	2.8147	15	39.7061	7	37.0590
group_7034	1998	12202	6.1071	82	84.4122	41	84.4122
group_7035	966	0	0.0000	0	0.0000	0	0.0000
scpA	786	7686	9.7786	54	141.3052	27	141.3052
hdhA	768	1392	1.8125	10	26.7809	5	26.7809
group_7041	1326	8435	6.3612	60	93.0667	30	93.0667
group_7042	768	3785	4.9284	27	72.3085	13	69.6304
group_7043	756	2077	2.7474	15	40.8090	7	38.0884
group_17236	591	22840	38.6464	162	563.7861	81	563.7861
group_7044	765	756	0.9882	6	16.1316	3	16.1316
group_7045	924	2532	2.7403	17	37.8411	8	35.6152
cobK	747	2918	3.9063	20	55.0676	10	55.0676
psbQ	525	1691	3.2210	14	54.8473	7	54.8473
group_7047	246	0	0.0000	0	0.0000	0	0.0000
group_7048	1839	14091	7.6623	96	107.3684	48	107.3684
group_7049	1143	9354	8.1837	68	122.3628	34	122.3628
group_7050	1647	1308	0.7942	9	11.2392	4	9.9904
group_7051	1098	290	0.2641	2	3.7464	1	3.7464
wecG	735	6408	8.7184	47	131.5217	23	128.7233
maf	699	3773	5.3977	27	79.4463	13	76.5038
group_7052	1605	22958	14.3040	163	208.8812	81	207.5997
group_7053	1512	4394	2.9061	29	39.4487	14	38.0884
group_17163	396	246	0.6212	2	10.3878	1	10.3878
group_7055	522	302	0.5785	2	7.8804	1	7.8804
group_7056	2970	1642	0.5529	12	8.3102	6	8.3102
sfsA	720	5103	7.0875	36	102.8388	18	102.8388
group_7057	1203	9499	7.8961	67	114.5502	33	112.8405
group_7058	462	453	0.9805	3	13.3557	1	8.9038
group_7059	711	4972	6.9930	35	101.2477	17	98.3549
group_7061	3291	4263	1.2954	29	18.1241	14	17.4992
group_7062	3666	8212	2.2400	51	28.6131	25	28.0520
group_7063	1677	12180	7.2630	85	104.2492	42	103.0227
group_7064	288	669	2.3229	5	35.7079	2	28.5663
group_7065	426	1269	2.9789	9	43.4530	4	38.6249
glnA3	2172	54127	24.9203	383	362.6818	191	361.7349
group_7067	207	0	0.0000	0	0.0000	0	0.0000
group_7068	216	0	0.0000	0	0.0000	0	0.0000
group_7069	288	0	0.0000	0	0.0000	0	0.0000
group_7070	150	130	0.8667	2	27.4237	1	27.4237
group_7072	699	0	0.0000	0	0.0000	0	0.0000
group_7073	1176	0	0.0000	0	0.0000	0	0.0000
group_7075	657	659	1.0030	5	15.6528	2	12.5222
group_7076	375	0	0.0000	0	0.0000	0	0.0000
trmD	696	7186	10.3247	50	147.7568	25	147.7568
group_7079	753	1507	2.0013	11	30.0459	5	27.3144
group_7080	453	2517	5.5563	18	81.7262	9	81.7262
group_7084	354	1339	3.7825	10	58.1010	5	58.1010
group_7085	777	3044	3.9176	21	55.5885	10	52.9414
group_7087	606	3659	6.0380	28	95.0325	14	95.0325
group_7090	2454	17421	7.0990	111	93.0326	55	92.1945
group_7089	408	2208	5.4118	17	85.6990	8	80.6578
group_7091	621	5630	9.0660	41	135.7935	20	132.4815
acnB	2610	71945	27.5651	504	397.1704	252	397.1704
group_7092	768	1675	2.1810	12	32.1371	6	32.1371
group_7094	168	0	0.0000	0	0.0000	0	0.0000
hypF	2448	20106	8.2132	137	115.1055	68	114.2653
group_7096	2340	15167	6.4816	106	93.1702	53	93.1702
group_7097	543	1467	2.7017	10	37.8780	5	37.8780
group_7098	1296	9300	7.1759	65	103.1562	32	101.5691
group_7101	1260	3710	2.9444	25	40.8090	12	39.1767
group_7102	2409	21695	9.0058	149	127.2144	74	126.3606
group_7103	744	0	0.0000	0	0.0000	0	0.0000
group_7104	2214	29113	13.1495	171	158.8566	85	157.9276
group_7106	717	3952	5.5119	28	80.3204	14	80.3204
group_7108	1827	1958	1.0717	14	15.7607	7	15.7607
group_7110	315	1399	4.4413	10	65.2944	5	65.2944
sepF	573	8277	14.4450	63	226.1376	31	222.5481
group_7113	102	0	0.0000	0	0.0000	0	0.0000
group_7115	612	302	0.4935	2	6.7215	1	6.7215
group_7116	411	0	0.0000	0	0.0000	0	0.0000
group_7117	516	302	0.5853	2	7.9720	1	7.9720
group_7118	1245	8243	6.6209	57	94.1656	28	92.5136
group_7120	336	0	0.0000	0	0.0000	0	0.0000
group_7122	1068	7996	7.4869	55	105.9201	27	103.9942
group_7124	537	2645	4.9255	19	72.7723	9	68.9422
group_7125	123	0	0.0000	0	0.0000	0	0.0000
group_7127	213	0	0.0000	0	0.0000	0	0.0000
ydhS	2178	7816	3.5886	55	51.9388	27	50.9944
group_7129	5142	3116	0.6060	21	8.3999	10	7.9999
group_7130	93	0	0.0000	0	0.0000	0	0.0000
group_7131	597	3393	5.6834	24	82.6844	12	82.6844
valS	2766	32143	11.6208	220	163.5902	110	163.5902
cobI	720	5599	7.7764	43	122.8352	21	119.9786
group_7133	303	0	0.0000	0	0.0000	0	0.0000
cobJ	1446	9521	6.5844	68	96.7225	34	96.7225
glgA	1479	28016	18.9425	195	271.1773	97	269.7866
group_7135	246	898	3.6504	7	58.5261	3	50.1652
group_7137	435	0	0.0000	0	0.0000	0	0.0000
group_7139	1191	308	0.2586	2	3.4539	1	3.4539
group_7140	1428	9060	6.3445	65	93.6207	32	92.1804
group_7141	180	0	0.0000	0	0.0000	0	0.0000
group_7142	387	151	0.3902	1	5.3147	0	0.0000
group_7143	891	575	0.6453	4	9.2336	2	9.2336
group_7145	327	1164	3.5596	9	56.6085	4	50.3187
group_7148	708	0	0.0000	0	0.0000	0	0.0000
group_7150	777	0	0.0000	0	0.0000	0	0.0000
group_7151	738	0	0.0000	0	0.0000	0	0.0000
topA	2661	24631	9.2563	171	132.1716	85	131.3986
group_7154	1056	9226	8.7367	62	120.7576	31	120.7576
group_7157	543	982	1.8085	7	26.5146	3	22.7268
group_7159	813	5907	7.2657	40	101.1943	20	101.1943
group_7160	6525	10509	1.6106	73	23.0107	36	22.6954
group_7161	936	8146	8.7030	57	125.2523	28	123.0549
group_7163	846	596	0.7045	4	9.7247	2	9.7247
group_7164	453	5749	12.6909	41	186.1540	20	181.6137
group_7165	375	263	0.7013	2	10.9695	1	10.9695
group_7168	195	0	0.0000	0	0.0000	0	0.0000
group_7169	225	521	2.3156	4	36.5649	2	36.5649
group_7175	1299	9444	7.2702	63	99.7512	31	98.1679
group_7176	888	2160	2.4324	16	37.0590	8	37.0590
moeB	1362	27706	20.3421	192	289.9419	96	289.9419
group_7180	198	149	0.7525	1	10.3878	0	0.0000
group_7181	171	521	3.0468	6	72.1675	3	72.1675
group_7182	528	740	1.4015	5	19.4770	2	15.5816
group_7186	579	4161	7.1865	29	103.0164	14	99.4641
group_7187	1209	2524	2.0877	18	30.6220	9	30.6220
group_7188	240	0	0.0000	0	0.0000	0	0.0000
group_7189	2052	22107	10.7734	153	153.3560	76	152.3537
group_7191	594	1202	2.0236	8	27.7007	4	27.7007
group_7192	246	0	0.0000	0	0.0000	0	0.0000
group_7193	789	0	0.0000	0	0.0000	0	0.0000
purN	645	3061	4.7457	22	70.1536	11	70.1536
psbZ	219	372	1.6986	4	37.5667	2	37.5667
group_7196	369	6061	16.4255	46	256.4002	23	256.4002
group_7197	1545	3976	2.5735	27	35.9436	13	34.6124
group_7198	1176	2538	2.1582	17	29.7323	8	27.9833
group_7199	597	6397	10.7152	47	161.9237	23	158.4785
group_7201	240	0	0.0000	0	0.0000	0	0.0000
nth	678	6342	9.3540	46	139.5452	23	139.5452
group_7202	1059	6677	6.3050	46	89.3406	23	89.3406
group_7203	270	1594	5.9037	12	91.4122	6	91.4122
group_7204	2817	21027	7.4643	147	107.3291	73	106.5989
dob10	2928	12617	4.3091	85	59.7083	42	59.0058
group_7206	879	1641	1.8669	12	28.0788	6	28.0788
group_19137	954	1235	1.2945	9	19.4035	4	17.2476
tlyC	1335	7533	5.6427	53	81.6547	26	80.1141
group_7210	1617	24036	14.8646	163	207.3311	81	206.0591
group_7211	1794	7347	4.0953	50	57.3237	25	57.3237
group_7212	534	4305	8.0618	32	123.2524	16	123.2524
group_7213	513	0	0.0000	0	0.0000	0	0.0000
group_7214	786	4772	6.0712	34	88.9699	17	88.9699
gorA	1353	14664	10.8381	101	153.5361	50	152.0159
baeS	1443	10605	7.3493	72	102.6250	36	102.6250
lys9	1104	10772	9.7572	78	145.3156	39	145.3156
ppsA	2445	58688	24.0033	403	339.0104	201	338.1692
group_7218	165	467	2.8303	4	49.8612	2	49.8612
group_7219	786	1510	1.9211	10	26.1676	5	26.1676
group_7221	339	833	2.4572	6	36.4031	3	36.4031
group_7222	1389	2711	1.9518	18	26.6537	9	26.6537
pabA	588	1168	1.9864	8	27.9833	4	27.9833
group_7223	240	959	3.9958	7	59.9893	3	51.4194
group_7224	576	2416	4.1944	16	57.1326	8	57.1326
group_7228	2019	19539	9.6776	137	139.5632	68	138.5445
speA	2043	24496	11.9902	176	177.1867	88	177.1867
group_7231	171	0	0.0000	0	0.0000	0	0.0000
ribN	882	302	0.3424	2	4.6639	1	4.6639
group_7235	276	264	0.9565	4	29.8083	2	29.8083
group_7236	426	0	0.0000	0	0.0000	0	0.0000
group_7239	936	755	0.8066	5	10.9870	2	8.7896
group_7240	783	302	0.3857	2	5.2536	1	5.2536
group_7241	978	0	0.0000	0	0.0000	0	0.0000
group_7243	375	0	0.0000	0	0.0000	0	0.0000
group_7244	150	194	1.2933	2	27.4237	1	27.4237
yciH	441	2097	4.7551	15	69.9583	7	65.2944
group_7246	165	154	0.9333	2	24.9306	1	24.9306
group_7248	789	6981	8.8479	49	127.7338	24	125.1270
group_7249	1335	2332	1.7468	18	27.7318	9	27.7318
group_15059	1383	0	0.0000	0	0.0000	0	0.0000
group_7250	555	3314	5.9712	25	92.6475	12	88.9416
group_7251	711	4344	6.1097	29	83.8910	14	80.9982
group_7252	1683	13293	7.8984	89	108.7659	44	107.5438
group_7255	2010	7144	3.5542	49	50.1403	24	49.1170
group_7254	531	595	1.1205	5	19.3670	2	15.4936
group_7256	249	4375	17.5703	35	289.1049	17	280.8448
group_7257	564	254	0.4504	2	7.2935	1	7.2935
group_7260	3882	2294	0.5909	16	8.4772	8	8.4772
group_7261	351	2188	6.2336	16	93.7561	8	93.7561
group_7262	897	4499	5.0156	35	80.2532	17	77.9603
rlmB	885	8389	9.4791	60	139.4424	30	139.4424
group_7266	747	994	1.3307	7	19.2737	3	16.5203
group_7267	3435	2318	0.6748	16	9.5803	8	9.5803
group_7268	387	4416	11.4109	31	164.7546	15	159.4399
csgG	1047	7539	7.2006	53	104.1156	26	102.1512
group_7270	1668	6296	3.7746	44	54.2555	22	54.2555
group_7275	1245	2988	2.4000	20	33.0406	10	33.0406
group_7276	1035	593	0.5729	4	7.9489	2	7.9489
group_7277	891	2337	2.6229	16	36.9342	8	36.9342
group_7278	810	1447	1.7864	10	25.3923	5	25.3923
group_7279	225	0	0.0000	0	0.0000	0	0.0000
cobQ	1476	16588	11.2385	117	163.0371	58	161.6436
group_7282	3816	7741	2.0286	48	25.8714	24	25.8714
group_7283	702	2114	3.0114	14	41.0183	7	41.0183
group_7285	1362	17522	12.8649	123	185.7440	61	184.2339
group_7288	516	3058	5.9264	17	67.7620	8	63.7760
group_7289	1014	5634	5.5562	39	79.1067	19	77.0784
yqaE	168	236	1.4048	2	24.4854	1	24.4854
group_7291	1809	23305	12.8828	162	184.1888	81	184.1888
srkA	1053	8220	7.8063	60	117.1952	30	117.1952
group_7294	432	1213	2.8079	10	47.6105	5	47.6105
cynS	462	3329	7.2056	23	102.3936	11	97.9417
group_7297	1101	1093	0.9927	8	14.9448	4	14.9448
group_7299	924	0	0.0000	0	0.0000	0	0.0000
group_7300	696	7489	10.7601	57	168.4428	28	165.4877
group_7301	2445	18707	7.6511	127	106.8345	63	105.9933
group_7302	771	302	0.3917	2	5.3353	1	5.3353
group_7303	324	532	1.6420	4	25.3923	2	25.3923
group_7305	1491	13881	9.3099	95	131.0487	47	129.6693
group_7307	357	4823	13.5098	35	201.6446	17	195.8833
group_7310	717	1510	2.1060	10	28.6858	5	28.6858
group_7311	885	4582	5.1774	32	74.3693	16	74.3693
group_7312	348	2513	7.2213	19	112.2952	9	106.3849
group_7313	1251	906	0.7242	6	9.8646	3	9.8646
group_7314	531	430	0.8098	3	11.6202	1	7.7468
cSAP	582	3200	5.4983	23	81.2815	11	77.7475
group_7315	348	172	0.4943	2	11.8205	1	11.8205
group_7317	408	823	2.0172	8	40.3289	4	40.3289
group_7318	1611	770	0.4780	6	7.6602	3	7.6602
group_7319	1026	1349	1.3148	9	18.0419	4	16.0372
group_7320	1194	24299	20.3509	161	277.3374	80	275.6148
group_7321	231	0	0.0000	0	0.0000	0	0.0000
group_7323	654	151	0.2309	1	3.1449	0	0.0000
group_7326	561	1164	2.0749	8	29.3301	4	29.3301
group_7327	279	0	0.0000	0	0.0000	0	0.0000
group_7328	300	421	1.4033	4	27.4237	2	27.4237
group_7331	1599	836	0.5228	5	6.4314	2	5.1452
group_7332	1137	3037	2.6711	21	37.9879	10	36.1790
group_7333	327	888	2.7156	7	44.0288	3	37.7390
petE	378	2248	5.9471	16	87.0593	8	87.0593
group_7334	1680	5692	3.3881	38	46.5223	19	46.5223
group_7335	750	7287	9.7160	51	139.8607	25	137.1183
group_7337	231	1680	7.2727	13	115.7493	6	106.8455
group_7338	2940	171661	58.3881	1169	817.8130	584	817.1134
group_7339	561	68	0.1212	1	3.6663	0	0.0000
group_7340	816	0	0.0000	0	0.0000	0	0.0000
group_7341	1185	7985	6.7384	54	93.7265	27	93.7265
group_7343	315	415	1.3175	3	19.5883	1	13.0589
group_7344	291	302	1.0378	2	14.1359	1	14.1359
group_7345	1179	302	0.2561	2	3.4890	1	3.4890
group_7349	411	2554	6.2141	18	90.0777	9	90.0777
group_7348	693	2312	3.3362	16	47.4869	8	47.4869
group_7351	279	0	0.0000	0	0.0000	0	0.0000
kch	1749	7228	4.1326	54	63.5025	27	63.5025
livM	1140	10972	9.6246	79	142.5309	39	140.7267
group_7353	639	3430	5.3678	24	77.2498	12	77.2498
group_7355	1830	965	0.5273	8	8.9914	4	8.9914
cOQ4	654	0	0.0000	0	0.0000	0	0.0000
group_7358	654	1850	2.8287	13	40.8839	6	37.7390
group_7360	264	1586	6.0076	13	101.2806	6	93.4898
group_7361	390	0	0.0000	0	0.0000	0	0.0000
group_7362	186	223	1.1989	2	22.1159	1	22.1159
group_7363	648	1176	1.8148	8	25.3923	4	25.3923
group_7364	546	836	1.5311	6	22.6019	3	22.6019
group_7365	903	1438	1.5925	10	22.7771	5	22.7771
group_7366	477	2299	4.8197	17	73.3023	8	68.9904
rlmD	1803	11905	6.6029	81	92.4009	40	91.2601
group_7368	1785	63440	35.5406	430	495.4696	215	495.4696
group_7370	969	8835	9.1176	64	135.8448	32	135.8448
group_7371	960	0	0.0000	0	0.0000	0	0.0000
yfbK	1263	11597	9.1821	82	133.5357	41	133.5357
group_7372	429	453	1.0559	3	14.3830	1	9.5887
pQQ	1842	16512	8.9642	117	130.6421	58	129.5255
group_7373	588	853	1.4507	6	20.9875	3	20.9875
ssnA	1323	10235	7.7362	71	110.3787	35	108.8241
aF0785	990	7588	7.6646	52	108.0326	26	108.0326
group_7375	228	5674	24.8860	45	405.9425	22	396.9215
selO	1500	18450	12.3000	133	182.3674	66	180.9962
group_7377	258	452	1.7519	3	23.9160	1	15.9440
group_7378	114	0	0.0000	0	0.0000	0	0.0000
group_7379	402	5398	13.4279	37	189.3052	18	184.1888
group_7381	273	13200	48.3516	108	813.6693	54	813.6693
group_7382	333	415	1.2462	4	24.7060	2	24.7060
group_7383	252	363	1.4405	3	24.4854	1	16.3236
group_7385	1614	0	0.0000	0	0.0000	0	0.0000
cheY	618	2245	3.6327	16	53.2498	8	53.2498
group_7386	846	0	0.0000	0	0.0000	0	0.0000
group_7387	276	0	0.0000	0	0.0000	0	0.0000
group_7388	486	0	0.0000	0	0.0000	0	0.0000
group_7389	741	4379	5.9096	30	83.2702	15	83.2702
queG	948	8240	8.6920	57	123.6669	28	121.4973
group_7392	372	2447	6.5780	17	93.9924	8	88.4634
uvrD	2301	25489	11.0774	177	158.2135	88	157.3196
group_7394	219	256	1.1689	2	18.7833	1	18.7833
group_7395	240	0	0.0000	0	0.0000	0	0.0000
tyrS	1218	22415	18.4031	152	256.6747	76	256.6747
group_7397	1383	1815	1.3124	12	17.8462	6	17.8462
group_7399	216	855	3.9583	6	57.1326	3	57.1326
group_7400	765	1527	1.9961	11	29.5745	5	26.8859
murA	1329	11506	8.6576	80	123.8089	40	123.8089
gpmI	1632	19671	12.0533	136	171.3979	68	171.3979
group_7401	834	1359	1.6295	9	22.1954	4	19.7293
group_7402	477	19854	41.6226	142	612.2895	71	612.2895
group_7407	1131	474	0.4191	4	7.2742	2	7.2742
group_7408	345	895	2.5942	7	41.7317	3	35.7700
group_7409	573	2612	4.5585	20	71.7897	10	71.7897
ccb1	519	151	0.2909	1	3.9630	0	0.0000
group_7416	462	1925	4.1667	14	62.3265	7	62.3265
group_7417	1080	2183	2.0213	15	28.5663	7	26.6619
group_7419	531	0	0.0000	0	0.0000	0	0.0000
group_7420	573	0	0.0000	0	0.0000	0	0.0000
group_7421	663	151	0.2278	1	3.1022	0	0.0000
group_7422	360	604	1.6778	4	22.8531	2	22.8531
group_7423	561	2429	4.3298	17	62.3265	8	58.6603
group_7425	378	1192	3.1534	9	48.9708	4	43.5296
ftsY	1356	0	0.0000	0	0.0000	0	0.0000
group_7427	246	688	2.7967	5	41.8044	2	33.4435
group_7430	318	507	1.5943	5	32.3392	2	25.8714
group_7431	198	0	0.0000	0	0.0000	0	0.0000
group_7432	1431	11863	8.2900	83	119.2958	41	117.8585
group_7435	297	151	0.5084	1	6.9252	0	0.0000
group_7436	156	0	0.0000	0	0.0000	0	0.0000
group_7437	393	1304	3.3181	9	47.1017	4	41.8682
ctpA	1368	8665	6.3341	61	91.7129	30	90.2094
bchH~~~cobN	4131	61677	14.9303	426	212.1003	213	212.1003
group_7439	2595	4408	1.6987	29	22.9852	14	22.1926
group_7440	183	0	0.0000	0	0.0000	0	0.0000
group_7442	207	0	0.0000	0	0.0000	0	0.0000
rpmF	183	297	1.6230	3	33.7176	1	22.4784
group_7445	207	298	1.4396	2	19.8722	1	19.8722
yuiD	453	2858	6.3091	21	95.3472	10	90.8068
aglD2	924	5657	6.1223	38	84.5860	19	84.5860
group_7446	381	1428	3.7480	11	59.3820	5	53.9836
group_7449	1392	2635	1.8930	18	26.5962	9	26.5962
group_7452	435	892	2.0506	6	28.3693	3	28.3693
group_18945	510	4089	8.0176	28	112.9210	14	112.9210
group_7454	3012	5034	1.6713	34	23.2172	17	23.2172
group_7455	198	0	0.0000	0	0.0000	0	0.0000
group_7456	520	755	1.4519	5	19.7767	2	15.8213
group_7458	351	0	0.0000	0	0.0000	0	0.0000
group_7460	387	437	1.1292	3	15.9440	1	10.6293
group_7461	519	3903	7.5202	27	106.9999	13	103.0369
group_7463	1164	8618	7.4038	61	107.7863	30	106.0193
lplA	762	3101	4.0696	21	56.6828	10	53.9836
group_7465	1224	9522	7.7794	66	110.9045	33	110.9045
group_7466	315	0	0.0000	0	0.0000	0	0.0000
group_7467	249	561	2.2530	6	49.5608	3	49.5608
group_7468	1302	13673	10.5015	96	151.6516	48	151.6516
group_7469	1335	10865	8.1386	76	117.0898	38	117.0898
group_7471	831	5972	7.1865	44	108.9027	22	108.9027
nadC	849	7382	8.6949	53	128.3970	26	125.9744
group_7472	162	775	4.7840	6	76.1769	3	76.1769
group_7473	465	3411	7.3355	26	115.0025	13	115.0025
group_7474	306	285	0.9314	2	13.4430	1	13.4430
group_7475	204	599	2.9363	4	40.3289	2	40.3289
group_7476	552	3452	6.2536	24	89.4250	12	89.4250
group_7477	705	1550	2.1986	11	32.0915	5	29.1741
group_7478	246	0	0.0000	0	0.0000	0	0.0000
group_7479	246	850	3.4553	6	50.1652	3	50.1652
group_7481	273	99	0.3626	1	7.5340	0	0.0000
group_7483	771	3112	4.0363	22	58.6888	11	58.6888
group_7485	360	5941	16.5028	46	262.8102	23	262.8102
lHCA5	219	201	0.9178	2	18.7833	1	18.7833
group_7486	213	956	4.4883	8	77.2498	4	77.2498
amiC	1860	15178	8.1602	102	112.7909	51	112.7909
group_7488	1353	11695	8.6438	79	120.0926	39	118.5724
group_7490	261	997	3.8199	9	70.9233	4	63.0429
group_7494	216	0	0.0000	0	0.0000	0	0.0000
group_7495	1590	8002	5.0327	54	69.8527	27	69.8527
cobM	864	4861	5.6262	33	78.5574	16	76.1769
group_7498	357	0	0.0000	0	0.0000	0	0.0000
group_7497	369	658	1.7832	6	33.4435	3	33.4435
gepA	597	151	0.2529	1	3.4452	0	0.0000
group_7499	1992	755	0.3790	5	5.1626	2	4.1301
group_7501	1872	16410	8.7660	115	126.3510	57	125.2523
group_7503	618	3610	5.8414	27	89.8591	13	86.5310
group_7504	990	7092	7.1636	50	103.8775	25	103.8775
group_7505	291	151	0.5189	1	7.0680	0	0.0000
group_7506	786	1510	1.9211	10	26.1676	5	26.1676
group_7507	234	0	0.0000	0	0.0000	0	0.0000
group_7512	1065	4830	4.5352	34	65.6623	17	65.6623
group_7510	243	0	0.0000	0	0.0000	0	0.0000
group_7511	282	278	0.9858	2	14.5871	1	14.5871
group_7513	468	0	0.0000	0	0.0000	0	0.0000
group_7514	1998	906	0.4535	6	6.1765	3	6.1765
secD	1407	13656	9.7058	97	141.7962	48	140.3343
group_7517	1116	2764	2.4767	20	36.8598	10	36.8598
group_7521	207	0	0.0000	0	0.0000	0	0.0000
fumC	1470	2847	1.9367	22	30.7817	11	30.7817
group_7519	1419	3819	2.6913	27	39.1353	13	37.6858
group_7520	606	0	0.0000	0	0.0000	0	0.0000
group_7522	279	374	1.3405	3	22.1159	1	14.7439
group_7531	951	6835	7.1872	46	99.4865	23	99.4865
group_7525	714	151	0.2115	1	2.8806	0	0.0000
group_7526	792	0	0.0000	0	0.0000	0	0.0000
group_7528	1209	2874	2.3772	19	32.3232	9	30.6220
rpsN	303	431	1.4224	3	20.3641	1	13.5761
group_7529	2418	3643	1.5066	26	22.1159	13	22.1159
group_7530	1038	5513	5.3112	40	79.2592	20	79.2592
group_7533	879	4079	4.6405	29	67.8572	14	65.5173
group_7535	987	1969	1.9949	14	29.1741	7	29.1741
group_7538	378	0	0.0000	0	0.0000	0	0.0000
group_7537	153	376	2.4575	4	53.7719	2	53.7719
group_7540	498	0	0.0000	0	0.0000	0	0.0000
group_7542	327	866	2.6483	6	37.7390	3	37.7390
group_7544	483	1412	2.9234	10	42.5833	5	42.5833
cYTH	537	1701	3.1676	15	57.4518	7	53.6217
group_7546	1206	24840	20.5970	171	291.6323	85	289.9268
group_7547	330	0	0.0000	0	0.0000	0	0.0000
group_7550	1632	1244	0.7623	9	11.3425	4	10.0822
group_7553	3612	1644	0.4551	11	6.2637	5	5.6943
group_7556	1299	234	0.1801	2	3.1667	1	3.1667
group_7555	1239	0	0.0000	0	0.0000	0	0.0000
group_7557	1062	1274	1.1996	10	19.3670	5	19.3670
patD	360	2779	7.7194	22	125.6918	11	125.6918
wcaE	2220	7296	3.2865	50	46.3238	25	46.3238
group_7558	282	718	2.5461	6	43.7612	3	43.7612
group_7560	513	0	0.0000	0	0.0000	0	0.0000
group_7561	546	656	1.2015	5	18.8349	2	15.0679
group_7565	321	423	1.3178	3	19.2222	1	12.8148
group_7566	1098	8722	7.9435	62	116.1385	31	116.1385
group_7567	1827	302	0.1653	2	2.2515	1	2.2515
group_7568	729	6409	8.7915	50	141.0683	25	141.0683
group_7569	261	361	1.3831	3	23.6411	1	15.7607
group_7570	456	8116	17.7982	118	532.2357	59	532.2357
group_7571	618	1542	2.4951	12	39.9374	6	39.9374
group_7572	894	1510	1.6890	10	23.0064	5	23.0064
group_7576	654	2095	3.2034	14	44.0288	7	44.0288
group_7578	3471	6187	1.7825	41	24.2950	20	23.7024
group_7580	966	1088	1.1263	8	17.0333	4	17.0333
group_7581	192	0	0.0000	0	0.0000	0	0.0000
group_7583	243	670	2.7572	6	50.7846	3	50.7846
group_7585	189	0	0.0000	0	0.0000	0	0.0000
osmF	1530	6292	4.1124	43	57.8048	21	56.4605
pyrE	1434	11499	8.0188	77	110.4405	38	109.0062
group_7586	609	906	1.4877	6	20.2638	3	20.2638
psaE	243	328	1.3498	4	33.8564	2	33.8564
group_7588	627	1935	3.0861	13	42.6445	6	39.3641
group_7592	1104	3568	3.2319	25	46.5755	12	44.7125
group_7593	1203	906	0.7531	6	10.2582	3	10.2582
group_7594	1101	0	0.0000	0	0.0000	0	0.0000
group_7595	804	4246	5.2811	29	74.1872	14	71.6290
group_7597	726	1057	1.4559	7	19.8312	3	16.9981
recJ	2295	16378	7.1364	111	99.4780	55	98.5818
accA	990	34537	34.8859	236	490.3020	118	490.3020
group_7599	1236	2331	1.8859	16	26.6249	8	26.6249
group_7600	2016	1993	0.9886	14	14.2832	7	14.2832
secA	2832	39521	13.9552	279	202.6272	139	201.9010
group_7602	402	1233	3.0672	10	51.1636	5	51.1636
csdA	1215	8668	7.1342	61	103.2620	30	101.5691
group_7603	648	2381	3.6744	17	53.9586	8	50.7846
group_7607	525	0	0.0000	0	0.0000	0	0.0000
group_7609	1971	22096	11.2106	145	151.3102	72	150.2667
shc	2145	18079	8.4284	125	119.8587	62	118.8998
group_7612	309	0	0.0000	0	0.0000	0	0.0000
group_7613	1368	2782	2.0336	19	28.5663	9	27.0628
group_7614	216	592	2.7407	4	38.0884	2	38.0884
group_7615	1038	3983	3.8372	27	53.4999	13	51.5185
group_7616	1254	5322	4.2440	39	63.9667	19	62.3265
group_7619	1749	9424	5.3882	64	75.2622	32	75.2622
group_7620	939	1037	1.1044	7	15.3327	3	13.1423
aNKYR	1410	11163	7.9170	77	112.3203	38	110.8616
ycf55	1650	13433	8.1412	94	117.1739	47	117.1739
group_7622	201	439	2.1841	3	30.6981	1	20.4654
group_7623	957	2004	2.0940	14	30.0887	7	30.0887
group_7626	1680	12456	7.4143	84	102.8388	42	102.8388
coxB	978	6325	6.4673	44	92.5339	22	92.5339
group_7628	825	4394	5.3261	31	77.2849	15	74.7918
group_7629	987	1812	1.8359	12	25.0064	6	25.0064
group_7630	1701	12019	7.0658	84	101.5691	42	101.5691
group_7632	186	0	0.0000	0	0.0000	0	0.0000
group_7633	1365	7352	5.3861	51	76.8465	25	75.3397
group_7636	573	1720	3.0017	12	43.0738	6	43.0738
hisD	1266	8271	6.5332	58	94.2282	29	94.2282
arsH~~~arsC	1254	21495	17.1411	144	236.1847	72	236.1847
group_7637	1392	1536	1.1034	11	16.2533	5	14.7757
ubiD	1530	55193	36.0739	374	502.7673	187	502.7673
group_7638	294	0	0.0000	0	0.0000	0	0.0000
group_7639	255	0	0.0000	0	0.0000	0	0.0000
group_7643	300	0	0.0000	0	0.0000	0	0.0000
group_7641	1518	15531	10.2312	107	144.9769	53	143.6220
group_7645	591	8925	15.1015	63	219.2501	31	215.7700
group_7646	1149	302	0.2628	2	3.5801	1	3.5801
group_7648	336	4320	12.8571	33	202.0047	16	195.8833
group_7649	1899	4259	2.2428	29	31.4094	14	30.3263
group_7650	1917	2750	1.4345	20	21.4583	10	21.4583
group_7651	1482	4000	2.6991	28	38.8594	14	38.8594
cofD	1374	13784	10.0320	95	142.2079	47	140.7110
ovoA	1356	1221	0.9004	9	13.6512	4	12.1344
pMT1	1314	10760	8.1887	75	117.3958	37	115.8306
group_7655	3288	2348	0.7141	16	10.0086	8	10.0086
group_7656	1419	887	0.6251	6	8.6967	3	8.6967
group_7657	1314	1013	0.7709	7	10.9569	3	9.3917
hppD	1260	10586	8.4016	77	125.6918	38	124.0595
hinT	342	2220	6.4912	15	90.2094	7	84.1955
group_7658	939	456	0.4856	3	6.5712	1	4.3808
group_7660	285	2380	8.3509	23	165.9854	11	158.7686
group_7663	330	1200	3.6364	8	49.8612	4	49.8612
group_7665	882	397	0.4501	3	6.9958	1	4.6639
group_7666	255	0	0.0000	0	0.0000	0	0.0000
group_7667	301	0	0.0000	0	0.0000	0	0.0000
group_7668	1218	9154	7.5156	62	104.6963	31	104.6963
group_7669	1299	0	0.0000	0	0.0000	0	0.0000
group_7670	492	301	0.6118	2	8.3609	1	8.3609
group_7672	258	1969	7.6318	15	119.5800	7	111.6080
group_7673	1533	2567	1.6745	17	22.8083	8	21.4667
group_7675	417	453	1.0863	3	14.7969	1	9.8646
group_7674	345	1105	3.2029	9	53.6550	4	47.6933
group_7676	744	4648	6.2473	32	88.4634	16	88.4634
dinG	1509	11205	7.4254	77	104.9514	38	103.5884
group_7678	243	365	1.5021	3	25.3923	1	16.9282
pucG	1155	15600	13.5065	110	195.8833	55	195.8833
group_7679	747	604	0.8086	4	11.0135	2	11.0135
group_7680	1920	2526	1.3156	18	19.2823	9	19.2823
group_7681	210	0	0.0000	0	0.0000	0	0.0000
group_7683	1206	6594	5.4677	46	78.4508	23	78.4508
group_7685	1149	3000	2.6110	20	35.8011	10	35.8011
glnQ	1116	10846	9.7186	75	138.2241	37	136.3811
group_7687	744	7149	9.6089	50	138.2241	25	138.2241
group_7688	2211	14336	6.4839	98	91.1642	49	91.1642
group_7689	465	703	1.5118	5	22.1159	2	17.6927
group_7691	378	2700	7.1429	21	114.2653	10	108.8241
group_7692	972	302	0.3107	2	4.2320	1	4.2320
group_7696	1152	8031	6.9714	55	98.1967	27	96.4113
group_7697	1344	15789	11.7478	114	174.4586	57	174.4586
hisB1	660	3888	5.8909	28	87.2571	14	87.2571
pilT	1110	40732	36.6955	284	526.2380	142	526.2380
group_7699	531	5951	11.2072	43	166.5562	21	162.6828
ribD	1140	8961	7.8605	61	110.0555	30	108.2513
group_7701	1137	0	0.0000	0	0.0000	0	0.0000
pyrC	1272	10347	8.1344	71	114.8043	35	113.1873
group_7703	573	1564	2.7295	11	39.4843	5	35.8949
group_7706	948	2422	2.5549	18	39.0527	9	39.0527
group_7709	177	333	1.8814	3	34.8606	1	23.2404
group_7711	174	0	0.0000	0	0.0000	0	0.0000
recA	1179	26285	22.2943	188	327.9675	94	327.9675
manB	1443	16052	11.1240	112	159.6388	56	159.6388
group_7712	1440	2959	2.0549	21	29.9946	10	28.5663
group_7713	1536	0	0.0000	0	0.0000	0	0.0000
group_7714	420	3745	8.9167	26	127.3242	13	127.3242
group_7716	333	0	0.0000	0	0.0000	0	0.0000
group_7719	447	1208	2.7025	8	36.8103	4	36.8103
tda10	1140	5255	4.6096	35	63.1466	17	61.3424
group_7721	254	0	0.0000	0	0.0000	0	0.0000
mlaE	951	5025	5.2839	34	73.5335	17	73.5335
ribH	546	3961	7.2546	29	109.2426	14	105.4756
group_7725	972	755	0.7767	5	10.5801	2	8.4641
group_7726	999	23377	23.4004	160	329.4134	80	329.4134
group_7727	2235	302	0.1351	2	1.8405	1	1.8405
group_7728	816	900	1.1029	6	15.1233	3	15.1233
iaaA	1038	7277	7.0106	49	97.0925	24	95.1110
group_7729	1017	3525	3.4661	24	48.5375	12	48.5375
group_7730	822	9236	11.2360	64	160.1382	32	160.1382
group_7731	621	1087	1.7504	8	26.4963	4	26.4963
group_7732	270	0	0.0000	0	0.0000	0	0.0000
glgB	2280	91817	40.2706	631	569.2215	315	568.3194
hslO	915	4453	4.8667	32	71.9309	16	71.9309
group_7738	591	266	0.4501	2	6.9603	1	6.9603
group_7736	1167	2669	2.2871	18	31.7240	9	31.7240
group_7739	363	0	0.0000	0	0.0000	0	0.0000
group_7741	672	7350	10.9375	55	168.3373	27	165.2766
group_7742	648	4429	6.8349	30	95.2211	15	95.2211
group_7743	1227	5811	4.7359	42	70.4031	21	70.4031
group_7745	2112	16961	8.0308	119	115.8884	59	114.9145
group_7746	174	0	0.0000	0	0.0000	0	0.0000
tagH	756	4221	5.5833	29	78.8975	14	76.1769
group_7750	954	4762	4.9916	33	71.1463	16	68.9904
group_7751	555	1408	2.5369	11	40.7649	5	37.0590
group_7752	288	0	0.0000	0	0.0000	0	0.0000
group_7753	858	3187	3.7145	22	52.7378	11	52.7378
group_7755	855	8413	9.8398	58	139.5239	29	139.5239
group_7757	882	1207	1.3685	9	20.9875	4	18.6556
group_7760	1065	0	0.0000	0	0.0000	0	0.0000
group_7761	186	284	1.5269	2	22.1159	1	22.1159
group_7762	807	6261	7.7584	43	109.5927	21	107.0441
group_7763	840	878	1.0452	6	14.6913	3	14.6913
group_7764	771	906	1.1751	6	16.0060	3	16.0060
group_7765	855	151	0.1766	1	2.4056	0	0.0000
group_7766	216	151	0.6991	1	9.5221	0	0.0000
group_7768	1749	7840	4.4826	55	64.6785	27	63.5025
group_7770	126	0	0.0000	0	0.0000	0	0.0000
yckC	1584	9756	6.1591	66	85.6990	33	85.6990
group_7772	1086	0	0.0000	0	0.0000	0	0.0000
group_7774	1437	64509	44.8914	437	625.4772	218	624.0459
pykF	1659	15859	9.5594	117	145.0529	58	143.8131
group_7777	480	1188	2.4750	8	34.2796	4	34.2796
group_7778	459	1584	3.4510	11	49.2909	5	44.8099
mnmA	477	379	0.7945	3	12.9357	1	8.6238
group_7780	417	273	0.6547	2	9.8646	1	9.8646
yafJ	771	8058	10.4514	57	152.0573	28	149.3896
group_7786	276	1430	5.1812	12	89.4250	6	89.4250
group_7787	762	4098	5.3780	28	75.5770	14	75.5770
group_7788	2364	14637	6.1916	99	86.1340	49	85.2639
group_7790	813	2964	3.6458	20	50.5972	10	50.5972
group_7791	528	2186	4.1402	16	62.3265	8	62.3265
group_7794	759	3643	4.7997	28	75.8758	14	75.8758
group_7795	1056	1919	1.8172	13	25.3201	6	23.3724
group_7796	507	349	0.6884	3	12.1703	1	8.1135
group_7799	360	3045	8.4583	23	131.4051	11	125.6918
group_7801	513	3549	6.9181	27	108.2513	13	104.2420
group_7804	429	240	0.5594	2	9.5887	1	9.5887
group_7806	318	841	2.6447	6	38.8071	3	38.8071
group_7807	549	400	0.7286	3	11.2392	1	7.4928
group_7808	210	151	0.7190	1	9.7942	0	0.0000
group_7809	195	151	0.7744	1	10.5476	0	0.0000
group_7810	264	799	3.0265	6	46.7449	3	46.7449
group_7811	363	433	1.1928	3	16.9981	1	11.3321
group_7812	366	811	2.2158	6	33.7176	3	33.7176
group_7814	468	769	1.6432	4	17.5793	2	17.5793
group_7818	174	0	0.0000	0	0.0000	0	0.0000
group_7817	897	5828	6.4972	40	91.7180	20	91.7180
group_7819	317	9005	28.4069	60	389.2950	30	389.2950
murJ	1758	6569	3.7366	45	52.6478	22	51.4779
group_7823	231	0	0.0000	0	0.0000	0	0.0000
group_7824	1755	604	0.3442	4	4.6878	2	4.6878
group_7825	1716	974	0.5676	6	7.1915	3	7.1915
group_7826	1374	13737	9.9978	96	143.7048	48	143.7048
pyrF	843	5713	6.7770	38	92.7135	19	92.7135
group_7828	1407	0	0.0000	0	0.0000	0	0.0000
group_7830	1197	5317	4.4419	35	60.1396	17	58.4213
group_7831	366	1801	4.9208	14	78.6745	7	78.6745
group_7832	750	9648	12.8640	68	186.4809	34	186.4809
group_7833	247	0	0.0000	0	0.0000	0	0.0000
group_7834	1305	9949	7.6238	70	110.3251	35	110.3251
group_7837	1443	5190	3.5967	35	49.8871	17	48.4618
group_7838	1419	2824	1.9901	20	28.9891	10	28.9891
group_7840	150	0	0.0000	0	0.0000	0	0.0000
group_7841	357	1347	3.7731	11	63.3740	5	57.6127
group_7842	462	0	0.0000	0	0.0000	0	0.0000
group_7843	486	883	1.8169	6	25.3923	3	25.3923
group_7850	261	1378	5.2797	12	94.5644	6	94.5644
group_7845	1185	1480	1.2489	10	17.3568	5	17.3568
thrA	1461	17206	11.7769	118	166.1187	59	166.1187
group_7846	744	456	0.6129	3	8.2934	1	5.5290
group_7847	357	2262	6.3361	17	97.9417	8	92.1804
group_7848	1890	151	0.0799	1	1.0882	0	0.0000
group_7849	1749	601	0.3436	4	4.7039	2	4.7039
phaF	324	2627	8.1080	20	126.9614	10	126.9614
group_7856	624	1617	2.5913	13	42.8495	6	39.5534
group_7857	237	1573	6.6371	12	104.1405	6	104.1405
group_7859	813	7413	9.1181	53	134.0825	26	131.5527
group_7862	924	144	0.1558	1	2.2259	0	0.0000
hflX	1704	15183	8.9102	108	130.3590	54	130.3590
group_7865	177	0	0.0000	0	0.0000	0	0.0000
group_7868	1005	5967	5.9373	43	88.0013	21	85.9548
iscA	480	1773	3.6938	13	55.7043	6	51.4194
group_7870	180	281	1.5611	2	22.8531	1	22.8531
group_7871	1050	302	0.2876	2	3.9177	1	3.9177
group_7872	1230	7320	5.9512	51	85.2809	25	83.6087
group_7873	378	468	1.2381	4	21.7648	2	21.7648
group_7875	216	370	1.7130	4	38.0884	2	38.0884
rimL	525	1324	2.5219	11	43.0943	5	39.1767
group_7878	297	151	0.5084	1	6.9252	0	0.0000
group_7877	660	2360	3.5758	16	49.8612	8	49.8612
group_7879	804	3519	4.3769	24	61.3963	12	61.3963
metF	894	6090	6.8121	44	101.2283	22	101.2283
group_7882	1671	6664	3.9880	45	55.3889	22	54.1581
ribF	924	8242	8.9199	56	124.6530	28	124.6530
group_7883	927	604	0.6516	4	8.8750	2	8.8750
group_7884	603	1924	3.1907	13	44.3418	6	40.9308
group_7885	120	393	3.2750	4	68.5592	2	68.5592
group_7887	687	4904	7.1383	30	89.8155	15	89.8155
group_7890	1218	5442	4.4680	37	62.4800	18	60.7914
group_7892	537	1437	2.6760	10	38.3012	5	38.3012
group_7894	252	0	0.0000	0	0.0000	0	0.0000
group_7896	291	2042	7.0172	15	106.0193	7	98.9514
group_7905	252	1171	4.6468	10	81.6181	5	81.6181
group_7902	261	151	0.5785	1	7.8804	0	0.0000
group_7907	234	513	2.1923	4	35.1585	2	35.1585
group_7909	270	0	0.0000	0	0.0000	0	0.0000
group_5031	288	0	0.0000	0	0.0000	0	0.0000
argS	1896	15167	7.9995	104	112.8189	52	112.8189
group_7913	1188	3860	3.2492	25	43.2823	12	41.5510
group_7916	981	3336	3.4006	25	52.4153	12	50.3187
gltS	1209	3866	3.1977	27	45.9329	13	44.2317
group_7917	1461	755	0.5168	5	7.0389	2	5.6311
group_7919	1041	8848	8.4995	60	118.5461	30	118.5461
group_7920	246	1265	5.1423	10	83.6087	5	83.6087
group_7923	213	389	1.8263	3	28.9687	1	19.3124
group_7924	1374	20186	14.6914	144	215.5572	72	215.5572
group_7925	621	1614	2.5990	12	39.7444	6	39.7444
group_7930	1293	12696	9.8190	87	138.3909	43	136.8002
ftsZ	1251	11255	8.9968	76	124.9520	38	124.9520
group_7933	1089	296	0.2718	2	3.7774	1	3.7774
group_7935	2973	1780	0.5987	12	8.3018	6	8.3018
ackA	1215	10718	8.8214	77	130.3471	38	128.6542
group_7939	930	2201	2.3667	15	33.1738	7	30.9622
group_7940	573	968	1.6894	6	21.5369	3	21.5369
group_7941	273	457	1.6740	4	30.1359	2	30.1359
group_7942	306	820	2.6797	8	53.7719	4	53.7719
group_7944	360	0	0.0000	0	0.0000	0	0.0000
group_7945	735	3145	4.2789	24	67.1600	12	67.1600
group_7946	870	1071	1.2310	8	18.9129	4	18.9129
group_7947	894	2199	2.4597	15	34.5097	7	32.2090
group_7948	234	453	1.9359	3	26.3689	1	17.5793
group_7950	234	0	0.0000	0	0.0000	0	0.0000
group_7952	1200	6227	5.1892	43	73.7011	21	71.9871
group_7955	660	588	0.8909	4	12.4653	2	12.4653
group_7954	1371	6064	4.4230	42	63.0084	21	63.0084
group_7958	1299	3188	2.4542	23	36.4171	11	34.8338
group_7960	297	0	0.0000	0	0.0000	0	0.0000
group_7968	324	320	0.9877	3	19.0442	1	12.6961
group_7965	807	6873	8.5167	47	119.7874	23	117.2387
group_7967	822	9386	11.4185	65	162.6404	32	160.1382
infB	3153	40882	12.9661	291	189.8261	145	189.1737
group_7969	495	0	0.0000	0	0.0000	0	0.0000
group_7970	918	1101	1.1993	9	20.1645	4	17.9240
group_7971	363	267	0.7355	2	11.3321	1	11.3321
mutS	2718	30910	11.3723	216	163.4523	108	163.4523
group_7974	675	3037	4.4993	22	67.0356	11	67.0356
abcf	2019	19843	9.8281	136	138.5445	68	138.5445
group_7982	1836	906	0.4935	6	6.7215	3	6.7215
group_7983	831	3073	3.6980	19	47.0261	9	44.5511
group_7985	1557	2528	1.6236	18	23.7777	9	23.7777
group_7987	789	4281	5.4259	29	75.5976	14	72.9908
group_7988	879	4102	4.6667	28	65.5173	14	65.5173
thiO	2001	30603	15.2939	203	208.6583	101	207.6305
group_7989	304	151	0.4967	1	6.7657	0	0.0000
group_7991	231	0	0.0000	0	0.0000	0	0.0000
ridA	885	4254	4.8068	30	69.7212	15	69.7212
group_7992	1536	11671	7.5983	78	104.4456	39	104.4456
group_7997	1581	54616	34.5452	380	494.3546	190	494.3546
group_7998	1287	1872	1.4545	13	20.7755	6	19.1774
group_7999	144	0	0.0000	0	0.0000	0	0.0000
folC	1347	10679	7.9280	71	108.4121	35	106.8851
group_8002	1590	11606	7.2994	78	100.8984	39	100.8984
group_8004	759	1057	1.3926	7	18.9689	3	16.2591
group_8005	468	4239	9.0577	33	145.0290	16	140.6342
group_8007	1587	3187	2.0082	22	28.5123	11	28.5123
group_8009	597	1567	2.6248	12	41.3422	6	41.3422
group_8010	309	243	0.7864	2	13.3125	1	13.3125
group_8013	873	1573	1.8018	11	25.9158	5	23.5599
group_8015	273	293	1.0733	2	15.0679	1	15.0679
miaB	1353	70775	52.3097	487	740.3174	243	738.7973
acuC	933	8478	9.0868	59	130.0640	29	127.8595
group_8018	858	1404	1.6364	10	23.9717	5	23.9717
group_8020	840	1208	1.4381	8	19.5883	4	19.5883
group_8019	828	7231	8.7331	51	126.6854	25	124.2014
group_8021	399	154	0.3860	2	10.3096	1	10.3096
group_8022	1932	8979	4.6475	62	66.0042	31	66.0042
group_8023	1266	8399	6.6343	61	99.1021	30	97.4775
group_8024	1155	453	0.3922	3	5.3423	1	3.5615
group_8026	453	3952	8.7241	31	140.7506	15	136.2103
group_8029	1041	4768	4.5802	34	67.1761	17	67.1761
purD	1323	7802	5.8972	59	91.7232	29	90.1685
group_8033	756	1718	2.2725	12	32.6472	6	32.6472
group_8034	1035	6913	6.6792	48	95.3867	24	95.3867
group_8035	249	817	3.2811	6	49.5608	3	49.5608
group_8038	1092	2800	2.5641	20	37.6699	10	37.6699
group_8039	513	1322	2.5770	9	36.0838	4	32.0745
cytM	501	2444	4.8782	17	69.7908	8	65.6854
gerM	681	3360	4.9339	26	78.5259	13	78.5259
group_8040	858	0	0.0000	0	0.0000	0	0.0000
group_8042	162	0	0.0000	0	0.0000	0	0.0000
group_8046	864	5236	6.0602	36	85.6990	18	85.6990
group_8048	1209	0	0.0000	0	0.0000	0	0.0000
group_8050	696	3357	4.8233	23	67.9681	11	65.0130
group_8056	303	151	0.4983	1	6.7880	0	0.0000
group_8057	510	825	1.6176	6	24.1974	3	24.1974
group_8059	249	579	2.3253	4	33.0406	2	33.0406
group_8061	372	270	0.7258	2	11.0579	1	11.0579
group_8062	507	1743	3.4379	12	48.6811	6	48.6811
group_8065	993	5001	5.0363	35	72.4946	17	70.4233
group_8066	474	3989	8.4156	27	117.1581	13	112.8189
group_8072	351	221	0.6296	2	11.7195	1	11.7195
group_8068	1107	7871	7.1102	56	104.0464	28	104.0464
group_8069	534	1592	2.9813	12	46.2197	6	46.2197
nit2	819	7425	9.0659	53	133.1002	26	130.5889
group_8071	702	151	0.2151	1	2.9299	0	0.0000
group_8074	678	302	0.4454	2	6.0672	1	6.0672
group_8076	693	151	0.2179	1	2.9679	0	0.0000
group_8077	576	302	0.5243	2	7.1416	1	7.1416
group_8079	216	0	0.0000	0	0.0000	0	0.0000
group_8081	309	0	0.0000	0	0.0000	0	0.0000
nrnA	1224	12315	10.0613	89	149.5531	44	147.8727
group_8086	492	458	0.9309	4	16.7217	2	16.7217
group_8090	1038	3002	2.8921	22	43.5925	11	43.5925
group_8091	3546	13977	3.9416	95	55.1025	47	54.5225
group_8093	3180	12496	3.9296	85	54.9767	42	54.3299
group_8095	351	943	2.6866	8	46.8781	4	46.8781
group_8096	654	3151	4.8180	22	69.1882	11	69.1882
group_8097	1563	10703	6.8477	75	98.6936	37	97.3777
group_8101	570	1599	2.8053	11	39.6922	5	36.0838
group_8102	618	0	0.0000	0	0.0000	0	0.0000
group_8105	522	2236	4.2835	15	59.1027	7	55.1626
group_8108	270	4139	15.3296	33	251.3836	16	243.7659
group_8110	4497	3369	0.7492	24	10.9768	12	10.9768
group_8112	348	5029	14.4511	38	224.5904	19	224.5904
group_8113	324	604	1.8642	4	25.3923	2	25.3923
group_8115	738	302	0.4092	2	5.5739	1	5.5739
group_8121	465	2038	4.3828	15	66.3476	7	61.9244
cimA	1641	19939	12.1505	142	177.9781	71	177.9781
group_8126	258	1059	4.1047	10	79.7200	5	79.7200
group_8132	1128	727	0.6445	5	9.1169	2	7.2935
group_8129	1134	3088	2.7231	19	34.4610	9	32.6472
group_8133	135	0	0.0000	0	0.0000	0	0.0000
group_8135	1377	9726	7.0632	65	97.0882	32	95.5945
group_8137	3732	44439	11.9076	305	168.0912	152	167.5401
group_8138	294	0	0.0000	0	0.0000	0	0.0000
group_8141	480	0	0.0000	0	0.0000	0	0.0000
group_8147	219	1377	6.2877	10	93.9167	5	93.9167
group_8145	474	1922	4.0549	14	60.7486	7	60.7486
group_8146	462	0	0.0000	0	0.0000	0	0.0000
group_8148	156	0	0.0000	0	0.0000	0	0.0000
group_8149	2142	2973	1.3880	20	19.2042	10	19.2042
group_8150	1491	3925	2.6325	27	37.2454	13	35.8660
group_8151	522	1774	3.3985	12	47.2822	6	47.2822
group_8154	432	903	2.0903	6	28.5663	3	28.5663
group_8153	222	453	2.0405	3	27.7943	1	18.5295
group_8161	1086	1454	1.3389	10	18.9390	5	18.9390
group_8162	627	2900	4.6252	22	72.1675	11	72.1675
group_8163	1545	6881	4.4537	46	61.2373	23	61.2373
group_8164	975	2914	2.9887	20	42.1903	10	42.1903
group_8165	2076	1266	0.6098	9	8.9167	4	7.9259
group_8166	1548	755	0.4877	5	6.6433	2	5.3147
group_8167	1125	7973	7.0871	56	102.3817	28	102.3817
group_8169	699	5779	8.2675	40	117.6981	20	117.6981
group_8170	1956	9365	4.7878	64	67.2973	32	67.2973
group_8171	1764	755	0.4280	5	5.8299	2	4.6639
group_8174	324	734	2.2654	5	31.7404	2	25.3923
group_8176	186	275	1.4785	3	33.1738	1	22.1159
group_8178	282	636	2.2553	6	43.7612	3	43.7612
group_8179	261	230	0.8812	2	15.7607	1	15.7607
udp	804	979	1.2177	7	17.9072	3	15.3491
group_8184	924	1235	1.3366	9	20.0335	4	17.8076
tsaE	471	3116	6.6157	23	100.4370	11	96.0702
group_8186	1296	10394	8.0201	73	115.8523	36	114.2653
group_8188	1317	2222	1.6872	15	23.4257	7	21.8640
group_8190	2166	7871	3.6339	53	50.3274	26	49.3778
group_8191	2181	2469	1.1320	17	16.0317	8	15.0887
group_8192	615	0	0.0000	0	0.0000	0	0.0000
group_8194	1449	12694	8.7605	88	124.9111	44	124.9111
group_8196	1074	891	0.8296	7	13.4054	3	11.4904
group_8197	1155	3570	3.0909	25	44.5189	12	42.7382
group_8201	501	1444	2.8822	10	41.0534	5	41.0534
group_8203	543	3066	5.6464	22	83.3316	11	83.3316
group_8205	2280	42100	18.4649	302	272.4325	151	272.4325
group_8207	420	812	1.9333	8	39.1767	4	39.1767
group_8209	936	4746	5.0705	34	74.7119	17	74.7119
group_8213	2505	5804	2.3170	39	32.0216	19	31.2006
group_8214	1914	1207	0.6306	8	8.5968	4	8.5968
group_8217	261	151	0.5785	1	7.8804	0	0.0000
mrcB	1932	16349	8.4622	112	119.2333	56	119.2333
group_8219	591	2997	5.0711	20	69.6032	10	69.6032
group_8221	636	1352	2.1258	10	32.3392	5	32.3392
group_8223	1536	5987	3.8978	41	54.9009	20	53.5619
group_8224	3258	8473	2.6007	57	35.9841	28	35.3528
group_8225	2883	918	0.3184	6	4.2805	3	4.2805
group_8228	678	3156	4.6549	24	72.8062	12	72.8062
group_8231	576	0	0.0000	0	0.0000	0	0.0000
group_8232	303	0	0.0000	0	0.0000	0	0.0000
group_8233	2526	28687	11.3567	202	164.4769	101	164.4769
clpA	1725	60706	35.1919	429	511.5110	214	510.3187
group_8235	816	453	0.5551	3	7.5617	1	5.0411
hpsP	1212	4348	3.5875	30	50.9103	15	50.9103
group_8237	771	6903	8.9533	48	128.0483	24	128.0483
ykwD	990	3455	3.4899	24	49.8612	12	49.8612
group_8238	831	7453	8.9687	52	128.7031	26	128.7031
group_8239	978	2664	2.7239	18	37.8548	9	37.8548
yfdV	897	6963	7.7625	49	112.3545	24	110.0615
group_8241	450	0	0.0000	0	0.0000	0	0.0000
menA	957	5688	5.9436	41	88.1168	20	85.9676
group_8246	336	603	1.7946	4	24.4854	2	24.4854
group_8247	1305	914	0.7004	6	9.4564	3	9.4564
group_8249	924	755	0.8171	5	11.1297	2	8.9038
group_8252	3279	4616	1.4077	34	21.3267	17	21.3267
group_8253	1683	25091	14.9085	152	185.7575	76	185.7575
group_8254	882	5771	6.5431	40	93.2778	20	93.2778
group_8257	129	0	0.0000	0	0.0000	0	0.0000
group_8258	732	151	0.2063	1	2.8098	0	0.0000
group_8260	1344	792	0.5893	6	9.1820	3	9.1820
group_8262	276	0	0.0000	0	0.0000	0	0.0000
group_8263	1416	14086	9.9477	96	139.4424	48	139.4424
group_8265	576	6156	10.6875	43	153.5440	21	149.9732
group_8266	1395	13392	9.6000	92	135.6440	46	135.6440
mtnA	1101	8373	7.6049	57	106.4815	28	104.6134
group_8268	303	347	1.1452	2	13.5761	1	13.5761
group_8269	219	0	0.0000	0	0.0000	0	0.0000
group_8270	339	306	0.9027	2	12.1344	1	12.1344
group_8272	936	3449	3.6848	23	50.5404	11	48.3430
group_8273	444	1353	3.0473	10	46.3238	5	46.3238
yqgF	393	676	1.7201	6	31.4011	3	31.4011
hisI	354	218	0.6158	2	11.6202	1	11.6202
group_8277	813	4848	5.9631	34	86.0152	17	86.0152
group_8278	780	5340	6.8462	38	100.2019	19	100.2019
group_8280	1983	604	0.3046	4	4.1488	2	4.1488
group_8281	984	1901	1.9319	14	29.2631	7	29.2631
group_8282	1983	3213	1.6203	22	22.8185	11	22.8185
group_8283	786	1045	1.3295	7	18.3173	3	15.7006
group_8284	405	1991	4.9160	14	71.0984	7	71.0984
group_8286	174	880	5.0575	8	94.5644	4	94.5644
group_8288	660	12088	18.3152	81	252.4224	40	249.3061
group_8289	3300	4242	1.2855	29	18.0747	14	17.4514
group_8290	261	411	1.5747	3	23.6411	1	15.7607
group_8292	969	5325	5.4954	37	78.5353	18	76.4127
group_8293	621	151	0.2432	1	3.3120	0	0.0000
cysT	843	6762	8.0214	46	112.2321	23	112.2321
cysA	1134	19859	17.5123	135	244.8542	67	243.0404
group_8295	1017	33437	32.8781	226	457.0611	113	457.0611
group_8296	816	0	0.0000	0	0.0000	0	0.0000
hisH	639	7923	12.3991	54	173.8120	27	173.8120
group_8301	2868	19491	6.7960	142	101.8348	71	101.8348
group_8303	204	736	3.6078	6	60.4934	3	60.4934
mutL	1653	12921	7.8167	93	115.7169	46	114.4727
group_8307	189	0	0.0000	0	0.0000	0	0.0000
group_8308	2115	10360	4.8983	71	69.0454	35	68.0729
group_8309	414	154	0.3720	1	4.9681	0	0.0000
group_8313	345	1018	2.9507	7	41.7317	3	35.7700
group_8314	540	0	0.0000	0	0.0000	0	0.0000
group_8315	339	2782	8.2065	23	139.5452	11	133.4780
group_8318	126	0	0.0000	0	0.0000	0	0.0000
group_8319	393	1711	4.3537	13	68.0358	6	62.8023
group_8321	1977	0	0.0000	0	0.0000	0	0.0000
group_8322	402	675	1.6791	5	25.5818	2	20.4654
group_8323	294	1749	5.9490	13	90.9458	6	83.9500
group_8324	1284	11756	9.1558	82	131.3517	41	131.3517
group_8325	2271	6715	2.9568	49	44.3778	24	43.4721
group_8326	1410	6832	4.8454	46	67.1005	23	67.1005
group_8327	903	582	0.6445	4	9.1109	2	9.1109
gshB	984	7955	8.0843	56	117.0522	28	117.0522
group_8328	678	1747	2.5767	12	36.4031	6	36.4031
ureC	1710	41928	24.5193	291	350.0126	145	348.8098
group_8329	834	7256	8.7002	49	120.8417	24	118.3755
group_8330	1854	3643	1.9649	25	27.7343	12	26.6249
group_8331	570	3916	6.8702	29	104.6429	14	101.0346
group_8332	792	194	0.2449	2	5.1939	1	5.1939
group_8334	588	1139	1.9371	8	27.9833	4	27.9833
group_8335	5910	6502	1.1002	47	16.3568	23	16.0087
group_8337	918	2247	2.4477	15	33.6074	7	31.3669
cas1d~~~cas1	1029	5033	4.8912	34	67.9595	17	67.9595
group_8339	1338	4751	3.5508	32	49.1904	16	49.1904
group_8344	3237	3971	1.2268	29	18.4265	14	17.7911
group_8341	297	0	0.0000	0	0.0000	0	0.0000
group_8343	2634	21426	8.1344	151	117.9093	75	117.1284
mdlB	1893	12264	6.4786	84	91.2674	42	91.2674
group_8345	747	3195	4.2771	23	63.3277	11	60.5744
group_8346	1584	18068	11.4066	127	164.9056	63	163.6071
group_8348	999	1149	1.1502	9	18.5295	4	16.4707
group_8349	2016	27349	13.5660	186	189.7620	93	189.7620
group_8350	1077	3006	2.7911	20	38.1945	10	38.1945
group_8351	1410	14554	10.3220	101	147.3293	50	145.8706
group_8352	210	449	2.1381	3	29.3825	1	19.5883
group_16596	846	0	0.0000	0	0.0000	0	0.0000
group_16597	798	302	0.3784	2	5.1548	1	5.1548
group_8357	567	1807	3.1869	13	47.1571	6	43.5296
group_8361	411	770	1.8735	6	30.0259	3	30.0259
group_8362	1644	2836	1.7251	20	25.0216	10	25.0216
group_8363	2235	46813	20.9454	314	288.9608	157	288.9608
group_8364	453	1977	4.3642	12	54.4841	6	54.4841
pcnB	1245	11256	9.0410	79	130.5102	39	128.8582
group_8365	180	0	0.0000	0	0.0000	0	0.0000
group_8370	852	3295	3.8674	27	65.1795	13	62.7654
prfB	1032	3529	3.4196	25	49.8250	12	47.8320
murD	1404	6288	4.4786	42	61.5275	21	61.5275
ilvN	558	2983	5.3459	22	81.0915	11	81.0915
group_8376	210	0	0.0000	0	0.0000	0	0.0000
group_8377	444	4179	9.4122	30	138.9713	15	138.9713
prmC	885	5737	6.4825	40	92.9616	20	92.9616
group_8378	1239	9816	7.9225	69	114.5420	34	112.8819
group_8380	1023	272	0.2659	2	4.0211	1	4.0211
ylqC	366	1565	4.2760	11	61.8156	5	56.1960
group_8383	291	717	2.4639	6	42.4077	3	42.4077
group_8384	468	6507	13.9038	44	193.3720	22	193.3720
group_8389	693	287	0.4141	2	5.9359	1	5.9359
rluA	1506	12439	8.2596	88	120.1834	44	120.1834
group_8391	1389	3629	2.6127	24	35.5382	12	35.5382
group_8392	171	0	0.0000	0	0.0000	0	0.0000
group_8393	960	6857	7.1427	48	102.8388	24	102.8388
group_8394	213	94	0.4413	2	19.3124	1	19.3124
group_8396	1779	5156	2.8983	35	40.4649	17	39.3088
group_8400	216	0	0.0000	0	0.0000	0	0.0000
group_8398	690	4004	5.8029	28	83.4633	14	83.4633
group_8399	903	6353	7.0354	45	102.4971	22	100.2194
group_8401	858	4864	5.6690	33	79.1067	16	76.7096
group_8409	1098	7126	6.4900	48	89.9137	24	89.9137
group_8411	369	2792	7.5664	21	117.0522	10	111.4783
group_8412	591	453	0.7665	3	10.4405	1	6.9603
group_8413	387	1180	3.0491	8	42.5173	4	42.5173
group_8416	984	544	0.5528	4	8.3609	2	8.3609
group_8415	2259	5041	2.2315	34	30.9563	17	30.9563
group_8417	252	2414	9.5794	20	163.2361	10	163.2361
group_8422	1254	8742	6.9713	60	98.4103	30	98.4103
group_8424	1416	9723	6.8665	65	94.4141	32	92.9616
group_8426	168	0	0.0000	0	0.0000	0	0.0000
group_8427	321	732	2.2804	6	38.4444	3	38.4444
group_8428	1890	1058	0.5598	7	7.6177	3	6.5294
group_8429	243	118	0.4856	2	16.9282	1	16.9282
group_8430	591	1413	2.3909	10	34.8016	5	34.8016
group_8432	1050	18997	18.0924	131	256.6072	65	254.6484
thrB	927	5169	5.5761	36	79.8748	18	79.8748
group_8435	1392	7522	5.4037	51	75.3560	25	73.8784
group_17166	618	256	0.4142	2	6.6562	1	6.6562
group_8438	2043	1456	0.7127	10	10.0674	5	10.0674
group_8439	909	8903	9.7943	63	142.5488	31	140.2861
group_8440	591	429	0.7259	3	10.4405	1	6.9603
group_8441	228	0	0.0000	0	0.0000	0	0.0000
group_8442	2694	2459	0.9128	19	14.5058	9	13.7424
group_8443	702	151	0.2151	1	2.9299	0	0.0000
group_8445	1518	4120	2.7141	28	37.9379	14	37.9379
phoX	2310	25129	10.8784	172	153.1452	86	153.1452
group_8446	351	755	2.1510	5	29.2988	2	23.4390
group_8447	1512	3469	2.2943	23	31.2869	11	29.9266
group_8448	1482	3654	2.4656	25	34.6959	12	33.3081
sEC59	705	6561	9.3064	46	134.2009	23	134.2009
leuS	2553	62429	24.4532	430	346.4212	215	346.4212
aroB	1101	7121	6.4678	49	91.5368	24	89.6687
group_8450	117	93	0.7949	1	17.5793	0	0.0000
group_8452	3357	54153	16.1314	381	233.4320	190	232.8193
group_8453	258	0	0.0000	0	0.0000	0	0.0000
group_8454	210	210	1.0000	2	19.5883	1	19.5883
group_8457	294	724	2.4626	5	34.9792	2	27.9833
group_8458	540	780	1.4444	7	26.6619	3	22.8531
group_8460	2226	7250	3.2570	44	40.6550	22	40.6550
group_8461	222	0	0.0000	0	0.0000	0	0.0000
group_8462	264	0	0.0000	0	0.0000	0	0.0000
group_8466	1701	959	0.5638	8	9.6733	4	9.6733
group_8467	231	4382	18.9697	36	320.5364	18	320.5364
group_8468	1728	3267	1.8906	22	26.1858	11	26.1858
group_8470	393	1307	3.3257	9	47.1017	4	41.8682
rfbB	1137	51639	45.4169	354	640.3680	177	640.3680
group_8472	504	578	1.1468	4	16.3236	2	16.3236
group_8473	564	549	0.9734	5	18.2338	2	14.5871
group_8476	291	302	1.0378	2	14.1359	1	14.1359
group_8477	240	0	0.0000	0	0.0000	0	0.0000
group_8478	279	0	0.0000	0	0.0000	0	0.0000
group_8479	744	2416	3.2473	16	44.2317	8	44.2317
group_8480	366	0	0.0000	0	0.0000	0	0.0000
group_8481	327	1057	3.2324	7	44.0288	3	37.7390
group_8484	204	499	2.4461	6	60.4934	3	60.4934
group_8488	771	10174	13.1958	70	186.7370	35	186.7370
group_8490	1044	11666	11.1743	79	155.6372	39	153.6671
bioD	732	1910	2.6093	14	39.3372	7	39.3372
group_8492	186	0	0.0000	0	0.0000	0	0.0000
group_8493	1263	579	0.4584	5	8.1424	2	6.5139
nACHT	2358	32789	13.9054	222	193.6404	111	193.6404
group_8499	3042	3330	1.0947	24	16.2270	12	16.2270
group_8500	1902	3551	1.8670	24	25.9530	12	25.9530
group_8501	513	464	0.9045	4	16.0372	2	16.0372
group_8502	873	4161	4.7663	30	70.6796	15	70.6796
group_8503	3558	3477	0.9772	23	13.2956	11	12.7176
group_8507	219	5018	22.9132	40	375.6667	20	375.6667
group_8508	1251	3481	2.7826	24	39.4585	12	39.4585
group_8510	1056	151	0.1430	1	1.9477	0	0.0000
group_8514	1428	4958	3.4720	34	48.9708	17	48.9708
group_8515	174	7544	43.3563	67	791.9766	33	780.1561
group_8518	873	5260	6.0252	36	84.8155	18	84.8155
dLH	846	4428	5.2340	34	82.6600	17	82.6600
group_8522	783	3950	5.0447	27	70.9233	13	68.2965
group_8526	198	445	2.2475	6	62.3265	3	62.3265
group_8525	156	0	0.0000	0	0.0000	0	0.0000
group_8528	198	0	0.0000	0	0.0000	0	0.0000
group_8531	1695	29739	17.5451	206	249.9680	103	249.9680
group_8533	618	526	0.8511	4	13.3125	2	13.3125
group_8534	1596	5860	3.6717	43	55.4144	21	54.1257
group_8536	102	0	0.0000	0	0.0000	0	0.0000
group_8537	1305	6125	4.6935	43	67.7711	21	66.1951
group_8538	594	5227	8.7997	35	121.1905	17	117.7279
group_8541	1284	7447	5.7998	52	83.2962	26	83.2962
group_8542	1776	19022	10.7106	131	151.7103	65	150.5522
group_8543	1338	8919	6.6659	60	92.2321	30	92.2321
group_8545	15297	35401	2.3142	196	26.3534	98	26.3534
group_8546	1242	9727	7.8317	68	112.6093	34	112.6093
group_8548	2967	3244	1.0934	23	15.9440	11	15.2508
group_8549	948	4469	4.7141	28	60.7486	14	60.7486
group_8550	174	290	1.6667	2	23.6411	1	23.6411
group_8551	831	2531	3.0457	17	42.0760	8	39.6010
arnT	1626	8141	5.0068	57	72.1010	28	70.8360
group_8553	1374	7690	5.5968	54	80.8340	27	80.8340
citT	1800	25683	14.2683	178	203.3922	89	203.3922
group_8554	822	3809	4.6338	26	65.0561	13	65.0561
group_8556	516	906	1.7558	6	23.9160	3	23.9160
group_8557	510	2604	5.1059	18	72.5921	9	72.5921
pheS	1005	12252	12.1910	86	176.0026	43	176.0026
group_8558	615	3318	5.3951	23	76.9200	11	73.5757
group_8559	696	528	0.7586	4	11.8205	2	11.8205
group_8561	1005	5188	5.1622	36	73.6755	18	73.6755
group_8562	531	3141	5.9153	23	89.0882	11	85.2148
group_8565	616	4534	7.3604	33	110.1844	16	106.8455
group_8564	2133	14786	6.9320	103	99.3192	51	98.3549
group_8568	864	2489	2.8808	21	49.9911	10	47.6105
group_8569	246	2567	10.4350	38	317.7132	19	317.7132
pro1025	444	4360	9.8198	31	143.6037	15	138.9713
group_8572	417	569	1.3645	4	19.7293	2	19.7293
group_8575	774	1492	1.9276	11	29.2307	5	26.5733
group_8573	984	7531	7.6535	53	110.7816	26	108.6914
group_8576	936	5268	5.6282	39	85.6990	19	83.5016
soxR	393	373	0.9491	3	15.7006	1	10.4670
group_8577	1656	1144	0.6908	8	9.9361	4	9.9361
group_8579	2307	10475	4.5405	72	64.1906	36	64.1906
iscS	1350	10373	7.6837	73	111.2182	36	109.6947
group_8583	2952	2988	1.0122	20	13.9348	10	13.9348
wza	1503	6319	4.2043	43	58.8432	21	57.4748
eGL9	936	2310	2.4679	16	35.1585	8	35.1585
group_8587	1326	2114	1.5943	14	21.7156	7	21.7156
group_8590	156	0	0.0000	0	0.0000	0	0.0000
group_8591	1191	16564	13.9076	118	203.7779	59	203.7779
ylmH	780	4827	6.1885	33	87.0174	16	84.3805
group_8594	249	0	0.0000	0	0.0000	0	0.0000
ntrB	888	30423	34.2601	214	495.6643	107	495.6643
group_8596	576	1626	2.8229	12	42.8495	6	42.8495
group_8598	816	18450	22.6103	131	330.1931	65	327.6725
group_8599	1161	2253	1.9406	15	26.5733	7	24.8018
group_8600	948	4077	4.3006	27	58.5790	13	56.4094
group_8601	684	4777	6.9839	32	96.2234	16	96.2234
group_15954	900	805	0.8944	6	13.7118	3	13.7118
group_8604	1401	1883	1.3440	13	19.0850	6	17.6169
group_8605	276	151	0.5471	1	7.4521	0	0.0000
group_8607	126	1176	9.3333	10	163.2361	5	163.2361
mrdA	1947	12605	6.4741	85	89.7924	42	88.7361
group_13839	495	0	0.0000	0	0.0000	0	0.0000
frmA	1209	38419	31.7775	267	454.2258	133	452.5246
group_8615	120	0	0.0000	0	0.0000	0	0.0000
group_8616	1422	379	0.2665	3	4.3392	1	2.8928
group_8619	1719	4517	2.6277	31	37.0913	15	35.8949
group_8620	414	228	0.5507	2	9.9361	1	9.9361
group_8617	888	1162	1.3086	8	18.5295	4	18.5295
group_8618	867	821	0.9469	7	16.6060	3	14.2337
group_8622	615	2466	4.0098	17	56.8539	8	53.5096
group_8623	918	598	0.6514	4	8.9620	2	8.9620
group_8624	1227	9273	7.5575	65	108.9571	32	107.2809
group_8625	513	0	0.0000	0	0.0000	0	0.0000
group_8627	870	453	0.5207	3	7.0923	1	4.7282
group_8630	210	0	0.0000	0	0.0000	0	0.0000
group_8632	1683	2886	1.7148	20	24.4418	10	24.4418
group_8634	171	220	1.2865	2	24.0558	1	24.0558
group_8635	1398	302	0.2160	2	2.9425	1	2.9425
group_8636	966	6303	6.5248	43	91.5542	21	89.4250
purF	1464	21867	14.9365	155	217.7597	77	216.3548
group_8640	1233	2402	1.9481	17	28.3578	8	26.6897
group_8641	294	540	1.8367	4	27.9833	2	27.9833
group_8642	696	927	1.3319	7	20.6860	3	17.7308
group_8643	1125	4153	3.6916	31	56.6756	15	54.8473
group_8644	702	204	0.2906	2	5.8598	1	5.8598
group_8645	789	906	1.1483	6	15.6409	3	15.6409
group_8646	852	615	0.7218	5	12.0703	2	9.6562
crtD	1524	10787	7.0781	76	102.5688	38	102.5688
group_8649	693	1285	1.8543	9	26.7114	4	23.7434
group_8651	1107	3823	3.4535	28	52.0232	14	52.0232
group_8654	246	336	1.3659	2	16.7217	1	16.7217
group_8658	639	6096	9.5399	42	135.1871	21	135.1871
group_8661	624	464	0.7436	4	13.1845	2	13.1845
group_8664	801	302	0.3770	2	5.1355	1	5.1355
group_8665	1287	7937	6.1671	54	86.2983	27	86.2983
group_8666	2388	5072	2.1240	36	31.0067	18	31.0067
tsaD	1065	11000	10.3286	79	152.5683	39	150.6371
group_8667	591	0	0.0000	0	0.0000	0	0.0000
group_8668	312	0	0.0000	0	0.0000	0	0.0000
group_8669	591	2947	4.9865	21	73.0834	10	69.6032
yybS	756	4896	6.4762	35	95.2211	17	92.5005
group_8674	915	388	0.4240	3	6.7435	1	4.4957
group_8677	864	0	0.0000	0	0.0000	0	0.0000
group_8678	924	7984	8.6407	43	95.7157	21	93.4898
group_8683	675	302	0.4474	2	6.0941	1	6.0941
group_8684	795	1360	1.7107	9	23.2842	4	20.6971
group_8687	975	1964	2.0144	14	29.5332	7	29.5332
group_8694	168	0	0.0000	0	0.0000	0	0.0000
group_8696	1404	761	0.5420	5	7.3247	2	5.8598
group_8697	216	442	2.0463	3	28.5663	1	19.0442
group_8698	261	1612	6.1762	13	102.4447	6	94.5644
group_8699	921	0	0.0000	0	0.0000	0	0.0000
group_8700	561	2468	4.3993	18	65.9928	9	65.9928
group_8701	609	1206	1.9803	8	27.0184	4	27.0184
group_8702	204	0	0.0000	0	0.0000	0	0.0000
group_8703	1083	6077	5.6113	42	79.7641	21	79.7641
group_8704	870	8767	10.0770	61	144.2107	30	141.8466
relB	408	1488	3.6471	11	55.4523	5	50.4112
hpsO	1170	8652	7.3949	59	103.7177	29	101.9598
group_8706	1548	26073	16.8430	181	240.4886	90	239.1599
group_8712	459	4481	9.7625	23	103.0628	11	98.5818
group_8714	408	1900	4.6569	13	65.5345	6	60.4934
group_8716	1317	5466	4.1503	37	57.7834	18	56.2216
group_8717	90	0	0.0000	0	0.0000	0	0.0000
group_8719	201	0	0.0000	0	0.0000	0	0.0000
ddpX	804	5431	6.7550	38	97.2108	19	97.2108
group_8720	1506	604	0.4011	4	5.4629	2	5.4629
group_8722	189	0	0.0000	0	0.0000	0	0.0000
group_8723	477	3172	6.6499	22	94.8617	11	94.8617
group_8724	780	0	0.0000	0	0.0000	0	0.0000
group_8725	828	235	0.2838	3	7.4521	1	4.9681
group_8726	795	4817	6.0591	33	85.3756	16	82.7884
group_8727	411	2117	5.1509	15	75.0648	7	70.0605
group_8730	744	3762	5.0565	27	74.6410	13	71.8766
zwf	1530	25687	16.7889	179	240.6292	89	239.2850
tamB	6138	46648	7.5999	318	106.5582	159	106.5582
group_8732	291	0	0.0000	0	0.0000	0	0.0000
group_8733	579	826	1.4266	6	21.3137	3	21.3137
group_8734	1047	16588	15.8434	117	229.8402	58	227.8758
group_8735	1326	12877	9.7112	87	134.9468	43	133.3957
group_8736	1173	8953	7.6326	65	113.9730	32	112.2196
group_8737	126	180	1.4286	2	32.6472	1	32.6472
group_8739	228	0	0.0000	0	0.0000	0	0.0000
group_8742	117	0	0.0000	0	0.0000	0	0.0000
group_8743	762	800	1.0499	6	16.1951	3	16.1951
plsX	1062	10772	10.1431	75	145.2525	37	143.3158
group_8745	231	0	0.0000	0	0.0000	0	0.0000
group_8746	837	3040	3.6320	20	49.1464	10	49.1464
group_8752	249	633	2.5422	6	49.5608	3	49.5608
group_8750	1422	4683	3.2932	32	46.2847	16	46.2847
group_8751	1065	2114	1.9850	14	27.0374	7	27.0374
group_8757	1569	2306	1.4697	17	22.2850	8	20.9741
group_8758	162	0	0.0000	0	0.0000	0	0.0000
group_8759	276	0	0.0000	0	0.0000	0	0.0000
aceF	1263	4945	3.9153	37	60.2539	18	58.6254
group_8760	945	0	0.0000	0	0.0000	0	0.0000
group_8762	1920	0	0.0000	0	0.0000	0	0.0000
narK	1269	10802	8.5122	74	119.9380	37	119.9380
group_8764	2604	38445	14.7638	265	209.3108	132	208.5210
group_8765	1278	9409	7.3623	65	104.6091	32	102.9997
group_8766	462	3659	7.9199	27	120.2011	13	115.7493
group_8767	891	5451	6.1178	35	80.7936	17	78.4852
group_8768	1389	302	0.2174	2	2.9615	1	2.9615
group_8771	1170	9853	8.4214	70	123.0549	35	123.0549
group_8773	786	151	0.1921	1	2.6168	0	0.0000
group_8781	942	452	0.4798	3	6.5502	1	4.3668
group_8778	858	452	0.5268	3	7.1915	1	4.7943
group_8779	792	453	0.5720	3	7.7908	1	5.1939
serS	1419	7260	5.1163	50	72.4727	25	72.4727
group_8780	1383	5667	4.0976	38	56.5130	19	56.5130
urtD	864	7909	9.1539	55	130.9290	27	128.5484
urtB	1197	10107	8.4436	68	116.8427	34	116.8427
group_8788	1365	6390	4.6813	46	69.3126	23	69.3126
group_8789	537	1359	2.5307	9	34.4711	4	30.6410
group_8787	558	151	0.2706	1	3.6860	0	0.0000
group_8790	462	2560	5.5411	18	80.1341	9	80.1341
group_8791	465	903	1.9419	8	35.3854	4	35.3854
group_8792	216	0	0.0000	0	0.0000	0	0.0000
group_8793	357	736	2.0616	6	34.5676	3	34.5676
group_8794	1287	2326	1.8073	16	25.5699	8	25.5699
group_8796	1332	4922	3.6952	34	52.5003	17	52.5003
group_8797	8844	25329	2.8640	178	41.3960	89	41.3960
pepN	2733	58945	21.5679	403	303.2859	201	302.5333
group_8805	450	546	1.2133	4	18.2824	2	18.2824
group_8806	675	2870	4.2519	19	57.8944	9	54.8473
group_8807	954	7450	7.8092	55	118.5772	27	116.4212
rsmG	690	5670	8.2174	39	116.2525	19	113.2717
group_8810	993	1635	1.6465	12	24.8553	6	24.8553
group_8812	780	6137	7.8679	45	118.6601	22	116.0232
group_8813	633	6281	9.9226	44	142.9670	22	142.9670
group_8816	927	6277	6.7713	46	102.0622	23	102.0622
group_8819	1179	6756	5.7303	47	81.9919	23	80.2474
csaB	1038	11870	11.4355	81	160.4998	40	158.5183
moaD	255	945	3.7059	7	56.4605	3	48.3947
group_8822	552	2656	4.8116	20	74.5208	10	74.5208
dAP2	1971	12367	6.2745	88	91.8296	44	91.8296
group_8824	855	4857	5.6807	36	86.6011	18	86.6011
group_8825	195	732	3.7538	10	105.4756	5	105.4756
group_8826	717	1702	2.3738	12	34.4230	6	34.4230
group_8827	804	2250	2.7985	15	38.3727	7	35.8145
group_8828	654	2613	3.9954	18	56.6085	9	56.6085
rpsO	270	524	1.9407	4	30.4707	2	30.4707
group_8832	165	0	0.0000	0	0.0000	0	0.0000
hemF	1155	7913	6.8511	57	101.5032	28	99.7224
group_8833	747	2308	3.0897	16	44.0541	8	44.0541
group_8834	843	6546	7.7651	45	109.7923	22	107.3524
group_8838	189	0	0.0000	0	0.0000	0	0.0000
group_8839	828	6540	7.8986	46	114.2653	23	114.2653
group_8840	333	546	1.6396	4	24.7060	2	24.7060
group_8841	795	264	0.3321	2	5.1743	1	5.1743
group_8842	711	839	1.1800	7	20.2495	3	17.3568
group_8850	276	1057	3.8297	7	52.1646	3	44.7125
group_8845	1053	5510	5.2327	37	72.2704	18	70.3171
group_8846	903	3166	3.5061	21	47.8320	10	45.5543
group_8847	612	3076	5.0261	18	60.4934	9	60.4934
group_8848	453	4154	9.1700	29	131.6699	14	127.1296
group_8849	1044	7597	7.2768	53	104.4148	26	102.4447
group_8852	786	302	0.3842	2	5.2335	1	5.2335
group_8851	654	1640	2.5076	15	47.1737	7	44.0288
group_8855	444	0	0.0000	0	0.0000	0	0.0000
group_8854	414	812	1.9614	6	29.8083	3	29.8083
group_8856	889	302	0.3397	2	4.6272	1	4.6272
group_8858	267	648	2.4270	5	38.5164	2	30.8131
group_8861	627	0	0.0000	0	0.0000	0	0.0000
group_8862	975	5418	5.5569	36	75.9425	18	75.9425
group_8865	121	216	1.7851	2	33.9963	1	33.9963
group_8866	405	1971	4.8667	14	71.0984	7	71.0984
group_8867	972	8983	9.2418	61	129.0775	30	126.9614
purQ	924	8216	8.8918	61	135.7828	30	133.5568
group_8870	678	4308	6.3540	29	87.9742	14	84.9406
group_8871	156	0	0.0000	0	0.0000	0	0.0000
group_8872	777	1196	1.5393	8	21.1766	4	21.1766
gmd	1140	13531	11.8693	97	175.0063	48	173.2021
group_8874	213	301	1.4131	2	19.3124	1	19.3124
group_8876	294	0	0.0000	0	0.0000	0	0.0000
mazG	1023	6323	6.1808	45	90.4740	22	88.4634
group_8877	861	1059	1.2300	7	16.7217	3	14.3329
group_8878	777	1663	2.1403	11	29.1178	5	26.4707
group_8879	150	0	0.0000	0	0.0000	0	0.0000
group_8880	834	3726	4.4676	30	73.9847	15	73.9847
tktA1	825	899	1.0897	7	17.4514	3	14.9584
group_8884	1233	374	0.3033	2	3.3362	1	3.3362
group_8885	204	0	0.0000	0	0.0000	0	0.0000
group_8886	132	0	0.0000	0	0.0000	0	0.0000
group_8887	351	1207	3.4387	9	52.7378	4	46.8781
group_8890	1017	2612	2.5683	18	36.4031	9	36.4031
group_8892	858	4359	5.0804	29	69.5180	14	67.1209
group_8897	2052	767	0.3738	5	5.0116	2	4.0093
sbp	1044	8371	8.0182	59	116.2354	29	114.2653
group_8898	1197	9216	7.6992	65	111.6879	32	109.9696
group_8899	780	0	0.0000	0	0.0000	0	0.0000
group_8900	732	2661	3.6352	18	50.5764	9	50.5764
group_8901	183	259	1.4153	2	22.4784	1	22.4784
group_8902	867	2571	2.9654	19	45.0735	9	42.7012
group_8903	1698	16392	9.6537	115	139.2987	57	138.0874
group_8906	210	1118	5.3238	9	88.1475	4	78.3533
scpB	519	4365	8.4104	33	130.7776	16	126.8147
group_8908	96	358	3.7292	4	85.6990	2	85.6990
group_8909	951	302	0.3176	2	4.3255	1	4.3255
ppc	3057	32071	10.4910	226	152.0547	113	152.0547
group_8911	972	755	0.7767	5	10.5801	2	8.4641
yhiN	1227	8416	6.8590	60	100.5758	30	100.5758
group_8912	804	4687	5.8296	32	81.8617	16	81.8617
group_8913	1269	8412	6.6288	58	94.0055	29	94.0055
group_8916	645	3279	5.0837	23	73.3424	11	70.1536
group_8915	681	3128	4.5932	22	66.4450	11	66.4450
group_8918	1053	604	0.5736	4	7.8130	2	7.8130
group_8920	315	0	0.0000	0	0.0000	0	0.0000
group_8921	756	7293	9.6468	50	136.0301	25	136.0301
ruvB	1077	11437	10.6193	81	154.6878	40	152.7781
group_8923	1263	7338	5.8100	50	81.4242	25	81.4242
group_17232	189	2170	11.4815	20	217.6482	10	217.6482
group_8688	708	1156	1.6328	8	23.2404	4	23.2404
group_8925	849	4572	5.3852	33	79.9453	16	77.5227
group_8926	237	0	0.0000	0	0.0000	0	0.0000
group_8927	429	1578	3.6783	12	57.5322	6	57.5322
group_8928	105	190	1.8095	2	39.1767	1	39.1767
group_8930	396	0	0.0000	0	0.0000	0	0.0000
group_8933	1431	10510	7.3445	71	102.0482	35	100.6109
group_8931	657	3864	5.8813	30	93.9167	15	93.9167
group_8934	138	0	0.0000	0	0.0000	0	0.0000
frhG	612	3669	5.9951	26	87.3793	13	87.3793
group_8935	165	0	0.0000	0	0.0000	0	0.0000
group_8936	315	740	2.3492	6	39.1767	3	39.1767
group_8937	180	0	0.0000	0	0.0000	0	0.0000
anmK	1137	6032	5.3052	41	74.1669	20	72.3580
group_8940	2016	5587	2.7713	37	37.7484	18	36.7281
group_8941	1242	721	0.5805	5	8.2801	2	6.6241
group_8948	792	0	0.0000	0	0.0000	0	0.0000
group_8944	528	4035	7.6420	30	116.8622	15	116.8622
group_8945	1023	3364	3.2884	23	46.2423	11	44.2317
group_8947	513	5817	11.3392	42	168.3909	21	168.3909
group_8950	2061	3460	1.6788	23	22.9529	11	21.9549
group_8959	1032	2186	2.1182	14	27.9020	7	27.9020
group_8953	201	151	0.7512	1	10.2327	0	0.0000
group_8954	1068	8998	8.4251	63	121.3266	31	119.4008
cbiB	984	6903	7.0152	46	96.1501	23	96.1501
group_8956	507	3776	7.4477	26	105.4756	13	105.4756
group_8957	327	1281	3.9174	9	56.6085	4	50.3187
group_8958	384	2188	5.6979	17	91.0551	8	85.6990
rAYT	588	906	1.5408	6	20.9875	3	20.9875
group_8961	273	17470	63.9927	130	979.4167	65	979.4167
group_8962	588	1794	3.0510	13	45.4729	6	41.9750
group_8963	459	6213	13.5359	42	188.2016	21	188.2016
group_8965	1749	476	0.2722	8	9.4078	4	9.4078
group_8967	1587	0	0.0000	0	0.0000	0	0.0000
group_8968	2226	2041	0.9169	14	12.9357	7	12.9357
group_8969	1083	19812	18.2936	136	258.2839	68	258.2839
group_8972	357	151	0.4230	1	5.7613	0	0.0000
group_8973	255	0	0.0000	0	0.0000	0	0.0000
group_8976	426	0	0.0000	0	0.0000	0	0.0000
menE	1794	17532	9.7726	120	137.5769	60	137.5769
group_8978	828	802	0.9686	6	14.9042	3	14.9042
group_8979	1074	11115	10.3492	84	160.8651	42	160.8651
nlpI	540	2036	3.7704	15	57.1326	7	53.3238
mtnD	552	5064	9.1739	38	141.5896	19	141.5896
group_8980	186	215	1.1559	2	22.1159	1	22.1159
group_8981	582	453	0.7784	3	10.6019	1	7.0680
group_8983	489	0	0.0000	0	0.0000	0	0.0000
group_8984	387	453	1.1705	3	15.9440	1	10.6293
group_8985	264	212	0.8030	4	31.1633	2	31.1633
group_8986	4737	21250	4.4860	144	62.5239	72	62.5239
ssr3000	291	906	3.1134	6	42.4077	3	42.4077
group_8987	411	302	0.7348	2	10.0086	1	10.0086
group_8988	1320	6041	4.5765	44	68.5592	22	68.5592
group_8990	366	814	2.2240	6	33.7176	3	33.7176
group_8991	216	0	0.0000	0	0.0000	0	0.0000
group_8992	477	578	1.2117	4	17.2476	2	17.2476
nrdA	3360	62681	18.6551	336	205.6775	168	205.6775
mmsB	879	6614	7.5245	46	107.6356	23	107.6356
group_8994	294	0	0.0000	0	0.0000	0	0.0000
phuW	843	6108	7.2456	42	102.4728	21	102.4728
group_8995	402	933	2.3209	7	35.8145	3	30.6981
group_8996	1731	3049	1.7614	21	24.9522	10	23.7640
group_8997	531	1359	2.5593	9	34.8606	4	30.9872
group_8998	120	0	0.0000	0	0.0000	0	0.0000
group_9000	819	4138	5.0525	29	72.8284	14	70.3171
group_9001	276	363	1.3152	3	22.3563	1	14.9042
group_9002	1488	1163	0.7816	10	13.8224	5	13.8224
group_9003	711	4114	5.7862	30	86.7838	15	86.7838
group_9004	981	3543	3.6116	25	52.4153	12	50.3187
group_9005	1686	8194	4.8600	57	69.5351	28	68.3152
flaA1	1908	12617	6.6127	87	93.7838	43	92.7058
cobW	1059	7877	7.4381	56	108.7624	28	108.7624
group_9009	2229	11649	5.2261	80	73.8188	40	73.8188
group_9010	459	0	0.0000	0	0.0000	0	0.0000
group_9013	1239	6955	5.6134	48	79.6814	24	79.6814
group_9012	1557	12120	7.7842	83	109.6418	41	108.3208
ctaB	954	13050	13.6792	91	196.1913	45	194.0354
group_9020	144	124	0.8611	2	28.5663	1	28.5663
group_9019	309	0	0.0000	0	0.0000	0	0.0000
group_9016	1125	8906	7.9164	66	120.6641	33	120.6641
group_9018	615	1835	2.9837	13	43.4765	6	40.1322
group_9021	1089	10324	9.4803	69	130.3191	34	128.4304
group_9022	807	4840	5.9975	34	86.6547	17	86.6547
group_9024	2397	906	0.3780	6	5.1484	3	5.1484
group_9026	567	1546	2.7266	11	39.9022	5	36.2747
group_9034	1068	0	0.0000	0	0.0000	0	0.0000
group_9032	1704	1123	0.6590	7	8.4492	3	7.2422
group_9030	690	4289	6.2159	30	89.4250	15	89.4250
group_9035	1122	1685	1.5018	12	21.9976	6	21.9976
deoC	678	4149	6.1195	29	87.9742	14	84.9406
group_9037	675	4537	6.7215	32	97.5064	16	97.5064
group_9041	1242	4138	3.3317	28	46.3685	14	46.3685
group_9042	471	538	1.1423	4	17.4673	2	17.4673
ribE	744	604	0.8118	4	11.0579	2	11.0579
group_9043	1338	4288	3.2048	29	44.5788	14	43.0416
yggS	660	3707	5.6167	25	77.9081	12	74.7918
group_9046	357	488	1.3669	4	23.0451	2	23.0451
group_9047	549	0	0.0000	0	0.0000	0	0.0000
group_9048	312	0	0.0000	0	0.0000	0	0.0000
group_9049	432	1260	2.9167	9	42.8495	4	38.0884
group_9050	624	3309	5.3029	22	72.5145	11	72.5145
cobG	1440	10884	7.5583	75	107.1237	37	105.6954
group_9052	291	4419	15.1856	32	226.1746	16	226.1746
group_9054	288	302	1.0486	2	14.2832	1	14.2832
trmB	636	6805	10.6997	50	161.6962	25	161.6962
group_9055	696	14532	20.8793	94	277.7829	47	277.7829
group_9056	2052	4368	2.1287	29	29.0675	14	28.0652
group_9057	321	293	0.9128	2	12.8148	1	12.8148
group_9058	402	316	0.7861	3	15.3491	1	10.2327
group_9059	615	604	0.9821	4	13.3774	2	13.3774
group_9061	93	0	0.0000	0	0.0000	0	0.0000
group_9064	885	4559	5.1514	31	72.0452	15	69.7212
group_9065	1227	9741	7.9389	69	115.6622	34	113.9859
group_9072	597	1796	3.0084	13	44.7874	6	41.3422
group_9074	684	5392	7.8830	38	114.2653	19	114.2653
group_9077	345	0	0.0000	0	0.0000	0	0.0000
ispA	1080	9534	8.8278	70	133.3095	35	133.3095
group_9081	567	3605	6.3580	25	90.6867	12	87.0593
group_9082	396	345	0.8712	3	15.5816	1	10.3878
group_9083	564	604	1.0709	4	14.5871	2	14.5871
group_9085	564	1747	3.0975	12	43.7612	6	43.7612
group_9086	546	0	0.0000	0	0.0000	0	0.0000
pap	1506	12302	8.1687	85	116.0862	42	114.7205
group_9088	279	1647	5.9032	12	88.4634	6	88.4634
group_9089	1005	10878	10.8239	75	153.4907	37	151.4441
glpG	612	5182	8.4673	39	131.0690	19	127.7083
group_9090	1164	12560	10.7904	88	155.4950	44	155.4950
group_9091	2622	0	0.0000	0	0.0000	0	0.0000
group_9092	945	2090	2.2116	15	32.6472	7	30.4707
group_9094	918	2846	3.1002	22	49.2909	11	49.2909
group_9097	1131	7166	6.3360	50	90.9273	25	90.9273
group_9098	303	2068	6.8251	15	101.8206	7	95.0325
group_9099	192	0	0.0000	0	0.0000	0	0.0000
group_9102	501	812	1.6208	6	24.6320	3	24.6320
group_19141	525	303	0.5771	2	7.8353	1	7.8353
group_19142	1050	2310	2.2000	15	29.3825	7	27.4237
hisA	762	6645	8.7205	46	124.1623	23	124.1623
group_9103	3018	31770	10.5268	221	150.6121	110	149.9306
group_9104	825	12016	14.5648	80	199.4449	40	199.4449
group_9105	1374	3105	2.2598	21	31.4354	10	29.9385
group_9106	1941	14832	7.6414	102	108.0840	51	108.0840
pheA	855	7788	9.1088	56	134.7128	28	134.7128
group_9107	681	3540	5.1982	25	75.5057	12	72.4855
group_9108	510	2609	5.1157	18	72.5921	9	72.5921
group_9109	633	2561	4.0458	18	58.4865	9	58.4865
group_9110	414	3104	7.4976	23	114.2653	11	109.2972
nlpC	861	3318	3.8537	25	59.7205	12	57.3317
ubiA	1137	9718	8.5471	66	119.3906	33	119.3906
group_9115	699	806	1.1531	6	17.6547	3	17.6547
group_9116	1101	906	0.8229	6	11.2086	3	11.2086
group_9117	2112	321	0.1520	3	2.9216	1	1.9477
group_9120	963	226	0.2347	2	4.2716	1	4.2716
group_9121	3069	5245	1.7090	32	21.4457	16	21.4457
group_9122	2241	18867	8.4190	130	119.3131	65	119.3131
group_9125	297	832	2.8013	6	41.5510	3	41.5510
group_9129	2832	19073	6.7348	123	89.3303	61	88.6040
group_9130	1041	0	0.0000	0	0.0000	0	0.0000
queD	1056	7213	6.8305	51	99.3329	25	97.3852
group_9133	1176	7600	6.4626	53	92.6948	26	90.9458
group_9134	360	226	0.6278	2	11.4265	1	11.4265
group_9136	435	118	0.2713	1	4.7282	0	0.0000
group_9137	147	0	0.0000	0	0.0000	0	0.0000
group_9142	240	0	0.0000	0	0.0000	0	0.0000
group_9143	534	2710	5.0749	20	77.0328	10	77.0328
group_9154	387	0	0.0000	0	0.0000	0	0.0000
group_9156	768	3206	4.1745	16	42.8495	8	42.8495
group_9160	213	0	0.0000	0	0.0000	0	0.0000
walK	1998	30567	15.2988	211	217.2070	105	216.1776
group_9164	180	604	3.3556	4	45.7061	2	45.7061
ddl	1059	14760	13.9377	104	201.9874	52	201.9874
nirD	351	378	1.0769	4	23.4390	2	23.4390
group_9167	276	4117	14.9167	32	238.4667	16	238.4667
group_9170	1341	0	0.0000	0	0.0000	0	0.0000
group_9171	336	530	1.5774	4	24.4854	2	24.4854
group_9172	885	5984	6.7616	42	97.6097	21	97.6097
group_9178	729	906	1.2428	6	16.9282	3	16.9282
group_9179	822	151	0.1837	1	2.5022	0	0.0000
group_9180	873	3450	3.9519	25	58.8996	12	56.5436
group_9183	3003	1279	0.4259	8	5.4793	4	5.4793
gvpN	1044	7090	6.7912	49	96.5345	24	94.5644
group_9184	315	302	0.9587	2	13.0589	1	13.0589
group_9185	2169	0	0.0000	0	0.0000	0	0.0000
group_9187	783	1267	1.6181	9	23.6411	4	21.0143
group_9190	282	1179	4.1809	9	65.6418	4	58.3482
group_9191	213	0	0.0000	0	0.0000	0	0.0000
group_9192	1527	4012	2.6274	29	39.0612	14	37.7143
group_9195	2283	6511	2.8519	44	39.6400	22	39.6400
group_9197	1665	6151	3.6943	44	54.3532	22	54.3532
group_9198	348	2573	7.3937	19	112.2952	9	106.3849
group_9199	231	0	0.0000	0	0.0000	0	0.0000
group_9200	738	0	0.0000	0	0.0000	0	0.0000
group_9201	156	0	0.0000	0	0.0000	0	0.0000
gatC	474	704	1.4852	6	26.0351	3	26.0351
group_9203	4491	2322	0.5170	16	7.3276	8	7.3276
dcp	2052	7015	3.4186	53	53.1233	26	52.1210
thiS	261	492	1.8851	4	31.5215	2	31.5215
group_9205	591	995	1.6836	7	24.3611	3	20.8810
group_9206	153	0	0.0000	0	0.0000	0	0.0000
group_9208	1728	906	0.5243	6	7.1416	3	7.1416
group_9210	279	1041	3.7312	7	51.6037	3	44.2317
group_9209	669	2645	3.9537	15	46.1160	7	43.0416
group_9212	3996	1094	0.2738	8	4.1177	4	4.1177
group_9215	5559	2356	0.4238	16	5.9198	8	5.9198
group_9214	816	2073	2.5404	16	40.3289	8	40.3289
group_9216	417	151	0.3621	1	4.9323	0	0.0000
group_9217	825	0	0.0000	0	0.0000	0	0.0000
group_9218	264	555	2.1023	6	46.7449	3	46.7449
group_9221	873	438	0.5017	4	9.4239	2	9.4239
group_9224	588	1135	1.9303	9	31.4813	4	27.9833
group_9229	858	1651	1.9242	11	26.3689	5	23.9717
group_9231	360	1496	4.1556	10	57.1326	5	57.1326
group_9232	600	151	0.2517	1	3.4280	0	0.0000
group_9233	537	302	0.5624	2	7.6602	1	7.6602
group_9234	540	0	0.0000	0	0.0000	0	0.0000
group_9235	594	0	0.0000	0	0.0000	0	0.0000
msrP	684	3759	5.4956	26	78.1815	13	78.1815
group_9240	390	1498	3.8410	10	52.7378	5	52.7378
group_9241	3327	22550	6.7779	154	95.2039	77	95.2039
group_9243	1158	2652	2.2902	18	31.9706	9	31.9706
group_9244	447	562	1.2573	4	18.4051	2	18.4051
group_9246	195	0	0.0000	0	0.0000	0	0.0000
group_9249	3093	24866	8.0394	166	110.3863	83	110.3863
group_9250	414	1339	3.2343	11	54.6486	5	49.6806
group_9251	228	124	0.5439	2	18.0419	1	18.0419
group_9253	255	395	1.5490	3	24.1974	1	16.1316
group_9255	1233	604	0.4899	4	6.6724	2	6.6724
pcxA	1338	16727	12.5015	117	179.8525	58	178.3153
group_9257	375	0	0.0000	0	0.0000	0	0.0000
group_9259	213	0	0.0000	0	0.0000	0	0.0000
group_9261	642	387	0.6028	3	9.6111	1	6.4074
group_9262	259	275	1.0618	2	15.8824	1	15.8824
group_9266	285	658	2.3088	6	43.3005	3	43.3005
group_9268	453	285	0.6291	2	9.0807	1	9.0807
group_9267	3780	11905	3.1495	80	43.5296	40	43.5296
group_9269	1731	1359	0.7851	9	10.6938	4	9.5056
group_9270	1317	12095	9.1838	83	129.6221	41	128.0604
group_9271	882	4891	5.5454	34	79.2861	17	79.2861
group_9272	1287	901	0.7001	6	9.5887	3	9.5887
group_9275	1017	1343	1.3206	9	18.2015	4	16.1792
group_9276	351	0	0.0000	0	0.0000	0	0.0000
group_9277	1032	548	0.5310	4	7.9720	2	7.9720
group_9282	2094	2414	1.1528	17	16.6978	8	15.7156
group_9283	201	0	0.0000	0	0.0000	0	0.0000
group_9284	594	0	0.0000	0	0.0000	0	0.0000
sipA	261	901	3.4521	7	55.1626	3	47.2822
group_9285	300	0	0.0000	0	0.0000	0	0.0000
group_9287	807	1857	2.3011	13	33.1327	6	30.5840
group_9290	855	768	0.8982	6	14.4335	3	14.4335
group_9291	285	1447	5.0772	12	86.6011	6	86.6011
group_9292	1425	17798	12.4898	125	180.4189	62	178.9755
group_9293	1077	0	0.0000	0	0.0000	0	0.0000
group_9294	456	2892	6.3421	21	94.7199	10	90.2094
group_9295	684	2001	2.9254	14	42.0977	7	42.0977
group_9296	282	603	2.1383	4	29.1741	2	29.1741
lysX	1014	6703	6.6105	46	93.3054	23	93.3054
group_9299	411	875	2.1290	7	35.0302	3	30.0259
yhaK	708	3216	4.5424	22	63.9111	11	63.9111
group_9301	933	1377	1.4759	9	19.8403	4	17.6358
group_9302	339	8199	24.1858	60	364.0310	30	364.0310
group_9303	2136	6931	3.2449	46	44.2938	23	44.2938
group_9306	1170	0	0.0000	0	0.0000	0	0.0000
group_9308	1212	0	0.0000	0	0.0000	0	0.0000
group_9311	1023	2549	2.4917	17	34.1791	8	32.1685
yutE	435	508	1.1678	4	18.9129	2	18.9129
group_9313	630	604	0.9587	4	13.0589	2	13.0589
group_9316	1065	1510	1.4178	10	19.3124	5	19.3124
group_9319	1365	0	0.0000	0	0.0000	0	0.0000
group_9320	423	452	1.0686	3	14.5871	1	9.7247
group_9322	1128	3964	3.5142	27	49.2313	13	47.4079
group_9323	2943	13435	4.5651	90	62.8983	45	62.8983
group_9325	4269	24704	5.7868	173	83.3502	86	82.8684
group_9326	186	0	0.0000	0	0.0000	0	0.0000
feoA	642	4222	6.5763	29	92.9073	14	89.7036
group_9328	1188	44816	37.7239	309	534.9693	154	533.2380
modA	1986	5705	2.8726	39	40.3898	19	39.3542
group_9332	831	8393	10.0999	58	143.5535	29	143.5535
group_9333	858	3060	3.5664	22	52.7378	11	52.7378
atoC	1254	4548	3.6268	31	50.8453	15	49.2051
group_9337	168	0	0.0000	0	0.0000	0	0.0000
group_9338	210	358	1.7048	4	39.1767	2	39.1767
group_9339	576	3731	6.4774	28	99.9821	14	99.9821
group_9340	447	238	0.5324	2	9.2026	1	9.2026
group_9342	1089	2971	2.7282	20	37.7736	10	37.7736
group_9343	702	522	0.7436	4	11.7195	2	11.7195
group_9344	762	0	0.0000	0	0.0000	0	0.0000
accC	1347	23355	17.3385	165	251.9435	82	250.4166
group_9345	1044	3340	3.1992	23	45.3121	11	43.3420
group_9346	243	302	1.2428	2	16.9282	1	16.9282
group_9350	1392	10414	7.4813	73	107.8625	36	106.3849
group_9353	2040	19513	9.5652	137	138.1266	68	137.1183
group_9352	255	233	0.9137	2	16.1316	1	16.1316
group_9354	687	5769	8.3974	41	122.7479	20	119.7540
group_9355	2265	8179	3.6110	55	49.9438	27	49.0357
group_9356	462	1388	3.0043	10	44.5189	5	44.5189
group_9357	1107	3233	2.9205	24	44.5913	12	44.5913
group_9359	1224	1178	0.9624	8	13.4430	4	13.4430
group_9361	588	182	0.3095	2	6.9958	1	6.9958
group_9366	447	302	0.6756	2	9.2026	1	9.2026
group_9367	1911	11053	5.7839	78	83.9500	39	83.9500
group_9369	288	906	3.1458	6	42.8495	3	42.8495
group_9370	366	1113	3.0410	8	44.9568	4	44.9568
trpC	891	5237	5.8777	40	92.3356	20	92.3356
group_9372	1662	21238	12.7786	147	181.9169	73	180.6794
group_9374	1071	574	0.5359	6	11.5225	3	11.5225
group_9376	609	950	1.5599	6	20.2638	3	20.2638
group_9377	1152	5282	4.5851	36	64.2742	18	64.2742
group_9378	1227	1812	1.4768	12	20.1152	6	20.1152
group_9379	681	3871	5.6843	28	84.5664	14	84.5664
group_9380	1413	6828	4.8323	46	66.9580	23	66.9580
group_9382	585	4293	7.3385	32	112.5074	16	112.5074
group_9385	903	3540	3.9203	26	59.2205	13	59.2205
group_9387	300	1306	4.3533	9	61.7033	4	54.8473
group_9389	729	4115	5.6447	29	81.8196	14	78.9982
group_9391	1227	4358	3.5518	31	51.9642	15	50.2879
pulF	1215	13878	11.4222	95	160.8178	47	159.1250
salY	1344	9088	6.7619	63	96.4113	31	94.8810
group_9394	1818	302	0.1661	2	2.2627	1	2.2627
group_9393	411	0	0.0000	0	0.0000	0	0.0000
amt	1443	4653	3.2245	31	44.1857	15	42.7604
group_9395	216	152	0.7037	1	9.5221	0	0.0000
group_9396	675	3252	4.8178	23	70.0827	11	67.0356
group_9397	1026	4975	4.8489	33	66.1536	16	64.1489
group_9398	777	1799	2.3153	12	31.7649	6	31.7649
group_9399	1152	7871	6.8325	50	89.2698	25	89.2698
group_9400	345	1883	5.4580	14	83.4633	7	83.4633
group_9401	234	0	0.0000	0	0.0000	0	0.0000
group_9403	198	0	0.0000	0	0.0000	0	0.0000
group_9404	2850	32745	11.4895	222	160.2120	111	160.2120
group_9406	336	683	2.0327	6	36.7281	3	36.7281
group_9408	1557	1161	0.7457	8	10.5679	4	10.5679
group_9409	1470	1945	1.3231	13	18.1892	6	16.7900
group_9412	1485	1805	1.2155	12	16.6204	6	16.6204
group_9413	1956	13918	7.1155	97	101.9975	48	100.9460
group_9414	192	207	1.0781	2	21.4247	1	21.4247
group_9415	1038	1195	1.1513	9	17.8333	4	15.8518
group_9416	1719	0	0.0000	0	0.0000	0	0.0000
moaB	597	2585	4.3300	20	68.9037	10	68.9037
group_9418	4083	6462	1.5827	30	15.1122	15	15.1122
group_9421	987	2081	2.1084	15	31.2580	7	29.1741
glxA	1005	1812	1.8030	12	24.5585	6	24.5585
group_9424	108	0	0.0000	0	0.0000	0	0.0000
group_9425	1248	2645	2.1194	16	26.3689	8	26.3689
group_9427	579	2503	4.3230	17	60.3889	8	56.8366
group_9430	1377	910	0.6609	6	8.9620	3	8.9620
rsmE	708	1944	2.7458	13	37.7656	6	34.8606
group_9431	1950	9887	5.0703	67	70.6687	33	69.6139
group_9432	540	3283	6.0796	24	91.4122	12	91.4122
group_9433	1962	2011	1.0250	14	14.6763	7	14.6763
group_9437	2037	1655	0.8125	12	12.1165	6	12.1165
recN	1755	18052	10.2860	127	148.8379	63	147.6659
group_9438	1443	16016	11.0991	115	163.9149	57	162.4895
leuD	591	5119	8.6616	35	121.8056	17	118.3255
group_9439	867	3397	3.9181	22	52.1904	11	52.1904
cobU	561	5228	9.3191	38	139.3181	19	139.3181
group_9440	159	151	0.9497	1	12.9357	0	0.0000
group_9441	1374	8970	6.5284	62	92.8094	31	92.8094
group_9442	822	256	0.3114	2	5.0043	1	5.0043
group_9443	2556	24044	9.4069	166	133.5777	83	133.5777
group_9444	1563	6981	4.4664	47	61.8480	23	60.5321
hpnA	987	6351	6.4347	47	97.9417	23	95.8578
group_9445	522	604	1.1571	4	15.7607	2	15.7607
group_9446	1230	12047	9.7943	82	137.1183	41	137.1183
group_9447	1236	951	0.7694	6	9.9843	3	9.9843
group_9449	690	6525	9.4565	46	137.1183	23	137.1183
group_9450	393	2788	7.0941	20	104.6705	10	104.6705
srso17	453	967	2.1347	8	36.3227	4	36.3227
group_9451	297	634	2.1347	6	41.5510	3	41.5510
group_9454	1683	1121	0.6661	6	7.3325	3	7.3325
group_9455	345	1057	3.0638	7	41.7317	3	35.7700
group_9456	966	1057	1.0942	7	14.9042	3	12.7750
group_9457	609	2973	4.8818	20	67.5460	10	67.5460
group_9458	537	1173	2.1844	8	30.6410	4	30.6410
group_9459	789	302	0.3828	2	5.2136	1	5.2136
rpoZ	228	1301	5.7061	9	81.1885	4	72.1675
group_9460	840	256	0.3048	3	7.3456	1	4.8971
group_9461	1116	6777	6.0726	47	86.6205	23	84.7775
group_9462	267	151	0.5655	1	7.7033	0	0.0000
group_9463	1140	8394	7.3632	57	102.8388	28	101.0346
carB	3351	80596	24.0513	559	343.1027	279	342.4890
group_9465	336	0	0.0000	0	0.0000	0	0.0000
nAGPA	1824	16325	8.9501	112	126.2932	56	126.2932
ilvA	1605	31828	19.8305	219	280.6441	109	279.3626
group_9467	1071	2130	1.9888	15	28.8064	7	26.8859
group_9468	750	0	0.0000	0	0.0000	0	0.0000
group_9469	903	1700	1.8826	12	27.3326	6	27.3326
group_9470	381	1916	5.0289	14	75.5770	7	75.5770
group_9472	396	2827	7.1389	21	109.0714	10	103.8775
group_9473	255	256	1.0039	2	16.1316	1	16.1316
group_9476	261	680	2.6054	5	39.4018	2	31.5215
group_9477	405	1897	4.6840	15	76.1769	7	71.0984
group_9480	408	675	1.6544	5	25.2056	2	20.1645
group_9481	387	2244	5.7984	16	85.0346	8	85.0346
group_9482	288	302	1.0486	2	14.2832	1	14.2832
group_9483	1335	3747	2.8067	27	41.5977	13	40.0570
group_9484	138	0	0.0000	0	0.0000	0	0.0000
group_9486	1212	3610	2.9785	24	40.7282	12	40.7282
mpaA	1665	12828	7.7045	89	109.9417	44	108.7064
group_9488	201	0	0.0000	0	0.0000	0	0.0000
group_9489	735	2882	3.9211	20	55.9667	10	55.9667
group_9490	282	293	1.0390	2	14.5871	1	14.5871
group_9491	186	407	2.1882	3	33.1738	1	22.1159
group_9492	825	3475	4.2121	23	57.3404	11	54.8473
group_9493	543	1573	2.8969	11	41.6658	5	37.8780
corA	1197	9637	8.0510	67	115.1244	33	113.4061
group_9498	168	4852	28.8810	40	489.7084	20	489.7084
group_9500	2691	9188	3.4143	62	47.3876	31	47.3876
group_9503	255	3179	12.4667	25	201.6446	12	193.5788
group_9504	369	0	0.0000	0	0.0000	0	0.0000
group_19151	303	351	1.1584	3	20.3641	1	13.5761
group_9507	573	755	1.3176	5	17.9474	2	14.3579
group_9508	1626	1000	0.6150	7	8.8545	3	7.5896
group_9509	1203	2675	2.2236	19	32.4844	9	30.7747
group_9510	882	0	0.0000	0	0.0000	0	0.0000
group_9512	1767	3013	1.7051	20	23.2799	10	23.2799
cbiM	744	7450	10.0134	53	146.5176	26	143.7531
group_9517	501	1298	2.5908	9	36.9481	4	32.8427
group_9518	1743	15953	9.1526	111	130.9822	55	129.8022
group_9519	975	0	0.0000	0	0.0000	0	0.0000
group_9520	630	5657	8.9794	40	130.5889	20	130.5889
group_9522	972	2300	2.3663	16	33.8564	8	33.8564
group_9523	300	302	1.0067	2	13.7118	1	13.7118
group_9524	1173	3853	3.2847	26	45.5892	13	45.5892
gtrA	1407	8500	6.0412	58	84.7853	29	84.7853
group_9527	777	1792	2.3063	13	34.4119	6	31.7649
group_9528	186	508	2.7312	4	44.2317	2	44.2317
group_9530	885	196	0.2215	2	4.6481	1	4.6481
group_9535	318	271	0.8522	2	12.9357	1	12.9357
group_9536	1047	10287	9.8252	71	139.4757	35	137.5112
group_9537	1356	3546	2.6150	25	37.9199	12	36.4031
group_9538	1020	2365	2.3186	20	40.3289	10	40.3289
group_9539	1059	2942	2.7781	21	40.7859	10	38.8437
group_9540	414	261	0.6304	2	9.9361	1	9.9361
aycf53	738	8412	11.3984	59	164.4305	29	161.6436
cdd	411	302	0.7348	2	10.0086	1	10.0086
group_9541	951	5632	5.9222	40	86.5100	20	86.5100
group_9542	1230	4682	3.8065	31	51.8374	15	50.1652
group_9544	1593	6163	3.8688	42	54.2276	21	54.2276
group_9545	915	2618	2.8612	18	40.4612	9	40.4612
group_9546	2652	15587	5.8775	110	85.3112	55	85.3112
group_9547	366	151	0.4126	1	5.6196	0	0.0000
group_9549	771	2083	2.7017	14	37.3474	7	37.3474
group_9550	831	7753	9.3297	52	128.7031	26	128.7031
group_9552	681	574	0.8429	4	12.0809	2	12.0809
group_9554	786	5296	6.7379	36	94.2034	18	94.2034
group_9555	412	1564	3.7961	13	64.8982	6	59.9061
group_9556	393	2766	7.0382	20	104.6705	10	104.6705
group_9557	798	6085	7.6253	42	108.2513	21	108.2513
group_9558	750	3269	4.3587	22	60.3321	11	60.3321
group_9560	357	755	2.1148	5	28.8064	2	23.0451
xylB	1251	8763	7.0048	62	101.9345	31	101.9345
group_9562	405	453	1.1185	3	15.2354	1	10.1569
group_9563	1341	1866	1.3915	13	19.9389	6	18.4051
group_9564	1323	1440	1.0884	10	15.5463	5	15.5463
group_9566	2505	4183	1.6699	28	22.9899	14	22.9899
group_9569	228	757	3.3202	8	72.1675	4	72.1675
group_9570	1572	13432	8.5445	90	117.7543	45	117.7543
ykgJ	366	2248	6.1421	17	95.5333	8	89.9137
proC	876	6917	7.8961	47	110.3521	23	108.0042
group_9571	2223	2549	1.1466	17	15.7288	8	14.8036
group_9572	1128	1534	1.3599	10	18.2338	5	18.2338
group_9573	219	204	0.9315	2	18.7833	1	18.7833
group_9576	1341	794	0.5921	6	9.2026	3	9.2026
group_9579	285	6384	22.4000	46	331.9707	23	331.9707
group_9580	363	803	2.2121	5	28.3302	2	22.6642
group_9581	840	3773	4.4917	25	61.2135	12	58.7650
nosY	780	5265	6.7500	38	100.2019	19	100.2019
group_9583	243	0	0.0000	0	0.0000	0	0.0000
group_9584	390	707	1.8128	5	26.3689	2	21.0951
group_9585	960	604	0.6292	4	8.5699	2	8.5699
group_9586	756	453	0.5992	3	8.1618	1	5.4412
group_9589	234	0	0.0000	0	0.0000	0	0.0000
group_9591	1395	3016	2.1620	22	32.4366	11	32.4366
group_9592	870	453	0.5207	3	7.0923	1	4.7282
group_9593	1506	0	0.0000	0	0.0000	0	0.0000
group_9594	1605	326	0.2031	2	2.5630	1	2.5630
group_9595	171	301	1.7602	2	24.0558	1	24.0558
group_9596	408	1455	3.5662	9	45.3700	4	40.3289
group_9597	654	755	1.1544	5	15.7246	2	12.5797
group_9600	654	2636	4.0306	18	56.6085	9	56.6085
group_9599	3102	15261	4.9197	107	70.9461	53	70.2831
group_9602	1407	302	0.2146	2	2.9236	1	2.9236
group_9601	315	151	0.4794	1	6.5294	0	0.0000
group_9603	711	151	0.2124	1	2.8928	0	0.0000
group_9605	693	5044	7.2785	35	103.8775	17	100.9096
group_9607	4161	70703	16.9918	470	232.3202	235	232.3202
group_9608	732	8483	11.5888	59	165.7783	29	162.9685
group_9609	1830	18149	9.9175	126	141.6140	63	141.6140
group_9611	261	371	1.4215	3	23.6411	1	15.7607
group_9612	840	3571	4.2512	25	61.2135	12	58.7650
group_9614	1518	2563	1.6884	17	23.0337	8	21.6788
group_9615	564	783	1.3883	6	21.8806	3	21.8806
group_9617	708	0	0.0000	0	0.0000	0	0.0000
group_9619	1041	2099	2.0163	14	27.6608	7	27.6608
group_9618	285	149	0.5228	1	7.2168	0	0.0000
group_9622	432	823	1.9051	6	28.5663	3	28.5663
tnpB~~~insQ	1359	7445	5.4783	49	74.1589	24	72.6455
hypE	1071	7354	6.8665	52	99.8621	26	99.8621
group_9625	972	4701	4.8364	30	63.4807	15	63.4807
group_9626	282	2135	7.5709	15	109.4029	7	102.1094
group_9627	663	1209	1.8235	9	27.9200	4	24.8178
group_9628	744	4986	6.7016	28	77.4055	14	77.4055
group_9629	426	1031	2.4202	7	33.7968	3	28.9687
group_9630	306	749	2.4477	5	33.6074	2	26.8859
ybjD	1989	2255	1.1337	15	15.5111	7	14.4770
group_9631	2079	17746	8.5358	120	118.7172	60	118.7172
group_9633	1485	5937	3.9980	40	55.4014	20	55.4014
group_9634	774	31942	41.2687	221	587.2704	110	584.6131
group_9635	231	19525	84.5238	142	1264.3380	71	1264.3380
group_9636	2016	17785	8.8219	122	124.4675	61	124.4675
group_9637	933	20112	21.5563	136	299.8086	68	299.8086
group_9638	1749	16848	9.6329	116	136.4128	58	136.4128
group_9641	96	0	0.0000	0	0.0000	0	0.0000
group_9640	2103	2844	1.3524	19	18.5824	9	17.6044
group_9642	1395	6786	4.8645	45	66.3476	22	64.8732
group_9643	879	875	0.9954	6	14.0394	3	14.0394
group_9644	312	2234	7.1603	18	118.6601	9	118.6601
group_9645	660	114	0.1727	1	3.1163	0	0.0000
group_9646	996	2104	2.1124	16	33.0406	8	33.0406
cysW	843	8923	10.5848	65	158.5888	32	156.1490
group_9647	981	2424	2.4709	18	37.7390	9	37.7390
group_9651	741	1861	2.5115	14	38.8594	7	38.8594
group_9652	1140	2829	2.4816	22	39.6922	11	39.6922
group_9655	186	591	3.1774	4	44.2317	2	44.2317
malQ	1503	11418	7.5968	82	112.2126	41	112.2126
group_9656	729	426	0.5844	4	11.2855	2	11.2855
group_9657	435	2936	6.7494	21	99.2926	10	94.5644
group_9658	3993	22311	5.5875	150	77.2643	75	77.2643
group_9660	378	816	2.1587	6	32.6472	3	32.6472
group_9661	327	0	0.0000	0	0.0000	0	0.0000
group_9662	7725	7266	0.9406	28	7.4550	14	7.4550
group_9663	141	0	0.0000	0	0.0000	0	0.0000
group_9664	261	897	3.4368	6	47.2822	3	47.2822
group_9666	417	856	2.0528	6	29.5939	3	29.5939
group_9667	837	967	1.1553	7	17.2012	3	14.7439
group_9668	990	1055	1.0657	7	14.5429	3	12.4653
ligA	2058	21840	10.6122	148	147.9119	74	147.9119
group_9669	567	4805	8.4744	34	123.3340	17	123.3340
group_16590	1278	302	0.2363	2	3.2187	1	3.2187
group_9670	927	6857	7.3970	48	106.4997	24	106.4997
pDC1~~~ictB	3102	28914	9.3211	196	129.9574	98	129.9574
group_9671	1308	6023	4.6047	40	62.8983	20	62.8983
group_9672	375	3720	9.9200	28	153.5725	14	153.5725
group_9673	441	112	0.2540	2	9.3278	1	9.3278
group_9675	2973	755	0.2540	5	3.4591	2	2.7673
group_9676	2658	17781	6.6896	123	95.1781	61	94.4043
group_9679	1182	721	0.6100	5	8.7004	2	6.9603
group_9680	897	3020	3.3668	20	45.8590	10	45.8590
group_9681	405	2619	6.4667	18	91.4122	9	91.4122
group_9682	345	232	0.6725	2	11.9233	1	11.9233
group_9683	471	484	1.0276	4	17.4673	2	17.4673
group_9684	1089	10206	9.3719	71	134.0965	35	132.2078
group_9686	708	3888	5.4915	26	75.5313	13	75.5313
group_9688	1821	3325	1.8259	24	27.1074	12	27.1074
group_9689	3606	5805	1.6098	39	22.2447	19	21.6743
group_9690	174	2357	13.5460	20	236.4109	10	236.4109
group_9691	624	4377	7.0144	33	108.7718	16	105.4756
group_9695	1017	9563	9.4031	65	131.4556	32	129.4332
group_9700	336	852	2.5357	8	48.9708	4	48.9708
group_9697	264	0	0.0000	0	0.0000	0	0.0000
group_9699	1044	6096	5.8391	39	76.8336	19	74.8635
group_9701	1716	2300	1.3403	16	19.1774	8	19.1774
group_17169	6042	2416	0.3999	16	5.4466	8	5.4466
group_9704	528	278	0.5265	2	7.7908	1	7.7908
group_9705	1356	2128	1.5693	14	21.2351	7	21.2351
group_9707	396	1143	2.8864	8	41.5510	4	41.5510
group_9708	420	626	1.4905	5	24.4854	2	19.5883
smc	555	124	0.2234	2	7.4118	1	7.4118
group_9710	681	2937	4.3128	22	66.4450	11	66.4450
group_9714	1395	4254	3.0495	29	42.7573	14	41.2829
group_9715	243	711	2.9259	6	50.7846	3	50.7846
ndhB	1551	18428	11.8814	129	171.0664	64	169.7403
truB	912	6182	6.7785	43	96.9751	21	94.7199
group_9717	210	544	2.5905	4	39.1767	2	39.1767
group_9718	855	3874	4.5310	26	62.5452	13	62.5452
group_9719	603	3059	5.0730	21	71.6290	10	68.2181
group_9720	315	1357	4.3079	12	78.3533	6	78.3533
group_9722	936	0	0.0000	0	0.0000	0	0.0000
group_9723	453	3444	7.6026	26	118.0489	13	118.0489
spoIIIAA	1812	23266	12.8400	164	186.1540	82	186.1540
group_9725	660	4769	7.2258	33	102.8388	16	99.7224
group_9728	1194	5192	4.3484	36	62.0133	18	62.0133
group_9731	423	2183	5.1608	16	77.7976	8	77.7976
group_9732	456	2443	5.3575	17	76.6780	8	72.1675
group_9735	450	0	0.0000	0	0.0000	0	0.0000
pleD	939	6015	6.4058	42	91.9963	21	91.9963
group_9738	711	1549	2.1786	12	34.7135	6	34.7135
group_9742	909	897	0.9868	6	13.5761	3	13.5761
group_9740	345	1441	4.1768	11	65.5783	5	59.6167
group_9741	1113	534	0.4798	4	7.3918	2	7.3918
group_9743	2454	35909	14.6328	260	217.9142	130	217.9142
group_9744	3105	19819	6.3829	137	90.7498	68	90.0874
group_9745	2607	8961	3.4373	61	48.1255	30	47.3366
group_9746	1218	9446	7.7553	64	108.0736	32	108.0736
group_9747	1224	4724	3.8595	33	55.4523	16	53.7719
group_9750	309	301	0.9741	2	13.3125	1	13.3125
group_9751	2199	20405	9.2792	140	130.9452	70	130.9452
group_9752	192	0	0.0000	0	0.0000	0	0.0000
group_9755	459	9718	21.1721	65	291.2645	32	286.7835
group_9754	966	3470	3.5921	23	48.9708	11	46.8417
group_9759	1017	604	0.5939	4	8.0896	2	8.0896
group_15948	1170	409	0.3496	3	5.2738	1	3.5159
group_9761	1899	19033	10.0226	132	142.9670	66	142.9670
group_9762	237	151	0.6371	1	8.6784	0	0.0000
yccU	459	3615	7.8758	24	107.5438	12	107.5438
group_9763	234	0	0.0000	0	0.0000	0	0.0000
group_9764	801	2942	3.6729	21	53.9229	10	51.3552
group_9765	306	871	2.8464	7	47.0504	3	40.3289
group_9767	345	0	0.0000	0	0.0000	0	0.0000
group_9769	885	505	0.5706	4	9.2962	2	9.2962
group_9770	219	0	0.0000	0	0.0000	0	0.0000
group_9772	4422	1359	0.3073	9	4.1861	4	3.7210
group_9775	312	1097	3.5160	8	52.7378	4	52.7378
group_9774	696	5735	8.2399	38	112.2952	19	112.2952
group_9776	2520	87437	34.6972	585	477.4657	292	476.6495
group_9778	735	3408	4.6367	24	67.1600	12	67.1600
group_9779	837	0	0.0000	0	0.0000	0	0.0000
group_9781	705	5670	8.0426	39	113.7791	19	110.8616
cafA	2178	29168	13.3921	197	186.0352	98	185.0909
ylqF	840	10868	12.9381	81	198.3319	40	195.8833
group_9783	1551	3147	2.0290	22	29.1741	11	29.1741
group_9786	501	0	0.0000	0	0.0000	0	0.0000
group_9787	939	2188	2.3301	15	32.8558	7	30.6654
group_9789	471	906	1.9236	6	26.2010	3	26.2010
group_9790	456	747	1.6382	5	22.5524	2	18.0419
fbpB	1941	9735	5.0155	66	69.9367	33	69.9367
group_9791	384	4074	10.6094	29	155.3294	14	149.9732
group_9792	657	519	0.7900	4	12.5222	2	12.5222
group_9793	261	151	0.5785	1	7.8804	0	0.0000
group_9794	339	906	2.6726	6	36.4031	3	36.4031
group_9795	1146	8289	7.2330	57	102.3003	28	100.5056
group_9797	114	0	0.0000	0	0.0000	0	0.0000
group_9800	1650	12170	7.3758	83	103.4620	41	102.2155
group_9804	3270	0	0.0000	0	0.0000	0	0.0000
group_9801	405	2625	6.4815	19	96.4907	9	91.4122
group_9802	645	453	0.7023	3	9.5664	1	6.3776
mnaT	516	2233	4.3275	15	59.7900	7	55.8040
glgX	2079	16619	7.9937	117	115.7493	58	114.7599
fabD	933	6780	7.2669	46	101.4058	23	101.4058
group_9812	1065	3796	3.5643	27	52.1436	13	50.2124
group_9813	690	302	0.4377	2	5.9617	1	5.9617
group_9816	1680	0	0.0000	0	0.0000	0	0.0000
murF	1371	11333	8.2662	78	117.0157	39	117.0157
group_9817	1068	13714	12.8408	94	181.0270	47	181.0270
mfd	3510	45072	12.8410	309	181.0665	154	180.4806
group_9818	1260	13640	10.8254	96	156.7067	48	156.7067
coaX	780	4908	6.2923	36	94.9281	18	94.9281
group_9820	1305	9525	7.2989	67	105.5969	33	104.0208
group_9822	582	6699	11.5103	59	208.5047	29	204.9707
group_9825	972	842	0.8663	6	12.6961	3	12.6961
sirB1	819	3980	4.8596	27	67.8058	13	65.2944
group_9826	879	2990	3.4016	20	46.7981	10	46.7981
lptB	1911	6203	3.2459	45	48.4327	22	47.3564
group_9827	1086	3352	3.0866	23	43.5597	11	41.6658
group_9829	426	2832	6.6479	20	96.5622	10	96.5622
group_9831	1092	4217	3.8617	29	54.6213	14	52.7378
group_9833	519	151	0.2909	1	3.9630	0	0.0000
group_9834	192	240	1.2500	2	21.4247	1	21.4247
group_9835	477	234	0.4906	2	8.6238	1	8.6238
group_9836	621	23809	38.3398	162	536.5500	81	536.5500
group_9837	414	1711	4.1329	13	64.5847	6	59.6167
group_9838	1074	4382	4.0801	30	57.4518	15	57.4518
group_9840	771	302	0.3917	2	5.3353	1	5.3353
group_9841	2841	4849	1.7068	20	14.4792	10	14.4792
group_9842	159	0	0.0000	0	0.0000	0	0.0000
group_9843	399	1552	3.8897	12	61.8579	6	61.8579
group_9847	1902	604	0.3176	4	4.3255	2	4.3255
group_9855	561	4769	8.5009	33	120.9868	16	117.3205
group_9850	987	6235	6.3171	46	95.8578	23	95.8578
group_9851	232	196	0.8448	2	17.7308	1	17.7308
group_9852	657	3523	5.3623	24	75.1333	12	75.1333
group_9859	2037	0	0.0000	0	0.0000	0	0.0000
group_9857	585	2617	4.4735	21	73.8330	10	70.3171
group_9862	945	7104	7.5175	45	97.9417	22	95.7652
group_9858	999	8055	8.0631	54	111.1770	27	111.1770
group_9860	216	240	1.1111	2	19.0442	1	19.0442
group_9861	777	1793	2.3076	13	34.4119	6	31.7649
fieF	927	6812	7.3484	48	106.4997	24	106.4997
group_9864	1281	7183	5.6073	49	78.6745	24	77.0689
group_9865	1107	1146	1.0352	8	14.8638	4	14.8638
group_9866	2685	650	0.2421	4	3.0641	2	3.0641
group_9867	231	0	0.0000	0	0.0000	0	0.0000
group_9868	954	748	0.7841	5	10.7797	2	8.6238
group_9869	1467	0	0.0000	0	0.0000	0	0.0000
group_9870	540	2341	4.3352	15	57.1326	7	53.3238
group_9873	465	0	0.0000	0	0.0000	0	0.0000
group_9876	432	0	0.0000	0	0.0000	0	0.0000
pulO	810	6269	7.7395	46	116.8045	23	116.8045
suhB	828	5672	6.8502	39	96.8771	19	94.3931
group_9877	804	2191	2.7251	15	38.3727	7	35.8145
group_9878	879	302	0.3436	2	4.6798	1	4.6798
group_9880	252	0	0.0000	0	0.0000	0	0.0000
pgl	924	7858	8.5043	54	120.2011	27	120.2011
group_9887	306	436	1.4248	3	20.1645	1	13.4430
fliA	777	2808	3.6139	21	55.5885	10	52.9414
group_9885	459	3244	7.0675	22	98.5818	11	98.5818
group_9886	2256	2691	1.1928	19	17.3221	9	16.4104
group_9890	270	0	0.0000	0	0.0000	0	0.0000
rnhB	630	3907	6.2016	28	91.4122	14	91.4122
gvpP	360	1902	5.2833	15	85.6990	7	79.9857
group_9892	2832	7033	2.4834	50	36.3131	25	36.3131
group_9893	627	151	0.2408	1	3.2803	0	0.0000
trpD	1038	7454	7.1811	50	99.0739	25	99.0739
group_9894	438	0	0.0000	0	0.0000	0	0.0000
group_9895	843	1997	2.3689	13	31.7178	6	29.2779
group_9897	375	1548	4.1280	12	65.8168	6	65.8168
group_9898	369	222	0.6016	2	11.1478	1	11.1478
group_9901	1116	2045	1.8324	15	27.6448	7	25.8018
group_9902	531	1745	3.2863	12	46.4808	6	46.4808
group_9903	297	0	0.0000	0	0.0000	0	0.0000
group_9904	471	755	1.6030	5	21.8341	2	17.4673
group_9905	465	2083	4.4796	14	61.9244	7	61.9244
group_9908	432	2444	5.6574	19	90.4600	9	85.6990
group_9909	630	880	1.3968	6	19.5883	3	19.5883
group_9911	3669	82398	22.4579	562	315.0471	281	315.0471
crtH	1512	20433	13.5139	142	193.1627	71	193.1627
group_9914	1503	3545	2.3586	26	35.5796	13	35.5796
group_9915	2178	16503	7.5771	112	105.7662	56	105.7662
cmx8	1647	0	0.0000	0	0.0000	0	0.0000
group_9916	954	1009	1.0577	7	15.0916	3	12.9357
group_9919	777	5248	6.7542	36	95.2946	18	95.2946
group_9918	1140	3749	3.2886	25	45.1047	12	43.3005
group_9920	1263	13010	10.3009	89	144.9351	44	143.3066
group_9921	2028	8539	4.2106	35	35.4966	17	34.4824
group_15849	3702	0	0.0000	0	0.0000	0	0.0000
group_9922	690	13872	20.1043	97	289.1409	48	286.1600
group_9923	342	9326	27.2690	64	384.8936	32	384.8936
rspA	1053	6775	6.4340	47	91.8029	23	89.8496
group_9924	954	5366	5.6247	36	77.6142	18	77.6142
group_9925	411	0	0.0000	0	0.0000	0	0.0000
group_9926	399	785	1.9674	5	25.7741	2	20.6193
group_9928	1218	5410	4.4417	37	62.4800	18	60.7914
cnoX~~~dppC~~~trxA	1215	5310	4.3704	37	62.6343	18	60.9415
group_9929	381	302	0.7927	2	10.7967	1	10.7967
group_9930	819	559	0.6825	4	10.0453	2	10.0453
yeeA	2700	6745	2.4981	45	34.2796	22	33.5178
group_9931	894	2996	3.3512	21	48.3135	10	46.0129
group_9933	261	573	2.1954	4	31.5215	2	31.5215
group_9934	996	9441	9.4789	66	136.2923	33	136.2923
group_9936	195	0	0.0000	0	0.0000	0	0.0000
group_9937	540	400	0.7407	4	15.2354	2	15.2354
group_9938	267	293	1.0974	2	15.4066	1	15.4066
group_9939	159	158	0.9937	2	25.8714	1	25.8714
group_9941	444	211	0.4752	2	9.2648	1	9.2648
group_9942	3096	49867	16.1069	341	226.5376	170	225.8732
group_9944	363	3800	10.4683	27	152.9833	13	147.3172
group_9946	309	445	1.4401	3	19.9687	1	13.3125
group_9947	411	1760	4.2822	12	60.0518	6	60.0518
group_16609	654	302	0.4618	2	6.2898	1	6.2898
rhaT	1071	7586	7.0831	53	101.7825	26	99.8621
group_9951	1050	1975	1.8810	14	27.4237	7	27.4237
group_9952	702	5055	7.2009	35	102.5458	17	99.6159
group_9954	225	718	3.1911	6	54.8473	3	54.8473
group_9955	471	3211	6.8174	24	104.8038	12	104.8038
group_9958	1362	0	0.0000	0	0.0000	0	0.0000
group_9959	1596	8838	5.5376	56	72.1675	28	72.1675
glmM	1440	13486	9.3653	93	132.8334	46	131.4051
hpsL	1728	9538	5.5197	67	79.7476	33	78.5574
group_9964	537	1435	2.6723	9	34.4711	4	30.6410
group_9963	924	1118	1.2100	8	17.8076	4	17.8076
group_9965	813	16273	20.0160	114	288.4039	57	288.4039
group_9968	273	3964	14.5201	31	233.5532	15	226.0192
dprA	1149	8599	7.4839	61	109.1935	30	107.4034
group_9969	1194	7869	6.5905	53	91.2974	26	89.5748
group_9970	906	736	0.8124	6	13.6210	3	13.6210
group_9971	669	4620	6.9058	31	95.3065	15	92.2321
group_9972	1137	8212	7.2225	57	103.1101	28	101.3012
group_9974	180	301	1.6722	2	22.8531	1	22.8531
group_9975	123	0	0.0000	0	0.0000	0	0.0000
group_9976	141	0	0.0000	0	0.0000	0	0.0000
group_9977	708	2162	3.0537	16	46.4808	8	46.4808
group_9978	606	2370	3.9109	19	64.4863	9	61.0923
group_9979	819	3143	3.8376	22	55.2491	11	55.2491
group_9980	1623	7840	4.8306	52	65.8979	26	65.8979
group_9981	3393	8891	2.6204	59	35.7647	29	35.1585
group_9983	765	604	0.7895	4	10.7544	2	10.7544
group_9988	1209	1476	1.2208	10	17.0122	5	17.0122
group_9987	1020	31994	31.3667	222	447.6511	111	447.6511
group_9990	1020	866	0.8490	6	12.0987	3	12.0987
group_9991	447	1276	2.8546	9	41.4116	4	36.8103
group_19134	786	604	0.7684	4	10.4670	2	10.4670
group_9992	786	6440	8.1934	44	115.1375	22	115.1375
group_9993	945	4852	5.1344	35	76.1769	17	74.0004
group_9994	207	599	2.8937	5	49.6806	2	39.7444
group_9995	3999	745	0.1863	5	2.5716	2	2.0573
group_9999	888	302	0.3401	2	4.6324	1	4.6324
group_10000	2091	248	0.1186	2	1.9673	1	1.9673
group_10002	2049	302	0.1474	2	2.0076	1	2.0076
group_10005	2190	302	0.1379	2	1.8783	1	1.8783
group_10003	2142	17622	8.2269	121	116.1857	60	115.2255
group_10004	414	2723	6.5773	20	99.3611	10	99.3611
group_10007	6777	9545	1.4084	65	19.7271	32	19.4236
group_10008	303	1893	6.2475	14	95.0325	7	95.0325
group_10010	1938	595	0.3070	4	4.2451	2	4.2451
group_10011	1299	2276	1.7521	16	25.3336	8	25.3336
group_10012	1011	1485	1.4688	10	20.3440	5	20.3440
group_10013	531	2696	5.0772	19	73.5946	9	69.7212
group_10014	1428	10003	7.0049	70	100.8223	35	100.8223
group_10019	357	4487	12.5686	33	190.1221	16	184.3608
group_10020	1068	2401	2.2481	18	34.6647	9	34.6647
group_10021	1023	5580	5.4545	39	78.4108	19	76.4002
group_10026	1764	4045	2.2931	28	32.6472	14	32.6472
group_10027	435	873	2.0069	6	28.3693	3	28.3693
group_10028	4263	3413	0.8006	25	12.0618	12	11.5793
group_10030	1659	18855	11.3653	132	163.6494	66	163.6494
group_10031	855	4310	5.0409	29	69.7620	14	67.3564
gvpC	639	3278	5.1299	24	77.2498	12	77.2498
group_10035	2370	3152	1.3300	24	20.8281	12	20.8281
group_10036	1095	5254	4.7982	37	69.4983	18	67.6200
pdhA	1035	5741	5.5469	41	81.4761	20	79.4889
group_10037	342	1908	5.5789	13	78.1815	6	72.1675
group_10041	429	151	0.3520	1	4.7943	0	0.0000
group_10042	1062	2004	1.8870	11	21.3037	5	19.3670
group_10043	1035	5147	4.9729	36	71.5400	18	71.5400
group_10045	969	305	0.3148	2	4.2451	1	4.2451
group_10047	1059	302	0.2852	2	3.8844	1	3.8844
group_10048	4869	1396	0.2867	12	5.0691	6	5.0691
group_10049	330	0	0.0000	0	0.0000	0	0.0000
group_10050	297	151	0.5084	1	6.9252	0	0.0000
group_10051	1917	453	0.2363	3	3.2187	1	2.1458
group_10052	2385	0	0.0000	0	0.0000	0	0.0000
group_10055	237	0	0.0000	0	0.0000	0	0.0000
group_10056	1134	1127	0.9938	8	14.5099	4	14.5099
group_10057	831	5034	6.0578	34	84.1521	17	84.1521
group_10058	6501	1666	0.2563	14	4.4293	7	4.4293
group_10059	1344	3193	2.3757	19	29.0764	9	27.5461
group_10060	243	1282	5.2757	10	84.6410	5	84.6410
group_10061	747	4434	5.9357	33	90.8616	16	88.1082
group_10062	975	6734	6.9067	48	101.2566	24	101.2566
group_10064	975	11146	11.4318	77	162.4325	38	160.3230
group_10066	1200	586	0.4883	4	6.8559	2	6.8559
group_10068	678	538	0.7935	4	12.1344	2	12.1344
group_10069	627	151	0.2408	1	3.2803	0	0.0000
group_10070	705	4815	6.8298	34	99.1920	17	99.1920
argD	1443	3146	2.1802	21	29.9323	10	28.5069
group_10072	4473	3602	0.8053	24	11.0357	12	11.0357
group_10073	1725	7259	4.2081	50	59.6167	25	59.6167
galM	873	6342	7.2646	45	106.0193	22	103.6634
group_10074	1083	4778	4.4118	32	60.7727	16	60.7727
feoB	2358	21308	9.0365	156	136.0716	78	136.0716
group_10077	1536	0	0.0000	0	0.0000	0	0.0000
group_10078	1146	346500	302.3560	2372	4257.1297	1186	4257.1297
group_10079	951	4292	4.5131	33	71.3707	16	69.2080
group_10080	1164	6018	5.1701	42	74.2135	21	74.2135
group_10081	1413	3276	2.3185	22	32.0234	11	32.0234
group_10082	14802	65269	4.4095	420	58.3601	210	58.3601
group_10084	576	2203	3.8247	15	53.5619	7	49.9911
group_10085	417	3864	9.2662	28	138.1048	14	138.1048
group_10086	423	3042	7.1915	22	106.9718	11	106.9718
group_10088	336	838	2.4940	7	42.8495	3	36.7281
group_10090	192	0	0.0000	0	0.0000	0	0.0000
group_10092	1380	10831	7.8486	76	113.2717	38	113.2717
group_10094	285	738	2.5895	5	36.0838	2	28.8670
group_10096	1068	4810	4.5037	35	67.4037	17	65.4779
group_10097	144	0	0.0000	0	0.0000	0	0.0000
group_10098	1725	12800	7.4203	90	107.3100	45	107.3100
pIWI	2307	3838	1.6636	25	22.2884	12	21.3969
aprE	1803	13189	7.3150	90	102.6676	45	102.6676
group_10101	2574	1984	0.7708	14	11.1868	7	11.1868
group_10100	828	298	0.3599	2	4.9681	1	4.9681
group_10103	309	383	1.2395	3	19.9687	1	13.3125
group_10104	450	0	0.0000	0	0.0000	0	0.0000
group_10105	1221	6955	5.6962	48	80.8560	24	80.8560
group_10106	1119	4541	4.0581	31	56.9795	15	55.1414
group_10107	1119	5381	4.8088	37	68.0078	18	66.1697
yHI9	2160	9790	4.5324	66	62.8459	33	62.8459
group_10109	1425	13048	9.1565	95	137.1183	47	135.6750
group_10111	342	0	0.0000	0	0.0000	0	0.0000
group_10114	1263	8979	7.1093	63	102.5945	31	100.9660
group_10113	627	1662	2.6507	11	36.0838	5	32.8034
group_10116	402	6181	15.3756	43	220.0033	21	214.8870
group_10117	222	728	3.2793	6	55.5885	3	55.5885
group_10118	666	0	0.0000	0	0.0000	0	0.0000
group_10120	2262	880	0.3890	6	5.4556	3	5.4556
group_10122	270	0	0.0000	0	0.0000	0	0.0000
rodZ	999	4194	4.1982	29	59.7062	14	57.6474
group_10123	1359	13261	9.7579	92	139.2372	46	139.2372
group_10126	396	302	0.7626	2	10.3878	1	10.3878
group_10127	1125	1880	1.6711	13	23.7672	6	21.9389
group_10128	429	749	1.7459	5	23.9717	2	19.1774
group_10130	801	2217	2.7678	17	43.6519	8	41.0841
group_10131	1509	1178	0.7806	8	10.9040	4	10.9040
group_10132	681	47659	69.9838	327	987.6145	163	984.5943
group_10133	798	0	0.0000	0	0.0000	0	0.0000
group_10135	801	2606	3.2534	18	46.2197	9	46.2197
group_10137	1446	12446	8.6072	86	122.3255	43	122.3255
moaA	996	9523	9.5612	68	140.4224	34	140.4224
gstA	807	7171	8.8860	52	132.5307	26	132.5307
group_10139	438	868	1.9817	6	28.1750	3	28.1750
group_10141	615	242	0.3935	2	6.6887	1	6.6887
crtB	942	6133	6.5106	43	93.8868	21	91.7034
group_10142	270	3763	13.9370	32	243.7659	16	243.7659
group_10143	1086	11092	10.2136	77	145.8303	38	143.9364
group_10144	963	6536	6.7871	45	96.1110	22	93.9752
group_10145	207	536	2.5894	4	39.7444	2	39.7444
group_10146	363	471	1.2975	4	22.6642	2	22.6642
group_10147	471	2047	4.3461	14	61.1356	7	61.1356
group_10148	1113	1638	1.4717	9	16.6316	4	14.7836
group_10152	1236	1325	1.0720	9	14.9765	4	13.3125
group_10153	1839	5815	3.1620	40	44.7368	20	44.7368
group_10155	864	2317	2.6817	16	38.0884	8	38.0884
yjiC	1287	8506	6.6092	58	92.6907	29	92.6907
rfbX	1383	1993	1.4411	14	20.8206	7	20.8206
group_10156	390	588	1.5077	4	21.0951	2	21.0951
group_10157	348	226	0.6494	2	11.8205	1	11.8205
group_10158	339	851	2.5103	7	42.4703	3	36.4031
group_10159	312	302	0.9679	2	13.1845	1	13.1845
group_10160	753	302	0.4011	2	5.4629	1	5.4629
group_10161	1071	7084	6.6144	49	94.1008	24	92.1804
group_10162	816	2947	3.6115	20	50.4112	10	50.4112
group_10163	576	4906	8.5174	36	128.5484	18	128.5484
group_10164	1161	1158	0.9974	8	14.1724	4	14.1724
group_10165	1761	2676	1.5196	18	21.0233	9	21.0233
group_10166	3711	10980	2.9588	40	22.1695	20	22.1695
kycf53	1653	10265	6.2099	72	89.5873	36	89.5873
hpsU	591	604	1.0220	4	13.9206	2	13.9206
ureF	666	1963	2.9474	13	40.1473	6	37.0590
group_10169	642	4900	7.6324	35	112.1295	17	108.9258
group_10170	456	671	1.4715	5	22.5524	2	18.0419
group_10171	486	2577	5.3025	18	76.1769	9	76.1769
group_10172	582	699	1.2010	5	17.6699	2	14.1359
group_10175	255	0	0.0000	0	0.0000	0	0.0000
group_10176	1167	453	0.3882	3	5.2873	1	3.5249
group_10177	468	299	0.6389	2	8.7896	1	8.7896
group_10179	696	677	0.9727	5	14.7757	2	11.8205
group_10182	1686	840	0.4982	6	7.3195	3	7.3195
ptaN	1080	9578	8.8685	68	129.5007	34	129.5007
group_10183	390	251	0.6436	2	10.5476	1	10.5476
group_10186	3678	57712	15.6911	404	225.9209	202	225.9209
group_10187	1224	10724	8.7614	77	129.3886	38	127.7083
group_10188	732	6623	9.0478	48	134.8705	24	134.8705
group_10189	765	2767	3.6170	21	56.4605	10	53.7719
group_10191	819	2521	3.0781	20	50.2265	10	50.2265
group_10192	2727	4552	1.6692	31	23.3810	15	22.6268
group_10193	2709	1349	0.4980	10	7.5924	5	7.5924
group_10194	876	0	0.0000	0	0.0000	0	0.0000
group_10195	1395	11955	8.5699	81	119.4257	40	117.9513
group_10197	594	3111	5.2374	23	79.6394	11	76.1769
group_10198	492	754	1.5325	5	20.9022	2	16.7217
group_10203	567	4799	8.4638	35	126.9614	17	123.3340
group_10204	1224	1776	1.4510	14	23.5252	7	23.5252
group_10206	4266	4438	1.0403	32	15.4282	16	15.4282
group_16598	1974	472	0.2391	6	6.2516	3	6.2516
group_10207	861	710	0.8246	5	11.9441	2	9.5553
menD	1755	13626	7.7641	94	110.1635	47	110.1635
group_10209	2106	2172	1.0313	15	14.6494	7	13.6728
group_10212	897	1981	2.2085	14	32.1013	7	32.1013
group_10211	1488	8140	5.4704	58	80.1700	29	80.1700
group_10213	819	4916	6.0024	33	82.8737	16	80.3624
group_10214	873	3007	3.4444	23	54.1877	11	51.8317
group_10218	105	150	1.4286	2	39.1767	1	39.1767
group_10219	570	391	0.6860	3	10.8251	1	7.2168
group_10220	1113	3056	2.7457	22	40.6550	11	40.6550
group_10225	588	604	1.0272	4	13.9917	2	13.9917
group_17180	993	453	0.4562	3	6.2138	1	4.1425
fRQ1	2178	5475	2.5138	38	35.8850	19	35.8850
group_10229	1344	7624	5.6726	54	82.6383	27	82.6383
group_10233	387	0	0.0000	0	0.0000	0	0.0000
group_10231	555	0	0.0000	0	0.0000	0	0.0000
group_10236	273	151	0.5531	1	7.5340	0	0.0000
group_10238	240	156	0.6500	1	8.5699	0	0.0000
group_10239	1596	2329	1.4593	17	21.9080	8	20.6193
group_10240	237	302	1.2743	2	17.3568	1	17.3568
group_10241	1017	1200	1.1799	9	18.2015	4	16.1792
cmk	1554	12979	8.3520	88	116.4712	44	116.4712
group_10244	288	1378	4.7847	10	71.4158	5	71.4158
cof	1104	5125	4.6422	35	65.2057	17	63.3427
hycB	1044	7945	7.6102	57	112.2952	28	110.3251
stbC1	345	3656	10.5971	28	166.9267	14	166.9267
group_10245	444	448	1.0090	4	18.5295	2	18.5295
group_10246	1059	7851	7.4136	55	106.8202	27	104.8781
group_10247	930	151	0.1624	1	2.2116	0	0.0000
group_10248	297	496	1.6700	4	27.7007	2	27.7007
group_10249	960	3031	3.1573	21	44.9920	10	42.8495
group_10251	453	0	0.0000	0	0.0000	0	0.0000
group_10253	4242	12107	2.8541	83	40.2434	41	39.7585
group_10254	201	302	1.5025	2	20.4654	1	20.4654
pdxJ	762	11172	14.6614	80	215.9344	40	215.9344
group_10256	693	873	1.2597	6	17.8076	3	17.8076
group_10258	1521	4918	3.2334	35	47.3288	17	45.9766
group_10259	447	0	0.0000	0	0.0000	0	0.0000
group_10260	471	514	1.0913	4	17.4673	2	17.4673
psaD	426	6396	15.0141	45	217.2650	22	212.4369
group_10261	1077	0	0.0000	0	0.0000	0	0.0000
group_10262	2829	41532	14.6808	279	202.8421	139	202.1151
group_10263	483	1812	3.7516	12	51.1000	6	51.1000
group_10264	3039	8411	2.7677	58	39.2540	29	39.2540
group_10268	996	3975	3.9910	27	55.7560	13	53.6909
group_10269	1269	9192	7.2435	62	100.4886	31	100.4886
group_10270	474	704	1.4852	5	21.6959	2	17.3568
group_10272	1275	8540	6.6980	59	95.1763	29	93.5631
group_10273	633	1777	2.8073	13	42.2402	6	38.9910
group_10274	1098	6152	5.6029	43	80.5477	21	78.6745
group_10279	975	2170	2.2256	15	31.6427	7	29.5332
group_10282	594	433	0.7290	4	13.8503	2	13.8503
group_10284	261	0	0.0000	0	0.0000	0	0.0000
group_10285	804	1920	2.3881	14	35.8145	7	35.8145
group_10286	900	2109	2.3433	14	31.9943	7	31.9943
group_10287	921	302	0.3279	2	4.4664	1	4.4664
group_10288	345	611	1.7710	5	29.8083	2	23.8467
group_10289	939	2497	2.6592	17	37.2366	8	35.0462
atu1564	1347	20073	14.9020	135	206.1356	67	204.6087
group_10293	1101	0	0.0000	0	0.0000	0	0.0000
group_10292	2925	1323	0.4523	10	7.0317	5	7.0317
tcmP	1140	3623	3.1781	25	45.1047	12	43.3005
group_10294	1281	1209	0.9438	8	12.8448	4	12.8448
group_10295	414	0	0.0000	0	0.0000	0	0.0000
group_10296	462	210	0.4545	2	8.9038	1	8.9038
group_10297	3525	14424	4.0919	74	43.1777	37	43.1777
group_10298	3888	0	0.0000	0	0.0000	0	0.0000
group_10299	423	2829	6.6879	19	92.3847	9	87.5223
group_10301	498	636	1.2771	6	24.7804	3	24.7804
group_10302	999	1851	1.8529	15	30.8825	7	28.8237
group_10305	795	3503	4.4063	26	67.2656	13	67.2656
group_10306	1137	14909	13.1126	107	193.5576	53	191.7486
group_10307	360	2429	6.7472	17	97.1255	8	91.4122
group_10308	480	0	0.0000	0	0.0000	0	0.0000
group_10309	735	4952	6.7374	35	97.9417	17	95.1433
group_10310	1542	18387	11.9241	133	177.4002	66	176.0664
group_10312	447	151	0.3378	1	4.6013	0	0.0000
group_10314	672	302	0.4494	2	6.1214	1	6.1214
group_10315	609	2114	3.4713	14	47.2822	7	47.2822
group_10319	1800	4540	2.5222	32	36.5649	16	36.5649
group_10322	891	442	0.4961	3	6.9252	1	4.6168
group_10323	543	1656	3.0497	12	45.4536	6	45.4536
group_10324	813	583	0.7171	5	12.6493	2	10.1194
group_10325	1101	2931	2.6621	20	37.3619	10	37.3619
kdpF	207	495	2.3913	4	39.7444	2	39.7444
group_10326	138	0	0.0000	0	0.0000	0	0.0000
group_10328	1080	5287	4.8954	36	68.5592	18	68.5592
group_10330	276	0	0.0000	0	0.0000	0	0.0000
group_10331	216	0	0.0000	0	0.0000	0	0.0000
group_10332	303	0	0.0000	0	0.0000	0	0.0000
group_10333	2274	6995	3.0761	50	45.2237	25	45.2237
group_16594	453	0	0.0000	0	0.0000	0	0.0000
group_10336	9834	19012	1.9333	134	28.0260	67	28.0260
group_10337	951	800	0.8412	6	12.9765	3	12.9765
group_10338	816	1159	1.4203	8	20.1645	4	20.1645
group_10339	813	589	0.7245	5	12.6493	2	10.1194
group_10340	960	3161	3.2927	21	44.9920	10	42.8495
group_10343	813	0	0.0000	0	0.0000	0	0.0000
group_10342	1881	2114	1.1239	14	15.3083	7	15.3083
group_10344	807	2628	3.2565	20	50.9734	10	50.9734
group_10346	462	138	0.2987	2	8.9038	1	8.9038
group_10347	927	6351	6.8511	48	106.4997	24	106.4997
ycf3	669	8508	12.7175	61	187.5385	30	184.4641
group_10348	642	3635	5.6620	25	80.0925	12	76.8888
group_10349	996	3895	3.9106	27	55.7560	13	53.6909
group_10350	483	2543	5.2650	19	80.9083	9	76.6500
group_10352	1746	1510	0.8648	10	11.7799	5	11.7799
group_10354	312	1057	3.3878	7	46.1456	3	39.5534
group_10355	315	453	1.4381	3	19.5883	1	13.0589
group_10357	300	0	0.0000	0	0.0000	0	0.0000
group_10358	165	0	0.0000	0	0.0000	0	0.0000
group_10359	1893	3032	1.6017	20	21.7303	10	21.7303
group_10363	1881	821	0.4365	6	6.5607	3	6.5607
group_10364	1809	13119	7.2521	89	101.1902	44	100.0532
ubiC	621	6120	9.8551	42	139.1056	21	139.1056
group_10365	1308	106	0.0810	2	3.1449	1	3.1449
cls	1650	9842	5.9648	68	84.7641	34	84.7641
group_10366	942	13015	13.8163	93	203.0574	46	200.8740
group_10367	702	302	0.4302	2	5.8598	1	5.8598
group_10368	717	1169	1.6304	8	22.9487	4	22.9487
group_10369	435	566	1.3011	4	18.9129	2	18.9129
group_10370	2361	0	0.0000	0	0.0000	0	0.0000
group_4016	702	3372	4.8034	24	70.3171	12	70.3171
cbiE	1269	8097	6.3806	57	92.3847	28	90.7639
group_10372	1800	6119	3.3994	44	50.2767	22	50.2767
hofQ	2151	6940	3.2264	48	45.8974	24	45.8974
pilN	774	5488	7.0904	37	98.3213	18	95.6640
group_10374	1302	4624	3.5515	32	50.5505	16	50.5505
group_10375	3258	3885	1.1924	26	16.4138	13	16.4138
group_10378	141	0	0.0000	0	0.0000	0	0.0000
group_19138	1026	151	0.1472	1	2.0047	0	0.0000
group_10381	1023	4913	4.8025	35	70.3687	17	68.3581
group_10382	1035	4294	4.1488	30	59.6167	15	59.6167
group_10385	1125	0	0.0000	0	0.0000	0	0.0000
comEC	2160	15244	7.0574	106	100.9343	53	100.9343
group_10386	753	2255	2.9947	18	49.1659	9	49.1659
group_10387	1050	3660	3.4857	25	48.9708	12	47.0120
group_10389	237	0	0.0000	0	0.0000	0	0.0000
group_10390	603	1950	3.2338	13	44.3418	6	40.9308
group_10391	3153	9751	3.0926	66	43.0533	33	43.0533
group_10392	714	1688	2.3641	12	34.5676	6	34.5676
group_10394	924	906	0.9805	6	13.3557	3	13.3557
group_10395	891	10828	12.1526	73	168.5124	36	166.2041
aat	603	3248	5.3864	22	75.0399	11	75.0399
group_10396	387	0	0.0000	0	0.0000	0	0.0000
group_10397	1041	302	0.2901	2	3.9515	1	3.9515
group_10398	1230	8528	6.9333	59	98.6583	29	96.9861
tesA	729	5057	6.9369	34	95.9264	17	95.9264
group_10399	948	4384	4.6245	29	62.9182	14	60.7486
group_10400	252	807	3.2024	6	48.9708	3	48.9708
group_10406	693	556	0.8023	4	11.8717	2	11.8717
tsaB	603	2087	3.4610	16	54.5745	8	54.5745
group_10404	240	0	0.0000	0	0.0000	0	0.0000
miaA	1005	4285	4.2637	30	61.3963	15	61.3963
group_10407	345	3081	8.9304	19	113.2717	9	107.3100
group_10409	1641	4423	2.6953	32	40.1077	16	40.1077
trmR	1521	4596	3.0217	31	41.9198	15	40.5676
group_10411	261	0	0.0000	0	0.0000	0	0.0000
group_10412	1506	8335	5.5345	56	76.4804	28	76.4804
group_10413	2169	1973	0.9096	15	14.2239	7	13.2756
group_10415	642	2225	3.4657	16	51.2592	8	51.2592
group_10417	573	617	1.0768	5	17.9474	2	14.3579
pilW~~~tgl	4059	39191	9.6553	261	132.2538	130	131.7471
group_10418	813	302	0.3715	2	5.0597	1	5.0597
group_10420	435	0	0.0000	0	0.0000	0	0.0000
sigC	1341	0	0.0000	0	0.0000	0	0.0000
group_10422	444	263	0.5923	2	9.2648	1	9.2648
group_10424	564	302	0.5355	2	7.2935	1	7.2935
group_10425	1833	11354	6.1942	80	89.7665	40	89.7665
yigB	723	8574	11.8589	60	170.6867	30	170.6867
pulE	2016	25093	12.4469	178	181.6002	89	181.6002
group_10426	603	870	1.4428	6	20.4654	3	20.4654
group_10428	2232	2220	0.9946	15	13.8224	7	12.9009
group_10429	321	493	1.5358	4	25.6296	2	25.6296
group_10431	609	240	0.3941	2	6.7546	1	6.7546
group_10432	225	536	2.3822	5	45.7061	2	36.5649
group_10434	249	0	0.0000	0	0.0000	0	0.0000
group_10435	339	0	0.0000	0	0.0000	0	0.0000
group_10436	993	8515	8.5750	59	122.2052	29	120.1339
group_10439	1299	6432	4.9515	44	69.6675	22	69.6675
cah	960	6139	6.3948	42	89.9839	21	89.9839
group_10441	954	1148	1.2034	8	17.2476	4	17.2476
cp12	225	299	1.3289	2	18.2824	1	18.2824
group_10442	108	100	0.9259	2	38.0884	1	38.0884
group_10443	996	7572	7.6024	52	107.3818	26	107.3818
group_10445	1332	2016	1.5135	15	23.1619	7	21.6178
group_10446	309	0	0.0000	0	0.0000	0	0.0000
group_10448	1680	7985	4.7530	53	64.8864	26	63.6621
group_10449	810	2360	2.9136	16	40.6277	8	40.6277
group_10450	525	2756	5.2495	19	74.4357	9	70.5180
group_10451	990	596	0.6020	4	8.3102	2	8.3102
group_10453	4794	13023	2.7165	91	39.0418	45	38.6128
group_10454	2412	302	0.1252	2	1.7055	1	1.7055
group_10455	501	726	1.4491	6	24.6320	3	24.6320
group_10456	4791	4648	0.9702	32	13.7376	16	13.7376
group_10457	1305	10418	7.9831	73	115.0533	36	113.4772
hpnB	1188	2842	2.3923	19	32.8946	9	31.1633
group_10459	552	1905	3.4511	14	52.1646	7	52.1646
group_10460	1497	604	0.4035	4	5.4957	2	5.4957
group_10461	705	820	1.1631	7	20.4219	3	17.5045
group_10463	894	878	0.9821	6	13.8039	3	13.8039
group_10465	678	234	0.3451	2	6.0672	1	6.0672
group_10468	207	1087	5.2512	8	79.4889	4	79.4889
group_10467	1164	7799	6.7002	54	95.4174	27	95.4174
group_16593	1122	0	0.0000	0	0.0000	0	0.0000
group_10471	777	748	0.9627	5	13.2354	2	10.5883
group_10473	603	1057	1.7529	7	23.8763	3	20.4654
group_10475	1668	1787	1.0713	11	13.5639	5	12.3308
group_10476	981	6081	6.1988	44	92.2509	22	92.2509
yiaAB	291	800	2.7491	6	42.4077	3	42.4077
group_10477	555	1711	3.0829	11	40.7649	5	37.0590
group_10478	3813	38069	9.9840	263	141.8652	131	141.3258
group_10479	132	0	0.0000	0	0.0000	0	0.0000
group_10482	300	0	0.0000	0	0.0000	0	0.0000
group_10483	507	2273	4.4832	17	68.9648	8	64.9081
group_10484	885	903	1.0203	6	13.9442	3	13.9442
group_10485	684	24401	35.6740	162	487.1310	81	487.1310
group_10489	990	2220	2.2424	15	31.1633	7	29.0857
group_10487	423	2111	4.9905	14	68.0729	7	68.0729
group_10490	2373	302	0.1273	2	1.7335	1	1.7335
group_10491	471	538	1.1423	5	21.8341	2	17.4673
group_10493	1596	0	0.0000	0	0.0000	0	0.0000
group_10497	630	3036	4.8190	23	75.0886	11	71.8239
group_10499	657	1180	1.7960	9	28.1750	4	25.0444
group_10500	108	0	0.0000	0	0.0000	0	0.0000
group_10502	471	0	0.0000	0	0.0000	0	0.0000
group_10503	1170	7199	6.1530	50	87.8964	25	87.8964
group_10506	711	0	0.0000	0	0.0000	0	0.0000
group_10507	4593	969	0.2110	7	3.1346	3	2.6868
group_10508	6657	886	0.1331	6	1.8538	3	1.8538
group_10509	927	1034	1.1154	7	15.5312	3	13.3125
group_10510	462	3520	7.6190	28	124.6530	14	124.6530
ykvA	306	190	0.6209	2	13.4430	1	13.4430
group_10511	2217	7965	3.5927	54	50.0974	27	50.0974
group_10512	369	1750	4.7425	13	72.4609	6	66.8870
group_10513	714	512	0.7171	5	14.4032	2	11.5225
group_10514	801	6006	7.4981	42	107.8459	21	107.8459
group_10515	210	0	0.0000	0	0.0000	0	0.0000
group_10516	1911	1684	0.8812	12	12.9154	6	12.9154
group_10517	708	302	0.4266	2	5.8101	1	5.8101
frvX	1038	2669	2.5713	13	25.7592	6	23.7777
group_10518	1086	6876	6.3315	46	87.1194	23	87.1194
group_10523	984	9972	10.1341	72	150.4957	36	150.4957
group_10520	219	540	2.4658	4	37.5667	2	37.5667
group_10522	396	2583	6.5227	19	98.6837	9	93.4898
group_10526	1965	22872	11.6397	158	165.3794	79	165.3794
group_10527	387	0	0.0000	0	0.0000	0	0.0000
group_10528	267	0	0.0000	0	0.0000	0	0.0000
group_10529	1689	20071	11.8834	140	170.4846	70	170.4846
hyuA	2184	16222	7.4277	117	110.1844	58	109.2426
group_10532	669	2742	4.0987	19	58.4136	9	55.3392
group_16591	1137	302	0.2656	2	3.6179	1	3.6179
group_10534	852	4581	5.3768	32	77.2498	16	77.2498
group_10535	681	2782	4.0852	22	66.4450	11	66.4450
group_10536	390	0	0.0000	0	0.0000	0	0.0000
group_10537	612	0	0.0000	0	0.0000	0	0.0000
rfbG	1146	4491	3.9188	31	55.6370	15	53.8423
group_10538	294	0	0.0000	0	0.0000	0	0.0000
group_19140	1029	3378	3.2828	24	47.9714	12	47.9714
group_10540	1197	0	0.0000	0	0.0000	0	0.0000
group_10541	399	921	2.3083	7	36.0838	3	30.9289
group_10542	621	1841	2.9646	12	39.7444	6	39.7444
group_10543	270	1084	4.0148	8	60.9415	4	60.9415
group_10544	432	302	0.6991	2	9.5221	1	9.5221
group_10545	819	1083	1.3223	9	22.6019	4	20.0906
group_10547	639	453	0.7089	3	9.6562	1	6.4375
group_10548	1026	695	0.6774	5	10.0233	2	8.0186
group_10551	1983	7692	3.8790	51	52.8974	25	51.8602
group_10553	732	584	0.7978	4	11.2392	2	11.2392
tolA	1731	1963	1.1340	13	15.4466	6	14.2584
group_10556	852	1763	2.0692	13	31.3827	6	28.9687
pro0776	780	8289	10.6269	60	158.2135	30	158.2135
group_10561	1077	3112	2.8895	22	42.0140	11	42.0140
group_10562	1305	1370	1.0498	10	15.7607	5	15.7607
group_10563	666	151	0.2267	1	3.0883	0	0.0000
group_10564	1072	2844	2.6530	19	36.4540	9	34.5354
group_10567	783	1314	1.6782	9	23.6411	4	21.0143
group_10568	6297	44051	6.9956	304	99.2948	152	99.2948
group_10570	747	151	0.2021	1	2.7534	0	0.0000
group_10571	393	604	1.5369	4	20.9341	2	20.9341
group_10572	879	7046	8.0159	50	116.9952	25	116.9952
group_10573	270	0	0.0000	0	0.0000	0	0.0000
group_10574	447	0	0.0000	0	0.0000	0	0.0000
group_10576	966	528	0.5466	4	8.5167	2	8.5167
group_10577	2118	2802	1.3229	20	19.4219	10	19.4219
group_10578	1596	3554	2.2268	24	30.9289	12	30.9289
group_10580	903	2697	2.9867	19	43.2766	9	40.9988
group_10581	1134	4926	4.3439	34	61.6670	17	61.6670
group_10583	1527	13549	8.8730	93	125.2653	46	123.9183
group_10586	1758	8481	4.8242	58	67.8572	29	67.8572
group_10587	4287	5750	1.3413	38	18.2313	19	18.2313
group_10588	339	2611	7.7021	21	127.4108	10	121.3437
group_10591	687	1961	2.8544	13	38.9201	6	35.9262
group_10593	2265	604	0.2667	4	3.6323	2	3.6323
group_10594	1122	0	0.0000	0	0.0000	0	0.0000
group_17182	1989	1265	0.6360	10	10.3407	5	10.3407
group_10595	372	372	1.0000	3	16.5869	1	11.0579
group_10596	2448	3232	1.3203	21	17.6439	10	16.8037
group_10598	3348	3877	1.1580	26	15.9726	13	15.9726
group_10599	930	9090	9.7742	63	139.3299	31	137.1183
group_10600	1080	0	0.0000	0	0.0000	0	0.0000
group_10601	1530	0	0.0000	0	0.0000	0	0.0000
group_10602	339	0	0.0000	0	0.0000	0	0.0000
group_10603	354	1802	5.0904	13	75.5313	6	69.7212
group_10604	1341	7830	5.8389	54	82.8232	27	82.8232
group_10607	852	0	0.0000	0	0.0000	0	0.0000
group_10608	327	182	0.5566	2	12.5797	1	12.5797
group_10609	432	21537	49.8542	158	752.2465	79	752.2465
hupE	702	4150	5.9117	28	82.0366	14	82.0366
group_10617	1086	755	0.6952	5	9.4695	2	7.5756
group_10616	1008	7082	7.0258	48	97.9417	24	97.9417
group_10622	1815	11035	6.0799	77	87.2571	38	86.1239
group_10623	507	2013	3.9704	14	56.7946	7	56.7946
group_10624	741	3677	4.9622	24	66.6162	12	66.6162
group_10625	906	3147	3.4735	22	49.9438	11	49.9438
group_10626	726	2541	3.5000	18	50.9944	9	50.9944
group_10627	174	0	0.0000	0	0.0000	0	0.0000
group_10628	1092	146	0.1337	1	1.8835	0	0.0000
group_10629	3534	35254	9.9757	241	140.2611	120	139.6791
qor	945	5697	6.0286	39	84.8828	19	82.7063
group_10633	1158	0	0.0000	0	0.0000	0	0.0000
group_10634	804	399	0.4963	3	7.6745	1	5.1164
group_10635	369	0	0.0000	0	0.0000	0	0.0000
group_10637	567	593	1.0459	4	14.5099	2	14.5099
group_10639	249	0	0.0000	0	0.0000	0	0.0000
group_10641	2109	266	0.1261	2	1.9505	1	1.9505
group_10642	714	4698	6.5798	33	95.0610	16	92.1804
group_10643	1419	3411	2.4038	23	33.3374	11	31.8880
group_10645	390	1021	2.6179	7	36.9165	3	31.6427
group_10646	1767	2567	1.4527	17	19.7879	8	18.6239
group_10649	969	1182	1.2198	9	19.1032	4	16.9806
group_10647	1065	837	0.7859	6	11.5875	3	11.5875
group_10648	1863	802	0.4305	6	6.6241	3	6.6241
group_10650	201	0	0.0000	0	0.0000	0	0.0000
group_10652	1140	1721	1.5096	12	21.6503	6	21.6503
group_10653	2775	0	0.0000	0	0.0000	0	0.0000
group_10654	1041	151	0.1451	1	1.9758	0	0.0000
group_10656	750	956	1.2747	7	19.1966	3	16.4542
group_10659	411	151	0.3674	1	5.0043	0	0.0000
group_10661	1125	1473	1.3093	10	18.2824	5	18.2824
group_10660	1653	9676	5.8536	64	79.6332	32	79.6332
group_10663	1047	4383	4.1862	33	64.8267	16	62.8623
group_10664	1077	1655	1.5367	11	21.0070	5	19.0973
group_17181	1032	0	0.0000	0	0.0000	0	0.0000
group_10666	1083	731	0.6750	5	9.4957	2	7.5966
group_10667	1128	302	0.2677	2	3.6468	1	3.6468
group_10668	939	3320	3.5357	23	50.3789	11	48.1886
group_10670	1059	8651	8.1690	61	118.4734	30	116.5312
ubiE~~~entF2	15267	18983	1.2434	129	17.3789	64	17.2442
group_10671	930	975	1.0484	7	15.4811	3	13.2695
yeaD2	1146	7166	6.2531	52	93.3266	26	93.3266
group_10673	522	1039	1.9904	7	27.5813	3	23.6411
group_10674	945	151	0.1598	1	2.1765	0	0.0000
group_10677	831	3875	4.6631	27	66.8266	13	64.3516
group_10676	951	7280	7.6551	51	110.3002	25	108.1375
group_10678	1272	10564	8.3050	73	118.0382	36	116.4212
group_10679	888	1057	1.1903	7	16.2133	3	13.8971
group_10680	882	4112	4.6621	29	67.6264	14	65.2944
group_10681	3084	5423	1.7584	36	24.0090	18	24.0090
group_10683	885	9297	10.5051	64	148.7385	32	148.7385
group_10684	2760	3868	1.4014	26	19.3754	13	19.3754
group_10687	567	604	1.0653	4	14.5099	2	14.5099
group_10686	1371	10265	7.4872	71	106.5142	35	105.0140
group_10689	342	151	0.4415	1	6.0140	0	0.0000
group_10690	612	0	0.0000	0	0.0000	0	0.0000
group_10691	1152	3738	3.2448	26	46.4203	13	46.4203
group_10692	309	0	0.0000	0	0.0000	0	0.0000
group_10693	1104	5649	5.1168	39	72.6578	19	70.7948
hcyBio	1197	22422	18.7318	160	274.9240	80	274.9240
group_10695	606	2097	3.4604	15	50.9103	7	47.5163
group_10696	1020	3361	3.2951	23	46.3783	11	44.3618
group_10699	759	0	0.0000	0	0.0000	0	0.0000
group_10698	201	0	0.0000	0	0.0000	0	0.0000
group_10700	243	0	0.0000	0	0.0000	0	0.0000
group_10701	1506	749	0.4973	5	6.8286	2	5.4629
group_10704	444	0	0.0000	0	0.0000	0	0.0000
group_10705	756	1057	1.3981	7	19.0442	3	16.3236
group_10707	255	754	2.9569	5	40.3289	2	32.2631
group_10708	2208	453	0.2052	3	2.7945	1	1.8630
metH	3624	84911	23.4302	583	330.8775	291	330.3099
group_10709	411	19549	47.5645	149	745.6435	74	740.6392
group_10710	1803	8877	4.9235	60	68.4451	30	68.4451
group_10711	2367	604	0.2552	4	3.4758	2	3.4758
group_10712	759	302	0.3979	2	5.4197	1	5.4197
group_10713	741	4090	5.5196	28	77.7189	14	77.7189
group_2674	846	151	0.1785	1	2.4312	0	0.0000
group_10717	246	0	0.0000	0	0.0000	0	0.0000
group_2682	420	151	0.3595	1	4.8971	0	0.0000
group_10726	879	0	0.0000	0	0.0000	0	0.0000
group_10725	1017	151	0.1485	1	2.0224	0	0.0000
group_10720	1581	619	0.3915	5	6.5047	2	5.2037
group_10721	1548	604	0.3902	4	5.3147	2	5.3147
group_10722	312	150	0.4808	1	6.5922	0	0.0000
group_10723	342	0	0.0000	0	0.0000	0	0.0000
group_10727	2391	1281	0.5358	12	10.3226	6	10.3226
group_10729	1008	5340	5.2976	37	75.4967	18	73.4563
group_10730	1353	592	0.4375	4	6.0806	2	6.0806
group_10732	291	0	0.0000	0	0.0000	0	0.0000
group_10735	1167	10213	8.7515	73	128.6586	36	126.8962
group_10736	225	17622	78.3200	141	1288.9124	70	1279.7712
group_10737	1587	299	0.1884	2	2.5920	1	2.5920
group_10738	264	0	0.0000	0	0.0000	0	0.0000
group_10739	312	302	0.9679	2	13.1845	1	13.1845
group_10740	237	0	0.0000	0	0.0000	0	0.0000
group_15008	729	0	0.0000	0	0.0000	0	0.0000
group_10744	450	897	1.9933	6	27.4237	3	27.4237
group_10745	360	425	1.1806	3	17.1398	1	11.4265
group_10746	465	151	0.3247	1	4.4232	0	0.0000
group_10748	633	0	0.0000	0	0.0000	0	0.0000
group_10749	375	1809	4.8240	11	60.3321	5	54.8473
group_10750	384	151	0.3932	1	5.3562	0	0.0000
group_19152	648	906	1.3981	6	19.0442	3	19.0442
group_10751	198	0	0.0000	0	0.0000	0	0.0000
group_19153	216	0	0.0000	0	0.0000	0	0.0000
group_10754	744	3460	4.6505	24	66.3476	12	66.3476
group_10755	2097	7844	3.7406	54	52.9642	27	52.9642
group_10762	474	2115	4.4620	15	65.0878	7	60.7486
group_10758	2541	9199	3.6202	63	50.9944	31	50.1850
group_10761	696	674	0.9684	6	17.7308	3	17.7308
group_10763	417	592	1.4197	4	19.7293	2	19.7293
group_10764	543	149	0.2744	1	3.7878	0	0.0000
group_15151	918	604	0.6580	4	8.9620	2	8.9620
ppnN	1053	6942	6.5926	48	93.7561	24	93.7561
group_10765	420	151	0.3595	1	4.8971	0	0.0000
group_10766	885	0	0.0000	0	0.0000	0	0.0000
acyC	1128	11329	10.0434	79	144.0472	39	142.2238
group_10768	513	1224	2.3860	10	40.0931	5	40.0931
group_10770	654	5689	8.6988	41	128.9416	20	125.7966
group_10771	576	2384	4.1389	18	64.2742	9	64.2742
group_10772	276	302	1.0942	2	14.9042	1	14.9042
group_10773	330	727	2.2030	6	37.3959	3	37.3959
group_10774	2535	6392	2.5215	42	34.0767	21	34.0767
group_10775	633	1913	3.0221	15	48.7387	7	45.4895
group_10776	3939	8676	2.2026	61	31.8516	30	31.3294
group_10777	426	1079	2.5329	8	38.6249	4	38.6249
group_10786	474	298	0.6287	2	8.6784	1	8.6784
group_10787	387	418	1.0801	3	15.9440	1	10.6293
group_10788	594	3086	5.1953	23	79.6394	11	76.1769
group_19154	630	302	0.4794	2	6.5294	1	6.5294
group_10789	666	1495	2.2447	11	33.9708	5	30.8825
group_10792	651	0	0.0000	0	0.0000	0	0.0000
group_10794	363	0	0.0000	0	0.0000	0	0.0000
group_10796	1731	302	0.1745	2	2.3764	1	2.3764
group_10798	2472	5402	2.1853	37	30.7851	18	29.9530
group_10799	858	5022	5.8531	35	83.9011	17	81.5039
group_10800	528	453	0.8580	3	11.6862	1	7.7908
group_10802	291	0	0.0000	0	0.0000	0	0.0000
leuC	1536	18556	12.0807	136	182.1103	68	182.1103
group_10804	657	1417	2.1568	11	34.4361	5	31.3056
group_10805	252	262	1.0397	2	16.3236	1	16.3236
group_10806	939	2646	2.8179	18	39.4270	9	39.4270
group_10813	1023	4290	4.1935	29	58.3055	14	56.2949
group_10817	1446	1051	0.7268	7	9.9567	3	8.5343
group_10821	4836	1138	0.2353	9	3.8277	4	3.4024
group_10824	120	418	3.4833	4	68.5592	2	68.5592
group_10827	246	0	0.0000	0	0.0000	0	0.0000
group_10831	1188	0	0.0000	0	0.0000	0	0.0000
group_10832	1266	453	0.3578	3	4.8739	1	3.2492
group_10833	1062	0	0.0000	0	0.0000	0	0.0000
group_10835	894	752	0.8412	5	11.5032	2	9.2026
group_10836	345	289	0.8377	2	11.9233	1	11.9233
group_10837	246	773	3.1423	6	50.1652	3	50.1652
group_10839	777	616	0.7928	4	10.5883	2	10.5883
group_10841	291	982	3.3746	6	42.4077	3	42.4077
group_10842	603	151	0.2504	1	3.4109	0	0.0000
group_10845	1626	4921	3.0264	36	45.5375	18	45.5375
group_19155	312	453	1.4519	4	26.3689	2	26.3689
rfbH	1356	5704	4.2065	44	66.7390	22	66.7390
group_10849	291	1510	5.1890	11	77.7475	5	70.6796
group_10853	489	550	1.1247	4	16.8243	2	16.8243
group_10856	1776	13308	7.4932	92	106.5447	46	106.5447
group_10860	762	4414	5.7927	31	83.6746	15	80.9754
group_19156	291	182	0.6254	2	14.1359	1	14.1359
group_10864	1272	2629	2.0668	18	29.1053	9	29.1053
group_10865	2004	2464	1.2295	18	18.4740	9	18.4740
group_10866	3792	54919	14.4829	375	203.3994	187	202.8570
group_10867	570	1826	3.2035	13	46.9089	6	43.3005
group_10868	291	444	1.5258	3	21.2039	1	14.1359
group_10874	732	1080	1.4754	7	19.6686	3	16.8588
group_10875	987	1528	1.5481	10	20.8387	5	20.8387
group_10877	279	151	0.5412	1	7.3720	0	0.0000
group_10878	399	229	0.5739	2	10.3096	1	10.3096
group_10879	792	469	0.5922	4	10.3878	2	10.3878
group_10880	591	311	0.5262	2	6.9603	1	6.9603
group_10882	720	753	1.0458	5	14.2832	2	11.4265
group_10884	1596	5798	3.6328	38	48.9708	19	48.9708
group_10888	423	8489	20.0686	65	316.0529	32	311.1906
group_10891	306	388	1.2680	3	20.1645	1	13.4430
group_10892	513	1359	2.6491	9	36.0838	4	32.0745
group_10893	252	0	0.0000	0	0.0000	0	0.0000
group_10894	117	196	1.6752	2	35.1585	1	35.1585
group_10897	243	275	1.1317	2	16.9282	1	16.9282
group_10898	2181	4448	2.0394	33	31.1204	16	30.1774
group_10899	123	0	0.0000	0	0.0000	0	0.0000
group_10902	3012	6831	2.2679	47	32.0944	23	31.4116
group_10906	417	7669	18.3909	54	266.3450	27	266.3450
group_10907	894	0	0.0000	0	0.0000	0	0.0000
group_19157	504	906	1.7976	6	24.4854	3	24.4854
group_10909	1596	5102	3.1967	38	48.9708	19	48.9708
group_10912	705	0	0.0000	0	0.0000	0	0.0000
group_10913	219	0	0.0000	0	0.0000	0	0.0000
group_14940	339	0	0.0000	0	0.0000	0	0.0000
group_14941	156	226	1.4487	2	26.3689	1	26.3689
group_10918	567	1839	3.2434	13	47.1571	6	43.5296
group_10917	651	419	0.6436	3	9.4782	1	6.3188
group_10919	1380	302	0.2188	2	2.9808	1	2.9808
group_10921	1194	3009	2.5201	24	41.3422	12	41.3422
group_10924	264	7019	26.5871	55	428.4948	27	420.7040
group_10927	471	2284	4.8493	16	69.8692	8	69.8692
group_10928	303	1041	3.4356	8	54.3043	4	54.3043
group_10929	1842	103260	56.0586	602	672.1925	301	672.1925
group_10933	792	0	0.0000	0	0.0000	0	0.0000
group_10934	1056	919	0.8703	7	13.6339	3	11.6862
group_10936	348	0	0.0000	0	0.0000	0	0.0000
group_10937	3414	2392	0.7006	16	9.6393	8	9.6393
group_10940	666	0	0.0000	0	0.0000	0	0.0000
group_10939	186	600	3.2258	8	88.4634	4	88.4634
group_10941	900	2106	2.3400	14	31.9943	7	31.9943
group_10943	1242	7270	5.8535	50	82.8009	25	82.8009
group_10947	261	151	0.5785	1	7.8804	0	0.0000
group_10948	228	1036	4.5439	8	72.1675	4	72.1675
group_10951	207	732	3.5362	6	59.6167	3	59.6167
group_10952	177	0	0.0000	0	0.0000	0	0.0000
group_10953	327	591	1.8073	4	25.1593	2	25.1593
group_10954	516	525	1.0174	4	15.9440	2	15.9440
group_10957	312	321	1.0288	3	19.7767	1	13.1845
group_10958	165	0	0.0000	0	0.0000	0	0.0000
group_10962	1923	11632	6.0489	80	85.5653	40	85.5653
group_10964	645	3572	5.5380	26	82.9088	13	82.9088
group_10966	1278	3336	2.6103	23	37.0155	11	35.4061
group_10970	420	860	2.0476	6	29.3825	3	29.3825
group_10971	1521	33688	22.1486	234	316.4269	117	316.4269
group_10973	1194	302	0.2529	2	3.4452	1	3.4452
group_10974	630	0	0.0000	0	0.0000	0	0.0000
group_19158	498	0	0.0000	0	0.0000	0	0.0000
group_10975	636	14023	22.0487	96	310.4566	48	310.4566
group_10976	306	3594	11.7451	24	161.3157	12	161.3157
group_10977	837	270	0.3226	2	4.9146	1	4.9146
group_10979	981	259	0.2640	2	4.1932	1	4.1932
group_10982	1299	302	0.2325	2	3.1667	1	3.1667
group_19159	714	0	0.0000	0	0.0000	0	0.0000
group_10984	741	151	0.2038	1	2.7757	0	0.0000
group_10985	2367	1710	0.7224	12	10.4273	6	10.4273
group_10988	582	11986	20.5945	82	289.7862	41	289.7862
group_14946	2079	6367	3.0625	44	43.5296	22	43.5296
group_10990	117	0	0.0000	0	0.0000	0	0.0000
group_10991	312	293	0.9391	2	13.1845	1	13.1845
group_10992	291	151	0.5189	1	7.0680	0	0.0000
group_10994	420	1460	3.4762	12	58.7650	6	58.7650
group_10995	111	565	5.0901	6	111.1770	3	111.1770
group_10996	198	0	0.0000	0	0.0000	0	0.0000
group_10997	1029	7470	7.2595	51	101.9393	25	99.9405
group_10998	411	25845	62.8832	149	745.6435	74	740.6392
group_11000	294	0	0.0000	0	0.0000	0	0.0000
group_11003	306	0	0.0000	0	0.0000	0	0.0000
group_11008	768	3052	3.9740	18	48.2057	9	48.2057
group_11010	684	68872	100.6901	480	1443.3510	240	1443.3510
group_11012	441	2714	6.1542	19	88.6139	9	83.9500
group_11013	531	906	1.7062	6	23.2404	3	23.2404
group_11014	2112	0	0.0000	0	0.0000	0	0.0000
group_11015	2511	299	0.1191	2	1.6382	1	1.6382
group_11016	2487	570	0.2292	4	3.3080	2	3.3080
group_19160	1053	6140	5.8310	44	85.9431	22	85.9431
group_11017	927	10165	10.9655	70	155.3120	35	155.3120
group_11018	918	2371	2.5828	17	38.0884	8	35.8479
group_11020	876	3524	4.0228	25	58.6979	12	56.3500
group_11021	1605	31358	19.5377	234	299.8663	117	299.8663
group_19161	411	756	1.8394	6	30.0259	3	30.0259
group_19162	1473	589	0.3999	4	5.5853	2	5.5853
group_11024	222	0	0.0000	0	0.0000	0	0.0000
group_11025	441	11133	25.2449	85	396.4306	42	391.7667
group_11026	435	2244	5.1586	15	70.9233	7	66.1951
group_11029	732	1456	1.9891	10	28.0980	5	28.0980
group_11030	1284	0	0.0000	0	0.0000	0	0.0000
group_11033	414	450	1.0870	3	14.9042	1	9.9361
group_19163	729	0	0.0000	0	0.0000	0	0.0000
group_11035	747	0	0.0000	0	0.0000	0	0.0000
group_11036	381	453	1.1890	3	16.1951	1	10.7967
group_11037	933	2822	3.0247	20	44.0895	10	44.0895
group_11038	855	2567	3.0023	17	40.8949	8	38.4894
group_11045	189	0	0.0000	0	0.0000	0	0.0000
group_11043	930	596	0.6409	4	8.8463	2	8.8463
group_11049	6246	7599	1.2166	48	15.8061	24	15.8061
group_11054	870	8048	9.2506	55	130.0260	27	127.6619
group_11055	1308	0	0.0000	0	0.0000	0	0.0000
group_11056	1227	0	0.0000	0	0.0000	0	0.0000
group_11057	396	581	1.4672	5	25.9694	2	20.7755
group_11058	669	0	0.0000	0	0.0000	0	0.0000
group_11059	204	2862	14.0294	22	221.8091	11	221.8091
group_11061	387	762	1.9690	6	31.8880	3	31.8880
group_11062	2757	12603	4.5713	84	62.6656	42	62.6656
group_11063	204	224	1.0980	2	20.1645	1	20.1645
group_11064	2226	4655	2.0912	29	26.7954	14	25.8714
group_11065	465	302	0.6495	2	8.8463	1	8.8463
group_11066	258	577	2.2364	4	31.8880	2	31.8880
group_11067	1773	0	0.0000	0	0.0000	0	0.0000
group_11068	294	0	0.0000	0	0.0000	0	0.0000
group_11070	357	237	0.6639	2	11.5225	1	11.5225
group_11072	876	6214	7.0936	42	98.6125	21	98.6125
group_11073	4557	1489	0.3268	11	4.9648	5	4.5134
group_11074	234	255	1.0897	2	17.5793	1	17.5793
group_11075	490	151	0.3082	1	4.1975	0	0.0000
group_11076	2274	587	0.2581	4	3.6179	2	3.6179
group_11079	978	151	0.1544	1	2.1030	0	0.0000
group_11078	981	2304	2.3486	16	33.5458	8	33.5458
group_11080	387	1359	3.5116	9	47.8320	4	42.5173
group_11081	1491	1808	1.2126	13	17.9330	6	16.5535
hsdS	1203	720	0.5985	5	8.5485	2	6.8388
group_11084	1689	2175	1.2877	15	18.2662	7	17.0485
group_11086	378	604	1.5979	4	21.7648	2	21.7648
group_11087	360	3390	9.4167	25	142.8316	12	137.1183
group_19166	4050	2348	0.5798	18	9.1412	9	9.1412
group_11093	1065	2803	2.6319	21	40.5561	10	38.6249
group_11094	267	1370	5.1311	12	92.4393	6	92.4393
group_11096	1440	2416	1.6778	16	22.8531	8	22.8531
group_11097	693	12707	18.3362	85	252.2740	42	249.3061
group_11102	516	604	1.1705	4	15.9440	2	15.9440
group_11103	405	0	0.0000	0	0.0000	0	0.0000
group_11110	1125	1438	1.2782	10	18.2824	5	18.2824
group_11111	240	295	1.2292	2	17.1398	1	17.1398
group_17629	1563	23494	15.0313	162	213.1782	81	213.1782
group_11114	1824	1945	1.0663	13	14.6590	6	13.5314
group_11115	243	156	0.6420	2	16.9282	1	16.9282
group_11120	309	1664	5.3851	13	86.5310	6	79.8748
group_11122	234	635	2.7137	5	43.9482	2	35.1585
group_11124	1134	3518	3.1023	25	45.3434	12	43.5296
group_11125	1152	4683	4.0651	32	57.1326	16	57.1326
group_11126	297	0	0.0000	0	0.0000	0	0.0000
group_11127	4692	6737	1.4358	45	19.7261	22	19.2877
group_11129	792	0	0.0000	0	0.0000	0	0.0000
group_11131	177	233	1.3164	2	23.2404	1	23.2404
group_11132	341	6638	19.4663	67	404.1171	33	398.0855
group_11133	234	981	4.1923	7	61.5275	3	52.7378
group_11136	174	542	3.1149	4	47.2822	2	47.2822
group_11137	582	409	0.7027	3	10.6019	1	7.0680
group_11139	276	4649	16.8442	36	268.2750	18	268.2750
group_19167	1188	31080	26.1616	208	360.1088	104	360.1088
group_11141	426	541	1.2700	4	19.3124	2	19.3124
group_11143	264	3375	12.7841	28	218.1428	14	218.1428
group_11144	249	463	1.8594	4	33.0406	2	33.0406
group_11145	735	0	0.0000	0	0.0000	0	0.0000
group_11147	5634	5580	0.9904	35	12.7773	17	12.4122
group_11148	1032	1482	1.4360	10	19.9300	5	19.9300
group_11149	621	6378	10.2705	48	158.9778	24	158.9778
group_11150	201	2876	14.3085	24	245.5851	12	245.5851
group_19168	246	302	1.2276	2	16.7217	1	16.7217
group_11151	228	962	4.2193	7	63.1466	3	54.1257
group_11156	585	12317	21.0547	87	305.8794	43	302.3635
group_11157	1071	4702	4.3903	31	59.5332	15	57.6127
group_11158	288	2156	7.4861	16	114.2653	8	114.2653
group_19169	117	0	0.0000	0	0.0000	0	0.0000
group_19170	582	0	0.0000	0	0.0000	0	0.0000
group_11161	648	1963	3.0293	13	41.2625	6	38.0884
group_11162	714	961	1.3459	6	17.2838	3	17.2838
group_11163	876	604	0.6895	4	9.3917	2	9.3917
ygfZ	1029	5583	5.4257	38	75.9548	19	75.9548
group_11164	1035	3717	3.5913	26	51.6678	13	51.6678
group_11165	291	1225	4.2096	11	77.7475	5	70.6796
group_11166	546	1539	2.8187	13	48.9708	6	45.2038
group_11167	363	151	0.4160	1	5.6660	0	0.0000
group_11168	1410	0	0.0000	0	0.0000	0	0.0000
group_11169	840	288	0.3429	2	4.8971	1	4.8971
group_11173	2700	9854	3.6496	66	50.2767	33	50.2767
group_11174	249	784	3.1486	8	66.0811	4	66.0811
group_11175	198	0	0.0000	0	0.0000	0	0.0000
group_11177	1089	1034	0.9495	7	13.2208	3	11.3321
group_11178	342	738	2.1579	5	30.0698	2	24.0558
group_11179	633	0	0.0000	0	0.0000	0	0.0000
group_11181	3603	5916	1.6420	35	19.9798	17	19.4089
group_11182	309	0	0.0000	0	0.0000	0	0.0000
group_19171	348	151	0.4339	1	5.9103	0	0.0000
group_11187	264	742	2.8106	5	38.9541	2	31.1633
group_11186	2340	14986	6.4043	102	89.6543	51	89.6543
group_11189	477	151	0.3166	1	4.3119	0	0.0000
group_11192	798	2539	3.1817	18	46.3934	9	46.3934
thiE	1026	8355	8.1433	61	122.2839	30	120.2792
group_11193	657	0	0.0000	0	0.0000	0	0.0000
group_11194	177	0	0.0000	0	0.0000	0	0.0000
group_11195	396	6480	16.3636	50	259.6938	25	259.6938
group_11197	564	0	0.0000	0	0.0000	0	0.0000
group_11204	216	0	0.0000	0	0.0000	0	0.0000
group_11202	216	0	0.0000	0	0.0000	0	0.0000
group_11205	438	306	0.6986	2	9.3917	1	9.3917
group_11206	261	5348	20.4904	40	315.2146	20	315.2146
group_11208	375	302	0.8053	2	10.9695	1	10.9695
group_11210	306	1533	5.0098	11	73.9364	5	67.2149
group_11211	474	0	0.0000	0	0.0000	0	0.0000
group_19173	804	933	1.1604	5	12.7909	2	10.2327
group_11212	483	0	0.0000	0	0.0000	0	0.0000
group_11213	3216	1073	0.3336	8	5.1164	4	5.1164
group_11214	723	1169	1.6169	8	22.7582	4	22.7582
group_11215	399	2078	5.2080	15	77.3224	7	72.1675
group_19174	594	0	0.0000	0	0.0000	0	0.0000
group_11216	165	214	1.2970	2	24.9306	1	24.9306
group_11217	156	0	0.0000	0	0.0000	0	0.0000
group_11218	813	0	0.0000	0	0.0000	0	0.0000
group_11220	1077	542	0.5032	4	7.6389	2	7.6389
group_11221	630	1564	2.4825	11	35.9119	5	32.6472
group_11223	459	466	1.0153	4	17.9240	2	17.9240
group_11224	1290	661	0.5124	5	7.9720	2	6.3776
group_11227	828	453	0.5471	3	7.4521	1	4.9681
group_11228	1632	710	0.4350	2	2.5206	1	2.5206
group_11229	189	206	1.0899	2	21.7648	1	21.7648
group_11230	759	366	0.4822	3	8.1295	1	5.4197
group_11231	375	1669	4.4507	14	76.7863	7	76.7863
group_11236	729	1749	2.3992	13	36.6777	6	33.8564
group_11235	309	500	1.6181	4	26.6249	2	26.6249
group_11239	783	1010	1.2899	8	21.0143	4	21.0143
group_11240	705	741	1.0511	5	14.5871	2	11.6696
group_11241	2763	19146	6.9294	130	96.7719	65	96.7719
group_11242	1411	18134	12.8519	124	180.7513	62	180.7513
group_11243	243	468	1.9259	4	33.8564	2	33.8564
group_11244	1203	302	0.2510	2	3.4194	1	3.4194
group_11245	567	0	0.0000	0	0.0000	0	0.0000
group_11248	918	7276	7.9259	54	120.9868	27	120.9868
recG	2469	47188	19.1122	326	271.5710	163	271.5710
group_11249	2466	106801	43.3094	735	613.0291	367	612.1950
group_11250	423	487	1.1513	3	14.5871	1	9.7247
group_11251	3531	140396	39.7610	792	461.3327	396	461.3327
group_11252	999	0	0.0000	0	0.0000	0	0.0000
group_11253	321	1594	4.9657	12	76.8888	6	76.8888
group_11254	1527	1208	0.7911	8	10.7755	4	10.7755
nagC	1086	7912	7.2855	54	102.2706	27	102.2706
group_11257	3054	13499	4.4201	94	63.3061	47	63.3061
group_11258	549	449	0.8179	3	11.2392	1	7.4928
group_11259	1044	1354	1.2969	9	17.7308	4	15.7607
group_11260	513	1195	2.3294	9	36.0838	4	32.0745
group_11261	435	3207	7.3724	22	104.0208	11	104.0208
group_11262	612	0	0.0000	0	0.0000	0	0.0000
group_11264	1488	3376	2.2688	23	31.7916	11	30.4093
group_11266	1020	2051	2.0108	14	28.2302	7	28.2302
group_11267	300	2478	8.2600	18	123.4065	9	123.4065
group_11269	1167	5126	4.3925	37	65.2105	18	63.4481
group_11270	246	0	0.0000	0	0.0000	0	0.0000
group_11271	924	787	0.8517	6	13.3557	3	13.3557
group_11274	1596	19014	11.9135	131	168.8205	65	167.5318
group_11275	213	618	2.9014	6	57.9373	3	57.9373
group_19175	279	1812	6.4946	17	125.3232	8	117.9513
group_11276	312	302	0.9679	2	13.1845	1	13.1845
group_11277	4773	11995	2.5131	75	32.3189	37	31.8880
group_11278	273	701	2.5678	5	37.6699	2	30.1359
group_11279	900	0	0.0000	0	0.0000	0	0.0000
group_11280	159	0	0.0000	0	0.0000	0	0.0000
group_11281	750	0	0.0000	0	0.0000	0	0.0000
group_11282	225	0	0.0000	0	0.0000	0	0.0000
group_11283	384	864	2.2500	6	32.1371	3	32.1371
group_11284	489	0	0.0000	0	0.0000	0	0.0000
group_11287	324	302	0.9321	2	12.6961	1	12.6961
group_11289	1212	6787	5.5998	51	86.5475	25	84.8505
group_11292	5670	23627	4.1670	150	54.4120	75	54.4120
group_11295	1047	3821	3.6495	28	55.0045	14	55.0045
group_11296	1098	956	0.8707	8	14.9856	4	14.9856
group_11297	1377	1001	0.7269	7	10.4556	3	8.9620
group_11298	636	1316	2.0692	10	32.3392	5	32.3392
group_11299	255	0	0.0000	0	0.0000	0	0.0000
group_11300	276	1325	4.8007	9	67.0688	4	59.6167
group_11301	780	2655	3.4038	18	47.4640	9	47.4640
group_11304	276	0	0.0000	0	0.0000	0	0.0000
group_11305	663	2956	4.4585	19	58.9423	9	55.8400
group_11306	2070	397	0.1918	3	2.9808	1	1.9872
group_11307	219	0	0.0000	0	0.0000	0	0.0000
group_19176	561	0	0.0000	0	0.0000	0	0.0000
group_11308	444	549	1.2365	8	37.0590	4	37.0590
group_11309	348	0	0.0000	0	0.0000	0	0.0000
group_11310	1143	600	0.5249	4	7.1978	2	7.1978
group_11311	237	302	1.2743	2	17.3568	1	17.3568
group_11312	402	302	0.7512	2	10.2327	1	10.2327
group_11317	444	0	0.0000	0	0.0000	0	0.0000
group_11318	1374	5261	3.8290	35	52.3924	17	50.8955
group_11321	249	160	0.6426	2	16.5203	1	16.5203
group_11322	351	151	0.4302	1	5.8598	0	0.0000
group_11324	369	1897	5.1409	17	94.7566	8	89.1827
group_11327	810	598	0.7383	4	10.1569	2	10.1569
group_11328	501	1319	2.6327	10	41.0534	5	41.0534
group_11329	4866	2717	0.5584	21	8.8763	10	8.4537
group_11330	3051	16964	5.5601	113	76.1769	56	75.5027
group_11331	960	0	0.0000	0	0.0000	0	0.0000
group_11332	345	0	0.0000	0	0.0000	0	0.0000
group_11335	1410	0	0.0000	0	0.0000	0	0.0000
group_11337	252	1864	7.3968	13	106.1035	6	97.9417
group_11338	1425	82914	58.1853	567	818.3800	283	816.9367
group_11340	1269	1322	1.0418	9	14.5871	4	12.9663
group_11341	510	151	0.2961	1	4.0329	0	0.0000
group_11344	720	4422	6.1417	30	85.6990	15	85.6990
group_11345	417	2418	5.7986	18	88.7817	9	88.7817
group_11346	1596	6772	4.2431	47	60.5692	23	59.2805
group_11348	915	2437	2.6634	11	24.7263	5	22.4784
group_11351	720	255	0.3542	2	5.7133	1	5.7133
group_11352	564	453	0.8032	3	10.9403	1	7.2935
group_11356	486	1431	2.9444	11	46.5525	5	42.3205
group_11357	1260	0	0.0000	0	0.0000	0	0.0000
group_19177	276	0	0.0000	0	0.0000	0	0.0000
group_11360	867	0	0.0000	0	0.0000	0	0.0000
group_11361	945	6885	7.2857	49	106.6476	24	104.4711
group_11362	171	0	0.0000	0	0.0000	0	0.0000
group_11366	186	0	0.0000	0	0.0000	0	0.0000
group_11369	111	0	0.0000	0	0.0000	0	0.0000
group_11368	3210	3316	1.0330	22	14.0963	11	14.0963
group_11372	333	751	2.2553	5	30.8825	2	24.7060
group_11370	342	0	0.0000	0	0.0000	0	0.0000
group_19178	564	1836	3.2553	15	54.7015	7	51.0547
group_11373	630	5272	8.3683	37	120.7947	18	117.5300
group_11376	1254	0	0.0000	0	0.0000	0	0.0000
group_11378	468	2929	6.2585	21	92.2912	10	87.8964
group_11380	201	370	1.8408	4	40.9308	2	40.9308
group_11381	150	0	0.0000	0	0.0000	0	0.0000
group_11385	762	0	0.0000	0	0.0000	0	0.0000
group_11387	777	0	0.0000	0	0.0000	0	0.0000
group_11388	801	1057	1.3196	7	17.9743	3	15.4066
group_11389	834	1812	2.1727	12	29.5939	6	29.5939
group_17492	693	0	0.0000	0	0.0000	0	0.0000
group_11391	1395	5841	4.1871	40	58.9756	20	58.9756
group_11392	459	1006	2.1917	8	35.8479	4	35.8479
group_11393	1338	2018	1.5082	16	24.5952	8	24.5952
group_11394	2295	1243	0.5416	11	9.8582	5	8.9620
tatD	780	6398	8.2026	48	126.5708	24	126.5708
group_11399	807	845	1.0471	6	15.2920	3	15.2920
group_11401	219	0	0.0000	0	0.0000	0	0.0000
group_11402	240	381	1.5875	3	25.7097	1	17.1398
group_11403	171	248	1.4503	2	24.0558	1	24.0558
group_11404	267	287	1.0749	2	15.4066	1	15.4066
group_11405	2748	11185	4.0702	75	56.1347	37	55.3862
group_11406	534	0	0.0000	0	0.0000	0	0.0000
group_11407	1758	3885	2.2099	25	29.2488	12	28.0788
group_11408	1575	2921	1.8546	20	26.1178	10	26.1178
group_11412	189	530	2.8042	4	43.5296	2	43.5296
group_11416	336	0	0.0000	0	0.0000	0	0.0000
group_11420	363	755	2.0799	5	28.3302	2	22.6642
group_11421	399	0	0.0000	0	0.0000	0	0.0000
group_11423	354	2096	5.9209	20	116.2020	10	116.2020
group_11426	684	1351	1.9751	11	33.0768	5	30.0698
group_11428	564	817	1.4486	6	21.8806	3	21.8806
group_11431	342	289	0.8450	2	12.0279	1	12.0279
group_11433	300	0	0.0000	0	0.0000	0	0.0000
group_11435	1059	5085	4.8017	35	67.9765	17	66.0343
group_11438	3585	6921	1.9305	48	27.5384	24	27.5384
group_11439	219	0	0.0000	0	0.0000	0	0.0000
group_11440	201	148	0.7363	2	20.4654	1	20.4654
group_11442	120	212	1.7667	2	34.2796	1	34.2796
group_11443	264	0	0.0000	0	0.0000	0	0.0000
group_11444	777	1650	2.1236	11	29.1178	5	26.4707
group_19179	1014	302	0.2978	2	4.0568	1	4.0568
group_11446	2883	18247	6.3292	121	86.3232	60	85.6098
group_11448	198	0	0.0000	0	0.0000	0	0.0000
group_11449	1296	337	0.2600	3	4.7611	1	3.1740
group_11450	4365	1918	0.4394	16	7.5392	8	7.5392
group_11451	153	181	1.1830	2	26.8859	1	26.8859
group_11454	10296	1979	0.1922	15	2.9965	7	2.7967
group_11455	213	151	0.7089	1	9.6562	0	0.0000
group_11456	291	282	0.9691	2	14.1359	1	14.1359
group_11457	609	0	0.0000	0	0.0000	0	0.0000
group_11460	363	0	0.0000	0	0.0000	0	0.0000
group_11461	789	151	0.1914	1	2.6068	0	0.0000
group_11462	2175	29689	13.6501	214	202.3678	107	202.3678
group_11463	483	3244	6.7164	24	102.2000	12	102.2000
group_11464	474	537	1.1329	4	17.3568	2	17.3568
group_11466	1725	10105	5.8580	68	81.0787	34	81.0787
group_11467	969	4778	4.9309	32	67.9224	16	67.9224
group_11468	303	17272	57.0033	121	821.3525	60	814.5644
group_11469	1533	5592	3.6477	40	53.6667	20	53.6667
group_11471	837	134	0.1601	1	2.4573	0	0.0000
group_11472	258	4441	17.2132	37	294.9639	18	286.9919
group_19180	297	1661	5.5926	11	76.1769	5	69.2517
group_11476	372	647	1.7392	5	27.6448	2	22.1159
group_11477	4857	6843	1.4089	37	15.6682	18	15.2448
group_11478	255	560	2.1961	4	32.2631	2	32.2631
group_14943	156	0	0.0000	0	0.0000	0	0.0000
group_11479	429	302	0.7040	2	9.5887	1	9.5887
group_11480	270	1832	6.7852	14	106.6476	7	106.6476
group_11481	240	0	0.0000	0	0.0000	0	0.0000
group_11482	363	212	0.5840	2	11.3321	1	11.3321
group_11483	294	0	0.0000	0	0.0000	0	0.0000
group_11484	237	478	2.0169	4	34.7135	2	34.7135
group_11485	540	604	1.1185	4	15.2354	2	15.2354
group_11488	189	0	0.0000	0	0.0000	0	0.0000
group_11490	765	7163	9.3634	50	134.4297	25	134.4297
group_11491	3306	15717	4.7541	108	67.1905	54	67.1905
group_11493	1248	3067	2.4575	22	36.2573	11	36.2573
group_11495	537	1950	3.6313	13	49.7916	6	45.9615
group_11497	822	0	0.0000	0	0.0000	0	0.0000
group_11498	1035	2685	2.5942	20	39.7444	10	39.7444
group_11499	402	6445	16.0323	47	240.4687	23	235.3524
group_11500	153	246	1.6078	2	26.8859	1	26.8859
group_11504	861	0	0.0000	0	0.0000	0	0.0000
group_18684	1218	4459	3.6609	32	54.0368	16	54.0368
group_11507	1026	14396	14.0312	101	202.4701	50	200.4654
group_11509	1287	710	0.5517	5	7.9906	2	6.3925
group_11510	209	0	0.0000	0	0.0000	0	0.0000
group_16257	318	0	0.0000	0	0.0000	0	0.0000
group_11511	1089	0	0.0000	0	0.0000	0	0.0000
rpsT	294	646	2.1973	5	34.9792	2	27.9833
group_11513	2004	7424	3.7046	49	50.2904	24	49.2641
group_11514	180	198	1.1000	2	22.8531	1	22.8531
group_11515	1293	453	0.3503	3	4.7721	1	3.1814
group_11516	732	0	0.0000	0	0.0000	0	0.0000
group_11518	444	0	0.0000	0	0.0000	0	0.0000
group_11519	258	441	1.7093	3	23.9160	1	15.9440
group_11520	759	2604	3.4308	18	48.7773	9	48.7773
group_11522	258	2023	7.8411	14	111.6080	7	111.6080
group_11526	1170	2918	2.4940	21	36.9165	10	35.1585
group_11529	1431	6283	4.3906	43	61.8039	21	60.3666
group_11530	246	1198	4.8699	10	83.6087	5	83.6087
group_11534	738	1428	1.9350	10	27.8696	5	27.8696
group_11536	1191	5776	4.8497	41	70.8042	20	69.0773
group_11537	231	0	0.0000	0	0.0000	0	0.0000
group_11538	1266	9331	7.3705	66	107.2252	33	107.2252
group_19181	255	604	2.3686	4	32.2631	2	32.2631
group_11540	1473	7622	5.1745	51	71.2122	25	69.8159
group_11541	3066	13651	4.4524	79	52.9958	39	52.3250
group_11542	177	0	0.0000	0	0.0000	0	0.0000
group_11544	360	0	0.0000	0	0.0000	0	0.0000
group_11545	1512	10230	6.7659	69	93.8608	34	92.5005
group_11546	615	302	0.4911	2	6.6887	1	6.6887
group_11550	14040	44128	3.1430	301	44.0947	150	43.9482
group_11552	2475	1359	0.5491	9	7.4792	4	6.6482
group_19182	663	1377	2.0769	10	31.0222	5	31.0222
group_11554	1047	9587	9.1566	69	135.5468	34	133.5823
group_11557	900	1609	1.7878	11	25.1384	5	22.8531
group_11558	708	151	0.2133	1	2.9050	0	0.0000
group_11560	438	758	1.7306	6	28.1750	3	28.1750
group_11561	4185	22549	5.3881	126	61.9244	63	61.9244
group_11562	855	210449	246.1392	1448	3483.2870	724	3483.2870
group_11563	786	4509	5.7366	28	73.2693	14	73.2693
group_11564	774	604	0.7804	4	10.6293	2	10.6293
group_11567	345	38460	111.4783	296	1764.6535	148	1764.6535
group_11570	3246	60700	18.6999	406	257.2553	203	257.2553
group_11571	1206	302	0.2504	2	3.4109	1	3.4109
group_11572	1221	887	0.7265	6	10.1070	3	10.1070
hsdR	3519	1057	0.3004	7	4.0913	3	3.5069
group_11573	6903	4574	0.6626	31	9.2366	15	8.9386
group_11574	603	1285	2.1310	10	34.1090	5	34.1090
group_11575	222	2011	9.0586	16	148.2360	8	148.2360
group_11576	321	1234	3.8442	9	57.6666	4	51.2592
group_11577	1209	5267	4.3565	37	62.9451	18	61.2439
group_11579	258	955	3.7016	8	63.7760	4	63.7760
group_11581	570	0	0.0000	0	0.0000	0	0.0000
group_11583	333	302	0.9069	2	12.3530	1	12.3530
group_11585	252	0	0.0000	0	0.0000	0	0.0000
group_11587	903	302	0.3344	2	4.5554	1	4.5554
group_11589	744	578	0.7769	4	11.0579	2	11.0579
group_11591	282	950	3.3688	7	51.0547	3	43.7612
group_11595	819	0	0.0000	0	0.0000	0	0.0000
group_11596	204	0	0.0000	0	0.0000	0	0.0000
group_19183	1974	2166	1.0973	16	16.6709	8	16.6709
group_11599	1143	11459	10.0254	80	143.9563	40	143.9563
group_11600	189	149	0.7884	1	10.8824	0	0.0000
group_11601	474	3078	6.4937	23	99.8013	11	95.4621
group_11602	348	1486	4.2701	11	65.0130	5	59.1027
yncB	519	2235	4.3064	15	59.4444	7	55.4814
group_11606	2139	4978	2.3273	34	32.6930	17	32.6930
group_11611	1182	1235	1.0448	8	13.9206	4	13.9206
group_11610	7479	5719	0.7647	39	10.7253	19	10.4503
group_11612	246	142	0.5772	2	16.7217	1	16.7217
group_11613	1704	4261	2.5006	29	35.0038	14	33.7968
group_11614	735	5991	8.1510	40	111.9333	20	111.9333
group_19184	321	604	1.8816	4	25.6296	2	25.6296
group_11618	5814	42954	7.3880	292	103.2986	146	103.2986
group_11619	714	1150	1.6106	8	23.0451	4	23.0451
group_19185	309	0	0.0000	0	0.0000	0	0.0000
group_11621	1104	1573	1.4248	11	20.4932	5	18.6302
group_11622	1428	19959	13.9769	138	198.7640	69	198.7640
group_11624	591	4552	7.7022	35	121.8056	17	118.3255
group_11626	255	146	0.5725	1	8.0658	0	0.0000
group_11629	1212	610	0.5033	4	6.7880	2	6.7880
group_11630	684	1150	1.6813	9	27.0628	4	24.0558
group_11632	2223	5499	2.4737	38	35.1585	19	35.1585
group_11634	1194	3839	3.2152	29	49.9552	14	48.2326
group_11635	291	604	2.0756	4	28.2718	2	28.2718
group_11636	621	3264	5.2560	23	76.1769	11	72.8648
group_11638	621	2951	4.7520	20	66.2407	10	66.2407
group_11640	990	8215	8.2980	57	118.4204	28	116.3428
group_11641	1635	12364	7.5621	94	118.2488	47	118.2488
group_11642	189	0	0.0000	0	0.0000	0	0.0000
group_11644	1089	3896	3.5776	28	52.8831	14	52.8831
group_11645	279	1496	5.3620	12	88.4634	6	88.4634
group_11647	336	2308	6.8690	17	104.0630	8	97.9417
group_19186	165	0	0.0000	0	0.0000	0	0.0000
group_11648	474	976	2.0591	8	34.7135	4	34.7135
group_11652	1470	1145	0.7789	8	11.1933	4	11.1933
group_11654	213	151	0.7089	1	9.6562	0	0.0000
group_11656	180	0	0.0000	0	0.0000	0	0.0000
group_11658	840	542	0.6452	4	9.7942	2	9.7942
group_11659	483	906	1.8758	6	25.5500	3	25.5500
group_11660	3942	171845	43.5934	932	486.2797	466	486.2797
group_11661	252	0	0.0000	0	0.0000	0	0.0000
group_11663	495	374	0.7556	2	8.3102	1	8.3102
group_11669	897	0	0.0000	0	0.0000	0	0.0000
group_11670	1014	3257	3.2120	23	46.6527	11	44.6243
group_11674	600	0	0.0000	0	0.0000	0	0.0000
group_11673	501	631	1.2595	6	24.6320	3	24.6320
group_11675	1242	29127	23.4517	207	342.7959	103	341.1398
group_11676	690	4817	6.9812	36	107.3100	18	107.3100
group_11680	894	0	0.0000	0	0.0000	0	0.0000
group_11681	990	0	0.0000	0	0.0000	0	0.0000
group_11682	249	0	0.0000	0	0.0000	0	0.0000
ndhM	408	0	0.0000	0	0.0000	0	0.0000
group_11690	852	542	0.6362	4	9.6562	2	9.6562
group_11687	624	3829	6.1362	26	85.6990	13	85.6990
group_11694	963	869	0.9024	6	12.8148	3	12.8148
group_11695	252	690	2.7381	6	48.9708	3	48.9708
group_11697	417	2078	4.9832	18	88.7817	9	88.7817
group_11698	591	2469	4.1777	17	59.1627	8	55.6826
group_11699	1995	4866	2.4391	33	34.0218	16	32.9909
group_11700	1491	12595	8.4474	89	122.7720	44	121.3925
group_11703	447	116	0.2595	2	9.2026	1	9.2026
group_11705	1197	4824	4.0301	33	56.7031	16	54.9848
group_11706	1338	0	0.0000	0	0.0000	0	0.0000
group_11708	273	0	0.0000	0	0.0000	0	0.0000
group_11709	330	1496	4.5333	13	81.0245	6	74.7918
group_11710	900	0	0.0000	0	0.0000	0	0.0000
arsM	975	7807	8.0072	58	122.3518	29	122.3518
group_11711	195	151	0.7744	1	10.5476	0	0.0000
group_11715	411	1939	4.7178	14	70.0605	7	70.0605
group_11716	1107	901	0.8139	6	11.1478	3	11.1478
group_11717	1101	242	0.2198	2	3.7362	1	3.7362
group_11718	1242	0	0.0000	0	0.0000	0	0.0000
group_11719	885	1682	1.9006	12	27.8885	6	27.8885
group_11722	243	0	0.0000	0	0.0000	0	0.0000
group_11724	987	4890	4.9544	33	68.7676	16	66.6837
group_11723	267	584	2.1873	4	30.8131	2	30.8131
group_11726	1653	1668	1.0091	12	14.9312	6	14.9312
group_11727	399	0	0.0000	0	0.0000	0	0.0000
group_11728	312	0	0.0000	0	0.0000	0	0.0000
group_11729	1410	0	0.0000	0	0.0000	0	0.0000
group_19188	1662	13715	8.2521	93	115.0903	46	113.8528
group_11730	381	2443	6.4121	19	102.5688	9	97.1705
group_11731	252	2449	9.7183	18	146.9125	9	146.9125
group_11733	771	1909	2.4760	13	34.6797	6	32.0121
lptD	2463	19708	8.0016	136	113.5694	68	113.5694
group_11735	300	0	0.0000	0	0.0000	0	0.0000
group_11736	303	572	1.8878	6	40.7282	3	40.7282
group_11740	264	254	0.9621	2	15.5816	1	15.5816
rpsF	222	891	4.0135	6	55.5885	3	55.5885
group_11743	3393	906	0.2670	6	3.6371	3	3.6371
group_11745	258	302	1.1705	2	15.9440	1	15.9440
larC	1257	5770	4.5903	40	65.4503	20	65.4503
group_11747	1599	525	0.3283	4	5.1452	2	5.1452
group_11748	588	360	0.6122	4	13.9917	2	13.9917
group_11749	1197	3849	3.2155	27	46.3934	13	44.6751
group_11750	3012	3962	1.3154	27	18.4372	13	17.7544
group_11751	273	0	0.0000	0	0.0000	0	0.0000
group_11755	951	188	0.1977	2	4.3255	1	4.3255
group_11757	258	499	1.9341	5	39.8600	2	31.8880
group_11758	1296	151	0.1165	1	1.5870	0	0.0000
group_11759	879	2799	3.1843	19	44.4582	9	42.1183
group_11760	567	735	1.2963	5	18.1373	2	14.5099
group_11766	504	0	0.0000	0	0.0000	0	0.0000
group_11767	777	453	0.5830	3	7.9412	1	5.2941
group_19189	1662	3844	2.3129	26	32.1758	13	32.1758
group_19190	330	255	0.7727	2	12.4653	1	12.4653
group_11770	243	151	0.6214	1	8.4641	0	0.0000
group_11771	711	600	0.8439	4	11.5712	2	11.5712
group_11773	1596	5474	3.4298	38	48.9708	19	48.9708
group_11774	381	211	0.5538	2	10.7967	1	10.7967
group_11775	3102	2363	0.7618	16	10.6088	8	10.6088
group_11777	1959	0	0.0000	0	0.0000	0	0.0000
group_11778	1377	5792	4.2062	40	59.7466	20	59.7466
group_19191	1473	1497	1.0163	10	13.9632	5	13.9632
group_11781	1239	9313	7.5165	64	106.2418	32	106.2418
group_11782	339	3635	10.7227	27	163.8139	13	157.7468
group_11785	1536	11463	7.4629	81	108.4628	40	107.1237
group_11789	966	5732	5.9337	41	87.2958	20	85.1667
group_11790	969	2211	2.2817	17	36.0838	8	33.9612
group_11796	900	0	0.0000	0	0.0000	0	0.0000
group_11792	276	0	0.0000	0	0.0000	0	0.0000
group_11794	996	6773	6.8002	49	101.1867	24	99.1217
group_11798	285	741	2.6000	6	43.3005	3	43.3005
group_11799	1746	15633	8.9536	109	128.4012	54	127.2232
group_11800	1305	12899	9.8843	91	143.4226	45	141.8466
group_11801	405	498	1.2296	4	20.3138	2	20.3138
group_11802	1095	9406	8.5900	64	120.2133	32	120.2133
group_11807	1725	113163	65.6017	762	908.5581	381	908.5581
group_11810	1182	524	0.4433	4	6.9603	2	6.9603
group_11812	486	0	0.0000	0	0.0000	0	0.0000
group_11813	3219	7126	2.2137	48	30.6695	24	30.6695
group_11816	201	0	0.0000	0	0.0000	0	0.0000
group_11817	114	0	0.0000	0	0.0000	0	0.0000
group_11818	498	0	0.0000	0	0.0000	0	0.0000
group_11819	408	248	0.6078	4	20.1645	2	20.1645
group_19192	900	0	0.0000	0	0.0000	0	0.0000
group_11822	1023	3356	3.2805	23	46.2423	11	44.2317
group_11824	267	2175	8.1461	17	130.9557	8	123.2524
cbiT	642	3035	4.7274	21	67.2777	10	64.0740
group_19193	867	0	0.0000	0	0.0000	0	0.0000
group_11825	303	1576	5.2013	11	74.6684	5	67.8804
group_11826	756	5576	7.3757	41	111.5447	20	108.8241
group_11829	762	0	0.0000	0	0.0000	0	0.0000
group_17193	1815	60313	33.2303	412	466.8823	206	466.8823
group_11830	366	238	0.6503	2	11.2392	1	11.2392
group_11831	360	570	1.5833	4	22.8531	2	22.8531
group_11832	810	1122	1.3852	8	20.3138	4	20.3138
group_11833	690	0	0.0000	0	0.0000	0	0.0000
group_11836	2046	8529	4.1686	59	59.3107	29	58.3055
group_11837	789	2749	3.4842	19	49.5294	9	46.9226
group_11838	1974	903	0.4574	7	7.2935	3	6.2516
group_11839	186	1695	9.1129	14	154.8110	7	154.8110
group_11841	2892	13981	4.8344	93	66.1411	46	65.4299
group_11844	711	49742	69.9606	358	1035.6196	179	1035.6196
group_11847	753	0	0.0000	0	0.0000	0	0.0000
group_11850	573	707	1.2339	6	21.5369	3	21.5369
group_19194	513	773	1.5068	6	24.0558	3	24.0558
group_11851	1098	0	0.0000	0	0.0000	0	0.0000
group_11852	900	6010	6.6778	41	93.6975	20	91.4122
group_14598	225	0	0.0000	0	0.0000	0	0.0000
group_19195	132	0	0.0000	0	0.0000	0	0.0000
group_11858	462	394	0.8528	2	8.9038	1	8.9038
group_11859	336	0	0.0000	0	0.0000	0	0.0000
group_11860	2076	9110	4.3882	61	60.4351	30	59.4444
group_11862	336	0	0.0000	0	0.0000	0	0.0000
group_11864	549	0	0.0000	0	0.0000	0	0.0000
group_11866	249	1488	5.9759	12	99.1217	6	99.1217
group_11868	219	457	2.0868	3	28.1750	1	18.7833
group_11871	237	1046	4.4135	8	69.4270	4	69.4270
group_11872	627	302	0.4817	2	6.5607	1	6.5607
group_11873	1434	6192	4.3180	43	61.6746	21	60.2403
group_11881	2886	34493	11.9518	198	141.1093	99	141.1093
group_11880	708	2164	3.0565	16	46.4808	8	46.4808
group_11878	843	1621	1.9229	12	29.2779	6	29.2779
group_11877	1245	2688	2.1590	18	29.7365	9	29.7365
bchH	3987	64061	16.0675	447	230.5941	223	230.0782
group_11884	1317	251	0.1906	2	3.1234	1	3.1234
group_15163	1245	2545	2.0442	17	28.0845	8	26.4325
group_11888	894	10003	11.1890	68	156.4437	34	156.4437
group_11889	756	0	0.0000	0	0.0000	0	0.0000
group_19196	1218	16674	13.6897	114	192.5060	57	192.5060
group_11891	189	5656	29.9259	57	620.2973	28	609.4149
group_11892	1098	3232	2.9435	22	41.2104	11	41.2104
group_11893	1593	13100	8.2235	89	114.9109	44	113.6197
group_11894	297	0	0.0000	0	0.0000	0	0.0000
group_11895	2319	15247	6.5748	101	89.5793	50	88.6923
group_11896	111	0	0.0000	0	0.0000	0	0.0000
nifB	1437	12255	8.5282	84	120.2290	42	120.2290
group_11901	405	769	1.8988	6	30.4707	3	30.4707
group_11903	417	410	0.9832	3	14.7969	1	9.8646
group_11906	348	9334	26.8218	69	407.8089	34	401.8986
group_11907	672	22022	32.7708	147	449.9196	73	446.8589
group_11908	2340	9076	3.8786	60	52.7378	30	52.7378
group_11910	291	3519	12.0928	28	197.9028	14	197.9028
group_11912	1137	0	0.0000	0	0.0000	0	0.0000
group_11914	735	3949	5.3728	27	75.5550	13	72.7567
group_11915	555	0	0.0000	0	0.0000	0	0.0000
group_11916	414	186	0.4493	2	9.9361	1	9.9361
group_11918	1440	5592	3.8833	38	54.2760	19	54.2760
folD	897	9764	10.8852	68	155.9205	34	155.9205
group_11919	357	442	1.2381	4	23.0451	2	23.0451
group_11920	4836	1934	0.3999	13	5.5290	6	5.1037
group_11921	648	2665	4.1127	18	57.1326	9	57.1326
group_11923	2787	2976	1.0678	12	8.8559	6	8.8559
group_11924	336	0	0.0000	0	0.0000	0	0.0000
group_11926	213	648	3.0423	5	48.2811	2	38.6249
group_11930	168	0	0.0000	0	0.0000	0	0.0000
group_11931	1068	755	0.7069	5	9.6291	2	7.7033
group_11932	1758	2719	1.5466	18	21.0591	9	21.0591
group_19197	3417	10175	2.9778	72	43.3385	36	43.3385
group_11935	1467	1744	1.1888	12	16.8243	6	16.8243
group_11936	690	4212	6.1043	30	89.4250	15	89.4250
group_11937	1485	0	0.0000	0	0.0000	0	0.0000
aspS	1788	1782	0.9966	12	13.8039	6	13.8039
group_11939	759	0	0.0000	0	0.0000	0	0.0000
group_11940	1494	1368	0.9157	11	15.1436	5	13.7669
group_11944	783	296	0.3780	2	5.2536	1	5.2536
group_11945	801	175	0.2185	2	5.1355	1	5.1355
group_19198	1167	1709	1.4644	12	21.1494	6	21.1494
group_11949	576	3406	5.9132	24	85.6990	12	85.6990
group_11951	3153	2668	0.8462	20	13.0465	10	13.0465
group_11952	1944	8232	4.2346	52	55.0166	26	55.0166
group_11953	669	18383	27.4783	129	396.5979	64	393.5235
group_11954	1137	2767	2.4336	21	37.9879	10	36.1790
group_11955	366	0	0.0000	0	0.0000	0	0.0000
group_11956	165	334	2.0242	3	37.3959	1	24.9306
group_11957	1122	51320	45.7398	350	641.5965	175	641.5965
group_11958	328	1203	3.6677	8	50.1652	4	50.1652
group_11961	165	0	0.0000	0	0.0000	0	0.0000
group_11963	2553	10817	4.2370	70	56.3941	35	56.3941
group_11964	399	4411	11.0551	32	164.9544	16	164.9544
group_11965	354	783	2.2119	7	40.6707	3	34.8606
group_11966	1455	1774	1.2192	14	19.7903	7	19.7903
group_11969	15453	32526	2.1048	201	26.7529	100	26.6198
group_11970	996	6056	6.0803	41	84.6664	20	82.6014
group_11973	1083	8776	8.1034	61	115.8479	30	113.9488
group_11974	402	2003	4.9826	14	71.6290	7	71.6290
group_11975	1254	22023	17.5622	148	242.7454	74	242.7454
rimM	591	6187	10.4687	45	156.6072	22	153.1271
group_11977	867	1768	2.0392	14	33.2121	7	33.2121
psd	1473	904	0.6137	6	8.3779	3	8.3779
group_11978	540	1141	2.1130	8	30.4707	4	30.4707
group_11979	876	6294	7.1849	46	108.0042	23	108.0042
group_11982	1383	453	0.3275	3	4.4616	1	2.9744
group_11987	312	545	1.7468	4	26.3689	2	26.3689
group_11989	939	0	0.0000	0	0.0000	0	0.0000
group_11993	879	0	0.0000	0	0.0000	0	0.0000
group_11990	321	1359	4.2336	9	57.6666	4	51.2592
group_11991	759	0	0.0000	0	0.0000	0	0.0000
group_11992	300	1224	4.0800	10	68.5592	5	68.5592
group_11994	375	302	0.8053	2	10.9695	1	10.9695
group_11995	1380	2822	2.0449	19	28.3179	9	26.8275
group_11997	363	604	1.6639	4	22.6642	2	22.6642
group_11999	1191	6289	5.2804	45	77.7119	22	75.9850
group_12001	510	250	0.4902	2	8.0658	1	8.0658
group_12003	249	0	0.0000	0	0.0000	0	0.0000
group_12006	1275	1057	0.8290	7	11.2921	3	9.6789
group_12007	351	482	1.3732	2	11.7195	1	11.7195
group_12008	1578	3151	1.9968	22	28.6749	11	28.6749
group_12010	1623	0	0.0000	0	0.0000	0	0.0000
group_12011	1728	3845	2.2251	27	32.1371	13	30.9468
group_12013	1536	4007	2.6087	27	36.1543	13	34.8152
group_12014	2157	15057	6.9805	102	97.2606	51	97.2606
group_12015	1107	9054	8.1789	63	117.0522	31	115.1943
group_12017	669	706	1.0553	6	18.4464	3	18.4464
group_12018	2016	755	0.3745	5	5.1011	2	4.0809
group_12020	285	595	2.0877	4	28.8670	2	28.8670
group_12021	339	775	2.2861	6	36.4031	3	36.4031
group_19199	663	0	0.0000	0	0.0000	0	0.0000
group_18459	231	0	0.0000	0	0.0000	0	0.0000
group_12025	705	1213	1.7206	9	26.2567	4	23.3393
group_12024	708	0	0.0000	0	0.0000	0	0.0000
group_18469	756	2359	3.1204	17	46.2502	8	43.5296
group_12027	573	0	0.0000	0	0.0000	0	0.0000
group_12028	1353	8204	6.0636	62	94.2499	31	94.2499
rimK	906	11071	12.2196	77	174.8032	38	172.5330
group_12032	192	967	5.0365	8	85.6990	4	85.6990
group_12034	1764	1025	0.5811	8	9.3278	4	9.3278
group_12035	528	1402	2.6553	10	38.9541	5	38.9541
group_12038	729	458	0.6283	4	11.2855	2	11.2855
group_12039	771	1792	2.3243	12	32.0121	6	32.0121
group_12041	999	247	0.2472	2	4.1177	1	4.1177
group_12045	1212	8307	6.8540	59	100.1235	29	98.4265
group_12046	2184	3236	1.4817	23	21.6602	11	20.7184
group_12047	960	3605	3.7552	24	51.4194	12	51.4194
group_19201	147	0	0.0000	0	0.0000	0	0.0000
group_12049	309	302	0.9773	2	13.3125	1	13.3125
group_19202	516	0	0.0000	0	0.0000	0	0.0000
group_12050	339	1646	4.8555	13	78.8734	6	72.8062
group_12051	717	7125	9.9372	49	140.5606	24	137.6921
ligW	1107	6483	5.8564	44	81.7508	22	81.7508
group_12052	1023	5551	5.4262	38	76.4002	19	76.4002
group_12053	495	897	1.8121	7	29.0857	3	24.9306
group_12057	912	4393	4.8169	31	69.9123	15	67.6571
group_12060	534	453	0.8483	3	11.5549	1	7.7033
group_12061	159	0	0.0000	0	0.0000	0	0.0000
group_12063	372	302	0.8118	2	11.0579	1	11.0579
group_12064	3297	14070	4.2675	99	61.7594	49	61.1356
group_12065	495	302	0.6101	2	8.3102	1	8.3102
group_12067	1212	1903	1.5701	13	22.0611	6	20.3641
group_12069	5748	9087	1.5809	61	21.8273	30	21.4695
group_17502	1083	5247	4.8449	40	75.9658	20	75.9658
group_12072	363	843	2.3223	6	33.9963	3	33.9963
group_12075	450	1114	2.4756	8	36.5649	4	36.5649
group_12076	771	3140	4.0726	23	61.3565	11	58.6888
group_12077	642	6932	10.7975	50	160.1850	25	160.1850
group_12078	336	695	2.0685	5	30.6068	2	24.4854
group_12080	387	603	1.5581	4	21.2587	2	21.2587
pncC	1272	5799	4.5590	45	72.7633	22	71.1463
group_12087	1512	12744	8.4286	89	121.0668	44	119.7065
group_12088	666	755	1.1336	5	15.4413	2	12.3530
group_12089	735	1319	1.7946	9	25.1850	4	22.3867
group_12092	1470	1359	0.9245	9	12.5925	4	11.1933
group_12093	1680	906	0.5393	6	7.3456	3	7.3456
group_12096	711	2232	3.1392	16	46.2847	8	46.2847
group_12097	444	0	0.0000	0	0.0000	0	0.0000
group_12099	1089	1157	1.0624	7	13.2208	3	11.3321
group_12104	4707	255289	54.2360	1138	497.2616	569	497.2616
group_12103	771	604	0.7834	4	10.6707	2	10.6707
group_12105	855	453	0.5298	3	7.2168	1	4.8112
group_12106	1659	1508	0.9090	10	12.3977	5	12.3977
group_12107	438	941	2.1484	7	32.8708	3	28.1750
group_12109	438	302	0.6895	2	9.3917	1	9.3917
group_12110	1173	2607	2.2225	18	31.5618	9	31.5618
group_12111	1308	2789	2.1323	21	33.0216	10	31.4492
group_12112	621	0	0.0000	0	0.0000	0	0.0000
group_12113	771	2387	3.0960	16	42.6828	8	42.6828
sucC	1311	8288	6.3219	59	92.5627	29	90.9939
group_12115	369	602	1.6314	4	22.2957	2	22.2957
group_12116	867	1949	2.2480	14	33.2121	7	33.2121
group_12118	3000	3976	1.3253	29	19.8822	14	19.1966
group_12119	1197	10026	8.3759	68	116.8427	34	116.8427
group_12121	240	2797	11.6542	22	188.5377	11	188.5377
group_12122	351	4643	13.2279	33	193.3720	16	187.5123
group_12123	357	809	2.2661	6	34.5676	3	34.5676
group_12126	1020	0	0.0000	0	0.0000	0	0.0000
group_12139	1533	453	0.2955	3	4.0250	1	2.6833
group_12144	813	474	0.5830	3	7.5896	1	5.0597
group_12142	1410	1359	0.9638	9	13.1284	4	11.6696
gltB	4605	78760	17.1031	544	242.9719	272	242.9719
group_12143	417	151	0.3621	1	4.9323	0	0.0000
group_12145	1434	4174	2.9107	28	40.1602	14	40.1602
group_12146	189	736	3.8942	6	65.2944	3	65.2944
group_12153	414	0	0.0000	0	0.0000	0	0.0000
dndC	1653	12700	7.6830	87	108.2513	43	107.0071
group_12158	2187	6483	2.9643	44	41.3800	22	41.3800
group_12159	1197	19245	16.0777	135	231.9671	67	230.2488
group_12160	366	0	0.0000	0	0.0000	0	0.0000
dusA	1071	11316	10.5658	79	151.7136	39	149.7931
group_12163	192	988	5.1458	8	85.6990	4	85.6990
group_19203	1722	3449	2.0029	24	28.6659	12	28.6659
group_12164	228	267	1.1711	2	18.0419	1	18.0419
group_12166	396	453	1.1439	3	15.5816	1	10.3878
group_12168	4608	14045	3.0480	94	41.9568	47	41.9568
group_12169	2217	8637	3.8958	56	51.9528	28	51.9528
group_12170	1047	6509	6.2168	42	82.5067	21	82.5067
group_12171	2544	0	0.0000	0	0.0000	0	0.0000
group_12172	297	616	2.0741	5	34.6258	2	27.7007
group_12174	2226	17462	7.8446	119	109.9534	59	109.0294
group_12176	1731	15589	9.0058	106	125.9493	53	125.9493
group_12177	231	1326	5.7403	11	97.9417	5	89.0379
group_12179	270	122	0.4519	2	15.2354	1	15.2354
group_12180	7527	35014	4.6518	173	47.2728	86	46.9995
group_19204	237	19971	84.2658	142	1232.3294	71	1232.3294
group_12181	309	302	0.9773	2	13.3125	1	13.3125
group_12182	945	3721	3.9376	25	54.4120	12	52.2356
rfbF	888	3934	4.4302	28	64.8533	14	64.8533
group_12185	1554	11669	7.5090	87	115.1476	43	113.8241
group_12187	2958	12658	4.2792	89	61.8840	44	61.1887
group_12188	4620	5140	1.1126	31	13.8009	15	13.3557
group_17485	300	0	0.0000	0	0.0000	0	0.0000
group_12190	327	0	0.0000	0	0.0000	0	0.0000
group_12191	306	11309	36.9575	79	530.9975	39	524.2760
group_12192	453	9278	20.4812	62	281.5012	31	281.5012
group_12194	360	401	1.1139	3	17.1398	1	11.4265
group_12195	966	2076	2.1491	14	29.8083	7	29.8083
group_12196	4308	1609	0.3735	11	5.2517	5	4.7743
group_12201	1155	302	0.2615	2	3.5615	1	3.5615
group_12200	1017	1180	1.1603	8	16.1792	4	16.1792
group_12203	1128	2670	2.3670	18	32.8209	9	32.8209
group_12204	375	571	1.5227	5	27.4237	2	21.9389
group_12205	795	1552	1.9522	13	33.6328	6	31.0457
group_12206	738	302	0.4092	2	5.5739	1	5.5739
group_12208	450	2242	4.9822	15	68.5592	7	63.9886
group_12209	873	9773	11.1947	68	160.2070	34	160.2070
group_12210	1953	4232	2.1669	30	31.5941	15	31.5941
group_12212	357	6581	18.4342	46	265.0186	23	265.0186
group_12213	342	2490	7.2807	16	96.2234	8	96.2234
group_12214	915	3167	3.4612	21	47.2047	10	44.9568
group_12215	447	1003	2.2438	7	32.2090	3	27.6077
group_12218	2283	2718	1.1905	18	16.2164	9	16.2164
group_12221	3189	3916	1.2280	26	16.7689	13	16.7689
group_12226	636	1490	2.3428	10	32.3392	5	32.3392
group_12227	282	1111	3.9397	10	72.9353	5	72.9353
group_12229	1158	15506	13.3903	119	211.3612	59	209.5850
group_12236	1164	2300	1.9759	18	31.8058	9	31.8058
group_12234	903	1367	1.5138	11	25.0548	5	22.7771
group_12237	939	0	0.0000	0	0.0000	0	0.0000
group_12239	717	0	0.0000	0	0.0000	0	0.0000
group_12241	522	2104	4.0307	15	59.1027	7	55.1626
group_12242	384	1966	5.1198	15	80.3428	7	74.9866
group_12245	843	3979	4.7200	27	65.8754	13	63.4355
ypfH	729	3541	4.8573	24	67.7128	12	67.7128
group_12251	1785	896	0.5020	6	6.9135	3	6.9135
group_12254	258	230	0.8915	2	15.9440	1	15.9440
group_12255	3099	903	0.2914	6	3.9821	3	3.9821
group_12256	6645	10830	1.6298	37	11.4523	18	11.1428
group_12257	1464	3865	2.6400	27	37.9323	13	36.5274
group_12259	1488	4501	3.0249	31	42.8495	15	41.4672
group_12260	519	2408	4.6397	15	59.4444	7	55.4814
group_12263	1506	3715	2.4668	25	34.1430	12	32.7773
group_12265	177	0	0.0000	0	0.0000	0	0.0000
group_12268	498	541	1.0863	4	16.5203	2	16.5203
group_12273	237	0	0.0000	0	0.0000	0	0.0000
group_12274	1806	604	0.3344	4	4.5554	2	4.5554
group_12275	1716	27605	16.0868	185	221.7386	92	220.5400
group_12277	246	0	0.0000	0	0.0000	0	0.0000
group_12284	780	451	0.5782	3	7.9107	1	5.2738
group_12283	1227	1134	0.9242	8	13.4101	4	13.4101
group_12285	357	123	0.3445	2	11.5225	1	11.5225
group_12287	1029	404	0.3926	4	7.9952	2	7.9952
group_12288	765	3147	4.1137	24	64.5263	12	64.5263
group_12290	585	2849	4.8701	21	73.8330	10	70.3171
group_12291	267	268	1.0037	2	15.4066	1	15.4066
group_12292	1752	604	0.3447	4	4.6958	2	4.6958
group_12293	282	0	0.0000	0	0.0000	0	0.0000
group_12294	510	1975	3.8725	14	56.4605	7	56.4605
group_12296	1242	284	0.2287	2	3.3120	1	3.3120
group_12298	1599	10601	6.6298	61	78.4636	30	77.1773
elyC	730	3973	5.4425	27	76.0725	13	73.2550
group_12300	2727	12434	4.5596	84	63.3550	42	63.3550
group_12305	2676	22554	8.4283	146	112.2157	73	112.2157
group_12311	1215	4093	3.3687	28	47.3989	14	47.3989
group_12316	2178	6123	2.8113	41	38.7180	20	37.7736
group_19206	318	151	0.4748	1	6.4678	0	0.0000
group_12318	987	1053	1.0669	7	14.5871	3	12.5032
lON	714	5772	8.0840	43	123.8674	21	120.9868
ySH1	1647	16712	10.1469	116	144.8609	58	144.8609
group_12321	681	2282	3.3510	16	48.3236	8	48.3236
group_12323	261	195	0.7471	2	15.7607	1	15.7607
group_12327	2265	1368	0.6040	10	9.0807	5	9.0807
group_12328	1233	513	0.4161	4	6.6724	2	6.6724
group_12330	288	260	0.9028	2	14.2832	1	14.2832
group_12331	1542	0	0.0000	0	0.0000	0	0.0000
group_12332	2310	13401	5.8013	93	82.8052	46	81.9149
group_12334	393	302	0.7684	2	10.4670	1	10.4670
group_12338	240	0	0.0000	0	0.0000	0	0.0000
group_12337	1239	0	0.0000	0	0.0000	0	0.0000
group_12339	921	151	0.1640	1	2.2332	0	0.0000
group_12343	1521	3019	1.9849	21	28.3973	10	27.0450
group_12344	5613	8864	1.5792	38	13.9244	19	13.9244
group_12345	1056	0	0.0000	0	0.0000	0	0.0000
group_12346	699	4490	6.4235	32	94.1585	16	94.1585
group_12347	609	2440	4.0066	18	60.7914	9	60.7914
group_12351	831	753	0.9061	6	14.8504	3	14.8504
group_12352	1131	907	0.8019	5	9.0927	2	7.2742
group_12355	975	0	0.0000	0	0.0000	0	0.0000
group_12356	759	302	0.3979	2	5.4197	1	5.4197
group_12354	1227	7124	5.8060	49	82.1369	24	80.4606
group_12357	675	1033	1.5304	7	21.3295	3	18.2824
group_12358	3288	11501	3.4979	80	50.0432	40	50.0432
group_12359	816	1047	1.2831	8	20.1645	4	20.1645
cmr6	2004	3047	1.5205	20	20.5267	10	20.5267
group_12360	987	295	0.2989	2	4.1677	1	4.1677
group_12361	783	372	0.4751	3	7.8804	1	5.2536
group_12362	1650	1960	1.1879	13	16.2049	6	14.9584
group_12363	750	0	0.0000	0	0.0000	0	0.0000
group_12364	1722	453	0.2631	3	3.5832	1	2.3888
group_12365	954	3830	4.0147	27	58.2106	13	56.0547
group_12366	870	5393	6.1989	37	87.4720	18	85.1079
group_12368	969	12674	13.0795	86	182.5414	43	182.5414
group_12369	501	151	0.3014	1	4.1053	0	0.0000
group_12370	456	761	1.6689	6	27.0628	3	27.0628
rsmH	882	10347	11.7313	73	170.2320	36	167.9000
group_12372	471	505	1.0722	4	17.4673	2	17.4673
group_12373	180	0	0.0000	0	0.0000	0	0.0000
group_12374	396	1913	4.8308	13	67.5204	6	62.3265
group_12375	645	3233	5.0124	21	66.9648	10	63.7760
group_12377	399	0	0.0000	0	0.0000	0	0.0000
group_12378	1287	755	0.5866	5	7.9906	2	6.3925
group_19207	435	216	0.4966	2	9.4564	1	9.4564
group_12379	288	0	0.0000	0	0.0000	0	0.0000
group_12380	1047	9525	9.0974	65	127.6890	32	125.7246
group_12381	165	274	1.6606	2	24.9306	1	24.9306
group_12382	3351	206050	61.4891	871	534.6020	435	533.9882
group_12385	231	0	0.0000	0	0.0000	0	0.0000
group_12387	2106	1057	0.5019	7	6.8364	3	5.8598
rsmB	1353	11837	8.7487	83	126.1732	41	124.6530
group_12390	630	537	0.8524	4	13.0589	2	13.0589
group_12391	1389	302	0.2174	2	2.9615	1	2.9615
group_12392	2319	284	0.1225	2	1.7738	1	1.7738
group_12394	201	282	1.4030	2	20.4654	1	20.4654
tnpISMae37~~~tnpISL3	1155	19023	16.4701	129	229.7177	64	227.9370
group_12396	270	398	1.4741	3	22.8531	1	15.2354
group_12397	897	3522	3.9264	22	50.4449	11	50.4449
group_12398	744	604	0.8118	4	11.0579	2	11.0579
group_12400	1410	21525	15.2660	146	212.9710	73	212.9710
group_12401	246	0	0.0000	0	0.0000	0	0.0000
group_12402	6558	57103	8.7074	156	48.9260	78	48.9260
group_12407	696	1556	2.2356	12	35.4616	6	35.4616
group_12405	444	0	0.0000	0	0.0000	0	0.0000
group_12406	627	302	0.4817	2	6.5607	1	6.5607
group_12408	933	3941	4.2240	29	63.9298	14	61.7253
group_15975	678	3126	4.6106	22	66.7390	11	66.7390
group_12412	168	0	0.0000	0	0.0000	0	0.0000
group_12413	843	938	1.1127	6	14.6390	3	14.6390
group_12414	306	0	0.0000	0	0.0000	0	0.0000
group_12415	1923	2387	1.2413	16	17.1131	8	17.1131
group_12416	657	302	0.4597	2	6.2611	1	6.2611
group_12418	306	227	0.7418	2	13.4430	1	13.4430
group_12420	840	5009	5.9631	35	85.6990	17	83.2504
group_12421	6795	14698	2.1631	101	30.5716	50	30.2689
group_12422	1431	7494	5.2369	52	74.7396	26	74.7396
group_18683	2250	5961	2.6493	41	37.4790	20	36.5649
group_12424	465	696	1.4968	5	22.1159	2	17.6927
group_17458	435	583	1.3402	4	18.9129	2	18.9129
group_12426	6504	6607	1.0158	54	17.0765	27	17.0765
group_12427	495	696	1.4061	5	20.7755	2	16.6204
group_12429	441	7815	17.7211	58	270.5056	29	270.5056
group_19049	435	1336	3.0713	12	56.7386	6	56.7386
group_12430	864	0	0.0000	0	0.0000	0	0.0000
group_12431	588	3885	6.6071	27	94.4438	13	90.9458
group_12435	2700	6641	2.4596	44	33.5178	22	33.5178
tnpISMae43~~~tnpISKra4	210	151	0.7190	1	9.7942	0	0.0000
group_12437	672	778	1.1577	6	18.3641	3	18.3641
group_12438	954	4795	5.0262	34	73.3023	17	73.3023
kdpC	669	3193	4.7728	22	67.6369	11	67.6369
group_12439	849	7319	8.6207	50	121.1293	25	121.1293
group_12441	1194	1583	1.3258	11	18.9485	5	17.2259
group_12444	6069	23359	3.8489	160	54.2238	80	54.2238
group_12446	1089	5191	4.7668	35	66.1039	17	64.2152
cnoX	474	1057	2.2300	7	30.3743	3	26.0351
group_19208	1218	713	0.5854	5	8.4432	2	6.7546
group_12453	1011	6197	6.1296	45	91.5479	22	89.5135
group_12455	606	2709	4.4703	18	61.0923	9	61.0923
group_12456	1323	1436	1.0854	10	15.5463	5	15.5463
group_12459	654	0	0.0000	0	0.0000	0	0.0000
group_12462	303	4926	16.2574	39	264.7334	19	257.9454
group_12461	3396	58909	17.3466	401	242.8642	200	242.2586
group_12463	792	0	0.0000	0	0.0000	0	0.0000
group_9152	594	0	0.0000	0	0.0000	0	0.0000
group_12467	3762	11165	2.9678	76	41.5510	38	41.5510
group_12466	2256	445	0.1973	3	2.7351	1	1.8234
group_12469	405	1435	3.5432	10	50.7846	5	50.7846
group_12470	1113	985	0.8850	7	12.9357	3	11.0877
group_12472	375	852	2.2720	6	32.9084	3	32.9084
group_15259	324	519	1.6019	4	25.3923	2	25.3923
group_12475	240	0	0.0000	0	0.0000	0	0.0000
group_12479	579	1627	2.8100	12	42.6275	6	42.6275
group_12481	1065	4276	4.0150	27	52.1436	13	50.2124
gpsA	930	7490	8.0538	51	112.7909	25	110.5793
group_12482	369	9674	26.2168	74	412.4698	37	412.4698
hisZ	1218	3709	3.0452	25	42.2162	12	40.5276
group_12484	1758	745	0.4238	5	5.8498	2	4.6798
group_12485	171	0	0.0000	0	0.0000	0	0.0000
group_12486	6768	12110	1.7893	60	18.2338	30	18.2338
group_12487	2388	18851	7.8941	135	116.2750	67	115.4137
group_12488	408	885	2.1691	8	40.3289	4	40.3289
group_12489	1155	0	0.0000	0	0.0000	0	0.0000
group_12490	549	1101	2.0055	7	26.2248	3	22.4784
group_12491	1371	1084	0.7907	8	12.0016	4	12.0016
group_12492	1320	524	0.3970	4	6.2327	2	6.2327
group_12493	894	0	0.0000	0	0.0000	0	0.0000
group_12495	444	4233	9.5338	30	138.9713	15	138.9713
group_12496	276	5869	21.2645	47	350.2479	23	342.7959
group_12497	900	4468	4.9644	32	73.1298	16	73.1298
group_12498	450	1144	2.5422	8	36.5649	4	36.5649
group_12500	675	151	0.2237	1	3.0471	0	0.0000
group_12501	312	1355	4.3429	10	65.9223	5	65.9223
group_12502	1479	3966	2.6815	28	38.9383	14	38.9383
group_12504	387	302	0.7804	2	10.6293	1	10.6293
group_12506	1188	4359	3.6692	29	50.2075	14	48.4762
group_12507	519	2878	5.5453	21	83.2221	10	79.2592
group_12508	1068	4152	3.8876	29	55.8488	14	53.9229
group_12509	1122	52442	46.7398	357	654.4285	178	652.5953
group_12510	1089	5846	5.3682	41	77.4360	20	75.5473
group_12513	3048	301	0.0988	2	1.3496	1	1.3496
group_12512	2058	2048	0.9951	14	13.9917	7	13.9917
group_12515	2304	7667	3.3277	52	46.4203	26	46.4203
group_16482	264	1336	5.0606	10	77.9081	5	77.9081
group_12516	597	1880	3.1491	13	44.7874	6	41.3422
group_12518	618	302	0.4887	2	6.6562	1	6.6562
group_12517	1149	1066	0.9278	7	12.5304	3	10.7403
group_12519	900	0	0.0000	0	0.0000	0	0.0000
group_12520	285	872	3.0596	6	43.3005	3	43.3005
group_12521	762	2936	3.8530	20	53.9836	10	53.9836
group_12522	240	0	0.0000	0	0.0000	0	0.0000
group_12524	1194	746	0.6248	5	8.6130	2	6.8904
group_12525	702	7920	11.2821	54	158.2135	27	158.2135
group_12526	900	0	0.0000	0	0.0000	0	0.0000
group_12527	138	0	0.0000	0	0.0000	0	0.0000
group_12529	324	329	1.0154	3	19.0442	1	12.6961
group_12531	354	1623	4.5847	11	63.9111	5	58.1010
group_12532	282	378	1.3404	3	21.8806	1	14.5871
group_12533	270	1180	4.3704	9	68.5592	4	60.9415
group_12536	810	132	0.1630	2	5.0785	1	5.0785
group_12538	828	151	0.1824	1	2.4840	0	0.0000
group_12540	375	599	1.5973	4	21.9389	2	21.9389
group_9543	807	0	0.0000	0	0.0000	0	0.0000
group_12543	1167	755	0.6470	5	8.8122	2	7.0498
ripC	882	2377	2.6950	18	41.9750	9	41.9750
group_12546	162	1940	11.9753	18	228.5306	9	228.5306
group_12547	207	0	0.0000	0	0.0000	0	0.0000
group_12548	243	302	1.2428	2	16.9282	1	16.9282
group_12552	390	414	1.0615	3	15.8213	1	10.5476
group_12553	354	5419	15.3079	40	232.4040	20	232.4040
group_12554	330	906	2.7455	6	37.3959	3	37.3959
group_12556	285	339	1.1895	3	21.6503	1	14.4335
group_12557	1014	7171	7.0720	49	99.3905	24	97.3621
group_12559	687	0	0.0000	0	0.0000	0	0.0000
group_12560	267	0	0.0000	0	0.0000	0	0.0000
group_12564	219	3856	17.6073	34	319.3167	17	319.3167
group_12566	999	616	0.6166	4	8.2353	2	8.2353
group_12569	1725	3859	2.2371	27	32.1930	13	31.0007
group_12571	1149	4580	3.9861	32	57.2818	16	57.2818
group_12573	213	0	0.0000	0	0.0000	0	0.0000
group_12574	198	0	0.0000	0	0.0000	0	0.0000
group_12575	798	599	0.7506	4	10.3096	2	10.3096
hslJ	1311	12525	9.5538	88	138.0597	44	138.0597
group_12577	1056	4733	4.4820	32	62.3265	16	62.3265
group_12578	2046	7476	3.6540	50	50.2633	25	50.2633
group_12579	2283	5672	2.4845	39	35.1354	19	34.2345
group_12581	435	1342	3.0851	9	42.5540	4	37.8257
group_12582	486	1015	2.0885	7	29.6243	3	25.3923
group_12586	726	0	0.0000	0	0.0000	0	0.0000
group_12587	1413	4256	3.0120	28	40.7570	14	40.7570
group_12588	2166	1049	0.4843	9	8.5462	4	7.5966
group_12589	1155	8788	7.6087	65	115.7493	32	113.9685
group_12594	732	1736	2.3716	12	33.7176	6	33.7176
group_14692	1860	408	0.2194	4	4.4232	2	4.4232
group_12597	630	150	0.2381	1	3.2647	0	0.0000
group_12598	1203	0	0.0000	0	0.0000	0	0.0000
group_12599	1140	0	0.0000	0	0.0000	0	0.0000
group_12600	1215	302	0.2486	2	3.3856	1	3.3856
group_12603	1182	290	0.2453	2	3.4802	1	3.4802
group_12605	771	288	0.3735	2	5.3353	1	5.3353
group_12606	732	4496	6.1421	31	87.1039	15	84.2941
dusB	1095	10576	9.6584	73	137.1183	36	135.2400
group_12608	2610	21077	8.0755	143	112.6892	71	111.9012
group_12610	267	286	1.0712	2	15.4066	1	15.4066
group_12611	2838	15438	5.4397	107	77.5458	53	76.8211
glk	1080	9624	8.9111	67	127.5962	33	125.6918
group_15573	2448	1128	0.4608	8	6.7215	4	6.7215
group_12614	954	2060	2.1593	15	32.3392	7	30.1833
group_12615	1464	0	0.0000	0	0.0000	0	0.0000
group_12617	1335	9551	7.1543	64	98.6020	32	98.6020
group_12618	1620	12945	7.9907	92	116.8045	46	116.8045
group_12619	468	3199	6.8355	23	101.0808	11	96.6860
group_12620	2319	0	0.0000	0	0.0000	0	0.0000
group_12621	252	151	0.5992	1	8.1618	0	0.0000
group_12623	1071	906	0.8459	6	11.5225	3	11.5225
group_12624	372	860	2.3118	7	38.7028	3	33.1738
group_12625	276	981	3.5543	7	52.1646	3	44.7125
group_12628	1041	6636	6.3746	45	88.9096	22	86.9338
group_19209	1710	14714	8.6047	99	119.0765	49	117.8737
group_12630	273	1345	4.9267	11	82.8737	5	75.3397
group_12631	3144	0	0.0000	0	0.0000	0	0.0000
group_12634	1485	0	0.0000	0	0.0000	0	0.0000
group_12635	2649	5307	2.0034	36	27.9516	18	27.9516
group_12637	9138	9901	1.0835	70	15.7556	35	15.7556
pgpH	2385	8219	3.4461	55	47.4309	27	46.5685
group_12638	1128	1660	1.4716	11	20.0572	5	18.2338
group_15851	4050	0	0.0000	0	0.0000	0	0.0000
group_12640	939	2084	2.2194	14	30.6654	7	30.6654
group_12642	1173	1707	1.4552	12	21.0412	6	21.0412
group_12643	2223	10290	4.6289	71	65.6910	35	64.7657
group_12644	741	0	0.0000	0	0.0000	0	0.0000
group_12645	849	0	0.0000	0	0.0000	0	0.0000
group_12646	1614	922	0.5713	8	10.1947	4	10.1947
group_12647	582	0	0.0000	0	0.0000	0	0.0000
group_12649	363	0	0.0000	0	0.0000	0	0.0000
group_15928	855	3122	3.6515	24	57.7340	12	57.7340
group_12652	867	5072	5.8501	36	85.4024	18	85.4024
group_12657	9684	6526	0.6739	29	6.1593	14	5.9469
group_12658	2619	2153	0.8221	17	13.3506	8	12.5653
group_12661	1188	9482	7.9815	66	114.2653	33	114.2653
group_12663	603	1645	2.7280	13	44.3418	6	40.9308
group_12665	843	0	0.0000	0	0.0000	0	0.0000
group_12666	2589	9531	3.6813	63	50.0490	31	49.2546
group_17242	915	42737	46.7071	299	672.1047	149	669.8568
group_12672	267	2299	8.6105	17	130.9557	8	123.2524
group_12673	393	7206	18.3359	55	287.8439	27	282.6103
group_12674	1836	1208	0.6580	8	8.9620	4	8.9620
group_12675	213	956	4.4883	8	77.2498	4	77.2498
group_12684	777	2101	2.7040	14	37.0590	7	37.0590
group_12685	240	731	3.0458	6	51.4194	3	51.4194
group_12686	228	0	0.0000	0	0.0000	0	0.0000
group_12690	1149	0	0.0000	0	0.0000	0	0.0000
group_15150	906	6170	6.8102	41	93.0770	20	90.8068
group_12692	462	582	1.2597	4	17.8076	2	17.8076
group_12693	375	1966	5.2427	17	93.2405	8	87.7557
group_12695	1830	829	0.4530	6	6.7435	3	6.7435
group_12696	816	4728	5.7941	32	80.6578	16	80.6578
group_12697	813	3588	4.4133	26	65.7763	13	65.7763
group_12700	1497	42722	28.5384	296	406.6837	148	406.6837
group_12702	858	452	0.5268	3	7.1915	1	4.7943
group_12704	396	208	0.5253	2	10.3878	1	10.3878
group_19210	96	0	0.0000	0	0.0000	0	0.0000
group_19211	684	0	0.0000	0	0.0000	0	0.0000
group_12706	234	0	0.0000	0	0.0000	0	0.0000
group_12707	333	0	0.0000	0	0.0000	0	0.0000
group_12712	375	567	1.5120	4	21.9389	2	21.9389
group_12713	282	951	3.3723	7	51.0547	3	43.7612
group_12714	471	2874	6.1019	20	87.3365	10	87.3365
group_12716	1290	800	0.6202	6	9.5664	3	9.5664
group_12717	11472	9904	0.8633	68	12.1915	34	12.1915
group_12718	1782	9506	5.3345	65	75.0227	32	73.8685
group_12719	801	774	0.9663	6	15.4066	3	15.4066
group_12723	393	16802	42.7532	122	638.4900	61	638.4900
group_12722	408	1165	2.8554	10	50.4112	5	50.4112
group_12725	318	620	1.9497	4	25.8714	2	25.8714
group_12727	2907	1208	0.4155	8	5.6602	4	5.6602
group_12730	303	523	1.7261	4	27.1521	2	27.1521
group_19212	219	151	0.6895	1	9.3917	0	0.0000
proS	1815	13779	7.5917	93	105.3885	46	104.2553
group_12737	969	2263	2.3354	14	29.7160	7	29.7160
group_12738	1182	0	0.0000	0	0.0000	0	0.0000
group_12741	228	988	4.3333	10	90.2094	5	90.2094
group_12742	1719	308	0.1792	2	2.3930	1	2.3930
group_12745	2925	8233	2.8147	59	41.4871	29	40.7839
group_12746	639	700	1.0955	6	19.3124	3	19.3124
group_12747	151	0	0.0000	0	0.0000	0	0.0000
tnpIS701~~~srso17	1269	12268	9.6675	89	144.2498	44	142.6290
group_12749	366	0	0.0000	0	0.0000	0	0.0000
group_12751	1098	5864	5.3406	42	78.6745	21	78.6745
group_12756	228	137	0.6009	1	9.0209	0	0.0000
group_12759	1197	20680	17.2765	139	238.8402	69	237.1219
group_12766	573	755	1.3176	5	17.9474	2	14.3579
group_12761	3132	1448	0.4623	10	6.5670	5	6.5670
group_12762	1833	1537	0.8385	11	12.3429	5	11.2208
group_12767	534	358	0.6704	4	15.4066	2	15.4066
group_12770	1482	2740	1.8489	20	27.7567	10	27.7567
group_12771	1410	2123	1.5057	14	20.4219	7	20.4219
group_12772	942	0	0.0000	0	0.0000	0	0.0000
group_12773	741	1816	2.4507	12	33.3081	6	33.3081
group_12774	738	14861	20.1369	101	281.4828	50	278.6958
group_12775	792	1368	1.7273	10	25.9694	5	25.9694
group_12777	180	0	0.0000	0	0.0000	0	0.0000
group_12779	1230	10166	8.2650	73	122.0688	36	120.3966
group_12780	1479	0	0.0000	0	0.0000	0	0.0000
group_12781	894	3940	4.4072	28	64.4180	14	64.4180
group_12782	336	302	0.8988	2	12.2427	1	12.2427
group_12784	228	0	0.0000	0	0.0000	0	0.0000
group_12785	327	861	2.6330	7	44.0288	3	37.7390
group_12787	1353	10545	7.7938	72	109.4514	36	109.4514
group_19213	1011	1918	1.8971	13	26.4472	6	24.4128
group_12790	360	302	0.8389	2	11.4265	1	11.4265
group_12791	279	149	0.5341	1	7.3720	0	0.0000
group_12796	219	0	0.0000	0	0.0000	0	0.0000
group_12798	1917	589	0.3073	4	4.2917	2	4.2917
yegI	2709	10937	4.0373	47	35.6842	23	34.9249
group_12800	408	1563	3.8309	11	55.4523	5	50.4112
group_12802	3576	5390	1.5073	36	20.7058	18	20.7058
group_12803	744	0	0.0000	0	0.0000	0	0.0000
group_12804	351	400	1.1396	3	17.5793	1	11.7195
group_12805	1035	9577	9.2531	67	133.1439	33	131.1567
group_12806	480	10463	21.7979	74	317.0862	37	317.0862
group_12809	987	2640	2.6748	19	39.5934	9	37.5096
group_12810	1518	2567	1.6910	17	23.0337	8	21.6788
group_12813	357	151	0.4230	1	5.7613	0	0.0000
group_12816	1041	36116	34.6936	248	489.9906	124	489.9906
group_12818	852	3198	3.7535	24	57.9373	12	57.9373
group_12819	900	1185	1.3167	11	25.1384	5	22.8531
group_12821	828	0	0.0000	0	0.0000	0	0.0000
group_12823	831	1919	2.3093	13	32.1758	6	29.7007
group_12825	810	0	0.0000	0	0.0000	0	0.0000
group_12829	471	1380	2.9299	9	39.3014	4	34.9346
group_12827	1248	9691	7.7652	66	108.7718	33	108.7718
group_12828	330	151	0.4576	1	6.2327	0	0.0000
group_12832	627	0	0.0000	0	0.0000	0	0.0000
group_12835	1023	1056	1.0323	7	14.0737	3	12.0632
group_12839	747	2449	3.2784	16	44.0541	8	44.0541
group_12840	378	290	0.7672	2	10.8824	1	10.8824
group_12842	747	5180	6.9344	37	101.8751	18	99.1217
group_12844	1299	0	0.0000	0	0.0000	0	0.0000
elsH	1047	5038	4.8118	36	70.7201	18	70.7201
group_12845	232	3857	16.6250	31	274.8277	15	265.9623
group_12846	231	0	0.0000	0	0.0000	0	0.0000
group_12847	315	589	1.8698	5	32.6472	2	26.1178
aroQ	591	4226	7.1506	30	104.4048	15	104.4048
group_12848	972	6904	7.1029	50	105.8012	25	105.8012
group_12849	2619	0	0.0000	0	0.0000	0	0.0000
group_12851	912	1445	1.5844	10	22.5524	5	22.5524
group_12852	642	2020	3.1464	14	44.8518	7	44.8518
group_12853	948	2428	2.5612	18	39.0527	9	39.0527
group_12855	723	151	0.2089	1	2.8448	0	0.0000
group_12856	1227	0	0.0000	0	0.0000	0	0.0000
group_12858	1164	8727	7.4974	61	107.7863	30	106.0193
group_12859	1242	0	0.0000	0	0.0000	0	0.0000
group_12860	1104	5650	5.1178	39	72.6578	19	70.7948
group_12862	1389	1120	0.8063	9	13.3268	4	11.8461
group_12869	687	322	0.4687	2	5.9877	1	5.9877
group_12871	879	0	0.0000	0	0.0000	0	0.0000
group_12873	5202	25425	4.8875	172	68.0056	86	68.0056
group_12874	1503	2416	1.6075	16	21.8951	8	21.8951
group_12875	243	591	2.4321	4	33.8564	2	33.8564
group_12877	237	0	0.0000	0	0.0000	0	0.0000
group_12879	3957	2221	0.5613	19	9.8758	9	9.3561
group_12882	990	147	0.1485	1	2.0776	0	0.0000
group_12884	444	0	0.0000	0	0.0000	0	0.0000
group_14996	1128	0	0.0000	0	0.0000	0	0.0000
ycjU	738	5192	7.0352	36	100.3305	18	100.3305
group_12888	333	855	2.5676	6	37.0590	3	37.0590
group_12890	396	515	1.3005	4	20.7755	2	20.7755
group_12891	597	1812	3.0352	12	41.3422	6	41.3422
group_12892	249	373	1.4980	4	33.0406	2	33.0406
group_12893	753	12824	17.0305	85	232.1725	42	229.4411
group_12894	276	556	2.0145	4	29.8083	2	29.8083
group_12896	654	0	0.0000	0	0.0000	0	0.0000
group_12898	249	0	0.0000	0	0.0000	0	0.0000
group_12901	408	1052	2.5784	8	40.3289	4	40.3289
group_12903	2898	199802	68.9448	894	634.4917	447	634.4917
group_12904	222	0	0.0000	0	0.0000	0	0.0000
group_12906	660	2185	3.3106	16	49.8612	8	49.8612
group_12911	318	260	0.8176	2	12.9357	1	12.9357
group_12914	531	10523	19.8173	75	290.5050	37	286.6316
group_12910	759	2908	3.8314	22	59.6167	11	59.6167
group_12912	3207	3679	1.1472	25	16.0335	12	15.3921
group_12913	4221	36373	8.6172	235	114.5089	117	114.0216
group_12916	1593	604	0.3792	4	5.1645	2	5.1645
group_12917	924	2185	2.3647	15	33.3892	7	31.1633
group_19214	123	0	0.0000	0	0.0000	0	0.0000
group_19215	552	0	0.0000	0	0.0000	0	0.0000
group_12922	246	1353	5.5000	12	100.3305	6	100.3305
group_12926	3054	11524	3.7734	77	51.8571	38	51.1837
rrrD	1536	3134	2.0404	22	29.4590	11	29.4590
group_12929	2280	2508	1.1000	18	16.2377	9	16.2377
group_12928	1218	151	0.1240	1	1.6886	0	0.0000
group_12930	1497	1223	0.8170	8	10.9915	4	10.9915
group_12931	363	1677	4.6198	12	67.9926	6	67.9926
group_12932	1650	53185	32.2333	375	467.4489	187	466.2024
group_12933	1515	1758	1.1604	12	16.2913	6	16.2913
group_12935	426	38607	90.6268	288	1390.4959	144	1390.4959
group_17980	639	2945	4.6088	21	67.5935	10	64.3748
group_12936	2763	25860	9.3594	179	133.2475	89	132.5031
group_12937	813	2008	2.4699	14	35.4180	7	35.4180
group_12941	753	755	1.0027	5	13.6572	2	10.9258
group_12944	1143	4274	3.7393	30	53.9836	15	53.9836
group_12949	3888	23683	6.0913	147	77.7639	73	77.2349
group_12946	8130	7241	0.8907	48	12.1433	24	12.1433
group_12955	753	0	0.0000	0	0.0000	0	0.0000
group_12956	3135	6761	2.1566	46	30.1792	23	30.1792
group_12957	1269	0	0.0000	0	0.0000	0	0.0000
group_12958	429	3342	7.7902	28	134.2417	14	134.2417
group_12959	1257	453	0.3604	3	4.9088	1	3.2725
group_12962	402	0	0.0000	0	0.0000	0	0.0000
group_12964	324	0	0.0000	0	0.0000	0	0.0000
group_12967	1188	3412	2.8721	24	41.5510	12	41.5510
group_12968	1197	1057	0.8830	7	12.0279	3	10.3096
group_12969	687	2045	2.9767	15	44.9078	7	41.9139
group_12970	7689	3580	0.4656	28	7.4899	14	7.4899
group_12975	9672	7846	0.8112	55	11.6959	27	11.4832
group_12973	291	301	1.0344	2	14.1359	1	14.1359
group_12974	762	4274	5.6089	31	83.6746	15	80.9754
group_12976	675	518	0.7674	4	12.1883	2	12.1883
group_12977	363	151	0.4160	1	5.6660	0	0.0000
group_12979	261	620	2.3755	5	39.4018	2	31.5215
group_12980	2787	9411	3.3767	62	45.7553	31	45.7553
group_12986	2115	226	0.1069	2	1.9449	1	1.9449
group_12989	375	151	0.4027	1	5.4847	0	0.0000
group_12990	1011	832	0.8229	7	14.2408	3	12.2064
group_12991	1536	1455	0.9473	10	13.3905	5	13.3905
group_12992	384	0	0.0000	0	0.0000	0	0.0000
group_12993	5271	116556	22.1127	683	266.5106	341	266.1204
group_12996	849	1262	1.4865	10	24.2259	5	24.2259
group_12998	465	1494	3.2129	12	53.0781	6	53.0781
group_13000	14322	30107	2.1022	189	27.1422	94	26.9986
group_13001	1842	4186	2.2725	32	35.7312	16	35.7312
group_13002	3975	3170	0.7975	24	12.4183	12	12.4183
group_13004	1293	0	0.0000	0	0.0000	0	0.0000
group_13005	606	1719	2.8366	12	40.7282	6	40.7282
group_13006	651	31091	47.7588	210	663.4759	105	663.4759
group_13007	276	3057	11.0761	22	163.9458	11	163.9458
group_13008	369	13101	35.5041	91	507.2264	45	501.6525
group_13010	1587	0	0.0000	0	0.0000	0	0.0000
group_13011	354	4512	12.7458	34	197.5434	17	197.5434
group_13012	882	1351	1.5317	9	20.9875	4	18.6556
group_13013	432	1068	2.4722	8	38.0884	4	38.0884
group_13014	426	860	2.0188	6	28.9687	3	28.9687
group_13016	369	751	2.0352	5	27.8696	2	22.2957
group_13023	372	453	1.2177	3	16.5869	1	11.0579
group_13026	984	0	0.0000	0	0.0000	0	0.0000
group_13030	234	0	0.0000	0	0.0000	0	0.0000
group_13031	369	136	0.3686	2	11.1478	1	11.1478
group_13035	915	302	0.3301	2	4.4957	1	4.4957
group_13036	450	1669	3.7089	12	54.8473	6	54.8473
group_13037	1449	10893	7.5176	75	106.4583	37	105.0389
group_13038	6111	20832	3.4089	127	42.7443	63	42.4077
group_13041	7827	13772	1.7596	82	21.5479	41	21.5479
group_13043	5814	4182	0.7193	30	10.6129	15	10.6129
group_13044	1167	151	0.1294	1	1.7624	0	0.0000
group_13048	207	781	3.7729	6	59.6167	3	59.6167
group_13049	294	0	0.0000	0	0.0000	0	0.0000
group_13050	1077	302	0.2804	2	3.8195	1	3.8195
group_13052	165	0	0.0000	0	0.0000	0	0.0000
group_14919	1557	5163	3.3160	36	47.5555	18	47.5555
group_13054	888	302	0.3401	2	4.6324	1	4.6324
group_13057	1977	3195	1.6161	23	23.9281	11	22.8877
group_13060	189	0	0.0000	0	0.0000	0	0.0000
group_13062	1776	1057	0.5952	7	8.1067	3	6.9486
group_13063	1188	30800	25.9259	208	360.1088	104	360.1088
group_13064	207	0	0.0000	0	0.0000	0	0.0000
group_13066	1401	1230	0.8779	9	13.2127	4	11.7446
group_13068	585	362	0.6188	4	14.0634	2	14.0634
group_13069	879	4616	5.2514	31	72.5370	15	70.1971
group_18679	942	2235	2.3726	15	32.7512	7	30.5678
gdhA	1326	26736	20.1629	187	290.0580	93	288.5069
group_13071	744	3248	4.3656	22	60.8186	11	60.8186
group_13072	150	0	0.0000	0	0.0000	0	0.0000
group_13073	993	1371	1.3807	10	20.7127	5	20.7127
group_13075	243	693	2.8519	5	42.3205	2	33.8564
group_13082	408	1888	4.6275	13	65.5345	6	60.4934
group_13083	192	100	0.5208	1	10.7124	0	0.0000
group_13084	1743	12580	7.2174	88	103.8418	44	103.8418
group_13086	276	2259	8.1848	21	156.4938	10	149.0417
group_13087	330	154	0.4667	2	12.4653	1	12.4653
group_13088	861	755	0.8769	5	11.9441	2	9.5553
group_13089	2583	0	0.0000	0	0.0000	0	0.0000
group_13090	1581	604	0.3820	4	5.2037	2	5.2037
group_13091	1251	1106	0.8841	8	13.1528	4	13.1528
group_13092	558	0	0.0000	0	0.0000	0	0.0000
group_13096	726	509	0.7011	4	11.3321	2	11.3321
group_13097	702	3615	5.1496	26	76.1769	13	76.1769
group_13098	159	0	0.0000	0	0.0000	0	0.0000
group_13100	657	0	0.0000	0	0.0000	0	0.0000
group_13105	234	0	0.0000	0	0.0000	0	0.0000
arsH	648	4665	7.1991	32	101.5691	16	101.5691
group_13106	264	0	0.0000	0	0.0000	0	0.0000
group_13108	702	0	0.0000	0	0.0000	0	0.0000
group_13112	234	0	0.0000	0	0.0000	0	0.0000
group_13114	228	4910	21.5351	39	351.8168	19	342.7959
group_13115	1173	2920	2.4893	20	35.0686	10	35.0686
group_13117	741	906	1.2227	6	16.6540	3	16.6540
group_13118	1041	3837	3.6859	27	53.3458	13	51.3700
group_13120	1023	0	0.0000	0	0.0000	0	0.0000
group_13121	1746	10606	6.0745	74	87.1715	37	87.1715
group_13123	1173	0	0.0000	0	0.0000	0	0.0000
group_13127	657	0	0.0000	0	0.0000	0	0.0000
group_13128	1380	13034	9.4449	83	123.7046	41	122.2142
group_15583	351	96	0.2735	2	11.7195	1	11.7195
group_15584	966	590	0.6108	4	8.5167	2	8.5167
group_13129	1125	233	0.2071	2	3.6565	1	3.6565
group_13130	222	0	0.0000	0	0.0000	0	0.0000
group_13131	3393	20568	6.0619	127	76.9851	63	76.3789
group_15848	6024	612	0.1016	6	2.0486	3	2.0486
group_13132	2385	16447	6.8960	115	99.1736	57	98.3113
group_13134	1053	7487	7.1102	52	101.5691	26	101.5691
group_13135	477	0	0.0000	0	0.0000	0	0.0000
group_13139	1122	1726	1.5383	13	23.8307	6	21.9976
group_13140	969	395	0.4076	2	4.2451	1	4.2451
group_13141	792	604	0.7626	4	10.3878	2	10.3878
group_13144	474	21024	44.3544	144	624.8431	72	624.8431
group_13147	300	852	2.8400	7	47.9914	3	41.1355
group_13153	348	151	0.4339	1	5.9103	0	0.0000
group_13149	4050	26049	6.4319	102	51.8003	51	51.8003
group_13151	1044	1356	1.2989	9	17.7308	4	15.7607
group_13157	720	4819	6.6931	33	94.2689	16	91.4122
group_13158	1281	3322	2.5933	22	35.3232	11	35.3232
group_13163	1398	9749	6.9735	69	101.5147	34	100.0434
group_13164	1137	12058	10.6051	83	150.1428	41	148.3338
group_13166	21000	30596	1.4570	180	17.6295	90	17.6295
group_13168	294	941	3.2007	6	41.9750	3	41.9750
group_13170	1113	755	0.6783	7	12.9357	3	11.0877
group_13172	267	0	0.0000	0	0.0000	0	0.0000
group_13175	894	6330	7.0805	44	101.2283	22	101.2283
group_13177	537	0	0.0000	0	0.0000	0	0.0000
group_13181	1173	0	0.0000	0	0.0000	0	0.0000
group_15152	906	604	0.6667	4	9.0807	2	9.0807
group_13182	1464	2032	1.3880	14	19.6686	7	19.6686
group_13184	1860	5456	2.9333	36	39.8086	18	39.8086
group_13186	1209	20765	17.1754	142	241.5733	71	241.5733
group_13187	225	333	1.4800	3	27.4237	1	18.2824
group_13188	4581	134569	29.3755	929	417.1020	464	416.6530
group_13191	7710	10393	1.3480	72	19.2072	36	19.2072
group_13195	294	300	1.0204	2	13.9917	1	13.9917
group_13194	1020	4248	4.1647	28	56.4605	14	56.4605
group_13204	231	0	0.0000	0	0.0000	0	0.0000
group_13205	657	8651	13.1674	62	194.0945	31	194.0945
group_13206	220	0	0.0000	0	0.0000	0	0.0000
group_13207	315	2012	6.3873	20	130.5889	10	130.5889
group_13209	276	0	0.0000	0	0.0000	0	0.0000
group_13211	543	3268	6.0184	25	94.6950	12	90.9072
group_13214	1020	2038	1.9980	14	28.2302	7	28.2302
group_13215	420	1520	3.6190	11	53.8679	5	48.9708
group_13216	2460	9372	3.8098	64	53.5096	32	53.5096
group_19218	300	0	0.0000	0	0.0000	0	0.0000
yciV	819	3161	3.8596	22	55.2491	11	55.2491
group_13222	1290	2525	1.9574	17	27.1048	8	25.5104
tktA2	912	1984	2.1754	14	31.5733	7	31.5733
group_13223	183	0	0.0000	0	0.0000	0	0.0000
group_13224	1332	2398	1.8003	17	26.2501	8	24.7060
group_13226	123	0	0.0000	0	0.0000	0	0.0000
group_13227	393	1613	4.1043	11	57.5688	5	52.3352
group_19219	234	0	0.0000	0	0.0000	0	0.0000
group_13230	177	0	0.0000	0	0.0000	0	0.0000
group_13231	3060	906	0.2961	6	4.0329	3	4.0329
mnmC	912	7188	7.8816	49	110.5066	24	108.2513
group_13235	792	1587	2.0038	11	28.5663	5	25.9694
group_13234	726	3012	4.1488	21	59.4935	10	56.6605
group_13237	4788	5484	1.1454	17	7.3027	8	6.8731
eutM	858	18306	21.3357	128	306.8383	64	306.8383
group_13240	309	0	0.0000	0	0.0000	0	0.0000
group_13242	213	0	0.0000	0	0.0000	0	0.0000
group_13244	3789	5394	1.4236	31	16.8277	15	16.2848
group_13245	3186	7453	2.3393	50	32.2783	25	32.2783
group_13246	795	6076	7.6428	43	111.2470	21	108.6598
group_13249	1320	11041	8.3644	78	121.5367	39	121.5367
group_13251	2388	6566	2.7496	38	32.7293	19	32.7293
group_13254	849	0	0.0000	0	0.0000	0	0.0000
group_13255	1152	6625	5.7509	46	82.1282	23	82.1282
group_13256	540	0	0.0000	0	0.0000	0	0.0000
group_13257	156	0	0.0000	0	0.0000	0	0.0000
group_13258	993	7427	7.4794	54	111.8488	27	111.8488
group_13259	399	816	2.0451	7	36.0838	3	30.9289
group_13260	423	1340	3.1678	10	48.6235	5	48.6235
group_19220	1953	138	0.0707	2	2.1063	1	2.1063
group_13263	525	1125	2.1429	8	31.3413	4	31.3413
group_13264	3948	6439	1.6310	45	23.4435	22	22.9225
group_13265	1008	4133	4.1002	29	59.1731	14	57.1326
group_13270	327	4550	13.9144	32	201.2746	16	201.2746
group_13271	1521	0	0.0000	0	0.0000	0	0.0000
group_13272	1653	2685	1.6243	18	22.3968	9	22.3968
group_13274	672	1602	2.3839	12	36.7281	6	36.7281
alr2454	318	1374	4.3208	10	64.6785	5	64.6785
group_13280	912	1015	1.1129	7	15.7867	3	13.5314
group_13278	1044	151	0.1446	1	1.9701	0	0.0000
group_13279	1386	302	0.2179	2	2.9679	1	2.9679
group_13281	1689	1967	1.1646	13	15.8307	6	14.6130
group_13283	720	0	0.0000	0	0.0000	0	0.0000
group_13284	1560	2200	1.4103	16	21.0951	8	21.0951
group_13286	291	686	2.3574	6	42.4077	3	42.4077
group_13288	1068	32243	30.1901	218	419.8286	109	419.8286
group_13291	1320	604	0.4576	4	6.2327	2	6.2327
group_13293	966	2682	2.7764	20	42.5833	10	42.5833
group_13297	1569	1791	1.1415	12	15.7306	6	15.7306
group_13302	273	6594	24.1538	48	361.6308	24	361.6308
group_13301	414	22978	55.5024	168	834.6334	84	834.6334
group_13304	1410	0	0.0000	0	0.0000	0	0.0000
group_19221	894	0	0.0000	0	0.0000	0	0.0000
group_13306	1350	7132	5.2830	48	73.1298	24	73.1298
group_13307	249	538	2.1606	6	49.5608	3	49.5608
group_13308	222	434	1.9550	4	37.0590	2	37.0590
group_13309	348	756	2.1724	6	35.4616	3	35.4616
group_13311	615	0	0.0000	0	0.0000	0	0.0000
group_13313	5208	3257	0.6254	27	10.6630	13	10.2681
group_13316	3063	10206	3.3320	71	47.6758	35	47.0043
group_13319	264	0	0.0000	0	0.0000	0	0.0000
group_19222	1182	302	0.2555	2	3.4802	1	3.4802
group_13322	1317	589	0.4472	5	7.8086	2	6.2468
group_13323	699	1653	2.3648	12	35.3094	6	35.3094
group_13324	480	582	1.2125	4	17.1398	2	17.1398
group_13327	453	826	1.8234	7	31.7824	3	27.2421
group_13328	1044	4651	4.4550	32	63.0429	16	63.0429
group_13329	339	0	0.0000	0	0.0000	0	0.0000
group_13331	7110	1451	0.2041	11	3.1821	5	2.8928
group_13332	267	0	0.0000	0	0.0000	0	0.0000
group_15004	1032	0	0.0000	0	0.0000	0	0.0000
group_13335	480	1181	2.4604	8	34.2796	4	34.2796
group_13337	1029	5444	5.2906	37	73.9560	18	71.9571
group_13339	306	151	0.4935	1	6.7215	0	0.0000
group_13340	534	0	0.0000	0	0.0000	0	0.0000
group_13345	3579	5225	1.4599	36	20.6884	18	20.6884
yraN	420	2764	6.5810	20	97.9417	10	97.9417
group_13354	1203	569	0.4730	4	6.8388	2	6.8388
group_13355	288	0	0.0000	0	0.0000	0	0.0000
group_13357	1464	0	0.0000	0	0.0000	0	0.0000
group_13359	207	787	3.8019	6	59.6167	3	59.6167
group_13363	486	687	1.4136	6	25.3923	3	25.3923
group_13367	1350	597	0.4422	4	6.0941	2	6.0941
group_13368	936	453	0.4840	3	6.5922	1	4.3948
group_13369	6600	10264	1.5552	55	17.1398	27	16.8282
group_13371	438	273	0.6233	2	9.3917	1	9.3917
group_13372	4383	3465	0.7906	20	9.3852	10	9.3852
group_13373	5325	52424	9.8449	298	115.1022	149	115.1022
group_13374	606	1696	2.7987	12	40.7282	6	40.7282
tnpISMae39~~~tnpIS30	996	759	0.7620	5	10.3252	2	8.2601
group_13379	945	0	0.0000	0	0.0000	0	0.0000
group_13383	948	0	0.0000	0	0.0000	0	0.0000
group_13380	363	0	0.0000	0	0.0000	0	0.0000
group_13381	684	721	1.0541	3	9.0209	1	6.0140
group_13384	1044	7425	7.1121	49	96.5345	24	94.5644
group_13385	1389	221	0.1591	2	2.9615	1	2.9615
group_13386	630	556	0.8825	4	13.0589	2	13.0589
group_13388	975	1547	1.5867	12	25.3142	6	25.3142
group_13389	792	0	0.0000	0	0.0000	0	0.0000
group_13390	498	1512	3.0361	10	41.3007	5	41.3007
group_13391	735	0	0.0000	0	0.0000	0	0.0000
group_13394	939	0	0.0000	0	0.0000	0	0.0000
group_13393	549	302	0.5501	2	7.4928	1	7.4928
group_13395	849	0	0.0000	0	0.0000	0	0.0000
group_13397	534	2127	3.9831	16	61.6262	8	61.6262
group_13399	1197	0	0.0000	0	0.0000	0	0.0000
group_13400	849	1934	2.2780	14	33.9162	7	33.9162
group_13402	270	0	0.0000	0	0.0000	0	0.0000
group_13403	195	230	1.1795	2	21.0951	1	21.0951
group_13405	1497	2570	1.7168	19	26.1047	9	24.7308
group_13407	999	0	0.0000	0	0.0000	0	0.0000
nrdB	1068	27750	25.9831	193	371.6831	96	369.7573
group_13409	195	0	0.0000	0	0.0000	0	0.0000
group_13413	483	0	0.0000	0	0.0000	0	0.0000
group_13414	933	320	0.3430	2	4.4089	1	4.4089
group_13415	1044	3271	3.1331	21	41.3719	10	39.4018
group_13416	504	1314	2.6071	10	40.8090	5	40.8090
group_13419	1674	6874	4.1063	46	56.5183	23	56.5183
group_13422	2580	5194	2.0132	37	29.4964	18	28.6992
lipB	669	5560	8.3109	39	119.9017	19	116.8273
group_13427	591	650	1.0998	5	17.4008	2	13.9206
group_13429	1266	1656	1.3081	11	17.8709	5	16.2462
group_13430	873	1636	1.8740	12	28.2718	6	28.2718
group_13432	420	33205	79.0595	246	1204.6826	123	1204.6826
group_13435	309	272	0.8803	4	26.6249	2	26.6249
group_13436	372	2189	5.8844	16	88.4634	8	88.4634
group_13437	408	1765	4.3260	13	65.5345	6	60.4934
group_13438	1191	4973	4.1755	33	56.9887	16	55.2618
group_13439	1215	8553	7.0395	58	98.1835	29	98.1835
group_13441	1155	0	0.0000	0	0.0000	0	0.0000
group_13442	384	300	0.7813	2	10.7124	1	10.7124
group_13444	1116	300	0.2688	3	5.5290	1	3.6860
group_13445	171	214	1.2515	2	24.0558	1	24.0558
group_13446	348	2792	8.0230	19	112.2952	9	106.3849
group_13448	1218	302	0.2479	2	3.3773	1	3.3773
group_13450	558	340	0.6093	4	14.7439	2	14.7439
group_13452	240	151	0.6292	1	8.5699	0	0.0000
group_13453	216	0	0.0000	0	0.0000	0	0.0000
group_13455	1209	1960	1.6212	13	22.1159	6	20.4146
group_13458	786	0	0.0000	0	0.0000	0	0.0000
group_13460	606	2062	3.4026	15	50.9103	7	47.5163
group_13461	849	2598	3.0601	18	43.6065	9	43.6065
glmS	2019	30959	15.3338	211	214.9478	105	213.9291
group_13463	246	0	0.0000	0	0.0000	0	0.0000
group_13465	540	1606	2.9741	12	45.7061	6	45.7061
group_13470	702	302	0.4302	2	5.8598	1	5.8598
group_13468	210	781	3.7190	7	68.5592	3	58.7650
group_13469	288	617	2.1424	5	35.7079	2	28.5663
group_13471	390	0	0.0000	0	0.0000	0	0.0000
group_13477	234	0	0.0000	0	0.0000	0	0.0000
group_13478	354	433	1.2232	3	17.4303	1	11.6202
group_13480	234	151	0.6453	1	8.7896	0	0.0000
group_13481	318	687	2.1604	5	32.3392	2	25.8714
group_13482	675	10531	15.6015	71	216.3423	35	213.2952
group_13484	246	151	0.6138	1	8.3609	0	0.0000
group_13486	624	8485	13.5978	64	210.9513	32	210.9513
group_13487	300	688	2.2933	7	47.9914	3	41.1355
group_13490	8976	34251	3.8158	149	34.1421	74	33.9130
group_13500	252	210	0.8333	2	16.3236	1	16.3236
group_13501	534	0	0.0000	0	0.0000	0	0.0000
group_13504	850	764	0.8988	6	14.5184	3	14.5184
group_13510	825	604	0.7321	4	9.9722	2	9.9722
group_13512	693	3056	4.4098	23	68.2624	11	65.2944
group_13513	459	0	0.0000	0	0.0000	0	0.0000
group_13516	270	9896	36.6519	79	601.7972	39	594.1795
group_13518	141	0	0.0000	0	0.0000	0	0.0000
group_13519	660	3169	4.8015	25	77.9081	12	74.7918
group_13522	186	375	2.0161	3	33.1738	1	22.1159
group_13523	588	151	0.2568	1	3.4979	0	0.0000
group_13524	261	0	0.0000	0	0.0000	0	0.0000
group_13526	1410	0	0.0000	0	0.0000	0	0.0000
group_13527	1239	14270	11.5174	98	162.6828	49	162.6828
tnpISAzo13~~~tnpISMae28	513	0	0.0000	0	0.0000	0	0.0000
group_13528	1215	63766	52.4823	434	734.6835	217	734.6835
group_13529	240	0	0.0000	0	0.0000	0	0.0000
group_13533	1335	9043	6.7738	62	95.5206	31	95.5206
group_13537	786	892	1.1349	6	15.7006	3	15.7006
group_13538	627	1456	2.3222	12	39.3641	6	39.3641
group_13541	1620	12319	7.6043	86	109.1868	43	109.1868
group_13544	1335	2390	1.7903	14	21.5692	7	21.5692
group_13545	1038	11853	11.4191	80	158.5183	40	158.5183
pqqC	1536	7465	4.8600	50	66.9523	25	66.9523
bisC	2313	9730	4.2067	69	61.3565	34	60.4672
group_13549	870	0	0.0000	0	0.0000	0	0.0000
group_13550	1008	3471	3.4435	25	51.0113	12	48.9708
group_13553	963	9511	9.8764	66	140.9628	33	140.9628
group_13554	1239	11499	9.2809	78	129.4822	39	129.4822
group_13556	285	0	0.0000	0	0.0000	0	0.0000
group_13557	1446	4842	3.3485	35	49.7836	17	48.3612
group_13558	858	0	0.0000	0	0.0000	0	0.0000
group_13560	324	3861	11.9167	33	209.4864	16	203.1383
group_13561	1044	0	0.0000	0	0.0000	0	0.0000
group_13562	828	3725	4.4988	24	59.6167	12	59.6167
group_13566	936	2869	3.0652	19	41.7508	9	39.5534
group_13567	1632	14038	8.6017	96	120.9868	48	120.9868
prmA	897	7613	8.4872	57	130.6981	28	128.4051
group_13571	1233	886	0.7186	6	10.0086	3	10.0086
group_13574	504	152	0.3016	2	8.1618	1	8.1618
group_13575	1122	453	0.4037	3	5.4994	1	3.6663
group_13577	432	2978	6.8935	20	95.2211	10	95.2211
group_13579	465	1250	2.6882	10	44.2317	5	44.2317
pTC1~~~terY	1338	7992	5.9731	58	89.1577	29	89.1577
group_13589	243	5351	22.0206	47	397.8125	23	389.3484
group_13590	1446	5244	3.6266	37	52.6284	18	51.2060
group_13591	2940	7534	2.5626	50	34.9792	25	34.9792
group_17172	3756	217018	57.7790	1474	807.1583	737	807.1583
group_13594	1581	596	0.3770	4	5.2037	2	5.2037
group_15117	1500	906	0.6040	6	8.2271	3	8.2271
group_13595	6231	2419	0.3882	16	5.2814	8	5.2814
group_13599	1746	580	0.3322	4	4.7120	2	4.7120
group_19224	1080	0	0.0000	0	0.0000	0	0.0000
group_13600	1197	1252	1.0459	10	17.1827	5	17.1827
group_19225	534	1762	3.2996	13	50.0713	6	46.2197
group_13603	4107	17301	4.2126	111	55.5885	55	55.0877
group_13605	780	3052	3.9128	22	58.0116	11	58.0116
group_13608	1266	0	0.0000	0	0.0000	0	0.0000
group_13611	192	15203	79.1823	124	1328.3339	62	1328.3339
group_13612	1680	4295	2.5565	30	36.7281	15	36.7281
group_13613	273	1141	4.1795	8	60.2718	4	60.2718
group_13615	3828	34731	9.0729	201	107.9968	100	107.4595
group_13616	1197	4106	3.4302	28	48.1117	14	48.1117
group_13618	675	0	0.0000	0	0.0000	0	0.0000
group_13619	1011	3074	3.0406	20	40.6879	10	40.6879
group_13620	906	0	0.0000	0	0.0000	0	0.0000
tnpIS630~~~tnpISMae29	504	2053	4.0734	14	57.1326	7	57.1326
group_13625	381	771	2.0236	7	37.7885	3	32.3902
group_13626	966	4229	4.3778	29	61.7458	14	59.6167
group_13627	297	8025	27.0202	67	463.9863	33	457.0611
group_13628	234	3709	15.8504	31	272.4788	15	263.6891
group_13629	630	788	1.2508	5	16.3236	2	13.0589
group_13631	1191	2791	2.3434	19	32.8117	9	31.0848
group_13634	2229	1394	0.6254	10	9.2273	5	9.2273
group_13632	2619	5273	2.0134	38	29.8425	19	29.8425
group_13633	1197	3623	3.0267	25	42.9569	12	41.2386
group_13636	219	0	0.0000	0	0.0000	0	0.0000
group_13637	1278	1057	0.8271	7	11.2656	3	9.6562
group_13639	807	302	0.3742	2	5.0973	1	5.0973
group_13646	246	1188	4.8293	10	83.6087	5	83.6087
group_13648	492	1454	2.9553	10	41.8044	5	41.8044
group_13649	282	550	1.9504	5	36.4676	2	29.1741
group_13650	1059	5040	4.7592	37	71.8609	18	69.9187
group_13651	5346	302	0.0565	2	0.7695	1	0.7695
group_13652	1215	4318	3.5539	30	50.7846	15	50.7846
group_13654	402	987	2.4552	7	35.8145	3	30.6981
group_13655	1335	302	0.2262	2	3.0813	1	3.0813
group_13658	996	3974	3.9900	27	55.7560	13	53.6909
group_13661	393	13249	33.7125	99	518.1189	49	512.8854
group_13664	1266	158080	124.8657	1079	1752.9703	539	1751.3457
group_13665	1191	4501	3.7792	30	51.8079	15	51.8079
group_13666	4698	3880	0.8259	24	10.5072	12	10.5072
group_13667	765	64814	84.7242	452	1215.2449	226	1215.2449
group_13668	225	389	1.7289	3	27.4237	1	18.2824
group_13670	1047	8576	8.1910	59	115.9023	29	113.9379
group_13672	339	241	0.7109	2	12.1344	1	12.1344
group_13675	393	0	0.0000	0	0.0000	0	0.0000
group_13674	864	754	0.8727	5	11.9026	2	9.5221
group_13677	876	0	0.0000	0	0.0000	0	0.0000
group_13678	1002	1093	1.0908	7	14.3687	3	12.3160
group_19226	303	2868	9.4653	20	135.7607	10	135.7607
group_13680	795	0	0.0000	0	0.0000	0	0.0000
group_13682	1242	1177	0.9477	8	13.2481	4	13.2481
group_13683	225	0	0.0000	0	0.0000	0	0.0000
group_13686	246	192	0.7805	2	16.7217	1	16.7217
group_13688	1188	5658	4.7626	37	64.0578	18	62.3265
group_13690	879	1857	2.1126	13	30.4187	6	28.0788
group_13692	312	1671	5.3558	12	79.1067	6	79.1067
group_13694	699	1789	2.5594	13	38.2519	6	35.3094
group_13695	381	813	2.1339	6	32.3902	3	32.3902
group_13696	1260	8067	6.4024	54	88.1475	27	88.1475
group_13700	369	0	0.0000	0	0.0000	0	0.0000
hicB~~~ycfA	330	300	0.9091	2	12.4653	1	12.4653
group_13701	4020	2931	0.7291	21	10.7443	10	10.2327
group_13703	1239	151	0.1219	1	1.6600	0	0.0000
group_13704	628	0	0.0000	0	0.0000	0	0.0000
group_13705	1119	4422	3.9517	30	55.1414	15	55.1414
group_13707	792	292	0.3687	2	5.1939	1	5.1939
group_13709	294	923	3.1395	7	48.9708	3	41.9750
group_13710	885	1652	1.8667	12	27.8885	6	27.8885
group_13715	267	216	0.8090	2	15.4066	1	15.4066
group_13716	2277	6658	2.9240	28	25.2919	14	25.2919
group_13717	465	0	0.0000	0	0.0000	0	0.0000
group_13718	2745	2204	0.8029	16	11.9885	8	11.9885
group_13719	1227	0	0.0000	0	0.0000	0	0.0000
group_13722	411	4343	10.5669	34	170.1468	17	170.1468
apcE	2748	41671	15.1641	279	208.8211	139	208.0726
group_13724	207	1852	8.9469	16	158.9778	8	158.9778
group_13725	333	1118	3.3574	9	55.5885	4	49.4120
group_13727	1731	1208	0.6979	8	9.5056	4	9.5056
group_13728	276	5503	19.9384	46	342.7959	23	342.7959
group_13729	243	2312	9.5144	18	152.3537	9	152.3537
cysK~~~phoH	1125	14852	13.2018	107	195.6222	53	193.7939
group_13731	4434	2811	0.6340	19	8.8134	9	8.3496
group_13732	864	5510	6.3773	41	97.6016	20	95.2211
group_13734	2133	137429	64.4299	942	908.3367	471	908.3367
group_13735	990	1057	1.0677	7	14.5429	3	12.4653
group_13736	498	10194	20.4699	72	297.3651	36	297.3651
group_13737	987	151	0.1530	1	2.0839	0	0.0000
group_13738	285	397	1.3930	3	21.6503	1	14.4335
group_13739	474	1650	3.4810	11	47.7311	5	43.3919
group_19227	192	0	0.0000	0	0.0000	0	0.0000
group_13743	948	10606	11.1878	74	160.5500	37	160.5500
yyaL	2268	25060	11.0494	174	157.7949	87	157.7949
group_13744	1245	5435	4.3655	36	59.4730	18	59.4730
group_13745	1257	10805	8.5959	72	117.8105	36	117.8105
group_13746	1731	6543	3.7799	46	54.6572	23	54.6572
group_13747	684	2794	4.0848	19	57.1326	9	54.1257
group_13750	1203	4819	4.0058	32	54.7106	16	54.7106
group_13751	240	1897	7.9042	15	128.5484	7	119.9786
group_13753	426	2194	5.1502	16	77.2498	8	77.2498
group_13757	2838	49359	17.3922	353	255.8286	176	255.1039
group_13759	3009	6672	2.2173	48	32.8100	24	32.8100
group_13762	258	0	0.0000	0	0.0000	0	0.0000
group_13765	1305	1992	1.5264	14	22.0650	7	22.0650
group_13766	354	0	0.0000	0	0.0000	0	0.0000
murI	882	5894	6.6825	42	97.9417	21	97.9417
group_13770	369	2008	5.4417	14	78.0348	7	78.0348
group_13773	417	0	0.0000	0	0.0000	0	0.0000
group_13772	1473	13648	9.2654	94	131.2538	47	131.2538
group_19228	900	0	0.0000	0	0.0000	0	0.0000
gem1	1515	12842	8.4766	90	122.1847	45	122.1847
group_13777	1923	13887	7.2215	94	100.5392	47	100.5392
group_13778	1185	31843	26.8717	222	385.3199	111	385.3199
group_13779	1236	5474	4.4288	38	63.2342	19	63.2342
group_13782	1977	1839	0.9302	12	12.4842	6	12.4842
group_13788	273	0	0.0000	0	0.0000	0	0.0000
group_13789	912	302	0.3311	2	4.5105	1	4.5105
group_13790	1953	0	0.0000	0	0.0000	0	0.0000
group_13793	177	0	0.0000	0	0.0000	0	0.0000
group_13794	156	0	0.0000	0	0.0000	0	0.0000
group_13796	1239	8710	7.0299	60	99.6017	30	99.6017
group_13797	5124	29334	5.7248	194	77.8717	97	77.8717
group_13799	3819	3824	1.0013	17	9.1556	8	8.6170
group_13800	255	369	1.4471	3	24.1974	1	16.1316
group_13801	1239	0	0.0000	0	0.0000	0	0.0000
group_13802	549	1605	2.9235	11	41.2104	5	37.4640
group_13805	816	1682	2.0613	12	30.2467	6	30.2467
group_13804	270	1207	4.4704	8	60.9415	4	60.9415
group_13813	1485	10881	7.3273	75	103.8775	37	102.4925
group_13815	615	2844	4.6244	20	66.8870	10	66.8870
group_13816	543	2063	3.7993	14	53.0292	7	53.0292
group_13817	621	5777	9.3027	40	132.4815	20	132.4815
group_13821	879	15064	17.1377	106	248.0298	53	248.0298
group_13822	720	9353	12.9903	63	179.9678	31	177.1112
group_13825	1098	1499	1.3652	11	20.6052	5	18.7320
group_13826	1506	302	0.2005	2	2.7314	1	2.7314
group_13827	990	2584	2.6101	18	37.3959	9	37.3959
group_13828	738	1158	1.5691	8	22.2957	4	22.2957
group_13830	648	1595	2.4614	12	38.0884	6	38.0884
group_13831	1362	11056	8.1175	77	116.2788	38	114.7687
group_13835	588	2476	4.2109	17	59.4646	8	55.9667
group_19229	681	1070	1.5712	8	24.1618	4	24.1618
group_13840	1848	4052	2.1926	28	31.1633	14	31.1633
group_13842	1224	5759	4.7051	40	67.2149	20	67.2149
group_13845	1224	1422	1.1618	9	15.1233	4	13.4430
group_13847	990	151	0.1525	1	2.0776	0	0.0000
group_13852	1269	3385	2.6675	23	37.2780	11	35.6573
group_13854	1497	2265	1.5130	15	20.6090	7	19.2350
group_13858	828	40463	48.8684	279	693.0438	139	690.5598
group_13860	1188	4117	3.4655	29	50.2075	14	48.4762
group_13862	495	3335	6.7374	24	99.7224	12	99.7224
group_13865	483	45271	93.7288	330	1405.2501	165	1405.2501
group_13867	1674	2543	1.5191	19	23.3445	9	22.1159
group_13868	753	2658	3.5299	18	49.1659	9	49.1659
group_13872	549	3669	6.6831	24	89.9137	12	89.9137
group_13873	1185	657	0.5544	5	8.6784	2	6.9427
group_13874	525	1661	3.1638	11	43.0943	5	39.1767
group_13875	1245	1613	1.2956	11	18.1723	5	16.5203
group_13876	1659	8903	5.3665	59	73.1463	29	71.9065
group_13878	1188	7671	6.4571	51	88.2959	25	86.5646
group_13879	576	1510	2.6215	10	35.7079	5	35.7079
group_13881	480	1653	3.4438	12	51.4194	6	51.4194
group_13882	270	803	2.9741	6	45.7061	3	45.7061
group_13884	300	0	0.0000	0	0.0000	0	0.0000
group_13885	1188	45858	38.6010	311	538.4319	155	536.7006
group_13888	1914	3598	1.8798	24	25.7903	12	25.7903
group_13890	783	1110	1.4176	7	18.3875	3	15.7607
group_13891	804	0	0.0000	0	0.0000	0	0.0000
group_13892	1183	604	0.5106	4	6.9544	2	6.9544
group_13893	333	0	0.0000	0	0.0000	0	0.0000
group_13894	360	0	0.0000	0	0.0000	0	0.0000
group_13895	825	302	0.3661	2	4.9861	1	4.9861
group_19230	477	151	0.3166	1	4.3119	0	0.0000
group_13901	1104	6376	5.7754	43	80.1099	21	78.2469
group_13903	468	10428	22.2821	72	316.4269	36	316.4269
group_13904	552	6747	12.2228	47	175.1240	23	171.3979
group_13905	216	0	0.0000	0	0.0000	0	0.0000
group_13906	372	5618	15.1022	44	243.2745	22	243.2745
group_13908	1047	684	0.6533	3	5.8933	1	3.9289
group_13909	180	151	0.8389	1	11.4265	0	0.0000
group_13910	438	114	0.2603	2	9.3917	1	9.3917
group_13911	471	1096	2.3270	8	34.9346	4	34.9346
yecT	468	2452	5.2393	18	79.1067	9	79.1067
group_13913	1062	11117	10.4680	79	152.9993	39	151.0626
menC	975	5846	5.9959	40	84.3805	20	84.3805
group_13914	1206	241	0.1998	2	3.4109	1	3.4109
group_13915	1053	6446	6.1216	42	82.0366	21	82.0366
group_13916	8193	3132	0.3823	21	5.2719	10	5.0208
group_13917	426	408	0.9577	3	14.4843	1	9.6562
group_13919	318	0	0.0000	0	0.0000	0	0.0000
group_13921	1128	4436	3.9326	31	56.5248	15	54.7015
group_13923	1329	604	0.4545	4	6.1904	2	6.1904
group_13924	1485	2571	1.7313	18	24.9306	9	24.9306
group_19231	849	151	0.1779	1	2.4226	0	0.0000
group_13926	1218	21134	17.3514	154	260.0520	77	260.0520
group_13927	4185	1791	0.4280	13	6.3890	6	5.8976
group_13928	525	1023	1.9486	8	31.3413	4	31.3413
group_13929	756	1034	1.3677	7	19.0442	3	16.3236
group_13930	438	1167	2.6644	7	32.8708	3	28.1750
group_13931	450	616	1.3689	6	27.4237	3	27.4237
group_13932	1143	5085	4.4488	34	61.1814	17	61.1814
group_13937	1080	1510	1.3981	10	19.0442	5	19.0442
group_13938	897	10560	11.7726	76	174.2641	38	174.2641
group_13939	3474	12850	3.6989	87	51.5082	43	50.9161
group_13941	1389	10922	7.8632	75	111.0570	37	109.5762
group_13942	1059	1057	0.9981	7	13.5953	3	11.6531
group_13943	681	151	0.2217	1	3.0202	0	0.0000
group_13944	276	750	2.7174	6	44.7125	3	44.7125
group_13945	387	906	2.3411	6	31.8880	3	31.8880
group_13946	606	2652	4.3762	18	61.0923	9	61.0923
trpA	810	6642	8.2000	47	119.3437	23	116.8045
group_13948	513	0	0.0000	0	0.0000	0	0.0000
group_13949	10146	6395	0.6303	45	9.1223	22	8.9196
group_13951	1563	15802	10.1100	109	143.4347	54	142.1188
dnaG	1974	15955	8.0826	106	110.4449	53	110.4449
group_13953	597	302	0.5059	2	6.8904	1	6.8904
group_13955	1293	12716	9.8345	87	138.3909	43	136.8002
group_19232	135	0	0.0000	0	0.0000	0	0.0000
group_13957	1410	5633	3.9950	38	55.4308	19	55.4308
group_13959	198	0	0.0000	0	0.0000	0	0.0000
srso17~~~tnpIS701	1269	0	0.0000	0	0.0000	0	0.0000
group_13960	387	1035	2.6744	9	47.8320	4	42.5173
tnpIS110	780	0	0.0000	0	0.0000	0	0.0000
group_13962	1227	0	0.0000	0	0.0000	0	0.0000
group_13964	1470	0	0.0000	0	0.0000	0	0.0000
group_13965	1737	14919	8.5889	103	121.9619	51	120.7778
group_13968	975	549	0.5631	4	8.4381	2	8.4381
group_13969	1197	755	0.6307	5	8.5914	2	6.8731
group_13972	1188	5563	4.6827	37	64.0578	18	62.3265
group_13973	2235	33191	14.8506	226	207.9782	113	207.9782
group_13974	588	151	0.2568	1	3.4979	0	0.0000
group_13976	297	612	2.0606	5	34.6258	2	27.7007
adhP	1110	5617	5.0604	39	72.2651	19	70.4121
group_19235	534	1330	2.4906	9	34.6647	4	30.8131
group_13978	1251	9651	7.7146	65	106.8668	32	105.2227
group_13979	675	2265	3.3556	15	45.7061	7	42.6590
group_13980	837	4999	5.9725	33	81.0915	16	78.6342
group_13982	300	151	0.5033	1	6.8559	0	0.0000
group_13983	5379	222	0.0413	2	0.7647	1	0.7647
group_13984	321	656	2.0436	6	38.4444	3	38.4444
group_13985	2157	7698	3.5688	51	48.6303	25	47.6768
group_13987	2235	19465	8.7092	135	124.2347	67	123.3145
group_13988	147	0	0.0000	0	0.0000	0	0.0000
group_13989	3123	5621	1.7999	36	23.7092	18	23.7092
group_13990	918	8135	8.8617	59	132.1893	29	129.9488
group_13991	7722	2679	0.3469	18	4.7943	9	4.7943
group_13993	1248	3245	2.6002	22	36.2573	11	36.2573
group_13994	4251	6574	1.5465	35	16.9342	17	16.4503
group_13996	5532	3247	0.5869	24	8.9231	12	8.9231
group_13997	684	755	1.1038	5	15.0349	2	12.0279
group_13998	987	0	0.0000	0	0.0000	0	0.0000
group_13999	1605	1009	0.6287	9	11.5333	4	10.2518
sucD	888	5929	6.6768	40	92.6475	20	92.6475
group_14000	780	6215	7.9679	43	113.3863	21	110.7494
tolC	1536	8940	5.8203	62	83.0209	31	83.0209
group_14003	1272	6448	5.0692	45	72.7633	22	71.1463
group_14004	900	0	0.0000	0	0.0000	0	0.0000
group_14005	309	1004	3.2492	8	53.2498	4	53.2498
group_14008	1287	9472	7.3598	61	97.4851	30	95.8870
group_14009	1254	4530	3.6124	30	49.2051	15	49.2051
group_14010	1179	8921	7.5666	60	104.6705	30	104.6705
group_14012	1224	7188	5.8725	49	82.3382	24	80.6578
group_14013	447	595	1.3311	5	23.0064	2	18.4051
group_14014	1461	13298	9.1020	90	126.7007	45	126.7007
group_14015	822	13639	16.5925	97	242.7095	48	240.2073
group_14016	852	1235	1.4495	8	19.3124	4	19.3124
group_14017	342	151	0.4415	1	6.0140	0	0.0000
group_14018	294	151	0.5136	1	6.9958	0	0.0000
group_14020	537	0	0.0000	0	0.0000	0	0.0000
group_14025	1083	286	0.2641	2	3.7983	1	3.7983
group_14029	489	13757	28.1329	99	416.4023	49	412.1962
group_14030	222	1211	5.4550	10	92.6475	5	92.6475
group_14032	1044	8142	7.7989	56	110.3251	28	110.3251
group_14034	1017	229617	225.7788	1608	3252.0103	804	3252.0103
group_14036	2877	16334	5.6774	112	80.0691	56	80.0691
group_14037	1263	1679	1.3294	12	19.5418	6	19.5418
group_14038	3069	26675	8.6918	183	122.6425	91	121.9723
group_14040	294	355	1.2075	3	20.9875	1	13.9917
group_14042	1080	7094	6.5685	50	95.2211	25	95.2211
group_14043	3813	6333	1.6609	44	23.7341	22	23.7341
group_14044	1596	26714	16.7381	268	345.3733	134	345.3733
group_14046	402	1872	4.6567	13	66.5126	6	61.3963
group_14048	159	0	0.0000	0	0.0000	0	0.0000
group_14049	1434	709	0.4944	5	7.1715	2	5.7372
group_14053	3456	43391	12.5553	298	177.3492	149	177.3492
group_14054	1329	14734	11.0865	99	153.2135	49	151.6659
group_14055	1191	8694	7.2997	60	103.6159	30	103.6159
racX	756	2567	3.3955	17	46.2502	8	43.5296
group_14058	330	0	0.0000	0	0.0000	0	0.0000
trmL	477	4029	8.4465	30	129.3569	15	129.3569
group_14061	594	2932	4.9360	21	72.7143	10	69.2517
group_14062	945	2029	2.1471	14	30.4707	7	30.4707
group_14063	141	218	1.5461	2	29.1741	1	29.1741
group_14064	1290	603	0.4674	4	6.3776	2	6.3776
group_14065	786	1399	1.7799	11	28.7844	5	26.1676
group_14068	228	0	0.0000	0	0.0000	0	0.0000
dnaX	3255	30845	9.4762	184	116.2662	92	116.2662
group_14074	564	1272	2.2553	9	32.8209	4	29.1741
group_14073	859	8219	9.5681	56	134.0855	28	134.0855
chrA	1158	10326	8.9171	73	129.6585	36	127.8824
group_14075	513	1585	3.0897	11	44.1024	5	40.0931
group_14078	381	4312	11.3176	33	178.1459	16	172.7475
group_14079	276	943	3.4167	7	52.1646	3	44.7125
group_14080	1665	4246	2.5502	29	35.8237	14	34.5884
group_14081	435	302	0.6943	2	9.4564	1	9.4564
group_14083	453	0	0.0000	0	0.0000	0	0.0000
group_14084	633	1639	2.5893	12	38.9910	6	38.9910
group_19236	480	4674	9.7375	31	132.8334	15	128.5484
group_14087	1323	1473	1.1134	11	17.1009	5	15.5463
group_14090	588	2517	4.2806	18	62.9625	9	62.9625
group_14091	1155	9688	8.3879	66	117.5300	33	117.5300
group_14092	3810	912	0.2394	6	3.2390	3	3.2390
group_14094	348	633	1.8190	5	29.5514	2	23.6411
group_14096	375	829	2.2107	6	32.9084	3	32.9084
group_14097	981	1043	1.0632	7	14.6763	3	12.5797
group_14099	1434	7620	5.3138	51	73.1489	25	71.7146
group_14100	960	0	0.0000	0	0.0000	0	0.0000
group_14102	909	4819	5.3014	33	74.6684	16	72.4057
group_14105	834	1305	1.5647	9	22.1954	4	19.7293
group_14106	870	887	1.0195	6	14.1847	3	14.1847
group_14107	2832	8676	3.0636	60	43.5757	30	43.5757
group_14108	1506	17641	11.7138	124	169.3493	62	169.3493
group_14110	2157	7525	3.4886	51	48.6303	25	47.6768
group_19238	900	0	0.0000	0	0.0000	0	0.0000
group_14111	351	946	2.6952	7	41.0183	3	35.1585
group_14114	402	6407	15.9378	48	245.5851	24	245.5851
group_14118	243	10361	42.6379	77	651.7353	38	643.2712
group_14116	702	863	1.2293	6	17.5793	3	17.5793
group_14117	117	120	1.0256	2	35.1585	1	35.1585
group_14119	555	462	0.8324	3	11.1177	1	7.4118
group_14122	1152	0	0.0000	0	0.0000	0	0.0000
group_14123	1083	8185	7.5577	56	106.3522	28	106.3522
group_14124	1266	23411	18.4921	160	259.9400	80	259.9400
group_14127	240	151	0.6292	1	8.5699	0	0.0000
group_14128	534	302	0.5655	2	7.7033	1	7.7033
group_14126	249	252	1.0120	2	16.5203	1	16.5203
group_14129	1155	0	0.0000	0	0.0000	0	0.0000
group_14131	3138	4603	1.4669	31	20.3187	15	19.6632
group_14132	615	11204	18.2179	82	274.2367	41	274.2367
group_14134	308	754	2.4481	6	40.0670	3	40.0670
group_14135	238	8885	37.3319	72	622.2177	36	622.2177
group_14136	441	439	0.9955	3	13.9917	1	9.3278
hyaD	537	3533	6.5791	25	95.7530	12	91.9229
modB	1845	6328	3.4298	42	46.8209	21	46.8209
group_14137	987	4620	4.6809	32	66.6837	16	66.6837
group_14141	1689	8973	5.3126	60	73.0648	30	73.0648
group_14142	501	430	0.8583	4	16.4214	2	16.4214
group_14143	786	10409	13.2430	69	180.5566	34	177.9398
group_14144	612	395750	646.6503	2801	9413.4431	1400	9410.0824
group_14145	882	3106	3.5215	21	48.9708	10	46.6389
group_14148	417	1756	4.2110	13	64.1201	6	59.1878
group_19239	966	302	0.3126	2	4.2583	1	4.2583
group_14150	105	0	0.0000	0	0.0000	0	0.0000
group_14151	309	604	1.9547	4	26.6249	2	26.6249
group_14153	1728	6466	3.7419	47	55.9424	23	54.7521
group_14155	372	992	2.6667	8	44.2317	4	44.2317
group_14156	528	853	1.6155	6	23.3724	3	23.3724
group_14157	342	709	2.0731	5	30.0698	2	24.0558
group_14162	321	16659	51.8972	129	826.5545	64	820.1471
group_14163	1227	0	0.0000	0	0.0000	0	0.0000
group_14164	1128	3045	2.6995	22	40.1144	11	40.1144
group_14167	435	120	0.2759	2	9.4564	1	9.4564
group_14168	354	140	0.3955	1	5.8101	0	0.0000
group_14174	663	2477	3.7360	17	52.7378	8	49.6356
group_14171	1314	7646	5.8189	51	79.8292	25	78.2639
group_14172	978	0	0.0000	0	0.0000	0	0.0000
group_14173	696	3597	5.1681	25	73.8784	12	70.9233
group_14176	498	6046	12.1406	45	185.8532	22	181.7231
group_14177	900	433139	481.2656	3044	6956.4706	1522	6956.4706
group_14180	861	0	0.0000	0	0.0000	0	0.0000
group_14181	1017	8009	7.8751	66	133.4780	33	133.4780
group_14184	10926	66198	6.0588	320	60.2387	160	60.2387
group_14185	474	745	1.5717	5	21.6959	2	17.3568
group_14187	246	0	0.0000	0	0.0000	0	0.0000
group_14189	288	444	1.5417	3	21.4247	1	14.2832
group_19240	1194	3773	3.1600	26	44.7874	13	44.7874
group_14195	264	358	1.3561	3	23.3724	1	15.5816
group_14197	225	1430	6.3556	13	118.8359	6	109.6947
group_19165	1269	0	0.0000	0	0.0000	0	0.0000
group_14199	783	2046	2.6130	15	39.4018	7	36.7750
ftsI	1863	13688	7.3473	96	105.9852	48	105.9852
group_14203	411	151	0.3674	1	5.0043	0	0.0000
group_14204	1410	302	0.2142	2	2.9174	1	2.9174
group_14205	585	752	1.2855	5	17.5793	2	14.0634
group_14206	246	150	0.6098	2	16.7217	1	16.7217
group_14207	1524	604	0.3963	4	5.3984	2	5.3984
group_14208	1719	1057	0.6149	7	8.3755	3	7.1790
group_14210	1014	0	0.0000	0	0.0000	0	0.0000
group_14212	249	0	0.0000	0	0.0000	0	0.0000
group_14214	1377	979	0.7110	7	10.4556	3	8.9620
group_14215	267	302	1.1311	2	15.4066	1	15.4066
group_14216	699	3510	5.0215	27	79.4463	13	76.5038
group_14218	342	393	1.1491	3	18.0419	1	12.0279
pro0498	579	3233	5.5838	23	81.7026	11	78.1504
group_14220	444	6738	15.1757	48	222.3541	24	222.3541
group_14225	780	2629	3.3705	19	50.1009	9	47.4640
group_14223	225	0	0.0000	0	0.0000	0	0.0000
group_14224	1395	1597	1.1448	11	16.2183	5	14.7439
group_14228	219	0	0.0000	0	0.0000	0	0.0000
group_14229	6912	555	0.0803	7	2.0830	3	1.7854
group_14230	315	286	0.9079	2	13.0589	1	13.0589
group_14231	501	13626	27.1976	97	398.2179	48	394.1126
group_14232	903	9984	11.0565	67	152.6068	33	150.3291
group_14233	450	8387	18.6378	59	269.6661	29	265.0955
group_14234	792	604	0.7626	4	10.3878	2	10.3878
group_14236	318	166	0.5220	2	12.9357	1	12.9357
group_14237	489	1027	2.1002	7	29.4426	3	25.2365
group_14238	930	3507	3.7710	24	53.0781	12	53.0781
group_14239	4446	15135	3.4042	125	57.8266	62	57.3639
group_14240	129	0	0.0000	0	0.0000	0	0.0000
group_14241	1050	5746	5.4724	42	82.2710	21	82.2710
group_14244	558	1875	3.3602	13	47.9177	6	44.2317
group_14243	1215	3100	2.5514	21	35.5492	10	33.8564
group_14245	2916	4772	1.6365	30	21.1602	15	21.1602
group_14247	171	0	0.0000	0	0.0000	0	0.0000
group_14248	867	14661	16.9100	100	237.2290	50	237.2290
group_14249	885	1195	1.3503	8	18.5923	4	18.5923
group_14250	486	0	0.0000	0	0.0000	0	0.0000
group_14251	2772	972	0.3506	6	4.4519	3	4.4519
group_14252	1023	0	0.0000	0	0.0000	0	0.0000
group_14253	1002	484	0.4830	4	8.2107	2	8.2107
group_14254	417	12642	30.3165	88	434.0437	44	434.0437
group_14255	1254	6359	5.0710	43	70.5274	21	68.8872
group_14258	336	0	0.0000	0	0.0000	0	0.0000
group_14259	1197	0	0.0000	0	0.0000	0	0.0000
group_14261	339	980	2.8909	8	48.5375	4	48.5375
group_14263	477	881	1.8470	6	25.8714	3	25.8714
group_14267	438	288	0.6575	2	9.3917	1	9.3917
group_14265	414	130	0.3140	2	9.9361	1	9.9361
group_14266	1176	3631	3.0876	25	43.7240	12	41.9750
group_14268	2226	7095	3.1873	49	45.2749	24	44.3509
group_14269	762	5394	7.0787	38	102.5688	19	102.5688
group_14272	447	151	0.3378	1	4.6013	0	0.0000
group_14273	1755	12067	6.8758	83	97.2720	41	96.1000
group_14274	6687	57062	8.5333	316	97.1947	158	97.1947
group_14275	858	302	0.3520	2	4.7943	1	4.7943
group_14276	663	0	0.0000	0	0.0000	0	0.0000
group_14277	1044	17493	16.7557	126	248.2315	63	248.2315
group_14279	513	2586	5.0409	18	72.1675	9	72.1675
group_14281	2766	7504	2.7129	51	37.9232	25	37.1796
group_14282	1656	7423	4.4825	49	60.8587	24	59.6167
group_14283	267	6765	25.3371	50	385.1639	25	385.1639
group_14284	435	0	0.0000	0	0.0000	0	0.0000
group_14285	666	3118	4.6817	22	67.9415	11	67.9415
group_14286	396	1773	4.4773	12	62.3265	6	62.3265
group_14287	366	0	0.0000	0	0.0000	0	0.0000
group_14288	987	2404	2.4357	16	33.3418	8	33.3418
group_14290	240	2480	10.3333	21	179.9678	10	171.3979
group_14291	219	240	1.0959	2	18.7833	1	18.7833
group_14292	1845	3035	1.6450	21	23.4104	10	22.2957
lpxD	1080	7620	7.0556	53	100.9343	26	99.0299
group_14296	2517	5816	2.3107	42	34.3204	21	34.3204
ispH	1266	23025	18.1872	165	268.0631	82	266.4385
group_14297	1839	453	0.2463	3	3.3553	1	2.2368
nadA	1077	12331	11.4494	84	160.4170	42	160.4170
group_14298	1107	745	0.6730	5	9.2899	2	7.4319
group_14299	5079	1486	0.2926	10	4.0496	5	4.0496
group_14302	1077	6434	5.9740	44	84.0280	22	84.0280
group_14304	987	0	0.0000	0	0.0000	0	0.0000
group_14306	2298	7340	3.1941	50	44.7514	25	44.7514
group_14307	4140	18815	4.5447	98	48.6869	49	48.6869
group_14309	2028	3531	1.7411	27	27.3831	13	26.3689
group_14310	1242	302	0.2432	2	3.3120	1	3.3120
group_14311	1107	32704	29.5429	240	445.9133	120	445.9133
group_14312	687	266	0.3872	2	5.9877	1	5.9877
group_17459	1269	0	0.0000	0	0.0000	0	0.0000
group_14314	450	246	0.5467	2	9.1412	1	9.1412
group_14316	207	1128	5.4493	9	89.4250	4	79.4889
group_14319	273	604	2.2125	4	30.1359	2	30.1359
group_14320	1407	8934	6.3497	60	87.7090	30	87.7090
group_14321	231	0	0.0000	0	0.0000	0	0.0000
group_14322	1197	7973	6.6608	53	91.0686	26	89.3503
group_14323	675	2247	3.3289	16	48.7532	8	48.7532
group_14324	2016	2292	1.1369	16	16.3236	8	16.3236
group_14326	498	661	1.3273	5	20.6504	2	16.5203
group_14329	2163	1661	0.7679	11	10.4598	5	9.5089
group_14330	1269	0	0.0000	0	0.0000	0	0.0000
group_14332	243	0	0.0000	0	0.0000	0	0.0000
group_14333	1287	4925	3.8267	34	54.3359	17	54.3359
group_14336	918	862	0.9390	6	13.4430	3	13.4430
group_14338	483	2169	4.4907	15	63.8750	7	59.6167
group_14339	738	670	0.9079	4	11.1478	2	11.1478
group_14340	402	1983	4.9328	15	76.7453	7	71.6290
ndhD1	1593	44904	28.1883	310	400.2513	155	400.2513
citB~~~gerE	282	108	0.3830	2	14.5871	1	14.5871
group_14343	4224	33534	7.9389	226	110.0453	113	110.0453
group_19243	315	0	0.0000	0	0.0000	0	0.0000
group_14344	876	0	0.0000	0	0.0000	0	0.0000
group_14347	954	1359	1.4245	9	19.4035	4	17.2476
group_14348	2187	829	0.3791	6	5.6427	3	5.6427
group_14349	1044	1198	1.1475	8	15.7607	4	15.7607
group_14350	1508	1504	0.9973	10	13.6391	5	13.6391
group_14351	477	1403	2.9413	9	38.8071	4	34.4952
group_14353	792	4363	5.5088	29	75.3112	14	72.7143
group_14354	1443	2829	1.9605	19	27.0816	9	25.6562
group_14355	381	3240	8.5039	24	129.5606	12	129.5606
group_14356	963	0	0.0000	0	0.0000	0	0.0000
group_14357	264	690	2.6136	5	38.9541	2	31.1633
group_14359	1449	8320	5.7419	55	78.0695	27	76.6500
group_19245	276	1130	4.0942	8	59.6167	4	59.6167
group_19246	153	151	0.9869	1	13.4430	0	0.0000
grxD	324	3006	9.2778	22	139.6576	11	139.6576
group_14360	282	961	3.4078	8	58.3482	4	58.3482
group_14361	1152	2132	1.8507	16	28.5663	8	28.5663
group_14363	900	0	0.0000	0	0.0000	0	0.0000
group_14365	714	1080	1.5126	8	23.0451	4	23.0451
group_14366	3063	3521	1.1495	22	14.7728	11	14.7728
group_14367	747	3049	4.0817	22	60.5744	11	60.5744
group_14373	735	302	0.4109	2	5.5967	1	5.5967
group_14374	420	604	1.4381	4	19.5883	2	19.5883
group_14371	654	604	0.9235	4	12.5797	2	12.5797
group_14372	312	0	0.0000	0	0.0000	0	0.0000
group_19247	318	0	0.0000	0	0.0000	0	0.0000
group_14376	1071	13539	12.6415	93	178.5995	46	176.6791
group_14379	189	0	0.0000	0	0.0000	0	0.0000
tnpISMae36~~~tnpISL3	1215	24016	19.7663	163	275.9295	81	274.2367
group_14382	333	2856	8.5766	22	135.8830	11	135.8830
group_14385	450	0	0.0000	0	0.0000	0	0.0000
group_14387	1449	3775	2.6052	25	35.4861	12	34.0667
group_14388	540	1757	3.2537	13	49.5150	6	45.7061
group_14389	1098	37453	34.1102	254	475.7932	127	475.7932
group_14390	252	108	0.4286	2	16.3236	1	16.3236
group_14391	624	362	0.5801	3	9.8883	1	6.5922
nrfG	1212	10910	9.0017	77	130.6697	38	128.9727
group_14392	1977	865	0.4375	6	6.2421	3	6.2421
group_14393	1590	6058	3.8101	41	53.0363	20	51.7428
group_14394	237	3133	13.2194	23	199.6027	11	190.9243
group_14396	276	212	0.7681	2	14.9042	1	14.9042
group_14398	1098	10822	9.8561	76	142.3633	38	142.3633
group_14399	192	0	0.0000	0	0.0000	0	0.0000
group_14403	1470	0	0.0000	0	0.0000	0	0.0000
group_14402	192	0	0.0000	0	0.0000	0	0.0000
group_14404	1119	3981	3.5576	29	53.3034	14	51.4653
group_14405	2259	77159	34.1563	523	476.1812	261	475.2708
group_14406	972	3620	3.7243	27	57.1326	13	55.0166
group_14407	675	7958	11.7896	58	176.7303	29	176.7303
group_14408	1659	5058	3.0488	34	42.1521	17	42.1521
group_14410	3762	0	0.0000	0	0.0000	0	0.0000
group_14411	2409	1205	0.5002	9	7.6841	4	6.8303
group_14414	627	1506	2.4019	11	36.0838	5	32.8034
group_19248	735	0	0.0000	0	0.0000	0	0.0000
group_14416	873	0	0.0000	0	0.0000	0	0.0000
group_14419	426	604	1.4178	4	19.3124	2	19.3124
group_14423	222	0	0.0000	0	0.0000	0	0.0000
group_14421	1395	8982	6.4387	65	95.8354	32	94.3610
group_14422	1224	5415	4.4240	37	62.1738	18	60.4934
group_14426	282	3246	11.5106	26	189.6318	13	189.6318
group_14427	1692	10406	6.1501	72	87.5223	36	87.5223
group_14430	201	0	0.0000	0	0.0000	0	0.0000
group_14431	3684	302	0.0820	2	1.1166	1	1.1166
group_14432	456	1080	2.3684	8	36.0838	4	36.0838
group_14433	675	1261	1.8681	9	27.4237	4	24.3766
tnpISMae18~~~tnpISKra4	210	1298	6.1810	9	88.1475	4	78.3533
group_19249	1746	0	0.0000	0	0.0000	0	0.0000
group_14435	468	755	1.6132	5	21.9741	2	17.5793
group_19250	285	0	0.0000	0	0.0000	0	0.0000
group_14438	1278	11651	9.1166	78	125.5309	39	125.5309
group_14439	351	0	0.0000	0	0.0000	0	0.0000
group_14440	2151	7509	3.4909	53	50.6783	26	49.7221
group_14441	1305	685	0.5249	6	9.4564	3	9.4564
group_14443	861	574	0.6667	4	9.5553	2	9.5553
group_14444	1617	1195	0.7390	8	10.1758	4	10.1758
group_14446	1578	1594	1.0101	12	15.6409	6	15.6409
group_14447	375	0	0.0000	0	0.0000	0	0.0000
group_14448	291	0	0.0000	0	0.0000	0	0.0000
group_14449	771	151	0.1958	1	2.6677	0	0.0000
group_19251	897	0	0.0000	0	0.0000	0	0.0000
group_14451	681	296	0.4347	2	6.0405	1	6.0405
group_14453	399	0	0.0000	0	0.0000	0	0.0000
group_14455	1197	0	0.0000	0	0.0000	0	0.0000
group_19252	156	0	0.0000	0	0.0000	0	0.0000
cysQ	882	7404	8.3946	54	125.9250	27	125.9250
group_14457	414	565	1.3647	5	24.8403	2	19.8722
group_14458	213	1818	8.5352	14	135.1871	7	135.1871
group_14459	174	0	0.0000	0	0.0000	0	0.0000
group_14465	5535	2095	0.3785	14	5.2023	7	5.2023
tar	2679	39972	14.9205	271	208.0575	135	207.2898
cheW	594	3478	5.8552	24	83.1020	12	83.1020
group_14468	453	906	2.0000	6	27.2421	3	27.2421
group_14470	4473	11559	2.5842	79	36.3258	39	35.8660
group_14472	3303	2440	0.7387	12	7.4724	6	7.4724
group_14476	1197	573	0.4787	4	6.8731	2	6.8731
group_14477	891	3088	3.4658	19	43.8594	9	41.5510
group_14482	2331	0	0.0000	0	0.0000	0	0.0000
group_14480	1167	756	0.6478	6	10.5747	3	10.5747
group_14481	1431	7956	5.5597	53	76.1769	26	74.7396
group_14483	291	514	1.7663	4	28.2718	2	28.2718
group_14484	513	110	0.2144	2	8.0186	1	8.0186
group_14485	999	18786	18.8048	126	259.4131	63	259.4131
group_14488	5739	4677	0.8150	31	11.1100	15	10.7516
group_14489	2529	4827	1.9087	32	26.0248	16	26.0248
group_19253	1335	0	0.0000	0	0.0000	0	0.0000
group_14490	411	1691	4.1144	12	60.0518	6	60.0518
group_14491	1689	9381	5.5542	64	77.9358	32	77.9358
group_14493	1746	0	0.0000	0	0.0000	0	0.0000
group_14494	567	0	0.0000	0	0.0000	0	0.0000
group_14496	744	5327	7.1599	37	102.2859	18	99.5214
group_14498	1578	4037	2.5583	27	35.1920	13	33.8886
group_14499	438	2369	5.4087	17	79.8292	8	75.1333
group_14500	1329	0	0.0000	0	0.0000	0	0.0000
group_14501	696	6246	8.9741	44	130.0260	22	130.0260
thyA	1539	17417	11.3171	121	161.7088	60	160.3723
group_14502	270	1277	4.7296	11	83.7945	5	76.1769
group_14503	2751	9899	3.5983	67	50.0923	33	49.3447
group_14505	408	453	1.1103	3	15.1233	1	10.0822
group_14506	402	3488	8.6766	26	133.0253	13	133.0253
sIMPL	813	7851	9.6568	55	139.1422	27	136.6124
priA	2595	17457	6.7272	123	97.4888	61	96.6962
group_14507	1224	978	0.7990	7	11.7626	3	10.0822
tnpISMae6	1497	151	0.1009	1	1.3739	0	0.0000
group_14508	912	11551	12.6656	81	182.6741	40	180.4189
group_14509	1776	4199	2.3643	28	32.4266	14	32.4266
group_14510	987	37134	37.6231	264	550.1405	132	550.1405
group_14511	900	0	0.0000	0	0.0000	0	0.0000
group_14512	1077	2110	1.9591	14	26.7362	7	26.7362
group_14514	183	0	0.0000	0	0.0000	0	0.0000
group_14515	1260	4554	3.6143	32	52.2356	16	52.2356
group_14516	1308	1033	0.7898	7	11.0072	3	9.4347
group_14517	4623	7296	1.5782	52	23.1348	26	23.1348
group_14519	1122	15428	13.7504	104	190.6458	52	190.6458
group_14520	1902	4386	2.3060	30	32.4412	15	32.4412
group_14521	1473	9650	6.5513	66	92.1569	33	92.1569
group_14522	315	1500	4.7619	10	65.2944	5	65.2944
group_14523	438	1732	3.9543	12	56.3500	6	56.3500
group_14526	385	655	1.7013	5	26.7114	2	21.3691
group_14528	759	861	1.1344	6	16.2591	3	16.2591
group_14530	141	0	0.0000	0	0.0000	0	0.0000
group_14531	270	520	1.9259	6	45.7061	3	45.7061
group_14532	522	2662	5.0996	18	70.9233	9	70.9233
group_14533	390	302	0.7744	2	10.5476	1	10.5476
group_14535	2871	3720	1.2957	26	18.6263	13	18.6263
group_19254	1218	0	0.0000	0	0.0000	0	0.0000
group_14537	843	571	0.6773	4	9.7593	2	9.7593
group_14542	1083	151	0.1394	1	1.8991	0	0.0000
group_14543	7122	2708	0.3802	18	5.1983	9	5.1983
group_14545	288	750	2.6042	6	42.8495	3	42.8495
group_14546	297	302	1.0168	2	13.8503	1	13.8503
group_14547	432	6002	13.8935	43	204.7253	21	199.9643
group_14548	1452	9965	6.8629	70	99.1558	35	99.1558
group_14552	1551	5862	3.7795	41	54.3699	20	53.0438
group_14553	243	625	2.5720	5	42.3205	2	33.8564
group_16763	900	0	0.0000	0	0.0000	0	0.0000
group_14554	252	0	0.0000	0	0.0000	0	0.0000
group_14555	468	603	1.2885	4	17.5793	2	17.5793
group_14556	3159	13884	4.3951	95	61.8530	47	61.2019
group_14557	225	106	0.4711	2	18.2824	1	18.2824
group_14560	210	562	2.6762	5	48.9708	2	39.1767
group_14564	1824	4398	2.4112	30	33.8285	15	33.8285
group_14566	3303	11299	3.4208	76	47.3251	38	47.3251
group_14567	741	11233	15.1592	77	213.7270	38	210.9513
yjbI	1353	8725	6.4486	59	89.6894	29	88.1692
group_3	504	593	1.1766	4	16.3236	2	16.3236
group_4	303	0	0.0000	0	0.0000	0	0.0000
group_19256	195	286	1.4667	2	21.0951	1	21.0951
group_8	444	1690	3.8063	11	50.9561	5	46.3238
tnpISMae21	850	0	0.0000	0	0.0000	0	0.0000
tnpIS1634	1659	262	0.1579	2	2.4795	1	2.4795
pA5055	315	1254	3.9810	10	65.2944	5	65.2944
group_9	399	545	1.3659	4	20.6193	2	20.6193
group_13	1695	1032	0.6088	7	8.4941	3	7.2806
group_14	1059	3637	3.4344	25	48.5547	12	46.6125
group_19257	3678	631	0.1716	4	2.2368	2	2.2368
group_15	3978	10379	2.6091	79	40.8460	39	40.3289
group_16	732	1661	2.2691	11	30.9078	5	28.0980
group_18	18003	109833	6.1008	794	90.7115	397	90.7115
group_19	273	1761	6.4505	14	105.4756	7	105.4756
group_22	1461	2845	1.9473	20	28.1557	10	28.1557
group_23	1125	2911	2.5876	20	36.5649	10	36.5649
dnaE	1410	15712	11.1433	107	156.0815	53	154.6228
group_26	603	1580	2.6202	11	37.5199	5	34.1090
group_25	2025	8178	4.0385	57	57.8944	28	56.8787
group_27	732	0	0.0000	0	0.0000	0	0.0000
group_29	807	8294	10.2776	56	142.7254	28	142.7254
group_30	1524	9465	6.2106	64	86.3738	32	86.3738
group_31	291	8935	30.7045	64	452.3492	32	452.3492
group_32	663	0	0.0000	0	0.0000	0	0.0000
tnpISMae26	444	0	0.0000	0	0.0000	0	0.0000
group_35	405	1968	4.8593	14	71.0984	7	71.0984
tnpISNCY	1335	118141	88.4951	814	1254.0936	407	1254.0936
group_37	675	543	0.8044	4	12.1883	2	12.1883
rpnC	870	7557	8.6862	51	120.5696	25	118.2055
group_39	1107	3597	3.2493	24	44.5913	12	44.5913
group_40	855	4503	5.2667	32	76.9787	16	76.9787
group_41	483	4538	9.3954	32	136.2667	16	136.2667
ompR	366	2105	5.7514	15	84.2941	7	78.6745
cax	1110	906	0.8162	6	11.1177	3	11.1177
group_42	1437	8643	6.0146	59	84.4466	29	83.0153
group_18643	2991	2412	0.8064	16	11.0025	8	11.0025
uma2	795	1966	2.4730	14	36.2199	7	36.2199
group_43	1023	5018	4.9052	34	68.3581	17	68.3581
group_44	3447	6111	1.7728	42	25.0608	21	25.0608
group_46	1173	1359	1.1586	9	15.7809	4	14.0275
group_48	225	0	0.0000	0	0.0000	0	0.0000
group_51	486	76743	157.9074	568	2403.8031	284	2403.8031
tmk	693	5487	7.9177	38	112.7813	19	112.7813
group_62	459	491	1.0697	4	17.9240	2	17.9240
group_55	570	927	1.6263	6	21.6503	3	21.6503
group_57	2418	26178	10.8263	180	153.1098	90	153.1098
group_58	996	0	0.0000	0	0.0000	0	0.0000
tnpISMae39	987	0	0.0000	0	0.0000	0	0.0000
group_60	474	1048	2.2110	7	30.3743	3	26.0351
tnpISMae27	1089	582	0.5344	4	7.5547	2	7.5547
group_19258	1329	0	0.0000	0	0.0000	0	0.0000
group_65	1533	0	0.0000	0	0.0000	0	0.0000
pilW	2676	6405	2.3935	32	24.5952	16	24.5952
group_17440	303	0	0.0000	0	0.0000	0	0.0000
lpxC	1005	2320	2.3085	16	32.7447	8	32.7447
group_69	957	0	0.0000	0	0.0000	0	0.0000
group_70	294	1206	4.1020	9	62.9625	4	55.9667
group_71	261	151	0.5785	1	7.8804	0	0.0000
bamA	2205	13009	5.8998	89	83.0172	44	82.0845
cheA	987	8319	8.4286	57	118.7803	28	116.6965
group_73	1203	26862	22.3292	186	318.0051	93	318.0051
group_75	222	935	4.2117	8	74.1180	4	74.1180
group_77	837	957	1.1434	7	17.2012	3	14.7439
group_81	1593	2068	1.2982	15	19.3670	7	18.0759
group_82	279	104	0.3728	2	14.7439	1	14.7439
tnpIS630~~~tnpISMae26	951	8421	8.8549	56	121.1140	28	121.1140
group_83	453	0	0.0000	0	0.0000	0	0.0000
group_84	759	0	0.0000	0	0.0000	0	0.0000
group_85	405	0	0.0000	0	0.0000	0	0.0000
hipB	411	755	1.8370	5	25.0216	2	20.0173
group_86	507	1321	2.6055	9	36.5108	4	32.4540
group_89	1854	3604	1.9439	25	27.7343	12	26.6249
group_90	690	5023	7.2797	35	104.3292	17	101.3483
tnpIS1	411	5576	13.5669	42	210.1814	21	210.1814
group_91	210	2659	12.6619	22	215.4717	11	215.4717
group_92	468	1724	3.6838	13	57.1326	6	52.7378
group_93	1770	755	0.4266	5	5.8101	2	4.6481
group_96	978	0	0.0000	0	0.0000	0	0.0000
purH	1536	8338	5.4284	56	74.9866	28	74.9866
group_98	285	459	1.6105	5	36.0838	2	28.8670
rdgB	645	3980	6.1705	27	86.0976	13	82.9088
group_102	288	0	0.0000	0	0.0000	0	0.0000
group_103	15645	32864	2.1006	222	29.1853	111	29.1853
group_105	321	0	0.0000	0	0.0000	0	0.0000
group_106	726	1149	1.5826	8	22.6642	4	22.6642
group_107	981	0	0.0000	0	0.0000	0	0.0000
group_109	537	0	0.0000	0	0.0000	0	0.0000
group_110	1800	554	0.3078	4	4.5706	2	4.5706
group_112	405	924	2.2815	7	35.5492	3	30.4707
group_114	264	798	3.0227	7	54.5357	3	46.7449
cDA1	1998	5741	2.8734	39	40.1473	19	39.1178
yhhI	570	2882	5.0561	20	72.1675	10	72.1675
group_116	978	1414	1.4458	12	25.2365	6	25.2365
group_117	1494	317	0.2122	2	2.7534	1	2.7534
group_119	153	0	0.0000	0	0.0000	0	0.0000
group_121	708	151	0.2133	1	2.9050	0	0.0000
insQ	1230	906	0.7366	6	10.0330	3	10.0330
tnpIS5	900	0	0.0000	0	0.0000	0	0.0000
group_123	594	3326	5.5993	22	76.1769	11	76.1769
group_124	3150	21559	6.8441	145	94.6770	72	94.0240
group_126	228	0	0.0000	0	0.0000	0	0.0000
group_129	396	2785	7.0328	20	103.8775	10	103.8775
group_131	699	2424	3.4678	19	55.9066	9	52.9642
group_132	726	142	0.1956	2	5.6660	1	5.6660
lpd	1494	6144	4.1124	42	57.8210	21	57.8210
hisIE	726	2365	3.2576	17	48.1614	8	45.3284
group_135	1488	0	0.0000	0	0.0000	0	0.0000
tnpISMae9	1485	0	0.0000	0	0.0000	0	0.0000
group_138	1224	16309	13.3243	112	188.2016	56	188.2016
group_139	1440	1067	0.7410	7	9.9982	3	8.5699
gumC	2337	3771	1.6136	25	22.0023	12	21.1222
group_140	585	1463	2.5009	10	35.1585	5	35.1585
group_141	1689	15068	8.9213	105	127.8635	52	126.6457
group_142	1362	453	0.3326	3	4.5303	1	3.0202
ltrA	1761	1139	0.6468	8	9.3437	4	9.3437
group_145	195	0	0.0000	0	0.0000	0	0.0000
araJ	1731	3287	1.8989	23	27.3286	11	26.1404
group_147	237	306	1.2911	2	17.3568	1	17.3568
lipA	906	2364	2.6093	17	38.5929	8	36.3227
ycfA	387	1620	4.1860	14	74.4053	7	74.4053
group_151	423	0	0.0000	0	0.0000	0	0.0000
fxsT	3441	173898	50.5371	979	585.1737	489	584.5760
group_152	408	283	0.6936	3	15.1233	1	10.0822
group_19260	201	0	0.0000	0	0.0000	0	0.0000
group_159	990	151	0.1525	1	2.0776	0	0.0000
group_156	879	1963	2.2332	13	30.4187	6	28.0788
group_157	792	5187	6.5492	36	93.4898	18	93.4898
group_158	822	1318	1.6034	9	22.5194	4	20.0173
wcaA	957	18005	18.8140	126	270.7980	63	270.7980
group_161	17910	91936	5.1332	580	66.6069	290	66.6069
group_164	609	2240	3.6782	16	54.0368	8	54.0368
group_165	366	824	2.2514	7	39.3372	3	33.7176
hicB	237	0	0.0000	0	0.0000	0	0.0000
group_167	1209	1835	1.5178	13	22.1159	6	20.4146
group_168	1239	3678	2.9685	24	39.8407	12	39.8407
hmpF	1650	12354	7.4873	82	102.2155	41	102.2155
yfmG	1956	2855	1.4596	20	21.0304	10	21.0304
group_173	348	218	0.6264	2	11.8205	1	11.8205
group_174	2205	0	0.0000	0	0.0000	0	0.0000
group_175	1278	8684	6.7950	59	94.9528	29	93.3435
group_176	246	194	0.7886	2	16.7217	1	16.7217
group_179	816	3143	3.8517	22	55.4523	11	55.4523
surE	813	956	1.1759	8	20.2389	4	20.2389
group_181	450	0	0.0000	0	0.0000	0	0.0000
group_183	912	500	0.5482	4	9.0209	2	9.0209
group_184	801	669	0.8352	5	12.8388	2	10.2710
tnpA	453	4217	9.3091	31	140.7506	15	136.2103
group_185	6255	11021	1.7620	79	25.9769	39	25.6480
group_186	645	15486	24.0093	106	338.0127	53	338.0127
nnr2	1776	11826	6.6588	82	94.9637	41	94.9637
group_187	1197	10287	8.5940	69	118.5610	34	116.8427
group_188	1044	6570	6.2931	45	88.6541	22	86.6840
group_189	237	182	0.7679	2	17.3568	1	17.3568
group_190	444	0	0.0000	0	0.0000	0	0.0000
group_192	273	0	0.0000	0	0.0000	0	0.0000
group_197	540	2588	4.7926	18	68.5592	9	68.5592
group_198	354	551	1.5565	4	23.2404	2	23.2404
tnpIS607	594	906	1.5253	6	20.7755	3	20.7755
group_200	237	0	0.0000	0	0.0000	0	0.0000
group_201	1713	7192	4.1985	45	54.0309	22	52.8302
group_202	318	302	0.9497	2	12.9357	1	12.9357
group_203	456	2729	5.9846	21	94.7199	10	90.2094
group_207	486	151	0.3107	1	4.2320	0	0.0000
group_205	468	1084	2.3162	8	35.1585	4	35.1585
group_206	2910	7995	2.7474	53	37.4602	26	36.7534
group_208	1374	778	0.5662	6	8.9816	3	8.9816
group_210	438	1467	3.3493	10	46.9583	5	46.9583
manC	378	10664	28.2116	75	408.0903	37	402.6491
tnpISKra4	908	818	0.9009	8	18.1214	4	18.1214
group_213	1551	755	0.4868	5	6.6305	2	5.3044
group_215	327	302	0.9235	2	12.5797	1	12.5797
group_216	381	736	1.9318	4	21.5934	2	21.5934
group_217	678	5152	7.5988	35	106.1757	17	103.1421
group_223	255	351	1.3765	3	24.1974	1	16.1316
group_221	357	170	0.4762	2	11.5225	1	11.5225
group_224	282	0	0.0000	0	0.0000	0	0.0000
tnpISMae23~~~tnpIS630	1158	0	0.0000	0	0.0000	0	0.0000
group_226	1335	0	0.0000	0	0.0000	0	0.0000
group_227	1287	6473	5.0295	43	68.7190	21	67.1209
group_228	1239	4122	3.3269	28	46.4808	14	46.4808
group_229	1293	3529	2.7293	26	41.3582	13	41.3582
group_230	882	546	0.6190	4	9.3278	2	9.3278
group_234	699	0	0.0000	0	0.0000	0	0.0000
group_4342	321	1194	3.7196	8	51.2592	4	51.2592
group_231	474	1549	3.2679	11	47.7311	5	43.3919
group_232	222	0	0.0000	0	0.0000	0	0.0000
group_239	321	0	0.0000	0	0.0000	0	0.0000
group_235	963	9486	9.8505	70	149.5060	35	149.5060
group_237	396	302	0.7626	2	10.3878	1	10.3878
group_238	372	1749	4.7016	13	71.8766	6	66.3476
group_242	2760	2894	1.0486	21	15.6494	10	14.9042
group_243	1152	242	0.2101	2	3.5708	1	3.5708
group_245	3486	92509	26.5373	620	365.8063	310	365.8063
group_246	6567	1470	0.2238	14	4.3848	7	4.3848
cps2a	1878	11379	6.0591	78	85.4252	39	85.4252
group_247	390	732	1.8769	5	26.3689	2	21.0951
group_248	924	3943	4.2673	27	60.1006	13	57.8746
group_249	381	31751	83.3360	234	1263.2162	117	1263.2162
group_251	1125	1928	1.7138	13	23.7672	6	21.9389
group_252	3315	0	0.0000	0	0.0000	0	0.0000
group_254	1227	7796	6.3537	53	88.8420	26	87.1657
rfaB	1263	3395	2.6880	24	39.0836	12	39.0836
group_256	345	0	0.0000	0	0.0000	0	0.0000
group_259	3237	18901	5.8390	128	81.3306	64	81.3306
group_260	996	2641	2.6516	18	37.1706	9	37.1706
group_19262	492	869	1.7663	6	25.0826	3	25.0826
group_262	1464	456	0.3115	4	5.6196	2	5.6196
group_263	4137	32624	7.8859	218	108.3822	109	108.3822
group_264	546	1681	3.0788	10	37.6699	5	37.6699
group_265	804	1289	1.6032	9	23.0236	4	20.4654
group_266	462	2650	5.7359	19	84.5860	9	80.1341
group_267	1587	5134	3.2350	34	44.0645	17	44.0645
ggt	1749	4879	2.7896	33	38.8071	16	37.6311
group_269	327	302	0.9235	2	12.5797	1	12.5797
group_271	1332	446	0.3348	2	3.0883	1	3.0883
group_274	609	258	0.4236	2	6.7546	1	6.7546
group_273	391	4737	12.1151	34	178.8500	17	178.8500
dcm	1224	8605	7.0302	59	99.1419	29	97.4616
group_275	255	0	0.0000	0	0.0000	0	0.0000
group_14928	261	0	0.0000	0	0.0000	0	0.0000
group_276	1281	10544	8.2311	73	117.2089	36	115.6033
aarF	1680	10963	6.5256	79	96.7174	39	95.4931
group_278	387	461	1.1912	4	21.2587	2	21.2587
group_279	1995	4640	2.3258	31	31.9599	15	30.9289
pspA	714	3303	4.6261	23	66.2547	11	63.3740
group_281	1611	8407	5.2185	57	72.7723	28	71.4956
group_282	876	15195	17.3459	108	253.5750	54	253.5750
scyF	1053	3557	3.3780	21	41.0183	10	39.0651
group_19263	606	151	0.2492	1	3.3940	0	0.0000
group_289	1383	3921	2.8351	27	40.1540	13	38.6668
group_298	453	33840	74.7020	256	1162.3277	128	1162.3277
group_293	5664	1355	0.2392	9	3.2682	4	2.9050
group_295	1521	212	0.1394	2	2.7045	1	2.7045
group_296	660	2446	3.7061	18	56.0939	9	56.0939
group_297	177	0	0.0000	0	0.0000	0	0.0000
group_299	834	598	0.7170	4	9.8646	2	9.8646
group_300	445	0	0.0000	0	0.0000	0	0.0000
group_301	2922	60828	20.8172	419	294.9311	209	294.2272
group_302	897	449	0.5006	3	6.8788	1	4.5859
group_303	1695	1635	0.9646	13	15.7747	6	14.5612
yddA	2064	13593	6.5858	94	93.6710	47	93.6710
group_304	1119	1832	1.6372	14	25.7327	7	25.7327
group_305	1401	1510	1.0778	10	14.6808	5	14.6808
group_306	1710	453	0.2649	3	3.6084	1	2.4056
group_307	5145	2777	0.5397	19	7.5955	9	7.1957
group_308	456	236	0.5175	2	9.0209	1	9.0209
group_309	1122	433	0.3859	3	5.4994	1	3.6663
group_314	318	0	0.0000	0	0.0000	0	0.0000
ubiE	825	1812	2.1964	12	29.9167	6	29.9167
group_312	1335	4044	3.0292	27	41.5977	13	40.0570
yadH	903	5034	5.5748	35	79.7200	17	77.4423
group_313	1041	5683	5.4592	39	77.0550	19	75.0792
group_315	3063	0	0.0000	0	0.0000	0	0.0000
rsuA	717	3645	5.0837	29	83.1890	14	80.3204
group_318	576	13040	22.6389	91	324.9419	45	321.3711
group_320	1278	1151	0.9006	7	11.2656	3	9.6562
group_322	222	0	0.0000	0	0.0000	0	0.0000
ykfC~~~ltrA	1845	0	0.0000	0	0.0000	0	0.0000
group_325	249	1118	4.4900	8	66.0811	4	66.0811
group_327	267	0	0.0000	0	0.0000	0	0.0000
group_329	252	0	0.0000	0	0.0000	0	0.0000
group_330	1848	2666	1.4426	18	20.0335	9	20.0335
tnpB	1302	1837	1.4109	13	20.5362	6	18.9565
group_333	2343	2084	0.8895	15	13.1676	7	12.2897
group_334	627	1701	2.7129	12	39.3641	6	39.3641
group_19264	381	1211	3.1785	8	43.1869	4	43.1869
group_19082	2094	5734	2.7383	39	38.3067	19	37.3245
group_336	1233	5111	4.1452	37	61.7199	18	60.0518
group_340	1536	296	0.1927	2	2.6781	1	2.6781
group_342	867	755	0.8708	5	11.8614	2	9.4892
group_341	768	754	0.9818	5	13.3905	2	10.7124
group_19265	2073	1709	0.8244	12	11.9061	6	11.9061
group_344	783	820	1.0473	6	15.7607	3	15.7607
group_19266	291	0	0.0000	0	0.0000	0	0.0000
group_347	1302	3314	2.5453	23	36.3332	11	34.7535
group_349	288	0	0.0000	0	0.0000	0	0.0000
group_19267	663	0	0.0000	0	0.0000	0	0.0000
group_16595	1131	564	0.4987	4	7.2742	2	7.2742
group_350	414	900	2.1739	6	29.8083	3	29.8083
tnpISMae8~~~tnpISAs1	1122	151	0.1346	1	1.8331	0	0.0000
group_352	1098	12197	11.1084	84	157.3489	42	157.3489
group_353	228	426	1.8684	4	36.0838	2	36.0838
group_354	1602	619	0.3864	4	5.1355	2	5.1355
group_355	1524	3824	2.5092	26	35.0893	13	35.0893
group_356	387	292	0.7545	2	10.6293	1	10.6293
group_360	522	2325	4.4540	16	63.0429	8	63.0429
group_362	2352	4416	1.8776	30	26.2344	15	26.2344
group_363	1215	12921	10.6346	86	145.5824	43	145.5824
group_367	1887	1009	0.5347	9	9.8097	4	8.7198
yafQ	327	6275	19.1896	51	320.7814	25	314.4916
group_370	1257	0	0.0000	0	0.0000	0	0.0000
tnpIS630	1044	0	0.0000	0	0.0000	0	0.0000
group_372	843	5738	6.8066	38	92.7135	19	92.7135
group_373	234	0	0.0000	0	0.0000	0	0.0000
group_374	289	295	1.0208	2	14.2337	1	14.2337
group_375	771	2028	2.6304	14	37.3474	7	37.3474
group_378	390	151	0.3872	1	5.2738	0	0.0000
group_381	1239	699	0.5642	5	8.3001	2	6.6401
group_382	264	0	0.0000	0	0.0000	0	0.0000
group_383	3219	1964	0.6101	13	8.3063	6	7.6674
group_385	123	0	0.0000	0	0.0000	0	0.0000
group_386	333	2441	7.3303	18	111.1770	9	111.1770
group_387	387	3206	8.2842	26	138.1813	13	138.1813
group_19268	132	0	0.0000	0	0.0000	0	0.0000
group_388	231	136	0.5887	2	17.8076	1	17.8076
group_389	1185	9496	8.0135	66	114.5546	33	114.5546
group_391	516	2786	5.3992	19	75.7340	9	71.7480
group_392	498	0	0.0000	0	0.0000	0	0.0000
group_394	456	151	0.3311	1	4.5105	0	0.0000
group_395	513	0	0.0000	0	0.0000	0	0.0000
group_396	231	430	1.8615	3	26.7114	1	17.8076
group_397	936	3084	3.2949	22	48.3430	11	48.3430
group_398	1080	1652	1.5296	11	20.9486	5	19.0442
group_399	1410	1208	0.8567	8	11.6696	4	11.6696
group_400	732	0	0.0000	0	0.0000	0	0.0000
alaS	2694	45706	16.9659	328	250.4166	164	250.4166
group_401	201	151	0.7512	1	10.2327	0	0.0000
group_404	726	679	0.9353	5	14.1651	2	11.3321
group_407	258	0	0.0000	0	0.0000	0	0.0000
group_405	429	26316	61.3427	188	901.3374	94	901.3374
group_406	897	0	0.0000	0	0.0000	0	0.0000
hmoA	345	1050	3.0435	7	41.7317	3	35.7700
group_411	1242	151	0.1216	1	1.6560	0	0.0000
group_412	378	597	1.5794	5	27.2060	2	21.7648
gppA	1659	16477	9.9319	113	140.0938	56	138.8540
group_413	1365	5820	4.2637	41	61.7786	20	60.2718
group_414	1683	10398	6.1783	71	86.7683	35	85.5462
group_415	222	0	0.0000	0	0.0000	0	0.0000
group_416	1299	7590	5.8430	54	85.5010	27	85.5010
group_417	552	2093	3.7917	14	52.1646	7	52.1646
group_419	276	0	0.0000	0	0.0000	0	0.0000
group_420	279	1446	5.1828	11	81.0915	5	73.7195
group_421	999	1655	1.6567	11	22.6472	5	20.5883
group_423	750	609	0.8120	4	10.9695	2	10.9695
group_424	954	1132	1.1866	8	17.2476	4	17.2476
group_429	327	151	0.4618	1	6.2898	0	0.0000
group_427	1152	0	0.0000	0	0.0000	0	0.0000
group_428	303	302	0.9967	2	13.5761	1	13.5761
group_432	987	2012	2.0385	14	29.1741	7	29.1741
group_436	423	0	0.0000	0	0.0000	0	0.0000
kdpB	2190	23389	10.6799	163	153.0842	81	152.1450
tnpIS1380	1347	0	0.0000	0	0.0000	0	0.0000
group_435	504	108	0.2143	2	8.1618	1	8.1618
group_438	624	836	1.3397	6	19.7767	3	19.7767
group_441	555	1108	1.9964	8	29.6472	4	29.6472
group_444	375	2317	6.1787	17	93.2405	8	87.7557
group_445	438	1589	3.6279	11	51.6542	5	46.9583
group_446	921	2414	2.6211	16	35.7312	8	35.7312
group_447	543	4059	7.4751	28	106.0584	14	106.0584
group_448	816	1859	2.2782	14	35.2878	7	35.2878
group_450	1389	6334	4.5601	31	45.9035	15	44.4228
fabG	798	806	1.0100	6	15.4645	3	15.4645
group_452	171	0	0.0000	0	0.0000	0	0.0000
group_17759	261	0	0.0000	0	0.0000	0	0.0000
group_455	1203	11232	9.3367	76	129.9376	38	129.9376
group_459	198	0	0.0000	0	0.0000	0	0.0000
group_458	1065	11390	10.6948	79	152.5683	39	150.6371
yqxC	906	7473	8.2483	52	118.0489	26	118.0489
group_19270	258	355	1.3760	3	23.9160	1	15.9440
group_460	1236	118858	96.1634	791	1316.2695	395	1314.6055
group_461	195	390	2.0000	3	31.6427	1	21.0951
group_462	381	0	0.0000	0	0.0000	0	0.0000
group_464	1386	19309	13.9315	129	191.4315	64	189.9475
group_466	435	2862	6.5793	22	104.0208	11	104.0208
group_465	1383	754	0.5452	5	7.4359	2	5.9487
group_467	225	0	0.0000	0	0.0000	0	0.0000
group_19271	138	0	0.0000	0	0.0000	0	0.0000
pcp	573	2893	5.0489	21	75.3792	10	71.7897
group_473	285	151	0.5298	1	7.2168	0	0.0000
group_471	510	3262	6.3961	25	100.8223	12	96.7894
group_472	633	1162	1.8357	8	25.9940	4	25.9940
group_474	924	453	0.4903	3	6.6778	1	4.4519
group_475	1230	562	0.4569	4	6.6887	2	6.6887
group_478	1083	1225	1.1311	8	15.1932	4	15.1932
group_477	1545	2265	1.4660	15	19.9687	7	18.6374
group_479	324	604	1.8642	4	25.3923	2	25.3923
group_480	1194	3332	2.7906	27	46.5100	13	44.7874
group_481	285	800	2.8070	6	43.3005	3	43.3005
group_483	3099	11730	3.7851	79	52.4315	39	51.7678
phyH	933	10927	11.7117	74	163.1311	37	163.1311
group_485	1182	4694	3.9712	32	55.6826	16	55.6826
group_486	1476	8224	5.5718	57	79.4283	28	78.0348
group_488	312	0	0.0000	0	0.0000	0	0.0000
group_19272	786	0	0.0000	0	0.0000	0	0.0000
group_489	1194	0	0.0000	0	0.0000	0	0.0000
group_490	378	2525	6.6799	20	108.8241	10	108.8241
group_491	1044	0	0.0000	0	0.0000	0	0.0000
tnpIS5~~~tnpISMae4	894	10616	11.8747	68	156.4437	34	156.4437
group_492	3525	8430	2.3915	56	32.6750	28	32.6750
group_493	195	130	0.6667	2	21.0951	1	21.0951
group_495	159	0	0.0000	0	0.0000	0	0.0000
fmt	978	6855	7.0092	49	103.0491	24	100.9460
kdpA	1746	7200	4.1237	50	58.8996	25	58.8996
group_497	450	395	0.8778	3	13.7118	1	9.1412
group_498	1080	0	0.0000	0	0.0000	0	0.0000
pro0765	297	913	3.0741	7	48.4762	3	41.5510
group_501	621	359	0.5781	3	9.9361	1	6.6241
group_4921	285	154	0.5404	1	7.2168	0	0.0000
group_503	351	226	0.6439	2	11.7195	1	11.7195
group_506	204	145	0.7108	1	10.0822	0	0.0000
group_505	1284	6419	4.9992	44	70.4814	22	70.4814
group_507	987	0	0.0000	0	0.0000	0	0.0000
group_508	1212	11486	9.4769	79	134.0637	39	132.3667
group_509	432	134	0.3102	2	9.5221	1	9.5221
group_510	975	453	0.4646	3	6.3285	1	4.2190
group_511	789	1762	2.2332	13	33.8886	6	31.2818
copZ	441	428	0.9705	4	18.6556	2	18.6556
polA	2871	23138	8.0592	158	113.1907	79	113.1907
group_512	273	149	0.5458	1	7.5340	0	0.0000
group_513	7629	8174	1.0714	47	12.6712	23	12.4016
group_514	453	2340	5.1656	16	72.6455	8	72.6455
group_515	885	906	1.0237	6	13.9442	3	13.9442
group_516	1599	0	0.0000	0	0.0000	0	0.0000
cpdA	1056	7282	6.8958	50	97.3852	25	97.3852
group_517	2025	6594	3.2563	45	45.7061	22	44.6904
group_518	906	302	0.3333	2	4.5403	1	4.5403
group_519	351	1650	4.7009	12	70.3171	6	70.3171
group_520	1653	151	0.0913	1	1.2443	0	0.0000
group_521	1239	15743	12.7062	105	174.3030	52	172.6430
group_523	1551	2964	1.9110	20	26.5219	10	26.5219
group_524	240	385	1.6042	3	25.7097	1	17.1398
group_525	987	2567	2.6008	19	39.5934	9	37.5096
group_526	438	1619	3.6963	11	51.6542	5	46.9583
group_527	450	1837	4.0822	15	68.5592	7	63.9886
group_530	1164	159585	137.1005	1084	1915.4160	542	1915.4160
rutF	1731	3580	2.0682	25	29.7050	12	28.5168
group_532	489	0	0.0000	0	0.0000	0	0.0000
group_533	138	222	1.6087	2	29.8083	1	29.8083
group_535	453	876	1.9338	6	27.2421	3	27.2421
tnpISMae23	1158	228	0.1969	2	3.5523	1	3.5523
group_536	1626	1504	0.9250	10	12.6493	5	12.6493
group_537	681	0	0.0000	0	0.0000	0	0.0000
group_538	1637	2780	1.6982	20	25.1286	10	25.1286
pgeF	858	6682	7.7879	46	110.2700	23	110.2700
parA	888	9195	10.3547	65	150.5522	32	148.2360
group_539	561	18877	33.6488	126	461.9495	63	461.9495
group_541	3348	1276	0.3811	8	4.9146	4	4.9146
group_542	1152	120	0.1042	2	3.5708	1	3.5708
group_543	2013	3216	1.5976	23	23.5002	11	22.4784
group_545	234	0	0.0000	0	0.0000	0	0.0000
group_546	1194	1057	0.8853	7	12.0581	3	10.3356
group_547	219	152	0.6941	1	9.3917	0	0.0000
tnpIS30~~~tnpISMae39	987	0	0.0000	0	0.0000	0	0.0000
group_548	420	0	0.0000	0	0.0000	0	0.0000
tnpISMae21~~~tnpIS630	849	0	0.0000	0	0.0000	0	0.0000
group_551	273	319	1.1685	3	22.6019	1	15.0679
group_552	960	8452	8.8042	59	126.4060	29	124.2635
group_553	879	18040	20.5233	124	290.1480	62	290.1480
group_554	255	6097	23.9098	47	379.0919	23	371.0261
group_555	1797	1678	0.9338	4	4.5782	2	4.5782
mcrA~~~ltrA	1845	302	0.1637	2	2.2296	1	2.2296
group_557	540	1805	3.3426	13	49.5150	6	45.7061
group_558	636	1147	1.8035	8	25.8714	4	25.8714
group_559	3699	28906	7.8145	196	108.9829	98	108.9829
group_560	1065	41665	39.1221	298	575.5108	149	575.5108
group_561	1050	0	0.0000	0	0.0000	0	0.0000
group_562	807	1655	2.0508	12	30.5840	6	30.5840
group_563	669	2734	4.0867	21	64.5624	10	61.4880
group_564	1341	755	0.5630	5	7.6688	2	6.1350
rri1	510	1847	3.6216	13	52.4276	6	48.3947
group_565	1062	1132	1.0659	8	15.4936	4	15.4936
group_566	375	453	1.2080	3	16.4542	1	10.9695
melB	1701	11344	6.6690	78	94.3142	39	94.3142
group_569	411	5014	12.1995	34	170.1468	17	170.1468
group_19273	243	0	0.0000	0	0.0000	0	0.0000
group_571	678	236	0.3481	2	6.0672	1	6.0672
xerD	588	1587	2.6990	12	41.9750	6	41.9750
group_574	432	2509	5.8079	20	95.2211	10	95.2211
group_575	426	214	0.5023	2	9.6562	1	9.6562
group_576	2292	6154	2.6850	42	37.6896	21	37.6896
group_578	705	596	0.8454	4	11.6696	2	11.6696
group_580	4008	0	0.0000	0	0.0000	0	0.0000
group_19275	1236	6243	5.0510	44	73.2185	22	73.2185
group_582	1644	17208	10.4672	121	151.3807	60	150.1296
group_583	1227	302	0.2461	2	3.3525	1	3.3525
group_587	1194	3150	2.6382	21	36.1744	10	34.4518
group_590	321	1168	3.6386	9	57.6666	4	51.2592
group_591	510	2397	4.7000	16	64.5263	8	64.5263
group_593	696	62264	89.4598	438	1294.3499	219	1294.3499
group_594	240	268	1.1167	2	17.1398	1	17.1398
group_596	1110	9207	8.2946	64	118.5888	32	118.5888
group_19276	126	0	0.0000	0	0.0000	0	0.0000
group_19277	552	0	0.0000	0	0.0000	0	0.0000
group_601	252	0	0.0000	0	0.0000	0	0.0000
group_604	378	24425	64.6164	175	952.2107	87	946.7695
group_605	177	0	0.0000	0	0.0000	0	0.0000
group_606	807	3279	4.0632	22	56.0707	11	56.0707
group_607	394	28717	72.8858	198	1033.6078	99	1033.6078
group_608	1228	1964	1.5993	13	21.7737	6	20.0988
group_5233	285	0	0.0000	0	0.0000	0	0.0000
group_611	369	2509	6.7995	20	111.4783	10	111.4783
group_612	264	952	3.6061	7	54.5357	3	46.7449
group_613	2679	6863	2.5618	47	36.0838	23	35.3160
group_614	1224	4186	3.4199	30	50.4112	15	50.4112
group_615	1203	302	0.2510	2	3.4194	1	3.4194
group_617	1200	151	0.1258	1	1.7140	0	0.0000
group_621	987	0	0.0000	0	0.0000	0	0.0000
group_5246	573	2211	3.8586	15	53.8423	7	50.2528
group_623	1044	0	0.0000	0	0.0000	0	0.0000
group_625	900	0	0.0000	0	0.0000	0	0.0000
group_627	318	413	1.2987	3	19.4035	1	12.9357
group_629	1152	0	0.0000	0	0.0000	0	0.0000
group_632	306	0	0.0000	0	0.0000	0	0.0000
group_630	1431	4992	3.4885	33	47.4309	16	45.9936
group_633	426	0	0.0000	0	0.0000	0	0.0000
group_634	858	0	0.0000	0	0.0000	0	0.0000
group_636	1110	0	0.0000	0	0.0000	0	0.0000
group_637	393	203	0.5165	2	10.4670	1	10.4670
group_638	1836	1218	0.6634	8	8.9620	4	8.9620
group_639	1026	6434	6.2710	45	90.2094	22	88.2048
group_642	225	0	0.0000	0	0.0000	0	0.0000
group_643	405	0	0.0000	0	0.0000	0	0.0000
group_645	2229	311	0.1395	2	1.8455	1	1.8455
group_646	579	5202	8.9845	35	124.3301	17	120.7778
group_648	1935	1208	0.6243	8	8.5035	4	8.5035
group_649	696	2549	3.6624	19	56.1476	9	53.1925
group_654	1152	0	0.0000	0	0.0000	0	0.0000
group_652	1302	12762	9.8018	89	140.5937	44	139.0140
group_656	321	574	1.7882	4	25.6296	2	25.6296
group_657	1008	604	0.5992	4	8.1618	2	8.1618
group_658	510	1195	2.3431	9	36.2960	4	32.2631
group_659	666	912	1.3694	6	18.5295	3	18.5295
group_660	405	302	0.7457	2	10.1569	1	10.1569
speB	936	2546	2.7201	17	37.3560	8	35.1585
group_662	255	755	2.9608	5	40.3289	2	32.2631
group_663	2958	5654	1.9114	39	27.1177	19	26.4224
yuxK	561	3540	6.3102	27	98.9892	13	95.3229
group_664	1326	24419	18.4155	175	271.4447	87	269.8936
group_665	903	906	1.0033	6	13.6663	3	13.6663
group_666	285	0	0.0000	0	0.0000	0	0.0000
group_668	846	260	0.3073	2	4.8624	1	4.8624
group_669	255	0	0.0000	0	0.0000	0	0.0000
mazF	357	6639	18.5966	51	293.8250	25	288.0637
group_670	354	1126	3.1808	8	46.4808	4	46.4808
group_671	11439	14609	1.2771	98	17.6208	49	17.6208
group_673	1044	2522	2.4157	18	35.4616	9	35.4616
group_674	789	803	1.0177	6	15.6409	3	15.6409
group_675	267	784	2.9363	8	61.6262	4	61.6262
group_676	900	0	0.0000	0	0.0000	0	0.0000
group_677	1149	1056	0.9191	7	12.5304	3	10.7403
group_5388	727	737	1.0138	5	14.1456	2	11.3165
group_682	897	453	0.5050	3	6.8788	1	4.5859
group_685	249	0	0.0000	0	0.0000	0	0.0000
group_687	252	7019	27.8532	49	399.9285	24	391.7667
group_688	627	240	0.3828	2	6.5607	1	6.5607
group_693	3954	24936	6.3065	170	88.4299	85	88.4299
wcaG	1068	2568	2.4045	18	34.6647	9	34.6647
group_692	246	0	0.0000	0	0.0000	0	0.0000
pcrA	2322	23893	10.2898	167	147.9248	83	147.0391
group_695	552	979	1.7736	7	26.0823	3	22.3563
mET2~~~metX	1092	3176	2.9084	22	41.4369	11	41.4369
group_698	1194	0	0.0000	0	0.0000	0	0.0000
group_696	618	694	1.1230	5	16.6406	2	13.3125
group_699	1845	7763	4.2076	55	61.3131	27	60.1983
group_700	369	0	0.0000	0	0.0000	0	0.0000
group_701	354	410	1.1582	3	17.4303	1	11.6202
group_703	225	0	0.0000	0	0.0000	0	0.0000
group_705	868	4602	5.3018	31	73.4563	15	71.0867
group_19278	234	0	0.0000	0	0.0000	0	0.0000
group_707	450	910	2.0222	7	31.9943	3	27.4237
group_709	1353	4463	3.2986	31	47.1249	15	45.6048
group_711	210	492	2.3429	4	39.1767	2	39.1767
group_712	426	0	0.0000	0	0.0000	0	0.0000
group_713	840	4915	5.8512	34	83.2504	17	83.2504
group_714	579	6910	11.9344	48	170.5099	24	170.5099
group_715	291	0	0.0000	0	0.0000	0	0.0000
tldD	1446	12772	8.8326	88	125.1703	44	125.1703
group_719	318	0	0.0000	0	0.0000	0	0.0000
group_720	1206	5971	4.9511	40	68.2181	20	68.2181
group_721	699	5102	7.2990	36	105.9283	18	105.9283
group_17055	495	0	0.0000	0	0.0000	0	0.0000
group_723	243	585	2.4074	4	33.8564	2	33.8564
group_726	1080	6329	5.8602	43	81.8901	21	79.9857
group_727	618	2616	4.2330	19	63.2342	9	59.9061
group_17338	1188	8994	7.5707	60	103.8775	30	103.8775
group_19279	216	0	0.0000	0	0.0000	0	0.0000
group_729	357	1521	4.2605	12	69.1353	6	69.1353
group_730	999	9581	9.5906	67	137.9419	33	135.8830
cbiG	531	1517	2.8569	10	38.7340	5	38.7340
group_733	522	604	1.1571	4	15.7607	2	15.7607
group_734	228	3230	14.1667	26	234.5445	13	234.5445
group_735	957	2238	2.3386	17	36.5362	8	34.3870
group_736	1191	7199	6.0445	50	86.3466	25	86.3466
group_737	1044	5684	5.4444	38	74.8635	19	74.8635
group_738	1248	3639	2.9159	26	42.8495	13	42.8495
group_739	363	284	0.7824	2	11.3321	1	11.3321
group_5512	246	0	0.0000	0	0.0000	0	0.0000
group_741	225	0	0.0000	0	0.0000	0	0.0000
group_746	801	0	0.0000	0	0.0000	0	0.0000
group_5516	624	0	0.0000	0	0.0000	0	0.0000
group_744	342	4052	11.8480	30	180.4189	15	180.4189
group_745	414	381	0.9203	3	14.9042	1	9.9361
group_747	468	0	0.0000	0	0.0000	0	0.0000
group_750	189	0	0.0000	0	0.0000	0	0.0000
group_17319	1122	19414	17.3030	134	245.6398	67	245.6398
group_752	516	1090	2.1124	8	31.8880	4	31.8880
group_753	378	298	0.7884	2	10.8824	1	10.8824
group_755	1170	8494	7.2598	58	101.9598	29	101.9598
group_754	1167	8165	6.9966	56	98.6970	28	98.6970
group_5545	279	0	0.0000	0	0.0000	0	0.0000
group_757	156	0	0.0000	0	0.0000	0	0.0000
group_759	612	0	0.0000	0	0.0000	0	0.0000
group_761	1989	755	0.3796	5	5.1704	2	4.1363
group_762	1212	3285	2.7104	24	40.7282	12	40.7282
menH	864	5978	6.9190	42	99.9821	21	99.9821
group_763	498	302	0.6064	2	8.2601	1	8.2601
group_764	969	26462	27.3086	177	375.6958	88	373.5732
group_770	894	453	0.5067	3	6.9019	1	4.6013
group_766	1797	1716	0.9549	12	13.7347	6	13.7347
group_767	1509	182333	120.8304	1270	1731.0169	635	1731.0169
group_768	222	0	0.0000	0	0.0000	0	0.0000
group_769	315	0	0.0000	0	0.0000	0	0.0000
group_771	1122	2109	1.8797	14	25.6639	7	25.6639
group_772	747	2579	3.4525	18	49.5608	9	49.5608
lysR	780	1956	2.5077	16	42.1903	8	42.1903
group_773	669	35472	53.0224	256	787.0470	128	787.0470
group_775	429	302	0.7040	2	9.5887	1	9.5887
group_776	1242	1057	0.8510	7	11.5921	3	9.9361
group_777	528	662	1.2538	5	19.4770	2	15.5816
group_778	195	497	2.5487	4	42.1903	2	42.1903
group_779	870	1776	2.0414	12	28.3693	6	28.3693
group_780	870	4575	5.2586	32	75.6515	16	75.6515
group_783	279	243	0.8710	2	14.7439	1	14.7439
group_782	1227	0	0.0000	0	0.0000	0	0.0000
group_784	1110	7160	6.4505	50	92.6475	25	92.6475
group_785	4476	0	0.0000	0	0.0000	0	0.0000
group_786	1572	3927	2.4981	26	34.0179	13	34.0179
group_787	2748	322	0.1172	4	2.9939	2	2.9939
group_790	399	0	0.0000	0	0.0000	0	0.0000
group_789	444	982	2.2117	7	32.4266	3	27.7943
group_792	924	931	1.0076	7	15.5816	3	13.3557
group_793	222	12349	55.6261	95	880.1515	47	870.8868
group_794	300	357	1.1900	3	20.5678	1	13.7118
group_795	189	169	0.8942	2	21.7648	1	21.7648
mazE	396	850	2.1465	7	36.3571	3	31.1633
group_796	822	906	1.1022	6	15.0130	3	15.0130
group_797	441	0	0.0000	0	0.0000	0	0.0000
group_798	900	0	0.0000	0	0.0000	0	0.0000
tnpIS630~~~csa3	1071	151	0.1410	1	1.9204	0	0.0000
group_800	1332	9818	7.3709	68	105.0005	34	105.0005
group_801	1746	2871	1.6443	21	24.7378	10	23.5599
group_802	414	151	0.3647	1	4.9681	0	0.0000
group_19280	1044	5369	5.1427	37	72.8934	18	70.9233
group_803	834	50502	60.5540	349	860.6889	174	858.2227
group_805	3084	3389	1.0989	25	16.6730	12	16.0060
group_806	1242	2404	1.9356	16	26.4963	8	26.4963
group_813	321	9791	30.5016	74	474.1475	37	474.1475
group_808	1119	1033	0.9231	7	12.8663	3	11.0283
group_809	294	529	1.7993	4	27.9833	2	27.9833
group_810	1098	14198	12.9308	95	177.9541	47	176.0809
group_811	360	444	1.2333	3	17.1398	1	11.4265
ispF	480	2561	5.3354	19	81.4140	9	77.1291
pulA	2472	9400	3.8026	65	54.0819	32	53.2498
group_812	1011	2220	2.1958	19	38.6535	9	36.6191
group_815	219	0	0.0000	0	0.0000	0	0.0000
group_814	864	906	1.0486	6	14.2832	3	14.2832
phd	348	0	0.0000	0	0.0000	0	0.0000
yuzE	240	0	0.0000	0	0.0000	0	0.0000
group_817	879	3792	4.3140	24	56.1577	12	56.1577
group_818	2133	5383	2.5237	36	34.7135	18	34.7135
group_819	240	0	0.0000	0	0.0000	0	0.0000
group_820	510	277	0.5431	2	8.0658	1	8.0658
group_821	423	498	1.1773	4	19.4494	2	19.4494
group_822	1335	151	0.1131	1	1.5407	0	0.0000
group_823	540	0	0.0000	0	0.0000	0	0.0000
group_824	1281	1828	1.4270	14	22.4784	7	22.4784
group_825	276	1835	6.6486	14	104.3292	7	104.3292
group_828	1059	4680	4.4193	33	64.0921	16	62.1500
group_830	777	1208	1.5547	8	21.1766	4	21.1766
group_831	519	6689	12.8882	46	182.2961	23	182.2961
group_833	492	0	0.0000	0	0.0000	0	0.0000
pckA	1689	12929	7.6548	90	109.5973	45	109.5973
group_836	222	1511	6.8063	12	111.1770	6	111.1770
group_837	375	2644	7.0507	22	120.6641	11	120.6641
group_838	351	0	0.0000	0	0.0000	0	0.0000
group_5755	3201	2316	0.7235	16	10.2807	8	10.2807
group_5757	336	0	0.0000	0	0.0000	0	0.0000
group_842	297	130	0.4377	2	13.8503	1	13.8503
group_843	237	0	0.0000	0	0.0000	0	0.0000
group_5763	963	285	0.2960	2	4.2716	1	4.2716
group_844	327	0	0.0000	0	0.0000	0	0.0000
cobB	1377	6534	4.7451	45	67.2149	22	65.7212
group_852	306	0	0.0000	0	0.0000	0	0.0000
group_846	390	0	0.0000	0	0.0000	0	0.0000
group_847	246	366	1.4878	4	33.4435	2	33.4435
group_851	357	188	0.5266	2	11.5225	1	11.5225
group_849	378	147	0.3889	1	5.4412	0	0.0000
group_850	1698	6189	3.6449	43	52.0856	21	50.8743
group_855	1023	0	0.0000	0	0.0000	0	0.0000
group_854	540	151	0.2796	1	3.8088	0	0.0000
group_856	666	151	0.2267	1	3.0883	0	0.0000
group_858	705	1057	1.4993	7	20.4219	3	17.5045
group_859	606	4306	7.1056	31	105.2146	15	101.8206
group_861	171	0	0.0000	0	0.0000	0	0.0000
group_860	696	13493	19.3865	98	289.6034	49	289.6034
group_862	909	3679	4.0473	26	58.8297	13	58.8297
group_19281	261	1254	4.8046	8	63.0429	4	63.0429
group_867	675	34798	51.5526	235	716.0625	117	713.0154
group_864	330	760	2.3030	8	49.8612	4	49.8612
group_865	399	1609	4.0326	12	61.8579	6	61.8579
group_866	372	659	1.7715	4	22.1159	2	22.1159
bamD	2169	14937	6.8866	102	96.7225	51	96.7225
group_868	1248	0	0.0000	0	0.0000	0	0.0000
group_870	417	1645	3.9448	12	59.1878	6	59.1878
group_875	270	0	0.0000	0	0.0000	0	0.0000
group_874	192	148	0.7708	2	21.4247	1	21.4247
group_882	342	549	1.6053	4	24.0558	2	24.0558
group_878	270	1795	6.6481	14	106.6476	7	106.6476
group_879	348	2868	8.2414	22	130.0260	11	130.0260
group_880	480	3183	6.6313	26	111.4087	13	111.4087
group_881	5244	11719	2.2347	49	19.2185	24	18.8263
group_5851	864	755	0.8738	5	11.9026	2	9.5221
group_883	630	1510	2.3968	10	32.6472	5	32.6472
group_885	897	3771	4.2040	27	61.9096	13	59.6167
group_886	1278	8520	6.6667	57	91.7341	28	90.1247
group_888	579	4988	8.6149	34	120.7778	17	120.7778
group_890	267	328	1.2285	4	30.8131	2	30.8131
yggE	714	4806	6.7311	35	100.8223	17	97.9417
tnpIS5~~~tnpISMae6	1506	0	0.0000	0	0.0000	0	0.0000
group_891	804	1695	2.1082	12	30.6981	6	30.6981
group_892	981	162	0.1651	2	4.1932	1	4.1932
group_893	831	1208	1.4537	8	19.8005	4	19.8005
group_894	816	184	0.2255	2	5.0411	1	5.0411
group_895	237	0	0.0000	0	0.0000	0	0.0000
group_896	4200	3635	0.8655	25	12.2427	12	11.7530
group_897	1398	1823	1.3040	13	19.1259	6	17.6547
group_898	393	212	0.5394	2	10.4670	1	10.4670
group_899	750	0	0.0000	0	0.0000	0	0.0000
group_900	657	3245	4.9391	22	68.8722	11	68.8722
group_901	2211	2046	0.9254	15	13.9537	7	13.0235
group_903	2178	1963	0.9013	13	12.2764	6	11.3321
group_904	384	1350	3.5156	12	64.2742	6	64.2742
group_906	1080	0	0.0000	0	0.0000	0	0.0000
group_907	525	1708	3.2533	12	47.0120	6	47.0120
group_908	2253	1205	0.5348	8	7.3032	4	7.3032
group_909	705	4671	6.6255	29	84.6049	14	81.6875
group_910	141	0	0.0000	0	0.0000	0	0.0000
group_914	246	151	0.6138	1	8.3609	0	0.0000
group_916	1128	4636	4.1099	33	60.1716	16	58.3482
group_912	234	1346	5.7521	10	87.8964	5	87.8964
group_913	291	581	1.9966	5	35.3398	2	28.2718
group_915	204	0	0.0000	0	0.0000	0	0.0000
group_917	213	0	0.0000	0	0.0000	0	0.0000
group_924	849	4957	5.8386	34	82.3679	17	82.3679
group_923	843	3841	4.5563	27	65.8754	13	63.4355
group_919	258	369	1.4302	3	23.9160	1	15.9440
group_920	297	280	0.9428	4	27.7007	2	27.7007
group_922	999	244	0.2442	2	4.1177	1	4.1177
group_925	684	0	0.0000	0	0.0000	0	0.0000
group_926	954	3644	3.8197	26	56.0547	13	56.0547
group_5957	972	9184	9.4486	61	129.0775	30	126.9614
group_928	1071	7478	6.9823	50	96.0212	25	96.0212
group_929	375	4722	12.5920	33	180.9962	16	175.5115
group_930	309	0	0.0000	0	0.0000	0	0.0000
group_931	456	2950	6.4693	20	90.2094	10	90.2094
cadD	855	3767	4.4058	25	60.1396	12	57.7340
group_934	534	596	1.1161	4	15.4066	2	15.4066
group_935	369	1668	4.5203	13	72.4609	6	66.8870
group_936	507	12506	24.6667	89	361.0513	44	356.9945
group_939	276	150	0.5435	2	14.9042	1	14.9042
tnpIS630~~~tnpISMae22	1044	0	0.0000	0	0.0000	0	0.0000
group_941	219	151	0.6895	1	9.3917	0	0.0000
ecfT	837	7700	9.1995	54	132.6952	27	132.6952
group_942	1029	714	0.6939	6	11.9929	3	11.9929
group_946	228	230	1.0088	2	18.0419	1	18.0419
group_944	336	288	0.8571	2	12.2427	1	12.2427
group_945	486	1458	3.0000	9	38.0884	4	33.8564
group_947	2268	874	0.3854	6	5.4412	3	5.4412
group_949	210	151	0.7190	1	9.7942	0	0.0000
group_950	657	0	0.0000	0	0.0000	0	0.0000
group_6024	732	2899	3.9604	21	59.0058	10	56.1960
group_952	1050	691	0.6581	5	9.7942	2	7.8353
group_953	330	488	1.4788	4	24.9306	2	24.9306
group_19282	627	2068	3.2982	14	45.9248	7	45.9248
group_957	894	0	0.0000	0	0.0000	0	0.0000
group_956	420	0	0.0000	0	0.0000	0	0.0000
group_958	219	679	3.1005	6	56.3500	3	56.3500
group_960	1293	0	0.0000	0	0.0000	0	0.0000
group_962	432	1559	3.6088	11	52.3716	5	47.6105
group_964	228	666	2.9211	5	45.1047	2	36.0838
group_965	846	0	0.0000	0	0.0000	0	0.0000
group_966	2445	874	0.3575	6	5.0473	3	5.0473
group_969	630	3095	4.9127	22	71.8239	11	71.8239
coaE	603	5146	8.5340	36	122.7925	18	122.7925
group_970	813	1877	2.3087	13	32.8882	6	30.3583
ltrA~~~mcrA	1857	6428	3.4615	46	50.9487	23	50.9487
group_971	519	275	0.5299	2	7.9259	1	7.9259
group_972	363	541	1.4904	4	22.6642	2	22.6642
group_973	346	622	1.7977	6	35.6666	3	35.6666
group_974	222	151	0.6802	1	9.2648	0	0.0000
group_976	885	13448	15.1955	92	213.8117	46	213.8117
group_19284	399	1122	2.8120	7	36.0838	3	30.9289
group_978	363	291	0.8017	3	16.9981	1	11.3321
group_979	243	1296	5.3333	11	93.1050	5	84.6410
group_980	1059	5855	5.5288	39	75.7453	19	73.8031
group_981	1296	906	0.6991	6	9.5221	3	9.5221
group_982	873	1013	1.1604	7	16.4919	3	14.1359
group_983	702	6380	9.0883	48	140.6342	24	140.6342
group_984	198	0	0.0000	0	0.0000	0	0.0000
group_985	6996	11682	1.6698	81	23.8134	40	23.5194
group_992	1164	10252	8.8076	70	123.6892	35	123.6892
group_987	1287	8144	6.3279	57	91.0926	28	89.4945
group_990	1362	2403	1.7643	16	24.1618	8	24.1618
group_989	189	0	0.0000	0	0.0000	0	0.0000
ygiQ	1575	4137	2.6267	30	39.1767	15	39.1767
group_991	666	1776	2.6667	12	37.0590	6	37.0590
group_6130	252	1443	5.7262	10	81.6181	5	81.6181
group_994	2502	18785	7.5080	127	104.4007	63	103.5786
malE	1293	9461	7.3171	63	100.2141	31	98.6234
group_996	324	907	2.7994	6	38.0884	3	38.0884
mrp	1065	19007	17.8469	135	260.7180	67	258.7867
group_998	18681	49820	2.6669	347	38.2046	173	38.0945
group_999	993	0	0.0000	0	0.0000	0	0.0000
group_1001	828	4440	5.3623	28	69.5528	14	69.5528
dndD	1998	9523	4.7663	64	65.8827	32	65.8827
group_1003	864	4567	5.2859	32	76.1769	16	76.1769
group_1002	426	151	0.3545	1	4.8281	0	0.0000
group_1004	786	1659	2.1107	11	28.7844	5	26.1676
group_1005	510	84060	164.8235	601	2423.7684	300	2419.7355
group_1006	732	1279	1.7473	9	25.2882	4	22.4784
group_1010	942	619	0.6571	5	10.9171	2	8.7337
group_1009	924	305	0.3301	2	4.4519	1	4.4519
group_1011	489	17639	36.0716	127	534.1727	63	529.9666
group_1012	228	545	2.3904	4	36.0838	2	36.0838
group_1013	363	0	0.0000	0	0.0000	0	0.0000
mscK	1314	6748	5.1355	45	70.4375	22	68.8722
group_1015	1734	9700	5.5940	68	80.6578	34	80.6578
group_1016	1236	590	0.4773	4	6.6562	2	6.6562
group_1017	438	1661	3.7922	11	51.6542	5	46.9583
group_1018	2133	12050	5.6493	82	79.0696	41	79.0696
group_1019	1245	2829	2.2723	19	31.3885	9	29.7365
group_1021	216	1499	6.9398	11	104.7432	5	95.2211
estA	621	4683	7.5411	34	112.6093	17	112.6093
urtE	699	7873	11.2632	55	161.8350	27	158.8925
group_1025	1152	9445	8.1988	65	116.0507	32	114.2653
group_1026	1278	0	0.0000	0	0.0000	0	0.0000
group_1027	318	0	0.0000	0	0.0000	0	0.0000
group_1028	1134	224	0.1975	2	3.6275	1	3.6275
group_1029	1266	2979	2.3531	21	34.1171	10	32.4925
tPR	1710	2634	1.5404	18	21.6503	9	21.6503
ape1	552	5872	10.6377	40	149.0417	20	149.0417
group_1032	945	1867	1.9757	13	28.2943	6	26.1178
group_1033	675	390	0.5778	4	12.1883	2	12.1883
group_6218	960	895	0.9323	6	12.8548	3	12.8548
group_1036	240	0	0.0000	0	0.0000	0	0.0000
group_1038	177	934	5.2768	10	116.2020	5	116.2020
group_1044	240	0	0.0000	0	0.0000	0	0.0000
group_1040	201	217	1.0796	2	20.4654	1	20.4654
wbbJ	669	2274	3.3991	24	73.7857	12	73.7857
gcvT	1149	11287	9.8233	77	137.8344	38	136.0443
rqcH	1731	12358	7.1392	86	102.1852	43	102.1852
group_1041	1227	0	0.0000	0	0.0000	0	0.0000
group_1042	3873	3552	0.9171	24	12.7453	12	12.7453
group_1049	342	0	0.0000	0	0.0000	0	0.0000
group_1045	1305	5156	3.9510	35	55.1626	17	53.5865
group_1046	1008	0	0.0000	0	0.0000	0	0.0000
group_1048	588	0	0.0000	0	0.0000	0	0.0000
group_19285	573	604	1.0541	4	14.3579	2	14.3579
group_6265	1347	0	0.0000	0	0.0000	0	0.0000
group_1052	228	223	0.9781	2	18.0419	1	18.0419
yejR	1026	4114	4.0097	28	56.1303	14	56.1303
group_1054	552	3128	5.6667	21	78.2469	10	74.5208
group_1055	942	674	0.7155	6	13.1005	3	13.1005
group_1056	693	425	0.6133	3	8.9038	1	5.9359
grpE	690	604	0.8754	4	11.9233	2	11.9233
group_1059	522	8396	16.0843	62	244.2913	31	244.2913
group_1060	375	837	2.2320	6	32.9084	3	32.9084
group_1061	618	3307	5.3511	22	73.2185	11	73.2185
fhaC	1629	1251	0.7680	9	11.3634	4	10.1008
group_1063	258	0	0.0000	0	0.0000	0	0.0000
abcC	729	4170	5.7202	29	81.8196	14	78.9982
group_1065	594	2314	3.8956	16	55.4014	8	55.4014
group_1066	252	809	3.2103	6	48.9708	3	48.9708
group_1067	6486	9100	1.4030	60	19.0266	30	19.0266
group_1068	222	0	0.0000	0	0.0000	0	0.0000
group_1069	1224	7378	6.0278	50	84.0186	25	84.0186
ycf4	687	4029	5.8646	28	83.8278	14	83.8278
ppiB	744	8307	11.1653	57	157.5755	28	154.8110
tauE	762	6237	8.1850	47	126.8615	23	124.1623
group_1071	936	6526	6.9722	46	101.0808	23	101.0808
group_1073	993	5566	5.6052	39	80.7797	19	78.7084
group_1076	2175	2554	1.1743	11	10.4021	5	9.4564
group_1077	1041	0	0.0000	0	0.0000	0	0.0000
group_1078	2817	8079	2.8679	52	37.9667	26	37.9667
group_19287	1293	888	0.6868	6	9.5442	3	9.5442
group_1081	1146	3959	3.4546	26	46.6633	13	46.6633
group_1082	432	302	0.6991	2	9.5221	1	9.5221
group_1083	177	0	0.0000	0	0.0000	0	0.0000
group_1084	1155	1946	1.6848	13	23.1499	6	21.3691
group_1085	405	1147	2.8321	11	55.8630	5	50.7846
sirB	771	5523	7.1634	38	101.3715	19	101.3715
group_1087	1038	2396	2.3083	18	35.6666	9	35.6666
group_1088	720	0	0.0000	0	0.0000	0	0.0000
group_1090	546	720	1.3187	8	30.1359	4	30.1359
group_1091	882	604	0.6848	4	9.3278	2	9.3278
group_1095	231	825	3.5714	7	62.3265	3	53.4227
group_1096	480	1880	3.9167	14	59.9893	7	59.9893
tnpIS1380~~~tnpISMae9	1260	902	0.7159	6	9.7942	3	9.7942
group_1100	882	10581	11.9966	74	172.5639	37	172.5639
folK	480	3605	7.5104	24	102.8388	12	102.8388
group_1098	1866	16586	8.8885	117	128.9618	58	127.8595
fabB	1173	6513	5.5524	45	78.9044	22	77.1510
group_1099	993	887	0.8933	6	12.4276	3	12.4276
group_1103	669	602	0.8999	4	12.2976	2	12.2976
group_1101	1074	1807	1.6825	12	22.9807	6	22.9807
group_1102	1323	5712	4.3175	40	62.1852	20	62.1852
group_1104	699	3775	5.4006	26	76.5038	13	76.5038
group_1105	291	234	0.8041	2	14.1359	1	14.1359
group_1108	1194	1008	0.8442	8	13.7807	4	13.7807
group_1109	219	742	3.3881	6	56.3500	3	56.3500
group_1110	1029	1152	1.1195	8	15.9905	4	15.9905
group_1112	330	302	0.9152	2	12.4653	1	12.4653
group_19289	248	0	0.0000	0	0.0000	0	0.0000
group_1115	972	604	0.6214	4	8.4641	2	8.4641
group_1116	183	0	0.0000	0	0.0000	0	0.0000
group_1117	867	4007	4.6217	27	64.0518	13	61.6795
group_1118	336	302	0.8988	2	12.2427	1	12.2427
group_1119	1260	8965	7.1151	61	99.5740	30	97.9417
group_1128	861	906	1.0523	6	14.3329	3	14.3329
group_1125	258	0	0.0000	0	0.0000	0	0.0000
group_1122	10317	13501	1.3086	106	21.1319	53	21.1319
group_1123	1224	3948	3.2255	28	47.0504	14	47.0504
group_1124	408	151	0.3701	1	5.0411	0	0.0000
group_1126	1215	1053	0.8667	7	11.8497	3	10.1569
group_1127	567	0	0.0000	0	0.0000	0	0.0000
group_19290	483	151	0.3126	1	4.2583	0	0.0000
group_1129	1194	414	0.3467	3	5.1678	1	3.4452
group_1130	6015	1328	0.2208	18	6.1549	9	6.1549
group_1131	420	412	0.9810	3	14.6913	1	9.7942
group_1132	627	0	0.0000	0	0.0000	0	0.0000
group_1134	1629	5810	3.5666	39	49.2414	19	47.9788
group_1135	240	982	4.0917	8	68.5592	4	68.5592
group_1136	156	0	0.0000	0	0.0000	0	0.0000
group_1138	822	302	0.3674	2	5.0043	1	5.0043
group_1140	267	0	0.0000	0	0.0000	0	0.0000
group_1141	858	0	0.0000	0	0.0000	0	0.0000
group_1142	1086	15660	14.4199	104	196.9656	52	196.9656
group_1144	2169	0	0.0000	0	0.0000	0	0.0000
group_1145	2721	4460	1.6391	30	22.6767	15	22.6767
group_19291	192	151	0.7865	1	10.7124	0	0.0000
group_1147	270	368	1.3630	3	22.8531	1	15.2354
group_1148	1362	1080	0.7930	8	12.0809	4	12.0809
group_1152	1155	0	0.0000	0	0.0000	0	0.0000
group_1153	837	297	0.3548	2	4.9146	1	4.9146
group_1155	615	368	0.5984	3	10.0330	1	6.6887
group_1156	447	906	2.0268	6	27.6077	3	27.6077
pulG	552	898	1.6268	6	22.3563	3	22.3563
group_1159	189	1374	7.2698	10	108.8241	5	108.8241
group_1160	6825	7989	1.1705	57	17.1775	28	16.8761
group_1162	315	704	2.2349	5	32.6472	2	26.1178
group_1164	261	1036	3.9693	9	70.9233	4	63.0429
group_1165	2031	9137	4.4988	63	63.7995	31	62.7868
yaeI	852	4938	5.7958	34	82.0779	17	82.0779
dapL	1236	34259	27.7176	234	389.3895	117	389.3895
group_1169	438	178	0.4064	2	9.3917	1	9.3917
group_1168	789	916	1.1610	7	18.2477	3	15.6409
group_1178	471	1172	2.4883	8	34.9346	4	34.9346
group_1170	498	301	0.6044	2	8.2601	1	8.2601
group_1172	198	0	0.0000	0	0.0000	0	0.0000
group_1173	843	2027	2.4045	16	39.0373	8	39.0373
group_1174	708	73983	104.4958	506	1469.9551	253	1469.9551
group_1175	480	525	1.0938	3	12.8548	1	8.5699
group_6538	855	0	0.0000	0	0.0000	0	0.0000
group_1177	3339	4777	1.4307	37	22.7915	18	22.1755
group_1179	144	0	0.0000	0	0.0000	0	0.0000
group_1180	1995	3659	1.8341	25	25.7741	12	24.7432
group_1183	381	7948	20.8609	55	296.9098	27	291.5114
group_1182	1659	58652	35.3538	400	495.9072	200	495.9072
group_1188	651	8419	12.9324	58	183.2457	29	183.2457
group_1184	390	0	0.0000	0	0.0000	0	0.0000
group_1185	14097	4323	0.3067	30	4.3770	15	4.3770
group_1187	423	580	1.3712	4	19.4494	2	19.4494
group_1193	507	260	0.5128	2	8.1135	1	8.1135
group_1189	1248	2700	2.1635	17	28.0170	8	26.3689
group_1196	243	0	0.0000	0	0.0000	0	0.0000
group_6569	1215	9083	7.4757	61	103.2620	30	101.5691
group_1192	231	482	2.0866	4	35.6152	2	35.6152
hutI	1266	4506	3.5592	31	50.3634	15	48.7387
group_1199	561	901	1.6061	6	21.9976	3	21.9976
group_1194	186	0	0.0000	0	0.0000	0	0.0000
group_1195	288	699	2.4271	5	35.7079	2	28.5663
group_1197	180	0	0.0000	0	0.0000	0	0.0000
spy	2682	20497	7.6424	138	105.8296	69	105.8296
group_1198	204	0	0.0000	0	0.0000	0	0.0000
group_1203	648	2381	3.6744	17	53.9586	8	50.7846
group_1201	2577	1047	0.4063	7	5.5869	3	4.7888
tnpIS701	1269	0	0.0000	0	0.0000	0	0.0000
group_1202	501	383	0.7645	3	12.3160	1	8.2107
group_17129	426	0	0.0000	0	0.0000	0	0.0000
group_1204	750	142	0.1893	1	2.7424	0	0.0000
group_1205	1512	302	0.1997	2	2.7206	1	2.7206
group_1206	1065	2869	2.6939	20	38.6249	10	38.6249
group_1209	1224	4713	3.8505	32	53.7719	16	53.7719
group_1208	771	3758	4.8742	28	74.6948	14	74.6948
group_1211	627	1683	2.6842	12	39.3641	6	39.3641
yccC	2304	15670	6.8012	109	97.3040	54	96.4113
group_1214	579	0	0.0000	0	0.0000	0	0.0000
group_1215	1338	2718	2.0314	14	21.5208	7	21.5208
group_1216	1731	4689	2.7088	31	36.8342	15	35.6460
group_1217	312	0	0.0000	0	0.0000	0	0.0000
group_1218	141	0	0.0000	0	0.0000	0	0.0000
group_1219	936	773	0.8259	6	13.1845	3	13.1845
group_1220	717	61248	85.4226	382	1095.7993	191	1095.7993
group_1221	1197	151	0.1261	1	1.7183	0	0.0000
group_1222	465	141	0.3032	2	8.8463	1	8.8463
group_16071	4746	0	0.0000	0	0.0000	0	0.0000
group_1225	882	4417	5.0079	32	74.6222	16	74.6222
group_1227	1230	889	0.7228	6	10.0330	3	10.0330
group_19292	447	16160	36.1521	111	510.7428	55	506.1415
group_1229	1203	151	0.1255	1	1.7097	0	0.0000
group_1230	768	3589	4.6732	24	64.2742	12	64.2742
group_1231	201	0	0.0000	0	0.0000	0	0.0000
group_1233	1194	0	0.0000	0	0.0000	0	0.0000
group_1234	420	1477	3.5167	11	53.8679	5	48.9708
group_1235	1017	35728	35.1308	242	489.4195	121	489.4195
group_1236	381	0	0.0000	0	0.0000	0	0.0000
group_1237	783	4812	6.1456	32	84.0572	16	84.0572
group_19293	120	0	0.0000	0	0.0000	0	0.0000
group_1238	240	401	1.6708	3	25.7097	1	17.1398
group_1239	978	838	0.8569	6	12.6183	3	12.6183
group_1240	1449	0	0.0000	0	0.0000	0	0.0000
group_1241	5523	4450	0.8057	31	11.5445	15	11.1721
group_1242	858	0	0.0000	0	0.0000	0	0.0000
group_1244	219	1170	5.3425	10	93.9167	5	93.9167
group_1245	903	302	0.3344	2	4.5554	1	4.5554
group_1246	1269	301	0.2372	2	3.2416	1	3.2416
group_19294	333	293	0.8799	2	12.3530	1	12.3530
group_1248	321	0	0.0000	0	0.0000	0	0.0000
group_1249	9600	1004	0.1046	8	1.7140	4	1.7140
group_1250	444	745	1.6779	6	27.7943	3	27.7943
group_6706	1014	538	0.5306	4	8.1135	2	8.1135
group_1252	2763	31295	11.3265	209	155.5794	104	154.8350
group_1253	966	3324	3.4410	24	51.1000	12	51.1000
group_1254	1350	7469	5.5326	50	76.1769	25	76.1769
group_1255	882	906	1.0272	6	13.9917	3	13.9917
group_1257	306	822	2.6863	6	40.3289	3	40.3289
group_1258	1005	3059	3.0438	21	42.9774	10	40.9308
group_1259	1044	2108	2.0192	14	27.5813	7	27.5813
group_19295	495	0	0.0000	0	0.0000	0	0.0000
group_1261	1257	5131	4.0819	35	57.2690	17	55.6327
group_1263	1410	14437	10.2390	97	141.4945	48	140.0358
group_6734	1368	604	0.4415	4	6.0140	2	6.0140
group_1266	684	1141	1.6681	8	24.0558	4	24.0558
group_1267	1230	2961	2.4073	20	33.4435	10	33.4435
group_1268	1365	1432	1.0491	10	15.0679	5	15.0679
group_1269	1821	1358	0.7457	9	10.1653	4	9.0358
group_1271	957	1422	1.4859	11	23.6411	5	21.4919
group_1274	672	1352	2.0119	10	30.6068	5	30.6068
parE	300	439	1.4633	3	20.5678	1	13.7118
group_1275	2814	7644	2.7164	53	38.7381	26	38.0072
group_1277	576	2889	5.0156	20	71.4158	10	71.4158
group_1282	372	0	0.0000	0	0.0000	0	0.0000
group_1279	702	152	0.2165	1	2.9299	0	0.0000
group_1281	5124	74462	14.5320	355	142.4971	177	142.0957
group_14930	3195	1208	0.3781	8	5.1500	4	5.1500
group_1283	279	0	0.0000	0	0.0000	0	0.0000
group_19296	228	0	0.0000	0	0.0000	0	0.0000
group_19297	1269	302	0.2380	2	3.2416	1	3.2416
group_1285	273	798	2.9231	8	60.2718	4	60.2718
group_1286	288	2541	8.8229	18	128.5484	9	128.5484
group_19298	225	0	0.0000	0	0.0000	0	0.0000
higA	435	453	1.0414	3	14.1847	1	9.4564
group_1288	954	6664	6.9853	46	99.1736	23	99.1736
group_1289	807	306	0.3792	2	5.0973	1	5.0973
group_1291	1746	0	0.0000	0	0.0000	0	0.0000
group_1292	222	0	0.0000	0	0.0000	0	0.0000
group_1293	282	0	0.0000	0	0.0000	0	0.0000
group_1294	984	1780	1.8089	7	14.6315	3	12.5413
group_1296	714	453	0.6345	3	8.6419	1	5.7613
group_1297	231	151	0.6537	1	8.9038	0	0.0000
group_19299	1122	151	0.1346	1	1.8331	0	0.0000
phoH	219	0	0.0000	0	0.0000	0	0.0000
group_1302	1209	1112	0.9198	8	13.6098	4	13.6098
pta	2343	17406	7.4289	118	103.5849	59	103.5849
group_1306	1320	3037	2.3008	21	32.7214	10	31.1633
group_1304	192	0	0.0000	0	0.0000	0	0.0000
group_1305	306	1865	6.0948	13	87.3793	6	80.6578
group_15065	243	960	3.9506	8	67.7128	4	67.7128
phnP	930	6904	7.4237	49	108.3677	24	106.1561
group_1307	1368	3928	2.8713	26	39.0908	13	39.0908
group_1308	303	305	1.0066	3	20.3641	1	13.5761
group_1309	1269	0	0.0000	0	0.0000	0	0.0000
group_1311	366	1030	2.8142	7	39.3372	3	33.7176
group_1312	777	3260	4.1956	22	58.2356	11	58.2356
clcA	1347	5815	4.3170	40	61.0772	20	61.0772
group_1313	228	5218	22.8860	44	396.9215	22	396.9215
group_1315	192	0	0.0000	0	0.0000	0	0.0000
group_1316	1071	5078	4.7414	35	67.2149	17	65.2944
group_1317	1671	604	0.3615	4	4.9235	2	4.9235
group_1318	783	600	0.7663	4	10.5072	2	10.5072
group_1324	201	328	1.6318	4	40.9308	2	40.9308
group_1319	237	741	3.1266	6	52.0703	3	52.0703
group_1320	5466	2902	0.5309	16	6.0206	8	6.0206
group_1321	153	176	1.1503	2	26.8859	1	26.8859
group_1322	1446	302	0.2089	2	2.8448	1	2.8448
group_19300	2274	1035	0.4551	7	6.3313	3	5.4268
group_1325	285	483	1.6947	5	36.0838	2	28.8670
group_1326	105	0	0.0000	0	0.0000	0	0.0000
group_19301	192	389	2.0260	3	32.1371	1	21.4247
group_1328	225	0	0.0000	0	0.0000	0	0.0000
group_1329	231	146	0.6320	2	17.8076	1	17.8076
group_1330	198	0	0.0000	0	0.0000	0	0.0000
group_1331	1212	1208	0.9967	8	13.5761	4	13.5761
group_1332	204	0	0.0000	0	0.0000	0	0.0000
group_1333	1095	2110	1.9269	14	26.2967	7	26.2967
group_1334	807	151	0.1871	1	2.5487	0	0.0000
group_1336	324	550	1.6975	4	25.3923	2	25.3923
group_1337	258	420	1.6279	3	23.9160	1	15.9440
group_1338	214	0	0.0000	0	0.0000	0	0.0000
c2c8	1875	256	0.1365	2	2.1939	1	2.1939
group_1339	546	4194	7.6813	29	109.2426	14	105.4756
group_1340	447	0	0.0000	0	0.0000	0	0.0000
group_1344	240	302	1.2583	2	17.1398	1	17.1398
group_1343	4854	7451	1.5350	52	22.0338	26	22.0338
group_1347	435	4565	10.4943	33	156.0312	16	151.3030
group_6921	678	902	1.3304	6	18.2015	3	18.2015
group_1345	7692	17759	2.3088	86	22.9957	43	22.9957
group_1350	2610	141788	54.3249	928	731.2978	464	731.2978
group_1351	621	263	0.4235	2	6.6241	1	6.6241
group_1352	222	112	0.5045	1	9.2648	0	0.0000
group_1353	2160	2311	1.0699	17	16.1876	8	15.2354
group_1354	663	874	1.3183	6	18.6133	3	18.6133
group_1355	813	1290	1.5867	9	22.7687	4	20.2389
group_1358	549	629	1.1457	5	18.7320	2	14.9856
group_1363	456	0	0.0000	0	0.0000	0	0.0000
group_1360	237	2425	10.2321	18	156.2108	9	156.2108
group_1361	1257	2596	2.0652	18	29.4526	9	29.4526
group_1362	1089	6650	6.1065	47	88.7681	23	86.8794
group_1364	306	989	3.2320	8	53.7719	4	53.7719
group_1366	1224	5251	4.2900	36	60.4934	18	60.4934
group_1367	1188	4051	3.4099	27	46.7449	13	45.0136
tACO1	771	2207	2.8625	17	45.3504	8	42.6828
group_1369	423	1389	3.2837	14	68.0729	7	68.0729
queE	639	2334	3.6526	16	51.4998	8	51.4998
rtcB	1206	10310	8.5489	75	127.9089	37	126.2035
dnaB	1368	5757	4.2083	39	58.6361	19	57.1326
group_1373	594	299	0.5034	2	6.9252	1	6.9252
group_1374	519	0	0.0000	0	0.0000	0	0.0000
group_1376	300	295	0.9833	2	13.7118	1	13.7118
group_1379	768	18013	23.4544	121	324.0492	60	321.3711
group_1385	1461	0	0.0000	0	0.0000	0	0.0000
group_1383	906	277	0.3057	2	4.5403	1	4.5403
group_1381	1089	0	0.0000	0	0.0000	0	0.0000
group_1382	1230	151	0.1228	1	1.6722	0	0.0000
group_16341	903	528	0.5847	4	9.1109	2	9.1109
group_1384	525	3143	5.9867	25	97.9417	12	94.0240
group_19302	621	2413	3.8857	17	56.3046	8	52.9926
group_1386	348	847	2.4339	6	35.4616	3	35.4616
group_19303	390	0	0.0000	0	0.0000	0	0.0000
group_1389	1023	7886	7.7087	53	106.5582	26	104.5477
group_1390	1380	0	0.0000	0	0.0000	0	0.0000
group_1394	312	302	0.9679	2	13.1845	1	13.1845
group_1395	393	151	0.3842	1	5.2335	0	0.0000
group_1399	906	154	0.1700	2	4.5403	1	4.5403
hEAT	996	3110	3.1225	23	47.4958	11	45.4308
group_1397	366	1186	3.2404	9	50.5764	4	44.9568
group_1398	3771	2692	0.7139	24	13.0901	12	13.0901
group_19304	735	1549	2.1075	11	30.7817	5	27.9833
group_1401	1590	1730	1.0881	12	15.5228	6	15.5228
group_1402	600	895	1.4917	6	20.5678	3	20.5678
group_1403	1062	2317	2.1817	17	32.9239	8	30.9872
group_1404	810	302	0.3728	2	5.0785	1	5.0785
group_1405	573	0	0.0000	0	0.0000	0	0.0000
group_1407	561	428	0.7629	6	21.9976	3	21.9976
group_1408	1125	2835	2.5200	19	34.7366	9	32.9084
group_1410	324	8627	26.6265	64	406.2766	32	406.2766
group_1411	858	302	0.3520	2	4.7943	1	4.7943
group_14729	6039	14873	2.4628	92	31.3336	46	31.3336
group_1412	342	3409	9.9678	24	144.3351	12	144.3351
group_1413	1407	4502	3.1997	31	45.3163	15	43.8545
group_1414	318	1128	3.5472	8	51.7428	4	51.7428
group_1416	1059	2380	2.2474	16	31.0750	8	31.0750
group_19306	561	0	0.0000	0	0.0000	0	0.0000
group_1417	834	4365	5.2338	30	73.9847	15	73.9847
group_1418	846	755	0.8924	5	12.1559	2	9.7247
group_1419	258	0	0.0000	0	0.0000	0	0.0000
cas1	1977	1796	0.9084	12	12.4842	6	12.4842
group_1423	963	558	0.5794	4	8.5432	2	8.5432
group_1422	5769	59409	10.2980	277	98.7566	138	98.4001
group_1424	1509	0	0.0000	0	0.0000	0	0.0000
hisJ	1512	14353	9.4927	99	134.6698	49	133.3095
group_1425	300	361	1.2033	3	20.5678	1	13.7118
csa3	474	3640	7.6793	26	112.8189	13	112.8189
group_1427	1335	151	0.1131	1	1.5407	0	0.0000
group_1429	1047	2543	2.4288	17	33.3956	8	31.4311
group_1430	657	2944	4.4810	21	65.7417	10	62.6111
group_1432	447	453	1.0134	3	13.8039	1	9.2026
group_1431	867	0	0.0000	0	0.0000	0	0.0000
tnpISMae24	999	292	0.2923	2	4.1177	1	4.1177
group_19308	1023	1057	1.0332	7	14.0737	3	12.0632
group_1436	381	200	0.5249	2	10.7967	1	10.7967
group_1435	474	709	1.4958	5	21.6959	2	17.3568
group_1437	3750	273	0.0728	2	1.0969	1	1.0969
group_1444	294	0	0.0000	0	0.0000	0	0.0000
group_1438	351	509	1.4501	4	23.4390	2	23.4390
group_1439	924	442	0.4784	3	6.6778	1	4.4519
group_1440	411	511	1.2433	4	20.0173	2	20.0173
group_1441	192	274	1.4271	4	42.8495	2	42.8495
group_1442	1113	0	0.0000	0	0.0000	0	0.0000
group_1447	420	978	2.3286	7	34.2796	3	29.3825
group_1449	192	0	0.0000	0	0.0000	0	0.0000
group_1450	870	2551	2.9322	17	40.1899	8	37.8257
group_1451	1209	6557	5.4235	44	74.8537	22	74.8537
group_1452	843	2265	2.6868	15	36.5974	7	34.1576
group_1453	861	4834	5.6144	33	78.8311	16	76.4423
group_1456	570	506	0.8877	4	14.4335	2	14.4335
group_1457	2025	10278	5.0756	70	71.0984	35	71.0984
group_1458	1011	1895	1.8744	13	26.4472	6	24.4128
group_1462	378	492	1.3016	4	21.7648	2	21.7648
group_1460	528	453	0.8580	3	11.6862	1	7.7908
group_7200	1692	755	0.4462	5	6.0779	2	4.8624
group_19310	408	0	0.0000	0	0.0000	0	0.0000
group_1465	225	0	0.0000	0	0.0000	0	0.0000
group_1475	1218	0	0.0000	0	0.0000	0	0.0000
group_1467	447	0	0.0000	0	0.0000	0	0.0000
group_1474	258	0	0.0000	0	0.0000	0	0.0000
group_1469	918	7825	8.5240	55	123.2273	27	120.9868
group_1470	780	9197	11.7910	65	171.3979	32	168.7610
group_7217	558	0	0.0000	0	0.0000	0	0.0000
group_1473	948	2090	2.2046	14	30.3743	7	30.3743
group_1476	279	0	0.0000	0	0.0000	0	0.0000
group_1480	2721	31885	11.7181	220	166.2957	110	166.2957
group_1478	294	155	0.5272	1	6.9958	0	0.0000
group_1479	333	152	0.4565	2	12.3530	1	12.3530
group_19311	408	0	0.0000	0	0.0000	0	0.0000
group_1482	846	302	0.3570	2	4.8624	1	4.8624
group_1484	1143	1525	1.3342	11	19.7940	5	17.9945
nlpD	1854	11101	5.9876	76	84.3122	38	84.3122
group_19312	1359	18350	13.5026	130	196.7482	65	196.7482
group_1486	588	0	0.0000	0	0.0000	0	0.0000
group_1487	294	437	1.4864	3	20.9875	1	13.9917
group_1489	1197	8968	7.4921	62	106.5330	31	106.5330
group_1491	147	0	0.0000	0	0.0000	0	0.0000
group_17466	342	517	1.5117	4	24.0558	2	24.0558
group_1493	210	0	0.0000	0	0.0000	0	0.0000
group_1495	2502	2323	0.9285	16	13.1528	8	13.1528
group_19314	846	1451	1.7151	10	24.3118	5	24.3118
group_1496	366	2288	6.2514	16	89.9137	8	89.9137
group_19315	990	0	0.0000	0	0.0000	0	0.0000
group_19316	195	0	0.0000	0	0.0000	0	0.0000
group_1498	1074	618	0.5754	5	9.5753	2	7.6602
group_1499	582	565	0.9708	4	14.1359	2	14.1359
group_19317	1746	10236	5.8625	72	84.8155	36	84.8155
group_1500	612	2411	3.9395	18	60.4934	9	60.4934
group_1501	822	781	0.9501	6	15.0130	3	15.0130
group_1502	765	174	0.2275	2	5.3772	1	5.3772
group_16600	843	3924	4.6548	27	65.8754	13	63.4355
group_1504	879	577	0.6564	5	11.6995	2	9.3596
group_1505	612	494	0.8072	4	13.4430	2	13.4430
group_1506	3579	1722	0.4811	14	8.0455	7	8.0455
group_1507	183	0	0.0000	0	0.0000	0	0.0000
group_19318	222	151	0.6802	1	9.2648	0	0.0000
group_1508	2178	1025	0.4706	7	6.6104	3	5.6660
group_15000	2328	906	0.3892	6	5.3010	3	5.3010
pGRP	2667	3726	1.3971	26	20.0511	13	20.0511
group_1510	333	0	0.0000	0	0.0000	0	0.0000
group_1511	324	150	0.4630	1	6.3481	0	0.0000
group_1512	1356	0	0.0000	0	0.0000	0	0.0000
group_1513	261	149	0.5709	1	7.8804	0	0.0000
group_1516	648	0	0.0000	0	0.0000	0	0.0000
group_1518	1065	302	0.2836	2	3.8625	1	3.8625
group_7352	1227	0	0.0000	0	0.0000	0	0.0000
group_7354	660	0	0.0000	0	0.0000	0	0.0000
group_1520	1083	11189	10.3315	78	148.1334	39	148.1334
group_1521	1155	25663	22.2190	173	308.0711	86	306.2903
group_1526	684	580	0.8480	4	12.0279	2	12.0279
group_1528	342	0	0.0000	0	0.0000	0	0.0000
group_1525	471	453	0.9618	3	13.1005	1	8.7337
group_1527	918	0	0.0000	0	0.0000	0	0.0000
group_1530	1095	0	0.0000	0	0.0000	0	0.0000
group_1529	210	278	1.3238	2	19.5883	1	19.5883
group_1534	243	206	0.8477	2	16.9282	1	16.9282
group_1531	1902	4901	2.5768	35	37.8481	17	36.7667
group_19063	570	1926	3.3789	13	46.9089	6	43.3005
group_1538	1032	1914	1.8547	14	27.9020	7	27.9020
group_1537	1194	0	0.0000	0	0.0000	0	0.0000
group_1539	1113	142797	128.2992	1038	1918.1784	519	1918.1784
group_1541	990	734	0.7414	6	12.4653	3	12.4653
group_1542	11169	1230	0.1101	8	1.4732	4	1.4732
group_1543	1218	48739	40.0156	336	567.3862	168	567.3862
group_1544	327	3433	10.4985	24	150.9560	12	150.9560
group_1548	408	0	0.0000	0	0.0000	0	0.0000
group_1546	1080	0	0.0000	0	0.0000	0	0.0000
group_1547	390	425	1.0897	2	10.5476	1	10.5476
group_1553	1005	0	0.0000	0	0.0000	0	0.0000
group_1549	1509	184373	122.1822	1262	1720.1128	631	1720.1128
group_1550	189	0	0.0000	0	0.0000	0	0.0000
group_1551	273	375	1.3736	3	22.6019	1	15.0679
group_7418	1536	3614	2.3529	26	34.8152	13	34.8152
group_19313	675	546	0.8089	4	12.1883	2	12.1883
group_1554	1341	5387	4.0172	39	59.8167	19	58.2830
group_1555	228	327	1.4342	3	27.0628	1	18.0419
phrB	1554	876	0.5637	8	10.5883	4	10.5883
group_1559	534	0	0.0000	0	0.0000	0	0.0000
group_1558	513	0	0.0000	0	0.0000	0	0.0000
group_1562	1020	302	0.2961	2	4.0329	1	4.0329
group_1560	2304	6798	2.9505	46	41.0641	23	41.0641
group_1561	288	848	2.9444	6	42.8495	3	42.8495
group_1563	675	0	0.0000	0	0.0000	0	0.0000
group_1564	240	186	0.7750	2	17.1398	1	17.1398
group_1566	534	190	0.3558	2	7.7033	1	7.7033
group_1567	732	428	0.5847	4	11.2392	2	11.2392
group_1568	1494	900	0.6024	6	8.2601	3	8.2601
group_1569	189	721	3.8148	5	54.4120	2	43.5296
group_1570	1335	0	0.0000	0	0.0000	0	0.0000
group_1573	3606	3598	0.9978	24	13.6890	12	13.6890
group_1574	150	0	0.0000	0	0.0000	0	0.0000
group_1576	678	0	0.0000	0	0.0000	0	0.0000
yddW	1023	5846	5.7146	40	80.4213	20	80.4213
group_1579	228	290	1.2719	2	18.0419	1	18.0419
group_1580	516	36077	69.9167	246	980.5556	123	980.5556
group_1582	351	493	1.4046	4	23.4390	2	23.4390
group_1583	888	35159	39.5935	239	553.5690	119	551.2528
group_1584	564	6113	10.8387	45	164.1044	22	160.4576
group_1586	990	0	0.0000	0	0.0000	0	0.0000
iolE	1164	0	0.0000	0	0.0000	0	0.0000
group_1587	861	48370	56.1789	336	802.6440	168	802.6440
group_1588	1017	2943	2.8938	20	40.4479	10	40.4479
group_1591	3375	52783	15.6394	357	217.5611	178	216.9517
group_1590	210	0	0.0000	0	0.0000	0	0.0000
group_1596	195	302	1.5487	2	21.0951	1	21.0951
group_1592	1635	638	0.3902	2	2.5159	1	2.5159
group_1597	9972	10894	1.0925	88	18.1504	44	18.1504
group_1594	1095	1954	1.7845	13	24.4183	6	22.5400
group_1595	201	151	0.7512	1	10.2327	0	0.0000
group_19319	324	0	0.0000	0	0.0000	0	0.0000
group_18494	180	0	0.0000	0	0.0000	0	0.0000
group_1599	2604	3598	1.3817	25	19.7463	12	18.9565
group_1600	492	7836	15.9268	57	238.2849	28	234.1045
group_7559	129	0	0.0000	0	0.0000	0	0.0000
group_1603	600	604	1.0067	4	13.7118	2	13.7118
group_1606	1194	981	0.8216	7	12.0581	3	10.3356
group_1605	489	538	1.1002	4	16.8243	2	16.8243
vapC	453	3984	8.7947	29	131.6699	14	127.1296
group_1610	651	717	1.1014	6	18.9565	3	18.9565
group_1607	1206	18505	15.3441	122	208.0651	61	208.0651
group_1608	819	0	0.0000	0	0.0000	0	0.0000
group_1609	1311	5392	4.1129	36	56.4790	18	56.4790
group_1611	1053	23790	22.5926	160	312.5204	80	312.5204
group_1613	312	842	2.6987	6	39.5534	3	39.5534
group_1614	243	0	0.0000	0	0.0000	0	0.0000
group_1623	371	198	0.5337	2	11.0877	1	11.0877
group_1616	354	453	1.2797	3	17.4303	1	11.6202
group_1617	261	1375	5.2682	10	78.8036	5	78.8036
group_1619	189	0	0.0000	0	0.0000	0	0.0000
group_1620	858	0	0.0000	0	0.0000	0	0.0000
group_1624	591	0	0.0000	0	0.0000	0	0.0000
group_1621	1125	302	0.2684	2	3.6565	1	3.6565
group_1622	318	1339	4.2107	11	71.1463	5	64.6785
group_1626	612	831	1.3578	7	23.5252	3	20.1645
group_1627	219	0	0.0000	0	0.0000	0	0.0000
group_1628	1401	1809	1.2912	12	17.6169	6	17.6169
group_1629	651	726	1.1152	6	18.9565	3	18.9565
group_1631	1572	2114	1.3448	14	18.3173	7	18.3173
group_1633	288	22732	78.9306	162	1156.9360	81	1156.9360
group_1634	1185	1143	0.9646	8	13.8854	4	13.8854
group_1637	372	715	1.9220	5	27.6448	2	22.1159
group_1639	261	223	0.8544	2	15.7607	1	15.7607
group_1638	1095	9804	8.9534	72	135.2400	36	135.2400
group_1640	273	16780	61.4652	129	971.8828	64	964.3488
group_1641	1158	0	0.0000	0	0.0000	0	0.0000
group_1642	1293	0	0.0000	0	0.0000	0	0.0000
group_1643	4119	6743	1.6370	43	21.4716	21	20.9722
group_1644	597	2699	4.5209	19	65.4585	9	62.0133
group_1647	1083	0	0.0000	0	0.0000	0	0.0000
group_1646	612	3364	5.4967	24	80.6578	12	80.6578
group_19320	252	0	0.0000	0	0.0000	0	0.0000
group_1648	276	27567	99.8804	205	1527.6772	102	1520.2251
group_1649	309	0	0.0000	0	0.0000	0	0.0000
group_1650	2292	1087	0.4743	7	6.2816	3	5.3842
group_1651	438	1060	2.4201	7	32.8708	3	28.1750
gcd14	1722	6207	3.6045	41	48.9708	20	47.7764
group_7682	552	198	0.3587	2	7.4521	1	7.4521
group_1653	234	1037	4.4316	7	61.5275	3	52.7378
group_1654	16287	6924	0.4251	52	6.5667	26	6.5667
group_1657	243	0	0.0000	0	0.0000	0	0.0000
group_1662	906	10519	11.6104	71	161.1822	35	158.9120
group_1658	1227	11033	8.9919	78	130.7485	39	130.7485
group_16703	282	0	0.0000	0	0.0000	0	0.0000
group_1659	558	2299	4.1201	16	58.9756	8	58.9756
group_1660	210	735	3.5000	5	48.9708	2	39.1767
group_1666	732	302	0.4126	2	5.6196	1	5.6196
group_7704	2547	18103	7.1076	125	100.9411	62	100.1335
group_1663	291	0	0.0000	0	0.0000	0	0.0000
group_1664	1968	96520	49.0447	656	685.5917	328	685.5917
group_1671	807	0	0.0000	0	0.0000	0	0.0000
group_7715	342	0	0.0000	0	0.0000	0	0.0000
group_7717	1281	604	0.4715	4	6.4224	2	6.4224
group_1668	321	0	0.0000	0	0.0000	0	0.0000
cpcT3	705	3305	4.6879	23	67.1005	11	64.1831
group_1676	342	270	0.7895	2	12.0279	1	12.0279
group_1670	858	49602	57.8112	350	839.0108	175	839.0108
group_1678	3525	604	0.1713	4	2.3339	2	2.3339
group_1674	489	9124	18.6585	62	260.7772	31	260.7772
group_1675	186	151	0.8118	1	11.0579	0	0.0000
group_1677	699	1370	1.9599	11	32.3670	5	29.4245
group_1680	720	2371	3.2931	19	54.2760	9	51.4194
tnpIS30	1197	17399	14.5355	119	204.4747	59	202.7564
group_1679	3306	5932	1.7943	29	18.0419	14	17.4198
group_1682	1926	5021	2.6070	35	37.3765	17	36.3086
group_1683	204	4518	22.1471	38	383.1248	19	383.1248
group_7758	150	0	0.0000	0	0.0000	0	0.0000
group_1688	372	8798	23.6505	62	342.7959	31	342.7959
group_1686	1245	5130	4.1205	34	56.1690	17	56.1690
group_1691	1173	0	0.0000	0	0.0000	0	0.0000
group_1689	10611	6939	0.6539	67	12.9869	33	12.7931
group_1690	1008	1813	1.7986	12	24.4854	6	24.4854
group_1692	5679	2737	0.4820	20	7.2434	10	7.2434
group_1694	1236	453	0.3665	3	4.9922	1	3.3281
group_1695	4749	2619	0.5515	18	7.7957	9	7.7957
group_7785	327	302	0.9235	2	12.5797	1	12.5797
group_1697	786	0	0.0000	0	0.0000	0	0.0000
group_1705	210	0	0.0000	0	0.0000	0	0.0000
group_1699	927	302	0.3258	2	4.4375	1	4.4375
group_7797	825	302	0.3661	2	4.9861	1	4.9861
group_1706	360	755	2.0972	5	28.5663	2	22.8531
group_1708	3777	1211	0.3206	8	4.3564	4	4.3564
group_1710	570	0	0.0000	0	0.0000	0	0.0000
group_19321	540	5401	10.0019	38	144.7360	19	144.7360
group_1707	243	0	0.0000	0	0.0000	0	0.0000
group_7813	879	631	0.7179	4	9.3596	2	9.3596
group_1712	2871	7941	2.7659	54	38.6854	27	38.6854
group_1713	1335	2205	1.6517	15	23.1098	7	21.5692
group_1715	384	288	0.7500	2	10.7124	1	10.7124
group_1716	208	479	2.3029	4	39.5534	2	39.5534
group_1717	1215	17254	14.2008	116	196.3670	58	196.3670
group_1718	1746	93	0.0533	1	1.1780	0	0.0000
group_1719	1341	604	0.4504	4	6.1350	2	6.1350
group_1721	1752	4831	2.7574	33	38.7406	16	37.5667
group_1727	405	0	0.0000	0	0.0000	0	0.0000
group_1724	897	168	0.1873	2	4.5859	1	4.5859
group_1725	1227	2527	2.0595	17	28.4965	8	26.8202
group_16145	609	1900	3.1199	13	43.9049	6	40.5276
group_1728	390	296	0.7590	2	10.5476	1	10.5476
group_19322	936	790	0.8440	4	8.7896	2	8.7896
group_1729	627	291	0.4641	2	6.5607	1	6.5607
group_1730	783	630	0.8046	4	10.5072	2	10.5072
group_1732	1209	302	0.2498	2	3.4024	1	3.4024
group_1736	948	1056	1.1139	7	15.1872	3	13.0176
group_1733	1197	9631	8.0459	65	111.6879	32	109.9696
group_1734	210	0	0.0000	0	0.0000	0	0.0000
group_1735	681	340	0.4993	4	12.0809	2	12.0809
group_1737	405	151	0.3728	1	5.0785	0	0.0000
group_1738	1728	1174	0.6794	8	9.5221	4	9.5221
group_1740	1083	1866	1.7230	14	26.5880	7	26.5880
group_1739	624	604	0.9679	4	13.1845	2	13.1845
group_1741	990	1359	1.3727	9	18.6980	4	16.6204
group_19323	180	0	0.0000	0	0.0000	0	0.0000
group_1743	231	0	0.0000	0	0.0000	0	0.0000
group_1746	333	0	0.0000	0	0.0000	0	0.0000
group_17423	813	220	0.2706	2	5.0597	1	5.0597
group_1748	1260	3453	2.7405	24	39.1767	12	39.1767
group_1750	651	1360	2.0891	10	31.5941	5	31.5941
group_1751	411	0	0.0000	0	0.0000	0	0.0000
group_1752	4017	3444	0.8574	24	12.2884	12	12.2884
group_19324	10167	10130	0.9964	119	24.0736	59	23.8713
group_1753	4023	16317	4.0559	111	56.7492	55	56.2379
group_1756	1878	18900	10.0639	128	140.1849	64	140.1849
group_1757	1746	604	0.3459	4	4.7120	2	4.7120
group_1759	693	1863	2.6883	14	41.5510	7	41.5510
group_1760	492	1193	2.4248	8	33.4435	4	33.4435
group_1761	4563	3456	0.7574	22	9.9165	11	9.9165
group_1762	327	1150	3.5168	11	69.1882	5	62.8983
group_1763	1683	1901	1.1295	13	15.8872	6	14.6651
group_1764	2097	604	0.2880	4	3.9233	2	3.9233
group_1765	1155	1461	1.2649	9	16.0268	4	14.2461
group_1766	444	4720	10.6306	32	148.2360	16	148.2360
group_1767	666	2535	3.8063	17	52.5003	8	49.4120
group_1769	1746	151	0.0865	1	1.1780	0	0.0000
group_1770	126	0	0.0000	0	0.0000	0	0.0000
group_1771	621	1661	2.6747	11	36.4324	5	33.1204
group_1772	4938	4183	0.8471	28	11.6626	14	11.6626
group_1774	5475	3654	0.6674	18	6.7620	9	6.7620
group_15006	969	0	0.0000	0	0.0000	0	0.0000
group_15007	807	0	0.0000	0	0.0000	0	0.0000
group_1775	690	2024	2.9333	14	41.7317	7	41.7317
group_1776	1155	409	0.3541	3	5.3423	1	3.5615
group_1777	1101	1139	1.0345	8	14.9448	4	14.9448
group_1778	5502	3731	0.6781	20	7.4765	10	7.4765
group_1779	291	2202	7.5670	18	127.2232	9	127.2232
group_1780	351	2263	6.4473	18	105.4756	9	105.4756
group_1781	1155	10857	9.4000	75	133.5568	37	131.7761
group_1782	432	603	1.3958	4	19.0442	2	19.0442
group_1783	1104	3788	3.4312	26	48.4385	13	48.4385
group_1785	1194	15434	12.9263	103	177.4270	51	175.7044
group_8067	561	0	0.0000	0	0.0000	0	0.0000
group_1788	279	752	2.6953	6	44.2317	3	44.2317
group_1789	1107	5355	4.8374	38	70.6029	19	70.6029
group_1792	177	0	0.0000	0	0.0000	0	0.0000
group_1793	1332	33612	25.2342	225	347.4282	112	345.8841
group_1794	324	0	0.0000	0	0.0000	0	0.0000
group_1795	765	256	0.3346	2	5.3772	1	5.3772
group_1796	717	429	0.5983	4	11.4743	2	11.4743
group_14990	1035	582	0.5623	4	7.9489	2	7.9489
group_1797	321	3710	11.5576	31	198.6294	15	192.2220
group_1798	471	1773	3.7643	12	52.4019	6	52.4019
group_1799	231	0	0.0000	0	0.0000	0	0.0000
group_1801	2781	52722	18.9579	355	262.5513	177	261.8117
group_1802	1200	1951	1.6258	13	22.2817	6	20.5678
group_1803	1044	0	0.0000	0	0.0000	0	0.0000
group_19325	210	0	0.0000	0	0.0000	0	0.0000
group_1805	1947	604	0.3102	4	4.2255	2	4.2255
group_1806	186	0	0.0000	0	0.0000	0	0.0000
group_14747	1119	0	0.0000	0	0.0000	0	0.0000
group_1807	417	3042	7.2950	22	108.5109	11	108.5109
group_1808	567	0	0.0000	0	0.0000	0	0.0000
group_1809	210	0	0.0000	0	0.0000	0	0.0000
group_1810	288	151	0.5243	1	7.1416	0	0.0000
group_8183	255	0	0.0000	0	0.0000	0	0.0000
group_1816	189	0	0.0000	0	0.0000	0	0.0000
group_1818	1071	1299	1.2129	11	21.1247	5	19.2042
group_1819	1410	0	0.0000	0	0.0000	0	0.0000
fhaB	2535	1863	0.7349	13	10.5476	6	9.7362
group_1825	813	3658	4.4994	26	65.7763	13	65.7763
group_8210	2589	1218	0.4705	9	7.1499	4	6.3554
group_1823	522	0	0.0000	0	0.0000	0	0.0000
group_1832	1830	2497	1.3645	18	20.2306	9	20.2306
group_15110	2886	1813	0.6282	12	8.5521	6	8.5521
group_17531	762	151	0.1982	1	2.6992	0	0.0000
group_8230	1029	604	0.5870	4	7.9952	2	7.9952
group_1828	1128	0	0.0000	0	0.0000	0	0.0000
group_1829	2964	604	0.2038	4	2.7757	2	2.7757
group_1830	555	151	0.2721	1	3.7059	0	0.0000
group_8244	1773	2535	1.4298	20	23.2011	10	23.2011
group_1834	1284	45845	35.7048	309	494.9716	154	493.3697
group_1835	1017	6858	6.7434	46	93.0301	23	93.0301
group_1838	174	0	0.0000	0	0.0000	0	0.0000
group_8256	1044	0	0.0000	0	0.0000	0	0.0000
group_1839	282	411	1.4574	3	21.8806	1	14.5871
group_1840	636	0	0.0000	0	0.0000	0	0.0000
group_1842	597	326	0.5461	2	6.8904	1	6.8904
group_1841	807	0	0.0000	0	0.0000	0	0.0000
group_1843	3141	11920	3.7950	81	53.0400	40	52.3852
group_1846	528	421	0.7973	3	11.6862	1	7.7908
group_1850	345	292	0.8464	2	11.9233	1	11.9233
group_1851	324	536	1.6543	4	25.3923	2	25.3923
group_1847	1122	144	0.1283	2	3.6663	1	3.6663
group_1852	570	0	0.0000	0	0.0000	0	0.0000
group_1849	483	218	0.4513	2	8.5167	1	8.5167
group_1858	2574	4817	1.8714	33	26.3689	16	25.5699
group_3556	2448	4222	1.7247	28	23.5252	14	23.5252
group_1853	804	0	0.0000	0	0.0000	0	0.0000
group_1854	221	295	1.3348	2	18.6133	1	18.6133
group_1855	1698	4188	2.4664	27	32.7049	13	31.4936
group_1856	666	604	0.9069	4	12.3530	2	12.3530
group_1857	996	427	0.4287	5	10.3252	2	8.2601
group_1860	2679	4889	1.8249	33	25.3354	16	24.5677
group_1867	1425	2416	1.6954	16	23.0936	8	23.0936
group_1861	381	0	0.0000	0	0.0000	0	0.0000
group_1862	297	0	0.0000	0	0.0000	0	0.0000
group_1863	2244	2326	1.0365	13	11.9154	6	10.9988
group_1864	1080	524	0.4852	4	7.6177	2	7.6177
group_1865	804	151	0.1878	1	2.5582	0	0.0000
group_14745	786	755	0.9606	5	13.0838	2	10.4670
group_1872	360	151	0.4194	1	5.7133	0	0.0000
group_1871	948	0	0.0000	0	0.0000	0	0.0000
group_1873	405	0	0.0000	0	0.0000	0	0.0000
group_1874	4794	65261	13.6131	344	147.5867	172	147.5867
group_1877	255	3356	13.1608	25	201.6446	12	193.5788
group_1878	270	1119	4.1444	10	76.1769	5	76.1769
ycjD	492	31578	64.1829	230	961.5006	115	961.5006
group_1885	1146	3035	2.6483	21	37.6896	10	35.8949
group_1879	267	626	2.3446	4	30.8131	2	30.8131
group_1880	570	406	0.7123	2	7.2168	1	7.2168
sWIM	1197	4763	3.9791	33	56.7031	16	54.9848
group_1882	309	302	0.9773	2	13.3125	1	13.3125
group_1883	192	0	0.0000	0	0.0000	0	0.0000
group_1884	219	151	0.6895	1	9.3917	0	0.0000
group_1886	1227	0	0.0000	0	0.0000	0	0.0000
group_1889	201	660	3.2836	6	61.3963	3	61.3963
group_1890	738	1207	1.6355	9	25.0826	4	22.2957
group_1892	1944	3461	1.7803	23	24.3343	11	23.2763
group_1891	2352	302	0.1284	2	1.7490	1	1.7490
group_1893	1188	3826	3.2205	26	45.0136	13	45.0136
group_1896	165	0	0.0000	0	0.0000	0	0.0000
group_1895	279	298	1.0681	2	14.7439	1	14.7439
tnpISMae26~~~tnpIS630	444	0	0.0000	0	0.0000	0	0.0000
group_1897	1269	520	0.4098	4	6.4831	2	6.4831
group_1900	1659	302	0.1820	2	2.4795	1	2.4795
group_1901	1197	453	0.3784	3	5.1548	1	3.4365
group_1902	405	9179	22.6642	58	294.5505	29	294.5505
group_1905	270	795	2.9444	6	45.7061	3	45.7061
group_1907	342	232	0.6784	2	12.0279	1	12.0279
group_17460	999	0	0.0000	0	0.0000	0	0.0000
group_1914	342	755	2.2076	5	30.0698	2	24.0558
tnpISMae24~~~tnpIS630	1113	2763	2.4825	18	33.2632	9	33.2632
group_1911	501	615	1.2275	5	20.5267	2	16.4214
group_1912	801	5864	7.3208	42	107.8459	21	107.8459
group_1913	1197	2396	2.0017	16	27.4924	8	27.4924
immA	1188	2703	2.2753	19	32.8946	9	31.1633
group_1917	471	1022	2.1699	7	30.5678	3	26.2010
group_19326	342	0	0.0000	0	0.0000	0	0.0000
group_19327	246	398	1.6179	4	33.4435	2	33.4435
group_1921	2973	906	0.3047	6	4.1509	3	4.1509
group_16751	900	0	0.0000	0	0.0000	0	0.0000
group_1924	237	0	0.0000	0	0.0000	0	0.0000
group_1923	711	3192	4.4895	24	69.4270	12	69.4270
group_1933	210	0	0.0000	0	0.0000	0	0.0000
group_1927	183	0	0.0000	0	0.0000	0	0.0000
group_1926	351	0	0.0000	0	0.0000	0	0.0000
group_1928	541	294	0.5434	2	7.6036	1	7.6036
group_1931	525	0	0.0000	0	0.0000	0	0.0000
