#File	data/decontam_fastqs/3003-ND-24_GGTGATGA-TCCGTAGT_S24_decon_R1.fastq.gz
#Reads	291807480
#Mapped	5329459
#RefSequences	20380
#Name	Length	Bases	Coverage	Reads	RPKM	Frags	FPKM
group_6075	390	55792	143.0564	400	192.4475	200	192.4475
group_6200	222	9225	41.5541	64	54.0933	32	54.0934
group_10967	1389	0	0.0000	0	0.0000	0	0.0000
group_8044	204	10918	53.5196	78	71.7433	39	71.7433
group_7604	942	11623	12.3386	79	15.7360	39	15.5368
group_2307	108	0	0.0000	0	0.0000	0	0.0000
group_11130	327	7384	22.5810	52	29.8382	26	29.8382
group_6493	219	1055	4.8174	7	5.9975	3	5.1407
group_14571	207	0	0.0000	0	0.0000	0	0.0000
group_14570	186	0	0.0000	0	0.0000	0	0.0000
group_8386	201	1945	9.6766	14	13.0692	7	13.0692
group_4926	1029	8500	8.2604	57	10.3938	28	10.2115
group_11353	552	3649	6.6105	25	8.4980	12	8.1581
group_2443	102	1128	11.0588	13	23.9144	6	22.0749
bchI	1074	189652	176.5847	1294	226.0720	647	226.0721
arfB	741	95741	129.2051	666	168.6448	333	168.6448
secG	234	21730	92.8632	163	130.7039	81	129.9021
group_4175	246	14592	59.3171	105	80.0887	52	79.3259
group_2634	1161	11598	9.9897	80	12.9293	40	12.9293
group_5285	663	6498	9.8009	46	13.0185	23	13.0185
minD	801	135976	169.7578	941	220.4317	470	220.1974
ileS	2895	554221	191.4408	3731	241.8207	1865	241.7560
group_14572	228	137	0.6009	2	1.6459	1	1.6459
group_2774	45	0	0.0000	0	0.0000	0	0.0000
group_6058	645	238	0.3690	2	0.5818	1	0.5818
group_2151	276	8626	31.2536	65	44.1897	32	43.5099
group_14573	267	3019	11.3071	20	14.0552	10	14.0552
group_14574	93	613	6.5914	8	16.1408	4	16.1408
group_7346	615	302	0.4911	2	0.6102	1	0.6102
group_14575	237	1562	6.5907	12	9.5006	6	9.5006
group_10121	186	8837	47.5108	65	65.5718	32	64.5630
group_10915	330	27619	83.6939	201	114.2876	100	113.7190
group_12312	312	39408	126.3077	295	177.4125	147	176.8112
ftsH4	1878	354507	188.7684	2398	239.5910	1199	239.5910
group_14576	150	0	0.0000	0	0.0000	0	0.0000
group_6262	981	9653	9.8400	65	12.4326	32	12.2413
group_14577	705	0	0.0000	0	0.0000	0	0.0000
group_14578	171	341	1.9942	4	4.3892	2	4.3892
group_8744	198	0	0.0000	0	0.0000	0	0.0000
group_6433	636	151	0.2374	1	0.2950	0	0.0000
group_7138	372	0	0.0000	0	0.0000	0	0.0000
group_3581	255	5939	23.2902	56	41.2064	28	41.2064
group_2732	267	6760	25.3184	48	33.7324	24	33.7324
apcC	204	12813	62.8088	96	88.2994	48	88.2995
group_1273	486	77348	159.1523	552	213.1178	276	213.1178
group_14580	315	7330	23.2698	52	30.9749	26	30.9749
group_14579	1050	4713	4.4886	33	5.8971	16	5.7184
group_2728	459	66786	145.5033	470	192.1330	235	192.1331
rpsD	609	114089	187.3383	790	243.4034	395	243.4035
group_3723	1098	604	0.5501	4	0.6836	2	0.6836
group_9435	345	26079	75.5913	190	103.3359	95	103.3360
infC	531	82155	154.7175	582	205.6579	291	205.6579
group_14581	180	4400	24.4444	34	35.4424	17	35.4424
group_3246	729	112691	154.5830	781	201.0205	390	200.7632
group_10926	561	0	0.0000	0	0.0000	0	0.0000
group_9782	1449	238180	164.3754	1628	210.8157	814	210.8157
group_6496	219	12221	55.8037	84	71.9701	42	71.9701
group_14381	1245	12571	10.0972	86	12.9612	43	12.9612
frdA	1728	302107	174.8304	2040	221.5151	1020	221.5151
group_8748	354	317	0.8955	3	1.5901	1	1.0601
group_14582	216	4869	22.5417	36	31.2727	18	31.2727
group_14583	90	0	0.0000	0	0.0000	0	0.0000
group_4174	696	1622	2.3305	11	2.9655	5	2.6959
group_10920	330	1617	4.9000	11	6.2545	5	5.6859
group_2374	105	0	0.0000	0	0.0000	0	0.0000
group_568	132	0	0.0000	0	0.0000	0	0.0000
group_12876	156	143	0.9167	1	1.2028	0	0.0000
group_13169	153	0	0.0000	0	0.0000	0	0.0000
group_14584	267	151	0.5655	1	0.7028	0	0.0000
group_14585	237	0	0.0000	0	0.0000	0	0.0000
group_14586	222	572	2.5766	5	4.2260	2	3.3808
group_1990	279	5262	18.8602	38	25.5562	19	25.5562
group_7487	942	453	0.4809	3	0.5976	1	0.3984
group_11861	318	0	0.0000	0	0.0000	0	0.0000
group_4596	414	3898	9.4155	28	12.6904	14	12.6904
group_4339	243	1565	6.4403	15	11.5825	7	10.8103
psbE	246	22412	91.1057	162	123.5654	81	123.5654
psbF	135	5107	37.8296	47	65.3252	23	63.9353
tatC	771	27900	36.1868	186	45.2663	93	45.2664
ndhI	573	94836	165.5079	663	217.1080	331	216.7806
group_8092	600	96264	160.4400	669	209.2145	334	208.9018
group_2775	45	0	0.0000	0	0.0000	0	0.0000
group_287	135	0	0.0000	0	0.0000	0	0.0000
group_14587	108	0	0.0000	0	0.0000	0	0.0000
group_11470	858	35918	41.8625	248	54.2352	124	54.2352
ndhL	240	23311	97.1292	172	134.4727	86	134.4727
rplC	639	99485	155.6886	694	203.7865	347	203.7866
rplB	834	151401	181.5360	1026	230.8332	513	230.8332
rpsS	282	39710	140.8156	280	186.3056	140	186.3056
rplP	420	70117	166.9452	494	220.6960	247	220.6961
rplE	540	94292	174.6148	679	235.9353	339	235.5878
rpsH	402	60525	150.5597	455	212.3744	227	211.9077
rpsE	522	64817	124.1705	456	163.9122	228	163.9122
group_13775	297	38311	128.9933	269	169.9467	134	169.3149
remA	270	32251	119.4481	235	163.3131	117	162.6182
group_7684	207	14950	72.2222	109	98.8037	54	97.8972
group_6342	1692	9285	5.4876	62	6.8756	31	6.8756
group_4181	246	9032	36.7154	61	46.5277	30	45.7650
group_9471	192	9606	50.0313	71	69.3863	35	68.4091
group_14103	804	95606	118.9129	657	153.3297	328	153.0963
group_14588	210	151	0.7190	1	0.8935	0	0.0000
group_11134	327	37386	114.3303	258	148.0433	129	148.0433
group_8585	591	58724	99.3638	409	129.8532	204	129.5357
group_4013	249	11316	45.4458	81	61.0383	40	60.2848
group_2721	747	164	0.2195	2	0.5024	1	0.5024
hisF	765	128290	167.6993	893	219.0317	446	218.7864
group_4014	249	13198	53.0040	96	72.3417	48	72.3417
rpmH	138	2458	17.8116	25	33.9921	12	32.6324
group_5658	396	56248	142.0404	395	187.1625	197	186.6887
group_7693	1563	317307	203.0115	2141	257.0245	1070	256.9045
psaC	246	18781	76.3455	139	106.0221	69	105.2594
group_14589	243	1204	4.9547	8	6.1773	4	6.1773
group_11555	549	1593	2.9016	11	3.7596	5	3.4178
group_8592	354	300	0.8475	2	1.0601	1	1.0601
group_14486	501	214	0.4271	2	0.7490	1	0.7490
group_14590	166	0	0.0000	0	0.0000	0	0.0000
atpB	750	122637	163.5160	847	211.9039	423	211.6538
group_14591	118	221	1.8729	2	3.1803	1	3.1803
psaA	2271	308126	135.6786	2085	172.2685	1042	172.1859
glpX	1038	174148	167.7726	1188	214.7514	594	214.7514
group_9149	585	5945	10.1624	40	12.8298	20	12.8298
group_3394	258	1950	7.5581	15	10.9091	7	10.1818
group_3396	258	280	1.0853	2	1.4545	1	1.4545
group_9113	195	278	1.4256	2	1.9245	1	1.9245
group_9114	195	151	0.7744	1	0.9622	0	0.0000
group_2221	111	0	0.0000	0	0.0000	0	0.0000
group_11042	177	797	4.5028	7	7.4206	3	6.3606
group_14592	198	104	0.5253	2	1.8953	1	1.8953
group_10669	333	13092	39.3153	98	55.2203	49	55.2203
group_2308	108	0	0.0000	0	0.0000	0	0.0000
group_14006	144	219	1.5208	2	2.6061	1	2.6061
group_10125	186	2660	14.3011	19	19.1671	9	18.1584
group_3806	252	8233	32.6706	63	46.9091	31	46.1645
group_292	135	164	1.2148	2	2.7798	1	2.7798
group_2399	1173	154454	131.6743	1052	168.2808	526	168.2808
sapB	489	31944	65.3252	226	86.7194	113	86.7195
group_9749	894	14254	15.9441	100	20.9884	50	20.9884
group_9236	348	0	0.0000	0	0.0000	0	0.0000
group_13137	303	1566	5.1683	11	6.8119	5	6.1926
group_1936	774	1969	2.5439	14	3.3939	7	3.3939
group_14384	1245	780	0.6265	6	0.9043	3	0.9043
group_2223	111	411	3.7027	4	6.7617	2	6.7617
group_14067	507	9210	18.1657	65	24.0559	32	23.6858
group_10462	183	598	3.2678	6	6.1520	3	6.1520
group_12880	156	655	4.1987	6	7.2168	3	7.2168
group_12601	309	11956	38.6926	85	51.6152	42	51.0079
group_14593	171	0	0.0000	0	0.0000	0	0.0000
group_4025	1080	19610	18.1574	134	23.2808	67	23.2808
group_8397	201	542	2.6965	4	3.7341	2	3.7341
petB	669	87417	130.6682	616	172.7712	308	172.7713
group_10779	180	1351	7.5056	10	10.4242	5	10.4242
group_10237	885	6288	7.1051	44	9.3288	22	9.3288
group_7078	954	7934	8.3166	55	10.8176	27	10.6209
group_11869	318	151	0.4748	1	0.5901	0	0.0000
group_938	129	0	0.0000	0	0.0000	0	0.0000
group_8395	201	307	1.5274	3	2.8005	1	1.8670
group_6802	216	1538	7.1204	11	9.5556	5	8.6869
group_7060	213	1513	7.1033	12	10.5711	6	10.5711
group_3157	261	4474	17.1418	31	22.2863	15	21.5674
group_5298	402	25360	63.0846	180	84.0163	90	84.0163
group_12755	1308	6498	4.9679	44	6.3119	22	6.3119
group_12108	315	0	0.0000	0	0.0000	0	0.0000
group_12602	309	10865	35.1618	78	47.3645	39	47.3645
group_11565	171	0	0.0000	0	0.0000	0	0.0000
group_10470	183	0	0.0000	0	0.0000	0	0.0000
group_740	4608	3882	0.8424	26	1.0587	13	1.0587
group_6209	222	0	0.0000	0	0.0000	0	0.0000
group_4601	414	0	0.0000	0	0.0000	0	0.0000
group_11744	852	1938	2.2746	13	2.8630	6	2.6428
group_1989	1191	755	0.6339	5	0.7877	2	0.6302
group_12528	834	302	0.3621	2	0.4500	1	0.4500
group_933	129	0	0.0000	0	0.0000	0	0.0000
psbI	117	1287	11.0000	16	25.6597	8	25.6597
group_14594	234	885	3.7821	6	4.8112	3	4.8112
group_3450	723	27955	38.6653	192	49.8287	96	49.8287
group_4940	672	18162	27.0268	128	35.7402	64	35.7403
group_5095	234	285	1.2179	3	2.4056	1	1.6037
group_4340	243	1655	6.8107	11	8.4938	5	7.7217
group_11870	318	1996	6.2767	15	8.8508	7	8.2607
group_12009	846	12816	15.1489	88	19.5177	44	19.5177
group_12636	1314	120790	91.9254	817	116.6658	408	116.5230
group_4760	1038	564	0.5434	4	0.7231	2	0.7231
group_4945	1917	3393	1.7700	23	2.2512	11	2.1534
group_2466	756	2114	2.7963	14	3.4747	7	3.4747
group_7336	369	677	1.8347	6	3.0510	3	3.0510
group_3689	1212	2470	2.0380	17	2.6319	8	2.4770
group_11664	1356	3020	2.2271	20	2.7675	10	2.7675
group_12585	1317	2833	2.1511	19	2.7070	9	2.5645
group_7690	207	0	0.0000	0	0.0000	0	0.0000
group_8297	597	302	0.5059	2	0.6286	1	0.6286
group_4833	237	648	2.7342	5	3.9586	2	3.1669
group_2739	267	1023	3.8315	7	4.9193	3	4.2165
group_3418	135	0	0.0000	0	0.0000	0	0.0000
group_2224	111	0	0.0000	0	0.0000	0	0.0000
group_2022	117	0	0.0000	0	0.0000	0	0.0000
group_12881	306	607	1.9837	5	3.0660	2	2.4528
group_7773	606	1884	3.1089	13	4.0252	6	3.7156
group_11053	177	1659	9.3729	16	16.9615	8	16.9615
group_5114	405	12835	31.6914	94	43.5502	47	43.5502
group_13243	822	4274	5.1995	29	6.6198	14	6.3915
group_14601	516	1061	2.0562	8	2.9091	4	2.9091
group_14600	213	228	1.0704	2	1.7618	1	1.7618
group_14599	780	4886	6.2641	32	7.6979	16	7.6979
group_14595	222	1025	4.6171	7	5.9165	3	5.0713
group_1575	123	0	0.0000	0	0.0000	0	0.0000
group_3030	735	2023	2.7524	14	3.5740	7	3.5740
group_7393	210	1655	7.8810	15	13.4026	7	12.5091
cas2	276	12644	45.8116	96	65.2648	48	65.2648
group_10380	336	5324	15.8452	39	21.7792	19	21.2208
group_14603	174	0	0.0000	0	0.0000	0	0.0000
group_14604	3867	203142	52.5322	1352	65.6023	676	65.6024
group_11842	168	0	0.0000	0	0.0000	0	0.0000
group_14605	237	409	1.7257	3	2.3751	1	1.5834
group_11615	321	749	2.3333	6	3.5072	3	3.5072
group_1280	126	0	0.0000	0	0.0000	0	0.0000
group_2655	93	0	0.0000	0	0.0000	0	0.0000
group_14607	771	8170	10.5966	57	13.8719	28	13.6286
group_14609	867	9485	10.9400	63	13.6345	31	13.4181
group_10716	564	998	1.7695	7	2.3288	3	1.9961
group_12124	165	3866	23.4303	33	37.5273	16	36.3901
group_14610	483	3718	7.6977	26	10.1005	13	10.1005
group_9479	192	1343	6.9948	10	9.7727	5	9.7727
group_8030	360	683	1.8972	5	2.6061	2	2.0848
group_2375	105	0	0.0000	0	0.0000	0	0.0000
group_5115	405	453	1.1185	3	1.3899	1	0.9266
group_6504	219	1750	7.9909	12	10.2814	6	10.2814
group_7396	211	4386	20.7867	34	30.2352	17	30.2352
group_14611	378	7819	20.6852	56	27.7980	28	27.7980
group_14612	420	5210	12.4048	38	16.9766	19	16.9766
group_5355	231	366	1.5844	4	3.2491	2	3.2491
group_8868	588	9616	16.3537	65	20.7421	32	20.4230
group_7066	213	8941	41.9765	63	55.4981	31	54.6171
psbH	195	16433	84.2718	123	118.3552	61	117.3930
group_3400	258	299	1.1589	2	1.4545	1	1.4545
group_6968	960	18332	19.0958	124	24.2364	62	24.2364
group_2310	108	0	0.0000	0	0.0000	0	0.0000
group_13877	510	4376	8.5804	29	10.6695	14	10.3016
group_4616	1044	9685	9.2768	68	12.2215	34	12.2215
group_1284	486	1795	3.6934	13	5.0191	6	4.6330
group_7747	936	0	0.0000	0	0.0000	0	0.0000
group_8597	354	27219	76.8898	197	104.4191	98	103.8890
group_14615	189	0	0.0000	0	0.0000	0	0.0000
group_14613	2562	1208	0.4715	8	0.5859	4	0.5859
group_2002	477	4531	9.4990	32	12.5878	16	12.5878
group_12388	162	1173	7.2407	10	11.5825	5	11.5825
group_11367	861	2605	3.0256	18	3.9227	9	3.9227
group_7144	372	805	2.1640	6	3.0264	3	3.0264
group_14616	2205	126802	57.5066	865	73.6079	432	73.5228
group_6507	219	146	0.6667	1	0.8568	0	0.0000
group_4839	237	1730	7.2996	13	10.2923	6	9.5006
group_13459	300	2063	6.8767	14	8.7564	7	8.7564
group_5621	228	750	3.2895	6	4.9378	3	4.9378
group_14617	324	5814	17.9444	40	23.1650	20	23.1650
group_14619	192	3421	17.8177	26	25.4091	13	25.4091
group_14618	399	6415	16.0777	47	22.1025	23	21.6323
group_14620	993	28768	28.9708	199	37.6028	99	37.4139
group_11843	168	322	1.9167	3	3.3506	1	2.2338
group_13440	150	149	0.9933	1	1.2509	0	0.0000
group_14621	1146	4164	3.6335	28	4.5845	14	4.5845
group_14622	1122	142779	127.2540	957	160.0427	478	159.8755
group_14623	114	106	0.9298	2	3.2919	1	3.2919
group_14624	999	11056	11.0671	76	14.2746	38	14.2746
group_14625	198	0	0.0000	0	0.0000	0	0.0000
group_14626	363	8359	23.0275	59	30.4974	29	29.9805
group_2656	93	0	0.0000	0	0.0000	0	0.0000
group_13078	1293	151	0.1168	1	0.1451	0	0.0000
group_5301	402	15735	39.1418	105	49.0095	52	48.5427
group_4703	411	6722	16.3552	48	21.9137	24	21.9137
group_11112	330	1057	3.2030	7	3.9802	3	3.4116
group_10472	183	0	0.0000	0	0.0000	0	0.0000
group_13145	303	9852	32.5149	71	43.9676	35	43.3483
group_7146	372	3543	9.5242	26	13.1144	13	13.1144
group_3696	714	142	0.1989	2	0.5256	1	0.5256
group_14627	1731	302	0.1745	2	0.2168	1	0.2168
group_1378	3768	906	0.2404	6	0.2988	3	0.2988
group_403	288	7895	27.4132	56	36.4848	28	36.4848
group_3811	252	0	0.0000	0	0.0000	0	0.0000
group_6323	1698	1211	0.7132	8	0.8840	4	0.8840
group_4897	408	23967	58.7426	170	78.1818	85	78.1818
group_3258	447	272	0.6085	2	0.8395	1	0.8395
group_14628	1245	302	0.2426	2	0.3014	1	0.3014
group_11882	318	0	0.0000	0	0.0000	0	0.0000
group_10393	882	123267	139.7585	836	177.8503	418	177.8503
group_9119	195	4347	22.2923	29	27.9049	14	26.9427
group_7	291	151	0.5189	1	0.6448	0	0.0000
group_10136	186	0	0.0000	0	0.0000	0	0.0000
group_6	291	151	0.5189	1	0.6448	0	0.0000
group_4020	249	302	1.2129	2	1.5071	1	1.5071
group_14630	120	1074	8.9500	10	15.6364	5	15.6364
group_14629	693	1930	2.7850	13	3.5199	6	3.2491
group_3603	717	0	0.0000	0	0.0000	0	0.0000
group_3259	447	0	0.0000	0	0.0000	0	0.0000
group_11887	543	3310	6.0958	22	7.6022	11	7.6022
group_10138	186	0	0.0000	0	0.0000	0	0.0000
group_6804	216	479	2.2176	4	3.4747	2	3.4747
group_11845	169	0	0.0000	0	0.0000	0	0.0000
group_6666	1662	453	0.2726	3	0.3387	1	0.2258
group_2395	759	0	0.0000	0	0.0000	0	0.0000
group_3848	1092	151	0.1383	1	0.1718	0	0.0000
group_7071	213	0	0.0000	0	0.0000	0	0.0000
group_7775	606	0	0.0000	0	0.0000	0	0.0000
group_3261	447	604	1.3512	4	1.6791	2	1.6791
group_4835	675	2088	3.0933	14	3.8917	7	3.8917
group_3013	1137	302	0.2656	2	0.3301	1	0.3301
group_3541	1110	302	0.2721	2	0.3381	1	0.3381
group_2488	465	0	0.0000	0	0.0000	0	0.0000
group_14631	237	8043	33.9367	57	45.1277	28	44.3360
group_1578	123	0	0.0000	0	0.0000	0	0.0000
group_11848	168	130	0.7738	2	2.2338	1	2.2338
group_4084	426	11513	27.0258	87	38.3201	43	37.8796
group_9724	576	1511	2.6233	10	3.2576	5	3.2576
group_4545	1047	1247	1.1910	10	1.7921	5	1.7921
group_13662	513	5009	9.7641	36	13.1675	18	13.1675
group_14632	327	0	0.0000	0	0.0000	0	0.0000
group_2162	276	0	0.0000	0	0.0000	0	0.0000
group_2902	1143	0	0.0000	0	0.0000	0	0.0000
group_53	1236	0	0.0000	0	0.0000	0	0.0000
group_5259	1860	1812	0.9742	12	1.2106	6	1.2106
group_7654	939	888	0.9457	6	1.1990	3	1.1990
group_8405	202	0	0.0000	0	0.0000	0	0.0000
group_14633	354	151	0.4266	1	0.5300	0	0.0000
group_1903	120	154	1.2833	2	3.1273	1	3.1273
group_2851	456	751	1.6469	6	2.4689	3	2.4689
group_6781	1650	0	0.0000	0	0.0000	0	0.0000
group_9726	576	0	0.0000	0	0.0000	0	0.0000
group_9371	582	0	0.0000	0	0.0000	0	0.0000
group_4645	681	0	0.0000	0	0.0000	0	0.0000
group_13496	516	0	0.0000	0	0.0000	0	0.0000
group_2513	99	0	0.0000	0	0.0000	0	0.0000
group_12445	534	0	0.0000	0	0.0000	0	0.0000
group_14256	504	151	0.2996	1	0.3723	0	0.0000
group_8064	204	0	0.0000	0	0.0000	0	0.0000
group_10555	1413	0	0.0000	0	0.0000	0	0.0000
group_13742	147	0	0.0000	0	0.0000	0	0.0000
group_12450	534	1486	2.7828	10	3.5138	5	3.5138
group_7172	1611	9911	6.1521	66	7.6871	33	7.6871
group_2955	453	2009	4.4349	16	6.6273	8	6.6273
group_4593	240	238	0.9917	2	1.5636	1	1.5636
group_13146	522	1146	2.1954	8	2.8757	4	2.8757
group_4591	2007	8455	4.2128	58	5.4225	29	5.4225
group_3767	435	1431	3.2897	10	4.3135	5	4.3135
group_6512	219	72	0.3288	2	1.7136	1	1.7136
group_577	132	178	1.3485	2	2.8430	1	2.8430
group_8060	204	269	1.3186	2	1.8396	1	1.8396
group_7077	213	0	0.0000	0	0.0000	0	0.0000
group_11623	321	0	0.0000	0	0.0000	0	0.0000
group_7380	1590	0	0.0000	0	0.0000	0	0.0000
group_2361	3021	0	0.0000	0	0.0000	0	0.0000
group_943	129	0	0.0000	0	0.0000	0	0.0000
group_5292	663	1206	1.8190	8	2.2641	4	2.2641
group_8603	354	150	0.4237	1	0.5300	0	0.0000
group_2225	111	0	0.0000	0	0.0000	0	0.0000
group_2746	1155	453	0.3922	3	0.4874	1	0.3249
group_13003	1296	0	0.0000	0	0.0000	0	0.0000
group_12669	831	509	0.6125	4	0.9032	2	0.9032
group_111	795	512	0.6440	4	0.9441	2	0.9441
group_14492	501	0	0.0000	0	0.0000	0	0.0000
group_14634	1731	4680	2.7036	32	3.4687	16	3.4687
group_5919	225	302	1.3422	2	1.6679	1	1.6679
group_13148	303	1057	3.4884	7	4.3348	3	3.7156
group_7149	372	906	2.4355	6	3.0264	3	3.0264
group_9796	189	0	0.0000	0	0.0000	0	0.0000
group_7480	612	1168	1.9085	14	4.2923	7	4.2923
group_11336	324	4464	13.7778	32	18.5320	16	18.5320
group_14635	210	0	0.0000	0	0.0000	0	0.0000
group_9733	576	872	1.5139	6	1.9545	3	1.9545
group_14636	1020	4533	4.4441	32	5.8866	16	5.8866
group_7536	366	1198	3.2732	12	6.1520	6	6.1520
group_6560	633	4190	6.6193	29	8.5963	14	8.2999
group_5195	666	8549	12.8363	60	16.9042	30	16.9042
group_14637	102	0	0.0000	0	0.0000	0	0.0000
group_5917	648	14784	22.8148	105	30.4040	52	30.1145
group_12641	159	2261	14.2201	17	20.0617	8	18.8816
group_2131	768	151	0.1966	1	0.2443	0	0.0000
group_13142	822	10980	13.3577	76	17.3484	38	17.3484
group_5339	1851	453	0.2447	3	0.3041	1	0.2027
group_10140	186	272	1.4624	4	4.0352	2	4.0352
group_8613	354	357	1.0085	3	1.5901	1	1.0601
group_2619	2817	3905	1.3862	27	1.7984	13	1.7318
group_2556	270	0	0.0000	0	0.0000	0	0.0000
group_2517	99	0	0.0000	0	0.0000	0	0.0000
group_14638	156	0	0.0000	0	0.0000	0	0.0000
group_11060	177	647	3.6554	5	5.3005	2	4.2404
group_14649	1092	300	0.2747	2	0.3437	1	0.3437
group_14643	903	0	0.0000	0	0.0000	0	0.0000
group_14654	1524	0	0.0000	0	0.0000	0	0.0000
group_14646	1509	0	0.0000	0	0.0000	0	0.0000
group_14645	915	0	0.0000	0	0.0000	0	0.0000
group_14647	375	0	0.0000	0	0.0000	0	0.0000
group_14650	1326	0	0.0000	0	0.0000	0	0.0000
group_14648	561	0	0.0000	0	0.0000	0	0.0000
group_14641	1794	0	0.0000	0	0.0000	0	0.0000
group_14639	954	0	0.0000	0	0.0000	0	0.0000
group_14651	2100	0	0.0000	0	0.0000	0	0.0000
group_14640	1281	0	0.0000	0	0.0000	0	0.0000
group_14652	1095	0	0.0000	0	0.0000	0	0.0000
group_14655	2532	0	0.0000	0	0.0000	0	0.0000
group_14644	927	0	0.0000	0	0.0000	0	0.0000
group_14642	843	0	0.0000	0	0.0000	0	0.0000
group_14653	843	0	0.0000	0	0.0000	0	0.0000
group_5358	231	12310	53.2900	88	71.4805	44	71.4805
group_14656	636	53627	84.3192	360	106.2092	180	106.2092
group_7086	213	0	0.0000	0	0.0000	0	0.0000
group_2132	768	0	0.0000	0	0.0000	0	0.0000
group_7980	825	0	0.0000	0	0.0000	0	0.0000
group_1287	126	0	0.0000	0	0.0000	0	0.0000
group_13155	303	1236	4.0792	9	5.5734	4	4.9541
group_3380	444	1655	3.7275	11	4.6486	5	4.2260
group_14294	141	0	0.0000	0	0.0000	0	0.0000
group_10931	330	3162	9.5818	24	13.6463	12	13.6463
group_14657	228	321	1.4079	3	2.4689	1	1.6459
group_12885	156	2950	18.9103	24	28.8671	12	28.8671
group_4190	246	13996	56.8943	103	78.5632	51	77.8004
group_4191	246	13828	56.2114	101	77.0377	50	76.2749
group_13303	519	604	1.1638	4	1.4461	2	1.4461
group_9785	1449	72	0.0497	2	0.2590	1	0.2590
group_5618	1002	0	0.0000	0	0.0000	0	0.0000
group_2314	762	0	0.0000	0	0.0000	0	0.0000
group_14658	396	1279	3.2298	15	7.1074	7	6.6336
group_14660	468	0	0.0000	0	0.0000	0	0.0000
group_14659	444	0	0.0000	0	0.0000	0	0.0000
group_11256	1374	2349	1.7096	16	2.1850	8	2.1850
group_11375	861	5001	5.8084	34	7.4096	17	7.4096
group_14661	1143	1648	1.4418	11	1.8058	5	1.6416
group_7702	207	11321	54.6908	78	70.7035	39	70.7035
group_12886	156	0	0.0000	0	0.0000	0	0.0000
group_4847	237	0	0.0000	0	0.0000	0	0.0000
group_8955	912	1211	1.3279	9	1.8517	4	1.6459
group_3991	132	110	0.8333	1	1.4215	0	0.0000
group_4995	1026	1955	1.9055	14	2.5603	7	2.5603
group_6751	966	1199	1.2412	8	1.5539	4	1.5539
group_12639	1314	1812	1.3790	12	1.7136	6	1.7136
devC	1173	2240	1.9096	15	2.3994	7	2.2395
group_4510	684	747	1.0921	5	1.3716	2	1.0973
group_9788	1449	2629	1.8144	18	2.3309	9	2.3309
group_12393	162	1822	11.2469	18	20.8485	9	20.8485
group_902	285	0	0.0000	0	0.0000	0	0.0000
group_10223	570	15264	26.7789	115	37.8564	57	37.5273
group_11739	546	1422	2.6044	10	3.4366	5	3.4366
group_14662	282	1732	6.1418	14	9.3153	7	9.3153
group_5360	231	0	0.0000	0	0.0000	0	0.0000
group_9128	195	589	3.0205	6	5.7734	3	5.7734
group_10790	180	0	0.0000	0	0.0000	0	0.0000
group_5925	225	755	3.3556	5	4.1697	2	3.3358
group_12004	1341	302	0.2252	2	0.2798	1	0.2798
group_6064	645	0	0.0000	0	0.0000	0	0.0000
group_5103	234	0	0.0000	0	0.0000	0	0.0000
group_7976	933	0	0.0000	0	0.0000	0	0.0000
group_14663	342	274	0.8012	2	1.0973	1	1.0973
group_6223	222	669	3.0135	5	4.2260	2	3.3808
group_5124	405	302	0.7457	2	0.9266	1	0.9266
group_4206	423	910	2.1513	7	3.1051	3	2.6615
group_7088	213	840	3.9437	6	5.2855	3	5.2855
group_13185	153	0	0.0000	0	0.0000	0	0.0000
group_14558	138	0	0.0000	0	0.0000	0	0.0000
group_5669	654	0	0.0000	0	0.0000	0	0.0000
group_4085	426	0	0.0000	0	0.0000	0	0.0000
group_2166	276	2773	10.0471	20	13.5968	10	13.5968
group_11578	171	0	0.0000	0	0.0000	0	0.0000
group_14019	144	0	0.0000	0	0.0000	0	0.0000
group_9247	348	0	0.0000	0	0.0000	0	0.0000
group_14186	294	0	0.0000	0	0.0000	0	0.0000
group_7710	207	0	0.0000	0	0.0000	0	0.0000
group_12127	315	241	0.7651	2	1.1913	1	1.1913
group_2930	1140	300	0.2632	2	0.3292	1	0.3292
group_14559	138	0	0.0000	0	0.0000	0	0.0000
group_7543	366	1135	3.1011	8	4.1013	4	4.1013
group_6518	219	128	0.5845	2	1.7136	1	1.7136
group_5865	393	595	1.5140	4	1.9098	2	1.9098
group_14664	186	0	0.0000	0	0.0000	0	0.0000
group_11146	327	0	0.0000	0	0.0000	0	0.0000
group_2940	264	134	0.5076	2	1.4215	1	1.4215
group_4651	681	3758	5.5184	27	7.4393	13	7.1638
group_12129	165	0	0.0000	0	0.0000	0	0.0000
group_4021	249	0	0.0000	0	0.0000	0	0.0000
group_7545	366	10950	29.9180	74	37.9374	37	37.9374
group_3411	258	0	0.0000	0	0.0000	0	0.0000
group_10006	573	0	0.0000	0	0.0000	0	0.0000
group_911	786	0	0.0000	0	0.0000	0	0.0000
group_11377	861	0	0.0000	0	0.0000	0	0.0000
group_6439	636	0	0.0000	0	0.0000	0	0.0000
group_3269	1125	0	0.0000	0	0.0000	0	0.0000
group_8414	201	1020	5.0746	7	6.5346	3	5.6011
group_951	129	92	0.7132	2	2.9091	1	2.9091
group_5812	228	17627	77.3114	134	110.2775	67	110.2775
group_12270	840	2763	3.2893	20	4.4675	10	4.4675
group_10795	180	251	1.3944	2	2.0848	1	2.0848
group_14665	150	0	0.0000	0	0.0000	0	0.0000
group_5109	234	0	0.0000	0	0.0000	0	0.0000
group_3906	1089	144	0.1322	2	0.3446	1	0.3446
group_14666	222	0	0.0000	0	0.0000	0	0.0000
group_14667	429	24898	58.0373	167	73.0426	83	72.6052
group_2960	453	2190	4.8344	20	8.2842	10	8.2842
group_7548	366	0	0.0000	0	0.0000	0	0.0000
group_7406	210	0	0.0000	0	0.0000	0	0.0000
group_2448	102	0	0.0000	0	0.0000	0	0.0000
group_11854	168	0	0.0000	0	0.0000	0	0.0000
group_1920	120	0	0.0000	0	0.0000	0	0.0000
group_10801	180	217	1.2056	2	2.0848	1	2.0848
group_14668	1224	4397	3.5923	30	4.5989	15	4.5989
group_14669	174	0	0.0000	0	0.0000	0	0.0000
group_14670	138	369	2.6739	4	5.4387	2	5.4387
group_7767	363	4542	12.5124	33	17.0578	16	16.5409
group_12062	540	8860	16.4074	62	21.5434	31	21.5434
group_14671	159	207	1.3019	2	2.3602	1	2.3602
group_2024	117	0	0.0000	0	0.0000	0	0.0000
group_9798	189	1610	8.5185	14	13.8990	7	13.8990
group_4022	249	151	0.6064	1	0.7536	0	0.0000
group_12272	840	5990	7.1310	41	9.1584	20	8.9351
group_14562	138	0	0.0000	0	0.0000	0	0.0000
group_14672	177	385	2.1751	3	3.1803	1	2.1202
group_1226	1209	146591	121.2498	989	153.4924	494	153.3372
group_14676	225	0	0.0000	0	0.0000	0	0.0000
group_14673	3210	3133	0.9760	21	1.2275	10	1.1691
group_14677	909	0	0.0000	0	0.0000	0	0.0000
group_14675	243	199	0.8189	2	1.5443	1	1.5443
group_1645	777	0	0.0000	0	0.0000	0	0.0000
group_4574	129	0	0.0000	0	0.0000	0	0.0000
group_9448	1470	604	0.4109	4	0.5106	2	0.5106
group_14678	186	342	1.8387	4	4.0352	2	4.0352
group_955	129	0	0.0000	0	0.0000	0	0.0000
group_14680	231	0	0.0000	0	0.0000	0	0.0000
group_14679	633	0	0.0000	0	0.0000	0	0.0000
group_14681	1173	13599	11.5934	94	15.0365	47	15.0365
group_3946	705	0	0.0000	0	0.0000	0	0.0000
group_9932	891	3411	3.8283	25	5.2648	12	5.0542
group_7659	939	5252	5.5932	37	7.3935	18	7.1937
group_4604	414	2147	5.1860	16	7.2516	8	7.2516
group_4351	243	1552	6.3868	11	8.4938	5	7.7217
group_5145	1887	2114	1.1203	14	1.3921	7	1.3921
group_122	9417	7386	0.7843	50	0.9963	25	0.9963
group_12648	159	147	0.9245	1	1.1801	0	0.0000
group_6094	390	4545	11.6538	32	15.3958	16	15.3958
group_14682	243	0	0.0000	0	0.0000	0	0.0000
group_14683	300	530	1.7667	4	2.5018	2	2.5018
group_14684	264	1831	6.9356	13	9.2397	6	8.5289
group_7359	369	3315	8.9837	25	12.7125	12	12.2040
mraW	729	25178	34.5377	178	45.8152	89	45.8152
group_3041	735	3824	5.2027	28	7.1480	14	7.1481
group_3103	1131	906	0.8011	6	0.9954	3	0.9954
group_8333	357	130	0.3641	2	1.0512	1	1.0512
group_1918	480	33269	69.3104	232	90.6909	116	90.6909
group_14685	876	33573	38.3253	226	48.4085	113	48.4085
group_12403	162	0	0.0000	0	0.0000	0	0.0000
group_3415	258	530	2.0543	5	3.6364	2	2.9091
group_5366	231	144	0.6234	2	1.6246	1	1.6246
group_9499	192	1047	5.4531	8	7.8182	4	7.8182
group_8692	918	2240	2.4401	15	3.0660	7	2.8616
group_14686	423	30706	72.5910	201	89.1605	100	88.7169
group_14687	150	150	1.0000	1	1.2509	0	0.0000
group_11855	168	0	0.0000	0	0.0000	0	0.0000
group_8080	204	298	1.4608	2	1.8396	1	1.8396
group_285	1227	7511	6.1214	51	7.7991	25	7.6461
group_5873	393	5987	15.2341	39	18.6204	19	18.1430
group_4996	1026	151	0.1472	1	0.1829	0	0.0000
group_5816	996	151	0.1516	1	0.1884	0	0.0000
group_61	1236	302	0.2443	2	0.3036	1	0.3036
group_13505	1278	604	0.4726	4	0.5873	2	0.5873
group_9748	576	37205	64.5920	255	83.0682	127	82.7424
group_592	132	114	0.8636	2	2.8430	1	2.8430
group_5155	1884	15334	8.1391	103	10.2582	51	10.1587
group_10685	333	2221	6.6697	16	9.0156	8	9.0156
group_1070	1212	2476	2.0429	17	2.6319	8	2.4770
group_1995	279	1659	5.9462	13	8.7429	6	8.0704
group_2472	756	151	0.1997	1	0.2482	0	0.0000
group_6235	222	151	0.6802	1	0.8452	0	0.0000
group_12134	165	602	3.6485	5	5.6859	2	4.5488
group_14688	972	2230	2.2942	16	3.0887	8	3.0887
group_14690	255	150	0.5882	2	1.4717	1	1.4717
group_14689	336	578	1.7202	5	2.7922	2	2.2338
group_2379	105	160	1.5238	2	3.5740	1	3.5740
group_2523	99	0	0.0000	0	0.0000	0	0.0000
group_1943	774	1661	2.1460	11	2.6667	5	2.4242
group_3852	1092	1172	1.0733	8	1.3746	4	1.3746
group_3764	2247	4524	2.0134	30	2.5052	15	2.5052
group_14693	2706	4288	1.5846	28	1.9415	14	1.9415
group_14694	210	294	1.4000	2	1.7870	1	1.7870
group_14695	7701	42679	5.5420	302	7.3583	151	7.3583
group_14696	183	0	0.0000	0	0.0000	0	0.0000
group_14697	174	0	0.0000	0	0.0000	0	0.0000
group_14698	885	0	0.0000	0	0.0000	0	0.0000
group_8772	198	147	0.7424	1	0.9477	0	0.0000
group_2838	2685	4449	1.6570	31	2.1664	15	2.0965
group_2771	51	0	0.0000	0	0.0000	0	0.0000
group_5112	234	414	1.7692	4	3.2075	2	3.2075
group_13711	1269	1162	0.9157	9	1.3308	4	1.1829
group_7754	936	151	0.1613	1	0.2005	0	0.0000
group_13424	1281	902	0.7041	6	0.8789	3	0.8789
group_12822	1305	2074	1.5893	14	2.0130	7	2.0130
group_12653	159	223	1.4025	2	2.3602	1	2.3602
group_2230	111	0	0.0000	0	0.0000	0	0.0000
group_6288	387	1739	4.4935	12	5.8182	6	5.8182
group_3825	252	1735	6.8849	13	9.6797	6	8.9351
group_5936	225	302	1.3422	2	1.6679	1	1.6679
group_5315	402	2280	5.6716	16	7.4681	8	7.4681
group_5922	648	0	0.0000	0	0.0000	0	0.0000
group_11303	174	795	4.5690	7	7.5486	3	6.4702
group_7410	210	601	2.8619	4	3.5740	2	3.5740
group_7720	207	1103	5.3285	8	7.2516	4	7.2516
group_7552	366	4172	11.3989	31	15.8927	15	15.3800
group_10488	183	378	2.0656	3	3.0760	1	2.0507
group_2906	1143	2032	1.7778	14	2.2983	7	2.2983
group_14699	207	6490	31.3527	66	59.8261	33	59.8261
group_3172	261	2027	7.7663	16	11.5026	8	11.5026
group_921	285	739	2.5930	5	3.2919	2	2.6335
group_7411	210	16671	79.3857	125	111.6883	62	110.7948
group_10154	186	0	0.0000	0	0.0000	0	0.0000
group_14077	507	2741	5.4063	19	7.0317	9	6.6616
group_3871	432	43335	100.3125	303	131.6060	151	131.1717
group_5371	231	11756	50.8918	85	69.0437	42	68.2314
group_2114	474	24253	51.1667	167	66.1082	83	65.7123
group_8775	198	741	3.7424	5	4.7383	2	3.7906
group_3273	447	1267	2.8345	9	3.7779	4	3.3581
group_1996	279	0	0.0000	0	0.0000	0	0.0000
group_3419	258	3254	12.6124	28	20.3636	14	20.3636
group_1632	483	12004	24.8530	87	33.7978	43	33.4094
group_7415	210	562	2.6762	6	5.3610	3	5.3610
group_13189	153	703	4.5948	5	6.1319	2	4.9055
group_2703	138	187	1.3551	2	2.7194	1	2.7194
group_14192	294	5951	20.2415	44	28.0816	22	28.0816
group_14026	144	0	0.0000	0	0.0000	0	0.0000
group_1593	123	0	0.0000	0	0.0000	0	0.0000
group_14193	294	1244	4.2313	9	5.7440	4	5.1058
group_3870	708	7025	9.9223	48	12.7211	24	12.7211
group_11593	171	528	3.0877	4	4.3892	2	4.3892
group_12655	159	286	1.7987	2	2.3602	1	2.3602
group_672	4758	11163	2.3462	75	2.9577	37	2.9183
group_9844	1446	1310	0.9059	9	1.1679	4	1.0381
group_3828	252	2658	10.5476	20	14.8918	10	14.8918
group_8085	204	147	0.7206	1	0.9198	0	0.0000
group_4603	240	1076	4.4833	8	6.2545	4	6.2545
group_9225	906	18820	20.7726	96	19.8820	48	19.8820
group_8626	354	670	1.8927	5	2.6502	2	2.1202
group_5680	396	3564	9.0000	25	11.8457	12	11.3719
group_1024	489	1745	3.5685	13	4.9883	6	4.6046
group_377	144	0	0.0000	0	0.0000	0	0.0000
group_12409	162	441	2.7222	3	3.4747	1	2.3165
group_8336	357	2169	6.0756	15	7.8839	7	7.3583
group_2661	93	0	0.0000	0	0.0000	0	0.0000
group_13756	147	0	0.0000	0	0.0000	0	0.0000
group_12417	162	1894	11.6914	28	32.4310	14	32.4310
group_7100	213	903	4.2394	6	5.2855	3	5.2855
group_5373	231	1408	6.0952	10	8.1228	5	8.1228
group_14700	558	20863	37.3889	154	51.7849	77	51.7849
group_14027	144	0	0.0000	0	0.0000	0	0.0000
group_1999	279	1710	6.1290	13	8.7429	6	8.0704
group_4355	243	1185	4.8765	9	6.9495	4	6.1773
group_12411	162	458	2.8272	6	6.9495	3	6.9495
group_5820	996	0	0.0000	0	0.0000	0	0.0000
group_8628	354	8036	22.7006	56	29.6826	28	29.6826
group_11588	172	3417	19.8663	25	27.2727	12	26.1818
group_14701	102	0	0.0000	0	0.0000	0	0.0000
group_3182	261	1386	5.3103	11	7.9080	5	7.1891
group_10803	180	225	1.2500	2	2.0848	1	2.0848
group_1601	123	0	0.0000	0	0.0000	0	0.0000
group_2176	276	19414	70.3406	143	97.2174	71	96.5375
group_10935	561	1136	2.0250	8	2.6757	4	2.6757
group_14568	138	154	1.1159	2	2.7194	1	2.7194
group_3178	261	604	2.3142	4	2.8757	2	2.8757
group_7722	207	785	3.7923	7	6.3452	3	5.4387
group_2380	105	0	0.0000	0	0.0000	0	0.0000
group_11350	324	4992	15.4074	34	19.6902	17	19.6902
group_13420	816	8781	10.7610	60	13.7968	30	13.7968
group_3524	441	5235	11.8707	38	16.1682	19	16.1682
group_316	135	590	4.3704	6	8.3394	3	8.3394
group_3607	255	11836	46.4157	83	61.0738	41	60.3380
group_14702	4974	54036	10.8637	363	13.6936	181	13.6559
group_13197	153	297	1.9412	2	2.4528	1	2.4528
group_9805	189	298	1.5767	2	1.9856	1	1.9856
group_1232	1209	17431	14.4177	119	18.4688	59	18.3136
group_7095	1617	18193	11.2511	124	14.3889	62	14.3889
group_11088	558	1054	1.8889	7	2.3539	3	2.0176
group_2248	471	0	0.0000	0	0.0000	0	0.0000
group_2524	1167	0	0.0000	0	0.0000	0	0.0000
group_932	285	19712	69.1649	139	91.5138	69	90.8555
group_8893	588	10140	17.2449	76	24.2523	38	24.2523
group_9982	1440	2416	1.6778	16	2.0848	8	2.0848
group_10492	183	151	0.8251	1	1.0253	0	0.0000
group_724	492	4459	9.0630	32	12.2040	16	12.2040
group_5134	405	3877	9.5728	27	12.5091	13	12.0458
group_5923	648	6880	10.6173	46	13.3199	23	13.3199
group_9808	189	441	2.3333	3	2.9784	1	1.9856
group_13466	150	283	1.8867	2	2.5018	1	2.5018
group_6815	216	0	0.0000	0	0.0000	0	0.0000
group_7652	609	8550	14.0394	62	19.1025	31	19.1025
group_6604	381	1129	2.9633	8	3.9399	4	3.9399
group_12897	156	1599	10.2500	18	21.6503	9	21.6503
group_598	132	0	0.0000	0	0.0000	0	0.0000
group_2759	267	2217	8.3034	16	11.2441	8	11.2441
sufR	636	14617	22.9827	98	28.9125	49	28.9125
group_3453	135	0	0.0000	0	0.0000	0	0.0000
group_6244	222	13100	59.0090	94	79.4496	47	79.4496
group_2492	465	2136	4.5935	16	6.4563	8	6.4563
group_7724	207	1394	6.7343	11	9.9710	5	9.0646
group_9753	342	33086	96.7427	233	127.8341	116	127.2855
group_13196	153	0	0.0000	0	0.0000	0	0.0000
group_6097	390	2902	7.4410	20	9.6224	10	9.6224
group_12900	156	1119	7.1731	8	9.6224	4	9.6224
group_1929	120	132	1.1000	2	3.1273	1	3.1273
group_5375	231	1186	5.1342	8	6.4982	4	6.4982
group_12141	165	118	0.7152	2	2.2744	1	2.2744
group_12902	156	0	0.0000	0	0.0000	0	0.0000
group_10087	339	19520	57.5811	136	75.2759	68	75.2759
group_6246	223	1400	6.2780	11	9.2556	5	8.4142
group_5376	231	74	0.3203	2	1.6246	1	1.6246
group_11594	171	232	1.3567	2	2.1946	1	2.1946
group_8782	198	0	0.0000	0	0.0000	0	0.0000
group_9756	576	0	0.0000	0	0.0000	0	0.0000
group_10234	570	744	1.3053	5	1.6459	2	1.3167
group_6581	1674	1963	1.1726	13	1.4572	6	1.3451
group_11209	555	151	0.2721	1	0.3381	0	0.0000
group_10905	873	302	0.3459	2	0.4299	1	0.4299
group_2001	279	0	0.0000	0	0.0000	0	0.0000
group_11865	168	0	0.0000	0	0.0000	0	0.0000
group_9758	342	746	2.1813	5	2.7432	2	2.1946
group_7653	609	2581	4.2381	19	5.8540	9	5.5459
group_1106	4008	302	0.0753	2	0.0936	1	0.0936
group_14159	1254	302	0.2408	2	0.2993	1	0.2993
group_2117	474	1818	3.8354	13	5.1461	6	4.7503
group_5942	225	1554	6.9067	12	10.0073	6	10.0073
group_14031	144	0	0.0000	0	0.0000	0	0.0000
group_9505	192	0	0.0000	0	0.0000	0	0.0000
group_7928	603	151	0.2504	1	0.3112	0	0.0000
group_11863	168	1723	10.2560	15	16.7532	7	15.6364
group_12659	159	0	0.0000	0	0.0000	0	0.0000
group_5119	234	931	3.9786	7	5.6131	3	4.8112
group_8338	357	2516	7.0476	18	9.4607	9	9.4607
group_11580	549	13400	24.4080	90	30.7601	45	30.7601
group_2968	453	3052	6.7373	21	8.6984	10	8.2842
group_2467	1170	2715	2.3205	18	2.8867	9	2.8867
group_3183	261	670	2.5670	6	4.3135	3	4.3135
group_1300	126	0	0.0000	0	0.0000	0	0.0000
group_2663	93	0	0.0000	0	0.0000	0	0.0000
group_5379	231	4217	18.2554	29	23.5561	14	22.7438
group_10808	180	2423	13.4611	18	18.7636	9	18.7636
group_6822	216	532	2.4630	4	3.4747	2	3.4747
group_10769	876	1141	1.3025	8	1.7136	4	1.7136
group_14703	255	296	1.1608	2	1.4717	1	1.4717
group_14035	144	0	0.0000	0	0.0000	0	0.0000
group_10091	339	0	0.0000	0	0.0000	0	0.0000
group_4353	2067	11509	5.5680	80	7.2622	40	7.2622
group_2647	2793	10388	3.7193	69	4.6355	34	4.5683
group_2859	456	1258	2.7588	10	4.1148	5	4.1148
group_14704	333	0	0.0000	0	0.0000	0	0.0000
group_11897	318	1416	4.4528	10	5.9005	5	5.9005
group_3736	1098	0	0.0000	0	0.0000	0	0.0000
group_4315	420	0	0.0000	0	0.0000	0	0.0000
group_8431	201	0	0.0000	0	0.0000	0	0.0000
group_8320	924	17365	18.7933	120	24.3684	60	24.3684
group_4999	1026	29354	28.6101	205	37.4907	102	37.3078
group_14706	324	0	0.0000	0	0.0000	0	0.0000
group_2231	111	0	0.0000	0	0.0000	0	0.0000
group_12612	309	2189	7.0841	16	9.7158	8	9.7158
group_9760	576	48694	84.5382	333	108.4772	166	108.1515
group_10095	339	12133	35.7906	88	48.7079	44	48.7080
group_10093	339	295	0.8702	2	1.1070	1	1.1070
group_2529	99	0	0.0000	0	0.0000	0	0.0000
group_8608	591	0	0.0000	0	0.0000	0	0.0000
group_13199	153	0	0.0000	0	0.0000	0	0.0000
group_7932	603	0	0.0000	0	0.0000	0	0.0000
group_4611	240	0	0.0000	0	0.0000	0	0.0000
group_2860	456	288	0.6316	2	0.8230	1	0.8230
group_13761	147	122	0.8299	2	2.5529	1	2.5529
group_5641	228	0	0.0000	0	0.0000	0	0.0000
group_14708	402	21819	54.2761	162	75.6146	81	75.6146
group_14707	471	8128	17.2569	56	22.3092	28	22.3092
group_14709	1473	68503	46.5058	457	58.2144	228	58.0870
group_14710	639	59751	93.5070	412	120.9799	206	120.9799
group_11069	177	920	5.1977	10	10.6009	5	10.6009
group_13583	813	0	0.0000	0	0.0000	0	0.0000
group_2947	264	302	1.1439	2	1.4215	1	1.4215
group_11898	318	302	0.9497	2	1.1801	1	1.1801
group_8784	198	0	0.0000	0	0.0000	0	0.0000
group_14711	927	7243	7.8134	49	9.9182	24	9.7158
group_2371	273	335	1.2271	4	2.7492	2	2.7493
group_5948	225	0	0.0000	0	0.0000	0	0.0000
group_14712	384	2319	6.0391	17	8.3068	8	7.8182
group_12907	306	8695	28.4150	61	37.4046	30	36.7914
group_14713	273	604	2.2125	4	2.7492	2	2.7493
group_10496	183	0	0.0000	0	0.0000	0	0.0000
group_5434	660	3867	5.8591	28	7.9603	14	7.9603
group_3980	429	4361	10.1655	29	12.6840	14	12.2467
group_14303	1248	0	0.0000	0	0.0000	0	0.0000
group_11089	558	0	0.0000	0	0.0000	0	0.0000
group_1602	123	0	0.0000	0	0.0000	0	0.0000
group_12590	1317	8701	6.6067	59	8.4059	29	8.2634
group_9811	189	0	0.0000	0	0.0000	0	0.0000
group_14714	195	0	0.0000	0	0.0000	0	0.0000
group_4721	411	2744	6.6764	19	8.6742	9	8.2176
group_7429	210	1198	5.7048	8	7.1480	4	7.1481
group_14715	174	271	1.5575	3	3.2351	1	2.1567
group_4858	237	0	0.0000	0	0.0000	0	0.0000
group_13200	153	0	0.0000	0	0.0000	0	0.0000
group_7428	210	196	0.9333	2	1.7870	1	1.7870
group_10498	183	0	0.0000	0	0.0000	0	0.0000
group_2092	3276	11924	3.6398	81	4.6394	40	4.5821
group_2304	471	906	1.9236	6	2.3903	3	2.3903
group_319	792	2114	2.6692	14	3.3168	7	3.3168
group_11492	858	3180	3.7063	22	4.8112	11	4.8112
group_5223	1872	4810	2.5694	32	3.2075	16	3.2075
group_9497	1467	1812	1.2352	12	1.5349	6	1.5349
group_209	7155	25142	3.5139	168	4.4057	84	4.4057
group_345	6060	24253	4.0021	162	5.0160	81	5.0160
group_13160	822	2385	2.9015	16	3.6523	8	3.6523
group_12419	837	3180	3.7993	22	4.9319	11	4.9319
group_4766	1038	1848	1.7803	13	2.3500	6	2.1692
group_5236	1869	8978	4.8036	60	6.0236	30	6.0236
group_3173	4248	16224	3.8192	108	4.7704	54	4.7704
group_5166	1881	6109	3.2477	42	4.1896	21	4.1896
group_10809	180	777	4.3167	7	7.2970	3	6.2545
group_5382	231	0	0.0000	0	0.0000	0	0.0000
group_7132	1614	7377	4.5706	50	5.8128	25	5.8128
group_8786	198	6041	30.5101	42	39.8016	21	39.8016
group_12613	309	4903	15.8673	37	22.4678	18	21.8605
group_10810	180	0	0.0000	0	0.0000	0	0.0000
group_9150	195	0	0.0000	0	0.0000	0	0.0000
group_11597	171	0	0.0000	0	0.0000	0	0.0000
group_1034	783	0	0.0000	0	0.0000	0	0.0000
group_3614	255	0	0.0000	0	0.0000	0	0.0000
group_11899	318	0	0.0000	0	0.0000	0	0.0000
group_14716	180	0	0.0000	0	0.0000	0	0.0000
group_4722	411	10691	26.0122	78	35.6098	39	35.6098
group_2949	264	0	0.0000	0	0.0000	0	0.0000
group_7195	1611	840	0.5214	6	0.6988	3	0.6988
group_5137	405	12097	29.8691	81	37.5273	40	37.0640
group_5949	225	151	0.6711	1	0.8339	0	0.0000
group_13201	153	244	1.5948	2	2.4528	1	2.4528
group_5950	225	0	0.0000	0	0.0000	0	0.0000
group_2373	273	1789	6.5531	13	8.9351	6	8.2478
group_5436	660	0	0.0000	0	0.0000	0	0.0000
group_10501	183	0	0.0000	0	0.0000	0	0.0000
group_12664	159	717	4.5094	8	9.4408	4	9.4408
group_14717	108	0	0.0000	0	0.0000	0	0.0000
group_4029	249	0	0.0000	0	0.0000	0	0.0000
group_5426	1836	1208	0.6580	8	0.8176	4	0.8176
group_4440	1053	0	0.0000	0	0.0000	0	0.0000
group_11857	1347	0	0.0000	0	0.0000	0	0.0000
group_13203	153	0	0.0000	0	0.0000	0	0.0000
group_602	132	341	2.5833	4	5.6859	2	5.6859
group_13508	516	302	0.5853	2	0.7273	1	0.7273
group_12651	1314	0	0.0000	0	0.0000	0	0.0000
group_9151	195	5090	26.1026	44	42.3384	22	42.3385
group_7489	612	0	0.0000	0	0.0000	0	0.0000
group_2590	96	0	0.0000	0	0.0000	0	0.0000
group_7225	618	3060	4.9515	21	6.3760	10	6.0724
group_4030	249	0	0.0000	0	0.0000	0	0.0000
group_8094	204	1381	6.7696	12	11.0374	6	11.0374
group_5384	231	0	0.0000	0	0.0000	0	0.0000
group_2528	99	274	2.7677	4	7.5813	2	7.5813
group_14209	294	453	1.5408	3	1.9147	1	1.2764
group_5	138	0	0.0000	0	0.0000	0	0.0000
group_4032	249	3200	12.8514	25	18.8390	12	18.0854
group_4244	1065	11422	10.7249	78	13.7424	39	13.7424
group_13767	147	186	1.2653	2	2.5529	1	2.5529
group_11313	174	0	0.0000	0	0.0000	0	0.0000
group_4860	237	194	0.8186	2	1.5834	1	1.5834
group_3774	435	2729	6.2736	19	8.1956	9	7.7643
group_10702	333	755	2.2673	5	2.8174	2	2.2539
group_3271	729	302	0.4143	2	0.5148	1	0.5148
group_11671	1356	1661	1.2249	11	1.5221	5	1.3837
group_4318	420	275	0.6548	2	0.8935	1	0.8935
group_8279	1527	0	0.0000	0	0.0000	0	0.0000
group_2008	279	0	0.0000	0	0.0000	0	0.0000
group_10504	183	0	0.0000	0	0.0000	0	0.0000
group_8199	927	1208	1.3031	8	1.6193	4	1.6193
group_14039	144	0	0.0000	0	0.0000	0	0.0000
group_5646	228	1244	5.4561	10	8.2297	5	8.2297
group_2013	477	0	0.0000	0	0.0000	0	0.0000
group_4384	2055	16184	7.8754	114	10.4090	57	10.4090
group_2665	93	0	0.0000	0	0.0000	0	0.0000
group_2530	99	0	0.0000	0	0.0000	0	0.0000
group_130	795	0	0.0000	0	0.0000	0	0.0000
group_8437	201	294	1.4627	2	1.8670	1	1.8670
group_13173	1290	0	0.0000	0	0.0000	0	0.0000
group_10018	573	0	0.0000	0	0.0000	0	0.0000
group_6330	639	0	0.0000	0	0.0000	0	0.0000
group_390	495	14589	29.4727	98	37.1482	49	37.1482
group_10812	180	0	0.0000	0	0.0000	0	0.0000
group_11902	318	0	0.0000	0	0.0000	0	0.0000
group_556	5049	43342	8.5843	255	9.4766	127	9.4394
group_13829	297	1749	5.8889	12	7.5813	6	7.5813
group_12335	312	3908	12.5256	27	16.2378	13	15.6364
group_6546	219	0	0.0000	0	0.0000	0	0.0000
group_13162	822	0	0.0000	0	0.0000	0	0.0000
group_2214	3159	1492	0.4723	10	0.5940	5	0.5940
group_4218	1068	606	0.5674	4	0.7028	2	0.7028
group_3508	2340	902	0.3855	6	0.4811	3	0.4811
group_3841	252	0	0.0000	0	0.0000	0	0.0000
group_11883	849	0	0.0000	0	0.0000	0	0.0000
group_3992	1083	5490	5.0693	38	6.5837	19	6.5837
csm3	1053	0	0.0000	0	0.0000	0	0.0000
csm5	1275	0	0.0000	0	0.0000	0	0.0000
group_2135	768	0	0.0000	0	0.0000	0	0.0000
group_2886	1146	0	0.0000	0	0.0000	0	0.0000
group_14041	144	0	0.0000	0	0.0000	0	0.0000
group_2534	99	0	0.0000	0	0.0000	0	0.0000
group_13479	150	0	0.0000	0	0.0000	0	0.0000
group_3389	444	0	0.0000	0	0.0000	0	0.0000
group_2548	2880	19219	6.6733	129	8.4045	64	8.3394
group_3842	252	0	0.0000	0	0.0000	0	0.0000
group_14718	279	11679	41.8602	86	57.8377	43	57.8377
group_14719	432	12943	29.9606	89	38.6566	44	38.2222
group_14720	423	12823	30.3144	91	40.3662	45	39.9226
group_14721	282	8152	28.9078	60	39.9226	30	39.9226
group_14722	363	2725	7.5069	19	9.8212	9	9.3043
group_14723	417	3310	7.9376	22	9.8993	11	9.8993
group_14724	624	0	0.0000	0	0.0000	0	0.0000
group_14725	135	0	0.0000	0	0.0000	0	0.0000
group_12152	165	0	0.0000	0	0.0000	0	0.0000
group_14726	222	416	1.8739	6	5.0713	3	5.0713
group_3843	252	7549	29.9563	60	44.6753	30	44.6753
group_3844	252	8010	31.7857	56	41.6970	28	41.6970
group_1079	1212	1608	1.3267	11	1.7030	5	1.5482
group_7226	618	567	0.9175	5	1.5181	2	1.2145
group_7114	213	1867	8.7653	15	13.2138	7	12.3329
group_2019	771	42880	55.6161	298	72.5235	149	72.5235
group_13714	1269	1420	1.1190	10	1.4786	5	1.4786
group_7493	612	755	1.2337	5	1.5330	2	1.2264
grrM	1182	7821	6.6168	53	8.4135	26	8.2547
group_2450	102	0	0.0000	0	0.0000	0	0.0000
group_9474	345	21354	61.8957	158	85.9320	79	85.9320
group_11746	546	39726	72.7582	277	95.1928	138	94.8491
group_11604	171	0	0.0000	0	0.0000	0	0.0000
group_11605	171	0	0.0000	0	0.0000	0	0.0000
group_6455	384	1620	4.2188	11	5.3750	5	4.8864
group_4767	1038	5468	5.2678	37	6.6884	18	6.5076
group_2133	114	0	0.0000	0	0.0000	0	0.0000
group_10458	567	8763	15.4550	63	20.8485	31	20.5176
group_14727	792	0	0.0000	0	0.0000	0	0.0000
group_2966	738	44105	59.7629	297	75.5122	148	75.2579
group_14728	213	604	2.8357	4	3.5237	2	3.5237
group_5514	399	28560	71.5789	199	93.5830	99	93.1128
group_14731	228	1274	5.5877	9	7.4067	4	6.5837
group_14730	405	604	1.4914	4	1.8532	2	1.8532
group_7403	945	108381	114.6889	742	147.3292	371	147.3293
group_6831	216	13252	61.3519	99	86.0000	49	85.1313
group_9515	192	11655	60.7031	87	85.0227	43	84.0454
group_12	138	150	1.0870	2	2.7194	1	2.7194
group_2789	1152	2746	2.3837	19	3.0947	9	2.9318
group_11	138	905	6.5580	10	13.5968	5	13.5968
group_13934	807	755	0.9356	5	1.1626	2	0.9300
group_6547	219	0	0.0000	0	0.0000	0	0.0000
group_5001	1026	0	0.0000	0	0.0000	0	0.0000
group_4968	1914	302	0.1578	2	0.1961	1	0.1961
group_10199	1428	0	0.0000	0	0.0000	0	0.0000
group_11911	543	0	0.0000	0	0.0000	0	0.0000
group_5132	1020	151	0.1480	1	0.1840	0	0.0000
group_12066	540	0	0.0000	0	0.0000	0	0.0000
group_7783	606	0	0.0000	0	0.0000	0	0.0000
group_5649	228	505	2.2149	4	3.2919	2	3.2919
group_4034	249	606	2.4337	5	3.7678	2	3.0142
group_14737	234	151	0.6453	1	0.8019	0	0.0000
group_3186	261	1442	5.5249	10	7.1891	5	7.1891
group_13183	303	964	3.1815	7	4.3348	3	3.7156
group_14738	459	6670	14.5316	45	18.3957	22	17.9869
group_5691	396	27781	70.1540	203	96.1873	101	95.7135
group_4506	2025	156649	77.3575	1052	97.4782	526	97.4782
group_5207	1017	82252	80.8771	560	103.3199	280	103.3199
group_14739	174	1783	10.2471	15	16.1755	7	15.0972
group_7734	207	11066	53.4589	81	73.4229	40	72.5165
group_13208	153	3760	24.5752	29	35.5651	14	34.3387
group_14733	234	3290	14.0598	22	17.6410	11	17.6410
group_8653	354	5887	16.6299	43	22.7920	21	22.2619
group_2593	96	1788	18.6250	20	39.0909	10	39.0909
group_6257	222	4029	18.1486	28	23.6658	14	23.6658
group_7735	207	4799	23.1836	34	30.8195	17	30.8195
group_8070	360	371	1.0306	3	1.5636	1	1.0424
group_1935	120	0	0.0000	0	0.0000	0	0.0000
group_4457	417	391	0.9376	3	1.3499	1	0.8999
group_5888	393	4150	10.5598	31	14.8008	15	14.3234
group_4365	243	2570	10.5761	18	13.8990	9	13.8990
group_6573	633	0	0.0000	0	0.0000	0	0.0000
group_11091	558	0	0.0000	0	0.0000	0	0.0000
group_1357	780	0	0.0000	0	0.0000	0	0.0000
group_7737	207	0	0.0000	0	0.0000	0	0.0000
group_4099	426	0	0.0000	0	0.0000	0	0.0000
group_10108	1434	0	0.0000	0	0.0000	0	0.0000
group_4037	249	3034	12.1847	24	18.0854	12	18.0854
group_4744	678	54108	79.8053	378	104.6114	189	104.6114
group_5804	651	55921	85.9002	392	112.9853	196	112.9853
group_10110	888	40397	45.4921	285	60.2211	142	60.0098
group_14742	561	5578	9.9430	38	12.7098	19	12.7098
group_14741	183	674	3.6831	8	8.2027	4	8.2027
group_7642	1569	13284	8.4665	89	10.6435	44	10.5239
group_5679	654	894	1.3670	6	1.7214	3	1.7214
group_4421	687	0	0.0000	0	0.0000	0	0.0000
group_13515	300	1682	5.6067	12	7.5055	6	7.5055
group_12340	312	2328	7.4615	18	10.8252	9	10.8252
group_3621	255	8969	35.1725	70	51.5080	35	51.5080
group_11316	174	1025	5.8908	10	10.7837	5	10.7837
group_3390	444	29000	65.3153	195	82.4078	97	81.9852
group_14744	525	40603	77.3390	293	104.7189	146	104.3615
group_14748	2100	52462	24.9819	353	31.5408	176	31.4514
group_12668	159	3253	20.4591	23	27.1424	11	25.9623
group_3373	726	151	0.2080	1	0.2585	0	0.0000
group_14752	348	3483	10.0086	24	12.9404	12	12.9404
group_14750	324	26718	82.4630	184	106.5589	92	106.5589
group_14751	297	1114	3.7508	8	5.0542	4	5.0542
group_14753	1077	4415	4.0994	30	5.2266	15	5.2266
group_14755	123	0	0.0000	0	0.0000	0	0.0000
group_13483	150	2066	13.7733	19	23.7673	9	22.5164
group_14757	1245	195205	156.7912	1314	198.0354	657	198.0355
group_14762	417	2386	5.7218	18	8.0994	9	8.0994
group_6549	219	2785	12.7169	20	17.1357	10	17.1357
group_14763	1101	526349	478.0645	3552	605.3444	1776	605.3445
group_14767	282	20494	72.6738	141	93.8182	70	93.1528
group_14769	744	46532	62.5430	310	78.1818	155	78.1818
group_14770	270	5276	19.5407	35	24.3232	17	23.6283
group_14772	273	5451	19.9670	38	26.1179	19	26.1179
group_14771	195	8045	41.2564	57	54.8475	28	53.8853
group_9821	189	5599	29.6243	39	38.7186	19	37.7258
group_8655	354	35153	99.3023	255	135.1617	127	134.6317
group_14773	669	104869	156.7549	702	196.8919	351	196.8919
group_13210	153	1763	11.5229	19	23.3012	9	22.0749
group_10408	336	23563	70.1280	160	89.3506	80	89.3506
group_14217	294	25428	86.4898	174	111.0501	87	111.0501
group_14774	246	5904	24.0000	41	31.2727	20	30.5100
group_14776	567	25441	44.8695	174	57.5815	87	57.5815
group_14775	210	8202	39.0571	58	51.8234	29	51.8234
group_14778	300	1265	4.2167	9	5.6291	4	5.0036
group_14780	411	1151	2.8005	8	3.6523	4	3.6523
group_2384	105	0	0.0000	0	0.0000	0	0.0000
group_2322	762	645	0.8465	5	1.2312	2	0.9850
group_963	285	3614	12.6807	26	17.1177	13	17.1177
group_5693	396	6920	17.4747	50	23.6915	25	23.6915
group_8800	198	2322	11.7273	19	18.0055	9	17.0578
group_14781	1302	0	0.0000	0	0.0000	0	0.0000
group_14782	648	0	0.0000	0	0.0000	0	0.0000
group_14783	1365	31897	23.3678	211	29.0046	105	28.8671
group_14784	285	2193	7.6947	18	11.8507	9	11.8507
group_5073	669	253	0.3782	2	0.5609	1	0.5609
group_9771	342	151	0.4415	1	0.5486	0	0.0000
group_14785	519	20682	39.8497	141	50.9763	70	50.6148
group_12670	159	147	0.9245	1	1.1801	0	0.0000
group_14786	168	3823	22.7560	44	49.1428	22	49.1429
group_3985	429	0	0.0000	0	0.0000	0	0.0000
group_1314	126	2340	18.5714	23	34.2511	11	32.7619
group_8100	204	450	2.2059	3	2.7594	1	1.8396
group_14787	198	1573	7.9444	12	11.3719	6	11.3719
group_619	132	0	0.0000	0	0.0000	0	0.0000
group_14788	219	1084	4.9498	7	5.9975	3	5.1407
group_2749	138	0	0.0000	0	0.0000	0	0.0000
group_5523	1005	4353	4.3313	29	5.4144	14	5.2277
group_4256	693	1243	1.7937	9	2.4368	4	2.1661
group_2833	744	2696	3.6237	19	4.7918	9	4.5396
group_6299	387	6512	16.8269	46	22.3030	23	22.3030
group_5937	123	0	0.0000	0	0.0000	0	0.0000
group_10697	1407	9440	6.7093	64	8.5350	32	8.5350
group_1951	774	13932	18.0000	97	23.5151	48	23.2727
group_6107	390	40817	104.6590	297	142.8923	148	142.4112
group_2867	456	57544	126.1930	403	165.8277	201	165.4162
group_14789	3468	59563	17.1750	397	21.4797	198	21.4256
group_14790	342	10985	32.1199	76	41.6970	38	41.6970
group_12915	156	5803	37.1987	45	54.1259	22	52.9231
group_13967	1260	54021	42.8738	366	54.5039	183	54.5039
group_2970	1137	47070	41.3984	315	51.9837	157	51.8187
group_5094	1896	95852	50.5549	642	63.5351	321	63.5351
group_4395	1056	52064	49.3030	359	63.7892	179	63.6116
group_12147	315	1381	4.3841	10	5.9567	5	5.9567
group_5149	405	10956	27.0519	77	35.6741	38	35.2108
group_7744	207	1498	7.2367	10	9.0646	5	9.0646
group_14791	234	4486	19.1709	41	32.8764	20	32.0746
group_8075	360	11304	31.4000	80	41.6970	40	41.6970
group_6300	387	2567	6.6331	17	8.2424	8	7.7576
group_68	1236	9734	7.8754	66	10.0194	33	10.0194
group_7369	369	1739	4.7127	12	6.1020	6	6.1020
group_66	1236	9018	7.2961	61	9.2604	30	9.1086
group_620	132	709	5.3712	8	11.3719	4	11.3719
group_11909	318	22205	69.8270	163	96.1784	81	95.5883
group_2767	267	1238	4.6367	10	7.0276	5	7.0276
group_12671	159	4232	26.6164	35	41.3036	17	40.1235
group_2014	279	1725	6.1828	12	8.0704	6	8.0704
group_7128	213	4259	19.9953	31	27.3086	15	26.4277
group_21	138	261	1.8913	2	2.7194	1	2.7194
group_5660	228	6495	28.4868	55	45.2631	27	44.4402
group_2404	759	2571	3.3874	18	4.4499	9	4.4499
group_2229	765	45971	60.0928	314	77.0167	157	77.0167
group_11876	168	5159	30.7083	37	41.3247	18	40.2078
group_13592	813	46068	56.6642	312	72.0080	156	72.0080
group_5943	993	56850	57.2508	384	72.5603	192	72.5603
group_13886	1263	55280	43.7688	370	54.9687	185	54.9687
group_12073	1338	70458	52.6592	472	66.1916	236	66.1916
group_2971	1137	0	0.0000	0	0.0000	0	0.0000
group_12151	315	16971	53.8762	122	72.6718	61	72.6719
group_10815	180	5456	30.3111	41	42.7394	20	41.6970
group_1652	483	0	0.0000	0	0.0000	0	0.0000
group_10747	564	45812	81.2270	310	103.1334	155	103.1334
group_3253	2454	31273	12.7437	207	15.8275	103	15.7511
group_8705	1509	16915	11.2094	113	14.0510	56	13.9266
group_8316	597	7545	12.6382	52	16.3435	26	16.3435
group_1247	1209	16870	13.9537	113	17.5376	56	17.3824
group_4169	1206	21101	17.4967	141	21.9376	70	21.7820
group_6203	642	4752	7.4019	33	9.6449	16	9.3526
group_14792	4905	470569	95.9366	3133	119.8501	1566	119.8118
group_12425	162	556	3.4321	5	5.7912	2	4.6330
group_6212	1722	1125	0.6533	8	0.8717	4	0.8717
group_2752	459	151	0.3290	1	0.4088	0	0.0000
group_2378	273	151	0.5531	1	0.6873	0	0.0000
group_10814	180	947	5.2611	7	7.2970	3	6.2545
group_6266	222	5549	24.9955	42	35.4988	21	35.4988
group_3502	1113	3679	3.3055	26	4.3832	13	4.3832
group_12592	1317	2705	2.0539	18	2.5645	9	2.5645
group_7518	942	8582	9.1104	58	11.5530	29	11.5530
group_7438	210	717	3.4143	5	4.4675	2	3.5740
group_1604	282	1236	4.3830	9	5.9884	4	5.3230
group_5661	228	0	0.0000	0	0.0000	0	0.0000
group_328	792	3859	4.8725	27	6.3967	13	6.1598
group_10173	186	0	0.0000	0	0.0000	0	0.0000
group_2191	276	454	1.6449	3	2.0395	1	1.3597
group_11095	558	3428	6.1434	23	7.7341	11	7.3978
group_5211	1017	1359	1.3363	9	1.6605	4	1.4760
group_9258	348	4762	13.6839	34	18.3323	17	18.3323
group_5311	663	7655	11.5460	52	14.7166	26	14.7166
group_4624	1044	3915	3.7500	28	5.0324	14	5.0324
group_4949	1917	289708	151.1257	1956	191.4536	978	191.4537
group_6756	966	1477	1.5290	10	1.9424	5	1.9424
group_12282	840	5532	6.5857	40	8.9351	20	8.9351
group_9621	897	5166	5.7592	36	7.5306	18	7.5306
group_3379	1119	4807	4.2958	33	5.5335	16	5.3658
group_7759	936	4855	5.1870	33	6.6154	16	6.4149
group_13691	513	1104	2.1520	8	2.9261	4	2.9261
group_10519	183	1030	5.6284	9	9.2280	4	8.2027
group_4370	243	1447	5.9547	10	7.7217	5	7.7217
group_5663	228	755	3.3114	5	4.1148	2	3.2919
group_10112	339	848	2.5015	6	3.3210	3	3.3210
group_12676	159	0	0.0000	0	0.0000	0	0.0000
group_10614	879	9033	10.2765	63	13.4483	31	13.2349
group_3858	1092	15616	14.3004	106	18.2138	53	18.2138
group_6457	384	839	2.1849	6	2.9318	3	2.9318
group_5393	231	2398	10.3810	19	15.4333	9	14.6210
group_5138	234	453	1.9359	3	2.4056	1	1.6037
group_14793	222	0	0.0000	0	0.0000	0	0.0000
group_13774	147	0	0.0000	0	0.0000	0	0.0000
group_10414	336	1750	5.2083	12	6.7013	6	6.7013
group_4465	417	2352	5.6403	16	7.1995	8	7.1995
group_2367	468	449	0.9594	3	1.2028	1	0.8019
group_2319	108	94	0.8704	2	3.4747	1	3.4747
group_8107	204	246	1.2059	2	1.8396	1	1.8396
gerE	282	17645	62.5709	127	84.5029	63	83.8375
group_11105	1383	12851	9.2921	88	11.9393	44	11.9393
group_9162	195	0	0.0000	0	0.0000	0	0.0000
group_1939	120	0	0.0000	0	0.0000	0	0.0000
group_14093	507	425	0.8383	3	1.1103	1	0.7402
group_9766	576	453	0.7865	3	0.9773	1	0.6515
group_3452	2364	6522	2.7589	44	3.4924	22	3.4924
group_14794	1032	5920	5.7364	41	7.4545	20	7.2727
group_14795	3228	11109	3.4414	74	4.3015	37	4.3015
group_8809	198	0	0.0000	0	0.0000	0	0.0000
chlD	1383	28121	20.3333	192	26.0493	96	26.0493
group_1940	120	0	0.0000	0	0.0000	0	0.0000
group_10474	567	604	1.0653	4	1.3237	2	1.3237
group_6331	1695	1661	0.9799	11	1.2177	5	1.1070
group_4222	2112	3062	1.4498	21	1.8657	10	1.7769
group_1938	480	899	1.8729	6	2.3455	3	2.3455
group_4219	1068	1130	1.0581	8	1.4055	4	1.4055
group_4887	1032	2532	2.4535	18	3.2727	9	3.2727
group_2751	1155	28514	24.6874	194	31.5164	97	31.5164
group_13492	150	0	0.0000	0	0.0000	0	0.0000
group_5395	231	9693	41.9610	65	52.7981	32	51.9858
group_5396	231	0	0.0000	0	0.0000	0	0.0000
group_12593	1317	1462	1.1101	10	1.4247	5	1.4247
group_3163	2496	4384	1.7564	28	2.1049	14	2.1049
group_2405	759	2589	3.4111	18	4.4499	9	4.4499
group_8662	354	599	1.6921	4	2.1202	2	2.1202
group_4619	129	0	0.0000	0	0.0000	0	0.0000
group_2574	270	4005	14.8333	29	20.1535	14	19.4586
group_2452	102	0	0.0000	0	0.0000	0	0.0000
group_13850	297	15513	52.2323	111	70.1267	55	69.4949
group_4528	684	2111	3.0863	14	3.8405	7	3.8405
group_3439	258	216	0.8372	2	1.4545	1	1.4545
group_7749	208	0	0.0000	0	0.0000	0	0.0000
group_6110	390	4204	10.7795	32	15.3958	16	15.3958
group_9526	192	151	0.7865	1	0.9773	0	0.0000
group_11374	324	3631	11.2068	25	14.4781	12	13.8990
group_5441	660	76093	115.2924	535	152.0991	267	151.8149
group_10955	330	1336	4.0485	10	5.6859	5	5.6859
group_14796	138	0	0.0000	0	0.0000	0	0.0000
group_9780	894	1927	2.1555	13	2.7285	6	2.5186
group_12350	312	453	1.4519	3	1.8042	1	1.2028
group_12428	162	0	0.0000	0	0.0000	0	0.0000
group_9368	903	14255	15.7863	107	22.2338	53	22.0260
group_2032	117	0	0.0000	0	0.0000	0	0.0000
group_10178	186	1263	6.7903	9	9.0792	4	8.0704
group_14797	990	604	0.6101	4	0.7581	2	0.7581
group_431	1224	755	0.6168	5	0.7665	2	0.6132
group_7293	1599	0	0.0000	0	0.0000	0	0.0000
group_331	792	0	0.0000	0	0.0000	0	0.0000
group_10524	183	0	0.0000	0	0.0000	0	0.0000
group_2183	1185	0	0.0000	0	0.0000	0	0.0000
group_5443	660	0	0.0000	0	0.0000	0	0.0000
group_2764	138	0	0.0000	0	0.0000	0	0.0000
group_2887	1146	3160	2.7574	21	3.4384	10	3.2746
group_2536	99	0	0.0000	0	0.0000	0	0.0000
group_2237	111	0	0.0000	0	0.0000	0	0.0000
group_5525	1005	16075	15.9950	111	20.7240	55	20.5373
group_14799	360	1057	2.9361	7	3.6485	3	3.1273
group_5732	999	0	0.0000	0	0.0000	0	0.0000
group_5645	1800	302	0.1678	2	0.2085	1	0.2085
group_2453	102	188	1.8431	2	3.6791	1	3.6791
group_14800	879	8445	9.6075	58	12.3810	29	12.3810
group_1661	483	5403	11.1863	37	14.3738	18	13.9853
group_8814	198	863	4.3586	6	5.6859	3	5.6859
group_10180	186	0	0.0000	0	0.0000	0	0.0000
group_10416	336	16118	47.9702	116	64.7792	58	64.7792
group_14809	1584	79305	50.0663	532	63.0193	266	63.0193
group_14802	690	35180	50.9855	245	66.6245	122	66.3526
group_14806	6474	317461	49.0363	2120	61.4441	1060	61.4441
group_14816	2121	123293	58.1297	826	73.0729	413	73.0729
group_14803	777	33366	42.9421	227	54.8178	113	54.5763
group_14810	1032	54181	52.5010	370	67.2727	185	67.2727
group_14818	1587	79718	50.2319	534	63.1366	267	63.1366
group_14814	588	27374	46.5544	185	59.0352	92	58.7161
group_14805	1689	86642	51.2978	583	64.7673	291	64.6562
group_14804	897	40325	44.9554	276	57.7342	138	57.7343
group_14811	993	56239	56.6354	379	71.6155	189	71.4265
group_14812	930	47573	51.1538	322	64.9665	161	64.9666
group_14801	906	43775	48.3168	307	63.5810	153	63.3739
group_14807	900	44356	49.2844	303	63.1709	151	62.9624
group_14817	1650	89819	54.4358	600	68.2314	300	68.2314
group_14819	915	52298	57.1563	351	71.9785	175	71.7735
group_14808	882	55867	63.3413	378	80.4156	189	80.4156
group_14820	123	0	0.0000	0	0.0000	0	0.0000
group_7700	1563	4172	2.6692	28	3.3614	14	3.3614
group_8236	1530	0	0.0000	0	0.0000	0	0.0000
group_13521	1278	0	0.0000	0	0.0000	0	0.0000
group_5381	1323	0	0.0000	0	0.0000	0	0.0000
group_3278	1125	0	0.0000	0	0.0000	0	0.0000
group_14823	315	0	0.0000	0	0.0000	0	0.0000
group_14822	255	0	0.0000	0	0.0000	0	0.0000
group_14821	222	1637	7.3739	12	10.1425	6	10.1425
group_14825	8379	0	0.0000	0	0.0000	0	0.0000
group_14824	7740	0	0.0000	0	0.0000	0	0.0000
group_14826	207	0	0.0000	0	0.0000	0	0.0000
group_5947	993	0	0.0000	0	0.0000	0	0.0000
group_9181	585	0	0.0000	0	0.0000	0	0.0000
group_2330	762	900	1.1811	6	1.4775	3	1.4775
group_8999	1494	0	0.0000	0	0.0000	0	0.0000
group_6211	1722	0	0.0000	0	0.0000	0	0.0000
group_2406	759	0	0.0000	0	0.0000	0	0.0000
group_11886	168	0	0.0000	0	0.0000	0	0.0000
group_14830	156	0	0.0000	0	0.0000	0	0.0000
group_5979	226	926	4.0973	10	8.3025	5	8.3025
group_14832	750	83520	111.3600	565	141.3527	282	141.1025
group_12165	165	254	1.5394	4	4.5488	2	4.5488
group_2386	105	461	4.3905	6	10.7221	3	10.7221
group_7444	210	1171	5.5762	9	8.0416	4	7.1481
group_2666	93	0	0.0000	0	0.0000	0	0.0000
group_10181	186	0	0.0000	0	0.0000	0	0.0000
group_12921	157	146	0.9299	1	1.1951	0	0.0000
group_8111	204	0	0.0000	0	0.0000	0	0.0000
group_6521	975	1057	1.0841	7	1.3471	3	1.1547
group_5142	234	0	0.0000	0	0.0000	0	0.0000
group_2963	2613	14304	5.4742	96	6.8936	48	6.8936
group_12279	1332	8435	6.3326	57	8.0295	28	7.8886
group_9223	1668	604	0.3621	4	0.4500	2	0.4500
group_2388	105	0	0.0000	0	0.0000	0	0.0000
group_9263	348	0	0.0000	0	0.0000	0	0.0000
group_5214	1017	5155	5.0688	35	6.4575	17	6.2730
group_2754	459	5421	11.8105	39	15.9430	19	15.5342
group_6445	636	2099	3.3003	15	4.4254	7	4.1304
group_4954	672	1315	1.9568	9	2.5130	4	2.2338
group_4344	690	4611	6.6826	33	8.9739	16	8.7020
group_10419	336	302	0.8988	2	1.1169	1	1.1169
group_12167	165	2005	12.1515	18	20.4694	9	20.4694
group_7171	372	2230	5.9946	16	8.0704	8	8.0704
group_10820	180	151	0.8389	1	1.0424	0	0.0000
group_9163	195	5538	28.4000	38	36.5650	19	36.5650
group_8982	351	586	1.6695	4	2.1383	2	2.1383
group_4188	696	3920	5.6322	27	7.2790	13	7.0094
group_2957	264	567	2.1477	6	4.2645	3	4.2645
group_4322	285	0	0.0000	0	0.0000	0	0.0000
group_2145	3225	50383	15.6226	338	19.6654	169	19.6655
group_4622	240	2281	9.5042	16	12.5091	8	12.5091
group_631	132	385	2.9167	4	5.6859	2	5.6859
group_5208	666	3936	5.9099	27	7.6069	13	7.3251
group_3375	726	5603	7.7176	39	10.0796	19	9.8212
group_2035	117	202	1.7265	2	3.2075	1	3.2075
group_14057	144	1371	9.5208	13	16.9394	6	15.6364
group_13855	297	759	2.5556	9	5.6859	4	5.0542
cas5d	780	3322	4.2590	22	5.2923	11	5.2923
group_4932	1029	3999	3.8863	27	4.9234	13	4.7411
group_2697	2763	17172	6.2150	115	7.8097	57	7.7418
group_9828	189	0	0.0000	0	0.0000	0	0.0000
group_2139	768	3512	4.5729	24	5.8636	12	5.8636
group_4112	699	3167	4.5308	21	5.6371	10	5.3687
group_5670	228	452	1.9825	3	2.4689	1	1.6459
group_5897	393	3213	8.1756	24	11.4587	12	11.4587
group_4374	243	1073	4.4156	9	6.9495	4	6.1773
group_5143	234	2442	10.4359	18	14.4336	9	14.4336
group_12156	315	151	0.4794	1	0.5957	0	0.0000
group_12679	159	0	0.0000	0	0.0000	0	0.0000
group_2321	108	162	1.5000	2	3.4747	1	3.4747
betA	2499	16765	6.7087	112	8.4095	56	8.4095
amyA	1890	15545	8.2249	107	10.6228	53	10.5235
group_12923	156	1046	6.7051	8	9.6224	4	9.6224
group_1323	126	0	0.0000	0	0.0000	0	0.0000
group_11489	1365	62972	46.1333	419	57.5968	209	57.4593
group_3442	258	298	1.1550	2	1.4545	1	1.4545
group_6839	216	151	0.6991	1	0.8687	0	0.0000
group_11100	558	1164	2.0860	8	2.6901	4	2.6901
group_14833	1860	880	0.4731	8	0.8070	4	0.8070
group_691	1218	59598	48.9310	403	62.0833	201	61.9292
group_3628	255	0	0.0000	0	0.0000	0	0.0000
group_3199	261	0	0.0000	0	0.0000	0	0.0000
group_12353	312	2298	7.3654	16	9.6224	8	9.6224
group_5341	402	25966	64.5920	187	87.2836	93	86.8168
group_1941	120	0	0.0000	0	0.0000	0	0.0000
group_6840	216	3709	17.1713	27	23.4545	13	22.5859
group_8087	360	15036	41.7667	106	55.2485	53	55.2485
group_5144	234	2205	9.4231	15	12.0280	7	11.2261
group_13693	513	0	0.0000	0	0.0000	0	0.0000
group_10781	876	0	0.0000	0	0.0000	0	0.0000
group_8964	912	0	0.0000	0	0.0000	0	0.0000
group_2706	1158	0	0.0000	0	0.0000	0	0.0000
group_12677	531	3429	6.4576	25	8.8341	12	8.4807
group_6271	222	0	0.0000	0	0.0000	0	0.0000
group_2480	756	0	0.0000	0	0.0000	0	0.0000
group_12680	159	1519	9.5535	14	16.5214	7	16.5214
group_8776	1506	44260	29.3891	301	37.5023	150	37.3778
group_8116	204	1831	8.9755	13	11.9572	6	11.0374
group_8670	354	3455	9.7599	26	13.7812	13	13.7812
group_13598	813	0	0.0000	0	0.0000	0	0.0000
group_6845	216	749	3.4676	5	4.3434	2	3.4747
group_8088	360	1727	4.7972	12	6.2545	6	6.2545
group_4207	246	0	0.0000	0	0.0000	0	0.0000
group_3949	705	647	0.9177	5	1.3308	2	1.0646
group_2016	279	151	0.5412	1	0.6725	0	0.0000
group_9529	192	2416	12.5833	21	20.5227	10	19.5455
group_14835	768	800	1.0417	6	1.4659	3	1.4659
group_14834	2376	316443	133.1831	2124	167.7355	1062	167.7355
group_14839	624	7699	12.3381	54	16.2378	27	16.2378
group_14837	126	0	0.0000	0	0.0000	0	0.0000
group_8818	198	451	2.2778	4	3.7906	2	3.7906
group_3862	252	2657	10.5437	23	17.1255	11	16.3810
group_14056	144	0	0.0000	0	0.0000	0	0.0000
group_14840	318	1818	5.7170	16	9.4408	8	9.4408
group_4209	246	2194	8.9187	16	12.2040	8	12.2040
group_14844	849	6437	7.5819	44	9.7244	22	9.7244
group_14843	570	0	0.0000	0	0.0000	0	0.0000
group_10822	180	0	0.0000	0	0.0000	0	0.0000
group_9784	894	8968	10.0313	66	13.8523	33	13.8523
group_8449	201	0	0.0000	0	0.0000	0	0.0000
group_14845	1830	126839	69.3109	756	77.5153	378	77.5153
group_14846	624	613585	983.3093	4115	1237.3772	2057	1237.0767
group_14847	258	590	2.2868	4	2.9091	2	2.9091
group_14848	1221	62186	50.9304	415	63.7748	207	63.6212
group_14849	1170	35285	30.1581	241	38.6499	120	38.4895
group_8910	588	1650	2.8061	12	3.8293	6	3.8293
group_14850	648	35767	55.1960	261	75.5757	130	75.2862
group_14851	639	26415	41.3380	186	54.6171	93	54.6171
group_14852	285	12671	44.4596	85	55.9617	42	55.3033
group_14853	477	6944	14.5577	49	19.2750	24	18.8816
group_14854	951	31254	32.8644	217	42.8150	108	42.6177
group_14855	705	69727	98.9035	467	124.2924	233	124.0263
group_14856	621	2964	4.7729	22	6.6473	11	6.6473
group_14857	270	7850	29.0741	53	36.8323	26	36.1374
group_14858	621	28333	45.6248	191	57.7110	95	57.4089
group_14859	309	4489	14.5275	35	21.2533	17	20.6461
group_14860	501	14702	29.3453	98	36.7033	49	36.7033
group_14861	546	6838	12.5238	51	17.5265	25	17.1828
group_14862	186	2964	15.9355	20	20.1759	10	20.1760
group_14082	1257	15481	12.3158	102	15.2259	51	15.2259
cpcA	495	8933	18.0465	63	23.8810	31	23.5019
cpeB	561	11013	19.6310	75	25.0851	37	24.7506
group_14863	138	729	5.2826	7	9.5178	3	8.1581
group_14864	315	6535	20.7460	45	26.8052	22	26.2095
ybaB	345	12572	36.4406	84	45.6854	42	45.6854
group_10823	180	0	0.0000	0	0.0000	0	0.0000
group_14865	1434	0	0.0000	0	0.0000	0	0.0000
group_7308	948	906	0.9557	6	1.1876	3	1.1876
group_12925	156	781	5.0064	6	7.2168	3	7.2168
group_6558	219	144	0.6575	2	1.7136	1	1.7136
group_3202	261	166	0.6360	2	1.4378	1	1.4378
group_570	213	0	0.0000	0	0.0000	0	0.0000
group_9166	195	0	0.0000	0	0.0000	0	0.0000
group_4625	240	0	0.0000	0	0.0000	0	0.0000
group_628	132	0	0.0000	0	0.0000	0	0.0000
group_14873	1815	0	0.0000	0	0.0000	0	0.0000
group_14874	1119	0	0.0000	0	0.0000	0	0.0000
group_14870	1281	0	0.0000	0	0.0000	0	0.0000
group_14869	243	0	0.0000	0	0.0000	0	0.0000
group_14871	834	0	0.0000	0	0.0000	0	0.0000
group_14867	774	289	0.3734	2	0.4848	1	0.4848
group_14866	1134	3407	3.0044	22	3.6402	11	3.6402
group_14875	480	1057	2.2021	7	2.7364	3	2.3455
group_14872	666	2830	4.2492	20	5.6347	10	5.6347
group_14868	981	1371	1.3976	10	1.9127	5	1.9127
group_4210	246	0	0.0000	0	0.0000	0	0.0000
group_4918	408	4598	11.2696	33	15.1765	16	14.7166
group_13535	300	0	0.0000	0	0.0000	0	0.0000
group_2138	114	302	2.6491	4	6.5837	2	6.5837
group_4626	240	0	0.0000	0	0.0000	0	0.0000
group_5147	234	0	0.0000	0	0.0000	0	0.0000
group_6307	387	0	0.0000	0	0.0000	0	0.0000
group_7309	948	0	0.0000	0	0.0000	0	0.0000
group_11933	849	0	0.0000	0	0.0000	0	0.0000
group_5703	396	0	0.0000	0	0.0000	0	0.0000
group_2037	117	595	5.0855	6	9.6224	3	9.6224
group_2636	462	0	0.0000	0	0.0000	0	0.0000
group_5683	654	0	0.0000	0	0.0000	0	0.0000
group_74	291	0	0.0000	0	0.0000	0	0.0000
group_3994	1083	7836	7.2355	58	10.0489	29	10.0489
group_3924	1410	226696	160.7773	1511	201.0769	755	200.9439
group_5148	234	474	2.0256	4	3.2075	2	3.2075
group_11616	171	0	0.0000	0	0.0000	0	0.0000
group_13536	300	13742	45.8067	101	63.1709	50	62.5454
group_4211	246	260	1.0569	2	1.5255	1	1.5255
group_3711	714	0	0.0000	0	0.0000	0	0.0000
group_14876	312	1640	5.2564	11	6.6154	5	6.0140
group_4838	1197	0	0.0000	0	0.0000	0	0.0000
group_12678	531	0	0.0000	0	0.0000	0	0.0000
group_14878	267	0	0.0000	0	0.0000	0	0.0000
group_14059	144	0	0.0000	0	0.0000	0	0.0000
group_6848	216	0	0.0000	0	0.0000	0	0.0000
group_5406	231	0	0.0000	0	0.0000	0	0.0000
hpsN	972	2511	2.5833	17	3.2817	8	3.0887
group_9274	348	0	0.0000	0	0.0000	0	0.0000
group_7356	1593	30616	19.2191	209	24.6177	104	24.4999
group_4213	246	2404	9.7724	23	17.5432	11	16.7805
group_2667	93	0	0.0000	0	0.0000	0	0.0000
group_8054	1539	114	0.0741	2	0.2438	1	0.2438
group_6272	222	0	0.0000	0	0.0000	0	0.0000
group_14879	3042	8221	2.7025	56	3.4542	28	3.4542
group_14880	939	22366	23.8190	155	30.9730	77	30.7732
group_14881	243	2073	8.5309	15	11.5825	7	10.8103
group_2756	459	898	1.9564	6	2.4528	3	2.4528
group_14882	171	0	0.0000	0	0.0000	0	0.0000
group_993	129	870	6.7442	8	11.6364	4	11.6364
group_482	288	2394	8.3125	22	14.3333	11	14.3333
group_8366	357	290	0.8123	2	1.0512	1	1.0512
group_8633	591	11244	19.0254	76	24.1292	38	24.1292
group_10718	333	6811	20.4535	50	28.1736	25	28.1736
group_2141	768	12107	15.7643	82	20.0341	41	20.0341
group_10619	879	13701	15.5870	94	20.0658	47	20.0658
group_14887	1218	138239	113.4967	928	142.9610	464	142.9610
group_14886	228	0	0.0000	0	0.0000	0	0.0000
group_14884	654	0	0.0000	0	0.0000	0	0.0000
group_14885	792	0	0.0000	0	0.0000	0	0.0000
group_14883	990	0	0.0000	0	0.0000	0	0.0000
group_5407	231	0	0.0000	0	0.0000	0	0.0000
group_6561	219	153	0.6986	1	0.8568	0	0.0000
group_7448	210	0	0.0000	0	0.0000	0	0.0000
group_12927	156	0	0.0000	0	0.0000	0	0.0000
group_14888	1023	45865	44.8338	316	57.9600	158	57.9600
group_14889	189	277	1.4656	4	3.9711	2	3.9711
group_748	492	0	0.0000	0	0.0000	0	0.0000
group_12434	162	180	1.1111	2	2.3165	1	2.3165
group_9830	189	248	1.3122	2	1.9856	1	1.9856
group_6565	219	505	2.3059	4	3.4271	2	3.4271
group_8117	204	0	0.0000	0	0.0000	0	0.0000
group_14890	1896	57769	30.4689	390	38.5961	195	38.5961
group_9531	192	0	0.0000	0	0.0000	0	0.0000
group_10825	180	0	0.0000	0	0.0000	0	0.0000
group_12683	159	0	0.0000	0	0.0000	0	0.0000
group_4874	237	112	0.4726	2	1.5834	1	1.5834
group_13780	147	0	0.0000	0	0.0000	0	0.0000
group_12682	159	0	0.0000	0	0.0000	0	0.0000
group_2783	267	0	0.0000	0	0.0000	0	0.0000
group_484	288	0	0.0000	0	0.0000	0	0.0000
group_14893	543	302	0.5562	2	0.6911	1	0.6911
group_14894	126	0	0.0000	0	0.0000	0	0.0000
group_4300	1062	4829	4.5471	33	5.8305	16	5.6538
group_7177	372	0	0.0000	0	0.0000	0	0.0000
group_9169	195	0	0.0000	0	0.0000	0	0.0000
group_11082	177	1084	6.1243	12	12.7211	6	12.7211
ecfA2	141	0	0.0000	0	0.0000	0	0.0000
group_11326	174	0	0.0000	0	0.0000	0	0.0000
group_2198	277	0	0.0000	0	0.0000	0	0.0000
group_13225	153	0	0.0000	0	0.0000	0	0.0000
group_14896	330	0	0.0000	0	0.0000	0	0.0000
group_10910	873	7644	8.7560	52	11.1765	26	11.1765
group_14897	432	18303	42.3681	130	56.4646	65	56.4646
group_9534	192	0	0.0000	0	0.0000	0	0.0000
group_4629	240	0	0.0000	0	0.0000	0	0.0000
group_194	498	7859	15.7811	53	19.9693	26	19.5925
group_14060	144	0	0.0000	0	0.0000	0	0.0000
group_11101	558	0	0.0000	0	0.0000	0	0.0000
group_14900	765	32884	42.9856	220	53.9608	110	53.9608
group_14899	246	0	0.0000	0	0.0000	0	0.0000
group_7450	210	1002	4.7714	8	7.1480	4	7.1481
yeeP	993	0	0.0000	0	0.0000	0	0.0000
group_7451	210	0	0.0000	0	0.0000	0	0.0000
group_8820	198	2701	13.6414	22	20.8485	11	20.8485
group_14903	126	0	0.0000	0	0.0000	0	0.0000
group_10531	183	0	0.0000	0	0.0000	0	0.0000
group_4379	243	0	0.0000	0	0.0000	0	0.0000
group_12173	165	0	0.0000	0	0.0000	0	0.0000
group_997	285	302	1.0596	2	1.3167	1	1.3167
group_9734	1452	14380	9.9036	97	12.5349	48	12.4057
group_5372	1011	11230	11.1078	76	14.1052	38	14.1052
group_10185	186	656	3.5269	6	6.0528	3	6.0528
group_10033	573	1190	2.0768	9	2.9472	4	2.6197
group_6308	387	2403	6.2093	29	14.0606	14	13.5758
group_9168	195	646	3.3128	5	4.8112	2	3.8490
group_14904	183	151	0.8251	1	1.0253	0	0.0000
group_14905	840	11123	13.2417	75	16.7532	37	16.5299
group_8118	204	4059	19.8971	32	29.4331	16	29.4332
group_12705	831	151	0.1817	1	0.2258	0	0.0000
group_6339	639	0	0.0000	0	0.0000	0	0.0000
group_1349	486	8426	17.3374	61	23.5511	30	23.1650
group_10034	573	1689	2.9476	12	3.9296	6	3.9296
group_3744	1098	3792	3.4536	26	4.4431	13	4.4431
group_3469	723	11419	15.7939	77	19.9834	38	19.7239
group_8047	930	13237	14.2333	88	17.7548	44	17.7548
group_14906	270	0	0.0000	0	0.0000	0	0.0000
group_14907	378	1314	3.4762	10	4.9639	5	4.9639
group_14908	402	9828	24.4478	65	30.3392	32	29.8725
group_14911	225	0	0.0000	0	0.0000	0	0.0000
group_14910	117	104	0.8889	2	3.2075	1	3.2075
group_14909	108	0	0.0000	0	0.0000	0	0.0000
group_8373	357	0	0.0000	0	0.0000	0	0.0000
group_11603	549	0	0.0000	0	0.0000	0	0.0000
group_14242	294	0	0.0000	0	0.0000	0	0.0000
group_14912	159	0	0.0000	0	0.0000	0	0.0000
group_4066	105	0	0.0000	0	0.0000	0	0.0000
group_6275	222	203	0.9144	2	1.6904	1	1.6904
group_14913	2034	282424	138.8515	1879	173.3376	939	173.2453
group_14914	438	85877	196.0662	593	254.0373	296	253.6089
group_2456	102	194	1.9020	2	3.6791	1	3.6791
group_5952	993	0	0.0000	0	0.0000	0	0.0000
group_14915	237	1787	7.5401	13	10.2923	6	9.5006
group_14916	414	0	0.0000	0	0.0000	0	0.0000
group_14917	444	302	0.6802	2	0.8452	1	0.8452
group_12175	165	1860	11.2727	16	18.1950	8	18.1950
group_335	135	0	0.0000	0	0.0000	0	0.0000
group_5896	1758	11688	6.6485	78	8.3252	39	8.3252
group_10480	567	5193	9.1587	36	11.9134	18	11.9134
group_2503	2892	5109	1.7666	34	2.2060	17	2.2060
group_14918	171	0	0.0000	0	0.0000	0	0.0000
group_14921	219	0	0.0000	0	0.0000	0	0.0000
group_14922	225	5238	23.2800	37	30.8557	18	30.0218
group_5563	657	0	0.0000	0	0.0000	0	0.0000
group_2577	753	4589	6.0943	31	7.7247	15	7.4756
group_14933	336	4067	12.1042	28	15.6364	14	15.6364
group_14936	300	3960	13.2000	28	17.5127	14	17.5127
group_14938	213	1064	4.9953	8	7.0474	4	7.0474
group_8823	198	0	0.0000	0	0.0000	0	0.0000
group_8122	204	0	0.0000	0	0.0000	0	0.0000
group_10728	333	280	0.8408	2	1.1269	1	1.1269
group_6630	381	0	0.0000	0	0.0000	0	0.0000
group_7453	210	444	2.1143	3	2.6805	1	1.7870
group_14944	201	604	3.0050	4	3.7341	2	3.7341
group_14945	2892	5073	1.7541	34	2.2060	17	2.2060
group_14948	492	0	0.0000	0	0.0000	0	0.0000
group_14949	738	2046	2.7724	14	3.5595	7	3.5595
group_10828	180	98	0.5444	1	1.0424	0	0.0000
group_9495	345	1506	4.3652	10	5.4387	5	5.4387
group_11625	171	0	0.0000	0	0.0000	0	0.0000
group_3631	255	0	0.0000	0	0.0000	0	0.0000
group_7357	1593	1128	0.7081	8	0.9423	4	0.9423
group_5278	1857	32980	17.7598	223	22.5325	111	22.4315
group_2598	96	0	0.0000	0	0.0000	0	0.0000
group_2758	459	0	0.0000	0	0.0000	0	0.0000
group_14950	138	825	5.9783	8	10.8775	4	10.8775
group_14951	162	188	1.1605	2	2.3165	1	2.3165
group_14952	120	0	0.0000	0	0.0000	0	0.0000
group_13212	303	0	0.0000	0	0.0000	0	0.0000
perM	1077	160903	149.3993	1093	190.4238	546	190.2497
group_3887	708	0	0.0000	0	0.0000	0	0.0000
group_14953	663	0	0.0000	0	0.0000	0	0.0000
group_14954	1206	55742	46.2206	379	58.9670	189	58.8114
group_14955	453	26442	58.3709	179	74.1433	89	73.7291
group_14956	141	432	3.0638	6	7.9845	3	7.9845
group_14957	894	9693	10.8423	67	14.0622	33	13.8523
group_14958	627	18479	29.4721	126	37.7068	63	37.7068
group_14959	372	2309	6.2070	18	9.0792	9	9.0792
group_14966	381	0	0.0000	0	0.0000	0	0.0000
group_14980	1143	0	0.0000	0	0.0000	0	0.0000
group_14967	138	0	0.0000	0	0.0000	0	0.0000
group_14974	2382	790	0.3317	6	0.4726	3	0.4726
group_14979	1587	0	0.0000	0	0.0000	0	0.0000
group_14969	189	0	0.0000	0	0.0000	0	0.0000
group_14976	789	0	0.0000	0	0.0000	0	0.0000
group_14970	639	0	0.0000	0	0.0000	0	0.0000
group_14963	228	0	0.0000	0	0.0000	0	0.0000
group_14981	477	0	0.0000	0	0.0000	0	0.0000
group_14972	165	0	0.0000	0	0.0000	0	0.0000
group_14968	702	0	0.0000	0	0.0000	0	0.0000
group_14982	378	0	0.0000	0	0.0000	0	0.0000
group_14962	267	0	0.0000	0	0.0000	0	0.0000
group_14977	2541	0	0.0000	0	0.0000	0	0.0000
group_14960	270	0	0.0000	0	0.0000	0	0.0000
group_14978	201	0	0.0000	0	0.0000	0	0.0000
group_14961	225	0	0.0000	0	0.0000	0	0.0000
group_14964	210	0	0.0000	0	0.0000	0	0.0000
group_14965	240	0	0.0000	0	0.0000	0	0.0000
group_14971	498	0	0.0000	0	0.0000	0	0.0000
group_14975	336	0	0.0000	0	0.0000	0	0.0000
group_14973	501	0	0.0000	0	0.0000	0	0.0000
group_14984	1494	298	0.1995	2	0.2512	1	0.2512
group_14983	1317	586	0.4450	4	0.5699	2	0.5699
group_14985	675	0	0.0000	0	0.0000	0	0.0000
group_14986	225	0	0.0000	0	0.0000	0	0.0000
group_13871	297	2904	9.7778	23	14.5308	11	13.8990
group_5905	393	213	0.5420	2	0.9549	1	0.9549
group_14987	222	619	2.7883	7	5.9165	3	5.0713
group_14988	138	388	2.8116	4	5.4387	2	5.4387
group_9188	585	151	0.2581	1	0.3207	0	0.0000
group_10829	180	144	0.8000	2	2.0848	1	2.0848
group_9588	579	0	0.0000	0	0.0000	0	0.0000
group_6466	384	2455	6.3932	18	8.7955	9	8.7955
group_5346	402	3539	8.8035	26	12.1357	13	12.1357
group_2538	99	166	1.6768	2	3.7906	1	3.7906
group_11668	321	0	0.0000	0	0.0000	0	0.0000
group_6799	378	151	0.3995	1	0.4964	0	0.0000
group_6858	216	151	0.6991	1	0.8687	0	0.0000
group_14989	1257	0	0.0000	0	0.0000	0	0.0000
group_14995	654	4717	7.2125	32	9.1810	16	9.1810
group_15009	417	1042	2.4988	6	2.6998	3	2.6998
group_15010	174	0	0.0000	0	0.0000	0	0.0000
group_4108	426	12282	28.8310	88	38.7606	44	38.7606
group_15011	228	344	1.5088	4	3.2919	2	3.2919
group_9799	342	19204	56.1520	130	71.3237	65	71.3238
group_2044	117	172	1.4701	2	3.2075	1	3.2075
group_5906	393	1057	2.6896	7	3.3421	3	2.8647
group_6859	216	0	0.0000	0	0.0000	0	0.0000
group_3633	255	960	3.7647	7	5.1508	3	4.4150
group_2392	105	0	0.0000	0	0.0000	0	0.0000
group_15012	183	568	3.1038	5	5.1267	2	4.1013
group_7459	210	0	0.0000	0	0.0000	0	0.0000
group_4929	408	453	1.1103	3	1.3797	1	0.9198
group_7183	372	0	0.0000	0	0.0000	0	0.0000
group_15013	900	0	0.0000	0	0.0000	0	0.0000
group_4478	417	1849	4.4341	14	6.2995	7	6.2995
group_15014	258	2127	8.2442	18	13.0909	9	13.0909
group_4745	411	0	0.0000	0	0.0000	0	0.0000
group_5347	402	3591	8.9328	24	11.2022	12	11.2022
group_3401	444	4760	10.7207	34	14.3685	17	14.3685
group_15015	195	1113	5.7077	9	8.6601	4	7.6979
group_5412	231	5340	23.1169	42	34.1157	21	34.1157
group_15017	129	0	0.0000	0	0.0000	0	0.0000
group_15016	294	0	0.0000	0	0.0000	0	0.0000
group_15018	138	0	0.0000	0	0.0000	0	0.0000
group_15019	414	720	1.7391	5	2.2661	2	1.8129
group_3636	255	601	2.3569	5	3.6791	2	2.9433
group_4879	237	1181	4.9831	8	6.3337	4	6.3337
group_15020	228	778	3.4123	6	4.9378	3	4.9378
group_15021	369	0	0.0000	0	0.0000	0	0.0000
group_15022	720	8275	11.4931	56	14.5939	28	14.5939
group_8829	198	0	0.0000	0	0.0000	0	0.0000
group_3212	261	917	3.5134	7	5.0324	3	4.3135
group_15023	171	528	3.0877	4	4.3892	2	4.3892
group_15024	259	7354	28.3938	57	41.2945	28	40.5700
group_15025	261	442	1.6935	4	2.8757	2	2.8757
group_7158	213	443	2.0798	3	2.6428	1	1.7618
group_2457	102	158	1.5490	2	3.6791	1	3.6791
group_9803	342	0	0.0000	0	0.0000	0	0.0000
group_4180	1071	0	0.0000	0	0.0000	0	0.0000
group_5623	1806	604	0.3344	4	0.4156	2	0.4156
crr	510	1469	2.8804	10	3.6791	5	3.6791
group_12688	159	0	0.0000	0	0.0000	0	0.0000
group_4638	240	0	0.0000	0	0.0000	0	0.0000
group_8830	198	1784	9.0101	15	14.2149	7	13.2672
group_10969	330	1278	3.8727	12	6.8231	6	6.8231
group_15026	129	0	0.0000	0	0.0000	0	0.0000
group_4479	417	3167	7.5947	24	10.7992	12	10.7992
group_15027	210	0	0.0000	0	0.0000	0	0.0000
group_8128	204	2214	10.8529	15	13.7968	7	12.8770
group_644	132	0	0.0000	0	0.0000	0	0.0000
group_15028	150	0	0.0000	0	0.0000	0	0.0000
group_11333	174	0	0.0000	0	0.0000	0	0.0000
group_496	288	535	1.8576	3	1.9545	1	1.3030
group_15029	315	2499	7.9333	26	15.4874	13	15.4874
group_15030	141	0	0.0000	0	0.0000	0	0.0000
group_15031	198	0	0.0000	0	0.0000	0	0.0000
group_5685	228	1550	6.7982	12	9.8756	6	9.8756
group_12960	1299	25518	19.6443	164	23.6893	82	23.6893
group_15032	1647	163396	99.2083	1097	124.9769	548	124.8630
group_15033	954	122866	128.7904	821	161.4774	410	161.2807
group_15034	1206	8627	7.1534	58	9.0240	29	9.0240
group_15035	372	38494	103.4785	275	138.7096	137	138.2053
group_3867	252	755	2.9960	5	3.7229	2	2.9784
group_4641	240	1812	7.5500	12	9.3818	6	9.3818
group_7462	210	1889	8.9952	15	13.4026	7	12.5091
group_15036	450	42559	94.5756	289	120.5042	144	120.0873
group_15037	186	615	3.3065	5	5.0440	2	4.0352
group_2045	117	0	0.0000	0	0.0000	0	0.0000
group_12443	162	0	0.0000	0	0.0000	0	0.0000
group_8098	360	1636	4.5444	13	6.7758	6	6.2545
group_1636	123	0	0.0000	0	0.0000	0	0.0000
group_2393	105	189	1.8000	2	3.5740	1	3.5740
group_13597	1275	0	0.0000	0	0.0000	0	0.0000
group_6634	381	2031	5.3307	15	7.3873	7	6.8948
group_12689	159	206	1.2956	2	2.3602	1	2.3602
group_14069	144	0	0.0000	0	0.0000	0	0.0000
group_3169	2493	151	0.0606	1	0.0753	0	0.0000
group_3664	2283	186	0.0815	2	0.1644	1	0.1644
group_2842	744	302	0.4059	2	0.5044	1	0.5044
group_1703	777	445	0.5727	3	0.7245	1	0.4830
group_10423	882	0	0.0000	0	0.0000	0	0.0000
group_12938	156	0	0.0000	0	0.0000	0	0.0000
group_2046	117	194	1.6581	2	3.2075	1	3.2075
group_12184	150	0	0.0000	0	0.0000	0	0.0000
group_5571	657	0	0.0000	0	0.0000	0	0.0000
group_4712	1041	604	0.5802	4	0.7210	2	0.7210
group_12724	1311	0	0.0000	0	0.0000	0	0.0000
group_7677	939	0	0.0000	0	0.0000	0	0.0000
group_6402	978	0	0.0000	0	0.0000	0	0.0000
group_13791	147	0	0.0000	0	0.0000	0	0.0000
group_7515	612	0	0.0000	0	0.0000	0	0.0000
group_12448	162	0	0.0000	0	0.0000	0	0.0000
group_2761	459	1359	2.9608	9	3.6791	4	3.2704
group_5996	225	0	0.0000	0	0.0000	0	0.0000
group_4481	417	0	0.0000	0	0.0000	0	0.0000
group_1030	285	0	0.0000	0	0.0000	0	0.0000
group_14070	144	0	0.0000	0	0.0000	0	0.0000
group_11098	177	0	0.0000	0	0.0000	0	0.0000
group_15039	1665	0	0.0000	0	0.0000	0	0.0000
group_15038	432	0	0.0000	0	0.0000	0	0.0000
group_1064	4074	302	0.0741	2	0.0921	1	0.0921
group_12864	528	1057	2.0019	7	2.4876	3	2.1322
group_4051	249	148	0.5944	2	1.5071	1	1.5071
group_15040	129	0	0.0000	0	0.0000	0	0.0000
lPA3	744	28240	37.9570	194	48.9267	97	48.9267
group_12186	165	0	0.0000	0	0.0000	0	0.0000
group_4301	1062	0	0.0000	0	0.0000	0	0.0000
group_5415	231	151	0.6537	1	0.8123	0	0.0000
group_13511	150	0	0.0000	0	0.0000	0	0.0000
group_15043	390	1123	2.8795	13	6.2545	6	5.7734
group_2458	102	0	0.0000	0	0.0000	0	0.0000
group_13034	525	11379	21.6743	78	27.8774	39	27.8774
group_2670	93	0	0.0000	0	0.0000	0	0.0000
group_12943	306	1795	5.8660	12	7.3583	6	7.3583
group_5069	1023	0	0.0000	0	0.0000	0	0.0000
group_14071	144	0	0.0000	0	0.0000	0	0.0000
group_3638	255	0	0.0000	0	0.0000	0	0.0000
group_7664	609	0	0.0000	0	0.0000	0	0.0000
group_12942	156	0	0.0000	0	0.0000	0	0.0000
group_4133	1074	0	0.0000	0	0.0000	0	0.0000
group_9853	189	0	0.0000	0	0.0000	0	0.0000
group_5318	663	0	0.0000	0	0.0000	0	0.0000
group_5686	228	1079	4.7325	8	6.5837	4	6.5837
group_5687	228	151	0.6623	1	0.8230	0	0.0000
group_6281	222	0	0.0000	0	0.0000	0	0.0000
group_11395	324	0	0.0000	0	0.0000	0	0.0000
group_5416	231	124	0.5368	2	1.6246	1	1.6246
group_13795	147	0	0.0000	0	0.0000	0	0.0000
group_9193	195	0	0.0000	0	0.0000	0	0.0000
group_2235	765	350	0.4575	2	0.4906	1	0.4906
group_15064	276	272	0.9855	2	1.3597	1	1.3597
group_15050	603	0	0.0000	0	0.0000	0	0.0000
group_15056	1068	0	0.0000	0	0.0000	0	0.0000
group_15046	570	0	0.0000	0	0.0000	0	0.0000
group_15055	459	0	0.0000	0	0.0000	0	0.0000
group_15052	366	0	0.0000	0	0.0000	0	0.0000
group_9194	585	0	0.0000	0	0.0000	0	0.0000
group_1945	120	0	0.0000	0	0.0000	0	0.0000
group_8922	588	604	1.0272	4	1.2764	2	1.2764
group_2671	93	0	0.0000	0	0.0000	0	0.0000
group_3279	1125	0	0.0000	0	0.0000	0	0.0000
group_1635	123	0	0.0000	0	0.0000	0	0.0000
group_1341	126	0	0.0000	0	0.0000	0	0.0000
group_338	135	0	0.0000	0	0.0000	0	0.0000
group_4330	420	595	1.4167	4	1.7870	2	1.7870
group_12691	159	0	0.0000	0	0.0000	0	0.0000
group_10065	1437	0	0.0000	0	0.0000	0	0.0000
group_13514	150	0	0.0000	0	0.0000	0	0.0000
group_12447	162	0	0.0000	0	0.0000	0	0.0000
group_339	135	0	0.0000	0	0.0000	0	0.0000
group_2578	753	5566	7.3918	38	9.4690	19	9.4690
group_1342	126	686	5.4444	6	8.9351	3	8.9351
group_8463	201	0	0.0000	0	0.0000	0	0.0000
group_13798	147	648	4.4082	5	6.3822	2	5.1058
group_8464	201	373	1.8557	3	2.8005	1	1.8670
group_5711	396	0	0.0000	0	0.0000	0	0.0000
group_11099	177	0	0.0000	0	0.0000	0	0.0000
group_8835	198	11901	60.1061	89	84.3416	44	83.3939
group_13883	297	568	1.9125	4	2.5271	2	2.5271
group_650	132	0	0.0000	0	0.0000	0	0.0000
group_11396	324	2946	9.0926	20	11.5825	10	11.5825
group_5418	231	0	0.0000	0	0.0000	0	0.0000
group_2673	93	0	0.0000	0	0.0000	0	0.0000
group_2067	1188	3829	3.2231	26	4.1065	13	4.1065
group_434	495	0	0.0000	0	0.0000	0	0.0000
group_15068	273	150	0.5495	1	0.6873	0	0.0000
group_15069	747	36870	49.3574	251	63.0478	125	62.7966
group_15070	141	0	0.0000	0	0.0000	0	0.0000
group_15071	93	0	0.0000	0	0.0000	0	0.0000
group_15073	468	1662	3.5513	11	4.4103	5	4.0093
group_15072	264	2668	10.1061	19	13.5041	9	12.7934
group_15074	120	0	0.0000	0	0.0000	0	0.0000
group_15075	273	2172	7.9560	15	10.3097	7	9.6224
group_15076	159	335	2.1069	4	4.7204	2	4.7204
group_15079	108	0	0.0000	0	0.0000	0	0.0000
group_15077	501	55270	110.3194	371	138.9482	185	138.5737
group_15078	522	16221	31.0747	108	38.8213	54	38.8213
group_15080	192	416	2.1667	4	3.9091	2	3.9091
group_4447	1053	12543	11.9117	89	15.8591	44	15.6809
group_15081	99	0	0.0000	0	0.0000	0	0.0000
group_7771	207	1511	7.2995	11	9.9710	5	9.0646
group_3542	441	52236	118.4490	365	155.2999	182	154.8744
group_8382	357	1354	3.7927	9	4.7303	4	4.2047
group_4262	300	12042	40.1400	88	55.0400	44	55.0400
group_5012	1026	11234	10.9493	76	13.8990	38	13.8990
group_12961	879	6429	7.3140	43	9.1790	21	8.9656
group_4263	849	67613	79.6384	455	100.5589	227	100.3379
group_10733	333	4472	13.4294	34	19.1581	17	19.1581
group_7886	933	8367	8.9678	59	11.8655	29	11.6644
group_6576	219	1326	6.0548	10	8.5679	5	8.5679
group_13232	153	660	4.3137	6	7.3583	3	7.3583
group_15082	846	419490	495.8511	2836	629.0030	1418	629.0031
group_15083	270	898	3.3259	6	4.1697	3	4.1697
group_12947	156	283	1.8141	2	2.4056	1	2.4056
group_15084	255	151	0.5922	1	0.7358	0	0.0000
group_15085	366	15442	42.1913	107	54.8554	53	54.3428
group_15086	708	56160	79.3220	377	99.9137	188	99.6487
group_15087	192	178	0.9271	2	1.9545	1	1.9545
group_2588	270	1607	5.9519	13	9.0343	6	8.3394
dnaA	702	42715	60.8476	287	76.7117	143	76.4444
group_4883	237	13279	56.0295	91	72.0460	45	71.2543
group_12868	528	7020	13.2955	48	17.0578	24	17.0578
group_9863	189	118	0.6243	1	0.9928	0	0.0000
group_3640	255	2265	8.8824	15	11.0374	7	10.3016
group_15089	561	2980	5.3119	22	7.3583	11	7.3583
group_15088	600	1692	2.8200	12	3.7527	6	3.7527
group_13176	1290	5568	4.3163	32	4.6545	16	4.6545
group_11170	867	2883	3.3253	20	4.3284	10	4.3284
group_6477	978	28593	29.2362	192	36.8366	96	36.8366
group_2048	117	0	0.0000	0	0.0000	0	0.0000
group_15090	201	3583	17.8259	25	23.3378	12	22.4043
group_15092	192	333	1.7344	3	2.9318	1	1.9545
group_15091	270	1699	6.2926	12	8.3394	6	8.3394
group_4054	249	701	2.8153	6	4.5214	3	4.5214
group_7376	369	905	2.4526	7	3.5595	3	3.0510
group_8342	924	3820	4.1342	26	5.2798	13	5.2798
group_11171	867	8777	10.1234	61	13.2016	30	12.9852
group_15093	363	5084	14.0055	34	17.5748	17	17.5748
group_13295	819	87253	106.5360	590	135.1715	295	135.1715
group_6007	123	200	1.6260	2	3.0510	1	3.0510
group_15094	894	228826	255.9575	1555	326.3696	777	326.1598
group_15095	240	708	2.9500	5	3.9091	2	3.1273
group_4389	243	144	0.5926	2	1.5443	1	1.5443
group_15096	195	4467	22.9077	39	37.5273	19	36.5650
group_15097	309	7498	24.2654	52	31.5763	26	31.5763
group_15098	213	2280	10.7042	17	14.9757	8	14.0947
group_4648	240	1253	5.2208	9	7.0364	4	6.2545
group_15099	228	2330	10.2193	19	15.6364	9	14.8134
group_15100	882	2328	2.6395	17	3.6166	8	3.4038
group_15114	801	1286	1.6055	9	2.1083	4	1.8740
group_15107	1197	866	0.7235	6	0.9405	3	0.9405
group_15105	480	302	0.6292	2	0.7818	1	0.7818
group_15103	396	0	0.0000	0	0.0000	0	0.0000
group_15116	126	1016	8.0635	12	17.8701	6	17.8701
group_15106	1203	590853	491.1496	4049	631.5373	2024	631.3815
group_15112	552	453	0.8207	3	1.0198	1	0.6798
group_15101	759	3174	4.1818	25	6.1804	12	5.9332
group_15118	276	3518	12.7464	29	19.7154	14	19.0356
group_7802	363	8553	23.5620	65	33.5988	32	33.0819
group_15119	999	5808	5.8138	39	7.3251	19	7.1373
group_15120	108	0	0.0000	0	0.0000	0	0.0000
group_5572	657	6767	10.2998	47	13.4230	23	13.1374
group_11334	174	613	3.5230	5	5.3918	2	4.3135
group_8532	1515	7474	4.9333	38	4.7064	19	4.7064
group_4289	624	9295	14.8958	63	18.9441	31	18.6434
group_4299	2082	17136	8.2305	114	10.2740	57	10.2740
group_11104	177	1694	9.5706	14	14.8413	7	14.8413
group_15122	1080	38432	35.5852	262	45.5192	131	45.5192
group_15121	396	11663	29.4520	91	43.1184	45	42.6446
group_3476	723	4143	5.7303	29	7.5262	14	7.2667
group_15124	93	0	0.0000	0	0.0000	0	0.0000
katG	2175	15917	7.3182	111	9.5759	55	9.4897
group_15126	207	4924	23.7874	34	30.8195	17	30.8195
group_15125	435	22940	52.7356	156	67.2903	78	67.2903
group_4293	1170	19066	16.2957	131	21.0089	65	20.8485
group_15127	99	0	0.0000	0	0.0000	0	0.0000
group_2599	96	184	1.9167	2	3.9091	1	3.9091
group_2357	1176	7881	6.7015	54	8.6160	27	8.6160
group_2642	462	1864	4.0346	13	5.2798	6	4.8737
group_15128	582	335	0.5756	3	0.9672	1	0.6448
group_15135	525	4444	8.4648	32	11.4369	16	11.4369
group_15133	549	5139	9.3607	36	12.3040	18	12.3040
group_15136	690	3880	5.6232	26	7.0704	13	7.0704
group_15137	699	11094	15.8712	75	20.1327	37	19.8642
group_15138	450	7410	16.4667	50	20.8485	25	20.8485
group_7647	1569	3985	2.5398	17	2.0330	8	1.9134
group_4305	831	22458	27.0253	156	35.2241	78	35.2241
group_7470	210	599	2.8524	4	3.5740	2	3.5740
group_11237	555	470598	847.9243	3259	1101.8139	1629	1101.4760
group_6057	990	3067	3.0980	21	3.9802	10	3.7906
group_10706	1407	5422	3.8536	37	4.9343	18	4.8009
group_7590	366	1132	3.0929	8	4.1013	4	4.1013
group_4310	783	267056	341.0677	1791	429.1911	895	428.9515
group_9196	195	820	4.2051	6	5.7734	3	5.7734
group_8144	204	302	1.4804	2	1.8396	1	1.8396
group_15141	996	302	0.3032	2	0.3768	1	0.3768
group_15142	456	0	0.0000	0	0.0000	0	0.0000
group_15145	468	0	0.0000	0	0.0000	0	0.0000
group_15143	969	0	0.0000	0	0.0000	0	0.0000
group_15146	171	0	0.0000	0	0.0000	0	0.0000
group_15147	1194	161782	135.4958	1098	172.5500	549	172.5500
group_15149	894	20182	22.5749	137	28.7541	68	28.5442
group_15148	894	35117	39.2808	235	49.3227	117	49.1129
group_15154	786	2679	3.4084	19	4.5357	9	4.2970
group_94	9939	136936	13.7776	880	16.6133	440	16.6133
group_15155	66	0	0.0000	0	0.0000	0	0.0000
group_15156	138	210	1.5217	4	5.4387	2	5.4387
group_15158	1536	39275	25.5697	266	32.4943	133	32.4943
group_15157	774	46225	59.7222	318	77.0909	159	77.0909
group_15159	264	2071	7.8447	15	10.6612	7	9.9504
group_15160	300	2531	8.4367	16	10.0073	8	10.0073
group_15161	585	20041	34.2581	141	45.2252	70	44.9044
group_15162	321	20220	62.9907	140	81.8351	70	81.8352
group_15164	459	23768	51.7821	168	68.6773	84	68.6774
group_12037	846	175027	206.8877	1178	261.2714	589	261.2714
group_3171	732	2045	2.7937	14	3.5887	7	3.5887
group_15165	1983	39208	19.7721	266	25.1696	133	25.1696
group_15166	783	1051	1.3423	7	1.6775	3	1.4378
group_15167	138	0	0.0000	0	0.0000	0	0.0000
group_15168	372	11873	31.9167	83	41.8651	41	41.3607
group_15169	363	0	0.0000	0	0.0000	0	0.0000
group_15171	390	28473	73.0077	199	95.7426	99	95.2615
group_7011	1626	9059	5.5713	62	7.1546	31	7.1546
group_15172	273	732	2.6813	6	4.1239	3	4.1239
group_15173	243	3447	14.1852	29	22.3928	14	21.6206
group_15174	810	141	0.1741	1	0.2316	0	0.0000
group_15175	708	0	0.0000	0	0.0000	0	0.0000
group_15176	96	0	0.0000	0	0.0000	0	0.0000
group_2245	111	0	0.0000	0	0.0000	0	0.0000
group_15177	138	3549	25.7174	36	48.9486	18	48.9486
group_12709	831	151	0.1817	1	0.2258	0	0.0000
group_7413	945	452	0.4783	3	0.5957	1	0.3971
group_10196	186	2914	15.6667	23	23.2023	11	22.1935
group_4195	696	21827	31.3606	152	40.9780	76	40.9781
group_2799	459	3115	6.7865	22	8.9935	11	8.9935
group_15178	363	2051	5.6501	14	7.2367	7	7.2367
group_15180	105	0	0.0000	0	0.0000	0	0.0000
group_15179	207	824	3.9807	6	5.4387	3	5.4387
group_15191	624	2416	3.8718	16	4.8112	8	4.8112
group_15185	411	50484	122.8321	364	166.1791	182	166.1791
group_15183	1296	281758	217.4059	1912	276.8215	956	276.8215
group_15186	300	3619	12.0633	26	16.2618	13	16.2618
group_15182	393	1120	2.8499	8	3.8196	4	3.8196
group_15184	261	821	3.1456	7	5.0324	3	4.3135
group_15187	1071	39287	36.6825	261	45.7265	130	45.5513
group_15190	1143	3993	3.4934	27	4.4324	13	4.2682
group_15188	927	302	0.3258	2	0.4048	1	0.4048
group_15181	327	286	0.8746	2	1.1476	1	1.1476
group_15189	432	118	0.2731	1	0.4343	0	0.0000
group_8844	198	151	0.7626	1	0.9477	0	0.0000
group_15192	996	144206	144.7851	996	187.6363	498	187.6363
group_15193	288	602	2.0903	4	2.6061	2	2.6061
group_15195	192	970	5.0521	7	6.8409	3	5.8636
group_15196	276	1503	5.4457	10	6.7984	5	6.7984
group_15197	243	906	3.7284	6	4.6330	3	4.6330
group_15194	195	547	2.8051	4	3.8489	2	3.8490
group_11633	172	528	3.0698	4	4.3636	2	4.3636
group_15199	321	2291	7.1371	16	9.3526	8	9.3526
group_15198	363	3129	8.6198	22	11.3719	11	11.3719
group_15202	714	3563	4.9902	24	6.3071	12	6.3071
group_15201	291	888	3.0515	6	3.8688	3	3.8688
group_15204	1287	62071	48.2292	393	57.2969	196	57.1511
group_15206	372	224931	604.6532	1516	764.6684	758	764.6685
group_15207	231	4673	20.2294	35	28.4297	17	27.6175
group_2263	5409	29916	5.5308	199	6.9032	99	6.8686
group_108	9651	58305	6.0413	390	7.5824	195	7.5824
group_7789	606	2473	4.0809	19	5.8830	9	5.5734
group_15208	957	95740	100.0418	641	125.6791	320	125.4830
group_15209	960	92185	96.0260	640	125.0909	320	125.0909
avd	354	27384	77.3559	187	99.1186	93	98.5886
group_5688	654	0	0.0000	0	0.0000	0	0.0000
group_4856	675	13229	19.5985	94	26.1301	47	26.1301
group_15210	219	5315	24.2694	37	31.7011	18	30.8443
group_15211	168	0	0.0000	0	0.0000	0	0.0000
group_15212	225	1612	7.1644	13	10.8412	6	10.0073
group_5532	399	0	0.0000	0	0.0000	0	0.0000
group_15213	762	71175	93.4055	483	118.9348	241	118.6886
group_15214	681	36751	53.9662	246	67.7805	123	67.7805
group_14614	273	0	0.0000	0	0.0000	0	0.0000
group_15215	594	1208	2.0337	8	2.5271	4	2.5271
group_12952	156	292	1.8718	2	2.4056	1	2.4056
group_15216	438	7861	17.9475	55	23.5616	27	23.1332
group_15217	687	19706	28.6841	134	36.5986	67	36.5986
group_7591	366	14759	40.3251	99	50.7541	49	50.2414
group_15218	345	151	0.4377	1	0.5439	0	0.0000
group_4390	243	0	0.0000	0	0.0000	0	0.0000
group_12954	156	2752	17.6410	21	25.2587	10	24.0559
group_15219	300	1606	5.3533	11	6.8800	5	6.2545
group_15220	147	0	0.0000	0	0.0000	0	0.0000
group_14072	144	142	0.9861	1	1.3030	0	0.0000
group_15221	1743	16452	9.4389	111	11.9493	55	11.8417
group_15222	198	4773	24.1061	34	32.2204	17	32.2204
group_15223	828	11530	13.9251	80	18.1291	40	18.1291
group_15224	1413	133745	94.6532	908	120.5759	454	120.5759
group_4058	250	23910	95.6400	180	135.0981	90	135.0982
group_11339	174	1440	8.2759	13	14.0188	6	12.9404
group_5540	1005	12480	12.4179	85	15.8697	42	15.6830
group_4228	2109	3448	1.6349	23	2.0463	11	1.9573
group_2460	102	0	0.0000	0	0.0000	0	0.0000
group_13179	1290	2567	1.9899	17	2.4727	8	2.3273
group_9381	903	3323	3.6800	23	4.7792	11	4.5714
group_343	135	1038	7.6889	12	16.6788	6	16.6788
group_8873	915	53464	58.4306	367	75.2596	183	75.0545
group_425	5631	51478	9.1419	342	11.3961	171	11.3961
group_12333	1329	9582	7.2099	65	9.1771	32	9.0359
group_11929	318	0	0.0000	0	0.0000	0	0.0000
group_9288	348	217	0.6236	2	1.0784	1	1.0784
group_2603	96	0	0.0000	0	0.0000	0	0.0000
group_3896	600	6754	11.2567	48	15.0109	24	15.0109
group_13236	153	1561	10.2026	14	17.1693	7	17.1693
group_15225	237	571	2.4093	6	4.7503	3	4.7503
group_15226	153	0	0.0000	0	0.0000	0	0.0000
group_15227	204	0	0.0000	0	0.0000	0	0.0000
group_11762	546	5147	9.4267	36	12.3716	18	12.3716
group_15228	252	4023	15.9643	35	26.0606	17	25.3160
group_15229	111	0	0.0000	0	0.0000	0	0.0000
group_3602	2310	18052	7.8147	122	9.9098	61	9.9098
group_11409	552	3016	5.4638	22	7.4783	11	7.4783
group_15230	4812	124417	25.8556	801	31.2337	400	31.1947
group_15232	165	0	0.0000	0	0.0000	0	0.0000
group_2136	474	2872	6.0591	20	7.9171	10	7.9171
group_15233	174	0	0.0000	0	0.0000	0	0.0000
group_10046	573	453	0.7906	3	0.9824	1	0.6549
group_15234	237	946	3.9916	7	5.5420	3	4.7503
group_2269	471	1039	2.2059	7	2.7886	3	2.3903
group_12451	163	0	0.0000	0	0.0000	0	0.0000
group_4036	702	5338	7.6040	36	9.6224	18	9.6224
group_4357	3579	11987	3.3493	80	4.1942	40	4.1942
group_8977	912	1800	1.9737	12	2.4689	6	2.4689
group_4876	1932	6773	3.5057	45	4.3704	22	4.2733
group_841	4392	8067	1.8367	54	2.3070	27	2.3070
group_10430	882	0	0.0000	0	0.0000	0	0.0000
group_8521	921	1661	1.8035	11	2.2410	5	2.0373
group_3148	450	302	0.6711	2	0.8339	1	0.8339
group_2070	1188	0	0.0000	0	0.0000	0	0.0000
group_9417	582	5092	8.7491	35	11.2840	17	10.9616
group_2972	264	6760	25.6061	46	32.6942	23	32.6942
group_14334	141	1339	9.4965	11	14.6383	5	13.3075
group_52	138	141	1.0217	2	2.7194	1	2.7194
group_11342	174	410	2.3563	4	4.3135	2	4.3135
group_13238	153	2218	14.4967	17	20.8485	8	19.6221
group_7167	213	467	2.1925	4	3.5237	2	3.5237
group_4891	237	2052	8.6582	14	11.0840	7	11.0840
group_6637	381	0	0.0000	0	0.0000	0	0.0000
group_13125	1293	216616	167.5298	1441	209.1136	720	208.9685
group_2246	111	0	0.0000	0	0.0000	0	0.0000
group_10840	180	0	0.0000	0	0.0000	0	0.0000
group_15236	168	4424	26.3333	30	33.5065	15	33.5065
group_15238	123	0	0.0000	0	0.0000	0	0.0000
group_15239	342	300	0.8772	2	1.0973	1	1.0973
group_15240	282	0	0.0000	0	0.0000	0	0.0000
group_15241	108	0	0.0000	0	0.0000	0	0.0000
group_9254	906	9080	10.0221	61	12.6333	30	12.4262
group_13228	303	906	2.9901	6	3.7156	3	3.7156
group_2580	753	14761	19.6029	102	25.4169	51	25.4169
group_2726	90	418	4.6444	6	12.5091	3	12.5091
group_15244	1887	6158	3.2634	42	4.1763	21	4.1763
group_15242	1599	4820	3.0144	33	3.8724	16	3.7551
group_2645	462	1807	3.9113	13	5.2798	6	4.8737
group_12189	165	142	0.8606	2	2.2744	1	2.2744
group_3800	711	1670	2.3488	12	3.1669	6	3.1669
group_4934	408	1401	3.4338	10	4.5989	5	4.5989
group_54	138	0	0.0000	0	0.0000	0	0.0000
group_4890	237	4763	20.0970	35	27.7100	17	26.9183
group_11637	171	0	0.0000	0	0.0000	0	0.0000
group_15245	417	0	0.0000	0	0.0000	0	0.0000
group_12297	537	8986	16.7337	63	22.0132	31	21.6638
group_2403	273	5824	21.3333	41	28.1798	20	27.4925
group_6225	642	56929	88.6745	398	116.3228	199	116.3228
group_7082	621	15318	24.6667	106	32.0281	53	32.0281
group_10205	186	1591	8.5538	11	11.0968	5	10.0880
group_11180	327	6553	20.0398	47	26.9691	23	26.3953
group_15246	2781	111713	40.1701	556	37.5138	278	37.5138
group_15247	303	4746	15.6634	32	19.8164	16	19.8164
group_15248	2874	117187	40.7749	696	45.4401	348	45.4401
group_13530	1278	3774	2.9531	25	3.6705	12	3.5237
group_15250	1863	72473	38.9012	464	46.7328	232	46.7328
group_15251	198	11227	56.7020	84	79.6033	42	79.6033
group_15249	183	3966	21.6721	29	29.7347	14	28.7094
group_15252	1986	144438	72.7281	966	91.2672	483	91.2672
group_2792	267	544	2.0375	4	2.8110	2	2.8110
group_15254	687	0	0.0000	0	0.0000	0	0.0000
group_15255	591	43376	73.3942	307	97.4693	153	97.1518
group_15256	1212	12276	10.1287	87	13.4689	43	13.3141
group_15257	1914	93084	48.6332	641	62.8395	320	62.7415
group_15258	2016	170311	84.4797	1130	105.1731	565	105.1731
group_7527	612	4899	8.0049	35	10.7308	17	10.4242
group_15261	189	0	0.0000	0	0.0000	0	0.0000
group_6037	123	0	0.0000	0	0.0000	0	0.0000
group_15262	642	100087	155.8988	751	219.4936	375	219.2013
group_15264	765	74694	97.6392	504	123.6192	252	123.6192
group_15263	927	65656	70.8263	445	90.0735	222	89.8711
group_15265	945	130199	137.7767	932	185.0551	466	185.0551
group_13806	147	1833	12.4694	18	22.9759	9	22.9759
group_15266	213	33040	155.1174	227	199.9692	113	199.0883
group_15267	969	63548	65.5810	424	82.1030	212	82.1030
group_15268	138	668	4.8406	6	8.1581	3	8.1581
group_15270	678	2102	3.1003	14	3.8745	7	3.8745
group_7779	207	5165	24.9517	38	34.4453	19	34.4453
group_15271	1137	129686	114.0598	791	130.5368	395	130.3718
group_15272	1059	69995	66.0954	465	82.3899	232	82.2127
group_15273	714	72858	102.0420	501	131.6608	250	131.3980
group_4654	240	9357	38.9875	66	51.6000	33	51.6000
group_15274	675	178256	264.0830	1226	340.8031	613	340.8032
group_15275	873	66397	76.0561	459	98.6541	229	98.4392
group_15276	447	70483	157.6801	497	208.6247	248	208.2050
group_15277	570	17664	30.9895	123	40.4899	61	40.1608
group_1020	129	636	4.9302	8	11.6364	4	11.6364
group_6006	1746	3775	2.1621	25	2.6867	12	2.5792
group_8469	201	258	1.2836	2	1.8670	1	1.8670
group_6989	375	1299	3.4640	12	6.0044	6	6.0044
group_2839	1149	4059	3.5326	28	4.5725	14	4.5725
group_2675	93	0	0.0000	0	0.0000	0	0.0000
group_15278	160	494	3.0875	4	4.6909	2	4.6909
group_10741	333	0	0.0000	0	0.0000	0	0.0000
group_9204	195	771	3.9538	6	5.7734	3	5.7734
group_4892	237	373	1.5738	5	3.9586	2	3.1669
group_439	495	0	0.0000	0	0.0000	0	0.0000
group_5698	282	0	0.0000	0	0.0000	0	0.0000
group_4224	246	6095	24.7764	46	35.0865	23	35.0865
group_12698	159	448	2.8176	3	3.5403	1	2.3602
group_10843	180	1259	6.9944	10	10.4242	5	10.4242
group_7793	606	6325	10.4373	44	13.6238	22	13.6238
group_2581	753	8030	10.6640	53	13.2068	26	12.9576
group_5072	1023	15057	14.7185	102	18.7086	51	18.7086
group_9872	189	1055	5.5820	7	6.9495	3	5.9567
group_3576	288	2641	9.1701	19	12.3788	9	11.7273
group_3951	1086	13678	12.5948	93	16.0683	46	15.8955
group_2149	116	190	1.6379	2	3.2351	1	3.2351
group_13808	147	0	0.0000	0	0.0000	0	0.0000
group_1057	489	0	0.0000	0	0.0000	0	0.0000
group_2540	99	0	0.0000	0	0.0000	0	0.0000
group_13763	810	8167	10.0827	57	13.2040	28	12.9724
group_661	132	0	0.0000	0	0.0000	0	0.0000
group_3408	444	2820	6.3514	20	8.4521	10	8.4521
group_1946	3453	302	0.0875	2	0.1087	1	0.1087
group_2004	1191	302	0.2536	2	0.3151	1	0.3151
group_5959	993	0	0.0000	0	0.0000	0	0.0000
group_8857	198	0	0.0000	0	0.0000	0	0.0000
group_10742	333	1318	3.9580	9	5.0713	4	4.5078
group_1952	120	150	1.2500	2	3.1273	1	3.1273
group_11343	174	0	0.0000	0	0.0000	0	0.0000
group_2595	270	0	0.0000	0	0.0000	0	0.0000
group_11683	321	0	0.0000	0	0.0000	0	0.0000
group_9624	1461	964	0.6598	7	0.8990	3	0.7706
group_807	786	0	0.0000	0	0.0000	0	0.0000
group_11905	849	0	0.0000	0	0.0000	0	0.0000
group_3409	444	0	0.0000	0	0.0000	0	0.0000
group_3879	252	2262	8.9762	15	11.1688	7	10.4242
group_3878	252	1049	4.1627	8	5.9567	4	5.9567
group_13812	1266	1510	1.1927	10	1.4821	5	1.4821
group_5700	228	298	1.3070	2	1.6459	1	1.6459
group_15279	828	0	0.0000	0	0.0000	0	0.0000
group_6454	636	0	0.0000	0	0.0000	0	0.0000
group_4429	2046	0	0.0000	0	0.0000	0	0.0000
panD	480	0	0.0000	0	0.0000	0	0.0000
group_12085	1338	0	0.0000	0	0.0000	0	0.0000
group_1375	486	0	0.0000	0	0.0000	0	0.0000
group_13564	300	908	3.0267	6	3.7527	3	3.7527
group_4060	249	2942	11.8153	24	18.0854	12	18.0854
group_15281	1215	78604	64.6947	541	83.5483	270	83.3939
group_15282	963	121243	125.9013	838	163.2806	419	163.2806
group_15280	1032	57486	55.7035	384	69.8182	192	69.8182
group_118	291	0	0.0000	0	0.0000	0	0.0000
group_10210	186	4203	22.5968	44	44.3871	22	44.3871
group_10150	339	0	0.0000	0	0.0000	0	0.0000
group_2241	765	15581	20.3673	110	26.9804	55	26.9804
group_3544	441	32942	74.6984	234	99.5621	117	99.5621
group_7781	207	353	1.7053	4	3.6258	2	3.6258
group_7733	1560	2813	1.8032	19	2.2853	9	2.1650
group_8859	198	120	0.6061	2	1.8953	1	1.8953
group_2541	99	0	0.0000	0	0.0000	0	0.0000
group_9521	345	1219	3.5333	9	4.8949	4	4.3510
group_9874	189	563	2.9788	4	3.9711	2	3.9711
group_1359	126	0	0.0000	0	0.0000	0	0.0000
group_15288	438	0	0.0000	0	0.0000	0	0.0000
group_15292	1779	0	0.0000	0	0.0000	0	0.0000
group_15297	1752	0	0.0000	0	0.0000	0	0.0000
group_15283	276	0	0.0000	0	0.0000	0	0.0000
group_15291	3021	151	0.0500	1	0.0621	0	0.0000
group_15285	1032	0	0.0000	0	0.0000	0	0.0000
group_15286	1902	0	0.0000	0	0.0000	0	0.0000
group_15287	234	0	0.0000	0	0.0000	0	0.0000
group_15290	762	0	0.0000	0	0.0000	0	0.0000
group_15293	1218	0	0.0000	0	0.0000	0	0.0000
group_15298	1092	0	0.0000	0	0.0000	0	0.0000
group_15284	756	0	0.0000	0	0.0000	0	0.0000
group_15289	627	0	0.0000	0	0.0000	0	0.0000
group_15296	408	1995	4.8897	14	6.4385	7	6.4385
group_15294	156	0	0.0000	0	0.0000	0	0.0000
group_7173	213	0	0.0000	0	0.0000	0	0.0000
group_11913	168	769	4.5774	7	7.8182	3	6.7013
group_5639	1002	9220	9.2016	64	11.9848	32	11.9848
group_7174	213	176	0.8263	2	1.7618	1	1.7618
group_3646	255	3212	12.5961	22	16.1882	11	16.1882
group_3722	714	0	0.0000	0	0.0000	0	0.0000
group_6059	990	0	0.0000	0	0.0000	0	0.0000
group_12596	1317	0	0.0000	0	0.0000	0	0.0000
group_15299	135	0	0.0000	0	0.0000	0	0.0000
group_15304	3900	15194	3.8959	101	4.8593	50	4.8112
group_15303	861	2185	2.5377	16	3.4869	8	3.4869
group_8155	204	0	0.0000	0	0.0000	0	0.0000
group_6010	225	0	0.0000	0	0.0000	0	0.0000
group_9553	192	0	0.0000	0	0.0000	0	0.0000
group_10215	186	262	1.4086	2	2.0176	1	2.0176
group_11107	177	0	0.0000	0	0.0000	0	0.0000
group_11414	324	3080	9.5062	21	12.1616	10	11.5825
group_4039	702	26144	37.2422	181	48.3792	90	48.1119
group_7179	213	0	0.0000	0	0.0000	0	0.0000
group_10968	561	136	0.2424	2	0.6689	1	0.6689
group_7671	609	0	0.0000	0	0.0000	0	0.0000
group_7782	207	0	0.0000	0	0.0000	0	0.0000
group_522	288	0	0.0000	0	0.0000	0	0.0000
group_6291	1707	25842	15.1388	175	19.2363	87	19.1264
group_2605	96	0	0.0000	0	0.0000	0	0.0000
group_4062	249	0	0.0000	0	0.0000	0	0.0000
group_1023	129	0	0.0000	0	0.0000	0	0.0000
group_136	1233	302	0.2449	2	0.3044	1	0.3044
group_5730	396	0	0.0000	0	0.0000	0	0.0000
group_11413	324	1053	3.2500	8	4.6330	4	4.6330
group_4667	681	1054	1.5477	7	1.9287	3	1.6532
group_15307	1116	302	0.2706	2	0.3363	1	0.3363
group_15306	2577	302	0.1172	2	0.1456	1	0.1456
group_11246	555	4754	8.5658	34	11.4948	17	11.4948
group_13925	510	3247	6.3667	22	8.0941	11	8.0941
group_10438	882	3445	3.9059	23	4.8930	11	4.6803
group_11349	174	296	1.7011	2	2.1567	1	2.1567
group_6346	639	2053	3.2128	14	4.1110	7	4.1110
group_15308	210	447	2.1286	3	2.6805	1	1.7870
group_8863	198	178	0.8990	2	1.8953	1	1.8953
group_15309	243	718	2.9547	5	3.8608	2	3.0887
group_15310	213	710	3.3333	5	4.4046	2	3.5237
group_15311	267	453	1.6966	3	2.1083	1	1.4055
group_6131	390	3097	7.9410	22	10.5846	11	10.5846
group_15312	741	36763	49.6127	254	64.3180	127	64.3180
group_15313	1662	11504	6.9218	76	8.5802	38	8.5802
group_15314	1740	24314	13.9736	161	17.3618	80	17.2539
group_15315	780	0	0.0000	0	0.0000	0	0.0000
group_15316	966	96628	100.0290	597	115.9616	298	115.7673
group_15317	288	17703	61.4688	126	82.0909	63	82.0909
group_15319	333	2104	6.3183	14	7.8886	7	7.8886
group_15318	243	5842	24.0412	40	30.8866	20	30.8866
group_15320	504	4561	9.0496	31	11.5411	15	11.1688
group_15321	3678	57880	15.7368	386	19.6921	193	19.6921
group_15322	204	2165	10.6127	15	13.7968	7	12.8770
group_15323	1248	537	0.4303	4	0.6014	2	0.6014
group_15324	747	24273	32.4940	171	42.9529	85	42.7017
group_3914	600	577	0.9617	4	1.2509	2	1.2509
group_15325	243	0	0.0000	0	0.0000	0	0.0000
group_15326	3936	29866	7.5879	159	7.5798	79	7.5321
group_15327	123	0	0.0000	0	0.0000	0	0.0000
group_15328	174	4287	24.6379	34	36.6646	17	36.6646
group_15329	354	2493	7.0424	20	10.6009	10	10.6009
group_15330	138	0	0.0000	0	0.0000	0	0.0000
group_15331	1758	20832	11.8498	146	15.5830	73	15.5830
group_15332	1050	24442	23.2781	165	29.4857	82	29.3070
group_15333	381	1338	3.5118	9	4.4324	4	3.9399
group_15334	732	34435	47.0423	232	59.4694	116	59.4694
group_15335	219	1114	5.0868	10	8.5679	5	8.5679
group_15336	399	10659	26.7143	72	33.8592	36	33.8592
group_15337	711	25754	36.2222	177	46.7111	88	46.4473
group_15338	558	42884	76.8530	302	101.5523	151	101.5523
group_15339	2163	123211	56.9630	826	71.6540	413	71.6540
group_15340	123	0	0.0000	0	0.0000	0	0.0000
group_15341	282	900	3.1915	6	3.9923	3	3.9923
group_15342	414	4725	11.4130	35	15.8630	17	15.4097
group_15343	219	2600	11.8721	20	17.1357	10	17.1357
group_15344	450	18153	40.3400	130	54.2060	65	54.2061
group_15345	795	3171	3.9887	21	4.9564	10	4.7204
group_15346	696	53032	76.1954	371	100.0188	185	99.7492
group_15347	2580	173129	67.1043	1169	85.0182	584	84.9454
group_15348	249	12652	50.8112	87	65.5597	43	64.8061
group_15349	264	1277	4.8371	9	6.3967	4	5.6859
group_15350	867	29147	33.6182	194	41.9855	97	41.9855
group_15351	1437	56742	39.4864	382	49.8797	191	49.8797
group_5172	234	0	0.0000	0	0.0000	0	0.0000
group_6766	966	563	0.5828	4	0.7770	2	0.7770
group_7184	213	0	0.0000	0	0.0000	0	0.0000
group_15352	381	5587	14.6640	37	18.2219	18	17.7294
group_15353	711	22133	31.1294	147	38.7940	73	38.5301
group_15354	138	0	0.0000	0	0.0000	0	0.0000
group_15355	552	1652	2.9928	11	3.7391	5	3.3992
group_15356	1020	2533	2.4833	17	3.1273	8	2.9433
group_15357	222	4409	19.8604	32	27.0467	16	27.0467
group_15358	591	29365	49.6870	197	62.5454	98	62.2280
group_15359	1896	104047	54.8771	704	69.6709	352	69.6709
group_15360	987	81083	82.1510	539	102.4681	269	102.2780
group_15361	240	5971	24.8792	46	35.9636	23	35.9636
group_1406	780	0	0.0000	0	0.0000	0	0.0000
group_15362	204	2567	12.5833	17	15.6364	8	14.7166
group_6016	225	0	0.0000	0	0.0000	0	0.0000
group_2029	279	359	1.2867	4	2.6901	2	2.6901
group_8869	198	0	0.0000	0	0.0000	0	0.0000
group_15363	222	0	0.0000	0	0.0000	0	0.0000
group_13907	297	0	0.0000	0	0.0000	0	0.0000
group_15364	150	0	0.0000	0	0.0000	0	0.0000
group_15365	180	0	0.0000	0	0.0000	0	0.0000
group_15367	162	0	0.0000	0	0.0000	0	0.0000
group_15366	207	0	0.0000	0	0.0000	0	0.0000
group_15368	891	0	0.0000	0	0.0000	0	0.0000
group_2251	111	2327	20.9640	24	40.5700	12	40.5700
group_15369	138	245	1.7754	2	2.7194	1	2.7194
group_3883	252	480	1.9048	6	4.4675	3	4.4675
group_15370	183	0	0.0000	0	0.0000	0	0.0000
group_15371	165	144	0.8727	2	2.2744	1	2.2744
group_15372	384	0	0.0000	0	0.0000	0	0.0000
group_15373	198	0	0.0000	0	0.0000	0	0.0000
group_15374	189	1357	7.1799	12	11.9134	6	11.9134
group_2358	1176	5003	4.2543	34	5.4249	17	5.4249
group_14095	144	459	3.1875	4	5.2121	2	5.2121
group_15375	558	0	0.0000	0	0.0000	0	0.0000
group_12457	162	0	0.0000	0	0.0000	0	0.0000
group_15376	450	0	0.0000	0	0.0000	0	0.0000
group_15377	957	0	0.0000	0	0.0000	0	0.0000
group_15378	93	254	2.7312	4	8.0704	2	8.0704
group_15379	546	0	0.0000	0	0.0000	0	0.0000
group_5709	228	0	0.0000	0	0.0000	0	0.0000
group_15380	309	11438	37.0162	77	46.7573	38	46.1500
group_15381	174	301	1.7299	2	2.1567	1	2.1567
group_15382	216	1659	7.6806	12	10.4242	6	10.4242
group_15383	402	515	1.2811	4	1.8670	2	1.8670
group_15385	351	453	1.2906	3	1.6037	1	1.0692
group_15384	903	3641	4.0321	25	5.1948	12	4.9870
group_4227	246	919	3.7358	10	7.6275	5	7.6275
group_2415	1173	0	0.0000	0	0.0000	0	0.0000
group_6483	384	0	0.0000	0	0.0000	0	0.0000
group_8355	924	0	0.0000	0	0.0000	0	0.0000
group_15386	708	0	0.0000	0	0.0000	0	0.0000
group_15387	252	0	0.0000	0	0.0000	0	0.0000
group_15388	213	0	0.0000	0	0.0000	0	0.0000
group_15389	1230	0	0.0000	0	0.0000	0	0.0000
group_15390	288	621	2.1563	6	3.9091	3	3.9091
group_15391	1047	0	0.0000	0	0.0000	0	0.0000
group_9559	192	0	0.0000	0	0.0000	0	0.0000
group_15392	660	0	0.0000	0	0.0000	0	0.0000
group_15393	132	0	0.0000	0	0.0000	0	0.0000
group_15060	429	2678	6.2424	18	7.8729	9	7.8729
group_15394	273	1047	3.8352	4	2.7492	2	2.7493
group_15395	1338	0	0.0000	0	0.0000	0	0.0000
group_12178	315	175	0.5556	2	1.1913	1	1.1913
group_15396	315	2501	7.9397	17	10.1264	8	9.5307
group_15397	1485	92895	62.5556	627	79.2242	313	79.0979
group_15400	366	1799	4.9153	13	6.6647	6	6.1520
group_15399	321	10181	31.7165	74	43.2557	37	43.2557
group_15401	597	0	0.0000	0	0.0000	0	0.0000
group_5710	228	3416	14.9825	26	21.3971	13	21.3971
group_6852	963	25407	26.3832	176	34.2928	88	34.2928
group_5690	1794	41251	22.9939	277	28.9717	138	28.8671
group_12838	1305	30692	23.5188	209	30.0506	104	29.9068
group_5982	1749	65614	37.5152	448	48.0624	224	48.0624
group_13540	150	2915	19.4333	25	31.2727	12	30.0218
group_6297	981	85469	87.1244	587	112.2758	293	112.0845
group_4120	699	59912	85.7110	417	111.9375	208	111.6691
group_10550	183	0	0.0000	0	0.0000	0	0.0000
group_6489	384	0	0.0000	0	0.0000	0	0.0000
group_10851	180	6193	34.4056	45	46.9091	22	45.8667
group_2969	738	50675	68.6653	353	89.7502	176	89.4959
group_4546	684	41448	60.5965	283	77.6332	141	77.3588
group_3785	435	8438	19.3977	59	25.4495	29	25.0182
group_12458	162	149	0.9198	1	1.1582	0	0.0000
group_15403	480	20121	41.9188	134	52.3818	67	52.3818
group_15402	231	7702	33.3420	56	45.4876	28	45.4876
group_12198	165	302	1.8303	2	2.2744	1	2.2744
group_12963	156	1917	12.2885	15	18.0420	7	16.8392
group_2389	468	22137	47.3013	156	62.5454	78	62.5454
group_2520	2886	174241	60.3746	1175	76.3939	587	76.3288
group_10552	183	3861	21.0984	29	29.7347	14	28.7094
group_15404	384	5180	13.4896	38	18.5682	19	18.5682
group_15405	228	350	1.5351	4	3.2919	2	3.2919
group_2462	102	0	0.0000	0	0.0000	0	0.0000
group_5901	1758	16327	9.2873	111	11.8473	55	11.7406
group_15406	219	1645	7.5114	12	10.2814	6	10.2814
group_15407	1062	70651	66.5264	487	86.0441	243	85.8675
group_5544	1005	4524	4.5015	30	5.6011	15	5.6011
group_10222	186	298	1.6022	2	2.0176	1	2.0176
group_9806	576	28350	49.2188	202	65.8030	101	65.8030
group_10852	180	5845	32.4722	45	46.9091	22	45.8667
group_15408	309	151	0.4887	1	0.6072	0	0.0000
group_15409	216	6174	28.5833	42	36.4848	21	36.4848
group_15410	441	34434	78.0816	235	99.9876	117	99.5621
group_15411	597	52150	87.3534	358	112.5189	179	112.5189
group_7194	213	5446	25.5681	39	34.3559	19	33.4750
group_15413	486	19447	40.0144	138	53.2794	69	53.2795
group_15414	1095	124509	113.7068	845	144.7970	422	144.6256
group_13771	810	12358	15.2568	84	19.4586	42	19.4586
group_15419	402	8299	20.6443	61	28.4722	30	28.0054
group_15418	324	3691	11.3920	25	14.4781	12	13.8990
group_15420	1191	155422	130.4971	1054	166.0526	527	166.0526
group_11934	543	10791	19.8729	72	24.8800	36	24.8800
group_15421	423	12139	28.6974	83	36.8175	41	36.3739
group_15422	870	74181	85.2655	501	108.0526	250	107.8370
group_15423	888	82751	93.1881	560	118.3292	280	118.3292
group_15424	249	7974	32.0241	56	42.1993	28	42.1993
group_15425	150	2811	18.7400	20	25.0182	10	25.0182
group_15427	282	17521	62.1312	121	80.5106	60	79.8452
group_15426	564	94921	168.2996	656	218.2436	328	218.2437
group_15428	222	9012	40.5946	63	53.2481	31	52.4029
group_15430	588	39233	66.7228	270	86.1595	135	86.1595
group_15429	285	20276	71.1439	145	95.4641	72	94.8057
group_781	492	1324	2.6911	9	3.4324	4	3.0510
group_5383	1011	9551	9.4471	65	12.0637	32	11.8781
group_2254	111	0	0.0000	0	0.0000	0	0.0000
group_7384	369	249	0.6748	2	1.0170	1	1.0170
group_3885	252	0	0.0000	0	0.0000	0	0.0000
group_15431	147	0	0.0000	0	0.0000	0	0.0000
group_12460	162	3644	22.4938	32	37.0640	16	37.0640
group_1956	120	0	0.0000	0	0.0000	0	0.0000
group_5579	657	0	0.0000	0	0.0000	0	0.0000
group_6026	225	0	0.0000	0	0.0000	0	0.0000
group_2146	768	0	0.0000	0	0.0000	0	0.0000
group_4343	1203	0	0.0000	0	0.0000	0	0.0000
group_5762	282	0	0.0000	0	0.0000	0	0.0000
group_10464	1419	0	0.0000	0	0.0000	0	0.0000
group_13045	525	0	0.0000	0	0.0000	0	0.0000
group_3905	432	0	0.0000	0	0.0000	0	0.0000
group_6603	351	0	0.0000	0	0.0000	0	0.0000
group_4052	2160	0	0.0000	0	0.0000	0	0.0000
group_6596	219	0	0.0000	0	0.0000	0	0.0000
group_12308	840	0	0.0000	0	0.0000	0	0.0000
group_534	288	0	0.0000	0	0.0000	0	0.0000
group_10452	336	0	0.0000	0	0.0000	0	0.0000
group_4336	420	0	0.0000	0	0.0000	0	0.0000
group_6998	375	0	0.0000	0	0.0000	0	0.0000
group_9882	189	0	0.0000	0	0.0000	0	0.0000
group_6142	390	0	0.0000	0	0.0000	0	0.0000
group_2918	741	0	0.0000	0	0.0000	0	0.0000
group_4397	2052	302	0.1472	2	0.1829	1	0.1829
group_10265	570	0	0.0000	0	0.0000	0	0.0000
group_5849	996	6149	6.1737	41	7.7240	20	7.5356
group_11419	324	0	0.0000	0	0.0000	0	0.0000
group_5176	234	0	0.0000	0	0.0000	0	0.0000
group_2584	753	2114	2.8074	14	3.4886	7	3.4886
group_2030	279	0	0.0000	0	0.0000	0	0.0000
group_11355	174	1029	5.9138	10	10.7837	5	10.7837
group_9220	195	954	4.8923	10	9.6224	5	9.6224
group_1035	129	2335	18.1008	24	34.9091	12	34.9091
group_11418	552	21502	38.9529	145	49.2885	72	48.9486
group_4757	411	0	0.0000	0	0.0000	0	0.0000
group_2203	3174	0	0.0000	0	0.0000	0	0.0000
group_10226	186	0	0.0000	0	0.0000	0	0.0000
group_4828	1944	0	0.0000	0	0.0000	0	0.0000
group_10557	183	0	0.0000	0	0.0000	0	0.0000
group_7093	621	0	0.0000	0	0.0000	0	0.0000
group_2979	264	0	0.0000	0	0.0000	0	0.0000
group_2519	465	151	0.3247	1	0.4035	0	0.0000
group_5370	402	151	0.3756	1	0.4668	0	0.0000
group_8410	357	0	0.0000	0	0.0000	0	0.0000
group_4941	408	0	0.0000	0	0.0000	0	0.0000
group_13546	150	0	0.0000	0	0.0000	0	0.0000
group_2360	1176	0	0.0000	0	0.0000	0	0.0000
group_3788	435	0	0.0000	0	0.0000	0	0.0000
group_7820	363	0	0.0000	0	0.0000	0	0.0000
group_2891	1146	0	0.0000	0	0.0000	0	0.0000
group_3465	603	0	0.0000	0	0.0000	0	0.0000
group_7247	618	0	0.0000	0	0.0000	0	0.0000
group_7821	363	0	0.0000	0	0.0000	0	0.0000
group_3056	1134	0	0.0000	0	0.0000	0	0.0000
group_7433	1587	453	0.2854	3	0.3547	1	0.2365
group_816	786	0	0.0000	0	0.0000	0	0.0000
group_6101	645	0	0.0000	0	0.0000	0	0.0000
group_4229	246	0	0.0000	0	0.0000	0	0.0000
group_4179	2127	18997	8.9314	128	11.2917	64	11.2917
group_2331	108	171	1.5833	2	3.4747	1	3.4747
group_5915	393	0	0.0000	0	0.0000	0	0.0000
group_9305	348	0	0.0000	0	0.0000	0	0.0000
group_13047	525	906	1.7257	7	2.5018	3	2.1444
group_11358	174	0	0.0000	0	0.0000	0	0.0000
group_5333	663	1309	1.9744	9	2.5471	4	2.2641
group_5018	1026	2628	2.5614	18	3.2919	9	3.2919
group_15432	11259	477897	42.4458	3033	50.5463	1516	50.5297
group_15433	513	37620	73.3333	263	96.1956	131	95.8299
group_3463	258	2393	9.2752	20	14.5455	10	14.5455
group_9577	192	561	2.9219	5	4.8864	2	3.9091
group_3656	255	0	0.0000	0	0.0000	0	0.0000
group_11041	870	918	1.0552	6	1.2940	3	1.2940
group_7792	207	0	0.0000	0	0.0000	0	0.0000
group_4266	693	16619	23.9812	118	31.9496	59	31.9496
group_12465	162	0	0.0000	0	0.0000	0	0.0000
group_5916	393	0	0.0000	0	0.0000	0	0.0000
group_8125	360	0	0.0000	0	0.0000	0	0.0000
group_3658	255	291	1.1412	3	2.2075	1	1.4717
group_72	138	136	0.9855	1	1.3597	0	0.0000
group_2681	93	0	0.0000	0	0.0000	0	0.0000
group_15439	2424	0	0.0000	0	0.0000	0	0.0000
group_15437	2007	104	0.0518	2	0.1870	1	0.1870
group_15440	435	0	0.0000	0	0.0000	0	0.0000
group_15438	207	0	0.0000	0	0.0000	0	0.0000
group_15436	213	0	0.0000	0	0.0000	0	0.0000
group_15441	528	15552	29.4545	106	37.6694	53	37.6694
group_15442	282	453	1.6064	3	1.9961	1	1.3308
group_15443	261	8225	31.5134	57	40.9780	28	40.2591
group_15444	4827	212995	44.1258	1414	54.9653	707	54.9654
group_15445	516	28750	55.7171	210	76.3636	105	76.3636
group_13193	522	1341	2.5690	10	3.5946	5	3.5946
group_163	795	818	1.0289	6	1.4161	3	1.4161
group_6159	225	2180	9.6889	16	13.3430	8	13.3430
group_15447	285	0	0.0000	0	0.0000	0	0.0000
group_15448	1419	151	0.1064	1	0.1322	0	0.0000
group_15446	2745	0	0.0000	0	0.0000	0	0.0000
group_4547	684	0	0.0000	0	0.0000	0	0.0000
group_4773	1038	5332	5.1368	36	6.5076	18	6.5076
group_15451	309	368	1.1909	3	1.8217	1	1.2145
group_15449	321	0	0.0000	0	0.0000	0	0.0000
group_15450	1458	0	0.0000	0	0.0000	0	0.0000
group_15452	1185	0	0.0000	0	0.0000	0	0.0000
group_10855	180	384	2.1333	5	5.2121	2	4.1697
group_14346	141	0	0.0000	0	0.0000	0	0.0000
group_9219	195	0	0.0000	0	0.0000	0	0.0000
group_357	135	0	0.0000	0	0.0000	0	0.0000
group_9582	192	0	0.0000	0	0.0000	0	0.0000
group_15455	1455	0	0.0000	0	0.0000	0	0.0000
group_15453	912	0	0.0000	0	0.0000	0	0.0000
group_15454	315	0	0.0000	0	0.0000	0	0.0000
group_11649	171	561	3.2807	6	6.5837	3	6.5837
group_15456	2955	37531	12.7008	237	15.0490	118	14.9855
group_15457	1572	163644	104.0992	1103	131.6558	551	131.5364
group_15460	1245	98414	79.0474	657	99.0177	328	98.8670
group_15459	720	70939	98.5264	482	125.6121	241	125.6121
group_14098	144	0	0.0000	0	0.0000	0	0.0000
group_15462	2277	46641	20.4835	309	25.4632	154	25.3808
group_15463	1965	291904	148.5517	1960	187.1589	980	187.1589
group_4004	429	24601	57.3450	176	76.9790	88	76.9790
group_15466	777	43413	55.8726	291	70.2731	145	70.0316
group_15465	663	23673	35.7059	164	46.4138	82	46.4138
group_15467	189	3984	21.0794	31	30.7763	15	29.7835
group_15468	405	20091	49.6074	148	68.5683	74	68.5683
group_15469	903	78166	86.5626	535	111.1688	267	110.9610
group_15470	1500	24218	16.1453	164	20.5149	82	20.5149
group_15471	255	0	0.0000	0	0.0000	0	0.0000
group_15473	1482	6259	4.2233	43	5.4442	21	5.3176
group_15474	720	66912	92.9333	469	122.2242	234	121.9636
group_15475	441	6750	15.3061	47	19.9975	23	19.5720
group_15476	1863	111479	59.8384	742	74.7322	371	74.7322
group_2518	465	302	0.6495	2	0.8070	1	0.8070
group_15477	669	7158	10.6996	51	14.3041	25	14.0236
group_15478	378	31479	83.2778	222	110.1991	111	110.1991
group_15269	261	0	0.0000	0	0.0000	0	0.0000
group_8483	201	0	0.0000	0	0.0000	0	0.0000
group_12183	315	453	1.4381	3	1.7870	1	1.1913
group_1072	285	453	1.5895	3	1.9751	1	1.3167
group_15479	168	7825	46.5774	57	63.6623	28	62.5454
group_10227	186	534	2.8710	6	6.0528	3	6.0528
group_15480	585	2416	4.1299	16	5.1319	8	5.1319
group_15481	570	604	1.0596	4	1.3167	2	1.3167
group_15482	912	17506	19.1952	128	26.3349	64	26.3349
group_1037	129	0	0.0000	0	0.0000	0	0.0000
group_15483	1008	9186	9.1131	59	10.9827	29	10.7965
group_15484	717	41621	58.0488	287	75.1069	143	74.8452
group_15485	771	10371	13.4514	70	17.0357	35	17.0357
group_15486	894	13711	15.3367	95	19.9390	47	19.7291
group_15487	396	8670	21.8939	58	27.4821	29	27.4821
group_15488	297	91718	308.8148	617	389.8034	308	389.1717
group_15490	267	5688	21.3034	40	28.1103	20	28.1103
group_15489	591	10355	17.5212	70	22.2243	35	22.2243
group_15492	750	13670	18.2267	91	22.7665	45	22.5164
group_15491	108	108	1.0000	1	1.7374	0	0.0000
group_15493	264	10524	39.8636	71	50.4628	35	49.7521
group_15494	240	2652	11.0500	19	14.8545	9	14.0727
group_15495	750	4006	5.3413	29	7.2553	14	7.0051
group_4758	411	8576	20.8662	67	30.5879	33	30.1314
group_15496	16608	19361	1.1658	129	1.4574	64	1.4461
group_15498	876	604	0.6895	4	0.8568	2	0.8568
group_15500	834	1923	2.3058	13	2.9248	6	2.6998
group_15499	3384	6459	1.9087	43	2.3843	21	2.3288
group_15497	5388	5095	0.9456	34	1.1840	17	1.1840
group_6584	1674	3621	2.1631	24	2.6901	12	2.6901
group_9883	189	453	2.3968	3	2.9784	1	1.9856
group_15501	1197	4025	3.3626	28	4.3892	14	4.3892
group_13346	519	613	1.1811	5	1.8077	2	1.4461
gmhA	543	604	1.1123	4	1.3822	2	1.3822
group_6298	222	291	1.3108	2	1.6904	1	1.6904
group_5476	1827	3168	1.7340	21	2.1567	10	2.0540
group_2025	477	604	1.2662	4	1.5735	2	1.5735
group_6165	1728	1808	1.0463	12	1.3030	6	1.3030
group_4231	423	2745	6.4894	19	8.4281	9	7.9845
group_10565	183	0	0.0000	0	0.0000	0	0.0000
group_15502	285	3434	12.0491	26	17.1177	13	17.1177
group_6808	378	302	0.7989	2	0.9928	1	0.9928
group_261	6384	9701	1.5196	65	1.9105	32	1.8811
group_50	12348	15231	1.2335	102	1.5500	51	1.5500
group_7269	1602	2114	1.3196	14	1.6398	7	1.6398
group_9256	906	1523	1.6810	11	2.2781	5	2.0710
group_12468	162	151	0.9321	1	1.1582	0	0.0000
group_15503	5499	5577	1.0142	39	1.3308	19	1.2966
group_14133	804	3443	4.2823	25	5.8345	12	5.6011
group_9884	189	894	4.7302	8	7.9423	4	7.9423
group_2912	1143	1447	1.2660	11	1.8058	5	1.6416
group_1039	129	0	0.0000	0	0.0000	0	0.0000
group_5440	231	151	0.6537	1	0.8123	0	0.0000
group_15504	114	0	0.0000	0	0.0000	0	0.0000
group_6890	1641	8583	5.2303	59	6.7462	29	6.6319
group_2679	93	0	0.0000	0	0.0000	0	0.0000
group_5918	393	23034	58.6107	166	79.2560	83	79.2561
group_4663	240	1031	4.2958	8	6.2545	4	6.2545
group_15505	579	839	1.4491	7	2.2685	3	1.9444
group_10525	1416	1657	1.1702	11	1.4576	5	1.3251
group_2026	477	302	0.6331	2	0.7867	1	0.7867
group_15506	1380	4999	3.6225	34	4.6229	17	4.6229
group_15507	234	151	0.6453	1	0.8019	0	0.0000
group_15508	372	2454	6.5968	18	9.0792	9	9.0792
group_2476	2925	9050	3.0940	65	4.1697	32	4.1055
group_2417	759	3168	4.1739	22	5.4387	11	5.4387
group_15509	135	340	2.5185	4	5.5596	2	5.5596
group_15510	300	781	2.6033	6	3.7527	3	3.7527
group_15511	339	151	0.4454	1	0.5535	0	0.0000
group_15512	2631	8723	3.3155	55	3.9225	27	3.8511
group_12473	162	151	0.9321	1	1.1582	0	0.0000
group_76	138	0	0.0000	0	0.0000	0	0.0000
group_7491	1581	2568	1.6243	17	2.0176	8	1.8989
group_6600	219	213	0.9726	3	2.5704	1	1.7136
group_14691	333	420	1.2613	4	2.2539	2	2.2539
group_2	501	453	0.9042	3	1.1236	1	0.7490
group_3247	261	428	1.6398	4	2.8757	2	2.8757
group_4407	243	417	1.7160	3	2.3165	1	1.5443
group_2148	768	574	0.7474	4	0.9773	2	0.9773
group_15514	1326	1701	1.2828	12	1.6981	6	1.6981
group_15515	1113	10330	9.2812	76	12.8125	38	12.8125
group_15516	768	44765	58.2878	302	73.7841	151	73.7841
group_15518	270	0	0.0000	0	0.0000	0	0.0000
group_15517	213	297	1.3944	2	1.7618	1	1.7618
group_15519	264	1415	5.3598	10	7.1074	5	7.1074
group_15520	726	1000	1.3774	8	2.0676	4	2.0676
group_15521	705	3165	4.4894	21	5.5892	10	5.3230
group_15522	333	577	1.7327	5	2.8174	2	2.2539
group_15523	306	1717	5.6111	12	7.3583	6	7.3583
group_15524	156	706	4.5256	5	6.0140	2	4.8112
group_1700	483	751	1.5549	5	1.9424	2	1.5539
group_3635	1104	302	0.2736	2	0.3399	1	0.3399
group_13180	1290	2282	1.7690	16	2.3273	8	2.3273
group_15526	555	39726	71.5784	277	93.6491	138	93.3110
group_15530	963	55486	57.6179	373	72.6774	186	72.4826
group_15531	879	55106	62.6917	367	78.3419	183	78.1284
group_15533	252	7634	30.2937	51	37.9740	25	37.2294
group_15529	852	56061	65.7993	375	82.5864	187	82.3662
group_15539	1110	71395	64.3198	479	80.9710	239	80.8020
group_15535	615	39103	63.5821	276	84.2075	138	84.2075
group_15538	240	9682	40.3417	75	58.6363	37	57.8545
group_15525	654	25696	39.2905	175	50.2085	87	49.9216
group_15537	876	42871	48.9395	288	61.6886	144	61.6887
group_15540	693	35782	51.6335	240	64.9823	120	64.9823
group_15527	1758	106697	60.6923	724	77.2746	362	77.2746
group_15528	228	7168	31.4386	52	42.7942	26	42.7943
group_15534	432	25267	58.4884	179	77.7475	89	77.3131
group_12471	162	446	2.7531	3	3.4747	1	2.3165
group_9889	189	3113	16.4709	21	20.8485	10	19.8557
group_10232	186	295	1.5860	2	2.0176	1	2.0176
group_4548	684	0	0.0000	0	0.0000	0	0.0000
group_1672	123	134	1.0894	2	3.0510	1	3.0510
group_680	133	0	0.0000	0	0.0000	0	0.0000
group_7208	372	8019	21.5565	57	28.7507	28	28.2463
group_15541	153	0	0.0000	0	0.0000	0	0.0000
group_15544	336	0	0.0000	0	0.0000	0	0.0000
group_15543	210	0	0.0000	0	0.0000	0	0.0000
group_15546	192	0	0.0000	0	0.0000	0	0.0000
group_15545	492	601	1.2215	4	1.5255	2	1.5255
group_15547	306	0	0.0000	0	0.0000	0	0.0000
group_15542	960	5670	5.9063	38	7.4273	19	7.4273
group_15548	3474	8160	2.3489	54	2.9166	27	2.9166
group_78	138	0	0.0000	0	0.0000	0	0.0000
group_8175	204	964	4.7255	8	7.3583	4	7.3583
group_11655	171	302	1.7661	2	2.1946	1	2.1946
group_4122	699	0	0.0000	0	0.0000	0	0.0000
group_10566	183	0	0.0000	0	0.0000	0	0.0000
group_7800	606	0	0.0000	0	0.0000	0	0.0000
group_11117	177	0	0.0000	0	0.0000	0	0.0000
group_7112	954	151	0.1583	1	0.1967	0	0.0000
group_13051	525	151	0.2876	1	0.3574	0	0.0000
group_14318	504	302	0.5992	2	0.7446	1	0.7446
group_9211	585	453	0.7744	3	0.9622	1	0.6415
group_5158	1884	151	0.0801	1	0.0996	0	0.0000
group_9511	1467	613	0.4179	4	0.5116	2	0.5116
group_8681	591	0	0.0000	0	0.0000	0	0.0000
group_11657	171	0	0.0000	0	0.0000	0	0.0000
group_2257	111	372	3.3514	6	10.1425	3	10.1425
group_7492	210	0	0.0000	0	0.0000	0	0.0000
group_8181	600	0	0.0000	0	0.0000	0	0.0000
group_2893	456	3212	7.0439	22	9.0526	11	9.0526
group_10533	567	0	0.0000	0	0.0000	0	0.0000
group_597	789	0	0.0000	0	0.0000	0	0.0000
group_13551	150	147	0.9800	1	1.2509	0	0.0000
group_15550	276	9055	32.8080	62	42.1502	31	42.1502
group_12908	828	0	0.0000	0	0.0000	0	0.0000
group_15551	1668	616	0.3693	4	0.4500	2	0.4500
group_15552	1515	0	0.0000	0	0.0000	0	0.0000
group_14104	144	0	0.0000	0	0.0000	0	0.0000
group_15555	153	357	2.3333	4	4.9055	2	4.9055
group_15556	1500	17419	11.6127	117	14.6356	58	14.5105
group_15554	223	875	3.9238	6	5.0485	3	5.0485
group_15557	261	604	2.3142	4	2.8757	2	2.8757
group_1667	123	0	0.0000	0	0.0000	0	0.0000
group_15559	252	0	0.0000	0	0.0000	0	0.0000
group_15558	1680	49679	29.5708	336	37.5273	168	37.5273
group_15560	105	0	0.0000	0	0.0000	0	0.0000
group_7904	933	0	0.0000	0	0.0000	0	0.0000
group_15561	186	510	2.7419	4	4.0352	2	4.0352
group_15562	123	219	1.7805	3	4.5765	1	3.0510
group_15563	156	0	0.0000	0	0.0000	0	0.0000
group_15564	126	302	2.3968	3	4.4675	1	2.9784
group_15565	426	2575	6.0446	18	7.9283	9	7.9283
group_11689	549	83835	152.7049	576	196.8643	288	196.8644
group_11364	174	271	1.5575	2	2.1567	1	2.1567
group_13659	1272	607	0.4772	4	0.5901	2	0.5901
group_791	492	1124	2.2846	8	3.0510	4	3.0510
group_2465	102	0	0.0000	0	0.0000	0	0.0000
group_7606	366	590	1.6120	5	2.5633	2	2.0507
group_13823	147	1161	7.8980	10	12.7644	5	12.7644
group_4433	687	151	0.2198	1	0.2731	0	0.0000
group_8063	930	151	0.1624	1	0.2018	0	0.0000
group_1836	1197	151	0.1261	1	0.1568	0	0.0000
group_1388	486	0	0.0000	0	0.0000	0	0.0000
group_11928	168	0	0.0000	0	0.0000	0	0.0000
group_12474	162	0	0.0000	0	0.0000	0	0.0000
group_3663	255	548	2.1490	4	2.9433	2	2.9433
group_5972	993	0	0.0000	0	0.0000	0	0.0000
group_684	132	0	0.0000	0	0.0000	0	0.0000
group_4119	426	0	0.0000	0	0.0000	0	0.0000
group_2807	267	374	1.4007	3	2.1083	1	1.4055
group_2755	1155	7097	6.1446	48	7.7979	24	7.7979
group_9514	1467	9935	6.7723	66	8.4417	33	8.4417
group_6197	984	4802	4.8801	32	6.1020	16	6.1020
group_3064	1134	6981	6.1561	49	8.1077	24	7.9423
group_4123	699	4271	6.1102	29	7.7846	14	7.5162
group_7391	1590	13557	8.5264	91	10.7389	45	10.6209
group_13660	1272	8959	7.0432	61	8.9983	30	8.8508
group_3251	261	784	3.0038	6	4.3135	3	4.3135
group_3238	2460	15090	6.1341	101	7.7038	50	7.6275
group_5739	1785	13417	7.5165	91	9.5658	45	9.4607
group_3112	1131	7683	6.7931	51	8.4611	25	8.2952
group_9516	1467	15566	10.6108	104	13.3021	52	13.3021
group_7295	1599	9241	5.7792	62	7.2755	31	7.2755
group_7563	942	7497	7.9586	51	10.1587	25	9.9595
group_5361	483	4215	8.7267	32	12.4314	16	12.4314
group_3803	711	58956	82.9198	399	105.2980	199	105.0341
group_12687	309	425	1.3754	3	1.8217	1	1.2145
group_15566	414	295	0.7126	3	1.3597	1	0.9065
group_15567	3696	32857	8.8899	211	10.7119	105	10.6612
group_15569	144	0	0.0000	0	0.0000	0	0.0000
group_15568	645	3701	5.7380	25	7.2727	12	6.9818
group_15570	186	0	0.0000	0	0.0000	0	0.0000
group_15588	150	1483	9.8867	11	13.7600	5	12.5091
group_15585	450	23154	51.4533	164	68.3830	82	68.3830
group_15580	663	302	0.4555	2	0.5660	1	0.5660
group_5728	228	571	2.5044	4	3.2919	2	3.2919
group_10785	564	0	0.0000	0	0.0000	0	0.0000
group_15593	330	2753	8.3424	20	11.3719	10	11.3719
group_15594	1023	13212	12.9150	81	14.8568	40	14.6734
group_15595	1671	286	0.1712	2	0.2246	1	0.2246
group_15597	126	0	0.0000	0	0.0000	0	0.0000
group_15596	492	10088	20.5041	67	25.5521	33	25.1707
group_15598	690	4922	7.1333	33	8.9739	16	8.7020
group_5726	228	0	0.0000	0	0.0000	0	0.0000
group_13190	822	294	0.3577	2	0.4565	1	0.4565
group_15599	813	83319	102.4834	566	130.6300	283	130.6300
group_15600	1338	5063	3.7840	35	4.9083	17	4.7680
group_15601	246	165967	674.6626	1167	890.1283	583	889.3657
group_15602	402	755	1.8781	5	2.3338	2	1.8670
group_15603	342	7363	21.5292	51	27.9809	25	27.4322
group_15606	402	4201	10.4502	29	13.5360	14	13.0692
group_15604	129	0	0.0000	0	0.0000	0	0.0000
group_15607	225	13190	58.6222	97	80.8921	48	80.0582
group_15608	300	14443	48.1433	102	63.7963	51	63.7964
group_15609	363	3341	9.2039	25	12.9226	12	12.4057
group_15610	411	11387	27.7056	79	36.0663	39	35.6098
group_15611	195	151	0.7744	1	0.9622	0	0.0000
group_15612	279	1409	5.0502	10	6.7253	5	6.7253
group_15613	456	2252	4.9386	17	6.9952	8	6.5837
group_15615	723	2462	3.4053	17	4.4119	8	4.1524
group_9011	1494	12843	8.5964	86	10.8010	43	10.8010
group_686	132	605	4.5833	6	8.5289	3	8.5289
group_15616	216	525	2.4306	4	3.4747	2	3.4747
group_3472	258	1438	5.5736	10	7.2727	5	7.2727
group_365	135	0	0.0000	0	0.0000	0	0.0000
group_3158	450	14214	31.5867	102	42.5309	51	42.5309
group_15617	141	0	0.0000	0	0.0000	0	0.0000
group_5977	993	1041	1.0483	7	1.3227	3	1.1338
group_5397	1842	1359	0.7378	9	0.9168	4	0.8149
group_7496	210	0	0.0000	0	0.0000	0	0.0000
group_15618	165	144	0.8727	2	2.2744	1	2.2744
group_15619	156	950	6.0897	7	8.4196	3	7.2168
group_9533	345	0	0.0000	0	0.0000	0	0.0000
group_15620	150	724	4.8267	10	12.5091	5	12.5091
group_2402	105	0	0.0000	0	0.0000	0	0.0000
group_12978	156	282	1.8077	2	2.4056	1	2.4056
group_3252	261	293	1.1226	2	1.4378	1	1.4378
group_10242	186	181	0.9731	2	2.0176	1	2.0176
group_8491	201	3721	18.5124	28	26.1384	14	26.1384
group_10791	564	24045	42.6330	170	56.5570	85	56.5571
group_15621	162	0	0.0000	0	0.0000	0	0.0000
group_15622	150	376	2.5067	4	5.0036	2	5.0036
group_2718	2751	2036	0.7401	14	0.9549	7	0.9549
group_15623	2832	12599	4.4488	84	5.5655	42	5.5655
group_15624	186	0	0.0000	0	0.0000	0	0.0000
group_15629	294	652	2.2177	4	2.5529	2	2.5529
group_15628	774	292	0.3773	2	0.4848	1	0.4848
group_15627	462	302	0.6537	2	0.8123	1	0.8123
group_15630	156	0	0.0000	0	0.0000	0	0.0000
group_3897	252	3033	12.0357	29	21.5931	14	20.8485
group_15631	879	1358	1.5449	9	1.9212	4	1.7077
group_15632	2193	250995	114.4528	1682	143.9144	841	143.9144
group_12477	162	531	3.2778	7	8.1077	3	6.9495
group_13820	1266	509	0.4021	4	0.5928	2	0.5928
group_15633	237	12359	52.1477	89	70.4626	44	69.6709
group_15634	531	13426	25.2844	90	31.8028	45	31.8028
group_15635	978	3322	3.3967	22	4.2209	11	4.2209
group_15636	243	3288	13.5309	24	18.5320	12	18.5320
group_11119	177	269	1.5198	3	3.1803	1	2.1202
group_7253	618	444	0.7184	3	0.9109	1	0.6072
group_5742	396	604	1.5253	4	1.8953	2	1.8953
group_15637	600	3417	5.6950	21	6.5673	10	6.2545
group_15639	834	1340	1.6067	9	2.0249	4	1.7999
group_15638	153	5379	35.1569	50	61.3191	25	61.3191
group_15640	486	1057	2.1749	7	2.7026	3	2.3165
group_15643	222	8488	38.2342	59	49.8673	29	49.0221
group_8731	354	0	0.0000	0	0.0000	0	0.0000
group_5218	1017	302	0.2970	2	0.3690	1	0.3690
group_2058	117	0	0.0000	0	0.0000	0	0.0000
group_15644	229	726	3.1703	6	4.9162	3	4.9162
group_15645	189	0	0.0000	0	0.0000	0	0.0000
group_15646	342	63018	184.2632	442	242.5007	221	242.5008
group_1047	129	0	0.0000	0	0.0000	0	0.0000
group_2684	93	148	1.5914	2	4.0352	1	4.0352
group_15647	180	0	0.0000	0	0.0000	0	0.0000
group_15648	198	0	0.0000	0	0.0000	0	0.0000
group_10876	180	0	0.0000	0	0.0000	0	0.0000
group_1113	1212	892	0.7360	7	1.0837	3	0.9289
group_599	789	332	0.4208	4	0.9513	2	0.9513
group_15649	168	0	0.0000	0	0.0000	0	0.0000
group_15650	795	0	0.0000	0	0.0000	0	0.0000
group_15651	180	0	0.0000	0	0.0000	0	0.0000
group_12728	831	0	0.0000	0	0.0000	0	0.0000
group_15652	306	402	1.3137	3	1.8396	1	1.2264
group_15653	207	172	0.8309	2	1.8129	1	1.8129
group_12207	165	0	0.0000	0	0.0000	0	0.0000
group_6500	384	1343	3.4974	10	4.8864	5	4.8864
group_5428	126	0	0.0000	0	0.0000	0	0.0000
group_8374	924	0	0.0000	0	0.0000	0	0.0000
group_6935	960	0	0.0000	0	0.0000	0	0.0000
group_4529	2019	0	0.0000	0	0.0000	0	0.0000
group_10925	873	0	0.0000	0	0.0000	0	0.0000
group_2535	465	0	0.0000	0	0.0000	0	0.0000
group_4699	1974	0	0.0000	0	0.0000	0	0.0000
group_7220	951	8832	9.2871	60	11.8383	30	11.8383
group_2249	765	2748	3.5922	19	4.6602	9	4.4150
group_15654	141	0	0.0000	0	0.0000	0	0.0000
group_15655	363	0	0.0000	0	0.0000	0	0.0000
group_15657	1308	1308	1.0000	10	1.4345	5	1.4345
group_15656	849	151	0.1779	1	0.2210	0	0.0000
group_8883	198	0	0.0000	0	0.0000	0	0.0000
group_15658	171	199	1.1637	2	2.1946	1	2.1946
group_4675	681	0	0.0000	0	0.0000	0	0.0000
group_9815	576	0	0.0000	0	0.0000	0	0.0000
group_2250	765	0	0.0000	0	0.0000	0	0.0000
group_7500	210	350	1.6667	4	3.5740	2	3.5740
group_15659	216	1202	5.5648	12	10.4242	6	10.4242
group_15660	213	432	2.0282	3	2.6428	1	1.7618
group_2611	270	3027	11.2111	20	13.8990	10	13.8990
group_15661	564	655	1.1613	5	1.6634	2	1.3308
group_15662	108	0	0.0000	0	0.0000	0	0.0000
group_1372	126	0	0.0000	0	0.0000	0	0.0000
group_15663	738	80224	108.7046	547	139.0746	273	138.8204
group_10575	183	900	4.9180	8	8.2027	4	8.2027
group_11422	1368	0	0.0000	0	0.0000	0	0.0000
group_5600	1812	0	0.0000	0	0.0000	0	0.0000
group_5342	663	0	0.0000	0	0.0000	0	0.0000
group_15665	198	1139	5.7525	9	8.5289	4	7.5813
group_2233	276	151	0.5471	1	0.6798	0	0.0000
group_15666	198	0	0.0000	0	0.0000	0	0.0000
group_15667	129	0	0.0000	0	0.0000	0	0.0000
group_13252	153	0	0.0000	0	0.0000	0	0.0000
group_2061	117	618	5.2821	6	9.6224	3	9.6224
group_15668	1143	302	0.2642	2	0.3283	1	0.3283
group_15684	294	15944	54.2313	110	70.2041	55	70.2041
group_15701	372	22832	61.3763	153	77.1730	76	76.6686
group_15673	1425	119604	83.9326	783	103.1012	391	102.9696
group_15708	1236	103450	83.6974	693	105.2039	346	105.0521
group_15688	303	3884	12.8185	28	17.3393	14	17.3393
group_15693	363	5932	16.3416	41	21.1931	20	20.6762
group_15675	180	3542	19.6778	25	26.0606	12	25.0182
group_15689	279	0	0.0000	0	0.0000	0	0.0000
group_15669	231	12985	56.2121	90	73.1051	45	73.1051
group_15704	285	14359	50.3825	96	63.2038	48	63.2038
group_15671	195	9101	46.6718	64	61.5832	32	61.5832
group_15697	2862	271196	94.7575	1782	116.8302	891	116.8302
group_15676	180	3004	16.6889	22	22.9333	11	22.9333
group_15672	876	0	0.0000	0	0.0000	0	0.0000
group_15674	921	31189	33.8643	207	42.1723	103	41.9686
group_15681	1005	95408	94.9333	646	120.6100	323	120.6100
group_15706	444	21780	49.0541	151	63.8132	75	63.3907
group_15696	861	57198	66.4321	378	82.3769	189	82.3769
group_15690	3417	250640	73.3509	1681	92.3081	840	92.2532
group_15691	450	37006	82.2356	262	109.2460	131	109.2460
group_15707	408	14624	35.8431	100	45.9893	50	45.9893
group_15679	627	55438	88.4179	371	111.0256	185	110.7264
group_15705	756	52927	70.0093	359	89.1024	179	88.8542
group_15695	429	26623	62.0583	180	78.7285	90	78.7285
group_15683	309	3436	11.1197	24	14.5737	12	14.5737
group_15670	204	3510	17.2059	27	24.8342	13	23.9144
group_15677	165	1268	7.6848	9	10.2347	4	9.0975
group_15682	1794	112342	62.6210	754	78.8616	377	78.8616
group_15678	318	12044	37.8742	81	47.7942	40	47.2041
group_15699	1257	119159	94.7963	802	119.7170	401	119.7171
group_15692	270	11574	42.8667	80	55.5959	40	55.5960
group_15685	294	16453	55.9626	110	70.2041	55	70.2041
group_15703	1797	166629	92.7262	1123	117.2596	561	117.1552
group_15694	2703	143239	52.9926	959	66.5717	479	66.5023
group_15702	585	47061	80.4462	320	102.6387	160	102.6387
group_15680	1839	155735	84.6846	1039	106.0109	519	105.9089
group_15709	507	32722	64.5404	220	81.4201	110	81.4201
group_15698	366	12642	34.5410	94	48.1907	47	48.1908
group_15700	675	58927	87.2993	411	114.2497	205	113.9717
group_15686	624	43810	70.2083	304	91.4126	152	91.4126
group_15687	255	3649	14.3098	24	17.6599	12	17.6599
group_15710	507	26325	51.9231	168	62.1753	84	62.1754
group_15711	426	22428	52.6479	153	67.3905	76	66.9501
group_13350	519	151	0.2909	1	0.3615	0	0.0000
group_3900	252	0	0.0000	0	0.0000	0	0.0000
group_9899	189	0	0.0000	0	0.0000	0	0.0000
group_15712	270	0	0.0000	0	0.0000	0	0.0000
group_15713	180	0	0.0000	0	0.0000	0	0.0000
group_697	132	0	0.0000	0	0.0000	0	0.0000
group_8185	204	742	3.6373	6	5.5187	3	5.5187
group_15714	135	0	0.0000	0	0.0000	0	0.0000
group_6306	222	775	3.4910	6	5.0713	3	5.0713
group_15715	261	5196	19.9080	35	25.1620	17	24.4430
group_15716	117	210	1.7949	2	3.2075	1	3.2075
group_15717	243	4428	18.2222	41	31.6588	20	30.8866
group_13971	807	8574	10.6245	58	13.4856	29	13.4856
group_13253	153	271	1.7712	3	3.6791	1	2.4528
group_14295	294	1365	4.6429	10	6.3822	5	6.3822
group_15718	111	172	1.5495	2	3.3808	1	3.3808
group_1742	282	910	3.2270	7	4.6576	3	3.9923
group_15719	222	180	0.8108	2	1.6904	1	1.6904
group_4008	429	18564	43.2727	134	58.6090	67	58.6090
group_15722	276	6683	24.2138	47	31.9526	23	31.2727
group_11662	171	2160	12.6316	20	21.9458	10	21.9458
group_15723	315	367	1.1651	4	2.3827	2	2.3827
group_15725	849	2728	3.2132	18	3.9782	9	3.9782
group_15724	306	27100	88.5621	199	122.0249	99	121.4117
group_12985	156	0	0.0000	0	0.0000	0	0.0000
group_15727	345	0	0.0000	0	0.0000	0	0.0000
group_15726	621	0	0.0000	0	0.0000	0	0.0000
group_15728	963	0	0.0000	0	0.0000	0	0.0000
group_15729	771	0	0.0000	0	0.0000	0	0.0000
group_15730	183	0	0.0000	0	0.0000	0	0.0000
group_15731	258	4214	16.3333	31	22.5454	15	21.8182
group_15732	873	0	0.0000	0	0.0000	0	0.0000
group_2154	114	0	0.0000	0	0.0000	0	0.0000
group_15733	495	36778	74.2990	248	94.0077	124	94.0077
group_4273	693	0	0.0000	0	0.0000	0	0.0000
group_6311	1701	18798	11.0511	128	14.1196	64	14.1196
group_9245	195	5272	27.0359	36	34.6405	18	34.6406
group_15734	162	442	2.7284	3	3.4747	1	2.3165
group_15735	189	346	1.8307	4	3.9711	2	3.9711
group_15736	372	16560	44.5161	118	59.5190	59	59.5191
group_15737	357	9965	27.9132	66	34.6891	33	34.6891
group_15738	1758	91561	52.0825	608	64.8936	304	64.8936
group_15739	222	4271	19.2387	43	36.3440	21	35.4988
group_15740	261	4485	17.1839	32	23.0052	16	23.0052
group_15741	519	17585	33.8825	122	44.1072	61	44.1072
group_15742	240	445	1.8542	3	2.3455	1	1.5636
group_7539	612	7517	12.2827	52	15.9430	26	15.9430
group_15743	210	174	0.8286	2	1.7870	1	1.7870
group_15744	93	0	0.0000	0	0.0000	0	0.0000
group_2041	771	8264	10.7185	58	14.1153	29	14.1153
group_15745	270	795	2.9444	6	4.1697	3	4.1697
group_15748	267	261	0.9775	2	1.4055	1	1.4055
group_15747	723	0	0.0000	0	0.0000	0	0.0000
group_15749	555	0	0.0000	0	0.0000	0	0.0000
group_15746	168	348	2.0714	4	4.4675	2	4.4675
group_6692	969	138	0.1424	2	0.3873	1	0.3873
group_9044	351	0	0.0000	0	0.0000	0	0.0000
group_1377	126	0	0.0000	0	0.0000	0	0.0000
group_15750	117	0	0.0000	0	0.0000	0	0.0000
group_15751	702	10525	14.9929	74	19.7793	37	19.7793
group_6333	387	1261	3.2584	9	4.3636	4	3.8788
group_15756	603	0	0.0000	0	0.0000	0	0.0000
group_15753	984	0	0.0000	0	0.0000	0	0.0000
group_15755	348	0	0.0000	0	0.0000	0	0.0000
group_15754	405	0	0.0000	0	0.0000	0	0.0000
group_15752	1332	0	0.0000	0	0.0000	0	0.0000
group_15757	93	0	0.0000	0	0.0000	0	0.0000
group_15758	117	0	0.0000	0	0.0000	0	0.0000
group_6615	220	8854	40.2455	62	52.8793	31	52.8793
group_6612	219	302	1.3790	2	1.7136	1	1.7136
group_10174	339	1855	5.4720	13	7.1955	6	6.6420
group_6936	960	3806	3.9646	26	5.0818	13	5.0818
group_13317	819	0	0.0000	0	0.0000	0	0.0000
group_4402	1056	0	0.0000	0	0.0000	0	0.0000
group_15759	741	784	1.0580	4	1.0129	2	1.0129
group_15760	267	1880	7.0412	14	9.8386	7	9.8386
group_2152	768	151	0.1966	1	0.2443	0	0.0000
group_15761	186	453	2.4355	3	3.0264	1	2.0176
group_6824	378	0	0.0000	0	0.0000	0	0.0000
group_15762	201	0	0.0000	0	0.0000	0	0.0000
group_15763	393	1442	3.6692	10	4.7745	5	4.7745
group_15764	141	0	0.0000	0	0.0000	0	0.0000
group_15766	150	0	0.0000	0	0.0000	0	0.0000
group_15765	186	3719	19.9946	25	25.2199	12	24.2111
group_1959	120	0	0.0000	0	0.0000	0	0.0000
group_15767	156	0	0.0000	0	0.0000	0	0.0000
group_11291	864	228	0.2639	2	0.4343	1	0.4343
group_15768	162	0	0.0000	0	0.0000	0	0.0000
group_7105	621	1312	2.1127	9	2.7194	4	2.4172
group_7549	612	604	0.9869	4	1.2264	2	1.2264
group_2897	456	873	1.9145	6	2.4689	3	2.4689
group_2042	279	302	1.0824	2	1.3451	1	1.3451
group_15771	336	0	0.0000	0	0.0000	0	0.0000
group_5439	126	0	0.0000	0	0.0000	0	0.0000
group_10657	879	0	0.0000	0	0.0000	0	0.0000
group_15772	270	144	0.5333	2	1.3899	1	1.3899
group_15773	195	1801	9.2359	13	12.5091	6	11.5469
group_15774	450	0	0.0000	0	0.0000	0	0.0000
group_15775	504	0	0.0000	0	0.0000	0	0.0000
group_14597	498	148	0.2972	2	0.7536	1	0.7536
group_15776	345	1510	4.3768	10	5.4387	5	5.4387
group_15777	135	0	0.0000	0	0.0000	0	0.0000
group_15778	330	2797	8.4758	19	10.8033	9	10.2347
group_5224	666	0	0.0000	0	0.0000	0	0.0000
group_15779	459	0	0.0000	0	0.0000	0	0.0000
group_15780	150	0	0.0000	0	0.0000	0	0.0000
group_15781	147	0	0.0000	0	0.0000	0	0.0000
group_15782	255	0	0.0000	0	0.0000	0	0.0000
group_15783	228	0	0.0000	0	0.0000	0	0.0000
group_9248	195	1842	9.4462	14	13.4713	7	13.4713
group_15784	297	0	0.0000	0	0.0000	0	0.0000
group_15785	186	192	1.0323	2	2.0176	1	2.0176
group_15786	151	294	1.9470	2	2.4852	1	2.4852
group_11123	177	1135	6.4124	9	9.5408	4	8.4807
group_15787	1284	6341	4.9385	43	6.2838	21	6.1376
group_1154	3966	5033	1.2690	30	1.4193	15	1.4193
group_15789	162	0	0.0000	0	0.0000	0	0.0000
group_15790	189	0	0.0000	0	0.0000	0	0.0000
group_15791	135	0	0.0000	0	0.0000	0	0.0000
group_11437	324	3138	9.6852	23	13.3199	11	12.7407
group_15792	135	0	0.0000	0	0.0000	0	0.0000
group_15793	252	0	0.0000	0	0.0000	0	0.0000
group_15794	180	0	0.0000	0	0.0000	0	0.0000
group_15795	984	0	0.0000	0	0.0000	0	0.0000
group_6605	633	0	0.0000	0	0.0000	0	0.0000
group_13832	147	0	0.0000	0	0.0000	0	0.0000
group_15796	144	586	4.0694	6	7.8182	3	7.8182
group_15797	642	22202	34.5826	156	45.5939	78	45.5939
group_3865	1092	1508	1.3810	10	1.7183	5	1.7183
group_15798	966	696	0.7205	5	0.9712	2	0.7770
group_9230	585	0	0.0000	0	0.0000	0	0.0000
group_15799	645	0	0.0000	0	0.0000	0	0.0000
group_15800	411	0	0.0000	0	0.0000	0	0.0000
group_15801	120	0	0.0000	0	0.0000	0	0.0000
group_4311	1062	12811	12.0631	86	15.1947	43	15.1947
group_10275	885	8709	9.8407	58	12.2971	29	12.2971
group_15802	789	144	0.1825	1	0.2378	0	0.0000
group_2733	90	171	1.9000	2	4.1697	1	4.1697
group_4786	1956	11635	5.9484	78	7.4824	39	7.4824
group_9907	189	0	0.0000	0	0.0000	0	0.0000
group_14331	504	0	0.0000	0	0.0000	0	0.0000
group_6617	219	0	0.0000	0	0.0000	0	0.0000
group_15803	159	0	0.0000	0	0.0000	0	0.0000
group_4961	408	604	1.4804	4	1.8396	2	1.8396
group_4434	2043	11777	5.7646	79	7.2556	39	7.1638
group_15804	936	0	0.0000	0	0.0000	0	0.0000
group_2339	108	0	0.0000	0	0.0000	0	0.0000
group_15805	180	2019	11.2167	16	16.6788	8	16.6788
group_15806	258	212	0.8217	2	1.4545	1	1.4545
group_15807	312	0	0.0000	0	0.0000	0	0.0000
group_10255	186	0	0.0000	0	0.0000	0	0.0000
group_12703	309	1042	3.3722	7	4.2507	3	3.6434
group_15808	1926	210964	109.5348	1419	138.2429	709	138.1455
group_12721	159	0	0.0000	0	0.0000	0	0.0000
group_8894	198	270	1.3636	2	1.8953	1	1.8953
group_14539	798	2156	2.7018	16	3.7621	8	3.7621
group_454	1224	0	0.0000	0	0.0000	0	0.0000
group_15809	627	256	0.4083	4	1.1970	2	1.1970
group_15810	651	0	0.0000	0	0.0000	0	0.0000
group_15811	630	0	0.0000	0	0.0000	0	0.0000
group_4277	693	1610	2.3232	11	2.9784	5	2.7076
group_6046	225	0	0.0000	0	0.0000	0	0.0000
group_1714	483	0	0.0000	0	0.0000	0	0.0000
group_3385	726	0	0.0000	0	0.0000	0	0.0000
group_13638	813	0	0.0000	0	0.0000	0	0.0000
group_5187	234	0	0.0000	0	0.0000	0	0.0000
group_4345	1059	1057	0.9981	7	1.2403	3	1.0631
group_9706	1455	1208	0.8302	8	1.0317	4	1.0317
group_1522	1203	0	0.0000	0	0.0000	0	0.0000
group_5451	231	3995	17.2944	30	24.3684	15	24.3684
group_11947	543	0	0.0000	0	0.0000	0	0.0000
group_5930	393	604	1.5369	4	1.9098	2	1.9098
group_15812	1071	0	0.0000	0	0.0000	0	0.0000
group_2259	111	130	1.1712	2	3.3808	1	3.3808
group_15813	738	47317	64.1152	326	82.8854	163	82.8854
group_15814	1191	69623	58.4576	472	74.3613	236	74.3613
group_15815	1437	97197	67.6388	654	85.3961	327	85.3961
group_5648	1800	0	0.0000	0	0.0000	0	0.0000
group_9910	189	0	0.0000	0	0.0000	0	0.0000
group_11293	864	0	0.0000	0	0.0000	0	0.0000
group_9824	576	0	0.0000	0	0.0000	0	0.0000
group_7215	213	855	4.0141	7	6.1665	3	5.2855
group_4009	429	1766	4.1166	12	5.2486	6	5.2486
group_15817	303	8739	28.8416	66	40.8713	33	40.8713
group_15818	156	448	2.8718	3	3.6084	1	2.4056
group_15819	144	136	0.9444	2	2.6061	1	2.6061
group_15820	141	464	3.2908	4	5.3230	2	5.3230
group_15822	129	0	0.0000	0	0.0000	0	0.0000
group_15824	351	18666	53.1795	136	72.7024	68	72.7024
group_4327	2076	11517	5.5477	77	6.9595	38	6.8692
group_8896	198	888	4.4848	8	7.5813	4	7.5813
group_15825	183	1997	10.9126	15	15.3800	7	14.3547
group_11390	174	283	1.6264	2	2.1567	1	2.1567
group_2065	117	0	0.0000	0	0.0000	0	0.0000
group_11128	177	151	0.8531	1	1.0601	0	0.0000
group_2688	93	0	0.0000	0	0.0000	0	0.0000
group_3686	255	2300	9.0196	17	12.5091	8	11.7733
group_15826	243	1104	4.5432	9	6.9495	4	6.1773
group_4047	702	3260	4.6439	23	6.1476	11	5.8803
group_12320	537	2809	5.2309	22	7.6871	11	7.6871
group_95	138	0	0.0000	0	0.0000	0	0.0000
group_4078	249	1904	7.6466	15	11.3034	7	10.5498
group_8509	201	1847	9.1891	17	15.8697	8	14.9362
group_4001	1083	7507	6.9317	51	8.8361	25	8.6628
group_6655	381	2913	7.6457	21	10.3422	10	9.8497
group_3265	261	7083	27.1379	52	37.3835	26	37.3835
group_4885	1929	9109	4.7221	62	6.0308	31	6.0308
group_704	132	0	0.0000	0	0.0000	0	0.0000
group_11692	1356	7330	5.4056	49	6.7804	24	6.6420
group_15827	198	0	0.0000	0	0.0000	0	0.0000
group_15828	444	1907	4.2950	14	5.9165	7	5.9165
group_3488	258	15354	59.5116	105	76.3636	52	75.6364
group_15829	1365	13635	9.9890	91	12.5091	45	12.3716
group_15830	273	1328	4.8645	9	6.1858	4	5.4985
group_12734	1311	6629	5.0564	46	6.5837	23	6.5837
group_7686	609	3435	5.6404	23	7.0864	11	6.7783
group_5452	231	717	3.1039	5	4.0614	2	3.2491
group_6856	963	5449	5.6584	37	7.2093	18	7.0144
group_2419	273	0	0.0000	0	0.0000	0	0.0000
group_6904	216	1473	6.8194	12	10.4242	6	10.4242
group_7986	603	2268	3.7612	15	4.6676	7	4.3564
group_12710	531	1359	2.5593	9	3.1803	4	2.8269
group_7918	933	3990	4.2765	27	5.4300	13	5.2289
group_15831	1128	36334	32.2110	247	41.0870	123	40.9207
group_15832	771	25496	33.0687	174	42.3459	87	42.3459
group_6625	219	1034	4.7215	7	5.9975	3	5.1407
group_7815	207	611	2.9517	5	4.5323	2	3.6258
group_4238	423	1121	2.6501	8	3.5487	4	3.5487
group_2817	267	5408	20.2547	44	30.9213	22	30.9213
group_15833	1956	26322	13.4571	177	16.9794	88	16.8834
group_15834	240	2638	10.9917	19	14.8545	9	14.0727
group_97	138	462	3.3478	4	5.4387	2	5.4387
group_9623	579	2742	4.7358	19	6.1573	9	5.8333
group_15837	294	8627	29.3435	63	40.2078	31	39.5696
group_15836	2310	323962	140.2433	2182	177.2391	1091	177.2392
group_15835	1458	273895	187.8567	1861	239.5001	930	239.3715
group_6315	222	2302	10.3694	18	15.2138	9	15.2138
group_15838	1011	11424	11.2997	77	14.2908	38	14.1052
group_15839	117	0	0.0000	0	0.0000	0	0.0000
group_15841	234	10354	44.2479	73	58.5361	36	57.7343
group_15840	348	11874	34.1207	82	44.2132	41	44.2132
group_10590	183	151	0.8251	1	1.0253	0	0.0000
group_3907	252	417	1.6548	3	2.2338	1	1.4892
group_6626	219	2518	11.4977	22	18.8493	11	18.8493
group_14112	144	1216	8.4444	11	14.3333	5	13.0303
group_1693	123	158	1.2846	2	3.0510	1	3.0510
group_4916	237	1498	6.3207	10	7.9171	5	7.9171
group_15843	1062	23242	21.8851	158	27.9158	79	27.9158
group_13837	147	3904	26.5578	42	53.6104	21	53.6104
group_13058	825	4448	5.3915	30	6.8231	15	6.8231
group_10280	885	5807	6.5616	39	8.2687	19	8.0567
group_3306	729	9151	12.5528	63	16.2155	31	15.9581
group_15844	630	1997	3.1698	15	4.4675	7	4.1697
lpxB	1239	90498	73.0412	604	91.4708	302	91.4708
group_15845	168	646	3.8452	6	6.7013	3	6.7013
group_4635	414	1166	2.8164	8	3.6258	4	3.6258
group_2998	453	2752	6.0751	20	8.2842	10	8.2842
group_2093	1188	2942	2.4764	20	3.1589	10	3.1589
group_6120	648	12424	19.1728	86	24.9023	43	24.9024
group_15846	138	242	1.7536	2	2.7194	1	2.7194
group_15847	132	746	5.6515	8	11.3719	4	11.3719
group_15852	339	1397	4.1209	11	6.0885	5	5.5350
group_15854	549	16734	30.4809	114	38.9627	57	38.9627
group_12711	531	2930	5.5179	20	7.0673	10	7.0673
group_5934	393	15592	39.6743	111	52.9965	55	52.5191
group_15855	1473	31413	21.3259	184	23.4386	92	23.4386
group_6753	630	11258	17.8698	78	23.2312	39	23.2312
group_2659	462	3387	7.3312	25	10.1535	12	9.7473
group_15856	177	628	3.5480	5	5.3005	2	4.2404
group_1962	1194	8147	6.8233	58	9.1147	29	9.1147
group_6906	216	786	3.6389	6	5.2121	3	5.2121
group_7839	363	1977	5.4463	15	7.7536	7	7.2367
group_10887	180	592	3.2889	4	4.1697	2	4.1697
group_11203	327	5367	16.4128	37	21.2310	18	20.6572
group_12223	165	145	0.8788	1	1.1372	0	0.0000
group_15858	213	10397	48.8122	75	66.0691	37	65.1882
group_15857	1485	101975	68.6700	684	86.4264	342	86.4264
group_15859	696	27763	39.8894	187	50.4138	93	50.1442
group_15861	402	34230	85.1493	253	118.0895	126	117.6228
group_15860	393	44356	112.8651	323	154.2151	161	153.7377
group_15862	786	44942	57.1781	315	75.1978	157	74.9590
group_15863	1539	70266	45.6569	477	58.1563	238	58.0344
group_15864	1659	406101	244.7866	2725	308.2031	1362	308.0900
group_9913	189	0	0.0000	0	0.0000	0	0.0000
group_6316	222	437	1.9685	3	2.5356	1	1.6904
group_12055	846	9531	11.2660	66	14.6383	33	14.6383
group_15865	441	5244	11.8912	37	15.7427	18	15.3173
group_15867	255	836	3.2784	6	4.4150	3	4.4150
group_15868	321	1764	5.4953	12	7.0144	6	7.0144
group_2715	1158	34469	29.7660	235	38.0782	117	37.9162
group_7509	210	699	3.3286	5	4.4675	2	3.5740
group_9604	192	151	0.7865	1	0.9773	0	0.0000
group_2542	1167	3308	2.8346	22	3.5373	11	3.5373
group_9242	1482	23439	15.8158	158	20.0044	79	20.0044
group_4985	672	8692	12.9345	61	17.0325	30	16.7532
group_4312	1062	2500	2.3540	17	3.0036	8	2.8269
group_2398	468	5709	12.1987	41	16.4382	20	16.0373
group_4845	1035	6810	6.5797	46	8.3394	23	8.3394
group_15869	657	15048	22.9041	106	30.2731	53	30.2731
group_15870	1446	9957	6.8859	68	8.8238	34	8.8238
group_15872	612	2664	4.3529	18	5.5187	9	5.5187
group_15874	408	1890	4.6324	13	5.9786	6	5.5187
group_15871	390	2864	7.3436	20	9.6224	10	9.6224
group_15873	315	3879	12.3143	27	16.0831	13	15.4874
group_15878	339	3107	9.1652	22	12.1770	11	12.1770
group_15876	933	38095	40.8307	274	55.1043	137	55.1043
group_15877	645	16702	25.8946	120	34.9091	60	34.9091
group_15879	684	23883	34.9167	164	44.9888	82	44.9888
group_15880	987	69591	70.5076	466	88.5902	233	88.5902
group_15881	1005	63332	63.0169	444	82.8960	222	82.8961
group_10592	183	144	0.7869	1	1.0253	0	0.0000
group_5021	1026	5726	5.5809	39	7.1324	19	6.9495
group_8690	591	7102	12.0169	57	18.0969	28	17.7794
group_15882	198	537	2.7121	4	3.7906	2	3.7906
group_15883	1521	116735	76.7488	796	98.1976	398	98.1976
group_4780	1038	5116	4.9287	35	6.3269	17	6.1461
group_15885	798	84300	105.6391	575	135.2016	287	134.9665
group_15884	1839	192763	104.8195	1294	132.0290	647	132.0290
group_7259	618	692	1.1197	5	1.5181	2	1.2145
group_15886	210	892	4.2476	6	5.3610	3	5.3610
group_15887	825	4119	4.9927	30	6.8231	15	6.8231
group_5190	234	3607	15.4145	32	25.6597	16	25.6597
group_8229	927	5131	5.5351	37	7.4893	18	7.2868
group_6138	987	3425	3.4701	24	4.5626	12	4.5626
group_9436	582	1908	3.2784	13	4.1912	6	3.8688
group_11532	858	2539	2.9592	17	3.7177	8	3.4990
group_15888	681	51575	75.7342	359	98.9155	179	98.6400
group_7216	213	331	1.5540	3	2.6428	1	1.7618
group_4846	1035	2933	2.8338	20	3.6258	10	3.6258
group_8552	921	1359	1.4756	9	1.8336	4	1.6298
group_2763	747	2453	3.2838	17	4.2702	8	4.0190
group_1953	480	1797	3.7438	12	4.6909	6	4.6909
group_7617	366	670	1.8306	5	2.5633	2	2.0507
group_8436	357	2822	7.9048	20	10.5118	10	10.5118
group_5746	228	3034	13.3070	22	18.1053	11	18.1053
group_11938	168	1648	9.8095	15	16.7532	7	15.6364
group_15889	726	19127	26.3457	129	33.3403	64	33.0819
group_8993	912	7678	8.4189	52	10.6986	26	10.6986
group_2976	738	0	0.0000	0	0.0000	0	0.0000
group_4200	696	0	0.0000	0	0.0000	0	0.0000
group_11398	174	0	0.0000	0	0.0000	0	0.0000
group_11925	849	0	0.0000	0	0.0000	0	0.0000
group_12224	165	104	0.6303	2	2.2744	1	2.2744
group_2552	99	0	0.0000	0	0.0000	0	0.0000
group_146	1233	6170	5.0041	41	6.2393	20	6.0871
group_14113	144	0	0.0000	0	0.0000	0	0.0000
group_15890	375	5038	13.4347	36	18.0131	18	18.0131
group_6360	639	82906	129.7433	697	204.6675	348	204.3739
group_12225	165	0	0.0000	0	0.0000	0	0.0000
group_5970	648	0	0.0000	0	0.0000	0	0.0000
group_7109	621	0	0.0000	0	0.0000	0	0.0000
group_10889	180	278	1.5444	2	2.0848	1	2.0848
group_15892	243	134	0.5514	2	1.5443	1	1.5443
group_15891	1095	15987	14.6000	83	14.2227	41	14.0513
group_15893	837	101938	121.7897	683	153.1130	341	152.8889
group_11397	174	2912	16.7356	22	23.7241	11	23.7241
group_332	1227	0	0.0000	0	0.0000	0	0.0000
group_7816	207	0	0.0000	0	0.0000	0	0.0000
group_15894	159	0	0.0000	0	0.0000	0	0.0000
group_5454	231	3321	14.3766	28	22.7438	14	22.7438
group_12984	306	10586	34.5948	74	45.3761	37	45.3761
group_15895	1263	149417	118.3032	1002	148.8611	501	148.8611
group_15896	2160	276306	127.9194	1843	160.0989	921	160.0121
group_15897	1236	55433	44.8487	369	56.0176	184	55.8658
group_5738	1785	0	0.0000	0	0.0000	0	0.0000
group_225	498	172	0.3454	2	0.7536	1	0.7536
group_624	4821	1443	0.2993	10	0.3892	5	0.3892
group_12299	1332	453	0.3401	3	0.4226	1	0.2817
group_15903	303	0	0.0000	0	0.0000	0	0.0000
group_15900	192	0	0.0000	0	0.0000	0	0.0000
group_15905	1386	0	0.0000	0	0.0000	0	0.0000
group_15901	1131	0	0.0000	0	0.0000	0	0.0000
group_15908	540	0	0.0000	0	0.0000	0	0.0000
group_15902	591	270	0.4569	2	0.6350	1	0.6350
group_15898	432	0	0.0000	0	0.0000	0	0.0000
group_15899	402	151	0.3756	1	0.4668	0	0.0000
group_15907	693	113	0.1631	1	0.2708	0	0.0000
group_15911	432	14300	33.1019	94	40.8283	47	40.8283
group_6585	1674	2985	1.7832	21	2.3539	10	2.2418
group_3281	1536	2038	1.3268	14	1.7102	7	1.7102
group_10811	564	1577	2.7961	11	3.6596	5	3.3269
group_11672	855	604	0.7064	4	0.8778	2	0.8778
group_2990	264	2729	10.3371	20	14.2149	10	14.2149
group_5566	399	3806	9.5388	27	12.6972	13	12.2269
group_15912	171	2230	13.0409	16	17.5566	8	17.5566
group_15913	534	0	0.0000	0	0.0000	0	0.0000
group_104	138	179	1.2971	2	2.7194	1	2.7194
group_4977	1914	3948	2.0627	27	2.6469	13	2.5489
group_7575	942	1459	1.5488	10	1.9919	5	1.9919
group_11425	1368	2813	2.0563	19	2.6061	9	2.4689
group_10184	339	151	0.4454	1	0.5535	0	0.0000
group_15914	453	31961	70.5541	224	92.7826	112	92.7826
group_15915	153	0	0.0000	0	0.0000	0	0.0000
group_15916	156	155	0.9936	2	2.4056	1	2.4056
group_3495	258	33490	129.8062	228	165.8181	114	165.8182
group_11436	552	151	0.2736	1	0.3399	0	0.0000
group_13912	1263	151	0.1196	1	0.1486	0	0.0000
group_6386	1689	604	0.3576	4	0.4444	2	0.4444
group_8754	354	30929	87.3701	207	109.7195	103	109.1895
group_5456	231	7128	30.8571	48	38.9894	24	38.9894
group_15917	345	6886	19.9594	49	26.6498	24	26.1059
group_9321	348	151	0.4339	1	0.5392	0	0.0000
group_15919	579	34763	60.0397	244	79.0730	122	79.0730
group_15918	789	865	1.0963	6	1.4269	3	1.4269
group_15920	702	66751	95.0869	454	121.3488	227	121.3489
group_12999	156	1592	10.2051	19	22.8531	9	21.6503
group_15921	261	386	1.4789	3	2.1567	1	1.4378
group_15922	4194	24357	5.8076	166	7.4267	83	7.4267
group_11943	168	400	2.3810	4	4.4675	2	4.4675
group_15926	429	151	0.3520	1	0.4374	0	0.0000
group_15924	2379	452	0.1900	3	0.2366	1	0.1577
group_15925	1923	1057	0.5497	7	0.6830	3	0.5854
group_11678	171	126	0.7368	2	2.1946	1	2.1946
group_9665	1458	1057	0.7250	7	0.9009	3	0.7722
group_2400	468	302	0.6453	2	0.8019	1	0.8019
cRR6	474	64338	135.7342	446	176.5523	223	176.5523
group_15927	1374	104533	76.0793	717	97.9150	358	97.7785
group_3919	432	16834	38.9676	117	50.8182	58	50.3838
group_5747	396	5026	12.6919	37	17.5317	18	17.0578
group_15933	867	3734	4.3068	25	5.4105	12	5.1941
group_15932	2157	9716	4.5044	66	5.7413	33	5.7413
group_15929	195	506	2.5949	4	3.8489	2	3.8490
group_10486	336	1402	4.1726	12	6.7013	6	6.7013
group_2401	468	506	1.0812	4	1.6037	2	1.6037
group_15934	147	0	0.0000	0	0.0000	0	0.0000
group_10549	567	0	0.0000	0	0.0000	0	0.0000
group_12494	162	3850	23.7654	27	31.2727	13	30.1145
group_15935	1017	128312	126.1672	861	158.8543	430	158.6699
group_7554	612	34590	56.5196	246	75.4224	123	75.4224
group_3489	723	0	0.0000	0	0.0000	0	0.0000
group_15936	315	5295	16.8095	49	29.1879	24	28.5922
group_2255	276	976	3.5362	7	4.7589	3	4.0791
group_9610	192	1754	9.1354	13	12.7045	6	11.7273
group_2620	270	8120	30.0741	60	41.6970	30	41.6970
group_15937	1008	3115	3.0903	22	4.0952	11	4.0952
group_15938	1461	1545	1.0575	11	1.4127	5	1.2843
group_15939	189	6963	36.8413	51	50.6320	25	49.6392
group_15942	1206	6814	5.6501	48	7.4681	24	7.4681
group_7822	207	453	2.1884	3	2.7194	1	1.8129
group_15943	1239	42668	34.4374	284	43.0095	142	43.0095
group_15955	1431	103495	72.3235	703	92.1791	351	92.0480
group_1092	489	5333	10.9059	41	15.7323	20	15.3486
group_15960	303	1628	5.3729	11	6.8119	5	6.1926
group_15961	288	1502	5.2153	10	6.5151	5	6.5152
group_15959	666	7348	11.0330	50	14.0868	25	14.0868
group_15962	117	0	0.0000	0	0.0000	0	0.0000
group_15963	324	8404	25.9383	63	36.4848	31	35.9057
group_15940	354	0	0.0000	0	0.0000	0	0.0000
group_15964	1641	159547	97.2255	1061	121.3176	530	121.2032
group_2622	270	151	0.5593	1	0.6949	0	0.0000
group_12319	840	54940	65.4048	386	86.2234	193	86.2234
group_6754	630	15634	24.8159	108	32.1662	54	32.1662
group_15965	1284	183841	143.1783	1292	188.8054	646	188.8054
group_15966	1236	36106	29.2120	244	37.0415	122	37.0415
group_15967	942	8335	8.8482	57	11.3538	28	11.1546
group_15968	255	12343	48.4039	82	60.3379	41	60.3380
group_3498	258	8040	31.1628	85	61.8182	42	61.0909
group_4129	426	25340	59.4836	183	80.6043	91	80.1639
group_11452	324	2659	8.2068	19	11.0034	9	10.4242
group_15971	951	106899	112.4069	748	147.5836	374	147.5836
group_15972	546	41500	76.0073	281	96.5674	140	96.2238
group_7523	210	1268	6.0381	9	8.0416	4	7.1481
group_15974	273	1196	4.3810	10	6.8731	5	6.8731
group_15981	495	5344	10.7960	39	14.7835	19	14.4044
group_15979	1101	34701	31.5177	236	40.2200	118	40.2200
group_15978	609	7439	12.2151	51	15.7134	25	15.4053
group_15980	3918	55836	14.2511	375	17.9591	187	17.9112
group_7018	375	0	0.0000	0	0.0000	0	0.0000
group_12193	315	0	0.0000	0	0.0000	0	0.0000
group_5749	396	0	0.0000	0	0.0000	0	0.0000
group_6639	219	3093	14.1233	28	23.9900	14	23.9900
group_11946	168	1873	11.1488	18	20.1039	9	20.1039
group_10895	180	0	0.0000	0	0.0000	0	0.0000
group_9849	342	604	1.7661	4	2.1946	2	2.1946
group_1966	3429	22147	6.4587	148	8.0986	74	8.0986
group_13464	816	2265	2.7757	15	3.4492	7	3.2193
group_2547	465	1946	4.1849	14	5.6493	7	5.6493
group_13266	153	0	0.0000	0	0.0000	0	0.0000
group_2473	102	160	1.5686	2	3.6791	1	3.6791
group_15986	1542	0	0.0000	0	0.0000	0	0.0000
group_15982	1554	302	0.1943	2	0.2415	1	0.2415
group_15985	552	0	0.0000	0	0.0000	0	0.0000
group_15983	426	0	0.0000	0	0.0000	0	0.0000
group_15984	381	0	0.0000	0	0.0000	0	0.0000
group_7227	213	302	1.4178	2	1.7618	1	1.7618
group_12736	159	98	0.6164	2	2.3602	1	2.3602
group_4130	426	12472	29.2770	89	39.2010	44	38.7606
group_6914	216	1984	9.1852	18	15.6364	9	15.6364
group_15990	3027	5512	1.8209	37	2.2935	18	2.2316
group_15989	1359	35305	25.9787	240	33.1367	120	33.1367
group_15988	1251	26823	21.4412	183	27.4480	91	27.2980
group_15987	156	0	0.0000	0	0.0000	0	0.0000
group_15992	240	0	0.0000	0	0.0000	0	0.0000
group_15991	396	1208	3.0505	8	3.7906	4	3.7906
group_2261	111	0	0.0000	0	0.0000	0	0.0000
group_718	132	0	0.0000	0	0.0000	0	0.0000
group_7524	210	126	0.6000	2	1.7870	1	1.7870
group_4923	237	0	0.0000	0	0.0000	0	0.0000
group_12235	165	0	0.0000	0	0.0000	0	0.0000
group_2342	108	0	0.0000	0	0.0000	0	0.0000
group_2068	117	0	0.0000	0	0.0000	0	0.0000
group_12322	537	590	1.0987	4	1.3977	2	1.3977
group_14341	504	28122	55.7976	206	76.6926	103	76.6926
group_12228	165	0	0.0000	0	0.0000	0	0.0000
group_2824	267	112	0.4195	2	1.4055	1	1.4055
group_3431	444	0	0.0000	0	0.0000	0	0.0000
group_7229	213	0	0.0000	0	0.0000	0	0.0000
group_6638	219	0	0.0000	0	0.0000	0	0.0000
group_2161	114	0	0.0000	0	0.0000	0	0.0000
group_6641	219	329	1.5023	3	2.5704	1	1.7136
group_6060	225	0	0.0000	0	0.0000	0	0.0000
group_15993	258	11300	43.7984	78	56.7273	39	56.7273
group_14325	294	211	0.7177	2	1.2764	1	1.2764
group_9613	192	258	1.3438	2	1.9545	1	1.9545
group_1137	285	0	0.0000	0	0.0000	0	0.0000
group_1391	126	0	0.0000	0	0.0000	0	0.0000
group_8524	201	0	0.0000	0	0.0000	0	0.0000
group_9854	342	0	0.0000	0	0.0000	0	0.0000
group_9548	345	0	0.0000	0	0.0000	0	0.0000
group_15999	2496	16504	6.6122	113	8.4948	56	8.4196
group_15998	213	0	0.0000	0	0.0000	0	0.0000
group_15996	189	0	0.0000	0	0.0000	0	0.0000
group_15997	1704	4694	2.7547	33	3.6338	16	3.5237
group_13267	153	631	4.1242	5	6.1319	2	4.9055
group_9053	351	0	0.0000	0	0.0000	0	0.0000
group_13792	810	0	0.0000	0	0.0000	0	0.0000
group_4971	408	0	0.0000	0	0.0000	0	0.0000
group_4692	240	307	1.2792	2	1.5636	1	1.5636
group_12231	165	0	0.0000	0	0.0000	0	0.0000
group_2052	279	0	0.0000	0	0.0000	0	0.0000
group_8202	204	0	0.0000	0	0.0000	0	0.0000
group_13268	153	0	0.0000	0	0.0000	0	0.0000
group_7296	1599	4129	2.5822	27	3.1683	13	3.0510
group_5198	234	0	0.0000	0	0.0000	0	0.0000
group_4346	2070	0	0.0000	0	0.0000	0	0.0000
group_4083	249	0	0.0000	0	0.0000	0	0.0000
group_4976	408	0	0.0000	0	0.0000	0	0.0000
group_5191	405	13739	33.9235	88	40.7704	44	40.7704
group_581	288	0	0.0000	0	0.0000	0	0.0000
group_12232	165	0	0.0000	0	0.0000	0	0.0000
group_2262	111	0	0.0000	0	0.0000	0	0.0000
group_4866	1935	1010	0.5220	7	0.6788	3	0.5818
group_4769	1959	302	0.1542	2	0.1916	1	0.1916
group_2285	471	0	0.0000	0	0.0000	0	0.0000
group_2351	762	0	0.0000	0	0.0000	0	0.0000
group_7111	621	0	0.0000	0	0.0000	0	0.0000
group_7827	207	0	0.0000	0	0.0000	0	0.0000
group_16003	225	4022	17.8756	34	28.3539	17	28.3539
group_16000	837	41168	49.1852	295	66.1323	147	65.9081
group_16005	393	8323	21.1781	60	28.6468	30	28.6468
group_16008	420	32458	77.2810	220	98.2857	110	98.2857
group_16007	186	365	1.9624	4	4.0352	2	4.0352
group_16004	651	0	0.0000	0	0.0000	0	0.0000
group_16009	150	0	0.0000	0	0.0000	0	0.0000
group_16001	792	4147	5.2361	24	5.6859	12	5.6859
group_16011	1449	46616	32.1712	312	40.4020	156	40.4020
group_4135	426	0	0.0000	0	0.0000	0	0.0000
group_6741	1656	906	0.5471	6	0.6798	3	0.6798
group_9654	897	702	0.7826	5	1.0459	2	0.8367
group_10015	1440	453	0.3146	3	0.3909	1	0.2606
group_6782	966	286	0.2961	2	0.3885	1	0.3885
group_13851	147	172	1.1701	2	2.5529	1	2.5529
group_3054	2553	2567	1.0055	17	1.2494	8	1.1759
group_7074	1620	1204	0.7432	8	0.9266	4	0.9266
group_5420	483	151	0.3126	1	0.3885	0	0.0000
group_9453	582	302	0.5189	2	0.6448	1	0.6448
group_16013	284	3472	12.2254	26	17.1780	13	17.1780
group_16014	666	0	0.0000	0	0.0000	0	0.0000
group_16015	390	14820	38.0000	101	48.5930	50	48.1119
group_4684	681	0	0.0000	0	0.0000	0	0.0000
group_2426	273	0	0.0000	0	0.0000	0	0.0000
group_4571	1047	1311	1.2521	9	1.6129	4	1.4337
group_14260	1251	2247	1.7962	15	2.2498	7	2.0998
group_2720	1158	1992	1.7202	14	2.2685	7	2.2685
group_15574	744	302	0.4059	2	0.5044	1	0.5044
group_15576	2013	2103	1.0447	14	1.3050	7	1.3050
group_15579	567	0	0.0000	0	0.0000	0	0.0000
group_15577	552	788	1.4275	6	2.0395	3	2.0395
group_15589	729	997	1.3676	7	1.8017	3	1.5443
group_15590	234	150	0.6410	1	0.8019	0	0.0000
group_15587	660	302	0.4576	2	0.5686	1	0.5686
group_15581	2181	2568	1.1774	17	1.4625	8	1.3765
group_16017	372	1573	4.2285	11	5.5484	5	5.0440
group_16016	396	983	2.4823	7	3.3168	3	2.8430
group_16019	681	0	0.0000	0	0.0000	0	0.0000
group_16020	645	1009	1.5643	7	2.0364	3	1.7455
group_8917	198	0	0.0000	0	0.0000	0	0.0000
group_16021	153	0	0.0000	0	0.0000	0	0.0000
group_7232	372	492	1.3226	4	2.0176	2	2.0176
group_16023	672	0	0.0000	0	0.0000	0	0.0000
group_16022	1239	0	0.0000	0	0.0000	0	0.0000
group_16024	165	0	0.0000	0	0.0000	0	0.0000
group_16025	131	134	1.0229	2	2.8647	1	2.8647
group_16026	711	0	0.0000	0	0.0000	0	0.0000
group_16027	453	906	2.0000	6	2.4852	3	2.4852
group_16028	132	136	1.0303	2	2.8430	1	2.8430
group_13475	816	1921	2.3542	13	2.9893	6	2.7594
group_6669	381	0	0.0000	0	0.0000	0	0.0000
group_9330	348	1510	4.3391	10	5.3918	5	5.3918
group_16029	315	882	2.8000	6	3.5740	3	3.5740
group_6080	1740	1208	0.6943	8	0.8627	4	0.8627
group_7237	951	906	0.9527	6	1.1838	3	1.1838
group_7119	621	0	0.0000	0	0.0000	0	0.0000
group_16030	666	0	0.0000	0	0.0000	0	0.0000
group_16031	2775	3391	1.2220	23	1.5552	11	1.4876
group_16032	624	604	0.9679	4	1.2028	2	1.2028
group_8914	198	0	0.0000	0	0.0000	0	0.0000
group_8539	201	0	0.0000	0	0.0000	0	0.0000
group_8540	201	1647	8.1940	11	10.2687	5	9.3351
group_11721	321	13815	43.0374	95	55.5310	47	54.9465
group_180	291	0	0.0000	0	0.0000	0	0.0000
group_12726	309	151	0.4887	1	0.6072	0	0.0000
group_2056	771	0	0.0000	0	0.0000	0	0.0000
group_3283	261	888	3.4023	8	5.7513	4	5.7513
group_5944	393	0	0.0000	0	0.0000	0	0.0000
group_4367	690	0	0.0000	0	0.0000	0	0.0000
group_6645	1665	0	0.0000	0	0.0000	0	0.0000
group_10277	186	1393	7.4892	11	11.0968	5	10.0880
group_13213	822	65	0.0791	1	0.2283	0	0.0000
group_2475	102	98	0.9608	1	1.8396	0	0.0000
group_7234	372	7316	19.6667	53	26.7331	26	26.2287
group_9935	189	0	0.0000	0	0.0000	0	0.0000
group_12137	540	151	0.2796	1	0.3475	0	0.0000
group_13375	519	151	0.2909	1	0.3615	0	0.0000
group_12732	531	0	0.0000	0	0.0000	0	0.0000
group_3009	453	0	0.0000	0	0.0000	0	0.0000
group_16033	141	0	0.0000	0	0.0000	0	0.0000
group_5573	399	302	0.7569	2	0.9405	1	0.9405
group_1158	285	0	0.0000	0	0.0000	0	0.0000
group_5213	234	151	0.6453	1	0.8019	0	0.0000
group_16034	1200	0	0.0000	0	0.0000	0	0.0000
group_15946	1902	123175	64.7608	828	81.6839	414	81.6840
group_15952	1761	138908	78.8802	934	99.5186	467	99.5186
group_16036	459	687	1.4967	5	2.0440	2	1.6352
group_16049	225	421	1.8711	3	2.5018	1	1.6679
group_16051	564	1037	1.8387	8	2.6615	4	2.6615
group_16040	834	6771	8.1187	46	10.3492	23	10.3492
group_16041	918	1511	1.6460	10	2.0440	5	2.0440
group_16044	309	0	0.0000	0	0.0000	0	0.0000
group_16038	666	0	0.0000	0	0.0000	0	0.0000
group_16046	324	0	0.0000	0	0.0000	0	0.0000
group_16043	570	302	0.5298	2	0.6584	1	0.6584
group_16039	147	0	0.0000	0	0.0000	0	0.0000
group_16045	768	1698	2.2109	11	2.6875	5	2.4432
group_16050	249	283	1.1365	2	1.5071	1	1.5071
group_16035	888	0	0.0000	0	0.0000	0	0.0000
group_16042	291	151	0.5189	1	0.6448	0	0.0000
group_16047	324	0	0.0000	0	0.0000	0	0.0000
group_16048	261	0	0.0000	0	0.0000	0	0.0000
group_16037	348	0	0.0000	0	0.0000	0	0.0000
group_12731	309	0	0.0000	0	0.0000	0	0.0000
group_4935	237	0	0.0000	0	0.0000	0	0.0000
group_16052	252	106	0.4206	2	1.4892	1	1.4892
group_16054	2376	82641	34.7816	550	43.4343	275	43.4343
group_16053	201	226	1.1244	2	1.8670	1	1.8670
group_16055	1263	35939	28.4553	249	36.9924	124	36.8439
group_6124	645	0	0.0000	0	0.0000	0	0.0000
group_16057	267	414	1.5506	4	2.8110	2	2.8110
group_16056	195	861	4.4154	8	7.6979	4	7.6979
group_9286	195	0	0.0000	0	0.0000	0	0.0000
group_1958	480	0	0.0000	0	0.0000	0	0.0000
group_8761	918	3272	3.5643	22	4.4967	11	4.4967
group_2060	279	13896	49.8065	111	74.6510	55	73.9785
group_12733	309	0	0.0000	0	0.0000	0	0.0000
group_4809	486	297	0.6111	2	0.7722	1	0.7722
group_9940	189	768	4.0635	6	5.9567	3	5.9567
group_4938	237	0	0.0000	0	0.0000	0	0.0000
group_11285	555	0	0.0000	0	0.0000	0	0.0000
group_7242	213	0	0.0000	0	0.0000	0	0.0000
group_12739	159	0	0.0000	0	0.0000	0	0.0000
group_16059	390	799	2.0487	6	2.8867	3	2.8867
group_16058	273	735	2.6923	5	3.4366	2	2.7493
group_13859	147	0	0.0000	0	0.0000	0	0.0000
group_13015	156	137	0.8782	1	1.2028	0	0.0000
group_1433	486	2107	4.3354	15	5.7912	7	5.4052
group_1964	480	2791	5.8146	20	7.8182	10	7.8182
group_16062	414	0	0.0000	0	0.0000	0	0.0000
group_16061	2964	1359	0.4585	9	0.5697	4	0.5064
group_16060	216	0	0.0000	0	0.0000	0	0.0000
group_13586	150	0	0.0000	0	0.0000	0	0.0000
group_16063	132	0	0.0000	0	0.0000	0	0.0000
group_11453	552	0	0.0000	0	0.0000	0	0.0000
group_2216	3159	0	0.0000	0	0.0000	0	0.0000
group_9066	351	0	0.0000	0	0.0000	0	0.0000
group_4987	408	1482	3.6324	10	4.5989	5	4.5989
group_13617	300	3202	10.6733	22	13.7600	11	13.7600
group_16064	141	998	7.0780	10	13.3075	5	13.3075
group_16065	381	0	0.0000	0	0.0000	0	0.0000
group_16066	199	508	2.5528	4	3.7716	2	3.7716
group_16067	225	0	0.0000	0	0.0000	0	0.0000
group_6347	387	42792	110.5736	305	147.8787	152	147.3939
group_16068	234	3266	13.9573	26	20.8485	13	20.8485
group_16069	732	0	0.0000	0	0.0000	0	0.0000
group_16070	1329	302	0.2272	2	0.2824	1	0.2824
group_16072	126	0	0.0000	0	0.0000	0	0.0000
group_16073	381	0	0.0000	0	0.0000	0	0.0000
group_3084	735	1057	1.4381	7	1.7870	3	1.5317
group_6813	1647	0	0.0000	0	0.0000	0	0.0000
galE	1008	0	0.0000	0	0.0000	0	0.0000
group_3289	261	0	0.0000	0	0.0000	0	0.0000
group_7272	1602	0	0.0000	0	0.0000	0	0.0000
group_6709	1659	0	0.0000	0	0.0000	0	0.0000
group_14190	1254	0	0.0000	0	0.0000	0	0.0000
group_6450	1683	151	0.0897	1	0.1115	0	0.0000
group_12740	159	0	0.0000	0	0.0000	0	0.0000
group_667	4761	395083	82.9832	2645	104.2424	1322	104.2030
group_16074	249	9702	38.9639	72	54.2563	36	54.2563
group_16075	306	0	0.0000	0	0.0000	0	0.0000
group_3503	723	1308	1.8091	9	2.3357	4	2.0762
group_4493	687	0	0.0000	0	0.0000	0	0.0000
group_8570	921	1110	1.2052	8	1.6298	4	1.6298
group_12244	165	0	0.0000	0	0.0000	0	0.0000
group_9140	909	488	0.5369	4	0.8257	2	0.8257
group_13587	150	0	0.0000	0	0.0000	0	0.0000
group_7784	936	0	0.0000	0	0.0000	0	0.0000
group_8567	921	604	0.6558	4	0.8149	2	0.8149
group_8078	1539	5597	3.6368	39	4.7549	19	4.6330
group_4763	1962	5459	2.7824	37	3.5385	18	3.4429
group_2743	2739	8427	3.0767	57	3.9048	28	3.8363
group_4785	411	872	2.1217	7	3.1958	3	2.7392
group_5203	405	1125	2.7778	8	3.7064	4	3.7064
group_7274	618	1510	2.4434	10	3.0362	5	3.0362
group_10784	333	585	1.7568	4	2.2539	2	2.2539
group_6376	639	1508	2.3599	10	2.9364	5	2.9364
group_16076	633	254	0.4013	2	0.5928	1	0.5928
group_15951	1008	59715	59.2411	412	76.6926	206	76.6926
group_15949	1005	65725	65.3980	445	83.0827	222	82.8961
group_15947	279	12001	43.0143	85	57.1652	42	56.4927
group_15944	234	8550	36.5385	62	49.7156	31	49.7156
group_16077	351	0	0.0000	0	0.0000	0	0.0000
group_4089	249	0	0.0000	0	0.0000	0	0.0000
group_16078	255	0	0.0000	0	0.0000	0	0.0000
group_16079	135	0	0.0000	0	0.0000	0	0.0000
group_16080	1017	0	0.0000	0	0.0000	0	0.0000
group_16081	540	0	0.0000	0	0.0000	0	0.0000
group_7245	213	0	0.0000	0	0.0000	0	0.0000
group_16082	150	0	0.0000	0	0.0000	0	0.0000
group_16083	444	2201	4.9572	15	6.3391	7	5.9165
group_16085	717	19507	27.2064	123	32.1887	61	31.9270
group_16086	108	165	1.5278	2	3.4747	1	3.4747
group_16087	447	0	0.0000	0	0.0000	0	0.0000
group_16088	279	11702	41.9427	88	59.1828	44	59.1828
group_16091	195	0	0.0000	0	0.0000	0	0.0000
group_16089	4425	3183	0.7193	21	0.8905	10	0.8481
group_16092	984	0	0.0000	0	0.0000	0	0.0000
group_16093	357	0	0.0000	0	0.0000	0	0.0000
group_16094	543	1661	3.0589	11	3.8011	5	3.4555
group_2409	105	0	0.0000	0	0.0000	0	0.0000
group_4789	411	0	0.0000	0	0.0000	0	0.0000
group_16095	162	405	2.5000	4	4.6330	2	4.6330
group_16096	174	0	0.0000	0	0.0000	0	0.0000
group_16097	144	534	3.7083	6	7.8182	3	7.8182
group_16098	99	0	0.0000	0	0.0000	0	0.0000
group_16099	1572	0	0.0000	0	0.0000	0	0.0000
group_16100	180	287	1.5944	4	4.1697	2	4.1697
group_1701	3585	6100	1.7015	38	1.9889	19	1.9889
group_16101	564	490	0.8688	6	1.9961	3	1.9961
group_16102	495	10548	21.3091	74	28.0507	37	28.0507
group_16103	318	240	0.7547	2	1.1801	1	1.1801
group_16104	3321	758	0.2282	5	0.2825	2	0.2260
group_16105	1302	302	0.2320	2	0.2882	1	0.2882
group_16106	189	302	1.5979	2	1.9856	1	1.9856
group_9948	1443	3856	2.6722	26	3.3808	13	3.3808
group_6629	972	755	0.7767	5	0.9652	2	0.7722
group_1960	480	0	0.0000	0	0.0000	0	0.0000
group_585	1221	0	0.0000	0	0.0000	0	0.0000
group_16107	144	76	0.5278	2	2.6061	1	2.6061
group_13218	822	3266	3.9732	23	5.2502	11	5.0219
group_11962	168	794	4.7262	7	7.8182	3	6.7013
group_16108	282	2766	9.8085	20	13.3075	10	13.3075
group_16109	240	0	0.0000	0	0.0000	0	0.0000
group_2410	105	0	0.0000	0	0.0000	0	0.0000
group_2265	111	0	0.0000	0	0.0000	0	0.0000
group_16110	162	0	0.0000	0	0.0000	0	0.0000
group_16111	1440	175017	121.5396	1166	151.9333	583	151.9333
group_16112	669	2776	4.1495	20	5.6095	10	5.6095
group_16113	198	820	4.1414	8	7.5813	4	7.5813
group_16114	246	6911	28.0935	54	41.1885	27	41.1885
group_16116	1050	25671	24.4486	182	32.5236	91	32.5236
group_16115	336	9145	27.2173	71	39.6493	35	39.0909
group_16117	789	14234	18.0406	96	22.8303	48	22.8303
group_16118	816	99493	121.9277	672	154.5240	336	154.5240
group_16119	618	108307	175.2540	745	226.1959	372	225.8923
group_16121	150	1664	11.0933	13	16.2618	6	15.0109
group_7126	621	302	0.4863	2	0.6043	1	0.6043
group_6651	219	657	3.0000	6	5.1407	3	5.1407
group_3700	255	302	1.1843	2	1.4717	1	1.4717
group_3311	2433	21301	8.7550	143	11.0284	71	10.9512
group_16122	189	0	0.0000	0	0.0000	0	0.0000
group_11797	852	7703	9.0411	52	11.4520	26	11.4520
group_16123	867	0	0.0000	0	0.0000	0	0.0000
group_13219	822	150	0.1825	2	0.4565	1	0.4565
group_10610	183	0	0.0000	0	0.0000	0	0.0000
group_2192	3183	17032	5.3509	114	6.7202	57	6.7202
group_10911	180	0	0.0000	0	0.0000	0	0.0000
group_16124	1341	172674	128.7651	1173	164.1293	586	163.9894
group_16125	315	2465	7.8254	19	11.3177	9	10.7221
group_13864	147	0	0.0000	0	0.0000	0	0.0000
group_2672	750	899	1.1987	6	1.5011	3	1.5011
group_16126	180	0	0.0000	0	0.0000	0	0.0000
group_16127	306	13823	45.1732	94	57.6399	47	57.6399
group_16128	417	32934	78.9784	223	100.3427	111	99.8927
group_10291	186	5868	31.5484	42	42.3695	21	42.3695
group_15642	222	8895	40.0676	61	51.5577	30	50.7125
group_15641	642	41493	64.6308	276	80.6661	138	80.6661
group_4441	243	0	0.0000	0	0.0000	0	0.0000
group_16129	384	0	0.0000	0	0.0000	0	0.0000
group_16130	240	202	0.8417	2	1.5636	1	1.5636
group_16131	1047	835	0.7975	6	1.0753	3	1.0753
group_5605	657	604	0.9193	4	1.1424	2	1.1424
group_3872	1092	0	0.0000	0	0.0000	0	0.0000
group_2064	279	0	0.0000	0	0.0000	0	0.0000
group_3921	253	616	2.4348	6	4.4499	3	4.4499
group_16132	1158	906	0.7824	6	0.9722	3	0.9722
group_16135	189	1008	5.3333	8	7.9423	4	7.9423
group_16137	669	33733	50.4230	230	64.5087	115	64.5088
group_2797	1152	0	0.0000	0	0.0000	0	0.0000
group_1972	774	10468	13.5245	72	17.4545	36	17.4545
group_16138	252	0	0.0000	0	0.0000	0	0.0000
group_16139	330	0	0.0000	0	0.0000	0	0.0000
group_16140	394	588	1.4924	4	1.9049	2	1.9049
group_16141	1620	2114	1.3049	14	1.6215	7	1.6215
group_16142	3714	562	0.1513	5	0.2526	2	0.2021
group_16144	552	0	0.0000	0	0.0000	0	0.0000
group_16143	729	0	0.0000	0	0.0000	0	0.0000
group_16146	1173	36416	31.0452	244	39.0309	122	39.0309
group_16148	2286	14117	6.1754	96	7.8797	48	7.8797
group_16149	990	42966	43.4000	291	55.1537	145	54.9642
group_13277	153	0	0.0000	0	0.0000	0	0.0000
group_16150	5061	41914	8.2818	240	8.8980	120	8.8980
group_16151	303	23016	75.9604	165	102.1782	82	101.5589
group_1080	129	0	0.0000	0	0.0000	0	0.0000
group_2615	96	644	6.7083	8	15.6364	4	15.6364
group_9949	189	2345	12.4074	19	18.8629	9	17.8701
group_16152	204	134109	657.3971	915	841.6040	457	840.6844
group_16153	129	326	2.5271	4	5.8182	2	5.8182
group_16154	363	1703	4.6915	13	6.7198	6	6.2029
group_16155	786	0	0.0000	0	0.0000	0	0.0000
group_14732	156	0	0.0000	0	0.0000	0	0.0000
group_16156	138	0	0.0000	0	0.0000	0	0.0000
group_8226	204	0	0.0000	0	0.0000	0	0.0000
group_11153	177	0	0.0000	0	0.0000	0	0.0000
group_10914	180	0	0.0000	0	0.0000	0	0.0000
group_3704	255	1402	5.4980	10	7.3583	5	7.3583
group_16157	3456	92616	26.7986	630	34.2045	315	34.2045
group_15923	1836	0	0.0000	0	0.0000	0	0.0000
group_16158	1929	67524	35.0047	461	44.8421	230	44.7448
group_10208	339	16398	48.3717	115	63.6524	57	63.0989
group_16159	1224	13532	11.0556	90	13.7968	45	13.7968
group_16160	687	87434	127.2693	606	165.5132	303	165.5133
group_16161	402	0	0.0000	0	0.0000	0	0.0000
group_16162	402	4838	12.0348	34	15.8697	17	15.8697
group_16164	234	24500	104.7009	175	140.3263	87	139.5245
group_16163	375	27050	72.1333	201	100.5731	100	100.0727
group_16165	945	47572	50.3407	301	59.7656	150	59.5671
group_12760	831	0	0.0000	0	0.0000	0	0.0000
group_16166	147	155	1.0544	2	2.5529	1	2.5529
group_16167	1563	0	0.0000	0	0.0000	0	0.0000
group_16168	147	0	0.0000	0	0.0000	0	0.0000
group_5564	1005	18923	18.8289	128	23.8980	64	23.8980
group_2843	267	270	1.0112	2	1.4055	1	1.4055
group_6519	384	151	0.3932	1	0.4886	0	0.0000
group_2632	270	302	1.1185	2	1.3899	1	1.3899
group_11417	174	106	0.6092	1	1.0784	0	0.0000
group_840	492	0	0.0000	0	0.0000	0	0.0000
group_16169	1518	906	0.5968	6	0.7416	3	0.7416
group_9007	588	151	0.2568	1	0.3191	0	0.0000
group_16170	291	0	0.0000	0	0.0000	0	0.0000
group_2549	1167	302	0.2588	2	0.3216	1	0.3216
group_3312	2433	1202	0.4940	8	0.6170	4	0.6170
group_11967	168	0	0.0000	0	0.0000	0	0.0000
group_16171	177	870	4.9153	10	10.6009	5	10.6009
group_13028	156	221	1.4167	2	2.4056	1	2.4056
group_14130	144	0	0.0000	0	0.0000	0	0.0000
group_16172	1233	302	0.2449	2	0.3044	1	0.3044
group_11539	858	3078	3.5874	22	4.8112	11	4.8112
group_13621	300	0	0.0000	0	0.0000	0	0.0000
group_4141	426	453	1.0634	3	1.3214	1	0.8809
group_7541	210	8750	41.6667	61	54.5039	30	53.6104
group_2617	96	140	1.4583	2	3.9091	1	3.9091
group_2168	114	0	0.0000	0	0.0000	0	0.0000
cas3	2469	9978	4.0413	66	5.0158	33	5.0158
cas8a1	1587	1957	1.2331	13	1.5370	6	1.4188
cas7i	999	1057	1.0581	7	1.3148	3	1.1269
cas5	645	1208	1.8729	8	2.3273	4	2.3273
group_16174	321	0	0.0000	0	0.0000	0	0.0000
group_16173	663	0	0.0000	0	0.0000	0	0.0000
group_2633	270	8829	32.7000	76	52.8161	38	52.8162
group_3930	432	3473	8.0394	23	9.9899	11	9.5556
group_3443	444	415	0.9347	3	1.2678	1	0.8452
group_3244	2460	0	0.0000	0	0.0000	0	0.0000
group_2264	765	417	0.5451	3	0.7358	1	0.4906
group_10612	183	888	4.8525	8	8.2027	4	8.2027
group_2169	114	202	1.7719	4	6.5837	2	6.5837
group_16177	1290	0	0.0000	0	0.0000	0	0.0000
group_16178	576	0	0.0000	0	0.0000	0	0.0000
group_16175	711	0	0.0000	0	0.0000	0	0.0000
group_16176	1272	0	0.0000	0	0.0000	0	0.0000
group_16180	489	0	0.0000	0	0.0000	0	0.0000
group_16182	348	0	0.0000	0	0.0000	0	0.0000
group_16181	612	0	0.0000	0	0.0000	0	0.0000
group_16183	1344	41757	31.0692	294	41.0454	147	41.0454
group_16184	297	11340	38.1818	78	49.2782	39	49.2782
group_16010	210	0	0.0000	0	0.0000	0	0.0000
group_16002	1965	77938	39.6631	522	49.8454	261	49.8454
group_16006	465	2700	5.8065	18	7.2633	9	7.2633
group_13623	300	481	1.6033	4	2.5018	2	2.5018
group_3014	453	531	1.1722	5	2.0710	2	1.6568
group_5210	405	722	1.7827	5	2.3165	2	1.8532
group_14345	294	7084	24.0952	47	29.9963	23	29.3581
group_16185	1839	6067	3.2991	42	4.2853	21	4.2853
group_16187	1128	18799	16.6658	126	20.9594	63	20.9594
group_16186	402	49552	123.2637	353	164.7652	176	164.2985
group_16189	1086	330259	304.1059	2206	381.1470	1103	381.1471
group_16188	852	0	0.0000	0	0.0000	0	0.0000
group_16191	381	14746	38.7034	102	50.2333	51	50.2334
group_16190	2751	190438	69.2250	1280	87.3044	640	87.3044
group_11996	323	452	1.3994	4	2.3237	2	2.3237
group_16192	1746	85945	49.2239	582	62.5454	291	62.5454
group_16194	1188	142423	119.8847	964	152.2571	482	152.2571
group_16193	1932	66170	34.2495	441	42.8300	220	42.7329
group_16197	264	0	0.0000	0	0.0000	0	0.0000
group_16195	375	1031	2.7493	8	4.0029	4	4.0029
group_16196	1080	4927	4.5620	32	5.5596	16	5.5596
group_16201	1266	906	0.7156	6	0.8893	3	0.8893
group_16200	624	604	0.9679	4	1.2028	2	1.2028
group_16199	456	580	1.2719	4	1.6459	2	1.6459
group_16198	516	31951	61.9205	221	80.3636	110	80.0000
group_9848	576	3308	5.7431	24	7.8182	12	7.8182
group_16202	156	1550	9.9359	15	18.0420	7	16.8392
group_3931	432	687	1.5903	5	2.1717	2	1.7374
group_2163	768	2114	2.7526	14	3.4205	7	3.4205
group_3069	2550	8896	3.4886	61	4.4886	30	4.4150
group_2987	1137	3769	3.3149	25	4.1257	12	3.9607
group_7038	957	2555	2.6698	17	3.3331	8	3.1371
group_16203	189	237	1.2540	2	1.9856	1	1.9856
group_16204	159	3903	24.5472	31	36.5832	15	35.4031
group_16205	318	1038	3.2642	8	4.7204	4	4.7204
group_6074	990	9463	9.5586	67	12.6986	33	12.5091
group_12246	165	602	3.6485	5	5.6859	2	4.5488
group_8929	198	290	1.4646	2	1.8953	1	1.8953
group_16206	162	247	1.5247	2	2.3165	1	2.3165
group_16207	243	469	1.9300	4	3.0887	2	3.0887
group_9419	1473	0	0.0000	0	0.0000	0	0.0000
group_6676	381	453	1.1890	3	1.4775	1	0.9850
group_2504	756	1566	2.0714	12	2.9784	6	2.9784
group_16208	222	2137	9.6261	16	13.5233	8	13.5233
group_12248	165	349	2.1152	4	4.5488	2	4.5488
group_14264	1251	453	0.3621	3	0.4500	1	0.3000
group_9300	195	696	3.5692	7	6.7357	3	5.7734
group_11959	543	1750	3.2228	12	4.1467	6	4.1467
group_16209	222	183	0.8243	2	1.6904	1	1.6904
group_7844	207	4896	23.6522	38	34.4453	19	34.4453
group_8932	198	3398	17.1616	26	24.6391	13	24.6391
group_3710	255	780	3.0588	6	4.4150	3	4.4150
group_13568	516	1984	3.8450	14	5.0909	7	5.0909
group_16210	813	16138	19.8499	111	25.6182	55	25.3875
group_127	138	666	4.8261	6	8.1581	3	8.1581
group_14140	507	0	0.0000	0	0.0000	0	0.0000
group_13663	813	3218	3.9582	22	5.0775	11	5.0775
group_16211	339	1818	5.3628	13	7.1955	6	6.6420
group_16214	171	0	0.0000	0	0.0000	0	0.0000
group_16212	138	345	2.5000	4	5.4387	2	5.4387
group_16215	756	51178	67.6958	342	84.8831	171	84.8831
group_16216	609	36747	60.3399	248	76.4102	124	76.4102
group_16217	669	6825	10.2018	46	12.9017	23	12.9018
group_16218	210	2049	9.7571	15	13.4026	7	12.5091
group_16219	114	0	0.0000	0	0.0000	0	0.0000
group_16220	435	12565	28.8851	94	40.5467	47	40.5467
group_14931	813	2083	2.5621	15	3.4619	7	3.2311
group_14937	225	148	0.6578	1	0.8339	0	0.0000
group_14934	222	302	1.3604	2	1.6904	1	1.6904
group_14932	3216	12779	3.9736	86	5.0176	43	5.0176
group_16221	168	1695	10.0893	14	15.6364	7	15.6364
group_16222	231	3974	17.2035	31	25.1806	15	24.3684
group_16224	750	0	0.0000	0	0.0000	0	0.0000
group_16223	186	0	0.0000	0	0.0000	0	0.0000
group_16225	166	0	0.0000	0	0.0000	0	0.0000
group_16226	192	0	0.0000	0	0.0000	0	0.0000
group_16229	789	0	0.0000	0	0.0000	0	0.0000
group_16228	693	0	0.0000	0	0.0000	0	0.0000
group_16227	240	302	1.2583	2	1.5636	1	1.5636
group_16230	1353	248	0.1833	4	0.5547	2	0.5547
group_16231	198	2082	10.5152	15	14.2149	7	13.2672
group_16232	3978	2718	0.6833	18	0.8490	9	0.8490
group_16233	675	0	0.0000	0	0.0000	0	0.0000
group_16234	306	3128	10.2222	27	16.5561	13	15.9430
group_16235	222	1853	8.3468	16	13.5233	8	13.5233
group_16236	354	48393	136.7034	340	180.2157	170	180.2157
group_16239	459	0	0.0000	0	0.0000	0	0.0000
group_16240	117	0	0.0000	0	0.0000	0	0.0000
group_16238	528	0	0.0000	0	0.0000	0	0.0000
group_16237	987	0	0.0000	0	0.0000	0	0.0000
group_16243	309	0	0.0000	0	0.0000	0	0.0000
group_11160	177	0	0.0000	0	0.0000	0	0.0000
group_16244	813	41650	51.2300	282	65.0842	141	65.0842
group_10621	183	488	2.6667	4	4.1013	2	4.1013
group_16245	204	301	1.4755	2	1.8396	1	1.8396
group_4532	2019	5583	2.7652	37	3.4386	18	3.3457
group_3741	714	819	1.1471	6	1.5768	3	1.5768
group_7705	609	302	0.4959	2	0.6162	1	0.6162
group_16246	156	0	0.0000	0	0.0000	0	0.0000
group_16247	159	0	0.0000	0	0.0000	0	0.0000
group_4997	672	4025	5.9896	28	7.8182	14	7.8182
group_16248	297	147	0.4949	1	0.6318	0	0.0000
group_16249	177	198	1.1186	2	2.1202	1	2.1202
group_16250	264	514	1.9470	4	2.8430	2	2.8430
group_863	786	0	0.0000	0	0.0000	0	0.0000
group_16251	204	769	3.7696	6	5.5187	3	5.5187
group_16278	324	556	1.7160	4	2.3165	2	2.3165
group_16253	309	0	0.0000	0	0.0000	0	0.0000
group_16286	213	0	0.0000	0	0.0000	0	0.0000
group_16287	108	0	0.0000	0	0.0000	0	0.0000
group_16288	111	0	0.0000	0	0.0000	0	0.0000
group_16289	2004	0	0.0000	0	0.0000	0	0.0000
group_16290	144	214	1.4861	2	2.6061	1	2.6061
group_16291	726	0	0.0000	0	0.0000	0	0.0000
group_10009	891	106961	120.0460	725	152.6783	362	152.4677
group_2267	111	0	0.0000	0	0.0000	0	0.0000
group_16292	252	281	1.1151	2	1.4892	1	1.4892
group_16293	357	0	0.0000	0	0.0000	0	0.0000
group_16295	2352	600	0.2551	4	0.3191	2	0.3191
group_16297	810	0	0.0000	0	0.0000	0	0.0000
group_16294	378	151	0.3995	1	0.4964	0	0.0000
group_16296	375	0	0.0000	0	0.0000	0	0.0000
group_15553	1635	2384	1.4581	16	1.8362	8	1.8362
group_2071	117	0	0.0000	0	0.0000	0	0.0000
group_16298	273	0	0.0000	0	0.0000	0	0.0000
group_4525	417	302	0.7242	2	0.8999	1	0.8999
group_11429	174	0	0.0000	0	0.0000	0	0.0000
group_2268	111	0	0.0000	0	0.0000	0	0.0000
group_8240	204	0	0.0000	0	0.0000	0	0.0000
group_4455	243	0	0.0000	0	0.0000	0	0.0000
group_4242	423	0	0.0000	0	0.0000	0	0.0000
group_13570	516	110313	213.7849	731	265.8181	365	265.4545
group_5774	228	0	0.0000	0	0.0000	0	0.0000
group_16299	288	0	0.0000	0	0.0000	0	0.0000
group_853	492	0	0.0000	0	0.0000	0	0.0000
group_11432	174	809	4.6494	8	8.6270	4	8.6270
group_2076	117	0	0.0000	0	0.0000	0	0.0000
group_2164	474	606	1.2785	4	1.5834	2	1.5834
group_3016	264	1895	7.1780	13	9.2397	6	8.5289
group_1149	783	3928	5.0166	27	6.4702	13	6.2306
group_6085	225	5583	24.8133	38	31.6897	19	31.6897
group_3514	260	604	2.3231	4	2.8867	2	2.8867
group_7551	210	0	0.0000	0	0.0000	0	0.0000
group_4093	249	0	0.0000	0	0.0000	0	0.0000
group_4096	249	626	2.5141	6	4.5214	3	4.5214
group_7640	366	376	1.0273	3	1.5380	1	1.0253
group_5161	1020	1359	1.3324	9	1.6556	4	1.4717
group_2850	1149	1057	0.9199	7	1.1431	3	0.9798
group_4194	1071	906	0.8459	6	1.0512	3	1.0512
group_6320	981	0	0.0000	0	0.0000	0	0.0000
group_2436	273	0	0.0000	0	0.0000	0	0.0000
group_3333	2418	17378	7.1869	87	6.7512	43	6.6736
group_6523	384	197	0.5130	2	0.9773	1	0.9773
group_16300	1665	13669	8.2096	91	10.2552	45	10.1425
group_16301	225	0	0.0000	0	0.0000	0	0.0000
group_4526	417	16710	40.0719	111	49.9464	55	49.4964
group_12079	846	0	0.0000	0	0.0000	0	0.0000
group_2557	99	0	0.0000	0	0.0000	0	0.0000
group_14368	504	5103	10.1250	37	13.7749	18	13.4026
group_16303	1935	0	0.0000	0	0.0000	0	0.0000
group_16304	813	151	0.1857	1	0.2308	0	0.0000
group_16307	372	151	0.4059	1	0.5044	0	0.0000
group_16308	387	151	0.3902	1	0.4848	0	0.0000
group_16302	402	151	0.3756	1	0.4668	0	0.0000
group_16306	468	0	0.0000	0	0.0000	0	0.0000
group_16309	240	2958	12.3250	20	15.6364	10	15.6364
group_16310	171	461	2.6959	4	4.3892	2	4.3892
group_6088	225	494	2.1956	4	3.3358	2	3.3358
group_3017	264	729	2.7614	5	3.5537	2	2.8430
group_10923	180	0	0.0000	0	0.0000	0	0.0000
group_9957	189	259	1.3704	2	1.9856	1	1.9856
group_1723	123	0	0.0000	0	0.0000	0	0.0000
group_2074	117	0	0.0000	0	0.0000	0	0.0000
group_4095	249	910	3.6546	7	5.2749	3	4.5214
group_14337	801	0	0.0000	0	0.0000	0	0.0000
group_16311	693	0	0.0000	0	0.0000	0	0.0000
group_2165	474	190	0.4008	2	0.7917	1	0.7917
group_5850	651	755	1.1598	5	1.4411	2	1.1529
group_7281	618	151	0.2443	1	0.3036	0	0.0000
group_16312	153	0	0.0000	0	0.0000	0	0.0000
group_4097	249	198	0.7952	2	1.5071	1	1.5071
group_1094	129	0	0.0000	0	0.0000	0	0.0000
group_11434	174	54	0.3103	2	2.1567	1	2.1567
group_16313	225	0	0.0000	0	0.0000	0	0.0000
queC	717	12580	17.5453	84	21.9825	42	21.9825
group_13039	156	0	0.0000	0	0.0000	0	0.0000
group_7040	957	0	0.0000	0	0.0000	0	0.0000
group_1151	783	0	0.0000	0	0.0000	0	0.0000
group_10016	891	0	0.0000	0	0.0000	0	0.0000
group_2206	1185	0	0.0000	0	0.0000	0	0.0000
group_8891	1503	0	0.0000	0	0.0000	0	0.0000
group_8250	1530	0	0.0000	0	0.0000	0	0.0000
group_9260	585	0	0.0000	0	0.0000	0	0.0000
group_12754	159	0	0.0000	0	0.0000	0	0.0000
group_16314	183	395	2.1585	4	4.1013	2	4.1013
group_16315	177	7689	43.4407	58	61.4853	29	61.4854
group_11941	849	0	0.0000	0	0.0000	0	0.0000
group_1007	504	0	0.0000	0	0.0000	0	0.0000
group_16316	249	0	0.0000	0	0.0000	0	0.0000
group_16317	381	586	1.5381	4	1.9699	2	1.9699
group_16318	282	0	0.0000	0	0.0000	0	0.0000
group_16319	102	0	0.0000	0	0.0000	0	0.0000
group_4461	243	0	0.0000	0	0.0000	0	0.0000
group_16320	243	0	0.0000	0	0.0000	0	0.0000
group_16321	684	1109	1.6213	8	2.1946	4	2.1946
group_16322	168	240	1.4286	2	2.2338	1	2.2338
group_16323	195	88	0.4513	2	1.9245	1	1.9245
group_16324	150	0	0.0000	0	0.0000	0	0.0000
group_16325	264	169	0.6402	2	1.4215	1	1.4215
group_16326	216	0	0.0000	0	0.0000	0	0.0000
group_2558	99	178	1.7980	2	3.7906	1	3.7906
group_9961	189	0	0.0000	0	0.0000	0	0.0000
group_16327	147	0	0.0000	0	0.0000	0	0.0000
group_16328	219	5294	24.1735	41	35.1283	20	34.2715
group_16329	255	0	0.0000	0	0.0000	0	0.0000
group_6664	219	0	0.0000	0	0.0000	0	0.0000
group_16330	1419	61645	43.4426	419	55.4049	209	55.2727
group_16331	264	0	0.0000	0	0.0000	0	0.0000
group_16332	102	0	0.0000	0	0.0000	0	0.0000
group_16333	93	0	0.0000	0	0.0000	0	0.0000
group_16335	204	108	0.5294	2	1.8396	1	1.8396
group_16334	945	0	0.0000	0	0.0000	0	0.0000
group_12753	159	142	0.8931	1	1.1801	0	0.0000
group_2050	477	605	1.2683	5	1.9668	2	1.5735
group_5226	234	0	0.0000	0	0.0000	0	0.0000
group_16336	96	0	0.0000	0	0.0000	0	0.0000
group_5475	231	0	0.0000	0	0.0000	0	0.0000
group_16337	174	0	0.0000	0	0.0000	0	0.0000
group_16338	264	151	0.5720	1	0.7107	0	0.0000
group_3023	453	0	0.0000	0	0.0000	0	0.0000
group_8939	198	0	0.0000	0	0.0000	0	0.0000
group_5409	402	0	0.0000	0	0.0000	0	0.0000
group_7134	621	2381	3.8341	16	4.8344	8	4.8344
group_12252	165	0	0.0000	0	0.0000	0	0.0000
group_5958	1752	0	0.0000	0	0.0000	0	0.0000
group_6703	969	1503	1.5511	11	2.1300	5	1.9364
group_16339	408	453	1.1103	3	1.3797	1	0.9198
group_16340	174	404	2.3218	4	4.3135	2	4.3135
group_16342	423	4707	11.1277	34	15.0819	17	15.0819
group_16344	189	0	0.0000	0	0.0000	0	0.0000
group_16343	414	0	0.0000	0	0.0000	0	0.0000
group_16346	834	0	0.0000	0	0.0000	0	0.0000
group_16345	1134	0	0.0000	0	0.0000	0	0.0000
group_13819	810	7229	8.9247	50	11.5825	25	11.5825
group_16347	906	5347	5.9018	37	7.6629	18	7.4557
group_16349	1203	0	0.0000	0	0.0000	0	0.0000
group_16350	180	0	0.0000	0	0.0000	0	0.0000
group_16351	165	0	0.0000	0	0.0000	0	0.0000
group_1545	1203	0	0.0000	0	0.0000	0	0.0000
group_16352	216	0	0.0000	0	0.0000	0	0.0000
group_4709	240	0	0.0000	0	0.0000	0	0.0000
group_16353	144	0	0.0000	0	0.0000	0	0.0000
group_16354	153	0	0.0000	0	0.0000	0	0.0000
group_16355	300	582	1.9400	4	2.5018	2	2.5018
group_5217	405	0	0.0000	0	0.0000	0	0.0000
group_2167	474	0	0.0000	0	0.0000	0	0.0000
group_16356	135	0	0.0000	0	0.0000	0	0.0000
group_16357	528	0	0.0000	0	0.0000	0	0.0000
group_16358	166	194	1.1687	2	2.2607	1	2.2607
group_16359	144	1372	9.5278	12	15.6364	6	15.6364
group_16360	210	0	0.0000	0	0.0000	0	0.0000
group_16361	321	0	0.0000	0	0.0000	0	0.0000
group_16362	648	27643	42.6590	194	56.1751	97	56.1751
group_13042	156	0	0.0000	0	0.0000	0	0.0000
group_16363	402	528	1.3134	5	2.3338	2	1.8670
group_16364	357	151	0.4230	1	0.5256	0	0.0000
group_16365	210	0	0.0000	0	0.0000	0	0.0000
group_16366	1137	81687	71.8443	548	90.4351	274	90.4351
group_7698	939	22575	24.0415	153	30.5733	76	30.3735
group_16367	189	0	0.0000	0	0.0000	0	0.0000
group_16368	390	5243	13.4436	37	17.8014	18	17.3203
group_16369	288	150	0.5208	1	0.6515	0	0.0000
group_16370	303	0	0.0000	0	0.0000	0	0.0000
group_16371	261	997	3.8199	8	5.7513	4	5.7513
group_16372	207	0	0.0000	0	0.0000	0	0.0000
group_7562	210	0	0.0000	0	0.0000	0	0.0000
group_16373	243	0	0.0000	0	0.0000	0	0.0000
group_16374	234	0	0.0000	0	0.0000	0	0.0000
group_16375	1095	0	0.0000	0	0.0000	0	0.0000
group_16376	144	582	4.0417	6	7.8182	3	7.8182
group_16378	357	0	0.0000	0	0.0000	0	0.0000
group_16377	1356	0	0.0000	0	0.0000	0	0.0000
group_16379	918	4710	5.1307	32	6.5407	16	6.5407
group_2271	276	608	2.2029	4	2.7194	2	2.7194
group_16380	132	254	1.9242	2	2.8430	1	2.8430
group_16381	642	0	0.0000	0	0.0000	0	0.0000
group_16382	774	0	0.0000	0	0.0000	0	0.0000
group_16383	276	695	2.5181	5	3.3992	2	2.7194
group_16384	144	236	1.6389	2	2.6061	1	2.6061
group_5000	408	0	0.0000	0	0.0000	0	0.0000
group_2069	279	0	0.0000	0	0.0000	0	0.0000
group_16385	150	0	0.0000	0	0.0000	0	0.0000
group_16386	168	0	0.0000	0	0.0000	0	0.0000
group_12758	159	226	1.4214	2	2.3602	1	2.3602
group_16387	189	0	0.0000	0	0.0000	0	0.0000
group_16388	198	1046	5.2828	10	9.4766	5	9.4766
group_16389	201	813	4.0448	6	5.6011	3	5.6011
group_16392	459	1501	3.2702	11	4.4967	5	4.0879
group_16393	249	0	0.0000	0	0.0000	0	0.0000
group_9312	195	0	0.0000	0	0.0000	0	0.0000
group_4906	1926	0	0.0000	0	0.0000	0	0.0000
group_13336	819	0	0.0000	0	0.0000	0	0.0000
group_8403	924	0	0.0000	0	0.0000	0	0.0000
group_4907	1926	0	0.0000	0	0.0000	0	0.0000
group_7136	621	223	0.3591	2	0.6043	1	0.6043
group_3561	1110	151	0.1360	1	0.1690	0	0.0000
group_12523	162	0	0.0000	0	0.0000	0	0.0000
group_8949	198	0	0.0000	0	0.0000	0	0.0000
group_13290	153	0	0.0000	0	0.0000	0	0.0000
group_3024	264	151	0.5720	1	0.7107	0	0.0000
group_4530	417	745	1.7866	6	2.6998	3	2.6998
group_6954	1635	3907	2.3896	26	2.9838	13	2.9838
group_3901	2217	4213	1.9003	28	2.3698	14	2.3698
group_2570	2865	4682	1.6342	31	2.0303	15	1.9648
group_7441	1587	2598	1.6371	18	2.1282	9	2.1282
group_6636	633	0	0.0000	0	0.0000	0	0.0000
group_2618	96	0	0.0000	0	0.0000	0	0.0000
group_12555	1320	0	0.0000	0	0.0000	0	0.0000
group_4714	240	2029	8.4542	14	10.9455	7	10.9455
group_6224	984	0	0.0000	0	0.0000	0	0.0000
group_16394	231	987	4.2727	7	5.6859	3	4.8737
group_14375	504	42185	83.7004	283	105.3593	141	104.9870
group_6354	222	1277	5.7523	9	7.6069	4	6.7617
group_9314	195	1361	6.9795	15	14.4336	7	13.4713
group_13046	157	2691	17.1401	24	28.6833	12	28.6833
group_4214	696	0	0.0000	0	0.0000	0	0.0000
group_2173	114	0	0.0000	0	0.0000	0	0.0000
group_1420	126	680	5.3968	6	8.9351	3	8.9351
group_3447	444	1436	3.2342	10	4.2260	5	4.2260
group_2604	753	17959	23.8499	126	31.3973	63	31.3973
group_2301	471	5405	11.4756	38	15.1384	19	15.1384
group_9839	894	8061	9.0168	56	11.7535	28	11.7535
group_6363	387	3582	9.2558	26	12.6061	13	12.6061
group_422	135	0	0.0000	0	0.0000	0	0.0000
group_8571	201	0	0.0000	0	0.0000	0	0.0000
group_4102	249	230	0.9237	2	1.5071	1	1.5071
group_10807	333	302	0.9069	2	1.1269	1	1.1269
group_2560	465	20049	43.1161	141	56.8962	70	56.4927
group_16395	141	106	0.7518	2	2.6615	1	2.6615
group_13294	303	4474	14.7657	32	19.8164	16	19.8164
group_11319	864	0	0.0000	0	0.0000	0	0.0000
group_7949	933	0	0.0000	0	0.0000	0	0.0000
group_4716	240	0	0.0000	0	0.0000	0	0.0000
group_9650	192	0	0.0000	0	0.0000	0	0.0000
group_2174	114	0	0.0000	0	0.0000	0	0.0000
group_214	291	0	0.0000	0	0.0000	0	0.0000
group_11445	175	574	3.2800	5	5.3610	2	4.2888
group_137	138	0	0.0000	0	0.0000	0	0.0000
group_2346	108	0	0.0000	0	0.0000	0	0.0000
group_14377	294	2952	10.0408	21	13.4026	10	12.7644
group_12161	540	12143	22.4870	87	30.2303	43	29.8828
group_16396	219	1168	5.3333	9	7.7111	4	6.8543
group_16406	888	8297	9.3435	56	11.8329	28	11.8329
group_16398	1458	10905	7.4794	74	9.5234	37	9.5234
group_16402	906	6544	7.2230	46	9.5268	23	9.5268
group_16399	903	9995	11.0687	69	14.3377	34	14.1299
group_16400	1161	9629	8.2937	64	10.3434	32	10.3434
group_16401	405	2770	6.8395	20	9.2660	10	9.2660
group_16404	2322	7725	3.3269	50	4.0404	25	4.0404
group_16405	1206	7057	5.8516	47	7.3125	23	7.1569
group_13292	153	141	0.9216	1	1.2264	0	0.0000
group_16407	105	187	1.7810	2	3.5740	1	3.5740
group_16408	123	0	0.0000	0	0.0000	0	0.0000
group_2347	108	0	0.0000	0	0.0000	0	0.0000
group_12764	159	583	3.6667	4	4.7204	2	4.7204
group_10630	183	302	1.6503	2	2.0507	1	2.0507
group_3025	453	3626	8.0044	25	10.3552	12	9.9410
group_6864	378	3727	9.8598	26	12.9062	13	12.9062
group_13614	150	295	1.9667	3	3.7527	1	2.5018
group_11031	330	2475	7.5000	17	9.6661	8	9.0975
group_1755	483	2333	4.8302	16	6.2157	8	6.2157
group_9568	1464	2718	1.8566	18	2.3070	9	2.3070
group_8943	198	583	2.9444	5	4.7383	2	3.7906
group_10124	1434	0	0.0000	0	0.0000	0	0.0000
group_4403	1203	0	0.0000	0	0.0000	0	0.0000
group_14002	807	0	0.0000	0	0.0000	0	0.0000
group_1421	126	0	0.0000	0	0.0000	0	0.0000
group_2170	768	151	0.1966	1	0.2443	0	0.0000
group_5626	1806	0	0.0000	0	0.0000	0	0.0000
group_7582	612	0	0.0000	0	0.0000	0	0.0000
group_3573	720	0	0.0000	0	0.0000	0	0.0000
group_1213	285	1292	4.5333	9	5.9254	4	5.2670
group_4718	240	3859	16.0792	31	24.2364	15	23.4545
group_2640	270	295	1.0926	2	1.3899	1	1.3899
group_9973	189	0	0.0000	0	0.0000	0	0.0000
group_2683	750	0	0.0000	0	0.0000	0	0.0000
group_2561	465	30885	66.4194	215	86.7566	107	86.3531
group_14378	504	9653	19.1528	65	24.1991	32	23.8268
group_10230	339	4464	13.1681	30	16.6050	15	16.6050
group_9264	585	7108	12.1504	51	16.3580	25	16.0373
group_1973	120	236	1.9667	2	3.1273	1	3.1273
group_6940	216	3315	15.3472	25	21.7172	12	20.8485
group_13644	300	1500	5.0000	10	6.2545	5	6.2545
group_5784	228	366	1.6053	4	3.2919	2	3.2919
group_4064	702	0	0.0000	0	0.0000	0	0.0000
group_3562	1110	58894	53.0577	397	67.1096	198	66.9405
group_2601	1164	50961	43.7809	346	55.7751	173	55.7751
group_12258	165	0	0.0000	0	0.0000	0	0.0000
group_12778	831	26232	31.5668	176	39.7401	88	39.7401
group_7874	207	1438	6.9469	11	9.9710	5	9.0646
group_6528	384	1628	4.2396	12	5.8636	6	5.8636
group_10024	1440	0	0.0000	0	0.0000	0	0.0000
group_5877	996	0	0.0000	0	0.0000	0	0.0000
group_4737	1041	0	0.0000	0	0.0000	0	0.0000
group_7564	210	302	1.4381	2	1.7870	1	1.7870
group_5408	1011	7944	7.8576	54	10.0221	27	10.0221
group_2212	1185	7377	6.2253	49	7.7588	24	7.6005
group_7404	615	0	0.0000	0	0.0000	0	0.0000
group_12953	828	0	0.0000	0	0.0000	0	0.0000
group_13647	300	0	0.0000	0	0.0000	0	0.0000
group_5485	660	0	0.0000	0	0.0000	0	0.0000
group_10675	879	0	0.0000	0	0.0000	0	0.0000
group_16409	1341	13140	9.7987	88	12.3132	44	12.3132
group_2982	738	1208	1.6369	8	2.0340	4	2.0340
group_14400	141	0	0.0000	0	0.0000	0	0.0000
group_5319	1854	10938	5.8997	74	7.4893	37	7.4893
group_4743	285	1352	4.7439	10	6.5837	5	6.5837
group_4103	249	1484	5.9598	10	7.5356	5	7.5356
group_2442	273	1383	5.0659	11	7.5604	5	6.8731
group_5787	228	1408	6.1754	10	8.2297	5	8.2297
group_758	132	0	0.0000	0	0.0000	0	0.0000
group_4578	1047	10681	10.2015	72	12.9034	36	12.9034
group_4473	243	2510	10.3292	18	13.8990	9	13.8990
group_13079	525	6347	12.0895	43	15.3683	21	15.0109
group_2421	468	8784	18.7692	60	24.0559	30	24.0559
group_1483	780	4345	5.5705	30	7.2168	15	7.2168
group_426	792	9728	12.2828	68	16.1102	34	16.1102
group_2610	2829	21792	7.7031	147	9.7499	73	9.6836
group_8795	354	8678	24.5141	64	33.9229	32	33.9230
group_14342	1248	0	0.0000	0	0.0000	0	0.0000
group_11424	861	0	0.0000	0	0.0000	0	0.0000
group_4104	249	0	0.0000	0	0.0000	0	0.0000
group_16411	435	6419	14.7563	43	18.5480	21	18.1166
group_16410	669	9166	13.7010	62	17.3893	31	17.3893
group_16412	2034	1214	0.5969	8	0.7380	4	0.7380
group_16413	2211	20668	9.3478	141	11.9660	70	11.8811
group_10636	183	0	0.0000	0	0.0000	0	0.0000
group_16414	2706	23842	8.8108	160	11.0945	80	11.0945
group_16417	222	0	0.0000	0	0.0000	0	0.0000
group_16416	585	9262	15.8325	63	20.2070	31	19.8862
group_16415	231	0	0.0000	0	0.0000	0	0.0000
group_2495	1170	7027	6.0060	48	7.6979	24	7.6979
group_13017	306	3710	12.1242	28	17.1693	14	17.1693
group_16422	279	755	2.7061	5	3.3627	2	2.6901
group_16418	195	683	3.5026	5	4.8112	2	3.8490
group_16419	468	0	0.0000	0	0.0000	0	0.0000
group_16421	243	0	0.0000	0	0.0000	0	0.0000
group_16420	573	0	0.0000	0	0.0000	0	0.0000
group_16423	531	302	0.5687	2	0.7067	1	0.7067
group_15958	321	11437	35.6293	78	45.5939	39	45.5939
group_15957	117	0	0.0000	0	0.0000	0	0.0000
group_13887	147	1761	11.9796	16	20.4230	8	20.4230
group_16425	399	1738	4.3559	12	5.6432	6	5.6432
group_16424	297	1359	4.5758	9	5.6859	4	5.0542
group_16426	465	1941	4.1742	14	5.6493	7	5.6493
group_16427	186	298	1.6022	2	2.0176	1	2.0176
group_16429	312	62834	201.3910	438	263.4125	219	263.4126
group_16430	90	0	0.0000	0	0.0000	0	0.0000
group_16428	141	357	2.5319	3	3.9923	1	2.6615
group_16432	834	36385	43.6271	244	54.8960	122	54.8960
group_16431	453	6338	13.9912	44	18.2252	22	18.2252
group_16433	1101	2230	2.0254	16	2.7268	8	2.7268
group_16434	231	1570	6.7965	13	10.5596	6	9.7473
group_16436	669	1633	2.4410	12	3.3657	6	3.3657
group_16437	1125	2603	2.3138	18	3.0022	9	3.0022
group_6357	222	738	3.3243	5	4.2260	2	3.3808
group_16438	291	1208	4.1512	8	5.1584	4	5.1584
group_16439	330	2461	7.4576	18	10.2347	9	10.2347
group_16440	210	0	0.0000	0	0.0000	0	0.0000
group_9606	345	292	0.8464	2	1.0877	1	1.0877
group_15973	261	4970	19.0421	39	28.0376	19	27.3187
group_16441	408	11446	28.0539	80	36.7914	40	36.7914
group_16442	444	4381	9.8671	35	14.7912	17	14.3685
group_16444	801	0	0.0000	0	0.0000	0	0.0000
group_16443	945	12618	13.3524	86	17.0759	43	17.0759
group_16445	993	12291	12.3776	82	15.4946	41	15.4946
group_16447	156	282	1.8077	3	3.6084	1	2.4056
group_16448	507	7764	15.3136	59	21.8354	29	21.4653
group_16449	363	2553	7.0331	17	8.7874	8	8.2705
group_16450	222	0	0.0000	0	0.0000	0	0.0000
group_16451	168	1226	7.2976	14	15.6364	7	15.6364
group_760	132	0	0.0000	0	0.0000	0	0.0000
group_4105	249	0	0.0000	0	0.0000	0	0.0000
group_16452	225	151	0.6711	1	0.8339	0	0.0000
group_9318	195	297	1.5231	2	1.9245	1	1.9245
group_3935	252	714	2.8333	5	3.7229	2	2.9784
group_16453	429	1089	2.5385	10	4.3738	5	4.3738
group_16454	1635	166558	101.8703	1119	128.4190	559	128.3042
group_16455	606	45105	74.4307	303	93.8182	151	93.5085
group_1974	120	0	0.0000	0	0.0000	0	0.0000
group_16456	390	2952	7.5692	20	9.6224	10	9.6224
group_13296	153	0	0.0000	0	0.0000	0	0.0000
group_12464	312	752	2.4103	5	3.0070	2	2.4056
group_8511	594	2974	5.0067	21	6.6336	10	6.3177
group_16457	216	2949	13.6528	23	19.9798	11	19.1111
group_12336	840	2351	2.7988	16	3.5740	8	3.5740
group_2995	1137	1968	1.7309	13	2.1454	6	1.9803
group_3313	2433	94928	39.0169	640	49.3577	320	49.3577
group_2079	117	0	0.0000	0	0.0000	0	0.0000
group_4449	687	1437	2.0917	10	2.7312	5	2.7312
group_16458	261	11698	44.8199	81	58.2320	40	57.5131
group_12748	531	32974	62.0979	233	82.3338	116	81.9805
group_3342	2415	2114	0.8754	14	1.0877	7	1.0877
group_16459	1077	21938	20.3695	151	26.3074	75	26.1332
group_3910	708	36853	52.0523	261	69.1710	130	68.9060
group_15412	2937	287253	97.8049	1915	122.3437	957	122.2799
group_16460	681	3068	4.5051	21	5.7861	10	5.5106
group_16461	210	166	0.7905	2	1.7870	1	1.7870
group_16463	444	34772	78.3153	249	105.2285	124	104.8059
group_16466	198	4509	22.7727	30	28.4297	15	28.4297
group_16467	609	2940	4.8276	21	6.4702	10	6.1621
group_2350	108	0	0.0000	0	0.0000	0	0.0000
group_16468	519	1208	2.3276	8	2.8923	4	2.8923
group_16469	4242	45302	10.6794	302	13.3584	151	13.3584
group_2741	90	0	0.0000	0	0.0000	0	0.0000
group_13020	306	151	0.4935	1	0.6132	0	0.0000
group_10317	186	0	0.0000	0	0.0000	0	0.0000
group_12769	159	224	1.4088	2	2.3602	1	2.3602
group_12222	315	7915	25.1270	55	32.7619	27	32.1662
group_16470	4320	34946	8.0894	222	9.6424	111	9.6424
group_4963	237	302	1.2743	2	1.5834	1	1.5834
group_13299	153	0	0.0000	0	0.0000	0	0.0000
group_7574	210	559	2.6619	5	4.4675	2	3.5740
group_16471	2301	6448	2.8023	43	3.5065	21	3.4249
group_7881	207	551	2.6618	4	3.6258	2	3.6258
group_16472	321	162	0.5047	2	1.1691	1	1.1691
group_5789	228	0	0.0000	0	0.0000	0	0.0000
group_13053	156	0	0.0000	0	0.0000	0	0.0000
group_6672	219	3292	15.0320	25	21.4197	12	20.5629
group_16473	1857	17217	9.2714	105	10.6095	52	10.5084
group_16474	363	886	2.4408	7	3.6183	3	3.1014
group_2055	477	4053	8.4969	27	10.6209	13	10.2276
group_14998	276	1068	3.8696	9	6.1186	4	5.4387
group_15005	825	3779	4.5806	26	5.9134	13	5.9134
group_14994	792	472	0.5960	4	0.9477	2	0.9477
group_14993	1065	5789	5.4357	39	6.8712	19	6.6950
group_14991	663	2669	4.0256	18	5.0942	9	5.0942
group_143	138	971	7.0362	10	13.5968	5	13.5968
group_9324	195	0	0.0000	0	0.0000	0	0.0000
group_10640	183	7790	42.5683	56	57.4188	28	57.4188
group_11176	177	2618	14.7910	21	22.2619	10	21.2018
group_6674	219	1855	8.4703	13	11.1382	6	10.2814
group_13055	1296	0	0.0000	0	0.0000	0	0.0000
group_4359	420	0	0.0000	0	0.0000	0	0.0000
group_3094	933	124	0.1329	2	0.4022	1	0.4022
group_7443	945	0	0.0000	0	0.0000	0	0.0000
group_6945	216	1506	6.9722	10	8.6869	5	8.6869
group_6946	216	136	0.6296	2	1.7374	1	1.7374
group_6947	216	1337	6.1898	10	8.6869	5	8.6869
group_4534	417	526	1.2614	4	1.7999	2	1.7999
group_2742	90	0	0.0000	0	0.0000	0	0.0000
group_11198	867	14238	16.4221	95	20.5599	47	20.3435
group_14147	144	236	1.6389	2	2.6061	1	2.6061
group_6102	225	454	2.0178	3	2.5018	1	1.6679
group_13300	153	0	0.0000	0	0.0000	0	0.0000
group_2624	96	150	1.5625	2	3.9091	1	3.9091
group_16475	255	0	0.0000	0	0.0000	0	0.0000
group_16476	216	151	0.6991	1	0.8687	0	0.0000
group_16477	336	1307	3.8899	9	5.0260	4	4.4675
group_16478	393	10087	25.6667	68	32.4663	34	32.4663
group_5769	999	579	0.5796	4	0.7513	2	0.7513
group_4475	1053	3672	3.4872	25	4.4548	12	4.2766
group_16479	2130	23179	10.8822	157	13.8305	78	13.7424
group_16480	2037	26576	13.0466	174	16.0278	87	16.0278
group_16481	612	5221	8.5310	37	11.3440	18	11.0374
group_16483	246	64426	261.8943	434	331.0332	217	331.0332
group_16484	7602	370001	48.6715	2486	61.3607	1243	61.3607
group_5531	126	0	0.0000	0	0.0000	0	0.0000
group_16485	153	6970	45.5556	59	72.3565	29	71.1301
group_5489	231	4640	20.0866	35	28.4297	17	27.6175
group_16486	879	63098	71.7838	430	91.7902	215	91.7902
group_4151	1074	11124	10.3575	76	13.2778	38	13.2778
group_16487	96	0	0.0000	0	0.0000	0	0.0000
group_16488	399	8670	21.7293	58	27.2755	29	27.2755
group_16489	162	151	0.9321	2	2.3165	1	2.3165
group_16490	492	2475	5.0305	17	6.4834	8	6.1020
group_433	135	2261	16.7481	24	33.3576	12	33.3576
group_16491	261	0	0.0000	0	0.0000	0	0.0000
group_16493	630	0	0.0000	0	0.0000	0	0.0000
group_16494	546	68088	124.7033	486	167.0169	243	167.0170
group_2699	93	270	2.9032	4	8.0704	2	8.0704
group_10320	186	0	0.0000	0	0.0000	0	0.0000
group_16495	2100	196974	93.7971	1313	117.3174	656	117.2280
group_16497	2031	82735	40.7361	564	52.1058	282	52.1058
group_16496	453	42749	94.3687	292	120.9488	146	120.9488
group_16498	597	58958	98.7571	377	118.4906	188	118.1763
group_16499	1761	44649	25.3543	284	30.2605	142	30.2605
group_16500	1689	119109	70.5204	544	60.4347	272	60.4347
group_16501	366	3075	8.4016	21	10.7660	10	10.2534
group_16502	255	0	0.0000	0	0.0000	0	0.0000
group_16504	1263	188579	149.3104	1253	186.1507	626	186.0021
group_16505	753	16707	22.1873	112	27.9087	56	27.9087
group_16506	861	52942	61.4890	356	77.5825	178	77.5825
group_16507	792	18733	23.6528	139	32.9311	69	32.6942
group_16509	456	0	0.0000	0	0.0000	0	0.0000
group_16508	234	0	0.0000	0	0.0000	0	0.0000
group_16510	318	753	2.3679	5	2.9503	2	2.3602
group_16511	171	0	0.0000	0	0.0000	0	0.0000
group_16512	264	0	0.0000	0	0.0000	0	0.0000
group_16513	1692	939	0.5550	7	0.7763	3	0.6654
group_6988	1629	900	0.5525	6	0.6911	3	0.6911
group_16514	237	252	1.0633	4	3.1669	2	3.1669
group_16515	213	0	0.0000	0	0.0000	0	0.0000
group_16516	1782	1012	0.5679	8	0.8424	4	0.8424
group_1472	486	0	0.0000	0	0.0000	0	0.0000
group_13029	306	1689	5.5196	12	7.3583	6	7.3583
group_4050	1080	2330	2.1574	16	2.7798	8	2.7798
group_16517	99	0	0.0000	0	0.0000	0	0.0000
group_16518	129	0	0.0000	0	0.0000	0	0.0000
group_14149	144	520	3.6111	4	5.2121	2	5.2121
group_16520	258	440	1.7054	4	2.9091	2	2.9091
group_16519	192	0	0.0000	0	0.0000	0	0.0000
group_16521	624	0	0.0000	0	0.0000	0	0.0000
group_7577	210	0	0.0000	0	0.0000	0	0.0000
group_3730	255	0	0.0000	0	0.0000	0	0.0000
group_16522	246	0	0.0000	0	0.0000	0	0.0000
group_4655	414	0	0.0000	0	0.0000	0	0.0000
group_16523	1476	10018	6.7873	68	8.6445	34	8.6445
group_16524	180	957	5.3167	7	7.2970	3	6.2545
group_16525	222	0	0.0000	0	0.0000	0	0.0000
group_16526	291	0	0.0000	0	0.0000	0	0.0000
group_16531	153	0	0.0000	0	0.0000	0	0.0000
group_16528	450	0	0.0000	0	0.0000	0	0.0000
group_16529	513	0	0.0000	0	0.0000	0	0.0000
group_16527	234	0	0.0000	0	0.0000	0	0.0000
group_16530	150	0	0.0000	0	0.0000	0	0.0000
group_16533	1335	0	0.0000	0	0.0000	0	0.0000
group_16532	408	0	0.0000	0	0.0000	0	0.0000
group_2282	276	0	0.0000	0	0.0000	0	0.0000
group_16534	207	7208	34.8213	50	45.3228	25	45.3228
group_16535	1746	0	0.0000	0	0.0000	0	0.0000
group_9906	342	0	0.0000	0	0.0000	0	0.0000
group_2937	291	0	0.0000	0	0.0000	0	0.0000
group_16536	747	0	0.0000	0	0.0000	0	0.0000
group_16537	252	233	0.9246	2	1.4892	1	1.4892
group_16538	633	0	0.0000	0	0.0000	0	0.0000
group_16539	714	0	0.0000	0	0.0000	0	0.0000
group_16540	111	0	0.0000	0	0.0000	0	0.0000
group_16541	429	3247	7.5688	23	10.0598	11	9.6224
group_16542	93	0	0.0000	0	0.0000	0	0.0000
group_16544	207	248	1.1981	2	1.8129	1	1.8129
group_16543	129	0	0.0000	0	0.0000	0	0.0000
group_16545	117	0	0.0000	0	0.0000	0	0.0000
group_16546	1557	3901	2.5055	26	3.1333	13	3.1333
group_16547	192	708	3.6875	6	5.8636	3	5.8636
group_16548	216	3341	15.4676	28	24.3232	14	24.3232
group_6372	387	0	0.0000	0	0.0000	0	0.0000
group_11039	330	0	0.0000	0	0.0000	0	0.0000
group_4432	2046	0	0.0000	0	0.0000	0	0.0000
group_16549	603	0	0.0000	0	0.0000	0	0.0000
group_16550	168	577	3.4345	5	5.5844	2	4.4675
group_16551	264	953	3.6098	8	5.6859	4	5.6859
group_16553	213	0	0.0000	0	0.0000	0	0.0000
group_16552	162	0	0.0000	0	0.0000	0	0.0000
group_16554	132	0	0.0000	0	0.0000	0	0.0000
group_16555	156	390	2.5000	4	4.8112	2	4.8112
group_16556	189	120	0.6349	2	1.9856	1	1.9856
group_16561	1053	0	0.0000	0	0.0000	0	0.0000
group_16560	693	0	0.0000	0	0.0000	0	0.0000
group_16557	438	0	0.0000	0	0.0000	0	0.0000
group_16558	216	0	0.0000	0	0.0000	0	0.0000
group_16562	669	0	0.0000	0	0.0000	0	0.0000
group_16559	810	0	0.0000	0	0.0000	0	0.0000
group_16563	249	0	0.0000	0	0.0000	0	0.0000
group_16564	150	0	0.0000	0	0.0000	0	0.0000
group_16565	207	658	3.1787	6	5.4387	3	5.4387
group_4333	2076	0	0.0000	0	0.0000	0	0.0000
group_16566	300	0	0.0000	0	0.0000	0	0.0000
group_16567	165	151	0.9152	1	1.1372	0	0.0000
group_16568	126	0	0.0000	0	0.0000	0	0.0000
group_16570	552	0	0.0000	0	0.0000	0	0.0000
group_16569	255	0	0.0000	0	0.0000	0	0.0000
group_16571	1095	9020	8.2374	60	10.2814	30	10.2814
group_16572	312	302	0.9679	2	1.2028	1	1.2028
group_16573	153	0	0.0000	0	0.0000	0	0.0000
group_16575	552	1449	2.6250	10	3.3992	5	3.3992
group_16574	579	2954	5.1019	20	6.4814	10	6.4814
group_16576	447	0	0.0000	0	0.0000	0	0.0000
group_16577	849	3985	4.6938	29	6.4092	14	6.1882
group_10316	885	151	0.1706	1	0.2120	0	0.0000
group_6797	966	151	0.1563	1	0.1942	0	0.0000
group_16579	177	151	0.8531	1	1.0601	0	0.0000
group_16580	360	5433	15.0917	36	18.7636	18	18.7636
group_16581	231	8477	36.6970	62	50.3613	31	50.3613
group_16582	693	0	0.0000	0	0.0000	0	0.0000
group_16583	126	0	0.0000	0	0.0000	0	0.0000
group_16584	186	0	0.0000	0	0.0000	0	0.0000
group_3274	2451	0	0.0000	0	0.0000	0	0.0000
group_16585	315	4533	14.3905	29	17.2745	14	16.6788
group_16586	480	7598	15.8292	47	18.3727	23	17.9818
group_16587	573	580	1.0122	4	1.3099	2	1.3099
group_2177	114	228	2.0000	2	3.2919	1	3.2919
group_10605	567	1278	2.2540	9	2.9784	4	2.6474
group_16588	333	755	2.2673	5	2.8174	2	2.2539
group_8206	360	233	0.6472	2	1.0424	1	1.0424
group_16589	1944	89524	46.0514	609	58.7811	304	58.6846
group_16604	93	0	0.0000	0	0.0000	0	0.0000
group_16611	315	1054	3.3460	6	3.5740	3	3.5740
group_16612	261	0	0.0000	0	0.0000	0	0.0000
group_16613	678	3012	4.4425	21	5.8117	10	5.5350
group_16614	279	0	0.0000	0	0.0000	0	0.0000
group_8512	594	0	0.0000	0	0.0000	0	0.0000
group_3034	453	151	0.3333	1	0.4142	0	0.0000
group_3191	450	2471	5.4911	17	7.0885	8	6.6715
group_16615	519	0	0.0000	0	0.0000	0	0.0000
group_16616	339	0	0.0000	0	0.0000	0	0.0000
group_16618	579	0	0.0000	0	0.0000	0	0.0000
group_16617	1455	0	0.0000	0	0.0000	0	0.0000
group_16619	105	0	0.0000	0	0.0000	0	0.0000
group_16620	942	0	0.0000	0	0.0000	0	0.0000
group_16621	714	0	0.0000	0	0.0000	0	0.0000
group_268	498	4084	8.2008	31	11.6802	15	11.3034
group_3746	714	4076	5.7087	28	7.3583	14	7.3583
group_12478	837	6409	7.6571	44	9.8638	22	9.8638
group_5369	663	3775	5.6938	25	7.0753	12	6.7923
group_6277	642	5580	8.6916	38	11.1062	19	11.1062
group_6711	969	0	0.0000	0	0.0000	0	0.0000
group_7829	606	151	0.2492	1	0.3096	0	0.0000
group_9280	585	0	0.0000	0	0.0000	0	0.0000
group_13768	513	0	0.0000	0	0.0000	0	0.0000
group_6377	387	0	0.0000	0	0.0000	0	0.0000
group_12091	846	0	0.0000	0	0.0000	0	0.0000
group_7264	372	0	0.0000	0	0.0000	0	0.0000
group_11255	327	4582	14.0122	32	18.3620	16	18.3620
group_8584	201	2281	11.3483	17	15.8697	8	14.9362
group_1747	123	0	0.0000	0	0.0000	0	0.0000
group_16622	126	822	6.5238	8	11.9134	4	11.9134
group_11458	174	774	4.4483	7	7.5486	3	6.4702
group_8586	201	1400	6.9652	10	9.3351	5	9.3351
group_11459	174	604	3.4713	4	4.3135	2	4.3135
group_2082	117	175	1.4957	2	3.2075	1	3.2075
group_14413	141	1432	10.1560	13	17.2998	6	15.9690
group_10243	339	4791	14.1327	34	18.8190	17	18.8190
group_4531	543	0	0.0000	0	0.0000	0	0.0000
group_3816	3819	0	0.0000	0	0.0000	0	0.0000
group_11019	561	34972	62.3387	235	78.5999	117	78.2654
group_16623	693	5195	7.4964	21	5.6859	10	5.4152
group_16624	576	12400	21.5278	90	29.3182	45	29.3182
group_16625	276	2172	7.8696	15	10.1976	7	9.5178
group_16626	1914	45160	23.5946	298	29.2140	149	29.2140
group_12768	309	6929	22.4239	49	29.7546	24	29.1474
group_5794	228	1455	6.3816	11	9.0526	5	8.2297
group_16627	252	586	2.3254	4	2.9784	2	2.9784
group_16628	123	563	4.5772	6	9.1530	3	9.1530
group_6368	222	1980	8.9189	14	11.8329	7	11.8329
group_5238	234	3540	15.1282	27	21.6503	13	20.8485
group_5795	228	2260	9.9123	18	14.8134	9	14.8134
group_4725	240	5237	21.8208	42	32.8364	21	32.8364
group_7284	213	1745	8.1925	12	10.5711	6	10.5711
group_2273	111	0	0.0000	0	0.0000	0	0.0000
group_16629	213	841	3.9484	8	7.0474	4	7.0474
group_5672	1002	151	0.1507	1	0.1873	0	0.0000
group_9281	585	1795	3.0684	12	3.8489	6	3.8490
group_5498	231	1854	8.0260	14	11.3719	7	11.3719
group_16630	168	658	3.9167	10	11.1688	5	11.1688
group_16631	225	152	0.6756	2	1.6679	1	1.6679
group_16632	294	7404	25.1837	56	35.7402	28	35.7403
group_2626	96	140	1.4583	2	3.9091	1	3.9091
group_2744	90	457	5.0778	6	12.5091	3	12.5091
group_5497	231	3115	13.4848	23	18.6824	11	17.8701
group_16633	147	332	2.2585	3	3.8293	1	2.5529
group_13624	150	2922	19.4800	29	36.2764	14	35.0254
group_2627	96	0	0.0000	0	0.0000	0	0.0000
group_10651	183	1197	6.5410	8	8.2027	4	8.2027
group_1121	129	721	5.5891	8	11.6364	4	11.6364
group_12534	162	1129	6.9691	9	10.4242	4	9.2660
group_16634	180	3566	19.8111	32	33.3576	16	33.3576
group_12342	840	12704	15.1238	87	19.4338	43	19.2104
group_8227	600	12285	20.4750	85	26.5818	42	26.2691
group_2606	1164	21216	18.2268	141	22.7291	70	22.5679
group_6146	645	13775	21.3566	94	27.3454	47	27.3455
group_14513	1242	29405	23.6755	204	30.8195	102	30.8195
group_3510	723	15044	20.8077	105	27.2501	52	26.9906
group_14152	507	7075	13.9546	50	18.5046	25	18.5046
group_16635	258	302	1.1705	2	1.4545	1	1.4545
group_2628	96	0	0.0000	0	0.0000	0	0.0000
group_2083	117	182	1.5556	2	3.2075	1	3.2075
group_6111	225	2037	9.0533	14	11.6751	7	11.6751
group_11083	870	0	0.0000	0	0.0000	0	0.0000
group_12220	843	118429	140.4852	806	179.4008	403	179.4008
group_6113	225	151	0.6711	1	0.8339	0	0.0000
group_16636	129	471	3.6512	5	7.2727	2	5.8182
group_11666	549	12483	22.7377	86	29.3929	43	29.3929
group_12266	165	1381	8.3697	10	11.3719	5	11.3719
group_13315	303	3225	10.6436	30	18.5779	15	18.5779
group_8082	1539	47330	30.7537	325	39.6243	162	39.5024
group_3326	729	14175	19.4444	97	24.9667	48	24.7093
group_7265	372	4690	12.6075	33	16.6452	16	16.1408
group_16641	1254	91613	73.0566	626	93.6685	313	93.6685
group_16638	132	6109	46.2803	63	89.5537	31	88.1322
group_16637	1596	223865	140.2663	1507	177.1729	753	177.0553
group_16639	600	72310	120.5167	495	154.8000	247	154.4873
group_16640	237	2156	9.0970	17	13.4591	8	12.6674
group_149	138	349	2.5290	4	5.4387	2	5.4387
group_16643	267	1450	5.4307	12	8.4331	6	8.4331
group_2084	117	376	3.2137	4	6.4149	2	6.4149
group_24	798	63795	79.9436	427	100.4019	213	100.1668
group_150	138	0	0.0000	0	0.0000	0	0.0000
group_6232	984	1314	1.3354	8	1.5255	4	1.5255
group_9112	351	0	0.0000	0	0.0000	0	0.0000
group_12233	315	5810	18.4444	45	26.8052	22	26.2095
group_16644	123	166	1.3496	2	3.0510	1	3.0510
group_10944	180	1614	8.9667	12	12.5091	6	12.5091
group_437	135	649	4.8074	6	8.3394	3	8.3394
group_16645	1089	1447	1.3287	10	1.7230	5	1.7230
group_16646	300	151	0.5033	1	0.6255	0	0.0000
group_16647	261	604	2.3142	4	2.8757	2	2.8757
group_16648	126	0	0.0000	0	0.0000	0	0.0000
group_7903	363	16236	44.7273	112	57.8933	56	57.8933
group_11501	324	37116	114.5556	258	149.4141	129	149.4141
group_16653	2205	35328	16.0218	239	20.3379	119	20.2528
group_16652	375	10231	27.2827	72	36.0262	36	36.0262
group_16650	327	7149	21.8624	51	29.2644	25	28.6906
group_16651	255	4253	16.6784	32	23.5465	16	23.5465
group_16649	393	8524	21.6896	60	28.6468	30	28.6468
group_13841	1266	20006	15.8025	136	20.1568	68	20.1568
group_16654	129	264	2.0465	4	5.8182	2	5.8182
group_16655	279	1064	3.8136	8	5.3803	4	5.3803
group_16656	240	453	1.8875	3	2.3455	1	1.5636
group_11814	852	2625	3.0810	20	4.4046	10	4.4046
group_16658	1098	62626	57.0364	418	71.4317	209	71.4317
group_16657	405	0	0.0000	0	0.0000	0	0.0000
group_5491	660	855	1.2955	6	1.7058	3	1.7058
group_6114	225	832	3.6978	6	5.0036	3	5.0036
group_4264	246	1074	4.3659	8	6.1020	4	6.1020
group_16659	1083	5995	5.5355	43	7.4500	21	7.2768
group_5500	231	151	0.6537	1	0.8123	0	0.0000
group_4363	420	1596	3.8000	11	4.9143	5	4.4675
group_12537	162	196	1.2099	2	2.3165	1	2.3165
group_16660	186	302	1.6237	2	2.0176	1	2.0176
group_2085	117	0	0.0000	0	0.0000	0	0.0000
group_16661	246	2847	11.5732	21	16.0177	10	15.2550
group_16662	264	1285	4.8674	9	6.3967	4	5.6859
group_4670	1986	906	0.4562	6	0.5669	3	0.5669
group_16663	921	4540	4.9294	31	6.3157	15	6.1119
group_16666	366	926	2.5301	7	3.5887	3	3.0760
group_16667	3192	29460	9.2293	206	12.1094	103	12.1094
group_16668	894	435990	487.6846	3033	636.5782	1516	636.3684
group_16669	882	74805	84.8129	499	106.1570	249	105.9443
group_2077	771	0	0.0000	0	0.0000	0	0.0000
group_9358	348	1788	5.1379	13	7.0094	6	6.4702
group_16672	615	17812	28.9626	124	37.8324	62	37.8324
group_6189	390	302	0.7744	2	0.9622	1	0.9622
group_6115	226	430	1.9027	4	3.3210	2	3.3210
group_12535	162	492	3.0370	6	6.9495	3	6.9495
group_1251	285	3841	13.4772	26	17.1177	13	17.1177
group_4536	417	0	0.0000	0	0.0000	0	0.0000
group_10946	180	301	1.6722	2	2.0848	1	2.0848
group_9736	288	2806	9.7431	21	13.6818	10	13.0303
group_12230	315	388	1.2317	3	1.7870	1	1.1913
group_1146	489	1049	2.1452	8	3.0697	4	3.0697
group_11185	177	0	0.0000	0	0.0000	0	0.0000
group_12541	162	316	1.9506	3	3.4747	1	2.3165
group_13310	153	0	0.0000	0	0.0000	0	0.0000
group_11502	324	5414	16.7099	39	22.5859	19	22.0067
group_3304	1125	302	0.2684	2	0.3336	1	0.3336
group_14161	144	0	0.0000	0	0.0000	0	0.0000
group_1754	123	0	0.0000	0	0.0000	0	0.0000
group_16675	648	302	0.4660	2	0.5791	1	0.5791
group_2651	270	147	0.5444	1	0.6949	0	0.0000
group_16678	372	17973	48.3145	126	63.5542	63	63.5542
group_13318	303	302	0.9967	2	1.2385	1	1.2385
group_5634	1803	3607	2.0006	24	2.4977	12	2.4977
group_7414	615	1589	2.5837	11	3.3561	5	3.0510
group_4204	2118	133267	62.9212	886	78.4919	443	78.4919
group_13133	1293	40758	31.5220	272	39.4718	136	39.4718
group_9329	195	0	0.0000	0	0.0000	0	0.0000
group_4731	240	2287	9.5292	21	16.4182	10	15.6364
group_442	135	0	0.0000	0	0.0000	0	0.0000
group_6119	225	151	0.6711	1	0.8339	0	0.0000
group_13897	147	147	1.0000	1	1.2764	0	0.0000
group_13754	1269	4875	3.8416	34	5.0273	17	5.0273
group_2787	747	3968	5.3119	27	6.7820	13	6.5308
group_4152	699	3147	4.5021	21	5.6371	10	5.3687
group_8423	924	5778	6.2532	39	7.9197	19	7.7166
group_8259	927	1282	1.3830	9	1.8217	4	1.6193
group_3001	1137	0	0.0000	0	0.0000	0	0.0000
group_2451	273	2756	10.0952	22	15.1209	11	15.1209
group_14420	141	142	1.0071	2	2.6615	1	2.6615
group_8966	198	0	0.0000	0	0.0000	0	0.0000
group_16681	984	0	0.0000	0	0.0000	0	0.0000
group_1445	126	0	0.0000	0	0.0000	0	0.0000
group_6701	381	562	1.4751	4	1.9699	2	1.9699
group_7584	210	386	1.8381	6	5.3610	3	5.3610
group_7906	363	2788	7.6804	20	10.3381	10	10.3381
group_1176	783	1418	1.8110	10	2.3964	5	2.3964
group_5317	1014	1312	1.2939	9	1.6654	4	1.4804
group_3042	453	996	2.1987	7	2.8995	3	2.4852
group_5744	654	1359	2.0780	9	2.5822	4	2.2952
asnB	1920	4626	2.4094	31	3.0295	15	2.9318
group_11756	321	446	1.3894	3	1.7536	1	1.1691
group_4802	285	315	1.1053	3	1.9751	1	1.3167
nthA	633	1057	1.6698	7	2.0750	3	1.7785
group_2953	1140	3624	3.1789	24	3.9502	12	3.9502
group_3125	933	2365	2.5348	16	3.2178	8	3.2178
group_6826	1647	3521	2.1378	24	2.7342	12	2.7342
group_12031	1341	2940	2.1924	20	2.7985	10	2.7985
group_4959	1917	3926	2.0480	26	2.5449	13	2.5449
nadB	1716	4626	2.6958	31	3.3897	15	3.2804
group_16692	489	687	1.4049	5	1.9186	2	1.5349
group_16687	699	1904	2.7239	13	3.4897	6	3.2212
group_16693	462	884	1.9134	6	2.4368	3	2.4368
group_16698	687	2891	4.2082	20	5.4625	10	5.4625
group_16689	180	275	1.5278	2	2.0848	1	2.0848
group_16694	1398	2109	1.5086	14	1.8790	7	1.8790
group_16697	747	2716	3.6359	19	4.7725	9	4.5214
group_16690	885	2334	2.6373	16	3.3923	8	3.3923
group_16695	1116	2265	2.0296	15	2.5220	7	2.3539
group_16686	1122	1296	1.1551	9	1.5051	4	1.3379
group_16701	765	151	0.1974	1	0.2453	0	0.0000
group_16702	1218	0	0.0000	0	0.0000	0	0.0000
group_1485	486	18443	37.9486	136	52.5073	68	52.5073
group_11188	177	302	1.7062	2	2.1202	1	2.1202
group_2352	108	188	1.7407	2	3.4747	1	3.4747
group_16704	2217	0	0.0000	0	0.0000	0	0.0000
group_16705	330	0	0.0000	0	0.0000	0	0.0000
ycf19	288	302	1.0486	2	1.3030	1	1.3030
group_14829	516	18908	36.6434	127	46.1818	63	45.8182
group_12125	1338	297	0.2220	2	0.2805	1	0.2805
group_2653	270	3516	13.0222	25	17.3737	12	16.6788
group_16706	813	308	0.3788	2	0.4616	1	0.4616
group_13499	816	979	1.1998	7	1.6096	3	1.3797
group_16708	1239	0	0.0000	0	0.0000	0	0.0000
group_16707	1122	302	0.2692	2	0.3345	1	0.3345
group_16710	582	1359	2.3351	9	2.9016	4	2.5792
group_16709	882	1949	2.2098	13	2.7656	6	2.5529
group_153	138	0	0.0000	0	0.0000	0	0.0000
group_8756	591	0	0.0000	0	0.0000	0	0.0000
group_11191	177	0	0.0000	0	0.0000	0	0.0000
group_16711	414	682	1.6473	5	2.2661	2	1.8129
group_16712	765	302	0.3948	2	0.4906	1	0.4906
group_16713	675	5489	8.1319	39	10.8412	19	10.5632
group_1971	480	529	1.1021	4	1.5636	2	1.5636
group_8385	597	587	0.9832	4	1.2572	2	1.2572
group_3669	786	1474	1.8753	10	2.3872	5	2.3872
group_28	798	525	0.6579	4	0.9405	2	0.9405
group_13314	153	0	0.0000	0	0.0000	0	0.0000
group_16714	597	680	1.1390	5	1.5715	2	1.2572
group_3335	447	574	1.2841	4	1.6791	2	1.6791
group_3943	252	0	0.0000	0	0.0000	0	0.0000
group_16715	1755	2563	1.4604	17	1.8176	8	1.7106
group_16716	96	138	1.4375	2	3.9091	1	3.9091
group_12012	168	500	2.9762	4	4.4675	2	4.4675
group_16717	393	563	1.4326	5	2.3872	2	1.9098
group_2363	762	43403	56.9593	297	73.1338	148	72.8876
group_967	1215	52937	43.5695	361	55.7504	180	55.5960
group_13900	147	0	0.0000	0	0.0000	0	0.0000
group_12783	159	0	0.0000	0	0.0000	0	0.0000
group_8234	600	0	0.0000	0	0.0000	0	0.0000
group_4732	594	0	0.0000	0	0.0000	0	0.0000
group_16719	153	130	0.8497	1	1.2264	0	0.0000
group_16718	255	1445	5.6667	10	7.3583	5	7.3583
group_16721	801	15561	19.4270	108	25.2993	54	25.2993
group_16722	960	4994	5.2021	33	6.4500	16	6.2545
group_3137	1131	0	0.0000	0	0.0000	0	0.0000
group_5504	231	151	0.6537	1	0.8123	0	0.0000
group_12793	1308	604	0.4618	4	0.5738	2	0.5738
group_16723	1317	4396	3.3379	30	4.2742	15	4.2742
group_16724	1077	151	0.1402	1	0.1742	0	0.0000
group_16725	492	1057	2.1484	7	2.6696	3	2.2882
group_16728	591	88226	149.2826	597	189.5412	298	189.2238
group_16726	111	111	1.0000	1	1.6904	0	0.0000
group_16729	1224	8596	7.0229	69	10.5775	34	10.4242
group_1979	120	0	0.0000	0	0.0000	0	0.0000
group_1980	120	2721	22.6750	28	43.7818	14	43.7818
group_8425	924	2875	3.1115	17	3.4522	8	3.2491
group_1278	3864	17030	4.4073	113	5.4873	56	5.4387
group_10818	333	906	2.7207	6	3.3808	3	3.3808
group_16730	201	1055	5.2488	8	7.4681	4	7.4681
group_16731	1065	115718	108.6554	779	137.2476	389	137.0714
group_323	291	3162	10.8660	21	13.5408	10	12.8960
group_16732	126	0	0.0000	0	0.0000	0	0.0000
group_16734	216	903	4.1806	6	5.2121	3	5.2121
group_16733	1035	2374	2.2937	16	2.9007	8	2.9007
group_16736	1185	1242	1.0481	9	1.4251	4	1.2667
group_15415	1032	124147	120.2975	845	153.6363	422	153.4545
group_4463	687	1126	1.6390	9	2.4581	4	2.1850
group_16737	1146	36936	32.2304	251	41.0966	125	40.9329
group_15931	384	2367	6.1641	17	8.3068	8	7.8182
group_16738	960	85285	88.8385	579	113.1681	289	112.9727
group_16740	612	5901	9.6422	43	13.1836	21	12.8770
group_16739	972	133370	137.2119	906	174.8956	453	174.8956
group_6691	219	0	0.0000	0	0.0000	0	0.0000
group_16741	846	87181	103.0508	594	131.7446	297	131.7447
group_16742	1581	26523	16.7761	178	21.1254	89	21.1254
group_16743	624	854	1.3686	6	1.8042	3	1.8042
group_16744	177	501	2.8305	4	4.2404	2	4.2404
group_16745	213	0	0.0000	0	0.0000	0	0.0000
group_16746	7527	116294	15.4502	771	19.2198	385	19.1949
group_6750	1656	302	0.1824	2	0.2266	1	0.2266
group_3174	2493	0	0.0000	0	0.0000	0	0.0000
group_2631	96	0	0.0000	0	0.0000	0	0.0000
group_16747	2715	302	0.1112	2	0.1382	1	0.1382
group_12924	1302	2869	2.2035	19	2.7382	9	2.5941
group_4583	1047	2672	2.5521	18	3.2258	9	3.2258
group_9998	189	444	2.3492	4	3.9711	2	3.9711
group_13834	810	0	0.0000	0	0.0000	0	0.0000
group_16748	117	0	0.0000	0	0.0000	0	0.0000
group_16749	1575	302	0.1917	2	0.2383	1	0.2383
group_3967	1086	0	0.0000	0	0.0000	0	0.0000
group_16750	1329	19891	14.9669	133	18.7777	66	18.6366
group_16753	501	17658	35.2455	120	44.9428	60	44.9428
group_16754	168	0	0.0000	0	0.0000	0	0.0000
group_14021	807	545290	675.7001	3775	877.7287	1887	877.4963
group_7292	618	906	1.4660	6	1.8217	3	1.8217
group_16755	333	5373	16.1351	36	20.2850	18	20.2850
group_2180	474	9618	20.2911	72	28.5017	36	28.5017
group_16756	786	0	0.0000	0	0.0000	0	0.0000
group_16757	1008	1057	1.0486	7	1.3030	3	1.1169
group_3456	1116	0	0.0000	0	0.0000	0	0.0000
group_765	1218	0	0.0000	0	0.0000	0	0.0000
group_9950	1443	0	0.0000	0	0.0000	0	0.0000
group_5962	1752	0	0.0000	0	0.0000	0	0.0000
group_2088	117	0	0.0000	0	0.0000	0	0.0000
group_16758	151	1341	8.8808	12	14.9115	6	14.9115
group_16759	360	733	2.0361	6	3.1273	3	3.1273
group_16760	516	1039	2.0136	8	2.9091	4	2.9091
group_6715	969	0	0.0000	0	0.0000	0	0.0000
group_9364	348	1105	3.1753	9	4.8527	4	4.3135
group_2431	468	0	0.0000	0	0.0000	0	0.0000
group_16761	126	0	0.0000	0	0.0000	0	0.0000
group_16762	423	3018	7.1348	20	8.8717	10	8.8717
group_16764	960	59311	61.7823	398	77.7909	199	77.7909
group_16767	195	525	2.6923	4	3.8489	2	3.8490
group_7914	363	39203	107.9972	268	138.5304	134	138.5304
group_12786	159	0	0.0000	0	0.0000	0	0.0000
group_2880	744	0	0.0000	0	0.0000	0	0.0000
group_3410	1119	0	0.0000	0	0.0000	0	0.0000
group_1870	1197	0	0.0000	0	0.0000	0	0.0000
group_5608	1812	604	0.3333	4	0.4142	2	0.4142
group_8025	603	0	0.0000	0	0.0000	0	0.0000
group_4740	1041	35574	34.1729	239	43.0788	119	42.8986
group_3685	786	60936	77.5267	406	96.9216	203	96.9216
group_3323	261	1000	3.8314	10	7.1891	5	7.1891
group_7915	207	253	1.2222	2	1.8129	1	1.8129
group_8267	204	4675	22.9167	32	29.4331	16	29.4332
group_2562	99	0	0.0000	0	0.0000	0	0.0000
group_3295	2442	4573	1.8726	31	2.3820	15	2.3051
group_8970	1497	3322	2.2191	22	2.7575	11	2.7575
group_3740	255	748	2.9333	5	3.6791	2	2.9433
group_1490	486	226	0.4650	2	0.7722	1	0.7722
group_1133	129	172	1.3333	2	2.9091	1	2.9091
group_2866	267	0	0.0000	0	0.0000	0	0.0000
group_16768	345	564	1.6348	4	2.1755	2	2.1755
group_14169	144	515	3.5764	4	5.2121	2	5.2121
group_2275	111	265	2.3874	4	6.7617	2	6.7617
group_33	798	2291	2.8709	17	3.9973	8	3.7621
group_14428	141	861	6.1064	8	10.6460	4	10.6460
group_5421	402	26376	65.6119	182	84.9498	91	84.9498
group_2869	267	151	0.5655	1	0.7028	0	0.0000
group_2293	276	151	0.5471	1	0.6798	0	0.0000
group_12016	168	351	2.0893	3	3.3506	1	2.2338
group_4267	246	584	2.3740	4	3.0510	2	3.0510
group_16769	1443	42803	29.6625	289	37.5793	144	37.4492
group_16770	2130	202100	94.8826	1354	119.2768	677	119.2768
group_16771	2862	5983	2.0905	37	2.4258	18	2.3602
group_13640	150	0	0.0000	0	0.0000	0	0.0000
group_3720	438	1183	2.7009	9	3.8555	4	3.4271
group_5991	393	0	0.0000	0	0.0000	0	0.0000
group_2563	99	0	0.0000	0	0.0000	0	0.0000
group_8519	594	151	0.2542	1	0.3159	0	0.0000
group_8811	354	4029	11.3814	28	14.8413	14	14.8413
group_3324	261	0	0.0000	0	0.0000	0	0.0000
group_6353	1692	7644	4.5177	51	5.6557	25	5.5448
group_16773	924	69702	75.4351	468	95.0366	234	95.0366
group_16772	1011	475487	470.3136	3122	579.4269	1561	579.4269
group_16774	114	495	4.3421	5	8.2297	2	6.5837
group_2776	45	0	0.0000	0	0.0000	0	0.0000
group_16776	2148	41778	19.4497	278	24.2844	139	24.2844
group_16775	237	43381	183.0422	306	242.2646	153	242.2646
group_6123	225	6384	28.3733	51	42.5309	25	41.6970
group_272	498	0	0.0000	0	0.0000	0	0.0000
group_4155	699	151	0.2160	1	0.2684	0	0.0000
group_3815	435	0	0.0000	0	0.0000	0	0.0000
group_13641	150	0	0.0000	0	0.0000	0	0.0000
group_9360	1476	0	0.0000	0	0.0000	0	0.0000
group_6174	1728	0	0.0000	0	0.0000	0	0.0000
group_3904	288	1661	5.7674	11	7.1667	5	6.5152
group_8520	594	14018	23.5993	93	29.3774	46	29.0615
group_7922	207	209	1.0097	2	1.8129	1	1.8129
group_2280	111	0	0.0000	0	0.0000	0	0.0000
group_12763	531	1919	3.6139	13	4.5937	6	4.2404
group_14429	141	403	2.8582	4	5.3230	2	5.3230
group_12788	159	413	2.5975	4	4.7204	2	4.7204
group_13588	516	40784	79.0388	274	99.6363	137	99.6363
group_451	135	0	0.0000	0	0.0000	0	0.0000
group_12792	159	149	0.9371	1	1.1801	0	0.0000
group_2294	276	626	2.2681	6	4.0791	3	4.0791
group_7271	372	6598	17.7366	45	22.6979	22	22.1935
group_7152	954	4452	4.6667	31	6.0972	15	5.9005
group_1826	777	151	0.1943	1	0.2415	0	0.0000
group_2295	276	233	0.8442	2	1.3597	1	1.3597
group_12789	159	0	0.0000	0	0.0000	0	0.0000
group_11048	330	9313	28.2212	65	36.9587	32	36.3901
group_2179	114	0	0.0000	0	0.0000	0	0.0000
group_2277	111	0	0.0000	0	0.0000	0	0.0000
group_6279	642	570	0.8879	4	1.1691	2	1.1691
group_14759	3018	2467	0.8174	15	0.9326	7	0.8704
group_14758	1896	2232	1.1772	15	1.4845	7	1.3855
group_4694	681	0	0.0000	0	0.0000	0	0.0000
group_5026	408	2647	6.4877	20	9.1979	10	9.1979
group_10001	189	0	0.0000	0	0.0000	0	0.0000
group_16777	240	0	0.0000	0	0.0000	0	0.0000
group_959	4248	3322	0.7820	22	0.9718	11	0.9718
group_16778	537	6919	12.8845	49	17.1214	24	16.7720
group_16779	294	797	2.7109	8	5.1057	4	5.1058
group_16780	397	6110	15.3904	43	20.3233	21	19.8507
group_6446	978	251	0.2566	2	0.3837	1	0.3837
group_16782	243	371	1.5267	3	2.3165	1	1.5443
group_16783	267	0	0.0000	0	0.0000	0	0.0000
group_16784	1827	0	0.0000	0	0.0000	0	0.0000
group_16785	1152	0	0.0000	0	0.0000	0	0.0000
group_10334	186	371	1.9946	5	5.0440	2	4.0352
group_16786	213	11051	51.8826	79	69.5928	39	68.7119
group_16787	879	10615	12.0762	73	15.5830	36	15.3695
group_16788	166	821	4.9458	6	6.7820	3	6.7820
group_16789	180	0	0.0000	0	0.0000	0	0.0000
group_16791	576	1933	3.3559	13	4.2348	6	3.9091
group_16790	1452	2962	2.0399	20	2.5845	10	2.5845
group_13643	150	0	0.0000	0	0.0000	0	0.0000
group_5790	396	853	2.1540	9	4.2645	4	3.7906
group_1454	126	0	0.0000	0	0.0000	0	0.0000
group_16792	300	2697	8.9900	21	13.1345	10	12.5091
group_16793	1773	101802	57.4179	677	71.6468	338	71.5410
group_5677	1002	5427	5.4162	37	6.9287	18	6.7414
cas10d	2967	15105	5.0910	101	6.3873	50	6.3241
group_4597	2007	14415	7.1824	96	8.9751	48	8.9751
group_16794	258	302	1.1705	2	1.4545	1	1.4545
group_16795	201	368	1.8308	3	2.8005	1	1.8670
group_16796	1386	4677	3.3745	32	4.3322	16	4.3322
group_7156	954	1653	1.7327	12	2.3602	6	2.3602
group_16797	135	1296	9.6000	12	16.6788	6	16.6788
group_3916	708	0	0.0000	0	0.0000	0	0.0000
group_14434	141	141	1.0000	1	1.3308	0	0.0000
group_16798	129	0	0.0000	0	0.0000	0	0.0000
group_16799	633	0	0.0000	0	0.0000	0	0.0000
group_8602	201	817	4.0647	6	5.6011	3	5.6011
group_16800	273	7366	26.9817	54	37.1149	27	37.1149
group_16801	222	598	2.6937	8	6.7617	4	6.7617
group_11486	552	3666	6.6413	26	8.8379	13	8.8379
group_11960	849	6824	8.0377	49	10.8294	24	10.6084
group_694	288	2434	8.4514	18	11.7273	9	11.7273
group_13325	303	3587	11.8383	26	16.1008	13	16.1008
group_4488	243	1987	8.1770	14	10.8103	7	10.8103
group_13074	156	554	3.5513	4	4.8112	2	4.8112
group_16802	732	70206	95.9098	476	122.0149	238	122.0149
group_3060	265	5903	22.2755	42	29.7386	21	29.7386
group_16807	441	4187	9.4943	28	11.9134	14	11.9134
group_16810	276	1281	4.6413	9	6.1186	4	5.4387
group_16811	132	0	0.0000	0	0.0000	0	0.0000
group_16804	1308	8897	6.8020	60	8.6072	30	8.6072
group_16809	906	6683	7.3764	45	9.3197	22	9.1126
group_16805	954	4876	5.1111	33	6.4906	16	6.2939
group_16806	1233	9060	7.3479	60	9.1307	30	9.1307
group_16803	1293	7656	5.9211	52	7.5461	26	7.5461
group_16812	225	840	3.7333	6	5.0036	3	5.0036
group_16813	2373	23231	9.7897	159	12.5723	79	12.4933
group_4221	696	3099	4.4526	22	5.9310	11	5.9310
group_16814	1455	74722	51.3553	517	66.6721	258	66.5432
group_3531	258	1389	5.3837	13	9.4545	6	8.7273
group_12313	1332	3385	2.5413	23	3.2400	11	3.0991
group_2089	117	0	0.0000	0	0.0000	0	0.0000
group_16815	783	26185	33.4419	180	43.1348	90	43.1348
group_16816	819	8195	10.0061	57	13.0589	28	12.8298
group_10129	573	0	0.0000	0	0.0000	0	0.0000
group_14175	144	141	0.9792	1	1.3030	0	0.0000
group_16817	178	2427	13.6348	24	25.2993	12	25.2993
group_5479	1008	8408	8.3413	60	11.1688	30	11.1688
group_3532	258	2073	8.0349	15	10.9091	7	10.1818
group_2080	771	4898	6.3528	35	8.5179	17	8.2745
group_13681	300	2015	6.7167	16	10.0073	8	10.0073
group_16818	219	7342	33.5251	54	46.2665	27	46.2665
group_3743	255	1507	5.9098	10	7.3583	5	7.3583
group_3534	258	1234	4.7829	9	6.5455	4	5.8182
group_16820	93	0	0.0000	0	0.0000	0	0.0000
group_16819	549	1575	2.8689	11	3.7596	5	3.4178
group_16821	654	2370	3.6239	16	4.5905	8	4.5905
group_16822	384	2675	6.9661	19	9.2841	9	8.7955
group_16823	636	8388	13.1887	57	16.8165	28	16.5214
group_7054	375	2917	7.7787	20	10.0073	10	10.0073
group_4464	687	0	0.0000	0	0.0000	0	0.0000
group_16824	342	5111	14.9444	39	21.3971	19	20.8485
group_16825	450	24155	53.6778	172	71.7188	86	71.7188
group_16826	333	283	0.8498	2	1.1269	1	1.1269
group_12023	168	0	0.0000	0	0.0000	0	0.0000
group_3952	492	800	1.6260	6	2.2882	3	2.2882
group_16808	273	666	2.4396	5	3.4366	2	2.7493
group_8271	927	2718	2.9320	18	3.6434	9	3.6434
group_2694	750	1937	2.5827	13	3.2524	6	3.0022
group_4012	1083	5254	4.8513	36	6.2372	18	6.2372
group_14201	1254	10032	8.0000	67	10.0252	33	9.8756
group_7596	612	669	1.0931	5	1.5330	2	1.2264
group_8084	1539	2115	1.3743	14	1.7069	7	1.7069
group_16827	276	1056	3.8261	7	4.7589	3	4.0791
group_16828	163	0	0.0000	0	0.0000	0	0.0000
group_2701	93	0	0.0000	0	0.0000	0	0.0000
group_16829	222	0	0.0000	0	0.0000	0	0.0000
group_16830	156	112	0.7179	2	2.4056	1	2.4056
group_2700	462	0	0.0000	0	0.0000	0	0.0000
group_16831	99	100	1.0101	2	3.7906	1	3.7906
group_16832	129	0	0.0000	0	0.0000	0	0.0000
group_16833	231	212	0.9177	2	1.6246	1	1.6246
group_16834	516	863	1.6725	6	2.1818	3	2.1818
group_16835	402	0	0.0000	0	0.0000	0	0.0000
group_16836	1923	104718	54.4555	719	70.1563	359	70.0587
group_1191	783	12142	15.5070	85	20.3692	42	20.1296
group_9674	192	0	0.0000	0	0.0000	0	0.0000
group_11226	1377	3218	2.3370	22	2.9978	11	2.9978
group_16837	510	2944	5.7725	21	7.7262	10	7.3583
group_16838	315	0	0.0000	0	0.0000	0	0.0000
group_16839	132	454	3.4394	4	5.6859	2	5.6859
group_16840	168	0	0.0000	0	0.0000	0	0.0000
group_16844	1365	3902	2.8586	26	3.5740	13	3.5740
group_16842	2256	8972	3.9770	62	5.1567	31	5.1567
group_16841	210	727	3.4619	6	5.3610	3	5.3610
group_16845	2499	12510	5.0060	85	6.3822	42	6.3071
group_16846	564	671	1.1897	5	1.6634	2	1.3308
group_16847	222	550	2.4775	4	3.3808	2	3.3808
group_456	135	215	1.5926	2	2.7798	1	2.7798
group_5518	231	453	1.9610	3	2.4368	1	1.6246
group_12551	162	280	1.7284	2	2.3165	1	2.3165
group_16848	165	498	3.0182	5	5.6859	2	4.5488
group_16849	297	585	1.9697	6	3.7906	3	3.7906
group_16850	177	4767	26.9322	44	46.6441	22	46.6441
group_16851	396	0	0.0000	0	0.0000	0	0.0000
group_16854	678	0	0.0000	0	0.0000	0	0.0000
group_16853	240	0	0.0000	0	0.0000	0	0.0000
group_16852	804	0	0.0000	0	0.0000	0	0.0000
group_16855	114	0	0.0000	0	0.0000	0	0.0000
group_8434	924	4928	5.3333	34	6.9044	17	6.9044
group_16856	168	0	0.0000	0	0.0000	0	0.0000
group_16857	156	1180	7.5641	10	12.0280	5	12.0280
group_2791	747	0	0.0000	0	0.0000	0	0.0000
group_16858	171	793	4.6374	10	10.9729	5	10.9729
group_16859	393	899	2.2875	6	2.8647	3	2.8647
group_4660	414	1103	2.6643	10	4.5323	5	4.5323
group_16860	234	2925	12.5000	21	16.8392	10	16.0373
group_16861	231	302	1.3074	2	1.6246	1	1.6246
group_16862	945	7257	7.6794	50	9.9278	25	9.9278
plsY	657	67792	103.1842	467	133.3731	233	133.0876
group_2316	471	6785	14.4055	49	19.5205	24	19.1222
group_8821	354	3643	10.2910	26	13.7812	13	13.7812
group_16863	231	3099	13.4156	21	17.0578	10	16.2456
group_16864	723	0	0.0000	0	0.0000	0	0.0000
group_1464	126	0	0.0000	0	0.0000	0	0.0000
group_610	4848	152	0.0314	2	0.0774	1	0.0774
group_15769	432	170	0.3935	2	0.8687	1	0.8687
group_16865	300	1917	6.3900	13	8.1309	6	7.5055
group_16866	120	139	1.1583	2	3.1273	1	3.1273
group_16867	303	2427	8.0099	17	10.5274	8	9.9082
group_11077	1386	90910	65.5916	622	84.2062	311	84.2062
group_16868	600	2337	3.8950	16	5.0036	8	5.0036
group_16869	180	0	0.0000	0	0.0000	0	0.0000
group_16870	477	1627	3.4109	12	4.7204	6	4.7204
group_16871	486	4713	9.6975	33	12.7407	16	12.3547
group_16872	510	3669	7.1941	23	8.4620	11	8.0941
group_16873	132	0	0.0000	0	0.0000	0	0.0000
group_8610	201	0	0.0000	0	0.0000	0	0.0000
group_16874	765	18298	23.9190	128	31.3954	64	31.3954
group_1466	126	0	0.0000	0	0.0000	0	0.0000
group_16877	228	1010	4.4298	9	7.4067	4	6.5837
group_16878	114	562	4.9298	6	9.8756	3	9.8756
group_16879	207	2202	10.6377	18	16.3162	9	16.3162
group_3832	2229	0	0.0000	0	0.0000	0	0.0000
group_16880	228	969	4.2500	8	6.5837	4	6.5837
group_16881	240	2729	11.3708	22	17.2000	11	17.2000
group_8433	924	53107	57.4751	353	71.6836	176	71.4805
group_16884	5790	61821	10.6772	404	13.0924	202	13.0924
group_16883	285	2247	7.8842	18	11.8507	9	11.8507
group_10039	891	1717	1.9270	12	2.5271	6	2.5271
group_13085	825	1471	1.7830	10	2.2744	5	2.2744
group_361	1227	2869	2.3382	19	2.9055	9	2.7526
group_16885	126	0	0.0000	0	0.0000	0	0.0000
group_16886	276	1670	6.0507	15	10.1976	7	9.5178
group_8907	915	0	0.0000	0	0.0000	0	0.0000
group_10826	333	0	0.0000	0	0.0000	0	0.0000
group_16888	309	0	0.0000	0	0.0000	0	0.0000
group_16887	1188	0	0.0000	0	0.0000	0	0.0000
group_9349	195	607	3.1128	4	3.8489	2	3.8490
group_457	135	0	0.0000	0	0.0000	0	0.0000
group_16889	171	514	3.0058	5	5.4864	2	4.3892
group_4492	243	2753	11.3292	19	14.6712	9	13.8990
group_16890	426	40306	94.6150	287	126.4123	143	125.9718
group_7931	207	1409	6.8068	10	9.0646	5	9.0646
group_9033	1494	1359	0.9096	9	1.1303	4	1.0047
group_12404	1326	878	0.6621	6	0.8490	3	0.8490
group_1143	129	0	0.0000	0	0.0000	0	0.0000
group_10950	1392	865	0.6214	5	0.6740	2	0.5392
group_7273	372	0	0.0000	0	0.0000	0	0.0000
group_9124	351	242	0.6895	2	1.0692	1	1.0692
group_16895	318	1692	5.3208	12	7.0806	6	7.0806
group_16903	225	301	1.3378	2	1.6679	1	1.6679
group_16912	207	605	2.9227	5	4.5323	2	3.6258
group_16901	216	0	0.0000	0	0.0000	0	0.0000
group_16906	228	434	1.9035	4	3.2919	2	3.2919
group_16899	333	1054	3.1652	7	3.9443	3	3.3808
group_16900	177	0	0.0000	0	0.0000	0	0.0000
group_16910	219	666	3.0411	5	4.2839	2	3.4271
group_9028	1494	761	0.5094	5	0.6280	2	0.5024
group_8276	204	151	0.7402	1	0.9198	0	0.0000
group_11473	174	145	0.8333	1	1.0784	0	0.0000
group_6392	222	906	4.0811	6	5.0713	3	5.0713
group_16914	240	183511	764.6292	1765	1379.9087	882	1379.1271
group_16915	183	334	1.8251	4	4.1013	2	4.1013
group_16916	231	231	1.0000	2	1.6246	1	1.6246
group_16917	246	151	0.6138	1	0.7627	0	0.0000
group_16918	774	0	0.0000	0	0.0000	0	0.0000
group_16919	849	0	0.0000	0	0.0000	0	0.0000
group_6003	648	302	0.4660	2	0.5791	1	0.5791
group_16920	387	1206	3.1163	9	4.3636	4	3.8788
group_16921	189	0	0.0000	0	0.0000	0	0.0000
group_4796	678	1210	1.7847	9	2.4907	4	2.2140
group_16922	105	0	0.0000	0	0.0000	0	0.0000
group_8611	201	4347	21.6269	35	32.6730	17	31.7395
group_16909	189	215	1.1376	2	1.9856	1	1.9856
group_16911	219	775	3.5388	6	5.1407	3	5.1407
group_16904	438	2086	4.7626	14	5.9975	7	5.9975
group_16905	258	151	0.5853	1	0.7273	0	0.0000
group_16913	423	3089	7.3026	22	9.7589	11	9.7589
group_16908	267	604	2.2622	4	2.8110	2	2.8110
group_16892	276	1385	5.0181	10	6.7984	5	6.7984
group_16897	981	151	0.1539	1	0.1913	0	0.0000
group_16893	273	0	0.0000	0	0.0000	0	0.0000
group_16894	576	151	0.2622	1	0.3258	0	0.0000
group_172	138	0	0.0000	0	0.0000	0	0.0000
group_16923	1284	1565	1.2188	11	1.6075	5	1.4613
group_6158	987	0	0.0000	0	0.0000	0	0.0000
group_463	135	0	0.0000	0	0.0000	0	0.0000
group_14182	144	0	0.0000	0	0.0000	0	0.0000
group_3918	708	0	0.0000	0	0.0000	0	0.0000
group_16924	147	718	4.8844	8	10.2115	4	10.2115
group_16925	195	473	2.4256	4	3.8489	2	3.8490
group_16926	474	0	0.0000	0	0.0000	0	0.0000
group_16927	981	2066	2.1060	14	2.6778	7	2.6778
group_16928	876	906	1.0342	6	1.2852	3	1.2852
group_16929	261	15218	58.3065	125	89.8641	62	89.1452
group_16930	219	0	0.0000	0	0.0000	0	0.0000
group_16931	111	100	0.9009	2	3.3808	1	3.3808
group_10961	180	0	0.0000	0	0.0000	0	0.0000
group_9127	351	2188	6.2336	17	9.0878	8	8.5532
group_16932	249	2778	11.1566	21	15.8247	10	15.0712
group_4159	783	665	0.8493	5	1.1982	2	0.9586
group_16933	205	152	0.7415	1	0.9153	0	0.0000
group_12029	168	0	0.0000	0	0.0000	0	0.0000
group_16934	1371	0	0.0000	0	0.0000	0	0.0000
group_13918	147	0	0.0000	0	0.0000	0	0.0000
group_11475	174	0	0.0000	0	0.0000	0	0.0000
group_8614	201	0	0.0000	0	0.0000	0	0.0000
group_16935	153	0	0.0000	0	0.0000	0	0.0000
group_16936	249	747	3.0000	7	5.2749	3	4.5214
group_16937	591	0	0.0000	0	0.0000	0	0.0000
group_11677	549	1110	2.0219	8	2.7342	4	2.7342
group_16938	1605	1601	0.9975	11	1.2860	5	1.1691
group_16939	300	0	0.0000	0	0.0000	0	0.0000
group_16940	189	0	0.0000	0	0.0000	0	0.0000
group_1976	480	0	0.0000	0	0.0000	0	0.0000
group_11172	987	27224	27.5826	186	35.3600	93	35.3600
group_16941	132	292	2.2121	4	5.6859	2	5.6859
group_5799	396	0	0.0000	0	0.0000	0	0.0000
group_16942	129	0	0.0000	0	0.0000	0	0.0000
group_16943	183	224	1.2240	2	2.0507	1	2.0507
group_16944	1341	1662	1.2394	11	1.5391	5	1.3992
group_16945	177	0	0.0000	0	0.0000	0	0.0000
group_16946	306	0	0.0000	0	0.0000	0	0.0000
group_16947	1635	76146	46.5725	514	58.9878	257	58.9878
group_16948	465	3260	7.0108	23	9.2809	11	8.8774
group_7424	615	14849	24.1447	101	30.8151	50	30.5100
group_16949	273	18617	68.1941	132	90.7252	66	90.7253
group_6708	219	727	3.3196	8	6.8543	4	6.8543
group_16950	345	1783	5.1681	18	9.7897	9	9.7897
group_5999	393	43703	111.2036	298	142.2789	149	142.2790
group_16951	108	0	0.0000	0	0.0000	0	0.0000
group_16952	1215	277	0.2280	2	0.3089	1	0.3089
group_11263	846	250039	295.5544	1701	377.2687	850	377.0470
group_16953	300	10229	34.0967	75	46.9091	37	46.2836
group_16955	471	0	0.0000	0	0.0000	0	0.0000
group_16956	300	3464	11.5467	25	15.6364	12	15.0109
group_16957	210	2360	11.2381	18	16.0831	9	16.0831
group_16958	393	41485	105.5598	284	135.5947	142	135.5947
group_13920	147	0	0.0000	0	0.0000	0	0.0000
group_16959	1587	0	0.0000	0	0.0000	0	0.0000
group_16960	528	0	0.0000	0	0.0000	0	0.0000
group_6395	222	10362	46.6757	75	63.3906	37	62.5454
group_16961	987	71238	72.1763	485	92.2022	242	92.0121
group_16964	1686	755	0.4478	5	0.5565	2	0.4452
group_16963	3393	1209	0.3563	8	0.4424	4	0.4424
group_9501	582	18540	31.8557	124	39.9775	62	39.9775
group_16965	579	18883	32.6131	130	42.1290	65	42.1291
group_1150	129	0	0.0000	0	0.0000	0	0.0000
group_16966	630	0	0.0000	0	0.0000	0	0.0000
group_16967	141	0	0.0000	0	0.0000	0	0.0000
group_16968	123	0	0.0000	0	0.0000	0	0.0000
group_13517	816	227	0.2782	2	0.4599	1	0.4599
group_3207	732	0	0.0000	0	0.0000	0	0.0000
group_6004	993	0	0.0000	0	0.0000	0	0.0000
group_3783	1098	302	0.2750	2	0.3418	1	0.3418
group_7046	957	0	0.0000	0	0.0000	0	0.0000
group_13333	153	0	0.0000	0	0.0000	0	0.0000
group_9362	1476	3948	2.6748	27	3.4324	13	3.3052
group_2464	273	0	0.0000	0	0.0000	0	0.0000
group_5813	228	287	1.2588	3	2.4689	1	1.6459
group_16969	276	2017	7.3080	13	8.8379	6	8.1581
group_2127	1188	863	0.7264	7	1.1056	3	0.9477
group_16970	1041	0	0.0000	0	0.0000	0	0.0000
group_16971	153	1163	7.6013	12	14.7166	6	14.7166
group_16972	408	810	1.9853	6	2.7594	3	2.7594
group_16973	102	0	0.0000	0	0.0000	0	0.0000
group_16974	1329	239	0.1798	2	0.2824	1	0.2824
group_16975	561	0	0.0000	0	0.0000	0	0.0000
group_16976	180	1082	6.0111	8	8.3394	4	8.3394
group_16977	138	0	0.0000	0	0.0000	0	0.0000
group_16978	214	0	0.0000	0	0.0000	0	0.0000
group_16979	732	670	0.9153	8	2.0507	4	2.0507
group_16980	183	104	0.5683	2	2.0507	1	2.0507
group_16981	366	0	0.0000	0	0.0000	0	0.0000
group_16982	162	0	0.0000	0	0.0000	0	0.0000
group_16983	114	0	0.0000	0	0.0000	0	0.0000
group_9373	348	0	0.0000	0	0.0000	0	0.0000
group_16984	240	302	1.2583	2	1.5636	1	1.5636
group_16985	108	0	0.0000	0	0.0000	0	0.0000
group_177	138	262	1.8986	2	2.7194	1	2.7194
group_16986	132	112	0.8485	2	2.8430	1	2.8430
group_16987	141	552	3.9149	10	13.3075	5	13.3075
group_16988	972	0	0.0000	0	0.0000	0	0.0000
group_16989	159	0	0.0000	0	0.0000	0	0.0000
group_16990	429	3990	9.3007	54	23.6186	27	23.6186
group_16991	93	0	0.0000	0	0.0000	0	0.0000
group_16992	231	0	0.0000	0	0.0000	0	0.0000
group_16993	213	260	1.2207	2	1.7618	1	1.7618
group_16994	117	0	0.0000	0	0.0000	0	0.0000
group_16995	378	36575	96.7593	247	122.6089	123	122.1125
group_16996	408	3164	7.7549	21	9.6578	10	9.1979
group_16997	279	0	0.0000	0	0.0000	0	0.0000
group_16998	117	0	0.0000	0	0.0000	0	0.0000
group_10362	186	5922	31.8387	43	43.3783	21	42.3695
group_7936	207	0	0.0000	0	0.0000	0	0.0000
group_2490	102	0	0.0000	0	0.0000	0	0.0000
group_16999	153	156	1.0196	2	2.4528	1	2.4528
group_17000	123	394	3.2033	4	6.1020	2	6.1020
group_17001	213	0	0.0000	0	0.0000	0	0.0000
group_17002	171	253	1.4795	2	2.1946	1	2.1946
group_3592	441	0	0.0000	0	0.0000	0	0.0000
group_17003	132	502	3.8030	4	5.6859	2	5.6859
group_17004	144	0	0.0000	0	0.0000	0	0.0000
group_17005	2325	151	0.0649	1	0.0807	0	0.0000
group_722	288	0	0.0000	0	0.0000	0	0.0000
group_4782	1956	772	0.3947	6	0.5756	3	0.5756
group_8216	1533	0	0.0000	0	0.0000	0	0.0000
group_17006	738	0	0.0000	0	0.0000	0	0.0000
group_17010	231	428	1.8528	3	2.4368	1	1.6246
group_17008	1317	0	0.0000	0	0.0000	0	0.0000
group_17007	561	302	0.5383	2	0.6689	1	0.6689
group_17009	1056	2621	2.4820	18	3.1983	9	3.1983
group_17011	138	0	0.0000	0	0.0000	0	0.0000
group_9912	576	0	0.0000	0	0.0000	0	0.0000
group_5022	672	0	0.0000	0	0.0000	0	0.0000
group_14125	1257	0	0.0000	0	0.0000	0	0.0000
group_3114	735	252	0.3429	2	0.5106	1	0.5106
group_3334	261	0	0.0000	0	0.0000	0	0.0000
group_17012	426	1322	3.1033	11	4.8451	5	4.4046
group_17013	117	0	0.0000	0	0.0000	0	0.0000
group_2668	270	409	1.5148	3	2.0848	1	1.3899
group_8497	357	412	1.1541	3	1.5768	1	1.0512
group_17014	207	0	0.0000	0	0.0000	0	0.0000
group_17015	135	0	0.0000	0	0.0000	0	0.0000
group_17016	270	220	0.8148	2	1.3899	1	1.3899
group_17017	105	396	3.7714	4	7.1480	2	7.1481
group_17018	429	453	1.0559	3	1.3121	1	0.8748
group_17019	231	460	1.9913	4	3.2491	2	3.2491
group_17020	213	174	0.8169	2	1.7618	1	1.7618
group_2885	744	10080	13.5484	68	17.1496	34	17.1496
group_17021	171	0	0.0000	0	0.0000	0	0.0000
group_17022	117	0	0.0000	0	0.0000	0	0.0000
group_17025	870	0	0.0000	0	0.0000	0	0.0000
group_17024	447	0	0.0000	0	0.0000	0	0.0000
group_17023	492	214	0.4350	2	0.7627	1	0.7627
group_17026	240	0	0.0000	0	0.0000	0	0.0000
group_17027	669	0	0.0000	0	0.0000	0	0.0000
group_3889	1092	1508	1.3810	12	2.0619	6	2.0619
group_14527	1242	0	0.0000	0	0.0000	0	0.0000
group_10682	183	0	0.0000	0	0.0000	0	0.0000
group_17028	228	0	0.0000	0	0.0000	0	0.0000
group_16133	372	882	2.3710	6	3.0264	3	3.0264
group_2927	456	2329	5.1075	16	6.5837	8	6.5837
group_3593	441	0	0.0000	0	0.0000	0	0.0000
group_17030	672	100	0.1488	2	0.5584	1	0.5584
group_17029	834	1748	2.0959	13	2.9248	6	2.6998
group_17031	153	124	0.8105	2	2.4528	1	2.4528
group_17032	1416	0	0.0000	0	0.0000	0	0.0000
group_17033	690	151	0.2188	1	0.2719	0	0.0000
group_11022	1389	3208	2.3096	22	2.9719	11	2.9719
group_5241	1869	4779	2.5570	33	3.3130	16	3.2126
group_3478	444	11813	26.6059	83	35.0762	41	34.6536
group_2095	279	1021	3.6595	9	6.0528	4	5.3803
group_17034	126	0	0.0000	0	0.0000	0	0.0000
group_17035	183	592	3.2350	6	6.1520	3	6.1520
group_10978	180	0	0.0000	0	0.0000	0	0.0000
group_17036	1632	122469	75.0423	826	94.9679	413	94.9679
group_2686	1161	0	0.0000	0	0.0000	0	0.0000
group_17042	525	269	0.5124	4	1.4296	2	1.4296
group_17037	150	0	0.0000	0	0.0000	0	0.0000
group_17041	246	0	0.0000	0	0.0000	0	0.0000
group_17039	231	0	0.0000	0	0.0000	0	0.0000
group_17040	231	0	0.0000	0	0.0000	0	0.0000
group_17038	249	0	0.0000	0	0.0000	0	0.0000
group_17043	216	1053	4.8750	10	8.6869	5	8.6869
group_4241	3636	1359	0.3738	9	0.4644	4	0.4128
group_11543	1365	576	0.4220	5	0.6873	2	0.5499
group_2187	114	0	0.0000	0	0.0000	0	0.0000
group_6139	225	0	0.0000	0	0.0000	0	0.0000
group_10444	1422	0	0.0000	0	0.0000	0	0.0000
group_17044	6870	8935	1.3006	59	1.6114	29	1.5841
group_17045	255	0	0.0000	0	0.0000	0	0.0000
group_17046	270	276	1.0222	4	2.7798	2	2.7798
group_17047	5301	0	0.0000	0	0.0000	0	0.0000
group_12131	378	921	2.4365	7	3.4747	3	2.9784
group_3417	1119	0	0.0000	0	0.0000	0	0.0000
group_17048	231	296	1.2814	2	1.6246	1	1.6246
group_4909	675	1057	1.5659	7	1.9459	3	1.6679
group_17049	891	0	0.0000	0	0.0000	0	0.0000
group_11487	174	0	0.0000	0	0.0000	0	0.0000
group_17050	390	0	0.0000	0	0.0000	0	0.0000
group_17051	258	0	0.0000	0	0.0000	0	0.0000
group_17052	849	575	0.6773	4	0.8840	2	0.8840
group_17053	177	750	4.2373	5	5.3005	2	4.2404
group_17054	747	19587	26.2209	136	34.1614	68	34.1614
group_17057	204	174	0.8529	2	1.8396	1	1.8396
group_17056	240	0	0.0000	0	0.0000	0	0.0000
group_17058	858	0	0.0000	0	0.0000	0	0.0000
group_17059	2295	23449	10.2174	158	12.9179	79	12.9179
group_17060	153	694	4.5359	6	7.3583	3	7.3583
group_6977	216	0	0.0000	0	0.0000	0	0.0000
group_3075	264	0	0.0000	0	0.0000	0	0.0000
group_1517	486	0	0.0000	0	0.0000	0	0.0000
group_12561	1320	0	0.0000	0	0.0000	0	0.0000
group_2772	51	0	0.0000	0	0.0000	0	0.0000
group_13601	516	2915	5.6492	20	7.2727	10	7.2727
group_6343	981	4501	4.5882	30	5.7381	15	5.7381
group_725	288	661	2.2951	5	3.2576	2	2.6061
group_3209	450	0	0.0000	0	0.0000	0	0.0000
group_8629	201	273	1.3582	2	1.8670	1	1.8670
group_1859	777	6727	8.6577	45	10.8670	22	10.6255
group_6137	225	286	1.2711	2	1.6679	1	1.6679
group_3922	708	601	0.8489	4	1.0601	2	1.0601
group_6893	627	401	0.6396	3	0.8978	1	0.5985
group_17061	153	344	2.2484	4	4.9055	2	4.9055
group_17062	159	0	0.0000	0	0.0000	0	0.0000
group_17063	237	291	1.2278	4	3.1669	2	3.1669
group_17064	168	536	3.1905	4	4.4675	2	4.4675
group_17065	336	202	0.6012	2	1.1169	1	1.1169
group_5528	231	453	1.9610	3	2.4368	1	1.6246
group_17066	246	0	0.0000	0	0.0000	0	0.0000
group_17069	963	0	0.0000	0	0.0000	0	0.0000
group_17072	291	0	0.0000	0	0.0000	0	0.0000
group_17073	2019	156161	77.3457	1042	96.8385	521	96.8386
group_17068	1287	29985	23.2984	199	29.0129	99	28.8671
group_17067	246	0	0.0000	0	0.0000	0	0.0000
group_17074	1392	141072	101.3448	987	133.0438	493	132.9091
group_17075	831	36004	43.3261	240	54.1910	120	54.1910
group_17077	540	81270	150.5000	574	199.4504	287	199.4505
group_17079	1158	68379	59.0492	454	73.5638	227	73.5638
group_17078	1224	43337	35.4060	290	44.4563	145	44.4563
group_17080	624	0	0.0000	0	0.0000	0	0.0000
group_17081	522	0	0.0000	0	0.0000	0	0.0000
group_17082	756	16086	21.2778	109	27.0534	54	26.8052
group_17083	567	13019	22.9612	91	30.1145	45	29.7835
group_17085	351	0	0.0000	0	0.0000	0	0.0000
group_17084	276	2150	7.7899	15	10.1976	7	9.5178
group_17087	417	5034	12.0719	34	15.2989	17	15.2989
group_17086	282	8377	29.7057	56	37.2611	28	37.2611
group_17088	366	150	0.4098	1	0.5127	0	0.0000
group_17090	261	230	0.8812	3	2.1567	1	1.4378
group_17089	282	4293	15.2234	30	19.9613	15	19.9613
group_17091	168	203	1.2083	2	2.2338	1	2.2338
group_7984	933	10352	11.0954	70	14.0778	35	14.0778
group_12563	162	1138	7.0247	9	10.4242	4	9.2660
group_17092	666	0	0.0000	0	0.0000	0	0.0000
group_17093	153	356	2.3268	3	3.6791	1	2.4528
group_17094	501	6234	12.4431	42	15.7300	21	15.7300
group_17095	390	14041	36.0026	94	45.2252	47	45.2252
group_16462	615	63705	103.5854	431	131.4980	215	131.1929
group_17096	264	3628	13.7424	26	18.4793	13	18.4793
group_10844	333	1666	5.0030	12	6.7617	6	6.7617
group_17098	534	6642	12.4382	45	15.8120	22	15.4607
group_17099	45	0	0.0000	0	0.0000	0	0.0000
group_17100	384	52913	137.7943	374	182.7499	187	182.7500
group_17101	393	38782	98.6819	286	136.5496	143	136.5496
group_17102	942	161144	171.0658	1105	220.1042	552	219.9050
group_17103	351	40414	115.1396	275	147.0085	137	146.4739
group_17104	831	79817	96.0493	535	120.8008	267	120.5750
group_17105	231	0	0.0000	0	0.0000	0	0.0000
group_17106	393	1787	4.5471	12	5.7294	6	5.7294
group_17107	162	3412	21.0617	34	39.3805	17	39.3805
group_17108	729	906	1.2428	6	1.5443	3	1.5443
group_17109	360	6372	17.7000	46	23.9758	23	23.9758
group_17110	324	301	0.9290	2	1.1582	1	1.1582
group_17111	876	7423	8.4737	51	10.9240	25	10.7098
group_17112	333	2500	7.5075	17	9.5790	8	9.0156
group_17113	270	1184	4.3852	8	5.5596	4	5.5596
group_17114	330	2024	6.1333	14	7.9603	7	7.9603
group_7464	369	6268	16.9864	43	21.8655	21	21.3570
group_17115	492	29666	60.2967	197	75.1308	98	74.7494
group_17120	1335	233135	174.6330	1581	222.2120	790	222.0715
group_17121	1266	1657	1.3088	11	1.6303	5	1.4821
group_6978	216	2176	10.0741	15	13.0303	7	12.1616
group_17122	1227	531689	433.3244	3553	543.3348	1776	543.1820
group_2370	762	30151	39.5682	202	49.7409	101	49.7409
group_17124	174	1758	10.1034	13	14.0188	6	12.9404
group_13104	825	22138	26.8339	146	33.2059	73	33.2059
group_17125	513	0	0.0000	0	0.0000	0	0.0000
group_17126	942	603	0.6401	4	0.7968	2	0.7968
group_2567	99	0	0.0000	0	0.0000	0	0.0000
group_3349	447	2846	6.3669	22	9.2349	11	9.2349
group_17136	441	11096	25.1610	74	31.4855	37	31.4855
group_12750	147	0	0.0000	0	0.0000	0	0.0000
group_17137	1275	114418	89.7396	772	113.6119	386	113.6120
group_17138	183	453	2.4754	3	3.0760	1	2.0507
group_17139	93	174	1.8710	2	4.0352	1	4.0352
group_2920	1143	109980	96.2205	742	121.8076	371	121.8077
group_12820	390	8584	22.0103	58	27.9049	29	27.9049
group_17140	138	222	1.6087	2	2.7194	1	2.7194
group_17141	165	0	0.0000	0	0.0000	0	0.0000
group_17142	531	15538	29.2618	108	38.1633	54	38.1633
group_17143	1068	87742	82.1554	589	103.4811	294	103.3054
group_17151	3939	26435	6.7111	168	8.0028	84	8.0028
group_17152	453	10229	22.5806	70	28.9946	35	28.9946
group_17147	435	1897	4.3609	13	5.6075	6	5.1762
group_17149	213	858	4.0282	7	6.1665	3	5.2855
group_17146	381	32911	86.3806	224	110.3164	112	110.3164
group_17145	354	0	0.0000	0	0.0000	0	0.0000
group_17150	273	0	0.0000	0	0.0000	0	0.0000
group_17144	336	2411	7.1756	18	10.0519	9	10.0519
group_17148	171	0	0.0000	0	0.0000	0	0.0000
group_13344	153	0	0.0000	0	0.0000	0	0.0000
group_17153	243	649	2.6708	7	5.4052	3	4.6330
group_17156	1197	4562	3.8112	30	4.7027	15	4.7027
group_17154	372	4394	11.8118	31	15.6364	15	15.1320
group_17174	1113	1660	1.4915	11	1.8544	5	1.6859
group_17159	1710	0	0.0000	0	0.0000	0	0.0000
group_17177	729	3017	4.1385	20	5.1478	10	5.1478
group_17173	1041	7988	7.6734	55	9.9135	27	9.7333
group_17167	879	4604	5.2378	31	6.6174	15	6.4040
group_17183	1377	10263	7.4532	69	9.4023	34	9.2660
group_17184	159	0	0.0000	0	0.0000	0	0.0000
group_17171	546	739	1.3535	8	2.7492	4	2.7493
iscB	1302	1134	0.8710	8	1.1529	4	1.1529
group_17203	336	1417	4.2173	10	5.5844	5	5.5844
group_17202	177	297	1.6780	3	3.1803	1	2.1202
group_17201	570	3027	5.3105	22	7.2421	11	7.2421
group_17191	987	8361	8.4711	57	10.8361	28	10.6460
group_17185	519	1627	3.1349	12	4.3384	6	4.3384
group_17196	312	2843	9.1122	21	12.6294	10	12.0280
group_17186	909	5793	6.3729	39	8.0504	19	7.8440
group_17199	441	2656	6.0227	20	8.5096	10	8.5096
group_17197	663	5937	8.9548	42	11.8865	21	11.8865
group_17194	546	1717	3.1447	12	4.1239	6	4.1239
group_17192	294	701	2.3844	5	3.1911	2	2.5529
group_17212	309	1037	3.3560	7	4.2507	3	3.6434
group_17207	264	755	2.8598	5	3.5537	2	2.8430
group_17198	1632	11901	7.2923	79	9.0829	39	8.9679
group_17211	702	0	0.0000	0	0.0000	0	0.0000
group_17200	333	906	2.7207	6	3.3808	3	3.3808
group_17195	1218	347828	285.5731	2364	364.1808	1182	364.1809
group_17204	261	1126	4.3142	8	5.7513	4	5.7513
group_17208	315	1942	6.1651	13	7.7437	6	7.1481
group_17205	225	658	2.9244	5	4.1697	2	3.3358
group_17213	1659	130129	78.4382	889	100.5477	444	100.4346
group_17214	639	36271	56.7621	243	71.3547	121	71.0610
group_17215	975	31566	32.3754	207	39.8366	103	39.6442
group_17217	1515	0	0.0000	0	0.0000	0	0.0000
group_17216	1653	29089	17.5977	201	22.8160	100	22.7025
group_17227	930	8367	8.9968	59	11.9038	29	11.7021
group_17226	204	816	4.0000	6	5.5187	3	5.5187
group_17218	222	151	0.6802	1	0.8452	0	0.0000
group_17235	1527	10480	6.8631	70	8.6015	35	8.6015
group_17233	600	302	0.5033	2	0.6255	1	0.6255
group_17231	735	4814	6.5497	32	8.1692	16	8.1692
group_17220	831	6571	7.9073	45	10.1608	22	9.9350
group_17230	240	491	2.0458	4	3.1273	2	3.1273
group_17223	762	10081	13.2297	69	16.9907	34	16.7445
group_17237	1323	447	0.3379	4	0.5673	2	0.5673
group_17240	564	215	0.3812	2	0.6654	1	0.6654
group_17238	465	0	0.0000	0	0.0000	0	0.0000
group_17239	708	6338	8.9520	44	11.6610	22	11.6610
group_17243	657	0	0.0000	0	0.0000	0	0.0000
group_17244	447	659	1.4743	6	2.5186	3	2.5186
group_17245	198	764	3.8586	9	8.5289	4	7.5813
group_17246	252	2553	10.1310	22	16.3809	11	16.3810
group_17247	501	1853	3.6986	12	4.4943	6	4.4943
group_17249	525	49356	94.0114	347	124.0187	173	123.6613
group_3405	2382	42504	17.8438	286	22.5290	143	22.5290
group_12867	1152	198345	172.1745	1345	219.0719	672	218.9091
group_9956	1443	1359	0.9418	9	1.1703	4	1.0403
group_7287	372	0	0.0000	0	0.0000	0	0.0000
group_3954	252	0	0.0000	0	0.0000	0	0.0000
group_7006	624	24650	39.5032	171	51.4196	85	51.1189
group_12036	1341	66956	49.9299	463	64.7842	231	64.6443
group_17253	342	604	1.7661	4	2.1946	2	2.1946
group_17254	240	837	3.4875	8	6.2545	4	6.2545
group_17256	333	2114	6.3483	14	7.8886	7	7.8886
group_17255	105	0	0.0000	0	0.0000	0	0.0000
group_7723	939	0	0.0000	0	0.0000	0	0.0000
group_3460	1116	0	0.0000	0	0.0000	0	0.0000
group_17257	1086	302	0.2781	2	0.3456	1	0.3456
group_17258	228	164	0.7193	2	1.6459	1	1.6459
group_17259	135	0	0.0000	0	0.0000	0	0.0000
group_17260	213	0	0.0000	0	0.0000	0	0.0000
group_17261	153	2304	15.0588	19	23.3012	9	22.0749
group_17262	114	154	1.3509	2	3.2919	1	3.2919
group_17263	213	0	0.0000	0	0.0000	0	0.0000
group_17264	363	16900	46.5565	118	60.9947	59	60.9947
group_17266	177	1573	8.8870	11	11.6610	5	10.6009
group_12505	312	302	0.9679	2	1.2028	1	1.2028
group_17267	1290	0	0.0000	0	0.0000	0	0.0000
group_12622	834	302	0.3621	2	0.4500	1	0.4500
group_17271	453	79730	176.0044	533	220.7730	266	220.3588
group_17272	183	290	1.5847	2	2.0507	1	2.0507
group_17273	294	2414	8.2109	16	10.2115	8	10.2115
group_17275	1599	10822	6.7680	75	8.8010	37	8.6836
group_17274	498	16281	32.6928	112	42.1993	56	42.1993
group_3760	255	4443	17.4235	38	27.9615	19	27.9615
group_12040	168	0	0.0000	0	0.0000	0	0.0000
group_17276	693	39140	56.4791	265	71.7513	132	71.4805
group_17278	1677	24869	14.8295	166	18.5734	83	18.5734
group_4554	417	10045	24.0887	71	31.9477	35	31.4977
group_17279	195	2462	12.6256	20	19.2447	10	19.2448
group_3337	729	15203	20.8546	102	26.2536	51	26.2536
group_13110	525	12297	23.4229	87	31.0940	43	30.7366
group_17281	210	1128	5.3714	8	7.1480	4	7.1481
group_17283	534	21894	41.0000	146	51.3013	73	51.3013
group_17284	108	0	0.0000	0	0.0000	0	0.0000
group_17286	105	130	1.2381	2	3.5740	1	3.5740
group_17287	108	158	1.4630	2	3.4747	1	3.4747
group_17290	891	61486	69.0079	412	86.7634	206	86.7634
group_17293	4008	4804	1.1986	32	1.4981	16	1.4981
group_17294	177	817	4.6158	8	8.4807	4	8.4807
group_17295	762	67601	88.7152	473	116.4724	236	116.2262
group_17296	447	1827	4.0872	13	5.4570	6	5.0372
group_17298	264	1812	6.8636	12	8.5289	6	8.5289
group_17301	513	5675	11.0624	39	14.2647	19	13.8990
group_17302	264	0	0.0000	0	0.0000	0	0.0000
group_17303	255	13360	52.3922	93	68.4321	46	67.6962
group_17304	246	1353	5.5000	9	6.8647	4	6.1020
group_17305	429	3986	9.2914	27	11.8093	13	11.3719
group_17306	117	0	0.0000	0	0.0000	0	0.0000
group_17308	132	0	0.0000	0	0.0000	0	0.0000
group_17310	123	0	0.0000	0	0.0000	0	0.0000
group_17309	1227	3751	3.0570	25	3.8231	12	3.6701
group_17307	543	1057	1.9466	7	2.4189	3	2.0733
group_10149	573	3245	5.6632	22	7.2042	11	7.2042
group_17311	216	0	0.0000	0	0.0000	0	0.0000
group_17313	627	8237	13.1372	57	17.0578	28	16.7586
group_17314	492	0	0.0000	0	0.0000	0	0.0000
group_17315	201	7963	39.6169	54	50.4098	27	50.4098
group_17317	555	302	0.5441	2	0.6762	1	0.6762
group_17323	213	348	1.6338	4	3.5237	2	3.5237
group_17322	198	815	4.1162	6	5.6859	3	5.6859
group_17326	444	0	0.0000	0	0.0000	0	0.0000
group_17325	1056	302	0.2860	2	0.3554	1	0.3554
group_2677	270	20395	75.5370	136	94.5131	68	94.5131
group_5047	408	11644	28.5392	78	35.8716	39	35.8717
group_17327	108	0	0.0000	0	0.0000	0	0.0000
group_4514	243	2551	10.4979	18	13.8990	9	13.8990
group_17328	648	0	0.0000	0	0.0000	0	0.0000
group_17329	264	0	0.0000	0	0.0000	0	0.0000
group_10032	189	0	0.0000	0	0.0000	0	0.0000
group_17331	207	3541	17.1063	24	21.7549	12	21.7549
group_17330	453	24467	54.0110	166	68.7586	83	68.7586
group_4512	243	156	0.6420	2	1.5443	1	1.5443
group_17332	192	1581	8.2344	12	11.7273	6	11.7273
group_4137	249	5095	20.4618	37	27.8817	18	27.1281
group_17333	2058	0	0.0000	0	0.0000	0	0.0000
group_17335	1947	4643	2.3847	31	2.9875	15	2.8912
group_17337	237	292	1.2321	2	1.5834	1	1.5834
group_17340	1512	12376	8.1852	84	10.4242	42	10.4242
group_17341	804	302	0.3756	2	0.4668	1	0.4668
group_6405	223	403	1.8072	3	2.5243	1	1.6828
group_17343	273	0	0.0000	0	0.0000	0	0.0000
group_17342	606	0	0.0000	0	0.0000	0	0.0000
group_17345	378	1366	3.6138	10	4.9639	5	4.9639
group_17347	318	0	0.0000	0	0.0000	0	0.0000
group_17348	117	328	2.8034	4	6.4149	2	6.4149
group_17349	492	29345	59.6443	203	77.4190	101	77.0377
group_17353	594	550	0.9259	4	1.2635	2	1.2635
group_17354	111	194	1.7477	4	6.7617	2	6.7617
group_17358	741	302	0.4076	2	0.5064	1	0.5064
group_17359	300	4116	13.7200	29	18.1382	14	17.5127
group_3829	435	0	0.0000	0	0.0000	0	0.0000
group_154	8355	599	0.0717	4	0.0898	2	0.0898
group_4711	1971	0	0.0000	0	0.0000	0	0.0000
group_1942	282	0	0.0000	0	0.0000	0	0.0000
group_17360	315	2566	8.1460	17	10.1264	8	9.5307
group_17361	240	1104	4.6000	8	6.2545	4	6.2545
group_17362	1746	418548	239.7182	2681	288.1174	1340	288.0100
group_17363	1401	8841	6.3105	61	8.1697	30	8.0358
group_3213	450	8686	19.3022	59	24.6012	29	24.1842
group_6156	645	50377	78.1039	339	98.6182	169	98.3273
group_14211	1254	82702	65.9506	550	82.2966	275	82.2966
group_6665	633	81744	129.1374	551	163.3295	275	163.0332
group_12811	159	0	0.0000	0	0.0000	0	0.0000
group_4967	285	5902	20.7088	42	27.6517	21	27.6517
group_4167	426	0	0.0000	0	0.0000	0	0.0000
group_10276	339	0	0.0000	0	0.0000	0	0.0000
group_5467	591	0	0.0000	0	0.0000	0	0.0000
group_2707	462	302	0.6537	2	0.8123	1	0.8123
group_5591	1005	302	0.3005	2	0.3734	1	0.3734
group_17364	99	0	0.0000	0	0.0000	0	0.0000
group_17365	330	6337	19.2030	42	23.8810	21	23.8810
group_17367	753	0	0.0000	0	0.0000	0	0.0000
group_280	292	2071	7.0925	18	11.5666	9	11.5666
group_4513	243	0	0.0000	0	0.0000	0	0.0000
group_6888	378	453	1.1984	3	1.4892	1	0.9928
group_14529	1242	5586	4.4976	38	5.7409	19	5.7409
group_17368	1392	23499	16.8815	160	21.5674	80	21.5674
group_14942	2994	8665	2.8941	59	3.6976	29	3.6349
group_14939	180	169	0.9389	2	2.0848	1	2.0848
group_14927	945	1775	1.8783	12	2.3827	6	2.3827
group_13352	303	0	0.0000	0	0.0000	0	0.0000
group_12302	165	163	0.9879	2	2.2744	1	2.2744
group_5538	231	1182	5.1169	8	6.4982	4	6.4982
group_826	132	391	2.9621	4	5.6859	2	5.6859
group_4681	1044	2332	2.2337	16	2.8757	8	2.8757
group_2678	270	141	0.5222	1	0.6949	0	0.0000
group_4291	246	302	1.2276	2	1.5255	1	1.5255
group_17369	390	1415	3.6282	10	4.8112	5	4.8112
group_17371	705	2825	4.0071	20	5.3230	10	5.3230
group_17370	729	2469	3.3868	17	4.3756	8	4.1182
group_3925	708	453	0.6398	3	0.7951	1	0.5300
group_5886	651	1245	1.9124	9	2.5941	4	2.3058
group_4557	417	3216	7.7122	22	9.8993	11	9.8993
group_1488	126	0	0.0000	0	0.0000	0	0.0000
group_17372	414	8521	20.5821	66	29.9130	33	29.9130
group_1524	486	2033	4.1831	15	5.7912	7	5.4052
group_2942	741	1057	1.4265	7	1.7725	3	1.5193
group_6398	387	392	1.0129	3	1.4545	1	0.9697
group_3003	738	1202	1.6287	9	2.2882	4	2.0340
group_3141	1131	3598	3.1813	25	4.1476	12	3.9817
group_196	138	0	0.0000	0	0.0000	0	0.0000
group_3343	2415	8291	3.4331	62	4.8172	31	4.8172
group_7447	1587	4073	2.5665	27	3.1923	13	3.0741
group_3332	789	1057	1.3397	7	1.6647	3	1.4269
group_6019	648	2382	3.6759	16	4.6330	8	4.6330
group_5539	231	898	3.8874	6	4.8737	3	4.8737
group_4990	486	906	1.8642	6	2.3165	3	2.3165
group_2445	468	151	0.3226	1	0.4009	0	0.0000
group_7943	363	1057	2.9118	7	3.6183	3	3.1014
group_3210	2472	4830	1.9539	32	2.4289	16	2.4289
group_2680	270	271	1.0037	2	1.3899	1	1.3899
group_9006	198	0	0.0000	0	0.0000	0	0.0000
group_10038	189	0	0.0000	0	0.0000	0	0.0000
group_6407	222	147	0.6622	1	0.8452	0	0.0000
group_4755	240	0	0.0000	0	0.0000	0	0.0000
group_286	498	453	0.9096	3	1.1303	1	0.7536
group_11535	324	151	0.4660	1	0.5791	0	0.0000
group_13431	519	676	1.3025	5	1.8077	2	1.4461
group_10662	567	300	0.5291	2	0.6619	1	0.6619
group_10373	186	151	0.8118	1	1.0088	0	0.0000
group_16665	162	0	0.0000	0	0.0000	0	0.0000
group_16664	1161	2265	1.9509	15	2.4242	7	2.2626
group_7434	615	1181	1.9203	8	2.4408	4	2.4408
group_7207	1608	2567	1.5964	17	1.9837	8	1.8670
group_9309	585	922	1.5761	7	2.2452	3	1.9245
group_9008	198	300	1.5152	2	1.8953	1	1.8953
group_7598	1575	3773	2.3956	26	3.0975	13	3.0975
group_9038	912	2200	2.4123	15	3.0861	7	2.8804
group_193	138	0	0.0000	0	0.0000	0	0.0000
group_11764	171	2856	16.7018	22	24.1403	11	24.1403
group_8638	201	143	0.7114	1	0.9335	0	0.0000
group_17373	423	12877	30.4421	100	44.3585	50	44.3585
group_13356	303	302	0.9967	2	1.2385	1	1.2385
group_17376	1032	22967	22.2548	159	28.9091	79	28.7273
group_17375	453	8971	19.8035	63	26.0951	31	25.6809
group_17374	732	36329	49.6298	244	62.5454	122	62.5454
group_17377	1170	11747	10.0402	80	12.8298	40	12.8298
group_4139	249	0	0.0000	0	0.0000	0	0.0000
group_11765	171	697	4.0760	8	8.7783	4	8.7783
group_829	132	0	0.0000	0	0.0000	0	0.0000
group_10850	876	3577	4.0833	26	5.5691	13	5.5691
group_3599	441	0	0.0000	0	0.0000	0	0.0000
group_8495	1518	0	0.0000	0	0.0000	0	0.0000
group_9148	1488	0	0.0000	0	0.0000	0	0.0000
group_9879	894	0	0.0000	0	0.0000	0	0.0000
group_11109	870	0	0.0000	0	0.0000	0	0.0000
group_13609	516	0	0.0000	0	0.0000	0	0.0000
group_732	288	1734	6.0208	13	8.4697	6	7.8182
group_3223	2469	0	0.0000	0	0.0000	0	0.0000
group_13933	147	486	3.3061	4	5.1057	2	5.1058
group_6015	648	0	0.0000	0	0.0000	0	0.0000
group_3995	207	1053	5.0870	10	9.0646	5	9.0646
group_1161	129	0	0.0000	0	0.0000	0	0.0000
group_6408	222	214	0.9640	2	1.6904	1	1.6904
group_14200	144	0	0.0000	0	0.0000	0	0.0000
group_11791	321	3457	10.7695	24	14.0289	12	14.0289
group_12367	840	0	0.0000	0	0.0000	0	0.0000
group_5831	228	241	1.0570	3	2.4689	1	1.6459
group_12303	165	0	0.0000	0	0.0000	0	0.0000
group_13697	300	0	0.0000	0	0.0000	0	0.0000
group_6147	225	0	0.0000	0	0.0000	0	0.0000
group_5808	396	0	0.0000	0	0.0000	0	0.0000
group_4843	411	226	0.5499	2	0.9131	1	0.9131
group_9693	192	0	0.0000	0	0.0000	0	0.0000
group_4515	243	9227	37.9712	65	50.1908	32	49.4186
group_6553	384	7313	19.0443	50	24.4318	25	24.4318
group_5628	657	433	0.6591	4	1.1424	2	1.1424
group_12744	1311	592	0.4516	4	0.5725	2	0.5725
group_14033	1260	1510	1.1984	10	1.4892	5	1.4892
group_5448	1833	0	0.0000	0	0.0000	0	0.0000
group_12799	1308	1208	0.9235	8	1.1476	4	1.1476
group_2888	267	2034	7.6180	14	9.8386	7	9.8386
group_5048	408	9042	22.1618	63	28.9733	31	28.5134
group_17378	273	354	1.2967	4	2.7492	2	2.7493
group_17381	705	11972	16.9816	86	22.8890	43	22.8890
group_17382	468	0	0.0000	0	0.0000	0	0.0000
group_17379	312	0	0.0000	0	0.0000	0	0.0000
group_17380	288	0	0.0000	0	0.0000	0	0.0000
group_17383	2244	296	0.1319	2	0.1672	1	0.1672
group_11834	546	299	0.5476	2	0.6873	1	0.6873
group_1181	489	0	0.0000	0	0.0000	0	0.0000
group_4261	423	0	0.0000	0	0.0000	0	0.0000
group_2835	2688	906	0.3371	6	0.4188	3	0.4188
group_10983	180	0	0.0000	0	0.0000	0	0.0000
group_2137	1188	0	0.0000	0	0.0000	0	0.0000
group_3762	255	520	2.0392	4	2.9433	2	2.9433
group_9696	192	0	0.0000	0	0.0000	0	0.0000
group_3500	2349	0	0.0000	0	0.0000	0	0.0000
group_17384	396	0	0.0000	0	0.0000	0	0.0000
group_12511	312	878	2.8141	7	4.2098	3	3.6084
group_2422	105	0	0.0000	0	0.0000	0	0.0000
group_7957	207	0	0.0000	0	0.0000	0	0.0000
group_3464	1116	0	0.0000	0	0.0000	0	0.0000
group_3005	738	0	0.0000	0	0.0000	0	0.0000
group_10694	183	0	0.0000	0	0.0000	0	0.0000
group_11496	174	376	2.1609	3	3.2351	1	2.1567
group_6554	384	0	0.0000	0	0.0000	0	0.0000
group_13606	516	1153	2.2345	8	2.9091	4	2.9091
group_17386	1608	17773	11.0529	117	13.6526	58	13.5360
group_17385	747	45056	60.3159	301	75.6071	150	75.3560
group_17387	1491	141385	94.8256	958	120.5604	479	120.5604
group_3420	1119	3775	3.3735	25	4.1921	12	4.0244
group_3480	444	0	0.0000	0	0.0000	0	0.0000
group_10376	186	623	3.3495	6	6.0528	3	6.0528
group_4951	129	0	0.0000	0	0.0000	0	0.0000
group_2188	114	0	0.0000	0	0.0000	0	0.0000
group_13671	150	946	6.3067	8	10.0073	4	10.0073
group_12389	537	0	0.0000	0	0.0000	0	0.0000
group_476	792	3206	4.0480	22	5.2121	11	5.2121
group_4966	1029	2429	2.3605	17	3.0999	8	2.9176
group_17388	270	339	1.2556	5	3.4747	2	2.7798
group_12304	165	3031	18.3697	27	30.7041	13	29.5669
group_17389	201	0	0.0000	0	0.0000	0	0.0000
group_17390	204	0	0.0000	0	0.0000	0	0.0000
group_5833	228	4391	19.2588	32	26.3349	16	26.3349
group_2702	750	0	0.0000	0	0.0000	0	0.0000
group_5267	234	1096	4.6838	8	6.4149	4	6.4149
group_14463	141	218	1.5461	2	2.6615	1	2.6615
group_2103	279	0	0.0000	0	0.0000	0	0.0000
group_3546	258	2080	8.0620	15	10.9091	7	10.1818
group_2096	117	0	0.0000	0	0.0000	0	0.0000
group_17396	624	0	0.0000	0	0.0000	0	0.0000
group_17391	111	0	0.0000	0	0.0000	0	0.0000
group_17397	342	143	0.4181	1	0.5486	0	0.0000
group_17392	186	151	0.8118	1	1.0088	0	0.0000
group_17399	108	0	0.0000	0	0.0000	0	0.0000
group_17393	204	291	1.4265	2	1.8396	1	1.8396
group_17395	324	0	0.0000	0	0.0000	0	0.0000
group_17398	267	213	0.7978	2	1.4055	1	1.4055
group_17394	156	0	0.0000	0	0.0000	0	0.0000
group_17400	747	41212	55.1700	280	70.3322	140	70.3322
group_17401	264	264	1.0000	3	2.1322	1	1.4215
group_6150	225	192	0.8533	2	1.6679	1	1.6679
group_13364	819	0	0.0000	0	0.0000	0	0.0000
group_8139	930	7173	7.7129	47	9.4827	23	9.2809
group_2189	114	0	0.0000	0	0.0000	0	0.0000
group_4053	429	268	0.6247	2	0.8748	1	0.8748
group_8837	354	0	0.0000	0	0.0000	0	0.0000
group_3613	2307	2318	1.0048	16	1.3013	8	1.3013
group_2818	459	11842	25.7996	80	32.7035	40	32.7035
group_10847	333	0	0.0000	0	0.0000	0	0.0000
group_17403	1446	49164	34.0000	329	42.6918	164	42.5620
group_17402	216	729	3.3750	6	5.2121	3	5.2121
group_17404	789	35491	44.9823	246	58.5026	123	58.5026
group_11686	549	444	0.8087	3	1.0253	1	0.6836
group_17405	6531	37424	5.7302	223	6.4068	111	6.3781
group_9698	192	0	0.0000	0	0.0000	0	0.0000
group_2424	105	0	0.0000	0	0.0000	0	0.0000
group_5542	231	0	0.0000	0	0.0000	0	0.0000
group_1791	123	542	4.4065	6	9.1530	3	9.1530
group_12572	162	118	0.7284	2	2.3165	1	2.3165
group_5885	1761	0	0.0000	0	0.0000	0	0.0000
group_17408	141	0	0.0000	0	0.0000	0	0.0000
group_17406	552	0	0.0000	0	0.0000	0	0.0000
group_17407	4719	0	0.0000	0	0.0000	0	0.0000
group_9513	582	0	0.0000	0	0.0000	0	0.0000
group_7956	363	0	0.0000	0	0.0000	0	0.0000
group_10384	186	472	2.5376	4	4.0352	2	4.0352
group_10383	186	275	1.4785	2	2.0176	1	2.0176
group_11768	171	150	0.8772	2	2.1946	1	2.1946
group_5786	999	40966	41.0070	279	52.4029	139	52.2151
group_17409	678	83180	122.6844	562	155.5333	281	155.5334
group_17411	345	71	0.2058	1	0.5439	0	0.0000
group_17410	264	2724	10.3182	20	14.2149	10	14.2149
group_17413	711	26355	37.0675	179	47.2390	89	46.9751
group_17412	921	15317	16.6308	104	21.1880	52	21.1880
group_17414	1533	92845	60.5643	628	76.8660	314	76.8660
group_17416	375	0	0.0000	0	0.0000	0	0.0000
group_4294	246	2833	11.5163	22	16.7805	11	16.7805
group_6033	354	604	1.7062	4	2.1202	2	2.1202
group_13673	150	0	0.0000	0	0.0000	0	0.0000
group_6987	216	0	0.0000	0	0.0000	0	0.0000
group_4811	678	0	0.0000	0	0.0000	0	0.0000
group_5543	231	0	0.0000	0	0.0000	0	0.0000
group_12812	309	0	0.0000	0	0.0000	0	0.0000
group_2481	273	0	0.0000	0	0.0000	0	0.0000
group_5270	234	0	0.0000	0	0.0000	0	0.0000
group_7959	207	295	1.4251	2	1.8129	1	1.8129
group_14466	141	0	0.0000	0	0.0000	0	0.0000
group_14467	141	0	0.0000	0	0.0000	0	0.0000
group_2569	99	0	0.0000	0	0.0000	0	0.0000
group_13610	516	0	0.0000	0	0.0000	0	0.0000
group_918	786	0	0.0000	0	0.0000	0	0.0000
group_12988	828	0	0.0000	0	0.0000	0	0.0000
group_11793	321	0	0.0000	0	0.0000	0	0.0000
group_10959	1392	0	0.0000	0	0.0000	0	0.0000
group_4456	2040	0	0.0000	0	0.0000	0	0.0000
group_13434	519	302	0.5819	2	0.7231	1	0.7231
group_9384	348	0	0.0000	0	0.0000	0	0.0000
group_3348	261	0	0.0000	0	0.0000	0	0.0000
group_9966	342	0	0.0000	0	0.0000	0	0.0000
group_3216	450	0	0.0000	0	0.0000	0	0.0000
group_3079	453	30964	68.3532	216	89.4690	108	89.4690
group_2097	117	588	5.0256	6	9.6224	3	9.6224
group_3958	252	0	0.0000	0	0.0000	0	0.0000
group_14452	294	1321	4.4932	14	8.9351	7	8.9351
group_12043	168	401	2.3869	4	4.4675	2	4.4675
group_199	138	0	0.0000	0	0.0000	0	0.0000
group_16876	1062	0	0.0000	0	0.0000	0	0.0000
group_4558	417	1057	2.5348	7	3.1498	3	2.6998
group_1166	129	190	1.4729	2	2.9091	1	2.9091
group_17419	1071	20616	19.2493	138	24.1772	69	24.1772
group_17417	1212	649726	536.0776	4348	673.1375	2174	673.1376
group_17418	699	1798	2.5722	14	3.7581	7	3.7581
group_6727	219	11941	54.5251	83	71.1133	41	70.2565
group_6411	222	254	1.1441	2	1.6904	1	1.6904
group_1497	126	0	0.0000	0	0.0000	0	0.0000
group_5834	228	0	0.0000	0	0.0000	0	0.0000
group_5271	234	0	0.0000	0	0.0000	0	0.0000
group_6556	384	2319	6.0391	17	8.3068	8	7.8182
group_12306	165	1843	11.1697	20	22.7438	10	22.7438
group_2685	270	1368	5.0667	14	9.7293	7	9.7293
group_2105	279	0	0.0000	0	0.0000	0	0.0000
group_13698	300	0	0.0000	0	0.0000	0	0.0000
group_8299	204	0	0.0000	0	0.0000	0	0.0000
group_7605	210	0	0.0000	0	0.0000	0	0.0000
group_13676	150	157	1.0467	2	2.5018	1	2.5018
group_742	288	116	0.4028	2	1.3030	1	1.3030
group_1947	282	0	0.0000	0	0.0000	0	0.0000
group_8298	204	914	4.4804	7	6.4385	3	5.5187
group_2493	102	198	1.9412	2	3.6791	1	3.6791
group_12307	165	224	1.3576	2	2.2744	1	2.2744
group_4295	246	0	0.0000	0	0.0000	0	0.0000
group_3835	435	0	0.0000	0	0.0000	0	0.0000
group_13248	822	0	0.0000	0	0.0000	0	0.0000
group_17421	291	0	0.0000	0	0.0000	0	0.0000
group_17422	342	0	0.0000	0	0.0000	0	0.0000
group_5835	228	519	2.2763	4	3.2919	2	3.2919
group_4560	417	0	0.0000	0	0.0000	0	0.0000
group_17427	4191	3852	0.9191	26	1.1641	13	1.1641
group_17426	2223	3274	1.4728	23	1.9414	11	1.8569
group_17425	540	2693	4.9870	19	6.6020	9	6.2545
group_7961	207	211	1.0193	2	1.8129	1	1.8129
group_11769	171	0	0.0000	0	0.0000	0	0.0000
group_3766	255	895	3.5098	6	4.4150	3	4.4150
group_9015	198	0	0.0000	0	0.0000	0	0.0000
group_13061	306	4453	14.5523	36	22.0749	18	22.0749
group_13348	153	102	0.6667	2	2.4528	1	2.4528
group_17428	210	0	0.0000	0	0.0000	0	0.0000
group_17429	333	3241	9.7327	22	12.3964	11	12.3964
group_11795	321	802	2.4984	7	4.0918	3	3.5072
group_9388	348	13086	37.6034	89	47.9874	44	47.4483
group_17432	390	1764	4.5231	12	5.7734	6	5.7734
group_17430	1773	8083	4.5589	53	5.6090	26	5.5032
group_17433	900	58250	64.7222	392	81.7260	196	81.7260
group_17431	360	1436	3.9889	10	5.2121	5	5.2121
group_7962	207	959	4.6329	7	6.3452	3	5.4387
group_17434	549	0	0.0000	0	0.0000	0	0.0000
group_17435	426	43435	101.9601	307	135.2215	153	134.7810
group_17436	666	65727	98.6892	440	123.9639	220	123.9639
group_17437	162	0	0.0000	0	0.0000	0	0.0000
group_12044	168	665	3.9583	6	6.7013	3	6.7013
group_17439	618	121682	196.8964	850	258.0758	425	258.0759
group_17442	687	76160	110.8588	522	142.5708	261	142.5708
group_17444	804	18299	22.7600	127	29.6391	63	29.4057
group_9703	192	1290	6.7188	11	10.7500	5	9.7727
group_17446	183	0	0.0000	0	0.0000	0	0.0000
group_17448	1119	1320	1.1796	9	1.5091	4	1.3415
group_17447	627	5562	8.8708	39	11.6712	19	11.3719
group_6412	222	856	3.8559	6	5.0713	3	5.0713
group_10040	189	151	0.7989	1	0.9928	0	0.0000
group_17449	1059	0	0.0000	0	0.0000	0	0.0000
group_17450	156	0	0.0000	0	0.0000	0	0.0000
group_16605	2064	23720	11.4922	161	14.6364	80	14.5455
group_16610	627	5894	9.4003	41	12.2697	20	11.9704
group_17461	189	0	0.0000	0	0.0000	0	0.0000
group_12814	159	0	0.0000	0	0.0000	0	0.0000
group_10281	339	936	2.7611	8	4.4280	4	4.4280
group_1532	486	0	0.0000	0	0.0000	0	0.0000
group_17468	336	0	0.0000	0	0.0000	0	0.0000
group_17467	309	0	0.0000	0	0.0000	0	0.0000
group_17470	738	22131	29.9878	151	38.3917	75	38.1375
rPT1	573	0	0.0000	0	0.0000	0	0.0000
group_4170	426	0	0.0000	0	0.0000	0	0.0000
group_12815	309	0	0.0000	0	0.0000	0	0.0000
group_5248	405	0	0.0000	0	0.0000	0	0.0000
group_244	795	5382	6.7698	37	8.7328	18	8.4967
group_17471	213	306	1.4366	4	3.5237	2	3.5237
group_17473	420	730	1.7381	8	3.5740	4	3.5740
group_10044	189	1359	7.1905	9	8.9351	4	7.9423
group_13094	156	0	0.0000	0	0.0000	0	0.0000
group_17474	150	0	0.0000	0	0.0000	0	0.0000
group_17475	690	0	0.0000	0	0.0000	0	0.0000
group_8304	204	62702	307.3627	449	412.9838	224	412.0641
group_17476	171	706	4.1287	5	5.4864	2	4.3892
group_2100	117	860	7.3504	8	12.8298	4	12.8298
group_17477	135	468	3.4667	6	8.3394	3	8.3394
group_17478	96	0	0.0000	0	0.0000	0	0.0000
group_17479	162	0	0.0000	0	0.0000	0	0.0000
group_4561	417	0	0.0000	0	0.0000	0	0.0000
group_8251	360	0	0.0000	0	0.0000	0	0.0000
group_14471	141	0	0.0000	0	0.0000	0	0.0000
group_2440	1173	209	0.1782	2	0.3199	1	0.3199
group_17480	345	1362	3.9478	16	8.7020	8	8.7020
group_8648	201	0	0.0000	0	0.0000	0	0.0000
group_17481	900	100042	111.1578	680	141.7697	340	141.7697
group_1906	1197	203945	170.3801	1374	215.3820	687	215.3821
group_7951	363	5777	15.9146	41	21.1931	20	20.6762
group_2425	105	66	0.6286	1	1.7870	0	0.0000
group_17482	273	3346	12.2564	23	15.8082	11	15.1209
group_17484	225	524	2.3289	4	3.3358	2	3.3358
group_17486	93	0	0.0000	0	0.0000	0	0.0000
group_11804	321	7966	24.8162	54	31.5650	27	31.5650
group_3768	255	8342	32.7137	56	41.2064	28	41.2064
group_17487	426	0	0.0000	0	0.0000	0	0.0000
group_17488	534	0	0.0000	0	0.0000	0	0.0000
group_17452	1077	134609	124.9851	912	158.8898	456	158.8898
group_17453	426	26167	61.4249	181	79.7234	90	79.2830
group_4055	429	46304	107.9347	309	135.1506	154	134.7133
group_834	132	0	0.0000	0	0.0000	0	0.0000
group_13462	762	685	0.8990	6	1.4775	3	1.4775
group_13109	525	0	0.0000	0	0.0000	0	0.0000
group_17490	978	151	0.1544	1	0.1919	0	0.0000
group_13856	1266	53641	42.3705	358	53.0599	179	53.0599
group_17491	162	0	0.0000	0	0.0000	0	0.0000
group_17493	93	0	0.0000	0	0.0000	0	0.0000
group_17494	174	0	0.0000	0	0.0000	0	0.0000
group_17495	432	75892	175.6759	520	225.8585	260	225.8586
group_17497	153	2279	14.8954	18	22.0749	9	22.0749
group_17498	198	3977	20.0859	33	31.2727	16	30.3251
group_17499	438	0	0.0000	0	0.0000	0	0.0000
group_9685	579	302	0.5216	2	0.6481	1	0.6481
group_17500	1788	56280	31.4765	374	39.2483	187	39.2483
group_17501	543	22436	41.3186	156	53.9066	78	53.9066
group_17503	360	34972	97.1444	240	125.0909	120	125.0909
group_17504	312	0	0.0000	0	0.0000	0	0.0000
group_17505	1833	6214	3.3901	41	4.1970	20	4.0946
group_8306	204	555	2.7206	5	4.5989	2	3.6791
group_17506	226	5858	25.9204	40	33.2100	20	33.2100
group_17507	1680	138494	82.4369	932	104.0935	466	104.0935
group_17508	180	36870	204.8333	266	277.2848	133	277.2848
group_1950	282	3162	11.2128	21	13.9729	10	13.3075
group_8418	597	3776	6.3250	25	7.8575	12	7.5432
group_17511	204	1126	5.5196	8	7.3583	4	7.3583
group_3222	732	4832	6.6011	32	8.2027	16	8.2027
group_4297	246	443	1.8008	3	2.2882	1	1.5255
group_204	138	0	0.0000	0	0.0000	0	0.0000
group_11383	1371	15403	11.2349	107	14.6441	53	14.5073
group_6792	630	151	0.2397	1	0.2978	0	0.0000
group_11032	561	91	0.1622	1	0.3345	0	0.0000
group_13095	156	0	0.0000	0	0.0000	0	0.0000
group_6020	648	0	0.0000	0	0.0000	0	0.0000
group_17443	1158	2936480	2535.8204	19401	3143.6373	9700	3143.4758
group_17512	1044	15331	14.6849	108	19.4107	54	19.4107
group_17513	273	718	2.6300	5	3.4366	2	2.7493
group_17514	153	145	0.9477	1	1.2264	0	0.0000
group_13099	156	388	2.4872	4	4.8112	2	4.8112
group_7611	210	1333	6.3476	12	10.7221	6	10.7221
group_17516	183	1046	5.7158	8	8.2027	4	8.2027
group_17518	165	313	1.8970	3	3.4116	1	2.2744
group_4385	420	0	0.0000	0	0.0000	0	0.0000
group_10589	336	0	0.0000	0	0.0000	0	0.0000
group_8652	201	16538	82.2786	115	107.3541	57	106.4206
group_17524	378	33667	89.0661	243	120.6233	121	120.1270
group_17522	564	2671	4.7358	19	6.3211	9	5.9884
group_17523	825	12076	14.6376	84	19.1048	42	19.1048
group_2690	270	4669	17.2926	43	29.8828	21	29.1879
group_2483	273	0	0.0000	0	0.0000	0	0.0000
group_12576	162	0	0.0000	0	0.0000	0	0.0000
group_14007	510	0	0.0000	0	0.0000	0	0.0000
group_2101	117	0	0.0000	0	0.0000	0	0.0000
group_12580	162	0	0.0000	0	0.0000	0	0.0000
group_6648	972	2114	2.1749	14	2.7026	7	2.7026
group_10703	184	0	0.0000	0	0.0000	0	0.0000
group_12048	168	1248	7.4286	12	13.4026	6	13.4026
group_17529	465	25344	54.5032	171	69.0017	85	68.5982
group_17526	162	0	0.0000	0	0.0000	0	0.0000
group_17533	441	17305	39.2404	122	51.9085	61	51.9085
group_17532	291	849	2.9175	6	3.8688	3	3.8688
group_7964	207	745	3.5990	7	6.3452	3	5.4387
group_17534	184	462	2.5109	4	4.0791	2	4.0791
group_17536	1998	121179	60.6502	787	73.9088	393	73.8149
group_17537	270	2027	7.5074	15	10.4242	7	9.7293
group_16752	489	0	0.0000	0	0.0000	0	0.0000
group_12584	162	996	6.1481	10	11.5825	5	11.5825
group_17538	540	20098	37.2185	134	46.5616	67	46.5616
group_17539	606	2263	3.7343	16	4.9541	8	4.9541
group_17540	132	0	0.0000	0	0.0000	0	0.0000
group_17541	2358	45808	19.4266	304	24.1906	152	24.1906
group_5889	651	25979	39.9063	174	50.1516	87	50.1516
group_13101	156	385	2.4679	4	4.8112	2	4.8112
group_12583	162	0	0.0000	0	0.0000	0	0.0000
group_17544	339	9757	28.7817	66	36.5310	33	36.5310
group_288	291	386	1.3265	3	1.9344	1	1.2896
group_17546	258	3747	14.5233	29	21.0909	14	20.3636
group_17547	318	1806	5.6792	16	9.4408	8	9.4408
group_17548	432	0	0.0000	0	0.0000	0	0.0000
group_1492	126	0	0.0000	0	0.0000	0	0.0000
group_13365	303	679	2.2409	5	3.0963	2	2.4770
group_14456	294	26486	90.0884	183	116.7940	91	116.1558
group_2190	768	39381	51.2773	265	64.7443	132	64.5000
group_14462	294	688	2.3401	5	3.1911	2	2.5529
group_1365	285	1067	3.7439	8	5.2670	4	5.2670
group_2765	81	0	0.0000	0	0.0000	0	0.0000
group_5023	237	1352	5.7046	9	7.1254	4	6.3337
group_6401	387	4372	11.2972	30	14.5455	15	14.5455
group_17549	267	302	1.1311	2	1.4055	1	1.4055
group_4298	246	410	1.6667	3	2.2882	1	1.5255
group_17550	567	1359	2.3968	9	2.9784	4	2.6474
group_17551	420	34133	81.2690	236	105.4337	118	105.4338
group_17157	1089	7735	7.1028	54	9.3043	27	9.3043
group_17161	1029	8365	8.1293	58	10.5762	29	10.5762
group_17158	402	2384	5.9303	17	7.9349	8	7.4681
group_17179	2724	20934	7.6850	132	9.0925	66	9.0925
group_17206	2028	18638	9.1903	126	11.6579	63	11.6579
group_17189	807	7047	8.7323	49	11.3930	24	11.1605
group_17552	120	0	0.0000	0	0.0000	0	0.0000
group_17553	129	0	0.0000	0	0.0000	0	0.0000
group_17178	996	1620	1.6265	11	2.0723	5	1.8839
group_17554	99	152	1.5354	2	3.7906	1	3.7906
group_17555	405	1481	3.6568	10	4.6330	5	4.6330
group_17556	279	5146	18.4444	35	23.5386	17	22.8661
group_15850	165	0	0.0000	0	0.0000	0	0.0000
group_17557	219	4039	18.4429	27	23.1332	13	22.2765
group_17558	252	114	0.4524	2	1.4892	1	1.4892
group_2808	498	151	0.3032	1	0.3768	0	0.0000
group_17559	189	0	0.0000	0	0.0000	0	0.0000
group_14920	312	0	0.0000	0	0.0000	0	0.0000
group_17560	252	0	0.0000	0	0.0000	0	0.0000
group_17561	243	0	0.0000	0	0.0000	0	0.0000
group_17562	888	86605	97.5282	593	125.3022	296	125.0909
group_3837	435	146	0.3356	1	0.4313	0	0.0000
group_17563	795	4525	5.6918	32	7.5527	16	7.5527
group_17567	576	1315	2.2830	10	3.2576	5	3.2576
group_17566	1995	5558	2.7860	37	3.4800	18	3.3859
group_17564	630	745	1.1825	5	1.4892	2	1.1913
group_17565	1455	4321	2.9698	31	3.9977	15	3.8688
group_10054	891	0	0.0000	0	0.0000	0	0.0000
group_6562	384	0	0.0000	0	0.0000	0	0.0000
group_2802	747	0	0.0000	0	0.0000	0	0.0000
group_13370	819	0	0.0000	0	0.0000	0	0.0000
group_4360	132	0	0.0000	0	0.0000	0	0.0000
group_17568	1389	604	0.4348	4	0.5403	2	0.5403
group_1998	3369	2114	0.6275	14	0.7797	7	0.7797
group_17571	1026	369451	360.0887	2456	449.1567	1228	449.1568
group_17572	1344	0	0.0000	0	0.0000	0	0.0000
group_17569	375	0	0.0000	0	0.0000	0	0.0000
group_17570	1461	0	0.0000	0	0.0000	0	0.0000
group_6022	648	0	0.0000	0	0.0000	0	0.0000
group_7573	1578	589	0.3733	4	0.4756	2	0.4756
group_17573	351	1436	4.0912	12	6.4149	6	6.4149
group_17574	264	8717	33.0189	61	43.3554	30	42.6446
group_17575	165	509	3.0848	5	5.6859	2	4.5488
group_17578	777	426	0.5483	4	0.9660	2	0.9660
group_17576	1083	302	0.2789	2	0.3465	1	0.3465
group_17579	162	77	0.4753	1	1.1582	0	0.0000
group_17577	126	482	3.8254	5	7.4459	2	5.9567
group_17580	255	11047	43.3216	79	58.1305	39	57.3946
group_17581	1206	29388	24.3682	193	30.0280	96	29.8725
group_11222	177	666	3.7627	6	6.3606	3	6.3606
group_17582	204	0	0.0000	0	0.0000	0	0.0000
group_1368	285	1382	4.8491	10	6.5837	5	6.5837
group_17583	213	2194	10.3005	21	18.4994	10	17.6184
group_9025	198	151	0.7626	1	0.9477	0	0.0000
group_2770	54	0	0.0000	0	0.0000	0	0.0000
group_9392	195	166	0.8513	2	1.9245	1	1.9245
group_4146	249	2672	10.7309	19	14.3176	9	13.5641
group_15977	186	895	4.8118	6	6.0528	3	6.0528
group_10854	333	750	2.2523	5	2.8174	2	2.2539
group_17585	126	0	0.0000	0	0.0000	0	0.0000
group_17586	243	972	4.0000	7	5.4052	3	4.6330
group_17587	489	1845	3.7730	12	4.6046	6	4.6046
group_17588	225	0	0.0000	0	0.0000	0	0.0000
group_8255	360	0	0.0000	0	0.0000	0	0.0000
group_17589	603	578	0.9585	3	0.9335	1	0.6223
group_13261	522	3847	7.3697	26	9.3459	13	9.3459
group_17590	174	0	0.0000	0	0.0000	0	0.0000
group_17591	264	1455	5.5114	11	7.8182	5	7.1074
group_17592	444	0	0.0000	0	0.0000	0	0.0000
group_2385	1176	0	0.0000	0	0.0000	0	0.0000
group_6807	966	0	0.0000	0	0.0000	0	0.0000
group_8311	204	0	0.0000	0	0.0000	0	0.0000
group_17593	291	0	0.0000	0	0.0000	0	0.0000
group_17594	1284	0	0.0000	0	0.0000	0	0.0000
group_17595	228	704	3.0877	6	4.9378	3	4.9378
group_708	789	302	0.3828	2	0.4756	1	0.4756
group_7178	621	0	0.0000	0	0.0000	0	0.0000
group_11779	171	300	1.7544	2	2.1946	1	2.1946
group_6164	645	0	0.0000	0	0.0000	0	0.0000
group_3527	1113	0	0.0000	0	0.0000	0	0.0000
group_2769	1155	151	0.1307	1	0.1625	0	0.0000
group_17596	726	0	0.0000	0	0.0000	0	0.0000
group_17597	504	0	0.0000	0	0.0000	0	0.0000
group_17598	150	0	0.0000	0	0.0000	0	0.0000
group_7516	1581	8582	5.4282	57	6.7649	28	6.6462
group_11971	1155	3995	3.4589	27	4.3863	13	4.2238
group_4414	171	151	0.8830	1	1.0973	0	0.0000
group_4416	399	302	0.7569	2	0.9405	1	0.9405
group_706	210	0	0.0000	0	0.0000	0	0.0000
group_788	1218	1057	0.8678	7	1.0784	3	0.9243
group_17599	261	595	2.2797	4	2.8757	2	2.8757
group_17600	321	604	1.8816	4	2.3381	2	2.3381
group_17601	1488	6009	4.0383	40	5.0440	20	5.0440
group_17602	327	1344	4.1101	9	5.1643	4	4.5905
group_17603	213	302	1.4178	2	1.7618	1	1.7618
group_17604	231	0	0.0000	0	0.0000	0	0.0000
group_17605	564	302	0.5355	2	0.6654	1	0.6654
group_17606	219	663	3.0274	5	4.2839	2	3.4271
group_17607	159	405	2.5472	4	4.7204	2	4.7204
group_17608	870	71144	81.7747	483	104.1705	241	103.9548
group_17610	1416	118800	83.8983	801	106.1417	400	106.0092
group_17615	126	114	0.9048	2	2.9784	1	2.9784
group_17616	129	0	0.0000	0	0.0000	0	0.0000
group_872	174	4175	23.9943	29	31.2727	14	30.1944
group_17617	165	0	0.0000	0	0.0000	0	0.0000
group_17618	108	104	0.9630	2	3.4747	1	3.4747
group_2332	471	15663	33.2548	110	43.8216	55	43.8216
group_17619	165	3240	19.6364	25	28.4297	12	27.2926
group_17620	93	169	1.8172	2	4.0352	1	4.0352
group_12243	843	19650	23.3096	136	30.2711	68	30.2711
group_17621	528	27011	51.1572	189	67.1653	94	66.8099
group_17622	237	156	0.6582	1	0.7917	0	0.0000
group_17623	945	76904	81.3799	512	101.6612	256	101.6612
group_17625	921	65161	70.7503	452	92.0864	226	92.0865
group_17624	222	4343	19.5631	36	30.4275	18	30.4275
group_17627	108	0	0.0000	0	0.0000	0	0.0000
group_17626	918	8273	9.0120	56	11.4462	28	11.4462
group_17628	1056	77829	73.7017	526	93.4628	263	93.4628
group_17630	1449	0	0.0000	0	0.0000	0	0.0000
group_1800	123	0	0.0000	0	0.0000	0	0.0000
group_17632	459	302	0.6580	2	0.8176	1	0.8176
group_1139	1197	191833	160.2615	1311	205.5064	655	205.3497
group_17633	273	0	0.0000	0	0.0000	0	0.0000
group_17636	621	6540	10.5314	47	14.2011	23	13.8990
group_17635	1542	88270	57.2438	590	71.7934	295	71.7934
group_17637	345	0	0.0000	0	0.0000	0	0.0000
group_3354	261	649	2.4866	5	3.5946	2	2.8757
group_17638	195	0	0.0000	0	0.0000	0	0.0000
group_2334	471	7003	14.8684	50	19.9189	25	19.9189
group_17639	883	85103	96.3794	566	120.2742	283	120.2743
group_17640	438	3105	7.0890	22	9.4247	11	9.4247
group_17641	186	302	1.6237	2	2.0176	1	2.0176
group_17642	127	0	0.0000	0	0.0000	0	0.0000
group_17643	171	1848	10.8070	18	19.7512	9	19.7512
group_17644	102	0	0.0000	0	0.0000	0	0.0000
group_17645	120	0	0.0000	0	0.0000	0	0.0000
group_17646	123	0	0.0000	0	0.0000	0	0.0000
group_17648	264	0	0.0000	0	0.0000	0	0.0000
group_17650	2100	14792	7.0438	68	6.0758	34	6.0758
group_17651	471	12587	26.7240	92	36.6508	46	36.6508
group_3552	258	10234	39.6667	74	53.8182	37	53.8182
group_6419	226	1937	8.5708	15	12.4537	7	11.6235
group_17652	273	12331	45.1685	88	60.4835	44	60.4835
group_17653	174	5094	29.2759	41	44.2132	20	43.1348
group_17654	825	69233	83.9188	465	105.7586	232	105.5312
group_17655	333	19434	58.3604	153	86.2113	76	85.6478
group_17656	927	3357	3.6214	23	4.6555	11	4.4531
group_17657	219	5146	23.4977	35	29.9875	17	29.1308
group_17658	288	0	0.0000	0	0.0000	0	0.0000
group_17659	327	32932	100.7095	234	134.2719	117	134.2719
group_17660	1425	140736	98.7621	942	124.0375	471	124.0375
group_17661	111	0	0.0000	0	0.0000	0	0.0000
group_17662	135	0	0.0000	0	0.0000	0	0.0000
group_17664	630	6209	9.8556	44	13.1048	22	13.1048
group_17665	1188	0	0.0000	0	0.0000	0	0.0000
group_17666	429	151	0.3520	1	0.4374	0	0.0000
group_17667	229	0	0.0000	0	0.0000	0	0.0000
group_17668	393	10542	26.8244	77	36.7633	38	36.2859
group_3605	441	120	0.2721	2	0.8510	1	0.8510
dnaK	1701	604	0.3551	4	0.4412	2	0.4412
group_17669	132	0	0.0000	0	0.0000	0	0.0000
group_17670	201	0	0.0000	0	0.0000	0	0.0000
group_17671	1167	553	0.4739	4	0.6431	2	0.6431
group_17672	573	0	0.0000	0	0.0000	0	0.0000
group_1503	126	0	0.0000	0	0.0000	0	0.0000
group_2113	279	0	0.0000	0	0.0000	0	0.0000
group_17673	159	0	0.0000	0	0.0000	0	0.0000
group_13708	300	1108	3.6933	8	5.0036	4	5.0036
group_17677	2859	1057	0.3697	7	0.4594	3	0.3938
group_17674	378	151	0.3995	1	0.4964	0	0.0000
group_17675	210	0	0.0000	0	0.0000	0	0.0000
group_17679	648	0	0.0000	0	0.0000	0	0.0000
group_17676	1053	453	0.4302	3	0.5346	1	0.3564
group_17678	336	7549	22.4673	60	33.5065	30	33.5065
group_17680	261	394	1.5096	4	2.8757	2	2.8757
group_17681	159	0	0.0000	0	0.0000	0	0.0000
group_17682	270	0	0.0000	0	0.0000	0	0.0000
group_17683	273	0	0.0000	0	0.0000	0	0.0000
group_17684	207	982	4.7440	8	7.2516	4	7.2516
group_17685	255	6532	25.6157	47	34.5839	23	33.8481
group_17686	627	0	0.0000	0	0.0000	0	0.0000
group_17687	138	0	0.0000	0	0.0000	0	0.0000
group_17688	327	826	2.5260	8	4.5905	4	4.5905
group_17689	363	0	0.0000	0	0.0000	0	0.0000
group_17690	216	0	0.0000	0	0.0000	0	0.0000
group_17691	675	0	0.0000	0	0.0000	0	0.0000
group_17692	159	0	0.0000	0	0.0000	0	0.0000
group_17693	189	0	0.0000	0	0.0000	0	0.0000
group_17694	120	0	0.0000	0	0.0000	0	0.0000
group_17695	114	0	0.0000	0	0.0000	0	0.0000
group_17697	429	1203	2.8042	8	3.4990	4	3.4990
group_17696	333	151	0.4535	1	0.5635	0	0.0000
group_17698	405	428	1.0568	4	1.8532	2	1.8532
group_17699	147	1646	11.1973	16	20.4230	8	20.4230
group_17700	180	0	0.0000	0	0.0000	0	0.0000
group_17701	201	470	2.3383	4	3.7341	2	3.7341
group_17702	495	0	0.0000	0	0.0000	0	0.0000
group_17703	267	60	0.2247	1	0.7028	0	0.0000
group_17704	330	5890	17.8485	39	22.1752	19	21.6066
group_2712	93	0	0.0000	0	0.0000	0	0.0000
group_11784	171	0	0.0000	0	0.0000	0	0.0000
group_17707	450	0	0.0000	0	0.0000	0	0.0000
group_17705	666	0	0.0000	0	0.0000	0	0.0000
group_17706	432	0	0.0000	0	0.0000	0	0.0000
group_17708	1053	24081	22.8689	164	29.2235	82	29.2235
group_17709	129	0	0.0000	0	0.0000	0	0.0000
group_17710	1482	906	0.6113	6	0.7597	3	0.7597
group_17711	408	0	0.0000	0	0.0000	0	0.0000
group_17712	264	2324	8.8030	21	14.9256	10	14.2149
group_17713	123	0	0.0000	0	0.0000	0	0.0000
group_17714	162	230	1.4198	4	4.6330	2	4.6330
group_17715	450	3921	8.7133	26	10.8412	13	10.8412
group_7324	213	0	0.0000	0	0.0000	0	0.0000
group_17716	762	453	0.5945	3	0.7387	1	0.4925
group_17717	2847	1729	0.6073	12	0.7909	6	0.7909
group_17718	642	0	0.0000	0	0.0000	0	0.0000
group_17719	189	0	0.0000	0	0.0000	0	0.0000
group_17720	189	194	1.0265	2	1.9856	1	1.9856
group_14194	804	0	0.0000	0	0.0000	0	0.0000
group_6725	969	0	0.0000	0	0.0000	0	0.0000
group_5288	1857	0	0.0000	0	0.0000	0	0.0000
group_3977	1086	0	0.0000	0	0.0000	0	0.0000
group_6999	216	0	0.0000	0	0.0000	0	0.0000
group_17721	111	196	1.7658	2	3.3808	1	3.3808
group_2923	1143	0	0.0000	0	0.0000	0	0.0000
group_17722	237	529	2.2321	4	3.1669	2	3.1669
group_17723	324	0	0.0000	0	0.0000	0	0.0000
group_17724	882	714	0.8095	4	0.8510	2	0.8510
group_17725	510	0	0.0000	0	0.0000	0	0.0000
group_17726	258	433	1.6783	4	2.9091	2	2.9091
group_17727	5034	4133	0.8210	28	1.0437	14	1.0437
group_14877	105	0	0.0000	0	0.0000	0	0.0000
group_17728	1551	701	0.4520	4	0.4839	2	0.4839
group_17729	297	484	1.6296	4	2.5271	2	2.5271
group_17730	3447	2045	0.5933	14	0.7621	7	0.7621
group_17733	783	3302	4.2171	24	5.7513	12	5.7513
group_12633	834	669	0.8022	5	1.1249	2	0.8999
group_9405	195	0	0.0000	0	0.0000	0	0.0000
group_6675	633	392	0.6193	2	0.5928	1	0.5928
group_2102	771	0	0.0000	0	0.0000	0	0.0000
group_4158	1074	870	0.8101	6	1.0482	3	1.0482
group_17734	441	453	1.0272	3	1.2764	1	0.8510
group_17735	162	0	0.0000	0	0.0000	0	0.0000
group_17737	114	0	0.0000	0	0.0000	0	0.0000
group_17736	207	0	0.0000	0	0.0000	0	0.0000
group_17738	252	0	0.0000	0	0.0000	0	0.0000
group_17739	432	0	0.0000	0	0.0000	0	0.0000
group_17740	762	1198	1.5722	8	1.9699	4	1.9699
group_17741	141	789	5.5957	8	10.6460	4	10.6460
group_17742	678	151	0.2227	1	0.2767	0	0.0000
group_17743	765	0	0.0000	0	0.0000	0	0.0000
group_17744	99	198	2.0000	2	3.7906	1	3.7906
group_12054	168	865	5.1488	7	7.8182	3	6.7013
group_17745	150	1040	6.9333	10	12.5091	5	12.5091
group_17746	2571	222206	86.4278	1485	108.3780	742	108.3051
group_7852	606	48713	80.3845	334	103.4167	167	103.4167
group_17747	792	3901	4.9255	28	6.6336	14	6.6336
group_17748	468	904	1.9316	6	2.4056	3	2.4056
group_17750	195	371	1.9026	4	3.8489	2	3.8490
group_17751	168	0	0.0000	0	0.0000	0	0.0000
group_17749	108	0	0.0000	0	0.0000	0	0.0000
group_17752	387	4335	11.2016	36	17.4545	18	17.4545
group_17753	603	1651	2.7380	11	3.4229	5	3.1117
group_17754	330	453	1.3727	3	1.7058	1	1.1372
group_17755	489	3935	8.0470	26	9.9766	13	9.9766
group_17760	159	0	0.0000	0	0.0000	0	0.0000
group_17761	765	2194	2.8680	15	3.6791	7	3.4339
group_17762	2745	10041	3.6579	68	4.6482	34	4.6482
group_17763	324	16581	51.1759	119	68.9158	59	68.3367
group_3234	138	0	0.0000	0	0.0000	0	0.0000
group_17764	747	6421	8.5957	43	10.8010	21	10.5498
group_17765	696	0	0.0000	0	0.0000	0	0.0000
group_17767	546	12873	23.5769	90	30.9291	45	30.9291
group_17766	678	6560	9.6755	52	14.3910	26	14.3910
group_9165	351	3012	8.5812	22	11.7607	11	11.7607
group_13866	1266	453	0.3578	3	0.4446	1	0.2964
group_17768	681	19947	29.2907	135	37.1966	67	36.9211
group_14935	243	445	1.8313	3	2.3165	1	1.5443
group_14929	888	3293	3.7083	23	4.8599	11	4.6486
group_12830	159	266	1.6730	2	2.3602	1	2.3602
group_17769	921	21358	23.1900	142	28.9298	71	28.9298
group_17770	777	9220	11.8662	62	14.9723	31	14.9723
group_17771	306	2291	7.4869	17	10.4242	8	9.8111
group_17772	2052	44049	21.4664	288	26.3349	144	26.3349
group_17773	2883	110247	38.2404	646	42.0441	323	42.0441
group_17774	2073	12782	6.1659	88	7.9653	44	7.9653
group_17775	1662	80881	48.6649	537	60.6262	268	60.5133
group_17776	3036	52747	17.3738	358	22.1258	179	22.1258
group_16213	2871	72683	25.3163	425	27.7762	212	27.7108
group_17777	99	1128	11.3939	12	22.7438	6	22.7438
group_17778	3255	192643	59.1837	1290	74.3628	645	74.3628
group_9411	195	0	0.0000	0	0.0000	0	0.0000
group_7001	216	4867	22.5324	41	35.6162	20	34.7475
group_17779	717	0	0.0000	0	0.0000	0	0.0000
group_17781	123	0	0.0000	0	0.0000	0	0.0000
group_17780	420	151	0.3595	1	0.4468	0	0.0000
group_17782	189	0	0.0000	0	0.0000	0	0.0000
group_17783	138	0	0.0000	0	0.0000	0	0.0000
group_17784	204	2117	10.3775	16	14.7166	8	14.7166
group_2430	105	0	0.0000	0	0.0000	0	0.0000
group_17785	213	452	2.1221	3	2.6428	1	1.7618
group_5453	402	6684	16.6269	49	22.8711	24	22.4043
group_3435	726	6823	9.3981	49	12.6642	24	12.4057
group_6031	393	2584	6.5751	18	8.5940	9	8.5940
group_17791	1164	0	0.0000	0	0.0000	0	0.0000
group_17789	1107	302	0.2728	2	0.3390	1	0.3390
group_17788	1125	0	0.0000	0	0.0000	0	0.0000
group_17787	1248	0	0.0000	0	0.0000	0	0.0000
group_17786	1164	0	0.0000	0	0.0000	0	0.0000
group_17790	783	0	0.0000	0	0.0000	0	0.0000
group_8317	204	332	1.6275	4	3.6791	2	3.6791
group_7624	210	0	0.0000	0	0.0000	0	0.0000
group_504	135	0	0.0000	0	0.0000	0	0.0000
group_17792	225	0	0.0000	0	0.0000	0	0.0000
group_17793	1329	302	0.2272	2	0.2824	1	0.2824
group_8673	201	0	0.0000	0	0.0000	0	0.0000
group_2449	759	0	0.0000	0	0.0000	0	0.0000
group_4026	492	0	0.0000	0	0.0000	0	0.0000
group_5601	1005	0	0.0000	0	0.0000	0	0.0000
group_4564	417	0	0.0000	0	0.0000	0	0.0000
group_502	135	0	0.0000	0	0.0000	0	0.0000
group_9410	195	335	1.7179	2	1.9245	1	1.9245
group_1994	120	0	0.0000	0	0.0000	0	0.0000
group_13362	153	412	2.6928	3	3.6791	1	2.4528
group_10300	339	0	0.0000	0	0.0000	0	0.0000
group_10869	1398	0	0.0000	0	0.0000	0	0.0000
group_9375	1476	0	0.0000	0	0.0000	0	0.0000
group_3037	2559	0	0.0000	0	0.0000	0	0.0000
group_218	138	0	0.0000	0	0.0000	0	0.0000
group_310	291	422	1.4502	6	3.8688	3	3.8688
group_2296	111	0	0.0000	0	0.0000	0	0.0000
group_3969	252	1750	6.9444	12	8.9351	6	8.9351
group_10719	183	0	0.0000	0	0.0000	0	0.0000
group_8011	1545	6275	4.0615	42	5.1008	21	5.1008
group_11232	177	462	2.6102	4	4.2404	2	4.2404
group_11001	180	0	0.0000	0	0.0000	0	0.0000
group_1817	123	0	0.0000	0	0.0000	0	0.0000
group_3849	711	0	0.0000	0	0.0000	0	0.0000
group_3970	252	0	0.0000	0	0.0000	0	0.0000
group_14227	144	0	0.0000	0	0.0000	0	0.0000
group_11512	174	0	0.0000	0	0.0000	0	0.0000
group_2324	276	494	1.7899	4	2.7194	2	2.7194
group_17797	324	0	0.0000	0	0.0000	0	0.0000
group_17798	570	302	0.5298	2	0.6584	1	0.6584
group_17796	249	0	0.0000	0	0.0000	0	0.0000
group_17799	876	240	0.2740	2	0.4284	1	0.4284
group_17794	270	0	0.0000	0	0.0000	0	0.0000
group_17795	291	0	0.0000	0	0.0000	0	0.0000
group_17800	1293	1332	1.0302	9	1.3061	4	1.1609
group_11238	177	220	1.2429	2	2.1202	1	2.1202
group_4749	1041	948	0.9107	7	1.2617	3	1.0815
group_10303	339	219	0.6460	2	1.1070	1	1.1070
group_5037	237	766	3.2321	6	4.7503	3	4.7503
group_12833	309	3813	12.3398	31	18.8244	15	18.2171
group_6428	222	0	0.0000	0	0.0000	0	0.0000
group_7329	213	1057	4.9624	7	6.1665	3	5.2855
group_6429	222	0	0.0000	0	0.0000	0	0.0000
group_2432	105	0	0.0000	0	0.0000	0	0.0000
group_635	1221	302	0.2473	2	0.3073	1	0.3073
group_17802	156	0	0.0000	0	0.0000	0	0.0000
group_10724	183	0	0.0000	0	0.0000	0	0.0000
group_17803	201	969	4.8209	7	6.5346	3	5.6011
group_17804	294	0	0.0000	0	0.0000	0	0.0000
group_17805	255	302	1.1843	2	1.4717	1	1.4717
group_10216	888	0	0.0000	0	0.0000	0	0.0000
group_17806	201	151	0.7512	1	0.9335	0	0.0000
group_17807	684	3976	5.8129	27	7.4067	13	7.1324
group_9551	900	0	0.0000	0	0.0000	0	0.0000
group_6374	123	0	0.0000	0	0.0000	0	0.0000
group_17808	180	5248	29.1556	39	40.6545	19	39.6121
group_11290	327	0	0.0000	0	0.0000	0	0.0000
group_4285	1206	0	0.0000	0	0.0000	0	0.0000
group_17809	219	320	1.4612	6	5.1407	3	5.1407
group_17810	363	1057	2.9118	7	3.6183	3	3.1014
group_17811	90	0	0.0000	0	0.0000	0	0.0000
group_17812	294	3827	13.0170	25	15.9555	12	15.3173
group_17813	429	114013	265.7646	765	334.5962	382	334.1589
group_17814	132	0	0.0000	0	0.0000	0	0.0000
group_17815	129	0	0.0000	0	0.0000	0	0.0000
group_17816	312	252	0.8077	2	1.2028	1	1.2028
group_17817	264	3586	13.5833	26	18.4793	13	18.4793
group_17818	213	1308	6.1408	10	8.8092	5	8.8092
group_17819	183	0	0.0000	0	0.0000	0	0.0000
group_12324	165	453	2.7455	3	3.4116	1	2.2744
group_17820	1173	17446	14.8730	116	18.5557	58	18.5557
group_17821	135	0	0.0000	0	0.0000	0	0.0000
group_17822	2412	98700	40.9204	664	51.6544	332	51.6544
group_17823	132	0	0.0000	0	0.0000	0	0.0000
group_17824	168	302	1.7976	2	2.2338	1	2.2338
group_17825	330	3015	9.1364	23	13.0777	11	12.5091
group_17826	957	25200	26.3323	172	33.7236	86	33.7236
group_17827	453	13288	29.3333	96	39.7640	48	39.7640
group_17828	1053	111056	105.4663	769	137.0297	384	136.8516
group_17829	129	0	0.0000	0	0.0000	0	0.0000
group_17830	285	2942	10.3228	20	13.1675	10	13.1675
group_1074	4065	3129	0.7697	21	0.9693	10	0.9232
group_9587	1464	32554	22.2363	224	28.7094	112	28.7094
group_5792	999	151	0.1512	1	0.1878	0	0.0000
group_4325	1062	0	0.0000	0	0.0000	0	0.0000
group_8003	207	0	0.0000	0	0.0000	0	0.0000
group_4750	1041	151	0.1451	1	0.1802	0	0.0000
group_2302	1182	148	0.1252	1	0.1587	0	0.0000
group_17831	165	220	1.3333	2	2.2744	1	2.2744
group_12117	846	302	0.3570	2	0.4436	1	0.4436
group_1515	126	0	0.0000	0	0.0000	0	0.0000
group_4618	684	6936	10.1404	47	12.8931	23	12.6188
group_2899	267	4205	15.7491	31	21.7855	15	21.0827
group_9985	342	5361	15.6754	40	21.9458	20	21.9458
group_17832	240	1678	6.9917	16	12.5091	8	12.5091
group_3777	255	15844	62.1333	132	97.1294	66	97.1294
group_17833	219	442	2.0183	4	3.4271	2	3.4271
group_17834	1299	23321	17.9530	151	21.8115	75	21.6670
group_17836	210	5869	27.9476	41	36.6338	20	35.7403
group_17835	189	770	4.0741	5	4.9639	2	3.9711
group_17837	933	0	0.0000	0	0.0000	0	0.0000
group_17838	285	4110	14.4211	31	20.4096	15	19.7512
group_17839	894	8783	9.8244	59	12.3832	29	12.1733
group_3600	1215	536	0.4412	4	0.6177	2	0.6177
group_12836	831	524	0.6306	4	0.9032	2	0.9032
group_4632	1995	0	0.0000	0	0.0000	0	0.0000
group_2377	762	449	0.5892	3	0.7387	1	0.4925
group_13572	1278	1479	1.1573	10	1.4682	5	1.4682
group_12269	315	208	0.6603	4	2.3827	2	2.3827
group_17840	171	774	4.5263	6	6.5837	3	6.5837
group_17841	150	0	0.0000	0	0.0000	0	0.0000
group_1824	123	0	0.0000	0	0.0000	0	0.0000
group_17842	876	108661	124.0422	751	160.8617	375	160.6475
group_17843	109	388	3.5596	4	6.8857	2	6.8857
group_17844	990	0	0.0000	0	0.0000	0	0.0000
group_17845	195	388	1.9897	4	3.8489	2	3.8490
group_17846	162	1356	8.3704	25	28.9562	12	27.7980
group_3358	447	2400	5.3691	16	6.7163	8	6.7163
group_10606	336	2218	6.6012	18	10.0519	9	10.0519
group_17847	390	6737	17.2744	50	24.0559	25	24.0559
group_17848	465	0	0.0000	0	0.0000	0	0.0000
group_17849	561	295	0.5258	2	0.6689	1	0.6689
group_17850	102	0	0.0000	0	0.0000	0	0.0000
group_17851	270	6385	23.6481	45	31.2727	22	30.5778
group_17852	174	342	1.9655	4	4.3135	2	4.3135
group_17853	453	0	0.0000	0	0.0000	0	0.0000
group_17854	405	1567	3.8691	11	5.0963	5	4.6330
group_17855	282	1296	4.5957	10	6.6538	5	6.6538
group_17856	393	2536	6.4529	17	8.1166	8	7.6391
group_17857	711	0	0.0000	0	0.0000	0	0.0000
group_2106	117	0	0.0000	0	0.0000	0	0.0000
group_17859	376	6926	18.4202	46	22.9555	23	22.9555
group_17860	240	0	0.0000	0	0.0000	0	0.0000
group_9712	192	660	3.4375	5	4.8864	2	3.9091
group_17861	168	244	1.4524	2	2.2338	1	2.2338
group_17862	570	35110	61.5965	244	80.3215	122	80.3215
group_17863	3624	0	0.0000	0	0.0000	0	0.0000
group_17864	1722	0	0.0000	0	0.0000	0	0.0000
group_2120	279	906	3.2473	6	4.0352	3	4.0352
group_17866	345	2240	6.4928	16	8.7020	8	8.7020
group_17867	396	5593	14.1237	41	19.4270	20	18.9532
group_17869	1092	0	0.0000	0	0.0000	0	0.0000
group_17868	309	0	0.0000	0	0.0000	0	0.0000
group_17870	306	717	2.3431	6	3.6791	3	3.6791
group_17871	396	13785	34.8106	97	45.9614	48	45.4876
group_3437	726	0	0.0000	0	0.0000	0	0.0000
group_17872	162	0	0.0000	0	0.0000	0	0.0000
group_17873	612	7020	11.4706	47	14.4100	23	14.1034
group_17874	117	0	0.0000	0	0.0000	0	0.0000
group_17875	489	277	0.5665	3	1.1511	1	0.7674
group_3497	444	893	2.0113	7	2.9582	3	2.5356
group_6413	387	849	2.1938	6	2.9091	3	2.9091
group_125	501	453	0.9042	3	1.1236	1	0.7490
group_17876	540	110	0.2037	2	0.6949	1	0.6949
group_6098	990	0	0.0000	0	0.0000	0	0.0000
group_17877	255	134	0.5255	2	1.4717	1	1.4717
group_17878	702	32229	45.9103	225	60.1398	112	59.8726
group_17879	1125	125793	111.8160	834	139.1010	417	139.1011
group_17880	630	83482	132.5111	564	167.9792	282	167.9792
group_17881	234	16756	71.6068	139	111.4592	69	110.6573
group_17882	1389	59362	42.7372	395	53.3595	197	53.2244
group_17883	1098	111049	101.1375	759	129.7049	379	129.5340
group_17884	996	133733	134.2701	919	173.1303	459	172.9419
group_17885	1449	302	0.2084	2	0.2590	1	0.2590
group_17886	117	0	0.0000	0	0.0000	0	0.0000
group_17887	99	482	4.8687	6	11.3719	3	11.3719
group_17888	192	1012	5.2708	7	6.8409	3	5.8636
group_17889	4500	51973	11.5496	345	14.3855	172	14.3438
group_17890	624	3369	5.3990	23	6.9161	11	6.6154
group_17891	414	0	0.0000	0	0.0000	0	0.0000
group_17892	135	1091	8.0815	10	13.8990	5	13.8990
group_17893	114	0	0.0000	0	0.0000	0	0.0000
group_4232	783	0	0.0000	0	0.0000	0	0.0000
group_17894	1059	0	0.0000	0	0.0000	0	0.0000
group_17895	1341	14706	10.9664	98	13.7124	49	13.7124
group_17896	195	0	0.0000	0	0.0000	0	0.0000
group_17897	468	5238	11.1923	37	14.8345	18	14.4336
group_17898	996	44309	44.4869	302	56.8937	151	56.8937
group_1519	126	0	0.0000	0	0.0000	0	0.0000
group_17899	291	0	0.0000	0	0.0000	0	0.0000
group_8535	357	112	0.3137	1	0.5256	0	0.0000
group_13720	300	164	0.5467	1	0.6255	0	0.0000
group_17900	309	397	1.2848	3	1.8217	1	1.2145
group_10071	190	151	0.7947	1	0.9876	0	0.0000
group_17901	108	0	0.0000	0	0.0000	0	0.0000
group_2778	1155	0	0.0000	0	0.0000	0	0.0000
group_7166	954	0	0.0000	0	0.0000	0	0.0000
group_17903	135	0	0.0000	0	0.0000	0	0.0000
group_17902	849	302	0.3557	2	0.4420	1	0.4420
group_17907	303	13163	43.4422	93	57.5913	46	56.9721
group_17904	231	872	3.7749	6	4.8737	3	4.8737
group_17905	450	2412	5.3600	16	6.6715	8	6.6715
group_17908	615	2381	3.8715	19	5.7969	9	5.4918
group_17909	630	6561	10.4143	45	13.4026	22	13.1048
group_17910	579	15567	26.8860	106	34.3514	53	34.3514
group_17911	702	100326	142.9145	674	180.1522	337	180.1523
group_17915	213	0	0.0000	0	0.0000	0	0.0000
group_17919	1044	67649	64.7979	478	85.9101	239	85.9101
group_17920	351	3512	10.0057	24	12.8298	12	12.8298
group_17917	273	151	0.5531	1	0.6873	0	0.0000
group_17912	1215	337588	277.8502	2257	348.5557	1128	348.4013
group_17916	402	302	0.7512	2	0.9335	1	0.9335
group_17913	240	0	0.0000	0	0.0000	0	0.0000
group_17914	1155	123339	106.7870	827	134.3508	413	134.1884
group_9176	351	973	2.7721	7	3.7420	3	3.2075
group_3557	258	0	0.0000	0	0.0000	0	0.0000
group_17922	174	1858	10.6782	13	14.0188	6	12.9404
group_17923	414	21107	50.9831	153	69.3439	76	68.8906
group_17924	501	30663	61.2036	212	79.3990	106	79.3990
group_17926	255	906	3.5529	6	4.4150	3	4.4150
group_17928	771	3027	3.9261	21	5.1107	10	4.8673
group_17931	366	5542	15.1421	38	19.4814	19	19.4814
group_17934	768	239706	312.1172	1603	391.6419	801	391.3977
group_17935	381	219644	576.4934	1463	720.5037	731	720.0114
group_17937	210	9761	46.4810	73	65.2260	36	64.3325
group_17940	387	31732	81.9948	219	106.1818	109	105.6970
group_17941	1188	4537	3.8190	31	4.8962	15	4.7383
group_17942	123	0	0.0000	0	0.0000	0	0.0000
group_17943	144	189	1.3125	2	2.6061	1	2.6061
group_6652	1665	14580	8.7568	95	10.7060	47	10.5933
group_9716	192	755	3.9323	5	4.8864	2	3.9091
group_11092	330	50773	153.8576	347	197.3024	173	196.7339
group_17945	834	25535	30.6175	172	38.6972	86	38.6972
group_17946	300	3223	10.7433	23	14.3855	11	13.7600
group_17947	205	2084	10.1659	18	16.4754	9	16.4754
group_3058	1845	9989	5.4141	70	7.1190	35	7.1190
group_17948	339	4369	12.8879	29	16.0515	14	15.4980
group_12542	312	282	0.9038	2	1.2028	1	1.2028
group_17949	103	0	0.0000	0	0.0000	0	0.0000
group_17954	360	302	0.8389	2	1.0424	1	1.0424
group_17953	867	151	0.1742	1	0.2164	0	0.0000
group_17955	1128	2210	1.9592	16	2.6615	8	2.6615
group_17957	357	151	0.4230	1	0.5256	0	0.0000
group_7981	363	8408	23.1625	57	29.4636	28	28.9467
group_17958	342	302	0.8830	2	1.0973	1	1.0973
group_17959	1371	9364	6.8301	62	8.4854	31	8.4854
group_17960	192	445	2.3177	3	2.9318	1	1.9545
group_12074	168	560	3.3333	5	5.5844	2	4.4675
group_17965	384	0	0.0000	0	0.0000	0	0.0000
group_13126	156	0	0.0000	0	0.0000	0	0.0000
group_3077	1506	26319	17.4761	180	22.4267	90	22.4267
group_2059	3306	1800	0.5445	12	0.6811	6	0.6811
group_5250	1017	0	0.0000	0	0.0000	0	0.0000
group_12607	162	141	0.8704	1	1.1582	0	0.0000
group_11835	852	54056	63.4460	377	83.0269	188	82.8066
group_17966	858	453	0.5280	3	0.6561	1	0.4374
group_17968	360	2135	5.9306	17	8.8606	8	8.3394
group_17970	192	961	5.0052	7	6.8409	3	5.8636
group_17971	312	1349	4.3237	6	3.6084	3	3.6084
group_17973	198	0	0.0000	0	0.0000	0	0.0000
group_11247	177	453	2.5593	3	3.1803	1	2.1202
group_17974	276	2100	7.6087	14	9.5178	7	9.5178
group_11005	180	0	0.0000	0	0.0000	0	0.0000
group_17987	105	0	0.0000	0	0.0000	0	0.0000
group_17976	447	5918	13.2394	42	17.6303	21	17.6303
group_17983	1200	82669	68.8908	555	86.7818	277	86.6254
group_17978	414	151	0.3647	1	0.4532	0	0.0000
group_17985	681	13339	19.5874	88	24.2467	44	24.2467
group_17979	396	2416	6.1010	16	7.5813	8	7.5813
group_17986	435	2011	4.6230	15	6.4702	7	6.0389
group_17988	687	1208	1.7584	8	2.1850	4	2.1850
group_17977	579	0	0.0000	0	0.0000	0	0.0000
group_17981	189	0	0.0000	0	0.0000	0	0.0000
group_17989	4566	409434	89.6702	2716	111.6120	1358	111.6120
group_17990	1374	1929	1.4039	13	1.7753	6	1.6387
group_17991	306	0	0.0000	0	0.0000	0	0.0000
group_2123	279	0	0.0000	0	0.0000	0	0.0000
group_17992	636	27713	43.5739	191	56.3499	95	56.0549
group_17993	345	9668	28.0232	70	38.0711	35	38.0711
group_17994	138	0	0.0000	0	0.0000	0	0.0000
group_17996	471	315	0.6688	2	0.7968	1	0.7968
group_17995	387	0	0.0000	0	0.0000	0	0.0000
group_17997	300	2217	7.3900	23	14.3855	11	13.7600
group_17999	159	1333	8.3836	13	15.3413	6	14.1612
group_4775	240	10772	44.8833	73	57.0727	36	56.2909
group_18000	90	0	0.0000	0	0.0000	0	0.0000
group_18002	354	53982	152.4915	368	195.0570	184	195.0570
group_12070	168	324	1.9286	3	3.3506	1	2.2338
group_18003	189	0	0.0000	0	0.0000	0	0.0000
group_18004	465	151	0.3247	1	0.4035	0	0.0000
group_18005	165	0	0.0000	0	0.0000	0	0.0000
group_18007	1812	2680	1.4790	18	1.8639	9	1.8639
group_2433	105	0	0.0000	0	0.0000	0	0.0000
group_18008	264	151	0.5720	1	0.7107	0	0.0000
group_10075	189	0	0.0000	0	0.0000	0	0.0000
group_18009	1122	394973	352.0258	2686	449.1899	1343	449.1900
group_18010	222	476	2.1441	4	3.3808	2	3.3808
group_18011	360	0	0.0000	0	0.0000	0	0.0000
group_18016	642	26695	41.5810	179	52.3160	89	52.0238
group_18017	144	0	0.0000	0	0.0000	0	0.0000
group_18019	744	3169	4.2594	23	5.8006	11	5.5484
group_18018	264	0	0.0000	0	0.0000	0	0.0000
group_18020	534	1254	2.3483	9	3.1624	4	2.8110
group_18021	1002	10190	10.1697	67	12.5465	33	12.3593
group_2202	114	0	0.0000	0	0.0000	0	0.0000
group_18022	573	0	0.0000	0	0.0000	0	0.0000
group_18023	615	8286	13.4732	55	16.7805	27	16.4754
group_18024	1230	453	0.3683	3	0.4576	1	0.3051
group_18025	118	0	0.0000	0	0.0000	0	0.0000
group_18027	180	1053	5.8500	8	8.3394	4	8.3394
group_18026	381	5329	13.9869	39	19.2069	19	18.7144
group_18029	297	38037	128.0707	259	163.6290	129	162.9972
group_18028	906	1162882	1283.5342	7737	1602.3644	3868	1602.1575
group_5713	1791	37962	21.1960	253	26.5059	126	26.4011
group_6572	384	3450	8.9844	24	11.7273	12	11.7273
group_18030	660	6086	9.2212	42	11.9405	21	11.9405
group_18031	165	0	0.0000	0	0.0000	0	0.0000
group_18032	516	3620	7.0155	25	9.0909	12	8.7273
group_326	291	1722	5.9175	13	8.3824	6	7.7376
group_14101	297	0	0.0000	0	0.0000	0	0.0000
group_10076	189	0	0.0000	0	0.0000	0	0.0000
group_18034	1722	849	0.4930	6	0.6538	3	0.6538
group_17131	180	0	0.0000	0	0.0000	0	0.0000
group_18035	621	2266	3.6490	15	4.5323	7	4.2301
group_18036	156	0	0.0000	0	0.0000	0	0.0000
group_18037	1032	284	0.2752	2	0.3636	1	0.3636
group_18040	324	0	0.0000	0	0.0000	0	0.0000
group_18039	375	1591	4.2427	11	5.5040	5	5.0036
group_18041	288	7878	27.3542	55	35.8333	27	35.1818
group_2946	741	21515	29.0351	133	33.6783	66	33.4251
group_6726	969	0	0.0000	0	0.0000	0	0.0000
group_18043	180	150	0.8333	1	1.0424	0	0.0000
group_11553	324	0	0.0000	0	0.0000	0	0.0000
group_3770	714	23766	33.2857	159	41.7846	79	41.5218
group_12544	312	0	0.0000	0	0.0000	0	0.0000
group_18044	150	0	0.0000	0	0.0000	0	0.0000
group_18047	147	0	0.0000	0	0.0000	0	0.0000
group_18049	117	0	0.0000	0	0.0000	0	0.0000
group_18059	195	1921	9.8513	16	15.3958	8	15.3958
group_7347	213	0	0.0000	0	0.0000	0	0.0000
group_18061	717	1501	2.0934	10	2.6170	5	2.6170
group_12545	312	0	0.0000	0	0.0000	0	0.0000
group_3558	258	268	1.0388	2	1.4545	1	1.4545
group_18066	387	24318	62.8372	164	79.5151	82	79.5151
group_18067	660	5249	7.9530	35	9.9504	17	9.6661
group_18068	396	7021	17.7298	48	22.7438	24	22.7438
group_5857	228	1156	5.0702	9	7.4067	4	6.5837
group_11527	174	403	2.3161	4	4.3135	2	4.3135
group_18069	168	313	1.8631	3	3.3506	1	2.2338
group_18070	381	0	0.0000	0	0.0000	0	0.0000
group_18071	726	0	0.0000	0	0.0000	0	0.0000
group_18072	1413	15122	10.7021	101	13.4121	50	13.2793
group_18073	540	302	0.5593	2	0.6949	1	0.6949
group_18077	306	292	0.9542	2	1.2264	1	1.2264
group_18078	576	309	0.5365	2	0.6515	1	0.6515
group_17133	294	0	0.0000	0	0.0000	0	0.0000
group_17130	1659	0	0.0000	0	0.0000	0	0.0000
group_6910	378	6188	16.3704	43	21.3449	21	20.8485
group_18080	237	0	0.0000	0	0.0000	0	0.0000
group_18082	417	755	1.8106	5	2.2498	2	1.7999
group_15003	252	0	0.0000	0	0.0000	0	0.0000
group_14997	435	0	0.0000	0	0.0000	0	0.0000
group_18083	447	3479	7.7830	24	10.0744	12	10.0744
group_18084	96	442	4.6042	6	11.7273	3	11.7273
group_18085	197	104	0.5279	2	1.9049	1	1.9049
group_18086	261	4620	17.7011	32	23.0052	16	23.0052
group_18087	246	0	0.0000	0	0.0000	0	0.0000
group_18088	99	0	0.0000	0	0.0000	0	0.0000
group_5859	228	0	0.0000	0	0.0000	0	0.0000
group_4280	423	0	0.0000	0	0.0000	0	0.0000
group_18090	384	145	0.3776	1	0.4886	0	0.0000
group_18089	2067	875	0.4233	6	0.5447	3	0.5447
group_18091	153	0	0.0000	0	0.0000	0	0.0000
group_18092	273	0	0.0000	0	0.0000	0	0.0000
group_18094	498	0	0.0000	0	0.0000	0	0.0000
group_18093	1290	0	0.0000	0	0.0000	0	0.0000
group_18095	480	589	1.2271	4	1.5636	2	1.5636
group_8685	201	0	0.0000	0	0.0000	0	0.0000
group_18096	381	35948	94.3517	242	119.1811	121	119.1811
group_5570	231	116	0.5022	2	1.6246	1	1.6246
group_9426	195	0	0.0000	0	0.0000	0	0.0000
group_11803	171	409	2.3918	3	3.2919	1	2.1946
group_11011	180	0	0.0000	0	0.0000	0	0.0000
group_18097	240	958	3.9917	8	6.2545	4	6.2545
group_18098	375	254	0.6773	2	1.0007	1	1.0007
group_4109	2151	9866	4.5867	67	5.8446	33	5.7573
group_11821	321	593	1.8474	4	2.3381	2	2.3381
group_8686	201	0	0.0000	0	0.0000	0	0.0000
group_2630	753	5766	7.6574	47	11.7117	23	11.4625
group_7107	375	604	1.6107	4	2.0015	2	2.0015
group_7635	210	273	1.3000	2	1.7870	1	1.7870
group_18099	153	288	1.8824	2	2.4528	1	2.4528
group_18100	225	472	2.0978	4	3.3358	2	3.3358
group_18101	312	3831	12.2788	27	16.2378	13	15.6364
group_18102	723	1335	1.8465	9	2.3357	4	2.0762
group_18103	291	151	0.5189	1	0.6448	0	0.0000
group_18104	576	3645	6.3281	27	8.7955	13	8.4697
group_18105	561	603	1.0749	4	1.3379	2	1.3379
group_18106	156	0	0.0000	0	0.0000	0	0.0000
group_18107	237	3083	13.0084	21	16.6260	10	15.8343
group_4920	675	0	0.0000	0	0.0000	0	0.0000
group_18108	201	2965	14.7512	21	19.6038	10	18.6703
group_18109	258	295	1.1434	3	2.1818	1	1.4545
group_18110	351	2327	6.6296	17	9.0878	8	8.5532
group_18111	306	2145	7.0098	15	9.1979	7	8.5847
group_18112	393	2230	5.6743	15	7.1617	7	6.6842
group_14749	723	61323	84.8174	409	106.1456	204	105.8861
group_528	135	0	0.0000	0	0.0000	0	0.0000
group_18113	207	4001	19.3285	27	24.4743	13	23.5678
group_18114	96	0	0.0000	0	0.0000	0	0.0000
group_18115	177	2541	14.3559	17	18.0216	8	16.9615
group_18116	411	65	0.1582	1	0.4565	0	0.0000
group_18117	363	2490	6.8595	18	9.3043	9	9.3043
group_18118	444	5691	12.8176	38	16.0590	19	16.0590
group_13412	303	8091	26.7030	57	35.2979	28	34.6787
group_18119	795	3801	4.7811	26	6.1365	13	6.1365
group_18120	681	14709	21.5991	101	27.8286	50	27.5531
group_18121	231	1736	7.5152	14	11.3719	7	11.3719
group_18122	360	0	0.0000	0	0.0000	0	0.0000
group_18123	186	0	0.0000	0	0.0000	0	0.0000
group_18124	126	224	1.7778	4	5.9567	2	5.9567
group_18125	633	12576	19.8673	86	25.4925	43	25.4925
group_18126	135	768	5.6889	8	11.1192	4	11.1192
group_18127	1575	130775	83.0317	869	103.5276	434	103.4085
group_6442	222	4225	19.0315	42	35.4988	21	35.4988
group_18131	369	0	0.0000	0	0.0000	0	0.0000
group_18130	645	0	0.0000	0	0.0000	0	0.0000
group_18135	1248	0	0.0000	0	0.0000	0	0.0000
group_18140	1731	0	0.0000	0	0.0000	0	0.0000
group_18128	2865	0	0.0000	0	0.0000	0	0.0000
group_18132	795	0	0.0000	0	0.0000	0	0.0000
group_18137	465	0	0.0000	0	0.0000	0	0.0000
group_18136	1011	0	0.0000	0	0.0000	0	0.0000
group_18134	1323	0	0.0000	0	0.0000	0	0.0000
group_18139	1137	0	0.0000	0	0.0000	0	0.0000
group_18133	1293	0	0.0000	0	0.0000	0	0.0000
group_18129	1212	0	0.0000	0	0.0000	0	0.0000
group_18138	687	0	0.0000	0	0.0000	0	0.0000
group_18141	378	0	0.0000	0	0.0000	0	0.0000
group_18142	120	202	1.6833	4	6.2545	2	6.2545
group_5640	657	690	1.0502	6	1.7136	3	1.7136
group_18143	216	0	0.0000	0	0.0000	0	0.0000
group_4398	690	260	0.3768	2	0.5439	1	0.5439
group_2455	759	1300	1.7128	9	2.2249	4	1.9777
group_4819	678	1483	2.1873	10	2.7675	5	2.7675
group_5765	654	1481	2.2645	10	2.8691	5	2.8691
group_6358	981	1482	1.5107	10	1.9127	5	1.9127
group_13539	816	1303	1.5968	9	2.0695	4	1.8396
group_8691	201	0	0.0000	0	0.0000	0	0.0000
group_18144	294	2194	7.4626	16	10.2115	8	10.2115
group_18145	2178	4349	1.9968	29	2.4984	14	2.4122
group_18146	612	0	0.0000	0	0.0000	0	0.0000
group_18147	216	151	0.6991	1	0.8687	0	0.0000
group_18148	249	0	0.0000	0	0.0000	0	0.0000
group_4234	696	0	0.0000	0	0.0000	0	0.0000
group_11808	171	3214	18.7953	26	28.5295	13	28.5295
group_7625	612	0	0.0000	0	0.0000	0	0.0000
group_18149	189	1116	5.9048	8	7.9423	4	7.9423
group_18150	1053	201804	191.6467	1353	241.0939	676	240.9158
group_18151	156	300	1.9231	2	2.4056	1	2.4056
group_18152	591	0	0.0000	0	0.0000	0	0.0000
group_18153	261	0	0.0000	0	0.0000	0	0.0000
group_18154	306	2699	8.8203	21	12.8770	10	12.2638
group_2737	1158	0	0.0000	0	0.0000	0	0.0000
group_18155	744	0	0.0000	0	0.0000	0	0.0000
group_18156	144	364	2.5278	4	5.2121	2	5.2121
group_18157	213	495	2.3239	4	3.5237	2	3.5237
group_18158	105	0	0.0000	0	0.0000	0	0.0000
group_18159	198	182	0.9192	2	1.8953	1	1.8953
group_18160	270	188	0.6963	2	1.3899	1	1.3899
group_18161	324	17678	54.5617	127	73.5488	63	72.9697
group_18162	1191	1175	0.9866	9	1.4179	4	1.2604
group_4236	696	0	0.0000	0	0.0000	0	0.0000
group_2365	108	0	0.0000	0	0.0000	0	0.0000
group_1228	129	514	3.9845	4	5.8182	2	5.8182
group_10546	1416	453	0.3199	3	0.3975	1	0.2650
group_5577	231	0	0.0000	0	0.0000	0	0.0000
group_13843	513	0	0.0000	0	0.0000	0	0.0000
group_3961	432	0	0.0000	0	0.0000	0	0.0000
group_2343	471	0	0.0000	0	0.0000	0	0.0000
group_182	1233	151	0.1225	1	0.1522	0	0.0000
group_3020	738	302	0.4092	2	0.5085	1	0.5085
group_2201	768	302	0.3932	2	0.4886	1	0.4886
group_4436	489	151	0.3088	1	0.3837	0	0.0000
group_13947	1263	151	0.1196	1	0.1486	0	0.0000
group_2506	1170	151	0.1291	1	0.1604	0	0.0000
group_7030	624	124	0.1987	1	0.3007	0	0.0000
group_2810	747	259	0.3467	2	0.5024	1	0.5024
group_9334	906	812	0.8962	6	1.2426	3	1.2426
group_384	1227	659	0.5371	5	0.7646	2	0.6117
group_1477	1206	151	0.1252	1	0.1556	0	0.0000
group_2391	1176	0	0.0000	0	0.0000	0	0.0000
group_10993	873	0	0.0000	0	0.0000	0	0.0000
group_9069	198	128	0.6465	2	1.8953	1	1.8953
group_18163	2394	873	0.3647	4	0.3135	2	0.3135
group_1415	3762	0	0.0000	0	0.0000	0	0.0000
group_4608	1047	0	0.0000	0	0.0000	0	0.0000
group_2507	1170	0	0.0000	0	0.0000	0	0.0000
group_18164	5193	223649	43.0674	1472	53.1871	736	53.1871
group_14450	504	0	0.0000	0	0.0000	0	0.0000
group_7322	618	0	0.0000	0	0.0000	0	0.0000
group_11827	321	202	0.6293	2	1.1691	1	1.1691
group_7996	363	0	0.0000	0	0.0000	0	0.0000
group_18165	159	0	0.0000	0	0.0000	0	0.0000
group_10873	876	0	0.0000	0	0.0000	0	0.0000
group_11809	171	452	2.6433	6	6.5837	3	6.5837
group_4623	684	194	0.2836	4	1.0973	2	1.0973
group_10916	1395	151	0.1082	1	0.1345	0	0.0000
group_3092	1134	0	0.0000	0	0.0000	0	0.0000
group_16264	255	151	0.5922	1	0.7358	0	0.0000
group_16255	336	0	0.0000	0	0.0000	0	0.0000
group_16266	198	0	0.0000	0	0.0000	0	0.0000
group_16256	504	0	0.0000	0	0.0000	0	0.0000
group_18166	357	291	0.8151	2	1.0512	1	1.0512
group_18167	210	145	0.6905	1	0.8935	0	0.0000
group_18168	144	0	0.0000	0	0.0000	0	0.0000
group_18169	90	0	0.0000	0	0.0000	0	0.0000
group_18170	387	7933	20.4987	56	27.1515	28	27.1515
group_15129	264	841	3.1856	6	4.2645	3	4.2645
group_15131	309	2430	7.8641	17	10.3230	8	9.7158
group_18171	1155	5376	4.6545	37	6.0109	18	5.8484
group_18172	132	0	0.0000	0	0.0000	0	0.0000
group_18173	174	0	0.0000	0	0.0000	0	0.0000
group_18174	378	1767	4.6746	12	5.9567	6	5.9567
group_5085	408	7615	18.6642	51	23.4545	25	22.9946
group_18175	1185	11600	9.7890	79	12.5091	39	12.3507
group_18176	150	0	0.0000	0	0.0000	0	0.0000
group_13454	519	3122	6.0154	21	7.5922	10	7.2307
group_134	501	3014	6.0160	21	7.8650	10	7.4905
group_12042	1341	6137	4.5764	41	5.7368	20	5.5969
group_18177	141	533	3.7801	6	7.9845	3	7.9845
group_18178	507	9788	19.3057	64	23.6858	32	23.6858
group_18179	129	0	0.0000	0	0.0000	0	0.0000
group_18180	306	3302	10.7908	25	15.3298	12	14.7166
group_3688	717	453	0.6318	3	0.7851	1	0.5234
group_8560	594	0	0.0000	0	0.0000	0	0.0000
group_18181	162	0	0.0000	0	0.0000	0	0.0000
group_18182	942	3700	3.9278	25	4.9797	12	4.7805
group_18183	1185	5730	4.8354	38	6.0170	19	6.0170
group_5520	660	2373	3.5955	20	5.6859	10	5.6859
group_18184	417	292	0.7002	2	0.8999	1	0.8999
group_18185	198	647	3.2677	5	4.7383	2	3.7906
group_18186	210	0	0.0000	0	0.0000	0	0.0000
group_3564	259	9453	36.4981	74	53.6104	37	53.6104
group_18187	201	755	3.7562	5	4.6676	2	3.7341
group_18188	246	558	2.2683	4	3.0510	2	3.0510
group_18189	195	0	0.0000	0	0.0000	0	0.0000
group_18190	477	901	1.8889	6	2.3602	3	2.3602
group_18191	228	600	2.6316	4	3.2919	2	3.2919
group_18192	306	1659	5.4216	13	7.9715	6	7.3583
group_18193	261	0	0.0000	0	0.0000	0	0.0000
group_18194	183	0	0.0000	0	0.0000	0	0.0000
group_18195	270	465	1.7222	4	2.7798	2	2.7798
group_18196	150	0	0.0000	0	0.0000	0	0.0000
group_18197	114	0	0.0000	0	0.0000	0	0.0000
group_18198	111	0	0.0000	0	0.0000	0	0.0000
group_17415	102	204	2.0000	2	3.6791	1	3.6791
group_18199	216	0	0.0000	0	0.0000	0	0.0000
group_18200	147	0	0.0000	0	0.0000	0	0.0000
group_18201	279	12542	44.9534	95	63.8905	47	63.2180
group_18202	240	4945	20.6042	34	26.5818	17	26.5818
group_18203	132	0	0.0000	0	0.0000	0	0.0000
group_18204	201	232	1.1542	2	1.8670	1	1.8670
group_1536	126	0	0.0000	0	0.0000	0	0.0000
group_10963	1392	0	0.0000	0	0.0000	0	0.0000
group_18205	192	302	1.5729	2	1.9545	1	1.9545
group_18206	166	0	0.0000	0	0.0000	0	0.0000
group_10743	183	576	3.1475	4	4.1013	2	4.1013
group_18207	213	0	0.0000	0	0.0000	0	0.0000
group_8353	204	0	0.0000	0	0.0000	0	0.0000
group_18208	141	0	0.0000	0	0.0000	0	0.0000
group_18209	186	0	0.0000	0	0.0000	0	0.0000
group_7325	618	2443	3.9531	18	5.4651	9	5.4651
group_7977	1548	2619	1.6919	19	2.3030	9	2.1818
group_12629	1317	2945	2.2361	21	2.9919	10	2.8495
group_5836	396	392	0.9899	3	1.4215	1	0.9477
group_1866	483	514	1.0642	4	1.5539	2	1.5539
group_3104	453	897	1.9801	6	2.4852	3	2.4852
group_3434	2373	4102	1.7286	28	2.2140	14	2.2140
group_9186	909	2496	2.7459	17	3.5091	8	3.3027
group_7306	372	785	2.1102	6	3.0264	3	3.0264
group_3717	1101	1918	1.7421	13	2.2155	6	2.0451
group_3981	2178	5826	2.6749	40	3.4460	20	3.4460
group_6490	978	1876	1.9182	13	2.4941	6	2.3023
group_3618	1107	1392	1.2575	11	1.8645	5	1.6950
group_7032	624	251	0.4022	2	0.6014	1	0.6014
group_18210	129	0	0.0000	0	0.0000	0	0.0000
group_18211	228	1164	5.1053	9	7.4067	4	6.5837
group_18212	768	0	0.0000	0	0.0000	0	0.0000
group_18213	1506	27034	17.9509	183	22.8004	91	22.6758
group_18214	2892	55737	19.2728	375	24.3304	187	24.2656
group_18215	852	944	1.1080	8	1.7618	4	1.7618
group_18216	138	194	1.4058	2	2.7194	1	2.7194
group_18217	180	7021	39.0056	57	59.4182	28	58.3757
group_18218	375	18675	49.8000	135	67.5491	67	67.0487
group_18219	141	2497	17.7092	27	35.9304	13	34.5996
group_18220	606	29375	48.4736	194	60.0684	97	60.0684
group_18221	513	17904	34.9006	125	45.7203	62	45.3546
group_18222	741	229	0.3090	2	0.5064	1	0.5064
group_18223	231	5628	24.3636	44	35.7402	22	35.7403
group_18224	786	8885	11.3041	56	13.3685	28	13.3685
group_18225	900	14361	15.9567	99	20.6400	49	20.4315
group_18226	114	174	1.5263	2	3.2919	1	3.2919
group_8287	927	19728	21.2816	134	27.1233	67	27.1233
group_18227	825	21872	26.5115	151	34.3431	75	34.1157
group_18228	144	0	0.0000	0	0.0000	0	0.0000
group_18229	1419	0	0.0000	0	0.0000	0	0.0000
group_348	291	4265	14.6564	29	18.6992	14	18.0544
group_18230	879	151	0.1718	1	0.2135	0	0.0000
group_6602	165	6187	37.4970	47	53.4479	23	52.3107
group_18231	102	0	0.0000	0	0.0000	0	0.0000
group_6728	969	99916	103.1125	688	133.2237	344	133.2237
group_18232	765	2216	2.8967	16	3.9244	8	3.9244
group_14740	513	1903	3.7096	13	4.7549	6	4.3892
group_18233	135	268	1.9852	4	5.5596	2	5.5596
group_18234	900	21361	23.7344	148	30.8557	74	30.8558
group_18235	201	118	0.5871	1	0.9335	0	0.0000
group_18236	681	0	0.0000	0	0.0000	0	0.0000
group_3751	438	1510	3.4475	10	4.2839	5	4.2839
group_18237	93	0	0.0000	0	0.0000	0	0.0000
group_18238	240	4050	16.8750	34	26.5818	17	26.5818
group_6452	222	0	0.0000	0	0.0000	0	0.0000
group_18242	123	0	0.0000	0	0.0000	0	0.0000
group_18240	1152	0	0.0000	0	0.0000	0	0.0000
group_18239	954	0	0.0000	0	0.0000	0	0.0000
group_18241	441	0	0.0000	0	0.0000	0	0.0000
group_18243	1143	0	0.0000	0	0.0000	0	0.0000
group_18244	723	262	0.3624	2	0.5190	1	0.5190
group_14947	708	2774	3.9181	19	5.0354	9	4.7704
group_12086	168	0	0.0000	0	0.0000	0	0.0000
group_18245	2061	0	0.0000	0	0.0000	0	0.0000
group_18246	249	0	0.0000	0	0.0000	0	0.0000
group_15067	552	10373	18.7917	69	23.4545	34	23.1146
group_18247	933	6085	6.5220	43	8.6478	21	8.4467
group_18248	1440	7757	5.3868	53	6.9061	26	6.7758
group_11233	867	5000	5.7670	35	7.5747	17	7.3583
group_11566	324	604	1.8642	4	2.3165	2	2.3165
group_18252	1011	5812	5.7488	39	7.2382	19	7.0526
group_18250	1290	4869	3.7744	33	4.8000	16	4.6545
group_18249	1344	8352	6.2143	56	7.8182	28	7.8182
group_18251	870	3595	4.1322	26	5.6075	13	5.6075
group_18253	1593	8075	5.0691	55	6.4783	27	6.3606
group_18254	156	1134	7.2692	9	10.8252	4	9.6224
group_18255	480	1956	4.0750	12	4.6909	6	4.6909
group_11268	177	0	0.0000	0	0.0000	0	0.0000
group_18258	594	0	0.0000	0	0.0000	0	0.0000
group_18257	975	0	0.0000	0	0.0000	0	0.0000
group_18256	381	0	0.0000	0	0.0000	0	0.0000
group_4127	1209	0	0.0000	0	0.0000	0	0.0000
group_10099	189	266	1.4074	2	1.9856	1	1.9856
group_12562	312	3426	10.9808	24	14.4336	12	14.4336
group_4815	1038	12697	12.2322	86	15.5460	43	15.5460
group_5838	396	4873	12.3056	35	16.5840	17	16.1102
group_8555	357	0	0.0000	0	0.0000	0	0.0000
group_4116	1077	0	0.0000	0	0.0000	0	0.0000
group_11135	870	1739	1.9989	12	2.5881	6	2.5881
group_18259	216	0	0.0000	0	0.0000	0	0.0000
group_18260	456	18291	40.1118	125	51.4354	62	51.0239
group_18261	300	1813	6.0433	13	8.1309	6	7.5055
group_18266	579	42801	73.9223	301	97.5450	150	97.2209
group_18268	153	195	1.2745	2	2.4528	1	2.4528
group_18262	204	1622	7.9510	12	11.0374	6	11.0374
group_18263	714	500320	700.7283	3332	875.6361	1666	875.6362
group_18264	243	722	2.9712	5	3.8608	2	3.0887
group_18265	309	621	2.0097	5	3.0362	2	2.4289
group_18267	492	3541	7.1972	24	9.1530	12	9.1530
group_18269	174	316	1.8161	6	6.4702	3	6.4702
group_18270	354	151	0.4266	1	0.5300	0	0.0000
group_18271	519	5738	11.0559	39	14.0998	19	13.7383
group_18272	120	0	0.0000	0	0.0000	0	0.0000
group_18273	255	151	0.5922	1	0.7358	0	0.0000
group_18274	216	259	1.1991	3	2.6061	1	1.7374
group_9080	198	316	1.5960	4	3.7906	2	3.7906
group_18275	255	2250	8.8235	17	12.5091	8	11.7733
group_1552	126	0	0.0000	0	0.0000	0	0.0000
group_18276	144	0	0.0000	0	0.0000	0	0.0000
group_18277	834	0	0.0000	0	0.0000	0	0.0000
group_18278	153	0	0.0000	0	0.0000	0	0.0000
group_18279	1236	0	0.0000	0	0.0000	0	0.0000
group_18280	285	0	0.0000	0	0.0000	0	0.0000
group_8708	201	265	1.3184	2	1.8670	1	1.8670
group_18281	150	0	0.0000	0	0.0000	0	0.0000
group_18282	630	579	0.9190	4	1.1913	2	1.1913
group_18283	153	0	0.0000	0	0.0000	0	0.0000
group_18284	102	0	0.0000	0	0.0000	0	0.0000
group_18288	477	275	0.5765	3	1.1801	1	0.7867
group_18287	243	0	0.0000	0	0.0000	0	0.0000
group_18286	615	4651	7.5626	31	9.4581	15	9.1530
group_18285	342	453	1.3246	3	1.6459	1	1.0973
group_18289	243	174	0.7160	2	1.5443	1	1.5443
group_18290	651	434	0.6667	3	0.8647	1	0.5765
group_18291	675	2788	4.1304	19	5.2816	9	5.0036
group_18292	279	906	3.2473	6	4.0352	3	4.0352
group_18293	345	594	1.7217	5	2.7194	2	2.1755
group_18294	1602	54578	34.0687	368	43.1025	184	43.1025
group_18295	93	0	0.0000	0	0.0000	0	0.0000
group_18296	237	827	3.4895	6	4.7503	3	4.7503
group_18297	282	3627	12.8617	24	15.9690	12	15.9690
group_18298	141	0	0.0000	0	0.0000	0	0.0000
group_18299	138	0	0.0000	0	0.0000	0	0.0000
group_18300	252	72	0.2857	1	0.7446	0	0.0000
group_12295	315	568	1.8032	4	2.3827	2	2.3827
group_8360	204	151	0.7402	1	0.9198	0	0.0000
group_14270	144	0	0.0000	0	0.0000	0	0.0000
group_18301	210	0	0.0000	0	0.0000	0	0.0000
group_4771	825	0	0.0000	0	0.0000	0	0.0000
group_18302	1689	81532	48.2724	556	61.7678	278	61.7678
group_18306	132	0	0.0000	0	0.0000	0	0.0000
group_18303	342	9896	28.9357	67	36.7592	33	36.2105
group_18304	240	2655	11.0625	18	14.0727	9	14.0727
group_18305	216	0	0.0000	0	0.0000	0	0.0000
group_18307	168	0	0.0000	0	0.0000	0	0.0000
group_18308	99	0	0.0000	0	0.0000	0	0.0000
group_18309	144	0	0.0000	0	0.0000	0	0.0000
group_18310	195	917	4.7026	8	7.6979	4	7.6979
group_18311	399	0	0.0000	0	0.0000	0	0.0000
group_12090	168	0	0.0000	0	0.0000	0	0.0000
group_18312	285	2120	7.4386	16	10.5340	8	10.5340
group_6823	966	1207	1.2495	10	1.9424	5	1.9424
group_3317	1125	1480	1.3156	10	1.6679	5	1.6679
group_5499	1008	866	0.8591	6	1.1169	3	1.1169
group_4182	2127	743	0.3493	5	0.4411	2	0.3529
group_2009	120	0	0.0000	0	0.0000	0	0.0000
group_18313	174	0	0.0000	0	0.0000	0	0.0000
group_18314	441	5493	12.4558	37	15.7427	18	15.3173
group_2650	96	0	0.0000	0	0.0000	0	0.0000
group_18316	486	560	1.1523	4	1.5443	2	1.5443
group_18315	201	416	2.0697	4	3.7341	2	3.7341
group_18317	270	1340	4.9630	9	6.2545	4	5.5596
group_18318	282	7985	28.3156	53	35.2650	26	34.5996
group_16608	192	151	0.7865	1	0.9773	0	0.0000
group_16599	150	0	0.0000	0	0.0000	0	0.0000
group_7367	213	210	0.9859	2	1.7618	1	1.7618
group_18322	798	0	0.0000	0	0.0000	0	0.0000
group_18321	318	113	0.3553	1	0.5901	0	0.0000
group_18319	546	401	0.7344	3	1.0310	1	0.6873
group_18320	114	0	0.0000	0	0.0000	0	0.0000
group_18323	360	0	0.0000	0	0.0000	0	0.0000
group_18324	369	880	2.3848	7	3.5595	3	3.0510
group_18325	162	0	0.0000	0	0.0000	0	0.0000
group_4798	363	910	2.5069	8	4.1352	4	4.1352
group_18326	108	0	0.0000	0	0.0000	0	0.0000
group_18327	297	2266	7.6296	17	10.7401	8	10.1084
group_7036	624	1903	3.0497	4	1.2028	2	1.2028
group_18328	450	2163	4.8067	15	6.2545	7	5.8376
group_18329	159	0	0.0000	0	0.0000	0	0.0000
group_18330	495	8274	16.7152	56	21.2275	28	21.2275
group_18331	165	151	0.9152	1	1.1372	0	0.0000
group_18332	159	0	0.0000	0	0.0000	0	0.0000
group_18333	129	0	0.0000	0	0.0000	0	0.0000
group_18334	501	0	0.0000	0	0.0000	0	0.0000
group_18335	132	0	0.0000	0	0.0000	0	0.0000
group_18336	231	887	3.8398	7	5.6859	3	4.8737
group_18337	552	1747	3.1649	13	4.4190	6	4.0791
group_5557	1818	302	0.1661	2	0.2064	1	0.2064
group_9721	1455	0	0.0000	0	0.0000	0	0.0000
group_18338	153	770	5.0327	8	9.8110	4	9.8111
group_18339	129	0	0.0000	0	0.0000	0	0.0000
group_18340	219	0	0.0000	0	0.0000	0	0.0000
group_18341	159	469	2.9497	4	4.7204	2	4.7204
group_6175	645	0	0.0000	0	0.0000	0	0.0000
group_6176	645	0	0.0000	0	0.0000	0	0.0000
group_18342	507	1930	3.8067	16	5.9215	8	5.9215
group_18343	174	0	0.0000	0	0.0000	0	0.0000
group_18368	405	1318	3.2543	9	4.1697	4	3.7064
group_18367	996	21645	21.7319	147	27.6933	73	27.5049
group_18362	804	99861	124.2052	680	158.6974	340	158.6974
group_18358	117	0	0.0000	0	0.0000	0	0.0000
group_18359	402	1359	3.3806	9	4.2008	4	3.7341
group_18351	684	28085	41.0599	188	51.5726	94	51.5726
group_18349	228	1438	6.3070	10	8.2297	5	8.2297
group_18346	192	0	0.0000	0	0.0000	0	0.0000
group_18347	192	2523	13.1406	17	16.6136	8	15.6364
group_18356	1185	69908	58.9941	468	74.1045	234	74.1045
group_18355	360	755	2.0972	5	2.6061	2	2.0848
group_18348	306	1208	3.9477	8	4.9055	4	4.9055
group_18370	870	163332	187.7379	1125	242.6332	562	242.4175
group_18360	402	1646	4.0945	11	5.1343	5	4.6676
group_18353	339	34313	101.2183	232	128.4119	116	128.4119
group_18357	348	6970	20.0287	49	26.4201	24	25.8809
group_18364	624	453	0.7260	3	0.9021	1	0.6014
group_18363	261	151	0.5785	1	0.7189	0	0.0000
group_18365	261	151	0.5785	1	0.7189	0	0.0000
group_18354	264	152	0.5758	1	0.7107	0	0.0000
group_18361	213	109	0.5117	1	0.8809	0	0.0000
group_18366	225	0	0.0000	0	0.0000	0	0.0000
group_18352	162	0	0.0000	0	0.0000	0	0.0000
group_18344	231	0	0.0000	0	0.0000	0	0.0000
group_18345	303	6563	21.6601	44	27.2475	22	27.2475
group_18371	201	27315	135.8955	218	203.5060	109	203.5061
group_18350	951	52825	55.5468	376	74.1864	188	74.1864
group_18372	210	151	0.7190	1	0.8935	0	0.0000
group_9687	345	0	0.0000	0	0.0000	0	0.0000
group_258	138	0	0.0000	0	0.0000	0	0.0000
group_3851	435	3430	7.8851	23	9.9210	11	9.4897
group_18376	537	8605	16.0242	59	20.6155	29	20.2661
group_5468	402	30194	75.1095	216	100.8195	108	100.8195
group_13740	300	151	0.5033	1	0.6255	0	0.0000
group_4579	417	15004	35.9808	100	44.9967	50	44.9967
group_2211	114	140	1.2281	2	3.2919	1	3.2919
group_18377	276	5169	18.7283	36	24.4743	18	24.4743
group_18055	429	30425	70.9207	209	91.4126	104	90.9752
group_18053	210	752	3.5810	5	4.4675	2	3.5740
group_18057	330	248	0.7515	3	1.7058	1	1.1372
group_18058	129	0	0.0000	0	0.0000	0	0.0000
group_18048	432	46659	108.0069	319	138.5555	159	138.1212
group_18050	813	31102	38.2558	207	47.7746	103	47.5438
group_18051	366	40406	110.3989	281	144.0596	140	143.5469
group_18054	363	2336	6.4353	16	8.2705	8	8.2705
group_18052	894	25774	28.8300	172	36.1001	86	36.1001
group_18393	1686	88286	52.3642	599	66.6632	299	66.5519
group_18394	852	41371	48.5575	275	60.5634	137	60.3431
group_18388	270	0	0.0000	0	0.0000	0	0.0000
group_18379	300	1105	3.6833	8	5.0036	4	5.0036
group_18396	444	9242	20.8153	63	26.6241	31	26.2015
group_18380	408	48955	119.9877	356	163.7219	178	163.7219
group_18390	1668	134775	80.8004	928	104.3924	464	104.3924
group_18397	258	1045	4.0504	8	5.8182	4	5.8182
group_18389	615	301	0.4894	2	0.6102	1	0.6102
group_18381	1074	46257	43.0698	322	56.2560	161	56.2560
group_18382	402	16441	40.8980	120	56.0108	60	56.0108
group_18395	885	10767	12.1661	72	15.2653	36	15.2653
group_18383	306	604	1.9739	4	2.4528	2	2.4528
group_18378	132	0	0.0000	0	0.0000	0	0.0000
group_18387	141	0	0.0000	0	0.0000	0	0.0000
group_18385	345	143	0.4145	1	0.5439	0	0.0000
group_18386	138	0	0.0000	0	0.0000	0	0.0000
group_18384	93	72	0.7742	2	4.0352	1	4.0352
group_18391	165	0	0.0000	0	0.0000	0	0.0000
group_18392	150	0	0.0000	0	0.0000	0	0.0000
group_18398	114	0	0.0000	0	0.0000	0	0.0000
group_18399	423	4531	10.7116	35	15.5255	17	15.0819
group_4850	963	0	0.0000	0	0.0000	0	0.0000
group_18400	288	0	0.0000	0	0.0000	0	0.0000
group_18401	195	0	0.0000	0	0.0000	0	0.0000
group_18402	105	0	0.0000	0	0.0000	0	0.0000
group_18403	4773	942	0.1974	7	0.2752	3	0.2359
group_16252	2340	7292	3.1162	49	3.9291	24	3.8490
group_16267	225	0	0.0000	0	0.0000	0	0.0000
group_16268	495	4874	9.8465	33	12.5091	16	12.1300
group_16277	291	0	0.0000	0	0.0000	0	0.0000
group_16258	204	748	3.6667	5	4.5989	2	3.6791
group_16270	291	0	0.0000	0	0.0000	0	0.0000
group_16254	480	604	1.2583	4	1.5636	2	1.5636
group_16271	330	0	0.0000	0	0.0000	0	0.0000
group_16272	855	601	0.7029	4	0.8778	2	0.8778
group_16269	849	5847	6.8869	40	8.8403	20	8.8403
group_16273	708	2829	3.9958	20	5.3005	10	5.3005
group_16274	297	0	0.0000	0	0.0000	0	0.0000
group_16262	2796	906	0.3240	6	0.4027	3	0.4027
group_16275	156	0	0.0000	0	0.0000	0	0.0000
group_18404	213	453	2.1268	3	2.6428	1	1.7618
group_18405	213	0	0.0000	0	0.0000	0	0.0000
group_18406	285	292	1.0246	2	1.3167	1	1.3167
group_18407	759	580	0.7642	4	0.9889	2	0.9889
group_2213	114	204	1.7895	2	3.2919	1	3.2919
group_18408	231	8624	37.3333	68	55.2349	34	55.2349
group_2945	456	510	1.1184	4	1.6459	2	1.6459
group_13712	813	5676	6.9815	39	9.0010	19	8.7702
group_18409	1188	7838	6.5976	54	8.5289	27	8.5289
group_18410	186	0	0.0000	0	0.0000	0	0.0000
group_13853	513	8865	17.2807	65	23.7746	32	23.4088
group_18411	198	3525	17.8030	26	24.6391	13	24.6391
group_18412	138	377	2.7319	4	5.4387	2	5.4387
group_18415	288	0	0.0000	0	0.0000	0	0.0000
group_18414	390	0	0.0000	0	0.0000	0	0.0000
group_18413	369	444	1.2033	3	1.5255	1	1.0170
group_18416	237	141	0.5949	1	0.7917	0	0.0000
group_18417	240	535	2.2292	4	3.1273	2	3.1273
pglX	2226	20308	9.1231	136	11.4639	68	11.4639
group_18418	687	2306	3.3566	17	4.6431	8	4.3700
group_241	6564	8747	1.3326	46	1.3149	23	1.3149
group_544	135	0	0.0000	0	0.0000	0	0.0000
group_18419	213	5423	25.4601	41	36.1178	20	35.2369
group_18420	654	1020	1.5596	7	2.0083	3	1.7214
group_18423	558	906	1.6237	6	2.0176	3	2.0176
group_18422	387	549	1.4186	4	1.9394	2	1.9394
group_18421	630	439	0.6968	3	0.8935	1	0.5957
group_18424	243	1096	4.5103	9	6.9495	4	6.1773
group_6049	648	900	1.3889	6	1.7374	3	1.7374
group_18425	324	1025	3.1636	8	4.6330	4	4.6330
group_18426	240	0	0.0000	0	0.0000	0	0.0000
group_2368	108	0	0.0000	0	0.0000	0	0.0000
group_18427	408	6041	14.8064	41	18.8556	20	18.3957
group_18428	3198	22872	7.1520	155	9.0943	77	9.0356
group_14999	210	0	0.0000	0	0.0000	0	0.0000
group_18429	228	607	2.6623	8	6.5837	4	6.5837
group_13428	303	151	0.4983	1	0.6193	0	0.0000
group_18430	681	2912	4.2761	22	6.0617	11	6.0617
group_18431	174	144	0.8276	1	1.0784	0	0.0000
group_10102	189	158	0.8360	2	1.9856	1	1.9856
group_14436	801	1303	1.6267	9	2.1083	4	1.8740
group_11607	1362	3469	2.5470	23	3.1686	11	3.0308
group_1589	486	7506	15.4444	51	19.6902	25	19.3041
group_13408	153	1042	6.8105	10	12.2638	5	12.2638
group_6461	222	0	0.0000	0	0.0000	0	0.0000
group_18432	948	1510	1.5928	10	1.9793	5	1.9793
group_18433	171	0	0.0000	0	0.0000	0	0.0000
group_18434	115	0	0.0000	0	0.0000	0	0.0000
group_18435	135	354	2.6222	4	5.5596	2	5.5596
group_18436	192	1000	5.2083	7	6.8409	3	5.8636
group_18437	171	292	1.7076	4	4.3892	2	4.3892
group_18438	258	708	2.7442	6	4.3636	3	4.3636
group_18439	171	1662	9.7193	15	16.4593	7	15.3620
group_5348	1014	1385	1.3659	10	1.8505	5	1.8505
group_18440	162	0	0.0000	0	0.0000	0	0.0000
group_16882	6321	62956	9.9598	315	9.3506	157	9.3210
group_18441	1146	4615	4.0271	33	5.4031	16	5.2394
group_5092	408	654	1.6029	5	2.2995	2	1.8396
group_18442	229	1596	6.9694	12	9.8325	6	9.8325
group_18443	681	3705	5.4405	25	6.8883	12	6.6127
group_18444	300	258	0.8600	2	1.2509	1	1.2509
group_15582	720	0	0.0000	0	0.0000	0	0.0000
group_15586	651	1005	1.5438	7	2.0176	3	1.7294
group_18445	177	0	0.0000	0	0.0000	0	0.0000
group_18446	2346	2612	1.1134	15	1.1997	7	1.1197
group_18447	2253	749	0.3324	5	0.4164	2	0.3331
group_18448	726	4891	6.7369	33	8.5289	16	8.2705
group_4538	1050	755	0.7190	5	0.8935	2	0.7148
group_18449	205	7629	37.2146	55	50.3414	27	49.4262
group_17291	3801	10721	2.8206	72	3.5543	36	3.5543
group_18451	378	151	0.3995	1	0.4964	0	0.0000
group_18450	372	470	1.2634	4	2.0176	2	2.0176
group_8465	924	2652	2.8701	17	3.4522	8	3.2491
group_3108	453	2540	5.6071	23	9.5268	11	9.1126
group_18452	135	0	0.0000	0	0.0000	0	0.0000
group_18453	960	4192	4.3667	28	5.4727	14	5.4727
group_18454	372	3621	9.7339	25	12.6100	12	12.1056
group_18455	159	0	0.0000	0	0.0000	0	0.0000
group_18456	219	2067	9.4384	19	16.2789	9	15.4222
group_18457	1083	5834	5.3869	41	7.1035	20	6.9302
group_18458	513	241	0.4698	2	0.7315	1	0.7315
group_18460	174	706	4.0575	6	6.4702	3	6.4702
group_5141	1659	112786	67.9843	753	85.1658	376	85.0528
group_6063	393	0	0.0000	0	0.0000	0	0.0000
group_18461	288	3388	11.7639	24	15.6364	12	15.6364
group_18462	189	1651	8.7354	11	10.9206	5	9.9278
group_18463	1149	75341	65.5709	501	81.8153	250	81.6520
group_18464	204	13347	65.4265	101	92.8984	50	91.9786
group_18466	357	4457	12.4846	34	17.8701	17	17.8701
group_12094	168	0	0.0000	0	0.0000	0	0.0000
group_18467	849	12782	15.0554	87	19.2277	43	19.0067
group_18468	153	444	2.9020	3	3.6791	1	2.4528
group_18471	201	99	0.4925	1	0.9335	0	0.0000
group_18470	858	5550	6.4685	37	8.0915	18	7.8729
group_18473	180	479	2.6611	4	4.1697	2	4.1697
group_13150	156	281	1.8013	2	2.4056	1	2.4056
group_8027	207	151	0.7295	1	0.9065	0	0.0000
group_9423	348	19715	56.6523	136	73.3291	68	73.3291
group_18475	510	26680	52.3137	182	66.9604	91	66.9604
group_18476	348	8702	25.0057	58	31.2727	29	31.2727
group_18477	252	804	3.1905	6	4.4675	3	4.4675
group_18479	189	2623	13.8783	19	18.8629	9	17.8701
group_18480	1449	55875	38.5611	384	49.7256	192	49.7256
group_5234	1269	255557	201.3846	1703	251.8082	851	251.6604
group_10437	186	0	0.0000	0	0.0000	0	0.0000
group_3134	264	548	2.0758	4	2.8430	2	2.8430
group_18483	144	0	0.0000	0	0.0000	0	0.0000
group_18485	474	0	0.0000	0	0.0000	0	0.0000
group_18486	447	0	0.0000	0	0.0000	0	0.0000
group_18487	204	2454	12.0294	17	15.6364	8	14.7166
group_18488	819	10073	12.2991	67	15.3500	33	15.1209
group_18489	1164	21618	18.5722	144	23.2127	72	23.2127
group_5329	234	0	0.0000	0	0.0000	0	0.0000
group_5255	1089	65842	60.4610	438	75.4680	219	75.4681
group_18490	2643	41514	15.7072	282	20.0202	141	20.0202
group_18491	330	10271	31.1242	76	43.2132	38	43.2132
group_18492	135	240	1.7778	2	2.7798	1	2.7798
group_12995	528	0	0.0000	0	0.0000	0	0.0000
group_18493	222	0	0.0000	0	0.0000	0	0.0000
group_17757	159	0	0.0000	0	0.0000	0	0.0000
group_17756	225	875	3.8889	7	5.8376	3	5.0036
group_13433	303	0	0.0000	0	0.0000	0	0.0000
group_18495	174	469	2.6954	4	4.3135	2	4.3135
group_4249	2100	5652	2.6914	37	3.3060	18	3.2166
group_14051	510	0	0.0000	0	0.0000	0	0.0000
group_2924	1143	55503	48.5591	371	60.9038	185	60.7397
group_18496	633	6556	10.3570	44	13.0427	22	13.0427
group_18497	246	0	0.0000	0	0.0000	0	0.0000
group_14524	294	302	1.0272	2	1.2764	1	1.2764
group_6260	390	0	0.0000	0	0.0000	0	0.0000
group_6261	390	0	0.0000	0	0.0000	0	0.0000
group_5907	651	0	0.0000	0	0.0000	0	0.0000
group_6732	969	0	0.0000	0	0.0000	0	0.0000
group_18498	222	610	2.7477	6	5.0713	3	5.0713
group_4812	240	0	0.0000	0	0.0000	0	0.0000
group_18499	168	432	2.5714	3	3.3506	1	2.2338
group_18500	198	0	0.0000	0	0.0000	0	0.0000
mET2	711	24978	35.1308	167	44.0721	83	43.8082
group_7634	612	479	0.7827	5	1.5330	2	1.2264
wD40	4158	102	0.0245	2	0.0903	1	0.0903
group_4183	2127	38403	18.0550	239	21.0837	119	20.9955
group_10345	339	36602	107.9705	246	136.1609	123	136.1609
group_18504	138	0	0.0000	0	0.0000	0	0.0000
group_18508	1149	0	0.0000	0	0.0000	0	0.0000
group_18507	690	0	0.0000	0	0.0000	0	0.0000
group_18505	153	0	0.0000	0	0.0000	0	0.0000
group_18506	225	604	2.6844	4	3.3358	2	3.3358
group_18509	144	477	3.3125	4	5.2121	2	5.2121
group_18510	138	0	0.0000	0	0.0000	0	0.0000
group_18511	1146	0	0.0000	0	0.0000	0	0.0000
group_18512	486	0	0.0000	0	0.0000	0	0.0000
group_16699	363	1210	3.3333	11	5.6859	5	5.1690
group_16683	1194	51641	43.2504	343	53.9022	171	53.7451
group_18513	93	150	1.6129	2	4.0352	1	4.0352
group_8371	204	1808	8.8627	12	11.0374	6	11.0374
group_18522	156	0	0.0000	0	0.0000	0	0.0000
group_18514	267	248	0.9288	2	1.4055	1	1.4055
group_18521	372	562	1.5108	4	2.0176	2	2.0176
group_18516	813	0	0.0000	0	0.0000	0	0.0000
group_18520	2121	1057	0.4983	7	0.6193	3	0.5308
group_18517	321	671	2.0903	5	2.9227	2	2.3381
group_18515	570	276	0.4842	2	0.6584	1	0.6584
group_18518	225	151	0.6711	1	0.8339	0	0.0000
group_18519	249	0	0.0000	0	0.0000	0	0.0000
group_18523	414	2702	6.5266	19	8.6113	9	8.1581
group_18524	237	1245	5.2532	9	7.1254	4	6.3337
group_18525	312	906	2.9038	6	3.6084	3	3.6084
group_835	288	572	1.9861	4	2.6061	2	2.6061
group_18526	156	0	0.0000	0	0.0000	0	0.0000
group_18529	297	0	0.0000	0	0.0000	0	0.0000
group_18528	1215	0	0.0000	0	0.0000	0	0.0000
group_18527	333	0	0.0000	0	0.0000	0	0.0000
group_18532	108	0	0.0000	0	0.0000	0	0.0000
group_18530	144	0	0.0000	0	0.0000	0	0.0000
group_18531	306	0	0.0000	0	0.0000	0	0.0000
group_18533	408	453	1.1103	3	1.3797	1	0.9198
group_18534	460	44955	97.7283	321	130.9375	160	130.5296
group_5078	237	1497	6.3165	11	8.7089	5	7.9171
group_18535	573	10220	17.8360	71	23.2499	35	22.9224
group_18536	258	5698	22.0853	44	32.0000	22	32.0000
group_18537	213	2356	11.0610	17	14.9757	8	14.0947
group_18538	240	453	1.8875	3	2.3455	1	1.5636
group_18539	837	0	0.0000	0	0.0000	0	0.0000
group_3597	720	0	0.0000	0	0.0000	0	0.0000
group_18540	435	194	0.4460	2	0.8627	1	0.8627
group_18541	540	0	0.0000	0	0.0000	0	0.0000
group_18542	264	0	0.0000	0	0.0000	0	0.0000
group_18543	594	42702	71.8889	290	91.6070	145	91.6070
group_18544	129	591	4.5814	6	8.7273	3	8.7273
group_18545	459	6078	13.2418	42	17.1693	21	17.1693
group_18546	252	0	0.0000	0	0.0000	0	0.0000
group_18547	207	802	3.8744	6	5.4387	3	5.4387
group_2760	90	0	0.0000	0	0.0000	0	0.0000
group_18548	1023	453	0.4428	3	0.5503	1	0.3668
group_18549	675	622	0.9215	4	1.1119	2	1.1119
group_18550	312	0	0.0000	0	0.0000	0	0.0000
group_18551	375	7011	18.6960	49	24.5178	24	24.0175
group_18552	1266	151	0.1193	1	0.1482	0	0.0000
group_18554	264	0	0.0000	0	0.0000	0	0.0000
group_18553	279	0	0.0000	0	0.0000	0	0.0000
group_11272	177	529	2.9887	4	4.2404	2	4.2404
group_18555	153	0	0.0000	0	0.0000	0	0.0000
group_18556	2724	16339	5.9982	109	7.5082	54	7.4393
group_18557	219	10468	47.7991	80	68.5429	40	68.5430
group_18558	936	1057	1.1293	7	1.4033	3	1.2028
group_18559	108	0	0.0000	0	0.0000	0	0.0000
group_18560	102	346	3.3922	4	7.3583	2	7.3583
group_18561	217	8467	39.0184	61	52.7457	30	51.8810
group_18562	171	4488	26.2456	34	37.3078	17	37.3078
group_18563	147	738	5.0204	8	10.2115	4	10.2115
group_18564	234	7924	33.8632	54	43.3007	27	43.3007
group_18565	273	0	0.0000	0	0.0000	0	0.0000
group_13476	519	669	1.2890	5	1.8077	2	1.4461
group_18566	99	0	0.0000	0	0.0000	0	0.0000
group_18567	192	0	0.0000	0	0.0000	0	0.0000
group_5282	405	16057	39.6469	115	53.2794	57	52.8162
group_11027	180	546	3.0333	8	8.3394	4	8.3394
group_18568	225	1351	6.0044	9	7.5055	4	6.6715
group_18569	126	0	0.0000	0	0.0000	0	0.0000
group_18571	279	0	0.0000	0	0.0000	0	0.0000
group_18570	1197	0	0.0000	0	0.0000	0	0.0000
group_18572	186	0	0.0000	0	0.0000	0	0.0000
group_18573	918	2557	2.7854	17	3.4747	8	3.2704
group_18574	399	724	1.8145	5	2.3513	2	1.8811
group_18575	156	0	0.0000	0	0.0000	0	0.0000
group_9428	348	0	0.0000	0	0.0000	0	0.0000
group_14924	198	0	0.0000	0	0.0000	0	0.0000
group_1848	3519	172	0.0489	2	0.1066	1	0.1066
group_18576	198	0	0.0000	0	0.0000	0	0.0000
group_18577	189	0	0.0000	0	0.0000	0	0.0000
group_7661	210	0	0.0000	0	0.0000	0	0.0000
group_18578	174	571	3.2816	6	6.4702	3	6.4702
group_18579	666	151	0.2267	1	0.2817	0	0.0000
group_18581	2025	0	0.0000	0	0.0000	0	0.0000
group_18582	852	0	0.0000	0	0.0000	0	0.0000
group_18580	255	0	0.0000	0	0.0000	0	0.0000
group_18583	1305	2806	2.1502	19	2.7319	9	2.5881
group_5847	396	0	0.0000	0	0.0000	0	0.0000
group_18584	960	1428	1.4875	10	1.9545	5	1.9545
group_18585	375	0	0.0000	0	0.0000	0	0.0000
group_11273	177	176	0.9944	2	2.1202	1	2.1202
group_18586	153	449	2.9346	4	4.9055	2	4.9055
group_18587	354	5766	16.2881	45	23.8521	22	23.3220
group_18588	192	92	0.4792	1	0.9773	0	0.0000
group_18589	978	6991	7.1483	47	9.0173	23	8.8254
group_18590	192	0	0.0000	0	0.0000	0	0.0000
group_18591	108	158	1.4630	2	3.4747	1	3.4747
group_18592	165	788	4.7758	6	6.8231	3	6.8231
group_18593	453	529	1.1678	4	1.6568	2	1.6568
group_18594	195	902	4.6256	6	5.7734	3	5.7734
group_18595	201	512	2.5473	4	3.7341	2	3.7341
group_18596	1110	0	0.0000	0	0.0000	0	0.0000
group_15108	606	1083	1.7871	8	2.4770	4	2.4770
group_15104	813	13642	16.7798	94	21.6947	47	21.6947
group_15109	1851	9050	4.8892	60	6.0822	30	6.0822
group_15115	300	0	0.0000	0	0.0000	0	0.0000
group_15111	981	142	0.1448	2	0.3825	1	0.3825
group_15102	609	0	0.0000	0	0.0000	0	0.0000
group_15113	1779	297	0.1669	2	0.2109	1	0.2109
group_18597	204	209	1.0245	2	1.8396	1	1.8396
group_2122	117	0	0.0000	0	0.0000	0	0.0000
group_18598	243	372	1.5309	6	4.6330	3	4.6330
group_18599	669	0	0.0000	0	0.0000	0	0.0000
group_18601	120	964	8.0333	12	18.7636	6	18.7636
group_18600	324	19536	60.2963	135	78.1818	67	77.6027
group_18602	375	1537	4.0987	10	5.0036	5	5.0036
group_7039	624	0	0.0000	0	0.0000	0	0.0000
group_18603	696	0	0.0000	0	0.0000	0	0.0000
group_18605	240	0	0.0000	0	0.0000	0	0.0000
group_18604	840	0	0.0000	0	0.0000	0	0.0000
group_18607	771	0	0.0000	0	0.0000	0	0.0000
group_18606	675	0	0.0000	0	0.0000	0	0.0000
group_18608	1272	0	0.0000	0	0.0000	0	0.0000
group_18609	228	0	0.0000	0	0.0000	0	0.0000
group_8083	603	0	0.0000	0	0.0000	0	0.0000
group_2349	471	0	0.0000	0	0.0000	0	0.0000
group_4087	492	0	0.0000	0	0.0000	0	0.0000
group_18610	132	222	1.6818	2	2.8430	1	2.8430
group_18611	441	0	0.0000	0	0.0000	0	0.0000
group_18616	1131	0	0.0000	0	0.0000	0	0.0000
group_18614	336	0	0.0000	0	0.0000	0	0.0000
group_18612	354	0	0.0000	0	0.0000	0	0.0000
group_18613	306	0	0.0000	0	0.0000	0	0.0000
group_18615	174	0	0.0000	0	0.0000	0	0.0000
group_18617	684	0	0.0000	0	0.0000	0	0.0000
group_18618	264	453	1.7159	3	2.1322	1	1.4215
group_18619	1722	8321	4.8322	57	6.2110	28	6.1020
group_18620	1869	3440	1.8406	22	2.2087	11	2.2087
group_18621	159	193	1.2138	2	2.3602	1	2.3602
group_18622	1164	0	0.0000	0	0.0000	0	0.0000
group_2526	273	0	0.0000	0	0.0000	0	0.0000
group_2043	1191	3608	3.0294	24	3.7811	12	3.7811
group_4585	417	0	0.0000	0	0.0000	0	0.0000
group_5088	237	0	0.0000	0	0.0000	0	0.0000
group_12627	162	0	0.0000	0	0.0000	0	0.0000
group_11828	171	212	1.2398	2	2.1946	1	2.1946
group_18623	294	0	0.0000	0	0.0000	0	0.0000
group_18624	138	0	0.0000	0	0.0000	0	0.0000
group_18625	207	1059	5.1159	9	8.1581	4	7.2516
group_18626	1197	0	0.0000	0	0.0000	0	0.0000
group_12433	537	22821	42.4972	155	54.1595	77	53.8100
group_13752	300	0	0.0000	0	0.0000	0	0.0000
group_18628	1671	0	0.0000	0	0.0000	0	0.0000
group_18629	915	0	0.0000	0	0.0000	0	0.0000
group_18627	855	0	0.0000	0	0.0000	0	0.0000
group_12626	162	1344	8.2963	11	12.7407	5	11.5825
group_7662	210	1651	7.8619	13	11.6156	6	10.7221
group_14139	297	0	0.0000	0	0.0000	0	0.0000
group_6501	978	0	0.0000	0	0.0000	0	0.0000
group_2821	1152	0	0.0000	0	0.0000	0	0.0000
group_2978	4359	35568	8.1597	238	10.2449	119	10.2449
group_16592	747	151	0.2021	1	0.2512	0	0.0000
group_18630	597	0	0.0000	0	0.0000	0	0.0000
group_18631	171	748	4.3743	6	6.5837	3	6.5837
group_18632	477	276	0.5786	2	0.7867	1	0.7867
group_3857	435	302	0.6943	2	0.8627	1	0.8627
group_18633	171	0	0.0000	0	0.0000	0	0.0000
group_8671	921	0	0.0000	0	0.0000	0	0.0000
group_18634	105	210	2.0000	2	3.5740	1	3.5740
group_18635	432	227	0.5255	2	0.8687	1	0.8687
group_18636	477	9291	19.4780	63	24.7822	31	24.3888
group_11547	552	14179	25.6866	101	34.3320	50	33.9921
group_17611	204	166	0.8137	2	1.8396	1	1.8396
group_17612	2892	4668	1.6141	10	0.6488	5	0.6488
group_17613	150	727	4.8467	6	7.5055	3	7.5055
group_17609	123	0	0.0000	0	0.0000	0	0.0000
group_18640	1854	91371	49.2832	620	62.7478	310	62.7479
group_18641	1428	189698	132.8417	1290	169.5034	645	169.5034
group_18642	786	137774	175.2850	947	226.0707	473	225.8320
group_18645	432	1812	4.1944	12	5.2121	6	5.2121
group_18644	570	151	0.2649	1	0.3292	0	0.0000
group_18646	1128	79775	70.7225	548	91.1566	274	91.1567
group_18650	177	2178	12.3051	18	19.0817	9	19.0817
group_18651	1494	40326	26.9920	272	34.1614	136	34.1614
group_18652	2199	284582	129.4143	1920	163.8298	960	163.8298
group_18653	936	121158	129.4423	834	167.1888	417	167.1888
group_18647	1128	139356	123.5426	965	160.5222	482	160.3559
group_18648	1227	158293	129.0081	1100	168.2151	550	168.2151
group_18649	2882	321580	111.5822	2165	140.9551	1082	140.8900
group_18654	384	0	0.0000	0	0.0000	0	0.0000
group_18655	1068	114662	107.3614	764	134.2267	382	134.2267
group_18656	2136	99731	46.6905	665	58.4167	332	58.3289
group_6472	1722	13893	8.0679	96	10.4606	48	10.4606
moeA	1221	27743	22.7215	194	29.8128	97	29.8128
group_6474	144	288	2.0000	2	2.6061	1	2.6061
group_6475	405	3694	9.1210	26	12.0458	13	12.0458
group_18657	738	11493	15.5732	77	19.5772	38	19.3230
group_18658	852	24812	29.1221	167	36.7785	83	36.5583
group_18659	579	34145	58.9724	240	77.7767	120	77.7767
group_18661	507	45279	89.3077	306	113.2479	153	113.2480
group_18662	672	98630	146.7708	672	187.6363	336	187.6363
group_18660	471	11202	23.7834	76	30.2768	38	30.2768
group_18665	564	0	0.0000	0	0.0000	0	0.0000
group_18666	225	4789	21.2844	35	29.1879	17	28.3539
group_18667	105	142	1.3524	2	3.5740	1	3.5740
group_18668	225	1414	6.2844	11	9.1733	5	8.3394
group_18669	339	5356	15.7994	37	20.4795	18	19.9260
group_18670	906	129526	142.9647	887	183.7013	443	183.4943
group_18671	519	82805	159.5472	569	205.7130	284	205.3515
group_18663	417	32785	78.6211	221	99.4427	110	98.9928
group_18664	639	8910	13.9437	61	17.9121	30	17.6184
group_18673	408	38880	95.2941	271	124.6310	135	124.1711
group_18674	270	25339	93.8481	184	127.8707	92	127.8707
group_18675	465	37858	81.4151	269	108.5466	134	108.1431
group_18672	678	72255	106.5708	496	137.2679	248	137.2679
group_18676	657	83582	127.2177	581	165.9310	290	165.6455
group_18686	741	0	0.0000	0	0.0000	0	0.0000
group_18687	2304	4587	1.9909	27	2.1989	13	2.1174
group_18688	765	46793	61.1673	312	76.5262	156	76.5262
group_18689	327	15034	45.9755	105	60.2502	52	59.6764
group_18690	735	15200	20.6803	111	28.3369	55	28.0816
group_6789	219	2020	9.2237	16	13.7086	8	13.7086
group_6566	813	65892	81.0480	462	106.6273	231	106.6273
group_18691	1011	48640	48.1108	331	61.4319	165	61.2463
group_6616	729	53011	72.7174	361	92.9173	180	92.6599
group_13136	525	31293	59.6057	209	74.6971	104	74.3397
group_18692	456	32324	70.8860	220	90.5263	110	90.5263
group_18693	774	13213	17.0711	87	21.0909	43	20.8485
group_18694	468	30185	64.4979	217	87.0023	108	86.6014
group_18695	654	79608	121.7248	549	157.5112	274	157.2243
group_18696	1401	48039	34.2891	324	43.3934	162	43.3934
group_18699	1101	80318	72.9500	541	92.1991	270	92.0287
group_18700	2154	80135	37.2029	554	48.2593	277	48.2593
group_18701	303	20833	68.7558	150	92.8893	75	92.8893
group_18702	540	28687	53.1241	196	68.1050	98	68.1050
group_18703	183	10075	55.0546	81	83.0521	40	82.0268
group_18704	2226	115565	51.9160	769	64.8213	384	64.7371
group_18705	1446	3554	2.4578	23	2.9845	11	2.8548
group_18706	747	22221	29.7470	163	40.9434	81	40.6922
group_18707	1491	92074	61.7532	633	79.6605	316	79.5347
group_18708	1593	5271	3.3089	39	4.5937	19	4.4759
group_18709	1041	134541	129.2421	919	165.6463	459	165.4660
group_18710	915	29807	32.5760	207	42.4489	103	42.2438
group_18711	633	69065	109.1074	477	141.3942	238	141.0978
group_18712	147	0	0.0000	0	0.0000	0	0.0000
group_18713	357	3154	8.8347	22	11.5630	11	11.5630
group_18714	261	1990	7.6245	14	10.0648	7	10.0648
group_18715	132	624	4.7273	7	9.9504	3	8.5289
group_18716	408	20288	49.7255	139	63.9251	69	63.4652
group_18717	336	31047	92.4018	225	125.6493	112	125.0909
group_18718	225	14920	66.3111	117	97.5709	58	96.7370
group_18697	297	12820	43.1650	91	57.4913	45	56.8595
group_18698	165	0	0.0000	0	0.0000	0	0.0000
group_18719	285	9292	32.6035	80	52.6698	40	52.6698
group_18720	1011	41049	40.6024	280	51.9665	140	51.9665
group_18721	1356	195815	144.4063	1322	182.9316	661	182.9316
group_18722	201	348	1.7313	4	3.7341	2	3.7341
group_18723	939	101342	107.9255	690	137.8797	345	137.8797
group_18724	783	74297	94.8876	508	121.7359	254	121.7360
group_18725	1035	129600	125.2174	886	160.6239	443	160.6240
group_18726	2253	33611	14.9183	232	19.3216	116	19.3216
group_18727	318	25487	80.1478	183	107.9794	91	107.3894
group_18738	351	2226	6.3419	15	8.0186	7	7.4841
group_18737	465	11939	25.6753	80	32.2815	40	32.2815
group_18728	702	8403	11.9701	70	18.7102	35	18.7102
group_18729	1137	143922	126.5805	977	161.2319	488	161.0669
group_18730	2319	295994	127.6386	1983	160.4497	991	160.3688
group_18731	792	909	1.1477	6	1.4215	3	1.4215
group_18732	2430	66909	27.5346	445	34.3614	222	34.2842
group_18733	492	36333	73.8476	252	96.1064	126	96.1064
group_18734	2214	401217	181.2182	2691	228.0620	1345	227.9773
group_18735	1407	68918	48.9822	459	61.2118	229	61.0785
group_18736	795	52044	65.4642	347	81.8991	173	81.6631
group_6682	288	302	1.0486	2	1.3030	1	1.3030
group_6683	210	364	1.7333	3	2.6805	1	1.7870
group_6685	2967	8707	2.9346	58	3.6680	29	3.6680
group_6686	297	151	0.5084	1	0.6318	0	0.0000
group_6687	390	151	0.3872	1	0.4811	0	0.0000
group_6688	231	151	0.6537	1	0.8123	0	0.0000
group_18739	90	0	0.0000	0	0.0000	0	0.0000
group_18740	201	146	0.7264	1	0.9335	0	0.0000
group_18741	3531	28209	7.9890	187	9.9371	93	9.8840
group_18742	546	9819	17.9835	66	22.6813	33	22.6813
group_18743	306	10051	32.8464	75	45.9893	37	45.3761
group_18744	348	18587	53.4109	130	70.0940	65	70.0940
group_18745	627	39656	63.2472	281	84.0922	140	83.7929
group_18746	207	12252	59.1884	92	83.3939	46	83.3939
group_18747	900	72925	81.0278	503	104.8678	251	104.6594
group_18748	399	7842	19.6541	57	26.8052	28	26.3349
group_18749	255	6964	27.3098	47	34.5839	23	33.8481
group_18750	657	1340	2.0396	9	2.5704	4	2.2848
group_18751	420	25107	59.7786	179	79.9688	89	79.5221
group_6697	426	302	0.7089	2	0.8809	1	0.8809
group_18752	348	151	0.4339	1	0.5392	0	0.0000
group_18753	321	12690	39.5327	94	54.9465	47	54.9465
group_18754	618	67870	109.8220	467	141.7899	233	141.4863
group_18755	933	27286	29.2454	189	38.0099	94	37.8088
group_18756	219	1728	7.8904	13	11.1382	6	10.2814
group_18757	1122	45573	40.6176	319	53.3476	159	53.1804
group_18758	339	20827	61.4366	154	85.2389	77	85.2389
group_18759	1416	62874	44.4025	423	56.0524	211	55.9199
group_18778	1173	758	0.6462	5	0.7998	2	0.6399
group_18760	924	302	0.3268	2	0.4061	1	0.4061
group_18762	2667	1464	0.5489	10	0.7035	5	0.7035
group_18763	183	97	0.5301	1	1.0253	0	0.0000
group_18764	1002	13908	13.8802	95	17.7899	47	17.6026
group_18765	2244	91562	40.8030	613	51.2572	306	51.1735
group_18766	792	26481	33.4356	177	41.9339	88	41.6970
group_18767	357	4560	12.7731	31	16.2933	15	15.7678
group_18761	156	497	3.1859	4	4.8112	2	4.8112
group_18777	468	9314	19.9017	64	25.6597	32	25.6597
group_18768	996	7094	7.1225	51	9.6079	25	9.4195
group_18769	555	44451	80.0919	298	100.7489	149	100.7489
group_18770	624	46008	73.7308	318	95.6223	159	95.6224
group_18771	1164	190266	163.4588	1293	208.4311	646	208.2699
group_18772	252	8944	35.4921	66	49.1428	33	49.1429
group_18773	1011	163887	162.1039	1101	204.3398	550	204.1543
group_18774	1113	93607	84.1033	633	106.7150	316	106.5464
group_18775	147	235	1.5986	2	2.5529	1	2.5529
group_18776	261	1694	6.4904	12	8.6270	6	8.6270
group_18779	603	21576	35.7811	145	45.1198	72	44.8087
group_18780	1032	27008	26.1705	183	33.2727	91	33.0909
group_18784	864	35268	40.8194	235	51.0353	117	50.8182
group_18782	294	4888	16.6259	33	21.0612	16	20.4230
group_18781	984	23165	23.5417	158	30.1286	79	30.1286
group_18783	219	2742	12.5205	21	17.9925	10	17.1357
group_18785	420	8398	19.9952	55	24.5714	27	24.1247
group_18787	417	1647	3.9496	11	4.9496	5	4.4997
group_18786	3189	58470	18.3349	296	17.4162	148	17.4162
group_18788	258	253	0.9806	3	2.1818	1	1.4545
group_18790	471	72630	154.2038	510	203.1731	255	203.1731
group_18791	327	1183	3.6177	10	5.7381	5	5.7381
group_18792	3000	105397	35.1323	705	44.0945	352	44.0320
group_18793	876	51889	59.2340	349	74.7546	174	74.5405
group_18789	600	47841	79.7350	322	100.6982	161	100.6982
group_18794	924	17161	18.5725	115	23.3530	57	23.1499
group_18795	450	0	0.0000	0	0.0000	0	0.0000
group_18796	840	0	0.0000	0	0.0000	0	0.0000
group_18798	162	0	0.0000	0	0.0000	0	0.0000
group_18797	198	0	0.0000	0	0.0000	0	0.0000
group_18799	219	0	0.0000	0	0.0000	0	0.0000
group_11551	174	2581	14.8333	19	20.4890	9	19.4107
group_18800	165	213	1.2909	2	2.2744	1	2.2744
group_18801	393	29295	74.5420	216	103.1284	108	103.1284
group_18802	267	5548	20.7790	42	29.5158	21	29.5158
group_18803	93	0	0.0000	0	0.0000	0	0.0000
group_14815	1002	49424	49.3253	329	61.6091	164	61.4219
ykfC	831	45245	54.4465	311	70.2225	155	69.9967
group_7508	369	744	2.0163	6	3.0510	3	3.0510
group_7290	951	1318	1.3859	10	1.9730	5	1.9730
group_4290	423	702	1.6596	5	2.2179	2	1.7743
group_18804	241	1009	4.1867	9	7.0072	4	6.2286
group_18805	153	0	0.0000	0	0.0000	0	0.0000
group_18806	333	27106	81.3994	197	111.0041	98	110.4406
group_18807	426	24663	57.8944	164	72.2356	82	72.2356
group_18808	231	0	0.0000	0	0.0000	0	0.0000
group_18809	141	189	1.3404	2	2.6615	1	2.6615
group_18810	378	18414	48.7143	133	66.0202	66	65.5238
group_18811	615	5738	9.3301	38	11.5938	19	11.5938
group_18812	174	0	0.0000	0	0.0000	0	0.0000
group_18813	549	8034	14.6339	56	19.1396	28	19.1396
group_18814	411	6276	15.2701	45	20.5441	22	20.0876
group_18815	195	396	2.0308	6	5.7734	3	5.7734
group_18816	681	13571	19.9280	90	24.7977	45	24.7978
group_18817	501	2853	5.6946	20	7.4905	10	7.4905
group_18818	399	0	0.0000	0	0.0000	0	0.0000
group_18819	381	3501	9.1890	24	11.8196	12	11.8196
group_18820	240	147	0.6125	1	0.7818	0	0.0000
group_18821	156	998	6.3974	8	9.6224	4	9.6224
group_3388	261	1211	4.6398	9	6.4702	4	5.7513
group_18822	1278	302	0.2363	2	0.2936	1	0.2936
group_18823	1305	919	0.7042	7	1.0065	3	0.8627
group_4898	1929	3908	2.0259	26	2.5291	13	2.5291
group_9598	1464	0	0.0000	0	0.0000	0	0.0000
group_2311	1182	0	0.0000	0	0.0000	0	0.0000
group_4208	2118	0	0.0000	0	0.0000	0	0.0000
group_18824	987	0	0.0000	0	0.0000	0	0.0000
group_18825	2391	0	0.0000	0	0.0000	0	0.0000
group_5609	231	319	1.3810	3	2.4368	1	1.6246
group_18826	915	0	0.0000	0	0.0000	0	0.0000
group_18827	120	0	0.0000	0	0.0000	0	0.0000
group_6550	636	6234	9.8019	43	12.6861	21	12.3911
group_18828	213	4587	21.5352	40	35.2369	20	35.2369
group_13165	156	149	0.9551	1	1.2028	0	0.0000
group_18829	327	0	0.0000	0	0.0000	0	0.0000
group_18830	186	0	0.0000	0	0.0000	0	0.0000
group_18831	240	4921	20.5042	37	28.9273	18	28.1455
group_18832	726	37131	51.1446	259	66.9391	129	66.6807
group_18833	168	0	0.0000	0	0.0000	0	0.0000
group_18834	495	29655	59.9091	211	79.9823	105	79.6033
group_18835	249	226	0.9076	2	1.5071	1	1.5071
group_18836	246	1376	5.5935	12	9.1530	6	9.1530
group_18837	771	19123	24.8029	127	30.9077	63	30.6643
group_18838	528	55170	104.4886	373	132.5537	186	132.1983
group_4335	246	600	2.4390	4	3.0510	2	3.0510
group_18839	951	54950	57.7813	375	73.9891	187	73.7918
group_18840	267	2379	8.9101	17	11.9469	8	11.2441
group_18841	117	178	1.5214	2	3.2075	1	3.2075
group_18842	126	216	1.7143	2	2.9784	1	2.9784
group_18843	171	1626	9.5088	11	12.0702	5	10.9729
group_18844	138	867	6.2826	10	13.5968	5	13.5968
group_18845	366	626	1.7104	5	2.5633	2	2.0507
group_18846	108	0	0.0000	0	0.0000	0	0.0000
group_18847	153	0	0.0000	0	0.0000	0	0.0000
group_18848	252	11680	46.3492	80	59.5671	40	59.5671
group_18849	846	89497	105.7884	611	135.5151	305	135.2933
group_18850	174	1428	8.2069	16	17.2539	8	17.2539
group_18851	102	0	0.0000	0	0.0000	0	0.0000
group_18852	174	5298	30.4483	47	50.6834	23	49.6050
group_18853	510	32114	62.9686	229	84.2524	114	83.8845
group_18855	297	15812	53.2391	108	68.2314	54	68.2314
group_18854	573	30633	53.4607	208	68.1123	104	68.1123
group_18856	300	19464	64.8800	150	93.8182	75	93.8182
group_18858	693	35667	51.4675	235	63.6285	117	63.3577
group_18857	282	1489	5.2801	12	7.9845	6	7.9845
group_6588	975	65581	67.2626	448	86.2165	224	86.2165
group_18859	348	4988	14.3333	39	21.0282	19	20.4890
group_18860	765	21515	28.1242	140	34.3387	70	34.3387
group_18861	561	35599	63.4563	249	83.2824	124	82.9480
group_18862	279	3914	14.0287	26	17.4858	13	17.4858
group_18863	174	1210	6.9540	10	10.7837	5	10.7837
group_18864	720	73190	101.6528	491	127.9575	245	127.6970
group_18865	138	2982	21.6087	32	43.5099	16	43.5099
group_18866	144	1066	7.4028	8	10.4242	4	10.4242
group_7851	987	142675	144.5542	986	187.4462	493	187.4462
group_7853	633	80359	126.9494	546	161.8474	273	161.8475
group_7855	1089	155835	143.0992	1059	182.4673	529	182.2950
group_7858	1416	77462	54.7048	519	68.7735	259	68.6410
acoB	984	177198	180.0793	1223	233.2106	611	233.0199
group_7861	498	54201	108.8373	375	141.2924	187	140.9156
group_7864	2322	350467	150.9332	2343	189.3333	1171	189.2525
group_7866	306	14832	48.4706	105	64.3850	52	63.7718
group_18868	1626	86276	53.0603	589	67.9691	294	67.8537
lldD	1164	190819	163.9338	1307	210.6878	653	210.5267
group_7869	234	22194	94.8462	161	129.1002	80	128.2984
ccmK	309	36043	116.6440	259	157.2744	129	156.6672
group_7880	1356	243954	179.9071	1652	228.5953	826	228.5953
rpmI	204	20103	98.5441	151	138.8877	75	137.9679
group_18871	348	42671	122.6178	303	163.3730	151	162.8338
group_18873	195	11297	57.9333	87	83.7147	43	82.7524
group_18875	711	68060	95.7243	465	122.7157	232	122.4518
group_18877	696	99035	142.2917	709	191.1410	354	190.8714
group_7889	1119	163762	146.3467	1097	183.9473	548	183.7796
group_7899	486	73953	152.1667	509	196.5162	254	196.1302
group_7898	222	13744	61.9099	105	88.7469	52	87.9017
group_7900	258	24499	94.9574	170	123.6363	85	123.6363
group_7897	315	21972	69.7524	152	90.5420	76	90.5420
group_7910	225	23393	103.9689	169	140.9357	84	140.1018
group_18879	885	105443	119.1446	728	154.3494	364	154.3494
group_7908	1074	173549	161.5912	1183	206.6795	591	206.5048
psaJ	129	1532	11.8760	18	26.1818	9	26.1818
group_18890	168	7528	44.8095	57	63.6623	28	62.5454
ccdA	729	78488	107.6653	535	137.7029	267	137.4455
group_18893	1359	257490	189.4702	1749	241.4834	874	241.3453
group_7926	663	9833	14.8311	66	18.6787	33	18.6787
group_7927	213	493	2.3146	4	3.5237	2	3.5237
group_7929	606	98345	162.2855	692	214.2646	346	214.2646
group_18894	384	43705	113.8151	306	149.5227	153	149.5227
group_18896	183	11077	60.5301	84	86.1281	42	86.1282
group_18897	489	70580	144.3354	494	189.5549	247	189.5549
group_7934	798	145436	182.2506	1006	236.5440	503	236.5441
group_18901	1788	331099	185.1784	2235	234.5454	1117	234.4405
group_18905	504	65792	130.5397	453	168.6493	226	168.2770
group_18903	744	113644	152.7473	767	193.4369	383	193.1847
group_18904	363	46868	129.1129	336	173.6799	168	173.6799
group_18906	96	0	0.0000	0	0.0000	0	0.0000
rplM	456	60676	133.0614	412	169.5310	206	169.5311
group_18907	414	56666	136.8744	382	173.1330	191	173.1330
group_18909	234	24534	104.8462	177	141.9300	88	141.1282
folE	699	106352	152.1488	744	199.7159	372	199.7159
group_18912	576	76204	132.2986	527	171.6742	263	171.3485
group_7953	177	1068	6.0339	9	9.5408	4	8.4807
group_7963	1431	252296	176.3075	1725	226.1863	862	226.0552
dedA	606	84051	138.6980	595	184.2304	297	183.9208
ahcY	1278	216896	169.7152	1483	217.7345	741	217.5877
group_4539	1173	136495	116.3640	938	150.0451	469	150.0451
oLE1	834	132504	158.8777	902	202.9352	451	202.9352
group_18916	1143	47453	41.5162	318	52.2033	159	52.2033
group_7973	186	3686	19.8172	26	26.2287	13	26.2287
group_7975	1659	209505	126.2839	1425	161.1704	712	161.0574
group_18918	216	6543	30.2917	44	38.2222	22	38.2222
group_7990	336	34871	103.7827	258	144.0779	129	144.0779
group_7993	687	102794	149.6274	717	195.8300	358	195.5569
group_18922	600	85884	143.1400	601	187.9490	300	187.6363
group_8000	213	3289	15.4413	25	22.0230	12	21.1421
group_18924	672	8160	12.1429	56	15.6364	28	15.6364
group_8006	1344	140854	104.8021	942	131.5129	471	131.5130
group_8008	444	40630	91.5090	294	124.2457	147	124.2457
group_18931	510	69694	136.6549	492	181.0138	246	181.0139
group_8012	588	12018	20.4388	82	26.1670	41	26.1670
group_8014	153	2959	19.3399	23	28.2068	11	26.9804
group_18936	309	18431	59.6472	154	93.5145	77	93.5145
group_18375	120	0	0.0000	0	0.0000	0	0.0000
group_18937	801	25616	31.9800	177	41.4627	88	41.2285
group_8016	417	53934	129.3381	390	175.4872	195	175.4872
group_8017	315	9779	31.0444	77	45.8667	38	45.2710
group_18900	1359	192527	141.6681	1296	178.9379	648	178.9380
sWEET	255	24627	96.5765	183	134.6566	91	133.9208
group_18872	957	59883	62.5737	376	73.7213	188	73.7213
ree1	615	18207	29.6049	128	39.0528	64	39.0528
group_18938	1224	125215	102.2998	832	127.5436	416	127.5437
group_18939	2052	241396	117.6394	1625	148.5911	812	148.4997
group_18940	426	36567	85.8380	251	110.5557	125	110.1152
group_18943	501	42131	84.0938	299	111.9825	149	111.6080
group_8028	324	29664	91.5556	218	126.2491	109	126.2491
group_8031	504	58966	116.9960	417	155.2467	208	154.8744
group_8032	348	17266	49.6149	121	65.2414	60	64.7022
group_8036	987	182620	185.0253	1249	237.4445	624	237.2545
group_18944	273	21480	78.6813	156	107.2207	78	107.2208
group_18950	783	105668	134.9527	730	174.9355	365	174.9355
group_18951	267	16290	61.0112	121	85.0337	60	84.3309
group_18955	408	5109	12.5221	35	16.0963	17	15.6364
group_18953	828	89561	108.1655	604	136.8748	302	136.8748
group_18956	588	59772	101.6531	424	135.3024	212	135.3024
group_8049	393	24573	62.5267	172	82.1207	86	82.1207
group_8052	210	4073	19.3952	28	25.0182	14	25.0182
group_8055	2052	364328	177.5478	2454	224.3955	1227	224.3955
group_8058	348	8968	25.7701	62	33.4295	31	33.4295
group_18899	291	13212	45.4021	93	59.9662	46	59.3215
group_18957	342	42709	124.8801	305	167.3365	152	166.7879
group_8089	237	20329	85.7764	144	114.0069	72	114.0069
group_18958	189	3621	19.1587	27	26.8052	13	25.8124
group_18959	177	0	0.0000	0	0.0000	0	0.0000
group_8104	399	20893	52.3634	146	68.6589	73	68.6589
group_8106	222	4367	19.6712	31	26.2015	15	25.3563
group_8109	447	19403	43.4072	137	57.5082	68	57.0885
rpsU	183	14984	81.8798	117	119.9642	58	118.9389
group_18965	207	302	1.4589	2	1.8129	1	1.8129
group_8124	360	25953	72.0917	181	94.3394	90	93.8182
group_8127	348	21601	62.0718	147	79.2602	73	78.7210
group_8130	153	1349	8.8170	9	11.0374	4	9.8111
group_8136	339	13702	40.4189	95	52.5824	47	52.0290
group_8143	585	16834	28.7761	115	36.8858	57	36.5650
group_18928	1284	72769	56.6737	494	72.1903	247	72.1903
group_8172	273	604	2.2125	4	2.7492	2	2.7493
group_8173	225	453	2.0133	3	2.5018	1	1.6679
group_8177	216	2975	13.7731	20	17.3737	10	17.3737
group_8189	156	358	2.2949	4	4.8112	2	4.8112
group_8193	348	13355	38.3764	92	49.6050	46	49.6050
group_18966	984	99487	101.1047	686	130.8115	343	130.8115
group_18967	813	72577	89.2706	491	113.3203	245	113.0896
group_8204	1359	66413	48.8690	446	61.5789	223	61.5790
group_18969	591	61533	104.1168	432	137.1555	216	137.1555
group_8208	411	27465	66.8248	186	84.9157	93	84.9157
group_8211	234	5113	21.8504	34	27.2634	17	27.2634
group_8212	2571	290807	113.1105	1955	142.6795	977	142.6065
group_8215	246	13074	53.1463	94	71.6984	47	71.6984
group_8218	225	2949	13.1067	21	17.5127	10	16.6788
group_8220	705	33379	47.3461	240	63.8762	120	63.8762
group_8222	363	25749	70.9339	194	100.2795	97	100.2795
group_18974	159	0	0.0000	0	0.0000	0	0.0000
group_15605	213	0	0.0000	0	0.0000	0	0.0000
group_8242	486	12255	25.2160	85	32.8170	42	32.4310
group_8243	462	10192	22.0606	73	29.6482	36	29.2420
group_8245	1056	18519	17.5369	126	22.3884	63	22.3884
mutM	858	57216	66.6853	392	85.7266	196	85.7266
group_18639	1374	179213	130.4316	1210	165.2401	605	165.2402
group_18914	1533	70433	45.9446	481	58.8735	240	58.7511
group_18975	342	3566	10.4269	26	14.2647	13	14.2648
group_8274	312	0	0.0000	0	0.0000	0	0.0000
group_8275	339	3722	10.9794	27	14.9445	13	14.3910
group_18869	1176	137415	116.8495	936	149.3432	468	149.3432
group_8291	336	16890	50.2679	124	69.2467	62	69.2467
group_8294	2646	91614	34.6236	615	43.6116	307	43.5407
group_18976	381	19116	50.1732	138	67.9628	69	67.9628
group_18978	1812	164798	90.9481	1107	114.6321	553	114.5286
group_8302	756	40735	53.8823	277	68.7503	138	68.5022
group_8305	822	59164	71.9757	399	91.0789	199	90.8507
group_8310	1374	3467	2.5233	23	3.1409	11	3.0044
group_18638	534	913	1.7097	7	2.4597	3	2.1083
group_8312	225	14103	62.6800	106	88.3975	53	88.3976
group_18886	582	58924	101.2440	418	134.7628	209	134.7629
group_18887	744	69812	93.8333	486	122.5689	243	122.5689
group_18888	948	51461	54.2838	354	70.0667	177	70.0667
group_18979	246	8974	36.4797	68	51.8669	34	51.8670
group_18980	243	151	0.6214	1	0.7722	0	0.0000
cobT	1074	55911	52.0587	377	65.8649	188	65.6902
group_8356	208	2201	10.5817	17	15.3357	8	14.4336
group_8359	951	75366	79.2492	511	100.8225	255	100.6252
group_8369	822	121138	147.3698	831	189.6907	415	189.4625
group_8368	1248	42091	33.7268	295	44.3531	147	44.2028
thiD	801	36567	45.6517	257	60.2029	128	59.9687
group_18983	1434	77185	53.8250	515	67.3868	257	67.2560
group_18981	381	34937	91.6982	243	119.6735	121	119.1811
group_18984	678	69026	101.8083	473	130.9026	236	130.6259
group_18942	588	59268	100.7959	418	133.3877	209	133.3877
group_18985	810	45330	55.9630	320	74.1279	160	74.1279
group_18986	1638	49042	29.9402	334	38.2604	167	38.2604
group_18987	411	33331	81.0973	236	107.7425	118	107.7425
group_18989	2628	60560	23.0441	409	29.2021	204	29.1308
group_18988	1350	42468	31.4578	290	40.3071	145	40.3071
group_8390	417	2012	4.8249	14	6.2995	7	6.2995
tVP38	651	66549	102.2258	471	135.7553	235	135.4671
group_18990	1008	134700	133.6310	927	172.5584	463	172.3723
group_18991	240	7630	31.7917	53	41.4364	26	40.6545
group_18992	246	23734	96.4797	166	126.6164	83	126.6164
group_18993	2136	82052	38.4139	548	48.1389	274	48.1389
group_18995	1194	65080	54.5059	440	69.1457	220	69.1457
group_8404	771	21627	28.0506	146	35.5316	73	35.5317
group_8407	753	5100	6.7729	35	8.7215	17	8.4723
group_8408	198	573	2.8939	4	3.7906	2	3.7906
group_18915	2034	182008	89.4828	1233	113.7441	616	113.6519
group_18996	1626	118835	73.0843	802	92.5488	401	92.5488
group_19001	582	23028	39.5670	158	50.9391	79	50.9391
group_8420	618	71791	116.1667	501	152.1129	250	151.8093
group_19003	528	52771	99.9451	372	132.1983	186	132.1983
group_18946	1491	189973	127.4131	1272	160.0760	636	160.0761
group_18892	876	104374	119.1484	706	151.2229	353	151.2229
group_18970	951	124632	131.0536	844	166.5248	422	166.5248
group_18971	504	6569	13.0337	46	17.1255	23	17.1255
group_18972	864	22668	26.2361	161	34.9646	80	34.7475
group_18973	513	27455	53.5185	202	73.8841	101	73.8841
group_18677	369	31832	86.2656	225	114.4124	112	113.9039
group_18678	663	48846	73.6742	351	99.3369	175	99.0539
group_19004	1407	96544	68.6169	644	85.8833	322	85.8833
group_19005	858	61719	71.9336	415	90.7565	207	90.5378
group_19006	1038	117980	113.6609	789	142.6253	394	142.4445
group_8444	765	31261	40.8641	219	53.7155	109	53.4702
group_18878	813	49426	60.7946	339	78.2395	169	78.0087
group_18880	975	51999	53.3323	355	68.3189	177	68.1264
group_18881	1014	72730	71.7258	494	91.4126	247	91.4126
group_19009	372	2799	7.5242	20	10.0880	10	10.0880
group_19010	1851	192139	103.8028	1290	130.7676	645	130.7676
group_8455	1734	232176	133.8962	1543	166.9682	771	166.8600
group_19014	678	44302	65.3422	303	83.8552	151	83.5784
group_19012	573	87123	152.0471	601	196.8053	300	196.4778
group_19017	285	3758	13.1860	27	17.7761	13	17.1177
group_19018	288	3262	11.3264	24	15.6364	12	15.6364
group_19019	1290	6403	4.9636	44	6.4000	22	6.4000
araD	612	36793	60.1193	254	77.8752	127	77.8752
group_18932	1161	138548	119.3351	948	153.2121	474	153.2121
group_19020	783	29273	37.3857	200	47.9275	100	47.9275
group_19021	891	13031	14.6251	94	19.7955	47	19.7955
group_19022	234	1900	8.1197	13	10.4242	6	9.6224
group_19023	201	2961	14.7313	21	19.6038	10	18.6703
group_19025	447	27890	62.3937	192	80.5955	96	80.5955
group_19026	468	22750	48.6111	164	65.7529	82	65.7529
group_8482	213	4059	19.0563	32	28.1895	16	28.1895
group_8486	213	2810	13.1925	23	20.2612	11	19.3803
group_19028	339	32158	94.8614	235	130.0724	117	129.5189
group_19029	399	447	1.1203	3	1.4108	1	0.9405
group_8494	210	4234	20.1619	31	27.6987	15	26.8052
group_19030	1359	302	0.2222	2	0.2761	1	0.2761
group_18999	750	76607	102.1427	530	132.5963	265	132.5963
group_8505	1338	85082	63.5889	585	82.0383	292	81.8981
group_8506	732	53294	72.8060	367	94.0745	183	93.8182
group_8513	117	374	3.1966	4	6.4149	2	6.4149
group_8516	657	26648	40.5601	187	53.4064	93	53.1208
group_19033	504	15611	30.9742	107	39.8355	53	39.4632
group_8530	957	84822	88.6332	577	113.1308	288	112.9347
group_19034	1521	31940	20.9993	218	26.8933	109	26.8933
group_8544	378	7876	20.8360	55	27.3016	27	26.8052
group_8563	690	64825	93.9493	454	123.4593	227	123.4593
group_8566	142	292	2.0563	4	5.2855	2	5.2855
group_19035	150	367	2.4467	4	5.0036	2	5.0036
group_19036	132	795	6.0227	10	14.2149	5	14.2149
group_8589	468	6652	14.2137	46	18.4429	23	18.4429
group_8595	474	27179	57.3397	188	74.4212	94	74.4212
group_18930	1119	101273	90.5031	678	113.6885	339	113.6885
group_8609	744	67582	90.8360	464	117.0205	232	117.0205
group_19037	279	755	2.7061	5	3.3627	2	2.6901
group_8612	231	186	0.8052	2	1.6246	1	1.6246
group_6559	657	4248	6.4658	30	8.5679	15	8.5679
group_8631	822	10597	12.8917	74	16.8918	37	16.8918
group_8647	762	20217	26.5315	143	35.2126	71	34.9664
group_8650	444	29186	65.7342	196	82.8304	98	82.8305
group_19038	810	75802	93.5827	520	120.4579	260	120.4579
group_8659	261	3171	12.1494	21	15.0972	10	14.3783
group_8660	297	2342	7.8855	17	10.7401	8	10.1084
group_8663	318	10309	32.4182	70	41.3036	35	41.3036
group_19041	573	151	0.2635	1	0.3275	0	0.0000
group_19043	234	755	3.2265	5	4.0093	2	3.2075
group_19045	468	448	0.9573	3	1.2028	1	0.8019
group_8675	831	93098	112.0313	644	145.4125	322	145.4125
group_19048	240	0	0.0000	0	0.0000	0	0.0000
group_8689	201	151	0.7512	1	0.9335	0	0.0000
group_8693	666	29781	44.7162	217	61.1368	108	60.8550
group_8695	1092	95460	87.4176	648	111.3446	324	111.3446
group_19008	186	2245	12.0699	20	20.1759	10	20.1760
group_19039	834	0	0.0000	0	0.0000	0	0.0000
group_19040	1944	0	0.0000	0	0.0000	0	0.0000
group_19042	324	0	0.0000	0	0.0000	0	0.0000
group_19044	570	0	0.0000	0	0.0000	0	0.0000
group_19047	702	0	0.0000	0	0.0000	0	0.0000
group_8728	255	18830	73.8431	131	96.3936	65	95.6577
group_16765	153	0	0.0000	0	0.0000	0	0.0000
group_16766	252	0	0.0000	0	0.0000	0	0.0000
group_8740	168	0	0.0000	0	0.0000	0	0.0000
group_8741	243	231	0.9506	2	1.5443	1	1.5443
group_6868	546	41613	76.2143	293	100.6913	146	100.3476
group_8753	1806	0	0.0000	0	0.0000	0	0.0000
group_18968	666	64532	96.8949	453	127.6265	226	127.3448
group_8763	261	3570	13.6782	27	19.4107	13	18.6917
group_19050	270	267	0.9889	2	1.3899	1	1.3899
group_8769	372	29678	79.7796	215	108.4457	107	107.9413
group_8770	378	8579	22.6958	59	29.2871	29	28.7908
group_19053	957	39431	41.2027	263	51.5657	131	51.3696
group_19054	687	9637	14.0277	65	17.7531	32	17.4799
group_19055	171	1501	8.7778	12	13.1675	6	13.1675
group_7015	759	52736	69.4809	358	88.5030	179	88.5030
group_7024	864	2390	2.7662	16	3.4747	8	3.4747
group_8799	894	4379	4.8982	29	6.0866	14	5.8768
group_8801	519	2773	5.3430	19	6.8692	9	6.5076
group_8803	1341	5706	4.2550	39	5.4570	19	5.3171
group_8815	129	2086	16.1705	22	32.0000	11	32.0000
group_8817	432	5371	12.4329	39	16.9394	19	16.5050
group_8831	513	457049	890.9337	3124	1142.6429	1562	1142.6431
group_8836	999	148507	148.6557	1014	190.4537	507	190.4537
group_8843	552	272713	494.0453	1872	636.3318	936	636.3319
tnpISMae29	450	26568	59.0400	194	80.8921	97	80.8921
group_19058	2988	321760	107.6841	2143	134.5732	1071	134.5104
group_8919	975	40422	41.4585	274	52.7306	137	52.7306
group_19060	468	10401	22.2244	71	28.4662	35	28.0653
group_18998	351	17701	50.4302	125	66.8220	62	66.2875
group_8924	348	39462	113.3966	280	150.9717	140	150.9718
group_8938	225	1818	8.0800	13	10.8412	6	10.0073
group_8942	900	63646	70.7178	430	89.6485	215	89.6485
group_19061	210	14231	67.7667	96	85.7766	48	85.7766
group_8952	351	5301	15.1026	38	20.3139	19	20.3139
group_8974	195	0	0.0000	0	0.0000	0	0.0000
group_8989	687	44142	64.2533	307	83.8491	153	83.5760
group_19064	342	7150	20.9064	51	27.9809	25	27.4322
group_18885	213	892	4.1878	9	7.9283	4	7.0474
group_19065	381	27920	73.2808	193	95.0494	96	94.5569
group_15513	255	973	3.8157	7	5.1508	3	4.4150
group_9017	108	351	3.2500	4	6.9495	2	6.9495
group_18977	1680	6821	4.0601	46	5.1377	23	5.1377
group_19011	249	2179	8.7510	15	11.3034	7	10.5498
group_9031	519	43630	84.0655	300	108.4603	150	108.4603
group_9039	3393	23441	6.9086	158	8.7376	79	8.7376
group_9040	801	25207	31.4694	177	41.4627	88	41.2285
group_9045	2583	18593	7.1982	125	9.0803	62	9.0077
group_19066	804	31219	38.8296	207	48.3093	103	48.0760
group_19067	585	39492	67.5077	278	89.1673	139	89.1674
group_9060	138	0	0.0000	0	0.0000	0	0.0000
group_9062	363	11950	32.9201	82	42.3862	41	42.3862
group_9063	576	151	0.2622	1	0.3258	0	0.0000
group_9071	1266	0	0.0000	0	0.0000	0	0.0000
group_9067	363	40913	112.7080	295	152.4868	147	151.9699
group_9068	246	4370	17.7642	30	22.8825	15	22.8825
group_9075	354	15734	44.4463	113	59.8952	56	59.3652
group_9076	1305	23071	17.6789	154	22.1425	77	22.1425
group_9078	519	4529	8.7264	30	10.8460	15	10.8460
group_9079	150	451	3.0067	4	5.0036	2	5.0036
group_19068	669	38151	57.0269	258	72.3620	129	72.3620
group_18925	603	45604	75.6285	320	99.5748	160	99.5748
group_9093	138	164	1.1884	2	2.7194	1	2.7194
group_9095	207	302	1.4589	2	1.8129	1	1.8129
group_19069	165	316	1.9152	4	4.5488	2	4.5488
group_19002	780	41477	53.1756	288	69.2811	144	69.2811
group_19070	330	10564	32.0121	76	43.2132	38	43.2132
group_19072	258	6764	26.2171	49	35.6364	24	34.9091
group_9123	210	35524	169.1619	242	216.2285	121	216.2285
group_9131	444	98784	222.4865	689	291.1744	344	290.7518
group_19073	1329	3722	2.8006	26	3.6708	13	3.6708
group_9144	216	4812	22.2778	45	39.0909	22	38.2222
group_9145	1179	99913	84.7439	668	106.3113	334	106.3113
group_9146	164	3934	23.9878	27	30.8913	13	29.7472
group_19027	2706	258553	95.5480	1745	120.9998	872	120.9304
group_19074	213	551	2.5869	5	4.4046	2	3.5237
group_9155	312	5256	16.8462	38	22.8531	19	22.8531
group_9158	102	0	0.0000	0	0.0000	0	0.0000
group_9159	438	9470	21.6210	69	29.5591	34	29.1308
group_16120	333	13053	39.1982	94	52.9664	47	52.9664
group_9175	819	159035	194.1819	1089	249.4944	544	249.2654
group_19024	789	9384	11.8935	65	15.4580	32	15.2202
group_19079	432	3322	7.6898	22	9.5556	11	9.5556
group_16259	903	1536	1.7010	11	2.2857	5	2.0779
group_19083	414	17689	42.7271	135	61.1858	67	60.7325
group_19081	360	20435	56.7639	148	77.1394	74	77.1394
group_9207	1845	199859	108.3247	1337	135.9728	668	135.8711
group_19086	753	8772	11.6494	59	14.7019	29	14.4527
group_9227	351	6093	17.3590	42	22.4522	21	22.4522
group_9226	171	232	1.3567	2	2.1946	1	2.1946
group_9228	147	147	1.0000	1	1.2764	0	0.0000
group_16684	246	587	2.3862	4	3.0510	2	3.0510
group_16685	456	1703	3.7346	12	4.9378	6	4.9378
hemW	1173	85733	73.0887	580	92.7784	290	92.7784
group_19075	702	5410	7.7066	37	9.8897	18	9.6224
group_9315	573	75858	132.3874	534	174.8652	267	174.8653
group_9298	879	148885	169.3800	1024	218.5888	512	218.5889
group_18929	465	63229	135.9763	457	184.4082	228	184.0047
group_9307	351	151	0.4302	1	0.5346	0	0.0000
group_9331	1485	52331	35.2397	353	44.6031	176	44.4768
group_17530	1122	70025	62.4109	463	77.4292	231	77.2620
group_9347	906	120218	132.6909	801	165.8904	400	165.6833
group_19103	459	30330	66.0784	203	82.9851	101	82.5763
group_15435	591	46299	78.3401	309	98.1043	154	97.7868
group_9420	2544	15729	6.1828	105	7.7444	52	7.6707
group_9429	4260	335270	78.7019	2221	97.8263	1110	97.7823
group_9434	801	901	1.1248	6	1.4055	3	1.4055
group_9464	2172	604	0.2781	4	0.3456	2	0.3456
group_9466	276	3883	14.0688	28	19.0356	14	19.0356
group_9475	3045	0	0.0000	0	0.0000	0	0.0000
group_9506	486	1701	3.5000	12	4.6330	6	4.6330
group_15549	777	0	0.0000	0	0.0000	0	0.0000
group_9525	1554	31634	20.3565	215	25.9600	107	25.8392
group_9532	396	1494	3.7727	11	5.2121	5	4.7383
group_9561	363	151	0.4160	1	0.5169	0	0.0000
group_9578	2085	302	0.1448	2	0.1800	1	0.1800
group_9616	153	602	3.9346	4	4.9055	2	4.9055
group_9620	186	3124	16.7957	23	23.2023	11	22.1935
group_14760	1101	0	0.0000	0	0.0000	0	0.0000
group_9632	1788	607	0.3395	4	0.4198	2	0.4198
group_9648	219	302	1.3790	2	1.7136	1	1.7136
group_9659	1032	28536	27.6512	194	35.2727	97	35.2727
group_9694	111	0	0.0000	0	0.0000	0	0.0000
group_9702	177	1306	7.3785	9	9.5408	4	8.4807
group_9713	2019	0	0.0000	0	0.0000	0	0.0000
group_9727	300	3948	13.1600	32	20.0145	16	20.0145
group_9757	603	4230	7.0149	30	9.3351	15	9.3351
group_9810	858	0	0.0000	0	0.0000	0	0.0000
group_9814	486	33130	68.1687	247	95.3625	123	94.9764
group_9819	1146	22474	19.6108	153	25.0509	76	24.8872
group_9823	378	5343	14.1349	44	21.8413	22	21.8413
group_9845	378	1193	3.1561	9	4.4675	4	3.9711
group_9846	651	13594	20.8817	96	27.6699	48	27.6699
group_9856	1143	8795	7.6947	60	9.8497	30	9.8497
group_9871	1149	151	0.1314	1	0.1633	0	0.0000
group_9896	225	151	0.6711	1	0.8339	0	0.0000
group_9900	279	1351	4.8423	11	7.3978	5	6.7253
group_9917	378	226	0.5979	2	0.9928	1	0.9928
group_9945	309	6735	21.7961	51	30.9691	25	30.3619
group_9960	234	299	1.2778	2	1.6037	1	1.6037
group_9967	120	875	7.2917	10	15.6364	5	15.6364
group_9989	1575	241621	153.4102	1639	195.2609	819	195.1418
group_9997	843	8760	10.3915	61	13.5775	30	13.3549
group_15461	216	4224	19.5556	30	26.0606	15	26.0606
group_10022	138	0	0.0000	0	0.0000	0	0.0000
group_14606	1095	7419	6.7753	51	8.7392	25	8.5679
group_10053	501	11444	22.8423	81	30.3364	40	29.9619
group_10063	1608	12929	8.0404	88	10.2687	44	10.2687
group_10134	549	13797	25.1311	96	32.8107	48	32.8107
group_19104	117	0	0.0000	0	0.0000	0	0.0000
group_10168	402	33578	83.5274	240	112.0217	120	112.0217
group_10201	846	5099	6.0272	35	7.7627	17	7.5409
group_10235	420	2368	5.6381	19	8.4883	9	8.0416
group_10252	1086	494001	454.8812	3299	569.9928	1649	569.8201
group_10278	963	1540	1.5992	11	2.1433	5	1.9485
group_10304	327	2181	6.6697	18	10.3286	9	10.3286
group_10329	228	1744	7.6491	13	10.6986	6	9.8756
group_10341	723	16860	23.3195	115	29.8453	57	29.5858
group_10351	1623	0	0.0000	0	0.0000	0	0.0000
group_10353	243	213	0.8765	2	1.5443	1	1.5443
group_10356	210	1272	6.0571	9	8.0416	4	7.1481
group_10379	138	0	0.0000	0	0.0000	0	0.0000
group_16305	324	0	0.0000	0	0.0000	0	0.0000
group_10402	906	12870	14.2053	88	18.2252	44	18.2252
group_10403	429	19215	44.7902	131	57.2969	65	56.8595
group_10405	708	11225	15.8545	77	20.4068	38	20.1418
group_10421	228	746	3.2719	5	4.1148	2	3.2919
group_10427	174	302	1.7356	2	2.1567	1	2.1567
group_10433	687	6199	9.0233	43	11.7443	21	11.4712
group_10469	138	0	0.0000	0	0.0000	0	0.0000
group_10505	4257	587090	137.9117	3931	173.2672	1965	173.2231
group_10530	1077	26023	24.1625	178	31.0114	89	31.0114
group_10539	444	2429	5.4707	16	6.7617	8	6.7617
group_10554	261	385	1.4751	4	2.8757	2	2.8757
group_10558	1155	12020	10.4069	83	13.4838	41	13.3214
group_10569	1206	28931	23.9892	193	30.0280	96	29.8725
group_10579	1305	47392	36.3157	319	45.8667	159	45.7229
group_10632	264	20806	78.8106	154	109.4545	77	109.4545
group_10638	243	19115	78.6626	140	108.1032	70	108.1032
group_10658	426	0	0.0000	0	0.0000	0	0.0000
group_10665	117	0	0.0000	0	0.0000	0	0.0000
group_10672	4926	755	0.1533	5	0.1905	2	0.1524
group_10752	390	2767	7.0949	20	9.6224	10	9.6224
group_10753	156	302	1.9359	2	2.4056	1	2.4056
group_10760	1599	0	0.0000	0	0.0000	0	0.0000
group_10767	975	1661	1.7036	11	2.1169	5	1.9245
group_10780	798	9743	12.2093	66	15.5188	33	15.5188
group_10783	1632	6218	3.8100	42	4.8289	21	4.8289
group_10793	240	6216	25.9000	45	35.1818	22	34.4000
ndhE	345	11220	32.5217	85	46.2292	42	45.6854
group_10816	234	998	4.2650	8	6.4149	4	6.4149
group_10819	225	11413	50.7244	83	69.2169	41	68.3830
group_10838	246	469	1.9065	4	3.0510	2	3.0510
group_10858	348	5705	16.3937	40	21.5674	20	21.5674
group_10859	318	9411	29.5943	65	38.3533	32	37.7633
group_10861	399	41410	103.7845	294	138.2583	147	138.2584
group_10870	2226	18908	8.4942	128	10.7895	64	10.7895
group_10881	1158	212845	183.8040	1450	234.9505	725	234.9505
group_10885	162	2636	16.2716	21	24.3232	10	23.1650
group_10900	123	324	2.6341	4	6.1020	2	6.1020
group_10904	96	0	0.0000	0	0.0000	0	0.0000
group_10908	1179	2021	1.7142	14	2.2281	7	2.2281
pgi	1794	3670	2.0457	24	2.5102	12	2.5102
group_10932	270	20062	74.3037	146	101.4626	73	101.4626
group_10960	417	690	1.6547	5	2.2498	2	1.7999
group_10999	210	1104	5.2571	8	7.1480	4	7.1481
group_11007	2799	0	0.0000	0	0.0000	0	0.0000
group_11009	846	1447	1.7104	10	2.2179	5	2.2179
group_11023	153	4391	28.6993	70	85.8467	35	85.8467
group_11028	234	151	0.6453	1	0.8019	0	0.0000
group_11040	243	1158	4.7654	8	6.1773	4	6.1773
group_15458	969	31965	32.9876	215	41.6324	107	41.4388
ycf12	174	9390	53.9655	73	78.7210	36	77.6426
group_11090	297	19294	64.9630	141	89.0799	70	88.4481
group_11108	396	2326	5.8737	19	9.0028	9	8.5289
group_11138	477	8926	18.7128	68	26.7490	34	26.7490
group_11142	219	595	2.7169	5	4.2839	2	3.4271
group_11155	636	9146	14.3805	63	18.5866	31	18.2916
group_11159	120	273	2.2750	4	6.2545	2	6.2545
group_11183	246	15519	63.0854	110	83.9024	55	83.9024
group_11184	138	0	0.0000	0	0.0000	0	0.0000
group_11207	435	68285	156.9770	479	206.6156	239	206.1843
group_11288	759	556	0.7325	4	0.9889	2	0.9889
group_11314	339	151	0.4454	1	0.5535	0	0.0000
group_11323	159	382	2.4025	4	4.7204	2	4.7204
group_11347	1107	4369	3.9467	30	5.0850	15	5.0850
group_11354	1779	0	0.0000	0	0.0000	0	0.0000
group_11363	120	0	0.0000	0	0.0000	0	0.0000
atpC	417	62673	150.2950	450	202.4852	225	202.4853
group_16012	507	19632	38.7219	133	49.2221	66	48.8521
group_11410	222	2080	9.3694	15	12.6781	7	11.8329
group_11411	1377	11316	8.2179	75	10.2198	37	10.0836
group_11427	1581	69945	44.2410	474	56.2553	237	56.2553
group_15816	339	18280	53.9233	126	69.7409	63	69.7409
group_11474	147	0	0.0000	0	0.0000	0	0.0000
group_11505	399	59241	148.4737	427	200.8038	213	200.3335
group_17614	1335	112669	84.3963	770	108.2247	385	108.2247
group_11517	255	151	0.5922	1	0.7358	0	0.0000
group_11524	180	1341	7.4500	9	9.3818	4	8.3394
group_11582	789	10045	12.7313	71	16.8849	35	16.6471
group_11608	777	69596	89.5701	483	116.6388	241	116.3973
group_11609	210	223	1.0619	2	1.7870	1	1.7870
group_11617	345	302	0.8754	2	1.0877	1	1.0877
group_11627	309	29018	93.9094	209	126.9126	104	126.3054
serC	1218	15546	12.7635	104	16.0215	52	16.0215
group_11639	393	2856	7.2672	19	9.0715	9	8.5940
group_11651	193	1009	5.2280	7	6.8055	3	5.8333
group_11667	1764	40872	23.1701	277	29.4644	138	29.3581
group_11685	306	0	0.0000	0	0.0000	0	0.0000
group_11688	381	0	0.0000	0	0.0000	0	0.0000
group_11693	231	11408	49.3853	81	65.7945	40	64.9823
group_11714	642	302	0.4704	2	0.5845	1	0.5845
group_11720	222	0	0.0000	0	0.0000	0	0.0000
group_11734	240	987	4.1125	9	7.0364	4	6.2545
group_11752	120	0	0.0000	0	0.0000	0	0.0000
group_11753	1179	0	0.0000	0	0.0000	0	0.0000
group_11761	210	4483	21.3476	31	27.6987	15	26.8052
group_11772	1425	478	0.3354	3	0.3950	1	0.2633
group_11776	324	3303	10.1944	22	12.7407	11	12.7407
group_11786	1503	7176	4.7745	49	6.1172	24	5.9924
group_11815	342	5978	17.4795	44	24.1403	22	24.1403
group_11853	240	14963	62.3458	108	84.4363	54	84.4364
group_15536	1245	86297	69.3149	583	87.8650	291	87.7143
group_11890	252	933	3.7024	7	5.2121	3	4.4675
group_11904	725	11989	16.5366	82	21.2223	41	21.2223
group_11917	1017	18857	18.5418	130	23.9850	65	23.9850
group_11927	327	388	1.1865	3	1.7214	1	1.1476
group_11950	294	28376	96.5170	207	132.1113	103	131.4731
group_11968	1770	302	0.1706	2	0.2120	1	0.2120
group_11998	447	6003	13.4295	42	17.6303	21	17.6303
group_12000	924	12792	13.8442	87	17.6671	43	17.4640
group_12019	1929	43148	22.3681	291	28.3059	145	28.2087
group_12022	1521	11605	7.6298	78	9.6224	39	9.6224
group_12026	1254	88399	70.4936	605	90.5263	302	90.3767
group_12030	177	680	3.8418	6	6.3606	3	6.3606
group_12058	240	581	2.4208	5	3.9091	2	3.1273
group_12059	915	11677	12.7617	81	16.6104	40	16.4054
group_12082	117	0	0.0000	0	0.0000	0	0.0000
group_12095	219	278	1.2694	2	1.7136	1	1.7136
group_12102	558	755	1.3530	5	1.6813	2	1.3451
group_12120	957	18246	19.0658	125	24.5084	62	24.3123
group_12128	360	30720	85.3333	215	112.0606	107	111.5394
group_12135	1866	8669	4.6458	58	5.8322	29	5.8322
group_12136	186	1663	8.9409	12	12.1056	6	12.1056
group_12140	255	703	2.7569	5	3.6791	2	2.9433
group_12155	1674	11561	6.9062	79	8.8550	39	8.7429
group_12157	420	30541	72.7167	212	94.7117	106	94.7117
group_12197	516	10187	19.7422	73	26.5454	36	26.1818
group_12219	837	0	0.0000	0	0.0000	0	0.0000
group_12247	291	570	1.9588	5	3.2240	2	2.5792
group_12249	270	3406	12.6148	24	16.6788	12	16.6788
group_12253	918	23300	25.3813	159	32.4991	79	32.2947
group_12271	1374	481	0.3501	3	0.4097	1	0.2731
group_12278	987	526	0.5329	4	0.7604	2	0.7604
group_12280	1164	17564	15.0893	119	19.1827	59	19.0216
group_12286	231	10269	44.4545	77	62.5454	38	61.7332
group_12315	1521	0	0.0000	0	0.0000	0	0.0000
group_12325	777	0	0.0000	0	0.0000	0	0.0000
group_12376	453	27961	61.7241	201	83.2558	100	82.8417
group_12383	981	8296	8.4567	56	10.7111	28	10.7111
group_12386	1488	166927	112.1821	1127	142.1143	563	141.9882
group_12384	687	44289	64.4672	298	81.3910	149	81.3910
group_12410	136	221	1.6250	2	2.7594	1	2.7594
group_12423	177	0	0.0000	0	0.0000	0	0.0000
group_12432	666	302	0.4535	2	0.5635	1	0.5635
group_12442	114	0	0.0000	0	0.0000	0	0.0000
group_15956	3246	207070	63.7924	1378	79.6558	689	79.6558
group_12452	393	151	0.3842	1	0.4774	0	0.0000
group_12549	318	24639	77.4811	174	102.6689	87	102.6689
group_12550	117	0	0.0000	0	0.0000	0	0.0000
group_12565	594	577	0.9714	4	1.2635	2	1.2635
group_12570	717	3016	4.2064	20	5.2339	10	5.2339
group_12632	201	1172	5.8308	10	9.3351	5	9.3351
group_12694	408	2796	6.8529	20	9.1979	10	9.1979
group_12708	633	0	0.0000	0	0.0000	0	0.0000
group_16696	321	430	1.3396	3	1.7536	1	1.1691
group_12729	669	817	1.2212	6	1.6828	3	1.6828
hisB	630	106150	168.4921	732	218.0155	366	218.0156
group_12752	1269	4456	3.5114	30	4.4358	15	4.4358
group_12757	618	1366	2.2104	10	3.0362	5	3.0362
group_16435	429	228	0.5315	2	0.8748	1	0.8748
group_12794	288	4984	17.3056	33	21.5000	16	20.8485
group_12797	168	202	1.2024	2	2.2338	1	2.2338
group_12834	738	4950	6.7073	34	8.6445	17	8.6445
group_12850	522	17281	33.1054	122	43.8537	61	43.8537
group_12857	699	9587	13.7153	69	18.5220	34	18.2536
group_12870	279	5929	21.2509	52	34.9716	26	34.9716
group_12883	1857	16964	9.1352	115	11.6199	57	11.5189
group_12919	969	25365	26.1765	174	33.6932	87	33.6932
group_12940	960	4578	4.7688	28	5.4727	14	5.4727
group_12966	159	591	3.7170	4	4.7204	2	4.7204
group_12981	672	2382	3.5446	16	4.4675	8	4.4675
group_12982	2973	8434	2.8369	57	3.5975	28	3.5344
group_13027	840	2865	3.4107	20	4.4675	10	4.4675
group_13032	474	138127	291.4072	959	379.6270	479	379.2312
group_13077	1215	3948	3.2494	25	3.8608	12	3.7064
group_13080	267	5116	19.1610	37	26.0020	18	25.2993
group_13081	189	8396	44.4233	59	58.5743	29	57.5815
group_13116	1374	179477	130.6237	1227	167.5617	613	167.4251
group_13119	1977	1208	0.6110	8	0.7593	4	0.7593
group_13122	1170	4211	3.5991	28	4.4904	14	4.4904
group_13154	1569	0	0.0000	0	0.0000	0	0.0000
group_13156	1548	0	0.0000	0	0.0000	0	0.0000
group_13159	195	438	2.2462	4	3.8489	2	3.8490
group_13161	381	30318	79.5748	213	104.8990	106	104.4066
group_13178	234	0	0.0000	0	0.0000	0	0.0000
group_16735	969	2455	2.5335	18	3.4855	9	3.4855
group_13217	807	25456	31.5440	173	40.2244	86	39.9919
group_13233	1011	5615	5.5539	40	7.4238	20	7.4238
group_13239	936	74268	79.3462	502	100.6340	251	100.6340
group_13241	6819	42492	6.2314	283	7.7872	141	7.7597
group_13247	573	78084	136.2723	548	179.4497	274	179.4498
group_13262	981	10625	10.8308	72	13.7715	36	13.7715
group_13269	408	6392	15.6667	45	20.6952	22	20.2353
group_13285	216	16342	75.6574	119	103.3737	59	102.5050
group_13298	834	6301	7.5552	44	9.8993	22	9.8993
group_13321	303	18837	62.1683	139	86.0774	69	85.4581
group_13330	591	1473	2.4924	10	3.1749	5	3.1749
group_13342	114	0	0.0000	0	0.0000	0	0.0000
group_15139	1254	0	0.0000	0	0.0000	0	0.0000
group_13353	192	0	0.0000	0	0.0000	0	0.0000
group_13358	180	0	0.0000	0	0.0000	0	0.0000
group_13361	297	1060	3.5690	8	5.0542	4	5.0542
group_14798	276	12473	45.1920	91	61.8656	45	61.1858
group_13376	108	0	0.0000	0	0.0000	0	0.0000
group_13398	474	6011	12.6814	47	18.6053	23	18.2094
group_13410	270	4912	18.1926	36	25.0182	18	25.0182
group_13451	822	0	0.0000	0	0.0000	0	0.0000
group_13472	138	810	5.8696	10	13.5968	5	13.5968
group_13473	177	0	0.0000	0	0.0000	0	0.0000
group_13474	1467	25702	17.5201	175	22.3833	87	22.2554
group_13488	192	568	2.9583	4	3.9091	2	3.9091
group_13493	1632	0	0.0000	0	0.0000	0	0.0000
group_13509	621	283	0.4557	2	0.6043	1	0.6043
group_13531	1761	46206	26.2385	308	32.8177	154	32.8177
group_13534	816	37729	46.2365	259	59.5561	129	59.3262
group_13559	1065	2953	2.7728	21	3.6999	10	3.5237
group_13563	1044	1896	1.8161	13	2.3365	6	2.1567
group_13580	130	164	1.2615	2	2.8867	1	2.8867
group_13581	228	0	0.0000	0	0.0000	0	0.0000
group_13582	915	19430	21.2350	135	27.6840	67	27.4790
group_13585	408	1533	3.7574	11	5.0588	5	4.5989
group_13602	1146	755	0.6588	5	0.8187	2	0.6549
group_13630	915	0	0.0000	0	0.0000	0	0.0000
group_13642	999	34883	34.9179	238	44.7021	119	44.7022
group_13656	282	1559	5.5284	11	7.3191	5	6.6538
group_13685	366	7507	20.5109	53	27.1714	26	26.6587
group_13687	213	336	1.5775	4	3.5237	2	3.5237
group_14842	609	0	0.0000	0	0.0000	0	0.0000
group_13706	966	0	0.0000	0	0.0000	0	0.0000
bfr	435	65073	149.5931	462	199.2827	231	199.2827
group_13726	1866	21054	11.2830	143	14.3794	71	14.2789
group_13733	912	1896	2.0789	13	2.6746	6	2.4689
group_13758	3429	14342	4.1826	96	5.2532	48	5.2532
group_13781	270	751	2.7815	5	3.4747	2	2.7798
group_13787	186	0	0.0000	0	0.0000	0	0.0000
group_13803	603	2347	3.8922	16	4.9787	8	4.9787
group_13807	954	7309	7.6614	50	9.8342	25	9.8342
group_13818	582	61421	105.5344	412	132.8285	206	132.8285
group_13824	1290	16247	12.5946	111	16.1454	55	16.0000
group_16348	1869	8682	4.6453	58	5.8228	29	5.8229
group_13844	2169	143745	66.2725	968	83.7399	484	83.7400
group_13848	579	3122	5.3921	22	7.1295	11	7.1295
group_13889	1023	7092	6.9326	48	8.8040	24	8.8041
group_13899	885	160713	181.5966	1098	232.7962	549	232.7963
group_13954	840	4884	5.8143	33	7.3714	16	7.1481
group_16688	1479	4988	3.3725	34	4.3135	17	4.3135
group_13963	639	151	0.2363	1	0.2936	0	0.0000
group_16670	414	5485	13.2488	37	16.7694	18	16.3162
group_13977	471	2742	5.8217	19	7.5692	9	7.1708
group_13981	258	2416	9.3643	16	11.6364	8	11.6364
group_13986	1098	10537	9.5965	72	12.3040	36	12.3040
group_13992	408	0	0.0000	0	0.0000	0	0.0000
group_13995	186	453	2.4355	3	3.0264	1	2.0176
group_17175	897	5144	5.7347	35	7.3214	17	7.1122
group_14001	138	130	0.9420	2	2.7194	1	2.7194
der	1359	302	0.2222	2	0.2761	1	0.2761
group_14047	120	0	0.0000	0	0.0000	0	0.0000
group_14066	894	4728	5.2886	33	6.9262	16	6.7163
group_14076	132	0	0.0000	0	0.0000	0	0.0000
group_14085	1461	4588	3.1403	32	4.1098	16	4.1098
group_14089	840	1057	1.2583	7	1.5636	3	1.3403
group_14160	321	24044	74.9034	175	102.2939	87	101.7094
group_16578	381	1201	3.1522	9	4.4324	4	3.9399
group_14178	402	23911	59.4801	167	77.9484	83	77.4817
group_14179	567	13327	23.5044	102	33.7547	51	33.7547
group_14219	981	4763	4.8552	33	6.3119	16	6.1207
group_14221	135	0	0.0000	0	0.0000	0	0.0000
group_17076	423	1208	2.8558	8	3.5487	4	3.5487
group_19105	309	32046	103.7087	216	131.1632	108	131.1633
group_14293	396	2567	6.4823	17	8.0551	8	7.5813
group_14313	1344	4052	3.0149	28	3.9091	14	3.9091
group_14327	1269	7157	5.6399	49	7.2452	24	7.0974
group_14352	552	5809	10.5236	41	13.9368	20	13.5968
group_14362	576	54427	94.4913	366	119.2272	183	119.2273
group_14383	879	1963	2.2332	14	2.9885	7	2.9885
group_14395	258	1422	5.5116	11	8.0000	5	7.2727
group_14409	741	639	0.8623	6	1.5193	3	1.5193
group_14412	489	2923	5.9775	20	7.6743	10	7.6743
rpe	717	137193	191.3431	938	245.4712	469	245.4712
group_14442	1233	163761	132.8151	1110	168.9183	555	168.9184
group_14464	402	0	0.0000	0	0.0000	0	0.0000
group_14460	552	2639	4.7808	18	6.1186	9	6.1186
group_14461	486	4375	9.0021	33	12.7407	16	12.3547
group_14473	184	295	1.6033	2	2.0395	1	2.0395
group_14479	150	0	0.0000	0	0.0000	0	0.0000
group_14504	270	453	1.6778	3	2.0848	1	1.3899
group_14518	309	573	1.8544	5	3.0362	2	2.4289
group_14534	201	0	0.0000	0	0.0000	0	0.0000
group_14540	423	23552	55.6785	165	73.1915	82	72.7479
group_14538	561	39842	71.0196	282	94.3199	141	94.3199
group_0	1566	0	0.0000	0	0.0000	0	0.0000
group_10	786	12386	15.7583	89	21.2464	44	21.0076
group_38	666	0	0.0000	0	0.0000	0	0.0000
group_45	111	927	8.3514	10	16.9042	5	16.9042
group_47	129	241	1.8682	2	2.9091	1	2.9091
group_67	219	302	1.3790	2	1.7136	1	1.7136
group_79	153	502	3.2810	4	4.9055	2	4.9055
group_88	282	2188	7.7589	17	11.3114	8	10.6460
group_15464	135	950	7.0370	10	13.8990	5	13.8990
group_101	759	3254	4.2872	22	5.4387	11	5.4387
group_115	249	606	2.4337	4	3.0142	2	3.0142
group_120	1341	47953	35.7591	324	45.3349	162	45.3350
group_14608	2256	25160	11.1525	169	14.0561	84	13.9729
group_128	1533	4074	2.6575	27	3.3047	13	3.1824
group_133	816	2460	3.0147	17	3.9091	8	3.6791
group_191	1812	30724	16.9558	212	21.9530	106	21.9530
group_17225	768	5574	7.2578	39	9.5284	19	9.2841
ycf58	582	85731	147.3041	608	196.0187	304	196.0187
group_233	234	4052	17.3162	29	23.2541	14	22.4522
atpE	246	25244	102.6179	183	139.5831	91	138.8204
group_277	831	0	0.0000	0	0.0000	0	0.0000
group_284	252	538	2.1349	4	2.9784	2	2.9784
group_311	228	0	0.0000	0	0.0000	0	0.0000
group_337	1020	2127	2.0853	14	2.5754	7	2.5754
group_376	888	0	0.0000	0	0.0000	0	0.0000
group_379	261	611	2.3410	7	5.0324	3	4.3135
group_393	249	13172	52.8996	94	70.8346	47	70.8346
group_402	1767	66749	37.7753	448	47.5728	224	47.5728
group_409	306	1348	4.4052	9	5.5187	4	4.9055
group_418	294	2284	7.7687	17	10.8497	8	10.2115
group_15614	1287	9884	7.6799	67	9.7682	33	9.6224
group_468	666	0	0.0000	0	0.0000	0	0.0000
group_487	333	29232	87.7838	214	120.5831	107	120.5831
group_572	1332	4073	3.0578	27	3.8034	13	3.6626
group_584	438	2189	4.9977	15	6.4259	7	5.9975
group_586	1824	13129	7.1979	89	9.1555	44	9.0526
group_609	366	4718	12.8907	33	16.9180	16	16.4054
group_616	399	755	1.8922	5	2.3513	2	1.8811
tic21	675	106675	158.0370	743	206.5389	371	206.2610
group_640	351	24484	69.7550	175	93.5509	87	93.0163
group_653	99	0	0.0000	0	0.0000	0	0.0000
group_15253	696	0	0.0000	0	0.0000	0	0.0000
group_679	1098	3348	3.0492	23	3.9305	11	3.7596
group_681	405	84	0.2074	2	0.9266	1	0.9266
group_710	3018	15450	5.1193	104	6.4659	52	6.4659
group_799	699	453	0.6481	3	0.8053	1	0.5369
group_15575	672	394	0.5863	3	0.8377	1	0.5584
group_869	1293	44098	34.1052	296	42.9546	148	42.9546
group_5097	1146	11325	9.8822	76	12.4436	38	12.4436
group_937	348	755	2.1695	5	2.6959	2	2.1567
group_940	252	746	2.9603	5	3.7229	2	2.9784
arsB	1146	27119	23.6640	186	30.4541	93	30.4541
group_988	147	0	0.0000	0	0.0000	0	0.0000
group_5332	867	0	0.0000	0	0.0000	0	0.0000
group_1058	144	0	0.0000	0	0.0000	0	0.0000
fni	1044	136248	130.5057	937	168.4054	468	168.2257
group_1212	114	0	0.0000	0	0.0000	0	0.0000
group_1262	435	584	1.3425	4	1.7254	2	1.7254
group_1265	351	26554	75.6524	188	100.5004	94	100.5004
group_1270	93	0	0.0000	0	0.0000	0	0.0000
group_1295	1518	12243	8.0652	83	10.2594	41	10.1358
group_1298	765	0	0.0000	0	0.0000	0	0.0000
group_1299	1722	1456	0.8455	10	1.0896	5	1.0896
group_1301	1110	9293	8.3721	64	10.8187	32	10.8187
group_1303	879	5616	6.3891	38	8.1117	19	8.1117
group_16179	375	1828	4.8747	15	7.5055	7	7.0051
group_1310	108	0	0.0000	0	0.0000	0	0.0000
group_1335	237	151	0.6371	1	0.7917	0	0.0000
group_6171	5283	33170	6.2786	225	7.9913	112	7.9558
group_1370	456	17005	37.2917	117	48.1435	58	47.7321
eRG3	777	92075	118.5006	636	153.5865	318	153.5865
group_1396	237	674	2.8439	5	3.9586	2	3.1669
group_1426	405	0	0.0000	0	0.0000	0	0.0000
group_1455	1029	906	0.8805	6	1.0941	3	1.0941
group_1459	3765	31899	8.4725	212	10.5654	106	10.5654
group_1468	177	8509	48.0734	72	76.3266	36	76.3266
group_15906	411	0	0.0000	0	0.0000	0	0.0000
group_6530	396	151	0.3813	1	0.4738	0	0.0000
group_1523	177	150	0.8475	1	1.0601	0	0.0000
group_6539	2622	2245	0.8562	15	1.0734	7	1.0019
group_1577	207	604	2.9179	4	3.6258	2	3.6258
group_1581	387	7144	18.4599	50	24.2424	25	24.2424
group_1598	381	4606	12.0892	36	17.7294	18	17.7294
group_16902	2832	15484	5.4675	104	6.8906	52	6.8906
ndhA~~~nuoH	1119	182077	162.7140	1244	208.5966	622	208.5966
group_1625	939	0	0.0000	0	0.0000	0	0.0000
group_14841	933	0	0.0000	0	0.0000	0	0.0000
group_15066	408	0	0.0000	0	0.0000	0	0.0000
group_17801	723	343	0.4744	2	0.5190	1	0.5190
group_1696	1125	73271	65.1298	503	83.8943	251	83.7275
group_1711	324	5255	16.2191	37	21.4276	18	20.8485
hldE	1491	453	0.3038	3	0.3775	1	0.2517
group_1787	165	0	0.0000	0	0.0000	0	0.0000
group_1820	441	2611	5.9206	18	7.6586	9	7.6586
group_1822	1017	0	0.0000	0	0.0000	0	0.0000
smpB	465	51980	111.7849	361	145.6703	180	145.2668
group_1915	540	1827	3.3833	13	4.5172	6	4.1697
group_1922	10752	54959	5.1115	350	6.1080	175	6.1080
group_1954	147	256	1.7415	2	2.5529	1	2.5529
group_1957	1761	861	0.4889	6	0.6393	3	0.6393
group_1961	345	27552	79.8609	196	106.5992	98	106.5992
group_15134	138	0	0.0000	0	0.0000	0	0.0000
group_1967	492	7012	14.2520	48	18.3060	24	18.3060
group_1968	120	672	5.6000	8	12.5091	4	12.5091
group_1975	120	0	0.0000	0	0.0000	0	0.0000
group_1978	240	0	0.0000	0	0.0000	0	0.0000
group_1983	213	2956	13.8779	20	17.6184	10	17.6184
group_1984	147	0	0.0000	0	0.0000	0	0.0000
group_1985	255	0	0.0000	0	0.0000	0	0.0000
group_1988	774	2556	3.3023	18	4.3636	9	4.3636
group_1993	204	151	0.7402	1	0.9198	0	0.0000
group_2000	693	2042	2.9466	14	3.7906	7	3.7906
group_2003	435	0	0.0000	0	0.0000	0	0.0000
group_2006	204	1681	8.2402	13	11.9572	6	11.0374
group_2007	156	148	0.9487	1	1.2028	0	0.0000
group_2011	198	7092	35.8182	50	47.3829	25	47.3829
group_2020	675	3644	5.3985	28	7.7834	14	7.7834
group_2021	549	8428	15.3515	56	19.1396	28	19.1396
group_2047	1767	9372	5.3039	63	6.6899	31	6.5837
cpcB	519	73321	141.2736	515	186.1902	257	185.8287
group_2054	282	22209	78.7553	162	107.7911	81	107.7911
group_2078	318	14479	45.5314	102	60.1852	51	60.1852
group_2086	1053	35783	33.9820	244	43.4789	122	43.4789
yjbJ	183	4882	26.6776	40	41.0134	20	41.0134
group_2091	246	2898	11.7805	20	15.2550	10	15.2550
group_2094	336	21259	63.2708	151	84.3246	75	83.7662
group_2098	633	3459	5.4645	23	6.8177	11	6.5213
group_2109	402	2130	5.2985	16	7.4681	8	7.4681
group_2110	2133	5981	2.8040	41	3.6067	20	3.5187
group_2118	186	0	0.0000	0	0.0000	0	0.0000
group_2129	372	5811	15.6210	42	21.1847	21	21.1847
group_2130	345	1703	4.9362	12	6.5265	6	6.5265
group_2153	669	20440	30.5531	140	39.2662	70	39.2662
group_2158	420	0	0.0000	0	0.0000	0	0.0000
group_15626	1599	8281	5.1789	55	6.4540	27	6.3367
group_16241	1542	0	0.0000	0	0.0000	0	0.0000
group_16390	588	2324	3.9524	16	5.1057	8	5.1058
group_2186	168	1689	10.0536	15	16.7532	7	15.6364
group_2196	573	2137	3.7295	15	4.9119	7	4.5845
group_2209	2466	74116	30.0552	501	38.1208	250	38.0447
group_2217	135	104	0.7704	2	2.7798	1	2.7798
group_2228	213	0	0.0000	0	0.0000	0	0.0000
group_2236	540	2257	4.1796	17	5.9071	8	5.5596
group_16084	8403	122480	14.5757	816	18.2210	408	18.2210
group_2238	852	4603	5.4026	33	7.2676	16	7.0474
group_2240	138	350	2.5362	4	5.4387	2	5.4387
group_2242	360	3251	9.0306	24	12.5091	12	12.5091
group_2252	849	61026	71.8799	419	92.6026	209	92.3816
group_19051	225	433	1.9244	3	2.5018	1	1.6679
group_2270	213	2686	12.6103	23	20.2612	11	19.3803
group_2278	201	3209	15.9652	26	24.2714	13	24.2714
group_2283	327	12392	37.8960	87	49.9216	43	49.3478
group_2286	1659	1670	1.0066	12	1.3572	6	1.3572
group_2291	216	979	4.5324	8	6.9495	4	6.9495
group_2292	234	10272	43.8974	75	60.1398	37	59.3380
group_2298	438	258	0.5890	2	0.8568	1	0.8568
group_2303	696	36507	52.4526	256	69.0157	128	69.0157
group_2305	675	21721	32.1793	147	40.8630	73	40.5850
fur	552	84702	153.4457	596	202.5928	298	202.5929
group_2312	267	11567	43.3221	85	59.7344	42	59.0317
group_2315	258	15341	59.4612	115	83.6363	57	82.9091
group_2318	1986	0	0.0000	0	0.0000	0	0.0000
group_2323	261	15182	58.1686	105	75.4859	52	74.7670
group_2338	204	6367	31.2108	47	43.2299	23	42.3102
group_14761	708	12124	17.1243	85	22.5270	42	22.2619
group_2354	261	6460	24.7510	48	34.5078	24	34.5078
group_2355	1188	0	0.0000	0	0.0000	0	0.0000
group_2356	507	79609	157.0197	573	212.0623	286	211.6923
group_2359	117	1844	15.7607	22	35.2820	11	35.2820
group_2382	273	0	0.0000	0	0.0000	0	0.0000
map	804	64579	80.3221	445	103.8534	222	103.6201
group_2390	720	56785	78.8681	396	103.2000	198	103.2000
group_2394	441	943	2.1383	7	2.9784	3	2.5529
abgB	1002	147545	147.2505	996	186.5127	498	186.5128
group_2411	132	1260	9.5455	14	19.9008	7	19.9008
group_2412	351	1887	5.3761	13	6.9495	6	6.4149
group_2416	1044	10787	10.3324	73	13.1202	36	12.9404
petN	150	1399	9.3267	14	17.5127	7	17.5127
group_2420	1281	604	0.4715	4	0.5859	2	0.5859
group_2427	273	0	0.0000	0	0.0000	0	0.0000
group_2435	306	1053	3.4412	7	4.2923	3	3.6791
group_15041	3126	3167	1.0131	24	1.4406	12	1.4406
group_2439	231	571	2.4719	4	3.2491	2	3.2491
group_2447	432	37095	85.8681	268	116.4040	134	116.4040
group_2454	909	73133	80.4543	510	105.2745	255	105.2745
group_2459	336	1524	4.5357	11	6.1429	5	5.5844
group_2469	276	14133	51.2065	98	66.6245	49	66.6245
group_2470	1698	0	0.0000	0	0.0000	0	0.0000
group_2474	195	3324	17.0462	25	24.0559	12	23.0937
group_2477	342	0	0.0000	0	0.0000	0	0.0000
group_2478	279	22742	81.5125	164	110.2952	82	110.2952
group_2479	288	151	0.5243	1	0.6515	0	0.0000
group_2489	282	4020	14.2553	30	19.9613	15	19.9613
group_2499	3582	604	0.1686	4	0.2095	2	0.2095
group_2505	1257	16079	12.7916	108	16.1215	54	16.1215
group_2508	246	12533	50.9472	90	68.6474	45	68.6474
group_2515	771	2706	3.5097	19	4.6240	9	4.3806
group_2514	231	1360	5.8874	11	8.9351	5	8.1228
group_15398	1665	0	0.0000	0	0.0000	0	0.0000
group_2553	348	602	1.7299	4	2.1567	2	2.1567
group_2568	147	0	0.0000	0	0.0000	0	0.0000
group_2576	1092	97120	88.9377	662	113.7502	331	113.7502
group_2579	216	12595	58.3102	90	78.1818	45	78.1818
group_2583	399	7782	19.5038	56	26.3349	28	26.3349
group_2585	291	453	1.5567	3	1.9344	1	1.2896
group_2592	834	7664	9.1894	53	11.9241	26	11.6991
group_2596	276	5883	21.3152	39	26.5138	19	25.8340
group_2602	507	6759	13.3314	46	17.0242	23	17.0242
group_2607	213	1670	7.8404	12	10.5711	6	10.5711
group_2608	159	0	0.0000	0	0.0000	0	0.0000
group_2613	309	0	0.0000	0	0.0000	0	0.0000
group_15062	2229	899	0.4033	6	0.5051	3	0.5051
group_2621	186	102	0.5484	2	2.0176	1	2.0176
group_2623	120	0	0.0000	0	0.0000	0	0.0000
group_2643	1026	13352	13.0136	91	16.6422	45	16.4593
group_2644	322	154	0.4783	1	0.5827	0	0.0000
group_2646	240	1112	4.6333	8	6.2545	4	6.2545
group_2669	240	5399	22.4958	43	33.6182	21	32.8364
group_2687	417	22221	53.2878	159	71.5448	79	71.0948
group_2691	111	0	0.0000	0	0.0000	0	0.0000
group_2704	225	12667	56.2978	93	77.5563	46	76.7224
group_2711	150	0	0.0000	0	0.0000	0	0.0000
group_2713	879	0	0.0000	0	0.0000	0	0.0000
group_2717	168	151	0.8988	1	1.1169	0	0.0000
ureA	390	55375	141.9872	397	191.0041	198	190.5231
group_2725	144	0	0.0000	0	0.0000	0	0.0000
group_2731	1113	21944	19.7161	151	25.4565	75	25.2879
group_15260	486	604	1.2428	4	1.5443	2	1.5443
rsbU	1137	133628	117.5268	908	149.8450	454	149.8450
group_2747	645	4804	7.4481	35	10.1818	17	9.8909
group_2768	210	9710	46.2381	71	63.4389	35	62.5454
group_2773	696	5908	8.4885	42	11.3229	21	11.3229
group_2781	220	1555	7.0682	12	10.2347	6	10.2347
group_2785	288	1303	4.5243	9	5.8636	4	5.2121
group_17188	165	0	0.0000	0	0.0000	0	0.0000
ccmK1~~~ccmK	342	39519	115.5526	290	159.1068	145	159.1068
group_2800	288	4546	15.7847	32	20.8485	16	20.8485
group_2803	363	2013	5.5455	15	7.7536	7	7.2367
group_2805	210	2638	12.5619	19	16.9766	9	16.0831
group_2809	1428	9493	6.6478	64	8.4095	32	8.4095
group_2814	300	0	0.0000	0	0.0000	0	0.0000
speD	462	70787	153.2186	506	205.5064	253	205.5065
group_2815	198	4742	23.9495	34	32.2204	17	32.2204
group_2816	1407	31684	22.5188	219	29.2057	109	29.0723
group_2819	117	874	7.4701	10	16.0373	5	16.0373
group_2822	276	6607	23.9384	46	31.2727	23	31.2727
group_2825	504	5504	10.9206	39	14.5195	19	14.1472
group_2826	228	9909	43.4605	75	61.7225	37	60.8995
group_2827	207	5940	28.6957	44	39.8840	22	39.8841
group_15910	1656	535	0.3231	4	0.4532	2	0.4532
group_2828	249	21574	86.6426	162	122.0766	81	122.0767
group_2830	1497	302	0.2017	2	0.2507	1	0.2507
group_2832	105	0	0.0000	0	0.0000	0	0.0000
group_2837	300	1353	4.5100	9	5.6291	4	5.0036
group_2841	279	1672	5.9928	13	8.7429	6	8.0704
thrS	1800	350946	194.9700	2359	245.9078	1179	245.8036
group_2854	225	4178	18.5689	35	29.1879	17	28.3539
group_2855	444	16329	36.7770	110	46.4865	55	46.4865
group_2858	372	8444	22.6989	58	29.2551	29	29.2551
group_2862	276	0	0.0000	0	0.0000	0	0.0000
group_2863	1644	121374	73.8285	825	94.1606	412	94.0464
group_2868	237	8318	35.0970	55	43.5443	27	42.7526
group_2870	369	7141	19.3523	51	25.9335	25	25.4250
group_2871	366	3474	9.4918	25	12.8167	12	12.3040
group_2874	912	10187	11.1700	69	14.1962	34	13.9904
group_2879	291	13761	47.2887	98	63.1902	49	63.1902
group_2883	363	1162	3.2011	8	4.1352	4	4.1352
group_2892	309	5459	17.6667	38	23.0750	19	23.0750
group_2896	141	0	0.0000	0	0.0000	0	0.0000
group_2900	1269	19499	15.3656	131	19.3699	65	19.2220
group_2910	141	0	0.0000	0	0.0000	0	0.0000
group_2915	1119	0	0.0000	0	0.0000	0	0.0000
group_2916	828	2711	3.2742	18	4.0791	9	4.0791
group_2933	345	927	2.6870	9	4.8949	4	4.3510
group_2938	1005	46008	45.7791	314	58.6247	157	58.6247
group_2939	231	1182	5.1169	8	6.4982	4	6.4982
group_2943	1020	191686	187.9275	1313	241.5358	656	241.3518
group_2944	642	4847	7.5498	35	10.2294	17	9.9371
group_2948	435	9367	21.5333	67	28.9003	33	28.4690
group_17634	1416	1661	1.1730	11	1.4576	5	1.3251
group_2956	285	14406	50.5474	104	68.4708	52	68.4708
group_2959	198	421	2.1263	3	2.8430	1	1.8953
group_2964	402	4486	11.1592	33	15.4030	16	14.9362
group_2974	501	45955	91.7265	316	118.3494	158	118.3495
group_2975	315	370	1.1746	3	1.7870	1	1.1913
group_2980	219	0	0.0000	0	0.0000	0	0.0000
group_2983	150	240	1.6000	2	2.5018	1	2.5018
group_2988	315	4615	14.6508	33	19.6571	16	19.0615
group_2996	129	785	6.0853	8	11.6364	4	11.6364
group_3000	264	5387	20.4053	45	31.9835	22	31.2727
group_3002	198	151	0.7626	1	0.9477	0	0.0000
group_16492	1746	0	0.0000	0	0.0000	0	0.0000
group_17190	1695	12731	7.5109	86	9.5202	43	9.5202
group_15970	318	12955	40.7390	90	53.1046	45	53.1046
group_16503	423	0	0.0000	0	0.0000	0	0.0000
group_16720	372	23878	64.1882	161	81.2082	80	80.7038
group_3047	1308	3858	2.9495	22	3.1560	11	3.1560
group_3055	909	104	0.1144	2	0.4128	1	0.4128
group_3061	681	1206	1.7709	8	2.2042	4	2.2042
group_3066	405	1352	3.3383	9	4.1697	4	3.7064
group_3068	816	0	0.0000	0	0.0000	0	0.0000
group_3073	1119	1963	1.7542	13	2.1799	6	2.0122
group_3074	315	12707	40.3397	87	51.8234	43	51.2277
group_3078	369	34323	93.0163	244	124.0739	122	124.0739
group_3083	411	218	0.5304	2	0.9131	1	0.9131
group_3097	210	442	2.1048	3	2.6805	1	1.7870
group_3100	336	37585	111.8601	270	150.7792	135	150.7792
group_3101	1326	0	0.0000	0	0.0000	0	0.0000
group_3107	624	46811	75.0176	329	98.9300	164	98.6294
group_3109	744	0	0.0000	0	0.0000	0	0.0000
group_3117	336	9138	27.1964	63	35.1818	31	34.6234
group_3118	195	72	0.3692	2	1.9245	1	1.9245
group_3119	219	1462	6.6758	11	9.4247	5	8.5679
group_3124	240	4889	20.3708	33	25.8000	16	25.0182
group_3128	828	0	0.0000	0	0.0000	0	0.0000
group_3130	99	0	0.0000	0	0.0000	0	0.0000
group_3132	213	1234	5.7934	9	7.9283	4	7.0474
rplN	369	52515	142.3171	382	194.2468	191	194.2468
group_3144	849	151	0.1779	1	0.2210	0	0.0000
group_3145	516	2004	3.8837	15	5.4545	7	5.0909
group_3146	624	2840	4.5513	20	6.0140	10	6.0140
group_3156	186	1049	5.6398	8	8.0704	4	8.0704
group_3160	492	3724	7.5691	26	9.9157	13	9.9157
group_3161	252	1029	4.0833	9	6.7013	4	5.9567
group_3165	369	7879	21.3523	56	28.4760	28	28.4760
rplS	465	63421	136.3892	437	176.3378	218	175.9343
group_3184	414	5261	12.7077	37	16.7694	18	16.3162
group_16642	1992	48192	24.1928	327	30.8017	163	30.7076
group_3187	429	0	0.0000	0	0.0000	0	0.0000
group_3196	249	3184	12.7871	24	18.0854	12	18.0854
group_3197	363	2443	6.7300	18	9.3043	9	9.3043
group_3200	279	755	2.7061	5	3.3627	2	2.6901
group_15842	1905	107582	56.4735	701	69.0462	350	68.9477
group_3211	282	399	1.4149	3	1.9961	1	1.3308
group_3215	801	1270	1.5855	9	2.1083	4	1.8740
group_3218	762	68223	89.5315	474	116.7186	237	116.7187
group_3224	116	336	2.8966	3	4.8527	1	3.2351
group_3225	339	302	0.8909	2	1.1070	1	1.1070
group_3228	168	151	0.8988	1	1.1169	0	0.0000
group_3233	387	1054	2.7235	7	3.3939	3	2.9091
group_3235	144	0	0.0000	0	0.0000	0	0.0000
group_14735	177	737	4.1638	5	5.3005	2	4.2404
group_3240	564	1424	2.5248	11	3.6596	5	3.3269
group_3243	423	1224	2.8936	9	3.9923	4	3.5487
group_16898	282	398	1.4113	3	1.9961	1	1.3308
group_3254	846	11874	14.0355	83	18.4088	41	18.1870
group_3255	286	0	0.0000	0	0.0000	0	0.0000
group_3256	222	753	3.3919	5	4.2260	2	3.3808
group_3260	231	2004	8.6753	16	12.9965	8	12.9965
group_3263	135	0	0.0000	0	0.0000	0	0.0000
group_3270	294	0	0.0000	0	0.0000	0	0.0000
group_3276	195	208	1.0667	2	1.9245	1	1.9245
group_14602	3309	5998	1.8126	40	2.2682	20	2.2682
group_3282	141	240	1.7021	2	2.6615	1	2.6615
group_3286	138	0	0.0000	0	0.0000	0	0.0000
group_3287	348	4004	11.5057	28	15.0972	14	15.0972
group_3297	105	230	2.1905	4	7.1480	2	7.1481
group_3301	783	3257	4.1596	23	5.5117	11	5.2720
group_3305	261	1956	7.4943	13	9.3459	6	8.6270
potD	1149	46899	40.8172	316	51.6041	158	51.6041
group_16907	402	3392	8.4378	24	11.2022	12	11.2022
group_3315	903	94097	104.2049	642	133.4026	321	133.4026
group_3316	2079	0	0.0000	0	0.0000	0	0.0000
group_3318	270	604	2.2370	4	2.7798	2	2.7798
group_3319	147	145	0.9864	1	1.2764	0	0.0000
group_16891	282	3534	12.5319	26	17.2998	13	17.2998
group_3327	189	2659	14.0688	21	20.8485	10	19.8557
group_3328	429	10457	24.3753	75	32.8036	37	32.3662
group_3355	258	6401	24.8101	48	34.9091	24	34.9091
group_3357	396	1090	2.7525	5	2.3691	2	1.8953
group_3362	405	0	0.0000	0	0.0000	0	0.0000
group_3367	312	302	0.9679	2	1.2028	1	1.2028
group_3370	357	757	2.1204	5	2.6280	2	2.1024
group_3374	276	2809	10.1775	21	14.2767	10	13.5968
group_3381	204	151	0.7402	1	0.9198	0	0.0000
group_3382	165	0	0.0000	0	0.0000	0	0.0000
group_3383	246	298	1.2114	2	1.5255	1	1.5255
group_3386	1041	11357	10.9097	78	14.0592	39	14.0592
group_3392	531	0	0.0000	0	0.0000	0	0.0000
group_3393	438	5321	12.1484	38	16.2789	19	16.2790
group_3404	534	1364	2.5543	10	3.5138	5	3.5138
group_16090	1620	0	0.0000	0	0.0000	0	0.0000
group_3416	264	13256	50.2121	93	66.0992	46	65.3884
group_3423	265	3151	11.8906	24	16.9935	12	16.9935
group_3425	798	4106	5.1454	30	7.0540	15	7.0540
group_3432	1860	13840	7.4409	93	9.3818	46	9.2809
group_15941	3006	1208	0.4019	8	0.4994	4	0.4994
group_3445	219	11788	53.8265	88	75.3972	44	75.3972
group_3449	4023	51697	12.8504	285	13.2927	142	13.2460
group_3474	864	0	0.0000	0	0.0000	0	0.0000
group_3481	213	0	0.0000	0	0.0000	0	0.0000
group_3482	342	0	0.0000	0	0.0000	0	0.0000
group_3493	504	7059	14.0060	48	17.8701	24	17.8701
group_3501	774	0	0.0000	0	0.0000	0	0.0000
group_3506	918	226	0.2462	2	0.4088	1	0.4088
group_3509	228	15620	68.5088	112	92.1722	56	92.1722
group_3512	477	398	0.8344	4	1.5735	2	1.5735
group_3517	2511	1645	0.6551	12	0.8967	6	0.8967
group_3522	1098	4485	4.0847	31	5.2976	15	5.1267
group_3525	156	0	0.0000	0	0.0000	0	0.0000
group_3526	513	302	0.5887	2	0.7315	1	0.7315
group_3529	1191	53029	44.5248	360	56.7163	180	56.7163
group_3530	297	833	2.8047	6	3.7906	3	3.7906
group_19107	222	4606	20.7477	33	27.8919	16	27.0467
group_3537	897	151	0.1683	1	0.2092	0	0.0000
group_3547	111	0	0.0000	0	0.0000	0	0.0000
group_3550	138	737	5.3406	8	10.8775	4	10.8775
group_3554	2076	16044	7.7283	109	9.8518	54	9.7614
group_3559	438	21463	49.0023	154	65.9726	77	65.9726
group_16446	645	87065	134.9845	598	173.9636	299	173.9636
group_3565	393	6497	16.5318	46	21.9625	23	21.9625
group_3567	4053	7095	1.7506	49	2.2685	24	2.2222
group_3570	1065	43618	40.9559	299	52.6791	149	52.5029
mnmG	1908	124490	65.2463	835	82.1155	417	82.0171
group_3598	174	451	2.5920	3	3.2351	1	2.1567
group_3601	510	91047	178.5235	629	231.4181	314	231.0502
group_3608	459	151	0.3290	1	0.4088	0	0.0000
group_17584	699	28916	41.3677	196	52.6133	98	52.6133
group_3611	249	4870	19.5582	37	27.8817	18	27.1281
group_3617	165	811	4.9152	6	6.8231	3	6.8231
group_14756	864	72468	83.8750	504	109.4545	252	109.4545
group_15235	7215	22343	3.0967	153	3.9790	76	3.9530
group_3625	828	7062	8.5290	49	11.1041	24	10.8775
group_16242	1284	0	0.0000	0	0.0000	0	0.0000
group_3651	360	594	1.6500	4	2.0848	2	2.0848
group_15123	846	107186	126.6974	724	160.5776	362	160.5777
group_3668	327	2189	6.6942	15	8.6072	7	8.0334
group_3678	330	7733	23.4333	56	31.8413	28	31.8413
group_3693	333	0	0.0000	0	0.0000	0	0.0000
group_3694	663	1287	1.9412	9	2.5471	4	2.2641
group_3695	252	19899	78.9643	141	104.9870	70	104.2424
group_18883	1755	78451	44.7014	528	56.4513	264	56.4513
group_3715	120	192	1.6000	2	3.1273	1	3.1273
rpoA	942	1544	1.6391	12	2.3903	6	2.3903
group_18908	456	3619	7.9364	24	9.8756	12	9.8756
group_3724	183	0	0.0000	0	0.0000	0	0.0000
group_3731	228	1294	5.6754	10	8.2297	5	8.2297
group_3733	243	0	0.0000	0	0.0000	0	0.0000
group_18919	399	40977	102.6992	287	134.9665	143	134.4962
group_3745	513	2655	5.1754	18	6.5837	9	6.5837
group_19108	1626	51584	31.7245	347	40.0429	173	39.9275
group_18941	1389	91304	65.7336	618	83.4840	309	83.4840
group_3765	136	997	7.3309	10	13.7968	5	13.7968
group_18952	606	70799	116.8300	496	153.5769	248	153.5769
group_18954	1587	125535	79.1021	833	98.4884	416	98.3702
group_3772	1311	21555	16.4416	149	21.3256	74	21.1824
group_3779	234	3005	12.8419	20	16.0373	10	16.0373
group_3781	756	9068	11.9947	63	15.6364	31	15.3882
group_3784	390	230	0.5897	2	0.9622	1	0.9622
group_3786	366	2439	6.6639	17	8.7153	8	8.2027
group_3787	363	6415	17.6722	44	22.7438	22	22.7438
group_3790	246	18265	74.2480	131	99.9201	65	99.1574
group_3791	351	302	0.8604	2	1.0692	1	1.0692
group_16136	387	232	0.5995	2	0.9697	1	0.9697
group_3802	138	900	6.5217	10	13.5968	5	13.5968
group_3808	333	541	1.6246	4	2.2539	2	2.2539
group_3821	414	753	1.8188	5	2.2661	2	1.8129
psaB	2214	15522	7.0108	103	8.7292	51	8.6445
group_3826	351	0	0.0000	0	0.0000	0	0.0000
group_3827	228	3295	14.4518	24	19.7512	12	19.7512
group_18982	243	5670	23.3333	41	31.6588	20	30.8866
group_3846	9591	5923	0.6176	37	0.7239	18	0.7043
group_19007	1005	45939	45.7104	313	58.4380	156	58.2513
group_19016	2223	10123	4.5538	68	5.7397	34	5.7397
group_19015	243	1494	6.1481	11	8.4938	5	7.7217
group_3859	579	0	0.0000	0	0.0000	0	0.0000
group_3861	342	889	2.5994	6	3.2919	3	3.2919
group_3864	213	1008	4.7324	8	7.0474	4	7.0474
group_3866	279	10163	36.4265	69	46.4047	34	45.7322
group_3868	498	72267	145.1145	496	186.8827	248	186.8828
group_18923	681	29769	43.7137	209	57.5859	104	57.3104
group_3876	831	88308	106.2671	586	132.3163	293	132.3164
group_3881	834	7951	9.5336	53	11.9241	26	11.6991
group_18934	1593	278605	174.8933	1882	221.6770	941	221.6771
group_3890	1266	0	0.0000	0	0.0000	0	0.0000
group_3893	231	0	0.0000	0	0.0000	0	0.0000
group_3903	213	1969	9.2441	14	12.3329	7	12.3329
group_19059	1044	16306	15.6188	108	19.4107	54	19.4107
group_3908	210	762	3.6286	6	5.3610	3	5.3610
group_19013	372	49458	132.9516	350	176.5395	175	176.5396
group_3911	504	531	1.0536	4	1.4892	2	1.4892
group_18933	2928	379380	129.5697	2544	163.0283	1272	163.0283
group_3915	552	12073	21.8714	83	28.2134	41	27.8735
group_19078	2013	132867	66.0045	900	83.8910	450	83.8911
group_3920	321	7527	23.4486	56	32.7341	28	32.7341
group_3923	909	23079	25.3894	154	31.7888	77	31.7888
group_19102	1488	2497	1.6781	17	2.1437	8	2.0176
group_3933	168	241	1.4345	2	2.2338	1	2.2338
group_3934	303	3454	11.3993	25	15.4815	12	14.8623
group_3938	327	0	0.0000	0	0.0000	0	0.0000
group_3941	186	535	2.8763	5	5.0440	2	4.0352
group_3944	117	0	0.0000	0	0.0000	0	0.0000
group_3964	1434	24595	17.1513	165	21.5900	82	21.4591
group_3966	723	2832	3.9170	21	5.4500	10	5.1905
group_3972	297	453	1.5253	3	1.8953	1	1.2635
group_3983	2670	12007	4.4970	82	5.7626	41	5.7626
acsF	1170	216001	184.6162	1464	234.7859	732	234.7860
group_3988	324	2506	7.7346	17	9.8451	8	9.2660
group_4002	129	0	0.0000	0	0.0000	0	0.0000
group_4007	4086	79534	19.4650	535	24.5681	267	24.5222
group_4015	417	453	1.0863	3	1.3499	1	0.8999
group_4018	216	12847	59.4769	94	81.6565	47	81.6566
group_4056	162	1133	6.9938	8	9.2660	4	9.2660
group_17649	948	7410	7.8165	55	10.8861	27	10.6881
group_4072	1842	0	0.0000	0	0.0000	0	0.0000
group_4073	3357	236586	70.4754	1590	88.8715	795	88.8715
group_4075	813	97479	119.9004	665	153.4787	332	153.2479
bchD	2001	353379	176.6012	2373	222.5192	1186	222.4255
group_4079	2277	35105	15.4172	237	19.5300	118	19.4476
rpoC1	1881	347364	184.6699	2351	234.5204	1175	234.4207
group_4114	2004	4210	2.1008	27	2.5280	13	2.4344
group_4115	516	42926	83.1899	304	110.5454	152	110.5454
group_4121	1497	0	0.0000	0	0.0000	0	0.0000
group_4124	1767	245222	138.7787	1661	176.3803	830	176.2741
group_4138	345	1637	4.7449	12	6.5265	6	6.5265
lysS	1638	92171	56.2705	617	70.6786	308	70.5641
group_4147	1698	6623	3.9005	44	4.8622	22	4.8622
group_4148	123	0	0.0000	0	0.0000	0	0.0000
ndhD2	1662	282773	170.1402	1910	215.6350	955	215.6350
group_4171	1686	273855	162.4288	1846	205.4428	923	205.4429
group_4176	1617	22603	13.9784	151	17.5220	75	17.4060
comB	726	103571	142.6598	718	185.5687	359	185.5687
group_4193	333	1057	3.1742	7	3.9443	3	3.3808
group_4197	1299	22890	17.6212	158	22.8226	79	22.8226
group_4198	1284	0	0.0000	0	0.0000	0	0.0000
group_4203	1230	6132	4.9854	42	6.4071	21	6.4071
group_4220	624	6923	11.0946	50	15.0350	25	15.0350
group_4247	1440	4304	2.9889	29	3.7788	14	3.6485
cbbL	1416	275565	194.6081	1861	246.6039	930	246.4715
group_4254	267	2799	10.4831	22	15.4607	11	15.4607
bchL	870	453	0.5207	3	0.6470	1	0.4313
group_4258	1410	193941	137.5468	1301	173.1311	650	172.9980
psbC	1383	122403	88.5054	827	112.2019	413	112.0662
group_4265	297	1512	5.0909	13	8.2130	6	7.5813
group_4268	1368	14956	10.9327	102	13.9904	51	13.9904
group_4274	285	31063	108.9930	223	146.8172	111	146.1588
group_4276	621	52756	84.9533	370	111.7962	185	111.7962
group_4296	567	79601	140.3898	569	188.2982	284	187.9673
group_4306	453	6455	14.2494	46	19.0536	23	19.0536
group_4314	1314	4383	3.3356	30	4.2839	15	4.2839
group_4316	1302	132902	102.0753	902	129.9907	451	129.9908
group_15532	1296	80993	62.4946	548	79.3400	274	79.3401
group_4321	621	48309	77.7923	328	99.1058	164	99.1058
group_4337	402	1995	4.9627	14	6.5346	7	6.5346
group_4347	1227	7564	6.1646	53	8.1049	26	7.9520
group_4348	165	0	0.0000	0	0.0000	0	0.0000
group_4352	1107	19500	17.6152	136	23.0520	68	23.0520
group_4354	1215	32230	26.5267	220	33.9753	110	33.9753
group_4356	1509	34650	22.9622	234	29.0967	117	29.0967
pyrD	1143	175003	153.1085	1192	195.6802	596	195.6802
group_4376	615	5440	8.8455	37	11.2887	18	10.9836
frhB	1194	188108	157.5444	1277	200.6797	638	200.5226
gmrSD	1722	13577	7.8844	93	10.1337	46	10.0247
group_4404	504	27722	55.0040	195	72.5974	97	72.2251
group_4408	558	296	0.5305	2	0.6725	1	0.6725
dnaN	306	2989	9.7680	25	15.3298	12	14.7166
group_4426	1143	142843	124.9720	975	160.0572	487	159.8931
group_4442	930	8400	9.0323	57	11.5003	28	11.2985
group_4450	804	5869	7.2998	40	9.3351	20	9.3351
group_4453	243	13753	56.5967	97	74.9001	48	74.1279
group_4454	12021	30709	2.5546	204	3.1842	102	3.1842
group_4458	1671	31386	18.7828	212	23.8054	106	23.8054
group_4469	1107	34278	30.9648	231	39.1545	115	38.9850
group_4470	1107	3697	3.3397	25	4.2375	12	4.0680
group_4471	1188	150085	126.3342	1027	162.2075	513	162.0496
group_4487	2616	0	0.0000	0	0.0000	0	0.0000
group_4501	150	1191	7.9400	10	12.5091	5	12.5091
group_4505	129	410	3.1783	4	5.8182	2	5.8182
group_4517	555	6299	11.3495	45	15.2138	22	14.8757
group_4527	141	0	0.0000	0	0.0000	0	0.0000
group_4533	1038	11252	10.8401	76	13.7383	38	13.7383
group_4549	510	0	0.0000	0	0.0000	0	0.0000
group_4550	1581	16547	10.4662	113	13.4111	56	13.2924
group_4562	471	3276	6.9554	23	9.1627	11	8.7643
group_4565	525	0	0.0000	0	0.0000	0	0.0000
wecE	1128	76469	67.7917	520	86.4990	260	86.4990
group_4592	969	2443	2.5212	17	3.2919	8	3.0982
group_4595	219	2219	10.1324	16	13.7086	8	13.7086
group_4599	429	2381	5.5501	17	7.4355	8	6.9981
group_4633	258	5489	21.2752	37	26.9091	18	26.1818
group_4642	921	3539	3.8426	24	4.8895	12	4.8895
petP	399	52575	131.7669	377	177.2904	188	176.8202
group_4677	1278	10149	7.9413	71	10.4242	35	10.2774
group_4678	447	36481	81.6130	259	108.7199	129	108.3002
group_4680	1194	225	0.1884	2	0.3143	1	0.3143
group_4686	720	0	0.0000	0	0.0000	0	0.0000
group_4688	363	12794	35.2452	88	45.4876	44	45.4876
cphB	864	109819	127.1053	759	164.8333	379	164.6161
cphA	2634	359308	136.4115	2401	171.0383	1200	170.9670
group_4696	1908	36539	19.1504	245	24.0938	122	23.9954
group_4698	186	1414	7.6022	11	11.0968	5	10.0880
group_19106	828	69598	84.0556	463	104.9222	231	104.6956
group_4706	666	0	0.0000	0	0.0000	0	0.0000
group_4733	807	899	1.1140	6	1.3951	3	1.3951
group_4739	267	22599	84.6404	165	115.9550	82	115.2523
group_4742	792	57578	72.6995	402	95.2396	201	95.2397
group_17224	1647	12184	7.3977	83	9.4559	41	9.3419
group_4772	114	0	0.0000	0	0.0000	0	0.0000
group_4784	1566	37432	23.9029	255	30.5538	127	30.4340
group_4787	618	206	0.3333	2	0.6072	1	0.6072
group_4807	336	42047	125.1399	298	166.4155	149	166.4156
group_4808	720	2989	4.1514	22	5.7333	11	5.7333
hcp	1629	298820	183.4377	2028	233.5951	1014	233.5951
group_4813	888	1057	1.1903	7	1.4791	3	1.2678
group_4814	201	146	0.7264	1	0.9335	0	0.0000
group_4834	117	0	0.0000	0	0.0000	0	0.0000
group_4863	117	0	0.0000	0	0.0000	0	0.0000
group_4868	304	2475	8.1414	17	10.4928	8	9.8756
group_4870	1128	19036	16.8759	132	21.9574	66	21.9574
group_4901	369	151	0.4092	1	0.5085	0	0.0000
group_4902	582	15098	25.9416	106	34.1743	53	34.1743
group_4912	699	2609	3.7325	18	4.8318	9	4.8318
group_4913	570	52531	92.1596	371	122.1282	185	121.7990
group_4937	2748	13317	4.8461	88	6.0087	44	6.0087
group_4943	309	30499	98.7023	229	139.0573	114	138.4501
group_4944	309	29293	94.7994	212	128.7343	106	128.7343
group_4947	1746	0	0.0000	0	0.0000	0	0.0000
group_4975	270	0	0.0000	0	0.0000	0	0.0000
group_4978	153	187	1.2222	2	2.4528	1	2.4528
group_4986	153	442	2.8889	3	3.6791	1	2.4528
group_5010	1425	0	0.0000	0	0.0000	0	0.0000
group_5030	558	15160	27.1685	108	36.3167	54	36.3167
group_5032	462	6778	14.6710	47	19.0885	23	18.6824
group_5042	3066	2865	0.9344	19	1.1628	9	1.1016
group_5049	264	0	0.0000	0	0.0000	0	0.0000
group_5055	309	27065	87.5890	192	116.5895	96	116.5896
group_5056	1737	29164	16.7899	199	21.4966	99	21.3886
group_5063	96	0	0.0000	0	0.0000	0	0.0000
group_5066	11259	219558	19.5007	1286	21.4318	643	21.4318
group_5071	429	11927	27.8019	82	35.8652	41	35.8652
group_5074	228	4242	18.6053	30	24.6890	15	24.6890
group_5080	210	0	0.0000	0	0.0000	0	0.0000
group_5090	264	1497	5.6705	12	8.5289	6	8.5289
group_5091	423	37840	89.4563	266	117.9935	133	117.9935
group_5096	426	16594	38.9531	117	51.5339	58	51.0935
group_5098	156	935	5.9936	8	9.6224	4	9.6224
group_5128	387	151	0.3902	1	0.4848	0	0.0000
group_5130	327	5538	16.9358	41	23.5263	20	22.9525
group_5131	111	0	0.0000	0	0.0000	0	0.0000
group_5152	396	2942	7.4293	21	9.9504	10	9.4766
group_5156	399	16182	40.5564	123	57.8428	61	57.3725
group_5164	297	15905	53.5522	117	73.9173	58	73.2856
group_5168	255	4594	18.0157	34	25.0182	17	25.0182
group_5169	402	3790	9.4279	26	12.1357	13	12.1357
group_5174	1719	906	0.5271	6	0.6549	3	0.6549
group_5179	441	46752	106.0136	333	141.6846	166	141.2591
group_5182	123	168	1.3659	2	3.0510	1	3.0510
group_5183	285	2760	9.6842	19	12.5091	9	11.8507
group_5193	165	521	3.1576	5	5.6859	2	4.5488
ssb	516	66527	128.9283	472	171.6363	236	171.6363
group_5205	282	1219	4.3227	5	3.3269	2	2.6615
group_5222	1383	1347	0.9740	10	1.3567	5	1.3567
group_5227	438	0	0.0000	0	0.0000	0	0.0000
group_5237	240	16981	70.7542	124	96.9454	62	96.9454
group_5240	339	25489	75.1888	179	99.0764	89	98.5229
group_5253	663	1356	2.0452	9	2.5471	4	2.2641
group_5256	192	2219	11.5573	19	18.5682	9	17.5909
group_5266	318	16347	51.4057	123	72.5763	61	71.9863
group_5275	312	9937	31.8494	71	42.6993	35	42.0979
group_5283	390	12151	31.1564	87	41.8573	43	41.3762
group_5287	96	0	0.0000	0	0.0000	0	0.0000
group_5289	2301	72592	31.5480	489	39.8758	244	39.7942
group_5290	274	9547	34.8431	65	44.5123	32	43.8275
group_5294	447	18436	41.2438	131	54.9896	65	54.5699
group_5299	306	749	2.4477	5	3.0660	2	2.4528
group_5302	630	49815	79.0714	347	103.3489	173	103.0511
group_5303	147	329	2.2381	3	3.8293	1	2.5529
group_5305	450	50377	111.9489	356	148.4412	178	148.4412
group_5307	300	17031	56.7700	124	77.5563	62	77.5564
group_5309	300	20589	68.6300	155	96.9454	77	96.3200
group_5314	312	10562	33.8526	74	44.5035	37	44.5035
group_5320	297	2839	9.5589	19	12.0037	9	11.3719
group_5323	297	11522	38.7946	88	55.5959	44	55.5960
group_5324	285	19956	70.0211	140	92.1722	70	92.1722
group_5337	645	3289	5.0992	24	6.9818	12	6.9818
group_5349	864	13471	15.5914	95	20.6313	47	20.4141
group_5354	150	3502	23.3467	30	37.5273	15	37.5273
group_5357	1905	22220	11.6640	152	14.9715	76	14.9715
group_5364	297	3756	12.6465	26	16.4261	13	16.4261
group_5401	123	0	0.0000	0	0.0000	0	0.0000
group_15995	2727	18203	6.6751	121	8.3256	60	8.2568
group_5413	1122	2844	2.5348	19	3.1774	9	3.0102
group_5417	225	7280	32.3556	53	44.1988	26	43.3648
group_5427	381	16140	42.3622	118	58.1131	59	58.1131
group_5429	360	2567	7.1306	19	9.9030	9	9.3818
group_5431	354	29192	82.4633	222	117.6702	111	117.6702
group_5438	483	11082	22.9441	79	30.6900	39	30.3015
group_5444	237	579	2.4430	4	3.1669	2	3.1669
group_5459	174	2642	15.1839	19	20.4890	9	19.4107
group_5461	291	20160	69.2784	142	91.5614	71	91.5614
group_5462	255	10429	40.8980	75	55.1871	37	54.4513
group_5466	219	1500	6.8493	10	8.5679	5	8.5679
group_5472	240	4297	17.9042	33	25.8000	16	25.0182
group_5473	285	24503	85.9754	176	115.8736	88	115.8737
group_5477	432	51053	118.1782	377	163.7474	188	163.3131
group_5480	333	32887	98.7598	261	147.0663	130	146.5028
group_5481	282	604	2.1418	4	2.6615	2	2.6615
group_5482	1287	4019	3.1228	27	3.9364	13	3.7906
group_5483	846	5837	6.8995	42	9.3153	21	9.3153
group_5487	177	0	0.0000	0	0.0000	0	0.0000
group_5496	420	33662	80.1476	234	104.5402	117	104.5402
group_5522	180	1354	7.5222	9	9.3818	4	8.3394
group_5536	342	22920	67.0175	161	88.3317	80	87.7831
group_5567	573	16894	29.4834	115	37.6582	57	37.3308
group_14754	615	8544	13.8927	58	17.6958	29	17.6958
group_5576	114	388	3.4035	4	6.5837	2	6.5837
group_5581	120	393	3.2750	4	6.2545	2	6.2545
group_5588	534	1943	3.6386	13	4.5679	6	4.2165
group_5596	957	81689	85.3595	548	107.4448	274	107.4448
group_5603	267	10402	38.9588	74	52.0041	37	52.0041
group_5610	270	302	1.1185	2	1.3899	1	1.3899
group_5612	837	7082	8.4612	48	10.7605	24	10.7605
group_5614	648	49167	75.8750	344	99.6094	172	99.6094
group_5615	210	3639	17.3286	29	25.9117	14	25.0182
group_5616	609	71446	117.3169	489	150.6636	244	150.3556
group_5627	147	0	0.0000	0	0.0000	0	0.0000
group_5637	111	0	0.0000	0	0.0000	0	0.0000
group_5647	273	3960	14.5055	30	20.6194	15	20.6194
group_5650	438	8146	18.5982	57	24.4184	28	23.9900
group_5651	300	1283	4.2767	10	6.2545	5	6.2545
group_5654	204	154	0.7549	2	1.8396	1	1.8396
group_5662	909	26569	29.2288	180	37.1557	90	37.1557
group_5667	178	2177	12.2303	18	18.9745	9	18.9745
group_5674	288	4608	16.0000	35	22.8030	17	22.1515
group_5689	4584	24289	5.2986	161	6.5902	80	6.5493
group_5705	726	1566	2.1570	11	2.8430	5	2.5845
group_5706	1467	5183	3.5331	36	4.6046	18	4.6046
group_5716	2715	9062	3.3378	63	4.3540	31	4.2849
group_5717	885	2844	3.2136	19	4.0284	9	3.8163
group_5718	3585	10220	2.8508	68	3.5591	34	3.5591
group_5724	420	1385	3.2976	12	5.3610	6	5.3610
group_5725	144	1704	11.8333	15	19.5454	7	18.2424
group_5734	1746	31231	17.8872	213	22.8903	106	22.7829
group_5748	981	18033	18.3823	123	23.5263	61	23.3350
group_5753	588	4562	7.7585	31	9.8924	15	9.5733
group_5764	1071	14742	13.7647	102	17.8701	51	17.8701
group_5766	279	0	0.0000	0	0.0000	0	0.0000
group_5788	285	3542	12.4281	25	16.4593	12	15.8010
group_5796	1407	2994	2.1279	20	2.6672	10	2.6672
group_5798	618	7175	11.6100	50	15.1809	25	15.1809
group_5800	546	6973	12.7711	42	14.4336	21	14.4336
brxC	3507	46719	13.3216	312	16.6931	156	16.6931
group_5814	147	403	2.7415	3	3.8293	1	2.5529
group_5817	198	3256	16.4444	22	20.8485	11	20.8485
group_5826	1518	11605	7.6449	80	9.8886	40	9.8886
group_5829	990	11236	11.3495	76	14.4044	38	14.4044
group_5844	165	1000	6.0606	8	9.0975	4	9.0975
group_5860	489	1930	3.9468	14	5.3720	7	5.3720
group_5862	378	9667	25.5741	67	33.2583	33	32.7619
group_5869	141	811	5.7518	8	10.6460	4	10.6460
group_5875	795	16016	20.1459	109	25.7262	54	25.4902
group_5882	948	19939	21.0327	137	27.1162	68	26.9183
group_5884	267	7859	29.4345	55	38.6517	27	37.9489
group_5890	315	2089	6.6317	14	8.3394	7	8.3394
group_5893	1563	21700	13.8836	147	17.6472	73	17.5271
group_5895	648	453	0.6991	3	0.8687	1	0.5791
group_5911	705	62246	88.2922	430	114.4448	215	114.4449
group_5953	822	2496	3.0365	17	3.8806	8	3.6523
group_5990	543	85215	156.9337	596	205.9507	298	205.9507
group_6000	672	7670	11.4137	52	14.5195	26	14.5195
group_6005	876	10758	12.2808	72	15.4222	36	15.4222
group_6012	792	87573	110.5720	610	144.5179	305	144.5179
group_6027	1611	15023	9.3253	101	11.7637	50	11.6472
group_6028	672	604	0.8988	4	1.1169	2	1.1169
group_6036	285	1217	4.2702	10	6.5837	5	6.5837
group_6040	1956	64623	33.0383	437	41.9208	218	41.8249
group_6061	183	1042	5.6940	11	11.2787	5	10.2534
group_6077	3810	653732	171.5832	4366	215.0184	2183	215.0184
group_6078	189	0	0.0000	0	0.0000	0	0.0000
group_6087	738	0	0.0000	0	0.0000	0	0.0000
group_6095	132	0	0.0000	0	0.0000	0	0.0000
group_6112	264	1095	4.1477	9	6.3967	4	5.6859
group_6133	654	0	0.0000	0	0.0000	0	0.0000
group_6134	840	2955	3.5179	21	4.6909	10	4.4675
group_6148	570	2188	3.8386	16	5.2670	8	5.2670
group_6151	741	6279	8.4737	42	10.6353	21	10.6353
group_6155	525	9941	18.9352	80	28.5922	40	28.5922
group_6167	2589	1359	0.5249	9	0.6523	4	0.5798
group_6168	183	3572	19.5191	28	28.7094	14	28.7094
group_6173	429	2965	6.9114	21	9.1850	10	8.7476
group_6181	351	11596	33.0370	82	43.8353	41	43.8353
group_6183	681	52630	77.2834	373	102.7729	186	102.4974
group_6184	345	17570	50.9275	124	67.4403	62	67.4403
group_6185	228	151	0.6623	1	0.8230	0	0.0000
group_6186	285	7255	25.4561	50	32.9187	25	32.9187
group_6188	288	30033	104.2813	216	140.7272	108	140.7273
group_6194	942	60497	64.2219	415	82.6636	207	82.4644
group_6204	126	345	2.7381	4	5.9567	2	5.9567
group_15994	2658	235	0.0884	2	0.1412	1	0.1412
group_6216	135	795	5.8889	8	11.1192	4	11.1192
group_6217	300	6001	20.0033	43	26.8945	21	26.2691
group_6226	387	23136	59.7829	164	79.5151	82	79.5151
group_6228	1008	4983	4.9435	33	6.1429	16	5.9567
group_6237	327	17417	53.2630	123	70.5788	61	70.0050
group_6238	213	14792	69.4460	116	102.1869	58	102.1869
group_6239	192	7612	39.6458	58	56.6818	29	56.6818
group_6269	346	8600	24.8555	61	33.0804	30	32.5381
dppC	879	43979	50.0330	304	64.8936	152	64.8936
group_6280	336	6033	17.9554	42	23.4545	21	23.4545
group_6283	258	18914	73.3101	133	96.7272	66	96.0000
tnpIS607~~~tnpISMae20	594	16266	27.3838	108	34.1157	54	34.1157
murC	1428	83500	58.4734	564	74.1085	282	74.1085
group_6286	654	11149	17.0474	81	23.2394	40	22.9525
group_6292	297	4880	16.4310	34	21.4803	17	21.4803
group_6295	573	30252	52.7958	217	71.0595	108	70.7320
petH	1200	198348	165.2900	1355	211.8727	677	211.7163
group_6349	369	5761	15.6125	41	20.8485	20	20.3400
group_6352	1578	15684	9.9392	107	12.7231	53	12.6042
group_6362	657	4722	7.1872	33	9.4247	16	9.1391
group_6367	432	1647	3.8125	11	4.7778	5	4.3434
group_6375	300	14837	49.4567	110	68.8000	55	68.8000
group_6381	678	7147	10.5413	50	13.8375	25	13.8375
group_6385	360	25916	71.9889	176	91.7333	88	91.7333
grrP	900	81884	90.9822	543	113.2072	271	112.9988
group_6388	324	0	0.0000	0	0.0000	0	0.0000
group_6409	708	4460	6.2994	32	8.4807	16	8.4807
group_6421	189	2548	13.4815	18	17.8701	9	17.8701
group_19110	1653	1644	0.9946	13	1.4757	6	1.3622
group_6459	207	9483	45.8116	71	64.3583	35	63.4519
group_6469	648	151	0.2330	1	0.2896	0	0.0000
group_6516	1704	2385	1.3996	16	1.7618	8	1.7618
group_6548	711	1712	2.4079	12	3.1669	6	3.1669
group_6568	774	6191	7.9987	43	10.4242	21	10.1818
group_6582	162	376	2.3210	3	3.4747	1	2.3165
group_6608	450	0	0.0000	0	0.0000	0	0.0000
group_6609	393	3000	7.6336	23	10.9813	11	10.5038
group_15572	3453	2114	0.6122	14	0.7608	7	0.7608
psbD	1146	172045	150.1265	1166	190.9109	583	190.9110
group_6640	1017	1433	1.4090	10	1.8450	5	1.8450
group_6663	156	132	0.8462	2	2.4056	1	2.4056
group_6681	1731	69920	40.3928	472	51.1637	236	51.1637
group_6689	1221	1854	1.5184	13	1.9978	6	1.8441
group_6699	285	583	2.0456	4	2.6335	2	2.6335
group_6716	168	0	0.0000	0	0.0000	0	0.0000
group_6722	1524	0	0.0000	0	0.0000	0	0.0000
group_6724	183	152	0.8306	2	2.0507	1	2.0507
group_6752	747	8561	11.4605	61	15.3224	30	15.0712
group_6758	660	105943	160.5197	737	209.5272	368	209.2429
group_6759	1398	164238	117.4807	1107	148.5790	553	148.4448
group_6768	645	151	0.2341	1	0.2909	0	0.0000
group_6771	666	5886	8.8378	41	11.5512	20	11.2694
group_6780	1470	267750	182.1429	1817	231.9287	908	231.8011
group_6795	732	731	0.9986	5	1.2817	2	1.0253
group_6796	126	0	0.0000	0	0.0000	0	0.0000
group_6816	135	471	3.4889	6	8.3394	3	8.3394
group_6842	606	0	0.0000	0	0.0000	0	0.0000
group_6863	393	5837	14.8524	41	19.5753	20	19.0978
group_6874	126	0	0.0000	0	0.0000	0	0.0000
group_6899	381	604	1.5853	4	1.9699	2	1.9699
group_6900	504	1053	2.0893	7	2.6061	3	2.2338
group_6907	789	9828	12.4563	68	16.1714	34	16.1714
group_6909	729	105572	144.8176	706	181.7164	353	181.7164
group_6918	228	442	1.9386	4	3.2919	2	3.2919
group_6927	348	1527	4.3879	11	5.9310	5	5.3918
group_6950	1173	4236	3.6113	29	4.6389	14	4.4790
group_6958	567	4994	8.8078	35	11.5825	17	11.2516
group_6961	915	4261	4.6568	29	5.9469	14	5.7419
group_6963	216	5206	24.1019	40	34.7475	20	34.7475
group_6970	171	1305	7.6316	10	10.9729	5	10.9729
group_6971	267	2941	11.0150	22	15.4607	11	15.4607
group_7009	357	0	0.0000	0	0.0000	0	0.0000
group_7017	267	761	2.8502	6	4.2165	3	4.2165
group_7021	2364	0	0.0000	0	0.0000	0	0.0000
group_7037	579	34036	58.7841	233	75.5082	116	75.1842
group_7081	414	2523	6.0942	19	8.6113	9	8.1581
group_7099	1167	755	0.6470	5	0.8039	2	0.6431
group_19111	588	0	0.0000	0	0.0000	0	0.0000
group_7121	759	368	0.4848	3	0.7416	1	0.4944
group_7147	1344	42519	31.6362	288	40.2078	144	40.2078
group_7153	819	151	0.1844	1	0.2291	0	0.0000
group_7155	279	4182	14.9892	30	20.1759	15	20.1760
hemC	960	99967	104.1323	675	131.9318	337	131.7363
group_7162	180	151	0.8389	1	1.0424	0	0.0000
group_7170	726	13469	18.5523	95	24.5530	47	24.2945
group_7185	2883	243781	84.5581	1639	106.6722	819	106.6071
group_7190	960	1880	1.9583	13	2.5409	6	2.3455
group_7205	423	15270	36.0993	112	49.6815	56	49.6815
fadM	417	25400	60.9113	171	76.9444	85	76.4944
group_7209	315	32478	103.1048	223	132.8346	111	132.2389
group_7230	456	0	0.0000	0	0.0000	0	0.0000
group_7233	1941	1208	0.6224	8	0.7734	4	0.7734
group_7238	186	6733	36.1989	54	54.4751	27	54.4751
group_7258	630	79494	126.1810	553	164.7030	276	164.4052
group_7263	702	6947	9.8960	47	12.5625	23	12.2953
group_7280	1029	8809	8.5607	59	10.7585	29	10.5762
group_7286	456	60586	132.8640	421	173.2344	210	172.8229
group_7298	2304	217067	94.2131	1461	118.9829	730	118.9015
group_7304	480	2592	5.4000	18	7.0364	9	7.0364
group_7316	360	5714	15.8722	42	21.8909	21	21.8909
group_7330	870	72360	83.1724	495	106.7586	247	106.5429
group_7342	240	6946	28.9417	48	37.5273	24	37.5273
group_19112	312	625	2.0032	5	3.0070	2	2.4056
group_7350	378	0	0.0000	0	0.0000	0	0.0000
group_19113	492	0	0.0000	0	0.0000	0	0.0000
group_7374	735	10184	13.8558	70	17.8701	35	17.8701
group_7390	105	0	0.0000	0	0.0000	0	0.0000
group_7398	456	0	0.0000	0	0.0000	0	0.0000
group_7405	1221	1510	1.2367	10	1.5367	5	1.5367
group_15130	717	6124	8.5411	41	10.7296	20	10.4679
group_7412	132	592	4.4848	6	8.5289	3	8.5289
group_15976	387	8450	21.8346	65	31.5151	32	31.0303
group_7426	300	6108	20.3600	44	27.5200	22	27.5200
group_7457	102	204	2.0000	2	3.6791	1	3.6791
group_7482	327	19083	58.3578	136	78.0383	68	78.0384
group_7484	468	1505	3.2158	10	4.0093	5	4.0093
group_7502	1125	4155	3.6933	30	5.0036	15	5.0036
group_17292	288	2704	9.3889	19	12.3788	9	11.7273
group_7534	312	34744	111.3590	246	147.9440	123	147.9440
group_7579	156	290	1.8590	2	2.4056	1	2.4056
group_7587	408	48737	119.4534	335	154.0641	167	153.6043
group_7589	174	0	0.0000	0	0.0000	0	0.0000
group_7601	4638	49502	10.6731	331	13.3910	165	13.3506
group_7608	954	2892	3.0314	20	3.9337	10	3.9337
group_7610	1560	1812	1.1615	12	1.4434	6	1.4434
group_7618	1803	32055	17.7787	215	22.3748	107	22.2708
group_7621	540	302	0.5593	2	0.6949	1	0.6949
group_7627	240	604	2.5167	4	3.1273	2	3.1273
group_7631	210	0	0.0000	0	0.0000	0	0.0000
group_7644	777	302	0.3887	2	0.4830	1	0.4830
group_16403	4998	40619	8.1271	272	10.2115	136	10.2115
group_7694	897	123438	137.6120	851	178.0139	425	177.8048
group_7695	2112	413135	195.6132	2782	247.1611	1391	247.1611
group_7707	642	20198	31.4611	143	41.7944	71	41.5021
group_7708	444	28758	64.7703	202	85.3661	101	85.3661
group_19114	315	151	0.4794	1	0.5957	0	0.0000
group_7718	318	7024	22.0881	55	32.4528	27	31.8628
group_7740	267	30591	114.5730	224	157.4177	112	157.4178
group_7748	1062	3475	3.2721	25	4.4171	12	4.2404
group_17420	315	0	0.0000	0	0.0000	0	0.0000
group_7756	738	73239	99.2398	512	130.1759	256	130.1759
group_7769	516	747	1.4477	5	1.8182	2	1.4545
group_7776	609	1908	3.1330	13	4.0054	6	3.6973
group_7798	228	8844	38.7895	64	52.6698	32	52.6698
group_7803	417	41088	98.5324	285	128.2406	142	127.7907
group_14766	339	20039	59.1121	136	75.2759	68	75.2759
group_7835	243	2467	10.1523	17	13.1268	8	12.3547
group_7836	252	5281	20.9563	35	26.0606	17	25.3160
group_7860	420	6963	16.5786	48	21.4441	24	21.4442
group_7863	207	2245	10.8454	15	13.5968	7	12.6904
group_7867	615	599	0.9740	4	1.2204	2	1.2204
group_7893	210	151	0.7190	1	0.8935	0	0.0000
group_7895	399	701	1.7569	5	2.3513	2	1.8811
group_7911	213	128	0.6009	2	1.7618	1	1.7618
group_7921	402	2294	5.7065	17	7.9349	8	7.4681
group_7937	192	150	0.7813	1	0.9773	0	0.0000
group_7938	2958	13365	4.5183	89	5.6456	44	5.5821
group_7966	198	10449	52.7727	77	72.9697	38	72.0220
group_7972	393	17034	43.3435	119	56.8161	59	56.3386
group_7978	468	1812	3.8718	12	4.8112	6	4.8112
group_7979	291	3225	11.0825	23	14.8304	11	14.1856
group_7994	273	7423	27.1905	53	36.4276	26	35.7403
group_8037	567	3574	6.3034	25	8.2732	12	7.9423
group_8041	561	6323	11.2709	52	17.3923	26	17.3923
group_8043	261	7439	28.5019	55	39.5402	27	38.8213
group_8053	2412	1208	0.5008	8	0.6223	4	0.6223
group_14734	4215	61366	14.5590	384	17.0943	192	17.0943
group_8073	138	895	6.4855	10	13.5968	5	13.5968
group_19118	708	4567	6.4506	31	8.2157	15	7.9507
group_8114	219	834	3.8082	6	5.1407	3	5.1407
group_8119	261	538	2.0613	4	2.8757	2	2.8757
group_8120	645	1879	2.9132	16	4.6545	8	4.6545
group_8131	1290	7169	5.5574	49	7.1273	24	6.9818
group_8134	2193	2869	1.3083	19	1.6257	9	1.5401
group_8140	351	15149	43.1595	107	57.1997	53	56.6651
group_8159	1311	119048	90.8070	807	115.5015	403	115.3584
group_8157	204	917	4.4951	7	6.4385	3	5.5187
group_8168	240	9717	40.4875	70	54.7273	35	54.7273
group_8182	213	698	3.2770	5	4.4046	2	3.5237
group_18374	1146	56694	49.4712	387	63.3641	193	63.2004
group_8248	1101	381983	346.9419	2559	436.1138	1279	435.9435
group_8261	702	19707	28.0726	141	37.6876	70	37.4204
group_8264	900	0	0.0000	0	0.0000	0	0.0000
group_8285	612	31365	51.2500	223	68.3707	111	68.0642
group_15305	3963	11003	2.7764	74	3.5037	37	3.5037
group_8300	411	1310	3.1873	10	4.5654	5	4.5654
group_19120	135	0	0.0000	0	0.0000	0	0.0000
group_8347	14124	1292869	91.5370	7989	106.1333	3994	106.1200
araC	903	95336	105.5770	657	136.5194	328	136.3117
group_8354	960	150655	156.9323	1028	200.9272	514	200.9272
group_8367	2088	24845	11.8989	167	15.0073	83	14.9174
group_8372	885	8330	9.4124	57	12.0851	28	11.8730
group_8375	705	4090	5.8014	28	7.4522	14	7.4522
group_8379	504	4466	8.8611	31	11.5411	15	11.1688
group_8381	297	11445	38.5354	83	52.4371	41	51.8053
group_8387	372	0	0.0000	0	0.0000	0	0.0000
group_8402	237	18306	77.2405	126	99.7560	63	99.7560
group_8406	279	1049	3.7599	7	4.7077	3	4.0352
group_8419	327	523	1.5994	5	2.8691	2	2.2952
group_8421	297	19794	66.6465	157	99.1882	78	98.5565
group_8451	1149	207560	180.6440	1405	229.4421	702	229.2789
group_8474	1233	0	0.0000	0	0.0000	0	0.0000
group_8475	984	0	0.0000	0	0.0000	0	0.0000
mvl	369	2986	8.0921	22	11.1870	11	11.1870
group_8485	117	0	0.0000	0	0.0000	0	0.0000
group_8487	258	25787	99.9496	186	135.2727	93	135.2727
group_8496	120	0	0.0000	0	0.0000	0	0.0000
group_8498	882	7503	8.5068	52	11.0625	26	11.0625
group_16601	768	453	0.5898	3	0.7330	1	0.4886
group_8517	165	319	1.9333	3	3.4116	1	2.2744
group_8547	1161	183025	157.6443	1258	203.3131	629	203.3131
group_8574	585	14330	24.4957	101	32.3953	50	32.0746
group_8588	1080	20471	18.9546	142	24.6707	71	24.6707
group_8593	492	22849	46.4411	160	61.0199	80	61.0199
group_8606	327	4459	13.6361	34	19.5096	17	19.5096
group_8621	1182	604	0.5110	4	0.6350	2	0.6350
group_8637	321	3081	9.5981	21	12.2753	10	11.6907
group_8639	222	3983	17.9414	29	24.5110	14	23.6658
group_8656	132	154	1.1667	2	2.8430	1	2.8430
group_8657	777	6826	8.7851	49	11.8329	24	11.5914
group_8680	180	1284	7.1333	11	11.4667	5	10.4242
group_8682	1161	34187	29.4462	230	37.1717	115	37.1717
group_8718	906	21164	23.3598	145	30.0301	72	29.8230
group_8729	1512	5012	3.3148	28	3.4747	14	3.4747
group_8738	1098	1580	1.4390	11	1.8798	5	1.7089
group_8749	246	5583	22.6951	41	31.2727	20	30.5100
group_8755	1593	149186	93.6510	1000	117.7880	500	117.7880
group_8774	1182	137062	115.9577	930	147.6326	465	147.6327
group_8785	312	5870	18.8141	40	24.0559	20	24.0559
group_8798	255	1109	4.3490	9	6.6225	4	5.8866
group_8808	576	6157	10.6892	43	14.0076	21	13.6818
group_19121	426	0	0.0000	0	0.0000	0	0.0000
group_8853	195	4116	21.1077	31	29.8294	15	28.8671
group_8860	1017	10979	10.7955	74	13.6530	37	13.6530
group_8875	7752	153828	19.8437	1030	24.9310	515	24.9310
group_8881	408	302	0.7402	2	0.9198	1	0.9198
group_19122	513	0	0.0000	0	0.0000	0	0.0000
group_8889	1395	66339	47.5548	445	59.8553	222	59.7208
group_8904	660	79979	121.1803	551	156.6479	275	156.3636
group_8905	259	5542	21.3977	37	26.8052	18	26.0807
group_8946	1131	7360	6.5075	50	8.2952	25	8.2952
group_8951	846	5498	6.4988	38	8.4281	19	8.4281
group_8960	1278	6586	5.1534	44	6.4601	22	6.4601
group_8971	1974	0	0.0000	0	0.0000	0	0.0000
group_8975	1140	604	0.5298	4	0.6584	2	0.6584
group_9014	225	1034	4.5956	7	5.8376	3	5.0036
group_9023	1527	4172	2.7322	27	3.3177	13	3.1949
group_9029	1152	114843	99.6901	784	127.6969	392	127.6970
group_9036	228	3862	16.9386	28	23.0431	14	23.0431
tnpIS630~~~tnpISMae25	648	75597	116.6620	519	150.2828	259	149.9932
group_9073	1953	2869	1.4690	19	1.8254	9	1.7294
group_9084	288	1861	6.4618	13	8.4697	6	7.8182
group_9096	372	0	0.0000	0	0.0000	0	0.0000
group_9100	237	298	1.2574	2	1.5834	1	1.5834
group_9101	339	43971	129.7080	313	173.2453	156	172.6919
group_9111	375	42718	113.9147	305	152.6109	152	152.1105
group_9118	231	10795	46.7316	77	62.5454	38	61.7332
group_9126	117	0	0.0000	0	0.0000	0	0.0000
group_9141	255	7128	27.9529	49	36.0556	24	35.3198
group_9157	225	906	4.0267	6	5.0036	3	5.0036
group_9161	315	1711	5.4317	13	7.7437	6	7.1481
group_9173	468	33061	70.6432	224	89.8088	112	89.8088
group_9174	1314	14693	11.1819	100	14.2798	50	14.2798
group_9177	918	106589	116.1100	729	149.0053	364	148.8009
group_9182	810	2681	3.3099	20	4.6330	10	4.6330
group_9222	366	3876	10.5902	27	13.8420	13	13.3294
group_9239	297	0	0.0000	0	0.0000	0	0.0000
group_9252	294	2647	9.0034	20	12.7644	10	12.7644
group_9273	411	6036	14.6861	40	18.2614	20	18.2614
group_9279	1140	44320	38.8772	300	49.3780	150	49.3780
group_9310	1665	250792	150.6258	1680	189.3267	840	189.3268
group_9317	354	0	0.0000	0	0.0000	0	0.0000
group_9327	345	0	0.0000	0	0.0000	0	0.0000
group_9351	108	0	0.0000	0	0.0000	0	0.0000
group_9363	1200	758	0.6317	6	0.9382	3	0.9382
group_9365	3021	331698	109.7974	2216	137.6372	1108	137.6372
group_9383	240	991	4.1292	7	5.4727	3	4.6909
group_9390	1281	8167	6.3755	54	7.9097	27	7.9097
group_9402	588	85836	145.9796	615	196.2523	307	195.9332
group_9407	411	15368	37.3917	107	48.8494	53	48.3928
group_9422	249	6722	26.9960	48	36.1709	24	36.1709
group_9478	552	6805	12.3279	46	15.6364	23	15.6364
group_9485	144	438	3.0417	4	5.2121	2	5.2121
group_9487	264	14694	55.6591	105	74.6281	52	73.9173
group_9494	507	12170	24.0039	88	32.5680	44	32.5680
group_9496	1548	21371	13.8056	143	17.3333	71	17.2121
group_9502	240	16013	66.7208	119	93.0363	59	92.2545
group_19123	1428	1072	0.7507	10	1.3140	5	1.3140
group_9565	981	1464	1.4924	10	1.9127	5	1.9127
group_9567	486	17249	35.4918	124	47.8743	62	47.8743
group_9575	276	282	1.0217	2	1.3597	1	1.3597
group_9574	2385	320385	134.3333	2144	168.6760	1072	168.6760
group_9590	645	56752	87.9876	386	112.2909	193	112.2909
group_9639	1353	302	0.2232	2	0.2774	1	0.2774
group_9649	168	2109	12.5536	19	21.2208	9	20.1039
group_9653	474	24722	52.1561	175	69.2750	87	68.8792
group_9677	732	0	0.0000	0	0.0000	0	0.0000
group_9678	201	230	1.1443	2	1.8670	1	1.8670
group_9692	558	57526	103.0932	395	132.8250	197	132.4887
group_9709	240	14501	60.4208	108	84.4363	54	84.4364
group_9711	996	0	0.0000	0	0.0000	0	0.0000
group_9730	1239	231737	187.0355	1484	224.7395	742	224.7396
group_9729	201	0	0.0000	0	0.0000	0	0.0000
group_9739	1056	4928	4.6667	35	6.2190	17	6.0413
group_9768	717	3461	4.8271	24	6.2807	12	6.2807
group_9773	252	5627	22.3294	42	31.2727	21	31.2727
group_9777	1254	15629	12.4633	108	16.1601	54	16.1601
metL1	1833	330944	180.5477	2223	227.5589	1111	227.4566
group_9807	1182	14563	12.3206	98	15.5570	49	15.5570
group_9832	225	11035	49.0444	77	64.2133	38	63.3794
mET17	1122	22425	19.9866	154	25.7540	77	25.7540
group_12514	1182	0	0.0000	0	0.0000	0	0.0000
group_19124	687	11197	16.2984	77	21.0306	38	20.7574
group_9875	147	0	0.0000	0	0.0000	0	0.0000
group_9881	693	0	0.0000	0	0.0000	0	0.0000
group_9888	894	7626	8.5302	52	10.9140	26	10.9140
group_9891	1041	84922	81.5773	576	103.8218	288	103.8218
group_19125	1119	906	0.8097	6	1.0061	3	1.0061
group_9927	1215	12866	10.5893	88	13.5901	44	13.5901
group_9943	330	339	1.0273	3	1.7058	1	1.1372
group_9953	228	2592	11.3684	20	16.4593	10	16.4593
group_9962	396	151	0.3813	1	0.4738	0	0.0000
group_13143	741	3514	4.7422	24	6.0773	12	6.0773
group_9984	408	2792	6.8431	20	9.1979	10	9.1979
group_9986	225	14185	63.0444	104	86.7297	52	86.7297
group_9996	150	0	0.0000	0	0.0000	0	0.0000
group_10017	900	377462	419.4022	2556	532.8871	1278	532.8872
group_10023	867	30730	35.4441	211	45.6647	105	45.4482
group_10025	291	9005	30.9450	66	42.5567	33	42.5567
group_19126	243	829	3.4115	6	4.6330	3	4.6330
group_10067	948	11159	11.7711	75	14.8446	37	14.6467
group_10083	918	5268	5.7386	37	7.5627	18	7.3583
group_14901	1218	0	0.0000	0	0.0000	0	0.0000
group_10089	210	1912	9.1048	13	11.6156	6	10.7221
group_10115	963	13932	14.4673	95	18.5103	47	18.3155
group_10119	207	4731	22.8551	35	31.7259	17	30.8195
group_10151	1572	7104	4.5191	48	5.7294	24	5.7294
group_10167	414	8231	19.8816	60	27.1937	30	27.1937
ywqG	1329	3120	2.3476	22	3.1061	11	3.1061
group_19127	1119	0	0.0000	0	0.0000	0	0.0000
group_10200	894	407722	456.0649	2816	591.0334	1408	591.0335
group_10202	858	27934	32.5571	193	42.2072	96	41.9886
group_10217	420	16788	39.9714	125	55.8441	62	55.3974
group_10221	2199	0	0.0000	0	0.0000	0	0.0000
group_10250	591	1970	3.3333	14	4.4449	7	4.4449
group_10257	5100	63296	12.4110	418	15.3788	209	15.3788
group_19128	1506	302	0.2005	2	0.2492	1	0.2492
ppa	552	88776	160.8261	624	212.1106	312	212.1106
group_10266	606	9274	15.3036	65	20.1260	32	19.8164
group_10267	447	4555	10.1902	31	13.0128	15	12.5930
group_10271	387	30346	78.4134	217	105.2121	108	104.7273
group_10283	276	12706	46.0362	92	62.5454	46	62.5454
group_10311	2190	275225	125.6735	1865	159.7907	932	159.7051
group_10313	3846	14925	3.8807	96	4.6836	48	4.6836
group_10318	1185	105951	89.4101	726	114.9569	363	114.9569
group_10321	150	0	0.0000	0	0.0000	0	0.0000
group_10327	267	1882	7.0487	13	9.1359	6	8.4331
group_10335	582	6263	10.7612	45	14.5080	22	14.1856
group_10360	315	3951	12.5429	28	16.6788	14	16.6788
group_10361	267	4526	16.9513	31	21.7855	15	21.0827
group_10371	1572	300	0.1908	2	0.2387	1	0.2387
group_10377	150	0	0.0000	0	0.0000	0	0.0000
group_10401	411	151	0.3674	1	0.4565	0	0.0000
group_10410	1443	224316	155.4511	1516	197.1286	758	197.1287
group_19129	558	6140	11.0036	42	14.1232	21	14.1232
group_10440	168	3769	22.4345	28	31.2727	14	31.2727
group_10447	228	453	1.9868	3	2.4689	1	1.6459
group_10466	345	9657	27.9913	70	38.0711	35	38.0711
group_10481	246	8711	35.4106	62	47.2905	31	47.2905
group_10494	1239	303	0.2446	2	0.3029	1	0.3029
group_10495	186	1084	5.8280	8	8.0704	4	8.0704
group_19130	1767	2544	1.4397	17	1.8052	8	1.6990
group_10560	111	0	0.0000	0	0.0000	0	0.0000
group_19131	1164	3225	2.7706	22	3.5464	11	3.5464
pfaA	3825	507318	132.6322	3387	166.1501	1693	166.1011
group_10582	429	23213	54.1096	166	72.6052	83	72.6052
group_10584	642	302	0.4704	2	0.5845	1	0.5845
group_10585	225	4642	20.6311	37	30.8557	18	30.0218
group_10597	933	81062	86.8832	552	111.0131	276	111.0131
group_15930	795	9192	11.5623	63	14.8693	31	14.6333
group_10611	1725	1208	0.7003	8	0.8702	4	0.8702
group_10613	1173	25744	21.9471	172	27.5136	86	27.5136
group_10620	211	21298	100.9384	146	129.8337	73	129.8337
group_10631	432	4961	11.4838	36	15.6364	18	15.6364
group_10644	528	3823	7.2405	27	9.5950	13	9.2397
group_10655	690	5997	8.6913	41	11.1494	20	10.8775
group_19133	1653	0	0.0000	0	0.0000	0	0.0000
group_10688	354	2508	7.0847	18	9.5408	9	9.5408
ndhH	1185	234393	197.8000	1600	253.3486	800	253.3486
group_10714	1689	7503	4.4423	50	5.5547	25	5.5547
group_10715	1158	12887	11.1287	89	14.4211	44	14.2591
group_10731	3996	312	0.0781	4	0.1878	2	0.1878
group_10734	252	902	3.5794	6	4.4675	3	4.4675
group_15231	516	30376	58.8682	213	77.4545	106	77.0909
group_10756	1290	57016	44.1984	381	55.4182	190	55.2727
group_10757	2205	405526	183.9120	2719	231.3756	1359	231.2905
group_10759	237	0	0.0000	0	0.0000	0	0.0000
mgtE	1407	146053	103.8045	985	131.3588	492	131.2254
group_10778	360	14064	39.0667	98	51.0788	49	51.0788
group_10782	396	4245	10.7197	31	14.6887	15	14.2149
group_10797	1260	212237	168.4421	1439	214.2926	719	214.1437
group_10830	858	90844	105.8788	631	137.9936	315	137.7749
group_10834	2235	34096	15.2555	230	19.3093	115	19.3093
group_10848	402	7755	19.2910	57	26.6051	28	26.1384
group_10857	1566	65932	42.1022	447	53.5590	223	53.4392
group_10862	267	1185	4.4382	8	5.6221	4	5.6221
group_10863	657	302	0.4597	2	0.5712	1	0.5712
group_10871	129	0	0.0000	0	0.0000	0	0.0000
group_10872	111	0	0.0000	0	0.0000	0	0.0000
group_10883	192	0	0.0000	0	0.0000	0	0.0000
group_10886	627	2246	3.5821	16	4.7882	8	4.7882
group_10890	453	2117	4.6733	14	5.7989	7	5.7989
group_10896	264	3793	14.3674	32	22.7438	16	22.7438
group_10901	123	0	0.0000	0	0.0000	0	0.0000
group_10903	744	19658	26.4220	134	33.7947	67	33.7947
group_10922	1053	19614	18.6268	134	23.8777	67	23.8777
group_10930	1584	6174	3.8977	42	4.9752	21	4.9752
group_10938	234	150	0.6410	1	0.8019	0	0.0000
group_10942	588	24789	42.1582	167	53.2913	83	52.9722
group_10945	753	145	0.1926	1	0.2492	0	0.0000
group_10949	2877	4681	1.6270	31	2.0218	15	1.9566
group_10956	795	13829	17.3950	94	22.1859	47	22.1859
group_10965	1137	34271	30.1416	236	38.9465	118	38.9465
group_10972	417	2801	6.7170	21	9.4493	10	8.9993
group_10980	1755	319322	181.9499	2151	229.9748	1075	229.8679
group_10981	366	1499	4.0956	13	6.6647	6	6.1520
group_10986	1134	5128	4.5220	34	5.6258	17	5.6258
group_10987	1041	7567	7.2690	53	9.5530	26	9.3728
group_11002	1491	32480	21.7840	221	27.8120	110	27.6861
group_11004	732	6076	8.3005	41	10.5097	20	10.2534
group_11006	624	21994	35.2468	156	46.9091	78	46.9091
metK	1512	251331	166.2242	1703	211.3390	851	211.2150
tatB	249	26072	104.7068	198	149.2048	99	149.2048
group_11034	147	863	5.8707	10	12.7644	5	12.7644
group_11044	372	5678	15.2634	44	22.1935	22	22.1935
group_11046	1437	0	0.0000	0	0.0000	0	0.0000
group_11047	1491	0	0.0000	0	0.0000	0	0.0000
group_11050	1452	0	0.0000	0	0.0000	0	0.0000
group_11051	1140	0	0.0000	0	0.0000	0	0.0000
group_11052	2577	1510	0.5860	10	0.7281	5	0.7281
group_11071	1611	8603	5.3402	58	6.7554	29	6.7554
group_11085	447	18517	41.4251	130	54.5698	65	54.5699
group_11106	618	93687	151.5971	646	196.1376	323	196.1377
group_11113	405	6030	14.8889	46	21.3118	23	21.3118
group_11116	261	0	0.0000	0	0.0000	0	0.0000
group_11118	1518	262	0.1726	2	0.2472	1	0.2472
group_11121	876	26165	29.8687	175	37.4844	87	37.2702
group_11140	1317	3820	2.9005	27	3.8468	13	3.7043
group_11152	657	75720	115.2511	522	149.0809	261	149.0809
rpsG	471	56762	120.5138	400	159.3514	200	159.3515
group_11190	1467	3971	2.7069	27	3.4534	13	3.3255
group_11199	603	85851	142.3731	598	186.0805	299	186.0805
group_11200	564	453	0.8032	3	0.9981	1	0.6654
group_11201	231	927	4.0130	7	5.6859	3	4.8737
group_11219	864	132980	153.9120	895	194.3686	447	194.1515
group_11225	633	453	0.7156	3	0.8893	1	0.5928
group_11234	1614	11590	7.1809	78	9.0679	39	9.0679
group_15571	4941	6808	1.3779	46	1.7469	23	1.7469
group_11265	213	1650	7.7465	11	9.6901	5	8.8092
ccmL	312	29954	96.0064	211	126.8951	105	126.2937
group_11286	114	318	2.7895	4	6.5837	2	6.5837
group_11294	1626	290212	178.4822	1962	226.4099	981	226.4099
group_11302	258	4136	16.0310	33	24.0000	16	23.2727
group_11315	450	58537	130.0822	424	176.7951	212	176.7951
group_11320	1878	23318	12.4164	156	15.5864	78	15.5864
group_11325	1845	70130	38.0108	474	48.2058	237	48.2058
group_15953	486	25080	51.6049	175	67.5645	87	67.1784
group_15243	1209	5564	4.6022	38	5.8976	19	5.8976
group_11359	747	44455	59.5114	305	76.6119	152	76.3607
tyw1	873	127659	146.2302	867	186.3467	433	186.1318
group_11365	181	2055	11.3536	16	16.5866	8	16.5866
group_11371	486	4955	10.1955	36	13.8990	18	13.8990
group_11382	945	146495	155.0212	1004	199.3512	502	199.3512
group_11386	759	0	0.0000	0	0.0000	0	0.0000
group_11400	1596	1069	0.6698	7	0.8230	3	0.7054
group_11415	192	213	1.1094	2	1.9545	1	1.9545
group_11430	273	2446	8.9597	18	12.3716	9	12.3716
group_11441	825	12205	14.7939	85	19.3322	42	19.1048
group_11447	885	1904	2.1514	13	2.7562	6	2.5442
group_11465	255	2678	10.5020	19	13.9807	9	13.2449
larB	771	94277	122.2789	642	156.2419	321	156.2419
gltA	1140	167350	146.7982	1140	187.6363	570	187.6363
group_11494	267	441	1.6517	4	2.8110	2	2.8110
group_11503	1065	22514	21.1399	153	26.9562	76	26.7800
group_11506	274	2211	8.0693	16	10.9569	8	10.9569
group_11508	507	3074	6.0631	21	7.7719	10	7.4018
group_11521	378	46143	122.0714	342	169.7662	171	169.7662
group_11525	921	130196	141.3637	875	178.2647	437	178.0610
group_11528	906	269751	297.7384	1797	372.1661	898	371.9590
group_11531	855	13652	15.9673	93	20.4096	46	20.1901
group_11533	444	302	0.6802	2	0.8452	1	0.8452
group_11548	420	3738	8.9000	28	12.5091	14	12.5091
group_11549	192	266	1.3854	2	1.9545	1	1.9545
group_11559	447	302	0.6756	2	0.8395	1	0.8395
group_11568	465	112	0.2409	2	0.8070	1	0.8070
group_11569	1062	9433	8.8823	63	11.1310	31	10.9543
group_11584	165	0	0.0000	0	0.0000	0	0.0000
group_11586	714	112032	156.9076	796	209.1856	398	209.1856
group_11590	624	87178	139.7083	598	179.8181	299	179.8182
group_11592	471	3829	8.1295	28	11.1546	14	11.1546
group_11598	1248	221717	177.6579	1511	227.1783	755	227.0279
group_11620	1986	40140	20.2115	275	25.9819	137	25.8874
pruA	3000	610204	203.4013	4088	255.6857	2044	255.6858
group_11628	1920	3013	1.5693	20	1.9545	10	1.9545
group_11631	717	26384	36.7978	181	47.3670	90	47.1054
group_11643	357	151	0.4230	1	0.5256	0	0.0000
group_11650	1218	38584	31.6782	257	39.5916	128	39.4375
group_11653	384	2665	6.9401	20	9.7727	10	9.7727
group_11665	1278	0	0.0000	0	0.0000	0	0.0000
group_11679	1251	247530	197.8657	1680	251.9816	840	251.9817
group_11684	375	250	0.6667	2	1.0007	1	1.0007
group_11691	885	3539	3.9989	24	5.0884	12	5.0884
group_11696	708	16176	22.8475	111	29.4176	55	29.1525
pcyA	738	128741	174.4458	894	227.2993	447	227.2993
group_11701	216	825	3.8194	6	5.2121	3	5.2121
group_11702	273	0	0.0000	0	0.0000	0	0.0000
group_11704	189	0	0.0000	0	0.0000	0	0.0000
group_11707	1086	190114	175.0589	1294	223.5740	647	223.5741
group_14813	1338	64458	48.1749	443	62.1247	221	61.9845
group_11712	1587	1477	0.9307	10	1.1823	5	1.1823
group_11713	696	931	1.3376	7	1.8871	3	1.6176
group_11725	183	1620	8.8525	11	11.2787	5	10.2534
group_11732	156	2076	13.3077	20	24.0559	10	24.0559
group_11742	315	31093	98.7079	227	135.2173	113	134.6216
group_11738	144	2778	19.2917	24	31.2727	12	31.2727
group_11741	3189	4606	1.4443	31	1.8240	15	1.7652
group_11754	726	89561	123.3623	616	159.2066	308	159.2066
cdsA	918	165020	179.7603	1129	230.7640	564	230.5597
group_11783	144	0	0.0000	0	0.0000	0	0.0000
group_11787	381	230	0.6037	2	0.9850	1	0.9850
group_11788	306	0	0.0000	0	0.0000	0	0.0000
group_5675	231	198	0.8571	2	1.6246	1	1.6246
group_11805	1137	22215	19.5383	149	24.5891	74	24.4241
ndhJ	585	6191	10.5829	41	13.1506	20	12.8298
rplJ	651	111067	170.6098	759	218.7649	379	218.4767
group_11806	723	1500	2.0747	12	3.1143	6	3.1143
petL	102	300	2.9412	4	7.3583	2	7.3583
group_11811	420	38599	91.9024	270	120.6233	135	120.6234
group_17219	1530	13567	8.8673	92	11.2827	46	11.2827
group_11820	381	793	2.0814	6	2.9549	3	2.9549
group_11823	93	0	0.0000	0	0.0000	0	0.0000
group_11840	144	214	1.4861	2	2.6061	1	2.6061
group_11849	249	6535	26.2450	48	36.1709	24	36.1709
group_11846	669	0	0.0000	0	0.0000	0	0.0000
group_11856	2154	12984	6.0279	86	7.4915	43	7.4915
group_11867	1359	302	0.2222	2	0.2761	1	0.2761
ntcA	741	120583	162.7301	843	213.4648	421	213.2116
group_11874	243	263	1.0823	2	1.5443	1	1.5443
group_11875	243	3147	12.9506	24	18.5320	12	18.5320
group_11879	1413	229189	162.2003	1546	205.2978	773	205.2978
group_11885	432	2023	4.6829	14	6.0808	7	6.0808
group_11900	1872	31086	16.6058	209	20.9487	104	20.8485
group_11922	252	302	1.1984	2	1.4892	1	1.4892
hemJ	588	20696	35.1973	141	44.9944	70	44.6753
group_11942	489	242	0.4949	2	0.7674	1	0.7674
group_11948	1677	285746	170.3912	1918	214.6013	959	214.6014
group_11972	321	1121	3.4922	8	4.6763	4	4.6763
group_11976	723	62023	85.7856	430	111.5956	215	111.5956
ndhN	588	81317	138.2942	559	178.3821	279	178.0631
group_11980	240	3382	14.0917	25	19.5454	12	18.7636
group_11981	312	2151	6.8942	16	9.6224	8	9.6224
group_11983	354	17873	50.4887	128	67.8459	64	67.8459
group_11984	186	0	0.0000	0	0.0000	0	0.0000
group_11985	540	4859	8.9981	33	11.4667	16	11.1192
group_11986	468	302	0.6453	2	0.8019	1	0.8019
group_11988	588	1379	2.3452	10	3.1911	5	3.1911
group_12002	192	0	0.0000	0	0.0000	0	0.0000
group_12005	8721	107614	12.3396	676	14.5444	338	14.5445
grrA	243	4932	20.2963	36	27.7980	18	27.7980
tatA	177	8786	49.6384	70	74.2064	35	74.2065
group_15950	2325	175120	75.3204	1179	95.1498	589	95.0691
group_12033	195	548	2.8103	6	5.7734	3	5.7734
group_12056	369	2886	7.8211	20	10.1700	10	10.1700
group_12068	213	1271	5.9671	9	7.9283	4	7.0474
group_12071	339	3852	11.3628	29	16.0515	14	15.4980
group_12083	240	13207	55.0292	99	77.4000	49	76.6182
group_12084	600	37689	62.8150	262	81.9345	131	81.9345
group_12098	930	44716	48.0817	265	53.4663	132	53.2645
group_12100	408	8118	19.8971	57	26.2139	28	25.7540
group_12101	705	0	0.0000	0	0.0000	0	0.0000
group_12114	648	35968	55.5062	249	72.1010	124	71.8114
ycf33	198	16198	81.8081	122	115.6143	61	115.6143
terB	864	214160	247.8704	1432	310.9898	716	310.9899
group_12130	951	141998	149.3144	971	191.5824	485	191.3851
group_12133	837	63026	75.2999	434	97.2929	217	97.2929
group_12138	540	78919	146.1463	559	194.2383	279	193.8909
group_12148	3774	28648	7.5909	190	9.4464	95	9.4465
group_12150	564	8599	15.2465	61	20.2940	30	19.9613
group_12149	412	9107	22.1044	64	29.1474	32	29.1474
group_12154	399	32410	81.2281	217	102.0478	108	101.5776
group_12162	237	8147	34.3755	61	48.2946	30	47.5029
group_17164	1929	15496	8.0332	104	10.1162	52	10.1162
group_17165	1260	8954	7.1063	60	8.9351	30	8.9351
group_12199	3330	278650	83.6787	1865	105.0876	932	105.0313
group_12202	762	15680	20.5774	108	26.5941	54	26.5941
group_12211	162	0	0.0000	0	0.0000	0	0.0000
group_12216	168	662	3.9405	5	5.5844	2	4.4675
group_12217	411	51609	125.5693	372	169.8314	186	169.8314
group_12238	2010	6809	3.3876	46	4.2942	23	4.2942
rplY	558	72897	130.6398	518	174.1857	259	174.1857
group_12240	729	26530	36.3923	181	46.5873	90	46.3300
cr066	579	88249	152.4162	629	203.8398	314	203.5158
group_12250	603	51250	84.9917	338	105.1759	169	105.1759
group_12261	702	94399	134.4715	667	178.2812	333	178.0140
group_12262	288	6922	24.0347	49	31.9242	24	31.2727
group_12264	939	122201	130.1395	834	166.6546	417	166.6546
group_12267	1149	191398	166.5779	1301	212.4585	650	212.2952
group_12276	855	5813	6.7988	40	8.7783	20	8.7783
group_12281	405	29498	72.8346	209	96.8296	104	96.3663
group_12289	504	0	0.0000	0	0.0000	0	0.0000
group_12301	888	138565	156.0417	938	198.2014	469	198.2014
rplO	444	48572	109.3964	353	149.1793	176	148.7567
group_12309	477	59886	125.5472	420	165.2144	210	165.2144
group_12310	234	453	1.9359	3	2.4056	1	1.6037
group_12314	2901	45878	15.8145	308	19.9214	154	19.9214
group_12317	975	820	0.8410	6	1.1547	3	1.1547
group_12326	405	25373	62.6494	173	80.1508	86	79.6875
group_12329	1239	210071	169.5488	1431	216.7131	715	216.5617
group_12341	846	906	1.0709	6	1.3308	3	1.3308
group_12349	792	130073	164.2336	902	213.6969	451	213.6969
group_12348	1170	1297	1.1085	9	1.4434	4	1.2830
argC	1062	152459	143.5584	1036	183.0426	518	183.0426
group_12371	948	0	0.0000	0	0.0000	0	0.0000
group_12395	804	78501	97.6381	537	125.3242	268	125.0909
group_12399	837	126986	151.7157	882	197.7243	441	197.7243
group_12436	252	2140	8.4921	18	13.4026	9	13.4026
group_12440	1173	23467	20.0060	158	25.2741	79	25.2741
group_12449	1101	22691	20.6094	135	23.0072	67	22.8368
group_12454	714	0	0.0000	0	0.0000	0	0.0000
yrrD	948	88962	93.8418	605	119.7468	302	119.5489
group_12480	279	24734	88.6523	174	117.0205	87	117.0205
group_12483	309	3000	9.7087	22	13.3592	11	13.3592
group_12499	255	196	0.7686	2	1.4717	1	1.4717
tkt	2007	344485	171.6418	2316	216.5250	1158	216.5250
group_12530	975	8200	8.4103	55	10.5846	27	10.3922
argJ	1338	225380	168.4454	1531	214.7019	765	214.5617
group_12539	1176	77828	66.1803	522	83.2875	261	83.2876
group_12567	174	229	1.3161	2	2.1567	1	2.1567
group_12568	783	39412	50.3346	279	66.8589	139	66.6193
group_12591	588	13459	22.8895	91	29.0390	45	28.7198
group_12604	1167	42367	36.3042	256	41.1610	128	41.1610
group_12609	369	46268	125.3875	325	165.2623	162	164.7539
group_12616	783	13200	16.8582	90	21.5674	45	21.5674
group_12650	627	2701	4.3078	20	5.9852	10	5.9852
group_12654	3447	35599	10.3275	234	12.7377	117	12.7377
group_12656	1230	1493	1.2138	10	1.5255	5	1.5255
group_12660	807	26996	33.4523	184	42.7820	92	42.7820
ylxR	282	22734	80.6170	166	110.4526	83	110.4526
group_12681	240	21911	91.2958	157	122.7454	78	121.9636
trmJ	801	120652	150.6267	839	196.5379	419	196.3037
group_12699	462	9561	20.6948	71	28.8359	35	28.4297
group_12701	717	133529	186.2329	921	241.0224	460	240.7607
group_12720	318	1057	3.3239	7	4.1304	3	3.5403
group_12735	777	42431	54.6088	286	69.0656	143	69.0656
prfA	1101	119045	108.1244	811	138.2135	405	138.0431
group_12743	606	63023	103.9983	443	137.1665	221	136.8569
group_12776	885	122766	138.7186	844	178.9436	422	178.9436
group_12795	198	10898	55.0404	80	75.8126	40	75.8127
group_12808	693	4476	6.4589	31	8.3935	15	8.1228
group_12807	3177	31317	9.8574	209	12.3437	104	12.2847
mltA	1203	213968	177.8620	1458	227.4096	729	227.4096
group_12824	420	5459	12.9976	40	17.8701	20	17.8701
group_12826	360	36755	102.0972	253	131.8666	126	131.3454
group_12831	414	12265	29.6256	88	39.8840	44	39.8841
group_12837	846	108865	128.6820	746	165.4571	373	165.4571
group_12841	705	106682	151.3220	742	197.4839	371	197.4839
group_12843	240	0	0.0000	0	0.0000	0	0.0000
jag	495	72095	145.6465	508	192.5641	254	192.5642
group_12854	324	29011	89.5401	203	117.5623	101	116.9831
fabZ	480	72181	150.3771	501	195.8454	250	195.4545
group_12863	594	90310	152.0370	639	201.8512	319	201.5353
group_12865	1965	396099	201.5771	2667	254.6697	1333	254.5743
group_12872	795	20019	25.1811	138	32.5708	69	32.5708
trpE	1584	266580	168.2955	1794	212.5123	897	212.5124
group_12887	768	5921	7.7096	41	10.0170	20	9.7727
group_12889	3852	1661	0.4312	11	0.5358	5	0.4871
group_12895	564	79552	141.0496	566	188.3017	283	188.3017
group_12899	318	18342	57.6792	144	84.9674	72	84.9674
group_12909	510	80718	158.2706	567	208.6074	283	208.2395
tusA	222	16533	74.4730	124	104.8059	62	104.8059
group_12934	1896	53290	28.1065	344	34.0437	172	34.0437
group_12939	1101	24383	22.1462	169	28.8016	84	28.6312
group_12945	355	1066	3.0028	7	3.6999	3	3.1713
group_12948	228	0	0.0000	0	0.0000	0	0.0000
group_12951	669	419	0.6263	3	0.8414	1	0.5609
group_12950	1383	17460	12.6247	117	15.8738	58	15.7381
group_12965	315	1519	4.8222	11	6.5524	5	5.9567
group_12971	315	1130	3.5873	8	4.7654	4	4.7654
group_12972	210	868	4.1333	6	5.3610	3	5.3610
group_12983	438	60539	138.2169	421	180.3536	210	179.9253
group_12987	807	257	0.3185	2	0.4650	1	0.4650
group_12994	270	3398	12.5852	24	16.6788	12	16.6788
group_12997	1056	26372	24.9735	181	32.1611	90	31.9835
group_13009	1029	0	0.0000	0	0.0000	0	0.0000
glgC	1422	238367	167.6280	1602	211.3877	801	211.3878
group_15416	2061	200825	97.4406	1350	122.9059	675	122.9059
group_13019	864	16725	19.3576	116	25.1919	58	25.1919
group_13021	945	1964	2.0783	13	2.5812	6	2.3827
group_13022	1041	17628	16.9337	119	21.4493	59	21.2691
group_13025	1470	151	0.1027	1	0.1276	0	0.0000
group_13040	633	96373	152.2480	663	196.5290	331	196.2326
group_13056	663	9966	15.0317	72	20.3768	36	20.3768
group_13059	303	28968	95.6040	211	130.6642	105	130.0450
group_13065	246	758	3.0813	10	7.6275	5	7.6275
group_13067	252	0	0.0000	0	0.0000	0	0.0000
group_13070	1128	201615	178.7367	1357	225.7291	678	225.5628
group_13076	270	12046	44.6148	85	59.0707	42	58.3757
pspE	339	36983	109.0944	272	150.5518	136	150.5519
group_13102	411	5686	13.8345	40	18.2614	20	18.2614
group_13103	1437	200657	139.6360	1350	176.2763	675	176.2763
group_13107	154	202	1.3117	2	2.4368	1	2.4368
group_13124	1119	189499	169.3467	1278	214.2978	639	214.2978
group_15061	771	0	0.0000	0	0.0000	0	0.0000
group_13138	180	151	0.8389	1	1.0424	0	0.0000
group_13152	219	0	0.0000	0	0.0000	0	0.0000
rodA	1281	222796	173.9235	1518	222.3512	759	222.3513
group_13167	282	0	0.0000	0	0.0000	0	0.0000
group_13171	399	12743	31.9373	86	40.4429	43	40.4429
group_13174	282	684	2.4255	5	3.3269	2	2.6615
group_13192	465	33290	71.5914	227	91.5988	113	91.1953
group_13198	249	1587	6.3735	12	9.0427	6	9.0427
csm4	1098	0	0.0000	0	0.0000	0	0.0000
group_13220	483	5309	10.9917	36	13.9853	18	13.9853
group_13221	1035	0	0.0000	0	0.0000	0	0.0000
group_13229	780	112485	144.2115	773	185.9524	386	185.7119
group_17176	717	1777	2.4784	12	3.1404	6	3.1404
mreC	750	47279	63.0387	321	80.3083	160	80.0582
group_13250	351	29081	82.8519	204	109.0536	102	109.0536
group_13273	243	0	0.0000	0	0.0000	0	0.0000
group_13275	1149	906	0.7885	6	0.9798	3	0.9798
group_13276	978	6112	6.2495	41	7.8661	20	7.6743
group_13282	936	24065	25.7105	164	32.8764	82	32.8765
group_13287	129	0	0.0000	0	0.0000	0	0.0000
group_13289	660	59693	90.4439	409	116.2777	204	115.9934
group_13305	243	7420	30.5350	53	40.9248	26	40.1526
fetB	777	121138	155.9048	836	201.8841	418	201.8841
group_13312	1725	247311	143.3687	1672	181.8712	836	181.8713
group_13320	444	67251	151.4662	477	201.5822	238	201.1597
larE	1002	162834	162.5090	1102	206.3625	551	206.3625
ycgQ	792	106938	135.0227	741	175.5537	370	175.3168
group_13334	399	2885	7.2306	20	9.4053	10	9.4053
group_13338	2340	36604	15.6427	244	19.5655	122	19.5655
group_13343	117	0	0.0000	0	0.0000	0	0.0000
group_13347	3921	17145	4.3726	117	5.5989	58	5.5511
group_13351	399	1716	4.3008	12	5.6432	6	5.6432
group_13360	624	17775	28.4856	123	36.9860	61	36.6853
group_13366	246	965	3.9228	7	5.3392	3	4.5765
group_13377	951	171150	179.9685	1176	232.0298	588	232.0298
group_13378	600	0	0.0000	0	0.0000	0	0.0000
group_13387	282	1179	4.1809	14	9.3153	7	9.3153
group_13392	693	0	0.0000	0	0.0000	0	0.0000
group_13396	1629	19351	11.8791	132	15.2044	66	15.2044
group_13401	783	0	0.0000	0	0.0000	0	0.0000
group_13404	933	26207	28.0890	176	35.3955	88	35.3955
group_13406	957	904	0.9446	6	1.1764	3	1.1764
group_15140	675	9099	13.4800	60	16.6788	30	16.6788
group_13411	264	13002	49.2500	92	65.3884	46	65.3884
group_13418	900	0	0.0000	0	0.0000	0	0.0000
group_13417	3273	302	0.0923	2	0.1147	1	0.1147
group_13421	279	145	0.5197	1	0.6725	0	0.0000
group_13423	294	6124	20.8299	42	26.8052	21	26.8052
group_13425	1299	10312	7.9384	71	10.2557	35	10.1113
group_13426	591	4732	8.0068	35	11.1121	17	10.7946
astE	936	139493	149.0310	944	189.2400	472	189.2401
group_13449	216	0	0.0000	0	0.0000	0	0.0000
group_13456	2118	56493	26.6728	375	33.2217	187	33.1331
group_13457	960	140728	146.5917	960	187.6363	480	187.6363
ldcA	891	154615	173.5297	1058	222.8050	529	222.8050
group_13485	222	106	0.4775	2	1.6904	1	1.6904
group_13489	411	11316	27.5328	85	38.8056	42	38.3490
group_13491	216	397	1.8380	3	2.6061	1	1.7374
group_13495	154	0	0.0000	0	0.0000	0	0.0000
group_13497	168	0	0.0000	0	0.0000	0	0.0000
group_13498	885	3049	3.4452	20	4.2404	10	4.2404
group_13502	216	1019	4.7176	12	10.4242	6	10.4242
group_13503	174	0	0.0000	0	0.0000	0	0.0000
group_13506	291	0	0.0000	0	0.0000	0	0.0000
group_13507	342	16398	47.9474	115	63.0941	57	62.5454
group_15144	2247	139	0.0619	1	0.0835	0	0.0000
group_13525	342	38134	111.5029	282	154.7177	141	154.7177
group_13532	390	50957	130.6590	355	170.7972	177	170.3161
yceD	510	2173	4.2608	15	5.5187	7	5.1508
group_13543	1113	24535	22.0440	167	28.1539	83	27.9853
group_13542	447	302	0.6756	2	0.8395	1	0.8395
group_17071	528	302	0.5720	2	0.7107	1	0.7107
group_13548	642	0	0.0000	0	0.0000	0	0.0000
group_13552	132	0	0.0000	0	0.0000	0	0.0000
group_13555	741	124808	168.4318	848	214.7309	424	214.7309
group_13565	642	10192	15.8754	71	20.7511	35	20.4588
group_13569	192	12817	66.7552	99	96.7500	49	95.7727
mtnP	894	146621	164.0056	1009	211.7730	504	211.5631
group_13573	5913	34749	5.8767	232	7.3620	116	7.3620
group_13576	357	27377	76.6863	199	104.5928	99	104.0672
group_13578	375	0	0.0000	0	0.0000	0	0.0000
group_13593	1728	351092	203.1782	2383	258.7600	1191	258.6515
group_13596	405	53692	132.5728	384	177.9070	192	177.9070
group_13604	222	0	0.0000	0	0.0000	0	0.0000
hemE	1065	171786	161.3014	1175	207.0166	587	206.8404
group_13622	621	7954	12.8084	54	16.3162	27	16.3162
group_13635	831	132217	159.1059	905	204.3452	452	204.1194
group_13645	1410	2717	1.9270	18	2.3954	9	2.3954
group_13653	1098	767	0.6985	5	0.8544	2	0.6836
group_13657	858	114814	133.8159	774	169.2663	387	169.2663
group_13669	840	56938	67.7833	388	86.6701	194	86.6701
group_13684	663	105474	159.0860	736	208.2961	368	208.2961
group_13702	243	301	1.2387	2	1.5443	1	1.5443
group_13713	1530	3633	2.3745	24	2.9433	12	2.9433
group_13723	609	13407	22.0148	98	30.1943	49	30.1944
group_13730	834	51256	61.4580	349	78.5193	174	78.2943
group_13748	387	2771	7.1602	20	9.6970	10	9.6970
group_13755	267	0	0.0000	0	0.0000	0	0.0000
group_13760	786	5080	6.4631	34	8.1166	17	8.1166
group_13764	399	14238	35.6842	100	47.0266	50	47.0267
group_13769	114	0	0.0000	0	0.0000	0	0.0000
group_13776	333	41251	123.8769	297	167.3513	148	166.7879
group_13786	825	12961	15.7103	90	20.4694	45	20.4694
group_13785	2739	28350	10.3505	188	12.8790	94	12.8790
group_13784	804	98653	122.7027	664	154.9633	332	154.9633
group_13809	510	33099	64.9000	237	87.1957	118	86.8278
group_13836	423	9204	21.7589	67	29.7202	33	29.2766
group_13838	684	0	0.0000	0	0.0000	0	0.0000
group_13846	732	1150	1.5710	8	2.0507	4	2.0507
group_13857	147	0	0.0000	0	0.0000	0	0.0000
group_13863	192	1047	5.4531	8	7.8182	4	7.8182
group_13870	900	6197	6.8856	42	8.7564	21	8.7564
kgpE	264	0	0.0000	0	0.0000	0	0.0000
phoU	669	103245	154.3274	730	204.7451	365	204.7452
group_13880	252	18608	73.8413	136	101.2640	68	101.2641
alphaE	1002	166159	165.8273	1134	212.3549	567	212.3549
group_13896	462	6634	14.3593	47	19.0885	23	18.6824
group_13902	396	50794	128.2677	362	171.5261	181	171.5261
group_15300	1053	2890	2.7445	20	3.5638	10	3.5638
group_13922	321	151	0.4704	1	0.5845	0	0.0000
group_13935	582	1568	2.6942	11	3.5464	5	3.2240
group_13940	225	12774	56.7733	92	76.7224	46	76.7224
group_13950	1422	229454	161.3601	1530	201.8872	765	201.8872
group_13952	897	9350	10.4236	67	14.0152	33	13.8060
group_13956	1023	126198	123.3607	852	156.2719	426	156.2719
group_13961	780	8787	11.2654	59	14.1930	29	13.9524
rplW	306	36959	120.7810	265	162.4955	132	161.8823
group_13975	228	0	0.0000	0	0.0000	0	0.0000
group_17229	327	1984	6.0673	16	9.1810	8	9.1810
otnK	1440	248486	172.5597	1682	219.1696	841	219.1697
group_15001	1287	8032	6.2409	54	7.8729	27	7.8729
group_15002	591	2642	4.4704	18	5.7148	9	5.7148
group_14011	2172	0	0.0000	0	0.0000	0	0.0000
group_14023	366	19324	52.7978	145	74.3368	72	73.8241
group_14024	537	71402	132.9646	498	174.0091	249	174.0091
group_14028	732	1057	1.4440	7	1.7943	3	1.5380
group_14045	489	55279	113.0450	392	150.4160	196	150.4160
group_14086	1065	2960	2.7793	20	3.5237	10	3.5237
group_14088	408	734	1.7990	5	2.2995	2	1.8396
group_14109	528	3033	5.7443	21	7.4628	10	7.1074
group_14115	99	0	0.0000	0	0.0000	0	0.0000
minC	834	121158	145.2734	838	188.5362	419	188.5363
minE	288	32449	112.6701	239	155.7121	119	155.0606
purE	555	67611	121.8216	468	158.2230	234	158.2231
yjbQ	420	25802	61.4333	180	80.4156	90	80.4156
group_14146	519	3735	7.1965	22	7.9538	11	7.9538
group_14154	1104	222	0.2011	2	0.3399	1	0.3399
group_14158	579	0	0.0000	0	0.0000	0	0.0000
group_14170	732	116914	159.7186	813	208.3993	406	208.1430
tpiA	726	119995	165.2824	830	214.5153	415	214.5154
group_14183	1161	123266	106.1723	832	134.4646	416	134.4646
group_14188	855	0	0.0000	0	0.0000	0	0.0000
group_14191	435	61620	141.6552	424	182.8915	212	182.8915
group_14222	249	27096	108.8193	192	144.6834	96	144.6834
group_14235	2238	16808	7.5103	114	9.5579	57	9.5579
group_17732	1104	5338	4.8351	36	6.1186	18	6.1186
group_14246	2286	10881	4.7598	74	6.0740	37	6.0740
group_14257	279	10883	39.0072	77	51.7849	38	51.1124
group_14262	213	16561	77.7512	124	109.2343	62	109.2343
group_14271	2163	38937	18.0014	262	22.7280	131	22.7280
group_14278	1494	9420	6.3052	64	8.0380	32	8.0380
pdxH	645	97238	150.7566	672	195.4908	336	195.4909
group_14300	597	4179	7.0000	30	9.4290	15	9.4290
group_14305	768	5718	7.4453	39	9.5284	19	9.2841
group_14308	534	12544	23.4906	90	31.6241	45	31.6241
group_14315	729	0	0.0000	0	0.0000	0	0.0000
group_14317	219	531	2.4247	4	3.4271	2	3.4271
group_14328	1437	2014	1.4015	14	1.8281	7	1.8281
group_16875	1038	17181	16.5520	109	19.7036	54	19.5229
group_17234	900	3345	3.7167	14	2.9188	7	2.9188
group_14364	867	9407	10.8501	64	13.8509	32	13.8509
atp1	423	57528	136.0000	404	179.2082	202	179.2082
group_14370	2124	15375	7.2387	102	9.0108	51	9.0108
group_14380	318	2497	7.8522	19	11.2110	9	10.6209
group_14397	213	0	0.0000	0	0.0000	0	0.0000
group_14415	1038	2277	2.1936	14	2.5307	7	2.5307
group_14418	2766	5415	1.9577	38	2.5778	19	2.5778
group_14424	2619	11634	4.4422	77	5.5166	38	5.4450
group_14425	999	151	0.1512	1	0.1878	0	0.0000
ureG	603	96151	159.4544	676	210.3518	338	210.3518
group_17221	360	2182	6.0611	15	7.8182	7	7.2970
ccb2	657	116619	177.5023	799	228.1909	399	227.9053
rplV	360	51398	142.7722	373	194.4121	186	193.8909
group_14437	459	12490	27.2113	91	37.2002	45	36.7914
group_14445	306	22794	74.4902	167	102.4028	83	101.7896
group_17168	1287	9965	7.7428	67	9.7682	33	9.6224
group_14454	732	6086	8.3142	43	11.0224	21	10.7660
group_14469	267	0	0.0000	0	0.0000	0	0.0000
rae1	756	85705	113.3664	585	145.1948	292	144.9466
aroC	1101	193935	176.1444	1324	225.6408	662	225.6408
group_14475	399	16542	41.4586	117	55.0212	58	54.5509
group_14474	396	39705	100.2652	283	134.0936	141	133.6198
group_14495	135	0	0.0000	0	0.0000	0	0.0000
group_17241	495	3038	6.1374	21	7.9603	10	7.5813
group_14544	453	381	0.8411	3	1.2426	1	0.8284
group_14549	573	71992	125.6405	475	155.5449	237	155.2175
group_14550	1311	2529	1.9291	17	2.4331	8	2.2900
group_14551	993	160087	161.2155	1100	207.8549	550	207.8550
group_14561	2190	95664	43.6822	647	55.4341	323	55.3484
group_14565	525	9753	18.5771	68	24.3034	34	24.3034
group_14569	840	226	0.2690	2	0.4468	1	0.4468
group_1	945	33729	35.6921	234	46.4623	117	46.4623
group_17	324	8752	27.0123	63	36.4848	31	35.9057
group_20	684	0	0.0000	0	0.0000	0	0.0000
group_34	168	523	3.1131	5	5.5844	2	4.4675
group_49	1455	3780	2.5979	26	3.3530	13	3.3530
group_56	369	33504	90.7967	234	118.9889	117	118.9889
group_59	744	53910	72.4597	374	94.3226	187	94.3226
group_63	345	2202	6.3826	15	8.1581	7	7.6142
group_64	360	302	0.8389	2	1.0424	1	1.0424
ndhS	273	14572	53.3773	101	69.4186	50	68.7313
petD	483	64914	134.3975	463	179.8667	231	179.4782
group_99	174	297	1.7069	2	2.1567	1	2.1567
group_100	597	9263	15.5159	65	20.4294	32	20.1151
group_113	780	244740	313.7692	1642	394.9985	821	394.9985
group_15578	300	302	1.0067	2	1.2509	1	1.2509
coaD	474	52245	110.2215	376	148.8423	188	148.8423
group_144	552	64661	117.1395	456	155.0039	228	155.0039
pgsA	702	12312	17.5385	84	22.4522	42	22.4522
group_148	234	1269	5.4231	9	7.2168	4	6.4149
group_155	411	0	0.0000	0	0.0000	0	0.0000
group_162	330	4272	12.9455	29	16.4893	14	15.9207
group_160	1185	18846	15.9038	126	19.9512	63	19.9512
group_169	1875	9115	4.8613	61	6.1044	30	6.0044
group_170	627	94569	150.8278	665	199.0082	332	198.7090
group_171	1311	0	0.0000	0	0.0000	0	0.0000
group_14992	480	1952	4.0667	14	5.4727	7	5.4727
group_178	255	14838	58.1882	108	79.4695	54	79.4695
putP	1812	332134	183.2969	2242	232.1637	1121	232.1637
psbX	120	1332	11.1000	16	25.0182	8	25.0182
crtA	1488	22932	15.4113	155	19.5454	77	19.4194
phoE	735	107904	146.8082	745	190.1892	372	189.9339
group_211	300	5227	17.4233	35	21.8909	17	21.2655
group_212	642	42299	65.8863	291	85.0501	145	84.7578
gph	696	109965	157.9957	765	206.2382	382	205.9686
pobA	1401	168645	120.3747	1138	152.4126	569	152.4127
group_219	315	6644	21.0921	46	27.4009	23	27.4009
group_220	294	15472	52.6259	119	75.9480	59	75.3098
group_4091	132	176	1.3333	2	2.8430	1	2.8430
rplD	633	108447	171.3223	754	223.5036	377	223.5036
glnB	510	48785	95.6569	323	118.8363	161	118.4684
crp	576	38095	66.1372	269	87.6288	134	87.3030
group_236	156	492	3.1538	5	6.0140	2	4.8112
psaK	267	26376	98.7865	199	139.8488	99	139.1460
exbD	603	70887	117.5572	488	151.8516	244	151.8516
group_250	1557	8927	5.7335	60	7.2307	30	7.2307
group_253	654	0	0.0000	0	0.0000	0	0.0000
group_255	2724	11791	4.3286	78	5.3728	39	5.3728
group_257	141	124	0.8794	2	2.6615	1	2.6615
group_270	513	1707	3.3275	11	4.0234	5	3.6576
group_17663	924	9024	9.7662	63	12.7934	31	12.5903
group_15295	297	0	0.0000	0	0.0000	0	0.0000
group_283	264	16302	61.7500	120	85.2892	60	85.2892
group_291	309	24729	80.0291	179	108.6955	89	108.0882
group_294	372	26719	71.8253	192	96.8445	96	96.8446
group_14838	837	71516	85.4432	482	108.0534	241	108.0534
group_14836	2094	31267	14.9317	208	18.6382	104	18.6382
acpP	363	856	2.3581	6	3.1014	3	3.1014
group_317	996	302	0.3032	2	0.3768	1	0.3768
group_321	471	0	0.0000	0	0.0000	0	0.0000
secE	237	16043	67.6920	123	97.3809	61	96.5892
rplK	426	65667	154.1479	477	210.0998	238	209.6594
group_346	303	1359	4.4851	9	5.5734	4	4.9541
group_358	1731	7403	4.2767	50	5.4199	25	5.4199
group_364	357	0	0.0000	0	0.0000	0	0.0000
group_369	138	0	0.0000	0	0.0000	0	0.0000
group_368	501	62568	124.8862	444	166.2885	222	166.2885
group_380	1530	19769	12.9209	134	16.4335	67	16.4335
group_15063	1821	0	0.0000	0	0.0000	0	0.0000
group_430	288	537	1.8646	6	3.9091	3	3.9091
doc	435	36766	84.5195	256	110.4250	128	110.4251
group_443	1005	4773	4.7493	32	5.9745	16	5.9745
group_449	3606	25526	7.0788	170	8.8459	85	8.8459
group_453	156	457	2.9295	4	4.8112	2	4.8112
group_469	2202	154	0.0699	2	0.1704	1	0.1704
group_470	237	2797	11.8017	23	18.2094	11	17.4177
group_494	603	13250	21.9735	93	28.9389	46	28.6278
group_499	291	906	3.1134	8	5.1584	4	5.1584
nuoJ	648	90040	138.9506	616	178.3703	308	178.3703
rplR	363	41968	115.6143	305	157.6559	152	157.1390
group_15049	2220	0	0.0000	0	0.0000	0	0.0000
group_529	1260	260955	207.1071	1765	262.8397	882	262.6909
group_14777	492	16810	34.1667	122	46.5277	61	46.5277
tnpISMae25	504	0	0.0000	0	0.0000	0	0.0000
group_549	600	0	0.0000	0	0.0000	0	0.0000
group_550	195	150	0.7692	2	1.9245	1	1.9245
group_14768	282	5649	20.0319	39	25.9497	19	25.2843
accB	495	63834	128.9576	467	177.0225	233	176.6435
clpP	621	95962	154.5282	669	202.1396	334	201.8375
psbM	108	1068	9.8889	12	20.8485	6	20.8485
sseA	825	124960	151.4667	853	194.0046	426	193.7772
group_573	1227	209048	170.3733	1402	214.3978	701	214.3978
group_15592	3045	2494	0.8190	17	1.0476	8	0.9859
group_589	555	21919	39.4937	147	49.6983	73	49.3602
pyrH	723	109216	151.0595	764	198.2768	382	198.2768
group_600	264	1069	4.0492	8	5.6859	4	5.6859
group_15132	669	5149	7.6966	35	9.8165	17	9.5361
atpF	543	85430	157.3297	603	208.3696	301	208.0241
group_618	249	5294	21.2610	46	34.6637	23	34.6637
group_622	370	14996	40.5297	112	56.7980	56	56.7980
folB	357	43695	122.3950	309	162.4079	154	161.8823
group_626	942	16464	17.4777	110	21.9108	55	21.9108
rplX	354	41987	118.6073	305	161.6640	152	161.1340
group_641	603	86836	144.0066	590	183.5911	295	183.5911
group_651	6099	9830	1.6117	115	3.5380	57	3.5072
group_655	711	69735	98.0802	479	126.4104	239	126.1465
group_678	1302	453	0.3479	3	0.4323	1	0.2882
group_683	891	0	0.0000	0	0.0000	0	0.0000
group_690	258	6414	24.8605	49	35.6364	24	34.9091
group_689	1437	267201	185.9436	1812	236.6019	906	236.6020
group_702	366	755	2.0628	5	2.5633	2	2.0507
group_717	642	12080	18.8162	83	24.2583	41	23.9660
group_14746	531	16092	30.3051	122	43.1104	61	43.1104
group_728	264	5191	19.6629	36	25.5868	18	25.5868
group_743	1194	5138	4.3032	35	5.5002	17	5.3431
psbT	96	697	7.2604	8	15.6364	4	15.6364
rpsA	1077	185846	172.5590	1273	221.7837	636	221.6095
rpoC2	4074	742652	182.2906	4969	228.8573	2484	228.8113
group_751	1413	408	0.2887	6	0.7968	3	0.7968
apcA	486	61120	125.7613	434	167.5600	217	167.5600
group_804	156	1054	6.7564	10	12.0280	5	12.0280
group_827	2124	8015	3.7735	53	4.6821	26	4.5937
group_839	1014	176731	174.2909	1198	221.6847	599	221.6847
pro1627	273	14311	52.4212	120	82.4775	60	82.4775
grxC	318	25330	79.6541	188	110.9296	94	110.9297
higB	276	11534	41.7899	89	60.5059	44	59.8261
group_848	171	0	0.0000	0	0.0000	0	0.0000
acrA	1458	270214	185.3320	1821	234.3523	910	234.2237
group_873	210	122	0.5810	2	1.7870	1	1.7870
group_876	183	164	0.8962	2	2.0507	1	2.0507
group_877	204	2365	11.5931	18	16.5561	9	16.5561
group_16691	612	453	0.7402	3	0.9198	1	0.6132
group_884	252	906	3.5952	6	4.4675	3	4.4675
apcB	486	64829	133.3930	464	179.1425	232	179.1425
group_889	321	6787	21.1433	50	29.2268	25	29.2268
group_905	723	7497	10.3693	50	12.9762	25	12.9762
psaI	117	486	4.1538	6	9.6224	3	9.6224
uspA	411	43977	107.0000	322	147.0046	161	147.0046
qcrA	429	47806	111.4359	342	149.5842	171	149.5842
terC	720	102090	141.7917	710	185.0302	355	185.0303
group_927	159	4236	26.6415	38	44.8439	19	44.8439
group_5583	633	0	0.0000	0	0.0000	0	0.0000
group_954	1359	0	0.0000	0	0.0000	0	0.0000
group_961	339	559	1.6490	4	2.2140	2	2.2140
group_968	735	114604	155.9238	800	204.2300	400	204.2300
group_975	210	239	1.1381	2	1.7870	1	1.7870
aqpZ	825	108883	131.9794	754	171.4882	377	171.4882
group_1008	3402	2328	0.6843	16	0.8825	8	0.8825
group_5754	339	2597	7.6608	18	9.9630	9	9.9630
group_1014	105	0	0.0000	0	0.0000	0	0.0000
group_1022	207	4698	22.6957	38	34.4453	19	34.4453
group_1031	168	0	0.0000	0	0.0000	0	0.0000
group_1043	309	42265	136.7799	304	184.6001	152	184.6002
folP	906	159214	175.7329	1082	224.0866	541	224.0867
group_1050	207	15022	72.5700	107	96.9907	53	96.0843
group_1051	219	3472	15.8539	30	25.7036	15	25.7036
cpcT1	585	91256	155.9932	643	206.2396	321	205.9189
group_1053	336	0	0.0000	0	0.0000	0	0.0000
group_1062	1041	5905	5.6724	41	7.3901	20	7.2098
group_15057	348	0	0.0000	0	0.0000	0	0.0000
group_15058	2136	0	0.0000	0	0.0000	0	0.0000
group_16391	354	5788	16.3503	39	20.6718	19	20.1418
group_1097	810	6437	7.9469	44	10.1926	22	10.1926
group_1107	174	453	2.6034	3	3.2351	1	2.1567
group_1111	618	453	0.7330	3	0.9109	1	0.6072
group_1114	1080	168160	155.7037	1143	198.5818	571	198.4081
group_6041	2400	1172	0.4883	8	0.6255	4	0.6255
group_1120	468	2716	5.8034	19	7.6177	9	7.2168
group_15866	777	15695	20.1995	105	25.3563	52	25.1148
group_1157	552	5873	10.6395	42	14.2767	21	14.2767
group_1163	192	1296	6.7500	11	10.7500	5	9.7727
group_1167	354	28494	80.4915	202	107.0693	101	107.0693
group_1190	1308	220261	168.3953	1502	215.4662	751	215.4662
group_1186	1179	18569	15.7498	125	19.8936	62	19.7344
group_1207	195	9900	50.7692	78	75.0545	39	75.0545
group_1210	801	1652	2.0624	11	2.5768	5	2.3425
group_1223	324	40413	124.7315	296	171.4208	148	171.4209
rpsC	729	122722	168.3429	850	218.7803	425	218.7804
rpmC	219	17911	81.7854	129	110.5255	64	109.6687
group_6321	1515	7864	5.1908	53	6.5642	26	6.4403
group_1256	2271	302	0.1330	2	0.1652	1	0.1652
group_1264	840	0	0.0000	0	0.0000	0	0.0000
group_6350	1131	8697	7.6897	59	9.7883	29	9.6224
group_14779	1290	453	0.3512	3	0.4364	1	0.2909
group_1290	324	1175	3.6265	8	4.6330	4	4.6330
ycf35	387	49670	128.3463	353	171.1515	176	170.6666
ahpC	690	24814	35.9623	177	48.1328	88	47.8609
yqeK	597	82789	138.6750	584	183.5504	292	183.5505
group_1327	726	0	0.0000	0	0.0000	0	0.0000
group_16397	2730	25069	9.1828	169	11.6156	84	11.5469
rplF	570	71056	124.6596	504	165.9100	252	165.9100
group_1346	747	1353	1.8112	9	2.2607	4	2.0095
group_1356	471	21174	44.9554	143	56.9681	71	56.5698
group_6555	402	5026	12.5025	34	15.8697	17	15.8697
group_1371	414	0	0.0000	0	0.0000	0	0.0000
rnpA	363	35962	99.0689	260	134.3952	130	134.3952
yidC	1149	201772	175.6066	1378	225.0329	689	225.0330
group_1380	1005	10302	10.2507	70	13.0692	35	13.0692
group_1392	150	0	0.0000	0	0.0000	0	0.0000
group_1400	564	34068	60.4043	238	79.1799	119	79.1799
group_1409	552	755	1.3678	5	1.6996	2	1.3597
queA	1131	181824	160.7639	1236	205.0561	618	205.0562
iscR	444	43206	97.3108	303	128.0491	151	127.6265
group_15042	999	66385	66.4515	417	78.3227	208	78.1349
group_15875	1116	15455	13.8486	105	17.6540	52	17.4858
group_1428	570	1353	2.3737	9	2.9627	4	2.6335
group_1434	408	12504	30.6471	90	41.3904	45	41.3904
group_1443	501	31911	63.6946	232	86.8895	116	86.8895
group_1448	1059	8445	7.9745	57	10.0994	28	9.9222
group_6790	135	0	0.0000	0	0.0000	0	0.0000
group_19139	261	1796	6.8812	13	9.3459	6	8.6270
group_1494	684	16698	24.4123	112	30.7241	56	30.7241
group_1509	333	302	0.9069	2	1.1269	1	1.1269
group_1533	237	3014	12.7173	23	18.2094	11	17.4177
group_1556	1026	16101	15.6930	112	20.4827	56	20.4827
group_16018	426	1326	3.1127	10	4.4046	5	4.4046
group_1557	285	0	0.0000	0	0.0000	0	0.0000
group_1571	189	444	2.3492	3	2.9784	1	1.9856
group_7013	2442	18286	7.4881	122	9.3741	61	9.3741
group_15053	1767	0	0.0000	0	0.0000	0	0.0000
group_15054	2031	0	0.0000	0	0.0000	0	0.0000
group_7083	429	7454	17.3753	52	22.7438	26	22.7438
group_1612	1500	87567	58.3780	586	73.3033	293	73.3033
group_7123	294	2572	8.7483	20	12.7644	10	12.7644
group_1615	405	227	0.5605	2	0.9266	1	0.9266
group_1618	420	796	1.8952	6	2.6805	3	2.6805
group_1630	585	0	0.0000	0	0.0000	0	0.0000
group_1656	1047	11109	10.6103	75	13.4410	37	13.2618
group_1655	264	1022	3.8712	8	5.6859	4	5.6859
group_1665	348	21544	61.9080	150	80.8777	75	80.8777
group_1669	456	7412	16.2544	53	21.8086	26	21.3971
group_1681	366	0	0.0000	0	0.0000	0	0.0000
group_1684	189	235	1.2434	3	2.9784	1	1.9856
group_1685	297	21237	71.5051	148	93.5023	74	93.5023
group_1687	315	29257	92.8794	206	122.7082	103	122.7082
group_1704	204	302	1.4804	2	1.8396	1	1.8396
group_1698	249	15120	60.7229	111	83.6451	55	82.8916
group_1709	207	0	0.0000	0	0.0000	0	0.0000
group_1722	672	4053	6.0313	27	7.5390	13	7.2597
group_1720	594	3761	6.3316	28	8.8448	14	8.8448
group_1726	300	392	1.3067	3	1.8764	1	1.2509
group_1731	957	755	0.7889	5	0.9803	2	0.7843
group_1745	3240	38220	11.7963	254	14.7098	127	14.7098
group_1744	3750	56949	15.1864	342	17.1124	171	17.1124
group_17424	270	0	0.0000	0	0.0000	0	0.0000
group_15853	5814	4983	0.8571	33	1.0650	16	1.0327
group_7532	573	32048	55.9302	270	88.4150	135	88.4150
group_1786	309	1771	5.7314	12	7.2868	6	7.2868
group_14923	960	19923	20.7531	135	26.3864	67	26.1909
group_1804	429	31396	73.1841	220	96.2237	110	96.2238
group_17187	387	1603	4.1421	12	5.8182	6	5.8182
group_1811	1122	0	0.0000	0	0.0000	0	0.0000
group_1812	1152	1812	1.5729	12	1.9545	6	1.9545
group_1814	174	1464	8.4138	13	14.0188	6	12.9404
group_1815	354	36131	102.0650	260	137.8120	130	137.8120
group_1827	594	15148	25.5017	108	34.1157	54	34.1157
group_1833	345	21318	61.7913	159	86.4759	79	85.9320
group_1837	270	274	1.0148	2	1.3899	1	1.3899
citB	696	4052	5.8218	30	8.0878	15	8.0878
group_1845	4230	42976	10.1598	289	12.8196	144	12.7752
group_1844	252	564	2.2381	4	2.9784	2	2.9784
hEPN	384	32445	84.4922	223	108.9659	111	108.4773
group_1869	891	11129	12.4905	78	16.4261	39	16.4261
mJ0435	312	6365	20.4006	47	28.2657	23	27.6643
group_1875	429	5589	13.0280	40	17.4952	20	17.4952
group_1887	378	15504	41.0159	108	53.6104	54	53.6104
group_7805	279	152	0.5448	2	1.3451	1	1.3451
group_15417	192	383	1.9948	3	2.9318	1	1.9545
group_7854	213	0	0.0000	0	0.0000	0	0.0000
group_1908	387	16340	42.2222	115	55.7576	57	55.2727
group_1909	306	446	1.4575	3	1.8396	1	1.2264
group_15203	2121	82631	38.9585	603	53.3450	301	53.2565
group_1925	456	1788	3.9211	12	4.9378	6	4.9378
group_1932	2736	14776	5.4006	100	6.8581	50	6.8581
group_1930	366	12457	34.0355	92	47.1654	46	47.1654
group_1934	288	1740	6.0417	12	7.8182	6	7.8182
group_1937	345	0	0.0000	0	0.0000	0	0.0000
group_1944	285	34531	121.1614	254	167.2267	127	167.2268
group_1948	336	2733	8.1339	20	11.1688	10	11.1688
group_1949	708	22279	31.4675	153	40.5485	76	40.2835
group_1955	774	14080	18.1912	85	20.6061	42	20.3636
group_17209	1791	14061	7.8509	95	9.9528	47	9.8480
group_17210	573	4723	8.2426	33	10.8063	16	10.4788
group_17469	210	0	0.0000	0	0.0000	0	0.0000
group_1963	411	55927	136.0754	407	185.8102	203	185.3537
group_1965	1599	6638	4.1513	46	5.3979	23	5.3979
group_1969	864	8173	9.4595	56	12.1616	28	12.1616
group_1970	369	7472	20.2493	51	25.9335	25	25.4250
pntB	1410	265320	188.1702	1800	239.5357	900	239.5357
group_1977	300	8114	27.0467	64	40.0291	32	40.0291
group_1981	165	1051	6.3697	8	9.0975	4	9.0975
group_1982	246	13929	56.6220	99	75.5122	49	74.7494
group_15625	321	5377	16.7508	40	23.3815	20	23.3815
wzb	525	66564	126.7886	469	167.6218	234	167.2644
group_1986	147	0	0.0000	0	0.0000	0	0.0000
group_1987	333	31789	95.4625	230	129.5987	115	129.5987
group_15200	225	755	3.3556	5	4.1697	2	3.3358
group_1991	192	232	1.2083	2	1.9545	1	1.9545
group_1992	258	11145	43.1977	79	57.4545	39	56.7273
group_1997	681	213	0.3128	2	0.5511	1	0.5511
group_2005	213	378	1.7746	3	2.6428	1	1.7618
group_2010	798	17773	22.2719	123	28.9214	61	28.6863
group_2012	615	2005	3.2602	14	4.2714	7	4.2714
group_15945	537	23265	43.3240	163	56.9548	81	56.6054
group_2015	486	7418	15.2634	57	22.0067	28	21.6206
group_2017	237	274	1.1561	2	1.5834	1	1.5834
group_2018	3807	48181	12.6559	301	14.8354	150	14.7862
group_2023	804	0	0.0000	0	0.0000	0	0.0000
group_2027	366	0	0.0000	0	0.0000	0	0.0000
group_2028	315	4586	14.5587	31	18.4658	15	17.8701
gmk	555	87710	158.0360	618	208.9356	309	208.9356
rplU	390	58367	149.6590	419	201.5888	209	201.1077
gvpA	216	3079	14.2546	29	25.1919	14	24.3232
group_2031	315	30083	95.5016	221	131.6433	110	131.0476
group_2033	237	1438	6.0675	11	8.7089	5	7.9171
group_2034	477	23156	48.5451	154	60.5786	77	60.5786
penP	1191	206735	173.5810	1395	219.7755	697	219.6180
group_2036	372	6919	18.5995	51	25.7243	25	25.2199
group_2038	354	9230	26.0734	64	33.9229	32	33.9230
group_2039	963	13140	13.6449	87	16.9516	43	16.7567
group_2040	351	26168	74.5527	185	98.8966	92	98.3621
group_2049	435	10280	23.6322	73	31.4884	36	31.0570
group_2051	1350	36530	27.0593	250	34.7475	125	34.7475
group_17097	345	56376	163.4087	382	207.7596	191	207.7597
group_17647	744	145630	195.7392	1008	254.2169	504	254.2170
group_2053	183	0	0.0000	0	0.0000	0	0.0000
group_2057	423	2234	5.2813	16	7.0974	8	7.0974
group_2062	810	453	0.5593	3	0.6949	1	0.4633
group_2063	471	13175	27.9724	93	37.0492	46	36.6508
group_17758	225	0	0.0000	0	0.0000	0	0.0000
group_2066	441	7369	16.7098	55	23.4014	27	22.9759
trkA	1896	364565	192.2811	2444	241.8687	1222	241.8688
group_2072	411	19957	48.5572	139	63.4585	69	63.0020
group_2073	483	38771	80.2712	265	102.9475	132	102.5590
group_2075	690	66973	97.0623	470	127.8102	235	127.8103
group_15472	1905	75182	39.4656	508	50.0363	254	50.0364
group_2081	735	116352	158.3020	802	204.7406	401	204.7406
group_2087	321	18244	56.8349	131	76.5743	65	75.9898
group_2090	138	787	5.7029	8	10.8775	4	10.8775
group_2099	729	0	0.0000	0	0.0000	0	0.0000
group_2104	2091	0	0.0000	0	0.0000	0	0.0000
group_2107	501	44345	88.5130	306	114.6042	153	114.6042
group_2108	993	152586	153.6616	1046	197.6511	523	197.6512
group_2111	228	575	2.5219	5	4.1148	2	3.2919
group_2112	528	42846	81.1477	290	103.0578	145	103.0578
group_2115	642	0	0.0000	0	0.0000	0	0.0000
group_2116	252	0	0.0000	0	0.0000	0	0.0000
group_2119	516	0	0.0000	0	0.0000	0	0.0000
group_2121	1179	1602	1.3588	11	1.7506	5	1.5915
group_17070	588	0	0.0000	0	0.0000	0	0.0000
group_2124	435	24731	56.8529	177	76.3486	88	75.9172
group_2125	216	2593	12.0046	19	16.5050	9	15.6364
group_14674	549	0	0.0000	0	0.0000	0	0.0000
group_2126	252	1532	6.0794	11	8.1905	5	7.4459
group_2128	639	0	0.0000	0	0.0000	0	0.0000
group_16781	573	6967	12.1588	53	17.3555	26	17.0281
ccr2	324	37120	114.5679	262	151.7306	131	151.7306
group_2134	495	21725	43.8889	156	59.1339	78	59.1339
group_2140	483	3723	7.7081	28	10.8775	14	10.8775
group_2142	147	0	0.0000	0	0.0000	0	0.0000
group_2143	942	23483	24.9289	161	32.0695	80	31.8703
group_2147	267	23259	87.1124	170	119.4688	85	119.4688
group_2150	702	17996	25.6353	127	33.9456	63	33.6783
group_2155	576	26944	46.7778	187	60.9166	93	60.5909
group_2156	759	97524	128.4901	657	162.4204	328	162.1732
group_2157	205	1213	5.9171	8	7.3224	4	7.3224
group_2159	276	10762	38.9928	74	50.3083	37	50.3083
group_2160	225	2394	10.6400	19	15.8448	9	15.0109
group_14736	207	2119	10.2367	31	28.1001	15	27.1937
group_2171	675	1359	2.0133	9	2.5018	4	2.2238
group_2172	159	204	1.2830	2	2.3602	1	2.3602
group_2175	1041	49421	47.4745	331	59.6615	165	59.4813
group_2178	270	8368	30.9926	59	41.0020	29	40.3071
group_2181	417	1734	4.1583	12	5.3996	6	5.3996
group_2182	195	1745	8.9487	14	13.4713	7	13.4713
group_2184	384	3872	10.0833	28	13.6818	14	13.6818
group_2185	444	4302	9.6892	30	12.6781	15	12.6781
group_16896	396	946	2.3889	7	3.3168	3	2.8430
group_2193	390	8997	23.0692	61	29.3482	30	28.8671
group_2194	309	12027	38.9223	85	51.6152	42	51.0079
group_2195	237	1835	7.7426	13	10.2923	6	9.5006
group_2197	327	7315	22.3700	52	29.8382	26	29.8382
group_2199	453	6828	15.0728	48	19.8820	24	19.8820
group_2200	309	147	0.4757	1	0.6072	0	0.0000
group_2204	342	25058	73.2690	176	96.5614	88	96.5614
group_2205	765	108548	141.8928	754	184.9383	377	184.9383
group_2207	429	2659	6.1981	18	7.8729	9	7.8729
group_2208	267	9583	35.8914	67	47.0848	33	46.3820
group_2210	201	815	4.0547	7	6.5346	3	5.6011
group_2215	621	4863	7.8309	34	10.2732	17	10.2732
group_19143	387	302	0.7804	2	0.9697	1	0.9697
group_2218	259	605	2.3359	4	2.8979	2	2.8979
cas10	1728	13278	7.6840	91	9.8813	45	9.7727
group_2219	429	906	2.1119	6	2.6243	3	2.6243
group_2220	432	10407	24.0903	72	31.2727	36	31.2727
group_2222	1116	6358	5.6971	43	7.2297	21	7.0616
group_2226	210	725	3.4524	6	5.3610	3	5.3610
group_2227	327	691	2.1131	5	2.8691	2	2.2952
group_14596	960	8207	8.5490	55	10.7500	27	10.5545
group_2232	399	4714	11.8145	33	15.5188	16	15.0485
group_14926	507	4069	8.0256	29	10.7326	14	10.3626
group_2234	435	2946	6.7724	20	8.6270	10	8.6270
group_2239	228	11386	49.9386	78	64.1914	39	64.1914
group_2243	1245	166516	133.7478	1129	170.1537	564	170.0030
group_2244	348	3691	10.6063	28	15.0972	14	15.0972
group_2247	426	450	1.0563	6	2.6428	3	2.6428
group_2253	1158	1331	1.1494	9	1.4583	4	1.2963
group_2256	264	238	0.9015	2	1.4215	1	1.4215
group_16843	1080	6534	6.0500	45	7.8182	22	7.6444
group_2258	285	9348	32.8000	66	43.4526	33	43.4526
psbV	501	63406	126.5589	458	171.5318	229	171.5318
group_2260	2328	14552	6.2509	98	7.8988	49	7.8988
group_2266	378	27090	71.6667	187	92.8254	93	92.3290
nuoL	2052	2718	1.3246	18	1.6459	9	1.6459
msrB	417	54896	131.6451	399	179.5369	199	179.0870
group_2272	7722	61478	7.9614	410	9.9626	205	9.9626
group_2274	345	4070	11.7971	27	14.6846	13	14.1407
relE	282	4118	14.6028	31	20.6267	15	19.9613
group_2276	426	604	1.4178	4	1.7618	2	1.7618
group_2279	207	1813	8.7585	13	11.7839	6	10.8775
group_2281	894	35971	40.2360	247	51.8414	123	51.6315
group_2284	411	38100	92.7007	276	126.0039	138	126.0040
group_2287	195	0	0.0000	0	0.0000	0	0.0000
group_2288	774	51372	66.3721	356	86.3030	178	86.3030
group_2289	624	8978	14.3878	63	18.9441	31	18.6434
group_2290	264	18650	70.6439	133	94.5289	66	93.8182
group_16464	522	18806	36.0268	127	45.6510	63	45.2915
group_16465	723	77123	106.6708	514	133.3957	257	133.3957
group_2297	1044	60169	57.6331	406	72.9697	203	72.9697
group_2299	195	0	0.0000	0	0.0000	0	0.0000
group_2300	2040	151	0.0740	1	0.0920	0	0.0000
group_2306	279	5965	21.3799	41	27.5738	20	26.9013
group_2309	117	0	0.0000	0	0.0000	0	0.0000
group_19145	1020	275	0.2696	2	0.3679	1	0.3679
group_2313	183	1057	5.7760	7	7.1773	3	6.1520
group_18948	813	119192	146.6076	813	187.6363	406	187.4055
group_18949	1548	51296	33.1370	347	42.0606	173	41.9394
group_15909	1449	182	0.1256	2	0.2590	1	0.2590
group_2317	801	121447	151.6192	828	193.9611	414	193.9612
group_2320	297	13833	46.5758	107	67.5996	53	66.9679
group_2325	330	9098	27.5697	64	36.3901	32	36.3901
group_2326	150	0	0.0000	0	0.0000	0	0.0000
group_2327	354	8447	23.8616	57	30.2126	28	29.6826
group_2328	792	2202	2.7803	15	3.5537	7	3.3168
group_2329	372	4284	11.5161	32	16.1408	16	16.1408
group_2333	504	1356	2.6905	9	3.3506	4	2.9784
group_2335	1254	906	0.7225	6	0.8978	3	0.8978
group_2336	363	578	1.5923	4	2.0676	2	2.0676
group_2337	420	1956	4.6571	14	6.2545	7	6.2545
group_2340	3030	149341	49.2875	1006	62.2977	503	62.2977
group_2341	810	28795	35.5494	197	45.6350	98	45.4034
acrR	639	112654	176.2973	778	228.4523	389	228.4524
group_2344	255	0	0.0000	0	0.0000	0	0.0000
group_2345	96	0	0.0000	0	0.0000	0	0.0000
group_2348	180	437	2.4278	3	3.1273	1	2.0848
rpsL	384	151	0.3932	1	0.4886	0	0.0000
group_2353	243	299	1.2305	2	1.5443	1	1.5443
glpC	1365	222488	162.9949	1499	206.0563	749	205.9189
group_2362	900	75234	83.5933	507	105.7018	253	105.4933
group_2364	198	197	0.9949	2	1.8953	1	1.8953
group_2366	624	57117	91.5337	406	122.0839	203	122.0839
group_2369	2319	44843	19.3372	289	23.3837	144	23.3028
group_2372	474	7796	16.4473	55	21.7721	27	21.3763
group_15770	4923	0	0.0000	0	0.0000	0	0.0000
himA	303	33030	109.0099	240	148.6228	120	148.6228
group_2376	282	654	2.3191	5	3.3269	2	2.6615
group_2381	699	2129	3.0458	15	4.0265	7	3.7581
group_2383	225	7726	34.3378	61	50.8703	30	50.0364
group_14827	420	2091	4.9786	14	6.2545	7	6.2545
group_14828	225	0	0.0000	0	0.0000	0	0.0000
group_2387	108	123	1.1389	2	3.4747	1	3.4747
pksD	11724	1782369	152.0274	11859	189.7969	5929	189.7809
group_2396	2736	55186	20.1703	373	25.5805	186	25.5120
group_2397	531	0	0.0000	0	0.0000	0	0.0000
rpiA	732	109216	149.2022	752	192.7630	376	192.7630
group_2407	219	752	3.4338	5	4.2839	2	3.4271
group_2408	219	3615	16.5068	34	29.1308	17	29.1308
group_2413	222	14175	63.8514	103	87.0565	51	86.2113
group_2414	189	225	1.1905	2	1.9856	1	1.9856
group_2418	636	7461	11.7311	52	15.3413	26	15.3413
psbL	153	670	4.3791	6	7.3583	3	7.3583
group_2423	804	1661	2.0659	11	2.5672	5	2.3338
group_15823	372	1209	3.2500	9	4.5396	4	4.0352
group_15821	3516	26714	7.5978	185	9.8728	92	9.8194
group_2428	351	302	0.8604	2	1.0692	1	1.0692
group_2429	303	5475	18.0693	42	26.0090	21	26.0090
group_2434	4044	6607	1.6338	44	2.0415	22	2.0415
group_15237	606	38329	63.2492	265	82.0522	132	81.7426
rsmI	840	127819	152.1655	888	198.3584	444	198.3584
group_2437	339	387	1.1416	3	1.6605	1	1.1070
group_2438	264	150	0.5682	1	0.7107	0	0.0000
group_2441	705	9821	13.9305	67	17.8321	33	17.5660
trxB	1473	202991	137.8079	1360	173.2419	680	173.2420
group_2444	717	8355	11.6527	57	14.9167	28	14.6550
group_16727	993	5217	5.2538	30	5.6688	15	5.6688
group_2446	291	2952	10.1443	21	13.5408	10	12.8960
group_19147	630	4731	7.5095	31	9.2329	15	8.9351
group_2461	1581	2289	1.4478	16	1.8989	8	1.8989
serA	1578	252185	159.8131	1712	203.5699	856	203.5700
group_2463	2436	16638	6.8300	113	8.7040	56	8.6270
group_2468	492	61631	125.2663	420	160.1773	210	160.1774
kdpD	2238	171484	76.6238	1153	96.6687	576	96.5849
group_2471	678	57411	84.6770	403	111.5301	201	111.2534
yjhB	681	49606	72.8429	339	93.4049	169	93.1293
pM23	342	4245	12.4123	30	16.4593	15	16.4593
hpt1	495	56843	114.8343	390	147.8347	195	147.8347
msrA	519	37642	72.5279	254	91.8297	127	91.8297
rplT	348	10255	29.4684	69	37.2038	34	36.6646
tal	1182	79112	66.9306	530	84.1347	265	84.1347
group_18874	216	3000	13.8889	24	20.8485	12	20.8485
rpsR	216	6118	28.3241	45	39.0909	22	38.2222
group_2485	474	30397	64.1287	225	89.0679	112	88.6720
pth	672	72598	108.0327	501	139.8896	250	139.6104
group_2484	390	34953	89.6231	237	114.0251	118	113.5440
aroK	573	18228	31.8115	127	41.5878	63	41.2603
psaF	495	10479	21.1697	89	33.7366	44	33.3576
group_2486	1755	97186	55.3766	657	70.2433	328	70.1364
group_18884	495	38546	77.8707	275	104.2424	137	103.8633
group_2487	1248	8617	6.9046	58	8.7203	29	8.7203
group_18895	459	12996	28.3137	94	38.4266	47	38.4266
group_18898	891	129219	145.0269	873	183.8457	436	183.6351
group_18902	783	103134	131.7165	711	170.3824	355	170.1428
infA	327	31406	96.0428	231	132.5504	115	131.9766
rpsK	420	26737	63.6595	187	83.5428	93	83.0961
truA	855	45781	53.5450	311	68.2513	155	68.0319
rpmE	234	366	1.5641	4	3.2075	2	3.2075
yqjQ	729	110292	151.2922	769	197.9319	384	197.6745
group_18910	537	10461	19.4804	75	26.2062	37	25.8568
group_18911	960	93916	97.8292	648	126.6545	324	126.6545
group_2491	1062	201877	190.0913	1377	243.2911	688	243.1145
group_2494	225	302	1.3422	2	1.6679	1	1.6679
group_18917	2064	152187	73.7340	1035	94.0909	517	94.0000
group_2496	729	78635	107.8669	534	137.4455	267	137.4455
group_2497	492	38447	78.1443	278	106.0221	139	106.0222
group_2498	261	2142	8.2069	16	11.5026	8	11.5026
group_18920	687	2014	2.9316	17	4.6431	8	4.3700
group_18921	405	5908	14.5877	46	21.3118	23	21.3118
group_2500	657	0	0.0000	0	0.0000	0	0.0000
group_2501	1857	0	0.0000	0	0.0000	0	0.0000
group_2502	336	11745	34.9554	85	47.4675	42	46.9091
cas7d	1008	98723	97.9395	670	124.7186	335	124.7186
group_18927	963	92953	96.5244	622	121.1940	311	121.1940
group_18373	339	16524	48.7434	120	66.4199	60	66.4199
hyfB	1467	95598	65.1656	649	83.0102	324	82.8823
group_2509	723	3998	5.5297	26	6.7476	13	6.7476
group_2510	438	34772	79.3881	238	101.9576	119	101.9576
group_2511	441	17957	40.7188	129	54.8868	64	54.4613
group_2512	762	0	0.0000	0	0.0000	0	0.0000
group_2516	1140	67821	59.4921	458	75.3837	229	75.3837
copY	489	0	0.0000	0	0.0000	0	0.0000
group_2521	609	37269	61.1970	261	80.4156	130	80.1075
group_2522	4296	19186	4.4660	129	5.6343	64	5.5907
group_2525	216	302	1.3981	2	1.7374	1	1.7374
group_2527	942	0	0.0000	0	0.0000	0	0.0000
group_2531	141	1179	8.3617	12	15.9690	6	15.9690
group_2532	300	1660	5.5333	11	6.8800	5	6.2545
group_2533	246	7335	29.8171	53	40.4257	26	39.6630
group_2537	372	19289	51.8522	142	71.6246	71	71.6246
frmR	354	57368	162.0565	424	224.7395	212	224.7396
group_2539	3843	3834	0.9977	27	1.3183	13	1.2695
pds	1473	25798	17.5139	174	22.1648	87	22.1648
group_2544	135	193	1.4296	2	2.7798	1	2.7798
group_2545	351	2669	7.6040	19	10.1570	9	9.6224
group_2546	216	10819	50.0880	78	67.7576	39	67.7576
group_2550	405	24793	61.2173	175	81.0774	87	80.6141
group_2551	411	6944	16.8954	51	23.2833	25	22.8268
group_2554	222	151	0.6802	1	0.8452	0	0.0000
group_2555	231	134	0.5801	2	1.6246	1	1.6246
group_2559	1659	2399	1.4461	17	1.9227	8	1.8096
group_18889	1260	113230	89.8651	771	114.8155	385	114.6667
group_2564	507	21400	42.2091	142	52.5530	71	52.5530
group_2566	2667	0	0.0000	0	0.0000	0	0.0000
group_18994	1626	158401	97.4176	1069	123.3599	534	123.2445
ychF	1179	50198	42.5768	349	55.5429	174	55.3838
group_2571	615	44628	72.5659	307	93.6656	153	93.3605
hisC	1047	186916	178.5253	1272	227.9593	636	227.9593
group_2572	915	132429	144.7311	913	187.2262	456	187.0211
group_18680	822	47413	57.6800	324	73.9588	162	73.9588
group_18681	3078	97600	31.7089	650	39.6243	325	39.6243
group_2573	288	705	2.4479	5	3.2576	2	2.6061
group_2575	753	11057	14.6839	76	18.9381	38	18.9381
cas6	837	36725	43.8769	248	55.5959	124	55.5960
group_2582	2331	38194	16.3852	256	20.6070	128	20.6070
group_19000	1041	115395	110.8501	795	143.2957	397	143.1155
group_2586	657	540	0.8219	4	1.1424	2	1.1424
group_2589	138	0	0.0000	0	0.0000	0	0.0000
group_2591	234	2120	9.0598	15	12.0280	7	11.2261
group_2594	183	0	0.0000	0	0.0000	0	0.0000
group_19052	1548	1563	1.0097	11	1.3333	5	1.2121
group_2600	192	0	0.0000	0	0.0000	0	0.0000
group_18682	1188	471738	397.0859	3145	496.7308	1572	496.5729
group_18997	810	44239	54.6160	306	70.8848	153	70.8848
group_2609	1023	47610	46.5396	326	59.7942	163	59.7942
group_2612	963	101497	105.3967	581	113.2053	290	113.0105
group_2614	195	2138	10.9641	15	14.4336	7	13.4713
group_16283	414	0	0.0000	0	0.0000	0	0.0000
group_16284	3108	4434	1.4266	30	1.8112	15	1.8112
group_16285	2718	578	0.2127	4	0.2761	2	0.2761
group_2629	696	53059	76.2342	367	98.9404	183	98.6708
group_17455	384	0	0.0000	0	0.0000	0	0.0000
group_2635	150	364	2.4267	4	5.0036	2	5.0036
group_2637	201	2848	14.1692	20	18.6703	10	18.6703
group_2638	231	2456	10.6320	18	14.6210	9	14.6210
group_2639	3408	208668	61.2289	1367	75.2637	683	75.2087
group_2641	3777	1510	0.3998	10	0.4968	5	0.4968
group_2648	1326	431	0.3250	3	0.4245	1	0.2830
group_2649	1326	453	0.3416	3	0.4245	1	0.2830
group_2652	1767	57986	32.8161	390	41.4138	195	41.4138
group_2654	1260	0	0.0000	0	0.0000	0	0.0000
group_2657	777	22911	29.4865	156	37.6722	78	37.6722
group_2658	399	6808	17.0627	47	22.1025	23	21.6323
group_2660	3750	2653	0.7075	18	0.9007	9	0.9007
group_2662	2553	178985	70.1077	1207	88.7102	603	88.6367
group_2664	246	417	1.6951	3	2.2882	1	1.5255
group_2676	567	3482	6.1411	24	7.9423	12	7.9423
cadA	2163	46661	21.5724	311	26.9787	155	26.8919
group_2689	624	6728	10.7821	46	13.8322	23	13.8322
group_2692	1221	0	0.0000	0	0.0000	0	0.0000
group_2693	1173	1700	1.4493	12	1.9196	6	1.9196
group_2695	543	377	0.6943	3	1.0367	1	0.6911
group_2696	798	7208	9.0326	50	11.7567	25	11.7567
afuA	1746	30389	17.4049	205	22.0306	102	21.9231
group_2698	252	15005	59.5437	111	82.6493	55	81.9048
rpsB	798	2068	2.5915	16	3.7621	8	3.7621
group_2705	525	29181	55.5829	203	72.5527	101	72.1953
group_2708	711	0	0.0000	0	0.0000	0	0.0000
group_2709	633	0	0.0000	0	0.0000	0	0.0000
group_2710	1194	222135	186.0427	1512	237.6098	756	237.6098
uvrC	2016	372649	184.8457	2498	232.4978	1249	232.4978
group_2714	1134	15749	13.8880	107	17.7047	53	17.5392
herA	1836	15122	8.2364	102	10.4242	51	10.4242
group_2716	567	37524	66.1799	260	86.0413	130	86.0414
mcrA	570	46161	80.9842	317	104.3521	158	104.0230
group_2719	159	427	2.6855	4	4.7204	2	4.7204
group_2722	1716	2964	1.7273	20	2.1869	10	2.1869
group_2723	270	604	2.2370	4	2.7798	2	2.7798
lptC	1149	123543	107.5222	837	136.6855	418	136.5222
group_2724	399	302	0.7569	2	0.9405	1	0.9405
ilvD	1698	299019	176.1007	2020	223.2187	1010	223.2187
ctaD	1677	304519	181.5856	2068	231.3845	1034	231.3846
group_2727	816	117271	143.7145	800	183.9572	400	183.9572
ribBA	1677	323980	193.1902	2196	245.7062	1098	245.7063
group_2729	969	33251	34.3148	227	43.9561	113	43.7624
group_2730	300	15623	52.0767	115	71.9273	57	71.3018
group_2734	339	4308	12.7080	29	16.0515	14	15.4980
group_2735	417	9752	23.3861	69	31.0477	34	30.5978
petA	1056	156160	147.8788	1063	188.8801	531	188.7025
sat	1350	418943	310.3281	2837	394.3142	1418	394.1753
group_2736	162	146	0.9012	1	1.1582	0	0.0000
group_2738	729	41848	57.4047	286	73.6131	143	73.6132
group_2740	459	2021	4.4031	15	6.1319	7	5.7231
group_2745	582	18959	32.5756	132	42.5567	66	42.5567
arsR	408	40210	98.5539	298	137.0481	149	137.0481
pqqL	1761	294343	167.1454	1973	210.2251	986	210.1186
group_2748	2352	48840	20.7653	326	26.0074	163	26.0074
group_2750	225	12404	55.1289	89	74.2206	44	73.3867
psbB	1527	268198	175.6372	1818	223.3941	909	223.3941
group_2753	462	1613	3.4913	11	4.4675	5	4.0614
ehuA	849	106531	125.4782	721	159.3472	360	159.1262
group_2757	696	101649	146.0474	703	189.5235	351	189.2539
spoVK	1518	289574	190.7602	1963	242.6417	981	242.5181
atpA	1509	256672	170.0941	1740	216.3600	870	216.3600
group_2762	855	112776	131.9018	776	170.2992	388	170.2992
rimO	1491	264198	177.1952	1783	224.3833	891	224.2575
srmB	1440	250345	173.8507	1683	219.2999	841	219.1697
group_2766	1479	246793	166.8648	1657	210.2186	828	210.0918
trxA	552	86409	156.5380	608	206.6719	304	206.6719
menF	1410	236414	167.6695	1607	213.8522	803	213.7191
group_2777	1404	175615	125.0819	1189	158.9028	594	158.7692
group_2779	1413	3231	2.2866	22	2.9214	11	2.9214
group_2780	1392	17385	12.4892	117	15.7712	58	15.6364
group_2782	225	14006	62.2489	103	85.8957	51	85.0618
group_2784	123	0	0.0000	0	0.0000	0	0.0000
group_2786	1365	29609	21.6916	203	27.9049	101	27.7674
group_2788	195	1431	7.3385	12	11.5468	6	11.5469
group_2790	2811	9761	3.4724	66	4.4055	33	4.4055
yhdJ	1056	198261	187.7472	1347	239.3429	673	239.1653
yifB	1527	292586	191.6084	1979	243.1776	989	243.0548
group_2793	264	0	0.0000	0	0.0000	0	0.0000
group_2794	327	1090	3.3333	8	4.5905	4	4.5905
group_2795	1263	5950	4.7110	40	5.9426	20	5.9426
group_2796	321	11865	36.9626	89	52.0238	44	51.4392
glyA	1341	244651	182.4392	1664	232.8313	832	232.8314
hisS	1281	214463	167.4184	1457	213.4162	728	213.2697
group_2798	2367	19623	8.2902	130	10.3053	65	10.3053
group_2801	216	11707	54.1991	84	72.9697	42	72.9697
group_2804	222	151	0.6802	1	0.8452	0	0.0000
group_2806	846	16175	19.1194	110	24.3972	55	24.3972
group_2811	351	15695	44.7151	114	60.9417	57	60.9417
group_2812	1278	7453	5.8318	51	7.4878	25	7.3410
group_2813	396	31791	80.2803	220	104.2424	110	104.2424
dxr	1233	75638	61.3447	506	77.0024	253	77.0024
group_2820	804	1211	1.5062	8	1.8670	4	1.8670
group_2823	1197	1805	1.5079	13	2.0378	6	1.8811
group_2829	1221	136409	111.7191	946	145.3759	473	145.3759
group_2831	1230	190979	155.2675	1278	194.9587	639	194.9587
group_2834	1014	132268	130.4418	905	167.4663	452	167.2813
group_2836	1143	3637	3.1820	25	4.1040	12	3.9399
group_2840	1377	92806	67.3972	627	85.4379	313	85.3016
guaA	1857	127697	68.7652	854	86.2905	427	86.2905
tgt	1125	216688	192.6116	1474	245.8453	737	245.8453
group_2844	684	124717	182.3348	866	237.5629	433	237.5630
group_2845	627	1487	2.3716	11	3.2919	5	2.9926
group_2846	1116	274	0.2455	2	0.3363	1	0.3363
group_2847	753	755	1.0027	5	1.2459	2	0.9967
group_2848	801	1567	1.9563	11	2.5768	5	2.3425
group_2849	1095	55633	50.8064	383	65.6299	191	65.4585
group_2852	1002	0	0.0000	0	0.0000	0	0.0000
group_2853	1089	117957	108.3168	790	136.1182	395	136.1182
group_2856	159	435	2.7358	6	7.0806	3	7.0806
group_2857	1098	32031	29.1721	216	36.9121	108	36.9121
psbO	834	122916	147.3813	850	191.2360	425	191.2361
group_2861	459	802	1.7473	7	2.8616	3	2.4528
group_2864	597	0	0.0000	0	0.0000	0	0.0000
group_2865	1170	5205	4.4487	35	5.6131	17	5.4527
group_2872	645	79710	123.5814	554	161.1636	277	161.1636
group_2873	543	0	0.0000	0	0.0000	0	0.0000
group_2875	1035	953	0.9208	7	1.2690	3	1.0877
group_2876	1296	52758	40.7083	357	51.6869	178	51.5421
gap	1035	144959	140.0570	982	178.0279	491	178.0279
group_2877	240	0	0.0000	0	0.0000	0	0.0000
group_2878	276	21939	79.4891	156	106.0553	78	106.0553
group_2881	1002	169355	169.0170	1160	217.2237	580	217.2237
group_2882	696	100731	144.7284	695	187.3667	347	187.0972
group_2884	993	15034	15.1400	104	19.6517	52	19.6517
group_2889	432	41036	94.9907	293	127.2626	146	126.8283
group_2890	234	307	1.3120	4	3.2075	2	3.2075
group_2894	1806	35370	19.5847	239	24.8312	119	24.7273
group_2895	675	28784	42.6430	196	54.4840	98	54.4840
pstS	1035	173871	167.9913	1178	213.5609	589	213.5610
group_2898	3663	8197	2.2378	57	2.9198	28	2.8686
argF	927	163114	175.9590	1122	227.1067	561	227.1068
cysK	1170	130166	111.2530	882	141.4489	441	141.4489
ftsH~~~ftsH3	1854	358057	193.1268	2416	244.5142	1208	244.5142
group_2901	717	151	0.2106	1	0.2617	0	0.0000
group_2903	933	5604	6.0064	38	7.6422	19	7.6422
group_2904	1104	5575	5.0498	37	6.2885	18	6.1186
group_2905	819	5833	7.1221	42	9.6224	21	9.6224
rnz	957	152322	159.1661	1043	204.4981	521	204.3021
fTR1	927	169809	183.1812	1148	232.3695	574	232.3695
group_2907	927	7813	8.4283	53	10.7279	26	10.5254
group_2908	1035	9145	8.8357	56	10.1523	28	10.1523
group_2909	912	44463	48.7533	300	61.7225	150	61.7225
group_2911	681	96720	142.0264	682	187.9118	341	187.9119
group_2913	537	27655	51.4991	194	67.7867	97	67.7867
group_2914	216	5075	23.4954	35	30.4040	17	29.5353
ccmA	936	189208	202.1453	1298	260.2050	649	260.2051
group_2917	963	4991	5.1828	34	6.6248	17	6.6248
group_17162	309	1650	5.3398	12	7.2868	6	7.2868
group_2919	225	5604	24.9067	38	31.6897	19	31.6897
group_2921	876	36500	41.6667	252	53.9776	126	53.9776
group_2922	252	6489	25.7500	46	34.2511	23	34.2511
group_2925	132	407	3.0833	6	8.5289	3	8.5289
group_2926	3372	5627	1.6687	38	2.1145	19	2.1145
group_2928	846	66975	79.1667	455	100.9155	227	100.6937
group_2929	285	30317	106.3754	217	142.8669	108	142.2086
tyrA	846	64087	75.7530	441	97.8104	220	97.5886
group_2931	837	609	0.7276	4	0.8967	2	0.8967
group_2932	840	3635	4.3274	25	5.5844	12	5.3610
group_2934	831	15302	18.4140	106	23.9344	53	23.9344
group_2935	246	3501	14.2317	25	19.0687	12	18.3060
group_2936	1221	123232	100.9271	828	127.2423	414	127.2423
hisN	996	137487	138.0392	908	171.0580	454	171.0580
group_2941	1230	63808	51.8764	429	65.4439	214	65.2913
recO	783	22947	29.3065	158	37.8628	79	37.8628
group_2950	777	77662	99.9511	534	128.9547	267	128.9547
group_2951	771	1648	2.1375	12	2.9204	6	2.9204
group_2952	225	3082	13.6978	25	20.8485	12	20.0145
hemA	1287	217231	168.7887	1477	215.3371	738	215.1913
group_2954	1254	86150	68.7002	586	87.6833	293	87.6833
atpF2	432	66821	154.6782	474	205.8787	237	205.8788
group_2958	747	1955	2.6171	14	3.5166	7	3.5166
yhfX	1113	186819	167.8518	1240	209.0467	620	209.0468
group_2961	765	1665	2.1765	11	2.6980	5	2.4528
group_2962	408	1932	4.7353	13	5.9786	6	5.5187
group_2965	687	729	1.0611	5	1.3656	2	1.0925
group_2967	726	79153	109.0262	544	140.5980	272	140.5980
ycf20	348	29096	83.6092	214	115.3855	107	115.3856
group_2973	681	2159	3.1703	15	4.1330	7	3.8574
rfbC	546	73997	135.5256	527	181.1068	263	180.7632
bioY	654	103155	157.7294	716	205.4245	358	205.4245
group_2977	552	1287	2.3315	10	3.3992	5	3.3992
raiA	600	101543	169.2383	704	220.1599	352	220.1600
group_2981	801	1057	1.3196	7	1.6398	3	1.4055
group_2984	2814	234015	83.1610	1497	99.8193	748	99.7527
group_2985	1095	10635	9.7123	72	12.3377	36	12.3377
group_2986	612	2165	3.5376	15	4.5989	7	4.2923
group_2989	621	57921	93.2705	399	120.5586	199	120.2565
group_2991	138	649	4.7029	8	10.8775	4	10.8775
group_2992	603	22012	36.5041	157	48.8539	78	48.5427
group_2993	588	52371	89.0663	366	116.7940	183	116.7940
group_2994	822	15363	18.6898	105	23.9681	52	23.7399
ycf53	630	100548	159.6000	691	205.8043	345	205.5065
group_2997	378	31152	82.4127	221	109.7027	110	109.2063
pyrB	981	149889	152.7920	1015	194.1395	507	193.9483
group_2999	597	79247	132.7420	550	172.8643	275	172.8643
midA	1134	210522	185.6455	1436	237.6065	718	237.6065
group_3004	420	60040	142.9524	424	189.4233	212	189.4234
group_3006	2682	302	0.1126	2	0.1399	1	0.1399
group_3007	1047	25285	24.1500	175	31.3623	87	31.1831
group_3008	576	10010	17.3785	70	22.8030	35	22.8030
group_3010	576	453	0.7865	3	0.9773	1	0.6515
group_3011	891	1455	1.6330	10	2.1059	5	2.1059
group_3012	321	6241	19.4424	43	25.1351	21	24.5505
group_3015	3126	2607	0.8340	17	1.0204	8	0.9604
group_3018	630	81441	129.2714	558	166.1922	279	166.1922
group_3019	234	2454	10.4872	23	18.4429	11	17.6410
psb29	729	111304	152.6804	764	196.6449	382	196.6449
group_3021	504	16064	31.8730	112	41.6970	56	41.6970
group_3022	1137	43854	38.5699	297	49.0132	148	48.8482
group_3026	567	0	0.0000	0	0.0000	0	0.0000
group_3027	144	411	2.8542	4	5.2121	2	5.2121
group_3028	525	76120	144.9905	537	191.9251	268	191.5678
group_3029	1110	3253	2.9306	22	3.7189	11	3.7189
group_3031	516	78452	152.0388	561	203.9999	280	203.6363
group_3032	186	433	2.3280	4	4.0352	2	4.0352
group_3033	372	0	0.0000	0	0.0000	0	0.0000
group_3035	513	14171	27.6238	97	35.4790	48	35.1132
group_3036	1149	107917	93.9225	733	119.7018	366	119.5386
hoxE	510	64057	125.6020	455	167.4010	227	167.0331
group_3038	510	1276	2.5020	9	3.3112	4	2.9433
group_3039	507	370	0.7298	3	1.1103	1	0.7402
group_3040	3972	1510	0.3802	10	0.4724	5	0.4724
group_3043	396	8946	22.5909	65	30.7989	32	30.3251
group_3044	267	20172	75.5506	139	97.6833	69	96.9806
group_3045	1020	1501	1.4716	10	1.8396	5	1.8396
group_3046	501	18976	37.8762	136	50.9352	68	50.9352
group_3048	3006	7434	2.4731	51	3.1835	25	3.1210
group_3049	1224	201777	164.8505	1352	207.2584	676	207.2584
group_3050	258	293	1.1357	2	1.4545	1	1.4545
group_3051	138	0	0.0000	0	0.0000	0	0.0000
upp	654	81296	124.3058	554	158.9457	277	158.9458
group_3052	489	51593	105.5072	357	136.9860	178	136.6023
group_3053	387	1460	3.7726	10	4.8485	5	4.8485
group_3057	795	126170	158.7044	878	207.2260	439	207.2260
group_3059	3378	8292	2.4547	57	3.1662	28	3.1106
group_3062	483	68838	142.5217	485	188.4133	242	188.0248
group_3063	1530	90113	58.8974	609	74.6866	304	74.5640
group_3065	123	88	0.7154	2	3.0510	1	3.0510
group_3067	180	628	3.4889	6	6.2545	3	6.2545
group_3071	126	168	1.3333	2	2.9784	1	2.9784
group_3072	498	3467	6.9618	24	9.0427	12	9.0427
group_3076	459	12689	27.6449	91	37.2002	45	36.7914
group_3080	1557	47681	30.6236	323	38.9252	161	38.8047
group_3081	342	151	0.4415	1	0.5486	0	0.0000
group_3082	429	5794	13.5058	39	17.0578	19	16.6205
coaBC	1338	220754	164.9880	1488	208.6718	744	208.6718
group_3086	369	33691	91.3035	237	120.5144	118	120.0059
group_3087	390	5790	14.8462	42	20.2070	21	20.2070
group_3088	234	1335	5.7051	9	7.2168	4	6.4149
paaY	552	81019	146.7736	563	191.3754	281	191.0355
group_3089	321	14211	44.2710	104	60.7918	52	60.7918
group_3090	432	4516	10.4537	32	13.8990	16	13.8990
group_3091	111	0	0.0000	0	0.0000	0	0.0000
group_3093	303	894	2.9505	7	4.3348	3	3.7156
group_3095	435	0	0.0000	0	0.0000	0	0.0000
group_3096	867	302	0.3483	2	0.4328	1	0.4328
group_3098	540	13172	24.3926	84	29.1879	42	29.1879
group_3099	3831	44671	11.6604	265	12.9793	132	12.9303
tadD	1335	237474	177.8831	1597	224.4608	798	224.3203
sufE	423	37482	88.6099	275	121.9858	137	121.5422
gAF	420	12977	30.8976	92	41.1013	46	41.1013
group_3102	423	32974	77.9527	234	103.7988	117	103.7988
group_3105	138	435	3.1522	4	5.4387	2	5.4387
group_3106	390	6142	15.7487	45	21.6503	22	21.1692
group_3110	486	40845	84.0432	287	110.8058	143	110.4197
group_3111	2988	107467	35.9662	701	44.0204	350	43.9576
group_3113	408	45478	111.4657	320	147.1657	160	147.1658
group_3115	735	23285	31.6803	159	40.5907	79	40.3354
group_3116	426	45327	106.4014	318	140.0665	159	140.0666
group_3120	147	106	0.7211	2	2.5529	1	2.5529
group_3121	402	5335	13.2711	40	18.6703	20	18.6703
group_3122	444	812	1.8288	6	2.5356	3	2.5356
group_3123	1179	3611	3.0628	24	3.8196	12	3.8196
group_3126	396	20518	51.8131	148	70.1267	74	70.1267
group_3127	1554	100859	64.9028	685	82.7097	342	82.5890
group_3131	1719	19164	11.1483	130	14.1901	65	14.1901
group_3129	1242	39188	31.5523	266	40.1862	133	40.1862
group_3133	144	2039	14.1597	19	24.7576	9	23.4545
group_3135	228	31575	138.4868	228	187.6363	114	187.6363
group_3136	1215	0	0.0000	0	0.0000	0	0.0000
group_3138	225	0	0.0000	0	0.0000	0	0.0000
group_3139	198	6735	34.0152	51	48.3306	25	47.3829
group_3140	414	0	0.0000	0	0.0000	0	0.0000
group_3142	1692	45025	26.6105	304	33.7124	152	33.7124
group_3143	381	22379	58.7375	164	80.7673	82	80.7673
group_3147	378	9340	24.7090	69	34.2511	34	33.7547
group_3149	378	23313	61.6746	175	86.8687	87	86.3723
group_3151	375	20987	55.9653	149	74.5542	74	74.0538
group_3153	369	3131	8.4851	22	11.1870	11	11.1870
group_3154	216	8778	40.6389	64	55.5959	32	55.5960
group_3155	369	35253	95.5366	246	125.0909	123	125.0909
group_3159	414	25567	61.7560	180	81.5810	90	81.5810
group_3162	309	407	1.3172	4	2.4289	2	2.4289
group_3164	966	84102	87.0621	561	108.9689	280	108.7747
group_3166	393	0	0.0000	0	0.0000	0	0.0000
group_3167	420	37407	89.0643	275	122.8571	137	122.4104
group_3168	456	33630	73.7500	234	96.2871	117	96.2871
group_3170	354	819	2.3136	6	3.1803	3	3.1803
group_3175	372	44357	119.2392	306	154.3460	153	154.3460
group_3179	354	1389	3.9237	10	5.3005	5	5.3005
group_3180	813	23470	28.8684	165	38.0812	82	37.8504
group_15044	345	0	0.0000	0	0.0000	0	0.0000
group_15045	348	0	0.0000	0	0.0000	0	0.0000
psb28	339	23599	69.6136	191	105.7184	95	105.1649
group_3190	333	16877	50.6817	121	68.1802	60	67.6167
group_3193	468	27751	59.2970	202	80.9883	101	80.9883
group_3194	552	77272	139.9855	555	188.6561	277	188.3162
group_3198	741	453	0.6113	3	0.7597	1	0.5064
ureB	327	17388	53.1743	139	79.7598	69	79.1860
group_3201	918	25158	27.4052	172	35.1563	86	35.1563
group_3203	165	894	5.4182	8	9.0975	4	9.0975
group_3204	450	12489	27.7533	92	38.3612	46	38.3612
group_3205	327	6272	19.1804	46	26.3953	23	26.3953
group_3206	1188	51881	43.6709	356	56.2277	178	56.2277
group_3208	456	44314	97.1798	310	127.5598	155	127.5598
group_3214	321	17620	54.8910	125	73.0671	62	72.4826
group_3217	639	5155	8.0673	35	10.2774	17	9.9838
group_3220	372	27522	73.9839	196	98.8621	98	98.8622
group_3219	369	40149	108.8049	290	147.4648	145	147.4649
cdaA	927	155356	167.5901	1066	215.7716	533	215.7717
acs	1971	320212	162.4617	2165	206.1048	1082	206.0097
group_3226	558	1057	1.8943	7	2.3539	3	2.0176
group_3227	426	27066	63.5352	194	85.4494	97	85.4494
group_3229	309	34085	110.3074	250	151.8093	125	151.8093
group_3230	5487	37265	6.7915	248	8.4807	124	8.4807
group_3231	336	25854	76.9464	185	103.3117	92	102.7532
group_3232	231	14966	64.7879	109	88.5383	54	87.7261
rsmD	546	90527	165.8004	641	220.2836	320	219.9400
group_3236	300	151	0.5033	1	0.6255	0	0.0000
group_3237	390	11944	30.6256	86	41.3762	43	41.3762
group_3239	546	15709	28.7711	109	37.4585	54	37.1149
group_3241	297	36809	123.9360	267	168.6831	133	168.0514
group_3242	834	4367	5.2362	30	6.7495	15	6.7495
znuA	933	138751	148.7149	937	188.4407	468	188.2397
group_3245	297	2385	8.0303	17	10.7401	8	10.1084
group_3248	165	473	2.8667	4	4.5488	2	4.5488
group_3249	186	0	0.0000	0	0.0000	0	0.0000
group_3250	177	0	0.0000	0	0.0000	0	0.0000
group_3257	324	11045	34.0895	81	46.9091	40	46.3300
group_3262	573	9765	17.0419	68	22.2675	34	22.2675
group_3264	276	0	0.0000	0	0.0000	0	0.0000
group_3266	276	1956	7.0870	15	10.1976	7	9.5178
group_3267	264	500	1.8939	4	2.8430	2	2.8430
group_3268	375	8312	22.1653	57	28.5207	28	28.0204
group_3277	1905	0	0.0000	0	0.0000	0	0.0000
group_3272	456	9268	20.3246	67	27.5694	33	27.1579
group_3275	267	14033	52.5581	103	72.3840	51	71.6813
group_3280	495	17481	35.3152	124	47.0038	62	47.0039
group_3284	252	1749	6.9405	12	8.9351	6	8.9351
group_3285	189	453	2.3968	3	2.9784	1	1.9856
group_3288	393	40949	104.1959	309	147.5308	154	147.0534
group_3290	231	4034	17.4632	30	24.3684	15	24.3684
group_3291	291	19896	68.3711	134	86.4030	67	86.4030
group_3292	249	14320	57.5100	104	78.3702	52	78.3702
group_3293	4239	15896	3.7499	105	4.6477	52	4.6035
group_3294	309	26502	85.7670	186	112.9461	93	112.9461
group_3296	246	4421	17.9715	30	22.8825	15	22.8825
group_3298	411	53347	129.7981	383	174.8533	191	174.3968
group_3299	309	1045	3.3819	8	4.8579	4	4.8579
rpsQ	243	20349	83.7407	146	112.7362	73	112.7362
group_3300	228	17229	75.5658	123	101.2248	61	100.4019
group_3302	183	300	1.6393	2	2.0507	1	2.0507
group_3303	279	513	1.8387	4	2.6901	2	2.6901
cynT	849	127465	150.1355	881	194.7086	440	194.4876
group_3307	450	6049	13.4422	41	17.0958	20	16.6788
group_3308	165	952	5.7697	7	7.9603	3	6.8231
group_3309	348	26825	77.0833	185	99.7492	92	99.2100
lPOR	963	145741	151.3406	996	194.0662	498	194.0662
group_3310	228	21585	94.6711	165	135.7894	82	134.9665
group_3314	1326	4048	3.0528	27	3.8206	13	3.6791
group_3320	345	35232	102.1217	257	139.7755	128	139.2316
group_3321	345	10214	29.6058	77	41.8782	38	41.3344
group_3322	249	1039	4.1727	7	5.2749	3	4.5214
group_3325	372	31134	83.6935	216	108.9501	108	108.9501
group_3329	453	0	0.0000	0	0.0000	0	0.0000
group_3330	1818	3894	2.1419	26	2.6835	13	2.6835
group_3331	297	5448	18.3434	40	25.2709	20	25.2709
emrA	1455	175912	120.9017	1188	153.2041	594	153.2041
group_3336	873	103979	119.1054	707	151.9575	353	151.7426
group_3338	1251	9518	7.6083	64	9.5993	32	9.5993
group_3339	159	302	1.8994	2	2.3602	1	2.3602
group_3340	198	1174	5.9293	9	8.5289	4	7.5813
group_3341	189	6322	33.4497	45	44.6753	22	43.6825
group_3344	1302	7572	5.8157	51	7.3498	25	7.2057
group_3345	1191	30386	25.5130	207	32.6119	103	32.4543
group_3346	177	6232	35.2090	48	50.8844	24	50.8844
group_3347	156	2218	14.2179	19	22.8531	9	21.6503
group_3350	1563	4128	2.6411	28	3.3614	14	3.3614
group_3351	624	438	0.7019	2	0.6014	1	0.6014
group_3352	603	80898	134.1592	560	174.2559	280	174.2560
group_3353	177	8389	47.3955	64	67.8459	32	67.8459
group_18056	864	69062	79.9329	473	102.7222	236	102.5050
group_3356	681	0	0.0000	0	0.0000	0	0.0000
group_3359	339	3297	9.7257	24	13.2840	12	13.2840
group_3360	495	5040	10.1818	34	12.8882	17	12.8882
group_3361	801	123982	154.7840	856	200.5202	428	200.5202
icd	1089	56847	52.2011	386	66.5084	193	66.5084
group_3364	1125	5854	5.2036	39	6.5047	19	6.3379
group_3363	177	6690	37.7966	72	76.3266	36	76.3266
group_3365	381	55031	144.4383	392	193.0536	196	193.0537
group_3366	297	0	0.0000	0	0.0000	0	0.0000
group_3368	834	604	0.7242	4	0.8999	2	0.8999
group_18891	1359	111302	81.8999	746	102.9998	373	102.9998
group_3369	858	84155	98.0828	570	124.6535	285	124.6535
group_3371	306	5838	19.0784	44	26.9804	22	26.9804
group_3372	657	875	1.3318	6	1.7136	3	1.7136
group_3376	216	1745	8.0787	13	11.2929	6	10.4242
group_3377	657	40621	61.8280	277	79.1100	138	78.8244
group_3378	201	2338	11.6318	16	14.9362	8	14.9362
vapI~~~higA	315	690	2.1905	5	2.9784	2	2.3827
group_3384	237	155	0.6540	1	0.7917	0	0.0000
group_3387	300	1555	5.1833	12	7.5055	6	7.5055
dapB	861	150348	174.6202	1019	222.0690	509	221.8511
group_18926	954	71903	75.3700	481	94.6049	240	94.4082
group_3391	444	833	1.8761	6	2.5356	3	2.5356
group_3395	2082	1898	0.9116	14	1.2617	7	1.2617
group_3397	3429	1510	0.4404	10	0.5472	5	0.5472
group_3398	351	0	0.0000	0	0.0000	0	0.0000
nhaP	1611	279780	173.6685	1886	219.6661	943	219.6661
group_3399	2019	46931	23.2447	321	29.8322	160	29.7393
rimP	471	69621	147.8153	491	195.6039	245	195.2055
group_3402	234	5703	24.3718	44	35.2820	22	35.2820
group_3403	477	409	0.8574	3	1.1801	1	0.7867
group_3406	579	902	1.5579	6	1.9444	3	1.9444
group_3407	342	15112	44.1871	109	59.8022	54	59.2536
group_3412	1233	49171	39.8792	333	50.6755	166	50.5233
group_3413	390	41664	106.8308	297	142.8923	148	142.4112
group_3414	498	15239	30.6004	123	46.3439	61	45.9671
group_3421	1479	453	0.3063	3	0.3806	1	0.2537
group_3422	693	7036	10.1530	48	12.9965	24	12.9965
group_3424	2136	7040	3.2959	47	4.1287	23	4.0409
group_3426	747	32558	43.5850	221	55.5122	110	55.2610
group_3427	504	72195	143.2440	505	188.0086	252	187.6363
group_3428	198	0	0.0000	0	0.0000	0	0.0000
group_3429	978	6627	6.7761	45	8.6336	22	8.4417
group_3430	219	846	3.8630	7	5.9975	3	5.1407
adk	567	47626	83.9965	332	109.8682	166	109.8682
group_3433	324	1814	5.5988	14	8.1077	7	8.1077
dam	948	175943	185.5939	1201	237.7122	600	237.5144
group_3436	1299	7658	5.8953	51	7.3668	25	7.2223
group_3438	720	83522	116.0028	582	151.6727	291	151.6727
fabA	5004	678181	135.5278	4529	169.8251	2264	169.7876
group_3440	258	4154	16.1008	28	20.3636	14	20.3636
cysE	642	6059	9.4377	42	12.2753	21	12.2753
group_3441	126	0	0.0000	0	0.0000	0	0.0000
livF	702	108992	155.2593	745	199.1297	372	198.8624
group_3444	1140	85191	74.7289	576	94.8057	288	94.8057
fdx	318	36467	114.6761	264	155.7735	132	155.7736
group_3446	426	64452	151.2958	454	199.9692	227	199.9692
ubiG	660	4647	7.0409	33	9.3818	16	9.0975
ampD	903	37376	41.3909	256	53.1948	128	53.1948
group_3448	372	22555	60.6317	158	79.6950	79	79.6950
gatB	1473	270156	183.4053	1833	233.4945	916	233.3671
group_3451	687	31176	45.3799	218	59.5411	109	59.5411
kaiC	1560	314880	201.8462	2115	254.3915	1057	254.2713
group_3454	342	750	2.1930	5	2.7432	2	2.1946
phhB	402	45602	113.4378	315	147.0284	157	146.5617
group_3455	1503	152609	101.5363	1036	129.3355	518	129.3355
group_3457	894	80788	90.3669	549	115.2263	274	115.0165
group_3458	741	124619	168.1768	869	220.0485	434	219.7953
group_3459	258	3352	12.9922	26	18.9091	13	18.9091
thpR	636	17747	27.9041	122	35.9931	61	35.9931
group_3461	1455	50092	34.4275	341	43.9752	170	43.8463
group_3462	297	2872	9.6700	20	12.6354	10	12.6354
group_3466	366	34389	93.9590	244	125.0909	122	125.0909
group_3467	909	6475	7.1232	44	9.0825	22	9.0825
group_3468	384	51601	134.3776	372	181.7727	186	181.7727
group_3470	807	8944	11.0830	61	14.1832	30	13.9507
group_3471	585	9818	16.7829	71	22.7730	35	22.4522
group_3473	663	87794	132.4193	614	173.7688	307	173.7688
group_3475	210	4804	22.8762	40	35.7402	20	35.7403
group_3477	1101	147524	133.9909	995	169.5714	497	169.4010
group_3479	654	1672	2.5566	12	3.4429	6	3.4429
psb27	429	61290	142.8671	433	189.3858	216	188.9485
group_3483	264	23028	87.2273	168	119.4049	84	119.4049
group_3484	513	67277	131.1442	459	167.8851	229	167.5194
group_3485	249	2041	8.1968	15	11.3034	7	10.5498
group_3486	315	1403	4.4540	12	7.1480	6	7.1481
group_3487	447	3541	7.9217	31	13.0128	15	12.5930
group_3490	351	2269	6.4644	17	9.0878	8	8.5532
group_3491	366	43342	118.4208	303	155.3383	151	154.8256
group_3492	192	6995	36.4323	49	47.8863	24	46.9091
purB	1413	256084	181.2343	1724	228.9349	862	228.9349
group_3494	189	2960	15.6614	26	25.8124	13	25.8124
group_3496	576	2313	4.0156	16	5.2121	8	5.2121
group_3499	411	12890	31.3625	95	43.3709	47	42.9144
tauD	918	130474	142.1285	901	184.1616	450	183.9572
group_3504	321	11567	36.0343	83	48.5166	41	47.9320
group_3505	534	2453	4.5936	17	5.9734	8	5.6221
sfnG	1098	27244	24.8124	189	32.2981	94	32.1272
group_3507	180	383	2.1278	4	4.1697	2	4.1697
group_3511	213	0	0.0000	0	0.0000	0	0.0000
hisG	891	92513	103.8305	620	130.5662	310	130.5663
group_3513	1602	281637	175.8034	1897	222.1886	948	222.0715
gdt1	276	25681	93.0471	195	132.5691	97	131.8893
group_3515	261	18939	72.5632	142	102.0857	71	102.0857
group_3516	669	48937	73.1495	309	86.6661	154	86.3856
mdh	978	152131	155.5532	1036	198.7640	518	198.7641
group_3518	210	1349	6.4238	10	8.9351	5	8.9351
group_3519	132	0	0.0000	0	0.0000	0	0.0000
group_3520	759	12102	15.9447	85	21.0133	42	20.7661
group_3521	675	1963	2.9081	13	3.6137	6	3.3358
group_3523	450	11814	26.2533	84	35.0254	42	35.0254
group_3528	321	28932	90.1308	205	119.8300	102	119.2455
purM	1053	189981	180.4188	1303	232.1843	651	232.0062
group_3533	318	32743	102.9654	245	144.5626	122	143.9725
group_3535	471	9605	20.3928	55	21.9108	27	21.5124
group_3536	201	6240	31.0448	43	40.1411	21	39.2076
group_3538	2745	192476	70.1188	1241	84.8294	620	84.7610
chlG	990	155620	157.1919	1046	198.2501	523	198.2501
group_3539	150	241	1.6067	2	2.5018	1	2.5018
group_3540	279	17038	61.0681	124	83.3939	62	83.3939
pheT	2436	107642	44.1880	725	55.8441	362	55.7671
group_3543	741	24189	32.6437	159	40.2620	79	40.0088
group_3545	345	14162	41.0493	95	51.6680	47	51.1241
group_3548	354	1028	2.9040	8	4.2404	4	4.2404
group_3549	177	0	0.0000	0	0.0000	0	0.0000
arsA	1077	189883	176.3073	1282	223.3517	641	223.3517
group_3551	285	11526	40.4421	87	57.2785	43	56.6201
cmr4	885	6734	7.6090	46	9.7528	23	9.7528
group_3553	228	5092	22.3333	41	33.7416	20	32.9187
group_3555	426	18594	43.6479	135	59.4622	67	59.0218
menB	834	149078	178.7506	1020	229.4833	510	229.4833
group_3560	885	6182	6.9853	33	6.9966	16	6.7846
rRM	306	24060	78.6275	176	107.9215	88	107.9216
group_3563	144	748	5.1944	8	10.4242	4	10.4242
group_3566	420	30851	73.4548	213	95.1584	106	94.7117
group_3568	315	2470	7.8413	21	12.5091	10	11.9134
group_3569	303	11857	39.1320	80	49.5409	40	49.5409
group_3571	204	5037	24.6912	43	39.5508	21	38.6310
group_3572	783	13231	16.8978	89	21.3278	44	21.0881
group_3574	1026	77917	75.9425	523	95.6470	261	95.4641
group_3575	207	5214	25.1884	40	36.2582	20	36.2582
group_3577	10464	1556748	148.7718	10382	186.1659	5191	186.1659
group_3578	390	28202	72.3128	199	95.7426	99	95.2615
ribA	1287	38442	29.8695	261	38.0521	130	37.9063
caiA	1185	23219	19.5941	157	24.8598	78	24.7015
sfcA	1392	225382	161.9124	1533	206.6426	766	206.5078
group_3579	414	23319	56.3261	174	78.8616	87	78.8616
hoxU	717	119938	167.2775	827	216.4229	413	216.1612
group_3580	240	5212	21.7167	41	32.0545	20	31.2727
group_3582	441	3133	7.1043	22	9.3605	11	9.3605
group_3583	948	2040	2.1519	14	2.7710	7	2.7710
group_3584	882	92273	104.6179	632	134.4514	316	134.4514
group_3585	675	96938	143.6119	683	189.8601	341	189.5822
group_3586	726	10801	14.8774	76	19.6424	38	19.6424
group_3587	2211	23541	10.6472	158	13.4087	79	13.4087
queF	441	59858	135.7324	422	179.5522	211	179.5522
group_3588	186	4543	24.4247	32	32.2815	16	32.2815
group_3589	1260	6555	5.2024	44	6.5524	22	6.5524
group_3590	561	3418	6.0927	25	8.3617	12	8.0272
group_3591	336	14644	43.5833	106	59.1948	53	59.1948
group_3594	2799	9010	3.2190	61	4.0893	30	4.0222
group_3595	2646	9751	3.6852	65	4.6094	32	4.5384
group_3596	672	92412	137.5179	636	177.5844	318	177.5844
yqeG	606	48847	80.6056	337	104.3456	168	104.0360
group_3604	165	2800	16.9697	21	23.8810	10	22.7438
group_3606	330	6917	20.9606	50	28.4297	25	28.4297
group_3609	231	15287	66.1775	107	86.9138	53	86.1015
group_3610	381	33593	88.1706	235	115.7337	117	115.2412
ypuF	435	47882	110.0736	336	144.9329	168	144.9329
group_3612	300	24296	80.9867	173	108.2036	86	107.5782
group_3615	459	56799	123.7451	396	161.8823	198	161.8823
group_3616	834	56652	67.9281	394	88.6435	197	88.6435
group_3619	10080	137029	13.5941	931	17.3303	465	17.3117
hypC	264	23654	89.5985	167	118.6942	83	117.9835
group_3620	225	8468	37.6356	64	53.3721	32	53.3721
group_3622	309	4953	16.0291	39	23.6823	19	23.0750
group_3623	621	4145	6.6747	31	9.3667	15	9.0646
group_3624	1167	1661	1.4233	11	1.7686	5	1.6079
group_3626	279	12693	45.4946	86	57.8377	43	57.8377
group_3627	348	31983	91.9052	233	125.6301	116	125.0909
group_3629	777	2626	3.3797	18	4.3468	9	4.3468
group_3630	351	35866	102.1823	257	137.3861	128	136.8516
group_3632	429	42353	98.7249	307	134.2759	153	133.8385
group_3634	270	28825	106.7593	210	145.9393	105	145.9394
group_3637	153	0	0.0000	0	0.0000	0	0.0000
group_3639	291	2990	10.2749	22	14.1856	11	14.1856
group_3641	306	24492	80.0392	180	110.3743	90	110.3743
group_3642	264	910	3.4470	7	4.9752	3	4.2645
group_3643	144	218	1.5139	2	2.6061	1	2.6061
group_3644	1242	0	0.0000	0	0.0000	0	0.0000
group_3645	126	891	7.0714	8	11.9134	4	11.9134
group_3647	903	14999	16.6102	101	20.9870	50	20.7792
group_3648	1749	4213	2.4088	28	3.0039	14	3.0039
group_3649	408	7037	17.2475	52	23.9144	26	23.9144
group_3650	318	7740	24.3396	56	33.0429	28	33.0429
group_3652	285	669	2.3474	5	3.2919	2	2.6335
group_3653	393	10411	26.4911	76	36.2859	38	36.2859
group_3654	2388	5615	2.3513	38	2.9858	19	2.9858
group_3655	522	2650	5.0766	18	6.4702	9	6.4702
group_3657	234	8542	36.5043	60	48.1119	30	48.1119
group_3659	351	16916	48.1937	119	63.6146	59	63.0800
group_3660	168	0	0.0000	0	0.0000	0	0.0000
group_3661	642	1937	3.0171	13	3.7995	6	3.5072
group_3662	495	62868	127.0061	440	166.7878	220	166.7879
group_3665	423	0	0.0000	0	0.0000	0	0.0000
group_3666	162	149	0.9198	1	1.1582	0	0.0000
group_3667	1059	1748	1.6506	12	2.1262	6	2.1262
group_3670	213	3850	18.0751	30	26.4276	15	26.4277
group_3671	225	4491	19.9600	33	27.5200	16	26.6861
group_3672	261	8275	31.7050	62	44.5726	31	44.5726
group_3673	318	21080	66.2893	148	87.3276	74	87.3276
group_3674	207	11952	57.7391	88	79.7681	44	79.7681
group_3675	417	33052	79.2614	236	106.1923	118	106.1923
group_3676	768	0	0.0000	0	0.0000	0	0.0000
group_3677	528	9339	17.6875	62	22.0331	31	22.0331
group_3679	420	5786	13.7762	41	18.3169	20	17.8701
group_3680	150	1121	7.4733	11	13.7600	5	12.5091
group_3681	801	77041	96.1810	521	122.0456	260	121.8114
group_3682	780	23268	29.8308	160	38.4895	80	38.4895
group_3683	231	4785	20.7143	33	26.8052	16	25.9929
group_3684	360	1639	4.5528	12	6.2545	6	6.2545
group_3687	393	15957	40.6031	110	52.5191	55	52.5191
group_3690	234	8974	38.3504	68	54.5268	34	54.5268
pyrG	1641	275877	168.1152	1875	214.3925	937	214.2782
group_3691	420	1248	2.9714	9	4.0208	4	3.5740
group_3692	996	3019	3.0311	20	3.7678	10	3.7678
group_3697	297	13709	46.1582	98	61.9137	49	61.9137
group_3698	195	397	2.0359	3	2.8867	1	1.9245
group_3699	138	0	0.0000	0	0.0000	0	0.0000
group_3701	219	17292	78.9589	125	107.0983	62	106.2416
group_3702	2430	24361	10.0251	165	12.7407	82	12.6635
group_3703	414	13606	32.8647	94	42.6034	47	42.6034
group_3705	294	25427	86.4864	183	116.7940	91	116.1558
group_3706	903	13829	15.3145	94	19.5325	47	19.5325
group_3707	186	288	1.5484	4	4.0352	2	4.0352
group_3708	360	4553	12.6472	31	16.1576	15	15.6364
group_3709	291	5693	19.5636	43	27.7263	21	27.0815
group_3712	444	11961	26.9392	83	35.0762	41	34.6536
group_3713	288	4169	14.4757	28	18.2424	14	18.2424
group_3714	1482	12673	8.5513	85	10.7619	42	10.6353
group_3716	1812	10177	5.6164	69	7.1451	34	7.0415
group_3718	462	27766	60.0996	195	79.1971	97	78.7910
group_3719	342	746	2.1813	6	3.2919	3	3.2919
vagC	240	10840	45.1667	81	63.3273	40	62.5454
group_3721	150	0	0.0000	0	0.0000	0	0.0000
group_3725	426	604	1.4178	4	1.7618	2	1.7618
group_3726	342	3883	11.3538	30	16.4593	15	16.4593
group_3727	249	1264	5.0763	12	9.0427	6	9.0427
group_3728	330	13092	39.6727	93	52.8793	46	52.3107
group_3729	139	1068	7.6835	10	13.4990	5	13.4990
group_3732	192	196	1.0208	2	1.9545	1	1.9545
group_3735	897	34175	38.0992	233	48.7394	116	48.5302
group_3734	531	4844	9.1224	33	11.6610	16	11.3077
group_3737	258	0	0.0000	0	0.0000	0	0.0000
gloA	363	8433	23.2314	57	29.4636	28	28.9467
ddpA	1758	97635	55.5375	659	70.3369	329	70.2302
group_3738	867	12450	14.3599	84	18.1793	42	18.1793
group_3739	1188	2927	2.4638	20	3.1589	10	3.1589
group_3742	1209	2071	1.7130	14	2.1728	7	2.1728
group_3747	720	18873	26.2125	131	34.1394	65	33.8788
group_3748	153	1199	7.8366	10	12.2638	5	12.2638
group_3749	1704	858	0.5035	6	0.6607	3	0.6607
phaC	1095	202536	184.9644	1379	236.3018	689	236.1305
group_3750	930	151	0.1624	1	0.2018	0	0.0000
group_3752	270	14226	52.6889	98	68.1050	49	68.1050
entF	3288	335989	102.1864	2251	128.4578	1125	128.4008
group_3753	489	2133	4.3620	15	5.7557	7	5.3720
group_3754	534	28851	54.0281	200	70.2758	100	70.2758
group_3755	2934	376131	128.1973	2523	161.3519	1261	161.2879
group_3756	1695	7971	4.7027	54	5.9778	27	5.9778
group_3757	1593	4120	2.5863	28	3.2981	14	3.2981
group_3758	633	1188	1.8768	9	2.6678	4	2.3714
group_3759	558	63798	114.3333	439	147.6207	219	147.2844
fadH	1104	173649	157.2908	1184	201.2331	592	201.2332
group_3761	159	291	1.8302	2	2.3602	1	2.3602
ssuD	1173	25146	21.4373	169	27.0337	84	26.8737
group_3763	267	18989	71.1199	140	98.3861	70	98.3861
sfp	663	102247	154.2187	704	199.2398	352	199.2398
clpS	294	28471	96.8401	203	129.5584	101	128.9202
tuf	1230	187886	152.7528	1276	194.6536	638	194.6536
group_3769	285	2163	7.5895	15	9.8756	7	9.2172
tauC	774	66189	85.5155	443	107.3939	221	107.1515
tauB	783	111406	142.2810	762	182.6039	381	182.6039
group_3771	1065	13706	12.8695	93	16.3851	46	16.2090
group_3773	1041	19369	18.6061	133	23.9727	66	23.7925
group_3775	1146	2287	1.9956	15	2.4560	7	2.2922
group_3776	1128	7205	6.3874	49	8.1509	24	7.9845
group_3778	567	63847	112.6049	440	145.6084	220	145.6084
group_3780	945	604	0.6392	4	0.7942	2	0.7942
tktA	1902	331034	174.0452	2224	219.4023	1112	219.4023
clpB	2625	286908	109.2983	1901	135.8844	950	135.8130
group_3782	246	583	2.3699	4	3.0510	2	3.0510
group_3789	540	29450	54.5370	204	70.8848	102	70.8848
group_3792	984	99337	100.9522	668	127.3791	334	127.3791
group_3794	1077	103183	95.8059	698	121.6064	349	121.6065
group_3795	1908	253345	132.7804	1707	167.8696	853	167.7713
group_3796	372	0	0.0000	0	0.0000	0	0.0000
group_3797	5445	683573	125.5414	4580	157.8282	2290	157.8282
group_3798	1476	151	0.1023	1	0.1271	0	0.0000
group_3799	939	31432	33.4739	216	43.1623	108	43.1624
higB~~~higA	552	35485	64.2844	270	91.7786	135	91.7786
group_3801	261	34926	133.8161	251	180.4472	125	179.7283
group_3804	126	0	0.0000	0	0.0000	0	0.0000
group_3805	1107	8500	7.6784	59	10.0005	29	9.8310
group_3807	309	12856	41.6052	91	55.2586	45	54.6514
group_3809	483	13962	28.9068	96	37.2942	48	37.2942
ydiL	858	138246	161.1259	919	200.9764	459	200.7578
group_3810	672	27529	40.9658	193	53.8896	96	53.6104
group_3812	516	10613	20.5678	75	27.2727	37	26.9091
group_3813	609	15916	26.1346	118	36.3565	59	36.3565
group_3814	331	10992	33.2085	75	42.5158	37	41.9489
group_3817	303	11819	39.0066	83	51.3987	41	50.7795
group_3818	234	8324	35.5726	57	45.7063	28	44.9044
group_3819	834	46836	56.1583	335	75.3695	167	75.1445
group_3820	261	1579	6.0498	12	8.6270	6	8.6270
group_3822	657	50403	76.7169	284	81.1091	142	81.1092
group_3823	288	1055	3.6632	7	4.5606	3	3.9091
group_3824	174	3264	18.7586	27	29.1160	13	28.0376
group_3830	6408	199398	31.1170	1327	38.8566	663	38.8274
group_3831	2076	356408	171.6802	2393	216.2879	1196	216.1976
group_3833	909	20624	22.6887	141	29.1053	70	28.8989
group_3834	255	2788	10.9333	22	16.1882	11	16.1882
cpcD	255	18540	72.7059	134	98.6010	67	98.6011
group_3836	375	10108	26.9547	72	36.0262	36	36.0262
group_3838	255	16799	65.8784	116	85.3561	58	85.3561
group_3839	960	141545	147.4427	946	184.8999	473	184.9000
aspB	1167	189468	162.3548	1281	205.9658	640	205.8051
group_3840	876	74740	85.3196	502	107.5267	251	107.5268
group_3845	270	3717	13.7667	27	18.7636	13	18.0687
group_3847	273	14996	54.9304	103	70.7932	51	70.1059
group_3850	423	11990	28.3452	88	39.0354	44	39.0355
group_3853	375	2530	6.7467	18	9.0065	9	9.0065
group_3854	630	36633	58.1476	257	76.5437	128	76.2459
group_3855	303	12007	39.6271	87	53.8758	43	53.2565
group_3856	468	1595	3.4081	11	4.4103	5	4.0093
group_3863	1146	101409	88.4895	691	113.1385	345	112.9748
mngB	3036	444175	146.3027	2969	183.4955	1484	183.4337
group_3869	435	36591	84.1172	259	111.7191	129	111.2878
group_3874	2826	31281	11.0690	209	13.8769	104	13.8105
group_3875	1989	3130	1.5737	21	1.9811	10	1.8867
group_3877	303	3791	12.5116	26	16.1008	13	16.1008
group_3880	1530	7114	4.6497	48	5.8866	24	5.8866
group_3882	345	12083	35.0232	88	47.8609	44	47.8609
group_3884	534	4680	8.7640	32	11.2441	16	11.2441
group_3886	255	19113	74.9529	138	101.5444	69	101.5444
group_3888	1614	140377	86.9746	955	111.0240	477	110.9077
group_3891	7722	3670	0.4753	24	0.5832	12	0.5832
group_3894	222	6232	28.0721	44	37.1892	22	37.1892
group_3895	1578	91970	58.2826	622	73.9606	311	73.9606
group_3898	354	39242	110.8531	279	147.8829	139	147.3528
group_3899	201	5837	29.0398	43	40.1411	21	39.2076
group_3902	378	684	1.8095	5	2.4820	2	1.9856
groL	1722	292239	169.7091	1960	213.5698	980	213.5698
group_3909	627	118215	188.5407	812	242.9995	406	242.9995
group_3912	429	2397	5.5874	19	8.3102	9	7.8729
group_3913	609	83844	137.6749	590	181.7823	295	181.7823
yqgC	657	79454	120.9346	542	154.7928	271	154.7928
group_3917	726	0	0.0000	0	0.0000	0	0.0000
group_3926	225	2486	11.0489	18	15.0109	9	15.0109
group_3927	414	56522	136.5266	406	184.0105	203	184.0105
group_3928	270	2619	9.7000	18	12.5091	9	12.5091
group_3929	246	0	0.0000	0	0.0000	0	0.0000
group_19148	1257	2212	1.7597	15	2.2391	7	2.0898
group_3932	621	13640	21.9646	93	28.1001	46	27.7980
group_3936	417	2262	5.4245	16	7.1995	8	7.1995
group_3937	294	0	0.0000	0	0.0000	0	0.0000
group_3939	300	906	3.0200	6	3.7527	3	3.7527
group_3940	423	45891	108.4894	318	141.0599	159	141.0599
group_3942	747	453	0.6064	3	0.7536	1	0.5024
group_3945	1413	106611	75.4501	724	96.1420	362	96.1420
group_3947	339	30644	90.3953	232	128.4119	116	128.4119
dICT	1605	258212	160.8798	1722	201.3145	861	201.3145
group_3948	1086	207211	190.8020	1409	243.4434	704	243.2707
group_3950	858	0	0.0000	0	0.0000	0	0.0000
group_3953	2802	1898	0.6774	13	0.8705	6	0.8036
group_3955	174	151	0.8678	1	1.0784	0	0.0000
rsmA	807	117793	145.9641	827	192.2865	413	192.0540
group_3956	543	24136	44.4494	166	57.3621	83	57.3621
group_3957	1059	43016	40.6195	290	51.3829	145	51.3829
group_3959	525	16576	31.5733	123	43.9605	61	43.6031
btpA	912	147882	162.1513	1020	209.8564	510	209.8564
group_3960	147	96	0.6531	2	2.5529	1	2.5529
group_3962	192	741	3.8594	5	4.8864	2	3.9091
group_3963	273	13576	49.7289	98	67.3566	49	67.3566
group_3965	207	619	2.9903	4	3.6258	2	3.6258
group_3968	360	9011	25.0306	62	32.3151	31	32.3151
group_3974	771	53425	69.2931	372	90.5327	186	90.5327
group_3975	504	268087	531.9187	1779	662.3115	889	661.9393
group_3976	738	112140	151.9512	779	198.0605	389	197.8063
group_3978	162	457	2.8210	3	3.4747	1	2.3165
group_3979	717	14707	20.5119	97	25.3845	48	25.1229
group_3982	543	4791	8.8232	34	11.7489	17	11.7489
group_3984	153	1518	9.9216	12	14.7166	6	14.7166
group_3986	1086	37544	34.5709	258	44.5766	129	44.5766
group_3987	813	596	0.7331	4	0.9232	2	0.9232
group_3989	366	6496	17.7486	46	23.5827	23	23.5827
group_3990	111	193	1.7387	2	3.3808	1	3.3808
group_3993	627	89336	142.4817	609	182.2496	304	181.9504
group_3996	438	18423	42.0616	129	55.2627	64	54.8344
fN3K	861	136959	159.0697	952	207.4678	476	207.4678
group_3997	1347	239340	177.6837	1611	224.4114	805	224.2721
group_3998	213	3722	17.4742	30	26.4276	15	26.4277
group_3999	231	6618	28.6494	44	35.7402	22	35.7403
group_4000	1227	58411	47.6047	396	60.5574	198	60.5574
group_4003	198	4592	23.1919	32	30.3251	16	30.3251
group_4005	702	0	0.0000	0	0.0000	0	0.0000
fldA	513	50786	98.9981	360	131.6746	180	131.6746
group_4006	312	2939	9.4199	21	12.6294	10	12.0280
group_4010	660	3369	5.1045	24	6.8231	12	6.8231
group_4011	798	13232	16.5815	91	21.3971	45	21.1620
group_4017	222	0	0.0000	0	0.0000	0	0.0000
group_4019	711	3005	4.2264	21	5.5420	10	5.2781
group_4023	150	1255	8.3667	10	12.5091	5	12.5091
group_4024	165	2407	14.5879	17	19.3322	8	18.1950
group_19115	1053	1057	1.0038	7	1.2473	3	1.0692
group_19116	261	151	0.5785	1	0.7189	0	0.0000
group_4027	237	6160	25.9916	45	35.6271	22	34.8354
group_4028	990	10883	10.9929	74	14.0253	37	14.0253
group_4031	261	215	0.8238	2	1.4378	1	1.4378
group_4033	381	7331	19.2415	55	27.0866	27	26.5941
group_4035	945	46646	49.3608	320	63.5382	160	63.5382
group_4038	9771	213924	21.8938	1579	30.3222	789	30.3030
group_4040	2604	3481	1.3368	10	0.7206	5	0.7206
group_4041	195	5573	28.5795	41	39.4517	20	38.4895
group_4042	2865	25242	8.8105	168	11.0028	84	11.0028
group_4043	1227	8228	6.7058	55	8.4108	27	8.2578
group_4044	378	31625	83.6640	217	107.7171	108	107.2208
group_14764	555	7553	13.6090	54	18.2565	27	18.2565
group_14765	558	16680	29.8925	117	39.3431	58	39.0068
group_4045	189	322	1.7037	4	3.9711	2	3.9711
group_4046	489	1648	3.3701	12	4.6046	6	4.6046
group_4048	420	8203	19.5310	57	25.4649	28	25.0182
group_4049	255	6729	26.3882	49	36.0556	24	35.3198
group_4057	3975	150232	37.7942	876	41.3508	438	41.3508
stbD	264	7745	29.3371	53	37.6694	26	36.9587
group_4059	291	11635	39.9828	85	54.8079	42	54.1631
group_4061	960	15047	15.6740	103	20.1318	51	19.9364
group_4063	750	1736	2.3147	12	3.0022	6	3.0022
group_4065	123	0	0.0000	0	0.0000	0	0.0000
group_4067	1827	1150	0.6294	8	0.8216	4	0.8216
group_4068	1332	0	0.0000	0	0.0000	0	0.0000
group_4069	807	268208	332.3519	1858	432.0053	929	432.0053
group_4070	792	7475	9.4381	50	11.8457	25	11.8457
group_4071	330	11468	34.7515	85	48.3306	42	47.7620
group_4074	252	0	0.0000	0	0.0000	0	0.0000
group_4076	231	9755	42.2294	67	54.4227	33	53.6104
group_4077	1113	807459	725.4798	5482	924.1889	2741	924.1890
group_15301	1326	3729	2.8122	25	3.5376	12	3.3961
comEB	579	76208	131.6200	539	174.6735	269	174.3495
group_4080	1335	906	0.6787	6	0.8433	3	0.8433
group_4081	1260	437	0.3468	3	0.4468	1	0.2978
group_4082	1200	4360	3.6333	30	4.6909	15	4.6909
secY	1320	107831	81.6902	726	103.2000	363	103.2000
group_4086	4278	295	0.0690	2	0.0877	1	0.0877
group_4088	153	0	0.0000	0	0.0000	0	0.0000
group_4090	276	24711	89.5326	173	117.6126	86	116.9328
group_4092	342	994	2.9064	7	3.8405	3	3.2919
group_4094	936	132996	142.0897	913	183.0256	456	182.8251
hemL	1245	211288	169.7092	1430	215.5180	715	215.5180
group_4098	2298	111239	48.4069	755	61.6473	377	61.5656
group_4100	1047	59725	57.0439	396	70.9685	198	70.9685
group_4101	459	21840	47.5817	154	62.9542	77	62.9542
group_16602	1059	1344	1.2691	9	1.5946	4	1.4175
group_16603	690	721	1.0449	5	1.3597	2	1.0877
group_4106	873	72816	83.4089	491	105.5320	245	105.3171
group_4107	282	9653	34.2305	69	45.9110	34	45.2456
group_4110	240	8273	34.4708	56	43.7818	28	43.7818
group_4111	291	0	0.0000	0	0.0000	0	0.0000
group_4113	399	1900	4.7619	13	6.1135	6	5.6432
group_4117	426	24165	56.7254	169	74.4379	84	73.9974
dndE	426	44004	103.2958	315	138.7452	157	138.3047
group_4118	783	16156	20.6335	112	26.8394	56	26.8394
group_4125	855	16103	18.8339	111	24.3598	55	24.1403
group_4126	1359	796	0.5857	6	0.8284	3	0.8284
group_4128	261	4061	15.5594	31	22.2863	15	21.5674
group_4131	1254	92866	74.0558	626	93.6685	313	93.6685
group_4132	411	302	0.7348	2	0.9131	1	0.9131
group_4134	999	77757	77.8348	523	98.2320	261	98.0442
group_4136	357	4275	11.9748	30	15.7678	15	15.7678
group_4140	279	2525	9.0502	19	12.7781	9	12.1056
group_4142	768	29451	38.3477	200	48.8636	100	48.8636
group_4143	147	0	0.0000	0	0.0000	0	0.0000
group_4144	1092	11295	10.3434	78	13.4026	39	13.4026
group_4145	3195	2568	0.8038	17	0.9984	8	0.9396
group_4149	4977	111393	22.3816	750	28.2755	375	28.2755
group_4150	210	1166	5.5524	8	7.1480	4	7.1481
group_4153	1113	136925	123.0234	937	157.9652	468	157.7966
group_4154	507	20095	39.6351	139	51.4427	69	51.0726
group_4156	1068	4682	4.3839	32	5.6221	16	5.6221
group_4157	396	3482	8.7929	24	11.3719	12	11.3719
yobN	1386	236082	170.3333	1599	216.4722	799	216.3368
group_4160	552	46794	84.7717	335	113.8735	167	113.5336
group_4161	252	1175	4.6627	10	7.4459	5	7.4459
group_4162	219	4272	19.5068	36	30.8443	18	30.8443
group_4163	618	19149	30.9854	135	40.9885	67	40.6849
group_4164	198	7632	38.5455	55	52.1212	27	51.1735
group_4165	993	3621	3.6465	24	4.5350	12	4.5350
group_4166	399	0	0.0000	0	0.0000	0	0.0000
group_4168	969	9512	9.8163	64	12.3929	32	12.3929
group_4172	288	16135	56.0243	113	73.6212	56	72.9697
group_4173	264	12436	47.1061	90	63.9669	45	63.9669
group_4177	387	29015	74.9742	203	98.4242	101	97.9394
group_4178	456	13153	28.8443	92	37.8564	46	37.8565
group_4184	507	48030	94.7337	324	119.9096	162	119.9096
group_4185	1539	3972	2.5809	27	3.2919	13	3.1699
group_4186	273	4504	16.4982	33	22.6813	16	21.9940
group_4187	213	1019	4.7840	10	8.8092	5	8.8092
group_4189	204	0	0.0000	0	0.0000	0	0.0000
group_4192	342	16170	47.2807	115	63.0941	57	62.5454
group_4196	285	640	2.2456	5	3.2919	2	2.6335
group_4199	1500	302	0.2013	2	0.2502	1	0.2502
group_4201	198	4006	20.2323	31	29.3774	15	28.4297
group_4202	246	706	2.8699	5	3.8137	2	3.0510
group_4205	618	6994	11.3172	47	14.2701	23	13.9665
group_4212	198	144	0.7273	1	0.9477	0	0.0000
group_4215	240	17905	74.6042	122	95.3818	61	95.3818
group_4216	300	871	2.9033	6	3.7527	3	3.7527
group_4217	321	8000	24.9221	57	33.3186	28	32.7341
group_4223	1257	147734	117.5290	1006	150.1688	503	150.1688
group_4225	876	1128	1.2877	8	1.7136	4	1.7136
group_4226	672	453	0.6741	3	0.8377	1	0.5584
group_4230	576	9466	16.4340	66	21.5000	33	21.5000
group_4233	1557	906	0.5819	6	0.7231	3	0.7231
dapA	903	134357	148.7896	919	190.9610	459	190.7532
group_4235	111	0	0.0000	0	0.0000	0	0.0000
group_4237	405	25464	62.8741	175	81.0774	87	80.6141
group_4239	453	0	0.0000	0	0.0000	0	0.0000
group_4240	489	51430	105.1738	354	135.8349	177	135.8349
csx18	279	453	1.6237	3	2.0176	1	1.3451
group_17170	822	4353	5.2956	30	6.8480	15	6.8480
group_4243	1410	3390	2.4043	19	2.5284	9	2.3954
group_4245	267	1526	5.7154	10	7.0276	5	7.0276
group_4246	579	4739	8.1848	31	10.0462	15	9.7221
group_4248	609	2086	3.4253	15	4.6216	7	4.3135
group_4250	207	478	2.3092	5	4.5323	2	3.6258
group_4251	1641	2416	1.4723	16	1.8295	8	1.8295
group_4252	1389	0	0.0000	0	0.0000	0	0.0000
group_4253	1440	302	0.2097	2	0.2606	1	0.2606
group_4255	801	102023	127.3695	702	164.4453	351	164.4453
group_4257	1056	108957	103.1790	737	130.9545	368	130.7768
group_4259	696	55942	80.3764	393	105.9498	196	105.6802
group_4260	285	2599	9.1193	20	13.1675	10	13.1675
ruvA	630	97900	155.3968	684	203.7194	342	203.7195
group_4272	1044	25514	24.4387	169	30.3741	84	30.1944
group_4269	474	0	0.0000	0	0.0000	0	0.0000
group_4270	399	10751	26.9449	74	34.7997	37	34.7997
group_4271	330	0	0.0000	0	0.0000	0	0.0000
group_4275	717	755	1.0530	5	1.3085	2	1.0468
group_4278	1497	23121	15.4449	156	19.5533	78	19.5533
group_4279	504	5707	11.3234	32	11.9134	16	11.9134
group_4281	201	632	3.1443	5	4.6676	2	3.7341
group_4282	1893	23398	12.3603	158	15.6611	79	15.6611
group_4283	1866	41283	22.1238	279	28.0549	139	27.9544
group_4284	429	35768	83.3753	248	108.4704	124	108.4704
group_4286	798	66254	83.0251	455	106.9856	227	106.7505
group_4287	1551	104051	67.0864	703	85.0473	351	84.9263
group_4288	1317	38372	29.1359	263	37.4703	131	37.3278
group_4292	522	160	0.3065	2	0.7189	1	0.7189
group_4302	315	15824	50.2349	108	64.3324	54	64.3325
group_4303	258	13168	51.0388	92	66.9091	46	66.9091
group_4304	174	3269	18.7874	28	30.1943	14	30.1944
group_4307	288	230	0.7986	2	1.3030	1	1.3030
group_4308	1179	214334	181.7930	1468	233.6303	734	233.6303
group_4313	759	130414	171.8235	893	220.7631	446	220.5160
group_4317	900	120737	134.1522	820	170.9575	410	170.9576
group_4319	354	1457	4.1158	10	5.3005	5	5.3005
group_4320	1212	1057	0.8721	7	1.0837	3	0.9289
group_4323	744	604	0.8118	4	1.0088	2	1.0088
group_4324	885	1649	1.8633	11	2.3322	5	2.1202
group_4326	930	138503	148.9280	947	191.0662	473	190.8645
group_4328	432	7914	18.3194	57	24.7576	28	24.3232
group_4329	474	2127	4.4873	17	6.7296	8	6.3337
group_4331	291	0	0.0000	0	0.0000	0	0.0000
group_4334	201	3343	16.6318	27	25.2049	13	24.2714
group_4338	192	151	0.7865	1	0.9773	0	0.0000
group_4341	2682	17204	6.4146	114	7.9756	57	7.9756
group_4349	564	1132	2.0071	9	2.9942	4	2.6615
group_4350	1548	122324	79.0207	818	99.1515	409	99.1515
group_4358	276	1491	5.4022	11	7.4783	5	6.7984
group_4361	375	24201	64.5360	190	95.0691	95	95.0691
group_4362	3354	2819	0.8405	20	1.1189	10	1.1189
group_4364	1176	0	0.0000	0	0.0000	0	0.0000
group_4366	471	10076	21.3928	67	26.6914	33	26.2930
group_4368	1119	3606	3.2225	24	4.0244	12	4.0244
group_4369	495	41048	82.9253	283	107.2749	141	106.8959
group_4371	693	15410	22.2367	106	28.7005	53	28.7005
group_4372	1656	82339	49.7216	555	62.8854	277	62.7721
group_4373	1764	19455	11.0289	131	13.9344	65	13.8281
group_4375	417	151	0.3621	1	0.4500	0	0.0000
group_4377	429	0	0.0000	0	0.0000	0	0.0000
group_4378	219	17269	78.8539	132	113.0959	66	113.0959
comEA	723	108350	149.8617	737	191.2697	368	191.0102
ygcG	684	102529	149.8962	711	195.0430	355	194.7687
group_4380	612	1376	2.2484	10	3.0660	5	3.0660
ispD	750	121213	161.6173	820	205.1490	410	205.1491
group_4381	684	91212	133.3509	621	170.3540	310	170.0797
group_4382	198	366	1.8485	4	3.7906	2	3.7906
group_4383	741	88144	118.9528	571	144.5888	285	144.3356
group_4386	154	0	0.0000	0	0.0000	0	0.0000
group_4387	717	65869	91.8675	447	116.9783	223	116.7166
group_4388	240	20766	86.5250	153	119.6181	76	118.8363
group_4391	201	0	0.0000	0	0.0000	0	0.0000
group_4392	672	1789	2.6622	13	3.6299	6	3.3506
group_4393	606	6727	11.1007	46	14.2430	23	14.2430
eRG9	810	132293	163.3247	907	210.1063	453	209.8747
group_4394	195	590	3.0256	4	3.8489	2	3.8490
group_4396	753	453	0.6016	3	0.7476	1	0.4984
sir	1938	358337	184.9004	2425	234.7874	1212	234.6907
group_4399	660	91179	138.1500	633	179.9603	316	179.6760
group_4400	660	91736	138.9939	633	179.9603	316	179.6760
group_4401	672	80992	120.5238	554	154.6883	277	154.6883
group_4405	258	4950	19.1860	35	25.4545	17	24.7273
rpoE	657	112577	171.3501	783	223.6214	391	223.3358
group_4406	432	4578	10.5972	31	13.4646	15	13.0303
group_4409	678	42457	62.6209	287	79.4272	143	79.1504
group_4410	660	94744	143.5515	653	185.6462	326	185.3620
group_4411	267	302	1.1311	2	1.4055	1	1.4055
group_19144	651	2619	4.0230	18	5.1881	9	5.1881
group_4412	375	8597	22.9253	64	32.0233	32	32.0233
group_4413	882	2695	3.0556	19	4.0421	9	3.8293
group_4415	666	3362	5.0480	24	6.7617	12	6.7617
group_4417	336	453	1.3482	3	1.6753	1	1.1169
group_4418	654	0	0.0000	0	0.0000	0	0.0000
birA2	909	37890	41.6832	255	52.6372	127	52.4308
group_4419	645	81056	125.6682	559	162.6181	279	162.3272
group_4420	624	85913	137.6811	591	177.7132	295	177.4126
group_4422	486	67833	139.5741	487	188.0224	243	187.6363
group_4423	669	67374	100.7085	460	129.0175	230	129.0175
group_4424	693	85636	123.5729	589	159.4773	294	159.2066
trpF	711	114442	160.9592	789	208.2209	394	207.9570
group_4425	363	39188	107.9559	279	144.2163	139	143.6995
tolQ	639	94545	147.9577	657	192.9218	328	192.6282
group_4427	594	59911	100.8603	409	129.1974	204	128.8815
cobH	639	102130	159.8279	705	207.0166	352	206.7230
group_4428	336	3316	9.8690	24	13.4026	12	13.4026
group_4430	882	125922	142.7687	860	182.9560	430	182.9561
group_4431	801	140860	175.8552	970	227.2250	485	227.2250
tsaC	588	83188	141.4762	583	186.0408	291	185.7217
group_4435	396	32986	83.2980	232	109.9283	116	109.9284
cyoC	624	96119	154.0369	672	202.0699	336	202.0699
group_4437	1977	606	0.3065	4	0.3796	2	0.3796
group_4438	636	2709	4.2594	21	6.1955	10	5.9005
group_4439	306	1359	4.4412	9	5.5187	4	4.9055
nusG	618	82643	133.7265	582	176.7060	291	176.7061
rplA	717	104345	145.5300	714	186.8512	357	186.8512
tAP	807	135998	168.5229	938	218.0952	469	218.0953
group_4443	330	6214	18.8303	43	24.4496	21	23.8810
group_4444	210	753	3.5857	5	4.4675	2	3.5740
group_4445	165	454	2.7515	4	4.5488	2	4.5488
group_4446	909	5501	6.0517	38	7.8440	19	7.8440
group_4448	576	1545	2.6823	11	3.5833	5	3.2576
group_4452	657	4756	7.2390	33	9.4247	16	9.1391
group_4451	765	73044	95.4824	507	124.3550	253	124.1098
group_4459	1296	197523	152.4097	1333	192.9932	666	192.8485
group_4460	255	18515	72.6078	132	97.1294	66	97.1294
group_4462	225	1375	6.1111	11	9.1733	5	8.3394
group_4466	363	39559	108.9780	285	147.3178	142	146.8009
group_4467	426	604	1.4178	4	1.7618	2	1.7618
group_4468	591	13807	23.3621	104	33.0189	52	33.0189
group_4472	123	0	0.0000	0	0.0000	0	0.0000
group_4474	1212	9398	7.7541	64	9.9082	32	9.9082
group_4476	597	6858	11.4874	49	15.4006	24	15.0863
group_4477	627	89613	142.9234	617	184.6437	308	184.3445
group_4480	585	600	1.0256	4	1.2830	2	1.2830
group_4482	432	2960	6.8519	22	9.5556	11	9.5556
group_4483	588	61560	104.6939	435	138.8126	217	138.4935
gcvH	396	40397	102.0126	292	138.3581	146	138.3581
group_4484	576	14114	24.5035	98	31.9242	49	31.9242
def	576	94981	164.8976	671	218.5833	335	218.2575
group_4485	1185	12988	10.9603	90	14.2509	45	14.2509
group_4486	453	3931	8.6777	30	12.4262	15	12.4262
group_4490	171	1982	11.5906	14	15.3620	7	15.3620
group_4491	591	60335	102.0897	414	131.4407	207	131.4407
group_4494	321	13503	42.0654	98	57.2846	49	57.2846
group_4495	567	74636	131.6332	526	174.0682	263	174.0683
group_4496	657	430	0.6545	4	1.1424	2	1.1424
efp	558	80575	144.3996	575	193.3528	287	193.0166
group_4497	114	391	3.4298	4	6.5837	2	6.5837
group_4498	528	66382	125.7235	462	164.1818	231	164.1818
group_4499	243	2566	10.5597	20	15.4433	10	15.4433
group_4500	276	4779	17.3152	37	25.1541	18	24.4743
group_4502	192	0	0.0000	0	0.0000	0	0.0000
group_4503	213	1092	5.1268	9	7.9283	4	7.0474
group_4504	419	57125	136.3365	409	183.1581	204	182.7103
group_4507	375	1255	3.3467	9	4.5033	4	4.0029
labA	552	103488	187.4783	724	246.1027	362	246.1027
group_4508	1224	103309	84.4028	700	107.3083	350	107.3084
rsbW	444	40863	92.0338	295	124.6683	147	124.2457
group_4509	465	12758	27.4366	90	36.3167	45	36.3167
group_4511	582	70867	121.7646	490	157.9756	245	157.9756
frr	549	79989	145.6995	561	191.7376	280	191.3959
atpH	549	83077	151.3242	587	200.6239	293	200.2821
motB	777	105217	135.4144	656	158.4162	328	158.4163
group_4516	408	36498	89.4559	264	121.4117	132	121.4117
group_4518	861	8795	10.2149	60	13.0757	30	13.0757
ssuE	543	1364	2.5120	10	3.4555	5	3.4555
mutT	546	106504	195.0623	760	261.1787	380	261.1788
group_4519	549	570	1.0383	5	1.7089	2	1.3671
group_4520	2856	71427	25.0095	478	31.4041	239	31.4041
group_4521	549	81977	149.3206	570	194.8137	285	194.8137
group_4522	264	24982	94.6288	177	125.8016	88	125.0909
group_4523	1239	221617	178.8676	1498	226.8597	749	226.8598
group_4524	666	7958	11.9489	56	15.7772	28	15.7772
fHA	2253	55276	24.5344	372	30.9812	186	30.9812
ripB	528	3941	7.4640	28	9.9504	14	9.9504
group_14743	1026	69728	67.9610	487	89.0632	243	88.8804
group_4535	570	25074	43.9895	177	58.2660	88	57.9368
yhbS	516	73672	142.7752	519	188.7272	259	188.3636
rpoB	3471	615448	177.3114	4117	222.5580	2058	222.5039
nrdR	516	67045	129.9322	477	173.4545	238	173.0909
rplL	396	47080	118.8889	349	165.3663	174	164.8925
ygiM	522	47057	90.1475	334	120.0585	167	120.0585
group_4537	531	58145	109.5009	406	143.4658	203	143.4658
ycf36	513	81675	159.2105	569	208.1190	284	207.7533
group_4540	771	0	0.0000	0	0.0000	0	0.0000
group_4541	504	16237	32.2163	112	41.6970	56	41.6970
group_4542	663	69568	104.9291	485	137.2603	242	136.9774
group_4543	255	9362	36.7137	67	49.3005	33	48.5647
group_4544	465	38878	83.6086	271	109.3536	135	108.9501
group_4551	498	60080	120.6426	426	160.5082	213	160.5082
group_4552	498	20339	40.8414	142	53.5027	71	53.5027
group_4553	2034	79634	39.1514	551	50.8297	275	50.7375
group_4555	2538	38937	15.3416	265	19.5917	132	19.5177
group_4556	342	9036	26.4211	63	34.5646	31	34.0159
group_4559	1434	65668	45.7936	440	57.5732	220	57.5732
dnaJ	495	59209	119.6141	409	155.0369	204	154.6578
arsS	1353	176221	130.2446	1117	154.9074	558	154.7688
group_4563	1290	10725	8.3140	62	9.0182	31	9.0182
allA	504	41512	82.3651	289	107.5930	144	107.2208
group_4566	486	7634	15.7078	56	21.6206	28	21.6206
group_4567	489	5258	10.7526	37	14.1974	18	13.8137
psaL	483	55018	113.9089	394	153.0615	197	153.0615
pgk	1221	128671	105.3817	872	134.0040	436	134.0040
group_4568	132	200	1.5152	2	2.8430	1	2.8430
psaM	93	151	1.6237	2	4.0352	1	4.0352
group_4569	142	734	5.1690	9	11.8924	4	10.5711
group_4570	1092	0	0.0000	0	0.0000	0	0.0000
group_4572	567	3582	6.3175	25	8.2732	12	7.9423
group_4573	477	1061	2.2243	7	2.7536	3	2.3602
group_4576	534	75035	140.5150	521	183.0684	260	182.7170
group_4575	276	20201	73.1920	148	100.6166	74	100.6166
group_4577	369	10063	27.2710	70	35.5950	35	35.5950
tspO	471	62712	133.1465	442	176.0833	221	176.0834
group_4580	1134	6461	5.6975	45	7.4459	22	7.2804
group_4581	465	59070	127.0323	430	173.5131	215	173.5132
group_4582	519	77813	149.9287	535	193.4209	267	193.0594
group_4584	264	16124	61.0758	116	82.4463	58	82.4463
group_4586	798	132841	166.4674	922	216.7928	461	216.7929
group_4587	462	63384	137.1948	445	180.7319	222	180.3258
group_4588	171	1283	7.5029	12	13.1675	6	13.1675
group_4589	294	29043	98.7857	208	132.7495	104	132.7495
group_4590	133	1264	9.5038	14	19.7512	7	19.7512
rplI	459	70444	153.4728	491	200.7177	245	200.3089
xth	804	133814	166.4353	929	216.8086	464	216.5753
group_15047	717	0	0.0000	0	0.0000	0	0.0000
group_15048	1002	0	0.0000	0	0.0000	0	0.0000
group_4594	687	103701	150.9476	710	193.9182	355	193.9182
group_4598	192	2534	13.1979	17	16.6136	8	15.6364
group_4600	489	50503	103.2781	348	133.5326	174	133.5326
group_4602	441	37228	84.4172	268	114.0284	134	114.0284
group_4605	261	151	0.5785	1	0.7189	0	0.0000
group_4606	435	11582	26.6253	78	33.6451	39	33.6451
group_4607	435	5274	12.1241	38	16.3912	19	16.3912
group_4609	99	314	3.1717	4	7.5813	2	7.5813
group_15904	2748	1470	0.5349	10	0.6828	5	0.6828
group_4610	429	63388	147.7576	450	196.8213	225	196.8213
group_4613	423	45972	108.6809	320	141.9471	160	141.9471
group_4612	924	16758	18.1364	116	23.5561	58	23.5561
group_4614	420	2880	6.8571	20	8.9351	10	8.9351
carA	1149	194656	169.4134	1315	214.7448	657	214.5815
mrnC	417	44337	106.3237	312	140.3898	156	140.3898
group_4615	447	0	0.0000	0	0.0000	0	0.0000
sdhB	987	176363	178.6859	1205	229.0798	602	228.8897
fer	408	58944	144.4706	412	189.4759	206	189.4759
ytfP	519	36634	70.5857	252	91.1066	126	91.1067
group_4617	180	0	0.0000	0	0.0000	0	0.0000
psbU	408	2333	5.7181	16	7.3583	8	7.3583
fbt	1440	274854	190.8708	1862	242.6242	931	242.6242
rsfS	405	46075	113.7654	320	148.2558	160	148.2559
group_4621	1569	271186	172.8400	1837	219.6864	918	219.5668
group_4627	399	5239	13.1303	37	17.3999	18	16.9296
group_4628	654	9472	14.4832	68	19.5096	34	19.5096
group_4630	399	34111	85.4912	244	114.7450	122	114.7450
group_4631	381	5411	14.2021	41	20.1918	20	19.6994
yidH	399	22295	55.8772	150	70.5400	75	70.5400
group_4634	1137	14301	12.5778	96	15.8426	48	15.8426
aroH	402	32472	80.7761	233	108.7544	116	108.2876
sppA	822	146986	178.8151	1007	229.8659	503	229.6377
group_4636	351	4308	12.2735	29	15.5027	14	14.9681
group_4637	489	64265	131.4213	444	170.3692	222	170.3692
yvlD	366	30926	84.4973	223	114.3249	111	113.8122
group_4639	390	51014	130.8051	366	176.0895	183	176.0895
group_4640	474	65108	137.3586	451	178.5316	225	178.1358
eno	1299	233582	179.8168	1590	229.6703	795	229.6703
group_4643	435	10019	23.0322	70	30.1943	35	30.1944
group_4644	249	0	0.0000	0	0.0000	0	0.0000
group_4646	387	28246	72.9871	203	98.4242	101	97.9394
group_4647	387	5182	13.3902	39	18.9091	19	18.4242
group_4649	4095	7960	1.9438	53	2.4285	26	2.3827
group_4650	1236	196450	158.9401	1330	201.9064	665	201.9064
group_4652	441	61501	139.4580	434	184.6580	217	184.6580
group_19135	381	7836	20.5669	54	26.5941	27	26.5941
group_19136	2196	15487	7.0524	106	9.0571	53	9.0571
group_4653	1695	6777	3.9982	46	5.0922	23	5.0922
zds	1461	260623	178.3867	1775	227.9633	887	227.8350
group_4656	726	6554	9.0275	46	11.8888	23	11.8888
group_4657	375	211	0.5627	2	1.0007	1	1.0007
group_4658	1323	26208	19.8095	178	25.2451	89	25.2451
group_4659	990	1711	1.7283	12	2.2744	6	2.2744
group_4661	210	3624	17.2571	26	23.2312	13	23.2312
group_4662	240	2711	11.2958	21	16.4182	10	15.6364
group_4664	879	28291	32.1854	191	40.7719	95	40.5585
group_4665	390	1561	4.0026	11	5.2923	5	4.8112
group_4666	1059	5777	5.4551	40	7.0873	20	7.0873
group_15051	1146	310	0.2705	2	0.3275	1	0.3275
murQ	921	81501	88.4919	559	113.8857	279	113.6820
group_4668	411	25831	62.8491	186	84.9157	93	84.9157
group_4669	792	0	0.0000	0	0.0000	0	0.0000
group_4671	363	11865	32.6860	86	44.4538	43	44.4538
group_4672	369	6206	16.8184	44	22.3740	22	22.3740
group_4673	747	18402	24.6345	123	30.8959	61	30.6448
group_4674	357	3814	10.6835	27	14.1910	13	13.6654
group_4676	1179	176420	149.6353	1191	189.5461	595	189.3870
hypB	717	107798	150.3459	751	196.5340	375	196.2723
group_4679	372	10280	27.6344	72	36.3167	36	36.3167
group_4682	150	0	0.0000	0	0.0000	0	0.0000
group_4683	930	2244	2.4129	15	3.0264	7	2.8246
group_4685	1089	5948	5.4619	41	7.0644	20	6.8921
group_4687	282	9526	33.7801	66	43.9149	33	43.9149
group_4689	258	94	0.3643	2	1.4545	1	1.4545
group_4690	282	0	0.0000	0	0.0000	0	0.0000
group_4691	342	2043	5.9737	15	8.2297	7	7.6810
group_4693	27483	150538	5.4775	1003	6.8478	501	6.8410
group_4695	336	21264	63.2857	156	87.1169	78	87.1169
psbA	1101	25115	22.8111	167	28.4607	83	28.2903
group_14705	1113	0	0.0000	0	0.0000	0	0.0000
group_4697	399	7257	18.1880	56	26.3349	28	26.3349
group_4700	222	9778	44.0450	70	59.1646	35	59.1646
group_4701	1179	1614	1.3690	11	1.7506	5	1.5915
group_4702	492	34515	70.1524	238	90.7672	119	90.7672
pglZ	2532	33222	13.1209	223	16.5256	111	16.4515
spoIIAA	327	43079	131.7401	302	173.2910	151	173.2911
group_4704	174	0	0.0000	0	0.0000	0	0.0000
group_4705	327	1789	5.4709	14	8.0334	7	8.0334
petJ	321	35347	110.1153	262	153.1486	131	153.1487
metG	1653	248802	150.5154	1665	188.9985	832	188.8850
lepA	1812	335575	185.1959	2268	234.8560	1134	234.8561
group_4707	405	8685	21.4444	52	24.0916	26	24.0916
group_4708	519	36313	69.9672	250	90.3836	125	90.3836
group_4710	318	3755	11.8082	25	14.7513	12	14.1612
group_4713	156	1602	10.2692	15	18.0420	7	16.8392
group_4715	285	10770	37.7895	78	51.3531	39	51.3531
group_4717	105	0	0.0000	0	0.0000	0	0.0000
group_4719	312	2461	7.8878	21	12.6294	10	12.0280
group_4720	309	28770	93.1068	200	121.4474	100	121.4475
group_4723	966	10721	11.0983	76	14.7623	38	14.7623
group_4724	303	5426	17.9076	42	26.0090	21	26.0090
group_4726	300	18387	61.2900	133	83.1854	66	82.5600
group_4727	288	2013	6.9896	15	9.7727	7	9.1212
pntA	1149	204880	178.3116	1395	227.8091	697	227.6458
group_4728	246	4891	19.8821	43	32.7982	21	32.0355
group_4729	360	736	2.0444	5	2.6061	2	2.0848
group_4730	759	69220	91.1989	468	115.6967	234	115.6967
group_4734	282	14654	51.9645	110	73.1915	55	73.1915
group_4735	726	109142	150.3333	752	194.3561	376	194.3561
group_4736	393	31026	78.9466	216	103.1284	108	103.1284
kaiB	291	28858	99.1684	200	128.9597	100	128.9597
group_4738	957	154041	160.9624	1047	205.2824	523	205.0863
group_4741	6030	203018	33.6680	1391	43.2839	695	43.2528
group_4746	285	693	2.4316	5	3.2919	2	2.6335
group_4747	1296	3472	2.6790	23	3.3300	11	3.1852
group_4748	1188	1995893	1680.0446	13294	2099.6945	6647	2099.6948
group_4751	2550	82109	32.1996	551	40.5442	275	40.4706
mod	3882	49655	12.7911	313	15.1288	156	15.0805
group_4752	318	2144	6.7421	16	9.4408	8	9.4408
group_4753	255	0	0.0000	0	0.0000	0	0.0000
group_4754	915	13652	14.9202	91	18.6611	45	18.4560
group_4756	735	0	0.0000	0	0.0000	0	0.0000
lpdA	1431	262357	183.3382	1782	233.6603	891	233.6603
rpmA	270	35390	131.0741	254	176.5171	127	176.5171
group_4759	705	53049	75.2468	368	97.9435	184	97.9435
group_4761	534	24742	46.3333	173	60.7885	86	60.4372
group_4762	267	31731	118.8427	230	161.6343	115	161.6343
group_4764	996	28780	28.8956	196	36.9244	98	36.9244
group_4765	267	9965	37.3221	73	51.3013	36	50.5986
cofG	888	144218	162.4077	992	209.6117	496	209.6118
group_4768	264	26847	101.6932	192	136.4628	96	136.4628
group_4770	291	2904	9.9794	20	12.8960	10	12.8960
cRR7	258	27283	105.7481	202	146.9090	101	146.9091
group_4774	255	24124	94.6039	169	124.3550	84	123.6192
group_4776	291	1677	5.7629	13	8.3824	6	7.7376
group_4777	876	6729	7.6815	47	10.0672	23	9.8530
group_4778	255	14599	57.2510	104	76.5262	52	76.5262
group_4779	261	22397	85.8123	160	115.0261	80	115.0261
group_4781	444	2878	6.4820	20	8.4521	10	8.4521
group_4783	693	293	0.4228	2	0.5415	1	0.5415
ibaG	252	21779	86.4246	163	121.3679	81	120.6234
group_4788	222	1720	7.7477	13	10.9877	6	10.1425
group_4790	252	22576	89.5873	160	119.1342	80	119.1342
group_4791	336	8484	25.2500	60	33.5065	30	33.5065
group_4792	729	604	0.8285	4	1.0296	2	1.0296
cobO	606	83201	137.2954	587	181.7533	293	181.4437
group_4793	180	3957	21.9833	29	30.2303	14	29.1879
group_4794	207	583	2.8164	4	3.6258	2	3.6258
group_4795	255	1046	4.1020	7	5.1508	3	4.4150
group_4797	294	0	0.0000	0	0.0000	0	0.0000
group_4799	468	0	0.0000	0	0.0000	0	0.0000
group_4800	2322	14179	6.1064	94	7.5960	47	7.5960
group_4801	240	535	2.2292	5	3.9091	2	3.1273
group_4803	306	0	0.0000	0	0.0000	0	0.0000
group_4804	243	1057	4.3498	7	5.4052	3	4.6330
group_4805	243	2186	8.9959	17	13.1268	8	12.3547
group_4806	1974	33132	16.7842	221	21.0069	110	20.9119
group_4810	240	13436	55.9833	97	75.8363	48	75.0545
tilS	1128	156905	139.1002	1052	174.9941	526	174.9942
rpmB	237	20116	84.8776	153	121.1323	76	120.3406
batB	1224	209996	171.5654	1416	217.0695	708	217.0695
group_4816	237	6388	26.9536	55	43.5443	27	42.7526
spoU	849	99482	117.1755	675	149.1808	337	148.9598
group_4817	978	140062	143.2127	960	184.1829	480	184.1829
group_4818	777	724	0.9318	5	1.2074	2	0.9660
group_4820	210	727	3.4619	5	4.4675	2	3.5740
group_4821	339	14553	42.9292	101	55.9034	50	55.3500
group_4822	330	6976	21.1394	50	28.4297	25	28.4297
group_4823	273	12227	44.7875	82	56.3596	41	56.3596
group_4824	378	4151	10.9815	29	14.3954	14	13.8990
group_4825	342	23206	67.8538	164	89.9776	82	89.9777
group_4826	123	462	3.7561	4	6.1020	2	6.1020
group_4827	234	11829	50.5513	82	65.7529	41	65.7529
znuB	906	21269	23.4757	142	29.4088	71	29.4088
group_4829	318	6321	19.8774	46	27.1424	23	27.1424
group_4830	624	305	0.4888	2	0.6014	1	0.6014
group_4831	225	3526	15.6711	26	21.6824	13	21.6824
group_4832	1071	0	0.0000	0	0.0000	0	0.0000
cobS	885	96067	108.5503	657	139.2961	328	139.0841
group_4836	1110	56190	50.6216	382	64.5739	191	64.5739
group_4837	444	9994	22.5090	66	27.8919	33	27.8919
atpG	948	167914	177.1245	1154	228.4096	577	228.4096
group_4840	795	103641	130.3660	713	168.2826	356	168.0466
group_4841	1485	279506	188.2195	1893	239.1889	946	239.0626
group_4842	219	1314	6.0000	11	9.4247	5	8.5679
group_4844	309	12263	39.6861	84	51.0079	42	51.0079
group_4848	282	5833	20.6844	41	27.2805	20	26.6151
group_14925	192	0	0.0000	0	0.0000	0	0.0000
group_4849	213	906	4.2535	6	5.2855	3	5.2855
group_4851	1134	148013	130.5229	1007	166.6224	503	166.4569
group_4852	210	842	4.0095	8	7.1480	4	7.1481
group_4853	714	1569	2.1975	10	2.6280	5	2.6280
group_4854	228	2665	11.6886	22	18.1053	11	18.1053
group_4855	270	1207	4.4704	10	6.9495	5	6.9495
group_4857	264	6240	23.6364	46	32.6942	23	32.6942
group_4859	543	25195	46.3996	174	60.1266	87	60.1266
group_4861	1413	8228	5.8231	56	7.4364	28	7.4364
cbiD	1182	119938	101.4704	813	129.0595	406	128.9008
group_4862	420	51718	123.1381	368	164.4051	184	164.4052
leuB	1104	174157	157.7509	1179	200.3833	589	200.2134
group_4864	438	653	1.4909	5	2.1420	2	1.7136
group_4865	987	25216	25.5481	173	32.8886	86	32.6985
group_4867	468	35240	75.2991	236	94.6200	118	94.6200
group_4869	3348	9882	2.9516	67	3.7550	33	3.6989
group_4871	852	50396	59.1502	346	76.1997	173	76.1997
group_4872	237	22118	93.3249	162	128.2577	81	128.2577
group_4873	201	1573	7.8259	11	10.2687	5	9.3351
group_4875	198	7083	35.7727	52	49.2782	26	49.2782
group_4877	384	19559	50.9349	139	67.9204	69	67.4318
group_4878	1725	1057	0.6128	7	0.7614	3	0.6526
group_4880	210	147	0.7000	1	0.8935	0	0.0000
group_4881	243	15719	64.6872	115	88.7991	57	88.0269
group_4882	534	9922	18.5805	76	26.7048	38	26.7048
group_4884	339	7606	22.4366	55	30.4425	27	29.8890
group_19146	417	0	0.0000	0	0.0000	0	0.0000
group_18947	456	19270	42.2588	138	56.7847	69	56.7847
group_4886	237	884	3.7300	7	5.5420	3	4.7503
group_4888	189	9500	50.2646	69	68.5021	34	67.5094
group_4889	537	51575	96.0428	348	121.5967	174	121.5967
group_4893	189	1879	9.9418	16	15.8846	8	15.8846
group_4894	600	1260	2.1000	9	2.8145	4	2.5018
group_4895	663	4047	6.1041	28	7.9243	14	7.9243
group_4896	792	3921	4.9508	28	6.6336	14	6.6336
group_4899	915	111917	122.3137	768	157.4915	384	157.4915
group_4900	1683	143824	85.4569	967	107.8100	483	107.6986
group_4903	175	452	2.5829	3	3.2166	1	2.1444
group_4904	669	112475	168.1241	779	218.4883	389	218.2079
group_4905	192	2581	13.4427	23	22.4773	11	21.5000
group_4908	636	82885	130.3223	562	165.8044	281	165.8044
group_4910	360	1915	5.3194	14	7.2970	7	7.2970
group_4911	663	26219	39.5460	175	49.5269	87	49.2439
glcD	1287	207591	161.2984	1409	205.4231	704	205.2774
wecB	1122	40516	36.1105	278	46.4910	139	46.4910
group_4914	340	18579	54.6441	126	69.5358	63	69.5358
group_4915	852	129134	151.5657	878	193.3623	439	193.3623
group_4917	165	1399	8.4788	14	15.9207	7	15.9207
ureE	477	59061	123.8176	416	163.6409	208	163.6409
group_4919	204	2639	12.9363	24	22.0749	12	22.0749
cobD	1116	204324	183.0860	1380	232.0234	690	232.0234
group_4922	210	574	2.7333	5	4.4675	2	3.5740
group_4924	447	34773	77.7919	250	104.9420	125	104.9420
group_4925	213	2708	12.7136	18	15.8566	9	15.8566
group_4927	1635	17231	10.5388	117	13.4272	58	13.3124
group_4928	129	205	1.5891	2	2.9091	1	2.9091
group_4930	8724	988827	113.3456	6586	141.6521	3293	141.6521
group_4931	759	15636	20.6008	106	26.2048	53	26.2048
recF	1350	205834	152.4696	1388	192.9179	694	192.9180
group_4933	150	234	1.5600	2	2.5018	1	2.5018
group_4936	297	683	2.2997	6	3.7906	3	3.7906
group_4939	222	4340	19.5495	33	27.8919	16	27.0467
group_4942	141	0	0.0000	0	0.0000	0	0.0000
group_4946	81	0	0.0000	0	0.0000	0	0.0000
group_4948	135	0	0.0000	0	0.0000	0	0.0000
group_4950	1686	20164	11.9597	135	15.0243	67	14.9130
psbJ	120	889	7.4083	10	15.6364	5	15.6364
dapF	909	132549	145.8185	897	185.1593	448	184.9529
bcp	453	45513	100.4702	324	134.2035	162	134.2035
group_4952	3063	88950	29.0402	594	36.3878	297	36.3878
group_4953	2562	40529	15.8193	272	19.9208	136	19.9208
group_4955	132	0	0.0000	0	0.0000	0	0.0000
group_4956	147	293	1.9932	2	2.5529	1	2.5529
group_4957	165	3570	21.6364	26	29.5669	13	29.5669
group_4958	1278	66745	52.2261	460	67.5373	230	67.5373
group_4960	117	0	0.0000	0	0.0000	0	0.0000
group_4962	5214	47671	9.1429	314	11.2999	157	11.2999
group_4964	1371	0	0.0000	0	0.0000	0	0.0000
lptF	1182	223512	189.0964	1512	240.0221	756	240.0221
group_4965	2658	442078	166.3198	2409	170.0586	1204	169.9881
group_4969	186	2815	15.1344	23	23.2023	11	22.1935
group_4970	1365	134462	98.5070	904	124.2661	452	124.2661
group_4972	297	0	0.0000	0	0.0000	0	0.0000
group_4973	360	0	0.0000	0	0.0000	0	0.0000
group_4974	162	2013	12.4259	14	16.2155	7	16.2155
group_4979	132	266	2.0152	4	5.6859	2	5.6859
group_4980	2628	229263	87.2386	1532	109.3831	766	109.3831
group_4981	2751	36171	13.1483	243	16.5742	121	16.5060
group_4982	132	0	0.0000	0	0.0000	0	0.0000
group_4983	363	1961	5.4022	14	7.2367	7	7.2367
ycf51	558	79126	141.8029	551	185.2824	275	184.9462
group_4984	984	16105	16.3669	112	21.3570	56	21.3570
group_4988	255	2751	10.7882	20	14.7166	10	14.7166
group_4989	1305	26316	20.1655	179	25.7371	89	25.5933
group_4991	420	20095	47.8452	139	62.0987	69	61.6519
group_4992	978	86000	87.9346	590	113.1957	295	113.1957
group_4993	90	0	0.0000	0	0.0000	0	0.0000
group_4994	930	18870	20.2903	130	26.2287	65	26.2287
hemB	987	18006	18.2432	122	23.1931	61	23.1931
group_4998	381	20216	53.0604	143	70.4252	71	69.9327
secF	1056	129458	122.5928	885	157.2520	442	157.0744
lldD~~~guaB	1164	4173	3.5851	28	4.5136	14	4.5136
group_18867	1242	51662	41.5958	346	52.2723	173	52.2723
panB	768	106260	138.3594	728	177.8636	364	177.8636
group_5002	1047	125111	119.4947	828	148.3886	414	148.3886
group_18876	2157	236615	109.6963	1597	138.9222	798	138.8352
group_5003	252	470	1.8651	4	2.9784	2	2.9784
ruvC	486	734	1.5103	6	2.3165	3	2.3165
group_5004	420	2100	5.0000	14	6.2545	7	6.2545
group_5005	228	18042	79.1316	139	114.3923	69	113.5694
group_5006	225	971	4.3156	10	8.3394	5	8.3394
group_5007	2331	426065	182.7821	2865	230.6212	1432	230.5407
group_5008	324	20405	62.9784	149	86.2895	74	85.7104
group_5009	555	68918	124.1766	482	162.9562	241	162.9562
group_5011	1716	28016	16.3263	188	20.5569	94	20.5569
pfkA	1215	105213	86.5951	720	111.1919	360	111.1919
group_5013	2100	24568	11.6990	160	14.2961	80	14.2961
group_5014	204	11145	54.6324	81	74.5027	40	73.5829
group_5015	906	165496	182.6667	1131	234.2347	565	234.0277
group_5016	309	35943	116.3204	257	156.0600	128	155.4528
group_5017	163	0	0.0000	0	0.0000	0	0.0000
apt	519	74954	144.4200	535	193.4209	267	193.0594
group_5019	225	1469	6.5289	12	10.0073	6	10.0073
group_5020	105	0	0.0000	0	0.0000	0	0.0000
nadE	1776	91533	51.5389	608	64.2359	304	64.2359
nadD	567	49864	87.9436	351	116.1558	175	115.8249
uvrB	2016	370677	183.8676	2491	231.8463	1245	231.7532
group_5024	324	6825	21.0648	50	28.9562	25	28.9562
group_5025	267	8033	30.0861	57	40.0572	28	39.3544
ansA2	954	155102	162.5807	1056	207.6981	528	207.6981
group_5027	285	6671	23.4070	45	29.6268	22	28.9684
group_5028	1419	56252	39.6420	381	50.3802	190	50.2479
group_5029	252	17563	69.6944	131	97.5411	65	96.7965
hemH	1164	17712	15.2165	119	19.1827	59	19.0216
group_5033	273	4032	14.7692	30	20.6194	15	20.6194
nusB	654	27367	41.8456	192	55.0859	96	55.0859
group_5034	276	7734	28.0217	63	42.8300	31	42.1502
gatA	1452	152062	104.7259	1024	132.3275	512	132.3276
group_5035	318	20780	65.3459	141	83.1972	70	82.6072
htpX	849	31263	36.8233	208	45.9698	104	45.9698
group_5036	276	0	0.0000	0	0.0000	0	0.0000
group_5038	249	1948	7.8233	14	10.5498	7	10.5498
group_5039	249	2499	10.0361	18	13.5641	9	13.5641
group_5040	222	74	0.3333	1	0.8452	0	0.0000
group_5041	234	6253	26.7222	46	36.8858	23	36.8858
group_5043	354	3426	9.6780	24	12.7211	12	12.7211
group_5044	408	13916	34.1078	96	44.1497	48	44.1497
group_5045	492	6189	12.5793	42	16.0177	21	16.0177
group_5046	318	1959	6.1604	14	8.2607	7	8.2607
group_5050	933	164180	175.9700	1122	225.6462	561	225.6463
mgtA	2781	494307	177.7443	3317	223.8007	1658	223.7332
group_5051	243	7430	30.5761	56	43.2413	28	43.2413
group_5052	234	1579	6.7479	11	8.8205	5	8.0186
group_5053	1242	4690	3.7762	33	4.9855	16	4.8344
group_5054	327	18434	56.3731	127	72.8740	63	72.3002
nikD	1626	133239	81.9428	897	103.5115	448	103.3962
group_5057	414	21562	52.0821	146	66.1713	73	66.1713
group_5058	1011	101993	100.8833	703	130.4731	351	130.2875
group_5059	288	7200	25.0000	50	32.5757	25	32.5758
cypX	1332	206386	154.9444	1403	197.6379	701	197.4971
alr	1263	204773	162.1322	1380	205.0183	690	205.0183
group_5060	2187	346415	158.3973	2322	199.2188	1161	199.2188
group_5061	711	302	0.4248	2	0.5278	1	0.5278
group_5062	381	1577	4.1391	11	5.4173	5	4.9248
mlaF	786	2306	2.9338	16	3.8196	8	3.8196
dps	534	35506	66.4906	259	91.0071	129	90.6558
group_5064	2097	11277	5.3777	140	12.5270	70	12.5270
group_18685	939	9380	9.9894	65	12.9887	32	12.7888
groES	312	18543	59.4327	141	84.7972	70	84.1958
group_5065	186	212	1.1398	2	2.0176	1	2.0176
group_5067	243	765	3.1481	6	4.6330	3	4.6330
group_5068	1065	48380	45.4272	331	58.3170	165	58.1408
argH	1467	201771	137.5399	1368	174.9737	684	174.9738
group_5070	2028	3894	1.9201	26	2.4056	13	2.4056
group_5075	243	0	0.0000	0	0.0000	0	0.0000
group_5076	294	308	1.0476	2	1.2764	1	1.2764
group_5077	588	42440	72.1769	296	94.4564	148	94.4564
group_5079	153	735	4.8039	7	8.5847	3	7.3583
group_5081	2670	539990	202.2434	3619	254.3280	1809	254.2578
group_5082	840	137574	163.7786	940	209.9740	470	209.9740
group_5083	1287	16154	12.5517	110	16.0373	55	16.0373
group_5086	573	9360	16.3351	66	21.6126	33	21.6126
group_5084	477	21931	45.9769	150	59.0051	75	59.0051
cHAD	1005	182557	181.6488	1232	230.0178	616	230.0179
group_5087	474	6490	13.6920	45	17.8136	22	17.4177
group_5089	861	844	0.9803	2	0.4359	1	0.4359
group_16265	960	1508	1.5708	10	1.9545	5	1.9545
group_5093	1044	59389	56.8860	403	72.4305	201	72.2508
group_5099	2043	58801	28.7817	398	36.5537	199	36.5537
group_15434	9771	721320	73.8225	4778	91.7538	2389	91.7538
group_5100	1047	2375	2.2684	16	2.8674	8	2.8674
group_5101	369	22556	61.1274	161	81.8684	80	81.3599
group_5102	528	6867	13.0057	40	14.2149	20	14.2149
group_5104	372	3009	8.0887	20	10.0880	10	10.0880
group_5105	255	881	3.4549	6	4.4150	3	4.4150
group_5106	144	262	1.8194	2	2.6061	1	2.6061
group_5107	798	40135	50.2945	242	56.9022	121	56.9022
group_5108	1737	143203	82.4427	963	104.0263	481	103.9183
group_5110	816	0	0.0000	0	0.0000	0	0.0000
group_5111	411	17837	43.3990	123	56.1539	61	55.6974
hepA	3123	581321	186.1419	3887	233.5390	1943	233.4790
group_5113	840	77430	92.1786	523	116.8259	261	116.6026
speE	1224	159297	130.1446	1066	163.4153	533	163.4153
uvrA	2913	571745	196.2736	3822	246.1881	1911	246.1882
group_5116	777	103207	132.8275	695	167.8343	347	167.5928
group_5117	879	123991	141.0592	848	181.0189	424	181.0189
group_5118	267	9211	34.4981	63	44.2737	31	43.5710
group_5120	192	1944	10.1250	14	13.6818	7	13.6818
group_5121	972	198879	204.6080	1341	258.8686	670	258.6756
group_5122	306	10839	35.4216	83	50.8948	41	50.2816
group_5123	621	77912	125.4622	546	164.9749	273	164.9749
group_5125	216	517	2.3935	4	3.4747	2	3.4747
group_5126	117	368	3.1453	4	6.4149	2	6.4149
group_5127	591	16797	28.4213	117	37.1463	58	36.8288
argA	639	73330	114.7574	510	149.7567	255	149.7567
group_5129	684	1283	1.8757	10	2.7432	5	2.7432
group_5133	1761	235602	133.7888	1571	167.3916	785	167.2851
group_5135	99	354	3.5758	4	7.5813	2	7.5813
group_5136	1212	108580	89.5875	735	113.7893	367	113.6345
group_5139	228	230	1.0088	2	1.6459	1	1.6459
group_5140	258	4016	15.5659	29	21.0909	14	20.3636
group_5146	525	31171	59.3733	211	75.4119	105	75.0545
group_5150	1641	1964	1.1968	15	1.7151	7	1.6008
group_5151	2571	155961	60.6616	1040	75.9011	520	75.9011
group_5153	219	0	0.0000	0	0.0000	0	0.0000
group_5154	1026	3061	2.9834	21	3.8405	10	3.6576
group_5157	309	9577	30.9935	66	40.0777	33	40.0777
group_5159	468	48413	103.4466	337	135.1142	168	134.7133
tsf	756	126693	167.5833	879	218.1644	439	217.9163
group_5160	1122	48259	43.0116	330	55.1871	165	55.1872
group_5162	450	2446	5.4356	17	7.0885	8	6.6715
group_5163	675	7250	10.7407	51	14.1770	25	13.8990
group_5165	240	3900	16.2500	27	21.1091	13	20.3273
group_5167	111	412	3.7117	4	6.7617	2	6.7617
group_5170	837	3022	3.6105	21	4.7077	10	4.4835
group_5171	363	18740	51.6253	133	68.7483	66	68.2314
group_5175	441	35265	79.9660	254	108.0717	127	108.0717
pTC1	747	95236	127.4913	660	165.7831	330	165.7831
nuoK~~~ndhE	345	5975	17.3188	41	22.2988	20	21.7549
degQ	1428	229626	160.8025	1545	203.0099	772	202.8785
group_5177	213	752	3.5305	5	4.4046	2	3.5237
group_5178	237	1271	5.3629	10	7.9171	5	7.9171
group_5180	981	133859	136.4516	909	173.8648	454	173.6736
group_5181	360	14169	39.3583	95	49.5151	47	48.9939
apcECpcD	879	139864	159.1172	968	206.6347	484	206.6348
group_5184	1758	49242	28.0102	331	35.3286	165	35.2218
group_5185	729	63426	87.0041	391	100.6390	195	100.3816
holA	1128	89363	79.2225	607	100.9710	303	100.8046
pdxA	2418	264244	109.2821	1768	137.1964	884	137.1965
cpsB	1080	179273	165.9935	1224	212.6545	612	212.6545
group_5186	819	94773	115.7179	651	149.1468	325	148.9177
group_5188	136	467	3.4338	4	5.5187	2	5.5187
group_5189	258	301	1.1667	2	1.4545	1	1.4545
group_5192	156	0	0.0000	0	0.0000	0	0.0000
group_5194	762	58588	76.8871	399	98.2505	199	98.0043
group_5196	213	0	0.0000	0	0.0000	0	0.0000
group_5197	306	27817	90.9052	201	123.2513	100	122.6381
group_5199	678	19626	28.9469	137	37.9147	68	37.6380
group_5200	1284	13802	10.7492	92	13.4443	46	13.4443
group_5201	312	42367	135.7917	317	190.6433	158	190.0419
group_5202	252	321	1.2738	3	2.2338	1	1.4892
group_5204	537	9669	18.0056	68	23.7603	34	23.7603
group_5206	1608	20140	12.5249	134	15.6364	67	15.6364
group_5209	399	48022	120.3559	344	161.7717	172	161.7717
group_5212	549	18896	34.4189	129	44.0894	64	43.7476
group_5215	2670	17865	6.6910	119	8.3628	59	8.2925
group_5216	444	50101	112.8401	359	151.7149	179	151.2924
group_5219	1011	45668	45.1711	311	57.7200	155	57.5344
group_5220	1704	75293	44.1860	508	55.9385	254	55.9385
nuoI	405	63624	157.0963	464	214.9710	232	214.9710
group_5221	363	33442	92.1267	237	122.5063	118	121.9895
tic20	531	78910	148.6064	578	204.2444	289	204.2444
group_5225	270	6357	23.5444	52	36.1374	26	36.1374
egtD	1011	88706	87.7409	595	110.4289	297	110.2433
group_5228	276	6895	24.9819	50	33.9921	25	33.9921
group_5229	651	111549	171.3502	780	224.8177	390	224.8177
trpS	1035	66135	63.8986	451	81.7623	225	81.5810
group_5230	1326	5086	3.8356	34	4.8112	17	4.8112
group_5231	282	151	0.5355	1	0.6654	0	0.0000
group_5232	597	61381	102.8157	426	133.8912	213	133.8913
rfe	1110	174629	157.3234	1185	200.3144	592	200.1454
group_5235	969	88079	90.8968	596	115.4089	298	115.4089
frhA	1425	136559	95.8309	930	122.4574	465	122.4574
group_5242	321	594	1.8505	5	2.9227	2	2.3381
group_5243	315	12834	40.7429	90	53.6104	45	53.6104
group_5244	273	1096	4.0147	9	6.1858	4	5.4985
group_5245	825	4441	5.3830	30	6.8231	15	6.8231
ynbB	1254	116678	93.0447	778	116.4123	389	116.4123
hflC	816	12931	15.8468	90	20.6952	45	20.6952
group_5247	1623	49588	30.5533	334	38.6140	167	38.6140
group_5251	348	3016	8.6667	24	12.9404	12	12.9404
group_5252	444	11516	25.9369	81	34.2309	40	33.8083
group_5254	3324	19007	5.7181	125	7.0561	62	6.9997
group_5258	378	959	2.5370	8	3.9711	4	3.9711
group_5260	1188	18422	15.5067	129	20.3746	64	20.2167
group_5261	1812	74918	41.3455	505	52.2938	252	52.1902
group_5262	1098	50937	46.3907	347	59.2985	173	59.1277
chlP	195	0	0.0000	0	0.0000	0	0.0000
group_5263	138	189	1.3696	2	2.7194	1	2.7194
group_5264	1173	19484	16.6104	110	17.5959	55	17.5959
group_5265	504	4293	8.5179	30	11.1688	15	11.1688
group_5268	168	379	2.2560	3	3.3506	1	2.2338
group_5269	1761	248632	141.1880	1680	179.0057	840	179.0057
cpxP	501	55479	110.7365	409	153.1801	204	152.8056
group_5272	1002	22732	22.6866	154	28.8383	77	28.8383
group_5274	228	3952	17.3333	27	22.2201	13	21.3971
group_5277	126	130	1.0317	2	2.9784	1	2.9784
group_5276	1278	191468	149.8185	1293	189.8386	646	189.6918
group_5279	1098	18924	17.2350	135	23.0700	67	22.8992
psbK	192	12210	63.5938	92	89.9091	46	89.9091
group_5280	723	1045	1.4454	8	2.0762	4	2.0762
group_5281	729	0	0.0000	0	0.0000	0	0.0000
group_5284	1401	11607	8.2848	79	10.5805	39	10.4466
group_5286	1233	1581	1.2822	11	1.6740	5	1.5218
thrC	1110	179779	161.9631	1228	207.5832	614	207.5833
group_5291	537	88634	165.0540	625	218.3849	312	218.0355
group_5295	1230	191130	155.3902	1285	196.0265	642	195.8740
group_5296	1812	886	0.4890	6	0.6213	3	0.6213
htpG	2058	389995	189.5019	2625	239.3320	1312	239.2409
group_5297	192	8641	45.0052	65	63.5227	32	62.5454
pdxI	1179	189213	160.4860	1263	201.0048	631	200.8457
group_5304	1863	140820	75.5878	810	81.5810	405	81.5810
group_5306	2307	52135	22.5986	255	20.7400	127	20.6587
group_5308	462	791	1.7121	7	2.8430	3	2.4368
group_5310	387	8943	23.1085	64	31.0303	32	31.0303
mnhC	348	24412	70.1494	173	93.2790	86	92.7398
group_5312	273	903	3.3077	6	4.1239	3	4.1239
group_5313	1590	0	0.0000	0	0.0000	0	0.0000
xFP	2421	403582	166.7005	2704	209.5698	1352	209.5699
group_5316	696	3504	5.0345	25	6.7398	12	6.4702
rbsK	1098	156457	142.4927	1061	181.3134	530	181.1425
group_5322	234	15824	67.6239	114	91.4126	57	91.4126
group_5321	408	37356	91.5588	256	117.7326	128	117.7326
group_5325	942	147081	156.1369	1004	199.9860	502	199.9861
group_5327	171	3614	21.1345	32	35.1132	16	35.1132
group_5326	948	148075	156.1973	1060	209.8043	530	209.8043
proA	1248	206463	165.4351	1392	209.2866	696	209.2867
group_5328	816	11074	13.5711	77	17.7059	38	17.4759
group_5330	393	28836	73.3740	215	102.6509	107	102.1735
group_5331	1374	154746	112.6245	1051	143.5268	525	143.3902
group_5334	288	453	1.5729	3	1.9545	1	1.3030
group_5335	873	32596	37.3379	224	48.1449	112	48.1449
typA	1794	317924	177.2152	2139	223.7202	1069	223.6157
group_5336	1128	163923	145.3218	1112	184.9748	556	184.9748
group_5338	864	14757	17.0799	107	23.2374	53	23.0202
group_5340	426	24922	58.5023	184	81.0448	92	81.0448
ndh	1701	183092	107.6379	1234	136.1218	617	136.1218
group_5343	238	12256	51.4958	93	73.3201	46	72.5317
group_5344	1140	4340	3.8070	14	2.3043	7	2.3043
group_5345	489	21472	43.9100	150	57.5571	75	57.5572
ftsW	1218	223205	183.2553	1511	232.7738	755	232.6198
pstA	897	74920	83.5229	505	105.6369	252	105.4278
group_5350	3351	672022	200.5437	4504	252.1975	2252	252.1976
group_5351	216	569	2.6343	6	5.2121	3	5.2121
fAS1	588	70114	119.2415	479	152.8534	239	152.5343
livK	1616	292998	181.3106	1965	228.1592	982	228.0432
group_5352	939	7788	8.2939	54	10.7906	27	10.7906
group_5353	1356	197574	145.7035	1328	183.7618	664	183.7618
potA	1101	197304	179.2044	1351	230.2422	675	230.0718
group_5356	540	23118	42.8111	165	57.3333	82	56.9859
group_5359	1827	9443	5.1686	64	6.5729	32	6.5729
group_5362	738	40223	54.5027	275	69.9187	137	69.6644
group_5363	612	76443	124.9069	534	163.7219	267	163.7219
group_5365	1248	16276	13.0417	108	16.2378	54	16.2378
group_5367	1143	1671	1.4619	11	1.8058	5	1.6416
group_5368	264	932	3.5303	8	5.6859	4	5.6859
tagG	819	134090	163.7241	923	211.4631	461	211.2341
eVE	477	70443	147.6792	492	193.5368	246	193.5369
group_5377	318	38962	122.5220	284	167.5746	142	167.5746
group_5378	459	45055	98.1590	311	127.1348	155	126.7261
group_5380	333	11422	34.3003	81	45.6413	40	45.0778
group_5385	852	3899	4.5763	27	5.9462	13	5.7260
yebA	849	114476	134.8363	776	171.5027	388	171.5027
group_5386	336	19030	56.6369	134	74.8311	67	74.8312
group_5387	816	4815	5.9007	33	7.5882	16	7.3583
group_5389	156	1746	11.1923	15	18.0420	7	16.8392
group_5390	795	28810	36.2390	196	46.2600	98	46.2600
group_5391	135	446	3.3037	4	5.5596	2	5.5596
trhO	813	21883	26.9164	156	36.0040	78	36.0040
group_5392	2436	358360	147.1100	2396	184.5553	1198	184.5553
group_5394	1119	125538	112.1877	850	142.5298	425	142.5298
group_5403	1527	3770	2.4689	26	3.1949	13	3.1949
group_5398	684	98081	143.3933	661	181.3269	330	181.0526
group_5399	2463	61213	24.8530	418	31.8441	209	31.8441
group_5400	561	797	1.4207	5	1.6723	2	1.3379
group_5402	1188	211958	178.4158	1420	224.2791	710	224.2791
group_5404	195	11833	60.6821	86	82.7524	43	82.7524
group_5405	690	106615	154.5145	740	201.2331	370	201.2332
group_5410	822	127208	154.7543	881	201.1041	440	200.8759
group_5411	459	51598	112.4139	362	147.9833	181	147.9833
group_5414	168	247	1.4702	2	2.2338	1	2.2338
group_5419	309	3718	12.0324	30	18.2171	15	18.2171
rfbD	879	134791	153.3458	927	197.8827	463	197.6692
bioB	1095	188559	172.2000	1271	217.7952	635	217.6239
lspA	555	76026	136.9838	518	175.1272	259	175.1272
dadA	1194	189967	159.1013	1278	200.8369	639	200.8369
group_5422	945	58728	62.1460	400	79.4228	200	79.4228
group_5423	945	35305	37.3598	245	48.6464	122	48.4479
group_5424	999	15825	15.8408	108	20.2850	54	20.2850
group_5425	144	1201	8.3403	10	13.0303	5	13.0303
group_5430	330	596	1.8061	4	2.2744	2	2.2744
group_5432	327	1529	4.6758	11	6.3119	5	5.7381
bchB	1527	275748	180.5815	1869	229.6609	934	229.5381
group_5433	162	0	0.0000	0	0.0000	0	0.0000
group_5435	879	141788	161.3060	962	205.3540	481	205.3540
group_5437	1185	151	0.1274	1	0.1583	0	0.0000
group_5442	1338	69955	52.2833	468	65.6306	234	65.6306
group_5445	318	1362	4.2830	11	6.4906	5	5.9005
lCB5	1131	161827	143.0831	1087	180.3366	543	180.1707
group_5446	195	15773	80.8872	119	114.5063	59	113.5440
petM	267	11406	42.7191	89	62.5454	44	61.8427
yfcH	948	164107	173.1086	1121	221.8780	560	221.6801
group_5447	915	170857	186.7290	1170	239.9284	585	239.9284
group_5449	216	19409	89.8565	148	128.5656	74	128.5656
group_5450	456	0	0.0000	0	0.0000	0	0.0000
nuoF	1608	258831	160.9646	1755	204.7896	877	204.6730
group_5455	300	1127	3.7567	8	5.0036	4	5.0036
argB	942	134266	142.5329	918	182.8558	459	182.8558
plsC	921	138006	149.8436	934	190.2848	467	190.2848
group_5457	768	132837	172.9648	910	222.3295	455	222.3295
group_5458	993	74282	74.8056	494	93.3458	247	93.3458
group_5460	651	5994	9.2074	41	11.8173	20	11.5291
cysH	822	129212	157.1922	883	201.5607	441	201.3324
group_5463	261	5303	20.3180	39	28.0376	19	27.3187
group_5464	1032	4074	3.9477	28	5.0909	14	5.0909
group_5465	1188	39940	33.6195	202	31.9045	101	31.9045
group_5469	258	7118	27.5891	55	40.0000	27	39.2727
group_5471	222	12598	56.7477	89	75.2236	44	74.3784
psbY	120	1266	10.5500	16	25.0182	8	25.0182
group_5474	567	76444	134.8219	541	179.0322	270	178.7013
group_5478	849	628	0.7397	4	0.8840	2	0.8840
mobA	693	54902	79.2237	372	100.7225	186	100.7225
group_5484	564	75592	134.0284	519	172.6653	259	172.3327
group_5486	408	12031	29.4877	82	37.7112	41	37.7112
group_5488	609	39565	64.9672	276	85.0371	138	85.0372
add	1041	154941	148.8386	1067	192.3227	533	192.1425
ruvX	522	37711	72.2433	261	93.8182	130	93.4587
group_5490	255	1137	4.4588	10	7.3583	5	7.3583
group_5492	774	5648	7.2972	37	8.9697	18	8.7273
group_5493	1323	72130	54.5200	484	68.6440	242	68.6440
group_5494	1515	14646	9.6673	97	12.0137	48	11.8898
group_5495	918	40885	44.5370	280	57.2311	140	57.2311
sbcD	1356	228642	168.6150	1546	213.9275	773	213.9276
group_5501	447	4272	9.5570	30	12.5930	15	12.5930
group_5502	159	186	1.1698	2	2.3602	1	2.3602
group_5503	243	16407	67.5185	115	88.7991	57	88.0269
mtnB	636	91470	143.8208	633	186.7512	316	186.4562
mrr	945	135844	143.7503	916	181.8782	458	181.8782
group_5505	255	0	0.0000	0	0.0000	0	0.0000
group_5506	759	18887	24.8841	128	31.6435	64	31.6435
group_5507	792	23404	29.5505	160	37.9063	80	37.9063
group_5508	600	8900	14.8333	64	20.0145	32	20.0145
group_5509	354	1236	3.4915	9	4.7704	4	4.2404
group_5510	882	107466	121.8435	748	159.1292	374	159.1292
group_5511	525	52821	100.6114	369	131.8815	184	131.5241
vapB6	306	13987	45.7092	96	58.8663	48	58.8663
group_5513	363	26318	72.5014	201	103.8978	100	103.3809
group_5515	567	31959	56.3651	226	74.7898	113	74.7898
group_5517	951	125200	131.6509	846	166.9194	423	166.9194
hdrB	948	137849	145.4103	953	188.6259	476	188.4281
rlmL	1164	199836	171.6804	1356	218.5866	678	218.5867
fkpA	519	66914	128.9287	465	168.1135	232	167.7519
group_5519	258	23854	92.4574	170	123.6363	85	123.6363
group_5521	837	15915	19.0143	115	25.7804	57	25.5562
group_5524	306	10623	34.7157	76	46.6025	38	46.6025
group_5526	288	2431	8.4410	17	11.0758	8	10.4242
group_5527	234	3047	13.0214	25	20.0466	12	19.2448
group_5529	1083	3451	3.1865	23	3.9849	11	3.8116
group_5530	372	8436	22.6774	60	30.2639	30	30.2639
fixC	1302	193098	148.3088	1315	189.5098	657	189.3657
group_5533	678	17097	25.2168	120	33.2100	60	33.2100
mraY	1101	158714	144.1544	1079	183.8870	539	183.7166
group_5534	393	25751	65.5242	174	83.0756	87	83.0756
group_5535	297	13905	46.8182	97	61.2819	48	60.6501
group_5537	363	30983	85.3526	221	114.2359	110	113.7190
group_5541	279	5869	21.0358	45	30.2639	22	29.5914
uppS	750	115283	153.7107	797	199.3948	398	199.1447
lysA	1404	239567	170.6318	1602	214.0978	801	214.0979
group_5546	504	15625	31.0020	109	40.5801	54	40.2078
group_5547	165	0	0.0000	0	0.0000	0	0.0000
group_5548	804	69655	86.6356	476	111.0882	238	111.0882
group_5549	231	6349	27.4848	46	37.3648	23	37.3648
erfK	513	64372	125.4815	455	166.4221	227	166.0563
udg4	678	102630	151.3717	711	196.7690	355	196.4923
group_5550	1989	48367	24.3172	325	30.6595	162	30.5652
group_5551	4824	246032	51.0017	1550	60.2894	775	60.2895
group_5552	555	48199	86.8450	338	114.2722	169	114.2722
mnmE	1374	76621	55.7649	514	70.1929	257	70.1929
group_5553	399	14775	37.0301	99	46.5564	49	46.0861
group_5554	837	18397	21.9797	129	28.9189	64	28.6947
group_5555	636	66501	104.5613	448	132.1715	224	132.1715
group_5556	418	13855	33.1459	108	48.4802	54	48.4802
group_5559	255	528	2.0706	4	2.9433	2	2.9433
group_5558	1173	180147	153.5780	1206	192.9151	603	192.9151
group_5560	258	11975	46.4147	81	58.9091	40	58.1818
group_5561	273	10178	37.2821	81	55.6723	40	54.9850
group_5562	621	3521	5.6699	25	7.5538	12	7.2516
group_5568	222	630	2.8378	5	4.2260	2	3.3808
group_5565	531	4285	8.0697	29	10.2476	14	9.8942
group_5569	2070	10755	5.1957	74	6.7078	37	6.7078
group_5574	210	15562	74.1048	111	99.1792	55	98.2857
group_5575	213	5777	27.1221	39	34.3559	19	33.4750
group_5578	243	4121	16.9588	28	21.6206	14	21.6206
group_5580	306	7282	23.7974	51	31.2727	25	30.6595
group_5582	417	5348	12.8249	39	17.5487	19	17.0988
group_5584	759	127143	167.5138	876	216.5605	438	216.5605
group_5585	216	16357	75.7269	120	104.2424	60	104.2424
group_5586	168	431	2.5655	4	4.4675	2	4.4675
group_5587	3207	9303	2.9008	62	3.6275	31	3.6275
group_5589	345	28612	82.9333	198	107.6869	99	107.6869
group_5590	336	12593	37.4792	94	52.4935	47	52.4935
group_5592	690	26450	38.3333	183	49.7644	91	49.4925
group_5593	189	524	2.7725	5	4.9639	2	3.9711
group_5594	147	0	0.0000	0	0.0000	0	0.0000
group_5595	267	9238	34.5993	64	44.9765	32	44.9765
group_5597	234	1503	6.4231	12	9.6224	6	9.6224
group_5598	273	0	0.0000	0	0.0000	0	0.0000
group_5599	297	384	1.2929	3	1.8953	1	1.2635
psbN	237	4454	18.7932	32	25.3349	16	25.3349
psbN~~~psbN1	132	0	0.0000	0	0.0000	0	0.0000
group_5602	447	36079	80.7136	253	106.2013	126	105.7816
group_5604	387	40888	105.6537	291	141.0909	145	140.6060
group_5606	388	36169	93.2191	257	124.2849	128	123.8013
group_5607	450	151	0.3356	1	0.4170	0	0.0000
group_5611	258	4887	18.9419	36	26.1818	18	26.1818
cpcT2	603	86821	143.9818	609	189.5033	304	189.1922
group_5613	747	102071	136.6412	702	176.3329	351	176.3329
sunT	2667	446781	167.5219	2943	207.0542	1471	206.9839
surA	735	4274	5.8150	31	7.9139	15	7.6586
ftsQ	885	21046	23.7808	144	30.5307	72	30.5307
group_5617	450	4719	10.4867	33	13.7600	16	13.3430
group_5619	741	2608	3.5196	18	4.5580	9	4.5580
group_5620	1059	163039	153.9556	1105	195.7867	552	195.6096
group_5622	621	12353	19.8921	86	25.9851	43	25.9851
group_5624	357	18248	51.1148	126	66.2246	63	66.2246
ffh	1446	239204	165.4246	1616	209.6959	808	209.6959
group_5625	276	252	0.9130	2	1.3597	1	1.3597
group_5629	180	239	1.3278	2	2.0848	1	2.0848
group_5630	429	5007	11.6713	35	15.3083	17	14.8709
group_5631	432	2369	5.4838	17	7.3838	8	6.9495
group_5632	366	19123	52.2486	131	67.1594	65	66.6468
nifU	237	19749	83.3291	140	110.8400	70	110.8400
group_5633	246	18469	75.0772	132	100.6829	66	100.6829
group_5635	720	10399	14.4431	70	18.2424	35	18.2424
group_5636	642	11384	17.7321	77	22.5047	38	22.2124
group_5638	420	20301	48.3357	143	63.8857	71	63.4390
group_19150	171	1256	7.3450	10	10.9729	5	10.9729
group_5642	138	779	5.6449	8	10.8775	4	10.8775
group_5643	378	17235	45.5952	121	60.0635	60	59.5671
group_5644	447	1666	3.7271	13	5.4570	6	5.0372
uppP	951	98919	104.0158	676	133.3776	338	133.3777
ulaG	849	79026	93.0813	543	120.0077	271	119.7867
group_5652	276	13525	49.0036	93	63.2253	46	62.5454
group_5653	2013	53248	26.4521	344	32.0650	172	32.0650
group_5655	303	0	0.0000	0	0.0000	0	0.0000
group_5656	237	0	0.0000	0	0.0000	0	0.0000
group_5657	1131	604	0.5340	4	0.6636	2	0.6636
group_5659	822	3045	3.7044	21	4.7936	10	4.5654
group_5664	354	21795	61.5678	149	78.9769	74	78.4468
group_5665	234	589	2.5171	4	3.2075	2	3.2075
group_5666	198	0	0.0000	0	0.0000	0	0.0000
group_5668	351	18717	53.3248	132	70.5641	66	70.5641
cbiQ	813	124637	153.3050	842	194.3294	421	194.3294
group_5671	387	27865	72.0026	205	99.3939	102	98.9091
group_5673	138	763	5.5290	6	8.1581	3	8.1581
group_5676	1935	12068	6.2367	81	7.8545	40	7.7576
group_5678	3450	79764	23.1200	539	29.3148	269	29.2604
ftsH	1908	327392	171.5891	2203	216.6472	1101	216.5489
group_5682	2871	26575	9.2564	177	11.5680	88	11.5026
group_5681	363	1159	3.1928	9	4.6521	4	4.1352
trmFO	1338	160247	119.7661	1097	153.8393	548	153.6991
group_5684	933	0	0.0000	0	0.0000	0	0.0000
aslA	2457	264924	107.8242	1778	135.7824	889	135.7824
group_5692	423	19797	46.8014	138	61.2147	69	61.2147
group_5694	891	161629	181.4018	1100	231.6498	550	231.6498
group_5695	246	1262	5.1301	10	7.6275	5	7.6275
group_5696	375	27893	74.3813	186	93.0676	93	93.0676
group_5697	417	52965	127.0144	365	164.2380	182	163.7881
group_5699	1320	137283	104.0023	937	133.1933	468	133.0512
ftsH2	1887	389778	206.5596	2631	261.6169	1315	261.5175
group_5701	864	30764	35.6065	186	40.3939	93	40.3939
group_5702	1149	195840	170.4439	1301	212.4585	650	212.2952
group_5704	195	447	2.2923	3	2.8867	1	1.9245
yrpB	1575	186885	118.6571	1257	149.7516	628	149.6325
group_5707	489	2799	5.7239	16	6.1394	8	6.1394
group_5708	1098	9358	8.5228	62	10.5951	31	10.5951
rlpA	906	119122	131.4812	824	170.6538	412	170.6538
group_5712	123	0	0.0000	0	0.0000	0	0.0000
group_5714	396	3884	9.8081	29	13.7410	14	13.2672
group_5715	243	12863	52.9342	97	74.9001	48	74.1279
flgJ	1551	68174	43.9549	458	55.4078	229	55.4078
group_5721	816	35826	43.9044	248	57.0267	124	57.0267
group_5719	1017	4183	4.1131	28	5.1660	14	5.1660
group_5720	1173	7216	6.1517	52	8.3181	26	8.3181
group_5722	666	113769	170.8243	794	223.6985	397	223.6986
group_5723	165	599	3.6303	4	4.5488	2	4.5488
group_5727	1233	4444	3.6042	31	4.7175	15	4.5654
group_5729	528	7603	14.3996	53	18.8347	26	18.4793
sSL2	1515	289543	191.1175	1955	242.1313	977	242.0075
yciI	267	12640	47.3408	89	62.5454	44	61.8427
group_5731	1521	218917	143.9297	1469	181.2214	734	181.0981
group_5733	1677	69515	41.4520	464	51.9161	232	51.9161
group_5736	1176	176060	149.7109	1198	191.1465	599	191.1465
group_5735	1302	195391	150.0699	1330	191.6715	665	191.6715
group_5737	4032	694643	172.2825	4617	214.8603	2308	214.8138
bcsA	1185	162374	137.0245	1098	173.8605	549	173.8605
group_5740	216	1252	5.7963	10	8.6869	5	8.6869
rbcS	1965	361289	183.8621	2401	229.2696	1200	229.1742
group_5741	1287	166456	129.3364	1115	162.5598	557	162.4140
mutS2	2370	482575	203.6181	3248	257.1488	1624	257.1489
group_5743	807	9558	11.8439	67	15.5782	33	15.3457
cHASE3	1425	237364	166.5712	1602	210.9427	801	210.9427
group_5745	1413	214214	151.6023	1453	192.9480	726	192.8153
yqiK	1338	242944	181.5725	1639	229.8475	819	229.7073
group_5750	135	926	6.8593	8	11.1192	4	11.1192
group_5751	768	101786	132.5339	695	169.8011	347	169.5568
nfnB	1515	249080	164.4092	1691	209.4343	845	209.3105
purU	855	132478	154.9450	890	195.3173	445	195.3174
nifJ	3555	693830	195.1702	4634	244.5870	2317	244.5870
group_5752	1194	26522	22.2127	180	28.2869	90	28.2869
ycbJ	1170	59440	50.8034	401	64.3095	200	64.1492
group_5756	306	0	0.0000	0	0.0000	0	0.0000
group_5758	1455	108926	74.8632	728	93.8826	364	93.8826
group_5759	870	132136	151.8805	901	194.3222	450	194.1066
group_5760	342	14221	41.5819	103	56.5103	51	55.9617
group_5761	420	38555	91.7976	261	116.6026	130	116.1558
urtA	1317	220994	167.8011	1510	215.1335	755	215.1335
sasA	1155	194793	168.6519	1310	212.8169	655	212.8170
group_5767	3117	53436	17.1434	349	21.0090	174	20.9488
group_5768	3156	371087	117.5814	2485	147.7428	1242	147.6834
group_5770	1128	106794	94.6755	725	120.5996	362	120.4333
group_5771	264	0	0.0000	0	0.0000	0	0.0000
group_5772	1029	78378	76.1691	531	96.8269	265	96.6446
group_5773	1215	5213	4.2905	37	5.7140	18	5.5596
radC	765	123986	162.0732	848	207.9942	424	207.9943
group_5775	1014	162454	160.2110	1116	206.5110	558	206.5110
fAU1	600	91894	153.1567	632	197.6436	316	197.6436
group_5776	432	48321	111.8542	339	147.2424	169	146.8081
group_5777	708	11208	15.8305	79	20.9368	39	20.6718
group_5778	1365	7760	5.6850	52	7.1480	26	7.1481
group_5779	651	115907	178.0445	828	238.6526	414	238.6527
wcaJ	999	162311	162.4735	1112	208.8604	556	208.8605
rnd	840	112499	133.9274	769	171.7766	384	171.5532
group_5780	213	416	1.9531	4	3.5237	2	3.5237
group_5781	987	57880	58.6424	392	74.5222	196	74.5222
group_5782	379	33911	89.4749	245	121.2952	122	120.8002
group_5783	696	84503	121.4124	574	154.7460	287	154.7461
group_5785	939	44167	47.0362	300	59.9477	150	59.9477
glyQ	912	146463	160.5954	1028	211.5023	514	211.5024
group_5791	363	9736	26.8209	72	37.2171	36	37.2171
group_5793	2634	92255	35.0247	630	44.8788	315	44.8789
group_5797	1167	10752	9.2134	73	11.7373	36	11.5765
group_5801	807	5129	6.3556	34	7.9054	17	7.9054
group_5802	891	3038	3.4097	21	4.4224	10	4.2118
group_5803	195	688	3.5282	6	5.7734	3	5.7734
mscS	1062	170868	160.8927	1167	206.1879	583	206.0113
group_5805	318	34442	108.3082	253	149.2830	126	148.6929
group_5806	1026	30957	30.1725	210	38.4051	105	38.4051
ilvC	993	172167	173.3807	1182	223.3496	591	223.3496
group_5807	249	651	2.6145	5	3.7678	2	3.0142
pilM	1200	154684	128.9033	1032	161.3672	516	161.3673
group_5809	1305	22851	17.5103	147	21.1360	73	20.9923
group_5810	765	1743	2.2784	12	2.9433	6	2.9433
group_5811	1041	12821	12.3160	86	15.5012	43	15.5012
group_5815	477	35125	73.6373	236	92.8347	118	92.8347
group_5818	255	595	2.3333	4	2.9433	2	2.9433
group_5819	183	3069	16.7705	26	26.6587	13	26.6587
group_5821	189	0	0.0000	0	0.0000	0	0.0000
group_5822	978	1661	1.6984	11	2.1104	5	1.9186
group_5823	984	80539	81.8486	552	105.2594	276	105.2594
group_5824	1182	47726	40.3773	328	52.0683	164	52.0683
group_5825	375	15032	40.0853	106	53.0385	53	53.0385
group_5827	852	5780	6.7840	40	8.8092	20	8.8092
group_5828	1938	11498	5.9329	78	7.5519	39	7.5519
group_5830	726	2175	2.9959	14	3.6183	7	3.6183
group_5832	564	12017	21.3067	81	26.9478	40	26.6151
group_5837	540	59119	109.4796	406	141.0747	203	141.0747
group_5839	453	13217	29.1766	96	39.7640	48	39.7640
group_5840	849	10858	12.7892	73	16.1336	36	15.9126
glmU	1377	109986	79.8736	751	102.3347	375	102.1984
group_5841	165	875	5.3030	7	7.9603	3	6.8231
group_5842	567	40743	71.8571	281	92.9908	140	92.6599
group_5843	207	0	0.0000	0	0.0000	0	0.0000
petG	117	554	4.7350	6	9.6224	3	9.6224
ftrB	366	57450	156.9672	412	211.2190	206	211.2190
lptA	573	47923	83.6353	317	103.8058	158	103.4783
group_5845	14469	375940	25.9824	2489	32.2778	1244	32.2648
group_5846	522	53838	103.1379	376	135.1557	188	135.1557
hypD	1248	206011	165.0729	1384	208.0839	692	208.0839
comFC	648	104029	160.5386	718	207.9057	359	207.9057
group_5848	669	15674	23.4290	107	30.0106	53	29.7301
mtnX	753	104966	139.3971	722	179.9116	361	179.9116
group_5852	441	63670	144.3764	442	188.0618	221	188.0618
group_5853	420	16529	39.3548	118	52.7169	59	52.7169
group_5854	102	599	5.8725	9	16.5561	4	14.7166
sixA	495	67885	137.1414	483	183.0875	241	182.7085
group_5855	456	32958	72.2763	225	92.5837	112	92.1722
group_5856	429	9602	22.3823	69	30.1793	34	29.7419
group_5858	198	3490	17.6263	28	26.5344	14	26.5344
group_5861	408	31650	77.5735	226	103.9358	113	103.9358
yvaK	654	71032	108.6116	491	140.8707	245	140.5838
group_5863	1308	755	0.5772	5	0.7173	2	0.5738
group_5864	1293	604	0.4671	4	0.5805	2	0.5805
group_5866	387	4589	11.8579	34	16.4848	17	16.4848
group_5867	378	4186	11.0741	29	14.3954	14	13.8990
group_5868	2190	1054	0.4813	7	0.5998	3	0.5141
group_5870	354	26234	74.1073	189	100.1787	94	99.6487
group_5871	375	1006	2.6827	7	3.5025	3	3.0022
group_5872	363	15190	41.8457	110	56.8595	55	56.8595
group_5874	330	9553	28.9485	76	43.2132	38	43.2132
group_5876	309	6992	22.6278	48	29.1474	24	29.1474
group_5878	1713	21781	12.7151	146	15.9924	73	15.9924
group_5879	123	361	2.9350	4	6.1020	2	6.1020
group_5880	240	19169	79.8708	137	107.1091	68	106.3273
group_5881	180	557	3.0944	5	5.2121	2	4.1697
group_5883	1419	0	0.0000	0	0.0000	0	0.0000
group_5887	246	3130	12.7236	23	17.5432	11	16.7805
group_5891	210	0	0.0000	0	0.0000	0	0.0000
group_5892	246	6441	26.1829	46	35.0865	23	35.0865
nifS	401	38122	95.0673	268	125.4028	134	125.4028
group_5894	303	6056	19.9868	44	27.2475	22	27.2475
group_5898	390	38851	99.6179	270	129.9021	135	129.9021
group_5899	354	1445	4.0819	10	5.3005	5	5.3005
group_5900	330	7033	21.3121	52	29.5669	26	29.5669
group_5902	390	19423	49.8026	130	62.5454	65	62.5454
group_5903	258	965	3.7403	7	5.0909	3	4.3636
group_5904	339	14668	43.2684	103	57.0104	51	56.4570
group_5908	366	29068	79.4208	226	115.8629	113	115.8629
group_5909	195	9149	46.9179	66	63.5077	33	63.5077
group_5910	1047	163176	155.8510	1118	200.3604	559	200.3605
group_5912	513	453	0.8830	3	1.0973	1	0.7315
group_5913	444	0	0.0000	0	0.0000	0	0.0000
group_5914	858	27118	31.6061	174	38.0521	87	38.0521
moaC	525	77714	148.0267	540	192.9973	270	192.9974
group_5921	333	2351	7.0601	19	10.7060	9	10.1425
group_5920	477	36167	75.8218	248	97.5551	124	97.5552
group_5924	390	26759	68.6128	187	89.9692	93	89.4881
group_5926	381	21279	55.8504	148	72.8876	74	72.8876
group_5927	414	10115	24.4324	70	31.7259	35	31.7260
group_5928	345	0	0.0000	0	0.0000	0	0.0000
group_5929	993	45788	46.1108	317	59.9000	158	59.7111
group_5931	3021	13257	4.3883	89	5.5278	44	5.4657
group_5932	1152	11863	10.2977	79	12.8674	39	12.7045
murB	879	4243	4.8271	31	6.6174	15	6.4040
group_5933	417	15404	36.9400	110	49.4964	55	49.4964
group_5935	510	15663	30.7118	104	38.2631	52	38.2631
group_5938	1635	3692	2.2581	25	2.8691	12	2.7543
group_5939	558	0	0.0000	0	0.0000	0	0.0000
group_5940	393	207	0.5267	2	0.9549	1	0.9549
group_5941	666	8054	12.0931	56	15.7772	28	15.7772
phaE	1161	188256	162.1499	1269	205.0908	634	204.9293
group_5945	1275	204118	160.0925	1370	201.6171	685	201.6171
group_5946	1065	3726	3.4986	27	4.7570	13	4.5808
group_5951	801	75422	94.1598	519	121.5771	259	121.3428
hugZ	282	8092	28.6950	54	35.9304	27	35.9304
group_5954	5100	604444	118.5184	4039	148.6006	2019	148.5638
atpD	1410	41245	29.2518	278	36.9950	139	36.9950
group_5955	1350	394	0.2919	4	0.5560	2	0.5560
group_5956	1320	3275	2.4811	22	3.1273	11	3.1273
group_5960	216	5678	26.2870	43	37.3535	21	36.4848
group_5961	129	501	3.8837	5	7.2727	2	5.8182
group_5963	909	302	0.3322	2	0.4128	1	0.4128
group_5964	1071	3727	3.4799	25	4.3799	12	4.2047
group_5965	1758	523	0.2975	4	0.4269	2	0.4269
group_5966	1092	32568	29.8242	220	37.8022	110	37.8022
group_5967	1200	2869	2.3908	19	2.9709	9	2.8145
group_5968	1134	5642	4.9753	40	6.6186	20	6.6186
group_5969	987	312	0.3161	2	0.3802	1	0.3802
group_5971	942	155292	164.8535	1066	212.3358	533	212.3358
group_5973	1134	194733	171.7222	1336	221.0601	668	221.0601
dacB	936	82584	88.2308	566	113.4638	283	113.4639
group_5974	285	28313	99.3439	207	136.2832	103	135.6249
group_5975	627	4546	7.2504	33	9.8756	16	9.5763
group_5976	1764	159363	90.3418	1075	114.3475	537	114.2412
rpsJ	384	45793	119.2526	329	160.7613	164	160.2727
fusA	1443	189434	131.2779	1283	166.8312	641	166.7012
group_5978	1482	293961	198.3543	1996	252.7139	998	252.7140
group_5980	1038	18994	18.2987	128	23.1382	64	23.1382
glgP	2616	174858	66.8417	1167	83.7047	583	83.6330
group_5981	654	70263	107.4358	492	141.1576	246	141.1576
group_5983	2712	312375	115.1825	2081	143.9790	1040	143.9099
group_5984	879	38879	44.2309	264	56.3549	132	56.3549
group_5985	1203	108427	90.1305	729	113.7048	364	113.5488
group_5986	381	20164	52.9239	132	65.0079	66	65.0079
group_5987	243	922	3.7942	7	5.4052	3	4.6330
yobV	882	115757	131.2438	792	168.4897	396	168.4898
group_5988	1389	12574	9.0526	84	11.3473	42	11.3473
group_5989	1164	4758	4.0876	32	5.1584	16	5.1584
group_5992	1173	157374	134.1637	1061	169.7205	530	169.5605
sPS1	1425	229053	160.7389	1525	200.8038	762	200.6721
group_5993	537	9641	17.9534	68	23.7603	34	23.7603
group_5994	729	75865	104.0672	521	134.0995	260	133.8421
group_5995	1440	0	0.0000	0	0.0000	0	0.0000
group_5997	852	61934	72.6925	424	93.3777	212	93.3777
group_5998	1425	149232	104.7242	995	131.0162	497	130.8846
group_6001	654	7333	11.2125	49	14.0584	24	13.7715
group_6002	306	34011	111.1471	249	152.6844	124	152.0713
group_6008	363	26280	72.3967	185	95.6273	92	95.1104
group_6009	813	0	0.0000	0	0.0000	0	0.0000
group_6011	96	0	0.0000	0	0.0000	0	0.0000
group_6013	351	5555	15.8262	37	19.7793	18	19.2448
group_6014	669	26115	39.0359	177	49.6437	88	49.3632
group_6017	297	5716	19.2458	43	27.1662	21	26.5344
psbP	549	77241	140.6940	543	185.5856	271	185.2439
group_6018	148	144	0.9730	1	1.2678	0	0.0000
group_6021	435	26860	61.7471	183	78.9367	91	78.5053
group_6023	780	2756	3.5333	18	4.3301	9	4.3301
group_6025	1629	76565	47.0012	506	58.2836	253	58.2836
group_6029	966	3141	3.2516	21	4.0791	10	3.8848
group_6030	1731	190717	110.1774	1278	138.5322	639	138.5322
amtB~~~amt	1560	163972	105.1103	1107	133.1496	553	133.0294
group_6032	696	16180	23.2471	112	30.1943	56	30.1944
group_6034	291	23514	80.8041	169	108.9709	84	108.3261
group_6035	915	128329	140.2503	857	175.7424	428	175.5374
group_6038	306	5664	18.5098	42	25.7540	21	25.7540
group_6039	198	4446	22.4545	31	29.3774	15	28.4297
group_6042	282	12624	44.7660	90	59.8839	45	59.8839
group_6043	471	50203	106.5881	364	145.0098	182	145.0098
group_6044	444	31597	71.1644	222	93.8182	111	93.8182
group_6045	351	7725	22.0085	56	29.9363	28	29.9363
group_6047	6405	638778	99.7311	4224	123.7433	2112	123.7433
entF2	3900	441078	113.0969	2928	140.8716	1464	140.8716
group_6048	540	20445	37.8611	142	49.3414	71	49.3414
group_6050	420	14377	34.2310	113	50.4831	56	50.0364
group_6051	1188	417193	351.1726	2782	439.3975	1391	439.3976
group_6052	1377	132250	96.0421	894	121.8205	447	121.8205
fabF	1251	221224	176.8377	1507	226.0335	753	225.8836
group_6053	228	0	0.0000	0	0.0000	0	0.0000
group_6054	723	128202	177.3195	874	226.8245	437	226.8246
group_6055	561	45617	81.3137	310	103.6849	155	103.6850
group_6056	558	3216	5.7634	24	8.0704	12	8.0704
znuC	744	113628	152.7258	777	195.9589	388	195.7067
group_6062	1698	114845	67.6355	772	85.3093	386	85.3093
group_6065	501	37401	74.6527	262	98.1252	131	98.1252
group_6066	309	17213	55.7055	121	73.4757	60	72.8685
group_6067	714	11957	16.7465	71	18.6585	35	18.3957
group_6068	213	0	0.0000	0	0.0000	0	0.0000
group_6069	126	1185	9.4048	12	17.8701	6	17.8701
group_6070	211	1683	7.9763	14	12.4498	7	12.4498
group_6071	528	65688	124.4091	471	167.3801	235	167.0248
group_6072	309	27662	89.5210	189	114.7678	94	114.1606
group_6073	426	12795	30.0352	89	39.2010	44	38.7606
tenA	627	31352	50.0032	218	65.2388	109	65.2388
group_6076	378	8806	23.2963	59	29.2871	29	28.7908
group_6079	369	2665	7.2222	20	10.1700	10	10.1700
group_6081	309	4173	13.5049	32	19.4316	16	19.4316
group_6082	492	32868	66.8049	236	90.0044	118	90.0044
group_6083	270	1167	4.3222	8	5.5596	4	5.5596
group_6084	2667	128128	48.0420	857	60.2941	428	60.2237
group_6086	444	0	0.0000	0	0.0000	0	0.0000
group_6089	1215	63775	52.4897	433	66.8696	216	66.7151
group_6090	2271	1505	0.6627	10	0.8262	5	0.8262
group_6091	237	4073	17.1857	29	22.9597	14	22.1680
group_6092	1554	78830	50.7272	534	64.4773	267	64.4774
group_6093	153	446	2.9150	3	3.6791	1	2.4528
group_6096	1539	2216	1.4399	15	1.8288	7	1.7069
group_15591	1167	1208	1.0351	8	1.2863	4	1.2863
group_6099	603	0	0.0000	0	0.0000	0	0.0000
group_6100	387	46690	120.6460	326	158.0606	163	158.0606
rfaL	1287	216616	168.3108	1468	214.0249	734	214.0250
group_6103	978	152830	156.2679	1042	199.9152	521	199.9152
group_6104	1065	86184	80.9239	582	102.5393	291	102.5393
group_6105	1269	48292	38.0552	334	49.3858	167	49.3858
group_6106	600	53661	89.4350	377	117.8981	188	117.5854
group_6108	741	44818	60.4831	304	76.9790	152	76.9790
group_6109	327	26617	81.3976	187	107.3027	93	106.7289
group_6116	597	378	0.6332	4	1.2572	2	1.2572
group_6117	669	1064	1.5904	8	2.2438	4	2.2438
group_6118	90	0	0.0000	0	0.0000	0	0.0000
group_6121	1776	251490	141.6047	1700	179.6068	850	179.6069
group_6122	636	3734	5.8711	27	7.9657	13	7.6707
group_6125	1443	229447	159.0069	1542	200.5095	771	200.5095
group_6126	114	308	2.7018	4	6.5837	2	6.5837
group_6127	360	5065	14.0694	37	19.2848	18	18.7636
group_6128	564	590	1.0461	4	1.3308	2	1.3308
group_6129	1677	7364	4.3912	50	5.5944	25	5.5944
group_6132	573	73787	128.7731	523	171.2632	261	170.9357
group_6141	240	0	0.0000	0	0.0000	0	0.0000
group_6136	1203	203337	169.0249	1384	215.8675	692	215.8676
group_6135	1338	216342	161.6906	1465	205.4463	732	205.3061
group_6140	216	0	0.0000	0	0.0000	0	0.0000
group_6143	333	6912	20.7568	51	28.7371	25	28.1736
group_6144	291	7371	25.3299	52	33.5295	26	33.5295
group_6145	813	18695	22.9951	127	29.3110	63	29.0802
udk	1002	137583	137.3084	940	176.0261	470	176.0261
group_6149	801	81617	101.8939	559	130.9472	279	130.7130
group_6152	648	1684	2.5988	12	3.4747	6	3.4747
group_6153	975	14125	14.4872	97	18.6674	48	18.4750
group_6154	1071	147367	137.5976	1011	177.1245	505	176.9493
group_6157	276	5990	21.7029	41	27.8735	20	27.1937
gshA	1155	172089	148.9948	1171	190.2356	585	190.0732
group_6160	630	89751	142.4619	612	182.2753	306	182.2753
hpnH	1062	204135	192.2175	1377	243.2911	688	243.1145
group_6161	1602	22722	14.1835	152	17.8032	76	17.8032
group_6162	1032	136407	132.1773	929	168.9090	464	168.7272
group_6163	1857	268855	144.7792	1817	183.5946	908	183.4936
yfcE	813	106873	131.4551	741	171.0191	370	170.7883
cysS	1440	36455	25.3160	245	31.9242	122	31.7939
group_6166	246	0	0.0000	0	0.0000	0	0.0000
group_6169	1284	33261	25.9042	225	32.8802	112	32.7341
group_6170	798	151	0.1892	1	0.2351	0	0.0000
ispE	942	174304	185.0361	1194	237.8320	597	237.8320
ureD	813	115657	142.2595	785	181.1740	392	180.9433
crcB	414	43400	104.8309	317	143.6732	158	143.2200
group_6172	933	18868	20.2229	129	25.9433	64	25.7422
asnS	1365	271942	199.2249	1843	253.3434	921	253.2060
group_6177	1236	20373	16.4830	139	21.1015	69	20.9497
group_6178	912	0	0.0000	0	0.0000	0	0.0000
group_6179	780	120339	154.2808	839	201.8293	419	201.5888
era	957	169994	177.6322	1163	228.0261	581	227.8301
group_6180	699	54916	78.5637	384	103.0792	192	103.0792
group_6182	384	2362	6.1510	17	8.3068	8	7.8182
livG	774	115036	148.6253	781	189.3333	390	189.0909
thiL	969	175364	180.9742	1195	231.3987	597	231.2051
group_6187	750	1840	2.4533	13	3.2524	6	3.0022
group_6190	630	1779	2.8238	12	3.5740	6	3.5740
group_6191	699	2112	3.0215	17	4.5634	8	4.2950
group_6192	489	6544	13.3824	47	18.0346	23	17.6509
group_6193	201	2206	10.9751	20	18.6703	10	18.6703
group_6195	1518	62507	41.1772	421	52.0388	210	51.9152
group_6196	543	1755	3.2320	12	4.1467	6	4.1467
virD4	2043	9508	4.6539	65	5.9698	32	5.8780
group_6198	5901	4508	0.7639	30	0.9539	15	0.9539
group_6199	462	15231	32.9675	107	43.4569	53	43.0508
group_6201	717	34711	48.4114	241	63.0688	120	62.8071
group_6202	663	96934	146.2051	670	189.6174	335	189.6174
group_6205	543	17697	32.5912	123	42.5033	61	42.1577
group_6206	261	729	2.7931	5	3.5946	2	2.8757
group_6207	234	3979	17.0043	28	22.4522	14	22.4522
group_6208	234	151	0.6453	1	0.8019	0	0.0000
murG	1095	171702	156.8055	1156	198.0891	578	198.0891
group_6210	939	92258	98.2513	634	126.6895	317	126.6895
group_6213	339	15914	46.9440	115	63.6524	57	63.0989
group_6214	519	54475	104.9615	375	135.5754	187	135.2139
group_6215	2022	1057	0.5227	7	0.6496	3	0.5568
group_6221	210	742	3.5333	7	6.2545	3	5.3610
group_6219	417	9996	23.9712	71	31.9477	35	31.4977
group_6220	1086	37563	34.5884	256	44.2310	128	44.2310
group_6222	3051	5001	1.6391	36	2.2140	18	2.2140
group_6227	369	35901	97.2927	264	134.2439	132	134.2439
group_6229	267	4262	15.9625	30	21.0827	15	21.0827
group_6230	108	108	1.0000	1	1.7374	0	0.0000
group_6231	303	13100	43.2343	89	55.1143	44	54.4950
group_6233	417	877	2.1031	7	3.1498	3	2.6998
group_6234	918	151029	164.5196	1021	208.6892	510	208.4848
group_6236	360	11510	31.9722	83	43.2606	41	42.7394
group_19117	381	708	1.8583	6	2.9549	3	2.9549
group_6241	249	8797	35.3293	62	46.7207	31	46.7207
group_6240	1041	102422	98.3881	700	126.1723	350	126.1724
desA	1071	147216	137.4566	998	174.8469	499	174.8469
group_6242	1392	26737	19.2076	180	24.2633	90	24.2633
group_6243	399	41116	103.0476	301	141.5502	150	141.0800
group_6245	162	953	5.8827	7	8.1077	3	6.9495
group_6249	162	151	0.9321	2	2.3165	1	2.3165
group_6248	261	23355	89.4828	172	123.6530	86	123.6531
group_6247	1251	186352	148.9624	1257	188.5362	628	188.3863
lpp	417	9687	23.2302	71	31.9477	35	31.4977
group_6250	270	492	1.8222	4	2.7798	2	2.7798
group_6251	654	66182	101.1957	456	130.8290	228	130.8290
group_6252	675	12114	17.9467	83	23.0723	41	22.7943
group_6253	360	1204	3.3444	8	4.1697	4	4.1697
group_6254	1128	8016	7.1064	55	9.1489	27	8.9826
group_6255	1809	287201	158.7623	1923	199.4608	961	199.3571
group_6256	1863	4763	2.5566	33	3.3237	16	3.2230
cas4	594	24201	40.7424	168	53.0689	84	53.0689
purL	2271	476100	209.6433	3209	265.1365	1604	265.0539
group_6258	225	8695	38.6444	62	51.7042	31	51.7042
group_6259	1284	137318	106.9455	932	136.1971	466	136.1971
group_6263	330	0	0.0000	0	0.0000	0	0.0000
group_6264	675	51668	76.5452	359	99.7947	179	99.5168
dltA	6507	209300	32.1654	1368	39.4477	684	39.4478
group_6267	318	24091	75.7579	168	99.1286	84	99.1286
group_6268	381	34448	90.4147	249	122.6285	124	122.1360
group_6270	159	4962	31.2075	43	50.7444	21	49.5643
group_6273	135	1691	12.5259	18	25.0182	9	25.0182
group_6274	840	17182	20.4548	110	24.5714	55	24.5714
group_6276	252	14940	59.2857	103	76.6926	51	75.9480
group_6278	414	151	0.3647	1	0.4532	0	0.0000
group_16606	1293	909	0.7030	6	0.8707	3	0.8707
group_16607	729	693	0.9506	5	1.2869	2	1.0296
group_6282	114	1023	8.9737	10	16.4593	5	16.4593
group_6284	888	71459	80.4718	472	99.7346	236	99.7346
group_6285	480	601	1.2521	4	1.5636	2	1.5636
group_6287	711	56657	79.6864	387	102.1312	193	101.8673
group_6289	564	53232	94.3830	367	122.0967	183	121.7640
group_6290	222	1733	7.8063	14	11.8329	7	11.8329
ycf34	249	24322	97.6787	173	130.3658	86	129.6122
group_6293	420	13556	32.2762	94	41.9948	47	41.9948
group_6294	792	600	0.7576	4	0.9477	2	0.9477
group_6296	1161	65642	56.5392	447	72.2424	223	72.0808
group_6301	807	121156	150.1314	826	192.0540	413	192.0540
group_6302	1032	44689	43.3033	301	54.7273	150	54.5454
group_6303	2184	3370	1.5430	23	1.9760	11	1.8901
group_6304	1569	5268	3.3576	36	4.3052	18	4.3052
group_6305	2139	68598	32.0701	462	40.5273	231	40.5273
obgE	1029	178689	173.6531	1216	221.7354	608	221.7355
group_6310	159	0	0.0000	0	0.0000	0	0.0000
group_6309	492	18602	37.8089	126	48.0532	63	48.0532
iap	990	166895	168.5808	1147	217.3928	573	217.2033
sufS	1263	217873	172.5044	1487	220.9146	743	220.7661
group_6312	1191	200425	168.2830	1372	216.1520	686	216.1520
cBSCP12	618	111752	180.8285	803	243.8058	401	243.5022
group_6313	573	70954	123.8290	490	160.4569	245	160.4569
group_6314	1266	99898	78.9084	679	100.6359	339	100.4877
group_6317	192	1406	7.3229	20	19.5454	10	19.5455
group_6318	507	23147	45.6548	165	61.0651	82	60.6950
group_6319	765	0	0.0000	0	0.0000	0	0.0000
group_6322	747	19245	25.7631	130	32.6542	65	32.6542
yliI	1305	175083	134.1632	1180	169.6635	590	169.6635
group_6324	495	1011	2.0424	7	2.6534	3	2.2744
group_6325	693	0	0.0000	0	0.0000	0	0.0000
group_6326	372	150	0.4032	1	0.5044	0	0.0000
group_6327	654	19248	29.4312	136	39.0192	68	39.0192
group_6328	780	604	0.7744	4	0.9622	2	0.9622
group_6329	633	6077	9.6003	44	13.0427	22	13.0427
group_6332	2241	4030	1.7983	27	2.2607	13	2.1769
group_6334	852	17455	20.4871	118	25.9872	59	25.9872
group_6335	933	20486	21.9571	139	27.9544	69	27.7533
group_6336	471	57011	121.0425	403	160.5466	201	160.1482
group_6337	555	72336	130.3351	507	171.4083	253	171.0702
group_6338	330	17863	54.1303	128	72.7801	64	72.7802
group_6340	495	7892	15.9434	55	20.8485	27	20.4694
yheT	1071	205688	192.0523	1388	243.1739	694	243.1739
group_6341	651	1009	1.5499	7	2.0176	3	1.7294
group_6344	852	9810	11.5141	66	14.5352	33	14.5352
group_6345	399	4326	10.8421	31	14.5783	15	14.1080
group_6348	345	14882	43.1362	109	59.2822	54	58.7383
group_6351	1464	210998	144.1243	1420	181.9970	710	181.9970
group_6355	174	0	0.0000	0	0.0000	0	0.0000
group_6356	426	711	1.6690	5	2.2023	2	1.7618
group_6359	2124	307356	144.7062	2036	179.8623	1018	179.8623
asd	1038	165129	159.0838	1132	204.6284	566	204.6285
sodA	864	33065	38.2697	222	48.2121	111	48.2121
group_6361	522	846	1.6207	6	2.1567	3	2.1567
group_6365	978	117830	120.4806	808	155.0206	404	155.0206
group_6364	189	1439	7.6138	13	12.9062	6	11.9134
group_6366	600	61208	102.0133	422	131.9709	211	131.9709
rlmN	1026	105176	102.5107	721	131.8575	360	131.6746
group_6369	417	7608	18.2446	55	24.7482	27	24.2982
group_17160	432	1921	4.4468	14	6.0808	7	6.0808
group_6370	993	7720	7.7744	52	9.8259	26	9.8259
group_6371	957	302	0.3156	2	0.3921	1	0.3921
group_6373	156	0	0.0000	0	0.0000	0	0.0000
group_6378	1488	75986	51.0659	511	64.4369	255	64.3108
group_6379	1425	111770	78.4351	754	99.2826	377	99.2827
group_6380	1068	0	0.0000	0	0.0000	0	0.0000
group_6382	108	0	0.0000	0	0.0000	0	0.0000
group_6383	642	0	0.0000	0	0.0000	0	0.0000
group_6384	909	146071	160.6942	1014	209.3105	507	209.3105
cHASE2	2471	225224	91.1469	1512	114.8143	756	114.8143
group_6387	771	121523	157.6174	828	201.5083	414	201.5083
gloB	687	82633	120.2809	573	156.5002	286	156.2271
group_6389	579	58581	101.1762	415	134.4889	207	134.1648
group_6390	186	1011	5.4355	10	10.0880	5	10.0880
group_6391	156	106	0.6795	2	2.4056	1	2.4056
group_6393	147	162	1.1020	2	2.5529	1	2.5529
group_6394	591	4153	7.0271	29	9.2072	14	8.8897
group_6396	282	26253	93.0957	183	121.7640	91	121.0986
group_6397	444	15937	35.8941	110	46.4865	55	46.4865
group_6399	240	0	0.0000	0	0.0000	0	0.0000
group_6400	204	253	1.2402	3	2.7594	1	1.8396
group_6404	447	5368	12.0089	37	15.5314	18	15.1117
group_6406	213	1547	7.2629	14	12.3329	7	12.3329
group_6410	333	4962	14.9009	35	19.7215	17	19.1581
yidD	240	21645	90.1875	153	119.6181	76	118.8363
group_6414	378	2420	6.4021	19	9.4315	9	8.9351
group_6415	372	17347	46.6317	126	63.5542	63	63.5542
group_6416	465	3902	8.3914	29	11.7020	14	11.2985
group_6417	300	27668	92.2267	194	121.3381	97	121.3382
group_6418	234	3557	15.2009	25	20.0466	12	19.2448
group_6420	210	2745	13.0714	22	19.6571	11	19.6571
group_6422	528	12514	23.7008	84	29.8512	42	29.8512
group_6423	360	30132	83.7000	232	120.9212	116	120.9212
group_6424	633	6664	10.5276	46	13.6355	23	13.6355
group_6425	2028	8069	3.9788	55	5.0888	27	4.9962
group_6426	345	17137	49.6725	117	63.6332	58	63.0893
group_6427	606	70789	116.8135	515	159.4599	257	159.1503
group_6430	783	38946	49.7395	262	62.7851	131	62.7851
group_6431	531	41998	79.0923	277	97.8818	138	97.5285
group_6432	366	0	0.0000	0	0.0000	0	0.0000
group_6434	510	12668	24.8392	85	31.2727	42	30.9048
group_6435	1044	14537	13.9243	95	17.0742	47	16.8945
group_6436	339	2545	7.5074	18	9.9630	9	9.9630
group_6437	600	22069	36.7817	153	47.8473	76	47.5345
ppk1	2169	293638	135.3794	1956	169.2101	978	169.2101
group_6438	3120	30924	9.9115	191	11.4867	95	11.4266
group_6440	180	0	0.0000	0	0.0000	0	0.0000
group_6441	372	34522	92.8011	249	125.5953	124	125.0909
group_6443	4725	202688	42.8969	1061	42.1338	530	42.0941
group_6444	453	12671	27.9713	89	36.8645	44	36.4503
group_6447	2067	98642	47.7223	597	54.1939	298	54.1032
tra8	198	1154	5.8283	9	8.5289	4	7.5813
group_6448	1173	31245	26.6368	206	32.9523	103	32.9523
group_6449	702	96109	136.9074	671	179.3504	335	179.0831
group_6451	4398	36224	8.2365	242	10.3247	121	10.3247
tadA	513	63019	122.8441	430	157.2780	215	157.2780
group_6453	99	477	4.8182	5	9.4766	2	7.5813
rpsP	249	20306	81.5502	147	110.7732	73	110.0197
group_6456	420	18866	44.9190	126	56.2909	63	56.2909
norV	348	51397	147.6925	383	206.5078	191	205.9686
group_6458	231	13505	58.4632	95	77.1664	47	76.3542
group_6460	192	604	3.1458	4	3.9091	2	3.9091
group_6462	267	175	0.6554	1	0.7028	0	0.0000
group_6463	1416	9167	6.4739	58	7.6857	29	7.6857
group_14831	597	0	0.0000	0	0.0000	0	0.0000
group_6464	153	0	0.0000	0	0.0000	0	0.0000
group_6465	279	19249	68.9928	140	94.1544	70	94.1544
group_6468	159	148	0.9308	1	1.1801	0	0.0000
group_6467	2034	159517	78.4253	1070	98.7074	535	98.7074
ubiX	618	6793	10.9919	48	14.5737	24	14.5737
ispG	1221	209018	171.1859	1420	218.2175	710	218.2175
group_6470	570	87135	152.8684	612	201.4621	306	201.4622
group_6471	207	2818	13.6135	21	19.0356	10	18.1291
group_6473	189	0	0.0000	0	0.0000	0	0.0000
group_6476	366	18724	51.1585	140	71.7735	70	71.7735
group_6478	435	20305	46.6782	145	62.5454	72	62.1141
group_6479	804	16939	21.0684	113	26.3718	56	26.1384
group_6480	3312	5351	1.6156	36	2.0395	18	2.0395
group_6481	273	383	1.4029	3	2.0619	1	1.3746
group_6482	954	38409	40.2610	257	50.5477	128	50.3511
group_6484	414	33839	81.7367	243	110.1344	121	109.6811
group_6485	423	15386	36.3735	110	48.7943	55	48.7943
group_6486	681	27759	40.7621	200	55.1061	100	55.1061
group_6487	1665	189081	113.5622	1271	143.2347	635	143.1220
group_6488	2241	235357	105.0232	1565	131.0356	782	130.9519
group_6491	186	6121	32.9086	45	45.3959	22	44.3871
group_6492	963	162663	168.9128	1118	217.8374	559	217.8374
group_6494	816	133474	163.5711	934	214.7700	467	214.7700
group_6495	225	2492	11.0756	18	15.0109	9	15.0109
group_6497	228	10155	44.5395	72	59.2536	36	59.2536
group_6498	303	39994	131.9934	267	165.3429	133	164.7236
group_6499	2031	40941	20.1581	278	25.6834	139	25.6834
ilvB	1854	327977	176.9024	2219	224.5766	1109	224.4754
ibpA	411	32379	78.7810	242	110.4817	121	110.4817
group_6502	261	0	0.0000	0	0.0000	0	0.0000
glnK	318	29786	93.6667	211	124.5008	105	123.9108
rimI	621	67072	108.0064	458	138.3856	229	138.3856
cofH	1218	71581	58.7693	485	74.7156	242	74.5616
group_6503	288	5557	19.2951	41	26.7121	20	26.0606
group_6505	288	4491	15.5938	31	20.1970	15	19.5455
group_6506	981	142799	145.5647	972	185.9149	486	185.9149
group_6508	333	30696	92.1802	219	123.4005	109	122.8370
group_6509	426	0	0.0000	0	0.0000	0	0.0000
adhE	2694	483102	179.3252	3239	225.5954	1619	225.5258
group_6510	645	53687	83.2357	361	105.0181	180	104.7273
purC	726	101298	139.5289	691	178.5905	345	178.3321
group_6511	396	8085	20.4167	59	27.9559	29	27.4821
group_6513	696	0	0.0000	0	0.0000	0	0.0000
group_6514	858	5125	5.9732	35	7.6542	17	7.4355
group_6515	660	16590	25.1364	116	32.9785	58	32.9785
ndhO	252	17761	70.4802	131	97.5411	65	96.7965
group_6517	390	0	0.0000	0	0.0000	0	0.0000
group_6520	7899	1166281	147.6492	7785	184.9283	3892	184.9046
ldcB	747	104926	140.4632	725	182.1102	362	181.8590
pip	1095	83816	76.5443	563	96.4742	281	96.3029
group_6522	159	0	0.0000	0	0.0000	0	0.0000
group_6524	573	28943	50.5113	189	61.8905	94	61.5631
group_6525	669	128271	191.7354	884	247.9380	442	247.9380
group_6526	1731	8725	5.0404	61	6.6123	30	6.5039
group_6527	216	270	1.2500	2	1.7374	1	1.7374
group_6529	141	0	0.0000	0	0.0000	0	0.0000
spoT	3042	385360	126.6798	2585	159.4477	1292	159.3860
group_6531	579	1669	2.8826	12	3.8888	6	3.8888
group_6532	1002	20369	20.3283	140	26.2166	70	26.2167
group_6533	759	19872	26.1818	138	34.1157	69	34.1157
group_6534	972	880	0.9053	7	1.3513	3	1.1582
group_6535	492	5231	10.6321	35	13.3481	17	12.9667
group_6536	882	145874	165.3900	1002	213.1651	501	213.1651
group_6537	429	11175	26.0490	81	35.4278	40	34.9905
argG	1323	226562	171.2487	1544	218.9799	772	218.9800
group_6540	669	225	0.3363	2	0.5609	1	0.5609
group_6541	1029	149922	145.6968	1018	185.6305	509	185.6305
group_6542	237	0	0.0000	0	0.0000	0	0.0000
group_6543	249	594	2.3855	6	4.5214	3	4.5214
group_6544	255	272	1.0667	2	1.4717	1	1.4717
group_6545	345	10890	31.5652	81	44.0537	40	43.5099
gyrB	3228	546282	169.2323	2651	154.0966	1325	154.0385
group_6551	1686	269524	159.8600	1812	201.6589	906	201.6590
gnd	1428	243559	170.5595	1650	216.8067	825	216.8067
group_6552	106	0	0.0000	0	0.0000	0	0.0000
spoIVFB	1230	218721	177.8220	1480	225.7738	740	225.7738
group_6557	1284	13545	10.5491	93	13.5905	46	13.4443
group_6563	189	0	0.0000	0	0.0000	0	0.0000
group_6564	5175	58418	11.2885	409	14.8296	204	14.7934
cobN	3642	633673	173.9904	4235	218.1877	2117	218.1363
group_6567	459	25828	56.2702	181	73.9917	90	73.5829
lexA	615	88382	143.7106	616	187.9414	308	187.9414
group_6570	855	6209	7.2620	42	9.2172	21	9.2172
acrB	3303	609320	184.4747	4049	230.0150	2024	229.9582
group_6571	762	6421	8.4265	46	11.3271	23	11.3271
group_6574	831	302	0.3634	2	0.4516	1	0.4516
group_6575	3210	635473	197.9667	4259	248.9542	2129	248.8958
group_6577	324	3473	10.7191	25	14.4781	12	13.8990
gcvP	3045	261708	85.9468	1771	109.1310	885	109.0694
group_6578	756	533	0.7050	4	0.9928	2	0.9928
ycf37	537	85594	159.3929	601	209.9989	300	209.6495
group_6579	2700	496004	183.7052	3328	231.2791	1664	231.2792
group_6580	297	21953	73.9158	159	100.4518	79	99.8200
group_6583	759	17875	23.5507	122	30.1602	61	30.1603
petC	540	79714	147.6185	559	194.2383	279	193.8909
hsdM	3330	370137	111.1523	1789	100.8052	894	100.7489
group_6586	2655	138254	52.0731	921	65.0897	460	65.0190
gyrA	2691	456978	169.8172	3055	213.0171	1527	212.9474
tM2	399	52311	131.1053	382	179.6418	191	179.6418
group_6587	2430	302	0.1243	2	0.1544	1	0.1544
group_6589	2004	263075	131.2750	1756	164.4158	878	164.4159
group_6590	1137	5224	4.5945	35	5.7760	17	5.6109
group_6591	168	370	2.2024	3	3.3506	1	2.2338
ilvE	969	164898	170.1734	1119	216.6822	559	216.4886
cutA1	339	737	2.1740	7	3.8745	3	3.3210
group_6592	1239	123733	99.8652	849	128.5740	424	128.4226
group_6593	984	29530	30.0102	199	37.9468	99	37.7561
group_6594	582	102439	176.0120	712	229.5482	356	229.5482
group_6595	468	9718	20.7650	68	27.2634	34	27.2634
group_6597	555	12679	22.8450	91	30.7656	45	30.4275
group_6598	3828	4191	1.0948	29	1.4215	14	1.3725
group_6599	3516	719	0.2045	5	0.2668	2	0.2135
group_6601	2238	7590	3.3914	50	4.1921	25	4.1921
prs	993	163221	164.3716	1109	209.5556	554	209.3666
group_6606	678	0	0.0000	0	0.0000	0	0.0000
group_6607	2166	576	0.2659	4	0.3465	2	0.3465
ndk	510	59261	116.1980	417	153.4203	208	153.0524
group_6610	99	0	0.0000	0	0.0000	0	0.0000
group_6611	165	3675	22.2727	29	32.9785	14	31.8413
group_6613	1209	192536	159.2523	1305	202.5355	652	202.3803
group_6614	2169	385897	177.9147	2592	224.2293	1296	224.2293
miaE	585	94695	161.8718	651	208.8055	325	208.4848
group_6618	159	4232	26.6164	30	35.4031	15	35.4031
group_6619	2082	171979	82.6028	1162	104.7230	581	104.7231
group_6620	960	3005	3.1302	22	4.3000	11	4.3000
group_6621	156	513	3.2885	4	4.8112	2	4.8112
group_6622	552	23954	43.3949	168	57.1067	84	57.1067
group_6623	225	592	2.6311	5	4.1697	2	3.3358
group_6624	219	3162	14.4384	22	18.8493	11	18.8493
group_6628	2049	419052	204.5154	2818	258.0572	1409	258.0572
group_6627	537	78006	145.2626	555	193.9258	277	193.5764
recR	735	58513	79.6095	394	100.5833	197	100.5833
group_6632	2037	125248	61.4865	842	77.5600	421	77.5600
group_6631	474	75219	158.6899	547	216.5339	273	216.1381
group_6633	2019	321505	159.2397	2162	200.9261	1081	200.9261
group_6635	2013	10256	5.0949	69	6.4316	34	6.3384
gDB1	1989	343775	172.8381	2307	217.6355	1153	217.5412
group_6642	426	3231	7.5845	22	9.6901	11	9.6901
group_6643	825	2114	2.5624	24	5.4585	12	5.4585
group_6644	1452	194485	133.9428	1317	170.1908	658	170.0616
fAA1	1920	365942	190.5948	2477	242.0704	1238	241.9727
group_6646	1902	336900	177.1293	2262	223.1511	1131	223.1511
group_6647	222	2997	13.5000	25	21.1302	12	20.2850
group_6649	699	0	0.0000	0	0.0000	0	0.0000
cbiN	315	17223	54.6762	122	72.6718	61	72.6719
pyrR	621	96032	154.6409	657	198.5138	328	198.2117
lolD	744	115107	154.7137	783	197.4721	391	197.2199
group_6650	1854	326157	175.9207	2195	222.1476	1097	222.0465
group_6653	1839	0	0.0000	0	0.0000	0	0.0000
group_6654	591	28860	48.8325	197	62.5454	98	62.2280
group_6656	1251	57616	46.0560	389	58.3457	194	58.1958
group_6657	1185	906	0.7646	6	0.9501	3	0.9501
group_6658	660	15524	23.5212	108	30.7041	54	30.7041
group_6659	1764	15585	8.8350	105	11.1688	52	11.0625
group_6660	1806	32807	18.1656	219	22.7532	109	22.6493
group_6661	684	5607	8.1974	40	10.9729	20	10.9729
group_6662	165	0	0.0000	0	0.0000	0	0.0000
dxs	1911	354994	185.7635	2388	234.4717	1194	234.4718
rnjA	1749	305948	174.9274	2065	221.5374	1032	221.4302
group_6667	1749	87523	50.0417	589	63.1891	294	63.0819
group_6668	759	119782	157.8155	818	202.2220	409	202.2220
group_6670	813	1743	2.1439	12	2.7695	6	2.7695
group_6671	1743	24072	13.8107	164	17.6548	82	17.6548
leuA	1179	30382	25.7693	206	32.7846	103	32.7846
group_6673	1719	291126	169.3578	1965	214.4883	982	214.3792
pabB	1338	240198	179.5202	1627	228.1646	813	228.0244
aroA	1398	240557	172.0722	1627	218.3722	813	218.2380
gsiA	1764	312236	177.0045	2096	222.9511	1048	222.9511
group_6677	714	83109	116.3992	583	153.2100	291	152.9473
group_6678	1707	32217	18.8735	219	24.0728	109	23.9629
group_6679	1677	8471	5.0513	59	6.6014	29	6.4895
prfC	1656	304306	183.7597	2058	233.1857	1029	233.1857
yhcF	1050	188652	179.6686	1290	230.5246	645	230.5246
group_6680	1653	279374	169.0103	1894	214.9928	947	214.9929
group_6684	708	13729	19.3912	77	20.4068	38	20.1418
cobC	1344	243434	181.1265	1646	229.7986	823	229.7987
group_6690	1056	22976	21.7576	159	28.2521	79	28.0744
pgm	1842	296732	161.0923	1987	202.4068	993	202.3050
group_6693	981	9670	9.8573	65	12.4326	32	12.2413
group_6694	1926	43390	22.5286	292	28.4475	146	28.4475
group_6695	1614	18412	11.4077	123	14.2994	61	14.1832
group_6696	1602	275620	172.0474	1861	217.9720	930	217.8549
group_6700	261	94	0.3602	2	1.4378	1	1.4378
group_6698	330	1397	4.2333	10	5.6859	5	5.6859
sufB	1593	216767	136.0747	1480	174.3263	740	174.3263
sufC	771	137561	178.4189	960	233.6328	480	233.6328
sufD	1503	243014	161.6860	1622	202.4924	811	202.4924
bglX	1584	284175	179.4034	1916	226.9641	958	226.9642
group_6702	1578	1769	1.1210	12	1.4269	6	1.4269
hyuB	1572	291626	185.5127	1980	236.3358	990	236.3358
group_6704	1014	138290	136.3807	931	172.2775	465	172.0925
group_6705	423	10713	25.3262	74	32.8253	37	32.8253
group_6707	1563	311126	199.0569	2094	251.3822	1047	251.3823
nuoM	1602	295130	184.2260	2007	235.0725	1003	234.9554
group_6710	366	598	1.6339	4	2.0507	2	2.0507
group_6712	1584	30212	19.0732	204	24.1653	102	24.1653
group_6713	1302	231480	177.7880	1565	225.5383	782	225.3942
group_6714	1539	266226	172.9864	1791	218.3604	895	218.2385
group_6717	351	0	0.0000	0	0.0000	0	0.0000
group_6718	1704	188274	110.4894	1278	140.7272	639	140.7273
group_6719	327	30346	92.8012	219	125.6647	109	125.0909
group_6720	882	77325	87.6701	520	110.6246	260	110.6246
group_6721	252	1978	7.8492	17	12.6580	8	11.9134
radA	1527	271525	177.8160	1842	226.3432	921	226.3432
lnt	1557	299284	192.2184	2022	243.6741	1011	243.6742
group_6723	300	237	0.7900	2	1.2509	1	1.2509
group_6729	495	0	0.0000	0	0.0000	0	0.0000
group_6730	1533	281985	183.9432	1892	231.5772	946	231.5773
group_6731	381	31424	82.4777	221	108.8389	110	108.3464
group_6733	114	0	0.0000	0	0.0000	0	0.0000
group_6735	606	22260	36.7327	154	47.6832	77	47.6832
group_6736	1464	213921	146.1209	1448	185.5856	724	185.5857
group_6737	642	6242	9.7227	42	12.2753	21	12.2753
group_6738	564	151	0.2677	1	0.3327	0	0.0000
group_6739	552	79607	144.2156	562	191.0355	281	191.0355
group_6740	579	0	0.0000	0	0.0000	0	0.0000
group_6742	903	906	1.0033	6	1.2468	3	1.2468
group_6743	789	10541	13.3599	70	16.6471	35	16.6471
group_6744	840	10936	13.0190	76	16.9766	38	16.9766
ybeY	513	70152	136.7485	499	182.5156	249	182.1499
recQ	1452	261853	180.3395	1760	227.4379	880	227.4380
group_6745	753	38986	51.7742	266	66.2832	133	66.2832
group_6746	189	8802	46.5714	66	65.5238	33	65.5238
gltX	1443	242279	167.8995	1634	212.4724	817	212.4725
group_6747	315	18375	58.3333	128	76.2459	64	76.2459
group_6748	444	0	0.0000	0	0.0000	0	0.0000
group_6749	279	1472	5.2760	12	8.0704	6	8.0704
group_6755	198	5596	28.2626	39	36.9587	19	36.0110
glnA	1422	219913	154.6505	1495	197.2688	747	197.1369
group_6757	1122	22370	19.9376	152	25.4195	76	25.4195
bchN	1401	166723	119.0029	1123	150.4037	561	150.2698
rbfA	411	43309	105.3747	311	141.9827	155	141.5262
group_6760	270	399	1.4778	4	2.7798	2	2.7798
ugd	1386	264823	191.0700	1797	243.2774	898	243.1420
sulP	1689	279491	165.4772	1883	209.1884	941	209.0773
group_6761	798	55427	69.4574	381	89.5858	190	89.3506
thiC	1383	253824	183.5315	1737	235.6647	868	235.5291
ppnK	966	83893	86.8458	580	112.6595	290	112.6595
group_6762	489	1663	3.4008	12	4.6046	6	4.6046
group_6763	1824	52311	28.6793	350	36.0048	175	36.0048
piuC	864	109298	126.5023	742	161.1414	371	161.1414
group_6764	156	94	0.6026	2	2.4056	1	2.4056
mlaD	1392	254148	182.5776	1719	231.7147	859	231.5799
group_6765	1380	1340	0.9710	10	1.3597	5	1.3597
group_6767	210	1296	6.1714	10	8.9351	5	8.9351
rlmK	1185	207655	175.2363	1409	223.1051	704	222.9468
opcA	1356	220964	162.9528	1499	207.4239	749	207.2856
group_6769	1323	227646	172.0680	1539	218.2708	769	218.1290
purA	1344	216536	161.1131	1462	204.1103	731	204.1104
ctaA	951	157456	165.5689	1073	211.7074	536	211.5102
group_6770	1335	222793	166.8861	1508	211.9517	754	211.9518
tig	1398	232240	166.1230	1568	210.4533	784	210.4533
clpX	1335	238493	178.6464	1618	227.4124	809	227.4124
trkG	1335	216763	162.3693	1476	207.4541	738	207.4541
spoIID	1599	256266	160.2664	1746	204.8862	873	204.8862
group_6772	1212	1975012	1629.5479	13359	2068.1794	6679	2068.0249
group_6773	741	5800	7.8273	41	10.3820	20	10.1288
group_6774	660	0	0.0000	0	0.0000	0	0.0000
group_6775	759	151	0.1989	1	0.2472	0	0.0000
group_6776	612	5274	8.6176	36	11.0374	18	11.0374
group_6777	741	13948	18.8232	96	24.3092	48	24.3092
group_6778	1476	39377	26.6782	269	34.1966	134	34.0695
group_6779	837	110428	131.9331	760	170.3747	380	170.3747
group_6783	2031	348536	171.6081	2328	215.0750	1164	215.0750
pepP	1332	206770	155.2327	1400	197.2153	700	197.2154
group_6784	135	0	0.0000	0	0.0000	0	0.0000
group_6785	1320	6739	5.1053	46	6.5388	23	6.5388
group_6786	1305	217311	166.5218	1474	211.9356	737	211.9356
group_6787	474	79360	167.4262	555	219.7007	277	219.3049
fba	1080	186989	173.1380	1279	222.2100	639	222.0363
group_6788	189	0	0.0000	0	0.0000	0	0.0000
fabH	1002	140396	140.1158	950	177.8987	475	177.8987
group_6791	1314	251038	191.0487	1710	244.1842	855	244.1843
group_6793	1365	243969	178.7319	1639	225.3010	819	225.1636
pyk	1422	122980	86.4838	841	110.9720	420	110.8400
group_6794	183	254	1.3880	2	2.0507	1	2.0507
group_6798	1329	262666	197.6418	1794	253.2878	897	253.2879
group_6800	780	0	0.0000	0	0.0000	0	0.0000
group_6801	471	18712	39.7282	136	54.1795	68	54.1795
gltD	1485	260432	175.3751	1771	223.7737	885	223.6474
group_6803	501	22103	44.1178	156	58.4257	78	58.4257
trpB	1278	211690	165.6416	1446	212.3021	723	212.3021
tauA	1233	182056	147.6529	1226	186.5711	613	186.5711
group_6805	399	42034	105.3484	308	144.8421	154	144.8421
group_6806	1638	9866	6.0232	66	7.5604	33	7.5604
group_6809	1272	118033	92.7932	812	119.7804	406	119.7804
group_6810	3069	311707	101.5663	2085	127.4753	1042	127.4142
group_6811	2100	59258	28.2181	398	35.5615	199	35.5616
group_6812	1254	8652	6.8995	59	8.8282	29	8.6786
group_6814	1200	453	0.3775	3	0.4691	1	0.3127
vacB	2259	425590	188.3975	2857	237.3072	1428	237.2242
nusA	1197	208090	173.8429	1414	221.6522	707	221.6523
dgkA	489	64956	132.8344	465	178.4272	232	178.0435
group_6817	1191	199306	167.3434	1356	213.6313	678	213.6313
group_6818	147	1452	9.8776	14	17.8701	7	17.8701
group_6819	915	138629	151.5071	932	191.1224	466	191.1225
group_6820	1701	266504	156.6749	1786	197.0126	893	197.0126
group_6821	1266	206171	162.8523	1374	203.6432	687	203.6432
paaJ	1191	224469	188.4710	1527	240.5715	763	240.4140
group_6825	1353	5235	3.8692	35	4.8539	17	4.7152
group_6827	2313	37398	16.1686	250	20.2806	125	20.2806
kefB	1512	61632	40.7619	412	51.1284	206	51.1284
group_6828	354	2268	6.4068	17	9.0108	8	8.4807
group_6829	2220	85002	38.2892	561	47.4162	280	47.3317
group_6830	2133	137472	64.4501	923	81.1947	461	81.1068
group_6832	366	11299	30.8716	83	42.5514	41	42.0387
group_6833	198	0	0.0000	0	0.0000	0	0.0000
pnp	2169	266191	122.7252	1793	155.1092	896	155.0227
group_6834	810	155159	191.5543	1070	247.8652	535	247.8653
ppro0129	1278	152613	119.4155	1034	151.8122	517	151.8122
group_6835	972	138099	142.0772	942	181.8451	471	181.8451
mtnW	1161	88465	76.1972	593	95.8384	296	95.6768
group_6836	1200	231237	192.6975	1563	244.3963	781	244.2400
group_6837	555	82884	149.3405	581	196.4265	290	196.0884
bioF	1329	231893	174.4868	1560	220.2503	780	220.2503
group_6838	1308	2857	2.1843	20	2.8691	10	2.8691
urtC	1155	186885	161.8052	1275	207.1310	637	206.9686
yheB	1266	96658	76.3491	658	97.5235	329	97.5235
group_6841	1176	90858	77.2602	605	96.5306	302	96.3710
group_6843	768	123044	160.2135	838	204.7386	419	204.7386
proB	1167	186287	159.6290	1251	201.1423	625	200.9815
group_6844	291	4224	14.5155	29	18.6992	14	18.0544
group_6847	678	87938	129.7021	601	166.3266	300	166.0499
group_6846	195	6267	32.1385	45	43.3007	22	42.3385
group_6849	420	37186	88.5381	255	113.9220	127	113.4753
group_6850	1701	14966	8.7984	100	11.0309	50	11.0309
group_6851	1194	6455	5.4062	44	6.9146	22	6.9146
group_6853	270	6110	22.6296	47	32.6626	23	31.9677
group_6854	1131	197394	174.5305	1339	222.1441	669	221.9783
group_6855	393	709	1.8041	5	2.3872	2	1.9098
purK	1152	198441	172.2578	1342	218.5833	671	218.5833
livH	975	153273	157.2031	1037	199.5681	518	199.3756
rsgA	1077	196200	182.1727	1339	233.2823	669	233.1081
group_6857	1119	23777	21.2484	162	27.1645	81	27.1645
ddaH	1119	1587	1.4182	11	1.8445	5	1.6768
group_6860	906	906	1.0000	6	1.2426	3	1.2426
nanE	717	96010	133.9052	662	173.2430	331	173.2430
group_6861	936	68902	73.6132	465	93.2168	232	93.0163
group_6862	1122	72130	64.2870	487	81.4429	243	81.2756
gldA	1110	187573	168.9847	1277	215.8663	638	215.6973
group_6865	138	0	0.0000	0	0.0000	0	0.0000
group_6866	1104	0	0.0000	0	0.0000	0	0.0000
group_6867	2019	59744	29.5909	398	36.9882	199	36.9882
rssA	1098	184648	168.1676	1246	212.9279	623	212.9279
group_6869	768	4568	5.9479	31	7.5739	15	7.3295
group_6870	1092	21685	19.8581	147	25.2587	73	25.0869
pilF	756	80431	106.3902	549	136.2597	274	136.0115
group_6871	660	13653	20.6864	95	27.0083	47	26.7240
group_6872	684	17584	25.7076	117	32.0957	58	31.8214
rseP	1485	243873	164.2242	1648	208.2321	824	208.2321
group_6873	1146	176298	153.8377	1194	195.4954	597	195.4955
group_6875	297	773	2.6027	6	3.7906	3	3.7906
group_6876	105	374	3.5619	4	7.1480	2	7.1481
ald	1119	150192	134.2198	1028	172.3772	514	172.3773
group_6877	1083	34588	31.9372	235	40.7152	117	40.5419
group_6878	303	1143	3.7723	8	4.9541	4	4.9541
pepA	1476	241425	163.5671	1628	206.9593	814	206.9593
group_6879	474	235	0.4958	2	0.7917	1	0.7917
group_6880	765	10272	13.4275	69	16.9241	34	16.6788
group_6881	204	2442	11.9706	20	18.3957	10	18.3957
group_6882	624	25152	40.3077	175	52.6224	87	52.3217
group_6883	1080	195873	181.3639	1341	232.9817	670	232.8080
group_6884	441	7000	15.8730	48	20.4230	24	20.4230
group_6885	1080	305	0.2824	2	0.3475	1	0.3475
group_6886	438	30357	69.3082	214	91.6762	107	91.6762
group_6887	561	2803	4.9964	20	6.6894	10	6.6894
hrcA	1095	191353	174.7516	1288	220.7083	644	220.7083
group_6889	228	11751	51.5395	84	69.1292	42	69.1292
sbcC	3024	619905	204.9950	4161	258.1861	2080	258.1241
glyS	2133	396136	185.7178	2664	234.3475	1332	234.3475
ubiH	1236	221592	179.2816	1512	229.5357	756	229.5357
group_6891	1071	168305	157.1475	1151	201.6521	575	201.4769
group_6892	783	98355	125.6130	677	162.2347	338	161.9951
hypA	351	47563	135.5071	337	180.1522	168	179.6177
group_6894	1068	20908	19.5768	143	25.1236	71	24.9479
group_6895	327	481	1.4709	5	2.8691	2	2.2952
group_6896	3951	44822	11.3445	297	14.1048	148	14.0573
group_6897	168	796	4.7381	8	8.9351	4	8.9351
group_6898	291	0	0.0000	0	0.0000	0	0.0000
group_6901	666	49850	74.8498	342	96.3538	171	96.3538
aroF	1056	103807	98.3021	704	125.0909	352	125.0909
group_6902	441	21614	49.0113	141	59.9926	70	59.5671
group_6903	234	4430	18.9316	32	25.6597	16	25.6597
fbp	1047	169928	162.2999	1170	209.6795	585	209.6796
group_6905	1575	2358	1.4971	16	1.9061	8	1.9061
rnc	873	155838	178.5086	1057	227.1839	528	226.9690
mreB	1041	52532	50.4630	354	63.8072	177	63.8072
mreD	582	49107	84.3763	333	107.3589	166	107.0365
group_6908	855	72081	84.3053	484	106.2175	242	106.2175
gCD1	729	95320	130.7545	651	167.5600	325	167.3026
group_6911	132	2185	16.5530	23	32.6942	11	31.2727
group_6912	1038	133027	128.1570	907	163.9558	453	163.7751
group_6913	966	121939	126.2308	814	158.1118	407	158.1118
group_6915	1017	153608	151.0403	1049	193.5403	524	193.3558
group_6916	1137	201257	177.0070	1369	225.9227	684	225.7577
nagA	1152	179259	155.6068	1215	197.8977	607	197.7348
group_6917	315	31900	101.2698	235	139.9826	117	139.3870
yraQ	1011	191193	189.1128	1312	243.5003	656	243.5004
group_6919	243	849	3.4938	7	5.4052	3	4.6330
group_6920	1002	5977	5.9651	41	7.6777	20	7.4905
mviM	1029	164243	159.6142	1106	201.6771	553	201.6772
lgt	870	137178	157.6759	927	199.9297	463	199.7141
group_6922	522	30870	59.1379	217	78.0021	108	77.6426
aroE	909	158059	173.8823	1075	221.9021	537	221.6957
group_6923	3375	23104	6.8456	154	8.5618	77	8.5618
hisM	996	171938	172.6285	1174	221.1697	587	221.1697
group_6924	630	0	0.0000	0	0.0000	0	0.0000
ccsB	987	157681	159.7579	1068	203.0350	534	203.0351
group_6925	1323	230993	174.5979	1571	222.8093	785	222.6675
group_6926	795	120828	151.9849	827	195.1890	413	194.9530
group_6928	1326	10483	7.9057	71	10.0469	35	9.9054
group_6929	654	2172	3.3211	15	4.3036	7	4.0167
group_6930	981	7217	7.3568	49	9.3723	24	9.1810
group_6931	981	149310	152.2018	1018	194.7133	509	194.7133
group_6932	354	5218	14.7401	35	18.5516	17	18.0216
ybjT	978	158940	162.5153	1083	207.7813	541	207.5895
group_6933	546	77347	141.6612	545	187.2927	272	186.9490
sds	972	168036	172.8765	1152	222.3838	576	222.3838
group_6934	978	5988	6.1227	41	7.8661	20	7.6743
holB	966	134701	139.4420	913	177.3416	456	177.1473
rfaF	963	60930	63.2710	427	83.1991	213	83.0042
group_6937	1152	120495	104.5964	816	132.9091	408	132.9091
group_6938	2235	7123	3.1870	48	4.0298	24	4.0298
group_6939	960	162579	169.3531	1112	217.3454	556	217.3454
rpoD	957	148728	155.4107	1022	200.3807	511	200.3807
group_6941	978	173551	177.4550	1175	225.4322	587	225.2403
group_6942	639	755	1.1815	5	1.4682	2	1.1746
group_6943	822	68039	82.7725	466	106.3729	233	106.3729
group_6944	231	1687	7.3030	13	10.5596	6	9.7473
pgpB	714	68711	96.2339	475	124.8281	237	124.5653
cysC	555	95792	172.5982	674	227.8682	337	227.8683
purS	297	10971	36.9394	79	49.9100	39	49.2782
group_6948	2265	435432	192.2437	2911	241.1520	1455	241.0692
group_6949	1074	176367	164.2151	1192	208.2518	596	208.2519
gldG	1527	277099	181.4663	1870	229.7838	935	229.7839
group_6951	1221	99209	81.2523	671	103.1154	335	102.9618
group_6952	939	164125	174.7870	1126	225.0037	563	225.0037
group_6953	1062	175252	165.0207	1197	211.4884	598	211.3117
murE	1431	242130	169.2034	1633	214.1231	816	213.9920
group_6955	477	42158	88.3816	302	118.7970	151	118.7970
group_6956	933	124619	133.5681	839	168.7319	419	168.5308
ycbX	792	101753	128.4760	698	165.3663	349	165.3664
group_6957	144	0	0.0000	0	0.0000	0	0.0000
lepB	591	91899	155.4975	635	201.6058	317	201.2884
group_6959	954	3273	3.4308	22	4.3270	11	4.3270
group_6960	915	18886	20.6404	130	26.6587	65	26.6587
group_6962	1299	9534	7.3395	64	9.2446	32	9.2446
group_6964	2757	52669	19.1037	352	23.9565	176	23.9565
group_6965	165	0	0.0000	0	0.0000	0	0.0000
pstB	1017	113041	111.1514	758	139.8509	379	139.8509
group_6966	225	1361	6.0489	10	8.3394	5	8.3394
group_6967	177	144	0.8136	2	2.1202	1	2.1202
group_6969	906	142419	157.1954	970	200.8910	485	200.8910
pstC	960	153158	159.5396	1054	206.0090	527	206.0091
group_6972	156	0	0.0000	0	0.0000	0	0.0000
group_6973	339	5069	14.9528	36	19.9260	18	19.9260
group_6974	306	21331	69.7092	146	89.5258	73	89.5258
group_6975	894	139716	156.2819	961	201.6985	480	201.4887
group_6976	957	0	0.0000	0	0.0000	0	0.0000
tab2	882	157664	178.7574	1079	229.5460	539	229.3333
group_6979	153	428	2.7974	4	4.9055	2	4.9055
group_6980	309	386	1.2492	4	2.4289	2	2.4289
group_6981	867	147801	170.4740	1001	216.6366	500	216.4202
group_6982	867	11692	13.4856	78	16.8808	39	16.8808
group_6983	585	5031	8.6000	34	10.9054	17	10.9054
group_6984	204	3879	19.0147	31	28.5134	15	27.5936
group_6985	198	3706	18.7172	26	24.6391	13	24.6391
group_15302	720	2728	3.7889	19	4.9515	9	4.6909
group_6986	669	99642	148.9417	692	194.0872	346	194.0872
ybhL	849	122733	144.5618	835	184.5422	417	184.3212
ypfJ	621	84155	135.5153	585	176.7588	292	176.4567
group_6990	846	9411	11.1241	65	14.4165	32	14.1947
group_6991	1089	175072	160.7640	1189	204.8665	594	204.6942
group_6992	843	105267	124.8719	708	157.5878	354	157.5878
group_6993	342	31716	92.7368	241	132.2232	120	131.6746
aCT3	840	71193	84.7536	477	106.5506	238	106.3273
group_6994	249	16169	64.9357	119	89.6736	59	88.9200
lpxA	837	137917	164.7754	957	214.5376	478	214.3134
group_6995	457	10954	23.9694	78	32.0255	39	32.0255
group_6996	576	10131	17.5885	72	23.4545	36	23.4545
group_6997	186	128	0.6882	2	2.0176	1	2.0176
group_7000	1407	107865	76.6631	734	97.8856	367	97.8856
group_17222	420	1309	3.1167	10	4.4675	5	4.4675
group_7002	393	42993	109.3969	298	142.2789	149	142.2790
group_7003	387	0	0.0000	0	0.0000	0	0.0000
ycf66	822	141925	172.6582	978	223.2461	489	223.2462
tolB	522	72518	138.9234	513	184.4012	256	184.0418
group_7004	822	882	1.0730	6	1.3696	3	1.3696
group_7005	1890	334385	176.9233	2240	222.3838	1120	222.3838
group_7007	1455	246049	169.1058	1669	215.2337	834	215.1047
group_7008	351	50531	143.9630	373	199.3970	186	198.8624
accD	960	144182	150.1896	989	193.3045	494	193.1091
group_7010	1692	13701	8.0975	91	10.0916	45	9.9807
group_7012	807	8040	9.9628	55	12.7881	27	12.5556
group_7014	219	3214	14.6758	26	22.2765	13	22.2765
bepA	801	120805	150.8177	831	194.6639	415	194.4297
group_7016	801	44987	56.1635	315	73.7896	157	73.5553
group_7019	798	5767	7.2268	39	9.1702	19	8.9351
group_7020	1485	0	0.0000	0	0.0000	0	0.0000
group_7022	222	402	1.8108	3	2.5356	1	1.6904
ycgM	792	134384	169.6768	919	217.7245	459	217.4876
group_7023	912	129468	141.9605	865	177.9665	432	177.7607
group_7025	177	1314	7.4237	13	13.7812	6	12.7211
group_7026	753	9292	12.3400	63	15.6987	31	15.4495
group_7027	783	118563	151.4215	818	196.0236	409	196.0237
group_7028	390	7076	18.1436	48	23.0937	24	23.0937
group_17731	1104	6895	6.2455	47	7.9881	23	7.8182
group_7029	1089	11197	10.2819	75	12.9226	37	12.7503
fabI	891	148862	167.0730	1024	215.6449	512	215.6449
group_7031	3306	38780	11.7302	259	14.6999	129	14.6431
group_7033	777	12021	15.4710	82	19.8020	41	19.8020
group_7034	1998	31261	15.6461	213	20.0033	106	19.9094
group_7035	966	302	0.3126	2	0.3885	1	0.3885
scpA	786	131802	167.6870	908	216.7605	454	216.7606
hdhA	768	13323	17.3477	93	22.7216	46	22.4773
group_7041	1326	229396	172.9985	1557	220.3241	778	220.1826
group_7042	768	23966	31.2057	165	40.3125	82	40.0682
group_7043	756	63812	84.4074	446	110.6955	223	110.6955
group_17236	591	2069	3.5008	15	4.7623	7	4.4449
group_7044	765	12269	16.0379	89	21.8296	44	21.5843
group_7045	924	23120	25.0216	155	31.4758	77	31.2727
cobK	747	37035	49.5783	247	62.0431	123	61.7919
psbQ	525	62717	119.4610	457	163.3329	228	162.9756
group_7047	246	0	0.0000	0	0.0000	0	0.0000
group_7048	1839	339037	184.3594	2282	232.8364	1141	232.8364
group_7049	1143	197186	172.5162	1336	219.3194	668	219.3195
group_7050	1647	6524	3.9611	43	4.8988	21	4.7849
group_7051	1098	0	0.0000	0	0.0000	0	0.0000
wecG	735	113870	154.9252	786	200.6560	393	200.6560
maf	699	105010	150.2289	712	191.1260	356	191.1260
group_7052	1605	299446	186.5707	2016	235.6852	1008	235.6853
group_7053	1512	51551	34.0946	345	42.8138	172	42.6897
group_17163	396	3515	8.8763	26	12.3196	13	12.3196
group_7055	522	2848	5.4559	20	7.1891	10	7.1891
group_7056	2970	38056	12.8135	240	15.1625	120	15.1625
sfsA	720	107616	149.4667	744	193.8909	372	193.8909
group_7057	1203	213902	177.8071	1446	225.5379	723	225.5379
group_7058	462	50886	110.1429	353	143.3671	176	142.9610
group_7059	711	119152	167.5837	830	219.0410	415	219.0410
group_7061	3291	100383	30.5023	672	38.3141	336	38.3141
group_7062	3666	229561	62.6189	1483	75.9042	741	75.8530
group_7063	1677	272817	162.6816	1826	204.3076	913	204.3077
group_7064	288	14611	50.7326	107	69.7121	53	69.0606
group_7065	426	12248	28.7512	92	40.5224	46	40.5224
glnA3	2172	369196	169.9797	2484	214.5896	1242	214.5896
group_7067	207	0	0.0000	0	0.0000	0	0.0000
group_7068	216	0	0.0000	0	0.0000	0	0.0000
group_7069	288	0	0.0000	0	0.0000	0	0.0000
group_7070	150	861	5.7400	8	10.0073	4	10.0073
group_7072	699	604	0.8641	4	1.0737	2	1.0737
group_7073	1176	4075	3.4651	27	4.3080	13	4.1484
group_7075	657	45456	69.1872	312	89.1058	156	89.1058
group_7076	375	151	0.4027	1	0.5004	0	0.0000
trmD	696	115181	165.4899	796	214.5955	398	214.5956
group_7079	753	8478	11.2590	57	14.2035	28	13.9544
group_7080	453	55216	121.8896	393	162.7838	196	162.3696
group_7084	354	25016	70.6667	181	95.9383	90	95.4083
group_7085	777	117124	150.7387	808	195.1224	404	195.1225
group_7087	606	81790	134.9670	569	176.1800	284	175.8704
group_7090	2454	440784	179.6186	2784	212.8686	1392	212.8686
group_7089	408	41764	102.3627	300	137.9679	150	137.9679
group_7091	621	46975	75.6441	322	97.2929	161	97.2929
acnB	2610	243309	93.2218	1626	116.8953	813	116.8953
group_7092	768	11194	14.5755	75	18.3239	37	18.0795
group_7094	168	687	4.0893	6	6.7013	3	6.7013
hypF	2448	447081	182.6311	2992	229.3333	1496	229.3333
group_7096	2340	11120	4.7521	74	5.9338	37	5.9338
group_7097	543	845	1.5562	7	2.4189	3	2.0733
group_7098	1296	140218	108.1929	936	135.5151	468	135.5151
group_7101	1260	159138	126.3000	1077	160.3844	538	160.2355
group_7102	2409	440932	183.0353	2965	230.9430	1482	230.8651
group_7103	744	1306	1.7554	9	2.2698	4	2.0176
group_7104	2214	112077	50.6220	629	53.3077	314	53.2230
group_7106	717	100430	140.0697	688	180.0471	344	180.0471
group_7108	1827	60086	32.8878	404	41.4916	202	41.4916
group_7110	315	25440	80.7619	175	104.2424	87	103.6467
sepF	573	69996	122.1571	485	158.8196	242	158.4921
group_7113	102	912	8.9412	10	18.3957	5	18.3957
group_7115	612	7789	12.7271	54	16.5561	27	16.5561
group_7116	411	236	0.5742	2	0.9131	1	0.9131
group_7117	516	755	1.4632	5	1.8182	2	1.4545
group_7118	1245	96298	77.3478	654	98.5656	327	98.5656
group_7120	336	0	0.0000	0	0.0000	0	0.0000
group_7122	1068	167259	156.6096	1140	200.2859	570	200.2860
group_7124	537	42743	79.5959	300	104.8248	150	104.8248
group_7125	123	123	1.0000	1	1.5255	0	0.0000
group_7127	213	3517	16.5117	26	22.9040	13	22.9040
ydhS	2178	172345	79.1299	1154	99.4180	577	99.4180
group_7129	5142	3535	0.6875	24	0.8758	12	0.8758
group_7130	93	0	0.0000	0	0.0000	0	0.0000
group_7131	597	45222	75.7487	302	94.9182	151	94.9182
valS	2766	278288	100.6103	1846	125.2265	923	125.2266
cobI	720	109930	152.6806	752	195.9757	376	195.9757
group_7133	303	2346	7.7426	16	9.9082	8	9.9082
cobJ	1446	249888	172.8133	1691	219.4281	845	219.2983
glgA	1479	264044	178.5287	1775	225.1889	887	225.0621
group_7135	246	8046	32.7073	57	43.4767	28	42.7140
group_7137	435	2862	6.5793	19	8.1956	9	7.7643
group_7139	1191	16153	13.5626	111	17.4875	55	17.3300
group_7140	1428	38515	26.9713	237	31.1413	118	31.0099
group_7141	180	638	3.5444	5	5.2121	2	4.1697
group_7142	387	25141	64.9638	169	81.9394	84	81.4545
group_7143	891	3368	3.7800	23	4.8436	11	4.6330
group_7145	327	17476	53.4434	131	75.1693	65	74.5955
group_7148	708	0	0.0000	0	0.0000	0	0.0000
group_7150	777	1590	2.0463	10	2.4149	5	2.4149
group_7151	738	3825	5.1829	26	6.6105	13	6.6105
topA	2661	428402	160.9929	2835	199.9056	1417	199.8352
group_7154	1056	160568	152.0530	1090	193.6776	545	193.6777
group_7157	543	7955	14.6501	57	19.6966	28	19.3511
group_7159	813	57443	70.6556	391	90.2408	195	90.0101
group_7160	6525	54787	8.3965	365	10.4961	182	10.4674
group_7161	936	141207	150.8622	961	192.6480	480	192.4475
group_7163	846	74081	87.5662	507	112.4487	253	112.2269
group_7164	453	59969	132.3819	424	175.6243	212	175.6243
group_7165	375	8259	22.0240	61	30.5222	30	30.0218
group_7168	195	151	0.7744	1	0.9622	0	0.0000
group_7169	225	11624	51.6622	81	67.5491	40	66.7151
group_7175	1299	215460	165.8661	1412	203.9588	706	203.9588
group_7176	888	8055	9.0709	55	11.6216	27	11.4103
moeB	1362	216980	159.3098	1461	201.2751	730	201.1373
group_7180	198	8111	40.9646	61	57.8071	30	56.8595
group_7181	171	1246	7.2865	10	10.9729	5	10.9729
group_7182	528	11333	21.4640	78	27.7190	39	27.7190
group_7186	579	42347	73.1382	295	95.6005	147	95.2765
group_7187	1209	42134	34.8503	283	43.9215	141	43.7663
group_7188	240	555	2.3125	4	3.1273	2	3.1273
group_7189	2052	356188	173.5809	2386	218.1775	1193	218.1775
group_7191	594	52952	89.1448	363	114.6666	181	114.3508
group_7192	246	760	3.0894	5	3.8137	2	3.0510
group_7193	789	5688	7.2091	39	9.2748	19	9.0370
purN	645	43227	67.0186	299	86.9818	149	86.6909
psbZ	219	1728	7.8904	13	11.1382	6	10.2814
group_7196	369	42640	115.5556	295	150.0073	147	149.4989
group_7197	1545	84383	54.6168	563	68.3749	281	68.2535
group_7198	1176	14829	12.6097	101	16.1150	50	15.9555
group_7199	597	79528	133.2127	544	170.9785	272	170.9785
group_7201	240	152	0.6333	1	0.7818	0	0.0000
nth	678	106198	156.6342	731	202.3040	365	202.0273
group_7202	1059	174364	164.6497	1178	208.7210	589	208.7211
group_7203	270	13909	51.5148	105	72.9697	52	72.2747
group_7204	2817	540393	191.8328	3613	240.6567	1806	240.5901
dob10	2928	177079	60.4778	1185	75.9389	592	75.8748
group_7206	879	15134	17.2173	96	20.4927	48	20.4927
group_19137	954	16889	17.7034	123	24.1921	61	23.9954
tlyC	1335	178266	133.5326	1188	166.9752	594	166.9753
group_7210	1617	292417	180.8392	1960	227.4379	980	227.4380
group_7211	1794	166697	92.9192	1128	117.9787	564	117.9787
group_7212	534	24808	46.4569	174	61.1399	87	61.1399
group_7213	513	2959	5.7680	22	8.0468	11	8.0468
group_7214	786	134424	171.0229	924	220.5801	462	220.5801
gorA	1353	234537	173.3459	1589	220.3652	794	220.2265
baeS	1443	290470	201.2959	1978	257.2035	989	257.2035
lys9	1104	195950	177.4909	1334	226.7272	667	226.7272
ppsA	2445	456589	186.7440	3057	234.6029	1528	234.5262
group_7218	165	4871	29.5212	34	38.6645	17	38.6645
group_7219	786	44575	56.7112	310	74.0041	155	74.0042
group_7221	339	13655	40.2802	104	57.5639	52	57.5640
group_7222	1389	149951	107.9561	1007	136.0329	503	135.8979
pabA	588	21563	36.6718	152	48.5046	76	48.5046
group_7223	240	16294	67.8917	118	92.2545	59	92.2545
group_7224	576	29968	52.0278	205	66.7803	102	66.4545
group_7228	2019	348788	172.7528	2345	217.9332	1172	217.8403
speA	2043	382661	187.3035	2570	236.0378	1285	236.0379
group_7231	171	0	0.0000	0	0.0000	0	0.0000
ribN	882	604	0.6848	4	0.8510	2	0.8510
group_7235	276	906	3.2826	6	4.0791	3	4.0791
group_7236	426	1836	4.3099	13	5.7260	6	5.2855
group_7239	936	0	0.0000	0	0.0000	0	0.0000
group_7240	783	5786	7.3895	41	9.8251	20	9.5855
group_7241	978	699	0.7147	5	0.9593	2	0.7674
group_7243	375	140	0.3733	2	1.0007	1	1.0007
group_7244	150	222	1.4800	4	5.0036	2	5.0036
yciH	441	45049	102.1519	313	133.1750	156	132.7495
group_7246	165	2159	13.0848	20	22.7438	10	22.7438
group_7248	789	138708	175.8023	955	227.1137	477	226.8759
group_7249	1335	77606	58.1318	520	73.0868	260	73.0868
group_15059	1383	0	0.0000	0	0.0000	0	0.0000
group_7250	555	72880	131.3153	509	172.0845	254	171.7464
group_7251	711	95193	133.8861	659	173.9133	329	173.6494
group_7252	1683	296638	176.2555	1979	220.6371	989	220.5257
group_7255	2010	20991	10.4433	145	13.5360	72	13.4426
group_7254	531	12287	23.1394	83	29.3292	41	28.9759
group_7256	249	6190	24.8594	44	33.1566	22	33.1566
group_7257	564	620	1.0993	6	1.9961	3	1.9961
group_7260	3882	58046	14.9526	389	18.8023	194	18.7540
group_7261	351	41677	118.7379	302	161.4421	151	161.4421
group_7262	897	141377	157.6109	988	206.6719	494	206.6719
rlmB	885	121260	137.0169	828	175.5513	414	175.5513
group_7266	747	31206	41.7751	212	53.2515	106	53.2515
group_7267	3435	5448	1.5860	37	2.0211	18	1.9665
group_7268	387	60859	157.2584	441	213.8181	220	213.3333
csgG	1047	167838	160.3037	1147	205.5576	573	205.3785
group_7270	1668	153406	91.9700	1048	117.8914	524	117.8914
group_7275	1245	78374	62.9510	531	80.0280	265	79.8773
group_7276	1035	18991	18.3488	130	23.5678	65	23.5678
group_7277	891	7793	8.7464	52	10.9507	26	10.9507
group_7278	810	70018	86.4420	476	110.2653	238	110.2653
group_7279	225	794	3.5289	7	5.8376	3	5.0036
cobQ	1476	256396	173.7100	1727	219.5446	863	219.4176
group_7282	3816	82070	21.5068	523	25.7164	261	25.6672
group_7283	702	70525	100.4630	493	131.7731	246	131.5058
group_7285	1362	246805	181.2078	1662	228.9659	831	228.9659
group_7288	516	25641	49.6919	166	60.3636	83	60.3636
group_7289	1014	123001	121.3028	838	155.0683	419	155.0683
yqaE	168	2884	17.1667	26	29.0390	13	29.0390
group_7291	1809	18746	10.3626	125	12.9655	62	12.8618
srkA	1053	174760	165.9639	1199	213.6524	599	213.4742
group_7294	432	26181	60.6042	186	80.7879	93	80.7879
cynS	462	63904	138.3203	445	180.7319	222	180.3258
group_7297	1101	3371	3.0618	23	3.9197	11	3.7493
group_7299	924	34457	37.2911	232	47.1121	116	47.1122
group_7300	696	119797	172.1221	832	224.3009	416	224.3009
group_7301	2445	435389	178.0732	2929	224.7799	1464	224.7031
group_7302	771	0	0.0000	0	0.0000	0	0.0000
group_7303	324	2676	8.2593	21	12.1616	10	11.5825
group_7305	1491	251281	168.5319	1698	213.6864	849	213.6865
group_7307	357	49338	138.2017	361	189.7387	180	189.2131
group_7310	717	37605	52.4477	256	66.9943	128	66.9943
group_7311	885	127199	143.7277	861	182.5479	430	182.3359
group_7312	348	27946	80.3046	203	109.4545	101	108.9153
group_7313	1251	5450	4.3565	39	5.8496	19	5.6996
group_7314	531	26793	50.4576	187	66.0791	93	65.7257
cSAP	582	81703	140.3832	580	186.9915	290	186.9915
group_7315	348	278	0.7989	2	1.0784	1	1.0784
group_7317	408	33260	81.5196	241	110.8342	120	110.3743
group_7318	1611	15653	9.7163	106	12.3460	53	12.3460
group_7319	1026	27541	26.8431	187	34.1988	93	34.0159
group_7320	1194	46495	38.9405	277	43.5304	138	43.3732
group_7321	231	2689	11.6407	19	15.4333	9	14.6210
group_7323	654	5171	7.9067	36	10.3286	18	10.3286
group_7326	561	10099	18.0018	68	22.7438	34	22.7438
group_7327	279	5337	19.1290	37	24.8837	18	24.2111
group_7328	300	19352	64.5067	140	87.5636	70	87.5636
group_7331	1599	5182	3.2408	31	3.6377	15	3.5204
group_7332	1137	57958	50.9745	400	66.0110	200	66.0110
group_7333	327	24142	73.8287	169	96.9741	84	96.4003
petE	378	28112	74.3704	212	105.2352	106	105.2352
group_7334	1680	182293	108.5077	1224	136.7065	612	136.7065
group_7335	750	133541	178.0547	913	228.4159	456	228.1658
group_7337	231	17345	75.0866	126	102.3471	63	102.3471
group_7338	2940	36791	12.5139	248	15.8278	124	15.8278
group_7339	561	2254	4.0178	25	8.3617	12	8.0272
group_7340	816	2056	2.5196	14	3.2193	7	3.2193
group_7341	1185	184350	155.5696	1230	194.7617	615	194.7618
group_7343	315	1294	4.1079	9	5.3610	4	4.7654
group_7344	291	1237	4.2509	9	5.8032	4	5.1584
group_7345	1179	5045	4.2791	35	5.5702	17	5.4111
group_7349	411	36805	89.5499	259	118.2428	129	117.7863
group_7348	693	46299	66.8095	319	86.3723	159	86.1015
group_7351	279	151	0.5412	1	0.6725	0	0.0000
kch	1749	233348	133.4180	1566	168.0037	783	168.0037
livM	1140	181839	159.5079	1228	202.1205	614	202.1205
group_7353	639	113176	177.1142	792	232.5633	396	232.5633
group_7355	1830	3437	1.8781	23	2.3583	11	2.2557
cOQ4	654	6279	9.6009	46	13.1977	23	13.1977
group_7358	654	60317	92.2278	419	120.2135	209	119.9266
group_7360	264	302	1.1439	2	1.4215	1	1.4215
group_7361	390	775	1.9872	6	2.8867	3	2.8867
group_7362	186	7165	38.5215	55	55.4839	27	54.4751
group_7363	648	7594	11.7191	51	14.7677	25	14.4781
group_7364	546	2311	4.2326	15	5.1548	7	4.8112
group_7365	903	25298	28.0155	177	36.7792	88	36.5714
group_7366	477	64160	134.5073	438	172.2950	219	172.2950
rlmD	1803	318881	176.8613	2155	224.2686	1077	224.1645
group_7368	1785	292650	163.9496	1906	200.3556	953	200.3557
group_7370	969	7630	7.8741	51	9.8756	25	9.6820
group_7371	960	3721	3.8760	25	4.8864	12	4.6909
yfbK	1263	209683	166.0198	1419	210.8123	709	210.6638
group_7372	429	43487	101.3683	305	133.4011	152	132.9637
pQQ	1842	321176	174.3626	2157	219.7239	1078	219.6221
group_7373	588	5976	10.1633	41	13.0835	20	12.7644
ssnA	1323	221162	167.1670	1489	211.1795	744	211.0377
aF0785	990	176224	178.0040	1196	226.6798	598	226.6799
group_7375	228	1141	5.0044	9	7.4067	4	6.5837
selO	1500	248561	165.7073	1669	208.7767	834	208.6516
group_7377	258	2253	8.7326	16	11.6364	8	11.6364
group_7378	114	0	0.0000	0	0.0000	0	0.0000
group_7379	402	16274	40.4826	110	51.3433	55	51.3433
group_7381	273	8921	32.6777	68	46.7372	34	46.7373
group_7382	333	5245	15.7508	42	23.6658	21	23.6658
group_7383	252	1143	4.5357	9	6.7013	4	5.9567
group_7385	1614	151	0.0936	1	0.1163	0	0.0000
cheY	618	56686	91.7249	393	119.3221	196	119.0185
group_7386	846	4315	5.1005	31	6.8756	15	6.6538
group_7387	276	1672	6.0580	12	8.1581	6	8.1581
group_7388	486	3819	7.8580	29	11.1964	14	10.8103
group_7389	741	100079	135.0594	672	170.1641	336	170.1641
queG	948	135611	143.0496	915	181.1047	457	180.9068
group_7392	372	7517	20.2070	53	26.7331	26	26.2287
uvrD	2301	454654	197.5897	3044	248.2246	1522	248.2247
group_7394	219	990	4.5205	8	6.8543	4	6.8543
group_7395	240	152	0.6333	2	1.5636	1	1.5636
tyrS	1218	233862	192.0049	1585	244.1737	792	244.0197
group_7397	1383	151	0.1092	1	0.1357	0	0.0000
group_7399	216	6758	31.2870	46	39.9596	23	39.9596
group_7400	765	46055	60.2026	322	78.9789	161	78.9790
murA	1329	203308	152.9782	1375	194.1309	687	193.9897
gpmI	1632	272842	167.1826	1833	210.7459	916	210.6310
group_7401	834	28731	34.4496	200	44.9967	100	44.9967
group_7402	477	4062	8.5157	28	11.0143	14	11.0143
group_7407	1131	302	0.2670	2	0.3318	1	0.3318
group_7408	345	5013	14.5304	35	19.0356	17	18.4917
group_7409	573	31849	55.5829	222	72.6968	111	72.6968
ccb1	519	1359	2.6185	9	3.2538	4	2.8923
group_7416	462	47726	103.3030	336	136.4628	168	136.4628
group_7417	1080	84238	77.9981	491	85.3050	245	85.1313
group_7419	531	1533	2.8870	11	3.8870	5	3.5336
group_7420	573	986	1.7208	7	2.2922	3	1.9648
group_7421	663	1463	2.2066	10	2.8301	5	2.8301
group_7422	360	755	2.0972	5	2.6061	2	2.0848
group_7423	561	15813	28.1872	109	36.4570	54	36.1225
group_7425	378	2090	5.5291	15	7.4459	7	6.9495
ftsY	1356	302	0.2227	2	0.2767	1	0.2767
group_7427	246	7011	28.5000	48	36.6120	24	36.6120
group_7430	318	6757	21.2484	51	30.0926	25	29.5026
group_7431	198	1206	6.0909	13	12.3196	6	11.3719
group_7432	1431	216095	151.0098	1468	192.4878	734	192.4879
group_7435	297	2676	9.0101	19	12.0037	9	11.3719
group_7436	156	367	2.3526	4	4.8112	2	4.8112
group_7437	393	23181	58.9847	169	80.6884	84	80.2110
ctpA	1368	231284	169.0673	1574	215.8915	787	215.8915
bchH~~~cobN	4131	315878	76.4653	2085	94.7039	1042	94.6585
group_7439	2595	48434	18.6644	317	22.9213	158	22.8490
group_7440	183	602	3.2896	4	4.1013	2	4.1013
group_7442	207	0	0.0000	0	0.0000	0	0.0000
rpmF	183	10935	59.7541	84	86.1281	42	86.1282
group_7445	207	2919	14.1014	20	18.1291	10	18.1291
yuiD	453	64950	143.3775	449	185.9795	224	185.5653
aglD2	924	140452	152.0043	967	196.3683	483	196.1653
group_7446	381	23501	61.6824	171	84.2147	85	83.7223
group_7449	1392	156075	112.1228	1044	140.7272	522	140.7273
group_7452	435	5767	13.2575	39	16.8226	19	16.3912
group_18945	510	69764	136.7922	491	180.6459	245	180.2780
group_7454	3012	88807	29.4844	561	34.9482	280	34.8859
group_7455	198	903	4.5606	6	5.6859	3	5.6859
group_7456	520	15840	30.4615	105	37.8881	52	37.5273
group_7458	351	16415	46.7664	115	61.4763	57	60.9417
group_7460	387	12737	32.9121	89	43.1515	44	42.6667
group_7461	519	79508	153.1946	556	201.0131	278	201.0131
group_7463	1164	201839	173.4012	1372	221.1658	686	221.1659
lplA	762	105492	138.4409	728	179.2641	364	179.2641
group_7465	1224	183232	149.6993	1228	188.2495	614	188.2495
group_7466	315	1168	3.7079	9	5.3610	4	4.7654
group_7467	249	5378	21.5984	44	33.1566	22	33.1566
group_7468	1302	176376	135.4654	1188	171.2073	594	171.2073
group_7469	1335	243429	182.3438	1651	232.0506	825	231.9101
group_7471	831	130515	157.0578	888	200.5067	444	200.5067
nadC	849	133816	157.6160	925	204.4330	462	204.2120
group_7472	162	5347	33.0062	46	53.2794	23	53.2795
group_7473	465	68444	147.1914	480	193.6891	240	193.6891
group_7474	306	1872	6.1176	10	6.1319	5	6.1319
group_7475	204	7619	37.3480	55	50.5882	27	49.6684
group_7476	552	70951	128.5344	503	170.9802	251	170.6403
group_7477	705	29986	42.5333	207	55.0932	103	54.8271
group_7478	246	170	0.6911	2	1.5255	1	1.5255
group_7479	246	4069	16.5407	35	26.6962	17	25.9335
group_7481	273	6300	23.0769	44	30.2417	22	30.2418
group_7483	771	95939	124.4345	647	157.4587	323	157.2154
group_7485	360	32748	90.9667	236	123.0060	118	123.0060
lHCA5	219	14208	64.8767	107	91.6762	53	90.8194
group_7486	213	11711	54.9812	86	75.7593	43	75.7593
amiC	1860	272764	146.6473	1819	183.5002	909	183.3994
group_7488	1353	27360	20.2217	188	26.0722	94	26.0722
group_7490	261	4196	16.0766	30	21.5674	15	21.5674
group_7494	216	0	0.0000	0	0.0000	0	0.0000
group_7495	1590	225604	141.8893	1509	178.0775	754	177.9595
cobM	864	126929	146.9086	866	188.0707	433	188.0707
group_7498	357	0	0.0000	0	0.0000	0	0.0000
group_7497	369	0	0.0000	0	0.0000	0	0.0000
gepA	597	11027	18.4707	77	24.2010	38	23.8867
group_7499	1992	24595	12.3469	165	15.5422	82	15.4480
group_7501	1872	342368	182.8889	2315	232.0396	1157	231.9394
group_7503	618	61756	99.9288	430	130.5560	215	130.5560
group_7504	990	159143	160.7505	1081	204.8837	540	204.6942
group_7505	291	4809	16.5258	33	21.2783	16	20.6335
group_7506	786	59915	76.2277	405	96.6828	202	96.4441
group_7507	234	2965	12.6709	25	20.0466	12	19.2448
group_7512	1065	118401	111.1746	809	142.5331	404	142.3570
group_7510	243	2177	8.9588	17	13.1268	8	12.3547
group_7511	282	4837	17.1525	37	24.6189	18	23.9536
group_7513	468	18339	39.1859	124	49.7156	62	49.7156
group_7514	1998	20139	10.0796	135	12.6781	67	12.5842
secD	1407	246002	174.8415	1674	223.2432	837	223.2432
group_7517	1116	40787	36.5475	273	45.9003	136	45.7322
group_7521	207	0	0.0000	0	0.0000	0	0.0000
fumC	1470	51528	35.0531	354	45.1859	177	45.1859
group_7519	1419	95565	67.3467	639	84.4958	319	84.3636
group_7520	606	0	0.0000	0	0.0000	0	0.0000
group_7522	279	8841	31.6882	64	43.0420	32	43.0420
group_7531	951	133792	140.6856	900	177.5738	450	177.5738
group_7525	714	16264	22.7787	106	27.8564	53	27.8564
group_7526	792	7501	9.4710	53	12.5565	26	12.3196
group_7528	1209	51100	42.2663	329	51.0607	164	50.9055
rpsN	303	24540	80.9901	173	107.1323	86	106.5130
group_7529	2418	55368	22.8983	368	28.5567	184	28.5567
group_7530	1038	149206	143.7437	1009	182.3941	504	182.2133
group_7533	879	138826	157.9363	950	202.7924	475	202.7924
group_7535	987	1208	1.2239	8	1.5209	4	1.5209
group_7538	378	0	0.0000	0	0.0000	0	0.0000
group_7537	153	1796	11.7386	18	22.0749	9	22.0749
group_7540	498	572	1.1486	4	1.5071	2	1.5071
group_7542	327	25998	79.5046	183	105.0075	91	104.4337
group_7544	483	45754	94.7288	325	126.2563	162	125.8679
cYTH	537	39487	73.5326	274	95.7399	137	95.7400
group_7546	1206	190040	157.5788	1284	199.7720	642	199.7720
group_7547	330	639	1.9364	5	2.8430	2	2.2744
group_7550	1632	26796	16.4191	182	20.9251	91	20.9251
group_7553	3612	5010	1.3870	30	1.5584	15	1.5584
group_7556	1299	4148	3.1932	30	4.3334	15	4.3334
group_7555	1239	2281	1.8410	16	2.4231	8	2.4231
group_7557	1062	46791	44.0593	319	56.3616	159	56.1849
patD	360	36352	100.9778	267	139.1636	133	138.6424
wcaE	2220	181328	81.6793	1224	103.4535	612	103.4535
group_7558	282	381	1.3511	3	1.9961	1	1.3308
group_7560	513	534	1.0409	4	1.4631	2	1.4631
group_7561	546	8582	15.7179	60	20.6194	30	20.6194
group_7565	321	1621	5.0498	11	6.4299	5	5.8454
group_7566	1098	197936	180.2696	1354	231.3839	677	231.3840
group_7567	1827	755	0.4132	5	0.5135	2	0.4108
group_7568	729	61423	84.2565	424	109.1328	212	109.1328
group_7569	261	6546	25.0805	53	38.1024	26	37.3835
group_7570	456	65799	144.2961	574	236.1913	287	236.1914
group_7571	618	17440	28.2201	125	37.9523	62	37.6487
group_7572	894	46133	51.6029	311	65.2739	155	65.0641
group_7576	654	35543	54.3471	243	69.7181	121	69.4312
group_7578	3471	121091	34.8865	804	43.4629	402	43.4629
group_7580	966	6936	7.1801	47	9.1293	23	8.9351
group_7581	192	1794	9.3438	16	15.6364	8	15.6364
group_7583	243	6480	26.6667	47	36.2918	23	35.5196
group_7585	189	6026	31.8836	46	45.6681	23	45.6681
osmF	1530	169186	110.5791	1133	138.9490	566	138.8264
pyrE	1434	248761	173.4735	1680	219.8250	840	219.8250
group_7586	609	4397	7.2200	30	9.2432	15	9.2432
psaE	243	4585	18.8683	40	30.8866	20	30.8866
group_7588	627	15033	23.9761	102	30.5246	51	30.5246
group_7592	1104	73931	66.9665	495	84.1304	247	83.9605
group_7593	1203	4003	3.3275	27	4.2113	13	4.0553
group_7594	1101	0	0.0000	0	0.0000	0	0.0000
group_7595	804	75873	94.3694	524	122.2903	262	122.2903
group_7597	726	8796	12.1157	61	15.7656	30	15.5071
recJ	2295	438912	191.2471	2945	240.7795	1472	240.6978
accA	990	155523	157.0939	1057	200.3349	528	200.1454
group_7599	1236	77358	62.5874	514	78.0300	257	78.0300
group_7600	2016	10134	5.0268	69	6.4221	34	6.3290
secA	2832	512112	180.8305	3432	227.3898	1716	227.3898
group_7602	402	16014	39.8358	116	54.1438	58	54.1438
csdA	1215	221245	182.0947	1503	232.1131	751	231.9587
group_7603	648	45601	70.3719	313	90.6330	156	90.3434
group_7607	525	0	0.0000	0	0.0000	0	0.0000
group_7609	1971	328696	166.7661	2176	207.1520	1088	207.1520
shc	2145	384520	179.2634	2560	223.9389	1280	223.9389
group_7612	309	1742	5.6375	13	7.8941	6	7.2868
group_7613	1368	54657	39.9539	370	50.7496	185	50.7496
group_7614	216	4644	21.5000	32	27.7980	16	27.7980
group_7615	1038	54075	52.0954	363	65.6185	181	65.4377
group_7616	1254	106465	84.9003	724	108.3323	362	108.3323
group_7619	1749	234272	133.9463	1575	168.9692	787	168.8620
group_7620	939	21311	22.6954	146	29.1745	73	29.1746
aNKYR	1410	240516	170.5787	1622	215.8483	811	215.8483
ycf55	1650	331571	200.9521	2232	253.8207	1116	253.8208
group_7622	201	593	2.9502	6	5.6011	3	5.6011
group_7623	957	73525	76.8286	517	101.3667	258	101.1707
group_7626	1680	299396	178.2119	2008	224.2701	1004	224.2701
coxB	978	147290	150.6033	1021	195.8862	510	195.6943
group_7628	825	69252	83.9418	480	109.1702	240	109.1702
group_7629	987	18493	18.7366	127	24.1437	63	23.9536
group_7630	1701	265131	155.8677	1782	196.5714	891	196.5714
group_7632	186	728	3.9140	7	7.0616	3	6.0528
group_7633	1365	151699	111.1348	1016	139.6619	508	139.6619
group_7636	573	66132	115.4136	451	147.6858	225	147.3584
hisD	1266	217185	171.5521	1469	217.7233	734	217.5752
arsH~~~arsC	1254	163920	130.7177	1062	158.9073	531	158.9073
group_7637	1392	179867	129.2148	1218	164.1818	609	164.1818
ubiD	1530	272408	178.0444	1837	225.2862	918	225.1636
group_7638	294	550	1.8707	4	2.5529	2	2.5529
group_7639	255	1138	4.4627	8	5.8866	4	5.8866
group_7643	300	674	2.2467	8	5.0036	4	5.0036
group_7641	1518	260314	171.4848	1752	216.5605	876	216.5605
group_7645	591	48963	82.8477	348	110.4864	174	110.4864
group_7646	1149	9836	8.5605	67	10.9414	33	10.7781
group_7648	336	41351	123.0685	298	166.4155	149	166.4156
group_7649	1899	35854	18.8805	243	24.0103	121	23.9115
group_7650	1917	41159	21.4705	274	26.8192	137	26.8192
group_7651	1482	83377	56.2598	560	70.9017	280	70.9017
cofD	1374	233248	169.7584	1574	214.9487	787	214.9488
ovoA	1356	28517	21.0302	191	26.4296	95	26.2912
pMT1	1314	260411	198.1819	1773	253.1805	886	253.0377
group_7655	3288	12626	3.8400	84	4.7936	42	4.7936
group_7656	1419	4921	3.4679	33	4.3636	16	4.2314
group_7657	1314	4613	3.5107	31	4.4267	15	4.2839
hppD	1260	247058	196.0778	1658	246.9056	829	246.9056
hinT	342	46997	137.4181	331	181.6012	165	181.0526
group_7658	939	3124	3.3269	22	4.3962	11	4.3962
group_7660	285	8972	31.4807	76	50.0363	38	50.0364
group_7663	330	28065	85.0455	196	111.4446	98	111.4446
group_7665	882	21132	23.9592	142	30.2090	71	30.2090
group_7666	255	4691	18.3961	34	25.0182	17	25.0182
group_7667	301	1160	3.8538	8	4.9870	4	4.9870
group_7668	1218	209487	171.9926	1410	217.2144	705	217.2145
group_7669	1299	8571	6.5982	60	8.6668	30	8.6668
group_7670	492	3609	7.3354	24	9.1530	12	9.1530
group_7672	258	2879	11.1589	21	15.2727	10	14.5455
group_7673	1533	40547	26.4494	270	33.0475	135	33.0475
group_7675	417	12281	29.4508	85	38.2472	42	37.7972
group_7674	345	4763	13.8058	33	17.9478	16	17.4040
group_7676	744	36547	49.1223	247	62.2932	123	62.0410
dinG	1509	237911	157.6614	1611	200.3195	805	200.1952
group_7678	243	4412	18.1564	34	26.2536	17	26.2536
pucG	1155	196737	170.3351	1336	217.0408	668	217.0408
group_7679	747	12485	16.7135	84	21.0997	42	21.0997
group_7680	1920	229905	119.7422	1558	152.2590	779	152.2591
group_7681	210	1458	6.9429	14	12.5091	7	12.5091
group_7683	1206	106494	88.3035	720	112.0217	360	112.0217
group_7685	1149	25704	22.3708	120	19.5965	60	19.5965
glnQ	1116	210108	188.2688	1420	238.7487	710	238.7487
group_7687	744	25754	34.6156	179	45.1437	89	44.8915
group_7688	2211	414444	187.4464	2783	236.1790	1391	236.0942
group_7689	465	7772	16.7140	52	20.9830	26	20.9830
group_7691	378	28711	75.9550	213	105.7316	106	105.2352
group_7692	972	21843	22.4722	140	27.0258	70	27.0258
group_7696	1152	203049	176.2578	1375	223.9583	687	223.7954
group_7697	1344	256362	190.7455	1752	244.5973	876	244.5974
hisB1	660	66287	100.4348	456	129.6396	228	129.6397
pilT	1110	199152	179.4162	1342	226.8540	671	226.8540
group_7699	531	56841	107.0452	389	137.4586	194	137.1053
ribD	1140	182310	159.9211	1230	202.4497	615	202.4497
group_7701	1137	1465	1.2885	11	1.8153	5	1.6503
pyrC	1272	229488	180.4151	1559	229.9725	779	229.8250
group_7703	573	64947	113.3455	458	149.9781	229	149.9781
group_7706	948	46237	48.7732	316	62.5454	158	62.5454
group_7709	177	543	3.0678	4	4.2404	2	4.2404
group_7711	174	1757	10.0977	13	14.0188	6	12.9404
recA	1179	185379	157.2341	1259	200.3682	629	200.2091
manB	1443	268588	186.1317	1801	234.1878	900	234.0578
group_7712	1440	96617	67.0951	644	83.9151	322	83.9151
group_7713	1536	17749	11.5553	118	14.4148	59	14.4148
group_7714	420	41148	97.9714	282	125.9844	141	125.9844
group_7716	333	2919	8.7658	20	11.2694	10	11.2694
group_7719	447	50079	112.0336	341	143.1409	170	142.7212
tda10	1140	157841	138.4570	1070	176.1148	535	176.1148
group_7721	254	3312	13.0394	24	17.7294	12	17.7294
mlaE	951	122443	128.7518	831	163.9598	415	163.7625
ribH	546	60158	110.1795	416	142.9610	208	142.9610
group_7725	972	20428	21.0165	141	27.2188	70	27.0258
group_7726	999	142857	143.0000	980	184.0676	490	184.0677
group_7727	2235	0	0.0000	0	0.0000	0	0.0000
group_7728	816	17095	20.9498	116	26.6738	58	26.6738
iaaA	1038	153102	147.4971	1034	186.9132	517	186.9133
group_7729	1017	61368	60.3422	412	76.0139	206	76.0139
group_7730	822	131758	160.2895	887	202.4737	443	202.2455
group_7731	621	35338	56.9050	251	75.8401	125	75.5380
group_7732	270	906	3.3556	6	4.1697	3	4.1697
glgB	2280	400244	175.5456	2684	220.8841	1342	220.8842
hslO	915	141173	154.2874	966	198.0947	483	198.0948
group_7738	591	2728	4.6159	19	6.0323	9	5.7148
group_7736	1167	23139	19.8278	155	24.9217	77	24.7609
group_7739	363	9879	27.2149	76	39.2847	38	39.2847
group_7741	672	90063	134.0223	622	173.6753	311	173.6753
group_7742	648	84042	129.6944	574	166.2087	287	166.2087
group_7743	1227	58696	47.8370	395	60.4045	197	60.2516
group_7745	2112	378218	179.0805	2563	227.7045	1281	227.6157
group_7746	174	302	1.7356	2	2.1567	1	2.1567
tagH	756	122436	161.9524	835	207.2438	417	206.9956
group_7750	954	157992	165.6101	1078	212.0251	539	212.0251
group_7751	555	4774	8.6018	34	11.4948	17	11.4948
group_7752	288	1384	4.8056	10	6.5151	5	6.5152
group_7753	858	40648	47.3753	266	58.1716	133	58.1716
group_7755	855	86947	101.6924	597	131.0162	298	130.7968
group_7757	882	72969	82.7313	500	106.3698	250	106.3698
group_7760	1065	11687	10.9737	80	14.0947	40	14.0947
group_7761	186	1418	7.6237	14	14.1232	7	14.1232
group_7762	807	155590	192.8005	1073	249.4842	536	249.2517
group_7763	840	12349	14.7012	84	18.7636	42	18.7636
group_7764	771	32223	41.7938	221	53.7842	110	53.5408
group_7765	855	16017	18.7333	109	23.9209	54	23.7014
group_7766	216	1438	6.6574	12	10.4242	6	10.4242
group_7768	1749	211931	121.1727	1444	154.9153	722	154.9153
group_7770	126	0	0.0000	0	0.0000	0	0.0000
yckC	1584	245370	154.9053	1656	196.1652	828	196.1653
group_7772	1086	3716	3.4217	25	4.3194	12	4.1467
group_7774	1437	257301	179.0543	1754	229.0286	877	229.0286
pykF	1659	299237	180.3719	2011	227.4482	1005	227.3352
group_7777	480	32985	68.7188	234	91.4727	117	91.4727
group_7778	459	24815	54.0632	173	70.7213	86	70.3125
mnmA	477	8137	17.0587	57	22.4219	28	22.0286
group_7780	417	9067	21.7434	62	27.8980	31	27.8980
yafJ	771	116832	151.5331	811	197.3710	405	197.1277
group_7786	276	26274	95.1957	188	127.8102	94	127.8103
group_7787	762	57260	75.1444	386	95.0494	193	95.0494
group_7788	2364	416793	176.3084	2802	222.4014	1401	222.4014
group_7790	813	27755	34.1390	191	44.0818	95	43.8511
group_7791	528	20218	38.2917	136	48.3306	68	48.3306
group_7794	759	113449	149.4717	784	193.8167	392	193.8167
group_7795	1056	81697	77.3646	558	99.1487	279	99.1487
group_7796	507	10261	20.2387	73	27.0167	36	26.6466
group_7799	360	52850	146.8056	379	197.5393	189	197.0182
group_7801	513	77633	151.3314	552	201.9011	276	201.9011
group_7804	429	0	0.0000	0	0.0000	0	0.0000
group_7806	318	33941	106.7327	241	142.2024	120	141.6123
group_7807	549	302	0.5501	2	0.6836	1	0.6836
group_7808	210	14473	68.9190	101	90.2441	50	89.3506
group_7809	195	1856	9.5179	13	12.5091	6	11.5469
group_7810	264	12513	47.3977	91	64.6777	45	63.9669
group_7811	363	13974	38.4959	99	51.1735	49	50.6566
group_7812	366	37971	103.7459	266	136.3696	133	136.3696
group_7814	468	7151	15.2799	48	19.2447	24	19.2448
group_7818	174	1664	9.5632	13	14.0188	6	12.9404
group_7817	897	105187	117.2653	716	149.7744	358	149.7744
group_7819	317	7653	24.1420	51	30.1875	25	29.5956
murJ	1758	167447	95.2486	1114	118.9004	557	118.9004
group_7823	231	289	1.2511	3	2.4368	1	1.6246
group_7824	1755	14875	8.4758	100	10.6915	50	10.6915
group_7825	1716	12709	7.4062	84	9.1850	42	9.1850
group_7826	1374	229395	166.9541	1550	211.6712	775	211.6713
pyrF	843	132473	157.1447	879	195.6492	439	195.4267
group_7828	1407	755	0.5366	5	0.6668	2	0.5334
group_7830	1197	107125	89.4946	576	90.2912	288	90.2912
group_7831	366	37186	101.6011	257	131.7555	128	131.2429
group_7832	750	95460	127.2800	657	164.3694	328	164.1192
group_7833	247	2649	10.7247	23	17.4722	11	16.7125
group_7834	1305	210482	161.2889	1424	204.7464	712	204.7465
group_7837	1443	12565	8.7076	84	10.9227	42	10.9227
group_7838	1419	73748	51.9718	500	66.1157	250	66.1157
group_7840	150	223	1.4867	2	2.5018	1	2.5018
group_7841	357	25743	72.1092	193	101.4392	96	100.9137
group_7842	462	2338	5.0606	16	6.4982	8	6.4982
group_7843	486	30186	62.1111	210	81.0774	105	81.0774
group_7850	261	5475	20.9770	40	28.7565	20	28.7565
group_7845	1185	21090	17.7975	139	22.0097	69	21.8513
thrA	1461	255639	174.9754	1730	222.1840	865	222.1840
group_7846	744	2215	2.9772	15	3.7830	7	3.5308
group_7847	357	44015	123.2913	312	163.9847	156	163.9847
group_7848	1890	8065	4.2672	55	5.4603	27	5.3610
group_7849	1749	7819	4.4706	54	5.7932	27	5.7932
phaF	324	32529	100.3981	238	137.8316	119	137.8316
group_7856	624	25697	41.1811	178	53.5245	89	53.5245
group_7857	237	2664	11.2405	18	14.2509	9	14.2509
group_7859	813	120682	148.4403	821	189.4827	410	189.2519
group_7862	924	151	0.1634	1	0.2031	0	0.0000
hflX	1704	300384	176.2817	2039	224.5249	1019	224.4148
group_7865	177	0	0.0000	0	0.0000	0	0.0000
group_7868	1005	25180	25.0547	171	31.9262	85	31.7395
iscA	480	47915	99.8229	328	128.2181	164	128.2182
group_7870	180	2547	14.1500	17	17.7212	8	16.6788
group_7871	1050	4051	3.8581	27	4.8249	13	4.6462
group_7872	1230	119485	97.1423	806	122.9552	403	122.9552
group_7873	378	30148	79.7566	204	101.2640	102	101.2641
group_7875	216	1541	7.1343	12	10.4242	6	10.4242
rimL	525	35172	66.9943	244	87.2062	122	87.2062
group_7878	297	4853	16.3401	34	21.4803	17	21.4803
group_7877	660	41476	62.8424	276	78.4661	138	78.4661
group_7879	804	104199	129.6007	704	164.2985	352	164.2985
metF	894	142261	159.1286	972	204.0073	486	204.0073
group_7882	1671	57869	34.6314	396	44.4668	198	44.4668
ribF	924	144451	156.3323	984	199.8205	492	199.8205
group_7883	927	3333	3.5955	25	5.0603	12	4.8579
group_7884	603	42123	69.8557	285	88.6838	142	88.3727
group_7885	120	216	1.8000	2	3.1273	1	3.1273
group_7887	687	62103	90.3974	396	108.1572	198	108.1572
group_7890	1218	66910	54.9343	448	69.0157	224	69.0157
group_7892	537	47915	89.2272	332	116.0061	166	116.0061
group_7894	252	151	0.5992	1	0.7446	0	0.0000
group_7896	291	4246	14.5911	29	18.6992	14	18.0544
group_7905	252	13529	53.6865	102	75.9480	51	75.9480
group_7902	261	604	2.3142	5	3.5946	2	2.8757
group_7907	234	4496	19.2137	37	29.6690	18	28.8671
group_7909	270	634	2.3481	6	4.1697	3	4.1697
group_5031	288	0	0.0000	0	0.0000	0	0.0000
argS	1896	336598	177.5306	2252	222.8676	1126	222.8676
group_7913	1188	98447	82.8678	659	104.0844	329	103.9265
group_7916	981	152581	155.5362	1045	199.8776	522	199.6864
gltS	1209	55960	46.2862	389	60.3726	194	60.2175
group_7917	1461	2567	1.7570	17	2.1833	8	2.0549
group_7919	1041	143081	137.4457	957	172.4956	478	172.3154
group_7920	246	22298	90.6423	162	123.5654	81	123.5654
group_7923	213	16814	78.9390	124	109.2343	62	109.2343
group_7924	1374	219874	160.0247	1493	203.8872	746	203.7507
group_7925	621	60243	97.0097	411	124.1844	205	123.8823
group_7930	1293	199010	153.9134	1347	195.4726	673	195.3275
ftsZ	1251	163384	130.6027	1100	164.9880	550	164.9880
group_7933	1089	10004	9.1864	68	11.7165	34	11.7165
group_7935	2973	13834	4.6532	92	5.8064	46	5.8064
ackA	1215	198457	163.3391	1352	208.7937	676	208.7937
group_7939	930	74699	80.3215	512	103.3008	256	103.3009
group_7940	573	8207	14.3229	53	17.3555	26	17.0281
group_7941	273	1231	4.5092	10	6.8731	5	6.8731
group_7942	306	12595	41.1601	92	56.4135	46	56.4135
group_7944	360	1933	5.3694	16	8.3394	8	8.3394
group_7945	735	65033	88.4803	449	114.6241	224	114.3688
group_7946	870	28217	32.4333	203	43.7818	101	43.5661
group_7947	894	72940	81.5884	492	103.2629	246	103.2630
group_7948	234	9208	39.3504	68	54.5268	34	54.5268
group_7950	234	150	0.6410	1	0.8019	0	0.0000
group_7952	1200	135011	112.5092	932	145.7309	466	145.7309
group_7955	660	3925	5.9470	26	7.3917	13	7.3917
group_7954	1371	57136	41.6747	382	52.2809	191	52.2809
group_7958	1299	33698	25.9415	227	32.7894	113	32.6450
group_7960	297	2159	7.2694	15	9.4766	7	8.8448
group_7968	324	15916	49.1235	112	64.8619	56	64.8619
group_7965	807	121072	150.0273	825	191.8215	412	191.5890
group_7967	822	141088	171.6399	961	219.3656	480	219.1373
infB	3153	508116	161.1532	3396	202.0973	1698	202.0974
group_7969	495	301	0.6081	2	0.7581	1	0.7581
group_7970	918	18752	20.4270	132	26.9804	66	26.9804
group_7971	363	6816	18.7769	50	25.8452	25	25.8452
mutS	2718	496403	182.6354	3320	229.1952	1660	229.1952
group_7974	675	75668	112.1007	524	145.6614	262	145.6614
abcf	2019	384496	190.4388	2571	238.9366	1285	238.8437
group_7982	1836	20596	11.2179	141	14.4100	70	14.3078
group_7983	831	58402	70.2792	399	90.0925	199	89.8667
group_7985	1557	50305	32.3089	338	40.7329	169	40.7329
group_7987	789	74499	94.4221	496	117.9564	248	117.9564
group_7988	879	90377	102.8180	594	126.7986	297	126.7986
thiO	2001	363404	181.6112	2421	227.0202	1210	226.9265
group_7989	304	1813	5.9638	14	8.6411	7	8.6411
group_7991	231	177	0.7662	2	1.6246	1	1.6246
ridA	885	128859	145.6034	885	187.6363	442	187.4243
group_7992	1536	255007	166.0202	1689	206.3266	844	206.2045
group_7997	1581	273248	172.8324	1838	218.1376	919	218.1376
group_7998	1287	13193	10.2510	90	13.1214	45	13.1214
group_7999	144	0	0.0000	0	0.0000	0	0.0000
folC	1347	226078	167.8382	1516	211.1779	758	211.1779
group_8002	1590	283817	178.5013	1912	225.6356	956	225.6356
group_8004	759	23786	31.3386	162	40.0489	81	40.0489
group_8005	468	56885	121.5491	406	162.7785	203	162.7785
group_8007	1587	8763	5.5217	59	6.9758	29	6.8575
group_8009	597	9287	15.5561	64	20.1151	32	20.1151
group_8010	309	4444	14.3819	30	18.2171	15	18.2171
group_8013	873	7907	9.0573	53	11.3914	26	11.1765
group_8015	273	0	0.0000	0	0.0000	0	0.0000
miaB	1353	244512	180.7184	1668	231.3210	834	231.3211
acuC	933	170217	182.4405	1183	237.9140	591	237.7129
group_8018	858	51377	59.8800	348	76.1042	174	76.1042
group_8020	840	16108	19.1762	110	24.5714	55	24.5714
group_8019	828	120146	145.1039	818	185.3702	409	185.3702
group_8021	399	0	0.0000	0	0.0000	0	0.0000
group_8022	1932	45232	23.4120	297	28.8447	148	28.7476
group_8023	1266	222401	175.6722	1499	222.1697	749	222.0215
group_8024	1155	38201	33.0745	256	41.5887	128	41.5887
group_8026	453	30619	67.5916	227	94.0253	113	93.6111
group_8029	1041	51200	49.1835	346	62.3652	173	62.3652
purD	1323	199659	150.9138	1352	191.7493	676	191.7493
group_8033	756	20595	27.2421	144	35.7402	72	35.7403
group_8034	1035	76512	73.9246	522	94.6340	261	94.6340
group_8035	249	17841	71.6506	126	94.9485	63	94.9485
group_8038	1092	105918	96.9945	721	123.8881	360	123.7163
group_8039	513	63099	123.0000	427	156.1807	213	155.8150
cytM	501	80864	161.4052	571	213.8530	285	213.4785
gerM	681	85883	126.1131	600	165.3183	300	165.3184
group_8040	858	999	1.1643	7	1.5308	3	1.3121
group_8042	162	0	0.0000	0	0.0000	0	0.0000
group_8046	864	113738	131.6412	769	167.0050	384	166.7879
group_8048	1209	7227	5.9777	50	7.7600	25	7.7600
group_8050	696	113113	162.5187	771	207.8557	385	207.5862
group_8056	303	1588	5.2409	11	6.8119	5	6.1926
group_8057	510	32082	62.9059	218	80.2053	109	80.2053
group_8059	249	8869	35.6185	61	45.9671	30	45.2136
group_8061	372	906	2.4355	6	3.0264	3	3.0264
group_8062	507	5448	10.7456	37	13.6934	18	13.3233
group_8065	993	119180	120.0201	807	152.4899	403	152.3010
group_8066	474	73626	155.3291	506	200.3037	253	200.3038
group_8072	351	604	1.7208	4	2.1383	2	2.1383
group_8068	1107	187312	169.2069	1283	217.4683	641	217.2988
group_8069	534	40182	75.2472	273	95.9264	136	95.5751
nit2	819	127147	155.2466	878	201.1535	439	201.1535
group_8071	702	2869	4.0869	19	5.0785	9	4.8112
group_8074	678	0	0.0000	0	0.0000	0	0.0000
group_8076	693	4799	6.9250	32	8.6643	16	8.6643
group_8077	576	759	1.3177	5	1.6288	2	1.3030
group_8079	216	603	2.7917	5	4.3434	2	3.4747
group_8081	309	6999	22.6505	50	30.3619	25	30.3619
nrnA	1224	193344	157.9608	1312	201.1265	656	201.1265
group_8086	492	30786	62.5732	213	81.2328	106	80.8514
group_8090	1038	126455	121.8256	860	155.4598	430	155.4598
group_8091	3546	4530	1.2775	30	1.5874	15	1.5874
group_8093	3180	383712	120.6642	2543	150.0500	1271	149.9911
group_8095	351	7991	22.7664	61	32.6092	30	32.0746
group_8096	654	87458	133.7278	599	171.8565	299	171.5696
group_8097	1563	267657	171.2457	1798	215.8478	899	215.8478
group_8101	570	13873	24.3386	100	32.9187	50	32.9187
group_8102	618	5686	9.2006	38	11.5375	19	11.5375
group_8105	522	14332	27.4559	99	35.5862	49	35.2267
group_8108	270	10985	40.6852	78	54.2060	39	54.2061
group_8110	4497	21301	4.7367	133	5.5494	66	5.5077
group_8112	348	20918	60.1092	143	77.1034	71	76.5643
group_8113	324	1060	3.2716	8	4.6330	4	4.6330
group_8115	738	2114	2.8645	14	3.5595	7	3.5595
group_8121	465	59355	127.6452	430	173.5131	215	173.5132
cimA	1641	316982	193.1639	2145	245.2650	1072	245.1507
group_8126	258	0	0.0000	0	0.0000	0	0.0000
group_8132	1128	7066	6.2642	48	7.9845	24	7.9845
group_8129	1134	93641	82.5758	583	96.4656	291	96.3001
group_8133	135	365	2.7037	6	8.3394	3	8.3394
group_8135	1377	239834	174.1714	1602	218.2958	801	218.2959
group_8137	3732	718484	192.5198	4789	240.7798	2394	240.7296
group_8138	294	26389	89.7585	193	123.1762	96	122.5380
group_8141	480	0	0.0000	0	0.0000	0	0.0000
group_8147	219	10417	47.5662	77	65.9726	38	65.1158
group_8145	474	48484	102.2869	341	134.9873	170	134.5915
group_8146	462	449	0.9719	3	1.2184	1	0.8123
group_8148	156	0	0.0000	0	0.0000	0	0.0000
group_8149	2142	75333	35.1695	509	44.5877	254	44.5001
group_8150	1491	186847	125.3166	1262	158.8176	631	158.8176
group_8151	522	17825	34.1475	127	45.6510	63	45.2915
group_8154	432	19292	44.6574	135	58.6363	67	58.2020
group_8153	222	2703	12.1757	18	15.2138	9	15.2138
group_8161	1086	20292	18.6851	141	24.3616	70	24.1888
group_8162	627	60999	97.2871	427	127.7842	213	127.4850
group_8163	1545	153976	99.6608	1038	126.0625	519	126.0625
group_8164	975	90633	92.9569	613	117.9703	306	117.7779
group_8165	2076	6006	2.8931	40	3.6153	20	3.6153
group_8166	1548	6272	4.0517	42	5.0909	21	5.0909
group_8167	1125	121363	107.8782	825	137.6000	412	137.4332
group_8169	699	111504	159.5193	768	206.1583	384	206.1584
group_8170	1956	372656	190.5194	2480	237.9029	1240	237.9029
group_8171	1764	40112	22.7392	273	29.0390	136	28.9326
group_8174	324	1702	5.2531	14	8.1077	7	8.1077
group_8176	186	2594	13.9462	23	23.2023	11	22.1935
group_8178	282	2853	10.1170	22	14.6383	11	14.6383
group_8179	261	22147	84.8544	161	115.7450	80	115.0261
udp	804	35785	44.5087	247	57.6445	123	57.4111
group_8184	924	35870	38.8203	244	49.5490	122	49.5490
tsaE	471	62113	131.8747	441	175.6849	220	175.2866
group_8186	1296	246133	189.9174	1674	242.3636	837	242.3636
group_8188	1317	11273	8.5596	76	10.8279	38	10.8279
group_8190	2166	139550	64.4275	936	81.0838	468	81.0838
group_8191	2181	199717	91.5713	1337	115.0251	668	114.9391
group_8192	615	7549	12.2748	51	15.5601	25	15.2550
group_8194	1449	284344	196.2346	1909	247.2034	954	247.0739
group_8196	1074	38188	35.5568	261	45.5988	130	45.4241
group_8197	1155	75401	65.2823	506	82.2026	253	82.2026
group_8201	501	21281	42.4770	148	55.4295	74	55.4295
group_8203	543	55848	102.8508	387	133.7297	193	133.3842
group_8205	2280	325103	142.5890	2097	172.5760	1048	172.4938
group_8207	420	33376	79.4667	232	103.6467	116	103.6467
group_8209	936	129403	138.2511	879	176.2097	439	176.0093
group_8213	2505	224578	89.6519	1506	112.8065	753	112.8065
group_8214	1914	34885	18.2262	232	22.7438	116	22.7438
group_8217	261	1580	6.0536	11	7.9080	5	7.1891
mrcB	1932	329250	170.4193	2209	214.5386	1104	214.4415
group_8219	591	53364	90.2944	366	116.2012	183	116.2012
group_8221	636	73182	115.0660	510	150.4631	255	150.4631
group_8223	1536	177285	115.4199	1190	145.3693	595	145.3693
group_8224	3258	108212	33.2142	724	41.6970	362	41.6970
group_8225	2883	18450	6.3996	43	2.7986	21	2.7335
group_8228	678	11867	17.5029	83	22.9702	41	22.6935
group_8231	576	278	0.4826	2	0.6515	1	0.6515
group_8232	303	0	0.0000	0	0.0000	0	0.0000
group_8233	2526	473141	187.3084	3174	235.7710	1587	235.7711
clpA	1725	128779	74.6545	866	94.1989	433	94.1989
group_8235	816	8316	10.1912	57	13.1069	28	12.8770
hpsP	1212	111060	91.6337	746	115.4923	373	115.4923
group_8237	771	129033	167.3580	898	218.5440	449	218.5440
ykwD	990	91183	92.1040	617	116.9410	308	116.7515
group_8238	831	135494	163.0493	926	209.0869	463	209.0869
group_8239	978	26246	26.8364	179	34.3424	89	34.1506
yfdV	897	145275	161.9565	990	207.0902	495	207.0903
group_8241	450	0	0.0000	0	0.0000	0	0.0000
menA	957	151304	158.1024	1025	200.9689	512	200.7728
group_8246	336	14367	42.7589	101	56.4026	50	55.8441
group_8247	1305	46893	35.9333	311	44.7164	155	44.5726
group_8249	924	72807	78.7955	498	101.1287	249	101.1287
group_8252	3279	95537	29.1360	627	35.8792	313	35.8220
group_8253	1683	295499	175.5787	1966	219.1877	983	219.1878
group_8254	882	132433	150.1508	913	194.2312	456	194.0185
group_8257	129	0	0.0000	0	0.0000	0	0.0000
group_8258	732	1427	1.9495	10	2.5633	5	2.5633
group_8260	1344	28680	21.3393	196	27.3636	98	27.3636
group_8262	276	586	2.1232	5	3.3992	2	2.7194
group_8263	1416	266546	188.2387	1766	234.0153	883	234.0154
group_8265	576	54645	94.8698	386	125.7424	193	125.7424
group_8266	1395	280346	200.9649	1894	254.7550	947	254.7550
mtnA	1101	173342	157.4405	1165	198.5434	582	198.3730
group_8268	303	2392	7.8944	17	10.5274	8	9.9082
group_8269	219	0	0.0000	0	0.0000	0	0.0000
group_8270	339	883	2.6047	7	3.8745	3	3.3210
group_8272	936	95804	102.3547	658	131.9067	329	131.9067
group_8273	444	11884	26.7658	84	35.4988	42	35.4988
yqgF	393	9349	23.7888	70	33.4212	35	33.4212
hisI	354	4549	12.8503	33	17.4915	16	16.9615
group_8277	813	94178	115.8401	643	148.4012	321	148.1704
group_8278	780	115270	147.7821	785	188.8391	392	188.5986
group_8280	1983	0	0.0000	0	0.0000	0	0.0000
group_8281	984	23562	23.9451	160	30.5100	80	30.5100
group_8282	1983	34632	17.4644	236	22.3309	118	22.3309
group_8283	786	3923	4.9911	28	6.6842	14	6.6842
group_8284	405	41584	102.6765	302	139.9165	151	139.9165
group_8286	174	5066	29.1149	39	42.0564	19	40.9781
group_8288	660	42721	64.7288	293	83.2991	146	83.0149
group_8289	3300	20956	6.3503	140	7.9603	70	7.9603
group_8290	261	9476	36.3065	74	53.1996	37	53.1996
group_8292	969	154445	159.3860	1053	203.9020	526	203.7084
group_8293	621	3020	4.8631	20	6.0430	10	6.0430
cysT	843	133606	158.4887	917	204.1073	458	203.8848
cysA	1134	158187	139.4947	1069	176.8811	534	176.7157
group_8295	1017	7136	7.0167	47	8.6715	23	8.4870
group_8296	816	8801	10.7855	60	13.7968	30	13.7968
hisH	639	96031	150.2833	668	196.1519	334	196.1519
group_8301	2868	505988	176.4254	3369	220.4138	1684	220.3484
group_8303	204	2045	10.0245	16	14.7166	8	14.7166
mutL	1653	321080	194.2408	2161	245.3007	1080	245.1872
group_8307	189	1150	6.0847	8	7.9423	4	7.9423
group_8308	2115	119568	56.5333	800	70.9735	400	70.9736
group_8309	414	1189	2.8720	8	3.6258	4	3.6258
group_8313	345	13664	39.6058	95	51.6680	47	51.1241
group_8314	540	0	0.0000	0	0.0000	0	0.0000
group_8315	339	14818	43.7109	107	59.2244	53	58.6709
group_8318	126	144	1.1429	2	2.9784	1	2.9784
group_8319	393	52516	133.6285	372	177.6099	186	177.6100
group_8321	1977	2922	1.4780	22	2.0880	11	2.0880
group_8322	402	1613	4.0124	11	5.1343	5	4.6676
group_8323	294	33035	112.3639	235	149.9814	117	149.3432
group_8324	1284	213748	166.4704	1438	210.1410	719	210.1410
group_8325	2271	175077	77.0925	1082	89.3978	541	89.3978
group_8326	1410	183773	130.3355	1258	167.4088	629	167.4089
group_8327	903	23019	25.4917	152	31.5844	76	31.5844
gshB	984	151633	154.0986	1031	196.5986	515	196.4080
group_8328	678	26735	39.4322	170	47.0475	85	47.0475
ureC	1710	161349	94.3561	1084	118.9461	542	118.9461
group_8329	834	77514	92.9424	531	119.4663	265	119.2413
group_8330	1854	192068	103.5965	1284	129.9488	642	129.9488
group_8331	570	88188	154.7158	600	197.5119	300	197.5119
group_8332	792	906	1.1439	6	1.4215	3	1.4215
group_8334	588	5782	9.8333	40	12.7644	20	12.7644
group_8335	5910	42639	7.2147	277	8.7945	138	8.7627
group_8337	918	34423	37.4978	235	48.0333	117	47.8289
cas1d~~~cas1	1029	47615	46.2731	314	57.2573	157	57.2573
group_8339	1338	25672	19.1868	173	24.2609	86	24.1207
group_8344	3237	122038	37.7010	815	47.2424	407	47.1844
group_8341	297	7083	23.8485	57	36.0110	28	35.3792
group_8343	2634	473860	179.9013	3181	226.6025	1590	226.5313
mdlB	1893	329488	174.0560	2200	218.0665	1100	218.0665
group_8345	747	87995	117.7979	597	149.9583	298	149.7072
group_8346	1584	289080	182.5000	1942	230.0440	971	230.0440
group_8348	999	30007	30.0370	223	41.8848	111	41.6970
group_8349	2016	342699	169.9896	2305	214.5346	1152	214.4415
group_8350	1077	106167	98.5766	713	124.2198	356	124.0456
group_8351	1410	159402	113.0511	1059	140.9268	529	140.7938
group_8352	210	132	0.6286	2	1.7870	1	1.7870
group_16596	846	684	0.8085	5	1.1090	2	0.8872
group_16597	798	1335	1.6729	9	2.1162	4	1.8811
group_8357	567	10119	17.8466	74	24.4887	37	24.4887
group_8361	411	36552	88.9343	271	123.7213	135	123.2647
group_8362	1644	11817	7.1880	79	9.0166	39	8.9025
group_8363	2235	646	0.2890	4	0.3358	2	0.3358
group_8364	453	16737	36.9470	106	43.9061	53	43.9061
pcnB	1245	223925	179.8594	1519	228.9314	759	228.7807
group_8365	180	146	0.8111	1	1.0424	0	0.0000
group_8370	852	62407	73.2477	418	92.0563	209	92.0563
prfB	1032	33309	32.2762	232	42.1818	116	42.1818
murD	1404	202601	144.3027	1364	182.2905	682	182.2906
ilvN	558	15425	27.6434	112	37.6618	56	37.6618
group_8376	210	0	0.0000	0	0.0000	0	0.0000
group_8377	444	73748	166.0991	520	219.7542	260	219.7543
prmC	885	148944	168.2983	1023	216.8948	511	216.6829
group_8378	1239	237820	191.9451	1621	245.4870	810	245.3356
group_8380	1023	3559	3.4790	24	4.4020	12	4.4020
ylqC	366	45563	124.4891	326	167.1296	163	167.1296
group_8383	291	5718	19.6495	40	25.7919	20	25.7919
group_8384	468	15611	33.3568	107	42.8998	53	42.4988
group_8389	693	1564	2.2569	12	3.2491	6	3.2491
rluA	1506	280517	186.2663	1891	235.6044	945	235.4799
group_8391	1389	81223	58.4759	545	73.6226	272	73.4875
group_8392	171	445	2.6023	3	3.2919	1	2.1946
group_8393	960	113165	117.8802	762	148.9363	381	148.9363
group_8394	213	0	0.0000	0	0.0000	0	0.0000
group_8396	1779	0	0.0000	0	0.0000	0	0.0000
group_8400	216	331	1.5324	3	2.6061	1	1.7374
group_8398	690	87052	126.1623	597	162.3462	298	162.0743
group_8399	903	136171	150.7984	930	193.2467	465	193.2467
group_8401	858	132134	154.0023	893	195.2905	446	195.0718
group_8409	1098	170097	154.9153	1158	197.8897	579	197.8897
group_8411	369	43548	118.0163	307	156.1093	153	155.6009
group_8412	591	38942	65.8917	269	85.4047	134	85.0872
group_8413	387	9475	24.4832	66	32.0000	33	32.0000
group_8416	984	16866	17.1402	115	21.9290	57	21.7384
group_8415	2259	33067	14.6379	223	18.5228	111	18.4397
group_8417	252	2348	9.3175	18	13.4026	9	13.4026
group_8422	1254	204286	162.9075	1382	206.7890	691	206.7890
group_8424	1416	189871	134.0897	1266	167.7596	633	167.7596
group_8426	168	0	0.0000	0	0.0000	0	0.0000
group_8427	321	2276	7.0903	18	10.5217	9	10.5217
group_8428	1890	8407	4.4481	58	5.7582	29	5.7582
group_8429	243	10980	45.1852	78	60.2289	39	60.2289
group_8430	591	9512	16.0948	64	20.3193	32	20.3193
group_8432	1050	203693	193.9933	1399	250.0030	699	249.8244
thrB	927	133920	144.4660	907	183.5881	453	183.3857
group_8435	1392	151631	108.9303	1018	137.2225	509	137.2226
group_17166	618	1799	2.9110	13	3.9470	6	3.6434
group_8438	2043	142183	69.5952	952	87.4350	476	87.4350
group_8439	909	237013	260.7404	1608	331.9243	804	331.9243
group_8440	591	5556	9.4010	39	12.3821	19	12.0646
group_8441	228	1205	5.2851	8	6.5837	4	6.5837
group_8442	2694	62340	23.1403	422	29.3922	211	29.3922
group_8443	702	5718	8.1453	39	10.4242	19	10.1570
group_8445	1518	120346	79.2793	804	99.3805	402	99.3805
phoX	2310	438780	189.9481	2953	239.8658	1476	239.7846
group_8446	351	2823	8.0427	20	10.6915	10	10.6915
group_8447	1512	40480	26.7725	273	33.8788	136	33.7547
group_8448	1482	41564	28.0459	280	35.4509	140	35.4509
sEC59	705	118836	168.5617	823	219.0421	411	218.7760
leuS	2553	472515	185.0823	3171	233.0571	1585	232.9836
aroB	1101	165042	149.9019	1117	190.3631	558	190.1927
group_8450	117	1760	15.0427	20	32.0746	10	32.0746
group_8452	3357	89651	26.7057	486	27.1645	243	27.1645
group_8453	258	2390	9.2636	18	13.0909	9	13.0909
group_8454	210	374	1.7810	3	2.6805	1	1.7870
group_8457	294	26329	89.5544	190	121.2616	95	121.2616
group_8458	540	9256	17.1407	65	22.5859	32	22.2384
group_8460	2226	210813	94.7049	1113	93.8182	556	93.7339
group_8461	222	0	0.0000	0	0.0000	0	0.0000
group_8462	264	0	0.0000	0	0.0000	0	0.0000
group_8466	1701	3803	2.2357	30	3.3093	15	3.3093
group_8467	231	0	0.0000	0	0.0000	0	0.0000
group_8468	1728	113550	65.7118	754	81.8737	377	81.8737
group_8470	393	19651	50.0025	142	67.7973	71	67.7974
rfbB	1137	200453	176.2999	1361	224.6025	680	224.4375
group_8472	504	48230	95.6944	333	123.9740	166	123.6017
group_8473	564	26375	46.7642	187	62.2127	93	61.8801
group_8476	291	2031	6.9794	15	9.6720	7	9.0272
group_8477	240	7789	32.4542	54	42.2182	27	42.2182
group_8478	279	0	0.0000	0	0.0000	0	0.0000
group_8479	744	36878	49.5672	260	65.5718	130	65.5718
group_8480	366	216	0.5902	2	1.0253	1	1.0253
group_8481	327	38742	118.4771	273	156.6505	136	156.0767
group_8484	204	1391	6.8186	12	11.0374	6	11.0374
group_8488	771	119473	154.9585	820	199.5613	410	199.5613
group_8490	1044	148095	141.8534	1005	180.6269	502	180.4472
bioD	732	93179	127.2937	628	160.9776	314	160.9776
group_8492	186	0	0.0000	0	0.0000	0	0.0000
group_8493	1263	28646	22.6809	198	29.4157	99	29.4157
nACHT	2358	364414	154.5437	2422	192.7291	1211	192.7291
group_8499	3042	202232	66.4799	1348	83.1472	674	83.1472
group_8500	1902	41458	21.7971	280	27.6226	140	27.6226
group_8501	513	43341	84.4854	297	108.6315	148	108.2658
group_8502	873	121957	139.6987	829	178.1793	414	177.9644
group_8503	3558	27254	7.6599	139	7.3304	69	7.2776
group_8507	219	4771	21.7854	36	30.8443	18	30.8443
group_8508	1251	73493	58.7474	506	75.8945	253	75.8945
group_8510	1056	9533	9.0275	67	11.9050	33	11.7273
group_8514	1428	180211	126.1982	1218	160.0427	609	160.0428
group_8515	174	6418	36.8851	48	51.7617	24	51.7617
group_8518	873	156675	179.4674	1065	228.9034	532	228.6885
dLH	846	127034	150.1584	857	190.0760	428	189.8543
group_8522	783	90695	115.8301	622	149.0546	311	149.0547
group_8526	198	4593	23.1970	35	33.1680	17	32.2204
group_8525	156	358	2.2949	3	3.6084	1	2.4056
group_8528	198	1508	7.6162	11	10.4242	5	9.4766
group_8531	1695	328707	193.9274	2215	245.2002	1107	245.0896
group_8533	618	61246	99.1036	433	131.4669	216	131.1633
group_8534	1596	49516	31.0251	335	39.3848	167	39.2673
group_8536	102	0	0.0000	0	0.0000	0	0.0000
group_8537	1305	163242	125.0897	1095	157.4420	547	157.2982
group_8538	594	76637	129.0185	528	166.7878	264	166.7879
group_8541	1284	189778	147.8022	1276	186.4672	638	186.4673
group_8542	1776	9854	5.5484	68	7.1843	34	7.1843
group_8543	1338	237647	177.6136	1611	225.9208	805	225.7806
group_8545	15297	478804	31.3005	2915	35.7560	1457	35.7438
group_8546	1242	196961	158.5837	1324	200.0245	662	200.0246
group_8548	2967	46957	15.8264	314	19.8577	157	19.8577
group_8549	948	43153	45.5200	270	53.4407	135	53.4407
group_8550	174	3433	19.7299	23	24.8025	11	23.7241
group_8551	831	105710	127.2082	722	163.0246	361	163.0246
arnT	1626	152095	93.5394	1020	117.7054	510	117.7055
group_8553	1374	111970	81.4920	755	103.1044	377	102.9678
citT	1800	351771	195.4283	2373	247.3672	1186	247.2630
group_8554	822	105889	128.8187	722	164.8095	361	164.8095
group_8556	516	512	0.9922	4	1.4545	2	1.4545
group_8557	510	31858	62.4667	225	82.7807	112	82.4128
pheS	1005	168996	168.1552	1142	213.2146	571	213.2146
group_8558	615	75491	122.7496	515	157.1263	257	156.8213
group_8559	696	17575	25.2514	122	32.8903	61	32.8903
group_8561	1005	188224	187.2876	1264	235.9923	632	235.9924
group_8562	531	58457	110.0885	409	144.5259	204	144.1726
group_8565	616	61216	99.3766	416	126.7154	208	126.7154
group_8564	2133	392964	184.2307	2642	232.4122	1321	232.4122
group_8568	864	22952	26.5648	160	34.7475	80	34.7475
group_8569	246	7627	31.0041	105	80.0887	52	79.3259
pro1025	444	55527	125.0608	393	166.0835	196	165.6609
group_8572	417	8209	19.6859	60	26.9980	30	26.9980
group_8575	774	14022	18.1163	99	24.0000	49	23.7576
group_8573	984	150975	153.4299	1024	195.2638	512	195.2638
group_8576	936	111966	119.6218	769	154.1585	384	153.9580
soxR	393	16123	41.0254	124	59.2033	62	59.2033
group_8577	1656	1600	0.9662	11	1.2464	5	1.1331
group_8579	2307	380491	164.9289	2533	206.0177	1266	205.9364
iscS	1350	208909	154.7474	1412	196.2537	706	196.2537
group_8583	2952	9304	3.1518	62	3.9409	31	3.9409
wza	1503	175745	116.9295	1199	149.6846	599	149.5598
eGL9	936	42970	45.9081	290	58.1352	145	58.1352
group_8587	1326	14051	10.5965	94	13.3015	47	13.3015
group_8590	156	151	0.9679	1	1.2028	0	0.0000
group_8591	1191	204897	172.0378	1392	219.3029	696	219.3029
ylmH	780	123969	158.9346	853	205.1971	426	204.9566
group_8594	249	1591	6.3896	11	8.2892	5	7.5356
ntrB	888	116893	131.6363	803	169.6756	401	169.4643
group_8596	576	4055	7.0399	28	9.1212	14	9.1212
group_8598	816	78603	96.3272	531	122.1016	265	121.8716
group_8599	1161	125296	107.9208	842	136.0808	421	136.0808
group_8600	948	150759	159.0285	1016	201.0955	508	201.0955
group_8601	684	101507	148.4020	699	191.7511	349	191.4768
group_15954	900	54597	60.6633	375	78.1818	187	77.9733
group_8604	1401	56131	40.0650	385	51.5632	192	51.4292
group_8605	276	7182	26.0217	54	36.7115	27	36.7115
group_8607	126	108	0.8571	2	2.9784	1	2.9784
mrdA	1947	366883	188.4350	2419	233.1239	1209	233.0276
group_13839	495	151	0.3051	1	0.3791	0	0.0000
frmA	1209	166414	137.6460	1124	174.4443	562	174.4444
group_8615	120	228	1.9000	2	3.1273	1	3.1273
group_8616	1422	7560	5.3165	51	6.7296	25	6.5976
group_8619	1719	86588	50.3711	579	63.2004	289	63.0912
group_8620	414	723	1.7464	6	2.7194	3	2.7194
group_8617	888	57330	64.5608	376	79.4496	188	79.4496
group_8618	867	21692	25.0196	147	31.8138	73	31.5974
group_8622	615	56150	91.3008	367	111.9716	183	111.6665
group_8623	918	1478	1.6100	10	2.0440	5	2.0440
group_8624	1227	205333	167.3456	1391	212.7157	695	212.5628
group_8625	513	2392	4.6628	18	6.5837	9	6.5837
group_8627	870	2488	2.8598	17	3.6665	8	3.4508
group_8630	210	151	0.7190	1	0.8935	0	0.0000
group_8632	1683	75059	44.5983	507	56.5250	253	56.4135
group_8634	171	251	1.4678	3	3.2919	1	2.1946
group_8635	1398	19141	13.6917	129	17.3141	64	17.1799
group_8636	966	153508	158.9110	1054	204.7295	527	204.7295
purF	1464	265310	181.2227	1780	228.1370	890	228.1371
group_8640	1233	135986	110.2887	918	139.7000	459	139.7000
group_8641	294	2064	7.0204	14	8.9351	7	8.9351
group_8642	696	12682	18.2213	89	23.9937	44	23.7241
group_8643	1125	117047	104.0418	793	132.2627	396	132.0960
group_8644	702	1890	2.6923	13	3.4747	6	3.2075
group_8645	789	0	0.0000	0	0.0000	0	0.0000
group_8646	852	58432	68.5822	404	88.9731	202	88.9731
crtD	1524	214069	140.4652	1441	177.4173	720	177.2942
group_8649	693	20517	29.6061	145	39.2601	72	38.9894
group_8651	1107	27758	25.0750	189	32.0355	94	31.8660
group_8654	246	295	1.1992	2	1.5255	1	1.5255
group_8658	639	2137	3.3443	14	4.1110	7	4.1110
group_8661	624	0	0.0000	0	0.0000	0	0.0000
group_8664	801	3727	4.6529	25	5.8563	12	5.6221
group_8665	1287	229640	178.4305	1560	227.4379	780	227.4380
group_8666	2388	100346	42.0209	672	52.8022	336	52.8022
tsaD	1065	158990	149.2864	1075	189.3982	537	189.2220
group_8667	591	23163	39.1929	155	49.2109	77	48.8934
group_8668	312	0	0.0000	0	0.0000	0	0.0000
group_8669	591	43810	74.1286	300	95.2469	150	95.2469
yybS	756	121949	161.3082	841	208.7330	420	208.4848
group_8674	915	92076	100.6295	632	129.6023	316	129.6024
group_8677	864	0	0.0000	0	0.0000	0	0.0000
group_8678	924	201536	218.1126	1159	235.3577	579	235.1546
group_8683	675	6032	8.9363	41	11.3972	20	11.1192
group_8684	795	8191	10.3031	55	12.9811	27	12.7451
group_8687	975	113921	116.8421	671	129.1323	335	128.9398
group_8694	168	0	0.0000	0	0.0000	0	0.0000
group_8696	1404	3721	2.6503	25	3.3411	12	3.2075
group_8697	216	7399	34.2546	55	47.7778	27	46.9091
group_8698	261	6213	23.8046	42	30.1943	21	30.1944
group_8699	921	3534	3.8371	24	4.8895	12	4.8895
group_8700	561	0	0.0000	0	0.0000	0	0.0000
group_8701	609	0	0.0000	0	0.0000	0	0.0000
group_8702	204	7664	37.5686	58	53.3476	29	53.3476
group_8703	1083	172132	158.9400	1161	201.1503	580	200.9771
group_8704	870	136577	156.9851	934	201.4394	467	201.4395
relB	408	32677	80.0907	226	103.9358	113	103.9358
hpsO	1170	226581	193.6590	1538	246.6535	769	246.6536
group_8706	1548	228535	147.6324	1526	184.9696	763	184.9697
group_8712	459	27376	59.6427	168	68.6773	84	68.6774
group_8714	408	51656	126.6078	368	169.2406	184	169.2406
group_8716	1317	149101	113.2126	1003	142.8999	501	142.7575
group_8717	90	0	0.0000	0	0.0000	0	0.0000
group_8719	201	1440	7.1642	11	10.2687	5	9.3351
ddpX	804	118040	146.8159	812	189.5033	406	189.5034
group_8720	1506	13199	8.7643	90	11.2133	45	11.2133
group_8722	189	120	0.6349	2	1.9856	1	1.9856
group_8723	477	59925	125.6289	415	163.2475	207	162.8542
group_8724	780	308	0.3949	2	0.4811	1	0.4811
group_8725	828	16053	19.3877	111	25.1541	55	24.9275
group_8726	795	118670	149.2704	812	191.6487	406	191.6487
group_8727	411	46692	113.6058	328	149.7438	164	149.7438
group_8730	744	51468	69.1774	351	88.5220	175	88.2698
zwf	1530	272793	178.2961	1837	225.2862	918	225.1636
tamB	6138	1199744	195.4617	8008	244.8015	4004	244.8015
group_8732	291	1508	5.1821	11	7.0928	5	6.4480
group_8733	579	11522	19.8998	80	25.9256	40	25.9256
group_8734	1047	167495	159.9761	1141	204.4824	570	204.3032
group_8735	1326	145462	109.6998	973	137.6849	486	137.5434
group_8736	1173	201262	171.5789	1361	217.7093	680	217.5494
group_8737	126	1121	8.8968	12	17.8701	6	17.8701
group_8739	228	0	0.0000	0	0.0000	0	0.0000
group_8742	117	0	0.0000	0	0.0000	0	0.0000
group_8743	762	15738	20.6535	110	27.0866	55	27.0866
plsX	1062	197339	185.8183	1355	239.4041	677	239.2275
group_8745	231	5604	24.2597	38	30.8666	19	30.8666
group_8746	837	91694	109.5508	616	138.0931	308	138.0932
group_8752	249	5740	23.0522	40	30.1424	20	30.1424
group_8750	1422	128724	90.5232	867	114.4027	433	114.2708
group_8751	1065	14769	13.8676	101	17.7946	50	17.6184
group_8757	1569	15317	9.7623	103	12.3177	51	12.1982
group_8758	162	402	2.4815	4	4.6330	2	4.6330
group_8759	276	0	0.0000	0	0.0000	0	0.0000
aceF	1263	89866	71.1528	602	89.4355	301	89.4355
group_8760	945	6305	6.6720	43	8.5379	21	8.3394
group_8762	1920	151	0.0786	1	0.0977	0	0.0000
narK	1269	217983	171.7754	1474	217.9479	737	217.9480
group_8764	2604	479315	184.0687	3216	231.7352	1608	231.7352
group_8765	1278	208155	162.8756	1403	205.9888	701	205.8421
group_8766	462	52391	113.4004	380	154.3329	190	154.3329
group_8767	891	115559	129.6958	770	162.1548	385	162.1549
group_8768	1389	0	0.0000	0	0.0000	0	0.0000
group_8771	1170	213176	182.2017	1441	231.0974	720	230.9370
group_8773	786	4799	6.1056	32	7.6391	16	7.6391
group_8781	942	7688	8.1614	51	10.1587	25	9.9595
group_8778	858	57503	67.0198	386	84.4145	193	84.4145
group_8779	792	2806	3.5429	23	5.4490	11	5.2121
serS	1419	185885	130.9972	1258	166.3471	629	166.3471
group_8780	1383	89979	65.0607	605	82.0824	302	81.9467
urtD	864	155275	179.7164	1054	228.8989	527	228.8990
urtB	1197	188744	157.6809	1273	199.5497	636	199.3930
group_8788	1365	238405	174.6557	1615	222.0019	807	221.8645
group_8789	537	64414	119.9516	437	152.6947	218	152.3453
group_8787	558	6180	11.0753	36	12.1056	18	12.1056
group_8790	462	41352	89.5065	292	118.5926	146	118.5927
group_8791	465	6932	14.9075	50	20.1759	25	20.1760
group_8792	216	1822	8.4352	18	15.6364	9	15.6364
group_8793	357	26017	72.8768	199	104.5928	99	104.0672
group_8794	1287	27104	21.0598	184	26.8260	92	26.8260
group_8796	1332	11500	8.6336	78	10.9877	39	10.9877
group_8797	8844	262118	29.6379	1727	36.6404	863	36.6192
pepN	2733	463221	169.4918	3099	212.7643	1549	212.6957
group_8805	450	0	0.0000	0	0.0000	0	0.0000
group_8806	675	93372	138.3289	644	179.0189	322	179.0190
group_8807	954	180999	189.7264	1242	244.2812	621	244.2813
rsmG	690	125969	182.5638	861	234.1375	430	233.8656
group_8810	993	23795	23.9627	160	30.2334	80	30.2334
group_8812	780	52943	67.8756	364	87.5636	182	87.5636
group_8813	633	79107	124.9716	545	161.5510	272	161.2546
group_8816	927	169056	182.3689	1157	234.1912	578	233.9888
group_8819	1179	98040	83.1552	665	105.8339	332	105.6747
csaB	1038	168266	162.1060	1163	210.2322	581	210.0515
moaD	255	27670	108.5098	200	147.1657	100	147.1658
group_8822	552	26003	47.1069	185	62.8854	92	62.5454
dAP2	1971	260389	132.1101	1731	164.7887	865	164.6935
group_8824	855	132644	155.1392	922	202.3400	461	202.3400
group_8825	195	2852	14.6256	38	36.5650	19	36.5650
group_8826	717	11018	15.3668	76	19.8889	38	19.8889
group_8827	804	12096	15.0448	83	19.3704	41	19.1370
group_8828	654	57614	88.0948	387	111.0325	193	110.7456
rpsO	270	2080	7.7037	15	10.4242	7	9.7293
group_8832	165	0	0.0000	0	0.0000	0	0.0000
hemF	1155	70780	61.2814	476	77.3289	238	77.3289
group_8833	747	13593	18.1968	94	23.6115	47	23.6115
group_8834	843	165980	196.8921	1138	253.2979	569	253.2979
group_8838	189	1540	8.1481	12	11.9134	6	11.9134
group_8839	828	126578	152.8720	861	195.1146	430	194.8880
group_8840	333	6280	18.8589	45	25.3563	22	24.7928
group_8841	795	8273	10.4063	55	12.9811	27	12.7451
group_8842	711	40759	57.3263	273	72.0460	136	71.7821
group_8850	276	23904	86.6087	178	121.0118	89	121.0118
group_8845	1053	18689	17.7483	127	22.6304	63	22.4522
group_8846	903	100184	110.9457	683	141.9220	341	141.7143
group_8847	612	22418	36.6307	141	43.2299	70	42.9233
group_8848	453	46539	102.7351	336	139.1739	168	139.1740
group_8849	1044	169595	162.4473	1159	208.3051	579	208.1254
group_8852	786	2188	2.7837	15	3.5808	7	3.3421
group_8851	654	11112	16.9908	83	23.8132	41	23.5263
group_8855	444	0	0.0000	0	0.0000	0	0.0000
group_8854	414	7298	17.6280	51	23.1146	25	22.6614
group_8856	889	17685	19.8931	125	26.3831	62	26.1720
group_8858	267	8143	30.4981	62	43.5710	31	43.5710
group_8861	627	37760	60.2233	263	78.7055	131	78.4063
group_8862	975	9858	10.1108	68	13.0864	34	13.0864
group_8865	121	501	4.1405	6	9.3043	3	9.3043
group_8866	405	56414	139.2938	390	180.6868	195	180.6868
group_8867	972	151733	156.1039	1030	198.8327	515	198.8327
purQ	924	122666	132.7554	831	168.7508	415	168.5478
group_8870	678	108913	160.6386	760	210.3298	380	210.3298
group_8871	156	374	2.3974	6	7.2168	3	7.2168
group_8872	777	15421	19.8468	107	25.8392	53	25.5978
gmd	1140	108375	95.0658	756	124.4325	378	124.4325
group_8874	213	8207	38.5305	59	51.9744	29	51.0935
group_8876	294	4009	13.6361	33	21.0612	16	20.4230
mazG	1023	148890	145.5425	998	183.0509	499	183.0509
group_8877	861	15548	18.0581	105	22.8825	52	22.6646
group_8878	777	87632	112.7825	600	144.8929	300	144.8929
group_8879	150	0	0.0000	0	0.0000	0	0.0000
group_8880	834	139053	166.7302	971	218.4591	485	218.2341
tktA1	825	29634	35.9200	202	45.9425	101	45.9425
group_8884	1233	9973	8.0884	68	10.3481	34	10.3482
group_8885	204	865	4.2402	6	5.5187	3	5.5187
group_8886	132	399	3.0227	4	5.6859	2	5.6859
group_8887	351	12778	36.4046	93	49.7156	46	49.1810
group_8890	1017	18016	17.7148	124	22.8780	62	22.8780
group_8892	858	19782	23.0559	136	29.7419	68	29.7419
group_8897	2052	13959	6.8026	93	8.5040	46	8.4125
sbp	1044	169312	162.1762	1150	206.6875	575	206.6875
group_8898	1197	212203	177.2790	1427	223.6901	713	223.5333
group_8899	780	0	0.0000	0	0.0000	0	0.0000
group_8900	732	10371	14.1680	69	17.6870	34	17.4307
group_8901	183	4946	27.0273	35	35.8867	17	34.8614
group_8902	867	90844	104.7797	618	133.7477	309	133.7477
group_8903	1698	64166	37.7892	431	47.6274	215	47.5169
group_8906	210	11050	52.6190	80	71.4805	40	71.4805
scpB	519	50425	97.1580	360	130.1524	180	130.1524
group_8908	96	845	8.8021	10	19.5454	5	19.5455
group_8909	951	7153	7.5216	48	9.4706	24	9.4706
ppc	3057	563554	184.3487	3764	231.0314	1882	231.0315
group_8911	972	3650	3.7551	28	5.4052	14	5.4052
yhiN	1227	196152	159.8631	1332	203.6932	666	203.6932
group_8912	804	89679	111.5410	613	143.0610	306	142.8277
group_8913	1269	202965	159.9409	1364	201.6832	682	201.6832
group_8916	645	90076	139.6527	623	181.2363	311	180.9454
group_8915	681	88915	130.5653	604	166.4205	302	166.4205
group_8918	1053	3128	2.9706	21	3.7420	10	3.5638
group_8920	315	151	0.4794	1	0.5957	0	0.0000
group_8921	756	122585	162.1495	854	211.9595	427	211.9596
ruvB	1077	176071	163.4828	1206	210.1109	603	210.1109
group_8923	1263	193574	153.2652	1295	192.3904	647	192.2418
group_17232	189	222	1.1746	2	1.9856	1	1.9856
group_8688	708	16343	23.0833	113	29.9476	56	29.6826
group_8925	849	121813	143.4782	837	184.9842	418	184.7632
group_8926	237	0	0.0000	0	0.0000	0	0.0000
group_8927	429	4589	10.6970	32	13.9962	16	13.9962
group_8928	105	0	0.0000	0	0.0000	0	0.0000
group_8930	396	1503	3.7955	10	4.7383	5	4.7383
group_8933	1431	233591	163.2362	1568	205.6001	784	205.6001
group_8931	657	89128	135.6591	623	177.9261	311	177.6405
group_8934	138	0	0.0000	0	0.0000	0	0.0000
frhG	612	104415	170.6127	718	220.1354	359	220.1354
group_8935	165	1839	11.1455	13	14.7835	6	13.6463
group_8936	315	11637	36.9429	82	48.8450	41	48.8450
group_8937	180	234	1.3000	2	2.0848	1	2.0848
anmK	1137	206030	181.2049	1405	231.8637	702	231.6987
group_8940	2016	26214	13.0030	177	16.4740	88	16.3810
group_8941	1242	3574	2.8776	24	3.6258	12	3.6258
group_8948	792	4238	5.3510	30	7.1074	15	7.1074
group_8944	528	73897	139.9564	532	189.0578	266	189.0578
group_8945	1023	77268	75.5308	527	96.6611	263	96.4777
group_8947	513	65881	128.4230	457	167.1536	228	166.7879
group_8950	2061	18779	9.1116	127	11.5623	63	11.4712
group_8959	1032	28851	27.9564	189	34.3636	94	34.1818
group_8953	201	2725	13.5572	22	20.5373	11	20.5373
group_8954	1068	193625	181.2968	1316	231.2073	658	231.2073
cbiB	984	161313	163.9360	1090	207.8492	545	207.8492
group_8956	507	53880	106.2722	367	135.8235	183	135.4535
group_8957	327	25498	77.9755	182	104.4337	91	104.4337
group_8958	384	43441	113.1276	304	148.5454	152	148.5454
rAYT	588	22811	38.7942	153	48.8237	76	48.5046
group_8961	273	12297	45.0440	89	61.1708	44	60.4835
group_8962	588	1725	2.9337	12	3.8293	6	3.8293
group_8963	459	25464	55.4771	175	71.5389	87	71.1301
group_8965	1749	11360	6.4951	68	7.2952	34	7.2952
group_8967	1587	1232	0.7763	8	0.9459	4	0.9459
group_8968	2226	65912	29.6101	445	37.5104	222	37.4261
group_8969	1083	145053	133.9363	965	167.1921	482	167.0189
group_8972	357	2781	7.7899	23	12.0886	11	11.5630
group_8973	255	371	1.4549	3	2.2075	1	1.4717
group_8976	426	8612	20.2160	60	26.4276	30	26.4277
menE	1794	271453	151.3116	1808	189.1006	904	189.1006
group_8978	828	10025	12.1075	69	15.6364	34	15.4097
group_8979	1074	162387	151.1983	1104	192.8775	552	192.8776
nlpI	540	27432	50.8000	190	66.0202	95	66.0202
mtnD	552	52243	94.6431	383	130.1897	191	129.8498
group_8980	186	1830	9.8387	15	15.1320	7	14.1232
group_8981	582	8811	15.1392	61	19.6663	30	19.3440
group_8983	489	25186	51.5051	178	68.3012	89	68.3012
group_8984	387	32964	85.1783	233	112.9697	116	112.4848
group_8985	264	0	0.0000	0	0.0000	0	0.0000
group_8986	4737	646568	136.4931	4314	170.8809	2157	170.8810
ssr3000	291	20411	70.1409	153	98.6541	76	98.0094
group_8987	411	2171	5.2822	16	7.3046	8	7.3046
group_8988	1320	224571	170.1295	1521	216.2082	760	216.0661
group_8990	366	32807	89.6366	233	119.4515	116	118.9389
group_8991	216	665	3.0787	5	4.3434	2	3.4747
group_8992	477	17697	37.1006	127	49.9577	63	49.5643
nrdA	3360	594037	176.7967	3827	213.7155	1913	213.6597
mmsB	879	147328	167.6086	1002	213.8926	501	213.8926
group_8994	294	1024	3.4830	8	5.1057	4	5.1058
phuW	843	141784	168.1898	974	216.7945	487	216.7945
group_8995	402	39560	98.4080	278	129.7584	139	129.7585
group_8996	1731	44974	25.9815	305	33.0613	152	32.9529
group_8997	531	22613	42.5857	154	54.4181	77	54.4181
group_8998	120	375	3.1250	4	6.2545	2	6.2545
group_9000	819	100393	122.5800	682	156.2490	341	156.2491
group_9001	276	8743	31.6775	63	42.8300	31	42.1502
group_9002	1488	0	0.0000	0	0.0000	0	0.0000
group_9003	711	90601	127.4276	626	165.2044	313	165.2044
group_9004	981	55576	56.6524	384	73.4479	192	73.4479
group_9005	1686	209120	124.0332	1415	157.4765	707	157.3652
flaA1	1908	240154	125.8669	1611	158.4288	805	158.3305
cobW	1059	174810	165.0708	1184	209.7841	592	209.7842
group_9009	2229	299980	134.5805	2008	169.0326	1004	169.0326
group_9010	459	6609	14.3987	48	19.6221	24	19.6221
group_9013	1239	91631	73.9556	624	94.4996	312	94.4997
group_9012	1557	296154	190.2081	2008	241.9870	1004	241.9870
ctaB	954	151878	159.2013	1044	205.3378	522	205.3379
group_9020	144	0	0.0000	0	0.0000	0	0.0000
group_9019	309	444	1.4369	3	1.8217	1	1.2145
group_9016	1125	182360	162.0978	1238	206.4833	619	206.4834
group_9018	615	56114	91.2423	397	121.1246	198	120.8195
group_9021	1089	195356	179.3903	1330	229.1610	665	229.1610
group_9022	807	130893	162.1970	893	207.6322	446	207.3998
group_9024	2397	11292	4.7109	75	5.8710	37	5.7927
group_9026	567	46615	82.2134	318	105.2352	159	105.2352
group_9034	1068	0	0.0000	0	0.0000	0	0.0000
group_9032	1704	10806	6.3415	69	7.5979	34	7.4878
group_9030	690	91196	132.1681	637	173.2237	318	172.9518
group_9035	1122	50806	45.2816	359	60.0369	179	59.8697
deoC	678	113219	166.9897	777	215.0345	388	214.7578
group_9037	675	119859	177.5689	833	231.5571	416	231.2792
group_9041	1242	182682	147.0870	1242	187.6363	621	187.6363
group_9042	471	14690	31.1890	103	41.0330	51	40.6346
ribE	744	24203	32.5309	163	41.1085	81	40.8563
group_9043	1338	52552	39.2765	355	49.7839	177	49.6437
yggS	660	108408	164.2545	745	211.8016	372	211.5173
group_9046	357	8656	24.2465	66	34.6891	33	34.6891
group_9047	549	0	0.0000	0	0.0000	0	0.0000
group_9048	312	0	0.0000	0	0.0000	0	0.0000
group_9049	432	49911	115.5347	347	150.7171	173	150.2828
group_9050	624	89167	142.8958	607	182.5244	303	182.2238
cobG	1440	254306	176.6014	1723	224.5121	861	224.3818
group_9052	291	24809	85.2543	174	112.1949	87	112.1949
group_9054	288	6035	20.9549	44	28.6667	22	28.6667
trmB	636	98064	154.1887	682	201.2075	341	201.2075
group_9055	696	49673	71.3693	335	90.3135	167	90.0439
group_9056	2052	32744	15.9571	200	18.2881	100	18.2881
group_9057	321	9175	28.5826	77	45.0093	38	44.4248
group_9058	402	8138	20.2438	60	28.0054	30	28.0054
group_9059	615	7120	11.5772	49	14.9499	24	14.6448
group_9061	93	0	0.0000	0	0.0000	0	0.0000
group_9064	885	19306	21.8147	132	27.9864	66	27.9864
group_9065	1227	117214	95.5289	783	119.7386	391	119.5857
group_9072	597	12533	20.9933	88	27.6583	44	27.6583
group_9074	684	62596	91.5146	427	117.1355	213	116.8612
group_9077	345	299	0.8667	2	1.0877	1	1.0877
ispA	1080	160866	148.9500	1083	188.1575	541	187.9838
group_9081	567	60893	107.3951	423	139.9826	211	139.6517
group_9082	396	13680	34.5455	96	45.4876	48	45.4876
group_9083	564	13606	24.1241	92	30.6073	46	30.6073
group_9085	564	31499	55.8493	216	71.8607	108	71.8607
group_9086	546	9657	17.6868	69	23.7123	34	23.3686
pap	1506	248629	165.0923	1680	209.3154	840	209.3154
group_9088	279	14561	52.1900	112	75.3235	56	75.3235
group_9089	1005	166110	165.2836	1123	209.6672	561	209.4806
glpG	612	104254	170.3497	728	223.2014	364	223.2014
group_9090	1164	196499	168.8136	1329	214.2342	664	214.0731
group_9091	2622	2257	0.8608	15	1.0734	7	1.0019
group_9092	945	6666	7.0540	47	9.3322	23	9.1336
group_9094	918	32023	34.8834	221	45.1717	110	44.9673
group_9097	1131	82233	72.7082	562	93.2375	281	93.2375
group_9098	303	2728	9.0033	21	13.0045	10	12.3852
group_9099	192	302	1.5729	2	1.9545	1	1.9545
group_9102	501	39306	78.4551	283	105.9902	141	105.6157
group_19141	525	8747	16.6610	61	21.8016	30	21.4442
group_19142	1050	8350	7.9524	52	9.2925	26	9.2925
hisA	762	110909	145.5499	760	187.1438	380	187.1439
group_9103	3018	554091	183.5954	3674	228.4214	1837	228.4214
group_9104	825	23219	28.1442	158	35.9352	79	35.9352
group_9105	1374	79142	57.5997	540	73.7435	270	73.7435
group_9106	1941	332508	171.3076	2220	214.6072	1110	214.6072
pheA	855	127992	149.6982	883	193.7811	441	193.5617
group_9107	681	100303	147.2878	693	190.9427	346	190.6672
group_9108	510	58950	115.5882	405	149.0053	202	148.6374
group_9109	633	48680	76.9036	336	99.5984	168	99.5984
group_9110	414	16601	40.0990	115	52.1212	57	51.6680
nlpC	861	38900	45.1800	265	57.7510	132	57.5331
ubiA	1137	147981	130.1504	995	164.2024	497	164.0374
group_9115	699	302	0.4320	2	0.5369	1	0.5369
group_9116	1101	1208	1.0972	8	1.3634	4	1.3634
group_9117	2112	893	0.4228	7	0.6219	3	0.5331
group_9120	963	0	0.0000	0	0.0000	0	0.0000
group_9121	3069	46108	15.0238	291	17.7915	145	17.7304
group_9122	2241	394857	176.1968	2652	222.0489	1326	222.0489
group_9125	297	28564	96.1751	204	128.8815	102	128.8815
group_9129	2832	490413	173.1684	3265	216.3250	1632	216.2588
group_9130	1041	6393	6.1412	43	7.7506	21	7.5703
queD	1056	145634	137.9110	984	174.8429	492	174.8430
group_9133	1176	173557	147.5825	1181	188.4341	590	188.2746
group_9134	360	3162	8.7833	24	12.5091	12	12.5091
group_9136	435	164	0.3770	2	0.8627	1	0.8627
group_9137	147	0	0.0000	0	0.0000	0	0.0000
group_9142	240	584	2.4333	5	3.9091	2	3.1273
group_9143	534	39173	73.3577	271	95.2237	135	94.8723
group_9154	387	1898	4.9044	14	6.7879	7	6.7879
group_9156	768	74220	96.6406	391	95.5284	195	95.2841
group_9160	213	1644	7.7183	16	14.0947	8	14.0947
walK	1998	362967	181.6652	2425	227.7368	1212	227.6429
group_9164	180	8180	45.4444	63	65.6727	31	64.6303
ddl	1059	184139	173.8801	1248	221.1238	624	221.1238
nirD	351	24488	69.7664	182	97.2929	91	97.2929
group_9167	276	26814	97.1522	195	132.5691	97	131.8893
group_9170	1341	4027	3.0030	28	3.9178	14	3.9178
group_9171	336	4211	12.5327	37	20.6623	18	20.1039
group_9172	885	111232	125.6859	736	156.0456	368	156.0456
group_9178	729	68939	94.5665	474	122.0022	237	122.0022
group_9179	822	302	0.3674	2	0.4565	1	0.4565
group_9180	873	77379	88.6357	527	113.2696	263	113.0547
group_9183	3003	1649	0.5491	11	0.6873	5	0.6248
gvpN	1044	171344	164.1226	1164	209.2037	582	209.2037
group_9184	315	487	1.5460	4	2.3827	2	2.3827
group_9185	2169	4096	1.8884	28	2.4222	14	2.4222
group_9187	783	47022	60.0536	331	79.3201	165	79.0804
group_9190	282	25517	90.4858	186	123.7601	93	123.7601
group_9191	213	147	0.6901	1	0.8809	0	0.0000
group_9192	1527	39033	25.5619	261	32.0714	130	31.9486
group_9195	2283	195696	85.7188	1297	106.5985	648	106.5163
group_9197	1665	200770	120.5826	1345	151.5741	672	151.4614
group_9198	348	54338	156.1437	384	207.0470	192	207.0470
group_9199	231	407	1.7619	3	2.4368	1	1.6246
group_9200	738	604	0.8184	4	1.0170	2	1.0170
group_9201	156	1055	6.7628	9	10.8252	4	9.6224
gatC	474	16921	35.6983	123	48.6904	61	48.2946
group_9203	4491	328912	73.2380	2038	85.1487	1019	85.1487
dcp	2052	124280	60.5653	844	77.1759	422	77.1760
thiS	261	13354	51.1648	96	69.0157	48	69.0157
group_9205	591	20740	35.0931	137	43.4961	68	43.1786
group_9206	153	0	0.0000	0	0.0000	0	0.0000
group_9208	1728	1127	0.6522	8	0.8687	4	0.8687
group_9210	279	16209	58.0968	113	75.9961	56	75.3235
group_9209	669	62769	93.8251	381	106.8601	190	106.5797
group_9212	3996	1208	0.3023	8	0.3756	4	0.3756
group_9215	5559	2374	0.4271	16	0.5401	8	0.5401
group_9214	816	14381	17.6238	98	22.5348	49	22.5348
group_9216	417	1349	3.2350	9	4.0497	4	3.5997
group_9217	825	0	0.0000	0	0.0000	0	0.0000
group_9218	264	6561	24.8523	45	31.9835	22	31.2727
group_9221	873	3763	4.3104	28	6.0181	14	6.0181
group_9224	588	28186	47.9354	205	65.4174	102	65.0983
group_9229	858	39452	45.9814	271	59.2651	135	59.0464
group_9231	360	28246	78.4611	201	104.7636	100	104.2424
group_9232	600	7068	11.7800	50	15.6364	25	15.6364
group_9233	537	38123	70.9926	264	92.2458	132	92.2458
group_9234	540	5034	9.3222	35	12.1616	17	11.8141
group_9235	594	0	0.0000	0	0.0000	0	0.0000
msrP	684	67387	98.5190	466	127.8341	233	127.8341
group_9240	390	2969	7.6128	20	9.6224	10	9.6224
group_9241	3327	645084	193.8936	4306	242.8500	2153	242.8500
group_9243	1158	119556	103.2435	806	130.6001	403	130.6001
group_9244	447	2675	5.9843	18	7.5558	9	7.5558
group_9246	195	0	0.0000	0	0.0000	0	0.0000
group_9249	3093	362617	117.2380	2391	145.0496	1195	144.9890
group_9250	414	38119	92.0749	270	122.3715	135	122.3715
group_9251	228	1052	4.6140	7	5.7608	3	4.9378
group_9253	255	14160	55.5294	99	72.8470	49	72.1112
group_9255	1233	25826	20.9457	174	26.4791	87	26.4791
pcxA	1338	267705	200.0785	1817	254.8095	908	254.6693
group_9257	375	2024	5.3973	14	7.0051	7	7.0051
group_9259	213	1035	4.8592	9	7.9283	4	7.0474
group_9261	642	17678	27.5358	120	35.0722	60	35.0722
group_9262	259	10679	41.2317	86	62.3039	43	62.3040
group_9266	285	5695	19.9825	44	28.9684	22	28.9684
group_9268	453	6462	14.2649	46	19.0536	23	19.0536
group_9267	3780	182025	48.1548	1196	59.3685	598	59.3685
group_9269	1731	30107	17.3928	205	22.2215	102	22.1131
group_9270	1317	220802	167.6553	1500	213.7088	750	213.7088
group_9271	882	132987	150.7789	887	188.7000	443	188.4873
group_9272	1287	16460	12.7894	110	16.0373	55	16.0373
group_9275	1017	52473	51.5959	358	66.0509	179	66.0509
group_9276	351	6845	19.5014	49	26.1942	24	25.6597
group_9277	1032	45121	43.7219	306	55.6363	153	55.6364
group_9282	2094	53250	25.4298	351	31.4519	175	31.3623
group_9283	201	1493	7.4279	13	12.1357	6	11.2022
group_9284	594	11354	19.1145	78	24.6391	39	24.6391
sipA	261	20726	79.4100	142	102.0857	71	102.0857
group_9285	300	14870	49.5667	100	62.5454	50	62.5454
group_9287	807	61619	76.3556	439	102.0723	219	101.8398
group_9290	855	20017	23.4117	135	29.6268	67	29.4073
group_9291	285	2606	9.1439	19	12.5091	9	11.8507
group_9292	1425	240258	168.6021	1610	211.9961	805	211.9961
group_9293	1077	17634	16.3733	118	20.5581	59	20.5581
group_9294	456	16100	35.3070	111	45.6746	55	45.2632
group_9295	684	54772	80.0760	375	102.8708	187	102.5965
group_9296	282	3795	13.4574	25	16.6344	12	15.9690
lysX	1014	131515	129.6992	891	164.8757	445	164.6907
group_9299	411	3809	9.2676	28	12.7830	14	12.7830
yhaK	708	94219	133.0777	649	171.9999	324	171.7350
group_9301	933	9347	10.0182	63	12.6700	31	12.4689
group_9302	339	7800	23.0088	57	31.5495	28	30.9960
group_9303	2136	125315	58.6681	837	73.5260	418	73.4382
group_9306	1170	9437	8.0658	62	9.9431	31	9.9431
group_9308	1212	0	0.0000	0	0.0000	0	0.0000
group_9311	1023	50216	49.0870	341	62.5454	170	62.3620
yutE	435	14940	34.3448	98	42.2721	49	42.2721
group_9313	630	16827	26.7095	126	37.5273	63	37.5273
group_9316	1065	32750	30.7512	219	38.5844	109	38.4082
group_9319	1365	151	0.1106	1	0.1375	0	0.0000
group_9320	423	10022	23.6927	71	31.4945	35	31.0509
group_9322	1128	68331	60.5771	456	75.8530	228	75.8530
group_9323	2943	213375	72.5025	1423	90.7259	711	90.6622
group_9325	4269	242163	56.7259	1621	71.2482	810	71.2042
group_9326	186	0	0.0000	0	0.0000	0	0.0000
feoA	642	95697	149.0607	668	195.2353	334	195.2353
group_9328	1188	213217	179.4756	1454	229.6491	727	229.6492
modA	1986	27228	13.7100	185	17.4787	92	17.3842
group_9332	831	119846	144.2190	799	180.4108	399	180.1851
group_9333	858	80419	93.7284	544	118.9675	272	118.9676
atoC	1254	184277	146.9514	1240	185.5415	620	185.5415
group_9337	168	0	0.0000	0	0.0000	0	0.0000
group_9338	210	8978	42.7524	70	62.5454	35	62.5454
group_9339	576	79848	138.6250	561	182.7499	280	182.4242
group_9340	447	8601	19.2416	63	26.4454	31	26.0256
group_9342	1089	90660	83.2507	610	105.1039	305	105.1039
group_9343	702	57233	81.5285	395	105.5788	197	105.3116
group_9344	762	663	0.8701	5	1.2312	2	0.9850
accC	1347	252650	187.5650	1716	239.0378	858	239.0378
group_9345	1044	136099	130.3630	921	165.5297	460	165.3500
group_9346	243	6565	27.0165	48	37.0640	24	37.0640
group_9350	1392	260643	187.2435	1758	236.9717	879	236.9718
group_9353	2040	386419	189.4211	2587	237.9486	1293	237.8567
group_9352	255	9803	38.4431	76	55.9230	38	55.9230
group_9354	687	92232	134.2533	631	172.3414	315	172.0683
group_9355	2265	133058	58.7453	886	73.3977	443	73.3977
group_9356	462	65223	141.1753	469	190.4793	234	190.0732
group_9357	1107	57748	52.1662	406	68.8169	203	68.8169
group_9359	1224	4985	4.0727	33	5.0588	16	4.9055
group_9361	588	1046	1.7789	8	2.5529	4	2.5529
group_9366	447	24098	53.9105	165	69.2617	82	68.8420
group_9367	1911	280981	147.0335	1889	185.4762	944	185.3780
group_9369	288	21272	73.8611	153	99.6818	76	99.0303
group_9370	366	20156	55.0710	142	72.7988	71	72.7988
trpC	891	145013	162.7531	993	209.1166	496	208.9060
group_9372	1662	299433	180.1643	2010	226.9248	1005	226.9248
group_9374	1071	5392	5.0345	36	6.3071	18	6.3071
group_9376	609	29970	49.2118	204	62.8535	102	62.8536
group_9377	1152	193927	168.3394	1312	213.6969	656	213.6969
group_9378	1227	27663	22.5452	186	28.4436	93	28.4437
group_9379	681	96816	142.1674	674	185.7076	337	185.7076
group_9380	1413	206279	145.9866	1380	183.2541	690	183.2542
group_9382	585	80804	138.1265	569	182.5044	284	182.1837
group_9385	903	93971	104.0653	641	133.1948	320	132.9870
group_9387	300	19721	65.7367	135	84.4363	67	83.8109
group_9389	729	84631	116.0919	570	146.7115	285	146.7115
group_9391	1227	126037	102.7196	863	131.9724	431	131.8195
pulF	1215	196560	161.7778	1322	204.1607	661	204.1607
salY	1344	226760	168.7202	1529	213.4642	764	213.3246
group_9394	1818	1207	0.6639	8	0.8257	4	0.8257
group_9393	411	1322	3.2165	9	4.1088	4	3.6523
amt	1443	132597	91.8898	891	115.8586	445	115.7286
group_9395	216	1052	4.8704	8	6.9495	4	6.9495
group_9396	675	86401	128.0015	605	168.1777	302	167.8998
group_9397	1026	112068	109.2281	762	139.3556	381	139.3556
group_9398	777	18919	24.3488	129	31.1520	64	30.9105
group_9399	1152	106234	92.2170	675	109.9431	337	109.7803
group_9400	345	36955	107.1159	262	142.4948	131	142.4948
group_9401	234	421	1.7991	3	2.4056	1	1.6037
group_9403	198	112	0.5657	2	1.8953	1	1.8953
group_9404	2850	367320	128.8842	2456	161.6964	1228	161.6964
group_9406	336	10275	30.5804	73	40.7662	36	40.2078
group_9408	1557	26273	16.8741	176	21.2100	88	21.2100
group_9409	1470	16642	11.3211	113	14.4237	56	14.2961
group_9412	1485	26367	17.7556	181	22.8701	90	22.7438
group_9413	1956	367569	187.9187	2473	237.2314	1236	237.1355
group_9414	192	2580	13.4375	20	19.5454	10	19.5455
group_9415	1038	23057	22.2129	139	25.1266	69	24.9459
group_9416	1719	30648	17.8290	206	22.4858	103	22.4858
moaB	597	59250	99.2462	405	127.2910	202	126.9767
group_9418	4083	115024	28.1714	435	19.9906	217	19.9447
group_9421	987	16346	16.5613	112	21.2921	56	21.2921
glxA	1005	40276	40.0756	273	50.9699	136	50.7832
group_9424	108	210	1.9444	2	3.4747	1	3.4747
group_9425	1248	26562	21.2837	122	18.3427	61	18.3427
group_9427	579	29807	51.4801	205	66.4343	102	66.1102
group_9430	1377	4868	3.5352	33	4.4967	16	4.3605
rsmE	708	84689	119.6172	578	153.1833	289	153.1833
group_9431	1950	253327	129.9113	1696	163.1955	848	163.1955
group_9432	540	47109	87.2389	332	115.3616	166	115.3616
group_9433	1962	131313	66.9281	886	84.7328	443	84.7328
group_9437	2037	10616	5.2116	72	6.6322	36	6.6322
recN	1755	330934	188.5664	2219	237.2450	1109	237.1381
group_9438	1443	258563	179.1843	1743	226.6459	871	226.5159
leuD	591	82026	138.7919	558	177.1592	279	177.1592
group_9439	867	89179	102.8593	506	109.5086	253	109.5086
cobU	561	87773	156.4581	603	201.6839	301	201.3495
group_9440	159	632	3.9748	5	5.9005	2	4.7204
group_9441	1374	226090	164.5488	1531	209.0766	765	208.9400
group_9442	822	0	0.0000	0	0.0000	0	0.0000
group_9443	2556	347612	135.9984	2328	170.8988	1164	170.8988
group_9444	1563	28078	17.9642	186	22.3291	93	22.3291
hpnA	987	141204	143.0638	958	182.1232	479	182.1232
group_9445	522	2822	5.4061	20	7.1891	10	7.1891
group_9446	1230	218555	177.6870	1489	227.1467	744	226.9942
group_9447	1236	0	0.0000	0	0.0000	0	0.0000
group_9449	690	92913	134.6565	634	172.4079	317	172.4079
group_9450	393	14189	36.1043	100	47.7446	50	47.7446
srso17	453	6682	14.7506	48	19.8820	24	19.8820
group_9451	297	30866	103.9259	225	142.1487	112	141.5170
group_9454	1683	15674	9.3131	83	9.2536	41	9.1421
group_9455	345	9012	26.1217	64	34.8079	32	34.8079
group_9456	966	96955	100.3675	675	131.1123	337	130.9181
group_9457	609	48683	79.9392	329	101.3667	164	101.0587
group_9458	537	79519	148.0801	545	190.4316	272	190.0822
group_9459	789	42700	54.1191	284	67.5396	142	67.5396
rpoZ	228	16875	74.0132	128	105.3397	64	105.3397
group_9460	840	4075	4.8512	29	6.4779	14	6.2545
group_9461	1116	167805	150.3629	1115	187.4682	557	187.3001
group_9462	267	1812	6.7865	12	8.4331	6	8.4331
group_9463	1140	174876	153.4000	1189	195.7014	594	195.5368
carB	3351	636024	189.8013	4252	238.0870	2126	238.0871
group_9465	336	151	0.4494	1	0.5584	0	0.0000
nAGPA	1824	316489	173.5137	2127	218.8062	1063	218.7033
ilvA	1605	291957	181.9047	1959	229.0215	979	228.9046
group_9467	1071	89982	84.0168	612	107.2207	306	107.2208
group_9468	750	1762	2.3493	12	3.0022	6	3.0022
group_9469	903	13071	14.4751	89	18.4935	44	18.2857
group_9470	381	46941	123.2047	321	158.0873	160	157.5948
group_9472	396	32329	81.6389	237	112.2975	118	111.8237
group_9473	255	3061	12.0039	21	15.4524	10	14.7166
group_9476	261	13887	53.2069	98	70.4535	49	70.4535
group_9477	405	65710	162.2469	459	212.6545	229	212.1912
group_9480	408	35024	85.8431	254	116.8128	127	116.8128
group_9481	387	9749	25.1912	70	33.9394	35	33.9394
group_9482	288	1855	6.4410	16	10.4242	8	10.4242
group_9483	1335	73968	55.4067	499	70.1352	249	69.9947
group_9484	138	747	5.4130	6	8.1581	3	8.1581
group_9486	1212	16824	13.8812	114	17.6490	57	17.6490
mpaA	1665	322292	193.5688	2176	245.2232	1088	245.2232
group_9488	201	0	0.0000	0	0.0000	0	0.0000
group_9489	735	63166	85.9401	435	111.0501	217	110.7948
group_9490	282	453	1.6064	3	1.9961	1	1.3308
group_9491	186	8129	43.7043	60	60.5278	30	60.5279
group_9492	825	84745	102.7212	569	129.4122	284	129.1848
group_9493	543	65697	120.9890	459	158.6097	229	158.2642
corA	1197	221556	185.0927	1501	235.2900	750	235.1333
group_9498	168	678	4.0357	6	6.7013	3	6.7013
group_9500	2691	142607	52.9941	928	64.7070	464	64.7070
group_9503	255	30277	118.7333	214	157.4673	107	157.4674
group_9504	369	2937	7.9593	21	10.6785	10	10.1700
group_19151	303	1951	6.4389	14	8.6697	7	8.6697
group_9507	573	44301	77.3141	297	97.2565	148	96.9291
group_9508	1626	14608	8.9840	97	11.1936	48	11.0782
group_9509	1203	19296	16.0399	132	20.5885	66	20.5885
group_9510	882	3172	3.5964	21	4.4675	10	4.2548
group_9512	1767	163598	92.5852	1110	117.8700	555	117.8700
cbiM	744	116487	156.5685	802	202.2639	401	202.2639
group_9517	501	49951	99.7026	350	131.0832	175	131.0833
group_9518	1743	334451	191.8824	2259	243.1844	1129	243.0768
group_9519	975	9917	10.1713	67	12.8940	33	12.7015
group_9520	630	98754	156.7524	696	207.2934	348	207.2935
group_9522	972	6783	6.9784	46	8.8799	23	8.8799
group_9523	300	4308	14.3600	32	20.0145	16	20.0145
group_9524	1173	21993	18.7494	148	23.6745	74	23.6745
gtrA	1407	197069	140.0633	1333	177.7677	666	177.6344
group_9527	777	48649	62.6113	320	77.2762	160	77.2762
group_9528	186	8975	48.2527	67	67.5894	33	66.5806
group_9530	885	8656	9.7808	59	12.5091	29	12.2971
group_9535	318	4948	15.5597	38	22.4219	19	22.4220
group_9536	1047	136225	130.1098	922	165.2346	461	165.2347
group_9537	1356	35467	26.1556	240	33.2100	120	33.2100
group_9538	1020	86065	84.3775	583	107.2470	291	107.0631
group_9539	1059	35225	33.2625	237	41.9923	118	41.8151
group_9540	414	2242	5.4155	16	7.2516	8	7.2516
aycf53	738	109169	147.9255	750	190.6873	375	190.6873
cdd	411	4921	11.9732	35	15.9788	17	15.5222
group_9541	951	35506	37.3354	244	48.1422	122	48.1422
group_9542	1230	146668	119.2423	1008	153.7702	504	153.7703
group_9544	1593	142933	89.7257	963	113.4299	481	113.3121
group_9545	915	117091	127.9683	800	164.0536	400	164.0536
group_9546	2652	155978	58.8152	1022	72.3093	511	72.3093
group_9547	366	12087	33.0246	84	43.0641	42	43.0641
group_9549	771	83638	108.4799	577	140.4230	288	140.1797
group_9550	831	134812	162.2286	917	207.0547	458	206.8290
group_9552	681	3693	5.4229	25	6.8883	12	6.6127
group_9554	786	141025	179.4211	971	231.8001	485	231.5614
group_9555	412	20463	49.6675	148	67.4033	74	67.4033
group_9556	393	48945	124.5420	347	165.6738	173	165.1964
group_9557	798	127153	159.3396	874	205.5064	437	205.5065
group_9558	750	87454	116.6053	589	147.3570	294	147.1069
group_9560	357	22995	64.4118	161	84.6203	80	84.0947
xylB	1251	219386	175.3685	1486	222.8837	743	222.8838
group_9562	405	23182	57.2395	167	77.3710	83	76.9077
group_9563	1341	79657	59.4012	536	74.9986	268	74.9986
group_9564	1323	30120	22.7664	204	28.9326	102	28.9326
group_9566	2505	45927	18.3341	307	22.9957	153	22.9208
group_9569	228	434	1.9035	4	3.2919	2	3.2919
group_9570	1572	234253	149.0159	1563	186.5621	781	186.4427
ykgJ	366	42782	116.8907	312	159.9523	156	159.9523
proC	876	142698	162.8973	961	205.8430	480	205.6289
group_9571	2223	22254	10.0108	151	12.7454	75	12.6610
group_9572	1128	26487	23.4814	179	29.7756	89	29.6093
group_9573	219	655	2.9909	5	4.2839	2	3.4271
group_9576	1341	20383	15.1999	137	19.1694	68	19.0295
group_9579	285	3900	13.6842	26	17.1177	13	17.1177
group_9580	363	9039	24.9008	62	32.0481	31	32.0481
group_9581	840	113367	134.9607	771	172.2233	385	172.0000
nosY	780	135094	173.1974	933	224.4419	466	224.2014
group_9583	243	3495	14.3827	26	20.0763	13	20.0763
group_9584	390	6438	16.5077	47	22.6126	23	22.1315
group_9585	960	302	0.3146	2	0.3909	1	0.3909
group_9586	756	30694	40.6005	215	53.3622	107	53.1140
group_9589	234	1598	6.8291	11	8.8205	5	8.0186
group_9591	1395	144834	103.8237	972	130.7401	486	130.7402
group_9592	870	5945	6.8333	41	8.8426	20	8.6270
group_9593	1506	625	0.4150	4	0.4984	2	0.4984
group_9594	1605	2090	1.3022	14	1.6367	7	1.6367
group_9595	171	5423	31.7135	41	44.9888	20	43.8915
group_9596	408	11507	28.2034	78	35.8716	39	35.8717
group_9597	654	14984	22.9113	103	29.5513	51	29.2644
group_9600	654	70259	107.4297	480	137.7147	240	137.7147
group_9599	3102	426775	137.5806	2850	172.3931	1425	172.3932
group_9602	1407	3064	2.1777	21	2.8005	10	2.6672
group_9601	315	10687	33.9270	78	46.4623	39	46.4623
group_9603	711	6787	9.5457	68	17.9455	34	17.9455
group_9605	693	101134	145.9365	709	191.9685	354	191.6977
group_9607	4161	78986	18.9825	531	23.9449	265	23.8998
group_9608	732	136388	186.3224	933	239.1594	466	238.9031
group_9609	1830	358600	195.9563	2407	246.7981	1203	246.6956
group_9611	261	1257	4.8161	9	6.4702	4	5.7513
group_9612	840	45738	54.4500	323	72.1506	161	71.9273
group_9614	1518	35786	23.5744	244	30.1602	122	30.1603
group_9615	564	5820	10.3191	42	13.9729	21	13.9729
group_9617	708	453	0.6398	3	0.7951	1	0.5300
group_9619	1041	56335	54.1162	383	69.0343	191	68.8541
group_9618	285	817	2.8667	6	3.9502	3	3.9502
group_9622	432	20646	47.7917	143	62.1111	71	61.6768
tnpB~~~insQ	1359	193001	142.0169	1292	178.3857	646	178.3857
hypE	1071	172162	160.7488	1159	203.0537	579	202.8785
group_9625	972	117828	121.2222	760	146.7115	380	146.7115
group_9626	282	10383	36.8191	74	49.2379	37	49.2379
group_9627	663	44204	66.6727	300	84.9033	150	84.9033
group_9628	744	96768	130.0645	618	155.8592	309	155.8592
group_9629	426	18594	43.6479	133	58.5813	66	58.1408
group_9630	306	6578	21.4967	45	27.5936	22	26.9804
ybjD	1989	44262	22.2534	297	28.0181	148	27.9238
group_9631	2079	354307	170.4218	2382	214.9830	1191	214.9830
group_9633	1485	205484	138.3731	1389	175.5063	694	175.3800
group_9634	774	58586	75.6925	404	97.9394	202	97.9394
group_9635	231	18928	81.9394	138	112.0944	69	112.0944
group_9636	2016	374070	185.5506	2513	233.8939	1256	233.8008
group_9637	933	66473	71.2465	454	91.3043	227	91.3043
group_9638	1749	312231	178.5197	2088	224.0049	1044	224.0050
group_9641	96	0	0.0000	0	0.0000	0	0.0000
group_9640	2103	21444	10.1969	145	12.9374	72	12.8481
group_9642	1395	116698	83.6545	789	106.1255	394	105.9910
group_9643	879	26168	29.7702	180	38.4238	90	38.4238
group_9644	312	11826	37.9038	98	58.9370	49	58.9371
group_9645	660	44136	66.8727	298	84.7206	149	84.7206
group_9646	996	72468	72.7590	487	91.7459	243	91.5575
cysW	843	131959	156.5350	893	198.7654	446	198.5428
group_9647	981	51966	52.9725	359	68.6661	179	68.4748
group_9651	741	58850	79.4197	377	95.4641	188	95.2109
group_9652	1140	28789	25.2535	198	32.5895	99	32.5895
group_9655	186	4910	26.3978	34	34.2991	17	34.2991
malQ	1503	307929	204.8762	2094	261.4174	1047	261.4175
group_9656	729	6666	9.1440	45	11.5825	22	11.3251
group_9657	435	7788	17.9034	52	22.4301	26	22.4301
group_9658	3993	498165	124.7596	3316	155.8232	1658	155.8232
group_9660	378	44236	117.0265	322	159.8383	161	159.8384
group_9661	327	1597	4.8838	13	7.4595	6	6.8857
group_9662	7725	205258	26.5706	1013	24.6053	506	24.5810
group_9663	141	0	0.0000	0	0.0000	0	0.0000
group_9664	261	7604	29.1341	58	41.6970	29	41.6970
group_9666	417	12804	30.7050	92	41.3970	46	41.3970
group_9667	837	84564	101.0323	553	123.9700	276	123.7458
group_9668	990	85497	86.3606	592	112.2027	296	112.2027
ligA	2058	359009	174.4456	2396	218.4532	1198	218.4532
group_9669	567	100420	177.1076	696	230.3260	348	230.3261
group_16590	1278	1541	1.2058	11	1.6150	5	1.4682
group_9670	927	146494	158.0302	982	198.7690	491	198.7690
pDC1~~~ictB	3102	602132	194.1109	4057	245.4031	2028	245.3427
group_9671	1308	207042	158.2890	1402	201.1209	701	201.1209
group_9672	375	0	0.0000	0	0.0000	0	0.0000
group_9673	441	4240	9.6145	29	12.3389	14	11.9134
group_9675	2973	18397	6.1880	125	7.8892	62	7.8261
group_9676	2658	435262	163.7555	2920	206.1317	1460	206.1317
group_9679	1182	79767	67.4848	399	63.3392	199	63.1804
group_9680	897	61461	68.5184	417	87.2289	208	87.0198
group_9681	405	24784	61.1951	180	83.3939	90	83.3939
group_9682	345	1906	5.5246	14	7.6142	7	7.6142
group_9683	471	16448	34.9214	117	46.6103	58	46.2119
group_9684	1089	164677	151.2185	1111	191.4269	555	191.2547
group_9686	708	71137	100.4760	484	128.2711	242	128.2712
group_9688	1821	16747	9.1966	112	11.5405	56	11.5405
group_9689	3606	34713	9.6265	232	12.0720	116	12.0720
group_9690	174	16676	95.8391	145	156.3636	72	155.2852
group_9691	624	86685	138.9183	597	179.5174	298	179.2168
group_9695	1017	167200	164.4051	1138	209.9608	569	209.9608
group_9700	336	17588	52.3452	134	74.8311	67	74.8312
group_9697	264	2042	7.7348	16	11.3719	8	11.3719
group_9699	1044	119733	114.6868	759	136.4138	379	136.2340
group_9701	1716	29314	17.0828	200	21.8690	100	21.8690
group_17169	6042	36950	6.1155	247	7.6707	123	7.6396
group_9704	528	0	0.0000	0	0.0000	0	0.0000
group_9705	1356	125904	92.8496	840	116.2349	420	116.2349
group_9707	396	42753	107.9621	307	145.4655	153	144.9917
group_9708	420	8719	20.7595	62	27.6987	31	27.6987
smc	555	1740	3.1351	14	4.7332	7	4.7332
group_9710	681	62904	92.3700	438	120.6824	219	120.6824
group_9714	1395	167412	120.0086	1138	153.0682	569	153.0682
group_9715	243	16299	67.0741	119	91.8877	59	91.1156
ndhB	1551	243888	157.2456	1637	198.0404	818	197.9194
truB	912	149756	164.2061	1025	210.8851	512	210.6794
group_9717	210	151	0.7190	1	0.8935	0	0.0000
group_9718	855	39437	46.1251	268	58.8147	134	58.8147
group_9719	603	11998	19.8972	84	26.1384	42	26.1384
group_9720	315	34598	109.8349	239	142.3653	119	141.7697
group_9722	936	902	0.9637	6	1.2028	3	1.2028
group_9723	453	44207	97.5872	315	130.4756	157	130.0614
spoIIIAA	1812	364935	201.3990	2454	254.1167	1227	254.1168
group_9725	660	91152	138.1091	635	180.5289	317	180.2446
group_9728	1194	129852	108.7538	872	137.0342	436	137.0342
group_9731	423	24109	56.9953	165	73.1915	82	72.7479
group_9732	456	66587	146.0241	469	192.9856	234	192.5741
group_9735	450	652	1.4489	5	2.0848	2	1.6679
pleD	939	134084	142.7945	905	180.8422	452	180.6424
group_9738	711	75074	105.5893	521	137.4944	260	137.2305
group_9742	909	1843	2.0275	12	2.4770	6	2.4770
group_9740	345	26011	75.3942	183	99.5288	91	98.9850
group_9741	1113	24279	21.8140	170	28.6596	85	28.6596
group_9743	2454	441591	179.9474	2949	225.4847	1474	225.4083
group_9744	3105	494520	159.2657	3317	200.4475	1658	200.3871
group_9745	2607	86838	33.3096	579	41.6730	289	41.6010
group_9746	1218	173356	142.3284	1159	178.5472	579	178.3932
group_9747	1224	178305	145.6740	1195	183.1907	597	183.0374
group_9750	309	999	3.2330	7	4.2507	3	3.6434
group_9751	2199	105106	47.7972	703	59.9856	351	59.9003
group_9752	192	1056	5.5000	10	9.7727	5	9.7727
group_9755	459	415274	904.7364	2785	1138.4904	1392	1138.0818
group_9754	966	60034	62.1470	373	72.4517	186	72.2575
group_9759	1017	3111	3.0590	22	4.0590	11	4.0590
group_15948	1170	68358	58.4256	458	73.4508	229	73.4508
group_9761	1899	314376	165.5482	2118	209.2752	1059	209.2753
group_9762	237	11029	46.5359	79	62.5454	39	61.7537
yccU	459	35808	78.0131	231	94.4313	115	94.0226
group_9763	234	704	3.0085	5	4.0093	2	3.2075
group_9764	801	25214	31.4782	172	40.2914	86	40.2914
group_9765	306	23607	77.1471	173	106.0820	86	105.4688
group_9767	345	7949	23.0406	56	30.4569	28	30.4569
group_9769	885	18441	20.8373	126	26.7143	63	26.7143
group_9770	219	360	1.6438	4	3.4271	2	3.4271
group_9772	4422	11173	2.5267	74	3.1400	37	3.1400
group_9775	312	22002	70.5192	172	103.4405	86	103.4405
group_9774	696	110104	158.1954	758	204.3510	379	204.3511
group_9776	2520	1057	0.4194	7	0.5212	3	0.4468
group_9778	735	7202	9.7986	51	13.0197	25	12.7644
group_9779	837	906	1.0824	6	1.3451	3	1.3451
group_9781	705	103122	146.2723	714	190.0317	357	190.0317
cafA	2178	391696	179.8421	2593	223.3889	1296	223.3027
ylqF	840	153889	183.2012	1062	237.2259	531	237.2259
group_9783	1551	84286	54.3430	569	68.8363	284	68.7153
group_9786	501	224	0.4471	2	0.7490	1	0.7490
group_9787	939	24460	26.0490	173	34.5698	86	34.3700
group_9789	471	32436	68.8662	223	88.8384	111	88.4401
group_9790	456	9356	20.5175	69	28.3923	34	27.9809
fbpB	1941	280210	144.3637	1880	181.7394	940	181.7395
group_9791	384	32928	85.7500	235	114.8295	117	114.3409
group_9792	657	1600	2.4353	12	3.4271	6	3.4271
group_9793	261	5109	19.5747	41	29.4754	20	28.7565
group_9794	339	19400	57.2271	135	74.7224	67	74.1689
group_9795	1146	172750	150.7417	1169	191.4021	584	191.2384
group_9797	114	557	4.8860	10	16.4593	5	16.4593
group_9800	1650	306574	185.8024	2068	235.1708	1034	235.1709
group_9804	3270	30965	9.4694	206	11.8205	103	11.8205
group_9801	405	44069	108.8123	303	140.3798	151	139.9165
group_9802	645	6436	9.9783	45	13.0909	22	12.8000
mnaT	516	74983	145.3159	513	186.5454	256	186.1818
glgX	2079	349599	168.1573	2358	212.8169	1179	212.8170
fabD	933	132216	141.7106	899	180.7985	449	180.5975
group_9812	1065	106578	100.0732	734	129.3193	367	129.3193
group_9813	690	23495	34.0507	163	44.3257	81	44.0537
group_9816	1680	6924	4.1214	48	5.3610	24	5.3610
murF	1371	196827	143.5646	1326	181.4776	663	181.4776
group_9817	1068	165205	154.6863	1125	197.6506	562	197.4749
mfd	3510	681615	194.1923	4532	242.2700	2266	242.2701
group_9818	1260	203097	161.1881	1383	205.9532	691	205.8043
coaX	780	108859	139.5628	749	180.1790	374	179.9384
group_9820	1305	245239	187.9226	1639	235.6597	819	235.5160
group_9822	582	28033	48.1667	193	62.2230	96	61.9006
group_9825	972	4248	4.3704	29	5.5982	14	5.4052
sirB1	819	84818	103.5629	573	131.2767	286	131.0476
group_9826	879	0	0.0000	0	0.0000	0	0.0000
lptB	1911	44418	23.2433	299	29.3581	149	29.2599
group_9827	1086	53786	49.5267	366	63.2365	183	63.2366
group_9829	426	23451	55.0493	167	73.5570	83	73.1165
group_9831	1092	130028	119.0733	882	151.5524	441	151.5524
group_9833	519	3771	7.2659	25	9.0384	12	8.6768
group_9834	192	5557	28.9427	39	38.1136	19	37.1364
group_9835	477	1453	3.0461	11	4.3270	5	3.9337
group_9836	621	54009	86.9710	374	113.0048	187	113.0048
group_9837	414	26329	63.5966	179	81.1278	89	80.6746
group_9838	1074	39398	36.6834	269	46.9964	134	46.8217
group_9840	771	1471	1.9079	10	2.4337	5	2.4337
group_9841	2841	62997	22.1742	405	26.7486	202	26.6825
group_9842	159	1177	7.4025	10	11.8010	5	11.8010
group_9843	399	21115	52.9198	152	71.4805	76	71.4805
group_9847	1902	7954	4.1819	54	5.3272	27	5.3272
group_9855	561	86210	153.6720	604	202.0184	302	202.0184
group_9850	987	90490	91.6819	625	118.8173	312	118.6272
group_9851	232	1675	7.2198	12	9.7053	6	9.7053
group_9852	657	106837	162.6134	733	209.3416	366	209.0560
group_9859	2037	745	0.3657	5	0.4606	2	0.3685
group_9857	585	53363	91.2188	374	119.9589	187	119.9590
group_9862	945	132891	140.6254	877	174.1344	438	173.9359
group_9858	999	192304	192.4965	1295	243.2322	647	243.0445
group_9860	216	9305	43.0787	65	56.4646	32	55.5960
group_9861	777	32670	42.0463	229	55.3008	114	55.0593
fieF	927	124708	134.5286	851	172.2530	425	172.0506
group_9864	1281	231321	180.5785	1569	229.8215	784	229.6751
group_9865	1107	25904	23.4002	176	29.8320	88	29.8320
group_9866	2685	12722	4.7382	86	6.0100	43	6.0100
group_9867	231	951	4.1169	7	5.6859	3	4.8737
group_9868	954	9240	9.6855	66	12.9811	33	12.9811
group_9869	1467	746	0.5085	5	0.6395	2	0.5116
group_9870	540	107132	198.3926	702	243.9272	351	243.9272
group_9873	465	0	0.0000	0	0.0000	0	0.0000
group_9876	432	2413	5.5856	16	6.9495	8	6.9495
pulO	810	111418	137.5531	777	179.9919	388	179.7602
suhB	828	130993	158.2041	902	204.4057	451	204.4058
group_9877	804	22553	28.0510	155	36.1737	77	35.9403
group_9878	879	5414	6.1593	37	7.8982	18	7.6848
group_9880	252	1886	7.4841	14	10.4242	7	10.4242
pgl	924	128016	138.5455	850	172.6092	425	172.6092
group_9887	306	16305	53.2843	120	73.5829	60	73.5829
fliA	777	47713	61.4067	327	78.9666	163	78.7252
group_9885	459	67648	147.3813	475	194.1770	237	193.7682
group_9886	2256	29732	13.1791	198	16.4681	99	16.4681
group_9890	270	0	0.0000	0	0.0000	0	0.0000
rnhB	630	83790	133.0000	584	173.9359	292	173.9359
gvpP	360	41093	114.1472	285	148.5454	142	148.0242
group_9892	2832	123008	43.4350	786	52.0770	393	52.0770
group_9893	627	3873	6.1770	26	7.7808	13	7.7808
trpD	1038	178247	171.7216	1215	219.6321	607	219.4514
group_9894	438	3085	7.0434	21	8.9963	10	8.5679
group_9895	843	70150	83.2147	446	99.2714	223	99.2714
group_9897	375	31682	84.4853	230	115.0836	115	115.0836
group_9898	369	648	1.7561	6	3.0510	3	3.0510
group_9901	1116	33827	30.3109	232	39.0068	116	39.0068
group_9902	531	50901	95.8588	354	125.0909	177	125.0909
group_9903	297	1566	5.2727	12	7.5813	6	7.5813
group_9904	471	18442	39.1550	126	50.1957	63	50.1957
group_9905	465	33242	71.4882	235	94.8270	117	94.4234
group_9908	432	24875	57.5810	173	75.1414	86	74.7071
group_9909	630	55791	88.5571	387	115.2623	193	114.9645
group_9911	3669	35664	9.7204	240	12.2738	120	12.2738
crtH	1512	274567	181.5919	1859	230.6983	929	230.5743
group_9914	1503	149559	99.5070	1014	126.5890	507	126.5890
group_9915	2178	300583	138.0087	2010	173.1630	1005	173.1630
cmx8	1647	9177	5.5719	62	7.0634	31	7.0634
group_9916	954	7292	7.6436	49	9.6375	24	9.4408
group_9919	777	81196	104.4994	559	134.9919	279	134.7504
group_9918	1140	116246	101.9702	764	125.7492	382	125.7493
group_9920	1263	198895	157.4782	1347	200.1157	673	199.9671
group_9921	2028	237262	116.9931	1127	104.2732	563	104.1807
group_15849	3702	7953	2.1483	53	2.6863	26	2.6356
group_9922	690	92575	134.1667	634	172.4079	317	172.4079
group_9923	342	2503	7.3187	20	10.9729	10	10.9729
rspA	1053	183985	174.7246	1248	222.3838	624	222.3838
group_9924	954	60291	63.1981	411	80.8370	205	80.6404
group_9925	411	151	0.3674	1	0.4565	0	0.0000
group_9926	399	13299	33.3308	99	46.5564	49	46.0861
group_9928	1218	112367	92.2553	748	115.2315	374	115.2315
cnoX~~~dppC~~~trxA	1215	111246	91.5605	751	115.9793	375	115.8249
group_9929	381	5251	13.7822	38	18.7144	19	18.7144
group_9930	819	9920	12.1123	69	15.8082	34	15.5791
yeeA	2700	120954	44.7978	814	56.5689	407	56.5689
group_9931	894	131868	147.5034	902	189.3154	451	189.3154
group_9933	261	10759	41.2222	75	53.9185	37	53.1996
group_9934	996	153194	153.8092	1033	194.6067	516	194.4184
group_9936	195	302	1.5487	2	1.9245	1	1.9245
group_9937	540	1447	2.6796	10	3.4747	5	3.4747
group_9938	267	6670	24.9813	51	35.8406	25	35.1379
group_9939	159	0	0.0000	0	0.0000	0	0.0000
group_9941	444	3913	8.8131	27	11.4103	13	10.9877
group_9942	3096	69601	22.4809	470	28.4848	235	28.4848
group_9944	363	5232	14.4132	37	19.1255	18	18.6086
group_9946	309	3473	11.2395	25	15.1809	12	14.5737
group_9947	411	11994	29.1825	80	36.5229	40	36.5229
group_16609	654	587	0.8976	4	1.1476	2	1.1476
rhaT	1071	178638	166.7955	1201	210.4120	600	210.2368
group_9951	1050	69966	66.6343	474	84.7044	237	84.7044
group_9952	702	121151	172.5798	841	224.7894	420	224.5221
group_9954	225	2012	8.9422	15	12.5091	7	11.6751
group_9955	471	62777	133.2845	440	175.2866	220	175.2866
group_9958	1362	5391	3.9581	36	4.9595	18	4.9596
group_9959	1596	188938	118.3822	1118	131.4395	559	131.4395
glmM	1440	245485	170.4757	1660	216.3030	830	216.3030
hpsL	1728	270591	156.5920	1819	197.5176	909	197.4091
group_9964	537	52756	98.2421	362	126.4885	181	126.4886
group_9963	924	13911	15.0552	92	18.6824	46	18.6824
group_9965	813	35207	43.3050	240	55.3908	120	55.3908
group_9968	273	26630	97.5458	195	134.0259	97	133.3386
dprA	1149	175193	152.4743	1200	195.9648	600	195.9648
group_9969	1194	194721	163.0829	1327	208.5372	663	208.3801
group_9970	906	55543	61.3057	372	77.0427	186	77.0427
group_9971	669	93176	139.2765	601	168.5642	300	168.2837
group_9972	1137	192862	169.6236	1315	217.0112	657	216.8462
group_9974	180	2148	11.9333	18	18.7636	9	18.7636
group_9975	123	0	0.0000	0	0.0000	0	0.0000
group_9976	141	0	0.0000	0	0.0000	0	0.0000
group_9977	708	4298	6.0706	30	7.9507	15	7.9507
group_9978	606	29779	49.1403	211	65.3321	105	65.0225
group_9979	819	101884	124.4005	691	158.3110	345	158.0819
group_9980	1623	206591	127.2896	1309	151.3345	654	151.2189
group_9981	3393	5978	1.7619	40	2.2120	20	2.2120
group_9983	765	22403	29.2850	163	39.9800	81	39.7348
group_9988	1209	27863	23.0463	191	29.6431	95	29.4879
group_9987	1020	57962	56.8255	396	72.8470	198	72.8470
group_9990	1020	7659	7.5088	52	9.5658	26	9.5658
group_9991	447	3535	7.9083	25	10.4942	12	10.0744
group_19134	786	8868	11.2824	62	14.8008	31	14.8008
group_9992	786	113931	144.9504	770	183.8167	385	183.8168
group_9993	945	126259	133.6074	866	171.9503	433	171.9503
group_9994	207	6273	30.3043	51	46.2292	25	45.3228
group_9995	3999	0	0.0000	0	0.0000	0	0.0000
group_9999	888	538	0.6059	4	0.8452	2	0.8452
group_10000	2091	5655	2.7044	38	3.4099	19	3.4099
group_10002	2049	386	0.1884	3	0.2747	1	0.1831
group_10005	2190	5958	2.7205	20	1.7136	10	1.7136
group_10003	2142	410647	191.7120	2762	241.9475	1381	241.9475
group_10004	414	49302	119.0870	360	163.1620	180	163.1620
group_10007	6777	95605	14.1073	608	16.8338	304	16.8338
group_10008	303	18654	61.5644	149	92.2700	74	91.6508
group_10010	1938	12175	6.2822	81	7.8424	40	7.7456
group_10011	1299	44801	34.4888	303	43.7674	151	43.6229
group_10012	1011	7992	7.9050	55	10.2077	27	10.0221
group_10013	531	65701	123.7307	456	161.1340	228	161.1340
group_10014	1428	241707	169.2626	1641	215.6241	820	215.4927
group_10019	357	19037	53.3249	146	76.7364	73	76.7364
group_10020	1068	12476	11.6816	87	15.2850	43	15.1093
group_10021	1023	147284	143.9726	1008	184.8850	504	184.8851
group_10026	1764	113954	64.5998	763	81.1601	381	81.0538
group_10027	435	20367	46.8207	149	64.2708	74	63.8395
group_10028	4263	22739	5.3340	154	6.7783	77	6.7783
group_10030	1659	309494	186.5546	2086	235.9309	1043	235.9309
group_10031	855	201445	235.6082	1380	302.8516	690	302.8516
gvpC	639	75293	117.8294	540	158.5659	270	158.5659
group_10035	2370	33814	14.2675	230	18.2094	115	18.2094
group_10036	1095	103001	94.0648	716	122.6919	358	122.6919
pdhA	1035	39681	38.3391	273	49.4925	136	49.3112
group_10037	342	33554	98.1111	245	134.4178	122	133.8692
group_10041	429	5899	13.7506	40	17.4952	20	17.4952
group_10042	1062	16857	15.8729	118	20.8485	59	20.8485
group_10043	1035	141720	136.9275	954	172.9517	477	172.9518
group_10045	969	5158	5.3230	34	6.5837	17	6.5837
group_10047	1059	453	0.4278	3	0.5315	1	0.3544
group_10048	4869	1208	0.2481	8	0.3083	4	0.3083
group_10049	330	887	2.6879	6	3.4116	3	3.4116
group_10050	297	755	2.5421	5	3.1589	2	2.5271
group_10051	1917	604	0.3151	4	0.3915	2	0.3915
group_10052	2385	0	0.0000	0	0.0000	0	0.0000
group_10055	237	0	0.0000	0	0.0000	0	0.0000
group_10056	1134	27232	24.0141	158	26.1433	79	26.1433
group_10057	831	51212	61.6270	342	77.2222	171	77.2222
group_10058	6501	37765	5.8091	253	7.3023	126	7.2734
group_10059	1344	22999	17.1124	133	18.5682	66	18.4286
group_10060	243	5912	24.3292	42	32.4310	21	32.4310
group_10061	747	74142	99.2530	512	128.6075	256	128.6075
group_10062	975	149866	153.7087	1015	195.3342	507	195.1418
group_10064	975	168226	172.5395	1142	219.7750	571	219.7751
group_10066	1200	5344	4.4533	35	5.4727	17	5.3164
group_10068	678	11433	16.8628	78	21.5865	39	21.5865
group_10069	627	35604	56.7847	247	73.9173	123	73.6181
group_10070	705	123768	175.5574	860	228.8897	430	228.8897
argD	1443	94064	65.1864	628	81.6602	314	81.6602
group_10072	4473	17665	3.9493	118	4.9499	59	4.9499
group_10073	1725	216068	125.2568	1435	156.0917	717	155.9829
galM	873	135300	154.9828	930	199.8875	465	199.8875
group_10074	1083	79665	73.5596	571	98.9292	285	98.7560
feoB	2358	404335	171.4737	2714	215.9648	1357	215.9648
group_10077	1536	2839	1.8483	19	2.3210	9	2.1989
group_10078	1146	624952	545.3333	4217	690.4558	2108	690.2921
group_10079	951	134423	141.3491	916	180.7307	458	180.7307
group_10080	1164	66900	57.4742	455	73.3458	227	73.1846
group_10081	1413	117832	83.3914	789	104.7736	394	104.6408
group_10082	14802	372287	25.1511	2142	27.1529	1071	27.1529
group_10084	576	7965	13.8281	53	17.2651	26	16.9394
group_10085	417	7718	18.5084	55	24.7482	27	24.2982
group_10086	423	32164	76.0378	220	97.5886	110	97.5886
group_10088	336	24339	72.4375	183	102.1948	91	101.6363
group_10090	192	1728	9.0000	13	12.7045	6	11.7273
group_10092	1380	257303	186.4514	1734	235.7691	867	235.7691
group_10094	285	22947	80.5158	156	102.7062	78	102.7062
group_10096	1068	15602	14.6086	100	17.5689	50	17.5689
group_10097	144	0	0.0000	0	0.0000	0	0.0000
group_10098	1725	258344	149.7646	1729	188.0714	864	187.9627
pIWI	2307	78234	33.9116	521	42.3747	260	42.2934
aprE	1803	271076	150.3472	1825	189.9258	912	189.8218
group_10101	2574	4511	1.7525	31	2.2598	15	2.1869
group_10100	828	2340	2.8261	17	3.8524	8	3.6258
group_10103	309	3104	10.0453	22	13.3592	11	13.3592
group_10104	450	4072	9.0489	31	12.9261	15	12.5091
group_10105	1221	165747	135.7469	1124	172.7299	562	172.7299
group_10106	1119	109854	98.1716	751	125.9293	375	125.7616
group_10107	1119	157611	140.8499	1080	181.0967	540	181.0967
yHI9	2160	196369	90.9116	1324	115.0141	662	115.0141
group_10109	1425	217115	152.3614	1465	192.9033	732	192.7716
group_10111	342	2805	8.2018	23	12.6188	11	12.0702
group_10114	1263	186623	147.7617	1260	187.1906	630	187.1906
group_10113	627	43780	69.8246	299	89.4789	149	89.1796
group_10116	402	5235	13.0224	37	17.2700	18	16.8033
group_10117	222	18042	81.2703	130	109.8771	65	109.8771
group_10118	666	19332	29.0270	131	36.9074	65	36.6257
group_10120	2262	8663	3.8298	58	4.8112	29	4.8112
group_10122	270	1168	4.3259	8	5.5596	4	5.5596
rodZ	999	105005	105.1101	713	133.9186	356	133.7308
group_10123	1359	251713	185.2193	1700	234.7180	850	234.7180
group_10126	396	2885	7.2854	21	9.9504	10	9.4766
group_10127	1125	52362	46.5440	350	58.3757	175	58.3757
group_10128	429	4832	11.2634	35	15.3083	17	14.8709
group_10130	801	72130	90.0499	494	115.7208	247	115.7208
group_10131	1509	81434	53.9655	518	64.4106	259	64.4106
group_10132	681	99238	145.7239	690	190.1161	345	190.1161
group_10133	798	302	0.3784	2	0.4703	1	0.4703
group_10135	801	32988	41.1835	229	53.6438	114	53.4096
group_10137	1446	248480	171.8396	1683	218.3900	841	218.2602
moaA	996	171050	171.7369	1156	217.7787	578	217.7787
gstA	807	147862	183.2243	1003	233.2084	501	232.9760
group_10139	438	1592	3.6347	11	4.7123	5	4.2839
group_10141	615	11261	18.3106	77	23.4927	38	23.1876
crtB	942	116209	123.3641	787	156.7620	393	156.5628
group_10142	270	10496	38.8741	77	53.5111	38	52.8162
group_10143	1086	179541	165.3232	1216	210.0974	608	210.0974
group_10144	963	165962	172.3385	1123	218.8116	561	218.6168
group_10145	207	6134	29.6329	45	40.7905	22	39.8841
group_10146	363	1760	4.8485	15	7.7536	7	7.2367
group_10147	471	55436	117.6985	395	157.3595	197	156.9612
group_10148	1113	54813	49.2480	359	60.5224	179	60.3538
group_10152	1236	23089	18.6804	157	23.8341	78	23.6823
group_10153	1839	58146	31.6183	390	39.7924	195	39.7924
group_10155	864	37968	43.9444	266	57.7677	133	57.7677
yjiC	1287	211513	164.3458	1423	207.4642	711	207.3185
rfbX	1383	13719	9.9197	92	12.4820	46	12.4820
group_10156	390	30508	78.2256	217	104.4028	108	103.9217
group_10157	348	3786	10.8793	27	14.5580	13	14.0188
group_10158	339	10550	31.1209	75	41.5125	37	40.9590
group_10159	312	2275	7.2917	16	9.6224	8	9.6224
group_10160	753	302	0.4011	2	0.4984	1	0.4984
group_10161	1071	147581	137.7974	1007	176.4237	503	176.2485
group_10162	816	93503	114.5870	621	142.7967	310	142.5668
group_10163	576	88785	154.1406	618	201.3181	309	201.3182
group_10164	1161	13367	11.5134	89	14.3838	44	14.2222
group_10165	1761	11491	6.5253	77	8.2044	38	8.0979
group_10166	3711	148964	40.1412	859	43.4329	429	43.3824
kycf53	1653	303570	183.6479	2024	229.7495	1012	229.7495
hpsU	591	20979	35.4975	141	44.7660	70	44.4485
ureF	666	41027	61.6021	278	78.3227	139	78.3227
group_10169	642	100871	157.1199	697	203.7111	348	203.4188
group_10170	456	20471	44.8925	147	60.4880	73	60.0765
group_10171	486	23834	49.0412	167	64.4759	83	64.0898
group_10172	582	17326	29.7698	121	39.0103	60	38.6879
group_10175	255	151	0.5922	1	0.7358	0	0.0000
group_10176	1167	2859	2.4499	19	3.0549	9	2.8941
group_10177	468	4032	8.6154	29	11.6270	14	11.2261
group_10179	696	13109	18.8348	94	25.3417	47	25.3417
group_10182	1686	6884	4.0830	46	5.1194	23	5.1194
ptaN	1080	151170	139.9722	1033	179.4707	516	179.2969
group_10183	390	12625	32.3718	88	42.3384	44	42.3385
group_10186	3678	87188	23.7053	599	30.5585	299	30.5075
group_10187	1224	214647	175.3652	1459	223.6613	729	223.5080
group_10188	732	71440	97.5956	490	125.6035	245	125.6036
group_10189	765	75311	98.4458	519	127.2984	259	127.0531
group_10191	819	80203	97.9280	542	124.1745	271	124.1745
group_10192	2727	99549	36.5050	666	45.8254	333	45.8254
group_10193	2709	94879	35.0236	638	44.1905	319	44.1905
group_10194	876	2444	2.7900	17	3.6413	8	3.4271
group_10195	1395	178786	128.1620	1204	161.9456	602	161.9456
group_10197	594	92263	155.3249	655	206.9054	327	206.5895
group_10198	492	47398	96.3374	339	129.2860	169	128.9046
group_10203	567	28601	50.4427	200	66.1856	100	66.1857
group_10204	1224	110072	89.9281	743	113.9001	371	113.7469
group_10206	4266	105075	24.6308	701	30.8329	350	30.7889
group_16598	1974	5099	2.5831	34	3.2318	17	3.2318
group_10207	861	9511	11.0465	56	12.2040	28	12.2040
menD	1755	334095	190.3675	2243	239.8110	1121	239.7041
group_10209	2106	90931	43.1771	609	54.2595	304	54.1704
group_10212	897	40773	45.4548	273	57.1067	136	56.8975
group_10211	1488	174340	117.1640	1167	147.1583	583	147.0322
group_10213	819	107135	130.8120	708	162.2057	354	162.2058
group_10214	873	50873	58.2738	358	76.9459	179	76.9459
group_10218	105	329	3.1333	4	7.1480	2	7.1481
group_10219	570	32528	57.0667	221	72.7502	110	72.4210
group_10220	1113	136092	122.2749	929	156.6165	464	156.4479
group_10225	588	7341	12.4847	51	16.2746	25	15.9555
group_17180	993	6464	6.5096	44	8.3142	22	8.3142
fRQ1	2178	149931	68.8388	1002	86.3230	501	86.3231
group_10229	1344	171392	127.5238	1150	160.5519	575	160.5519
group_10233	387	5655	14.6124	38	18.4242	19	18.4242
group_10231	555	1849	3.3315	18	6.0855	9	6.0855
group_10236	273	7534	27.5971	53	36.4276	26	35.7403
group_10238	240	151	0.6292	1	0.7818	0	0.0000
group_10239	1596	53383	33.4480	366	43.0294	183	43.0294
group_10240	237	3592	15.1561	25	19.7929	12	19.0011
group_10241	1017	906	0.8909	6	1.1070	3	1.1070
cmk	1554	278216	179.0322	1875	226.3952	937	226.2745
group_10244	288	5663	19.6632	40	26.0606	20	26.0606
cof	1104	154087	139.5716	1033	175.5691	516	175.3992
hycB	1044	141647	135.6772	963	173.0783	481	172.8986
stbC1	345	13710	39.7391	101	54.9312	50	54.3873
group_10245	444	751	1.6914	5	2.1130	2	1.6904
group_10246	1059	159899	150.9906	1103	195.4323	551	195.2552
group_10247	930	12177	13.0935	83	16.7460	41	16.5443
group_10248	297	368	1.2391	3	1.8953	1	1.2635
group_10249	960	56352	58.7000	379	74.0773	189	73.8818
group_10251	453	488	1.0773	4	1.6568	2	1.6568
group_10253	4242	408308	96.2537	2561	113.2807	1280	113.2365
group_10254	201	7395	36.7910	53	49.4762	26	48.5427
pdxJ	762	119402	156.6955	807	198.7172	403	198.4710
group_10256	693	8863	12.7893	62	16.7871	31	16.7871
group_10258	1521	28718	18.8810	195	24.0559	97	23.9326
group_10259	447	249	0.5570	2	0.8395	1	0.8395
group_10260	471	7391	15.6921	59	23.5043	29	23.1060
psaD	426	26489	62.1808	194	85.4494	97	85.4494
group_10261	1077	3955	3.6722	27	4.7040	13	4.5298
group_10262	2829	412175	145.6964	2692	178.5496	1346	178.5497
group_10263	483	34995	72.4534	246	95.5663	123	95.5663
group_10264	3039	201007	66.1425	1340	82.7353	670	82.7353
group_10268	996	144452	145.0321	980	184.6221	490	184.6221
group_10269	1269	165452	130.3798	1125	166.3442	562	166.1964
group_10270	474	23667	49.9304	174	68.8792	87	68.8792
group_10272	1275	225073	176.5278	1511	222.3674	755	222.2203
group_10273	633	70986	112.1422	483	143.1727	241	142.8763
group_10274	1098	177798	161.9290	1215	207.6303	607	207.4595
group_10279	975	54554	55.9528	368	70.8207	184	70.8207
group_10282	594	20938	35.2492	146	46.1194	73	46.1194
group_10284	261	10614	40.6667	74	53.1996	37	53.1996
group_10285	804	13236	16.4627	92	21.4708	46	21.4708
group_10286	900	46521	51.6900	316	65.8812	158	65.8812
group_10287	921	0	0.0000	0	0.0000	0	0.0000
group_10288	345	3546	10.2783	25	13.5968	12	13.0530
group_10289	939	33266	35.4271	223	44.5611	111	44.3613
atu1564	1347	262339	194.7580	1764	245.7242	882	245.7242
group_10293	1101	0	0.0000	0	0.0000	0	0.0000
group_10292	2925	47183	16.1309	309	19.8221	154	19.7579
tcmP	1140	44238	38.8053	300	49.3780	150	49.3780
group_10294	1281	29696	23.1819	201	29.4418	100	29.2953
group_10295	414	2415	5.8333	16	7.2516	8	7.2516
group_10296	462	0	0.0000	0	0.0000	0	0.0000
group_10297	3525	275563	78.1739	1544	82.1874	772	82.1874
group_10298	3888	12968	3.3354	86	4.1504	43	4.1504
group_10299	423	39455	93.2742	268	118.8807	134	118.8807
group_10301	498	7240	14.5382	51	19.2158	25	18.8390
group_10302	999	13983	13.9970	94	17.6555	47	17.6555
group_10305	795	74791	94.0767	498	117.5382	249	117.5382
group_10306	1137	177446	156.0651	1216	200.6735	608	200.6735
group_10307	360	11349	31.5250	79	41.1757	39	40.6545
group_10308	480	755	1.5729	5	1.9545	2	1.5636
group_10309	735	111152	151.2272	771	196.8267	385	196.5714
group_10310	1542	294936	191.2685	2008	244.3409	1004	244.3410
group_10312	447	3918	8.7651	27	11.3337	13	10.9140
group_10314	672	4739	7.0521	32	8.9351	16	8.9351
group_10315	609	33547	55.0854	231	71.1724	115	70.8643
group_10319	1800	87868	48.8156	593	61.8157	296	61.7115
group_10322	891	4224	4.7407	29	6.1071	14	5.8965
group_10323	543	11382	20.9613	77	26.6077	38	26.2622
group_10324	813	28664	35.2571	178	41.0815	89	41.0815
group_10325	1101	71921	65.3233	483	82.3146	241	82.1442
kdpF	207	4697	22.6908	37	33.5389	18	32.6324
group_10326	138	0	0.0000	0	0.0000	0	0.0000
group_10328	1080	175935	162.9028	1189	206.5737	594	206.4000
group_10330	276	5240	18.9855	38	25.8340	19	25.8340
group_10331	216	0	0.0000	0	0.0000	0	0.0000
group_10332	303	2805	9.2574	21	13.0045	10	12.3852
group_10333	2274	17721	7.7929	119	9.8191	59	9.7366
group_16594	453	377	0.8322	3	1.2426	1	0.8284
group_10336	9834	247980	25.2166	1468	28.0100	734	28.0100
group_10337	951	57464	60.4248	394	77.7379	197	77.7379
group_10338	816	17260	21.1520	117	26.9037	58	26.6738
group_10339	813	62204	76.5117	422	97.3955	211	97.3955
group_10340	960	36838	38.3729	251	49.0591	125	48.8636
group_10343	813	1001	1.2312	7	1.6156	3	1.3848
group_10342	1881	38756	20.6039	261	26.0357	130	25.9359
group_10344	807	44277	54.8662	301	69.9858	150	69.7533
group_10346	462	743	1.6082	5	2.0307	2	1.6246
group_10347	927	145941	157.4337	1003	203.0197	501	202.8173
ycf3	669	85863	128.3453	591	165.7594	295	165.4790
group_10348	642	84245	131.2227	567	165.7162	283	165.4239
group_10349	996	141662	142.2309	893	168.2322	446	168.0438
group_10350	483	45394	93.9834	310	120.4291	155	120.4291
group_10352	1746	10326	5.9141	71	7.6301	35	7.5226
group_10354	312	29079	93.2019	201	120.8811	100	120.2797
group_10355	315	11070	35.1429	76	45.2710	38	45.2710
group_10357	300	0	0.0000	0	0.0000	0	0.0000
group_10358	165	1236	7.4909	10	11.3719	5	11.3719
group_10359	1893	117178	61.9007	773	76.6206	386	76.5215
group_10363	1881	17410	9.2557	117	11.6712	58	11.5714
group_10364	1809	268019	148.1587	1793	185.9767	896	185.8730
ubiC	621	87685	141.1997	602	181.8954	301	181.8955
group_10365	1308	4013	3.0680	24	3.4429	12	3.4429
cls	1650	262660	159.1879	1776	201.9649	888	201.9649
group_10366	942	146293	155.3004	1005	200.1852	502	199.9861
group_10367	702	1808	2.5755	12	3.2075	6	3.2075
group_10368	717	45672	63.6987	312	81.6493	156	81.6493
group_10369	435	4177	9.6023	29	12.5091	14	12.0777
group_10370	2361	0	0.0000	0	0.0000	0	0.0000
group_4016	702	59634	84.9487	423	113.0629	211	112.7956
cbiE	1269	186436	146.9157	1264	186.8970	632	186.8970
group_10372	1800	128503	71.3906	859	89.5442	429	89.4400
hofQ	2151	248282	115.4263	1681	146.6372	840	146.5500
pilN	774	106261	137.2881	724	175.5151	362	175.5151
group_10374	1302	41670	32.0046	280	40.3519	140	40.3519
group_10375	3258	166924	51.2351	1128	64.9643	564	64.9643
group_10378	141	0	0.0000	0	0.0000	0	0.0000
group_19138	1026	8643	8.4240	60	10.9729	30	10.9729
group_10381	1023	150264	146.8856	1030	188.9202	515	188.9203
group_10382	1035	118357	114.3546	801	145.2142	400	145.0329
group_10385	1125	5049	4.4880	35	5.8376	17	5.6708
comEC	2160	393981	182.3986	2642	229.5070	1321	229.5070
group_10386	753	101379	134.6335	703	175.1771	351	174.9279
group_10387	1050	95460	90.9143	624	111.5096	312	111.5096
group_10389	237	1208	5.0970	8	6.3337	4	6.3337
group_10390	603	64483	106.9370	440	136.9154	220	136.9154
group_10391	3153	119480	37.8941	791	47.0727	395	47.0132
group_10392	714	19519	27.3375	133	34.9519	66	34.6891
group_10394	924	35601	38.5292	243	49.3459	121	49.1429
group_10395	891	297078	333.4209	1927	405.8083	963	405.5977
aat	603	72842	120.7993	508	158.0750	254	158.0751
group_10396	387	0	0.0000	0	0.0000	0	0.0000
group_10397	1041	9122	8.7627	63	11.3555	31	11.1753
group_10398	1230	118726	96.5252	796	121.4297	398	121.4297
tesA	729	91940	126.1180	634	163.1844	317	163.1844
group_10399	948	111646	117.7700	755	149.4361	377	149.2382
group_10400	252	6341	25.1627	58	43.1861	29	43.1861
group_10406	693	1283	1.8514	9	2.4368	4	2.1661
tsaB	603	65909	109.3018	462	143.7612	231	143.7612
group_10404	240	1329	5.5375	14	10.9455	7	10.9455
miaA	1005	97859	97.3721	657	122.6637	328	122.4771
group_10407	345	6282	18.2087	44	23.9304	22	23.9304
group_10409	1641	102319	62.3516	690	78.8964	345	78.8964
trmR	1521	62688	41.2150	418	51.5661	209	51.5661
group_10411	261	453	1.7356	3	2.1567	1	1.4378
group_10412	1506	249397	165.6023	1673	208.4433	836	208.3187
group_10413	2169	91058	41.9816	630	54.5002	315	54.5002
group_10415	642	78240	121.8692	540	157.8249	270	157.8250
group_10417	573	1116	1.9476	8	2.6197	4	2.6197
pilW~~~tgl	4059	66396	16.3577	392	18.1211	196	18.1211
group_10418	813	2683	3.3001	20	4.6159	10	4.6159
group_10420	435	3701	8.5080	25	10.7837	12	10.3523
sigC	1341	7504	5.5958	51	7.1361	25	6.9961
group_10422	444	5276	11.8829	36	15.2138	18	15.2138
group_10424	564	7193	12.7535	52	17.2998	26	17.2998
group_10425	1833	303722	165.6967	2048	209.6449	1024	209.6450
yigB	723	98477	136.2061	674	174.9196	337	174.9196
pulE	2016	231143	114.6543	1551	144.3571	775	144.2640
group_10426	603	17319	28.7214	117	36.4070	58	36.0959
group_10428	2232	105357	47.2030	692	58.1740	346	58.1740
group_10429	321	7513	23.4050	52	30.3959	26	30.3959
group_10431	609	11415	18.7438	78	24.0322	39	24.0322
group_10432	225	9556	42.4711	74	61.7115	37	61.7115
group_10434	249	0	0.0000	0	0.0000	0	0.0000
group_10435	339	32580	96.1062	231	127.8584	115	127.3049
group_10436	993	143346	144.3565	979	184.9909	489	184.8020
group_10439	1299	201762	155.3210	1365	197.1698	682	197.0254
cah	960	119960	124.9583	809	158.1227	404	157.9273
group_10441	954	9618	10.0818	66	12.9811	33	12.9811
cp12	225	604	2.6844	4	3.3358	2	3.3358
group_10442	108	375	3.4722	4	6.9495	2	6.9495
group_10443	996	158854	159.4920	1085	204.4030	542	204.2146
group_10445	1332	3850	2.8904	26	3.6626	13	3.6626
group_10446	309	1633	5.2848	12	7.2868	6	7.2868
group_10448	1680	67581	40.2268	454	50.7065	227	50.7065
group_10449	810	52871	65.2728	357	82.6990	178	82.4673
group_10450	525	66102	125.9086	461	164.7625	230	164.4052
group_10451	990	902	0.9111	6	1.1372	3	1.1372
group_10453	4794	234228	48.8586	1559	61.0190	779	60.9799
group_10454	2412	6056	2.5108	42	3.2673	21	3.2673
group_10455	501	0	0.0000	0	0.0000	0	0.0000
group_10456	4791	150893	31.4951	1008	39.4776	504	39.4777
group_10457	1305	195315	149.6667	1321	189.9368	660	189.7931
hpnB	1188	67280	56.6330	456	72.0220	228	72.0220
group_10459	552	42803	77.5417	298	101.2964	149	101.2964
group_10460	1497	23981	16.0194	161	20.1800	80	20.0547
group_10461	705	15486	21.9660	80	21.2921	40	21.2921
group_10463	894	6623	7.4083	43	9.0250	21	8.8151
group_10465	678	2251	3.3201	16	4.4280	8	4.4280
group_10468	207	15544	75.0918	120	108.7747	60	108.7747
group_10467	1164	188320	161.7869	1273	205.2071	636	205.0459
group_16593	1122	1797	1.6016	12	2.0068	6	2.0068
group_10471	777	30029	38.6474	206	49.7466	103	49.7466
group_10473	603	63909	105.9851	450	140.0271	225	140.0271
group_10475	1668	26072	15.6307	135	15.1864	67	15.0739
group_10476	981	88691	90.4088	611	116.8662	305	116.6750
yiaAB	291	51158	175.8007	376	242.4442	188	242.4442
group_10477	555	28023	50.4919	192	64.9120	96	64.9120
group_10478	3813	161985	42.4823	1081	53.1956	540	53.1464
group_10479	132	0	0.0000	0	0.0000	0	0.0000
group_10482	300	0	0.0000	0	0.0000	0	0.0000
group_10483	507	63936	126.1065	453	167.6514	226	167.2813
group_10484	885	3816	4.3119	27	5.7245	13	5.5125
group_10485	684	106093	155.1067	736	201.9011	368	201.9011
group_10489	990	11042	11.1535	76	14.4044	38	14.4044
group_10487	423	32267	76.2813	223	98.9194	111	98.4758
group_10490	2373	3020	1.2727	20	1.5814	10	1.5814
group_10491	471	12853	27.2887	94	37.4476	47	37.4476
group_10493	1596	6423	4.0244	43	5.0554	21	4.9378
group_10497	630	106333	168.7825	739	220.1004	369	219.8026
group_10499	657	15364	23.3851	106	30.2731	53	30.2731
group_10500	108	124	1.1481	2	3.4747	1	3.4747
group_10502	471	0	0.0000	0	0.0000	0	0.0000
group_10503	1170	182971	156.3855	1246	199.8246	623	199.8247
group_10506	711	0	0.0000	0	0.0000	0	0.0000
group_10507	4593	15217	3.3131	102	4.1670	51	4.1670
group_10508	6657	7999	1.2016	53	1.4939	26	1.4657
group_10509	927	23345	25.1834	161	32.5884	80	32.3860
group_10510	462	46771	101.2359	340	138.0873	170	138.0873
ykvA	306	10088	32.9673	74	45.3761	37	45.3761
group_10511	2217	42269	19.0659	283	23.9518	141	23.8671
group_10512	369	15658	42.4336	112	56.9519	56	56.9520
group_10513	714	1725	2.4160	12	3.1536	6	3.1536
group_10514	801	145247	181.3321	1009	236.3608	504	236.1266
group_10515	210	453	2.1571	3	2.6805	1	1.7870
group_10516	1911	89410	46.7870	595	58.4216	297	58.3234
group_10517	708	1379	1.9477	10	2.6502	5	2.6502
frvX	1038	36854	35.5048	228	41.2149	114	41.2149
group_10518	1086	160453	147.7468	1095	189.1913	547	189.0186
group_10523	984	152940	155.4268	1054	200.9844	527	200.9845
group_10520	219	1836	8.3836	14	11.9950	7	11.9950
group_10522	396	42959	108.4823	321	152.0991	160	151.6253
group_10526	1965	365451	185.9802	2462	235.0944	1231	235.0945
group_10527	387	920	2.3773	7	3.3939	3	2.9091
group_10528	267	1294	4.8464	9	6.3248	4	5.6221
group_10529	1689	288857	171.0225	1952	216.8538	976	216.8538
hyuA	2184	378691	173.3933	2538	218.0499	1269	218.0499
group_10532	669	87039	130.1031	610	171.0884	305	171.0884
group_16591	1137	604	0.5312	4	0.6601	2	0.6601
group_10534	852	58944	69.1831	400	88.0922	200	88.0922
group_10535	681	38003	55.8047	286	78.8017	143	78.8018
group_10536	390	3078	7.8923	23	11.0657	11	10.5846
group_10537	612	275	0.4493	2	0.6132	1	0.6132
rfbG	1146	78327	68.3482	524	85.7953	262	85.7953
group_10538	294	689	2.3435	5	3.1911	2	2.5529
group_19140	1029	81619	79.3188	556	101.3856	278	101.3856
group_10540	1197	6825	5.7018	46	7.2108	23	7.2108
group_10541	399	40245	100.8647	287	134.9665	143	134.4962
group_10542	621	68013	109.5217	464	140.1985	232	140.1985
group_10543	270	18388	68.1037	139	96.5980	69	95.9030
group_10544	432	899	2.0810	6	2.6061	3	2.6061
group_10545	819	39437	48.1526	268	61.3999	134	61.3999
group_10547	639	10731	16.7934	76	22.3167	38	22.3167
group_10548	1026	2249	2.1920	16	2.9261	8	2.9261
group_10551	1983	188496	95.0560	1265	119.6974	632	119.6028
group_10553	732	2037	2.7828	14	3.5887	7	3.5887
tolA	1731	25481	14.7204	154	16.6932	77	16.6932
group_10556	852	91987	107.9660	625	137.6440	312	137.4238
pro0776	780	124274	159.3256	852	204.9566	426	204.9566
group_10561	1077	116257	107.9452	790	137.6348	395	137.6348
group_10562	1305	11514	8.8230	78	11.2150	39	11.2150
group_10563	666	6988	10.4925	49	13.8051	24	13.5233
group_10564	1072	108615	101.3200	742	129.8751	371	129.8752
group_10567	783	8105	10.3512	57	13.6593	28	13.4197
group_10568	6297	1130854	179.5862	7564	225.3900	3782	225.3901
group_10570	747	3508	4.6961	25	6.2797	12	6.0285
group_10571	393	2562	6.5191	19	9.0715	9	8.5940
group_10572	879	89443	101.7554	606	129.3602	303	129.3602
group_10573	270	5057	18.7296	37	25.7131	18	25.0182
group_10574	447	1003	2.2438	7	2.9384	3	2.5186
group_10576	966	1182	1.2236	8	1.5539	4	1.5539
group_10577	2118	26236	12.3872	176	15.5921	88	15.5921
group_10578	1596	59113	37.0382	381	44.7929	190	44.6753
group_10580	903	30138	33.3754	210	43.6364	105	43.6364
group_10581	1134	48703	42.9480	329	54.4377	164	54.2722
group_10583	1527	258476	169.2705	1734	213.0723	867	213.0723
group_10586	1758	38143	21.6968	251	26.7899	125	26.6832
group_10587	4287	225928	52.7007	1500	65.6530	750	65.6530
group_10588	339	26928	79.4336	190	105.1649	95	105.1649
group_10591	687	64413	93.7598	440	120.1746	220	120.1747
group_10593	2265	68390	30.1943	459	38.0243	229	37.9415
group_10594	1122	4980	4.4385	33	5.5187	16	5.3515
group_17182	1989	9752	4.9030	68	6.4149	34	6.4149
group_10595	372	1209	3.2500	9	4.5396	4	4.0352
group_10596	2448	41337	16.8860	276	21.1551	138	21.1551
group_10598	3348	11303	3.3760	75	4.2033	37	4.1473
group_10599	930	162946	175.2108	1124	226.7776	562	226.7777
group_10600	1080	302	0.2796	2	0.3475	1	0.3475
group_10601	1530	3283	2.1458	24	2.9433	12	2.9433
group_10602	339	4012	11.8348	29	16.0515	14	15.4980
group_10603	354	43691	123.4209	309	163.7842	154	163.2542
group_10604	1341	215937	161.0268	1447	202.4681	723	202.3282
group_10607	852	424	0.4977	3	0.6607	1	0.4405
group_10608	327	1981	6.0581	14	8.0334	7	8.0334
group_10609	432	38130	88.2639	270	117.2727	135	117.2727
hupE	702	91463	130.2892	618	165.1841	309	165.1841
group_10617	1086	10253	9.4411	70	12.0944	35	12.0944
group_10616	1008	149093	147.9097	1028	191.3592	514	191.3593
group_10622	1815	322797	177.8496	2181	225.4737	1090	225.3704
group_10623	507	14489	28.5779	102	37.7493	51	37.7493
group_10624	741	107587	145.1916	748	189.4088	374	189.4089
group_10625	906	86110	95.0442	591	122.3985	295	122.1914
group_10626	726	7894	10.8733	53	13.6980	26	13.4395
group_10627	174	1218	7.0000	8	8.6270	4	8.6270
group_10628	1092	30592	28.0147	205	35.2248	102	35.0529
group_10629	3534	677700	191.7657	4533	240.6778	2266	240.6248
qor	945	175253	185.4529	1200	238.2683	600	238.2684
group_10633	1158	604	0.5216	4	0.6481	2	0.6481
group_10634	804	24911	30.9838	169	39.4410	84	39.2076
group_10635	369	5732	15.5339	43	21.8655	21	21.3570
group_10637	567	12478	22.0071	84	27.7980	42	27.7980
group_10639	249	0	0.0000	0	0.0000	0	0.0000
group_10641	2109	3231	1.5320	22	1.9573	11	1.9573
group_10642	714	99675	139.6008	674	177.1245	337	177.1245
group_10643	1419	177948	125.4038	1196	158.1487	598	158.1487
group_10645	390	25295	64.8590	173	83.2335	86	82.7524
group_10646	1767	5738	3.2473	38	4.0352	19	4.0352
group_10649	969	51352	52.9948	314	60.8027	157	60.8027
group_10647	1065	14557	13.6685	99	17.4422	49	17.2661
group_10648	1863	17888	9.6017	123	12.3882	61	12.2875
group_10650	201	0	0.0000	0	0.0000	0	0.0000
group_10652	1140	15586	13.6719	108	17.7761	54	17.7761
group_10653	2775	619	0.2231	4	0.2705	2	0.2705
group_10654	1041	1551	1.4899	11	1.9827	5	1.8025
group_10656	750	5387	7.1827	37	9.2567	18	9.0065
group_10659	411	730	1.7762	5	2.2827	2	1.8261
group_10661	1125	9905	8.8044	70	11.6751	35	11.6751
group_10660	1653	250345	151.4489	1684	191.1552	842	191.1552
group_10663	1047	112131	107.0974	762	136.5605	381	136.5605
group_10664	1077	8653	8.0344	58	10.1048	29	10.1048
group_17181	1032	5357	5.1909	35	6.3636	17	6.1818
group_10666	1083	10218	9.4349	68	11.7814	34	11.7814
group_10667	1128	3962	3.5124	27	4.4913	13	4.3250
group_10668	939	149783	159.5133	1020	203.8222	510	203.8222
group_10670	1059	190662	180.0397	1297	229.8058	648	229.6286
ubiE~~~entF2	15267	303303	19.8666	1929	23.7080	964	23.6957
group_10671	930	36960	39.7419	245	49.4311	122	49.2293
yeaD2	1146	171227	149.4127	1157	189.4374	578	189.2737
group_10673	522	76049	145.6877	535	192.3092	267	191.9498
group_10674	945	7563	8.0032	51	10.1264	25	9.9278
group_10677	831	66634	80.1853	459	103.6403	229	103.4145
group_10676	951	139579	146.7708	954	188.2282	477	188.2283
group_10678	1272	205559	161.6030	1396	205.9279	698	205.9279
group_10679	888	1366	1.5383	10	2.1130	5	2.1130
group_10680	882	92700	105.1020	632	134.4514	316	134.4514
group_10681	3084	46705	15.1443	307	18.6785	153	18.6176
group_10683	885	23613	26.6814	161	34.1350	80	33.9230
group_10684	2760	6725	2.4366	45	3.0593	22	2.9913
group_10687	567	1725	3.0423	12	3.9711	6	3.9711
group_10686	1371	227450	165.9008	1539	210.6289	769	210.4921
group_10689	342	698	2.0409	5	2.7432	2	2.1946
group_10690	612	1765	2.8840	12	3.6791	6	3.6791
group_10691	1152	48604	42.1910	329	53.5871	164	53.4242
group_10692	309	1020	3.3010	7	4.2507	3	3.6434
group_10693	1104	151579	137.2998	1019	173.1897	509	173.0197
hcyBio	1197	199509	166.6742	1362	213.5010	681	213.5010
group_10695	606	83686	138.0957	580	179.5859	290	179.5859
group_10696	1020	123483	121.0618	836	153.7882	418	153.7882
group_10699	759	0	0.0000	0	0.0000	0	0.0000
group_10698	201	0	0.0000	0	0.0000	0	0.0000
group_10700	243	0	0.0000	0	0.0000	0	0.0000
group_10701	1506	1934	1.2842	13	1.6197	6	1.4951
group_10704	444	867	1.9527	6	2.5356	3	2.5356
group_10705	756	6721	8.8902	48	11.9134	24	11.9134
group_10707	255	16976	66.5725	128	94.1861	64	94.1861
group_10708	2208	48485	21.9588	324	27.5336	162	27.5336
metH	3624	691579	190.8331	4619	239.1534	2309	239.1017
group_10709	411	302	0.7348	2	0.9131	1	0.9131
group_10710	1803	4326	2.3993	30	3.1221	15	3.1221
group_10711	2367	50886	21.4981	346	27.4280	173	27.4280
group_10712	759	9800	12.9117	66	16.3162	33	16.3162
group_10713	741	45899	61.9420	313	79.2580	156	79.0048
group_2674	846	12999	15.3652	89	19.7395	44	19.5177
group_10717	246	1289	5.2398	10	7.6275	5	7.6275
group_2682	420	4649	11.0690	34	15.1896	17	15.1896
group_10726	879	7928	9.0193	56	11.9541	28	11.9541
group_10725	1017	1492	1.4671	10	1.8450	5	1.8450
group_10720	1581	4240	2.6818	28	3.3231	14	3.3231
group_10721	1548	21622	13.9677	146	17.6970	73	17.6970
group_10722	312	601	1.9263	4	2.4056	2	2.4056
group_10723	342	3972	11.6140	29	15.9107	14	15.3620
group_10727	2391	12068	5.0473	84	6.5920	42	6.5920
group_10729	1008	116973	116.0446	796	148.1731	398	148.1731
group_10730	1353	13425	9.9224	93	12.8974	46	12.7587
group_10732	291	288	0.9897	2	1.2896	1	1.2896
group_10735	1167	185480	158.9374	1246	200.3383	623	200.3384
group_10736	225	5039	22.3956	39	32.5236	19	31.6897
group_10737	1587	24159	15.2231	160	18.9173	80	18.9173
group_10738	264	1766	6.6894	14	9.9504	7	9.9504
group_10739	312	20701	66.3494	145	87.2028	72	86.6014
group_10740	237	220	0.9283	2	1.5834	1	1.5834
group_15008	729	0	0.0000	0	0.0000	0	0.0000
group_10744	450	8931	19.8467	61	25.4351	30	25.0182
group_10745	360	10980	30.5000	76	39.6121	38	39.6121
group_10746	465	151	0.3247	1	0.4035	0	0.0000
group_10748	633	0	0.0000	0	0.0000	0	0.0000
group_10749	375	11087	29.5653	76	38.0276	38	38.0276
group_10750	384	151	0.3932	1	0.4886	0	0.0000
group_19152	648	1967	3.0355	13	3.7643	6	3.4747
group_10751	198	0	0.0000	0	0.0000	0	0.0000
group_19153	216	0	0.0000	0	0.0000	0	0.0000
group_10754	744	74495	100.1277	515	129.8827	257	129.6305
group_10755	2097	101679	48.4878	681	60.9348	340	60.8454
group_10762	474	4082	8.6118	29	11.4799	14	11.0840
group_10758	2541	0	0.0000	0	0.0000	0	0.0000
group_10761	696	6534	9.3879	45	12.1317	22	11.8621
group_10763	417	4073	9.7674	35	15.7489	17	15.2989
group_10764	543	2740	5.0460	19	6.5655	9	6.2200
group_15151	918	25428	27.6993	169	34.5431	84	34.3387
ppnN	1053	136348	129.4853	927	165.1841	463	165.0059
group_10765	420	1057	2.5167	7	3.1273	3	2.6805
group_10766	885	0	0.0000	0	0.0000	0	0.0000
acyC	1128	164147	145.5204	1103	183.4777	551	183.3114
group_10768	513	1152	2.2456	8	2.9261	4	2.9261
group_10770	654	95863	146.5795	680	195.0959	340	195.0959
group_10771	576	42155	73.1858	295	96.0985	147	95.7727
group_10772	276	583	2.1123	6	4.0791	3	4.0791
group_10773	330	0	0.0000	0	0.0000	0	0.0000
group_10774	2535	30547	12.0501	210	15.5438	105	15.5438
group_10775	633	62314	98.4423	429	127.1658	214	126.8694
group_10776	3939	20333	5.1620	135	6.4308	67	6.3832
group_10777	426	23189	54.4343	161	70.9142	80	70.4737
group_10786	474	6886	14.5274	50	19.7929	25	19.7929
group_10787	387	743	1.9199	5	2.4242	2	1.9394
group_10788	594	0	0.0000	0	0.0000	0	0.0000
group_19154	630	14592	23.1619	102	30.3792	51	30.3792
group_10789	666	61308	92.0541	433	121.9918	216	121.7101
group_10792	651	2256	3.4654	16	4.6116	8	4.6116
group_10794	363	0	0.0000	0	0.0000	0	0.0000
group_10796	1731	1731	1.0000	16	1.7344	8	1.7344
group_10798	2472	151643	61.3443	1020	77.4227	510	77.4228
group_10799	858	96294	112.2308	651	142.3674	325	142.1487
group_10800	528	2733	5.1761	21	7.4628	10	7.1074
group_10802	291	10329	35.4948	83	53.5183	41	52.8735
leuC	1536	281866	183.5065	1906	232.8352	953	232.8352
group_10804	657	8955	13.6301	60	17.1357	30	17.1357
group_10805	252	3162	12.5476	21	15.6364	10	14.8918
group_10806	939	37500	39.9361	250	49.9564	125	49.9564
group_10813	1023	107025	104.6188	715	131.1437	357	130.9603
group_10817	1446	1589	1.0989	11	1.4274	5	1.2976
group_10821	4836	22236	4.5980	129	5.0052	64	4.9664
group_10824	120	267	2.2250	4	6.2545	2	6.2545
group_10827	246	9851	40.0447	74	56.4434	37	56.4435
group_10831	1188	302	0.2542	2	0.3159	1	0.3159
group_10832	1266	17549	13.8618	119	17.6372	59	17.4890
group_10833	1062	1208	1.1375	8	1.4135	4	1.4135
group_10835	894	69758	78.0291	478	100.3246	239	100.3246
group_10836	345	2894	8.3884	20	10.8775	10	10.8775
group_10837	246	11021	44.8008	78	59.4944	39	59.4944
group_10839	777	49264	63.4028	336	81.1400	168	81.1400
group_10841	291	13631	46.8419	110	70.9278	55	70.9278
group_10842	603	19374	32.1294	133	41.3858	66	41.0746
group_10845	1626	133613	82.1728	843	97.2801	421	97.1647
group_19155	312	1294	4.1474	10	6.0140	5	6.0140
rfbH	1356	123884	91.3599	829	114.7128	414	114.5744
group_10849	291	21090	72.4742	149	96.0749	74	95.4302
group_10853	489	6079	12.4315	44	16.8834	22	16.8834
group_10856	1776	382211	215.2089	2580	272.5798	1290	272.5798
group_10860	762	78255	102.6969	538	132.4781	269	132.4781
group_19156	291	4816	16.5498	36	23.2127	18	23.2127
group_10864	1272	453	0.3561	3	0.4425	1	0.2950
group_10865	2004	27188	13.5669	184	17.2281	92	17.2281
group_10866	3792	284674	75.0723	1902	94.1150	951	94.1151
group_10867	570	2441	4.2825	21	6.9129	10	6.5837
group_10868	291	24146	82.9759	167	107.6813	83	107.0365
group_10874	732	10591	14.4686	70	17.9434	35	17.9434
group_10875	987	50467	51.1317	337	64.0663	168	63.8762
group_10877	279	9153	32.8065	70	47.0772	35	47.0772
group_10878	399	0	0.0000	0	0.0000	0	0.0000
group_10879	792	29241	36.9205	196	46.4352	98	46.4353
group_10880	591	3032	5.1303	20	6.3498	10	6.3498
group_10882	720	2708	3.7611	19	4.9515	9	4.6909
group_10884	1596	88907	55.7061	592	69.5994	296	69.5994
group_10888	423	3205	7.5768	22	9.7589	11	9.7589
group_10891	306	4559	14.8987	31	19.0089	15	18.3957
group_10892	513	18738	36.5263	125	45.7203	62	45.3546
group_10893	252	0	0.0000	0	0.0000	0	0.0000
group_10894	117	0	0.0000	0	0.0000	0	0.0000
group_10897	243	594	2.4444	4	3.0887	2	3.0887
group_10898	2181	51305	23.5236	345	29.6811	172	29.5951
group_10899	123	0	0.0000	0	0.0000	0	0.0000
group_10902	3012	138547	45.9983	924	57.5617	462	57.5617
group_10906	417	30177	72.3669	209	94.0431	104	93.5932
group_10907	894	472	0.5280	4	0.8395	2	0.8395
group_19157	504	4733	9.3909	32	11.9134	16	11.9134
group_10909	1596	57672	36.1353	386	45.3807	193	45.3807
group_10912	705	302	0.4284	2	0.5323	1	0.5323
group_10913	219	4146	18.9315	38	32.5579	19	32.5579
group_14940	339	0	0.0000	0	0.0000	0	0.0000
group_14941	156	0	0.0000	0	0.0000	0	0.0000
group_10918	567	29704	52.3880	204	67.5094	102	67.5094
group_10917	651	13425	20.6221	97	27.9581	48	27.6699
group_10919	1380	17746	12.8594	118	16.0443	59	16.0443
group_10921	1194	58500	48.9950	407	63.9598	203	63.8026
group_10924	264	1076	4.0758	9	6.3967	4	5.6859
group_10927	471	36116	76.6794	254	101.1882	127	101.1882
group_10928	303	17674	58.3300	142	87.9352	71	87.9352
group_10929	1842	23572	12.7970	86	8.7604	43	8.7604
group_10933	792	0	0.0000	0	0.0000	0	0.0000
group_10934	1056	1139	1.0786	8	1.4215	4	1.4215
group_10936	348	981	2.8190	7	3.7743	3	3.2351
group_10937	3414	178013	52.1421	1173	64.4691	586	64.4141
group_10940	666	151	0.2267	1	0.2817	0	0.0000
group_10939	186	1774	9.5376	12	12.1056	6	12.1056
group_10941	900	37916	42.1289	252	52.5382	126	52.5382
group_10943	1242	170419	137.2134	1154	174.3416	577	174.3417
group_10947	261	970	3.7165	7	5.0324	3	4.3135
group_10948	228	0	0.0000	0	0.0000	0	0.0000
group_10951	207	7327	35.3961	67	60.7325	33	59.8261
group_10952	177	350	1.9774	4	4.2404	2	4.2404
group_10953	327	12865	39.3425	91	52.2168	45	51.6430
group_10954	516	561	1.0872	4	1.4545	2	1.4545
group_10957	312	9709	31.1186	70	42.0979	35	42.0979
group_10958	165	0	0.0000	0	0.0000	0	0.0000
group_10962	1923	68923	35.8414	463	45.1771	231	45.0796
group_10964	645	22664	35.1380	157	45.6727	78	45.3818
group_10966	1278	25245	19.7535	172	25.2531	86	25.2531
group_10970	420	11223	26.7214	77	34.4000	38	33.9532
group_10971	1521	44267	29.1039	239	29.4839	119	29.3606
group_10973	1194	906	0.7588	6	0.9429	3	0.9429
group_10974	630	604	0.9587	4	1.1913	2	1.1913
group_19158	498	12281	24.6606	83	31.2727	41	30.8959
group_10975	636	7634	12.0031	57	16.8165	28	16.5214
group_10976	306	1069	3.4935	8	4.9055	4	4.9055
group_10977	837	5163	6.1685	37	8.2946	18	8.0704
group_10979	981	0	0.0000	0	0.0000	0	0.0000
group_10982	1299	1536	1.1824	12	1.7334	6	1.7334
group_19159	714	527	0.7381	4	1.0512	2	1.0512
group_10984	741	0	0.0000	0	0.0000	0	0.0000
group_10985	2367	32821	13.8661	215	17.0434	107	16.9642
group_10988	582	84547	145.2698	598	192.7947	299	192.7947
group_14946	2079	2663	1.2809	18	1.6246	9	1.6246
group_10990	117	221	1.8889	2	3.2075	1	3.2075
group_10991	312	1071	3.4327	8	4.8112	4	4.8112
group_10992	291	10511	36.1203	76	49.0047	38	49.0047
group_10994	420	4554	10.8429	31	13.8493	15	13.4026
group_10995	111	5915	53.2883	72	121.7100	36	121.7101
group_10996	198	1030	5.2020	7	6.6336	3	5.6859
group_10997	1029	118139	114.8095	801	146.0609	400	145.8786
group_10998	411	25421	61.8516	158	72.1327	79	72.1327
group_11000	294	2332	7.9320	16	10.2115	8	10.2115
group_11003	306	1382	4.5163	13	7.9715	6	7.3583
group_11008	768	8876	11.5573	60	14.6591	30	14.6591
group_11010	684	110915	162.1564	756	207.3875	378	207.3875
group_11012	441	23783	53.9297	174	74.0334	87	74.0334
group_11013	531	1418	2.6704	10	3.5336	5	3.5336
group_11014	2112	621	0.2940	5	0.4442	2	0.3554
group_11015	2511	9251	3.6842	61	4.5583	30	4.4835
group_11016	2487	15375	6.1821	103	7.7710	51	7.6956
group_19160	1053	113336	107.6315	753	134.1787	376	134.0005
group_11017	927	24925	26.8878	172	34.8149	86	34.8149
group_11018	918	56185	61.2037	386	78.8972	193	78.8972
group_11020	876	29806	34.0251	200	42.8393	100	42.8393
group_11021	1605	77219	48.1115	479	55.9986	239	55.8817
group_19161	411	0	0.0000	0	0.0000	0	0.0000
group_19162	1473	906	0.6151	6	0.7643	3	0.7643
group_11024	222	1248	5.6216	9	7.6069	4	6.7617
group_11025	441	14297	32.4195	100	42.5479	50	42.5479
group_11026	435	16511	37.9563	114	49.1737	57	49.1737
group_11029	732	6063	8.2828	42	10.7660	21	10.7660
group_11030	1284	302	0.2352	2	0.2923	1	0.2923
group_11033	414	6765	16.3406	50	22.6614	25	22.6614
group_19163	729	0	0.0000	0	0.0000	0	0.0000
group_11035	747	311	0.4163	2	0.5024	1	0.5024
group_11036	381	2264	5.9423	16	7.8797	8	7.8797
group_11037	933	24612	26.3794	167	33.5855	83	33.3844
group_11038	855	97539	114.0807	650	142.6475	325	142.6475
group_11045	189	4361	23.0741	31	30.7763	15	29.7835
group_11043	930	0	0.0000	0	0.0000	0	0.0000
group_11049	6246	153806	24.6247	863	25.9254	431	25.8954
group_11054	870	135263	155.4747	889	191.7341	444	191.5185
group_11055	1308	714	0.5459	5	0.7173	2	0.5738
group_11056	1227	1434	1.1687	10	1.5292	5	1.5292
group_11057	396	35842	90.5101	251	118.9311	125	118.4573
group_11058	669	0	0.0000	0	0.0000	0	0.0000
group_11059	204	9079	44.5049	67	61.6256	33	60.7059
group_11061	387	1043	2.6951	8	3.8788	4	3.8788
group_11062	2757	104401	37.8676	694	47.2324	347	47.2324
group_11063	204	172	0.8431	2	1.8396	1	1.8396
group_11064	2226	214247	96.2475	1140	96.0941	570	96.0941
group_11065	465	5863	12.6086	41	16.5443	20	16.1408
group_11066	258	4496	17.4264	32	23.2727	16	23.2727
group_11067	1773	2718	1.5330	18	1.9049	9	1.9049
group_11068	294	456	1.5510	4	2.5529	2	2.5529
group_11070	357	1188	3.3277	8	4.2047	4	4.2047
group_11072	876	22539	25.7295	152	32.5579	76	32.5579
group_11073	4557	4622	1.0143	30	1.2353	15	1.2353
group_11074	234	1318	5.6325	14	11.2261	7	11.2261
group_11075	490	521	1.0633	4	1.5317	2	1.5317
group_11076	2274	24239	10.6592	164	13.5323	82	13.5323
group_11079	978	31799	32.5143	213	40.8656	106	40.6737
group_11078	981	21100	21.5087	144	27.5429	72	27.5429
group_11080	387	17079	44.1318	116	56.2424	58	56.2424
group_11081	1491	22135	14.8457	148	18.6252	74	18.6252
hsdS	1203	2406	2.0000	16	2.4956	8	2.4956
group_11084	1689	11240	6.6548	75	8.3320	37	8.2209
group_11086	378	12747	33.7222	89	44.1789	44	43.6825
group_11087	360	36896	102.4889	266	138.6424	133	138.6424
group_19166	4050	1159	0.2862	8	0.3706	4	0.3706
group_11093	1065	67467	63.3493	452	79.6353	226	79.6353
group_11094	267	922	3.4532	7	4.9193	3	4.2165
group_11096	1440	97866	67.9625	648	84.4363	324	84.4364
group_11097	693	149064	215.0996	989	267.7811	494	267.5104
group_11102	516	799	1.5484	5	1.8182	2	1.4545
group_11103	405	6316	15.5951	46	21.3118	23	21.3118
group_11110	1125	5904	5.2480	40	6.6715	20	6.6715
group_11111	240	850	3.5417	6	4.6909	3	4.6909
group_17629	1563	170468	109.0646	1161	139.3767	580	139.2567
group_11114	1824	34366	18.8410	232	23.8660	116	23.8660
group_11115	243	0	0.0000	0	0.0000	0	0.0000
group_11120	309	32530	105.2751	236	143.3080	118	143.3080
group_11122	234	2970	12.6923	26	20.8485	13	20.8485
group_11124	1134	28194	24.8624	187	30.9418	93	30.7763
group_11125	1152	0	0.0000	0	0.0000	0	0.0000
group_11126	297	0	0.0000	0	0.0000	0	0.0000
group_11127	4692	435948	92.9130	2912	116.4529	1456	116.4529
group_11129	792	7350	9.2803	50	11.8457	25	11.8457
group_11131	177	2576	14.5537	22	23.3220	11	23.3220
group_11132	341	0	0.0000	0	0.0000	0	0.0000
group_11133	234	8454	36.1282	60	48.1119	30	48.1119
group_11136	174	2060	11.8391	16	17.2539	8	17.2539
group_11137	582	19370	33.2818	134	43.2015	67	43.2015
group_11139	276	16491	59.7500	117	79.5415	58	78.8616
group_19167	1188	1906941	1605.1692	12688	2003.9810	6344	2003.9814
group_11141	426	9117	21.4014	66	29.0704	33	29.0704
group_11143	264	3972	15.0455	27	19.1901	13	18.4793
group_11144	249	2741	11.0080	20	15.0712	10	15.0712
group_11145	735	11062	15.0503	77	19.6571	38	19.4019
group_11147	5634	215987	38.3364	1328	44.2281	664	44.2281
group_11148	1032	108585	105.2180	723	131.4545	361	131.2727
group_11149	621	57933	93.2899	401	121.1629	200	120.8608
group_11150	201	453	2.2537	3	2.8005	1	1.8670
group_19168	246	2102	8.5447	18	13.7295	9	13.7295
group_11151	228	9935	43.5746	70	57.6076	35	57.6076
group_11156	585	73610	125.8291	511	163.9011	255	163.5804
group_11157	1071	85287	79.6331	557	97.5849	278	97.4097
group_11158	288	14277	49.5729	103	67.1060	51	66.4545
group_19169	117	0	0.0000	0	0.0000	0	0.0000
group_19170	582	1977	3.3969	14	4.5136	7	4.5136
group_11161	648	13645	21.0571	95	27.5084	47	27.2189
group_11162	714	9947	13.9314	68	17.8701	34	17.8701
group_11163	876	7119	8.1267	48	10.2814	24	10.2814
ygfZ	1029	159389	154.8970	1085	197.8478	542	197.6655
group_11164	1035	139095	134.3913	942	170.7762	471	170.7763
group_11165	291	35044	120.4261	248	159.9100	124	159.9100
group_11166	546	30949	56.6832	216	74.2297	108	74.2298
group_11167	363	26086	71.8623	180	93.0428	90	93.0428
group_11168	1410	302	0.2142	2	0.2662	1	0.2662
group_11169	840	11152	13.2762	76	16.9766	38	16.9766
group_11173	2700	239214	88.5978	1608	111.7478	804	111.7479
group_11174	249	938	3.7671	9	6.7820	4	6.0285
group_11175	198	487	2.4596	4	3.7906	2	3.7906
group_11177	1089	11349	10.4215	76	13.0949	38	13.0949
group_11178	342	25721	75.2076	193	105.8883	96	105.3397
group_11179	633	302	0.4771	2	0.5928	1	0.5928
group_11181	3603	198676	55.1418	1174	61.1393	587	61.1393
group_11182	309	598	1.9353	4	2.4289	2	2.4289
group_19171	348	1701	4.8879	12	6.4702	6	6.4702
group_11187	264	4979	18.8598	37	26.2975	18	25.5868
group_11186	2340	87828	37.5333	586	46.9893	293	46.9893
group_11189	477	2786	5.8407	20	7.8674	10	7.8674
group_11192	798	0	0.0000	0	0.0000	0	0.0000
thiE	1026	136865	133.3967	926	169.3482	463	169.3482
group_11193	657	1495	2.2755	11	3.1416	5	2.8560
group_11194	177	0	0.0000	0	0.0000	0	0.0000
group_11195	396	4933	12.4571	36	17.0578	18	17.0578
group_11197	564	311	0.5514	2	0.6654	1	0.6654
group_11204	216	1547	7.1620	12	10.4242	6	10.4242
group_11202	216	0	0.0000	0	0.0000	0	0.0000
group_11205	438	4630	10.5708	34	14.5654	17	14.5654
group_11206	261	755	2.8927	5	3.5946	2	2.8757
group_11208	375	11577	30.8720	84	42.0305	42	42.0305
group_11210	306	17040	55.6863	122	74.8092	61	74.8093
group_11211	474	0	0.0000	0	0.0000	0	0.0000
group_19173	804	1163	1.4465	8	1.8670	4	1.8670
group_11212	483	1830	3.7888	11	4.2733	5	3.8848
group_11213	3216	9076	2.8221	60	3.5007	30	3.5007
group_11214	723	12163	16.8230	85	22.0596	42	21.8001
group_11215	399	1119	2.8045	8	3.7621	4	3.7621
group_19174	594	0	0.0000	0	0.0000	0	0.0000
group_11216	165	702	4.2545	6	6.8231	3	6.8231
group_11217	156	301	1.9295	2	2.4056	1	2.4056
group_11218	813	1306	1.6064	9	2.0772	4	1.8464
group_11220	1077	302	0.2804	2	0.3484	1	0.3484
group_11221	630	25614	40.6571	172	51.2277	86	51.2277
group_11223	459	4506	9.8170	31	12.6726	15	12.2638
group_11224	1290	906	0.7023	6	0.8727	3	0.8727
group_11227	828	3172	3.8309	18	4.0791	9	4.0791
group_11228	1632	4260	2.6103	24	2.7594	12	2.7594
group_11229	189	1364	7.2169	13	12.9062	6	11.9134
group_11230	759	143	0.1884	1	0.2472	0	0.0000
group_11231	375	17426	46.4693	123	61.5447	61	61.0444
group_11236	729	8995	12.3388	61	15.7007	30	15.4433
group_11235	309	810	2.6214	8	4.8579	4	4.8579
group_11239	783	10590	13.5249	75	17.9728	37	17.7332
group_11240	705	6133	8.6993	43	11.4445	21	11.1783
group_11241	2763	242363	87.7173	1628	110.5581	814	110.5581
group_11242	1411	216602	153.5096	1445	192.1577	722	192.0247
group_11243	243	1201	4.9424	8	6.1773	4	6.1773
group_11244	1203	8260	6.8662	56	8.7345	28	8.7345
group_11245	567	144	0.2540	1	0.3309	0	0.0000
group_11248	918	159798	174.0719	1091	222.9970	545	222.7926
recG	2469	460878	186.6659	3097	235.3623	1548	235.2864
group_11249	2466	377725	153.1732	2547	193.7995	1273	193.7235
group_11250	423	19573	46.2719	120	53.2302	60	53.2302
group_11251	3531	382203	108.2421	2183	116.0040	1091	115.9509
group_11252	999	4757	4.7618	32	6.0104	16	6.0104
group_11253	321	13358	41.6137	93	54.3619	46	53.7774
group_11254	1527	11898	7.7917	80	9.8303	40	9.8303
nagC	1086	179526	165.3094	1204	208.0240	602	208.0241
group_11257	3054	289580	94.8199	1876	115.2605	938	115.2606
group_11258	549	13312	24.2477	90	30.7601	45	30.7601
group_11259	1044	2697	2.5833	19	3.4148	9	3.2351
group_11260	513	0	0.0000	0	0.0000	0	0.0000
group_11261	435	27089	62.2736	194	83.6815	97	83.6815
group_11262	612	604	0.9869	4	1.2264	2	1.2264
group_11264	1488	41592	27.9516	279	35.1818	139	35.0557
group_11266	1020	22718	22.2725	145	26.6738	72	26.4898
group_11267	300	9935	33.1167	89	55.6654	44	55.0400
group_11269	1167	129245	110.7498	867	139.4008	433	139.2400
group_11270	246	2220	9.0244	17	12.9667	8	12.2040
group_11271	924	8080	8.7446	56	11.3719	28	11.3719
group_11274	1596	121560	76.1654	819	96.2871	409	96.1695
group_11275	213	15153	71.1408	113	99.5441	56	98.6632
group_19175	279	63075	226.0753	566	380.6529	283	380.6529
group_11276	312	5281	16.9263	37	22.2517	18	21.6503
group_11277	4773	269656	56.4961	1450	57.0024	725	57.0024
group_11278	273	30083	110.1941	209	143.6483	104	142.9610
group_11279	900	0	0.0000	0	0.0000	0	0.0000
group_11280	159	158	0.9937	2	2.3602	1	2.3602
group_11281	750	9460	12.6133	65	16.2618	32	16.0116
group_11282	225	605	2.6889	4	3.3358	2	3.3358
group_11283	384	19202	50.0052	131	64.0113	65	63.5227
group_11284	489	0	0.0000	0	0.0000	0	0.0000
group_11287	324	13057	40.2994	91	52.7003	45	52.1212
group_11289	1212	50191	41.4117	337	52.1728	168	52.0180
group_11292	5670	500404	88.2547	3108	102.8525	1554	102.8525
group_11295	1047	75934	72.5253	498	89.2482	249	89.2482
group_11296	1098	11332	10.3206	77	13.1585	38	12.9876
group_11297	1377	51453	37.3660	345	47.0113	172	46.8750
group_11298	636	3277	5.1525	23	6.7856	11	6.4906
group_11299	255	4657	18.2627	36	26.4898	18	26.4898
group_11300	276	5184	18.7826	36	24.4743	18	24.4743
group_11301	780	69961	89.6936	488	117.3930	244	117.3930
group_11304	276	1994	7.2246	14	9.5178	7	9.5178
group_11305	663	22742	34.3017	142	40.1876	71	40.1876
group_11306	2070	5547	2.6797	34	3.0819	17	3.0819
group_11307	219	0	0.0000	0	0.0000	0	0.0000
group_19176	561	0	0.0000	0	0.0000	0	0.0000
group_11308	444	8799	19.8176	55	23.2432	27	22.8206
group_11309	348	6452	18.5402	45	24.2633	22	23.7241
group_11310	1143	1667	1.4584	11	1.8058	5	1.6416
group_11311	237	151	0.6371	1	0.7917	0	0.0000
group_11312	402	3699	9.2015	28	13.0692	14	13.0692
group_11317	444	0	0.0000	0	0.0000	0	0.0000
group_11318	1374	118243	86.0575	792	108.1572	396	108.1572
group_11321	249	1492	5.9920	11	8.2892	5	7.5356
group_11322	351	3914	11.1510	28	14.9681	14	14.9681
group_11324	369	11555	31.3144	84	42.7140	42	42.7140
group_11327	810	34302	42.3481	238	55.1326	119	55.1327
group_11328	501	9388	18.7385	67	25.0931	33	24.7186
group_11329	4866	20350	4.1821	132	5.0900	66	5.0900
group_11330	3051	21290	6.9780	144	8.8560	72	8.8560
group_11331	960	9505	9.9010	64	12.5091	32	12.5091
group_11332	345	0	0.0000	0	0.0000	0	0.0000
group_11335	1410	0	0.0000	0	0.0000	0	0.0000
group_11337	252	22123	87.7897	158	117.6450	79	117.6450
group_11338	1425	29372	20.6119	199	26.2032	99	26.0716
group_11340	1269	13819	10.8897	95	14.0468	47	13.8990
group_11341	510	883	1.7314	7	2.5754	3	2.2075
group_11344	720	96152	133.5444	659	171.7393	329	171.4788
group_11345	417	41455	99.4125	281	126.4408	140	125.9908
group_11346	1596	104783	65.6535	706	83.0020	353	83.0020
group_11348	915	72457	79.1880	412	84.4876	206	84.4876
group_11351	720	1304	1.8111	9	2.3455	4	2.0848
group_11352	564	1251	2.2181	9	2.9942	4	2.6615
group_11356	486	1951	4.0144	15	5.7912	7	5.4052
group_11357	1260	4980	3.9524	34	5.0632	17	5.0632
group_19177	276	0	0.0000	0	0.0000	0	0.0000
group_11360	867	2614	3.0150	18	3.8956	9	3.8956
group_11361	945	179592	190.0444	1223	242.8351	611	242.6366
group_11362	171	0	0.0000	0	0.0000	0	0.0000
group_11366	186	0	0.0000	0	0.0000	0	0.0000
group_11369	111	0	0.0000	0	0.0000	0	0.0000
group_11368	3210	19245	5.9953	130	7.5990	65	7.5990
group_11372	333	4401	13.2162	31	17.4676	15	16.9042
group_11370	342	737	2.1550	5	2.7432	2	2.1946
group_19178	564	48821	86.5621	336	111.7833	168	111.7833
group_11373	630	82223	130.5127	573	170.6597	286	170.3619
group_11376	1254	0	0.0000	0	0.0000	0	0.0000
group_11378	468	22026	47.0641	151	60.5408	75	60.1399
group_11380	201	3658	18.1990	29	27.0719	14	26.1384
group_11381	150	0	0.0000	0	0.0000	0	0.0000
group_11385	762	3651	4.7913	25	6.1560	12	5.9098
group_11387	777	2324	2.9910	16	3.8638	8	3.8638
group_11388	801	10643	13.2871	71	16.6319	35	16.3977
group_11389	834	65762	78.8513	456	102.5925	228	102.5925
group_17492	693	361	0.5209	3	0.8123	1	0.5415
group_11391	1395	169520	121.5197	1170	157.3724	585	157.3724
group_11392	459	24858	54.1569	170	69.4949	85	69.4949
group_11393	1338	33504	25.0404	237	33.2360	118	33.0958
group_11394	2295	8448	3.6810	56	4.5785	28	4.5785
tatD	780	130038	166.7154	897	215.7818	448	215.5412
group_11399	807	5717	7.0843	39	9.0679	19	8.8354
group_11401	219	1056	4.8219	8	6.8543	4	6.8543
group_11402	240	5910	24.6250	46	35.9636	23	35.9636
group_11403	171	1400	8.1871	12	13.1675	6	13.1675
group_11404	267	1643	6.1536	12	8.4331	6	8.4331
group_11405	2748	175485	63.8592	1173	80.0937	586	80.0254
group_11406	534	1206	2.2584	9	3.1624	4	2.8110
group_11407	1758	92555	52.6479	523	55.8213	261	55.7145
group_11408	1575	30020	19.0603	198	23.5886	99	23.5886
group_11412	189	577	3.0529	6	5.9567	3	5.9567
group_11416	336	1057	3.1458	7	3.9091	3	3.3506
group_11420	363	11984	33.0138	88	45.4876	44	45.4876
group_11421	399	5564	13.9449	40	18.8107	20	18.8107
group_11423	354	16591	46.8672	115	60.9553	57	60.4253
group_11426	684	6212	9.0819	43	11.7958	21	11.5215
group_11428	564	2118	3.7553	15	4.9903	7	4.6576
group_11431	342	1949	5.6988	15	8.2297	7	7.6810
group_11433	300	0	0.0000	0	0.0000	0	0.0000
group_11435	1059	46126	43.5562	312	55.2810	156	55.2810
group_11438	3585	7106	1.9821	48	2.5123	24	2.5123
group_11439	219	4184	19.1050	32	27.4172	16	27.4172
group_11440	201	392	1.9502	4	3.7341	2	3.7341
group_11442	120	164	1.3667	2	3.1273	1	3.1273
group_11443	264	0	0.0000	0	0.0000	0	0.0000
group_11444	777	0	0.0000	0	0.0000	0	0.0000
group_19179	1014	1326	1.3077	9	1.6654	4	1.4804
group_11446	2883	420440	145.8342	2774	180.5422	1387	180.5422
group_11448	198	0	0.0000	0	0.0000	0	0.0000
group_11449	1296	2821	2.1767	19	2.7508	9	2.6061
group_11450	4365	5443	1.2470	38	1.6335	19	1.6335
group_11451	153	4438	29.0065	39	47.8289	19	46.6025
group_11454	10296	10264	0.9969	65	1.1846	32	1.1663
group_11455	213	4859	22.8122	36	31.7132	18	31.7132
group_11456	291	8128	27.9313	60	38.6879	30	38.6879
group_11457	609	10108	16.5977	70	21.5674	35	21.5674
group_11460	363	439	1.2094	3	1.5507	1	1.0338
group_11461	789	6237	7.9049	44	10.4639	22	10.4639
group_11462	2175	301288	138.5232	2072	178.7505	1036	178.7506
group_11463	483	7981	16.5238	56	21.7549	28	21.7549
group_11464	474	8112	17.1139	57	22.5639	28	22.1680
group_11466	1725	250278	145.0887	1686	183.3941	843	183.3941
group_11467	969	107564	111.0052	718	139.0329	359	139.0329
group_11468	303	32865	108.4653	224	138.7146	112	138.7147
group_11469	1533	74706	48.7319	499	61.0767	249	60.9543
group_11471	837	17795	21.2605	122	27.3496	61	27.3496
group_11472	258	15490	60.0388	110	80.0000	55	80.0000
group_19180	297	5038	16.9630	34	21.4803	17	21.4803
group_11476	372	15617	41.9812	110	55.4839	55	55.4839
group_11477	4857	25296	5.2082	149	5.7562	74	5.7176
group_11478	255	17468	68.5020	123	90.5069	61	89.7711
group_14943	156	0	0.0000	0	0.0000	0	0.0000
group_11479	429	1832	4.2704	14	6.1233	7	6.1233
group_11480	270	886	3.2815	6	4.1697	3	4.1697
group_11481	240	426	1.7750	4	3.1273	2	3.1273
group_11482	363	1625	4.4766	14	7.2367	7	7.2367
group_11483	294	1737	5.9082	15	9.5733	7	8.9351
group_11484	237	2305	9.7257	18	14.2509	9	14.2509
group_11485	540	3536	6.5481	24	8.3394	12	8.3394
group_11488	189	0	0.0000	0	0.0000	0	0.0000
group_11490	765	126324	165.1294	853	209.2206	426	208.9754
group_11491	3306	32323	9.7771	212	12.0323	106	12.0323
group_11493	1248	128888	103.2756	870	130.8042	435	130.8042
group_11495	537	71395	132.9516	493	172.2620	246	171.9126
group_11497	822	262	0.3187	2	0.4565	1	0.4565
group_11498	1035	121426	117.3198	829	150.2903	414	150.1091
group_11499	402	4147	10.3159	28	13.0692	14	13.0692
group_11500	153	335	2.1895	3	3.6791	1	2.4528
group_11504	861	453	0.5261	3	0.6538	1	0.4359
group_18684	1218	96191	78.9745	651	100.2884	325	100.1343
group_11507	1026	173346	168.9532	1186	216.8973	593	216.8974
group_11509	1287	23326	18.1243	159	23.1812	79	23.0354
group_11510	209	0	0.0000	0	0.0000	0	0.0000
group_16257	318	2822	8.8742	19	11.2110	9	10.6209
group_11511	1089	302	0.2773	2	0.3446	1	0.3446
rpsT	294	33853	115.1463	246	157.0018	123	157.0018
group_11513	2004	182377	91.0065	1222	114.4169	611	114.4170
group_11514	180	0	0.0000	0	0.0000	0	0.0000
group_11515	1293	2183	1.6883	15	2.1768	7	2.0316
group_11516	732	0	0.0000	0	0.0000	0	0.0000
group_11518	444	1656	3.7297	11	4.6486	5	4.2260
group_11519	258	522	2.0233	4	2.9091	2	2.9091
group_11520	759	729	0.9605	5	1.2361	2	0.9889
group_11522	258	17809	69.0271	122	88.7272	61	88.7273
group_11526	1170	45653	39.0197	307	49.2345	153	49.0741
group_11529	1431	168303	117.6122	1137	149.0863	568	148.9552
group_11530	246	1839	7.4756	15	11.4412	7	10.6785
group_11534	738	10439	14.1450	55	13.9837	27	13.7295
group_11536	1191	161036	135.2107	1100	173.2997	550	173.2997
group_11537	231	9960	43.1169	72	58.4840	36	58.4841
group_11538	1266	203964	161.1090	1384	205.1253	692	205.1253
group_19181	255	1319	5.1725	12	8.8299	6	8.8299
group_11540	1473	174342	118.3585	1172	149.2938	586	149.2938
group_11541	3066	70545	23.0088	419	25.6424	209	25.5812
group_11542	177	505	2.8531	4	4.2404	2	4.2404
group_11544	360	1942	5.3944	13	6.7758	6	6.2545
group_11545	1512	253213	167.4689	1695	210.3463	847	210.2222
group_11546	615	24908	40.5008	170	51.8669	85	51.8670
group_11550	14040	196149	13.9707	1314	17.5608	657	17.5608
group_11552	2475	87147	35.2109	583	44.1988	291	44.1230
group_19182	663	37870	57.1192	267	75.5639	133	75.2809
group_11554	1047	136451	130.3257	912	163.4425	456	163.4425
group_11557	900	19989	22.2100	139	28.9794	69	28.7709
group_11558	708	0	0.0000	0	0.0000	0	0.0000
group_11560	438	11456	26.1553	82	35.1283	41	35.1283
group_11561	4185	38569	9.2160	244	10.9398	122	10.9398
group_11562	855	34262	40.0725	211	46.3056	105	46.0861
group_11563	786	35684	45.3995	233	55.6225	116	55.3838
group_11564	774	1534	1.9819	10	2.4242	5	2.4242
group_11567	345	9519	27.5913	70	38.0711	35	38.0711
group_11570	3246	4967	1.5302	33	1.9076	16	1.8498
group_11571	1206	2173	1.8018	15	2.3338	7	2.1782
group_11572	1221	15805	12.9443	107	16.4431	53	16.2895
hsdR	3519	37061	10.5317	250	13.3302	125	13.3302
group_11573	6903	35298	5.1134	232	6.3062	116	6.3062
group_11574	603	14893	24.6982	102	31.7395	51	31.7395
group_11575	222	1713	7.7162	12	10.1425	6	10.1425
group_11576	321	20693	64.4642	147	85.9269	73	85.3424
group_11577	1209	73729	60.9835	499	77.4446	249	77.2894
group_11579	258	7498	29.0620	56	40.7273	28	40.7273
group_11581	570	0	0.0000	0	0.0000	0	0.0000
group_11583	333	5675	17.0420	39	21.9754	19	21.4120
group_11585	252	8270	32.8175	58	43.1861	29	43.1861
group_11587	903	906	1.0033	6	1.2468	3	1.2468
group_11589	744	2114	2.8414	14	3.5308	7	3.5308
group_11591	282	20423	72.4220	137	91.1566	68	90.4913
group_11595	819	4263	5.2051	28	6.4149	14	6.4149
group_11596	204	1534	7.5196	11	10.1176	5	9.1979
group_19183	1974	19631	9.9448	132	12.5471	66	12.5471
group_11599	1143	209651	183.4217	1413	231.9598	706	231.7957
group_11600	189	3747	19.8254	26	25.8124	13	25.8124
group_11601	474	47039	99.2384	336	133.0080	168	133.0080
group_11602	348	26268	75.4828	180	97.0533	90	97.0533
yncB	519	15041	28.9807	108	39.0457	54	39.0457
group_11606	2139	7497	3.5049	50	4.3861	25	4.3861
group_11611	1182	27968	23.6616	191	30.3202	95	30.1615
group_11610	7479	59549	7.9622	375	9.4082	187	9.3831
group_11612	246	1221	4.9634	10	7.6275	5	7.6275
group_11613	1704	51534	30.2430	347	38.2100	173	38.0999
group_11614	735	104790	142.5714	699	178.4460	349	178.1907
group_19184	321	906	2.8224	6	3.5072	3	3.5072
group_11618	5814	458472	78.8566	3059	98.7237	1529	98.6914
group_11619	714	65420	91.6246	453	119.0466	226	118.7838
group_19185	309	0	0.0000	0	0.0000	0	0.0000
group_11621	1104	55592	50.3551	378	64.2450	189	64.2451
group_11622	1428	243043	170.1982	1653	217.2009	826	217.0695
group_11624	591	67153	113.6261	456	144.7752	228	144.7752
group_11626	255	1392	5.4588	10	7.3583	5	7.3583
group_11629	1212	2135	1.7616	15	2.3222	7	2.1674
group_11630	684	32809	47.9664	223	61.1738	111	60.8995
group_11632	2223	68863	30.9775	462	38.9959	231	38.9959
group_11634	1194	28472	23.8459	195	30.6441	97	30.4870
group_11635	291	7041	24.1959	47	30.3055	23	29.6607
group_11636	621	87145	140.3301	597	180.3847	298	180.0825
group_11638	621	42588	68.5797	292	88.2283	146	88.2284
group_11640	990	162433	164.0737	1102	208.8638	551	208.8639
group_11641	1635	26796	16.3890	183	21.0015	91	20.8867
group_11642	189	302	1.5979	2	1.9856	1	1.9856
group_11644	1089	101271	92.9945	684	117.8542	342	117.8542
group_11645	279	1730	6.2007	14	9.4154	7	9.4154
group_11647	336	20285	60.3720	149	83.2078	74	82.6493
group_19186	165	0	0.0000	0	0.0000	0	0.0000
group_11648	474	35586	75.0759	258	102.1312	129	102.1312
group_11652	1470	1479	1.0061	10	1.2764	5	1.2764
group_11654	213	942	4.4225	9	7.9283	4	7.0474
group_11656	180	280	1.5556	2	2.0848	1	2.0848
group_11658	840	8419	10.0226	60	13.4026	30	13.4026
group_11659	483	6643	13.7536	44	17.0932	22	17.0932
group_11660	3942	14352	3.6408	94	4.4743	47	4.4743
group_11661	252	4942	19.6111	34	25.3160	17	25.3160
group_11663	495	3368	6.8040	23	8.7185	11	8.3394
group_11669	897	5692	6.3456	39	8.1581	19	7.9489
group_11670	1014	47546	46.8895	322	59.5847	161	59.5847
group_11674	600	0	0.0000	0	0.0000	0	0.0000
group_11673	501	22861	45.6307	163	61.0473	81	60.6728
group_11675	1242	626448	504.3865	4352	657.4825	2176	657.4826
group_11676	690	70477	102.1406	473	128.6260	236	128.3541
group_11680	894	2002	2.2394	14	2.9384	7	2.9384
group_11681	990	5680	5.7374	38	7.2022	19	7.2022
group_11682	249	0	0.0000	0	0.0000	0	0.0000
ndhM	408	755	1.8505	5	2.2995	2	1.8396
group_11690	852	1894	2.2230	13	2.8630	6	2.6428
group_11687	624	73061	117.0849	502	150.9510	251	150.9510
group_11694	963	5898	6.1246	41	7.9887	20	7.7938
group_11695	252	10198	40.4683	77	57.3333	38	56.5887
group_11697	417	19257	46.1799	148	66.5951	74	66.5952
group_11698	591	27961	47.3113	190	60.3230	95	60.3230
group_11699	1995	80604	40.4030	536	50.4126	268	50.4126
group_11700	1491	220270	147.7331	1491	187.6363	745	187.5105
group_11703	447	2083	4.6600	17	7.1361	8	6.7163
group_11705	1197	111977	93.5480	752	117.8801	376	117.8801
group_11706	1338	18104	13.5306	123	17.2491	61	17.1088
group_11708	273	685	2.5092	7	4.8112	3	4.1239
group_11709	330	39925	120.9848	290	164.8925	145	164.8925
group_11710	900	1309	1.4544	9	1.8764	4	1.6679
arsM	975	145886	149.6267	987	189.9457	493	189.7533
group_11711	195	748	3.8359	5	4.8112	2	3.8490
group_11715	411	13816	33.6156	98	44.7405	49	44.7405
group_11716	1107	3619	3.2692	24	4.0680	12	4.0680
group_11717	1101	2906	2.6394	20	3.4085	10	3.4085
group_11718	1242	0	0.0000	0	0.0000	0	0.0000
group_11719	885	785	0.8870	5	1.0601	2	0.8481
group_11722	243	2034	8.3704	14	10.8103	7	10.8103
group_11724	987	40973	41.5127	272	51.7093	136	51.7093
group_11723	267	933	3.4944	7	4.9193	3	4.2165
group_11726	1653	53175	32.1688	354	40.1835	177	40.1835
group_11727	399	1334	3.3434	11	5.1729	5	4.7027
group_11728	312	1347	4.3173	10	6.0140	5	6.0140
group_11729	1410	0	0.0000	0	0.0000	0	0.0000
group_19188	1662	210540	126.6787	1412	159.4118	706	159.4119
group_11730	381	48027	126.0551	343	168.9219	171	168.4295
group_11731	252	23519	93.3294	169	125.8355	84	125.0909
group_11733	771	27808	36.0674	191	46.4832	95	46.2398
lptD	2463	429704	174.4637	2872	218.7948	1436	218.7948
group_11735	300	7058	23.5267	50	31.2727	25	31.2727
group_11736	303	12594	41.5644	88	54.4950	44	54.4950
group_11740	264	20669	78.2917	153	108.7438	76	108.0330
rpsF	222	3666	16.5135	26	21.9754	13	21.9754
group_11743	3393	3006	0.8859	20	1.1060	10	1.1060
group_11745	258	8333	32.2984	57	41.4545	28	40.7273
larC	1257	165146	131.3811	1119	167.0366	559	166.8874
group_11747	1599	1255	0.7849	10	1.1735	5	1.1735
group_11748	588	1677	2.8520	12	3.8293	6	3.8293
group_11749	1197	65201	54.4703	442	69.2859	221	69.2859
group_11750	3012	57633	19.1345	387	24.1086	193	24.0464
group_11751	273	4193	15.3590	29	19.9321	14	19.2448
group_11755	951	2359	2.4805	16	3.1569	8	3.1569
group_11757	258	2424	9.3953	19	13.8182	9	13.0909
group_11758	1296	3322	2.5633	22	3.1852	11	3.1852
group_11759	879	42655	48.5267	290	61.9050	145	61.9050
group_11760	567	24547	43.2928	166	54.9341	83	54.9341
group_11766	504	1377	2.7321	11	4.0952	5	3.7229
group_11767	777	18376	23.6499	123	29.7030	61	29.4616
group_19189	1662	66584	40.0626	449	50.6912	224	50.5783
group_19190	330	6550	19.8485	44	25.0182	22	25.0182
group_11770	243	1667	6.8601	13	10.0382	6	9.2660
group_11771	711	20137	28.3221	138	36.4189	69	36.4189
group_11773	1596	153372	96.0977	1030	121.0936	515	121.0936
group_11774	381	0	0.0000	0	0.0000	0	0.0000
group_11775	3102	20435	6.5877	137	8.2870	68	8.2265
group_11777	1959	0	0.0000	0	0.0000	0	0.0000
group_11778	1377	104026	75.5454	702	95.6577	351	95.6577
group_19191	1473	16282	11.0536	107	13.6301	53	13.5027
group_11781	1239	224189	180.9435	1493	226.1025	746	225.9511
group_11782	339	24361	71.8614	176	97.4159	88	97.4159
group_11785	1536	226400	147.3958	1535	187.5141	767	187.3920
group_11789	966	142452	147.4658	971	188.6075	485	188.4133
group_11790	969	69932	72.1692	480	92.9468	240	92.9468
group_11796	900	151	0.1678	1	0.2085	0	0.0000
group_11792	276	302	1.0942	2	1.3597	1	1.3597
group_11794	996	149461	150.0612	1009	190.0854	504	189.8970
group_11798	285	14939	52.4175	112	73.7378	56	73.7378
group_11799	1746	287842	164.8580	1947	209.2370	973	209.1296
group_11800	1305	225773	173.0061	1528	219.6998	764	219.6999
group_11801	405	10059	24.8370	71	32.8943	35	32.4310
group_11802	1095	188902	172.5132	1282	219.6801	641	219.6802
group_11807	1725	3657	2.1200	25	2.7194	12	2.6106
group_11810	1182	65022	55.0102	436	69.2127	218	69.2127
group_11812	486	8194	16.8601	60	23.1650	30	23.1650
group_11813	3219	19333	6.0059	127	7.4029	63	7.3446
group_11816	201	0	0.0000	0	0.0000	0	0.0000
group_11817	114	0	0.0000	0	0.0000	0	0.0000
group_11818	498	2321	4.6606	18	6.7820	9	6.7820
group_11819	408	2167	5.3113	16	7.3583	8	7.3583
group_19192	900	0	0.0000	0	0.0000	0	0.0000
group_11822	1023	24220	23.6755	162	29.7137	81	29.7137
group_11824	267	9163	34.3184	66	46.3820	33	46.3820
cbiT	642	74799	116.5093	508	148.4723	254	148.4724
group_19193	867	0	0.0000	0	0.0000	0	0.0000
group_11825	303	5602	18.4884	38	23.5319	19	23.5319
group_11826	756	99858	132.0873	673	167.0360	336	166.7879
group_11829	762	555	0.7283	4	0.9850	2	0.9850
group_17193	1815	8038	4.4287	55	5.6859	27	5.5826
group_11830	366	292	0.7978	2	1.0253	1	1.0253
group_11831	360	2519	6.9972	18	9.3818	9	9.3818
group_11832	810	33457	41.3049	228	52.8161	114	52.8162
group_11833	690	302	0.4377	2	0.5439	1	0.5439
group_11836	2046	23222	11.3500	163	14.9485	81	14.8568
group_11837	789	18558	23.5209	127	30.2025	63	29.9647
group_11838	1974	2265	1.1474	15	1.4258	7	1.3308
group_11839	186	1171	6.2957	8	8.0704	4	8.0704
group_11841	2892	755	0.2611	5	0.3244	2	0.2595
group_11844	711	74161	104.3052	495	130.6329	247	130.3690
group_11847	753	901	1.1965	6	1.4951	3	1.4951
group_11850	573	4587	8.0052	31	10.1514	15	9.8239
group_19194	513	10597	20.6569	80	29.2610	40	29.2610
group_11851	1098	4854	4.4208	32	5.4685	16	5.4685
group_11852	900	127059	141.1767	873	182.0072	436	181.7988
group_14598	225	0	0.0000	0	0.0000	0	0.0000
group_19195	132	0	0.0000	0	0.0000	0	0.0000
group_11858	462	4894	10.5931	37	15.0272	18	14.6210
group_11859	336	2374	7.0655	17	9.4935	8	8.9351
group_11860	2076	221915	106.8955	1483	134.0388	741	133.9485
group_11862	336	0	0.0000	0	0.0000	0	0.0000
group_11864	549	5146	9.3734	40	13.6711	20	13.6711
group_11866	249	12607	50.6305	94	70.8346	47	70.8346
group_11868	219	2436	11.1233	19	16.2789	9	15.4222
group_11871	237	453	1.9114	3	2.3751	1	1.5834
group_11872	627	12150	19.3780	81	24.2401	40	23.9408
group_11873	1434	41059	28.6325	279	36.5066	139	36.3758
group_11881	2886	127997	44.3510	670	43.5608	335	43.5608
group_11880	708	30968	43.7401	209	55.3898	104	55.1248
group_11878	843	34041	40.3808	230	51.1938	115	51.1938
group_11877	1245	72008	57.8378	489	73.6981	244	73.5474
bchH	3987	368463	92.4161	2477	116.5726	1238	116.5256
group_11884	1317	3575	2.7145	24	3.4193	12	3.4193
group_15163	1245	28972	23.2707	195	29.3888	97	29.2381
group_11888	894	139536	156.0805	947	198.7602	473	198.5503
group_11889	756	2408	3.1852	16	3.9711	8	3.9711
group_19196	1218	36876	30.2759	236	36.3565	118	36.3565
group_11891	189	2200	11.6402	18	17.8701	9	17.8701
group_11892	1098	66982	61.0036	457	78.0963	228	77.9255
group_11893	1593	319270	200.4206	2152	253.4798	1076	253.4798
group_11894	297	600	2.0202	4	2.5271	2	2.5271
group_11895	2319	407429	175.6917	2738	221.5387	1369	221.5387
group_11896	111	0	0.0000	0	0.0000	0	0.0000
nifB	1437	229605	159.7808	1542	201.3467	771	201.3467
group_11901	405	6700	16.5432	46	21.3118	23	21.3118
group_11903	417	12809	30.7170	88	39.5971	44	39.5971
group_11906	348	1479	4.2500	10	5.3918	5	5.3918
group_11907	672	63765	94.8884	416	116.1558	208	116.1558
group_11908	2340	193000	82.4786	1288	103.2802	644	103.2802
group_11910	291	2046	7.0309	14	9.0272	7	9.0272
group_11912	1137	46021	40.4758	309	50.9935	154	50.8285
group_11914	735	47547	64.6898	324	82.7131	162	82.7132
group_11915	555	3759	6.7730	28	9.4663	14	9.4663
group_11916	414	490	1.1836	4	1.8129	2	1.8129
group_11918	1440	73636	51.1361	500	65.1515	250	65.1515
folD	897	135750	151.3378	924	193.2842	462	193.2843
group_11919	357	497	1.3922	3	1.5768	1	1.0512
group_11920	4836	118891	24.5846	792	30.7295	396	30.7295
group_11921	648	42135	65.0231	290	83.9730	145	83.9731
group_11923	2787	13891	4.9842	88	5.9246	44	5.9246
group_11924	336	1173	3.4911	8	4.4675	4	4.4675
group_11926	213	6369	29.9014	49	43.1652	24	42.2842
group_11930	168	0	0.0000	0	0.0000	0	0.0000
group_11931	1068	38097	35.6713	257	45.1522	128	44.9765
group_11932	1758	144510	82.2014	968	103.3174	484	103.3174
group_19197	3417	241227	70.5961	1611	88.4642	805	88.4093
group_11935	1467	15768	10.7485	105	13.4300	52	13.3021
group_11936	690	88207	127.8362	606	164.7936	303	164.7937
group_11937	1485	1057	0.7118	7	0.8845	3	0.7581
aspS	1788	2890	1.6163	22	2.3087	11	2.3087
group_11939	759	0	0.0000	0	0.0000	0	0.0000
group_11940	1494	45941	30.7503	304	38.1803	152	38.1804
group_11944	783	604	0.7714	4	0.9586	2	0.9586
group_11945	801	302	0.3770	2	0.4685	1	0.4685
group_19198	1167	19686	16.8689	144	23.1531	72	23.1531
group_11949	576	103392	179.5000	711	231.6136	355	231.2878
group_11951	3153	93205	29.5607	575	34.2185	287	34.1590
group_11952	1944	145443	74.8164	918	88.6060	459	88.6060
group_11953	669	13446	20.0987	91	25.5230	45	25.2426
group_11954	1137	35124	30.8918	238	39.2766	119	39.2766
group_11955	366	4839	13.2213	36	18.4560	18	18.4560
group_11956	165	0	0.0000	0	0.0000	0	0.0000
group_11957	1122	1543816	1375.9501	10322	1726.1871	5161	1726.1874
group_11958	328	32001	97.5640	228	130.4301	114	130.4301
group_11961	165	876	5.3091	7	7.9603	3	6.8231
group_11963	2553	60142	23.5574	380	27.9286	190	27.9286
group_11964	399	20862	52.2857	147	69.1292	73	68.6589
group_11965	354	7138	20.1638	58	30.7427	29	30.7427
group_11966	1455	7923	5.4454	54	6.9638	27	6.9638
group_11969	15453	184595	11.9456	1162	14.1095	581	14.1095
group_11970	996	87439	87.7902	595	112.0920	297	111.9036
group_11973	1083	187890	173.4903	1270	220.0352	635	220.0352
group_11974	402	825	2.0522	6	2.8005	3	2.8005
group_11975	1254	1093726	872.1898	7264	1086.9140	3632	1086.9142
rimM	591	58191	98.4619	405	128.5833	202	128.2658
group_11977	867	34845	40.1903	240	51.9408	120	51.9409
psd	1473	3985	2.7054	27	3.4394	13	3.3120
group_11978	540	40452	74.9111	287	99.7252	143	99.3778
group_11979	876	114328	130.5114	774	165.7882	387	165.7883
group_11982	1383	7358	5.3203	50	6.7837	25	6.7837
group_11987	312	19359	62.0481	136	81.7902	68	81.7902
group_11989	939	0	0.0000	0	0.0000	0	0.0000
group_11993	879	3365	3.8282	22	4.6962	11	4.6962
group_11990	321	13943	43.4361	105	61.3764	52	60.7918
group_11991	759	3515	4.6311	24	5.9332	12	5.9332
group_11992	300	10164	33.8800	70	43.7818	35	43.7818
group_11994	375	9853	26.2747	66	33.0240	33	33.0240
group_11995	1380	18552	13.4435	126	17.1320	63	17.1320
group_11997	363	2611	7.1928	18	9.3043	9	9.3043
group_11999	1191	175514	147.3669	1186	186.8486	593	186.8486
group_12001	510	1152	2.2588	8	2.9433	4	2.9433
group_12003	249	0	0.0000	0	0.0000	0	0.0000
group_12006	1275	32583	25.5553	220	32.3765	110	32.3765
group_12007	351	6827	19.4501	47	25.1251	23	24.5905
group_12008	1578	84859	53.7763	564	67.0639	282	67.0639
group_12010	1623	1812	1.1165	12	1.3873	6	1.3873
group_12011	1728	72032	41.6852	491	53.3156	245	53.2071
group_12013	1536	161185	104.9382	1085	132.5426	542	132.4204
group_12014	2157	181971	84.3630	1216	105.7792	608	105.7792
group_12015	1107	152613	137.8618	1032	174.9238	516	174.9238
group_12017	669	8305	12.4141	58	16.2674	29	16.2674
group_12018	2016	58197	28.8676	391	36.3918	195	36.2987
group_12020	285	13542	47.5158	100	65.8373	50	65.8373
group_12021	339	16070	47.4041	119	65.8664	59	65.3129
group_19199	663	0	0.0000	0	0.0000	0	0.0000
group_18459	231	454	1.9654	3	2.4368	1	1.6246
group_12025	705	553	0.7844	4	1.0646	2	1.0646
group_12024	708	2741	3.8715	16	4.2404	8	4.2404
group_18469	756	34053	45.0437	229	56.8369	114	56.5887
group_12027	573	6159	10.7487	41	13.4260	20	13.0985
group_12028	1353	135589	100.2136	910	126.2003	455	126.2003
rimK	906	123437	136.2439	857	177.4882	428	177.2811
group_12032	192	0	0.0000	0	0.0000	0	0.0000
group_12034	1764	0	0.0000	0	0.0000	0	0.0000
group_12035	528	10926	20.6932	76	27.0083	38	27.0083
group_12038	729	302	0.4143	2	0.5148	1	0.5148
group_12039	771	28229	36.6135	197	47.9434	98	47.7000
group_12041	999	1660	1.6617	11	2.0661	5	1.8782
group_12045	1212	181058	149.3878	1236	191.3519	618	191.3519
group_12046	2184	130787	59.8842	872	74.9171	436	74.9171
group_12047	960	46627	48.5698	319	62.3500	159	62.1545
group_19201	147	0	0.0000	0	0.0000	0	0.0000
group_12049	309	2746	8.8867	20	12.1447	10	12.1447
group_19202	516	1875	3.6337	13	4.7273	6	4.3636
group_12050	339	4648	13.7109	33	18.2655	16	17.7120
group_12051	717	3479	4.8522	24	6.2807	12	6.2807
ligW	1107	55031	49.7118	376	63.7319	188	63.7319
group_12052	1023	44754	43.7478	300	55.0253	150	55.0253
group_12053	495	5303	10.7131	36	13.6463	18	13.6463
group_12057	912	65545	71.8695	443	91.1435	221	90.9378
group_12060	534	9468	17.7303	65	22.8396	32	22.4883
group_12061	159	0	0.0000	0	0.0000	0	0.0000
group_12063	372	12228	32.8710	81	40.8563	40	40.3519
group_12064	3297	37836	11.4759	252	14.3416	126	14.3416
group_12065	495	1220	2.4646	9	3.4116	4	3.0325
group_12067	1212	73275	60.4579	494	76.4788	247	76.4788
group_12069	5748	37232	6.4774	212	6.9205	106	6.9205
group_17502	1083	0	0.0000	0	0.0000	0	0.0000
group_12072	363	19136	52.7163	130	67.1976	65	67.1976
group_12075	450	4218	9.3733	30	12.5091	15	12.5091
group_12076	771	83517	108.3230	571	138.9628	285	138.7195
group_12077	642	91299	142.2103	635	185.5904	317	185.2982
group_12078	336	1177	3.5030	9	5.0260	4	4.4675
group_12080	387	7701	19.8992	56	27.1515	28	27.1515
pncC	1272	149314	117.3852	1018	150.1681	509	150.1681
group_12087	1512	256672	169.7566	1736	215.4343	868	215.4343
group_12088	666	24869	37.3408	171	48.1769	85	47.8952
group_12089	735	30890	42.0272	209	53.3551	104	53.0998
group_12092	1470	29685	20.1939	201	25.6564	100	25.5288
group_12093	1680	4127	2.4565	28	3.1273	14	3.1273
group_12096	711	28587	40.2068	200	52.7810	100	52.7810
group_12097	444	151	0.3401	1	0.4226	0	0.0000
group_12099	1089	70842	65.0523	417	71.8497	208	71.6774
group_12104	4707	276297	58.6992	1273	50.7459	636	50.7061
group_12103	771	22287	28.9066	147	35.7750	73	35.5317
group_12105	855	15362	17.9673	105	23.0431	52	22.8236
group_12106	1659	36558	22.0362	249	28.1624	124	28.0493
group_12107	438	4423	10.0982	31	13.2802	15	12.8518
group_12109	438	7744	17.6804	53	22.7048	26	22.2765
group_12110	1173	17870	15.2344	113	18.0758	56	17.9158
group_12111	1308	38880	29.7248	264	37.8715	132	37.8716
group_12112	621	0	0.0000	0	0.0000	0	0.0000
group_12113	771	30126	39.0739	202	49.1602	101	49.1602
sucC	1311	175283	133.7018	1189	170.1751	594	170.0320
group_12115	369	21297	57.7154	147	74.7494	73	74.2409
group_12116	867	12995	14.9885	86	18.6121	43	18.6121
group_12118	3000	146707	48.9023	988	61.7949	494	61.7949
group_12119	1197	231235	193.1788	1542	241.7169	771	241.7170
group_12121	240	2649	11.0375	18	14.0727	9	14.0727
group_12122	351	3183	9.0684	23	12.2953	11	11.7607
group_12123	357	0	0.0000	0	0.0000	0	0.0000
group_12126	1020	0	0.0000	0	0.0000	0	0.0000
group_12139	1533	11112	7.2485	74	9.0575	37	9.0575
group_12144	813	5279	6.4932	36	8.3086	18	8.3086
group_12142	1410	11469	8.1340	76	10.1137	38	10.1137
gltB	4605	845744	183.6578	5660	230.6236	2830	230.6236
group_12143	417	3746	8.9832	29	13.0490	14	12.5991
group_12145	1434	41458	28.9107	259	33.8897	129	33.7588
group_12146	189	1827	9.6667	15	14.8918	7	13.8990
group_12153	414	3258	7.8696	22	9.9710	11	9.9710
dndC	1653	166186	100.5360	1115	126.5665	557	126.4530
group_12158	2187	115214	52.6813	674	57.8266	337	57.8267
group_12159	1197	38652	32.2907	262	41.0699	131	41.0699
group_12160	366	545	1.4891	5	2.5633	2	2.0507
dusA	1071	178296	166.4762	1205	211.1127	602	210.9376
group_12163	192	2978	15.5104	22	21.5000	11	21.5000
group_19203	1722	107308	62.3159	715	77.9094	357	77.8004
group_12164	228	7828	34.3333	56	46.0861	28	46.0861
group_12166	396	30944	78.1414	213	100.9256	106	100.4518
group_12168	4608	14103	3.0605	95	3.8684	47	3.8277
group_12169	2217	148045	66.7772	961	81.3345	480	81.2498
group_12170	1047	86390	82.5119	590	105.7358	295	105.7359
group_12171	2544	44652	17.5519	303	22.3482	151	22.2744
group_12172	297	7616	25.6431	53	33.4839	26	32.8522
group_12174	2226	349983	157.2251	2336	196.9085	1168	196.9086
group_12176	1731	264874	153.0179	1770	191.8638	885	191.8638
group_12177	231	3684	15.9481	29	23.5561	14	22.7438
group_12179	270	2416	8.9481	16	11.1192	8	11.1192
group_12180	7527	1510	0.2006	10	0.2493	5	0.2493
group_19204	237	431991	1822.7468	2957	2341.0994	1478	2340.3081
group_12181	309	7183	23.2460	50	30.3619	25	30.3619
group_12182	945	95687	101.2561	639	126.8779	319	126.6793
rfbF	888	40020	45.0676	272	57.4742	136	57.4742
group_12185	1554	98816	63.5882	663	80.0533	331	79.9326
group_12187	2958	258806	87.4936	1719	109.0422	859	108.9788
group_12188	4620	59520	12.8831	389	15.7988	194	15.7582
group_17485	300	170	0.5667	2	1.2509	1	1.2509
group_12190	327	453	1.3853	3	1.7214	1	1.1476
group_12191	306	21780	71.1765	148	90.7522	74	90.7522
group_12192	453	30104	66.4547	206	85.3269	103	85.3269
group_12194	360	13537	37.6028	96	50.0363	48	50.0364
group_12195	966	26341	27.2681	184	35.7402	92	35.7403
group_12196	4308	10276	2.3853	69	3.0053	34	2.9618
group_12201	1155	3307	2.8632	23	3.7365	11	3.5740
group_12200	1017	19589	19.2616	135	24.9075	67	24.7230
group_12203	1128	35813	31.7491	239	39.7563	119	39.5899
group_12204	375	6277	16.7387	45	22.5164	22	22.0160
group_12205	795	10608	13.3434	72	16.9935	36	16.9935
group_12206	738	10950	14.8374	72	18.3060	36	18.3060
group_12208	450	6903	15.3400	46	19.1806	23	19.1806
group_12209	873	2153	2.4662	15	3.2240	7	3.0091
group_12210	1953	126098	64.5663	847	81.3763	423	81.2803
group_12212	357	36332	101.7703	252	132.4492	126	132.4492
group_12213	342	12301	35.9678	86	47.1834	43	47.1834
group_12214	915	73283	80.0907	508	104.1740	254	104.1741
group_12215	447	28515	63.7919	200	83.9536	100	83.9536
group_12218	2283	14850	6.5046	98	8.0545	49	8.0545
group_12221	3189	127625	40.0204	855	50.3070	427	50.2482
group_12226	636	11964	18.8113	84	24.7822	42	24.7822
group_12227	282	1312	4.6525	10	6.6538	5	6.6538
group_12229	1158	517632	447.0052	3454	559.6682	1727	559.6683
group_12236	1164	25094	21.5584	170	27.4039	85	27.4039
group_12234	903	19582	21.6855	133	27.6364	66	27.4286
group_12237	939	5187	5.5240	35	6.9939	17	6.7941
group_12239	717	0	0.0000	0	0.0000	0	0.0000
group_12241	522	67830	129.9425	466	167.5067	233	167.5068
group_12242	384	22788	59.3438	164	80.1363	82	80.1364
group_12245	843	147253	174.6773	1002	223.0268	501	223.0268
ypfH	729	34435	47.2359	232	59.7142	116	59.7142
group_12251	1785	20280	11.3613	136	14.2961	68	14.2961
group_12254	258	1795	6.9574	16	11.6364	8	11.6364
group_12255	3099	1884	0.6079	12	0.7266	6	0.7266
group_12256	6645	4246	0.6390	24	0.6777	12	0.6777
group_12257	1464	59662	40.7527	394	50.4977	197	50.4978
group_12259	1488	20989	14.1055	141	17.7801	70	17.6540
group_12260	519	12552	24.1850	77	27.8381	38	27.4766
group_12263	1506	47275	31.3911	320	39.8696	160	39.8696
group_12265	177	609	3.4407	5	5.3005	2	4.2404
group_12268	498	5835	11.7169	42	15.8247	21	15.8248
group_12273	237	0	0.0000	0	0.0000	0	0.0000
group_12274	1806	26356	14.5936	178	18.4935	89	18.4935
group_12275	1716	221727	129.2115	1488	162.7056	744	162.7056
group_12277	246	0	0.0000	0	0.0000	0	0.0000
group_12284	780	0	0.0000	0	0.0000	0	0.0000
group_12283	1227	38014	30.9813	264	40.3716	132	40.3716
group_12285	357	724	2.0280	5	2.6280	2	2.1024
group_12287	1029	6097	5.9252	41	7.4763	20	7.2939
group_12288	765	25466	33.2889	169	41.4517	84	41.2064
group_12290	585	13986	23.9077	97	31.1123	48	30.7916
group_12291	267	2873	10.7603	31	21.7855	15	21.0827
group_12292	1752	53082	30.2979	357	38.2341	178	38.1270
group_12293	282	230	0.8156	2	1.3308	1	1.3308
group_12294	510	56648	111.0745	394	144.9582	197	144.9583
group_12296	1242	14046	11.3092	97	14.6544	48	14.5033
group_12298	1599	251691	157.4053	1563	183.4118	781	183.2945
elyC	730	78193	107.1137	529	135.9721	264	135.7150
group_12300	2727	235847	86.4859	1554	106.9259	777	106.9259
group_12305	2676	5262	1.9664	25	1.7530	12	1.6828
group_12311	1215	26470	21.7860	180	27.7980	90	27.7980
group_12316	2178	133556	61.3205	889	76.5880	444	76.5019
group_19206	318	2348	7.3836	18	10.6209	9	10.6209
group_12318	987	25367	25.7011	172	32.6985	86	32.6985
lON	714	110765	155.1331	772	202.8785	386	202.8785
ySH1	1647	273966	166.3424	1844	210.0798	922	210.0798
group_12321	681	27087	39.7753	189	52.0753	94	51.7998
group_12323	261	11508	44.0920	82	58.9509	41	58.9509
group_12327	2265	14423	6.3678	91	7.5386	45	7.4557
group_12328	1233	68263	55.3633	461	70.1544	230	70.0022
group_12330	288	880	3.0556	6	3.9091	3	3.9091
group_12331	1542	1816	1.1777	12	1.4602	6	1.4602
group_12332	2310	364914	157.9714	2454	199.3331	1227	199.3331
group_12334	393	4828	12.2850	32	15.2783	16	15.2783
group_12338	240	0	0.0000	0	0.0000	0	0.0000
group_12337	1239	5422	4.3761	37	5.6033	18	5.4519
group_12339	921	2822	3.0641	19	3.8709	9	3.6672
group_12343	1521	64466	42.3840	431	53.1698	215	53.0464
group_12344	5613	90181	16.0665	578	19.3219	289	19.3219
group_12345	1056	0	0.0000	0	0.0000	0	0.0000
group_12346	699	65596	93.8426	449	120.5275	224	120.2591
group_12347	609	32262	52.9754	225	69.3238	112	69.0157
group_12351	831	1804	2.1709	12	2.7095	6	2.7095
group_12352	1131	6032	5.3333	41	6.8020	20	6.6361
group_12355	975	3147	3.2277	21	4.0414	10	3.8490
group_12356	759	3968	5.2279	28	6.9220	14	6.9220
group_12354	1227	169850	138.4271	1156	176.7788	578	176.7788
group_12357	675	10677	15.8178	72	20.0145	36	20.0145
group_12358	3288	51750	15.7391	345	19.6881	172	19.6311
group_12359	816	38823	47.5772	262	60.2460	131	60.2460
cmr6	2004	24469	12.2101	163	15.2618	81	15.1682
group_12360	987	2760	2.7964	20	3.8022	10	3.8022
group_12361	783	14563	18.5990	101	24.2034	50	23.9638
group_12362	1650	11931	7.2309	80	9.0975	40	9.0975
group_12363	750	1999	2.6653	14	3.5025	7	3.5025
group_12364	1722	10520	6.1092	71	7.7365	35	7.6275
group_12365	954	113725	119.2086	773	152.0365	386	151.8399
group_12366	870	62520	71.8621	422	91.0144	211	91.0144
group_12368	969	118840	122.6419	797	154.3304	398	154.1368
group_12369	501	3999	7.9820	29	10.8612	14	10.4867
group_12370	456	26793	58.7566	202	83.1196	101	83.1196
rsmH	882	137033	155.3662	938	199.5497	469	199.5498
group_12372	471	1789	3.7983	14	5.5773	7	5.5773
group_12373	180	0	0.0000	0	0.0000	0	0.0000
group_12374	396	57699	145.7045	405	191.9008	202	191.4270
group_12375	645	6724	10.4248	45	13.0909	22	12.8000
group_12377	399	295	0.7393	2	0.9405	1	0.9405
group_12378	1287	22982	17.8570	156	22.7438	78	22.7438
group_19207	435	453	1.0414	3	1.2940	1	0.8627
group_12379	288	2172	7.5417	17	11.0758	8	10.4242
group_12380	1047	210041	200.6122	1360	243.7301	680	243.7301
group_12381	165	1913	11.5939	17	19.3322	8	18.1950
group_12382	3351	186879	55.7681	1093	61.2016	546	61.1456
group_12385	231	221	0.9567	2	1.6246	1	1.6246
group_12387	2106	19503	9.2607	128	11.4043	64	11.4043
rsmB	1353	251635	185.9830	1696	235.2041	848	235.2042
group_12390	630	8563	13.5921	61	18.1680	30	17.8701
group_12391	1389	23554	16.9575	159	21.4789	79	21.3438
group_12392	2319	2656	1.1453	18	1.4564	9	1.4564
group_12394	201	2692	13.3930	20	18.6703	10	18.6703
tnpISMae37~~~tnpISL3	1155	868129	751.6268	5815	944.6798	2907	944.5175
group_12396	270	7958	29.4741	59	41.0020	29	40.3071
group_12397	897	48995	54.6210	331	69.2393	165	69.0301
group_12398	744	7137	9.5927	50	12.6100	25	12.6100
group_12400	1410	140788	99.8496	936	124.5586	468	124.5586
group_12401	246	453	1.8415	3	2.2882	1	1.5255
group_12402	6558	285504	43.5352	1196	34.2197	598	34.2197
group_12407	696	2203	3.1652	15	4.0439	7	3.7743
group_12405	444	604	1.3604	4	1.6904	2	1.6904
group_12406	627	751	1.1978	5	1.4963	2	1.1970
group_12408	933	42070	45.0911	283	56.9143	141	56.7132
group_15975	678	57739	85.1608	400	110.6999	200	110.6999
group_12412	168	148	0.8810	2	2.2338	1	2.2338
group_12413	843	2069	2.4543	14	3.1161	7	3.1161
group_12414	306	1055	3.4477	7	4.2923	3	3.6791
group_12415	1923	24506	12.7436	162	15.8071	81	15.8071
group_12416	657	597	0.9087	4	1.1424	2	1.1424
group_12418	306	4780	15.6209	35	21.4617	17	20.8485
group_12420	840	130121	154.9060	890	198.8051	445	198.8052
group_12421	6795	73406	10.8029	447	12.3434	223	12.3158
group_12422	1431	203263	142.0426	1387	181.8669	693	181.7358
group_18683	2250	70606	31.3804	475	39.6121	237	39.5287
group_12424	465	42856	92.1634	305	123.0733	152	122.6698
group_17458	435	7312	16.8092	51	21.9987	25	21.5674
group_12426	6504	91693	14.0979	621	17.9155	310	17.8866
group_12427	495	11201	22.6283	78	29.5669	39	29.5669
group_12429	441	115914	262.8435	923	392.7173	461	392.2918
group_19049	435	208	0.4782	2	0.8627	1	0.8627
group_12430	864	3714	4.2986	25	5.4293	12	5.2121
group_12431	588	58014	98.6633	396	126.3673	198	126.3673
group_12435	2700	106277	39.3619	677	47.0481	338	46.9786
tnpISMae43~~~tnpISKra4	210	2697	12.8429	20	17.8701	10	17.8701
group_12437	672	6996	10.4107	47	13.1234	23	12.8442
group_12438	954	3964	4.1551	27	5.3105	13	5.1138
kdpC	669	67552	100.9746	468	131.2613	234	131.2613
group_12439	849	123121	145.0188	847	187.1943	423	186.9733
group_12441	1194	12928	10.8275	90	14.1434	45	14.1434
group_12444	6069	450423	74.2170	3002	92.8133	1501	92.8134
group_12446	1089	33821	31.0569	226	38.9401	113	38.9401
cnoX	474	24976	52.6920	179	70.8584	89	70.4626
group_19208	1218	15663	12.8596	106	16.3296	53	16.3296
group_12453	1011	130454	129.0346	892	165.5505	446	165.5506
group_12455	606	4257	7.0248	29	8.9793	14	8.6697
group_12456	1323	2030	1.5344	14	1.9856	7	1.9856
group_12459	654	5193	7.9404	36	10.3286	18	10.3286
group_12462	303	14455	47.7063	105	65.0225	52	64.4032
group_12461	3396	4362	1.2845	29	1.6023	14	1.5471
group_12463	792	3574	4.5126	24	5.6859	12	5.6859
group_9152	594	1613	2.7155	10	3.1589	5	3.1589
group_12467	3762	74008	19.6725	495	24.6890	247	24.6391
group_12466	2256	6638	2.9424	45	3.7427	22	3.6596
group_12469	405	8664	21.3926	63	29.1879	31	28.7246
group_12470	1113	17853	16.0404	122	20.5675	61	20.5675
group_12472	375	15712	41.8987	109	54.5396	54	54.0393
group_15259	324	396	1.2222	3	1.7374	1	1.1582
group_12475	240	2043	8.5125	16	12.5091	8	12.5091
group_12479	579	22841	39.4491	159	51.5271	79	51.2030
group_12481	1065	119946	112.6254	769	135.4857	384	135.3096
gpsA	930	137114	147.4344	930	187.6363	465	187.6363
group_12482	369	34172	92.6070	248	126.1079	124	126.1079
hisZ	1218	70230	57.6601	483	74.4075	241	74.2535
group_12484	1758	1812	1.0307	12	1.2808	6	1.2808
group_12485	171	0	0.0000	0	0.0000	0	0.0000
group_12486	6768	56294	8.3177	239	6.6260	119	6.5983
group_12487	2388	462444	193.6533	3110	244.3672	1555	244.3673
group_12488	408	1069	2.6201	8	3.6791	4	3.6791
group_12489	1155	1358	1.1758	9	1.4621	4	1.2996
group_12490	549	23777	43.3097	162	55.3681	81	55.3681
group_12491	1371	302	0.2203	2	0.2737	1	0.2737
group_12492	1320	15761	11.9402	106	15.0678	53	15.0678
group_12493	894	1057	1.1823	7	1.4692	3	1.2593
group_12495	444	12795	28.8176	88	37.1892	44	37.1892
group_12496	276	18225	66.0326	135	91.7786	67	91.0988
group_12497	900	22441	24.9344	156	32.5236	78	32.5236
group_12498	450	5716	12.7022	40	16.6788	20	16.6788
group_12500	675	5755	8.5259	40	11.1192	20	11.1192
group_12501	312	5456	17.4872	40	24.0559	20	24.0559
group_12502	1479	131826	89.1318	893	113.2922	446	113.1654
group_12504	387	6695	17.2997	48	23.2727	24	23.2727
group_12506	1188	97224	81.8384	660	104.2424	330	104.2424
group_12507	519	62044	119.5453	424	153.2905	212	153.2906
group_12508	1068	121993	114.2257	796	139.8488	398	139.8488
group_12509	1122	1183289	1054.6248	7892	1319.8090	3946	1319.8092
group_12510	1089	185395	170.2433	1219	210.0355	609	209.8632
group_12513	3048	20864	6.8451	141	8.6800	70	8.6185
group_12512	2058	14644	7.1156	93	8.4792	46	8.3880
group_12515	2304	194635	84.4770	1295	105.4640	647	105.3826
group_16482	264	639	2.4205	5	3.5537	2	2.8430
group_12516	597	43485	72.8392	293	92.0895	146	91.7752
group_12518	618	38437	62.1958	261	79.2445	130	78.9409
group_12517	1149	3854	3.3542	26	4.2459	13	4.2459
group_12519	900	1495	1.6611	10	2.0848	5	2.0848
group_12520	285	4779	16.7684	34	22.3847	17	22.3847
group_12521	762	11358	14.9055	79	19.4531	39	19.2069
group_12522	240	2980	12.4167	21	16.4182	10	15.6364
group_12524	1194	10431	8.7362	71	11.1576	35	11.0005
group_12525	702	93003	132.4829	643	171.8663	321	171.5990
group_12526	900	0	0.0000	0	0.0000	0	0.0000
group_12527	138	0	0.0000	0	0.0000	0	0.0000
group_12529	324	4764	14.7037	35	20.2694	17	19.6902
group_12531	354	31750	89.6893	220	116.6101	110	116.6102
group_12532	282	5705	20.2305	40	26.6151	20	26.6151
group_12533	270	17157	63.5444	115	79.9192	57	79.2242
group_12536	810	2832	3.4963	18	4.1697	9	4.1697
group_12538	828	37652	45.4734	258	58.4664	129	58.4664
group_12540	375	44946	119.8560	320	160.1163	160	160.1163
group_9543	807	3719	4.6084	25	5.8128	12	5.5803
group_12543	1167	5622	4.8175	37	5.9491	18	5.7883
ripC	882	6645	7.5340	45	9.5733	22	9.3605
group_12546	162	0	0.0000	0	0.0000	0	0.0000
group_12547	207	661	3.1932	5	4.5323	2	3.6258
group_12548	243	6590	27.1193	47	36.2918	23	35.5196
group_12552	390	8773	22.4949	65	31.2727	32	30.7916
group_12553	354	14083	39.7825	106	56.1849	53	56.1849
group_12554	330	8741	26.4879	58	32.9785	29	32.9785
group_12556	285	4227	14.8316	29	19.0928	14	18.4344
group_12557	1014	138280	136.3708	936	173.2027	468	173.2028
group_12559	687	2593	3.7744	17	4.6431	8	4.3700
group_12560	267	14493	54.2809	110	77.3033	55	77.3034
group_12564	219	2105	9.6119	17	14.5654	8	13.7086
group_12566	999	16680	16.6967	112	21.0363	56	21.0363
group_12569	1725	45681	26.4817	310	33.7201	155	33.7202
group_12571	1149	70481	61.3412	468	76.4263	234	76.4263
group_12573	213	6196	29.0892	44	38.7606	22	38.7606
group_12574	198	1607	8.1162	11	10.4242	5	9.4766
group_12575	798	1818	2.2782	13	3.0567	6	2.8216
hslJ	1311	244695	186.6476	1670	239.0180	835	239.0181
group_12577	1056	117413	111.1866	735	130.5991	367	130.4215
group_12578	2046	17697	8.6496	120	11.0051	60	11.0051
group_12579	2283	190669	83.5169	1281	105.2834	640	105.2013
group_12581	435	31014	71.2966	209	90.1517	104	89.7204
group_12582	486	19319	39.7510	132	50.9629	66	50.9630
group_12586	726	0	0.0000	0	0.0000	0	0.0000
group_12587	1413	44995	31.8436	261	34.6589	130	34.5261
group_12588	2166	137635	63.5434	916	79.3513	458	79.3513
group_12589	1155	129900	112.4675	902	146.5350	451	146.5350
group_12594	732	10424	14.2404	69	17.6870	34	17.4307
group_14692	1860	2387	1.2833	16	1.6141	8	1.6141
group_12597	630	5966	9.4698	41	12.2113	20	11.9134
group_12598	1203	160	0.1330	1	0.1560	0	0.0000
group_12599	1140	755	0.6623	5	0.8230	2	0.6584
group_12600	1215	32558	26.7967	217	33.5120	108	33.3576
group_12603	1182	1353	1.1447	9	1.4287	4	1.2700
group_12605	771	1291	1.6744	9	2.1903	4	1.9469
group_12606	732	134461	183.6899	923	236.5961	461	236.3398
dusB	1095	169598	154.8840	1146	196.3755	573	196.3756
group_12608	2610	422209	161.7659	2809	201.9427	1404	201.8708
group_12610	267	4535	16.9850	32	22.4882	16	22.4883
group_12611	2838	94699	33.3682	624	41.2562	312	41.2562
glk	1080	187721	173.8157	1267	220.1252	633	219.9515
group_15573	2448	601	0.2455	4	0.3066	2	0.3066
group_12614	954	44856	47.0189	309	60.7753	154	60.5786
group_12615	1464	0	0.0000	0	0.0000	0	0.0000
group_12617	1335	265583	198.9386	1784	250.7439	892	250.7440
group_12618	1620	287819	177.6660	1939	224.5844	969	224.4687
group_12619	468	16050	34.2949	112	44.9044	56	44.9044
group_12620	2319	8204	3.5377	52	4.2075	26	4.2075
group_12621	252	2598	10.3095	17	12.6580	8	11.9134
group_12623	1071	10708	9.9981	72	12.6142	36	12.6142
group_12624	372	28805	77.4328	202	101.8885	101	101.8885
group_12625	276	20348	73.7246	151	102.6561	75	101.9763
group_12628	1041	133115	127.8722	903	162.7623	451	162.5821
group_19209	1710	6631	3.8778	44	4.8281	22	4.8281
group_12630	273	28424	104.1172	208	142.9610	104	142.9610
group_12631	3144	24728	7.8651	165	9.8473	82	9.7876
group_12634	1485	151	0.1017	1	0.1264	0	0.0000
group_12635	2649	75438	28.4779	504	35.6998	252	35.6998
group_12637	9138	244007	26.7025	1302	26.7348	651	26.7348
pgpH	2385	165296	69.3065	1119	88.0357	559	87.9570
group_12638	1128	3167	2.8076	21	3.4932	10	3.3269
group_15851	4050	3746	0.9249	26	1.2046	13	1.2046
group_12640	939	60198	64.1086	397	79.3308	198	79.1310
group_12642	1173	33725	28.7511	232	37.1114	116	37.1114
group_12643	2223	292073	131.3869	1946	164.2556	973	164.2557
group_12644	741	906	1.2227	6	1.5193	3	1.5193
group_12645	849	4039	4.7574	27	5.9672	13	5.7462
group_12646	1614	1063	0.6586	7	0.8138	3	0.6975
group_12647	582	10934	18.7869	78	25.1471	39	25.1471
group_12649	363	0	0.0000	0	0.0000	0	0.0000
group_15928	855	13074	15.2912	91	19.9706	45	19.7512
group_12652	867	137943	159.1038	943	204.0842	471	203.8679
group_12657	9684	16509	1.7048	77	1.4919	38	1.4726
group_12658	2619	38027	14.5197	253	18.1260	126	18.0544
group_12661	1188	534525	449.9369	3572	564.1725	1786	564.1726
group_12663	603	71151	117.9950	499	155.2745	249	154.9633
group_12665	843	16544	19.6251	114	25.3743	57	25.3743
group_12666	2589	3347	1.2928	22	1.5944	11	1.5944
group_17242	915	11035	12.0601	76	15.5851	38	15.5851
group_12672	267	605	2.2659	4	2.8110	2	2.8110
group_12673	393	12572	31.9898	85	40.5829	42	40.1055
group_12674	1836	1362	0.7418	9	0.9198	4	0.8176
group_12675	213	0	0.0000	0	0.0000	0	0.0000
group_12684	777	33034	42.5148	217	52.4029	108	52.1615
group_12685	240	5573	23.2208	40	31.2727	20	31.2727
group_12686	228	2080	9.1228	14	11.5215	7	11.5215
group_12690	1149	151	0.1314	1	0.1633	0	0.0000
group_15150	906	81402	89.8477	552	114.3215	276	114.3215
group_12692	462	3879	8.3961	29	11.7780	14	11.3719
group_12693	375	15197	40.5253	114	57.0414	57	57.0414
group_12695	1830	16678	9.1137	112	11.4838	56	11.4838
group_12696	816	122681	150.3444	818	188.0962	409	188.0962
group_12697	813	117538	144.5732	806	186.0207	403	186.0208
group_12700	1497	1136209	758.9906	7634	956.8574	3817	956.8576
group_12702	858	10592	12.3450	72	15.7457	36	15.7457
group_12704	396	4142	10.4596	30	14.2149	15	14.2149
group_19210	96	146	1.5208	2	3.9091	1	3.9091
group_19211	684	3625	5.2997	24	6.5837	12	6.5837
group_12706	234	597	2.5513	4	3.2075	2	3.2075
group_12707	333	3056	9.1772	21	11.8329	10	11.2694
group_12712	375	36281	96.7493	252	126.0916	126	126.0916
group_12713	282	16153	57.2801	120	79.8452	60	79.8452
group_12714	471	36580	77.6645	253	100.7898	126	100.3914
group_12716	1290	6353	4.9248	44	6.4000	22	6.4000
group_12717	11472	286849	25.0043	1885	30.8311	942	30.8148
group_12718	1782	235372	132.0831	1581	166.4719	790	166.3667
group_12719	801	25185	31.4419	167	39.1202	83	38.8859
group_12723	393	1547	3.9364	12	5.7294	6	5.7294
group_12722	408	3244	7.9510	23	10.5775	11	10.1176
group_12725	318	4693	14.7579	30	17.7015	15	17.7015
group_12727	2907	22739	7.8222	158	10.1983	79	10.1983
group_12730	303	7841	25.8779	59	36.5364	29	35.9172
group_19212	219	151	0.6895	1	0.8568	0	0.0000
proS	1815	153281	84.4523	1028	106.2756	514	106.2756
group_12737	969	76602	79.0526	487	94.3023	243	94.1086
group_12738	1182	1812	1.5330	12	1.9049	6	1.9049
group_12741	228	0	0.0000	0	0.0000	0	0.0000
group_12742	1719	11321	6.5858	78	8.5140	39	8.5140
group_12745	2925	10939	3.7398	68	4.3621	34	4.3621
group_12746	639	3899	6.1017	27	7.9283	13	7.6347
group_12747	151	150	0.9934	1	1.2426	0	0.0000
tnpIS701~~~srso17	1269	157245	123.9125	1069	158.0640	534	157.9162
group_12749	366	1972	5.3880	14	7.1773	7	7.1773
group_12751	1098	145120	132.1676	985	168.3258	492	168.1550
group_12756	228	0	0.0000	0	0.0000	0	0.0000
group_12759	1197	854834	714.1470	5690	891.9387	2845	891.9388
group_12766	573	9564	16.6911	82	26.8520	41	26.8520
group_12761	3132	27466	8.7695	183	10.9634	91	10.9035
group_12762	1833	31966	17.4392	214	21.9063	107	21.9063
group_12767	534	302	0.5655	2	0.7028	1	0.7028
group_12770	1482	60580	40.8772	411	52.0368	205	51.9102
group_12771	1410	27382	19.4199	183	24.3528	91	24.2197
group_12772	942	0	0.0000	0	0.0000	0	0.0000
group_12773	741	14961	20.1903	101	25.5753	50	25.3220
group_12774	738	87683	118.8117	578	146.9563	289	146.9564
group_12775	792	58977	74.4659	396	93.8182	198	93.8182
group_12777	180	617	3.4278	5	5.2121	2	4.1697
group_12779	1230	214978	174.7789	1479	225.6212	739	225.4687
group_12780	1479	0	0.0000	0	0.0000	0	0.0000
group_12781	894	90807	101.5738	630	132.2269	315	132.2269
group_12782	336	8737	26.0030	60	33.5065	30	33.5065
group_12784	228	1890	8.2895	13	10.6986	6	9.8756
group_12785	327	8387	25.6483	56	32.1334	28	32.1334
group_12787	1353	185148	136.8426	1236	171.4106	618	171.4106
group_19213	1011	26429	26.1414	180	33.4071	90	33.4071
group_12790	360	1665	4.6250	11	5.7333	5	5.2121
group_12791	279	19652	70.4373	138	92.8094	69	92.8094
group_12796	219	555	2.5342	4	3.4271	2	3.4271
group_12798	1917	1900	0.9911	13	1.2724	6	1.1746
yegI	2709	90305	33.3352	596	41.2814	298	41.2814
group_12800	408	38227	93.6936	266	122.3315	133	122.3315
group_12802	3576	48886	13.6706	320	16.7907	160	16.7907
group_12803	744	1195	1.6062	8	2.0176	4	2.0176
group_12804	351	11396	32.4672	81	43.3007	40	42.7661
group_12805	1035	156028	150.7517	1062	192.5312	531	192.5312
group_12806	480	7479	15.5812	50	19.5454	25	19.5455
group_12809	987	48331	48.9676	336	63.8762	168	63.8762
group_12810	1518	8926	5.8801	59	7.2928	29	7.1692
group_12813	357	3524	9.8711	25	13.1398	12	12.6142
group_12816	1041	2938	2.8223	20	3.6049	10	3.6049
group_12818	852	120777	141.7570	845	186.0947	422	185.8745
group_12819	900	11764	13.0711	79	16.4703	39	16.2618
group_12821	828	2061	2.4891	15	3.3992	7	3.1726
group_12823	831	29655	35.6859	204	46.0623	102	46.0623
group_12825	810	453	0.5593	3	0.6949	1	0.4633
group_12829	471	10830	22.9936	76	30.2768	38	30.2768
group_12827	1248	355757	285.0617	2378	357.5314	1189	357.5314
group_12828	330	3536	10.7152	24	13.6463	12	13.6463
group_12832	627	530	0.8453	4	1.1970	2	1.1970
group_12835	1023	11059	10.8104	76	13.9397	38	13.9397
group_12839	747	60973	81.6238	411	103.2376	205	102.9865
group_12840	378	2940	7.7778	20	9.9278	10	9.9278
group_12842	747	92945	124.4244	643	161.5129	321	161.2618
group_12844	1299	2103	1.6189	14	2.0223	7	2.0223
elsH	1047	136290	130.1719	914	163.8009	457	163.8010
group_12845	232	10173	43.8491	75	60.6583	37	59.8495
group_12846	231	1356	5.8701	9	7.3105	4	6.4982
group_12847	315	27942	88.7048	196	116.7515	98	116.7515
aroQ	591	64819	109.6768	447	141.9178	223	141.6003
group_12848	972	83412	85.8148	569	109.8406	284	109.6476
group_12849	2619	1282	0.4895	9	0.6448	4	0.5732
group_12851	912	10720	11.7544	76	15.6364	38	15.6364
group_12852	642	1766	2.7508	12	3.5072	6	3.5072
group_12853	948	36767	38.7838	249	49.2842	124	49.0863
group_12855	723	0	0.0000	0	0.0000	0	0.0000
group_12856	1227	0	0.0000	0	0.0000	0	0.0000
group_12858	1164	206244	177.1856	1402	226.0018	701	226.0018
group_12859	1242	12455	10.0282	85	12.8415	42	12.6904
group_12860	1104	64518	58.4402	437	74.2727	218	74.1028
group_12862	1389	20167	14.5191	137	18.5070	68	18.3719
group_12869	687	1326	1.9301	9	2.4581	4	2.1850
group_12871	879	4077	4.6382	27	5.7636	13	5.5501
group_12873	5202	160018	30.7609	731	26.3672	365	26.3311
group_12874	1503	9905	6.5902	67	8.3644	33	8.2395
group_12875	243	824	3.3909	6	4.6330	3	4.6330
group_12877	237	13187	55.6414	94	74.4212	47	74.4212
group_12879	3957	28573	7.2209	169	8.0138	84	7.9664
group_12882	990	302	0.3051	2	0.3791	1	0.3791
group_12884	444	1935	4.3581	14	5.9165	7	5.9165
group_14996	1128	906	0.8032	6	0.9981	3	0.9981
ycjU	738	106133	143.8117	730	185.6023	365	185.6023
group_12888	333	1414	4.2462	10	5.6347	5	5.6347
group_12890	396	868	2.1919	6	2.8430	3	2.8430
group_12891	597	18908	31.6717	127	39.9159	63	39.6016
group_12892	249	1325	5.3213	12	9.0427	6	9.0427
group_12893	753	110554	146.8181	729	181.6559	364	181.4067
group_12894	276	4770	17.2826	34	23.1146	17	23.1146
group_12896	654	761	1.1636	5	1.4345	2	1.1476
group_12898	249	660	2.6506	6	4.5214	3	4.5214
group_12901	408	1867	4.5760	13	5.9786	6	5.5187
group_12903	2898	116264	40.1187	589	38.1359	294	38.0711
group_12904	222	4048	18.2342	30	25.3563	15	25.3563
group_12906	660	70232	106.4121	472	134.1884	236	134.1884
group_12911	318	14923	46.9277	109	64.3156	54	63.7255
group_12914	531	4781	9.0038	33	11.6610	16	11.3077
group_12910	759	35582	46.8801	249	61.5566	124	61.3094
group_12912	3207	14689	4.5803	99	5.7923	49	5.7338
group_12913	4221	386487	91.5629	2462	109.4434	1231	109.4434
group_12916	1593	31409	19.7169	216	25.4422	108	25.4422
group_12917	924	13761	14.8929	93	18.8855	46	18.6824
group_19214	123	246	2.0000	2	3.0510	1	3.0510
group_19215	552	1115	2.0199	10	3.3992	5	3.3992
group_12922	246	1733	7.0447	13	9.9157	6	9.1530
group_12926	3054	8316	2.7230	54	3.3177	27	3.3177
rrrD	1536	17810	11.5951	124	15.1477	62	15.1477
group_12929	2280	568	0.2491	4	0.3292	2	0.3292
group_12928	1218	243	0.1995	2	0.3081	1	0.3081
group_12930	1497	42408	28.3287	289	36.2237	144	36.0984
group_12931	363	16757	46.1625	117	60.4778	58	59.9609
group_12932	1650	4163	2.5230	27	3.0704	13	2.9567
group_12933	1515	9503	6.2726	63	7.8027	31	7.6788
group_12935	426	18534	43.5070	130	57.2599	65	57.2599
group_17980	639	55938	87.5399	391	114.8135	195	114.5198
group_12936	2763	143975	52.1082	978	66.4163	489	66.4163
group_12937	813	20137	24.7688	132	30.4649	66	30.4649
group_12941	753	38863	51.6109	262	65.2865	131	65.2865
group_12944	1143	44575	38.9983	288	47.2784	144	47.2784
group_12949	3888	8916	2.2932	61	2.9439	30	2.8956
group_12946	8130	19835	2.4397	136	3.1388	68	3.1388
group_12955	753	1025	1.3612	7	1.7443	3	1.4951
group_12956	3135	311974	99.5132	2080	124.4924	1040	124.4924
group_12957	1269	0	0.0000	0	0.0000	0	0.0000
group_12958	429	4856	11.3193	35	15.3083	17	14.8709
group_12959	1257	1208	0.9610	8	1.1942	4	1.1942
group_12962	402	209	0.5199	2	0.9335	1	0.9335
group_12964	324	391	1.2068	3	1.7374	1	1.1582
group_12967	1188	101373	85.3308	677	106.9274	338	106.7695
group_12968	1197	14820	12.3810	99	15.5188	49	15.3620
group_12969	687	13024	18.9578	92	25.1274	46	25.1274
group_12970	7689	173812	22.6053	1156	28.2101	578	28.2101
group_12975	9672	118269	12.2280	787	15.2678	393	15.2484
group_12973	291	1355	4.6564	10	6.4480	5	6.4480
group_12974	762	102852	134.9764	693	170.6456	346	170.3994
group_12976	675	7880	11.6741	55	15.2889	27	15.0109
group_12977	363	1208	3.3278	8	4.1352	4	4.1352
group_12979	261	10680	40.9195	76	54.6374	38	54.6374
group_12980	2787	88439	31.7327	588	39.5874	294	39.5874
group_12986	2115	1322	0.6251	10	0.8872	5	0.8872
group_12989	375	15396	41.0560	108	54.0393	54	54.0393
group_12990	1011	15783	15.6113	110	20.4154	55	20.4154
group_12991	1536	4619	3.0072	31	3.7869	15	3.6648
group_12992	384	1301	3.3880	14	6.8409	7	6.8409
group_12993	5271	116625	22.1258	552	19.6500	276	19.6500
group_12996	849	9804	11.5477	62	13.7025	31	13.7025
group_12998	465	12697	27.3054	90	36.3167	45	36.3167
group_13000	14322	525685	36.7047	3397	44.5050	1698	44.4919
group_13001	1842	106901	58.0353	724	73.7506	362	73.7507
group_13002	3975	22191	5.5826	150	7.0806	75	7.0806
group_13004	1293	302	0.2336	2	0.2902	1	0.2902
group_13005	606	2340	3.8614	16	4.9541	8	4.9541
group_13006	651	70849	108.8310	479	138.0611	239	137.7729
group_13007	276	10692	38.7391	76	51.6680	38	51.6680
group_13008	369	9359	25.3631	64	32.5440	32	32.5440
group_13010	1587	1494	0.9414	10	1.1823	5	1.1823
group_13011	354	17706	50.0169	130	68.9060	65	68.9060
group_13012	882	75224	85.2880	468	99.5621	234	99.5621
group_13013	432	23492	54.3796	165	71.6666	82	71.2323
group_13014	426	2908	6.8263	21	9.2497	10	8.8092
group_13016	369	32792	88.8672	240	122.0399	120	122.0399
group_13023	372	3722	10.0054	28	14.1232	14	14.1232
group_13026	984	299	0.3039	2	0.3814	1	0.3814
group_13030	234	4083	17.4487	36	28.8671	18	28.8671
group_13031	369	984	2.6667	8	4.0680	4	4.0680
group_13035	915	25304	27.6546	181	37.1171	90	36.9121
group_13036	450	6227	13.8378	43	17.9297	21	17.5127
group_13037	1449	266634	184.0124	1797	232.7001	898	232.5706
group_13038	6111	30595	5.0065	173	5.3119	86	5.2812
group_13041	7827	10885	1.3907	64	1.5343	32	1.5343
group_13043	5814	86341	14.8505	553	17.8471	276	17.8148
group_13044	1167	0	0.0000	0	0.0000	0	0.0000
group_13048	207	2210	10.6763	15	13.5968	7	12.6904
group_13049	294	425	1.4456	3	1.9147	1	1.2764
group_13050	1077	34145	31.7038	233	40.5936	116	40.4193
group_13052	165	2121	12.8545	16	18.1950	8	18.1950
group_14919	1557	1015	0.6519	7	0.8436	3	0.7231
group_13054	888	11726	13.2050	80	16.9042	40	16.9042
group_13057	1977	39125	19.7901	260	24.6765	130	24.6765
group_13060	189	807	4.2698	6	5.9567	3	5.9567
group_13062	1776	19409	10.9285	130	13.7346	65	13.7346
group_13063	1188	844949	711.2365	5612	886.3762	2806	886.3764
group_13064	207	151	0.7295	1	0.9065	0	0.0000
group_13066	1401	7533	5.3769	50	6.6965	25	6.6965
group_13068	585	2271	3.8821	15	4.8112	7	4.4904
group_13069	879	147375	167.6621	1004	214.3195	502	214.3195
group_18679	942	36025	38.2431	250	49.7973	125	49.7973
gdhA	1326	233180	175.8522	1574	222.7297	787	222.7297
group_13071	744	28840	38.7634	191	48.1701	95	47.9179
group_13072	150	514	3.4267	4	5.0036	2	5.0036
group_13073	993	5309	5.3464	36	6.8025	18	6.8025
group_13075	243	3232	13.3004	23	17.7598	11	16.9877
group_13082	408	18458	45.2402	126	57.9465	63	57.9465
group_13083	192	1513	7.8802	12	11.7273	6	11.7273
group_13084	1743	299474	171.8153	2007	216.0563	1003	215.9486
group_13086	276	9405	34.0761	64	43.5099	32	43.5099
group_13087	330	570	1.7273	4	2.2744	2	2.2744
group_13088	861	3196	3.7120	22	4.7944	11	4.7944
group_13089	2583	1208	0.4677	8	0.5811	4	0.5811
group_13090	1581	12011	7.5971	81	9.6132	40	9.4946
group_13091	1251	7429	5.9384	51	7.6494	25	7.4995
group_13092	558	1642	2.9427	12	4.0352	6	4.0352
group_13096	726	18358	25.2865	137	35.4080	68	35.1495
group_13097	702	94437	134.5256	662	176.9448	331	176.9448
group_13098	159	859	5.4025	8	9.4408	4	9.4408
group_13100	657	17772	27.0502	124	35.4139	62	35.4139
group_13105	234	339	1.4487	3	2.4056	1	1.6037
arsH	648	22914	35.3611	156	45.1717	78	45.1717
group_13106	264	3780	14.3182	27	19.1901	13	18.4793
group_13108	702	4143	5.9017	28	7.4841	14	7.4841
group_13112	234	0	0.0000	0	0.0000	0	0.0000
group_13114	228	1002	4.3947	8	6.5837	4	6.5837
group_13115	1173	24038	20.4928	167	26.7138	83	26.5538
group_13117	741	40912	55.2119	274	69.3824	137	69.3824
group_13118	1041	16135	15.4995	109	19.6468	54	19.4666
group_13120	1023	361	0.3529	3	0.5503	1	0.3668
group_13121	1746	113431	64.9662	701	75.3339	350	75.2265
group_13123	1173	906	0.7724	6	0.9598	3	0.9598
group_13127	657	288	0.4384	2	0.5712	1	0.5712
group_13128	1380	7625	5.5254	51	6.9344	25	6.7984
group_15583	351	296	0.8433	2	1.0692	1	1.0692
group_15584	966	477	0.4938	3	0.5827	1	0.3885
group_13129	1125	545	0.4844	4	0.6672	2	0.6672
group_13130	222	0	0.0000	0	0.0000	0	0.0000
group_13131	3393	88349	26.0386	535	29.5860	267	29.5307
group_15848	6024	9135	1.5164	68	2.1181	34	2.1181
group_13132	2385	460941	193.2667	3079	242.2357	1539	242.1571
group_13134	1053	142705	135.5223	962	171.4208	481	171.4209
group_13135	477	939	1.9686	6	2.3602	3	2.3602
group_13139	1122	13171	11.7389	88	14.7166	44	14.7166
group_13140	969	2056	2.1218	14	2.7109	7	2.7109
group_13141	792	19614	24.7652	137	32.4573	68	32.2204
group_13144	474	8806	18.5781	60	23.7514	30	23.7514
group_13147	300	29208	97.3600	219	136.9745	109	136.3491
group_13153	348	16573	47.6236	116	62.5454	58	62.5454
group_13149	4050	34115	8.4235	176	8.1541	88	8.1541
group_13151	1044	22141	21.2079	136	24.4430	68	24.4430
group_13157	720	121632	168.9333	847	220.7333	423	220.4727
group_13158	1281	156783	122.3911	1059	155.1185	529	154.9721
group_13163	1398	286294	204.7883	1940	260.3823	970	260.3823
group_13164	1137	187506	164.9129	1266	208.9249	633	208.9249
group_13166	21000	517168	24.6270	3002	26.8231	1501	26.8231
group_13168	294	3154	10.7279	26	16.5937	13	16.5937
group_13170	1113	23884	21.4591	165	27.8167	82	27.6481
group_13172	267	313	1.1723	3	2.1083	1	1.4055
group_13175	894	119180	133.3110	809	169.7962	404	169.5863
group_13177	537	604	1.1248	4	1.3977	2	1.3977
group_13181	1173	716	0.6104	5	0.7998	2	0.6399
group_15152	906	10391	11.4691	66	13.6689	33	13.6689
group_13182	1464	18481	12.6236	125	16.0209	62	15.8927
group_13184	1860	127658	68.6333	857	86.4539	428	86.3531
group_13186	1209	777051	642.7221	5247	814.3323	2623	814.1772
group_13187	225	1309	5.8178	9	7.5055	4	6.6715
group_13188	4581	820025	179.0057	5488	224.7867	2744	224.7868
group_13191	7710	57389	7.4435	389	9.4670	194	9.4427
group_13195	294	13964	47.4966	98	62.5454	49	62.5454
group_13194	1020	91647	89.8500	607	111.6620	303	111.4781
group_13204	231	1403	6.0736	12	9.7473	6	9.7473
group_13205	657	0	0.0000	0	0.0000	0	0.0000
group_13206	220	0	0.0000	0	0.0000	0	0.0000
group_13207	315	302	0.9587	2	1.1913	1	1.1913
group_13209	276	9809	35.5399	71	48.2688	35	47.5889
group_13211	543	36866	67.8932	254	87.7709	127	87.7710
group_13214	1020	22063	21.6304	150	27.5936	75	27.5936
group_13215	420	13226	31.4905	96	42.8883	48	42.8883
group_13216	2460	64146	26.0756	433	33.0270	216	32.9508
group_19218	300	0	0.0000	0	0.0000	0	0.0000
yciV	819	105935	129.3468	740	169.5371	370	169.5371
group_13222	1290	8328	6.4558	56	8.1455	28	8.1455
tktA2	912	37298	40.8969	253	52.0526	126	51.8469
group_13223	183	646	3.5301	6	6.1520	3	6.1520
group_13224	1332	47588	35.7267	326	45.9230	163	45.9230
group_13226	123	0	0.0000	0	0.0000	0	0.0000
group_13227	393	24271	61.7583	167	79.7335	83	79.2561
group_19219	234	563	2.4060	4	3.2075	2	3.2075
group_13230	177	0	0.0000	0	0.0000	0	0.0000
group_13231	3060	6305	2.0605	29	1.7783	14	1.7169
mnmC	912	127163	139.4331	851	175.0861	425	174.8804
group_13235	792	46325	58.4912	321	76.0496	160	75.8127
group_13234	726	42428	58.4408	296	76.5019	148	76.5019
group_13237	4788	47923	10.0090	144	5.6432	72	5.6432
eutM	858	141882	165.3636	972	212.5670	486	212.5670
group_13240	309	983	3.1812	7	4.2507	3	3.6434
group_13242	213	4307	20.2207	30	26.4276	15	26.4277
group_13244	3789	20190	5.3286	134	6.6359	67	6.6359
group_13245	3186	188104	59.0408	1253	73.7942	626	73.7353
group_13246	795	114606	144.1585	779	183.8600	389	183.6240
group_13249	1320	102031	77.2962	685	97.3719	342	97.2297
group_13251	2388	118360	49.5645	712	55.9452	356	55.9452
group_13254	849	681	0.8021	5	1.1050	2	0.8840
group_13255	1152	96459	83.7318	651	106.0341	325	105.8712
group_13256	540	0	0.0000	0	0.0000	0	0.0000
group_13257	156	1424	9.1282	13	15.6364	6	14.4336
group_13258	993	142497	143.5015	975	184.2350	487	184.0461
group_13259	399	18498	46.3609	127	59.7238	63	59.2536
group_13260	423	22595	53.4161	163	72.3043	81	71.8607
group_19220	1953	0	0.0000	0	0.0000	0	0.0000
group_13263	525	8463	16.1200	58	20.7293	29	20.7293
group_13264	3948	6031	1.5276	40	1.9011	20	1.9011
group_13265	1008	169866	168.5179	1159	215.7445	579	215.5584
group_13270	327	31142	95.2355	220	126.2385	110	126.2385
group_13271	1521	1656	1.0888	11	1.3570	5	1.2336
group_13272	1653	1283	0.7762	9	1.0216	4	0.9081
group_13274	672	54892	81.6845	382	106.6623	191	106.6623
alr2454	318	42835	134.7013	306	180.5557	153	180.5557
group_13280	912	3740	4.1009	25	5.1435	12	4.9378
group_13278	1044	3897	3.7328	26	4.6729	13	4.6729
group_13279	1386	11453	8.2633	76	10.2889	38	10.2889
group_13281	1689	7996	4.7342	53	5.8879	26	5.7768
group_13283	720	2181	3.0292	15	3.9091	7	3.6485
group_13284	1560	122803	78.7199	828	99.5916	414	99.5916
group_13286	291	1321	4.5395	10	6.4480	5	6.4480
group_13288	1068	14059	13.1639	98	17.2176	49	17.2176
group_13291	1320	8482	6.4258	57	8.1025	28	7.9603
group_13293	966	109145	112.9865	738	143.3495	369	143.3495
group_13297	1569	109561	69.8286	741	88.6160	370	88.4964
group_13302	273	151	0.5531	1	0.6873	0	0.0000
group_13301	414	29689	71.7126	214	96.9907	107	96.9908
group_13304	1410	2299	1.6305	16	2.1292	8	2.1292
group_19221	894	2242	2.5078	18	3.7779	9	3.7779
group_13306	1350	225946	167.3674	1536	213.4884	768	213.4885
group_13307	249	12791	51.3695	90	67.8204	45	67.8204
group_13308	222	0	0.0000	0	0.0000	0	0.0000
group_13309	348	3087	8.8707	24	12.9404	12	12.9404
group_13311	615	151	0.2455	1	0.3051	0	0.0000
group_13313	5208	40518	7.7800	231	8.3226	115	8.2866
group_13316	3063	136989	44.7238	912	55.8682	456	55.8682
group_13319	264	3685	13.9583	25	17.7686	12	17.0578
group_19222	1182	0	0.0000	0	0.0000	0	0.0000
group_13322	1317	89632	68.0577	603	85.9109	301	85.7685
group_13323	699	5533	7.9156	39	10.4690	19	10.2005
group_13324	480	5151	10.7313	34	13.2909	17	13.2909
group_13327	453	10743	23.7152	75	31.0656	37	30.6514
group_13328	1044	60233	57.6944	400	71.8913	200	71.8913
group_13329	339	302	0.8909	2	1.1070	1	1.1070
group_13331	7110	73637	10.3568	434	11.4535	217	11.4535
group_13332	267	482	1.8052	4	2.8110	2	2.8110
group_15004	1032	604	0.5853	4	0.7273	2	0.7273
group_13335	480	33375	69.5313	231	90.3000	115	89.9091
group_13337	1029	110208	107.1020	734	133.8436	367	133.8436
group_13339	306	1380	4.5098	10	6.1319	5	6.1319
group_13340	534	5078	9.5094	32	11.2441	16	11.2441
group_13345	3579	66316	18.5292	448	23.4873	224	23.4873
yraN	420	39819	94.8071	297	132.6857	148	132.2389
group_13354	1203	23756	19.7473	164	25.5797	82	25.5797
group_13355	288	319	1.1076	2	1.3030	1	1.3030
group_13357	1464	3164	2.1612	21	2.6915	10	2.5633
group_13359	207	0	0.0000	0	0.0000	0	0.0000
group_13363	486	10934	22.4979	77	29.7284	38	29.3423
group_13367	1350	35291	26.1415	238	33.0796	119	33.0796
group_13368	936	9234	9.8654	65	13.0303	32	12.8298
group_13369	6600	346148	52.4467	1126	32.0119	563	32.0119
group_13371	438	9589	21.8927	66	28.2740	33	28.2740
group_13372	4383	77123	17.5959	496	21.2338	248	21.2338
group_13373	5325	30208	5.6729	155	5.4617	77	5.4265
group_13374	606	5220	8.6139	37	11.4563	18	11.1467
tnpISMae39~~~tnpIS30	996	18989	19.0653	126	23.7371	63	23.7371
group_13379	945	1661	1.7577	11	2.1841	5	1.9856
group_13383	948	1359	1.4335	9	1.7814	4	1.5834
group_13380	363	0	0.0000	0	0.0000	0	0.0000
group_13381	684	33311	48.7003	155	42.5199	77	42.2456
group_13384	1044	93888	89.9310	615	110.5329	307	110.3532
group_13385	1389	16456	11.8474	112	15.1298	56	15.1298
group_13386	630	6466	10.2635	44	13.1048	22	13.1048
group_13388	975	7484	7.6759	51	9.8148	25	9.6224
group_13389	792	453	0.5720	3	0.7107	1	0.4738
group_13390	498	12375	24.8494	88	33.1566	44	33.1566
group_13391	735	1208	1.6435	8	2.0423	4	2.0423
group_13394	939	1812	1.9297	12	2.3979	6	2.3979
group_13393	549	1205	2.1949	8	2.7342	4	2.7342
group_13395	849	0	0.0000	0	0.0000	0	0.0000
group_13397	534	82742	154.9476	585	205.5566	292	205.2053
group_13399	1197	1208	1.0092	8	1.2540	4	1.2540
group_13400	849	28175	33.1861	190	41.9916	95	41.9916
group_13402	270	0	0.0000	0	0.0000	0	0.0000
group_13403	195	486	2.4923	4	3.8489	2	3.8490
group_13405	1497	31903	21.3113	213	26.6978	106	26.5724
group_13407	999	453	0.4535	3	0.5635	1	0.3756
nrdB	1068	159495	149.3399	1077	189.2175	538	189.0419
group_13409	195	546	2.8000	4	3.8489	2	3.8490
group_13413	483	1204	2.4928	8	3.1078	4	3.1078
group_13414	933	1831	1.9625	12	2.4133	6	2.4133
group_13415	1044	78017	74.7289	531	95.4357	265	95.2560
group_13416	504	4113	8.1607	29	10.7965	14	10.4242
group_13419	1674	26131	15.6099	177	19.8397	88	19.7276
group_13422	2580	77771	30.1438	553	40.2182	276	40.1454
lipB	669	99190	148.2661	695	194.9286	347	194.6482
group_13427	591	20259	34.2792	134	42.5436	67	42.5436
group_13429	1266	26990	21.3191	179	26.5299	89	26.3817
group_13430	873	20900	23.9404	145	31.1653	72	30.9503
group_13432	420	5598	13.3286	40	17.8701	20	17.8701
group_13435	309	1181	3.8220	9	5.4651	4	4.8579
group_13436	372	13993	37.6156	96	48.4223	48	48.4223
group_13437	408	22957	56.2672	173	79.5615	86	79.1016
group_13438	1191	87816	73.7330	578	91.0611	289	91.0611
group_13439	1215	213912	176.0593	1448	223.6192	724	223.6193
group_13441	1155	755	0.6537	5	0.8123	2	0.6498
group_13442	384	536	1.3958	4	1.9545	2	1.9545
group_13444	1116	15227	13.6443	108	18.1584	54	18.1584
group_13445	171	220	1.2865	2	2.1946	1	2.1946
group_13446	348	1082	3.1092	8	4.3135	4	4.3135
group_13448	1218	888	0.7291	6	0.9243	3	0.9243
group_13450	558	4314	7.7312	31	10.4242	15	10.0880
group_13452	240	4097	17.0708	31	24.2364	15	23.4545
group_13453	216	594	2.7500	4	3.4747	2	3.4747
group_13455	1209	43948	36.3507	295	45.7839	147	45.6287
group_13458	786	11593	14.7494	79	18.8591	39	18.6204
group_13460	606	17830	29.4224	127	39.3231	63	39.0135
group_13461	849	102035	120.1826	697	154.0430	348	153.8220
glmS	2019	363832	180.2041	2460	228.6208	1230	228.6208
group_13463	246	445	1.8089	3	2.2882	1	1.5255
group_13465	540	30547	56.5685	215	74.7070	107	74.3596
group_13470	702	4608	6.5641	31	8.2859	15	8.0186
group_13468	210	2769	13.1857	19	16.9766	9	16.0831
group_13469	288	16678	57.9097	120	78.1818	60	78.1818
group_13471	390	227	0.5821	2	0.9622	1	0.9622
group_13477	234	3030	12.9487	23	18.4429	11	17.6410
group_13478	354	151	0.4266	1	0.5300	0	0.0000
group_13480	234	0	0.0000	0	0.0000	0	0.0000
group_13481	318	8792	27.6478	63	37.1732	31	36.5832
group_13482	675	300954	445.8578	2037	566.2447	1018	565.9668
group_13484	246	7244	29.4472	54	41.1885	27	41.1885
group_13486	624	11444	18.3397	74	22.2517	37	22.2517
group_13487	300	6542	21.8067	50	31.2727	25	31.2727
group_13490	8976	223215	24.8680	827	17.2878	413	17.2669
group_13500	252	2766	10.9762	21	15.6364	10	14.8918
group_13501	534	302	0.5655	2	0.7028	1	0.7028
group_13504	850	3632	4.2729	25	5.5187	12	5.2980
group_13510	825	1149	1.3927	8	1.8195	4	1.8195
group_13512	693	37290	53.8095	260	70.3975	130	70.3975
group_13513	459	0	0.0000	0	0.0000	0	0.0000
group_13516	270	2807	10.3963	19	13.2040	9	12.5091
group_13518	141	556	3.9433	4	5.3230	2	5.3230
group_13519	660	0	0.0000	0	0.0000	0	0.0000
group_13522	186	151	0.8118	1	1.0088	0	0.0000
group_13523	588	12249	20.8316	86	27.4434	43	27.4434
group_13524	261	6258	23.9770	48	34.5078	24	34.5078
group_13526	1410	8302	5.8879	55	7.3191	27	7.1861
group_13527	1239	594134	479.5270	3951	598.3463	1975	598.1949
tnpISAzo13~~~tnpISMae28	513	6711	13.0819	45	16.4593	22	16.0936
group_13528	1215	1842350	1516.3374	12318	1902.3078	6159	1902.3082
group_13529	240	1082	4.5083	8	6.2545	4	6.2545
group_13533	1335	212089	158.8682	1412	198.4588	706	198.4588
group_13537	786	9995	12.7163	74	17.6655	37	17.6655
group_13538	627	18263	29.1276	130	38.9039	65	38.9039
group_13541	1620	275968	170.3506	1868	216.3609	934	216.3609
group_13544	1335	9021	6.7573	65	9.1359	32	8.9953
group_13545	1038	172501	166.1859	1152	208.2438	576	208.2438
pqqC	1536	181579	118.2155	1218	148.7897	609	148.7898
bisC	2313	285083	123.2525	1918	155.5929	959	155.5930
group_13549	870	6660	7.6552	47	10.1367	23	9.9210
group_13550	1008	53282	52.8591	369	68.6883	184	68.5022
group_13553	963	34071	35.3801	234	45.5939	117	45.5939
group_13554	1239	183323	147.9605	1236	187.1820	618	187.1820
group_13556	285	149	0.5228	1	0.6584	0	0.0000
group_13557	1446	229161	158.4793	1543	200.2233	771	200.0935
group_13558	858	1738	2.0256	12	2.6243	6	2.6243
group_13560	324	9132	28.1852	68	39.3805	34	39.3805
group_13561	1044	2067	1.9799	14	2.5162	7	2.5162
group_13562	828	72280	87.2947	487	110.3610	243	110.1344
group_13566	936	11662	12.4594	79	15.8368	39	15.6364
group_13567	1632	296487	181.6710	1998	229.7165	999	229.7165
prmA	897	160558	178.9944	1108	231.7737	554	231.7738
group_13571	1233	6162	4.9976	41	6.2393	20	6.0871
group_13574	504	2904	5.7619	20	7.4459	10	7.4459
group_13575	1122	6189	5.5160	43	7.1911	21	7.0238
group_13577	432	968	2.2407	7	3.0404	3	2.6061
group_13579	465	9965	21.4301	73	29.4569	36	29.0534
pTC1~~~terY	1338	200752	150.0389	1364	191.2825	682	191.2825
group_13589	243	2718	11.1852	21	16.2155	10	15.4433
group_13590	1446	4098	2.8340	28	3.6333	14	3.6333
group_13591	2940	14719	5.0065	100	6.3822	50	6.3822
group_17172	3756	13038	3.4712	87	4.3462	43	4.2963
group_13594	1581	1510	0.9551	10	1.1868	5	1.1868
group_15117	1500	27187	18.1247	181	22.6414	90	22.5164
group_13595	6231	16752	2.6885	114	3.4329	57	3.4329
group_13599	1746	5796	3.3196	28	3.0091	14	3.0091
group_19224	1080	0	0.0000	0	0.0000	0	0.0000
group_13600	1197	47656	39.8129	323	50.6320	161	50.4753
group_19225	534	12172	22.7940	83	29.1644	41	28.8131
group_13603	4107	369905	90.0670	2472	112.9381	1236	112.9382
group_13605	780	88412	113.3487	606	145.7790	303	145.7790
group_13608	1266	0	0.0000	0	0.0000	0	0.0000
group_13611	192	6046	31.4896	43	42.0227	21	41.0454
group_13612	1680	14308	8.5167	95	10.6104	47	10.4987
group_13613	273	3097	11.3443	24	16.4955	12	16.4955
group_13615	3828	193125	50.4506	1174	57.5457	587	57.5457
group_13616	1197	145812	121.8145	969	151.8961	484	151.7393
group_13618	675	0	0.0000	0	0.0000	0	0.0000
group_13619	1011	58447	57.8111	386	71.6396	193	71.6396
group_13620	906	1861	2.0541	13	2.6924	6	2.4852
tnpIS630~~~tnpISMae29	504	1890	3.7500	13	4.8398	6	4.4675
group_13625	381	12632	33.1549	85	41.8611	42	41.3686
group_13626	966	104442	108.1180	720	139.8531	360	139.8532
group_13627	297	797	2.6835	7	4.4224	3	3.7906
group_13628	234	151	0.6453	1	0.8019	0	0.0000
group_13629	630	24489	38.8714	168	50.0363	84	50.0364
group_13631	1191	63238	53.0966	429	67.5869	214	67.4293
group_13634	2229	11642	5.2230	79	6.6502	39	6.5660
group_13632	2619	243699	93.0504	1588	113.7711	794	113.7711
group_13633	1197	74339	62.1044	498	78.0642	249	78.0642
group_13636	219	0	0.0000	0	0.0000	0	0.0000
group_13637	1278	4832	3.7809	32	4.6982	16	4.6982
group_13639	807	2743	3.3990	19	4.4177	9	4.1852
group_13646	246	1291	5.2480	9	6.8647	4	6.1020
group_13648	492	4181	8.4980	29	11.0599	14	10.6785
group_13649	282	3602	12.7730	30	19.9613	15	19.9613
group_13650	1059	66840	63.1161	446	79.0234	223	79.0234
group_13651	5346	0	0.0000	0	0.0000	0	0.0000
group_13652	1215	63637	52.3761	428	66.0974	214	66.0974
group_13654	402	36600	91.0448	259	120.8901	129	120.4233
group_13655	1335	6322	4.7356	42	5.9032	21	5.9032
group_13658	996	24713	24.8122	169	31.8379	84	31.6495
group_13661	393	8128	20.6819	58	27.6919	29	27.6919
group_13664	1266	9086	7.1769	62	9.1891	31	9.1891
group_13665	1191	124597	104.6154	842	132.6530	421	132.6531
group_13666	4698	73351	15.6132	240	9.5855	120	9.5855
group_13667	765	101176	132.2562	674	165.3162	337	165.3162
group_13668	225	1616	7.1822	11	9.1733	5	8.3394
group_13670	1047	165389	157.9647	1125	201.6149	562	201.4358
group_13672	339	1577	4.6519	14	7.7490	7	7.7490
group_13675	393	2649	6.7405	18	8.5940	9	8.5940
group_13674	864	8117	9.3947	55	11.9444	27	11.7273
group_13677	876	151	0.1724	1	0.2142	0	0.0000
group_13678	1002	37665	37.5898	252	47.1900	126	47.1900
group_19226	303	15578	51.4125	108	66.8803	54	66.8803
group_13680	795	598	0.7522	4	0.9441	2	0.9441
group_13682	1242	31768	25.5781	210	31.7259	105	31.7260
group_13683	225	448	1.9911	3	2.5018	1	1.6679
group_13686	246	0	0.0000	0	0.0000	0	0.0000
group_13688	1188	192749	162.2466	1288	203.4306	644	203.4306
group_13690	879	19954	22.7008	134	28.6044	67	28.6044
group_13692	312	5560	17.8205	39	23.4545	19	22.8531
group_13694	699	47566	68.0486	328	88.0468	164	88.0468
group_13695	381	11827	31.0420	84	41.3686	42	41.3686
group_13696	1260	263922	209.4619	1765	262.8397	882	262.6909
group_13700	369	2429	6.5827	17	8.6445	8	8.1360
hicB~~~ycfA	330	5784	17.5273	44	25.0182	22	25.0182
group_13701	4020	27638	6.8751	184	8.5883	92	8.5883
group_13703	1239	11339	9.1517	75	11.3581	37	11.2067
group_13704	628	15125	24.0844	101	30.1772	50	29.8784
group_13705	1119	140747	125.7793	951	159.4657	475	159.2981
group_13707	792	0	0.0000	0	0.0000	0	0.0000
group_13709	294	9979	33.9422	72	45.9517	36	45.9518
group_13710	885	15125	17.0904	104	22.0499	52	22.0499
group_13715	267	1718	6.4345	15	10.5414	7	9.8386
group_13716	2277	76512	33.6021	430	35.4342	215	35.4342
group_13717	465	0	0.0000	0	0.0000	0	0.0000
group_13718	2745	32749	11.9304	201	13.7395	100	13.6711
group_13719	1227	453	0.3692	3	0.4588	1	0.3058
group_13722	411	1603	3.9002	12	5.4784	6	5.4784
apcE	2748	231875	84.3795	1549	105.7673	774	105.6991
group_13724	207	9897	47.8116	71	64.3583	35	63.4519
group_13725	333	8999	27.0240	70	39.4431	35	39.4431
group_13727	1731	56045	32.3772	382	41.4079	191	41.4079
group_13728	276	3874	14.0362	30	20.3953	15	20.3953
group_13729	243	892	3.6708	8	6.1773	4	6.1773
cysK~~~phoH	1125	173314	154.0569	1196	199.4782	598	199.4783
group_13731	4434	60152	13.5661	404	17.0963	202	17.0963
group_13732	864	94201	109.0289	636	138.1212	318	138.1212
group_13734	2133	373698	175.1983	2510	220.8003	1255	220.8004
group_13735	990	13797	13.9364	94	17.8160	47	17.8160
group_13736	498	19704	39.5663	135	50.8653	67	50.4885
group_13737	987	1977	2.0030	14	2.6615	7	2.6615
group_13738	285	12405	43.5263	84	55.3033	42	55.3033
group_13739	474	37595	79.3143	262	103.7146	131	103.7146
group_19227	192	0	0.0000	0	0.0000	0	0.0000
group_13743	948	7165	7.5580	46	9.1047	23	9.1047
yyaL	2268	365784	161.2804	2456	203.1899	1228	203.1900
group_13744	1245	76322	61.3028	517	77.9180	258	77.7673
group_13745	1257	217760	173.2379	1441	215.1026	720	214.9533
group_13746	1731	199105	115.0231	1248	135.2802	624	135.2803
group_13747	684	34164	49.9474	232	63.6427	116	63.6427
group_13750	1203	48039	39.9327	323	50.3795	161	50.2235
group_13751	240	5582	23.2583	41	32.0545	20	31.2727
group_13753	426	19616	46.0469	142	62.5454	71	62.5454
group_13757	2838	542306	191.0874	3629	239.9338	1814	239.8677
group_13759	3009	165897	55.1336	975	60.7994	487	60.7371
group_13762	258	302	1.1705	2	1.4545	1	1.4545
group_13765	1305	7789	5.9686	53	7.6205	26	7.4767
group_13766	354	126	0.3559	2	1.0601	1	1.0601
murI	882	114515	129.8356	775	164.8732	387	164.6605
group_13770	369	46237	125.3035	328	166.7878	164	166.7879
group_13773	417	453	1.0863	3	1.3499	1	0.8999
group_13772	1473	115516	78.4223	784	99.8689	392	99.8689
group_19228	900	256	0.2844	2	0.4170	1	0.4170
gem1	1515	245417	161.9914	1645	203.7371	822	203.6133
group_13777	1923	291150	151.4041	1955	190.7587	977	190.6612
group_13778	1185	107255	90.5105	724	114.6402	362	114.6403
group_13779	1236	125412	101.4660	843	127.9752	421	127.8235
group_13782	1977	16179	8.1836	107	10.1553	53	10.0604
group_13788	273	6286	23.0256	46	31.6164	23	31.6164
group_13789	912	2875	3.1524	20	4.1148	10	4.1148
group_13790	1953	302	0.1546	2	0.1922	1	0.1922
group_13793	177	419	2.3672	5	5.3005	2	4.2404
group_13794	156	0	0.0000	0	0.0000	0	0.0000
group_13796	1239	174726	141.0218	1161	175.8239	580	175.6724
group_13797	5124	689105	134.4858	4349	159.2565	2174	159.2199
group_13799	3819	42161	11.0398	177	8.6964	88	8.6473
group_13800	255	235	0.9216	2	1.4717	1	1.4717
group_13801	1239	614	0.4956	4	0.6058	2	0.6058
group_13802	549	44331	80.7486	311	106.2931	155	105.9513
group_13805	816	3165	3.8787	22	5.0588	11	5.0588
group_13804	270	5611	20.7815	39	27.1030	19	26.4081
group_13813	1485	192177	129.4121	1294	163.5026	647	163.5026
group_13815	615	25677	41.7512	173	52.7822	86	52.4772
group_13816	543	440	0.8103	3	1.0367	1	0.6911
group_13817	621	25232	40.6312	171	51.6680	85	51.3658
group_13821	879	8150	9.2719	56	11.9541	28	11.9541
group_13822	720	245765	341.3403	1651	430.2605	825	429.9999
group_13825	1098	94852	86.3862	646	110.3944	323	110.3944
group_13826	1506	151	0.1003	1	0.1246	0	0.0000
group_13827	990	193870	195.8283	1315	249.2341	657	249.0446
group_13828	738	5334	7.2276	37	9.4072	18	9.1530
group_13830	648	6013	9.2793	44	12.7407	22	12.7407
group_13831	1362	228703	167.9170	1548	213.2606	774	213.2607
group_13835	588	19078	32.4456	130	41.4842	65	41.4842
group_19229	681	69964	102.7372	472	130.0504	236	130.0504
group_13840	1848	22994	12.4426	156	15.8394	78	15.8394
group_13842	1224	267347	218.4208	1809	277.3154	904	277.1622
group_13845	1224	21947	17.9306	150	22.9946	75	22.9946
group_13847	990	604	0.6101	4	0.7581	2	0.7581
group_13852	1269	72930	57.4704	488	72.1564	244	72.1564
group_13854	1497	36136	24.1389	241	30.2073	120	30.0820
group_13858	828	4124	4.9807	29	6.5718	14	6.3452
group_13860	1188	220660	185.7407	1469	232.0183	734	231.8604
group_13862	495	9185	18.5556	66	25.0182	33	25.0182
group_13865	483	28050	58.0745	198	76.9192	99	76.9192
group_13867	1674	37609	22.4665	259	29.0309	129	28.9189
group_13868	753	112380	149.2430	771	192.1216	385	191.8725
group_13872	549	61804	112.5756	424	144.9140	212	144.9140
group_13873	1185	10648	8.9857	72	11.4007	36	11.4007
group_13874	525	75108	143.0629	519	185.4919	259	185.1345
group_13875	1245	134980	108.4177	917	138.2028	458	138.0521
group_13876	1659	104593	63.0458	681	77.0225	340	76.9094
group_13878	1188	140877	118.5833	940	148.4664	470	148.4665
group_13879	576	88630	153.8715	613	199.6893	306	199.3636
group_13881	480	151	0.3146	1	0.3909	0	0.0000
group_13882	270	873	3.2333	8	5.5596	4	5.5596
group_13884	300	849	2.8300	7	4.3782	3	3.7527
group_13885	1188	50565	42.5631	342	54.0165	171	54.0165
group_13888	1914	17395	9.0883	118	11.5680	59	11.5680
group_13890	783	12973	16.5683	82	19.6503	41	19.6503
group_13891	804	1208	1.5025	8	1.8670	4	1.8670
group_13892	1183	33273	28.1260	223	35.3702	111	35.2116
group_13893	333	794	2.3844	6	3.3808	3	3.3808
group_13894	360	0	0.0000	0	0.0000	0	0.0000
group_13895	825	5045	6.1152	34	7.7329	17	7.7329
group_19230	477	1467	3.0755	10	3.9337	5	3.9337
group_13901	1104	192251	174.1404	1285	218.3991	642	218.2292
group_13903	468	263	0.5620	2	0.8019	1	0.8019
group_13904	552	30360	55.0000	215	73.0830	107	72.7431
group_13905	216	0	0.0000	0	0.0000	0	0.0000
group_13906	372	16773	45.0887	119	60.0234	59	59.5191
group_13908	1047	19012	18.1585	116	20.7887	58	20.7887
group_13909	180	6757	37.5389	46	47.9515	23	47.9515
group_13910	438	2815	6.4269	21	8.9963	10	8.5679
group_13911	471	12457	26.4480	84	33.4638	42	33.4638
yecT	468	34902	74.5769	240	96.2237	120	96.2238
group_13913	1062	152154	143.2712	1034	182.6892	517	182.6892
menC	975	176794	181.3272	1196	230.1672	598	230.1672
group_13914	1206	0	0.0000	0	0.0000	0	0.0000
group_13915	1053	118164	112.2165	777	138.4553	388	138.2771
group_13916	8193	18687	2.2808	97	2.2215	48	2.1986
group_13917	426	4306	10.1080	30	13.2138	15	13.2138
group_13919	318	0	0.0000	0	0.0000	0	0.0000
group_13921	1128	90356	80.1028	604	100.4719	302	100.4719
group_13923	1329	0	0.0000	0	0.0000	0	0.0000
group_13924	1485	174888	117.7697	1178	148.8455	589	148.8455
group_19231	849	1944	2.2898	13	2.8731	6	2.6521
group_13926	1218	23963	19.6741	162	24.9566	81	24.9566
group_13927	4185	69399	16.5828	437	19.5931	218	19.5483
group_13928	525	11122	21.1848	81	28.9496	40	28.5922
group_13929	756	21378	28.2778	144	35.7402	72	35.7403
group_13930	438	4714	10.7626	34	14.5654	17	14.5654
group_13931	450	3774	8.3867	27	11.2582	13	10.8412
group_13932	1143	36416	31.8600	245	40.2195	122	40.0554
group_13937	1080	82573	76.4565	552	95.9030	276	95.9030
group_13938	897	148445	165.4905	1017	212.7382	508	212.5290
group_13939	3474	214204	61.6592	1449	78.2628	724	78.2088
group_13941	1389	253316	182.3729	1711	231.1344	855	230.9994
group_13942	1059	11148	10.5269	76	13.4659	38	13.4659
group_13943	681	6503	9.5492	44	12.1233	22	12.1233
group_13944	276	861	3.1196	6	4.0791	3	4.0791
group_13945	387	6950	17.9587	49	23.7576	24	23.2727
group_13946	606	53225	87.8300	376	116.4212	188	116.4212
trpA	810	131182	161.9531	897	207.7898	448	207.5582
group_13948	513	906	1.7661	6	2.1946	3	2.1946
group_13949	10146	76503	7.5402	494	9.1359	247	9.1359
group_13951	1563	254895	163.0806	1731	207.8045	865	207.6845
dnaG	1974	379603	192.3014	2417	229.7452	1208	229.6501
group_13953	597	5255	8.8023	33	10.3719	16	10.0576
group_13955	1293	208665	161.3805	1416	205.4857	708	205.4857
group_19232	135	0	0.0000	0	0.0000	0	0.0000
group_13957	1410	79944	56.6979	534	71.0623	267	71.0623
group_13959	198	2018	10.1919	15	14.2149	7	13.2672
srso17~~~tnpIS701	1269	1447	1.1403	10	1.4786	5	1.4786
group_13960	387	11959	30.9018	88	42.6667	44	42.6667
tnpIS110	780	0	0.0000	0	0.0000	0	0.0000
group_13962	1227	151	0.1231	1	0.1529	0	0.0000
group_13964	1470	9709	6.6048	65	8.2968	32	8.1692
group_13965	1737	248372	142.9891	1666	179.9667	833	179.9667
group_13968	975	5801	5.9497	39	7.5055	19	7.3130
group_13969	1197	9555	7.9825	64	10.0324	32	10.0324
group_13972	1188	232721	195.8931	1554	245.4435	777	245.4435
group_13973	2235	102329	45.7848	690	57.9280	345	57.9280
group_13974	588	2350	3.9966	16	5.1057	8	5.1058
group_13976	297	6351	21.3838	45	28.4297	22	27.7980
adhP	1110	156031	140.5685	1052	177.8319	526	177.8319
group_19235	534	21372	40.0225	141	49.5444	70	49.1930
group_13978	1251	328491	262.5827	2233	334.9256	1116	334.7756
group_13979	675	95633	141.6785	652	181.2428	326	181.2428
group_13980	837	121919	145.6619	814	182.4802	407	182.4803
group_13982	300	11911	39.7033	88	55.0400	44	55.0400
group_13983	5379	3322	0.6176	22	0.7674	11	0.7674
group_13984	321	11592	36.1121	84	49.1011	42	49.1011
group_13985	2157	120995	56.0941	813	70.7224	406	70.6355
group_13987	2235	406457	181.8600	2720	228.3538	1360	228.3538
group_13988	147	269	1.8299	2	2.5529	1	2.5529
group_13989	3123	57590	18.4406	385	23.1316	192	23.0715
group_13990	918	150636	164.0915	1024	209.3024	512	209.3024
group_13991	7722	112566	14.5773	724	17.5924	362	17.5924
group_13993	1248	157867	126.4960	1060	159.3706	530	159.3706
group_13994	4251	20392	4.7970	123	5.4291	61	5.3850
group_13996	5532	62652	11.3254	240	8.1404	120	8.1404
group_13997	684	4161	6.0833	28	7.6810	14	7.6810
group_13998	987	0	0.0000	0	0.0000	0	0.0000
group_13999	1605	27538	17.1576	165	19.2897	82	19.1728
sucD	888	141634	159.4977	959	202.6388	479	202.4275
group_14000	780	140927	180.6756	979	235.5076	489	235.2671
tolC	1536	263963	171.8509	1785	218.0539	892	217.9318
group_14003	1272	179849	141.3907	1202	177.3104	601	177.3104
group_14004	900	0	0.0000	0	0.0000	0	0.0000
group_14005	309	2309	7.4725	17	10.3230	8	9.7158
group_14008	1287	195844	152.1709	1226	178.7429	613	178.7429
group_14009	1254	250049	199.4011	1657	247.9373	828	247.7877
group_14010	1179	135705	115.1018	900	143.2338	450	143.2338
group_14012	1224	293919	240.1299	1977	303.0694	988	302.9162
group_14013	447	5625	12.5839	38	15.9512	19	15.9512
group_14014	1461	281946	192.9815	1915	245.9436	957	245.8152
group_14015	822	130626	158.9124	893	203.8433	446	203.6151
group_14016	852	15311	17.9707	105	23.1242	52	22.9040
group_14017	342	16141	47.1959	116	63.6427	58	63.6427
group_14018	294	400	1.3605	3	1.9147	1	1.2764
group_14020	537	3740	6.9646	26	9.0848	13	9.0848
group_14025	1083	6335	5.8495	43	7.4500	21	7.2768
group_14029	489	13159	26.9100	91	34.9180	45	34.5343
group_14030	222	150	0.6757	1	0.8452	0	0.0000
group_14032	1044	166373	159.3611	1111	199.6781	555	199.4984
group_14034	1017	60493	59.4818	407	75.0914	203	74.9069
group_14036	2877	294420	102.3358	1966	128.2214	983	128.2214
group_14037	1263	53449	42.3191	359	53.3345	179	53.1859
group_14038	3069	568139	185.1219	3807	232.7571	1903	232.6960
group_14040	294	4368	14.8571	31	19.7848	15	19.1466
group_14042	1080	149800	138.7037	1018	176.8646	509	176.8646
group_14043	3813	212772	55.8017	1415	69.6316	707	69.5824
group_14044	1596	117401	73.5595	838	98.5208	419	98.5208
group_14046	402	75969	188.9776	532	248.3147	266	248.3148
group_14048	159	0	0.0000	0	0.0000	0	0.0000
group_14049	1434	8380	5.8438	50	6.5424	25	6.5424
group_14053	3456	0	0.0000	0	0.0000	0	0.0000
group_14054	1329	223838	168.4259	1497	211.3556	748	211.2144
group_14055	1191	183740	154.2737	1228	193.4655	614	193.4655
racX	756	93383	123.5225	638	158.3492	319	158.3492
group_14058	330	0	0.0000	0	0.0000	0	0.0000
trmL	477	50542	105.9581	385	151.4465	192	151.0532
group_14061	594	84734	142.6498	594	187.6363	297	187.6363
group_14062	945	25884	27.3905	177	35.1446	88	34.9460
group_14063	141	1362	9.6596	12	15.9690	6	15.9690
group_14064	1290	0	0.0000	0	0.0000	0	0.0000
group_14065	786	27761	35.3193	188	44.8799	94	44.8799
group_14068	228	0	0.0000	0	0.0000	0	0.0000
dnaX	3255	595824	183.0488	3704	213.5192	1852	213.5192
group_14074	564	11025	19.5479	77	25.6170	38	25.2843
group_14073	859	137565	160.1455	928	202.7084	464	202.7084
chrA	1158	186064	160.6770	1269	205.6222	634	205.4602
group_14075	513	8802	17.1579	59	21.5800	29	21.2142
group_14078	381	3914	10.2730	28	13.7895	14	13.7895
group_14079	276	2743	9.9384	19	12.9170	9	12.2372
group_14080	1665	97198	58.3772	662	74.6037	331	74.6038
group_14081	435	9717	22.3379	69	29.7630	34	29.3317
group_14083	453	1359	3.0000	9	3.7279	4	3.3137
group_14084	633	12943	20.4471	89	26.3817	44	26.0853
group_19236	480	139094	289.7792	930	363.5453	465	363.5454
group_14087	1323	1359	1.0272	9	1.2764	4	1.1346
group_14090	588	25750	43.7925	173	55.2059	86	54.8868
group_14091	1155	409142	354.2355	2737	444.6412	1368	444.4788
group_14092	3810	67320	17.6693	454	22.3588	227	22.3588
group_14094	348	2678	7.6954	19	10.2445	9	9.7053
group_14096	375	18115	48.3067	133	66.5483	66	66.0480
group_14097	981	87041	88.7268	600	114.7623	300	114.7623
group_14099	1434	94723	66.0551	623	81.5184	311	81.3876
group_14100	960	0	0.0000	0	0.0000	0	0.0000
group_14102	909	73783	81.1694	501	103.4167	250	103.2103
group_14105	834	21907	26.2674	149	33.5226	74	33.2976
group_14106	870	4189	4.8149	28	6.0389	14	6.0389
group_14107	2832	7661	2.7052	52	3.4453	26	3.4453
group_14108	1506	7301	4.8479	50	6.2296	25	6.2296
group_14110	2157	105034	48.6945	700	60.8926	350	60.8926
group_19238	900	151	0.1678	1	0.2085	0	0.0000
group_14111	351	5866	16.7123	41	21.9176	20	21.3831
group_14114	402	1702	4.2338	12	5.6011	6	5.6011
group_14118	243	259	1.0658	2	1.5443	1	1.5443
group_14116	702	34886	49.6952	239	63.8819	119	63.6146
group_14117	117	376	3.2137	4	6.4149	2	6.4149
group_14119	555	1790	3.2252	13	4.3951	6	4.0570
group_14122	1152	3833	3.3273	27	4.3977	13	4.2348
group_14123	1083	165396	152.7202	1131	195.9526	565	195.7794
group_14124	1266	194574	153.6919	1310	194.1576	655	194.1577
group_14127	240	604	2.5167	4	3.1273	2	3.1273
group_14128	534	3627	6.7921	24	8.4331	12	8.4331
group_14126	249	140	0.5622	1	0.7536	0	0.0000
group_14129	1155	302	0.2615	2	0.3249	1	0.3249
group_14131	3138	19775	6.3018	134	8.0125	67	8.0125
group_14132	615	3609	5.8683	24	7.3224	12	7.3224
group_14134	308	8040	26.1039	59	35.9433	29	35.3341
group_14135	238	17843	74.9706	131	103.2788	65	102.4904
group_14136	441	2624	5.9501	18	7.6586	9	7.6586
hyaD	537	69708	129.8101	480	167.7196	240	167.7196
modB	1845	132393	71.7577	883	89.8010	441	89.6993
group_14137	987	2256	2.2857	15	2.8516	7	2.6615
group_14141	1689	100708	59.6258	680	75.5433	340	75.5433
group_14142	501	808	1.6128	5	1.8726	2	1.4981
group_14143	786	62799	79.8969	397	94.7730	198	94.5343
group_14144	612	6876	11.2353	48	14.7166	24	14.7166
group_14145	882	35863	40.6610	240	51.0575	120	51.0575
group_14148	417	13639	32.7074	103	46.3466	51	45.8967
group_19239	966	9329	9.6573	64	12.4314	32	12.4314
group_14150	105	0	0.0000	0	0.0000	0	0.0000
group_14151	309	31329	101.3883	218	132.3777	109	132.3777
group_14153	1728	218678	126.5498	1480	160.7070	740	160.7070
group_14155	372	3072	8.2581	24	12.1056	12	12.1056
group_14156	528	20967	39.7102	143	50.8182	71	50.4628
group_14157	342	11864	34.6901	82	44.9888	41	44.9888
group_14162	321	5338	16.6293	40	23.3815	20	23.3815
group_14163	1227	302	0.2461	2	0.3058	1	0.3058
group_14164	1128	38985	34.5612	267	44.4139	133	44.2476
group_14167	435	588	1.3517	4	1.7254	2	1.7254
group_14168	354	2341	6.6130	16	8.4807	8	8.4807
group_14174	663	34976	52.7541	235	66.5076	117	66.2246
group_14171	1314	305467	232.4711	2032	290.1651	1016	290.1652
group_14172	978	302	0.3088	2	0.3837	1	0.3837
group_14173	696	93572	134.4425	630	169.8432	315	169.8432
group_14176	498	11052	22.1928	80	30.1424	40	30.1424
group_14177	900	146845	163.1611	1010	210.5696	505	210.5697
group_14180	861	604	0.7015	4	0.8717	2	0.8717
group_14181	1017	17258	16.9695	119	21.9555	59	21.7710
group_14184	10926	516035	47.2300	2443	41.9546	1221	41.9374
group_14185	474	4823	10.1751	34	13.4591	17	13.4591
group_14187	246	3145	12.7846	24	18.3060	12	18.3060
group_14189	288	445	1.5451	3	1.9545	1	1.3030
group_19240	1194	40716	34.1005	272	42.7446	136	42.7446
group_14195	264	8171	30.9508	61	43.3554	30	42.6446
group_14197	225	13750	61.1111	96	80.0582	48	80.0582
group_19165	1269	434	0.3420	3	0.4436	1	0.2957
group_14199	783	29639	37.8531	200	47.9275	100	47.9275
ftsI	1863	298223	160.0768	2010	202.4417	1005	202.4418
group_14203	411	22779	55.4234	158	72.1327	79	72.1327
group_14204	1410	4072	2.8879	27	3.5930	13	3.4600
group_14205	585	3922	6.7043	27	8.6601	13	8.3394
group_14206	246	0	0.0000	0	0.0000	0	0.0000
group_14207	1524	2602	1.7073	18	2.2162	9	2.2162
group_14208	1719	114303	66.4939	776	84.7038	388	84.7038
group_14210	1014	770	0.7594	5	0.9252	2	0.7402
group_14212	249	5552	22.2972	39	29.3888	19	28.6353
group_14214	1377	3745	2.7197	25	3.4066	12	3.2704
group_14215	267	151	0.5655	1	0.7028	0	0.0000
group_14216	699	102408	146.5064	705	189.2469	352	188.9785
group_14218	342	5550	16.2281	37	20.2998	18	19.7512
pro0498	579	73843	127.5354	513	166.2477	256	165.9237
group_14220	444	2331	5.2500	16	6.7617	8	6.7617
group_14225	780	97454	124.9410	662	159.2503	331	159.2503
group_14223	225	2064	9.1733	18	15.0109	9	15.0109
group_14224	1395	16551	11.8645	113	15.1992	56	15.0647
group_14228	219	1668	7.6164	16	13.7086	8	13.7086
group_14229	6912	13039	1.8864	101	2.7418	50	2.7146
group_14230	315	1078	3.4222	8	4.7654	4	4.7654
group_14231	501	13770	27.4850	95	35.5797	47	35.2052
group_14232	903	161909	179.3012	1094	227.3246	547	227.3246
group_14233	450	24195	53.7667	169	70.4679	84	70.0509
group_14234	792	16225	20.4861	112	26.5344	56	26.5344
group_14236	318	1323	4.1604	11	6.4906	5	5.9005
group_14237	489	13988	28.6053	94	36.0691	47	36.0692
group_14238	930	33012	35.4968	216	43.5800	108	43.5801
group_14239	4446	51211	11.5184	285	12.0280	142	11.9858
group_14240	129	292	2.2636	4	5.8182	2	5.8182
group_14241	1050	123491	117.6105	845	151.0026	422	150.8239
group_14244	558	67763	121.4391	475	159.7262	237	159.3900
group_14243	1215	58499	48.1473	391	60.3834	195	60.2289
group_14245	2916	17404	5.9684	118	7.5930	59	7.5930
group_14247	171	0	0.0000	0	0.0000	0	0.0000
group_14248	867	142788	164.6920	972	210.3604	486	210.3605
group_14249	885	11491	12.9842	79	16.7495	39	16.5374
group_14250	486	0	0.0000	0	0.0000	0	0.0000
group_14251	2772	151	0.0545	1	0.0677	0	0.0000
group_14252	1023	151	0.1476	1	0.1834	0	0.0000
group_14253	1002	92131	91.9471	633	118.5367	316	118.3495
group_14254	417	522	1.2518	4	1.7999	2	1.7999
group_14255	1254	281388	224.3923	1901	284.4471	950	284.2975
group_14258	336	0	0.0000	0	0.0000	0	0.0000
group_14259	1197	5554	4.6399	37	5.8000	18	5.6432
group_14261	339	1311	3.8673	9	4.9815	4	4.4280
group_14263	477	14415	30.2201	94	36.9765	47	36.9766
group_14267	438	2919	6.6644	21	8.9963	10	8.5679
group_14265	414	3567	8.6159	26	11.7839	13	11.7839
group_14266	1176	39678	33.7398	267	42.6011	133	42.4416
group_14268	2226	223305	100.3167	1492	125.7652	746	125.7652
group_14269	762	125163	164.2559	861	212.0143	430	211.7680
group_14272	447	2017	4.5123	15	6.2965	7	5.8768
group_14273	1755	148482	84.6051	994	106.2738	497	106.2738
group_14274	6687	23068	3.4497	117	3.2830	58	3.2549
group_14275	858	4073	4.7471	28	6.1233	14	6.1233
group_14276	663	1138	1.7164	8	2.2641	4	2.2641
group_14277	1044	165867	158.8764	1117	200.7565	558	200.5768
group_14279	513	47053	91.7212	325	118.8729	162	118.5072
group_14281	2766	110682	40.0152	694	47.0787	347	47.0787
group_14282	1656	183459	110.7844	1131	128.1502	565	128.0369
group_14283	267	21200	79.4007	156	109.6302	78	109.6302
group_14284	435	11564	26.5839	82	35.3705	41	35.3705
group_14285	666	1070	1.6066	9	2.5356	4	2.2539
group_14286	396	2601	6.5682	18	8.5289	9	8.5289
group_14287	366	151	0.4126	1	0.5127	0	0.0000
group_14288	987	32727	33.1581	221	42.0138	110	41.8237
group_14290	240	16286	67.8583	123	96.1636	61	95.3818
group_14291	219	104	0.4749	2	1.7136	1	1.7136
group_14292	1845	30457	16.5079	206	20.9502	103	20.9502
lpxD	1080	164937	152.7194	1112	193.1959	556	193.1959
group_14296	2517	139971	55.6103	933	69.5529	466	69.4784
ispH	1266	205249	162.1240	1378	204.2360	689	204.2361
group_14297	1839	1559	0.8477	11	1.1223	5	1.0203
nadA	1077	177115	164.4522	1201	209.2397	600	209.0656
group_14298	1107	3106	2.8058	20	3.3900	10	3.3900
group_14299	5079	8232	1.6208	57	2.1058	28	2.0688
group_14302	1077	112774	104.7112	764	133.1050	382	133.1051
group_14304	987	151	0.1530	1	0.1901	0	0.0000
group_14306	2298	142425	61.9778	950	77.5694	475	77.5694
group_14307	4140	138340	33.4155	819	37.1194	409	37.0740
group_14309	2028	9559	4.7135	64	5.9215	32	5.9215
group_14310	1242	2722	2.1916	19	2.8704	9	2.7194
group_14311	1107	30712	27.7435	206	34.9170	103	34.9170
group_14312	687	2567	3.7365	17	4.6431	8	4.3700
group_17459	1269	453	0.3570	3	0.4436	1	0.2957
group_14314	450	151	0.3356	1	0.4170	0	0.0000
group_14316	207	6787	32.7874	52	47.1357	26	47.1357
group_14319	273	4571	16.7436	36	24.7432	18	24.7433
group_14320	1407	161304	114.6439	1088	145.0947	544	145.0948
group_14321	231	0	0.0000	0	0.0000	0	0.0000
group_14322	1197	161258	134.7185	1070	167.7284	535	167.7284
group_14323	675	43296	64.1422	290	80.6141	145	80.6141
group_14324	2016	109298	54.2153	730	67.9437	365	67.9437
group_14326	498	10127	20.3353	69	25.9978	34	25.6210
group_14329	2163	2089	0.9658	14	1.2145	7	1.2145
group_14330	1269	283	0.2230	2	0.2957	1	0.2957
group_14332	243	3923	16.1440	31	23.9371	15	23.1650
group_14333	1287	136036	105.7001	913	133.1095	456	132.9637
group_14336	918	15558	16.9477	109	22.2793	54	22.0749
group_14338	483	23393	48.4327	158	61.3800	79	61.3800
group_14339	738	6077	8.2344	41	10.4242	20	10.1700
group_14340	402	4567	11.3607	34	15.8697	17	15.8697
ndhD1	1593	288047	180.8205	1952	229.9222	976	229.9222
citB~~~gerE	282	9924	35.1915	71	47.2418	35	46.5764
group_14343	4224	16478	3.9010	111	4.9308	55	4.8864
group_19243	315	442	1.4032	6	3.5740	3	3.5740
group_14344	876	604	0.6895	4	0.8568	2	0.8568
group_14347	954	56515	59.2400	380	74.7398	190	74.7398
group_14348	2187	6417	2.9342	45	3.8608	22	3.7750
group_14349	1044	2077	1.9895	14	2.5162	7	2.5162
group_14350	1508	3462	2.2958	23	2.8618	11	2.7374
group_14351	477	32456	68.0419	210	82.6072	105	82.6072
group_14353	792	135682	171.3157	925	219.1459	462	218.9091
group_14354	1443	41306	28.6251	274	35.6288	137	35.6288
group_14355	381	16774	44.0262	117	57.6206	58	57.1281
group_14356	963	1781	1.8494	12	2.3381	6	2.3381
group_14357	264	1052	3.9848	7	4.9752	3	4.2645
group_14359	1449	236220	163.0228	1584	205.1180	792	205.1180
group_19245	276	11786	42.7029	82	55.7470	41	55.7470
group_19246	153	151	0.9869	1	1.2264	0	0.0000
grxD	324	41951	129.4784	302	174.8956	151	174.8956
group_14360	282	27579	97.7979	196	130.4139	98	130.4139
group_14361	1152	8391	7.2839	57	9.2841	28	9.1212
group_14363	900	1945	2.1611	15	3.1273	7	2.9188
group_14365	714	302	0.4230	2	0.5256	1	0.5256
group_14366	3063	179478	58.5955	1161	71.1217	580	71.0604
group_14367	747	94621	126.6680	653	164.0248	326	163.7736
group_14373	735	13603	18.5075	92	23.4864	46	23.4865
group_14374	420	15861	37.7643	112	50.0363	56	50.0364
group_14371	654	13587	20.7752	91	26.1084	45	25.8215
group_14372	312	190	0.6090	2	1.2028	1	1.2028
group_19247	318	0	0.0000	0	0.0000	0	0.0000
group_14376	1071	819626	765.2904	5388	943.9630	2694	943.9632
group_14379	189	0	0.0000	0	0.0000	0	0.0000
tnpISMae36~~~tnpISL3	1215	1120413	922.1506	7461	1152.2259	3730	1152.0717
group_14382	333	6456	19.3874	47	26.4832	23	25.9197
group_14385	450	5408	12.0178	36	15.0109	18	15.0109
group_14387	1449	69453	47.9317	470	60.8620	235	60.8620
group_14388	540	29029	53.7574	213	74.0121	106	73.6646
group_14389	1098	263	0.2395	2	0.3418	1	0.3418
group_14390	252	8580	34.0476	60	44.6753	30	44.6753
group_14391	624	3654	5.8558	27	8.1189	13	7.8182
nrfG	1212	205136	169.2541	1391	215.3483	695	215.1935
group_14392	1977	21224	10.7355	145	13.7619	72	13.6670
group_14393	1590	55500	34.9057	362	42.7197	181	42.7197
group_14394	237	14651	61.8186	109	86.2969	54	85.5052
group_14396	276	453	1.6413	3	2.0395	1	1.3597
group_14398	1098	316425	288.1831	2147	366.8990	1073	366.7282
group_14399	192	237	1.2344	2	1.9545	1	1.9545
group_14403	1470	1655	1.1259	11	1.4041	5	1.2764
group_14402	192	0	0.0000	0	0.0000	0	0.0000
group_14404	1119	76783	68.6175	536	89.8776	268	89.8776
group_14405	2259	267930	118.6056	1726	143.3644	863	143.3645
group_14406	972	64290	66.1420	437	84.3591	218	84.1661
group_14407	675	330134	489.0874	2251	625.7323	1125	625.4545
group_14408	1659	44067	26.5624	293	33.1389	146	33.0258
group_14410	3762	22060	5.8639	149	7.4316	74	7.3818
group_14411	2409	18209	7.5587	129	10.0478	64	9.9699
group_14414	627	39345	62.7512	269	80.5011	134	80.2018
group_19248	735	1206	1.6408	8	2.0423	4	2.0423
group_14416	873	40544	46.4422	275	59.1065	137	58.8916
group_14419	426	3807	8.9366	25	11.0115	12	10.5711
group_14423	222	587	2.6441	4	3.3808	2	3.3808
group_14421	1395	209639	150.2789	1413	190.0574	706	189.9229
group_14422	1224	265747	217.1136	1774	271.9500	887	271.9501
group_14426	282	9974	35.3688	70	46.5764	35	46.5764
group_14427	1692	174059	102.8717	1171	129.8594	585	129.7485
group_14430	201	2914	14.4975	21	19.6038	10	18.6703
group_14431	3684	3989	1.0828	28	1.4261	14	1.4261
group_14432	456	14959	32.8048	106	43.6172	53	43.6172
group_14433	675	75899	112.4430	522	145.1054	261	145.1054
tnpISMae18~~~tnpISKra4	210	5481	26.1000	38	33.9532	19	33.9532
group_19249	1746	1031	0.5905	2	0.2149	1	0.2149
group_14435	468	22336	47.7265	150	60.1398	75	60.1399
group_19250	285	0	0.0000	0	0.0000	0	0.0000
group_14438	1278	156945	122.8052	1054	154.7486	527	154.7486
group_14439	351	302	0.8604	2	1.0692	1	1.0692
group_14440	2151	94381	43.8777	637	55.5669	318	55.4796
group_14441	1305	21089	16.1602	142	20.4171	71	20.4171
group_14443	861	1200	1.3937	8	1.7434	4	1.7434
group_14444	1617	21266	13.1515	144	16.7097	72	16.7097
group_14446	1578	22633	14.3428	153	18.1929	76	18.0740
group_14447	375	1599	4.2640	11	5.5040	5	5.0036
group_14448	291	0	0.0000	0	0.0000	0	0.0000
group_14449	771	11317	14.6783	81	19.7128	40	19.4694
group_19251	897	0	0.0000	0	0.0000	0	0.0000
group_14451	681	2640	3.8767	18	4.9595	9	4.9596
group_14453	399	949	2.3784	8	3.7621	4	3.7621
group_14455	1197	7358	6.1470	49	7.6810	24	7.5243
group_19252	156	612	3.9231	6	7.2168	3	7.2168
cysQ	882	148612	168.4943	1008	214.4415	504	214.4415
group_14457	414	30494	73.6570	211	95.6311	105	95.1779
group_14458	213	901	4.2300	6	5.2855	3	5.2855
group_14459	174	386	2.2184	4	4.3135	2	4.3135
group_14465	5535	27113	4.8985	182	6.1698	91	6.1698
tar	2679	457140	170.6383	3049	213.5510	1524	213.4810
cheW	594	48695	81.9781	342	108.0330	171	108.0330
group_14468	453	41087	90.6998	292	120.9488	146	120.9488
group_14470	4473	201504	45.0490	993	41.6550	496	41.6131
group_14472	3303	14143	4.2819	92	5.2263	46	5.2263
group_14476	1197	7350	6.1404	49	7.6810	24	7.5243
group_14477	891	9835	11.0382	66	13.8990	33	13.8990
group_14482	2331	0	0.0000	0	0.0000	0	0.0000
group_14480	1167	3805	3.2605	25	4.0196	12	3.8588
group_14481	1431	194212	135.7177	1302	170.7215	651	170.7215
group_14483	291	735	2.5258	5	3.2240	2	2.5792
group_14484	513	11684	22.7758	83	30.3583	41	29.9926
group_14485	999	9240	9.2492	61	11.4573	30	11.2694
group_14488	5739	253675	44.2020	1698	55.5160	849	55.5160
group_14489	2529	48952	19.3563	320	23.7420	160	23.7420
group_19253	1335	453	0.3393	3	0.4217	1	0.2811
group_14490	411	151	0.3674	1	0.4565	0	0.0000
group_14491	1689	238081	140.9597	1600	177.7490	800	177.7490
group_14493	1746	252	0.1443	2	0.2149	1	0.2149
group_14494	567	453	0.7989	3	0.9928	1	0.6619
group_14496	744	105302	141.5349	715	180.3225	357	180.0704
group_14498	1578	139302	88.2776	950	112.9623	475	112.9623
group_14499	438	42828	97.7808	315	134.9439	157	134.5155
group_14500	1329	0	0.0000	0	0.0000	0	0.0000
group_14501	696	97297	139.7945	680	183.3228	340	183.3229
thyA	1539	254478	165.3528	1672	203.8518	836	203.8518
group_14502	270	12433	46.0481	88	61.1555	44	61.1555
group_14503	2751	24781	9.0080	165	11.2541	82	11.1859
group_14505	408	1491	3.6544	10	4.5989	5	4.5989
group_14506	402	4810	11.9652	33	15.4030	16	14.9362
sIMPL	813	117966	145.0996	824	190.1751	412	190.1751
priA	2595	434420	167.4066	2919	211.0637	1459	210.9915
group_14507	1224	17446	14.2533	119	18.2424	59	18.0891
tnpISMae6	1497	11293	7.5438	75	9.4006	37	9.2753
group_14508	912	9787	10.7314	68	13.9904	34	13.9904
group_14509	1776	186103	104.7877	1256	132.6977	628	132.6978
group_14510	987	40498	41.0314	283	53.8005	141	53.6104
group_14511	900	736	0.8178	6	1.2509	3	1.2509
group_14512	1077	21652	20.1040	148	25.7847	74	25.7848
group_14514	183	301	1.6448	2	2.0507	1	2.0507
group_14515	1260	158857	126.0770	1081	160.9800	540	160.8311
group_14516	1308	1359	1.0390	9	1.2911	4	1.1476
group_14517	4623	13611	2.9442	92	3.7341	46	3.7341
group_14519	1122	432425	385.4055	2880	481.6333	1440	481.6334
group_14520	1902	54854	28.8402	372	36.6986	186	36.6986
group_14521	1473	268591	182.3428	1821	231.9659	910	231.8385
group_14522	315	57240	181.7143	392	233.5030	196	233.5030
group_14523	438	43340	98.9498	305	130.6600	152	130.2316
group_14526	385	40200	104.4156	285	138.8996	142	138.4123
group_14528	759	4402	5.7997	30	7.4165	15	7.4165
group_14530	141	0	0.0000	0	0.0000	0	0.0000
group_14531	270	19823	73.4185	143	99.3777	71	98.6828
group_14532	522	31570	60.4789	217	78.0021	108	77.6426
group_14533	390	5031	12.9000	35	16.8392	17	16.3580
group_14535	2871	30056	10.4688	201	13.1365	100	13.0711
group_19254	1218	301	0.2471	2	0.3081	1	0.3081
group_14537	843	2966	3.5184	20	4.4516	10	4.4516
group_14542	1083	54612	50.4266	365	63.2385	182	63.0652
group_14543	7122	58826	8.2598	376	9.9061	188	9.9061
group_14545	288	12191	42.3299	97	63.1970	48	62.5454
group_14546	297	22156	74.5993	164	103.6106	82	103.6106
group_14547	432	117653	272.3449	863	374.8383	431	374.4040
group_14548	1452	252913	174.1825	1708	220.7182	854	220.7182
group_14552	1551	127628	82.2876	863	104.4037	431	104.2827
group_14553	243	16069	66.1276	107	82.6217	53	81.8496
group_16763	900	238	0.2644	2	0.4170	1	0.4170
group_14554	252	0	0.0000	0	0.0000	0	0.0000
group_14555	468	302	0.6453	2	0.8019	1	0.8019
group_14556	3159	454953	144.0180	3065	182.0530	1532	181.9936
group_14557	225	403	1.7911	3	2.5018	1	1.6679
group_14560	210	9100	43.3333	61	54.5039	30	53.6104
group_14564	1824	52728	28.9079	351	36.1076	175	36.0048
group_14566	3303	111177	33.6594	742	42.1514	371	42.1514
group_14567	741	111506	150.4804	753	190.6750	376	190.4218
yjbI	1353	215548	159.3112	1448	200.8111	724	200.8111
group_3	504	1918	3.8056	13	4.8398	6	4.4675
group_4	303	1694	5.5908	12	7.4311	6	7.4311
group_19256	195	801	4.1077	7	6.7357	3	5.7734
group_8	444	49420	111.3063	347	146.6437	173	146.2211
tnpISMae21	850	1203	1.4153	8	1.7660	4	1.7660
tnpIS1634	1659	1178	0.7101	6	0.6786	3	0.6786
pA5055	315	10885	34.5556	76	45.2710	38	45.2710
group_9	399	3049	7.6416	22	10.3459	11	10.3459
group_13	1695	6252	3.6885	44	4.8708	22	4.8708
group_14	1059	49393	46.6412	335	59.3561	167	59.1790
group_19257	3678	2152	0.5851	15	0.7652	7	0.7142
group_15	3978	124300	31.2469	817	38.5367	408	38.4895
group_16	732	15038	20.5437	105	26.9150	52	26.6587
group_18	18003	735794	40.8706	4243	44.2227	2121	44.2123
group_19	273	14127	51.7473	117	80.4156	58	79.7283
group_22	1461	112216	76.8077	754	96.8363	377	96.8363
group_23	1125	59420	52.8178	397	66.2148	198	66.0480
dnaE	1410	253339	179.6730	1708	227.2928	854	227.2928
group_26	603	13292	22.0431	91	28.3166	45	28.0054
group_25	2025	104477	51.5936	660	61.1555	330	61.1555
group_27	732	28691	39.1954	199	51.0104	99	50.7541
group_29	807	145659	180.4944	989	229.9533	494	229.7208
group_30	1524	213158	139.8675	1436	176.8017	718	176.8017
group_31	291	89326	306.9622	629	405.5781	314	404.9334
group_32	663	1589	2.3967	11	3.1131	5	2.8301
tnpISMae26	444	0	0.0000	0	0.0000	0	0.0000
group_35	405	30809	76.0716	221	102.3892	110	101.9259
tnpISNCY	1335	2711909	2031.3925	18409	2587.4133	9204	2587.2732
group_37	675	38720	57.3630	268	74.4986	134	74.4986
rpnC	870	254492	292.5195	1715	369.8808	857	369.6652
group_39	1107	49472	44.6902	334	56.6129	167	56.6130
group_40	855	50760	59.3684	346	75.9324	173	75.9324
group_41	483	65155	134.8965	446	173.2625	223	173.2625
ompR	366	36355	99.3306	257	131.7555	128	131.2429
cax	1110	5024	4.5261	34	5.7474	17	5.7474
group_42	1437	74348	51.7383	481	62.8066	240	62.6760
group_18643	2991	56133	18.7673	373	23.3996	186	23.3369
uma2	795	15139	19.0428	102	24.0741	51	24.0741
group_43	1023	140020	136.8719	927	170.0282	463	169.8448
group_44	3447	250727	72.7377	1672	91.0148	836	91.0148
group_46	1173	13172	11.2293	88	14.0767	44	14.0767
group_48	225	1089	4.8400	9	7.5055	4	6.6715
group_51	486	3690	7.5926	25	9.6521	12	9.2660
tmk	693	104491	150.7807	721	195.2176	360	194.9468
group_62	459	2842	6.1917	20	8.1759	10	8.1759
group_55	570	987	1.7316	7	2.3043	3	1.9751
group_57	2418	118000	48.8007	788	61.1486	394	61.1486
group_58	996	8290	8.3233	57	10.7382	28	10.5498
tnpISMae39	987	604	0.6120	4	0.7604	2	0.7604
group_60	474	11362	23.9705	77	30.4810	38	30.0852
tnpISMae27	1089	2054	1.8861	14	2.4122	7	2.4122
group_19258	1329	151	0.1136	1	0.1412	0	0.0000
group_65	1533	0	0.0000	0	0.0000	0	0.0000
pilW	2676	54897	20.5146	331	23.2091	165	23.1390
group_17440	303	758	2.5017	6	3.7156	3	3.7156
lpxC	1005	60682	60.3801	399	74.4944	199	74.3077
group_69	957	0	0.0000	0	0.0000	0	0.0000
group_70	294	15953	54.2619	122	77.8627	61	77.8627
group_71	261	2555	9.7893	17	12.2215	8	11.5026
bamA	2205	360638	163.5546	2407	204.8257	1203	204.7406
cheA	987	186390	188.8450	1267	240.8665	633	240.6764
group_73	1203	1082964	900.2195	7369	1149.3699	3684	1149.2141
group_75	222	2032	9.1532	14	11.8329	7	11.8329
group_77	837	4786	5.7180	32	7.1737	16	7.1737
group_81	1593	64920	40.7533	429	50.5311	214	50.4133
group_82	279	861	3.0860	6	4.0352	3	4.0352
tnpIS630~~~tnpISMae26	951	271134	285.1041	1810	357.1206	905	357.1207
group_83	453	6367	14.0552	43	17.8110	21	17.3967
group_84	759	10130	13.3465	68	16.8106	34	16.8106
group_85	405	0	0.0000	0	0.0000	0	0.0000
hipB	411	27311	66.4501	196	89.4811	98	89.4811
group_86	507	38463	75.8639	264	97.7041	132	97.7041
group_89	1854	188723	101.7923	1281	129.6452	640	129.5440
group_90	690	90493	131.1493	634	172.4079	317	172.4079
tnpIS1	411	2157	5.2482	15	6.8480	7	6.3915
group_91	210	3750	17.8571	27	24.1247	13	23.2312
group_92	468	37930	81.0470	263	105.4452	131	105.0443
group_93	1770	44737	25.2751	304	32.2268	152	32.2268
group_96	978	6397	6.5409	44	8.4417	22	8.4417
purH	1536	64840	42.2135	439	53.6278	219	53.5057
group_98	285	5193	18.2211	36	23.7014	18	23.7014
rdgB	645	37405	57.9922	257	74.7636	128	74.4727
group_102	288	0	0.0000	0	0.0000	0	0.0000
group_103	15645	57479	3.6740	384	4.6055	192	4.6055
group_105	321	151	0.4704	1	0.5845	0	0.0000
group_106	726	7713	10.6240	53	13.6980	26	13.4395
group_107	981	6931	7.0652	46	8.7984	23	8.7984
group_109	537	102	0.1899	1	0.3494	0	0.0000
group_110	1800	105897	58.8317	713	74.3248	356	74.2206
group_112	405	1155	2.8519	8	3.7064	4	3.7064
group_114	264	6963	26.3750	53	37.6694	26	36.9587
cDA1	1998	111865	55.9885	745	69.9645	372	69.8706
yhhI	570	18916	33.1860	129	42.4651	64	42.1359
group_116	978	4692	4.7975	34	6.5231	17	6.5231
group_117	1494	157	0.1051	1	0.1256	0	0.0000
group_119	153	0	0.0000	0	0.0000	0	0.0000
group_121	708	151	0.2133	1	0.2650	0	0.0000
insQ	1230	44289	36.0073	299	45.6124	149	45.4599
tnpIS5	900	4979	5.5322	33	6.8800	16	6.6715
group_123	594	68385	115.1263	429	135.5151	214	135.1992
group_124	3150	116496	36.9829	781	46.5219	390	46.4623
group_126	228	1494	6.5526	10	8.2297	5	8.2297
group_129	396	30131	76.0884	199	94.2920	99	93.8182
group_131	699	98969	141.5866	687	184.4151	343	184.1467
group_132	726	474	0.6529	3	0.7754	1	0.5169
lpd	1494	126803	84.8748	848	106.5031	424	106.5031
hisIE	726	68127	93.8388	456	117.8542	228	117.8542
group_135	1488	604	0.4059	4	0.5044	2	0.5044
tnpISMae9	1485	151	0.1017	1	0.1264	0	0.0000
group_138	1224	532977	435.4387	3580	548.8055	1790	548.8056
group_139	1440	58921	40.9174	398	51.8606	199	51.8606
gumC	2337	28304	12.1113	192	15.4156	96	15.4156
group_140	585	36012	61.5590	252	80.8279	126	80.8280
group_141	1689	293552	173.8022	1992	221.2975	996	221.2976
group_142	1362	27115	19.9082	184	25.3488	92	25.3488
ltrA	1761	30219	17.1601	202	21.5233	101	21.5233
group_145	195	0	0.0000	0	0.0000	0	0.0000
araJ	1731	83783	48.4015	566	61.3531	283	61.3531
group_147	237	8057	33.9958	56	44.3360	28	44.3360
lipA	906	71766	79.2119	491	101.6881	245	101.4810
ycfA	387	11339	29.2997	79	38.3030	39	37.8182
group_151	423	1747	4.1300	12	5.3230	6	5.3230
fxsT	3441	18996	5.5205	123	6.7071	61	6.6526
group_152	408	4493	11.0123	31	14.2567	15	13.7968
group_19260	201	0	0.0000	0	0.0000	0	0.0000
group_159	990	1812	1.8303	12	2.2744	6	2.2744
group_156	879	78699	89.5324	526	112.2829	263	112.2830
group_157	792	270160	341.1111	1861	440.8979	930	440.6611
group_158	822	2481	3.0182	17	3.8806	8	3.6523
wcaA	957	87329	91.2529	590	115.6796	295	115.6797
group_161	17910	136127	7.6006	774	8.1089	387	8.1089
group_164	609	23202	38.0985	158	48.6807	79	48.6807
group_165	366	449	1.2268	3	1.5380	1	1.0253
hicB	237	580	2.4473	4	3.1669	2	3.1669
group_167	1209	68494	56.6534	461	71.5470	230	71.3918
group_168	1239	38579	31.1372	260	39.3749	130	39.3749
hmpF	1650	263025	159.4091	1759	200.0317	879	199.9180
yfmG	1956	21097	10.7858	120	11.5114	60	11.5114
group_173	348	151	0.4339	1	0.5392	0	0.0000
group_174	2205	22560	10.2313	148	12.5942	74	12.5942
group_175	1278	137442	107.5446	941	138.1579	470	138.0111
group_176	246	0	0.0000	0	0.0000	0	0.0000
group_179	816	84848	103.9804	568	130.6096	284	130.6096
surE	813	18240	22.4354	132	30.4649	66	30.4649
group_181	450	1647	3.6600	11	4.5867	5	4.1697
group_183	912	1493	1.6371	10	2.0574	5	2.0574
group_184	801	3442	4.2971	24	5.6221	12	5.6221
tnpA	453	82352	181.7925	577	238.9981	288	238.5840
group_185	6255	30761	4.9178	208	6.2395	104	6.2395
group_186	645	235288	364.7876	1611	468.6544	805	468.3636
nnr2	1776	295109	166.1650	1965	207.6044	982	207.4987
group_187	1197	558662	466.7185	3754	588.4601	1877	588.4602
group_188	1044	228887	219.2404	1499	269.4127	749	269.2330
group_189	237	2751	11.6076	20	15.8343	10	15.8343
group_190	444	3772	8.4955	26	10.9877	13	10.9877
group_192	273	9192	33.6703	67	46.0499	33	45.3626
group_197	540	67619	125.2204	454	157.7535	227	157.7535
group_198	354	933	2.6356	7	3.7103	3	3.1803
tnpIS607	594	15620	26.2963	104	32.8521	52	32.8522
group_200	237	1936	8.1688	18	14.2509	9	14.2509
group_201	1713	20262	11.8284	135	14.7874	67	14.6779
group_202	318	9049	28.4560	63	37.1732	31	36.5832
group_203	456	30358	66.5746	214	88.0574	107	88.0574
group_207	486	522	1.0741	4	1.5443	2	1.5443
group_205	468	1359	2.9038	9	3.6084	4	3.2075
group_206	2910	120755	41.4966	808	52.0997	404	52.0997
group_208	1374	13160	9.5779	92	12.5637	46	12.5637
group_210	438	50138	114.4703	356	152.5080	178	152.5081
manC	378	41802	110.5873	304	150.9033	152	150.9033
tnpISKra4	908	11691	12.8756	88	18.1850	44	18.1850
group_213	1551	7962	5.1335	53	6.4118	26	6.2908
group_215	327	1815	5.5505	14	8.0334	7	8.0334
group_216	381	16663	43.7349	95	46.7860	47	46.2935
group_217	678	99459	146.6947	676	187.0828	338	187.0828
group_223	255	2996	11.7490	23	16.9241	11	16.1882
group_221	357	6492	18.1849	45	23.6516	22	23.1260
group_224	282	294	1.0426	2	1.3308	1	1.3308
tnpISMae23~~~tnpIS630	1158	15764	13.6131	106	17.1757	53	17.1757
group_226	1335	12932	9.6869	87	12.2280	43	12.0874
group_227	1287	249416	193.7964	1660	242.0173	830	242.0173
group_228	1239	120986	97.6481	803	121.6077	401	121.4563
group_229	1293	6954	5.3782	48	6.9656	24	6.9656
group_230	882	3209	3.6383	23	4.8930	11	4.6803
group_234	699	2373	3.3948	17	4.5634	8	4.2950
group_4342	321	4000	12.4611	29	16.9516	14	16.3670
group_231	474	4462	9.4135	30	11.8757	15	11.8757
group_232	222	2345	10.5631	20	16.9042	10	16.9042
group_239	321	955	2.9751	8	4.6763	4	4.6763
group_235	963	16938	17.5888	125	24.3557	62	24.1609
group_237	396	302	0.7626	2	0.9477	1	0.9477
group_238	372	27343	73.5027	195	98.3577	97	97.8534
group_242	2760	29213	10.5844	197	13.3929	98	13.3249
group_243	1152	453	0.3932	3	0.4886	1	0.3258
group_245	3486	5922	1.6988	40	2.1530	20	2.1530
group_246	6567	13388	2.0387	70	2.0001	35	2.0001
cps2a	1878	270208	143.8807	1818	181.6415	909	181.6416
group_247	390	3830	9.8205	26	12.5091	13	12.5091
group_248	924	16970	18.3658	111	22.5407	55	22.3377
group_249	381	10840	28.4514	74	36.4438	37	36.4438
group_251	1125	27089	24.0791	187	31.1893	93	31.0225
group_252	3315	3010	0.9080	20	1.1320	10	1.1320
group_254	1227	110279	89.8769	757	115.7626	378	115.6097
rfaB	1263	76373	60.4695	509	75.6191	254	75.4705
group_256	345	0	0.0000	0	0.0000	0	0.0000
group_259	3237	390981	120.7850	2630	152.4509	1315	152.4509
group_260	996	51439	51.6456	347	65.3713	173	65.1829
group_19262	492	36580	74.3496	256	97.6319	128	97.6319
group_262	1464	16458	11.2418	110	14.0984	55	14.0984
group_263	4137	25151	6.0795	168	7.6197	84	7.6197
group_264	546	3476	6.3663	25	8.5914	12	8.2478
group_265	804	39363	48.9590	262	61.1452	131	61.1452
group_266	462	27725	60.0108	188	76.3542	94	76.3542
group_267	1587	67576	42.5810	449	53.0868	224	52.9685
ggt	1749	47485	27.1498	318	34.1157	159	34.1157
group_269	327	25030	76.5443	177	101.5646	88	100.9908
group_271	1332	12875	9.6659	81	11.4103	40	11.2694
group_274	609	1329	2.1823	9	2.7730	4	2.4648
group_273	391	32491	83.0972	221	106.0553	110	105.5754
dcm	1224	147618	120.6029	998	152.9910	499	152.9911
group_275	255	0	0.0000	0	0.0000	0	0.0000
group_14928	261	1070	4.0996	8	5.7513	4	5.7513
group_276	1281	207360	161.8735	1389	203.4558	694	203.3093
aarF	1680	285649	170.0292	1940	216.6753	970	216.6753
group_278	387	10346	26.7339	79	38.3030	39	37.8182
group_279	1995	24017	12.0386	162	15.2366	81	15.2366
pspA	714	48556	68.0056	328	86.1971	164	86.1971
group_281	1611	18578	11.5320	124	14.4425	62	14.4425
group_282	876	10301	11.7591	66	14.1370	33	14.1370
scyF	1053	105334	100.0323	680	121.1706	340	121.1707
group_19263	606	1812	2.9901	12	3.7156	6	3.7156
group_289	1383	128732	93.0817	864	117.2218	432	117.2218
group_298	453	3640	8.0353	25	10.3552	12	9.9410
group_293	5664	26303	4.6439	57	1.8883	28	1.8552
group_295	1521	8298	5.4556	56	6.9084	28	6.9084
group_296	660	60716	91.9939	417	118.5520	208	118.2678
group_297	177	151	0.8531	1	1.0601	0	0.0000
group_299	834	10698	12.8273	72	16.1988	36	16.1988
group_300	445	1014	2.2787	7	2.9516	3	2.5299
group_301	2922	241380	82.6078	1605	103.0651	802	103.0009
group_302	897	3584	3.9955	24	5.0204	12	5.0204
group_303	1695	182762	107.8242	1239	137.1572	619	137.0465
yddA	2064	338062	163.7897	2260	205.4545	1130	205.4545
group_304	1119	16800	15.0134	113	18.9481	56	18.7804
group_305	1401	126324	90.1670	859	115.0461	429	114.9122
group_306	1710	4054	2.3708	28	3.0724	14	3.0724
group_307	5145	34660	6.7366	201	7.3304	100	7.2939
group_308	456	47829	104.8882	338	139.0813	169	139.0813
group_309	1122	1212	1.0802	9	1.5051	4	1.3379
group_314	318	405	1.2736	3	1.7702	1	1.1801
ubiE	825	33841	41.0194	234	53.2205	117	53.2205
group_312	1335	169809	127.1978	1135	159.5260	567	159.3855
yadH	903	143206	158.5891	968	201.1428	484	201.1428
group_313	1041	266670	256.1671	1820	328.0481	910	328.0482
group_315	3063	154	0.0503	1	0.0613	0	0.0000
rsuA	717	104546	145.8103	703	183.9726	351	183.7109
group_318	576	34552	59.9861	246	80.1363	123	80.1364
group_320	1278	76100	59.5462	509	74.7315	254	74.5847
group_322	222	236	1.0631	2	1.6904	1	1.6904
ykfC~~~ltrA	1845	302	0.1637	2	0.2034	1	0.2034
group_325	249	10117	40.6305	75	56.5170	37	55.7634
group_327	267	752	2.8165	5	3.5138	2	2.8110
group_329	252	3715	14.7421	25	18.6147	12	17.8701
group_330	1848	20043	10.8458	137	13.9103	68	13.8087
tnpB	1302	96419	74.0545	650	93.6740	325	93.6741
group_333	2343	174725	74.5732	1170	93.6980	585	93.6980
group_334	627	66135	105.4785	457	136.7620	228	136.4628
group_19264	381	11437	30.0184	77	37.9212	38	37.4288
group_19082	2094	32600	15.5683	220	19.7135	110	19.7135
group_336	1233	116790	94.7202	798	121.4386	399	121.4386
group_340	1536	423	0.2754	3	0.3665	1	0.2443
group_342	867	5875	6.7762	39	8.4404	19	8.2240
group_341	768	17016	22.1563	116	28.3409	58	28.3409
group_19265	2073	123588	59.6179	832	75.3080	416	75.3080
group_344	783	30251	38.6347	208	49.8446	104	49.8446
group_19266	291	544	1.8694	4	2.5792	2	2.5792
group_347	1302	141779	108.8932	955	137.6288	477	137.4847
group_349	288	3292	11.4306	26	16.9394	13	16.9394
group_19267	663	4995	7.5339	31	8.7733	15	8.4903
group_16595	1131	1637	1.4474	11	1.8249	5	1.6590
group_350	414	711	1.7174	6	2.7194	3	2.7194
tnpISMae8~~~tnpISAs1	1122	4829	4.3039	32	5.3515	16	5.3515
group_352	1098	0	0.0000	0	0.0000	0	0.0000
group_353	228	1490	6.5351	12	9.8756	6	9.8756
group_354	1602	8416	5.2534	56	6.5591	28	6.5591
group_355	1524	27692	18.1706	186	22.9005	93	22.9005
group_356	387	151	0.3902	1	0.4848	0	0.0000
group_360	522	40402	77.3985	283	101.7262	141	101.3668
group_362	2352	45682	19.4226	312	24.8905	156	24.8905
group_363	1215	421068	346.5580	2789	430.7141	1394	430.5598
group_367	1887	13215	7.0032	90	8.9493	45	8.9493
yafQ	327	1204	3.6820	9	5.1643	4	4.5905
group_370	1257	10568	8.4073	71	10.5984	35	10.4491
tnpIS630	1044	151	0.1446	1	0.1797	0	0.0000
group_372	843	92429	109.6429	617	137.3329	308	137.1103
group_373	234	149	0.6368	1	0.8019	0	0.0000
group_374	289	444	1.5363	3	1.9478	1	1.2985
group_375	771	30153	39.1089	204	49.6470	102	49.6470
group_378	390	22178	56.8667	155	74.5734	77	74.0923
group_381	1239	2161	1.7441	15	2.2716	7	2.1202
group_382	264	0	0.0000	0	0.0000	0	0.0000
group_383	3219	12392	3.8496	84	4.8964	42	4.8964
group_385	123	0	0.0000	0	0.0000	0	0.0000
group_386	333	24791	74.4474	177	99.7346	88	99.1712
group_387	387	2186	5.6486	16	7.7576	8	7.7576
group_19268	132	0	0.0000	0	0.0000	0	0.0000
group_388	231	1208	5.2294	8	6.4982	4	6.4982
group_389	1185	208237	175.7274	1393	220.5716	696	220.4133
group_391	516	22740	44.0698	157	57.0909	78	56.7273
group_392	498	1618	3.2490	11	4.1446	5	3.7678
group_394	456	5911	12.9627	43	17.6938	21	17.2823
group_395	513	453	0.8830	3	1.0973	1	0.7315
group_396	231	17381	75.2424	121	98.2857	60	97.4734
group_397	936	29383	31.3921	178	35.6830	89	35.6830
group_398	1080	25869	23.9528	167	29.0141	83	28.8404
group_399	1410	6735	4.7766	46	6.1215	23	6.1215
group_400	732	3894	5.3197	26	6.6647	13	6.6647
alaS	2694	377963	140.2981	2517	175.3083	1258	175.2387
group_401	201	1187	5.9055	8	7.4681	4	7.4681
group_404	726	65108	89.6804	450	116.3035	225	116.3035
group_407	258	3068	11.8915	22	16.0000	11	16.0000
group_405	429	2008	4.6807	15	6.5607	7	6.1233
group_406	897	1938	2.1605	14	2.9285	7	2.9285
hmoA	345	35903	104.0667	273	148.4774	136	147.9336
group_411	1242	4559	3.6707	30	4.5323	15	4.5323
group_412	378	6963	18.4206	51	25.3160	25	24.8196
gppA	1659	311607	187.8282	2097	237.1750	1048	237.0619
group_413	1365	76259	55.8674	519	71.3430	259	71.2056
group_414	1683	292876	174.0202	1984	221.1946	992	221.1946
group_415	222	252	1.1351	2	1.6904	1	1.6904
group_416	1299	188817	145.3557	1293	186.7696	646	186.6252
group_417	552	69930	126.6848	474	161.1225	237	161.1225
group_419	276	0	0.0000	0	0.0000	0	0.0000
group_420	279	21718	77.8423	152	102.2248	76	102.2248
group_421	999	14110	14.1241	95	17.8433	47	17.6555
group_423	750	230	0.3067	2	0.5004	1	0.5004
group_424	954	527	0.5524	4	0.7867	2	0.7867
group_429	327	887	2.7125	6	3.4429	3	3.4429
group_427	1152	302	0.2622	2	0.3258	1	0.3258
group_428	303	1860	6.1386	14	8.6697	7	8.6697
group_432	987	108995	110.4306	686	130.4139	343	130.4139
group_436	423	4764	11.2624	34	15.0819	17	15.0819
kdpB	2190	385776	176.1534	2590	221.9078	1295	221.9078
tnpIS1380	1347	0	0.0000	0	0.0000	0	0.0000
group_435	504	1628	3.2302	13	4.8398	6	4.4675
group_438	624	70215	112.5240	496	149.1468	248	149.1468
group_441	555	15567	28.0486	106	35.8368	53	35.8369
group_444	375	43380	115.6800	297	148.6080	148	148.1076
group_445	438	17738	40.4977	127	54.4060	63	53.9776
group_446	921	45787	49.7144	308	62.7492	154	62.7492
group_447	543	60934	112.2173	416	143.7508	208	143.7509
group_448	816	62182	76.2034	413	94.9679	206	94.7380
group_450	1389	98096	70.6235	531	71.7314	265	71.5963
fabG	798	10585	13.2644	72	16.9296	36	16.9296
group_452	171	1724	10.0819	14	15.3620	7	15.3620
group_17759	261	2097	8.0345	14	10.0648	7	10.0648
group_455	1203	348367	289.5819	2315	361.0790	1157	360.9231
group_459	198	258	1.3030	3	2.8430	1	1.8953
group_458	1065	264545	248.3991	1781	313.7843	890	313.6082
yqxC	906	122850	135.5960	827	171.2751	413	171.0680
group_19270	258	7347	28.4767	51	37.0909	25	36.3636
group_460	1236	3023	2.4458	20	3.0362	10	3.0362
group_461	195	1420	7.2821	11	10.5846	5	9.6224
group_462	381	1046	2.7454	10	4.9248	5	4.9248
group_464	1386	11647	8.4033	70	9.4766	35	9.4766
group_466	435	40916	94.0598	284	122.5028	142	122.5028
group_465	1383	23386	16.9096	147	19.9440	73	19.8083
group_467	225	277	1.2311	2	1.6679	1	1.6679
group_19271	138	212	1.5362	2	2.7194	1	2.7194
pcp	573	27884	48.6632	197	64.5102	98	64.1828
group_473	285	2156	7.5649	17	11.1923	8	10.5340
group_471	510	9268	18.1725	71	26.1219	35	25.7540
group_472	633	7516	11.8736	50	14.8212	25	14.8212
group_474	924	9072	9.8182	62	12.5903	31	12.5903
group_475	1230	9464	7.6943	62	9.4581	31	9.4581
group_478	1083	129523	119.5965	871	150.9060	435	150.7328
group_477	1545	21479	13.9023	144	17.4884	72	17.4884
group_479	324	1633	5.0401	11	6.3704	5	5.7912
group_480	1194	1172	0.9816	8	1.2572	4	1.2572
group_481	285	1601	5.6175	14	9.2172	7	9.2172
group_483	3099	329200	106.2278	2214	134.0519	1107	134.0519
phyH	933	148331	158.9829	1016	204.3285	508	204.3285
group_485	1182	200539	169.6607	1363	216.3691	681	216.2104
group_486	1476	62723	42.4953	408	51.8669	204	51.8670
group_488	312	604	1.9359	4	2.4056	2	2.4056
group_19272	786	792	1.0076	7	1.6711	3	1.4323
group_489	1194	302	0.2529	2	0.3143	1	0.3143
group_490	378	15885	42.0238	111	55.0996	55	54.6032
group_491	1044	302	0.2893	2	0.3595	1	0.3595
tnpIS5~~~tnpISMae4	894	304176	340.2416	2036	427.3238	1018	427.3239
group_492	3525	254504	72.1997	1703	90.6510	851	90.5977
group_493	195	361	1.8513	4	3.8489	2	3.8490
group_495	159	0	0.0000	0	0.0000	0	0.0000
fmt	978	147258	150.5706	1007	193.2002	503	193.0083
kdpA	1746	174845	100.1403	1180	126.8103	590	126.8104
group_497	450	6921	15.3800	49	20.4315	24	20.0145
group_498	1080	0	0.0000	0	0.0000	0	0.0000
pro0765	297	24980	84.1077	177	111.8237	88	111.1919
group_501	621	604	0.9726	4	1.2086	2	1.2086
group_4921	285	11181	39.2316	87	57.2785	43	56.6201
group_503	351	2670	7.6068	19	10.1570	9	9.6224
group_506	204	7873	38.5931	59	54.2674	29	53.3476
group_505	1284	111993	87.2220	745	108.8700	372	108.7239
group_507	987	8913	9.0304	63	11.9768	31	11.7867
group_508	1212	283488	233.9010	1900	294.1493	950	294.1494
group_509	432	0	0.0000	0	0.0000	0	0.0000
group_510	975	30239	31.0144	207	39.8366	103	39.6442
group_511	789	16438	20.8340	113	26.8731	56	26.6353
copZ	441	16955	38.4467	123	52.3339	61	51.9085
polA	2871	522044	181.8335	3487	227.8954	1743	227.8301
group_512	273	11426	41.8535	82	56.3596	41	56.3596
group_513	7629	28445	3.7285	193	4.7469	96	4.7223
group_514	453	38360	84.6799	267	110.5936	133	110.1794
group_515	885	4677	5.2847	31	6.5726	15	6.3606
group_516	1599	0	0.0000	0	0.0000	0	0.0000
cpdA	1056	177119	167.7263	1203	213.7561	601	213.5785
group_517	2025	160930	79.4716	1090	100.9993	545	100.9993
group_518	906	2316	2.5563	17	3.5208	8	3.3137
group_519	351	4901	13.9630	33	17.6410	16	17.1064
group_520	1653	0	0.0000	0	0.0000	0	0.0000
group_521	1239	520825	420.3592	3457	523.5341	1728	523.3827
group_523	1551	102912	66.3520	681	82.3858	340	82.2648
group_524	240	2306	9.6083	16	12.5091	8	12.5091
group_525	987	31884	32.3040	217	41.2534	108	41.0633
group_526	438	49025	111.9292	349	149.5093	174	149.0809
group_527	450	7644	16.9867	55	22.9333	27	22.5164
group_530	1164	63247	54.3359	427	68.8322	213	68.6710
rutF	1731	88795	51.2969	599	64.9302	299	64.8218
group_532	489	0	0.0000	0	0.0000	0	0.0000
group_533	138	2791	20.2246	24	32.6324	12	32.6324
group_535	453	25284	55.8146	183	75.8001	91	75.3859
tnpISMae23	1158	4443	3.8368	31	5.0231	15	4.8610
group_536	1626	32772	20.1550	225	25.9644	112	25.8490
group_537	681	0	0.0000	0	0.0000	0	0.0000
group_538	1637	27312	16.6842	169	19.3711	84	19.2565
pgeF	858	119135	138.8520	808	176.7018	404	176.7018
parA	888	148557	167.2939	1004	212.1474	502	212.1474
group_539	561	1056732	1883.6578	7095	2373.0474	3547	2372.7133
group_541	3348	16116	4.8136	107	5.9967	53	5.9407
group_542	1152	56933	49.4210	391	63.6856	195	63.5227
group_543	2013	7680	3.8152	53	4.9403	26	4.8470
group_545	234	0	0.0000	0	0.0000	0	0.0000
group_546	1194	4899	4.1030	33	5.1859	16	5.0288
group_547	219	2649	12.0959	21	17.9925	10	17.1357
tnpIS30~~~tnpISMae39	987	1606	1.6272	11	2.0912	5	1.9011
group_548	420	3218	7.6619	23	10.2753	11	9.8286
tnpISMae21~~~tnpIS630	849	0	0.0000	0	0.0000	0	0.0000
group_551	273	11578	42.4103	81	55.6723	40	54.9850
group_552	960	21483	22.3781	144	28.1454	72	28.1455
group_553	879	26161	29.7622	179	38.2104	89	37.9969
group_554	255	3674	14.4078	28	20.6032	14	20.6032
group_555	1797	31140	17.3289	181	18.8994	90	18.7950
mcrA~~~ltrA	1845	607	0.3290	4	0.4068	2	0.4068
group_557	540	52095	96.4722	355	123.3535	177	123.0060
group_558	636	67224	105.6981	477	140.7272	238	140.4322
group_559	3699	59125	15.9840	372	18.8702	186	18.8702
group_560	1065	62893	59.0545	425	74.8783	212	74.7022
group_561	1050	2171	2.0676	16	2.8592	8	2.8592
group_562	807	14375	17.8129	107	24.8787	53	24.6462
group_563	669	34428	51.4619	242	67.8744	121	67.8744
group_564	1341	14710	10.9694	99	13.8523	49	13.7124
rri1	510	41616	81.6000	305	112.2139	152	111.8460
group_565	1062	38773	36.5094	262	46.2907	131	46.2907
group_566	375	1905	5.0800	13	6.5047	6	6.0044
melB	1701	242350	142.4750	1641	181.0177	820	180.9075
group_569	411	26316	64.0292	185	84.4592	92	84.0026
group_19273	243	0	0.0000	0	0.0000	0	0.0000
group_571	678	4337	6.3968	32	8.8560	16	8.8560
xerD	588	14267	24.2636	101	32.2300	50	31.9109
group_574	432	52154	120.7269	367	159.4040	183	158.9697
group_575	426	1208	2.8357	8	3.5237	4	3.5237
group_576	2292	62970	27.4738	296	24.2323	148	24.2323
group_578	705	4610	6.5390	32	8.5168	16	8.5168
group_580	4008	13484	3.3643	91	4.2602	45	4.2134
group_19275	1236	5561	4.4992	38	5.7688	19	5.7688
group_582	1644	11847	7.2062	79	9.0166	39	8.9025
group_583	1227	11295	9.2054	75	11.4692	37	11.3163
group_587	1194	177289	148.4832	1194	187.6363	597	187.6363
group_590	321	17683	55.0872	120	70.1444	60	70.1444
group_591	510	40642	79.6902	279	102.6481	139	102.2802
group_593	696	17568	25.2414	122	32.8903	61	32.8903
group_594	240	6295	26.2292	44	34.4000	22	34.4000
group_596	1110	176234	158.7694	1207	204.0334	603	203.8643
group_19276	126	0	0.0000	0	0.0000	0	0.0000
group_19277	552	302	0.5471	2	0.6798	1	0.6798
group_601	252	0	0.0000	0	0.0000	0	0.0000
group_604	378	28803	76.1984	204	101.2640	102	101.2641
group_605	177	0	0.0000	0	0.0000	0	0.0000
group_606	807	125988	156.1190	859	199.7269	429	199.4944
group_607	394	34941	88.6827	244	116.2012	122	116.2012
group_608	1228	32135	26.1686	217	33.1572	108	33.0044
group_5233	285	1005	3.5263	9	5.9254	4	5.2670
group_611	369	5996	16.2493	42	21.3570	21	21.3570
group_612	264	12785	48.4280	92	65.3884	46	65.3884
group_613	2679	15917	5.9414	106	7.4242	53	7.4242
group_614	1224	120204	98.2059	809	124.0178	404	123.8645
group_615	1203	9879	8.2120	66	10.2943	33	10.2943
group_617	1200	302	0.2517	2	0.3127	1	0.3127
group_621	987	302	0.3060	2	0.3802	1	0.3802
group_5246	573	47238	82.4398	319	104.4607	159	104.1333
group_623	1044	666	0.6379	5	0.8986	2	0.7189
group_625	900	1145	1.2722	8	1.6679	4	1.6679
group_627	318	3082	9.6918	22	12.9811	11	12.9811
group_629	1152	372	0.3229	2	0.3258	1	0.3258
group_632	306	144	0.4706	1	0.6132	0	0.0000
group_630	1431	81065	56.6492	531	69.6261	265	69.4949
group_633	426	453	1.0634	3	1.3214	1	0.8809
group_634	858	0	0.0000	0	0.0000	0	0.0000
group_636	1110	1402	1.2631	10	1.6904	5	1.6904
group_637	393	1354	3.4453	10	4.7745	5	4.7745
group_638	1836	50335	27.4156	339	34.6453	169	34.5431
group_639	1026	193568	188.6628	1314	240.3061	657	240.3062
group_642	225	151	0.6711	1	0.8339	0	0.0000
group_643	405	7987	19.7210	57	26.4081	28	25.9448
group_645	2229	27939	12.5343	186	15.6574	93	15.6574
group_646	579	67111	115.9085	446	144.5350	223	144.5351
group_648	1935	22147	11.4455	153	14.8364	76	14.7394
group_649	696	11845	17.0187	81	21.8370	40	21.5674
group_654	1152	302	0.2622	2	0.3258	1	0.3258
group_652	1302	133897	102.8395	906	130.5672	453	130.5672
group_656	321	4734	14.7477	34	19.8743	17	19.8743
group_657	1008	4697	4.6597	31	5.7706	15	5.5844
group_658	510	61352	120.2980	414	152.3165	207	152.3166
group_659	666	24681	37.0586	168	47.3317	84	47.3317
group_660	405	6704	16.5531	45	20.8485	22	20.3852
speB	936	35474	37.8996	243	48.7133	121	48.5128
group_662	255	21576	84.6118	157	115.5251	78	114.7893
group_663	2958	101034	34.1562	685	43.4520	342	43.3885
yuxK	561	50556	90.1176	361	120.7428	180	120.4083
group_664	1326	168291	126.9163	1143	161.7408	571	161.5993
group_665	903	25676	28.4341	175	36.3636	87	36.1558
group_666	285	0	0.0000	0	0.0000	0	0.0000
group_668	846	15289	18.0721	102	22.6228	51	22.6228
group_669	255	1399	5.4863	13	9.5658	6	8.8299
mazF	357	13580	38.0392	94	49.4056	47	49.4056
group_670	354	14223	40.1780	101	53.5347	50	53.0046
group_671	11439	507625	44.3767	3304	54.1962	1652	54.1962
group_673	1044	32083	30.7308	224	40.2591	112	40.2591
group_674	789	15225	19.2966	105	24.9706	52	24.7328
group_675	267	2919	10.9326	22	15.4607	11	15.4607
group_676	900	1963	2.1811	13	2.7103	6	2.5018
group_677	1149	15947	13.8790	107	17.4735	53	17.3102
group_5388	727	13678	18.8143	91	23.4868	45	23.2287
group_682	897	14499	16.1639	102	21.3366	51	21.3366
group_685	249	0	0.0000	0	0.0000	0	0.0000
group_687	252	7985	31.6865	57	42.4415	28	41.6970
group_688	627	8127	12.9617	55	16.4593	27	16.1601
group_693	3954	129335	32.7099	865	41.0484	432	41.0010
wcaG	1068	37565	35.1732	253	44.4494	126	44.2737
group_692	246	0	0.0000	0	0.0000	0	0.0000
pcrA	2322	462935	199.3691	3098	250.3434	1549	250.3434
group_695	552	7431	13.4620	54	18.3557	27	18.3557
mET2~~~metX	1092	62060	56.8315	422	72.5115	211	72.5115
group_698	1194	4982	4.1725	33	5.1859	16	5.0288
group_696	618	41826	67.6796	288	87.4422	144	87.4422
group_699	1845	30191	16.3637	201	20.4417	100	20.3400
group_700	369	1500	4.0650	12	6.1020	6	6.1020
group_701	354	18461	52.1497	136	72.0863	68	72.0863
group_703	225	0	0.0000	0	0.0000	0	0.0000
group_705	868	44750	51.5553	303	65.4998	151	65.2836
group_19278	234	151	0.6453	1	0.8019	0	0.0000
group_707	450	22072	49.0489	151	62.9624	75	62.5454
group_709	1353	186533	137.8662	1252	173.6295	626	173.6295
group_711	210	8851	42.1476	61	54.5039	30	53.6104
group_712	426	1209	2.8380	8	3.5237	4	3.5237
group_713	840	15450	18.3929	104	23.2312	52	23.2312
group_714	579	12741	22.0052	86	27.8700	43	27.8700
group_715	291	1969	6.7663	14	9.0272	7	9.0272
tldD	1446	233824	161.7040	1569	203.5971	784	203.4673
group_719	318	2803	8.8145	19	11.2110	9	10.6209
group_720	1206	112954	93.6600	767	119.3342	383	119.1786
group_721	699	89333	127.8011	616	165.3562	308	165.3562
group_17055	495	859	1.7354	6	2.2744	3	2.2744
group_723	243	1655	6.8107	11	8.4938	5	7.7217
group_726	1080	92253	85.4194	609	105.8060	304	105.6323
group_727	618	66728	107.9741	452	137.2356	226	137.2356
group_17338	1188	381584	321.1987	2530	399.5958	1265	399.5959
group_19279	216	0	0.0000	0	0.0000	0	0.0000
group_729	357	5502	15.4118	37	19.4469	18	18.9213
group_730	999	54211	54.2653	374	70.2462	187	70.2462
cbiG	531	37469	70.5631	242	85.5141	121	85.5141
group_733	522	8042	15.4061	55	19.7701	27	19.4107
group_734	228	1033	4.5307	7	5.7608	3	4.9378
group_735	957	21012	21.9561	144	28.2337	72	28.2337
group_736	1191	207121	173.9051	1391	219.1453	695	218.9878
group_737	1044	32165	30.8094	213	38.2821	106	38.1024
group_738	1248	77694	62.2548	525	78.9335	262	78.7832
group_739	363	16420	45.2342	114	58.9271	57	58.9271
group_5512	246	0	0.0000	0	0.0000	0	0.0000
group_741	225	261	1.1600	2	1.6679	1	1.6679
group_746	801	0	0.0000	0	0.0000	0	0.0000
group_5516	624	0	0.0000	0	0.0000	0	0.0000
group_744	342	14252	41.6725	96	52.6698	48	52.6698
group_745	414	10234	24.7198	77	34.8985	38	34.4453
group_747	468	302	0.6453	2	0.8019	1	0.8019
group_750	189	0	0.0000	0	0.0000	0	0.0000
group_17319	1122	590621	526.4002	4066	679.9726	2033	679.9727
group_752	516	4737	9.1802	35	12.7273	17	12.3636
group_753	378	302	0.7989	2	0.9928	1	0.9928
group_755	1170	48167	41.1684	324	51.9608	162	51.9608
group_754	1167	69164	59.2665	460	73.9612	230	73.9612
group_5545	279	256	0.9176	4	2.6901	2	2.6901
group_757	156	0	0.0000	0	0.0000	0	0.0000
group_759	612	0	0.0000	0	0.0000	0	0.0000
group_761	1989	11670	5.8673	82	7.7356	41	7.7356
group_762	1212	1486	1.2261	12	1.8578	6	1.8578
menH	864	158180	183.0787	1078	234.1110	539	234.1111
group_763	498	6478	13.0080	45	16.9551	22	16.5783
group_764	969	123069	127.0062	821	158.9777	410	158.7841
group_770	894	602	0.6734	4	0.8395	2	0.8395
group_766	1797	55143	30.6861	372	38.8429	186	38.8429
group_767	1509	1337322	886.2306	8992	1118.1085	4496	1118.1086
group_768	222	0	0.0000	0	0.0000	0	0.0000
group_769	315	4294	13.6317	30	17.8701	15	17.8701
group_771	1122	44866	39.9875	304	50.8391	152	50.8391
group_772	747	60033	80.3655	416	104.4936	208	104.4936
lysR	780	41365	53.0321	289	69.5217	144	69.2811
group_773	669	38532	57.5964	239	67.0330	119	66.7525
group_775	429	755	1.7599	5	2.1869	2	1.7495
group_776	1242	9861	7.9396	67	10.1221	33	9.9710
group_777	528	4407	8.3466	30	10.6612	15	10.6612
group_778	195	1335	6.8462	9	8.6601	4	7.6979
group_779	870	47034	54.0621	316	68.1530	158	68.1530
group_780	870	120422	138.4161	826	178.1467	413	178.1467
group_783	279	1570	5.6272	11	7.3978	5	6.7253
group_782	1227	755	0.6153	5	0.7646	2	0.6117
group_784	1110	178075	160.4279	1204	203.5262	602	203.5263
group_785	4476	0	0.0000	0	0.0000	0	0.0000
group_786	1572	29963	19.0604	199	23.7529	99	23.6336
group_787	2748	534	0.1943	6	0.4097	3	0.4097
group_790	399	0	0.0000	0	0.0000	0	0.0000
group_789	444	50093	112.8221	365	154.2506	182	153.8280
group_792	924	14409	15.5942	97	19.6978	48	19.4947
group_793	222	588	2.6486	4	3.3808	2	3.3808
group_794	300	14769	49.2300	100	62.5454	50	62.5454
group_795	189	571	3.0212	6	5.9567	3	5.9567
mazE	396	17335	43.7753	124	58.7548	62	58.7548
group_796	822	17465	21.2470	120	27.3922	60	27.3922
group_797	441	302	0.6848	2	0.8510	1	0.8510
group_798	900	453	0.5033	3	0.6255	1	0.4170
tnpIS630~~~csa3	1071	604	0.5640	4	0.7008	2	0.7008
group_800	1332	221646	166.4009	1496	210.7387	748	210.7387
group_801	1746	42057	24.0876	284	30.5205	142	30.5205
group_802	414	1813	4.3792	12	5.4387	6	5.4387
group_19280	1044	118060	113.0843	804	144.5015	402	144.5015
group_803	834	24812	29.7506	170	38.2472	85	38.2472
group_805	3084	13954	4.5246	93	5.6583	46	5.5975
group_806	1242	101827	81.9863	684	103.3359	342	103.3360
group_813	321	819	2.5514	6	3.5072	3	3.5072
group_808	1119	32740	29.2583	217	36.3870	108	36.2193
group_809	294	1705	5.7993	12	7.6586	6	7.6586
group_810	1098	517880	471.6576	3469	592.8145	1734	592.6437
group_811	360	755	2.0972	5	2.6061	2	2.0848
ispF	480	51989	108.3104	366	143.0727	183	143.0727
pulA	2472	136245	55.1153	908	68.9214	454	68.9214
group_812	1011	96576	95.5252	657	121.9358	328	121.7502
group_815	219	1261	5.7580	10	8.5679	5	8.5679
group_814	864	726	0.8403	6	1.3030	3	1.3030
phd	348	448	1.2874	3	1.6176	1	1.0784
yuzE	240	3689	15.3708	27	21.1091	13	20.3273
group_817	879	54724	62.2571	381	81.3304	190	81.1170
group_818	2133	53615	25.1360	364	32.0204	182	32.0205
group_819	240	0	0.0000	0	0.0000	0	0.0000
group_820	510	366	0.7176	4	1.4717	2	1.4717
group_821	423	4983	11.7801	35	15.5255	17	15.0819
group_822	1335	4530	3.3933	30	4.2165	15	4.2165
group_823	540	1599	2.9611	12	4.1697	6	4.1697
group_824	1281	23978	18.7182	168	24.6080	84	24.6080
group_825	276	960	3.4783	8	5.4387	4	5.4387
group_828	1059	37251	35.1756	254	45.0044	127	45.0044
group_830	777	21098	27.1532	143	34.5328	71	34.2913
group_831	519	22297	42.9615	147	53.1455	73	52.7840
group_833	492	3983	8.0955	28	10.6785	14	10.6785
pckA	1689	285364	168.9544	1922	213.5210	961	213.5210
group_836	222	148	0.6667	1	0.8452	0	0.0000
group_837	375	804	2.1440	7	3.5025	3	3.0022
group_838	351	3210	9.1453	24	12.8298	12	12.8298
group_5755	3201	111196	34.7379	743	43.5532	371	43.4946
group_5757	336	0	0.0000	0	0.0000	0	0.0000
group_842	297	1571	5.2896	12	7.5813	6	7.5813
group_843	237	256	1.0802	2	1.5834	1	1.5834
group_5763	963	0	0.0000	0	0.0000	0	0.0000
group_844	327	3215	9.8318	23	13.1977	11	12.6239
cobB	1377	157115	114.0995	1055	143.7591	527	143.6229
group_852	306	1352	4.4183	9	5.5187	4	4.9055
group_846	390	445	1.1410	3	1.4434	1	0.9622
group_847	246	2879	11.7033	25	19.0687	12	18.3060
group_851	357	1848	5.1765	14	7.3583	7	7.3583
group_849	378	19907	52.6640	133	66.0202	66	65.5238
group_850	1698	73872	43.5053	499	55.1416	249	55.0312
group_855	1023	0	0.0000	0	0.0000	0	0.0000
group_854	540	9114	16.8778	59	20.5010	29	20.1535
group_856	666	3756	5.6396	25	7.0434	12	6.7617
group_858	705	4829	6.8496	33	8.7830	16	8.5168
group_859	606	119452	197.1155	841	260.3996	420	260.0900
group_861	171	0	0.0000	0	0.0000	0	0.0000
group_860	696	57215	82.2055	395	106.4890	197	106.2194
group_862	909	35726	39.3025	240	49.5409	120	49.5409
group_19281	261	9300	35.6322	65	46.7293	32	46.0104
group_867	675	14268	21.1378	99	27.5200	49	27.2420
group_864	330	8088	24.5091	61	34.6843	30	34.1157
group_865	399	32420	81.2531	234	110.0423	117	110.0424
group_866	372	2742	7.3710	17	8.5748	8	8.0704
bamD	2169	395863	182.5095	2651	229.3333	1325	229.2468
group_868	1248	7631	6.1146	52	7.8182	26	7.8182
group_870	417	1389	3.3309	10	4.4997	5	4.4997
group_875	270	859	3.1815	6	4.1697	3	4.1697
group_874	192	257	1.3385	4	3.9091	2	3.9091
group_882	342	1488	4.3509	11	6.0351	5	5.4864
group_878	270	3096	11.4667	21	14.5939	10	13.8990
group_879	348	33715	96.8822	240	129.4043	120	129.4044
group_880	480	40242	83.8375	287	112.1909	143	111.8000
group_881	5244	40750	7.7708	210	7.5140	105	7.5140
group_5851	864	3257	3.7697	22	4.7778	11	4.7778
group_883	630	2810	4.4603	19	5.6589	9	5.3610
group_885	897	50164	55.9242	350	73.2137	175	73.2137
group_886	1278	251442	196.7465	1674	245.7771	837	245.7772
group_888	579	74821	129.2245	505	163.6552	252	163.3311
group_890	267	1376	5.1536	12	8.4331	6	8.4331
yggE	714	121482	170.1429	835	219.4346	417	219.1719
tnpIS5~~~tnpISMae6	1506	604	0.4011	4	0.4984	2	0.4984
group_891	804	62359	77.5609	415	96.8521	207	96.6187
group_892	981	72311	73.7115	494	94.4876	247	94.4876
group_893	831	12575	15.1324	87	19.6442	43	19.4184
group_894	816	11256	13.7941	77	17.7059	38	17.4759
group_895	237	2289	9.6582	16	12.6674	8	12.6674
group_896	4200	62577	14.8993	408	18.2275	204	18.2275
group_897	1398	108425	77.5572	722	96.9052	361	96.9052
group_898	393	6488	16.5089	44	21.0076	22	21.0076
group_899	750	2147	2.8627	14	3.5025	7	3.5025
group_900	657	1504	2.2892	10	2.8560	5	2.8560
group_901	2211	20118	9.0991	134	11.3719	67	11.3719
group_903	2178	48351	22.1997	328	28.2574	164	28.2574
group_904	384	30460	79.3229	210	102.6136	105	102.6136
group_906	1080	3096	2.8667	17	2.9535	8	2.7798
group_907	525	57623	109.7581	409	146.1776	204	145.8202
group_908	2253	43997	19.5282	292	24.3186	146	24.3186
group_909	705	86628	122.8766	520	138.3984	260	138.3984
group_910	141	0	0.0000	0	0.0000	0	0.0000
group_914	246	151	0.6138	1	0.7627	0	0.0000
group_916	1128	75058	66.5408	507	84.3365	253	84.1702
group_912	234	702	3.0000	6	4.8112	3	4.8112
group_913	291	2992	10.2818	20	12.8960	10	12.8960
group_915	204	453	2.2206	3	2.7594	1	1.8396
group_917	213	0	0.0000	0	0.0000	0	0.0000
group_924	849	20138	23.7197	138	30.4992	69	30.4992
group_923	843	12586	14.9300	88	19.5872	44	19.5872
group_919	258	10446	40.4884	76	55.2727	38	55.2727
group_920	297	2996	10.0875	22	13.8990	11	13.8990
group_922	999	40546	40.5866	278	52.2151	139	52.2151
group_925	684	3203	4.6827	22	6.0351	11	6.0351
group_926	954	104338	109.3690	711	139.8422	355	139.6455
group_5957	972	554858	570.8416	3690	712.3230	1845	712.3231
group_928	1071	151331	141.2988	1009	176.7741	504	176.5989
group_929	375	31630	84.3467	233	116.5847	116	116.0843
group_930	309	1662	5.3786	13	7.8941	6	7.2868
group_931	456	61909	135.7654	423	174.0574	211	173.6459
cadD	855	81522	95.3474	547	120.0433	273	119.8239
group_934	534	8413	15.7547	59	20.7314	29	20.3800
group_935	369	30667	83.1084	220	111.8699	110	111.8699
group_936	507	1286	2.5365	9	3.3308	4	2.9607
group_939	276	2912	10.5507	23	15.6364	11	14.9565
tnpIS630~~~tnpISMae22	1044	823	0.7883	6	1.0784	3	1.0784
group_941	219	11075	50.5708	81	69.3997	40	68.5430
ecfT	837	141634	169.2162	979	219.4695	489	219.2453
group_942	1029	3189	3.0991	23	4.1940	11	4.0117
group_946	228	1519	6.6623	12	9.8756	6	9.8756
group_944	336	234	0.6964	2	1.1169	1	1.1169
group_945	486	36068	74.2140	233	89.9573	116	89.5713
group_947	2268	27500	12.1252	183	15.1400	91	15.0572
group_949	210	138	0.6571	2	1.7870	1	1.7870
group_950	657	604	0.9193	4	1.1424	2	1.1424
group_6024	732	8908	12.1694	60	15.3800	30	15.3800
group_952	1050	6037	5.7495	40	7.1480	20	7.1481
group_953	330	5252	15.9152	43	24.4496	21	23.8810
group_19282	627	31175	49.7209	209	62.5454	104	62.2462
group_957	894	3469	3.8803	25	5.2471	12	5.0372
group_956	420	0	0.0000	0	0.0000	0	0.0000
group_958	219	4610	21.0502	36	30.8443	18	30.8443
group_960	1293	0	0.0000	0	0.0000	0	0.0000
group_962	432	32026	74.1343	222	96.4242	111	96.4242
group_964	228	3990	17.5000	28	23.0431	14	23.0431
group_965	846	2365	2.7955	18	3.9923	9	3.9923
group_966	2445	155780	63.7137	1045	80.1963	522	80.1196
group_969	630	55839	88.6333	388	115.5601	194	115.5602
coaE	603	89541	148.4925	619	192.6150	309	192.3039
group_970	813	34812	42.8192	239	55.1600	119	54.9292
ltrA~~~mcrA	1857	15715	8.4626	105	10.6095	52	10.5084
group_971	519	6127	11.8054	44	15.9075	22	15.9075
group_972	363	21250	58.5399	148	76.5019	74	76.5019
group_973	346	8755	25.3035	61	33.0804	30	32.5381
group_974	222	1614	7.2703	11	9.2973	5	8.4521
group_976	885	846477	956.4712	5700	1208.5050	2850	1208.5052
group_19284	399	10064	25.2231	71	33.3889	35	32.9187
group_978	363	302	0.8320	2	1.0338	1	1.0338
group_979	243	13757	56.6132	97	74.9001	48	74.1279
group_980	1059	197680	186.6667	1342	237.7790	671	237.7790
group_981	1296	302	0.2330	2	0.2896	1	0.2896
group_982	873	55668	63.7663	377	81.0297	188	80.8147
group_983	702	106601	151.8533	800	213.8305	400	213.8306
group_984	198	239	1.2071	2	1.8953	1	1.8953
group_985	6996	193752	27.6947	1291	34.6253	645	34.5985
group_992	1164	45778	39.3282	306	49.3271	153	49.3271
group_987	1287	447387	347.6200	2979	434.3190	1489	434.1733
group_990	1362	16064	11.7944	108	14.8786	54	14.8787
group_989	189	0	0.0000	0	0.0000	0	0.0000
ygiQ	1575	98682	62.6552	670	79.8199	335	79.8199
group_991	666	13639	20.4790	92	25.9197	46	25.9197
group_6130	252	453	1.7976	3	2.2338	1	1.4892
group_994	2502	478530	191.2590	3208	240.5824	1604	240.5825
malE	1293	185079	143.1392	1237	179.5098	618	179.3647
group_996	324	10928	33.7284	76	44.0135	38	44.0135
mrp	1065	178343	167.4582	1218	214.5925	609	214.5925
group_998	18681	230978	12.3643	1462	14.6847	731	14.6847
group_999	993	2810	2.8298	19	3.5902	9	3.4013
group_1001	828	82269	99.3587	547	123.9578	273	123.7312
dndD	1998	330441	165.3859	2212	207.7335	1106	207.7335
group_1003	864	133157	154.1169	910	197.6262	455	197.6262
group_1002	426	16565	38.8850	109	48.0102	54	47.5698
group_1004	786	22911	29.1489	154	36.7633	77	36.7634
group_1005	510	107020	209.8431	745	274.0962	372	273.7283
group_1006	732	66549	90.9139	446	114.3249	223	114.3249
group_1010	942	10509	11.1561	73	14.5408	36	14.3416
group_1009	924	5777	6.2522	38	7.7166	19	7.7166
group_1011	489	48417	99.0123	347	133.1489	173	132.7652
group_1012	228	151	0.6623	1	0.8230	0	0.0000
group_1013	363	6211	17.1102	46	23.7776	23	23.7776
mscK	1314	75385	57.3706	505	72.1129	252	71.9701
group_1015	1734	301632	173.9516	2040	220.7486	1020	220.7486
group_1016	1236	3964	3.2071	26	3.9470	13	3.9470
group_1017	438	15755	35.9703	107	45.8381	53	45.4097
group_1018	2133	363281	170.3146	2368	208.3088	1184	208.3089
group_1019	1245	83904	67.3928	567	85.4536	283	85.3029
group_1021	216	2261	10.4676	15	13.0303	7	12.1616
estA	621	102202	164.5765	712	215.1321	356	215.1322
urtE	699	122623	175.4263	849	227.9016	424	227.6332
group_1025	1152	183885	159.6224	1253	204.0871	626	203.9242
group_1026	1278	703	0.5501	6	0.8809	3	0.8809
group_1027	318	1432	4.5031	10	5.9005	5	5.9005
group_1028	1134	1661	1.4647	11	1.8201	5	1.6546
group_1029	1266	58088	45.8831	378	56.0241	189	56.0241
tPR	1710	104372	61.0363	692	75.9324	346	75.9324
ape1	552	101599	184.0562	726	246.7825	363	246.7826
group_1032	945	11821	12.5090	79	15.6860	39	15.4874
group_1033	675	848	1.2563	6	1.6679	3	1.6679
group_6218	960	302	0.3146	2	0.3909	1	0.3909
group_1036	240	0	0.0000	0	0.0000	0	0.0000
group_1038	177	446	2.5198	6	6.3606	3	6.3606
group_1044	240	1784	7.4333	12	9.3818	6	9.3818
group_1040	201	1672	8.3184	14	13.0692	7	13.0692
wbbJ	669	35850	53.5874	306	85.8247	153	85.8247
gcvT	1149	199308	173.4621	1347	219.9705	673	219.8072
rqcH	1731	338926	195.7978	2298	249.0978	1149	249.0978
group_1041	1227	151	0.1231	1	0.1529	0	0.0000
group_1042	3873	76741	19.8144	514	24.9019	257	24.9019
group_1049	342	0	0.0000	0	0.0000	0	0.0000
group_1045	1305	122602	93.9479	826	118.7644	413	118.7645
group_1046	1008	8859	8.7887	63	11.7273	31	11.5411
group_1048	588	4212	7.1633	28	8.9351	14	8.9351
group_19285	573	8708	15.1972	59	19.3203	29	18.9929
group_6265	1347	708	0.5256	4	0.5572	2	0.5572
group_1052	228	0	0.0000	0	0.0000	0	0.0000
yejR	1026	32572	31.7466	221	40.4168	110	40.2339
group_1054	552	48379	87.6431	324	110.1344	162	110.1344
group_1055	942	2490	2.6433	17	3.3862	8	3.1870
group_1056	693	972	1.4026	7	1.8953	3	1.6246
grpE	690	2480	3.5942	17	4.6229	8	4.3510
group_1059	522	16050	30.7471	113	40.6186	56	40.2591
group_1060	375	1065	2.8400	6	3.0022	3	3.0022
group_1061	618	55931	90.5032	379	115.0715	189	114.7679
fhaC	1629	51721	31.7502	350	40.3147	175	40.3147
group_1063	258	6319	24.4922	46	33.4545	23	33.4545
abcC	729	98416	135.0014	679	174.7669	339	174.5095
group_1065	594	31004	52.1953	218	68.8632	109	68.8632
group_1066	252	15955	63.3135	111	82.6493	55	81.9048
group_1067	6486	72334	11.1523	486	14.0597	243	14.0597
group_1068	222	0	0.0000	0	0.0000	0	0.0000
group_1069	1224	404294	330.3056	2703	414.3635	1351	414.2103
ycf4	687	101104	147.1674	684	186.8169	342	186.8170
ppiB	744	121763	163.6599	838	211.3430	419	211.3431
tauE	762	104379	136.9803	719	177.0479	359	176.8017
group_1071	936	143013	152.7917	960	192.4475	480	192.4475
group_1073	993	55248	55.6375	373	70.4817	186	70.2928
group_1076	2175	14396	6.6189	92	7.9368	46	7.9368
group_1077	1041	4759	4.5716	33	5.9481	16	5.7679
group_1078	2817	48555	17.2364	320	21.3147	160	21.3147
group_19287	1293	1706	1.3194	12	1.7414	6	1.7414
group_1081	1146	215437	187.9904	1451	237.5744	725	237.4107
group_1082	432	4772	11.0463	31	13.4646	15	13.0303
group_1083	177	3563	20.1299	27	28.6225	13	27.5624
group_1084	1155	22426	19.4165	149	24.2059	74	24.0434
group_1085	405	31137	76.8815	215	99.6094	107	99.1461
sirB	771	115298	149.5435	783	190.5567	391	190.3134
group_1087	1038	35455	34.1570	238	43.0226	119	43.0226
group_1088	720	259	0.3597	2	0.5212	1	0.5212
group_1090	546	1877	3.4377	13	4.4675	6	4.1239
group_1091	882	13203	14.9694	87	18.5083	43	18.2956
group_1095	231	3593	15.5541	25	20.3070	12	19.4947
group_1096	480	14249	29.6854	103	40.2636	51	39.8727
tnpIS1380~~~tnpISMae9	1260	8897	7.0611	59	8.7861	29	8.6372
group_1100	882	5283	5.9898	39	8.2968	19	8.0841
folK	480	65781	137.0438	453	177.0818	226	176.6909
group_1098	1866	278071	149.0198	1864	187.4352	932	187.4352
fabB	1173	173170	147.6300	1183	189.2359	591	189.0760
group_1099	993	86651	87.2618	587	110.9189	293	110.7300
group_1103	669	2333	3.4873	16	4.4876	8	4.4876
group_1101	1074	9643	8.9786	64	11.1813	32	11.1813
group_1102	1323	94271	71.2555	642	91.0525	321	91.0526
group_1104	699	34775	49.7496	236	63.3507	118	63.3508
group_1105	291	302	1.0378	2	1.2896	1	1.2896
group_1108	1194	0	0.0000	0	0.0000	0	0.0000
group_1109	219	2108	9.6256	15	12.8518	7	11.9950
group_1110	1029	7093	6.8931	46	8.3880	23	8.3880
group_1112	330	5601	16.9727	39	22.1752	19	21.6066
group_19289	248	0	0.0000	0	0.0000	0	0.0000
group_1115	972	11186	11.5082	78	15.0572	39	15.0572
group_1116	183	2107	11.5137	18	18.4560	9	18.4560
group_1117	867	84292	97.2226	560	121.1953	280	121.1953
group_1118	336	3069	9.1339	21	11.7273	10	11.1688
group_1119	1260	190547	151.2278	1277	190.1679	638	190.0190
group_1128	861	7299	8.4774	49	10.6785	24	10.4606
group_1125	258	0	0.0000	0	0.0000	0	0.0000
group_1122	10317	58621	5.6820	380	6.9111	190	6.9111
group_1123	1224	114518	93.5605	778	119.2656	389	119.2656
group_1124	408	1159	2.8407	7	3.2193	3	2.7594
group_1126	1215	32489	26.7399	220	33.9753	110	33.9753
group_1127	567	151	0.2663	1	0.3309	0	0.0000
group_19290	483	1230	2.5466	9	3.4963	4	3.1078
group_1129	1194	0	0.0000	0	0.0000	0	0.0000
group_1130	6015	17715	2.9451	87	2.7139	43	2.6827
group_1131	420	6584	15.6762	48	21.4441	24	21.4442
group_1132	627	2471	3.9410	16	4.7882	8	4.7882
group_1134	1629	70226	43.1099	476	54.8280	238	54.8281
group_1135	240	10246	42.6917	77	60.2000	38	59.4182
group_1136	156	376	2.4103	4	4.8112	2	4.8112
group_1138	822	4326	5.2628	29	6.6198	14	6.3915
group_1140	267	2530	9.4757	21	14.7579	10	14.0552
group_1141	858	604	0.7040	4	0.8748	2	0.8748
group_1142	1086	912262	840.0203	6053	1045.8219	3026	1045.6493
group_1144	2169	590	0.2720	4	0.3460	2	0.3460
group_1145	2721	151	0.0555	1	0.0690	0	0.0000
group_19291	192	888	4.6250	6	5.8636	3	5.8636
group_1147	270	2298	8.5111	17	11.8141	8	11.1192
group_1148	1362	31338	23.0088	211	29.0685	105	28.9307
group_1152	1155	1661	1.4381	11	1.7870	5	1.6246
group_1153	837	475	0.5675	4	0.8967	2	0.8967
group_1155	615	40006	65.0504	273	83.2922	136	82.9871
group_1156	447	0	0.0000	0	0.0000	0	0.0000
pulG	552	21525	38.9946	148	50.3083	74	50.3083
group_1159	189	3816	20.1905	28	27.7980	14	27.7980
group_1160	6825	268639	39.3610	1692	46.5173	846	46.5173
group_1162	315	2053	6.5175	17	10.1264	8	9.5307
group_1164	261	2978	11.4100	22	15.8161	11	15.8161
group_1165	2031	356256	175.4092	2390	220.8029	1195	220.8030
yaeI	852	120698	141.6643	823	181.2496	411	181.0294
dapL	1236	227173	183.7969	1543	234.2418	771	234.0900
group_1169	438	355	0.8105	4	1.7136	2	1.7136
group_1168	789	13342	16.9100	89	21.1656	44	20.9278
group_1178	471	3042	6.4586	20	7.9676	10	7.9676
group_1170	498	4618	9.2731	31	11.6802	15	11.3034
group_1172	198	151	0.7626	1	0.9477	0	0.0000
group_1173	843	47493	56.3381	334	74.3423	167	74.3423
group_1174	708	14657	20.7020	102	27.0323	51	27.0324
group_1175	480	27239	56.7479	191	74.6636	95	74.2727
group_6538	855	4392	5.1368	30	6.5837	15	6.5837
group_1177	3339	85512	25.6101	562	31.5818	281	31.5818
group_1179	144	180	1.2500	3	3.9091	1	2.6061
group_1180	1995	203936	102.2236	1375	129.3233	687	129.2292
group_1183	381	12311	32.3123	71	34.9663	35	34.4739
group_1182	1659	477967	288.1055	3209	362.9445	1604	362.8314
group_1188	651	79722	122.4608	527	151.8961	263	151.6079
group_1184	390	604	1.5487	4	1.9245	2	1.9245
group_1185	14097	39418	2.7962	252	3.3542	126	3.3542
group_1187	423	0	0.0000	0	0.0000	0	0.0000
group_1193	507	21897	43.1893	158	58.4744	79	58.4744
group_1189	1248	83213	66.6771	563	84.6468	281	84.4965
group_1196	243	0	0.0000	0	0.0000	0	0.0000
group_6569	1215	184593	151.9284	1232	190.2617	616	190.2617
group_1192	231	722	3.1255	6	4.8737	3	4.8737
hutI	1266	34955	27.6106	237	35.1262	118	34.9780
group_1199	561	20563	36.6542	140	46.8255	70	46.8255
group_1194	186	1797	9.6613	13	13.1144	6	12.1056
group_1195	288	1346	4.6736	10	6.5151	5	6.5152
group_1197	180	0	0.0000	0	0.0000	0	0.0000
spy	2682	506944	189.0172	3392	237.3089	1696	237.3089
group_1198	204	242	1.1863	2	1.8396	1	1.8396
group_1203	648	30067	46.3997	211	61.0976	105	60.8081
group_1201	2577	0	0.0000	0	0.0000	0	0.0000
tnpIS701	1269	595	0.4689	5	0.7393	2	0.5914
group_1202	501	11599	23.1517	81	30.3364	40	29.9619
group_17129	426	404	0.9484	3	1.3214	1	0.8809
group_1204	750	604	0.8053	4	1.0007	2	1.0007
group_1205	1512	10962	7.2500	76	9.4315	38	9.4315
group_1206	1065	11653	10.9418	78	13.7424	39	13.7424
group_1209	1224	127664	104.3007	861	131.9893	430	131.8360
group_1208	771	108176	140.3061	736	179.1184	368	179.1185
group_1211	627	32369	51.6252	221	66.1366	110	65.8373
yccC	2304	422626	183.4314	2838	231.1249	1419	231.1250
group_1214	579	2380	4.1105	16	5.1851	8	5.1851
group_1215	1338	5080	3.7967	35	4.9083	17	4.7680
group_1216	1731	67388	38.9301	455	49.3209	227	49.2125
group_1217	312	9808	31.4359	71	42.6993	35	42.0979
group_1218	141	394	2.7943	4	5.3230	2	5.3230
group_1219	936	9144	9.7692	64	12.8298	32	12.8298
group_1220	717	5369	7.4881	38	9.9445	19	9.9445
group_1221	1197	1050	0.8772	7	1.0973	3	0.9405
group_1222	465	2839	6.1054	20	8.0704	10	8.0704
group_16071	4746	604	0.1273	4	0.1581	2	0.1581
group_1225	882	120724	136.8753	807	171.6808	403	171.4681
group_1227	1230	64285	52.2642	453	69.1051	226	68.9525
group_19292	447	2738	6.1253	18	7.5558	9	7.5558
group_1229	1203	7054	5.8637	47	7.3308	23	7.1748
group_1230	768	56189	73.1628	371	90.6420	185	90.3977
group_1231	201	0	0.0000	0	0.0000	0	0.0000
group_1233	1194	0	0.0000	0	0.0000	0	0.0000
group_1234	420	30730	73.1667	216	96.4987	108	96.4987
group_1235	1017	285	0.2802	2	0.3690	1	0.3690
group_1236	381	388	1.0184	3	1.4775	1	0.9850
group_1237	783	51302	65.5198	339	81.2372	169	80.9976
group_19293	120	0	0.0000	0	0.0000	0	0.0000
group_1238	240	14041	58.5042	98	76.6182	49	76.6182
group_1239	978	13446	13.7485	93	17.8427	46	17.6509
group_1240	1449	151	0.1042	1	0.1295	0	0.0000
group_1241	5523	4987	0.9030	33	1.1211	16	1.0872
group_1242	858	755	0.8800	5	1.0935	2	0.8748
group_1244	219	1432	6.5388	11	9.4247	5	8.5679
group_1245	903	2535	2.8073	16	3.3247	8	3.3247
group_1246	1269	6772	5.3365	47	6.9495	23	6.8016
group_19294	333	874	2.6246	6	3.3808	3	3.3808
group_1248	321	1933	6.0218	13	7.5990	6	7.0144
group_1249	9600	9673	1.0076	66	1.2900	33	1.2900
group_1250	444	39282	88.4730	280	118.3292	140	118.3292
group_6706	1014	4105	4.0483	29	5.3663	14	5.1813
group_1252	2763	287895	104.1965	1912	129.8446	956	129.8446
group_1253	966	53893	55.7899	369	71.6747	184	71.4805
group_1254	1350	208226	154.2415	1395	193.8909	697	193.7519
group_1255	882	13693	15.5249	92	19.5720	46	19.5720
group_1257	306	4657	15.2190	32	19.6221	16	19.6221
group_1258	1005	44751	44.5284	301	56.1975	150	56.0108
group_1259	1044	70640	67.6628	477	85.7304	238	85.5507
group_19295	495	3317	6.7010	22	8.3394	11	8.3394
group_1261	1257	223317	177.6587	1495	223.1633	747	223.0141
group_1263	1410	135972	96.4340	906	120.5663	453	120.5663
group_6734	1368	30609	22.3750	212	29.0781	106	29.0781
group_1266	684	77315	113.0336	539	147.8596	269	147.5853
group_1267	1230	145611	118.3829	977	149.0412	488	148.8887
group_1268	1365	15653	11.4674	104	14.2961	52	14.2961
group_1269	1821	62448	34.2932	419	43.1739	209	43.0708
group_1271	957	17126	17.8955	114	22.3517	57	22.3517
group_1274	672	9247	13.7604	65	18.1493	32	17.8701
parE	300	1166	3.8867	10	6.2545	5	6.2545
group_1275	2814	198168	70.4222	1332	88.8172	666	88.8172
group_1277	576	25374	44.0521	173	56.3560	86	56.0303
group_1282	372	0	0.0000	0	0.0000	0	0.0000
group_1279	702	3675	5.2350	26	6.9495	13	6.9495
group_1281	5124	68171	13.3043	364	13.3294	182	13.3294
group_14930	3195	23961	7.4995	159	9.3378	79	9.2790
group_1283	279	5370	19.2473	38	25.5562	19	25.5562
group_19296	228	604	2.6491	4	3.2919	2	3.2919
group_19297	1269	2257	1.7786	15	2.2179	7	2.0701
group_1285	273	508	1.8608	4	2.7492	2	2.7493
group_1286	288	2134	7.4097	16	10.4242	8	10.4242
group_19298	225	1564	6.9511	12	10.0073	6	10.0073
higA	435	11420	26.2529	79	34.0765	39	33.6451
group_1288	954	67920	71.1950	459	90.2778	229	90.0812
group_1289	807	2007	2.4870	14	3.2552	7	3.2552
group_1291	1746	151	0.0865	1	0.1075	0	0.0000
group_1292	222	0	0.0000	0	0.0000	0	0.0000
group_1293	282	1421	5.0390	10	6.6538	5	6.6538
group_1294	984	30749	31.2490	148	28.2217	74	28.2217
group_1296	714	0	0.0000	0	0.0000	0	0.0000
group_1297	231	604	2.6147	4	3.2491	2	3.2491
group_19299	1122	2716	2.4207	18	3.0102	9	3.0102
phoH	219	2732	12.4749	19	16.2789	9	15.4222
group_1302	1209	67722	56.0149	461	71.5470	230	71.3918
pta	2343	364036	155.3717	2432	194.7638	1216	194.7638
group_1306	1320	17028	12.9000	116	16.4893	58	16.4893
group_1304	192	484	2.5208	4	3.9091	2	3.9091
group_1305	306	4721	15.4281	32	19.6221	16	19.6221
group_15065	243	5725	23.5597	48	37.0640	24	37.0640
phnP	930	108391	116.5495	732	147.6879	366	147.6880
group_1307	1368	243456	177.9649	1633	223.9840	816	223.8469
group_1308	303	2399	7.9175	16	9.9082	8	9.9082
group_1309	1269	1057	0.8329	7	1.0350	3	0.8872
group_1311	366	6219	16.9918	42	21.5320	21	21.5320
group_1312	777	75039	96.5753	490	118.3292	245	118.3292
clcA	1347	154670	114.8255	1038	144.5928	519	144.5928
group_1313	228	875	3.8377	8	6.5837	4	6.5837
group_1315	192	0	0.0000	0	0.0000	0	0.0000
group_1316	1071	72669	67.8515	481	84.2699	240	84.0947
group_1317	1671	5369	3.2130	35	3.9301	17	3.8179
group_1318	783	1949	2.4891	13	3.1153	6	2.8757
group_1324	201	657	3.2687	5	4.6676	2	3.7341
group_1319	237	600	2.5316	4	3.1669	2	3.1669
group_1320	5466	9176	1.6787	64	2.1970	32	2.1970
group_1321	153	148	0.9673	1	1.2264	0	0.0000
group_1322	1446	15856	10.9654	105	13.6250	52	13.4953
group_19300	2274	26667	11.7269	161	13.2847	80	13.2022
group_1325	285	2625	9.2105	20	13.1675	10	13.1675
group_1326	105	0	0.0000	0	0.0000	0	0.0000
group_19301	192	8265	43.0469	56	54.7273	28	54.7273
group_1328	225	522	2.3200	4	3.3358	2	3.3358
group_1329	231	3353	14.5152	26	21.1192	13	21.1192
group_1330	198	483	2.4394	4	3.7906	2	3.7906
group_1331	1212	9675	7.9827	65	10.0630	32	9.9082
group_1332	204	0	0.0000	0	0.0000	0	0.0000
group_1333	1095	8375	7.6484	57	9.7674	28	9.5960
group_1334	807	1057	1.3098	7	1.6276	3	1.3951
group_1336	324	3652	11.2716	28	16.2155	14	16.2155
group_1337	258	3309	12.8256	23	16.7273	11	16.0000
group_1338	214	271	1.2664	2	1.7536	1	1.7536
c2c8	1875	5226	2.7872	35	3.5025	17	3.4025
group_1339	546	8939	16.3718	64	21.9940	32	21.9940
group_1340	447	2847	6.3691	21	8.8151	10	8.3954
group_1344	240	0	0.0000	0	0.0000	0	0.0000
group_1343	4854	23868	4.9172	160	6.1850	80	6.1850
group_1347	435	22493	51.7080	159	68.5843	79	68.1530
group_6921	678	302	0.4454	2	0.5535	1	0.5535
group_1345	7692	68481	8.9029	451	11.0016	225	10.9772
group_1350	2610	86246	33.0444	586	42.1283	293	42.1283
group_1351	621	13853	22.3076	98	29.6109	49	29.6109
group_1352	222	2255	10.1577	18	15.2138	9	15.2138
group_1353	2160	42289	19.5782	285	24.7576	142	24.6707
group_1354	663	9536	14.3831	68	19.2447	34	19.2448
group_1355	813	3109	3.8241	22	5.0775	11	5.0775
group_1358	549	2435	4.4353	17	5.8102	8	5.4685
group_1363	456	821	1.8004	6	2.4689	3	2.4689
group_1360	237	3372	14.2278	25	19.7929	12	19.0011
group_1361	1257	62629	49.8242	417	62.2469	208	62.0976
group_1362	1089	31645	29.0588	214	36.8725	107	36.8725
group_1364	306	1716	5.6078	14	8.5847	7	8.5847
group_1366	1224	199236	162.7745	1329	203.7326	664	203.5793
group_1367	1188	83021	69.8830	568	89.7116	284	89.7116
tACO1	771	15644	20.2905	106	25.7970	53	25.7970
group_1369	423	10611	25.0851	78	34.5996	39	34.5996
queE	639	29019	45.4131	201	59.0217	100	58.7281
rtcB	1206	219562	182.0580	1480	230.2668	740	230.2668
dnaB	1368	122507	89.5519	830	113.8437	415	113.8437
group_1373	594	18099	30.4697	120	37.9063	60	37.9063
group_1374	519	0	0.0000	0	0.0000	0	0.0000
group_1376	300	2557	8.5233	19	11.8836	9	11.2582
group_1379	768	916192	1192.9583	6093	1488.6302	3046	1488.3862
group_1385	1461	0	0.0000	0	0.0000	0	0.0000
group_1383	906	3930	4.3377	27	5.5918	13	5.3847
group_1381	1089	604	0.5546	4	0.6892	2	0.6892
group_1382	1230	3603	2.9293	29	4.4239	14	4.2714
group_16341	903	4267	4.7254	30	6.2338	15	6.2338
group_1384	525	32010	60.9714	223	79.7008	111	79.3434
group_19302	621	23227	37.4026	156	47.1357	78	47.1357
group_1386	348	15599	44.8247	109	58.7711	54	58.2320
group_19303	390	6187	15.8641	48	23.0937	24	23.0937
group_1389	1023	151108	147.7107	1021	187.2695	510	187.0861
group_1390	1380	916	0.6638	6	0.8158	3	0.8158
group_1394	312	451	1.4455	3	1.8042	1	1.2028
group_1395	393	3692	9.3944	24	11.4587	12	11.4587
group_1399	906	297	0.3278	2	0.4142	1	0.4142
hEAT	996	126845	127.3544	955	179.9123	477	179.7240
group_1397	366	2621	7.1612	18	9.2280	9	9.2280
group_1398	3771	34022	9.0220	229	11.3945	114	11.3448
group_19304	735	7762	10.5605	54	13.7855	27	13.7855
group_1401	1590	138843	87.3226	937	110.5756	468	110.4576
group_1402	600	2238	3.7300	15	4.6909	7	4.3782
group_1403	1062	67688	63.7363	463	81.8038	231	81.6271
group_1404	810	9968	12.3062	67	15.5205	33	15.2889
group_1405	573	0	0.0000	0	0.0000	0	0.0000
group_1407	561	0	0.0000	0	0.0000	0	0.0000
group_1408	1125	95587	84.9662	639	106.5774	319	106.4107
group_1410	324	24833	76.6451	178	103.0841	89	103.0842
group_1411	858	8361	9.7448	57	12.4653	28	12.2467
group_14729	6039	368422	61.0071	2074	64.4408	1037	64.4408
group_1412	342	114510	334.8246	773	424.1019	386	423.5534
group_1413	1407	30181	21.4506	204	27.2053	102	27.2053
group_1414	318	10443	32.8396	71	41.8936	35	41.3036
group_1416	1059	43883	41.4381	298	52.8004	149	52.8004
group_19306	561	29079	51.8342	194	64.8867	97	64.8867
group_1417	834	99338	119.1103	683	153.6638	341	153.4388
group_1418	846	12475	14.7459	77	17.0780	38	16.8562
group_1419	258	0	0.0000	0	0.0000	0	0.0000
cas1	1977	165829	83.8791	1118	106.1089	559	106.1090
group_1423	963	4262	4.4258	30	5.8454	15	5.8454
group_1422	5769	44810	7.7674	214	6.9603	107	6.9603
group_1424	1509	5412	3.5865	38	4.7251	19	4.7251
hisJ	1512	270617	178.9795	1822	226.1067	911	226.1068
group_1425	300	2123	7.0767	16	10.0073	8	10.0073
csa3	474	4714	9.9451	36	14.2509	18	14.2509
group_1427	1335	3775	2.8277	25	3.5138	12	3.3732
group_1429	1047	120761	115.3400	795	142.4746	397	142.2954
group_1430	657	39313	59.8371	270	77.1108	135	77.1108
group_1432	447	25479	57.0000	180	75.5582	90	75.5583
group_1431	867	151	0.1742	1	0.2164	0	0.0000
tnpISMae24	999	1027	1.0280	7	1.3148	3	1.1269
group_19308	1023	9118	8.9130	61	11.1885	30	11.0051
group_1436	381	0	0.0000	0	0.0000	0	0.0000
group_1435	474	34235	72.2257	237	93.8182	118	93.4223
group_1437	3750	14053	3.7475	95	4.7535	47	4.7034
group_1444	294	3781	12.8605	26	16.5937	13	16.5937
group_1438	351	8476	24.1481	61	32.6092	30	32.0746
group_1439	924	77495	83.8690	529	107.4238	264	107.2208
group_1440	411	32910	80.0730	223	101.8075	111	101.3510
group_1441	192	582	3.0313	5	4.8864	2	3.9091
group_1442	1113	3926	3.5274	26	4.3832	13	4.3832
group_1447	420	33312	79.3143	239	106.7740	119	106.3273
group_1449	192	0	0.0000	0	0.0000	0	0.0000
group_1450	870	27864	32.0276	184	39.6840	92	39.6840
group_1451	1209	81749	67.6170	557	86.4462	278	86.2910
group_1452	843	59560	70.6524	399	88.8101	199	88.5875
group_1453	861	6626	7.6957	47	10.2426	23	10.0247
group_1456	570	10901	19.1246	76	25.0182	38	25.0182
group_1457	2025	253561	125.2153	1694	156.9659	847	156.9659
group_1458	1011	33166	32.8051	228	42.3156	114	42.3156
group_1462	378	2270	6.0053	15	7.4459	7	6.9495
group_1460	528	1652	3.1288	11	3.9091	5	3.5537
group_7200	1692	22400	13.2388	151	16.7453	75	16.6344
group_19310	408	0	0.0000	0	0.0000	0	0.0000
group_1465	225	2227	9.8978	18	15.0109	9	15.0109
group_1475	1218	302	0.2479	2	0.3081	1	0.3081
group_1467	447	0	0.0000	0	0.0000	0	0.0000
group_1474	258	1234	4.7829	10	7.2727	5	7.2727
group_1469	918	155024	168.8715	1059	216.4563	529	216.2519
group_1470	780	93808	120.2667	637	153.2363	318	152.9958
group_7217	558	0	0.0000	0	0.0000	0	0.0000
group_1473	948	41169	43.4272	271	53.6386	135	53.4407
group_1476	279	6237	22.3548	47	31.6090	23	30.9365
group_1480	2721	16457	6.0481	109	7.5165	54	7.4475
group_1478	294	7232	24.5986	52	33.1874	26	33.1874
group_1479	333	520	1.5616	3	1.6904	1	1.1269
group_19311	408	751	1.8407	5	2.2995	2	1.8396
group_1482	846	453	0.5355	3	0.6654	1	0.4436
group_1484	1143	11872	10.3867	79	12.9687	39	12.8046
nlpD	1854	308190	166.2298	2054	207.8775	1027	207.8776
group_19312	1359	17974	13.2259	122	16.8445	61	16.8445
group_1486	588	5830	9.9150	42	13.4026	21	13.4026
group_1487	294	4562	15.5170	33	21.0612	16	20.4230
group_1489	1197	72813	60.8296	493	77.2805	246	77.1237
group_1491	147	151	1.0272	2	2.5529	1	2.5529
group_17466	342	18041	52.7515	124	68.0319	62	68.0319
group_1493	210	515	2.4524	3	2.6805	1	1.7870
group_1495	2502	32796	13.1079	220	16.4988	110	16.4988
group_19314	846	10134	11.9787	67	14.8601	33	14.6383
group_1496	366	4032	11.0164	28	14.3547	14	14.3547
group_19315	990	1055	1.0657	7	1.3267	3	1.1372
group_19316	195	145	0.7436	1	0.9622	0	0.0000
group_1498	1074	6640	6.1825	45	7.8619	22	7.6871
group_1499	582	1261	2.1667	9	2.9016	4	2.5792
group_19317	1746	180576	103.4227	1204	129.3895	602	129.3895
group_1500	612	62609	102.3023	439	134.5953	219	134.2888
group_1501	822	18122	22.0462	123	28.0770	61	27.8487
group_1502	765	0	0.0000	0	0.0000	0	0.0000
group_16600	843	75971	90.1198	515	114.6295	257	114.4070
group_1504	879	13176	14.9898	90	19.2119	45	19.2119
group_1505	612	12676	20.7124	88	26.9804	44	26.9804
group_1506	3579	453	0.1266	3	0.1573	1	0.1049
group_1507	183	0	0.0000	0	0.0000	0	0.0000
group_19318	222	0	0.0000	0	0.0000	0	0.0000
group_1508	2178	1204	0.5528	8	0.6892	4	0.6892
group_15000	2328	13653	5.8647	91	7.3346	45	7.2540
pGRP	2667	70070	26.2730	474	33.3482	237	33.3482
group_1510	333	10340	31.0511	75	42.2604	37	41.6970
group_1511	324	3242	10.0062	22	12.7407	11	12.7407
group_1512	1356	1359	1.0022	9	1.2454	4	1.1070
group_1513	261	1592	6.0996	12	8.6270	6	8.6270
group_1516	648	985	1.5201	7	2.0269	3	1.7374
group_1518	1065	604	0.5671	4	0.7047	2	0.7047
group_7352	1227	1740	1.4181	12	1.8351	6	1.8351
group_7354	660	1093	1.6561	9	2.5587	4	2.2744
group_1520	1083	384789	355.2992	2565	444.4018	1282	444.2286
group_1521	1155	1332473	1153.6563	8976	1458.2022	4488	1458.2024
group_1526	684	16562	24.2135	113	30.9984	56	30.7241
group_1528	342	1196	3.4971	8	4.3892	4	4.3892
group_1525	471	19374	41.1338	132	52.5860	66	52.5860
group_1527	918	5026	5.4749	34	6.9495	17	6.9495
group_1530	1095	6635	6.0594	45	7.7111	22	7.5397
group_1529	210	544	2.5905	4	3.5740	2	3.5740
group_1534	243	1595	6.5638	11	8.4938	5	7.7217
group_1531	1902	159366	83.7886	1083	106.8402	541	106.7416
group_19063	570	8829	15.4895	59	19.4220	29	19.0928
group_1538	1032	18137	17.5746	125	22.7273	62	22.5455
group_1537	1194	2056	1.7219	14	2.2001	7	2.2001
group_1539	1113	81774	73.4717	551	92.8909	275	92.7224
group_1541	990	4715	4.7626	33	6.2545	16	6.0650
group_1542	11169	72608	6.5009	180	3.0240	90	3.0240
group_1543	1218	77880	63.9409	517	79.6453	258	79.4913
group_1544	327	26942	82.3914	189	108.4503	94	107.8765
group_1548	408	5525	13.5417	39	17.9358	19	17.4759
group_1546	1080	1632	1.5111	8	1.3899	4	1.3899
group_1547	390	716	1.8359	4	1.9245	2	1.9245
group_1553	1005	0	0.0000	0	0.0000	0	0.0000
group_1549	1509	2105890	1395.5533	14205	1766.3179	7102	1766.1939
group_1550	189	0	0.0000	0	0.0000	0	0.0000
group_1551	273	6018	22.0440	43	29.5544	21	28.8671
group_7418	1536	6643	4.3249	46	5.6193	23	5.6193
group_19313	675	8153	12.0785	56	15.5669	28	15.5669
group_1554	1341	2947	2.1976	20	2.7985	10	2.7985
group_1555	228	2211	9.6974	16	13.1675	8	13.1675
phrB	1554	6570	4.2278	44	5.3127	22	5.3127
group_1559	534	3811	7.1367	26	9.1359	13	9.1359
group_1558	513	7633	14.8791	57	20.8485	28	20.4827
group_1562	1020	1798	1.7627	12	2.2075	6	2.2075
group_1560	2304	50231	21.8016	338	27.5265	169	27.5265
group_1561	288	13845	48.0729	98	63.8485	49	63.8485
group_1563	675	0	0.0000	0	0.0000	0	0.0000
group_1564	240	2553	10.6375	19	14.8545	9	14.0727
group_1566	534	6067	11.3614	40	14.0552	20	14.0552
group_1567	732	0	0.0000	0	0.0000	0	0.0000
group_1568	1494	1179	0.7892	8	1.0047	4	1.0047
group_1569	189	4732	25.0370	32	31.7691	16	31.7691
group_1570	1335	604	0.4524	4	0.5622	2	0.5622
group_1573	3606	19326	5.3594	116	6.0360	58	6.0360
group_1574	150	619	4.1267	7	8.7564	3	7.5055
group_1576	678	0	0.0000	0	0.0000	0	0.0000
yddW	1023	74414	72.7410	500	91.7088	250	91.7089
group_1579	228	4073	17.8640	33	27.1579	16	26.3349
group_1580	516	0	0.0000	0	0.0000	0	0.0000
group_1582	351	0	0.0000	0	0.0000	0	0.0000
group_1583	888	2696	3.0360	18	3.8034	9	3.8034
group_1584	564	26099	46.2748	177	58.8859	88	58.5532
group_1586	990	453	0.4576	3	0.5686	1	0.3791
iolE	1164	2114	1.8162	14	2.2568	7	2.2568
group_1587	861	47804	55.5215	318	69.3012	159	69.3012
group_1588	1017	0	0.0000	0	0.0000	0	0.0000
group_1591	3375	225787	66.8999	1509	83.8943	754	83.8387
group_1590	210	0	0.0000	0	0.0000	0	0.0000
group_1596	195	453	2.3231	3	2.8867	1	1.9245
group_1592	1635	4147	2.5364	31	3.5576	15	3.4429
group_1597	9972	7484	0.7505	2	0.0376	1	0.0376
group_1594	1095	118842	108.5315	816	139.8276	408	139.8276
group_1595	201	635	3.1592	5	4.6676	2	3.7341
group_19319	324	5353	16.5216	41	23.7441	20	23.1650
group_18494	180	491	2.7278	4	4.1697	2	4.1697
group_1599	2604	46782	17.9654	315	22.6979	157	22.6259
group_1600	492	7870	15.9959	56	21.3570	28	21.3570
group_7559	129	0	0.0000	0	0.0000	0	0.0000
group_1603	600	23967	39.9450	162	50.6618	81	50.6618
group_1606	1194	8221	6.8853	55	8.6432	27	8.4861
group_1605	489	0	0.0000	0	0.0000	0	0.0000
vapC	453	61343	135.4150	439	181.8374	219	181.4232
group_1610	651	12089	18.5699	88	25.3640	44	25.3641
group_1607	1206	91095	75.5348	610	94.9073	305	94.9073
group_1608	819	3978	4.8571	22	5.0403	11	5.0403
group_1609	1311	55321	42.1976	367	52.5267	183	52.3836
group_1611	1053	121460	115.3466	825	147.0085	412	146.8303
group_1613	312	10466	33.5449	72	43.3007	36	43.3007
group_1614	243	0	0.0000	0	0.0000	0	0.0000
group_1623	371	519	1.3989	4	2.0230	2	2.0230
group_1616	354	10867	30.6977	74	39.2234	37	39.2234
group_1617	261	0	0.0000	0	0.0000	0	0.0000
group_1619	189	888	4.6984	8	7.9423	4	7.9423
group_1620	858	701	0.8170	5	1.0935	2	0.8748
group_1624	591	0	0.0000	0	0.0000	0	0.0000
group_1621	1125	1681	1.4942	12	2.0015	6	2.0015
group_1622	318	13249	41.6635	97	57.2350	48	56.6449
group_1626	612	7552	12.3399	52	15.9430	26	15.9430
group_1627	219	0	0.0000	0	0.0000	0	0.0000
group_1628	1401	43788	31.2548	292	39.1076	146	39.1076
group_1629	651	1910	2.9339	14	4.0352	7	4.0352
group_1631	1572	13693	8.7106	92	10.9813	46	10.9813
group_1633	288	20032	69.5556	147	95.7727	73	95.1212
group_1634	1185	26914	22.7122	184	29.1351	92	29.1351
group_1637	372	5229	14.0565	36	18.1584	18	18.1584
group_1639	261	0	0.0000	0	0.0000	0	0.0000
group_1638	1095	4662	4.2575	34	5.8262	17	5.8262
group_1640	273	12600	46.1538	93	63.9201	46	63.2328
group_1641	1158	2143	1.8506	15	2.4305	7	2.2685
group_1642	1293	1808	1.3983	12	1.7414	6	1.7414
group_1643	4119	68192	16.5555	444	20.2259	222	20.2259
group_1644	597	31355	52.5209	214	67.2599	107	67.2599
group_1647	1083	1534	1.4164	10	1.7326	5	1.7326
group_1646	612	70764	115.6275	487	149.3119	243	149.0053
group_19320	252	553	2.1944	5	3.7229	2	2.9784
group_1648	276	34551	125.1848	244	165.8814	122	165.8814
group_1649	309	755	2.4434	5	3.0362	2	2.4289
group_1650	2292	185270	80.8333	1240	101.5135	620	101.5136
group_1651	438	36105	82.4315	244	104.5280	122	104.5280
gcd14	1722	17385	10.0958	117	12.7488	58	12.6398
group_7682	552	2034	3.6848	14	4.7589	7	4.7589
group_1653	234	1954	8.3504	13	10.4242	6	9.6224
group_1654	16287	43328	2.6603	252	2.9032	126	2.9032
group_1657	243	0	0.0000	0	0.0000	0	0.0000
group_1662	906	122362	135.0574	825	170.8609	412	170.6538
group_1658	1227	202671	165.1760	1376	210.4218	688	210.4218
group_16703	282	0	0.0000	0	0.0000	0	0.0000
group_1659	558	17729	31.7724	124	41.6970	62	41.6970
group_1660	210	151	0.7190	1	0.8935	0	0.0000
group_1666	732	151	0.2063	1	0.2563	0	0.0000
group_7704	2547	238485	93.6337	1596	117.5766	798	117.5766
group_1663	291	0	0.0000	0	0.0000	0	0.0000
group_1664	1968	1128	0.5732	8	0.7627	4	0.7627
group_1671	807	0	0.0000	0	0.0000	0	0.0000
group_7715	342	476	1.3918	4	2.1946	2	2.1946
group_7717	1281	9081	7.0890	63	9.2280	31	9.0815
group_1668	321	2802	8.7290	19	11.1062	9	10.5217
cpcT3	705	45079	63.9418	300	79.8452	150	79.8452
group_1676	342	8401	24.5643	63	34.5646	31	34.0159
group_1670	858	0	0.0000	0	0.0000	0	0.0000
group_1678	3525	6476	1.8372	43	2.2889	21	2.2357
group_1674	489	78919	161.3885	522	200.2989	261	200.2989
group_1675	186	150	0.8065	1	1.0088	0	0.0000
group_1677	699	76552	109.5165	542	145.4920	271	145.4920
group_1680	720	8839	12.2764	66	17.2000	33	17.2000
tnpIS30	1197	305687	255.3776	2049	321.1920	1024	321.0353
group_1679	3306	3624	1.0962	24	1.3622	12	1.3622
group_1682	1926	20295	10.5374	139	13.5418	69	13.4443
group_1683	204	511	2.5049	4	3.6791	2	3.6791
group_7758	150	0	0.0000	0	0.0000	0	0.0000
group_1688	372	0	0.0000	0	0.0000	0	0.0000
group_1686	1245	58174	46.7261	392	59.0791	196	59.0791
group_1691	1173	22243	18.9625	152	24.3143	76	24.3143
group_1689	10611	28529	2.6886	240	4.2440	120	4.2440
group_1690	1008	19409	19.2550	131	24.3853	65	24.1991
group_1692	5679	14076	2.4786	103	3.4032	51	3.3701
group_1694	1236	7823	6.3293	53	8.0459	26	7.8941
group_1695	4749	4660	0.9813	31	1.2248	15	1.1853
group_7785	327	1605	4.9083	11	6.3119	5	5.7381
group_1697	786	0	0.0000	0	0.0000	0	0.0000
group_1705	210	0	0.0000	0	0.0000	0	0.0000
group_1699	927	27740	29.9245	195	39.4704	97	39.2680
group_7797	825	906	1.0982	6	1.3646	3	1.3646
group_1706	360	17476	48.5444	117	60.9818	58	60.4606
group_1708	3777	25579	6.7723	171	8.4951	85	8.4454
group_1710	570	604	1.0596	4	1.3167	2	1.3167
group_19321	540	43621	80.7796	295	102.5050	147	102.1576
group_1707	243	557	2.2922	4	3.0887	2	3.0887
group_7813	879	3458	3.9340	24	5.1232	12	5.1232
group_1712	2871	75177	26.1850	506	33.0700	253	33.0700
group_1713	1335	94927	71.1064	641	90.0935	320	89.9530
group_1715	384	1775	4.6224	12	5.8636	6	5.8636
group_1716	208	5150	24.7596	39	35.1818	19	34.2797
group_1717	1215	503600	414.4856	3363	519.3588	1681	519.2044
group_1718	1746	0	0.0000	0	0.0000	0	0.0000
group_1719	1341	1297	0.9672	9	1.2593	4	1.1194
group_1721	1752	36920	21.0731	247	26.4533	123	26.3462
group_1727	405	158	0.3901	2	0.9266	1	0.9266
group_1724	897	2240	2.4972	28	5.8571	14	5.8571
group_1725	1227	41829	34.0905	281	42.9713	140	42.8184
group_16145	609	14579	23.9392	98	30.1943	49	30.1944
group_1728	390	680	1.7436	5	2.4056	2	1.9245
group_19322	936	8556	9.1410	58	11.6270	29	11.6270
group_1729	627	9810	15.6459	67	20.0505	33	19.7512
group_1730	783	27093	34.6015	183	43.8537	91	43.6141
group_1732	1209	4202	3.4756	29	4.5008	14	4.3456
group_1736	948	13581	14.3259	91	18.0115	45	17.8136
group_1733	1197	250675	209.4194	1664	260.8411	832	260.8412
group_1734	210	396	1.8857	3	2.6805	1	1.7870
group_1735	681	0	0.0000	0	0.0000	0	0.0000
group_1737	405	12035	29.7160	85	39.3805	42	38.9172
group_1738	1728	30548	17.6782	207	22.4773	103	22.3687
group_1740	1083	1865	1.7221	13	2.2523	6	2.0791
group_1739	624	1899	3.0433	13	3.9091	6	3.6084
group_1741	990	14642	14.7899	94	17.8160	47	17.8160
group_19323	180	604	3.3556	4	4.1697	2	4.1697
group_1743	231	0	0.0000	0	0.0000	0	0.0000
group_1746	333	1216	3.6517	9	5.0713	4	4.5078
group_17423	813	1208	1.4859	8	1.8464	4	1.8464
group_1748	1260	97619	77.4754	653	97.2433	326	97.0944
group_1750	651	29801	45.7773	202	58.2220	101	58.2220
group_1751	411	979	2.3820	6	2.7392	3	2.7392
group_1752	4017	132940	33.0943	773	36.1073	386	36.0606
group_19324	10167	31126	3.0615	203	3.7465	101	3.7280
group_1753	4023	145594	36.1904	957	44.6353	478	44.5887
group_1756	1878	189837	101.0847	1268	126.6895	634	126.6895
group_1757	1746	19447	11.1380	129	13.8632	64	13.7557
group_1759	693	28480	41.0967	198	53.6104	99	53.6104
group_1760	492	7207	14.6484	48	18.3060	24	18.3060
group_1761	4563	9659	2.1168	67	2.7551	33	2.7140
group_1762	327	0	0.0000	0	0.0000	0	0.0000
group_1763	1683	20183	11.9923	138	15.3855	69	15.3855
group_1764	2097	23284	11.1035	156	13.9586	78	13.9586
group_1765	1155	17984	15.5706	124	20.1445	62	20.1445
group_1766	444	137862	310.5000	945	399.3611	472	398.9385
group_1767	666	70306	105.5646	469	132.1343	234	131.8526
group_1769	1746	151	0.0865	1	0.1075	0	0.0000
group_1770	126	0	0.0000	0	0.0000	0	0.0000
group_1771	621	8877	14.2947	60	18.1291	30	18.1291
group_1772	4938	9292	1.8817	62	2.3559	31	2.3559
group_1774	5475	16233	2.9649	100	3.4271	50	3.4271
group_15006	969	3606	3.7214	24	4.6473	12	4.6473
group_15007	807	604	0.7485	4	0.9300	2	0.9300
group_1775	690	17690	25.6377	121	32.9043	60	32.6324
group_1776	1155	51077	44.2225	340	55.2349	170	55.2349
group_1777	1101	32731	29.7284	224	38.1749	112	38.1749
group_1778	5502	12574	2.2854	82	2.7965	41	2.7965
group_1779	291	5133	17.6392	40	25.7919	20	25.7919
group_1780	351	1203	3.4274	8	4.2766	4	4.2766
group_1781	1155	114343	98.9983	774	125.7407	387	125.7407
group_1782	432	8991	20.8125	67	29.1010	33	28.6667
group_1783	1104	67409	61.0589	449	76.3122	224	76.1423
group_1785	1194	131118	109.8141	892	140.1772	446	140.1772
group_8067	561	16690	29.7504	116	38.7982	58	38.7982
group_1788	279	1444	5.1756	12	8.0704	6	8.0704
group_1789	1107	210077	189.7715	1407	238.4863	703	238.3168
group_1792	177	217	1.2260	2	2.1202	1	2.1202
group_1793	1332	48997	36.7845	329	46.3456	164	46.2047
group_1794	324	0	0.0000	0	0.0000	0	0.0000
group_1795	765	3420	4.4706	24	5.8866	12	5.8866
group_1796	717	13582	18.9428	83	21.7208	41	21.4591
group_14990	1035	4318	4.1720	29	5.2574	14	5.0762
group_1797	321	13052	40.6604	96	56.1155	48	56.1155
group_1798	471	2316	4.9172	15	5.9757	7	5.5773
group_1799	231	0	0.0000	0	0.0000	0	0.0000
group_1801	2781	38269	13.7609	249	16.8002	124	16.7328
group_1802	1200	23596	19.6633	157	24.5491	78	24.3927
group_1803	1044	0	0.0000	0	0.0000	0	0.0000
group_19325	210	0	0.0000	0	0.0000	0	0.0000
group_1805	1947	14542	7.4689	105	10.1191	52	10.0227
group_1806	186	0	0.0000	0	0.0000	0	0.0000
group_14747	1119	0	0.0000	0	0.0000	0	0.0000
group_1807	417	57880	138.8010	404	181.7867	202	181.7868
group_1808	567	7025	12.3898	48	15.8846	24	15.8846
group_1809	210	151	0.7190	1	0.8935	0	0.0000
group_1810	288	1559	5.4132	11	7.1667	5	6.5152
group_8183	255	0	0.0000	0	0.0000	0	0.0000
group_1816	189	0	0.0000	0	0.0000	0	0.0000
group_1818	1071	17064	15.9328	115	20.1477	57	19.9725
group_1819	1410	604	0.4284	4	0.5323	2	0.5323
fhaB	2535	115419	45.5302	771	57.0681	385	56.9941
group_1825	813	6790	8.3518	46	10.6166	23	10.6166
group_8210	2589	134778	52.0579	898	65.0820	449	65.0821
group_1823	522	1991	3.8142	14	5.0324	7	5.0324
group_1832	1830	4313	2.3568	29	2.9735	14	2.8709
group_15110	2886	58066	20.1199	390	25.3563	195	25.3563
group_17531	762	453	0.5945	3	0.7387	1	0.4925
group_8230	1029	2789	2.7104	19	3.4646	9	3.2823
group_1828	1128	151	0.1339	1	0.1663	0	0.0000
group_1829	2964	70984	23.9487	473	29.9433	236	29.8800
group_1830	555	4397	7.9225	31	10.4806	15	10.1425
group_8244	1773	6827	3.8505	46	4.8682	23	4.8682
group_1834	1284	2728983	2125.3762	18279	2671.1870	9139	2671.0413
group_1835	1017	67799	66.6657	454	83.7629	227	83.7629
group_1838	174	0	0.0000	0	0.0000	0	0.0000
group_8256	1044	141	0.1351	1	0.1797	0	0.0000
group_1839	282	8344	29.5887	60	39.9226	30	39.9226
group_1840	636	1369	2.1525	9	2.6552	4	2.3602
group_1842	597	2051	3.4355	14	4.4002	7	4.4002
group_1841	807	2261	2.8017	15	3.4877	7	3.2552
group_1843	3141	55866	17.7861	318	18.9966	159	18.9966
group_1846	528	3706	7.0189	26	9.2397	13	9.2397
group_1850	345	4601	13.3362	31	16.8601	15	16.3162
group_1851	324	2783	8.5895	20	11.5825	10	11.5825
group_1847	1122	17488	15.5865	119	19.9008	59	19.7336
group_1852	570	5504	9.6561	38	12.5091	19	12.5091
group_1849	483	2878	5.9586	21	8.1581	10	7.7696
group_1858	2574	7246	2.8151	50	3.6448	25	3.6448
group_3556	2448	7352	3.0033	50	3.8324	25	3.8324
group_1853	804	0	0.0000	0	0.0000	0	0.0000
group_1854	221	258	1.1674	2	1.6981	1	1.6981
group_1855	1698	21058	12.4016	143	15.8021	71	15.6916
group_1856	666	7559	11.3498	51	14.3685	25	14.0868
group_1857	996	754	0.7570	5	0.9419	2	0.7536
group_1860	2679	7757	2.8955	52	3.6421	26	3.6421
group_1867	1425	2780	1.9509	19	2.5018	9	2.3701
group_1861	381	2039	5.3517	14	6.8948	7	6.8948
group_1862	297	5221	17.5791	35	22.1120	17	21.4803
group_1863	2244	47903	21.3471	291	24.3325	145	24.2489
group_1864	1080	544	0.5037	4	0.6949	2	0.6949
group_1865	804	2970	3.6940	20	4.6676	10	4.6676
group_14745	786	69069	87.8740	480	114.5871	240	114.5871
group_1872	360	3830	10.6389	26	13.5515	13	13.5515
group_1871	948	6078	6.4114	42	8.3130	21	8.3130
group_1873	405	297	0.7333	2	0.9266	1	0.9266
group_1874	4794	40007	8.3452	195	7.6323	97	7.5931
group_1877	255	2041	8.0039	14	10.3016	7	10.3016
group_1878	270	2574	9.5333	18	12.5091	9	12.5091
ycjD	492	9526	19.3618	68	25.9335	34	25.9335
group_1885	1146	32866	28.6789	223	36.5121	111	36.3484
group_1879	267	1749	6.5506	13	9.1359	6	8.4331
group_1880	570	24878	43.6456	156	51.3531	78	51.3531
sWIM	1197	88088	73.5906	590	92.4857	295	92.4857
group_1882	309	3125	10.1133	21	12.7520	10	12.1447
group_1883	192	233	1.2135	2	1.9545	1	1.9545
group_1884	219	151	0.6895	1	0.8568	0	0.0000
group_1886	1227	604	0.4923	4	0.6117	2	0.6117
group_1889	201	4251	21.1493	31	28.9389	15	28.0054
group_1890	738	14804	20.0596	99	25.1707	49	24.9165
group_1892	1944	22864	11.7613	154	14.8642	77	14.8642
group_1891	2352	1509	0.6416	10	0.7978	5	0.7978
group_1893	1188	135342	113.9242	903	142.6225	451	142.4646
group_1896	165	0	0.0000	0	0.0000	0	0.0000
group_1895	279	551	1.9749	4	2.6901	2	2.6901
tnpISMae26~~~tnpIS630	444	0	0.0000	0	0.0000	0	0.0000
group_1897	1269	601	0.4736	4	0.5914	2	0.5914
group_1900	1659	1489	0.8975	10	1.1310	5	1.1310
group_1901	1197	3621	3.0251	24	3.7621	12	3.7621
group_1902	405	2835	7.0000	19	8.8027	9	8.3394
group_1905	270	17682	65.4889	125	86.8687	62	86.1737
group_1907	342	3840	11.2281	26	14.2647	13	14.2648
group_17460	999	677	0.6777	5	0.9391	2	0.7513
group_1914	342	15790	46.1696	115	63.0941	57	62.5454
tnpISMae24~~~tnpIS630	1113	75989	68.2740	507	85.4731	253	85.3046
group_1911	501	300	0.5988	2	0.7490	1	0.7490
group_1912	801	2761	3.4469	20	4.6851	10	4.6851
group_1913	1197	84276	70.4060	561	87.9398	280	87.7831
immA	1188	42963	36.1641	287	45.3296	143	45.1717
group_1917	471	38995	82.7919	277	110.3509	138	109.9525
group_19326	342	1525	4.4591	10	5.4864	5	5.4864
group_19327	246	3974	16.1545	37	28.2217	18	27.4590
group_1921	2973	20105	6.7625	129	8.1416	64	8.0785
group_16751	900	425	0.4722	3	0.6255	1	0.4170
group_1924	237	300	1.2658	2	1.5834	1	1.5834
group_1923	711	9482	13.3361	64	16.8899	32	16.8899
group_1933	210	2616	12.4571	20	17.8701	10	17.8701
group_1927	183	2987	16.3224	23	23.5827	11	22.5574
group_1926	351	150	0.4274	1	0.5346	0	0.0000
group_1928	541	37400	69.1312	252	87.4018	126	87.4018
group_1931	525	1528	2.9105	12	4.2888	6	4.2888
