#File	data/decontam_fastqs/3003-ND-8_TTCCTCCT-TCCGTAGT_S8_decon_R1.fastq.gz
#Reads	260595106
#Mapped	1651762
#RefSequences	20380
#Name	Length	Bases	Coverage	Reads	RPKM	Frags	FPKM
group_6075	390	17919	45.9462	125	194.0430	62	192.4906
group_6200	222	1443	6.5000	10	27.2709	5	27.2709
group_10967	1389	0	0.0000	0	0.0000	0	0.0000
group_8044	204	2315	11.3480	17	50.4512	8	47.4835
group_7604	942	767	0.8142	5	3.2135	2	2.5708
group_2307	108	0	0.0000	0	0.0000	0	0.0000
group_11130	327	3051	9.3303	21	38.8798	10	37.0284
group_6493	219	0	0.0000	0	0.0000	0	0.0000
group_14571	207	0	0.0000	0	0.0000	0	0.0000
group_14570	186	0	0.0000	0	0.0000	0	0.0000
group_8386	201	0	0.0000	0	0.0000	0	0.0000
group_4926	1029	3146	3.0573	22	12.9437	11	12.9437
group_11353	552	901	1.6322	6	6.5806	3	6.5806
group_2443	102	0	0.0000	0	0.0000	0	0.0000
bchI	1074	61272	57.0503	423	238.4452	211	237.8815
arfB	741	21630	29.1903	145	118.4684	72	117.6513
secG	234	7769	33.2009	55	142.2982	27	139.7110
group_4175	246	0	0.0000	0	0.0000	0	0.0000
group_2634	1161	3692	3.1800	25	13.0365	12	12.5150
group_5285	663	2473	3.7300	17	15.5234	8	14.6103
minD	801	46444	57.9825	320	241.8633	160	241.8633
ileS	2895	178612	61.6967	1201	251.1580	600	250.9489
group_14572	228	0	0.0000	0	0.0000	0	0.0000
group_2774	45	0	0.0000	0	0.0000	0	0.0000
group_6058	645	413	0.6403	3	2.8159	1	1.8773
group_2151	276	302	1.0942	2	4.3871	1	4.3871
group_14573	267	755	2.8277	5	11.3373	2	9.0699
group_14574	93	0	0.0000	0	0.0000	0	0.0000
group_7346	615	0	0.0000	0	0.0000	0	0.0000
group_14575	237	0	0.0000	0	0.0000	0	0.0000
group_10121	186	293	1.5753	2	6.5098	1	6.5098
group_10915	330	450	1.3636	3	5.5038	1	3.6692
group_12312	312	10893	34.9135	82	159.1153	41	159.1153
ftsH4	1878	112796	60.0618	757	244.0354	378	243.7130
group_14576	150	0	0.0000	0	0.0000	0	0.0000
group_6262	981	4612	4.7013	32	19.7485	16	19.7485
group_14577	705	0	0.0000	0	0.0000	0	0.0000
group_14578	171	0	0.0000	0	0.0000	0	0.0000
group_8744	198	0	0.0000	0	0.0000	0	0.0000
group_6433	636	0	0.0000	0	0.0000	0	0.0000
group_7138	372	151	0.4059	1	1.6275	0	0.0000
group_3581	255	435	1.7059	3	7.1225	1	4.7483
group_2732	267	2770	10.3745	20	45.3494	10	45.3494
apcC	204	4592	22.5098	38	112.7732	19	112.7732
group_1273	486	27710	57.0165	197	245.4045	98	244.1588
group_14580	315	3268	10.3746	24	46.1268	12	46.1268
group_14579	1050	1508	1.4362	11	6.3424	5	5.7658
group_2728	459	19913	43.3834	141	185.9769	70	184.6579
rpsD	609	39114	64.2266	273	271.3925	136	270.3984
group_3723	1098	302	0.2750	2	1.1028	1	1.1028
group_9435	345	2166	6.2783	17	29.8320	8	28.0772
infC	531	23053	43.4143	162	184.7026	81	184.7026
group_14581	180	0	0.0000	0	0.0000	0	0.0000
group_3246	729	38380	52.6475	263	218.4141	131	217.5837
group_10926	561	0	0.0000	0	0.0000	0	0.0000
group_9782	1449	88744	61.2450	610	254.8672	305	254.8672
group_6496	219	656	2.9954	6	16.5867	3	16.5867
group_14381	1245	10382	8.3390	70	34.0393	35	34.0393
frdA	1728	98351	56.9161	667	233.6870	333	233.3367
group_8748	354	447	1.2627	3	5.1306	1	3.4204
group_14582	216	0	0.0000	0	0.0000	0	0.0000
group_14583	90	0	0.0000	0	0.0000	0	0.0000
group_4174	696	1375	1.9756	10	8.6985	5	8.6985
group_10920	330	868	2.6303	6	11.0075	3	11.0075
group_2374	105	0	0.0000	0	0.0000	0	0.0000
group_568	132	0	0.0000	0	0.0000	0	0.0000
group_12876	156	286	1.8333	2	7.7617	1	7.7617
group_13169	153	0	0.0000	0	0.0000	0	0.0000
group_14584	267	0	0.0000	0	0.0000	0	0.0000
group_14585	237	0	0.0000	0	0.0000	0	0.0000
group_14586	222	642	2.8919	5	13.6355	2	10.9084
group_1990	279	2034	7.2903	14	30.3792	7	30.3792
group_7487	942	0	0.0000	0	0.0000	0	0.0000
group_11861	318	151	0.4748	1	1.9038	0	0.0000
group_4596	414	1608	3.8841	11	16.0859	5	14.6235
group_4339	243	0	0.0000	0	0.0000	0	0.0000
psbE	246	8379	34.0610	61	150.1230	30	147.6620
psbF	135	1538	11.3926	14	62.7837	7	62.7837
tatC	771	14405	18.6835	96	75.3823	48	75.3823
ndhI	573	29529	51.5340	207	218.7098	103	217.6532
group_8092	600	36135	60.2250	253	255.2830	126	254.2739
group_2775	45	0	0.0000	0	0.0000	0	0.0000
group_287	135	0	0.0000	0	0.0000	0	0.0000
group_14587	108	0	0.0000	0	0.0000	0	0.0000
group_11470	858	866	1.0093	6	4.2337	3	4.2337
ndhL	240	7668	31.9500	54	136.2182	27	136.2182
rplC	639	35363	55.3412	251	237.8074	125	236.8600
rplB	834	49001	58.7542	332	241.0042	166	241.0042
rpsS	282	13360	47.3759	98	210.3921	49	210.3921
rplP	420	21858	52.0429	158	227.7510	79	227.7510
rplE	540	30568	56.6074	220	246.6502	110	246.6502
rpsH	402	24096	59.9403	178	268.0689	89	268.0689
rpsE	522	19190	36.7625	137	158.8922	68	157.7324
group_13775	297	9124	30.7205	63	128.4212	31	126.3827
remA	270	8273	30.6407	61	136.7787	30	134.5365
group_7684	207	4676	22.5894	35	102.3647	17	99.4400
group_6342	1692	0	0.0000	0	0.0000	0	0.0000
group_4181	246	597	2.4268	4	9.8441	2	9.8441
group_9471	192	314	1.6354	3	9.4596	1	6.3064
group_14103	804	18297	22.7575	126	94.8783	63	94.8783
group_14588	210	88	0.4190	2	5.7658	1	5.7658
group_11134	327	7273	22.2416	49	90.7195	24	88.8681
group_8585	591	15539	26.2927	111	113.7072	55	112.6828
group_4013	249	5586	22.4337	41	99.6867	20	97.2553
group_2721	747	0	0.0000	0	0.0000	0	0.0000
hisF	765	35135	45.9281	243	192.3080	121	191.5166
group_4014	249	1902	7.6386	14	34.0393	7	34.0393
rpmH	138	609	4.4130	6	26.3224	3	26.3224
group_5658	396	19599	49.4924	139	212.5065	69	210.9776
group_7693	1563	100160	64.0819	677	262.2299	338	261.8426
psaC	246	7708	31.3333	58	142.7399	29	142.7399
group_14589	243	302	1.2428	2	4.9828	1	4.9828
group_11555	549	137	0.2495	1	1.1028	0	0.0000
group_8592	354	151	0.4266	1	1.7102	0	0.0000
group_14486	501	151	0.3014	1	1.2084	0	0.0000
group_14590	166	0	0.0000	0	0.0000	0	0.0000
atpB	750	35083	46.7773	242	195.3470	121	195.3470
group_14591	118	214	1.8136	2	10.2613	1	10.2613
psaA	2271	112021	49.3267	758	202.0713	379	202.0713
glpX	1038	54143	52.1609	371	216.3860	185	215.8027
group_9149	585	1671	2.8564	12	12.4188	6	12.4188
group_3394	258	1506	5.8372	11	25.8122	5	23.4657
group_3396	258	936	3.6279	7	16.4260	3	14.0794
group_9113	195	550	2.8205	4	12.4188	2	12.4188
group_9114	195	788	4.0410	6	18.6281	3	18.6281
group_2221	111	0	0.0000	0	0.0000	0	0.0000
group_11042	177	390	2.2034	3	10.2613	1	6.8408
group_14592	198	216	1.0909	4	12.2306	2	12.2306
group_10669	333	8313	24.9640	60	109.0836	30	109.0836
group_2308	108	0	0.0000	0	0.0000	0	0.0000
group_14006	144	208	1.4444	2	8.4085	1	8.4085
group_10125	186	2795	15.0269	21	68.3532	10	65.0983
group_3806	252	5237	20.7817	43	103.3048	21	100.9024
group_292	135	0	0.0000	0	0.0000	0	0.0000
group_2399	1173	18226	15.5379	124	63.9994	62	63.9994
sapB	489	15059	30.7955	109	134.9492	54	133.7111
group_9749	894	5714	6.3915	39	26.4107	19	25.7335
group_9236	348	631	1.8132	5	8.6985	2	6.9588
group_13137	303	1129	3.7261	8	15.9845	4	15.9845
group_1936	774	4343	5.6111	31	24.2479	15	23.4657
group_14384	1245	210	0.1687	2	0.9726	1	0.9726
group_2223	111	0	0.0000	0	0.0000	0	0.0000
group_14067	507	8605	16.9724	61	72.8408	30	71.6466
group_10462	183	574	3.1366	4	13.2331	2	13.2331
group_12880	156	168	1.0769	2	7.7617	1	7.7617
group_12601	309	8243	26.6764	61	119.5154	30	117.5561
group_14593	171	0	0.0000	0	0.0000	0	0.0000
group_4025	1080	1031	0.9546	7	3.9240	3	3.3634
group_8397	201	0	0.0000	0	0.0000	0	0.0000
petB	669	38752	57.9253	269	243.4326	134	242.5276
group_10779	180	453	2.5167	3	10.0902	1	6.7268
group_10237	885	4252	4.8045	31	21.2066	15	20.5225
group_7078	954	6840	7.1698	47	29.8265	23	29.1919
group_11869	318	1412	4.4403	10	19.0382	5	19.0382
group_938	129	0	0.0000	0	0.0000	0	0.0000
group_8395	201	388	1.9303	3	9.0360	1	6.0240
group_6802	216	952	4.4074	7	19.6199	3	16.8171
group_7060	213	556	2.6103	5	14.2116	2	11.3693
group_3157	261	2548	9.7625	18	41.7527	9	41.7527
group_5298	402	6944	17.2736	49	73.7943	24	72.2883
group_12755	1308	8035	6.1430	56	25.9199	28	25.9199
group_12108	315	559	1.7746	5	9.6097	2	7.6878
group_12602	309	6345	20.5340	45	88.1671	22	86.2078
group_11565	171	147	0.8596	1	3.5404	0	0.0000
group_10470	183	0	0.0000	0	0.0000	0	0.0000
group_740	4608	7935	1.7220	53	6.9633	26	6.8319
group_6209	222	0	0.0000	0	0.0000	0	0.0000
group_4601	414	604	1.4589	4	5.8494	2	5.8494
group_11744	852	881	1.0340	6	4.2635	3	4.2635
group_1989	1191	1524	1.2796	11	5.5916	5	5.0832
group_12528	834	302	0.3621	2	1.4518	1	1.4518
group_933	129	0	0.0000	0	0.0000	0	0.0000
psbI	117	180	1.5385	2	10.3490	1	10.3490
group_14594	234	149	0.6368	2	5.1745	1	5.1745
group_3450	723	10809	14.9502	73	61.1276	36	60.2902
group_4940	672	13410	19.9554	93	83.7850	46	82.8841
group_5095	234	604	2.5812	4	10.3490	2	10.3490
group_4340	243	1692	6.9630	12	29.8970	6	29.8970
group_11870	318	3619	11.3805	25	47.5954	12	45.6916
group_12009	846	11916	14.0851	83	59.3964	41	58.6808
group_12636	1314	15482	11.7823	106	48.8386	53	48.8386
group_4760	1038	453	0.4364	3	1.7498	1	1.1665
group_4945	1917	4102	2.1398	28	8.8428	14	8.8428
group_2466	756	1278	1.6905	9	7.2073	4	6.4065
group_7336	369	453	1.2276	3	4.9221	1	3.2814
group_3689	1212	2756	2.2739	19	9.4908	9	8.9913
group_11664	1356	1340	0.9882	9	4.0182	4	3.5718
group_12585	1317	2398	1.8208	16	7.3551	8	7.3551
group_7690	207	0	0.0000	0	0.0000	0	0.0000
group_8297	597	1058	1.7722	8	8.1128	4	8.1128
group_4833	237	700	2.9536	5	12.7724	2	10.2180
group_2739	267	3007	11.2622	22	49.8843	11	49.8843
group_3418	135	0	0.0000	0	0.0000	0	0.0000
group_2224	111	0	0.0000	0	0.0000	0	0.0000
group_2022	117	0	0.0000	0	0.0000	0	0.0000
group_12881	306	1307	4.2712	9	17.8063	4	15.8278
group_7773	606	4562	7.5281	31	30.9700	15	29.9710
group_11053	177	1812	10.2373	13	44.4654	6	41.0450
group_5114	405	9958	24.5877	72	107.6292	36	107.6292
group_13243	822	1018	1.2384	7	5.1556	3	4.4191
group_14601	516	382	0.7403	3	3.5198	1	2.3466
group_14600	213	594	2.7887	4	11.3693	2	11.3693
group_14599	780	1935	2.4808	14	10.8664	7	10.8664
group_14595	222	840	3.7838	6	16.3625	3	16.3625
group_1575	123	0	0.0000	0	0.0000	0	0.0000
group_3030	735	5411	7.3619	37	30.4766	18	29.6529
group_7393	210	611	2.9095	5	14.4146	2	11.5317
cas2	276	2748	9.9565	20	43.8706	10	43.8706
group_10380	336	5382	16.0179	38	68.4695	19	68.4695
group_14603	174	0	0.0000	0	0.0000	0	0.0000
group_14604	3867	56990	14.7375	382	59.8056	191	59.8056
group_11842	168	298	1.7738	2	7.2073	1	7.2073
group_14605	237	845	3.5654	6	15.3269	3	15.3269
group_11615	321	395	1.2305	3	5.6581	1	3.7721
group_1280	126	0	0.0000	0	0.0000	0	0.0000
group_2655	93	0	0.0000	0	0.0000	0	0.0000
group_14607	771	7253	9.4073	51	40.0468	25	39.2616
group_14609	867	6922	7.9839	49	34.2160	24	33.5177
group_10716	564	271	0.4805	2	2.1469	1	2.1469
group_12124	165	1034	6.2667	10	36.6918	5	36.6918
group_14610	483	2893	5.9896	20	25.0689	10	25.0689
group_9479	192	930	4.8438	7	22.0724	3	18.9192
group_8030	360	516	1.4333	4	6.7268	2	6.7268
group_2375	105	0	0.0000	0	0.0000	0	0.0000
group_5115	405	0	0.0000	0	0.0000	0	0.0000
group_6504	219	452	2.0639	3	8.2933	1	5.5289
group_7396	211	1148	5.4408	9	25.8234	4	22.9541
group_14611	378	4947	13.0873	35	56.0569	17	54.4552
group_14612	420	483	1.1500	5	7.2073	2	5.7658
group_5355	231	425	1.8398	4	10.4834	2	10.4834
group_8868	588	3874	6.5884	26	26.7700	13	26.7700
group_7066	213	5823	27.3380	39	110.8505	19	108.0082
psbH	195	4898	25.1179	37	114.8734	18	111.7688
group_3400	258	306	1.1860	2	4.6931	1	4.6931
group_6968	960	10486	10.9229	70	44.1448	35	44.1448
group_2310	108	0	0.0000	0	0.0000	0	0.0000
group_13877	510	4639	9.0961	31	36.7997	15	35.6126
group_4616	1044	7989	7.6523	53	30.7346	26	30.1547
group_1284	486	2684	5.5226	19	23.6685	9	22.4227
group_7747	936	604	0.6453	4	2.5872	2	2.5872
group_8597	354	4403	12.4379	34	58.1471	17	58.1471
group_14615	189	0	0.0000	0	0.0000	0	0.0000
group_14613	2562	534	0.2084	4	0.9452	2	0.9452
group_2002	477	4435	9.2977	31	39.3456	15	38.0764
group_12388	162	528	3.2593	4	14.9485	2	14.9485
group_11367	861	1578	1.8328	11	7.7347	5	7.0315
group_7144	372	1979	5.3199	14	22.7844	7	22.7844
group_14616	2205	50044	22.6957	347	95.2738	173	94.9992
group_6507	219	518	2.3653	4	11.0578	2	11.0578
group_4839	237	592	2.4979	4	10.2180	2	10.2180
group_13459	300	597	1.9900	4	8.0722	2	8.0722
group_5621	228	744	3.2632	6	15.9320	3	15.9320
group_14617	324	1206	3.7222	8	14.9485	4	14.9485
group_14619	192	992	5.1667	7	22.0724	3	18.9192
group_14618	399	221	0.5539	2	3.0347	1	3.0347
group_14620	993	15965	16.0775	108	65.8456	54	65.8456
group_11843	168	562	3.3452	4	14.4146	2	14.4146
group_13440	150	0	0.0000	0	0.0000	0	0.0000
group_14621	1146	4037	3.5227	27	14.2637	13	13.7354
group_14622	1122	63361	56.4715	423	228.2444	211	227.7048
group_14623	114	0	0.0000	0	0.0000	0	0.0000
group_14624	999	8276	8.2843	57	34.5431	28	33.9371
group_14625	198	0	0.0000	0	0.0000	0	0.0000
group_14626	363	4211	11.6006	30	50.0342	15	50.0342
group_2656	93	182	1.9570	2	13.0197	1	13.0197
group_13078	1293	216	0.1671	2	0.9364	1	0.9364
group_5301	402	4979	12.3856	33	49.6982	16	48.1922
group_4703	411	5049	12.2847	36	53.0290	18	53.0290
group_11112	330	1935	5.8636	14	25.6842	7	25.6842
group_10472	183	0	0.0000	0	0.0000	0	0.0000
group_13145	303	9823	32.4191	70	139.8646	35	139.8646
group_7146	372	2013	5.4113	15	24.4119	7	22.7844
group_3696	714	944	1.3221	6	5.0875	3	5.0875
group_14627	1731	302	0.1745	2	0.6995	1	0.6995
group_1378	3768	1644	0.4363	11	1.7674	5	1.6067
group_403	288	533	1.8507	4	8.4085	2	8.4085
group_3811	252	0	0.0000	0	0.0000	0	0.0000
group_6323	1698	1047	0.6166	7	2.4958	3	2.1393
group_4897	408	7883	19.3211	57	84.5799	28	83.0961
group_3258	447	151	0.3378	1	1.3544	0	0.0000
group_14628	1245	302	0.2426	2	0.9726	1	0.9726
group_11882	318	0	0.0000	0	0.0000	0	0.0000
group_10393	882	58566	66.4014	392	269.0729	196	269.0729
group_9119	195	3002	15.3949	20	62.0938	10	62.0938
group_7	291	292	1.0034	2	4.1609	1	4.1609
group_10136	186	0	0.0000	0	0.0000	0	0.0000
group_6	291	0	0.0000	0	0.0000	0	0.0000
group_4020	249	151	0.6064	1	2.4314	0	0.0000
group_14630	120	0	0.0000	0	0.0000	0	0.0000
group_14629	693	453	0.6537	3	2.6208	1	1.7472
group_3603	717	0	0.0000	0	0.0000	0	0.0000
group_3259	447	0	0.0000	0	0.0000	0	0.0000
group_11887	543	302	0.5562	2	2.2299	1	2.2299
group_10138	186	348	1.8710	3	9.7647	1	6.5098
group_6804	216	151	0.6991	1	2.8028	0	0.0000
group_11845	169	0	0.0000	0	0.0000	0	0.0000
group_6666	1662	453	0.2726	3	1.0928	1	0.7285
group_2395	759	302	0.3979	2	1.5953	1	1.5953
group_3848	1092	0	0.0000	0	0.0000	0	0.0000
group_7071	213	302	1.4178	2	5.6846	1	5.6846
group_7775	606	0	0.0000	0	0.0000	0	0.0000
group_3261	447	1060	2.3714	7	9.4808	3	8.1264
group_4835	675	2648	3.9230	18	16.1444	9	16.1444
group_3013	1137	0	0.0000	0	0.0000	0	0.0000
group_3541	1110	0	0.0000	0	0.0000	0	0.0000
group_2488	465	0	0.0000	0	0.0000	0	0.0000
group_14631	237	1208	5.0970	8	20.4359	4	20.4359
group_1578	123	0	0.0000	0	0.0000	0	0.0000
group_11848	168	0	0.0000	0	0.0000	0	0.0000
group_4084	426	151	0.3545	1	1.4212	0	0.0000
group_9724	576	604	1.0486	4	4.2043	2	4.2043
group_4545	1047	224	0.2139	2	1.1565	1	1.1565
group_13662	513	302	0.5887	2	2.3603	1	2.3603
group_14632	327	151	0.4618	1	1.8514	0	0.0000
group_2162	276	0	0.0000	0	0.0000	0	0.0000
group_2902	1143	0	0.0000	0	0.0000	0	0.0000
group_53	1236	0	0.0000	0	0.0000	0	0.0000
group_5259	1860	3009	1.6177	20	6.5098	10	6.5098
group_7654	939	1055	1.1235	7	4.5132	3	3.8685
group_8405	202	0	0.0000	0	0.0000	0	0.0000
group_14633	354	0	0.0000	0	0.0000	0	0.0000
group_1903	120	0	0.0000	0	0.0000	0	0.0000
group_2851	456	151	0.3311	1	1.3277	0	0.0000
group_6781	1650	0	0.0000	0	0.0000	0	0.0000
group_9726	576	0	0.0000	0	0.0000	0	0.0000
group_9371	582	0	0.0000	0	0.0000	0	0.0000
group_4645	681	0	0.0000	0	0.0000	0	0.0000
group_13496	516	0	0.0000	0	0.0000	0	0.0000
group_2513	99	0	0.0000	0	0.0000	0	0.0000
group_12445	534	0	0.0000	0	0.0000	0	0.0000
group_14256	504	0	0.0000	0	0.0000	0	0.0000
group_8064	204	0	0.0000	0	0.0000	0	0.0000
group_10555	1413	0	0.0000	0	0.0000	0	0.0000
group_13742	147	0	0.0000	0	0.0000	0	0.0000
group_12450	534	1054	1.9738	7	7.9361	3	6.8024
group_7172	1611	1177	0.7306	8	3.0064	4	3.0064
group_2955	453	0	0.0000	0	0.0000	0	0.0000
group_4593	240	0	0.0000	0	0.0000	0	0.0000
group_13146	522	0	0.0000	0	0.0000	0	0.0000
group_4591	2007	1968	0.9806	13	3.9215	6	3.6198
group_3767	435	0	0.0000	0	0.0000	0	0.0000
group_6512	219	269	1.2283	2	5.5289	1	5.5289
group_577	132	178	1.3485	2	9.1729	1	9.1729
group_8060	204	0	0.0000	0	0.0000	0	0.0000
group_7077	213	0	0.0000	0	0.0000	0	0.0000
group_11623	321	0	0.0000	0	0.0000	0	0.0000
group_7380	1590	0	0.0000	0	0.0000	0	0.0000
group_2361	3021	0	0.0000	0	0.0000	0	0.0000
group_943	129	0	0.0000	0	0.0000	0	0.0000
group_5292	663	1198	1.8069	8	7.3051	4	7.3051
group_8603	354	0	0.0000	0	0.0000	0	0.0000
group_2225	111	0	0.0000	0	0.0000	0	0.0000
group_2746	1155	0	0.0000	0	0.0000	0	0.0000
group_13003	1296	0	0.0000	0	0.0000	0	0.0000
group_12669	831	0	0.0000	0	0.0000	0	0.0000
group_111	795	0	0.0000	0	0.0000	0	0.0000
group_14492	501	0	0.0000	0	0.0000	0	0.0000
group_14634	1731	2526	1.4593	17	5.9457	8	5.5960
group_5919	225	151	0.6711	1	2.6907	0	0.0000
group_13148	303	302	0.9967	2	3.9961	1	3.9961
group_7149	372	151	0.4059	1	1.6275	0	0.0000
group_9796	189	0	0.0000	0	0.0000	0	0.0000
group_7480	612	120	0.1961	2	1.9785	1	1.9785
group_11336	324	5228	16.1358	37	69.1368	18	67.2682
group_14635	210	0	0.0000	0	0.0000	0	0.0000
group_9733	576	0	0.0000	0	0.0000	0	0.0000
group_14636	1020	453	0.4441	3	1.7806	1	1.1871
group_7536	366	782	2.1366	7	11.5790	3	9.9248
group_6560	633	883	1.3949	6	5.7385	3	5.7385
group_5195	666	6803	10.2147	49	44.5425	24	43.6335
group_14637	102	0	0.0000	0	0.0000	0	0.0000
group_5917	648	3111	4.8009	21	19.6199	10	18.6856
group_12641	159	390	2.4528	4	15.2305	2	15.2305
group_2131	768	0	0.0000	0	0.0000	0	0.0000
group_13142	822	9115	11.0888	64	47.1369	32	47.1369
group_5339	1851	151	0.0816	1	0.3271	0	0.0000
group_10140	186	0	0.0000	0	0.0000	0	0.0000
group_8613	354	0	0.0000	0	0.0000	0	0.0000
group_2619	2817	1661	0.5896	11	2.3641	5	2.1491
group_2556	270	0	0.0000	0	0.0000	0	0.0000
group_2517	99	0	0.0000	0	0.0000	0	0.0000
group_14638	156	0	0.0000	0	0.0000	0	0.0000
group_11060	177	0	0.0000	0	0.0000	0	0.0000
group_14649	1092	0	0.0000	0	0.0000	0	0.0000
group_14643	903	0	0.0000	0	0.0000	0	0.0000
group_14654	1524	0	0.0000	0	0.0000	0	0.0000
group_14646	1509	0	0.0000	0	0.0000	0	0.0000
group_14645	915	0	0.0000	0	0.0000	0	0.0000
group_14647	375	0	0.0000	0	0.0000	0	0.0000
group_14650	1326	0	0.0000	0	0.0000	0	0.0000
group_14648	561	0	0.0000	0	0.0000	0	0.0000
group_14641	1794	0	0.0000	0	0.0000	0	0.0000
group_14639	954	0	0.0000	0	0.0000	0	0.0000
group_14651	2100	0	0.0000	0	0.0000	0	0.0000
group_14640	1281	0	0.0000	0	0.0000	0	0.0000
group_14652	1095	0	0.0000	0	0.0000	0	0.0000
group_14655	2532	0	0.0000	0	0.0000	0	0.0000
group_14644	927	0	0.0000	0	0.0000	0	0.0000
group_14642	843	0	0.0000	0	0.0000	0	0.0000
group_14653	843	0	0.0000	0	0.0000	0	0.0000
group_5358	231	2988	12.9351	20	52.4168	10	52.4168
group_14656	636	25480	40.0629	170	161.8245	85	161.8245
group_7086	213	0	0.0000	0	0.0000	0	0.0000
group_2132	768	0	0.0000	0	0.0000	0	0.0000
group_7980	825	0	0.0000	0	0.0000	0	0.0000
group_1287	126	0	0.0000	0	0.0000	0	0.0000
group_13155	303	973	3.2112	8	15.9845	4	15.9845
group_3380	444	1195	2.6914	8	10.9084	4	10.9084
group_14294	141	0	0.0000	0	0.0000	0	0.0000
group_10931	330	1929	5.8455	16	29.3534	8	29.3534
group_14657	228	151	0.6623	1	2.6553	0	0.0000
group_12885	156	1238	7.9359	10	38.8086	5	38.8086
group_4190	246	4390	17.8455	33	81.2141	16	78.7531
group_4191	246	1463	5.9472	10	24.6103	5	24.6103
group_13303	519	0	0.0000	0	0.0000	0	0.0000
group_9785	1449	0	0.0000	0	0.0000	0	0.0000
group_5618	1002	0	0.0000	0	0.0000	0	0.0000
group_2314	762	0	0.0000	0	0.0000	0	0.0000
group_14658	396	492	1.2424	4	6.1153	2	6.1153
group_14660	468	0	0.0000	0	0.0000	0	0.0000
group_14659	444	0	0.0000	0	0.0000	0	0.0000
group_11256	1374	3632	2.6434	24	10.5749	12	10.5749
group_11375	861	8309	9.6504	58	40.7828	29	40.7828
group_14661	1143	1510	1.3211	10	5.2967	5	5.2967
group_7702	207	2548	12.3092	19	55.5694	9	52.6447
group_12886	156	88	0.5641	2	7.7617	1	7.7617
group_4847	237	0	0.0000	0	0.0000	0	0.0000
group_8955	912	735	0.8059	5	3.3192	2	2.6553
group_3991	132	0	0.0000	0	0.0000	0	0.0000
group_4995	1026	1617	1.5760	11	6.4908	5	5.9007
group_6751	966	863	0.8934	6	3.7603	3	3.7603
group_12639	1314	906	0.6895	6	2.7644	3	2.7644
devC	1173	1050	0.8951	7	3.6129	3	3.0967
group_4510	684	302	0.4415	2	1.7702	1	1.7702
group_9788	1449	1057	0.7295	7	2.9247	3	2.5069
group_12393	162	417	2.5741	4	14.9485	2	14.9485
group_902	285	0	0.0000	0	0.0000	0	0.0000
group_10223	570	7309	12.8228	51	54.1686	25	53.1065
group_11739	546	302	0.5531	2	2.2176	1	2.2176
group_14662	282	0	0.0000	0	0.0000	0	0.0000
group_5360	231	182	0.7879	2	5.2417	1	5.2417
group_9128	195	233	1.1949	2	6.2094	1	6.2094
group_10790	180	0	0.0000	0	0.0000	0	0.0000
group_5925	225	151	0.6711	1	2.6907	0	0.0000
group_12004	1341	0	0.0000	0	0.0000	0	0.0000
group_6064	645	450	0.6977	3	2.8159	1	1.8773
group_5103	234	0	0.0000	0	0.0000	0	0.0000
group_7976	933	572	0.6131	4	2.5956	2	2.5956
group_14663	342	164	0.4795	2	3.5404	1	3.5404
group_6223	222	741	3.3378	5	13.6355	2	10.9084
group_5124	405	151	0.3728	1	1.4948	0	0.0000
group_4206	423	0	0.0000	0	0.0000	0	0.0000
group_7088	213	0	0.0000	0	0.0000	0	0.0000
group_13185	153	0	0.0000	0	0.0000	0	0.0000
group_14558	138	0	0.0000	0	0.0000	0	0.0000
group_5669	654	0	0.0000	0	0.0000	0	0.0000
group_4085	426	0	0.0000	0	0.0000	0	0.0000
group_2166	276	1363	4.9384	9	19.7418	4	17.5482
group_11578	171	538	3.1462	5	17.7022	2	14.1617
group_14019	144	0	0.0000	0	0.0000	0	0.0000
group_9247	348	0	0.0000	0	0.0000	0	0.0000
group_14186	294	0	0.0000	0	0.0000	0	0.0000
group_7710	207	0	0.0000	0	0.0000	0	0.0000
group_12127	315	0	0.0000	0	0.0000	0	0.0000
group_2930	1140	794	0.6965	6	3.1864	3	3.1864
group_14559	138	0	0.0000	0	0.0000	0	0.0000
group_7543	366	0	0.0000	0	0.0000	0	0.0000
group_6518	219	0	0.0000	0	0.0000	0	0.0000
group_5865	393	453	1.1527	3	4.6215	1	3.0810
group_14664	186	0	0.0000	0	0.0000	0	0.0000
group_11146	327	0	0.0000	0	0.0000	0	0.0000
group_2940	264	0	0.0000	0	0.0000	0	0.0000
group_4651	681	3106	4.5609	21	18.6692	10	17.7802
group_12129	165	0	0.0000	0	0.0000	0	0.0000
group_4021	249	0	0.0000	0	0.0000	0	0.0000
group_7545	366	1513	4.1339	11	18.1955	5	16.5414
group_3411	258	0	0.0000	0	0.0000	0	0.0000
group_10006	573	0	0.0000	0	0.0000	0	0.0000
group_911	786	0	0.0000	0	0.0000	0	0.0000
group_11377	861	0	0.0000	0	0.0000	0	0.0000
group_6439	636	0	0.0000	0	0.0000	0	0.0000
group_3269	1125	710	0.6311	4	2.1526	2	2.1526
group_8414	201	0	0.0000	0	0.0000	0	0.0000
group_951	129	0	0.0000	0	0.0000	0	0.0000
group_5812	228	4855	21.2939	36	95.5917	18	95.5917
group_12270	840	0	0.0000	0	0.0000	0	0.0000
group_10795	180	0	0.0000	0	0.0000	0	0.0000
group_14665	150	0	0.0000	0	0.0000	0	0.0000
group_5109	234	0	0.0000	0	0.0000	0	0.0000
group_3906	1089	0	0.0000	0	0.0000	0	0.0000
group_14666	222	0	0.0000	0	0.0000	0	0.0000
group_14667	429	13165	30.6876	88	124.1875	44	124.1875
group_2960	453	1455	3.2119	12	16.0375	6	16.0375
group_7548	366	0	0.0000	0	0.0000	0	0.0000
group_7406	210	0	0.0000	0	0.0000	0	0.0000
group_2448	102	0	0.0000	0	0.0000	0	0.0000
group_11854	168	0	0.0000	0	0.0000	0	0.0000
group_1920	120	0	0.0000	0	0.0000	0	0.0000
group_10801	180	207	1.1500	2	6.7268	1	6.7268
group_14668	1224	1812	1.4804	12	5.9354	6	5.9354
group_14669	174	151	0.8678	1	3.4794	0	0.0000
group_14670	138	0	0.0000	0	0.0000	0	0.0000
group_7767	363	3669	10.1074	26	43.3630	13	43.3630
group_12062	540	11210	20.7593	78	87.4487	39	87.4487
group_14671	159	360	2.2642	3	11.4229	1	7.6153
group_2024	117	220	1.8803	2	10.3490	1	10.3490
group_9798	189	782	4.1376	7	22.4227	3	19.2195
group_4022	249	875	3.5141	7	17.0197	3	14.5883
group_12272	840	449	0.5345	3	2.1622	1	1.4415
group_14562	138	0	0.0000	0	0.0000	0	0.0000
group_14672	177	0	0.0000	0	0.0000	0	0.0000
group_1226	1209	22289	18.4359	151	75.6142	75	75.1134
group_14676	225	523	2.3244	4	10.7629	2	10.7629
group_14673	3210	11287	3.5162	75	14.1452	37	13.9566
group_14677	909	302	0.3322	2	1.3320	1	1.3320
group_14675	243	151	0.6214	1	2.4914	0	0.0000
group_1645	777	1208	1.5547	8	6.2334	4	6.2334
group_4574	129	0	0.0000	0	0.0000	0	0.0000
group_9448	1470	0	0.0000	0	0.0000	0	0.0000
group_14678	186	302	1.6237	2	6.5098	1	6.5098
group_955	129	0	0.0000	0	0.0000	0	0.0000
group_14680	231	167	0.7229	2	5.2417	1	5.2417
group_14679	633	302	0.4771	2	1.9128	1	1.9128
group_14681	1173	3767	3.2114	28	14.4515	14	14.4515
group_3946	705	542	0.7688	4	3.4350	2	3.4350
group_9932	891	2114	2.3726	14	9.5127	7	9.5127
group_7659	939	1230	1.3099	8	5.1579	4	5.1579
group_4604	414	529	1.2778	4	5.8494	2	5.8494
group_4351	243	1567	6.4486	11	27.4056	5	24.9142
group_5145	1887	2408	1.2761	16	5.1333	8	5.1333
group_122	9417	16631	1.7661	111	7.1361	55	7.0718
group_12648	159	246	1.5472	2	7.6153	1	7.6153
group_6094	390	1564	4.0103	11	17.0758	5	15.5234
group_14682	243	453	1.8642	3	7.4742	1	4.9828
group_14683	300	783	2.6100	6	12.1083	3	12.1083
group_14684	264	2283	8.6477	15	34.3985	7	32.1053
group_7359	369	755	2.0461	5	8.2034	2	6.5628
mraW	729	18866	25.8793	132	109.6223	66	109.6223
group_3041	735	3617	4.9211	24	19.7686	12	19.7686
group_3103	1131	4460	3.9434	31	16.5940	15	16.0587
group_8333	357	745	2.0868	5	8.4792	2	6.7834
group_1918	480	6205	12.9271	45	56.7576	22	55.4963
group_14685	876	151	0.1724	1	0.6911	0	0.0000
group_12403	162	0	0.0000	0	0.0000	0	0.0000
group_3415	258	453	1.7558	3	7.0397	1	4.6931
group_5366	231	0	0.0000	0	0.0000	0	0.0000
group_9499	192	302	1.5729	2	6.3064	1	6.3064
group_8692	918	4454	4.8519	31	20.4443	15	19.7848
group_14686	423	21435	50.6738	137	196.0798	68	194.6485
group_14687	150	0	0.0000	0	0.0000	0	0.0000
group_11855	168	0	0.0000	0	0.0000	0	0.0000
group_8080	204	646	3.1667	5	14.8386	2	11.8709
group_285	1227	1011	0.8240	7	3.4539	3	2.9605
group_5873	393	7574	19.2723	55	84.7272	27	83.1867
group_4996	1026	883	0.8606	6	3.5404	3	3.5404
group_5816	996	1057	1.0612	7	4.2549	3	3.6471
group_61	1236	1510	1.2217	10	4.8982	5	4.8982
group_13505	1278	1308	1.0235	9	4.2635	4	3.7898
group_9748	576	4722	8.1979	34	35.7363	17	35.7363
group_592	132	344	2.6061	4	18.3459	2	18.3459
group_5155	1884	7806	4.1433	53	17.0313	26	16.7099
group_10685	333	83	0.2492	1	1.8181	0	0.0000
group_1070	1212	3769	3.1097	25	12.4879	12	11.9884
group_1995	279	1368	4.9032	11	23.8694	5	21.6994
group_2472	756	302	0.3995	2	1.6016	1	1.6016
group_6235	222	0	0.0000	0	0.0000	0	0.0000
group_12134	165	990	6.0000	7	25.6842	3	22.0151
group_14688	972	2364	2.4321	17	10.5885	8	9.9657
group_14690	255	1369	5.3686	11	26.1159	5	23.7417
group_14689	336	1611	4.7946	11	19.8201	5	18.0183
group_2379	105	0	0.0000	0	0.0000	0	0.0000
group_2523	99	0	0.0000	0	0.0000	0	0.0000
group_1943	774	605	0.7817	4	3.1288	2	3.1288
group_3852	1092	2339	2.1419	16	8.8705	8	8.8705
group_3764	2247	3398	1.5122	23	6.1969	11	5.9275
group_14693	2706	1651	0.6101	11	2.4610	5	2.2373
group_14694	210	302	1.4381	2	5.7658	1	5.7658
group_14695	7701	49067	6.3715	326	25.6285	163	25.6285
group_14696	183	0	0.0000	0	0.0000	0	0.0000
group_14697	174	0	0.0000	0	0.0000	0	0.0000
group_14698	885	369	0.4169	3	2.0523	1	1.3682
group_8772	198	151	0.7626	1	3.0576	0	0.0000
group_2838	2685	2939	1.0946	21	4.7351	10	4.5096
group_2771	51	0	0.0000	0	0.0000	0	0.0000
group_5112	234	0	0.0000	0	0.0000	0	0.0000
group_13711	1269	302	0.2380	2	0.9542	1	0.9542
group_7754	936	755	0.8066	5	3.2340	2	2.5872
group_13424	1281	604	0.4715	4	1.8904	2	1.8904
group_12822	1305	1202	0.9211	8	3.7114	4	3.7114
group_12653	159	298	1.8742	2	7.6153	1	7.6153
group_2230	111	0	0.0000	0	0.0000	0	0.0000
group_6288	387	1057	2.7313	7	10.9506	3	9.3863
group_3825	252	598	2.3730	4	9.6097	2	9.6097
group_5936	225	295	1.3111	2	5.3815	1	5.3815
group_5315	402	1749	4.3507	12	18.0721	6	18.0721
group_5922	648	302	0.4660	2	1.8686	1	1.8686
group_11303	174	0	0.0000	0	0.0000	0	0.0000
group_7410	210	152	0.7238	1	2.8829	0	0.0000
group_7720	207	981	4.7391	7	20.4729	3	17.5482
group_7552	366	3228	8.8197	23	38.0451	11	36.3910
group_10488	183	151	0.8251	1	3.3083	0	0.0000
group_2906	1143	906	0.7927	6	3.1780	3	3.1780
group_14699	207	1717	8.2947	22	64.3435	11	64.3435
group_3172	261	1484	5.6858	11	25.5155	5	23.1959
group_921	285	912	3.2000	6	12.7456	3	12.7456
group_7411	210	1198	5.7048	8	23.0634	4	23.0634
group_10154	186	0	0.0000	0	0.0000	0	0.0000
group_14077	507	2773	5.4694	19	22.6881	9	21.4940
group_3871	432	530	1.2269	4	5.6057	2	5.6057
group_5371	231	593	2.5671	4	10.4834	2	10.4834
group_2114	474	5674	11.9705	39	49.8126	19	48.5353
group_8775	198	0	0.0000	0	0.0000	0	0.0000
group_3273	447	2627	5.8770	18	24.3791	9	24.3791
group_1996	279	0	0.0000	0	0.0000	0	0.0000
group_3419	258	1371	5.3140	11	25.8122	5	23.4657
group_1632	483	151	0.3126	1	1.2534	0	0.0000
group_7415	210	0	0.0000	0	0.0000	0	0.0000
group_13189	153	0	0.0000	0	0.0000	0	0.0000
group_2703	138	0	0.0000	0	0.0000	0	0.0000
group_14192	294	2103	7.1531	17	35.0069	8	32.9477
group_14026	144	188	1.3056	2	8.4085	1	8.4085
group_1593	123	0	0.0000	0	0.0000	0	0.0000
group_14193	294	1217	4.1395	9	18.5331	4	16.4739
group_3870	708	2542	3.5904	18	15.3919	9	15.3919
group_11593	171	148	0.8655	1	3.5404	0	0.0000
group_12655	159	0	0.0000	0	0.0000	0	0.0000
group_672	4758	22208	4.6675	148	18.8317	74	18.8317
group_9844	1446	4718	3.2628	32	13.3978	16	13.3978
group_3828	252	918	3.6429	7	16.8171	3	14.4146
group_8085	204	151	0.7402	1	2.9677	0	0.0000
group_4603	240	445	1.8542	3	7.5677	1	5.0451
group_9225	906	8586	9.4768	53	35.4161	26	34.7478
group_8626	354	878	2.4802	7	11.9715	3	10.2613
group_5680	396	2439	6.1591	17	25.9900	8	24.4612
group_1024	489	2938	6.0082	20	24.7613	10	24.7613
group_377	144	295	2.0486	3	12.6128	1	8.4085
group_12409	162	142	0.8765	1	3.7371	0	0.0000
group_8336	357	1773	4.9664	13	22.0459	6	20.3501
group_2661	93	151	1.6237	2	13.0197	1	13.0197
group_13756	147	0	0.0000	0	0.0000	0	0.0000
group_12417	162	721	4.4506	12	44.8455	6	44.8455
group_7100	213	599	2.8122	5	14.2116	2	11.3693
group_5373	231	302	1.3074	2	5.2417	1	5.2417
group_14700	558	5413	9.7007	37	40.1439	18	39.0590
group_14027	144	0	0.0000	0	0.0000	0	0.0000
group_1999	279	1718	6.1577	12	26.0393	6	26.0393
group_4355	243	0	0.0000	0	0.0000	0	0.0000
group_12411	162	151	0.9321	1	3.7371	0	0.0000
group_5820	996	0	0.0000	0	0.0000	0	0.0000
group_8628	354	1042	2.9435	7	11.9715	3	10.2613
group_11588	172	922	5.3605	7	24.6389	3	21.1191
group_14701	102	0	0.0000	0	0.0000	0	0.0000
group_3182	261	680	2.6054	5	11.5980	2	9.2784
group_10803	180	294	1.6333	2	6.7268	1	6.7268
group_1601	123	0	0.0000	0	0.0000	0	0.0000
group_2176	276	1344	4.8696	11	24.1288	5	21.9353
group_10935	561	151	0.2692	1	1.0792	0	0.0000
group_14568	138	0	0.0000	0	0.0000	0	0.0000
group_3178	261	1947	7.4598	13	30.1547	6	27.8351
group_7722	207	151	0.7295	1	2.9247	0	0.0000
group_2380	105	0	0.0000	0	0.0000	0	0.0000
group_11350	324	3130	9.6605	22	41.1084	11	41.1084
group_13420	816	5252	6.4363	35	25.9675	17	25.2256
group_3524	441	3668	8.3175	27	37.0662	13	35.6933
group_316	135	0	0.0000	0	0.0000	0	0.0000
group_3607	255	1059	4.1529	8	18.9934	4	18.9934
group_14702	4974	18676	3.7547	124	15.0928	62	15.0928
group_13197	153	141	0.9216	1	3.9570	0	0.0000
group_9805	189	453	2.3968	3	9.6097	1	6.4065
group_1232	1209	9082	7.5120	61	30.5461	30	30.0454
group_7095	1617	13572	8.3933	91	34.0709	45	33.6965
group_11088	558	4417	7.9158	31	33.6341	15	32.5491
group_2248	471	151	0.3206	1	1.2854	0	0.0000
group_2524	1167	302	0.2588	2	1.0376	1	1.0376
group_932	285	753	2.6421	6	12.7456	3	12.7456
group_8893	588	6023	10.2432	43	44.2735	21	43.2439
group_9982	1440	0	0.0000	0	0.0000	0	0.0000
group_10492	183	146	0.7978	1	3.3083	0	0.0000
group_724	492	2715	5.5183	19	23.3798	9	22.1493
group_5134	405	2453	6.0568	17	25.4124	8	23.9176
group_5923	648	3150	4.8611	21	19.6199	10	18.6856
group_9808	189	594	3.1429	4	12.8130	2	12.8130
group_13466	150	446	2.9733	3	12.1083	1	8.0722
group_6815	216	0	0.0000	0	0.0000	0	0.0000
group_7652	609	4954	8.1346	34	33.7998	17	33.7998
group_6604	381	2034	5.3386	14	22.2462	7	22.2462
group_12897	156	0	0.0000	0	0.0000	0	0.0000
group_598	132	0	0.0000	0	0.0000	0	0.0000
group_2759	267	294	1.1011	2	4.5349	1	4.5349
sufR	636	4258	6.6950	30	28.5573	15	28.5573
group_3453	135	0	0.0000	0	0.0000	0	0.0000
group_6244	222	2202	9.9189	17	46.3605	8	43.6335
group_2492	465	2984	6.4172	21	27.3413	10	26.0393
group_7724	207	0	0.0000	0	0.0000	0	0.0000
group_9753	342	3026	8.8480	22	38.9448	11	38.9448
group_13196	153	292	1.9085	2	7.9139	1	7.9139
group_6097	390	1500	3.8462	10	15.5234	5	15.5234
group_12900	156	522	3.3462	5	19.4043	2	15.5234
group_1929	120	0	0.0000	0	0.0000	0	0.0000
group_5375	231	604	2.6147	4	10.4834	2	10.4834
group_12141	165	116	0.7030	2	7.3384	1	7.3384
group_12902	156	0	0.0000	0	0.0000	0	0.0000
group_10087	339	3391	10.0029	26	46.4329	13	46.4329
group_6246	223	1042	4.6726	7	19.0040	3	16.2892
group_5376	231	113	0.4892	2	5.2417	1	5.2417
group_11594	171	0	0.0000	0	0.0000	0	0.0000
group_8782	198	0	0.0000	0	0.0000	0	0.0000
group_9756	576	0	0.0000	0	0.0000	0	0.0000
group_10234	570	151	0.2649	1	1.0621	0	0.0000
group_6581	1674	0	0.0000	0	0.0000	0	0.0000
group_11209	555	302	0.5441	2	2.1817	1	2.1817
group_10905	873	906	1.0378	6	4.1609	3	4.1609
group_2001	279	151	0.5412	1	2.1699	0	0.0000
group_11865	168	0	0.0000	0	0.0000	0	0.0000
group_9758	342	151	0.4415	1	1.7702	0	0.0000
group_7653	609	352	0.5780	4	3.9764	2	3.9764
group_1106	4008	0	0.0000	0	0.0000	0	0.0000
group_14159	1254	0	0.0000	0	0.0000	0	0.0000
group_2117	474	1717	3.6224	12	15.3269	6	15.3269
group_5942	225	1342	5.9644	10	26.9073	5	26.9073
group_14031	144	0	0.0000	0	0.0000	0	0.0000
group_9505	192	0	0.0000	0	0.0000	0	0.0000
group_7928	603	1891	3.1360	13	13.0520	6	12.0480
group_11863	168	236	1.4048	2	7.2073	1	7.2073
group_12659	159	0	0.0000	0	0.0000	0	0.0000
group_5119	234	877	3.7479	7	18.1107	3	15.5234
group_8338	357	902	2.5266	7	11.8709	3	10.1750
group_11580	549	8263	15.0510	56	61.7544	28	61.7544
group_2968	453	1318	2.9095	9	12.0281	4	10.6916
group_2467	1170	302	0.2581	2	1.0349	1	1.0349
group_3183	261	0	0.0000	0	0.0000	0	0.0000
group_1300	126	0	0.0000	0	0.0000	0	0.0000
group_2663	93	0	0.0000	0	0.0000	0	0.0000
group_5379	231	750	3.2468	5	13.1042	2	10.4834
group_10808	180	1381	7.6722	12	40.3609	6	40.3609
group_6822	216	223	1.0324	2	5.6057	1	5.6057
group_10769	876	604	0.6895	4	2.7644	2	2.7644
group_14703	255	0	0.0000	0	0.0000	0	0.0000
group_14035	144	0	0.0000	0	0.0000	0	0.0000
group_10091	339	604	1.7817	4	7.1435	2	7.1435
group_4353	2067	3228	1.5617	22	6.4437	11	6.4437
group_2647	2793	2670	0.9560	18	3.9017	9	3.9017
group_2859	456	565	1.2390	4	5.3107	2	5.3107
group_14704	333	0	0.0000	0	0.0000	0	0.0000
group_11897	318	859	2.7013	6	11.4229	3	11.4229
group_3736	1098	0	0.0000	0	0.0000	0	0.0000
group_4315	420	0	0.0000	0	0.0000	0	0.0000
group_8431	201	0	0.0000	0	0.0000	0	0.0000
group_8320	924	11776	12.7446	80	52.4168	40	52.4168
group_4999	1026	16474	16.0565	113	66.6782	56	66.0881
group_14706	324	0	0.0000	0	0.0000	0	0.0000
group_2231	111	0	0.0000	0	0.0000	0	0.0000
group_12612	309	1918	6.2071	15	29.3890	7	27.4298
group_9760	576	17655	30.6510	123	129.2811	61	128.2301
group_10095	339	4942	14.5782	34	60.7200	17	60.7200
group_10093	339	294	0.8673	2	3.5718	1	3.5718
group_2529	99	0	0.0000	0	0.0000	0	0.0000
group_8608	591	0	0.0000	0	0.0000	0	0.0000
group_13199	153	0	0.0000	0	0.0000	0	0.0000
group_7932	603	0	0.0000	0	0.0000	0	0.0000
group_4611	240	0	0.0000	0	0.0000	0	0.0000
group_2860	456	0	0.0000	0	0.0000	0	0.0000
group_13761	147	0	0.0000	0	0.0000	0	0.0000
group_5641	228	214	0.9386	2	5.3107	1	5.3107
group_14708	402	7046	17.5274	54	81.3243	27	81.3243
group_14707	471	3371	7.1571	23	29.5637	11	28.2784
group_14709	1473	42967	29.1697	287	117.9592	143	117.5482
group_14710	639	22176	34.7042	152	144.0109	76	144.0109
group_11069	177	210	1.1864	2	6.8408	1	6.8408
group_13583	813	0	0.0000	0	0.0000	0	0.0000
group_2947	264	0	0.0000	0	0.0000	0	0.0000
group_11898	318	151	0.4748	1	1.9038	0	0.0000
group_8784	198	167	0.8434	2	6.1153	1	6.1153
group_14711	927	5888	6.3517	40	26.1236	20	26.1236
group_2371	273	0	0.0000	0	0.0000	0	0.0000
group_5948	225	302	1.3422	2	5.3815	1	5.3815
group_14712	384	302	0.7865	2	3.1532	1	3.1532
group_12907	306	5372	17.5556	36	71.2252	18	71.2252
group_14713	273	996	3.6484	7	15.5234	3	13.3058
group_10496	183	0	0.0000	0	0.0000	0	0.0000
group_5434	660	2228	3.3758	16	14.6767	8	14.6767
group_3980	429	1661	3.8718	11	15.5234	5	14.1122
group_14303	1248	0	0.0000	0	0.0000	0	0.0000
group_11089	558	0	0.0000	0	0.0000	0	0.0000
group_1602	123	0	0.0000	0	0.0000	0	0.0000
group_12590	1317	9986	7.5824	68	31.2590	34	31.2590
group_9811	189	0	0.0000	0	0.0000	0	0.0000
group_14714	195	149	0.7641	1	3.1047	0	0.0000
group_4721	411	1224	2.9781	10	14.7303	5	14.7303
group_7429	210	0	0.0000	0	0.0000	0	0.0000
group_14715	174	168	0.9655	2	6.9588	1	6.9588
group_4858	237	302	1.2743	2	5.1090	1	5.1090
group_13200	153	0	0.0000	0	0.0000	0	0.0000
group_7428	210	335	1.5952	2	5.7658	1	5.7658
group_10498	183	0	0.0000	0	0.0000	0	0.0000
group_2092	3276	1537	0.4692	11	2.0328	5	1.8480
group_2304	471	0	0.0000	0	0.0000	0	0.0000
group_319	792	302	0.3813	2	1.5288	1	1.5288
group_11492	858	755	0.8800	5	3.5281	2	2.8224
group_5223	1872	1208	0.6453	8	2.5872	4	2.5872
group_9497	1467	906	0.6176	6	2.4761	3	2.4761
group_209	7155	3624	0.5065	24	2.0307	12	2.0307
group_345	6060	2114	0.3488	14	1.3986	7	1.3986
group_13160	822	0	0.0000	0	0.0000	0	0.0000
group_12419	837	0	0.0000	0	0.0000	0	0.0000
group_4766	1038	1057	1.0183	7	4.0828	3	3.4995
group_5236	1869	1476	0.7897	10	3.2392	5	3.2392
group_3173	4248	1510	0.3555	10	1.4252	5	1.4252
group_5166	1881	604	0.3211	4	1.2874	2	1.2874
group_10809	180	152	0.8444	1	3.3634	0	0.0000
group_5382	231	687	2.9740	5	13.1042	2	10.4834
group_7132	1614	7399	4.5843	49	18.3800	24	18.0049
group_8786	198	1153	5.8232	9	27.5188	4	24.4612
group_12613	309	1837	5.9450	14	27.4298	7	27.4298
group_10810	180	0	0.0000	0	0.0000	0	0.0000
group_9150	195	0	0.0000	0	0.0000	0	0.0000
group_11597	171	0	0.0000	0	0.0000	0	0.0000
group_1034	783	0	0.0000	0	0.0000	0	0.0000
group_3614	255	0	0.0000	0	0.0000	0	0.0000
group_11899	318	0	0.0000	0	0.0000	0	0.0000
group_14716	180	0	0.0000	0	0.0000	0	0.0000
group_4722	411	445	1.0827	3	4.4191	1	2.9461
group_2949	264	302	1.1439	2	4.5865	1	4.5865
group_7195	1611	1510	0.9373	10	3.7580	5	3.7580
group_5137	405	3000	7.4074	20	29.8970	10	29.8970
group_5949	225	0	0.0000	0	0.0000	0	0.0000
group_13201	153	0	0.0000	0	0.0000	0	0.0000
group_5950	225	0	0.0000	0	0.0000	0	0.0000
group_2373	273	1208	4.4249	8	17.7411	4	17.7411
group_5436	660	0	0.0000	0	0.0000	0	0.0000
group_10501	183	154	0.8415	2	6.6165	1	6.6165
group_12664	159	0	0.0000	0	0.0000	0	0.0000
group_14717	108	0	0.0000	0	0.0000	0	0.0000
group_4029	249	0	0.0000	0	0.0000	0	0.0000
group_5426	1836	864	0.4706	6	1.9785	3	1.9785
group_4440	1053	2396	2.2754	16	9.1991	8	9.1991
group_11857	1347	0	0.0000	0	0.0000	0	0.0000
group_13203	153	0	0.0000	0	0.0000	0	0.0000
group_602	132	0	0.0000	0	0.0000	0	0.0000
group_13508	516	453	0.8779	3	3.5198	1	2.3466
group_12651	1314	1057	0.8044	7	3.2252	3	2.7644
group_9151	195	450	2.3077	4	12.4188	2	12.4188
group_7489	612	0	0.0000	0	0.0000	0	0.0000
group_2590	96	0	0.0000	0	0.0000	0	0.0000
group_7225	618	541	0.8754	4	3.9185	2	3.9185
group_4030	249	0	0.0000	0	0.0000	0	0.0000
group_8094	204	188	0.9216	2	5.9354	1	5.9354
group_5384	231	253	1.0952	2	5.2417	1	5.2417
group_2528	99	0	0.0000	0	0.0000	0	0.0000
group_14209	294	1112	3.7823	8	16.4739	4	16.4739
group_5	138	0	0.0000	0	0.0000	0	0.0000
group_4032	249	534	2.1446	5	12.1569	2	9.7255
group_4244	1065	13192	12.3869	92	52.2987	46	52.2987
group_13767	147	0	0.0000	0	0.0000	0	0.0000
group_11313	174	0	0.0000	0	0.0000	0	0.0000
group_4860	237	0	0.0000	0	0.0000	0	0.0000
group_3774	435	863	1.9839	6	8.3505	3	8.3505
group_10702	333	1244	3.7357	9	16.3625	4	14.5445
group_3271	729	151	0.2071	1	0.8305	0	0.0000
group_11671	1356	604	0.4454	4	1.7859	2	1.7859
group_4318	420	0	0.0000	0	0.0000	0	0.0000
group_8279	1527	0	0.0000	0	0.0000	0	0.0000
group_2008	279	0	0.0000	0	0.0000	0	0.0000
group_10504	183	0	0.0000	0	0.0000	0	0.0000
group_8199	927	0	0.0000	0	0.0000	0	0.0000
group_14039	144	0	0.0000	0	0.0000	0	0.0000
group_5646	228	151	0.6623	1	2.6553	0	0.0000
group_2013	477	0	0.0000	0	0.0000	0	0.0000
group_4384	2055	4641	2.2584	32	9.4274	16	9.4274
group_2665	93	0	0.0000	0	0.0000	0	0.0000
group_2530	99	0	0.0000	0	0.0000	0	0.0000
group_130	795	0	0.0000	0	0.0000	0	0.0000
group_8437	201	0	0.0000	0	0.0000	0	0.0000
group_13173	1290	0	0.0000	0	0.0000	0	0.0000
group_10018	573	0	0.0000	0	0.0000	0	0.0000
group_6330	639	0	0.0000	0	0.0000	0	0.0000
group_390	495	2587	5.2263	19	23.2381	9	22.0151
group_10812	180	0	0.0000	0	0.0000	0	0.0000
group_11902	318	0	0.0000	0	0.0000	0	0.0000
group_556	5049	1812	0.3589	12	1.4389	6	1.4389
group_13829	297	1898	6.3906	14	28.5380	7	28.5380
group_12335	312	2761	8.8494	19	36.8682	9	34.9277
group_6546	219	0	0.0000	0	0.0000	0	0.0000
group_13162	822	0	0.0000	0	0.0000	0	0.0000
group_2214	3159	0	0.0000	0	0.0000	0	0.0000
group_4218	1068	0	0.0000	0	0.0000	0	0.0000
group_3508	2340	0	0.0000	0	0.0000	0	0.0000
group_3841	252	0	0.0000	0	0.0000	0	0.0000
group_11883	849	0	0.0000	0	0.0000	0	0.0000
group_3992	1083	0	0.0000	0	0.0000	0	0.0000
csm3	1053	0	0.0000	0	0.0000	0	0.0000
csm5	1275	0	0.0000	0	0.0000	0	0.0000
group_2135	768	156	0.2031	2	1.5766	1	1.5766
group_2886	1146	0	0.0000	0	0.0000	0	0.0000
group_14041	144	0	0.0000	0	0.0000	0	0.0000
group_2534	99	0	0.0000	0	0.0000	0	0.0000
group_13479	150	0	0.0000	0	0.0000	0	0.0000
group_3389	444	436	0.9820	3	4.0906	1	2.7271
group_2548	2880	4065	1.4115	27	5.6758	13	5.4655
group_3842	252	0	0.0000	0	0.0000	0	0.0000
group_14718	279	2932	10.5090	21	45.5688	10	43.3989
group_14719	432	2209	5.1134	16	22.4227	8	22.4227
group_14720	423	2111	4.9905	15	21.4686	7	20.0373
group_14721	282	3556	12.6099	25	53.6715	12	51.5246
group_14722	363	2114	5.8237	14	23.3493	7	23.3493
group_14723	417	598	1.4341	4	5.8073	2	5.8073
group_14724	624	1289	2.0657	9	8.7319	4	7.7617
group_14725	135	0	0.0000	0	0.0000	0	0.0000
group_12152	165	0	0.0000	0	0.0000	0	0.0000
group_14726	222	0	0.0000	0	0.0000	0	0.0000
group_3843	252	534	2.1190	5	12.0122	2	9.6097
group_3844	252	151	0.5992	1	2.4024	0	0.0000
group_1079	1212	302	0.2492	2	0.9990	1	0.9990
group_7226	618	0	0.0000	0	0.0000	0	0.0000
group_7114	213	0	0.0000	0	0.0000	0	0.0000
group_2019	771	4975	6.4527	35	27.4831	17	26.6979
group_13714	1269	906	0.7139	6	2.8625	3	2.8625
group_7493	612	0	0.0000	0	0.0000	0	0.0000
grrM	1182	3676	3.1100	25	12.8049	12	12.2927
group_2450	102	0	0.0000	0	0.0000	0	0.0000
group_9474	345	597	1.7304	4	7.0193	2	7.0193
group_11746	546	743	1.3608	5	5.5441	2	4.4353
group_11604	171	0	0.0000	0	0.0000	0	0.0000
group_11605	171	450	2.6316	3	10.6213	1	7.0809
group_6455	384	0	0.0000	0	0.0000	0	0.0000
group_4767	1038	0	0.0000	0	0.0000	0	0.0000
group_2133	114	0	0.0000	0	0.0000	0	0.0000
group_10458	567	0	0.0000	0	0.0000	0	0.0000
group_14727	792	0	0.0000	0	0.0000	0	0.0000
group_2966	738	906	1.2276	6	4.9221	3	4.9221
group_14728	213	0	0.0000	0	0.0000	0	0.0000
group_5514	399	3260	8.1704	23	34.8986	11	33.3812
group_14731	228	0	0.0000	0	0.0000	0	0.0000
group_14730	405	0	0.0000	0	0.0000	0	0.0000
group_7403	945	9716	10.2815	66	42.2829	33	42.2829
group_6831	216	1465	6.7824	11	30.8313	5	28.0284
group_9515	192	977	5.0885	7	22.0724	3	18.9192
group_12	138	0	0.0000	0	0.0000	0	0.0000
group_2789	1152	302	0.2622	2	1.0511	1	1.0511
group_11	138	0	0.0000	0	0.0000	0	0.0000
group_13934	807	0	0.0000	0	0.0000	0	0.0000
group_6547	219	0	0.0000	0	0.0000	0	0.0000
group_5001	1026	0	0.0000	0	0.0000	0	0.0000
group_4968	1914	0	0.0000	0	0.0000	0	0.0000
group_10199	1428	0	0.0000	0	0.0000	0	0.0000
group_11911	543	0	0.0000	0	0.0000	0	0.0000
group_5132	1020	0	0.0000	0	0.0000	0	0.0000
group_12066	540	0	0.0000	0	0.0000	0	0.0000
group_7783	606	0	0.0000	0	0.0000	0	0.0000
group_5649	228	0	0.0000	0	0.0000	0	0.0000
group_4034	249	0	0.0000	0	0.0000	0	0.0000
group_14737	234	0	0.0000	0	0.0000	0	0.0000
group_3186	261	151	0.5785	1	2.3196	0	0.0000
group_13183	303	151	0.4983	1	1.9981	0	0.0000
group_14738	459	0	0.0000	0	0.0000	0	0.0000
group_5691	396	755	1.9066	5	7.6441	2	6.1153
group_4506	2025	3710	1.8321	25	7.4742	12	7.1753
group_5207	1017	2055	2.0206	14	8.3341	7	8.3341
group_14739	174	252	1.4483	2	6.9588	1	6.9588
group_7734	207	601	2.9034	4	11.6988	2	11.6988
group_13208	153	205	1.3399	2	7.9139	1	7.9139
group_14733	234	0	0.0000	0	0.0000	0	0.0000
group_8653	354	302	0.8531	2	3.4204	1	3.4204
group_2593	96	544	5.6667	6	37.8384	3	37.8384
group_6257	222	302	1.3604	2	5.4542	1	5.4542
group_7735	207	302	1.4589	2	5.8494	1	5.8494
group_8070	360	0	0.0000	0	0.0000	0	0.0000
group_1935	120	0	0.0000	0	0.0000	0	0.0000
group_4457	417	0	0.0000	0	0.0000	0	0.0000
group_5888	393	3166	8.0560	23	35.4314	11	33.8909
group_4365	243	218	0.8971	2	4.9828	1	4.9828
group_6573	633	0	0.0000	0	0.0000	0	0.0000
group_11091	558	0	0.0000	0	0.0000	0	0.0000
group_1357	780	0	0.0000	0	0.0000	0	0.0000
group_7737	207	0	0.0000	0	0.0000	0	0.0000
group_4099	426	0	0.0000	0	0.0000	0	0.0000
group_10108	1434	0	0.0000	0	0.0000	0	0.0000
group_4037	249	0	0.0000	0	0.0000	0	0.0000
group_4744	678	1057	1.5590	7	6.2506	3	5.3576
group_5804	651	2260	3.4716	16	14.8796	8	14.8796
group_10110	888	1510	1.7005	10	6.8177	5	6.8177
group_14742	561	575	1.0250	4	4.3167	2	4.3167
group_14741	183	0	0.0000	0	0.0000	0	0.0000
group_7642	1569	0	0.0000	0	0.0000	0	0.0000
group_5679	654	0	0.0000	0	0.0000	0	0.0000
group_4421	687	0	0.0000	0	0.0000	0	0.0000
group_13515	300	1057	3.5233	7	14.1263	3	12.1083
group_12340	312	0	0.0000	0	0.0000	0	0.0000
group_3621	255	190	0.7451	2	4.7483	1	4.7483
group_11316	174	370	2.1264	4	13.9176	2	13.9176
group_3390	444	2269	5.1104	15	20.4532	7	19.0896
group_14744	525	1010	1.9238	8	9.2254	4	9.2254
group_14748	2100	2114	1.0067	14	4.0361	7	4.0361
group_12668	159	1274	8.0126	9	34.2687	4	30.4611
group_3373	726	0	0.0000	0	0.0000	0	0.0000
group_14752	348	1660	4.7701	11	19.1367	5	17.3970
group_14750	324	16072	49.6049	110	205.5418	55	205.5418
group_14751	297	0	0.0000	0	0.0000	0	0.0000
group_14753	1077	906	0.8412	6	3.3728	3	3.3728
group_14755	123	0	0.0000	0	0.0000	0	0.0000
group_13483	150	0	0.0000	0	0.0000	0	0.0000
group_14757	1245	42187	33.8851	285	138.5888	142	138.1025
group_14762	417	893	2.1415	6	8.7110	3	8.7110
group_6549	219	0	0.0000	0	0.0000	0	0.0000
group_14763	1101	115448	104.8574	788	433.3028	394	433.3028
group_14767	282	1761	6.2447	13	27.9092	6	25.7623
group_14769	744	9878	13.2769	64	52.0786	32	52.0786
group_14770	270	2261	8.3741	15	33.6341	7	31.3918
group_14772	273	886	3.2454	7	15.5234	3	13.3058
group_14771	195	2156	11.0564	15	46.5703	7	43.4656
group_9821	189	0	0.0000	0	0.0000	0	0.0000
group_8655	354	3904	11.0282	26	44.4654	13	44.4654
group_14773	669	4213	6.2975	28	25.3387	14	25.3387
group_13210	153	98	0.6405	1	3.9570	0	0.0000
group_10408	336	306	0.9107	2	3.6037	1	3.6037
group_14217	294	1233	4.1939	9	18.5331	4	16.4739
group_14774	246	1142	4.6423	8	19.6883	4	19.6883
group_14776	567	949	1.6737	7	7.4742	3	6.4065
group_14775	210	668	3.1810	5	14.4146	2	11.5317
group_14778	300	0	0.0000	0	0.0000	0	0.0000
group_14780	411	1208	2.9392	8	11.7842	4	11.7842
group_2384	105	0	0.0000	0	0.0000	0	0.0000
group_2322	762	1650	2.1654	11	8.7396	5	7.9451
group_963	285	3452	12.1123	24	50.9822	12	50.9822
group_5693	396	5016	12.6667	35	53.5088	17	51.9800
group_8800	198	1767	8.9242	14	42.8071	7	42.8071
group_14781	1302	4181	3.2112	29	13.4846	14	13.0197
group_14782	648	884	1.3642	6	5.6057	3	5.6057
group_14783	1365	13223	9.6872	88	39.0304	44	39.0304
group_14784	285	758	2.6596	5	10.6213	2	8.4970
group_5073	669	1571	2.3483	11	9.9545	5	9.0495
group_9771	342	942	2.7544	7	12.3915	3	10.6213
group_14785	519	7843	15.1118	54	62.9911	27	62.9911
group_12670	159	294	1.8491	2	7.6153	1	7.6153
group_14786	168	3194	19.0119	34	122.5243	17	122.5243
group_3985	429	755	1.7599	5	7.0561	2	5.6449
group_1314	126	1032	8.1905	10	48.0487	5	48.0487
group_8100	204	402	1.9706	3	8.9031	1	5.9354
group_14787	198	692	3.4949	6	18.3459	3	18.3459
group_619	132	0	0.0000	0	0.0000	0	0.0000
group_14788	219	898	4.1005	6	16.5867	3	16.5867
group_2749	138	0	0.0000	0	0.0000	0	0.0000
group_5523	1005	2324	2.3124	17	10.2408	8	9.6384
group_4256	693	604	0.8716	4	3.4945	2	3.4945
group_2833	744	1572	2.1129	11	8.9510	5	8.1373
group_6299	387	143	0.3695	1	1.5644	0	0.0000
group_5937	123	0	0.0000	0	0.0000	0	0.0000
group_10697	1407	453	0.3220	3	1.2909	1	0.8606
group_1951	774	302	0.3902	2	1.5644	1	1.5644
group_6107	390	1044	2.6769	7	10.8664	3	9.3141
group_2867	456	11029	24.1864	79	104.8853	39	103.5577
group_14789	3468	151	0.0435	1	0.1746	0	0.0000
group_14790	342	495	1.4474	4	7.0809	2	7.0809
group_12915	156	151	0.9679	1	3.8809	0	0.0000
group_13967	1260	1215	0.9643	9	4.3244	4	3.8439
group_2970	1137	604	0.5312	4	2.1299	2	2.1299
group_5094	1896	755	0.3982	5	1.5966	2	1.2772
group_4395	1056	151	0.1430	1	0.5733	0	0.0000
group_12147	315	0	0.0000	0	0.0000	0	0.0000
group_5149	405	151	0.3728	1	1.4948	0	0.0000
group_7744	207	0	0.0000	0	0.0000	0	0.0000
group_14791	234	0	0.0000	0	0.0000	0	0.0000
group_8075	360	906	2.5167	6	10.0902	3	10.0902
group_6300	387	0	0.0000	0	0.0000	0	0.0000
group_68	1236	1110	0.8981	8	3.9185	4	3.9185
group_7369	369	0	0.0000	0	0.0000	0	0.0000
group_66	1236	6458	5.2249	43	21.0621	21	20.5723
group_620	132	0	0.0000	0	0.0000	0	0.0000
group_11909	318	1015	3.1918	7	13.3267	3	11.4229
group_2767	267	0	0.0000	0	0.0000	0	0.0000
group_12671	159	417	2.6226	3	11.4229	1	7.6153
group_2014	279	532	1.9068	4	8.6798	2	8.6798
group_7128	213	595	2.7934	5	14.2116	2	11.3693
group_21	138	0	0.0000	0	0.0000	0	0.0000
group_5660	228	294	1.2895	2	5.3107	1	5.3107
group_2404	759	0	0.0000	0	0.0000	0	0.0000
group_2229	765	811	1.0601	6	4.7483	3	4.7483
group_11876	168	151	0.8988	1	3.6037	0	0.0000
group_13592	813	1037	1.2755	7	5.2127	3	4.4680
group_5943	993	453	0.4562	3	1.8290	1	1.2194
group_13886	1263	604	0.4782	4	1.9174	2	1.9174
group_12073	1338	909	0.6794	7	3.1673	3	2.7149
group_2971	1137	0	0.0000	0	0.0000	0	0.0000
group_12151	315	445	1.4127	3	5.7658	1	3.8439
group_10815	180	513	2.8500	5	16.8171	2	13.4536
group_1652	483	0	0.0000	0	0.0000	0	0.0000
group_10747	564	8899	15.7784	59	63.3323	29	62.2589
group_3253	2454	16264	6.6275	109	26.8908	54	26.6441
group_8705	1509	10816	7.1677	72	28.8866	36	28.8866
group_8316	597	5192	8.6968	36	36.5074	18	36.5074
group_1247	1209	9390	7.7667	64	32.0484	32	32.0484
group_4169	1206	10815	8.9677	75	37.6501	37	37.1481
group_6203	642	1540	2.3988	12	11.3162	6	11.3162
group_14792	4905	26262	5.3541	174	21.4765	87	21.4765
group_12425	162	0	0.0000	0	0.0000	0	0.0000
group_6212	1722	222	0.1289	2	0.7032	1	0.7032
group_2752	459	0	0.0000	0	0.0000	0	0.0000
group_2378	273	141	0.5165	1	2.2176	0	0.0000
group_10814	180	147	0.8167	1	3.3634	0	0.0000
group_6266	222	351	1.5811	4	10.9084	2	10.9084
group_3502	1113	453	0.4070	3	1.6318	1	1.0879
group_12592	1317	302	0.2293	2	0.9194	1	0.9194
group_7518	942	4675	4.9628	31	19.9234	15	19.2807
group_7438	210	0	0.0000	0	0.0000	0	0.0000
group_1604	282	151	0.5355	1	2.1469	0	0.0000
group_5661	228	0	0.0000	0	0.0000	0	0.0000
group_328	792	2775	3.5038	19	14.5238	9	13.7594
group_10173	186	0	0.0000	0	0.0000	0	0.0000
group_2191	276	0	0.0000	0	0.0000	0	0.0000
group_11095	558	1334	2.3907	10	10.8497	5	10.8497
group_5211	1017	1046	1.0285	7	4.1671	3	3.5718
group_9258	348	3975	11.4224	27	46.9718	13	45.2321
group_5311	663	3736	5.6350	25	22.8286	12	21.9154
group_4624	1044	1686	1.6149	12	6.9588	6	6.9588
group_4949	1917	93511	48.7799	630	198.9624	315	198.9624
group_6756	966	449	0.4648	3	1.8802	1	1.2534
group_12282	840	556	0.6619	4	2.8829	2	2.8829
group_9621	897	755	0.8417	5	3.3747	2	2.6997
group_3379	1119	1057	0.9446	7	3.7872	3	3.2462
group_7759	936	1278	1.3654	9	5.8213	4	5.1745
group_13691	513	604	1.1774	4	4.7206	2	4.7206
group_10519	183	150	0.8197	1	3.3083	0	0.0000
group_4370	243	446	1.8354	3	7.4742	1	4.9828
group_5663	228	151	0.6623	1	2.6553	0	0.0000
group_10112	339	747	2.2035	5	8.9294	2	7.1435
group_12676	159	0	0.0000	0	0.0000	0	0.0000
group_10614	879	2114	2.4050	14	9.6425	7	9.6425
group_3858	1092	5338	4.8883	36	19.9587	18	19.9587
group_6457	384	728	1.8958	5	7.8830	2	6.3064
group_5393	231	302	1.3074	2	5.2417	1	5.2417
group_5138	234	0	0.0000	0	0.0000	0	0.0000
group_14793	222	0	0.0000	0	0.0000	0	0.0000
group_13774	147	0	0.0000	0	0.0000	0	0.0000
group_10414	336	302	0.8988	2	3.6037	1	3.6037
group_4465	417	897	2.1511	6	8.7110	3	8.7110
group_2367	468	151	0.3226	1	1.2936	0	0.0000
group_2319	108	0	0.0000	0	0.0000	0	0.0000
group_8107	204	294	1.4412	2	5.9354	1	5.9354
gerE	282	6896	24.4539	49	105.1961	24	103.0492
group_11105	1383	3771	2.7267	25	10.9439	12	10.5061
group_9162	195	0	0.0000	0	0.0000	0	0.0000
group_1939	120	138	1.1500	2	10.0902	1	10.0902
group_14093	507	0	0.0000	0	0.0000	0	0.0000
group_9766	576	0	0.0000	0	0.0000	0	0.0000
group_3452	2364	1510	0.6387	10	2.5610	5	2.5610
group_14794	1032	8770	8.4981	59	34.6119	29	34.0252
group_14795	3228	12697	3.9334	85	15.9418	42	15.7543
group_8809	198	0	0.0000	0	0.0000	0	0.0000
chlD	1383	8978	6.4917	61	26.7030	30	26.2653
group_1940	120	0	0.0000	0	0.0000	0	0.0000
group_10474	567	453	0.7989	3	3.2032	1	2.1355
group_6331	1695	552	0.3257	4	1.4287	2	1.4287
group_4222	2112	1039	0.4920	7	2.0066	3	1.7199
group_1938	480	1877	3.9104	14	17.6579	7	17.6579
group_4219	1068	453	0.4242	3	1.7006	1	1.1337
group_4887	1032	453	0.4390	3	1.7599	1	1.1733
group_2751	1155	6282	5.4390	43	22.5392	21	22.0151
group_13492	150	0	0.0000	0	0.0000	0	0.0000
group_5395	231	2844	12.3117	19	49.7960	9	47.1751
group_5396	231	302	1.3074	2	5.2417	1	5.2417
group_12593	1317	0	0.0000	0	0.0000	0	0.0000
group_3163	2496	2718	1.0889	18	4.3660	9	4.3660
group_2405	759	453	0.5968	3	2.3929	1	1.5953
group_8662	354	604	1.7062	4	6.8408	2	6.8408
group_4619	129	0	0.0000	0	0.0000	0	0.0000
group_2574	270	1801	6.6704	13	29.1496	6	26.9073
group_2452	102	0	0.0000	0	0.0000	0	0.0000
group_13850	297	4539	15.2828	33	67.2682	16	65.2298
group_4528	684	151	0.2208	1	0.8851	0	0.0000
group_3439	258	261	1.0116	2	4.6931	1	4.6931
group_7749	208	295	1.4183	2	5.8213	1	5.8213
group_6110	390	2569	6.5872	20	31.0469	10	31.0469
group_9526	192	320	1.6667	3	9.4596	1	6.3064
group_11374	324	453	1.3981	3	5.6057	1	3.7371
group_5441	660	38284	58.0061	268	245.8348	134	245.8348
group_10955	330	548	1.6606	4	7.3384	2	7.3384
group_14796	138	0	0.0000	0	0.0000	0	0.0000
group_9780	894	1055	1.1801	7	4.7404	3	4.0632
group_12350	312	302	0.9679	2	3.8809	1	3.8809
group_12428	162	0	0.0000	0	0.0000	0	0.0000
group_9368	903	7515	8.3223	52	34.8633	26	34.8633
group_2032	117	0	0.0000	0	0.0000	0	0.0000
group_10178	186	453	2.4355	3	9.7647	1	6.5098
group_14797	990	0	0.0000	0	0.0000	0	0.0000
group_431	1224	302	0.2467	2	0.9892	1	0.9892
group_7293	1599	0	0.0000	0	0.0000	0	0.0000
group_331	792	0	0.0000	0	0.0000	0	0.0000
group_10524	183	0	0.0000	0	0.0000	0	0.0000
group_2183	1185	0	0.0000	0	0.0000	0	0.0000
group_5443	660	0	0.0000	0	0.0000	0	0.0000
group_2764	138	254	1.8406	2	8.7741	1	8.7741
group_2887	1146	1910	1.6667	13	6.8677	6	6.3394
group_2536	99	0	0.0000	0	0.0000	0	0.0000
group_2237	111	0	0.0000	0	0.0000	0	0.0000
group_5525	1005	15620	15.5423	109	65.6618	54	65.0594
group_14799	360	1329	3.6917	9	15.1354	4	13.4536
group_5732	999	0	0.0000	0	0.0000	0	0.0000
group_5645	1800	0	0.0000	0	0.0000	0	0.0000
group_2453	102	0	0.0000	0	0.0000	0	0.0000
group_14800	879	4511	5.1320	30	20.6626	15	20.6626
group_1661	483	2830	5.8592	19	23.8155	9	22.5620
group_8814	198	598	3.0202	4	12.2306	2	12.2306
group_10180	186	0	0.0000	0	0.0000	0	0.0000
group_10416	336	0	0.0000	0	0.0000	0	0.0000
group_14809	1584	1208	0.7626	8	3.0576	4	3.0576
group_14802	690	830	1.2029	6	5.2645	3	5.2645
group_14806	6474	3624	0.5598	24	2.2444	12	2.2444
group_14816	2121	1963	0.9255	13	3.7107	6	3.4253
group_14803	777	604	0.7773	4	3.1167	2	3.1167
group_14810	1032	868	0.8411	6	3.5198	3	3.5198
group_14818	1587	1959	1.2344	13	4.9593	6	4.5778
group_14814	588	1015	1.7262	7	7.2073	3	6.1777
group_14805	1689	906	0.5364	6	2.1507	3	2.1507
group_14804	897	1188	1.3244	8	5.3995	4	5.3995
group_14811	993	1621	1.6324	11	6.7065	5	6.0968
group_14812	930	1539	1.6548	11	7.1608	5	6.5098
group_14801	906	1510	1.6667	10	6.6823	5	6.6823
group_14807	900	1208	1.3422	8	5.3815	4	5.3815
group_14817	1650	1661	1.0067	11	4.0361	5	3.6692
group_14819	915	868	0.9486	6	3.9699	3	3.9699
group_14808	882	1057	1.1984	7	4.8049	3	4.1185
group_14820	123	0	0.0000	0	0.0000	0	0.0000
group_7700	1563	14594	9.3372	98	37.9594	49	37.9594
group_8236	1530	0	0.0000	0	0.0000	0	0.0000
group_13521	1278	0	0.0000	0	0.0000	0	0.0000
group_5381	1323	0	0.0000	0	0.0000	0	0.0000
group_3278	1125	0	0.0000	0	0.0000	0	0.0000
group_14823	315	0	0.0000	0	0.0000	0	0.0000
group_14822	255	0	0.0000	0	0.0000	0	0.0000
group_14821	222	532	2.3964	4	10.9084	2	10.9084
group_14825	8379	0	0.0000	0	0.0000	0	0.0000
group_14824	7740	0	0.0000	0	0.0000	0	0.0000
group_14826	207	0	0.0000	0	0.0000	0	0.0000
group_5947	993	0	0.0000	0	0.0000	0	0.0000
group_9181	585	0	0.0000	0	0.0000	0	0.0000
group_2330	762	1118	1.4672	8	6.3561	4	6.3561
group_8999	1494	0	0.0000	0	0.0000	0	0.0000
group_6211	1722	0	0.0000	0	0.0000	0	0.0000
group_2406	759	0	0.0000	0	0.0000	0	0.0000
group_11886	168	0	0.0000	0	0.0000	0	0.0000
group_14830	156	0	0.0000	0	0.0000	0	0.0000
group_5979	226	470	2.0796	4	10.7153	2	10.7153
group_14832	750	47632	63.5093	324	261.5389	162	261.5389
group_12165	165	233	1.4121	4	14.6767	2	14.6767
group_2386	105	0	0.0000	0	0.0000	0	0.0000
group_7444	210	0	0.0000	0	0.0000	0	0.0000
group_2666	93	183	1.9677	2	13.0197	1	13.0197
group_10181	186	0	0.0000	0	0.0000	0	0.0000
group_12921	157	0	0.0000	0	0.0000	0	0.0000
group_8111	204	0	0.0000	0	0.0000	0	0.0000
group_6521	975	558	0.5723	4	2.4838	2	2.4838
group_5142	234	0	0.0000	0	0.0000	0	0.0000
group_2963	2613	10558	4.0406	70	16.2185	35	16.2185
group_12279	1332	4016	3.0150	27	12.2719	13	11.8174
group_9223	1668	302	0.1811	2	0.7259	1	0.7259
group_2388	105	0	0.0000	0	0.0000	0	0.0000
group_9263	348	0	0.0000	0	0.0000	0	0.0000
group_5214	1017	1359	1.3363	9	5.3576	4	4.7624
group_2754	459	2190	4.7712	15	19.7848	7	18.4658
group_6445	636	302	0.4748	2	1.9038	1	1.9038
group_4954	672	0	0.0000	0	0.0000	0	0.0000
group_4344	690	3747	5.4304	26	22.8127	13	22.8127
group_10419	336	0	0.0000	0	0.0000	0	0.0000
group_12167	165	110	0.6667	2	7.3384	1	7.3384
group_7171	372	151	0.4059	1	1.6275	0	0.0000
group_10820	180	250	1.3889	2	6.7268	1	6.7268
group_9163	195	904	4.6359	6	18.6281	3	18.6281
group_8982	351	151	0.4302	1	1.7248	0	0.0000
group_4188	696	755	1.0848	5	4.3492	2	3.4794
group_2957	264	302	1.1439	2	4.5865	1	4.5865
group_4322	285	0	0.0000	0	0.0000	0	0.0000
group_2145	3225	7752	2.4037	52	9.7617	26	9.7617
group_4622	240	0	0.0000	0	0.0000	0	0.0000
group_631	132	640	4.8485	6	27.5188	3	27.5188
group_5208	666	151	0.2267	1	0.9090	0	0.0000
group_3375	726	143	0.1970	1	0.8339	0	0.0000
group_2035	117	208	1.7778	2	10.3490	1	10.3490
group_14057	144	559	3.8819	6	25.2256	3	25.2256
group_13855	297	0	0.0000	0	0.0000	0	0.0000
cas5d	780	3370	4.3205	24	18.6281	12	18.6281
group_4932	1029	4819	4.6832	34	20.0040	17	20.0040
group_2697	2763	22003	7.9634	146	31.9908	73	31.9908
group_9828	189	195	1.0317	2	6.4065	1	6.4065
group_2139	768	2131	2.7747	16	12.6128	8	12.6128
group_4112	699	0	0.0000	0	0.0000	0	0.0000
group_5670	228	0	0.0000	0	0.0000	0	0.0000
group_5897	393	817	2.0789	6	9.2430	3	9.2430
group_4374	243	814	3.3498	6	14.9485	3	14.9485
group_5143	234	1454	6.2137	12	31.0469	6	31.0469
group_12156	315	0	0.0000	0	0.0000	0	0.0000
group_12679	159	0	0.0000	0	0.0000	0	0.0000
group_2321	108	0	0.0000	0	0.0000	0	0.0000
betA	2499	3321	1.3289	22	5.3298	11	5.3298
amyA	1890	3622	1.9164	24	7.6878	12	7.6878
group_12923	156	236	1.5128	2	7.7617	1	7.7617
group_1323	126	0	0.0000	0	0.0000	0	0.0000
group_11489	1365	38642	28.3092	256	113.5429	128	113.5429
group_3442	258	0	0.0000	0	0.0000	0	0.0000
group_6839	216	151	0.6991	1	2.8028	0	0.0000
group_11100	558	570	1.0215	4	4.3399	2	4.3399
group_14833	1860	798	0.4290	8	2.6039	4	2.6039
group_691	1218	15427	12.6658	103	51.1968	51	50.6997
group_3628	255	0	0.0000	0	0.0000	0	0.0000
group_3199	261	0	0.0000	0	0.0000	0	0.0000
group_12353	312	151	0.4840	1	1.9404	0	0.0000
group_5341	402	646	1.6070	5	7.5300	2	6.0240
group_1941	120	0	0.0000	0	0.0000	0	0.0000
group_6840	216	1057	4.8935	7	19.6199	3	16.8171
group_8087	360	2488	6.9111	18	30.2707	9	30.2707
group_5144	234	151	0.6453	1	2.5872	0	0.0000
group_13693	513	0	0.0000	0	0.0000	0	0.0000
group_10781	876	0	0.0000	0	0.0000	0	0.0000
group_8964	912	0	0.0000	0	0.0000	0	0.0000
group_2706	1158	0	0.0000	0	0.0000	0	0.0000
group_12677	531	3840	7.2316	28	31.9239	14	31.9239
group_6271	222	0	0.0000	0	0.0000	0	0.0000
group_2480	756	0	0.0000	0	0.0000	0	0.0000
group_12680	159	986	6.2013	7	26.6535	3	22.8458
group_8776	1506	33246	22.0757	226	90.8523	113	90.8523
group_8116	204	2250	11.0294	16	47.4835	8	47.4835
group_8670	354	661	1.8672	5	8.5510	2	6.8408
group_13598	813	0	0.0000	0	0.0000	0	0.0000
group_6845	216	0	0.0000	0	0.0000	0	0.0000
group_8088	360	0	0.0000	0	0.0000	0	0.0000
group_4207	246	0	0.0000	0	0.0000	0	0.0000
group_3949	705	0	0.0000	0	0.0000	0	0.0000
group_2016	279	0	0.0000	0	0.0000	0	0.0000
group_9529	192	1536	8.0000	12	37.8384	6	37.8384
group_14835	768	594	0.7734	4	3.1532	2	3.1532
group_14834	2376	76480	32.1886	515	131.2240	257	130.9692
group_14839	624	453	0.7260	3	2.9106	1	1.9404
group_14837	126	0	0.0000	0	0.0000	0	0.0000
group_8818	198	0	0.0000	0	0.0000	0	0.0000
group_3862	252	0	0.0000	0	0.0000	0	0.0000
group_14056	144	0	0.0000	0	0.0000	0	0.0000
group_14840	318	1801	5.6635	12	22.8458	6	22.8458
group_4209	246	1918	7.7967	13	31.9934	6	29.5324
group_14844	849	4333	5.1037	31	22.1058	15	21.3927
group_14843	570	0	0.0000	0	0.0000	0	0.0000
group_10822	180	0	0.0000	0	0.0000	0	0.0000
group_9784	894	6495	7.2651	44	29.7967	22	29.7967
group_8449	201	0	0.0000	0	0.0000	0	0.0000
group_14845	1830	9190	5.0219	56	18.5263	28	18.5263
group_14846	624	13792	22.1026	95	92.1704	47	91.2002
group_14847	258	604	2.3411	4	9.3863	2	9.3863
group_14848	1221	23968	19.6298	161	79.8294	80	79.3335
group_14849	1170	20957	17.9120	142	73.4776	71	73.4776
group_8910	588	604	1.0272	4	4.1185	2	4.1185
group_14850	648	5328	8.2222	40	37.3712	20	37.3712
group_14851	639	17010	26.6197	117	110.8505	58	109.9030
group_14852	285	3791	13.3018	26	55.2308	13	55.2308
group_14853	477	1626	3.4088	11	13.9613	5	12.6921
group_14854	951	21786	22.9085	148	94.2180	74	94.2180
group_14855	705	22721	32.2284	151	129.6703	75	128.8115
group_14856	621	542	0.8728	4	3.8996	2	3.8996
group_14857	270	1744	6.4593	12	26.9073	6	26.9073
group_14858	621	2939	4.7327	20	19.4980	10	19.4980
group_14859	309	2548	8.2460	18	35.2668	9	35.2668
group_14860	501	9422	18.8064	63	76.1299	31	74.9215
group_14861	546	574	1.0513	5	5.5441	2	4.4353
group_14862	186	599	3.2204	4	13.0197	2	13.0197
group_14082	1257	5330	4.2403	34	16.3756	17	16.3756
cpcA	495	7463	15.0768	54	66.0452	27	66.0452
cpeB	561	7340	13.0838	50	53.9585	25	53.9585
group_14863	138	172	1.2464	2	8.7741	1	8.7741
group_14864	315	4015	12.7460	27	51.8926	13	49.9707
ybaB	345	1933	5.6029	14	24.5675	7	24.5675
group_10823	180	121	0.6722	1	3.3634	0	0.0000
group_14865	1434	0	0.0000	0	0.0000	0	0.0000
group_7308	948	3474	3.6646	24	15.3269	12	15.3269
group_12925	156	0	0.0000	0	0.0000	0	0.0000
group_6558	219	0	0.0000	0	0.0000	0	0.0000
group_3202	261	0	0.0000	0	0.0000	0	0.0000
group_570	213	0	0.0000	0	0.0000	0	0.0000
group_9166	195	0	0.0000	0	0.0000	0	0.0000
group_4625	240	0	0.0000	0	0.0000	0	0.0000
group_628	132	0	0.0000	0	0.0000	0	0.0000
group_14873	1815	0	0.0000	0	0.0000	0	0.0000
group_14874	1119	0	0.0000	0	0.0000	0	0.0000
group_14870	1281	0	0.0000	0	0.0000	0	0.0000
group_14869	243	0	0.0000	0	0.0000	0	0.0000
group_14871	834	0	0.0000	0	0.0000	0	0.0000
group_14867	774	0	0.0000	0	0.0000	0	0.0000
group_14866	1134	0	0.0000	0	0.0000	0	0.0000
group_14875	480	0	0.0000	0	0.0000	0	0.0000
group_14872	666	151	0.2267	1	0.9090	0	0.0000
group_14868	981	0	0.0000	0	0.0000	0	0.0000
group_4210	246	0	0.0000	0	0.0000	0	0.0000
group_4918	408	600	1.4706	4	5.9354	2	5.9354
group_13535	300	0	0.0000	0	0.0000	0	0.0000
group_2138	114	0	0.0000	0	0.0000	0	0.0000
group_4626	240	0	0.0000	0	0.0000	0	0.0000
group_5147	234	0	0.0000	0	0.0000	0	0.0000
group_6307	387	0	0.0000	0	0.0000	0	0.0000
group_7309	948	0	0.0000	0	0.0000	0	0.0000
group_11933	849	0	0.0000	0	0.0000	0	0.0000
group_5703	396	0	0.0000	0	0.0000	0	0.0000
group_2037	117	197	1.6838	2	10.3490	1	10.3490
group_2636	462	0	0.0000	0	0.0000	0	0.0000
group_5683	654	0	0.0000	0	0.0000	0	0.0000
group_74	291	0	0.0000	0	0.0000	0	0.0000
group_3994	1083	5006	4.6223	39	21.8016	19	21.2426
group_3924	1410	124984	88.6411	834	358.0960	417	358.0960
group_5148	234	0	0.0000	0	0.0000	0	0.0000
group_11616	171	0	0.0000	0	0.0000	0	0.0000
group_13536	300	4836	16.1200	34	68.6136	17	68.6136
group_4211	246	0	0.0000	0	0.0000	0	0.0000
group_3711	714	0	0.0000	0	0.0000	0	0.0000
group_14876	312	302	0.9679	2	3.8809	1	3.8809
group_4838	1197	302	0.2523	2	1.0116	1	1.0116
group_12678	531	0	0.0000	0	0.0000	0	0.0000
group_14878	267	0	0.0000	0	0.0000	0	0.0000
group_14059	144	0	0.0000	0	0.0000	0	0.0000
group_6848	216	0	0.0000	0	0.0000	0	0.0000
group_5406	231	0	0.0000	0	0.0000	0	0.0000
hpsN	972	755	0.7767	5	3.1143	2	2.4914
group_9274	348	0	0.0000	0	0.0000	0	0.0000
group_7356	1593	24313	15.2624	167	63.4678	83	63.0877
group_4213	246	1227	4.9878	10	24.6103	5	24.6103
group_2667	93	0	0.0000	0	0.0000	0	0.0000
group_8054	1539	0	0.0000	0	0.0000	0	0.0000
group_6272	222	0	0.0000	0	0.0000	0	0.0000
group_14879	3042	9323	3.0648	63	12.5382	31	12.3391
group_14880	939	17323	18.4483	119	76.7245	59	76.0797
group_14881	243	1207	4.9671	8	19.9313	4	19.9313
group_2756	459	0	0.0000	0	0.0000	0	0.0000
group_14882	171	0	0.0000	0	0.0000	0	0.0000
group_993	129	687	5.3256	6	28.1588	3	28.1588
group_482	288	1898	6.5903	17	35.7363	8	33.6341
group_8366	357	151	0.4230	1	1.6958	0	0.0000
group_8633	591	9098	15.3942	63	64.5365	31	63.5121
group_10718	333	4399	13.2102	32	58.1779	16	58.1779
group_2141	768	11188	14.5677	75	59.1225	37	58.3342
group_10619	879	13973	15.8965	95	65.4316	47	64.7428
group_14887	1218	50125	41.1535	336	167.0108	168	167.0108
group_14886	228	0	0.0000	0	0.0000	0	0.0000
group_14884	654	0	0.0000	0	0.0000	0	0.0000
group_14885	792	0	0.0000	0	0.0000	0	0.0000
group_14883	990	0	0.0000	0	0.0000	0	0.0000
group_5407	231	0	0.0000	0	0.0000	0	0.0000
group_6561	219	298	1.3607	2	5.5289	1	5.5289
group_7448	210	0	0.0000	0	0.0000	0	0.0000
group_12927	156	0	0.0000	0	0.0000	0	0.0000
group_14888	1023	14392	14.0684	98	57.9967	49	57.9967
group_14889	189	155	0.8201	2	6.4065	1	6.4065
group_748	492	0	0.0000	0	0.0000	0	0.0000
group_12434	162	0	0.0000	0	0.0000	0	0.0000
group_9830	189	0	0.0000	0	0.0000	0	0.0000
group_6565	219	148	0.6758	2	5.5289	1	5.5289
group_8117	204	0	0.0000	0	0.0000	0	0.0000
group_14890	1896	30194	15.9251	202	64.5009	101	64.5009
group_9531	192	0	0.0000	0	0.0000	0	0.0000
group_10825	180	0	0.0000	0	0.0000	0	0.0000
group_12683	159	0	0.0000	0	0.0000	0	0.0000
group_4874	237	458	1.9325	4	10.2180	2	10.2180
group_13780	147	0	0.0000	0	0.0000	0	0.0000
group_12682	159	0	0.0000	0	0.0000	0	0.0000
group_2783	267	0	0.0000	0	0.0000	0	0.0000
group_484	288	0	0.0000	0	0.0000	0	0.0000
group_14893	543	0	0.0000	0	0.0000	0	0.0000
group_14894	126	0	0.0000	0	0.0000	0	0.0000
group_4300	1062	755	0.7109	5	2.8503	2	2.2803
group_7177	372	0	0.0000	0	0.0000	0	0.0000
group_9169	195	0	0.0000	0	0.0000	0	0.0000
group_11082	177	4093	23.1243	46	157.3393	23	157.3393
ecfA2	141	0	0.0000	0	0.0000	0	0.0000
group_11326	174	192	1.1034	2	6.9588	1	6.9588
group_2198	277	0	0.0000	0	0.0000	0	0.0000
group_13225	153	0	0.0000	0	0.0000	0	0.0000
group_14896	330	0	0.0000	0	0.0000	0	0.0000
group_10910	873	0	0.0000	0	0.0000	0	0.0000
group_14897	432	7808	18.0741	54	75.6768	27	75.6768
group_9534	192	0	0.0000	0	0.0000	0	0.0000
group_4629	240	153	0.6375	2	5.0451	1	5.0451
group_194	498	2871	5.7651	19	23.0981	9	21.8824
group_14060	144	0	0.0000	0	0.0000	0	0.0000
group_11101	558	307	0.5502	2	2.1699	1	2.1699
group_14900	765	9984	13.0510	67	53.0232	33	52.2318
group_14899	246	0	0.0000	0	0.0000	0	0.0000
group_7450	210	0	0.0000	0	0.0000	0	0.0000
yeeP	993	0	0.0000	0	0.0000	0	0.0000
group_7451	210	0	0.0000	0	0.0000	0	0.0000
group_8820	198	2212	11.1717	15	45.8647	7	42.8071
group_14903	126	0	0.0000	0	0.0000	0	0.0000
group_10531	183	0	0.0000	0	0.0000	0	0.0000
group_4379	243	0	0.0000	0	0.0000	0	0.0000
group_12173	165	0	0.0000	0	0.0000	0	0.0000
group_997	285	0	0.0000	0	0.0000	0	0.0000
group_9734	1452	8199	5.6467	55	22.9324	27	22.5154
group_5372	1011	3873	3.8309	26	15.5695	13	15.5695
group_10185	186	472	2.5376	4	13.0197	2	13.0197
group_10033	573	605	1.0558	4	4.2263	2	4.2263
group_6308	387	151	0.3902	1	1.5644	0	0.0000
group_9168	195	604	3.0974	4	12.4188	2	12.4188
group_14904	183	0	0.0000	0	0.0000	0	0.0000
group_14905	840	3980	4.7381	28	20.1805	14	20.1805
group_8118	204	902	4.4216	8	23.7417	4	23.7417
group_12705	831	0	0.0000	0	0.0000	0	0.0000
group_6339	639	0	0.0000	0	0.0000	0	0.0000
group_1349	486	1724	3.5473	13	16.1942	6	14.9485
group_10034	573	302	0.5271	2	2.1131	1	2.1131
group_3744	1098	2472	2.2514	17	9.3734	8	8.8221
group_3469	723	5436	7.5187	36	30.1451	18	30.1451
group_8047	930	7403	7.9602	51	33.2001	25	32.5491
group_14906	270	0	0.0000	0	0.0000	0	0.0000
group_14907	378	453	1.1984	3	4.8049	1	3.2032
group_14908	402	1510	3.7562	10	15.0601	5	15.0601
group_14911	225	0	0.0000	0	0.0000	0	0.0000
group_14910	117	0	0.0000	0	0.0000	0	0.0000
group_14909	108	0	0.0000	0	0.0000	0	0.0000
group_8373	357	0	0.0000	0	0.0000	0	0.0000
group_11603	549	0	0.0000	0	0.0000	0	0.0000
group_14242	294	0	0.0000	0	0.0000	0	0.0000
group_14912	159	0	0.0000	0	0.0000	0	0.0000
group_4066	105	0	0.0000	0	0.0000	0	0.0000
group_6275	222	438	1.9730	4	10.9084	2	10.9084
group_14913	2034	14810	7.2812	100	29.7647	50	29.7647
group_14914	438	22145	50.5594	156	215.6269	78	215.6269
group_2456	102	0	0.0000	0	0.0000	0	0.0000
group_5952	993	0	0.0000	0	0.0000	0	0.0000
group_14915	237	274	1.1561	2	5.1090	1	5.1090
group_14916	414	302	0.7295	2	2.9247	1	2.9247
group_14917	444	0	0.0000	0	0.0000	0	0.0000
group_12175	165	1509	9.1455	14	51.3685	7	51.3685
group_335	135	0	0.0000	0	0.0000	0	0.0000
group_5896	1758	604	0.3436	4	1.3775	2	1.3775
group_10480	567	1362	2.4021	9	9.6097	4	8.5420
group_2503	2892	2230	0.7711	15	3.1401	7	2.9308
group_14918	171	0	0.0000	0	0.0000	0	0.0000
group_14921	219	0	0.0000	0	0.0000	0	0.0000
group_14922	225	623	2.7689	6	16.1444	3	16.1444
group_5563	657	0	0.0000	0	0.0000	0	0.0000
group_2577	753	4374	5.8088	30	24.1201	15	24.1201
group_14933	336	4387	13.0565	30	54.0548	15	54.0548
group_14936	300	3041	10.1367	21	42.3790	10	40.3609
group_14938	213	1196	5.6150	8	22.7386	4	22.7386
group_8823	198	0	0.0000	0	0.0000	0	0.0000
group_8122	204	0	0.0000	0	0.0000	0	0.0000
group_10728	333	151	0.4535	1	1.8181	0	0.0000
group_6630	381	0	0.0000	0	0.0000	0	0.0000
group_7453	210	151	0.7190	1	2.8829	0	0.0000
group_14944	201	417	2.0746	3	9.0360	1	6.0240
group_14945	2892	4247	1.4685	28	5.8615	14	5.8615
group_14948	492	0	0.0000	0	0.0000	0	0.0000
group_14949	738	1069	1.4485	7	5.7424	3	4.9221
group_10828	180	1069	5.9389	8	26.9073	4	26.9073
group_9495	345	1354	3.9246	9	15.7934	4	14.0386
group_11625	171	0	0.0000	0	0.0000	0	0.0000
group_3631	255	545	2.1373	4	9.4967	2	9.4967
group_7357	1593	5026	3.1551	34	12.9216	17	12.9216
group_5278	1857	27750	14.9435	187	60.9652	93	60.6392
group_2598	96	0	0.0000	0	0.0000	0	0.0000
group_2758	459	0	0.0000	0	0.0000	0	0.0000
group_14950	138	798	5.7826	8	35.0965	4	35.0965
group_14951	162	220	1.3580	2	7.4742	1	7.4742
group_14952	120	0	0.0000	0	0.0000	0	0.0000
group_13212	303	0	0.0000	0	0.0000	0	0.0000
perM	1077	53378	49.5617	364	204.6154	182	204.6154
group_3887	708	151	0.2133	1	0.8551	0	0.0000
group_14953	663	0	0.0000	0	0.0000	0	0.0000
group_14954	1206	1634	1.3549	11	5.5220	5	5.0200
group_14955	453	4981	10.9956	35	46.7759	17	45.4395
group_14956	141	0	0.0000	0	0.0000	0	0.0000
group_14957	894	11528	12.8949	79	53.4986	39	52.8214
group_14958	627	14838	23.6651	100	96.5573	50	96.5573
group_14959	372	302	0.8118	2	3.2549	1	3.2549
group_14966	381	0	0.0000	0	0.0000	0	0.0000
group_14980	1143	0	0.0000	0	0.0000	0	0.0000
group_14967	138	0	0.0000	0	0.0000	0	0.0000
group_14974	2382	596	0.2502	6	1.5250	3	1.5250
group_14979	1587	0	0.0000	0	0.0000	0	0.0000
group_14969	189	0	0.0000	0	0.0000	0	0.0000
group_14976	789	0	0.0000	0	0.0000	0	0.0000
group_14970	639	0	0.0000	0	0.0000	0	0.0000
group_14963	228	0	0.0000	0	0.0000	0	0.0000
group_14981	477	0	0.0000	0	0.0000	0	0.0000
group_14972	165	0	0.0000	0	0.0000	0	0.0000
group_14968	702	0	0.0000	0	0.0000	0	0.0000
group_14982	378	0	0.0000	0	0.0000	0	0.0000
group_14962	267	0	0.0000	0	0.0000	0	0.0000
group_14977	2541	0	0.0000	0	0.0000	0	0.0000
group_14960	270	0	0.0000	0	0.0000	0	0.0000
group_14978	201	0	0.0000	0	0.0000	0	0.0000
group_14961	225	0	0.0000	0	0.0000	0	0.0000
group_14964	210	0	0.0000	0	0.0000	0	0.0000
group_14965	240	0	0.0000	0	0.0000	0	0.0000
group_14971	498	0	0.0000	0	0.0000	0	0.0000
group_14975	336	0	0.0000	0	0.0000	0	0.0000
group_14973	501	0	0.0000	0	0.0000	0	0.0000
group_14984	1494	0	0.0000	0	0.0000	0	0.0000
group_14983	1317	158	0.1200	2	0.9194	1	0.9194
group_14985	675	1720	2.5481	12	10.7629	6	10.7629
group_14986	225	0	0.0000	0	0.0000	0	0.0000
group_13871	297	2142	7.2121	17	34.6533	8	32.6149
group_5905	393	0	0.0000	0	0.0000	0	0.0000
group_14987	222	138	0.6216	2	5.4542	1	5.4542
group_14988	138	0	0.0000	0	0.0000	0	0.0000
group_9188	585	413	0.7060	3	3.1047	1	2.0698
group_10829	180	0	0.0000	0	0.0000	0	0.0000
group_9588	579	0	0.0000	0	0.0000	0	0.0000
group_6466	384	151	0.3932	1	1.5766	0	0.0000
group_5346	402	628	1.5622	4	6.0240	2	6.0240
group_2538	99	0	0.0000	0	0.0000	0	0.0000
group_11668	321	302	0.9408	2	3.7721	1	3.7721
group_6799	378	302	0.7989	2	3.2032	1	3.2032
group_6858	216	292	1.3519	2	5.6057	1	5.6057
group_14989	1257	0	0.0000	0	0.0000	0	0.0000
group_14995	654	5722	8.7492	39	36.1027	19	35.1770
group_15009	417	0	0.0000	0	0.0000	0	0.0000
group_15010	174	0	0.0000	0	0.0000	0	0.0000
group_4108	426	4915	11.5376	34	48.3194	17	48.3194
group_15011	228	124	0.5439	2	5.3107	1	5.3107
group_9799	342	4147	12.1257	28	49.5661	14	49.5661
group_2044	117	188	1.6068	2	10.3490	1	10.3490
group_5906	393	151	0.3842	1	1.5405	0	0.0000
group_6859	216	151	0.6991	1	2.8028	0	0.0000
group_3633	255	151	0.5922	1	2.3742	0	0.0000
group_2392	105	102	0.9714	2	11.5317	1	11.5317
group_15012	183	448	2.4481	5	16.5414	2	13.2331
group_7459	210	0	0.0000	0	0.0000	0	0.0000
group_4929	408	146	0.3578	1	1.4839	0	0.0000
group_7183	372	0	0.0000	0	0.0000	0	0.0000
group_15013	900	0	0.0000	0	0.0000	0	0.0000
group_4478	417	0	0.0000	0	0.0000	0	0.0000
group_15014	258	251	0.9729	2	4.6931	1	4.6931
group_4745	411	0	0.0000	0	0.0000	0	0.0000
group_5347	402	755	1.8781	5	7.5300	2	6.0240
group_3401	444	1359	3.0608	9	12.2719	4	10.9084
group_15015	195	149	0.7641	1	3.1047	0	0.0000
group_5412	231	922	3.9913	7	18.3459	3	15.7250
group_15017	129	0	0.0000	0	0.0000	0	0.0000
group_15016	294	0	0.0000	0	0.0000	0	0.0000
group_15018	138	0	0.0000	0	0.0000	0	0.0000
group_15019	414	151	0.3647	1	1.4624	0	0.0000
group_3636	255	441	1.7294	3	7.1225	1	4.7483
group_4879	237	151	0.6371	1	2.5545	0	0.0000
group_15020	228	0	0.0000	0	0.0000	0	0.0000
group_15021	369	0	0.0000	0	0.0000	0	0.0000
group_15022	720	5504	7.6444	39	32.7933	19	31.9524
group_8829	198	0	0.0000	0	0.0000	0	0.0000
group_3212	261	777	2.9770	6	13.9176	3	13.9176
group_15023	171	0	0.0000	0	0.0000	0	0.0000
group_15024	259	2690	10.3861	20	46.7501	10	46.7501
group_15025	261	219	0.8391	2	4.6392	1	4.6392
group_7158	213	302	1.4178	2	5.6846	1	5.6846
group_2457	102	0	0.0000	0	0.0000	0	0.0000
group_9803	342	0	0.0000	0	0.0000	0	0.0000
group_4180	1071	0	0.0000	0	0.0000	0	0.0000
group_5623	1806	0	0.0000	0	0.0000	0	0.0000
crr	510	1054	2.0667	7	8.3096	3	7.1225
group_12688	159	0	0.0000	0	0.0000	0	0.0000
group_4638	240	0	0.0000	0	0.0000	0	0.0000
group_8830	198	0	0.0000	0	0.0000	0	0.0000
group_10969	330	151	0.4576	1	1.8346	0	0.0000
group_15026	129	0	0.0000	0	0.0000	0	0.0000
group_4479	417	0	0.0000	0	0.0000	0	0.0000
group_15027	210	0	0.0000	0	0.0000	0	0.0000
group_8128	204	302	1.4804	2	5.9354	1	5.9354
group_644	132	0	0.0000	0	0.0000	0	0.0000
group_15028	150	0	0.0000	0	0.0000	0	0.0000
group_11333	174	0	0.0000	0	0.0000	0	0.0000
group_496	288	628	2.1806	5	10.5107	2	8.4085
group_15029	315	4096	13.0032	38	73.0341	19	73.0341
group_15030	141	0	0.0000	0	0.0000	0	0.0000
group_15031	198	0	0.0000	0	0.0000	0	0.0000
group_5685	228	145	0.6360	1	2.6553	0	0.0000
group_12960	1299	18562	14.2895	119	55.4613	59	54.9953
group_15032	1647	25285	15.3522	174	63.9600	87	63.9600
group_15033	954	46647	48.8962	310	196.7279	155	196.7279
group_15034	1206	8508	7.0547	57	28.6141	28	28.1121
group_15035	372	10848	29.1613	77	125.3142	38	123.6868
group_3867	252	151	0.5992	1	2.4024	0	0.0000
group_4641	240	912	3.8000	7	17.6579	3	15.1354
group_7462	210	755	3.5952	5	14.4146	2	11.5317
group_15036	450	6461	14.3578	43	57.8507	21	56.5053
group_15037	186	0	0.0000	0	0.0000	0	0.0000
group_2045	117	0	0.0000	0	0.0000	0	0.0000
group_12443	162	0	0.0000	0	0.0000	0	0.0000
group_8098	360	395	1.0972	3	5.0451	1	3.3634
group_1636	123	0	0.0000	0	0.0000	0	0.0000
group_2393	105	0	0.0000	0	0.0000	0	0.0000
group_13597	1275	0	0.0000	0	0.0000	0	0.0000
group_6634	381	0	0.0000	0	0.0000	0	0.0000
group_12689	159	0	0.0000	0	0.0000	0	0.0000
group_14069	144	228	1.5833	2	8.4085	1	8.4085
group_3169	2493	1808	0.7252	12	2.9141	6	2.9141
group_3664	2283	3127	1.3697	21	5.5689	10	5.3037
group_2842	744	1143	1.5363	9	7.3236	4	6.5098
group_1703	777	0	0.0000	0	0.0000	0	0.0000
group_10423	882	0	0.0000	0	0.0000	0	0.0000
group_12938	156	0	0.0000	0	0.0000	0	0.0000
group_2046	117	187	1.5983	2	10.3490	1	10.3490
group_12184	150	0	0.0000	0	0.0000	0	0.0000
group_5571	657	0	0.0000	0	0.0000	0	0.0000
group_4712	1041	1208	1.1604	8	4.6526	4	4.6526
group_12724	1311	0	0.0000	0	0.0000	0	0.0000
group_7677	939	0	0.0000	0	0.0000	0	0.0000
group_6402	978	0	0.0000	0	0.0000	0	0.0000
group_13791	147	0	0.0000	0	0.0000	0	0.0000
group_7515	612	0	0.0000	0	0.0000	0	0.0000
group_12448	162	0	0.0000	0	0.0000	0	0.0000
group_2761	459	0	0.0000	0	0.0000	0	0.0000
group_5996	225	0	0.0000	0	0.0000	0	0.0000
group_4481	417	0	0.0000	0	0.0000	0	0.0000
group_1030	285	0	0.0000	0	0.0000	0	0.0000
group_14070	144	0	0.0000	0	0.0000	0	0.0000
group_11098	177	0	0.0000	0	0.0000	0	0.0000
group_15039	1665	0	0.0000	0	0.0000	0	0.0000
group_15038	432	0	0.0000	0	0.0000	0	0.0000
group_1064	4074	0	0.0000	0	0.0000	0	0.0000
group_12864	528	0	0.0000	0	0.0000	0	0.0000
group_4051	249	210	0.8434	2	4.8628	1	4.8628
group_15040	129	0	0.0000	0	0.0000	0	0.0000
lPA3	744	9559	12.8481	65	52.8924	32	52.0786
group_12186	165	0	0.0000	0	0.0000	0	0.0000
group_4301	1062	0	0.0000	0	0.0000	0	0.0000
group_5415	231	239	1.0346	2	5.2417	1	5.2417
group_13511	150	0	0.0000	0	0.0000	0	0.0000
group_15043	390	1034	2.6513	8	12.4188	4	12.4188
group_2458	102	0	0.0000	0	0.0000	0	0.0000
group_13034	525	4530	8.6286	30	34.5951	15	34.5951
group_2670	93	0	0.0000	0	0.0000	0	0.0000
group_12943	306	453	1.4804	3	5.9354	1	3.9570
group_5069	1023	0	0.0000	0	0.0000	0	0.0000
group_14071	144	0	0.0000	0	0.0000	0	0.0000
group_3638	255	0	0.0000	0	0.0000	0	0.0000
group_7664	609	0	0.0000	0	0.0000	0	0.0000
group_12942	156	0	0.0000	0	0.0000	0	0.0000
group_4133	1074	0	0.0000	0	0.0000	0	0.0000
group_9853	189	0	0.0000	0	0.0000	0	0.0000
group_5318	663	0	0.0000	0	0.0000	0	0.0000
group_5686	228	448	1.9649	3	7.9660	1	5.3107
group_5687	228	0	0.0000	0	0.0000	0	0.0000
group_6281	222	0	0.0000	0	0.0000	0	0.0000
group_11395	324	0	0.0000	0	0.0000	0	0.0000
group_5416	231	231	1.0000	2	5.2417	1	5.2417
group_13795	147	0	0.0000	0	0.0000	0	0.0000
group_9193	195	0	0.0000	0	0.0000	0	0.0000
group_2235	765	0	0.0000	0	0.0000	0	0.0000
group_15064	276	108	0.3913	2	4.3871	1	4.3871
group_15050	603	0	0.0000	0	0.0000	0	0.0000
group_15056	1068	0	0.0000	0	0.0000	0	0.0000
group_15046	570	0	0.0000	0	0.0000	0	0.0000
group_15055	459	0	0.0000	0	0.0000	0	0.0000
group_15052	366	0	0.0000	0	0.0000	0	0.0000
group_9194	585	0	0.0000	0	0.0000	0	0.0000
group_1945	120	0	0.0000	0	0.0000	0	0.0000
group_8922	588	302	0.5136	2	2.0592	1	2.0592
group_2671	93	0	0.0000	0	0.0000	0	0.0000
group_3279	1125	0	0.0000	0	0.0000	0	0.0000
group_1635	123	0	0.0000	0	0.0000	0	0.0000
group_1341	126	0	0.0000	0	0.0000	0	0.0000
group_338	135	0	0.0000	0	0.0000	0	0.0000
group_4330	420	0	0.0000	0	0.0000	0	0.0000
group_12691	159	0	0.0000	0	0.0000	0	0.0000
group_10065	1437	0	0.0000	0	0.0000	0	0.0000
group_13514	150	0	0.0000	0	0.0000	0	0.0000
group_12447	162	0	0.0000	0	0.0000	0	0.0000
group_339	135	0	0.0000	0	0.0000	0	0.0000
group_2578	753	1153	1.5312	8	6.4320	4	6.4320
group_1342	126	0	0.0000	0	0.0000	0	0.0000
group_8463	201	0	0.0000	0	0.0000	0	0.0000
group_13798	147	141	0.9592	1	4.1185	0	0.0000
group_8464	201	140	0.6965	1	3.0120	0	0.0000
group_5711	396	0	0.0000	0	0.0000	0	0.0000
group_11099	177	0	0.0000	0	0.0000	0	0.0000
group_8835	198	1176	5.9394	10	30.5765	5	30.5765
group_13883	297	0	0.0000	0	0.0000	0	0.0000
group_650	132	0	0.0000	0	0.0000	0	0.0000
group_11396	324	453	1.3981	3	5.6057	1	3.7371
group_5418	231	0	0.0000	0	0.0000	0	0.0000
group_2673	93	0	0.0000	0	0.0000	0	0.0000
group_2067	1188	1359	1.1439	9	4.5865	4	4.0769
group_434	495	0	0.0000	0	0.0000	0	0.0000
group_15068	273	251	0.9194	3	6.6529	1	4.4353
group_15069	747	15128	20.2517	104	84.2879	52	84.2879
group_15070	141	0	0.0000	0	0.0000	0	0.0000
group_15071	93	0	0.0000	0	0.0000	0	0.0000
group_15073	468	2532	5.4103	17	21.9915	8	20.6979
group_15072	264	2999	11.3598	22	50.4512	11	50.4512
group_15074	120	0	0.0000	0	0.0000	0	0.0000
group_15075	273	2862	10.4835	19	42.1350	9	39.9174
group_15076	159	115	0.7233	1	3.8076	0	0.0000
group_15079	108	0	0.0000	0	0.0000	0	0.0000
group_15077	501	14723	29.3872	100	120.8411	50	120.8411
group_15078	522	11970	22.9310	79	91.6240	39	90.4642
group_15080	192	1234	6.4271	9	28.3788	4	25.2256
group_4447	1053	14784	14.0399	99	56.9193	49	56.3443
group_15081	99	0	0.0000	0	0.0000	0	0.0000
group_7771	207	443	2.1401	3	8.7741	1	5.8494
group_3542	441	7481	16.9637	53	72.7595	26	71.3867
group_8382	357	3240	9.0756	22	37.3084	11	37.3084
group_4262	300	1510	5.0333	10	20.1805	5	20.1805
group_5012	1026	4526	4.4113	30	17.7022	15	17.7022
group_12961	879	3916	4.4551	26	17.9076	13	17.9076
group_4263	849	29238	34.4382	198	141.1920	99	141.1920
group_10733	333	1115	3.3483	9	16.3625	4	14.5445
group_7886	933	6503	6.9700	48	31.1467	24	31.1467
group_6576	219	833	3.8037	7	19.3511	3	16.5867
group_13232	153	0	0.0000	0	0.0000	0	0.0000
group_15082	846	16639	19.6678	112	80.1494	56	80.1494
group_15083	270	302	1.1185	2	4.4845	1	4.4845
group_12947	156	0	0.0000	0	0.0000	0	0.0000
group_15084	255	151	0.5922	1	2.3742	0	0.0000
group_15085	366	5053	13.8060	35	57.8948	17	56.2407
group_15086	708	13992	19.7627	94	80.3798	47	80.3798
group_15087	192	0	0.0000	0	0.0000	0	0.0000
group_2588	270	898	3.3259	6	13.4536	3	13.4536
dnaA	702	14778	21.0513	99	85.3789	49	84.5165
group_4883	237	3596	15.1730	24	61.3078	12	61.3078
group_12868	528	2552	4.8333	17	19.4925	8	18.3459
group_9863	189	0	0.0000	0	0.0000	0	0.0000
group_3640	255	151	0.5922	1	2.3742	0	0.0000
group_15089	561	453	0.8075	3	3.2375	1	2.1583
group_15088	600	151	0.2517	1	1.0090	0	0.0000
group_13176	1290	3142	2.4357	22	10.3249	11	10.3249
group_11170	867	604	0.6967	4	2.7931	2	2.7931
group_6477	978	8769	8.9663	59	36.5229	29	35.9039
group_2048	117	0	0.0000	0	0.0000	0	0.0000
group_15090	201	3215	15.9950	22	66.2642	11	66.2642
group_15092	192	893	4.6510	6	18.9192	3	18.9192
group_15091	270	1843	6.8259	13	29.1496	6	26.9073
group_4054	249	1144	4.5944	9	21.8824	4	19.4511
group_7376	369	1337	3.6233	10	16.4069	5	16.4069
group_8342	924	6223	6.7348	44	28.8292	22	28.8292
group_11171	867	6989	8.0611	49	34.2160	24	33.5177
group_15093	363	1610	4.4353	11	18.3459	5	16.6781
group_13295	819	36451	44.5067	247	182.5852	123	181.8460
group_6007	123	0	0.0000	0	0.0000	0	0.0000
group_15094	894	15273	17.0839	105	71.1057	52	70.4285
group_15095	240	0	0.0000	0	0.0000	0	0.0000
group_4389	243	0	0.0000	0	0.0000	0	0.0000
group_15096	195	2396	12.2872	21	65.1984	10	62.0938
group_15097	309	6215	20.1133	42	82.2893	21	82.2893
group_15098	213	1880	8.8263	16	45.4771	8	45.4771
group_4648	240	1119	4.6625	8	20.1805	4	20.1805
group_15099	228	1114	4.8860	8	21.2426	4	21.2426
group_15100	882	3003	3.4048	20	13.7282	10	13.7282
group_15114	801	604	0.7541	4	3.0233	2	3.0233
group_15107	1197	1057	0.8830	7	3.5404	3	3.0347
group_15105	480	604	1.2583	4	5.0451	2	5.0451
group_15103	396	0	0.0000	0	0.0000	0	0.0000
group_15116	126	214	1.6984	2	9.6097	1	9.6097
group_15106	1203	41960	34.8795	283	142.4208	141	141.9175
group_15112	552	0	0.0000	0	0.0000	0	0.0000
group_15101	759	723	0.9526	5	3.9882	2	3.1906
group_15118	276	3322	12.0362	26	57.0318	13	57.0318
group_7802	363	5103	14.0579	43	71.7157	21	70.0479
group_15119	999	580	0.5806	4	2.4241	2	2.4241
group_15120	108	310	2.8704	4	22.4227	2	22.4227
group_5572	657	6235	9.4901	45	41.4667	22	40.5452
group_11334	174	892	5.1264	6	20.8763	3	20.8763
group_8532	1515	2897	1.9122	20	7.9923	10	7.9923
group_4289	624	8662	13.8814	62	60.1533	31	60.1533
group_4299	2082	16608	7.9769	112	32.5679	56	32.5679
group_11104	177	236	1.3333	2	6.8408	1	6.8408
group_15122	1080	52592	48.6963	358	200.6836	179	200.6836
group_15121	396	3155	7.9672	23	35.1629	11	33.6341
group_3476	723	4049	5.6003	28	23.4462	14	23.4462
group_15124	93	0	0.0000	0	0.0000	0	0.0000
katG	2175	17543	8.0657	120	33.4022	60	33.4022
group_15126	207	302	1.4589	2	5.8494	1	5.8494
group_15125	435	2528	5.8115	17	23.6599	8	22.2681
group_4293	1170	15784	13.4906	106	54.8495	53	54.8495
group_15127	99	0	0.0000	0	0.0000	0	0.0000
group_2599	96	0	0.0000	0	0.0000	0	0.0000
group_2357	1176	0	0.0000	0	0.0000	0	0.0000
group_2642	462	436	0.9437	3	3.9313	1	2.6208
group_15128	582	565	0.9708	3	3.1207	1	2.0805
group_15135	525	3551	6.7638	26	29.9824	13	29.9824
group_15133	549	2809	5.1166	22	24.2607	11	24.2607
group_15136	690	3368	4.8812	24	21.0579	12	21.0579
group_15137	699	3326	4.7582	23	19.9206	11	19.0545
group_15138	450	4460	9.9111	31	41.7063	15	40.3609
group_7647	1569	2403	1.5315	13	5.0162	6	4.6303
group_4305	831	18549	22.3213	128	93.2527	64	93.2527
group_7470	210	602	2.8667	4	11.5317	2	11.5317
group_11237	555	12493	22.5099	86	93.8119	43	93.8119
group_6057	990	1247	1.2596	9	5.5038	4	4.8922
group_10706	1407	3171	2.2537	21	9.0360	10	8.6057
group_7590	366	151	0.4126	1	1.6541	0	0.0000
group_4310	783	70735	90.3384	473	365.7227	236	364.9495
group_9196	195	974	4.9949	8	24.8375	4	24.8375
group_8144	204	900	4.4118	7	20.7740	3	17.8063
group_15141	996	604	0.6064	4	2.4314	2	2.4314
group_15142	456	0	0.0000	0	0.0000	0	0.0000
group_15145	468	151	0.3226	1	1.2936	0	0.0000
group_15143	969	302	0.3117	2	1.2496	1	1.2496
group_15146	171	0	0.0000	0	0.0000	0	0.0000
group_15147	1194	27214	22.7923	185	93.8037	92	93.2966
group_15149	894	8501	9.5089	57	38.6002	28	37.9230
group_15148	894	19086	21.3490	129	87.3584	64	86.6812
group_15154	786	4262	5.4224	29	22.3372	14	21.5669
group_94	9939	20381	2.0506	131	7.9796	65	7.9187
group_15155	66	0	0.0000	0	0.0000	0	0.0000
group_15156	138	0	0.0000	0	0.0000	0	0.0000
group_15158	1536	50014	32.5612	336	132.4343	168	132.4343
group_15157	774	1052	1.3592	7	5.4753	3	4.6931
group_15159	264	0	0.0000	0	0.0000	0	0.0000
group_15160	300	1286	4.2867	9	18.1624	4	16.1444
group_15161	585	3849	6.5795	27	27.9422	13	26.9073
group_15162	321	3308	10.3053	24	45.2646	12	45.2646
group_15164	459	4911	10.6993	35	46.1645	17	44.8455
group_12037	846	11310	13.3688	76	54.3871	38	54.3871
group_3171	732	243	0.3320	2	1.6541	1	1.6541
group_15165	1983	41841	21.0998	281	85.7899	140	85.4846
group_15166	783	0	0.0000	0	0.0000	0	0.0000
group_15167	138	202	1.4638	2	8.7741	1	8.7741
group_15168	372	151	0.4059	1	1.6275	0	0.0000
group_15169	363	255	0.7025	3	5.0034	1	3.3356
group_15171	390	9627	24.6846	67	104.0070	33	102.4547
group_7011	1626	6119	3.7632	41	15.2657	20	14.8933
group_15172	273	1209	4.4286	8	17.7411	4	17.7411
group_15173	243	2130	8.7654	17	42.3541	8	39.8627
group_15174	810	0	0.0000	0	0.0000	0	0.0000
group_15175	708	0	0.0000	0	0.0000	0	0.0000
group_15176	96	0	0.0000	0	0.0000	0	0.0000
group_2245	111	0	0.0000	0	0.0000	0	0.0000
group_15177	138	652	4.7246	6	26.3224	3	26.3224
group_12709	831	0	0.0000	0	0.0000	0	0.0000
group_7413	945	0	0.0000	0	0.0000	0	0.0000
group_10196	186	2037	10.9516	17	55.3335	8	52.0786
group_4195	696	18707	26.8779	130	113.0802	65	113.0802
group_2799	459	1116	2.4314	8	10.5519	4	10.5519
group_15178	363	1149	3.1653	9	15.0103	4	13.3425
group_15180	105	0	0.0000	0	0.0000	0	0.0000
group_15179	207	1108	5.3527	9	26.3224	4	23.3976
group_15191	624	6662	10.6763	46	44.6299	23	44.6299
group_15185	411	4903	11.9294	34	50.0829	17	50.0829
group_15183	1296	15167	11.7029	103	48.1155	51	47.6483
group_15186	300	1749	5.8300	12	24.2166	6	24.2166
group_15182	393	3690	9.3893	27	41.5933	13	40.0528
group_15184	261	1605	6.1494	11	25.5155	5	23.1959
group_15187	1071	23154	21.6190	153	86.4877	76	85.9225
group_15190	1143	4691	4.1041	31	16.4198	15	15.8901
group_15188	927	302	0.3258	2	1.3062	1	1.3062
group_15181	327	0	0.0000	0	0.0000	0	0.0000
group_15189	432	349	0.8079	3	4.2043	1	2.8028
group_8844	198	246	1.2424	2	6.1153	1	6.1153
group_15192	996	56845	57.0733	391	237.6676	195	237.0597
group_15193	288	2502	8.6875	17	35.7363	8	33.6341
group_15195	192	0	0.0000	0	0.0000	0	0.0000
group_15196	276	901	3.2645	6	13.1612	3	13.1612
group_15197	243	604	2.4856	4	9.9657	2	9.9657
group_15194	195	147	0.7538	1	3.1047	0	0.0000
group_11633	172	301	1.7500	2	7.0397	1	7.0397
group_15199	321	1843	5.7414	14	26.4044	7	26.4044
group_15198	363	3028	8.3416	22	36.6918	11	36.6918
group_15202	714	4484	6.2801	30	25.4376	15	25.4376
group_15201	291	906	3.1134	6	12.4828	3	12.4828
group_15204	1287	29839	23.1849	202	95.0223	101	95.0223
group_15206	372	20583	55.3306	144	234.3539	72	234.3539
group_15207	231	2243	9.7100	18	47.1751	9	47.1751
group_2263	5409	48202	8.9114	321	35.9286	160	35.8167
group_108	9651	72180	7.4790	480	30.1107	240	30.1107
group_7789	606	4472	7.3795	31	30.9700	15	29.9710
group_15208	957	8668	9.0575	58	36.6918	29	36.6918
group_15209	960	10322	10.7521	71	44.7754	35	44.1448
avd	354	7188	20.3051	49	83.8003	24	82.0901
group_5688	654	0	0.0000	0	0.0000	0	0.0000
group_4856	675	6721	9.9570	46	41.2579	23	41.2579
group_15210	219	902	4.1187	6	16.5867	3	16.5867
group_15211	168	302	1.7976	2	7.2073	1	7.2073
group_15212	225	604	2.6844	4	10.7629	2	10.7629
group_5532	399	1488	3.7293	10	15.1733	5	15.1733
group_15213	762	28879	37.8990	195	154.9288	97	154.1343
group_15214	681	6476	9.5095	43	38.2273	21	37.3383
group_14614	273	0	0.0000	0	0.0000	0	0.0000
group_15215	594	3654	6.1515	25	25.4804	12	24.4612
group_12952	156	207	1.3269	2	7.7617	1	7.7617
group_15216	438	6538	14.9269	47	64.9645	23	63.5823
group_15217	687	4725	6.8777	32	28.1998	16	28.1998
group_7591	366	2767	7.5601	20	33.0827	10	33.0827
group_15218	345	151	0.4377	1	1.7548	0	0.0000
group_4390	243	755	3.1070	5	12.4571	2	9.9657
group_12954	156	758	4.8590	6	23.2852	3	23.2852
group_15219	300	3632	12.1067	25	50.4512	12	48.4331
group_15220	147	0	0.0000	0	0.0000	0	0.0000
group_14072	144	402	2.7917	3	12.6128	1	8.4085
group_15221	1743	13857	7.9501	93	32.3026	46	31.9553
group_15222	198	2618	13.2222	19	58.0953	9	55.0376
group_15223	828	7316	8.8357	50	36.5588	25	36.5588
group_15224	1413	23336	16.5152	156	66.8398	78	66.8398
group_4058	250	7666	30.6640	57	138.0344	28	135.6128
group_11339	174	0	0.0000	0	0.0000	0	0.0000
group_5540	1005	1727	1.7184	12	7.2288	6	7.2288
group_4228	2109	898	0.4258	6	1.7224	3	1.7224
group_2460	102	0	0.0000	0	0.0000	0	0.0000
group_13179	1290	906	0.7023	6	2.8159	3	2.8159
group_9381	903	604	0.6689	4	2.6818	2	2.6818
group_343	135	0	0.0000	0	0.0000	0	0.0000
group_8873	915	1717	1.8765	12	7.9399	6	7.9399
group_425	5631	2863	0.5084	19	2.0428	9	1.9353
group_12333	1329	1034	0.7780	7	3.1888	3	2.7332
group_11929	318	0	0.0000	0	0.0000	0	0.0000
group_9288	348	0	0.0000	0	0.0000	0	0.0000
group_2603	96	0	0.0000	0	0.0000	0	0.0000
group_3896	600	0	0.0000	0	0.0000	0	0.0000
group_13236	153	0	0.0000	0	0.0000	0	0.0000
group_15225	237	0	0.0000	0	0.0000	0	0.0000
group_15226	153	0	0.0000	0	0.0000	0	0.0000
group_15227	204	0	0.0000	0	0.0000	0	0.0000
group_11762	546	0	0.0000	0	0.0000	0	0.0000
group_15228	252	407	1.6151	2	4.8049	1	4.8049
group_15229	111	0	0.0000	0	0.0000	0	0.0000
group_3602	2310	9285	4.0195	64	16.7734	32	16.7734
group_11409	552	0	0.0000	0	0.0000	0	0.0000
group_15230	4812	8611	1.7895	58	7.2972	29	7.2972
group_15232	165	0	0.0000	0	0.0000	0	0.0000
group_2136	474	0	0.0000	0	0.0000	0	0.0000
group_15233	174	0	0.0000	0	0.0000	0	0.0000
group_10046	573	0	0.0000	0	0.0000	0	0.0000
group_15234	237	222	0.9367	2	5.1090	1	5.1090
group_2269	471	0	0.0000	0	0.0000	0	0.0000
group_12451	163	0	0.0000	0	0.0000	0	0.0000
group_4036	702	906	1.2906	6	5.1745	3	5.1745
group_4357	3579	20926	5.8469	140	23.6820	70	23.6820
group_8977	912	0	0.0000	0	0.0000	0	0.0000
group_4876	1932	3441	1.7811	23	7.2073	11	6.8939
group_841	4392	0	0.0000	0	0.0000	0	0.0000
group_10430	882	0	0.0000	0	0.0000	0	0.0000
group_8521	921	604	0.6558	4	2.6294	2	2.6294
group_3148	450	151	0.3356	1	1.3454	0	0.0000
group_2070	1188	0	0.0000	0	0.0000	0	0.0000
group_9417	582	272	0.4674	2	2.0805	1	2.0805
group_2972	264	247	0.9356	2	4.5865	1	4.5865
group_14334	141	0	0.0000	0	0.0000	0	0.0000
group_52	138	0	0.0000	0	0.0000	0	0.0000
group_11342	174	109	0.6264	2	6.9588	1	6.9588
group_13238	153	0	0.0000	0	0.0000	0	0.0000
group_7167	213	0	0.0000	0	0.0000	0	0.0000
group_4891	237	0	0.0000	0	0.0000	0	0.0000
group_6637	381	0	0.0000	0	0.0000	0	0.0000
group_13125	1293	55920	43.2483	372	174.1795	186	174.1795
group_2246	111	0	0.0000	0	0.0000	0	0.0000
group_10840	180	0	0.0000	0	0.0000	0	0.0000
group_15236	168	0	0.0000	0	0.0000	0	0.0000
group_15238	123	0	0.0000	0	0.0000	0	0.0000
group_15239	342	0	0.0000	0	0.0000	0	0.0000
group_15240	282	0	0.0000	0	0.0000	0	0.0000
group_15241	108	0	0.0000	0	0.0000	0	0.0000
group_9254	906	1359	1.5000	9	6.0140	4	5.3458
group_13228	303	0	0.0000	0	0.0000	0	0.0000
group_2580	753	2391	3.1753	16	12.8640	8	12.8640
group_2726	90	0	0.0000	0	0.0000	0	0.0000
group_15244	1887	1321	0.7001	9	2.8875	4	2.5667
group_15242	1599	1624	1.0156	11	4.1648	5	3.7862
group_2645	462	0	0.0000	0	0.0000	0	0.0000
group_12189	165	67	0.4061	1	3.6692	0	0.0000
group_3800	711	0	0.0000	0	0.0000	0	0.0000
group_4934	408	0	0.0000	0	0.0000	0	0.0000
group_54	138	0	0.0000	0	0.0000	0	0.0000
group_4890	237	311	1.3122	2	5.1090	1	5.1090
group_11637	171	0	0.0000	0	0.0000	0	0.0000
group_15245	417	0	0.0000	0	0.0000	0	0.0000
group_12297	537	0	0.0000	0	0.0000	0	0.0000
group_2403	273	0	0.0000	0	0.0000	0	0.0000
group_6225	642	1592	2.4798	11	10.3731	5	9.4301
group_7082	621	151	0.2432	1	0.9749	0	0.0000
group_10205	186	0	0.0000	0	0.0000	0	0.0000
group_11180	327	151	0.4618	1	1.8514	0	0.0000
group_15246	2781	33948	12.2071	170	37.0084	85	37.0084
group_15247	303	302	0.9967	2	3.9961	1	3.9961
group_15248	2874	48792	16.9770	298	62.7743	149	62.7743
group_13530	1278	302	0.2363	2	0.9474	1	0.9474
group_15250	1863	5132	2.7547	35	11.3739	17	11.0489
group_15251	198	450	2.2727	3	9.1729	1	6.1153
group_15249	183	349	1.9071	3	9.9248	1	6.6165
group_15252	1986	13003	6.5473	85	25.9115	42	25.6066
group_2792	267	0	0.0000	0	0.0000	0	0.0000
group_15254	687	0	0.0000	0	0.0000	0	0.0000
group_15255	591	13873	23.4738	97	99.3658	48	98.3414
group_15256	1212	1298	1.0710	10	4.9952	5	4.9952
group_15257	1914	8587	4.4864	57	18.0296	28	17.7133
group_15258	2016	17452	8.6567	116	34.8353	58	34.8353
group_7527	612	453	0.7402	3	2.9677	1	1.9785
group_15261	189	0	0.0000	0	0.0000	0	0.0000
group_6037	123	0	0.0000	0	0.0000	0	0.0000
group_15262	642	9556	14.8847	74	69.7829	37	69.7829
group_15264	765	2845	3.7190	19	15.0364	9	14.2450
group_15263	927	3171	3.4207	21	13.7149	10	13.0618
group_15265	945	6496	6.8741	45	28.8292	22	28.1886
group_13806	147	237	1.6122	2	8.2369	1	8.2369
group_15266	213	2108	9.8967	14	39.7925	7	39.7925
group_15267	969	4329	4.4675	29	18.1187	14	17.4939
group_15268	138	112	0.8116	2	8.7741	1	8.7741
group_15270	678	532	0.7847	4	3.5718	2	3.5718
group_7779	207	0	0.0000	0	0.0000	0	0.0000
group_15271	1137	3311	2.9120	22	11.7143	11	11.7143
group_15272	1059	3638	3.4353	26	14.8638	13	14.8638
group_15273	714	4098	5.7395	28	23.7417	14	23.7417
group_4654	240	0	0.0000	0	0.0000	0	0.0000
group_15274	675	31779	47.0800	217	194.6294	108	193.7325
group_15275	873	5404	6.1901	29	20.1111	14	19.4176
group_15276	447	3351	7.4966	24	32.5055	12	32.5055
group_15277	570	0	0.0000	0	0.0000	0	0.0000
group_1020	129	0	0.0000	0	0.0000	0	0.0000
group_6006	1746	0	0.0000	0	0.0000	0	0.0000
group_8469	201	238	1.1841	2	6.0240	1	6.0240
group_6989	375	128	0.3413	2	3.2289	1	3.2289
group_2839	1149	906	0.7885	6	3.1614	3	3.1614
group_2675	93	0	0.0000	0	0.0000	0	0.0000
group_15278	160	0	0.0000	0	0.0000	0	0.0000
group_10741	333	0	0.0000	0	0.0000	0	0.0000
group_9204	195	0	0.0000	0	0.0000	0	0.0000
group_4892	237	0	0.0000	0	0.0000	0	0.0000
group_439	495	151	0.3051	1	1.2231	0	0.0000
group_5698	282	0	0.0000	0	0.0000	0	0.0000
group_4224	246	2844	11.5610	19	46.7596	9	44.2986
group_12698	159	151	0.9497	1	3.8076	0	0.0000
group_10843	180	0	0.0000	0	0.0000	0	0.0000
group_7793	606	1975	3.2591	14	13.9865	7	13.9865
group_2581	753	1812	2.4064	12	9.6480	6	9.6480
group_5072	1023	2520	2.4633	17	10.0606	8	9.4688
group_9872	189	217	1.1481	2	6.4065	1	6.4065
group_3576	288	151	0.5243	1	2.1021	0	0.0000
group_3951	1086	2957	2.7228	21	11.7069	10	11.1494
group_2149	116	0	0.0000	0	0.0000	0	0.0000
group_13808	147	0	0.0000	0	0.0000	0	0.0000
group_1057	489	0	0.0000	0	0.0000	0	0.0000
group_2540	99	0	0.0000	0	0.0000	0	0.0000
group_13763	810	1342	1.6568	10	7.4742	5	7.4742
group_661	132	0	0.0000	0	0.0000	0	0.0000
group_3408	444	2264	5.0991	15	20.4532	7	19.0896
group_1946	3453	0	0.0000	0	0.0000	0	0.0000
group_2004	1191	151	0.1268	1	0.5083	0	0.0000
group_5959	993	302	0.3041	2	1.2194	1	1.2194
group_8857	198	0	0.0000	0	0.0000	0	0.0000
group_10742	333	863	2.5916	6	10.9084	3	10.9084
group_1952	120	0	0.0000	0	0.0000	0	0.0000
group_11343	174	0	0.0000	0	0.0000	0	0.0000
group_2595	270	0	0.0000	0	0.0000	0	0.0000
group_11683	321	0	0.0000	0	0.0000	0	0.0000
group_9624	1461	0	0.0000	0	0.0000	0	0.0000
group_807	786	0	0.0000	0	0.0000	0	0.0000
group_11905	849	0	0.0000	0	0.0000	0	0.0000
group_3409	444	0	0.0000	0	0.0000	0	0.0000
group_3879	252	0	0.0000	0	0.0000	0	0.0000
group_3878	252	0	0.0000	0	0.0000	0	0.0000
group_13812	1266	755	0.5964	5	2.3911	2	1.9128
group_5700	228	289	1.2675	2	5.3107	1	5.3107
group_15279	828	0	0.0000	0	0.0000	0	0.0000
group_6454	636	0	0.0000	0	0.0000	0	0.0000
group_4429	2046	0	0.0000	0	0.0000	0	0.0000
panD	480	0	0.0000	0	0.0000	0	0.0000
group_12085	1338	0	0.0000	0	0.0000	0	0.0000
group_1375	486	0	0.0000	0	0.0000	0	0.0000
group_13564	300	0	0.0000	0	0.0000	0	0.0000
group_4060	249	1346	5.4056	9	21.8824	4	19.4511
group_15281	1215	1140	0.9383	8	3.9863	4	3.9863
group_15282	963	34240	35.5556	232	145.8526	116	145.8526
group_15280	1032	16083	15.5843	108	63.3573	54	63.3573
group_118	291	0	0.0000	0	0.0000	0	0.0000
group_10210	186	627	3.3710	5	16.2746	2	13.0197
group_10150	339	0	0.0000	0	0.0000	0	0.0000
group_2241	765	11726	15.3281	82	64.8941	41	64.8941
group_3544	441	1725	3.9116	12	16.4739	6	16.4739
group_7781	207	0	0.0000	0	0.0000	0	0.0000
group_7733	1560	151	0.0968	1	0.3881	0	0.0000
group_8859	198	179	0.9040	2	6.1153	1	6.1153
group_2541	99	0	0.0000	0	0.0000	0	0.0000
group_9521	345	972	2.8174	7	12.2838	3	10.5289
group_9874	189	151	0.7989	1	3.2032	0	0.0000
group_1359	126	0	0.0000	0	0.0000	0	0.0000
group_15288	438	0	0.0000	0	0.0000	0	0.0000
group_15292	1779	0	0.0000	0	0.0000	0	0.0000
group_15297	1752	0	0.0000	0	0.0000	0	0.0000
group_15283	276	0	0.0000	0	0.0000	0	0.0000
group_15291	3021	0	0.0000	0	0.0000	0	0.0000
group_15285	1032	0	0.0000	0	0.0000	0	0.0000
group_15286	1902	0	0.0000	0	0.0000	0	0.0000
group_15287	234	0	0.0000	0	0.0000	0	0.0000
group_15290	762	0	0.0000	0	0.0000	0	0.0000
group_15293	1218	0	0.0000	0	0.0000	0	0.0000
group_15298	1092	0	0.0000	0	0.0000	0	0.0000
group_15284	756	0	0.0000	0	0.0000	0	0.0000
group_15289	627	0	0.0000	0	0.0000	0	0.0000
group_15296	408	1501	3.6789	10	14.8386	5	14.8386
group_15294	156	0	0.0000	0	0.0000	0	0.0000
group_7173	213	0	0.0000	0	0.0000	0	0.0000
group_11913	168	663	3.9464	5	18.0183	2	14.4146
group_5639	1002	0	0.0000	0	0.0000	0	0.0000
group_7174	213	458	2.1502	6	17.0539	3	17.0539
group_3646	255	151	0.5922	1	2.3742	0	0.0000
group_3722	714	0	0.0000	0	0.0000	0	0.0000
group_6059	990	0	0.0000	0	0.0000	0	0.0000
group_12596	1317	0	0.0000	0	0.0000	0	0.0000
group_15299	135	0	0.0000	0	0.0000	0	0.0000
group_15304	3900	7826	2.0067	54	8.3827	27	8.3827
group_15303	861	2712	3.1498	19	13.3599	9	12.6567
group_8155	204	0	0.0000	0	0.0000	0	0.0000
group_6010	225	0	0.0000	0	0.0000	0	0.0000
group_9553	192	243	1.2656	2	6.3064	1	6.3064
group_10215	186	302	1.6237	2	6.5098	1	6.5098
group_11107	177	277	1.5650	2	6.8408	1	6.8408
group_11414	324	4413	13.6204	30	56.0569	15	56.0569
group_4039	702	15808	22.5185	112	96.5903	56	96.5903
group_7179	213	0	0.0000	0	0.0000	0	0.0000
group_10968	561	0	0.0000	0	0.0000	0	0.0000
group_7671	609	0	0.0000	0	0.0000	0	0.0000
group_7782	207	0	0.0000	0	0.0000	0	0.0000
group_522	288	0	0.0000	0	0.0000	0	0.0000
group_6291	1707	3306	1.9367	23	8.1573	11	7.8026
group_2605	96	0	0.0000	0	0.0000	0	0.0000
group_4062	249	0	0.0000	0	0.0000	0	0.0000
group_1023	129	0	0.0000	0	0.0000	0	0.0000
group_136	1233	0	0.0000	0	0.0000	0	0.0000
group_5730	396	0	0.0000	0	0.0000	0	0.0000
group_11413	324	0	0.0000	0	0.0000	0	0.0000
group_4667	681	0	0.0000	0	0.0000	0	0.0000
group_15307	1116	0	0.0000	0	0.0000	0	0.0000
group_15306	2577	0	0.0000	0	0.0000	0	0.0000
group_11246	555	0	0.0000	0	0.0000	0	0.0000
group_13925	510	0	0.0000	0	0.0000	0	0.0000
group_10438	882	0	0.0000	0	0.0000	0	0.0000
group_11349	174	0	0.0000	0	0.0000	0	0.0000
group_6346	639	906	1.4178	6	5.6846	3	5.6846
group_15308	210	0	0.0000	0	0.0000	0	0.0000
group_8863	198	0	0.0000	0	0.0000	0	0.0000
group_15309	243	455	1.8724	3	7.4742	1	4.9828
group_15310	213	0	0.0000	0	0.0000	0	0.0000
group_15311	267	282	1.0562	2	4.5349	1	4.5349
group_6131	390	2273	5.8282	18	27.9422	9	27.9422
group_15312	741	3879	5.2348	26	21.2426	13	21.2426
group_15313	1662	3014	1.8135	20	7.2854	10	7.2854
group_15314	1740	2707	1.5557	18	6.2629	9	6.2629
group_15315	780	0	0.0000	0	0.0000	0	0.0000
group_15316	966	16447	17.0259	99	62.0455	49	61.4188
group_15317	288	1948	6.7639	14	29.4299	7	29.4299
group_15319	333	1411	4.2372	10	18.1806	5	18.1806
group_15318	243	2476	10.1893	17	42.3541	8	39.8627
group_15320	504	8093	16.0575	55	66.0670	27	64.8658
group_15321	3678	20775	5.6485	139	22.8800	69	22.7154
group_15322	204	1359	6.6618	9	26.7094	4	23.7417
group_15323	1248	1605	1.2861	11	5.3362	5	4.8511
group_15324	747	15929	21.3240	108	87.5298	54	87.5298
group_3914	600	0	0.0000	0	0.0000	0	0.0000
group_15325	243	451	1.8560	3	7.4742	1	4.9828
group_15326	3936	3592	0.9126	24	3.6915	12	3.6915
group_15327	123	0	0.0000	0	0.0000	0	0.0000
group_15328	174	816	4.6897	6	20.8763	3	20.8763
group_15329	354	1248	3.5254	10	17.1021	5	17.1021
group_15330	138	0	0.0000	0	0.0000	0	0.0000
group_15331	1758	17887	10.1746	123	42.3583	61	42.0139
group_15332	1050	10185	9.7000	69	39.7844	34	39.2078
group_15333	381	1057	2.7743	7	11.1231	3	9.5341
group_15334	732	11153	15.2363	75	62.0301	37	61.2031
group_15335	219	755	3.4475	5	13.8222	2	11.0578
group_15336	399	5117	12.8246	34	51.5892	17	51.5892
group_15337	711	21065	29.6273	143	121.7640	71	120.9125
group_15338	558	7126	12.7706	49	53.1636	24	52.0786
group_15339	2163	28413	13.1359	191	53.4601	95	53.1802
group_15340	123	0	0.0000	0	0.0000	0	0.0000
group_15341	282	302	1.0709	2	4.2937	1	4.2937
group_15342	414	1521	3.6739	11	16.0859	5	14.6235
group_15343	219	1001	4.5708	8	22.1156	4	22.1156
group_15344	450	4703	10.4511	36	48.4331	18	48.4331
group_15345	795	3421	4.3031	23	17.5151	11	16.7536
group_15346	696	44108	63.3736	305	265.3036	152	264.4338
group_15347	2580	92839	35.9841	621	145.7218	310	145.4871
group_15348	249	2992	12.0161	21	51.0590	10	48.6276
group_15349	264	755	2.8598	5	11.4662	2	9.1729
group_15350	867	7400	8.5352	49	34.2160	24	33.5177
group_15351	1437	26987	18.7801	182	76.6774	91	76.6774
group_5172	234	0	0.0000	0	0.0000	0	0.0000
group_6766	966	0	0.0000	0	0.0000	0	0.0000
group_7184	213	0	0.0000	0	0.0000	0	0.0000
group_15352	381	4977	13.0630	33	52.4374	16	50.8484
group_15353	711	15777	22.1899	105	89.4071	52	88.5557
group_15354	138	0	0.0000	0	0.0000	0	0.0000
group_15355	552	1757	3.1830	12	13.1612	6	13.1612
group_15356	1020	2265	2.2206	15	8.9031	7	8.3096
group_15357	222	612	2.7568	4	10.9084	2	10.9084
group_15358	591	8191	13.8596	55	56.3414	27	55.3170
group_15359	1896	31308	16.5127	210	67.0554	105	67.0554
group_15360	987	26775	27.1277	178	109.1831	89	109.1831
group_15361	240	1230	5.1250	9	22.7030	4	20.1805
group_1406	780	0	0.0000	0	0.0000	0	0.0000
group_15362	204	753	3.6912	5	14.8386	2	11.8709
group_6016	225	209	0.9289	2	5.3815	1	5.3815
group_2029	279	0	0.0000	0	0.0000	0	0.0000
group_8869	198	0	0.0000	0	0.0000	0	0.0000
group_15363	222	0	0.0000	0	0.0000	0	0.0000
group_13907	297	0	0.0000	0	0.0000	0	0.0000
group_15364	150	0	0.0000	0	0.0000	0	0.0000
group_15365	180	0	0.0000	0	0.0000	0	0.0000
group_15367	162	0	0.0000	0	0.0000	0	0.0000
group_15366	207	0	0.0000	0	0.0000	0	0.0000
group_15368	891	151	0.1695	1	0.6795	0	0.0000
group_2251	111	502	4.5225	6	32.7251	3	32.7251
group_15369	138	428	3.1014	4	17.5482	2	17.5482
group_3883	252	599	2.3770	5	12.0122	2	9.6097
group_15370	183	0	0.0000	0	0.0000	0	0.0000
group_15371	165	0	0.0000	0	0.0000	0	0.0000
group_15372	384	0	0.0000	0	0.0000	0	0.0000
group_15373	198	0	0.0000	0	0.0000	0	0.0000
group_15374	189	0	0.0000	0	0.0000	0	0.0000
group_2358	1176	1057	0.8988	7	3.6037	3	3.0888
group_14095	144	76	0.5278	1	4.2043	0	0.0000
group_15375	558	0	0.0000	0	0.0000	0	0.0000
group_12457	162	0	0.0000	0	0.0000	0	0.0000
group_15376	450	0	0.0000	0	0.0000	0	0.0000
group_15377	957	0	0.0000	0	0.0000	0	0.0000
group_15378	93	0	0.0000	0	0.0000	0	0.0000
group_15379	546	0	0.0000	0	0.0000	0	0.0000
group_5709	228	0	0.0000	0	0.0000	0	0.0000
group_15380	309	2046	6.6214	14	27.4298	7	27.4298
group_15381	174	151	0.8678	1	3.4794	0	0.0000
group_15382	216	418	1.9352	4	11.2114	2	11.2114
group_15383	402	391	0.9726	3	4.5180	1	3.0120
group_15385	351	0	0.0000	0	0.0000	0	0.0000
group_15384	903	604	0.6689	4	2.6818	2	2.6818
group_4227	246	0	0.0000	0	0.0000	0	0.0000
group_2415	1173	0	0.0000	0	0.0000	0	0.0000
group_6483	384	0	0.0000	0	0.0000	0	0.0000
group_8355	924	289	0.3128	2	1.3104	1	1.3104
group_15386	708	0	0.0000	0	0.0000	0	0.0000
group_15387	252	0	0.0000	0	0.0000	0	0.0000
group_15388	213	0	0.0000	0	0.0000	0	0.0000
group_15389	1230	0	0.0000	0	0.0000	0	0.0000
group_15390	288	248	0.8611	2	4.2043	1	4.2043
group_15391	1047	0	0.0000	0	0.0000	0	0.0000
group_9559	192	0	0.0000	0	0.0000	0	0.0000
group_15392	660	0	0.0000	0	0.0000	0	0.0000
group_15393	132	0	0.0000	0	0.0000	0	0.0000
group_15060	429	1190	2.7739	8	11.2898	4	11.2898
group_15394	273	0	0.0000	0	0.0000	0	0.0000
group_15395	1338	0	0.0000	0	0.0000	0	0.0000
group_12178	315	0	0.0000	0	0.0000	0	0.0000
group_15396	315	924	2.9333	7	13.4536	3	11.5317
group_15397	1485	20468	13.7832	139	56.6684	69	56.2607
group_15400	366	604	1.6503	4	6.6165	2	6.6165
group_15399	321	6299	19.6231	45	84.8711	22	82.9851
group_15401	597	0	0.0000	0	0.0000	0	0.0000
group_5710	228	0	0.0000	0	0.0000	0	0.0000
group_6852	963	604	0.6272	4	2.5147	2	2.5147
group_5690	1794	604	0.3367	4	1.3499	2	1.3499
group_12838	1305	2885	2.2107	20	9.2784	10	9.2784
group_5982	1749	1301	0.7439	9	3.1153	4	2.7692
group_13540	150	178	1.1867	2	8.0722	1	8.0722
group_6297	981	2265	2.3089	15	9.2571	7	8.6400
group_4120	699	1484	2.1230	10	8.6611	5	8.6611
group_10550	183	0	0.0000	0	0.0000	0	0.0000
group_6489	384	0	0.0000	0	0.0000	0	0.0000
group_10851	180	1129	6.2722	9	30.2707	4	26.9073
group_2969	738	3500	4.7425	24	19.6883	12	19.6883
group_4546	684	0	0.0000	0	0.0000	0	0.0000
group_3785	435	1891	4.3471	13	18.0928	6	16.7011
group_12458	162	0	0.0000	0	0.0000	0	0.0000
group_15403	480	1208	2.5167	8	10.0902	4	10.0902
group_15402	231	1869	8.0909	13	34.0709	6	31.4501
group_12198	165	0	0.0000	0	0.0000	0	0.0000
group_12963	156	440	2.8205	3	11.6426	1	7.7617
group_2389	468	8421	17.9936	60	77.6172	30	77.6172
group_2520	2886	60407	20.9310	404	84.7496	202	84.7496
group_10552	183	1107	6.0492	10	33.0827	5	33.0827
group_15404	384	151	0.3932	1	1.5766	0	0.0000
group_15405	228	0	0.0000	0	0.0000	0	0.0000
group_2462	102	0	0.0000	0	0.0000	0	0.0000
group_5901	1758	0	0.0000	0	0.0000	0	0.0000
group_15406	219	144	0.6575	1	2.7644	0	0.0000
group_15407	1062	3540	3.3333	26	14.8218	13	14.8218
group_5544	1005	151	0.1502	1	0.6024	0	0.0000
group_10222	186	0	0.0000	0	0.0000	0	0.0000
group_9806	576	302	0.5243	2	2.1021	1	2.1021
group_10852	180	177	0.9833	2	6.7268	1	6.7268
group_15408	309	0	0.0000	0	0.0000	0	0.0000
group_15409	216	302	1.3981	2	5.6057	1	5.6057
group_15410	441	3188	7.2290	21	28.8292	10	27.4564
group_15411	597	1804	3.0218	12	12.1691	6	12.1691
group_7194	213	0	0.0000	0	0.0000	0	0.0000
group_15413	486	798	1.6420	6	7.4742	3	7.4742
group_15414	1095	1353	1.2356	9	4.9760	4	4.4231
group_13771	810	275	0.3395	2	1.4948	1	1.4948
group_15419	402	705	1.7537	5	7.5300	2	6.0240
group_15418	324	285	0.8796	2	3.7371	1	3.7371
group_15420	1191	37671	31.6297	257	130.6393	128	130.1310
group_11934	543	1466	2.6998	10	11.1494	5	11.1494
group_15421	423	2265	5.3546	15	21.4686	7	20.0373
group_15422	870	1824	2.0966	13	9.0464	6	8.3505
group_15423	888	5784	6.5135	39	26.5891	19	25.9074
group_15424	249	862	3.4618	7	17.0197	3	14.5883
group_15425	150	234	1.5600	2	8.0722	1	8.0722
group_15427	282	774	2.7447	6	12.8812	3	12.8812
group_15426	564	5383	9.5443	37	39.7169	18	38.6435
group_15428	222	1510	6.8018	10	27.2709	5	27.2709
group_15430	588	6141	10.4439	41	42.2143	20	41.1846
group_15429	285	1208	4.2386	8	16.9941	4	16.9941
group_781	492	0	0.0000	0	0.0000	0	0.0000
group_5383	1011	755	0.7468	5	2.9941	2	2.3953
group_2254	111	0	0.0000	0	0.0000	0	0.0000
group_7384	369	0	0.0000	0	0.0000	0	0.0000
group_3885	252	0	0.0000	0	0.0000	0	0.0000
group_15431	147	0	0.0000	0	0.0000	0	0.0000
group_12460	162	880	5.4321	8	29.8970	4	29.8970
group_1956	120	0	0.0000	0	0.0000	0	0.0000
group_5579	657	0	0.0000	0	0.0000	0	0.0000
group_6026	225	0	0.0000	0	0.0000	0	0.0000
group_2146	768	0	0.0000	0	0.0000	0	0.0000
group_4343	1203	0	0.0000	0	0.0000	0	0.0000
group_5762	282	0	0.0000	0	0.0000	0	0.0000
group_10464	1419	0	0.0000	0	0.0000	0	0.0000
group_13045	525	0	0.0000	0	0.0000	0	0.0000
group_3905	432	0	0.0000	0	0.0000	0	0.0000
group_6603	351	0	0.0000	0	0.0000	0	0.0000
group_4052	2160	0	0.0000	0	0.0000	0	0.0000
group_6596	219	0	0.0000	0	0.0000	0	0.0000
group_12308	840	0	0.0000	0	0.0000	0	0.0000
group_534	288	0	0.0000	0	0.0000	0	0.0000
group_10452	336	0	0.0000	0	0.0000	0	0.0000
group_4336	420	0	0.0000	0	0.0000	0	0.0000
group_6998	375	0	0.0000	0	0.0000	0	0.0000
group_9882	189	0	0.0000	0	0.0000	0	0.0000
group_6142	390	0	0.0000	0	0.0000	0	0.0000
group_2918	741	0	0.0000	0	0.0000	0	0.0000
group_4397	2052	0	0.0000	0	0.0000	0	0.0000
group_10265	570	592	1.0386	4	4.2485	2	4.2485
group_5849	996	3536	3.5502	24	14.5883	12	14.5883
group_11419	324	0	0.0000	0	0.0000	0	0.0000
group_5176	234	0	0.0000	0	0.0000	0	0.0000
group_2584	753	0	0.0000	0	0.0000	0	0.0000
group_2030	279	0	0.0000	0	0.0000	0	0.0000
group_11355	174	824	4.7356	8	27.8351	4	27.8351
group_9220	195	281	1.4410	4	12.4188	2	12.4188
group_1035	129	918	7.1163	12	56.3176	6	56.3176
group_11418	552	3204	5.8043	23	25.2256	11	24.1288
group_4757	411	0	0.0000	0	0.0000	0	0.0000
group_2203	3174	128	0.0403	2	0.3815	1	0.3815
group_10226	186	0	0.0000	0	0.0000	0	0.0000
group_4828	1944	302	0.1553	2	0.6229	1	0.6229
group_10557	183	0	0.0000	0	0.0000	0	0.0000
group_7093	621	0	0.0000	0	0.0000	0	0.0000
group_2979	264	0	0.0000	0	0.0000	0	0.0000
group_2519	465	0	0.0000	0	0.0000	0	0.0000
group_5370	402	0	0.0000	0	0.0000	0	0.0000
group_8410	357	0	0.0000	0	0.0000	0	0.0000
group_4941	408	0	0.0000	0	0.0000	0	0.0000
group_13546	150	0	0.0000	0	0.0000	0	0.0000
group_2360	1176	0	0.0000	0	0.0000	0	0.0000
group_3788	435	0	0.0000	0	0.0000	0	0.0000
group_7820	363	0	0.0000	0	0.0000	0	0.0000
group_2891	1146	0	0.0000	0	0.0000	0	0.0000
group_3465	603	0	0.0000	0	0.0000	0	0.0000
group_7247	618	0	0.0000	0	0.0000	0	0.0000
group_7821	363	0	0.0000	0	0.0000	0	0.0000
group_3056	1134	906	0.7989	6	3.2032	3	3.2032
group_7433	1587	0	0.0000	0	0.0000	0	0.0000
group_816	786	0	0.0000	0	0.0000	0	0.0000
group_6101	645	0	0.0000	0	0.0000	0	0.0000
group_4229	246	0	0.0000	0	0.0000	0	0.0000
group_4179	2127	3817	1.7945	26	7.4005	13	7.4005
group_2331	108	0	0.0000	0	0.0000	0	0.0000
group_5915	393	0	0.0000	0	0.0000	0	0.0000
group_9305	348	0	0.0000	0	0.0000	0	0.0000
group_13047	525	795	1.5143	6	6.9190	3	6.9190
group_11358	174	0	0.0000	0	0.0000	0	0.0000
group_5333	663	2095	3.1599	14	12.7840	7	12.7840
group_5018	1026	4198	4.0916	28	16.5220	14	16.5220
group_15432	11259	44617	3.9628	298	16.0239	149	16.0239
group_15433	513	2896	5.6452	21	24.7830	10	23.6029
group_3463	258	743	2.8798	6	14.0794	3	14.0794
group_9577	192	0	0.0000	0	0.0000	0	0.0000
group_3656	255	0	0.0000	0	0.0000	0	0.0000
group_11041	870	0	0.0000	0	0.0000	0	0.0000
group_7792	207	0	0.0000	0	0.0000	0	0.0000
group_4266	693	4933	7.1183	34	29.7029	17	29.7029
group_12465	162	153	0.9444	1	3.7371	0	0.0000
group_5916	393	0	0.0000	0	0.0000	0	0.0000
group_8125	360	0	0.0000	0	0.0000	0	0.0000
group_3658	255	300	1.1765	2	4.7483	1	4.7483
group_72	138	200	1.4493	2	8.7741	1	8.7741
group_2681	93	0	0.0000	0	0.0000	0	0.0000
group_15439	2424	0	0.0000	0	0.0000	0	0.0000
group_15437	2007	0	0.0000	0	0.0000	0	0.0000
group_15440	435	0	0.0000	0	0.0000	0	0.0000
group_15438	207	0	0.0000	0	0.0000	0	0.0000
group_15436	213	0	0.0000	0	0.0000	0	0.0000
group_15441	528	751	1.4223	5	5.7331	2	4.5865
group_15442	282	0	0.0000	0	0.0000	0	0.0000
group_15443	261	299	1.1456	2	4.6392	1	4.6392
group_15444	4827	4033	0.8355	27	3.3864	13	3.2610
group_15445	516	1211	2.3469	9	10.5595	4	9.3863
group_13193	522	0	0.0000	0	0.0000	0	0.0000
group_163	795	151	0.1899	1	0.7615	0	0.0000
group_6159	225	600	2.6667	4	10.7629	2	10.7629
group_15447	285	0	0.0000	0	0.0000	0	0.0000
group_15448	1419	0	0.0000	0	0.0000	0	0.0000
group_15446	2745	0	0.0000	0	0.0000	0	0.0000
group_4547	684	0	0.0000	0	0.0000	0	0.0000
group_4773	1038	1510	1.4547	10	5.8325	5	5.8325
group_15451	309	151	0.4887	1	1.9593	0	0.0000
group_15449	321	0	0.0000	0	0.0000	0	0.0000
group_15450	1458	0	0.0000	0	0.0000	0	0.0000
group_15452	1185	0	0.0000	0	0.0000	0	0.0000
group_10855	180	0	0.0000	0	0.0000	0	0.0000
group_14346	141	0	0.0000	0	0.0000	0	0.0000
group_9219	195	0	0.0000	0	0.0000	0	0.0000
group_357	135	0	0.0000	0	0.0000	0	0.0000
group_9582	192	0	0.0000	0	0.0000	0	0.0000
group_15455	1455	0	0.0000	0	0.0000	0	0.0000
group_15453	912	0	0.0000	0	0.0000	0	0.0000
group_15454	315	0	0.0000	0	0.0000	0	0.0000
group_11649	171	142	0.8304	2	7.0809	1	7.0809
group_15456	2955	2605	0.8816	18	3.6878	9	3.6878
group_15457	1572	42503	27.0375	286	110.1453	143	110.1453
group_15460	1245	26535	21.3133	178	86.5572	89	86.5572
group_15459	720	17198	23.8861	120	100.9024	60	100.9024
group_14098	144	0	0.0000	0	0.0000	0	0.0000
group_15462	2277	10870	4.7738	65	17.2824	32	17.0165
group_15463	1965	69866	35.5552	472	145.4226	236	145.4226
group_4004	429	1139	2.6550	8	11.2898	4	11.2898
group_15466	777	28385	36.5315	191	148.8212	95	148.0421
group_15465	663	7810	11.7798	54	49.3097	27	49.3097
group_15467	189	0	0.0000	0	0.0000	0	0.0000
group_15468	405	2214	5.4667	16	23.9176	8	23.9176
group_15469	903	7499	8.3045	52	34.8633	26	34.8633
group_15470	1500	6444	4.2960	44	17.7588	22	17.7588
group_15471	255	0	0.0000	0	0.0000	0	0.0000
group_15473	1482	764	0.5155	5	2.0426	2	1.6340
group_15474	720	2310	3.2083	19	15.9762	9	15.1354
group_15475	441	1699	3.8526	14	19.2195	7	19.2195
group_15476	1863	2090	1.1218	14	4.5495	7	4.5495
group_2518	465	0	0.0000	0	0.0000	0	0.0000
group_15477	669	0	0.0000	0	0.0000	0	0.0000
group_15478	378	3575	9.4577	26	41.6422	13	41.6422
group_15269	261	0	0.0000	0	0.0000	0	0.0000
group_8483	201	0	0.0000	0	0.0000	0	0.0000
group_12183	315	0	0.0000	0	0.0000	0	0.0000
group_1072	285	0	0.0000	0	0.0000	0	0.0000
group_15479	168	151	0.8988	1	3.6037	0	0.0000
group_10227	186	0	0.0000	0	0.0000	0	0.0000
group_15480	585	0	0.0000	0	0.0000	0	0.0000
group_15481	570	151	0.2649	1	1.0621	0	0.0000
group_15482	912	1125	1.2336	10	6.6383	5	6.6383
group_1037	129	0	0.0000	0	0.0000	0	0.0000
group_15483	1008	4523	4.4871	29	17.4177	14	16.8171
group_15484	717	17148	23.9163	118	99.6358	59	99.6358
group_15485	771	3244	4.2075	22	17.2751	11	17.2751
group_15486	894	151	0.1689	1	0.6772	0	0.0000
group_15487	396	906	2.2879	6	9.1729	3	9.1729
group_15488	297	2531	8.5219	17	34.6533	8	32.6149
group_15490	267	151	0.5655	1	2.2675	0	0.0000
group_15489	591	4376	7.4044	29	29.7073	14	28.6829
group_15492	750	8902	11.8693	59	47.6259	29	46.8187
group_15491	108	216	2.0000	2	11.2114	1	11.2114
group_15493	264	151	0.5720	1	2.2932	0	0.0000
group_15494	240	704	2.9333	6	15.1354	3	15.1354
group_15495	750	4746	6.3280	32	25.8310	16	25.8310
group_4758	411	7384	17.9659	54	79.5435	27	79.5435
group_15496	16608	80978	4.8758	539	19.6483	269	19.6118
group_15498	876	3769	4.3025	26	17.9689	13	17.9689
group_15500	834	2422	2.9041	19	13.7924	9	13.0665
group_15499	3384	13129	3.8797	87	15.5647	43	15.3858
group_15497	5388	23462	4.3545	157	17.6411	78	17.5287
group_6584	1674	9181	5.4845	61	22.0611	30	21.6994
group_9883	189	569	3.0106	5	16.0162	2	12.8130
group_15501	1197	5201	4.3450	35	17.7022	17	17.1964
group_13346	519	2895	5.5780	20	23.3300	10	23.3300
gmhA	543	2779	5.1179	19	21.1839	9	20.0690
group_6298	222	854	3.8468	7	19.0896	3	16.3625
group_5476	1827	5889	3.2233	39	12.9235	19	12.5921
group_2025	477	2950	6.1845	21	26.6535	10	25.3842
group_6165	1728	11027	6.3814	74	25.9263	37	25.9263
group_4231	423	3569	8.4374	25	35.7810	12	34.3497
group_10565	183	0	0.0000	0	0.0000	0	0.0000
group_15502	285	2151	7.5474	16	33.9882	8	33.9882
group_6808	378	1220	3.2275	9	14.4146	4	12.8130
group_261	6384	20063	3.1427	134	12.7076	67	12.7076
group_50	12348	53001	4.2923	352	17.2583	176	17.2583
group_7269	1602	7197	4.4925	49	18.5177	24	18.1397
group_9256	906	2582	2.8499	18	12.0281	9	12.0281
group_12468	162	588	3.6296	6	22.4227	3	22.4227
group_15503	5499	20525	3.7325	135	14.8629	67	14.7528
group_14133	804	4179	5.1978	28	21.0841	14	21.0841
group_9884	189	151	0.7989	1	3.2032	0	0.0000
group_2912	1143	3430	3.0009	24	12.7121	12	12.7121
group_1039	129	0	0.0000	0	0.0000	0	0.0000
group_5440	231	145	0.6277	1	2.6208	0	0.0000
group_15504	114	0	0.0000	0	0.0000	0	0.0000
group_6890	1641	16091	9.8056	108	39.8444	54	39.8444
group_2679	93	124	1.3333	2	13.0197	1	13.0197
group_5918	393	9243	23.5191	68	104.7536	34	104.7536
group_4663	240	1228	5.1167	10	25.2256	5	25.2256
group_15505	579	2316	4.0000	16	16.7299	8	16.7299
group_10525	1416	4379	3.0925	29	12.3990	14	11.9715
group_2026	477	3759	7.8805	26	32.9995	13	32.9995
group_15506	1380	14141	10.2471	94	41.2384	47	41.2384
group_15507	234	151	0.6453	1	2.5872	0	0.0000
group_15508	372	1483	3.9866	11	17.9020	5	16.2746
group_2476	2925	20680	7.0701	139	28.7701	69	28.5631
group_2417	759	6942	9.1462	47	37.4894	23	36.6918
group_15509	135	0	0.0000	0	0.0000	0	0.0000
group_15510	300	616	2.0533	5	10.0902	2	8.0722
group_15511	339	1158	3.4159	8	14.2871	4	14.2871
group_15512	2631	17204	6.5390	107	24.6216	53	24.3914
group_12473	162	491	3.0309	4	14.9485	2	14.9485
group_76	138	0	0.0000	0	0.0000	0	0.0000
group_7491	1581	7106	4.4946	49	18.7636	24	18.3807
group_6600	219	151	0.6895	1	2.7644	0	0.0000
group_14691	333	2051	6.1592	16	29.0890	8	29.0890
group_2	501	2049	4.0898	14	16.9178	7	16.9178
group_3247	261	719	2.7548	6	13.9176	3	13.9176
group_4407	243	450	1.8519	3	7.4742	1	4.9828
group_2148	768	2653	3.4544	18	14.1894	9	14.1894
group_15514	1326	6085	4.5890	40	18.2629	20	18.2629
group_15515	1113	11306	10.1581	75	40.7961	37	40.2522
group_15516	768	18017	23.4596	125	98.5375	62	97.7492
group_15518	270	906	3.3556	6	13.4536	3	13.4536
group_15517	213	696	3.2676	5	14.2116	2	11.3693
group_15519	264	2225	8.4280	15	34.3985	7	32.1053
group_15520	726	4104	5.6529	28	23.3493	14	23.3493
group_15521	705	5568	7.8979	38	32.6323	19	32.6323
group_15522	333	517	1.5526	4	7.2722	2	7.2722
group_15523	306	4187	13.6830	30	59.3543	15	59.3543
group_15524	156	269	1.7244	2	7.7617	1	7.7617
group_1700	483	1027	2.1263	7	8.7741	3	7.5207
group_3635	1104	3556	3.2210	24	13.1612	12	13.1612
group_13180	1290	3020	2.3411	20	9.3863	10	9.3863
group_15526	555	3128	5.6360	22	23.9984	11	23.9984
group_15530	963	5566	5.7799	37	23.2610	18	22.6323
group_15531	879	8660	9.8521	58	39.9477	29	39.9477
group_15533	252	755	2.9960	5	12.0122	2	9.6097
group_15529	852	6544	7.6808	44	31.2655	22	31.2655
group_15539	1110	6135	5.5270	41	22.3621	20	21.8167
group_15535	615	4524	7.3561	32	31.5012	16	31.5012
group_15538	240	1504	6.2667	13	32.7933	6	30.2707
group_15525	654	3333	5.0963	23	21.2913	11	20.3656
group_15537	876	4514	5.1530	31	21.4245	15	20.7334
group_15540	693	6251	9.0202	42	36.6918	21	36.6918
group_15527	1758	14941	8.4989	101	34.7820	50	34.4377
group_15528	228	412	1.8070	4	10.6213	2	10.6213
group_15534	432	9810	22.7083	70	98.0995	35	98.0995
group_12471	162	452	2.7901	4	14.9485	2	14.9485
group_9889	189	2173	11.4974	16	51.2520	8	51.2520
group_10232	186	151	0.8118	1	3.2549	0	0.0000
group_4548	684	0	0.0000	0	0.0000	0	0.0000
group_1672	123	0	0.0000	0	0.0000	0	0.0000
group_680	133	0	0.0000	0	0.0000	0	0.0000
group_7208	372	2392	6.4301	16	26.0393	8	26.0393
group_15541	153	0	0.0000	0	0.0000	0	0.0000
group_15544	336	0	0.0000	0	0.0000	0	0.0000
group_15543	210	0	0.0000	0	0.0000	0	0.0000
group_15546	192	0	0.0000	0	0.0000	0	0.0000
group_15545	492	270	0.5488	2	2.4610	1	2.4610
group_15547	306	0	0.0000	0	0.0000	0	0.0000
group_15542	960	2462	2.5646	16	10.0902	8	10.0902
group_15548	3474	1783	0.5132	12	2.0912	6	2.0912
group_78	138	0	0.0000	0	0.0000	0	0.0000
group_8175	204	0	0.0000	0	0.0000	0	0.0000
group_11655	171	302	1.7661	2	7.0809	1	7.0809
group_4122	699	286	0.4092	2	1.7322	1	1.7322
group_10566	183	0	0.0000	0	0.0000	0	0.0000
group_7800	606	0	0.0000	0	0.0000	0	0.0000
group_11117	177	0	0.0000	0	0.0000	0	0.0000
group_7112	954	0	0.0000	0	0.0000	0	0.0000
group_13051	525	521	0.9924	4	4.6127	2	4.6127
group_14318	504	0	0.0000	0	0.0000	0	0.0000
group_9211	585	245	0.4188	2	2.0698	1	2.0698
group_5158	1884	302	0.1603	2	0.6427	1	0.6427
group_9511	1467	0	0.0000	0	0.0000	0	0.0000
group_8681	591	0	0.0000	0	0.0000	0	0.0000
group_11657	171	0	0.0000	0	0.0000	0	0.0000
group_2257	111	0	0.0000	0	0.0000	0	0.0000
group_7492	210	0	0.0000	0	0.0000	0	0.0000
group_8181	600	0	0.0000	0	0.0000	0	0.0000
group_2893	456	3266	7.1623	22	29.2086	11	29.2086
group_10533	567	0	0.0000	0	0.0000	0	0.0000
group_597	789	0	0.0000	0	0.0000	0	0.0000
group_13551	150	0	0.0000	0	0.0000	0	0.0000
group_15550	276	302	1.0942	2	4.3871	1	4.3871
group_12908	828	0	0.0000	0	0.0000	0	0.0000
group_15551	1668	151	0.0905	1	0.3630	0	0.0000
group_15552	1515	0	0.0000	0	0.0000	0	0.0000
group_14104	144	0	0.0000	0	0.0000	0	0.0000
group_15555	153	0	0.0000	0	0.0000	0	0.0000
group_15556	1500	8211	5.4740	54	21.7949	27	21.7949
group_15554	223	1767	7.9238	12	32.5783	6	32.5783
group_15557	261	720	2.7586	5	11.5980	2	9.2784
group_1667	123	246	2.0000	2	9.8441	1	9.8441
group_15559	252	0	0.0000	0	0.0000	0	0.0000
group_15558	1680	31948	19.0167	215	77.4786	107	77.1182
group_15560	105	0	0.0000	0	0.0000	0	0.0000
group_7904	933	0	0.0000	0	0.0000	0	0.0000
group_15561	186	196	1.0538	2	6.5098	1	6.5098
group_15562	123	0	0.0000	0	0.0000	0	0.0000
group_15563	156	0	0.0000	0	0.0000	0	0.0000
group_15564	126	431	3.4206	4	19.2195	2	19.2195
group_15565	426	2429	5.7019	17	24.1597	8	22.7386
group_11689	549	13994	25.4900	96	105.8648	48	105.8648
group_11364	174	351	2.0172	4	13.9176	2	13.9176
group_13659	1272	0	0.0000	0	0.0000	0	0.0000
group_791	492	0	0.0000	0	0.0000	0	0.0000
group_2465	102	0	0.0000	0	0.0000	0	0.0000
group_7606	366	151	0.4126	1	1.6541	0	0.0000
group_13823	147	0	0.0000	0	0.0000	0	0.0000
group_4433	687	1345	1.9578	9	7.9312	4	7.0499
group_8063	930	453	0.4871	3	1.9529	1	1.3020
group_1836	1197	503	0.4202	4	2.0231	2	2.0231
group_1388	486	0	0.0000	0	0.0000	0	0.0000
group_11928	168	0	0.0000	0	0.0000	0	0.0000
group_12474	162	0	0.0000	0	0.0000	0	0.0000
group_3663	255	466	1.8275	4	9.4967	2	9.4967
group_5972	993	0	0.0000	0	0.0000	0	0.0000
group_684	132	0	0.0000	0	0.0000	0	0.0000
group_4119	426	0	0.0000	0	0.0000	0	0.0000
group_2807	267	0	0.0000	0	0.0000	0	0.0000
group_2755	1155	1208	1.0459	8	4.1933	4	4.1933
group_9514	1467	2991	2.0389	20	8.2538	10	8.2538
group_6197	984	1808	1.8374	12	7.3831	6	7.3831
group_3064	1134	4681	4.1279	32	17.0840	16	17.0840
group_4123	699	858	1.2275	6	5.1967	3	5.1967
group_7391	1590	4493	2.8258	30	11.4229	15	11.4229
group_13660	1272	4513	3.5480	30	14.2786	15	14.2786
group_3251	261	1048	4.0153	7	16.2372	3	13.9176
group_3238	2460	5308	2.1577	36	8.8597	18	8.8597
group_5739	1785	3465	1.9412	23	7.8009	11	7.4617
group_3112	1131	1301	1.1503	9	4.8176	4	4.2823
group_9516	1467	2265	1.5440	15	6.1903	7	5.7776
group_7295	1599	3194	1.9975	22	8.3297	11	8.3297
group_7563	942	1352	1.4352	9	5.7842	4	5.1415
group_5361	483	443	0.9172	3	3.7603	1	2.5069
group_3803	711	22634	31.8340	151	128.5760	75	127.7245
group_12687	309	0	0.0000	0	0.0000	0	0.0000
group_15566	414	0	0.0000	0	0.0000	0	0.0000
group_15567	3696	18573	5.0252	119	19.4925	59	19.3287
group_15569	144	0	0.0000	0	0.0000	0	0.0000
group_15568	645	755	1.1705	5	4.6931	2	3.7545
group_15570	186	0	0.0000	0	0.0000	0	0.0000
group_15588	150	1257	8.3800	12	48.4331	6	48.4331
group_15585	450	14081	31.2911	98	131.8457	49	131.8457
group_15580	663	3786	5.7104	26	23.7417	13	23.7417
group_5728	228	0	0.0000	0	0.0000	0	0.0000
group_10785	564	0	0.0000	0	0.0000	0	0.0000
group_15593	330	5608	16.9939	44	80.7219	22	80.7219
group_15594	1023	6136	5.9980	29	17.1623	14	16.5705
group_15595	1671	0	0.0000	0	0.0000	0	0.0000
group_15597	126	0	0.0000	0	0.0000	0	0.0000
group_15596	492	7685	15.6199	51	62.7563	25	61.5258
group_15598	690	4971	7.2043	34	29.8320	17	29.8320
group_5726	228	0	0.0000	0	0.0000	0	0.0000
group_13190	822	0	0.0000	0	0.0000	0	0.0000
group_15599	813	18992	23.3604	128	95.3174	64	95.3174
group_15600	1338	2963	2.2145	20	9.0495	10	9.0495
group_15601	246	14716	59.8211	109	268.2526	54	265.7916
group_15602	402	906	2.2537	6	9.0360	3	9.0360
group_15603	342	2114	6.1813	14	24.7830	7	24.7830
group_15606	402	815	2.0274	6	9.0360	3	9.0360
group_15604	129	0	0.0000	0	0.0000	0	0.0000
group_15607	225	1065	4.7333	8	21.5258	4	21.5258
group_15608	300	4813	16.0433	34	68.6136	17	68.6136
group_15609	363	2970	8.1818	20	33.3562	10	33.3562
group_15610	411	2100	5.1095	14	20.6224	7	20.6224
group_15611	195	0	0.0000	0	0.0000	0	0.0000
group_15612	279	0	0.0000	0	0.0000	0	0.0000
group_15613	456	971	2.1294	7	9.2936	3	7.9660
group_15615	723	1521	2.1037	11	9.2110	5	8.3736
group_9011	1494	2651	1.7744	18	7.2941	9	7.2941
group_686	132	190	1.4394	2	9.1729	1	9.1729
group_15616	216	0	0.0000	0	0.0000	0	0.0000
group_3472	258	0	0.0000	0	0.0000	0	0.0000
group_365	135	0	0.0000	0	0.0000	0	0.0000
group_3158	450	0	0.0000	0	0.0000	0	0.0000
group_15617	141	0	0.0000	0	0.0000	0	0.0000
group_5977	993	302	0.3041	2	1.2194	1	1.2194
group_5397	1842	0	0.0000	0	0.0000	0	0.0000
group_7496	210	0	0.0000	0	0.0000	0	0.0000
group_15618	165	0	0.0000	0	0.0000	0	0.0000
group_15619	156	0	0.0000	0	0.0000	0	0.0000
group_9533	345	0	0.0000	0	0.0000	0	0.0000
group_15620	150	1197	7.9800	14	56.5053	7	56.5053
group_2402	105	0	0.0000	0	0.0000	0	0.0000
group_12978	156	0	0.0000	0	0.0000	0	0.0000
group_3252	261	457	1.7510	4	9.2784	2	9.2784
group_10242	186	0	0.0000	0	0.0000	0	0.0000
group_8491	201	0	0.0000	0	0.0000	0	0.0000
group_10791	564	302	0.5355	2	2.1469	1	2.1469
group_15621	162	0	0.0000	0	0.0000	0	0.0000
group_15622	150	0	0.0000	0	0.0000	0	0.0000
group_2718	2751	604	0.2196	4	0.8803	2	0.8803
group_15623	2832	7043	2.4869	48	10.2613	24	10.2613
group_15624	186	0	0.0000	0	0.0000	0	0.0000
group_15629	294	0	0.0000	0	0.0000	0	0.0000
group_15628	774	151	0.1951	1	0.7822	0	0.0000
group_15627	462	0	0.0000	0	0.0000	0	0.0000
group_15630	156	151	0.9679	1	3.8809	0	0.0000
group_3897	252	201	0.7976	2	4.8049	1	4.8049
group_15631	879	302	0.3436	2	1.3775	1	1.3775
group_15632	2193	70331	32.0707	470	129.7513	235	129.7513
group_12477	162	0	0.0000	0	0.0000	0	0.0000
group_13820	1266	577	0.4558	4	1.9128	2	1.9128
group_15633	237	2349	9.9114	17	43.4263	8	40.8718
group_15634	531	1920	3.6158	14	15.9620	7	15.9620
group_15635	978	0	0.0000	0	0.0000	0	0.0000
group_15636	243	1262	5.1934	9	22.4227	4	19.9313
group_11119	177	0	0.0000	0	0.0000	0	0.0000
group_7253	618	453	0.7330	3	2.9389	1	1.9593
group_5742	396	302	0.7626	2	3.0576	1	3.0576
group_15637	600	0	0.0000	0	0.0000	0	0.0000
group_15639	834	0	0.0000	0	0.0000	0	0.0000
group_15638	153	1928	12.6013	18	71.2252	9	71.2252
group_15640	486	151	0.3107	1	1.2457	0	0.0000
group_15643	222	453	2.0405	3	8.1813	1	5.4542
group_8731	354	755	2.1328	5	8.5510	2	6.8408
group_5218	1017	4025	3.9577	28	16.6682	14	16.6682
group_2058	117	0	0.0000	0	0.0000	0	0.0000
group_15644	229	276	1.2052	2	5.2875	1	5.2875
group_15645	189	0	0.0000	0	0.0000	0	0.0000
group_15646	342	11311	33.0731	76	134.5365	38	134.5365
group_1047	129	0	0.0000	0	0.0000	0	0.0000
group_2684	93	0	0.0000	0	0.0000	0	0.0000
group_15647	180	151	0.8389	1	3.3634	0	0.0000
group_15648	198	0	0.0000	0	0.0000	0	0.0000
group_10876	180	0	0.0000	0	0.0000	0	0.0000
group_1113	1212	302	0.2492	2	0.9990	1	0.9990
group_599	789	76	0.0963	2	1.5346	1	1.5346
group_15649	168	0	0.0000	0	0.0000	0	0.0000
group_15650	795	0	0.0000	0	0.0000	0	0.0000
group_15651	180	100	0.5556	2	6.7268	1	6.7268
group_12728	831	0	0.0000	0	0.0000	0	0.0000
group_15652	306	260	0.8497	2	3.9570	1	3.9570
group_15653	207	0	0.0000	0	0.0000	0	0.0000
group_12207	165	0	0.0000	0	0.0000	0	0.0000
group_6500	384	670	1.7448	5	7.8830	2	6.3064
group_5428	126	0	0.0000	0	0.0000	0	0.0000
group_8374	924	0	0.0000	0	0.0000	0	0.0000
group_6935	960	0	0.0000	0	0.0000	0	0.0000
group_4529	2019	0	0.0000	0	0.0000	0	0.0000
group_10925	873	0	0.0000	0	0.0000	0	0.0000
group_2535	465	0	0.0000	0	0.0000	0	0.0000
group_4699	1974	0	0.0000	0	0.0000	0	0.0000
group_7220	951	9566	10.0589	64	40.7429	32	40.7429
group_2249	765	1208	1.5791	8	6.3311	4	6.3311
group_15654	141	0	0.0000	0	0.0000	0	0.0000
group_15655	363	151	0.4160	1	1.6678	0	0.0000
group_15657	1308	302	0.2309	2	0.9257	1	0.9257
group_15656	849	302	0.3557	2	1.4262	1	1.4262
group_8883	198	0	0.0000	0	0.0000	0	0.0000
group_15658	171	206	1.2047	2	7.0809	1	7.0809
group_4675	681	268	0.3935	2	1.7780	1	1.7780
group_9815	576	0	0.0000	0	0.0000	0	0.0000
group_2250	765	0	0.0000	0	0.0000	0	0.0000
group_7500	210	0	0.0000	0	0.0000	0	0.0000
group_15659	216	817	3.7824	8	22.4227	4	22.4227
group_15660	213	302	1.4178	2	5.6846	1	5.6846
group_2611	270	757	2.8037	5	11.2114	2	8.9691
group_15661	564	2378	4.2163	16	17.1749	8	17.1749
group_15662	108	0	0.0000	0	0.0000	0	0.0000
group_1372	126	0	0.0000	0	0.0000	0	0.0000
group_15663	738	23135	31.3482	160	131.2551	80	131.2551
group_10575	183	0	0.0000	0	0.0000	0	0.0000
group_11422	1368	0	0.0000	0	0.0000	0	0.0000
group_5600	1812	151	0.0833	1	0.3341	0	0.0000
group_5342	663	0	0.0000	0	0.0000	0	0.0000
group_15665	198	198	1.0000	2	6.1153	1	6.1153
group_2233	276	302	1.0942	2	4.3871	1	4.3871
group_15666	198	0	0.0000	0	0.0000	0	0.0000
group_15667	129	0	0.0000	0	0.0000	0	0.0000
group_13252	153	0	0.0000	0	0.0000	0	0.0000
group_2061	117	0	0.0000	0	0.0000	0	0.0000
group_15668	1143	0	0.0000	0	0.0000	0	0.0000
group_15684	294	33360	113.4694	230	473.6233	115	473.6233
group_15701	372	48313	129.8737	324	527.2962	162	527.2962
group_15673	1425	193498	135.7881	1261	535.7384	630	535.3135
group_15708	1236	184747	149.4717	1228	601.4956	614	601.4956
group_15688	303	7457	24.6106	51	101.9014	25	99.9033
group_15693	363	10181	28.0468	73	121.7499	36	120.0821
group_15675	180	7314	40.6333	50	168.1706	25	168.1706
group_15689	279	0	0.0000	0	0.0000	0	0.0000
group_15669	231	22950	99.3506	163	427.1970	81	424.5761
group_15704	285	31627	110.9719	212	450.3431	106	450.3431
group_15671	195	12589	64.5590	93	288.7360	46	285.6313
group_15697	2862	504474	176.2662	3301	698.2781	1650	698.0666
group_15676	180	4410	24.5000	34	114.3560	17	114.3560
group_15672	876	0	0.0000	0	0.0000	0	0.0000
group_15674	921	52148	56.6211	350	230.0705	175	230.0705
group_15681	1005	156345	155.5672	1061	639.1486	530	638.5462
group_15706	444	39707	89.4302	278	379.0656	139	379.0656
group_15696	861	103814	120.5738	692	486.5814	346	486.5814
group_15690	3417	389069	113.8627	2598	460.3061	1299	460.3061
group_15691	450	70775	157.2778	499	671.3370	249	669.9916
group_15707	408	16609	40.7083	114	169.1598	57	169.1598
group_15679	627	93932	149.8118	629	607.3453	314	606.3797
group_15705	756	102155	135.1257	689	551.7597	344	550.9589
group_15695	429	54743	127.6061	370	522.1520	185	522.1520
group_15683	309	10107	32.7087	69	135.1896	34	133.2303
group_15670	204	6983	34.2304	48	142.4504	24	142.4504
group_15677	165	5045	30.5758	35	128.4212	17	124.7520
group_15682	1794	235775	131.4242	1578	532.5215	789	532.5215
group_15678	318	24235	76.2107	162	308.4185	81	308.4185
group_15699	1257	231652	184.2896	1552	747.4962	776	747.4962
group_15692	270	21915	81.1667	152	340.8257	76	340.8257
group_15685	294	32811	111.6020	220	453.0310	110	453.0310
group_15703	1797	284899	158.5415	1901	640.4520	950	640.1151
group_15694	2703	250983	92.8535	1682	376.7320	841	376.7320
group_15702	585	79886	136.5573	544	562.9834	272	562.9834
group_15680	1839	305175	165.9462	2033	669.2805	1016	668.9513
group_15709	507	60683	119.6903	406	484.8089	203	484.8089
group_15698	366	22318	60.9781	154	254.7371	77	254.7371
group_15700	675	110580	163.8222	771	691.5175	385	690.6206
group_15686	624	79874	128.0032	547	530.7076	273	529.7374
group_15687	255	7877	30.8902	53	125.8312	26	123.4570
group_15710	507	36849	72.6805	230	274.6455	115	274.6455
group_15711	426	12917	30.3216	89	126.4832	44	125.0621
group_13350	519	446	0.8593	3	3.4995	1	2.3330
group_3900	252	0	0.0000	0	0.0000	0	0.0000
group_9899	189	0	0.0000	0	0.0000	0	0.0000
group_15712	270	0	0.0000	0	0.0000	0	0.0000
group_15713	180	0	0.0000	0	0.0000	0	0.0000
group_697	132	0	0.0000	0	0.0000	0	0.0000
group_8185	204	447	2.1912	4	11.8709	2	11.8709
group_15714	135	0	0.0000	0	0.0000	0	0.0000
group_6306	222	350	1.5766	3	8.1813	1	5.4542
group_15715	261	2118	8.1149	14	32.4743	7	32.4743
group_15716	117	0	0.0000	0	0.0000	0	0.0000
group_15717	243	1341	5.5185	10	24.9142	5	24.9142
group_13971	807	5890	7.2986	39	29.2579	19	28.5077
group_13253	153	188	1.2288	2	7.9139	1	7.9139
group_14295	294	600	2.0408	4	8.2369	2	8.2369
group_15718	111	0	0.0000	0	0.0000	0	0.0000
group_1742	282	252	0.8936	2	4.2937	1	4.2937
group_15719	222	300	1.3514	2	5.4542	1	5.4542
group_4008	429	7640	17.8089	54	76.2060	27	76.2060
group_15722	276	2971	10.7645	21	46.0641	10	43.8706
group_11662	171	236	1.3801	2	7.0809	1	7.0809
group_15723	315	0	0.0000	0	0.0000	0	0.0000
group_15725	849	2487	2.9293	17	12.1225	8	11.4095
group_15724	306	5596	18.2876	42	83.0961	21	83.0961
group_12985	156	0	0.0000	0	0.0000	0	0.0000
group_15727	345	0	0.0000	0	0.0000	0	0.0000
group_15726	621	0	0.0000	0	0.0000	0	0.0000
group_15728	963	0	0.0000	0	0.0000	0	0.0000
group_15729	771	0	0.0000	0	0.0000	0	0.0000
group_15730	183	0	0.0000	0	0.0000	0	0.0000
group_15731	258	3058	11.8527	21	49.2779	10	46.9313
group_15732	873	0	0.0000	0	0.0000	0	0.0000
group_2154	114	217	1.9035	2	10.6213	1	10.6213
group_15733	495	3471	7.0121	23	28.1304	11	26.9073
group_4273	693	0	0.0000	0	0.0000	0	0.0000
group_6311	1701	2112	1.2416	14	4.9828	7	4.9828
group_9245	195	898	4.6051	6	18.6281	3	18.6281
group_15734	162	216	1.3333	2	7.4742	1	7.4742
group_15735	189	183	0.9683	2	6.4065	1	6.4065
group_15736	372	294	0.7903	2	3.2549	1	3.2549
group_15737	357	3711	10.3950	25	42.3959	12	40.7001
group_15738	1758	9923	5.6445	67	23.0732	33	22.7289
group_15739	222	0	0.0000	0	0.0000	0	0.0000
group_15740	261	262	1.0038	2	4.6392	1	4.6392
group_15741	519	1510	2.9094	10	11.6650	5	11.6650
group_15742	240	0	0.0000	0	0.0000	0	0.0000
group_7539	612	5934	9.6961	42	41.5480	21	41.5480
group_15743	210	0	0.0000	0	0.0000	0	0.0000
group_15744	93	0	0.0000	0	0.0000	0	0.0000
group_2041	771	279	0.3619	2	1.5705	1	1.5705
group_15745	270	0	0.0000	0	0.0000	0	0.0000
group_15748	267	0	0.0000	0	0.0000	0	0.0000
group_15747	723	0	0.0000	0	0.0000	0	0.0000
group_15749	555	0	0.0000	0	0.0000	0	0.0000
group_15746	168	0	0.0000	0	0.0000	0	0.0000
group_6692	969	108	0.1115	2	1.2496	1	1.2496
group_9044	351	0	0.0000	0	0.0000	0	0.0000
group_1377	126	0	0.0000	0	0.0000	0	0.0000
group_15750	117	0	0.0000	0	0.0000	0	0.0000
group_15751	702	7729	11.0100	52	44.8455	26	44.8455
group_6333	387	297	0.7674	2	3.1288	1	3.1288
group_15756	603	0	0.0000	0	0.0000	0	0.0000
group_15753	984	0	0.0000	0	0.0000	0	0.0000
group_15755	348	0	0.0000	0	0.0000	0	0.0000
group_15754	405	0	0.0000	0	0.0000	0	0.0000
group_15752	1332	0	0.0000	0	0.0000	0	0.0000
group_15757	93	0	0.0000	0	0.0000	0	0.0000
group_15758	117	0	0.0000	0	0.0000	0	0.0000
group_6615	220	3266	14.8455	24	66.0452	12	66.0452
group_6612	219	762	3.4795	7	19.3511	3	16.5867
group_10174	339	961	2.8348	7	12.5012	3	10.7153
group_6936	960	1963	2.0448	13	8.1983	6	7.5677
group_13317	819	0	0.0000	0	0.0000	0	0.0000
group_4402	1056	0	0.0000	0	0.0000	0	0.0000
group_15759	741	0	0.0000	0	0.0000	0	0.0000
group_15760	267	410	1.5356	3	6.8024	1	4.5349
group_2152	768	0	0.0000	0	0.0000	0	0.0000
group_15761	186	596	3.2043	4	13.0197	2	13.0197
group_6824	378	0	0.0000	0	0.0000	0	0.0000
group_15762	201	0	0.0000	0	0.0000	0	0.0000
group_15763	393	1060	2.6972	7	10.7835	3	9.2430
group_15764	141	0	0.0000	0	0.0000	0	0.0000
group_15766	150	0	0.0000	0	0.0000	0	0.0000
group_15765	186	604	3.2473	4	13.0197	2	13.0197
group_1959	120	78	0.6500	2	10.0902	1	10.0902
group_15767	156	0	0.0000	0	0.0000	0	0.0000
group_11291	864	0	0.0000	0	0.0000	0	0.0000
group_15768	162	0	0.0000	0	0.0000	0	0.0000
group_7105	621	0	0.0000	0	0.0000	0	0.0000
group_7549	612	0	0.0000	0	0.0000	0	0.0000
group_2897	456	295	0.6469	2	2.6553	1	2.6553
group_2042	279	148	0.5305	1	2.1699	0	0.0000
group_15771	336	0	0.0000	0	0.0000	0	0.0000
group_5439	126	0	0.0000	0	0.0000	0	0.0000
group_10657	879	302	0.3436	2	1.3775	1	1.3775
group_15772	270	0	0.0000	0	0.0000	0	0.0000
group_15773	195	424	2.1744	3	9.3141	1	6.2094
group_15774	450	981	2.1800	4	5.3815	2	5.3815
group_15775	504	442	0.8770	3	3.6037	1	2.4024
group_14597	498	0	0.0000	0	0.0000	0	0.0000
group_15776	345	0	0.0000	0	0.0000	0	0.0000
group_15777	135	0	0.0000	0	0.0000	0	0.0000
group_15778	330	2993	9.0697	21	38.5264	10	36.6918
group_5224	666	0	0.0000	0	0.0000	0	0.0000
group_15779	459	0	0.0000	0	0.0000	0	0.0000
group_15780	150	0	0.0000	0	0.0000	0	0.0000
group_15781	147	0	0.0000	0	0.0000	0	0.0000
group_15782	255	0	0.0000	0	0.0000	0	0.0000
group_15783	228	0	0.0000	0	0.0000	0	0.0000
group_9248	195	209	1.0718	2	6.2094	1	6.2094
group_15784	297	0	0.0000	0	0.0000	0	0.0000
group_15785	186	0	0.0000	0	0.0000	0	0.0000
group_15786	151	292	1.9338	2	8.0187	1	8.0187
group_11123	177	452	2.5537	3	10.2613	1	6.8408
group_15787	1284	3929	3.0600	26	12.2592	13	12.2592
group_1154	3966	906	0.2284	6	0.9159	3	0.9159
group_15789	162	0	0.0000	0	0.0000	0	0.0000
group_15790	189	0	0.0000	0	0.0000	0	0.0000
group_15791	135	0	0.0000	0	0.0000	0	0.0000
group_11437	324	960	2.9630	7	13.0799	3	11.2114
group_15792	135	231	1.7111	2	8.9691	1	8.9691
group_15793	252	0	0.0000	0	0.0000	0	0.0000
group_15794	180	0	0.0000	0	0.0000	0	0.0000
group_15795	984	151	0.1535	1	0.6153	0	0.0000
group_6605	633	0	0.0000	0	0.0000	0	0.0000
group_13832	147	0	0.0000	0	0.0000	0	0.0000
group_15796	144	0	0.0000	0	0.0000	0	0.0000
group_15797	642	0	0.0000	0	0.0000	0	0.0000
group_3865	1092	0	0.0000	0	0.0000	0	0.0000
group_15798	966	453	0.4689	3	1.8802	1	1.2534
group_9230	585	302	0.5162	2	2.0698	1	2.0698
group_15799	645	0	0.0000	0	0.0000	0	0.0000
group_15800	411	0	0.0000	0	0.0000	0	0.0000
group_15801	120	0	0.0000	0	0.0000	0	0.0000
group_4311	1062	4719	4.4435	32	18.2422	16	18.2422
group_10275	885	1658	1.8734	11	7.5249	5	6.8408
group_15802	789	0	0.0000	0	0.0000	0	0.0000
group_2733	90	0	0.0000	0	0.0000	0	0.0000
group_4786	1956	12717	6.5015	86	26.6184	43	26.6184
group_9907	189	0	0.0000	0	0.0000	0	0.0000
group_14331	504	0	0.0000	0	0.0000	0	0.0000
group_6617	219	0	0.0000	0	0.0000	0	0.0000
group_15803	159	106	0.6667	2	7.6153	1	7.6153
group_4961	408	0	0.0000	0	0.0000	0	0.0000
group_4434	2043	7802	3.8189	52	15.4095	26	15.4095
group_15804	936	311	0.3323	2	1.2936	1	1.2936
group_2339	108	0	0.0000	0	0.0000	0	0.0000
group_15805	180	126	0.7000	2	6.7268	1	6.7268
group_15806	258	0	0.0000	0	0.0000	0	0.0000
group_15807	312	0	0.0000	0	0.0000	0	0.0000
group_10255	186	0	0.0000	0	0.0000	0	0.0000
group_12703	309	0	0.0000	0	0.0000	0	0.0000
group_15808	1926	59838	31.0685	401	126.0494	200	125.7350
group_12721	159	0	0.0000	0	0.0000	0	0.0000
group_8894	198	476	2.4040	4	12.2306	2	12.2306
group_14539	798	0	0.0000	0	0.0000	0	0.0000
group_454	1224	0	0.0000	0	0.0000	0	0.0000
group_15809	627	151	0.2408	1	0.9656	0	0.0000
group_15810	651	0	0.0000	0	0.0000	0	0.0000
group_15811	630	0	0.0000	0	0.0000	0	0.0000
group_4277	693	0	0.0000	0	0.0000	0	0.0000
group_6046	225	0	0.0000	0	0.0000	0	0.0000
group_1714	483	151	0.3126	1	1.2534	0	0.0000
group_3385	726	0	0.0000	0	0.0000	0	0.0000
group_13638	813	0	0.0000	0	0.0000	0	0.0000
group_5187	234	0	0.0000	0	0.0000	0	0.0000
group_4345	1059	604	0.5703	4	2.2867	2	2.2867
group_9706	1455	1467	1.0082	10	4.1609	5	4.1609
group_1522	1203	0	0.0000	0	0.0000	0	0.0000
group_5451	231	1431	6.1948	10	26.2084	5	26.2084
group_11947	543	0	0.0000	0	0.0000	0	0.0000
group_5930	393	604	1.5369	4	6.1620	2	6.1620
group_15812	1071	0	0.0000	0	0.0000	0	0.0000
group_2259	111	0	0.0000	0	0.0000	0	0.0000
group_15813	738	15006	20.3333	102	83.6751	51	83.6751
group_15814	1191	26234	22.0269	179	90.9900	89	90.4817
group_15815	1437	28963	20.1552	196	82.5756	98	82.5756
group_5648	1800	302	0.1678	2	0.6727	1	0.6727
group_9910	189	0	0.0000	0	0.0000	0	0.0000
group_11293	864	1057	1.2234	7	4.9050	3	4.2043
group_9824	576	0	0.0000	0	0.0000	0	0.0000
group_7215	213	151	0.7089	1	2.8423	0	0.0000
group_4009	429	755	1.7599	5	7.0561	2	5.6449
group_15817	303	821	2.7096	4	7.9923	2	7.9923
group_15818	156	0	0.0000	0	0.0000	0	0.0000
group_15819	144	0	0.0000	0	0.0000	0	0.0000
group_15820	141	282	2.0000	4	17.1749	2	17.1749
group_15822	129	0	0.0000	0	0.0000	0	0.0000
group_15824	351	856	2.4387	6	10.3490	3	10.3490
group_4327	2076	10671	5.1402	72	20.9970	36	20.9970
group_8896	198	302	1.5253	2	6.1153	1	6.1153
group_15825	183	1219	6.6612	9	29.7745	4	26.4662
group_11390	174	295	1.6954	2	6.9588	1	6.9588
group_2065	117	0	0.0000	0	0.0000	0	0.0000
group_11128	177	0	0.0000	0	0.0000	0	0.0000
group_2688	93	0	0.0000	0	0.0000	0	0.0000
group_3686	255	597	2.3412	4	9.4967	2	9.4967
group_15826	243	263	1.0823	3	7.4742	1	4.9828
group_4047	702	1057	1.5057	7	6.0369	3	5.1745
group_12320	537	1718	3.1993	12	13.5288	6	13.5288
group_95	138	0	0.0000	0	0.0000	0	0.0000
group_4078	249	302	1.2129	2	4.8628	1	4.8628
group_8509	201	135	0.6716	2	6.0240	1	6.0240
group_4001	1083	5398	4.9843	37	20.6836	18	20.1246
group_6655	381	746	1.9580	5	7.9451	2	6.3561
group_3265	261	2297	8.8008	16	37.1135	8	37.1135
group_4885	1929	2205	1.1431	15	4.7077	7	4.3939
group_704	132	0	0.0000	0	0.0000	0	0.0000
group_11692	1356	2753	2.0302	19	8.4829	9	8.0365
group_15827	198	0	0.0000	0	0.0000	0	0.0000
group_15828	444	108	0.2432	2	2.7271	1	2.7271
group_3488	258	5390	20.8915	38	89.1695	19	89.1695
group_15829	1365	3443	2.5223	21	9.3141	10	8.8705
group_15830	273	151	0.5531	1	2.2176	0	0.0000
group_12734	1311	2807	2.1411	19	8.7741	9	8.3123
group_7686	609	2813	4.6190	19	18.8881	9	17.8940
group_5452	231	0	0.0000	0	0.0000	0	0.0000
group_6856	963	453	0.4704	3	1.8860	1	1.2574
group_2419	273	443	1.6227	3	6.6529	1	4.4353
group_6904	216	414	1.9167	4	11.2114	2	11.2114
group_7986	603	151	0.2504	1	1.0040	0	0.0000
group_12710	531	453	0.8531	3	3.4204	1	2.2803
group_7918	933	1359	1.4566	9	5.8400	4	5.1911
group_15831	1128	20920	18.5461	142	76.2135	71	76.2135
group_15832	771	15775	20.4604	105	82.4494	52	81.6642
group_6625	219	302	1.3790	2	5.5289	1	5.5289
group_7815	207	550	2.6570	4	11.6988	2	11.6988
group_4238	423	861	2.0355	7	10.0187	3	8.5874
group_2817	267	2502	9.3708	19	43.0819	9	40.8144
group_15833	1956	26033	13.3093	175	54.1654	87	53.8559
group_15834	240	1488	6.2000	12	30.2707	6	30.2707
group_97	138	0	0.0000	0	0.0000	0	0.0000
group_9623	579	891	1.5389	7	7.3193	3	6.2737
group_15837	294	1604	5.4558	12	24.7108	6	24.7108
group_15836	2310	113471	49.1216	766	200.7564	383	200.7564
group_15835	1458	86980	59.6571	595	247.0654	297	246.6502
group_6315	222	151	0.6802	1	2.7271	0	0.0000
group_15838	1011	10473	10.3591	73	43.7144	36	43.1155
group_15839	117	0	0.0000	0	0.0000	0	0.0000
group_15841	234	3561	15.2179	24	62.0938	12	62.0938
group_15840	348	3575	10.2730	24	41.7527	12	41.7527
group_10590	183	142	0.7760	1	3.3083	0	0.0000
group_3907	252	302	1.1984	2	4.8049	1	4.8049
group_6626	219	151	0.6895	1	2.7644	0	0.0000
group_14112	144	220	1.5278	2	8.4085	1	8.4085
group_1693	123	0	0.0000	0	0.0000	0	0.0000
group_4916	237	391	1.6498	3	7.6635	1	5.1090
group_15843	1062	12835	12.0857	86	49.0260	43	49.0260
group_13837	147	2732	18.5850	34	140.0278	17	140.0278
group_13058	825	1090	1.3212	8	5.8707	4	5.8707
group_10280	885	755	0.8531	5	3.4204	2	2.7363
group_3306	729	3543	4.8601	25	20.7618	12	19.9313
group_15844	630	967	1.5349	7	6.7268	3	5.7658
lpxB	1239	40605	32.7724	274	133.8850	137	133.8850
group_15845	168	0	0.0000	0	0.0000	0	0.0000
group_4635	414	1169	2.8237	8	11.6988	4	11.6988
group_2998	453	2685	5.9272	18	24.0562	9	24.0562
group_2093	1188	1721	1.4487	12	6.1153	6	6.1153
group_6120	648	5848	9.0247	43	40.1741	21	39.2398
group_15846	138	0	0.0000	0	0.0000	0	0.0000
group_15847	132	0	0.0000	0	0.0000	0	0.0000
group_15852	339	0	0.0000	0	0.0000	0	0.0000
group_15854	549	891	1.6230	6	6.6165	3	6.6165
group_12711	531	452	0.8512	3	3.4204	1	2.2803
group_5934	393	6684	17.0076	48	73.9437	24	73.9437
group_15855	1473	21158	14.3639	121	49.7319	60	49.3209
group_6753	630	2628	4.1714	18	17.2975	9	17.2975
group_2659	462	1796	3.8874	12	15.7250	6	15.7250
group_15856	177	141	0.7966	1	3.4204	0	0.0000
group_1962	1194	3534	2.9598	24	12.1691	12	12.1691
group_6906	216	1050	4.8611	8	22.4227	4	22.4227
group_7839	363	265	0.7300	2	3.3356	1	3.3356
group_10887	180	0	0.0000	0	0.0000	0	0.0000
group_11203	327	3215	9.8318	22	40.7312	11	40.7312
group_12223	165	142	0.8606	1	3.6692	0	0.0000
group_15858	213	2253	10.5775	15	42.6348	7	39.7925
group_15857	1485	30737	20.6983	208	84.7987	104	84.7987
group_15859	696	4685	6.7313	32	27.8351	16	27.8351
group_15861	402	14275	35.5100	103	155.1185	51	153.6125
group_15860	393	14903	37.9211	115	177.1568	57	175.6163
group_15862	786	3100	3.9440	22	16.9454	11	16.9454
group_15863	1539	5231	3.3990	35	13.7684	17	13.3750
group_15864	1659	130702	78.7836	867	316.3918	433	316.0269
group_9913	189	0	0.0000	0	0.0000	0	0.0000
group_6316	222	0	0.0000	0	0.0000	0	0.0000
group_12055	846	4636	5.4799	33	23.6154	16	22.8998
group_15865	441	2192	4.9705	15	20.5923	7	19.2195
group_15867	255	302	1.1843	2	4.7483	1	4.7483
group_15868	321	892	2.7788	6	11.3162	3	11.3162
group_2715	1158	18264	15.7720	125	65.3513	62	64.8285
group_7509	210	0	0.0000	0	0.0000	0	0.0000
group_9604	192	151	0.7865	1	3.1532	0	0.0000
group_2542	1167	1445	1.2382	10	5.1878	5	5.1878
group_9242	1482	10839	7.3138	73	29.8213	36	29.4128
group_4985	672	2536	3.7738	18	16.2164	9	16.2164
group_4312	1062	1365	1.2853	10	5.7007	5	5.7007
group_2398	468	1179	2.5192	8	10.3490	4	10.3490
group_4845	1035	2261	2.1845	15	8.7741	7	8.1892
group_15869	657	3578	5.4460	24	22.1156	12	22.1156
group_15870	1446	6747	4.6660	44	18.4220	22	18.4220
group_15872	612	1462	2.3889	10	9.8924	5	9.8924
group_15874	408	453	1.1103	3	4.4516	1	2.9677
group_15871	390	931	2.3872	7	10.8664	3	9.3141
group_15873	315	1551	4.9238	11	21.1414	5	19.2195
group_15878	339	1779	5.2478	13	23.2165	6	21.4306
group_15876	933	10376	11.1211	72	46.7201	36	46.7201
group_15877	645	10840	16.8062	76	71.3356	38	71.3356
group_15879	684	13677	19.9956	96	84.9704	48	84.9704
group_15880	987	17504	17.7345	116	71.1530	58	71.1530
group_15881	1005	14892	14.8179	101	60.8426	50	60.2402
group_10592	183	142	0.7760	1	3.3083	0	0.0000
group_5021	1026	1958	1.9084	13	7.6709	6	7.0809
group_8690	591	604	1.0220	4	4.0976	2	4.0976
group_15882	198	0	0.0000	0	0.0000	0	0.0000
group_15883	1521	36996	24.3235	254	101.1014	127	101.1014
group_4780	1038	3028	2.9171	20	11.6650	10	11.6650
group_15885	798	22942	28.7494	153	116.0756	76	115.3170
group_15884	1839	35845	19.4916	242	79.6684	121	79.6684
group_7259	618	604	0.9773	4	3.9185	2	3.9185
group_15886	210	453	2.1571	3	8.6488	1	5.7658
group_15887	825	1652	2.0024	14	10.2737	7	10.2737
group_5190	234	600	2.5641	4	10.3490	2	10.3490
group_8229	927	1179	1.2718	8	5.2247	4	5.2247
group_6138	987	4180	4.2351	29	17.7883	14	17.1749
group_9436	582	1017	1.7474	7	7.2816	3	6.2414
group_11532	858	2558	2.9814	17	11.9954	8	11.2898
group_15888	681	12296	18.0558	85	75.5656	42	74.6766
group_7216	213	593	2.7840	4	11.3693	2	11.3693
group_4846	1035	1426	1.3778	10	5.8494	5	5.8494
group_8552	921	1510	1.6395	10	6.5734	5	6.5734
group_2763	747	906	1.2129	6	4.8628	3	4.8628
group_1953	480	302	0.6292	2	2.5226	1	2.5226
group_7617	366	151	0.4126	1	1.6541	0	0.0000
group_8436	357	1359	3.8067	9	15.2625	4	13.5667
group_5746	228	1764	7.7368	13	34.5192	6	31.8639
group_11938	168	0	0.0000	0	0.0000	0	0.0000
group_15889	726	4005	5.5165	27	22.5154	13	21.6815
group_8993	912	3762	4.1250	25	16.5958	12	15.9320
group_2976	738	0	0.0000	0	0.0000	0	0.0000
group_4200	696	0	0.0000	0	0.0000	0	0.0000
group_11398	174	0	0.0000	0	0.0000	0	0.0000
group_11925	849	0	0.0000	0	0.0000	0	0.0000
group_12224	165	0	0.0000	0	0.0000	0	0.0000
group_2552	99	0	0.0000	0	0.0000	0	0.0000
group_146	1233	816	0.6618	6	2.9461	3	2.9461
group_14113	144	0	0.0000	0	0.0000	0	0.0000
group_15890	375	2273	6.0613	16	25.8310	8	25.8310
group_6360	639	122392	191.5368	1047	991.9696	523	991.0222
group_12225	165	0	0.0000	0	0.0000	0	0.0000
group_5970	648	0	0.0000	0	0.0000	0	0.0000
group_7109	621	0	0.0000	0	0.0000	0	0.0000
group_10889	180	0	0.0000	0	0.0000	0	0.0000
group_15892	243	278	1.1440	2	4.9828	1	4.9828
group_15891	1095	5384	4.9169	25	13.8222	12	13.2694
group_15893	837	32756	39.1350	224	162.0224	112	162.0224
group_11397	174	1533	8.8103	12	41.7527	6	41.7527
group_332	1227	0	0.0000	0	0.0000	0	0.0000
group_7816	207	0	0.0000	0	0.0000	0	0.0000
group_15894	159	0	0.0000	0	0.0000	0	0.0000
group_5454	231	280	1.2121	2	5.2417	1	5.2417
group_12984	306	3522	11.5098	24	47.4835	12	47.4835
group_15895	1263	28470	22.5416	190	91.0758	95	91.0758
group_15896	2160	66080	30.5926	440	123.3251	220	123.3251
group_15897	1236	36353	29.4118	242	118.5358	121	118.5358
group_5738	1785	0	0.0000	0	0.0000	0	0.0000
group_225	498	0	0.0000	0	0.0000	0	0.0000
group_624	4821	453	0.0940	3	0.3767	1	0.2512
group_12299	1332	0	0.0000	0	0.0000	0	0.0000
group_15903	303	0	0.0000	0	0.0000	0	0.0000
group_15900	192	0	0.0000	0	0.0000	0	0.0000
group_15905	1386	0	0.0000	0	0.0000	0	0.0000
group_15901	1131	0	0.0000	0	0.0000	0	0.0000
group_15908	540	0	0.0000	0	0.0000	0	0.0000
group_15902	591	0	0.0000	0	0.0000	0	0.0000
group_15898	432	0	0.0000	0	0.0000	0	0.0000
group_15899	402	0	0.0000	0	0.0000	0	0.0000
group_15907	693	0	0.0000	0	0.0000	0	0.0000
group_15911	432	5596	12.9537	39	54.6554	19	53.2540
group_6585	1674	3171	1.8943	21	7.5948	10	7.2331
group_3281	1536	4900	3.1901	33	13.0069	16	12.6128
group_10811	564	253	0.4486	2	2.1469	1	2.1469
group_11672	855	0	0.0000	0	0.0000	0	0.0000
group_2990	264	151	0.5720	1	2.2932	0	0.0000
group_5566	399	749	1.8772	5	7.5866	2	6.0693
group_15912	171	604	3.5322	4	14.1617	2	14.1617
group_15913	534	0	0.0000	0	0.0000	0	0.0000
group_104	138	0	0.0000	0	0.0000	0	0.0000
group_4977	1914	302	0.1578	2	0.6326	1	0.6326
group_7575	942	302	0.3206	2	1.2854	1	1.2854
group_11425	1368	0	0.0000	0	0.0000	0	0.0000
group_10184	339	0	0.0000	0	0.0000	0	0.0000
group_15914	453	2114	4.6667	14	18.7104	7	18.7104
group_15915	153	0	0.0000	0	0.0000	0	0.0000
group_15916	156	0	0.0000	0	0.0000	0	0.0000
group_3495	258	453	1.7558	3	7.0397	1	4.6931
group_11436	552	0	0.0000	0	0.0000	0	0.0000
group_13912	1263	0	0.0000	0	0.0000	0	0.0000
group_6386	1689	259	0.1533	2	0.7169	1	0.7169
group_8754	354	7170	20.2542	49	83.8003	24	82.0901
group_5456	231	1164	5.0390	8	20.9667	4	20.9667
group_15917	345	1486	4.3072	10	17.5482	5	17.5482
group_9321	348	0	0.0000	0	0.0000	0	0.0000
group_15919	579	5096	8.8014	37	38.6879	18	37.6423
group_15918	789	603	0.7643	4	3.0693	2	3.0693
group_15920	702	20581	29.3177	143	123.3251	71	122.4627
group_12999	156	0	0.0000	0	0.0000	0	0.0000
group_15921	261	0	0.0000	0	0.0000	0	0.0000
group_15922	4194	26113	6.2263	174	25.1173	87	25.1173
group_11943	168	0	0.0000	0	0.0000	0	0.0000
group_15926	429	0	0.0000	0	0.0000	0	0.0000
group_15924	2379	0	0.0000	0	0.0000	0	0.0000
group_15925	1923	302	0.1570	2	0.6297	1	0.6297
group_11678	171	0	0.0000	0	0.0000	0	0.0000
group_9665	1458	0	0.0000	0	0.0000	0	0.0000
group_2400	468	0	0.0000	0	0.0000	0	0.0000
cRR6	474	11089	23.3945	76	97.0706	38	97.0706
group_15927	1374	39319	28.6164	266	117.2054	133	117.2054
group_3919	432	2905	6.7245	20	28.0284	10	28.0284
group_5747	396	0	0.0000	0	0.0000	0	0.0000
group_15933	867	0	0.0000	0	0.0000	0	0.0000
group_15932	2157	302	0.1400	2	0.5613	1	0.5613
group_15929	195	0	0.0000	0	0.0000	0	0.0000
group_10486	336	274	0.8155	2	3.6037	1	3.6037
group_2401	468	0	0.0000	0	0.0000	0	0.0000
group_15934	147	0	0.0000	0	0.0000	0	0.0000
group_10549	567	283	0.4991	2	2.1355	1	2.1355
group_12494	162	0	0.0000	0	0.0000	0	0.0000
group_15935	1017	22321	21.9479	148	88.1035	74	88.1035
group_7554	612	7544	12.3268	56	55.3974	28	55.3974
group_3489	723	0	0.0000	0	0.0000	0	0.0000
group_15936	315	642	2.0381	8	15.3756	4	15.3756
group_2255	276	261	0.9457	3	6.5806	1	4.3871
group_9610	192	528	2.7500	4	12.6128	2	12.6128
group_2620	270	2342	8.6741	16	35.8764	8	35.8764
group_15937	1008	1359	1.3482	9	5.4055	4	4.8049
group_15938	1461	2416	1.6537	16	6.6301	8	6.6301
group_15939	189	443	2.3439	3	9.6097	1	6.4065
group_15942	1206	148	0.1227	2	1.0040	1	1.0040
group_7822	207	0	0.0000	0	0.0000	0	0.0000
group_15943	1239	453	0.3656	3	1.4659	1	0.9773
group_15955	1431	1237	0.8644	9	3.8076	4	3.3846
group_1092	489	727	1.4867	5	6.1903	2	4.9523
group_15960	303	359	1.1848	3	5.9942	1	3.9961
group_15961	288	588	2.0417	4	8.4085	2	8.4085
group_15959	666	1641	2.4640	11	9.9993	5	9.0903
group_15962	117	0	0.0000	0	0.0000	0	0.0000
group_15963	324	755	2.3302	5	9.3428	2	7.4742
group_15940	354	151	0.4266	1	1.7102	0	0.0000
group_15964	1641	42304	25.7794	281	103.6693	140	103.3004
group_2622	270	0	0.0000	0	0.0000	0	0.0000
group_12319	840	18812	22.3952	132	95.1365	66	95.1365
group_6754	630	4852	7.7016	33	31.7122	16	30.7512
group_15965	1284	16132	12.5639	115	54.2232	57	53.7517
group_15966	1236	13029	10.5413	87	42.6141	43	42.1243
group_15967	942	302	0.3206	2	1.2854	1	1.2854
group_15968	255	296	1.1608	2	4.7483	1	4.7483
group_3498	258	445	1.7248	4	9.3863	2	9.3863
group_4129	426	9808	23.0235	69	98.0600	34	96.6389
group_11452	324	453	1.3981	3	5.6057	1	3.7371
group_15971	951	5000	5.2576	34	21.6447	17	21.6447
group_15972	546	5888	10.7839	41	45.4615	20	44.3527
group_7523	210	267	1.2714	2	5.7658	1	5.7658
group_15974	273	302	1.1062	2	4.4353	1	4.4353
group_15981	495	4911	9.9212	37	45.2532	18	44.0301
group_15979	1101	31114	28.2598	212	116.5738	106	116.5738
group_15978	609	3379	5.5484	24	23.8587	12	23.8587
group_15980	3918	52077	13.2917	346	53.4643	173	53.4643
group_7018	375	0	0.0000	0	0.0000	0	0.0000
group_12193	315	0	0.0000	0	0.0000	0	0.0000
group_5749	396	0	0.0000	0	0.0000	0	0.0000
group_6639	219	1246	5.6895	10	27.6445	5	27.6445
group_11946	168	295	1.7560	4	14.4146	2	14.4146
group_10895	180	180	1.0000	2	6.7268	1	6.7268
group_9849	342	0	0.0000	0	0.0000	0	0.0000
group_1966	3429	3203	0.9341	22	3.8843	11	3.8843
group_13464	816	0	0.0000	0	0.0000	0	0.0000
group_2547	465	881	1.8946	6	7.8118	3	7.8118
group_13266	153	0	0.0000	0	0.0000	0	0.0000
group_2473	102	0	0.0000	0	0.0000	0	0.0000
group_15986	1542	0	0.0000	0	0.0000	0	0.0000
group_15982	1554	302	0.1943	2	0.7792	1	0.7792
group_15985	552	0	0.0000	0	0.0000	0	0.0000
group_15983	426	0	0.0000	0	0.0000	0	0.0000
group_15984	381	0	0.0000	0	0.0000	0	0.0000
group_7227	213	148	0.6948	1	2.8423	0	0.0000
group_12736	159	0	0.0000	0	0.0000	0	0.0000
group_4130	426	283	0.6643	2	2.8423	1	2.8423
group_6914	216	844	3.9074	8	22.4227	4	22.4227
group_15990	3027	5199	1.7175	34	6.8002	17	6.8002
group_15989	1359	151	0.1111	1	0.4455	0	0.0000
group_15988	1251	858	0.6859	6	2.9037	3	2.9037
group_15987	156	0	0.0000	0	0.0000	0	0.0000
group_15992	240	377	1.5708	3	7.5677	1	5.0451
group_15991	396	604	1.5253	4	6.1153	2	6.1153
group_2261	111	0	0.0000	0	0.0000	0	0.0000
group_718	132	0	0.0000	0	0.0000	0	0.0000
group_7524	210	0	0.0000	0	0.0000	0	0.0000
group_4923	237	442	1.8650	3	7.6635	1	5.1090
group_12235	165	0	0.0000	0	0.0000	0	0.0000
group_2342	108	0	0.0000	0	0.0000	0	0.0000
group_2068	117	0	0.0000	0	0.0000	0	0.0000
group_12322	537	453	0.8436	3	3.3822	1	2.2548
group_14341	504	4844	9.6111	37	44.4451	18	43.2439
group_12228	165	0	0.0000	0	0.0000	0	0.0000
group_2824	267	0	0.0000	0	0.0000	0	0.0000
group_3431	444	0	0.0000	0	0.0000	0	0.0000
group_7229	213	0	0.0000	0	0.0000	0	0.0000
group_6638	219	0	0.0000	0	0.0000	0	0.0000
group_2161	114	0	0.0000	0	0.0000	0	0.0000
group_6641	219	755	3.4475	5	13.8222	2	11.0578
group_6060	225	0	0.0000	0	0.0000	0	0.0000
group_15993	258	6982	27.0620	47	110.2886	23	107.9421
group_14325	294	604	2.0544	4	8.2369	2	8.2369
group_9613	192	0	0.0000	0	0.0000	0	0.0000
group_1137	285	0	0.0000	0	0.0000	0	0.0000
group_1391	126	0	0.0000	0	0.0000	0	0.0000
group_8524	201	0	0.0000	0	0.0000	0	0.0000
group_9854	342	0	0.0000	0	0.0000	0	0.0000
group_9548	345	0	0.0000	0	0.0000	0	0.0000
group_15999	2496	4169	1.6703	28	6.7915	14	6.7915
group_15998	213	0	0.0000	0	0.0000	0	0.0000
group_15996	189	0	0.0000	0	0.0000	0	0.0000
group_15997	1704	3785	2.2212	26	9.2375	13	9.2375
group_13267	153	150	0.9804	1	3.9570	0	0.0000
group_9053	351	0	0.0000	0	0.0000	0	0.0000
group_13792	810	0	0.0000	0	0.0000	0	0.0000
group_4971	408	0	0.0000	0	0.0000	0	0.0000
group_4692	240	186	0.7750	2	5.0451	1	5.0451
group_12231	165	0	0.0000	0	0.0000	0	0.0000
group_2052	279	0	0.0000	0	0.0000	0	0.0000
group_8202	204	0	0.0000	0	0.0000	0	0.0000
group_13268	153	0	0.0000	0	0.0000	0	0.0000
group_7296	1599	604	0.3777	4	1.5145	2	1.5145
group_5198	234	0	0.0000	0	0.0000	0	0.0000
group_4346	2070	0	0.0000	0	0.0000	0	0.0000
group_4083	249	0	0.0000	0	0.0000	0	0.0000
group_4976	408	0	0.0000	0	0.0000	0	0.0000
group_5191	405	3880	9.5802	23	34.3815	11	32.8867
group_581	288	0	0.0000	0	0.0000	0	0.0000
group_12232	165	0	0.0000	0	0.0000	0	0.0000
group_2262	111	0	0.0000	0	0.0000	0	0.0000
group_4866	1935	296	0.1530	2	0.6258	1	0.6258
group_4769	1959	302	0.1542	2	0.6181	1	0.6181
group_2285	471	0	0.0000	0	0.0000	0	0.0000
group_2351	762	0	0.0000	0	0.0000	0	0.0000
group_7111	621	0	0.0000	0	0.0000	0	0.0000
group_7827	207	480	2.3188	4	11.6988	2	11.6988
group_16003	225	414	1.8400	3	8.0722	1	5.3815
group_16000	837	4151	4.9594	29	20.9761	14	20.2528
group_16005	393	1190	3.0280	9	13.8644	4	12.3240
group_16008	420	2092	4.9810	16	23.0634	8	23.0634
group_16007	186	179	0.9624	2	6.5098	1	6.5098
group_16004	651	0	0.0000	0	0.0000	0	0.0000
group_16009	150	0	0.0000	0	0.0000	0	0.0000
group_16001	792	1600	2.0202	8	6.1153	4	6.1153
group_16011	1449	25840	17.8330	171	71.4464	85	71.0286
group_4135	426	0	0.0000	0	0.0000	0	0.0000
group_6741	1656	0	0.0000	0	0.0000	0	0.0000
group_9654	897	302	0.3367	2	1.3499	1	1.3499
group_10015	1440	454	0.3153	4	1.6817	2	1.6817
group_6782	966	569	0.5890	4	2.5069	2	2.5069
group_13851	147	0	0.0000	0	0.0000	0	0.0000
group_3054	2553	2904	1.1375	20	4.7428	10	4.7428
group_7074	1620	604	0.3728	4	1.4948	2	1.4948
group_5420	483	0	0.0000	0	0.0000	0	0.0000
group_9453	582	0	0.0000	0	0.0000	0	0.0000
group_16013	284	2776	9.7746	24	51.1618	12	51.1618
group_16014	666	0	0.0000	0	0.0000	0	0.0000
group_16015	390	4220	10.8205	29	45.0180	14	43.4656
group_4684	681	0	0.0000	0	0.0000	0	0.0000
group_2426	273	0	0.0000	0	0.0000	0	0.0000
group_4571	1047	0	0.0000	0	0.0000	0	0.0000
group_14260	1251	1208	0.9656	8	3.8716	4	3.8716
group_2720	1158	853	0.7366	6	3.1369	3	3.1369
group_15574	744	302	0.4059	2	1.6275	1	1.6275
group_15576	2013	7512	3.7317	50	15.0376	25	15.0376
group_15579	567	0	0.0000	0	0.0000	0	0.0000
group_15577	552	1843	3.3388	13	14.2579	6	13.1612
group_15589	729	3578	4.9081	24	19.9313	12	19.9313
group_15590	234	417	1.7821	3	7.7617	1	5.1745
group_15587	660	2836	4.2970	19	17.4286	9	16.5113
group_15581	2181	13566	6.2201	91	25.2603	45	24.9827
group_16017	372	241	0.6478	2	3.2549	1	3.2549
group_16016	396	834	2.1061	6	9.1729	3	9.1729
group_16019	681	0	0.0000	0	0.0000	0	0.0000
group_16020	645	302	0.4682	2	1.8773	1	1.8773
group_8917	198	0	0.0000	0	0.0000	0	0.0000
group_16021	153	0	0.0000	0	0.0000	0	0.0000
group_7232	372	0	0.0000	0	0.0000	0	0.0000
group_16023	672	0	0.0000	0	0.0000	0	0.0000
group_16022	1239	302	0.2437	2	0.9773	1	0.9773
group_16024	165	0	0.0000	0	0.0000	0	0.0000
group_16025	131	0	0.0000	0	0.0000	0	0.0000
group_16026	711	0	0.0000	0	0.0000	0	0.0000
group_16027	453	104	0.2296	1	1.3365	0	0.0000
group_16028	132	86	0.6515	1	4.5865	0	0.0000
group_13475	816	4528	5.5490	33	24.4837	16	23.7417
group_6669	381	151	0.3963	1	1.5890	0	0.0000
group_9330	348	1376	3.9540	10	17.3970	5	17.3970
group_16029	315	150	0.4762	1	1.9219	0	0.0000
group_6080	1740	0	0.0000	0	0.0000	0	0.0000
group_7237	951	1057	1.1115	7	4.4563	3	3.8196
group_7119	621	453	0.7295	3	2.9247	1	1.9498
group_16030	666	0	0.0000	0	0.0000	0	0.0000
group_16031	2775	2104	0.7582	14	3.0543	7	3.0543
group_16032	624	755	1.2099	5	4.8511	2	3.8809
group_8914	198	0	0.0000	0	0.0000	0	0.0000
group_8539	201	149	0.7413	1	3.0120	0	0.0000
group_8540	201	755	3.7562	5	15.0601	2	12.0480
group_11721	321	4573	14.2461	31	58.4668	15	56.5808
group_180	291	0	0.0000	0	0.0000	0	0.0000
group_12726	309	0	0.0000	0	0.0000	0	0.0000
group_2056	771	0	0.0000	0	0.0000	0	0.0000
group_3283	261	0	0.0000	0	0.0000	0	0.0000
group_5944	393	0	0.0000	0	0.0000	0	0.0000
group_4367	690	0	0.0000	0	0.0000	0	0.0000
group_6645	1665	0	0.0000	0	0.0000	0	0.0000
group_10277	186	742	3.9892	6	19.5295	3	19.5295
group_13213	822	0	0.0000	0	0.0000	0	0.0000
group_2475	102	0	0.0000	0	0.0000	0	0.0000
group_7234	372	2876	7.7312	20	32.5491	10	32.5491
group_9935	189	151	0.7989	1	3.2032	0	0.0000
group_12137	540	0	0.0000	0	0.0000	0	0.0000
group_13375	519	0	0.0000	0	0.0000	0	0.0000
group_12732	531	302	0.5687	2	2.2803	1	2.2803
group_3009	453	0	0.0000	0	0.0000	0	0.0000
group_16033	141	0	0.0000	0	0.0000	0	0.0000
group_5573	399	0	0.0000	0	0.0000	0	0.0000
group_1158	285	0	0.0000	0	0.0000	0	0.0000
group_5213	234	0	0.0000	0	0.0000	0	0.0000
group_16034	1200	0	0.0000	0	0.0000	0	0.0000
group_15946	1902	1510	0.7939	10	3.1830	5	3.1830
group_15952	1761	2567	1.4577	17	5.8444	8	5.5006
group_16036	459	0	0.0000	0	0.0000	0	0.0000
group_16049	225	0	0.0000	0	0.0000	0	0.0000
group_16051	564	0	0.0000	0	0.0000	0	0.0000
group_16040	834	222	0.2662	2	1.4518	1	1.4518
group_16041	918	591	0.6438	4	2.6380	2	2.6380
group_16044	309	0	0.0000	0	0.0000	0	0.0000
group_16038	666	0	0.0000	0	0.0000	0	0.0000
group_16046	324	0	0.0000	0	0.0000	0	0.0000
group_16043	570	0	0.0000	0	0.0000	0	0.0000
group_16039	147	0	0.0000	0	0.0000	0	0.0000
group_16045	768	976	1.2708	8	6.3064	4	6.3064
group_16050	249	230	0.9237	2	4.8628	1	4.8628
group_16035	888	0	0.0000	0	0.0000	0	0.0000
group_16042	291	0	0.0000	0	0.0000	0	0.0000
group_16047	324	262	0.8086	2	3.7371	1	3.7371
group_16048	261	0	0.0000	0	0.0000	0	0.0000
group_16037	348	104	0.2989	2	3.4794	1	3.4794
group_12731	309	0	0.0000	0	0.0000	0	0.0000
group_4935	237	0	0.0000	0	0.0000	0	0.0000
group_16052	252	0	0.0000	0	0.0000	0	0.0000
group_16054	2376	3323	1.3986	22	5.6057	11	5.6057
group_16053	201	0	0.0000	0	0.0000	0	0.0000
group_16055	1263	4325	3.4244	30	14.3804	15	14.3804
group_6124	645	0	0.0000	0	0.0000	0	0.0000
group_16057	267	262	0.9813	2	4.5349	1	4.5349
group_16056	195	386	1.9795	4	12.4188	2	12.4188
group_9286	195	0	0.0000	0	0.0000	0	0.0000
group_1958	480	0	0.0000	0	0.0000	0	0.0000
group_8761	918	0	0.0000	0	0.0000	0	0.0000
group_2060	279	4299	15.4086	33	71.6081	16	69.4382
group_12733	309	0	0.0000	0	0.0000	0	0.0000
group_4809	486	0	0.0000	0	0.0000	0	0.0000
group_9940	189	0	0.0000	0	0.0000	0	0.0000
group_4938	237	0	0.0000	0	0.0000	0	0.0000
group_11285	555	0	0.0000	0	0.0000	0	0.0000
group_7242	213	0	0.0000	0	0.0000	0	0.0000
group_12739	159	0	0.0000	0	0.0000	0	0.0000
group_16059	390	1103	2.8282	8	12.4188	4	12.4188
group_16058	273	0	0.0000	0	0.0000	0	0.0000
group_13859	147	0	0.0000	0	0.0000	0	0.0000
group_13015	156	0	0.0000	0	0.0000	0	0.0000
group_1433	486	604	1.2428	4	4.9828	2	4.9828
group_1964	480	1963	4.0896	13	16.3966	6	15.1354
group_16062	414	0	0.0000	0	0.0000	0	0.0000
group_16061	2964	3825	1.2905	26	5.3107	13	5.3107
group_16060	216	0	0.0000	0	0.0000	0	0.0000
group_13586	150	0	0.0000	0	0.0000	0	0.0000
group_16063	132	0	0.0000	0	0.0000	0	0.0000
group_11453	552	0	0.0000	0	0.0000	0	0.0000
group_2216	3159	1646	0.5211	11	2.1081	5	1.9165
group_9066	351	0	0.0000	0	0.0000	0	0.0000
group_4987	408	0	0.0000	0	0.0000	0	0.0000
group_13617	300	151	0.5033	1	2.0180	0	0.0000
group_16064	141	0	0.0000	0	0.0000	0	0.0000
group_16065	381	0	0.0000	0	0.0000	0	0.0000
group_16066	199	162	0.8141	2	6.0846	1	6.0846
group_16067	225	0	0.0000	0	0.0000	0	0.0000
group_6347	387	14883	38.4574	105	164.2596	52	162.6953
group_16068	234	228	0.9744	2	5.1745	1	5.1745
group_16069	732	0	0.0000	0	0.0000	0	0.0000
group_16070	1329	3913	2.9443	27	12.2996	13	11.8441
group_16072	126	0	0.0000	0	0.0000	0	0.0000
group_16073	381	0	0.0000	0	0.0000	0	0.0000
group_3084	735	0	0.0000	0	0.0000	0	0.0000
group_6813	1647	0	0.0000	0	0.0000	0	0.0000
galE	1008	0	0.0000	0	0.0000	0	0.0000
group_3289	261	0	0.0000	0	0.0000	0	0.0000
group_7272	1602	0	0.0000	0	0.0000	0	0.0000
group_6709	1659	0	0.0000	0	0.0000	0	0.0000
group_14190	1254	0	0.0000	0	0.0000	0	0.0000
group_6450	1683	0	0.0000	0	0.0000	0	0.0000
group_12740	159	0	0.0000	0	0.0000	0	0.0000
group_667	4761	36536	7.6740	247	31.4088	123	31.2816
group_16074	249	3872	15.5502	27	65.6473	13	63.2159
group_16075	306	0	0.0000	0	0.0000	0	0.0000
group_3503	723	302	0.4177	2	1.6747	1	1.6747
group_4493	687	0	0.0000	0	0.0000	0	0.0000
group_8570	921	0	0.0000	0	0.0000	0	0.0000
group_12244	165	0	0.0000	0	0.0000	0	0.0000
group_9140	909	394	0.4334	4	2.6641	2	2.6641
group_13587	150	0	0.0000	0	0.0000	0	0.0000
group_7784	936	0	0.0000	0	0.0000	0	0.0000
group_8567	921	0	0.0000	0	0.0000	0	0.0000
group_8078	1539	0	0.0000	0	0.0000	0	0.0000
group_4763	1962	0	0.0000	0	0.0000	0	0.0000
group_2743	2739	0	0.0000	0	0.0000	0	0.0000
group_4785	411	0	0.0000	0	0.0000	0	0.0000
group_5203	405	0	0.0000	0	0.0000	0	0.0000
group_7274	618	0	0.0000	0	0.0000	0	0.0000
group_10784	333	0	0.0000	0	0.0000	0	0.0000
group_6376	639	0	0.0000	0	0.0000	0	0.0000
group_16076	633	0	0.0000	0	0.0000	0	0.0000
group_15951	1008	1711	1.6974	12	7.2073	6	7.2073
group_15949	1005	1918	1.9085	13	7.8312	6	7.2288
group_15947	279	151	0.5412	1	2.1699	0	0.0000
group_15944	234	0	0.0000	0	0.0000	0	0.0000
group_16077	351	0	0.0000	0	0.0000	0	0.0000
group_4089	249	0	0.0000	0	0.0000	0	0.0000
group_16078	255	0	0.0000	0	0.0000	0	0.0000
group_16079	135	0	0.0000	0	0.0000	0	0.0000
group_16080	1017	0	0.0000	0	0.0000	0	0.0000
group_16081	540	0	0.0000	0	0.0000	0	0.0000
group_7245	213	0	0.0000	0	0.0000	0	0.0000
group_16082	150	0	0.0000	0	0.0000	0	0.0000
group_16083	444	194	0.4369	2	2.7271	1	2.7271
group_16085	717	3973	5.5411	23	19.4205	11	18.5762
group_16086	108	0	0.0000	0	0.0000	0	0.0000
group_16087	447	0	0.0000	0	0.0000	0	0.0000
group_16088	279	1050	3.7634	8	17.3595	4	17.3595
group_16091	195	151	0.7744	1	3.1047	0	0.0000
group_16089	4425	3768	0.8515	25	3.4204	12	3.2836
group_16092	984	0	0.0000	0	0.0000	0	0.0000
group_16093	357	0	0.0000	0	0.0000	0	0.0000
group_16094	543	1661	3.0589	11	12.2644	5	11.1494
group_2409	105	0	0.0000	0	0.0000	0	0.0000
group_4789	411	0	0.0000	0	0.0000	0	0.0000
group_16095	162	0	0.0000	0	0.0000	0	0.0000
group_16096	174	0	0.0000	0	0.0000	0	0.0000
group_16097	144	0	0.0000	0	0.0000	0	0.0000
group_16098	99	198	2.0000	2	12.2306	1	12.2306
group_16099	1572	0	0.0000	0	0.0000	0	0.0000
group_16100	180	176	0.9778	2	6.7268	1	6.7268
group_1701	3585	1812	0.5054	12	2.0265	6	2.0265
group_16101	564	0	0.0000	0	0.0000	0	0.0000
group_16102	495	7004	14.1495	48	58.7068	24	58.7068
group_16103	318	0	0.0000	0	0.0000	0	0.0000
group_16104	3321	1510	0.4547	10	1.8230	5	1.8230
group_16105	1302	0	0.0000	0	0.0000	0	0.0000
group_16106	189	151	0.7989	1	3.2032	0	0.0000
group_9948	1443	0	0.0000	0	0.0000	0	0.0000
group_6629	972	0	0.0000	0	0.0000	0	0.0000
group_1960	480	0	0.0000	0	0.0000	0	0.0000
group_585	1221	0	0.0000	0	0.0000	0	0.0000
group_16107	144	0	0.0000	0	0.0000	0	0.0000
group_13218	822	302	0.3674	2	1.4730	1	1.4730
group_11962	168	0	0.0000	0	0.0000	0	0.0000
group_16108	282	0	0.0000	0	0.0000	0	0.0000
group_16109	240	0	0.0000	0	0.0000	0	0.0000
group_2410	105	0	0.0000	0	0.0000	0	0.0000
group_2265	111	0	0.0000	0	0.0000	0	0.0000
group_16110	162	0	0.0000	0	0.0000	0	0.0000
group_16111	1440	40522	28.1403	269	113.0947	134	112.6743
group_16112	669	0	0.0000	0	0.0000	0	0.0000
group_16113	198	0	0.0000	0	0.0000	0	0.0000
group_16114	246	724	2.9431	6	14.7662	3	14.7662
group_16116	1050	20262	19.2971	140	80.7219	70	80.7219
group_16115	336	4976	14.8095	39	70.2713	19	68.4695
group_16117	789	1575	1.9962	14	10.7425	7	10.7425
group_16118	816	27908	34.2010	188	139.4827	94	139.4827
group_16119	618	3912	6.3301	27	26.4501	13	25.4705
group_16121	150	0	0.0000	0	0.0000	0	0.0000
group_7126	621	0	0.0000	0	0.0000	0	0.0000
group_6651	219	192	0.8767	2	5.5289	1	5.5289
group_3700	255	0	0.0000	0	0.0000	0	0.0000
group_3311	2433	1031	0.4238	7	1.7418	3	1.4930
group_16122	189	0	0.0000	0	0.0000	0	0.0000
group_11797	852	5293	6.2124	36	25.5809	18	25.5809
group_16123	867	0	0.0000	0	0.0000	0	0.0000
group_13219	822	0	0.0000	0	0.0000	0	0.0000
group_10610	183	0	0.0000	0	0.0000	0	0.0000
group_2192	3183	604	0.1898	4	0.7608	2	0.7608
group_10911	180	0	0.0000	0	0.0000	0	0.0000
group_16124	1341	31533	23.5145	211	95.2590	105	94.8076
group_16125	315	755	2.3968	5	9.6097	2	7.6878
group_13864	147	181	1.2313	2	8.2369	1	8.2369
group_2672	750	0	0.0000	0	0.0000	0	0.0000
group_16126	180	0	0.0000	0	0.0000	0	0.0000
group_16127	306	1341	4.3824	9	17.8063	4	15.8278
group_16128	417	4774	11.4484	32	46.4586	16	46.4586
group_10291	186	662	3.5591	5	16.2746	2	13.0197
group_15642	222	0	0.0000	0	0.0000	0	0.0000
group_15641	642	755	1.1760	5	4.7151	2	3.7721
group_4441	243	0	0.0000	0	0.0000	0	0.0000
group_16129	384	0	0.0000	0	0.0000	0	0.0000
group_16130	240	0	0.0000	0	0.0000	0	0.0000
group_16131	1047	302	0.2884	2	1.1565	1	1.1565
group_5605	657	0	0.0000	0	0.0000	0	0.0000
group_3872	1092	0	0.0000	0	0.0000	0	0.0000
group_2064	279	0	0.0000	0	0.0000	0	0.0000
group_3921	253	0	0.0000	0	0.0000	0	0.0000
group_16132	1158	604	0.5216	4	2.0912	2	2.0912
group_16135	189	919	4.8624	7	22.4227	3	19.2195
group_16137	669	8021	11.9895	54	48.8675	27	48.8675
group_2797	1152	0	0.0000	0	0.0000	0	0.0000
group_1972	774	7080	9.1473	48	37.5451	24	37.5451
group_16138	252	0	0.0000	0	0.0000	0	0.0000
group_16139	330	0	0.0000	0	0.0000	0	0.0000
group_16140	394	0	0.0000	0	0.0000	0	0.0000
group_16141	1620	449	0.2772	3	1.1211	1	0.7474
group_16142	3714	302	0.0813	2	0.3260	1	0.3260
group_16144	552	0	0.0000	0	0.0000	0	0.0000
group_16143	729	0	0.0000	0	0.0000	0	0.0000
group_16146	1173	21093	17.9821	143	73.8058	71	73.2897
group_16148	2286	7817	3.4195	52	13.7714	26	13.7714
group_16149	990	30734	31.0444	205	125.3635	102	124.7520
group_13277	153	0	0.0000	0	0.0000	0	0.0000
group_16150	5061	17339	3.4260	96	11.4838	48	11.4838
group_16151	303	3760	12.4092	26	51.9497	13	51.9497
group_1080	129	0	0.0000	0	0.0000	0	0.0000
group_2615	96	0	0.0000	0	0.0000	0	0.0000
group_9949	189	1262	6.6772	9	28.8292	4	25.6260
group_16152	204	6753	33.1029	46	136.5149	23	136.5149
group_16153	129	0	0.0000	0	0.0000	0	0.0000
group_16154	363	236	0.6501	2	3.3356	1	3.3356
group_16155	786	0	0.0000	0	0.0000	0	0.0000
group_14732	156	0	0.0000	0	0.0000	0	0.0000
group_16156	138	0	0.0000	0	0.0000	0	0.0000
group_8226	204	0	0.0000	0	0.0000	0	0.0000
group_11153	177	0	0.0000	0	0.0000	0	0.0000
group_10914	180	0	0.0000	0	0.0000	0	0.0000
group_3704	255	0	0.0000	0	0.0000	0	0.0000
group_16157	3456	3489	1.0095	30	5.2553	15	5.2553
group_15923	1836	0	0.0000	0	0.0000	0	0.0000
group_16158	1929	7521	3.8989	50	15.6924	25	15.6924
group_10208	339	453	1.3363	3	5.3576	1	3.5718
group_16159	1224	1513	1.2361	10	4.9462	5	4.9462
group_16160	687	19010	27.6710	130	114.5616	65	114.5616
group_16161	402	0	0.0000	0	0.0000	0	0.0000
group_16162	402	295	0.7338	2	3.0120	1	3.0120
group_16164	234	6208	26.5299	45	116.4258	22	113.8386
group_16163	375	6688	17.8347	48	77.4930	24	77.4930
group_16165	945	1346	1.4243	9	5.7658	4	5.1252
group_12760	831	208	0.2503	2	1.4571	1	1.4571
group_16166	147	0	0.0000	0	0.0000	0	0.0000
group_16167	1563	0	0.0000	0	0.0000	0	0.0000
group_16168	147	0	0.0000	0	0.0000	0	0.0000
group_5564	1005	10056	10.0060	71	42.7706	35	42.1681
group_2843	267	151	0.5655	1	2.2675	0	0.0000
group_6519	384	0	0.0000	0	0.0000	0	0.0000
group_2632	270	0	0.0000	0	0.0000	0	0.0000
group_11417	174	0	0.0000	0	0.0000	0	0.0000
group_840	492	302	0.6138	2	2.4610	1	2.4610
group_16169	1518	302	0.1989	2	0.7976	1	0.7976
group_9007	588	0	0.0000	0	0.0000	0	0.0000
group_16170	291	0	0.0000	0	0.0000	0	0.0000
group_2549	1167	0	0.0000	0	0.0000	0	0.0000
group_3312	2433	302	0.1241	2	0.4977	1	0.4977
group_11967	168	0	0.0000	0	0.0000	0	0.0000
group_16171	177	348	1.9661	4	13.6817	2	13.6817
group_13028	156	151	0.9679	1	3.8809	0	0.0000
group_14130	144	0	0.0000	0	0.0000	0	0.0000
group_16172	1233	0	0.0000	0	0.0000	0	0.0000
group_11539	858	3886	4.5291	26	18.3459	13	18.3459
group_13621	300	0	0.0000	0	0.0000	0	0.0000
group_4141	426	743	1.7441	5	7.1058	2	5.6846
group_7541	210	3098	14.7524	21	60.5414	10	57.6585
group_2617	96	0	0.0000	0	0.0000	0	0.0000
group_2168	114	0	0.0000	0	0.0000	0	0.0000
cas3	2469	4113	1.6659	27	6.6206	13	6.3754
cas8a1	1587	1329	0.8374	9	3.4334	4	3.0519
cas7i	999	1353	1.3544	9	5.4542	4	4.8482
cas5	645	151	0.2341	1	0.9386	0	0.0000
group_16174	321	0	0.0000	0	0.0000	0	0.0000
group_16173	663	0	0.0000	0	0.0000	0	0.0000
group_2633	270	452	1.6741	4	8.9691	2	8.9691
group_3930	432	906	2.0972	6	8.4085	3	8.4085
group_3443	444	0	0.0000	0	0.0000	0	0.0000
group_3244	2460	0	0.0000	0	0.0000	0	0.0000
group_2264	765	0	0.0000	0	0.0000	0	0.0000
group_10612	183	368	2.0109	4	13.2331	2	13.2331
group_2169	114	0	0.0000	0	0.0000	0	0.0000
group_16177	1290	0	0.0000	0	0.0000	0	0.0000
group_16178	576	0	0.0000	0	0.0000	0	0.0000
group_16175	711	0	0.0000	0	0.0000	0	0.0000
group_16176	1272	0	0.0000	0	0.0000	0	0.0000
group_16180	489	0	0.0000	0	0.0000	0	0.0000
group_16182	348	0	0.0000	0	0.0000	0	0.0000
group_16181	612	0	0.0000	0	0.0000	0	0.0000
group_16183	1344	13971	10.3951	99	44.5952	49	44.1448
group_16184	297	5804	19.5421	39	79.4988	19	77.4604
group_16010	210	0	0.0000	0	0.0000	0	0.0000
group_16002	1965	10720	5.4555	72	22.1831	36	22.1831
group_16006	465	235	0.5054	2	2.6039	1	2.6039
group_13623	300	0	0.0000	0	0.0000	0	0.0000
group_3014	453	151	0.3333	1	1.3365	0	0.0000
group_5210	405	453	1.1185	3	4.4845	1	2.9897
group_14345	294	2871	9.7653	19	39.1254	9	37.0662
group_16185	1839	5683	3.0903	38	12.5099	19	12.5099
group_16187	1128	10009	8.8732	69	37.0333	34	36.4966
group_16186	402	12825	31.9030	95	143.0705	47	141.5645
group_16189	1086	15946	14.6832	106	59.0920	53	59.0920
group_16188	852	0	0.0000	0	0.0000	0	0.0000
group_16191	381	3024	7.9370	20	31.7803	10	31.7803
group_16190	2751	49444	17.9731	332	73.0634	166	73.0634
group_11996	323	0	0.0000	0	0.0000	0	0.0000
group_16192	1746	24269	13.8998	164	56.8659	82	56.8659
group_16194	1188	34755	29.2551	234	119.2482	117	119.2482
group_16193	1932	9458	4.8954	63	19.7418	31	19.4284
group_16197	264	151	0.5720	1	2.2932	0	0.0000
group_16195	375	0	0.0000	0	0.0000	0	0.0000
group_16196	1080	0	0.0000	0	0.0000	0	0.0000
group_16201	1266	0	0.0000	0	0.0000	0	0.0000
group_16200	624	0	0.0000	0	0.0000	0	0.0000
group_16199	456	0	0.0000	0	0.0000	0	0.0000
group_16198	516	6068	11.7597	41	48.1046	20	46.9313
group_9848	576	1171	2.0330	8	8.4085	4	8.4085
group_16202	156	571	3.6603	4	15.5234	2	15.5234
group_3931	432	1633	3.7801	13	18.2185	6	16.8171
group_2163	768	3608	4.6979	24	18.9192	12	18.9192
group_3069	2550	14269	5.5957	95	22.5546	47	22.3172
group_2987	1137	4627	4.0695	32	17.0389	16	17.0389
group_7038	957	3761	3.9300	26	16.4480	13	16.4480
group_16203	189	0	0.0000	0	0.0000	0	0.0000
group_16204	159	1535	9.6541	13	49.4993	6	45.6916
group_16205	318	2032	6.3899	14	26.6535	7	26.6535
group_6074	990	5633	5.6899	38	23.2381	19	23.2381
group_12246	165	391	2.3697	3	11.0075	1	7.3384
group_8929	198	745	3.7626	5	15.2882	2	12.2306
group_16206	162	0	0.0000	0	0.0000	0	0.0000
group_16207	243	0	0.0000	0	0.0000	0	0.0000
group_9419	1473	0	0.0000	0	0.0000	0	0.0000
group_6676	381	850	2.2310	6	9.5341	3	9.5341
group_2504	756	3386	4.4788	23	18.4187	11	17.6179
group_16208	222	145	0.6532	1	2.7271	0	0.0000
group_12248	165	149	0.9030	1	3.6692	0	0.0000
group_14264	1251	604	0.4828	4	1.9358	2	1.9358
group_9300	195	185	0.9487	2	6.2094	1	6.2094
group_11959	543	2224	4.0958	16	17.8391	8	17.8391
group_16209	222	0	0.0000	0	0.0000	0	0.0000
group_7844	207	3929	18.9807	29	84.8165	14	81.8918
group_8932	198	3790	19.1414	27	82.5565	13	79.4988
group_3710	255	899	3.5255	6	14.2450	3	14.2450
group_13568	516	1596	3.0930	11	12.9061	5	11.7328
group_16210	813	11497	14.1415	80	59.5733	40	59.5733
group_127	138	238	1.7246	2	8.7741	1	8.7741
group_14140	507	836	1.6489	6	7.1647	3	7.1647
group_13663	813	5735	7.0541	40	29.7867	20	29.7867
group_16211	339	1046	3.0855	8	14.2871	4	14.2871
group_16214	171	151	0.8830	1	3.5404	0	0.0000
group_16212	138	203	1.4710	2	8.7741	1	8.7741
group_16215	756	20094	26.5794	135	108.1097	67	107.3089
group_16216	609	12050	19.7865	80	79.5289	40	79.5289
group_16217	669	6060	9.0583	42	38.0081	21	38.0081
group_16218	210	1205	5.7381	8	23.0634	4	23.0634
group_16219	114	0	0.0000	0	0.0000	0	0.0000
group_16220	435	9031	20.7609	63	87.6807	31	86.2889
group_14931	813	4585	5.6396	32	23.8293	16	23.8293
group_14937	225	809	3.5956	6	16.1444	3	16.1444
group_14934	222	1287	5.7973	11	29.9980	5	27.2709
group_14932	3216	30485	9.4792	205	38.5914	102	38.4031
group_16221	168	0	0.0000	0	0.0000	0	0.0000
group_16222	231	602	2.6061	4	10.4834	2	10.4834
group_16224	750	0	0.0000	0	0.0000	0	0.0000
group_16223	186	0	0.0000	0	0.0000	0	0.0000
group_16225	166	0	0.0000	0	0.0000	0	0.0000
group_16226	192	0	0.0000	0	0.0000	0	0.0000
group_16229	789	0	0.0000	0	0.0000	0	0.0000
group_16228	693	0	0.0000	0	0.0000	0	0.0000
group_16227	240	375	1.5625	3	7.5677	1	5.0451
group_16230	1353	151	0.1116	1	0.4475	0	0.0000
group_16231	198	662	3.3434	6	18.3459	3	18.3459
group_16232	3978	902	0.2267	6	0.9131	3	0.9131
group_16233	675	0	0.0000	0	0.0000	0	0.0000
group_16234	306	1273	4.1601	10	19.7848	5	19.7848
group_16235	222	952	4.2883	8	21.8167	4	21.8167
group_16236	354	12281	34.6921	87	148.7882	43	147.0780
group_16239	459	0	0.0000	0	0.0000	0	0.0000
group_16240	117	0	0.0000	0	0.0000	0	0.0000
group_16238	528	0	0.0000	0	0.0000	0	0.0000
group_16237	987	0	0.0000	0	0.0000	0	0.0000
group_16243	309	0	0.0000	0	0.0000	0	0.0000
group_11160	177	0	0.0000	0	0.0000	0	0.0000
group_16244	813	18277	22.4809	124	92.3387	62	92.3387
group_10621	183	539	2.9454	4	13.2331	2	13.2331
group_16245	204	0	0.0000	0	0.0000	0	0.0000
group_4532	2019	6725	3.3309	47	14.0933	23	13.7935
group_3741	714	1737	2.4328	12	10.1750	6	10.1750
group_7705	609	1751	2.8752	12	11.9293	6	11.9293
group_16246	156	0	0.0000	0	0.0000	0	0.0000
group_16247	159	0	0.0000	0	0.0000	0	0.0000
group_4997	672	2073	3.0848	15	13.5137	7	12.6128
group_16248	297	136	0.4579	2	4.0769	1	4.0769
group_16249	177	0	0.0000	0	0.0000	0	0.0000
group_16250	264	0	0.0000	0	0.0000	0	0.0000
group_863	786	0	0.0000	0	0.0000	0	0.0000
group_16251	204	0	0.0000	0	0.0000	0	0.0000
group_16278	324	0	0.0000	0	0.0000	0	0.0000
group_16253	309	281	0.9094	2	3.9185	1	3.9185
group_16286	213	0	0.0000	0	0.0000	0	0.0000
group_16287	108	0	0.0000	0	0.0000	0	0.0000
group_16288	111	0	0.0000	0	0.0000	0	0.0000
group_16289	2004	0	0.0000	0	0.0000	0	0.0000
group_16290	144	0	0.0000	0	0.0000	0	0.0000
group_16291	726	468	0.6446	3	2.5017	1	1.6678
group_10009	891	66190	74.2873	446	303.0468	223	303.0468
group_2267	111	0	0.0000	0	0.0000	0	0.0000
group_16292	252	0	0.0000	0	0.0000	0	0.0000
group_16293	357	0	0.0000	0	0.0000	0	0.0000
group_16295	2352	0	0.0000	0	0.0000	0	0.0000
group_16297	810	0	0.0000	0	0.0000	0	0.0000
group_16294	378	0	0.0000	0	0.0000	0	0.0000
group_16296	375	0	0.0000	0	0.0000	0	0.0000
group_15553	1635	1963	1.2006	13	4.8137	6	4.4434
group_2071	117	0	0.0000	0	0.0000	0	0.0000
group_16298	273	0	0.0000	0	0.0000	0	0.0000
group_4525	417	449	1.0767	3	4.3555	1	2.9037
group_11429	174	0	0.0000	0	0.0000	0	0.0000
group_2268	111	0	0.0000	0	0.0000	0	0.0000
group_8240	204	0	0.0000	0	0.0000	0	0.0000
group_4455	243	0	0.0000	0	0.0000	0	0.0000
group_4242	423	0	0.0000	0	0.0000	0	0.0000
group_13570	516	6902	13.3760	46	53.9710	23	53.9710
group_5774	228	0	0.0000	0	0.0000	0	0.0000
group_16299	288	0	0.0000	0	0.0000	0	0.0000
group_853	492	0	0.0000	0	0.0000	0	0.0000
group_11432	174	320	1.8391	3	10.4382	1	6.9588
group_2076	117	0	0.0000	0	0.0000	0	0.0000
group_2164	474	0	0.0000	0	0.0000	0	0.0000
group_3016	264	151	0.5720	1	2.2932	0	0.0000
group_1149	783	1516	1.9361	10	7.7320	5	7.7320
group_6085	225	1247	5.5422	11	29.5980	5	26.9073
group_3514	260	0	0.0000	0	0.0000	0	0.0000
group_7551	210	0	0.0000	0	0.0000	0	0.0000
group_4093	249	0	0.0000	0	0.0000	0	0.0000
group_4096	249	0	0.0000	0	0.0000	0	0.0000
group_7640	366	0	0.0000	0	0.0000	0	0.0000
group_5161	1020	151	0.1480	1	0.5935	0	0.0000
group_2850	1149	453	0.3943	3	1.5807	1	1.0538
group_4194	1071	604	0.5640	4	2.2611	2	2.2611
group_6320	981	0	0.0000	0	0.0000	0	0.0000
group_2436	273	283	1.0366	2	4.4353	1	4.4353
group_3333	2418	5136	2.1241	30	7.5113	15	7.5113
group_6523	384	151	0.3932	1	1.5766	0	0.0000
group_16300	1665	13518	8.1189	91	33.0887	45	32.7251
group_16301	225	0	0.0000	0	0.0000	0	0.0000
group_4526	417	2329	5.5851	16	23.2293	8	23.2293
group_12079	846	0	0.0000	0	0.0000	0	0.0000
group_2557	99	0	0.0000	0	0.0000	0	0.0000
group_14368	504	1030	2.0437	7	8.4085	3	7.2073
group_16303	1935	0	0.0000	0	0.0000	0	0.0000
group_16304	813	0	0.0000	0	0.0000	0	0.0000
group_16307	372	0	0.0000	0	0.0000	0	0.0000
group_16308	387	0	0.0000	0	0.0000	0	0.0000
group_16302	402	0	0.0000	0	0.0000	0	0.0000
group_16306	468	0	0.0000	0	0.0000	0	0.0000
group_16309	240	0	0.0000	0	0.0000	0	0.0000
group_16310	171	0	0.0000	0	0.0000	0	0.0000
group_6088	225	92	0.4089	2	5.3815	1	5.3815
group_3017	264	0	0.0000	0	0.0000	0	0.0000
group_10923	180	0	0.0000	0	0.0000	0	0.0000
group_9957	189	0	0.0000	0	0.0000	0	0.0000
group_1723	123	0	0.0000	0	0.0000	0	0.0000
group_2074	117	0	0.0000	0	0.0000	0	0.0000
group_4095	249	264	1.0602	4	9.7255	2	9.7255
group_14337	801	0	0.0000	0	0.0000	0	0.0000
group_16311	693	0	0.0000	0	0.0000	0	0.0000
group_2165	474	478	1.0084	4	5.1090	2	5.1090
group_5850	651	151	0.2320	1	0.9300	0	0.0000
group_7281	618	0	0.0000	0	0.0000	0	0.0000
group_16312	153	0	0.0000	0	0.0000	0	0.0000
group_4097	249	256	1.0281	2	4.8628	1	4.8628
group_1094	129	0	0.0000	0	0.0000	0	0.0000
group_11434	174	0	0.0000	0	0.0000	0	0.0000
group_16313	225	0	0.0000	0	0.0000	0	0.0000
queC	717	5352	7.4644	36	30.3974	18	30.3974
group_13039	156	0	0.0000	0	0.0000	0	0.0000
group_7040	957	0	0.0000	0	0.0000	0	0.0000
group_1151	783	0	0.0000	0	0.0000	0	0.0000
group_10016	891	0	0.0000	0	0.0000	0	0.0000
group_2206	1185	0	0.0000	0	0.0000	0	0.0000
group_8891	1503	0	0.0000	0	0.0000	0	0.0000
group_8250	1530	0	0.0000	0	0.0000	0	0.0000
group_9260	585	0	0.0000	0	0.0000	0	0.0000
group_12754	159	0	0.0000	0	0.0000	0	0.0000
group_16314	183	0	0.0000	0	0.0000	0	0.0000
group_16315	177	573	3.2373	5	17.1021	2	13.6817
group_11941	849	0	0.0000	0	0.0000	0	0.0000
group_1007	504	0	0.0000	0	0.0000	0	0.0000
group_16316	249	0	0.0000	0	0.0000	0	0.0000
group_16317	381	274	0.7192	2	3.1780	1	3.1780
group_16318	282	0	0.0000	0	0.0000	0	0.0000
group_16319	102	0	0.0000	0	0.0000	0	0.0000
group_4461	243	0	0.0000	0	0.0000	0	0.0000
group_16320	243	0	0.0000	0	0.0000	0	0.0000
group_16321	684	274	0.4006	2	1.7702	1	1.7702
group_16322	168	0	0.0000	0	0.0000	0	0.0000
group_16323	195	0	0.0000	0	0.0000	0	0.0000
group_16324	150	0	0.0000	0	0.0000	0	0.0000
group_16325	264	0	0.0000	0	0.0000	0	0.0000
group_16326	216	432	2.0000	2	5.6057	1	5.6057
group_2558	99	367	3.7071	4	24.4612	2	24.4612
group_9961	189	0	0.0000	0	0.0000	0	0.0000
group_16327	147	0	0.0000	0	0.0000	0	0.0000
group_16328	219	1105	5.0457	9	24.8800	4	22.1156
group_16329	255	0	0.0000	0	0.0000	0	0.0000
group_6664	219	0	0.0000	0	0.0000	0	0.0000
group_16330	1419	29367	20.6956	195	83.1964	97	82.7698
group_16331	264	0	0.0000	0	0.0000	0	0.0000
group_16332	102	0	0.0000	0	0.0000	0	0.0000
group_16333	93	0	0.0000	0	0.0000	0	0.0000
group_16335	204	250	1.2255	6	17.8063	3	17.8063
group_16334	945	0	0.0000	0	0.0000	0	0.0000
group_12753	159	0	0.0000	0	0.0000	0	0.0000
group_2050	477	0	0.0000	0	0.0000	0	0.0000
group_5226	234	0	0.0000	0	0.0000	0	0.0000
group_16336	96	0	0.0000	0	0.0000	0	0.0000
group_5475	231	0	0.0000	0	0.0000	0	0.0000
group_16337	174	0	0.0000	0	0.0000	0	0.0000
group_16338	264	302	1.1439	2	4.5865	1	4.5865
group_3023	453	0	0.0000	0	0.0000	0	0.0000
group_8939	198	0	0.0000	0	0.0000	0	0.0000
group_5409	402	0	0.0000	0	0.0000	0	0.0000
group_7134	621	883	1.4219	6	5.8494	3	5.8494
group_12252	165	0	0.0000	0	0.0000	0	0.0000
group_5958	1752	0	0.0000	0	0.0000	0	0.0000
group_6703	969	296	0.3055	2	1.2496	1	1.2496
group_16339	408	151	0.3701	1	1.4839	0	0.0000
group_16340	174	0	0.0000	0	0.0000	0	0.0000
group_16342	423	901	2.1300	6	8.5874	3	8.5874
group_16344	189	0	0.0000	0	0.0000	0	0.0000
group_16343	414	0	0.0000	0	0.0000	0	0.0000
group_16346	834	0	0.0000	0	0.0000	0	0.0000
group_16345	1134	0	0.0000	0	0.0000	0	0.0000
group_13819	810	2972	3.6691	20	14.9485	10	14.9485
group_16347	906	530	0.5850	4	2.6729	2	2.6729
group_16349	1203	0	0.0000	0	0.0000	0	0.0000
group_16350	180	0	0.0000	0	0.0000	0	0.0000
group_16351	165	0	0.0000	0	0.0000	0	0.0000
group_1545	1203	0	0.0000	0	0.0000	0	0.0000
group_16352	216	0	0.0000	0	0.0000	0	0.0000
group_4709	240	0	0.0000	0	0.0000	0	0.0000
group_16353	144	0	0.0000	0	0.0000	0	0.0000
group_16354	153	0	0.0000	0	0.0000	0	0.0000
group_16355	300	0	0.0000	0	0.0000	0	0.0000
group_5217	405	0	0.0000	0	0.0000	0	0.0000
group_2167	474	0	0.0000	0	0.0000	0	0.0000
group_16356	135	0	0.0000	0	0.0000	0	0.0000
group_16357	528	0	0.0000	0	0.0000	0	0.0000
group_16358	166	0	0.0000	0	0.0000	0	0.0000
group_16359	144	0	0.0000	0	0.0000	0	0.0000
group_16360	210	0	0.0000	0	0.0000	0	0.0000
group_16361	321	0	0.0000	0	0.0000	0	0.0000
group_16362	648	302	0.4660	2	1.8686	1	1.8686
group_13042	156	0	0.0000	0	0.0000	0	0.0000
group_16363	402	258	0.6418	2	3.0120	1	3.0120
group_16364	357	0	0.0000	0	0.0000	0	0.0000
group_16365	210	0	0.0000	0	0.0000	0	0.0000
group_16366	1137	6729	5.9182	45	23.9610	22	23.4285
group_7698	939	11722	12.4835	79	50.9347	39	50.2900
group_16367	189	0	0.0000	0	0.0000	0	0.0000
group_16368	390	2083	5.3410	16	24.8375	8	24.8375
group_16369	288	574	1.9931	4	8.4085	2	8.4085
group_16370	303	0	0.0000	0	0.0000	0	0.0000
group_16371	261	0	0.0000	0	0.0000	0	0.0000
group_16372	207	0	0.0000	0	0.0000	0	0.0000
group_7562	210	0	0.0000	0	0.0000	0	0.0000
group_16373	243	231	0.9506	2	4.9828	1	4.9828
group_16374	234	0	0.0000	0	0.0000	0	0.0000
group_16375	1095	0	0.0000	0	0.0000	0	0.0000
group_16376	144	0	0.0000	0	0.0000	0	0.0000
group_16378	357	0	0.0000	0	0.0000	0	0.0000
group_16377	1356	0	0.0000	0	0.0000	0	0.0000
group_16379	918	1958	2.1329	13	8.5734	6	7.9139
group_2271	276	152	0.5507	1	2.1935	0	0.0000
group_16380	132	224	1.6970	2	9.1729	1	9.1729
group_16381	642	0	0.0000	0	0.0000	0	0.0000
group_16382	774	0	0.0000	0	0.0000	0	0.0000
group_16383	276	453	1.6413	3	6.5806	1	4.3871
group_16384	144	0	0.0000	0	0.0000	0	0.0000
group_5000	408	0	0.0000	0	0.0000	0	0.0000
group_2069	279	0	0.0000	0	0.0000	0	0.0000
group_16385	150	0	0.0000	0	0.0000	0	0.0000
group_16386	168	0	0.0000	0	0.0000	0	0.0000
group_12758	159	0	0.0000	0	0.0000	0	0.0000
group_16387	189	0	0.0000	0	0.0000	0	0.0000
group_16388	198	0	0.0000	0	0.0000	0	0.0000
group_16389	201	151	0.7512	1	3.0120	0	0.0000
group_16392	459	0	0.0000	0	0.0000	0	0.0000
group_16393	249	0	0.0000	0	0.0000	0	0.0000
group_9312	195	0	0.0000	0	0.0000	0	0.0000
group_4906	1926	0	0.0000	0	0.0000	0	0.0000
group_13336	819	0	0.0000	0	0.0000	0	0.0000
group_8403	924	0	0.0000	0	0.0000	0	0.0000
group_4907	1926	0	0.0000	0	0.0000	0	0.0000
group_7136	621	0	0.0000	0	0.0000	0	0.0000
group_3561	1110	272	0.2450	2	1.0908	1	1.0908
group_12523	162	0	0.0000	0	0.0000	0	0.0000
group_8949	198	0	0.0000	0	0.0000	0	0.0000
group_13290	153	0	0.0000	0	0.0000	0	0.0000
group_3024	264	0	0.0000	0	0.0000	0	0.0000
group_4530	417	151	0.3621	1	1.4518	0	0.0000
group_6954	1635	2485	1.5199	17	6.2948	8	5.9245
group_3901	2217	2560	1.1547	17	4.6423	8	4.3692
group_2570	2865	1351	0.4716	9	1.9018	4	1.6905
group_7441	1587	1277	0.8047	9	3.4334	4	3.0519
group_6636	633	0	0.0000	0	0.0000	0	0.0000
group_2618	96	0	0.0000	0	0.0000	0	0.0000
group_12555	1320	0	0.0000	0	0.0000	0	0.0000
group_4714	240	0	0.0000	0	0.0000	0	0.0000
group_6224	984	0	0.0000	0	0.0000	0	0.0000
group_16394	231	0	0.0000	0	0.0000	0	0.0000
group_14375	504	3171	6.2917	21	25.2256	10	24.0244
group_6354	222	151	0.6802	1	2.7271	0	0.0000
group_9314	195	478	2.4513	3	9.3141	1	6.2094
group_13046	157	583	3.7134	4	15.4246	2	15.4246
group_4214	696	0	0.0000	0	0.0000	0	0.0000
group_2173	114	0	0.0000	0	0.0000	0	0.0000
group_1420	126	0	0.0000	0	0.0000	0	0.0000
group_3447	444	1408	3.1712	10	13.6355	5	13.6355
group_2604	753	11739	15.5896	82	65.9282	41	65.9282
group_2301	471	6288	13.3503	47	60.4129	23	59.1275
group_9839	894	1208	1.3512	8	5.4176	4	5.4176
group_6363	387	147	0.3798	1	1.5644	0	0.0000
group_422	135	0	0.0000	0	0.0000	0	0.0000
group_8571	201	200	0.9950	2	6.0240	1	6.0240
group_4102	249	302	1.2129	2	4.8628	1	4.8628
group_10807	333	151	0.4535	1	1.8181	0	0.0000
group_2560	465	7094	15.2559	51	66.4003	25	65.0983
group_16395	141	0	0.0000	0	0.0000	0	0.0000
group_13294	303	4119	13.5941	29	57.9439	14	55.9459
group_11319	864	0	0.0000	0	0.0000	0	0.0000
group_7949	933	0	0.0000	0	0.0000	0	0.0000
group_4716	240	0	0.0000	0	0.0000	0	0.0000
group_9650	192	0	0.0000	0	0.0000	0	0.0000
group_2174	114	346	3.0351	4	21.2426	2	21.2426
group_214	291	0	0.0000	0	0.0000	0	0.0000
group_11445	175	313	1.7886	3	10.3785	1	6.9190
group_137	138	0	0.0000	0	0.0000	0	0.0000
group_2346	108	0	0.0000	0	0.0000	0	0.0000
group_14377	294	1327	4.5136	9	18.5331	4	16.4739
group_12161	540	2059	3.8130	14	15.6959	7	15.6959
group_16396	219	611	2.7900	7	19.3511	3	16.5867
group_16406	888	1510	1.7005	10	6.8177	5	6.8177
group_16398	1458	2113	1.4492	14	5.8133	7	5.8133
group_16402	906	1766	1.9492	13	8.6870	6	8.0187
group_16399	903	1947	2.1561	13	8.7158	6	8.0454
group_16400	1161	2559	2.2041	17	8.8648	8	8.3433
group_16401	405	302	0.7457	2	2.9897	1	2.9897
group_16404	2322	605	0.2606	4	1.0429	2	1.0429
group_16405	1206	906	0.7512	6	3.0120	3	3.0120
group_13292	153	0	0.0000	0	0.0000	0	0.0000
group_16407	105	0	0.0000	0	0.0000	0	0.0000
group_16408	123	0	0.0000	0	0.0000	0	0.0000
group_2347	108	0	0.0000	0	0.0000	0	0.0000
group_12764	159	0	0.0000	0	0.0000	0	0.0000
group_10630	183	0	0.0000	0	0.0000	0	0.0000
group_3025	453	519	1.1457	4	5.3458	2	5.3458
group_6864	378	1921	5.0820	13	20.8211	6	19.2195
group_13614	150	288	1.9200	3	12.1083	1	8.0722
group_11031	330	1050	3.1818	7	12.8421	3	11.0075
group_1755	483	151	0.3126	1	1.2534	0	0.0000
group_9568	1464	297	0.2029	2	0.8271	1	0.8271
group_8943	198	170	0.8586	2	6.1153	1	6.1153
group_10124	1434	302	0.2106	2	0.8444	1	0.8444
group_4403	1203	302	0.2510	2	1.0065	1	1.0065
group_14002	807	0	0.0000	0	0.0000	0	0.0000
group_1421	126	0	0.0000	0	0.0000	0	0.0000
group_2170	768	0	0.0000	0	0.0000	0	0.0000
group_5626	1806	0	0.0000	0	0.0000	0	0.0000
group_7582	612	0	0.0000	0	0.0000	0	0.0000
group_3573	720	0	0.0000	0	0.0000	0	0.0000
group_1213	285	295	1.0351	2	4.2485	1	4.2485
group_4718	240	771	3.2125	6	15.1354	3	15.1354
group_2640	270	276	1.0222	2	4.4845	1	4.4845
group_9973	189	0	0.0000	0	0.0000	0	0.0000
group_2683	750	755	1.0067	5	4.0361	2	3.2289
group_2561	465	13014	27.9871	90	117.1769	45	117.1769
group_14378	504	5066	10.0516	34	40.8414	17	40.8414
group_10230	339	860	2.5369	6	10.7153	3	10.7153
group_9264	585	8722	14.9094	62	64.1635	31	64.1635
group_1973	120	0	0.0000	0	0.0000	0	0.0000
group_6940	216	1454	6.7315	11	30.8313	5	28.0284
group_13644	300	0	0.0000	0	0.0000	0	0.0000
group_5784	228	0	0.0000	0	0.0000	0	0.0000
group_4064	702	0	0.0000	0	0.0000	0	0.0000
group_3562	1110	1317	1.1865	9	4.9088	4	4.3633
group_2601	1164	1606	1.3797	11	5.7213	5	5.2012
group_12258	165	0	0.0000	0	0.0000	0	0.0000
group_12778	831	6872	8.2696	46	33.5127	23	33.5127
group_7874	207	151	0.7295	1	2.9247	0	0.0000
group_6528	384	985	2.5651	7	11.0362	3	9.4596
group_10024	1440	0	0.0000	0	0.0000	0	0.0000
group_5877	996	0	0.0000	0	0.0000	0	0.0000
group_4737	1041	302	0.2901	2	1.1631	1	1.1631
group_7564	210	151	0.7190	1	2.8829	0	0.0000
group_5408	1011	604	0.5974	4	2.3953	2	2.3953
group_2212	1185	1769	1.4928	12	6.1308	6	6.1308
group_7404	615	0	0.0000	0	0.0000	0	0.0000
group_12953	828	0	0.0000	0	0.0000	0	0.0000
group_13647	300	0	0.0000	0	0.0000	0	0.0000
group_5485	660	0	0.0000	0	0.0000	0	0.0000
group_10675	879	0	0.0000	0	0.0000	0	0.0000
group_16409	1341	1510	1.1260	10	4.5146	5	4.5146
group_2982	738	0	0.0000	0	0.0000	0	0.0000
group_14400	141	0	0.0000	0	0.0000	0	0.0000
group_5319	1854	1554	0.8382	11	3.5920	5	3.2654
group_4743	285	604	2.1193	4	8.4970	2	8.4970
group_4103	249	533	2.1406	4	9.7255	2	9.7255
group_2442	273	453	1.6593	3	6.6529	1	4.4353
group_5787	228	373	1.6360	3	7.9660	1	5.3107
group_758	132	0	0.0000	0	0.0000	0	0.0000
group_4578	1047	2042	1.9503	14	8.0953	7	8.0953
group_4473	243	1496	6.1564	10	24.9142	5	24.9142
group_13079	525	2982	5.6800	20	23.0634	10	23.0634
group_2421	468	5374	11.4829	39	50.4512	19	49.1576
group_1483	780	1661	2.1295	11	8.5379	5	7.7617
group_426	792	826	1.0429	6	4.5865	3	4.5865
group_2610	2829	2416	0.8540	16	3.4240	8	3.4240
group_8795	354	1689	4.7712	13	22.2327	6	20.5225
group_14342	1248	0	0.0000	0	0.0000	0	0.0000
group_11424	861	0	0.0000	0	0.0000	0	0.0000
group_4104	249	0	0.0000	0	0.0000	0	0.0000
group_16411	435	4054	9.3195	28	38.9692	14	38.9692
group_16410	669	7648	11.4320	51	46.1526	25	45.2477
group_16412	2034	6724	3.3058	45	13.3941	22	13.0965
group_16413	2211	6484	2.9326	43	11.7742	21	11.5004
group_10636	183	0	0.0000	0	0.0000	0	0.0000
group_16414	2706	4491	1.6596	31	6.9356	15	6.7119
group_16417	222	0	0.0000	0	0.0000	0	0.0000
group_16416	585	3902	6.6701	26	26.9073	13	26.9073
group_16415	231	0	0.0000	0	0.0000	0	0.0000
group_2495	1170	1812	1.5487	12	6.2094	6	6.2094
group_13017	306	3647	11.9183	26	51.4404	13	51.4404
group_16422	279	0	0.0000	0	0.0000	0	0.0000
group_16418	195	355	1.8205	3	9.3141	1	6.2094
group_16419	468	1208	2.5812	8	10.3490	4	10.3490
group_16421	243	0	0.0000	0	0.0000	0	0.0000
group_16420	573	0	0.0000	0	0.0000	0	0.0000
group_16423	531	566	1.0659	4	4.5606	2	4.5606
group_15958	321	1587	4.9439	11	20.7463	5	18.8603
group_15957	117	0	0.0000	0	0.0000	0	0.0000
group_13887	147	541	3.6803	4	16.4739	2	16.4739
group_16425	399	151	0.3784	1	1.5173	0	0.0000
group_16424	297	453	1.5253	3	6.1153	1	4.0769
group_16426	465	0	0.0000	0	0.0000	0	0.0000
group_16427	186	0	0.0000	0	0.0000	0	0.0000
group_16429	312	1022	3.2756	7	13.5830	3	11.6426
group_16430	90	0	0.0000	0	0.0000	0	0.0000
group_16428	141	0	0.0000	0	0.0000	0	0.0000
group_16432	834	9771	11.7158	66	47.9105	33	47.9105
group_16431	453	2476	5.4658	17	22.7197	8	21.3833
group_16433	1101	3306	3.0027	22	12.0973	11	12.0973
group_16434	231	362	1.5671	3	7.8625	1	5.2417
group_16436	669	151	0.2257	1	0.9050	0	0.0000
group_16437	1125	1659	1.4747	11	5.9196	5	5.3815
group_6357	222	302	1.3604	2	5.4542	1	5.4542
group_16438	291	1355	4.6564	9	18.7241	4	16.6437
group_16439	330	151	0.4576	1	1.8346	0	0.0000
group_16440	210	0	0.0000	0	0.0000	0	0.0000
group_9606	345	245	0.7101	2	3.5096	1	3.5096
group_15973	261	998	3.8238	8	18.5568	4	18.5568
group_16441	408	2544	6.2353	17	25.2256	8	23.7417
group_16442	444	1359	3.0608	9	12.2719	4	10.9084
group_16444	801	1057	1.3196	7	5.2908	3	4.5349
group_16443	945	2265	2.3968	15	9.6097	7	8.9691
group_16445	993	4316	4.3464	29	17.6808	14	17.0711
group_16447	156	0	0.0000	0	0.0000	0	0.0000
group_16448	507	711	1.4024	5	5.9706	2	4.7764
group_16449	363	453	1.2479	3	5.0034	1	3.3356
group_16450	222	0	0.0000	0	0.0000	0	0.0000
group_16451	168	195	1.1607	2	7.2073	1	7.2073
group_760	132	0	0.0000	0	0.0000	0	0.0000
group_4105	249	0	0.0000	0	0.0000	0	0.0000
group_16452	225	0	0.0000	0	0.0000	0	0.0000
group_9318	195	787	4.0359	6	18.6281	3	18.6281
group_3935	252	624	2.4762	4	9.6097	2	9.6097
group_16453	429	1223	2.8508	12	16.9347	6	16.9347
group_16454	1635	38409	23.4917	261	96.6441	130	96.2738
group_16455	606	13005	21.4604	89	88.9140	44	87.9149
group_1974	120	0	0.0000	0	0.0000	0	0.0000
group_16456	390	3989	10.2282	27	41.9133	13	40.3609
group_13296	153	280	1.8301	2	7.9139	1	7.9139
group_12464	312	1611	5.1635	11	21.3447	5	19.4043
group_8511	594	2517	4.2374	17	17.3267	8	16.3075
group_16457	216	0	0.0000	0	0.0000	0	0.0000
group_12336	840	1221	1.4536	9	6.4866	4	5.7658
group_2995	1137	0	0.0000	0	0.0000	0	0.0000
group_3313	2433	1812	0.7448	12	2.9860	6	2.9860
group_2079	117	0	0.0000	0	0.0000	0	0.0000
group_4449	687	0	0.0000	0	0.0000	0	0.0000
group_16458	261	604	2.3142	4	9.2784	2	9.2784
group_12748	531	2604	4.9040	18	20.5225	9	20.5225
group_3342	2415	151	0.0625	1	0.2507	0	0.0000
group_16459	1077	0	0.0000	0	0.0000	0	0.0000
group_3910	708	972	1.3729	7	5.9857	3	5.1306
group_15412	2937	2554	0.8696	17	3.5043	8	3.2981
group_16460	681	453	0.6652	3	2.6670	1	1.7780
group_16461	210	0	0.0000	0	0.0000	0	0.0000
group_16463	444	2817	6.3446	19	25.9074	9	24.5438
group_16466	198	1057	5.3384	7	21.4035	3	18.3459
group_16467	609	0	0.0000	0	0.0000	0	0.0000
group_2350	108	0	0.0000	0	0.0000	0	0.0000
group_16468	519	755	1.4547	5	5.8325	2	4.6660
group_16469	4242	21886	5.1594	145	20.6943	72	20.5515
group_2741	90	0	0.0000	0	0.0000	0	0.0000
group_13020	306	0	0.0000	0	0.0000	0	0.0000
group_10317	186	0	0.0000	0	0.0000	0	0.0000
group_12769	159	0	0.0000	0	0.0000	0	0.0000
group_12222	315	6053	19.2159	41	78.7999	20	76.8780
group_16470	4320	7436	1.7213	47	6.5867	23	6.4465
group_4963	237	0	0.0000	0	0.0000	0	0.0000
group_13299	153	0	0.0000	0	0.0000	0	0.0000
group_7574	210	1185	5.6429	8	23.0634	4	23.0634
group_16471	2301	8456	3.6749	56	14.7341	28	14.7341
group_7881	207	0	0.0000	0	0.0000	0	0.0000
group_16472	321	154	0.4798	2	3.7721	1	3.7721
group_5789	228	0	0.0000	0	0.0000	0	0.0000
group_13053	156	0	0.0000	0	0.0000	0	0.0000
group_6672	219	1798	8.2100	13	35.9378	6	33.1734
group_16473	1857	13527	7.2843	81	26.4074	40	26.0814
group_16474	363	960	2.6446	7	11.6747	3	10.0068
group_2055	477	560	1.1740	4	5.0768	2	5.0768
group_14998	276	530	1.9203	6	13.1612	3	13.1612
group_15005	825	4378	5.3067	32	23.4827	16	23.4827
group_14994	792	0	0.0000	0	0.0000	0	0.0000
group_14993	1065	6075	5.7042	41	23.3070	20	22.7386
group_14991	663	2363	3.5641	16	14.6103	8	14.6103
group_143	138	0	0.0000	0	0.0000	0	0.0000
group_9324	195	0	0.0000	0	0.0000	0	0.0000
group_10640	183	7190	39.2896	49	162.1054	24	158.7971
group_11176	177	950	5.3672	7	23.9429	3	20.5225
group_6674	219	470	2.1461	4	11.0578	2	11.0578
group_13055	1296	0	0.0000	0	0.0000	0	0.0000
group_4359	420	0	0.0000	0	0.0000	0	0.0000
group_3094	933	0	0.0000	0	0.0000	0	0.0000
group_7443	945	0	0.0000	0	0.0000	0	0.0000
group_6945	216	583	2.6991	4	11.2114	2	11.2114
group_6946	216	156	0.7222	2	5.6057	1	5.6057
group_6947	216	0	0.0000	0	0.0000	0	0.0000
group_4534	417	0	0.0000	0	0.0000	0	0.0000
group_2742	90	0	0.0000	0	0.0000	0	0.0000
group_11198	867	7248	8.3599	48	33.5177	24	33.5177
group_14147	144	0	0.0000	0	0.0000	0	0.0000
group_6102	225	1072	4.7644	8	21.5258	4	21.5258
group_13300	153	0	0.0000	0	0.0000	0	0.0000
group_2624	96	192	2.0000	2	12.6128	1	12.6128
group_16475	255	0	0.0000	0	0.0000	0	0.0000
group_16476	216	0	0.0000	0	0.0000	0	0.0000
group_16477	336	302	0.8988	2	3.6037	1	3.6037
group_16478	393	868	2.2087	6	9.2430	3	9.2430
group_5769	999	302	0.3023	2	1.2120	1	1.2120
group_4475	1053	0	0.0000	0	0.0000	0	0.0000
group_16479	2130	906	0.4254	6	1.7054	3	1.7054
group_16480	2037	1050	0.5155	8	2.3777	4	2.3777
group_16481	612	1152	1.8824	8	7.9139	4	7.9139
group_16483	246	4164	16.9268	29	71.3700	14	68.9089
group_16484	7602	15511	2.0404	104	8.2824	52	8.2824
group_5531	126	0	0.0000	0	0.0000	0	0.0000
group_16485	153	449	2.9346	4	15.8278	2	15.8278
group_5489	231	1765	7.6407	12	31.4501	6	31.4501
group_16486	879	18447	20.9863	126	86.7829	63	86.7829
group_4151	1074	302	0.2812	2	1.1274	1	1.1274
group_16487	96	0	0.0000	0	0.0000	0	0.0000
group_16488	399	1788	4.4812	12	18.2079	6	18.2079
group_16489	162	138	0.8519	2	7.4742	1	7.4742
group_16490	492	295	0.5996	2	2.4610	1	2.4610
group_433	135	734	5.4370	10	44.8455	5	44.8455
group_16491	261	0	0.0000	0	0.0000	0	0.0000
group_16493	630	0	0.0000	0	0.0000	0	0.0000
group_16494	546	3498	6.4066	25	27.7204	12	26.6116
group_2699	93	0	0.0000	0	0.0000	0	0.0000
group_10320	186	148	0.7957	2	6.5098	1	6.5098
group_16495	2100	43938	20.9229	297	85.6229	148	85.3346
group_16497	2031	9219	4.5391	63	18.7795	31	18.4814
group_16496	453	1181	2.6071	8	10.6916	4	10.6916
group_16498	597	1093	1.8308	8	8.1128	4	8.1128
group_16499	1761	3164	1.7967	16	5.5006	8	5.5006
group_16500	1689	5613	3.3233	27	9.6780	13	9.3196
group_16501	366	2035	5.5601	14	23.1579	7	23.1579
group_16502	255	0	0.0000	0	0.0000	0	0.0000
group_16504	1263	7842	6.2090	52	24.9260	26	24.9260
group_16505	753	2986	3.9655	19	15.2761	9	14.4721
group_16506	861	6493	7.5412	43	30.2355	21	29.5324
group_16507	792	1201	1.5164	9	6.8797	4	6.1153
group_16509	456	0	0.0000	0	0.0000	0	0.0000
group_16508	234	0	0.0000	0	0.0000	0	0.0000
group_16510	318	586	1.8428	4	7.6153	2	7.6153
group_16511	171	277	1.6199	2	7.0809	1	7.0809
group_16512	264	0	0.0000	0	0.0000	0	0.0000
group_16513	1692	755	0.4462	5	1.7890	2	1.4312
group_6988	1629	240	0.1473	2	0.7433	1	0.7433
group_16514	237	0	0.0000	0	0.0000	0	0.0000
group_16515	213	0	0.0000	0	0.0000	0	0.0000
group_16516	1782	1044	0.5859	7	2.3782	3	2.0384
group_1472	486	0	0.0000	0	0.0000	0	0.0000
group_13029	306	150	0.4902	1	1.9785	0	0.0000
group_4050	1080	302	0.2796	2	1.1211	1	1.1211
group_16517	99	0	0.0000	0	0.0000	0	0.0000
group_16518	129	0	0.0000	0	0.0000	0	0.0000
group_14149	144	0	0.0000	0	0.0000	0	0.0000
group_16520	258	0	0.0000	0	0.0000	0	0.0000
group_16519	192	0	0.0000	0	0.0000	0	0.0000
group_16521	624	0	0.0000	0	0.0000	0	0.0000
group_7577	210	0	0.0000	0	0.0000	0	0.0000
group_3730	255	0	0.0000	0	0.0000	0	0.0000
group_16522	246	0	0.0000	0	0.0000	0	0.0000
group_4655	414	0	0.0000	0	0.0000	0	0.0000
group_16523	1476	3656	2.4770	25	10.2543	12	9.8441
group_16524	180	312	1.7333	3	10.0902	1	6.7268
group_16525	222	0	0.0000	0	0.0000	0	0.0000
group_16526	291	0	0.0000	0	0.0000	0	0.0000
group_16531	153	0	0.0000	0	0.0000	0	0.0000
group_16528	450	0	0.0000	0	0.0000	0	0.0000
group_16529	513	0	0.0000	0	0.0000	0	0.0000
group_16527	234	0	0.0000	0	0.0000	0	0.0000
group_16530	150	0	0.0000	0	0.0000	0	0.0000
group_16533	1335	0	0.0000	0	0.0000	0	0.0000
group_16532	408	0	0.0000	0	0.0000	0	0.0000
group_2282	276	0	0.0000	0	0.0000	0	0.0000
group_16534	207	969	4.6812	7	20.4729	3	17.5482
group_16535	1746	0	0.0000	0	0.0000	0	0.0000
group_9906	342	0	0.0000	0	0.0000	0	0.0000
group_2937	291	0	0.0000	0	0.0000	0	0.0000
group_16536	747	0	0.0000	0	0.0000	0	0.0000
group_16537	252	0	0.0000	0	0.0000	0	0.0000
group_16538	633	0	0.0000	0	0.0000	0	0.0000
group_16539	714	0	0.0000	0	0.0000	0	0.0000
group_16540	111	0	0.0000	0	0.0000	0	0.0000
group_16541	429	302	0.7040	2	2.8224	1	2.8224
group_16542	93	0	0.0000	0	0.0000	0	0.0000
group_16544	207	0	0.0000	0	0.0000	0	0.0000
group_16543	129	0	0.0000	0	0.0000	0	0.0000
group_16545	117	0	0.0000	0	0.0000	0	0.0000
group_16546	1557	4824	3.0983	32	12.4427	16	12.4427
group_16547	192	258	1.3438	2	6.3064	1	6.3064
group_16548	216	788	3.6481	6	16.8171	3	16.8171
group_6372	387	147	0.3798	1	1.5644	0	0.0000
group_11039	330	151	0.4576	1	1.8346	0	0.0000
group_4432	2046	0	0.0000	0	0.0000	0	0.0000
group_16549	603	0	0.0000	0	0.0000	0	0.0000
group_16550	168	231	1.3750	2	7.2073	1	7.2073
group_16551	264	0	0.0000	0	0.0000	0	0.0000
group_16553	213	0	0.0000	0	0.0000	0	0.0000
group_16552	162	0	0.0000	0	0.0000	0	0.0000
group_16554	132	0	0.0000	0	0.0000	0	0.0000
group_16555	156	0	0.0000	0	0.0000	0	0.0000
group_16556	189	0	0.0000	0	0.0000	0	0.0000
group_16561	1053	0	0.0000	0	0.0000	0	0.0000
group_16560	693	0	0.0000	0	0.0000	0	0.0000
group_16557	438	0	0.0000	0	0.0000	0	0.0000
group_16558	216	0	0.0000	0	0.0000	0	0.0000
group_16562	669	0	0.0000	0	0.0000	0	0.0000
group_16559	810	0	0.0000	0	0.0000	0	0.0000
group_16563	249	0	0.0000	0	0.0000	0	0.0000
group_16564	150	0	0.0000	0	0.0000	0	0.0000
group_16565	207	0	0.0000	0	0.0000	0	0.0000
group_4333	2076	0	0.0000	0	0.0000	0	0.0000
group_16566	300	194	0.6467	2	4.0361	1	4.0361
group_16567	165	304	1.8424	2	7.3384	1	7.3384
group_16568	126	0	0.0000	0	0.0000	0	0.0000
group_16570	552	0	0.0000	0	0.0000	0	0.0000
group_16569	255	0	0.0000	0	0.0000	0	0.0000
group_16571	1095	7380	6.7397	50	27.6445	25	27.6445
group_16572	312	141	0.4519	1	1.9404	0	0.0000
group_16573	153	0	0.0000	0	0.0000	0	0.0000
group_16575	552	0	0.0000	0	0.0000	0	0.0000
group_16574	579	0	0.0000	0	0.0000	0	0.0000
group_16576	447	0	0.0000	0	0.0000	0	0.0000
group_16577	849	0	0.0000	0	0.0000	0	0.0000
group_10316	885	151	0.1706	1	0.6841	0	0.0000
group_6797	966	379	0.3923	3	1.8802	1	1.2534
group_16579	177	0	0.0000	0	0.0000	0	0.0000
group_16580	360	3121	8.6694	23	38.6792	11	36.9975
group_16581	231	1277	5.5281	9	23.5876	4	20.9667
group_16582	693	302	0.4358	2	1.7472	1	1.7472
group_16583	126	0	0.0000	0	0.0000	0	0.0000
group_16584	186	0	0.0000	0	0.0000	0	0.0000
group_3274	2451	0	0.0000	0	0.0000	0	0.0000
group_16585	315	151	0.4794	1	1.9219	0	0.0000
group_16586	480	5926	12.3458	36	45.4061	18	45.4061
group_16587	573	0	0.0000	0	0.0000	0	0.0000
group_2177	114	0	0.0000	0	0.0000	0	0.0000
group_10605	567	863	1.5220	7	7.4742	3	6.4065
group_16588	333	151	0.4535	1	1.8181	0	0.0000
group_8206	360	0	0.0000	0	0.0000	0	0.0000
group_16589	1944	29175	15.0077	197	61.3511	98	61.0397
group_16604	93	0	0.0000	0	0.0000	0	0.0000
group_16611	315	333	1.0571	2	3.8439	1	3.8439
group_16612	261	0	0.0000	0	0.0000	0	0.0000
group_16613	678	453	0.6681	3	2.6788	1	1.7859
group_16614	279	0	0.0000	0	0.0000	0	0.0000
group_8512	594	0	0.0000	0	0.0000	0	0.0000
group_3034	453	151	0.3333	1	1.3365	0	0.0000
group_3191	450	453	1.0067	3	4.0361	1	2.6907
group_16615	519	0	0.0000	0	0.0000	0	0.0000
group_16616	339	0	0.0000	0	0.0000	0	0.0000
group_16618	579	0	0.0000	0	0.0000	0	0.0000
group_16617	1455	0	0.0000	0	0.0000	0	0.0000
group_16619	105	0	0.0000	0	0.0000	0	0.0000
group_16620	942	0	0.0000	0	0.0000	0	0.0000
group_16621	714	0	0.0000	0	0.0000	0	0.0000
group_268	498	1144	2.2972	8	9.7255	4	9.7255
group_3746	714	2756	3.8599	19	16.1105	9	15.2625
group_12478	837	1781	2.1278	12	8.6798	6	8.6798
group_5369	663	1799	2.7134	12	10.9577	6	10.9577
group_6277	642	1876	2.9221	14	13.2022	7	13.2022
group_6711	969	151	0.1558	1	0.6248	0	0.0000
group_7829	606	302	0.4983	2	1.9981	1	1.9981
group_9280	585	0	0.0000	0	0.0000	0	0.0000
group_13768	513	0	0.0000	0	0.0000	0	0.0000
group_6377	387	0	0.0000	0	0.0000	0	0.0000
group_12091	846	0	0.0000	0	0.0000	0	0.0000
group_7264	372	0	0.0000	0	0.0000	0	0.0000
group_11255	327	3510	10.7339	25	46.2855	12	44.4341
group_8584	201	1245	6.1940	9	27.1081	4	24.0961
group_1747	123	218	1.7724	2	9.8441	1	9.8441
group_16622	126	162	1.2857	2	9.6097	1	9.6097
group_11458	174	744	4.2759	5	17.3970	2	13.9176
group_8586	201	1009	5.0199	7	21.0841	3	18.0721
group_11459	174	1165	6.6954	8	27.8351	4	27.8351
group_2082	117	201	1.7179	2	10.3490	1	10.3490
group_14413	141	503	3.5674	4	17.1749	2	17.1749
group_10243	339	5432	16.0236	40	71.4353	20	71.4353
group_4531	543	0	0.0000	0	0.0000	0	0.0000
group_3816	3819	0	0.0000	0	0.0000	0	0.0000
group_11019	561	15989	28.5009	109	117.6295	54	116.5503
group_16623	693	2643	3.8139	16	13.9778	8	13.9778
group_16624	576	8330	14.4618	60	63.0640	30	63.0640
group_16625	276	1654	5.9928	11	24.1288	5	21.9353
group_16626	1914	33186	17.3386	220	69.5878	110	69.5878
group_12768	309	3062	9.9094	22	43.1039	11	43.1039
group_5794	228	1412	6.1930	10	26.5533	5	26.5533
group_16627	252	0	0.0000	0	0.0000	0	0.0000
group_16628	123	0	0.0000	0	0.0000	0	0.0000
group_6368	222	1643	7.4009	12	32.7251	6	32.7251
group_5238	234	2427	10.3718	18	46.5703	9	46.5703
group_5795	228	1836	8.0526	16	42.4852	8	42.4852
group_4725	240	2082	8.6750	17	42.8835	8	40.3609
group_7284	213	1336	6.2723	10	28.4232	5	28.4232
group_2273	111	0	0.0000	0	0.0000	0	0.0000
group_16629	213	0	0.0000	0	0.0000	0	0.0000
group_5672	1002	0	0.0000	0	0.0000	0	0.0000
group_9281	585	726	1.2410	5	5.1745	2	4.1396
group_5498	231	2180	9.4372	16	41.9334	8	41.9334
group_16630	168	188	1.1190	2	7.2073	1	7.2073
group_16631	225	142	0.6311	2	5.3815	1	5.3815
group_16632	294	2639	8.9762	19	39.1254	9	37.0662
group_2626	96	0	0.0000	0	0.0000	0	0.0000
group_2744	90	0	0.0000	0	0.0000	0	0.0000
group_5497	231	1298	5.6190	9	23.5876	4	20.9667
group_16633	147	546	3.7143	5	20.5923	2	16.4739
group_13624	150	684	4.5600	6	24.2166	3	24.2166
group_2627	96	0	0.0000	0	0.0000	0	0.0000
group_10651	183	1039	5.6776	8	26.4662	4	26.4662
group_1121	129	158	1.2248	2	9.3863	1	9.3863
group_12534	162	290	1.7901	2	7.4742	1	7.4742
group_16634	180	1016	5.6444	7	23.5439	3	20.1805
group_12342	840	7239	8.6179	51	36.7573	25	36.0366
group_8227	600	6714	11.1900	46	46.4151	23	46.4151
group_2606	1164	14495	12.4527	97	50.4512	48	49.9311
group_6146	645	8260	12.8062	59	55.3790	29	54.4403
group_14513	1242	11565	9.3116	80	38.9961	40	38.9961
group_3510	723	10639	14.7151	74	61.9649	37	61.9649
group_14152	507	5281	10.4162	37	44.1821	18	42.9880
group_16635	258	151	0.5853	1	2.3466	0	0.0000
group_2628	96	0	0.0000	0	0.0000	0	0.0000
group_2083	117	0	0.0000	0	0.0000	0	0.0000
group_6111	225	2108	9.3689	15	40.3609	7	37.6702
group_11083	870	302	0.3471	2	1.3918	1	1.3918
group_12220	843	44520	52.8114	304	218.3225	152	218.3225
group_6113	225	0	0.0000	0	0.0000	0	0.0000
group_16636	129	0	0.0000	0	0.0000	0	0.0000
group_11666	549	5526	10.0656	38	41.9048	19	41.9048
group_12266	165	1030	6.2424	7	25.6842	3	22.0151
group_13315	303	1209	3.9901	10	19.9807	5	19.9807
group_8082	1539	30740	19.9740	207	81.4300	103	81.0366
group_3326	729	8445	11.5844	57	47.3369	28	46.5064
group_7265	372	4613	12.4005	32	52.0786	16	52.0786
group_16641	1254	48876	38.9761	334	161.2507	167	161.2507
group_16638	132	3240	24.5455	32	146.7671	16	146.7671
group_16637	1596	70097	43.9204	471	178.6654	235	178.2861
group_16639	600	16717	27.8617	117	118.0558	58	117.0467
group_16640	237	1504	6.3460	10	25.5449	5	25.5449
group_149	138	0	0.0000	0	0.0000	0	0.0000
group_16643	267	448	1.6779	4	9.0699	2	9.0699
group_2084	117	0	0.0000	0	0.0000	0	0.0000
group_24	798	22014	27.5865	148	112.2823	74	112.2823
group_150	138	0	0.0000	0	0.0000	0	0.0000
group_6232	984	755	0.7673	5	3.0763	2	2.4610
group_9112	351	271	0.7721	2	3.4497	1	3.4497
group_12233	315	3729	11.8381	27	51.8926	13	49.9707
group_16644	123	166	1.3496	2	9.8441	1	9.8441
group_10944	180	1491	8.2833	11	36.9975	5	33.6341
group_437	135	487	3.6074	6	26.9073	3	26.9073
group_16645	1089	1208	1.1093	8	4.4475	4	4.4475
group_16646	300	0	0.0000	0	0.0000	0	0.0000
group_16647	261	240	0.9195	2	4.6392	1	4.6392
group_16648	126	0	0.0000	0	0.0000	0	0.0000
group_7903	363	5071	13.9697	35	58.3733	17	56.7055
group_11501	324	20548	63.4198	141	263.4673	70	261.5987
group_16653	2205	22559	10.2308	154	42.2829	77	42.2829
group_16652	375	5469	14.5840	38	61.3486	19	61.3486
group_16650	327	3934	12.0306	30	55.5426	15	55.5426
group_16651	255	4233	16.6000	33	78.3477	16	75.9735
group_16649	393	4404	11.2061	30	46.2148	15	46.2148
group_13841	1266	15500	12.2433	106	50.6903	53	50.6903
group_16654	129	0	0.0000	0	0.0000	0	0.0000
group_16655	279	1329	4.7634	9	19.5295	4	17.3595
group_16656	240	0	0.0000	0	0.0000	0	0.0000
group_11814	852	236	0.2770	2	1.4212	1	1.4212
group_16658	1098	49854	45.4044	327	180.3009	163	179.7495
group_16657	405	0	0.0000	0	0.0000	0	0.0000
group_5491	660	719	1.0894	5	4.5865	2	3.6692
group_6114	225	0	0.0000	0	0.0000	0	0.0000
group_4264	246	0	0.0000	0	0.0000	0	0.0000
group_16659	1083	4849	4.4774	35	19.5656	17	19.0065
group_5500	231	360	1.5584	3	7.8625	1	5.2417
group_4363	420	453	1.0786	3	4.3244	1	2.8829
group_12537	162	0	0.0000	0	0.0000	0	0.0000
group_16660	186	453	2.4355	3	9.7647	1	6.5098
group_2085	117	0	0.0000	0	0.0000	0	0.0000
group_16661	246	538	2.1870	4	9.8441	2	9.8441
group_16662	264	0	0.0000	0	0.0000	0	0.0000
group_4670	1986	0	0.0000	0	0.0000	0	0.0000
group_16663	921	755	0.8198	5	3.2867	2	2.6294
group_16666	366	1286	3.5137	9	14.8872	4	13.2331
group_16667	3192	20518	6.4279	137	25.9843	68	25.7946
group_16668	894	137291	153.5694	944	639.2740	472	639.2740
group_16669	882	38793	43.9830	259	177.7803	129	177.0939
group_2077	771	0	0.0000	0	0.0000	0	0.0000
group_9358	348	303	0.8707	2	3.4794	1	3.4794
group_16672	615	5010	8.1463	34	33.4700	17	33.4700
group_6189	390	537	1.3769	4	6.2094	2	6.2094
group_6115	226	304	1.3451	2	5.3576	1	5.3576
group_12535	162	189	1.1667	2	7.4742	1	7.4742
group_1251	285	0	0.0000	0	0.0000	0	0.0000
group_4536	417	0	0.0000	0	0.0000	0	0.0000
group_10946	180	0	0.0000	0	0.0000	0	0.0000
group_9736	288	2029	7.0451	14	29.4299	7	29.4299
group_12230	315	166	0.5270	2	3.8439	1	3.8439
group_1146	489	148	0.3027	1	1.2381	0	0.0000
group_11185	177	0	0.0000	0	0.0000	0	0.0000
group_12541	162	0	0.0000	0	0.0000	0	0.0000
group_13310	153	0	0.0000	0	0.0000	0	0.0000
group_11502	324	604	1.8642	4	7.4742	2	7.4742
group_3304	1125	151	0.1342	1	0.5381	0	0.0000
group_14161	144	0	0.0000	0	0.0000	0	0.0000
group_1754	123	0	0.0000	0	0.0000	0	0.0000
group_16675	648	0	0.0000	0	0.0000	0	0.0000
group_2651	270	151	0.5593	1	2.2423	0	0.0000
group_16678	372	7354	19.7688	54	87.8827	27	87.8827
group_13318	303	302	0.9967	2	3.9961	1	3.9961
group_5634	1803	1052	0.5835	8	2.6863	4	2.6863
group_7414	615	965	1.5691	7	6.8909	3	5.9065
group_4204	2118	51394	24.2653	343	98.0439	171	97.7581
group_13133	1293	5739	4.4385	39	18.2608	19	17.7925
group_9329	195	0	0.0000	0	0.0000	0	0.0000
group_4731	240	1253	5.2208	11	27.7481	5	25.2256
group_442	135	0	0.0000	0	0.0000	0	0.0000
group_6119	225	151	0.6711	1	2.6907	0	0.0000
group_13897	147	0	0.0000	0	0.0000	0	0.0000
group_13754	1269	2114	1.6659	14	6.6791	7	6.6791
group_2787	747	2237	2.9946	15	12.1569	7	11.3464
group_4152	699	906	1.2961	6	5.1967	3	5.1967
group_8423	924	2980	3.2251	20	13.1042	10	13.1042
group_8259	927	453	0.4887	3	1.9593	1	1.3062
group_3001	1137	0	0.0000	0	0.0000	0	0.0000
group_2451	273	302	1.1062	2	4.4353	1	4.4353
group_14420	141	0	0.0000	0	0.0000	0	0.0000
group_8966	198	0	0.0000	0	0.0000	0	0.0000
group_16681	984	0	0.0000	0	0.0000	0	0.0000
group_1445	126	0	0.0000	0	0.0000	0	0.0000
group_6701	381	151	0.3963	1	1.5890	0	0.0000
group_7584	210	476	2.2667	4	11.5317	2	11.5317
group_7906	363	453	1.2479	3	5.0034	1	3.3356
group_1176	783	151	0.1928	1	0.7732	0	0.0000
group_5317	1014	906	0.8935	6	3.5823	3	3.5823
group_3042	453	0	0.0000	0	0.0000	0	0.0000
group_5744	654	453	0.6927	3	2.7771	1	1.8514
asnB	1920	1057	0.5505	7	2.2072	3	1.8919
group_11756	321	302	0.9408	2	3.7721	1	3.7721
group_4802	285	381	1.3368	3	6.3728	1	4.2485
nthA	633	293	0.4629	2	1.9128	1	1.9128
group_2953	1140	1203	1.0553	8	4.2485	4	4.2485
group_3125	933	756	0.8103	5	3.2444	2	2.5956
group_6826	1647	906	0.5501	6	2.2055	3	2.2055
group_12031	1341	1054	0.7860	7	3.1603	3	2.7088
group_4959	1917	1359	0.7089	9	2.8423	4	2.5265
nadB	1716	830	0.4837	6	2.1168	3	2.1168
group_16692	489	862	1.7628	6	7.4284	3	7.4284
group_16687	699	406	0.5808	3	2.5983	1	1.7322
group_16693	462	302	0.6537	2	2.6208	1	2.6208
group_16698	687	744	1.0830	5	4.4062	2	3.5250
group_16689	180	0	0.0000	0	0.0000	0	0.0000
group_16694	1398	302	0.2160	2	0.8661	1	0.8661
group_16697	747	884	1.1834	6	4.8628	3	4.8628
group_16690	885	755	0.8531	5	3.4204	2	2.7363
group_16695	1116	995	0.8916	7	3.7974	3	3.2549
group_16686	1122	1208	1.0766	8	4.3167	4	4.3167
group_16701	765	453	0.5922	3	2.3742	1	1.5828
group_16702	1218	0	0.0000	0	0.0000	0	0.0000
group_1485	486	2791	5.7428	20	24.9142	10	24.9142
group_11188	177	292	1.6497	2	6.8408	1	6.8408
group_2352	108	0	0.0000	0	0.0000	0	0.0000
group_16704	2217	0	0.0000	0	0.0000	0	0.0000
group_16705	330	0	0.0000	0	0.0000	0	0.0000
ycf19	288	453	1.5729	3	6.3064	1	4.2043
group_14829	516	12155	23.5562	80	93.8627	40	93.8627
group_12125	1338	680	0.5082	5	2.2624	2	1.8099
group_2653	270	1345	4.9815	10	22.4227	5	22.4227
group_16706	813	1037	1.2755	7	5.2127	3	4.4680
group_13499	816	302	0.3701	2	1.4839	1	1.4839
group_16708	1239	906	0.7312	6	2.9318	3	2.9318
group_16707	1122	600	0.5348	4	2.1583	2	2.1583
group_16710	582	755	1.2973	5	5.2012	2	4.1609
group_16709	882	1359	1.5408	9	6.1777	4	5.4913
group_153	138	132	0.9565	2	8.7741	1	8.7741
group_8756	591	0	0.0000	0	0.0000	0	0.0000
group_11191	177	0	0.0000	0	0.0000	0	0.0000
group_16711	414	0	0.0000	0	0.0000	0	0.0000
group_16712	765	930	1.2157	6	4.7483	3	4.7483
group_16713	675	1865	2.7630	14	12.5567	7	12.5567
group_1971	480	0	0.0000	0	0.0000	0	0.0000
group_8385	597	151	0.2529	1	1.0141	0	0.0000
group_3669	786	890	1.1323	6	4.6215	3	4.6215
group_28	798	302	0.3784	2	1.5173	1	1.5173
group_13314	153	0	0.0000	0	0.0000	0	0.0000
group_16714	597	300	0.5025	2	2.0282	1	2.0282
group_3335	447	1459	3.2640	10	13.5439	5	13.5439
group_3943	252	235	0.9325	3	7.2073	1	4.8049
group_16715	1755	3315	1.8889	22	7.5892	11	7.5892
group_16716	96	0	0.0000	0	0.0000	0	0.0000
group_12012	168	0	0.0000	0	0.0000	0	0.0000
group_16717	393	0	0.0000	0	0.0000	0	0.0000
group_2363	762	3484	4.5722	24	19.0682	12	19.0682
group_967	1215	4676	3.8486	31	15.4468	15	14.9485
group_13900	147	0	0.0000	0	0.0000	0	0.0000
group_12783	159	0	0.0000	0	0.0000	0	0.0000
group_8234	600	827	1.3783	6	6.0541	3	6.0541
group_4732	594	453	0.7626	3	3.0576	1	2.0384
group_16719	153	188	1.2288	2	7.9139	1	7.9139
group_16718	255	599	2.3490	4	9.4967	2	9.4967
group_16721	801	9506	11.8677	66	49.8843	33	49.8843
group_16722	960	5343	5.5656	36	22.7030	18	22.7030
group_3137	1131	453	0.4005	3	1.6059	1	1.0706
group_5504	231	0	0.0000	0	0.0000	0	0.0000
group_12793	1308	751	0.5742	5	2.3143	2	1.8514
group_16723	1317	3473	2.6371	23	10.5729	11	10.1132
group_16724	1077	453	0.4206	3	1.6864	1	1.1243
group_16725	492	1204	2.4472	8	9.8441	4	9.8441
group_16728	591	23397	39.5888	159	162.8779	79	161.8535
group_16726	111	0	0.0000	0	0.0000	0	0.0000
group_16729	1224	4352	3.5556	30	14.8386	15	14.8386
group_1979	120	0	0.0000	0	0.0000	0	0.0000
group_1980	120	205	1.7083	2	10.0902	1	10.0902
group_8425	924	151	0.1634	1	0.6552	0	0.0000
group_1278	3864	1812	0.4689	12	1.8802	6	1.8802
group_10818	333	0	0.0000	0	0.0000	0	0.0000
group_16730	201	349	1.7363	3	9.0360	1	6.0240
group_16731	1065	19155	17.9859	130	73.9003	65	73.9003
group_323	291	0	0.0000	0	0.0000	0	0.0000
group_16732	126	0	0.0000	0	0.0000	0	0.0000
group_16734	216	0	0.0000	0	0.0000	0	0.0000
group_16733	1035	906	0.8754	6	3.5096	3	3.5096
group_16736	1185	0	0.0000	0	0.0000	0	0.0000
group_15415	1032	906	0.8779	6	3.5198	3	3.5198
group_4463	687	0	0.0000	0	0.0000	0	0.0000
group_16737	1146	787	0.6867	6	3.1697	3	3.1697
group_15931	384	296	0.7708	2	3.1532	1	3.1532
group_16738	960	906	0.9438	6	3.7838	3	3.7838
group_16740	612	604	0.9869	4	3.9570	2	3.9570
group_16739	972	1732	1.7819	12	7.4742	6	7.4742
group_6691	219	0	0.0000	0	0.0000	0	0.0000
group_16741	846	11781	13.9255	78	55.8183	39	55.8183
group_16742	1581	1183	0.7483	8	3.0634	4	3.0634
group_16743	624	0	0.0000	0	0.0000	0	0.0000
group_16744	177	0	0.0000	0	0.0000	0	0.0000
group_16745	213	0	0.0000	0	0.0000	0	0.0000
group_16746	7527	34382	4.5678	231	18.5799	115	18.4994
group_6750	1656	0	0.0000	0	0.0000	0	0.0000
group_3174	2493	604	0.2423	4	0.9714	2	0.9714
group_2631	96	0	0.0000	0	0.0000	0	0.0000
group_16747	2715	0	0.0000	0	0.0000	0	0.0000
group_12924	1302	0	0.0000	0	0.0000	0	0.0000
group_4583	1047	1785	1.7049	12	6.9388	6	6.9388
group_9998	189	175	0.9259	2	6.4065	1	6.4065
group_13834	810	0	0.0000	0	0.0000	0	0.0000
group_16748	117	0	0.0000	0	0.0000	0	0.0000
group_16749	1575	0	0.0000	0	0.0000	0	0.0000
group_3967	1086	0	0.0000	0	0.0000	0	0.0000
group_16750	1329	11321	8.5184	76	34.6211	38	34.6211
group_16753	501	5402	10.7824	37	44.7112	18	43.5028
group_16754	168	0	0.0000	0	0.0000	0	0.0000
group_14021	807	83746	103.7745	572	429.1163	286	429.1163
group_7292	618	973	1.5744	7	6.8574	3	5.8778
group_16755	333	4191	12.5856	28	50.9057	14	50.9057
group_2180	474	4067	8.5802	29	37.0401	14	35.7629
group_16756	786	0	0.0000	0	0.0000	0	0.0000
group_16757	1008	604	0.5992	4	2.4024	2	2.4024
group_3456	1116	0	0.0000	0	0.0000	0	0.0000
group_765	1218	0	0.0000	0	0.0000	0	0.0000
group_9950	1443	0	0.0000	0	0.0000	0	0.0000
group_5962	1752	0	0.0000	0	0.0000	0	0.0000
group_2088	117	0	0.0000	0	0.0000	0	0.0000
group_16758	151	151	1.0000	1	4.0094	0	0.0000
group_16759	360	1510	4.1944	10	16.8171	5	16.8171
group_16760	516	0	0.0000	0	0.0000	0	0.0000
group_6715	969	302	0.3117	2	1.2496	1	1.2496
group_9364	348	216	0.6207	2	3.4794	1	3.4794
group_2431	468	0	0.0000	0	0.0000	0	0.0000
group_16761	126	0	0.0000	0	0.0000	0	0.0000
group_16762	423	906	2.1418	6	8.5874	3	8.5874
group_16764	960	23671	24.6573	157	99.0104	78	98.3798
group_16767	195	208	1.0667	2	6.2094	1	6.2094
group_7914	363	15051	41.4628	102	170.1164	51	170.1164
group_12786	159	0	0.0000	0	0.0000	0	0.0000
group_2880	744	0	0.0000	0	0.0000	0	0.0000
group_3410	1119	0	0.0000	0	0.0000	0	0.0000
group_1870	1197	0	0.0000	0	0.0000	0	0.0000
group_5608	1812	0	0.0000	0	0.0000	0	0.0000
group_8025	603	0	0.0000	0	0.0000	0	0.0000
group_4740	1041	6901	6.6292	47	27.3338	23	26.7522
group_3685	786	6934	8.8219	46	35.4314	23	35.4314
group_3323	261	0	0.0000	0	0.0000	0	0.0000
group_7915	207	0	0.0000	0	0.0000	0	0.0000
group_8267	204	2261	11.0833	15	44.5157	7	41.5480
group_2562	99	0	0.0000	0	0.0000	0	0.0000
group_3295	2442	0	0.0000	0	0.0000	0	0.0000
group_8970	1497	0	0.0000	0	0.0000	0	0.0000
group_3740	255	0	0.0000	0	0.0000	0	0.0000
group_1490	486	453	0.9321	3	3.7371	1	2.4914
group_1133	129	0	0.0000	0	0.0000	0	0.0000
group_2866	267	0	0.0000	0	0.0000	0	0.0000
group_16768	345	0	0.0000	0	0.0000	0	0.0000
group_14169	144	0	0.0000	0	0.0000	0	0.0000
group_2275	111	0	0.0000	0	0.0000	0	0.0000
group_33	798	859	1.0764	6	4.5520	3	4.5520
group_14428	141	0	0.0000	0	0.0000	0	0.0000
group_5421	402	1577	3.9229	11	16.5661	5	15.0601
group_2869	267	302	1.1311	2	4.5349	1	4.5349
group_2293	276	0	0.0000	0	0.0000	0	0.0000
group_12016	168	0	0.0000	0	0.0000	0	0.0000
group_4267	246	176	0.7154	2	4.9221	1	4.9221
group_16769	1443	13836	9.5884	92	38.5988	46	38.5988
group_16770	2130	55932	26.2592	380	108.0082	190	108.0082
group_16771	2862	5094	1.7799	31	6.5576	15	6.3461
group_13640	150	0	0.0000	0	0.0000	0	0.0000
group_3720	438	302	0.6895	2	2.7644	1	2.7644
group_5991	393	0	0.0000	0	0.0000	0	0.0000
group_2563	99	0	0.0000	0	0.0000	0	0.0000
group_8519	594	0	0.0000	0	0.0000	0	0.0000
group_8811	354	302	0.8531	2	3.4204	1	3.4204
group_3324	261	0	0.0000	0	0.0000	0	0.0000
group_6353	1692	10969	6.4829	74	26.4779	37	26.4779
group_16773	924	2170	2.3485	14	9.1729	7	9.1729
group_16772	1011	7115	7.0376	45	26.9472	22	26.3484
group_16774	114	0	0.0000	0	0.0000	0	0.0000
group_2776	45	0	0.0000	0	0.0000	0	0.0000
group_16776	2148	4238	1.9730	27	7.6100	13	7.3281
group_16775	237	247	1.0422	2	5.1090	1	5.1090
group_6123	225	226	1.0044	2	5.3815	1	5.3815
group_272	498	0	0.0000	0	0.0000	0	0.0000
group_4155	699	0	0.0000	0	0.0000	0	0.0000
group_3815	435	0	0.0000	0	0.0000	0	0.0000
group_13641	150	0	0.0000	0	0.0000	0	0.0000
group_9360	1476	0	0.0000	0	0.0000	0	0.0000
group_6174	1728	0	0.0000	0	0.0000	0	0.0000
group_3904	288	151	0.5243	1	2.1021	0	0.0000
group_8520	594	5547	9.3384	37	37.7110	18	36.6918
group_7922	207	180	0.8696	2	5.8494	1	5.8494
group_2280	111	0	0.0000	0	0.0000	0	0.0000
group_12763	531	1057	1.9906	7	7.9810	3	6.8408
group_14429	141	0	0.0000	0	0.0000	0	0.0000
group_12788	159	0	0.0000	0	0.0000	0	0.0000
group_13588	516	23870	46.2597	162	190.0719	81	190.0719
group_451	135	192	1.4222	2	8.9691	1	8.9691
group_12792	159	0	0.0000	0	0.0000	0	0.0000
group_2294	276	360	1.3043	4	8.7741	2	8.7741
group_7271	372	3561	9.5726	25	40.6864	12	39.0590
group_7152	954	0	0.0000	0	0.0000	0	0.0000
group_1826	777	0	0.0000	0	0.0000	0	0.0000
group_2295	276	0	0.0000	0	0.0000	0	0.0000
group_12789	159	0	0.0000	0	0.0000	0	0.0000
group_11048	330	2758	8.3576	19	34.8572	9	33.0226
group_2179	114	0	0.0000	0	0.0000	0	0.0000
group_2277	111	0	0.0000	0	0.0000	0	0.0000
group_6279	642	151	0.2352	1	0.9430	0	0.0000
group_14759	3018	2254	0.7469	17	3.4102	8	3.2096
group_14758	1896	1788	0.9430	12	3.8317	6	3.8317
group_4694	681	0	0.0000	0	0.0000	0	0.0000
group_5026	408	841	2.0613	7	10.3870	3	8.9031
group_10001	189	0	0.0000	0	0.0000	0	0.0000
group_16777	240	0	0.0000	0	0.0000	0	0.0000
group_959	4248	2653	0.6245	18	2.5653	9	2.5653
group_16778	537	5627	10.4786	40	45.0960	20	45.0960
group_16779	294	164	0.5578	2	4.1185	1	4.1185
group_16780	397	2278	5.7380	16	24.3996	8	24.3996
group_6446	978	458	0.4683	4	2.4761	2	2.4761
group_16782	243	151	0.6214	1	2.4914	0	0.0000
group_16783	267	151	0.5655	1	2.2675	0	0.0000
group_16784	1827	0	0.0000	0	0.0000	0	0.0000
group_16785	1152	0	0.0000	0	0.0000	0	0.0000
group_10334	186	0	0.0000	0	0.0000	0	0.0000
group_16786	213	3182	14.9390	22	62.5310	11	62.5310
group_16787	879	4077	4.6382	27	18.5963	13	17.9076
group_16788	166	149	0.8976	1	3.6471	0	0.0000
group_16789	180	239	1.3278	2	6.7268	1	6.7268
group_16791	576	564	0.9792	4	4.2043	2	4.2043
group_16790	1452	604	0.4160	4	1.6678	2	1.6678
group_13643	150	0	0.0000	0	0.0000	0	0.0000
group_5790	396	596	1.5051	4	6.1153	2	6.1153
group_1454	126	0	0.0000	0	0.0000	0	0.0000
group_16792	300	1057	3.5233	7	14.1263	3	12.1083
group_16793	1773	50031	28.2183	332	113.3658	166	113.3658
group_5677	1002	4455	4.4461	30	18.1262	15	18.1262
cas10d	2967	11897	4.0098	79	16.1199	39	15.9158
group_4597	2007	12139	6.0483	81	24.4338	40	24.1321
group_16794	258	294	1.1395	2	4.6931	1	4.6931
group_16795	201	0	0.0000	0	0.0000	0	0.0000
group_16796	1386	906	0.6537	6	2.6208	3	2.6208
group_7156	954	1057	1.1080	7	4.4422	3	3.8076
group_16797	135	421	3.1185	4	17.9382	2	17.9382
group_3916	708	0	0.0000	0	0.0000	0	0.0000
group_14434	141	0	0.0000	0	0.0000	0	0.0000
group_16798	129	0	0.0000	0	0.0000	0	0.0000
group_16799	633	0	0.0000	0	0.0000	0	0.0000
group_8602	201	150	0.7463	1	3.0120	0	0.0000
group_16800	273	1812	6.6374	13	28.8292	6	26.6116
group_16801	222	176	0.7928	2	5.4542	1	5.4542
group_11486	552	1584	2.8696	13	14.2579	6	13.1612
group_11960	849	1134	1.3357	8	5.7047	4	5.7047
group_694	288	246	0.8542	2	4.2043	1	4.2043
group_13325	303	3862	12.7459	27	53.9478	13	51.9497
group_4488	243	1163	4.7860	8	19.9313	4	19.9313
group_13074	156	0	0.0000	0	0.0000	0	0.0000
group_16802	732	14827	20.2555	101	83.5339	50	82.7068
group_3060	265	1801	6.7962	14	31.9841	7	31.9841
group_16807	441	1736	3.9365	12	16.4739	6	16.4739
group_16810	276	300	1.0870	2	4.3871	1	4.3871
group_16811	132	0	0.0000	0	0.0000	0	0.0000
group_16804	1308	3171	2.4243	21	9.7200	10	9.2571
group_16809	906	715	0.7892	5	3.3411	2	2.6729
group_16805	954	887	0.9298	6	3.8076	3	3.8076
group_16806	1233	1359	1.1022	9	4.4191	4	3.9281
group_16803	1293	1661	1.2846	11	5.1505	5	4.6822
group_16812	225	0	0.0000	0	0.0000	0	0.0000
group_16813	2373	12679	5.3430	89	22.7062	44	22.4511
group_4221	696	453	0.6509	3	2.6095	1	1.7397
group_16814	1455	4163	2.8612	28	11.6506	14	11.6506
group_3531	258	446	1.7287	3	7.0397	1	4.6931
group_12313	1332	604	0.4535	4	1.8181	2	1.8181
group_2089	117	0	0.0000	0	0.0000	0	0.0000
group_16815	783	677	0.8646	5	3.8660	2	3.0928
group_16816	819	219	0.2674	2	1.4784	1	1.4784
group_10129	573	0	0.0000	0	0.0000	0	0.0000
group_14175	144	0	0.0000	0	0.0000	0	0.0000
group_16817	178	1358	7.6292	14	47.6168	7	47.6168
group_5479	1008	2110	2.0933	15	9.0091	7	8.4085
group_3532	258	151	0.5853	1	2.3466	0	0.0000
group_2080	771	1661	2.1543	11	8.6376	5	7.8523
group_13681	300	0	0.0000	0	0.0000	0	0.0000
group_16818	219	2896	13.2237	21	58.0534	10	55.2890
group_3743	255	2612	10.2431	18	42.7351	9	42.7351
group_3534	258	852	3.3023	7	16.4260	3	14.0794
group_16820	93	0	0.0000	0	0.0000	0	0.0000
group_16819	549	0	0.0000	0	0.0000	0	0.0000
group_16821	654	1359	2.0780	9	8.3314	4	7.4057
group_16822	384	541	1.4089	4	6.3064	2	6.3064
group_16823	636	2920	4.5912	21	19.9901	10	19.0382
group_7054	375	453	1.2080	3	4.8433	1	3.2289
group_4464	687	0	0.0000	0	0.0000	0	0.0000
group_16824	342	1958	5.7251	14	24.7830	7	24.7830
group_16825	450	8019	17.8200	57	76.6858	28	75.3404
group_16826	333	0	0.0000	0	0.0000	0	0.0000
group_12023	168	0	0.0000	0	0.0000	0	0.0000
group_3952	492	0	0.0000	0	0.0000	0	0.0000
group_16808	273	151	0.5531	1	2.2176	0	0.0000
group_8271	927	604	0.6516	4	2.6124	2	2.6124
group_2694	750	302	0.4027	2	1.6144	1	1.6144
group_4012	1083	0	0.0000	0	0.0000	0	0.0000
group_14201	1254	604	0.4817	4	1.9311	2	1.9311
group_7596	612	298	0.4869	2	1.9785	1	1.9785
group_8084	1539	0	0.0000	0	0.0000	0	0.0000
group_16827	276	302	1.0942	2	4.3871	1	4.3871
group_16828	163	130	0.7975	2	7.4284	1	7.4284
group_2701	93	0	0.0000	0	0.0000	0	0.0000
group_16829	222	0	0.0000	0	0.0000	0	0.0000
group_16830	156	115	0.7372	2	7.7617	1	7.7617
group_2700	462	0	0.0000	0	0.0000	0	0.0000
group_16831	99	0	0.0000	0	0.0000	0	0.0000
group_16832	129	0	0.0000	0	0.0000	0	0.0000
group_16833	231	0	0.0000	0	0.0000	0	0.0000
group_16834	516	0	0.0000	0	0.0000	0	0.0000
group_16835	402	0	0.0000	0	0.0000	0	0.0000
group_16836	1923	31855	16.5653	218	68.6325	109	68.6325
group_1191	783	11587	14.7982	82	63.4022	41	63.4022
group_9674	192	0	0.0000	0	0.0000	0	0.0000
group_11226	1377	0	0.0000	0	0.0000	0	0.0000
group_16837	510	1024	2.0078	9	10.6838	4	9.4967
group_16838	315	0	0.0000	0	0.0000	0	0.0000
group_16839	132	0	0.0000	0	0.0000	0	0.0000
group_16840	168	0	0.0000	0	0.0000	0	0.0000
group_16844	1365	1963	1.4381	13	5.7658	6	5.3223
group_16842	2256	5234	2.3200	36	9.6609	18	9.6609
group_16841	210	757	3.6048	6	17.2975	3	17.2975
group_16845	2499	6796	2.7195	45	10.9018	22	10.6596
group_16846	564	0	0.0000	0	0.0000	0	0.0000
group_16847	222	151	0.6802	1	2.7271	0	0.0000
group_456	135	0	0.0000	0	0.0000	0	0.0000
group_5518	231	0	0.0000	0	0.0000	0	0.0000
group_12551	162	0	0.0000	0	0.0000	0	0.0000
group_16848	165	533	3.2303	5	18.3459	2	14.6767
group_16849	297	311	1.0471	2	4.0769	1	4.0769
group_16850	177	1299	7.3390	12	41.0450	6	41.0450
group_16851	396	0	0.0000	0	0.0000	0	0.0000
group_16854	678	279	0.4115	2	1.7859	1	1.7859
group_16853	240	0	0.0000	0	0.0000	0	0.0000
group_16852	804	0	0.0000	0	0.0000	0	0.0000
group_16855	114	0	0.0000	0	0.0000	0	0.0000
group_8434	924	2030	2.1970	14	9.1729	7	9.1729
group_16856	168	0	0.0000	0	0.0000	0	0.0000
group_16857	156	172	1.1026	2	7.7617	1	7.7617
group_2791	747	0	0.0000	0	0.0000	0	0.0000
group_16858	171	0	0.0000	0	0.0000	0	0.0000
group_16859	393	151	0.3842	1	1.5405	0	0.0000
group_4660	414	2127	5.1377	15	21.9353	7	20.4729
group_16860	234	2163	9.2436	15	38.8086	7	36.2214
group_16861	231	293	1.2684	2	5.2417	1	5.2417
group_16862	945	3571	3.7788	25	16.0162	12	15.3756
plsY	657	14639	22.2816	101	93.0698	50	92.1483
group_2316	471	453	0.9618	3	3.8561	1	2.5708
group_8821	354	151	0.4266	1	1.7102	0	0.0000
group_16863	231	2716	11.7576	18	47.1751	9	47.1751
group_16864	723	0	0.0000	0	0.0000	0	0.0000
group_1464	126	0	0.0000	0	0.0000	0	0.0000
group_610	4848	0	0.0000	0	0.0000	0	0.0000
group_15769	432	0	0.0000	0	0.0000	0	0.0000
group_16865	300	630	2.1000	5	10.0902	2	8.0722
group_16866	120	0	0.0000	0	0.0000	0	0.0000
group_16867	303	1280	4.2244	9	17.9826	4	15.9845
group_11077	1386	27992	20.1962	193	84.3037	96	83.8669
group_16868	600	1291	2.1517	9	9.0812	4	8.0722
group_16869	180	151	0.8389	1	3.3634	0	0.0000
group_16870	477	0	0.0000	0	0.0000	0	0.0000
group_16871	486	2649	5.4506	18	22.4227	9	22.4227
group_16872	510	1011	1.9824	9	10.6838	4	9.4967
group_16873	132	183	1.3864	2	9.1729	1	9.1729
group_8610	201	0	0.0000	0	0.0000	0	0.0000
group_16874	765	10441	13.6484	71	56.1888	35	55.3974
group_1466	126	0	0.0000	0	0.0000	0	0.0000
group_16877	228	0	0.0000	0	0.0000	0	0.0000
group_16878	114	0	0.0000	0	0.0000	0	0.0000
group_16879	207	526	2.5411	5	14.6235	2	11.6988
group_3832	2229	0	0.0000	0	0.0000	0	0.0000
group_16880	228	252	1.1053	2	5.3107	1	5.3107
group_16881	240	860	3.5833	7	17.6579	3	15.1354
group_8433	924	16300	17.6407	108	70.7627	54	70.7627
group_16884	5790	21156	3.6539	134	14.0113	67	14.0113
group_16883	285	1135	3.9825	9	19.1183	4	16.9941
group_10039	891	453	0.5084	3	2.0384	1	1.3590
group_13085	825	0	0.0000	0	0.0000	0	0.0000
group_361	1227	604	0.4923	4	1.9736	2	1.9736
group_16885	126	0	0.0000	0	0.0000	0	0.0000
group_16886	276	524	1.8986	4	8.7741	2	8.7741
group_8907	915	0	0.0000	0	0.0000	0	0.0000
group_10826	333	0	0.0000	0	0.0000	0	0.0000
group_16888	309	0	0.0000	0	0.0000	0	0.0000
group_16887	1188	0	0.0000	0	0.0000	0	0.0000
group_9349	195	430	2.2051	3	9.3141	1	6.2094
group_457	135	0	0.0000	0	0.0000	0	0.0000
group_16889	171	151	0.8830	1	3.5404	0	0.0000
group_4492	243	1399	5.7572	10	24.9142	5	24.9142
group_16890	426	12002	28.1737	84	119.3774	42	119.3774
group_7931	207	722	3.4879	6	17.5482	3	17.5482
group_9033	1494	2265	1.5161	15	6.0785	7	5.6732
group_12404	1326	2525	1.9042	17	7.7617	8	7.3051
group_1143	129	0	0.0000	0	0.0000	0	0.0000
group_10950	1392	151	0.1085	1	0.4349	0	0.0000
group_7273	372	453	1.2177	3	4.8824	1	3.2549
group_9124	351	0	0.0000	0	0.0000	0	0.0000
group_16895	318	0	0.0000	0	0.0000	0	0.0000
group_16903	225	0	0.0000	0	0.0000	0	0.0000
group_16912	207	403	1.9469	3	8.7741	1	5.8494
group_16901	216	141	0.6528	1	2.8028	0	0.0000
group_16906	228	449	1.9693	3	7.9660	1	5.3107
group_16899	333	151	0.4535	1	1.8181	0	0.0000
group_16900	177	0	0.0000	0	0.0000	0	0.0000
group_16910	219	0	0.0000	0	0.0000	0	0.0000
group_9028	1494	912	0.6104	6	2.4314	3	2.4314
group_8276	204	151	0.7402	1	2.9677	0	0.0000
group_11473	174	0	0.0000	0	0.0000	0	0.0000
group_6392	222	0	0.0000	0	0.0000	0	0.0000
group_16914	240	443547	1848.1125	4395	11086.6461	2197	11084.1236
group_16915	183	0	0.0000	0	0.0000	0	0.0000
group_16916	231	0	0.0000	0	0.0000	0	0.0000
group_16917	246	515	2.0935	5	12.3052	2	9.8441
group_16918	774	604	0.7804	4	3.1288	2	3.1288
group_16919	849	832	0.9800	6	4.2785	3	4.2785
group_6003	648	1035	1.5972	7	6.5400	3	5.6057
group_16920	387	922	2.3824	5	7.8219	2	6.2575
group_16921	189	0	0.0000	0	0.0000	0	0.0000
group_4796	678	2850	4.2035	20	17.8588	10	17.8588
group_16922	105	0	0.0000	0	0.0000	0	0.0000
group_8611	201	1173	5.8358	12	36.1441	6	36.1441
group_16909	189	0	0.0000	0	0.0000	0	0.0000
group_16911	219	151	0.6895	1	2.7644	0	0.0000
group_16904	438	151	0.3447	1	1.3822	0	0.0000
group_16905	258	147	0.5698	1	2.3466	0	0.0000
group_16913	423	302	0.7139	2	2.8625	1	2.8625
group_16908	267	675	2.5281	5	11.3373	2	9.0699
group_16892	276	151	0.5471	1	2.1935	0	0.0000
group_16897	981	581	0.5923	5	3.0857	2	2.4686
group_16893	273	0	0.0000	0	0.0000	0	0.0000
group_16894	576	369	0.6406	3	3.1532	1	2.1021
group_172	138	0	0.0000	0	0.0000	0	0.0000
group_16923	1284	901	0.7017	6	2.8290	3	2.8290
group_6158	987	1008	1.0213	7	4.2937	3	3.6803
group_463	135	0	0.0000	0	0.0000	0	0.0000
group_14182	144	0	0.0000	0	0.0000	0	0.0000
group_3918	708	453	0.6398	3	2.5653	1	1.7102
group_16924	147	150	1.0204	2	8.2369	1	8.2369
group_16925	195	0	0.0000	0	0.0000	0	0.0000
group_16926	474	906	1.9114	6	7.6635	3	7.6635
group_16927	981	4390	4.4750	30	18.5142	15	18.5142
group_16928	876	755	0.8619	5	3.4556	2	2.7644
group_16929	261	9260	35.4789	68	157.7324	34	157.7324
group_16930	219	151	0.6895	1	2.7644	0	0.0000
group_16931	111	0	0.0000	0	0.0000	0	0.0000
group_10961	180	0	0.0000	0	0.0000	0	0.0000
group_9127	351	1062	3.0256	7	12.0738	3	10.3490
group_16932	249	2407	9.6667	17	41.3335	8	38.9021
group_4159	783	930	1.1877	7	5.4124	3	4.6392
group_16933	205	295	1.4390	2	5.9065	1	5.9065
group_12029	168	0	0.0000	0	0.0000	0	0.0000
group_16934	1371	1208	0.8811	8	3.5327	4	3.5327
group_13918	147	0	0.0000	0	0.0000	0	0.0000
group_11475	174	0	0.0000	0	0.0000	0	0.0000
group_8614	201	564	2.8060	4	12.0480	2	12.0480
group_16935	153	0	0.0000	0	0.0000	0	0.0000
group_16936	249	297	1.1928	2	4.8628	1	4.8628
group_16937	591	151	0.2555	1	1.0244	0	0.0000
group_11677	549	453	0.8251	3	3.3083	1	2.2055
group_16938	1605	1560	0.9720	11	4.1493	5	3.7721
group_16939	300	0	0.0000	0	0.0000	0	0.0000
group_16940	189	0	0.0000	0	0.0000	0	0.0000
group_1976	480	145	0.3021	1	1.2613	0	0.0000
group_11172	987	18726	18.9726	126	77.2869	63	77.2869
group_16941	132	0	0.0000	0	0.0000	0	0.0000
group_5799	396	0	0.0000	0	0.0000	0	0.0000
group_16942	129	0	0.0000	0	0.0000	0	0.0000
group_16943	183	640	3.4973	6	19.8496	3	19.8496
group_16944	1341	290	0.2163	2	0.9029	1	0.9029
group_16945	177	151	0.8531	1	3.4204	0	0.0000
group_16946	306	0	0.0000	0	0.0000	0	0.0000
group_16947	1635	43951	26.8813	296	109.6040	148	109.6040
group_16948	465	2963	6.3720	21	27.3413	10	26.0393
group_7424	615	5085	8.2683	35	34.4545	17	33.4700
group_16949	273	5176	18.9597	36	79.8348	18	79.8348
group_6708	219	0	0.0000	0	0.0000	0	0.0000
group_16950	345	1305	3.7826	10	17.5482	5	17.5482
group_5999	393	16488	41.9542	113	174.0758	56	172.5353
group_16951	108	0	0.0000	0	0.0000	0	0.0000
group_16952	1215	0	0.0000	0	0.0000	0	0.0000
group_11263	846	189965	224.5449	1283	918.1399	641	917.4242
group_16953	300	8233	27.4433	58	117.0467	29	117.0467
group_16955	471	0	0.0000	0	0.0000	0	0.0000
group_16956	300	3184	10.6133	22	44.3970	11	44.3970
group_16957	210	296	1.4095	2	5.7658	1	5.7658
group_16958	393	6346	16.1476	43	66.2412	21	64.7007
group_13920	147	0	0.0000	0	0.0000	0	0.0000
group_16959	1587	0	0.0000	0	0.0000	0	0.0000
group_16960	528	0	0.0000	0	0.0000	0	0.0000
group_6395	222	1205	5.4279	8	21.8167	4	21.8167
group_16961	987	36283	36.7609	245	150.2801	122	149.6667
group_16964	1686	604	0.3582	4	1.4363	2	1.4363
group_16963	3393	0	0.0000	0	0.0000	0	0.0000
group_9501	582	1812	3.1134	12	12.4828	6	12.4828
group_16965	579	8804	15.2055	63	65.8741	31	64.8285
group_1150	129	0	0.0000	0	0.0000	0	0.0000
group_16966	630	0	0.0000	0	0.0000	0	0.0000
group_16967	141	0	0.0000	0	0.0000	0	0.0000
group_16968	123	0	0.0000	0	0.0000	0	0.0000
group_13517	816	0	0.0000	0	0.0000	0	0.0000
group_3207	732	0	0.0000	0	0.0000	0	0.0000
group_6004	993	151	0.1521	1	0.6097	0	0.0000
group_3783	1098	0	0.0000	0	0.0000	0	0.0000
group_7046	957	86	0.0899	1	0.6326	0	0.0000
group_13333	153	127	0.8301	1	3.9570	0	0.0000
group_9362	1476	1590	1.0772	11	4.5119	5	4.1017
group_2464	273	144	0.5275	1	2.2176	0	0.0000
group_5813	228	151	0.6623	1	2.6553	0	0.0000
group_16969	276	151	0.5471	1	2.1935	0	0.0000
group_2127	1188	2109	1.7753	14	7.1345	7	7.1345
group_16970	1041	0	0.0000	0	0.0000	0	0.0000
group_16971	153	149	0.9739	1	3.9570	0	0.0000
group_16972	408	303	0.7426	2	2.9677	1	2.9677
group_16973	102	0	0.0000	0	0.0000	0	0.0000
group_16974	1329	555	0.4176	4	1.8222	2	1.8222
group_16975	561	0	0.0000	0	0.0000	0	0.0000
group_16976	180	0	0.0000	0	0.0000	0	0.0000
group_16977	138	0	0.0000	0	0.0000	0	0.0000
group_16978	214	0	0.0000	0	0.0000	0	0.0000
group_16979	732	542	0.7404	6	4.9624	3	4.9624
group_16980	183	0	0.0000	0	0.0000	0	0.0000
group_16981	366	0	0.0000	0	0.0000	0	0.0000
group_16982	162	0	0.0000	0	0.0000	0	0.0000
group_16983	114	0	0.0000	0	0.0000	0	0.0000
group_9373	348	0	0.0000	0	0.0000	0	0.0000
group_16984	240	0	0.0000	0	0.0000	0	0.0000
group_16985	108	0	0.0000	0	0.0000	0	0.0000
group_177	138	192	1.3913	2	8.7741	1	8.7741
group_16986	132	223	1.6894	2	9.1729	1	9.1729
group_16987	141	282	2.0000	2	8.5874	1	8.5874
group_16988	972	299	0.3076	2	1.2457	1	1.2457
group_16989	159	0	0.0000	0	0.0000	0	0.0000
group_16990	429	945	2.2028	12	16.9347	6	16.9347
group_16991	93	0	0.0000	0	0.0000	0	0.0000
group_16992	231	0	0.0000	0	0.0000	0	0.0000
group_16993	213	145	0.6808	1	2.8423	0	0.0000
group_16994	117	0	0.0000	0	0.0000	0	0.0000
group_16995	378	8259	21.8492	56	89.6910	28	89.6910
group_16996	408	2092	5.1275	14	20.7740	7	20.7740
group_16997	279	184	0.6595	2	4.3399	1	4.3399
group_16998	117	0	0.0000	0	0.0000	0	0.0000
group_10362	186	1154	6.2043	8	26.0393	4	26.0393
group_7936	207	0	0.0000	0	0.0000	0	0.0000
group_2490	102	0	0.0000	0	0.0000	0	0.0000
group_16999	153	0	0.0000	0	0.0000	0	0.0000
group_17000	123	374	3.0407	4	19.6883	2	19.6883
group_17001	213	0	0.0000	0	0.0000	0	0.0000
group_17002	171	86	0.5029	1	3.5404	0	0.0000
group_3592	441	0	0.0000	0	0.0000	0	0.0000
group_17003	132	0	0.0000	0	0.0000	0	0.0000
group_17004	144	0	0.0000	0	0.0000	0	0.0000
group_17005	2325	0	0.0000	0	0.0000	0	0.0000
group_722	288	0	0.0000	0	0.0000	0	0.0000
group_4782	1956	906	0.4632	6	1.8571	3	1.8571
group_8216	1533	580	0.3783	4	1.5797	2	1.5797
group_17006	738	0	0.0000	0	0.0000	0	0.0000
group_17010	231	0	0.0000	0	0.0000	0	0.0000
group_17008	1317	0	0.0000	0	0.0000	0	0.0000
group_17007	561	0	0.0000	0	0.0000	0	0.0000
group_17009	1056	438	0.4148	4	2.2932	2	2.2932
group_17011	138	0	0.0000	0	0.0000	0	0.0000
group_9912	576	0	0.0000	0	0.0000	0	0.0000
group_5022	672	0	0.0000	0	0.0000	0	0.0000
group_14125	1257	0	0.0000	0	0.0000	0	0.0000
group_3114	735	0	0.0000	0	0.0000	0	0.0000
group_3334	261	0	0.0000	0	0.0000	0	0.0000
group_17012	426	555	1.3028	4	5.6846	2	5.6846
group_17013	117	0	0.0000	0	0.0000	0	0.0000
group_2668	270	0	0.0000	0	0.0000	0	0.0000
group_8497	357	257	0.7199	2	3.3917	1	3.3917
group_17014	207	152	0.7343	2	5.8494	1	5.8494
group_17015	135	0	0.0000	0	0.0000	0	0.0000
group_17016	270	0	0.0000	0	0.0000	0	0.0000
group_17017	105	0	0.0000	0	0.0000	0	0.0000
group_17018	429	0	0.0000	0	0.0000	0	0.0000
group_17019	231	598	2.5887	4	10.4834	2	10.4834
group_17020	213	0	0.0000	0	0.0000	0	0.0000
group_2885	744	10592	14.2366	71	57.7747	35	56.9610
group_17021	171	0	0.0000	0	0.0000	0	0.0000
group_17022	117	0	0.0000	0	0.0000	0	0.0000
group_17025	870	479	0.5506	4	2.7835	2	2.7835
group_17024	447	0	0.0000	0	0.0000	0	0.0000
group_17023	492	0	0.0000	0	0.0000	0	0.0000
group_17026	240	151	0.6292	1	2.5226	0	0.0000
group_17027	669	0	0.0000	0	0.0000	0	0.0000
group_3889	1092	906	0.8297	6	3.3265	3	3.3265
group_14527	1242	0	0.0000	0	0.0000	0	0.0000
group_10682	183	0	0.0000	0	0.0000	0	0.0000
group_17028	228	0	0.0000	0	0.0000	0	0.0000
group_16133	372	958	2.5753	7	11.3922	3	9.7647
group_2927	456	2784	6.1053	19	25.2256	9	23.8979
group_3593	441	0	0.0000	0	0.0000	0	0.0000
group_17030	672	0	0.0000	0	0.0000	0	0.0000
group_17029	834	2370	2.8417	16	11.6147	8	11.6147
group_17031	153	0	0.0000	0	0.0000	0	0.0000
group_17032	1416	0	0.0000	0	0.0000	0	0.0000
group_17033	690	2394	3.4696	16	14.0386	8	14.0386
group_11022	1389	1491	1.0734	10	4.3586	5	4.3586
group_5241	1869	1887	1.0096	13	4.2110	6	3.8871
group_3478	444	5168	11.6396	37	50.4512	18	49.0876
group_2095	279	301	1.0789	2	4.3399	1	4.3399
group_17034	126	0	0.0000	0	0.0000	0	0.0000
group_17035	183	0	0.0000	0	0.0000	0	0.0000
group_10978	180	0	0.0000	0	0.0000	0	0.0000
group_17036	1632	53530	32.8002	360	133.5472	180	133.5472
group_2686	1161	0	0.0000	0	0.0000	0	0.0000
group_17042	525	127	0.2419	2	2.3063	1	2.3063
group_17037	150	0	0.0000	0	0.0000	0	0.0000
group_17041	246	0	0.0000	0	0.0000	0	0.0000
group_17039	231	0	0.0000	0	0.0000	0	0.0000
group_17040	231	0	0.0000	0	0.0000	0	0.0000
group_17038	249	0	0.0000	0	0.0000	0	0.0000
group_17043	216	512	2.3704	4	11.2114	2	11.2114
group_4241	3636	4801	1.3204	32	5.3282	16	5.3282
group_11543	1365	2984	2.1861	20	8.8705	10	8.8705
group_2187	114	0	0.0000	0	0.0000	0	0.0000
group_6139	225	0	0.0000	0	0.0000	0	0.0000
group_10444	1422	604	0.4248	4	1.7030	2	1.7030
group_17044	6870	4532	0.6597	27	2.3794	13	2.2912
group_17045	255	0	0.0000	0	0.0000	0	0.0000
group_17046	270	0	0.0000	0	0.0000	0	0.0000
group_17047	5301	302	0.0570	2	0.2284	1	0.2284
group_12131	378	5141	13.6005	35	56.0569	17	54.4552
group_3417	1119	0	0.0000	0	0.0000	0	0.0000
group_17048	231	0	0.0000	0	0.0000	0	0.0000
group_4909	675	151	0.2237	1	0.8969	0	0.0000
group_17049	891	0	0.0000	0	0.0000	0	0.0000
group_11487	174	184	1.0575	2	6.9588	1	6.9588
group_17050	390	0	0.0000	0	0.0000	0	0.0000
group_17051	258	122	0.4729	2	4.6931	1	4.6931
group_17052	849	0	0.0000	0	0.0000	0	0.0000
group_17053	177	0	0.0000	0	0.0000	0	0.0000
group_17054	747	8704	11.6519	61	49.4381	30	48.6276
group_17057	204	0	0.0000	0	0.0000	0	0.0000
group_17056	240	998	4.1583	7	17.6579	3	15.1354
group_17058	858	0	0.0000	0	0.0000	0	0.0000
group_17059	2295	10755	4.6863	73	19.2572	36	18.9934
group_17060	153	202	1.3203	2	7.9139	1	7.9139
group_6977	216	0	0.0000	0	0.0000	0	0.0000
group_3075	264	0	0.0000	0	0.0000	0	0.0000
group_1517	486	0	0.0000	0	0.0000	0	0.0000
group_12561	1320	0	0.0000	0	0.0000	0	0.0000
group_2772	51	0	0.0000	0	0.0000	0	0.0000
group_13601	516	453	0.8779	3	3.5198	1	2.3466
group_6343	981	302	0.3078	2	1.2343	1	1.2343
group_725	288	916	3.1806	8	16.8171	4	16.8171
group_3209	450	0	0.0000	0	0.0000	0	0.0000
group_8629	201	200	0.9950	2	6.0240	1	6.0240
group_1859	777	1011	1.3012	7	5.4542	3	4.6750
group_6137	225	0	0.0000	0	0.0000	0	0.0000
group_3922	708	0	0.0000	0	0.0000	0	0.0000
group_6893	627	0	0.0000	0	0.0000	0	0.0000
group_17061	153	0	0.0000	0	0.0000	0	0.0000
group_17062	159	0	0.0000	0	0.0000	0	0.0000
group_17063	237	0	0.0000	0	0.0000	0	0.0000
group_17064	168	0	0.0000	0	0.0000	0	0.0000
group_17065	336	176	0.5238	2	3.6037	1	3.6037
group_5528	231	0	0.0000	0	0.0000	0	0.0000
group_17066	246	0	0.0000	0	0.0000	0	0.0000
group_17069	963	0	0.0000	0	0.0000	0	0.0000
group_17072	291	0	0.0000	0	0.0000	0	0.0000
group_17073	2019	44881	22.2293	300	89.9575	150	89.9575
group_17068	1287	9916	7.7047	66	31.0469	33	31.0469
group_17067	246	0	0.0000	0	0.0000	0	0.0000
group_17074	1392	5666	4.0704	40	17.3970	20	17.3970
group_17075	831	12351	14.8628	83	60.4686	41	59.7400
group_17077	540	14270	26.4259	103	115.4771	51	114.3560
group_17079	1158	8310	7.1762	55	28.7546	27	28.2317
group_17078	1224	5947	4.8587	40	19.7848	20	19.7848
group_17080	624	0	0.0000	0	0.0000	0	0.0000
group_17081	522	0	0.0000	0	0.0000	0	0.0000
group_17082	756	710	0.9392	2	1.6016	1	1.6016
group_17083	567	3771	6.6508	25	26.6937	12	25.6260
group_17085	351	151	0.4302	1	1.7248	0	0.0000
group_17084	276	1507	5.4601	10	21.9353	5	21.9353
group_17087	417	1724	4.1343	12	17.4220	6	17.4220
group_17086	282	2278	8.0780	16	34.3497	8	34.3497
group_17088	366	150	0.4098	1	1.6541	0	0.0000
group_17090	261	160	0.6130	2	4.6392	1	4.6392
group_17089	282	944	3.3475	8	17.1749	4	17.1749
group_17091	168	0	0.0000	0	0.0000	0	0.0000
group_7984	933	279	0.2990	2	1.2978	1	1.2978
group_12563	162	0	0.0000	0	0.0000	0	0.0000
group_17092	666	1735	2.6051	12	10.9084	6	10.9084
group_17093	153	0	0.0000	0	0.0000	0	0.0000
group_17094	501	0	0.0000	0	0.0000	0	0.0000
group_17095	390	2113	5.4179	14	21.7328	7	21.7328
group_16462	615	5520	8.9756	36	35.4389	18	35.4389
group_17096	264	0	0.0000	0	0.0000	0	0.0000
group_10844	333	0	0.0000	0	0.0000	0	0.0000
group_17098	534	5381	10.0768	37	41.9482	18	40.8144
group_17099	45	0	0.0000	0	0.0000	0	0.0000
group_17100	384	17952	46.7500	124	195.4983	62	195.4983
group_17101	393	12975	33.0153	94	144.8064	47	144.8064
group_17102	942	53775	57.0860	367	235.8673	183	235.2246
group_17103	351	15756	44.8889	108	186.2813	54	186.2813
group_17104	831	30709	36.9543	207	150.8071	103	150.0786
group_17105	231	0	0.0000	0	0.0000	0	0.0000
group_17106	393	299	0.7608	2	3.0810	1	3.0810
group_17107	162	808	4.9877	7	26.1599	3	22.4227
group_17108	729	453	0.6214	3	2.4914	1	1.6609
group_17109	360	1507	4.1861	10	16.8171	5	16.8171
group_17110	324	522	1.6111	4	7.4742	2	7.4742
group_17111	876	7127	8.1358	48	33.1734	24	33.1734
group_17112	333	1720	5.1652	12	21.8167	6	21.8167
group_17113	270	716	2.6519	5	11.2114	2	8.9691
group_17114	330	1330	4.0303	9	16.5113	4	14.6767
group_7464	369	1647	4.4634	11	18.0476	5	16.4069
group_17115	492	4660	9.4715	31	38.1460	15	36.9155
group_17120	1335	69072	51.7393	474	214.9560	237	214.9560
group_17121	1266	302	0.2385	2	0.9564	1	0.9564
group_6978	216	144	0.6667	1	2.8028	0	0.0000
group_17122	1227	90019	73.3651	603	297.5263	301	297.0328
group_2370	762	16721	21.9436	111	88.1902	55	87.3957
group_17124	174	1226	7.0460	9	31.3145	4	27.8351
group_13104	825	7814	9.4715	52	38.1594	26	38.1594
group_17125	513	0	0.0000	0	0.0000	0	0.0000
group_17126	942	0	0.0000	0	0.0000	0	0.0000
group_2567	99	0	0.0000	0	0.0000	0	0.0000
group_3349	447	3115	6.9687	24	32.5055	12	32.5055
group_17136	441	14472	32.8163	95	130.4180	47	129.0452
group_12750	147	0	0.0000	0	0.0000	0	0.0000
group_17137	1275	26862	21.0682	181	85.9451	90	85.4702
group_17138	183	302	1.6503	2	6.6165	1	6.6165
group_17139	93	0	0.0000	0	0.0000	0	0.0000
group_2920	1143	183664	160.6859	1221	646.7285	610	646.1988
group_12820	390	14791	37.9256	102	158.3391	51	158.3391
group_17140	138	240	1.7391	2	8.7741	1	8.7741
group_17141	165	0	0.0000	0	0.0000	0	0.0000
group_17142	531	20578	38.7533	141	160.7597	70	159.6195
group_17143	1068	135807	127.1601	908	514.7154	454	514.7154
group_17151	3939	18245	4.6319	120	18.4437	60	18.4437
group_17152	453	1737	3.8344	12	16.0375	6	16.0375
group_17147	435	604	1.3885	4	5.5670	2	5.5670
group_17149	213	150	0.7042	1	2.8423	0	0.0000
group_17146	381	3392	8.9029	23	36.5473	11	34.9583
group_17145	354	0	0.0000	0	0.0000	0	0.0000
group_17150	273	0	0.0000	0	0.0000	0	0.0000
group_17144	336	1058	3.1488	8	14.4146	4	14.4146
group_17148	171	0	0.0000	0	0.0000	0	0.0000
group_13344	153	395	2.5817	3	11.8709	1	7.9139
group_17153	243	600	2.4691	4	9.9657	2	9.9657
group_17156	1197	8043	6.7193	54	27.3119	27	27.3119
group_17154	372	4021	10.8091	27	43.9413	13	42.3139
group_17174	1113	1057	0.9497	7	3.8076	3	3.2637
group_17159	1710	0	0.0000	0	0.0000	0	0.0000
group_17177	729	2821	3.8697	19	15.7790	9	14.9485
group_17173	1041	3473	3.3362	23	13.3761	11	12.7945
group_17167	879	2558	2.9101	17	11.7088	8	11.0201
group_17183	1377	5706	4.1438	38	16.7071	19	16.7071
group_17184	159	0	0.0000	0	0.0000	0	0.0000
group_17171	546	108	0.1978	2	2.2176	1	2.2176
iscB	1302	1205	0.9255	8	3.7199	4	3.7199
group_17203	336	1115	3.3185	8	14.4146	4	14.4146
group_17202	177	293	1.6554	2	6.8408	1	6.8408
group_17201	570	1767	3.1000	12	12.7456	6	12.7456
group_17191	987	3622	3.6697	25	15.3347	12	14.7213
group_17185	519	1057	2.0366	7	8.1655	3	6.9990
group_17196	312	1126	3.6090	8	15.5234	4	15.5234
group_17186	909	4171	4.5886	28	18.6486	14	18.6486
group_17199	441	1467	3.3265	10	13.7282	5	13.7282
group_17197	663	3209	4.8401	23	21.0023	11	20.0892
group_17194	546	1473	2.6978	10	11.0882	5	11.0882
group_17192	294	345	1.1735	3	6.1777	1	4.1185
group_17212	309	1116	3.6117	8	15.6742	4	15.6742
group_17207	264	732	2.7727	5	11.4662	2	9.1729
group_17198	1632	8574	5.2537	57	21.1450	28	20.7740
group_17211	702	151	0.2151	1	0.8624	0	0.0000
group_17200	333	151	0.4535	1	1.8181	0	0.0000
group_17195	1218	197794	162.3924	1342	667.0491	671	667.0491
group_17204	261	962	3.6858	7	16.2372	3	13.9176
group_17208	315	1337	4.2444	9	17.2975	4	15.3756
group_17205	225	680	3.0222	5	13.4536	2	10.7629
group_17213	1659	85221	51.3689	575	209.8331	287	209.4682
group_17214	639	38768	60.6698	263	249.1767	131	248.2293
group_17215	975	22457	23.0328	150	93.1406	75	93.1406
group_17217	1515	0	0.0000	0	0.0000	0	0.0000
group_17216	1653	52989	32.0563	364	133.3156	182	133.3156
group_17227	930	5961	6.4097	41	26.6903	20	26.0393
group_17226	204	145	0.7108	1	2.9677	0	0.0000
group_17218	222	447	2.0135	3	8.1813	1	5.4542
group_17235	1527	8736	5.7210	58	22.9954	29	22.9954
group_17233	600	100	0.1667	2	2.0180	1	2.0180
group_17231	735	3620	4.9252	24	19.7686	12	19.7686
group_17220	831	5922	7.1264	40	29.1415	20	29.1415
group_17230	240	524	2.1833	4	10.0902	2	10.0902
group_17223	762	5006	6.5696	34	27.0132	17	27.0132
group_17237	1323	1057	0.7989	7	3.2032	3	2.7456
group_17240	564	302	0.5355	2	2.1469	1	2.1469
group_17238	465	666	1.4323	5	6.5098	2	5.2079
group_17239	708	2751	3.8856	21	17.9572	10	17.1021
group_17243	657	0	0.0000	0	0.0000	0	0.0000
group_17244	447	0	0.0000	0	0.0000	0	0.0000
group_17245	198	0	0.0000	0	0.0000	0	0.0000
group_17246	252	873	3.4643	7	16.8171	3	14.4146
group_17247	501	844	1.6846	6	7.2505	3	7.2505
group_17249	525	14044	26.7505	99	114.1638	49	113.0106
group_3405	2382	36491	15.3195	243	61.7614	121	61.5072
group_12867	1152	125535	108.9714	857	450.3819	428	449.8563
group_9956	1443	596	0.4130	4	1.6782	2	1.6782
group_7287	372	0	0.0000	0	0.0000	0	0.0000
group_3954	252	0	0.0000	0	0.0000	0	0.0000
group_7006	624	233	0.3734	2	1.9404	1	1.9404
group_12036	1341	50949	37.9933	347	156.6582	173	156.2068
group_17253	342	453	1.3246	3	5.3107	1	3.5404
group_17254	240	0	0.0000	0	0.0000	0	0.0000
group_17256	333	1510	4.5345	10	18.1806	5	18.1806
group_17255	105	0	0.0000	0	0.0000	0	0.0000
group_7723	939	0	0.0000	0	0.0000	0	0.0000
group_3460	1116	0	0.0000	0	0.0000	0	0.0000
group_17257	1086	453	0.4171	3	1.6724	1	1.1149
group_17258	228	0	0.0000	0	0.0000	0	0.0000
group_17259	135	0	0.0000	0	0.0000	0	0.0000
group_17260	213	0	0.0000	0	0.0000	0	0.0000
group_17261	153	406	2.6536	4	15.8278	2	15.8278
group_17262	114	0	0.0000	0	0.0000	0	0.0000
group_17263	213	0	0.0000	0	0.0000	0	0.0000
group_17264	363	2691	7.4132	18	30.0205	9	30.0205
group_17266	177	149	0.8418	1	3.4204	0	0.0000
group_12505	312	823	2.6378	6	11.6426	3	11.6426
group_17267	1290	0	0.0000	0	0.0000	0	0.0000
group_12622	834	2616	3.1367	18	13.0665	9	13.0665
group_17271	453	10405	22.9691	69	92.2154	34	90.8789
group_17272	183	0	0.0000	0	0.0000	0	0.0000
group_17273	294	3155	10.7313	21	43.2439	10	41.1846
group_17275	1599	7589	4.7461	51	19.3096	25	18.9310
group_17274	498	11113	22.3153	75	91.1768	37	89.9611
group_3760	255	1134	4.4471	8	18.9934	4	18.9934
group_12040	168	0	0.0000	0	0.0000	0	0.0000
group_17276	693	23322	33.6537	159	138.9045	79	138.0309
group_17278	1677	15958	9.5158	106	38.2671	53	38.2671
group_4554	417	4548	10.9065	33	47.9105	16	46.4586
group_17279	195	0	0.0000	0	0.0000	0	0.0000
group_3337	729	4525	6.2071	30	24.9142	15	24.9142
group_13110	525	3472	6.6133	24	27.6761	12	27.6761
group_17281	210	1055	5.0238	7	20.1805	3	17.2975
group_17283	534	5527	10.3502	37	41.9482	18	40.8144
group_17284	108	0	0.0000	0	0.0000	0	0.0000
group_17286	105	0	0.0000	0	0.0000	0	0.0000
group_17287	108	0	0.0000	0	0.0000	0	0.0000
group_17290	891	3193	3.5836	22	14.9485	11	14.9485
group_17293	4008	5947	1.4838	40	6.0421	20	6.0421
group_17294	177	167	0.9435	2	6.8408	1	6.8408
group_17295	762	6787	8.9068	47	37.3418	23	36.5473
group_17296	447	454	1.0157	3	4.0632	1	2.7088
group_17298	264	996	3.7727	7	16.0526	3	13.7594
group_17301	513	2855	5.5653	19	22.4227	9	21.2426
group_17302	264	0	0.0000	0	0.0000	0	0.0000
group_17303	255	4391	17.2196	30	71.2252	15	71.2252
group_17304	246	1557	6.3293	11	27.0714	5	24.6103
group_17305	429	1528	3.5618	10	14.1122	5	14.1122
group_17306	117	0	0.0000	0	0.0000	0	0.0000
group_17308	132	0	0.0000	0	0.0000	0	0.0000
group_17310	123	0	0.0000	0	0.0000	0	0.0000
group_17309	1227	2106	1.7164	14	6.9077	7	6.9077
group_17307	543	1057	1.9466	7	7.8046	3	6.6897
group_10149	573	2867	5.0035	19	20.0748	9	19.0182
group_17311	216	0	0.0000	0	0.0000	0	0.0000
group_17313	627	5229	8.3397	35	33.7950	17	32.8295
group_17314	492	0	0.0000	0	0.0000	0	0.0000
group_17315	201	2085	10.3731	14	42.1681	7	42.1681
group_17317	555	0	0.0000	0	0.0000	0	0.0000
group_17323	213	726	3.4085	6	17.0539	3	17.0539
group_17322	198	1656	8.3636	11	33.6341	5	30.5765
group_17326	444	0	0.0000	0	0.0000	0	0.0000
group_17325	1056	0	0.0000	0	0.0000	0	0.0000
group_2677	270	303	1.1222	2	4.4845	1	4.4845
group_5047	408	5053	12.3848	34	50.4512	17	50.4512
group_17327	108	0	0.0000	0	0.0000	0	0.0000
group_4514	243	226	0.9300	2	4.9828	1	4.9828
group_17328	648	302	0.4660	2	1.8686	1	1.8686
group_17329	264	104	0.3939	2	4.5865	1	4.5865
group_10032	189	212	1.1217	2	6.4065	1	6.4065
group_17331	207	1466	7.0821	10	29.2471	5	29.2471
group_17330	453	10504	23.1876	71	94.8883	35	93.5519
group_4512	243	714	2.9383	5	12.4571	2	9.9657
group_17332	192	1135	5.9115	8	25.2256	4	25.2256
group_4137	249	2823	11.3373	22	53.4904	11	53.4904
group_17333	2058	0	0.0000	0	0.0000	0	0.0000
group_17335	1947	0	0.0000	0	0.0000	0	0.0000
group_17337	237	248	1.0464	4	10.2180	2	10.2180
group_17340	1512	2982	1.9722	20	8.0081	10	8.0081
group_17341	804	604	0.7512	4	3.0120	2	3.0120
group_6405	223	435	1.9507	3	8.1446	1	5.4297
group_17343	273	0	0.0000	0	0.0000	0	0.0000
group_17342	606	0	0.0000	0	0.0000	0	0.0000
group_17345	378	1661	4.3942	11	17.6179	5	16.0162
group_17347	318	0	0.0000	0	0.0000	0	0.0000
group_17348	117	222	1.8974	2	10.3490	1	10.3490
group_17349	492	7352	14.9431	52	63.9869	26	63.9869
group_17353	594	151	0.2542	1	1.0192	0	0.0000
group_17354	111	111	1.0000	2	10.9084	1	10.9084
group_17358	741	907	1.2240	7	5.7192	3	4.9021
group_17359	300	2563	8.5433	17	34.3068	8	32.2888
group_3829	435	0	0.0000	0	0.0000	0	0.0000
group_154	8355	604	0.0723	4	0.2898	2	0.2898
group_4711	1971	0	0.0000	0	0.0000	0	0.0000
group_1942	282	0	0.0000	0	0.0000	0	0.0000
group_17360	315	1208	3.8349	8	15.3756	4	15.3756
group_17361	240	1187	4.9458	8	20.1805	4	20.1805
group_17362	1746	216861	124.2045	1415	490.6420	707	490.2953
group_17363	1401	7405	5.2855	55	23.7671	27	23.3350
group_3213	450	4226	9.3911	29	39.0156	14	37.6702
group_6156	645	12416	19.2496	80	75.0901	40	75.0901
group_14211	1254	26135	20.8413	174	84.0048	87	84.0048
group_6665	633	27104	42.8183	181	173.1121	90	172.1557
group_12811	159	0	0.0000	0	0.0000	0	0.0000
group_4967	285	4604	16.1544	32	67.9763	16	67.9763
group_4167	426	151	0.3545	1	1.4212	0	0.0000
group_10276	339	0	0.0000	0	0.0000	0	0.0000
group_5467	591	520	0.8799	4	4.0976	2	4.0976
group_2707	462	0	0.0000	0	0.0000	0	0.0000
group_5591	1005	302	0.3005	2	1.2048	1	1.2048
group_17364	99	0	0.0000	0	0.0000	0	0.0000
group_17365	330	2247	6.8091	15	27.5188	7	25.6842
group_17367	753	0	0.0000	0	0.0000	0	0.0000
group_280	292	1257	4.3048	11	22.8067	5	20.7334
group_4513	243	0	0.0000	0	0.0000	0	0.0000
group_6888	378	0	0.0000	0	0.0000	0	0.0000
group_14529	1242	302	0.2432	2	0.9749	1	0.9749
group_17368	1392	10940	7.8592	70	30.4447	35	30.4447
group_14942	2994	5452	1.8210	35	7.0773	17	6.8751
group_14939	180	121	0.6722	1	3.3634	0	0.0000
group_14927	945	1246	1.3185	9	5.7658	4	5.1252
group_13352	303	0	0.0000	0	0.0000	0	0.0000
group_12302	165	0	0.0000	0	0.0000	0	0.0000
group_5538	231	188	0.8139	2	5.2417	1	5.2417
group_826	132	851	6.4470	8	36.6918	4	36.6918
group_4681	1044	1787	1.7117	12	6.9588	6	6.9588
group_2678	270	845	3.1296	6	13.4536	3	13.4536
group_4291	246	414	1.6829	3	7.3831	1	4.9221
group_17369	390	604	1.5487	4	6.2094	2	6.2094
group_17371	705	2232	3.1660	15	12.8812	7	12.0224
group_17370	729	6237	8.5556	41	34.0494	20	33.2189
group_3925	708	442	0.6243	4	3.4204	2	3.4204
group_5886	651	0	0.0000	0	0.0000	0	0.0000
group_4557	417	1188	2.8489	9	13.0665	4	11.6147
group_1488	126	0	0.0000	0	0.0000	0	0.0000
group_17372	414	3212	7.7585	22	32.1718	11	32.1718
group_1524	486	440	0.9053	3	3.7371	1	2.4914
group_2942	741	906	1.2227	6	4.9021	3	4.9021
group_6398	387	151	0.3902	1	1.5644	0	0.0000
group_3003	738	963	1.3049	7	5.7424	3	4.9221
group_3141	1131	939	0.8302	7	3.7470	3	3.2117
group_196	138	0	0.0000	0	0.0000	0	0.0000
group_3343	2415	4871	2.0170	51	12.7851	25	12.5345
group_7447	1587	755	0.4757	5	1.9074	2	1.5259
group_3332	789	302	0.3828	2	1.5346	1	1.5346
group_6019	648	703	1.0849	5	4.6714	2	3.7371
group_5539	231	147	0.6364	1	2.6208	0	0.0000
group_4990	486	302	0.6214	2	2.4914	1	2.4914
group_2445	468	151	0.3226	1	1.2936	0	0.0000
group_7943	363	151	0.4160	1	1.6678	0	0.0000
group_3210	2472	1661	0.6719	11	2.6940	5	2.4491
group_2680	270	0	0.0000	0	0.0000	0	0.0000
group_9006	198	151	0.7626	1	3.0576	0	0.0000
group_10038	189	151	0.7989	1	3.2032	0	0.0000
group_6407	222	451	2.0315	3	8.1813	1	5.4542
group_4755	240	0	0.0000	0	0.0000	0	0.0000
group_286	498	408	0.8193	3	3.6471	1	2.4314
group_11535	324	0	0.0000	0	0.0000	0	0.0000
group_13431	519	604	1.1638	4	4.6660	2	4.6660
group_10662	567	453	0.7989	3	3.2032	1	2.1355
group_10373	186	110	0.5914	2	6.5098	1	6.5098
group_16665	162	0	0.0000	0	0.0000	0	0.0000
group_16664	1161	1208	1.0405	8	4.1717	4	4.1717
group_7434	615	3029	4.9252	20	19.6883	10	19.6883
group_7207	1608	1331	0.8277	9	3.3885	4	3.0120
group_9309	585	302	0.5162	2	2.0698	1	2.0698
group_9008	198	0	0.0000	0	0.0000	0	0.0000
group_7598	1575	407	0.2584	3	1.1532	1	0.7688
group_9038	912	906	0.9934	6	3.9830	3	3.9830
group_193	138	0	0.0000	0	0.0000	0	0.0000
group_11764	171	450	2.6316	3	10.6213	1	7.0809
group_8638	201	0	0.0000	0	0.0000	0	0.0000
group_17373	423	4021	9.5059	31	44.3684	15	42.9372
group_13356	303	0	0.0000	0	0.0000	0	0.0000
group_17376	1032	15880	15.3876	110	64.5306	55	64.5306
group_17375	453	1054	2.3267	8	10.6916	4	10.6916
group_17374	732	5970	8.1557	41	33.9098	20	33.0827
group_17377	1170	10313	8.8145	67	34.6690	33	34.1516
group_4139	249	405	1.6265	4	9.7255	2	9.7255
group_11765	171	194	1.1345	2	7.0809	1	7.0809
group_829	132	0	0.0000	0	0.0000	0	0.0000
group_10850	876	302	0.3447	2	1.3822	1	1.3822
group_3599	441	0	0.0000	0	0.0000	0	0.0000
group_8495	1518	0	0.0000	0	0.0000	0	0.0000
group_9148	1488	0	0.0000	0	0.0000	0	0.0000
group_9879	894	0	0.0000	0	0.0000	0	0.0000
group_11109	870	0	0.0000	0	0.0000	0	0.0000
group_13609	516	0	0.0000	0	0.0000	0	0.0000
group_732	288	902	3.1319	7	14.7149	3	12.6128
group_3223	2469	0	0.0000	0	0.0000	0	0.0000
group_13933	147	0	0.0000	0	0.0000	0	0.0000
group_6015	648	0	0.0000	0	0.0000	0	0.0000
group_3995	207	387	1.8696	4	11.6988	2	11.6988
group_1161	129	0	0.0000	0	0.0000	0	0.0000
group_6408	222	0	0.0000	0	0.0000	0	0.0000
group_14200	144	109	0.7569	2	8.4085	1	8.4085
group_11791	321	151	0.4704	1	1.8860	0	0.0000
group_12367	840	0	0.0000	0	0.0000	0	0.0000
group_5831	228	0	0.0000	0	0.0000	0	0.0000
group_12303	165	0	0.0000	0	0.0000	0	0.0000
group_13697	300	0	0.0000	0	0.0000	0	0.0000
group_6147	225	0	0.0000	0	0.0000	0	0.0000
group_5808	396	0	0.0000	0	0.0000	0	0.0000
group_4843	411	0	0.0000	0	0.0000	0	0.0000
group_9693	192	0	0.0000	0	0.0000	0	0.0000
group_4515	243	1878	7.7284	14	34.8798	7	34.8798
group_6553	384	301	0.7839	2	3.1532	1	3.1532
group_5628	657	1711	2.6043	12	11.0578	6	11.0578
group_12744	1311	0	0.0000	0	0.0000	0	0.0000
group_14033	1260	1480	1.1746	10	4.8049	5	4.8049
group_5448	1833	1501	0.8189	10	3.3029	5	3.3029
group_12799	1308	1449	1.1078	10	4.6285	5	4.6285
group_2888	267	1502	5.6255	11	24.9422	5	22.6747
group_5048	408	4162	10.2010	29	43.0319	14	41.5480
group_17378	273	175	0.6410	2	4.4353	1	4.4353
group_17381	705	983	1.3943	7	6.0112	3	5.1525
group_17382	468	0	0.0000	0	0.0000	0	0.0000
group_17379	312	0	0.0000	0	0.0000	0	0.0000
group_17380	288	0	0.0000	0	0.0000	0	0.0000
group_17383	2244	0	0.0000	0	0.0000	0	0.0000
group_11834	546	0	0.0000	0	0.0000	0	0.0000
group_1181	489	0	0.0000	0	0.0000	0	0.0000
group_4261	423	0	0.0000	0	0.0000	0	0.0000
group_2835	2688	0	0.0000	0	0.0000	0	0.0000
group_10983	180	0	0.0000	0	0.0000	0	0.0000
group_2137	1188	0	0.0000	0	0.0000	0	0.0000
group_3762	255	298	1.1686	2	4.7483	1	4.7483
group_9696	192	0	0.0000	0	0.0000	0	0.0000
group_3500	2349	0	0.0000	0	0.0000	0	0.0000
group_17384	396	256	0.6465	2	3.0576	1	3.0576
group_12511	312	0	0.0000	0	0.0000	0	0.0000
group_2422	105	0	0.0000	0	0.0000	0	0.0000
group_7957	207	0	0.0000	0	0.0000	0	0.0000
group_3464	1116	0	0.0000	0	0.0000	0	0.0000
group_3005	738	0	0.0000	0	0.0000	0	0.0000
group_10694	183	0	0.0000	0	0.0000	0	0.0000
group_11496	174	299	1.7184	3	10.4382	1	6.9588
group_6554	384	0	0.0000	0	0.0000	0	0.0000
group_13606	516	728	1.4109	5	5.8664	2	4.6931
group_17386	1608	1070	0.6654	8	3.0120	4	3.0120
group_17385	747	11579	15.5007	77	62.4055	38	61.5950
group_17387	1491	34489	23.1315	235	95.4207	117	95.0147
group_3420	1119	5021	4.4870	35	18.9361	17	18.3951
group_3480	444	453	1.0203	3	4.0906	1	2.7271
group_10376	186	772	4.1505	6	19.5295	3	19.5295
group_4951	129	0	0.0000	0	0.0000	0	0.0000
group_2188	114	0	0.0000	0	0.0000	0	0.0000
group_13671	150	0	0.0000	0	0.0000	0	0.0000
group_12389	537	0	0.0000	0	0.0000	0	0.0000
group_476	792	1209	1.5265	9	6.8797	4	6.1153
group_4966	1029	453	0.4402	3	1.7651	1	1.1767
group_17388	270	185	0.6852	2	4.4845	1	4.4845
group_12304	165	954	5.7818	7	25.6842	3	22.0151
group_17389	201	0	0.0000	0	0.0000	0	0.0000
group_17390	204	0	0.0000	0	0.0000	0	0.0000
group_5833	228	1796	7.8772	13	34.5192	6	31.8639
group_2702	750	0	0.0000	0	0.0000	0	0.0000
group_5267	234	826	3.5299	6	15.5234	3	15.5234
group_14463	141	271	1.9220	3	12.8812	1	8.5874
group_2103	279	0	0.0000	0	0.0000	0	0.0000
group_3546	258	1305	5.0581	10	23.4657	5	23.4657
group_2096	117	0	0.0000	0	0.0000	0	0.0000
group_17396	624	0	0.0000	0	0.0000	0	0.0000
group_17391	111	0	0.0000	0	0.0000	0	0.0000
group_17397	342	0	0.0000	0	0.0000	0	0.0000
group_17392	186	0	0.0000	0	0.0000	0	0.0000
group_17399	108	0	0.0000	0	0.0000	0	0.0000
group_17393	204	302	1.4804	2	5.9354	1	5.9354
group_17395	324	0	0.0000	0	0.0000	0	0.0000
group_17398	267	589	2.2060	4	9.0699	2	9.0699
group_17394	156	0	0.0000	0	0.0000	0	0.0000
group_17400	747	10175	13.6212	73	59.1636	36	58.3532
group_17401	264	154	0.5833	2	4.5865	1	4.5865
group_6150	225	0	0.0000	0	0.0000	0	0.0000
group_13364	819	0	0.0000	0	0.0000	0	0.0000
group_8139	930	1057	1.1366	7	4.5569	3	3.9059
group_2189	114	0	0.0000	0	0.0000	0	0.0000
group_4053	429	0	0.0000	0	0.0000	0	0.0000
group_8837	354	0	0.0000	0	0.0000	0	0.0000
group_3613	2307	151	0.0655	1	0.2624	0	0.0000
group_2818	459	1963	4.2767	13	17.1468	6	15.8278
group_10847	333	0	0.0000	0	0.0000	0	0.0000
group_17403	1446	10879	7.5235	73	30.5638	36	30.1451
group_17402	216	151	0.6991	1	2.8028	0	0.0000
group_17404	789	8698	11.0241	59	45.2718	29	44.5045
group_11686	549	298	0.5428	2	2.2055	1	2.2055
group_17405	6531	10115	1.5488	67	6.2108	33	6.1181
group_9698	192	0	0.0000	0	0.0000	0	0.0000
group_2424	105	0	0.0000	0	0.0000	0	0.0000
group_5542	231	0	0.0000	0	0.0000	0	0.0000
group_1791	123	0	0.0000	0	0.0000	0	0.0000
group_12572	162	0	0.0000	0	0.0000	0	0.0000
group_5885	1761	0	0.0000	0	0.0000	0	0.0000
group_17408	141	0	0.0000	0	0.0000	0	0.0000
group_17406	552	0	0.0000	0	0.0000	0	0.0000
group_17407	4719	0	0.0000	0	0.0000	0	0.0000
group_9513	582	0	0.0000	0	0.0000	0	0.0000
group_7956	363	0	0.0000	0	0.0000	0	0.0000
group_10384	186	284	1.5269	2	6.5098	1	6.5098
group_10383	186	0	0.0000	0	0.0000	0	0.0000
group_11768	171	0	0.0000	0	0.0000	0	0.0000
group_5786	999	20873	20.8939	138	83.6308	69	83.6308
group_17409	678	19661	28.9985	133	118.7612	66	117.8682
group_17411	345	431	1.2493	3	5.2645	1	3.5096
group_17410	264	658	2.4924	5	11.4662	2	9.1729
group_17413	711	5986	8.4191	41	34.9114	20	34.0599
group_17412	921	9427	10.2356	64	42.0700	32	42.0700
group_17414	1533	40222	26.2374	274	108.2084	137	108.2084
group_17416	375	0	0.0000	0	0.0000	0	0.0000
group_4294	246	1818	7.3902	14	34.4545	7	34.4545
group_6033	354	302	0.8531	2	3.4204	1	3.4204
group_13673	150	0	0.0000	0	0.0000	0	0.0000
group_6987	216	0	0.0000	0	0.0000	0	0.0000
group_4811	678	0	0.0000	0	0.0000	0	0.0000
group_5543	231	0	0.0000	0	0.0000	0	0.0000
group_12812	309	147	0.4757	1	1.9593	0	0.0000
group_2481	273	0	0.0000	0	0.0000	0	0.0000
group_5270	234	0	0.0000	0	0.0000	0	0.0000
group_7959	207	551	2.6618	5	14.6235	2	11.6988
group_14466	141	0	0.0000	0	0.0000	0	0.0000
group_14467	141	0	0.0000	0	0.0000	0	0.0000
group_2569	99	0	0.0000	0	0.0000	0	0.0000
group_13610	516	0	0.0000	0	0.0000	0	0.0000
group_918	786	0	0.0000	0	0.0000	0	0.0000
group_12988	828	0	0.0000	0	0.0000	0	0.0000
group_11793	321	0	0.0000	0	0.0000	0	0.0000
group_10959	1392	0	0.0000	0	0.0000	0	0.0000
group_4456	2040	0	0.0000	0	0.0000	0	0.0000
group_13434	519	0	0.0000	0	0.0000	0	0.0000
group_9384	348	0	0.0000	0	0.0000	0	0.0000
group_3348	261	0	0.0000	0	0.0000	0	0.0000
group_9966	342	0	0.0000	0	0.0000	0	0.0000
group_3216	450	0	0.0000	0	0.0000	0	0.0000
group_3079	453	4407	9.7285	31	41.4301	15	40.0937
group_2097	117	0	0.0000	0	0.0000	0	0.0000
group_3958	252	0	0.0000	0	0.0000	0	0.0000
group_14452	294	0	0.0000	0	0.0000	0	0.0000
group_12043	168	0	0.0000	0	0.0000	0	0.0000
group_199	138	0	0.0000	0	0.0000	0	0.0000
group_16876	1062	0	0.0000	0	0.0000	0	0.0000
group_4558	417	151	0.3621	1	1.4518	0	0.0000
group_1166	129	158	1.2248	2	9.3863	1	9.3863
group_17419	1071	4418	4.1251	30	16.9584	15	16.9584
group_17417	1212	30234	24.9455	201	100.4028	100	99.9033
group_17418	699	1186	1.6967	8	6.9289	4	6.9289
group_6727	219	4036	18.4292	27	74.6401	13	71.8756
group_6411	222	0	0.0000	0	0.0000	0	0.0000
group_1497	126	0	0.0000	0	0.0000	0	0.0000
group_5834	228	0	0.0000	0	0.0000	0	0.0000
group_5271	234	0	0.0000	0	0.0000	0	0.0000
group_6556	384	298	0.7760	2	3.1532	1	3.1532
group_12306	165	1470	8.9091	16	58.7068	8	58.7068
group_2685	270	0	0.0000	0	0.0000	0	0.0000
group_2105	279	0	0.0000	0	0.0000	0	0.0000
group_13698	300	0	0.0000	0	0.0000	0	0.0000
group_8299	204	0	0.0000	0	0.0000	0	0.0000
group_7605	210	0	0.0000	0	0.0000	0	0.0000
group_13676	150	0	0.0000	0	0.0000	0	0.0000
group_742	288	247	0.8576	3	6.3064	1	4.2043
group_1947	282	0	0.0000	0	0.0000	0	0.0000
group_8298	204	0	0.0000	0	0.0000	0	0.0000
group_2493	102	0	0.0000	0	0.0000	0	0.0000
group_12307	165	0	0.0000	0	0.0000	0	0.0000
group_4295	246	188	0.7642	2	4.9221	1	4.9221
group_3835	435	252	0.5793	2	2.7835	1	2.7835
group_13248	822	0	0.0000	0	0.0000	0	0.0000
group_17421	291	0	0.0000	0	0.0000	0	0.0000
group_17422	342	0	0.0000	0	0.0000	0	0.0000
group_5835	228	0	0.0000	0	0.0000	0	0.0000
group_4560	417	0	0.0000	0	0.0000	0	0.0000
group_17427	4191	4228	1.0088	28	4.0448	14	4.0448
group_17426	2223	6961	3.1314	46	12.5277	23	12.5277
group_17425	540	5537	10.2537	38	42.6032	19	42.6032
group_7961	207	114	0.5507	1	2.9247	0	0.0000
group_11769	171	0	0.0000	0	0.0000	0	0.0000
group_3766	255	304	1.1922	2	4.7483	1	4.7483
group_9015	198	0	0.0000	0	0.0000	0	0.0000
group_13061	306	852	2.7843	7	13.8493	3	11.8709
group_13348	153	0	0.0000	0	0.0000	0	0.0000
group_17428	210	0	0.0000	0	0.0000	0	0.0000
group_17429	333	0	0.0000	0	0.0000	0	0.0000
group_11795	321	0	0.0000	0	0.0000	0	0.0000
group_9388	348	2109	6.0603	14	24.3557	7	24.3557
group_17432	390	746	1.9128	6	9.3141	3	9.3141
group_17430	1773	4530	2.5550	30	10.2439	15	10.2439
group_17433	900	16984	18.8711	114	76.6858	57	76.6858
group_17431	360	1272	3.5333	10	16.8171	5	16.8171
group_7962	207	289	1.3961	3	8.7741	1	5.8494
group_17434	549	0	0.0000	0	0.0000	0	0.0000
group_17435	426	14026	32.9249	99	140.6948	49	139.2737
group_17436	666	18767	28.1787	126	114.5378	63	114.5378
group_17437	162	0	0.0000	0	0.0000	0	0.0000
group_12044	168	185	1.1012	2	7.2073	1	7.2073
group_17439	618	39951	64.6456	275	269.3995	137	268.4199
group_17442	687	59419	86.4905	407	358.6660	203	357.7848
group_17444	804	9028	11.2289	55	41.4151	27	40.6621
group_9703	192	1359	7.0781	9	28.3788	4	25.2256
group_17446	183	302	1.6503	2	6.6165	1	6.6165
group_17448	1119	3022	2.7006	20	10.8206	10	10.8206
group_17447	627	4602	7.3397	32	30.8983	16	30.8983
group_6412	222	294	1.3243	3	8.1813	1	5.4542
group_10040	189	0	0.0000	0	0.0000	0	0.0000
group_17449	1059	0	0.0000	0	0.0000	0	0.0000
group_17450	156	0	0.0000	0	0.0000	0	0.0000
group_16605	2064	3018	1.4622	20	5.8664	10	5.8664
group_16610	627	604	0.9633	4	3.8623	2	3.8623
group_17461	189	0	0.0000	0	0.0000	0	0.0000
group_12814	159	0	0.0000	0	0.0000	0	0.0000
group_10281	339	1045	3.0826	8	14.2871	4	14.2871
group_1532	486	0	0.0000	0	0.0000	0	0.0000
group_17468	336	0	0.0000	0	0.0000	0	0.0000
group_17467	309	0	0.0000	0	0.0000	0	0.0000
group_17470	738	3626	4.9133	25	20.5086	12	19.6883
rPT1	573	0	0.0000	0	0.0000	0	0.0000
group_4170	426	0	0.0000	0	0.0000	0	0.0000
group_12815	309	0	0.0000	0	0.0000	0	0.0000
group_5248	405	0	0.0000	0	0.0000	0	0.0000
group_244	795	5166	6.4981	35	26.6535	17	25.8919
group_17471	213	169	0.7934	2	5.6846	1	5.6846
group_17473	420	756	1.8000	8	11.5317	4	11.5317
group_10044	189	895	4.7354	6	19.2195	3	19.2195
group_13094	156	0	0.0000	0	0.0000	0	0.0000
group_17474	150	0	0.0000	0	0.0000	0	0.0000
group_17475	690	0	0.0000	0	0.0000	0	0.0000
group_8304	204	10051	49.2696	72	213.6756	36	213.6756
group_17476	171	0	0.0000	0	0.0000	0	0.0000
group_2100	117	0	0.0000	0	0.0000	0	0.0000
group_17477	135	0	0.0000	0	0.0000	0	0.0000
group_17478	96	134	1.3958	2	12.6128	1	12.6128
group_17479	162	0	0.0000	0	0.0000	0	0.0000
group_4561	417	0	0.0000	0	0.0000	0	0.0000
group_8251	360	0	0.0000	0	0.0000	0	0.0000
group_14471	141	0	0.0000	0	0.0000	0	0.0000
group_2440	1173	755	0.6436	5	2.5806	2	2.0645
group_17480	345	1157	3.3536	12	21.0579	6	21.0579
group_8648	201	402	2.0000	2	6.0240	1	6.0240
group_17481	900	30877	34.3078	205	137.8999	102	137.2272
group_1906	1197	42776	35.7360	286	144.6520	143	144.6520
group_7951	363	4117	11.3416	28	46.6986	14	46.6986
group_2425	105	72	0.6857	1	5.7658	0	0.0000
group_17482	273	2196	8.0440	15	33.2645	7	31.0469
group_17484	225	0	0.0000	0	0.0000	0	0.0000
group_17486	93	140	1.5054	2	13.0197	1	13.0197
group_11804	321	1746	5.4393	12	22.6323	6	22.6323
group_3768	255	2517	9.8706	17	40.3609	8	37.9868
group_17487	426	0	0.0000	0	0.0000	0	0.0000
group_17488	534	0	0.0000	0	0.0000	0	0.0000
group_17452	1077	62587	58.1123	422	237.2189	211	237.2189
group_17453	426	12209	28.6596	85	120.7986	42	119.3774
group_4055	429	10695	24.9301	72	101.6080	36	101.6080
group_834	132	0	0.0000	0	0.0000	0	0.0000
group_13462	762	1008	1.3228	7	5.5615	3	4.7670
group_13109	525	0	0.0000	0	0.0000	0	0.0000
group_17490	978	0	0.0000	0	0.0000	0	0.0000
group_13856	1266	97929	77.3531	652	311.7931	326	311.7931
group_17491	162	0	0.0000	0	0.0000	0	0.0000
group_17493	93	0	0.0000	0	0.0000	0	0.0000
group_17494	174	0	0.0000	0	0.0000	0	0.0000
group_17495	432	7136	16.5185	50	70.0711	25	70.0711
group_17497	153	513	3.3529	4	15.8278	2	15.8278
group_17498	198	1926	9.7273	16	48.9224	8	48.9224
group_17499	438	0	0.0000	0	0.0000	0	0.0000
group_9685	579	300	0.5181	2	2.0912	1	2.0912
group_17500	1788	45724	25.5727	304	102.9339	152	102.9339
group_17501	543	16044	29.5470	115	128.2185	57	127.1035
group_17503	360	9072	25.2000	62	104.2658	31	104.2658
group_17504	312	527	1.6891	7	13.5830	3	11.6426
group_17505	1833	4214	2.2990	31	10.2389	15	9.9086
group_8306	204	593	2.9069	4	11.8709	2	11.8709
group_17506	226	1661	7.3496	11	29.4671	5	26.7882
group_17507	1680	101915	60.6637	682	245.7693	341	245.7693
group_17508	180	12811	71.1722	88	295.9802	44	295.9802
group_1950	282	3813	13.5213	27	57.9652	13	55.8183
group_8418	597	1212	2.0302	8	8.1128	4	8.1128
group_17511	204	0	0.0000	0	0.0000	0	0.0000
group_3222	732	3556	4.8579	24	19.8496	12	19.8496
group_4297	246	0	0.0000	0	0.0000	0	0.0000
group_204	138	0	0.0000	0	0.0000	0	0.0000
group_11383	1371	10463	7.6317	76	33.5605	38	33.5605
group_6792	630	0	0.0000	0	0.0000	0	0.0000
group_11032	561	0	0.0000	0	0.0000	0	0.0000
group_13095	156	0	0.0000	0	0.0000	0	0.0000
group_6020	648	0	0.0000	0	0.0000	0	0.0000
group_17443	1158	165360	142.7979	1120	585.5473	560	585.5473
group_17512	1044	9090	8.7069	68	39.4331	34	39.4331
group_17513	273	0	0.0000	0	0.0000	0	0.0000
group_17514	153	0	0.0000	0	0.0000	0	0.0000
group_13099	156	307	1.9679	3	11.6426	1	7.7617
group_7611	210	641	3.0524	6	17.2975	3	17.2975
group_17516	183	0	0.0000	0	0.0000	0	0.0000
group_17518	165	0	0.0000	0	0.0000	0	0.0000
group_4385	420	0	0.0000	0	0.0000	0	0.0000
group_10589	336	0	0.0000	0	0.0000	0	0.0000
group_8652	201	7081	35.2289	49	147.5885	24	144.5765
group_17524	378	9450	25.0000	68	108.9105	34	108.9105
group_17522	564	0	0.0000	0	0.0000	0	0.0000
group_17523	825	0	0.0000	0	0.0000	0	0.0000
group_2690	270	3164	11.7185	27	60.5414	13	58.2991
group_2483	273	0	0.0000	0	0.0000	0	0.0000
group_12576	162	0	0.0000	0	0.0000	0	0.0000
group_14007	510	235	0.4608	2	2.3742	1	2.3742
group_2101	117	0	0.0000	0	0.0000	0	0.0000
group_12580	162	0	0.0000	0	0.0000	0	0.0000
group_6648	972	2718	2.7963	18	11.2114	9	11.2114
group_10703	184	0	0.0000	0	0.0000	0	0.0000
group_12048	168	790	4.7024	6	21.6219	3	21.6219
group_17529	465	12317	26.4882	82	106.7612	41	106.7612
group_17526	162	0	0.0000	0	0.0000	0	0.0000
group_17533	441	4537	10.2880	34	46.6759	17	46.6759
group_17532	291	1266	4.3505	9	18.7241	4	16.6437
group_7964	207	0	0.0000	0	0.0000	0	0.0000
group_17534	184	114	0.6196	2	6.5806	1	6.5806
group_17536	1998	26806	13.4164	174	52.7238	87	52.7238
group_17537	270	302	1.1185	2	4.4845	1	4.4845
group_16752	489	151	0.3088	1	1.2381	0	0.0000
group_12584	162	0	0.0000	0	0.0000	0	0.0000
group_17538	540	12939	23.9611	87	97.5389	43	96.4178
group_17539	606	1582	2.6106	11	10.9894	5	9.9903
group_17540	132	0	0.0000	0	0.0000	0	0.0000
group_17541	2358	11230	4.7625	64	16.4319	32	16.4319
group_5889	651	9081	13.9493	60	55.7985	30	55.7985
group_13101	156	542	3.4744	4	15.5234	2	15.5234
group_12583	162	0	0.0000	0	0.0000	0	0.0000
group_17544	339	6002	17.7050	41	73.2212	20	71.4353
group_288	291	697	2.3952	5	10.4023	2	8.3218
group_17546	258	1354	5.2481	9	21.1191	4	18.7725
group_17547	318	1944	6.1132	18	34.2687	9	34.2687
group_17548	432	0	0.0000	0	0.0000	0	0.0000
group_1492	126	0	0.0000	0	0.0000	0	0.0000
group_13365	303	0	0.0000	0	0.0000	0	0.0000
group_14456	294	12571	42.7585	87	179.1532	43	177.0939
group_2190	768	26437	34.4232	178	140.3173	89	140.3173
group_14462	294	453	1.5408	3	6.1777	1	4.1185
group_1365	285	754	2.6456	5	10.6213	2	8.4970
group_2765	81	0	0.0000	0	0.0000	0	0.0000
group_5023	237	604	2.5485	4	10.2180	2	10.2180
group_6401	387	1510	3.9018	10	15.6438	5	15.6438
group_17549	267	441	1.6517	3	6.8024	1	4.5349
group_4298	246	122	0.4959	2	4.9221	1	4.9221
group_17550	567	151	0.2663	1	1.0677	0	0.0000
group_17551	420	13781	32.8119	95	136.9389	47	135.4974
group_17157	1089	2551	2.3425	18	10.0068	9	10.0068
group_17161	1029	2695	2.6190	19	11.1787	9	10.5903
group_17158	402	737	1.8333	5	7.5300	2	6.0240
group_17179	2724	11397	4.1839	76	16.8911	38	16.8911
group_17206	2028	8109	3.9985	54	16.1205	27	16.1205
group_17189	807	3964	4.9120	27	20.2555	13	19.5053
group_17552	120	0	0.0000	0	0.0000	0	0.0000
group_17553	129	0	0.0000	0	0.0000	0	0.0000
group_17178	996	2540	2.5502	18	10.9412	9	10.9412
group_17554	99	0	0.0000	0	0.0000	0	0.0000
group_17555	405	604	1.4914	4	5.9794	2	5.9794
group_17556	279	2654	9.5125	18	39.0590	9	39.0590
group_15850	165	0	0.0000	0	0.0000	0	0.0000
group_17557	219	453	2.0685	3	8.2933	1	5.5289
group_17558	252	0	0.0000	0	0.0000	0	0.0000
group_2808	498	0	0.0000	0	0.0000	0	0.0000
group_17559	189	0	0.0000	0	0.0000	0	0.0000
group_14920	312	0	0.0000	0	0.0000	0	0.0000
group_17560	252	0	0.0000	0	0.0000	0	0.0000
group_17561	243	0	0.0000	0	0.0000	0	0.0000
group_17562	888	1950	2.1959	14	9.5448	7	9.5448
group_3837	435	0	0.0000	0	0.0000	0	0.0000
group_17563	795	0	0.0000	0	0.0000	0	0.0000
group_17567	576	0	0.0000	0	0.0000	0	0.0000
group_17566	1995	302	0.1514	2	0.6069	1	0.6069
group_17564	630	2372	3.7651	16	15.3756	8	15.3756
group_17565	1455	2964	2.0371	22	9.1540	11	9.1540
group_10054	891	0	0.0000	0	0.0000	0	0.0000
group_6562	384	0	0.0000	0	0.0000	0	0.0000
group_2802	747	604	0.8086	4	3.2418	2	3.2418
group_13370	819	0	0.0000	0	0.0000	0	0.0000
group_4360	132	0	0.0000	0	0.0000	0	0.0000
group_17568	1389	302	0.2174	2	0.8717	1	0.8717
group_1998	3369	6411	1.9029	43	7.7272	21	7.5475
group_17571	1026	36586	35.6589	243	143.3876	121	142.7975
group_17572	1344	0	0.0000	0	0.0000	0	0.0000
group_17569	375	0	0.0000	0	0.0000	0	0.0000
group_17570	1461	0	0.0000	0	0.0000	0	0.0000
group_6022	648	0	0.0000	0	0.0000	0	0.0000
group_7573	1578	0	0.0000	0	0.0000	0	0.0000
group_17573	351	453	1.2906	3	5.1745	1	3.4497
group_17574	264	3414	12.9318	25	57.3309	12	55.0376
group_17575	165	563	3.4121	6	22.0151	3	22.0151
group_17578	777	755	0.9717	5	3.8958	2	3.1167
group_17576	1083	1208	1.1154	8	4.4721	4	4.4721
group_17579	162	96	0.5926	1	3.7371	0	0.0000
group_17577	126	0	0.0000	0	0.0000	0	0.0000
group_17580	255	608	2.3843	4	9.4967	2	9.4967
group_17581	1206	16581	13.7488	111	55.7222	55	55.2202
group_11222	177	0	0.0000	0	0.0000	0	0.0000
group_17582	204	0	0.0000	0	0.0000	0	0.0000
group_1368	285	151	0.5298	1	2.1243	0	0.0000
group_17583	213	0	0.0000	0	0.0000	0	0.0000
group_9025	198	0	0.0000	0	0.0000	0	0.0000
group_2770	54	0	0.0000	0	0.0000	0	0.0000
group_9392	195	0	0.0000	0	0.0000	0	0.0000
group_4146	249	759	3.0482	5	12.1569	2	9.7255
group_15977	186	0	0.0000	0	0.0000	0	0.0000
group_10854	333	546	1.6396	4	7.2722	2	7.2722
group_17585	126	0	0.0000	0	0.0000	0	0.0000
group_17586	243	0	0.0000	0	0.0000	0	0.0000
group_17587	489	2010	4.1104	10	12.3807	5	12.3807
group_17588	225	300	1.3333	2	5.3815	1	5.3815
group_8255	360	0	0.0000	0	0.0000	0	0.0000
group_17589	603	0	0.0000	0	0.0000	0	0.0000
group_13261	522	3781	7.2433	26	30.1547	13	30.1547
group_17590	174	0	0.0000	0	0.0000	0	0.0000
group_17591	264	858	3.2500	6	13.7594	3	13.7594
group_17592	444	151	0.3401	1	1.3635	0	0.0000
group_2385	1176	0	0.0000	0	0.0000	0	0.0000
group_6807	966	0	0.0000	0	0.0000	0	0.0000
group_8311	204	0	0.0000	0	0.0000	0	0.0000
group_17593	291	0	0.0000	0	0.0000	0	0.0000
group_17594	1284	0	0.0000	0	0.0000	0	0.0000
group_17595	228	504	2.2105	4	10.6213	2	10.6213
group_708	789	303	0.3840	2	1.5346	1	1.5346
group_7178	621	302	0.4863	2	1.9498	1	1.9498
group_11779	171	0	0.0000	0	0.0000	0	0.0000
group_6164	645	302	0.4682	2	1.8773	1	1.8773
group_3527	1113	151	0.1357	1	0.5439	0	0.0000
group_2769	1155	0	0.0000	0	0.0000	0	0.0000
group_17596	726	0	0.0000	0	0.0000	0	0.0000
group_17597	504	0	0.0000	0	0.0000	0	0.0000
group_17598	150	0	0.0000	0	0.0000	0	0.0000
group_7516	1581	4668	2.9526	31	11.8709	15	11.4879
group_11971	1155	2382	2.0623	16	8.3867	8	8.3867
group_4414	171	80	0.4678	1	3.5404	0	0.0000
group_4416	399	151	0.3784	1	1.5173	0	0.0000
group_706	210	0	0.0000	0	0.0000	0	0.0000
group_788	1218	453	0.3719	3	1.4912	1	0.9941
group_17599	261	302	1.1571	2	4.6392	1	4.6392
group_17600	321	430	1.3396	4	7.5441	2	7.5441
group_17601	1488	2994	2.0121	20	8.1373	10	8.1373
group_17602	327	151	0.4618	1	1.8514	0	0.0000
group_17603	213	146	0.6854	1	2.8423	0	0.0000
group_17604	231	0	0.0000	0	0.0000	0	0.0000
group_17605	564	0	0.0000	0	0.0000	0	0.0000
group_17606	219	151	0.6895	1	2.7644	0	0.0000
group_17607	159	506	3.1824	4	15.2305	2	15.2305
group_17608	870	14778	16.9862	103	71.6755	51	70.9796
group_17610	1416	23519	16.6095	157	67.1257	78	66.6982
group_17615	126	0	0.0000	0	0.0000	0	0.0000
group_17616	129	0	0.0000	0	0.0000	0	0.0000
group_872	174	453	2.6034	3	10.4382	1	6.9588
group_17617	165	0	0.0000	0	0.0000	0	0.0000
group_17618	108	0	0.0000	0	0.0000	0	0.0000
group_2332	471	12840	27.2611	89	114.3988	44	113.1135
group_17619	165	828	5.0182	7	25.6842	3	22.0151
group_17620	93	247	2.6559	3	19.5295	1	13.0197
group_12243	843	8885	10.5397	61	43.8081	30	43.0900
group_17621	528	10230	19.3750	72	82.5565	36	82.5565
group_17622	237	156	0.6582	1	2.5545	0	0.0000
group_17623	945	24021	25.4190	161	103.1446	80	102.5040
group_17625	921	20153	21.8817	138	90.7135	69	90.7135
group_17624	222	847	3.8153	6	16.3625	3	16.3625
group_17627	108	172	1.5926	2	11.2114	1	11.2114
group_17626	918	4809	5.2386	32	21.1038	16	21.1038
group_17628	1056	29906	28.3201	202	115.8084	101	115.8084
group_17630	1449	0	0.0000	0	0.0000	0	0.0000
group_1800	123	0	0.0000	0	0.0000	0	0.0000
group_17632	459	151	0.3290	1	1.3190	0	0.0000
group_1139	1197	57604	48.1236	391	197.7585	195	197.2527
group_17633	273	0	0.0000	0	0.0000	0	0.0000
group_17636	621	6303	10.1498	45	43.8706	22	42.8957
group_17635	1542	33441	21.6868	223	87.5534	111	87.1608
group_17637	345	837	2.4261	5	8.7741	2	7.0193
group_3354	261	1193	4.5709	8	18.5568	4	18.5568
group_17638	195	0	0.0000	0	0.0000	0	0.0000
group_2334	471	4764	10.1146	32	41.1322	16	41.1322
group_17639	883	23933	27.1042	159	109.0157	79	108.3300
group_17640	438	1658	3.7854	11	15.2045	5	13.8222
group_17641	186	256	1.3763	2	6.5098	1	6.5098
group_17642	127	0	0.0000	0	0.0000	0	0.0000
group_17643	171	0	0.0000	0	0.0000	0	0.0000
group_17644	102	392	3.8431	6	35.6126	3	35.6126
group_17645	120	0	0.0000	0	0.0000	0	0.0000
group_17646	123	0	0.0000	0	0.0000	0	0.0000
group_17648	264	0	0.0000	0	0.0000	0	0.0000
group_17650	2100	1661	0.7910	11	3.1712	5	2.8829
group_17651	471	2801	5.9469	18	23.1368	9	23.1368
group_3552	258	219	0.8488	2	4.6931	1	4.6931
group_6419	226	421	1.8628	4	10.7153	2	10.7153
group_17652	273	980	3.5897	6	13.3058	3	13.3058
group_17653	174	635	3.6494	5	17.3970	2	13.9176
group_17654	825	10078	12.2158	68	49.9008	34	49.9008
group_17655	333	6096	18.3063	48	87.2669	24	87.2669
group_17656	927	531	0.5728	4	2.6124	2	2.6124
group_17657	219	1050	4.7945	7	19.3511	3	16.5867
group_17658	288	0	0.0000	0	0.0000	0	0.0000
group_17659	327	7025	21.4832	48	88.8681	24	88.8681
group_17660	1425	19734	13.8484	131	55.6556	65	55.2308
group_17661	111	0	0.0000	0	0.0000	0	0.0000
group_17662	135	0	0.0000	0	0.0000	0	0.0000
group_17664	630	585	0.9286	5	4.8049	2	3.8439
group_17665	1188	0	0.0000	0	0.0000	0	0.0000
group_17666	429	0	0.0000	0	0.0000	0	0.0000
group_17667	229	0	0.0000	0	0.0000	0	0.0000
group_17668	393	2416	6.1476	17	26.1884	8	24.6479
group_3605	441	151	0.3424	1	1.3728	0	0.0000
dnaK	1701	160	0.0941	2	0.7118	1	0.7118
group_17669	132	0	0.0000	0	0.0000	0	0.0000
group_17670	201	0	0.0000	0	0.0000	0	0.0000
group_17671	1167	151	0.1294	1	0.5188	0	0.0000
group_17672	573	151	0.2635	1	1.0566	0	0.0000
group_1503	126	0	0.0000	0	0.0000	0	0.0000
group_2113	279	0	0.0000	0	0.0000	0	0.0000
group_17673	159	0	0.0000	0	0.0000	0	0.0000
group_13708	300	0	0.0000	0	0.0000	0	0.0000
group_17677	2859	302	0.1056	2	0.4235	1	0.4235
group_17674	378	0	0.0000	0	0.0000	0	0.0000
group_17675	210	0	0.0000	0	0.0000	0	0.0000
group_17679	648	0	0.0000	0	0.0000	0	0.0000
group_17676	1053	0	0.0000	0	0.0000	0	0.0000
group_17678	336	1718	5.1131	13	23.4238	6	21.6219
group_17680	261	0	0.0000	0	0.0000	0	0.0000
group_17681	159	0	0.0000	0	0.0000	0	0.0000
group_17682	270	0	0.0000	0	0.0000	0	0.0000
group_17683	273	0	0.0000	0	0.0000	0	0.0000
group_17684	207	452	2.1836	4	11.6988	2	11.6988
group_17685	255	2078	8.1490	14	33.2384	7	33.2384
group_17686	627	0	0.0000	0	0.0000	0	0.0000
group_17687	138	0	0.0000	0	0.0000	0	0.0000
group_17688	327	0	0.0000	0	0.0000	0	0.0000
group_17689	363	0	0.0000	0	0.0000	0	0.0000
group_17690	216	0	0.0000	0	0.0000	0	0.0000
group_17691	675	0	0.0000	0	0.0000	0	0.0000
group_17692	159	0	0.0000	0	0.0000	0	0.0000
group_17693	189	0	0.0000	0	0.0000	0	0.0000
group_17694	120	0	0.0000	0	0.0000	0	0.0000
group_17695	114	0	0.0000	0	0.0000	0	0.0000
group_17697	429	0	0.0000	0	0.0000	0	0.0000
group_17696	333	0	0.0000	0	0.0000	0	0.0000
group_17698	405	0	0.0000	0	0.0000	0	0.0000
group_17699	147	222	1.5102	2	8.2369	1	8.2369
group_17700	180	0	0.0000	0	0.0000	0	0.0000
group_17701	201	0	0.0000	0	0.0000	0	0.0000
group_17702	495	0	0.0000	0	0.0000	0	0.0000
group_17703	267	0	0.0000	0	0.0000	0	0.0000
group_17704	330	2166	6.5636	15	27.5188	7	25.6842
group_2712	93	0	0.0000	0	0.0000	0	0.0000
group_11784	171	147	0.8596	1	3.5404	0	0.0000
group_17707	450	0	0.0000	0	0.0000	0	0.0000
group_17705	666	0	0.0000	0	0.0000	0	0.0000
group_17706	432	0	0.0000	0	0.0000	0	0.0000
group_17708	1053	35218	33.4454	244	140.2859	122	140.2859
group_17709	129	0	0.0000	0	0.0000	0	0.0000
group_17710	1482	604	0.4076	4	1.6340	2	1.6340
group_17711	408	0	0.0000	0	0.0000	0	0.0000
group_17712	264	414	1.5682	6	13.7594	3	13.7594
group_17713	123	181	1.4715	2	9.8441	1	9.8441
group_17714	162	134	0.8272	2	7.4742	1	7.4742
group_17715	450	3315	7.3667	22	29.5980	11	29.5980
group_7324	213	0	0.0000	0	0.0000	0	0.0000
group_17716	762	0	0.0000	0	0.0000	0	0.0000
group_17717	2847	0	0.0000	0	0.0000	0	0.0000
group_17718	642	0	0.0000	0	0.0000	0	0.0000
group_17719	189	0	0.0000	0	0.0000	0	0.0000
group_17720	189	178	0.9418	2	6.4065	1	6.4065
group_14194	804	0	0.0000	0	0.0000	0	0.0000
group_6725	969	0	0.0000	0	0.0000	0	0.0000
group_5288	1857	0	0.0000	0	0.0000	0	0.0000
group_3977	1086	0	0.0000	0	0.0000	0	0.0000
group_6999	216	0	0.0000	0	0.0000	0	0.0000
group_17721	111	0	0.0000	0	0.0000	0	0.0000
group_2923	1143	0	0.0000	0	0.0000	0	0.0000
group_17722	237	220	0.9283	2	5.1090	1	5.1090
group_17723	324	395	1.2191	3	5.6057	1	3.7371
group_17724	882	257	0.2914	2	1.3728	1	1.3728
group_17725	510	0	0.0000	0	0.0000	0	0.0000
group_17726	258	454	1.7597	4	9.3863	2	9.3863
group_17727	5034	1540	0.3059	10	1.2027	5	1.2027
group_14877	105	0	0.0000	0	0.0000	0	0.0000
group_17728	1551	696	0.4487	6	2.3420	3	2.3420
group_17729	297	273	0.9192	2	4.0769	1	4.0769
group_17730	3447	151	0.0438	1	0.1756	0	0.0000
group_17733	783	3266	4.1711	22	17.0104	11	17.0104
group_12633	834	302	0.3621	2	1.4518	1	1.4518
group_9405	195	0	0.0000	0	0.0000	0	0.0000
group_6675	633	0	0.0000	0	0.0000	0	0.0000
group_2102	771	0	0.0000	0	0.0000	0	0.0000
group_4158	1074	906	0.8436	6	3.3822	3	3.3822
group_17734	441	0	0.0000	0	0.0000	0	0.0000
group_17735	162	0	0.0000	0	0.0000	0	0.0000
group_17737	114	0	0.0000	0	0.0000	0	0.0000
group_17736	207	0	0.0000	0	0.0000	0	0.0000
group_17738	252	0	0.0000	0	0.0000	0	0.0000
group_17739	432	0	0.0000	0	0.0000	0	0.0000
group_17740	762	302	0.3963	2	1.5890	1	1.5890
group_17741	141	0	0.0000	0	0.0000	0	0.0000
group_17742	678	1057	1.5590	7	6.2506	3	5.3576
group_17743	765	0	0.0000	0	0.0000	0	0.0000
group_17744	99	0	0.0000	0	0.0000	0	0.0000
group_12054	168	0	0.0000	0	0.0000	0	0.0000
group_17745	150	258	1.7200	2	8.0722	1	8.0722
group_17746	2571	76145	29.6169	510	120.0938	255	120.0938
group_7852	606	21461	35.4142	149	148.8559	74	147.8569
group_17747	792	6961	8.7891	50	38.2206	25	38.2206
group_17748	468	151	0.3226	1	1.2936	0	0.0000
group_17750	195	248	1.2718	2	6.2094	1	6.2094
group_17751	168	0	0.0000	0	0.0000	0	0.0000
group_17749	108	0	0.0000	0	0.0000	0	0.0000
group_17752	387	6947	17.9509	50	78.2189	25	78.2189
group_17753	603	4359	7.2289	29	29.1161	14	28.1121
group_17754	330	746	2.2606	5	9.1729	2	7.3384
group_17755	489	2747	5.6176	19	23.5232	9	22.2852
group_17760	159	151	0.9497	1	3.8076	0	0.0000
group_17761	765	2809	3.6719	20	15.8278	10	15.8278
group_17762	2745	17374	6.3293	116	25.5840	58	25.5840
group_17763	324	4347	13.4167	37	69.1368	18	67.2682
group_3234	138	0	0.0000	0	0.0000	0	0.0000
group_17764	747	8704	11.6519	60	48.6276	30	48.6276
group_17765	696	0	0.0000	0	0.0000	0	0.0000
group_17767	546	4979	9.1190	33	36.5910	16	35.4821
group_17766	678	1356	2.0000	10	8.9294	5	8.9294
group_9165	351	746	2.1254	6	10.3490	3	10.3490
group_13866	1266	604	0.4771	4	1.9128	2	1.9128
group_17768	681	11223	16.4802	76	67.5646	38	67.5646
group_14935	243	1754	7.2181	13	32.3884	6	29.8970
group_14929	888	6757	7.6092	45	30.6798	22	29.9980
group_12830	159	280	1.7610	2	7.6153	1	7.6153
group_17769	921	16270	17.6656	108	70.9932	54	70.9932
group_17770	777	7572	9.7452	52	40.5168	26	40.5168
group_17771	306	4598	15.0261	33	65.2898	16	63.3113
group_17772	2052	10512	5.1228	68	20.0625	34	20.0625
group_17773	2883	38209	13.2532	236	49.5587	118	49.5587
group_17774	2073	20380	9.8312	136	39.7184	68	39.7184
group_17775	1662	53448	32.1588	357	130.0438	178	129.6796
group_17776	3036	47184	15.5415	315	62.8147	157	62.6153
group_16213	2871	36972	12.8777	234	49.3441	117	49.3441
group_17777	99	0	0.0000	0	0.0000	0	0.0000
group_17778	3255	118364	36.3637	788	146.5642	394	146.5642
group_9411	195	0	0.0000	0	0.0000	0	0.0000
group_7001	216	2078	9.6204	16	44.8455	8	44.8455
group_17779	717	904	1.2608	6	5.0662	3	5.0662
group_17781	123	0	0.0000	0	0.0000	0	0.0000
group_17780	420	0	0.0000	0	0.0000	0	0.0000
group_17782	189	0	0.0000	0	0.0000	0	0.0000
group_17783	138	0	0.0000	0	0.0000	0	0.0000
group_17784	204	1043	5.1127	8	23.7417	4	23.7417
group_2430	105	0	0.0000	0	0.0000	0	0.0000
group_17785	213	151	0.7089	1	2.8423	0	0.0000
group_5453	402	3308	8.2289	22	33.1321	11	33.1321
group_3435	726	5606	7.7218	38	31.6883	19	31.6883
group_6031	393	1606	4.0865	11	16.9454	5	15.4049
group_17791	1164	0	0.0000	0	0.0000	0	0.0000
group_17789	1107	0	0.0000	0	0.0000	0	0.0000
group_17788	1125	0	0.0000	0	0.0000	0	0.0000
group_17787	1248	0	0.0000	0	0.0000	0	0.0000
group_17786	1164	0	0.0000	0	0.0000	0	0.0000
group_17790	783	0	0.0000	0	0.0000	0	0.0000
group_8317	204	238	1.1667	2	5.9354	1	5.9354
group_7624	210	0	0.0000	0	0.0000	0	0.0000
group_504	135	0	0.0000	0	0.0000	0	0.0000
group_17792	225	0	0.0000	0	0.0000	0	0.0000
group_17793	1329	604	0.4545	4	1.8222	2	1.8222
group_8673	201	0	0.0000	0	0.0000	0	0.0000
group_2449	759	0	0.0000	0	0.0000	0	0.0000
group_4026	492	0	0.0000	0	0.0000	0	0.0000
group_5601	1005	0	0.0000	0	0.0000	0	0.0000
group_4564	417	0	0.0000	0	0.0000	0	0.0000
group_502	135	0	0.0000	0	0.0000	0	0.0000
group_9410	195	300	1.5385	4	12.4188	2	12.4188
group_1994	120	0	0.0000	0	0.0000	0	0.0000
group_13362	153	380	2.4837	3	11.8709	1	7.9139
group_10300	339	0	0.0000	0	0.0000	0	0.0000
group_10869	1398	0	0.0000	0	0.0000	0	0.0000
group_9375	1476	0	0.0000	0	0.0000	0	0.0000
group_3037	2559	0	0.0000	0	0.0000	0	0.0000
group_218	138	0	0.0000	0	0.0000	0	0.0000
group_310	291	0	0.0000	0	0.0000	0	0.0000
group_2296	111	0	0.0000	0	0.0000	0	0.0000
group_3969	252	158	0.6270	2	4.8049	1	4.8049
group_10719	183	0	0.0000	0	0.0000	0	0.0000
group_8011	1545	604	0.3909	4	1.5674	2	1.5674
group_11232	177	0	0.0000	0	0.0000	0	0.0000
group_11001	180	0	0.0000	0	0.0000	0	0.0000
group_1817	123	0	0.0000	0	0.0000	0	0.0000
group_3849	711	0	0.0000	0	0.0000	0	0.0000
group_3970	252	0	0.0000	0	0.0000	0	0.0000
group_14227	144	0	0.0000	0	0.0000	0	0.0000
group_11512	174	151	0.8678	1	3.4794	0	0.0000
group_2324	276	0	0.0000	0	0.0000	0	0.0000
group_17797	324	0	0.0000	0	0.0000	0	0.0000
group_17798	570	604	1.0596	4	4.2485	2	4.2485
group_17796	249	0	0.0000	0	0.0000	0	0.0000
group_17799	876	828	0.9452	6	4.1467	3	4.1467
group_17794	270	0	0.0000	0	0.0000	0	0.0000
group_17795	291	0	0.0000	0	0.0000	0	0.0000
group_17800	1293	1376	1.0642	10	4.6822	5	4.6822
group_11238	177	0	0.0000	0	0.0000	0	0.0000
group_4749	1041	0	0.0000	0	0.0000	0	0.0000
group_10303	339	0	0.0000	0	0.0000	0	0.0000
group_5037	237	604	2.5485	4	10.2180	2	10.2180
group_12833	309	557	1.8026	4	7.8371	2	7.8371
group_6428	222	0	0.0000	0	0.0000	0	0.0000
group_7329	213	453	2.1268	3	8.5270	1	5.6846
group_6429	222	0	0.0000	0	0.0000	0	0.0000
group_2432	105	0	0.0000	0	0.0000	0	0.0000
group_635	1221	0	0.0000	0	0.0000	0	0.0000
group_17802	156	0	0.0000	0	0.0000	0	0.0000
group_10724	183	0	0.0000	0	0.0000	0	0.0000
group_17803	201	709	3.5274	6	18.0721	3	18.0721
group_17804	294	0	0.0000	0	0.0000	0	0.0000
group_17805	255	0	0.0000	0	0.0000	0	0.0000
group_10216	888	0	0.0000	0	0.0000	0	0.0000
group_17806	201	449	2.2338	3	9.0360	1	6.0240
group_17807	684	604	0.8830	4	3.5404	2	3.5404
group_9551	900	0	0.0000	0	0.0000	0	0.0000
group_6374	123	0	0.0000	0	0.0000	0	0.0000
group_17808	180	1568	8.7111	13	43.7244	6	40.3609
group_11290	327	0	0.0000	0	0.0000	0	0.0000
group_4285	1206	0	0.0000	0	0.0000	0	0.0000
group_17809	219	0	0.0000	0	0.0000	0	0.0000
group_17810	363	906	2.4959	6	10.0068	3	10.0068
group_17811	90	0	0.0000	0	0.0000	0	0.0000
group_17812	294	2709	9.2143	18	37.0662	9	37.0662
group_17813	429	18977	44.2354	128	180.6364	64	180.6364
group_17814	132	0	0.0000	0	0.0000	0	0.0000
group_17815	129	0	0.0000	0	0.0000	0	0.0000
group_17816	312	0	0.0000	0	0.0000	0	0.0000
group_17817	264	2975	11.2689	20	45.8647	10	45.8647
group_17818	213	573	2.6901	5	14.2116	2	11.3693
group_17819	183	0	0.0000	0	0.0000	0	0.0000
group_12324	165	1477	8.9515	10	36.6918	5	36.6918
group_17820	1173	13921	11.8679	95	49.0318	47	48.5157
group_17821	135	0	0.0000	0	0.0000	0	0.0000
group_17822	2412	37381	15.4979	251	63.0012	125	62.7502
group_17823	132	0	0.0000	0	0.0000	0	0.0000
group_17824	168	0	0.0000	0	0.0000	0	0.0000
group_17825	330	810	2.4545	6	11.0075	3	11.0075
group_17826	957	11052	11.5486	76	48.0789	38	48.0789
group_17827	453	8980	19.8234	65	86.8696	32	85.5331
group_17828	1053	10052	9.5461	69	39.6710	34	39.0961
group_17829	129	0	0.0000	0	0.0000	0	0.0000
group_17830	285	604	2.1193	4	8.4970	2	8.4970
group_1074	4065	0	0.0000	0	0.0000	0	0.0000
group_9587	1464	3791	2.5895	26	10.7519	13	10.7519
group_5792	999	0	0.0000	0	0.0000	0	0.0000
group_4325	1062	0	0.0000	0	0.0000	0	0.0000
group_8003	207	0	0.0000	0	0.0000	0	0.0000
group_4750	1041	302	0.2901	2	1.1631	1	1.1631
group_2302	1182	0	0.0000	0	0.0000	0	0.0000
group_17831	165	0	0.0000	0	0.0000	0	0.0000
group_12117	846	0	0.0000	0	0.0000	0	0.0000
group_1515	126	0	0.0000	0	0.0000	0	0.0000
group_4618	684	296	0.4327	2	1.7702	1	1.7702
group_2899	267	0	0.0000	0	0.0000	0	0.0000
group_9985	342	1207	3.5292	8	14.1617	4	14.1617
group_17832	240	0	0.0000	0	0.0000	0	0.0000
group_3777	255	2712	10.6353	23	54.6060	11	52.2318
group_17833	219	0	0.0000	0	0.0000	0	0.0000
group_17834	1299	5375	4.1378	36	16.7782	18	16.7782
group_17836	210	0	0.0000	0	0.0000	0	0.0000
group_17835	189	153	0.8095	2	6.4065	1	6.4065
group_17837	933	0	0.0000	0	0.0000	0	0.0000
group_17838	285	196	0.6877	2	4.2485	1	4.2485
group_17839	894	0	0.0000	0	0.0000	0	0.0000
group_3600	1215	302	0.2486	2	0.9966	1	0.9966
group_12836	831	0	0.0000	0	0.0000	0	0.0000
group_4632	1995	0	0.0000	0	0.0000	0	0.0000
group_2377	762	0	0.0000	0	0.0000	0	0.0000
group_13572	1278	151	0.1182	1	0.4737	0	0.0000
group_12269	315	0	0.0000	0	0.0000	0	0.0000
group_17840	171	1358	7.9415	9	31.8639	4	28.3235
group_17841	150	0	0.0000	0	0.0000	0	0.0000
group_1824	123	0	0.0000	0	0.0000	0	0.0000
group_17842	876	38263	43.6792	267	184.5269	133	183.8358
group_17843	109	192	1.7615	2	11.1085	1	11.1085
group_17844	990	0	0.0000	0	0.0000	0	0.0000
group_17845	195	0	0.0000	0	0.0000	0	0.0000
group_17846	162	0	0.0000	0	0.0000	0	0.0000
group_3358	447	2108	4.7159	16	21.6703	8	21.6703
group_10606	336	1841	5.4792	15	27.0274	7	25.2256
group_17847	390	3109	7.9718	23	35.7039	11	34.1516
group_17848	465	0	0.0000	0	0.0000	0	0.0000
group_17849	561	0	0.0000	0	0.0000	0	0.0000
group_17850	102	0	0.0000	0	0.0000	0	0.0000
group_17851	270	1942	7.1926	13	29.1496	6	26.9073
group_17852	174	0	0.0000	0	0.0000	0	0.0000
group_17853	453	0	0.0000	0	0.0000	0	0.0000
group_17854	405	0	0.0000	0	0.0000	0	0.0000
group_17855	282	0	0.0000	0	0.0000	0	0.0000
group_17856	393	2540	6.4631	17	26.1884	8	24.6479
group_17857	711	0	0.0000	0	0.0000	0	0.0000
group_2106	117	0	0.0000	0	0.0000	0	0.0000
group_17859	376	6772	18.0106	44	70.8463	22	70.8463
group_17860	240	0	0.0000	0	0.0000	0	0.0000
group_9712	192	0	0.0000	0	0.0000	0	0.0000
group_17861	168	0	0.0000	0	0.0000	0	0.0000
group_17862	570	16027	28.1175	111	117.8964	55	116.8343
group_17863	3624	0	0.0000	0	0.0000	0	0.0000
group_17864	1722	0	0.0000	0	0.0000	0	0.0000
group_2120	279	604	2.1649	4	8.6798	2	8.6798
group_17866	345	568	1.6464	4	7.0193	2	7.0193
group_17867	396	3384	8.5455	23	35.1629	11	33.6341
group_17869	1092	0	0.0000	0	0.0000	0	0.0000
group_17868	309	0	0.0000	0	0.0000	0	0.0000
group_17870	306	437	1.4281	5	9.8924	2	7.9139
group_17871	396	3583	9.0480	24	36.6918	12	36.6918
group_3437	726	0	0.0000	0	0.0000	0	0.0000
group_17872	162	0	0.0000	0	0.0000	0	0.0000
group_17873	612	2808	4.5882	19	18.7955	9	17.8063
group_17874	117	0	0.0000	0	0.0000	0	0.0000
group_17875	489	302	0.6176	2	2.4761	1	2.4761
group_3497	444	480	1.0811	4	5.4542	2	5.4542
group_6413	387	485	1.2532	4	6.2575	2	6.2575
group_125	501	0	0.0000	0	0.0000	0	0.0000
group_17876	540	346	0.6407	3	3.3634	1	2.2423
group_6098	990	0	0.0000	0	0.0000	0	0.0000
group_17877	255	0	0.0000	0	0.0000	0	0.0000
group_17878	702	24234	34.5214	172	148.3351	86	148.3351
group_17879	1125	27958	24.8516	185	99.5570	92	99.0188
group_17880	630	27095	43.0079	183	175.8584	91	174.8974
group_17881	234	6490	27.7350	53	137.1237	26	134.5365
group_17882	1389	13842	9.9654	92	40.0994	46	40.0994
group_17883	1098	29924	27.2532	203	111.9299	101	111.3786
group_17884	996	37533	37.6837	254	154.3928	127	154.3928
group_17885	1449	0	0.0000	0	0.0000	0	0.0000
group_17886	117	0	0.0000	0	0.0000	0	0.0000
group_17887	99	0	0.0000	0	0.0000	0	0.0000
group_17888	192	682	3.5521	5	15.7660	2	12.6128
group_17889	4500	3498	0.7773	23	3.0943	11	2.9598
group_17890	624	1428	2.2885	10	9.7021	5	9.7021
group_17891	414	0	0.0000	0	0.0000	0	0.0000
group_17892	135	223	1.6519	2	8.9691	1	8.9691
group_17893	114	0	0.0000	0	0.0000	0	0.0000
group_4232	783	0	0.0000	0	0.0000	0	0.0000
group_17894	1059	0	0.0000	0	0.0000	0	0.0000
group_17895	1341	18203	13.5742	121	54.6272	60	54.1758
group_17896	195	0	0.0000	0	0.0000	0	0.0000
group_17897	468	2266	4.8419	16	20.6979	8	20.6979
group_17898	996	21611	21.6978	144	87.5298	72	87.5298
group_1519	126	0	0.0000	0	0.0000	0	0.0000
group_17899	291	0	0.0000	0	0.0000	0	0.0000
group_8535	357	141	0.3950	1	1.6958	0	0.0000
group_13720	300	302	1.0067	2	4.0361	1	4.0361
group_17900	309	700	2.2654	4	7.8371	2	7.8371
group_10071	190	546	2.8737	4	12.7456	2	12.7456
group_17901	108	0	0.0000	0	0.0000	0	0.0000
group_2778	1155	0	0.0000	0	0.0000	0	0.0000
group_7166	954	0	0.0000	0	0.0000	0	0.0000
group_17903	135	0	0.0000	0	0.0000	0	0.0000
group_17902	849	0	0.0000	0	0.0000	0	0.0000
group_17907	303	8607	28.4059	59	117.8859	29	115.8879
group_17904	231	604	2.6147	4	10.4834	2	10.4834
group_17905	450	1963	4.3622	13	17.4897	6	16.1444
group_17908	615	1054	1.7138	7	6.8909	3	5.9065
group_17909	630	4939	7.8397	33	31.7122	16	30.7512
group_17910	579	5588	9.6511	37	38.6879	18	37.6423
group_17911	702	11893	16.9416	79	68.1306	39	67.2682
group_17915	213	0	0.0000	0	0.0000	0	0.0000
group_17919	1044	28981	27.7596	203	117.7194	101	117.1395
group_17920	351	755	2.1510	5	8.6241	2	6.8993
group_17917	273	0	0.0000	0	0.0000	0	0.0000
group_17912	1215	166017	136.6395	1113	554.5892	556	554.0910
group_17916	402	783	1.9478	6	9.0360	3	9.0360
group_17913	240	0	0.0000	0	0.0000	0	0.0000
group_17914	1155	25992	22.5039	175	91.7294	87	91.2052
group_9176	351	1808	5.1510	14	24.1476	7	24.1476
group_3557	258	151	0.5853	1	2.3466	0	0.0000
group_17922	174	151	0.8678	1	3.4794	0	0.0000
group_17923	414	4755	11.4855	33	48.2576	16	46.7953
group_17924	501	9304	18.5709	64	77.3383	32	77.3383
group_17926	255	453	1.7765	3	7.1225	1	4.7483
group_17928	771	1057	1.3709	7	5.4966	3	4.7114
group_17931	366	4407	12.0410	32	52.9324	16	52.9324
group_17934	768	60643	78.9622	403	317.6848	201	316.8965
group_17935	381	29068	76.2940	194	308.2686	97	308.2686
group_17937	210	4361	20.7667	32	92.2536	16	92.2536
group_17940	387	9635	24.8966	66	103.2489	33	103.2489
group_17941	1188	2114	1.7795	14	7.1345	7	7.1345
group_17942	123	178	1.4472	2	9.8441	1	9.8441
group_17943	144	224	1.5556	2	8.4085	1	8.4085
group_6652	1665	9214	5.5339	61	22.1803	30	21.8167
group_9716	192	1632	8.5000	11	34.6852	5	31.5320
group_11092	330	20664	62.6182	140	256.8424	70	256.8424
group_17945	834	11710	14.0408	78	56.6215	39	56.6215
group_17946	300	1758	5.8600	13	26.2346	6	24.2166
group_17947	205	1294	6.3122	9	26.5792	4	23.6259
group_3058	1845	8137	4.4103	55	18.0476	27	17.7194
group_17948	339	1359	4.0088	9	16.0729	4	14.2871
group_12542	312	151	0.4840	1	1.9404	0	0.0000
group_17949	103	0	0.0000	0	0.0000	0	0.0000
group_17954	360	1830	5.0833	13	21.8622	6	20.1805
group_17953	867	0	0.0000	0	0.0000	0	0.0000
group_17955	1128	1872	1.6596	12	6.4406	6	6.4406
group_17957	357	0	0.0000	0	0.0000	0	0.0000
group_7981	363	3675	10.1240	25	41.6952	12	40.0274
group_17958	342	151	0.4415	1	1.7702	0	0.0000
group_17959	1371	6494	4.7367	43	18.9882	21	18.5466
group_17960	192	292	1.5208	2	6.3064	1	6.3064
group_12074	168	1608	9.5714	12	43.2439	6	43.2439
group_17965	384	0	0.0000	0	0.0000	0	0.0000
group_13126	156	0	0.0000	0	0.0000	0	0.0000
group_3077	1506	17409	11.5598	119	47.8382	59	47.4362
group_2059	3306	906	0.2740	6	1.0988	3	1.0988
group_5250	1017	0	0.0000	0	0.0000	0	0.0000
group_12607	162	248	1.5309	2	7.4742	1	7.4742
group_11835	852	27038	31.7347	182	129.3256	91	129.3256
group_17966	858	302	0.3520	2	1.4112	1	1.4112
group_17968	360	302	0.8389	2	3.3634	1	3.3634
group_17970	192	209	1.0885	2	6.3064	1	6.3064
group_17971	312	334	1.0705	2	3.8809	1	3.8809
group_17973	198	0	0.0000	0	0.0000	0	0.0000
group_11247	177	0	0.0000	0	0.0000	0	0.0000
group_17974	276	1510	5.4710	10	21.9353	5	21.9353
group_11005	180	0	0.0000	0	0.0000	0	0.0000
group_17987	105	0	0.0000	0	0.0000	0	0.0000
group_17976	447	4746	10.6174	30	40.6318	15	40.6318
group_17983	1200	52121	43.4342	345	174.0566	172	173.5520
group_17978	414	0	0.0000	0	0.0000	0	0.0000
group_17985	681	5368	7.8825	36	32.0043	18	32.0043
group_17979	396	986	2.4899	7	10.7018	3	9.1729
group_17986	435	1321	3.0368	9	12.5258	4	11.1341
group_17988	687	604	0.8792	4	3.5250	2	3.5250
group_17977	579	302	0.5216	2	2.0912	1	2.0912
group_17981	189	229	1.2116	2	6.4065	1	6.4065
group_17989	4566	87182	19.0937	601	79.6877	300	79.5551
group_17990	1374	526	0.3828	4	1.7625	2	1.7625
group_17991	306	0	0.0000	0	0.0000	0	0.0000
group_2123	279	0	0.0000	0	0.0000	0	0.0000
group_17992	636	8403	13.2123	58	55.2107	29	55.2107
group_17993	345	1423	4.1246	11	19.3031	5	17.5482
group_17994	138	0	0.0000	0	0.0000	0	0.0000
group_17996	471	453	0.9618	3	3.8561	1	2.5708
group_17995	387	0	0.0000	0	0.0000	0	0.0000
group_17997	300	288	0.9600	3	6.0541	1	4.0361
group_17999	159	266	1.6730	3	11.4229	1	7.6153
group_4775	240	754	3.1417	5	12.6128	2	10.0902
group_18000	90	0	0.0000	0	0.0000	0	0.0000
group_18002	354	12105	34.1949	84	143.6576	42	143.6576
group_12070	168	0	0.0000	0	0.0000	0	0.0000
group_18003	189	0	0.0000	0	0.0000	0	0.0000
group_18004	465	0	0.0000	0	0.0000	0	0.0000
group_18005	165	0	0.0000	0	0.0000	0	0.0000
group_18007	1812	2106	1.1623	14	4.6776	7	4.6776
group_2433	105	105	1.0000	1	5.7658	0	0.0000
group_18008	264	604	2.2879	4	9.1729	2	9.1729
group_10075	189	302	1.5979	2	6.4065	1	6.4065
group_18009	1122	96131	85.6783	652	351.8093	326	351.8093
group_18010	222	0	0.0000	0	0.0000	0	0.0000
group_18011	360	0	0.0000	0	0.0000	0	0.0000
group_18016	642	2657	4.1386	18	16.9742	9	16.9742
group_18017	144	108	0.7500	2	8.4085	1	8.4085
group_18019	744	2587	3.4772	18	14.6471	9	14.6471
group_18018	264	302	1.1439	2	4.5865	1	4.5865
group_18020	534	906	1.6966	6	6.8024	3	6.8024
group_18021	1002	5601	5.5898	37	22.3556	18	21.7514
group_2202	114	0	0.0000	0	0.0000	0	0.0000
group_18022	573	0	0.0000	0	0.0000	0	0.0000
group_18023	615	3002	4.8813	20	19.6883	10	19.6883
group_18024	1230	3156	2.5659	17	8.3675	8	7.8753
group_18025	118	0	0.0000	0	0.0000	0	0.0000
group_18027	180	770	4.2778	6	20.1805	3	20.1805
group_18026	381	1510	3.9633	10	15.8901	5	15.8901
group_18029	297	5122	17.2458	36	73.3835	18	73.3835
group_18028	906	169353	186.9238	1126	752.4242	563	752.4242
group_5713	1791	18179	10.1502	122	41.2398	61	41.2398
group_6572	384	2952	7.6875	20	31.5320	10	31.5320
group_18030	660	4517	6.8439	33	30.2707	16	29.3534
group_18031	165	0	0.0000	0	0.0000	0	0.0000
group_18032	516	6320	12.2481	43	50.4512	21	49.2779
group_326	291	933	3.2062	7	14.5632	3	12.4828
group_14101	297	0	0.0000	0	0.0000	0	0.0000
group_10076	189	0	0.0000	0	0.0000	0	0.0000
group_18034	1722	906	0.5261	6	2.1095	3	2.1095
group_17131	180	0	0.0000	0	0.0000	0	0.0000
group_18035	621	755	1.2158	5	4.8745	2	3.8996
group_18036	156	0	0.0000	0	0.0000	0	0.0000
group_18037	1032	0	0.0000	0	0.0000	0	0.0000
group_18040	324	0	0.0000	0	0.0000	0	0.0000
group_18039	375	1023	2.7280	7	11.3011	3	9.6866
group_18041	288	4730	16.4236	34	71.4725	17	71.4725
group_2946	741	19170	25.8704	118	96.4087	59	96.4087
group_6726	969	0	0.0000	0	0.0000	0	0.0000
group_18043	180	0	0.0000	0	0.0000	0	0.0000
group_11553	324	151	0.4660	1	1.8686	0	0.0000
group_3770	714	15783	22.1050	105	89.0315	52	88.1836
group_12544	312	0	0.0000	0	0.0000	0	0.0000
group_18044	150	0	0.0000	0	0.0000	0	0.0000
group_18047	147	0	0.0000	0	0.0000	0	0.0000
group_18049	117	0	0.0000	0	0.0000	0	0.0000
group_18059	195	0	0.0000	0	0.0000	0	0.0000
group_7347	213	0	0.0000	0	0.0000	0	0.0000
group_18061	717	909	1.2678	6	5.0662	3	5.0662
group_12545	312	0	0.0000	0	0.0000	0	0.0000
group_3558	258	0	0.0000	0	0.0000	0	0.0000
group_18066	387	6355	16.4212	43	67.2682	21	65.7039
group_18067	660	604	0.9152	4	3.6692	2	3.6692
group_18068	396	3716	9.3838	26	39.7494	13	39.7494
group_5857	228	151	0.6623	1	2.6553	0	0.0000
group_11527	174	0	0.0000	0	0.0000	0	0.0000
group_18069	168	0	0.0000	0	0.0000	0	0.0000
group_18070	381	0	0.0000	0	0.0000	0	0.0000
group_18071	726	0	0.0000	0	0.0000	0	0.0000
group_18072	1413	6893	4.8783	46	19.7092	23	19.7092
group_18073	540	0	0.0000	0	0.0000	0	0.0000
group_18077	306	722	2.3595	5	9.8924	2	7.9139
group_18078	576	306	0.5313	2	2.1021	1	2.1021
group_17133	294	0	0.0000	0	0.0000	0	0.0000
group_17130	1659	0	0.0000	0	0.0000	0	0.0000
group_6910	378	2839	7.5106	20	32.0325	10	32.0325
group_18080	237	0	0.0000	0	0.0000	0	0.0000
group_18082	417	979	2.3477	7	10.1628	3	8.7110
group_15003	252	0	0.0000	0	0.0000	0	0.0000
group_14997	435	0	0.0000	0	0.0000	0	0.0000
group_18083	447	1349	3.0179	9	12.1895	4	10.8352
group_18084	96	0	0.0000	0	0.0000	0	0.0000
group_18085	197	0	0.0000	0	0.0000	0	0.0000
group_18086	261	3099	11.8736	21	48.7115	10	46.3919
group_18087	246	151	0.6138	1	2.4610	0	0.0000
group_18088	99	0	0.0000	0	0.0000	0	0.0000
group_5859	228	0	0.0000	0	0.0000	0	0.0000
group_4280	423	0	0.0000	0	0.0000	0	0.0000
group_18090	384	0	0.0000	0	0.0000	0	0.0000
group_18089	2067	0	0.0000	0	0.0000	0	0.0000
group_18091	153	0	0.0000	0	0.0000	0	0.0000
group_18092	273	0	0.0000	0	0.0000	0	0.0000
group_18094	498	0	0.0000	0	0.0000	0	0.0000
group_18093	1290	0	0.0000	0	0.0000	0	0.0000
group_18095	480	302	0.6292	2	2.5226	1	2.5226
group_8685	201	0	0.0000	0	0.0000	0	0.0000
group_18096	381	4709	12.3596	32	50.8484	16	50.8484
group_5570	231	264	1.1429	4	10.4834	2	10.4834
group_9426	195	0	0.0000	0	0.0000	0	0.0000
group_11803	171	247	1.4444	2	7.0809	1	7.0809
group_11011	180	0	0.0000	0	0.0000	0	0.0000
group_18097	240	157	0.6542	1	2.5226	0	0.0000
group_18098	375	0	0.0000	0	0.0000	0	0.0000
group_4109	2151	101	0.0470	2	0.5629	1	0.5629
group_11821	321	0	0.0000	0	0.0000	0	0.0000
group_8686	201	0	0.0000	0	0.0000	0	0.0000
group_2630	753	2282	3.0305	22	17.6881	11	17.6881
group_7107	375	0	0.0000	0	0.0000	0	0.0000
group_7635	210	0	0.0000	0	0.0000	0	0.0000
group_18099	153	0	0.0000	0	0.0000	0	0.0000
group_18100	225	0	0.0000	0	0.0000	0	0.0000
group_18101	312	720	2.3077	5	9.7021	2	7.7617
group_18102	723	272	0.3762	2	1.6747	1	1.6747
group_18103	291	0	0.0000	0	0.0000	0	0.0000
group_18104	576	302	0.5243	2	2.1021	1	2.1021
group_18105	561	0	0.0000	0	0.0000	0	0.0000
group_18106	156	0	0.0000	0	0.0000	0	0.0000
group_18107	237	2088	8.8101	15	38.3173	7	35.7629
group_4920	675	0	0.0000	0	0.0000	0	0.0000
group_18108	201	269	1.3383	3	9.0360	1	6.0240
group_18109	258	0	0.0000	0	0.0000	0	0.0000
group_18110	351	0	0.0000	0	0.0000	0	0.0000
group_18111	306	151	0.4935	1	1.9785	0	0.0000
group_18112	393	0	0.0000	0	0.0000	0	0.0000
group_14749	723	1056	1.4606	7	5.8615	3	5.0242
group_528	135	0	0.0000	0	0.0000	0	0.0000
group_18113	207	600	2.8986	4	11.6988	2	11.6988
group_18114	96	0	0.0000	0	0.0000	0	0.0000
group_18115	177	598	3.3785	4	13.6817	2	13.6817
group_18116	411	0	0.0000	0	0.0000	0	0.0000
group_18117	363	151	0.4160	1	1.6678	0	0.0000
group_18118	444	3319	7.4752	22	29.9980	11	29.9980
group_13412	303	4510	14.8845	36	71.9304	18	71.9304
group_18119	795	3057	3.8453	21	15.9921	10	15.2305
group_18120	681	3492	5.1278	24	21.3362	12	21.3362
group_18121	231	393	1.7013	3	7.8625	1	5.2417
group_18122	360	604	1.6778	4	6.7268	2	6.7268
group_18123	186	0	0.0000	0	0.0000	0	0.0000
group_18124	126	0	0.0000	0	0.0000	0	0.0000
group_18125	633	9381	14.8199	64	61.2109	32	61.2109
group_18126	135	172	1.2741	2	8.9691	1	8.9691
group_18127	1575	30752	19.5251	205	78.7999	102	78.4155
group_6442	222	815	3.6712	8	21.8167	4	21.8167
group_18131	369	0	0.0000	0	0.0000	0	0.0000
group_18130	645	0	0.0000	0	0.0000	0	0.0000
group_18135	1248	0	0.0000	0	0.0000	0	0.0000
group_18140	1731	0	0.0000	0	0.0000	0	0.0000
group_18128	2865	0	0.0000	0	0.0000	0	0.0000
group_18132	795	0	0.0000	0	0.0000	0	0.0000
group_18137	465	0	0.0000	0	0.0000	0	0.0000
group_18136	1011	151	0.1494	1	0.5988	0	0.0000
group_18134	1323	0	0.0000	0	0.0000	0	0.0000
group_18139	1137	0	0.0000	0	0.0000	0	0.0000
group_18133	1293	0	0.0000	0	0.0000	0	0.0000
group_18129	1212	302	0.2492	2	0.9990	1	0.9990
group_18138	687	0	0.0000	0	0.0000	0	0.0000
group_18141	378	0	0.0000	0	0.0000	0	0.0000
group_18142	120	0	0.0000	0	0.0000	0	0.0000
group_5640	657	453	0.6895	3	2.7644	1	1.8430
group_18143	216	0	0.0000	0	0.0000	0	0.0000
group_4398	690	3260	4.7246	22	19.3031	11	19.3031
group_2455	759	0	0.0000	0	0.0000	0	0.0000
group_4819	678	0	0.0000	0	0.0000	0	0.0000
group_5765	654	0	0.0000	0	0.0000	0	0.0000
group_6358	981	0	0.0000	0	0.0000	0	0.0000
group_13539	816	0	0.0000	0	0.0000	0	0.0000
group_8691	201	0	0.0000	0	0.0000	0	0.0000
group_18144	294	1318	4.4830	10	20.5923	5	20.5923
group_18145	2178	8141	3.7378	56	15.5662	28	15.5662
group_18146	612	0	0.0000	0	0.0000	0	0.0000
group_18147	216	149	0.6898	1	2.8028	0	0.0000
group_18148	249	310	1.2450	6	14.5883	3	14.5883
group_4234	696	0	0.0000	0	0.0000	0	0.0000
group_11808	171	809	4.7310	7	24.7830	3	21.2426
group_7625	612	0	0.0000	0	0.0000	0	0.0000
group_18149	189	1165	6.1640	8	25.6260	4	25.6260
group_18150	1053	43388	41.2042	292	167.8831	146	167.8831
group_18151	156	151	0.9679	1	3.8809	0	0.0000
group_18152	591	0	0.0000	0	0.0000	0	0.0000
group_18153	261	0	0.0000	0	0.0000	0	0.0000
group_18154	306	2022	6.6078	14	27.6987	7	27.6987
group_2737	1158	0	0.0000	0	0.0000	0	0.0000
group_18155	744	0	0.0000	0	0.0000	0	0.0000
group_18156	144	0	0.0000	0	0.0000	0	0.0000
group_18157	213	214	1.0047	2	5.6846	1	5.6846
group_18158	105	0	0.0000	0	0.0000	0	0.0000
group_18159	198	0	0.0000	0	0.0000	0	0.0000
group_18160	270	0	0.0000	0	0.0000	0	0.0000
group_18161	324	6286	19.4012	46	85.9539	23	85.9539
group_18162	1191	1359	1.1411	9	4.5749	4	4.0666
group_4236	696	0	0.0000	0	0.0000	0	0.0000
group_2365	108	0	0.0000	0	0.0000	0	0.0000
group_1228	129	0	0.0000	0	0.0000	0	0.0000
group_10546	1416	0	0.0000	0	0.0000	0	0.0000
group_5577	231	0	0.0000	0	0.0000	0	0.0000
group_13843	513	0	0.0000	0	0.0000	0	0.0000
group_3961	432	0	0.0000	0	0.0000	0	0.0000
group_2343	471	0	0.0000	0	0.0000	0	0.0000
group_182	1233	0	0.0000	0	0.0000	0	0.0000
group_3020	738	0	0.0000	0	0.0000	0	0.0000
group_2201	768	0	0.0000	0	0.0000	0	0.0000
group_4436	489	0	0.0000	0	0.0000	0	0.0000
group_13947	1263	0	0.0000	0	0.0000	0	0.0000
group_2506	1170	0	0.0000	0	0.0000	0	0.0000
group_7030	624	0	0.0000	0	0.0000	0	0.0000
group_2810	747	0	0.0000	0	0.0000	0	0.0000
group_9334	906	0	0.0000	0	0.0000	0	0.0000
group_384	1227	0	0.0000	0	0.0000	0	0.0000
group_1477	1206	0	0.0000	0	0.0000	0	0.0000
group_2391	1176	0	0.0000	0	0.0000	0	0.0000
group_10993	873	0	0.0000	0	0.0000	0	0.0000
group_9069	198	0	0.0000	0	0.0000	0	0.0000
group_18163	2394	601	0.2510	4	1.0116	2	1.0116
group_1415	3762	302	0.0803	2	0.3219	1	0.3219
group_4608	1047	302	0.2884	2	1.1565	1	1.1565
group_2507	1170	302	0.2581	2	1.0349	1	1.0349
group_18164	5193	140182	26.9944	926	107.9556	463	107.9556
group_14450	504	0	0.0000	0	0.0000	0	0.0000
group_7322	618	0	0.0000	0	0.0000	0	0.0000
group_11827	321	0	0.0000	0	0.0000	0	0.0000
group_7996	363	0	0.0000	0	0.0000	0	0.0000
group_18165	159	324	2.0377	3	11.4229	1	7.6153
group_10873	876	0	0.0000	0	0.0000	0	0.0000
group_11809	171	196	1.1462	2	7.0809	1	7.0809
group_4623	684	0	0.0000	0	0.0000	0	0.0000
group_10916	1395	0	0.0000	0	0.0000	0	0.0000
group_3092	1134	0	0.0000	0	0.0000	0	0.0000
group_16264	255	0	0.0000	0	0.0000	0	0.0000
group_16255	336	0	0.0000	0	0.0000	0	0.0000
group_16266	198	0	0.0000	0	0.0000	0	0.0000
group_16256	504	0	0.0000	0	0.0000	0	0.0000
group_18166	357	274	0.7675	2	3.3917	1	3.3917
group_18167	210	0	0.0000	0	0.0000	0	0.0000
group_18168	144	0	0.0000	0	0.0000	0	0.0000
group_18169	90	0	0.0000	0	0.0000	0	0.0000
group_18170	387	4230	10.9302	30	46.9313	15	46.9313
group_15129	264	453	1.7159	3	6.8797	1	4.5865
group_15131	309	604	1.9547	4	7.8371	2	7.8371
group_18171	1155	5630	4.8745	38	19.9184	19	19.9184
group_18172	132	0	0.0000	0	0.0000	0	0.0000
group_18173	174	0	0.0000	0	0.0000	0	0.0000
group_18174	378	2095	5.5423	15	24.0244	7	22.4227
group_5085	408	1938	4.7500	14	20.7740	7	20.7740
group_18175	1185	2434	2.0540	17	8.6853	8	8.1744
group_18176	150	0	0.0000	0	0.0000	0	0.0000
group_13454	519	4350	8.3815	29	33.8285	14	32.6620
group_134	501	2715	5.4192	18	21.7514	9	21.7514
group_12042	1341	7190	5.3617	48	21.6703	24	21.6703
group_18177	141	0	0.0000	0	0.0000	0	0.0000
group_18178	507	3015	5.9467	21	25.0763	10	23.8822
group_18179	129	0	0.0000	0	0.0000	0	0.0000
group_18180	306	1025	3.3497	9	17.8063	4	15.8278
group_3688	717	0	0.0000	0	0.0000	0	0.0000
group_8560	594	0	0.0000	0	0.0000	0	0.0000
group_18181	162	150	0.9259	1	3.7371	0	0.0000
group_18182	942	129	0.1369	1	0.6427	0	0.0000
group_18183	1185	302	0.2549	2	1.0218	1	1.0218
group_5520	660	151	0.2288	1	0.9173	0	0.0000
group_18184	417	0	0.0000	0	0.0000	0	0.0000
group_18185	198	151	0.7626	1	3.0576	0	0.0000
group_18186	210	0	0.0000	0	0.0000	0	0.0000
group_3564	259	1387	5.3552	11	25.7126	5	23.3751
group_18187	201	747	3.7164	5	15.0601	2	12.0480
group_18188	246	151	0.6138	1	2.4610	0	0.0000
group_18189	195	0	0.0000	0	0.0000	0	0.0000
group_18190	477	0	0.0000	0	0.0000	0	0.0000
group_18191	228	0	0.0000	0	0.0000	0	0.0000
group_18192	306	687	2.2451	5	9.8924	2	7.9139
group_18193	261	186	0.7126	2	4.6392	1	4.6392
group_18194	183	0	0.0000	0	0.0000	0	0.0000
group_18195	270	0	0.0000	0	0.0000	0	0.0000
group_18196	150	0	0.0000	0	0.0000	0	0.0000
group_18197	114	0	0.0000	0	0.0000	0	0.0000
group_18198	111	0	0.0000	0	0.0000	0	0.0000
group_17415	102	0	0.0000	0	0.0000	0	0.0000
group_18199	216	282	1.3056	2	5.6057	1	5.6057
group_18200	147	0	0.0000	0	0.0000	0	0.0000
group_18201	279	723	2.5914	6	13.0197	3	13.0197
group_18202	240	598	2.4917	4	10.0902	2	10.0902
group_18203	132	0	0.0000	0	0.0000	0	0.0000
group_18204	201	0	0.0000	0	0.0000	0	0.0000
group_1536	126	0	0.0000	0	0.0000	0	0.0000
group_10963	1392	0	0.0000	0	0.0000	0	0.0000
group_18205	192	0	0.0000	0	0.0000	0	0.0000
group_18206	166	341	2.0542	3	10.9412	1	7.2941
group_10743	183	0	0.0000	0	0.0000	0	0.0000
group_18207	213	131	0.6150	3	8.5270	1	5.6846
group_8353	204	230	1.1275	2	5.9354	1	5.9354
group_18208	141	0	0.0000	0	0.0000	0	0.0000
group_18209	186	0	0.0000	0	0.0000	0	0.0000
group_7325	618	755	1.2217	5	4.8982	2	3.9185
group_7977	1548	1812	1.1705	12	4.6931	6	4.6931
group_12629	1317	896	0.6803	6	2.7582	3	2.7582
group_5836	396	0	0.0000	0	0.0000	0	0.0000
group_1866	483	0	0.0000	0	0.0000	0	0.0000
group_3104	453	151	0.3333	1	1.3365	0	0.0000
group_3434	2373	906	0.3818	6	1.5308	3	1.5308
group_9186	909	1359	1.4950	9	5.9942	4	5.3282
group_7306	372	755	2.0296	6	9.7647	3	9.7647
group_3717	1101	1057	0.9600	7	3.8491	3	3.2993
group_3981	2178	1510	0.6933	10	2.7797	5	2.7797
group_6490	978	151	0.1544	1	0.6190	0	0.0000
group_3618	1107	664	0.5998	5	2.7345	2	2.1876
group_7032	624	151	0.2420	1	0.9702	0	0.0000
group_18210	129	0	0.0000	0	0.0000	0	0.0000
group_18211	228	1153	5.0570	9	23.8979	4	21.2426
group_18212	768	0	0.0000	0	0.0000	0	0.0000
group_18213	1506	22549	14.9728	153	61.5062	76	61.1042
group_18214	2892	31226	10.7974	210	43.9616	105	43.9616
group_18215	852	0	0.0000	0	0.0000	0	0.0000
group_18216	138	631	4.5725	8	35.0965	4	35.0965
group_18217	180	3235	17.9722	29	97.5389	14	94.1755
group_18218	375	7026	18.7360	59	95.2518	29	93.6374
group_18219	141	877	6.2199	8	34.3497	4	34.3497
group_18220	606	11396	18.8053	75	74.9275	37	73.9285
group_18221	513	6350	12.3782	44	51.9264	22	51.9264
group_18222	741	1057	1.4265	7	5.7192	3	4.9021
group_18223	231	1927	8.3420	15	39.3126	7	36.6918
group_18224	786	12850	16.3486	73	56.2280	36	55.4578
group_18225	900	12935	14.3722	89	59.8687	44	59.1960
group_18226	114	0	0.0000	0	0.0000	0	0.0000
group_8287	927	13062	14.0906	90	58.7781	45	58.7781
group_18227	825	22167	26.8691	153	112.2768	76	111.5430
group_18228	144	142	0.9861	2	8.4085	1	8.4085
group_18229	1419	0	0.0000	0	0.0000	0	0.0000
group_348	291	2718	9.3402	18	37.4483	9	37.4483
group_18230	879	0	0.0000	0	0.0000	0	0.0000
group_6602	165	807	4.8909	7	25.6842	3	22.0151
group_18231	102	0	0.0000	0	0.0000	0	0.0000
group_6728	969	11311	11.6729	76	47.4835	38	47.4835
group_18232	765	963	1.2588	7	5.5397	3	4.7483
group_14740	513	0	0.0000	0	0.0000	0	0.0000
group_18233	135	0	0.0000	0	0.0000	0	0.0000
group_18234	900	0	0.0000	0	0.0000	0	0.0000
group_18235	201	0	0.0000	0	0.0000	0	0.0000
group_18236	681	0	0.0000	0	0.0000	0	0.0000
group_3751	438	604	1.3790	4	5.5289	2	5.5289
group_18237	93	0	0.0000	0	0.0000	0	0.0000
group_18238	240	573	2.3875	6	15.1354	3	15.1354
group_6452	222	0	0.0000	0	0.0000	0	0.0000
group_18242	123	0	0.0000	0	0.0000	0	0.0000
group_18240	1152	0	0.0000	0	0.0000	0	0.0000
group_18239	954	0	0.0000	0	0.0000	0	0.0000
group_18241	441	0	0.0000	0	0.0000	0	0.0000
group_18243	1143	0	0.0000	0	0.0000	0	0.0000
group_18244	723	0	0.0000	0	0.0000	0	0.0000
group_14947	708	1167	1.6483	8	6.8408	4	6.8408
group_12086	168	0	0.0000	0	0.0000	0	0.0000
group_18245	2061	0	0.0000	0	0.0000	0	0.0000
group_18246	249	0	0.0000	0	0.0000	0	0.0000
group_15067	552	4680	8.4783	31	33.9997	15	32.9029
group_18247	933	4661	4.9957	32	20.7645	16	20.7645
group_18248	1440	7217	5.0118	49	20.6009	24	20.1805
group_11233	867	6304	7.2710	43	30.0263	21	29.3280
group_11566	324	1468	4.5309	10	18.6856	5	18.6856
group_18252	1011	3902	3.8595	27	16.1683	13	15.5695
group_18250	1290	4680	3.6279	31	14.5487	15	14.0794
group_18249	1344	6765	5.0335	46	20.7210	23	20.7210
group_18251	870	3158	3.6299	21	14.6134	10	13.9176
group_18253	1593	8877	5.5725	59	22.4227	29	22.0427
group_18254	156	493	3.1603	4	15.5234	2	15.5234
group_18255	480	1164	2.4250	9	11.3515	4	10.0902
group_11268	177	210	1.1864	2	6.8408	1	6.8408
group_18258	594	0	0.0000	0	0.0000	0	0.0000
group_18257	975	0	0.0000	0	0.0000	0	0.0000
group_18256	381	0	0.0000	0	0.0000	0	0.0000
group_4127	1209	0	0.0000	0	0.0000	0	0.0000
group_10099	189	0	0.0000	0	0.0000	0	0.0000
group_12562	312	4040	12.9487	28	54.3320	14	54.3320
group_4815	1038	11694	11.2659	80	46.6600	40	46.6600
group_5838	396	3652	9.2222	26	39.7494	13	39.7494
group_8555	357	0	0.0000	0	0.0000	0	0.0000
group_4116	1077	0	0.0000	0	0.0000	0	0.0000
group_11135	870	726	0.8345	5	3.4794	2	2.7835
group_18259	216	0	0.0000	0	0.0000	0	0.0000
group_18260	456	6236	13.6754	42	55.7618	21	55.7618
group_18261	300	892	2.9733	7	14.1263	3	12.1083
group_18266	579	16861	29.1209	117	122.3376	58	121.2919
group_18268	153	0	0.0000	0	0.0000	0	0.0000
group_18262	204	252	1.2353	2	5.9354	1	5.9354
group_18263	714	19518	27.3361	130	110.2295	65	110.2295
group_18264	243	0	0.0000	0	0.0000	0	0.0000
group_18265	309	639	2.0680	6	11.7556	3	11.7556
group_18267	492	2268	4.6098	16	19.6883	8	19.6883
group_18269	174	0	0.0000	0	0.0000	0	0.0000
group_18270	354	151	0.4266	1	1.7102	0	0.0000
group_18271	519	3364	6.4817	24	27.9960	12	27.9960
group_18272	120	0	0.0000	0	0.0000	0	0.0000
group_18273	255	0	0.0000	0	0.0000	0	0.0000
group_18274	216	0	0.0000	0	0.0000	0	0.0000
group_9080	198	0	0.0000	0	0.0000	0	0.0000
group_18275	255	899	3.5255	6	14.2450	3	14.2450
group_1552	126	0	0.0000	0	0.0000	0	0.0000
group_18276	144	0	0.0000	0	0.0000	0	0.0000
group_18277	834	0	0.0000	0	0.0000	0	0.0000
group_18278	153	0	0.0000	0	0.0000	0	0.0000
group_18279	1236	0	0.0000	0	0.0000	0	0.0000
group_18280	285	0	0.0000	0	0.0000	0	0.0000
group_8708	201	0	0.0000	0	0.0000	0	0.0000
group_18281	150	0	0.0000	0	0.0000	0	0.0000
group_18282	630	243	0.3857	2	1.9219	1	1.9219
group_18283	153	0	0.0000	0	0.0000	0	0.0000
group_18284	102	0	0.0000	0	0.0000	0	0.0000
group_18288	477	453	0.9497	3	3.8076	1	2.5384
group_18287	243	0	0.0000	0	0.0000	0	0.0000
group_18286	615	1207	1.9626	8	7.8753	4	7.8753
group_18285	342	455	1.3304	3	5.3107	1	3.5404
group_18289	243	0	0.0000	0	0.0000	0	0.0000
group_18290	651	0	0.0000	0	0.0000	0	0.0000
group_18291	675	935	1.3852	6	5.3815	3	5.3815
group_18292	279	151	0.5412	1	2.1699	0	0.0000
group_18293	345	151	0.4377	1	1.7548	0	0.0000
group_18294	1602	17644	11.0137	119	44.9715	59	44.5935
group_18295	93	0	0.0000	0	0.0000	0	0.0000
group_18296	237	151	0.6371	1	2.5545	0	0.0000
group_18297	282	603	2.1383	4	8.5874	2	8.5874
group_18298	141	0	0.0000	0	0.0000	0	0.0000
group_18299	138	0	0.0000	0	0.0000	0	0.0000
group_18300	252	0	0.0000	0	0.0000	0	0.0000
group_12295	315	0	0.0000	0	0.0000	0	0.0000
group_8360	204	0	0.0000	0	0.0000	0	0.0000
group_14270	144	0	0.0000	0	0.0000	0	0.0000
group_18301	210	0	0.0000	0	0.0000	0	0.0000
group_4771	825	151	0.1830	1	0.7338	0	0.0000
group_18302	1689	25013	14.8094	171	61.2941	85	60.9357
group_18306	132	0	0.0000	0	0.0000	0	0.0000
group_18303	342	2402	7.0234	16	28.3235	8	28.3235
group_18304	240	571	2.3792	4	10.0902	2	10.0902
group_18305	216	0	0.0000	0	0.0000	0	0.0000
group_18307	168	0	0.0000	0	0.0000	0	0.0000
group_18308	99	0	0.0000	0	0.0000	0	0.0000
group_18309	144	0	0.0000	0	0.0000	0	0.0000
group_18310	195	1140	5.8462	8	24.8375	4	24.8375
group_18311	399	0	0.0000	0	0.0000	0	0.0000
group_12090	168	0	0.0000	0	0.0000	0	0.0000
group_18312	285	1971	6.9158	14	29.7396	7	29.7396
group_6823	966	0	0.0000	0	0.0000	0	0.0000
group_3317	1125	0	0.0000	0	0.0000	0	0.0000
group_5499	1008	151	0.1498	1	0.6006	0	0.0000
group_4182	2127	0	0.0000	0	0.0000	0	0.0000
group_2009	120	0	0.0000	0	0.0000	0	0.0000
group_18313	174	0	0.0000	0	0.0000	0	0.0000
group_18314	441	6554	14.8617	45	61.7770	22	60.4041
group_2650	96	0	0.0000	0	0.0000	0	0.0000
group_18316	486	0	0.0000	0	0.0000	0	0.0000
group_18315	201	0	0.0000	0	0.0000	0	0.0000
group_18317	270	1200	4.4444	9	20.1805	4	17.9382
group_18318	282	151	0.5355	1	2.1469	0	0.0000
group_16608	192	0	0.0000	0	0.0000	0	0.0000
group_16599	150	0	0.0000	0	0.0000	0	0.0000
group_7367	213	0	0.0000	0	0.0000	0	0.0000
group_18322	798	0	0.0000	0	0.0000	0	0.0000
group_18321	318	0	0.0000	0	0.0000	0	0.0000
group_18319	546	0	0.0000	0	0.0000	0	0.0000
group_18320	114	138	1.2105	2	10.6213	1	10.6213
group_18323	360	0	0.0000	0	0.0000	0	0.0000
group_18324	369	2248	6.0921	17	27.8917	8	26.2510
group_18325	162	0	0.0000	0	0.0000	0	0.0000
group_4798	363	147	0.4050	1	1.6678	0	0.0000
group_18326	108	0	0.0000	0	0.0000	0	0.0000
group_18327	297	2530	8.5185	17	34.6533	8	32.6149
group_7036	624	384	0.6154	3	2.9106	1	1.9404
group_18328	450	1804	4.0089	12	16.1444	6	16.1444
group_18329	159	0	0.0000	0	0.0000	0	0.0000
group_18330	495	4221	8.5273	29	35.4687	14	34.2456
group_18331	165	0	0.0000	0	0.0000	0	0.0000
group_18332	159	0	0.0000	0	0.0000	0	0.0000
group_18333	129	0	0.0000	0	0.0000	0	0.0000
group_18334	501	0	0.0000	0	0.0000	0	0.0000
group_18335	132	0	0.0000	0	0.0000	0	0.0000
group_18336	231	0	0.0000	0	0.0000	0	0.0000
group_18337	552	302	0.5471	2	2.1935	1	2.1935
group_5557	1818	0	0.0000	0	0.0000	0	0.0000
group_9721	1455	0	0.0000	0	0.0000	0	0.0000
group_18338	153	152	0.9935	2	7.9139	1	7.9139
group_18339	129	0	0.0000	0	0.0000	0	0.0000
group_18340	219	0	0.0000	0	0.0000	0	0.0000
group_18341	159	414	2.6038	4	15.2305	2	15.2305
group_6175	645	0	0.0000	0	0.0000	0	0.0000
group_6176	645	0	0.0000	0	0.0000	0	0.0000
group_18342	507	5100	10.0592	42	50.1526	21	50.1526
group_18343	174	0	0.0000	0	0.0000	0	0.0000
group_18368	405	1208	2.9827	8	11.9588	4	11.9588
group_18367	996	16376	16.4418	110	66.8630	55	66.8630
group_18362	804	21629	26.9017	147	110.6914	73	109.9384
group_18358	117	0	0.0000	0	0.0000	0	0.0000
group_18359	402	1204	2.9950	8	12.0480	4	12.0480
group_18351	684	9041	13.2178	62	54.8767	31	54.8767
group_18349	228	604	2.6491	4	10.6213	2	10.6213
group_18346	192	0	0.0000	0	0.0000	0	0.0000
group_18347	192	2613	13.6094	18	56.7576	9	56.7576
group_18356	1185	42375	35.7595	283	144.5841	141	144.0732
group_18355	360	1015	2.8194	8	13.4536	4	13.4536
group_18348	306	655	2.1405	5	9.8924	2	7.9139
group_18370	870	42786	49.1793	290	201.8047	145	201.8047
group_18360	402	150	0.3731	1	1.5060	0	0.0000
group_18353	339	10914	32.1947	73	130.3694	36	128.5835
group_18357	348	1811	5.2040	12	20.8763	6	20.8763
group_18364	624	0	0.0000	0	0.0000	0	0.0000
group_18363	261	0	0.0000	0	0.0000	0	0.0000
group_18365	261	0	0.0000	0	0.0000	0	0.0000
group_18354	264	0	0.0000	0	0.0000	0	0.0000
group_18361	213	0	0.0000	0	0.0000	0	0.0000
group_18366	225	0	0.0000	0	0.0000	0	0.0000
group_18352	162	0	0.0000	0	0.0000	0	0.0000
group_18344	231	0	0.0000	0	0.0000	0	0.0000
group_18345	303	1810	5.9736	12	23.9768	6	23.9768
group_18371	201	6744	33.5522	53	159.6366	26	156.6245
group_18350	951	24112	25.3544	173	110.1332	86	109.4966
group_18372	210	0	0.0000	0	0.0000	0	0.0000
group_9687	345	0	0.0000	0	0.0000	0	0.0000
group_258	138	0	0.0000	0	0.0000	0	0.0000
group_3851	435	1191	2.7379	8	11.1341	4	11.1341
group_18376	537	9628	17.9292	67	75.5358	33	74.4084
group_5468	402	10851	26.9925	77	115.9624	38	114.4564
group_13740	300	605	2.0167	4	8.0722	2	8.0722
group_4579	417	4130	9.9041	28	40.6513	14	40.6513
group_2211	114	0	0.0000	0	0.0000	0	0.0000
group_18377	276	1310	4.7464	9	19.7418	4	17.5482
group_18055	429	9997	23.3030	68	95.9631	34	95.9631
group_18053	210	300	1.4286	2	5.7658	1	5.7658
group_18057	330	449	1.3606	3	5.5038	1	3.6692
group_18058	129	0	0.0000	0	0.0000	0	0.0000
group_18048	432	10207	23.6273	69	96.6981	34	95.2967
group_18050	813	16391	20.1611	109	81.1687	54	80.4240
group_18051	366	12433	33.9699	86	142.2558	43	142.2558
group_18054	363	2181	6.0083	15	25.0171	7	23.3493
group_18052	894	14043	15.7081	94	63.6565	47	63.6565
group_18393	1686	37838	22.4425	255	91.5662	127	91.2071
group_18394	852	9909	11.6303	66	46.8983	33	46.8983
group_18388	270	0	0.0000	0	0.0000	0	0.0000
group_18379	300	521	1.7367	4	8.0722	2	8.0722
group_18396	444	4746	10.6892	32	43.6335	16	43.6335
group_18380	408	13233	32.4338	93	137.9988	46	136.5149
group_18390	1668	56583	33.9227	388	140.8277	194	140.8277
group_18397	258	289	1.1202	3	7.0397	1	4.6931
group_18389	615	302	0.4911	2	1.9688	1	1.9688
group_18381	1074	16330	15.2048	110	62.0070	55	62.0070
group_18382	402	8936	22.2289	64	96.3843	32	96.3843
group_18395	885	6649	7.5130	45	30.7838	22	30.0997
group_18383	306	444	1.4510	3	5.9354	1	3.9570
group_18378	132	0	0.0000	0	0.0000	0	0.0000
group_18387	141	0	0.0000	0	0.0000	0	0.0000
group_18385	345	151	0.4377	1	1.7548	0	0.0000
group_18386	138	0	0.0000	0	0.0000	0	0.0000
group_18384	93	164	1.7634	2	13.0197	1	13.0197
group_18391	165	0	0.0000	0	0.0000	0	0.0000
group_18392	150	0	0.0000	0	0.0000	0	0.0000
group_18398	114	0	0.0000	0	0.0000	0	0.0000
group_18399	423	3066	7.2482	22	31.4873	11	31.4873
group_4850	963	755	0.7840	5	3.1434	2	2.5147
group_18400	288	0	0.0000	0	0.0000	0	0.0000
group_18401	195	0	0.0000	0	0.0000	0	0.0000
group_18402	105	0	0.0000	0	0.0000	0	0.0000
group_18403	4773	3746	0.7848	25	3.1710	12	3.0442
group_16252	2340	6858	2.9308	46	11.9013	23	11.9013
group_16267	225	0	0.0000	0	0.0000	0	0.0000
group_16268	495	801	1.6182	6	7.3384	3	7.3384
group_16277	291	0	0.0000	0	0.0000	0	0.0000
group_16258	204	296	1.4510	2	5.9354	1	5.9354
group_16270	291	0	0.0000	0	0.0000	0	0.0000
group_16254	480	0	0.0000	0	0.0000	0	0.0000
group_16271	330	301	0.9121	2	3.6692	1	3.6692
group_16272	855	535	0.6257	4	2.8323	2	2.8323
group_16269	849	5933	6.9882	40	28.5236	20	28.5236
group_16273	708	4653	6.5720	32	27.3634	16	27.3634
group_16274	297	0	0.0000	0	0.0000	0	0.0000
group_16262	2796	0	0.0000	0	0.0000	0	0.0000
group_16275	156	0	0.0000	0	0.0000	0	0.0000
group_18404	213	0	0.0000	0	0.0000	0	0.0000
group_18405	213	0	0.0000	0	0.0000	0	0.0000
group_18406	285	0	0.0000	0	0.0000	0	0.0000
group_18407	759	151	0.1989	1	0.7976	0	0.0000
group_2213	114	0	0.0000	0	0.0000	0	0.0000
group_18408	231	2646	11.4545	20	52.4168	10	52.4168
group_2945	456	417	0.9145	3	3.9830	1	2.6553
group_13712	813	1208	1.4859	8	5.9573	4	5.9573
group_18409	1188	2522	2.1229	17	8.6633	8	8.1537
group_18410	186	0	0.0000	0	0.0000	0	0.0000
group_13853	513	3634	7.0838	25	29.5036	12	28.3235
group_18411	198	526	2.6566	6	18.3459	3	18.3459
group_18412	138	0	0.0000	0	0.0000	0	0.0000
group_18415	288	0	0.0000	0	0.0000	0	0.0000
group_18414	390	0	0.0000	0	0.0000	0	0.0000
group_18413	369	453	1.2276	3	4.9221	1	3.2814
group_18416	237	0	0.0000	0	0.0000	0	0.0000
group_18417	240	302	1.2583	2	5.0451	1	5.0451
pglX	2226	13258	5.9560	89	24.2057	44	23.9337
group_18418	687	1013	1.4745	8	7.0499	4	7.0499
group_241	6564	2611	0.3978	18	1.6602	9	1.6602
group_544	135	0	0.0000	0	0.0000	0	0.0000
group_18419	213	416	1.9531	3	8.5270	1	5.6846
group_18420	654	520	0.7951	4	3.7028	2	3.7028
group_18423	558	0	0.0000	0	0.0000	0	0.0000
group_18422	387	873	2.2558	6	9.3863	3	9.3863
group_18421	630	528	0.8381	4	3.8439	2	3.8439
group_18424	243	151	0.6214	1	2.4914	0	0.0000
group_6049	648	453	0.6991	3	2.8028	1	1.8686
group_18425	324	0	0.0000	0	0.0000	0	0.0000
group_18426	240	241	1.0042	2	5.0451	1	5.0451
group_2368	108	0	0.0000	0	0.0000	0	0.0000
group_18427	408	0	0.0000	0	0.0000	0	0.0000
group_18428	3198	11000	3.4396	74	14.0090	37	14.0090
group_14999	210	151	0.7190	1	2.8829	0	0.0000
group_18429	228	374	1.6404	4	10.6213	2	10.6213
group_13428	303	0	0.0000	0	0.0000	0	0.0000
group_18430	681	2882	4.2320	21	18.6692	10	17.7802
group_18431	174	0	0.0000	0	0.0000	0	0.0000
group_10102	189	0	0.0000	0	0.0000	0	0.0000
group_14436	801	1208	1.5081	8	6.0466	4	6.0466
group_11607	1362	7069	5.1902	47	20.8917	23	20.4472
group_1589	486	3729	7.6728	25	31.1427	12	29.8970
group_13408	153	680	4.4444	6	23.7417	3	23.7417
group_6461	222	0	0.0000	0	0.0000	0	0.0000
group_18432	948	285	0.3006	2	1.2772	1	1.2772
group_18433	171	520	3.0409	4	14.1617	2	14.1617
group_18434	115	0	0.0000	0	0.0000	0	0.0000
group_18435	135	197	1.4593	2	8.9691	1	8.9691
group_18436	192	459	2.3906	4	12.6128	2	12.6128
group_18437	171	0	0.0000	0	0.0000	0	0.0000
group_18438	258	0	0.0000	0	0.0000	0	0.0000
group_18439	171	434	2.5380	3	10.6213	1	7.0809
group_5348	1014	7883	7.7742	55	32.8380	27	32.2410
group_18440	162	287	1.7716	2	7.4742	1	7.4742
group_16882	6321	42893	6.7858	226	21.6459	113	21.6459
group_18441	1146	4373	3.8159	30	15.8485	15	15.8485
group_5092	408	1723	4.2230	12	17.8063	6	17.8063
group_18442	229	1322	5.7729	9	23.7936	4	21.1498
group_18443	681	5236	7.6887	36	32.0043	18	32.0043
group_18444	300	595	1.9833	4	8.0722	2	8.0722
group_15582	720	2698	3.7472	19	15.9762	9	15.1354
group_15586	651	1811	2.7819	12	11.1597	6	11.1597
group_18445	177	146	0.8249	1	3.4204	0	0.0000
group_18446	2346	3945	1.6816	27	6.9677	13	6.7096
group_18447	2253	7330	3.2534	49	13.1670	24	12.8983
group_18448	726	4101	5.6488	29	24.1832	14	23.3493
group_4538	1050	2087	1.9876	14	8.0722	7	8.0722
group_18449	205	2020	9.8537	14	41.3454	7	41.3454
group_17291	3801	18020	4.7409	120	19.1133	60	19.1133
group_18451	378	3784	10.0106	28	44.8455	14	44.8455
group_18450	372	1455	3.9113	10	16.2746	5	16.2746
group_8465	924	4410	4.7727	30	19.6563	15	19.6563
group_3108	453	1441	3.1810	10	13.3646	5	13.3646
group_18452	135	0	0.0000	0	0.0000	0	0.0000
group_18453	960	5932	6.1792	40	25.2256	20	25.2256
group_18454	372	529	1.4220	4	6.5098	2	6.5098
group_18455	159	0	0.0000	0	0.0000	0	0.0000
group_18456	219	1212	5.5342	10	27.6445	5	27.6445
group_18457	1083	5484	5.0637	37	20.6836	18	20.1246
group_18458	513	1057	2.0604	7	8.2610	3	7.0809
group_18460	174	277	1.5920	2	6.9588	1	6.9588
group_5141	1659	77418	46.6655	518	189.0323	259	189.0323
group_6063	393	0	0.0000	0	0.0000	0	0.0000
group_18461	288	1413	4.9063	10	21.0213	5	21.0213
group_18462	189	151	0.7989	1	3.2032	0	0.0000
group_18463	1149	24613	21.4212	164	86.4125	82	86.4125
group_18464	204	8770	42.9902	66	195.8693	33	195.8693
group_18466	357	2109	5.9076	15	25.4376	7	23.7417
group_12094	168	0	0.0000	0	0.0000	0	0.0000
group_18467	849	10401	12.2509	71	50.6294	35	49.9164
group_18468	153	0	0.0000	0	0.0000	0	0.0000
group_18471	201	0	0.0000	0	0.0000	0	0.0000
group_18470	858	2526	2.9441	18	12.7010	9	12.7010
group_18473	180	221	1.2278	2	6.7268	1	6.7268
group_13150	156	276	1.7692	2	7.7617	1	7.7617
group_8027	207	302	1.4589	2	5.8494	1	5.8494
group_9423	348	7385	21.2213	50	86.9848	25	86.9848
group_18475	510	17656	34.6196	122	144.8246	61	144.8246
group_18476	348	4215	12.1121	28	48.7115	14	48.7115
group_18477	252	302	1.1984	2	4.8049	1	4.8049
group_18479	189	1104	5.8413	9	28.8292	4	25.6260
group_18480	1449	31566	21.7847	215	89.8303	107	89.4124
group_5234	1269	139481	109.9141	914	436.0508	457	436.0508
group_10437	186	142	0.7634	2	6.5098	1	6.5098
group_3134	264	513	1.9432	4	9.1729	2	9.1729
group_18483	144	0	0.0000	0	0.0000	0	0.0000
group_18485	474	0	0.0000	0	0.0000	0	0.0000
group_18486	447	0	0.0000	0	0.0000	0	0.0000
group_18487	204	683	3.3480	6	17.8063	3	17.8063
group_18488	819	10141	12.3822	68	50.2664	34	50.2664
group_18489	1164	18858	16.2010	125	65.0144	62	64.4943
group_5329	234	0	0.0000	0	0.0000	0	0.0000
group_5255	1089	37645	34.5684	252	140.0958	126	140.0958
group_18490	2643	4003	1.5146	27	6.1847	13	5.9556
group_18491	330	6268	18.9939	46	84.3911	23	84.3911
group_18492	135	0	0.0000	0	0.0000	0	0.0000
group_12995	528	0	0.0000	0	0.0000	0	0.0000
group_18493	222	242	1.0901	2	5.4542	1	5.4542
group_17757	159	0	0.0000	0	0.0000	0	0.0000
group_17756	225	581	2.5822	4	10.7629	2	10.7629
group_13433	303	0	0.0000	0	0.0000	0	0.0000
group_18495	174	0	0.0000	0	0.0000	0	0.0000
group_4249	2100	6456	3.0743	43	12.3966	21	12.1083
group_14051	510	0	0.0000	0	0.0000	0	0.0000
group_2924	1143	7315	6.3998	51	27.0132	25	26.4836
group_18496	633	5045	7.9700	34	32.5183	17	32.5183
group_18497	246	0	0.0000	0	0.0000	0	0.0000
group_14524	294	151	0.5136	1	2.0592	0	0.0000
group_6260	390	0	0.0000	0	0.0000	0	0.0000
group_6261	390	0	0.0000	0	0.0000	0	0.0000
group_5907	651	0	0.0000	0	0.0000	0	0.0000
group_6732	969	0	0.0000	0	0.0000	0	0.0000
group_18498	222	513	2.3108	6	16.3625	3	16.3625
group_4812	240	0	0.0000	0	0.0000	0	0.0000
group_18499	168	150	0.8929	1	3.6037	0	0.0000
group_18500	198	0	0.0000	0	0.0000	0	0.0000
mET2	711	13170	18.5232	89	75.7832	44	74.9317
group_7634	612	0	0.0000	0	0.0000	0	0.0000
wD40	4158	0	0.0000	0	0.0000	0	0.0000
group_4183	2127	28690	13.4885	183	52.0878	91	51.8032
group_10345	339	4079	12.0324	27	48.2188	13	46.4329
group_18504	138	0	0.0000	0	0.0000	0	0.0000
group_18508	1149	0	0.0000	0	0.0000	0	0.0000
group_18507	690	0	0.0000	0	0.0000	0	0.0000
group_18505	153	0	0.0000	0	0.0000	0	0.0000
group_18506	225	0	0.0000	0	0.0000	0	0.0000
group_18509	144	188	1.3056	2	8.4085	1	8.4085
group_18510	138	0	0.0000	0	0.0000	0	0.0000
group_18511	1146	582	0.5079	4	2.1131	2	2.1131
group_18512	486	0	0.0000	0	0.0000	0	0.0000
group_16699	363	661	1.8209	5	8.3390	2	6.6712
group_16683	1194	22521	18.8618	153	77.5782	76	77.0711
group_18513	93	0	0.0000	0	0.0000	0	0.0000
group_8371	204	0	0.0000	0	0.0000	0	0.0000
group_18522	156	0	0.0000	0	0.0000	0	0.0000
group_18514	267	0	0.0000	0	0.0000	0	0.0000
group_18521	372	258	0.6935	2	3.2549	1	3.2549
group_18516	813	868	1.0677	6	4.4680	3	4.4680
group_18520	2121	604	0.2848	4	1.1418	2	1.1418
group_18517	321	0	0.0000	0	0.0000	0	0.0000
group_18515	570	1062	1.8632	8	8.4970	4	8.4970
group_18518	225	0	0.0000	0	0.0000	0	0.0000
group_18519	249	0	0.0000	0	0.0000	0	0.0000
group_18523	414	755	1.8237	5	7.3118	2	5.8494
group_18524	237	302	1.2743	2	5.1090	1	5.1090
group_18525	312	151	0.4840	1	1.9404	0	0.0000
group_835	288	420	1.4583	3	6.3064	1	4.2043
group_18526	156	0	0.0000	0	0.0000	0	0.0000
group_18529	297	0	0.0000	0	0.0000	0	0.0000
group_18528	1215	0	0.0000	0	0.0000	0	0.0000
group_18527	333	0	0.0000	0	0.0000	0	0.0000
group_18532	108	0	0.0000	0	0.0000	0	0.0000
group_18530	144	0	0.0000	0	0.0000	0	0.0000
group_18531	306	0	0.0000	0	0.0000	0	0.0000
group_18533	408	650	1.5931	5	7.4193	2	5.9354
group_18534	460	25882	56.2652	180	236.9012	90	236.9012
group_5078	237	1057	4.4599	7	17.8814	3	15.3269
group_18535	573	5138	8.9668	38	40.1496	19	40.1496
group_18536	258	2939	11.3915	21	49.2779	10	46.9313
group_18537	213	897	4.2113	7	19.8962	3	17.0539
group_18538	240	151	0.6292	1	2.5226	0	0.0000
group_18539	837	0	0.0000	0	0.0000	0	0.0000
group_3597	720	0	0.0000	0	0.0000	0	0.0000
group_18540	435	0	0.0000	0	0.0000	0	0.0000
group_18541	540	0	0.0000	0	0.0000	0	0.0000
group_18542	264	0	0.0000	0	0.0000	0	0.0000
group_18543	594	35789	60.2508	246	250.7271	123	250.7271
group_18544	129	202	1.5659	2	9.3863	1	9.3863
group_18545	459	1264	2.7538	9	11.8709	4	10.5519
group_18546	252	0	0.0000	0	0.0000	0	0.0000
group_18547	207	151	0.7295	1	2.9247	0	0.0000
group_2760	90	0	0.0000	0	0.0000	0	0.0000
group_18548	1023	0	0.0000	0	0.0000	0	0.0000
group_18549	675	230	0.3407	2	1.7938	1	1.7938
group_18550	312	0	0.0000	0	0.0000	0	0.0000
group_18551	375	6516	17.3760	46	74.2641	23	74.2641
group_18552	1266	453	0.3578	3	1.4346	1	0.9564
group_18554	264	0	0.0000	0	0.0000	0	0.0000
group_18553	279	0	0.0000	0	0.0000	0	0.0000
group_11272	177	0	0.0000	0	0.0000	0	0.0000
group_18555	153	0	0.0000	0	0.0000	0	0.0000
group_18556	2724	13845	5.0826	92	20.4472	46	20.4472
group_18557	219	1547	7.0639	13	35.9378	6	33.1734
group_18558	936	0	0.0000	0	0.0000	0	0.0000
group_18559	108	0	0.0000	0	0.0000	0	0.0000
group_18560	102	0	0.0000	0	0.0000	0	0.0000
group_18561	217	0	0.0000	0	0.0000	0	0.0000
group_18562	171	151	0.8830	1	3.5404	0	0.0000
group_18563	147	0	0.0000	0	0.0000	0	0.0000
group_18564	234	0	0.0000	0	0.0000	0	0.0000
group_18565	273	0	0.0000	0	0.0000	0	0.0000
group_13476	519	0	0.0000	0	0.0000	0	0.0000
group_18566	99	0	0.0000	0	0.0000	0	0.0000
group_18567	192	204	1.0625	2	6.3064	1	6.3064
group_5282	405	151	0.3728	1	1.4948	0	0.0000
group_11027	180	0	0.0000	0	0.0000	0	0.0000
group_18568	225	906	4.0267	6	16.1444	3	16.1444
group_18569	126	0	0.0000	0	0.0000	0	0.0000
group_18571	279	0	0.0000	0	0.0000	0	0.0000
group_18570	1197	453	0.3784	3	1.5173	1	1.0116
group_18572	186	0	0.0000	0	0.0000	0	0.0000
group_18573	918	1503	1.6373	9	5.9354	4	5.2759
group_18574	399	755	1.8922	5	7.5866	2	6.0693
group_18575	156	0	0.0000	0	0.0000	0	0.0000
group_9428	348	0	0.0000	0	0.0000	0	0.0000
group_14924	198	0	0.0000	0	0.0000	0	0.0000
group_1848	3519	0	0.0000	0	0.0000	0	0.0000
group_18576	198	0	0.0000	0	0.0000	0	0.0000
group_18577	189	0	0.0000	0	0.0000	0	0.0000
group_7661	210	0	0.0000	0	0.0000	0	0.0000
group_18578	174	0	0.0000	0	0.0000	0	0.0000
group_18579	666	0	0.0000	0	0.0000	0	0.0000
group_18581	2025	0	0.0000	0	0.0000	0	0.0000
group_18582	852	0	0.0000	0	0.0000	0	0.0000
group_18580	255	0	0.0000	0	0.0000	0	0.0000
group_18583	1305	4541	3.4797	30	13.9176	15	13.9176
group_5847	396	0	0.0000	0	0.0000	0	0.0000
group_18584	960	290	0.3021	2	1.2613	1	1.2613
group_18585	375	0	0.0000	0	0.0000	0	0.0000
group_11273	177	0	0.0000	0	0.0000	0	0.0000
group_18586	153	0	0.0000	0	0.0000	0	0.0000
group_18587	354	2196	6.2034	16	27.3634	8	27.3634
group_18588	192	0	0.0000	0	0.0000	0	0.0000
group_18589	978	1912	1.9550	13	8.0474	6	7.4284
group_18590	192	0	0.0000	0	0.0000	0	0.0000
group_18591	108	0	0.0000	0	0.0000	0	0.0000
group_18592	165	0	0.0000	0	0.0000	0	0.0000
group_18593	453	0	0.0000	0	0.0000	0	0.0000
group_18594	195	451	2.3128	3	9.3141	1	6.2094
group_18595	201	0	0.0000	0	0.0000	0	0.0000
group_18596	1110	0	0.0000	0	0.0000	0	0.0000
group_15108	606	991	1.6353	7	6.9932	3	5.9942
group_15104	813	12851	15.8069	87	64.7860	43	64.0413
group_15109	1851	6383	3.4484	42	13.7371	21	13.7371
group_15115	300	0	0.0000	0	0.0000	0	0.0000
group_15111	981	0	0.0000	0	0.0000	0	0.0000
group_15102	609	0	0.0000	0	0.0000	0	0.0000
group_15113	1779	580	0.3260	6	2.0419	3	2.0419
group_18597	204	118	0.5784	2	5.9354	1	5.9354
group_2122	117	0	0.0000	0	0.0000	0	0.0000
group_18598	243	151	0.6214	1	2.4914	0	0.0000
group_18599	669	0	0.0000	0	0.0000	0	0.0000
group_18601	120	398	3.3167	4	20.1805	2	20.1805
group_18600	324	5813	17.9414	40	74.7425	20	74.7425
group_18602	375	303	0.8080	2	3.2289	1	3.2289
group_7039	624	0	0.0000	0	0.0000	0	0.0000
group_18603	696	0	0.0000	0	0.0000	0	0.0000
group_18605	240	0	0.0000	0	0.0000	0	0.0000
group_18604	840	0	0.0000	0	0.0000	0	0.0000
group_18607	771	0	0.0000	0	0.0000	0	0.0000
group_18606	675	0	0.0000	0	0.0000	0	0.0000
group_18608	1272	0	0.0000	0	0.0000	0	0.0000
group_18609	228	0	0.0000	0	0.0000	0	0.0000
group_8083	603	0	0.0000	0	0.0000	0	0.0000
group_2349	471	0	0.0000	0	0.0000	0	0.0000
group_4087	492	0	0.0000	0	0.0000	0	0.0000
group_18610	132	247	1.8712	2	9.1729	1	9.1729
group_18611	441	0	0.0000	0	0.0000	0	0.0000
group_18616	1131	0	0.0000	0	0.0000	0	0.0000
group_18614	336	0	0.0000	0	0.0000	0	0.0000
group_18612	354	0	0.0000	0	0.0000	0	0.0000
group_18613	306	0	0.0000	0	0.0000	0	0.0000
group_18615	174	0	0.0000	0	0.0000	0	0.0000
group_18617	684	0	0.0000	0	0.0000	0	0.0000
group_18618	264	302	1.1439	2	4.5865	1	4.5865
group_18619	1722	1890	1.0976	13	4.5705	6	4.2189
group_18620	1869	4163	2.2274	28	9.0699	14	9.0699
group_18621	159	0	0.0000	0	0.0000	0	0.0000
group_18622	1164	0	0.0000	0	0.0000	0	0.0000
group_2526	273	0	0.0000	0	0.0000	0	0.0000
group_2043	1191	3585	3.0101	24	12.1998	12	12.1998
group_4585	417	0	0.0000	0	0.0000	0	0.0000
group_5088	237	0	0.0000	0	0.0000	0	0.0000
group_12627	162	0	0.0000	0	0.0000	0	0.0000
group_11828	171	0	0.0000	0	0.0000	0	0.0000
group_18623	294	0	0.0000	0	0.0000	0	0.0000
group_18624	138	0	0.0000	0	0.0000	0	0.0000
group_18625	207	665	3.2126	5	14.6235	2	11.6988
group_18626	1197	0	0.0000	0	0.0000	0	0.0000
group_12433	537	10235	19.0596	71	80.0454	35	78.9180
group_13752	300	0	0.0000	0	0.0000	0	0.0000
group_18628	1671	0	0.0000	0	0.0000	0	0.0000
group_18629	915	0	0.0000	0	0.0000	0	0.0000
group_18627	855	0	0.0000	0	0.0000	0	0.0000
group_12626	162	379	2.3395	3	11.2114	1	7.4742
group_7662	210	817	3.8905	7	20.1805	3	17.2975
group_14139	297	0	0.0000	0	0.0000	0	0.0000
group_6501	978	0	0.0000	0	0.0000	0	0.0000
group_2821	1152	0	0.0000	0	0.0000	0	0.0000
group_2978	4359	9122	2.0927	61	8.4722	30	8.3333
group_16592	747	0	0.0000	0	0.0000	0	0.0000
group_18630	597	0	0.0000	0	0.0000	0	0.0000
group_18631	171	0	0.0000	0	0.0000	0	0.0000
group_18632	477	289	0.6059	2	2.5384	1	2.5384
group_3857	435	10836	24.9103	78	108.5570	39	108.5570
group_18633	171	0	0.0000	0	0.0000	0	0.0000
group_8671	921	0	0.0000	0	0.0000	0	0.0000
group_18634	105	0	0.0000	0	0.0000	0	0.0000
group_18635	432	216	0.5000	2	2.8028	1	2.8028
group_18636	477	2172	4.5535	15	19.0382	7	17.7690
group_11547	552	5112	9.2609	35	38.3868	17	37.2900
group_17611	204	0	0.0000	0	0.0000	0	0.0000
group_17612	2892	1036	0.3582	4	0.8374	2	0.8374
group_17613	150	149	0.9933	1	4.0361	0	0.0000
group_17609	123	0	0.0000	0	0.0000	0	0.0000
group_18640	1854	32281	17.4115	217	70.8602	108	70.5337
group_18641	1428	45329	31.7430	307	130.1556	153	129.7316
group_18642	786	46419	59.0573	322	248.0195	161	248.0195
group_18645	432	1661	3.8449	11	15.4156	5	14.0142
group_18644	570	1331	2.3351	9	9.5592	4	8.4970
group_18646	1128	34337	30.4406	230	123.4444	115	123.4444
group_18650	177	921	5.2034	7	23.9429	3	20.5225
group_18651	1494	24021	16.0783	161	65.2421	80	64.8369
group_18652	2199	84686	38.5111	572	157.4793	286	157.4793
group_18653	936	38513	41.1464	263	170.1110	131	169.4642
group_18647	1128	49229	43.6427	341	183.0197	170	182.4830
group_18648	1227	34767	28.3350	240	118.4184	120	118.4184
group_18649	2882	86024	29.8487	578	121.4189	289	121.4189
group_18654	384	0	0.0000	0	0.0000	0	0.0000
group_18655	1068	32473	30.4054	219	124.1439	109	123.5770
group_18656	2136	27888	13.0562	189	53.5689	94	53.2855
group_6472	1722	6169	3.5825	42	14.7662	21	14.7662
moeA	1221	20809	17.0426	143	70.9044	71	70.4085
group_6474	144	144	1.0000	1	4.2043	0	0.0000
group_6475	405	911	2.2494	6	8.9691	3	8.9691
group_18657	738	10225	13.8550	69	56.6038	34	55.7834
group_18658	852	12700	14.9061	87	61.8205	43	61.1099
group_18659	579	9653	16.6718	67	70.0566	33	69.0109
group_18661	507	11430	22.5444	77	91.9465	38	90.7524
group_18662	672	22343	33.2485	155	139.6417	77	138.7407
group_18660	471	9591	20.3631	67	86.1205	33	84.8351
group_18665	564	0	0.0000	0	0.0000	0	0.0000
group_18666	225	1276	5.6711	10	26.9073	5	26.9073
group_18667	105	0	0.0000	0	0.0000	0	0.0000
group_18668	225	2030	9.0222	14	37.6702	7	37.6702
group_18669	339	4462	13.1622	31	55.3624	15	53.5765
group_18670	906	36859	40.6832	256	171.0662	128	171.0662
group_18671	519	23149	44.6031	158	184.3072	79	184.3072
group_18663	417	6812	16.3357	46	66.7843	23	66.7843
group_18664	639	4751	7.4351	32	30.3181	16	30.3181
group_18673	408	14585	35.7475	102	151.3535	51	151.3535
group_18674	270	8989	33.2926	63	141.2633	31	139.0210
group_18675	465	14629	31.4602	103	134.1025	51	132.8005
group_18672	678	27340	40.3245	187	166.9800	93	166.0871
group_18676	657	26603	40.4916	186	171.3958	93	171.3958
group_18686	741	0	0.0000	0	0.0000	0	0.0000
group_18687	2304	6573	2.8529	39	10.2479	19	9.9851
group_18688	765	9615	12.5686	64	50.6490	32	50.6490
group_18689	327	4674	14.2936	33	61.0968	16	59.2454
group_18690	735	4517	6.1456	31	25.5345	15	24.7108
group_6789	219	2298	10.4932	19	52.5245	9	49.7601
group_6566	813	23344	28.7134	159	118.4020	79	117.6574
group_18691	1011	19135	18.9268	129	77.2487	64	76.6499
group_6616	729	27077	37.1427	182	151.1459	91	151.1459
group_13136	525	17679	33.6743	118	136.0740	59	136.0740
group_18692	456	11855	25.9978	79	104.8853	39	103.5577
group_18693	774	4557	5.8876	30	23.4657	15	23.4657
group_18694	468	9516	20.3333	69	89.2598	34	87.9662
group_18695	654	30474	46.5963	210	194.3990	105	194.3990
group_18696	1401	19106	13.6374	129	55.7448	64	55.3126
group_18699	1101	26175	23.7738	176	96.7783	88	96.7783
group_18700	2154	36644	17.0121	248	69.7041	124	69.7041
group_18701	303	8827	29.1320	64	127.8763	32	127.8763
group_18702	540	11381	21.0759	79	88.5698	39	87.4487
group_18703	183	2207	12.0601	16	52.9324	8	52.9324
group_18704	2226	31217	14.0238	207	56.2986	103	56.0266
group_18705	1446	2018	1.3956	14	5.8615	7	5.8615
group_18706	747	11969	16.0228	83	67.2682	41	66.4578
group_18707	1491	35675	23.9269	244	99.0751	122	99.0751
group_18708	1593	3454	2.1682	25	9.5012	12	9.1211
group_18709	1041	41966	40.3132	287	166.9105	143	166.3290
group_18710	915	21170	23.1366	145	95.9399	72	95.2783
group_18711	633	23625	37.3223	161	153.9837	80	153.0273
group_18712	147	0	0.0000	0	0.0000	0	0.0000
group_18713	357	2063	5.7787	14	23.7417	7	23.7417
group_18714	261	3255	12.4713	23	53.3507	11	51.0311
group_18715	132	119	0.9015	1	4.5865	0	0.0000
group_18716	408	3053	7.4828	21	31.1610	10	29.6772
group_18717	336	11643	34.6518	83	149.5517	41	147.7499
group_18718	225	6437	28.6089	52	139.9179	26	139.9179
group_18697	297	4098	13.7980	31	63.1914	15	61.1529
group_18698	165	0	0.0000	0	0.0000	0	0.0000
group_18719	285	2828	9.9228	24	50.9822	12	50.9822
group_18720	1011	19365	19.1543	131	78.4463	65	77.8475
group_18721	1356	69050	50.9218	464	207.1624	232	207.1624
group_18722	201	690	3.4328	6	18.0721	3	18.0721
group_18723	939	29741	31.6731	205	132.1724	102	131.5277
group_18724	783	29996	38.3091	206	159.2788	103	159.2788
group_18725	1035	33618	32.4812	230	134.5365	115	134.5365
group_18726	2253	26605	11.8087	179	48.0999	89	47.8312
group_18727	318	9289	29.2107	67	127.5558	33	125.6520
group_18738	351	2977	8.4815	20	34.4965	10	34.4965
group_18737	465	4678	10.0602	31	40.3609	15	39.0590
group_18728	702	4199	5.9815	33	28.4596	16	27.5972
group_18729	1137	55920	49.1821	383	203.9346	191	203.4021
group_18730	2319	35090	15.1315	235	61.3507	117	61.0897
group_18731	792	997	1.2588	7	5.3509	3	4.5865
group_18732	2430	20890	8.5967	140	34.8798	70	34.8798
group_18733	492	14292	29.0488	97	119.3601	48	118.1296
group_18734	2214	155076	70.0434	1038	283.8391	519	283.8391
group_18735	1407	24114	17.1386	161	69.2762	80	68.8460
group_18736	795	21454	26.9862	142	108.1369	71	108.1369
group_6682	288	0	0.0000	0	0.0000	0	0.0000
group_6683	210	128	0.6095	1	2.8829	0	0.0000
group_6685	2967	10559	3.5588	70	14.2834	35	14.2834
group_6686	297	151	0.5084	1	2.0384	0	0.0000
group_6687	390	1359	3.4846	9	13.9711	4	12.4188
group_6688	231	0	0.0000	0	0.0000	0	0.0000
group_18739	90	0	0.0000	0	0.0000	0	0.0000
group_18740	201	604	3.0050	4	12.0480	2	12.0480
group_18741	3531	21584	6.1127	143	24.5183	71	24.3469
group_18742	546	4564	8.3590	31	34.3733	15	33.2645
group_18743	306	12065	39.4281	82	162.2352	41	162.2352
group_18744	348	6756	19.4138	47	81.7657	23	80.0260
group_18745	627	12589	20.0781	88	84.9704	44	84.9704
group_18746	207	3944	19.0531	29	84.8165	14	81.8918
group_18747	900	28786	31.9844	196	131.8457	98	131.8457
group_18748	399	6017	15.0802	42	63.7278	21	63.7278
group_18749	255	5520	21.6471	37	87.8444	18	85.4702
group_18750	657	2107	3.2070	14	12.9008	7	12.9008
group_18751	420	6398	15.2333	44	63.4243	22	63.4243
group_6697	426	0	0.0000	0	0.0000	0	0.0000
group_18752	348	0	0.0000	0	0.0000	0	0.0000
group_18753	321	8271	25.7664	61	115.0475	30	113.1615
group_18754	618	32364	52.3689	224	219.4381	112	219.4381
group_18755	933	14670	15.7235	104	67.4845	52	67.4845
group_18756	219	2478	11.3151	20	55.2890	10	55.2890
group_18757	1122	34145	30.4323	239	128.9608	119	128.4212
group_18758	339	14469	42.6814	111	198.2329	55	196.4471
group_18759	1416	37180	26.2571	248	106.0330	124	106.0330
group_18778	1173	0	0.0000	0	0.0000	0	0.0000
group_18760	924	1200	1.2987	4	2.6208	2	2.6208
group_18762	2667	1507	0.5651	10	2.2700	5	2.2700
group_18763	183	0	0.0000	0	0.0000	0	0.0000
group_18764	1002	6639	6.6257	45	27.1893	22	26.5851
group_18765	2244	56316	25.0963	377	101.7117	188	101.4419
group_18766	792	23313	29.4356	155	118.4838	77	117.7194
group_18767	357	3310	9.2717	22	37.3084	11	37.3084
group_18761	156	295	1.8910	2	7.7617	1	7.7617
group_18777	468	5478	11.7051	37	47.8639	18	46.5703
group_18768	996	4732	4.7510	35	21.2746	17	20.6667
group_18769	555	19026	34.2811	127	138.5362	63	137.4454
group_18770	624	16710	26.7788	115	111.5747	57	110.6045
group_18771	1164	49421	42.4579	337	175.2788	168	174.7587
group_18772	252	7075	28.0754	51	122.5243	25	120.1218
group_18773	1011	45971	45.4708	306	183.2411	153	183.2411
group_18774	1113	28826	25.8994	196	106.6138	98	106.6138
group_18775	147	0	0.0000	0	0.0000	0	0.0000
group_18776	261	970	3.7165	7	16.2372	3	13.9176
group_18779	603	6660	11.0448	47	47.1882	23	46.1842
group_18780	1032	20344	19.7132	136	79.7833	68	79.7833
group_18784	864	14886	17.2292	100	70.0711	50	70.0711
group_18782	294	2055	6.9898	14	28.8292	7	28.8292
group_18781	984	15282	15.5305	103	63.3716	51	62.7563
group_18783	219	2096	9.5708	16	44.2312	8	44.2312
group_18785	420	5008	11.9238	35	50.4512	17	49.0097
group_18787	417	604	1.4484	4	5.8073	2	5.8073
group_18786	3189	35686	11.1903	210	39.8673	105	39.8673
group_18788	258	994	3.8527	7	16.4260	3	14.0794
group_18790	471	21876	46.4459	151	194.0924	75	192.8070
group_18791	327	1309	4.0031	9	16.6628	4	14.8114
group_18792	3000	32725	10.9083	220	44.3970	110	44.3970
group_18793	876	14435	16.4783	97	67.0379	48	66.3468
group_18789	600	12825	21.3750	87	87.7850	43	86.7760
group_18794	924	7217	7.8106	49	32.1053	24	31.4501
group_18795	450	0	0.0000	0	0.0000	0	0.0000
group_18796	840	0	0.0000	0	0.0000	0	0.0000
group_18798	162	0	0.0000	0	0.0000	0	0.0000
group_18797	198	0	0.0000	0	0.0000	0	0.0000
group_18799	219	0	0.0000	0	0.0000	0	0.0000
group_11551	174	536	3.0805	4	13.9176	2	13.9176
group_18800	165	228	1.3818	2	7.3384	1	7.3384
group_18801	393	6804	17.3130	52	80.1057	26	80.1057
group_18802	267	2557	9.5768	19	43.0819	9	40.8144
group_18803	93	0	0.0000	0	0.0000	0	0.0000
group_14815	1002	3325	3.3184	22	13.2925	11	13.2925
ykfC	831	7638	9.1913	51	37.1554	25	36.4268
group_7508	369	0	0.0000	0	0.0000	0	0.0000
group_7290	951	2528	2.6583	17	10.8223	8	10.1857
group_4290	423	1747	4.1300	12	17.1749	6	17.1749
group_18804	241	148	0.6141	1	2.5121	0	0.0000
group_18805	153	249	1.6275	2	7.9139	1	7.9139
group_18806	333	4328	12.9970	31	56.3599	15	54.5418
group_18807	426	3396	7.9718	20	28.4232	10	28.4232
group_18808	231	0	0.0000	0	0.0000	0	0.0000
group_18809	141	0	0.0000	0	0.0000	0	0.0000
group_18810	378	1603	4.2407	12	19.2195	6	19.2195
group_18811	615	1954	3.1772	13	12.7974	6	11.8130
group_18812	174	0	0.0000	0	0.0000	0	0.0000
group_18813	549	5620	10.2368	40	44.1103	20	44.1103
group_18814	411	1084	2.6375	8	11.7842	4	11.7842
group_18815	195	960	4.9231	12	37.2563	6	37.2563
group_18816	681	2867	4.2100	19	16.8911	9	16.0021
group_18817	501	2194	4.3792	16	19.3346	8	19.3346
group_18818	399	0	0.0000	0	0.0000	0	0.0000
group_18819	381	1268	3.3281	9	14.3011	4	12.7121
group_18820	240	212	0.8833	2	5.0451	1	5.0451
group_18821	156	1014	6.5000	8	31.0469	4	31.0469
group_3388	261	302	1.1571	2	4.6392	1	4.6392
group_18822	1278	0	0.0000	0	0.0000	0	0.0000
group_18823	1305	1434	1.0989	10	4.6392	5	4.6392
group_4898	1929	902	0.4676	6	1.8831	3	1.8831
group_9598	1464	0	0.0000	0	0.0000	0	0.0000
group_2311	1182	906	0.7665	6	3.0732	3	3.0732
group_4208	2118	151	0.0713	1	0.2858	0	0.0000
group_18824	987	453	0.4590	3	1.8402	1	1.2268
group_18825	2391	0	0.0000	0	0.0000	0	0.0000
group_5609	231	0	0.0000	0	0.0000	0	0.0000
group_18826	915	0	0.0000	0	0.0000	0	0.0000
group_18827	120	186	1.5500	2	10.0902	1	10.0902
group_6550	636	8767	13.7846	60	57.1145	30	57.1145
group_18828	213	2096	9.8404	16	45.4771	8	45.4771
group_13165	156	180	1.1538	2	7.7617	1	7.7617
group_18829	327	1552	4.7462	12	22.2170	6	22.2170
group_18830	186	0	0.0000	0	0.0000	0	0.0000
group_18831	240	3499	14.5792	24	60.5414	12	60.5414
group_18832	726	11886	16.3719	85	70.8818	42	70.0479
group_18833	168	0	0.0000	0	0.0000	0	0.0000
group_18834	495	7711	15.5778	56	68.4913	28	68.4913
group_18835	249	0	0.0000	0	0.0000	0	0.0000
group_18836	246	450	1.8293	4	9.8441	2	9.8441
group_18837	771	8819	11.4384	59	46.3287	29	45.5435
group_18838	528	19412	36.7652	132	151.3535	66	151.3535
group_4335	246	0	0.0000	0	0.0000	0	0.0000
group_18839	951	11541	12.1356	80	50.9286	40	50.9286
group_18840	267	0	0.0000	0	0.0000	0	0.0000
group_18841	117	92	0.7863	2	10.3490	1	10.3490
group_18842	126	0	0.0000	0	0.0000	0	0.0000
group_18843	171	604	3.5322	4	14.1617	2	14.1617
group_18844	138	0	0.0000	0	0.0000	0	0.0000
group_18845	366	302	0.8251	2	3.3083	1	3.3083
group_18846	108	0	0.0000	0	0.0000	0	0.0000
group_18847	153	0	0.0000	0	0.0000	0	0.0000
group_18848	252	2718	10.7857	18	43.2439	9	43.2439
group_18849	846	28852	34.1040	196	140.2614	98	140.2614
group_18850	174	340	1.9540	4	13.9176	2	13.9176
group_18851	102	0	0.0000	0	0.0000	0	0.0000
group_18852	174	1486	8.5402	12	41.7527	6	41.7527
group_18853	510	8196	16.0706	56	66.4768	28	66.4768
group_18855	297	3154	10.6195	22	44.8455	11	44.8455
group_18854	573	6431	11.2234	43	45.4325	21	44.3759
group_18856	300	3836	12.7867	28	56.5053	14	56.5053
group_18858	693	16594	23.9452	114	99.5919	57	99.5919
group_18857	282	763	2.7057	6	12.8812	3	12.8812
group_6588	975	15398	15.7928	102	63.3356	51	63.3356
group_18859	348	2148	6.1724	17	29.5748	8	27.8351
group_18860	765	12976	16.9621	83	65.6855	41	64.8941
group_18861	561	10379	18.5009	71	76.6210	35	75.5419
group_18862	279	1652	5.9211	11	23.8694	5	21.6994
group_18863	174	454	2.6092	3	10.4382	1	6.9588
group_18864	720	17995	24.9931	121	101.7432	60	100.9024
group_18865	138	844	6.1159	8	35.0965	4	35.0965
group_18866	144	144	1.0000	1	4.2043	0	0.0000
group_7851	987	38287	38.7913	265	162.5479	132	161.9345
group_7853	633	19112	30.1927	130	124.3347	65	124.3347
group_7855	1089	34465	31.6483	234	130.0890	117	130.0890
group_7858	1416	48959	34.5756	326	139.3821	163	139.3821
acoB	984	52691	53.5478	364	223.9540	182	223.9540
group_7861	498	12714	25.5301	88	106.9808	44	106.9808
group_7864	2322	100223	43.1624	673	175.4710	336	175.2103
group_7866	306	8774	28.6732	59	116.7302	29	114.7517
group_18868	1626	16255	9.9969	111	41.3290	55	40.9567
lldD	1164	61029	52.4304	413	214.8076	206	214.2875
group_7869	234	3353	14.3291	26	67.2682	13	67.2682
ccmK	309	12209	39.5113	86	168.4971	43	168.4971
group_7880	1356	72123	53.1881	484	216.0918	242	216.0918
rpmI	204	6675	32.7206	51	151.3535	25	148.3858
group_18871	348	10505	30.1868	74	128.7375	37	128.7375
group_18873	195	3741	19.1846	29	90.0359	14	86.9313
group_18875	711	9342	13.1392	64	54.4958	32	54.4958
group_18877	696	29250	42.0259	207	180.0585	103	179.1887
group_7889	1119	57084	51.0134	381	206.1330	190	205.5919
group_7899	486	23531	48.4177	164	204.2961	82	204.2961
group_7898	222	2857	12.8694	21	57.2689	10	54.5418
group_7900	258	3467	13.4380	23	53.9710	11	51.6245
group_7897	315	1638	5.2000	11	21.1414	5	19.2195
group_7910	225	4594	20.4178	34	91.4848	17	91.4848
group_18879	885	17360	19.6158	119	81.4060	59	80.7219
group_7908	1074	62318	58.0242	425	239.5726	212	239.0089
psaJ	129	0	0.0000	0	0.0000	0	0.0000
group_18890	168	3126	18.6071	26	93.6950	13	93.6950
ccdA	729	15458	21.2044	105	87.1996	52	86.3691
group_18893	1359	83995	61.8065	571	254.3719	285	253.9265
group_7926	663	5553	8.3756	38	34.6995	19	34.6995
group_7927	213	1700	7.9812	12	34.1078	6	34.1078
group_7929	606	32859	54.2228	234	233.7738	117	233.7738
group_18894	384	12537	32.6484	87	137.1641	43	135.5875
group_18896	183	3870	21.1475	29	95.9399	14	92.6317
group_18897	489	19736	40.3599	136	168.3769	68	168.3769
group_7934	798	40884	51.2331	280	212.4260	140	212.4260
group_18901	1788	104320	58.3445	699	236.6804	349	236.3418
group_18905	504	20039	39.7599	139	166.9694	69	165.7682
group_18903	744	36244	48.7151	243	197.7361	121	196.9223
group_18904	363	14317	39.4408	100	166.7808	50	166.7808
group_18906	96	0	0.0000	0	0.0000	0	0.0000
rplM	456	20533	45.0285	140	185.8728	70	185.8728
group_18907	414	23212	56.0676	157	229.5894	78	228.1271
group_18909	234	8511	36.3718	63	162.9961	31	160.4089
folE	699	33503	47.9299	234	202.6708	117	202.6708
group_18912	576	19485	33.8281	133	139.7918	66	138.7407
group_7953	177	833	4.7062	6	20.5225	3	20.5225
group_7963	1431	62575	43.7282	423	178.9589	211	178.5358
dedA	606	18336	30.2574	126	125.8782	63	125.8782
ahcY	1278	71275	55.7707	485	229.7542	242	229.2805
group_4539	1173	33851	28.8585	230	118.7087	115	118.7087
oLE1	834	41518	49.7818	281	203.9825	140	203.2565
group_18916	1143	32822	28.7157	221	117.0573	110	116.5277
group_7973	186	2239	12.0376	16	52.0786	8	52.0786
group_7975	1659	78431	47.2761	533	194.5062	266	194.1412
group_18918	216	4647	21.5139	31	86.8881	15	84.0853
group_7990	336	13775	40.9970	98	176.5791	49	176.5791
group_7993	687	36487	53.1106	252	222.0733	126	222.0733
group_18922	600	32970	54.9500	227	229.0483	113	228.0393
group_8000	213	3803	17.8545	26	73.9003	13	73.9003
group_18924	672	8203	12.2068	59	53.1539	29	52.2530
group_8006	1344	55078	40.9807	370	166.6691	185	166.6691
group_8008	444	10242	23.0676	73	99.5388	36	98.1753
group_18931	510	20796	40.7765	147	174.5017	73	173.3146
group_8012	588	7916	13.4626	54	55.5993	27	55.5993
group_8014	153	301	1.9673	2	7.9139	1	7.9139
group_18936	309	13485	43.6408	112	219.4381	56	219.4381
group_18375	120	399	3.3250	4	20.1805	2	20.1805
group_18937	801	11293	14.0986	77	58.1984	38	57.4425
group_8016	417	9121	21.8729	66	95.8209	33	95.8209
group_8017	315	4452	14.1333	36	69.1902	18	69.1902
group_18900	1359	55663	40.9588	375	167.0569	187	166.6114
sWEET	255	6867	26.9294	51	121.0828	25	118.7087
group_18872	957	33493	34.9979	219	138.5430	109	137.9104
ree1	615	17030	27.6911	118	116.1608	59	116.1608
group_18938	1224	32555	26.5972	218	107.8270	109	107.8270
group_18939	2052	83245	40.5677	558	164.6302	279	164.6302
group_18940	426	8408	19.7371	60	85.2696	30	85.2696
group_18943	501	21470	42.8543	152	183.6785	76	183.6785
group_8028	324	14547	44.8981	103	192.4619	51	190.5933
group_8031	504	20551	40.7758	144	172.9755	72	172.9755
group_8032	348	12045	34.6121	86	149.6138	43	149.6138
group_8036	987	57908	58.6707	396	242.9017	198	242.9017
group_18944	273	2004	7.3407	15	33.2645	7	31.0469
group_18950	783	39832	50.8710	278	214.9491	139	214.9491
group_18951	267	6287	23.5468	46	104.3036	23	104.3036
group_18955	408	5312	13.0196	38	56.3866	19	56.3866
group_18953	828	15862	19.1570	109	79.6982	54	78.9671
group_18956	588	19730	33.5544	137	141.0574	68	140.0278
group_8049	393	7810	19.8728	56	86.2677	28	86.2677
group_8052	210	1510	7.1905	10	28.8292	5	28.8292
group_8055	2052	132069	64.3611	889	262.2871	444	261.9921
group_8058	348	5834	16.7644	41	71.3275	20	69.5878
group_18899	291	4916	16.8935	37	76.9771	18	74.8966
group_18957	342	10668	31.1930	76	134.5365	38	134.5365
group_8089	237	6936	29.2658	47	120.0610	23	117.5065
group_18958	189	2850	15.0794	19	60.8617	9	57.6585
group_18959	177	0	0.0000	0	0.0000	0	0.0000
group_8104	399	7895	19.7870	55	83.4531	27	81.9357
group_8106	222	4183	18.8423	31	84.5398	15	81.8127
group_8109	447	13317	29.7919	92	124.6042	46	124.6042
rpsU	183	4003	21.8743	30	99.2482	15	99.2482
group_18965	207	696	3.3623	5	14.6235	2	11.6988
group_8124	360	5451	15.1417	37	62.2231	18	60.5414
group_8127	348	4793	13.7730	33	57.4100	16	55.6703
group_8130	153	0	0.0000	0	0.0000	0	0.0000
group_8136	339	5737	16.9233	41	73.2212	20	71.4353
group_8143	585	10469	17.8957	74	76.5823	37	76.5823
group_18928	1284	41901	32.6332	282	132.9648	141	132.9648
group_8172	273	2039	7.4689	14	31.0469	7	31.0469
group_8173	225	1798	7.9911	12	32.2888	6	32.2888
group_8177	216	1354	6.2685	9	25.2256	4	22.4227
group_8189	156	0	0.0000	0	0.0000	0	0.0000
group_8193	348	5217	14.9914	36	62.6290	18	62.6290
group_18966	984	23311	23.6900	160	98.4413	80	98.4413
group_18967	813	28421	34.9582	195	145.2100	97	144.4654
group_8204	1359	46611	34.2980	314	139.8823	157	139.8823
group_18969	591	19761	33.4365	141	144.4389	70	143.4145
group_8208	411	3317	8.0706	22	32.4066	11	32.4066
group_8211	234	604	2.5812	4	10.3490	2	10.3490
group_8212	2571	94726	36.8440	641	150.9414	320	150.7060
group_8215	246	4777	19.4187	35	86.1362	17	83.6751
group_8218	225	3654	16.2400	25	67.2682	12	64.5775
group_8220	705	14839	21.0482	103	88.4506	51	87.5918
group_8222	363	8849	24.3774	64	106.7397	32	106.7397
group_18974	159	0	0.0000	0	0.0000	0	0.0000
group_15605	213	0	0.0000	0	0.0000	0	0.0000
group_8242	486	4654	9.5761	34	42.3541	17	42.3541
group_8243	462	7844	16.9784	55	72.0731	27	70.7627
group_8245	1056	15314	14.5019	103	59.0508	51	58.4775
mutM	858	23465	27.3485	159	112.1921	79	111.4865
group_18639	1374	52405	38.1405	352	155.0988	176	155.0988
group_18914	1533	25442	16.5962	173	68.3214	86	67.9264
group_18975	342	5044	14.7485	35	61.9576	17	60.1874
group_8274	312	0	0.0000	0	0.0000	0	0.0000
group_8275	339	2402	7.0855	17	30.3600	8	28.5741
group_18869	1176	31348	26.6565	213	109.6541	106	109.1393
group_8291	336	7761	23.0982	57	102.7042	28	100.9024
group_8294	2646	52226	19.7377	350	80.0812	175	80.0812
group_18976	381	7486	19.6483	53	84.2177	26	82.6287
group_18978	1812	58398	32.2285	393	131.3067	196	130.9726
group_8302	756	16455	21.7659	113	90.4918	56	89.6910
group_8305	822	19553	23.7871	133	97.9563	66	97.2198
group_8310	1374	1933	1.4068	13	5.7281	6	5.2875
group_18638	534	1440	2.6966	10	11.3373	5	11.3373
group_8312	225	4462	19.8311	33	88.7941	16	86.1033
group_18886	582	26711	45.8952	188	195.5633	94	195.5633
group_18887	744	22810	30.6586	157	127.7554	78	126.9417
group_18888	948	17688	18.6582	119	75.9961	59	75.3575
group_18979	246	5894	23.9593	42	103.3634	21	103.3634
group_18980	243	0	0.0000	0	0.0000	0	0.0000
cobT	1074	31263	29.1089	211	118.9408	105	118.3771
group_8356	208	2402	11.5481	18	52.3916	9	52.3916
group_8359	951	43246	45.4742	291	185.2529	145	184.6163
group_8369	822	40876	49.7275	279	205.4873	139	204.7508
group_8368	1248	22601	18.1098	156	75.6768	78	75.6768
thiD	801	16429	20.5106	111	83.8963	55	83.1405
group_18983	1434	13096	9.1325	87	36.7301	43	36.3080
group_18981	381	9077	23.8241	63	100.1078	31	98.5188
group_18984	678	22050	32.5221	152	135.7271	76	135.7271
group_18942	588	21418	36.4252	150	154.4424	75	154.4424
group_18985	810	18986	23.4395	131	97.9127	65	97.1652
group_18986	1638	25874	15.7961	176	65.0506	88	65.0506
group_18987	411	15531	37.7883	109	160.5600	54	159.0869
group_18989	2628	30269	11.5179	202	46.5349	101	46.5349
group_18988	1350	18851	13.9637	129	57.8507	64	57.4022
group_8390	417	567	1.3597	4	5.8073	2	5.8073
tVP38	651	22892	35.1644	163	151.5860	81	150.6560
group_18990	1008	52012	51.5992	358	215.0181	179	215.0181
group_18991	240	5112	21.3000	39	98.3798	19	95.8572
group_18992	246	5476	22.2602	41	100.9024	20	98.4413
group_18993	2136	40515	18.9677	271	76.8105	135	76.5271
group_18995	1194	36405	30.4899	247	125.2406	123	124.7336
group_8404	771	9082	11.7795	61	47.8992	30	47.1139
group_8407	753	151	0.2005	1	0.8040	0	0.0000
group_8408	198	149	0.7525	1	3.0576	0	0.0000
group_18915	2034	76048	37.3884	511	152.0976	255	151.8000
group_18996	1626	43640	26.8389	295	109.8384	147	109.4660
group_19001	582	8688	14.9278	59	61.3736	29	60.3334
group_8420	618	27729	44.8689	190	186.1306	95	186.1306
group_19003	528	11064	20.9545	79	90.5828	39	89.4362
group_18946	1491	51603	34.6097	348	141.3039	174	141.3039
group_18892	876	34035	38.8527	231	159.6469	115	158.9558
group_18970	951	35583	37.4164	243	154.6957	121	154.0591
group_18971	504	8910	17.6786	64	76.8780	32	76.8780
group_18972	864	8035	9.2998	57	39.9405	28	39.2398
group_18973	513	17618	34.3431	126	148.6982	63	148.6982
group_18677	369	9631	26.1003	67	109.9261	33	108.2855
group_18678	663	17913	27.0181	126	115.0561	63	115.0561
group_19004	1407	34769	24.7114	233	100.2569	116	99.8266
group_19005	858	21926	25.5548	146	103.0192	73	103.0192
group_19006	1038	36709	35.3651	247	144.0629	123	143.4796
group_8444	765	11358	14.8471	80	63.3113	40	63.3113
group_18878	813	13998	17.2177	95	70.7433	47	69.9987
group_18880	975	15249	15.6400	104	64.5775	52	64.5775
group_18881	1014	20525	20.2416	137	81.7966	68	81.1995
group_19009	372	3593	9.6586	26	42.3139	13	42.3139
group_19010	1851	66886	36.1351	449	146.8563	224	146.5292
group_8455	1734	73373	42.3143	488	170.3818	244	170.3818
group_19014	678	10163	14.9897	70	62.5059	35	62.5059
group_19012	573	25404	44.3351	182	192.2956	91	192.2956
group_19017	285	1006	3.5298	7	14.8698	3	12.7456
group_19018	288	868	3.0139	6	12.6128	3	12.6128
group_19019	1290	6953	5.3899	47	22.0577	23	21.5884
araD	612	10834	17.7026	76	75.1821	38	75.1821
group_18932	1161	41909	36.0973	287	149.6588	143	149.1373
group_19020	783	15519	19.8199	107	82.7322	53	81.9590
group_19021	891	7190	8.0696	49	33.2944	24	32.6149
group_19022	234	2645	11.3034	18	46.5703	9	46.5703
group_19023	201	1540	7.6617	11	33.1321	5	30.1201
group_19025	447	5672	12.6890	40	54.1758	20	54.1758
group_19026	468	7091	15.1517	52	67.2682	26	67.2682
group_8482	213	136	0.6385	2	5.6846	1	5.6846
group_8486	213	1953	9.1690	13	36.9502	6	34.1078
group_19028	339	8787	25.9204	61	108.9388	30	107.1529
group_19029	399	453	1.1353	3	4.5520	1	3.0347
group_8494	210	2149	10.2333	16	46.1268	8	46.1268
group_19030	1359	0	0.0000	0	0.0000	0	0.0000
group_18999	750	22610	30.1467	155	125.1189	77	124.3117
group_8505	1338	56357	42.1203	382	172.8462	191	172.8462
group_8506	732	22849	31.2145	159	131.5039	79	130.6768
group_8513	117	543	4.6410	5	25.8724	2	20.6979
group_8516	657	16320	24.8402	112	103.2061	56	103.2061
group_19033	504	7474	14.8294	52	62.4634	26	62.4634
group_8530	957	12307	12.8600	87	55.0376	43	54.4050
group_19034	1521	24227	15.9283	163	64.8800	81	64.4820
group_8544	378	4146	10.9683	29	46.4471	14	44.8455
group_8563	690	26757	38.7783	188	164.9534	94	164.9534
group_8566	142	210	1.4789	2	8.5270	1	8.5270
group_19035	150	292	1.9467	2	8.0722	1	8.0722
group_19036	132	0	0.0000	0	0.0000	0	0.0000
group_8589	468	4897	10.4637	36	46.5703	18	46.5703
group_8595	474	5617	11.8502	39	49.8126	19	48.5353
group_18930	1119	44059	39.3735	293	158.5222	146	157.9812
group_8609	744	21855	29.3750	149	121.2456	74	120.4318
group_19037	279	0	0.0000	0	0.0000	0	0.0000
group_8612	231	0	0.0000	0	0.0000	0	0.0000
group_6559	657	2198	3.3455	15	13.8222	7	12.9008
group_8631	822	5112	6.2190	38	27.9875	19	27.9875
group_8647	762	5581	7.3241	38	30.1913	19	30.1913
group_8650	444	36693	82.6419	245	334.0686	122	332.7051
group_19038	810	28473	35.1519	193	144.2530	96	143.5056
group_8659	261	604	2.3142	4	9.2784	2	9.2784
group_8660	297	750	2.5253	5	10.1922	2	8.1537
group_8663	318	7903	24.8522	54	102.8062	27	102.8062
group_19041	573	296	0.5166	2	2.1131	1	2.1131
group_19043	234	302	1.2906	2	5.1745	1	5.1745
group_19045	468	151	0.3226	1	1.2936	0	0.0000
group_8675	831	37654	45.3117	255	185.7769	127	185.0484
group_19048	240	0	0.0000	0	0.0000	0	0.0000
group_8689	201	302	1.5025	2	6.0240	1	6.0240
group_8693	666	21240	31.8919	153	139.0816	76	138.1726
group_8695	1092	28443	26.0467	193	107.0008	96	106.4464
group_19008	186	819	4.4032	8	26.0393	4	26.0393
group_19039	834	267	0.3201	2	1.4518	1	1.4518
group_19040	1944	0	0.0000	0	0.0000	0	0.0000
group_19042	324	0	0.0000	0	0.0000	0	0.0000
group_19044	570	0	0.0000	0	0.0000	0	0.0000
group_19047	702	302	0.4302	2	1.7248	1	1.7248
group_8728	255	2560	10.0392	17	40.3609	8	37.9868
group_16765	153	258	1.6863	2	7.9139	1	7.9139
group_16766	252	0	0.0000	0	0.0000	0	0.0000
group_8740	168	150	0.8929	1	3.6037	0	0.0000
group_8741	243	0	0.0000	0	0.0000	0	0.0000
group_6868	546	3590	6.5751	25	27.7204	12	26.6116
group_8753	1806	0	0.0000	0	0.0000	0	0.0000
group_18968	666	28894	43.3844	205	186.3512	102	185.4422
group_8763	261	4971	19.0460	35	81.1858	17	78.8662
group_19050	270	0	0.0000	0	0.0000	0	0.0000
group_8769	372	8375	22.5134	62	100.9024	31	100.9024
group_8770	378	4697	12.4259	33	52.8536	16	51.2520
group_19053	957	21952	22.9383	145	91.7294	72	91.0968
group_19054	687	4663	6.7875	32	28.1998	16	28.1998
group_19055	171	302	1.7661	2	7.0809	1	7.0809
group_7015	759	25390	33.4519	173	137.9929	86	137.1953
group_7024	864	2651	3.0683	18	12.6128	9	12.6128
group_8799	894	2692	3.0112	18	12.1895	9	12.1895
group_8801	519	828	1.5954	6	6.9990	3	6.9990
group_8803	1341	2114	1.5764	14	6.3205	7	6.3205
group_8815	129	285	2.2093	4	18.7725	2	18.7725
group_8817	432	5356	12.3981	40	56.0569	20	56.0569
group_8831	513	91311	177.9942	627	739.9506	313	738.7705
group_8836	999	75054	75.1291	516	312.7064	258	312.7064
group_8843	552	24889	45.0888	173	189.7403	86	188.6435
tnpISMae29	450	17586	39.0800	128	172.2067	64	172.2067
group_19058	2988	95386	31.9230	635	128.6606	317	128.4580
group_8919	975	10325	10.5897	69	42.8447	34	42.2238
group_19060	468	755	1.6132	5	6.4681	2	5.1745
group_18998	351	5215	14.8575	41	70.7179	20	68.9931
group_8924	348	11820	33.9655	84	146.1344	42	146.1344
group_8938	225	1591	7.0711	11	29.5980	5	26.9073
group_8942	900	33809	37.5656	225	151.3535	112	150.6808
group_19061	210	6927	32.9857	46	132.6145	23	132.6145
group_8952	351	4506	12.8376	30	51.7448	15	51.7448
group_8974	195	0	0.0000	0	0.0000	0	0.0000
group_8989	687	19011	27.6725	131	115.4429	65	114.5616
group_19064	342	3668	10.7251	25	44.2554	12	42.4852
group_18885	213	428	2.0094	3	8.5270	1	5.6846
group_19065	381	5339	14.0131	38	60.3825	19	60.3825
group_15513	255	984	3.8588	7	16.6192	3	14.2450
group_9017	108	0	0.0000	0	0.0000	0	0.0000
group_18977	1680	6449	3.8387	43	15.4957	21	15.1354
group_19011	249	1502	6.0321	10	24.3138	5	24.3138
group_9031	519	14041	27.0539	98	114.3171	49	114.3171
group_9039	3393	22439	6.6133	151	26.9430	75	26.7646
group_9040	801	22564	28.1698	155	117.1525	77	116.3967
group_9045	2583	12385	4.7948	81	18.9851	40	18.7507
group_19066	804	12399	15.4216	83	62.4992	41	61.7462
group_19067	585	18560	31.7265	133	137.6412	66	136.6063
group_9060	138	0	0.0000	0	0.0000	0	0.0000
group_9062	363	5235	14.4215	36	60.0411	18	60.0411
group_9063	576	850	1.4757	6	6.3064	3	6.3064
group_9071	1266	0	0.0000	0	0.0000	0	0.0000
group_9067	363	12870	35.4545	92	153.4383	46	153.4383
group_9068	246	2113	8.5894	14	34.4545	7	34.4545
group_9075	354	2198	6.2090	16	27.3634	8	27.3634
group_9076	1305	12455	9.5441	83	38.5053	41	38.0413
group_9078	519	302	0.5819	2	2.3330	1	2.3330
group_9079	150	0	0.0000	0	0.0000	0	0.0000
group_19068	669	17161	25.6517	114	103.1647	57	103.1647
group_18925	603	15721	26.0713	111	111.4444	55	110.4404
group_9093	138	179	1.2971	2	8.7741	1	8.7741
group_9095	207	0	0.0000	0	0.0000	0	0.0000
group_19069	165	304	1.8424	2	7.3384	1	7.3384
group_19002	780	16494	21.1462	113	87.7074	56	86.9313
group_19070	330	2727	8.2636	20	36.6918	10	36.6918
group_19072	258	1196	4.6357	8	18.7725	4	18.7725
group_9123	210	12750	60.7143	86	247.9315	43	247.9315
group_9131	444	11301	25.4527	79	107.7201	39	106.3565
group_19073	1329	8336	6.2724	58	26.4214	29	26.4214
group_9144	216	1414	6.5463	14	39.2398	7	39.2398
group_9145	1179	30887	26.1976	212	108.8616	106	108.8616
group_9146	164	1643	10.0183	11	40.6070	5	36.9155
group_19027	2706	92440	34.1611	619	138.4890	309	138.2653
group_19074	213	0	0.0000	0	0.0000	0	0.0000
group_9155	312	4621	14.8109	33	64.0342	16	62.0938
group_9158	102	0	0.0000	0	0.0000	0	0.0000
group_9159	438	5032	11.4886	36	49.7601	18	49.7601
group_16120	333	1659	4.9820	13	23.6348	6	21.8167
group_9175	819	41937	51.2051	283	209.1968	141	208.4576
group_19024	789	4047	5.1293	29	22.2522	14	21.4849
group_19079	432	1063	2.4606	8	11.2114	4	11.2114
group_16259	903	3404	3.7697	23	15.4203	11	14.7498
group_19083	414	9991	24.1329	70	102.3647	35	102.3647
group_19081	360	9662	26.8389	68	114.3560	34	114.3560
group_9207	1845	73270	39.7127	490	160.7875	245	160.7875
group_19086	753	6006	7.9761	42	33.7681	21	33.7681
group_9227	351	748	2.1311	5	8.6241	2	6.8993
group_9226	171	0	0.0000	0	0.0000	0	0.0000
group_9228	147	239	1.6259	2	8.2369	1	8.2369
group_16684	246	0	0.0000	0	0.0000	0	0.0000
group_16685	456	743	1.6294	5	6.6383	2	5.3107
hemW	1173	36803	31.3751	246	126.9666	123	126.9666
group_19075	702	6141	8.7479	42	36.2214	21	36.2214
group_9315	573	19437	33.9215	140	147.9197	70	147.9197
group_9298	879	51202	58.2503	349	240.3749	174	239.6861
group_18929	465	18602	40.0043	132	171.8595	66	171.8595
group_9307	351	0	0.0000	0	0.0000	0	0.0000
group_9331	1485	20819	14.0195	139	56.6684	69	56.2607
group_17530	1122	33451	29.8137	222	119.7878	111	119.7878
group_9347	906	11200	12.3620	75	50.1171	37	49.4488
group_19103	459	16588	36.1394	111	146.4073	55	145.0884
group_15435	591	4076	6.8968	27	27.6585	13	26.6341
group_9420	2544	14175	5.5719	95	22.6078	47	22.3699
group_9429	4260	50443	11.8411	336	47.7510	168	47.7510
group_9434	801	1812	2.2622	12	9.0699	6	9.0699
group_9464	2172	170	0.0783	2	0.5575	1	0.5575
group_9466	276	2464	8.9275	19	41.6771	9	39.4835
group_9475	3045	0	0.0000	0	0.0000	0	0.0000
group_9506	486	1147	2.3601	8	9.9657	4	9.9657
group_15549	777	0	0.0000	0	0.0000	0	0.0000
group_9525	1554	25602	16.4749	172	67.0085	86	67.0085
group_9532	396	575	1.4520	4	6.1153	2	6.1153
group_9561	363	0	0.0000	0	0.0000	0	0.0000
group_9578	2085	0	0.0000	0	0.0000	0	0.0000
group_9616	153	0	0.0000	0	0.0000	0	0.0000
group_9620	186	302	1.6237	2	6.5098	1	6.5098
group_14760	1101	0	0.0000	0	0.0000	0	0.0000
group_9632	1788	302	0.1689	2	0.6772	1	0.6772
group_9648	219	445	2.0320	3	8.2933	1	5.5289
group_9659	1032	17492	16.9496	119	69.8103	59	69.2237
group_9694	111	412	3.7117	4	21.8167	2	21.8167
group_9702	177	1054	5.9548	7	23.9429	3	20.5225
group_9713	2019	0	0.0000	0	0.0000	0	0.0000
group_9727	300	1870	6.2333	14	28.2527	7	28.2527
group_9757	603	2987	4.9536	21	21.0841	10	20.0801
group_9810	858	0	0.0000	0	0.0000	0	0.0000
group_9814	486	9631	19.8169	69	85.9539	34	84.7081
group_9819	1146	15508	13.5323	105	55.4699	52	54.9416
group_9823	378	2837	7.5053	21	33.6341	10	32.0325
group_9845	378	453	1.1984	3	4.8049	1	3.2032
group_9846	651	5507	8.4593	38	35.3391	19	35.3391
group_9856	1143	3587	3.1382	25	13.2418	12	12.7121
group_9871	1149	602	0.5239	4	2.1076	2	2.1076
group_9896	225	719	3.1956	5	13.4536	2	10.7629
group_9900	279	1079	3.8674	8	17.3595	4	17.3595
group_9917	378	144	0.3810	1	1.6016	0	0.0000
group_9945	309	3001	9.7120	21	41.1446	10	39.1854
group_9960	234	832	3.5556	4	10.3490	2	10.3490
group_9967	120	0	0.0000	0	0.0000	0	0.0000
group_9989	1575	70492	44.7568	477	183.3540	238	182.9696
group_9997	843	2567	3.0451	17	12.2088	8	11.4907
group_15461	216	302	1.3981	2	5.6057	1	5.6057
group_10022	138	0	0.0000	0	0.0000	0	0.0000
group_14606	1095	8339	7.6155	56	30.9618	28	30.9618
group_10053	501	4783	9.5469	34	41.0860	17	41.0860
group_10063	1608	8114	5.0460	54	20.3311	27	20.3311
group_10134	549	6076	11.0674	44	48.5214	22	48.5214
group_19104	117	0	0.0000	0	0.0000	0	0.0000
group_10168	402	10608	26.3881	74	111.4444	37	111.4444
group_10201	846	1510	1.7849	10	7.1562	5	7.1562
group_10235	420	3688	8.7810	28	40.3609	14	40.3609
group_10252	1086	12452	11.4659	83	46.2701	41	45.7127
group_10278	963	2291	2.3790	16	10.0588	8	10.0588
group_10304	327	151	0.4618	1	1.8514	0	0.0000
group_10329	228	2171	9.5219	16	42.4852	8	42.4852
group_10341	723	8573	11.8575	59	49.4045	29	48.5671
group_10351	1623	0	0.0000	0	0.0000	0	0.0000
group_10353	243	245	1.0082	2	4.9828	1	4.9828
group_10356	210	598	2.8476	4	11.5317	2	11.5317
group_10379	138	0	0.0000	0	0.0000	0	0.0000
group_16305	324	0	0.0000	0	0.0000	0	0.0000
group_10402	906	0	0.0000	0	0.0000	0	0.0000
group_10403	429	2100	4.8951	14	19.7571	7	19.7571
group_10405	708	8928	12.6102	61	52.1614	30	51.3063
group_10421	228	1519	6.6623	11	29.2086	5	26.5533
group_10427	174	206	1.1839	2	6.9588	1	6.9588
group_10433	687	729	1.0611	5	4.4062	2	3.5250
group_10469	138	0	0.0000	0	0.0000	0	0.0000
group_10505	4257	184662	43.3784	1238	176.0636	619	176.0636
group_10530	1077	8919	8.2813	61	34.2899	30	33.7278
group_10539	444	318	0.7162	2	2.7271	1	2.7271
group_10554	261	220	0.8429	2	4.6392	1	4.6392
group_10558	1155	16125	13.9610	110	57.6585	55	57.6585
group_10569	1206	4759	3.9461	32	16.0641	16	16.0641
group_10579	1305	1208	0.9257	8	3.7114	4	3.7114
group_10632	264	2689	10.1856	18	41.2782	9	41.2782
group_10638	243	4875	20.0617	34	84.7081	17	84.7081
group_10658	426	0	0.0000	0	0.0000	0	0.0000
group_10665	117	0	0.0000	0	0.0000	0	0.0000
group_10672	4926	0	0.0000	0	0.0000	0	0.0000
group_10752	390	2154	5.5231	15	23.2852	7	21.7328
group_10753	156	358	2.2949	3	11.6426	1	7.7617
group_10760	1599	0	0.0000	0	0.0000	0	0.0000
group_10767	975	906	0.9292	6	3.7256	3	3.7256
group_10780	798	4662	5.8421	32	24.2773	16	24.2773
group_10783	1632	5436	3.3309	36	13.3547	18	13.3547
group_10793	240	6085	25.3542	41	103.4249	20	100.9024
ndhE	345	3672	10.6435	27	47.3802	13	45.6254
group_10816	234	1005	4.2949	8	20.6979	4	20.6979
group_10819	225	787	3.4978	6	16.1444	3	16.1444
group_10838	246	226	0.9187	2	4.9221	1	4.9221
group_10858	348	4658	13.3851	33	57.4100	16	55.6703
group_10859	318	6643	20.8899	46	87.5756	23	87.5756
group_10861	399	5392	13.5138	37	56.1412	18	54.6238
group_10870	2226	9371	4.2098	63	17.1344	31	16.8624
group_10881	1158	67805	58.5535	461	241.0155	230	240.4927
group_10885	162	0	0.0000	0	0.0000	0	0.0000
group_10900	123	208	1.6911	2	9.8441	1	9.8441
group_10904	96	0	0.0000	0	0.0000	0	0.0000
group_10908	1179	1957	1.6599	14	7.1890	7	7.1890
pgi	1794	3407	1.8991	23	7.7617	11	7.4243
group_10932	270	755	2.7963	5	11.2114	2	8.9691
group_10960	417	431	1.0336	3	4.3555	1	2.9037
group_10999	210	862	4.1048	8	23.0634	4	23.0634
group_11007	2799	0	0.0000	0	0.0000	0	0.0000
group_11009	846	0	0.0000	0	0.0000	0	0.0000
group_11023	153	785	5.1307	10	39.5696	5	39.5696
group_11028	234	0	0.0000	0	0.0000	0	0.0000
group_11040	243	1310	5.3909	9	22.4227	4	19.9313
group_15458	969	9558	9.8638	64	39.9861	32	39.9861
ycf12	174	2870	16.4943	21	73.0672	10	69.5878
group_11090	297	4265	14.3603	30	61.1529	15	61.1529
group_11108	396	4137	10.4470	30	45.8647	15	45.8647
group_11138	477	8254	17.3040	62	78.6911	31	78.6911
group_11142	219	0	0.0000	0	0.0000	0	0.0000
group_11155	636	1762	2.7704	12	11.4229	6	11.4229
group_11159	120	100	0.8333	2	10.0902	1	10.0902
group_11183	246	1198	4.8699	8	19.6883	4	19.6883
group_11184	138	338	2.4493	4	17.5482	2	17.5482
group_11207	435	24022	55.2230	170	236.5986	85	236.5986
group_11288	759	0	0.0000	0	0.0000	0	0.0000
group_11314	339	302	0.8909	2	3.5718	1	3.5718
group_11323	159	0	0.0000	0	0.0000	0	0.0000
group_11347	1107	1333	1.2042	9	4.9221	4	4.3752
group_11354	1779	600	0.3373	4	1.3612	2	1.3612
group_11363	120	0	0.0000	0	0.0000	0	0.0000
atpC	417	18723	44.8993	136	197.4492	68	197.4492
group_16012	507	8694	17.1479	59	70.4525	29	69.2584
group_11410	222	0	0.0000	0	0.0000	0	0.0000
group_11411	1377	8173	5.9354	55	24.1814	27	23.7417
group_11427	1581	49574	31.3561	340	130.1966	170	130.1966
group_15816	339	1717	5.0649	12	21.4306	6	21.4306
group_11474	147	0	0.0000	0	0.0000	0	0.0000
group_11505	399	18913	47.4010	135	204.8394	67	203.3220
group_17614	1335	35395	26.5131	243	110.1990	121	109.7455
group_11517	255	599	2.3490	4	9.4967	2	9.4967
group_11524	180	594	3.3000	4	13.4536	2	13.4536
group_11582	789	906	1.1483	6	4.6039	3	4.6039
group_11608	777	6610	8.5071	47	36.6209	23	35.8418
group_11609	210	0	0.0000	0	0.0000	0	0.0000
group_11617	345	151	0.4377	1	1.7548	0	0.0000
group_11627	309	8290	26.8285	59	115.5969	29	113.6376
serC	1218	2667	2.1897	18	8.9470	9	8.9470
group_11639	393	0	0.0000	0	0.0000	0	0.0000
group_11651	193	1274	6.6010	10	31.3686	5	31.3686
group_11667	1764	28186	15.9785	190	65.2090	95	65.2090
group_11685	306	300	0.9804	2	3.9570	1	3.9570
group_11688	381	0	0.0000	0	0.0000	0	0.0000
group_11693	231	151	0.6537	1	2.6208	0	0.0000
group_11714	642	0	0.0000	0	0.0000	0	0.0000
group_11720	222	0	0.0000	0	0.0000	0	0.0000
group_11734	240	454	1.8917	3	7.5677	1	5.0451
group_11752	120	0	0.0000	0	0.0000	0	0.0000
group_11753	1179	0	0.0000	0	0.0000	0	0.0000
group_11761	210	2194	10.4476	17	49.0097	8	46.1268
group_11772	1425	0	0.0000	0	0.0000	0	0.0000
group_11776	324	4477	13.8179	30	56.0569	15	56.0569
group_11786	1503	6177	4.1098	41	16.5150	20	16.1122
group_11815	342	3019	8.8275	20	35.4043	10	35.4043
group_11853	240	755	3.1458	5	12.6128	2	10.0902
group_15536	1245	12399	9.9590	84	40.8472	42	40.8472
group_11890	252	453	1.7976	3	7.2073	1	4.8049
group_11904	725	7892	10.8855	54	45.0929	27	45.0929
group_11917	1017	10377	10.2035	70	41.6706	35	41.6706
group_11927	327	671	2.0520	5	9.2571	2	7.4057
group_11950	294	9709	33.0238	71	146.2055	35	144.1462
group_11968	1770	302	0.1706	2	0.6841	1	0.6841
group_11998	447	2918	6.5280	20	27.0879	10	27.0879
group_12000	924	2938	3.1797	20	13.1042	10	13.1042
group_12019	1929	29332	15.2058	195	61.2005	97	60.8866
group_12022	1521	16083	10.5740	109	43.3860	54	42.9880
group_12026	1254	26058	20.7799	179	86.4188	89	85.9360
group_12030	177	298	1.6836	2	6.8408	1	6.8408
group_12058	240	448	1.8667	3	7.5677	1	5.0451
group_12059	915	2865	3.1311	20	13.2331	10	13.2331
group_12082	117	0	0.0000	0	0.0000	0	0.0000
group_12095	219	0	0.0000	0	0.0000	0	0.0000
group_12102	558	1895	3.3961	12	13.0197	6	13.0197
group_12120	957	9273	9.6897	63	39.8548	31	39.2222
group_12128	360	1001	2.7806	7	11.7719	3	10.0902
group_12135	1866	6856	3.6742	46	14.9245	23	14.9245
group_12136	186	217	1.1667	2	6.5098	1	6.5098
group_12140	255	825	3.2353	6	14.2450	3	14.2450
group_12155	1674	1806	1.0789	12	4.3399	6	4.3399
group_12157	420	453	1.0786	3	4.3244	1	2.8829
group_12197	516	6394	12.3915	45	52.7977	22	51.6245
group_12219	837	0	0.0000	0	0.0000	0	0.0000
group_12247	291	1277	4.3883	9	18.7241	4	16.6437
group_12249	270	1572	5.8222	11	24.6650	5	22.4227
group_12253	918	7551	8.2255	51	33.6341	25	32.9746
group_12271	1374	0	0.0000	0	0.0000	0	0.0000
group_12278	987	7183	7.2776	49	30.0560	24	29.4426
group_12280	1164	19478	16.7337	134	69.6954	67	69.6954
group_12286	231	5522	23.9048	40	104.8336	20	104.8336
group_12315	1521	733	0.4819	5	1.9902	2	1.5921
group_12325	777	0	0.0000	0	0.0000	0	0.0000
group_12376	453	8425	18.5982	61	81.5238	30	80.1873
group_12383	981	2901	2.9572	20	12.3428	10	12.3428
group_12386	1488	10896	7.3226	72	29.2942	36	29.2942
group_12384	687	7400	10.7715	49	43.1809	24	42.2997
group_12410	136	0	0.0000	0	0.0000	0	0.0000
group_12423	177	0	0.0000	0	0.0000	0	0.0000
group_12432	666	0	0.0000	0	0.0000	0	0.0000
group_12442	114	0	0.0000	0	0.0000	0	0.0000
group_15956	3246	4407	1.3577	30	5.5953	15	5.5953
group_12452	393	2492	6.3410	17	26.1884	8	24.6479
group_12549	318	2158	6.7862	15	28.5573	7	26.6535
group_12550	117	0	0.0000	0	0.0000	0	0.0000
group_12565	594	1016	1.7104	7	7.1345	3	6.1153
group_12570	717	0	0.0000	0	0.0000	0	0.0000
group_12632	201	145	0.7214	1	3.0120	0	0.0000
group_12694	408	1141	2.7966	8	11.8709	4	11.8709
group_12708	633	1406	2.2212	10	9.5642	5	9.5642
group_16696	321	151	0.4704	1	1.8860	0	0.0000
group_12729	669	0	0.0000	0	0.0000	0	0.0000
hisB	630	31100	49.3651	217	208.5315	108	207.5706
group_12752	1269	1060	0.8353	8	3.8166	4	3.8166
group_12757	618	1814	2.9353	13	12.7352	6	11.7556
group_16435	429	0	0.0000	0	0.0000	0	0.0000
group_12794	288	1298	4.5069	9	18.9192	4	16.8171
group_12797	168	0	0.0000	0	0.0000	0	0.0000
group_12834	738	2268	3.0732	16	13.1255	8	13.1255
group_12850	522	6240	11.9540	44	51.0311	22	51.0311
group_12857	699	963	1.3777	7	6.0628	3	5.1967
group_12870	279	298	1.0681	2	4.3399	1	4.3399
group_12883	1857	998	0.5374	7	2.2821	3	1.9561
group_12919	969	9526	9.8308	65	40.6109	32	39.9861
group_12940	960	1661	1.7302	11	6.9370	5	6.3064
group_12966	159	0	0.0000	0	0.0000	0	0.0000
group_12981	672	755	1.1235	5	4.5046	2	3.6037
group_12982	2973	2849	0.9583	19	3.8691	9	3.6655
group_13027	840	709	0.8440	5	3.6037	2	2.8829
group_13032	474	9353	19.7321	64	81.7437	32	81.7437
group_13077	1215	3610	2.9712	24	11.9588	12	11.9588
group_13080	267	869	3.2547	6	13.6048	3	13.6048
group_13081	189	453	2.3968	3	9.6097	1	6.4065
group_13116	1374	35523	25.8537	242	106.6304	121	106.6304
group_13119	1977	0	0.0000	0	0.0000	0	0.0000
group_13122	1170	4424	3.7812	30	15.5234	15	15.5234
group_13154	1569	0	0.0000	0	0.0000	0	0.0000
group_13156	1548	0	0.0000	0	0.0000	0	0.0000
group_13159	195	0	0.0000	0	0.0000	0	0.0000
group_13161	381	13352	35.0446	96	152.5453	48	152.5453
group_13178	234	0	0.0000	0	0.0000	0	0.0000
group_16735	969	242	0.2497	2	1.2496	1	1.2496
group_13217	807	10465	12.9678	72	54.0146	36	54.0146
group_13233	1011	1057	1.0455	7	4.1918	3	3.5930
group_13239	936	1769	1.8900	12	7.7617	6	7.7617
group_13241	6819	9655	1.4159	64	5.6821	32	5.6821
group_13247	573	24181	42.2007	174	183.8430	87	183.8430
group_13262	981	1228	1.2518	9	5.5543	4	4.9371
group_13269	408	858	2.1029	7	10.3870	3	8.9031
group_13285	216	6203	28.7176	44	123.3251	22	123.3251
group_13298	834	0	0.0000	0	0.0000	0	0.0000
group_13321	303	435	1.4356	3	5.9942	1	3.9961
group_13330	591	1830	3.0964	13	13.3171	6	12.2927
group_13342	114	0	0.0000	0	0.0000	0	0.0000
group_15139	1254	834	0.6651	6	2.8967	3	2.8967
group_13353	192	0	0.0000	0	0.0000	0	0.0000
group_13358	180	0	0.0000	0	0.0000	0	0.0000
group_13361	297	1032	3.4747	7	14.2690	3	12.2306
group_14798	276	3120	11.3043	21	46.0641	10	43.8706
group_13376	108	0	0.0000	0	0.0000	0	0.0000
group_13398	474	302	0.6371	2	2.5545	1	2.5545
group_13410	270	1895	7.0185	13	29.1496	6	26.9073
group_13451	822	0	0.0000	0	0.0000	0	0.0000
group_13472	138	0	0.0000	0	0.0000	0	0.0000
group_13473	177	0	0.0000	0	0.0000	0	0.0000
group_13474	1467	8693	5.9257	60	24.7613	30	24.7613
group_13488	192	151	0.7865	1	3.1532	0	0.0000
group_13493	1632	0	0.0000	0	0.0000	0	0.0000
group_13509	621	0	0.0000	0	0.0000	0	0.0000
group_13531	1761	1359	0.7717	9	3.0941	4	2.7503
group_13534	816	26061	31.9375	178	132.0634	89	132.0634
group_13559	1065	852	0.8000	6	3.4108	3	3.4108
group_13563	1044	2937	2.8132	20	11.5980	10	11.5980
group_13580	130	0	0.0000	0	0.0000	0	0.0000
group_13581	228	0	0.0000	0	0.0000	0	0.0000
group_13582	915	1118	1.2219	8	5.2932	4	5.2932
group_13585	408	747	1.8309	5	7.4193	2	5.9354
group_13602	1146	438	0.3822	3	1.5849	1	1.0566
group_13630	915	0	0.0000	0	0.0000	0	0.0000
group_13642	999	22346	22.3684	153	92.7211	76	92.1151
group_13656	282	296	1.0496	2	4.2937	1	4.2937
group_13685	366	750	2.0492	5	8.2707	2	6.6165
group_13687	213	0	0.0000	0	0.0000	0	0.0000
group_14842	609	0	0.0000	0	0.0000	0	0.0000
group_13706	966	0	0.0000	0	0.0000	0	0.0000
bfr	435	24730	56.8506	177	246.3409	88	244.9492
group_13726	1866	2107	1.1292	15	4.8667	7	4.5422
group_13733	912	1202	1.3180	8	5.3107	4	5.3107
group_13758	3429	22802	6.6498	152	26.8367	76	26.8367
group_13781	270	0	0.0000	0	0.0000	0	0.0000
group_13787	186	0	0.0000	0	0.0000	0	0.0000
group_13803	603	0	0.0000	0	0.0000	0	0.0000
group_13807	954	1824	1.9119	13	8.2499	6	7.6153
group_13818	582	16278	27.9691	110	114.4253	55	114.4253
group_13824	1290	9794	7.5922	67	31.4440	33	30.9747
group_16348	1869	302	0.1616	2	0.6478	1	0.6478
group_13844	2169	6287	2.8986	42	11.7231	21	11.7231
group_13848	579	741	1.2798	5	5.2281	2	4.1825
group_13889	1023	1057	1.0332	7	4.1426	3	3.5508
group_13899	885	47154	53.2814	323	220.9591	161	220.2750
group_13954	840	5150	6.1310	35	25.2256	17	24.5049
group_16688	1479	1668	1.1278	12	4.9121	6	4.9121
group_13963	639	151	0.2363	1	0.9474	0	0.0000
group_16670	414	1208	2.9179	8	11.6988	4	11.6988
group_13977	471	2643	5.6115	18	23.1368	9	23.1368
group_13981	258	1297	5.0271	9	21.1191	4	18.7725
group_13986	1098	8789	8.0046	60	33.0827	30	33.0827
group_13992	408	151	0.3701	1	1.4839	0	0.0000
group_13995	186	151	0.8118	1	3.2549	0	0.0000
group_17175	897	1057	1.1784	7	4.7245	3	4.0496
group_14001	138	0	0.0000	0	0.0000	0	0.0000
der	1359	151	0.1111	1	0.4455	0	0.0000
group_14047	120	0	0.0000	0	0.0000	0	0.0000
group_14066	894	888	0.9933	6	4.0632	3	4.0632
group_14076	132	0	0.0000	0	0.0000	0	0.0000
group_14085	1461	1492	1.0212	10	4.1438	5	4.1438
group_14089	840	733	0.8726	6	4.3244	3	4.3244
group_14160	321	6507	20.2710	47	88.6432	23	86.7572
group_16578	381	0	0.0000	0	0.0000	0	0.0000
group_14178	402	8033	19.9826	56	84.3363	28	84.3363
group_14179	567	9671	17.0564	69	73.6747	34	72.6070
group_14219	981	393	0.4006	3	1.8514	1	1.2343
group_14221	135	0	0.0000	0	0.0000	0	0.0000
group_17076	423	1208	2.8558	8	11.4499	4	11.4499
group_19105	309	2076	6.7184	14	27.4298	7	27.4298
group_14293	396	2550	6.4394	19	29.0476	9	27.5188
group_14313	1344	4457	3.3162	30	13.5137	15	13.5137
group_14327	1269	760	0.5989	6	2.8625	3	2.8625
group_14352	552	1974	3.5761	14	15.3547	7	15.3547
group_14362	576	16811	29.1858	112	117.7194	56	117.7194
group_14383	879	1371	1.5597	10	6.8875	5	6.8875
group_14395	258	1243	4.8178	11	25.8122	5	23.4657
group_14409	741	151	0.2038	1	0.8170	0	0.0000
group_14412	489	1853	3.7894	14	17.3329	7	17.3329
rpe	717	39071	54.4923	269	227.1358	134	226.2915
group_14442	1233	35811	29.0438	242	118.8242	121	118.8242
group_14464	402	151	0.3756	1	1.5060	0	0.0000
group_14460	552	1736	3.1449	12	13.1612	6	13.1612
group_14461	486	2015	4.1461	14	17.4399	7	17.4399
group_14473	184	0	0.0000	0	0.0000	0	0.0000
group_14479	150	0	0.0000	0	0.0000	0	0.0000
group_14504	270	302	1.1185	2	4.4845	1	4.4845
group_14518	309	0	0.0000	0	0.0000	0	0.0000
group_14534	201	0	0.0000	0	0.0000	0	0.0000
group_14540	423	2151	5.0851	15	21.4686	7	20.0373
group_14538	561	2128	3.7932	16	17.2667	8	17.2667
group_0	1566	0	0.0000	0	0.0000	0	0.0000
group_10	786	151	0.1921	1	0.7702	0	0.0000
group_38	666	0	0.0000	0	0.0000	0	0.0000
group_45	111	205	1.8468	2	10.9084	1	10.9084
group_47	129	0	0.0000	0	0.0000	0	0.0000
group_67	219	0	0.0000	0	0.0000	0	0.0000
group_79	153	0	0.0000	0	0.0000	0	0.0000
group_88	282	453	1.6064	3	6.4406	1	4.2937
group_15464	135	195	1.4444	2	8.9691	1	8.9691
group_101	759	5144	6.7773	36	28.7153	18	28.7153
group_115	249	237	0.9518	2	4.8628	1	4.8628
group_120	1341	27375	20.4139	187	84.4239	93	83.9724
group_14608	2256	22249	9.8621	150	40.2536	75	40.2536
group_128	1533	2000	1.3046	14	5.5289	7	5.5289
group_133	816	754	0.9240	5	3.7096	2	2.9677
group_191	1812	28440	15.6954	193	64.4840	96	64.1498
group_17225	768	3177	4.1367	22	17.3426	11	17.3426
ycf58	582	29195	50.1632	207	215.3277	103	214.2875
group_233	234	1366	5.8376	11	28.4596	5	25.8724
atpE	246	7771	31.5894	59	145.2009	29	142.7399
group_277	831	0	0.0000	0	0.0000	0	0.0000
group_284	252	294	1.1667	2	4.8049	1	4.8049
group_311	228	0	0.0000	0	0.0000	0	0.0000
group_337	1020	8013	7.8559	55	32.6449	27	32.0513
group_376	888	0	0.0000	0	0.0000	0	0.0000
group_379	261	293	1.1226	2	4.6392	1	4.6392
group_393	249	1379	5.5382	10	24.3138	5	24.3138
group_402	1767	37287	21.1019	250	85.6556	125	85.6556
group_409	306	707	2.3105	5	9.8924	2	7.9139
group_418	294	906	3.0816	6	12.3554	3	12.3554
group_15614	1287	5950	4.6232	41	19.2867	20	18.8163
group_468	666	0	0.0000	0	0.0000	0	0.0000
group_487	333	1809	5.4324	12	21.8167	6	21.8167
group_572	1332	2464	1.8498	17	7.7268	8	7.2722
group_584	438	890	2.0320	6	8.2933	3	8.2933
group_586	1824	3995	2.1902	28	9.2936	14	9.2936
group_609	366	297	0.8115	2	3.3083	1	3.3083
group_616	399	1639	4.1078	12	18.2079	6	18.2079
tic21	675	36708	54.3822	256	229.6089	128	229.6089
group_640	351	9338	26.6040	66	113.8386	33	113.8386
group_653	99	0	0.0000	0	0.0000	0	0.0000
group_15253	696	0	0.0000	0	0.0000	0	0.0000
group_679	1098	418	0.3807	3	1.6541	1	1.1028
group_681	405	0	0.0000	0	0.0000	0	0.0000
group_710	3018	15310	5.0729	103	20.6619	51	20.4613
group_799	699	2323	3.3233	16	13.8578	8	13.8578
group_15575	672	5534	8.2351	39	35.1356	19	34.2347
group_869	1293	21321	16.4896	143	66.9561	71	66.4879
group_5097	1146	7789	6.7967	52	27.4708	26	27.4708
group_937	348	0	0.0000	0	0.0000	0	0.0000
group_940	252	0	0.0000	0	0.0000	0	0.0000
arsB	1146	19990	17.4433	134	70.7901	67	70.7901
group_988	147	0	0.0000	0	0.0000	0	0.0000
group_5332	867	755	0.8708	5	3.4914	2	2.7931
group_1058	144	0	0.0000	0	0.0000	0	0.0000
fni	1044	27227	26.0795	186	107.8611	93	107.8611
group_1212	114	0	0.0000	0	0.0000	0	0.0000
group_1262	435	453	1.0414	3	4.1753	1	2.7835
group_1265	351	688	1.9601	5	8.6241	2	6.8993
group_1270	93	0	0.0000	0	0.0000	0	0.0000
group_1295	1518	1666	1.0975	12	4.7859	6	4.7859
group_1298	765	0	0.0000	0	0.0000	0	0.0000
group_1299	1722	0	0.0000	0	0.0000	0	0.0000
group_1301	1110	600	0.5405	4	2.1817	2	2.1817
group_1303	879	151	0.1718	1	0.6888	0	0.0000
group_16179	375	604	1.6107	4	6.4578	2	6.4578
group_1310	108	0	0.0000	0	0.0000	0	0.0000
group_1335	237	864	3.6456	6	15.3269	3	15.3269
group_6171	5283	35817	6.7797	239	27.3886	119	27.2740
group_1370	456	15971	35.0241	112	148.6982	56	148.6982
eRG3	777	29556	38.0386	208	162.0671	104	162.0671
group_1396	237	884	3.7300	6	15.3269	3	15.3269
group_1426	405	0	0.0000	0	0.0000	0	0.0000
group_1455	1029	0	0.0000	0	0.0000	0	0.0000
group_1459	3765	0	0.0000	0	0.0000	0	0.0000
group_1468	177	2388	13.4915	21	71.8288	10	68.4084
group_15906	411	0	0.0000	0	0.0000	0	0.0000
group_6530	396	0	0.0000	0	0.0000	0	0.0000
group_1523	177	0	0.0000	0	0.0000	0	0.0000
group_6539	2622	2928	1.1167	20	4.6180	10	4.6180
group_1577	207	0	0.0000	0	0.0000	0	0.0000
group_1581	387	4438	11.4677	32	50.0601	16	50.0601
group_1598	381	1683	4.4173	12	19.0682	6	19.0682
group_16902	2832	3473	1.2263	23	4.9169	11	4.7031
ndhA~~~nuoH	1119	58303	52.1028	399	215.8715	199	215.3305
group_1625	939	0	0.0000	0	0.0000	0	0.0000
group_14841	933	0	0.0000	0	0.0000	0	0.0000
group_15066	408	0	0.0000	0	0.0000	0	0.0000
group_17801	723	749	1.0360	6	5.0242	3	5.0242
group_1696	1125	29368	26.1049	199	107.0910	99	106.5529
group_1711	324	2889	8.9167	20	37.3712	10	37.3712
hldE	1491	7792	5.2260	52	21.1144	26	21.1144
group_1787	165	286	1.7333	3	11.0075	1	7.3384
group_1820	441	4178	9.4739	28	38.4390	14	38.4390
group_1822	1017	0	0.0000	0	0.0000	0	0.0000
smpB	465	19340	41.5914	135	175.7654	67	174.4634
group_1915	540	2064	3.8222	14	15.6959	7	15.6959
group_1922	10752	8180	0.7608	55	3.0969	27	3.0406
group_1954	147	238	1.6190	2	8.2369	1	8.2369
group_1957	1761	0	0.0000	0	0.0000	0	0.0000
group_1961	345	886	2.5681	6	10.5289	3	10.5289
group_15134	138	0	0.0000	0	0.0000	0	0.0000
group_1967	492	3382	6.8740	24	29.5324	12	29.5324
group_1968	120	229	1.9083	2	10.0902	1	10.0902
group_1975	120	0	0.0000	0	0.0000	0	0.0000
group_1978	240	302	1.2583	2	5.0451	1	5.0451
group_1983	213	3778	17.7371	27	76.7426	13	73.9003
group_1984	147	0	0.0000	0	0.0000	0	0.0000
group_1985	255	104	0.4078	2	4.7483	1	4.7483
group_1988	774	302	0.3902	2	1.5644	1	1.5644
group_1993	204	151	0.7402	1	2.9677	0	0.0000
group_2000	693	1750	2.5253	12	10.4834	6	10.4834
group_2003	435	0	0.0000	0	0.0000	0	0.0000
group_2006	204	0	0.0000	0	0.0000	0	0.0000
group_2007	156	0	0.0000	0	0.0000	0	0.0000
group_2011	198	302	1.5253	2	6.1153	1	6.1153
group_2020	675	1434	2.1244	11	9.8660	5	8.9691
group_2021	549	10750	19.5811	72	79.3986	36	79.3986
group_2047	1767	604	0.3418	4	1.3705	2	1.3705
cpcB	519	27852	53.6647	195	227.4677	97	226.3012
group_2054	282	1730	6.1348	13	27.9092	6	25.7623
group_2078	318	1959	6.1604	13	24.7496	6	22.8458
group_2086	1053	1355	1.2868	9	5.1745	4	4.5995
yjbJ	183	2209	12.0710	19	62.8572	9	59.5489
group_2091	246	2533	10.2967	18	44.2986	9	44.2986
group_2094	336	13102	38.9940	93	167.5700	46	165.7682
group_2098	633	906	1.4313	6	5.7385	3	5.7385
group_2109	402	0	0.0000	0	0.0000	0	0.0000
group_2110	2133	8100	3.7975	54	15.3269	27	15.3269
group_2118	186	0	0.0000	0	0.0000	0	0.0000
group_2129	372	1174	3.1559	8	13.0197	4	13.0197
group_2130	345	1119	3.2435	8	14.0386	4	14.0386
group_2153	669	151	0.2257	1	0.9050	0	0.0000
group_2158	420	0	0.0000	0	0.0000	0	0.0000
group_15626	1599	1176	0.7355	8	3.0290	4	3.0290
group_16241	1542	0	0.0000	0	0.0000	0	0.0000
group_16390	588	0	0.0000	0	0.0000	0	0.0000
group_2186	168	0	0.0000	0	0.0000	0	0.0000
group_2196	573	3750	6.5445	26	27.4708	13	27.4708
group_2209	2466	28604	11.5994	192	47.1369	96	47.1369
group_2217	135	258	1.9111	4	17.9382	2	17.9382
group_2228	213	0	0.0000	0	0.0000	0	0.0000
group_2236	540	1294	2.3963	9	10.0902	4	8.9691
group_16084	8403	22986	2.7355	152	10.9512	76	10.9512
group_2238	852	2951	3.4636	21	14.9222	10	14.2116
group_2240	138	0	0.0000	0	0.0000	0	0.0000
group_2242	360	495	1.3750	4	6.7268	2	6.7268
group_2252	849	1725	2.0318	12	8.5571	6	8.5571
group_19051	225	0	0.0000	0	0.0000	0	0.0000
group_2270	213	1833	8.6056	13	36.9502	6	34.1078
group_2278	201	1359	6.7612	9	27.1081	4	24.0961
group_2283	327	7082	21.6575	51	94.4224	25	92.5710
group_2286	1659	1034	0.6233	7	2.5545	3	2.1896
group_2291	216	453	2.0972	3	8.4085	1	5.6057
group_2292	234	4075	17.4145	29	75.0300	14	72.4427
group_2298	438	0	0.0000	0	0.0000	0	0.0000
group_2303	696	12953	18.6106	93	80.8959	46	80.0260
group_2305	675	1049	1.5541	7	6.2784	3	5.3815
fur	552	25473	46.1467	178	195.2241	89	195.2241
group_2312	267	5495	20.5805	39	88.4313	19	86.1638
group_2315	258	453	1.7558	3	7.0397	1	4.6931
group_2318	1986	0	0.0000	0	0.0000	0	0.0000
group_2323	261	886	3.3946	6	13.9176	3	13.9176
group_2338	204	4576	22.4314	32	94.9669	16	94.9669
group_14761	708	3101	4.3799	21	17.9572	10	17.1021
group_2354	261	151	0.5785	1	2.3196	0	0.0000
group_2355	1188	0	0.0000	0	0.0000	0	0.0000
group_2356	507	26244	51.7633	188	224.4928	94	224.4928
group_2359	117	2520	21.5385	28	144.8854	14	144.8854
group_2382	273	0	0.0000	0	0.0000	0	0.0000
map	804	25531	31.7550	178	134.0345	89	134.0345
group_2390	720	1208	1.6778	8	6.7268	4	6.7268
group_2394	441	1674	3.7959	12	16.4739	6	16.4739
abgB	1002	45094	45.0040	307	185.4912	153	184.8869
group_2411	132	0	0.0000	0	0.0000	0	0.0000
group_2412	351	0	0.0000	0	0.0000	0	0.0000
group_2416	1044	7032	6.7356	48	27.8351	24	27.8351
petN	150	588	3.9200	6	24.2166	3	24.2166
group_2420	1281	0	0.0000	0	0.0000	0	0.0000
group_2427	273	0	0.0000	0	0.0000	0	0.0000
group_2435	306	1182	3.8627	8	15.8278	4	15.8278
group_15041	3126	1336	0.4274	10	1.9367	5	1.9367
group_2439	231	590	2.5541	4	10.4834	2	10.4834
group_2447	432	661	1.5301	5	7.0071	2	5.6057
group_2454	909	1556	1.7118	12	7.9923	6	7.9923
group_2459	336	4501	13.3958	33	59.4603	16	57.6585
group_2469	276	4035	14.6196	30	65.8059	15	65.8059
group_2470	1698	0	0.0000	0	0.0000	0	0.0000
group_2474	195	3419	17.5333	25	77.6172	12	74.5125
group_2477	342	0	0.0000	0	0.0000	0	0.0000
group_2478	279	4044	14.4946	29	62.9283	14	60.7584
group_2479	288	151	0.5243	1	2.1021	0	0.0000
group_2489	282	3012	10.6809	20	42.9372	10	42.9372
group_2499	3582	3990	1.1139	27	4.5634	13	4.3944
group_2505	1257	12508	9.9507	85	40.9389	42	40.4573
group_2508	246	677	2.7520	5	12.3052	2	9.8441
group_2515	771	0	0.0000	0	0.0000	0	0.0000
group_2514	231	384	1.6623	3	7.8625	1	5.2417
group_15398	1665	0	0.0000	0	0.0000	0	0.0000
group_2553	348	302	0.8678	2	3.4794	1	3.4794
group_2568	147	146	0.9932	1	4.1185	0	0.0000
group_2576	1092	2198	2.0128	15	8.3161	7	7.7617
group_2579	216	1141	5.2824	8	22.4227	4	22.4227
group_2583	399	0	0.0000	0	0.0000	0	0.0000
group_2585	291	0	0.0000	0	0.0000	0	0.0000
group_2592	834	2114	2.5348	14	10.1628	7	10.1628
group_2596	276	2264	8.2029	15	32.9029	7	30.7094
group_2602	507	2562	5.0533	18	21.4940	9	21.4940
group_2607	213	1204	5.6526	8	22.7386	4	22.7386
group_2608	159	143	0.8994	1	3.8076	0	0.0000
group_2613	309	0	0.0000	0	0.0000	0	0.0000
group_15062	2229	152	0.0682	2	0.5432	1	0.5432
group_2621	186	0	0.0000	0	0.0000	0	0.0000
group_2623	120	0	0.0000	0	0.0000	0	0.0000
group_2643	1026	14377	14.0127	98	57.8271	49	57.8271
group_2644	322	151	0.4689	1	1.8802	0	0.0000
group_2646	240	805	3.3542	6	15.1354	3	15.1354
group_2669	240	3698	15.4083	28	70.6316	14	70.6316
group_2687	417	1024	2.4556	8	11.6147	4	11.6147
group_2691	111	0	0.0000	0	0.0000	0	0.0000
group_2704	225	982	4.3644	8	21.5258	4	21.5258
group_2711	150	0	0.0000	0	0.0000	0	0.0000
group_2713	879	0	0.0000	0	0.0000	0	0.0000
group_2717	168	0	0.0000	0	0.0000	0	0.0000
ureA	390	17276	44.2974	120	186.2813	60	186.2813
group_2725	144	0	0.0000	0	0.0000	0	0.0000
group_2731	1113	19656	17.6604	134	72.8890	67	72.8890
group_15260	486	303	0.6235	2	2.4914	1	2.4914
rsbU	1137	47159	41.4767	317	168.7918	158	168.2593
group_2747	645	3344	5.1845	25	23.4657	12	22.5270
group_2768	210	2951	14.0524	22	63.4243	11	63.4243
group_2773	696	453	0.6509	3	2.6095	1	1.7397
group_2781	220	150	0.6818	1	2.7519	0	0.0000
group_2785	288	2143	7.4410	15	31.5320	7	29.4299
group_17188	165	0	0.0000	0	0.0000	0	0.0000
ccmK1~~~ccmK	342	13158	38.4737	96	169.9408	48	169.9408
group_2800	288	3632	12.6111	25	52.5533	12	50.4512
group_2803	363	2425	6.6804	17	28.3527	8	26.6849
group_2805	210	755	3.5952	5	14.4146	2	11.5317
group_2809	1428	4590	3.2143	31	13.1427	15	12.7188
group_2814	300	0	0.0000	0	0.0000	0	0.0000
speD	462	21772	47.1255	155	203.1151	77	201.8047
group_2815	198	1057	5.3384	7	21.4035	3	18.3459
group_2816	1407	25511	18.1315	174	74.8700	87	74.8700
group_2819	117	0	0.0000	0	0.0000	0	0.0000
group_2822	276	3898	14.1232	27	59.2253	13	57.0318
group_2825	504	9712	19.2698	66	79.2804	33	79.2804
group_2826	228	0	0.0000	0	0.0000	0	0.0000
group_2827	207	2052	9.9130	15	43.8706	7	40.9459
group_15910	1656	0	0.0000	0	0.0000	0	0.0000
group_2828	249	1577	6.3333	11	26.7452	5	24.3138
group_2830	1497	453	0.3026	3	1.2133	1	0.8088
group_2832	105	0	0.0000	0	0.0000	0	0.0000
group_2837	300	906	3.0200	6	12.1083	3	12.1083
group_2841	279	604	2.1649	4	8.6798	2	8.6798
thrS	1800	123425	68.5694	831	279.4995	415	279.1632
group_2854	225	2457	10.9200	18	48.4331	9	48.4331
group_2855	444	599	1.3491	4	5.4542	2	5.4542
group_2858	372	2366	6.3602	16	26.0393	8	26.0393
group_2862	276	215	0.7790	2	4.3871	1	4.3871
group_2863	1644	21658	13.1740	145	53.3972	72	53.0290
group_2868	237	2287	9.6498	15	38.3173	7	35.7629
group_2870	369	8976	24.3252	64	105.0041	32	105.0041
group_2871	366	2852	7.7923	20	33.0827	10	33.0827
group_2874	912	10739	11.7752	67	44.4767	33	43.8129
group_2879	291	3890	13.3677	27	56.1724	13	54.0920
group_2883	363	453	1.2479	3	5.0034	1	3.3356
group_2892	309	4552	14.7314	31	60.7373	15	58.7781
group_2896	141	0	0.0000	0	0.0000	0	0.0000
group_2900	1269	1661	1.3089	11	5.2479	5	4.7708
group_2910	141	193	1.3688	2	8.5874	1	8.5874
group_2915	1119	0	0.0000	0	0.0000	0	0.0000
group_2916	828	667	0.8056	5	3.6559	2	2.9247
group_2933	345	0	0.0000	0	0.0000	0	0.0000
group_2938	1005	12643	12.5801	86	51.8066	43	51.8066
group_2939	231	583	2.5238	4	10.4834	2	10.4834
group_2943	1020	61158	59.9588	419	248.6946	209	248.1011
group_2944	642	2670	4.1589	19	17.9172	9	16.9742
group_2948	435	8392	19.2920	58	80.7219	29	80.7219
group_17634	1416	604	0.4266	4	1.7102	2	1.7102
group_2956	285	3356	11.7754	25	53.1065	12	50.9822
group_2959	198	0	0.0000	0	0.0000	0	0.0000
group_2964	402	2286	5.6866	16	24.0961	8	24.0961
group_2974	501	143	0.2854	1	1.2084	0	0.0000
group_2975	315	323	1.0254	3	5.7658	1	3.8439
group_2980	219	151	0.6895	1	2.7644	0	0.0000
group_2983	150	0	0.0000	0	0.0000	0	0.0000
group_2988	315	3020	9.5873	24	46.1268	12	46.1268
group_2996	129	221	1.7132	2	9.3863	1	9.3863
group_3000	264	2422	9.1742	20	45.8647	10	45.8647
group_3002	198	151	0.7626	1	3.0576	0	0.0000
group_16492	1746	0	0.0000	0	0.0000	0	0.0000
group_17190	1695	4920	2.9027	34	12.1440	17	12.1440
group_15970	318	1077	3.3868	8	15.2305	4	15.2305
group_16503	423	0	0.0000	0	0.0000	0	0.0000
group_16720	372	1312	3.5269	9	14.6471	4	13.0197
group_3047	1308	397	0.3035	3	1.3886	1	0.9257
group_3055	909	370	0.4070	4	2.6641	2	2.6641
group_3061	681	604	0.8869	4	3.5560	2	3.5560
group_3066	405	453	1.1185	3	4.4845	1	2.9897
group_3068	816	0	0.0000	0	0.0000	0	0.0000
group_3073	1119	4640	4.1466	32	17.3130	16	17.3130
group_3074	315	7486	23.7651	51	98.0194	25	96.0975
group_3078	369	3616	9.7995	27	44.2986	13	42.6579
group_3083	411	0	0.0000	0	0.0000	0	0.0000
group_3097	210	0	0.0000	0	0.0000	0	0.0000
group_3100	336	7676	22.8452	53	95.4969	26	93.6950
group_3101	1326	1730	1.3047	12	5.4789	6	5.4789
group_3107	624	604	0.9679	4	3.8809	2	3.8809
group_3109	744	0	0.0000	0	0.0000	0	0.0000
group_3117	336	1656	4.9286	11	19.8201	5	18.0183
group_3118	195	0	0.0000	0	0.0000	0	0.0000
group_3119	219	755	3.4475	5	13.8222	2	11.0578
group_3124	240	3196	13.3167	22	55.4963	11	55.4963
group_3128	828	0	0.0000	0	0.0000	0	0.0000
group_3130	99	0	0.0000	0	0.0000	0	0.0000
group_3132	213	314	1.4742	3	8.5270	1	5.6846
rplN	369	16597	44.9783	118	193.6013	59	193.6013
group_3144	849	0	0.0000	0	0.0000	0	0.0000
group_3145	516	1966	3.8101	14	16.4260	7	16.4260
group_3146	624	232	0.3718	2	1.9404	1	1.9404
group_3156	186	463	2.4892	4	13.0197	2	13.0197
group_3160	492	1657	3.3679	11	13.5357	5	12.3052
group_3161	252	0	0.0000	0	0.0000	0	0.0000
group_3165	369	3422	9.2737	23	37.7358	11	36.0952
rplS	465	20651	44.4108	144	187.4831	72	187.4831
group_3184	414	3398	8.2077	24	35.0965	12	35.0965
group_16642	1992	28195	14.1541	192	58.3532	96	58.3532
group_3187	429	0	0.0000	0	0.0000	0	0.0000
group_3196	249	1131	4.5422	9	21.8824	4	19.4511
group_3197	363	1660	4.5730	11	18.3459	5	16.6781
group_3200	279	302	1.0824	2	4.3399	1	4.3399
group_15842	1905	33136	17.3942	219	69.5988	109	69.2810
group_3211	282	540	1.9149	4	8.5874	2	8.5874
group_3215	801	738	0.9213	5	3.7791	2	3.0233
group_3218	762	1021	1.3399	7	5.5615	3	4.7670
group_3224	116	0	0.0000	0	0.0000	0	0.0000
group_3225	339	1072	3.1622	8	14.2871	4	14.2871
group_3228	168	0	0.0000	0	0.0000	0	0.0000
group_3233	387	151	0.3902	1	1.5644	0	0.0000
group_3235	144	0	0.0000	0	0.0000	0	0.0000
group_14735	177	0	0.0000	0	0.0000	0	0.0000
group_3240	564	1609	2.8528	11	11.8077	5	10.7343
group_3243	423	0	0.0000	0	0.0000	0	0.0000
group_16898	282	453	1.6064	3	6.4406	1	4.2937
group_3254	846	5588	6.6052	38	27.1935	19	27.1935
group_3255	286	0	0.0000	0	0.0000	0	0.0000
group_3256	222	755	3.4009	5	13.6355	2	10.9084
group_3260	231	749	3.2424	5	13.1042	2	10.4834
group_3263	135	0	0.0000	0	0.0000	0	0.0000
group_3270	294	0	0.0000	0	0.0000	0	0.0000
group_3276	195	151	0.7744	1	3.1047	0	0.0000
group_14602	3309	4925	1.4884	33	6.0377	16	5.8547
group_3282	141	0	0.0000	0	0.0000	0	0.0000
group_3286	138	0	0.0000	0	0.0000	0	0.0000
group_3287	348	2408	6.9195	17	29.5748	8	27.8351
group_3297	105	0	0.0000	0	0.0000	0	0.0000
group_3301	783	1057	1.3499	7	5.4124	3	4.6392
group_3305	261	426	1.6322	3	6.9588	1	4.6392
potD	1149	16226	14.1218	111	58.4865	55	57.9596
group_16907	402	393	0.9776	3	4.5180	1	3.0120
group_3315	903	9823	10.8782	68	45.5904	34	45.5904
group_3316	2079	272	0.1308	2	0.5824	1	0.5824
group_3318	270	1038	3.8444	8	17.9382	4	17.9382
group_3319	147	294	2.0000	2	8.2369	1	8.2369
group_16891	282	734	2.6028	6	12.8812	3	12.8812
group_3327	189	106	0.5608	1	3.2032	0	0.0000
group_3328	429	4667	10.8788	32	45.1591	16	45.1591
group_3355	258	4893	18.9651	33	77.4367	16	75.0901
group_3357	396	1433	3.6187	10	15.2882	5	15.2882
group_3362	405	0	0.0000	0	0.0000	0	0.0000
group_3367	312	0	0.0000	0	0.0000	0	0.0000
group_3370	357	1057	2.9608	7	11.8709	3	10.1750
group_3374	276	3151	11.4167	24	52.6447	12	52.6447
group_3381	204	0	0.0000	0	0.0000	0	0.0000
group_3382	165	535	3.2424	4	14.6767	2	14.6767
group_3383	246	302	1.2276	2	4.9221	1	4.9221
group_3386	1041	1839	1.7666	13	7.5604	6	6.9788
group_3392	531	0	0.0000	0	0.0000	0	0.0000
group_3393	438	151	0.3447	1	1.3822	0	0.0000
group_3404	534	0	0.0000	0	0.0000	0	0.0000
group_16090	1620	0	0.0000	0	0.0000	0	0.0000
group_3416	264	1028	3.8939	8	18.3459	4	18.3459
group_3423	265	3377	12.7434	25	57.1145	12	54.8300
group_3425	798	1706	2.1378	12	9.1040	6	9.1040
group_3432	1860	7246	3.8957	48	15.6236	24	15.6236
group_15941	3006	1208	0.4019	8	1.6112	4	1.6112
group_3445	219	263	1.2009	2	5.5289	1	5.5289
group_3449	4023	1225	0.3045	7	1.0534	3	0.9029
group_3474	864	294	0.3403	2	1.4014	1	1.4014
group_3481	213	0	0.0000	0	0.0000	0	0.0000
group_3482	342	0	0.0000	0	0.0000	0	0.0000
group_3493	504	2266	4.4960	16	19.2195	8	19.2195
group_3501	774	0	0.0000	0	0.0000	0	0.0000
group_3506	918	0	0.0000	0	0.0000	0	0.0000
group_3509	228	5351	23.4693	37	98.2470	18	95.5917
group_3512	477	151	0.3166	1	1.2692	0	0.0000
group_3517	2511	302	0.1203	2	0.4822	1	0.4822
group_3522	1098	453	0.4126	3	1.6541	1	1.1028
group_3525	156	0	0.0000	0	0.0000	0	0.0000
group_3526	513	302	0.5887	2	2.3603	1	2.3603
group_3529	1191	3567	2.9950	24	12.1998	12	12.1998
group_3530	297	562	1.8923	4	8.1537	2	8.1537
group_19107	222	2889	13.0135	20	54.5418	10	54.5418
group_3537	897	0	0.0000	0	0.0000	0	0.0000
group_3547	111	0	0.0000	0	0.0000	0	0.0000
group_3550	138	0	0.0000	0	0.0000	0	0.0000
group_3554	2076	10561	5.0872	72	20.9970	36	20.9970
group_3559	438	6872	15.6895	50	69.1112	25	69.1112
group_16446	645	17274	26.7814	117	109.8193	58	108.8807
group_3565	393	1515	3.8550	11	16.9454	5	15.4049
group_3567	4053	17135	4.2277	114	17.0287	57	17.0287
group_3570	1065	23414	21.9850	160	90.9542	80	90.9542
mnmG	1908	75979	39.8213	508	161.1899	254	161.1899
group_3598	174	0	0.0000	0	0.0000	0	0.0000
group_3601	510	23009	45.1157	159	188.7468	79	187.5597
group_3608	459	0	0.0000	0	0.0000	0	0.0000
group_17584	699	9307	13.3147	63	54.5652	31	53.6991
group_3611	249	2427	9.7470	18	43.7649	9	43.7649
group_3617	165	295	1.7879	2	7.3384	1	7.3384
group_14756	864	10743	12.4340	74	51.8526	37	51.8526
group_15235	7215	16315	2.2613	103	8.6428	51	8.5589
group_3625	828	3724	4.4976	26	19.0106	13	19.0106
group_16242	1284	0	0.0000	0	0.0000	0	0.0000
group_3651	360	0	0.0000	0	0.0000	0	0.0000
group_15123	846	8468	10.0095	58	41.5059	29	41.5059
group_3668	327	1568	4.7951	11	20.3656	5	18.5142
group_3678	330	1151	3.4879	8	14.6767	4	14.6767
group_3693	333	150	0.4505	1	1.8181	0	0.0000
group_3694	663	2967	4.4751	21	19.1760	10	18.2629
group_3695	252	2717	10.7817	19	45.6463	9	43.2439
group_18883	1755	29891	17.0319	200	68.9931	100	68.9931
group_3715	120	0	0.0000	0	0.0000	0	0.0000
rpoA	942	360	0.3822	3	1.9281	1	1.2854
group_18908	456	453	0.9934	3	3.9830	1	2.6553
group_3724	183	0	0.0000	0	0.0000	0	0.0000
group_3731	228	0	0.0000	0	0.0000	0	0.0000
group_3733	243	0	0.0000	0	0.0000	0	0.0000
group_18919	399	4903	12.2882	36	54.6238	18	54.6238
group_3745	513	906	1.7661	6	7.0809	3	7.0809
group_19108	1626	30712	18.8881	205	76.3283	102	75.9560
group_18941	1389	27762	19.9870	187	81.5064	93	81.0706
group_3765	136	203	1.4926	2	8.9031	1	8.9031
group_18952	606	22183	36.6056	156	155.8492	78	155.8492
group_18954	1587	29166	18.3781	193	73.6263	96	73.2448
group_3772	1311	17520	13.3638	120	55.4155	60	55.4155
group_3779	234	1626	6.9487	11	28.4596	5	25.8724
group_3781	756	3282	4.3413	23	18.4187	11	17.6179
group_3784	390	0	0.0000	0	0.0000	0	0.0000
group_3786	366	522	1.4262	4	6.6165	2	6.6165
group_3787	363	6398	17.6253	45	75.0513	22	73.3835
group_3790	246	6463	26.2724	47	115.6686	23	113.2075
group_3791	351	380	1.0826	3	5.1745	1	3.4497
group_16136	387	0	0.0000	0	0.0000	0	0.0000
group_3802	138	131	0.9493	1	4.3871	0	0.0000
group_3808	333	434	1.3033	3	5.4542	1	3.6361
group_3821	414	151	0.3647	1	1.4624	0	0.0000
psaB	2214	9915	4.4783	68	18.5945	34	18.5945
group_3826	351	151	0.4302	1	1.7248	0	0.0000
group_3827	228	2798	12.2719	21	55.7618	10	53.1065
group_18982	243	3318	13.6543	22	54.8112	11	54.8112
group_3846	9591	4773	0.4977	33	2.0831	16	2.0199
group_19007	1005	23774	23.6557	160	96.3843	80	96.3843
group_19016	2223	3333	1.4993	22	5.9915	11	5.9915
group_19015	243	484	1.9918	4	9.9657	2	9.9657
group_3859	579	0	0.0000	0	0.0000	0	0.0000
group_3861	342	660	1.9298	5	8.8511	2	7.0809
group_3864	213	1124	5.2770	8	22.7386	4	22.7386
group_3866	279	3852	13.8065	26	56.4185	13	56.4185
group_3868	498	17947	36.0382	123	149.5300	61	148.3143
group_18923	681	12487	18.3363	86	76.4546	43	76.4546
group_3876	831	20145	24.2419	133	96.8954	66	96.1669
group_3881	834	11952	14.3309	81	58.7992	40	58.0733
group_18934	1593	86414	54.2461	584	221.9472	292	221.9472
group_3890	1266	0	0.0000	0	0.0000	0	0.0000
group_3893	231	151	0.6537	1	2.6208	0	0.0000
group_3903	213	2220	10.4225	16	45.4771	8	45.4771
group_19059	1044	2408	2.3065	17	9.8583	8	9.2784
group_3908	210	610	2.9048	5	14.4146	2	11.5317
group_19013	372	15021	40.3790	105	170.8830	52	169.2556
group_3911	504	0	0.0000	0	0.0000	0	0.0000
group_18933	2928	123878	42.3081	835	172.6505	417	172.4438
group_3915	552	151	0.2736	1	1.0968	0	0.0000
group_19078	2013	56512	28.0735	380	114.2858	190	114.2858
group_3920	321	3633	11.3178	28	52.8087	14	52.8087
group_3923	909	15854	17.4411	105	69.9323	52	69.2663
group_19102	1488	2189	1.4711	15	6.1030	7	5.6961
group_3933	168	416	2.4762	3	10.8110	1	7.2073
group_3934	303	1073	3.5413	8	15.9845	4	15.9845
group_3938	327	0	0.0000	0	0.0000	0	0.0000
group_3941	186	0	0.0000	0	0.0000	0	0.0000
group_3944	117	0	0.0000	0	0.0000	0	0.0000
group_3964	1434	10844	7.5621	72	30.3974	36	30.3974
group_3966	723	2202	3.0456	15	12.5605	7	11.7231
group_3972	297	151	0.5084	1	2.0384	0	0.0000
group_3983	2670	10410	3.8989	71	16.0990	35	15.8723
acsF	1170	72482	61.9504	494	255.6193	247	255.6193
group_3988	324	148	0.4568	1	1.8686	0	0.0000
group_4002	129	0	0.0000	0	0.0000	0	0.0000
group_4007	4086	66434	16.2589	442	65.4902	221	65.4902
group_4015	417	0	0.0000	0	0.0000	0	0.0000
group_4018	216	684	3.1667	5	14.0142	2	11.2114
group_4056	162	288	1.7778	2	7.4742	1	7.4742
group_17649	948	985	1.0390	7	4.4704	3	3.8317
group_4072	1842	453	0.2459	3	0.9860	1	0.6573
group_4073	3357	7361	2.1927	49	8.8368	24	8.6565
group_4075	813	10149	12.4834	72	53.6160	36	53.6160
bchD	2001	110843	55.3938	749	226.6143	374	226.3117
group_4079	2277	19017	8.3518	126	33.5012	63	33.5012
rpoC1	1881	117166	62.2892	790	254.2675	395	254.2675
group_4114	2004	2095	1.0454	14	4.2294	7	4.2294
group_4115	516	1575	3.0523	11	12.9061	5	11.7328
group_4121	1497	604	0.4035	4	1.6177	2	1.6177
group_4124	1767	38217	21.6282	257	88.0540	128	87.7114
group_4138	345	1394	4.0406	10	17.5482	5	17.5482
lysS	1638	36316	22.1709	244	90.1838	122	90.1838
group_4147	1698	5679	3.3445	38	13.5487	19	13.5487
group_4148	123	0	0.0000	0	0.0000	0	0.0000
ndhD2	1662	94775	57.0247	637	232.0390	318	231.6747
group_4171	1686	81898	48.5753	549	197.1366	274	196.7775
group_4176	1617	18546	11.4694	125	46.8007	62	46.4263
comB	726	36050	49.6556	251	209.3098	125	208.4759
group_4193	333	1277	3.8348	9	16.3625	4	14.5445
group_4197	1299	4270	3.2871	29	13.5158	14	13.0497
group_4198	1284	0	0.0000	0	0.0000	0	0.0000
group_4203	1230	3543	2.8805	24	11.8130	12	11.8130
group_4220	624	6325	10.1362	44	42.6895	22	42.6895
group_4247	1440	604	0.4194	4	1.6817	2	1.6817
cbbL	1416	104900	74.0819	713	304.8448	356	304.4173
group_4254	267	3077	11.5243	23	52.1518	11	49.8843
bchL	870	865	0.9943	6	4.1753	3	4.1753
group_4258	1410	40484	28.7121	273	117.2185	136	116.7891
psbC	1383	57085	41.2762	387	169.4109	193	168.9731
group_4265	297	517	1.7407	4	8.1537	2	8.1537
group_4268	1368	3158	2.3085	21	9.2936	10	8.8511
group_4274	285	6880	24.1404	52	110.4615	26	110.4615
group_4276	621	5429	8.7424	39	38.0212	19	37.0463
group_4296	567	28488	50.2434	203	216.7532	101	215.6855
group_4306	453	2250	4.9669	16	21.3833	8	21.3833
group_4314	1314	3385	2.5761	23	10.5971	11	10.1363
group_4316	1302	4971	3.8180	33	15.3446	16	14.8796
group_15532	1296	10181	7.8557	69	32.2327	34	31.7656
group_4321	621	423	0.6812	3	2.9247	1	1.9498
group_4337	402	3104	7.7214	21	31.6261	10	30.1201
group_4347	1227	12398	10.1043	84	41.4464	42	41.4464
group_4348	165	0	0.0000	0	0.0000	0	0.0000
group_4352	1107	18560	16.7660	126	68.9089	63	68.9089
group_4354	1215	20047	16.4996	137	68.2648	68	67.7665
group_4356	1509	23191	15.3685	155	62.1863	77	61.7851
pyrD	1143	54191	47.4112	367	194.3893	183	193.8596
group_4376	615	906	1.4732	6	5.9065	3	5.9065
frhB	1194	48496	40.6164	328	166.3114	164	166.3114
gmrSD	1722	15909	9.2387	105	36.9155	52	36.5639
group_4404	504	10851	21.5298	75	90.0914	37	88.8902
group_4408	558	462	0.8280	3	3.2549	1	2.1699
dnaN	306	1089	3.5588	8	15.8278	4	15.8278
group_4426	1143	13371	11.6982	90	47.6704	45	47.6704
group_4442	930	1300	1.3978	9	5.8588	4	5.2079
group_4450	804	453	0.5634	3	2.2590	1	1.5060
group_4453	243	3198	13.1605	23	57.3026	11	54.8112
group_4454	12021	22291	1.8543	149	7.5041	74	7.4537
group_4458	1671	5636	3.3728	38	13.7676	19	13.7676
group_4469	1107	14280	12.8997	97	53.0489	48	52.5020
group_4470	1107	1193	1.0777	8	4.3752	4	4.3752
group_4471	1188	38228	32.1785	260	132.4980	130	132.4980
group_4487	2616	0	0.0000	0	0.0000	0	0.0000
group_4501	150	322	2.1467	3	12.1083	1	8.0722
group_4505	129	214	1.6589	2	9.3863	1	9.3863
group_4517	555	5137	9.2559	35	38.1793	17	37.0884
group_4527	141	0	0.0000	0	0.0000	0	0.0000
group_4533	1038	7003	6.7466	49	28.5793	24	27.9960
group_4549	510	0	0.0000	0	0.0000	0	0.0000
group_4550	1581	1810	1.1448	12	4.5952	6	4.5952
group_4562	471	0	0.0000	0	0.0000	0	0.0000
group_4565	525	440	0.8381	3	3.4595	1	2.3063
wecE	1128	44434	39.3918	306	164.2347	153	164.2347
group_4592	969	1498	1.5459	11	6.8726	5	6.2478
group_4595	219	0	0.0000	0	0.0000	0	0.0000
group_4599	429	603	1.4056	4	5.6449	2	5.6449
group_4633	258	1899	7.3605	13	30.5054	6	28.1588
group_4642	921	228	0.2476	2	1.3147	1	1.3147
petP	399	13931	34.9148	97	147.1809	48	145.6635
group_4677	1278	10721	8.3889	73	34.5816	36	34.1078
group_4678	447	6826	15.2707	48	65.0109	24	65.0109
group_4680	1194	0	0.0000	0	0.0000	0	0.0000
group_4686	720	0	0.0000	0	0.0000	0	0.0000
group_4688	363	0	0.0000	0	0.0000	0	0.0000
cphB	864	37912	43.8796	261	182.8855	130	182.1848
cphA	2634	86675	32.9062	577	132.6211	288	132.3912
group_4696	1908	39343	20.6200	265	84.0853	132	83.7680
group_4698	186	302	1.6237	2	6.5098	1	6.5098
group_19106	828	6795	8.2065	45	32.9029	22	32.1718
group_4706	666	0	0.0000	0	0.0000	0	0.0000
group_4733	807	0	0.0000	0	0.0000	0	0.0000
group_4739	267	8921	33.4120	63	142.8505	31	140.5831
group_4742	792	4800	6.0606	32	24.4612	16	24.4612
group_17224	1647	7259	4.4074	50	18.3793	25	18.3793
group_4772	114	0	0.0000	0	0.0000	0	0.0000
group_4784	1566	20142	12.8621	135	52.1909	67	51.8043
group_4787	618	604	0.9773	4	3.9185	2	3.9185
group_4807	336	13338	39.6964	94	169.3718	47	169.3718
group_4808	720	2599	3.6097	19	15.9762	9	15.1354
hcp	1629	87970	54.0025	591	219.6438	295	219.2722
group_4813	888	0	0.0000	0	0.0000	0	0.0000
group_4814	201	0	0.0000	0	0.0000	0	0.0000
group_4834	117	202	1.7265	2	10.3490	1	10.3490
group_4863	117	0	0.0000	0	0.0000	0	0.0000
group_4868	304	151	0.4967	1	1.9915	0	0.0000
group_4870	1128	5805	5.1463	39	20.9319	19	20.3952
group_4901	369	244	0.6612	2	3.2814	1	3.2814
group_4902	582	9906	17.0206	69	71.7759	34	70.7357
group_4912	699	744	1.0644	5	4.3306	2	3.4645
group_4913	570	5488	9.6281	39	41.4231	19	40.3609
group_4937	2748	3460	1.2591	23	5.0671	11	4.8468
group_4943	309	1648	5.3333	12	23.5112	6	23.5112
group_4944	309	755	2.4434	5	9.7963	2	7.8371
group_4947	1746	0	0.0000	0	0.0000	0	0.0000
group_4975	270	0	0.0000	0	0.0000	0	0.0000
group_4978	153	0	0.0000	0	0.0000	0	0.0000
group_4986	153	0	0.0000	0	0.0000	0	0.0000
group_5010	1425	0	0.0000	0	0.0000	0	0.0000
group_5030	558	453	0.8118	3	3.2549	1	2.1699
group_5032	462	6586	14.2554	46	60.2793	23	60.2793
group_5042	3066	3173	1.0349	22	4.3441	11	4.3441
group_5049	264	0	0.0000	0	0.0000	0	0.0000
group_5055	309	3011	9.7443	22	43.1039	11	43.1039
group_5056	1737	13251	7.6287	90	31.3686	45	31.3686
group_5063	96	0	0.0000	0	0.0000	0	0.0000
group_5066	11259	27547	2.4467	184	9.8940	92	9.8940
group_5071	429	7286	16.9837	51	71.9723	25	70.5611
group_5074	228	2145	9.4079	15	39.8299	7	37.1746
group_5080	210	0	0.0000	0	0.0000	0	0.0000
group_5090	264	543	2.0568	4	9.1729	2	9.1729
group_5091	423	1057	2.4988	7	10.0187	3	8.5874
group_5096	426	12805	30.0587	88	125.0621	44	125.0621
group_5098	156	264	1.6923	4	15.5234	2	15.5234
group_5128	387	0	0.0000	0	0.0000	0	0.0000
group_5130	327	4068	12.4404	28	51.8397	14	51.8397
group_5131	111	0	0.0000	0	0.0000	0	0.0000
group_5152	396	0	0.0000	0	0.0000	0	0.0000
group_5156	399	2424	6.0752	18	27.3119	9	27.3119
group_5164	297	7183	24.1852	51	103.9600	25	101.9216
group_5168	255	3028	11.8745	23	54.6060	11	52.2318
group_5169	402	1977	4.9179	14	21.0841	7	21.0841
group_5174	1719	906	0.5271	6	2.1131	3	2.1131
group_5179	441	8225	18.6508	58	79.6236	29	79.6236
group_5182	123	0	0.0000	0	0.0000	0	0.0000
group_5183	285	3418	11.9930	25	53.1065	12	50.9822
group_5193	165	0	0.0000	0	0.0000	0	0.0000
ssb	516	15505	30.0484	107	125.5413	53	124.3680
group_5205	282	689	2.4433	3	6.4406	1	4.2937
group_5222	1383	1506	1.0889	10	4.3775	5	4.3775
group_5227	438	0	0.0000	0	0.0000	0	0.0000
group_5237	240	4470	18.6250	31	78.1993	15	75.6768
group_5240	339	2360	6.9617	18	32.1459	9	32.1459
group_5253	663	903	1.3620	6	5.4789	3	5.4789
group_5256	192	1293	6.7344	9	28.3788	4	25.2256
group_5266	318	981	3.0849	8	15.2305	4	15.2305
group_5275	312	5618	18.0064	41	79.5576	20	77.6172
group_5283	390	8487	21.7615	62	96.2453	31	96.2453
group_5287	96	161	1.6771	2	12.6128	1	12.6128
group_5289	2301	49120	21.3472	327	86.0367	163	85.7736
group_5290	274	5565	20.3102	38	83.9625	19	83.9625
group_5294	447	4355	9.7427	30	40.6318	15	40.6318
group_5299	306	1050	3.4314	7	13.8493	3	11.8709
group_5302	630	1208	1.9175	8	7.6878	4	7.6878
group_5303	147	274	1.8639	2	8.2369	1	8.2369
group_5305	450	3765	8.3667	26	34.9795	13	34.9795
group_5307	300	7610	25.3667	53	106.9565	26	104.9384
group_5309	300	3343	11.1433	28	56.5053	14	56.5053
group_5314	312	7647	24.5096	52	100.9024	26	100.9024
group_5320	297	2900	9.7643	20	40.7686	10	40.7686
group_5323	297	151	0.5084	1	2.0384	0	0.0000
group_5324	285	731	2.5649	5	10.6213	2	8.4970
group_5337	645	962	1.4915	7	6.5704	3	5.6318
group_5349	864	10511	12.1655	72	50.4512	36	50.4512
group_5354	150	0	0.0000	0	0.0000	0	0.0000
group_5357	1905	4481	2.3522	31	9.8519	15	9.5341
group_5364	297	3958	13.3266	29	59.1145	14	57.0761
group_5401	123	0	0.0000	0	0.0000	0	0.0000
group_15995	2727	9185	3.3682	59	13.0984	29	12.8764
group_5413	1122	7254	6.4652	50	26.9792	25	26.9792
group_5417	225	2476	11.0044	18	48.4331	9	48.4331
group_5427	381	3645	9.5669	25	39.7253	12	38.1363
group_5429	360	448	1.2444	3	5.0451	1	3.3634
group_5431	354	11625	32.8390	87	148.7882	43	147.0780
group_5438	483	5298	10.9689	37	46.3775	18	45.1240
group_5444	237	2877	12.1392	21	53.6443	10	51.0898
group_5459	174	1005	5.7759	9	31.3145	4	27.8351
group_5461	291	11000	37.8007	79	164.3564	39	162.2760
group_5462	255	3836	15.0431	29	68.8510	14	66.4768
group_5466	219	2731	12.4703	20	55.2890	10	55.2890
group_5472	240	2336	9.7333	17	42.8835	8	40.3609
group_5473	285	6397	22.4456	46	97.7160	23	97.7160
group_5477	432	13255	30.6829	103	144.3464	51	142.9450
group_5480	333	7384	22.1742	57	103.6294	28	101.8114
group_5481	282	421	1.4929	3	6.4406	1	4.2937
group_5482	1287	1406	1.0925	10	4.7041	5	4.7041
group_5483	846	906	1.0709	6	4.2937	3	4.2937
group_5487	177	0	0.0000	0	0.0000	0	0.0000
group_5496	420	4909	11.6881	34	49.0097	17	49.0097
group_5522	180	0	0.0000	0	0.0000	0	0.0000
group_5536	342	1289	3.7690	9	15.9320	4	14.1617
group_5567	573	11517	20.0995	77	81.3558	38	80.2993
group_14754	615	755	1.2276	5	4.9221	2	3.9377
group_5576	114	0	0.0000	0	0.0000	0	0.0000
group_5581	120	194	1.6167	2	10.0902	1	10.0902
group_5588	534	2610	4.8876	18	20.4072	9	20.4072
group_5596	957	36723	38.3730	247	156.2563	123	155.6237
group_5603	267	3835	14.3633	26	58.9542	13	58.9542
group_5610	270	262	0.9704	2	4.4845	1	4.4845
group_5612	837	3775	4.5102	25	18.0829	12	17.3595
group_5614	648	551	0.8503	4	3.7371	2	3.7371
group_5615	210	1101	5.2429	9	25.9463	4	23.0634
group_5616	609	23837	39.1412	162	161.0461	81	161.0461
group_5627	147	0	0.0000	0	0.0000	0	0.0000
group_5637	111	0	0.0000	0	0.0000	0	0.0000
group_5647	273	2009	7.3590	15	33.2645	7	31.0469
group_5650	438	4765	10.8790	33	45.6134	16	44.2312
group_5651	300	896	2.9867	6	12.1083	3	12.1083
group_5654	204	0	0.0000	0	0.0000	0	0.0000
group_5662	909	17734	19.5094	121	80.5887	60	79.9227
group_5667	178	150	0.8427	1	3.4012	0	0.0000
group_5674	288	1658	5.7569	12	25.2256	6	25.2256
group_5689	4584	25532	5.5698	170	22.4521	85	22.4521
group_5705	726	2087	2.8747	14	11.6747	7	11.6747
group_5706	1467	1661	1.1322	11	4.5396	5	4.1269
group_5716	2715	6547	2.4114	43	9.5885	21	9.3655
group_5717	885	8212	9.2791	55	37.6246	27	36.9405
group_5718	3585	33554	9.3596	224	37.8278	112	37.8278
group_5724	420	0	0.0000	0	0.0000	0	0.0000
group_5725	144	287	1.9931	2	8.4085	1	8.4085
group_5734	1746	22780	13.0470	152	52.7050	76	52.7050
group_5748	981	4071	4.1498	27	16.6628	13	16.0456
group_5753	588	695	1.1820	5	5.1481	2	4.1185
group_5764	1071	10304	9.6209	69	39.0043	34	38.4390
group_5766	279	0	0.0000	0	0.0000	0	0.0000
group_5788	285	4531	15.8982	33	70.1006	16	67.9763
group_5796	1407	0	0.0000	0	0.0000	0	0.0000
group_5798	618	1766	2.8576	12	11.7556	6	11.7556
group_5800	546	4775	8.7454	29	32.1557	14	31.0469
brxC	3507	41002	11.6915	273	47.1280	136	46.9554
group_5814	147	0	0.0000	0	0.0000	0	0.0000
group_5817	198	293	1.4798	2	6.1153	1	6.1153
group_5826	1518	14882	9.8037	100	39.8824	50	39.8824
group_5829	990	4274	4.3172	30	18.3459	15	18.3459
group_5844	165	1525	9.2424	13	47.6993	6	44.0301
group_5860	489	3098	6.3354	21	25.9994	10	24.7613
group_5862	378	3286	8.6931	23	36.8374	11	35.2357
group_5869	141	0	0.0000	0	0.0000	0	0.0000
group_5875	795	14150	17.7987	98	74.6297	49	74.6297
group_5882	948	2391	2.5222	16	10.2180	8	10.2180
group_5884	267	1893	7.0899	13	29.4771	6	27.2096
group_5890	315	1332	4.2286	10	19.2195	5	19.2195
group_5893	1563	13793	8.8247	94	36.4101	47	36.4101
group_5895	648	453	0.6991	3	2.8028	1	1.8686
group_5911	705	30309	42.9915	207	177.7599	103	176.9011
group_5953	822	6537	7.9526	44	32.4066	22	32.4066
group_5990	543	25737	47.3978	179	199.5748	89	198.4599
group_6000	672	4125	6.1384	28	25.2256	14	25.2256
group_6005	876	7750	8.8470	52	35.9378	26	35.9378
group_6012	792	5687	7.1806	40	30.5765	20	30.5765
group_6027	1611	22806	14.1564	156	58.6248	78	58.6248
group_6028	672	584	0.8690	4	3.6037	2	3.6037
group_6036	285	968	3.3965	8	16.9941	4	16.9941
group_6040	1956	25533	13.0537	175	54.1654	87	53.8559
group_6061	183	151	0.8251	1	3.3083	0	0.0000
group_6077	3810	176806	46.4058	1175	186.7091	587	186.5502
group_6078	189	181	0.9577	2	6.4065	1	6.4065
group_6087	738	2193	2.9715	15	12.3052	7	11.4848
group_6095	132	0	0.0000	0	0.0000	0	0.0000
group_6112	264	604	2.2879	4	9.1729	2	9.1729
group_6133	654	288	0.4404	2	1.8514	1	1.8514
group_6134	840	1562	1.8595	11	7.9280	5	7.2073
group_6148	570	1467	2.5737	10	10.6213	5	10.6213
group_6151	741	4447	6.0013	30	24.5107	15	24.5107
group_6155	525	2769	5.2743	22	25.3697	11	25.3697
group_6167	2589	3458	1.3357	23	5.3783	11	5.1445
group_6168	183	600	3.2787	4	13.2331	2	13.2331
group_6173	429	5610	13.0769	39	55.0376	19	53.6264
group_6181	351	10499	29.9117	75	129.3620	37	127.6372
group_6183	681	604	0.8869	4	3.5560	2	3.5560
group_6184	345	8936	25.9014	62	108.7991	31	108.7991
group_6185	228	632	2.7719	5	13.2766	2	10.6213
group_6186	285	6633	23.2737	47	99.8402	23	97.7160
group_6188	288	10007	34.7465	71	149.2514	35	147.1493
group_6194	942	1571	1.6677	11	7.0696	5	6.4269
group_6204	126	0	0.0000	0	0.0000	0	0.0000
group_15994	2658	151	0.0568	1	0.2278	0	0.0000
group_6216	135	0	0.0000	0	0.0000	0	0.0000
group_6217	300	5356	17.8533	38	76.6858	19	76.6858
group_6226	387	6060	15.6589	44	68.8326	22	68.8326
group_6228	1008	1208	1.1984	8	4.8049	4	4.8049
group_6237	327	2696	8.2446	19	35.1770	9	33.3255
group_6238	213	4855	22.7934	39	110.8505	19	108.0082
group_6239	192	3570	18.5938	26	81.9832	13	81.9832
group_6269	346	10136	29.2948	70	122.4826	35	122.4826
dppC	879	20723	23.5757	142	97.8030	71	97.8030
group_6280	336	3441	10.2411	24	43.2439	12	43.2439
group_6283	258	3596	13.9380	26	61.0107	13	61.0107
tnpIS607~~~tnpISMae20	594	11563	19.4663	77	78.4796	38	77.4604
murC	1428	60003	42.0189	408	172.9755	204	172.9755
group_6286	654	5600	8.5627	38	35.1770	19	35.1770
group_6292	297	4027	13.5589	29	59.1145	14	57.0761
group_6295	573	3654	6.3770	26	27.4708	13	27.4708
petH	1200	64181	53.4842	438	220.9762	219	220.9762
group_6349	369	435	1.1789	3	4.9221	1	3.2814
group_6352	1578	10025	6.3530	69	26.4725	34	26.0888
group_6362	657	3951	6.0137	28	25.8015	14	25.8015
group_6367	432	578	1.3380	4	5.6057	2	5.6057
group_6375	300	4857	16.1900	36	72.6497	18	72.6497
group_6381	678	879	1.2965	3	2.6788	1	1.7859
group_6385	360	8641	24.0028	58	97.5389	29	97.5389
grrP	900	20957	23.2856	140	94.1755	70	94.1755
group_6388	324	0	0.0000	0	0.0000	0	0.0000
group_6409	708	2944	4.1582	21	17.9572	10	17.1021
group_6421	189	151	0.7989	1	3.2032	0	0.0000
group_19110	1653	1040	0.6292	8	2.9300	4	2.9300
group_6459	207	2347	11.3382	16	46.7953	8	46.7953
group_6469	648	0	0.0000	0	0.0000	0	0.0000
group_6516	1704	1654	0.9707	11	3.9082	5	3.5529
group_6548	711	0	0.0000	0	0.0000	0	0.0000
group_6568	774	9291	12.0039	64	50.0601	32	50.0601
group_6582	162	0	0.0000	0	0.0000	0	0.0000
group_6608	450	0	0.0000	0	0.0000	0	0.0000
group_6609	393	3021	7.6870	22	33.8909	11	33.8909
group_15572	3453	17733	5.1355	118	20.6889	59	20.6889
psbD	1146	81226	70.8778	555	293.1979	277	292.6697
group_6640	1017	0	0.0000	0	0.0000	0	0.0000
group_6663	156	0	0.0000	0	0.0000	0	0.0000
group_6681	1731	22079	12.7551	150	52.4622	75	52.4622
group_6689	1221	302	0.2473	2	0.9917	1	0.9917
group_6699	285	0	0.0000	0	0.0000	0	0.0000
group_6716	168	302	1.7976	2	7.2073	1	7.2073
group_6722	1524	0	0.0000	0	0.0000	0	0.0000
group_6724	183	301	1.6448	2	6.6165	1	6.6165
group_6752	747	1359	1.8193	9	7.2941	4	6.4837
group_6758	660	17787	26.9500	125	114.6618	62	113.7445
group_6759	1398	67176	48.0515	451	195.3088	225	194.8758
group_6768	645	0	0.0000	0	0.0000	0	0.0000
group_6771	666	453	0.6802	3	2.7271	1	1.8181
group_6780	1470	88847	60.4401	601	247.5197	300	247.1078
group_6795	732	238	0.3251	2	1.6541	1	1.6541
group_6796	126	0	0.0000	0	0.0000	0	0.0000
group_6816	135	0	0.0000	0	0.0000	0	0.0000
group_6842	606	0	0.0000	0	0.0000	0	0.0000
group_6863	393	9504	24.1832	67	103.2131	33	101.6726
group_6874	126	0	0.0000	0	0.0000	0	0.0000
group_6899	381	1229	3.2257	9	14.3011	4	12.7121
group_6900	504	453	0.8988	3	3.6037	1	2.4024
group_6907	789	7215	9.1445	49	37.5986	24	36.8313
group_6909	729	6931	9.5075	46	38.2017	23	38.2017
group_6918	228	0	0.0000	0	0.0000	0	0.0000
group_6927	348	1393	4.0029	10	17.3970	5	17.3970
group_6950	1173	1013	0.8636	8	4.1290	4	4.1290
group_6958	567	755	1.3316	5	5.3387	2	4.2710
group_6961	915	6172	6.7454	41	27.1278	20	26.4662
group_6963	216	1241	5.7454	9	25.2256	4	22.4227
group_6970	171	551	3.2222	5	17.7022	2	14.1617
group_6971	267	2857	10.7004	19	43.0819	9	40.8144
group_7009	357	0	0.0000	0	0.0000	0	0.0000
group_7017	267	976	3.6554	7	15.8723	3	13.6048
group_7021	2364	0	0.0000	0	0.0000	0	0.0000
group_7037	579	9436	16.2971	64	66.9197	32	66.9197
group_7081	414	1057	2.5531	7	10.2365	3	8.7741
group_7099	1167	0	0.0000	0	0.0000	0	0.0000
group_19111	588	0	0.0000	0	0.0000	0	0.0000
group_7121	759	302	0.3979	2	1.5953	1	1.5953
group_7147	1344	846	0.6295	6	2.7027	3	2.7027
group_7153	819	0	0.0000	0	0.0000	0	0.0000
group_7155	279	3530	12.6523	24	52.0786	12	52.0786
hemC	960	20591	21.4490	141	88.9202	70	88.2896
group_7162	180	151	0.8389	1	3.3634	0	0.0000
group_7170	726	9986	13.7548	73	60.8750	36	60.0411
group_7185	2883	38627	13.3982	259	54.3886	129	54.1786
group_7190	960	1047	1.0906	7	4.4145	3	3.7838
group_7205	423	6009	14.2057	43	61.5433	21	60.1120
fadM	417	11418	27.3813	76	110.3393	38	110.3393
group_7209	315	8748	27.7714	60	115.3170	30	115.3170
group_7230	456	0	0.0000	0	0.0000	0	0.0000
group_7233	1941	0	0.0000	0	0.0000	0	0.0000
group_7238	186	1387	7.4570	13	42.3139	6	39.0590
group_7258	630	14384	22.8317	97	93.2146	48	92.2536
group_7263	702	710	1.0114	5	4.3121	2	3.4497
group_7280	1029	1651	1.6045	11	6.4719	5	5.8835
group_7286	456	19018	41.7061	131	173.9238	65	172.5961
group_7298	2304	5628	2.4427	39	10.2479	19	9.9851
group_7304	480	1455	3.0313	10	12.6128	5	12.6128
group_7316	360	5032	13.9778	35	58.8597	17	57.1780
group_7330	870	8153	9.3713	57	39.6651	28	38.9692
group_7342	240	1405	5.8542	10	25.2256	5	25.2256
group_19112	312	149	0.4776	1	1.9404	0	0.0000
group_7350	378	0	0.0000	0	0.0000	0	0.0000
group_19113	492	0	0.0000	0	0.0000	0	0.0000
group_7374	735	5357	7.2884	37	30.4766	18	29.6529
group_7390	105	0	0.0000	0	0.0000	0	0.0000
group_7398	456	0	0.0000	0	0.0000	0	0.0000
group_7405	1221	0	0.0000	0	0.0000	0	0.0000
group_15130	717	5046	7.0377	34	28.7086	17	28.7086
group_7412	132	0	0.0000	0	0.0000	0	0.0000
group_15976	387	1993	5.1499	14	21.9013	7	21.9013
group_7426	300	3537	11.7900	24	48.4331	12	48.4331
group_7457	102	204	2.0000	2	11.8709	1	11.8709
group_7482	327	12964	39.6453	89	164.7763	44	162.9249
group_7484	468	1059	2.2628	8	10.3490	4	10.3490
group_7502	1125	7158	6.3627	49	26.3691	24	25.8310
group_17292	288	1761	6.1146	15	31.5320	7	29.4299
group_7534	312	5419	17.3686	36	69.8555	18	69.8555
group_7579	156	219	1.4038	2	7.7617	1	7.7617
group_7587	408	16200	39.7059	113	167.6760	56	166.1921
group_7589	174	302	1.7356	2	6.9588	1	6.9588
group_7601	4638	20216	4.3588	123	16.0556	61	15.9251
group_7608	954	302	0.3166	2	1.2692	1	1.2692
group_7610	1560	385	0.2468	3	1.1643	1	0.7762
group_7618	1803	11310	6.2729	77	25.8552	38	25.5194
group_7621	540	0	0.0000	0	0.0000	0	0.0000
group_7627	240	151	0.6292	1	2.5226	0	0.0000
group_7631	210	0	0.0000	0	0.0000	0	0.0000
group_7644	777	604	0.7773	4	3.1167	2	3.1167
group_16403	4998	5091	1.0186	34	4.1185	17	4.1185
group_7694	897	33772	37.6499	231	155.9093	115	155.2344
group_7695	2112	149121	70.6065	1001	286.9411	500	286.6544
group_7707	642	7818	12.1776	55	51.8657	27	50.9227
group_7708	444	11595	26.1149	80	109.0836	40	109.0836
group_19114	315	0	0.0000	0	0.0000	0	0.0000
group_7718	318	2403	7.5566	19	36.1725	9	34.2687
group_7740	267	11845	44.3633	85	192.7348	42	190.4674
group_7748	1062	1057	0.9953	7	3.9905	3	3.4204
group_17420	315	0	0.0000	0	0.0000	0	0.0000
group_7756	738	8213	11.1287	59	48.4003	29	47.5800
group_7769	516	151	0.2926	1	1.1733	0	0.0000
group_7776	609	0	0.0000	0	0.0000	0	0.0000
group_7798	228	560	2.4561	4	10.6213	2	10.6213
group_7803	417	9518	22.8249	66	95.8209	33	95.8209
group_14766	339	1359	4.0088	9	16.0729	4	14.2871
group_7835	243	604	2.4856	4	9.9657	2	9.9657
group_7836	252	1661	6.5913	11	26.4268	5	24.0244
group_7860	420	3926	9.3476	26	37.4780	13	37.4780
group_7863	207	2089	10.0918	14	40.9459	7	40.9459
group_7867	615	595	0.9675	4	3.9377	2	3.9377
group_7893	210	0	0.0000	0	0.0000	0	0.0000
group_7895	399	961	2.4085	7	10.6213	3	9.1040
group_7911	213	214	1.0047	2	5.6846	1	5.6846
group_7921	402	151	0.3756	1	1.5060	0	0.0000
group_7937	192	151	0.7865	1	3.1532	0	0.0000
group_7938	2958	8445	2.8550	56	11.4615	28	11.4615
group_7966	198	2292	11.5758	16	48.9224	8	48.9224
group_7972	393	453	1.1527	3	4.6215	1	3.0810
group_7978	468	726	1.5513	5	6.4681	2	5.1745
group_7979	291	1719	5.9072	12	24.9655	6	24.9655
group_7994	273	6678	24.4615	48	106.4464	24	106.4464
group_8037	567	604	1.0653	4	4.2710	2	4.2710
group_8041	561	3675	6.5508	27	29.1376	13	28.0584
group_8043	261	1584	6.0690	11	25.5155	5	23.1959
group_8053	2412	706	0.2927	6	1.5060	3	1.5060
group_14734	4215	10156	2.4095	55	7.8998	27	7.7562
group_8073	138	317	2.2971	3	13.1612	1	8.7741
group_19118	708	1619	2.2867	11	9.4062	5	8.5510
group_8114	219	290	1.3242	3	8.2933	1	5.5289
group_8119	261	303	1.1609	2	4.6392	1	4.6392
group_8120	645	1020	1.5814	8	7.5090	4	7.5090
group_8131	1290	7747	6.0054	53	24.8736	26	24.4043
group_8134	2193	5738	2.6165	38	10.4905	19	10.4905
group_8140	351	7347	20.9316	51	87.9662	25	86.2413
group_8159	1311	14407	10.9893	100	46.1796	50	46.1796
group_8157	204	669	3.2794	5	14.8386	2	11.8709
group_8168	240	7327	30.5292	54	136.2182	27	136.2182
group_8182	213	793	3.7230	6	17.0539	3	17.0539
group_18374	1146	39205	34.2103	268	141.5803	134	141.5803
group_8248	1101	310862	282.3451	2081	1144.2932	1040	1143.7433
group_8261	702	12764	18.1823	92	79.3420	46	79.3420
group_8264	900	240	0.2667	2	1.3454	1	1.3454
group_8285	612	12167	19.8807	87	86.0638	43	85.0745
group_15305	3963	5115	1.2907	34	5.1941	17	5.1941
group_8300	411	2290	5.5718	17	25.0415	8	23.5684
group_19120	135	0	0.0000	0	0.0000	0	0.0000
group_8347	14124	187566	13.2799	1162	49.8082	581	49.8082
araC	903	15176	16.8062	103	69.0561	51	68.3856
group_8354	960	49769	51.8427	336	211.8949	168	211.8949
group_8367	2088	2839	1.3597	19	5.5090	9	5.2191
group_8372	885	5561	6.2836	37	25.3111	18	24.6270
group_8375	705	5797	8.2227	40	34.3497	20	34.3497
group_8379	504	1390	2.7579	10	12.0122	5	12.0122
group_8381	297	151	0.5084	1	2.0384	0	0.0000
group_8387	372	0	0.0000	0	0.0000	0	0.0000
group_8402	237	3925	16.5612	26	66.4167	13	66.4167
group_8406	279	452	1.6201	3	6.5098	1	4.3399
group_8419	327	151	0.4618	1	1.8514	0	0.0000
group_8421	297	3592	12.0943	27	55.0376	13	52.9992
group_8451	1149	63873	55.5901	433	228.1500	216	227.6231
group_8474	1233	539	0.4371	4	1.9640	2	1.9640
group_8475	984	0	0.0000	0	0.0000	0	0.0000
mvl	369	1580	4.2818	11	18.0476	5	16.4069
group_8485	117	0	0.0000	0	0.0000	0	0.0000
group_8487	258	5738	22.2403	39	91.5161	19	89.1695
group_8496	120	240	2.0000	2	10.0902	1	10.0902
group_8498	882	1536	1.7415	11	7.5505	5	6.8641
group_16601	768	241	0.3138	2	1.5766	1	1.5766
group_8517	165	151	0.9152	1	3.6692	0	0.0000
group_8547	1161	49806	42.8992	338	176.2532	169	176.2532
group_8574	585	6313	10.7915	43	44.5005	21	43.4656
group_8588	1080	4227	3.9139	30	16.8171	15	16.8171
group_8593	492	151	0.3069	1	1.2305	0	0.0000
group_8606	327	2371	7.2508	16	29.6227	8	29.6227
group_8621	1182	906	0.7665	6	3.0732	3	3.0732
group_8637	321	1161	3.6168	8	15.0882	4	15.0882
group_8639	222	1493	6.7252	11	29.9980	5	27.2709
group_8656	132	188	1.4242	2	9.1729	1	9.1729
group_8657	777	1256	1.6165	9	7.0125	4	6.2334
group_8680	180	150	0.8333	1	3.3634	0	0.0000
group_8682	1161	19270	16.5978	128	66.7468	64	66.7468
group_8718	906	1208	1.3333	8	5.3458	4	5.3458
group_8729	1512	5217	3.4504	36	14.4146	18	14.4146
group_8738	1098	2265	2.0628	15	8.2707	7	7.7193
group_8749	246	465	1.8902	4	9.8441	2	9.8441
group_8755	1593	2435	1.5286	17	6.4608	8	6.0807
group_8774	1182	13430	11.3621	93	47.6341	46	47.1219
group_8785	312	1547	4.9583	12	23.2852	6	23.2852
group_8798	255	0	0.0000	0	0.0000	0	0.0000
group_8808	576	8812	15.2986	61	64.1150	30	63.0640
group_19121	426	0	0.0000	0	0.0000	0	0.0000
group_8853	195	427	2.1897	3	9.3141	1	6.2094
group_8860	1017	3024	2.9735	21	12.5012	10	11.9059
group_8875	7752	119066	15.3594	795	62.0877	397	62.0097
group_8881	408	0	0.0000	0	0.0000	0	0.0000
group_19122	513	302	0.5887	2	2.3603	1	2.3603
group_8889	1395	1743	1.2495	12	5.2079	6	5.2079
group_8904	660	14040	21.2727	97	88.9775	48	88.0602
group_8905	259	3597	13.8880	25	58.4377	12	56.1002
group_8946	1131	0	0.0000	0	0.0000	0	0.0000
group_8951	846	2114	2.4988	14	10.0187	7	10.0187
group_8960	1278	3976	3.1111	27	12.7904	13	12.3167
group_8971	1974	0	0.0000	0	0.0000	0	0.0000
group_8975	1140	302	0.2649	2	1.0621	1	1.0621
group_9014	225	1167	5.1867	8	21.5258	4	21.5258
group_9023	1527	2860	1.8730	20	7.9295	10	7.9295
group_9029	1152	3564	3.0938	24	12.6128	12	12.6128
group_9036	228	1395	6.1184	10	26.5533	5	26.5533
tnpIS630~~~tnpISMae25	648	17890	27.6080	123	114.9166	61	113.9823
group_9073	1953	7442	3.8105	49	15.1896	24	14.8796
group_9084	288	1045	3.6285	8	16.8171	4	16.8171
group_9096	372	256	0.6882	2	3.2549	1	3.2549
group_9100	237	167	0.7046	2	5.1090	1	5.1090
group_9101	339	17710	52.2419	126	225.0212	63	225.0212
group_9111	375	7836	20.8960	56	90.4085	28	90.4085
group_9118	231	2286	9.8961	17	44.5543	8	41.9334
group_9126	117	0	0.0000	0	0.0000	0	0.0000
group_9141	255	4473	17.5412	31	73.5994	15	71.2252
group_9157	225	654	2.9067	5	13.4536	2	10.7629
group_9161	315	1105	3.5079	8	15.3756	4	15.3756
group_9173	468	10202	21.7991	71	91.8470	35	90.5534
group_9174	1314	8828	6.7184	60	27.6445	30	27.6445
group_9177	918	42529	46.3279	289	190.5933	144	189.9338
group_9182	810	151	0.1864	1	0.7474	0	0.0000
group_9222	366	453	1.2377	3	4.9624	1	3.3083
group_9239	297	575	1.9360	4	8.1537	2	8.1537
group_9252	294	2877	9.7857	20	41.1846	10	41.1846
group_9273	411	151	0.3674	1	1.4730	0	0.0000
group_9279	1140	26019	22.8237	178	94.5296	89	94.5296
group_9310	1665	33209	19.9453	223	81.0855	111	80.7219
group_9317	354	0	0.0000	0	0.0000	0	0.0000
group_9327	345	151	0.4377	1	1.7548	0	0.0000
group_9351	108	0	0.0000	0	0.0000	0	0.0000
group_9363	1200	453	0.3775	3	1.5135	1	1.0090
group_9365	3021	106717	35.3251	714	143.0870	357	143.0870
group_9383	240	1049	4.3708	7	17.6579	3	15.1354
group_9390	1281	2265	1.7681	15	7.0892	7	6.6165
group_9402	588	11741	19.9677	82	84.4285	41	84.4285
group_9407	411	8571	20.8540	59	86.9086	29	85.4356
group_9422	249	5261	21.1285	36	87.5298	18	87.5298
group_9478	552	2566	4.6486	17	18.6450	8	17.5482
group_9485	144	0	0.0000	0	0.0000	0	0.0000
group_9487	264	4067	15.4053	29	66.5038	14	64.2106
group_9494	507	11489	22.6607	82	97.9171	41	97.9171
group_9496	1548	17139	11.0717	117	45.7580	58	45.3669
group_9502	240	5583	23.2625	41	103.4249	20	100.9024
group_19123	1428	498	0.3487	4	1.6958	2	1.6958
group_9565	981	0	0.0000	0	0.0000	0	0.0000
group_9567	486	10048	20.6749	71	88.4453	35	87.1996
group_9575	276	563	2.0399	5	10.9676	2	8.7741
group_9574	2385	93297	39.1182	626	158.9053	313	158.9053
group_9590	645	8807	13.6543	62	58.1948	31	58.1948
group_9639	1353	1208	0.8928	8	3.5797	4	3.5797
group_9649	168	1126	6.7024	11	39.6402	5	36.0366
group_9653	474	1439	3.0359	10	12.7724	5	12.7724
group_9677	732	0	0.0000	0	0.0000	0	0.0000
group_9678	201	0	0.0000	0	0.0000	0	0.0000
group_9692	558	2113	3.7867	14	15.1896	7	15.1896
group_9709	240	363	1.5125	3	7.5677	1	5.0451
group_9711	996	0	0.0000	0	0.0000	0	0.0000
group_9730	1239	60087	48.4964	394	192.5207	197	192.5207
group_9729	201	0	0.0000	0	0.0000	0	0.0000
group_9739	1056	7001	6.6297	48	27.5188	24	27.5188
group_9768	717	1211	1.6890	9	7.5993	4	6.7550
group_9773	252	2646	10.5000	19	45.6463	9	43.2439
group_9777	1254	5381	4.2911	36	17.3803	18	17.3803
metL1	1833	109812	59.9083	737	243.4207	368	243.0905
group_9807	1182	16755	14.1751	111	56.8536	55	56.3414
group_9832	225	1201	5.3378	8	21.5258	4	21.5258
mET17	1122	11072	9.8681	70	37.7709	35	37.7709
group_12514	1182	0	0.0000	0	0.0000	0	0.0000
group_19124	687	9473	13.7889	64	56.3996	32	56.3996
group_9875	147	0	0.0000	0	0.0000	0	0.0000
group_9881	693	302	0.4358	2	1.7472	1	1.7472
group_9888	894	848	0.9485	6	4.0632	3	4.0632
group_9891	1041	2031	1.9510	14	8.1420	7	8.1420
group_19125	1119	0	0.0000	0	0.0000	0	0.0000
group_9927	1215	6997	5.7588	47	23.4193	23	22.9210
group_9943	330	555	1.6818	5	9.1729	2	7.3384
group_9953	228	453	1.9868	3	7.9660	1	5.3107
group_9962	396	0	0.0000	0	0.0000	0	0.0000
group_13143	741	2304	3.1093	16	13.0724	8	13.0724
group_9984	408	302	0.7402	2	2.9677	1	2.9677
group_9986	225	5206	23.1378	39	104.9384	19	102.2477
group_9996	150	0	0.0000	0	0.0000	0	0.0000
group_10017	900	121548	135.0533	824	554.2903	412	554.2903
group_10023	867	16611	19.1592	115	80.3029	57	79.6046
group_10025	291	6927	23.8041	49	101.9426	24	99.8621
group_19126	243	0	0.0000	0	0.0000	0	0.0000
group_10067	948	5595	5.9019	38	24.2677	19	24.2677
group_10083	918	659	0.7179	5	3.2975	2	2.6380
group_14901	1218	0	0.0000	0	0.0000	0	0.0000
group_10089	210	1335	6.3571	11	31.7122	5	28.8292
group_10115	963	9341	9.6999	64	40.2352	32	40.2352
group_10119	207	2740	13.2367	21	61.4188	10	58.4941
group_10151	1572	1208	0.7684	8	3.0810	4	3.0810
group_10167	414	6076	14.6763	43	62.8812	21	61.4188
ywqG	1329	6520	4.9059	44	20.0438	22	20.0438
group_19127	1119	0	0.0000	0	0.0000	0	0.0000
group_10200	894	129694	145.0716	902	610.8317	451	610.8317
group_10202	858	5324	6.2051	36	25.4020	18	25.4020
group_10217	420	11115	26.4643	81	116.7584	40	115.3170
group_10221	2199	0	0.0000	0	0.0000	0	0.0000
group_10250	591	918	1.5533	7	7.1707	3	6.1463
group_10257	5100	41986	8.2325	260	30.8642	130	30.8642
group_19128	1506	416	0.2762	3	1.2060	1	0.8040
ppa	552	31227	56.5707	221	242.3850	110	241.2882
group_10266	606	6786	11.1980	46	45.9555	23	45.9555
group_10267	447	2260	5.0559	15	20.3159	7	18.9615
group_10271	387	8015	20.7106	56	87.6051	28	87.6051
group_10283	276	2815	10.1993	21	46.0641	10	43.8706
group_10311	2190	39997	18.2635	273	75.4694	136	75.1930
group_10313	3846	2553	0.6638	17	2.6760	8	2.5186
group_10318	1185	30855	26.0380	208	106.2668	104	106.2668
group_10321	150	0	0.0000	0	0.0000	0	0.0000
group_10327	267	1576	5.9026	11	24.9422	5	22.6747
group_10335	582	1898	3.2612	13	13.5230	6	12.4828
group_10360	315	961	3.0508	7	13.4536	3	11.5317
group_10361	267	3664	13.7228	25	56.6867	12	54.4192
group_10371	1572	0	0.0000	0	0.0000	0	0.0000
group_10377	150	0	0.0000	0	0.0000	0	0.0000
group_10401	411	0	0.0000	0	0.0000	0	0.0000
group_10410	1443	65254	45.2211	440	184.6031	220	184.6031
group_19129	558	8967	16.0699	62	67.2682	31	67.2682
group_10440	168	267	1.5893	2	7.2073	1	7.2073
group_10447	228	717	3.1447	6	15.9320	3	15.9320
group_10466	345	5467	15.8464	41	71.9478	20	70.1929
group_10481	246	3839	15.6057	27	66.4479	13	63.9869
group_10494	1239	286	0.2308	2	0.9773	1	0.9773
group_10495	186	302	1.6237	2	6.5098	1	6.5098
group_19130	1767	2271	1.2852	16	5.4820	8	5.4820
group_10560	111	222	2.0000	2	10.9084	1	10.9084
group_19131	1164	604	0.5189	4	2.0805	2	2.0805
pfaA	3825	65276	17.0656	436	69.0093	218	69.0093
group_10582	429	16916	39.4312	123	173.5803	61	172.1691
group_10584	642	1505	2.3442	11	10.3731	5	9.4301
group_10585	225	2119	9.4178	15	40.3609	7	37.6702
group_10597	933	2097	2.2476	15	9.7333	7	9.0845
group_15930	795	302	0.3799	2	1.5231	1	1.5231
group_10611	1725	0	0.0000	0	0.0000	0	0.0000
group_10613	1173	2841	2.4220	20	10.3225	10	10.3225
group_10620	211	2828	13.4028	19	54.5160	9	51.6467
group_10631	432	1008	2.3333	8	11.2114	4	11.2114
group_10644	528	0	0.0000	0	0.0000	0	0.0000
group_10655	690	1509	2.1870	11	9.6515	5	8.7741
group_19133	1653	119	0.0720	1	0.3663	0	0.0000
group_10688	354	1356	3.8305	9	15.3919	4	13.6817
ndhH	1185	66587	56.1916	450	229.9041	225	229.9041
group_10714	1689	5266	3.1178	37	13.2625	18	12.9040
group_10715	1158	1086	0.9378	8	4.1825	4	4.1825
group_10731	3996	0	0.0000	0	0.0000	0	0.0000
group_10734	252	1794	7.1190	13	31.2317	6	28.8292
group_15231	516	604	1.1705	4	4.6931	2	4.6931
group_10756	1290	40614	31.4837	273	128.1225	136	127.6532
group_10757	2205	135618	61.5048	912	250.4026	456	250.4026
group_10759	237	271	1.1435	2	5.1090	1	5.1090
mgtE	1407	8920	6.3397	60	25.8172	30	25.8172
group_10778	360	596	1.6556	4	6.7268	2	6.7268
group_10782	396	3715	9.3813	26	39.7494	13	39.7494
group_10797	1260	72606	57.6238	494	237.3608	247	237.3608
group_10830	858	22929	26.7238	157	110.7809	78	110.0753
group_10834	2235	32981	14.7566	220	59.5933	110	59.5933
group_10848	402	2528	6.2886	18	27.1081	9	27.1081
group_10857	1566	14940	9.5402	101	39.0465	50	38.6599
group_10862	267	151	0.5655	1	2.2675	0	0.0000
group_10863	657	0	0.0000	0	0.0000	0	0.0000
group_10871	129	0	0.0000	0	0.0000	0	0.0000
group_10872	111	0	0.0000	0	0.0000	0	0.0000
group_10883	192	0	0.0000	0	0.0000	0	0.0000
group_10886	627	151	0.2408	1	0.9656	0	0.0000
group_10890	453	862	1.9029	6	8.0187	3	8.0187
group_10896	264	930	3.5227	7	16.0526	3	13.7594
group_10901	123	0	0.0000	0	0.0000	0	0.0000
group_10903	744	12294	16.5242	83	67.5395	41	66.7258
group_10922	1053	15871	15.0722	108	62.0938	54	62.0938
group_10930	1584	6918	4.3674	47	17.9637	23	17.5815
group_10938	234	600	2.5641	5	12.9362	2	10.3490
group_10942	588	11700	19.8980	79	81.3397	39	80.3100
group_10945	753	0	0.0000	0	0.0000	0	0.0000
group_10949	2877	1661	0.5773	11	2.3148	5	2.1043
group_10956	795	11697	14.7132	80	60.9222	40	60.9222
group_10965	1137	23705	20.8487	160	85.1946	80	85.1946
group_10972	417	0	0.0000	0	0.0000	0	0.0000
group_10980	1755	106419	60.6376	715	246.6502	357	246.3052
group_10981	366	0	0.0000	0	0.0000	0	0.0000
group_10986	1134	906	0.7989	6	3.2032	3	3.2032
group_10987	1041	0	0.0000	0	0.0000	0	0.0000
group_11002	1491	25298	16.9671	170	69.0278	85	69.0278
group_11004	732	3721	5.0833	26	21.5038	13	21.5038
group_11006	624	302	0.4840	2	1.9404	1	1.9404
metK	1512	84300	55.7540	570	228.2315	285	228.2315
tatB	249	9007	36.1727	66	160.4712	33	160.4712
group_11034	147	96	0.6531	2	8.2369	1	8.2369
group_11044	372	5940	15.9677	45	73.2356	22	71.6081
group_11046	1437	0	0.0000	0	0.0000	0	0.0000
group_11047	1491	151	0.1013	1	0.4060	0	0.0000
group_11050	1452	0	0.0000	0	0.0000	0	0.0000
group_11051	1140	0	0.0000	0	0.0000	0	0.0000
group_11052	2577	2543	0.9868	14	3.2890	7	3.2890
group_11071	1611	7423	4.6077	50	18.7900	25	18.7900
group_11085	447	7082	15.8434	49	66.3653	24	65.0109
group_11106	618	38156	61.7411	260	254.7050	130	254.7050
group_11113	405	1041	2.5704	7	10.4639	3	8.9691
group_11116	261	144	0.5517	1	2.3196	0	0.0000
group_11118	1518	0	0.0000	0	0.0000	0	0.0000
group_11121	876	7522	8.5868	50	34.5556	25	34.5556
group_11140	1317	151	0.1147	1	0.4597	0	0.0000
group_11152	657	10176	15.4886	70	64.5038	35	64.5038
rpsG	471	16596	35.2357	118	151.6749	59	151.6749
group_11190	1467	897	0.6115	6	2.4761	3	2.4761
group_11199	603	29231	48.4760	200	200.8007	100	200.8007
group_11200	564	972	1.7234	7	7.5140	3	6.4406
group_11201	231	0	0.0000	0	0.0000	0	0.0000
group_11219	864	44658	51.6875	298	208.8118	149	208.8118
group_11225	633	2038	3.2196	14	13.3899	7	13.3899
group_11234	1614	12207	7.5632	83	31.1334	41	30.7583
group_15571	4941	25095	5.0789	167	20.4623	83	20.3398
group_11265	213	1384	6.4977	10	28.4232	5	28.4232
ccmL	312	8528	27.3333	59	114.4854	29	112.5449
group_11286	114	0	0.0000	0	0.0000	0	0.0000
group_11294	1626	95535	58.7546	641	238.6657	320	238.2934
group_11302	258	702	2.7209	5	11.7328	2	9.3863
group_11315	450	13567	30.1489	97	130.5004	48	129.1550
group_11320	1878	13798	7.3472	92	29.6582	46	29.6582
group_11325	1845	26491	14.3583	180	59.0648	90	59.0648
group_15953	486	1142	2.3498	9	11.2114	4	9.9657
group_15243	1209	0	0.0000	0	0.0000	0	0.0000
group_11359	747	3400	4.5515	23	18.6406	11	17.8301
tyw1	873	36821	42.1775	250	173.3717	125	173.3717
group_11365	181	847	4.6796	7	23.4138	3	20.0690
group_11371	486	0	0.0000	0	0.0000	0	0.0000
group_11382	945	47169	49.9143	323	206.9299	161	206.2893
group_11386	759	0	0.0000	0	0.0000	0	0.0000
group_11400	1596	4498	2.8183	31	11.7593	15	11.3800
group_11415	192	152	0.7917	2	6.3064	1	6.3064
group_11430	273	906	3.3187	6	13.3058	3	13.3058
group_11441	825	5273	6.3915	36	26.4181	18	26.4181
group_11447	885	302	0.3412	2	1.3682	1	1.3682
group_11465	255	2234	8.7608	18	42.7351	9	42.7351
larB	771	29234	37.9170	198	155.4760	99	155.4760
gltA	1140	56256	49.3474	389	206.5843	194	206.0532
group_11494	267	239	0.8951	2	4.5349	1	4.5349
group_11503	1065	20992	19.7108	141	80.1534	70	79.5850
group_11506	274	755	2.7555	5	11.0477	2	8.8382
group_11508	507	533	1.0513	5	5.9706	2	4.7764
group_11521	378	14626	38.6931	103	164.9673	51	163.3657
group_11525	921	36169	39.2714	245	161.0494	122	160.3920
group_11528	906	12039	13.2881	81	54.1264	40	53.4582
group_11531	855	10968	12.8281	76	53.8146	38	53.8146
group_11533	444	391	0.8806	3	4.0906	1	2.7271
group_11548	420	795	1.8929	6	8.6488	3	8.6488
group_11549	192	0	0.0000	0	0.0000	0	0.0000
group_11559	447	151	0.3378	1	1.3544	0	0.0000
group_11568	465	302	0.6495	2	2.6039	1	2.6039
group_11569	1062	2416	2.2750	16	9.1211	8	9.1211
group_11584	165	0	0.0000	0	0.0000	0	0.0000
group_11586	714	33251	46.5700	233	197.5651	116	196.7172
group_11590	624	26596	42.6218	186	180.4600	93	180.4600
group_11592	471	3341	7.0934	25	32.1345	12	30.8491
group_11598	1248	70854	56.7740	481	233.3367	240	232.8516
group_11620	1986	22741	11.4507	154	46.9455	77	46.9455
pruA	3000	183097	61.0323	1225	247.2108	612	247.0090
group_11628	1920	2847	1.4828	19	5.9911	9	5.6758
group_11631	717	17570	24.5049	119	100.4802	59	99.6358
group_11643	357	0	0.0000	0	0.0000	0	0.0000
group_11650	1218	18479	15.1716	123	61.1379	61	60.6408
group_11653	384	1580	4.1146	11	17.3426	5	15.7660
group_11665	1278	0	0.0000	0	0.0000	0	0.0000
group_11679	1251	81822	65.4053	553	267.6211	276	267.1372
group_11684	375	0	0.0000	0	0.0000	0	0.0000
group_11691	885	4939	5.5808	34	23.2588	17	23.2588
group_11696	708	9738	13.7542	66	56.4369	33	56.4369
pcyA	738	44905	60.8469	309	253.4864	154	252.6661
group_11701	216	302	1.3981	2	5.6057	1	5.6057
group_11702	273	0	0.0000	0	0.0000	0	0.0000
group_11704	189	0	0.0000	0	0.0000	0	0.0000
group_11707	1086	63849	58.7928	435	242.5001	217	241.9427
group_14813	1338	1264	0.9447	9	4.0723	4	3.6198
group_11712	1587	302	0.1903	2	0.7630	1	0.7630
group_11713	696	0	0.0000	0	0.0000	0	0.0000
group_11725	183	665	3.6339	5	16.5414	2	13.2331
group_11732	156	759	4.8654	6	23.2852	3	23.2852
group_11742	315	10094	32.0444	75	144.1462	37	142.2243
group_11738	144	307	2.1319	3	12.6128	1	8.4085
group_11741	3189	19190	6.0176	128	24.3001	64	24.3001
group_11754	726	29144	40.1433	199	165.9468	99	165.1129
cdsA	918	53748	58.5490	367	242.0338	183	241.3743
group_11783	144	0	0.0000	0	0.0000	0	0.0000
group_11787	381	453	1.1890	3	4.7670	1	3.1780
group_11788	306	0	0.0000	0	0.0000	0	0.0000
group_5675	231	0	0.0000	0	0.0000	0	0.0000
group_11805	1137	9125	8.0255	62	33.0129	31	33.0129
ndhJ	585	6779	11.5880	45	46.5703	22	45.5354
rplJ	651	34240	52.5960	235	218.5443	117	217.6143
group_11806	723	302	0.4177	2	1.6747	1	1.6747
petL	102	169	1.6569	2	11.8709	1	11.8709
group_11811	420	7296	17.3714	51	73.5146	25	72.0731
group_17219	1530	6488	4.2405	43	17.0149	21	16.6192
group_11820	381	512	1.3438	4	6.3561	2	6.3561
group_11823	93	0	0.0000	0	0.0000	0	0.0000
group_11840	144	196	1.3611	2	8.4085	1	8.4085
group_11849	249	3505	14.0763	25	60.7846	12	58.3532
group_11846	669	259	0.3871	2	1.8099	1	1.8099
group_11856	2154	1510	0.7010	10	2.8107	5	2.8107
group_11867	1359	453	0.3333	3	1.3365	1	0.8910
ntcA	741	41689	56.2605	287	234.4856	143	233.6686
group_11874	243	456	1.8765	4	9.9657	2	9.9657
group_11875	243	1395	5.7407	11	27.4056	5	24.9142
group_11879	1413	72212	51.1054	486	208.2316	243	208.2316
group_11885	432	848	1.9630	6	8.4085	3	8.4085
group_11900	1872	16481	8.8040	112	36.2214	56	36.2214
group_11922	252	0	0.0000	0	0.0000	0	0.0000
hemJ	588	8904	15.1429	61	62.8066	30	61.7770
group_11942	489	0	0.0000	0	0.0000	0	0.0000
group_11948	1677	92205	54.9821	617	222.7433	308	222.3823
group_11972	321	453	1.4112	3	5.6581	1	3.7721
group_11976	723	10804	14.9433	74	61.9649	37	61.9649
ndhN	588	27535	46.8282	188	193.5678	94	193.5678
group_11980	240	1658	6.9083	11	27.7481	5	25.2256
group_11981	312	1581	5.0673	11	21.3447	5	19.4043
group_11983	354	4804	13.5706	33	56.4369	16	54.7267
group_11984	186	337	1.8118	2	6.5098	1	6.5098
group_11985	540	453	0.8389	3	3.3634	1	2.2423
group_11986	468	151	0.3226	1	1.2936	0	0.0000
group_11988	588	1354	2.3027	9	9.2665	4	8.2369
group_12002	192	0	0.0000	0	0.0000	0	0.0000
group_12005	8721	73927	8.4769	491	34.0853	245	34.0159
grrA	243	1574	6.4774	11	27.4056	5	24.9142
tatA	177	2317	13.0904	20	68.4084	10	68.4084
group_15950	2325	4618	1.9862	31	8.0722	15	7.8118
group_12033	195	151	0.7744	1	3.1047	0	0.0000
group_12056	369	3931	10.6531	31	50.8613	15	49.2207
group_12068	213	242	1.1362	2	5.6846	1	5.6846
group_12071	339	1208	3.5634	8	14.2871	4	14.2871
group_12083	240	4717	19.6542	37	93.3347	18	90.8121
group_12084	600	891	1.4850	6	6.0541	3	6.0541
group_12098	930	18051	19.4097	111	72.2591	55	71.6081
group_12100	408	2787	6.8309	20	29.6772	10	29.6772
group_12101	705	0	0.0000	0	0.0000	0	0.0000
group_12114	648	764	1.1790	5	4.6714	2	3.7371
ycf33	198	4980	25.1515	40	122.3059	20	122.3059
terB	864	70688	81.8148	480	336.3412	240	336.3412
group_12130	951	41846	44.0021	284	180.7966	142	180.7966
group_12133	837	6151	7.3489	42	30.3792	21	30.3792
group_12138	540	26158	48.4407	183	205.1681	91	204.0470
group_12148	3774	14186	3.7589	94	15.0792	47	15.0792
group_12150	564	2963	5.2535	20	21.4686	10	21.4686
group_12149	412	4437	10.7694	32	47.0225	16	47.0225
group_12154	399	2771	6.9449	19	28.8292	9	27.3119
group_12162	237	1597	6.7384	11	28.0994	5	25.5449
group_17164	1929	8431	4.3707	57	17.8894	28	17.5755
group_17165	1260	5822	4.6206	40	19.2195	20	19.2195
group_12199	3330	121444	36.4697	813	147.8083	406	147.6265
group_12202	762	11678	15.3255	80	63.5605	40	63.5605
group_12211	162	596	3.6790	5	18.6856	2	14.9485
group_12216	168	150	0.8929	1	3.6037	0	0.0000
group_12217	411	14399	35.0341	103	151.7218	51	150.2488
group_12238	2010	3020	1.5025	20	6.0240	10	6.0240
rplY	558	22927	41.0878	162	175.7654	81	175.7654
group_12240	729	20840	28.5871	146	121.2489	73	121.2489
cr066	579	29905	51.6494	212	221.6715	106	221.6715
group_12250	603	6868	11.3897	41	41.1641	20	40.1601
group_12261	702	29812	42.4672	207	178.5195	103	177.6571
group_12262	288	710	2.4653	5	10.5107	2	8.4085
group_12264	939	35667	37.9840	243	156.6727	121	156.0279
group_12267	1149	67694	58.9156	458	241.3226	229	241.3226
group_12276	855	151	0.1766	1	0.7081	0	0.0000
group_12281	405	6843	16.8963	48	71.7528	24	71.7528
group_12289	504	0	0.0000	0	0.0000	0	0.0000
group_12301	888	50875	57.2917	342	233.1663	171	233.1663
rplO	444	13445	30.2815	96	130.9004	48	130.9004
group_12309	477	22300	46.7505	154	195.4586	77	195.4586
group_12310	234	242	1.0342	2	5.1745	1	5.1745
group_12314	2901	8076	2.7839	54	11.2693	27	11.2693
group_12317	975	906	0.9292	6	3.7256	3	3.7256
group_12326	405	14741	36.3975	105	156.9592	52	155.4644
group_12329	1239	61822	49.8967	419	204.7365	209	204.2479
group_12341	846	724	0.8558	5	3.5781	2	2.8625
group_12349	792	43010	54.3056	299	228.5591	149	227.7947
group_12348	1170	4005	3.4231	29	15.0060	14	14.4885
argC	1062	56017	52.7467	379	216.0565	189	215.4864
group_12371	948	0	0.0000	0	0.0000	0	0.0000
group_12395	804	15881	19.7525	108	81.3243	54	81.3243
group_12399	837	42142	50.3489	296	214.1011	148	214.1011
group_12436	252	302	1.1984	2	4.8049	1	4.8049
group_12440	1173	6319	5.3870	45	23.2256	22	22.7095
group_12449	1101	4463	4.0536	31	17.0462	15	16.4963
group_12454	714	0	0.0000	0	0.0000	0	0.0000
yrrD	948	27366	28.8671	188	120.0610	94	120.0610
group_12480	279	7848	28.1290	55	119.3469	27	117.1769
group_12483	309	2186	7.0744	15	29.3890	7	27.4298
group_12499	255	556	2.1804	4	9.4967	2	9.4967
tkt	2007	125967	62.7638	850	256.4036	425	256.4036
group_12530	975	5219	5.3528	35	21.7328	17	21.1119
argJ	1338	75795	56.6480	515	233.0256	257	232.5731
group_12539	1176	21595	18.3631	145	74.6471	72	74.1323
group_12567	174	0	0.0000	0	0.0000	0	0.0000
group_12568	783	19803	25.2912	137	105.9281	68	105.1549
group_12591	588	3593	6.1105	25	25.7404	12	24.7108
group_12604	1167	1337	1.1457	6	3.1127	3	3.1127
group_12609	369	17048	46.2005	120	196.8826	60	196.8826
group_12616	783	4531	5.7867	32	24.7423	16	24.7423
group_12650	627	453	0.7225	3	2.8967	1	1.9311
group_12654	3447	26540	7.6994	176	30.9118	88	30.9118
group_12656	1230	302	0.2455	2	0.9844	1	0.9844
group_12660	807	21492	26.6320	144	108.0293	72	108.0293
ylxR	282	5332	18.9078	39	83.7275	19	81.5806
group_12681	240	5832	24.3000	41	103.4249	20	100.9024
trmJ	801	40207	50.1960	276	208.6071	138	208.6071
group_12699	462	8389	18.1580	59	77.3148	29	76.0044
group_12701	717	33443	46.6430	229	193.3610	114	192.5166
group_12720	318	151	0.4748	1	1.9038	0	0.0000
group_12735	777	1902	2.4479	13	10.1292	6	9.3500
prfA	1101	38119	34.6222	257	141.3183	128	140.7684
group_12743	606	16313	26.9191	120	119.8840	60	119.8840
group_12776	885	39696	44.8542	272	186.0708	136	186.0708
group_12795	198	3048	15.3939	21	64.2106	10	61.1529
group_12808	693	1219	1.7590	9	7.8625	4	6.9889
group_12807	3177	9272	2.9185	61	11.6243	30	11.4337
mltA	1203	60622	50.3924	411	206.8372	205	206.3340
group_12824	420	6430	15.3095	46	66.3073	23	66.3073
group_12826	360	12569	34.9139	86	144.6267	43	144.6267
group_12831	414	9623	23.2440	70	102.3647	35	102.3647
group_12837	846	41059	48.5331	278	198.9422	139	198.9422
group_12841	705	33479	47.4879	233	200.0872	116	199.2285
group_12843	240	0	0.0000	0	0.0000	0	0.0000
jag	495	21440	43.3131	151	184.6819	75	183.4588
group_12854	324	151	0.4660	1	1.8686	0	0.0000
fabZ	480	24197	50.4104	170	214.4175	85	214.4175
group_12863	594	29214	49.1818	203	206.9008	101	205.8816
group_12865	1965	116948	59.5155	783	241.2414	391	240.9333
group_12872	795	12347	15.5308	85	64.7298	42	63.9683
trpE	1584	73420	46.3510	497	189.9563	248	189.5741
group_12887	768	1359	1.7695	9	7.0947	4	6.3064
group_12889	3852	3753	0.9743	23	3.6149	11	3.4577
group_12895	564	24081	42.6968	169	181.4096	84	180.3361
group_12899	318	862	2.7107	7	13.3267	3	11.4229
group_12909	510	24386	47.8157	171	202.9918	85	201.8047
tusA	222	6026	27.1441	43	117.2649	21	114.5378
group_12934	1896	43632	23.0127	265	84.6175	132	84.2982
group_12939	1101	22289	20.2443	151	83.0314	75	82.4815
group_12945	355	148	0.4169	1	1.7054	0	0.0000
group_12948	228	0	0.0000	0	0.0000	0	0.0000
group_12951	669	453	0.6771	3	2.7149	1	1.8099
group_12950	1383	10020	7.2451	67	29.3295	33	28.8918
group_12965	315	450	1.4286	3	5.7658	1	3.8439
group_12971	315	1292	4.1016	9	17.2975	4	15.3756
group_12972	210	1199	5.7095	8	23.0634	4	23.0634
group_12983	438	18669	42.6233	130	179.6891	65	179.6891
group_12987	807	302	0.3742	2	1.5004	1	1.5004
group_12994	270	745	2.7593	5	11.2114	2	8.9691
group_12997	1056	17017	16.1146	116	66.5038	58	66.5038
group_13009	1029	510	0.4956	3	1.7651	1	1.1767
glgC	1422	80318	56.4824	538	229.0526	269	229.0526
group_15416	2061	3146	1.5264	22	6.4625	11	6.4625
group_13019	864	18321	21.2049	126	88.2896	63	88.2896
group_13021	945	3825	4.0476	26	16.6569	13	16.6569
group_13022	1041	11938	11.4678	80	46.5256	40	46.5256
group_13025	1470	0	0.0000	0	0.0000	0	0.0000
group_13040	633	25253	39.8942	175	167.3736	87	166.4172
group_13056	663	10301	15.5370	71	64.8332	35	63.9200
group_13059	303	8707	28.7360	63	125.8782	31	123.8801
group_13065	246	1834	7.4553	15	36.9155	7	34.4545
group_13067	252	0	0.0000	0	0.0000	0	0.0000
group_13070	1128	57433	50.9158	387	207.7086	193	207.1719
group_13076	270	4112	15.2296	30	67.2682	15	67.2682
pspE	339	8572	25.2861	62	110.7247	31	110.7247
group_13102	411	2566	6.2433	17	25.0415	8	23.5684
group_13103	1437	53819	37.4523	363	152.9334	181	152.5121
group_13107	154	147	0.9545	1	3.9313	0	0.0000
group_13124	1119	65764	58.7703	446	241.3000	223	241.3000
group_15061	771	0	0.0000	0	0.0000	0	0.0000
group_13138	180	0	0.0000	0	0.0000	0	0.0000
group_13152	219	0	0.0000	0	0.0000	0	0.0000
rodA	1281	70951	55.3872	481	227.3257	240	226.8531
group_13167	282	0	0.0000	0	0.0000	0	0.0000
group_13171	399	453	1.1353	3	4.5520	1	3.0347
group_13174	282	906	3.2128	6	12.8812	3	12.8812
group_13192	465	5561	11.9591	38	49.4747	19	49.4747
group_13198	249	833	3.3454	6	14.5883	3	14.5883
csm4	1098	0	0.0000	0	0.0000	0	0.0000
group_13220	483	8352	17.2919	59	73.9533	29	72.6998
group_13221	1035	0	0.0000	0	0.0000	0	0.0000
group_13229	780	41863	53.6705	285	221.2090	142	220.4328
group_17176	717	2292	3.1967	15	12.6656	7	11.8212
mreC	750	13595	18.1267	92	74.2641	46	74.2641
group_13250	351	11566	32.9516	81	139.7110	40	137.9861
group_13273	243	0	0.0000	0	0.0000	0	0.0000
group_13275	1149	294	0.2559	2	1.0538	1	1.0538
group_13276	978	1027	1.0501	7	4.3332	3	3.7142
group_13282	936	13668	14.6026	96	62.0938	48	62.0938
group_13287	129	0	0.0000	0	0.0000	0	0.0000
group_13289	660	20701	31.3652	144	132.0904	72	132.0904
group_13305	243	499	2.0535	4	9.9657	2	9.9657
fetB	777	40837	52.5573	280	218.1673	140	218.1673
group_13312	1725	56653	32.8423	384	134.7704	192	134.7704
group_13320	444	19738	44.4550	139	189.5328	69	188.1693
larE	1002	46337	46.2445	312	188.5122	156	188.5122
ycgQ	792	34006	42.9369	234	178.8724	117	178.8724
group_13334	399	682	1.7093	5	7.5866	2	6.0693
group_13338	2340	30229	12.9184	203	52.5210	101	52.2622
group_13343	117	0	0.0000	0	0.0000	0	0.0000
group_13347	3921	1811	0.4619	12	1.8528	6	1.8528
group_13351	399	302	0.7569	2	3.0347	1	3.0347
group_13360	624	12675	20.3125	87	84.4087	43	83.4385
group_13366	246	151	0.6138	1	2.4610	0	0.0000
group_13377	951	49853	52.4217	342	217.7199	171	217.7199
group_13378	600	328	0.5467	2	2.0180	1	2.0180
group_13387	282	0	0.0000	0	0.0000	0	0.0000
group_13392	693	0	0.0000	0	0.0000	0	0.0000
group_13396	1629	9457	5.8054	63	23.4138	31	23.0422
group_13401	783	0	0.0000	0	0.0000	0	0.0000
group_13404	933	6879	7.3730	46	29.8489	23	29.8489
group_13406	957	632	0.6604	4	2.5305	2	2.5305
group_15140	675	3624	5.3689	24	21.5258	12	21.5258
group_13411	264	302	1.1439	2	4.5865	1	4.5865
group_13418	900	0	0.0000	0	0.0000	0	0.0000
group_13417	3273	604	0.1845	4	0.7399	2	0.7399
group_13421	279	0	0.0000	0	0.0000	0	0.0000
group_13423	294	6984	23.7551	48	98.8431	24	98.8431
group_13425	1299	8144	6.2694	55	25.6334	27	25.1673
group_13426	591	1845	3.1218	13	13.3171	6	12.2927
astE	936	47991	51.2724	326	210.8600	163	210.8600
group_13449	216	0	0.0000	0	0.0000	0	0.0000
group_13456	2118	21403	10.1053	143	40.8755	71	40.5896
group_13457	960	47143	49.1073	318	200.5434	159	200.5434
ldcA	891	50920	57.1493	346	235.0991	173	235.0991
group_13485	222	0	0.0000	0	0.0000	0	0.0000
group_13489	411	5293	12.8783	38	55.9750	19	55.9750
group_13491	216	598	2.7685	4	11.2114	2	11.2114
group_13495	154	147	0.9545	1	3.9313	0	0.0000
group_13497	168	0	0.0000	0	0.0000	0	0.0000
group_13498	885	1807	2.0418	12	8.2090	6	8.2090
group_13502	216	319	1.4769	3	8.4085	1	5.6057
group_13503	174	0	0.0000	0	0.0000	0	0.0000
group_13506	291	422	1.4502	3	6.2414	1	4.1609
group_13507	342	4786	13.9942	33	58.4172	16	56.6469
group_15144	2247	604	0.2688	4	1.0777	2	1.0777
group_13525	342	13780	40.2924	102	180.5621	51	180.5621
group_13532	390	16375	41.9872	114	176.9672	57	176.9672
yceD	510	2083	4.0843	16	18.9934	8	18.9934
group_13543	1113	453	0.4070	3	1.6318	1	1.0879
group_13542	447	1049	2.3468	7	9.4808	3	8.1264
group_17071	528	0	0.0000	0	0.0000	0	0.0000
group_13548	642	0	0.0000	0	0.0000	0	0.0000
group_13552	132	0	0.0000	0	0.0000	0	0.0000
group_13555	741	38370	51.7814	258	210.7920	129	210.7920
group_13565	642	5462	8.5078	38	35.8345	19	35.8345
group_13569	192	3613	18.8177	28	88.2896	14	88.2896
mtnP	894	35464	39.6689	244	165.2361	122	165.2361
group_13573	5913	42671	7.2165	283	28.9755	141	28.8731
group_13576	357	12295	34.4398	87	147.5379	43	145.8421
group_13578	375	292	0.7787	2	3.2289	1	3.2289
group_13593	1728	107766	62.3646	726	254.3580	363	254.3580
group_13596	405	16878	41.6741	121	180.8768	60	179.3820
group_13604	222	0	0.0000	0	0.0000	0	0.0000
hemE	1065	57805	54.2770	397	225.6802	198	225.1117
group_13622	621	2108	3.3945	15	14.6235	7	13.6486
group_13635	831	47765	57.4789	325	236.7745	162	236.0459
group_13645	1410	302	0.2142	2	0.8587	1	0.8587
group_13653	1098	1069	0.9736	7	3.8597	3	3.3083
group_13657	858	42633	49.6888	291	205.3328	145	204.6272
group_13669	840	2861	3.4060	19	13.6939	9	12.9732
group_13684	663	35054	52.8718	242	220.9807	121	220.9807
group_13702	243	0	0.0000	0	0.0000	0	0.0000
group_13713	1530	0	0.0000	0	0.0000	0	0.0000
group_13723	609	4956	8.1379	34	33.7998	17	33.7998
group_13730	834	1511	1.8118	10	7.2592	5	7.2592
group_13748	387	2060	5.3230	14	21.9013	7	21.9013
group_13755	267	0	0.0000	0	0.0000	0	0.0000
group_13760	786	604	0.7684	4	3.0810	2	3.0810
group_13764	399	450	1.1278	3	4.5520	1	3.0347
group_13769	114	0	0.0000	0	0.0000	0	0.0000
group_13776	333	12344	37.0691	92	167.2616	46	167.2616
group_13786	825	5391	6.5345	37	27.1519	18	26.4181
group_13785	2739	11008	4.0190	73	16.1355	36	15.9145
group_13784	804	24947	31.0286	167	125.7514	83	124.9984
group_13809	510	10208	20.0157	72	85.4702	36	85.4702
group_13836	423	6890	16.2884	50	71.5620	25	71.5620
group_13838	684	604	0.8830	4	3.5404	2	3.5404
group_13846	732	2197	3.0014	16	13.2331	8	13.2331
group_13857	147	0	0.0000	0	0.0000	0	0.0000
group_13863	192	160	0.8333	4	12.6128	2	12.6128
group_13870	900	0	0.0000	0	0.0000	0	0.0000
kgpE	264	0	0.0000	0	0.0000	0	0.0000
phoU	669	32483	48.5546	234	211.7592	117	211.7592
group_13880	252	1143	4.5357	8	19.2195	4	19.2195
alphaE	1002	51960	51.8563	352	212.6804	176	212.6804
group_13896	462	1988	4.3030	15	19.6563	7	18.3459
group_13902	396	15529	39.2146	108	165.1129	54	165.1129
group_15300	1053	1963	1.8642	13	7.4742	6	6.8993
group_13922	321	0	0.0000	0	0.0000	0	0.0000
group_13935	582	4565	7.8436	33	34.3276	16	33.2874
group_13940	225	3834	17.0400	29	78.0312	14	75.3404
group_13950	1422	76813	54.0176	513	218.4089	256	217.9831
group_13952	897	6125	6.8283	43	29.0221	21	28.3471
group_13956	1023	21829	21.3382	147	86.9950	73	86.4032
group_13961	780	0	0.0000	0	0.0000	0	0.0000
rplW	306	8364	27.3333	58	114.7517	29	114.7517
group_13975	228	0	0.0000	0	0.0000	0	0.0000
group_17229	327	686	2.0979	5	9.2571	2	7.4057
otnK	1440	78255	54.3438	525	220.7239	262	220.3035
group_15001	1287	7986	6.2051	54	25.4020	27	25.4020
group_15002	591	3205	5.4230	23	23.5610	11	22.5366
group_14011	2172	302	0.1390	2	0.5575	1	0.5575
group_14023	366	299	0.8169	2	3.3083	1	3.3083
group_14024	537	25463	47.4171	177	199.5499	88	198.4225
group_14028	732	2108	2.8798	14	11.5790	7	11.5790
group_14045	489	22566	46.1472	159	196.8524	79	195.6144
group_14086	1065	0	0.0000	0	0.0000	0	0.0000
group_14088	408	302	0.7402	2	2.9677	1	2.9677
group_14109	528	2168	4.1061	15	17.1993	7	16.0526
group_14115	99	0	0.0000	0	0.0000	0	0.0000
minC	834	34385	41.2290	243	176.3976	121	175.6717
minE	288	7751	26.9132	58	121.9237	29	121.9237
purE	555	19398	34.9514	135	147.2629	67	146.1721
yjbQ	420	11831	28.1690	80	115.3170	40	115.3170
group_14146	519	1299	2.5029	9	10.4985	4	9.3320
group_14154	1104	250	0.2264	2	1.0968	1	1.0968
group_14158	579	0	0.0000	0	0.0000	0	0.0000
group_14170	732	40096	54.7760	279	230.7521	139	229.9250
tpiA	726	41410	57.0386	286	238.4965	143	238.4965
group_14183	1161	34929	30.0853	233	121.5000	116	120.9785
group_14188	855	0	0.0000	0	0.0000	0	0.0000
group_14191	435	17558	40.3632	123	171.1861	61	169.7943
group_14222	249	6797	27.2972	47	114.2750	23	111.8436
group_14235	2238	7786	3.4790	52	14.0668	26	14.0668
group_17732	1104	1208	1.0942	8	4.3871	4	4.3871
group_14246	2286	17090	7.4759	114	30.1913	57	30.1913
group_14257	279	8683	31.1219	63	136.7064	31	134.5365
group_14262	213	3925	18.4272	30	85.2696	15	85.2696
group_14271	2163	24926	11.5238	164	45.9029	82	45.9029
group_14278	1494	9031	6.0448	61	24.7191	30	24.3138
pdxH	645	32760	50.7907	227	213.0682	113	212.1296
group_14300	597	1632	2.7337	11	11.1550	5	10.1409
group_14305	768	1507	1.9622	10	7.8830	5	7.8830
group_14308	534	7217	13.5150	50	56.6867	25	56.6867
group_14315	729	0	0.0000	0	0.0000	0	0.0000
group_14317	219	986	4.5023	7	19.3511	3	16.5867
group_14328	1437	238	0.1656	2	0.8426	1	0.8426
group_16875	1038	3633	3.5000	23	13.4148	11	12.8315
group_17234	900	1169	1.2989	8	5.3815	4	5.3815
group_14364	867	5909	6.8155	41	28.6297	20	27.9314
atp1	423	18214	43.0591	131	187.4923	65	186.0611
group_14370	2124	1682	0.7919	11	3.1354	5	2.8503
group_14380	318	3563	11.2044	25	47.5954	12	45.6916
group_14397	213	0	0.0000	0	0.0000	0	0.0000
group_14415	1038	1071	1.0318	9	5.2493	4	4.6660
group_14418	2766	18082	6.5372	125	27.3596	62	27.1408
group_14424	2619	18211	6.9534	120	27.7395	60	27.7395
group_14425	999	0	0.0000	0	0.0000	0	0.0000
ureG	603	23580	39.1045	162	162.6486	81	162.6486
group_17221	360	1207	3.3528	8	13.4536	4	13.4536
ccb2	657	34183	52.0289	232	213.7840	116	213.7840
rplV	360	18606	51.6833	137	230.3937	68	228.7120
group_14437	459	10537	22.9564	78	102.8808	39	102.8808
group_14445	306	12458	40.7124	90	178.0630	45	178.0630
group_17168	1287	6091	4.7327	42	19.7571	21	19.7571
group_14454	732	387	0.5287	3	2.4812	1	1.6541
group_14469	267	0	0.0000	0	0.0000	0	0.0000
rae1	756	33849	44.7738	232	185.7885	116	185.7885
aroC	1101	60430	54.8865	411	225.9993	205	225.4494
group_14475	399	9144	22.9173	65	98.6264	32	97.1090
group_14474	396	8252	20.8384	58	88.6718	29	88.6718
group_14495	135	0	0.0000	0	0.0000	0	0.0000
group_17241	495	1574	3.1798	11	13.4536	5	12.2306
group_14544	453	302	0.6667	2	2.6729	1	2.6729
group_14549	573	20194	35.2426	137	144.7500	68	143.6934
group_14550	1311	2047	1.5614	14	6.4651	7	6.4651
group_14551	993	51718	52.0826	359	218.8758	179	218.2661
group_14561	2190	36057	16.4644	238	65.7939	119	65.7939
group_14565	525	4747	9.0419	33	38.0546	16	36.9014
group_14569	840	0	0.0000	0	0.0000	0	0.0000
group_1	945	11614	12.2899	80	51.2520	40	51.2520
group_17	324	4452	13.7407	34	63.5311	17	63.5311
group_20	684	0	0.0000	0	0.0000	0	0.0000
group_34	168	329	1.9583	3	10.8110	1	7.2073
group_49	1455	8513	5.8509	58	24.1333	29	24.1333
group_56	369	12056	32.6721	82	134.5365	41	134.5365
group_59	744	604	0.8118	4	3.2549	2	3.2549
group_63	345	1063	3.0812	8	14.0386	4	14.0386
group_64	360	302	0.8389	2	3.3634	1	3.3634
ndhS	273	5337	19.5495	37	82.0525	18	79.8348
petD	483	24042	49.7764	172	215.5926	86	215.5926
group_99	174	0	0.0000	0	0.0000	0	0.0000
group_100	597	5850	9.7990	41	41.5779	20	40.5638
group_113	780	100242	128.5154	671	520.8114	335	520.0352
group_15578	300	859	2.8633	6	12.1083	3	12.1083
coaD	474	16758	35.3544	122	155.8239	61	155.8239
group_144	552	24058	43.5833	170	186.4500	85	186.4500
pgsA	702	6582	9.3761	45	38.8086	22	37.9462
group_148	234	1601	6.8419	12	31.0469	6	31.0469
group_155	411	0	0.0000	0	0.0000	0	0.0000
group_162	330	604	1.8303	4	7.3384	2	7.3384
group_160	1185	4239	3.5772	29	14.8160	14	14.3051
group_169	1875	2271	1.2112	15	4.8433	7	4.5204
group_170	627	32245	51.4274	225	217.2539	112	216.2883
group_171	1311	0	0.0000	0	0.0000	0	0.0000
group_14992	480	4839	10.0813	37	46.6673	18	45.4061
group_178	255	0	0.0000	0	0.0000	0	0.0000
putP	1812	103863	57.3195	700	233.8796	350	233.8796
psbX	120	0	0.0000	0	0.0000	0	0.0000
crtA	1488	14984	10.0699	101	41.0933	50	40.6864
phoE	735	41814	56.8898	289	238.0472	144	237.2235
group_211	300	151	0.5033	1	2.0180	0	0.0000
group_212	642	19564	30.4735	134	126.3637	67	126.3637
gph	696	33118	47.5833	232	201.8047	116	201.8047
pobA	1401	50995	36.3990	339	146.4921	169	146.0599
group_219	315	2406	7.6381	16	30.7512	8	30.7512
group_220	294	3015	10.2551	25	51.4808	12	49.4216
group_4091	132	0	0.0000	0	0.0000	0	0.0000
rplD	633	37283	58.8989	259	247.7129	129	246.7565
glnB	510	13783	27.0255	90	106.8378	45	106.8378
crp	576	9411	16.3385	68	71.4725	34	71.4725
group_236	156	296	1.8974	2	7.7617	1	7.7617
psaK	267	7515	28.1461	56	126.9782	28	126.9782
exbD	603	27122	44.9784	189	189.7567	94	188.7527
group_250	1557	2842	1.8253	19	7.3878	9	6.9990
group_253	654	0	0.0000	0	0.0000	0	0.0000
group_255	2724	4016	1.4743	27	6.0008	13	5.7785
group_257	141	270	1.9149	2	8.5874	1	8.5874
group_270	513	0	0.0000	0	0.0000	0	0.0000
group_17663	924	707	0.7652	6	3.9313	3	3.9313
group_15295	297	0	0.0000	0	0.0000	0	0.0000
group_283	264	3865	14.6402	28	64.2106	14	64.2106
group_291	309	7144	23.1197	51	99.9227	25	97.9635
group_294	372	441	1.1855	4	6.5098	2	6.5098
group_14838	837	5713	6.8256	39	28.2093	19	27.4859
group_14836	2094	755	0.3606	5	1.4456	2	1.1565
acpP	363	512	1.4105	4	6.6712	2	6.6712
group_317	996	0	0.0000	0	0.0000	0	0.0000
group_321	471	0	0.0000	0	0.0000	0	0.0000
secE	237	4351	18.3586	33	84.2982	16	81.7437
rplK	426	21463	50.3826	157	223.1221	78	221.7009
group_346	303	755	2.4917	5	9.9903	2	7.9923
group_358	1731	1359	0.7851	9	3.1477	4	2.7980
group_364	357	0	0.0000	0	0.0000	0	0.0000
group_369	138	0	0.0000	0	0.0000	0	0.0000
group_368	501	23242	46.3912	165	199.3879	82	198.1795
group_380	1530	3234	2.1137	22	8.7053	11	8.7053
group_15063	1821	0	0.0000	0	0.0000	0	0.0000
group_430	288	454	1.5764	3	6.3064	1	4.2043
doc	435	2764	6.3540	20	27.8351	10	27.8351
group_443	1005	5683	5.6547	38	22.8913	19	22.8913
group_449	3606	10221	2.8344	68	11.4166	34	11.4166
group_453	156	74	0.4744	2	7.7617	1	7.7617
group_469	2202	0	0.0000	0	0.0000	0	0.0000
group_470	237	302	1.2743	2	5.1090	1	5.1090
group_494	603	5961	9.8856	43	43.1722	21	42.1681
group_499	291	0	0.0000	0	0.0000	0	0.0000
nuoJ	648	25539	39.4120	174	162.5649	87	162.5649
rplR	363	13221	36.4215	96	160.1095	48	160.1095
group_15049	2220	0	0.0000	0	0.0000	0	0.0000
group_529	1260	47203	37.4627	321	154.2365	160	153.7560
group_14777	492	1557	3.1646	11	13.5357	5	12.3052
tnpISMae25	504	0	0.0000	0	0.0000	0	0.0000
group_549	600	0	0.0000	0	0.0000	0	0.0000
group_550	195	0	0.0000	0	0.0000	0	0.0000
group_14768	282	151	0.5355	1	2.1469	0	0.0000
accB	495	20689	41.7960	152	185.9049	76	185.9049
clpP	621	27538	44.3446	187	182.3067	93	181.3318
psbM	108	575	5.3241	6	33.6341	3	33.6341
sseA	825	42059	50.9806	286	209.8769	143	209.8769
group_573	1227	56760	46.2592	380	187.4958	190	187.4958
group_15592	3045	13866	4.5537	88	17.4964	44	17.4964
group_589	555	12502	22.5261	84	91.6302	42	91.6302
pyrH	723	42022	58.1217	294	246.1850	147	246.1850
group_600	264	1139	4.3144	8	18.3459	4	18.3459
group_15132	669	2945	4.4021	20	18.0991	10	18.0991
atpF	543	28711	52.8748	202	225.2185	101	225.2185
group_618	249	1352	5.4297	10	24.3138	5	24.3138
group_622	370	6494	17.5514	49	80.1765	24	78.5402
folB	357	15010	42.0448	105	178.0630	52	176.3671
group_626	942	10078	10.6985	67	43.0602	33	42.4176
rplX	354	12795	36.1441	94	160.7597	47	160.7597
group_641	603	11629	19.2852	78	78.3123	39	78.3123
group_651	6099	18269	2.9954	196	19.4558	98	19.4558
group_655	711	6768	9.5190	46	39.1688	23	39.1688
group_678	1302	906	0.6959	6	2.7899	3	2.7899
group_683	891	0	0.0000	0	0.0000	0	0.0000
group_690	258	151	0.5853	1	2.3466	0	0.0000
group_689	1437	71462	49.7300	484	203.9112	242	203.9112
group_702	366	453	1.2377	3	4.9624	1	3.3083
group_717	642	2156	3.3583	15	14.1452	7	13.2022
group_14746	531	151	0.2844	1	1.1401	0	0.0000
group_728	264	2541	9.6250	18	41.2782	9	41.2782
group_743	1194	4496	3.7655	30	15.2114	15	15.2114
psbT	96	0	0.0000	0	0.0000	0	0.0000
rpsA	1077	61440	57.0474	419	235.5325	209	234.9704
rpoC2	4074	236987	58.1706	1580	234.7949	790	234.7949
group_751	1413	0	0.0000	0	0.0000	0	0.0000
apcA	486	25597	52.6687	179	222.9817	89	221.7360
group_804	156	0	0.0000	0	0.0000	0	0.0000
group_827	2124	7118	3.3512	48	13.6817	24	13.6817
group_839	1014	53464	52.7258	368	219.7164	184	219.7164
pro1627	273	4710	17.2527	37	82.0525	18	79.8348
grxC	318	8576	26.9686	60	114.2291	30	114.2291
higB	276	3054	11.0652	23	50.4512	11	48.2576
group_848	171	0	0.0000	0	0.0000	0	0.0000
acrA	1458	80230	55.0274	538	223.3970	269	223.3970
group_873	210	191	0.9095	2	5.7658	1	5.7658
group_876	183	0	0.0000	0	0.0000	0	0.0000
group_877	204	450	2.2059	3	8.9031	1	5.9354
group_16691	612	604	0.9869	4	3.9570	2	3.9570
group_884	252	907	3.5992	6	14.4146	3	14.4146
apcB	486	22474	46.2428	158	196.8219	79	196.8219
group_889	321	4006	12.4798	31	58.4668	15	56.5808
group_905	723	6019	8.3250	41	34.3319	20	33.4946
psaI	117	178	1.5214	2	10.3490	1	10.3490
uspA	411	14703	35.7737	108	159.0869	54	159.0869
qcrA	429	11739	27.3636	84	118.5426	42	118.5426
terC	720	35075	48.7153	242	203.4864	121	203.4864
group_927	159	1536	9.6604	11	41.8840	5	38.0764
group_5583	633	0	0.0000	0	0.0000	0	0.0000
group_954	1359	0	0.0000	0	0.0000	0	0.0000
group_961	339	0	0.0000	0	0.0000	0	0.0000
group_968	735	33983	46.2354	235	193.5678	117	192.7441
group_975	210	0	0.0000	0	0.0000	0	0.0000
aqpZ	825	39254	47.5806	272	199.6032	136	199.6032
group_1008	3402	0	0.0000	0	0.0000	0	0.0000
group_5754	339	1057	3.1180	7	12.5012	3	10.7153
group_1014	105	0	0.0000	0	0.0000	0	0.0000
group_1022	207	886	4.2802	6	17.5482	3	17.5482
group_1031	168	0	0.0000	0	0.0000	0	0.0000
group_1043	309	13710	44.3689	100	195.9269	50	195.9269
folP	906	46663	51.5044	315	210.4917	157	209.8234
group_1050	207	4336	20.9469	31	90.6659	15	87.7412
group_1051	219	625	2.8539	5	13.8222	2	11.0578
cpcT1	585	26736	45.7026	186	192.4906	93	192.4906
group_1053	336	0	0.0000	0	0.0000	0	0.0000
group_1062	1041	151	0.1451	1	0.5816	0	0.0000
group_15057	348	0	0.0000	0	0.0000	0	0.0000
group_15058	2136	0	0.0000	0	0.0000	0	0.0000
group_16391	354	1510	4.2655	10	17.1021	5	17.1021
group_1097	810	302	0.3728	2	1.4948	1	1.4948
group_1107	174	0	0.0000	0	0.0000	0	0.0000
group_1111	618	302	0.4887	2	1.9593	1	1.9593
group_1114	1080	54686	50.6352	371	207.9710	185	207.4104
group_6041	2400	0	0.0000	0	0.0000	0	0.0000
group_1120	468	4162	8.8932	30	38.8086	15	38.8086
group_15866	777	2003	2.5779	14	10.9084	7	10.9084
group_1157	552	5426	9.8297	40	43.8706	20	43.8706
group_1163	192	672	3.5000	5	15.7660	2	12.6128
group_1167	354	9684	27.3559	67	114.5840	33	112.8738
group_1190	1308	76865	58.7653	522	241.6102	261	241.6102
group_1186	1179	11691	9.9160	78	40.0528	39	40.0528
group_1207	195	3925	20.1282	32	99.3500	16	99.3500
group_1210	801	604	0.7541	4	3.0233	2	3.0233
group_1223	324	13760	42.4691	100	186.8562	50	186.8562
rpsC	729	34465	47.2771	235	195.1609	117	194.3305
rpmC	219	5247	23.9589	37	102.2846	18	99.5201
group_6321	1515	3138	2.0713	22	8.7915	11	8.7915
group_1256	2271	0	0.0000	0	0.0000	0	0.0000
group_1264	840	0	0.0000	0	0.0000	0	0.0000
group_6350	1131	2595	2.2944	18	9.6352	9	9.6352
group_14779	1290	4126	3.1984	28	13.1408	14	13.1408
group_1290	324	228	0.7037	2	3.7371	1	3.7371
ycf35	387	18034	46.5995	129	201.8047	64	200.2403
ahpC	690	8805	12.7609	62	54.3995	31	54.3995
yqeK	597	23983	40.1725	170	172.3960	85	172.3960
group_1327	726	0	0.0000	0	0.0000	0	0.0000
group_16397	2730	5738	2.1018	38	8.4270	19	8.4270
rplF	570	23407	41.0649	164	174.1893	82	174.1893
group_1346	747	302	0.4043	2	1.6209	1	1.6209
group_1356	471	1675	3.5563	12	15.4246	6	15.4246
group_6555	402	2981	7.4154	22	33.1321	11	33.1321
group_1371	414	108	0.2609	2	2.9247	1	2.9247
rnpA	363	10197	28.0909	71	118.4143	35	116.7465
yidC	1149	69953	60.8816	477	251.3338	238	250.8069
group_1380	1005	8234	8.1930	56	33.7345	28	33.7345
group_1392	150	220	1.4667	2	8.0722	1	8.0722
group_1400	564	6924	12.2766	48	51.5246	24	51.5246
group_1409	552	151	0.2736	1	1.0968	0	0.0000
queA	1131	62365	55.1415	425	227.4987	212	226.9634
iscR	444	18231	41.0608	126	171.8067	63	171.8067
group_15042	999	23449	23.4725	144	87.2669	72	87.2669
group_15875	1116	6974	6.2491	48	26.0393	24	26.0393
group_1428	570	0	0.0000	0	0.0000	0	0.0000
group_1434	408	6065	14.8652	45	66.7736	22	65.2898
group_1443	501	558	1.1138	4	4.8336	2	4.8336
group_1448	1059	0	0.0000	0	0.0000	0	0.0000
group_6790	135	0	0.0000	0	0.0000	0	0.0000
group_19139	261	1039	3.9808	7	16.2372	3	13.9176
group_1494	684	6840	10.0000	46	40.7150	23	40.7150
group_1509	333	538	1.6156	6	10.9084	3	10.9084
group_1533	237	812	3.4262	6	15.3269	3	15.3269
group_1556	1026	15035	14.6540	102	60.1874	51	60.1874
group_16018	426	296	0.6948	2	2.8423	1	2.8423
group_1557	285	0	0.0000	0	0.0000	0	0.0000
group_1571	189	0	0.0000	0	0.0000	0	0.0000
group_7013	2442	0	0.0000	0	0.0000	0	0.0000
group_15053	1767	0	0.0000	0	0.0000	0	0.0000
group_15054	2031	0	0.0000	0	0.0000	0	0.0000
group_7083	429	5340	12.4476	39	55.0376	19	53.6264
group_1612	1500	7738	5.1587	52	20.9877	26	20.9877
group_7123	294	2204	7.4966	16	32.9477	8	32.9477
group_1615	405	151	0.3728	1	1.4948	0	0.0000
group_1618	420	1910	4.5476	13	18.7390	6	17.2975
group_1630	585	0	0.0000	0	0.0000	0	0.0000
group_1656	1047	7719	7.3725	53	30.6466	26	30.0683
group_1655	264	537	2.0341	4	9.1729	2	9.1729
group_1665	348	0	0.0000	0	0.0000	0	0.0000
group_1669	456	7328	16.0702	51	67.7108	25	66.3831
group_1681	366	401	1.0956	3	4.9624	1	3.3083
group_1684	189	0	0.0000	0	0.0000	0	0.0000
group_1685	297	7588	25.5488	57	116.1906	28	114.1522
group_1687	315	10317	32.7524	74	142.2243	37	142.2243
group_1704	204	0	0.0000	0	0.0000	0	0.0000
group_1698	249	559	2.2450	4	9.7255	2	9.7255
group_1709	207	0	0.0000	0	0.0000	0	0.0000
group_1722	672	0	0.0000	0	0.0000	0	0.0000
group_1720	594	1254	2.1111	8	8.1537	4	8.1537
group_1726	300	449	1.4967	3	6.0541	1	4.0361
group_1731	957	3729	3.8966	26	16.4480	13	16.4480
group_1745	3240	20843	6.4330	139	25.9730	69	25.7862
group_1744	3750	31993	8.5315	194	31.3201	97	31.3201
group_17424	270	0	0.0000	0	0.0000	0	0.0000
group_15853	5814	0	0.0000	0	0.0000	0	0.0000
group_7532	573	24794	43.2705	203	214.4835	101	213.4270
group_1786	309	1528	4.9450	11	21.5520	5	19.5927
group_14923	960	2350	2.4479	16	10.0902	8	10.0902
group_1804	429	3906	9.1049	28	39.5142	14	39.5142
group_17187	387	2745	7.0930	20	31.2876	10	31.2876
group_1811	1122	453	0.4037	3	1.6188	1	1.0792
group_1812	1152	211	0.1832	2	1.0511	1	1.0511
group_1814	174	0	0.0000	0	0.0000	0	0.0000
group_1815	354	2912	8.2260	21	35.9144	10	34.2042
group_1827	594	8537	14.3721	59	60.1337	29	59.1145
group_1833	345	824	2.3884	6	10.5289	3	10.5289
group_1837	270	0	0.0000	0	0.0000	0	0.0000
citB	696	2708	3.8908	20	17.3970	10	17.3970
group_1845	4230	26572	6.2818	178	25.4761	89	25.4761
group_1844	252	302	1.1984	2	4.8049	1	4.8049
hEPN	384	5923	15.4245	40	63.0640	20	63.0640
group_1869	891	12360	13.8721	85	57.7556	42	57.0761
mJ0435	312	3545	11.3622	25	48.5107	12	46.5703
group_1875	429	3249	7.5734	22	31.0469	11	31.0469
group_1887	378	6948	18.3810	49	78.4796	24	76.8780
group_7805	279	0	0.0000	0	0.0000	0	0.0000
group_15417	192	0	0.0000	0	0.0000	0	0.0000
group_7854	213	0	0.0000	0	0.0000	0	0.0000
group_1908	387	209	0.5401	2	3.1288	1	3.1288
group_1909	306	745	2.4346	5	9.8924	2	7.9139
group_15203	2121	161833	76.3003	1201	342.8111	600	342.5257
group_1925	456	4055	8.8925	29	38.5022	14	37.1746
group_1932	2736	7422	2.7127	50	11.0639	25	11.0639
group_1930	366	302	0.8251	2	3.3083	1	3.3083
group_1934	288	151	0.5243	1	2.1021	0	0.0000
group_1937	345	0	0.0000	0	0.0000	0	0.0000
group_1944	285	8948	31.3965	70	148.6982	35	148.6982
group_1948	336	450	1.3393	3	5.4055	1	3.6037
group_1949	708	6383	9.0155	43	36.7695	21	35.9144
group_1955	774	4116	5.3178	24	18.7725	12	18.7725
group_17209	1791	8974	5.0106	61	20.6199	30	20.2819
group_17210	573	2168	3.7836	15	15.8485	7	14.7920
group_17469	210	0	0.0000	0	0.0000	0	0.0000
group_1963	411	13609	33.1119	98	144.3567	49	144.3567
group_1965	1599	9976	6.2389	68	25.7462	34	25.7462
group_1969	864	1058	1.2245	8	5.6057	4	5.6057
group_1970	369	6119	16.5827	44	72.1903	22	72.1903
pntB	1410	78343	55.5624	530	227.5670	265	227.5670
group_1977	300	4492	14.9733	34	68.6136	17	68.6136
group_1981	165	441	2.6727	3	11.0075	1	7.3384
group_1982	246	302	1.2276	2	4.9221	1	4.9221
group_15625	321	1144	3.5639	8	15.0882	4	15.0882
wzb	525	25096	47.8019	178	205.2642	89	205.2642
group_1986	147	0	0.0000	0	0.0000	0	0.0000
group_1987	333	5161	15.4985	38	69.0863	19	69.0863
group_15200	225	151	0.6711	1	2.6907	0	0.0000
group_1991	192	0	0.0000	0	0.0000	0	0.0000
group_1992	258	3915	15.1744	28	65.7039	14	65.7039
group_1997	681	0	0.0000	0	0.0000	0	0.0000
group_2005	213	0	0.0000	0	0.0000	0	0.0000
group_2010	798	6391	8.0088	44	33.3812	22	33.3812
group_2012	615	302	0.4911	2	1.9688	1	1.9688
group_15945	537	302	0.5624	2	2.2548	1	2.2548
group_2015	486	2075	4.2695	15	18.6856	7	17.4399
group_2017	237	0	0.0000	0	0.0000	0	0.0000
group_2018	3807	18843	4.9496	129	20.5144	64	20.3554
group_2023	804	0	0.0000	0	0.0000	0	0.0000
group_2027	366	0	0.0000	0	0.0000	0	0.0000
group_2028	315	222	0.7048	2	3.8439	1	3.8439
gmk	555	26796	48.2811	187	203.9864	93	202.8955
rplU	390	19178	49.1744	136	211.1188	68	211.1188
gvpA	216	1576	7.2963	13	36.4370	6	33.6341
group_2031	315	453	1.4381	3	5.7658	1	3.8439
group_2033	237	395	1.6667	3	7.6635	1	5.1090
group_2034	477	1226	2.5702	9	11.4229	4	10.1537
penP	1191	61621	51.7389	414	210.4462	207	210.4462
group_2036	372	518	1.3925	4	6.5098	2	6.5098
group_2038	354	4752	13.4237	32	54.7267	16	54.7267
group_2039	963	1794	1.8629	12	7.5441	6	7.5441
group_2040	351	524	1.4929	4	6.8993	2	6.8993
group_2049	435	900	2.0690	6	8.3505	3	8.3505
group_2051	1350	7477	5.5385	51	22.8712	25	22.4227
group_17097	345	3662	10.6145	25	43.8706	12	42.1158
group_17647	744	9451	12.7030	66	53.7061	33	53.7061
group_2053	183	0	0.0000	0	0.0000	0	0.0000
group_2057	423	2407	5.6903	18	25.7623	9	25.7623
group_2062	810	1501	1.8531	10	7.4742	5	7.4742
group_2063	471	6006	12.7516	41	52.7006	20	51.4152
group_17758	225	0	0.0000	0	0.0000	0	0.0000
group_2066	441	4222	9.5737	32	43.9303	16	43.9303
trkA	1896	109163	57.5754	733	234.0551	366	233.7358
group_2072	411	4047	9.8467	29	42.7178	14	41.2448
group_2073	483	3628	7.5114	25	31.3361	12	30.0827
group_2075	690	4546	6.5884	32	28.0772	16	28.0772
group_15472	1905	7661	4.0215	51	16.2079	25	15.8901
group_2081	735	35871	48.8041	244	200.9810	122	200.9810
group_2087	321	298	0.9283	2	3.7721	1	3.7721
group_2090	138	0	0.0000	0	0.0000	0	0.0000
group_2099	729	302	0.4143	2	1.6609	1	1.6609
group_2104	2091	0	0.0000	0	0.0000	0	0.0000
group_2107	501	1351	2.6966	9	10.8757	4	9.6673
group_2108	993	54415	54.7986	372	226.8017	186	226.8017
group_2111	228	0	0.0000	0	0.0000	0	0.0000
group_2112	528	5622	10.6477	38	43.5715	19	43.5715
group_2115	642	0	0.0000	0	0.0000	0	0.0000
group_2116	252	107	0.4246	2	4.8049	1	4.8049
group_2119	516	0	0.0000	0	0.0000	0	0.0000
group_2121	1179	832	0.7057	6	3.0810	3	3.0810
group_17070	588	0	0.0000	0	0.0000	0	0.0000
group_2124	435	10523	24.1908	76	105.7735	38	105.7735
group_2125	216	2347	10.8657	16	44.8455	8	44.8455
group_14674	549	859	1.5647	7	7.7193	3	6.6165
group_2126	252	425	1.6865	3	7.2073	1	4.8049
group_2128	639	0	0.0000	0	0.0000	0	0.0000
group_16781	573	3308	5.7731	25	26.4142	12	25.3577
ccr2	324	9933	30.6574	68	127.0622	34	127.0622
group_2134	495	15328	30.9657	106	129.6442	53	129.6442
group_2140	483	1301	2.6936	10	12.5345	5	12.5345
group_2142	147	0	0.0000	0	0.0000	0	0.0000
group_2143	942	11633	12.3493	81	52.0579	40	51.4152
group_2147	267	7140	26.7416	53	120.1758	26	117.9084
group_2150	702	9858	14.0427	68	58.6441	34	58.6441
group_2155	576	12562	21.8090	90	94.5960	45	94.5960
group_2156	759	33806	44.5402	230	183.4588	115	183.4588
group_2157	205	1437	7.0098	10	29.5324	5	29.5324
group_2159	276	4701	17.0326	32	70.1929	16	70.1929
group_2160	225	3259	14.4844	24	64.5775	12	64.5775
group_14736	207	471	2.2754	8	23.3976	4	23.3976
group_2171	675	2096	3.1052	15	13.4536	7	12.5567
group_2172	159	326	2.0503	3	11.4229	1	7.6153
group_2175	1041	4302	4.1326	30	17.4471	15	17.4471
group_2178	270	405	1.5000	3	6.7268	1	4.4845
group_2181	417	1720	4.1247	13	18.8738	6	17.4220
group_2182	195	677	3.4718	5	15.5234	2	12.4188
group_2184	384	904	2.3542	7	11.0362	3	9.4596
group_2185	444	1400	3.1532	10	13.6355	5	13.6355
group_16896	396	604	1.5253	4	6.1153	2	6.1153
group_2193	390	6281	16.1051	42	65.1984	21	65.1984
group_2194	309	9393	30.3981	67	131.2710	33	129.3118
group_2195	237	1832	7.7300	14	35.7629	7	35.7629
group_2197	327	444	1.3578	4	7.4057	2	7.4057
group_2199	453	4816	10.6313	34	45.4395	17	45.4395
group_2200	309	0	0.0000	0	0.0000	0	0.0000
group_2204	342	755	2.2076	5	8.8511	2	7.0809
group_2205	765	30916	40.4131	216	170.9405	108	170.9405
group_2207	429	151	0.3520	1	1.4112	0	0.0000
group_2208	267	1203	4.5056	8	18.1397	4	18.1397
group_2210	201	566	2.8159	4	12.0480	2	12.0480
group_2215	621	4318	6.9533	30	29.2471	15	29.2471
group_19143	387	884	2.2842	8	12.5150	4	12.5150
group_2218	259	1531	5.9112	11	25.7126	5	23.3751
cas10	1728	18091	10.4693	121	42.3930	60	42.0426
group_2219	429	302	0.7040	2	2.8224	1	2.8224
group_2220	432	7280	16.8519	49	68.6697	24	67.2682
group_2222	1116	2332	2.0896	16	8.6798	8	8.6798
group_2226	210	151	0.7190	1	2.8829	0	0.0000
group_2227	327	224	0.6850	2	3.7028	1	3.7028
group_14596	960	3364	3.5042	22	13.8741	11	13.8741
group_2232	399	0	0.0000	0	0.0000	0	0.0000
group_14926	507	1685	3.3235	12	14.3293	6	14.3293
group_2234	435	2375	5.4598	16	22.2681	8	22.2681
group_2239	228	3165	13.8816	22	58.4172	11	58.4172
group_2243	1245	32252	25.9052	216	105.0357	108	105.0357
group_2244	348	0	0.0000	0	0.0000	0	0.0000
group_2247	426	0	0.0000	0	0.0000	0	0.0000
group_2253	1158	302	0.2608	2	1.0456	1	1.0456
group_2256	264	0	0.0000	0	0.0000	0	0.0000
group_16843	1080	9954	9.2167	69	38.6792	34	38.1187
group_2258	285	1588	5.5719	11	23.3669	5	21.2426
psbV	501	24848	49.5968	175	211.4720	87	210.2636
group_2260	2328	7062	3.0335	47	12.2227	23	11.9627
group_2266	378	8255	21.8386	57	91.2926	28	89.6910
nuoL	2052	1057	0.5151	7	2.0653	3	1.7702
msrB	417	18367	44.0456	132	191.6419	66	191.6419
group_2272	7722	34988	4.5310	229	17.9539	114	17.8755
group_2274	345	4678	13.5594	31	54.3995	15	52.6447
relE	282	5743	20.3652	41	88.0212	20	85.8743
group_2276	426	0	0.0000	0	0.0000	0	0.0000
group_2279	207	1297	6.2657	10	29.2471	5	29.2471
group_2281	894	10940	12.2371	74	50.1126	37	50.1126
group_2284	411	6412	15.6010	47	69.2323	23	67.7592
group_2287	195	151	0.7744	1	3.1047	0	0.0000
group_2288	774	8936	11.5452	61	47.7135	30	46.9313
group_2289	624	5184	8.3077	35	33.9575	17	32.9873
group_2290	264	5504	20.8485	40	91.7294	20	91.7294
group_16464	522	1938	3.7126	15	17.3970	7	16.2372
group_16465	723	23782	32.8935	161	134.8156	80	133.9782
group_2297	1044	14967	14.3362	100	57.9899	50	57.9899
group_2299	195	0	0.0000	0	0.0000	0	0.0000
group_2300	2040	1057	0.5181	7	2.0774	3	1.7806
group_2306	279	1321	4.7348	10	21.6994	5	21.6994
group_2309	117	0	0.0000	0	0.0000	0	0.0000
group_19145	1020	604	0.5922	4	2.3742	2	2.3742
group_2313	183	447	2.4426	3	9.9248	1	6.6165
group_18948	813	40089	49.3100	276	205.5280	138	205.5280
group_18949	1548	32677	21.1092	219	85.6497	109	85.2586
group_15909	1449	0	0.0000	0	0.0000	0	0.0000
group_2317	801	44946	56.1124	307	232.0376	153	231.2818
group_2320	297	4580	15.4209	35	71.3451	17	69.3067
group_2325	330	555	1.6818	4	7.3384	2	7.3384
group_2326	150	0	0.0000	0	0.0000	0	0.0000
group_2327	354	3220	9.0960	22	37.6246	11	37.6246
group_2328	792	4781	6.0366	32	24.4612	16	24.4612
group_2329	372	0	0.0000	0	0.0000	0	0.0000
group_2333	504	302	0.5992	2	2.4024	1	2.4024
group_2335	1254	1812	1.4450	12	5.7934	6	5.7934
group_2336	363	1293	3.5620	9	15.0103	4	13.3425
group_2337	420	438	1.0429	3	4.3244	1	2.8829
group_2340	3030	12344	4.0739	83	16.5840	41	16.3841
group_2341	810	2176	2.6864	15	11.2114	7	10.4639
acrR	639	39732	62.1784	274	259.5985	137	259.5985
group_2344	255	151	0.5922	1	2.3742	0	0.0000
group_2345	96	0	0.0000	0	0.0000	0	0.0000
group_2348	180	0	0.0000	0	0.0000	0	0.0000
rpsL	384	233	0.6068	2	3.1532	1	3.1532
group_2353	243	315	1.2963	3	7.4742	1	4.9828
glpC	1365	79086	57.9385	530	235.0692	265	235.0692
group_2362	900	12652	14.0578	85	57.1780	42	56.5053
group_2364	198	197	0.9949	2	6.1153	1	6.1153
group_2366	624	604	0.9679	4	3.8809	2	3.8809
group_2369	2319	42464	18.3113	264	68.9217	132	68.9217
group_2372	474	295	0.6224	2	2.5545	1	2.5545
group_15770	4923	0	0.0000	0	0.0000	0	0.0000
himA	303	9252	30.5347	66	131.8724	33	131.8724
group_2376	282	0	0.0000	0	0.0000	0	0.0000
group_2381	699	257	0.3677	2	1.7322	1	1.7322
group_2383	225	2157	9.5867	17	45.7424	8	43.0517
group_14827	420	2366	5.6333	16	23.0634	8	23.0634
group_14828	225	0	0.0000	0	0.0000	0	0.0000
group_2387	108	0	0.0000	0	0.0000	0	0.0000
pksD	11724	381485	32.5388	2536	130.9562	1268	130.9562
group_2396	2736	2259	0.8257	15	3.3192	7	3.0979
group_2397	531	0	0.0000	0	0.0000	0	0.0000
rpiA	732	37106	50.6913	255	210.9025	127	210.0754
group_2407	219	298	1.3607	2	5.5289	1	5.5289
group_2408	219	248	1.1324	2	5.5289	1	5.5289
group_2413	222	401	1.8063	3	8.1813	1	5.4542
group_2414	189	1011	5.3492	7	22.4227	3	19.2195
group_2418	636	1359	2.1368	9	8.5672	4	7.6153
psbL	153	0	0.0000	0	0.0000	0	0.0000
group_2423	804	5040	6.2687	34	25.6021	17	25.6021
group_15823	372	151	0.4059	1	1.6275	0	0.0000
group_15821	3516	13121	3.7318	95	16.3579	47	16.1857
group_2428	351	2611	7.4387	18	31.0469	9	31.0469
group_2429	303	2657	8.7690	20	39.9613	10	39.9613
group_2434	4044	1208	0.2987	8	1.1977	4	1.1977
group_15237	606	3972	6.5545	27	26.9739	13	25.9749
rsmI	840	47507	56.5560	328	236.3998	164	236.3998
group_2437	339	811	2.3923	6	10.7153	3	10.7153
group_2438	264	0	0.0000	0	0.0000	0	0.0000
group_2441	705	3906	5.5404	27	23.1861	13	22.3273
trxB	1473	41765	28.3537	277	113.8491	138	113.4381
group_2444	717	3534	4.9289	25	21.1093	12	20.2649
group_16727	993	4444	4.4753	28	17.0711	14	17.0711
group_2446	291	2874	9.8763	20	41.6092	10	41.6092
group_19147	630	1522	2.4159	10	9.6097	5	9.6097
group_2461	1581	302	0.1910	2	0.7659	1	0.7659
serA	1578	79547	50.4100	535	205.2576	267	204.8740
group_2463	2436	2422	0.9943	16	3.9764	8	3.9764
group_2468	492	17106	34.7683	117	143.9704	58	142.7399
kdpD	2238	50160	22.4129	336	90.8933	168	90.8933
group_2471	678	9151	13.4971	64	57.1482	32	57.1482
yjhB	681	7297	10.7151	67	59.5635	33	58.6745
pM23	342	4491	13.1316	31	54.8767	15	53.1065
hpt1	495	21037	42.4990	144	176.1205	72	176.1205
msrA	519	10169	19.5934	70	81.6551	35	81.6551
rplT	348	5951	17.1006	42	73.0672	21	73.0672
tal	1182	38679	32.7234	259	132.6584	129	132.1462
group_18874	216	1813	8.3935	13	36.4370	6	33.6341
rpsR	216	2150	9.9537	16	44.8455	8	44.8455
group_2485	474	6099	12.8671	45	57.4760	22	56.1988
pth	672	26187	38.9688	178	160.3627	89	160.3627
group_2484	390	7568	19.4051	53	82.2742	26	80.7219
aroK	573	8204	14.3176	57	60.2244	28	59.1679
psaF	495	4944	9.9879	37	45.2532	18	44.0301
group_2486	1755	37311	21.2598	257	88.6561	128	88.3111
group_18884	495	7635	15.4242	56	68.4913	28	68.4913
group_2487	1248	5937	4.7572	39	18.9192	19	18.4341
group_18895	459	4151	9.0436	29	38.2506	14	36.9316
group_18898	891	39406	44.2267	270	183.4588	135	183.4588
group_18902	783	28564	36.4802	196	151.5468	98	151.5468
infA	327	5116	15.6453	37	68.5025	18	66.6511
rpsK	420	5490	13.0714	39	56.2170	19	54.7756
truA	855	16335	19.1053	110	77.8895	55	77.8895
rpmE	234	419	1.7906	3	7.7617	1	5.1745
yqjQ	729	38957	53.4390	272	225.8884	136	225.8884
group_18910	537	2290	4.2644	16	18.0384	8	18.0384
group_18911	960	33567	34.9656	232	146.3084	116	146.3084
group_2491	1062	53115	50.0141	365	208.0755	182	207.5054
group_2494	225	151	0.6711	1	2.6907	0	0.0000
group_18917	2064	91110	44.1424	611	179.2190	305	178.9257
group_2496	729	12517	17.1701	86	71.4206	43	71.4206
group_2497	492	10637	21.6199	80	98.4413	40	98.4413
group_2498	261	1351	5.1762	10	23.1959	5	23.1959
group_18920	687	1102	1.6041	10	8.8124	5	8.8124
group_18921	405	3428	8.4642	27	40.3609	13	38.8661
group_2500	657	0	0.0000	0	0.0000	0	0.0000
group_2501	1857	0	0.0000	0	0.0000	0	0.0000
group_2502	336	5858	17.4345	43	77.4786	21	75.6768
cas7d	1008	31207	30.9593	211	126.7286	105	126.1279
group_18927	963	38124	39.5888	257	161.5695	128	160.9408
group_18373	339	10892	32.1298	80	142.8706	40	142.8706
hyfB	1467	31742	21.6374	216	89.1407	108	89.1407
group_2509	723	1265	1.7497	8	6.6989	4	6.6989
group_2510	438	5618	12.8265	40	55.2890	20	55.2890
group_2511	441	7033	15.9478	51	70.0139	25	68.6411
group_2512	762	302	0.3963	2	1.5890	1	1.5890
group_2516	1140	31813	27.9061	215	114.1790	107	113.6479
copY	489	0	0.0000	0	0.0000	0	0.0000
group_2521	609	9873	16.2118	69	68.5937	34	67.5996
group_2522	4296	22861	5.3215	152	21.4206	76	21.4206
group_2525	216	748	3.4630	5	14.0142	2	11.2114
group_2527	942	0	0.0000	0	0.0000	0	0.0000
group_2531	141	460	3.2624	4	17.1749	2	17.1749
group_2532	300	1018	3.3933	7	14.1263	3	12.1083
group_2533	246	4709	19.1423	33	81.2141	16	78.7531
group_2537	372	16253	43.6909	117	190.4125	58	188.7850
frmR	354	13521	38.1949	100	171.0209	50	171.0209
group_2539	3843	5623	1.4632	38	5.9864	19	5.9864
pds	1473	22039	14.9620	146	60.0071	73	60.0071
group_2544	135	0	0.0000	0	0.0000	0	0.0000
group_2545	351	1238	3.5271	9	15.5234	4	13.7986
group_2546	216	3107	14.3843	23	64.4654	11	61.6625
group_2550	405	10542	26.0296	74	110.6189	37	110.6189
group_2551	411	6883	16.7470	48	70.7053	24	70.7053
group_2554	222	151	0.6802	1	2.7271	0	0.0000
group_2555	231	0	0.0000	0	0.0000	0	0.0000
group_2559	1659	906	0.5461	6	2.1896	3	2.1896
group_18889	1260	42901	34.0484	292	140.3023	146	140.3023
group_2564	507	6915	13.6391	43	51.3468	21	50.1526
group_2566	2667	0	0.0000	0	0.0000	0	0.0000
group_18994	1626	39334	24.1907	265	98.6684	132	98.2960
ychF	1179	17610	14.9364	122	62.6468	61	62.6468
group_2571	615	17437	28.3528	119	117.1452	59	116.1608
hisC	1047	55862	53.3543	383	221.4648	191	220.8865
group_2572	915	42667	46.6306	294	194.5265	147	194.5265
group_18680	822	16884	20.5401	118	86.9086	59	86.9086
group_18681	3078	38682	12.5673	257	50.5495	128	50.3528
group_2573	288	367	1.2743	3	6.3064	1	4.2043
group_2575	753	8542	11.3440	57	45.8282	28	45.0242
cas6	837	8999	10.7515	61	44.1222	30	43.3989
group_2582	2331	5825	2.4989	39	10.1292	19	9.8695
group_19000	1041	33958	32.6206	234	136.0873	117	136.0873
group_2586	657	270	0.4110	2	1.8430	1	1.8430
group_2589	138	0	0.0000	0	0.0000	0	0.0000
group_2591	234	906	3.8718	6	15.5234	3	15.5234
group_2594	183	0	0.0000	0	0.0000	0	0.0000
group_19052	1548	0	0.0000	0	0.0000	0	0.0000
group_2600	192	0	0.0000	0	0.0000	0	0.0000
group_18682	1188	70651	59.4705	471	240.0253	235	239.5157
group_18997	810	14621	18.0506	102	76.2373	51	76.2373
group_2609	1023	23717	23.1838	164	97.0556	82	97.0556
group_2612	963	24305	25.2388	150	94.3013	75	94.3013
group_2614	195	151	0.7744	1	3.1047	0	0.0000
group_16283	414	0	0.0000	0	0.0000	0	0.0000
group_16284	3108	2416	0.7773	16	3.1167	8	3.1167
group_16285	2718	0	0.0000	0	0.0000	0	0.0000
group_2629	696	18702	26.8707	128	111.3405	64	111.3405
group_17455	384	0	0.0000	0	0.0000	0	0.0000
group_2635	150	0	0.0000	0	0.0000	0	0.0000
group_2637	201	1964	9.7711	14	42.1681	7	42.1681
group_2638	231	859	3.7186	7	18.3459	3	15.7250
group_2639	3408	37016	10.8615	246	43.7007	123	43.7007
group_2641	3777	302	0.0800	2	0.3206	1	0.3206
group_2648	1326	604	0.4555	4	1.8263	2	1.8263
group_2649	1326	906	0.6833	6	2.7394	3	2.7394
group_2652	1767	32845	18.5880	219	75.0343	109	74.6917
group_2654	1260	0	0.0000	0	0.0000	0	0.0000
group_2657	777	22876	29.4414	159	123.8878	79	123.1087
group_2658	399	6031	15.1153	44	66.7625	22	66.7625
group_2660	3750	2261	0.6029	15	2.4217	7	2.2602
group_2662	2553	32472	12.7192	219	51.9333	109	51.6962
group_2664	246	524	2.1301	4	9.8441	2	9.8441
group_2676	567	3708	6.5397	25	26.6937	12	25.6260
cadA	2163	21979	10.1613	146	40.8648	73	40.8648
group_2689	624	151	0.2420	1	0.9702	0	0.0000
group_2692	1221	906	0.7420	6	2.9750	3	2.9750
group_2693	1173	1885	1.6070	13	6.7096	6	6.1935
group_2695	543	302	0.5562	2	2.2299	1	2.2299
group_2696	798	7090	8.8847	49	37.1746	24	36.4159
afuA	1746	23523	13.4725	160	55.4790	80	55.4790
group_2698	252	3463	13.7421	25	60.0609	12	57.6585
rpsB	798	1462	1.8321	10	7.5866	5	7.5866
group_2705	525	4056	7.7257	27	31.1356	13	29.9824
group_2708	711	0	0.0000	0	0.0000	0	0.0000
group_2709	633	0	0.0000	0	0.0000	0	0.0000
group_2710	1194	70016	58.6399	472	239.3262	236	239.3262
uvrC	2016	115605	57.3438	780	234.2376	390	234.2376
group_2714	1134	7071	6.2354	47	25.0921	23	24.5582
herA	1836	16438	8.9532	109	35.9423	54	35.6126
group_2716	567	3905	6.8871	27	28.8292	13	27.7615
mcrA	570	11731	20.5807	79	83.9083	39	82.8461
group_2719	159	0	0.0000	0	0.0000	0	0.0000
group_2722	1716	864	0.5035	6	2.1168	3	2.1168
group_2723	270	151	0.5593	1	2.2423	0	0.0000
lptC	1149	29623	25.7815	198	104.3272	99	104.3272
group_2724	399	453	1.1353	3	4.5520	1	3.0347
ilvD	1698	90636	53.3781	614	218.9189	307	218.9189
ctaD	1677	91951	54.8306	618	223.1043	309	223.1043
group_2727	816	18063	22.1360	124	91.9992	62	91.9992
ribBA	1677	102761	61.2767	695	250.9021	347	250.5411
group_2729	969	17841	18.4118	120	74.9739	60	74.9739
group_2730	300	4871	16.2367	34	68.6136	17	68.6136
group_2734	339	3502	10.3304	25	44.6471	12	42.8612
group_2735	417	5832	13.9856	40	58.0733	20	58.0733
petA	1056	53741	50.8911	370	212.1243	185	212.1243
sat	1350	121632	90.0978	830	372.2176	415	372.2176
group_2736	162	152	0.9383	1	3.7371	0	0.0000
group_2738	729	18870	25.8848	127	105.4700	63	104.6395
group_2740	459	1447	3.1525	10	13.1899	5	13.1899
group_2745	582	8596	14.7698	58	60.3334	29	60.3334
arsR	408	3180	7.7941	22	32.6449	11	32.6449
pqqL	1761	92438	52.4918	621	213.4936	310	213.1498
group_2748	2352	17905	7.6127	120	30.8885	60	30.8885
group_2750	225	1060	4.7111	8	21.5258	4	21.5258
psbB	1527	83689	54.8062	563	223.2142	281	222.8178
group_2753	462	2277	4.9286	16	20.9667	8	20.9667
ehuA	849	38041	44.8068	261	186.1167	130	185.4036
group_2757	696	36321	52.1853	254	220.9414	127	220.9414
spoVK	1518	91324	60.1607	614	244.8776	307	244.8776
atpA	1509	73550	48.7409	499	200.1999	249	199.7987
group_2762	855	32584	38.1099	218	154.3629	109	154.3629
rimO	1491	91128	61.1187	618	250.9362	309	250.9362
srmB	1440	84374	58.5931	568	238.8022	284	238.8022
group_2766	1479	80669	54.5429	543	222.2717	271	221.8624
trxA	552	28042	50.8007	196	214.9659	98	214.9659
menF	1410	73358	52.0270	494	212.1096	247	212.1096
group_2777	1404	34617	24.6560	234	100.9024	117	100.9024
group_2779	1413	1179	0.8344	8	3.4277	4	3.4277
group_2780	1392	3781	2.7162	26	11.3080	13	11.3080
group_2782	225	3774	16.7733	28	75.3404	14	75.3404
group_2784	123	0	0.0000	0	0.0000	0	0.0000
group_2786	1365	16154	11.8344	111	49.2315	55	48.7880
group_2788	195	0	0.0000	0	0.0000	0	0.0000
group_2790	2811	4777	1.6994	33	7.1073	16	6.8919
yhdJ	1056	55390	52.4527	378	216.7107	189	216.7107
yifB	1527	84737	55.4925	574	227.5754	287	227.5754
group_2793	264	274	1.0379	2	4.5865	1	4.5865
group_2794	327	151	0.4618	1	1.8514	0	0.0000
group_2795	1263	1107	0.8765	8	3.8348	4	3.8348
group_2796	321	7634	23.7819	58	109.3895	29	109.3895
glyA	1341	80472	60.0089	547	246.9512	273	246.4997
hisS	1281	72487	56.5863	491	232.0518	245	231.5792
group_2798	2367	4201	1.7748	28	7.1616	14	7.1616
group_2801	216	3361	15.5602	25	70.0711	12	67.2682
group_2804	222	0	0.0000	0	0.0000	0	0.0000
group_2806	846	10264	12.1324	72	51.5246	36	51.5246
group_2811	351	9278	26.4330	64	110.3889	32	110.3889
group_2812	1278	12357	9.6690	85	40.2662	42	39.7925
group_2813	396	9553	24.1237	66	100.9024	33	100.9024
dxr	1233	32332	26.2222	218	107.0400	109	107.0400
group_2820	804	1359	1.6903	9	6.7770	4	6.0240
group_2823	1197	7082	5.9165	47	23.7715	23	23.2657
group_2829	1221	66273	54.2776	496	245.9340	248	245.9340
group_2831	1230	59626	48.4764	400	196.8826	200	196.8826
group_2834	1014	27197	26.8215	188	112.2464	94	112.2464
group_2836	1143	0	0.0000	0	0.0000	0	0.0000
group_2840	1377	8164	5.9288	56	24.6211	28	24.6211
guaA	1857	52025	28.0156	348	113.4540	174	113.4540
tgt	1125	68061	60.4987	462	248.6234	231	248.6234
group_2844	684	38374	56.1023	262	231.8984	131	231.8984
group_2845	627	151	0.2408	1	0.9656	0	0.0000
group_2846	1116	149	0.1335	1	0.5425	0	0.0000
group_2847	753	4229	5.6162	29	23.3161	14	22.5121
group_2848	801	1609	2.0087	11	8.3141	5	7.5582
group_2849	1095	49187	44.9196	335	185.2180	167	184.6651
group_2852	1002	0	0.0000	0	0.0000	0	0.0000
group_2853	1089	24531	22.5262	167	92.8413	83	92.2853
group_2856	159	401	2.5220	4	15.2305	2	15.2305
group_2857	1098	6313	5.7495	43	23.7093	21	23.1579
psbO	834	42082	50.4580	290	210.5157	145	210.5157
group_2861	459	0	0.0000	0	0.0000	0	0.0000
group_2864	597	0	0.0000	0	0.0000	0	0.0000
group_2865	1170	5926	5.0650	40	20.6979	20	20.6979
group_2872	645	17678	27.4078	122	114.5124	61	114.5124
group_2873	543	0	0.0000	0	0.0000	0	0.0000
group_2875	1035	0	0.0000	0	0.0000	0	0.0000
group_2876	1296	4800	3.7037	33	15.4156	16	14.9485
gap	1035	50001	48.3101	338	197.7101	169	197.7101
group_2877	240	0	0.0000	0	0.0000	0	0.0000
group_2878	276	6071	21.9964	45	98.7088	22	96.5153
group_2881	1002	49183	49.0848	333	201.2005	166	200.5963
group_2882	696	35137	50.4842	247	214.8524	123	213.9826
group_2884	993	3464	3.4884	24	14.6324	12	14.6324
group_2889	432	15563	36.0255	112	156.9592	56	156.9592
group_2890	234	458	1.9573	4	10.3490	2	10.3490
group_2894	1806	3165	1.7525	21	7.0397	10	6.7045
group_2895	675	32360	47.9407	219	196.4232	109	195.5263
pstS	1035	58180	56.2126	394	230.4668	197	230.4668
group_2898	3663	2471	0.6746	18	2.9750	9	2.9750
argF	927	47137	50.8490	324	211.6011	162	211.6011
cysK	1170	53861	46.0350	367	189.9034	183	189.3860
ftsH~~~ftsH3	1854	120916	65.2190	814	265.8075	407	265.8075
group_2901	717	0	0.0000	0	0.0000	0	0.0000
group_2903	933	4427	4.7449	31	20.1156	15	19.4667
group_2904	1104	4940	4.4746	33	18.0966	16	17.5482
group_2905	819	3248	3.9658	24	17.7411	12	17.7411
rnz	957	53085	55.4702	362	229.0072	181	229.0072
fTR1	927	48717	52.5534	331	216.1727	165	215.5196
group_2907	927	1057	1.1402	7	4.5716	3	3.9185
group_2908	1035	7072	6.8329	46	26.9073	23	26.9073
group_2909	912	41439	45.4375	281	186.5366	140	185.8728
group_2911	681	26093	38.3157	180	160.0214	90	160.0214
group_2913	537	732	1.3631	5	5.6370	2	4.5096
group_2914	216	148	0.6852	1	2.8028	0	0.0000
ccmA	936	48917	52.2618	336	217.3281	168	217.3281
group_2917	963	2300	2.3884	16	10.0588	8	10.0588
group_17162	309	1148	3.7152	8	15.6742	4	15.6742
group_2919	225	949	4.2178	7	18.8351	3	16.1444
group_2921	876	13171	15.0354	90	62.2001	45	62.2001
group_2922	252	6780	26.9048	48	115.3170	24	115.3170
group_2925	132	374	2.8333	6	27.5188	3	27.5188
group_2926	3372	3190	0.9460	22	3.9499	11	3.9499
group_2928	846	17379	20.5426	119	85.1587	59	84.4431
group_2929	285	8175	28.6842	56	118.9586	28	118.9586
tyrA	846	19214	22.7116	133	95.1774	66	94.4618
group_2931	837	511	0.6105	4	2.8933	2	2.8933
group_2932	840	1959	2.3321	13	9.3695	6	8.6488
group_2934	831	15017	18.0710	105	76.4964	52	75.7678
group_2935	246	1659	6.7439	11	27.0714	5	24.6103
group_2936	1221	8876	7.2695	59	29.2542	29	28.7584
hisN	996	53972	54.1888	363	220.6479	181	220.0401
group_2941	1230	25189	20.4789	170	83.6751	85	83.6751
recO	783	5507	7.0332	38	29.3815	19	29.3815
group_2950	777	12693	16.3359	86	67.0085	43	67.0085
group_2951	771	755	0.9792	5	3.9262	2	3.1409
group_2952	225	709	3.1511	5	13.4536	2	10.7629
hemA	1287	70541	54.8104	477	224.3843	238	223.9138
group_2954	1254	5498	4.3844	37	17.8631	18	17.3803
atpF2	432	22440	51.9444	159	222.8260	79	221.4246
group_2958	747	1627	2.1780	12	9.7255	6	9.7255
yhfX	1113	53826	48.3612	335	182.2226	167	181.6786
group_2961	765	2247	2.9373	16	12.6623	8	12.6623
group_2962	408	1162	2.8480	8	11.8709	4	11.8709
group_2965	687	604	0.8792	4	3.5250	2	3.5250
group_2967	726	13678	18.8402	94	78.3870	47	78.3870
ycf20	348	8927	25.6523	65	113.0802	32	111.3405
group_2973	681	2422	3.5565	17	15.1131	8	14.2241
rfbC	546	22534	41.2711	159	176.3019	79	175.1931
bioY	654	37333	57.0841	254	235.1303	127	235.1303
group_2977	552	1195	2.1649	8	8.7741	4	8.7741
raiA	600	31478	52.4633	217	218.9581	108	217.9491
group_2981	801	182	0.2272	2	1.5116	1	1.5116
group_2984	2814	3515	1.2491	17	3.6574	8	3.4423
group_2985	1095	0	0.0000	0	0.0000	0	0.0000
group_2986	612	453	0.7402	3	2.9677	1	1.9785
group_2989	621	25368	40.8502	177	172.5576	88	171.5827
group_2991	138	378	2.7391	4	17.5482	2	17.5482
group_2992	603	19554	32.4279	138	138.5525	69	138.5525
group_2993	588	2737	4.6548	19	19.5627	9	18.5331
group_2994	822	17762	21.6083	123	90.5912	61	89.8547
ycf53	630	30024	47.6571	214	205.6486	107	205.6486
group_2997	378	10362	27.4127	74	118.5202	37	118.5202
pyrB	981	57721	58.8389	392	241.9188	196	241.9188
group_2999	597	28722	48.1106	203	205.8611	101	204.8470
midA	1134	72295	63.7522	490	261.5987	245	261.5987
group_3004	420	17626	41.9667	123	177.2999	61	175.8584
group_3006	2682	453	0.1689	3	0.6772	1	0.4515
group_3007	1047	15478	14.7832	104	60.1366	52	60.1366
group_3008	576	7851	13.6302	55	57.8086	27	56.7576
group_3010	576	1642	2.8507	11	11.5617	5	10.5107
group_3011	891	3592	4.0314	25	16.9869	12	16.3075
group_3012	321	1994	6.2118	14	26.4044	7	26.4044
group_3015	3126	2815	0.9005	19	3.6797	9	3.4861
group_3018	630	24438	38.7905	168	161.4438	84	161.4438
group_3019	234	2899	12.3889	29	75.0300	14	72.4427
psb29	729	40573	55.6557	281	233.3626	140	232.5322
group_3021	504	5304	10.5238	38	45.6463	19	45.6463
group_3022	1137	12503	10.9965	85	45.2596	42	44.7272
group_3026	567	0	0.0000	0	0.0000	0	0.0000
group_3027	144	0	0.0000	0	0.0000	0	0.0000
group_3028	525	25690	48.9333	184	212.1832	92	212.1832
group_3029	1110	4152	3.7405	28	15.2717	14	15.2717
group_3031	516	21237	41.1570	151	177.1658	75	175.9925
group_3032	186	0	0.0000	0	0.0000	0	0.0000
group_3033	372	0	0.0000	0	0.0000	0	0.0000
group_3035	513	8913	17.3743	61	71.9888	30	70.8087
group_3036	1149	34937	30.4064	237	124.8765	118	124.3496
hoxE	510	22789	44.6843	159	188.7468	79	187.5597
group_3038	510	1511	2.9627	11	13.0580	5	11.8709
group_3039	507	593	1.1696	4	4.7764	2	4.7764
group_3040	3972	2219	0.5587	15	2.2863	7	2.1339
group_3043	396	6710	16.9444	49	74.9124	24	73.3835
group_3044	267	1031	3.8614	7	15.8723	3	13.6048
group_3045	1020	772	0.7569	6	3.5613	3	3.5613
group_3046	501	11568	23.0898	80	96.6729	40	96.6729
group_3048	3006	1061	0.3530	8	1.6112	4	1.6112
group_3049	1224	71244	58.2059	478	236.4281	239	236.4281
group_3050	258	0	0.0000	0	0.0000	0	0.0000
group_3051	138	154	1.1159	2	8.7741	1	8.7741
upp	654	23834	36.4434	162	149.9650	81	149.9650
group_3052	489	3477	7.1104	26	32.1897	13	32.1897
group_3053	387	0	0.0000	0	0.0000	0	0.0000
group_3057	795	33812	42.5308	229	174.3897	114	173.6282
group_3059	3378	18738	5.5471	125	22.4028	62	22.2236
group_3062	483	21712	44.9524	151	189.2703	75	188.0168
group_3063	1530	4991	3.2621	32	12.6623	16	12.6623
group_3065	123	0	0.0000	0	0.0000	0	0.0000
group_3067	180	0	0.0000	0	0.0000	0	0.0000
group_3071	126	355	2.8175	4	19.2195	2	19.2195
group_3072	498	1469	2.9498	10	12.1569	5	12.1569
group_3076	459	7481	16.2985	52	68.5872	26	68.5872
group_3080	1557	19840	12.7425	135	52.4926	67	52.1037
group_3081	342	0	0.0000	0	0.0000	0	0.0000
group_3082	429	2369	5.5221	16	22.5795	8	22.5795
coaBC	1338	78250	58.4828	528	238.9078	264	238.9078
group_3086	369	2798	7.5827	20	32.8138	10	32.8138
group_3087	390	4565	11.7051	33	51.2273	16	49.6750
group_3088	234	852	3.6410	6	15.5234	3	15.5234
paaY	552	32053	58.0670	221	242.3850	110	241.2882
group_3089	321	5149	16.0405	38	71.6690	19	71.6690
group_3090	432	211	0.4884	2	2.8028	1	2.8028
group_3091	111	0	0.0000	0	0.0000	0	0.0000
group_3093	303	151	0.4983	1	1.9981	0	0.0000
group_3095	435	302	0.6943	2	2.7835	1	2.7835
group_3096	867	597	0.6886	4	2.7931	2	2.7931
group_3098	540	1274	2.3593	8	8.9691	4	8.9691
group_3099	3831	920	0.2401	6	0.9482	3	0.9482
tadD	1335	69186	51.8247	468	212.2351	234	212.2351
sufE	423	18228	43.0922	132	188.9236	66	188.9236
gAF	420	10569	25.1643	75	108.1097	37	106.6682
group_3102	423	9874	23.3428	70	100.1867	35	100.1867
group_3105	138	0	0.0000	0	0.0000	0	0.0000
group_3106	390	11885	30.4744	85	131.9492	42	130.3969
group_3110	486	9128	18.7819	63	78.4796	31	77.2339
group_3111	2988	6194	2.0730	40	8.1046	20	8.1046
group_3113	408	12417	30.4338	89	132.0634	44	130.5795
group_3115	735	6964	9.4748	47	38.7136	23	37.8899
group_3116	426	6612	15.5211	47	66.7945	23	65.3734
group_3120	147	0	0.0000	0	0.0000	0	0.0000
group_3121	402	3242	8.0647	23	34.6381	11	33.1321
group_3122	444	2053	4.6239	15	20.4532	7	19.0896
group_3123	1179	1812	1.5369	12	6.1620	6	6.1620
group_3126	396	3193	8.0631	22	33.6341	11	33.6341
group_3127	1554	14846	9.5534	101	39.3480	50	38.9584
group_3131	1719	15674	9.1181	105	36.9799	52	36.6277
group_3129	1242	12096	9.7391	82	39.9710	41	39.9710
group_3133	144	913	6.3403	9	37.8384	4	33.6341
group_3135	228	9051	39.6974	69	183.2174	34	180.5621
group_3136	1215	0	0.0000	0	0.0000	0	0.0000
group_3138	225	0	0.0000	0	0.0000	0	0.0000
group_3139	198	1908	9.6364	14	42.8071	7	42.8071
group_3140	414	151	0.3647	1	1.4624	0	0.0000
group_3142	1692	18319	10.8268	122	43.6528	61	43.6528
group_3143	381	9849	25.8504	71	112.8200	35	111.2309
group_3147	378	3528	9.3333	26	41.6422	13	41.6422
group_3149	378	6496	17.1852	47	75.2764	23	73.6747
group_3151	375	994	2.6507	7	11.3011	3	9.6866
group_3153	369	1153	3.1247	8	13.1255	4	13.1255
group_3154	216	256	1.1852	2	5.6057	1	5.6057
group_3155	369	1896	5.1382	13	21.3290	6	19.6883
group_3159	414	11129	26.8816	77	112.6012	38	111.1388
group_3162	309	110	0.3560	2	3.9185	1	3.9185
group_3164	966	3207	3.3199	22	13.7879	11	13.7879
group_3166	393	0	0.0000	0	0.0000	0	0.0000
group_3167	420	3339	7.9500	25	36.0366	12	34.5951
group_3168	456	9180	20.1316	65	86.2981	32	84.9704
group_3170	354	0	0.0000	0	0.0000	0	0.0000
group_3175	372	9315	25.0403	63	102.5298	31	100.9024
group_3179	354	1121	3.1667	8	13.6817	4	13.6817
group_3180	813	4161	5.1181	29	21.5953	14	20.8507
group_15044	345	0	0.0000	0	0.0000	0	0.0000
group_15045	348	0	0.0000	0	0.0000	0	0.0000
psb28	339	10619	31.3245	83	148.2282	41	146.4424
group_3190	333	3518	10.5646	26	47.2696	13	47.2696
group_3193	468	7447	15.9124	51	65.9746	25	64.6810
group_3194	552	11131	20.1649	77	84.4509	38	83.3541
group_3198	741	0	0.0000	0	0.0000	0	0.0000
ureB	327	4099	12.5352	33	61.0968	16	59.2454
group_3201	918	14022	15.2745	96	63.3113	48	63.3113
group_3203	165	282	1.7091	2	7.3384	1	7.3384
group_3204	450	2708	6.0178	19	25.5619	9	24.2166
group_3205	327	1866	5.7064	13	24.0685	6	22.2170
group_3206	1188	24161	20.3375	166	84.5949	83	84.5949
group_3208	456	12475	27.3575	86	114.1790	43	114.1790
group_3214	321	225	0.7009	2	3.7721	1	3.7721
group_3217	639	2434	3.8091	17	16.1065	8	15.1590
group_3220	372	3921	10.5403	28	45.5688	14	45.5688
group_3219	369	9605	26.0298	69	113.2075	34	111.5668
cdaA	927	58229	62.8145	396	258.6235	198	258.6235
acs	1971	105534	53.5434	711	218.3914	355	218.0842
group_3226	558	453	0.8118	3	3.2549	1	2.1699
group_3227	426	1754	4.1174	13	18.4751	6	17.0539
group_3229	309	10953	35.4466	80	156.7415	40	156.7415
group_3230	5487	17339	3.1600	116	12.7990	58	12.7990
group_3231	336	8464	25.1905	61	109.9115	30	108.1097
group_3232	231	443	1.9177	3	7.8625	1	5.2417
rsmD	546	23513	43.0641	169	187.3901	84	186.2813
group_3236	300	595	1.9833	4	8.0722	2	8.0722
group_3237	390	5852	15.0051	40	62.0938	20	62.0938
group_3239	546	11832	21.6703	80	88.7054	40	88.7054
group_3241	297	10321	34.7508	73	148.8055	36	146.7671
group_3242	834	453	0.5432	3	2.1777	1	1.4518
znuA	933	46379	49.7095	311	201.8047	155	201.1558
group_3245	297	4904	16.5118	35	71.3451	17	69.3067
group_3248	165	0	0.0000	0	0.0000	0	0.0000
group_3249	186	0	0.0000	0	0.0000	0	0.0000
group_3250	177	0	0.0000	0	0.0000	0	0.0000
group_3257	324	3055	9.4290	24	44.8455	12	44.8455
group_3262	573	4454	7.7731	31	32.7536	15	31.6971
group_3264	276	302	1.0942	2	4.3871	1	4.3871
group_3266	276	628	2.2754	5	10.9676	2	8.7741
group_3267	264	0	0.0000	0	0.0000	0	0.0000
group_3268	375	3378	9.0080	23	37.1321	11	35.5176
group_3277	1905	755	0.3963	5	1.5890	2	1.2712
group_3272	456	515	1.1294	4	5.3107	2	5.3107
group_3275	267	1821	6.8202	13	29.4771	6	27.2096
group_3280	495	8943	18.0667	64	78.2758	32	78.2758
group_3284	252	958	3.8016	7	16.8171	3	14.4146
group_3285	189	1195	6.3228	9	28.8292	4	25.6260
group_3288	393	16886	42.9669	121	186.3998	60	184.8593
group_3290	231	145	0.6277	1	2.6208	0	0.0000
group_3291	291	9316	32.0137	62	128.9886	31	128.9886
group_3292	249	1115	4.4779	8	19.4511	4	19.4511
group_3293	4239	3175	0.7490	21	2.9992	10	2.8564
group_3294	309	7953	25.7379	58	113.6376	29	113.6376
group_3296	246	4244	17.2520	31	76.2920	15	73.8310
group_3298	411	15151	36.8637	108	159.0869	54	159.0869
group_3299	309	0	0.0000	0	0.0000	0	0.0000
rpsQ	243	8197	33.7325	62	154.4678	31	154.4678
group_3300	228	1789	7.8465	12	31.8639	6	31.8639
group_3302	183	0	0.0000	0	0.0000	0	0.0000
group_3303	279	0	0.0000	0	0.0000	0	0.0000
cynT	849	51551	60.7197	359	255.9996	179	255.2865
group_3307	450	1947	4.3267	14	18.8351	7	18.8351
group_3308	165	151	0.9152	1	3.6692	0	0.0000
group_3309	348	2762	7.9368	19	33.0542	9	31.3145
lPOR	963	48851	50.7279	334	209.9775	167	209.9775
group_3310	228	4500	19.7368	33	87.6257	16	84.9704
group_3314	1326	0	0.0000	0	0.0000	0	0.0000
group_3320	345	10289	29.8232	70	122.8376	35	122.8376
group_3321	345	1356	3.9304	11	19.3031	5	17.5482
group_3322	249	604	2.4257	4	9.7255	2	9.7255
group_3325	372	9977	26.8199	69	112.2946	34	110.6671
group_3329	453	0	0.0000	0	0.0000	0	0.0000
group_3330	1818	8450	4.6480	58	19.3146	29	19.3146
group_3331	297	1914	6.4444	14	28.5380	7	28.5380
emrA	1455	49323	33.8990	333	138.5587	166	138.1426
group_3336	873	5511	6.3127	37	25.6590	18	24.9655
group_3338	1251	2871	2.2950	19	9.1949	9	8.7110
group_3339	159	0	0.0000	0	0.0000	0	0.0000
group_3340	198	596	3.0101	4	12.2306	2	12.2306
group_3341	189	364	1.9259	3	9.6097	1	6.4065
group_3344	1302	3890	2.9877	26	12.0897	13	12.0897
group_3345	1191	36575	30.7095	249	126.5727	124	126.0644
group_3346	177	3066	17.3220	25	85.5105	12	82.0901
group_3347	156	0	0.0000	0	0.0000	0	0.0000
group_3350	1563	906	0.5797	6	2.3240	3	2.3240
group_3351	624	0	0.0000	0	0.0000	0	0.0000
group_3352	603	31914	52.9254	221	221.8848	110	220.8808
group_3353	177	2781	15.7119	22	75.2492	11	75.2492
group_18056	864	11020	12.7546	74	51.8526	37	51.8526
group_3356	681	302	0.4435	2	1.7780	1	1.7780
group_3359	339	151	0.4454	1	1.7859	0	0.0000
group_3360	495	2068	4.1778	15	18.3459	7	17.1228
group_3361	801	38742	48.3670	265	200.2931	132	199.5372
icd	1089	36750	33.7466	245	136.2043	122	135.6483
group_3364	1125	0	0.0000	0	0.0000	0	0.0000
group_3363	177	5199	29.3729	58	198.3843	29	198.3843
group_3365	381	15472	40.6089	111	176.3805	55	174.7915
group_3366	297	0	0.0000	0	0.0000	0	0.0000
group_3368	834	2815	3.3753	19	13.7924	9	13.0665
group_18891	1359	28157	20.7189	192	85.5331	96	85.5331
group_3369	858	30894	36.0070	208	146.7671	104	146.7671
group_3371	306	2127	6.9510	17	33.6341	8	31.6556
group_3372	657	0	0.0000	0	0.0000	0	0.0000
group_3376	216	726	3.3611	6	16.8171	3	16.8171
group_3377	657	6014	9.1537	41	37.7808	20	36.8593
group_3378	201	1764	8.7761	12	36.1441	6	36.1441
vapI~~~higA	315	1318	4.1841	9	17.2975	4	15.3756
group_3384	237	296	1.2489	2	5.1090	1	5.1090
group_3387	300	0	0.0000	0	0.0000	0	0.0000
dapB	861	52181	60.6051	354	248.9159	177	248.9159
group_18926	954	24065	25.2254	161	102.1716	80	101.5370
group_3391	444	0	0.0000	0	0.0000	0	0.0000
group_3395	2082	453	0.2176	3	0.8724	1	0.5816
group_3397	3429	1359	0.3963	9	1.5890	4	1.4125
group_3398	351	0	0.0000	0	0.0000	0	0.0000
nhaP	1611	82348	51.1161	553	207.8175	276	207.4417
group_3399	2019	44743	22.1610	304	91.1570	152	91.1570
rimP	471	21508	45.6645	154	197.9486	77	197.9486
group_3402	234	2572	10.9915	19	49.1576	9	46.5703
group_3403	477	302	0.6331	2	2.5384	1	2.5384
group_3406	579	1113	1.9223	8	8.3650	4	8.3650
group_3407	342	9264	27.0877	67	118.6045	33	116.8343
group_3412	1233	8671	7.0324	60	29.4605	30	29.4605
group_3413	390	13238	33.9436	94	145.9203	47	145.9203
group_3414	498	4858	9.7550	38	46.1963	19	46.1963
group_3421	1479	0	0.0000	0	0.0000	0	0.0000
group_3422	693	2200	3.1746	15	13.1042	7	12.2306
group_3424	2136	9402	4.4017	63	17.8563	31	17.5729
group_3426	747	8194	10.9692	56	45.3858	28	45.3858
group_3427	504	23552	46.7302	161	193.3962	80	192.1950
group_3428	198	0	0.0000	0	0.0000	0	0.0000
group_3429	978	3303	3.3773	22	13.6187	11	13.6187
group_3430	219	563	2.5708	4	11.0578	2	11.0578
adk	567	27994	49.3721	194	207.1435	97	207.1435
group_3433	324	1063	3.2809	8	14.9485	4	14.9485
dam	948	53714	56.6603	364	232.4586	182	232.4586
group_3436	1299	1505	1.1586	10	4.6606	5	4.6606
group_3438	720	12545	17.4236	86	72.3134	43	72.3134
fabA	5004	89765	17.9386	599	72.4706	299	72.3496
group_3440	258	2751	10.6628	21	49.2779	10	46.9313
cysE	642	5882	9.1620	41	38.6635	20	37.7205
group_3441	126	0	0.0000	0	0.0000	0	0.0000
livF	702	32575	46.4031	225	194.0430	112	193.1806
group_3444	1140	54036	47.4000	364	193.3077	182	193.3077
fdx	318	10873	34.1918	83	158.0169	41	156.1131
group_3446	426	24380	57.2300	171	243.0183	85	241.5972
ubiG	660	4761	7.2136	32	29.3534	16	29.3534
ampD	903	6619	7.3300	47	31.5110	23	30.8406
group_3448	372	1788	4.8065	12	19.5295	6	19.5295
gatB	1473	96383	65.4331	655	269.2099	327	268.7989
group_3451	687	11505	16.7467	78	68.7370	39	68.7370
kaiC	1560	89299	57.2429	596	231.2992	298	231.2992
group_3454	342	844	2.4678	6	10.6213	3	10.6213
phhB	402	12940	32.1891	89	134.0345	44	132.5285
group_3455	1503	2830	1.8829	19	7.6533	9	7.2505
group_3457	894	3733	4.1756	27	18.2843	13	17.6071
group_3458	741	33104	44.6748	231	188.7323	115	187.9153
group_3459	258	168	0.6512	2	4.6931	1	4.6931
thpR	636	7220	11.3522	50	47.5954	25	47.5954
group_3461	1455	39463	27.1223	266	110.6805	133	110.6805
group_3462	297	2504	8.4310	18	36.6918	9	36.6918
group_3466	366	17740	48.4699	129	213.3837	64	211.7295
group_3467	909	3947	4.3421	28	18.6486	14	18.6486
group_3468	384	14520	37.8125	108	170.2727	54	170.2727
group_3470	807	6353	7.8724	44	33.0089	22	33.0089
group_3471	585	13384	22.8786	97	100.3849	48	99.3500
group_3473	663	29175	44.0045	202	184.4550	101	184.4550
group_3475	210	1220	5.8095	10	28.8292	5	28.8292
group_3477	1101	32848	29.8347	223	122.6225	111	122.0726
group_3479	654	0	0.0000	0	0.0000	0	0.0000
psb27	429	16921	39.4429	124	174.9915	62	174.9915
group_3483	264	3469	13.1402	26	59.6241	13	59.6241
group_3484	513	17263	33.6511	117	138.0769	58	136.8968
group_3485	249	147	0.5904	1	2.4314	0	0.0000
group_3486	315	111	0.3524	1	1.9219	0	0.0000
group_3487	447	2276	5.0917	22	29.7967	11	29.7967
group_3490	351	1517	4.3219	12	20.6979	6	20.6979
group_3491	366	15141	41.3689	106	175.3385	53	175.3385
group_3492	192	1854	9.6563	13	40.9916	6	37.8384
purB	1413	83278	58.9370	565	242.0800	282	241.6515
group_3494	189	0	0.0000	0	0.0000	0	0.0000
group_3496	576	567	0.9844	4	4.2043	2	4.2043
group_3499	411	6014	14.6326	43	63.3402	21	61.8671
tauD	918	29401	32.0272	203	133.8770	101	133.2175
group_3504	321	9691	30.1900	77	145.2239	38	143.3379
group_3505	534	6861	12.8483	49	55.5530	24	54.4192
sfnG	1098	15160	13.8069	104	57.3434	52	57.3434
group_3507	180	459	2.5500	5	16.8171	2	13.4536
group_3511	213	149	0.6995	1	2.8423	0	0.0000
hisG	891	36234	40.6667	241	163.7540	120	163.0745
group_3513	1602	98173	61.2815	662	250.1774	331	250.1774
gdt1	276	7546	27.3406	55	120.6441	27	118.4506
group_3515	261	1018	3.9004	7	16.2372	3	13.9176
group_3516	669	6682	9.9880	42	38.0081	21	38.0081
mdh	978	52796	53.9836	363	224.7089	181	224.0899
group_3518	210	962	4.5810	7	20.1805	3	17.2975
group_3519	132	0	0.0000	0	0.0000	0	0.0000
group_3520	759	3345	4.4071	23	18.3459	11	17.5482
group_3521	675	604	0.8948	4	3.5876	2	3.5876
group_3523	450	7947	17.6600	54	72.6497	27	72.6497
group_3528	321	7641	23.8037	55	103.7314	27	101.8454
purM	1053	56578	53.7303	382	219.6279	191	219.6279
group_3533	318	10592	33.3082	80	152.3054	40	152.3054
group_3535	471	919	1.9512	6	7.7123	3	7.7123
group_3536	201	453	2.2537	3	9.0360	1	6.0240
group_3538	2745	129116	47.0368	821	181.0729	410	180.8523
chlG	990	58108	58.6949	389	237.8849	194	237.2734
group_3539	150	148	0.9867	1	4.0361	0	0.0000
group_3540	279	2184	7.8280	15	32.5491	7	30.3792
pheT	2436	54461	22.3567	365	90.7127	182	90.4642
group_3543	741	14219	19.1889	95	77.6172	47	76.8002
group_3545	345	2974	8.6203	20	35.0965	10	35.0965
group_3548	354	330	0.9322	2	3.4204	1	3.4204
group_3549	177	0	0.0000	0	0.0000	0	0.0000
arsA	1077	54723	50.8106	369	207.4260	184	206.8639
group_3551	285	5159	18.1018	42	89.2189	21	89.2189
cmr4	885	8319	9.4000	56	38.3087	28	38.3087
group_3553	228	745	3.2675	6	15.9320	3	15.9320
group_3555	426	9203	21.6033	66	93.7966	33	93.7966
menB	834	48646	58.3285	334	242.4560	167	242.4560
group_3560	885	1411	1.5944	10	6.8408	5	6.8408
rRM	306	7707	25.1863	58	114.7517	29	114.7517
group_3563	144	0	0.0000	0	0.0000	0	0.0000
group_3566	420	9126	21.7286	62	89.3707	31	89.3707
group_3568	315	769	2.4413	6	11.5317	3	11.5317
group_3569	303	2020	6.6667	14	27.9729	7	27.9729
group_3571	204	342	1.6765	4	11.8709	2	11.8709
group_3572	783	2964	3.7854	20	15.4640	10	15.4640
group_3574	1026	8368	8.1559	57	33.6341	28	33.0440
group_3575	207	2642	12.7633	19	55.5694	9	52.6447
group_3577	10464	329049	31.4458	2192	126.8222	1096	126.8222
group_3578	390	9162	23.4923	64	99.3500	32	99.3500
ribA	1287	19810	15.3924	137	64.4458	68	63.9754
caiA	1185	9111	7.6886	61	31.1648	30	30.6539
sfcA	1392	75353	54.1329	516	224.4208	258	224.4208
group_3579	414	6545	15.8092	49	71.6553	24	70.1929
hoxU	717	40830	56.9456	285	240.6458	142	239.8014
group_3580	240	2538	10.5750	20	50.4512	10	50.4512
group_3582	441	1428	3.2381	11	15.1010	5	13.7282
group_3583	948	0	0.0000	0	0.0000	0	0.0000
group_3584	882	20022	22.7007	136	93.3518	68	93.3518
group_3585	675	32234	47.7541	227	203.5985	113	202.7016
group_3586	726	6814	9.3857	47	39.1935	23	38.3596
group_3587	2211	8010	3.6228	53	14.5124	26	14.2386
queF	441	19758	44.8027	138	189.4493	69	189.4493
group_3588	186	151	0.8118	1	3.2549	0	0.0000
group_3589	1260	1966	1.5603	13	6.2463	6	5.7658
group_3590	561	848	1.5116	6	6.4750	3	6.4750
group_3591	336	9386	27.9345	67	120.7225	33	118.9206
group_3594	2799	14723	5.2601	99	21.4134	49	21.1971
group_3595	2646	10255	3.8757	68	15.5586	34	15.5586
group_3596	672	11593	17.2515	79	71.1722	39	70.2713
yqeG	606	12485	20.6023	85	84.9178	42	83.9188
group_3604	165	0	0.0000	0	0.0000	0	0.0000
group_3606	330	3025	9.1667	22	40.3609	11	40.3609
group_3609	231	1422	6.1558	10	26.2084	5	26.2084
group_3610	381	2066	5.4226	15	23.8352	7	22.2462
ypuF	435	19345	44.4713	136	189.2789	68	189.2789
group_3612	300	5473	18.2433	39	78.7038	19	76.6858
group_3615	459	18019	39.2571	123	162.2352	61	160.9162
group_3616	834	3776	4.5276	26	18.8738	13	18.8738
group_3619	10080	43353	4.3009	300	18.0183	150	18.0183
hypC	264	10783	40.8447	76	174.2859	38	174.2859
group_3620	225	1556	6.9156	11	29.5980	5	26.9073
group_3622	309	302	0.9773	2	3.9185	1	3.9185
group_3623	621	6359	10.2399	44	42.8957	22	42.8957
group_3624	1167	0	0.0000	0	0.0000	0	0.0000
group_3626	279	764	2.7384	6	13.0197	3	13.0197
group_3627	348	6281	18.0489	46	80.0260	23	80.0260
group_3629	777	151	0.1943	1	0.7792	0	0.0000
group_3630	351	11274	32.1197	80	137.9861	40	137.9861
group_3632	429	2211	5.1538	16	22.5795	8	22.5795
group_3634	270	10298	38.1407	80	179.3820	40	179.3820
group_3637	153	0	0.0000	0	0.0000	0	0.0000
group_3639	291	1070	3.6770	8	16.6437	4	16.6437
group_3641	306	3895	12.7288	31	61.3328	15	59.3543
group_3642	264	1439	5.4508	10	22.9324	5	22.9324
group_3643	144	210	1.4583	2	8.4085	1	8.4085
group_3644	1242	0	0.0000	0	0.0000	0	0.0000
group_3645	126	189	1.5000	2	9.6097	1	9.6097
group_3647	903	906	1.0033	6	4.0227	3	4.0227
group_3648	1749	1049	0.5998	7	2.4230	3	2.0769
group_3649	408	4616	11.3137	32	47.4835	16	47.4835
group_3650	318	9347	29.3931	66	125.6520	33	125.6520
group_3652	285	1029	3.6105	7	14.8698	3	12.7456
group_3653	393	7454	18.9669	52	80.1057	26	80.1057
group_3654	2388	10740	4.4975	68	17.2396	34	17.2396
group_3655	522	1051	2.0134	7	8.1186	3	6.9588
group_3657	234	153	0.6538	1	2.5872	0	0.0000
group_3659	351	8031	22.8803	57	98.3151	28	96.5903
group_3660	168	0	0.0000	0	0.0000	0	0.0000
group_3661	642	3338	5.1994	24	22.6323	12	22.6323
group_3662	495	10714	21.6444	76	92.9525	38	92.9525
group_3665	423	0	0.0000	0	0.0000	0	0.0000
group_3666	162	298	1.8395	2	7.4742	1	7.4742
group_3667	1059	1359	1.2833	9	5.1452	4	4.5735
group_3670	213	1240	5.8216	9	25.5809	4	22.7386
group_3671	225	2701	12.0044	19	51.1239	9	48.4331
group_3672	261	151	0.5785	1	2.3196	0	0.0000
group_3673	318	5367	16.8774	37	70.4413	18	68.5374
group_3674	207	2597	12.5459	21	61.4188	10	58.4941
group_3675	417	689	1.6523	5	7.2592	2	5.8073
group_3676	768	468	0.6094	4	3.1532	2	3.1532
group_3677	528	4653	8.8125	32	36.6918	16	36.6918
group_3679	420	3185	7.5833	22	31.7122	11	31.7122
group_3680	150	592	3.9467	4	16.1444	2	16.1444
group_3681	801	35643	44.4981	241	182.1533	120	181.3975
group_3682	780	11347	14.5474	78	60.5414	39	60.5414
group_3683	231	2093	9.0606	14	36.6918	7	36.6918
group_3684	360	1848	5.1333	14	23.5439	7	23.5439
group_3687	393	13365	34.0076	94	144.8064	47	144.8064
group_3690	234	906	3.8718	6	15.5234	3	15.5234
pyrG	1641	90178	54.9531	615	226.8919	307	226.5230
group_3691	420	2599	6.1881	18	25.9463	9	25.9463
group_3692	996	686	0.6888	5	3.0392	2	2.4314
group_3697	297	8683	29.2357	61	124.3443	30	122.3059
group_3698	195	151	0.7744	1	3.1047	0	0.0000
group_3699	138	0	0.0000	0	0.0000	0	0.0000
group_3701	219	4672	21.3333	32	88.4623	16	88.4623
group_3702	2430	3998	1.6453	27	6.7268	13	6.4777
group_3703	414	6750	16.3043	48	70.1929	24	70.1929
group_3705	294	11221	38.1667	83	170.9162	41	168.8570
group_3706	903	6158	6.8195	44	29.4997	22	29.4997
group_3707	186	453	2.4355	3	9.7647	1	6.5098
group_3708	360	2664	7.4000	18	30.2707	9	30.2707
group_3709	291	1150	3.9519	8	16.6437	4	16.6437
group_3712	444	9938	22.3829	70	95.4482	35	95.4482
group_3713	288	3976	13.8056	27	56.7576	13	54.6554
group_3714	1482	9959	6.7200	66	26.9618	33	26.9618
group_3716	1812	1527	0.8427	11	3.6753	5	3.3411
group_3718	462	3364	7.2814	24	31.4501	12	31.4501
group_3719	342	0	0.0000	0	0.0000	0	0.0000
vagC	240	3683	15.3458	26	65.5865	13	65.5865
group_3721	150	0	0.0000	0	0.0000	0	0.0000
group_3725	426	151	0.3545	1	1.4212	0	0.0000
group_3726	342	1954	5.7135	14	24.7830	7	24.7830
group_3727	249	267	1.0723	3	7.2941	1	4.8628
group_3728	330	6832	20.7030	48	88.0602	24	88.0602
group_3729	139	0	0.0000	0	0.0000	0	0.0000
group_3732	192	430	2.2396	6	18.9192	3	18.9192
group_3735	897	8790	9.7993	58	39.1461	29	39.1461
group_3734	531	450	0.8475	3	3.4204	1	2.2803
group_3737	258	0	0.0000	0	0.0000	0	0.0000
gloA	363	1773	4.8843	13	21.6815	6	20.0137
ddpA	1758	33924	19.2969	231	79.5510	115	79.2066
group_3738	867	8678	10.0092	59	41.1989	29	40.5006
group_3739	1188	3103	2.6120	20	10.1922	10	10.1922
group_3742	1209	3935	3.2548	27	13.5204	13	13.0197
group_3747	720	6924	9.6167	47	39.5201	23	38.6792
group_3748	153	1330	8.6928	12	47.4835	6	47.4835
group_3749	1704	0	0.0000	0	0.0000	0	0.0000
phaC	1095	57422	52.4402	391	216.1798	195	215.6269
group_3750	930	302	0.3247	2	1.3020	1	1.3020
group_3752	270	6658	24.6593	45	100.9024	22	98.6601
entF	3288	93441	28.4188	611	112.5024	305	112.3183
group_3753	489	0	0.0000	0	0.0000	0	0.0000
group_3754	534	15114	28.3034	104	117.9084	52	117.9084
group_3755	2934	51023	17.3903	344	70.9824	172	70.9824
group_3756	1695	5363	3.1640	37	13.2155	18	12.8584
group_3757	1593	12403	7.7859	83	31.5439	41	31.1638
group_3758	633	1543	2.4376	12	11.4770	6	11.4770
group_3759	558	20543	36.8154	143	155.1509	71	154.0660
fadH	1104	65721	59.5299	446	244.5785	223	244.5785
group_3761	159	0	0.0000	0	0.0000	0	0.0000
ssuD	1173	22850	19.4800	154	79.4832	77	79.4832
group_3763	267	5527	20.7004	41	92.9662	20	90.6987
sfp	663	35454	53.4751	250	228.2859	125	228.2859
clpS	294	8047	27.3707	57	117.3762	28	115.3170
tuf	1230	72081	58.6024	490	241.1812	245	241.1812
group_3769	285	2185	7.6667	16	33.9882	8	33.9882
tauC	774	10595	13.6886	71	55.5354	35	54.7532
tauB	783	37589	48.0064	257	198.7119	128	197.9387
group_3771	1065	8724	8.1915	59	33.5394	29	32.9709
group_3773	1041	21630	20.7781	150	87.2355	75	87.2355
group_3775	1146	604	0.5271	4	2.1131	2	2.1131
group_3776	1128	1208	1.0709	8	4.2937	4	4.2937
group_3778	567	18411	32.4709	127	135.6042	63	134.5365
group_3780	945	0	0.0000	0	0.0000	0	0.0000
tktA	1902	108837	57.2224	729	232.0436	364	231.7253
clpB	2625	95572	36.4084	634	146.2219	317	146.2219
group_3782	246	302	1.2276	2	4.9221	1	4.9221
group_3789	540	13517	25.0315	92	103.1446	46	103.1446
group_3792	984	5878	5.9736	39	23.9951	19	23.3798
group_3794	1077	7734	7.1811	53	29.7929	26	29.2308
group_3795	1908	42880	22.4738	289	91.7006	144	91.3833
group_3796	372	0	0.0000	0	0.0000	0	0.0000
group_3797	5445	239751	44.0314	1603	178.2330	801	178.1218
group_3798	1476	275	0.1863	2	0.8203	1	0.8203
group_3799	939	11769	12.5335	79	50.9347	39	50.2900
higB~~~higA	552	15568	28.2029	122	133.8053	61	133.8053
group_3801	261	3557	13.6284	26	60.3095	13	60.3095
group_3804	126	0	0.0000	0	0.0000	0	0.0000
group_3805	1107	9029	8.1563	60	32.8138	30	32.8138
group_3807	309	10466	33.8706	74	144.9859	37	144.9859
group_3809	483	7159	14.8219	49	61.4188	24	60.1654
ydiL	858	45820	53.4033	301	212.3889	150	211.6833
group_3810	672	19799	29.4628	141	127.0289	70	126.1279
group_3812	516	525	1.0174	4	4.6931	2	4.6931
group_3813	609	9761	16.0279	71	70.5819	35	69.5878
group_3814	331	3108	9.3897	21	38.4100	10	36.5809
group_3817	303	4401	14.5248	31	61.9401	15	59.9420
group_3818	234	3675	15.7051	26	67.2682	13	67.2682
group_3819	834	8656	10.3789	60	43.5550	30	43.5550
group_3820	261	755	2.8927	5	11.5980	2	9.2784
group_3822	657	9546	14.5297	53	48.8386	26	47.9171
group_3823	288	561	1.9479	4	8.4085	2	8.4085
group_3824	174	872	5.0115	6	20.8763	3	20.8763
group_3830	6408	87066	13.5871	577	54.5137	288	54.4192
group_3831	2076	93833	45.1989	630	183.7239	315	183.7239
group_3833	909	19690	21.6612	133	88.5809	66	87.9149
group_3834	255	2342	9.1843	18	42.7351	9	42.7351
cpcD	255	5233	20.5216	38	90.2186	19	90.2186
group_3836	375	3435	9.1600	23	37.1321	11	35.5176
group_3838	255	2506	9.8275	17	40.3609	8	37.9868
group_3839	960	43433	45.2427	289	182.2549	144	181.6242
aspB	1167	62185	53.2862	417	216.3305	208	215.8117
group_3840	876	22758	25.9795	153	105.7401	76	105.0490
group_3845	270	1342	4.9704	9	20.1805	4	17.9382
group_3847	273	4870	17.8388	34	75.3996	17	75.3996
group_3850	423	6320	14.9409	44	62.9745	22	62.9745
group_3853	375	2153	5.7413	15	24.2166	7	22.6021
group_3854	630	21127	33.5349	144	138.3804	72	138.3804
group_3855	303	5404	17.8350	37	73.9285	18	71.9304
group_3856	468	548	1.1709	4	5.1745	2	5.1745
group_3863	1146	24021	20.9607	164	86.6387	82	86.6387
mngB	3036	124280	40.9354	832	165.9106	416	165.9106
group_3869	435	9515	21.8736	66	91.8559	33	91.8559
group_3874	2826	2422	0.8570	16	3.4277	8	3.4277
group_3875	1989	1208	0.6073	8	2.4350	4	2.4350
group_3877	303	605	1.9967	5	9.9903	2	7.9923
group_3880	1530	4331	2.8307	30	11.8709	15	11.8709
group_3882	345	4000	11.5942	29	50.8899	14	49.1351
group_3884	534	2713	5.0805	19	21.5410	9	20.4072
group_3886	255	7260	28.4706	53	125.8312	26	123.4570
group_3888	1614	1963	1.2162	13	4.8763	6	4.5012
group_3891	7722	14463	1.8730	95	7.4481	47	7.3697
group_3894	222	429	1.9324	4	10.9084	2	10.9084
group_3895	1578	5297	3.3568	36	13.8117	18	13.8117
group_3898	354	4067	11.4887	29	49.5961	14	47.8859
group_3899	201	0	0.0000	0	0.0000	0	0.0000
group_3902	378	285	0.7540	2	3.2032	1	3.2032
groL	1722	91192	52.9570	613	215.5162	306	215.1646
group_3909	627	37691	60.1132	263	253.9456	131	252.9801
group_3912	429	151	0.3520	1	1.4112	0	0.0000
group_3913	609	26743	43.9130	191	189.8754	95	188.8813
yqgC	657	28483	43.3531	195	179.6891	97	178.7676
group_3917	726	0	0.0000	0	0.0000	0	0.0000
group_3926	225	395	1.7556	4	10.7629	2	10.7629
group_3927	414	13678	33.0386	97	141.8482	48	140.3859
group_3928	270	1922	7.1185	14	31.3918	7	31.3918
group_3929	246	480	1.9512	4	9.8441	2	9.8441
group_19148	1257	2872	2.2848	19	9.1510	9	8.6694
group_3932	621	4059	6.5362	29	28.2722	14	27.2973
group_3936	417	1390	3.3333	10	14.5183	5	14.5183
group_3937	294	151	0.5136	1	2.0592	0	0.0000
group_3939	300	1164	3.8800	10	20.1805	5	20.1805
group_3940	423	10248	24.2270	70	100.1867	35	100.1867
group_3942	747	453	0.6064	3	2.4314	1	1.6209
group_3945	1413	50756	35.9207	344	147.3903	172	147.3903
group_3947	339	10936	32.2596	84	150.0141	42	150.0141
dICT	1605	83536	52.0474	552	208.2172	276	208.2172
group_3948	1086	46088	42.4383	312	173.9311	156	173.9311
group_3950	858	0	0.0000	0	0.0000	0	0.0000
group_3953	2802	3148	1.1235	21	4.5374	10	4.3213
group_3955	174	144	0.8276	1	3.4794	0	0.0000
rsmA	807	36717	45.4981	257	192.8023	128	192.0521
group_3956	543	12674	23.3407	88	98.1150	44	98.1150
group_3957	1059	29679	28.0255	204	116.6237	102	116.6237
group_3959	525	3250	6.1905	23	26.5229	11	25.3697
btpA	912	48630	53.3224	336	223.0473	168	223.0473
group_3960	147	210	1.4286	2	8.2369	1	8.2369
group_3962	192	535	2.7865	4	12.6128	2	12.6128
group_3963	273	5526	20.2418	40	88.7054	20	88.7054
group_3965	207	906	4.3768	6	17.5482	3	17.5482
group_3968	360	6729	18.6917	49	82.4036	24	80.7219
group_3974	771	7445	9.6563	50	39.2616	25	39.2616
group_3975	504	17467	34.6567	117	140.5426	58	139.3413
group_3976	738	39196	53.1111	269	220.6726	134	219.8523
group_3978	162	146	0.9012	1	3.7371	0	0.0000
group_3979	717	7923	11.0502	54	45.5960	27	45.5960
group_3982	543	4666	8.5930	34	37.9081	17	37.9081
group_3984	153	0	0.0000	0	0.0000	0	0.0000
group_3986	1086	12228	11.2597	84	46.8276	42	46.8276
group_3987	813	0	0.0000	0	0.0000	0	0.0000
group_3989	366	4259	11.6366	30	49.6241	15	49.6241
group_3990	111	0	0.0000	0	0.0000	0	0.0000
group_3993	627	35656	56.8676	247	238.4965	123	237.5309
group_3996	438	720	1.6438	5	6.9111	2	5.5289
fN3K	861	44044	51.1545	307	215.8678	153	215.1646
group_3997	1347	72487	53.8137	487	218.8839	243	218.4345
group_3998	213	2263	10.6244	17	48.3194	8	45.4771
group_3999	231	1364	5.9048	9	23.5876	4	20.9667
group_4000	1227	35116	28.6194	236	116.4448	118	116.4448
group_4003	198	1206	6.0909	9	27.5188	4	24.4612
group_4005	702	0	0.0000	0	0.0000	0	0.0000
fldA	513	12847	25.0429	90	106.2130	45	106.2130
group_4006	312	708	2.2692	6	11.6426	3	11.6426
group_4010	660	3177	4.8136	22	20.1805	11	20.1805
group_4011	798	5460	6.8421	37	28.0706	18	27.3119
group_4017	222	0	0.0000	0	0.0000	0	0.0000
group_4019	711	0	0.0000	0	0.0000	0	0.0000
group_4023	150	295	1.9667	2	8.0722	1	8.0722
group_4024	165	148	0.8970	1	3.6692	0	0.0000
group_19115	1053	1208	1.1472	8	4.5995	4	4.5995
group_19116	261	0	0.0000	0	0.0000	0	0.0000
group_4027	237	924	3.8987	7	17.8814	3	15.3269
group_4028	990	5206	5.2586	36	22.0151	18	22.0151
group_4031	261	845	3.2375	6	13.9176	3	13.9176
group_4033	381	3553	9.3255	26	41.3143	13	41.3143
group_4035	945	6098	6.4529	41	26.2666	20	25.6260
group_4038	9771	70813	7.2473	506	31.3519	253	31.3519
group_4040	2604	0	0.0000	0	0.0000	0	0.0000
group_4041	195	0	0.0000	0	0.0000	0	0.0000
group_4042	2865	34636	12.0894	234	49.4474	117	49.4474
group_4043	1227	2718	2.2152	18	8.8814	9	8.8814
group_4044	378	11155	29.5106	77	123.3251	38	121.7235
group_14764	555	2316	4.1730	17	18.5442	8	17.4534
group_14765	558	1112	1.9928	8	8.6798	4	8.6798
group_4045	189	752	3.9788	7	22.4227	3	19.2195
group_4046	489	1055	2.1575	7	8.6665	3	7.4284
group_4048	420	4767	11.3500	32	46.1268	16	46.1268
group_4049	255	2804	10.9961	19	45.1093	9	42.7351
group_4057	3975	16300	4.1006	109	16.6013	54	16.4490
stbD	264	5342	20.2348	36	82.5565	18	82.5565
group_4059	291	7502	25.7801	54	112.3449	27	112.3449
group_4061	960	9509	9.9052	66	41.6222	33	41.6222
group_4063	750	1792	2.3893	12	9.6866	6	9.6866
group_4065	123	0	0.0000	0	0.0000	0	0.0000
group_4067	1827	6497	3.5561	44	14.5803	22	14.5803
group_4068	1332	0	0.0000	0	0.0000	0	0.0000
group_4069	807	96382	119.4325	673	504.8869	336	504.1367
group_4070	792	3094	3.9066	21	16.0526	10	15.2882
group_4071	330	0	0.0000	0	0.0000	0	0.0000
group_4074	252	0	0.0000	0	0.0000	0	0.0000
group_4076	231	1479	6.4026	10	26.2084	5	26.2084
group_4077	1113	353111	317.2606	2401	1306.0191	1200	1305.4752
group_15301	1326	2220	1.6742	15	6.8486	7	6.3920
comEB	579	19661	33.9568	139	145.3412	69	144.2956
group_4080	1335	967	0.7243	7	3.1745	3	2.7210
group_4081	1260	604	0.4794	4	1.9219	2	1.9219
group_4082	1200	4908	4.0900	33	16.6489	16	16.1444
secY	1320	42592	32.2667	285	130.7144	142	130.2558
group_4086	4278	0	0.0000	0	0.0000	0	0.0000
group_4088	153	0	0.0000	0	0.0000	0	0.0000
group_4090	276	5521	20.0036	40	87.7412	20	87.7412
group_4092	342	0	0.0000	0	0.0000	0	0.0000
group_4094	936	27623	29.5118	190	122.8939	95	122.8939
hemL	1245	64891	52.1213	437	212.5028	218	212.0165
group_4098	2298	27892	12.1375	187	49.2656	93	49.0022
group_4100	1047	36512	34.8730	244	141.0898	122	141.0898
group_4101	459	13200	28.7582	92	121.3466	46	121.3466
group_16602	1059	525	0.4958	4	2.2867	2	2.2867
group_16603	690	0	0.0000	0	0.0000	0	0.0000
group_4106	873	3566	4.0848	24	16.6437	12	16.6437
group_4107	282	3091	10.9610	22	47.2309	11	47.2309
group_4110	240	0	0.0000	0	0.0000	0	0.0000
group_4111	291	0	0.0000	0	0.0000	0	0.0000
group_4113	399	1264	3.1679	9	13.6560	4	12.1386
group_4117	426	2843	6.6737	19	27.0020	9	25.5809
dndE	426	13854	32.5211	98	139.2737	49	139.2737
group_4118	783	14186	18.1175	98	75.7734	49	75.7734
group_4125	855	9341	10.9251	66	46.7337	33	46.7337
group_4126	1359	0	0.0000	0	0.0000	0	0.0000
group_4128	261	1405	5.3831	11	25.5155	5	23.1959
group_4131	1254	24984	19.9234	168	81.1081	84	81.1081
group_4132	411	0	0.0000	0	0.0000	0	0.0000
group_4134	999	7925	7.9329	53	32.1191	26	31.5130
group_4136	357	5526	15.4790	39	66.1377	19	64.4418
group_4140	279	2080	7.4552	14	30.3792	7	30.3792
group_4142	768	8193	10.6680	55	43.3565	27	42.5682
group_4143	147	0	0.0000	0	0.0000	0	0.0000
group_4144	1092	1963	1.7976	13	7.2073	6	6.6529
group_4145	3195	905	0.2833	6	1.1369	3	1.1369
group_4149	4977	87686	17.6182	586	71.2824	293	71.2824
group_4150	210	1305	6.2143	9	25.9463	4	23.0634
group_4153	1113	27857	25.0288	189	102.8062	94	102.2622
group_4154	507	12395	24.4477	86	102.6935	43	102.6935
group_4156	1068	604	0.5655	4	2.2675	2	2.2675
group_4157	396	1151	2.9066	8	12.2306	4	12.2306
yobN	1386	62789	45.3023	428	186.9533	214	186.9533
group_4160	552	3238	5.8659	24	26.3224	12	26.3224
group_4161	252	271	1.0754	2	4.8049	1	4.8049
group_4162	219	437	1.9954	4	11.0578	2	11.0578
group_4163	618	2950	4.7735	22	21.5520	11	21.5520
group_4164	198	215	1.0859	2	6.1153	1	6.1153
group_4165	993	1756	1.7684	13	7.9259	6	7.3162
group_4166	399	151	0.3784	1	1.5173	0	0.0000
group_4168	969	9959	10.2776	69	43.1100	34	42.4852
group_4172	288	5256	18.2500	38	79.8810	19	79.8810
group_4173	264	823	3.1174	6	13.7594	3	13.7594
group_4177	387	606	1.5659	4	6.2575	2	6.2575
group_4178	456	12573	27.5724	89	118.1620	44	116.8343
group_4184	507	22204	43.7949	151	180.3107	75	179.1166
group_4185	1539	541	0.3515	4	1.5735	2	1.5735
group_4186	273	2921	10.6996	21	46.5703	10	44.3527
group_4187	213	267	1.2535	3	8.5270	1	5.6846
group_4189	204	0	0.0000	0	0.0000	0	0.0000
group_4192	342	7516	21.9766	52	92.0513	26	92.0513
group_4196	285	674	2.3649	5	10.6213	2	8.4970
group_4199	1500	3059	2.0393	20	8.0722	10	8.0722
group_4201	198	1488	7.5152	11	33.6341	5	30.5765
group_4202	246	906	3.6829	6	14.7662	3	14.7662
group_4205	618	2549	4.1246	17	16.6538	8	15.6742
group_4212	198	0	0.0000	0	0.0000	0	0.0000
group_4215	240	2521	10.5042	17	42.8835	8	40.3609
group_4216	300	1340	4.4667	9	18.1624	4	16.1444
group_4217	321	4014	12.5047	27	50.9227	13	49.0367
group_4223	1257	13757	10.9443	93	44.7920	46	44.3103
group_4225	876	3398	3.8790	23	15.8956	11	15.2045
group_4226	672	3325	4.9479	23	20.7210	11	19.8201
group_4230	576	10691	18.5608	73	76.7278	36	75.6768
group_4233	1557	1048	0.6731	8	3.1107	4	3.1107
dapA	903	48466	53.6722	334	223.9295	167	223.9295
group_4235	111	0	0.0000	0	0.0000	0	0.0000
group_4237	405	13825	34.1358	96	143.5056	48	143.5056
group_4239	453	0	0.0000	0	0.0000	0	0.0000
group_4240	489	5054	10.3354	36	44.5704	18	44.5704
csx18	279	0	0.0000	0	0.0000	0	0.0000
group_17170	822	2431	2.9574	17	12.5207	8	11.7842
group_4243	1410	2718	1.9277	18	7.7287	9	7.7287
group_4245	267	247	0.9251	2	4.5349	1	4.5349
group_4246	579	2172	3.7513	17	17.7755	8	16.7299
group_4248	609	478	0.7849	4	3.9764	2	3.9764
group_4250	207	0	0.0000	0	0.0000	0	0.0000
group_4251	1641	3653	2.2261	25	9.2232	12	8.8543
group_4252	1389	0	0.0000	0	0.0000	0	0.0000
group_4253	1440	0	0.0000	0	0.0000	0	0.0000
group_4255	801	25491	31.8240	171	129.2457	85	128.4899
group_4257	1056	39352	37.2652	263	150.7802	131	150.2069
group_4259	696	604	0.8678	4	3.4794	2	3.4794
group_4260	285	151	0.5298	1	2.1243	0	0.0000
ruvA	630	31226	49.5651	216	207.5706	108	207.5706
group_4272	1044	20589	19.7213	136	78.8662	68	78.8662
group_4269	474	0	0.0000	0	0.0000	0	0.0000
group_4270	399	10866	27.2331	78	118.3516	39	118.3516
group_4271	330	201	0.6091	2	3.6692	1	3.6692
group_4275	717	245	0.3417	2	1.6887	1	1.6887
group_4278	1497	8428	5.6299	56	22.6474	28	22.6474
group_4279	504	3393	6.7321	24	28.8292	12	28.8292
group_4281	201	450	2.2388	3	9.0360	1	6.0240
group_4282	1893	453	0.2393	3	0.9595	1	0.6396
group_4283	1866	15140	8.1136	102	33.0934	51	33.0934
group_4284	429	7301	17.0186	53	74.7948	26	73.3835
group_4286	798	1235	1.5476	9	6.8280	4	6.0693
group_4287	1551	11314	7.2946	76	29.6657	38	29.6657
group_4288	1317	31886	24.2111	220	101.1322	110	101.1322
group_4292	522	0	0.0000	0	0.0000	0	0.0000
group_4302	315	184	0.5841	2	3.8439	1	3.8439
group_4303	258	293	1.1357	2	4.6931	1	4.6931
group_4304	174	724	4.1609	6	20.8763	3	20.8763
group_4307	288	151	0.5243	1	2.1021	0	0.0000
group_4308	1179	63850	54.1561	434	222.8581	217	222.8581
group_4313	759	40469	53.3188	280	223.3412	140	223.3412
group_4317	900	46027	51.1411	315	211.8949	157	211.2223
group_4319	354	906	2.5593	6	10.2613	3	10.2613
group_4320	1212	0	0.0000	0	0.0000	0	0.0000
group_4323	744	723	0.9718	5	4.0686	2	3.2549
group_4324	885	791	0.8938	6	4.1045	3	4.1045
group_4326	930	43179	46.4290	289	188.1341	144	187.4831
group_4328	432	1729	4.0023	12	16.8171	6	16.8171
group_4329	474	302	0.6371	2	2.5545	1	2.5545
group_4331	291	0	0.0000	0	0.0000	0	0.0000
group_4334	201	1162	5.7811	8	24.0961	4	24.0961
group_4338	192	453	2.3594	3	9.4596	1	6.3064
group_4341	2682	13228	4.9321	85	19.1872	42	18.9615
group_4349	564	2493	4.4202	17	18.2483	8	17.1749
group_4350	1548	3474	2.2442	23	8.9952	11	8.6041
group_4358	276	231	0.8370	2	4.3871	1	4.3871
group_4361	375	151	0.4027	1	1.6144	0	0.0000
group_4362	3354	634	0.1890	6	1.0830	3	1.0830
group_4364	1176	0	0.0000	0	0.0000	0	0.0000
group_4366	471	1069	2.2696	9	11.5684	4	10.2830
group_4368	1119	1181	1.0554	8	4.3283	4	4.3283
group_4369	495	5166	10.4364	36	44.0301	18	44.0301
group_4371	693	8848	12.7677	61	53.2904	30	52.4168
group_4372	1656	31408	18.9662	213	77.8703	106	77.5047
group_4373	1764	3012	1.7075	20	6.8641	10	6.8641
group_4375	417	0	0.0000	0	0.0000	0	0.0000
group_4377	429	0	0.0000	0	0.0000	0	0.0000
group_4378	219	6571	30.0046	47	129.9291	23	127.1646
comEA	723	33073	45.7441	224	187.5695	112	187.5695
ygcG	684	30310	44.3129	210	185.8728	105	185.8728
group_4380	612	1668	2.7255	12	11.8709	6	11.8709
ispD	750	35188	46.9173	237	191.3109	118	190.5036
group_4381	684	26431	38.6418	183	161.9748	91	161.0897
group_4382	198	413	2.0859	5	15.2882	2	12.2306
group_4383	741	29950	40.4184	187	152.7833	93	151.9663
group_4386	154	0	0.0000	0	0.0000	0	0.0000
group_4387	717	22085	30.8020	153	129.1888	76	128.3444
group_4388	240	4057	16.9042	28	70.6316	14	70.6316
group_4391	201	0	0.0000	0	0.0000	0	0.0000
group_4392	672	871	1.2961	6	5.4055	3	5.4055
group_4393	606	810	1.3366	6	5.9942	3	5.9942
eRG9	810	37926	46.8222	263	196.5727	131	195.8253
group_4394	195	151	0.7744	1	3.1047	0	0.0000
group_4396	753	302	0.4011	2	1.6080	1	1.6080
sir	1938	105444	54.4087	717	223.9845	358	223.6721
group_4399	660	27272	41.3212	190	174.2859	95	174.2859
group_4400	660	27211	41.2288	186	170.6167	93	170.6167
group_4401	672	19254	28.6518	130	117.1188	65	117.1188
group_4405	258	2274	8.8140	15	35.1985	7	32.8519
rpoE	657	39874	60.6910	275	253.4077	137	252.4863
group_4406	432	1652	3.8241	11	15.4156	5	14.0142
group_4409	678	2558	3.7729	17	15.1800	8	14.2871
group_4410	660	30814	46.6879	210	192.6318	105	192.6318
group_4411	267	151	0.5655	1	2.2675	0	0.0000
group_19144	651	3009	4.6221	21	19.5295	10	18.5995
group_4412	375	6466	17.2427	48	77.4930	24	77.4930
group_4413	882	3625	4.1100	25	17.1603	12	16.4739
group_4415	666	302	0.4535	2	1.8181	1	1.8181
group_4417	336	0	0.0000	0	0.0000	0	0.0000
group_4418	654	0	0.0000	0	0.0000	0	0.0000
birA2	909	15165	16.6832	101	67.2682	50	66.6022
group_4419	645	24260	37.6124	166	155.8120	83	155.8120
group_4420	624	33448	53.6026	232	225.0899	116	225.0899
group_4422	486	18537	38.1420	132	164.4335	66	164.4335
group_4423	669	28972	43.3064	196	177.3710	98	177.3710
group_4424	693	29384	42.4012	203	177.3435	101	176.4699
trpF	711	37234	52.3685	255	217.1316	127	216.2802
group_4425	363	9845	27.1212	69	115.0787	34	113.4109
tolQ	639	27817	43.5321	197	186.6457	98	185.6982
group_4427	594	6113	10.2912	41	41.7878	20	40.7686
cobH	639	27552	43.1174	192	181.9085	96	181.9085
group_4428	336	2941	8.7530	19	34.2347	9	32.4329
group_4430	882	43047	48.8061	294	201.8047	147	201.8047
group_4431	801	40604	50.6916	278	210.1188	139	210.1188
tsaC	588	31051	52.8078	214	220.3378	107	220.3378
group_4435	396	248	0.6263	2	3.0576	1	3.0576
cyoC	624	27619	44.2612	190	184.3408	95	184.3408
group_4437	1977	0	0.0000	0	0.0000	0	0.0000
group_4438	636	658	1.0346	5	4.7595	2	3.8076
group_4439	306	1165	3.8072	8	15.8278	4	15.8278
nusG	618	32275	52.2249	228	223.3567	114	223.3567
rplA	717	34599	48.2552	240	202.6491	120	202.6491
tAP	807	40617	50.3309	279	209.3067	139	208.5565
group_4443	330	3232	9.7939	23	42.1955	11	40.3609
group_4444	210	242	1.1524	2	5.7658	1	5.7658
group_4445	165	151	0.9152	1	3.6692	0	0.0000
group_4446	909	1573	1.7305	11	7.3262	5	6.6602
group_4448	576	2235	3.8802	15	15.7660	7	14.7149
group_4452	657	6328	9.6317	44	40.5452	22	40.5452
group_4451	765	25223	32.9712	175	138.4934	87	137.7020
group_4459	1296	70085	54.0779	470	219.5560	235	219.5560
group_4460	255	7010	27.4902	48	113.9603	24	113.9603
group_4462	225	1239	5.5067	10	26.9073	5	26.9073
group_4466	363	17445	48.0579	125	208.4759	62	206.8081
group_4467	426	1698	3.9859	12	17.0539	6	17.0539
group_4468	591	13837	23.4129	97	99.3658	48	98.3414
group_4472	123	0	0.0000	0	0.0000	0	0.0000
group_4474	1212	2666	2.1997	18	8.9913	9	8.9913
group_4476	597	1963	3.2881	13	13.1832	6	12.1691
group_4477	627	28061	44.7544	197	190.2178	98	189.2523
group_4480	585	1664	2.8444	12	12.4188	6	12.4188
group_4482	432	660	1.5278	5	7.0071	2	5.6057
group_4483	588	22653	38.5255	160	164.7385	80	164.7385
gcvH	396	11226	28.3485	82	125.3635	41	125.3635
group_4484	576	5381	9.3420	38	39.9405	19	39.9405
def	576	31020	53.8542	222	233.3367	111	233.3367
group_4485	1185	7382	6.2295	52	26.5667	26	26.5667
group_4486	453	377	0.8322	3	4.0094	1	2.6729
group_4490	171	1402	8.1988	11	38.9448	5	35.4043
group_4491	591	755	1.2775	5	5.1219	2	4.0976
group_4494	321	6142	19.1340	46	86.7572	23	86.7572
group_4495	567	26381	46.5273	188	200.7370	94	200.7370
group_4496	657	0	0.0000	0	0.0000	0	0.0000
efp	558	28440	50.9677	203	220.2492	101	219.1643
group_4497	114	413	3.6228	4	21.2426	2	21.2426
group_4498	528	21755	41.2027	151	173.1393	75	171.9926
group_4499	243	2063	8.4897	15	37.3712	7	34.8798
group_4500	276	151	0.5471	1	2.1935	0	0.0000
group_4502	192	735	3.8281	6	18.9192	3	18.9192
group_4503	213	0	0.0000	0	0.0000	0	0.0000
group_4504	419	13611	32.4845	98	141.6004	49	141.6004
group_4507	375	2272	6.0587	17	27.4454	8	25.8310
labA	552	29479	53.4040	207	227.0303	103	225.9335
group_4508	1224	35021	28.6119	236	116.7302	118	116.7302
rsbW	444	11725	26.4077	84	114.5378	42	114.5378
group_4509	465	1210	2.6022	8	10.4157	4	10.4157
group_4511	582	24778	42.5739	171	177.8794	85	176.8392
frr	549	26422	48.1275	182	200.7019	91	200.7019
atpH	549	23418	42.6557	169	186.3661	84	185.2633
motB	777	28915	37.2136	179	139.4712	89	138.6920
group_4516	408	8139	19.9485	57	84.5799	28	83.0961
group_4518	861	6438	7.4774	44	30.9387	22	30.9387
ssuE	543	302	0.5562	2	2.2299	1	2.2299
mutT	546	24734	45.3004	174	192.9342	87	192.9342
group_4519	549	304	0.5537	2	2.2055	1	2.2055
group_4520	2856	52567	18.4058	356	75.4648	178	75.4648
group_4521	549	26214	47.7486	182	200.7019	91	200.7019
group_4522	264	5454	20.6591	39	89.4362	19	87.1429
group_4523	1239	68222	55.0621	461	225.2590	230	224.7704
group_4524	666	2231	3.3498	16	14.5445	8	14.5445
fHA	2253	40832	18.1234	272	73.0904	136	73.0904
ripB	528	1035	1.9602	7	8.0263	3	6.8797
group_14743	1026	1208	1.1774	8	4.7206	4	4.7206
group_4535	570	610	1.0702	4	4.2485	2	4.2485
yhbS	516	24082	46.6705	169	198.2849	84	197.1116
rpoB	3471	192187	55.3693	1285	224.1306	642	223.9561
nrdR	516	22361	43.3353	163	191.2452	81	190.0719
rplL	396	14574	36.8030	107	163.5841	53	162.0553
ygiM	522	17778	34.0575	127	147.2942	63	146.1344
group_4537	531	21639	40.7514	150	171.0209	75	171.0209
ycf36	513	23133	45.0936	161	190.0033	80	188.8231
group_4540	771	0	0.0000	0	0.0000	0	0.0000
group_4541	504	7487	14.8552	51	61.2621	25	60.0609
group_4542	663	2775	4.1855	19	17.3497	9	16.4366
group_4543	255	5325	20.8824	36	85.4702	18	85.4702
group_4544	465	9291	19.9806	64	83.3258	32	83.3258
group_4551	498	27978	56.1807	198	240.7068	99	240.7068
group_4552	498	1050	2.1084	7	8.5098	3	7.2941
group_4553	2034	32065	15.7645	221	65.7800	110	65.4824
group_4555	2538	9745	3.8396	66	15.7436	33	15.7436
group_4556	342	3844	11.2398	26	46.0256	13	46.0256
group_4559	1434	44165	30.7985	297	125.3891	148	124.9669
dnaJ	495	22816	46.0929	160	195.6894	80	195.6894
arsS	1353	58747	43.4198	389	174.0622	194	173.6147
group_4563	1290	10461	8.1093	61	28.6281	30	28.1588
allA	504	13079	25.9504	88	105.7072	44	105.7072
group_4566	486	6359	13.0844	46	57.3026	23	57.3026
group_4567	489	3879	7.9325	26	32.1897	13	32.1897
psaL	483	14823	30.6894	107	134.1187	53	132.8652
pgk	1221	41840	34.2670	281	139.3295	140	138.8337
group_4568	132	0	0.0000	0	0.0000	0	0.0000
psaM	93	121	1.3011	2	13.0197	1	13.0197
group_4569	142	198	1.3944	2	8.5270	1	8.5270
group_4570	1092	0	0.0000	0	0.0000	0	0.0000
group_4572	567	3426	6.0423	23	24.5582	11	23.4905
group_4573	477	0	0.0000	0	0.0000	0	0.0000
group_4576	534	24404	45.7004	170	192.7348	85	192.7348
group_4575	276	5555	20.1268	41	89.9347	20	87.7412
group_4577	369	845	2.2900	6	9.8441	3	9.8441
tspO	471	21856	46.4034	154	197.9486	77	197.9486
group_4580	1134	1547	1.3642	10	5.3387	5	5.3387
group_4581	465	19631	42.2172	142	184.8792	71	184.8792
group_4582	519	24775	47.7360	170	198.3052	85	198.3052
group_4584	264	643	2.4356	5	11.4662	2	9.1729
group_4586	798	40741	51.0539	285	216.2193	142	215.4607
group_4587	462	19406	42.0043	135	176.9067	67	175.5963
group_4588	171	0	0.0000	0	0.0000	0	0.0000
group_4589	294	11006	37.4354	78	160.6201	39	160.6201
group_4590	133	391	2.9398	4	18.2079	2	18.2079
rplI	459	20614	44.9107	143	188.6149	71	187.2959
xth	804	43530	54.1418	304	228.9128	152	228.9128
group_15047	717	0	0.0000	0	0.0000	0	0.0000
group_15048	1002	0	0.0000	0	0.0000	0	0.0000
group_4594	687	14911	21.7045	103	90.7681	51	89.8868
group_4598	192	1194	6.2188	9	28.3788	4	25.2256
group_4600	489	17858	36.5194	124	153.5201	62	153.5201
group_4602	441	7549	17.1179	53	72.7595	26	71.3867
group_4605	261	420	1.6092	3	6.9588	1	4.6392
group_4606	435	8602	19.7747	57	79.3301	28	77.9384
group_4607	435	1919	4.4115	14	19.4846	7	19.4846
group_4609	99	198	2.0000	2	12.2306	1	12.2306
group_15904	2748	902	0.3282	6	1.3219	3	1.3219
group_4610	429	19658	45.8228	137	193.3374	68	191.9262
group_4613	423	16896	39.9433	118	168.8862	59	168.8862
group_4612	924	2614	2.8290	18	11.7938	9	11.7938
group_4614	420	275	0.6548	2	2.8829	1	2.8829
carA	1149	53242	46.3377	365	192.3204	182	191.7935
mrnC	417	18399	44.1223	129	187.2864	64	185.8346
group_4615	447	0	0.0000	0	0.0000	0	0.0000
sdhB	987	55839	56.5745	378	231.8607	189	231.8607
fer	408	14386	35.2598	102	151.3535	51	151.3535
ytfP	519	13303	25.6320	91	106.1516	45	104.9851
group_4617	180	0	0.0000	0	0.0000	0	0.0000
psbU	408	604	1.4804	4	5.9354	2	5.9354
fbt	1440	82205	57.0868	559	235.0184	279	234.5980
rsfS	405	16307	40.2642	115	171.9077	57	170.4129
group_4621	1569	93191	59.3952	630	243.0917	315	243.0917
group_4627	399	4648	11.6491	34	51.5892	17	51.5892
group_4628	654	11168	17.0765	81	74.9825	40	74.0568
group_4630	399	6457	16.1830	46	69.7971	23	69.7971
group_4631	381	603	1.5827	4	6.3561	2	6.3561
yidH	399	7342	18.4010	49	74.3491	24	72.8318
group_4634	1137	7021	6.1750	49	26.0908	24	25.5584
aroH	402	11791	29.3308	88	132.5285	44	132.5285
sppA	822	42902	52.1922	293	215.7985	146	215.0620
group_4636	351	2763	7.8718	17	29.3221	8	27.5972
group_4637	489	19376	39.6237	131	162.1866	65	160.9485
yvlD	366	3725	10.1776	26	43.0076	13	43.0076
group_4639	390	15432	39.5692	111	172.3102	55	170.7578
group_4640	474	18106	38.1983	126	160.9329	63	160.9329
eno	1299	78036	60.0739	528	246.0806	264	246.0806
group_4643	435	4767	10.9586	34	47.3197	17	47.3197
group_4644	249	302	1.2129	2	4.8628	1	4.8628
group_4646	387	2182	5.6382	15	23.4657	7	21.9013
group_4647	387	0	0.0000	0	0.0000	0	0.0000
group_4649	4095	1794	0.4381	12	1.7741	6	1.7741
group_4650	1236	67591	54.6853	459	224.8261	229	224.3363
group_4652	441	24173	54.8141	175	240.2437	87	238.8709
group_19135	381	3845	10.0919	26	41.3143	13	41.3143
group_19136	2196	8758	3.9882	58	15.9900	29	15.9900
group_4653	1695	5669	3.3445	35	12.5012	17	12.1440
zds	1461	80973	55.4230	550	227.9109	275	227.9109
group_4656	726	302	0.4160	2	1.6678	1	1.6678
group_4657	375	0	0.0000	0	0.0000	0	0.0000
group_4658	1323	18502	13.9849	126	57.6585	63	57.6585
group_4659	990	725	0.7323	5	3.0576	2	2.4461
group_4661	210	521	2.4810	4	11.5317	2	11.5317
group_4662	240	147	0.6125	1	2.5226	0	0.0000
group_4664	879	10067	11.4528	67	46.1465	33	45.4577
group_4665	390	449	1.1513	3	4.6570	1	3.1047
group_4666	1059	6652	6.2814	45	25.7258	22	25.1541
group_15051	1146	0	0.0000	0	0.0000	0	0.0000
murQ	921	31682	34.3996	216	141.9864	108	141.9864
group_4668	411	11078	26.9538	83	122.2612	41	120.7882
group_4669	792	0	0.0000	0	0.0000	0	0.0000
group_4671	363	4264	11.7466	36	60.0411	18	60.0411
group_4672	369	2533	6.8645	19	31.1731	9	29.5324
group_4673	747	9206	12.3240	63	51.0590	31	50.2486
group_4674	357	302	0.8459	2	3.3917	1	3.3917
group_4676	1179	46461	39.4071	312	160.2114	156	160.2114
hypB	717	31117	43.3989	218	184.0729	109	184.0729
group_4679	372	6296	16.9247	43	69.9807	21	68.3532
group_4682	150	0	0.0000	0	0.0000	0	0.0000
group_4683	930	604	0.6495	4	2.6039	2	2.6039
group_4685	1089	906	0.8320	6	3.3356	3	3.3356
group_4687	282	7465	26.4716	52	111.6366	26	111.6366
group_4689	258	151	0.5853	1	2.3466	0	0.0000
group_4690	282	0	0.0000	0	0.0000	0	0.0000
group_4691	342	2338	6.8363	17	30.0937	8	28.3235
group_4693	27483	74562	2.7130	492	10.8381	246	10.8381
group_4695	336	2190	6.5179	15	27.0274	7	25.2256
psbA	1101	10767	9.7793	71	39.0412	35	38.4914
group_14705	1113	0	0.0000	0	0.0000	0	0.0000
group_4697	399	2892	7.2481	22	33.3812	11	33.3812
group_4700	222	4206	18.9459	30	81.8127	15	81.8127
group_4701	1179	0	0.0000	0	0.0000	0	0.0000
group_4702	492	7854	15.9634	53	65.2174	26	63.9869
pglZ	2532	25168	9.9400	171	40.8870	85	40.6479
spoIIAA	327	11816	36.1346	82	151.8164	41	151.8164
group_4704	174	0	0.0000	0	0.0000	0	0.0000
group_4705	327	1425	4.3578	11	20.3656	5	18.5142
petJ	321	13400	41.7445	98	184.8305	49	184.8305
metG	1653	88361	53.4549	590	216.0885	295	216.0885
lepA	1812	94629	52.2235	636	212.4963	318	212.4963
group_4707	405	4575	11.2963	30	44.8455	15	44.8455
group_4708	519	1649	3.1773	11	12.8315	5	11.6650
group_4710	318	755	2.3742	5	9.5191	2	7.6153
group_4713	156	200	1.2821	2	7.7617	1	7.7617
group_4715	285	1802	6.3228	14	29.7396	7	29.7396
group_4717	105	0	0.0000	0	0.0000	0	0.0000
group_4719	312	1892	6.0641	15	29.1064	7	27.1660
group_4720	309	6362	20.5890	46	90.1264	23	90.1264
group_4723	966	2308	2.3892	15	9.4008	7	8.7741
group_4724	303	1474	4.8647	12	23.9768	6	23.9768
group_4726	300	302	1.0067	2	4.0361	1	4.0361
group_4727	288	453	1.5729	3	6.3064	1	4.2043
pntA	1149	65713	57.1915	447	235.5266	223	234.9997
group_4728	246	1394	5.6667	10	24.6103	5	24.6103
group_4729	360	0	0.0000	0	0.0000	0	0.0000
group_4730	759	4757	6.2675	33	26.3224	16	25.5247
group_4734	282	6924	24.5532	48	103.0492	24	103.0492
group_4735	726	35136	48.3967	241	200.9708	120	200.1369
group_4736	393	9358	23.8117	63	97.0511	31	95.5106
kaiB	291	8086	27.7869	56	116.5058	28	116.5058
group_4738	957	49277	51.4911	334	211.2940	167	211.2940
group_4741	6030	7415	1.2297	51	5.1204	25	5.0200
group_4746	285	0	0.0000	0	0.0000	0	0.0000
group_4747	1296	217	0.1674	2	0.9343	1	0.9343
group_4748	1188	80682	67.9141	540	275.1882	270	275.1882
group_4751	2550	73425	28.7941	493	117.0467	246	116.8093
mod	3882	30629	7.8900	197	30.7230	98	30.5670
group_4752	318	1715	5.3931	12	22.8458	6	22.8458
group_4753	255	0	0.0000	0	0.0000	0	0.0000
group_4754	915	9658	10.5552	66	43.6692	33	43.6692
group_4756	735	0	0.0000	0	0.0000	0	0.0000
lpdA	1431	80762	56.4375	553	233.9581	276	233.5350
rpmA	270	9759	36.1444	71	159.2015	35	156.9592
group_4759	705	15068	21.3730	102	87.5918	51	87.5918
group_4761	534	1547	2.8970	11	12.4711	5	11.3373
group_4762	267	9918	37.1461	72	163.2577	36	163.2577
group_4764	996	15338	15.3996	106	64.4316	53	64.4316
group_4765	267	1456	5.4532	11	24.9422	5	22.6747
cofG	888	48385	54.4876	332	226.3485	166	226.3485
group_4768	264	9576	36.2727	70	160.5265	35	160.5265
group_4770	291	2535	8.7113	17	35.3678	8	33.2874
cRR7	258	7679	29.7636	56	131.4077	28	131.4077
group_4774	255	6780	26.5882	50	118.7087	25	118.7087
group_4776	291	0	0.0000	0	0.0000	0	0.0000
group_4777	876	1305	1.4897	9	6.2200	4	5.5289
group_4778	255	906	3.5529	6	14.2450	3	14.2450
group_4779	261	4385	16.8008	33	76.5466	16	74.2270
group_4781	444	2195	4.9437	15	20.4532	7	19.0896
group_4783	693	1920	2.7706	14	12.2306	7	12.2306
ibaG	252	7252	28.7778	53	127.3292	26	124.9267
group_4788	222	3047	13.7252	23	62.7231	11	59.9960
group_4790	252	5383	21.3611	37	88.8902	18	86.4877
group_4791	336	2878	8.5655	20	36.0366	10	36.0366
group_4792	729	1570	2.1536	10	8.3047	5	8.3047
cobO	606	28258	46.6304	198	197.8086	99	197.8086
group_4793	180	186	1.0333	2	6.7268	1	6.7268
group_4794	207	799	3.8599	6	17.5482	3	17.5482
group_4795	255	151	0.5922	1	2.3742	0	0.0000
group_4797	294	0	0.0000	0	0.0000	0	0.0000
group_4799	468	0	0.0000	0	0.0000	0	0.0000
group_4800	2322	3322	1.4307	22	5.7361	11	5.7361
group_4801	240	755	3.1458	5	12.6128	2	10.0902
group_4803	306	0	0.0000	0	0.0000	0	0.0000
group_4804	243	2567	10.5638	17	42.3541	8	39.8627
group_4805	243	613	2.5226	5	12.4571	2	9.9657
group_4806	1974	6134	3.1074	42	12.8812	21	12.8812
group_4810	240	830	3.4583	6	15.1354	3	15.1354
tilS	1128	43275	38.3644	293	157.2574	146	156.7207
rpmB	237	5588	23.5781	39	99.6251	19	97.0706
batB	1224	69245	56.5727	468	231.4819	234	231.4819
group_4816	237	2421	10.2152	20	51.0898	10	51.0898
spoU	849	30768	36.2403	208	148.3229	104	148.3229
group_4817	978	50572	51.7096	350	216.6615	175	216.6615
group_4818	777	583	0.7503	4	3.1167	2	3.1167
group_4820	210	0	0.0000	0	0.0000	0	0.0000
group_4821	339	422	1.2448	3	5.3576	1	3.5718
group_4822	330	5385	16.3182	37	67.8798	18	66.0452
group_4823	273	4430	16.2271	30	66.5290	15	66.5290
group_4824	378	2642	6.9894	19	30.4309	9	28.8292
group_4825	342	2871	8.3947	21	37.1746	10	35.4043
group_4826	123	202	1.6423	2	9.8441	1	9.8441
group_4827	234	2465	10.5342	18	46.5703	9	46.5703
znuB	906	8402	9.2737	56	37.4207	28	37.4207
group_4829	318	141	0.4434	1	1.9038	0	0.0000
group_4830	624	996	1.5962	7	6.7915	3	5.8213
group_4831	225	1380	6.1333	10	26.9073	5	26.9073
group_4832	1071	491	0.4585	2	1.1306	1	1.1306
cobS	885	15782	17.8328	106	72.5129	53	72.5129
group_4836	1110	30616	27.5820	207	112.9016	103	112.3561
group_4837	444	790	1.7793	6	8.1813	3	8.1813
atpG	948	59959	63.2479	408	260.5580	204	260.5580
group_4840	795	7597	9.5560	53	40.3609	26	39.5994
group_4841	1485	91140	61.3737	614	250.3194	307	250.3194
group_4842	219	592	2.7032	4	11.0578	2	11.0578
group_4844	309	2318	7.5016	16	31.3483	8	31.3483
group_4848	282	486	1.7234	4	8.5874	2	8.5874
group_14925	192	0	0.0000	0	0.0000	0	0.0000
group_4849	213	455	2.1362	3	8.5270	1	5.6846
group_4851	1134	25977	22.9074	176	93.9620	88	93.9620
group_4852	210	746	3.5524	5	14.4146	2	11.5317
group_4853	714	2250	3.1513	14	11.8709	7	11.8709
group_4854	228	3843	16.8553	26	69.0385	13	69.0385
group_4855	270	151	0.5593	1	2.2423	0	0.0000
group_4857	264	3145	11.9129	24	55.0376	12	55.0376
group_4859	543	2068	3.8085	13	14.4943	6	13.3793
group_4861	1413	2052	1.4522	14	5.9984	7	5.9984
cbiD	1182	36400	30.7953	247	126.5121	123	125.9999
group_4862	420	20494	48.7952	147	211.8949	73	210.4535
leuB	1104	51453	46.6060	350	191.9338	175	191.9338
group_4864	438	453	1.0342	3	4.1467	1	2.7644
group_4865	987	5074	5.1408	35	21.4686	17	20.8552
group_4867	468	7830	16.7308	51	65.9746	25	64.6810
group_4869	3348	3665	1.0947	25	4.5207	12	4.3399
group_4871	852	24751	29.0505	171	121.5092	85	120.7986
group_4872	237	5584	23.5612	41	104.7341	20	102.1796
group_4873	201	728	3.6219	5	15.0601	2	12.0480
group_4875	198	1533	7.7424	11	33.6341	5	30.5765
group_4877	384	567	1.4766	4	6.3064	2	6.3064
group_4878	1725	0	0.0000	0	0.0000	0	0.0000
group_4880	210	0	0.0000	0	0.0000	0	0.0000
group_4881	243	1837	7.5597	13	32.3884	6	29.8970
group_4882	534	2599	4.8670	19	21.5410	9	20.4072
group_4884	339	3217	9.4897	24	42.8612	12	42.8612
group_19146	417	0	0.0000	0	0.0000	0	0.0000
group_18947	456	8626	18.9167	61	80.9874	30	79.6598
group_4886	237	0	0.0000	0	0.0000	0	0.0000
group_4888	189	1515	8.0159	11	35.2357	5	32.0325
group_4889	537	5517	10.2737	38	42.8412	19	42.8412
group_4893	189	416	2.2011	4	12.8130	2	12.8130
group_4894	600	813	1.3550	6	6.0541	3	6.0541
group_4895	663	4346	6.5551	30	27.3943	15	27.3943
group_4896	792	1264	1.5960	9	6.8797	4	6.1153
group_4899	915	2441	2.6678	17	11.2481	8	10.5865
group_4900	1683	46814	27.8158	317	114.0323	158	113.6725
group_4903	175	596	3.4057	4	13.8380	2	13.8380
group_4904	669	35109	52.4798	243	219.9038	121	218.9988
group_4905	192	653	3.4010	6	18.9192	3	18.9192
group_4908	636	27413	43.1022	187	178.0070	93	177.0551
group_4910	360	1359	3.7750	9	15.1354	4	13.4536
group_4911	663	10035	15.1357	66	60.2675	33	60.2675
glcD	1287	74993	58.2696	512	240.8485	256	240.8485
wecB	1122	10905	9.7193	76	41.0084	38	41.0084
group_4914	340	13842	40.7118	93	165.5986	46	163.8179
group_4915	852	41143	48.2899	281	199.6730	140	198.9624
group_4917	165	148	0.8970	2	7.3384	1	7.3384
ureE	477	18694	39.1908	130	164.9976	65	164.9976
group_4919	204	1477	7.2402	12	35.6126	6	35.6126
cobD	1116	65228	58.4480	442	239.7787	221	239.7787
group_4922	210	755	3.5952	5	14.4146	2	11.5317
group_4924	447	10235	22.8971	72	97.5164	36	97.5164
group_4925	213	1708	8.0188	16	45.4771	8	45.4771
group_4927	1635	1864	1.1401	13	4.8137	6	4.4434
group_4928	129	0	0.0000	0	0.0000	0	0.0000
group_4930	8724	199710	22.8920	1331	92.3666	665	92.2972
group_4931	759	4992	6.5771	35	27.9176	17	27.1200
recF	1350	59739	44.2511	404	181.1758	202	181.1758
group_4933	150	0	0.0000	0	0.0000	0	0.0000
group_4936	297	0	0.0000	0	0.0000	0	0.0000
group_4939	222	1973	8.8874	15	40.9064	7	38.1793
group_4942	141	0	0.0000	0	0.0000	0	0.0000
group_4946	81	0	0.0000	0	0.0000	0	0.0000
group_4948	135	0	0.0000	0	0.0000	0	0.0000
group_4950	1686	12208	7.2408	82	29.4448	41	29.4448
psbJ	120	0	0.0000	0	0.0000	0	0.0000
dapF	909	41630	45.7976	282	187.8182	141	187.8182
bcp	453	10102	22.3002	72	96.2248	36	96.2248
group_4952	3063	52045	16.9915	350	69.1789	175	69.1789
group_4953	2562	20851	8.1386	138	32.6101	69	32.6101
group_4955	132	0	0.0000	0	0.0000	0	0.0000
group_4956	147	0	0.0000	0	0.0000	0	0.0000
group_4957	165	615	3.7273	5	18.3459	2	14.6767
group_4958	1278	31191	24.4061	214	101.3761	107	101.3761
group_4960	117	0	0.0000	0	0.0000	0	0.0000
group_4962	5214	19247	3.6914	110	12.7724	55	12.7724
group_4964	1371	755	0.5507	5	2.2079	2	1.7663
lptF	1182	75028	63.4755	507	259.6827	253	259.1705
group_4965	2658	143618	54.0324	857	195.1994	428	194.9716
group_4969	186	151	0.8118	1	3.2549	0	0.0000
group_4970	1365	2630	1.9267	18	7.9835	9	7.9835
group_4972	297	0	0.0000	0	0.0000	0	0.0000
group_4973	360	0	0.0000	0	0.0000	0	0.0000
group_4974	162	0	0.0000	0	0.0000	0	0.0000
group_4979	132	0	0.0000	0	0.0000	0	0.0000
group_4980	2628	2519	0.9585	17	3.9163	8	3.6859
group_4981	2751	2259	0.8212	15	3.3011	7	3.0810
group_4982	132	0	0.0000	0	0.0000	0	0.0000
group_4983	363	1209	3.3306	9	15.0103	4	13.3425
ycf51	558	22557	40.4247	155	168.1706	77	167.0856
group_4984	984	13018	13.2297	88	54.1427	44	54.1427
group_4988	255	576	2.2588	4	9.4967	2	9.4967
group_4989	1305	23823	18.2552	166	77.0105	83	77.0105
group_4991	420	2535	6.0357	17	24.5049	8	23.0634
group_4992	978	9059	9.2628	63	38.9991	31	38.3800
group_4993	90	0	0.0000	0	0.0000	0	0.0000
group_4994	930	13250	14.2473	92	59.8904	46	59.8904
hemB	987	11647	11.8004	78	47.8443	39	47.8443
group_4998	381	6253	16.4121	45	71.5056	22	69.9166
secF	1056	19655	18.6127	132	75.6768	66	75.6768
lldD~~~guaB	1164	906	0.7784	6	3.1207	3	3.1207
group_18867	1242	39635	31.9122	268	130.6369	134	130.6369
panB	768	33731	43.9206	230	181.3089	115	181.3089
group_5002	1047	22656	21.6390	152	87.8920	76	87.8920
group_18876	2157	70498	32.6834	479	134.4429	239	134.1622
group_5003	252	100	0.3968	2	4.8049	1	4.8049
ruvC	486	453	0.9321	3	3.7371	1	2.4914
group_5004	420	903	2.1500	6	8.6488	3	8.6488
group_5005	228	4414	19.3596	32	84.9704	16	84.9704
group_5006	225	675	3.0000	5	13.4536	2	10.7629
group_5007	2331	138428	59.3857	931	241.8020	465	241.5423
group_5008	324	4217	13.0154	28	52.3197	14	52.3197
group_5009	555	19557	35.2378	133	145.0812	66	143.9904
group_5011	1716	17042	9.9312	114	40.2198	57	40.2198
pfkA	1215	37776	31.0914	256	127.5605	128	127.5605
group_5013	2100	16736	7.9695	99	28.5410	49	28.2527
group_5014	204	755	3.7010	5	14.8386	2	11.8709
group_5015	906	41953	46.3057	290	193.7860	145	193.7860
group_5016	309	12393	40.1068	92	180.2527	46	180.2527
group_5017	163	325	1.9939	3	11.1426	1	7.4284
apt	519	24137	46.5067	172	200.6382	86	200.6382
group_5019	225	300	1.3333	2	5.3815	1	5.3815
group_5020	105	0	0.0000	0	0.0000	0	0.0000
nadE	1776	23639	13.3102	158	53.8600	79	53.8600
nadD	567	8991	15.8571	64	68.3360	32	68.3360
uvrB	2016	115993	57.5362	778	233.6370	389	233.6370
group_5024	324	4038	12.4630	28	52.3197	14	52.3197
group_5025	267	4301	16.1086	30	68.0241	15	68.0241
ansA2	954	46104	48.3270	317	201.1701	158	200.5355
group_5027	285	3284	11.5228	22	46.7337	11	46.7337
group_5028	1419	37580	26.4834	254	108.3687	127	108.3687
group_5029	252	861	3.4167	6	14.4146	3	14.4146
hemH	1164	6411	5.5077	44	22.8851	22	22.8851
group_5033	273	4649	17.0293	33	73.1819	16	70.9643
nusB	654	5924	9.0581	40	37.0284	20	37.0284
group_5034	276	2783	10.0833	20	43.8706	10	43.8706
gatA	1452	48315	33.2748	327	136.3433	163	135.9263
group_5035	318	7191	22.6132	53	100.9024	26	98.9985
htpX	849	8111	9.5536	54	38.5069	27	38.5069
group_5036	276	0	0.0000	0	0.0000	0	0.0000
group_5038	249	1771	7.1124	13	31.6080	6	29.1766
group_5039	249	432	1.7349	4	9.7255	2	9.7255
group_5040	222	0	0.0000	0	0.0000	0	0.0000
group_5041	234	1728	7.3846	12	31.0469	6	31.0469
group_5043	354	2031	5.7373	14	23.9429	7	23.9429
group_5044	408	671	1.6446	6	8.9031	3	8.9031
group_5045	492	2643	5.3720	19	23.3798	9	22.1493
group_5046	318	0	0.0000	0	0.0000	0	0.0000
group_5050	933	53047	56.8564	364	236.1959	182	236.1959
mgtA	2781	156668	56.3351	1052	229.0168	526	229.0168
group_5051	243	2051	8.4403	18	44.8455	9	44.8455
group_5052	234	1519	6.4915	11	28.4596	5	25.8724
group_5053	1242	3252	2.6184	23	11.2114	11	10.7239
group_5054	327	5469	16.7248	38	70.3539	19	70.3539
nikD	1626	48461	29.8038	327	121.7530	163	121.3807
group_5057	414	7418	17.9179	51	74.5800	25	73.1176
group_5058	1011	28411	28.1019	194	116.1724	97	116.1724
group_5059	288	3160	10.9722	23	48.3490	11	46.2469
cypX	1332	70664	53.0511	483	219.5308	241	219.0763
alr	1263	61471	48.6706	418	200.3667	209	200.3667
group_5060	2187	118759	54.3022	793	219.5214	396	219.2446
group_5061	711	752	1.0577	5	4.2575	2	3.4060
group_5062	381	2407	6.3176	16	25.4242	8	25.4242
mlaF	786	755	0.9606	5	3.8512	2	3.0810
dps	534	17941	33.5974	126	142.8505	63	142.8505
group_5064	2097	23340	11.1302	264	76.2181	132	76.2181
group_18685	939	7893	8.4058	55	35.4609	27	34.8161
groES	312	5790	18.5577	43	83.4385	21	81.4981
group_5065	186	0	0.0000	0	0.0000	0	0.0000
group_5067	243	1480	6.0905	12	29.8970	6	29.8970
group_5068	1065	24207	22.7296	163	92.6596	81	92.0912
argH	1467	34451	23.4840	234	96.5691	117	96.5691
group_5070	2028	1978	0.9753	14	4.1794	7	4.1794
group_5075	243	147	0.6049	1	2.4914	0	0.0000
group_5076	294	0	0.0000	0	0.0000	0	0.0000
group_5077	588	3696	6.2857	25	25.7404	12	24.7108
group_5079	153	0	0.0000	0	0.0000	0	0.0000
group_5081	2670	152682	57.1843	1024	232.1888	512	232.1888
group_5082	840	42269	50.3202	290	209.0120	145	209.0120
group_5083	1287	8451	6.5664	56	26.3428	28	26.3428
group_5086	573	5792	10.1082	41	43.3193	20	42.2628
group_5084	477	6102	12.7925	42	53.3069	21	53.3069
cHAD	1005	51096	50.8418	344	207.2263	172	207.2263
group_5087	474	5449	11.4958	37	47.2581	18	45.9808
group_5089	861	983	1.1417	10	7.0315	5	7.0315
group_16265	960	604	0.6292	4	2.5226	2	2.5226
group_5093	1044	24201	23.1810	165	95.6833	82	95.1034
group_5099	2043	39765	19.4640	268	79.4180	134	79.4180
group_15434	9771	47786	4.8906	318	19.7034	159	19.7034
group_5100	1047	5392	5.1500	36	20.8165	18	20.8165
group_5101	369	5992	16.2385	43	70.5496	21	68.9089
group_5102	528	3501	6.6307	20	22.9324	10	22.9324
group_5104	372	1963	5.2769	13	21.1569	6	19.5295
group_5105	255	298	1.1686	2	4.7483	1	4.7483
group_5106	144	0	0.0000	0	0.0000	0	0.0000
group_5107	798	7591	9.5125	47	35.6572	23	34.8986
group_5108	1737	8597	4.9493	57	19.8668	28	19.5182
group_5110	816	0	0.0000	0	0.0000	0	0.0000
group_5111	411	3090	7.5182	22	32.4066	11	32.4066
hepA	3123	187301	59.9747	1249	242.1269	624	241.9330
group_5113	840	25748	30.6524	174	125.4072	87	125.4072
speE	1224	52745	43.0923	353	174.6006	176	174.1060
uvrA	2913	177954	61.0896	1189	247.1120	594	246.9042
group_5116	777	30380	39.0991	203	158.1713	101	157.3921
group_5117	879	37299	42.4334	253	174.2546	126	173.5658
group_5118	267	3360	12.5843	24	54.4192	12	54.4192
group_5120	192	429	2.2344	3	9.4596	1	6.3064
group_5121	972	46440	47.7778	311	193.7076	155	193.0848
group_5122	306	3001	9.8072	23	45.5050	11	43.5265
group_5123	621	22412	36.0902	154	150.1349	77	150.1349
group_5125	216	151	0.6991	1	2.8028	0	0.0000
group_5126	117	170	1.4530	2	10.3490	1	10.3490
group_5127	591	10121	17.1252	69	70.6829	34	69.6585
argA	639	23421	36.6526	160	151.5904	80	151.5904
group_5129	684	0	0.0000	0	0.0000	0	0.0000
group_5133	1761	88856	50.4577	594	204.2112	297	204.2112
group_5135	99	176	1.7778	2	12.2306	1	12.2306
group_5136	1212	17774	14.6650	120	59.9420	60	59.9420
group_5139	228	420	1.8421	3	7.9660	1	5.3107
group_5140	258	5696	22.0775	40	93.8627	20	93.8627
group_5146	525	3154	6.0076	21	24.2166	10	23.0634
group_5150	1641	300	0.1828	2	0.7379	1	0.7379
group_5151	2571	47346	18.4154	315	74.1756	157	73.9401
group_5153	219	0	0.0000	0	0.0000	0	0.0000
group_5154	1026	151	0.1472	1	0.5901	0	0.0000
group_5157	309	2280	7.3786	16	31.3483	8	31.3483
group_5159	468	17240	36.8376	121	156.5280	60	155.2344
tsf	756	41137	54.4140	285	228.2315	142	227.4307
group_5160	1122	29496	26.2888	202	108.9961	101	108.9961
group_5162	450	453	1.0067	3	4.0361	1	2.6907
group_5163	675	1947	2.8844	13	11.6598	6	10.7629
group_5165	240	1905	7.9375	14	35.3158	7	35.3158
group_5167	111	299	2.6937	3	16.3625	1	10.9084
group_5170	837	3461	4.1350	25	18.0829	12	17.3595
group_5171	363	5361	14.7686	38	63.3767	19	63.3767
group_5175	441	13127	29.7664	93	127.6724	46	126.2995
pTC1	747	28656	38.3614	198	160.4712	99	160.4712
nuoK~~~ndhE	345	5503	15.9507	38	66.6833	19	66.6833
degQ	1428	68563	48.0133	459	194.5974	229	194.1734
group_5177	213	302	1.4178	2	5.6846	1	5.6846
group_5178	237	818	3.4515	7	17.8814	3	15.3269
group_5180	981	39811	40.5821	270	166.6277	135	166.6277
group_5181	360	4321	12.0028	31	52.1329	15	50.4512
apcECpcD	879	44735	50.8931	306	210.7585	153	210.7585
group_5184	1758	38556	21.9317	258	88.8492	129	88.8492
group_5185	729	8461	11.6063	51	42.3541	25	41.5236
holA	1128	26491	23.4849	179	96.0719	89	95.5352
pdxA	2418	90080	37.2539	603	150.9780	301	150.7276
cpsB	1080	55992	51.8444	381	213.5766	190	213.0161
group_5186	819	21617	26.3944	149	110.1425	74	109.4033
group_5188	136	0	0.0000	0	0.0000	0	0.0000
group_5189	258	723	2.8023	6	14.0794	3	14.0794
group_5192	156	0	0.0000	0	0.0000	0	0.0000
group_5194	762	1758	2.3071	13	10.3286	6	9.5341
group_5196	213	0	0.0000	0	0.0000	0	0.0000
group_5197	306	5054	16.5163	40	79.1391	20	79.1391
group_5199	678	4086	6.0265	28	25.0024	14	25.0024
group_5200	1284	8483	6.6067	57	26.8759	28	26.4044
group_5201	312	14114	45.2372	98	190.1621	49	190.1621
group_5202	252	1224	4.8571	9	21.6219	4	19.2195
group_5204	537	6528	12.1564	45	50.7330	22	49.6056
group_5206	1608	10572	6.5746	71	26.7316	35	26.3551
group_5209	399	18107	45.3810	130	197.2527	65	197.2527
group_5212	549	11580	21.0929	81	89.3234	40	88.2206
group_5215	2670	32587	12.2049	217	49.2041	108	48.9773
group_5216	444	14477	32.6059	104	141.8087	52	141.8087
group_5219	1011	3978	3.9347	27	16.1683	13	15.5695
group_5220	1704	49770	29.2077	335	119.0221	167	118.6669
nuoI	405	17399	42.9605	127	189.8459	63	188.3511
group_5221	363	12038	33.1625	88	146.7671	44	146.7671
tic20	531	25187	47.4331	185	210.9258	92	209.7857
group_5225	270	3097	11.4704	22	49.3300	11	49.3300
egtD	1011	12413	12.2779	84	50.3015	42	50.3015
group_5228	276	492	1.7826	3	6.5806	1	4.3871
group_5229	651	35691	54.8249	246	228.7740	123	228.7740
trpS	1035	41709	40.2986	281	164.3685	140	163.7835
group_5230	1326	4314	3.2534	29	13.2406	14	12.7840
group_5231	282	559	1.9823	4	8.5874	2	8.5874
group_5232	597	17617	29.5092	120	121.6913	60	121.6913
rfe	1110	64476	58.0865	438	238.8931	219	238.8931
group_5235	969	32589	33.6316	219	136.8273	109	136.2026
frhA	1425	50759	35.6204	344	146.1491	172	146.1491
group_5242	321	604	1.8816	4	7.5441	2	7.5441
group_5243	315	8166	25.9238	58	111.4731	29	111.4731
group_5244	273	1464	5.3626	12	26.6116	6	26.6116
group_5245	825	1843	2.2339	13	9.5399	6	8.8060
ynbB	1254	38463	30.6722	259	125.0417	129	124.5589
hflC	816	9142	11.2034	64	47.4835	32	47.4835
group_5247	1623	29055	17.9020	195	72.7392	97	72.3662
group_5251	348	2690	7.7299	19	33.0542	9	31.3145
group_5252	444	4220	9.5045	29	39.5428	14	38.1793
group_5254	3324	13390	4.0283	88	16.0278	44	16.0278
group_5258	378	1911	5.0556	14	22.4227	7	22.4227
group_5260	1188	3573	3.0076	24	12.2306	12	12.2306
group_5261	1812	13429	7.4111	90	30.0702	45	30.0702
group_5262	1098	10914	9.9399	73	40.2507	36	39.6993
chlP	195	0	0.0000	0	0.0000	0	0.0000
group_5263	138	0	0.0000	0	0.0000	0	0.0000
group_5264	1173	12002	10.2319	75	38.7093	37	38.1932
group_5265	504	3888	7.7143	28	33.6341	14	33.6341
group_5268	168	203	1.2083	2	7.2073	1	7.2073
group_5269	1761	57810	32.8279	389	133.7343	194	133.3905
cpxP	501	18236	36.3992	131	158.3019	65	157.0935
group_5272	1002	2038	2.0339	14	8.4589	7	8.4589
group_5274	228	1284	5.6316	9	23.8979	4	21.2426
group_5277	126	0	0.0000	0	0.0000	0	0.0000
group_5276	1278	45264	35.4178	307	145.4320	153	144.9583
group_5279	1098	23048	20.9909	158	87.1179	79	87.1179
psbK	192	4043	21.0573	30	94.5960	15	94.5960
group_5280	723	302	0.4177	2	1.6747	1	1.6747
group_5281	729	599	0.8217	4	3.3219	2	3.3219
group_5284	1401	3020	2.1556	20	8.6426	10	8.6426
group_5286	1233	6431	5.2157	43	21.1134	21	20.6224
thrC	1110	60913	54.8766	413	225.2577	206	224.7123
group_5291	537	23376	43.5307	167	188.2759	83	187.1485
group_5295	1230	55230	44.9024	371	182.6087	185	182.1164
group_5296	1812	305	0.1683	2	0.6682	1	0.6682
htpG	2058	118205	57.4368	791	232.6932	395	232.3990
group_5297	192	2802	14.5938	20	63.0640	10	63.0640
pdxI	1179	52982	44.9381	353	181.2648	176	180.7513
group_5304	1863	26948	14.4648	164	53.2946	82	53.2946
group_5306	2307	15477	6.7087	75	19.6819	37	19.4194
group_5308	462	354	0.7662	2	2.6208	1	2.6208
group_5310	387	3934	10.1654	29	45.3669	14	43.8026
mnhC	348	2557	7.3477	17	29.5748	8	27.8351
group_5312	273	452	1.6557	3	6.6529	1	4.4353
group_5313	1590	0	0.0000	0	0.0000	0	0.0000
xFP	2421	128397	53.0347	864	216.0586	432	216.0586
group_5316	696	755	1.0848	5	4.3492	2	3.4794
rbsK	1098	49259	44.8625	334	184.1606	167	184.1606
group_5322	234	759	3.2436	5	12.9362	2	10.3490
group_5321	408	2969	7.2770	20	29.6772	10	29.6772
group_5325	942	48290	51.2633	326	209.5170	163	209.5170
group_5327	171	933	5.4561	8	28.3235	4	28.3235
group_5326	948	46930	49.5042	326	208.1909	163	208.1909
proA	1248	59814	47.9279	404	195.9834	202	195.9834
group_5328	816	11430	14.0074	80	59.3543	40	59.3543
group_5330	393	9626	24.4936	71	109.3751	35	107.8346
group_5331	1374	45510	33.1223	309	136.1521	154	135.7115
group_5334	288	542	1.8819	4	8.4085	2	8.4085
group_5335	873	26612	30.4834	182	126.2146	91	126.2146
typA	1794	112933	62.9504	763	257.4866	381	257.1491
group_5336	1128	51020	45.2305	345	185.1666	172	184.6298
group_5338	864	8551	9.8970	61	42.7434	30	42.0426
group_5340	426	4569	10.7254	32	45.4771	16	45.4771
ndh	1701	71054	41.7719	478	170.1281	239	170.1281
group_5343	238	1325	5.5672	12	30.5251	6	30.5251
group_5344	1140	3918	3.4368	10	5.3107	5	5.3107
group_5345	489	2725	5.5726	19	23.5232	9	22.2852
ftsW	1218	65748	53.9803	442	219.6987	221	219.6987
pstA	897	27228	30.3545	183	123.5126	91	122.8376
group_5350	3351	206173	61.5258	1372	247.8747	686	247.8747
group_5351	216	257	1.1898	2	5.6057	1	5.6057
fAS1	588	25548	43.4490	175	180.1828	87	179.1532
livK	1616	98538	60.9765	664	248.7593	332	248.7593
group_5352	939	1329	1.4153	9	5.8027	4	5.1579
group_5353	1356	64372	47.4720	434	193.7682	217	193.7682
potA	1101	59794	54.3088	407	223.7998	203	223.2499
group_5356	540	1198	2.2185	8	8.9691	4	8.9691
group_5359	1827	10361	5.6710	70	23.1959	35	23.1959
group_5362	738	22268	30.1734	150	123.0517	75	123.0517
group_5363	612	34840	56.9281	243	240.3850	121	239.3958
group_5365	1248	17846	14.2997	117	56.7576	58	56.2725
group_5367	1143	302	0.2642	2	1.0593	1	1.0593
group_5368	264	1124	4.2576	8	18.3459	4	18.3459
tagG	819	42825	52.2894	293	216.5889	146	215.8497
eVE	477	23775	49.8428	165	209.4200	82	208.1508
group_5377	318	13391	42.1101	96	182.7665	48	182.7665
group_5378	459	11540	25.1416	82	108.1568	41	108.1568
group_5380	333	9067	27.2282	64	116.3559	32	116.3559
group_5385	852	4998	5.8662	34	24.1597	17	24.1597
yebA	849	38674	45.5524	263	187.5429	131	186.8298
group_5386	336	4533	13.4911	32	57.6585	16	57.6585
group_5387	816	3074	3.7672	20	14.8386	10	14.8386
group_5389	156	681	4.3654	5	19.4043	2	15.5234
group_5390	795	12369	15.5585	83	63.2068	41	62.4452
group_5391	135	0	0.0000	0	0.0000	0	0.0000
trhO	813	5236	6.4403	38	28.2973	19	28.2973
group_5392	2436	79511	32.6400	532	132.2169	266	132.2169
group_5394	1119	24508	21.9017	165	89.2702	82	88.7291
group_5403	1527	1529	1.0013	11	4.3612	5	3.9647
group_5398	684	27806	40.6520	192	169.9408	96	169.9408
group_5399	2463	43954	17.8457	294	72.2662	147	72.2662
group_5400	561	446	0.7950	3	3.2375	1	2.1583
group_5402	1188	54703	46.0463	365	186.0069	182	185.4973
group_5404	195	2886	14.8000	22	68.3031	11	68.3031
group_5405	690	30253	43.8449	210	184.2565	105	184.2565
group_5410	822	34415	41.8674	240	176.7632	120	176.7632
group_5411	459	15954	34.7582	111	146.4073	55	145.0884
group_5414	168	0	0.0000	0	0.0000	0	0.0000
group_5419	309	3810	12.3301	29	56.8188	14	54.8595
rfbD	879	55477	63.1138	382	263.1037	191	263.1037
bioB	1095	57220	52.2557	386	213.4154	193	213.4154
lspA	555	25510	45.9640	172	187.6238	86	187.6238
dadA	1194	59802	50.0854	403	204.3399	201	203.8329
group_5422	945	5407	5.7217	34	21.7821	17	21.7821
group_5423	945	10335	10.9365	71	45.4861	35	44.8455
group_5424	999	9054	9.0631	61	36.9672	30	36.3612
group_5425	144	0	0.0000	0	0.0000	0	0.0000
group_5430	330	659	1.9970	6	11.0075	3	11.0075
group_5432	327	761	2.3272	7	12.9599	3	11.1085
bchB	1527	87507	57.3065	592	234.7120	296	234.7120
group_5433	162	0	0.0000	0	0.0000	0	0.0000
group_5435	879	46318	52.6940	315	216.9573	157	216.2685
group_5437	1185	302	0.2549	2	1.0218	1	1.0218
group_5442	1338	1734	1.2960	12	5.4297	6	5.4297
group_5445	318	453	1.4245	3	5.7115	1	3.8076
lCB5	1131	58674	51.8780	402	215.1870	201	215.1870
group_5446	195	3718	19.0667	30	93.1406	15	93.1406
petM	267	3571	13.3745	27	61.2217	13	58.9542
yfcH	948	49644	52.3671	339	216.4930	169	215.8544
group_5447	915	50196	54.8590	345	228.2709	172	227.6092
group_5449	216	6444	29.8333	49	137.3393	24	134.5365
group_5450	456	0	0.0000	0	0.0000	0	0.0000
nuoF	1608	93725	58.2867	636	239.4548	318	239.4548
group_5455	300	218	0.7267	2	4.0361	1	4.0361
argB	942	38802	41.1911	261	167.7421	130	167.0994
plsC	921	51309	55.7101	346	227.4411	173	227.4411
group_5457	768	42359	55.1549	289	227.8186	144	227.0303
group_5458	993	8983	9.0463	62	37.8003	31	37.8003
group_5460	651	2742	4.2120	20	18.5995	10	18.5995
cysH	822	35905	43.6800	243	178.9728	121	178.2363
group_5463	261	5339	20.4559	40	92.7838	20	92.7838
group_5464	1032	5257	5.0940	36	21.1191	18	21.1191
group_5465	1188	10045	8.4554	51	25.9900	25	25.4804
group_5469	258	276	1.0698	2	4.6931	1	4.6931
group_5471	222	3626	16.3333	25	68.1773	12	65.4502
psbY	120	202	1.6833	2	10.0902	1	10.0902
group_5474	567	28465	50.2028	200	213.5500	100	213.5500
group_5478	849	151	0.1779	1	0.7131	0	0.0000
mobA	693	24887	35.9120	168	146.7671	84	146.7671
group_5484	564	22364	39.6525	154	165.3081	77	165.3081
group_5486	408	3655	8.9583	25	37.0965	12	35.6126
group_5488	609	8462	13.8949	58	57.6585	29	57.6585
add	1041	44401	42.6523	304	176.7972	152	176.7972
ruvX	522	12970	24.8467	90	104.3817	45	104.3817
group_5490	255	751	2.9451	6	14.2450	3	14.2450
group_5492	774	1480	1.9121	10	7.8219	5	7.8219
group_5493	1323	9329	7.0514	65	29.7445	32	29.2869
group_5494	1515	10836	7.1525	72	28.7722	36	28.7722
group_5495	918	11842	12.8998	80	52.7594	40	52.7594
sbcD	1356	66902	49.3378	449	200.4653	224	200.0188
group_5501	447	2612	5.8434	18	24.3791	9	24.3791
group_5502	159	0	0.0000	0	0.0000	0	0.0000
group_5503	243	3912	16.0988	28	69.7597	14	69.7597
mtnB	636	35428	55.7044	246	234.1696	123	234.1696
mrr	945	42155	44.6085	285	182.5852	142	181.9446
group_5505	255	0	0.0000	0	0.0000	0	0.0000
group_5506	759	10275	13.5375	71	56.6329	35	55.8353
group_5507	792	10170	12.8409	70	53.5088	35	53.5088
group_5508	600	1391	2.3183	10	10.0902	5	10.0902
group_5509	354	302	0.8531	2	3.4204	1	3.4204
group_5510	882	7203	8.1667	50	34.3205	25	34.3205
group_5511	525	3001	5.7162	22	25.3697	11	25.3697
vapB6	306	7356	24.0392	52	102.8808	26	102.8808
group_5513	363	3306	9.1074	25	41.6952	12	40.0274
group_5515	567	1416	2.4974	10	10.6775	5	10.6775
group_5517	951	42783	44.9874	293	186.5261	146	185.8895
hdrB	948	51996	54.8481	357	227.9882	178	227.3496
rlmL	1164	60042	51.5825	403	209.6064	201	209.0863
fkpA	519	23438	45.1599	165	192.4727	82	191.3062
group_5519	258	7208	27.9380	52	122.0215	26	122.0215
group_5521	837	8862	10.5878	66	47.7387	33	47.7387
group_5524	306	2337	7.6373	16	31.6556	8	31.6556
group_5526	288	1323	4.5938	9	18.9192	4	16.8171
group_5527	234	1241	5.3034	10	25.8724	5	25.8724
group_5529	1083	0	0.0000	0	0.0000	0	0.0000
group_5530	372	2921	7.8522	21	34.1766	10	32.5491
fixC	1302	65999	50.6905	454	211.1045	227	211.1045
group_5533	678	5701	8.4086	40	35.7176	20	35.7176
mraY	1101	51279	46.5749	349	191.9069	174	191.3571
group_5534	393	1511	3.8448	10	15.4049	5	15.4049
group_5535	297	141	0.4747	1	2.0384	0	0.0000
group_5537	363	8103	22.3223	58	96.7328	29	96.7328
group_5541	279	604	2.1649	4	8.6798	2	8.6798
uppS	750	46082	61.4427	319	257.5028	159	256.6956
lysA	1404	79093	56.3340	534	230.2643	267	230.2643
group_5546	504	3663	7.2679	27	32.4329	13	31.2317
group_5547	165	0	0.0000	0	0.0000	0	0.0000
group_5548	804	4733	5.8868	32	24.0961	16	24.0961
group_5549	231	1077	4.6623	8	20.9667	4	20.9667
erfK	513	20738	40.4250	148	174.6614	74	174.6614
udg4	678	30881	45.5472	213	190.1965	106	189.3035
group_5550	1989	36386	18.2936	244	74.2690	122	74.2690
group_5551	4824	186037	38.5649	1156	145.0785	578	145.0785
group_5552	555	11728	21.1315	80	87.2669	40	87.2669
mnmE	1374	21388	15.5662	144	63.4495	72	63.4495
group_5553	399	1874	4.6967	13	19.7253	6	18.2079
group_5554	837	12056	14.4038	81	58.5885	40	57.8651
group_5555	636	15307	24.0676	105	99.9504	52	98.9985
group_5556	418	3782	9.0478	30	43.4508	15	43.4508
group_5559	255	906	3.5529	6	14.2450	3	14.2450
group_5558	1173	54846	46.7570	369	190.4500	184	189.9338
group_5560	258	3006	11.6512	20	46.9313	10	46.9313
group_5561	273	3862	14.1465	26	57.6585	13	57.6585
group_5562	621	594	0.9565	4	3.8996	2	3.8996
group_5568	222	0	0.0000	0	0.0000	0	0.0000
group_5565	531	302	0.5687	2	2.2803	1	2.2803
group_5569	2070	681	0.3290	7	2.0473	3	1.7548
group_5574	210	2736	13.0286	19	54.7756	9	51.8926
group_5575	213	2484	11.6620	19	54.0041	9	51.1618
group_5578	243	2114	8.6996	14	34.8798	7	34.8798
group_5580	306	1950	6.3725	14	27.6987	7	27.6987
group_5582	417	1681	4.0312	12	17.4220	6	17.4220
group_5584	759	36824	48.5165	254	202.6024	127	202.6024
group_5585	216	5076	23.5000	38	106.5080	19	106.5080
group_5586	168	585	3.4821	6	21.6219	3	21.6219
group_5587	3207	1812	0.5650	12	2.2653	6	2.2653
group_5589	345	5444	15.7797	38	66.6833	19	66.6833
group_5590	336	1868	5.5595	13	23.4238	6	21.6219
group_5592	690	295	0.4275	2	1.7548	1	1.7548
group_5593	189	0	0.0000	0	0.0000	0	0.0000
group_5594	147	0	0.0000	0	0.0000	0	0.0000
group_5595	267	0	0.0000	0	0.0000	0	0.0000
group_5597	234	1185	5.0641	8	20.6979	4	20.6979
group_5598	273	0	0.0000	0	0.0000	0	0.0000
group_5599	297	0	0.0000	0	0.0000	0	0.0000
psbN	237	1255	5.2954	10	25.5449	5	25.5449
psbN~~~psbN1	132	0	0.0000	0	0.0000	0	0.0000
group_5602	447	9746	21.8031	68	92.0988	34	92.0988
group_5604	387	6402	16.5426	45	70.3970	22	68.8326
group_5606	388	2167	5.5851	16	24.9655	8	24.9655
group_5607	450	906	2.0133	6	8.0722	3	8.0722
group_5611	258	1870	7.2481	12	28.1588	6	28.1588
cpcT2	603	27531	45.6567	192	192.7687	96	192.7687
group_5613	747	42747	57.2249	297	240.7068	148	239.8964
sunT	2667	126106	47.2838	830	188.4116	415	188.4116
surA	735	2317	3.1524	16	13.1791	8	13.1791
ftsQ	885	6311	7.1311	43	29.4156	21	28.7315
group_5617	450	3423	7.6067	23	30.9434	11	29.5980
group_5619	741	151	0.2038	1	0.8170	0	0.0000
group_5620	1059	59058	55.7677	399	228.1022	199	227.5305
group_5622	621	13237	21.3156	90	87.7412	45	87.7412
group_5624	357	736	2.0616	5	8.4792	2	6.7834
ffh	1446	77858	53.8437	527	220.6454	263	220.2267
group_5625	276	206	0.7464	2	4.3871	1	4.3871
group_5629	180	0	0.0000	0	0.0000	0	0.0000
group_5630	429	0	0.0000	0	0.0000	0	0.0000
group_5631	432	1779	4.1181	13	18.2185	6	16.8171
group_5632	366	8896	24.3060	64	105.8648	32	105.8648
nifU	237	4911	20.7215	35	89.4071	17	86.8527
group_5633	246	3532	14.3577	24	59.0648	12	59.0648
group_5635	720	5723	7.9486	38	31.9524	19	31.9524
group_5636	642	4288	6.6791	29	27.3474	14	26.4044
group_5638	420	12503	29.7690	89	128.2901	44	126.8487
group_19150	171	162	0.9474	2	7.0809	1	7.0809
group_5642	138	0	0.0000	0	0.0000	0	0.0000
group_5643	378	7611	20.1349	54	86.4877	27	86.4877
group_5644	447	2514	5.6242	17	23.0247	8	21.6703
uppP	951	13875	14.5899	94	59.8411	47	59.8411
ulaG	849	26181	30.8375	181	129.0694	90	128.3564
group_5652	276	7054	25.5580	48	105.2894	24	105.2894
group_5653	2013	27440	13.6314	176	52.9324	88	52.9324
group_5655	303	0	0.0000	0	0.0000	0	0.0000
group_5656	237	0	0.0000	0	0.0000	0	0.0000
group_5657	1131	305	0.2697	2	1.0706	1	1.0706
group_5659	822	4586	5.5791	31	22.8319	15	22.0954
group_5664	354	6552	18.5085	46	78.6696	23	78.6696
group_5665	234	0	0.0000	0	0.0000	0	0.0000
group_5666	198	0	0.0000	0	0.0000	0	0.0000
group_5668	351	7088	20.1937	51	87.9662	25	86.2413
cbiQ	813	46333	56.9902	315	234.5700	157	233.8254
group_5671	387	3775	9.7545	28	43.8026	14	43.8026
group_5673	138	0	0.0000	0	0.0000	0	0.0000
group_5676	1935	11202	5.7891	75	23.4657	37	23.1528
group_5678	3450	47695	13.8246	318	55.8034	159	55.8034
ftsH	1908	106853	56.0026	716	227.1889	358	227.1889
group_5682	2871	5653	1.9690	38	8.0131	19	8.0131
group_5681	363	1641	4.5207	12	20.0137	6	20.0137
trmFO	1338	23905	17.8662	164	74.2062	82	74.2062
group_5684	933	0	0.0000	0	0.0000	0	0.0000
aslA	2457	65912	26.8262	441	108.6641	220	108.4177
group_5692	423	2770	6.5485	19	27.1935	9	25.7623
group_5694	891	48342	54.2559	331	224.9069	165	224.2275
group_5695	246	837	3.4024	6	14.7662	3	14.7662
group_5696	375	3321	8.8560	22	35.5176	11	35.5176
group_5697	417	5239	12.5635	35	50.8141	17	49.3623
group_5699	1320	39738	30.1045	269	123.3761	134	122.9174
ftsH2	1887	120354	63.7806	798	256.0257	399	256.0257
group_5701	864	9248	10.7037	59	41.3419	29	40.6412
group_5702	1149	50743	44.1628	334	175.9864	167	175.9864
group_5704	195	235	1.2051	2	6.2094	1	6.2094
yrpB	1575	23080	14.6540	155	59.5804	77	59.1960
group_5707	489	1772	3.6237	11	13.6187	5	12.3807
group_5708	1098	11761	10.7113	79	43.5589	39	43.0076
rlpA	906	47378	52.2936	325	217.1739	162	216.5057
group_5712	123	0	0.0000	0	0.0000	0	0.0000
group_5714	396	453	1.1439	3	4.5865	1	3.0576
group_5715	243	2068	8.5103	15	37.3712	7	34.8798
flgJ	1551	14485	9.3391	97	37.8628	48	37.4724
group_5721	816	10141	12.4277	69	51.1931	34	50.4512
group_5719	1017	7048	6.9302	48	28.5741	24	28.5741
group_5720	1173	3733	3.1824	25	12.9031	12	12.3870
group_5722	666	29804	44.7508	209	189.9873	104	189.0783
group_5723	165	227	1.3758	2	7.3384	1	7.3384
group_5727	1233	920	0.7461	7	3.4371	3	2.9461
group_5729	528	3436	6.5076	24	27.5188	12	27.5188
sSL2	1515	86401	57.0304	585	233.7738	292	233.3742
yciI	267	4790	17.9401	33	74.8265	16	72.5590
group_5731	1521	43121	28.3504	291	115.8287	145	115.4307
group_5733	1677	18349	10.9416	124	44.7653	62	44.7653
group_5736	1176	44417	37.7696	305	157.0164	152	156.5016
group_5735	1302	59968	46.0584	409	190.1800	204	189.7150
group_5737	4032	206108	51.1181	1359	204.0570	679	203.9068
bcsA	1185	46860	39.5443	320	163.4874	160	163.4874
group_5740	216	1271	5.8843	9	25.2256	4	22.4227
rbcS	1965	118145	60.1247	795	244.9385	397	244.6304
group_5741	1287	48992	38.0668	331	155.7048	165	155.2344
mutS2	2370	138952	58.6295	933	238.3339	466	238.0785
group_5743	807	5386	6.6741	36	27.0073	18	27.0073
cHASE3	1425	71431	50.1270	481	204.3538	240	203.9290
group_5745	1413	67403	47.7021	459	196.6632	229	196.2347
yqiK	1338	74338	55.5590	500	226.2385	250	226.2385
group_5750	135	0	0.0000	0	0.0000	0	0.0000
group_5751	768	33784	43.9896	234	184.4621	117	184.4621
nfnB	1515	88760	58.5875	601	240.1676	300	239.7680
purU	855	43261	50.5977	291	206.0532	145	205.3451
nifJ	3555	209375	58.8959	1396	237.7379	698	237.7379
group_5752	1194	8898	7.4523	59	29.9158	29	29.4087
ycbJ	1170	34569	29.5462	233	120.5654	116	120.0479
group_5756	306	366	1.1961	3	5.9354	1	3.9570
group_5758	1455	6985	4.8007	47	19.5563	23	19.1402
group_5759	870	43626	50.1448	295	205.2841	147	204.5882
group_5760	342	1389	4.0614	10	17.7022	5	17.7022
group_5761	420	12766	30.3952	90	129.7316	45	129.7316
urtA	1317	58435	44.3698	395	181.5783	197	181.1186
sasA	1155	64431	55.7844	434	227.4889	217	227.4889
group_5767	3117	47521	15.2457	295	57.2978	147	57.1035
group_5768	3156	159206	50.4455	1066	204.4903	533	204.4903
group_5770	1128	16353	14.4973	112	60.1120	56	60.1120
group_5771	264	0	0.0000	0	0.0000	0	0.0000
group_5772	1029	20567	19.9874	138	81.1926	69	81.1926
group_5773	1215	3071	2.5276	21	10.4639	10	9.9657
radC	765	36535	47.7582	251	198.6391	125	197.8478
group_5775	1014	60657	59.8195	413	246.5839	206	245.9868
fAU1	600	23436	39.0600	159	160.4347	79	159.4257
group_5776	432	10111	23.4051	73	102.3038	36	100.9024
group_5777	708	5445	7.6907	37	31.6389	18	30.7838
group_5778	1365	9999	7.3253	67	29.7163	33	29.2728
group_5779	651	32873	50.4962	231	214.8244	115	213.8944
wcaJ	999	48887	48.9359	330	199.9866	165	199.9866
rnd	840	33855	40.3036	229	165.0474	114	164.3267
group_5780	213	0	0.0000	0	0.0000	0	0.0000
group_5781	987	34836	35.2948	238	145.9864	119	145.9864
group_5782	379	3571	9.4222	26	41.5324	13	41.5324
group_5783	696	9946	14.2902	69	60.0195	34	59.1497
group_5785	939	22336	23.7870	153	98.6458	76	98.0010
glyQ	912	42212	46.2851	290	192.5111	145	192.5111
group_5791	363	1438	3.9614	11	18.3459	5	16.6781
group_5793	2634	64080	24.3280	435	99.9830	217	99.7531
group_5797	1167	11356	9.7309	77	39.9459	38	39.4271
group_5801	807	2447	3.0322	19	14.2539	9	13.5037
group_5802	891	302	0.3389	2	1.3590	1	1.3590
group_5803	195	151	0.7744	1	3.1047	0	0.0000
mscS	1062	52927	49.8371	362	206.3653	181	206.3653
group_5805	318	9962	31.3270	69	131.3634	34	129.4596
group_5806	1026	18508	18.0390	127	74.9392	63	74.3491
ilvC	993	51135	51.4955	357	217.6564	178	217.0468
group_5807	249	228	0.9157	2	4.8628	1	4.8628
pilM	1200	51427	42.8558	343	173.0475	171	172.5430
group_5809	1305	22717	17.4077	146	67.7322	73	67.7322
group_5810	765	2419	3.1621	16	12.6623	8	12.6623
group_5811	1041	5101	4.9001	35	20.3549	17	19.7734
group_5815	477	7524	15.7736	45	57.1145	22	55.8453
group_5818	255	292	1.1451	2	4.7483	1	4.7483
group_5819	183	777	4.2459	6	19.8496	3	19.8496
group_5821	189	0	0.0000	0	0.0000	0	0.0000
group_5822	978	0	0.0000	0	0.0000	0	0.0000
group_5823	984	3558	3.6159	24	14.7662	12	14.7662
group_5824	1182	18860	15.9560	128	65.5609	64	65.5609
group_5825	375	7369	19.6507	52	83.9508	26	83.9508
group_5827	852	1808	2.1221	12	8.5270	6	8.5270
group_5828	1938	4342	2.2405	29	9.0593	14	8.7470
group_5830	726	604	0.8320	4	3.3356	2	3.3356
group_5832	564	10793	19.1365	75	80.5072	37	79.4338
group_5837	540	12971	24.0204	87	97.5389	43	96.4178
group_5839	453	3383	7.4680	24	32.0749	12	32.0749
group_5840	849	7106	8.3698	49	34.9415	24	34.2284
glmU	1377	39412	28.6216	269	118.2690	134	117.8293
group_5841	165	423	2.5636	3	11.0075	1	7.3384
group_5842	567	20910	36.8783	145	154.8237	72	153.7560
group_5843	207	0	0.0000	0	0.0000	0	0.0000
petG	117	256	2.1880	4	20.6979	2	20.6979
ftrB	366	17710	48.3880	127	210.0754	63	208.4213
lptA	573	13029	22.7382	90	95.0912	45	95.0912
group_5845	14469	75268	5.2020	496	20.7537	248	20.7537
group_5846	522	18819	36.0517	130	150.7736	65	150.7736
hypD	1248	64593	51.7572	433	210.0515	216	209.5664
comFC	648	29349	45.2917	203	189.6591	101	188.7248
group_5848	669	900	1.3453	6	5.4297	3	5.4297
mtnX	753	32495	43.1541	223	179.2926	111	178.4886
group_5852	441	20172	45.7415	141	193.5678	70	192.1950
group_5853	420	8981	21.3833	66	95.1365	33	95.1365
group_5854	102	0	0.0000	0	0.0000	0	0.0000
sixA	495	20341	41.0929	145	177.3435	72	176.1205
group_5855	456	5784	12.6842	40	53.1065	20	53.1065
group_5856	429	5947	13.8625	41	57.8601	20	56.4489
group_5858	198	1782	9.0000	13	39.7494	6	36.6918
group_5861	408	12436	30.4804	90	133.5472	45	133.5472
yvaK	654	20390	31.1774	140	129.5994	70	129.5994
group_5863	1308	0	0.0000	0	0.0000	0	0.0000
group_5864	1293	4635	3.5847	31	14.5150	15	14.0467
group_5866	387	5061	13.0775	38	59.4463	19	59.4463
group_5867	378	3884	10.2751	27	43.2439	13	41.6422
group_5868	2190	302	0.1379	2	0.5529	1	0.5529
group_5870	354	254	0.7175	2	3.4204	1	3.4204
group_5871	375	600	1.6000	4	6.4578	2	6.4578
group_5872	363	6370	17.5482	47	78.3870	23	76.7191
group_5874	330	4896	14.8364	36	66.0452	18	66.0452
group_5876	309	1711	5.5372	13	25.4705	6	23.5112
group_5878	1713	11167	6.5190	75	26.5067	37	26.1533
group_5879	123	0	0.0000	0	0.0000	0	0.0000
group_5880	240	3033	12.6375	22	55.4963	11	55.4963
group_5881	180	0	0.0000	0	0.0000	0	0.0000
group_5883	1419	151	0.1064	1	0.4266	0	0.0000
group_5887	246	3247	13.1992	24	59.0648	12	59.0648
group_5891	210	0	0.0000	0	0.0000	0	0.0000
group_5892	246	1670	6.7886	13	31.9934	6	29.5324
nifS	401	5034	12.5536	35	52.8416	17	51.3319
group_5894	303	2855	9.4224	22	43.9575	11	43.9575
group_5898	390	9070	23.2564	62	96.2453	31	96.2453
group_5899	354	0	0.0000	0	0.0000	0	0.0000
group_5900	330	3315	10.0455	25	45.8647	12	44.0301
group_5902	390	7472	19.1590	52	80.7219	26	80.7219
group_5903	258	1778	6.8915	12	28.1588	6	28.1588
group_5904	339	7669	22.6224	53	94.6518	26	92.8659
group_5908	366	3916	10.6995	30	49.6241	15	49.6241
group_5909	195	2096	10.7487	14	43.4656	7	43.4656
group_5910	1047	49529	47.3056	341	197.1788	170	196.6006
group_5912	513	240	0.4678	2	2.3603	1	2.3603
group_5913	444	0	0.0000	0	0.0000	0	0.0000
group_5914	858	13973	16.2855	97	68.4443	48	67.7386
moaC	525	21949	41.8076	153	176.4350	76	175.2818
group_5921	333	1049	3.1502	8	14.5445	4	14.5445
group_5920	477	7505	15.7338	51	64.7298	25	63.4606
group_5924	390	11677	29.9410	83	128.8445	41	127.2922
group_5926	381	14116	37.0499	100	158.9013	50	158.9013
group_5927	414	1959	4.7319	13	19.0106	6	17.5482
group_5928	345	0	0.0000	0	0.0000	0	0.0000
group_5929	993	2858	2.8781	20	12.1936	10	12.1936
group_5931	3021	5546	1.8358	38	7.6153	19	7.6153
group_5932	1152	7099	6.1623	49	25.7511	24	25.2256
murB	879	3380	3.8453	23	15.8413	11	15.1526
group_5933	417	5251	12.5923	36	52.2660	18	52.2660
group_5935	510	6191	12.1392	41	48.6705	20	47.4835
group_5938	1635	2026	1.2391	14	5.1840	7	5.1840
group_5939	558	0	0.0000	0	0.0000	0	0.0000
group_5940	393	0	0.0000	0	0.0000	0	0.0000
group_5941	666	3944	5.9219	28	25.4528	14	25.4528
phaE	1161	59255	51.0379	399	208.0622	199	207.5408
group_5945	1275	65470	51.3490	439	208.4524	219	207.9776
group_5946	1065	5031	4.7239	35	19.8962	17	19.3278
group_5951	801	15382	19.2035	104	78.6056	52	78.6056
hugZ	282	2416	8.5674	16	34.3497	8	34.3497
group_5954	5100	76609	15.0214	513	60.8975	256	60.7788
atpD	1410	22905	16.2447	155	66.5526	77	66.1232
group_5955	1350	291	0.2156	2	0.8969	1	0.8969
group_5956	1320	0	0.0000	0	0.0000	0	0.0000
group_5960	216	151	0.6991	1	2.8028	0	0.0000
group_5961	129	595	4.6124	6	28.1588	3	28.1588
group_5963	909	552	0.6073	4	2.6641	2	2.6641
group_5964	1071	594	0.5546	4	2.2611	2	2.2611
group_5965	1758	677	0.3851	2	0.6888	1	0.6888
group_5966	1092	10912	9.9927	73	40.4718	36	39.9174
group_5967	1200	6357	5.2975	44	22.1985	22	22.1985
group_5968	1134	1193	1.0520	8	4.2710	4	4.2710
group_5969	987	267	0.2705	3	1.8402	1	1.2268
group_5971	942	48326	51.3015	330	212.0878	165	212.0878
group_5973	1134	57845	51.0097	396	211.4145	198	211.4145
dacB	936	35527	37.9562	237	153.2940	118	152.6472
group_5974	285	9364	32.8561	69	146.5739	34	144.4497
group_5975	627	731	1.1659	5	4.8279	2	3.8623
group_5976	1764	52601	29.8192	356	122.1811	178	122.1811
rpsJ	384	15012	39.0938	107	168.6961	53	167.1195
fusA	1443	46341	32.1143	311	130.4808	155	130.0612
group_5978	1482	82266	55.5101	558	227.9494	279	227.9494
group_5980	1038	17098	16.4721	115	67.0738	57	66.4906
glgP	2616	62107	23.7412	412	95.3481	206	95.3481
group_5981	654	5167	7.9006	35	32.3998	17	31.4741
group_5983	2712	88631	32.6810	592	132.1553	296	132.1553
group_5984	879	22526	25.6268	155	106.7568	77	106.0680
group_5985	1203	31770	26.4090	215	108.1995	107	107.6963
group_5986	381	1964	5.1549	12	19.0682	6	19.0682
group_5987	243	702	2.8889	5	12.4571	2	9.9657
yobV	882	43609	49.4433	298	204.5504	149	204.5504
group_5988	1389	736	0.5299	5	2.1793	2	1.7435
group_5989	1164	1346	1.1564	9	4.6810	4	4.1609
group_5992	1173	42587	36.3061	289	149.1600	144	148.6439
sPS1	1425	74874	52.5432	499	212.0012	249	211.5763
group_5993	537	8061	15.0112	57	64.2618	28	63.1344
group_5994	729	15063	20.6626	101	83.8777	50	83.0472
group_5995	1440	0	0.0000	0	0.0000	0	0.0000
group_5997	852	2103	2.4683	14	9.9481	7	9.9481
group_5998	1425	21169	14.8554	141	59.9041	70	59.4793
group_6001	654	2512	3.8410	17	15.7371	8	14.8114
group_6002	306	6113	19.9771	44	87.0530	22	87.0530
group_6008	363	9862	27.1680	67	111.7431	33	110.0753
group_6009	813	553	0.6802	4	2.9787	2	2.9787
group_6011	96	0	0.0000	0	0.0000	0	0.0000
group_6013	351	302	0.8604	2	3.4497	1	3.4497
group_6014	669	5877	8.7848	39	35.2932	19	34.3882
group_6017	297	3090	10.4040	23	46.8839	11	44.8455
psbP	549	27481	50.0565	192	211.7295	96	211.7295
group_6018	148	523	3.5338	5	20.4532	2	16.3625
group_6021	435	1989	4.5724	16	22.2681	8	22.2681
group_6023	780	4508	5.7795	31	24.0613	15	23.2852
group_6025	1629	15062	9.2462	91	33.8199	45	33.4483
group_6029	966	894	0.9255	6	3.7603	3	3.7603
group_6030	1731	71997	41.5927	483	168.9284	241	168.5786
amtB~~~amt	1560	13529	8.6724	90	34.9277	45	34.9277
group_6032	696	15862	22.7902	109	94.8134	54	93.9436
group_6034	291	2582	8.8729	18	37.4483	9	37.4483
group_6035	915	33036	36.1049	221	146.2257	110	145.5641
group_6038	306	2442	7.9804	18	35.6126	9	35.6126
group_6039	198	557	2.8131	4	12.2306	2	12.2306
group_6042	282	4620	16.3830	33	70.8463	16	68.6995
group_6043	471	10765	22.8556	79	101.5450	39	100.2597
group_6044	444	17676	39.8108	123	167.7161	61	166.3525
group_6045	351	6843	19.4957	47	81.0668	23	79.3420
group_6047	6405	157031	24.5169	1045	98.7756	522	98.6811
entF2	3900	105678	27.0969	703	109.1298	351	108.9745
group_6048	540	12029	22.2759	82	91.9333	41	91.9333
group_6050	420	1136	2.7048	8	11.5317	4	11.5317
group_6051	1188	70043	58.9588	468	238.4965	234	238.4965
group_6052	1377	35918	26.0842	243	106.8378	121	106.3981
fabF	1251	68393	54.6707	462	223.5822	231	223.5822
group_6053	228	444	1.9474	4	10.6213	2	10.6213
group_6054	723	39758	54.9903	268	224.4135	134	224.4135
group_6055	561	6680	11.9073	49	52.8793	24	51.8001
group_6056	558	3017	5.4068	22	23.8694	11	23.8694
znuC	744	36195	48.6492	250	203.4322	125	203.4322
group_6062	1698	34164	20.1201	221	78.7965	110	78.4400
group_6065	501	14544	29.0299	102	123.2580	51	123.2580
group_6066	309	1050	3.3981	7	13.7149	3	11.7556
group_6067	714	5865	8.2143	39	33.0688	19	32.2209
group_6068	213	151	0.7089	1	2.8423	0	0.0000
group_6069	126	194	1.5397	2	9.6097	1	9.6097
group_6070	211	2208	10.4645	18	51.6467	9	51.6467
group_6071	528	23610	44.7159	166	190.3385	83	190.3385
group_6072	309	7673	24.8317	52	101.8820	26	101.8820
group_6073	426	2681	6.2934	18	25.5809	9	25.5809
tenA	627	15502	24.7241	109	105.2474	54	104.2819
group_6076	378	3049	8.0661	22	35.2357	11	35.2357
group_6079	369	1525	4.1328	10	16.4069	5	16.4069
group_6081	309	2634	8.5243	20	39.1854	10	39.1854
group_6082	492	12475	25.3557	88	108.2855	44	108.2855
group_6083	270	769	2.8481	6	13.4536	3	13.4536
group_6084	2667	35594	13.3461	237	53.7995	118	53.5725
group_6086	444	0	0.0000	0	0.0000	0	0.0000
group_6089	1215	34350	28.2716	231	115.1034	115	114.6051
group_6090	2271	1741	0.7666	12	3.1990	6	3.1990
group_6091	237	2063	8.7046	14	35.7629	7	35.7629
group_6092	1554	26339	16.9492	176	68.5669	88	68.5669
group_6093	153	0	0.0000	0	0.0000	0	0.0000
group_6096	1539	311	0.2021	2	0.7868	1	0.7868
group_15591	1167	4488	3.8458	30	15.5633	15	15.5633
group_6099	603	0	0.0000	0	0.0000	0	0.0000
group_6100	387	16209	41.8837	116	181.4678	58	181.4678
rfaL	1287	72681	56.4732	487	229.0883	243	228.6179
group_6103	978	50758	51.8998	346	214.1854	173	214.1854
group_6104	1065	2460	2.3099	17	9.6639	8	9.0954
group_6105	1269	1807	1.4240	12	5.7250	6	5.7250
group_6106	600	21632	36.0533	153	154.3806	76	153.3716
group_6108	741	1818	2.4534	12	9.8043	6	9.8043
group_6109	327	8573	26.2171	62	114.7880	31	114.7880
group_6116	597	0	0.0000	0	0.0000	0	0.0000
group_6117	669	299	0.4469	2	1.8099	1	1.8099
group_6118	90	0	0.0000	0	0.0000	0	0.0000
group_6121	1776	64588	36.3671	433	147.6038	216	147.2629
group_6122	636	742	1.1667	5	4.7595	2	3.8076
group_6125	1443	72028	49.9155	482	202.2243	241	202.2243
group_6126	114	0	0.0000	0	0.0000	0	0.0000
group_6127	360	3520	9.7778	25	42.0426	12	40.3609
group_6128	564	1937	3.4344	13	13.9546	6	12.8812
group_6129	1677	4944	2.9481	33	11.9133	16	11.5523
group_6132	573	22477	39.2269	159	167.9945	79	166.9379
group_6141	240	282	1.1750	2	5.0451	1	5.0451
group_6136	1203	63263	52.5877	430	216.3991	215	216.3991
group_6135	1338	66682	49.8371	453	204.9720	226	204.5196
group_6140	216	0	0.0000	0	0.0000	0	0.0000
group_6143	333	4109	12.3393	29	52.7238	14	50.9057
group_6144	291	3466	11.9107	25	52.0115	12	49.9311
group_6145	813	3440	4.2312	24	17.8720	12	17.8720
udk	1002	53488	53.3812	369	222.9519	184	222.3477
group_6149	801	25157	31.4070	170	128.4899	85	128.4899
group_6152	648	151	0.2330	1	0.9343	0	0.0000
group_6153	975	7403	7.5928	51	31.6678	25	31.0469
group_6154	1071	49679	46.3856	338	191.0644	169	191.0644
group_6157	276	1363	4.9384	11	24.1288	5	21.9353
gshA	1155	58897	50.9931	405	212.2881	202	211.7639
group_6160	630	31610	50.1746	216	207.5706	108	207.5706
hpnH	1062	63485	59.7787	430	245.1300	215	245.1300
group_6161	1602	8667	5.4101	57	21.5410	28	21.1630
group_6162	1032	48785	47.2723	331	194.1784	165	193.5917
group_6163	1857	98934	53.2763	667	217.4535	333	217.1275
yfcE	813	37915	46.6359	265	197.3367	132	196.5920
cysS	1440	15097	10.4840	101	42.4631	50	42.0426
group_6166	246	1093	4.4431	8	19.6883	4	19.6883
group_6169	1284	26296	20.4798	176	82.9851	88	82.9851
group_6170	798	441	0.5526	3	2.2760	1	1.5173
ispE	942	49368	52.4076	339	217.8720	169	217.2293
ureD	813	43563	53.5830	296	220.4214	148	220.4214
crcB	414	10060	24.2995	71	103.8271	35	102.3647
group_6172	933	4858	5.2069	33	21.4134	16	20.7645
asnS	1365	80669	59.0982	542	240.3915	271	240.3915
group_6177	1236	10036	8.1197	69	33.7974	34	33.3076
group_6178	912	0	0.0000	0	0.0000	0	0.0000
group_6179	780	42262	54.1821	294	228.1946	147	228.1946
era	957	52342	54.6938	357	225.8441	178	225.2115
group_6180	699	604	0.8641	4	3.4645	2	3.4645
group_6182	384	151	0.3932	1	1.5766	0	0.0000
livG	774	37207	48.0711	250	195.5472	125	195.5472
thiL	969	55972	57.7626	379	236.7925	189	236.1677
group_6187	750	604	0.8053	4	3.2289	2	3.2289
group_6190	630	3318	5.2667	22	21.1414	11	21.1414
group_6191	699	449	0.6423	3	2.5983	1	1.7322
group_6192	489	5321	10.8814	38	47.0465	19	47.0465
group_6193	201	190	0.9453	2	6.0240	1	6.0240
group_6195	1518	17491	11.5224	119	47.4600	59	47.0612
group_6196	543	295	0.5433	2	2.2299	1	2.2299
virD4	2043	0	0.0000	0	0.0000	0	0.0000
group_6198	5901	4677	0.7926	31	3.1805	15	3.0779
group_6199	462	1481	3.2056	10	13.1042	5	13.1042
group_6201	717	17168	23.9442	120	101.3245	60	101.3245
group_6202	663	34601	52.1885	240	219.1544	120	219.1544
group_6205	543	18304	33.7090	126	140.4828	63	140.4828
group_6206	261	456	1.7471	3	6.9588	1	4.6392
group_6207	234	428	1.8291	4	10.3490	2	10.3490
group_6208	234	0	0.0000	0	0.0000	0	0.0000
murG	1095	56523	51.6192	383	211.7567	191	211.2038
group_6210	939	25759	27.4324	177	114.1196	88	113.4749
group_6213	339	1704	5.0265	14	25.0024	7	25.0024
group_6214	519	18643	35.9210	132	153.9782	66	153.9782
group_6215	2022	3831	1.8947	26	7.7848	13	7.7848
group_6221	210	0	0.0000	0	0.0000	0	0.0000
group_6219	417	6451	15.4700	46	66.7843	23	66.7843
group_6220	1086	21564	19.8564	148	82.5058	74	82.5058
group_6222	3051	6015	1.9715	40	7.9373	20	7.9373
group_6227	369	12685	34.3767	95	155.8654	47	154.2247
group_6229	267	974	3.6479	7	15.8723	3	13.6048
group_6230	108	0	0.0000	0	0.0000	0	0.0000
group_6231	303	10383	34.2673	70	139.8646	35	139.8646
group_6233	417	0	0.0000	0	0.0000	0	0.0000
group_6234	918	43562	47.4532	295	194.5503	147	193.8908
group_6236	360	6955	19.3194	47	79.0402	23	77.3585
group_19117	381	0	0.0000	0	0.0000	0	0.0000
group_6241	249	452	1.8153	3	7.2941	1	4.8628
group_6240	1041	29435	28.2757	202	117.4771	101	117.4771
desA	1071	61207	57.1494	412	232.8951	206	232.8951
group_6242	1392	20715	14.8815	140	60.8894	70	60.8894
group_6243	399	14760	36.9925	109	165.3888	54	163.8715
group_6245	162	186	1.1481	2	7.4742	1	7.4742
group_6249	162	0	0.0000	0	0.0000	0	0.0000
group_6248	261	7911	30.3103	63	146.1344	31	143.8148
group_6247	1251	57456	45.9281	387	187.2864	193	186.8024
lpp	417	7329	17.5755	54	78.3990	27	78.3990
group_6250	270	263	0.9741	2	4.4845	1	4.4845
group_6251	654	12741	19.4817	87	80.5367	43	79.6110
group_6252	675	14874	22.0356	107	95.9693	53	95.0724
group_6253	360	586	1.6278	4	6.7268	2	6.7268
group_6254	1128	3266	2.8954	23	12.3444	11	11.8077
group_6255	1809	94085	52.0094	628	210.1714	314	210.1714
group_6256	1863	1963	1.0537	13	4.2246	6	3.8996
cas4	594	14753	24.8367	103	104.9792	51	103.9600
purL	2271	137044	60.3452	924	246.3244	462	246.3244
group_6258	225	2273	10.1022	17	45.7424	8	43.0517
group_6259	1284	6240	4.8598	43	20.2748	21	19.8033
group_6263	330	0	0.0000	0	0.0000	0	0.0000
group_6264	675	1200	1.7778	9	8.0722	4	7.1753
dltA	6507	164576	25.2921	1073	99.8324	536	99.7393
group_6267	318	11672	36.7044	82	156.1131	41	156.1131
group_6268	381	11795	30.9580	84	133.4771	42	133.4771
group_6270	159	1302	8.1887	11	41.8840	5	38.0764
group_6273	135	210	1.5556	2	8.9691	1	8.9691
group_6274	840	13359	15.9036	84	60.5414	42	60.5414
group_6276	252	2567	10.1865	17	40.8414	8	38.4390
group_6278	414	277	0.6691	2	2.9247	1	2.9247
group_16606	1293	578	0.4470	4	1.8729	2	1.8729
group_16607	729	453	0.6214	3	2.4914	1	1.6609
group_6282	114	0	0.0000	0	0.0000	0	0.0000
group_6284	888	14017	15.7849	96	65.4502	48	65.4502
group_6285	480	0	0.0000	0	0.0000	0	0.0000
group_6287	711	755	1.0619	5	4.2575	2	3.4060
group_6289	564	16499	29.2535	114	122.3709	57	122.3709
group_6290	222	414	1.8649	4	10.9084	2	10.9084
ycf34	249	7059	28.3494	51	124.0005	25	121.5691
group_6293	420	5036	11.9905	35	50.4512	17	49.0097
group_6294	792	302	0.3813	2	1.5288	1	1.5288
group_6296	1161	23539	20.2748	160	83.4335	80	83.4335
group_6301	807	44231	54.8092	302	226.5614	151	226.5614
group_6302	1032	1021	0.9893	7	4.1065	3	3.5198
group_6303	2184	2618	1.1987	20	5.5441	10	5.5441
group_6304	1569	364	0.2320	2	0.7717	1	0.7717
group_6305	2139	2265	1.0589	15	4.2455	7	3.9625
obgE	1029	56139	54.5569	380	223.5737	190	223.5737
group_6310	159	0	0.0000	0	0.0000	0	0.0000
group_6309	492	6783	13.7866	45	55.3732	22	54.1427
iap	990	46683	47.1545	320	195.6894	160	195.6894
sufS	1263	64704	51.2304	439	210.4329	219	209.9536
group_6312	1191	70822	59.4643	488	248.0622	244	248.0622
cBSCP12	618	34086	55.1553	246	240.9901	123	240.9901
group_6313	573	28447	49.6457	193	203.9178	96	202.8613
group_6314	1266	20514	16.2038	140	66.9494	70	66.9494
group_6317	192	162	0.8438	2	6.3064	1	6.3064
group_6318	507	1757	3.4655	12	14.3293	6	14.3293
group_6319	765	1902	2.4863	13	10.2881	6	9.4967
group_6322	747	5466	7.3173	38	30.7975	19	30.7975
yliI	1305	45016	34.4950	302	140.1035	151	140.1035
group_6324	495	0	0.0000	0	0.0000	0	0.0000
group_6325	693	453	0.6537	3	2.6208	1	1.7472
group_6326	372	0	0.0000	0	0.0000	0	0.0000
group_6327	654	10080	15.4128	69	63.8740	34	62.9483
group_6328	780	0	0.0000	0	0.0000	0	0.0000
group_6329	633	1651	2.6082	12	11.4770	6	11.4770
group_6332	2241	302	0.1348	2	0.5403	1	0.5403
group_6334	852	4349	5.1045	30	21.3174	15	21.3174
group_6335	933	3609	3.8682	24	15.5734	12	15.5734
group_6336	471	19025	40.3928	136	174.8117	68	174.8117
group_6337	555	21333	38.4378	144	157.0804	72	157.0804
group_6338	330	4720	14.3030	32	58.7068	16	58.7068
group_6340	495	10016	20.2343	70	85.6141	35	85.6141
yheT	1071	58469	54.5929	393	222.1548	196	221.5895
group_6341	651	2660	4.0860	18	16.7396	9	16.7396
group_6344	852	5547	6.5106	38	27.0020	19	27.0020
group_6345	399	1123	2.8145	8	12.1386	4	12.1386
group_6348	345	8662	25.1072	61	107.0442	30	105.2894
group_6351	1464	81134	55.4194	546	225.7897	273	225.7897
group_6355	174	151	0.8678	1	3.4794	0	0.0000
group_6356	426	2295	5.3873	16	22.7386	8	22.7386
group_6359	2124	107679	50.6963	700	199.5244	350	199.5244
asd	1038	58872	56.7168	405	236.2165	202	235.6332
sodA	864	13839	16.0174	92	64.4654	46	64.4654
group_6361	522	151	0.2893	1	1.1598	0	0.0000
group_6365	978	11510	11.7689	79	48.9036	39	48.2846
group_6364	189	1296	6.8571	12	38.4390	6	38.4390
group_6366	600	21697	36.1617	153	154.3806	76	153.3716
rlmN	1026	12669	12.3480	85	50.1561	42	49.5661
group_6369	417	5892	14.1295	42	60.9770	21	60.9770
group_17160	432	604	1.3981	4	5.6057	2	5.6057
group_6370	993	1022	1.0292	7	4.2678	3	3.6581
group_6371	957	0	0.0000	0	0.0000	0	0.0000
group_6373	156	0	0.0000	0	0.0000	0	0.0000
group_6378	1488	16444	11.0511	112	45.5688	56	45.5688
group_6379	1425	2585	1.8140	17	7.2225	8	6.7976
group_6380	1068	0	0.0000	0	0.0000	0	0.0000
group_6382	108	0	0.0000	0	0.0000	0	0.0000
group_6383	642	0	0.0000	0	0.0000	0	0.0000
group_6384	909	30444	33.4917	208	138.5326	104	138.5326
cHASE2	2471	136394	55.1979	916	224.4271	458	224.4271
group_6387	771	40409	52.4112	275	215.9389	137	215.1537
gloB	687	27144	39.5109	189	166.5550	94	165.6737
group_6389	579	14768	25.5060	103	107.6989	51	106.6533
group_6390	186	123	0.6613	2	6.5098	1	6.5098
group_6391	156	0	0.0000	0	0.0000	0	0.0000
group_6393	147	0	0.0000	0	0.0000	0	0.0000
group_6394	591	601	1.0169	4	4.0976	2	4.0976
group_6396	282	6242	22.1348	43	92.3149	21	90.1681
group_6397	444	7624	17.1712	54	73.6314	27	73.6314
group_6399	240	516	2.1500	4	10.0902	2	10.0902
group_6400	204	577	2.8284	5	14.8386	2	11.8709
group_6404	447	3671	8.2125	25	33.8599	12	32.5055
group_6406	213	0	0.0000	0	0.0000	0	0.0000
group_6410	333	3462	10.3964	23	41.8154	11	39.9973
yidD	240	6285	26.1875	45	113.5151	22	110.9926
group_6414	378	302	0.7989	2	3.2032	1	3.2032
group_6415	372	707	1.9005	5	8.1373	2	6.5098
group_6416	465	1711	3.6796	12	15.6236	6	15.6236
group_6417	300	8548	28.4933	58	117.0467	29	117.0467
group_6418	234	2145	9.1667	15	38.8086	7	36.2214
group_6420	210	1313	6.2524	10	28.8292	5	28.8292
group_6422	528	5081	9.6231	34	38.9850	17	38.9850
group_6423	360	11739	32.6083	94	158.0804	47	158.0804
group_6424	633	1421	2.2449	10	9.5642	5	9.5642
group_6425	2028	2383	1.1750	16	4.7764	8	4.7764
group_6426	345	437	1.2667	3	5.2645	1	3.5096
group_6427	606	8985	14.8267	60	59.9420	30	59.9420
group_6430	783	12651	16.1571	84	64.9486	42	64.9486
group_6431	531	4806	9.0508	29	33.0640	14	31.9239
group_6432	366	0	0.0000	0	0.0000	0	0.0000
group_6434	510	9342	18.3176	62	73.5994	31	73.5994
group_6435	1044	8364	8.0115	58	33.6341	29	33.6341
group_6436	339	1085	3.2006	8	14.2871	4	14.2871
group_6437	600	2805	4.6750	19	19.1714	9	18.1624
ppk1	2169	106795	49.2370	712	198.7344	356	198.7344
group_6438	3120	10852	3.4782	63	12.2247	31	12.0307
group_6440	180	0	0.0000	0	0.0000	0	0.0000
group_6441	372	5379	14.4597	40	65.0983	20	65.0983
group_6443	4725	90516	19.1568	473	60.6055	236	60.4773
group_6444	453	6036	13.3245	43	57.4676	21	56.1311
group_6447	2067	37532	18.1577	198	57.9932	99	57.9932
tra8	198	872	4.4040	7	21.4035	3	18.3459
group_6448	1173	6531	5.5678	43	22.1934	21	21.6772
group_6449	702	28842	41.0855	198	170.7578	99	170.7578
group_6451	4398	27091	6.1598	180	24.7782	90	24.7782
tadA	513	22656	44.1637	155	182.9224	77	181.7423
group_6453	99	99	1.0000	1	6.1153	0	0.0000
rpsP	249	8416	33.7992	63	153.1771	31	150.7457
group_6456	420	4036	9.6095	29	41.8024	14	40.3609
norV	348	15492	44.5172	112	194.8459	56	194.8459
group_6458	231	453	1.9610	3	7.8625	1	5.2417
group_6460	192	700	3.6458	5	15.7660	2	12.6128
group_6462	267	334	1.2509	2	4.5349	1	4.5349
group_6463	1416	6567	4.6377	41	17.5296	20	17.1021
group_14831	597	302	0.5059	2	2.0282	1	2.0282
group_6464	153	0	0.0000	0	0.0000	0	0.0000
group_6465	279	367	1.3154	3	6.5098	1	4.3399
group_6468	159	0	0.0000	0	0.0000	0	0.0000
group_6467	2034	44986	22.1170	301	89.5918	150	89.2941
ubiX	618	2748	4.4466	19	18.6131	9	17.6334
ispG	1221	68763	56.3170	466	231.0590	233	231.0590
group_6470	570	27616	48.4491	194	206.0532	97	206.0532
group_6471	207	1411	6.8164	10	29.2471	5	29.2471
group_6473	189	151	0.7989	1	3.2032	0	0.0000
group_6476	366	12102	33.0656	85	140.6016	42	138.9475
group_6478	435	8470	19.4713	59	82.1136	29	80.7219
group_6479	804	11281	14.0311	75	56.4752	37	55.7222
group_6480	3312	13242	3.9982	88	16.0859	44	16.0859
group_6481	273	104	0.3810	2	4.4353	1	4.4353
group_6482	954	15370	16.1111	104	65.9990	52	65.9990
group_6484	414	9283	22.4227	66	96.5153	33	96.5153
group_6485	423	3725	8.8061	28	40.0747	14	40.0747
group_6486	681	9628	14.1380	68	60.4525	34	60.4525
group_6487	1665	59243	35.5814	399	145.0812	199	144.7176
group_6488	2241	74242	33.1290	493	133.1857	246	132.9156
group_6491	186	3866	20.7849	30	97.6474	15	97.6474
group_6492	963	52954	54.9886	364	228.8377	182	228.8377
group_6494	816	29195	35.7782	202	149.8697	101	149.8697
group_6495	225	928	4.1244	8	21.5258	4	21.5258
group_6497	228	1546	6.7807	12	31.8639	6	31.8639
group_6498	303	8733	28.8218	59	117.8859	29	115.8879
group_6499	2031	39628	19.5116	266	79.2911	133	79.2911
ilvB	1854	116080	62.6106	782	255.3581	391	255.3581
ibpA	411	14197	34.5426	107	157.6139	53	156.1409
group_6502	261	0	0.0000	0	0.0000	0	0.0000
glnK	318	11386	35.8050	85	161.8245	42	159.9207
rimI	621	22524	36.2705	157	153.0596	78	152.0847
cofH	1218	11300	9.2775	75	37.2792	37	36.7821
group_6503	288	1828	6.3472	13	27.3277	6	25.2256
group_6505	288	539	1.8715	4	8.4085	2	8.4085
group_6506	981	48424	49.3619	330	203.6561	165	203.6561
group_6508	333	8713	26.1652	60	109.0836	30	109.0836
group_6509	426	0	0.0000	0	0.0000	0	0.0000
adhE	2694	149740	55.5828	1001	224.9516	500	224.7268
group_6510	645	14247	22.0884	98	91.9854	49	91.9854
purC	726	33725	46.4532	229	190.9640	114	190.1301
group_6511	396	3835	9.6843	27	41.2782	13	39.7494
group_6513	696	0	0.0000	0	0.0000	0	0.0000
group_6514	858	603	0.7028	4	2.8224	2	2.8224
group_6515	660	15581	23.6076	109	99.9851	54	99.0678
ndhO	252	5633	22.3532	40	96.0975	20	96.0975
group_6517	390	0	0.0000	0	0.0000	0	0.0000
group_6520	7899	249921	31.6396	1664	127.5363	832	127.5363
ldcB	747	29925	40.0602	206	166.9549	103	166.9549
pip	1095	16601	15.1607	112	61.9236	56	61.9236
group_6522	159	0	0.0000	0	0.0000	0	0.0000
group_6524	573	14309	24.9721	96	101.4306	48	101.4306
group_6525	669	38430	57.4439	266	240.7177	133	240.7177
group_6526	1731	1303	0.7527	9	3.1477	4	2.7980
group_6527	216	0	0.0000	0	0.0000	0	0.0000
group_6529	141	0	0.0000	0	0.0000	0	0.0000
spoT	3042	115939	38.1128	775	154.2393	387	154.0403
group_6531	579	2632	4.5458	18	18.8212	9	18.8212
group_6532	1002	26845	26.7914	181	109.3612	90	108.7570
group_6533	759	20001	26.3518	138	110.0753	69	110.0753
group_6534	972	302	0.3107	2	1.2457	1	1.2457
group_6535	492	3259	6.6240	23	28.3019	11	27.0714
group_6536	882	48137	54.5771	326	223.7698	163	223.7698
group_6537	429	4013	9.3543	27	38.1030	13	36.6918
argG	1323	69871	52.8125	473	216.4481	236	215.9905
group_6540	669	0	0.0000	0	0.0000	0	0.0000
group_6541	1029	56698	55.1001	387	227.6922	193	227.1038
group_6542	237	0	0.0000	0	0.0000	0	0.0000
group_6543	249	529	2.1245	4	9.7255	2	9.7255
group_6544	255	0	0.0000	0	0.0000	0	0.0000
group_6545	345	989	2.8667	7	12.2838	3	10.5289
gyrB	3228	167139	51.7779	906	169.9211	453	169.9211
group_6551	1686	91597	54.3280	613	220.1179	306	219.7589
gnd	1428	81194	56.8585	551	233.6017	275	233.1777
group_6552	106	0	0.0000	0	0.0000	0	0.0000
spoIVFB	1230	68284	55.5154	461	226.9072	230	226.4150
group_6557	1284	7318	5.6994	51	24.0468	25	23.5753
group_6563	189	328	1.7354	2	6.4065	1	6.4065
group_6564	5175	71666	13.8485	477	55.8034	238	55.6864
cobN	3642	207147	56.8773	1380	229.3991	690	229.3991
group_6567	459	6277	13.6754	43	56.7164	21	55.3974
lexA	615	24400	39.6748	174	171.2879	87	171.2879
group_6570	855	882	1.0316	6	4.2485	3	4.2485
acrB	3303	195611	59.2222	1305	239.1963	652	239.0130
group_6571	762	1332	1.7480	10	7.9451	5	7.9451
group_6574	831	0	0.0000	0	0.0000	0	0.0000
group_6575	3210	193832	60.3838	1301	245.3719	650	245.1833
group_6577	324	3448	10.6420	27	50.4512	13	48.5826
gcvP	3045	82377	27.0532	555	110.3464	277	110.1476
group_6578	756	0	0.0000	0	0.0000	0	0.0000
ycf37	537	27144	50.5475	191	215.3335	95	214.2061
group_6579	2700	156368	57.9141	1046	234.5419	523	234.5419
group_6580	297	8921	30.0370	65	132.4980	32	130.4596
group_6583	759	10307	13.5797	72	57.4306	36	57.4306
petC	540	30525	56.5278	210	235.4388	105	235.4388
hsdM	3330	35579	10.6844	222	40.3609	111	40.3609
group_6586	2655	97476	36.7141	651	148.4462	325	148.2181
gyrA	2691	142510	52.9580	960	215.9783	480	215.9783
tM2	399	21391	53.6115	154	233.6686	77	233.6686
group_6587	2430	151	0.0621	1	0.2491	0	0.0000
group_6589	2004	70329	35.0943	471	142.2904	235	141.9883
group_6590	1137	872	0.7669	6	3.1948	3	3.1948
group_6591	168	0	0.0000	0	0.0000	0	0.0000
ilvE	969	52604	54.2869	357	223.0473	178	222.4225
cutA1	339	520	1.5339	5	8.9294	2	7.1435
group_6592	1239	26759	21.5973	181	88.4423	90	87.9536
group_6593	984	18854	19.1606	128	78.7531	64	78.7531
group_6594	582	25753	44.2491	182	189.3219	91	189.3219
group_6595	468	2316	4.9487	17	21.9915	8	20.6979
group_6597	555	5834	10.5117	42	45.8151	21	45.8151
group_6598	3828	4822	1.2597	32	5.0609	16	5.0609
group_6599	3516	1057	0.3006	7	1.2053	3	1.0331
group_6601	2238	8704	3.8892	58	15.6899	29	15.6899
prs	993	53313	53.6888	363	221.3145	181	220.7048
group_6606	678	0	0.0000	0	0.0000	0	0.0000
group_6607	2166	0	0.0000	0	0.0000	0	0.0000
ndk	510	26841	52.6294	187	221.9852	93	220.7981
group_6610	99	0	0.0000	0	0.0000	0	0.0000
group_6611	165	0	0.0000	0	0.0000	0	0.0000
group_6613	1209	60946	50.4103	413	206.8123	206	206.3115
group_6614	2169	124819	57.5468	838	233.9037	419	233.9037
miaE	585	28114	48.0581	196	202.8396	98	202.8396
group_6618	159	1055	6.6352	7	26.6535	3	22.8458
group_6619	2082	75127	36.0841	505	146.8464	252	146.5556
group_6620	960	451	0.4698	3	1.8919	1	1.2613
group_6621	156	0	0.0000	0	0.0000	0	0.0000
group_6622	552	2093	3.7917	15	16.4515	7	15.3547
group_6623	225	994	4.4178	7	18.8351	3	16.1444
group_6624	219	415	1.8950	4	11.0578	2	11.0578
group_6628	2049	122699	59.8824	828	244.6476	414	244.6476
group_6627	537	24885	46.3408	172	193.9129	86	193.9129
recR	735	31429	42.7605	212	174.6228	106	174.6228
group_6632	2037	8542	4.1934	58	17.2381	29	17.2381
group_6631	474	22578	47.6329	163	208.1909	81	206.9137
group_6633	2019	107257	53.1238	718	215.2983	359	215.2983
group_6635	2013	10969	5.4491	74	22.2557	37	22.2557
gDB1	1989	108264	54.4314	728	221.5895	364	221.5895
group_6642	426	2576	6.0469	18	25.5809	9	25.5809
group_6643	825	2030	2.4606	14	10.2737	7	10.2737
group_6644	1452	62605	43.1164	425	177.2045	212	176.7876
fAA1	1920	109073	56.8089	737	232.3907	368	232.0754
group_6646	1902	104119	54.7419	699	222.4945	349	222.1762
group_6647	222	2046	9.2162	14	38.1793	7	38.1793
group_6649	699	0	0.0000	0	0.0000	0	0.0000
cbiN	315	1492	4.7365	10	19.2195	5	19.2195
pyrR	621	32377	52.1369	221	215.4533	110	214.4784
lolD	744	30111	40.4718	207	168.4418	103	167.6281
group_6650	1854	112352	60.5998	761	248.5006	380	248.1741
group_6653	1839	1651	0.8978	11	3.6213	5	3.2921
group_6654	591	9136	15.4585	62	63.5121	31	63.5121
group_6656	1251	17686	14.1375	138	66.7843	69	66.7843
group_6657	1185	1204	1.0160	8	4.0872	4	4.0872
group_6658	660	13250	20.0758	93	85.3084	46	84.3911
group_6659	1764	20063	11.3736	136	46.6759	68	46.6759
group_6660	1806	12975	7.1844	87	29.1645	43	28.8292
group_6661	684	3109	4.5453	21	18.5873	10	17.7022
group_6662	165	0	0.0000	0	0.0000	0	0.0000
dxs	1911	117811	61.6489	793	251.2263	396	250.9095
rnjA	1749	98804	56.4917	670	231.9196	335	231.9196
group_6667	1749	46778	26.7456	314	108.6907	157	108.6907
group_6668	759	28843	38.0013	195	155.5412	97	154.7435
group_6670	813	3014	3.7073	21	15.6380	10	14.8933
group_6671	1743	18110	10.3901	121	42.0282	60	41.6808
leuA	1179	25742	21.8338	175	89.8621	87	89.3486
group_6673	1719	94776	55.1344	640	225.4014	320	225.4014
pabB	1338	78019	58.3102	528	238.9078	264	238.9078
aroA	1398	71049	50.8219	483	209.1667	241	208.7336
gsiA	1764	104326	59.1417	693	237.8413	346	237.4981
group_6677	714	11616	16.2689	81	68.6814	40	67.8335
group_6678	1707	25519	14.9496	174	61.7118	87	61.7118
group_6679	1677	6319	3.7680	44	15.8844	22	15.8844
prfC	1656	97418	58.8273	655	239.4603	327	239.0947
yhcF	1050	50247	47.8543	344	198.3452	172	198.3452
group_6680	1653	96023	58.0901	648	237.3311	324	237.3311
group_6684	708	8285	11.7020	48	41.0450	24	41.0450
cobC	1344	72523	53.9606	491	221.1744	245	220.7239
group_6690	1056	14829	14.0426	103	59.0508	51	58.4775
pgm	1842	104355	56.6531	700	230.0705	350	230.0705
group_6693	981	5955	6.0703	41	25.3027	20	24.6856
group_6694	1926	27975	14.5249	190	59.7241	95	59.7241
group_6695	1614	10830	6.7100	74	27.7575	37	27.7575
group_6696	1602	97960	61.1486	660	249.4215	330	249.4215
group_6700	261	0	0.0000	0	0.0000	0	0.0000
group_6698	330	265	0.8030	2	3.6692	1	3.6692
sufB	1593	54413	34.1576	372	141.3773	186	141.3773
sufC	771	42873	55.6070	308	241.8516	154	241.8516
sufD	1503	79148	52.6600	528	212.6804	264	212.6804
bglX	1584	90363	57.0473	609	232.7634	304	232.3812
group_6702	1578	691	0.4379	6	2.3020	3	2.3020
hyuB	1572	94007	59.8009	638	245.7088	319	245.7088
group_6704	1014	48229	47.5631	323	192.8489	161	192.2518
group_6705	423	1393	3.2931	9	12.8812	4	11.4499
group_6707	1563	87679	56.0966	591	228.9186	295	228.5312
nuoM	1602	94181	58.7896	633	239.2179	316	238.8400
group_6710	366	0	0.0000	0	0.0000	0	0.0000
group_6712	1584	14105	8.9047	95	36.3096	47	35.9274
group_6713	1302	65408	50.2366	443	205.9896	221	205.5246
group_6714	1539	86845	56.4295	589	231.7017	294	231.3083
group_6717	351	1057	3.0114	7	12.0738	3	10.3490
group_6718	1704	62051	36.4149	420	149.2218	210	149.2218
group_6719	327	5916	18.0917	44	81.4625	22	81.4625
group_6720	882	30651	34.7517	206	141.4006	103	141.4006
group_6721	252	1013	4.0198	8	19.2195	4	19.2195
radA	1527	94895	62.1447	640	253.7427	320	253.7427
lnt	1557	85846	55.1355	583	226.6901	291	226.3012
group_6723	300	767	2.5567	6	12.1083	3	12.1083
group_6729	495	0	0.0000	0	0.0000	0	0.0000
group_6730	1533	83802	54.6654	566	223.5254	283	223.5254
group_6731	381	5878	15.4278	41	65.1496	20	63.5605
group_6733	114	0	0.0000	0	0.0000	0	0.0000
group_6735	606	13369	22.0611	92	91.9111	46	91.9111
group_6736	1464	63390	43.2992	432	178.6468	216	178.6468
group_6737	642	3926	6.1153	27	25.4613	13	24.5183
group_6738	564	151	0.2677	1	1.0734	0	0.0000
group_6739	552	26647	48.2736	188	206.1918	94	206.1918
group_6740	579	0	0.0000	0	0.0000	0	0.0000
group_6742	903	0	0.0000	0	0.0000	0	0.0000
group_6743	789	899	1.1394	6	4.6039	3	4.6039
group_6744	840	2481	2.9536	17	12.2524	8	11.5317
ybeY	513	24430	47.6218	173	204.1650	86	202.9849
recQ	1452	75924	52.2893	508	211.8116	254	211.8116
group_6745	753	25072	33.2961	170	136.6805	85	136.6805
group_6746	189	3578	18.9312	28	89.6910	14	89.6910
gltX	1443	77049	53.3950	521	218.5868	260	218.1673
group_6747	315	3311	10.5111	25	48.0487	12	46.1268
group_6748	444	0	0.0000	0	0.0000	0	0.0000
group_6749	279	964	3.4552	7	15.1896	3	13.0197
group_6755	198	3338	16.8586	24	73.3835	12	73.3835
glnA	1422	79051	55.5914	538	229.0526	269	229.0526
group_6757	1122	14196	12.6524	97	52.3397	48	51.8001
bchN	1401	36357	25.9507	245	105.8718	122	105.4397
rbfA	411	13813	33.6083	98	144.3567	49	144.3567
group_6760	270	1062	3.9333	8	17.9382	4	17.9382
ugd	1386	77932	56.2280	526	229.7603	263	229.7603
sulP	1689	86665	51.3114	583	208.9736	291	208.6152
group_6761	798	5830	7.3058	40	30.3466	20	30.3466
thiC	1383	85620	61.9089	587	256.9617	293	256.5240
ppnK	966	28094	29.0828	195	122.2109	97	121.5842
group_6762	489	1279	2.6155	9	11.1426	4	9.9045
group_6763	1824	15792	8.6579	105	34.8511	52	34.5192
piuC	864	35018	40.5301	240	168.1706	120	168.1706
group_6764	156	0	0.0000	0	0.0000	0	0.0000
mlaD	1392	75308	54.1006	507	220.5064	253	220.0715
group_6765	1380	453	0.3283	3	1.3161	1	0.8774
group_6767	210	188	0.8952	2	5.7658	1	5.7658
rlmK	1185	68194	57.5477	460	235.0131	230	235.0131
opcA	1356	79374	58.5354	539	240.6476	269	240.2012
group_6769	1323	76470	57.8005	519	237.4981	259	237.0405
purA	1344	69901	52.0097	473	213.0661	236	212.6157
ctaA	951	59329	62.3859	402	255.9164	201	255.9164
group_6770	1335	84115	63.0075	576	261.2124	288	261.2124
tig	1398	78187	55.9278	526	227.7881	263	227.7881
clpX	1335	76289	57.1453	518	234.9097	259	234.9097
trkG	1335	73555	55.0974	500	226.7469	250	226.7469
spoIID	1599	87622	54.7980	596	225.6578	298	225.6578
group_6772	1212	247154	203.9224	1672	835.1918	836	835.1918
group_6773	741	745	1.0054	5	4.0851	2	3.2681
group_6774	660	0	0.0000	0	0.0000	0	0.0000
group_6775	759	0	0.0000	0	0.0000	0	0.0000
group_6776	612	3993	6.5245	27	26.7094	13	25.7202
group_6777	741	10983	14.8219	75	61.2767	37	60.4597
group_6778	1476	18621	12.6159	122	50.0410	61	50.0410
group_6779	837	21941	26.2139	152	109.9438	76	109.9438
group_6783	2031	119418	58.7976	798	237.8732	399	237.8732
pepP	1332	83558	62.7312	563	255.8920	281	255.4375
group_6784	135	0	0.0000	0	0.0000	0	0.0000
group_6785	1320	4469	3.3856	30	13.7594	15	13.7594
group_6786	1305	65875	50.4789	441	204.5882	220	204.1243
group_6787	474	27531	58.0823	194	247.7855	97	247.7855
fba	1080	54356	50.3296	371	207.9710	185	207.4104
group_6788	189	211	1.1164	2	6.4065	1	6.4065
fabH	1002	54493	54.3842	366	221.1393	183	221.1393
group_6791	1314	78687	59.8836	539	248.3396	269	247.8788
group_6793	1365	72502	53.1150	486	215.5540	243	215.5540
pyk	1422	29519	20.7588	200	85.1497	100	85.1497
group_6794	183	0	0.0000	0	0.0000	0	0.0000
group_6798	1329	73422	55.2460	499	227.3150	249	226.8595
group_6800	780	0	0.0000	0	0.0000	0	0.0000
group_6801	471	6940	14.7346	49	62.9836	24	61.6983
gltD	1485	90389	60.8680	612	249.5040	306	249.5040
group_6803	501	14469	28.8802	99	119.6327	49	118.4243
trpB	1278	65833	51.5125	447	211.7528	223	211.2791
tauA	1233	48980	39.7242	327	160.5600	163	160.0689
group_6805	399	11001	27.5714	79	119.8690	39	118.3516
group_6806	1638	2265	1.3828	15	5.5441	7	5.1745
group_6809	1272	54339	42.7193	366	174.1993	183	174.1993
group_6810	3069	33314	10.8550	221	43.5961	110	43.3989
group_6811	2100	8776	4.1790	59	17.0093	29	16.7210
group_6812	1254	6539	5.2145	44	21.2426	22	21.2426
group_6814	1200	302	0.2517	2	1.0090	1	1.0090
vacB	2259	128428	56.8517	862	231.0168	431	231.0168
nusA	1197	68610	57.3183	466	235.6917	233	235.6917
dgkA	489	23120	47.2802	165	204.2808	82	203.0428
group_6817	1191	63174	53.0428	430	218.5794	215	218.5794
group_6818	147	476	3.2381	4	16.4739	2	16.4739
group_6819	915	40541	44.3071	274	181.2934	137	181.2934
group_6820	1701	77056	45.3004	519	184.7207	259	184.3648
group_6821	1266	59598	47.0758	398	190.3277	199	190.3277
paaJ	1191	64344	54.0252	428	217.5628	214	217.5628
group_6825	1353	5757	4.2550	42	18.7933	21	18.7933
group_6827	2313	29503	12.7553	197	51.5636	98	51.3018
kefB	1512	32793	21.6885	220	88.0894	110	88.0894
group_6828	354	1427	4.0311	10	17.1021	5	17.1021
group_6829	2220	1670	0.7523	11	2.9998	5	2.7271
group_6830	2133	10257	4.8087	70	19.8683	35	19.8683
group_6832	366	2336	6.3825	16	26.4662	8	26.4662
group_6833	198	0	0.0000	0	0.0000	0	0.0000
pnp	2169	69056	31.8377	464	129.5123	232	129.5123
group_6834	810	2579	3.1840	17	12.7062	8	11.9588
ppro0129	1278	20077	15.7097	136	64.4259	68	64.4259
group_6835	972	37949	39.0422	260	161.9420	130	161.9420
mtnW	1161	25546	22.0034	171	89.1695	85	88.6481
group_6836	1200	61874	51.5617	418	210.8859	209	210.8859
group_6837	555	18826	33.9207	132	143.9904	66	143.9904
bioF	1329	66146	49.7713	446	203.1713	223	203.1713
group_6838	1308	8641	6.6063	59	27.3084	29	26.8456
urtC	1155	62607	54.2052	424	222.2473	212	222.2473
yheB	1266	25580	20.2054	176	84.1650	88	84.1650
group_6841	1176	27331	23.2406	182	93.6950	91	93.6950
group_6843	768	35337	46.0117	240	189.1919	120	189.1919
proB	1167	62584	53.6281	423	219.4432	211	218.9244
group_6844	291	2780	9.5533	21	43.6897	10	41.6092
group_6847	678	30701	45.2817	210	187.5176	105	187.5176
group_6846	195	1236	6.3385	9	27.9422	4	24.8375
group_6849	420	3251	7.7405	23	33.1536	11	31.7122
group_6850	1701	15012	8.8254	101	35.9476	50	35.5917
group_6851	1194	2553	2.1382	18	9.1268	9	9.1268
group_6853	270	0	0.0000	0	0.0000	0	0.0000
group_6854	1131	69711	61.6366	472	252.6574	236	252.6574
group_6855	393	1876	4.7735	13	20.0264	6	18.4859
purK	1152	62775	54.4922	423	222.3005	211	221.7750
livH	975	46105	47.2872	312	193.7325	156	193.7325
rsgA	1077	59935	55.6500	407	228.7870	203	228.2248
group_6857	1119	22908	20.4718	156	84.4009	78	84.4009
ddaH	1119	151	0.1349	1	0.5410	0	0.0000
group_6860	906	0	0.0000	0	0.0000	0	0.0000
nanE	717	29282	40.8396	203	171.4073	101	170.5630
group_6861	936	25016	26.7265	172	111.2513	86	111.2513
group_6862	1122	51783	46.1524	352	189.9338	176	189.9338
gldA	1110	62988	56.7459	428	233.4390	214	233.4390
group_6865	138	0	0.0000	0	0.0000	0	0.0000
group_6866	1104	302	0.2736	2	1.0968	1	1.0968
group_6867	2019	32214	15.9554	215	64.4696	107	64.1697
rssA	1098	68490	62.3770	465	256.3912	232	255.8398
group_6869	768	151	0.1966	1	0.7883	0	0.0000
group_6870	1092	29504	27.0183	199	110.3273	99	109.7729
pilF	756	23668	31.3069	164	131.3332	82	131.3332
group_6871	660	5849	8.8621	43	39.4436	21	38.5264
group_6872	684	2718	3.9737	18	15.9320	9	15.9320
rseP	1485	78049	52.5582	528	215.2584	264	215.2584
group_6873	1146	54984	47.9791	370	195.4653	185	195.4653
group_6875	297	0	0.0000	0	0.0000	0	0.0000
group_6876	105	0	0.0000	0	0.0000	0	0.0000
ald	1119	50891	45.4790	351	189.9020	175	189.3610
group_6877	1083	5132	4.7387	34	19.0065	17	19.0065
group_6878	303	755	2.4917	5	9.9903	2	7.9923
pepA	1476	69423	47.0346	466	191.1402	233	191.1402
group_6879	474	2799	5.9051	21	26.8221	10	25.5449
group_6880	765	0	0.0000	0	0.0000	0	0.0000
group_6881	204	242	1.1863	2	5.9354	1	5.9354
group_6882	624	12549	20.1106	86	83.4385	43	83.4385
group_6883	1080	61584	57.0222	417	233.7571	208	233.1966
group_6884	441	2112	4.7891	14	19.2195	7	19.2195
group_6885	1080	1172	1.0852	8	4.4845	4	4.4845
group_6886	438	14031	32.0342	99	136.8402	49	135.4580
group_6887	561	824	1.4688	6	6.4750	3	6.4750
hrcA	1095	52751	48.1744	355	196.2758	177	195.7229
group_6889	228	4457	19.5482	33	87.6257	16	84.9704
sbcC	3024	173673	57.4315	1163	232.8362	581	232.6360
glyS	2133	134728	63.1636	904	256.5843	452	256.5843
ubiH	1236	67662	54.7427	461	225.8058	230	225.3159
group_6891	1071	59879	55.9094	412	232.8951	206	232.8951
group_6892	783	35973	45.9425	247	190.9799	123	190.2067
hypA	351	14716	41.9259	106	182.8316	53	182.8316
group_6894	1068	13032	12.2022	90	51.0180	45	51.0180
group_6895	327	566	1.7309	4	7.4057	2	7.4057
group_6896	3951	11097	2.8087	75	11.4923	37	11.3391
group_6897	168	428	2.5476	4	14.4146	2	14.4146
group_6898	291	0	0.0000	0	0.0000	0	0.0000
group_6901	666	8547	12.8333	60	54.5418	30	54.5418
aroF	1056	35162	33.2973	238	136.4475	119	136.4475
group_6902	441	6148	13.9410	40	54.9128	20	54.9128
group_6903	234	1450	6.1966	10	25.8724	5	25.8724
fbp	1047	53923	51.5024	368	212.7912	184	212.7912
group_6905	1575	906	0.5752	6	2.3063	3	2.3063
rnc	873	50849	58.2463	346	239.9465	173	239.9465
mreB	1041	25320	24.3228	169	98.2853	84	97.7037
mreD	582	13373	22.9777	91	94.6610	45	93.6207
group_6908	855	25415	29.7251	171	121.0828	85	120.3747
gCD1	729	25735	35.3018	176	146.1631	88	146.1631
group_6911	132	103	0.7803	1	4.5865	0	0.0000
group_6912	1038	50220	48.3815	338	197.1387	169	197.1387
group_6913	966	43170	44.6894	288	180.4961	144	180.4961
group_6915	1017	50515	49.6706	346	205.9718	173	205.9718
group_6916	1137	66378	58.3799	447	238.0124	223	237.4799
nagA	1152	60140	52.2049	407	213.8920	203	213.3664
group_6917	315	6252	19.8476	46	88.4097	23	88.4097
yraQ	1011	59566	58.9179	407	243.7226	203	243.1238
group_6919	243	900	3.7037	6	14.9485	3	14.9485
group_6920	1002	151	0.1507	1	0.6042	0	0.0000
mviM	1029	50183	48.7687	338	198.8629	169	198.8629
lgt	870	47194	54.2460	318	221.2893	159	221.2893
group_6922	522	19750	37.8352	139	161.2118	69	160.0520
aroE	909	55887	61.4818	380	253.0884	190	253.0884
group_6923	3375	10383	3.0764	69	12.3774	34	12.1980
hisM	996	49275	49.4729	339	206.0596	169	205.4518
group_6924	630	302	0.4794	2	1.9219	1	1.9219
ccsB	987	46617	47.2310	319	195.6708	159	195.0574
group_6925	1323	74792	56.5321	512	234.2948	256	234.2948
group_6926	795	38680	48.6541	262	199.5201	131	199.5201
group_6928	1326	7193	5.4246	48	21.9154	24	21.9154
group_6929	654	1580	2.4159	11	10.1828	5	9.2571
group_6930	981	4133	4.2130	28	17.2799	14	17.2799
group_6931	981	44035	44.8879	300	185.1419	150	185.1419
group_6932	354	755	2.1328	5	8.5510	2	6.8408
ybjT	978	57547	58.8415	388	240.1847	194	240.1847
group_6933	546	27007	49.4634	188	208.4576	94	208.4576
sds	972	54583	56.1553	375	233.5703	187	232.9474
group_6934	978	1634	1.6708	11	6.8094	5	6.1903
holB	966	45570	47.1739	308	193.0306	154	193.0306
rfaF	963	16420	17.0509	111	69.7829	55	69.1543
group_6937	1152	27961	24.2717	190	99.8513	95	99.8513
group_6938	2235	13788	6.1691	91	24.6500	45	24.3791
group_6939	960	50358	52.4563	346	218.2013	173	218.2013
rpoD	957	46436	48.5225	322	203.7026	161	203.7026
group_6941	978	43970	44.9591	304	188.1860	152	188.1860
group_6942	639	0	0.0000	0	0.0000	0	0.0000
group_6943	822	23379	28.4416	160	117.8422	80	117.8422
group_6944	231	418	1.8095	4	10.4834	2	10.4834
pgpB	714	23280	32.6050	152	128.8837	76	128.8837
cysC	555	23214	41.8270	159	173.4430	79	172.3521
purS	297	4098	13.7980	29	59.1145	14	57.0761
group_6948	2265	133926	59.1285	894	238.9582	447	238.9582
group_6949	1074	61494	57.2570	415	233.9356	207	233.3719
gldG	1527	91503	59.9234	620	245.8132	310	245.8132
group_6951	1221	27223	22.2957	184	91.2336	92	91.2336
group_6952	939	51331	54.6656	354	228.2392	177	228.2392
group_6953	1062	48979	46.1196	337	192.1135	168	191.5435
murE	1431	87321	61.0210	588	248.7656	294	248.7656
group_6955	477	11747	24.6268	85	107.8830	42	106.6138
group_6956	933	24262	26.0043	164	106.4179	82	106.4179
ycbX	792	40247	50.8169	278	212.5065	139	212.5065
group_6957	144	0	0.0000	0	0.0000	0	0.0000
lepB	591	32281	54.6210	223	228.4388	111	227.4144
group_6959	954	453	0.4748	3	1.9038	1	1.2692
group_6960	915	5668	6.1945	38	25.1429	19	25.1429
group_6962	1299	302	0.2325	2	0.9321	1	0.9321
group_6964	2757	13517	4.9028	91	19.9828	45	19.7632
group_6965	165	0	0.0000	0	0.0000	0	0.0000
pstB	1017	38959	38.3078	262	155.9671	131	155.9671
group_6966	225	0	0.0000	0	0.0000	0	0.0000
group_6967	177	0	0.0000	0	0.0000	0	0.0000
group_6969	906	40834	45.0706	277	185.0990	138	184.4308
pstC	960	60777	63.3094	416	262.3461	208	262.3461
group_6972	156	217	1.3910	2	7.7617	1	7.7617
group_6973	339	1945	5.7375	13	23.2165	6	21.4306
group_6974	306	3167	10.3497	23	45.5050	11	43.5265
group_6975	894	43200	48.3221	295	199.7731	147	199.0959
group_6976	957	0	0.0000	0	0.0000	0	0.0000
tab2	882	54662	61.9751	372	255.3447	186	255.3447
group_6979	153	160	1.0458	2	7.9139	1	7.9139
group_6980	309	0	0.0000	0	0.0000	0	0.0000
group_6981	867	50405	58.1373	346	241.6070	173	241.6070
group_6982	867	4668	5.3841	31	21.6469	15	20.9486
group_6983	585	1048	1.7915	7	7.2443	3	6.2094
group_6984	204	2790	13.6765	21	62.3220	10	59.3543
group_6985	198	2869	14.4899	20	61.1529	10	61.1529
group_15302	720	2114	2.9361	14	11.7719	7	11.7719
group_6986	669	29902	44.6966	204	184.6106	102	184.6106
ybhL	849	46200	54.4170	318	226.7629	159	226.7629
ypfJ	621	27492	44.2705	193	188.1561	96	187.1812
group_6990	846	2971	3.5118	20	14.3124	10	14.3124
group_6991	1089	55606	51.0615	375	208.4759	187	207.9200
group_6992	843	24206	28.7141	162	116.3429	81	116.3429
group_6993	342	9396	27.4737	72	127.4556	36	127.4556
aCT3	840	18171	21.6321	122	87.9292	61	87.9292
group_6994	249	4540	18.2329	33	80.2356	16	77.8042
lpxA	837	44637	53.3297	311	224.9508	155	224.2275
group_6995	457	5835	12.7681	40	52.9903	20	52.9903
group_6996	576	1004	1.7431	7	7.3575	3	6.3064
group_6997	186	433	2.3280	4	13.0197	2	13.0197
group_7000	1407	24079	17.1137	164	70.5671	82	70.5671
group_17222	420	956	2.2762	7	10.0902	3	8.6488
group_7002	393	9668	24.6005	66	101.6726	33	101.6726
group_7003	387	302	0.7804	2	3.1288	1	3.1288
ycf66	822	41622	50.6350	286	210.6429	143	210.6429
tolB	522	22083	42.3046	155	179.7686	77	178.6088
group_7004	822	302	0.3674	2	1.4730	1	1.4730
group_7005	1890	115263	60.9857	778	249.2128	389	249.2128
group_7007	1455	81347	55.9086	552	229.6829	276	229.6829
group_7008	351	15472	44.0798	115	198.3551	57	196.6302
accD	960	49261	51.3135	338	213.1562	169	213.1562
group_7010	1692	5019	2.9663	34	12.1655	17	12.1655
group_7012	807	8873	10.9950	61	45.7624	30	45.0122
group_7014	219	2515	11.4840	18	49.7601	9	49.7601
bepA	801	41938	52.3571	290	219.1886	145	219.1886
group_7016	801	10811	13.4969	75	56.6867	37	55.9309
group_7019	798	7863	9.8534	54	40.9679	27	40.9679
group_7020	1485	1176	0.7919	8	3.2615	4	3.2615
group_7022	222	151	0.6802	1	2.7271	0	0.0000
ycgM	792	48313	61.0013	329	251.4915	164	250.7271
group_7023	912	46700	51.2061	311	206.4515	155	205.7877
group_7025	177	615	3.4746	4	13.6817	2	13.6817
group_7026	753	851	1.1301	6	4.8240	3	4.8240
group_7027	783	45461	58.0600	312	241.2378	156	241.2378
group_7028	390	5008	12.8410	34	52.7797	17	52.7797
group_17731	1104	7023	6.3614	49	26.8707	24	26.3224
group_7029	1089	0	0.0000	0	0.0000	0	0.0000
fabI	891	48843	54.8182	338	229.6633	169	229.6633
group_7031	3306	20032	6.0593	133	24.3557	66	24.1726
group_7033	777	7949	10.2304	57	44.4126	28	43.6335
group_7034	1998	18517	9.2678	124	37.5732	62	37.5732
group_7035	966	298	0.3085	2	1.2534	1	1.2534
scpA	786	36955	47.0165	253	194.8725	126	194.1022
hdhA	768	8997	11.7148	65	51.2395	32	50.4512
group_7041	1326	68343	51.5407	462	210.9361	231	210.9361
group_7042	768	18450	24.0234	128	100.9024	64	100.9024
group_7043	756	24627	32.5754	176	140.9430	88	140.9430
group_17236	591	3378	5.7157	25	25.6097	12	24.5853
group_7044	765	2132	2.7869	15	11.8709	7	11.0795
group_7045	924	8045	8.7067	54	35.3813	27	35.3813
cobK	747	12829	17.1740	88	71.3205	44	71.3205
psbQ	525	16938	32.2629	119	137.2272	59	136.0740
group_7047	246	0	0.0000	0	0.0000	0	0.0000
group_7048	1839	101137	54.9956	682	224.5201	341	224.5201
group_7049	1143	52941	46.3176	356	188.5629	178	188.5629
group_7050	1647	8464	5.1390	57	20.9524	28	20.5848
group_7051	1098	0	0.0000	0	0.0000	0	0.0000
wecG	735	35721	48.6000	244	200.9810	122	200.9810
maf	699	28915	41.3662	198	171.4907	99	171.4907
group_7052	1605	89830	55.9688	602	227.0774	301	227.0774
group_7053	1512	35170	23.2606	237	94.8963	118	94.4959
group_17163	396	1057	2.6692	7	10.7018	3	9.1729
group_7055	522	2509	4.8065	17	19.7166	8	18.5568
group_7056	2970	20062	6.7549	132	26.9073	66	26.9073
sfsA	720	33401	46.3903	233	195.9187	116	195.0779
group_7057	1203	63852	53.0773	431	216.9023	215	216.3991
group_7058	462	9878	21.3810	70	91.7294	35	91.7294
group_7059	711	41154	57.8819	283	240.9736	141	240.1221
group_7061	3291	45477	13.8186	302	55.5561	151	55.5561
group_7062	3666	34924	9.5265	226	37.3223	113	37.3223
group_7063	1677	91994	54.8563	617	222.7433	308	222.3823
group_7064	288	1948	6.7639	13	27.3277	6	25.2256
group_7065	426	2708	6.3568	22	31.2655	11	31.2655
glnA3	2172	119865	55.1865	801	223.2674	400	222.9886
group_7067	207	0	0.0000	0	0.0000	0	0.0000
group_7068	216	366	1.6944	3	8.4085	1	5.6057
group_7069	288	0	0.0000	0	0.0000	0	0.0000
group_7070	150	674	4.4933	6	24.2166	3	24.2166
group_7072	699	678	0.9700	5	4.3306	2	3.4645
group_7073	1176	1812	1.5408	12	6.1777	6	6.1777
group_7075	657	4322	6.5784	29	26.7230	14	25.8015
group_7076	375	0	0.0000	0	0.0000	0	0.0000
trmD	696	32626	46.8764	225	195.7158	112	194.8459
group_7079	753	3768	5.0040	26	20.9041	13	20.9041
group_7080	453	18494	40.8256	132	176.4121	66	176.4121
group_7084	354	12540	35.4237	92	157.3393	46	157.3393
group_7085	777	41358	53.2278	285	222.0631	142	221.2839
group_7087	606	26850	44.3069	188	187.8182	94	187.8182
group_7090	2454	112108	45.6838	726	179.1078	363	179.1078
group_7089	408	17309	42.4240	125	185.4823	62	183.9984
group_7091	621	23257	37.4509	162	157.9341	81	157.9341
acnB	2610	81184	31.1050	542	125.7220	271	125.7220
group_7092	768	2977	3.8763	21	16.5543	10	15.7660
group_7094	168	214	1.2738	2	7.2073	1	7.2073
hypF	2448	138828	56.7108	920	227.5249	460	227.5249
group_7096	2340	3624	1.5487	24	6.2094	12	6.2094
group_7097	543	528	0.9724	4	4.4598	2	4.4598
group_7098	1296	44592	34.4074	297	138.7407	148	138.2736
group_7101	1260	32271	25.6119	218	104.7463	109	104.7463
group_7102	2409	149909	62.2287	1004	252.3187	502	252.3187
group_7103	744	512	0.6882	4	3.2549	2	3.2549
group_7104	2214	52706	23.8058	283	77.3858	141	77.1124
group_7106	717	30009	41.8536	207	174.7848	103	173.9405
group_7108	1827	42579	23.3054	286	94.7720	143	94.7720
group_7110	315	8003	25.4063	58	111.4731	29	111.4731
sepF	573	27483	47.9634	190	200.7481	95	200.7481
group_7113	102	179	1.7549	2	11.8709	1	11.8709
group_7115	612	5969	9.7533	42	41.5480	21	41.5480
group_7116	411	452	1.0998	3	4.4191	1	2.9461
group_7117	516	302	0.5853	2	2.3466	1	2.3466
group_7118	1245	35893	28.8297	243	118.1652	121	117.6789
group_7120	336	0	0.0000	0	0.0000	0	0.0000
group_7122	1068	62442	58.4663	428	242.6191	214	242.6191
group_7124	537	23625	43.9944	168	189.4033	84	189.4033
group_7125	123	0	0.0000	0	0.0000	0	0.0000
group_7127	213	151	0.7089	1	2.8423	0	0.0000
ydhS	2178	42335	19.4376	282	78.3870	141	78.3870
group_7129	5142	17265	3.3576	115	13.5400	57	13.4223
group_7130	93	0	0.0000	0	0.0000	0	0.0000
group_7131	597	19411	32.5142	134	135.8886	67	135.8886
valS	2766	107249	38.7740	713	156.0594	356	155.8405
cobI	720	29915	41.5486	204	171.5340	102	171.5340
group_7133	303	583	1.9241	4	7.9923	2	7.9923
cobJ	1446	82140	56.8050	554	231.9498	277	231.9498
glgA	1479	85313	57.6829	571	233.7332	285	233.3239
group_7135	246	855	3.4756	7	17.2272	3	14.7662
group_7137	435	1268	2.9149	9	12.5258	4	11.1341
group_7139	1191	17355	14.5718	119	60.4906	59	59.9823
group_7140	1428	22074	15.4580	116	49.1793	58	49.1793
group_7141	180	448	2.4889	3	10.0902	1	6.7268
group_7142	387	4206	10.8682	28	43.8026	14	43.8026
group_7143	891	906	1.0168	6	4.0769	3	4.0769
group_7145	327	1632	4.9908	13	24.0685	6	22.2170
group_7148	708	0	0.0000	0	0.0000	0	0.0000
group_7150	777	617	0.7941	4	3.1167	2	3.1167
group_7151	738	613	0.8306	4	3.2814	2	3.2814
topA	2661	139590	52.4577	926	210.6777	463	210.6777
group_7154	1056	56986	53.9640	387	221.8705	193	221.2972
group_7157	543	5597	10.3076	40	44.5977	20	44.5977
group_7159	813	15862	19.5105	107	79.6793	53	78.9347
group_7160	6525	57439	8.8029	384	35.6290	192	35.6290
group_7161	936	46902	50.1090	319	206.3324	159	205.6856
group_7163	846	21373	25.2636	145	103.7648	72	103.0492
group_7164	453	15778	34.8300	113	151.0194	56	149.6830
group_7165	375	7733	20.6213	57	92.0229	28	90.4085
group_7168	195	0	0.0000	0	0.0000	0	0.0000
group_7169	225	2228	9.9022	15	40.3609	7	37.6702
group_7175	1299	64411	49.5851	430	200.4065	215	200.4065
group_7176	888	1417	1.5957	10	6.8177	5	6.8177
moeB	1362	69099	50.7335	465	206.6942	232	206.2497
group_7180	198	839	4.2374	6	18.3459	3	18.3459
group_7181	171	907	5.3041	6	21.2426	3	21.2426
group_7182	528	6102	11.5568	42	48.1579	21	48.1579
group_7186	579	1651	2.8515	12	12.5474	6	12.5474
group_7187	1209	22815	18.8710	149	74.6127	74	74.1119
group_7188	240	304	1.2667	2	5.0451	1	5.0451
group_7189	2052	110205	53.7061	735	216.8516	367	216.5565
group_7191	594	12896	21.7104	91	92.7486	45	91.7294
group_7192	246	152	0.6179	1	2.4610	0	0.0000
group_7193	789	4136	5.2421	29	22.2522	14	21.4849
purN	645	23089	35.7969	159	149.2416	79	148.3030
psbZ	219	1220	5.5708	10	27.6445	5	27.6445
group_7196	369	7196	19.5014	50	82.0344	25	82.0344
group_7197	1545	33150	21.4563	223	87.3834	111	86.9915
group_7198	1176	11209	9.5315	76	39.1254	38	39.1254
group_7199	597	21183	35.4824	147	149.0718	73	148.0577
group_7201	240	151	0.6292	1	2.5226	0	0.0000
nth	678	39912	58.8673	274	244.6659	137	244.6659
group_7202	1059	51984	49.0878	349	199.5180	174	198.9463
group_7203	270	5447	20.1741	39	87.4487	19	85.2064
group_7204	2817	164108	58.2563	1094	235.1165	547	235.1165
dob10	2928	52467	17.9191	350	72.3685	175	72.3685
group_7206	879	1947	2.2150	13	8.9538	6	8.2650
group_19137	954	7019	7.3574	49	31.0957	24	30.4611
tlyC	1335	44897	33.6307	296	134.2341	148	134.2341
group_7210	1617	83539	51.6630	561	210.0416	280	209.6672
group_7211	1794	46825	26.1009	318	107.3142	159	107.3142
group_7212	534	19809	37.0955	141	159.8565	70	158.7228
group_7213	513	1267	2.4698	9	10.6213	4	9.4412
group_7214	786	44362	56.4402	305	234.9253	152	234.1551
gorA	1353	75277	55.6371	507	226.8625	253	226.4150
baeS	1443	92662	64.2148	634	265.9962	317	265.9962
lys9	1104	67952	61.5507	463	253.9010	231	253.3526
ppsA	2445	141554	57.8953	947	234.4896	473	234.2420
group_7218	165	1180	7.1515	9	33.0226	4	29.3534
group_7219	786	21668	27.5674	148	113.9966	74	113.9966
group_7221	339	5041	14.8702	37	66.0776	18	64.2918
group_7222	1389	44999	32.3967	305	132.9383	152	132.5024
pabA	588	8258	14.0442	57	58.6881	28	57.6585
group_7223	240	6621	27.5875	47	118.5603	23	116.0377
group_7224	576	17696	30.7222	121	127.1790	60	126.1279
group_7228	2019	114075	56.5007	771	231.1908	385	230.8910
speA	2043	119564	58.5237	804	238.2540	402	238.2540
group_7231	171	0	0.0000	0	0.0000	0	0.0000
ribN	882	0	0.0000	0	0.0000	0	0.0000
group_7235	276	0	0.0000	0	0.0000	0	0.0000
group_7236	426	604	1.4178	4	5.6846	2	5.6846
group_7239	936	0	0.0000	0	0.0000	0	0.0000
group_7240	783	1044	1.3333	7	5.4124	3	4.6392
group_7241	978	2513	2.5695	18	11.1426	9	11.1426
group_7243	375	0	0.0000	0	0.0000	0	0.0000
group_7244	150	184	1.2267	2	8.0722	1	8.0722
yciH	441	16281	36.9184	117	160.6201	58	159.2473
group_7246	165	475	2.8788	4	14.6767	2	14.6767
group_7248	789	39388	49.9214	273	209.4779	136	208.7106
group_7249	1335	39325	29.4569	267	121.0828	133	120.6293
group_15059	1383	0	0.0000	0	0.0000	0	0.0000
group_7250	555	27500	49.5495	189	206.1681	94	205.0772
group_7251	711	25794	36.2785	176	149.8634	88	149.8634
group_7252	1683	96009	57.0463	639	229.8631	319	229.5034
group_7255	2010	25673	12.7726	172	51.8066	86	51.8066
group_7254	531	4576	8.6177	31	35.3443	15	34.2042
group_7256	249	2557	10.2691	18	43.7649	9	43.7649
group_7257	564	3074	5.4504	22	23.6154	11	23.6154
group_7260	3882	23986	6.1788	160	24.9527	80	24.9527
group_7261	351	11186	31.8689	83	143.1606	41	141.4358
group_7262	897	37857	42.2040	262	176.8322	131	176.8322
rlmB	885	38974	44.0384	266	181.9663	133	181.9663
group_7266	747	2114	2.8300	14	11.3464	7	11.3464
group_7267	3435	13447	3.9147	90	15.8624	45	15.8624
group_7268	387	18495	47.7907	133	208.0622	66	206.4978
csgG	1047	47473	45.3419	322	186.1923	161	186.1923
group_7270	1668	41498	24.8789	283	102.7171	141	102.3542
group_7275	1245	16643	13.3679	113	54.9492	56	54.4630
group_7276	1035	12432	12.0116	84	49.1351	42	49.1351
group_7277	891	2440	2.7385	17	11.5511	8	10.8716
group_7278	810	17258	21.3062	119	88.9436	59	88.1961
group_7279	225	0	0.0000	0	0.0000	0	0.0000
cobQ	1476	82870	56.1450	558	228.8761	279	228.8761
group_7282	3816	66795	17.5039	435	69.0134	217	68.8548
group_7283	702	6583	9.3775	46	39.6710	23	39.6710
group_7285	1362	76973	56.5147	524	232.9200	262	232.9200
group_7288	516	11238	21.7791	70	82.1298	35	82.1298
group_7289	1014	48453	47.7840	332	198.2224	166	198.2224
yqaE	168	0	0.0000	0	0.0000	0	0.0000
group_7291	1809	24751	13.6821	166	55.5549	83	55.5549
srkA	1053	64584	61.3333	441	253.5495	220	252.9746
group_7294	432	2982	6.9028	22	30.8313	11	30.8313
cynS	462	14867	32.1797	102	133.6629	51	133.6629
group_7297	1101	3322	3.0173	22	12.0973	11	12.0973
group_7299	924	779	0.8431	5	3.2761	2	2.6208
group_7300	696	43436	62.4080	299	260.0845	149	259.2147
group_7301	2445	146109	59.7583	983	243.4037	491	243.1561
group_7302	771	0	0.0000	0	0.0000	0	0.0000
group_7303	324	0	0.0000	0	0.0000	0	0.0000
group_7305	1491	73745	49.4601	498	202.2108	249	202.2108
group_7307	357	10896	30.5210	80	135.6670	40	135.6670
group_7310	717	25192	35.1353	169	142.6987	84	141.8544
group_7311	885	41192	46.5446	278	190.1753	139	190.1753
group_7312	348	9948	28.5862	75	130.4772	37	128.7375
group_7313	1251	10261	8.2022	69	33.3921	34	32.9082
group_7314	531	8255	15.5461	58	66.1281	29	66.1281
cSAP	582	26154	44.9381	186	193.4829	93	193.4829
group_7315	348	0	0.0000	0	0.0000	0	0.0000
group_7317	408	13076	32.0490	98	145.4181	49	145.4181
group_7318	1611	12477	7.7449	84	31.5672	42	31.5672
group_7319	1026	20012	19.5049	135	79.6598	67	79.0697
group_7320	1194	27441	22.9824	155	78.5923	77	78.0852
group_7321	231	937	4.0563	7	18.3459	3	15.7250
group_7323	654	3382	5.1713	23	21.2913	11	20.3656
group_7326	561	2339	4.1693	16	17.2667	8	17.2667
group_7327	279	151	0.5412	1	2.1699	0	0.0000
group_7328	300	4477	14.9233	30	60.5414	15	60.5414
group_7331	1599	4905	3.0675	31	11.7372	15	11.3586
group_7332	1137	21155	18.6060	145	77.2076	72	76.6751
group_7333	327	3300	10.0917	23	42.5826	11	40.7312
petE	378	10471	27.7011	76	121.7235	38	121.7235
group_7334	1680	53664	31.9429	363	130.8127	181	130.4523
group_7335	750	37977	50.6360	259	209.0697	129	208.2625
group_7337	231	4742	20.5281	35	91.7294	17	89.1086
group_7338	2940	34713	11.8071	234	48.1860	117	48.1860
group_7339	561	2006	3.5758	16	17.2667	8	17.2667
group_7340	816	0	0.0000	0	0.0000	0	0.0000
group_7341	1185	50016	42.2076	334	170.6399	167	170.6399
group_7343	315	787	2.4984	7	13.4536	3	11.5317
group_7344	291	0	0.0000	0	0.0000	0	0.0000
group_7345	1179	1223	1.0373	8	4.1080	4	4.1080
group_7349	411	16550	40.2676	115	169.3981	57	167.9251
group_7348	693	34049	49.1328	233	203.5519	116	202.6783
group_7351	279	0	0.0000	0	0.0000	0	0.0000
kch	1749	54149	30.9600	362	125.3058	181	125.3058
livM	1140	60667	53.2167	410	217.7367	205	217.7367
group_7353	639	37943	59.3787	264	250.1241	132	250.1241
group_7355	1830	1070	0.5847	11	3.6391	5	3.3083
cOQ4	654	2928	4.4771	23	21.2913	11	20.3656
group_7358	654	8720	13.3333	59	54.6169	29	53.6912
group_7360	264	302	1.1439	2	4.5865	1	4.5865
group_7361	390	1486	3.8103	11	17.0758	5	15.5234
group_7362	186	512	2.7527	4	13.0197	2	13.0197
group_7363	648	1748	2.6975	13	12.1457	6	11.2114
group_7364	546	604	1.1062	4	4.4353	2	4.4353
group_7365	903	22223	24.6102	154	103.2489	77	103.2489
group_7366	477	14829	31.0881	102	129.4596	51	129.4596
rlmD	1803	101758	56.4382	686	230.3461	343	230.3461
group_7368	1785	106564	59.6997	693	235.0431	346	234.7040
group_7370	969	5145	5.3096	35	21.8674	17	21.2426
group_7371	960	880	0.9167	6	3.7838	3	3.7838
yfbK	1263	61022	48.3151	412	197.4906	206	197.4906
group_7372	429	11098	25.8695	77	108.6641	38	107.2529
pQQ	1842	105589	57.3230	706	232.0425	353	232.0425
group_7373	588	3564	6.0612	24	24.7108	12	24.7108
ssnA	1323	70871	53.5684	477	218.2786	238	217.8210
aF0785	990	52160	52.6869	352	215.2584	176	215.2584
group_7375	228	0	0.0000	0	0.0000	0	0.0000
selO	1500	78055	52.0367	522	210.6841	261	210.6841
group_7377	258	2295	8.8953	16	37.5451	8	37.5451
group_7378	114	0	0.0000	0	0.0000	0	0.0000
group_7379	402	5191	12.9129	36	54.2162	18	54.2162
group_7381	273	2130	7.8022	15	33.2645	7	31.0469
group_7382	333	148	0.4444	1	1.8181	0	0.0000
group_7383	252	900	3.5714	6	14.4146	3	14.4146
group_7385	1614	297	0.1840	2	0.7502	1	0.7502
cheY	618	4523	7.3188	31	30.3687	15	29.3890
group_7386	846	0	0.0000	0	0.0000	0	0.0000
group_7387	276	1262	4.5725	10	21.9353	5	21.9353
group_7388	486	234	0.4815	2	2.4914	1	2.4914
group_7389	741	27760	37.4629	187	152.7833	93	151.9663
queG	948	39452	41.6160	267	170.5122	133	169.8736
group_7392	372	1534	4.1237	11	17.9020	5	16.2746
uvrD	2301	133554	58.0417	900	236.7982	450	236.7982
group_7394	219	825	3.7671	6	16.5867	3	16.5867
group_7395	240	0	0.0000	0	0.0000	0	0.0000
tyrS	1218	71586	58.7734	483	240.0780	241	239.5810
group_7397	1383	0	0.0000	0	0.0000	0	0.0000
group_7399	216	595	2.7546	4	11.2114	2	11.2114
group_7400	765	18702	24.4471	131	103.6722	65	102.8808
murA	1329	67656	50.9074	460	209.5489	230	209.5489
gpmI	1632	95727	58.6563	642	238.1592	321	238.1592
group_7401	834	12279	14.7230	83	60.2510	41	59.5251
group_7402	477	2259	4.7358	16	20.3074	8	20.3074
group_7407	1131	0	0.0000	0	0.0000	0	0.0000
group_7408	345	4985	14.4493	34	59.6640	17	59.6640
group_7409	573	11143	19.4468	79	83.4690	39	82.4124
ccb1	519	604	1.1638	4	4.6660	2	4.6660
group_7416	462	13295	28.7771	91	119.2482	45	117.9378
group_7417	1080	18348	16.9889	122	68.3894	61	68.3894
group_7419	531	1077	2.0282	8	9.1211	4	9.1211
group_7420	573	1500	2.6178	10	10.5657	5	10.5657
group_7421	663	3408	5.1403	23	21.0023	11	20.0892
group_7422	360	0	0.0000	0	0.0000	0	0.0000
group_7423	561	10064	17.9394	68	73.3835	34	73.3835
group_7425	378	2480	6.5608	18	28.8292	9	28.8292
ftsY	1356	453	0.3341	3	1.3394	1	0.8929
group_7427	246	3768	15.3171	26	63.9869	13	63.9869
group_7430	318	3478	10.9371	27	51.4031	13	49.4993
group_7431	198	260	1.3131	4	12.2306	2	12.2306
group_7432	1431	40377	28.2159	273	115.4983	136	115.0752
group_7435	297	2308	7.7710	17	34.6533	8	32.6149
group_7436	156	0	0.0000	0	0.0000	0	0.0000
group_7437	393	11114	28.2799	78	120.1585	39	120.1585
ctpA	1368	76832	56.1637	522	231.0133	261	231.0133
bchH~~~cobN	4131	84300	20.4067	557	81.6305	278	81.4840
group_7439	2595	18527	7.1395	117	27.2961	58	27.0628
group_7440	183	933	5.0984	7	23.1579	3	19.8496
group_7442	207	0	0.0000	0	0.0000	0	0.0000
rpmF	183	3408	18.6230	25	82.7068	12	79.3986
group_7445	207	0	0.0000	0	0.0000	0	0.0000
yuiD	453	20653	45.5916	145	193.7860	72	192.4495
aglD2	924	39255	42.4838	269	176.2515	134	175.5963
group_7446	381	8728	22.9081	64	101.6969	32	101.6969
group_7449	1392	10686	7.6767	71	30.8796	35	30.4447
group_7452	435	3745	8.6092	26	36.1857	13	36.1857
group_18945	510	11837	23.2098	82	97.3411	41	97.3411
group_7454	3012	24780	8.2271	156	31.3561	78	31.3561
group_7455	198	0	0.0000	0	0.0000	0	0.0000
group_7456	520	8891	17.0981	60	69.8555	30	69.8555
group_7458	351	887	2.5271	6	10.3490	3	10.3490
group_7460	387	6631	17.1344	48	75.0901	24	75.0901
group_7461	519	24647	47.4894	172	200.6382	86	200.6382
group_7463	1164	61623	52.9407	419	217.9283	209	217.4082
lplA	762	35234	46.2388	244	193.8596	122	193.8596
group_7465	1224	52002	42.4853	349	172.6222	174	172.1275
group_7466	315	151	0.4794	1	1.9219	0	0.0000
group_7467	249	135	0.5422	2	4.8628	1	4.8628
group_7468	1302	66250	50.8833	446	207.3846	223	207.3846
group_7469	1335	81624	61.1416	554	251.2355	277	251.2355
group_7471	831	39384	47.3935	265	193.0623	132	192.3337
nadC	849	43295	50.9953	298	212.5011	149	212.5011
group_7472	162	2040	12.5926	20	74.7425	10	74.7425
group_7473	465	22211	47.7656	157	204.4086	78	203.1067
group_7474	306	835	2.7288	6	11.8709	3	11.8709
group_7475	204	1352	6.6275	10	29.6772	5	29.6772
group_7476	552	20473	37.0888	143	156.8374	71	155.7406
group_7477	705	15480	21.9574	105	90.1681	52	89.3093
group_7478	246	0	0.0000	0	0.0000	0	0.0000
group_7479	246	3324	13.5122	27	66.4479	13	63.9869
group_7481	273	4782	17.5165	32	70.9643	16	70.9643
group_7483	771	26345	34.1699	179	140.5566	89	139.7714
group_7485	360	5721	15.8917	38	63.9048	19	63.9048
lHCA5	219	3966	18.1096	28	77.4045	14	77.4045
group_7486	213	4196	19.6995	29	82.4273	14	79.5850
amiC	1860	97242	52.2806	651	211.8949	325	211.5695
group_7488	1353	2901	2.1441	20	8.9492	10	8.9492
group_7490	261	3703	14.1877	25	57.9899	12	55.6703
group_7494	216	0	0.0000	0	0.0000	0	0.0000
group_7495	1590	69025	43.4119	463	176.2935	231	175.9128
cobM	864	39251	45.4294	269	188.4912	134	187.7905
group_7498	357	0	0.0000	0	0.0000	0	0.0000
group_7497	369	0	0.0000	0	0.0000	0	0.0000
gepA	597	4623	7.7437	31	31.4369	15	30.4228
group_7499	1992	13925	6.9905	94	28.5687	47	28.5687
group_7501	1872	113657	60.7142	774	250.3155	387	250.3155
group_7503	618	25475	41.2217	178	174.3749	89	174.3749
group_7504	990	42917	43.3505	294	179.7896	147	179.7896
group_7505	291	302	1.0378	2	4.1609	1	4.1609
group_7506	786	4887	6.2176	33	25.4182	16	24.6479
group_7507	234	1627	6.9530	12	31.0469	6	31.0469
group_7512	1065	34582	32.4714	236	134.1575	118	134.1575
group_7510	243	0	0.0000	0	0.0000	0	0.0000
group_7511	282	2389	8.4716	18	38.6435	9	38.6435
group_7513	468	1761	3.7628	12	15.5234	6	15.5234
group_7514	1998	11547	5.7793	79	23.9378	39	23.6348
secD	1407	88184	62.6752	597	256.8815	298	256.4512
group_7517	1116	17653	15.8181	119	64.5558	59	64.0133
group_7521	207	0	0.0000	0	0.0000	0	0.0000
fumC	1470	18515	12.5952	125	51.4808	62	51.0689
group_7519	1419	23351	16.4560	157	66.9838	78	66.5572
group_7520	606	0	0.0000	0	0.0000	0	0.0000
group_7522	279	1455	5.2151	11	23.8694	5	21.6994
group_7531	951	39403	41.4332	266	169.3377	133	169.3377
group_7525	714	1578	2.2101	11	9.3271	5	8.4792
group_7526	792	3546	4.4773	24	18.3459	12	18.3459
group_7528	1209	18232	15.0802	121	60.5915	60	60.0907
rpsN	303	5232	17.2673	36	71.9304	18	71.9304
group_7529	2418	25447	10.5240	173	43.3154	86	43.0650
group_7530	1038	35460	34.1618	240	139.9801	120	139.9801
group_7533	879	44539	50.6701	303	208.6922	151	208.0035
group_7535	987	151	0.1530	1	0.6134	0	0.0000
group_7538	378	0	0.0000	0	0.0000	0	0.0000
group_7537	153	394	2.5752	4	15.8278	2	15.8278
group_7540	498	0	0.0000	0	0.0000	0	0.0000
group_7542	327	2891	8.8410	20	37.0284	10	37.0284
group_7544	483	4917	10.1801	35	43.8706	17	42.6171
cYTH	537	12591	23.4469	86	96.9565	43	96.9565
group_7546	1206	61698	51.1592	413	207.3267	206	206.8247
group_7547	330	204	0.6182	2	3.6692	1	3.6692
group_7550	1632	22229	13.6207	151	56.0156	75	55.6447
group_7553	3612	3636	1.0066	28	4.6931	14	4.6931
group_7556	1299	6199	4.7721	42	19.5746	21	19.5746
group_7555	1239	6631	5.3519	45	21.9884	22	21.4998
group_7557	1062	20666	19.4595	141	80.3798	70	79.8098
patD	360	12833	35.6472	95	159.7621	47	158.0804
wcaE	2220	35582	16.0279	241	65.7229	120	65.4502
group_7558	282	574	2.0355	4	8.5874	2	8.5874
group_7560	513	0	0.0000	0	0.0000	0	0.0000
group_7561	546	4432	8.1172	31	34.3733	15	33.2645
group_7565	321	933	2.9065	7	13.2022	3	11.3162
group_7566	1098	62525	56.9444	425	234.3361	212	233.7847
group_7567	1827	842	0.4609	6	1.9882	3	1.9882
group_7568	729	21535	29.5405	148	122.9099	74	122.9099
group_7569	261	2874	11.0115	22	51.0311	11	51.0311
group_7570	456	31773	69.6776	318	422.1967	159	422.1967
group_7571	618	5644	9.1327	39	38.2057	19	37.2261
group_7572	894	11892	13.3020	82	55.5302	41	55.5302
group_7576	654	17625	26.9495	123	113.8623	61	112.9366
group_7578	3471	71089	20.4808	475	82.8498	237	82.6754
group_7580	966	2751	2.8478	19	11.9077	9	11.2810
group_7581	192	501	2.6094	5	15.7660	2	12.6128
group_7583	243	2897	11.9218	20	49.8283	10	49.8283
group_7585	189	1577	8.3439	12	38.4390	6	38.4390
osmF	1530	49951	32.6477	336	132.9537	168	132.9537
pyrE	1434	79795	55.6450	539	227.5580	269	227.1358
group_7586	609	5405	8.8752	38	37.7763	19	37.7763
psaE	243	3986	16.4033	37	92.1824	18	89.6910
group_7588	627	5093	8.1228	36	34.7606	18	34.7606
group_7592	1104	27243	24.6766	182	99.8056	91	99.8056
group_7593	1203	7958	6.6151	54	27.1757	27	27.1757
group_7594	1101	0	0.0000	0	0.0000	0	0.0000
group_7595	804	17132	21.3085	117	88.1013	58	87.3483
group_7597	726	7428	10.2314	50	41.6952	25	41.6952
recJ	2295	132693	57.8183	887	233.9879	443	233.7241
accA	990	51628	52.1495	349	213.4238	174	212.8122
group_7599	1236	30864	24.9709	205	100.4125	102	99.9227
group_7600	2016	2416	1.1984	16	4.8049	8	4.8049
secA	2832	174221	61.5187	1165	249.0492	582	248.8355
group_7602	402	4513	11.2264	33	49.6982	16	48.1922
csdA	1215	69587	57.2733	469	233.6948	234	233.1966
group_7603	648	17006	26.2438	119	111.1794	59	110.2452
group_7607	525	0	0.0000	0	0.0000	0	0.0000
group_7609	1971	101318	51.4044	669	205.4906	334	205.1835
shc	2145	121598	56.6890	805	227.2067	402	226.9245
group_7612	309	1844	5.9676	13	25.4705	6	23.5112
group_7613	1368	28399	20.7595	192	84.9704	96	84.9704
group_7614	216	1536	7.1111	11	30.8313	5	28.0284
group_7615	1038	17844	17.1908	120	69.9901	60	69.9901
group_7616	1254	51645	41.1842	350	168.9752	175	168.9752
group_7619	1749	84147	48.1115	565	195.5740	282	195.2279
group_7620	939	4432	4.7199	30	19.3423	15	19.3423
aNKYR	1410	76950	54.5745	522	224.1320	261	224.1320
ycf55	1650	98674	59.8024	663	243.2664	331	242.8995
group_7622	201	499	2.4826	4	12.0480	2	12.0480
group_7623	957	4258	4.4493	31	19.6111	15	18.9785
group_7626	1680	92843	55.2637	621	223.7870	310	223.4266
coxB	978	58241	59.5511	402	248.8512	201	248.8512
group_7628	825	10725	13.0000	74	54.3038	37	54.3038
group_7629	987	10302	10.4377	72	44.1639	36	44.1639
group_7630	1701	84716	49.8036	571	203.2284	285	202.8725
group_7632	186	363	1.9516	3	9.7647	1	6.5098
group_7633	1365	47168	34.5553	316	140.1545	158	140.1545
group_7636	573	10465	18.2635	70	73.9598	35	73.9598
hisD	1266	75495	59.6327	512	244.8436	256	244.8436
arsH~~~arsC	1254	58391	46.5638	371	179.1137	185	178.6310
group_7637	1392	48774	35.0388	328	142.6551	164	142.6551
ubiD	1530	82029	53.6137	560	221.5895	280	221.5895
group_7638	294	136	0.4626	2	4.1185	1	4.1185
group_7639	255	0	0.0000	0	0.0000	0	0.0000
group_7643	300	0	0.0000	0	0.0000	0	0.0000
group_7641	1518	80196	52.8300	544	216.9600	272	216.9600
group_7645	591	18937	32.0423	134	137.2682	67	137.2682
group_7646	1149	2648	2.3046	18	9.4843	9	9.4843
group_7648	336	12749	37.9435	93	167.5700	46	165.7682
group_7649	1899	17912	9.4323	121	38.5756	60	38.2568
group_7650	1917	14352	7.4867	96	30.3181	48	30.3181
group_7651	1482	24863	16.7767	170	69.4470	85	69.4470
cofD	1374	64196	46.7220	434	191.2298	217	191.2298
ovoA	1356	10090	7.4410	67	29.9135	33	29.4671
pMT1	1314	72347	55.0586	491	226.2240	245	225.7633
group_7655	3288	14261	4.3373	95	17.4922	47	17.3081
group_7656	1419	5841	4.1163	39	16.6393	19	16.2126
group_7657	1314	6802	5.1766	46	21.1941	23	21.1941
hppD	1260	71377	56.6484	475	228.2315	237	227.7510
hinT	342	19151	55.9971	135	238.9793	67	237.2090
group_7658	939	0	0.0000	0	0.0000	0	0.0000
group_7660	285	7427	26.0596	60	127.4556	30	127.4556
group_7663	330	3546	10.7455	24	44.0301	12	44.0301
group_7665	882	8954	10.1519	61	41.8710	30	41.1846
group_7666	255	2938	11.5216	21	49.8576	10	47.4835
group_7667	301	656	2.1794	5	10.0567	2	8.0454
group_7668	1218	67534	55.4466	454	225.6634	227	225.6634
group_7669	1299	2825	2.1747	19	8.8552	9	8.3891
group_7670	492	2269	4.6118	17	20.9188	8	19.6883
group_7672	258	2448	9.4884	18	42.2382	9	42.2382
group_7673	1533	6891	4.4951	46	18.1664	23	18.1664
group_7675	417	1288	3.0887	9	13.0665	4	11.6147
group_7674	345	3746	10.8580	28	49.1351	14	49.1351
group_7676	744	8269	11.1142	56	45.5688	28	45.5688
dinG	1509	74926	49.6528	506	203.0083	253	203.0083
group_7678	243	3138	12.9136	25	62.2854	12	59.7940
pucG	1155	64868	56.1628	438	229.5856	219	229.5856
group_7679	747	5812	7.7805	39	31.6080	19	30.7975
group_7680	1920	17051	8.8807	114	35.9465	57	35.9465
group_7681	210	0	0.0000	0	0.0000	0	0.0000
group_7683	1206	52519	43.5481	358	179.7166	179	179.7166
group_7685	1149	7001	6.0931	41	21.6031	20	21.0762
glnQ	1116	57160	51.2186	385	208.8570	192	208.3145
group_7687	744	5939	7.9825	41	33.3629	20	32.5491
group_7688	2211	142714	64.5473	958	262.3187	479	262.3187
group_7689	465	5081	10.9269	35	45.5688	17	44.2668
group_7691	378	10444	27.6296	77	123.3251	38	121.7235
group_7692	972	9851	10.1348	65	40.4855	32	39.8627
group_7696	1152	61187	53.1137	415	218.0962	207	217.5707
group_7697	1344	81332	60.5149	554	249.5531	277	249.5531
hisB1	660	23783	36.0348	165	151.3535	82	150.4362
pilT	1110	57682	51.9658	391	213.2585	195	212.7131
group_7699	531	15808	29.7702	109	124.2752	54	123.1351
ribD	1140	57383	50.3360	386	204.9911	193	204.9911
group_7701	1137	2934	2.5805	20	10.6493	10	10.6493
pyrC	1272	66042	51.9198	452	215.1314	226	215.1314
group_7703	573	11917	20.7976	86	90.8649	43	90.8649
group_7706	948	19725	20.8070	134	85.5754	67	85.5754
group_7709	177	149	0.8418	1	3.4204	0	0.0000
group_7711	174	147	0.8448	1	3.4794	0	0.0000
recA	1179	61191	51.9008	415	213.1017	207	212.5882
manB	1443	83380	57.7824	565	237.0471	282	236.6276
group_7712	1440	34974	24.2875	233	97.9594	116	97.5389
group_7713	1536	7551	4.9160	50	19.7075	25	19.7075
group_7714	420	3853	9.1738	27	38.9195	13	37.4780
group_7716	333	1885	5.6607	13	23.6348	6	21.8167
group_7719	447	14794	33.0962	102	138.1482	51	138.1482
tda10	1140	50948	44.6912	343	182.1553	171	181.6242
group_7721	254	1883	7.4134	13	30.9858	6	28.6022
mlaE	951	39865	41.9190	269	171.2475	134	170.6109
ribH	546	18361	33.6282	128	141.9286	64	141.9286
group_7725	972	15197	15.6348	106	66.0225	53	66.0225
group_7726	999	47587	47.6346	331	200.5927	165	199.9866
group_7727	2235	0	0.0000	0	0.0000	0	0.0000
group_7728	816	7071	8.6654	47	34.8707	23	34.1287
iaaA	1038	57341	55.2418	387	225.7180	193	225.1347
group_7729	1017	35020	34.4346	236	140.4894	118	140.4894
group_7730	822	41865	50.9307	283	208.4333	141	207.6968
group_7731	621	18385	29.6055	131	127.7122	65	126.7373
group_7732	270	541	2.0037	4	8.9691	2	8.9691
glgB	2280	131569	57.7057	883	234.4652	441	234.1997
hslO	915	45621	49.8590	310	205.1130	155	205.1130
group_7738	591	1057	1.7885	7	7.1707	3	6.1463
group_7736	1167	7101	6.0848	47	24.3826	23	23.8638
group_7739	363	451	1.2424	3	5.0034	1	3.3356
group_7741	672	27148	40.3988	186	167.5700	93	167.5700
group_7742	648	29624	45.7160	203	189.6591	101	188.7248
group_7743	1227	35071	28.5827	236	116.4448	118	116.4448
group_7745	2112	122637	58.0668	823	235.9166	411	235.6299
group_7746	174	604	3.4713	4	13.9176	2	13.9176
tagH	756	33186	43.8968	228	182.5852	114	182.5852
group_7750	954	50742	53.1887	346	219.5737	173	219.5737
group_7751	555	453	0.8162	3	3.2725	1	2.1817
group_7752	288	0	0.0000	0	0.0000	0	0.0000
group_7753	858	17573	20.4814	109	76.9116	54	76.2060
group_7755	855	33518	39.2023	227	160.7357	113	160.0276
group_7757	882	4504	5.1066	31	21.2787	15	20.5923
group_7760	1065	2388	2.2423	16	9.0954	8	9.0954
group_7761	186	1068	5.7419	10	32.5491	5	32.5491
group_7762	807	42080	52.1437	287	215.3084	143	214.5582
group_7763	840	5099	6.0702	35	25.2256	17	24.5049
group_7764	771	7674	9.9533	51	40.0468	25	39.2616
group_7765	855	1812	2.1193	12	8.4970	6	8.4970
group_7766	216	302	1.3981	2	5.6057	1	5.6057
group_7768	1749	69975	40.0086	475	164.4206	237	164.0745
group_7770	126	0	0.0000	0	0.0000	0	0.0000
yckC	1584	53387	33.7039	359	137.2119	179	136.8297
group_7772	1086	1202	1.1068	8	4.4598	4	4.4598
group_7774	1437	78850	54.8713	535	225.3977	267	224.9764
pykF	1659	84185	50.7444	563	205.4540	281	205.0891
group_7777	480	0	0.0000	0	0.0000	0	0.0000
group_7778	459	9544	20.7930	67	88.3720	33	87.0530
mnmA	477	4140	8.6792	29	36.8071	14	35.5379
group_7780	417	302	0.7242	2	2.9037	1	2.9037
yafJ	771	31149	40.4008	216	169.6102	108	169.6102
group_7786	276	10076	36.5072	72	157.9341	36	157.9341
group_7787	762	22118	29.0262	148	117.5870	74	117.5870
group_7788	2364	133495	56.4700	893	228.6949	446	228.4388
group_7790	813	7979	9.8143	55	40.9567	27	40.2120
group_7791	528	8334	15.7841	56	64.2106	28	64.2106
group_7794	759	34599	45.5850	240	191.4353	120	191.4353
group_7795	1056	16125	15.2699	110	63.0640	55	63.0640
group_7796	507	4684	9.2387	35	41.7939	17	40.5998
group_7799	360	14359	39.8861	101	169.8523	50	168.1706
group_7801	513	23247	45.3158	166	195.9040	83	195.9040
group_7804	429	0	0.0000	0	0.0000	0	0.0000
group_7806	318	11788	37.0692	85	161.8245	42	159.9207
group_7807	549	590	1.0747	4	4.4110	2	4.4110
group_7808	210	4585	21.8333	32	92.2536	16	92.2536
group_7809	195	0	0.0000	0	0.0000	0	0.0000
group_7810	264	3965	15.0189	29	66.5038	14	64.2106
group_7811	363	6084	16.7603	44	73.3835	22	73.3835
group_7812	366	7497	20.4836	51	84.3610	25	82.7068
group_7814	468	1203	2.5705	6	7.7617	3	7.7617
group_7818	174	0	0.0000	0	0.0000	0	0.0000
group_7817	897	33070	36.8673	225	151.8597	112	151.1848
group_7819	317	5829	18.3880	39	74.4831	19	72.5733
murJ	1758	63978	36.3925	425	146.3601	212	146.0157
group_7823	231	372	1.6104	3	7.8625	1	5.2417
group_7824	1755	13690	7.8006	93	32.0818	46	31.7368
group_7825	1716	15018	8.7517	99	34.9277	49	34.5749
group_7826	1374	78190	56.9068	525	231.3264	262	230.8857
pyrF	843	38694	45.9004	259	186.0051	129	185.2869
group_7828	1407	302	0.2146	2	0.8606	1	0.8606
group_7830	1197	36899	30.8262	216	109.2477	108	109.2477
group_7831	366	6215	16.9809	44	72.7820	22	72.7820
group_7832	750	17167	22.8893	119	96.0590	59	95.2518
group_7833	247	1453	5.8826	11	26.9618	5	24.5107
group_7834	1305	67215	51.5057	456	211.5470	228	211.5470
group_7837	1443	8847	6.1310	60	25.1731	30	25.1731
group_7838	1419	16920	11.9239	117	49.9179	58	49.4912
group_7840	150	0	0.0000	0	0.0000	0	0.0000
group_7841	357	4845	13.5714	38	64.4418	19	64.4418
group_7842	462	1411	3.0541	10	13.1042	5	13.1042
group_7843	486	5015	10.3189	35	43.5998	17	42.3541
group_7850	261	2962	11.3487	23	53.3507	11	51.0311
group_7845	1185	14598	12.3190	98	50.0680	49	50.0680
thrA	1461	73016	49.9767	492	203.8766	246	203.8766
group_7846	744	906	1.2177	6	4.8824	3	4.8824
group_7847	357	12049	33.7507	89	150.9296	44	149.2337
group_7848	1890	8534	4.5153	59	18.8992	29	18.5788
group_7849	1749	4405	2.5186	31	10.7306	15	10.3845
phaF	324	11408	35.2099	82	153.2221	41	153.2221
group_7856	624	5363	8.5946	38	36.8682	19	36.8682
group_7857	237	2103	8.8734	14	35.7629	7	35.7629
group_7859	813	27087	33.3173	186	138.5080	93	138.5080
group_7862	924	562	0.6082	4	2.6208	2	2.6208
hflX	1704	94670	55.5575	637	226.3197	318	225.9644
group_7865	177	0	0.0000	0	0.0000	0	0.0000
group_7868	1005	11213	11.1572	76	45.7826	38	45.7826
iscA	480	15649	32.6021	107	134.9569	53	133.6956
group_7870	180	0	0.0000	0	0.0000	0	0.0000
group_7871	1050	3943	3.7552	27	15.5678	13	14.9912
group_7872	1230	56791	46.1715	385	189.4995	192	189.0073
group_7873	378	7597	20.0979	51	81.6829	25	80.0812
group_7875	216	645	2.9861	6	16.8171	3	16.8171
rimL	525	15179	28.9124	104	119.9297	52	119.9297
group_7878	297	604	2.0337	4	8.1537	2	8.1537
group_7877	660	15360	23.2727	103	94.4813	51	93.5640
group_7879	804	36799	45.7699	249	187.4977	124	186.7447
metF	894	49769	55.6700	341	230.9242	170	230.2470
group_7882	1671	62415	37.3519	420	152.1687	210	152.1687
ribF	924	56865	61.5422	388	254.2215	194	254.2215
group_7883	927	0	0.0000	0	0.0000	0	0.0000
group_7884	603	13697	22.7148	93	93.3723	46	92.3683
group_7885	120	0	0.0000	0	0.0000	0	0.0000
group_7887	687	15833	23.0466	104	91.6493	52	91.6493
group_7890	1218	5852	4.8046	37	18.3911	18	17.8940
group_7892	537	4163	7.7523	29	32.6946	14	31.5672
group_7894	252	302	1.1984	2	4.8049	1	4.8049
group_7896	291	4415	15.1718	30	62.4138	15	62.4138
group_7905	252	2306	9.1508	17	40.8414	8	38.4390
group_7902	261	695	2.6628	5	11.5980	2	9.2784
group_7907	234	954	4.0769	9	23.2852	4	20.6979
group_7909	270	0	0.0000	0	0.0000	0	0.0000
group_5031	288	0	0.0000	0	0.0000	0	0.0000
argS	1896	101063	53.3033	679	216.8123	339	216.4930
group_7913	1188	14538	12.2374	100	50.9608	50	50.9608
group_7916	981	41967	42.7798	285	175.8848	142	175.2677
gltS	1209	48372	40.0099	327	163.7472	163	163.2465
group_7917	1461	1640	1.1225	12	4.9726	6	4.9726
group_7919	1041	44500	42.7474	297	172.7262	148	172.1446
group_7920	246	8835	35.9146	69	169.8113	34	167.3502
group_7923	213	5720	26.8545	40	113.6928	20	113.6928
group_7924	1374	72246	52.5808	488	215.0234	244	215.0234
group_7925	621	19836	31.9420	136	132.5867	68	132.5867
group_7930	1293	59654	46.1361	402	188.2262	201	188.2262
ftsZ	1251	43599	34.8513	293	141.7956	146	141.3117
group_7933	1089	302	0.2773	2	1.1119	1	1.1119
group_7935	2973	22059	7.4198	148	30.1383	74	30.1383
ackA	1215	68030	55.9918	461	229.7086	230	229.2103
group_7939	930	39389	42.3538	270	175.7654	135	175.7654
group_7940	573	12218	21.3229	81	85.5821	40	84.5255
group_7941	273	140	0.5128	2	4.4353	1	4.4353
group_7942	306	4454	14.5556	31	61.3328	15	59.3543
group_7944	360	0	0.0000	0	0.0000	0	0.0000
group_7945	735	13036	17.7361	91	74.9560	45	74.1323
group_7946	870	11225	12.9023	77	53.5826	38	52.8868
group_7947	894	27192	30.4161	181	122.5727	90	121.8955
group_7948	234	3514	15.0171	26	67.2682	13	67.2682
group_7950	234	0	0.0000	0	0.0000	0	0.0000
group_7952	1200	47202	39.3350	322	162.4528	161	162.4528
group_7955	660	2040	3.0909	14	12.8421	7	12.8421
group_7954	1371	29312	21.3800	197	86.9924	98	86.5508
group_7958	1299	14165	10.9045	95	44.2759	47	43.8098
group_7960	297	1209	4.0707	9	18.3459	4	16.3075
group_7968	324	4305	13.2870	30	56.0569	15	56.0569
group_7965	807	41831	51.8352	287	215.3084	143	214.5582
group_7967	822	45051	54.8066	312	229.7922	156	229.7922
infB	3153	164084	52.0406	1101	211.4053	550	211.2133
group_7969	495	0	0.0000	0	0.0000	0	0.0000
group_7970	918	8671	9.4455	60	39.5696	30	39.5696
group_7971	363	5427	14.9504	40	66.7123	20	66.7123
mutS	2718	156056	57.4157	1038	231.2067	519	231.2067
group_7974	675	16901	25.0385	119	106.7323	59	105.8354
abcf	2019	120250	59.5592	809	242.5855	404	242.2856
group_7982	1836	11554	6.2930	78	25.7202	39	25.7202
group_7983	831	12465	15.0000	84	61.1971	42	61.1971
group_7985	1557	3058	1.9640	21	8.1655	10	7.7767
group_7987	789	19045	24.1381	127	97.4494	63	96.6821
group_7988	879	31612	35.9636	209	143.9494	104	143.2607
thiO	2001	125692	62.8146	839	253.8443	419	253.5417
group_7989	304	1233	4.0559	9	17.9234	4	15.9320
group_7991	231	0	0.0000	0	0.0000	0	0.0000
ridA	885	36509	41.2531	248	169.6528	124	169.6528
group_7992	1536	92284	60.0807	613	241.6138	306	241.2197
group_7997	1581	96001	60.7217	645	246.9906	322	246.6077
group_7998	1287	14262	11.0816	96	45.1591	48	45.1591
group_7999	144	0	0.0000	0	0.0000	0	0.0000
folC	1347	74762	55.5026	500	224.7268	250	224.7268
group_8002	1590	100095	62.9528	671	255.4924	335	255.1116
group_8004	759	6981	9.1976	47	37.4894	23	36.6918
group_8005	468	21101	45.0876	149	192.7494	74	191.4557
group_8007	1587	6352	4.0025	44	16.7853	22	16.7853
group_8009	597	5354	8.9682	36	36.5074	18	36.5074
group_8010	309	3505	11.3430	24	47.0225	12	47.0225
group_8013	873	4786	5.4822	34	23.5786	17	23.5786
group_8015	273	0	0.0000	0	0.0000	0	0.0000
miaB	1353	88318	65.2757	600	268.4763	300	268.4763
acuC	933	51523	55.2229	360	233.6003	180	233.6003
group_8018	858	17822	20.7716	121	85.3789	60	84.6733
group_8020	840	12798	15.2357	87	62.7036	43	61.9829
group_8019	828	36801	44.4457	249	182.0629	124	181.3318
group_8021	399	0	0.0000	0	0.0000	0	0.0000
group_8022	1932	30423	15.7469	205	64.2391	102	63.9257
group_8023	1266	71978	56.8547	486	232.4102	243	232.4102
group_8024	1155	14701	12.7281	98	51.3685	49	51.3685
group_8026	453	10728	23.6821	76	101.5706	38	101.5706
group_8029	1041	15870	15.2450	106	61.6464	53	61.6464
purD	1323	64286	48.5911	435	199.0591	217	198.6015
group_8033	756	19733	26.1019	136	108.9105	68	108.9105
group_8034	1035	43631	42.1556	297	173.7275	148	173.1426
group_8035	249	3639	14.6145	25	60.7846	12	58.3532
group_8038	1092	16077	14.7225	109	60.4305	54	59.8761
group_8039	513	12944	25.2320	86	101.4924	43	101.4924
cytM	501	24853	49.6068	174	210.2636	87	210.2636
gerM	681	24075	35.3524	168	149.3533	84	149.3533
group_8040	858	151	0.1760	1	0.7056	0	0.0000
group_8042	162	0	0.0000	0	0.0000	0	0.0000
group_8046	864	35352	40.9167	243	170.2727	121	169.5720
group_8048	1209	2447	2.0240	17	8.5129	8	8.0121
group_8050	696	25117	36.0876	171	148.7440	85	147.8741
group_8056	303	775	2.5578	6	11.9884	3	11.9884
group_8057	510	1597	3.1314	11	13.0580	5	11.8709
group_8059	249	3150	12.6506	21	51.0590	10	48.6276
group_8061	372	735	1.9758	5	8.1373	2	6.5098
group_8062	507	684	1.3491	5	5.9706	2	4.7764
group_8065	993	33608	33.8449	228	139.0075	114	139.0075
group_8066	474	20869	44.0274	143	182.6460	71	181.3688
group_8072	351	453	1.2906	3	5.1745	1	3.4497
group_8068	1107	57961	52.3586	396	216.5709	198	216.5709
group_8069	534	7051	13.2041	49	55.5530	24	54.4192
nit2	819	41021	50.0867	282	208.4576	141	208.4576
group_8071	702	5095	7.2578	34	29.3221	17	29.3221
group_8074	678	0	0.0000	0	0.0000	0	0.0000
group_8076	693	1183	1.7071	8	6.9889	4	6.9889
group_8077	576	679	1.1788	5	5.2553	2	4.2043
group_8079	216	0	0.0000	0	0.0000	0	0.0000
group_8081	309	365	1.1812	3	5.8778	1	3.9185
nrnA	1224	69250	56.5768	473	233.9550	236	233.4603
group_8086	492	4523	9.1931	31	38.1460	15	36.9155
group_8090	1038	29106	28.0405	196	114.3171	98	114.3171
group_8091	3546	1812	0.5110	12	2.0488	6	2.0488
group_8093	3180	15312	4.8151	101	19.2286	50	19.0382
group_8095	351	5119	14.5840	38	65.5434	19	65.5434
group_8096	654	26349	40.2890	179	165.7020	89	164.7763
group_8097	1563	85180	54.4978	572	221.5591	286	221.5591
group_8101	570	10414	18.2702	72	76.4734	36	76.4734
group_8102	618	1220	1.9741	9	8.8167	4	7.8371
group_8105	522	5959	11.4157	43	49.8713	21	48.7115
group_8108	270	4383	16.2333	32	71.7528	16	71.7528
group_8110	4497	35755	7.9509	220	29.6178	110	29.6178
group_8112	348	3769	10.8305	26	45.2321	13	45.2321
group_8113	324	643	1.9846	6	11.2114	3	11.2114
group_8115	738	2501	3.3889	17	13.9459	8	13.1255
group_8121	465	16109	34.6430	118	153.6320	59	153.6320
cimA	1641	91484	55.7489	619	228.3677	309	227.9987
group_8126	258	0	0.0000	0	0.0000	0	0.0000
group_8132	1128	11675	10.3502	81	43.4739	40	42.9372
group_8129	1134	32840	28.9594	206	109.9782	103	109.9782
group_8133	135	0	0.0000	0	0.0000	0	0.0000
group_8135	1377	62022	45.0414	414	182.0199	207	182.0199
group_8137	3732	219482	58.8108	1465	237.6559	732	237.4936
group_8138	294	9920	33.7415	73	150.3239	36	148.2647
group_8141	480	270	0.5625	2	2.5226	1	2.5226
group_8147	219	1091	4.9817	8	22.1156	4	22.1156
group_8145	474	9338	19.7004	65	83.0209	32	81.7437
group_8146	462	0	0.0000	0	0.0000	0	0.0000
group_8148	156	0	0.0000	0	0.0000	0	0.0000
group_8149	2142	3373	1.5747	23	6.5007	11	6.2181
group_8150	1491	26821	17.9886	180	73.0882	90	73.0882
group_8151	522	3764	7.2107	26	30.1547	13	30.1547
group_8154	432	11671	27.0162	79	110.7123	39	109.3109
group_8153	222	2107	9.4910	14	38.1793	7	38.1793
group_8161	1086	12368	11.3886	85	47.3851	42	46.8276
group_8162	627	14295	22.7990	98	94.6261	49	94.6261
group_8163	1545	18738	12.1282	125	48.9817	62	48.5899
group_8164	975	15409	15.8041	104	64.5775	52	64.5775
group_8165	2076	10776	5.1908	72	20.9970	36	20.9970
group_8166	1548	10057	6.4968	67	26.2033	33	25.8122
group_8167	1125	35380	31.4489	242	130.2313	121	130.2313
group_8169	699	32376	46.3176	223	193.1436	111	192.2774
group_8170	1956	110257	56.3686	733	226.8755	366	226.5660
group_8171	1764	8189	4.6423	57	19.5627	28	19.2195
group_8174	324	302	0.9321	2	3.7371	1	3.7371
group_8176	186	841	4.5215	6	19.5295	3	19.5295
group_8178	282	2144	7.6028	15	32.2029	7	30.0560
group_8179	261	3094	11.8544	23	53.3507	11	51.0311
udp	804	13781	17.1405	95	71.5353	47	70.7822
group_8184	924	18006	19.4870	122	79.9356	61	79.9356
tsaE	471	19802	42.0425	142	182.5240	71	182.5240
group_8186	1296	62277	48.0532	422	197.1333	211	197.1333
group_8188	1317	7927	6.0190	54	24.8234	27	24.8234
group_8190	2166	109058	50.3500	734	205.1588	367	205.1588
group_8191	2181	5567	2.5525	38	10.5483	19	10.5483
group_8192	615	1183	1.9236	8	7.8753	4	7.8753
group_8194	1449	88006	60.7357	589	246.0931	294	245.6753
group_8196	1074	16516	15.3780	114	64.2618	57	64.2618
group_8197	1155	19043	16.4874	128	67.0935	64	67.0935
group_8201	501	3757	7.4990	26	31.4187	13	31.4187
group_8203	543	22651	41.7145	155	172.8162	77	171.7012
group_8205	2280	55929	24.5303	373	99.0436	186	98.7781
group_8207	420	4193	9.9833	38	54.7756	19	54.7756
group_8209	936	50911	54.3921	345	223.1494	172	222.5026
group_8213	2505	60705	24.2335	408	98.6064	204	98.6064
group_8214	1914	7861	4.1071	52	16.4480	26	16.4480
group_8217	261	1057	4.0498	7	16.2372	3	13.9176
mrcB	1932	103322	53.4793	693	217.1594	346	216.8461
group_8219	591	10633	17.9915	74	75.8048	37	75.8048
group_8221	636	12983	20.4135	92	87.5756	46	87.5756
group_8223	1536	50865	33.1152	340	134.0109	170	134.0109
group_8224	3258	37593	11.5387	251	46.6418	125	46.4560
group_8225	2883	4686	1.6254	8	1.6800	4	1.6800
group_8228	678	13424	19.7994	93	83.0435	46	82.1506
group_8231	576	130	0.2257	2	2.1021	1	2.1021
group_8232	303	0	0.0000	0	0.0000	0	0.0000
group_8233	2526	141105	55.8610	945	226.4910	472	226.2514
clpA	1725	74417	43.1403	498	174.7804	249	174.7804
group_8235	816	2989	3.6630	20	14.8386	10	14.8386
hpsP	1212	39309	32.4332	263	131.3729	131	130.8734
group_8237	771	39459	51.1790	274	215.1537	137	215.1537
ykwD	990	33386	33.7232	230	140.6518	115	140.6518
group_8238	831	38981	46.9085	270	196.7049	135	196.7049
group_8239	978	19752	20.1963	137	84.8075	68	84.1885
yfdV	897	38524	42.9476	265	178.8570	132	178.1821
group_8241	450	0	0.0000	0	0.0000	0	0.0000
menA	957	41171	43.0209	279	176.5000	139	175.8674
group_8246	336	5518	16.4226	40	72.0731	20	72.0731
group_8247	1305	23341	17.8858	155	71.9074	77	71.4435
group_8249	924	3142	3.4004	21	13.7594	10	13.1042
group_8252	3279	29415	8.9707	186	34.3419	93	34.3419
group_8253	1683	104531	62.1099	686	246.7701	343	246.7701
group_8254	882	43725	49.5748	301	206.6096	150	205.9232
group_8257	129	0	0.0000	0	0.0000	0	0.0000
group_8258	732	527	0.7199	4	3.3083	2	3.3083
group_8260	1344	18914	14.0729	130	58.5594	65	58.5594
group_8262	276	676	2.4493	5	10.9676	2	8.7741
group_8263	1416	73116	51.6356	486	207.7904	243	207.7904
group_8265	576	19994	34.7118	140	147.1493	70	147.1493
group_8266	1395	84054	60.2538	571	247.8075	285	247.3735
mtnA	1101	56949	51.7248	385	211.7025	192	211.1526
group_8268	303	3838	12.6667	24	47.9536	12	47.9536
group_8269	219	0	0.0000	0	0.0000	0	0.0000
group_8270	339	1077	3.1770	8	14.2871	4	14.2871
group_8272	936	32380	34.5940	218	141.0046	109	141.0046
group_8273	444	4844	10.9099	36	49.0876	18	49.0876
yqgF	393	6670	16.9720	47	72.4032	23	70.8627
hisI	354	1652	4.6667	12	20.5225	6	20.5225
group_8277	813	33876	41.6679	231	172.0180	115	171.2734
group_8278	780	38180	48.9487	260	201.8047	130	201.8047
group_8280	1983	1573	0.7932	10	3.0530	5	3.0530
group_8281	984	20040	20.3659	135	83.0599	67	82.4446
group_8282	1983	30250	15.2547	203	61.9763	101	61.6710
group_8283	786	6340	8.0662	42	32.3504	21	32.3504
group_8284	405	13182	32.5481	95	142.0107	47	140.5159
group_8286	174	751	4.3161	5	17.3970	2	13.9176
group_8288	660	12123	18.3682	83	76.1354	41	75.2181
group_8289	3300	12472	3.7794	83	15.2271	41	15.0436
group_8290	261	2296	8.7969	17	39.4331	8	37.1135
group_8292	969	37026	38.2105	251	156.8204	125	156.1956
group_8293	621	151	0.2432	1	0.9749	0	0.0000
cysT	843	37980	45.0534	264	189.5959	132	189.5959
cysA	1134	52720	46.4903	357	190.5933	178	190.0595
group_8295	1017	8765	8.6185	59	35.1224	29	34.5271
group_8296	816	906	1.1103	6	4.4516	3	4.4516
hisH	639	29283	45.8263	201	190.4354	100	189.4880
group_8301	2868	157769	55.0101	1048	221.2252	524	221.2252
group_8303	204	220	1.0784	2	5.9354	1	5.9354
mutL	1653	100107	60.5608	671	245.7549	335	245.3887
group_8307	189	145	0.7672	1	3.2032	0	0.0000
group_8308	2115	62970	29.7730	418	119.6516	209	119.6516
group_8309	414	1705	4.1184	12	17.5482	6	17.5482
group_8313	345	392	1.1362	3	5.2645	1	3.5096
group_8314	540	302	0.5593	2	2.2423	1	2.2423
group_8315	339	5430	16.0177	38	67.8635	19	67.8635
group_8318	126	0	0.0000	0	0.0000	0	0.0000
group_8319	393	16983	43.2137	122	187.9403	61	187.9403
group_8321	1977	1208	0.6110	8	2.4498	4	2.4498
group_8322	402	2218	5.5174	15	22.5901	7	21.0841
group_8323	294	9248	31.4558	67	137.9685	33	135.9093
group_8324	1284	71618	55.7773	482	227.2660	241	227.2660
group_8325	2271	65231	28.7235	422	112.4988	211	112.4988
group_8326	1410	51497	36.5227	352	151.1388	176	151.1388
group_8327	903	17688	19.5880	117	78.4424	58	77.7719
gshB	984	55670	56.5752	376	231.3371	188	231.3371
group_8328	678	7771	11.4617	53	47.3259	26	46.4329
ureC	1710	66292	38.7673	446	157.9033	223	157.9033
group_8329	834	24802	29.7386	169	122.6798	84	121.9539
group_8330	1854	42839	23.1063	285	93.0653	142	92.7387
group_8331	570	29452	51.6702	201	213.4881	100	212.4260
group_8332	792	1053	1.3295	7	5.3509	3	4.5865
group_8334	588	2107	3.5833	15	15.4442	7	14.4146
group_8335	5910	12717	2.1518	85	8.7073	42	8.6049
group_8337	918	28983	31.5719	195	128.6010	97	127.9415
cas1d~~~cas1	1029	44350	43.1001	293	172.3871	146	171.7988
group_8339	1338	9002	6.7280	60	27.1486	30	27.1486
group_8344	3237	76066	23.4989	508	95.0109	254	95.0109
group_8341	297	146	0.4916	1	2.0384	0	0.0000
group_8343	2634	148010	56.1921	990	227.5474	495	227.5474
mdlB	1893	113702	60.0644	756	241.7819	378	241.7819
group_8345	747	27730	37.1218	191	154.7980	95	153.9875
group_8346	1584	91872	58.0000	614	234.6744	307	234.6744
group_8348	999	19203	19.2222	134	81.2067	67	81.2067
group_8349	2016	121315	60.1761	810	243.2467	405	243.2467
group_8350	1077	11730	10.8914	78	43.8461	39	43.8461
group_8351	1410	85927	60.9411	574	246.4594	287	246.4594
group_8352	210	0	0.0000	0	0.0000	0	0.0000
group_16596	846	151	0.1785	1	0.7156	0	0.0000
group_16597	798	453	0.5677	3	2.2760	1	1.5173
group_8357	567	7270	12.8219	49	52.3197	24	51.2520
group_8361	411	11612	28.2530	85	125.2073	42	123.7343
group_8362	1644	15281	9.2950	100	36.8257	50	36.8257
group_8363	2235	580	0.2595	4	1.0835	2	1.0835
group_8364	453	4115	9.0839	22	29.4020	11	29.4020
pcnB	1245	69161	55.5510	466	226.6048	233	226.6048
group_8365	180	0	0.0000	0	0.0000	0	0.0000
group_8370	852	28669	33.6491	190	135.0102	95	135.0102
prfB	1032	6546	6.3430	46	26.9855	23	26.9855
murD	1404	60358	42.9900	408	175.9323	204	175.9323
ilvN	558	4779	8.5645	35	37.9740	17	36.8890
group_8376	210	0	0.0000	0	0.0000	0	0.0000
group_8377	444	25387	57.1779	179	244.0746	89	242.7111
prmC	885	44624	50.4226	305	208.6455	152	207.9615
group_8378	1239	61405	49.5601	416	203.2706	208	203.2706
group_8380	1023	4386	4.2874	31	18.3459	15	17.7541
ylqC	366	16460	44.9727	113	186.9175	56	185.2633
group_8383	291	4321	14.8488	29	60.3334	14	58.2529
group_8384	468	11237	24.0107	78	100.9024	39	100.9024
group_8389	693	3474	5.0130	24	20.9667	12	20.9667
rluA	1506	79930	53.0744	539	216.6788	269	216.2768
group_8391	1389	4647	3.3456	32	13.9476	16	13.9476
group_8392	171	0	0.0000	0	0.0000	0	0.0000
group_8393	960	22205	23.1302	151	95.2266	75	94.5960
group_8394	213	0	0.0000	0	0.0000	0	0.0000
group_8396	1779	0	0.0000	0	0.0000	0	0.0000
group_8400	216	0	0.0000	0	0.0000	0	0.0000
group_8398	690	26218	37.9971	180	157.9341	90	157.9341
group_8399	903	54577	60.4396	372	249.4065	186	249.4065
group_8401	858	43124	50.2611	293	206.7440	146	206.0384
group_8409	1098	48922	44.5556	329	181.4037	164	180.8523
group_8411	369	13983	37.8943	98	160.7875	49	160.7875
group_8412	591	2547	4.3096	17	17.4146	8	16.3902
group_8413	387	6927	17.8992	49	76.6545	24	75.0901
group_8416	984	6683	6.7917	46	28.3019	23	28.3019
group_8415	2259	15629	6.9185	103	27.6041	51	27.3361
group_8417	252	302	1.1984	2	4.8049	1	4.8049
group_8422	1254	72727	57.9960	494	238.4965	247	238.4965
group_8424	1416	37552	26.5198	251	107.3156	125	106.8881
group_8426	168	0	0.0000	0	0.0000	0	0.0000
group_8427	321	1593	4.9626	12	22.6323	6	22.6323
group_8428	1890	13306	7.0402	89	28.5089	44	28.1886
group_8429	243	151	0.6214	1	2.4914	0	0.0000
group_8430	591	3918	6.6294	27	27.6585	13	26.6341
group_8432	1050	51809	49.3419	351	202.3813	175	201.8047
thrB	927	38773	41.8263	261	170.4564	130	169.8033
group_8435	1392	61820	44.4109	416	180.9284	208	180.9284
group_17166	618	1056	1.7087	8	7.8371	4	7.8371
group_8438	2043	44645	21.8527	297	88.0117	148	87.7154
group_8439	909	51186	56.3102	344	229.1116	172	229.1116
group_8440	591	1832	3.0998	13	13.3171	6	12.2927
group_8441	228	604	2.6491	4	10.6213	2	10.6213
group_8442	2694	45142	16.7565	304	68.3170	152	68.3170
group_8443	702	1960	2.7920	13	11.2114	6	10.3490
group_8445	1518	2563	1.6884	17	6.7800	8	6.3812
phoX	2310	124018	53.6874	837	219.3643	418	219.1023
group_8446	351	1922	5.4758	15	25.8724	7	24.1476
group_8447	1512	14073	9.3075	95	38.0386	47	37.6382
group_8448	1482	22956	15.4899	157	64.1363	78	63.7278
sEC59	705	39051	55.3915	271	232.7195	135	231.8607
leuS	2553	146677	57.4528	985	233.5812	492	233.3441
aroB	1101	50353	45.7339	341	187.5079	170	186.9580
group_8450	117	501	4.2821	5	25.8724	2	20.6979
group_8452	3357	35134	10.4659	185	33.3636	92	33.1833
group_8453	258	2020	7.8295	15	35.1985	7	32.8519
group_8454	210	979	4.6619	9	25.9463	4	23.0634
group_8457	294	6769	23.0238	47	96.7839	23	94.7247
group_8458	540	2824	5.2296	22	24.6650	11	24.6650
group_8460	2226	7241	3.2529	39	10.6070	19	10.3350
group_8461	222	0	0.0000	0	0.0000	0	0.0000
group_8462	264	0	0.0000	0	0.0000	0	0.0000
group_8466	1701	4243	2.4944	17	6.0506	8	5.6947
group_8467	231	301	1.3030	2	5.2417	1	5.2417
group_8468	1728	33047	19.1244	220	77.0782	110	77.0782
group_8470	393	8987	22.8677	64	98.5916	32	98.5916
rfbB	1137	60730	53.4125	411	218.8436	205	218.3112
group_8472	504	3940	7.8175	28	33.6341	14	33.6341
group_8473	564	3352	5.9433	24	25.7623	12	25.7623
group_8476	291	151	0.5189	1	2.0805	0	0.0000
group_8477	240	302	1.2583	2	5.0451	1	5.0451
group_8478	279	1030	3.6918	9	19.5295	4	17.3595
group_8479	744	10012	13.4570	67	54.5198	33	53.7061
group_8480	366	0	0.0000	0	0.0000	0	0.0000
group_8481	327	6666	20.3853	45	83.3139	22	81.4625
group_8484	204	0	0.0000	0	0.0000	0	0.0000
group_8488	771	32990	42.7886	229	179.8182	114	179.0330
group_8490	1044	42696	40.8966	289	167.5907	144	167.0108
bioD	732	29264	39.9781	198	163.7596	99	163.7596
group_8492	186	0	0.0000	0	0.0000	0	0.0000
group_8493	1263	23897	18.9208	163	78.1334	81	77.6541
nACHT	2358	121432	51.4979	807	207.1964	403	206.9397
group_8499	3042	27923	9.1792	189	37.6145	94	37.4155
group_8500	1902	20194	10.6172	135	42.9710	67	42.6527
group_8501	513	4844	9.4425	34	40.1249	17	40.1249
group_8502	873	40726	46.6506	276	191.4024	138	191.4024
group_8503	3558	12255	3.4444	82	13.9528	41	13.9528
group_8507	219	2459	11.2283	20	55.2890	10	55.2890
group_8508	1251	23476	18.7658	158	76.4632	79	76.4632
group_8510	1056	5287	5.0066	36	20.6391	18	20.6391
group_8514	1428	47997	33.6113	324	137.3629	162	137.3629
group_8515	174	810	4.6552	7	24.3557	3	20.8763
group_8518	873	43446	49.7663	297	205.9656	148	205.2721
dLH	846	44019	52.0319	296	211.8234	148	211.8234
group_8522	783	9228	11.7854	64	49.4847	32	49.4847
group_8526	198	1666	8.4141	12	36.6918	6	36.6918
group_8525	156	0	0.0000	0	0.0000	0	0.0000
group_8528	198	907	4.5808	6	18.3459	3	18.3459
group_8531	1695	101770	60.0413	687	245.3802	343	245.0231
group_8533	618	1350	2.1845	9	8.8167	4	7.8371
group_8534	1596	19582	12.2694	131	49.6925	65	49.3132
group_8536	102	0	0.0000	0	0.0000	0	0.0000
group_8537	1305	47236	36.1962	316	146.5984	158	146.5984
group_8538	594	25274	42.5488	170	173.2667	85	173.2667
group_8541	1284	56584	44.0685	380	179.1724	190	179.1724
group_8542	1776	28021	15.7776	188	64.0866	94	64.0866
group_8543	1338	73248	54.7444	497	224.8810	248	224.4286
group_8545	15297	222909	14.5721	1483	58.6932	741	58.6536
group_8546	1242	72499	58.3728	490	238.8510	245	238.8510
group_8548	2967	30190	10.1753	202	41.2179	101	41.2179
group_8549	948	39595	41.7669	242	154.5466	121	154.5466
group_8550	174	1497	8.6034	10	34.7939	5	34.7939
group_8551	831	42184	50.7629	285	207.6330	142	206.9045
arnT	1626	47491	29.2073	320	119.1467	160	119.1467
group_8553	1374	42365	30.8333	286	126.0178	143	126.0178
citT	1800	109572	60.8733	737	247.8834	368	247.5471
group_8554	822	19283	23.4586	131	96.4833	65	95.7468
group_8556	516	0	0.0000	0	0.0000	0	0.0000
group_8557	510	14231	27.9039	98	116.3345	49	116.3345
pheS	1005	53086	52.8219	361	217.4672	180	216.8648
group_8558	615	26781	43.5463	182	179.1632	91	179.1632
group_8559	696	9561	13.7371	66	57.4100	33	57.4100
group_8561	1005	15394	15.3174	103	62.0474	51	61.4450
group_8562	531	20672	38.9303	149	169.8808	74	168.7407
group_8565	616	17145	27.8328	118	115.9722	59	115.9722
group_8564	2133	111899	52.4609	747	212.0227	373	211.7388
group_8568	864	12964	15.0046	87	60.9618	43	60.2611
group_8569	246	13751	55.8984	189	465.1352	94	462.6742
pro1025	444	16004	36.0450	113	154.0806	56	152.7171
group_8572	417	1058	2.5372	8	11.6147	4	11.6147
group_8575	774	5200	6.7183	36	28.1588	18	28.1588
group_8573	984	47990	48.7703	326	200.5742	163	200.5742
group_8576	936	34514	36.8739	236	152.6472	118	152.6472
soxR	393	3939	10.0229	30	46.2148	15	46.2148
group_8577	1656	0	0.0000	0	0.0000	0	0.0000
group_8579	2307	107715	46.6905	705	185.0095	352	184.7471
iscS	1350	57890	42.8815	391	175.3459	195	174.8974
group_8583	2952	17118	5.7988	115	23.5849	57	23.3798
wza	1503	50182	33.3879	340	136.9533	170	136.9533
eGL9	936	15719	16.7938	108	69.8555	54	69.8555
group_8587	1326	956	0.7210	5	2.2829	2	1.8263
group_8590	156	269	1.7244	2	7.7617	1	7.7617
group_8591	1191	74374	62.4467	505	256.7037	252	256.1954
ylmH	780	34853	44.6833	238	184.7289	119	184.7289
group_8594	249	552	2.2169	4	9.7255	2	9.7255
ntrB	888	44080	49.6396	309	210.6678	154	209.9860
group_8596	576	2101	3.6476	15	15.7660	7	14.7149
group_8598	816	14879	18.2341	100	74.1929	50	74.1929
group_8599	1161	19749	17.0103	134	69.8755	67	69.8755
group_8600	948	40919	43.1635	275	175.6212	137	174.9826
group_8601	684	37303	54.5365	257	227.4729	128	226.5877
group_15954	900	1741	1.9344	12	8.0722	6	8.0722
group_8604	1401	11237	8.0207	75	32.4097	37	31.9776
group_8605	276	302	1.0942	2	4.3871	1	4.3871
group_8607	126	0	0.0000	0	0.0000	0	0.0000
mrdA	1947	98138	50.4047	650	202.1157	325	202.1157
group_13839	495	0	0.0000	0	0.0000	0	0.0000
frmA	1209	63460	52.4897	427	213.8229	213	213.3221
group_8615	120	0	0.0000	0	0.0000	0	0.0000
group_8616	1422	3961	2.7855	28	11.9210	14	11.9210
group_8619	1719	26190	15.2356	176	61.9854	88	61.9854
group_8620	414	405	0.9783	3	4.3871	1	2.9247
group_8617	888	19546	22.0113	127	86.5851	63	85.9034
group_8618	867	9508	10.9666	65	45.3886	32	44.6903
group_8622	615	21485	34.9350	141	138.8023	70	137.8178
group_8623	918	2207	2.4041	15	9.8924	7	9.2329
group_8624	1227	64193	52.3170	436	215.1268	218	215.1268
group_8625	513	755	1.4717	5	5.9007	2	4.7206
group_8627	870	755	0.8678	5	3.4794	2	2.7835
group_8630	210	300	1.4286	2	5.7658	1	5.7658
group_8632	1683	42200	25.0743	283	101.8017	141	101.4419
group_8634	171	262	1.5322	3	10.6213	1	7.0809
group_8635	1398	5588	3.9971	37	16.0231	18	15.5901
group_8636	966	56898	58.9006	392	245.6753	196	245.6753
purF	1464	88413	60.3914	595	246.0529	297	245.6393
group_8640	1233	13141	10.6577	88	43.2088	44	43.2088
group_8641	294	1435	4.8810	10	20.5923	5	20.5923
group_8642	696	5981	8.5934	42	36.5336	21	36.5336
group_8643	1125	44906	39.9164	306	164.6726	153	164.6726
group_8644	702	878	1.2507	6	5.1745	3	5.1745
group_8645	789	1528	1.9366	10	7.6732	5	7.6732
group_8646	852	4728	5.5493	32	22.7386	16	22.7386
crtD	1524	53824	35.3176	361	143.4085	180	143.0112
group_8649	693	16034	23.1371	110	96.0975	55	96.0975
group_8651	1107	20260	18.3017	139	76.0186	69	75.4717
group_8654	246	0	0.0000	0	0.0000	0	0.0000
group_8658	639	1510	2.3631	10	9.4744	5	9.4744
group_8661	624	302	0.4840	2	1.9404	1	1.9404
group_8664	801	151	0.1885	1	0.7558	0	0.0000
group_8665	1287	82054	63.7560	560	263.4281	280	263.4281
group_8666	2388	58209	24.3756	391	99.1277	195	98.8742
tsaD	1065	52158	48.9746	351	199.5309	175	198.9624
group_8667	591	1279	2.1641	9	9.2195	4	8.1951
group_8668	312	0	0.0000	0	0.0000	0	0.0000
group_8669	591	16535	27.9780	114	116.7804	57	116.7804
yybS	756	38837	51.3717	270	216.2193	135	216.2193
group_8674	915	15750	17.2131	106	70.1354	53	70.1354
group_8677	864	906	1.0486	6	4.2043	3	4.2043
group_8678	924	55665	60.2435	354	231.9444	177	231.9444
group_8683	675	409	0.6059	3	2.6907	1	1.7938
group_8684	795	445	0.5597	3	2.2846	1	1.5231
group_8687	975	20907	21.4431	120	74.5125	60	74.5125
group_8694	168	334	1.9881	4	14.4146	2	14.4146
group_8696	1404	906	0.6453	6	2.5872	3	2.5872
group_8697	216	2646	12.2500	18	50.4512	9	50.4512
group_8698	261	3937	15.0843	27	62.6290	13	60.3095
group_8699	921	764	0.8295	5	3.2867	2	2.6294
group_8700	561	426	0.7594	3	3.2375	1	2.1583
group_8701	609	0	0.0000	0	0.0000	0	0.0000
group_8702	204	2759	13.5245	20	59.3543	10	59.3543
group_8703	1083	53526	49.4238	362	202.3637	181	202.3637
group_8704	870	45443	52.2333	307	213.6346	153	212.9388
relB	408	7166	17.5637	50	74.1929	25	74.1929
hpsO	1170	68295	58.3718	460	238.0261	230	238.0261
group_8706	1548	78731	50.8598	526	205.7157	263	205.7157
group_8712	459	7537	16.4205	43	56.7164	21	55.3974
group_8714	408	16919	41.4681	121	179.5468	60	178.0630
group_8716	1317	21856	16.5953	147	67.5747	73	67.1150
group_8717	90	0	0.0000	0	0.0000	0	0.0000
group_8719	201	1019	5.0697	7	21.0841	3	18.0721
ddpX	804	32826	40.8284	229	172.4376	114	171.6846
group_8720	1506	6029	4.0033	41	16.4821	20	16.0801
group_8722	189	0	0.0000	0	0.0000	0	0.0000
group_8723	477	16464	34.5157	115	145.9594	57	144.6902
group_8724	780	0	0.0000	0	0.0000	0	0.0000
group_8725	828	11712	14.1449	80	58.4941	40	58.4941
group_8726	795	38005	47.8050	258	196.4740	129	196.4740
group_8727	411	15585	37.9197	110	162.0330	55	162.0330
group_8730	744	15982	21.4812	108	87.8827	54	87.8827
zwf	1530	91527	59.8216	613	242.5613	306	242.1656
tamB	6138	360033	58.6564	2401	236.8197	1200	236.7211
group_8732	291	507	1.7423	4	8.3218	2	8.3218
group_8733	579	5632	9.7271	39	40.7792	19	39.7336
group_8734	1047	57098	54.5349	388	224.3560	194	224.3560
group_8735	1326	54948	41.4389	368	168.0184	184	168.0184
group_8736	1173	54859	46.7681	372	191.9983	186	191.9983
group_8737	126	171	1.3571	2	9.6097	1	9.6097
group_8739	228	0	0.0000	0	0.0000	0	0.0000
group_8742	117	0	0.0000	0	0.0000	0	0.0000
group_8743	762	7217	9.4711	48	38.1363	24	38.1363
plsX	1062	61509	57.9181	420	239.4293	210	239.4293
group_8745	231	1315	5.6926	9	23.5876	4	20.9667
group_8746	837	20356	24.3202	136	98.3708	68	98.3708
group_8752	249	3464	13.9116	26	63.2159	13	63.2159
group_8750	1422	52620	37.0042	359	152.8437	179	152.4179
group_8751	1065	1940	1.8216	13	7.3900	6	6.8216
group_8757	1569	11554	7.3639	77	29.7112	38	29.3253
group_8758	162	0	0.0000	0	0.0000	0	0.0000
group_8759	276	0	0.0000	0	0.0000	0	0.0000
aceF	1263	26214	20.7553	176	84.3649	88	84.3649
group_8760	945	0	0.0000	0	0.0000	0	0.0000
group_8762	1920	2633	1.3714	10	3.1532	5	3.1532
narK	1269	69726	54.9456	471	224.7045	235	224.2275
group_8764	2604	162399	62.3652	1085	252.2559	542	252.0234
group_8765	1278	67729	52.9961	460	217.9112	230	217.9112
group_8766	462	21723	47.0195	156	204.4255	78	204.4255
group_8767	891	40868	45.8676	266	180.7409	133	180.7409
group_8768	1389	0	0.0000	0	0.0000	0	0.0000
group_8771	1170	58835	50.2863	394	203.8745	197	203.8745
group_8773	786	308	0.3919	2	1.5405	1	1.5405
group_8781	942	0	0.0000	0	0.0000	0	0.0000
group_8778	858	3320	3.8695	23	16.2290	11	15.5234
group_8779	792	0	0.0000	0	0.0000	0	0.0000
serS	1419	28815	20.3066	194	82.7698	97	82.7698
group_8780	1383	36439	26.3478	245	107.2498	122	106.8120
urtD	864	34074	39.4375	232	162.5649	116	162.5649
urtB	1197	62394	52.1253	416	210.4029	208	210.4029
group_8788	1365	72196	52.8908	491	217.7717	245	217.3281
group_8789	537	17949	33.4246	121	136.4155	60	135.2881
group_8787	558	4666	8.3620	32	34.7191	16	34.7191
group_8790	462	13890	30.0649	97	127.1108	48	125.8003
group_8791	465	1858	3.9957	14	18.2275	7	18.2275
group_8792	216	1107	5.1250	9	25.2256	4	22.4227
group_8793	357	5694	15.9496	42	71.2252	21	71.2252
group_8794	1287	20286	15.7622	139	65.3866	69	64.9162
group_8796	1332	6695	5.0263	46	20.9077	23	20.9077
group_8797	8844	136851	15.4739	911	62.3623	455	62.2939
pepN	2733	156404	57.2280	1045	231.4884	522	231.2669
group_8805	450	453	1.0067	3	4.0361	1	2.6907
group_8806	675	20094	29.7689	137	122.8766	68	121.9797
group_8807	954	51733	54.2275	355	225.2851	177	224.6505
rsmG	690	32034	46.4261	221	193.9080	110	193.0306
group_8810	993	14538	14.6405	101	61.5779	50	60.9682
group_8812	780	28283	36.2603	194	150.5774	97	150.5774
group_8813	633	25319	39.9984	173	165.4607	86	164.5043
group_8816	927	51543	55.6019	352	229.8876	176	229.8876
group_8819	1179	42641	36.1671	291	149.4279	145	148.9144
csaB	1038	57055	54.9663	391	228.0510	195	227.4677
moaD	255	5158	20.2275	38	90.2186	19	90.2186
group_8822	552	17477	31.6612	125	137.0956	62	135.9988
dAP2	1971	80675	40.9310	539	165.5597	269	165.2526
group_8824	855	44235	51.7368	331	234.3767	165	233.6686
group_8825	195	933	4.7846	12	37.2563	6	37.2563
group_8826	717	10123	14.1185	69	58.2616	34	57.4172
group_8827	804	2068	2.5721	14	10.5420	7	10.5420
group_8828	654	22562	34.4985	153	141.6336	76	140.7079
rpsO	270	1499	5.5519	10	22.4227	5	22.4227
group_8832	165	0	0.0000	0	0.0000	0	0.0000
hemF	1155	21082	18.2528	143	74.9560	71	74.4319
group_8833	747	12812	17.1513	88	71.3205	44	71.3205
group_8834	843	44530	52.8233	305	219.0407	152	218.3225
group_8838	189	828	4.3810	7	22.4227	3	19.2195
group_8839	828	42036	50.7681	283	206.9229	141	206.1918
group_8840	333	1918	5.7598	13	23.6348	6	21.8167
group_8841	795	6086	7.6553	40	30.4611	20	30.4611
group_8842	711	1395	1.9620	10	8.5150	5	8.5150
group_8850	276	7511	27.2138	52	114.0635	26	114.0635
group_8845	1053	18833	17.8851	128	73.5926	64	73.5926
group_8846	903	33747	37.3721	233	156.2143	116	155.5438
group_8847	612	16572	27.0784	109	107.8270	54	106.8378
group_8848	453	18503	40.8455	134	179.0850	67	179.0850
group_8849	1044	62608	59.9693	429	248.7765	214	248.1966
group_8852	786	0	0.0000	0	0.0000	0	0.0000
group_8851	654	9424	14.4098	66	61.0968	33	61.0968
group_8855	444	0	0.0000	0	0.0000	0	0.0000
group_8854	414	6595	15.9300	46	67.2682	23	67.2682
group_8856	889	6649	7.4792	47	32.0073	23	31.3263
group_8858	267	2569	9.6217	20	45.3494	10	45.3494
group_8861	627	2023	3.2265	14	13.5180	7	13.5180
group_8862	975	1957	2.0072	13	8.0722	6	7.4513
group_8865	121	161	1.3306	2	10.0068	1	10.0068
group_8866	405	14910	36.8148	107	159.9489	53	158.4541
group_8867	972	55854	57.4630	380	236.6845	190	236.6845
purQ	924	46035	49.8214	314	205.7360	157	205.7360
group_8870	678	34050	50.2212	237	211.6271	118	210.7341
group_8871	156	142	0.9103	2	7.7617	1	7.7617
group_8872	777	16830	21.6602	115	89.6044	57	88.8252
gmd	1140	47722	41.8614	326	173.1272	163	173.1272
group_8874	213	604	2.8357	4	11.3693	2	11.3693
group_8876	294	1682	5.7211	13	26.7700	6	24.7108
mazG	1023	51051	49.9032	345	204.1719	172	203.5801
group_8877	861	4740	5.5052	32	22.5009	16	22.5009
group_8878	777	14810	19.0605	100	77.9169	50	77.9169
group_8879	150	0	0.0000	0	0.0000	0	0.0000
group_8880	834	46684	55.9760	332	241.0042	166	241.0042
tktA1	825	18020	21.8424	121	88.7941	60	88.0602
group_8884	1233	2310	1.8735	16	7.8561	8	7.8561
group_8885	204	1210	5.9314	10	29.6772	5	29.6772
group_8886	132	0	0.0000	0	0.0000	0	0.0000
group_8887	351	3835	10.9259	29	50.0200	14	48.2951
group_8890	1017	8045	7.9105	55	32.7412	27	32.1459
group_8892	858	9765	11.3811	66	46.5703	33	46.5703
group_8897	2052	6329	3.0843	44	12.9816	22	12.9816
sbp	1044	51189	49.0316	346	200.6449	173	200.6449
group_8898	1197	62382	52.1153	419	211.9202	209	211.4145
group_8899	780	0	0.0000	0	0.0000	0	0.0000
group_8900	732	12312	16.8197	81	66.9925	40	66.1655
group_8901	183	0	0.0000	0	0.0000	0	0.0000
group_8902	867	27625	31.8627	187	130.5795	93	129.8812
group_8903	1698	32004	18.8481	215	76.6573	107	76.3007
group_8906	210	2468	11.7524	18	51.8926	9	51.8926
scpB	519	20927	40.3218	154	179.6412	77	179.6412
group_8908	96	174	1.8125	2	12.6128	1	12.6128
group_8909	951	302	0.3176	2	1.2732	1	1.2732
ppc	3057	190772	62.4050	1277	252.8995	638	252.7015
group_8911	972	5007	5.1512	36	22.4227	18	22.4227
yhiN	1227	50368	41.0497	341	168.2528	170	167.7594
group_8912	804	30238	37.6095	208	156.6245	104	156.6245
group_8913	1269	65130	51.3239	437	208.4838	218	208.0067
group_8916	645	21828	33.8419	155	145.4871	77	144.5485
group_8915	681	31299	45.9604	214	190.2476	107	190.2476
group_8918	1053	0	0.0000	0	0.0000	0	0.0000
group_8920	315	453	1.4381	3	5.7658	1	3.8439
group_8921	756	37017	48.9643	260	208.2112	130	208.2112
ruvB	1077	57099	53.0167	393	220.9171	196	220.3550
group_8923	1263	52371	41.4656	353	169.2092	176	168.7298
group_17232	189	0	0.0000	0	0.0000	0	0.0000
group_8688	708	6515	9.2020	45	38.4797	22	37.6246
group_8925	849	42771	50.3781	290	206.7963	145	206.7963
group_8926	237	0	0.0000	0	0.0000	0	0.0000
group_8927	429	1775	4.1375	12	16.9347	6	16.9347
group_8928	105	0	0.0000	0	0.0000	0	0.0000
group_8930	396	1816	4.5859	14	21.4035	7	21.4035
group_8933	1431	72033	50.3375	484	204.7662	242	204.7662
group_8931	657	31052	47.2633	218	200.8832	109	200.8832
group_8934	138	0	0.0000	0	0.0000	0	0.0000
frhG	612	28250	46.1601	195	192.9016	97	191.9123
group_8935	165	302	1.8303	2	7.3384	1	7.3384
group_8936	315	12339	39.1714	88	169.1316	44	169.1316
group_8937	180	617	3.4278	5	16.8171	2	13.4536
anmK	1137	59253	52.1135	399	212.4540	199	211.9216
group_8940	2016	21462	10.6458	147	44.1448	73	43.8445
group_8941	1242	4107	3.3068	29	14.1361	14	13.6486
group_8948	792	5508	6.9545	37	28.2832	18	27.5188
group_8944	528	21071	39.9072	150	171.9926	75	171.9926
group_8945	1023	38788	37.9159	265	156.8277	132	156.2359
group_8947	513	21800	42.4951	153	180.5621	76	179.3820
group_8950	2061	16450	7.9816	112	32.8997	56	32.8997
group_8959	1032	17479	16.9370	119	69.8103	59	69.2237
group_8953	201	698	3.4726	6	18.0721	3	18.0721
group_8954	1068	63416	59.3783	429	243.1860	214	242.6191
cbiB	984	49824	50.6341	339	208.5725	169	207.9573
group_8956	507	24351	48.0296	168	200.6106	84	200.6106
group_8957	327	3034	9.2783	21	38.8798	10	37.0284
group_8958	384	7500	19.5313	53	83.5598	26	81.9832
rAYT	588	18337	31.1854	123	126.6428	61	125.6131
group_8961	273	4426	16.2125	31	68.7467	15	66.5290
group_8962	588	302	0.5136	2	2.0592	1	2.0592
group_8963	459	4270	9.3028	29	38.2506	14	36.9316
group_8965	1749	2041	1.1670	16	5.5384	8	5.5384
group_8967	1587	1268	0.7990	8	3.0519	4	3.0519
group_8968	2226	34436	15.4699	227	61.7381	113	61.4661
group_8969	1083	50536	46.6630	336	187.8293	168	187.8293
group_8972	357	2370	6.6387	16	27.1334	8	27.1334
group_8973	255	295	1.1569	2	4.7483	1	4.7483
group_8976	426	5209	12.2277	37	52.5829	18	51.1618
menE	1794	96501	53.7910	644	217.3281	322	217.3281
group_8978	828	1925	2.3249	13	9.5053	6	8.7741
group_8979	1074	63471	59.0978	435	245.2096	217	244.6459
nlpI	540	18468	34.2000	128	143.5056	64	143.5056
mtnD	552	18237	33.0380	129	141.4826	64	140.3859
group_8980	186	731	3.9301	6	19.5295	3	19.5295
group_8981	582	4811	8.2663	34	35.3678	17	35.3678
group_8983	489	5039	10.3047	35	43.3323	17	42.0942
group_8984	387	11209	28.9638	80	125.1502	40	125.1502
group_8985	264	0	0.0000	0	0.0000	0	0.0000
group_8986	4737	82390	17.3929	544	69.5261	272	69.5261
ssr3000	291	8996	30.9141	65	135.2300	32	133.1495
group_8987	411	755	1.8370	5	7.3651	2	5.8921
group_8988	1320	65197	49.3917	444	203.6393	222	203.6393
group_8990	366	2074	5.6667	15	24.8121	7	23.1579
group_8991	216	147	0.6806	1	2.8028	0	0.0000
group_8992	477	2794	5.8574	19	24.1150	9	22.8458
nrdA	3360	183112	54.4976	1115	200.9038	557	200.7236
mmsB	879	46940	53.4016	322	221.7786	161	221.7786
group_8994	294	386	1.3129	3	6.1777	1	4.1185
phuW	843	43868	52.0380	303	217.6044	151	216.8862
group_8995	402	10773	26.7985	75	112.9504	37	111.4444
group_8996	1731	30391	17.5569	202	70.6491	101	70.6491
group_8997	531	12974	24.4331	91	103.7527	45	102.6126
group_8998	120	0	0.0000	0	0.0000	0	0.0000
group_9000	819	22045	26.9170	148	109.4033	74	109.4033
group_9001	276	4834	17.5145	35	76.7735	17	74.5800
group_9002	1488	298	0.2003	2	0.8137	1	0.8137
group_9003	711	30421	42.7862	210	178.8143	105	178.8143
group_9004	981	25388	25.8797	174	107.3823	87	107.3823
group_9005	1686	47587	28.2248	320	114.9066	160	114.9066
flaA1	1908	75214	39.4203	511	162.1418	255	161.8245
cobW	1059	58989	55.7025	398	227.5305	199	227.5305
group_9009	2229	96399	43.2476	645	175.1871	322	174.9155
group_9010	459	2519	5.4880	18	23.7417	9	23.7417
group_9013	1239	37115	29.9556	251	122.6464	125	122.1578
group_9012	1557	77571	49.8208	526	204.5265	263	204.5265
ctaB	954	44652	46.8050	307	194.8240	153	194.1894
group_9020	144	0	0.0000	0	0.0000	0	0.0000
group_9019	309	151	0.4887	1	1.9593	0	0.0000
group_9016	1125	55829	49.6258	380	204.4954	190	204.4954
group_9018	615	4425	7.1951	30	29.5324	15	29.5324
group_9021	1089	63866	58.6465	433	240.7202	216	240.1643
group_9022	807	34379	42.6010	235	176.2978	117	175.5476
group_9024	2397	3166	1.3208	21	5.3040	10	5.0514
group_9026	567	9091	16.0335	62	66.2005	31	66.2005
group_9034	1068	0	0.0000	0	0.0000	0	0.0000
group_9032	1704	2279	1.3374	14	4.9741	7	4.9741
group_9030	690	21200	30.7246	147	128.9795	73	128.1021
group_9035	1122	17537	15.6301	124	66.9085	62	66.9085
deoC	678	32574	48.0442	221	197.3400	110	196.4471
group_9037	675	37401	55.4089	256	229.6089	128	229.6089
group_9041	1242	31888	25.6747	215	104.8020	107	104.3145
group_9042	471	4151	8.8132	28	35.9906	14	35.9906
ribE	744	7507	10.0901	50	40.6864	25	40.6864
group_9043	1338	26823	20.0471	180	81.4458	90	81.4458
yggS	660	33123	50.1864	226	207.3085	113	207.3085
group_9046	357	3808	10.6667	28	47.4835	14	47.4835
group_9047	549	0	0.0000	0	0.0000	0	0.0000
group_9048	312	0	0.0000	0	0.0000	0	0.0000
group_9049	432	13053	30.2153	91	127.5294	45	126.1279
group_9050	624	24260	38.8782	169	163.9663	84	162.9961
cobG	1440	78029	54.1868	531	223.2465	265	222.8260
group_9052	291	6053	20.8007	42	87.3794	21	87.3794
group_9054	288	1279	4.4410	10	21.0213	5	21.0213
trmB	636	33602	52.8333	231	219.8910	115	218.9391
group_9055	696	22898	32.8994	155	134.8264	77	133.9566
group_9056	2052	20448	9.9649	117	34.5192	58	34.2242
group_9057	321	1604	4.9969	12	22.6323	6	22.6323
group_9058	402	990	2.4627	8	12.0480	4	12.0480
group_9059	615	6732	10.9463	47	46.2674	23	45.2830
group_9061	93	0	0.0000	0	0.0000	0	0.0000
group_9064	885	12480	14.1017	83	56.7790	41	56.0949
group_9065	1227	26498	21.5958	176	86.8402	88	86.8402
group_9072	597	10833	18.1457	73	74.0289	36	73.0148
group_9074	684	39104	57.1696	265	234.5537	132	233.6686
group_9077	345	0	0.0000	0	0.0000	0	0.0000
ispA	1080	56743	52.5398	386	216.3795	193	216.3795
group_9081	567	18192	32.0847	127	135.6042	63	134.5365
group_9082	396	4043	10.2096	27	41.2782	13	39.7494
group_9083	564	8482	15.0390	57	61.1855	28	60.1120
group_9085	564	13078	23.1879	91	97.6821	45	96.6086
group_9086	546	3468	6.3516	24	26.6116	12	26.6116
pap	1506	65743	43.6541	449	180.4986	224	180.0966
group_9088	279	5038	18.0573	36	78.1180	18	78.1180
group_9089	1005	49575	49.3284	333	200.5999	166	199.9975
glpG	612	29692	48.5163	207	204.7724	103	203.7832
group_9090	1164	55736	47.8832	375	195.0432	187	194.5231
group_9091	2622	906	0.3455	6	1.3854	3	1.3854
group_9092	945	5185	5.4868	35	22.4227	17	21.7821
group_9094	918	13918	15.1612	95	62.6518	47	61.9923
group_9097	1131	35166	31.0928	237	126.8640	118	126.3287
group_9098	303	435	1.4356	3	5.9942	1	3.9961
group_9099	192	0	0.0000	0	0.0000	0	0.0000
group_9102	501	4804	9.5888	34	41.0860	17	41.0860
group_19141	525	2284	4.3505	16	18.4507	8	18.4507
group_19142	1050	2288	2.1790	16	9.2254	8	9.2254
hisA	762	35428	46.4934	247	196.2432	123	195.4487
group_9103	3018	175240	58.0649	1165	233.7003	582	233.4997
group_9104	825	9623	11.6642	65	47.6993	32	46.9655
group_9105	1374	21920	15.9534	148	65.2120	74	65.2120
group_9106	1941	113997	58.7311	760	237.0504	380	237.0504
pheA	855	41573	48.6234	281	198.9724	140	198.2643
group_9107	681	29261	42.9677	205	182.2465	102	181.3575
group_9108	510	21570	42.2941	153	181.6242	76	180.4372
group_9109	633	12753	20.1469	88	84.1650	44	84.1650
group_9110	414	10075	24.3357	72	105.2894	36	105.2894
nlpC	861	12430	14.4367	83	58.3616	41	57.6585
ubiA	1137	54194	47.6640	364	193.8177	182	193.8177
group_9115	699	0	0.0000	0	0.0000	0	0.0000
group_9116	1101	1359	1.2343	9	4.9489	4	4.3990
group_9117	2112	899	0.4257	6	1.7199	3	1.7199
group_9120	963	0	0.0000	0	0.0000	0	0.0000
group_9121	3069	16452	5.3607	103	20.3186	51	20.1213
group_9122	2241	135872	60.6301	912	246.3800	456	246.3800
group_9125	297	9796	32.9832	72	146.7671	36	146.7671
group_9129	2832	139504	49.2599	931	199.0256	465	198.8118
group_9130	1041	1930	1.8540	13	7.5604	6	6.9788
queD	1056	40632	38.4773	274	157.0866	137	157.0866
group_9133	1176	43403	36.9073	294	151.3535	147	151.3535
group_9134	360	1812	5.0333	12	20.1805	6	20.1805
group_9136	435	302	0.6943	2	2.7835	1	2.7835
group_9137	147	0	0.0000	0	0.0000	0	0.0000
group_9142	240	151	0.6292	1	2.5226	0	0.0000
group_9143	534	17702	33.1498	124	140.5831	62	140.5831
group_9154	387	3059	7.9044	21	32.8519	10	31.2876
group_9156	768	17255	22.4674	98	77.2534	49	77.2534
group_9160	213	152	0.7136	2	5.6846	1	5.6846
walK	1998	115529	57.8223	769	233.0147	384	232.7117
group_9164	180	3763	20.9056	29	97.5389	14	94.1755
ddl	1059	61708	58.2701	419	239.5359	209	238.9642
nirD	351	10572	30.1197	80	137.9861	40	137.9861
group_9167	276	3804	13.7826	29	63.6124	14	61.4188
group_9170	1341	906	0.6756	6	2.7088	3	2.7088
group_9171	336	1605	4.7768	12	21.6219	6	21.6219
group_9172	885	29472	33.3017	199	136.1327	99	135.4486
group_9178	729	6688	9.1742	46	38.2017	23	38.2017
group_9179	822	0	0.0000	0	0.0000	0	0.0000
group_9180	873	20738	23.7549	139	96.3947	69	95.7012
group_9183	3003	906	0.3017	6	1.2096	3	1.2096
gvpN	1044	54561	52.2615	376	218.0419	188	218.0419
group_9184	315	368	1.1683	3	5.7658	1	3.8439
group_9185	2169	1475	0.6800	10	2.7912	5	2.7912
group_9187	783	14961	19.1073	105	81.1858	52	80.4126
group_9190	282	8026	28.4610	56	120.2241	28	120.2241
group_9191	213	0	0.0000	0	0.0000	0	0.0000
group_9192	1527	19801	12.9673	134	53.1274	67	53.1274
group_9195	2283	8809	3.8585	59	15.6458	29	15.3806
group_9197	1665	68242	40.9862	456	165.8071	228	165.8071
group_9198	348	14706	42.2586	105	182.6681	52	180.9284
group_9199	231	148	0.6407	1	2.6208	0	0.0000
group_9200	738	0	0.0000	0	0.0000	0	0.0000
group_9201	156	707	4.5321	6	23.2852	3	23.2852
gatC	474	5574	11.7595	39	49.8126	19	48.5353
group_9203	4491	8174	1.8201	53	7.1447	26	7.0099
dcp	2052	28534	13.9055	193	56.9420	96	56.6469
thiS	261	5786	22.1686	40	92.7838	20	92.7838
group_9205	591	5617	9.5042	38	38.9268	19	38.9268
group_9206	153	102	0.6667	2	7.9139	1	7.9139
group_9208	1728	895	0.5179	6	2.1021	3	2.1021
group_9210	279	4897	17.5520	34	73.7781	17	73.7781
group_9209	669	22051	32.9611	128	115.8341	64	115.8341
group_9212	3996	1208	0.3023	8	1.2120	4	1.2120
group_9215	5559	453	0.0815	3	0.3267	1	0.2178
group_9214	816	6783	8.3125	46	34.1287	23	34.1287
group_9216	417	151	0.3621	1	1.4518	0	0.0000
group_9217	825	0	0.0000	0	0.0000	0	0.0000
group_9218	264	821	3.1098	6	13.7594	3	13.7594
group_9221	873	453	0.5189	3	2.0805	1	1.3870
group_9224	588	2208	3.7551	16	16.4739	8	16.4739
group_9229	858	9555	11.1364	64	45.1591	32	45.1591
group_9231	360	7818	21.7167	55	92.4938	27	90.8121
group_9232	600	4936	8.2267	34	34.3068	17	34.3068
group_9233	537	1398	2.6034	10	11.2740	5	11.2740
group_9234	540	3422	6.3370	25	28.0284	12	26.9073
group_9235	594	302	0.5084	2	2.0384	1	2.0384
msrP	684	29822	43.5994	207	183.2174	103	182.3323
group_9240	390	2856	7.3231	21	32.5992	10	31.0469
group_9241	3327	196521	59.0685	1321	240.3823	660	240.2004
group_9243	1158	56237	48.5639	382	199.7135	191	199.7135
group_9244	447	587	1.3132	4	5.4176	2	5.4176
group_9246	195	151	0.7744	1	3.1047	0	0.0000
group_9249	3093	143938	46.5367	917	179.4907	458	179.2950
group_9250	414	843	2.0362	6	8.7741	3	8.7741
group_9251	228	678	2.9737	6	15.9320	3	15.9320
group_9253	255	3078	12.0706	22	52.2318	11	52.2318
group_9255	1233	5769	4.6788	39	19.1494	19	18.6583
pcxA	1338	76322	57.0419	515	233.0256	257	232.5731
group_9257	375	1441	3.8427	10	16.1444	5	16.1444
group_9259	213	0	0.0000	0	0.0000	0	0.0000
group_9261	642	10253	15.9704	69	65.0679	34	64.1249
group_9262	259	244	0.9421	2	4.6750	1	4.6750
group_9266	285	1697	5.9544	14	29.7396	7	29.7396
group_9268	453	2470	5.4525	17	22.7197	8	21.3833
group_9267	3780	59179	15.6558	398	63.7447	199	63.7447
group_9269	1731	8276	4.7811	56	19.5859	28	19.5859
group_9270	1317	61730	46.8717	419	192.6109	209	192.1512
group_9271	882	43117	48.8855	291	199.7455	145	199.0591
group_9272	1287	11010	8.5548	73	34.3397	36	33.8693
group_9275	1017	9547	9.3874	64	38.0988	32	38.0988
group_9276	351	604	1.7208	4	6.8993	2	6.8993
group_9277	1032	624	0.6047	5	2.9332	2	2.3466
group_9282	2094	29861	14.2603	194	56.0890	97	56.0890
group_9283	201	747	3.7164	5	15.0601	2	12.0480
group_9284	594	3844	6.4714	28	28.5380	14	28.5380
sipA	261	7081	27.1303	50	115.9797	25	115.9797
group_9285	300	1049	3.4967	7	14.1263	3	12.1083
group_9287	807	16528	20.4808	115	86.2734	57	85.5232
group_9290	855	10111	11.8257	68	48.1499	34	48.1499
group_9291	285	452	1.5860	4	8.4970	2	8.4970
group_9292	1425	67587	47.4295	455	193.3077	227	192.8828
group_9293	1077	13076	12.1411	87	48.9053	43	48.3432
group_9294	456	11402	25.0044	77	102.2300	38	100.9024
group_9295	684	14765	21.5863	103	91.1662	51	90.2811
group_9296	282	290	1.0284	2	4.2937	1	4.2937
lysX	1014	50809	50.1075	344	205.3870	172	205.3870
group_9299	411	998	2.4282	7	10.3112	3	8.8382
yhaK	708	28788	40.6610	198	169.3107	99	169.3107
group_9301	933	6213	6.6592	41	26.6045	20	25.9556
group_9302	339	2718	8.0177	20	35.7176	10	35.7176
group_9303	2136	40835	19.1175	273	77.3774	136	77.0939
group_9306	1170	5873	5.0197	39	20.1805	19	19.6630
group_9308	1212	0	0.0000	0	0.0000	0	0.0000
group_9311	1023	12863	12.5738	86	50.8950	43	50.8950
yutE	435	6443	14.8115	43	59.8455	21	58.4538
group_9313	630	7460	11.8413	53	50.9317	26	49.9707
group_9316	1065	12740	11.9624	85	48.3194	42	47.7510
group_9319	1365	151	0.1106	1	0.4435	0	0.0000
group_9320	423	8254	19.5130	56	80.1494	28	80.1494
group_9322	1128	15567	13.8005	104	55.8183	52	55.8183
group_9323	2943	74787	25.4118	499	102.6509	249	102.4452
group_9325	4269	179420	42.0286	1199	170.0378	599	169.8960
group_9326	186	0	0.0000	0	0.0000	0	0.0000
feoA	642	24835	38.6838	176	165.9702	88	165.9702
group_9328	1188	68729	57.8527	466	237.4773	233	237.4773
modA	1986	27396	13.7946	187	57.0053	93	56.7004
group_9332	831	37986	45.7112	250	182.1342	125	182.1342
group_9333	858	20799	24.2413	141	99.4911	70	98.7855
atoC	1254	59616	47.5407	398	192.1490	199	192.1490
group_9337	168	0	0.0000	0	0.0000	0	0.0000
group_9338	210	3942	18.7714	29	83.6048	14	80.7219
group_9339	576	29089	50.5017	202	212.3154	101	212.3154
group_9340	447	4110	9.1946	28	37.9230	14	37.9230
group_9342	1089	30131	27.6685	201	111.7431	100	111.1872
group_9343	702	1288	1.8348	9	7.7617	4	6.8993
group_9344	762	0	0.0000	0	0.0000	0	0.0000
accC	1347	81338	60.3846	556	249.8963	278	249.8963
group_9345	1044	36822	35.2701	249	144.3947	124	143.8148
group_9346	243	302	1.2428	2	4.9828	1	4.9828
group_9350	1392	81986	58.8980	552	240.0780	276	240.0780
group_9353	2040	112563	55.1779	751	222.8755	375	222.5787
group_9352	255	4042	15.8510	33	78.3477	16	75.9735
group_9354	687	27083	39.4221	188	165.6737	94	165.6737
group_9355	2265	53963	23.8247	359	95.9575	179	95.6902
group_9356	462	17109	37.0325	120	157.2504	60	157.2504
group_9357	1107	26914	24.3126	186	101.7227	93	101.7227
group_9359	1224	6888	5.6275	47	23.2471	23	22.7525
group_9361	588	2136	3.6327	15	15.4442	7	14.4146
group_9366	447	1017	2.2752	8	10.8352	4	10.8352
group_9367	1911	97558	51.0508	652	206.5568	326	206.5568
group_9369	288	2876	9.9861	21	44.1448	10	42.0426
group_9370	366	2713	7.4126	19	31.4286	9	29.7745
trpC	891	50955	57.1886	346	235.0991	173	235.0991
group_9372	1662	91230	54.8917	611	222.5680	305	222.2037
group_9374	1071	2137	1.9953	14	7.9139	7	7.9139
group_9376	609	15038	24.6929	104	103.3876	52	103.3876
group_9377	1152	46315	40.2040	313	164.4919	156	163.9663
group_9378	1227	25563	20.8337	172	84.8665	86	84.8665
group_9379	681	31473	46.2159	218	193.8036	109	193.8036
group_9380	1413	49748	35.2074	332	142.2488	166	142.2488
group_9382	585	27000	46.1538	190	196.6302	95	196.6302
group_9385	903	12816	14.1927	88	58.9994	44	58.9994
group_9387	300	2410	8.0333	17	34.3068	8	32.2888
group_9389	729	28191	38.6708	190	157.7897	95	157.7897
group_9391	1227	21421	17.4580	149	73.5181	74	73.0247
pulF	1215	57081	46.9802	385	191.8390	192	191.3408
salY	1344	66451	49.4427	451	203.1561	225	202.7056
group_9394	1818	5103	2.8069	34	11.3224	17	11.3224
group_9393	411	904	2.1995	6	8.8382	3	8.8382
amt	1443	25047	17.3576	168	70.4848	84	70.4848
group_9395	216	919	4.2546	7	19.6199	3	16.8171
group_9396	675	28261	41.8681	198	177.5881	99	177.5881
group_9397	1026	11510	11.2183	79	46.6157	39	46.0256
group_9398	777	16517	21.2574	114	88.8252	57	88.8252
group_9399	1152	35711	30.9991	227	119.2960	113	118.7705
group_9400	345	12854	37.2580	90	157.9341	45	157.9341
group_9401	234	859	3.6709	6	15.5234	3	15.5234
group_9403	198	0	0.0000	0	0.0000	0	0.0000
group_9404	2850	109403	38.3870	729	154.8586	364	154.6461
group_9406	336	7508	22.3452	52	93.6950	26	93.6950
group_9408	1557	30428	19.5427	199	77.3779	99	76.9891
group_9409	1470	2779	1.8905	20	8.2369	10	8.2369
group_9412	1485	9795	6.5960	65	26.4996	32	26.0919
group_9413	1956	117494	60.0685	788	243.8989	394	243.8989
group_9414	192	255	1.3281	2	6.3064	1	6.3064
group_9415	1038	2859	2.7543	17	9.9153	8	9.3320
group_9416	1719	22524	13.1030	149	52.4763	74	52.1241
moaB	597	14019	23.4824	96	97.3530	48	97.3530
group_9418	4083	87804	21.5048	359	53.2314	179	53.0831
group_9421	987	7153	7.2472	49	30.0560	24	29.4426
glxA	1005	14573	14.5005	99	59.6378	49	59.0354
group_9424	108	372	3.4444	4	22.4227	2	22.4227
group_9425	1248	1062	0.8510	10	4.8511	5	4.8511
group_9427	579	7863	13.5803	55	57.5091	27	56.4635
group_9430	1377	604	0.4386	4	1.7586	2	1.7586
rsmE	708	14470	20.4379	98	83.8003	49	83.8003
group_9431	1950	93179	47.7841	626	194.3535	313	194.3535
group_9432	540	18792	34.8000	139	155.8381	69	154.7169
group_9433	1962	16395	8.3563	111	34.2513	55	33.9427
group_9437	2037	15909	7.8100	106	31.5041	53	31.5041
recN	1755	95199	54.2444	638	220.0879	319	220.0879
group_9438	1443	78349	54.2959	530	222.3628	265	222.3628
leuD	591	28238	47.7800	191	195.6584	95	194.6340
group_9439	867	26745	30.8478	164	114.5189	82	114.5189
cobU	561	26875	47.9055	182	196.4089	91	196.4089
group_9440	159	0	0.0000	0	0.0000	0	0.0000
group_9441	1374	75284	54.7918	510	224.7170	255	224.7170
group_9442	822	0	0.0000	0	0.0000	0	0.0000
group_9443	2556	116087	45.4174	774	183.3296	387	183.3296
group_9444	1563	5037	3.2226	34	13.1696	17	13.1696
hpnA	987	37628	38.1236	259	158.8675	129	158.2541
group_9445	522	1867	3.5766	13	15.0774	6	13.9176
group_9446	1230	66635	54.1748	452	222.4774	226	222.4774
group_9447	1236	604	0.4887	4	1.9593	2	1.9593
group_9449	690	29234	42.3681	201	176.3598	100	175.4824
group_9450	393	9020	22.9517	63	97.0511	31	95.5106
srso17	453	1147	2.5320	8	10.6916	4	10.6916
group_9451	297	4689	15.7879	34	69.3067	17	69.3067
group_9454	1683	13174	7.8277	70	25.1806	35	25.1806
group_9455	345	8943	25.9217	66	115.8184	33	115.8184
group_9456	966	6118	6.3333	42	26.3224	21	26.3224
group_9457	609	20946	34.3941	143	142.1580	71	141.1639
group_9458	537	23878	44.4655	162	182.6389	81	182.6389
group_9459	789	13324	16.8872	81	62.1528	40	61.3855
rpoZ	228	5647	24.7675	39	103.5577	19	100.9024
group_9460	840	3694	4.3976	24	17.2975	12	17.2975
group_9461	1116	49965	44.7715	337	182.8177	168	182.2752
group_9462	267	453	1.6966	3	6.8024	1	4.5349
group_9463	1140	60923	53.4412	416	220.9230	208	220.9230
carB	3351	217835	65.0060	1458	263.4121	729	263.4121
group_9465	336	0	0.0000	0	0.0000	0	0.0000
nAGPA	1824	99737	54.6804	671	222.7154	335	222.3835
ilvA	1605	94085	58.6199	628	236.8848	314	236.8848
group_9467	1071	16230	15.1541	110	62.1807	55	62.1807
group_9468	750	0	0.0000	0	0.0000	0	0.0000
group_9469	903	6992	7.7431	47	31.5110	23	30.8406
group_9470	381	2829	7.4252	20	31.7803	10	31.7803
group_9472	396	11335	28.6237	83	126.8924	41	125.3635
group_9473	255	2747	10.7725	19	45.1093	9	42.7351
group_9476	261	1781	6.8238	13	30.1547	6	27.8351
group_9477	405	15423	38.0815	109	162.9386	54	161.4438
group_9480	408	13391	32.8211	96	142.4504	48	142.4504
group_9481	387	9462	24.4496	68	106.3777	34	106.3777
group_9482	288	873	3.0313	7	14.7149	3	12.6128
group_9483	1335	18577	13.9154	124	56.2332	62	56.2332
group_9484	138	0	0.0000	0	0.0000	0	0.0000
group_9486	1212	9568	7.8944	65	32.4686	32	31.9691
mpaA	1665	102310	61.4474	689	250.5287	344	250.1651
group_9488	201	243	1.2090	2	6.0240	1	6.0240
group_9489	735	14240	19.3741	99	81.5456	49	80.7219
group_9490	282	1028	3.6454	7	15.0280	3	12.8812
group_9491	186	1405	7.5538	12	39.0590	6	39.0590
group_9492	825	22520	27.2970	153	112.2768	76	111.5430
group_9493	543	6209	11.4346	43	47.9426	21	46.8276
corA	1197	69837	58.3434	477	241.2553	238	240.7495
group_9498	168	392	2.3333	4	14.4146	2	14.4146
group_9500	2691	103238	38.3642	671	150.9598	335	150.7348
group_9503	255	12378	48.5412	87	206.5531	43	204.1789
group_9504	369	448	1.2141	3	4.9221	1	3.2814
group_19151	303	1738	5.7360	12	23.9768	6	23.9768
group_9507	573	4943	8.6265	33	34.8668	16	33.8102
group_9508	1626	3496	2.1501	23	8.5637	11	8.1913
group_9509	1203	7919	6.5827	53	26.6724	26	26.1692
group_9510	882	2260	2.5624	15	10.2962	7	9.6097
group_9512	1767	14226	8.0509	98	33.5770	49	33.5770
cbiM	744	36489	49.0444	250	203.4322	125	203.4322
group_9517	501	18960	37.8443	133	160.7187	66	159.5103
group_9518	1743	99964	57.3517	672	233.4127	336	233.4127
group_9519	975	6375	6.5385	45	27.9422	22	27.3213
group_9520	630	34339	54.5063	237	227.7510	118	226.7901
group_9522	972	4796	4.9342	32	19.9313	16	19.9313
group_9523	300	1550	5.1667	11	22.1985	5	20.1805
group_9524	1173	11703	9.9770	78	40.2577	39	40.2577
gtrA	1407	53856	38.2772	364	156.6245	182	156.6245
group_9527	777	13566	17.4595	87	67.7877	43	67.0085
group_9528	186	2040	10.9677	14	45.5688	7	45.5688
group_9530	885	5994	6.7729	41	28.0474	20	27.3634
group_9535	318	2665	8.3805	20	38.0764	10	38.0764
group_9536	1047	63879	61.0115	432	249.7984	216	249.7984
group_9537	1356	25314	18.6681	176	78.5788	88	78.5788
group_9538	1020	15236	14.9373	103	61.1350	51	60.5414
group_9539	1059	24098	22.7554	163	93.1846	81	92.6129
group_9540	414	0	0.0000	0	0.0000	0	0.0000
aycf53	738	36803	49.8686	256	210.0082	128	210.0082
cdd	411	1849	4.4988	13	19.1494	6	17.6763
group_9541	951	9679	10.1777	67	42.6527	33	42.0161
group_9542	1230	46425	37.7439	314	154.5529	157	154.5529
group_9544	1593	44624	28.0126	300	114.0140	150	114.0140
group_9545	915	27772	30.3519	189	125.0528	94	124.3911
group_9546	2652	43596	16.4389	294	67.1160	147	67.1160
group_9547	366	1794	4.9016	13	21.5038	6	19.8496
group_9549	771	10040	13.0220	68	53.3958	34	53.3958
group_9550	831	41434	49.8604	282	205.4474	141	205.4474
group_9552	681	3252	4.7753	22	19.5582	11	19.5582
group_9554	786	37006	47.0814	257	197.9535	128	197.1832
group_9555	412	3243	7.8714	23	33.7974	11	32.3279
group_9556	393	10223	26.0127	69	106.2941	34	104.7536
group_9557	798	42243	52.9361	288	218.4953	144	218.4953
group_9558	750	25736	34.3147	175	141.2633	87	140.4561
group_9560	357	1029	2.8824	7	11.8709	3	10.1750
xylB	1251	72130	57.6579	488	236.1647	244	236.1647
group_9562	405	6769	16.7136	49	73.2476	24	71.7528
group_9563	1341	34558	25.7703	233	105.1913	116	104.7398
group_9564	1323	3794	2.8677	27	12.3554	13	11.8978
group_9566	2505	25472	10.1685	171	41.3277	85	41.0860
group_9569	228	646	2.8333	6	15.9320	3	15.9320
group_9570	1572	46431	29.5363	312	120.1585	156	120.1585
ykgJ	366	13617	37.2049	99	163.7596	49	162.1054
proC	876	39755	45.3824	271	187.2914	135	186.6002
group_9571	2223	19824	8.9177	134	36.4937	67	36.4937
group_9572	1128	18195	16.1303	121	64.9425	60	64.4058
group_9573	219	151	0.6895	1	2.7644	0	0.0000
group_9576	1341	19499	14.5406	132	59.5933	66	59.5933
group_9579	285	1812	6.3579	12	25.4911	6	25.4911
group_9580	363	2660	7.3278	18	30.0205	9	30.0205
group_9581	840	32390	38.5595	221	159.2816	110	158.5608
nosY	780	44411	56.9372	308	239.0610	154	239.0610
group_9583	243	1325	5.4527	10	24.9142	5	24.9142
group_9584	390	2860	7.3333	20	31.0469	10	31.0469
group_9585	960	3628	3.7792	24	15.1354	12	15.1354
group_9586	756	6536	8.6455	47	37.6382	23	36.8374
group_9589	234	536	2.2906	4	10.3490	2	10.3490
group_9591	1395	26882	19.2703	183	79.4199	91	78.9859
group_9592	870	3120	3.5862	22	15.3093	11	15.3093
group_9593	1506	521	0.3459	4	1.6080	2	1.6080
group_9594	1605	1232	0.7676	8	3.0176	4	3.0176
group_9595	171	0	0.0000	0	0.0000	0	0.0000
group_9596	408	7565	18.5417	53	78.6445	26	77.1606
group_9597	654	5906	9.0306	40	37.0284	20	37.0284
group_9600	654	12816	19.5963	86	79.6110	43	79.6110
group_9599	3102	64787	20.8856	433	84.5082	216	84.3130
group_9602	1407	6629	4.7114	46	19.7932	23	19.7932
group_9601	315	2082	6.6095	15	28.8292	7	26.9073
group_9603	711	2641	3.7145	28	23.8419	14	23.8419
group_9605	693	41140	59.3651	290	253.3479	145	253.3479
group_9607	4161	3713	0.8923	27	3.9284	13	3.7829
group_9608	732	26341	35.9850	178	147.2182	89	147.2182
group_9609	1830	102129	55.8082	686	226.9476	343	226.9476
group_9611	261	263	1.0077	3	6.9588	1	4.6392
group_9612	840	12097	14.4012	84	60.5414	42	60.5414
group_9614	1518	31312	20.6271	214	85.3482	107	85.3482
group_9615	564	4407	7.8138	30	32.2029	15	32.2029
group_9617	708	660	0.9322	5	4.2755	2	3.4204
group_9619	1041	3595	3.4534	24	13.9577	12	13.9577
group_9618	285	1515	5.3158	11	23.3669	5	21.2426
group_9622	432	11131	25.7662	79	110.7123	39	109.3109
tnpB~~~insQ	1359	35141	25.8580	234	104.2435	117	104.2435
hypE	1071	50906	47.5313	347	196.1519	173	195.5866
group_9625	972	31127	32.0237	191	118.9651	95	118.3423
group_9626	282	8939	31.6986	62	133.1052	31	133.1052
group_9627	663	16076	24.2474	111	101.3589	55	100.4458
group_9628	744	21590	29.0188	134	109.0396	67	109.0396
group_9629	426	13537	31.7770	96	136.4314	48	136.4314
group_9630	306	3393	11.0882	23	45.5050	11	43.5265
ybjD	1989	30407	15.2876	203	61.7894	101	61.4850
group_9631	2079	112462	54.0943	747	217.5298	373	217.2385
group_9633	1485	54210	36.5051	369	150.4362	184	150.0286
group_9634	774	17420	22.5065	119	93.0805	59	92.2983
group_9635	231	2695	11.6667	19	49.7960	9	47.1751
group_9636	2016	113196	56.1488	761	228.5318	380	228.2315
group_9637	933	46827	50.1897	319	206.9958	159	206.3469
group_9638	1749	93733	53.5923	630	218.0737	315	218.0737
group_9641	96	0	0.0000	0	0.0000	0	0.0000
group_9640	2103	4007	1.9054	27	7.7728	13	7.4849
group_9642	1395	2662	1.9082	18	7.8118	9	7.8118
group_9643	879	8651	9.8419	58	39.9477	29	39.9477
group_9644	312	3478	11.1474	26	50.4512	13	50.4512
group_9645	660	3775	5.7197	25	22.9324	12	22.0151
group_9646	996	9731	9.7701	66	40.1178	33	40.1178
cysW	843	38516	45.6892	263	188.8777	131	188.1595
group_9647	981	11768	11.9959	80	49.3712	40	49.3712
group_9651	741	20226	27.2955	134	109.4811	67	109.4811
group_9652	1140	24454	21.4509	165	87.6257	82	87.0947
group_9655	186	2550	13.7097	18	58.5885	9	58.5885
malQ	1503	96239	64.0313	651	262.2253	325	261.8225
group_9656	729	2277	3.1235	15	12.4571	7	11.6266
group_9657	435	4496	10.3356	30	41.7527	15	41.7527
group_9658	3993	122573	30.6970	816	123.7210	408	123.7210
group_9660	378	10938	28.9365	81	129.7316	40	128.1300
group_9661	327	0	0.0000	0	0.0000	0	0.0000
group_9662	7725	149075	19.2977	761	59.6401	380	59.5618
group_9663	141	0	0.0000	0	0.0000	0	0.0000
group_9664	261	5278	20.2222	37	85.8250	18	83.5054
group_9666	417	5740	13.7650	41	59.5251	20	58.0733
group_9667	837	12563	15.0096	82	59.3118	41	59.3118
group_9668	990	9203	9.2960	64	39.1379	32	39.1379
ligA	2058	116719	56.7148	778	228.8689	389	228.8689
group_9669	567	39487	69.6420	271	289.3602	135	288.2924
group_16590	1278	1054	0.8247	8	3.7898	4	3.7898
group_9670	927	42332	45.6656	284	185.4775	142	185.4775
pDC1~~~ictB	3102	181340	58.4591	1218	237.7158	609	237.7158
group_9671	1308	64599	49.3876	439	203.1933	219	202.7304
group_9672	375	0	0.0000	0	0.0000	0	0.0000
group_9673	441	2564	5.8141	17	23.3380	8	21.9651
group_9675	2973	6058	2.0377	41	8.3491	20	8.1455
group_9676	2658	127626	48.0158	855	194.7438	427	194.5161
group_9679	1182	19678	16.6481	86	44.0487	43	44.0487
group_9680	897	26523	29.5686	180	121.4878	90	121.4878
group_9681	405	9600	23.7037	69	103.1446	34	101.6498
group_9682	345	1218	3.5304	9	15.7934	4	14.0386
group_9683	471	1409	2.9915	10	12.8538	5	12.8538
group_9684	1089	55564	51.0230	374	207.9200	187	207.9200
group_9686	708	19847	28.0325	136	116.2942	68	116.2942
group_9688	1821	15753	8.6507	105	34.9086	52	34.5761
group_9689	3606	7073	1.9615	47	7.8909	23	7.7230
group_9690	174	7796	44.8046	68	236.5986	34	236.5986
group_9691	624	25302	40.5481	175	169.7876	87	168.8174
group_9695	1017	44180	43.4415	300	178.5882	150	178.5882
group_9700	336	6349	18.8958	49	88.2896	24	86.4877
group_9697	264	228	0.8636	2	4.5865	1	4.5865
group_9699	1044	44348	42.4789	288	167.0108	144	167.0108
group_9701	1716	24723	14.4073	172	60.6825	86	60.6825
group_17169	6042	16882	2.7941	114	11.4229	57	11.4229
group_9704	528	151	0.2860	1	1.1466	0	0.0000
group_9705	1356	3095	2.2824	21	9.3759	10	8.9294
group_9707	396	15019	37.9268	112	171.2282	56	171.2282
group_9708	420	6413	15.2690	44	63.4243	22	63.4243
smc	555	579	1.0432	3	3.2725	1	2.1817
group_9710	681	12468	18.3084	85	75.5656	42	74.6766
group_9714	1395	19612	14.0588	134	58.1545	67	58.1545
group_9715	243	1781	7.3292	13	32.3884	6	29.8970
ndhB	1551	72429	46.6983	490	191.2656	245	191.2656
truB	912	44018	48.2654	299	198.4856	149	197.8217
group_9717	210	144	0.6857	1	2.8829	0	0.0000
group_9718	855	10032	11.7333	69	48.8580	34	48.1499
group_9719	603	8362	13.8673	57	57.2282	28	56.2242
group_9720	315	10134	32.1714	71	136.4584	35	134.5365
group_9722	936	531	0.5673	5	3.2340	2	2.5872
group_9723	453	9883	21.8168	71	94.8883	35	93.5519
spoIIIAA	1812	100450	55.4360	672	224.5244	336	224.5244
group_9725	660	27300	41.3636	193	177.0378	96	176.1205
group_9728	1194	14514	12.1558	98	49.6906	49	49.6906
group_9731	423	7723	18.2577	54	77.2869	27	77.2869
group_9732	456	18243	40.0066	124	164.6302	62	164.6302
group_9735	450	453	1.0067	3	4.0361	1	2.6907
pleD	939	43818	46.6645	296	190.8441	148	190.8441
group_9738	711	3800	5.3446	26	22.1389	13	22.1389
group_9742	909	1516	1.6678	10	6.6602	5	6.6602
group_9740	345	9966	28.8870	71	124.5925	35	122.8376
group_9741	1113	13907	12.4951	96	52.2190	48	52.2190
group_9743	2454	146661	59.7641	980	241.7709	490	241.7709
group_9744	3105	167039	53.7968	1118	217.9881	559	217.9881
group_9745	2607	19690	7.5527	131	30.4217	65	30.1894
group_9746	1218	47128	38.6929	314	156.0756	157	156.0756
group_9747	1224	55895	45.6658	376	185.9769	188	185.9769
group_9750	309	2229	7.2136	17	33.3076	8	31.3483
group_9751	2199	37371	16.9945	250	68.8283	125	68.8283
group_9752	192	338	1.7604	3	9.4596	1	6.3064
group_9755	459	25925	56.4815	174	229.5034	87	229.5034
group_9754	966	38415	39.7671	241	151.0402	120	150.4134
group_9759	1017	1873	1.8417	13	7.7388	6	7.1435
group_15948	1170	1168	0.9983	8	4.1396	4	4.1396
group_9761	1899	102357	53.9005	691	220.2955	345	219.9767
group_9762	237	569	2.4008	4	10.2180	2	10.2180
yccU	459	17430	37.9739	119	156.9592	59	155.6402
group_9763	234	1050	4.4872	7	18.1107	3	15.5234
group_9764	801	10702	13.3608	73	55.1751	36	54.4192
group_9765	306	8717	28.4869	61	120.6871	30	118.7087
group_9767	345	5948	17.2406	42	73.7026	21	73.7026
group_9769	885	11482	12.9740	80	54.7267	40	54.7267
group_9770	219	0	0.0000	0	0.0000	0	0.0000
group_9772	4422	2113	0.4778	14	1.9167	7	1.9167
group_9775	312	8663	27.7660	64	124.1875	32	124.1875
group_9774	696	10062	14.4569	70	60.8894	35	60.8894
group_9776	2520	2354	0.9341	16	3.8439	8	3.8439
group_9778	735	5230	7.1156	36	29.6529	18	29.6529
group_9779	837	302	0.3608	2	1.4466	1	1.4466
group_9781	705	19948	28.2950	139	119.3653	69	118.5066
cafA	2178	119651	54.9362	808	224.5981	404	224.5981
ylqF	840	49844	59.3381	343	247.2108	171	246.4900
group_9783	1551	51512	33.2121	339	132.3246	169	131.9342
group_9786	501	1106	2.2076	8	9.6673	4	9.6673
group_9787	939	12776	13.6060	86	55.4479	43	55.4479
group_9789	471	8218	17.4480	60	77.1228	30	77.1228
group_9790	456	3506	7.6886	25	33.1916	12	31.8639
fbpB	1941	76430	39.3766	514	160.3209	257	160.3209
group_9791	384	5977	15.5651	43	67.7938	21	66.2172
group_9792	657	3793	5.7732	29	26.7230	14	25.8015
group_9793	261	2390	9.1571	18	41.7527	9	41.7527
group_9794	339	2544	7.5044	17	30.3600	8	28.5741
group_9795	1146	48731	42.5227	326	172.2208	163	172.2208
group_9797	114	120	1.0526	2	10.6213	1	10.6213
group_9800	1650	103104	62.4873	699	256.4754	349	256.1085
group_9804	3270	17720	5.4190	118	21.8467	59	21.8467
group_9801	405	14430	35.6296	102	152.4747	51	152.4747
group_9802	645	4850	7.5194	33	30.9747	16	30.0360
mnaT	516	23985	46.4826	166	194.7650	83	194.7650
glgX	2079	123509	59.4079	829	241.4085	414	241.1173
fabD	933	39664	42.5123	269	174.5513	134	173.9024
group_9812	1065	21798	20.4676	152	86.4065	76	86.4065
group_9813	690	4062	5.8870	29	25.4449	14	24.5675
group_9816	1680	7855	4.6756	53	19.0994	26	18.7390
murF	1371	64567	47.0948	436	192.5314	218	192.5314
group_9817	1068	52639	49.2875	361	204.6390	180	204.0722
mfd	3510	201842	57.5048	1343	231.6442	671	231.4717
group_9818	1260	63104	50.0825	427	205.1681	213	204.6876
coaX	780	38568	49.4462	267	207.2379	133	206.4617
group_9820	1305	66580	51.0192	448	207.8357	224	207.8357
group_9822	582	3697	6.3522	25	26.0058	12	24.9655
group_9825	972	604	0.6214	4	2.4914	2	2.4914
sirB1	819	27162	33.1648	185	136.7541	92	136.0149
group_9826	879	168	0.1911	2	1.3775	1	1.3775
lptB	1911	32100	16.7975	216	68.4299	108	68.4299
group_9827	1086	13260	12.2099	89	49.6150	44	49.0575
group_9829	426	16710	39.2254	118	167.6969	59	167.6969
group_9831	1092	39553	36.2207	268	148.5815	134	148.5815
group_9833	519	3294	6.3468	23	26.8295	11	25.6630
group_9834	192	302	1.5729	2	6.3064	1	6.3064
group_9835	477	129	0.2704	1	1.2692	0	0.0000
group_9836	621	25589	41.2061	179	174.5075	89	173.5326
group_9837	414	7857	18.9783	55	80.4294	27	78.9671
group_9838	1074	28700	26.7225	194	109.3579	97	109.3579
group_9840	771	1359	1.7626	9	7.0671	4	6.2819
group_9841	2841	52330	18.4196	362	77.1418	181	77.1418
group_9842	159	0	0.0000	0	0.0000	0	0.0000
group_9843	399	13665	34.2481	98	148.6982	49	148.6982
group_9847	1902	2114	1.1115	14	4.4563	7	4.4563
group_9855	561	27685	49.3494	194	209.3589	97	209.3589
group_9850	987	17792	18.0263	122	74.8334	61	74.8334
group_9851	232	419	1.8060	3	7.8286	1	5.2191
group_9852	657	32637	49.6758	224	206.4121	112	206.4121
group_9859	2037	275	0.1350	2	0.5944	1	0.5944
group_9857	585	20053	34.2786	143	147.9901	71	146.9552
group_9862	945	40329	42.6762	266	170.4129	133	170.4129
group_9858	999	44848	44.8929	301	182.4121	150	181.8060
group_9860	216	0	0.0000	0	0.0000	0	0.0000
group_9861	777	29938	38.5302	208	162.0671	104	162.0671
fieF	927	43562	46.9924	299	195.2738	149	194.6207
group_9864	1281	75096	58.6230	505	238.6683	252	238.1957
group_9865	1107	8343	7.5366	57	31.1731	28	30.6262
group_9866	2685	6653	2.4778	44	9.9211	22	9.9211
group_9867	231	649	2.8095	5	13.1042	2	10.4834
group_9868	954	5900	6.1845	40	25.3842	20	25.3842
group_9869	1467	755	0.5147	5	2.0634	2	1.6508
group_9870	540	15686	29.0481	111	124.4462	55	123.3251
group_9873	465	0	0.0000	0	0.0000	0	0.0000
group_9876	432	0	0.0000	0	0.0000	0	0.0000
pulO	810	39084	48.2519	275	205.5418	137	204.7944
suhB	828	37715	45.5495	261	190.8371	130	190.1059
group_9877	804	4357	5.4192	31	23.3431	15	22.5901
group_9878	879	10670	12.1388	73	50.2790	36	49.5902
group_9880	252	288	1.1429	2	4.8049	1	4.8049
pgl	924	48217	52.1829	327	214.2537	163	213.5985
group_9887	306	1552	5.0719	11	21.7633	5	19.7848
fliA	777	15211	19.5766	104	81.0336	52	81.0336
group_9885	459	19609	42.7211	136	179.3820	68	179.3820
group_9886	2256	19684	8.7252	130	34.8865	65	34.8865
group_9890	270	0	0.0000	0	0.0000	0	0.0000
rnhB	630	29018	46.0603	196	188.3511	98	188.3511
gvpP	360	9207	25.5750	63	105.9475	31	104.2658
group_9892	2832	24113	8.5145	153	32.7078	76	32.4940
group_9893	627	4818	7.6842	33	31.8639	16	30.8983
trpD	1038	62659	60.3651	425	247.8815	212	247.2983
group_9894	438	3527	8.0525	24	33.1734	12	33.1734
group_9895	843	21206	25.1554	139	99.8251	69	99.1069
group_9897	375	8974	23.9307	68	109.7818	34	109.7818
group_9898	369	599	1.6233	3	4.9221	1	3.2814
group_9901	1116	17317	15.5170	118	64.0133	59	64.0133
group_9902	531	23539	44.3296	164	186.9829	82	186.9829
group_9903	297	984	3.3131	8	16.3075	4	16.3075
group_9904	471	2904	6.1656	20	25.7076	10	25.7076
group_9905	465	12102	26.0258	85	110.6671	42	109.3651
group_9908	432	12411	28.7292	88	123.3251	44	123.3251
group_9909	630	17123	27.1794	116	111.4731	58	111.4731
group_9911	3669	19746	5.3818	132	21.7810	66	21.7810
crtH	1512	86842	57.4352	584	233.8372	292	233.8372
group_9914	1503	19176	12.7585	131	52.7673	65	52.3645
group_9915	2178	104326	47.8999	694	192.9097	347	192.9097
cmx8	1647	3992	2.4238	27	9.9248	13	9.5572
group_9916	954	6630	6.9497	44	27.9227	22	27.9227
group_9919	777	13385	17.2265	93	72.4627	46	71.6835
group_9918	1140	27686	24.2860	184	97.7160	92	97.7160
group_9920	1263	60247	47.7015	411	197.0112	205	196.5319
group_9921	2028	14298	7.0503	61	18.2102	30	17.9117
group_15849	3702	302	0.0816	2	0.3271	1	0.3271
group_9922	690	27994	40.5710	191	167.5856	95	166.7082
group_9923	342	1381	4.0380	10	17.7022	5	17.7022
rspA	1053	58590	55.6410	398	228.8270	199	228.8270
group_9924	954	31390	32.9036	217	137.7095	108	137.0749
group_9925	411	0	0.0000	0	0.0000	0	0.0000
group_9926	399	3017	7.5614	24	36.4159	12	36.4159
group_9928	1218	37148	30.4992	248	123.2699	124	123.2699
cnoX~~~dppC~~~trxA	1215	26489	21.8016	178	88.6944	89	88.6944
group_9929	381	879	2.3071	6	9.5341	3	9.5341
group_9930	819	1121	1.3687	8	5.9137	4	5.9137
yeeA	2700	23762	8.8007	157	35.2037	78	34.9795
group_9931	894	32063	35.8647	215	145.5974	107	144.9202
group_9933	261	964	3.6935	7	16.2372	3	13.9176
group_9934	996	49586	49.7851	337	204.8439	168	204.2361
group_9936	195	151	0.7744	1	3.1047	0	0.0000
group_9937	540	1496	2.7704	11	12.3325	5	11.2114
group_9938	267	2247	8.4157	17	38.5470	8	36.2795
group_9939	159	0	0.0000	0	0.0000	0	0.0000
group_9941	444	1737	3.9122	13	17.7261	6	16.3625
group_9942	3096	20854	6.7358	141	27.5722	70	27.3766
group_9944	363	3178	8.7548	23	38.3596	11	36.6918
group_9946	309	3320	10.7443	23	45.0632	11	43.1039
group_9947	411	4074	9.9124	27	39.7717	13	38.2987
group_16609	654	302	0.4618	2	1.8514	1	1.8514
rhaT	1071	54222	50.6275	366	206.8922	183	206.8922
group_9951	1050	4928	4.6933	34	19.6039	17	19.6039
group_9952	702	32617	46.4630	228	196.6302	114	196.6302
group_9954	225	852	3.7867	6	16.1444	3	16.1444
group_9955	471	15997	33.9639	111	142.6772	55	141.3918
group_9958	1362	2675	1.9640	18	8.0011	9	8.0011
group_9959	1596	56252	35.2456	341	129.3523	170	128.9729
glmM	1440	80233	55.7174	541	227.4507	270	227.0303
hpsL	1728	89622	51.8646	601	210.5636	300	210.2132
group_9964	537	16593	30.8994	116	130.7785	58	130.7785
group_9963	924	10272	11.1169	65	42.5887	32	41.9334
group_9965	813	19799	24.3530	135	100.5300	67	99.7854
group_9968	273	10634	38.9524	77	170.7578	38	168.5402
dprA	1149	53613	46.6606	368	193.9011	184	193.9011
group_9969	1194	59952	50.2111	408	206.8752	204	206.8752
group_9970	906	11035	12.1799	75	50.1171	37	49.4488
group_9971	669	11308	16.9028	75	67.8715	37	66.9666
group_9972	1137	65709	57.7916	446	237.4799	223	237.4799
group_9974	180	808	4.4889	8	26.9073	4	26.9073
group_9975	123	0	0.0000	0	0.0000	0	0.0000
group_9976	141	0	0.0000	0	0.0000	0	0.0000
group_9977	708	3539	4.9986	24	20.5225	12	20.5225
group_9978	606	3056	5.0429	21	20.9797	10	19.9807
group_9979	819	32015	39.0904	217	160.4089	108	159.6697
group_9980	1623	59730	36.8022	378	141.0022	189	141.0022
group_9981	3393	2027	0.5974	14	2.4980	7	2.4980
group_9983	765	597	0.7804	4	3.1656	2	3.1656
group_9988	1209	12838	10.6187	86	43.0650	43	43.0650
group_9987	1020	23094	22.6412	150	89.0315	75	89.0315
group_9990	1020	3176	3.1137	22	13.0580	11	13.0580
group_9991	447	1249	2.7942	10	13.5439	5	13.5439
group_19134	786	5078	6.4606	34	26.1884	17	26.1884
group_9992	786	35894	45.6667	242	186.3998	121	186.3998
group_9993	945	38764	41.0201	262	167.8503	131	167.8503
group_9994	207	2857	13.8019	21	61.4188	10	58.4941
group_9995	3999	0	0.0000	0	0.0000	0	0.0000
group_9999	888	0	0.0000	0	0.0000	0	0.0000
group_10000	2091	2618	1.2520	18	5.2116	9	5.2116
group_10002	2049	0	0.0000	0	0.0000	0	0.0000
group_10005	2190	1620	0.7397	9	2.4880	4	2.2116
group_10003	2142	104314	48.6993	702	198.4130	351	198.4130
group_10004	414	12453	30.0797	87	127.2247	43	125.7624
group_10007	6777	50625	7.4701	304	27.1574	152	27.1574
group_10008	303	5291	17.4620	40	79.9227	20	79.9227
group_10010	1938	9008	4.6481	59	18.4311	29	18.1187
group_10011	1299	22630	17.4211	153	71.3074	76	70.8414
group_10012	1011	9731	9.6251	65	38.9238	32	38.3249
group_10013	531	20392	38.4030	142	161.8998	71	161.8998
group_10014	1428	83903	58.7556	565	239.5371	282	239.1131
group_10019	357	5396	15.1148	41	69.5294	20	67.8335
group_10020	1068	8682	8.1292	61	34.5789	30	34.0120
group_10021	1023	47827	46.7517	324	191.7441	162	191.7441
group_10026	1764	17181	9.7398	115	39.4686	57	39.1254
group_10027	435	5462	12.5563	37	51.4950	18	50.1032
group_10028	4263	22257	5.2210	148	21.0184	74	21.0184
group_10030	1659	95014	57.2719	641	233.9183	320	233.5534
group_10031	855	18553	21.6994	127	89.9270	63	89.2189
gvpC	639	25927	40.5743	186	176.2238	93	176.2238
group_10035	2370	9322	3.9333	62	15.8378	31	15.8378
group_10036	1095	28262	25.8100	196	108.3664	98	108.3664
pdhA	1035	20218	19.5343	140	81.8918	70	81.8918
group_10037	342	10946	32.0058	81	143.3876	40	141.6173
group_10041	429	1724	4.0186	12	16.9347	6	16.9347
group_10042	1062	7110	6.6949	47	26.7933	23	26.2232
group_10043	1035	21868	21.1285	142	83.0616	71	83.0616
group_10045	969	0	0.0000	0	0.0000	0	0.0000
group_10047	1059	302	0.2852	2	1.1434	1	1.1434
group_10048	4869	302	0.0620	2	0.2487	1	0.2487
group_10049	330	151	0.4576	1	1.8346	0	0.0000
group_10050	297	214	0.7205	2	4.0769	1	4.0769
group_10051	1917	906	0.4726	6	1.8949	3	1.8949
group_10052	2385	0	0.0000	0	0.0000	0	0.0000
group_10055	237	0	0.0000	0	0.0000	0	0.0000
group_10056	1134	12765	11.2566	84	44.8455	42	44.8455
group_10057	831	15985	19.2359	106	77.2249	53	77.2249
group_10058	6501	5659	0.8705	38	3.5388	19	3.5388
group_10059	1344	13835	10.2939	78	35.1356	39	35.1356
group_10060	243	215	0.8848	2	4.9828	1	4.9828
group_10061	747	20661	27.6586	143	115.8959	71	115.0854
group_10062	975	51944	53.2759	352	218.5700	176	218.5700
group_10064	975	44408	45.5467	304	188.7650	152	188.7650
group_10066	1200	2037	1.6975	14	7.0632	7	7.0632
group_10068	678	7218	10.6460	50	44.6471	25	44.6471
group_10069	627	905	1.4434	6	5.7934	3	5.7934
group_10070	705	39414	55.9064	273	234.4370	136	233.5782
argD	1443	44554	30.8760	300	125.8657	150	125.8657
group_10072	4473	18228	4.0751	122	16.5125	61	16.5125
group_10073	1725	52593	30.4887	350	122.8376	175	122.8376
galM	873	46848	53.6632	324	224.6898	162	224.6898
group_10074	1083	22248	20.5429	153	85.5294	76	84.9704
feoB	2358	139938	59.3461	942	241.8576	471	241.8576
group_10077	1536	2177	1.4173	16	6.3064	8	6.3064
group_10078	1146	521368	454.9459	3478	1837.3738	1739	1837.3738
group_10079	951	46138	48.5152	314	199.8949	157	199.8949
group_10080	1164	39829	34.2174	269	139.9110	134	139.3909
group_10081	1413	34221	24.2187	229	98.1174	114	97.6889
group_10082	14802	133466	9.0168	727	29.7349	363	29.6940
group_10084	576	5197	9.0226	35	36.7873	17	35.7363
group_10085	417	2687	6.4436	20	29.0366	10	29.0366
group_10086	423	4604	10.8842	33	47.2309	16	45.7997
group_10088	336	9060	26.9643	70	126.1279	35	126.1279
group_10090	192	604	3.1458	4	12.6128	2	12.6128
group_10092	1380	79049	57.2819	530	232.5141	265	232.5141
group_10094	285	8345	29.2807	57	121.0828	28	118.9586
group_10096	1068	15556	14.5655	105	59.5211	52	58.9542
group_10097	144	0	0.0000	0	0.0000	0	0.0000
group_10098	1725	88876	51.5223	594	208.4730	297	208.4730
pIWI	2307	40720	17.6506	270	70.8547	135	70.8547
aprE	1803	94796	52.5768	637	213.8928	318	213.5571
group_10101	2574	13192	5.1251	89	20.9331	44	20.6979
group_10100	828	4731	5.7138	32	23.3976	16	23.3976
group_10103	309	604	1.9547	4	7.8371	2	7.8371
group_10104	450	1181	2.6244	8	10.7629	4	10.7629
group_10105	1221	46273	37.8976	312	154.7004	156	154.7004
group_10106	1119	17268	15.4316	118	63.8417	59	63.8417
group_10107	1119	54720	48.9008	374	202.3457	187	202.3457
yHI9	2160	78209	36.2079	526	147.4296	263	147.4296
group_10109	1425	70285	49.3228	473	200.9550	236	200.5302
group_10111	342	0	0.0000	0	0.0000	0	0.0000
group_10114	1263	65018	51.4790	438	209.9536	219	209.9536
group_10113	627	7678	12.2456	52	50.2098	26	50.2098
group_10116	402	3596	8.9453	25	37.6501	12	36.1441
group_10117	222	3257	14.6712	22	59.9960	11	59.9960
group_10118	666	906	1.3604	6	5.4542	3	5.4542
group_10120	2262	2699	1.1932	19	5.0853	9	4.8176
group_10122	270	302	1.1185	2	4.4845	1	4.4845
rodZ	999	33941	33.9750	231	139.9907	115	139.3846
group_10123	1359	78785	57.9728	530	236.1071	265	236.1071
group_10126	396	151	0.3813	1	1.5288	0	0.0000
group_10127	1125	8617	7.6596	58	31.2125	29	31.2125
group_10128	429	2444	5.6970	18	25.4020	9	25.4020
group_10130	801	26986	33.6904	185	139.8272	92	139.0714
group_10131	1509	10434	6.9145	66	26.4793	33	26.4793
group_10132	681	39624	58.1850	275	244.4771	137	243.5881
group_10133	798	2979	3.7331	20	15.1733	10	15.1733
group_10135	801	8917	11.1323	64	48.3727	32	48.3727
group_10137	1446	80496	55.6680	544	227.7630	272	227.7630
moaA	996	60357	60.5994	411	249.8245	205	249.2167
gstA	807	43363	53.7336	295	221.3100	147	220.5598
group_10139	438	604	1.3790	4	5.5289	2	5.5289
group_10141	615	5227	8.4992	36	35.4389	18	35.4389
crtB	942	40940	43.4607	279	179.3106	139	178.6679
group_10142	270	1907	7.0630	13	29.1496	6	26.9073
group_10143	1086	55071	50.7099	373	207.9369	186	207.3794
group_10144	963	49380	51.2773	334	209.9775	167	209.9775
group_10145	207	755	3.6473	5	14.6235	2	11.6988
group_10146	363	619	1.7052	5	8.3390	2	6.6712
group_10147	471	18480	39.2357	131	168.3848	65	167.0994
group_10148	1113	33341	29.9560	213	115.8609	106	115.3170
group_10152	1236	9379	7.5882	63	30.8585	31	30.3687
group_10153	1839	19891	10.8162	133	43.7847	66	43.4555
group_10155	864	15166	17.5532	104	72.8739	52	72.8739
yjiC	1287	74443	57.8423	498	234.2628	249	234.2628
rfbX	1383	11856	8.5727	80	35.0203	40	35.0203
group_10156	390	8252	21.1590	63	97.7977	31	96.2453
group_10157	348	3692	10.6092	25	43.4924	12	41.7527
group_10158	339	9222	27.2035	67	119.6541	33	117.8682
group_10159	312	1204	3.8590	8	15.5234	4	15.5234
group_10160	753	755	1.0027	5	4.0200	2	3.2160
group_10161	1071	38604	36.0448	263	148.6685	131	148.1032
group_10162	816	23096	28.3039	153	113.5151	76	112.7732
group_10163	576	29419	51.0747	204	214.4175	102	214.4175
group_10164	1161	1048	0.9027	7	3.6502	3	3.1288
group_10165	1761	3057	1.7359	23	7.9072	11	7.5634
group_10166	3711	82657	22.2735	427	69.6610	213	69.4978
kycf53	1653	93107	56.3261	621	227.4423	310	227.0761
hpsU	591	3845	6.5059	26	26.6341	13	26.6341
ureF	666	13448	20.1922	92	83.6308	46	83.6308
group_10169	642	26674	41.5483	184	173.5143	92	173.5143
group_10170	456	3995	8.7610	28	37.1746	14	37.1746
group_10171	486	7001	14.4053	52	64.7768	26	64.7768
group_10172	582	7199	12.3694	49	50.9713	24	49.9311
group_10175	255	531	2.0824	5	11.8709	2	9.4967
group_10176	1167	6795	5.8226	47	24.3826	23	23.8638
group_10177	468	1302	2.7821	10	12.9362	5	12.9362
group_10179	696	17899	25.7170	123	106.9913	61	106.1214
group_10182	1686	11106	6.5872	73	26.2131	36	25.8540
ptaN	1080	56586	52.3944	383	214.6978	191	214.1372
group_10183	390	709	1.8179	5	7.7617	2	6.2094
group_10186	3678	15349	4.1732	102	16.7896	51	16.7896
group_10187	1224	70306	57.4395	477	235.9334	238	235.4388
group_10188	732	23501	32.1052	161	133.1580	80	132.3310
group_10189	765	19178	25.0693	129	102.0894	64	101.2980
group_10191	819	15022	18.3419	102	75.3996	51	75.3996
group_10192	2727	42100	15.4382	279	61.9401	139	61.7181
group_10193	2709	22328	8.2422	150	33.5224	75	33.5224
group_10194	876	3660	4.1781	25	17.2778	12	16.5867
group_10195	1395	59911	42.9470	402	174.4634	201	174.4634
group_10197	594	28152	47.3939	200	203.8431	100	203.8431
group_10198	492	15866	32.2480	113	139.0484	56	137.8178
group_10203	567	9888	17.4392	71	75.8102	35	74.7425
group_10204	1224	2951	2.4109	20	9.8924	10	9.8924
group_10206	4266	67781	15.8887	451	64.0042	225	63.8622
group_16598	1974	1510	0.7649	10	3.0669	5	3.0669
group_10207	861	6285	7.2997	38	26.7198	19	26.7198
menD	1755	103481	58.9635	693	239.0610	346	238.7160
group_10209	2106	62960	29.8955	412	118.4381	206	118.4381
group_10212	897	13988	15.5942	99	66.8183	49	66.1433
group_10211	1488	53440	35.9140	362	147.2849	181	147.2849
group_10213	819	44570	54.4200	298	220.2850	149	220.2850
group_10214	873	17391	19.9210	120	83.2184	60	83.2184
group_10218	105	341	3.2476	4	23.0634	2	23.0634
group_10219	570	1993	3.4965	14	14.8698	7	14.8698
group_10220	1113	5736	5.1536	40	21.7579	20	21.7579
group_10225	588	3193	5.4303	23	23.6812	11	22.6515
group_17180	993	2376	2.3927	16	9.7549	8	9.7549
fRQ1	2178	44383	20.3779	295	82.0005	147	81.7226
group_10229	1344	42140	31.3542	283	127.4793	141	127.0289
group_10233	387	2207	5.7028	15	23.4657	7	21.9013
group_10231	555	1095	1.9730	12	13.0900	6	13.0900
group_10236	273	1869	6.8462	13	28.8292	6	26.6116
group_10238	240	410	1.7083	3	7.5677	1	5.0451
group_10239	1596	20402	12.7832	139	52.7272	69	52.3478
group_10240	237	2986	12.5992	21	53.6443	10	51.0898
group_10241	1017	0	0.0000	0	0.0000	0	0.0000
cmk	1554	89346	57.4942	603	234.9194	301	234.5298
group_10244	288	3942	13.6875	28	58.8597	14	58.8597
cof	1104	55346	50.1322	374	205.0950	187	205.0950
hycB	1044	42067	40.2941	284	164.6912	142	164.6912
stbC1	345	6273	18.1826	46	80.7219	23	80.7219
group_10245	444	151	0.3401	1	1.3635	0	0.0000
group_10246	1059	54562	51.5222	370	211.5233	185	211.5233
group_10247	930	6221	6.6892	42	27.3413	21	27.3413
group_10248	297	278	0.9360	3	6.1153	1	4.0769
group_10249	960	19901	20.7302	133	83.8751	66	83.2444
group_10251	453	906	2.0000	6	8.0187	3	8.0187
group_10253	4242	137623	32.4430	818	116.7442	409	116.7442
group_10254	201	2260	11.2438	16	48.1922	8	48.1922
pdxJ	762	43391	56.9436	298	236.7630	149	236.7630
group_10256	693	4352	6.2799	29	25.3348	14	24.4612
group_10258	1521	19343	12.7173	131	52.1428	65	51.7448
group_10259	447	879	1.9664	7	9.4808	3	8.1264
group_10260	471	2673	5.6752	20	25.7076	10	25.7076
psaD	426	9702	22.7746	69	98.0600	34	96.6389
group_10261	1077	1510	1.4020	10	5.6213	5	5.6213
group_10262	2829	134461	47.5295	869	185.9685	434	185.7545
group_10263	483	5794	11.9959	42	52.6447	21	52.6447
group_10264	3039	58810	19.3518	393	78.2915	196	78.0922
group_10268	996	39069	39.2259	266	161.6869	133	161.6869
group_10269	1269	42850	33.7667	292	139.3073	146	139.3073
group_10270	474	11080	23.3755	82	104.7341	41	104.7341
group_10272	1275	73767	57.8565	488	231.7193	244	231.7193
group_10273	633	20887	32.9968	141	134.8553	70	133.8989
group_10274	1098	54402	49.5464	374	206.2157	187	206.2157
group_10279	975	10187	10.4482	69	42.8447	34	42.2238
group_10282	594	9907	16.6785	69	70.3259	34	69.3067
group_10284	261	321	1.2299	2	4.6392	1	4.6392
group_10285	804	4480	5.5721	30	22.5901	15	22.5901
group_10286	900	17176	19.0844	115	77.3585	57	76.6858
group_10287	921	302	0.3279	2	1.3147	1	1.3147
group_10288	345	405	1.1739	3	5.2645	1	3.5096
group_10289	939	18477	19.6773	125	80.5929	62	79.9482
atu1564	1347	69179	51.3578	466	209.4454	233	209.4454
group_10293	1101	0	0.0000	0	0.0000	0	0.0000
group_10292	2925	17533	5.9942	116	24.0096	58	24.0096
tcmP	1140	31354	27.5035	213	113.1168	106	112.5858
group_10294	1281	10171	7.9399	68	32.1375	34	32.1375
group_10295	414	3011	7.2729	21	30.7094	10	29.2471
group_10296	462	635	1.3745	5	6.5521	2	5.2417
group_10297	3525	90988	25.8122	539	92.5725	269	92.4008
group_10298	3888	4530	1.1651	30	4.6714	15	4.6714
group_10299	423	13764	32.5390	98	140.2614	49	140.2614
group_10301	498	4612	9.2610	32	38.9021	16	38.9021
group_10302	999	9110	9.1191	64	38.7853	32	38.7853
group_10305	795	22975	28.8994	152	115.7521	76	115.7521
group_10306	1137	44024	38.7194	299	159.2074	149	158.6749
group_10307	360	6486	18.0167	44	73.9951	22	73.9951
group_10308	480	1498	3.1208	10	12.6128	5	12.6128
group_10309	735	29971	40.7769	205	168.8570	102	168.0333
group_10310	1542	91754	59.5032	622	244.2073	311	244.2073
group_10312	447	1035	2.3154	7	9.4808	3	8.1264
group_10314	672	1204	1.7917	8	7.2073	4	7.2073
group_10315	609	21772	35.7504	153	152.0991	76	151.1050
group_10319	1800	15898	8.8322	106	35.6522	53	35.6522
group_10322	891	1623	1.8215	11	7.4742	5	6.7948
group_10323	543	3229	5.9466	23	25.6437	11	24.5287
group_10324	813	12562	15.4514	80	59.5733	40	59.5733
group_10325	1101	19738	17.9273	134	73.6835	67	73.6835
kdpF	207	2733	13.2029	21	61.4188	10	58.4941
group_10326	138	0	0.0000	0	0.0000	0	0.0000
group_10328	1080	57646	53.3759	390	218.6218	195	218.6218
group_10330	276	2121	7.6848	16	35.0965	8	35.0965
group_10331	216	824	3.8148	6	16.8171	3	16.8171
group_10332	303	2476	8.1716	18	35.9652	9	35.9652
group_10333	2274	9328	4.1020	64	17.0389	32	17.0389
group_16594	453	0	0.0000	0	0.0000	0	0.0000
group_10336	9834	92041	9.3595	572	35.2142	286	35.2142
group_10337	951	2170	2.2818	15	9.5491	7	8.9125
group_10338	816	5030	6.1642	34	25.2256	17	25.2256
group_10339	813	1463	1.7995	10	7.4467	5	7.4467
group_10340	960	26176	27.2667	177	111.6232	88	110.9926
group_10343	813	347	0.4268	3	2.2340	1	1.4893
group_10342	1881	27763	14.7597	186	59.8655	93	59.8655
group_10344	807	7992	9.9033	58	43.5118	29	43.5118
group_10346	462	473	1.0238	4	5.2417	2	5.2417
group_10347	927	46535	50.1996	323	210.9480	161	210.2949
ycf3	669	25462	38.0598	176	159.2719	88	159.2719
group_10348	642	20464	31.8754	137	129.1927	68	128.2497
group_10349	996	45455	45.6376	280	170.1967	140	170.1967
group_10350	483	13983	28.9503	96	120.3308	48	120.3308
group_10352	1746	12847	7.3580	87	30.1667	43	29.8199
group_10354	312	8771	28.1122	60	116.4258	30	116.4258
group_10355	315	5222	16.5778	37	71.1121	18	69.1902
group_10357	300	0	0.0000	0	0.0000	0	0.0000
group_10358	165	0	0.0000	0	0.0000	0	0.0000
group_10359	1893	17688	9.3439	118	37.7384	59	37.7384
group_10363	1881	604	0.3211	4	1.2874	2	1.2874
group_10364	1809	89070	49.2371	594	198.7927	297	198.7927
ubiC	621	29787	47.9662	207	201.8047	103	200.8298
group_10365	1308	1185	0.9060	10	4.6285	5	4.6285
cls	1650	92470	56.0424	625	229.3235	312	228.9566
group_10366	942	40041	42.5064	276	177.3825	138	177.3825
group_10367	702	585	0.8333	4	3.4497	2	3.4497
group_10368	717	3633	5.0669	24	20.2649	12	20.2649
group_10369	435	615	1.4138	5	6.9588	2	5.5670
group_10370	2361	0	0.0000	0	0.0000	0	0.0000
group_4016	702	17595	25.0641	117	100.9024	58	100.0399
cbiE	1269	67989	53.5768	456	217.5483	228	217.5483
group_10372	1800	44879	24.9328	299	100.5660	149	100.2297
hofQ	2151	64875	30.1604	443	124.6855	221	124.4040
pilN	774	30612	39.5504	211	165.0418	105	164.2596
group_10374	1302	6903	5.3018	47	21.8544	23	21.3894
group_10375	3258	14925	4.5810	99	18.3966	49	18.2107
group_10378	141	0	0.0000	0	0.0000	0	0.0000
group_19138	1026	2851	2.7788	20	11.8014	10	11.8014
group_10381	1023	28940	28.2893	198	117.1769	99	117.1769
group_10382	1035	40597	39.2242	278	162.6136	139	162.6136
group_10385	1125	0	0.0000	0	0.0000	0	0.0000
comEC	2160	121012	56.0241	812	227.5909	406	227.5909
group_10386	753	30271	40.2005	211	169.6446	105	168.8406
group_10387	1050	23996	22.8533	145	83.6048	72	83.0282
group_10389	237	0	0.0000	0	0.0000	0	0.0000
group_10390	603	21856	36.2454	149	149.5965	74	148.5925
group_10391	3153	36345	11.5271	241	46.2749	120	46.0829
group_10392	714	7813	10.9426	53	44.9397	26	44.0918
group_10394	924	4929	5.3344	33	21.6219	16	20.9667
group_10395	891	42937	48.1897	278	188.8946	139	188.8946
aat	603	15940	26.4345	109	109.4364	54	108.4324
group_10396	387	0	0.0000	0	0.0000	0	0.0000
group_10397	1041	1502	1.4428	10	5.8157	5	5.8157
group_10398	1230	31455	25.5732	210	103.3634	105	103.3634
tesA	729	26496	36.3457	182	151.1459	91	151.1459
group_10399	948	37190	39.2300	254	162.2101	127	162.2101
group_10400	252	2362	9.3730	21	50.4512	10	48.0487
group_10406	693	1853	2.6739	13	11.3570	6	10.4834
tsaB	603	24436	40.5240	173	173.6926	86	172.6886
group_10404	240	430	1.7917	4	10.0902	2	10.0902
miaA	1005	26497	26.3652	178	107.2276	89	107.2276
group_10407	345	1931	5.5971	14	24.5675	7	24.5675
group_10409	1641	24339	14.8318	163	60.1356	81	59.7667
trmR	1521	17162	11.2834	115	45.7742	57	45.3762
group_10411	261	0	0.0000	0	0.0000	0	0.0000
group_10412	1506	58197	38.6434	392	157.5846	196	157.5846
group_10413	2169	26499	12.2172	180	50.2418	90	50.2418
group_10415	642	25283	39.3816	173	163.1412	86	162.1982
group_10417	573	3780	6.5969	26	27.4708	13	27.4708
pilW~~~tgl	4059	58501	14.4127	353	52.6512	176	52.5020
group_10418	813	5202	6.3985	35	26.0633	17	25.3187
group_10420	435	284	0.6529	2	2.7835	1	2.7835
sigC	1341	13703	10.2185	89	40.1804	44	39.7289
group_10422	444	5343	12.0338	38	51.8147	19	51.8147
group_10424	564	2423	4.2961	17	18.2483	8	17.1749
group_10425	1833	101767	55.5194	689	227.5670	344	227.2367
yigB	723	33617	46.4965	230	192.5937	115	192.5937
pulE	2016	83700	41.5179	559	167.8703	279	167.5700
group_10426	603	8718	14.4577	59	59.2362	29	58.2322
group_10428	2232	11228	5.0305	73	19.8007	36	19.5295
group_10429	321	1853	5.7726	13	24.5183	6	22.6323
group_10431	609	1466	2.4072	10	9.9411	5	9.9411
group_10432	225	2571	11.4267	19	51.1239	9	48.4331
group_10434	249	0	0.0000	0	0.0000	0	0.0000
group_10435	339	4697	13.8555	34	60.7200	17	60.7200
group_10436	993	48436	48.7774	330	201.1950	165	201.1950
group_10439	1299	75444	58.0785	512	238.6236	256	238.6236
cah	960	37320	38.8750	254	160.1825	127	160.1825
group_10441	954	11317	11.8627	77	48.8647	38	48.2301
cp12	225	439	1.9511	4	10.7629	2	10.7629
group_10442	108	0	0.0000	0	0.0000	0	0.0000
group_10443	996	42153	42.3223	290	176.2752	145	176.2752
group_10445	1332	1587	1.1914	11	4.9997	5	4.5452
group_10446	309	718	2.3236	6	11.7556	3	11.7556
group_10448	1680	25841	15.3815	173	62.3432	86	61.9829
group_10449	810	14345	17.7099	98	73.2476	49	73.2476
group_10450	525	25091	47.7924	173	199.4984	86	198.3452
group_10451	990	2304	2.3273	16	9.7845	8	9.7845
group_10453	4794	75371	15.7219	500	63.1429	250	63.1429
group_10454	2412	17102	7.0904	112	28.1121	56	28.1121
group_10455	501	902	1.8004	6	7.2505	3	7.2505
group_10456	4791	22934	4.7869	154	19.4602	77	19.4602
group_10457	1305	67932	52.0552	459	212.9388	229	212.4748
hpnB	1188	23406	19.7020	160	81.5373	80	81.5373
group_10459	552	12279	22.2446	84	92.1282	42	92.1282
group_10460	1497	10470	6.9940	72	29.1181	36	29.1181
group_10461	705	3553	5.0397	23	19.7511	11	18.8924
group_10463	894	7744	8.6622	50	33.8599	25	33.8599
group_10465	678	0	0.0000	0	0.0000	0	0.0000
group_10468	207	5296	25.5845	39	114.0635	19	111.1388
group_10467	1164	60570	52.0361	408	212.2070	204	212.2070
group_16593	1122	604	0.5383	4	2.1583	2	2.1583
group_10471	777	2681	3.4505	18	14.0250	9	14.0250
group_10473	603	3467	5.7496	24	24.0961	12	24.0961
group_10475	1668	13363	8.0114	66	23.9552	33	23.9552
group_10476	981	49432	50.3894	335	206.7418	167	206.1247
yiaAB	291	12275	42.1821	90	187.2415	45	187.2415
group_10477	555	15247	27.4721	97	105.8111	48	104.7203
group_10478	3813	34736	9.1099	231	36.6773	115	36.5186
group_10479	132	0	0.0000	0	0.0000	0	0.0000
group_10482	300	0	0.0000	0	0.0000	0	0.0000
group_10483	507	18142	35.7830	129	154.0403	64	152.8462
group_10484	885	4901	5.5379	35	23.9429	17	23.2588
group_10485	684	34084	49.8304	233	206.2302	116	205.3451
group_10489	990	8061	8.1424	55	33.6341	27	33.0226
group_10487	423	14714	34.7849	101	144.5551	50	143.1239
group_10490	2373	6007	2.5314	40	10.2050	20	10.2050
group_10491	471	11606	24.6412	83	106.6866	41	105.4012
group_10493	1596	5231	3.2776	35	13.2766	17	12.8973
group_10497	630	25003	39.6873	175	168.1706	87	167.2096
group_10499	657	9986	15.1994	70	64.5038	35	64.5038
group_10500	108	0	0.0000	0	0.0000	0	0.0000
group_10502	471	0	0.0000	0	0.0000	0	0.0000
group_10503	1170	57194	48.8838	390	201.8047	195	201.8047
group_10506	711	302	0.4248	2	1.7030	1	1.7030
group_10507	4593	1910	0.4159	13	1.7136	6	1.5817
group_10508	6657	583	0.0876	4	0.3638	2	0.3638
group_10509	927	7772	8.3840	52	33.9607	26	33.9607
group_10510	462	15497	33.5433	111	145.4566	55	144.1462
ykvA	306	1410	4.6078	10	19.7848	5	19.7848
group_10511	2217	33939	15.3085	228	62.2618	114	62.2618
group_10512	369	6885	18.6585	51	83.6751	25	82.0344
group_10513	714	3981	5.5756	27	22.8938	13	22.0459
group_10514	801	40644	50.7416	283	213.8979	141	213.1421
group_10515	210	226	1.0762	2	5.7658	1	5.7658
group_10516	1911	20618	10.7891	136	43.0855	68	43.0855
group_10517	708	1208	1.7062	8	6.8408	4	6.8408
frvX	1038	21967	21.1628	145	84.5713	72	83.9881
group_10518	1086	61855	56.9567	422	235.2530	211	235.2530
group_10523	984	43006	43.7053	293	180.2707	146	179.6554
group_10520	219	217	0.9909	2	5.5289	1	5.5289
group_10522	396	9764	24.6566	71	108.5465	35	107.0176
group_10526	1965	117089	59.5873	785	241.8576	392	241.5495
group_10527	387	260	0.6718	2	3.1288	1	3.1288
group_10528	267	0	0.0000	0	0.0000	0	0.0000
group_10529	1689	94569	55.9911	639	229.0466	319	228.6881
hyuA	2184	111949	51.2587	747	207.0716	373	206.7944
group_10532	669	19157	28.6353	131	118.5490	65	117.6440
group_16591	1137	302	0.2656	2	1.0649	1	1.0649
group_10534	852	32730	38.4155	223	158.4593	111	157.7488
group_10535	681	9360	13.7445	68	60.4525	34	60.4525
group_10536	390	1120	2.8718	8	12.4188	4	12.4188
group_10537	612	0	0.0000	0	0.0000	0	0.0000
rfbG	1146	18590	16.2216	124	65.5073	62	65.5073
group_10538	294	235	0.7993	2	4.1185	1	4.1185
group_19140	1029	9080	8.8241	62	36.4778	31	36.4778
group_10540	1197	2208	1.8446	15	7.5866	7	7.0809
group_10541	399	9417	23.6015	66	100.1437	33	100.1437
group_10542	621	15994	25.7552	113	110.1639	56	109.1890
group_10543	270	5490	20.3333	43	96.4178	21	94.1755
group_10544	432	483	1.1181	3	4.2043	1	2.8028
group_10545	819	3671	4.4823	25	18.4803	12	17.7411
group_10547	639	4941	7.7324	34	32.2130	17	32.2130
group_10548	1026	5786	5.6394	39	23.0128	19	22.4227
group_10551	1983	39201	19.7685	263	80.2945	131	79.9892
group_10553	732	1358	1.8552	10	8.2707	5	8.2707
tolA	1731	6229	3.5985	39	13.6402	19	13.2904
group_10556	852	6122	7.1854	43	30.5549	21	29.8444
pro0776	780	43833	56.1962	304	235.9563	152	235.9563
group_10561	1077	12690	11.7827	86	48.3432	43	48.3432
group_10562	1305	3240	2.4828	22	10.2062	11	10.2062
group_10563	666	302	0.4535	2	1.8181	1	1.8181
group_10564	1072	40286	37.5802	273	154.1773	136	153.6125
group_10567	783	3931	5.0204	26	20.1032	13	20.1032
group_10568	6297	345280	54.8325	2294	220.5526	1147	220.5526
group_10570	747	0	0.0000	0	0.0000	0	0.0000
group_10571	393	2104	5.3537	14	21.5669	7	21.5669
group_10572	879	12708	14.4573	85	58.5440	42	57.8553
group_10573	270	1963	7.2704	13	29.1496	6	26.9073
group_10574	447	1359	3.0403	9	12.1895	4	10.8352
group_10576	966	3576	3.7019	24	15.0413	12	15.0413
group_10577	2118	26709	12.6105	180	51.4516	90	51.4516
group_10578	1596	40354	25.2845	261	99.0057	130	98.6264
group_10580	903	14970	16.5781	101	67.7152	50	67.0448
group_10581	1134	30681	27.0556	208	111.0460	104	111.0460
group_10583	1527	79861	52.2993	538	213.3024	269	213.3024
group_10586	1758	25847	14.7025	169	58.1997	84	57.8553
group_10587	4287	47356	11.0464	318	44.9083	159	44.9083
group_10588	339	885	2.6106	7	12.5012	3	10.7153
group_10591	687	9075	13.2096	62	54.6371	31	54.6371
group_10593	2265	25647	11.3232	172	45.9741	86	45.9741
group_10594	1122	6473	5.7692	44	23.7417	22	23.7417
group_17182	1989	5547	2.7888	37	11.2621	18	10.9577
group_10595	372	1003	2.6962	7	11.3922	3	9.7647
group_10596	2448	34997	14.2962	230	56.8812	115	56.8812
group_10598	3348	18625	5.5630	124	22.4227	62	22.4227
group_10599	930	50910	54.7419	355	231.0989	177	230.4480
group_10600	1080	0	0.0000	0	0.0000	0	0.0000
group_10601	1530	151	0.0987	1	0.3957	0	0.0000
group_10602	339	2426	7.1563	17	30.3600	8	28.5741
group_10603	354	15038	42.4802	107	182.9924	53	181.2822
group_10604	1341	77059	57.4638	511	230.6984	255	230.2470
group_10607	852	0	0.0000	0	0.0000	0	0.0000
group_10608	327	895	2.7370	6	11.1085	3	11.1085
group_10609	432	14382	33.2917	100	140.1422	50	140.1422
hupE	702	30239	43.0755	202	174.2075	101	174.2075
group_10617	1086	302	0.2781	2	1.1149	1	1.1149
group_10616	1008	50780	50.3770	344	206.6096	172	206.6096
group_10622	1815	97742	53.8523	665	221.8184	332	221.4848
group_10623	507	12326	24.3116	88	105.0817	44	105.0817
group_10624	741	27506	37.1201	189	154.4174	94	153.6003
group_10625	906	20796	22.9536	140	93.5519	70	93.5519
group_10626	726	4237	5.8361	29	24.1832	14	23.3493
group_10627	174	0	0.0000	0	0.0000	0	0.0000
group_10628	1092	900	0.8242	6	3.3265	3	3.3265
group_10629	3534	228509	64.6602	1523	260.9071	761	260.7358
qor	945	54129	57.2794	370	237.0405	185	237.0405
group_10633	1158	604	0.5216	4	2.0912	2	2.0912
group_10634	804	1057	1.3147	7	5.2710	3	4.5180
group_10635	369	813	2.2033	7	11.4848	3	9.8441
group_10637	567	11687	20.6120	79	84.3522	39	83.2845
group_10639	249	0	0.0000	0	0.0000	0	0.0000
group_10641	2109	0	0.0000	0	0.0000	0	0.0000
group_10642	714	32174	45.0616	219	185.6942	109	184.8463
group_10643	1419	23495	16.5574	159	67.8371	79	67.4105
group_10645	390	2075	5.3205	16	24.8375	8	24.8375
group_10646	1767	10684	6.0464	71	24.3262	35	23.9836
group_10649	969	7710	7.9567	52	32.4887	26	32.4887
group_10647	1065	560	0.5258	4	2.2739	2	2.2739
group_10648	1863	1715	0.9206	12	3.8996	6	3.8996
group_10650	201	0	0.0000	0	0.0000	0	0.0000
group_10652	1140	10823	9.4939	74	39.2988	37	39.2988
group_10653	2775	302	0.1088	2	0.4363	1	0.4363
group_10654	1041	1961	1.8838	13	7.5604	6	6.9788
group_10656	750	3309	4.4120	23	18.5660	11	17.7588
group_10659	411	151	0.3674	1	1.4730	0	0.0000
group_10661	1125	9512	8.4551	64	34.4413	32	34.4413
group_10660	1653	61696	37.3237	411	150.5295	205	150.1632
group_10663	1047	9756	9.3181	66	38.1636	33	38.1636
group_10664	1077	4832	4.4865	32	17.9882	16	17.9882
group_17181	1032	1565	1.5165	11	6.4531	5	5.8664
group_10666	1083	2337	2.1579	16	8.9443	8	8.9443
group_10667	1128	1812	1.6064	12	6.4406	6	6.4406
group_10668	939	39372	41.9297	268	172.7913	134	172.7913
group_10670	1059	57434	54.2342	386	220.6703	193	220.6703
ubiE~~~entF2	15267	132647	8.6885	797	31.6051	398	31.5654
group_10671	930	7278	7.8258	48	31.2472	24	31.2472
yeaD2	1146	55875	48.7565	378	199.6916	189	199.6916
group_10673	522	17412	33.3563	126	146.1344	63	146.1344
group_10674	945	4623	4.8921	31	19.8601	15	19.2195
group_10677	831	21034	25.3117	145	105.6378	72	104.9093
group_10676	951	44591	46.8885	304	193.5288	152	193.5288
group_10678	1272	56127	44.1250	382	181.8146	191	181.8146
group_10679	888	3663	4.1250	26	17.7261	13	17.7261
group_10680	882	11816	13.3968	80	54.9128	40	54.9128
group_10681	3084	26947	8.7377	175	34.3539	87	34.1576
group_10683	885	15118	17.0825	103	70.4606	51	69.7765
group_10684	2760	2726	0.9877	18	3.9484	9	3.9484
group_10687	567	2807	4.9506	20	21.3550	10	21.3550
group_10686	1371	54670	39.8760	371	163.8283	185	163.3867
group_10689	342	525	1.5351	4	7.0809	2	7.0809
group_10690	612	906	1.4804	6	5.9354	3	5.9354
group_10691	1152	19348	16.7951	132	69.3704	66	69.3704
group_10692	309	1325	4.2880	9	17.6334	4	15.6742
group_10693	1104	55864	50.6014	378	207.2885	189	207.2885
hcyBio	1197	64208	53.6408	437	221.0242	218	220.5184
group_10695	606	20864	34.4290	143	142.8617	71	141.8627
group_10696	1020	12488	12.2431	84	49.8576	42	49.8576
group_10699	759	0	0.0000	0	0.0000	0	0.0000
group_10698	201	0	0.0000	0	0.0000	0	0.0000
group_10700	243	151	0.6214	1	2.4914	0	0.0000
group_10701	1506	3108	2.0637	22	8.8440	11	8.8440
group_10704	444	888	2.0000	6	8.1813	3	8.1813
group_10705	756	2126	2.8122	15	12.0122	7	11.2114
group_10707	255	3919	15.3686	29	68.8510	14	66.4768
group_10708	2208	37585	17.0222	250	68.5478	125	68.5478
metH	3624	228162	62.9586	1524	254.5947	762	254.5947
group_10709	411	0	0.0000	0	0.0000	0	0.0000
group_10710	1803	2869	1.5912	19	6.3798	9	6.0441
group_10711	2367	37512	15.8479	252	64.4547	126	64.4547
group_10712	759	8675	11.4295	58	46.2635	29	46.2635
group_10713	741	14093	19.0189	95	77.6172	47	76.8002
group_2674	846	10331	12.2116	69	49.3777	34	48.6621
group_10717	246	0	0.0000	0	0.0000	0	0.0000
group_2682	420	4710	11.2143	34	49.0097	17	49.0097
group_10726	879	6256	7.1172	43	29.6164	21	28.9276
group_10725	1017	1208	1.1878	8	4.7624	4	4.7624
group_10720	1581	7852	4.9665	52	19.9124	26	19.9124
group_10721	1548	18724	12.0956	127	49.6690	63	49.2779
group_10722	312	890	2.8526	6	11.6426	3	11.6426
group_10723	342	3686	10.7778	26	46.0256	13	46.0256
group_10727	2391	9162	3.8319	63	15.9519	31	15.6987
group_10729	1008	13991	13.8800	94	56.4573	47	56.4573
group_10730	1353	7173	5.3016	49	21.9256	24	21.4781
group_10732	291	894	3.0722	7	14.5632	3	12.4828
group_10735	1167	56297	48.2408	381	197.6545	190	197.1357
group_10736	225	5722	25.4311	39	104.9384	19	102.2477
group_10737	1587	22447	14.1443	151	57.6040	75	57.2225
group_10738	264	595	2.2538	4	9.1729	2	9.1729
group_10739	312	586	1.8782	4	7.7617	2	7.7617
group_10740	237	139	0.5865	1	2.5545	0	0.0000
group_15008	729	1770	2.4280	12	9.9657	6	9.9657
group_10744	450	2660	5.9111	18	24.2166	9	24.2166
group_10745	360	4444	12.3444	31	52.1329	15	50.4512
group_10746	465	453	0.9742	3	3.9059	1	2.6039
group_10748	633	0	0.0000	0	0.0000	0	0.0000
group_10749	375	6454	17.2107	44	71.0353	22	71.0353
group_10750	384	296	0.7708	2	3.1532	1	3.1532
group_19152	648	604	0.9321	4	3.7371	2	3.7371
group_10751	198	0	0.0000	0	0.0000	0	0.0000
group_19153	216	0	0.0000	0	0.0000	0	0.0000
group_10754	744	26624	35.7849	183	148.9123	91	148.0986
group_10755	2097	35996	17.1655	242	69.8666	121	69.8666
group_10762	474	3160	6.6667	21	26.8221	10	25.5449
group_10758	2541	0	0.0000	0	0.0000	0	0.0000
group_10761	696	3651	5.2457	26	22.6160	13	22.6160
group_10763	417	1633	3.9161	12	17.4220	6	17.4220
group_10764	543	2070	3.8122	14	15.6092	7	15.6092
group_15151	918	3481	3.7919	22	14.5088	11	14.5088
ppnN	1053	54084	51.3618	368	211.5787	184	211.5787
group_10765	420	151	0.3595	1	1.4415	0	0.0000
group_10766	885	0	0.0000	0	0.0000	0	0.0000
acyC	1128	49936	44.2695	335	179.7994	167	179.2627
group_10768	513	0	0.0000	0	0.0000	0	0.0000
group_10770	654	33463	51.1667	231	213.8389	115	212.9132
group_10771	576	11886	20.6354	87	91.4428	43	90.3917
group_10772	276	243	0.8804	2	4.3871	1	4.3871
group_10773	330	0	0.0000	0	0.0000	0	0.0000
group_10774	2535	616	0.2430	4	0.9553	2	0.9553
group_10775	633	20376	32.1896	143	136.7681	71	135.8117
group_10776	3939	21239	5.3920	143	21.9787	71	21.8250
group_10777	426	2527	5.9319	18	25.5809	9	25.5809
group_10786	474	302	0.6371	2	2.5545	1	2.5545
group_10787	387	666	1.7209	5	7.8219	2	6.2575
group_10788	594	302	0.5084	2	2.0384	1	2.0384
group_19154	630	8803	13.9730	60	57.6585	30	57.6585
group_10789	666	8923	13.3979	63	57.2689	31	56.3599
group_10792	651	596	0.9155	4	3.7199	2	3.7199
group_10794	363	0	0.0000	0	0.0000	0	0.0000
group_10796	1731	755	0.4362	5	1.7487	2	1.3990
group_10798	2472	10534	4.2613	70	17.1436	35	17.1436
group_10799	858	26299	30.6515	180	127.0100	90	127.0100
group_10800	528	969	1.8352	7	8.0263	3	6.8797
group_10802	291	453	1.5567	3	6.2414	1	4.1609
leuC	1536	78533	51.1283	531	209.2936	265	208.8994
group_10804	657	5326	8.1065	37	34.0949	18	33.1734
group_10805	252	2416	9.5873	16	38.4390	8	38.4390
group_10806	939	10978	11.6912	73	47.0663	36	46.4215
group_10813	1023	24045	23.5044	160	94.6884	80	94.6884
group_10817	1446	604	0.4177	4	1.6747	2	1.6747
group_10821	4836	4703	0.9725	31	3.8809	15	3.7557
group_10824	120	348	2.9000	4	20.1805	2	20.1805
group_10827	246	3598	14.6260	26	63.9869	13	63.9869
group_10831	1188	151	0.1271	1	0.5096	0	0.0000
group_10832	1266	14008	11.0648	94	44.9518	47	44.9518
group_10833	1062	1027	0.9670	7	3.9905	3	3.4204
group_10835	894	578	0.6465	4	2.7088	2	2.7088
group_10836	345	290	0.8406	2	3.5096	1	3.5096
group_10837	246	424	1.7236	3	7.3831	1	4.9221
group_10839	777	7131	9.1776	50	38.9584	25	38.9584
group_10841	291	2092	7.1890	17	35.3678	8	33.2874
group_10842	603	5463	9.0597	37	37.1481	18	36.1441
group_10845	1626	58765	36.1408	375	139.6250	187	139.2527
group_19155	312	1533	4.9135	13	25.2256	6	23.2852
rfbH	1356	12935	9.5391	86	38.3965	43	38.3965
group_10849	291	3132	10.7629	22	45.7701	11	45.7701
group_10853	489	478	0.9775	3	3.7142	1	2.4761
group_10856	1776	101860	57.3536	681	232.1436	340	231.8027
group_10860	762	13068	17.1496	91	72.3001	45	71.5056
group_19156	291	0	0.0000	0	0.0000	0	0.0000
group_10864	1272	252	0.1981	2	0.9519	1	0.9519
group_10865	2004	26441	13.1941	177	53.4722	88	53.1701
group_10866	3792	82940	21.8724	552	88.1299	276	88.1299
group_10867	570	664	1.1649	5	5.3107	2	4.2485
group_10868	291	6025	20.7045	41	85.2989	20	83.2184
group_10874	732	9328	12.7432	63	52.1053	31	51.2782
group_10875	987	5882	5.9595	39	23.9221	19	23.3088
group_10877	279	1498	5.3692	10	21.6994	5	21.6994
group_10878	399	589	1.4762	5	7.5866	2	6.0693
group_10879	792	2129	2.6881	14	10.7018	7	10.7018
group_10880	591	1003	1.6971	8	8.1951	4	8.1951
group_10882	720	1895	2.6319	13	10.9311	6	10.0902
group_10884	1596	17435	10.9242	119	45.1405	59	44.7612
group_10888	423	2324	5.4941	17	24.3311	8	22.8998
group_10891	306	3011	9.8399	21	41.5480	10	39.5696
group_10892	513	14657	28.5712	100	118.0144	50	118.0144
group_10893	252	0	0.0000	0	0.0000	0	0.0000
group_10894	117	0	0.0000	0	0.0000	0	0.0000
group_10897	243	302	1.2428	2	4.9828	1	4.9828
group_10898	2181	27402	12.5640	183	50.7982	91	50.5206
group_10899	123	0	0.0000	0	0.0000	0	0.0000
group_10902	3012	42130	13.9874	279	56.0792	139	55.8782
group_10906	417	2093	5.0192	16	23.2293	8	23.2293
group_10907	894	439	0.4911	3	2.0316	1	1.3544
group_19157	504	1208	2.3968	8	9.6097	4	9.6097
group_10909	1596	17253	10.8102	116	44.0025	58	44.0025
group_10912	705	0	0.0000	0	0.0000	0	0.0000
group_10913	219	594	2.7123	4	11.0578	2	11.0578
group_14940	339	0	0.0000	0	0.0000	0	0.0000
group_14941	156	447	2.8654	3	11.6426	1	7.7617
group_10918	567	20043	35.3492	137	146.2817	68	145.2140
group_10917	651	11024	16.9339	78	72.5381	39	72.5381
group_10919	1380	13486	9.7725	90	39.4835	45	39.4835
group_10921	1194	28770	24.0955	196	99.3812	98	99.3812
group_10924	264	766	2.9015	7	16.0526	3	13.7594
group_10927	471	6633	14.0828	47	60.4129	23	59.1275
group_10928	303	7051	23.2706	52	103.8995	26	103.8995
group_10929	1842	19489	10.5803	99	32.5385	49	32.2099
group_10933	792	0	0.0000	0	0.0000	0	0.0000
group_10934	1056	7010	6.6383	47	26.9455	23	26.3722
group_10936	348	2663	7.6523	19	33.0542	9	31.3145
group_10937	3414	4216	1.2349	28	4.9653	14	4.9653
group_10940	666	0	0.0000	0	0.0000	0	0.0000
group_10939	186	485	2.6075	4	13.0197	2	13.0197
group_10941	900	9314	10.3489	62	41.7063	31	41.7063
group_10943	1242	41947	33.7738	282	137.4612	141	137.4612
group_10947	261	0	0.0000	0	0.0000	0	0.0000
group_10948	228	268	1.1754	2	5.3107	1	5.3107
group_10951	207	3104	14.9952	26	76.0424	13	76.0424
group_10952	177	0	0.0000	0	0.0000	0	0.0000
group_10953	327	7097	21.7034	51	94.4224	25	92.5710
group_10954	516	151	0.2926	1	1.1733	0	0.0000
group_10957	312	1310	4.1987	10	19.4043	5	19.4043
group_10958	165	0	0.0000	0	0.0000	0	0.0000
group_10962	1923	58379	30.3583	393	123.7274	196	123.4126
group_10964	645	18745	29.0620	131	122.9601	65	122.0215
group_10966	1278	15922	12.4585	104	49.2669	52	49.2669
group_10970	420	2410	5.7381	16	23.0634	8	23.0634
group_10971	1521	6315	4.1519	42	16.7175	21	16.7175
group_10973	1194	453	0.3794	3	1.5211	1	1.0141
group_10974	630	453	0.7190	3	2.8829	1	1.9219
group_19158	498	3947	7.9257	28	34.0393	14	34.0393
group_10975	636	2223	3.4953	18	17.1344	9	17.1344
group_10976	306	448	1.4641	3	5.9354	1	3.9570
group_10977	837	4194	5.0108	23	16.6362	11	15.9129
group_10979	981	300	0.3058	2	1.2343	1	1.2343
group_10982	1299	302	0.2325	2	0.9321	1	0.9321
group_19159	714	0	0.0000	0	0.0000	0	0.0000
group_10984	741	219	0.2955	2	1.6340	1	1.6340
group_10985	2367	11678	4.9337	73	18.6714	36	18.4156
group_10988	582	18707	32.1426	133	138.3507	66	137.3104
group_14946	2079	444	0.2136	3	0.8736	1	0.5824
group_10990	117	0	0.0000	0	0.0000	0	0.0000
group_10991	312	0	0.0000	0	0.0000	0	0.0000
group_10992	291	1050	3.6082	7	14.5632	3	12.4828
group_10994	420	1942	4.6238	14	20.1805	7	20.1805
group_10995	111	4887	44.0270	56	305.4342	28	305.4342
group_10996	198	0	0.0000	0	0.0000	0	0.0000
group_10997	1029	46782	45.4636	315	185.3309	157	184.7425
group_10998	411	2970	7.2263	20	29.4605	10	29.4605
group_11000	294	2808	9.5510	20	41.1846	10	41.1846
group_11003	306	1340	4.3791	10	19.7848	5	19.7848
group_11008	768	2093	2.7253	16	12.6128	8	12.6128
group_11010	684	99168	144.9825	668	591.2524	334	591.2524
group_11012	441	11700	26.5306	84	115.3170	42	115.3170
group_11013	531	755	1.4218	5	5.7007	2	4.5606
group_11014	2112	0	0.0000	0	0.0000	0	0.0000
group_11015	2511	1811	0.7212	12	2.8933	6	2.8933
group_11016	2487	7120	2.8629	47	11.4413	23	11.1978
group_19160	1053	12519	11.8889	83	47.7202	41	47.1453
group_11017	927	6975	7.5243	48	31.3483	24	31.3483
group_11018	918	7551	8.2255	54	35.6126	27	35.6126
group_11020	876	19106	21.8105	126	87.0801	63	87.0801
group_11021	1605	65791	40.9913	389	146.7328	194	146.3556
group_19161	411	0	0.0000	0	0.0000	0	0.0000
group_19162	1473	0	0.0000	0	0.0000	0	0.0000
group_11024	222	1480	6.6667	11	29.9980	5	27.2709
group_11025	441	1351	3.0635	9	12.3554	4	10.9826
group_11026	435	10371	23.8414	70	97.4230	35	97.4230
group_11029	732	6472	8.8415	44	36.3910	22	36.3910
group_11030	1284	604	0.4704	4	1.8860	2	1.8860
group_11033	414	4198	10.1401	31	45.3329	15	43.8706
group_19163	729	0	0.0000	0	0.0000	0	0.0000
group_11035	747	896	1.1995	6	4.8628	3	4.8628
group_11036	381	639	1.6772	5	7.9451	2	6.3561
group_11037	933	11932	12.7889	80	51.9112	40	51.9112
group_11038	855	9601	11.2292	64	45.3175	32	45.3175
group_11045	189	0	0.0000	0	0.0000	0	0.0000
group_11043	930	5477	5.8892	37	24.0864	18	23.4354
group_11049	6246	80966	12.9629	520	50.4027	260	50.4027
group_11054	870	35119	40.3667	233	162.1396	116	161.4438
group_11055	1308	453	0.3463	3	1.3886	1	0.9257
group_11056	1227	151	0.1231	1	0.4934	0	0.0000
group_11057	396	10613	26.8005	72	110.0753	36	110.0753
group_11058	669	0	0.0000	0	0.0000	0	0.0000
group_11059	204	1703	8.3480	14	41.5480	7	41.5480
group_11061	387	402	1.0388	3	4.6931	1	3.1288
group_11062	2757	79048	28.6717	522	114.6268	261	114.6268
group_11063	204	0	0.0000	0	0.0000	0	0.0000
group_11064	2226	23654	10.6262	130	35.3566	65	35.3566
group_11065	465	4412	9.4882	31	40.3609	15	39.0590
group_11066	258	1716	6.6512	12	28.1588	6	28.1588
group_11067	1773	7761	4.3773	52	17.7561	26	17.7561
group_11068	294	302	1.0272	2	4.1185	1	4.1185
group_11070	357	1661	4.6527	11	18.6542	5	16.9584
group_11072	876	17835	20.3596	121	83.6246	60	82.9334
group_11073	4557	8707	1.9107	58	7.7055	29	7.7055
group_11074	234	280	1.1966	2	5.1745	1	5.1745
group_11075	490	151	0.3082	1	1.2355	0	0.0000
group_11076	2274	1991	0.8755	14	3.7273	7	3.7273
group_11079	978	2961	3.0276	20	12.3807	10	12.3807
group_11078	981	20239	20.6310	139	85.7824	69	85.1653
group_11080	387	5247	13.5581	36	56.3176	18	56.3176
group_11081	1491	12341	8.2770	81	32.8897	40	32.4837
hsdS	1203	7423	6.1704	50	25.1627	25	25.1627
group_11084	1689	10810	6.4002	73	26.1665	36	25.8081
group_11086	378	6686	17.6878	47	75.2764	23	73.6747
group_11087	360	16119	44.7750	114	191.7145	57	191.7145
group_19166	4050	1330	0.3284	10	1.4948	5	1.4948
group_11093	1065	18841	17.6911	127	72.1949	63	71.6265
group_11094	267	755	2.8277	5	11.3373	2	9.0699
group_11096	1440	23097	16.0396	153	64.3253	76	63.9048
group_11097	693	18923	27.3059	131	114.4434	65	113.5697
group_11102	516	151	0.2926	1	1.1733	0	0.0000
group_11103	405	2933	7.2420	22	32.8867	11	32.8867
group_11110	1125	1494	1.3280	10	5.3815	5	5.3815
group_11111	240	619	2.5792	5	12.6128	2	10.0902
group_17629	1563	48992	31.3448	333	128.9846	166	128.5972
group_11114	1824	13816	7.5746	84	27.8809	42	27.8809
group_11115	243	0	0.0000	0	0.0000	0	0.0000
group_11120	309	7887	25.5243	56	109.7191	28	109.7191
group_11122	234	1073	4.5855	9	23.2852	4	20.6979
group_11124	1134	7396	6.5220	51	27.2276	25	26.6937
group_11125	1152	0	0.0000	0	0.0000	0	0.0000
group_11126	297	0	0.0000	0	0.0000	0	0.0000
group_11127	4692	39464	8.4109	265	34.1933	132	34.0642
group_11129	792	151	0.1907	1	0.7644	0	0.0000
group_11131	177	530	2.9944	5	17.1021	2	13.6817
group_11132	341	380	1.1144	3	5.3262	1	3.5508
group_11133	234	4653	19.8846	36	93.1406	18	93.1406
group_11136	174	151	0.8678	1	3.4794	0	0.0000
group_11137	582	0	0.0000	0	0.0000	0	0.0000
group_11139	276	1057	3.8297	7	15.3547	3	13.1612
group_19167	1188	82599	69.5278	550	280.2843	275	280.2843
group_11141	426	7300	17.1362	50	71.0580	25	71.0580
group_11143	264	1353	5.1250	9	20.6391	4	18.3459
group_11144	249	220	0.8835	2	4.8628	1	4.8628
group_11145	735	302	0.4109	2	1.6474	1	1.6474
group_11147	5634	38450	6.8246	253	27.1867	126	27.0792
group_11148	1032	7827	7.5843	52	30.5054	26	30.5054
group_11149	621	9243	14.8841	65	63.3686	32	62.3937
group_11150	201	319	1.5871	3	9.0360	1	6.0240
group_19168	246	360	1.4634	3	7.3831	1	4.9221
group_11151	228	2332	10.2281	16	42.4852	8	42.4852
group_11156	585	26215	44.8120	181	187.3162	90	186.2813
group_11157	1071	34903	32.5892	230	130.0142	115	130.0142
group_11158	288	9168	31.8333	67	140.8429	33	138.7407
group_19169	117	0	0.0000	0	0.0000	0	0.0000
group_19170	582	1497	2.5722	10	10.4023	5	10.4023
group_11161	648	6046	9.3302	41	38.3055	20	37.3712
group_11162	714	3087	4.3235	21	17.8063	10	16.9584
group_11163	876	10095	11.5240	68	46.9956	34	46.9956
ygfZ	1029	50964	49.5277	348	204.7465	174	204.7465
group_11164	1035	42290	40.8599	287	167.8781	143	167.2932
group_11165	291	10741	36.9107	75	156.0346	37	153.9541
group_11166	546	8544	15.6484	60	66.5290	30	66.5290
group_11167	363	3271	9.0110	22	36.6918	11	36.6918
group_11168	1410	0	0.0000	0	0.0000	0	0.0000
group_11169	840	7166	8.5310	49	35.3158	24	34.5951
group_11173	2700	72469	26.8404	486	108.9745	243	108.9745
group_11174	249	3108	12.4819	32	77.8042	16	77.8042
group_11175	198	0	0.0000	0	0.0000	0	0.0000
group_11177	1089	4895	4.4949	35	19.4578	17	18.9018
group_11178	342	4812	14.0702	32	56.6469	16	56.6469
group_11179	633	1474	2.3286	10	9.5642	5	9.5642
group_11181	3603	45066	12.5079	294	49.4010	147	49.4010
group_11182	309	302	0.9773	2	3.9185	1	3.9185
group_19171	348	1812	5.2069	12	20.8763	6	20.8763
group_11187	264	2682	10.1591	18	41.2782	9	41.2782
group_11186	2340	57486	24.5667	385	99.6087	192	99.3500
group_11189	477	1789	3.7505	13	16.4998	6	15.2305
group_11192	798	0	0.0000	0	0.0000	0	0.0000
thiE	1026	47359	46.1589	320	188.8231	160	188.8231
group_11193	657	4655	7.0852	34	31.3304	17	31.3304
group_11194	177	0	0.0000	0	0.0000	0	0.0000
group_11195	396	2887	7.2904	22	33.6341	11	33.6341
group_11197	564	619	1.0975	4	4.2937	2	4.2937
group_11204	216	0	0.0000	0	0.0000	0	0.0000
group_11202	216	0	0.0000	0	0.0000	0	0.0000
group_11205	438	1030	2.3516	7	9.6756	3	8.2933
group_11206	261	695	2.6628	6	13.9176	3	13.9176
group_11208	375	9492	25.3120	66	106.5529	33	106.5529
group_11210	306	5389	17.6111	39	77.1606	19	75.1821
group_11211	474	0	0.0000	0	0.0000	0	0.0000
group_19173	804	454	0.5647	3	2.2590	1	1.5060
group_11212	483	550	1.1387	4	5.0138	2	5.0138
group_11213	3216	3762	1.1698	25	4.7063	12	4.5180
group_11214	723	7571	10.4716	52	43.5429	26	43.5429
group_11215	399	453	1.1353	3	4.5520	1	3.0347
group_19174	594	0	0.0000	0	0.0000	0	0.0000
group_11216	165	0	0.0000	0	0.0000	0	0.0000
group_11217	156	290	1.8590	2	7.7617	1	7.7617
group_11218	813	0	0.0000	0	0.0000	0	0.0000
group_11220	1077	0	0.0000	0	0.0000	0	0.0000
group_11221	630	2832	4.4952	21	20.1805	10	19.2195
group_11223	459	2663	5.8017	18	23.7417	9	23.7417
group_11224	1290	302	0.2341	2	0.9386	1	0.9386
group_11227	828	1608	1.9420	11	8.0429	5	7.3118
group_11228	1632	8724	5.3456	44	16.3224	22	16.3224
group_11229	189	453	2.3968	3	9.6097	1	6.4065
group_11230	759	590	0.7773	4	3.1906	2	3.1906
group_11231	375	8970	23.9200	62	100.0951	31	100.0951
group_11236	729	5580	7.6543	38	31.5579	19	31.5579
group_11235	309	216	0.6990	2	3.9185	1	3.9185
group_11239	783	825	1.0536	6	4.6392	3	4.6392
group_11240	705	3188	4.5220	23	19.7511	11	18.8924
group_11241	2763	48910	17.7018	328	71.8696	164	71.8696
group_11242	1411	109660	77.7179	734	314.9355	367	314.9355
group_11243	243	236	0.9712	2	4.9828	1	4.9828
group_11244	1203	1208	1.0042	8	4.0260	4	4.0260
group_11245	567	0	0.0000	0	0.0000	0	0.0000
group_11248	918	48954	53.3268	328	216.3135	164	216.3135
recG	2469	156596	63.4249	1045	256.2405	522	255.9953
group_11249	2466	93707	37.9996	628	154.1768	314	154.1768
group_11250	423	3155	7.4586	21	30.0560	10	28.6248
group_11251	3531	80077	22.6783	476	81.6135	238	81.6135
group_11252	999	151	0.1512	1	0.6060	0	0.0000
group_11253	321	3069	9.5607	20	37.7205	10	37.7205
group_11254	1527	8174	5.3530	55	21.8060	27	21.4095
nagC	1086	57230	52.6980	385	214.6266	192	214.0691
group_11257	3054	110221	36.0907	715	141.7391	357	141.5408
group_11258	549	3305	6.0200	22	24.2607	11	24.2607
group_11259	1044	9985	9.5642	68	39.4331	34	39.4331
group_11260	513	852	1.6608	6	7.0809	3	7.0809
group_11261	435	6126	14.0828	42	58.4538	21	58.4538
group_11262	612	0	0.0000	0	0.0000	0	0.0000
group_11264	1488	15607	10.4886	104	42.3139	52	42.3139
group_11266	1020	7885	7.7304	50	29.6772	25	29.6772
group_11267	300	5034	16.7800	48	96.8663	24	96.8663
group_11269	1167	25991	22.2716	174	90.2674	87	90.2674
group_11270	246	806	3.2764	6	14.7662	3	14.7662
group_11271	924	2649	2.8669	20	13.1042	10	13.1042
group_11274	1596	37486	23.4875	252	95.5917	126	95.5917
group_11275	213	2860	13.4272	22	62.5310	11	62.5310
group_19175	279	12625	45.2509	108	234.3539	54	234.3539
group_11276	312	3285	10.5288	24	46.5703	12	46.5703
group_11277	4773	39907	8.3610	181	22.9583	90	22.8315
group_11278	273	1483	5.4322	12	26.6116	6	26.6116
group_11279	900	302	0.3356	2	1.3454	1	1.3454
group_11280	159	1243	7.8176	11	41.8840	5	38.0764
group_11281	750	2258	3.0107	15	12.1083	7	11.3011
group_11282	225	1370	6.0889	11	29.5980	5	26.9073
group_11283	384	10842	28.2344	73	115.0917	36	113.5151
group_11284	489	0	0.0000	0	0.0000	0	0.0000
group_11287	324	3544	10.9383	24	44.8455	12	44.8455
group_11289	1212	33047	27.2665	224	111.8917	112	111.8917
group_11292	5670	216414	38.1683	1415	151.0866	707	150.9798
group_11295	1047	26154	24.9799	178	102.9262	89	102.9262
group_11296	1098	1773	1.6148	12	6.6165	6	6.6165
group_11297	1377	11924	8.6594	81	35.6126	40	35.1729
group_11298	636	4069	6.3978	27	25.7015	13	24.7496
group_11299	255	1380	5.4118	13	30.8642	6	28.4901
group_11300	276	3161	11.4529	21	46.0641	10	43.8706
group_11301	780	8468	10.8564	58	45.0180	29	45.0180
group_11304	276	0	0.0000	0	0.0000	0	0.0000
group_11305	663	12568	18.9563	79	72.1383	39	71.2252
group_11306	2070	1948	0.9411	11	3.2172	5	2.9247
group_11307	219	0	0.0000	0	0.0000	0	0.0000
group_19176	561	0	0.0000	0	0.0000	0	0.0000
group_11308	444	4742	10.6802	27	36.8157	13	35.4522
group_11309	348	3779	10.8592	28	48.7115	14	48.7115
group_11310	1143	610	0.5337	4	2.1187	2	2.1187
group_11311	237	444	1.8734	3	7.6635	1	5.1090
group_11312	402	1686	4.1940	12	18.0721	6	18.0721
group_11317	444	0	0.0000	0	0.0000	0	0.0000
group_11318	1374	43904	31.9534	292	128.6615	146	128.6615
group_11321	249	1276	5.1245	10	24.3138	5	24.3138
group_11322	351	979	2.7892	7	12.0738	3	10.3490
group_11324	369	6725	18.2249	50	82.0344	25	82.0344
group_11327	810	6021	7.4333	40	29.8970	20	29.8970
group_11328	501	5617	11.2116	41	49.5449	20	48.3365
group_11329	4866	6699	1.3767	46	5.7232	23	5.7232
group_11330	3051	8131	2.6650	55	10.9137	27	10.7153
group_11331	960	1196	1.2458	8	5.0451	4	5.0451
group_11332	345	0	0.0000	0	0.0000	0	0.0000
group_11335	1410	167	0.1184	1	0.4294	0	0.0000
group_11337	252	5200	20.6349	35	84.0853	17	81.6829
group_11338	1425	29236	20.5165	199	84.5456	99	84.1207
group_11340	1269	4477	3.5280	31	14.7895	15	14.3124
group_11341	510	1359	2.6647	9	10.6838	4	9.4967
group_11344	720	15590	21.6528	108	90.8121	54	90.8121
group_11345	417	13834	33.1751	94	136.4722	47	136.4722
group_11346	1596	21318	13.3571	144	54.6238	72	54.6238
group_11348	915	22410	24.4918	130	86.0151	65	86.0151
group_11351	720	152	0.2111	1	0.8409	0	0.0000
group_11352	564	1897	3.3635	14	15.0280	7	15.0280
group_11356	486	2082	4.2840	15	18.6856	7	17.4399
group_11357	1260	2773	2.2008	19	9.1293	9	8.6488
group_19177	276	0	0.0000	0	0.0000	0	0.0000
group_11360	867	1966	2.2676	14	9.7760	7	9.7760
group_11361	945	51974	54.9989	354	226.7901	177	226.7901
group_11362	171	0	0.0000	0	0.0000	0	0.0000
group_11366	186	0	0.0000	0	0.0000	0	0.0000
group_11369	111	0	0.0000	0	0.0000	0	0.0000
group_11368	3210	17055	5.3131	113	21.3121	56	21.1235
group_11372	333	3699	11.1081	26	47.2696	13	47.2696
group_11370	342	302	0.8830	2	3.5404	1	3.5404
group_19178	564	8339	14.7855	57	61.1855	28	60.1120
group_11373	630	23627	37.5032	164	157.5999	82	157.5999
group_11376	1254	0	0.0000	0	0.0000	0	0.0000
group_11378	468	5998	12.8162	40	51.7448	20	51.7448
group_11380	201	1790	8.9055	15	45.1802	7	42.1681
group_11381	150	0	0.0000	0	0.0000	0	0.0000
group_11385	762	2035	2.6706	14	11.1231	7	11.1231
group_11387	777	1664	2.1416	11	8.5709	5	7.7917
group_11388	801	5705	7.1223	38	28.7213	19	28.7213
group_11389	834	713	0.8549	5	3.6296	2	2.9037
group_17492	693	0	0.0000	0	0.0000	0	0.0000
group_11391	1395	58818	42.1634	401	174.0294	200	173.5954
group_11392	459	5651	12.3115	39	51.4404	19	50.1214
group_11393	1338	9515	7.1114	66	29.8635	33	29.8635
group_11394	2295	2785	1.2135	19	5.0121	9	4.7483
tatD	780	38539	49.4090	268	208.0141	134	208.0141
group_11399	807	151	0.1871	1	0.7502	0	0.0000
group_11401	219	0	0.0000	0	0.0000	0	0.0000
group_11402	240	1000	4.1667	10	25.2256	5	25.2256
group_11403	171	0	0.0000	0	0.0000	0	0.0000
group_11404	267	151	0.5655	1	2.2675	0	0.0000
group_11405	2748	106489	38.7515	710	156.4207	355	156.4207
group_11406	534	220	0.4120	2	2.2675	1	2.2675
group_11407	1758	39745	22.6081	215	74.0410	107	73.6966
group_11408	1575	6798	4.3162	45	17.2975	22	16.9132
group_11412	189	0	0.0000	0	0.0000	0	0.0000
group_11416	336	151	0.4494	1	1.8018	0	0.0000
group_11420	363	2688	7.4050	20	33.3562	10	33.3562
group_11421	399	4148	10.3960	29	44.0025	14	42.4852
group_11423	354	4207	11.8842	29	49.5961	14	47.8859
group_11426	684	2338	3.4181	16	14.1617	8	14.1617
group_11428	564	906	1.6064	6	6.4406	3	6.4406
group_11431	342	3382	9.8889	24	42.4852	12	42.4852
group_11433	300	0	0.0000	0	0.0000	0	0.0000
group_11435	1059	33713	31.8347	231	132.0592	115	131.4875
group_11438	3585	2718	0.7582	18	3.0397	9	3.0397
group_11439	219	1808	8.2557	12	33.1734	6	33.1734
group_11440	201	242	1.2040	2	6.0240	1	6.0240
group_11442	120	0	0.0000	0	0.0000	0	0.0000
group_11443	264	0	0.0000	0	0.0000	0	0.0000
group_11444	777	302	0.3887	2	1.5583	1	1.5583
group_19179	1014	0	0.0000	0	0.0000	0	0.0000
group_11446	2883	128020	44.4051	837	175.7654	418	175.5554
group_11448	198	0	0.0000	0	0.0000	0	0.0000
group_11449	1296	1505	1.1613	10	4.6714	5	4.6714
group_11450	4365	5241	1.2007	37	5.1318	18	4.9931
group_11451	153	301	1.9673	3	11.8709	1	7.9139
group_11454	10296	6594	0.6404	44	2.5872	22	2.5872
group_11455	213	2084	9.7840	16	45.4771	8	45.4771
group_11456	291	0	0.0000	0	0.0000	0	0.0000
group_11457	609	4627	7.5977	32	31.8116	16	31.8116
group_11460	363	847	2.3333	6	10.0068	3	10.0068
group_11461	789	5759	7.2991	42	32.2274	21	32.2274
group_11462	2175	1727896	794.4349	15238	4241.5174	7619	4241.5174
group_11463	483	6361	13.1698	45	56.4050	22	55.1516
group_11464	474	5802	12.2405	42	53.6443	21	53.6443
group_11466	1725	94304	54.6690	636	223.2136	318	223.2136
group_11467	969	22447	23.1651	150	93.7174	75	93.7174
group_11468	303	6025	19.8845	40	79.9227	20	79.9227
group_11469	1533	18937	12.3529	128	50.5499	64	50.5499
group_11471	837	4745	5.6691	34	24.5927	17	24.5927
group_11472	258	2784	10.7907	20	46.9313	10	46.9313
group_19180	297	3118	10.4983	22	44.8455	11	44.8455
group_11476	372	2620	7.0430	19	30.9217	9	29.2942
group_11477	4857	21301	4.3856	143	17.8246	71	17.7000
group_11478	255	3228	12.6588	23	54.6060	11	52.2318
group_14943	156	0	0.0000	0	0.0000	0	0.0000
group_11479	429	1729	4.0303	12	16.9347	6	16.9347
group_11480	270	1248	4.6222	10	22.4227	5	22.4227
group_11481	240	0	0.0000	0	0.0000	0	0.0000
group_11482	363	1848	5.0909	13	21.6815	6	20.0137
group_11483	294	0	0.0000	0	0.0000	0	0.0000
group_11484	237	193	0.8143	2	5.1090	1	5.1090
group_11485	540	604	1.1185	4	4.4845	2	4.4845
group_11488	189	0	0.0000	0	0.0000	0	0.0000
group_11490	765	42342	55.3490	288	227.9206	144	227.9206
group_11491	3306	14661	4.4347	95	17.3970	47	17.2138
group_11493	1248	22910	18.3574	153	74.2214	76	73.7363
group_11495	537	12872	23.9702	89	100.3387	44	99.2113
group_11497	822	0	0.0000	0	0.0000	0	0.0000
group_11498	1035	17832	17.2290	121	70.7779	60	70.1929
group_11499	402	1829	4.5498	14	21.0841	7	21.0841
group_11500	153	150	0.9804	1	3.9570	0	0.0000
group_11504	861	0	0.0000	0	0.0000	0	0.0000
group_18684	1218	25288	20.7619	171	84.9966	85	84.4995
group_11507	1026	69220	67.4659	476	280.8744	238	280.8744
group_11509	1287	16621	12.9145	111	52.2152	55	51.7448
group_11510	209	0	0.0000	0	0.0000	0	0.0000
group_16257	318	604	1.8994	4	7.6153	2	7.6153
group_11511	1089	906	0.8320	6	3.3356	3	3.3356
rpsT	294	10103	34.3639	72	148.2647	36	148.2647
group_11513	2004	38033	18.9785	257	77.6404	128	77.3383
group_11514	180	0	0.0000	0	0.0000	0	0.0000
group_11515	1293	4628	3.5793	32	14.9832	16	14.9832
group_11516	732	0	0.0000	0	0.0000	0	0.0000
group_11518	444	4434	9.9865	32	43.6335	16	43.6335
group_11519	258	259	1.0039	2	4.6931	1	4.6931
group_11520	759	0	0.0000	0	0.0000	0	0.0000
group_11522	258	4545	17.6163	32	75.0901	16	75.0901
group_11526	1170	18610	15.9060	127	65.7159	63	65.1984
group_11529	1431	16392	11.4549	112	47.3839	56	47.3839
group_11530	246	301	1.2236	2	4.9221	1	4.9221
group_11534	738	3697	5.0095	22	18.0476	11	18.0476
group_11536	1191	43771	36.7515	297	150.9723	148	150.4640
group_11537	231	1387	6.0043	11	28.8292	5	26.2084
group_11538	1266	69404	54.8215	469	224.2806	234	223.8024
group_19181	255	887	3.4784	7	16.6192	3	14.2450
group_11540	1473	55805	37.8853	376	154.5388	188	154.5388
group_11541	3066	55187	17.9997	319	62.9899	159	62.7925
group_11542	177	400	2.2599	3	10.2613	1	6.8408
group_11544	360	0	0.0000	0	0.0000	0	0.0000
group_11545	1512	86231	57.0311	583	233.4368	291	233.0364
group_11546	615	3446	5.6033	24	23.6259	12	23.6259
group_11550	14040	28823	2.0529	192	8.2792	96	8.2792
group_11552	2475	4515	1.8242	30	7.3384	15	7.3384
group_19182	663	5047	7.6124	35	31.9600	17	31.0469
group_11554	1047	69324	66.2120	463	267.7237	231	267.1455
group_11557	900	8829	9.8100	65	43.7244	32	43.0517
group_11558	708	823	1.1624	6	5.1306	3	5.1306
group_11560	438	3050	6.9635	21	29.0267	10	27.6445
group_11561	4185	21376	5.1078	137	19.8188	68	19.6742
group_11562	855	16376	19.1532	108	76.4734	54	76.4734
group_11563	786	18029	22.9377	120	92.4296	60	92.4296
group_11564	774	628	0.8114	4	3.1288	2	3.1288
group_11567	345	5364	15.5478	38	66.6833	19	66.6833
group_11570	3246	9550	2.9421	64	11.9367	32	11.9367
group_11571	1206	5779	4.7919	39	19.5781	19	19.0761
group_11572	1221	10539	8.6314	73	36.1959	36	35.7001
hsdR	3519	26358	7.4902	177	30.4513	88	30.2793
group_11573	6903	20259	2.9348	135	11.8399	67	11.7522
group_11574	603	2848	4.7231	20	20.0801	10	20.0801
group_11575	222	1709	7.6982	13	35.4522	6	32.7251
group_11576	321	4327	13.4798	30	56.5808	15	56.5808
group_11577	1209	20877	17.2680	140	70.1059	70	70.1059
group_11579	258	3868	14.9922	27	63.3573	13	61.0107
group_11581	570	0	0.0000	0	0.0000	0	0.0000
group_11583	333	604	1.8138	4	7.2722	2	7.2722
group_11585	252	389	1.5437	3	7.2073	1	4.8049
group_11587	903	302	0.3344	2	1.3409	1	1.3409
group_11589	744	0	0.0000	0	0.0000	0	0.0000
group_11591	282	3883	13.7695	26	55.8183	13	55.8183
group_11595	819	1057	1.2906	7	5.1745	3	4.4353
group_11596	204	0	0.0000	0	0.0000	0	0.0000
group_19183	1974	9673	4.9002	66	20.2418	33	20.2418
group_11599	1143	64385	56.3298	433	229.3476	216	228.8179
group_11600	189	1749	9.2540	13	41.6422	6	38.4390
group_11601	474	5740	12.1097	41	52.3670	20	51.0898
group_11602	348	5882	16.9023	41	71.3275	20	69.5878
yncB	519	5131	9.8863	37	43.1605	18	41.9940
group_11606	2139	5725	2.6765	39	11.0384	19	10.7554
group_11611	1182	2334	1.9746	16	8.1951	8	8.1951
group_11610	7479	52819	7.0623	310	25.0940	155	25.0940
group_11612	246	552	2.2439	4	9.8441	2	9.8441
group_11613	1704	29811	17.4947	202	71.7686	101	71.7686
group_11614	735	30619	41.6585	206	169.6807	103	169.6807
group_19184	321	755	2.3520	5	9.4301	2	7.5441
group_11618	5814	99524	17.1180	666	69.3508	333	69.3508
group_11619	714	2126	2.9776	15	12.7188	7	11.8709
group_19185	309	0	0.0000	0	0.0000	0	0.0000
group_11621	1104	31893	28.8886	216	118.4506	108	118.4506
group_11622	1428	79554	55.7101	540	228.9381	270	228.9381
group_11624	591	20103	34.0152	142	145.4633	71	145.4633
group_11626	255	302	1.1843	2	4.7483	1	4.7483
group_11629	1212	249	0.2054	3	1.4985	1	0.9990
group_11630	684	5994	8.7632	40	35.4043	20	35.4043
group_11632	2223	15985	7.1907	109	29.6852	54	29.4128
group_11634	1194	22189	18.5838	150	76.0571	75	76.0571
group_11635	291	4771	16.3952	32	66.5747	16	66.5747
group_11636	621	24384	39.2657	167	162.8086	83	161.8337
group_11638	621	28034	45.1433	193	188.1561	96	187.1812
group_11640	990	54003	54.5485	372	227.4889	186	227.4889
group_11641	1635	15133	9.2557	96	35.5473	48	35.5473
group_11642	189	453	2.3968	3	9.6097	1	6.4065
group_11644	1089	27677	25.4151	189	105.0719	94	104.5159
group_11645	279	391	1.4014	4	8.6798	2	8.6798
group_11647	336	16290	48.4821	112	201.8047	56	201.8047
group_19186	165	0	0.0000	0	0.0000	0	0.0000
group_11648	474	433	0.9135	3	3.8317	1	2.5545
group_11652	1470	1510	1.0272	10	4.1185	5	4.1185
group_11654	213	0	0.0000	0	0.0000	0	0.0000
group_11656	180	0	0.0000	0	0.0000	0	0.0000
group_11658	840	0	0.0000	0	0.0000	0	0.0000
group_11659	483	4228	8.7536	28	35.0965	14	35.0965
group_11660	3942	5620	1.4257	34	5.2217	17	5.2217
group_11661	252	3338	13.2460	24	57.6585	12	57.6585
group_11663	495	284	0.5737	2	2.4461	1	2.4461
group_11669	897	4454	4.9654	31	20.9229	15	20.2480
group_11670	1014	31993	31.5513	217	129.5610	108	128.9640
group_11674	600	302	0.5033	2	2.0180	1	2.0180
group_11673	501	7204	14.3792	52	62.8374	26	62.8374
group_11675	1242	239535	192.8623	1646	802.3443	823	802.3443
group_11676	690	21457	31.0971	142	124.5925	71	124.5925
group_11680	894	3063	3.4262	21	14.2211	10	13.5439
group_11681	990	2218	2.2404	15	9.1729	7	8.5614
group_11682	249	0	0.0000	0	0.0000	0	0.0000
ndhM	408	151	0.3701	1	1.4839	0	0.0000
group_11690	852	1124	1.3192	8	5.6846	4	5.6846
group_11687	624	14030	22.4840	98	95.0811	49	95.0811
group_11694	963	5758	5.9792	40	25.1470	20	25.1470
group_11695	252	5380	21.3492	39	93.6950	19	91.2926
group_11697	417	5238	12.5612	41	59.5251	20	58.0733
group_11698	591	10033	16.9763	67	68.6341	33	67.6097
group_11699	1995	40281	20.1910	268	81.3288	134	81.3288
group_11700	1491	72813	48.8350	488	198.1503	244	198.1503
group_11703	447	151	0.3378	1	1.3544	0	0.0000
group_11705	1197	49369	41.2439	329	166.4004	164	165.8946
group_11706	1338	5411	4.0441	38	17.1941	19	17.1941
group_11708	273	302	1.1062	2	4.4353	1	4.4353
group_11709	330	2199	6.6636	17	31.1880	8	29.3534
group_11710	900	98	0.1089	1	0.6727	0	0.0000
arsM	975	48655	49.9026	329	204.2885	164	203.6675
group_11711	195	151	0.7744	1	3.1047	0	0.0000
group_11715	411	9245	22.4939	63	92.8007	31	91.3277
group_11716	1107	3365	3.0397	23	12.5786	11	12.0317
group_11717	1101	2087	1.8955	14	7.6983	7	7.6983
group_11718	1242	0	0.0000	0	0.0000	0	0.0000
group_11719	885	3835	4.3333	26	17.7862	13	17.7862
group_11722	243	151	0.6214	1	2.4914	0	0.0000
group_11724	987	40433	40.9656	270	165.6148	135	165.6148
group_11723	267	1692	6.3371	12	27.2096	6	27.2096
group_11726	1653	36190	21.8935	241	88.2667	120	87.9004
group_11727	399	899	2.2531	6	9.1040	3	9.1040
group_11728	312	0	0.0000	0	0.0000	0	0.0000
group_11729	1410	0	0.0000	0	0.0000	0	0.0000
group_19188	1662	66891	40.2473	447	162.8280	223	162.4637
group_11730	381	17188	45.1129	123	195.4487	61	193.8596
group_11731	252	5364	21.2857	38	91.2926	19	91.2926
group_11733	771	15319	19.8690	104	81.6642	52	81.6642
lptD	2463	146919	59.6504	979	240.6417	489	240.3959
group_11735	300	3513	11.7100	25	50.4512	12	48.4331
group_11736	303	3292	10.8647	23	45.9555	11	43.9575
group_11740	264	2605	9.8674	19	43.5715	9	41.2782
rpsF	222	3267	14.7162	22	59.9960	11	59.9960
group_11743	3393	378	0.1114	3	0.5353	1	0.3569
group_11745	258	1359	5.2674	9	21.1191	4	18.7725
larC	1257	50552	40.2164	342	164.7189	171	164.7189
group_11747	1599	467	0.2921	4	1.5145	2	1.5145
group_11748	588	779	1.3248	6	6.1777	3	6.1777
group_11749	1197	15900	13.2832	107	54.1181	53	53.6123
group_11750	3012	38662	12.8360	259	52.0592	129	51.8582
group_11751	273	1595	5.8425	11	24.3940	5	22.1763
group_11755	951	151	0.1588	1	0.6366	0	0.0000
group_11757	258	1282	4.9690	10	23.4657	5	23.4657
group_11758	1296	1197	0.9236	8	3.7371	4	3.7371
group_11759	879	19768	22.4892	135	92.9817	67	92.2929
group_11760	567	13209	23.2963	88	93.9620	44	93.9620
group_11766	504	2634	5.2262	19	22.8232	9	21.6219
group_11767	777	10138	13.0476	70	54.5418	35	54.5418
group_19189	1662	30126	18.1264	201	73.2180	100	72.8537
group_19190	330	4362	13.2182	29	53.2031	14	51.3685
group_11770	243	1334	5.4897	10	24.9142	5	24.9142
group_11771	711	9635	13.5513	67	57.0503	33	56.1988
group_11773	1596	47195	29.5708	317	120.2483	158	119.8690
group_11774	381	0	0.0000	0	0.0000	0	0.0000
group_11775	3102	33732	10.8743	225	43.9130	112	43.7178
group_11777	1959	0	0.0000	0	0.0000	0	0.0000
group_11778	1377	34010	24.6986	229	100.6825	114	100.2429
group_19191	1473	10525	7.1453	68	27.9485	34	27.9485
group_11781	1239	32451	26.1913	216	105.5444	108	105.5444
group_11782	339	8809	25.9853	61	108.9388	30	107.1529
group_11785	1536	45040	29.3229	309	121.7923	154	121.3981
group_11789	966	51353	53.1605	351	219.9797	175	219.3529
group_11790	969	21983	22.6863	150	93.7174	75	93.7174
group_11796	900	0	0.0000	0	0.0000	0	0.0000
group_11792	276	0	0.0000	0	0.0000	0	0.0000
group_11794	996	50080	50.2811	339	206.0596	169	205.4518
group_11798	285	4354	15.2772	31	65.8521	15	63.7278
group_11799	1746	86516	49.5510	582	201.8047	291	201.8047
group_11800	1305	69190	53.0192	467	216.6501	233	216.1862
group_11801	405	1341	3.3111	10	14.9485	5	14.9485
group_11802	1095	56383	51.4913	386	213.4154	193	213.4154
group_11807	1725	2072	1.2012	14	4.9135	7	4.9135
group_11810	1182	2891	2.4459	20	10.2439	10	10.2439
group_11812	486	3128	6.4362	22	27.4056	11	27.4056
group_11813	3219	13575	4.2171	91	17.1148	45	16.9268
group_11816	201	0	0.0000	0	0.0000	0	0.0000
group_11817	114	0	0.0000	0	0.0000	0	0.0000
group_11818	498	842	1.6908	6	7.2941	3	7.2941
group_11819	408	1208	2.9608	8	11.8709	4	11.8709
group_19192	900	0	0.0000	0	0.0000	0	0.0000
group_11822	1023	12690	12.4047	86	50.8950	43	50.8950
group_11824	267	3582	13.4157	24	54.4192	12	54.4192
cbiT	642	25449	39.6402	174	164.0842	87	164.0842
group_19193	867	0	0.0000	0	0.0000	0	0.0000
group_11825	303	2316	7.6436	16	31.9691	8	31.9691
group_11826	756	29136	38.5397	197	157.7600	98	156.9592
group_11829	762	0	0.0000	0	0.0000	0	0.0000
group_17193	1815	4829	2.6606	33	11.0075	16	10.6740
group_11830	366	329	0.8989	2	3.3083	1	3.3083
group_11831	360	1914	5.3167	15	25.2256	7	23.5439
group_11832	810	8343	10.3000	56	41.8558	28	41.8558
group_11833	690	0	0.0000	0	0.0000	0	0.0000
group_11836	2046	25920	12.6686	206	60.9557	103	60.9557
group_11837	789	8716	11.0469	61	46.8064	30	46.0391
group_11838	1974	4078	2.0659	27	8.2807	13	7.9740
group_11839	186	932	5.0108	8	26.0393	4	26.0393
group_11841	2892	302	0.1044	2	0.4187	1	0.4187
group_11844	711	18417	25.9030	125	106.4371	62	105.5856
group_11847	753	604	0.8021	4	3.2160	2	3.2160
group_11850	573	3890	6.7888	26	27.4708	13	27.4708
group_19194	513	2406	4.6901	18	21.2426	9	21.2426
group_11851	1098	2811	2.5601	19	10.4762	9	9.9248
group_11852	900	36931	41.0344	254	170.8613	127	170.8613
group_14598	225	0	0.0000	0	0.0000	0	0.0000
group_19195	132	0	0.0000	0	0.0000	0	0.0000
group_11858	462	3011	6.5173	20	26.2084	10	26.2084
group_11859	336	1410	4.1964	11	19.8201	5	18.0183
group_11860	2076	22351	10.7664	149	43.4522	74	43.1605
group_11862	336	0	0.0000	0	0.0000	0	0.0000
group_11864	549	233	0.4244	2	2.2055	1	2.2055
group_11866	249	4395	17.6506	35	85.0984	17	82.6670
group_11868	219	832	3.7991	6	16.5867	3	16.5867
group_11871	237	693	2.9241	5	12.7724	2	10.2180
group_11872	627	6014	9.5917	40	38.6229	20	38.6229
group_11873	1434	13505	9.4177	93	39.2633	46	38.8411
group_11881	2886	64272	22.2703	366	76.7781	183	76.7781
group_11880	708	5197	7.3404	34	29.0736	17	29.0736
group_11878	843	16902	20.0498	116	83.3073	58	83.3073
group_11877	1245	18194	14.6137	123	59.8120	61	59.3257
bchH	3987	150288	37.6945	1009	153.2137	504	153.0618
group_11884	1317	7132	5.4153	48	22.0652	24	22.0652
group_15163	1245	17282	13.8811	115	55.9218	57	55.4355
group_11888	894	40815	45.6544	278	188.2608	139	188.2608
group_11889	756	0	0.0000	0	0.0000	0	0.0000
group_19196	1218	8539	7.0107	56	27.8351	28	27.8351
group_11891	189	892	4.7196	7	22.4227	3	19.2195
group_11892	1098	17216	15.6794	115	63.4086	57	62.8572
group_11893	1593	103618	65.0458	700	266.0326	350	266.0326
group_11894	297	151	0.5084	1	2.0384	0	0.0000
group_11895	2319	117034	50.4674	787	205.4596	393	205.1986
group_11896	111	0	0.0000	0	0.0000	0	0.0000
nifB	1437	80983	56.3556	540	227.5043	270	227.5043
group_11901	405	3792	9.3630	26	38.8661	13	38.8661
group_11903	417	10136	24.3070	72	104.5319	36	104.5319
group_11906	348	453	1.3017	3	5.2191	1	3.4794
group_11907	672	16131	24.0045	106	95.4969	53	95.4969
group_11908	2340	73771	31.5261	490	126.7748	245	126.7748
group_11910	291	1389	4.7732	10	20.8046	5	20.8046
group_11912	1137	7727	6.7960	52	27.6882	26	27.6882
group_11914	735	21132	28.7510	141	116.1407	70	115.3170
group_11915	555	2274	4.0973	16	17.4534	8	17.4534
group_11916	414	214	0.5169	2	2.9247	1	2.9247
group_11918	1440	42009	29.1729	282	118.5603	141	118.5603
folD	897	46817	52.1929	322	217.3281	161	217.3281
group_11919	357	516	1.4454	4	6.7834	2	6.7834
group_11920	4836	3313	0.6851	22	2.7542	11	2.7542
group_11921	648	7620	11.7593	54	50.4512	27	50.4512
group_11923	2787	22733	8.1568	145	31.4980	72	31.2808
group_11924	336	453	1.3482	3	5.4055	1	3.6037
group_11926	213	4511	21.1784	34	96.6389	17	96.6389
group_11930	168	0	0.0000	0	0.0000	0	0.0000
group_11931	1068	24126	22.5899	163	92.3993	81	91.8325
group_11932	1758	21011	11.9516	139	47.8684	69	47.5240
group_19197	3417	57635	16.8671	383	67.8588	191	67.6816
group_11935	1467	21204	14.4540	143	59.0145	71	58.6018
group_11936	690	29439	42.6652	200	175.4824	100	175.4824
group_11937	1485	0	0.0000	0	0.0000	0	0.0000
aspS	1788	942	0.5268	7	2.3702	3	2.0316
group_11939	759	0	0.0000	0	0.0000	0	0.0000
group_11940	1494	1057	0.7075	7	2.8366	3	2.4314
group_11944	783	302	0.3857	2	1.5464	1	1.5464
group_11945	801	347	0.4332	2	1.5116	1	1.5116
group_19198	1167	10724	9.1894	74	38.3896	37	38.3896
group_11949	576	20265	35.1823	139	146.0982	69	145.0471
group_11951	3153	25385	8.0511	150	28.8018	75	28.8018
group_11952	1944	33112	17.0329	174	54.1883	87	54.1883
group_11953	669	4948	7.3961	33	29.8635	16	28.9585
group_11954	1137	31280	27.5110	214	113.9478	107	113.9478
group_11955	366	1963	5.3634	13	21.5038	6	19.8496
group_11956	165	439	2.6606	3	11.0075	1	7.3384
group_11957	1122	157666	140.5223	1053	568.1828	526	567.6432
group_11958	328	3704	11.2927	26	47.9901	13	47.9901
group_11961	165	270	1.6364	2	7.3384	1	7.3384
group_11963	2553	10544	4.1300	67	15.8883	33	15.6511
group_11964	399	12176	30.5163	83	125.9383	41	124.4209
group_11965	354	4704	13.2881	38	64.9880	19	64.9880
group_11966	1455	2625	1.8041	18	7.4897	9	7.4897
group_11969	15453	59996	3.8825	388	15.2010	194	15.2010
group_11970	996	52559	52.7701	354	215.1773	177	215.1773
group_11973	1083	55485	51.2327	374	209.0719	187	209.0719
group_11974	402	0	0.0000	0	0.0000	0	0.0000
group_11975	1254	37893	30.2177	253	122.1450	126	121.6622
rimM	591	23119	39.1184	162	165.9511	81	165.9511
group_11977	867	13549	15.6275	93	64.9406	46	64.2423
psd	1473	10107	6.8615	68	27.9485	34	27.9485
group_11978	540	10961	20.2981	76	85.2064	38	85.2064
group_11979	876	33333	38.0514	223	154.1180	111	153.4269
group_11982	1383	1625	1.1750	11	4.8153	5	4.3775
group_11987	312	4730	15.1603	33	64.0342	16	62.0938
group_11989	939	0	0.0000	0	0.0000	0	0.0000
group_11993	879	2653	3.0182	18	12.3976	9	12.3976
group_11990	321	8478	26.4112	60	113.1615	30	113.1615
group_11991	759	388	0.5112	3	2.3929	1	1.5953
group_11992	300	2682	8.9400	19	38.3429	9	36.3248
group_11994	375	3117	8.3120	21	33.9032	10	32.2888
group_11995	1380	2509	1.8181	17	7.4580	8	7.0193
group_11997	363	302	0.8320	2	3.3356	1	3.3356
group_11999	1191	53893	45.2502	361	183.5050	180	182.9967
group_12001	510	1067	2.0922	8	9.4967	4	9.4967
group_12003	249	0	0.0000	0	0.0000	0	0.0000
group_12006	1275	8347	6.5467	56	26.5907	28	26.5907
group_12007	351	714	2.0342	3	5.1745	1	3.4497
group_12008	1578	27497	17.4252	184	70.5933	92	70.5933
group_12010	1623	302	0.1861	2	0.7460	1	0.7460
group_12011	1728	33463	19.3652	227	79.5307	113	79.1803
group_12013	1536	22946	14.9388	155	61.0932	77	60.6991
group_12014	2157	113452	52.5971	758	212.7510	379	212.7510
group_12015	1107	59513	53.7606	401	219.3054	200	218.7585
group_12017	669	3147	4.7040	22	19.9090	11	19.9090
group_12018	2016	2716	1.3472	18	5.4055	9	5.4055
group_12020	285	3817	13.3930	26	55.2308	13	55.2308
group_12021	339	7078	20.8791	53	94.6518	26	92.8659
group_19199	663	0	0.0000	0	0.0000	0	0.0000
group_18459	231	447	1.9351	3	7.8625	1	5.2417
group_12025	705	2291	3.2496	16	13.7399	8	13.7399
group_12024	708	3300	4.6610	22	18.8123	11	18.8123
group_18469	756	15127	20.0093	102	81.6829	51	81.6829
group_12027	573	2568	4.4817	18	19.0182	9	19.0182
group_12028	1353	43710	32.3060	293	131.1059	146	130.6585
rimK	906	47061	51.9437	324	216.5057	162	216.5057
group_12032	192	246	1.2813	2	6.3064	1	6.3064
group_12034	1764	0	0.0000	0	0.0000	0	0.0000
group_12035	528	8361	15.8352	61	69.9437	30	68.7971
group_12038	729	302	0.4143	2	1.6609	1	1.6609
group_12039	771	12576	16.3113	84	65.9595	42	65.9595
group_12041	999	1817	1.8188	13	7.8783	6	7.2722
group_12045	1212	64916	53.5611	433	216.2907	216	215.7912
group_12046	2184	15888	7.2747	106	29.3837	53	29.3837
group_12047	960	26108	27.1958	177	111.6232	88	110.9926
group_19201	147	0	0.0000	0	0.0000	0	0.0000
group_12049	309	1583	5.1230	11	21.5520	5	19.5927
group_19202	516	0	0.0000	0	0.0000	0	0.0000
group_12050	339	2373	7.0000	18	32.1459	9	32.1459
group_12051	717	0	0.0000	0	0.0000	0	0.0000
ligW	1107	19967	18.0370	136	74.3779	68	74.3779
group_12052	1023	21080	20.6061	141	83.4442	70	82.8524
group_12053	495	3642	7.3576	25	30.5765	12	29.3534
group_12057	912	22266	24.4145	149	98.9109	74	98.2470
group_12060	534	3120	5.8427	21	23.8084	10	22.6747
group_12061	159	0	0.0000	0	0.0000	0	0.0000
group_12063	372	3322	8.9301	22	35.8041	11	35.8041
group_12064	3297	30779	9.3355	205	37.6433	102	37.4597
group_12065	495	580	1.1717	4	4.8922	2	4.8922
group_12067	1212	8639	7.1279	60	29.9710	30	29.9710
group_12069	5748	47347	8.2371	247	26.0155	123	25.9102
group_17502	1083	230	0.2124	2	1.1180	1	1.1180
group_12072	363	1662	4.5785	11	18.3459	5	16.6781
group_12075	450	1509	3.3533	10	13.4536	5	13.4536
group_12076	771	11264	14.6096	79	62.0334	39	61.2481
group_12077	642	31104	48.4486	216	203.6907	108	203.6907
group_12078	336	2061	6.1339	15	27.0274	7	25.2256
group_12080	387	3967	10.2506	29	45.3669	14	43.8026
pncC	1272	21281	16.7303	149	70.9172	74	70.4413
group_12087	1512	82695	54.6925	553	221.4246	276	221.0242
group_12088	666	7010	10.5255	49	44.5425	24	43.6335
group_12089	735	6202	8.4381	41	33.7714	20	32.9477
group_12092	1470	10056	6.8408	69	28.4174	34	28.0056
group_12093	1680	3251	1.9351	22	7.9280	11	7.9280
group_12096	711	10176	14.3122	70	59.6048	35	59.6048
group_12097	444	0	0.0000	0	0.0000	0	0.0000
group_12099	1089	906	0.8320	6	3.3356	3	3.3356
group_12104	4707	67278	14.2932	375	48.2325	187	48.1039
group_12103	771	14879	19.2983	100	78.5232	50	78.5232
group_12105	855	12586	14.7205	86	60.8955	43	60.8955
group_12106	1659	16853	10.1585	112	40.8718	56	40.8718
group_12107	438	1057	2.4132	7	9.6756	3	8.2933
group_12109	438	3881	8.8607	28	38.7023	14	38.7023
group_12110	1173	9496	8.0955	64	33.0320	32	33.0320
group_12111	1308	19334	14.7813	131	60.6340	65	60.1711
group_12112	621	151	0.2432	1	0.9749	0	0.0000
group_12113	771	19392	25.1518	131	102.8654	65	102.0802
sucC	1311	63266	48.2578	432	199.4957	216	199.4957
group_12115	369	6155	16.6802	41	67.2682	20	65.6275
group_12116	867	7664	8.8397	53	37.0092	26	36.3109
group_12118	3000	11604	3.8680	78	15.7408	39	15.7408
group_12119	1197	59477	49.6884	395	199.7816	197	199.2758
group_12121	240	450	1.8750	3	7.5677	1	5.0451
group_12122	351	2566	7.3105	18	31.0469	9	31.0469
group_12123	357	0	0.0000	0	0.0000	0	0.0000
group_12126	1020	0	0.0000	0	0.0000	0	0.0000
group_12139	1533	4438	2.8950	29	11.4527	14	11.0578
group_12144	813	6439	7.9200	44	32.7653	22	32.7653
group_12142	1410	6946	4.9262	46	19.7511	23	19.7511
gltB	4605	260538	56.5772	1744	229.2817	872	229.2817
group_12143	417	1499	3.5947	11	15.9702	5	14.5183
group_12145	1434	18871	13.1597	120	50.6623	60	50.6623
group_12146	189	1718	9.0899	14	44.8455	7	44.8455
group_12153	414	3243	7.8333	22	32.1718	11	32.1718
dndC	1653	62118	37.5789	417	152.7270	208	152.3607
group_12158	2187	57829	26.4422	336	93.0129	168	93.0129
group_12159	1197	23041	19.2490	155	78.3953	77	77.8895
group_12160	366	865	2.3634	6	9.9248	3	9.9248
dusA	1071	53370	49.8319	363	205.1964	181	204.6311
group_12163	192	151	0.7865	1	3.1532	0	0.0000
group_19203	1722	26528	15.4053	179	62.9321	89	62.5806
group_12164	228	1901	8.3377	13	34.5192	6	31.8639
group_12166	396	5434	13.7222	38	58.0953	19	58.0953
group_12168	4608	5066	1.0994	34	4.4670	17	4.4670
group_12169	2217	72832	32.8516	483	131.8967	241	131.6236
group_12170	1047	35435	33.8443	237	137.0422	118	136.4639
group_12171	2544	37283	14.6553	250	59.4943	125	59.4943
group_12172	297	5708	19.2189	40	81.5373	20	81.5373
group_12174	2226	120293	54.0400	805	218.9391	402	218.6671
group_12176	1731	95666	55.2663	638	223.1393	319	223.1393
group_12177	231	1743	7.5455	12	31.4501	6	31.4501
group_12179	270	906	3.3556	6	13.4536	3	13.4536
group_12180	7527	1048	0.1392	8	0.6435	4	0.6435
group_19204	237	64987	274.2068	447	1141.8570	223	1139.3025
group_12181	309	1066	3.4498	8	15.6742	4	15.6742
group_12182	945	22481	23.7894	151	96.7381	75	96.0975
rfbF	888	16891	19.0214	114	77.7221	57	77.7221
group_12185	1554	34617	22.2761	232	90.3836	116	90.3836
group_12187	2958	84805	28.6697	565	115.6386	282	115.4339
group_12188	4620	59307	12.8370	383	50.1891	191	50.0581
group_17485	300	243	0.8100	2	4.0361	1	4.0361
group_12190	327	866	2.6483	6	11.1085	3	11.1085
group_12191	306	7382	24.1242	50	98.9239	25	98.9239
group_12192	453	7043	15.5475	50	66.8228	25	66.8228
group_12194	360	2744	7.6222	20	33.6341	10	33.6341
group_12195	966	10092	10.4472	68	42.6171	34	42.6171
group_12196	4308	36776	8.5367	246	34.5710	123	34.5710
group_12201	1155	151	0.1307	1	0.5242	0	0.0000
group_12200	1017	11761	11.5644	83	49.4094	41	48.8141
group_12203	1128	18071	16.0204	122	65.4792	61	65.4792
group_12204	375	3552	9.4720	25	40.3609	12	38.7465
group_12205	795	10125	12.7358	69	52.5454	34	51.7838
group_12206	738	4607	6.2425	32	26.2510	16	26.2510
group_12208	450	6562	14.5822	44	59.1960	22	59.1960
group_12209	873	0	0.0000	0	0.0000	0	0.0000
group_12210	1953	12372	6.3349	83	25.7293	41	25.4193
group_12212	357	13416	37.5798	91	154.3212	45	152.6254
group_12213	342	8876	25.9532	63	111.5237	31	109.7534
group_12214	915	19641	21.4656	135	89.3234	67	88.6617
group_12215	447	8942	20.0045	63	85.3268	31	83.9724
group_12218	2283	6618	2.8988	44	11.6681	22	11.6681
group_12221	3189	89896	28.1894	596	113.1473	298	113.1473
group_12226	636	5316	8.3585	37	35.2206	18	34.2687
group_12227	282	604	2.1418	4	8.5874	2	8.5874
group_12229	1158	27149	23.4447	184	96.1971	92	96.1971
group_12236	1164	12733	10.9390	87	45.2500	43	44.7299
group_12234	903	9163	10.1473	57	38.2155	28	37.5451
group_12237	939	2924	3.1140	20	12.8949	10	12.8949
group_12239	717	444	0.6192	3	2.5331	1	1.6887
group_12241	522	21833	41.8257	153	177.4490	76	176.2892
group_12242	384	8791	22.8932	64	100.9024	32	100.9024
group_12245	843	24123	28.6157	162	116.3429	81	116.3429
ypfH	729	27103	37.1783	183	151.9764	91	151.1459
group_12251	1785	18117	10.1496	121	41.0393	60	40.7001
group_12254	258	1226	4.7519	9	21.1191	4	18.7725
group_12255	3099	2567	0.8283	17	3.3211	8	3.1257
group_12256	6645	11224	1.6891	48	4.3732	24	4.3732
group_12257	1464	27614	18.8620	184	76.0903	92	76.0903
group_12259	1488	12705	8.5383	88	35.8041	44	35.8041
group_12260	519	7772	14.9750	48	55.9921	24	55.9921
group_12263	1506	39834	26.4502	273	109.7464	136	109.3444
group_12265	177	151	0.8531	1	3.4204	0	0.0000
group_12268	498	2794	5.6104	22	26.7452	11	26.7452
group_12273	237	0	0.0000	0	0.0000	0	0.0000
group_12274	1806	15129	8.3771	102	34.1928	51	34.1928
group_12275	1716	66940	39.0093	449	158.4096	224	158.0568
group_12277	246	0	0.0000	0	0.0000	0	0.0000
group_12284	780	0	0.0000	0	0.0000	0	0.0000
group_12283	1227	17657	14.3904	122	60.1960	61	60.1960
group_12285	357	0	0.0000	0	0.0000	0	0.0000
group_12287	1029	2865	2.7843	21	12.3554	10	11.7670
group_12288	765	12919	16.8876	85	67.2682	42	66.4768
group_12290	585	2765	4.7265	19	19.6630	9	18.6281
group_12291	267	232	0.8689	2	4.5349	1	4.5349
group_12292	1752	37785	21.5668	254	87.7712	127	87.7712
group_12293	282	234	0.8298	2	4.2937	1	4.2937
group_12294	510	13922	27.2980	100	118.7087	50	118.7087
group_12296	1242	4841	3.8977	34	16.5733	17	16.5733
group_12298	1599	70696	44.2126	434	164.3213	217	164.3213
elyC	730	18243	24.9904	121	100.3495	60	99.5201
group_12300	2727	101974	37.3942	680	150.9650	340	150.9650
group_12305	2676	3556	1.3288	22	4.9772	11	4.9772
group_12311	1215	9342	7.6889	64	31.8901	32	31.8901
group_12316	2178	54072	24.8264	360	100.0685	180	100.0685
group_19206	318	1444	4.5409	10	19.0382	5	19.0382
group_12318	987	6864	6.9544	47	28.8292	23	28.2159
lON	714	33866	47.4314	233	197.5651	116	196.7172
ySH1	1647	92066	55.8992	618	227.1681	309	227.1681
group_12321	681	11691	17.1674	80	71.1206	40	71.1206
group_12323	261	1196	4.5824	8	18.5568	4	18.5568
group_12327	2265	14212	6.2746	95	25.3926	47	25.1254
group_12328	1233	10552	8.5580	72	35.3526	36	35.3526
group_12330	288	302	1.0486	2	4.2043	1	4.2043
group_12331	1542	3622	2.3489	24	9.4228	12	9.4228
group_12332	2310	102916	44.5524	692	181.3622	346	181.3622
group_12334	393	1510	3.8422	10	15.4049	5	15.4049
group_12338	240	453	1.8875	3	7.5677	1	5.0451
group_12337	1239	1359	1.0969	9	4.3977	4	3.9091
group_12339	921	755	0.8198	5	3.2867	2	2.6294
group_12343	1521	19014	12.5010	127	50.5507	63	50.1526
group_12344	5613	10436	1.8593	70	7.5501	35	7.5501
group_12345	1056	302	0.2860	2	1.1466	1	1.1466
group_12346	699	23701	33.9070	164	142.0428	82	142.0428
group_12347	609	13633	22.3859	96	95.4347	48	95.4347
group_12351	831	5824	7.0084	42	30.5985	21	30.5985
group_12352	1131	1057	0.9346	7	3.7470	3	3.2117
group_12355	975	302	0.3097	2	1.2419	1	1.2419
group_12356	759	2904	3.8261	20	15.9529	10	15.9529
group_12354	1227	51418	41.9055	351	173.1869	175	172.6935
group_12357	675	5821	8.6237	39	34.9795	19	34.0826
group_12358	3288	15699	4.7746	104	19.1494	52	19.1494
group_12359	816	7014	8.5956	48	35.6126	24	35.6126
cmr6	2004	17633	8.7989	116	35.0439	58	35.0439
group_12360	987	599	0.6069	4	2.4536	2	2.4536
group_12361	783	2004	2.5594	14	10.8248	7	10.8248
group_12362	1650	5874	3.5600	39	14.3098	19	13.9429
group_12363	750	755	1.0067	5	4.0361	2	3.2289
group_12364	1722	5588	3.2451	37	13.0083	18	12.6567
group_12365	954	24718	25.9099	168	106.6138	84	106.6138
group_12366	870	24607	28.2839	166	115.5158	83	115.5158
group_12368	969	46968	48.4706	315	196.8064	157	196.1817
group_12369	501	397	0.7924	3	3.6252	1	2.4168
group_12370	456	853	1.8706	6	7.9660	3	7.9660
rsmH	882	50163	56.8741	346	237.4981	173	237.4981
group_12372	471	2030	4.3100	14	17.9953	7	17.9953
group_12373	180	0	0.0000	0	0.0000	0	0.0000
group_12374	396	15792	39.8788	109	166.6418	54	165.1129
group_12375	645	1974	3.0605	13	12.2021	6	11.2635
group_12377	399	0	0.0000	0	0.0000	0	0.0000
group_12378	1287	2797	2.1733	19	8.9377	9	8.4673
group_19207	435	0	0.0000	0	0.0000	0	0.0000
group_12379	288	2088	7.2500	18	37.8384	9	37.8384
group_12380	1047	40341	38.5301	273	157.8587	136	157.2805
group_12381	165	302	1.8303	2	7.3384	1	7.3384
group_12382	3351	20068	5.9887	115	20.7767	57	20.5960
group_12385	231	0	0.0000	0	0.0000	0	0.0000
group_12387	2106	1682	0.7987	11	3.1622	5	2.8747
rsmB	1353	78864	58.2882	530	237.1541	265	237.1541
group_12390	630	3100	4.9206	23	22.1024	11	21.1414
group_12391	1389	1051	0.7567	7	3.0510	3	2.6152
group_12392	2319	1520	0.6555	10	2.6107	5	2.6107
group_12394	201	1677	8.3433	12	36.1441	6	36.1441
tnpISMae37~~~tnpISL3	1155	90215	78.1082	606	317.6459	303	317.6459
group_12396	270	2195	8.1296	17	38.1187	8	35.8764
group_12397	897	21744	24.2408	142	95.8404	71	95.8404
group_12398	744	1419	1.9073	10	8.1373	5	8.1373
group_12400	1410	47928	33.9915	319	136.9696	159	136.5402
group_12401	246	151	0.6138	1	2.4610	0	0.0000
group_12402	6558	145688	22.2153	572	52.8053	286	52.8053
group_12407	696	5541	7.9612	39	33.9241	19	33.0542
group_12405	444	906	2.0405	6	8.1813	3	8.1813
group_12406	627	0	0.0000	0	0.0000	0	0.0000
group_12408	933	30047	32.2047	201	130.4268	100	129.7779
group_15975	678	11279	16.6357	78	69.6494	39	69.6494
group_12412	168	401	2.3869	3	10.8110	1	7.2073
group_12413	843	302	0.3582	2	1.4363	1	1.4363
group_12414	306	1057	3.4542	7	13.8493	3	11.8709
group_12415	1923	15159	7.8830	102	32.1124	51	32.1124
group_12416	657	813	1.2374	6	5.5289	3	5.5289
group_12418	306	6055	19.7876	44	87.0530	22	87.0530
group_12420	840	43616	51.9238	295	212.6157	147	211.8949
group_12421	6795	96498	14.2013	569	50.6962	284	50.6071
group_12422	1431	42732	29.8616	294	124.3828	147	124.3828
group_18683	2250	45623	20.2769	300	80.7219	150	80.7219
group_12424	465	2559	5.5032	18	23.4354	9	23.4354
group_17458	435	3206	7.3701	22	30.6186	11	30.6186
group_12426	6504	12879	1.9802	88	8.1913	44	8.1913
group_12427	495	2066	4.1737	14	17.1228	7	17.1228
group_12429	441	41979	95.1905	316	433.8115	158	433.8115
group_19049	435	0	0.0000	0	0.0000	0	0.0000
group_12430	864	0	0.0000	0	0.0000	0	0.0000
group_12431	588	13401	22.7908	93	95.7543	46	94.7247
group_12435	2700	84805	31.4093	525	117.7194	262	117.4952
tnpISMae43~~~tnpISKra4	210	1954	9.3048	13	37.4780	6	34.5951
group_12437	672	5129	7.6324	34	30.6311	17	30.6311
group_12438	954	5611	5.8816	38	24.1150	19	24.1150
kdpC	669	12655	18.9163	87	78.7310	43	77.8260
group_12439	849	40522	47.7291	276	196.8131	138	196.8131
group_12441	1194	1137	0.9523	8	4.0564	4	4.0564
group_12444	6069	201618	33.2210	1343	133.9712	671	133.8714
group_12446	1089	28498	26.1690	190	105.6278	95	105.6278
cnoX	474	11133	23.4873	78	99.6251	39	99.6251
group_19208	1218	5529	4.5394	38	18.8881	19	18.8881
group_12453	1011	20637	20.4125	141	84.4346	70	83.8358
group_12455	606	5069	8.3647	35	34.9662	17	33.9671
group_12456	1323	302	0.2283	2	0.9152	1	0.9152
group_12459	654	4661	7.1269	32	29.6227	16	29.6227
group_12462	303	6911	22.8086	50	99.9033	25	99.9033
group_12461	3396	1510	0.4446	10	1.7827	5	1.7827
group_12463	792	531	0.6705	4	3.0576	2	3.0576
group_9152	594	761	1.2811	5	5.0961	2	4.0769
group_12467	3762	18889	5.0210	128	20.5989	64	20.5989
group_12466	2256	5210	2.3094	36	9.6609	18	9.6609
group_12469	405	1626	4.0148	12	17.9382	6	17.9382
group_12470	1113	7874	7.0746	55	29.9171	27	29.3732
group_12472	375	2588	6.9013	18	29.0599	9	29.0599
group_15259	324	0	0.0000	0	0.0000	0	0.0000
group_12475	240	221	0.9208	2	5.0451	1	5.0451
group_12479	579	17494	30.2142	125	130.7025	62	129.6569
group_12481	1065	26424	24.8113	174	98.9127	87	98.9127
gpsA	930	46900	50.4301	318	207.0126	159	207.0126
group_12482	369	2839	7.6938	23	37.7358	11	36.0952
hisZ	1218	35122	28.8358	241	119.7905	120	119.2934
group_12484	1758	151	0.0859	1	0.3444	0	0.0000
group_12485	171	218	1.2749	2	7.0809	1	7.0809
group_12486	6768	38900	5.7476	139	12.4339	69	12.3444
group_12487	2388	136974	57.3593	919	232.9881	459	232.7346
group_12488	408	243	0.5956	2	2.9677	1	2.9677
group_12489	1155	151	0.1307	1	0.5242	0	0.0000
group_12490	549	2636	4.8015	16	17.6441	8	17.6441
group_12491	1371	0	0.0000	0	0.0000	0	0.0000
group_12492	1320	7560	5.7273	50	22.9324	25	22.9324
group_12493	894	302	0.3378	2	1.3544	1	1.3544
group_12495	444	3311	7.4572	22	29.9980	11	29.9980
group_12496	276	10014	36.2826	75	164.5147	37	162.3212
group_12497	900	12048	13.3867	81	54.4873	40	53.8146
group_12498	450	6213	13.8067	44	59.1960	22	59.1960
group_12500	675	370	0.5481	3	2.6907	1	1.7938
group_12501	312	4631	14.8429	33	64.0342	16	62.0938
group_12502	1479	42863	28.9811	288	117.8900	144	117.8900
group_12504	387	5227	13.5065	37	57.8820	18	56.3176
group_12506	1188	25843	21.7534	173	88.1622	86	87.6525
group_12507	519	21780	41.9653	149	173.8087	74	172.6422
group_12508	1068	37603	35.2088	247	140.0162	123	139.4493
group_12509	1122	366178	326.3619	2448	1320.9035	1224	1320.9035
group_12510	1089	38188	35.0670	254	141.2077	127	141.2077
group_12513	3048	15930	5.2264	106	21.0544	53	21.0544
group_12512	2058	11347	5.5136	71	20.8865	35	20.5923
group_12515	2304	42042	18.2474	282	74.1002	141	74.1002
group_16482	264	0	0.0000	0	0.0000	0	0.0000
group_12516	597	12550	21.0218	86	87.2121	43	87.2121
group_12518	618	874	1.4142	6	5.8778	3	5.8778
group_12517	1149	4188	3.6449	29	15.2803	14	14.7533
group_12519	900	151	0.1678	1	0.6727	0	0.0000
group_12520	285	2270	7.9649	17	36.1124	8	33.9882
group_12521	762	4987	6.5446	34	27.0132	17	27.0132
group_12522	240	2321	9.6708	16	40.3609	8	40.3609
group_12524	1194	4286	3.5896	29	14.7044	14	14.1973
group_12525	702	30352	43.2365	212	182.8316	106	182.8316
group_12526	900	145	0.1611	1	0.6727	0	0.0000
group_12527	138	0	0.0000	0	0.0000	0	0.0000
group_12529	324	3571	11.0216	25	46.7141	12	44.8455
group_12531	354	9208	26.0113	63	107.7432	31	106.0330
group_12532	282	152	0.5390	1	2.1469	0	0.0000
group_12533	270	5285	19.5741	35	78.4796	17	76.2373
group_12536	810	483	0.5963	3	2.2423	1	1.4948
group_12538	828	1812	2.1884	15	10.9676	7	10.2365
group_12540	375	8027	21.4053	57	92.0229	28	90.4085
group_9543	807	0	0.0000	0	0.0000	0	0.0000
group_12543	1167	1917	1.6427	13	6.7441	6	6.2253
ripC	882	2667	3.0238	18	12.3554	9	12.3554
group_12546	162	0	0.0000	0	0.0000	0	0.0000
group_12547	207	599	2.8937	4	11.6988	2	11.6988
group_12548	243	4809	19.7901	32	79.7253	16	79.7253
group_12552	390	2630	6.7436	19	29.4945	9	27.9422
group_12553	354	3925	11.0876	29	49.5961	14	47.8859
group_12554	330	8192	24.8242	55	100.9024	27	99.0678
group_12556	285	3611	12.6702	25	53.1065	12	50.9822
group_12557	1014	27825	27.4408	187	111.6494	93	111.0523
group_12559	687	486	0.7074	3	2.6437	1	1.7625
group_12560	267	0	0.0000	0	0.0000	0	0.0000
group_12564	219	477	2.1781	4	11.0578	2	11.0578
group_12566	999	8190	8.1982	55	33.3311	27	32.7251
group_12569	1725	34626	20.0730	233	81.7748	116	81.4238
group_12571	1149	34741	30.2359	232	122.2420	116	122.2420
group_12573	213	450	2.1127	3	8.5270	1	5.6846
group_12574	198	936	4.7273	7	21.4035	3	18.3459
group_12575	798	1059	1.3271	7	5.3107	3	4.5520
hslJ	1311	71200	54.3097	486	224.4327	243	224.4327
group_12577	1056	34720	32.8788	225	128.9945	112	128.4212
group_12578	2046	3385	1.6544	21	6.2139	10	5.9180
group_12579	2283	56571	24.7792	378	100.2394	189	100.2394
group_12581	435	3700	8.5057	25	34.7939	12	33.4022
group_12582	486	6062	12.4733	41	51.0740	20	49.8283
group_12586	726	0	0.0000	0	0.0000	0	0.0000
group_12587	1413	21713	15.3666	134	57.4137	67	57.4137
group_12588	2166	22927	10.5849	154	43.0442	77	43.0442
group_12589	1155	12733	11.0242	86	45.0785	43	45.0785
group_12594	732	5454	7.4508	37	30.6015	18	29.7745
group_14692	1860	5332	2.8667	36	11.7177	18	11.7177
group_12597	630	2270	3.6032	16	15.3756	8	15.3756
group_12598	1203	453	0.3766	3	1.5098	1	1.0065
group_12599	1140	1480	1.2982	10	5.3107	5	5.3107
group_12600	1215	897	0.7383	6	2.9897	3	2.9897
group_12603	1182	690	0.5838	5	2.5610	2	2.0488
group_12605	771	619	0.8029	4	3.1409	2	3.1409
group_12606	732	20623	28.1735	142	117.4437	71	117.4437
dusB	1095	44653	40.7790	302	166.9727	151	166.9727
group_12608	2610	140572	53.8590	936	217.1140	468	217.1140
group_12610	267	3292	12.3296	23	52.1518	11	49.8843
group_12611	2838	14816	5.2206	96	20.4791	48	20.4791
glk	1080	50895	47.1250	341	191.1539	170	190.5933
group_15573	2448	13409	5.4775	90	22.2579	45	22.2579
group_12614	954	8098	8.4885	56	35.5379	28	35.5379
group_12615	1464	0	0.0000	0	0.0000	0	0.0000
group_12617	1335	82729	61.9693	555	251.6890	277	251.2355
group_12618	1620	94466	58.3123	638	238.4285	319	238.4285
group_12619	468	12150	25.9615	85	109.9577	42	108.6641
group_12620	2319	7297	3.1466	49	12.7923	24	12.5312
group_12621	252	3322	13.1825	22	52.8536	11	52.8536
group_12623	1071	1486	1.3875	11	6.2181	5	5.6528
group_12624	372	8169	21.9597	57	92.7651	28	91.1376
group_12625	276	1115	4.0399	8	17.5482	4	17.5482
group_12628	1041	49169	47.2325	332	193.0812	166	193.0812
group_19209	1710	1510	0.8830	10	3.5404	5	3.5404
group_12630	273	9015	33.0220	64	141.9286	32	141.9286
group_12631	3144	6749	2.1466	45	8.6653	22	8.4727
group_12634	1485	302	0.2034	2	0.8154	1	0.8154
group_12635	2649	42297	15.9672	283	64.6781	141	64.4495
group_12637	9138	88794	9.7170	594	39.3539	297	39.3539
pgpH	2385	41051	17.2122	275	69.8067	137	69.5528
group_12638	1128	302	0.2677	2	1.0734	1	1.0734
group_15851	4050	136	0.0336	2	0.2990	1	0.2990
group_12640	939	27516	29.3035	184	118.6328	92	118.6328
group_12642	1173	34662	29.5499	239	123.3538	119	122.8376
group_12643	2223	55105	24.7886	366	99.6768	183	99.6768
group_12644	741	0	0.0000	0	0.0000	0	0.0000
group_12645	849	453	0.5336	3	2.1393	1	1.4262
group_12646	1614	1715	1.0626	12	4.5012	6	4.5012
group_12647	582	2455	4.2182	18	18.7241	9	18.7241
group_12649	363	769	2.1185	6	10.0068	3	10.0068
group_15928	855	453	0.5298	3	2.1243	1	1.4162
group_12652	867	41485	47.8489	282	196.9167	141	196.9167
group_12657	9684	32322	3.3377	88	5.5015	44	5.5015
group_12658	2619	33078	12.6300	225	52.0115	112	51.7804
group_12661	1188	34518	29.0556	230	117.2098	115	117.2098
group_12663	603	14270	23.6650	100	100.4004	50	100.4004
group_12665	843	14280	16.9395	96	68.9440	48	68.9440
group_12666	2589	8649	3.3407	57	13.3289	28	13.0951
group_17242	915	7106	7.7661	48	31.7594	24	31.7594
group_12672	267	151	0.5655	1	2.2675	0	0.0000
group_12673	393	3620	9.2112	24	36.9719	12	36.9719
group_12674	1836	6247	3.4025	42	13.8493	21	13.8493
group_12675	213	0	0.0000	0	0.0000	0	0.0000
group_12684	777	10297	13.2523	68	52.9835	34	52.9835
group_12685	240	2739	11.4125	20	50.4512	10	50.4512
group_12686	228	257	1.1272	2	5.3107	1	5.3107
group_12690	1149	0	0.0000	0	0.0000	0	0.0000
group_15150	906	51164	56.4724	348	232.5432	174	232.5432
group_12692	462	1377	2.9805	10	13.1042	5	13.1042
group_12693	375	4272	11.3920	32	51.6620	16	51.6620
group_12695	1830	9103	4.9743	60	19.8496	30	19.8496
group_12696	816	21528	26.3824	144	106.8378	72	106.8378
group_12697	813	23622	29.0554	164	122.1254	82	122.1254
group_12700	1497	454396	303.5377	3064	1239.1375	1532	1239.1375
group_12702	858	2055	2.3951	14	9.8786	7	9.8786
group_12704	396	2685	6.7803	19	29.0476	9	27.5188
group_19210	96	0	0.0000	0	0.0000	0	0.0000
group_19211	684	1461	2.1360	10	8.8511	5	8.8511
group_12706	234	0	0.0000	0	0.0000	0	0.0000
group_12707	333	830	2.4925	6	10.9084	3	10.9084
group_12712	375	4056	10.8160	29	46.8187	14	45.2043
group_12713	282	7870	27.9078	58	124.5178	29	124.5178
group_12714	471	21349	45.3270	148	190.2363	74	190.2363
group_12716	1290	4239	3.2860	29	13.6101	14	13.1408
group_12717	11472	24467	2.1328	157	8.2854	78	8.2326
group_12718	1782	57619	32.3339	387	131.4788	193	131.1391
group_12719	801	14834	18.5194	101	76.3381	50	75.5823
group_12723	393	1200	3.0534	8	12.3240	4	12.3240
group_12722	408	2339	5.7328	17	25.2256	8	23.7417
group_12725	318	1308	4.1132	9	17.1344	4	15.2305
group_12727	2907	4601	1.5827	34	7.0809	17	7.0809
group_12730	303	1459	4.8152	11	21.9787	5	19.9807
group_19212	219	1206	5.5068	8	22.1156	4	22.1156
proS	1815	44695	24.6253	300	100.0685	150	100.0685
group_12737	969	8011	8.2673	52	32.4887	26	32.4887
group_12738	1182	1753	1.4831	12	6.1463	6	6.1463
group_12741	228	0	0.0000	0	0.0000	0	0.0000
group_12742	1719	1963	1.1419	13	4.5785	6	4.2263
group_12745	2925	4709	1.6099	34	7.0373	17	7.0373
group_12746	639	2572	4.0250	20	18.9488	10	18.9488
group_12747	151	0	0.0000	0	0.0000	0	0.0000
tnpIS701~~~srso17	1269	23408	18.4460	164	78.2411	82	78.2411
group_12749	366	0	0.0000	0	0.0000	0	0.0000
group_12751	1098	27981	25.4836	190	104.7620	95	104.7620
group_12756	228	0	0.0000	0	0.0000	0	0.0000
group_12759	1197	81740	68.2874	544	275.1423	272	275.1423
group_12766	573	3681	6.4241	26	27.4708	13	27.4708
group_12761	3132	3020	0.9642	20	3.8660	10	3.8660
group_12762	1833	22093	12.0529	147	48.5520	73	48.2217
group_12767	534	512	0.9588	4	4.5349	2	4.5349
group_12770	1482	20751	14.0020	140	57.1916	70	57.1916
group_12771	1410	7601	5.3908	51	21.8980	25	21.4686
group_12772	942	0	0.0000	0	0.0000	0	0.0000
group_12773	741	12471	16.8300	85	69.4470	42	68.6299
group_12774	738	25078	33.9810	161	132.0754	80	131.2551
group_12775	792	17073	21.5568	114	87.1429	57	87.1429
group_12777	180	652	3.6222	8	26.9073	4	26.9073
group_12779	1230	54840	44.5854	375	184.5775	187	184.0853
group_12780	1479	0	0.0000	0	0.0000	0	0.0000
group_12781	894	5835	6.5268	41	27.7651	20	27.0879
group_12782	336	3245	9.6577	22	39.6402	11	39.6402
group_12784	228	295	1.2939	2	5.3107	1	5.3107
group_12785	327	2266	6.9297	15	27.7713	7	25.9199
group_12787	1353	59200	43.7546	394	176.2995	197	176.2995
group_19213	1011	8348	8.2572	56	33.5343	28	33.5343
group_12790	360	2522	7.0056	18	30.2707	9	30.2707
group_12791	279	1140	4.0860	8	17.3595	4	17.3595
group_12796	219	0	0.0000	0	0.0000	0	0.0000
group_12798	1917	2211	1.1534	16	5.0530	8	5.0530
yegI	2709	45542	16.8114	289	64.5864	144	64.3630
group_12800	408	10915	26.7525	76	112.7732	38	112.7732
group_12802	3576	31104	8.6980	205	34.7063	102	34.5370
group_12803	744	302	0.4059	2	1.6275	1	1.6275
group_12804	351	3833	10.9202	28	48.2951	14	48.2951
group_12805	1035	53815	51.9952	365	213.5035	182	212.9186
group_12806	480	2546	5.3042	19	23.9643	9	22.7030
group_12809	987	23731	24.0436	161	98.7555	80	98.1421
group_12810	1518	13330	8.7813	89	35.4953	44	35.0965
group_12813	357	1338	3.7479	9	15.2625	4	13.5667
group_12816	1041	8498	8.1633	57	33.1495	28	32.5679
group_12818	852	21497	25.2312	149	105.8764	74	105.1658
group_12819	900	4214	4.6822	29	19.5078	14	18.8351
group_12821	828	0	0.0000	0	0.0000	0	0.0000
group_12823	831	5132	6.1757	35	25.4988	17	24.7703
group_12825	810	2546	3.1432	18	13.4536	9	13.4536
group_12829	471	4096	8.6964	30	38.5614	15	38.5614
group_12827	1248	54003	43.2716	352	170.7578	176	170.7578
group_12828	330	755	2.2879	5	9.1729	2	7.3384
group_12832	627	0	0.0000	0	0.0000	0	0.0000
group_12835	1023	2099	2.0518	14	8.2852	7	8.2852
group_12839	747	16120	21.5797	108	87.5298	54	87.5298
group_12840	378	4277	11.3148	30	48.0487	15	48.0487
group_12842	747	30253	40.4993	209	169.3863	104	168.5758
group_12844	1299	1446	1.1132	10	4.6606	5	4.6606
elsH	1047	45391	43.3534	302	174.6276	151	174.6276
group_12845	232	3739	16.1164	26	67.8481	13	67.8481
group_12846	231	583	2.5238	5	13.1042	2	10.4834
group_12847	315	4702	14.9270	33	63.4243	16	61.5024
aroQ	591	23896	40.4332	166	170.0486	83	170.0486
group_12848	972	25656	26.3951	172	107.1309	86	107.1309
group_12849	2619	151	0.0577	1	0.2312	0	0.0000
group_12851	912	1193	1.3081	8	5.3107	4	5.3107
group_12852	642	1352	2.1059	9	8.4871	4	7.5441
group_12853	948	20035	21.1340	134	85.5754	67	85.5754
group_12855	723	0	0.0000	0	0.0000	0	0.0000
group_12856	1227	151	0.1231	1	0.4934	0	0.0000
group_12858	1164	61388	52.7388	416	216.3679	208	216.3679
group_12859	1242	4271	3.4388	29	14.1361	14	13.6486
group_12860	1104	30362	27.5018	204	111.8700	102	111.8700
group_12862	1389	17095	12.3074	111	48.3808	55	47.9450
group_12869	687	0	0.0000	0	0.0000	0	0.0000
group_12871	879	755	0.8589	5	3.4438	2	2.7550
group_12873	5202	107592	20.6828	444	51.6732	222	51.6732
group_12874	1503	5654	3.7618	38	15.3065	19	15.3065
group_12875	243	906	3.7284	6	14.9485	3	14.9485
group_12877	237	604	2.5485	4	10.2180	2	10.2180
group_12879	3957	16133	4.0771	103	15.7588	51	15.6058
group_12882	990	453	0.4576	3	1.8346	1	1.2231
group_12884	444	0	0.0000	0	0.0000	0	0.0000
group_14996	1128	2747	2.4353	19	10.1976	9	9.6609
ycjU	738	39191	53.1043	274	224.7743	137	224.7743
group_12888	333	854	2.5646	6	10.9084	3	10.9084
group_12890	396	1869	4.7197	14	21.4035	7	21.4035
group_12891	597	12712	21.2931	86	87.2121	43	87.2121
group_12892	249	453	1.8193	3	7.2941	1	4.8628
group_12893	753	13681	18.1687	92	73.9683	46	73.9683
group_12894	276	1974	7.1522	14	30.7094	7	30.7094
group_12896	654	151	0.2309	1	0.9257	0	0.0000
group_12898	249	0	0.0000	0	0.0000	0	0.0000
group_12901	408	3205	7.8554	22	32.6449	11	32.6449
group_12903	2898	30431	10.5007	143	29.8738	71	29.6649
group_12904	222	2001	9.0135	14	38.1793	7	38.1793
group_12906	660	7295	11.0530	49	44.9474	24	44.0301
group_12911	318	302	0.9497	2	3.8076	1	3.8076
group_12914	531	4428	8.3390	30	34.2042	15	34.2042
group_12910	759	8150	10.7378	56	44.6682	28	44.6682
group_12912	3207	14229	4.4369	95	17.9340	47	17.7452
group_12913	4221	86897	20.5868	485	69.5631	242	69.4197
group_12916	1593	12726	7.9887	88	33.4441	44	33.4441
group_12917	924	11519	12.4665	78	51.1064	39	51.1064
group_19214	123	0	0.0000	0	0.0000	0	0.0000
group_19215	552	0	0.0000	0	0.0000	0	0.0000
group_12922	246	847	3.4431	6	14.7662	3	14.7662
group_12926	3054	7865	2.5753	51	10.1101	25	9.9118
rrrD	1536	6219	4.0488	43	16.9484	21	16.5543
group_12929	2280	0	0.0000	0	0.0000	0	0.0000
group_12928	1218	1075	0.8826	8	3.9764	4	3.9764
group_12930	1497	8584	5.7341	50	20.2209	25	20.2209
group_12931	363	8761	24.1350	61	101.7363	30	100.0685
group_12932	1650	7600	4.6061	51	18.7128	25	18.3459
group_12933	1515	12802	8.4502	86	34.3667	43	34.3667
group_12935	426	1198	2.8122	9	12.7904	4	11.3693
group_17980	639	15749	24.6463	109	103.2710	54	102.3235
group_12936	2763	53111	19.2222	358	78.4431	179	78.4431
group_12937	813	4380	5.3875	28	20.8507	14	20.8507
group_12941	753	7447	9.8898	51	41.0041	25	40.2001
group_12944	1143	25598	22.3955	170	90.0441	85	90.0441
group_12949	3888	2869	0.7379	18	2.8028	9	2.8028
group_12946	8130	11120	1.3678	74	5.5105	37	5.5105
group_12955	753	1173	1.5578	8	6.4320	4	6.4320
group_12956	3135	26247	8.3722	172	33.2157	86	33.2157
group_12957	1269	0	0.0000	0	0.0000	0	0.0000
group_12958	429	2301	5.3636	16	22.5795	8	22.5795
group_12959	1257	1510	1.2013	10	4.8163	5	4.8163
group_12962	402	0	0.0000	0	0.0000	0	0.0000
group_12964	324	0	0.0000	0	0.0000	0	0.0000
group_12967	1188	26828	22.5825	179	91.2198	89	90.7102
group_12968	1197	1510	1.2615	10	5.0578	5	5.0578
group_12969	687	576	0.8384	4	3.5250	2	3.5250
group_12970	7689	5046	0.6563	34	2.6771	17	2.6771
group_12975	9672	82104	8.4888	533	33.3629	266	33.3003
group_12973	291	722	2.4811	6	12.4828	3	12.4828
group_12974	762	27496	36.0840	185	146.9837	92	146.1892
group_12976	675	5920	8.7704	47	42.1548	23	41.2579
group_12977	363	151	0.4160	1	1.6678	0	0.0000
group_12979	261	1682	6.4444	12	27.8351	6	27.8351
group_12980	2787	35773	12.8357	238	51.7002	119	51.7002
group_12986	2115	1208	0.5712	8	2.2900	4	2.2900
group_12989	375	1234	3.2907	9	14.5299	4	12.9155
group_12990	1011	11804	11.6756	81	48.5050	40	47.9062
group_12991	1536	1356	0.8828	9	3.5473	4	3.1532
group_12992	384	1426	3.7135	10	15.7660	5	15.7660
group_12993	5271	65196	12.3688	323	37.0990	161	36.9841
group_12996	849	8191	9.6478	56	39.9331	28	39.9331
group_12998	465	8640	18.5806	60	78.1180	30	78.1180
group_13000	14322	92430	6.4537	607	25.6589	303	25.6166
group_13001	1842	3874	2.1031	26	8.5455	13	8.5455
group_13002	3975	18514	4.6576	125	19.0382	62	18.8859
group_13004	1293	0	0.0000	0	0.0000	0	0.0000
group_13005	606	604	0.9967	4	3.9961	2	3.9961
group_13006	651	37810	58.0799	259	240.8637	129	239.9337
group_13007	276	5387	19.5181	37	81.1606	18	78.9671
group_13008	369	5829	15.7967	40	65.6275	20	65.6275
group_13010	1587	1057	0.6660	7	2.6704	3	2.2889
group_13011	354	4751	13.4209	35	59.8573	17	58.1471
group_13012	882	19364	21.9546	123	84.4285	61	83.7421
group_13013	432	17411	40.3032	121	169.5720	60	168.1706
group_13014	426	888	2.0845	6	8.5270	3	8.5270
group_13016	369	2658	7.2033	20	32.8138	10	32.8138
group_13023	372	2337	6.2823	17	27.6668	8	26.0393
group_13026	984	0	0.0000	0	0.0000	0	0.0000
group_13030	234	0	0.0000	0	0.0000	0	0.0000
group_13031	369	688	1.8645	4	6.5628	2	6.5628
group_13035	915	3038	3.3202	21	13.8948	10	13.2331
group_13036	450	2425	5.3889	17	22.8712	8	21.5258
group_13037	1449	82328	56.8171	560	233.9765	280	233.9765
group_13038	6111	26829	4.3903	135	13.3744	67	13.2753
group_13041	7827	6526	0.8338	45	3.4807	22	3.4034
group_13043	5814	33820	5.8170	222	23.1169	111	23.1169
group_13044	1167	0	0.0000	0	0.0000	0	0.0000
group_13048	207	604	2.9179	4	11.6988	2	11.6988
group_13049	294	231	0.7857	2	4.1185	1	4.1185
group_13050	1077	22611	20.9944	152	85.4438	76	85.4438
group_13052	165	707	4.2848	6	22.0151	3	22.0151
group_14919	1557	1641	1.0539	11	4.2772	5	3.8883
group_13054	888	2675	3.0124	16	10.9084	8	10.9084
group_13057	1977	19005	9.6131	127	38.8910	63	38.5848
group_13060	189	0	0.0000	0	0.0000	0	0.0000
group_13062	1776	7936	4.4685	53	18.0670	26	17.7261
group_13063	1188	128289	107.9874	855	435.7147	427	435.2051
group_13064	207	143	0.6908	1	2.9247	0	0.0000
group_13066	1401	2990	2.1342	20	8.6426	10	8.6426
group_13068	585	641	1.0957	5	5.1745	2	4.1396
group_13069	879	53161	60.4790	362	249.3287	181	249.3287
group_18679	942	18896	20.0594	128	82.2643	64	82.2643
gdhA	1326	78416	59.1373	530	241.9830	265	241.9830
group_13071	744	12246	16.4597	81	65.9120	40	65.0983
group_13072	150	82	0.5467	1	4.0361	0	0.0000
group_13073	993	1981	1.9950	14	8.5355	7	8.5355
group_13075	243	2379	9.7901	18	44.8455	9	44.8455
group_13082	408	2479	6.0760	17	25.2256	8	23.7417
group_13083	192	1146	5.9688	9	28.3788	4	25.2256
group_13084	1743	98625	56.5835	663	230.2866	331	229.9393
group_13086	276	2714	9.8333	18	39.4835	9	39.4835
group_13087	330	260	0.7879	2	3.6692	1	3.6692
group_13088	861	5506	6.3949	39	27.4229	19	26.7198
group_13089	2583	906	0.3508	6	1.4063	3	1.4063
group_13090	1581	7058	4.4643	47	17.9978	23	17.6148
group_13091	1251	986	0.7882	7	3.3876	3	2.9037
group_13092	558	151	0.2706	1	1.0850	0	0.0000
group_13096	726	5537	7.6267	39	32.5222	19	31.6883
group_13097	702	29785	42.4288	208	179.3820	104	179.3820
group_13098	159	247	1.5535	2	7.6153	1	7.6153
group_13100	657	7457	11.3501	52	47.9171	26	47.9171
group_13105	234	0	0.0000	0	0.0000	0	0.0000
arsH	648	11561	17.8410	78	72.8739	39	72.8739
group_13106	264	379	1.4356	3	6.8797	1	4.5865
group_13108	702	0	0.0000	0	0.0000	0	0.0000
group_13112	234	0	0.0000	0	0.0000	0	0.0000
group_13114	228	1202	5.2719	10	26.5533	5	26.5533
group_13115	1173	11396	9.7153	78	40.2577	39	40.2577
group_13117	741	3776	5.0958	25	20.4256	12	19.6086
group_13118	1041	8385	8.0548	57	33.1495	28	32.5679
group_13120	1023	0	0.0000	0	0.0000	0	0.0000
group_13121	1746	67920	38.9003	457	158.4618	228	158.1150
group_13123	1173	901	0.7681	6	3.0967	3	3.0967
group_13127	657	151	0.2298	1	0.9215	0	0.0000
group_13128	1380	755	0.5471	5	2.1935	2	1.7548
group_15583	351	986	2.8091	7	12.0738	3	10.3490
group_15584	966	2779	2.8768	19	11.9077	9	11.2810
group_13129	1125	0	0.0000	0	0.0000	0	0.0000
group_13130	222	0	0.0000	0	0.0000	0	0.0000
group_13131	3393	55558	16.3743	346	61.7369	173	61.7369
group_15848	6024	1457	0.2419	15	1.5075	7	1.4070
group_13132	2385	131276	55.0423	877	222.6198	438	222.3659
group_13134	1053	43753	41.5508	295	169.6079	147	169.0330
group_13135	477	287	0.6017	2	2.5384	1	2.5384
group_13139	1122	5122	4.5651	34	18.3459	17	18.3459
group_13140	969	2269	2.3416	15	9.3717	7	8.7470
group_13141	792	16568	20.9192	114	87.1429	57	87.1429
group_13144	474	7039	14.8502	48	61.3078	24	61.3078
group_13147	300	10374	34.5800	76	153.3716	38	153.3716
group_13153	348	602	1.7299	4	6.9588	2	6.9588
group_13149	4050	11129	2.7479	45	6.7268	22	6.5773
group_13151	1044	6939	6.6466	43	24.9356	21	24.3557
group_13157	720	36035	50.0486	251	211.0541	125	210.2132
group_13158	1281	8931	6.9719	60	28.3566	30	28.3566
group_13163	1398	52453	37.5200	347	150.2709	173	149.8378
group_13164	1137	69457	61.0880	474	252.3890	237	252.3890
group_13166	21000	131896	6.2808	839	24.1877	419	24.1589
group_13168	294	543	1.8469	4	8.2369	2	8.2369
group_13170	1113	11324	10.1743	76	41.3400	38	41.3400
group_13172	267	0	0.0000	0	0.0000	0	0.0000
group_13175	894	36482	40.8076	248	167.9449	124	167.9449
group_13177	537	0	0.0000	0	0.0000	0	0.0000
group_13181	1173	547	0.4663	4	2.0645	2	2.0645
group_15152	906	4228	4.6667	28	18.7104	14	18.7104
group_13182	1464	6586	4.4986	43	17.7820	21	17.3684
group_13184	1860	81033	43.5661	541	176.0909	270	175.7654
group_13186	1209	45876	37.9454	308	154.2329	154	154.2329
group_13187	225	166	0.7378	2	5.3815	1	5.3815
group_13188	4581	271456	59.2569	1821	240.6591	910	240.5269
group_13191	7710	12198	1.5821	74	5.8107	37	5.8107
group_13195	294	0	0.0000	0	0.0000	0	0.0000
group_13194	1020	28233	27.6794	186	110.3990	93	110.3990
group_13204	231	0	0.0000	0	0.0000	0	0.0000
group_13205	657	0	0.0000	0	0.0000	0	0.0000
group_13206	220	0	0.0000	0	0.0000	0	0.0000
group_13207	315	0	0.0000	0	0.0000	0	0.0000
group_13209	276	302	1.0942	2	4.3871	1	4.3871
group_13211	543	12946	23.8416	92	102.5748	46	102.5748
group_13214	1020	18283	17.9245	125	74.1929	62	73.5994
group_13215	420	3146	7.4905	23	33.1536	11	31.7122
group_13216	2460	35394	14.3878	239	58.8187	119	58.5726
group_19218	300	300	1.0000	2	4.0361	1	4.0361
yciV	819	33405	40.7875	229	169.2794	114	168.5402
group_13222	1290	3178	2.4636	22	10.3249	11	10.3249
tktA2	912	23969	26.2818	166	110.1960	83	110.1960
group_13223	183	0	0.0000	0	0.0000	0	0.0000
group_13224	1332	7112	5.3393	48	21.8167	24	21.8167
group_13226	123	0	0.0000	0	0.0000	0	0.0000
group_13227	393	2265	5.7634	15	23.1074	7	21.5669
group_19219	234	616	2.6325	5	12.9362	2	10.3490
group_13230	177	0	0.0000	0	0.0000	0	0.0000
group_13231	3060	15136	4.9464	89	17.6084	44	17.4106
mnmC	912	38728	42.4649	260	172.5961	130	172.5961
group_13235	792	151	0.1907	1	0.7644	0	0.0000
group_13234	726	10428	14.3636	73	60.8750	36	60.0411
group_13237	4788	15792	3.2982	60	7.5866	30	7.5866
eutM	858	41476	48.3403	283	199.6879	141	198.9823
group_13240	309	2043	6.6117	15	29.3890	7	27.4298
group_13242	213	301	1.4131	2	5.6846	1	5.6846
group_13244	3789	13926	3.6754	97	15.4989	48	15.3391
group_13245	3186	59218	18.5869	395	75.0592	197	74.8692
group_13246	795	36194	45.5270	246	187.3357	123	187.3357
group_13249	1320	54834	41.5409	370	169.6994	185	169.6994
group_13251	2388	60039	25.1420	372	94.3107	186	94.3107
group_13254	849	604	0.7114	4	2.8524	2	2.8524
group_13255	1152	32940	28.5938	222	116.6683	111	116.6683
group_13256	540	287	0.5315	2	2.2423	1	2.2423
group_13257	156	146	0.9359	1	3.8809	0	0.0000
group_13258	993	34112	34.3525	229	139.6172	114	139.0075
group_13259	399	13503	33.8421	94	142.6289	47	142.6289
group_13260	423	8565	20.2482	61	87.3056	30	85.8743
group_19220	1953	356	0.1823	2	0.6200	1	0.6200
group_13263	525	4764	9.0743	32	36.9014	16	36.9014
group_13264	3948	5997	1.5190	40	6.1339	20	6.1339
group_13265	1008	26983	26.7688	182	109.3109	91	109.3109
group_13270	327	8149	24.9205	59	109.2337	29	107.3823
group_13271	1521	151	0.0993	1	0.3980	0	0.0000
group_13272	1653	1812	1.0962	12	4.3950	6	4.3950
group_13274	672	6456	9.6071	44	39.6402	22	39.6402
alr2454	318	11830	37.2013	83	158.0169	41	156.1131
group_13280	912	453	0.4967	3	1.9915	1	1.3277
group_13278	1044	5274	5.0517	35	20.2965	17	19.7166
group_13279	1386	5349	3.8593	36	15.7250	18	15.7250
group_13281	1689	4496	2.6619	30	10.7534	15	10.7534
group_13283	720	0	0.0000	0	0.0000	0	0.0000
group_13284	1560	8950	5.7372	61	23.6732	30	23.2852
group_13286	291	553	1.9003	4	8.3218	2	8.3218
group_13288	1068	12858	12.0393	85	48.1837	42	47.6168
group_13291	1320	755	0.5720	5	2.2932	2	1.8346
group_13293	966	30144	31.2050	203	127.2247	101	126.5980
group_13297	1569	3163	2.0159	21	8.1031	10	7.7172
group_13302	273	0	0.0000	0	0.0000	0	0.0000
group_13301	414	10135	24.4807	72	105.2894	36	105.2894
group_13304	1410	0	0.0000	0	0.0000	0	0.0000
group_19221	894	1434	1.6040	10	6.7720	5	6.7720
group_13306	1350	66506	49.2637	450	201.8047	225	201.8047
group_13307	249	755	3.0321	5	12.1569	2	9.7255
group_13308	222	0	0.0000	0	0.0000	0	0.0000
group_13309	348	802	2.3046	6	10.4382	3	10.4382
group_13311	615	221	0.3593	2	1.9688	1	1.9688
group_13313	5208	18727	3.5958	95	11.0435	47	10.9272
group_13316	3063	73578	24.0215	494	97.6411	247	97.6411
group_13319	264	2560	9.6970	17	38.9850	8	36.6918
group_19222	1182	235	0.1988	2	1.0244	1	1.0244
group_13322	1317	5134	3.8983	34	15.6295	17	15.6295
group_13323	699	3107	4.4449	21	18.1884	10	17.3223
group_13324	480	3361	7.0021	23	29.0094	11	27.7481
group_13327	453	6490	14.3267	46	61.4769	23	61.4769
group_13328	1044	13798	13.2165	92	53.3507	46	53.3507
group_13329	339	536	1.5811	4	7.1435	2	7.1435
group_13331	7110	42099	5.9211	249	21.2023	124	21.1171
group_13332	267	275	1.0300	3	6.8024	1	4.5349
group_15004	1032	2517	2.4390	17	9.9729	8	9.3863
group_13335	480	7760	16.1667	53	66.8478	26	65.5865
group_13337	1029	26894	26.1361	176	103.5499	88	103.5499
group_13339	306	1017	3.3235	8	15.8278	4	15.8278
group_13340	534	2150	4.0262	14	15.8723	7	15.8723
group_13345	3579	26512	7.4077	176	29.7717	88	29.7717
yraN	420	8563	20.3881	65	93.6950	32	92.2536
group_13354	1203	18974	15.7722	129	64.9197	64	64.4165
group_13355	288	0	0.0000	0	0.0000	0	0.0000
group_13357	1464	0	0.0000	0	0.0000	0	0.0000
group_13359	207	0	0.0000	0	0.0000	0	0.0000
group_13363	486	4280	8.8066	30	37.3712	15	37.3712
group_13367	1350	9346	6.9230	63	28.2527	31	27.8042
group_13368	936	4780	5.1068	34	21.9915	17	21.9915
group_13369	6600	85591	12.9683	302	27.7023	151	27.7023
group_13371	438	8969	20.4772	61	84.3157	30	82.9334
group_13372	4383	13991	3.1921	97	13.3984	48	13.2603
group_13373	5325	23025	4.3239	133	15.1211	66	15.0074
group_13374	606	2513	4.1469	18	17.9826	9	17.9826
tnpISMae39~~~tnpIS30	996	8778	8.8133	59	35.8629	29	35.2550
group_13379	945	0	0.0000	0	0.0000	0	0.0000
group_13383	948	0	0.0000	0	0.0000	0	0.0000
group_13380	363	0	0.0000	0	0.0000	0	0.0000
group_13381	684	8931	13.0570	44	38.9448	22	38.9448
group_13384	1044	40639	38.9262	270	156.5726	135	156.5726
group_13385	1389	11746	8.4564	78	33.9973	39	33.9973
group_13386	630	2289	3.6333	16	15.3756	8	15.3756
group_13388	975	4370	4.4821	29	18.0072	14	17.3863
group_13389	792	0	0.0000	0	0.0000	0	0.0000
group_13390	498	3421	6.8695	24	29.1766	12	29.1766
group_13391	735	0	0.0000	0	0.0000	0	0.0000
group_13394	939	0	0.0000	0	0.0000	0	0.0000
group_13393	549	151	0.2750	1	1.1028	0	0.0000
group_13395	849	0	0.0000	0	0.0000	0	0.0000
group_13397	534	25359	47.4888	180	204.0722	90	204.0722
group_13399	1197	151	0.1261	1	0.5058	0	0.0000
group_13400	849	4768	5.6160	31	22.1058	15	21.3927
group_13402	270	151	0.5593	1	2.2423	0	0.0000
group_13403	195	0	0.0000	0	0.0000	0	0.0000
group_13405	1497	11563	7.7241	78	31.5446	39	31.5446
group_13407	999	151	0.1512	1	0.6060	0	0.0000
nrdB	1068	39996	37.4494	269	152.4873	134	151.9204
group_13409	195	0	0.0000	0	0.0000	0	0.0000
group_13413	483	1208	2.5010	8	10.0276	4	10.0276
group_13414	933	292	0.3130	2	1.2978	1	1.2978
group_13415	1044	28214	27.0249	189	109.6008	94	109.0209
group_13416	504	604	1.1984	4	4.8049	2	4.8049
group_13419	1674	14975	8.9456	101	36.5274	50	36.1657
group_13422	2580	106593	41.3151	744	174.5845	372	174.5845
lipB	669	29983	44.8176	210	190.0403	105	190.0403
group_13427	591	8859	14.9898	59	60.4390	29	59.4146
group_13429	1266	6024	4.7583	40	19.1284	20	19.1284
group_13430	873	11969	13.7102	84	58.2529	42	58.2529
group_13432	420	2410	5.7381	18	25.9463	9	25.9463
group_13435	309	151	0.4887	1	1.9593	0	0.0000
group_13436	372	10513	28.2608	74	120.4318	37	120.4318
group_13437	408	11006	26.9755	79	117.2248	39	115.7409
group_13438	1191	12946	10.8699	85	43.2076	42	42.6992
group_13439	1215	66670	54.8724	451	224.7257	225	224.2275
group_13441	1155	453	0.3922	3	1.5725	1	1.0483
group_13442	384	151	0.3932	1	1.5766	0	0.0000
group_13444	1116	2568	2.3011	18	9.7647	9	9.7647
group_13445	171	0	0.0000	0	0.0000	0	0.0000
group_13446	348	755	2.1695	5	8.6985	2	6.9588
group_13448	1218	880	0.7225	6	2.9823	3	2.9823
group_13450	558	3530	6.3262	32	34.7191	16	34.7191
group_13452	240	2225	9.2708	17	42.8835	8	40.3609
group_13453	216	454	2.1019	3	8.4085	1	5.6057
group_13455	1209	26469	21.8933	177	88.6338	88	88.1331
group_13458	786	3977	5.0598	27	20.7967	13	20.0264
group_13460	606	13140	21.6832	92	91.9111	46	91.9111
group_13461	849	19091	22.4865	132	94.1280	66	94.1280
glmS	2019	111479	55.2150	746	223.6944	373	223.6944
group_13463	246	0	0.0000	0	0.0000	0	0.0000
group_13465	540	16039	29.7019	112	125.5674	56	125.5674
group_13470	702	2416	3.4416	16	13.7986	8	13.7986
group_13468	210	594	2.8286	4	11.5317	2	11.5317
group_13469	288	1356	4.7083	11	23.1235	5	21.0213
group_13471	390	0	0.0000	0	0.0000	0	0.0000
group_13477	234	2748	11.7436	20	51.7448	10	51.7448
group_13478	354	0	0.0000	0	0.0000	0	0.0000
group_13480	234	0	0.0000	0	0.0000	0	0.0000
group_13481	318	5461	17.1730	37	70.4413	18	68.5374
group_13482	675	38458	56.9748	261	234.0935	130	233.1966
group_13484	246	201	0.8171	2	4.9221	1	4.9221
group_13486	624	865	1.3862	6	5.8213	3	5.8213
group_13487	300	3264	10.8800	23	46.4151	11	44.3970
group_13490	8976	137473	15.3156	507	34.1962	253	34.1287
group_13500	252	1102	4.3730	9	21.6219	4	19.2195
group_13501	534	0	0.0000	0	0.0000	0	0.0000
group_13504	850	3142	3.6965	21	14.9573	10	14.2450
group_13510	825	3763	4.5612	26	19.0797	13	19.0797
group_13512	693	3326	4.7994	23	20.0931	11	19.2195
group_13513	459	0	0.0000	0	0.0000	0	0.0000
group_13516	270	1110	4.1111	8	17.9382	4	17.9382
group_13518	141	0	0.0000	0	0.0000	0	0.0000
group_13519	660	0	0.0000	0	0.0000	0	0.0000
group_13522	186	0	0.0000	0	0.0000	0	0.0000
group_13523	588	6507	11.0663	46	47.3623	23	47.3623
group_13524	261	2748	10.5287	20	46.3919	10	46.3919
group_13526	1410	1057	0.7496	7	3.0056	3	2.5762
group_13527	1239	49086	39.6174	329	160.7597	164	160.2711
tnpISAzo13~~~tnpISMae28	513	895	1.7446	6	7.0809	3	7.0809
group_13528	1215	399179	328.5424	2659	1324.9351	1329	1324.4368
group_13529	240	451	1.8792	3	7.5677	1	5.0451
group_13533	1335	73757	55.2487	490	222.2119	245	222.2119
group_13537	786	4118	5.2392	28	21.5669	14	21.5669
group_13538	627	13031	20.7831	90	86.9015	45	86.9015
group_13541	1620	97801	60.3710	661	247.0239	330	246.6502
group_13544	1335	1612	1.2075	13	5.8954	6	5.4419
group_13545	1038	51608	49.7187	345	201.2215	172	200.6382
pqqC	1536	46182	30.0664	312	122.9747	156	122.9747
bisC	2313	62262	26.9183	423	110.7178	211	110.4560
group_13549	870	984	1.1310	7	4.8711	3	4.1753
group_13550	1008	8491	8.4236	58	34.8353	29	34.8353
group_13553	963	13209	13.7165	89	55.9521	44	55.3234
group_13554	1239	87327	70.4818	585	285.8493	292	285.3607
group_13556	285	0	0.0000	0	0.0000	0	0.0000
group_13557	1446	73090	50.5463	492	205.9915	246	205.9915
group_13558	858	302	0.3520	2	1.4112	1	1.4112
group_13560	324	2430	7.5000	17	31.7656	8	29.8970
group_13561	1044	902	0.8640	6	3.4794	3	3.4794
group_13562	828	25363	30.6316	169	123.5688	84	122.8376
group_13566	936	15657	16.7276	106	68.5619	53	68.5619
group_13567	1632	86621	53.0766	579	214.7885	289	214.4175
prmA	897	43262	48.2297	293	197.7551	146	197.0802
group_13571	1233	1675	1.3585	11	5.4011	5	4.9101
group_13574	504	788	1.5635	6	7.2073	3	7.2073
group_13575	1122	5225	4.6569	38	20.5042	19	20.5042
group_13577	432	1884	4.3611	14	19.6199	7	19.6199
group_13579	465	1929	4.1484	13	16.9256	6	15.6236
pTC1~~~terY	1338	53913	40.2937	362	163.7966	181	163.7966
group_13589	243	1500	6.1728	10	24.9142	5	24.9142
group_13590	1446	10547	7.2939	71	29.7264	35	29.3077
group_13591	2940	5089	1.7310	34	7.0014	17	7.0014
group_17172	3756	7881	2.0982	54	8.7040	27	8.7040
group_13594	1581	288	0.1822	2	0.7659	1	0.7659
group_15117	1500	17368	11.5787	117	47.2223	58	46.8187
group_13595	6231	8206	1.3170	46	4.4694	23	4.4694
group_13599	1746	3145	1.8013	16	5.5479	8	5.5479
group_19224	1080	90	0.0833	1	0.5606	0	0.0000
group_13600	1197	8734	7.2966	59	29.8408	29	29.3350
group_19225	534	5152	9.6479	36	40.8144	18	40.8144
group_13603	4107	56284	13.7044	378	55.7211	189	55.7211
group_13605	780	27376	35.0974	187	145.1442	93	144.3680
group_13608	1266	151	0.1193	1	0.4782	0	0.0000
group_13611	192	0	0.0000	0	0.0000	0	0.0000
group_13612	1680	5866	3.4917	43	15.4957	21	15.1354
group_13613	273	934	3.4212	8	17.7411	4	17.7411
group_13615	3828	92981	24.2897	510	80.6586	255	80.6586
group_13616	1197	49976	41.7510	326	164.8830	163	164.8830
group_13618	675	0	0.0000	0	0.0000	0	0.0000
group_13619	1011	23734	23.4758	156	93.4170	78	93.4170
group_13620	906	796	0.8786	6	4.0094	3	4.0094
tnpIS630~~~tnpISMae29	504	868	1.7222	6	7.2073	3	7.2073
group_13625	381	5908	15.5066	43	68.3276	21	66.7386
group_13626	966	30383	31.4524	207	129.7316	103	129.1049
group_13627	297	0	0.0000	0	0.0000	0	0.0000
group_13628	234	1049	4.4829	7	18.1107	3	15.5234
group_13629	630	2511	3.9857	15	14.4146	7	13.4536
group_13631	1191	18315	15.3778	124	63.0322	62	63.0322
group_13634	2229	10096	4.5294	70	19.0126	35	19.0126
group_13632	2619	15687	5.9897	106	24.5032	53	24.5032
group_13633	1197	18626	15.5606	125	63.2220	62	62.7163
group_13636	219	0	0.0000	0	0.0000	0	0.0000
group_13637	1278	1359	1.0634	9	4.2635	4	3.7898
group_13639	807	1590	1.9703	11	8.2522	5	7.5020
group_13646	246	755	3.0691	5	12.3052	2	9.8441
group_13648	492	2663	5.4126	18	22.1493	9	22.1493
group_13649	282	1699	6.0248	12	25.7623	6	25.7623
group_13650	1059	25351	23.9386	168	96.0430	84	96.0430
group_13651	5346	0	0.0000	0	0.0000	0	0.0000
group_13652	1215	19193	15.7967	128	63.7803	64	63.7803
group_13654	402	7265	18.0721	51	76.8063	25	75.3003
group_13655	1335	1510	1.1311	10	4.5349	5	4.5349
group_13658	996	29242	29.3594	196	119.1377	98	119.1377
group_13661	393	4587	11.6718	34	52.3768	17	52.3768
group_13664	1266	10621	8.3894	72	34.4311	36	34.4311
group_13665	1191	24301	20.4039	153	77.7736	76	77.2653
group_13666	4698	30183	6.4246	119	15.3351	59	15.2062
group_13667	765	77253	100.9843	519	410.7319	259	409.9405
group_13668	225	1208	5.3689	8	21.5258	4	21.5258
group_13670	1047	48017	45.8615	326	188.5053	163	188.5053
group_13672	339	252	0.7434	2	3.5718	1	3.5718
group_13675	393	987	2.5115	7	10.7835	3	9.2430
group_13674	864	8570	9.9190	58	40.6412	29	40.6412
group_13677	876	0	0.0000	0	0.0000	0	0.0000
group_13678	1002	23984	23.9361	159	96.0687	79	95.4645
group_19226	303	21349	70.4587	146	291.7177	73	291.7177
group_13680	795	0	0.0000	0	0.0000	0	0.0000
group_13682	1242	7100	5.7166	47	22.9102	23	22.4227
group_13683	225	143	0.6356	1	2.6907	0	0.0000
group_13686	246	0	0.0000	0	0.0000	0	0.0000
group_13688	1188	52514	44.2037	350	178.3627	175	178.3627
group_13690	879	20163	22.9386	134	92.2929	67	92.2929
group_13692	312	2524	8.0897	17	32.9873	8	31.0469
group_13694	699	11120	15.9084	79	68.4231	39	67.5569
group_13695	381	6850	17.9790	49	77.8617	24	76.2726
group_13696	1260	24122	19.1444	163	78.3194	81	77.8390
group_13700	369	151	0.4092	1	1.6407	0	0.0000
hicB~~~ycfA	330	2105	6.3788	17	31.1880	8	29.3534
group_13701	4020	16925	4.2102	113	17.0179	56	16.8673
group_13703	1239	7837	6.3253	52	25.4088	26	25.4088
group_13704	628	7647	12.1768	51	49.1658	25	48.2018
group_13705	1119	33076	29.5585	223	120.6500	111	120.1090
group_13707	792	303	0.3826	2	1.5288	1	1.5288
group_13709	294	8362	28.4422	59	121.4947	29	119.4354
group_13710	885	5837	6.5955	41	28.0474	20	27.3634
group_13715	267	279	1.0449	3	6.8024	1	4.5349
group_13716	2277	20980	9.2139	129	34.2988	64	34.0329
group_13717	465	274	0.5892	2	2.6039	1	2.6039
group_13718	2745	11500	4.1894	76	16.7619	38	16.7619
group_13719	1227	302	0.2461	2	0.9868	1	0.9868
group_13722	411	871	2.1192	6	8.8382	3	8.8382
apcE	2748	65245	23.7427	437	96.2758	218	96.0555
group_13724	207	1229	5.9372	9	26.3224	4	23.3976
group_13725	333	3372	10.1261	26	47.2696	13	47.2696
group_13727	1731	44057	25.4518	302	105.6240	151	105.6240
group_13728	276	682	2.4710	6	13.1612	3	13.1612
group_13729	243	240	0.9877	2	4.9828	1	4.9828
cysK~~~phoH	1125	53259	47.3413	367	197.4995	183	196.9614
group_13731	4434	39426	8.8917	261	35.6367	130	35.5002
group_13732	864	39745	46.0012	266	186.3891	133	186.3891
group_13734	2133	118331	55.4763	788	223.6598	394	223.6598
group_13735	990	11869	11.9889	79	48.3108	39	47.6993
group_13736	498	10773	21.6325	74	89.9611	37	89.9611
group_13737	987	608	0.6160	5	3.0669	2	2.4536
group_13738	285	1306	4.5825	10	21.2426	5	21.2426
group_13739	474	6173	13.0232	42	53.6443	21	53.6443
group_19227	192	0	0.0000	0	0.0000	0	0.0000
group_13743	948	4558	4.8080	30	19.1587	15	19.1587
yyaL	2268	114286	50.3907	763	203.6733	381	203.4063
group_13744	1245	38186	30.6715	256	124.4868	128	124.4868
group_13745	1257	48079	38.2490	318	153.1597	159	153.1597
group_13746	1731	57285	33.0936	359	125.5596	179	125.2099
group_13747	684	20981	30.6740	144	127.4556	72	127.4556
group_13750	1203	19401	16.1272	129	64.9197	64	64.4165
group_13751	240	1999	8.3292	15	37.8384	7	35.3158
group_13753	426	16487	38.7019	117	166.2757	58	164.8546
group_13757	2838	176394	62.1543	1178	251.2959	589	251.2959
group_13759	3009	111793	37.1529	707	142.2492	353	142.0480
group_13762	258	0	0.0000	0	0.0000	0	0.0000
group_13765	1305	3587	2.7487	27	12.5258	13	12.0619
group_13766	354	0	0.0000	0	0.0000	0	0.0000
murI	882	38725	43.9059	263	180.5260	131	179.8396
group_13770	369	7003	18.9783	51	83.6751	25	82.0344
group_13773	417	437	1.0480	3	4.3555	1	2.9037
group_13772	1473	38305	26.0048	258	106.0399	129	106.0399
group_19228	900	151	0.1678	1	0.6727	0	0.0000
gem1	1515	83630	55.2013	562	224.5827	281	224.5827
group_13777	1923	102543	53.3245	699	220.0647	349	219.7499
group_13778	1185	47895	40.4177	321	163.9983	160	163.4874
group_13779	1236	29107	23.5494	196	96.0042	98	96.0042
group_13782	1977	3527	1.7840	23	7.0433	11	6.7370
group_13788	273	88	0.3223	1	2.2176	0	0.0000
group_13789	912	6478	7.1031	44	29.2086	22	29.2086
group_13790	1953	453	0.2320	3	0.9300	1	0.6200
group_13793	177	572	3.2316	4	13.6817	2	13.6817
group_13794	156	0	0.0000	0	0.0000	0	0.0000
group_13796	1239	36853	29.7441	246	120.2033	123	120.2033
group_13797	5124	174738	34.1019	1106	130.6768	553	130.6768
group_13799	3819	25496	6.6761	77	12.2066	38	12.0480
group_13800	255	0	0.0000	0	0.0000	0	0.0000
group_13801	1239	0	0.0000	0	0.0000	0	0.0000
group_13802	549	22237	40.5046	155	170.9275	77	169.8247
group_13805	816	3080	3.7745	22	16.3224	11	16.3224
group_13804	270	3348	12.4000	24	53.8146	12	53.8146
group_13813	1485	53817	36.2404	365	148.8055	182	148.3978
group_13815	615	11015	17.9106	74	72.8466	37	72.8466
group_13816	543	0	0.0000	0	0.0000	0	0.0000
group_13817	621	5553	8.9420	38	37.0463	19	37.0463
group_13821	879	6259	7.1206	37	25.4839	18	24.7951
group_13822	720	45106	62.6472	303	254.7784	151	253.9376
group_13825	1098	16496	15.0237	116	63.9600	58	63.9600
group_13826	1506	151	0.1003	1	0.4020	0	0.0000
group_13827	990	8196	8.2788	55	33.6341	27	33.0226
group_13828	738	2540	3.4417	18	14.7662	9	14.7662
group_13830	648	5674	8.7562	40	37.3712	20	37.3712
group_13831	1362	74057	54.3737	500	222.2519	250	222.2519
group_13835	588	10224	17.3878	73	75.1620	36	74.1323
group_19229	681	2701	3.9662	18	16.0021	9	16.0021
group_13840	1848	10293	5.5698	69	22.6047	34	22.2771
group_13842	1224	20134	16.4493	136	67.2682	68	67.2682
group_13845	1224	8170	6.6748	55	27.2041	27	26.7094
group_13847	990	150	0.1515	1	0.6115	0	0.0000
group_13852	1269	28055	22.1080	187	89.2139	93	88.7368
group_13854	1497	11699	7.8150	79	31.9490	39	31.5446
group_13858	828	3537	4.2717	25	18.2794	12	17.5482
group_13860	1188	14224	11.9731	96	48.9224	48	48.9224
group_13862	495	5547	11.2061	38	46.4762	19	46.4762
group_13865	483	6833	14.1470	47	58.9119	23	57.6585
group_13867	1674	18404	10.9940	128	46.2921	64	46.2921
group_13868	753	28671	38.0757	195	156.7805	97	155.9765
group_13872	549	19561	35.6302	134	147.7696	67	147.7696
group_13873	1185	8957	7.5586	61	31.1648	30	30.6539
group_13874	525	3989	7.5981	29	33.4419	14	32.2888
group_13875	1245	1510	1.2129	10	4.8628	5	4.8628
group_13876	1659	92188	55.5684	615	224.4302	307	224.0653
group_13878	1188	42198	35.5202	280	142.6902	140	142.6902
group_13879	576	17783	30.8733	121	127.1790	60	126.1279
group_13881	480	151	0.3146	1	1.2613	0	0.0000
group_13882	270	748	2.7704	6	13.4536	3	13.4536
group_13884	300	817	2.7233	6	12.1083	3	12.1083
group_13885	1188	24139	20.3190	165	84.0853	82	83.5757
group_13888	1914	4227	2.2085	28	8.8566	14	8.8566
group_13890	783	8349	10.6628	51	39.4331	25	38.6599
group_13891	804	3209	3.9913	22	16.5661	11	16.5661
group_13892	1183	14399	12.1716	97	49.6409	48	49.1291
group_13893	333	151	0.4535	1	1.8181	0	0.0000
group_13894	360	0	0.0000	0	0.0000	0	0.0000
group_13895	825	2478	3.0036	17	12.4752	8	11.7414
group_19230	477	299	0.6268	2	2.5384	1	2.5384
group_13901	1104	70721	64.0589	476	261.0300	238	261.0300
group_13903	468	0	0.0000	0	0.0000	0	0.0000
group_13904	552	12231	22.1576	86	94.3218	43	94.3218
group_13905	216	819	3.7917	6	16.8171	3	16.8171
group_13906	372	1413	3.7984	11	17.9020	5	16.2746
group_13908	1047	6478	6.1872	43	24.8642	21	24.2860
group_13909	180	1316	7.3111	9	30.2707	4	26.9073
group_13910	438	2829	6.4589	21	29.0267	10	27.6445
group_13911	471	11806	25.0658	80	102.8304	40	102.8304
yecT	468	8946	19.1154	62	80.2044	31	80.2044
group_13913	1062	49980	47.0621	338	192.6836	169	192.6836
menC	975	55876	57.3087	377	234.0935	188	233.4725
group_13914	1206	0	0.0000	0	0.0000	0	0.0000
group_13915	1053	37392	35.5100	250	143.7355	125	143.7355
group_13916	8193	9081	1.1084	58	4.2859	29	4.2859
group_13917	426	1246	2.9249	8	11.3693	4	11.3693
group_13919	318	0	0.0000	0	0.0000	0	0.0000
group_13921	1128	37847	33.5523	258	138.4724	129	138.4724
group_13923	1329	302	0.2272	2	0.9111	1	0.9111
group_13924	1485	4752	3.2000	32	13.0460	16	13.0460
group_19231	849	453	0.5336	3	2.1393	1	1.4262
group_13926	1218	10277	8.4376	70	34.7939	35	34.7939
group_13927	4185	26162	6.2514	175	25.3160	87	25.1713
group_13928	525	8642	16.4610	61	70.3434	30	69.1902
group_13929	756	12147	16.0675	83	66.4674	41	65.6666
group_13930	438	4460	10.1826	32	44.2312	16	44.2312
group_13931	450	1481	3.2911	10	13.4536	5	13.4536
group_13932	1143	16817	14.7130	113	59.8528	56	59.3232
group_13937	1080	13137	12.1639	87	48.7695	43	48.2089
group_13938	897	49036	54.6667	337	227.4521	168	226.7772
group_13939	3474	94241	27.1275	629	109.6159	314	109.4416
group_13941	1389	71758	51.6616	485	211.3937	242	210.9578
group_13942	1059	5608	5.2956	37	21.1523	18	20.5807
group_13943	681	3556	5.2217	24	21.3362	12	21.3362
group_13944	276	500	1.8116	4	8.7741	2	8.7741
group_13945	387	5315	13.7339	38	59.4463	19	59.4463
group_13946	606	6007	9.9125	42	41.9594	21	41.9594
trpA	810	39716	49.0321	273	204.0470	136	203.2996
group_13948	513	302	0.5887	2	2.3603	1	2.3603
group_13949	10146	38253	3.7703	226	13.4855	113	13.4855
group_13951	1563	79992	51.1785	542	209.9389	271	209.9389
dnaG	1974	125829	63.7432	800	245.3553	400	245.3553
group_13953	597	3178	5.3233	21	21.2960	10	20.2819
group_13955	1293	62178	48.0882	421	197.1225	210	196.6542
group_19232	135	0	0.0000	0	0.0000	0	0.0000
group_13957	1410	36216	25.6851	241	103.4786	120	103.0492
group_13959	198	1365	6.8939	9	27.5188	4	24.4612
srso17~~~tnpIS701	1269	906	0.7139	6	2.8625	3	2.8625
group_13960	387	4536	11.7209	32	50.0601	16	50.0601
tnpIS110	780	0	0.0000	0	0.0000	0	0.0000
group_13962	1227	604	0.4923	4	1.9736	2	1.9736
group_13964	1470	1636	1.1129	11	4.5303	5	4.1185
group_13965	1737	131325	75.6045	867	302.1843	433	301.8357
group_13968	975	604	0.6195	4	2.4838	2	2.4838
group_13969	1197	2108	1.7611	14	7.0809	7	7.0809
group_13972	1188	29288	24.6532	197	100.3927	98	99.8831
group_13973	2235	58169	26.0264	391	105.9136	195	105.6427
group_13974	588	604	1.0272	4	4.1185	2	4.1185
group_13976	297	3729	12.5556	27	55.0376	13	52.9992
adhP	1110	57466	51.7712	387	211.0768	193	210.5314
group_19235	534	5535	10.3652	38	43.0819	19	43.0819
group_13978	1251	60705	48.5252	412	199.3850	206	199.3850
group_13979	675	13981	20.7126	95	85.2064	47	84.3095
group_13980	837	36840	44.0143	246	177.9353	123	177.9353
group_13982	300	5890	19.6333	44	88.7941	22	88.7941
group_13983	5379	1812	0.3369	12	1.3506	6	1.3506
group_13984	321	6320	19.6885	45	84.8711	22	82.9851
group_13985	2157	40087	18.5846	267	74.9400	133	74.6593
group_13987	2235	138246	61.8550	926	250.8338	463	250.8338
group_13988	147	383	2.6054	3	12.3554	1	8.2369
group_13989	3123	24227	7.7576	161	31.2109	80	31.0171
group_13990	918	42802	46.6253	297	195.8693	148	195.2098
group_13991	7722	28694	3.7159	195	15.2882	97	15.2098
group_13993	1248	15186	12.1683	102	49.4810	51	49.4810
group_13994	4251	10319	2.4274	68	9.6843	34	9.6843
group_13996	5532	22234	4.0192	102	11.1627	51	11.1627
group_13997	684	7736	11.3099	53	46.9107	26	46.0256
group_13998	987	0	0.0000	0	0.0000	0	0.0000
group_13999	1605	3788	2.3601	20	7.5441	10	7.5441
sucD	888	43947	49.4899	297	202.4865	148	201.8047
group_14000	780	54939	70.4346	377	292.6168	188	291.8407
tolC	1536	75588	49.2109	508	200.2281	254	200.2281
group_14003	1272	49487	38.9049	321	152.7814	160	152.3054
group_14004	900	151	0.1678	1	0.6727	0	0.0000
group_14005	309	564	1.8252	4	7.8371	2	7.8371
group_14008	1287	73261	56.9239	491	230.9700	245	230.4995
group_14009	1254	34355	27.3963	228	110.0753	114	110.0753
group_14010	1179	52891	44.8609	353	181.2648	176	180.7513
group_14012	1224	48173	39.3570	321	158.7728	160	158.2782
group_14013	447	2504	5.6018	17	23.0247	8	21.6703
group_14014	1461	86030	58.8843	584	241.9999	292	241.9999
group_14015	822	46179	56.1788	311	229.0557	155	228.3192
group_14016	852	10819	12.6984	74	52.5829	37	52.5829
group_14017	342	4501	13.1608	36	63.7278	18	63.7278
group_14018	294	1337	4.5476	9	18.5331	4	16.4739
group_14020	537	0	0.0000	0	0.0000	0	0.0000
group_14025	1083	1206	1.1136	8	4.4721	4	4.4721
group_14029	489	4783	9.7812	32	39.6181	16	39.6181
group_14030	222	590	2.6577	4	10.9084	2	10.9084
group_14032	1044	75968	72.7663	509	295.1684	254	294.5885
group_14034	1017	17746	17.4494	120	71.4353	60	71.4353
group_14036	2877	107244	37.2763	715	150.4592	357	150.2488
group_14037	1263	34936	27.6611	234	112.1670	117	112.1670
group_14038	3069	181085	59.0046	1214	239.4828	607	239.4828
group_14040	294	1153	3.9218	8	16.4739	4	16.4739
group_14042	1080	50595	46.8472	343	192.2750	171	191.7145
group_14043	3813	44723	11.7291	297	47.1566	148	46.9978
group_14044	1596	46097	28.8828	351	133.1456	175	132.7663
group_14046	402	9623	23.9378	67	100.9024	33	99.3963
group_14048	159	0	0.0000	0	0.0000	0	0.0000
group_14049	1434	7706	5.3738	35	14.7765	17	14.3543
group_14053	3456	0	0.0000	0	0.0000	0	0.0000
group_14054	1329	47489	35.7329	322	146.6842	161	146.6842
group_14055	1191	63225	53.0856	419	212.9878	209	212.4795
racX	756	22153	29.3029	152	121.7235	76	121.7235
group_14058	330	0	0.0000	0	0.0000	0	0.0000
trmL	477	18754	39.3166	144	182.7665	72	182.7665
group_14061	594	25595	43.0892	178	181.4204	89	181.4204
group_14062	945	15401	16.2974	105	67.2682	52	66.6276
group_14063	141	0	0.0000	0	0.0000	0	0.0000
group_14064	1290	0	0.0000	0	0.0000	0	0.0000
group_14065	786	4100	5.2163	27	20.7967	13	20.0264
group_14068	228	0	0.0000	0	0.0000	0	0.0000
dnaX	3255	197785	60.7634	1030	191.5750	515	191.5750
group_14074	564	9591	17.0053	65	69.7729	32	68.6995
group_14073	859	27337	31.8242	185	130.3860	92	129.6813
chrA	1158	61042	52.7133	418	218.5346	209	218.5346
group_14075	513	2869	5.5926	19	22.4227	9	21.2426
group_14078	381	5419	14.2231	39	61.9715	19	60.3825
group_14079	276	2464	8.9275	19	41.6771	9	39.4835
group_14080	1665	35736	21.4631	242	87.9941	121	87.9941
group_14081	435	6985	16.0575	52	72.3713	26	72.3713
group_14083	453	1057	2.3333	7	9.3552	3	8.0187
group_14084	633	7845	12.3934	55	52.6031	27	51.6467
group_19236	480	5933	12.3604	41	51.7125	20	50.4512
group_14087	1323	446	0.3371	3	1.3728	1	0.9152
group_14090	588	18622	31.6701	125	128.7020	62	127.6724
group_14091	1155	60969	52.7870	407	213.3364	203	212.8122
group_14092	3810	44385	11.6496	296	47.0348	148	47.0348
group_14094	348	1359	3.9052	9	15.6573	4	13.9176
group_14096	375	6181	16.4827	47	75.8786	23	74.2641
group_14097	981	2567	2.6167	17	10.4914	8	9.8742
group_14099	1434	63412	44.2204	423	178.5845	211	178.1623
group_14100	960	0	0.0000	0	0.0000	0	0.0000
group_14102	909	32154	35.3729	220	146.5249	110	146.5249
group_14105	834	6847	8.2098	46	33.3921	23	33.3921
group_14106	870	3626	4.1678	25	17.3970	12	16.7011
group_14107	2832	14638	5.1688	96	20.5225	48	20.5225
group_14108	1506	3285	2.1813	24	9.6480	12	9.6480
group_14110	2157	51643	23.9420	341	95.7099	170	95.4292
group_19238	900	0	0.0000	0	0.0000	0	0.0000
group_14111	351	6669	19.0000	47	81.0668	23	79.3420
group_14114	402	1357	3.3756	10	15.0601	5	15.0601
group_14118	243	219	0.9012	2	4.9828	1	4.9828
group_14116	702	3925	5.5912	27	23.2852	13	22.4227
group_14117	117	0	0.0000	0	0.0000	0	0.0000
group_14119	555	0	0.0000	0	0.0000	0	0.0000
group_14122	1152	1661	1.4418	11	5.7809	5	5.2553
group_14123	1083	57187	52.8042	392	219.1342	196	219.1342
group_14124	1266	71800	56.7141	484	231.4537	242	231.4537
group_14127	240	0	0.0000	0	0.0000	0	0.0000
group_14128	534	1767	3.3090	12	13.6048	6	13.6048
group_14126	249	0	0.0000	0	0.0000	0	0.0000
group_14129	1155	0	0.0000	0	0.0000	0	0.0000
group_14131	3138	35626	11.3531	238	45.9173	119	45.9173
group_14132	615	1208	1.9642	8	7.8753	4	7.8753
group_14134	308	3706	12.0325	27	53.0720	13	51.1064
group_14135	238	602	2.5294	4	10.1750	2	10.1750
group_14136	441	1152	2.6122	8	10.9826	4	10.9826
hyaD	537	23240	43.2775	161	181.5115	80	180.3841
modB	1845	57016	30.9030	378	124.0361	189	124.0361
group_14137	987	0	0.0000	0	0.0000	0	0.0000
group_14141	1689	70647	41.8277	476	170.6200	238	170.6200
group_14142	501	0	0.0000	0	0.0000	0	0.0000
group_14143	786	1241	1.5789	9	6.9322	4	6.1620
group_14144	612	2769	4.5245	20	19.7848	10	19.7848
group_14145	882	20871	23.6633	140	96.0975	70	96.0975
group_14148	417	8982	21.5396	67	97.2728	33	95.8209
group_19239	966	302	0.3126	2	1.2534	1	1.2534
group_14150	105	0	0.0000	0	0.0000	0	0.0000
group_14151	309	2163	7.0000	15	29.3890	7	27.4298
group_14153	1728	24029	13.9057	163	57.1079	81	56.7576
group_14155	372	1071	2.8790	8	13.0197	4	13.0197
group_14156	528	4757	9.0095	33	37.8384	16	36.6918
group_14157	342	151	0.4415	1	1.7702	0	0.0000
group_14162	321	1093	3.4050	8	15.0882	4	15.0882
group_14163	1227	0	0.0000	0	0.0000	0	0.0000
group_14164	1128	21375	18.9495	144	77.2869	72	77.2869
group_14167	435	0	0.0000	0	0.0000	0	0.0000
group_14168	354	2560	7.2316	17	29.0736	8	27.3634
group_14174	663	10067	15.1840	69	63.0069	34	62.0938
group_14171	1314	63684	48.4658	424	195.3543	212	195.3543
group_14172	978	302	0.3088	2	1.2381	1	1.2381
group_14173	696	20259	29.1078	135	117.4295	67	116.5596
group_14176	498	9746	19.5703	65	79.0199	32	77.8042
group_14177	900	8030	8.9222	54	36.3248	27	36.3248
group_14180	861	0	0.0000	0	0.0000	0	0.0000
group_14181	1017	5863	5.7650	40	23.8118	20	23.8118
group_14184	10926	89580	8.1988	542	30.0324	271	30.0324
group_14185	474	3788	7.9916	25	31.9311	12	30.6539
group_14187	246	1508	6.1301	10	24.6103	5	24.6103
group_14189	288	990	3.4375	7	14.7149	3	12.6128
group_19240	1194	9891	8.2839	67	33.9721	33	33.4651
group_14195	264	7773	29.4432	58	133.0076	29	133.0076
group_14197	225	1246	5.5378	10	26.9073	5	26.9073
group_19165	1269	0	0.0000	0	0.0000	0	0.0000
group_14199	783	5803	7.4112	39	30.1547	19	29.3815
ftsI	1863	96622	51.8637	652	211.8787	326	211.8787
group_14203	411	1625	3.9538	12	17.6763	6	17.6763
group_14204	1410	2559	1.8149	17	7.2993	8	6.8699
group_14205	585	0	0.0000	0	0.0000	0	0.0000
group_14206	246	0	0.0000	0	0.0000	0	0.0000
group_14207	1524	151	0.0991	1	0.3973	0	0.0000
group_14208	1719	4539	2.6405	31	10.9179	15	10.5657
group_14210	1014	3424	3.3767	24	14.3293	12	14.3293
group_14212	249	151	0.6064	1	2.4314	0	0.0000
group_14214	1377	3219	2.3377	22	9.6726	11	9.6726
group_14215	267	1288	4.8240	9	20.4072	4	18.1397
group_14216	699	31270	44.7353	215	186.2146	107	185.3485
group_14218	342	2300	6.7251	16	28.3235	8	28.3235
pro0498	579	22185	38.3161	153	159.9799	76	158.9343
group_14220	444	2647	5.9617	18	24.5438	9	24.5438
group_14225	780	20012	25.6564	138	107.1117	69	107.1117
group_14223	225	0	0.0000	0	0.0000	0	0.0000
group_14224	1395	14968	10.7297	102	44.2668	51	44.2668
group_14228	219	0	0.0000	0	0.0000	0	0.0000
group_14229	6912	9757	1.4116	71	6.2188	35	6.1312
group_14230	315	898	2.8508	6	11.5317	3	11.5317
group_14231	501	11355	22.6647	79	95.4645	39	94.2561
group_14232	903	46458	51.4485	315	211.1910	157	210.5205
group_14233	450	5785	12.8556	39	52.4692	19	51.1239
group_14234	792	12749	16.0972	87	66.5038	43	65.7394
group_14236	318	1246	3.9182	10	19.0382	5	19.0382
group_14237	489	6252	12.7853	42	51.9988	21	51.9988
group_14238	930	13497	14.5129	91	59.2394	45	58.5885
group_14239	4446	32319	7.2692	167	22.7405	83	22.6043
group_14240	129	0	0.0000	0	0.0000	0	0.0000
group_14241	1050	28119	26.7800	191	110.1277	95	109.5511
group_14244	558	21865	39.1846	151	163.8307	75	162.7457
group_14243	1215	11008	9.0601	74	36.8730	37	36.8730
group_14245	2916	12469	4.2761	88	18.2704	44	18.2704
group_14247	171	0	0.0000	0	0.0000	0	0.0000
group_14248	867	74033	85.3899	502	350.5397	251	350.5397
group_14249	885	7161	8.0915	48	32.8360	24	32.8360
group_14250	486	0	0.0000	0	0.0000	0	0.0000
group_14251	2772	0	0.0000	0	0.0000	0	0.0000
group_14252	1023	0	0.0000	0	0.0000	0	0.0000
group_14253	1002	1510	1.5070	10	6.0421	5	6.0421
group_14254	417	1784	4.2782	12	17.4220	6	17.4220
group_14255	1254	46349	36.9609	310	149.6638	155	149.6638
group_14258	336	0	0.0000	0	0.0000	0	0.0000
group_14259	1197	1648	1.3768	11	5.5635	5	5.0578
group_14261	339	446	1.3156	3	5.3576	1	3.5718
group_14263	477	4401	9.2264	30	38.0764	15	38.0764
group_14267	438	3707	8.4635	27	37.3200	13	35.9378
group_14265	414	1647	3.9783	12	17.5482	6	17.5482
group_14266	1176	28577	24.3002	193	99.3579	96	98.8431
group_14268	2226	50194	22.5490	337	91.6552	168	91.3833
group_14269	762	40387	53.0013	280	222.4619	140	222.4619
group_14272	447	604	1.3512	4	5.4176	2	5.4176
group_14273	1755	28077	15.9983	189	65.1984	94	64.8535
group_14274	6687	13051	1.9517	60	5.4322	30	5.4322
group_14275	858	2072	2.4149	14	9.8786	7	9.8786
group_14276	663	0	0.0000	0	0.0000	0	0.0000
group_14277	1044	105072	100.6437	708	410.5682	354	410.5682
group_14279	513	13756	26.8148	96	113.2939	48	113.2939
group_14281	2766	68416	24.7346	364	79.6713	182	79.6713
group_14282	1656	51384	31.0290	348	127.2247	174	127.2247
group_14283	267	1278	4.7865	10	22.6747	5	22.6747
group_14284	435	2089	4.8023	15	20.8763	7	19.4846
group_14285	666	151	0.2267	1	0.9090	0	0.0000
group_14286	396	904	2.2828	6	9.1729	3	9.1729
group_14287	366	151	0.4126	1	1.6541	0	0.0000
group_14288	987	8045	8.1510	54	33.1230	27	33.1230
group_14290	240	2385	9.9375	18	45.4061	9	45.4061
group_14291	219	925	4.2237	7	19.3511	3	16.5867
group_14292	1845	21503	11.6547	144	47.2518	72	47.2518
lpxD	1080	52068	48.2111	350	196.1990	175	196.1990
group_14296	2517	47554	18.8931	316	76.0075	158	76.0075
ispH	1266	66558	52.5735	448	214.2382	224	214.2382
group_14297	1839	755	0.4105	5	1.6460	2	1.3168
nadA	1077	50506	46.8951	335	188.3136	167	187.7515
group_14298	1107	2092	1.8898	14	7.6565	7	7.6565
group_14299	5079	1667	0.3282	11	1.3112	5	1.1920
group_14302	1077	34635	32.1588	234	131.5384	117	131.5384
group_14304	987	0	0.0000	0	0.0000	0	0.0000
group_14306	2298	39498	17.1880	267	70.3418	133	70.0784
group_14307	4140	96502	23.3097	557	81.4531	278	81.3068
group_14309	2028	10433	5.1445	70	20.8969	35	20.8969
group_14310	1242	151	0.1216	1	0.4875	0	0.0000
group_14311	1107	16426	14.8383	115	62.8931	57	62.3462
group_14312	687	1318	1.9185	9	7.9312	4	7.0499
group_17459	1269	0	0.0000	0	0.0000	0	0.0000
group_14314	450	151	0.3356	1	1.3454	0	0.0000
group_14316	207	1209	5.8406	9	26.3224	4	23.3976
group_14319	273	1347	4.9341	9	19.9587	4	17.7411
group_14320	1407	65279	46.3959	442	190.1870	221	190.1870
group_14321	231	0	0.0000	0	0.0000	0	0.0000
group_14322	1197	58305	48.7093	386	195.2296	193	195.2296
group_14323	675	17464	25.8726	117	104.9384	58	104.0415
group_14324	2016	6580	3.2639	44	13.2134	22	13.2134
group_14326	498	5445	10.9337	37	44.9806	18	43.7649
group_14329	2163	2757	1.2746	19	5.3180	9	5.0381
group_14330	1269	302	0.2380	2	0.9542	1	0.9542
group_14332	243	3987	16.4074	31	77.2339	15	74.7425
group_14333	1287	40768	31.6768	272	127.9508	136	127.9508
group_14336	918	302	0.3290	2	1.3190	1	1.3190
group_14338	483	11864	24.5631	79	99.0222	39	97.7687
group_14339	738	1818	2.4634	12	9.8441	6	9.8441
group_14340	402	755	1.8781	5	7.5300	2	6.0240
ndhD1	1593	94922	59.5869	642	243.9899	321	243.9899
citB~~~gerE	282	2564	9.0922	18	38.6435	9	38.6435
group_14343	4224	2869	0.6792	19	2.7232	9	2.5799
group_19243	315	166	0.5270	2	3.8439	1	3.8439
group_14344	876	0	0.0000	0	0.0000	0	0.0000
group_14347	954	3473	3.6405	23	14.5959	11	13.9613
group_14348	2187	4978	2.2762	33	9.1352	16	8.8584
group_14349	1044	1020	0.9770	7	4.0593	3	3.4794
group_14350	1508	1777	1.1784	12	4.8176	6	4.8176
group_14351	477	8162	17.1111	52	65.9990	26	65.9990
group_14353	792	38812	49.0051	265	202.5691	132	201.8047
group_14354	1443	9362	6.4879	64	26.8514	32	26.8514
group_14355	381	4760	12.4934	32	50.8484	16	50.8484
group_14356	963	298	0.3094	2	1.2574	1	1.2574
group_14357	264	602	2.2803	4	9.1729	2	9.1729
group_14359	1449	51402	35.4741	343	143.3106	171	142.8928
group_19245	276	2255	8.1703	15	32.9029	7	30.7094
group_19246	153	148	0.9673	1	3.9570	0	0.0000
grxD	324	12937	39.9290	92	171.9077	46	171.9077
group_14360	282	6178	21.9078	44	94.4618	22	94.4618
group_14361	1152	9969	8.6536	67	35.2107	33	34.6852
group_14363	900	906	1.0067	6	4.0361	3	4.0361
group_14365	714	906	1.2689	6	5.0875	3	5.0875
group_14366	3063	4861	1.5870	34	6.7202	17	6.7202
group_14367	747	28401	38.0201	195	158.0398	97	157.2294
group_14373	735	8717	11.8599	58	47.7742	29	47.7742
group_14374	420	5697	13.5643	41	59.1000	20	57.6585
group_14371	654	5458	8.3456	38	35.1770	19	35.1770
group_14372	312	0	0.0000	0	0.0000	0	0.0000
group_19247	318	0	0.0000	0	0.0000	0	0.0000
group_14376	1071	28345	26.4659	182	102.8808	91	102.8808
group_14379	189	0	0.0000	0	0.0000	0	0.0000
tnpISMae36~~~tnpISL3	1215	73074	60.1432	487	242.6639	243	242.1656
group_14382	333	3412	10.2462	26	47.2696	13	47.2696
group_14385	450	3173	7.0511	21	28.2527	10	26.9073
group_14387	1449	27768	19.1636	188	78.5492	94	78.5492
group_14388	540	12390	22.9444	90	100.9024	45	100.9024
group_14389	1098	302	0.2750	2	1.1028	1	1.1028
group_14390	252	1165	4.6230	8	19.2195	4	19.2195
group_14391	624	3744	6.0000	25	24.2554	12	23.2852
nrfG	1212	66255	54.6658	448	223.7834	224	223.7834
group_14392	1977	12716	6.4320	88	26.9481	44	26.9481
group_14393	1590	23865	15.0094	156	59.3991	78	59.3991
group_14394	237	625	2.6371	5	12.7724	2	10.2180
group_14396	276	0	0.0000	0	0.0000	0	0.0000
group_14398	1098	63090	57.4590	430	237.0930	215	237.0930
group_14399	192	0	0.0000	0	0.0000	0	0.0000
group_14403	1470	755	0.5136	5	2.0592	2	1.6474
group_14402	192	0	0.0000	0	0.0000	0	0.0000
group_14404	1119	21519	19.2306	151	81.6957	75	81.1547
group_14405	2259	62952	27.8672	409	109.6124	204	109.3444
group_14406	972	22298	22.9403	149	92.8053	74	92.1824
group_14407	675	40788	60.4267	280	251.1347	140	251.1347
group_14408	1659	42015	25.3255	281	102.5445	140	102.1796
group_14410	3762	14005	3.7228	96	15.4492	48	15.4492
group_14411	2409	8484	3.5218	57	14.3249	28	14.0736
group_14414	627	919	1.4657	7	6.7590	3	5.7934
group_19248	735	235	0.3197	2	1.6474	1	1.6474
group_14416	873	6537	7.4880	44	30.5134	22	30.5134
group_14419	426	453	1.0634	3	4.2635	1	2.8423
group_14423	222	0	0.0000	0	0.0000	0	0.0000
group_14421	1395	74104	53.1211	501	217.4283	250	216.9943
group_14422	1224	7166	5.8546	48	23.7417	24	23.7417
group_14426	282	7147	25.3440	51	109.4898	25	107.3429
group_14427	1692	26993	15.9533	181	64.7636	90	64.4058
group_14430	201	302	1.5025	2	6.0240	1	6.0240
group_14431	3684	5256	1.4267	36	5.9161	18	5.9161
group_14432	456	4651	10.1996	32	42.4852	16	42.4852
group_14433	675	1928	2.8563	13	11.6598	6	10.7629
tnpISMae18~~~tnpISKra4	210	1801	8.5762	12	34.5951	6	34.5951
group_19249	1746	302	0.1730	2	0.6935	1	0.6935
group_14435	468	5397	11.5321	36	46.5703	18	46.5703
group_19250	285	0	0.0000	0	0.0000	0	0.0000
group_14438	1278	69985	54.7613	470	222.6484	235	222.6484
group_14439	351	151	0.4302	1	1.7248	0	0.0000
group_14440	2151	67700	31.4737	456	128.3444	228	128.3444
group_14441	1305	20480	15.6935	139	64.4847	69	64.0208
group_14443	861	302	0.3508	2	1.4063	1	1.4063
group_14444	1617	2228	1.3779	15	5.6161	7	5.2417
group_14446	1578	12106	7.6717	83	31.8437	41	31.4600
group_14447	375	0	0.0000	0	0.0000	0	0.0000
group_14448	291	508	1.7457	4	8.3218	2	8.3218
group_14449	771	8432	10.9364	59	46.3287	29	45.5435
group_19251	897	0	0.0000	0	0.0000	0	0.0000
group_14451	681	3775	5.5433	25	22.2252	12	21.3362
group_14453	399	0	0.0000	0	0.0000	0	0.0000
group_14455	1197	4310	3.6007	29	14.6675	14	14.1617
group_19252	156	0	0.0000	0	0.0000	0	0.0000
cysQ	882	46818	53.0816	322	221.0242	161	221.0242
group_14457	414	1851	4.4710	14	20.4729	7	20.4729
group_14458	213	755	3.5446	5	14.2116	2	11.3693
group_14459	174	246	1.4138	2	6.9588	1	6.9588
group_14465	5535	604	0.1091	4	0.4375	2	0.4375
tar	2679	138406	51.6633	922	208.3583	461	208.3583
cheW	594	18962	31.9226	134	136.5749	67	136.5749
group_14468	453	4953	10.9338	34	45.4395	17	45.4395
group_14470	4473	114987	25.7069	766	103.6770	383	103.6770
group_14472	3303	8715	2.6385	54	9.8978	27	9.8978
group_14476	1197	5914	4.9407	40	20.2310	20	20.2310
group_14477	891	9002	10.1033	59	40.0892	29	39.4097
group_14482	2331	0	0.0000	0	0.0000	0	0.0000
group_14480	1167	1963	1.6821	13	6.7441	6	6.2253
group_14481	1431	45842	32.0349	306	129.4596	153	129.4596
group_14483	291	752	2.5842	5	10.4023	2	8.3218
group_14484	513	4733	9.2261	34	40.1249	17	40.1249
group_14485	999	7775	7.7828	52	31.5130	26	31.5130
group_14488	5739	59945	10.4452	404	42.6185	202	42.6185
group_14489	2529	42832	16.9363	278	66.5501	139	66.5501
group_19253	1335	602	0.4509	4	1.8140	2	1.8140
group_14490	411	0	0.0000	0	0.0000	0	0.0000
group_14491	1689	75586	44.7519	508	182.0902	254	182.0902
group_14493	1746	0	0.0000	0	0.0000	0	0.0000
group_14494	567	125	0.2205	1	1.0677	0	0.0000
group_14496	744	33020	44.3817	226	183.9027	113	183.9027
group_14498	1578	32970	20.8935	222	85.1723	111	85.1723
group_14499	438	16760	38.2648	121	167.2491	60	165.8669
group_14500	1329	0	0.0000	0	0.0000	0	0.0000
group_14501	696	32333	46.4555	225	195.7158	112	194.8459
thyA	1539	81295	52.8233	541	212.8194	270	212.4260
group_14502	270	1563	5.7889	10	22.4227	5	22.4227
group_14503	2751	8541	3.1047	57	12.5440	28	12.3240
group_14505	408	2410	5.9069	16	23.7417	8	23.7417
group_14506	402	3358	8.3532	23	34.6381	11	33.1321
sIMPL	813	34352	42.2534	235	174.9967	117	174.2520
priA	2595	150367	57.9449	1012	236.0998	506	236.0998
group_14507	1224	7739	6.3227	52	25.7202	26	25.7202
tnpISMae6	1497	7097	4.7408	47	19.0077	23	18.6032
group_14508	912	6474	7.0987	44	29.2086	22	29.2086
group_14509	1776	17833	10.0411	121	41.2472	60	40.9064
group_14510	987	11694	11.8480	81	49.6844	40	49.0711
group_14511	900	0	0.0000	0	0.0000	0	0.0000
group_14512	1077	9790	9.0901	66	37.1006	33	37.1006
group_14514	183	446	2.4372	3	9.9248	1	6.6165
group_14515	1260	51731	41.0563	350	168.1706	175	168.1706
group_14516	1308	3128	2.3914	21	9.7200	10	9.2571
group_14517	4623	12521	2.7084	83	10.8694	41	10.7385
group_14519	1122	75714	67.4813	505	272.4903	252	271.9507
group_14520	1902	28373	14.9175	190	60.4778	95	60.4778
group_14521	1473	84215	57.1724	569	233.8633	284	233.4523
group_14522	315	4309	13.6794	32	61.5024	16	61.5024
group_14523	438	7442	16.9909	51	70.4934	25	69.1112
group_14526	385	13957	36.2519	98	154.1054	49	154.1054
group_14528	759	6887	9.0738	47	37.4894	23	36.6918
group_14530	141	0	0.0000	0	0.0000	0	0.0000
group_14531	270	2378	8.8074	17	38.1187	8	35.8764
group_14532	522	14088	26.9885	99	114.8199	49	113.6601
group_14533	390	4101	10.5154	28	43.4656	14	43.4656
group_14535	2871	14867	5.1783	100	21.0872	50	21.0872
group_19254	1218	151	0.1240	1	0.4971	0	0.0000
group_14537	843	151	0.1791	1	0.7182	0	0.0000
group_14542	1083	12666	11.6953	86	48.0754	43	48.0754
group_14543	7122	33778	4.7428	226	19.2114	113	19.2114
group_14545	288	4196	14.5694	37	77.7789	18	75.6768
group_14546	297	6278	21.1380	48	97.8447	24	97.8447
group_14547	432	27260	63.1019	202	283.0872	101	283.0872
group_14548	1452	80353	55.3395	536	223.4862	268	223.4862
group_14552	1551	36788	23.7189	250	97.5845	125	97.5845
group_14553	243	4862	20.0082	33	82.2167	16	79.7253
group_16763	900	0	0.0000	0	0.0000	0	0.0000
group_14554	252	252	1.0000	2	4.8049	1	4.8049
group_14555	468	574	1.2265	5	6.4681	2	5.1745
group_14556	3159	107725	34.1010	672	128.7871	336	128.7871
group_14557	225	151	0.6711	1	2.6907	0	0.0000
group_14560	210	1808	8.6095	12	34.5951	6	34.5951
group_14564	1824	46832	25.6754	315	104.5534	157	104.2215
group_14566	3303	97404	29.4896	647	118.5901	323	118.4068
group_14567	741	29527	39.8475	198	161.7706	99	161.7706
yjbI	1353	66418	49.0894	451	201.8047	225	201.3572
group_3	504	380	0.7540	3	3.6037	1	2.4024
group_4	303	1265	4.1749	9	17.9826	4	15.9845
group_19256	195	302	1.5487	2	6.2094	1	6.2094
group_8	444	2847	6.4122	19	25.9074	9	24.5438
tnpISMae21	850	151	0.1776	1	0.7123	0	0.0000
tnpIS1634	1659	1811	1.0916	12	4.3791	6	4.3791
pA5055	315	4225	13.4127	29	55.7365	14	53.8146
group_9	399	2274	5.6992	16	24.2773	8	24.2773
group_13	1695	5257	3.1015	35	12.5012	17	12.1440
group_14	1059	19772	18.6704	137	78.3208	68	77.7491
group_19257	3678	758	0.2061	6	0.9876	3	0.9876
group_15	3978	25634	6.4439	170	25.8724	85	25.8724
group_16	732	9292	12.6940	63	52.1053	31	51.2782
group_18	18003	383014	21.2750	2291	77.0429	1145	77.0093
group_19	273	2347	8.5971	19	42.1350	9	39.9174
group_22	1461	1456	0.9966	10	4.1438	5	4.1438
group_23	1125	7505	6.6711	50	26.9073	25	26.9073
dnaE	1410	75303	53.4064	513	220.2677	256	219.8383
group_26	603	9123	15.1294	65	65.2602	32	64.2562
group_25	2025	62180	30.7062	392	117.1962	196	117.1962
group_27	732	1322	1.8060	9	7.4436	4	6.6165
group_29	807	57834	71.6654	392	294.0797	196	294.0797
group_30	1524	68156	44.7218	456	181.1475	228	181.1475
group_31	291	31019	106.5945	220	457.7014	110	457.7014
group_32	663	0	0.0000	0	0.0000	0	0.0000
tnpISMae26	444	324	0.7297	3	4.0906	1	2.7271
group_35	405	6009	14.8370	41	61.2888	20	59.7940
tnpISNCY	1335	257389	192.8007	1739	788.6256	869	788.1721
group_37	675	5859	8.6800	41	36.7733	20	35.8764
rpnC	870	34657	39.8356	235	163.5314	117	162.8355
group_39	1107	39593	35.7660	265	144.9275	132	144.3806
group_40	855	39946	46.7205	271	191.8915	135	191.1834
group_41	483	17869	36.9959	124	155.4272	62	155.4272
ompR	366	13500	36.8852	98	162.1054	49	162.1054
cax	1110	3362	3.0288	23	12.5446	11	11.9992
group_42	1437	45953	31.9784	305	128.4978	152	128.0765
group_18643	2991	46505	15.5483	309	62.5453	154	62.3429
uma2	795	7808	9.8214	53	40.3609	26	39.5994
group_43	1023	64949	63.4888	433	256.2506	216	255.6588
group_44	3447	73860	21.4273	495	86.9394	247	86.7637
group_46	1173	8910	7.5959	59	30.4513	29	29.9352
group_48	225	408	1.8133	3	8.0722	1	5.3815
group_51	486	699	1.4383	5	6.2285	2	4.9828
tmk	693	29807	43.0115	202	176.4699	101	176.4699
group_62	459	516	1.1242	4	5.2759	2	5.2759
group_55	570	0	0.0000	0	0.0000	0	0.0000
group_57	2418	57537	23.7953	385	96.3955	192	96.1452
group_58	996	11622	11.6687	83	50.4512	41	49.8433
tnpISMae39	987	271	0.2746	2	1.2268	1	1.2268
group_60	474	4702	9.9198	32	40.8718	16	40.8718
tnpISMae27	1089	450	0.4132	3	1.6678	1	1.1119
group_19258	1329	0	0.0000	0	0.0000	0	0.0000
group_65	1533	151	0.0985	1	0.3949	0	0.0000
pilW	2676	28905	10.8016	171	38.6868	85	38.4605
group_17440	303	302	0.9967	2	3.9961	1	3.9961
lpxC	1005	20723	20.6199	136	81.9267	68	81.9267
group_69	957	0	0.0000	0	0.0000	0	0.0000
group_70	294	4140	14.0816	31	63.8362	15	61.7770
group_71	261	2801	10.7318	20	46.3919	10	46.3919
bamA	2205	123032	55.7968	825	226.5155	412	226.2409
cheA	987	57402	58.1581	393	241.0616	196	240.4482
group_73	1203	42593	35.4057	292	146.9501	146	146.9501
group_75	222	149	0.6712	1	2.7271	0	0.0000
group_77	837	4385	5.2389	29	20.9761	14	20.2528
group_81	1593	12743	7.9994	92	34.9643	46	34.9643
group_82	279	494	1.7706	4	8.6798	2	8.6798
tnpIS630~~~tnpISMae26	951	52619	55.3302	355	225.9958	177	225.3592
group_83	453	1354	2.9890	10	13.3646	5	13.3646
group_84	759	1407	1.8538	10	7.9765	5	7.9765
group_85	405	0	0.0000	0	0.0000	0	0.0000
hipB	411	2197	5.3455	15	22.0954	7	20.6224
group_86	507	906	1.7870	6	7.1647	3	7.1647
group_89	1854	7399	3.9908	49	16.0007	24	15.6742
group_90	690	31984	46.3536	226	198.2951	113	198.2951
tnpIS1	411	2505	6.0949	17	25.0415	8	23.5684
group_91	210	453	2.1571	3	8.6488	1	5.7658
group_92	468	5844	12.4872	42	54.3320	21	54.3320
group_93	1770	30551	17.2605	205	70.1186	102	69.7765
group_96	978	1205	1.2321	8	4.9523	4	4.9523
purH	1536	39413	25.6595	263	103.6614	131	103.2673
group_98	285	0	0.0000	0	0.0000	0	0.0000
rdgB	645	12865	19.9457	88	82.5991	44	82.5991
group_102	288	0	0.0000	0	0.0000	0	0.0000
group_103	15645	27615	1.7651	185	7.1589	92	7.1202
group_105	321	813	2.5327	6	11.3162	3	11.3162
group_106	726	997	1.3733	7	5.8373	3	5.0034
group_107	981	4674	4.7645	31	19.1313	15	18.5142
group_109	537	0	0.0000	0	0.0000	0	0.0000
group_110	1800	4828	2.6822	33	11.0993	16	10.7629
group_112	405	1293	3.1926	9	13.4536	4	11.9588
group_114	264	5247	19.8750	38	87.1429	19	87.1429
cDA1	1998	29836	14.9329	199	60.2990	99	59.9960
yhhI	570	9822	17.2316	68	72.2248	34	72.2248
group_116	978	246	0.2515	2	1.2381	1	1.2381
group_117	1494	604	0.4043	4	1.6209	2	1.6209
group_119	153	0	0.0000	0	0.0000	0	0.0000
group_121	708	302	0.4266	2	1.7102	1	1.7102
insQ	1230	8334	6.7756	56	27.5636	28	27.5636
tnpIS5	900	604	0.6711	4	2.6907	2	2.6907
group_123	594	19240	32.3906	122	124.3443	61	124.3443
group_124	3150	13816	4.3860	93	17.8741	46	17.6819
group_126	228	904	3.9649	6	15.9320	3	15.9320
group_129	396	3316	8.3737	23	35.1629	11	33.6341
group_131	699	26584	38.0315	180	155.9006	90	155.9006
group_132	726	186	0.2562	2	1.6678	1	1.6678
lpd	1494	43485	29.1064	291	117.9220	145	117.5168
hisIE	726	23935	32.9683	160	133.4246	80	133.4246
group_135	1488	604	0.4059	4	1.6275	2	1.6275
tnpISMae9	1485	0	0.0000	0	0.0000	0	0.0000
group_138	1224	65690	53.6683	440	217.6325	220	217.6325
group_139	1440	4093	2.8424	28	11.7719	14	11.7719
gumC	2337	13656	5.8434	91	23.5741	45	23.3150
group_140	585	9711	16.6000	66	68.3031	33	68.3031
group_141	1689	88294	52.2759	596	213.6334	298	213.6334
group_142	1362	26725	19.6219	181	80.4552	90	80.0107
ltrA	1761	6293	3.5735	42	14.4392	21	14.4392
group_145	195	0	0.0000	0	0.0000	0	0.0000
araJ	1731	28369	16.3888	190	66.4522	95	66.4522
group_147	237	569	2.4008	4	10.2180	2	10.2180
lipA	906	19390	21.4018	132	88.2060	66	88.2060
ycfA	387	464	1.1990	4	6.2575	2	6.2575
group_151	423	3131	7.4019	23	32.9185	11	31.4873
fxsT	3441	8420	2.4470	58	10.2046	29	10.2046
group_152	408	756	1.8529	5	7.4193	2	5.9354
group_19260	201	0	0.0000	0	0.0000	0	0.0000
group_159	990	1963	1.9828	13	7.9499	6	7.3384
group_156	879	20466	23.2833	137	94.3592	68	93.6704
group_157	792	8214	10.3712	58	44.3359	29	44.3359
group_158	822	1277	1.5535	9	6.6286	4	5.8921
wcaA	957	43689	45.6520	293	185.3567	146	184.7241
group_161	17910	14780	0.8252	92	3.1099	46	3.1099
group_164	609	14905	24.4745	103	102.3935	51	101.3994
group_165	366	151	0.4126	1	1.6541	0	0.0000
hicB	237	854	3.6034	7	17.8814	3	15.3269
group_167	1209	11017	9.1125	74	37.0560	37	37.0560
group_168	1239	14651	11.8249	99	48.3745	49	47.8859
hmpF	1650	79758	48.3382	535	196.3009	267	195.9340
yfmG	1956	7642	3.9070	40	12.3807	20	12.3807
group_173	348	0	0.0000	0	0.0000	0	0.0000
group_174	2205	302	0.1370	2	0.5491	1	0.5491
group_175	1278	79601	62.2856	543	257.2299	271	256.7562
group_176	246	0	0.0000	0	0.0000	0	0.0000
group_179	816	17792	21.8039	122	90.5153	61	90.5153
surE	813	7267	8.9385	51	37.9780	25	37.2333
group_181	450	884	1.9644	6	8.0722	3	8.0722
group_183	912	0	0.0000	0	0.0000	0	0.0000
group_184	801	2350	2.9338	16	12.0932	8	12.0932
tnpA	453	19917	43.9669	139	185.7672	69	184.4308
group_185	6255	23925	3.8249	159	15.3894	79	15.2926
group_186	645	111483	172.8419	766	718.9879	383	718.9879
nnr2	1776	101086	56.9178	674	229.7574	337	229.7574
group_187	1197	15866	13.2548	108	54.6238	54	54.6238
group_188	1044	27875	26.7002	187	108.4410	93	107.8611
group_189	237	2000	8.4388	14	35.7629	7	35.7629
group_190	444	422	0.9505	3	4.0906	1	2.7271
group_192	273	0	0.0000	0	0.0000	0	0.0000
group_197	540	22902	42.4111	157	176.0186	78	174.8974
group_198	354	655	1.8503	5	8.5510	2	6.8408
tnpIS607	594	13168	22.1684	88	89.6910	44	89.6910
group_200	237	0	0.0000	0	0.0000	0	0.0000
group_201	1713	3987	2.3275	29	10.2493	14	9.8959
group_202	318	3758	11.8176	27	51.4031	13	49.4993
group_203	456	19193	42.0899	138	183.2174	69	183.2174
group_207	486	572	1.1770	4	4.9828	2	4.9828
group_205	468	1156	2.4701	8	10.3490	4	10.3490
group_206	2910	41640	14.3093	278	57.8368	139	57.8368
group_208	1374	4579	3.3326	31	13.6593	15	13.2186
group_210	438	9099	20.7740	64	88.4623	32	88.4623
manC	378	18924	50.0635	139	222.6258	69	221.0242
tnpISKra4	908	2362	2.6013	18	12.0016	9	12.0016
group_213	1551	7667	4.9433	52	20.2976	26	20.2976
group_215	327	522	1.5963	4	7.4057	2	7.4057
group_216	381	2773	7.2782	12	19.0682	6	19.0682
group_217	678	33817	49.8776	228	203.5906	114	203.5906
group_223	255	2537	9.9490	21	49.8576	10	47.4835
group_221	357	5398	15.1204	38	64.4418	19	64.4418
group_224	282	0	0.0000	0	0.0000	0	0.0000
tnpISMae23~~~tnpIS630	1158	906	0.7824	6	3.1369	3	3.1369
group_226	1335	8571	6.4202	58	26.3026	29	26.3026
group_227	1287	65271	50.7156	436	205.0976	218	205.0976
group_228	1239	24853	20.0589	165	80.6242	82	80.1355
group_229	1293	3316	2.5646	22	10.3009	11	10.3009
group_230	882	547	0.6202	4	2.7456	2	2.7456
group_234	699	302	0.4320	2	1.7322	1	1.7322
group_4342	321	571	1.7788	4	7.5441	2	7.5441
group_231	474	1834	3.8692	13	16.6042	6	15.3269
group_232	222	512	2.3063	4	10.9084	2	10.9084
group_239	321	0	0.0000	0	0.0000	0	0.0000
group_235	963	8142	8.4548	53	33.3198	26	32.6911
group_237	396	529	1.3359	4	6.1153	2	6.1153
group_238	372	8549	22.9812	64	104.1573	32	104.1573
group_242	2760	18667	6.7634	127	27.8578	63	27.6385
group_243	1152	151	0.1311	1	0.5255	0	0.0000
group_245	3486	1785	0.5120	12	2.0840	6	2.0840
group_246	6567	9542	1.4530	49	4.5173	24	4.4251
cps2a	1878	80099	42.6512	535	172.4689	267	172.1465
group_247	390	755	1.9359	5	7.7617	2	6.2094
group_248	924	11256	12.1818	75	49.1408	37	48.4855
group_249	381	2048	5.3753	16	25.4242	8	25.4242
group_251	1125	17772	15.7973	124	66.7301	62	66.7301
group_252	3315	3850	1.1614	26	4.7483	13	4.7483
group_254	1227	61456	50.0864	426	210.1927	213	210.1927
rfaB	1263	17958	14.2185	119	57.0422	59	56.5628
group_256	345	0	0.0000	0	0.0000	0	0.0000
group_259	3237	146925	45.3892	986	184.4110	493	184.4110
group_260	996	16893	16.9608	116	70.5101	58	70.5101
group_19262	492	1728	3.5122	12	14.7662	6	14.7662
group_262	1464	2718	1.8566	18	7.4436	9	7.4436
group_263	4137	14289	3.4540	95	13.9024	47	13.7561
group_264	546	2978	5.4542	21	23.2852	10	22.1763
group_265	804	13941	17.3396	96	72.2883	48	72.2883
group_266	462	11271	24.3961	78	102.2128	39	102.2128
group_267	1587	44345	27.9427	298	113.6820	149	113.6820
ggt	1749	44678	25.5449	301	104.1908	150	103.8446
group_269	327	561	1.7156	5	9.2571	2	7.4057
group_271	1332	2759	2.0713	17	7.7268	8	7.2722
group_274	609	0	0.0000	0	0.0000	0	0.0000
group_273	391	27569	70.5090	190	294.1910	95	294.1910
dcm	1224	51545	42.1119	348	172.1275	174	172.1275
group_275	255	0	0.0000	0	0.0000	0	0.0000
group_14928	261	976	3.7395	7	16.2372	3	13.9176
group_276	1281	68257	53.2842	457	215.9830	228	215.5104
aarF	1680	75152	44.7333	504	181.6242	252	181.6242
group_278	387	6666	17.2248	47	73.5257	23	71.9614
group_279	1995	6321	3.1684	42	12.7456	21	12.7456
pspA	714	12893	18.0574	87	73.7689	43	72.9210
group_281	1611	13601	8.4426	91	34.1978	45	33.8220
group_282	876	9578	10.9338	63	43.5401	31	42.8489
scyF	1053	25613	24.3238	155	89.1160	77	88.5411
group_19263	606	302	0.4983	2	1.9981	1	1.9981
group_289	1383	49256	35.6153	335	146.6477	167	146.2099
group_298	453	0	0.0000	0	0.0000	0	0.0000
group_293	5664	1057	0.1866	7	0.7482	3	0.6413
group_295	1521	3397	2.2334	23	9.1548	11	8.7568
group_296	660	13442	20.3667	93	85.3084	46	84.3911
group_297	177	0	0.0000	0	0.0000	0	0.0000
group_299	834	4295	5.1499	29	21.0516	14	20.3257
group_300	445	453	1.0180	3	4.0814	1	2.7210
group_301	2922	50320	17.2211	334	69.2020	167	69.2020
group_302	897	1934	2.1561	13	8.7741	6	8.0992
group_303	1695	5679	3.3504	38	13.5727	19	13.5727
yddA	2064	118626	57.4738	793	232.6034	396	232.3101
group_304	1119	9926	8.8704	67	36.2491	33	35.7081
group_305	1401	4602	3.2848	32	13.8282	16	13.8282
group_306	1710	1963	1.1480	13	4.6026	6	4.2485
group_307	5145	24067	4.6777	135	15.8855	67	15.7678
group_308	456	887	1.9452	6	7.9660	3	7.9660
group_309	1122	151	0.1346	1	0.5396	0	0.0000
group_314	318	0	0.0000	0	0.0000	0	0.0000
ubiE	825	6868	8.3248	46	33.7564	23	33.7564
group_312	1335	29156	21.8397	193	87.5243	96	87.0708
yadH	903	48481	53.6888	324	217.2250	162	217.2250
group_313	1041	13786	13.2430	94	54.6676	47	54.6676
group_315	3063	156	0.0509	2	0.3953	1	0.3953
rsuA	717	35698	49.7880	237	200.1160	118	199.2716
group_318	576	8041	13.9601	56	58.8597	28	58.8597
group_320	1278	11170	8.7402	75	35.5290	37	35.0553
group_322	222	206	0.9279	4	10.9084	2	10.9084
ykfC~~~ltrA	1845	453	0.2455	3	0.9844	1	0.6563
group_325	249	1659	6.6627	12	29.1766	6	29.1766
group_327	267	833	3.1199	6	13.6048	3	13.6048
group_329	252	303	1.2024	3	7.2073	1	4.8049
group_330	1848	12066	6.5292	81	26.5360	40	26.2084
tnpB	1302	3411	2.6198	23	10.6947	11	10.2297
group_333	2343	11198	4.7793	75	19.3795	37	19.1211
group_334	627	6354	10.1340	43	41.5196	21	40.5541
group_19264	381	3767	9.8871	25	39.7253	12	38.1363
group_19082	2094	26118	12.4728	173	50.0175	86	49.7284
group_336	1233	34890	28.2968	230	112.9321	115	112.9321
group_340	1536	0	0.0000	0	0.0000	0	0.0000
group_342	867	2567	2.9608	17	11.8709	8	11.1726
group_341	768	11258	14.6589	77	60.6991	38	59.9108
group_19265	2073	14105	6.8041	95	27.7445	47	27.4524
group_344	783	16243	20.7446	109	84.2786	54	83.5054
group_19266	291	1504	5.1684	10	20.8046	5	20.8046
group_347	1302	11859	9.1083	81	37.6640	40	37.1990
group_349	288	1039	3.6076	9	18.9192	4	16.8171
group_19267	663	1287	1.9412	8	7.3051	4	7.3051
group_16595	1131	302	0.2670	2	1.0706	1	1.0706
group_350	414	800	1.9324	6	8.7741	3	8.7741
tnpISMae8~~~tnpISAs1	1122	1359	1.2112	9	4.8563	4	4.3167
group_352	1098	0	0.0000	0	0.0000	0	0.0000
group_353	228	1114	4.8860	10	26.5533	5	26.5533
group_354	1602	3424	2.1373	23	8.6920	11	8.3141
group_355	1524	23154	15.1929	158	62.7660	79	62.7660
group_356	387	0	0.0000	0	0.0000	0	0.0000
group_360	522	9761	18.6992	70	81.1858	35	81.1858
group_362	2352	44655	18.9860	302	77.7360	151	77.7360
group_363	1215	40610	33.4239	270	134.5365	135	134.5365
group_367	1887	2750	1.4573	19	6.0958	9	5.7750
yafQ	327	0	0.0000	0	0.0000	0	0.0000
group_370	1257	0	0.0000	0	0.0000	0	0.0000
tnpIS630	1044	0	0.0000	0	0.0000	0	0.0000
group_372	843	34470	40.8897	231	165.8964	115	165.1782
group_373	234	302	1.2906	2	5.1745	1	5.1745
group_374	289	446	1.5433	3	6.2846	1	4.1897
group_375	771	19387	25.1453	134	105.2211	67	105.2211
group_378	390	2339	5.9974	18	27.9422	9	27.9422
group_381	1239	1362	1.0993	9	4.3977	4	3.9091
group_382	264	0	0.0000	0	0.0000	0	0.0000
group_383	3219	12673	3.9369	84	15.7983	42	15.7983
group_385	123	0	0.0000	0	0.0000	0	0.0000
group_386	333	1258	3.7778	9	16.3625	4	14.5445
group_387	387	743	1.9199	5	7.8219	2	6.2575
group_19268	132	0	0.0000	0	0.0000	0	0.0000
group_388	231	453	1.9610	3	7.8625	1	5.2417
group_389	1185	36721	30.9882	246	125.6809	123	125.6809
group_391	516	17243	33.4167	117	137.2741	58	136.1008
group_392	498	812	1.6305	6	7.2941	3	7.2941
group_394	456	1057	2.3180	7	9.2936	3	7.9660
group_395	513	906	1.7661	6	7.0809	3	7.0809
group_396	231	1976	8.5541	14	36.6918	7	36.6918
group_397	936	8675	9.2682	55	35.5745	27	34.9277
group_398	1080	16719	15.4806	111	62.2231	55	61.6625
group_399	1410	1023	0.7255	7	3.0056	3	2.5762
group_400	732	588	0.8033	4	3.3083	2	3.3083
alaS	2694	123980	46.0208	825	185.3996	412	185.1749
group_401	201	0	0.0000	0	0.0000	0	0.0000
group_404	726	3020	4.1598	20	16.6781	10	16.6781
group_407	258	1057	4.0969	7	16.4260	3	14.0794
group_405	429	774	1.8042	6	8.4673	3	8.4673
group_406	897	443	0.4939	3	2.0248	1	1.3499
hmoA	345	8820	25.5652	67	117.5732	33	115.8184
group_411	1242	906	0.7295	6	2.9247	3	2.9247
group_412	378	2755	7.2884	20	32.0325	10	32.0325
gppA	1659	95214	57.3924	643	234.6482	321	234.2832
group_413	1365	69520	50.9304	471	208.9011	235	208.4576
group_414	1683	89477	53.1652	604	217.2728	302	217.2728
group_415	222	0	0.0000	0	0.0000	0	0.0000
group_416	1299	74917	57.6728	507	236.2933	253	235.8272
group_417	552	8426	15.2645	57	62.5156	28	61.4188
group_419	276	0	0.0000	0	0.0000	0	0.0000
group_420	279	6073	21.7670	41	88.9677	20	86.7977
group_421	999	1661	1.6627	11	6.6662	5	6.0602
group_423	750	0	0.0000	0	0.0000	0	0.0000
group_424	954	302	0.3166	2	1.2692	1	1.2692
group_429	327	1057	3.2324	7	12.9599	3	11.1085
group_427	1152	151	0.1311	1	0.5255	0	0.0000
group_428	303	151	0.4983	1	1.9981	0	0.0000
group_432	987	20771	21.0446	118	72.3798	59	72.3798
group_436	423	2817	6.6596	20	28.6248	10	28.6248
kdpB	2190	132513	60.5082	884	244.3772	442	244.3772
tnpIS1380	1347	0	0.0000	0	0.0000	0	0.0000
group_435	504	3530	7.0040	28	33.6341	14	33.6341
group_438	624	1819	2.9151	13	12.6128	6	11.6426
group_441	555	13326	24.0108	91	99.2661	45	98.1753
group_444	375	11815	31.5067	80	129.1550	40	129.1550
group_445	438	18352	41.8995	133	183.8358	66	182.4536
group_446	921	17661	19.1759	119	78.2240	59	77.5666
group_447	543	17544	32.3094	120	133.7932	60	133.7932
group_448	816	42960	52.6471	308	228.5142	154	228.5142
group_450	1389	37804	27.2167	212	92.4030	106	92.4030
fabG	798	2340	2.9323	16	12.1386	8	12.1386
group_452	171	1039	6.0760	8	28.3235	4	28.3235
group_17759	261	2668	10.2222	18	41.7527	9	41.7527
group_455	1203	53089	44.1305	353	177.6485	176	177.1453
group_459	198	0	0.0000	0	0.0000	0	0.0000
group_458	1065	48248	45.3033	326	185.3193	163	185.3193
yqxC	906	40567	44.7759	273	182.4261	136	181.7579
group_19270	258	431	1.6705	3	7.0397	1	4.6931
group_460	1236	1963	1.5882	13	6.3676	6	5.8778
group_461	195	567	2.9077	5	15.5234	2	12.4188
group_462	381	0	0.0000	0	0.0000	0	0.0000
group_464	1386	4729	3.4120	31	13.5410	15	13.1042
group_466	435	16499	37.9287	113	157.2685	56	155.8767
group_465	1383	12752	9.2205	84	36.7714	42	36.7714
group_467	225	489	2.1733	4	10.7629	2	10.7629
group_19271	138	0	0.0000	0	0.0000	0	0.0000
pcp	573	10834	18.9075	75	79.2427	37	78.1861
group_473	285	2881	10.1088	22	46.7337	11	46.7337
group_471	510	4190	8.2157	30	35.6126	15	35.6126
group_472	633	4298	6.7899	30	28.6926	15	28.6926
group_474	924	4270	4.6212	30	19.6563	15	19.6563
group_475	1230	7099	5.7715	47	23.1337	23	22.6415
group_478	1083	23172	21.3961	157	87.7655	78	87.2065
group_477	1545	7021	4.5443	48	18.8090	24	18.8090
group_479	324	1933	5.9660	13	24.2913	6	22.4227
group_480	1194	1060	0.8878	8	4.0564	4	4.0564
group_481	285	548	1.9228	5	10.6213	2	8.4970
group_483	3099	119713	38.6296	810	158.2399	405	158.2399
phyH	933	40146	43.0289	274	177.7958	137	177.7958
group_485	1182	25438	21.5212	173	88.6097	86	88.0975
group_486	1476	18006	12.1992	116	47.5800	58	47.5800
group_488	312	897	2.8750	6	11.6426	3	11.6426
group_19272	786	151	0.1921	1	0.7702	0	0.0000
group_489	1194	0	0.0000	0	0.0000	0	0.0000
group_490	378	10287	27.2143	71	113.7154	35	112.1137
group_491	1044	302	0.2893	2	1.1598	1	1.1598
tnpIS5~~~tnpISMae4	894	82949	92.7841	562	380.5847	281	380.5847
group_492	3525	131223	37.2264	875	150.2801	437	150.1084
group_493	195	0	0.0000	0	0.0000	0	0.0000
group_495	159	0	0.0000	0	0.0000	0	0.0000
fmt	978	45376	46.3967	311	192.5192	155	191.9002
kdpA	1746	55142	31.5819	372	128.9886	186	128.9886
group_497	450	2064	4.5867	14	18.8351	7	18.8351
group_498	1080	151	0.1398	1	0.5606	0	0.0000
pro0765	297	4827	16.2525	34	69.3067	17	69.3067
group_501	621	999	1.6087	7	6.8243	3	5.8494
group_4921	285	3090	10.8421	24	50.9822	12	50.9822
group_503	351	302	0.8604	2	3.4497	1	3.4497
group_506	204	302	1.4804	2	5.9354	1	5.9354
group_505	1284	44485	34.6456	295	139.0944	147	138.6229
group_507	987	1653	1.6748	12	7.3607	6	7.3607
group_508	1212	85577	70.6081	572	285.7235	286	285.7235
group_509	432	0	0.0000	0	0.0000	0	0.0000
group_510	975	10326	10.5908	71	44.0866	35	43.4656
group_511	789	12718	16.1191	88	67.5240	44	67.5240
copZ	441	3884	8.8073	26	35.6933	13	35.6933
polA	2871	160332	55.8454	1072	226.0550	536	226.0550
group_512	273	4807	17.6081	37	82.0525	18	79.8348
group_513	7629	19580	2.5665	122	9.6815	61	9.6815
group_514	453	9532	21.0419	67	89.5425	33	88.2060
group_515	885	1207	1.3638	8	5.4727	4	5.4727
group_516	1599	130	0.0813	2	0.7572	1	0.7572
cpdA	1056	52422	49.6420	352	201.8047	176	201.8047
group_517	2025	51276	25.3215	348	104.0415	174	104.0415
group_518	906	453	0.5000	3	2.0047	1	1.3365
group_519	351	4067	11.5869	28	48.2951	14	48.2951
group_520	1653	302	0.1827	2	0.7325	1	0.7325
group_521	1239	67832	54.7474	446	217.9295	223	217.9295
group_523	1551	24186	15.5938	161	62.8444	80	62.4541
group_524	240	2497	10.4042	18	45.4061	9	45.4061
group_525	987	21714	22.0000	145	88.9413	72	88.3279
group_526	438	10812	24.6849	74	102.2846	37	102.2846
group_527	450	7539	16.7533	56	75.3404	28	75.3404
group_530	1164	14490	12.4485	98	50.9713	49	50.9713
rutF	1731	21778	12.5812	147	51.4130	73	51.0632
group_532	489	0	0.0000	0	0.0000	0	0.0000
group_533	138	0	0.0000	0	0.0000	0	0.0000
group_535	453	1389	3.0662	10	13.3646	5	13.3646
tnpISMae23	1158	753	0.6503	5	2.6141	2	2.0912
group_536	1626	20647	12.6980	142	52.8713	71	52.8713
group_537	681	0	0.0000	0	0.0000	0	0.0000
group_538	1637	24102	14.7233	153	56.5842	76	56.2144
pgeF	858	34772	40.5268	236	166.5242	118	166.5242
parA	888	45285	50.9966	307	209.3042	153	208.6224
group_539	561	53409	95.2032	357	385.2635	178	384.1844
group_541	3348	20062	5.9922	134	24.2310	67	24.2310
group_542	1152	5329	4.6259	36	18.9192	18	18.9192
group_543	2013	10572	5.2519	72	21.6542	36	21.6542
group_545	234	0	0.0000	0	0.0000	0	0.0000
group_546	1194	1359	1.1382	9	4.5634	4	4.0564
group_547	219	1469	6.7078	10	27.6445	5	27.6445
tnpIS30~~~tnpISMae39	987	302	0.3060	2	1.2268	1	1.2268
group_548	420	1193	2.8405	9	12.9732	4	11.5317
tnpISMae21~~~tnpIS630	849	0	0.0000	0	0.0000	0	0.0000
group_551	273	6789	24.8681	46	102.0112	23	102.0112
group_552	960	9217	9.6010	62	39.0997	31	39.0997
group_553	879	14223	16.1809	93	64.0541	46	63.3653
group_554	255	151	0.5922	1	2.3742	0	0.0000
group_555	1797	10387	5.7802	62	20.8880	31	20.8880
mcrA~~~ltrA	1845	0	0.0000	0	0.0000	0	0.0000
group_557	540	7191	13.3167	50	56.0569	25	56.0569
group_558	636	4622	7.2673	31	29.5092	15	28.5573
group_559	3699	53405	14.4377	298	48.7736	149	48.7736
group_560	1065	12420	11.6620	85	48.3194	42	47.7510
group_561	1050	453	0.4314	3	1.7298	1	1.1532
group_562	807	8353	10.3507	57	42.7616	28	42.0114
group_563	669	11495	17.1824	78	70.5864	39	70.5864
group_564	1341	6495	4.8434	44	19.8644	22	19.8644
rri1	510	9651	18.9235	66	78.3477	33	78.3477
group_565	1062	20542	19.3427	140	79.8098	70	79.8098
group_566	375	1130	3.0133	8	12.9155	4	12.9155
melB	1701	69193	40.6778	467	166.2130	233	165.8571
group_569	411	2927	7.1217	22	32.4066	11	32.4066
group_19273	243	151	0.6214	1	2.4914	0	0.0000
group_571	678	1973	2.9100	14	12.5012	7	12.5012
xerD	588	5347	9.0935	37	38.0958	18	37.0662
group_574	432	8301	19.2153	57	79.8810	28	78.4796
group_575	426	0	0.0000	0	0.0000	0	0.0000
group_576	2292	52821	23.0458	240	63.3941	120	63.3941
group_578	705	2621	3.7177	19	16.3161	9	15.4574
group_580	4008	6859	1.7113	46	6.9484	23	6.9484
group_19275	1236	740	0.5987	5	2.4491	2	1.9593
group_582	1644	5241	3.1880	35	12.8890	17	12.5207
group_583	1227	5354	4.3635	36	17.7628	18	17.7628
group_587	1194	13356	11.1859	92	46.6483	46	46.6483
group_590	321	6874	21.4143	46	86.7572	23	86.7572
group_591	510	8858	17.3686	64	75.9735	32	75.9735
group_593	696	10484	15.0632	71	61.7592	35	60.8894
group_594	240	1178	4.9083	9	22.7030	4	20.1805
group_596	1110	53053	47.7955	360	196.3505	180	196.3505
group_19276	126	0	0.0000	0	0.0000	0	0.0000
group_19277	552	0	0.0000	0	0.0000	0	0.0000
group_601	252	170	0.6746	2	4.8049	1	4.8049
group_604	378	4997	13.2196	36	57.6585	18	57.6585
group_605	177	0	0.0000	0	0.0000	0	0.0000
group_606	807	34327	42.5366	236	177.0480	118	177.0480
group_607	394	4449	11.2919	30	46.0975	15	46.0975
group_608	1228	12614	10.2720	85	41.9057	42	41.4127
group_5233	285	277	0.9719	2	4.2485	1	4.2485
group_611	369	8069	21.8672	58	95.1599	29	95.1599
group_612	264	7887	29.8750	55	126.1279	27	123.8347
group_613	2679	22411	8.3654	150	33.8978	75	33.8978
group_614	1224	58810	48.0474	392	193.8908	196	193.8908
group_615	1203	8346	6.9377	57	28.6855	28	28.1822
group_617	1200	0	0.0000	0	0.0000	0	0.0000
group_621	987	151	0.1530	1	0.6134	0	0.0000
group_5246	573	9494	16.5689	65	68.6770	32	67.6204
group_623	1044	369	0.3534	3	1.7397	1	1.1598
group_625	900	151	0.1678	1	0.6727	0	0.0000
group_627	318	1501	4.7201	10	19.0382	5	19.0382
group_629	1152	151	0.1311	1	0.5255	0	0.0000
group_632	306	603	1.9706	4	7.9139	2	7.9139
group_630	1431	46696	32.6317	307	129.8827	153	129.4596
group_633	426	400	0.9390	3	4.2635	1	2.8423
group_634	858	0	0.0000	0	0.0000	0	0.0000
group_636	1110	365	0.3288	3	1.6363	1	1.0908
group_637	393	2231	5.6768	18	27.7289	9	27.7289
group_638	1836	28306	15.4172	188	61.9923	94	61.9923
group_639	1026	55862	54.4464	379	223.6374	189	223.0473
group_642	225	92	0.4089	2	5.3815	1	5.3815
group_643	405	974	2.4049	7	10.4639	3	8.9691
group_645	2229	299	0.1341	2	0.5432	1	0.5432
group_646	579	1739	3.0035	12	12.5474	6	12.5474
group_648	1935	1202	0.6212	8	2.5030	4	2.5030
group_649	696	1359	1.9526	9	7.8286	4	6.9588
group_654	1152	453	0.3932	3	1.5766	1	1.0511
group_652	1302	33951	26.0760	231	107.4122	115	106.9472
group_656	321	3099	9.6542	23	43.3786	11	41.4926
group_657	1008	1026	1.0179	7	4.2043	3	3.6037
group_658	510	5977	11.7196	40	47.4835	20	47.4835
group_659	666	6445	9.6772	41	37.2702	20	36.3612
group_660	405	1648	4.0691	11	16.4433	5	14.9485
speB	936	14544	15.5385	100	64.6810	50	64.6810
group_662	255	4810	18.8627	33	78.3477	16	75.9735
group_663	2958	34975	11.8239	235	48.0975	117	47.8928
yuxK	561	22022	39.2549	158	170.5088	79	170.5088
group_664	1326	22002	16.5928	152	69.3989	76	69.3989
group_665	903	22784	25.2315	157	105.2603	78	104.5898
group_666	285	0	0.0000	0	0.0000	0	0.0000
group_668	846	4241	5.0130	29	20.7530	14	20.0373
group_669	255	232	0.9098	2	4.7483	1	4.7483
mazF	357	4485	12.5630	33	55.9627	16	54.2668
group_670	354	8968	25.3333	64	109.4534	32	109.4534
group_671	11439	210543	18.4057	1283	67.9033	641	67.8504
group_673	1044	13675	13.0987	98	56.8301	49	56.8301
group_674	789	12919	16.3739	91	69.8260	45	69.0586
group_675	267	941	3.5243	7	15.8723	3	13.6048
group_676	900	0	0.0000	0	0.0000	0	0.0000
group_677	1149	8520	7.4151	57	30.0336	28	29.5067
group_5388	727	11107	15.2779	74	61.6240	37	61.6240
group_682	897	10022	11.1728	69	46.5703	34	45.8954
group_685	249	0	0.0000	0	0.0000	0	0.0000
group_687	252	3245	12.8770	22	52.8536	11	52.8536
group_688	627	2264	3.6108	15	14.4836	7	13.5180
group_693	3954	94901	24.0013	631	96.6152	315	96.4620
wcaG	1068	25971	24.3174	175	99.2018	87	98.6349
group_692	246	0	0.0000	0	0.0000	0	0.0000
pcrA	2322	135220	58.2343	906	236.2210	453	236.2210
group_695	552	4035	7.3098	29	31.8062	14	30.7094
mET2~~~metX	1092	19790	18.1227	132	73.1819	66	73.1819
group_698	1194	7146	5.9849	49	24.8453	24	24.3383
group_696	618	17655	28.5680	123	120.4950	61	119.5154
group_699	1845	24210	13.1220	163	53.4865	81	53.1583
group_700	369	0	0.0000	0	0.0000	0	0.0000
group_701	354	9058	25.5876	63	107.7432	31	106.0330
group_703	225	151	0.6711	1	2.6907	0	0.0000
group_705	868	18552	21.3733	126	87.8827	63	87.8827
group_19278	234	151	0.6453	1	2.5872	0	0.0000
group_707	450	10448	23.2178	72	96.8663	36	96.8663
group_709	1353	45574	33.6837	303	135.5805	151	135.1331
group_711	210	2121	10.1000	15	43.2439	7	40.3609
group_712	426	441	1.0352	3	4.2635	1	2.8423
group_713	840	7200	8.5714	48	34.5951	24	34.5951
group_714	579	3851	6.6511	26	27.1861	13	27.1861
group_715	291	151	0.5189	1	2.0805	0	0.0000
tldD	1446	74317	51.3949	497	208.0849	248	207.6663
group_719	318	304	0.9560	3	5.7115	1	3.8076
group_720	1206	45421	37.6625	309	155.1185	154	154.6165
group_721	699	29621	42.3763	207	179.2857	103	178.4196
group_17055	495	1162	2.3475	8	9.7845	4	9.7845
group_723	243	1970	8.1070	14	34.8798	7	34.8798
group_726	1080	39812	36.8630	264	147.9901	132	147.9901
group_727	618	11464	18.5502	78	76.4115	39	76.4115
group_17338	1188	51764	43.5724	344	175.3051	172	175.3051
group_19279	216	0	0.0000	0	0.0000	0	0.0000
group_729	357	4610	12.9132	32	54.2668	16	54.2668
group_730	999	23053	23.0761	160	96.9632	80	96.9632
cbiG	531	13748	25.8908	93	106.0330	46	104.8928
group_733	522	6348	12.1609	44	51.0311	22	51.0311
group_734	228	218	0.9561	2	5.3107	1	5.3107
group_735	957	7559	7.8986	52	32.8961	26	32.8961
group_736	1191	64734	54.3526	434	220.6127	217	220.6127
group_737	1044	24383	23.3554	162	93.9436	81	93.9436
group_738	1248	48350	38.7420	327	158.6301	163	158.1450
group_739	363	1473	4.0579	10	16.6781	5	16.6781
group_5512	246	178	0.7236	2	4.9221	1	4.9221
group_741	225	223	0.9911	2	5.3815	1	5.3815
group_746	801	0	0.0000	0	0.0000	0	0.0000
group_5516	624	302	0.4840	2	1.9404	1	1.9404
group_744	342	1208	3.5322	8	14.1617	4	14.1617
group_745	414	5920	14.2995	42	61.4188	21	61.4188
group_747	468	0	0.0000	0	0.0000	0	0.0000
group_750	189	0	0.0000	0	0.0000	0	0.0000
group_17319	1122	56425	50.2897	386	208.2797	193	208.2797
group_752	516	7086	13.7326	53	62.1840	26	61.0107
group_753	378	607	1.6058	4	6.4065	2	6.4065
group_755	1170	53548	45.7675	356	184.2115	178	184.2115
group_754	1167	45299	38.8166	300	155.6335	150	155.6335
group_5545	279	0	0.0000	0	0.0000	0	0.0000
group_757	156	0	0.0000	0	0.0000	0	0.0000
group_759	612	0	0.0000	0	0.0000	0	0.0000
group_761	1989	151	0.0759	1	0.3044	0	0.0000
group_762	1212	1208	0.9967	8	3.9961	4	3.9961
menH	864	44808	51.8611	305	213.7168	152	213.0161
group_763	498	1661	3.3353	11	13.3726	5	12.1569
group_764	969	32980	34.0351	219	136.8273	109	136.2026
group_770	894	151	0.1689	1	0.6772	0	0.0000
group_766	1797	14540	8.0913	98	33.0165	49	33.0165
group_767	1509	81296	53.8741	544	218.2540	272	218.2540
group_768	222	0	0.0000	0	0.0000	0	0.0000
group_769	315	449	1.4254	3	5.7658	1	3.8439
group_771	1122	1727	1.5392	12	6.4750	6	6.4750
group_772	747	21788	29.1673	149	120.7586	74	119.9482
lysR	780	10119	12.9731	71	55.1082	35	54.3320
group_773	669	14871	22.2287	94	85.0657	47	85.0657
group_775	429	604	1.4079	4	5.6449	2	5.6449
group_776	1242	6822	5.4928	48	23.3976	24	23.3976
group_777	528	3042	5.7614	21	24.0790	10	22.9324
group_778	195	384	1.9692	3	9.3141	1	6.2094
group_779	870	14071	16.1736	95	66.1084	47	65.4126
group_780	870	41873	48.1299	287	199.7171	143	199.0212
group_783	279	1511	5.4158	11	23.8694	5	21.6994
group_782	1227	1208	0.9845	8	3.9473	4	3.9473
group_784	1110	57411	51.7216	389	212.1677	194	211.6222
group_785	4476	151	0.0337	1	0.1353	0	0.0000
group_786	1572	17185	10.9319	114	43.9041	57	43.9041
group_787	2748	0	0.0000	0	0.0000	0	0.0000
group_790	399	0	0.0000	0	0.0000	0	0.0000
group_789	444	4292	9.6667	32	43.6335	16	43.6335
group_792	924	9188	9.9437	63	41.2782	31	40.6230
group_793	222	453	2.0405	3	8.1813	1	5.4542
group_794	300	2305	7.6833	16	32.2888	8	32.2888
group_795	189	0	0.0000	0	0.0000	0	0.0000
mazE	396	2772	7.0000	19	29.0476	9	27.5188
group_796	822	16296	19.8248	110	81.0165	55	81.0165
group_797	441	0	0.0000	0	0.0000	0	0.0000
group_798	900	302	0.3356	2	1.3454	1	1.3454
tnpIS630~~~csa3	1071	416	0.3884	3	1.6958	1	1.1306
group_800	1332	76358	57.3258	511	232.2572	255	231.8027
group_801	1746	12363	7.0808	82	28.4330	41	28.4330
group_802	414	455	1.0990	3	4.3871	1	2.9247
group_19280	1044	54408	52.1149	370	214.5625	185	214.5625
group_803	834	27185	32.5959	185	134.2945	92	133.5686
group_805	3084	9348	3.0311	63	12.3674	31	12.1711
group_806	1242	12965	10.4388	86	41.9208	43	41.9208
group_813	321	371	1.1558	3	5.6581	1	3.7721
group_808	1119	8163	7.2949	55	29.7567	27	29.2157
group_809	294	503	1.7109	5	10.2962	2	8.2369
group_810	1098	70803	64.4836	475	261.9050	237	261.3536
group_811	360	1493	4.1472	10	16.8171	5	16.8171
ispF	480	19040	39.6667	134	169.0114	67	169.0114
pulA	2472	42131	17.0433	283	69.3091	141	69.0642
group_812	1011	19866	19.6499	136	81.4405	68	81.4405
group_815	219	1552	7.0868	11	30.4089	5	27.6445
group_814	864	0	0.0000	0	0.0000	0	0.0000
phd	348	0	0.0000	0	0.0000	0	0.0000
yuzE	240	2317	9.6542	17	42.8835	8	40.3609
group_817	879	25566	29.0853	171	117.7768	85	117.0881
group_818	2133	54790	25.6868	369	104.7341	184	104.4503
group_819	240	151	0.6292	1	2.5226	0	0.0000
group_820	510	138	0.2706	2	2.3742	1	2.3742
group_821	423	3500	8.2742	25	35.7810	12	34.3497
group_822	1335	755	0.5655	5	2.2675	2	1.8140
group_823	540	237	0.4389	2	2.2423	1	2.2423
group_824	1281	11507	8.9828	78	36.8636	39	36.8636
group_825	276	102	0.3696	2	4.3871	1	4.3871
group_828	1059	22713	21.4476	154	88.0394	77	88.0394
group_830	777	5109	6.5753	34	26.4917	17	26.4917
group_831	519	14215	27.3892	95	110.8176	47	109.6511
group_833	492	1886	3.8333	13	15.9967	6	14.7662
pckA	1689	104905	62.1107	705	252.7039	352	252.3455
group_836	222	467	2.1036	4	10.9084	2	10.9084
group_837	375	637	1.6987	5	8.0722	2	6.4578
group_838	351	1270	3.6182	9	15.5234	4	13.7986
group_5755	3201	2567	0.8019	17	3.2153	8	3.0261
group_5757	336	0	0.0000	0	0.0000	0	0.0000
group_842	297	964	3.2458	7	14.2690	3	12.2306
group_843	237	0	0.0000	0	0.0000	0	0.0000
group_5763	963	0	0.0000	0	0.0000	0	0.0000
group_844	327	1511	4.6208	10	18.5142	5	18.5142
cobB	1377	48345	35.1089	326	143.3297	163	143.3297
group_852	306	302	0.9869	2	3.9570	1	3.9570
group_846	390	624	1.6000	5	7.7617	2	6.2094
group_847	246	874	3.5528	8	19.6883	4	19.6883
group_851	357	0	0.0000	0	0.0000	0	0.0000
group_849	378	1076	2.8466	8	12.8130	4	12.8130
group_850	1698	59523	35.0548	402	143.3313	201	143.3313
group_855	1023	182	0.1779	1	0.5918	0	0.0000
group_854	540	4521	8.3722	29	32.5130	14	31.3918
group_856	666	1812	2.7207	12	10.9084	6	10.9084
group_858	705	302	0.4284	2	1.7175	1	1.7175
group_859	606	17966	29.6469	128	127.8763	64	127.8763
group_861	171	0	0.0000	0	0.0000	0	0.0000
group_860	696	151	0.2170	1	0.8698	0	0.0000
group_862	909	12193	13.4136	82	54.6138	41	54.6138
group_19281	261	3087	11.8276	21	48.7115	10	46.3919
group_867	675	7937	11.7585	53	47.5362	26	46.6393
group_864	330	4626	14.0182	32	58.7068	16	58.7068
group_865	399	12163	30.4837	85	128.9729	42	127.4556
group_866	372	730	1.9624	5	8.1373	2	6.5098
bamD	2169	129054	59.4993	867	241.9982	433	241.7191
group_868	1248	3475	2.7845	24	11.6426	12	11.6426
group_870	417	453	1.0863	3	4.3555	1	2.9037
group_875	270	302	1.1185	2	4.4845	1	4.4845
group_874	192	0	0.0000	0	0.0000	0	0.0000
group_882	342	584	1.7076	5	8.8511	2	7.0809
group_878	270	151	0.5593	1	2.2423	0	0.0000
group_879	348	6844	19.6667	47	81.7657	23	80.0260
group_880	480	15050	31.3542	109	137.4795	54	136.2182
group_881	5244	11606	2.2132	77	8.8896	38	8.7741
group_5851	864	7031	8.1377	49	34.3348	24	33.6341
group_883	630	1027	1.6302	7	6.7268	3	5.7658
group_885	897	18723	20.8729	131	88.4161	65	87.7412
group_886	1278	60010	46.9562	398	188.5405	199	188.5405
group_888	579	7774	13.4266	55	57.5091	27	56.4635
group_890	267	0	0.0000	0	0.0000	0	0.0000
yggE	714	42394	59.3754	290	245.8965	145	245.8965
tnpIS5~~~tnpISMae6	1506	0	0.0000	0	0.0000	0	0.0000
group_891	804	9800	12.1891	65	48.9452	32	48.1922
group_892	981	8553	8.7187	59	36.4112	29	35.7941
group_893	831	7921	9.5319	53	38.6125	26	37.8839
group_894	816	11224	13.7549	79	58.6124	39	57.8705
group_895	237	151	0.6371	1	2.5545	0	0.0000
group_896	4200	59437	14.1517	385	55.4963	192	55.3521
group_897	1398	18848	13.4821	126	54.5652	63	54.5652
group_898	393	136	0.3461	2	3.0810	1	3.0810
group_899	750	5610	7.4800	38	30.6743	19	30.6743
group_900	657	0	0.0000	0	0.0000	0	0.0000
group_901	2211	23675	10.7078	157	42.9896	78	42.7158
group_903	2178	45310	20.8035	306	85.0582	153	85.0582
group_904	384	3480	9.0625	23	36.2618	11	34.6852
group_906	1080	3187	2.9509	22	12.3325	11	12.3325
group_907	525	11643	22.1771	81	93.4068	40	92.2536
group_908	2253	21260	9.4363	142	38.1575	71	38.1575
group_909	705	28577	40.5348	167	143.4102	83	142.5514
group_910	141	0	0.0000	0	0.0000	0	0.0000
group_914	246	0	0.0000	0	0.0000	0	0.0000
group_916	1128	48921	43.3697	330	177.1158	165	177.1158
group_912	234	805	3.4402	6	15.5234	3	15.5234
group_913	291	3662	12.5842	25	52.0115	12	49.9311
group_915	204	300	1.4706	2	5.9354	1	5.9354
group_917	213	0	0.0000	0	0.0000	0	0.0000
group_924	849	4355	5.1296	30	21.3927	15	21.3927
group_923	843	3293	3.9063	23	16.5178	11	15.7997
group_919	258	397	1.5388	3	7.0397	1	4.6931
group_920	297	941	3.1684	9	18.3459	4	16.3075
group_922	999	2416	2.4184	16	9.6963	8	9.6963
group_925	684	2627	3.8406	19	16.8171	9	15.9320
group_926	954	32329	33.8878	219	138.9787	109	138.3441
group_5957	972	19980	20.5556	133	82.8396	66	82.2167
group_928	1071	46356	43.2829	311	175.8019	155	175.2366
group_929	375	11713	31.2347	88	142.0705	44	142.0705
group_930	309	293	0.9482	2	3.9185	1	3.9185
group_931	456	21338	46.7939	148	196.4941	74	196.4941
cadD	855	21078	24.6526	142	100.5483	71	100.5483
group_934	534	3238	6.0637	22	24.9422	11	24.9422
group_935	369	2797	7.5799	20	32.8138	10	32.8138
group_936	507	302	0.5957	2	2.3882	1	2.3882
group_939	276	2892	10.4783	21	46.0641	10	43.8706
tnpIS630~~~tnpISMae22	1044	302	0.2893	2	1.1598	1	1.1598
group_941	219	0	0.0000	0	0.0000	0	0.0000
ecfT	837	40369	48.2306	277	200.3581	138	199.6348
group_942	1029	3099	3.0117	21	12.3554	10	11.7670
group_946	228	1268	5.5614	9	23.8979	4	21.2426
group_944	336	0	0.0000	0	0.0000	0	0.0000
group_945	486	12487	25.6934	86	107.1309	43	107.1309
group_947	2268	1836	0.8095	12	3.2032	6	3.2032
group_949	210	299	1.4238	2	5.7658	1	5.7658
group_950	657	519	0.7900	4	3.6859	2	3.6859
group_6024	732	8617	11.7719	57	47.1429	28	46.3158
group_952	1050	4052	3.8590	27	15.5678	13	14.9912
group_953	330	1142	3.4606	9	16.5113	4	14.6767
group_19282	627	10384	16.5614	71	68.5557	35	67.5901
group_957	894	877	0.9810	6	4.0632	3	4.0632
group_956	420	0	0.0000	0	0.0000	0	0.0000
group_958	219	3489	15.9315	26	71.8756	13	71.8756
group_960	1293	739	0.5715	6	2.8093	3	2.8093
group_962	432	10088	23.3519	74	103.7052	37	103.7052
group_964	228	3798	16.6579	27	71.6938	13	69.0385
group_965	846	0	0.0000	0	0.0000	0	0.0000
group_966	2445	3581	1.4646	24	5.9427	12	5.9427
group_969	630	13625	21.6270	93	89.3707	46	88.4097
coaE	603	32002	53.0713	222	222.8888	111	222.8888
group_970	813	14490	17.8229	100	74.4667	50	74.4667
ltrA~~~mcrA	1857	14115	7.6010	95	30.9716	47	30.6456
group_971	519	1763	3.3969	13	15.1645	6	13.9980
group_972	363	755	2.0799	5	8.3390	2	6.6712
group_973	346	5292	15.2948	36	62.9911	18	62.9911
group_974	222	1009	4.5450	7	19.0896	3	16.3625
group_976	885	71607	80.9119	483	330.4125	241	329.7284
group_19284	399	4396	11.0175	30	45.5199	15	45.5199
group_978	363	367	1.0110	3	5.0034	1	3.3356
group_979	243	441	1.8148	3	7.4742	1	4.9828
group_980	1059	41385	39.0793	273	156.0699	136	155.4982
group_981	1296	604	0.4660	4	1.8686	2	1.8686
group_982	873	10012	11.4685	66	45.7701	33	45.7701
group_983	702	25661	36.5541	186	160.4089	93	160.4089
group_984	198	0	0.0000	0	0.0000	0	0.0000
group_985	6996	4701	0.6720	32	2.7692	16	2.7692
group_992	1164	2684	2.3058	18	9.3621	9	9.3621
group_987	1287	41573	32.3023	276	129.8324	138	129.8324
group_990	1362	9185	6.7438	62	27.5592	31	27.5592
group_989	189	0	0.0000	0	0.0000	0	0.0000
ygiQ	1575	31242	19.8362	210	80.7219	105	80.7219
group_991	666	7257	10.8964	48	43.6335	24	43.6335
group_6130	252	433	1.7183	4	9.6097	2	9.6097
group_994	2502	153958	61.5340	1030	249.2312	515	249.2312
malE	1293	46878	36.2552	317	148.4271	158	147.9589
group_996	324	3330	10.2778	23	42.9769	11	41.1084
mrp	1065	64025	60.1174	437	248.4188	218	247.8503
group_998	18681	97993	5.2456	594	19.2504	297	19.2504
group_999	993	1203	1.2115	8	4.8775	4	4.8775
group_1001	828	15744	19.0145	105	76.7735	52	76.0424
dndD	1998	98156	49.1271	655	198.4716	327	198.1686
group_1003	864	41942	48.5440	289	202.5054	144	201.8047
group_1002	426	4629	10.8662	31	44.0560	15	42.6348
group_1004	786	4513	5.7417	30	23.1074	15	23.1074
group_1005	510	6823	13.3784	47	55.7931	23	54.6060
group_1006	732	25820	35.2732	173	143.0828	86	142.2558
group_1010	942	4335	4.6019	29	18.6380	14	17.9953
group_1009	924	1827	1.9773	12	7.8625	6	7.8625
group_1011	489	1092	2.2331	7	8.6665	3	7.4284
group_1012	228	0	0.0000	0	0.0000	0	0.0000
group_1013	363	147	0.4050	1	1.6678	0	0.0000
mscK	1314	30138	22.9361	203	93.5305	101	93.0698
group_1015	1734	92306	53.2330	620	216.4687	310	216.4687
group_1016	1236	9490	7.6780	62	30.3687	31	30.3687
group_1017	438	7627	17.4132	51	70.4934	25	69.1112
group_1018	2133	121982	57.1880	785	222.8083	392	222.5245
group_1019	1245	39670	31.8635	267	129.8358	133	129.3495
group_1021	216	3361	15.5602	23	64.4654	11	61.6625
estA	621	33188	53.4428	232	226.1773	116	226.1773
urtE	699	35406	50.6524	246	213.0642	123	213.0642
group_1025	1152	64567	56.0477	436	229.1324	218	229.1324
group_1026	1278	0	0.0000	0	0.0000	0	0.0000
group_1027	318	0	0.0000	0	0.0000	0	0.0000
group_1028	1134	0	0.0000	0	0.0000	0	0.0000
group_1029	1266	19329	15.2678	128	61.2109	64	61.2109
tPR	1710	28460	16.6433	189	66.9142	94	66.5601
ape1	552	27287	49.4330	195	213.8691	97	212.7724
group_1032	945	750	0.7937	5	3.2032	2	2.5626
group_1033	675	296	0.4385	2	1.7938	1	1.7938
group_6218	960	0	0.0000	0	0.0000	0	0.0000
group_1036	240	0	0.0000	0	0.0000	0	0.0000
group_1038	177	192	1.0847	2	6.8408	1	6.8408
group_1044	240	364	1.5167	3	7.5677	1	5.0451
group_1040	201	0	0.0000	0	0.0000	0	0.0000
wbbJ	669	6926	10.3528	64	57.9170	32	57.9170
gcvT	1149	62529	54.4204	425	223.9347	212	223.4078
rqcH	1731	104379	60.2998	709	247.9715	354	247.6217
group_1041	1227	151	0.1231	1	0.4934	0	0.0000
group_1042	3873	5755	1.4859	39	6.0963	19	5.9400
group_1049	342	0	0.0000	0	0.0000	0	0.0000
group_1045	1305	17509	13.4169	114	52.8868	57	52.8868
group_1046	1008	1456	1.4444	10	6.0061	5	6.0061
group_1048	588	1796	3.0544	12	12.3554	6	12.3554
group_19285	573	7705	13.4468	53	55.9982	26	54.9416
group_6265	1347	600	0.4454	4	1.7978	2	1.7978
group_1052	228	0	0.0000	0	0.0000	0	0.0000
yejR	1026	24376	23.7583	164	96.7718	82	96.7718
group_1054	552	5586	10.1196	37	40.5803	18	39.4835
group_1055	942	1051	1.1157	7	4.4988	3	3.8561
group_1056	693	151	0.2179	1	0.8736	0	0.0000
grpE	690	3649	5.2884	25	21.9353	12	21.0579
group_1059	522	9395	17.9981	65	75.3868	32	74.2270
group_1060	375	1038	2.7680	7	11.3011	3	9.6866
group_1061	618	38974	63.0647	265	259.6031	132	258.6235
fhaC	1629	302	0.1854	2	0.7433	1	0.7433
group_1063	258	1703	6.6008	12	28.1588	6	28.1588
abcC	729	44208	60.6420	305	253.2940	152	252.4635
group_1065	594	14174	23.8620	98	99.8831	49	99.8831
group_1066	252	906	3.5952	6	14.4146	3	14.4146
group_1067	6486	45837	7.0671	304	28.3759	152	28.3759
group_1068	222	0	0.0000	0	0.0000	0	0.0000
group_1069	1224	29116	23.7876	194	95.9562	97	95.9562
ycf4	687	34342	49.9884	231	203.5672	115	202.6860
ppiB	744	43203	58.0685	296	240.8637	148	240.8637
tauE	762	35997	47.2402	251	199.4212	125	198.6267
group_1071	936	38892	41.5513	265	171.4046	132	170.7578
group_1073	993	14696	14.7996	101	61.5779	50	60.9682
group_1076	2175	14723	6.7692	81	22.5465	40	22.2681
group_1077	1041	1962	1.8847	13	7.5604	6	6.9788
group_1078	2817	25966	9.2176	167	35.8907	83	35.6758
group_19287	1293	1208	0.9343	8	3.7458	4	3.7458
group_1081	1146	8677	7.5716	58	30.6405	29	30.6405
group_1082	432	2557	5.9190	16	22.4227	8	22.4227
group_1083	177	1537	8.6836	11	37.6246	5	34.2042
group_1084	1155	9708	8.4052	65	34.0709	32	33.5468
group_1085	405	3013	7.4395	18	26.9073	9	26.9073
sirB	771	31979	41.4773	220	172.7511	110	172.7511
group_1087	1038	20114	19.3776	134	78.1556	67	78.1556
group_1088	720	0	0.0000	0	0.0000	0	0.0000
group_1090	546	1411	2.5842	10	11.0882	5	11.0882
group_1091	882	2142	2.4286	15	10.2962	7	9.6097
group_1095	231	802	3.4719	6	15.7250	3	15.7250
group_1096	480	8814	18.3625	62	78.1993	31	78.1993
tnpIS1380~~~tnpISMae9	1260	4221	3.3500	28	13.4536	14	13.4536
group_1100	882	2479	2.8107	17	11.6690	8	10.9826
folK	480	19771	41.1896	135	170.2727	67	169.0114
group_1098	1866	96886	51.9218	655	212.5114	327	212.1869
fabB	1173	53570	45.6692	368	189.9338	184	189.9338
group_1099	993	1487	1.4975	10	6.0968	5	6.0968
group_1103	669	1243	1.8580	9	8.1446	4	7.2396
group_1101	1074	10228	9.5233	69	38.8953	34	38.3316
group_1102	1323	41610	31.4512	282	129.0452	141	129.0452
group_1104	699	19952	28.5436	135	116.9255	67	116.0594
group_1105	291	0	0.0000	0	0.0000	0	0.0000
group_1108	1194	0	0.0000	0	0.0000	0	0.0000
group_1109	219	666	3.0411	5	13.8222	2	11.0578
group_1110	1029	2874	2.7930	19	11.1787	9	10.5903
group_1112	330	7005	21.2273	48	88.0602	24	88.0602
group_19289	248	0	0.0000	0	0.0000	0	0.0000
group_1115	972	3114	3.2037	22	13.7028	11	13.7028
group_1116	183	173	0.9454	2	6.6165	1	6.6165
group_1117	867	18616	21.4717	125	87.2858	62	86.5875
group_1118	336	604	1.7976	4	7.2073	2	7.2073
group_1119	1260	59396	47.1397	397	190.7535	198	190.2730
group_1128	861	453	0.5261	3	2.1095	1	1.4063
group_1125	258	0	0.0000	0	0.0000	0	0.0000
group_1122	10317	11666	1.1308	87	5.1053	43	5.0466
group_1123	1224	15662	12.7958	105	51.9350	52	51.4404
group_1124	408	1087	2.6642	7	10.3870	3	8.9031
group_1126	1215	22840	18.7984	152	75.7391	76	75.7391
group_1127	567	0	0.0000	0	0.0000	0	0.0000
group_19290	483	0	0.0000	0	0.0000	0	0.0000
group_1129	1194	0	0.0000	0	0.0000	0	0.0000
group_1130	6015	7715	1.2826	53	5.3345	26	5.2338
group_1131	420	1913	4.5548	13	18.7390	6	17.2975
group_1132	627	1350	2.1531	9	8.6902	4	7.7246
group_1134	1629	39279	24.1123	263	97.7433	131	97.3717
group_1135	240	1876	7.8167	13	32.7933	6	30.2707
group_1136	156	0	0.0000	0	0.0000	0	0.0000
group_1138	822	604	0.7348	4	2.9461	2	2.9461
group_1140	267	151	0.5655	1	2.2675	0	0.0000
group_1141	858	150	0.1748	1	0.7056	0	0.0000
group_1142	1086	98150	90.3775	654	364.5864	327	364.5864
group_1144	2169	296	0.1365	2	0.5582	1	0.5582
group_1145	2721	302	0.1110	2	0.4450	1	0.4450
group_19291	192	512	2.6667	5	15.7660	2	12.6128
group_1147	270	1882	6.9704	14	31.3918	7	31.3918
group_1148	1362	20516	15.0631	135	60.0080	67	59.5635
group_1152	1155	302	0.2615	2	1.0483	1	1.0483
group_1153	837	872	1.0418	7	5.0632	3	4.3399
group_1155	615	449	0.7301	3	2.9532	1	1.9688
group_1156	447	151	0.3378	1	1.3544	0	0.0000
pulG	552	8260	14.9638	57	62.5156	28	61.4188
group_1159	189	431	2.2804	4	12.8130	2	12.8130
group_1160	6825	61945	9.0762	365	32.3775	182	32.2888
group_1162	315	5438	17.2635	42	80.7219	21	80.7219
group_1164	261	2137	8.1877	18	41.7527	9	41.7527
group_1165	2031	112577	55.4293	755	225.0555	377	224.7574
yaeI	852	36383	42.7031	249	176.9344	124	176.2238
dapL	1236	69462	56.1990	471	230.7039	235	230.2141
group_1169	438	0	0.0000	0	0.0000	0	0.0000
group_1168	789	1217	1.5425	8	6.1385	4	6.1385
group_1178	471	1125	2.3885	8	10.2830	4	10.2830
group_1170	498	3237	6.5000	22	26.7452	11	26.7452
group_1172	198	151	0.7626	1	3.0576	0	0.0000
group_1173	843	18352	21.7699	126	90.4889	63	90.4889
group_1174	708	12343	17.4336	87	74.3941	43	73.5390
group_1175	480	7124	14.8417	51	64.3253	25	63.0640
group_6538	855	311	0.3637	2	1.4162	1	1.4162
group_1177	3339	7127	2.1345	49	8.8845	24	8.7032
group_1179	144	0	0.0000	0	0.0000	0	0.0000
group_1180	1995	52856	26.4942	355	107.7303	177	107.4269
group_1183	381	357	0.9370	3	4.7670	1	3.1780
group_1182	1659	167876	101.1911	1130	412.3677	565	412.3677
group_1188	651	24699	37.9401	165	153.4460	82	152.5160
group_1184	390	0	0.0000	0	0.0000	0	0.0000
group_1185	14097	41550	2.9474	275	11.8102	137	11.7673
group_1187	423	0	0.0000	0	0.0000	0	0.0000
group_1193	507	1893	3.7337	13	15.5234	6	14.3293
group_1189	1248	25602	20.5144	170	82.4683	85	82.4683
group_1196	243	0	0.0000	0	0.0000	0	0.0000
group_6569	1215	58614	48.2420	391	194.8287	195	194.3305
group_1192	231	0	0.0000	0	0.0000	0	0.0000
hutI	1266	23928	18.9005	161	76.9918	80	76.5136
group_1199	561	3107	5.5383	21	22.6626	10	21.5834
group_1194	186	1848	9.9355	14	45.5688	7	45.5688
group_1195	288	302	1.0486	2	4.2043	1	4.2043
group_1197	180	0	0.0000	0	0.0000	0	0.0000
spy	2682	145703	54.3262	972	219.4118	486	219.4118
group_1198	204	239	1.1716	2	5.9354	1	5.9354
group_1203	648	8731	13.4738	59	55.1226	29	54.1883
group_1201	2577	0	0.0000	0	0.0000	0	0.0000
tnpIS701	1269	0	0.0000	0	0.0000	0	0.0000
group_1202	501	5789	11.5549	41	49.5449	20	48.3365
group_17129	426	0	0.0000	0	0.0000	0	0.0000
group_1204	750	0	0.0000	0	0.0000	0	0.0000
group_1205	1512	1808	1.1958	13	5.2053	6	4.8049
group_1206	1065	4060	3.8122	28	15.9170	14	15.9170
group_1209	1224	53962	44.0866	361	178.5576	180	178.0630
group_1208	771	24469	31.7367	167	131.1338	83	130.3486
group_1211	627	12350	19.6970	84	81.1081	42	81.1081
yccC	2304	130614	56.6901	872	229.1324	436	229.1324
group_1214	579	1223	2.1123	4	4.1825	2	4.1825
group_1215	1338	1127	0.8423	8	3.6198	4	3.6198
group_1216	1731	1807	1.0439	12	4.1970	6	4.1970
group_1217	312	1354	4.3397	9	17.4639	4	15.5234
group_1218	141	0	0.0000	0	0.0000	0	0.0000
group_1219	936	999	1.0673	7	4.5277	3	3.8809
group_1220	717	428	0.5969	3	2.5331	1	1.6887
group_1221	1197	151	0.1261	1	0.5058	0	0.0000
group_1222	465	453	0.9742	3	3.9059	1	2.6039
group_16071	4746	604	0.1273	4	0.5103	2	0.5103
group_1225	882	28843	32.7018	195	133.8501	97	133.1637
group_1227	1230	9328	7.5837	63	31.0090	31	30.5168
group_19292	447	2542	5.6868	17	23.0247	8	21.6703
group_1229	1203	302	0.2510	2	1.0065	1	1.0065
group_1230	768	11670	15.1953	77	60.6991	38	59.9108
group_1231	201	0	0.0000	0	0.0000	0	0.0000
group_1233	1194	0	0.0000	0	0.0000	0	0.0000
group_1234	420	5799	13.8071	42	60.5414	21	60.5414
group_1235	1017	151	0.1485	1	0.5953	0	0.0000
group_1236	381	433	1.1365	3	4.7670	1	3.1780
group_1237	783	24844	31.7292	165	127.5777	82	126.8045
group_19293	120	0	0.0000	0	0.0000	0	0.0000
group_1238	240	4941	20.5875	36	90.8121	18	90.8121
group_1239	978	1661	1.6984	11	6.8094	5	6.1903
group_1240	1449	0	0.0000	0	0.0000	0	0.0000
group_1241	5523	4176	0.7561	28	3.0693	14	3.0693
group_1242	858	151	0.1760	1	0.7056	0	0.0000
group_1244	219	290	1.3242	3	8.2933	1	5.5289
group_1245	903	164	0.1816	2	1.3409	1	1.3409
group_1246	1269	1057	0.8329	7	3.3396	3	2.8625
group_19294	333	437	1.3123	3	5.4542	1	3.6361
group_1248	321	515	1.6044	4	7.5441	2	7.5441
group_1249	9600	3234	0.3369	22	1.3874	11	1.3874
group_1250	444	596	1.3423	4	5.4542	2	5.4542
group_6706	1014	3296	3.2505	22	13.1352	11	13.1352
group_1252	2763	78100	28.2664	522	114.3779	261	114.3779
group_1253	966	21899	22.6698	151	94.6351	75	94.0084
group_1254	1350	68511	50.7489	459	205.8408	229	205.3923
group_1255	882	750	0.8503	5	3.4321	2	2.7456
group_1257	306	4105	13.4150	28	55.3974	14	55.3974
group_1258	1005	11598	11.5403	77	46.3850	38	45.7826
group_1259	1044	20672	19.8008	136	78.8662	68	78.8662
group_19295	495	453	0.9152	3	3.6692	1	2.4461
group_1261	1257	32404	25.7788	218	104.9962	109	104.9962
group_1263	1410	83966	59.5504	555	238.3013	277	237.8719
group_6734	1368	15619	11.4174	107	47.3533	53	46.9107
group_1266	684	3015	4.4079	21	18.5873	10	17.7022
group_1267	1230	11093	9.0187	74	36.4233	37	36.4233
group_1268	1365	7180	5.2601	48	21.2893	24	21.2893
group_1269	1821	2969	1.6304	20	6.6492	10	6.6492
group_1271	957	9277	9.6938	61	38.5896	30	37.9570
group_1274	672	2658	3.9554	18	16.2164	9	16.2164
parE	300	1751	5.8367	13	26.2346	6	24.2166
group_1275	2814	14395	5.1155	97	20.8689	48	20.6538
group_1277	576	2636	4.5764	18	18.9192	9	18.9192
group_1282	372	0	0.0000	0	0.0000	0	0.0000
group_1279	702	302	0.4302	2	1.7248	1	1.7248
group_1281	5124	9531	1.8601	61	7.2073	30	7.0892
group_14930	3195	17368	5.4360	116	21.9806	58	21.9806
group_1283	279	3165	11.3441	23	49.9087	11	47.7387
group_19296	228	288	1.2632	2	5.3107	1	5.3107
group_19297	1269	3171	2.4988	21	10.0187	10	9.5416
group_1285	273	0	0.0000	0	0.0000	0	0.0000
group_1286	288	151	0.5243	1	2.1021	0	0.0000
group_19298	225	151	0.6711	1	2.6907	0	0.0000
higA	435	2977	6.8437	20	27.8351	10	27.8351
group_1288	954	42189	44.2233	284	180.2281	142	180.2281
group_1289	807	2605	3.2280	18	13.5037	9	13.5037
group_1291	1746	101	0.0578	1	0.3467	0	0.0000
group_1292	222	0	0.0000	0	0.0000	0	0.0000
group_1293	282	0	0.0000	0	0.0000	0	0.0000
group_1294	984	10764	10.9390	58	35.6850	29	35.6850
group_1296	714	0	0.0000	0	0.0000	0	0.0000
group_1297	231	0	0.0000	0	0.0000	0	0.0000
group_19299	1122	4830	4.3048	32	17.2667	16	17.2667
phoH	219	1368	6.2466	10	27.6445	5	27.6445
group_1302	1209	4308	3.5633	31	15.5234	15	15.0227
pta	2343	130518	55.7055	866	223.7681	433	223.7681
group_1306	1320	4446	3.3682	30	13.7594	15	13.7594
group_1304	192	0	0.0000	0	0.0000	0	0.0000
group_1305	306	1658	5.4183	11	21.7633	5	19.7848
group_15065	243	2595	10.6790	22	54.8112	11	54.8112
phnP	930	35900	38.6022	242	157.5379	121	157.5379
group_1307	1368	4084	2.9854	30	13.2766	15	13.2766
group_1308	303	1697	5.6007	12	23.9768	6	23.9768
group_1309	1269	302	0.2380	2	0.9542	1	0.9542
group_1311	366	866	2.3661	6	9.9248	3	9.9248
group_1312	777	20789	26.7555	133	103.6294	66	102.8503
clcA	1347	48252	35.8218	323	145.1735	161	144.7241
group_1313	228	151	0.6623	1	2.6553	0	0.0000
group_1315	192	0	0.0000	0	0.0000	0	0.0000
group_1316	1071	28128	26.2633	188	106.2725	94	106.2725
group_1317	1671	2111	1.2633	14	5.0723	7	5.0723
group_1318	783	728	0.9298	5	3.8660	2	3.0928
group_1324	201	526	2.6169	6	18.0721	3	18.0721
group_1319	237	151	0.6371	1	2.5545	0	0.0000
group_1320	5466	5674	1.0381	38	4.2089	19	4.2089
group_1321	153	294	1.9216	2	7.9139	1	7.9139
group_1322	1446	2567	1.7752	17	7.1176	8	6.6989
group_19300	2274	11153	4.9046	63	16.7727	31	16.5065
group_1325	285	2662	9.3404	20	42.4852	10	42.4852
group_1326	105	0	0.0000	0	0.0000	0	0.0000
group_19301	192	430	2.2396	3	9.4596	1	6.3064
group_1328	225	683	3.0356	5	13.4536	2	10.7629
group_1329	231	1833	7.9351	15	39.3126	7	36.6918
group_1330	198	151	0.7626	1	3.0576	0	0.0000
group_1331	1212	2251	1.8573	15	7.4927	7	6.9932
group_1332	204	0	0.0000	0	0.0000	0	0.0000
group_1333	1095	6157	5.6228	42	23.2214	21	23.2214
group_1334	807	453	0.5613	3	2.2506	1	1.5004
group_1336	324	0	0.0000	0	0.0000	0	0.0000
group_1337	258	1080	4.1860	8	18.7725	4	18.7725
group_1338	214	510	2.3832	4	11.3162	2	11.3162
c2c8	1875	1359	0.7248	9	2.9060	4	2.5831
group_1339	546	5400	9.8901	37	41.0262	18	39.9174
group_1340	447	2793	6.2483	19	25.7335	9	24.3791
group_1344	240	0	0.0000	0	0.0000	0	0.0000
group_1343	4854	12754	2.6275	79	9.8533	39	9.7285
group_1347	435	837	1.9241	6	8.3505	3	8.3505
group_6921	678	604	0.8909	4	3.5718	2	3.5718
group_1345	7692	44125	5.7365	279	21.9592	139	21.8805
group_1350	2610	15472	5.9280	101	23.4279	50	23.1959
group_1351	621	14595	23.5024	101	98.4651	50	97.4902
group_1352	222	1574	7.0901	13	35.4522	6	32.7251
group_1353	2160	38484	17.8167	259	72.5936	129	72.3134
group_1354	663	7274	10.9713	51	46.5703	25	45.6572
group_1355	813	2526	3.1070	18	13.4040	9	13.4040
group_1358	549	1768	3.2204	12	13.2331	6	13.2331
group_1363	456	1628	3.5702	12	15.9320	6	15.9320
group_1360	237	2238	9.4430	16	40.8718	8	40.8718
group_1361	1257	9912	7.8854	66	31.7879	33	31.7879
group_1362	1089	13453	12.3535	91	50.5902	45	50.0342
group_1364	306	1719	5.6176	14	27.6987	7	27.6987
group_1366	1224	18990	15.5147	126	62.3220	63	62.3220
group_1367	1188	41739	35.1338	287	146.2575	143	145.7478
tACO1	771	14970	19.4163	102	80.0937	51	80.0937
group_1369	423	853	2.0165	6	8.5874	3	8.5874
queE	639	25479	39.8732	172	162.9597	86	162.9597
rtcB	1206	66607	55.2297	447	224.3948	223	223.8928
dnaB	1368	18000	13.1579	121	53.5491	60	53.1065
group_1373	594	779	1.3114	5	5.0961	2	4.0769
group_1374	519	0	0.0000	0	0.0000	0	0.0000
group_1376	300	683	2.2767	5	10.0902	2	8.0722
group_1379	768	61389	79.9336	409	322.4146	204	321.6263
group_1385	1461	0	0.0000	0	0.0000	0	0.0000
group_1383	906	4757	5.2506	32	21.3833	16	21.3833
group_1381	1089	453	0.4160	3	1.6678	1	1.1119
group_1382	1230	458	0.3724	4	1.9688	2	1.9688
group_16341	903	491	0.5437	3	2.0113	1	1.3409
group_1384	525	3974	7.5695	27	31.1356	13	29.9824
group_19302	621	13379	21.5443	90	87.7412	45	87.7412
group_1386	348	10234	29.4080	72	125.2581	36	125.2581
group_19303	390	4061	10.4128	30	46.5703	15	46.5703
group_1389	1023	45357	44.3372	306	181.0916	153	181.0916
group_1390	1380	0	0.0000	0	0.0000	0	0.0000
group_1394	312	151	0.4840	1	1.9404	0	0.0000
group_1395	393	876	2.2290	6	9.2430	3	9.2430
group_1399	906	0	0.0000	0	0.0000	0	0.0000
hEAT	996	37792	37.9438	326	198.1576	163	198.1576
group_1397	366	651	1.7787	5	8.2707	2	6.6165
group_1398	3771	31919	8.4643	211	33.8749	105	33.7144
group_19304	735	8947	12.1728	61	50.2453	30	49.4216
group_1401	1590	31742	19.9635	213	81.1026	106	80.7219
group_1402	600	906	1.5100	6	6.0541	3	6.0541
group_1403	1062	25046	23.5838	172	98.0520	86	98.0520
group_1404	810	8410	10.3827	57	42.6032	28	41.8558
group_1405	573	258	0.4503	2	2.1131	1	2.1131
group_1407	561	0	0.0000	0	0.0000	0	0.0000
group_1408	1125	22150	19.6889	147	79.1074	73	78.5693
group_1410	324	2461	7.5957	18	33.6341	9	33.6341
group_1411	858	6057	7.0594	41	28.9300	20	28.2244
group_14729	6039	34900	5.7791	217	21.7544	108	21.6542
group_1412	342	9778	28.5906	67	118.6045	33	116.8343
group_1413	1407	17538	12.4648	119	51.2042	59	50.7739
group_1414	318	862	2.7107	6	11.4229	3	11.4229
group_1416	1059	20371	19.2361	138	78.8925	69	78.8925
group_19306	561	18924	33.7326	125	134.8962	62	133.8170
group_1417	834	41398	49.6379	287	208.3380	143	207.6120
group_1418	846	6394	7.5579	44	31.4873	22	31.4873
group_1419	258	0	0.0000	0	0.0000	0	0.0000
cas1	1977	2416	1.2221	16	4.8997	8	4.8997
group_1423	963	1092	1.1340	8	5.0294	4	5.0294
group_1422	5769	20599	3.5706	108	11.3338	54	11.3338
group_1424	1509	8724	5.7813	58	23.2697	29	23.2697
hisJ	1512	86595	57.2718	584	233.8372	292	233.8372
group_1425	300	755	2.5167	5	10.0902	2	8.0722
csa3	474	6420	13.5443	46	58.7533	23	58.7533
group_1427	1335	604	0.4524	4	1.8140	2	1.8140
group_1429	1047	24864	23.7479	163	94.2526	81	93.6744
group_1430	657	10690	16.2709	74	68.1897	37	68.1897
group_1432	447	13867	31.0224	96	130.0218	48	130.0218
group_1431	867	302	0.3483	2	1.3966	1	1.3966
tnpISMae24	999	584	0.5846	4	2.4241	2	2.4241
group_19308	1023	12359	12.0811	82	48.5278	41	48.5278
group_1436	381	0	0.0000	0	0.0000	0	0.0000
group_1435	474	12386	26.1308	84	107.2886	42	107.2886
group_1437	3750	1510	0.4027	10	1.6144	5	1.6144
group_1444	294	2355	8.0102	16	32.9477	8	32.9477
group_1438	351	604	1.7208	4	6.8993	2	6.8993
group_1439	924	3281	3.5509	23	15.0698	11	14.4146
group_1440	411	3776	9.1873	28	41.2448	14	41.2448
group_1441	192	0	0.0000	0	0.0000	0	0.0000
group_1442	1113	604	0.5427	4	2.1758	2	2.1758
group_1447	420	6302	15.0048	47	67.7487	23	66.3073
group_1449	192	0	0.0000	0	0.0000	0	0.0000
group_1450	870	17953	20.6356	120	83.5054	60	83.5054
group_1451	1209	36227	29.9644	239	119.6807	119	119.1800
group_1452	843	4826	5.7248	32	22.9813	16	22.9813
group_1453	861	2616	3.0383	18	12.6567	9	12.6567
group_1456	570	5061	8.8789	35	37.1746	17	36.1124
group_1457	2025	82516	40.7486	551	164.7324	275	164.4335
group_1458	1011	5879	5.8150	28	16.7672	14	16.7672
group_1462	378	2013	5.3254	14	22.4227	7	22.4227
group_1460	528	2265	4.2898	15	17.1993	7	16.0526
group_7200	1692	9729	5.7500	65	23.2576	32	22.8998
group_19310	408	0	0.0000	0	0.0000	0	0.0000
group_1465	225	0	0.0000	0	0.0000	0	0.0000
group_1475	1218	302	0.2479	2	0.9941	1	0.9941
group_1467	447	0	0.0000	0	0.0000	0	0.0000
group_1474	258	636	2.4651	5	11.7328	2	9.3863
group_1469	918	46796	50.9760	317	209.0591	158	208.3996
group_1470	780	27147	34.8038	192	149.0250	96	149.0250
group_7217	558	0	0.0000	0	0.0000	0	0.0000
group_1473	948	20203	21.3112	129	82.3823	64	81.7437
group_1476	279	558	2.0000	4	8.6798	2	8.6798
group_1480	2721	1781	0.6545	13	2.8925	6	2.6700
group_1478	294	1067	3.6293	7	14.4146	3	12.3554
group_1479	333	243	0.7297	2	3.6361	1	3.6361
group_19311	408	0	0.0000	0	0.0000	0	0.0000
group_1482	846	0	0.0000	0	0.0000	0	0.0000
group_1484	1143	8048	7.0411	55	29.1319	27	28.6022
nlpD	1854	85444	46.0863	572	186.7836	286	186.7836
group_19312	1359	31493	23.1737	213	94.8883	106	94.4428
group_1486	588	302	0.5136	2	2.0592	1	2.0592
group_1487	294	1957	6.6565	15	30.8885	7	28.8292
group_1489	1197	52410	43.7845	349	176.5159	174	176.0101
group_1491	147	0	0.0000	0	0.0000	0	0.0000
group_17466	342	541	1.5819	5	8.8511	2	7.0809
group_1493	210	727	3.4619	5	14.4146	2	11.5317
group_1495	2502	19325	7.7238	129	31.2144	64	30.9724
group_19314	846	4758	5.6241	32	22.8998	16	22.8998
group_1496	366	302	0.8251	2	3.3083	1	3.3083
group_19315	990	151	0.1525	1	0.6115	0	0.0000
group_19316	195	208	1.0667	2	6.2094	1	6.2094
group_1498	1074	5160	4.8045	34	19.1658	17	19.1658
group_1499	582	1644	2.8247	11	11.4425	5	10.4023
group_19317	1746	104918	60.0905	696	241.3335	348	241.3335
group_1500	612	21140	34.5425	148	146.4073	74	146.4073
group_1501	822	5996	7.2944	41	30.1971	20	29.4605
group_1502	765	0	0.0000	0	0.0000	0	0.0000
group_16600	843	26865	31.8683	180	129.2699	90	129.2699
group_1504	879	15184	17.2742	100	68.8753	50	68.8753
group_1505	612	7560	12.3529	51	50.4512	25	49.4619
group_1506	3579	2718	0.7594	18	3.0448	9	3.0448
group_1507	183	0	0.0000	0	0.0000	0	0.0000
group_19318	222	592	2.6667	4	10.9084	2	10.9084
group_1508	2178	822	0.3774	6	1.6678	3	1.6678
group_15000	2328	16763	7.2006	111	28.8664	55	28.6063
pGRP	2667	28616	10.7297	193	43.8114	96	43.5844
group_1510	333	219	0.6577	2	3.6361	1	3.6361
group_1511	324	1784	5.5062	12	22.4227	6	22.4227
group_1512	1356	6180	4.5575	41	18.3053	20	17.8588
group_1513	261	592	2.2682	4	9.2784	2	9.2784
group_1516	648	302	0.4660	2	1.8686	1	1.8686
group_1518	1065	796	0.7474	6	3.4108	3	3.4108
group_7352	1227	302	0.2461	2	0.9868	1	0.9868
group_7354	660	0	0.0000	0	0.0000	0	0.0000
group_1520	1083	47568	43.9224	320	178.8851	160	178.8851
group_1521	1155	80192	69.4303	537	281.4783	268	280.9541
group_1526	684	11059	16.1681	75	66.3831	37	65.4980
group_1528	342	891	2.6053	6	10.6213	3	10.6213
group_1525	471	911	1.9342	6	7.7123	3	7.7123
group_1527	918	2869	3.1253	19	12.5304	9	11.8709
group_1530	1095	274	0.2502	2	1.1058	1	1.1058
group_1529	210	0	0.0000	0	0.0000	0	0.0000
group_1534	243	1257	5.1728	9	22.4227	4	19.9313
group_1531	1902	19364	10.1809	132	42.0161	66	42.0161
group_19063	570	6006	10.5368	42	44.6095	21	44.6095
group_1538	1032	11652	11.2907	79	46.3447	39	45.7580
group_1537	1194	1444	1.2094	10	5.0705	5	5.0705
group_1539	1113	23612	21.2147	158	85.9438	79	85.9438
group_1541	990	1147	1.1586	8	4.8922	4	4.8922
group_1542	11169	170188	15.2375	492	26.6688	246	26.6688
group_1543	1218	55977	45.9581	380	188.8813	190	188.8813
group_1544	327	18469	56.4801	127	235.1303	63	233.2788
group_1548	408	2457	6.0221	17	25.2256	8	23.7417
group_1546	1080	453	0.4194	3	1.6817	1	1.1211
group_1547	390	0	0.0000	0	0.0000	0	0.0000
group_1553	1005	0	0.0000	0	0.0000	0	0.0000
group_1549	1509	149650	99.1716	999	400.8010	499	400.3998
group_1550	189	0	0.0000	0	0.0000	0	0.0000
group_1551	273	2058	7.5385	16	35.4821	8	35.4821
group_7418	1536	151	0.0983	1	0.3941	0	0.0000
group_19313	675	6241	9.2459	43	38.5671	21	37.6702
group_1554	1341	1963	1.4638	13	5.8690	6	5.4176
group_1555	228	666	2.9211	5	13.2766	2	10.6213
phrB	1554	3013	1.9389	20	7.7917	10	7.7917
group_1559	534	2687	5.0318	18	20.4072	9	20.4072
group_1558	513	447	0.8713	4	4.7206	2	4.7206
group_1562	1020	1057	1.0363	7	4.1548	3	3.5613
group_1560	2304	37200	16.1458	246	64.6406	123	64.6406
group_1561	288	5959	20.6910	43	90.3917	21	88.2896
group_1563	675	0	0.0000	0	0.0000	0	0.0000
group_1564	240	0	0.0000	0	0.0000	0	0.0000
group_1566	534	1714	3.2097	11	12.4711	5	11.3373
group_1567	732	0	0.0000	0	0.0000	0	0.0000
group_1568	1494	1798	1.2035	12	4.8628	6	4.8628
group_1569	189	3056	16.1693	23	73.6747	11	70.4715
group_1570	1335	453	0.3393	3	1.3605	1	0.9070
group_1573	3606	10557	2.9276	70	11.7524	35	11.7524
group_1574	150	0	0.0000	0	0.0000	0	0.0000
group_1576	678	0	0.0000	0	0.0000	0	0.0000
yddW	1023	47292	46.2287	319	188.7850	159	188.1932
group_1579	228	1397	6.1272	10	26.5533	5	26.5533
group_1580	516	0	0.0000	0	0.0000	0	0.0000
group_1582	351	0	0.0000	0	0.0000	0	0.0000
group_1583	888	522	0.5878	4	2.7271	2	2.7271
group_1584	564	6452	11.4397	43	46.1575	21	45.0840
group_1586	990	0	0.0000	0	0.0000	0	0.0000
iolE	1164	1861	1.5988	12	6.2414	6	6.2414
group_1587	861	1207	1.4019	8	5.6252	4	5.6252
group_1588	1017	0	0.0000	0	0.0000	0	0.0000
group_1591	3375	90695	26.8726	606	108.7055	303	108.7055
group_1590	210	0	0.0000	0	0.0000	0	0.0000
group_1596	195	151	0.7744	1	3.1047	0	0.0000
group_1592	1635	3942	2.4110	28	10.3679	14	10.3679
group_1597	9972	3469	0.3479	4	0.2428	2	0.2428
group_1594	1095	3737	3.4128	26	14.3751	13	14.3751
group_1595	201	291	1.4478	2	6.0240	1	6.0240
group_19319	324	1789	5.5216	14	26.1599	7	26.1599
group_18494	180	409	2.2722	3	10.0902	1	6.7268
group_1599	2604	42782	16.4293	292	67.8882	146	67.8882
group_1600	492	5295	10.7622	36	44.2986	18	44.2986
group_7559	129	0	0.0000	0	0.0000	0	0.0000
group_1603	600	0	0.0000	0	0.0000	0	0.0000
group_1606	1194	3396	2.8442	23	11.6621	11	11.1550
group_1605	489	233	0.4765	2	2.4761	1	2.4761
vapC	453	18752	41.3951	134	179.0850	67	179.0850
group_1610	651	1107	1.7005	6	5.5799	3	5.5799
group_1607	1206	14367	11.9129	96	48.1922	48	48.1922
group_1608	819	3013	3.6789	18	13.3058	9	13.3058
group_1609	1311	19919	15.1937	130	60.0334	65	60.0334
group_1611	1053	47426	45.0389	324	186.2813	162	186.2813
group_1613	312	1057	3.3878	7	13.5830	3	11.6426
group_1614	243	0	0.0000	0	0.0000	0	0.0000
group_1623	371	0	0.0000	0	0.0000	0	0.0000
group_1616	354	2142	6.0508	15	25.6531	7	23.9429
group_1617	261	0	0.0000	0	0.0000	0	0.0000
group_1619	189	442	2.3386	4	12.8130	2	12.8130
group_1620	858	151	0.1760	1	0.7056	0	0.0000
group_1624	591	0	0.0000	0	0.0000	0	0.0000
group_1621	1125	0	0.0000	0	0.0000	0	0.0000
group_1622	318	6801	21.3868	50	95.1909	25	95.1909
group_1626	612	1474	2.4085	12	11.8709	6	11.8709
group_1627	219	0	0.0000	0	0.0000	0	0.0000
group_1628	1401	8135	5.8066	53	22.9029	26	22.4708
group_1629	651	2294	3.5238	17	15.8096	8	14.8796
group_1631	1572	13592	8.6463	91	35.0462	45	34.6611
group_1633	288	3584	12.4444	29	60.9618	14	58.8597
group_1634	1185	25634	21.6321	174	88.8963	87	88.8963
group_1637	372	5419	14.5672	37	60.2159	18	58.5885
group_1639	261	0	0.0000	0	0.0000	0	0.0000
group_1638	1095	3541	3.2338	24	13.2694	12	13.2694
group_1640	273	1334	4.8864	11	24.3940	5	22.1763
group_1641	1158	0	0.0000	0	0.0000	0	0.0000
group_1642	1293	453	0.3503	3	1.4047	1	0.9364
group_1643	4119	36917	8.9626	228	33.5116	114	33.5116
group_1644	597	14937	25.0201	102	103.4376	51	103.4376
group_1647	1083	0	0.0000	0	0.0000	0	0.0000
group_1646	612	30643	50.0703	210	207.7401	105	207.7401
group_19320	252	448	1.7778	3	7.2073	1	4.8049
group_1648	276	6351	23.0109	45	98.7088	22	96.5153
group_1649	309	1598	5.1715	11	21.5520	5	19.5927
group_1650	2292	5339	2.3294	35	9.2450	17	8.9808
group_1651	438	15478	35.3379	109	150.6624	54	149.2802
gcd14	1722	10669	6.1957	72	25.3135	36	25.3135
group_7682	552	1975	3.5779	14	15.3547	7	15.3547
group_1653	234	812	3.4701	6	15.5234	3	15.5234
group_1654	16287	28476	1.7484	197	7.3228	98	7.2856
group_1657	243	0	0.0000	0	0.0000	0	0.0000
group_1662	906	35861	39.5817	241	161.0428	120	160.3746
group_1658	1227	56625	46.1491	382	188.4826	191	188.4826
group_16703	282	0	0.0000	0	0.0000	0	0.0000
group_1659	558	9377	16.8047	64	69.4382	32	69.4382
group_1660	210	0	0.0000	0	0.0000	0	0.0000
group_1666	732	302	0.4126	2	1.6541	1	1.6541
group_7704	2547	60391	23.7106	405	96.2673	202	96.0296
group_1663	291	0	0.0000	0	0.0000	0	0.0000
group_1664	1968	906	0.4604	6	1.8458	3	1.8458
group_1671	807	0	0.0000	0	0.0000	0	0.0000
group_7715	342	1093	3.1959	8	14.1617	4	14.1617
group_7717	1281	1359	1.0609	9	4.2535	4	3.7809
group_1668	321	0	0.0000	0	0.0000	0	0.0000
cpcT3	705	24304	34.4738	162	139.1164	81	139.1164
group_1676	342	3981	11.6404	29	51.3363	14	49.5661
group_1670	858	0	0.0000	0	0.0000	0	0.0000
group_1678	3525	1510	0.4284	10	1.7175	5	1.7175
group_1674	489	38789	79.3231	261	323.1351	130	321.8971
group_1675	186	355	1.9086	3	9.7647	1	6.5098
group_1677	699	8590	12.2890	59	51.1008	29	50.2346
group_1680	720	799	1.1097	7	5.8860	3	5.0451
tnpIS30	1197	18374	15.3500	123	62.2105	61	61.7047
group_1679	3306	4082	1.2347	27	4.9444	13	4.7613
group_1682	1926	12821	6.6568	86	27.0330	43	27.0330
group_1683	204	151	0.7402	1	2.9677	0	0.0000
group_7758	150	0	0.0000	0	0.0000	0	0.0000
group_1688	372	151	0.4059	1	1.6275	0	0.0000
group_1686	1245	66068	53.0667	441	214.4479	220	213.9616
group_1691	1173	11427	9.7417	79	40.7738	39	40.2577
group_1689	10611	21216	1.9994	136	7.7595	68	7.7595
group_1690	1008	3801	3.7708	26	15.6158	13	15.6158
group_1692	5679	31268	5.5059	208	22.1740	104	22.1740
group_1694	1236	596	0.4822	4	1.9593	2	1.9593
group_1695	4749	24364	5.1303	162	20.6522	81	20.6522
group_7785	327	733	2.2416	5	9.2571	2	7.4057
group_1697	786	399	0.5076	4	3.0810	2	3.0810
group_1705	210	0	0.0000	0	0.0000	0	0.0000
group_1699	927	10250	11.0572	70	45.7163	35	45.7163
group_7797	825	0	0.0000	0	0.0000	0	0.0000
group_1706	360	6598	18.3278	44	73.9951	22	73.9951
group_1708	3777	302	0.0800	2	0.3206	1	0.3206
group_1710	570	0	0.0000	0	0.0000	0	0.0000
group_19321	540	27676	51.2519	189	211.8949	94	210.7738
group_1707	243	0	0.0000	0	0.0000	0	0.0000
group_7813	879	4004	4.5552	27	18.5963	13	17.9076
group_1712	2871	57117	19.8945	381	80.3423	190	80.1314
group_1713	1335	17003	12.7363	113	51.2448	56	50.7913
group_1715	384	1193	3.1068	8	12.6128	4	12.6128
group_1716	208	2787	13.3990	20	58.2129	10	58.2129
group_1717	1215	111311	91.6140	742	369.7262	371	369.7262
group_1718	1746	0	0.0000	0	0.0000	0	0.0000
group_1719	1341	4340	3.2364	30	13.5439	15	13.5439
group_1721	1752	20303	11.5885	138	47.6867	69	47.6867
group_1727	405	0	0.0000	0	0.0000	0	0.0000
group_1724	897	3122	3.4805	35	23.6226	17	22.9477
group_1725	1227	26700	21.7604	179	88.3204	89	87.8270
group_16145	609	13463	22.1067	94	93.4465	47	93.4465
group_1728	390	1057	2.7103	7	10.8664	3	9.3141
group_19322	936	1208	1.2906	8	5.1745	4	5.1745
group_1729	627	1162	1.8533	8	7.7246	4	7.7246
group_1730	783	1402	1.7905	9	6.9588	4	6.1856
group_1732	1209	7516	6.2167	51	25.5386	25	25.0378
group_1736	948	9563	10.0876	66	42.1491	33	42.1491
group_1733	1197	55477	46.3467	366	185.1141	183	185.1141
group_1734	210	239	1.1381	2	5.7658	1	5.7658
group_1735	681	0	0.0000	0	0.0000	0	0.0000
group_1737	405	10051	24.8173	72	107.6292	36	107.6292
group_1738	1728	31447	18.1985	210	73.5746	105	73.5746
group_1740	1083	5816	5.3703	39	21.8016	19	21.2426
group_1739	624	696	1.1154	5	4.8511	2	3.8809
group_1741	990	7952	8.0323	48	29.3534	24	29.3534
group_19323	180	0	0.0000	0	0.0000	0	0.0000
group_1743	231	0	0.0000	0	0.0000	0	0.0000
group_1746	333	496	1.4895	4	7.2722	2	7.2722
group_17423	813	0	0.0000	0	0.0000	0	0.0000
group_1748	1260	22050	17.5000	151	72.5536	75	72.0731
group_1750	651	7327	11.2550	50	46.4988	25	46.4988
group_1751	411	353	0.8589	2	2.9461	1	2.9461
group_1752	4017	22937	5.7100	139	20.9491	69	20.7984
group_19324	10167	11534	1.1345	76	4.5256	38	4.5256
group_1753	4023	107684	26.7671	711	106.9971	355	106.8466
group_1756	1878	10186	5.4239	69	22.2436	34	21.9213
group_1757	1746	14043	8.0430	93	32.2471	46	31.9004
group_1759	693	23022	33.2208	156	136.2837	78	136.2837
group_1760	492	3275	6.6565	22	27.0714	11	27.0714
group_1761	4563	4686	1.0270	33	4.3784	16	4.2457
group_1762	327	147	0.4495	1	1.8514	0	0.0000
group_1763	1683	3724	2.2127	25	8.9931	12	8.6334
group_1764	2097	0	0.0000	0	0.0000	0	0.0000
group_1765	1155	8918	7.7212	61	31.9743	30	31.4501
group_1766	444	11446	25.7793	79	107.7201	39	106.3565
group_1767	666	9174	13.7748	62	56.3599	31	56.3599
group_1769	1746	302	0.1730	2	0.6935	1	0.6935
group_1770	126	0	0.0000	0	0.0000	0	0.0000
group_1771	621	4800	7.7295	32	31.1969	16	31.1969
group_1772	4938	604	0.1223	4	0.4904	2	0.4904
group_1774	5475	16971	3.0997	84	9.2885	42	9.2885
group_15006	969	6929	7.1507	49	30.6143	24	29.9896
group_15007	807	1244	1.5415	8	6.0016	4	6.0016
group_1775	690	823	1.1928	6	5.2645	3	5.2645
group_1776	1155	3923	3.3965	26	13.6284	13	13.6284
group_1777	1101	19037	17.2906	128	70.3842	64	70.3842
group_1778	5502	6157	1.1190	38	4.1813	19	4.1813
group_1779	291	2950	10.1375	22	45.7701	11	45.7701
group_1780	351	868	2.4729	6	10.3490	3	10.3490
group_1781	1155	64928	56.2147	437	229.0614	218	228.5373
group_1782	432	2695	6.2384	19	26.6270	9	25.2256
group_1783	1104	42172	38.1993	282	154.6438	141	154.6438
group_1785	1194	47700	39.9497	321	162.7621	160	162.2550
group_8067	561	5211	9.2888	37	39.9293	18	38.8501
group_1788	279	1865	6.6846	13	28.2093	6	26.0393
group_1789	1107	28345	25.6052	191	104.4572	95	103.9103
group_1792	177	196	1.1073	2	6.8408	1	6.8408
group_1793	1332	23496	17.6396	156	70.9044	78	70.9044
group_1794	324	0	0.0000	0	0.0000	0	0.0000
group_1795	765	1061	1.3869	7	5.5397	3	4.7483
group_1796	717	4735	6.6039	32	27.0199	16	27.0199
group_14990	1035	7209	6.9652	48	28.0772	24	28.0772
group_1797	321	6140	19.1277	44	82.9851	22	82.9851
group_1798	471	809	1.7176	6	7.7123	3	7.7123
group_1799	231	0	0.0000	0	0.0000	0	0.0000
group_1801	2781	8572	3.0823	57	12.4087	28	12.1910
group_1802	1200	18064	15.0533	122	61.5504	61	61.5504
group_1803	1044	0	0.0000	0	0.0000	0	0.0000
group_19325	210	0	0.0000	0	0.0000	0	0.0000
group_1805	1947	4073	2.0919	33	10.2613	16	9.9503
group_1806	186	147	0.7903	1	3.2549	0	0.0000
group_14747	1119	0	0.0000	0	0.0000	0	0.0000
group_1807	417	22021	52.8082	158	229.3895	79	229.3895
group_1808	567	5198	9.1675	37	39.5067	18	38.4390
group_1809	210	0	0.0000	0	0.0000	0	0.0000
group_1810	288	301	1.0451	2	4.2043	1	4.2043
group_8183	255	0	0.0000	0	0.0000	0	0.0000
group_1816	189	0	0.0000	0	0.0000	0	0.0000
group_1818	1071	2707	2.5275	18	10.1750	9	10.1750
group_1819	1410	453	0.3213	3	1.2881	1	0.8587
fhaB	2535	2114	0.8339	14	3.3435	7	3.3435
group_1825	813	10387	12.7761	72	53.6160	36	53.6160
group_8210	2589	1797	0.6941	12	2.8061	6	2.8061
group_1823	522	1474	2.8238	10	11.5980	5	11.5980
group_1832	1830	9982	5.4546	68	22.4963	34	22.4963
group_15110	2886	53544	18.5530	362	75.9390	181	75.9390
group_17531	762	132	0.1732	2	1.5890	1	1.5890
group_8230	1029	3457	3.3596	23	13.5321	11	12.9437
group_1828	1128	0	0.0000	0	0.0000	0	0.0000
group_1829	2964	10519	3.5489	69	14.0936	34	13.8894
group_1830	555	1057	1.9045	7	7.6359	3	6.5450
group_8244	1773	6192	3.4924	41	14.0000	20	13.6585
group_1834	1284	78346	61.0171	524	247.0693	262	247.0693
group_1835	1017	18261	17.9558	121	72.0306	60	71.4353
group_1838	174	0	0.0000	0	0.0000	0	0.0000
group_8256	1044	0	0.0000	0	0.0000	0	0.0000
group_1839	282	5547	19.6702	38	81.5806	19	81.5806
group_1840	636	369	0.5802	3	2.8557	1	1.9038
group_1842	597	539	0.9028	4	4.0564	2	4.0564
group_1841	807	1510	1.8711	10	7.5020	5	7.5020
group_1843	3141	31715	10.0971	186	35.8507	93	35.8507
group_1846	528	4586	8.6856	32	36.6918	16	36.6918
group_1850	345	1100	3.1884	8	14.0386	4	14.0386
group_1851	324	831	2.5648	6	11.2114	3	11.2114
group_1847	1122	3736	3.3298	25	13.4896	12	12.9500
group_1852	570	0	0.0000	0	0.0000	0	0.0000
group_1849	483	2737	5.6667	20	25.0689	10	25.0689
group_1858	2574	12497	4.8551	83	19.5219	41	19.2867
group_3556	2448	14131	5.7725	94	23.2471	47	23.2471
group_1853	804	151	0.1878	1	0.7530	0	0.0000
group_1854	221	0	0.0000	0	0.0000	0	0.0000
group_1855	1698	12705	7.4823	79	28.1671	39	27.8105
group_1856	666	5422	8.1411	36	32.7251	18	32.7251
group_1857	996	3388	3.4016	24	14.5883	12	14.5883
group_1860	2679	13922	5.1967	94	21.2426	47	21.2426
group_1867	1425	6191	4.3446	41	17.4189	20	16.9941
group_1861	381	151	0.3963	1	1.5890	0	0.0000
group_1862	297	302	1.0168	2	4.0769	1	4.0769
group_1863	2244	2232	0.9947	15	4.0469	7	3.7771
group_1864	1080	302	0.2796	2	1.1211	1	1.1211
group_1865	804	8565	10.6530	57	42.9212	28	42.1681
group_14745	786	1782	2.2672	13	10.0132	6	9.2430
group_1872	360	302	0.8389	2	3.3634	1	3.3634
group_1871	948	0	0.0000	0	0.0000	0	0.0000
group_1873	405	0	0.0000	0	0.0000	0	0.0000
group_1874	4794	18833	3.9285	124	15.6594	62	15.6594
group_1877	255	212	0.8314	2	4.7483	1	4.7483
group_1878	270	2180	8.0741	15	33.6341	7	31.3918
ycjD	492	10774	21.8984	75	92.2887	37	91.0582
group_1885	1146	14873	12.9782	101	53.3567	50	52.8285
group_1879	267	833	3.1199	8	18.1397	4	18.1397
group_1880	570	3204	5.6211	24	25.4911	12	25.4911
sWIM	1197	32076	26.7970	213	107.7303	106	107.2246
group_1882	309	1651	5.3430	11	21.5520	5	19.5927
group_1883	192	250	1.3021	2	6.3064	1	6.3064
group_1884	219	0	0.0000	0	0.0000	0	0.0000
group_1886	1227	0	0.0000	0	0.0000	0	0.0000
group_1889	201	151	0.7512	1	3.0120	0	0.0000
group_1890	738	14347	19.4404	94	77.1124	47	77.1124
group_1892	1944	13520	6.9547	89	27.7170	44	27.4056
group_1891	2352	1808	0.7687	12	3.0888	6	3.0888
group_1893	1188	22314	18.7828	149	75.9316	74	75.4220
group_1896	165	0	0.0000	0	0.0000	0	0.0000
group_1895	279	575	2.0609	3	6.5098	1	4.3399
tnpISMae26~~~tnpIS630	444	0	0.0000	0	0.0000	0	0.0000
group_1897	1269	151	0.1190	1	0.4771	0	0.0000
group_1900	1659	604	0.3641	4	1.4597	2	1.4597
group_1901	1197	2869	2.3968	19	9.6097	9	9.1040
group_1902	405	992	2.4494	6	8.9691	3	8.9691
group_1905	270	2749	10.1815	19	42.6032	9	40.3609
group_1907	342	2094	6.1228	14	24.7830	7	24.7830
group_17460	999	302	0.3023	2	1.2120	1	1.2120
group_1914	342	8424	24.6316	61	107.9832	30	106.2130
tnpISMae24~~~tnpIS630	1113	52068	46.7817	347	188.7500	173	188.2060
group_1911	501	450	0.8982	3	3.6252	1	2.4168
group_1912	801	381	0.4757	3	2.2675	1	1.5116
group_1913	1197	21777	18.1930	145	73.3376	72	72.8318
immA	1188	16512	13.8990	111	56.5665	55	56.0569
group_1917	471	9712	20.6200	70	89.9766	35	89.9766
group_19326	342	617	1.8041	6	10.6213	3	10.6213
group_19327	246	4162	16.9187	34	83.6751	17	83.6751
group_1921	2973	6643	2.2344	44	8.9600	22	8.9600
group_16751	900	281	0.3122	2	1.3454	1	1.3454
group_1924	237	151	0.6371	1	2.5545	0	0.0000
group_1923	711	2114	2.9733	14	11.9210	7	11.9210
group_1933	210	0	0.0000	0	0.0000	0	0.0000
group_1927	183	0	0.0000	0	0.0000	0	0.0000
group_1926	351	0	0.0000	0	0.0000	0	0.0000
group_1928	541	1661	3.0702	11	12.3097	5	11.1906
group_1931	525	0	0.0000	0	0.0000	0	0.0000
