"Clade","SampleID","Date","Rep","Month","Year","lake","Treatment","sample_name","sum_TPM_rel_abund","sum_TPM"
"Mae1","ND-1","18_06_28","R1","06","18","LE","control","18_06_28_R1",0.511945392,5119.4539248
"Mae1","ND-10","18_07_10","R1","07","18","LE","control","18_07_10_R1",0.563544501,5635.445006
"Mae1","ND-11","18_07_10","R1","07","18","LE","quagga","18_07_10_R1",0,0
"Mae1","ND-12","18_07_10","R2","07","18","LE","quagga","18_07_10_R2",0.16371047,1637.104696
"Mae1","ND-13","18_07_10","R3","07","18","LE","quagga","18_07_10_R3",0.831994492,8319.944916
"Mae1","ND-14","18_07_10","R4","07","18","LE","quagga","18_07_10_R4",0.922098569,9220.985691
"Mae1","ND-15","18_07_25","R1","07","18","LE","control","18_07_25_R1",0.376489731,3764.897309
"Mae1","ND-16","18_07_25","R2","07","18","LE","control","18_07_25_R2",0.781717538,7817.175366
"Mae1","ND-17","18_07_25","R3","07","18","LE","control","18_07_25_R3",0.343821877,3438.218766
"Mae1","ND-18","18_07_25","R1","07","18","LE","quagga","18_07_25_R1",0.554960196,5549.60196
"Mae1","ND-19","18_07_25","R2","07","18","LE","quagga","18_07_25_R2",0.555672651,5556.726513
"Mae1","ND-2","18_06_28","R2","06","18","LE","control","18_06_28_R2",1.030984744,10309.847448
"Mae1","ND-20","18_07_25","R3","07","18","LE","quagga","18_07_25_R3",0.437079859,4370.7985863
"Mae1","ND-21","18_07_25","R4","07","18","LE","quagga","18_07_25_R4",0.706907584,7069.07584
"Mae1","ND-22","18_08_15","R1","08","18","LE","control","18_08_15_R1",0.59883207,5988.32071
"Mae1","ND-23","18_08_15","R2","08","18","LE","control","18_08_15_R2",1.451814768,14518.14768
"Mae1","ND-24","18_08_15","R3","08","18","LE","control","18_08_15_R3",0.315878906,3158.789058
"Mae1","ND-25","18_08_15","R1","08","18","LE","quagga","18_08_15_R1",0.358940507,3589.405066
"Mae1","ND-26","18_08_15","R2","08","18","LE","quagga","18_08_15_R2",1.428722244,14287.222435
"Mae1","ND-27","18_08_15","R3","08","18","LE","quagga","18_08_15_R3",0.432213949,4322.1394888
"Mae1","ND-28","18_08_15","R4","08","18","LE","quagga","18_08_15_R4",0.510710239,5107.102394
"Mae1","ND-29","18_10_4","R1","10","18","LE","control","18_10_4_R1",8.66512288,86651.2288046
"Mae1","ND-3","18_06_28","R3","06","18","LE","control","18_06_28_R3",0.651851474,6518.5147571
"Mae1","ND-30","18_10_4","R2","10","18","LE","control","18_10_4_R2",7.071129289,70711.292895
"Mae1","ND-31","18_10_4","R3","10","18","LE","control","18_10_4_R3",6.305207872,63052.078716
"Mae1","ND-32","18_10_4","R1","10","18","LE","quagga","18_10_4_R1",3.078956921,30789.569217
"Mae1","ND-33","18_10_4","R2","10","18","LE","quagga","18_10_4_R2",3.255147856,32551.478558
"Mae1","ND-35","19_07_18","R1","07","19","LE","control","19_07_18_R1",6.766511601,67665.116007
"Mae1","ND-36","19_07_18","R2","07","19","LE","control","19_07_18_R2",8.916218293,89162.182938
"Mae1","ND-37","19_07_18","R3","07","19","LE","control","19_07_18_R3",3.049192075,30491.920745
"Mae1","ND-38","19_07_18","R1","07","19","LE","quagga","19_07_18_R1",1.696606724,16966.067247
"Mae1","ND-39","19_07_18","R2","07","19","LE","quagga","19_07_18_R2",2.288340141,22883.401412
"Mae1","ND-4","18_06_28","R1","06","18","LE","quagga","18_06_28_R1",0.744212119,7442.12118
"Mae1","ND-40","19_07_18","R3","07","19","LE","quagga","19_07_18_R3",3.990642631,39906.42631
"Mae1","ND-41","19_07_18","R4","07","19","LE","quagga","19_07_18_R4",1.837891927,18378.919279
"Mae1","ND-42","19_07_31","R1","07","19","LE","control","19_07_31_R1",1.621406777,16214.0677653
"Mae1","ND-43","19_07_31","R2","07","19","LE","control","19_07_31_R2",1.080089177,10800.8917537
"Mae1","ND-44","19_07_31","R3","07","19","LE","control","19_07_31_R3",1.430251871,14302.5187044
"Mae1","ND-45","19_07_31","R1","07","19","LE","quagga","19_07_31_R1",1.381045209,13810.4520985
"Mae1","ND-46","19_07_31","R2","07","19","LE","quagga","19_07_31_R2",1.360488572,13604.8857103
"Mae1","ND-47","19_07_31","R3","07","19","LE","quagga","19_07_31_R3",1.232738477,12327.3847672
"Mae1","ND-48","19_07_31","R4","07","19","LE","quagga","19_07_31_R4",0.831348319,8313.4832038
"Mae1","ND-49","19_08_13","R1","08","19","LE","control","19_08_13_R1",1.279143039,12791.430372
"Mae1","ND-5","18_06_28","R2","06","18","LE","quagga","18_06_28_R2",0.339000016,3390.000162
"Mae1","ND-50","19_08_13","R2","08","19","LE","control","19_08_13_R2",0.490928405,4909.2840481
"Mae1","ND-51","19_08_13","R3","08","19","LE","control","19_08_13_R3",0.507481371,5074.8137145
"Mae1","ND-52","19_08_13","R4","08","19","LE","control","19_08_13_R4",0.585007666,5850.076656
"Mae1","ND-53","19_08_13","R1","08","19","LE","quagga","19_08_13_R1",0.91679634,9167.963411
"Mae1","ND-54","19_08_13","R2","08","19","LE","quagga","19_08_13_R2",1.013403327,10134.033267
"Mae1","ND-55","19_08_13","R3","08","19","LE","quagga","19_08_13_R3",0.911247624,9112.476237
"Mae1","ND-56","19_08_13","R4","08","19","LE","quagga","19_08_13_R4",0.323667939,3236.67939
"Mae1","ND-57","19_09_18","R1","09","19","LE","control","19_09_18_R1",0,0
"Mae1","ND-58","19_09_18","R2","09","19","LE","control","19_09_18_R2",0.884955752,8849.557522
"Mae1","ND-59","19_09_18","R3","09","19","LE","control","19_09_18_R3",1.129943502,11299.435028
"Mae1","ND-6","18_06_28","R3","06","18","LE","quagga","18_06_28_R3",0.722011362,7220.1136251
"Mae1","ND-60","19_09_18","R1","09","19","LE","quagga","19_09_18_R1",0.477326969,4773.26969
"Mae1","ND-61","19_09_18","R2","09","19","LE","quagga","19_09_18_R2",0.486667002,4866.670023
"Mae1","ND-62","19_09_18","R3","09","19","LE","quagga","19_09_18_R3",0.586958392,5869.583917
"Mae1","ND-63","19_09_18","R4","09","19","LE","quagga","19_09_18_R4",0.380258051,3802.58051
"Mae1","ND-64","19_06_12","R1","06","19","LH","control","19_06_12_R1",6.944444444,69444.44444
"Mae1","ND-65","19_06_12","R2","06","19","LH","control","19_06_12_R2",12.82051282,128205.1282
"Mae1","ND-66","19_06_12","R3","06","19","LH","control","19_06_12_R3",17.741935484,177419.35484
"Mae1","ND-67","19_06_12","R1","06","19","LH","quagga","19_06_12_R1",15.041782732,150417.82732
"Mae1","ND-68","19_06_12","R2","06","19","LH","quagga","19_06_12_R2",29.54545454,295454.5454
"Mae1","ND-69","19_06_12","R3","06","19","LH","quagga","19_06_12_R3",19.379844957,193798.449574
"Mae1","ND-7","18_06_28","R4","06","18","LE","quagga","18_06_28_R4",0.414693373,4146.9337317
"Mae1","ND-70","19_06_12","R4","06","19","LH","quagga","19_06_12_R4",25.83333333,258333.333303
"Mae1","ND-71","19_08_22","R1","08","19","LH","control","19_08_22_R1",13.717377868,137173.778681
"Mae1","ND-72","19_08_22","R2","08","19","LH","control","19_08_22_R2",12.473410282,124734.102819
"Mae1","ND-73","19_08_22","R3","08","19","LH","control","19_08_22_R3",8.337148255,83371.4825735
"Mae1","ND-74","19_08_22","R1","08","19","LH","quagga","19_08_22_R1",7.329358712,73293.5871247
"Mae1","ND-75","19_08_22","R2","08","19","LH","quagga","19_08_22_R2",7.24086096,72408.6095971
"Mae1","ND-76","19_08_22","R4","08","19","LH","quagga","19_08_22_R4",5.377929347,53779.2934922
"Mae1","ND-8","18_07_10","R2","07","18","LE","control","18_07_10_R2",0.331171204,3311.712041
"Mae1","ND-9","18_07_10","R3","07","18","LE","control","18_07_10_R3",1.425948993,14259.489936
"Mae10","ND-1","18_06_28","R1","06","18","LE","control","18_06_28_R1",1.621160409,16211.604095
"Mae10","ND-10","18_07_10","R1","07","18","LE","control","18_07_10_R1",1.127089001,11270.890012
"Mae10","ND-11","18_07_10","R1","07","18","LE","quagga","18_07_10_R1",2.148366963,21483.669632
"Mae10","ND-12","18_07_10","R2","07","18","LE","quagga","18_07_10_R2",3.110498921,31104.989215
"Mae10","ND-13","18_07_10","R3","07","18","LE","quagga","18_07_10_R3",0.623995869,6239.958687
"Mae10","ND-14","18_07_10","R4","07","18","LE","quagga","18_07_10_R4",1.383147854,13831.478538
"Mae10","ND-15","18_07_25","R1","07","18","LE","control","18_07_25_R1",1.505958924,15059.589236
"Mae10","ND-16","18_07_25","R2","07","18","LE","control","18_07_25_R2",0.893391471,8933.914704
"Mae10","ND-17","18_07_25","R3","07","18","LE","control","18_07_25_R3",1.604502091,16045.02091
"Mae10","ND-18","18_07_25","R1","07","18","LE","quagga","18_07_25_R1",1.872990661,18729.906615
"Mae10","ND-19","18_07_25","R2","07","18","LE","quagga","18_07_25_R2",2.778363256,27783.632562
"Mae10","ND-2","18_06_28","R2","06","18","LE","control","18_06_28_R2",0.19330964,1933.0963964
"Mae10","ND-20","18_07_25","R3","07","18","LE","quagga","18_07_25_R3",1.398655547,13986.555477
"Mae10","ND-21","18_07_25","R4","07","18","LE","quagga","18_07_25_R4",2.739266888,27392.66888
"Mae10","ND-22","18_08_15","R1","08","18","LE","control","18_08_15_R1",5.629021468,56290.21468
"Mae10","ND-23","18_08_15","R2","08","18","LE","control","18_08_15_R2",8.130162703,81301.62703
"Mae10","ND-24","18_08_15","R3","08","18","LE","control","18_08_15_R3",5.26464843,52646.484303
"Mae10","ND-25","18_08_15","R1","08","18","LE","quagga","18_08_15_R1",4.905520257,49055.20257
"Mae10","ND-26","18_08_15","R2","08","18","LE","quagga","18_08_15_R2",6.22514692,62251.469192
"Mae10","ND-27","18_08_15","R3","08","18","LE","quagga","18_08_15_R3",3.976368331,39763.683302
"Mae10","ND-28","18_08_15","R4","08","18","LE","quagga","18_08_15_R4",3.489853303,34898.53303
"Mae10","ND-29","18_10_4","R1","10","18","LE","control","18_10_4_R1",12.406880488,124068.804878
"Mae10","ND-3","18_06_28","R3","06","18","LE","control","18_06_28_R3",2.485183751,24851.837509
"Mae10","ND-30","18_10_4","R2","10","18","LE","control","18_10_4_R2",27.418664596,274186.645962
"Mae10","ND-31","18_10_4","R3","10","18","LE","control","18_10_4_R3",24.602673849,246026.738487
"Mae10","ND-32","18_10_4","R1","10","18","LE","quagga","18_10_4_R1",29.796357312,297963.5731213
"Mae10","ND-33","18_10_4","R2","10","18","LE","quagga","18_10_4_R2",25.367703985,253677.039842
"Mae10","ND-35","19_07_18","R1","07","19","LE","control","19_07_18_R1",2.960348826,29603.488256
"Mae10","ND-36","19_07_18","R2","07","19","LE","control","19_07_18_R2",0.557263643,5572.636434
"Mae10","ND-37","19_07_18","R3","07","19","LE","control","19_07_18_R3",1.270496699,12704.966976
"Mae10","ND-38","19_07_18","R1","07","19","LE","quagga","19_07_18_R1",1.211861945,12118.619462
"Mae10","ND-39","19_07_18","R2","07","19","LE","quagga","19_07_18_R2",1.48069068,14806.906796
"Mae10","ND-4","18_06_28","R1","06","18","LE","quagga","18_06_28_R1",0.822550237,8225.502357
"Mae10","ND-40","19_07_18","R3","07","19","LE","quagga","19_07_18_R3",0.748245493,7482.454933
"Mae10","ND-41","19_07_18","R4","07","19","LE","quagga","19_07_18_R4",0.580386924,5803.869246
"Mae10","ND-42","19_07_31","R1","07","19","LE","control","19_07_31_R1",1.552410743,15524.107435
"Mae10","ND-43","19_07_31","R2","07","19","LE","control","19_07_31_R2",1.6543138,16543.138
"Mae10","ND-44","19_07_31","R3","07","19","LE","control","19_07_31_R3",1.734842546,17348.425463
"Mae10","ND-45","19_07_31","R1","07","19","LE","quagga","19_07_31_R1",2.374979262,23749.792621
"Mae10","ND-46","19_07_31","R2","07","19","LE","quagga","19_07_31_R2",1.212609378,12126.0937844
"Mae10","ND-47","19_07_31","R3","07","19","LE","quagga","19_07_31_R3",1.524113026,15241.1302573
"Mae10","ND-48","19_07_31","R4","07","19","LE","quagga","19_07_31_R4",2.04867979,20486.797891
"Mae10","ND-49","19_08_13","R1","08","19","LE","control","19_08_13_R1",1.461877757,14618.777572
"Mae10","ND-5","18_06_28","R2","06","18","LE","quagga","18_06_28_R2",0.734500034,7345.000351
"Mae10","ND-50","19_08_13","R2","08","19","LE","control","19_08_13_R2",0.552294455,5522.944555
"Mae10","ND-51","19_08_13","R3","08","19","LE","control","19_08_13_R3",1.409670476,14096.704763
"Mae10","ND-52","19_08_13","R4","08","19","LE","control","19_08_13_R4",1.462519164,14625.191638
"Mae10","ND-53","19_08_13","R1","08","19","LE","quagga","19_08_13_R1",0.967729471,9677.294713
"Mae10","ND-54","19_08_13","R2","08","19","LE","quagga","19_08_13_R2",0.675602218,6756.022179
"Mae10","ND-55","19_08_13","R3","08","19","LE","quagga","19_08_13_R3",0.455623812,4556.238118
"Mae10","ND-56","19_08_13","R4","08","19","LE","quagga","19_08_13_R4",0.323667939,3236.67939
"Mae10","ND-57","19_09_18","R1","09","19","LE","control","19_09_18_R1",1.666730526,16667.305261
"Mae10","ND-58","19_09_18","R2","09","19","LE","control","19_09_18_R2",3.31858407,33185.8407
"Mae10","ND-59","19_09_18","R3","09","19","LE","control","19_09_18_R3",3.672316384,36723.16384
"Mae10","ND-6","18_06_28","R3","06","18","LE","quagga","18_06_28_R3",5.134303022,51343.030223
"Mae10","ND-60","19_09_18","R1","09","19","LE","quagga","19_09_18_R1",2.147971361,21479.713604
"Mae10","ND-61","19_09_18","R2","09","19","LE","quagga","19_09_18_R2",1.946668009,19466.68009
"Mae10","ND-62","19_09_18","R3","09","19","LE","quagga","19_09_18_R3",0.73369799,7336.9798967
"Mae10","ND-63","19_09_18","R4","09","19","LE","quagga","19_09_18_R4",2.851935382,28519.353825
"Mae10","ND-64","19_06_12","R1","06","19","LH","control","19_06_12_R1",36.111111111,361111.11111
"Mae10","ND-65","19_06_12","R2","06","19","LH","control","19_06_12_R2",30.769230776,307692.30776
"Mae10","ND-66","19_06_12","R3","06","19","LH","control","19_06_12_R3",20.967741936,209677.41936
"Mae10","ND-67","19_06_12","R1","06","19","LH","quagga","19_06_12_R1",38.971891613,389718.916128
"Mae10","ND-68","19_06_12","R2","06","19","LH","quagga","19_06_12_R2",17.045454545,170454.54545
"Mae10","ND-69","19_06_12","R3","06","19","LH","quagga","19_06_12_R3",32.558139539,325581.395394
"Mae10","ND-7","18_06_28","R4","06","18","LE","quagga","18_06_28_R4",1.184838209,11848.3820937
"Mae10","ND-70","19_06_12","R4","06","19","LH","quagga","19_06_12_R4",17.5,175000
"Mae10","ND-71","19_08_22","R1","08","19","LH","control","19_08_22_R1",14.814768098,148147.6809748
"Mae10","ND-72","19_08_22","R2","08","19","LH","control","19_08_22_R2",12.893862314,128938.62314
"Mae10","ND-73","19_08_22","R3","08","19","LH","control","19_08_22_R3",15.810687531,158106.8753188
"Mae10","ND-74","19_08_22","R1","08","19","LH","quagga","19_08_22_R1",12.226266497,122262.6649719
"Mae10","ND-75","19_08_22","R2","08","19","LH","quagga","19_08_22_R2",17.42656968,174265.6967985
"Mae10","ND-76","19_08_22","R4","08","19","LH","quagga","19_08_22_R4",22.103289618,221032.8961839
"Mae10","ND-8","18_07_10","R2","07","18","LE","control","18_07_10_R2",6.954595285,69545.952851
"Mae10","ND-9","18_07_10","R3","07","18","LE","control","18_07_10_R3",1.188290829,11882.90828
"Mae2_(HL/LG)","ND-1","18_06_28","R1","06","18","LE","control","18_06_28_R1",2.303754266,23037.542661
"Mae2_(HL/LG)","ND-10","18_07_10","R1","07","18","LE","control","18_07_10_R1",5.071900505,50719.005046
"Mae2_(HL/LG)","ND-11","18_07_10","R1","07","18","LE","quagga","18_07_10_R1",7.922103177,79221.03177
"Mae2_(HL/LG)","ND-12","18_07_10","R2","07","18","LE","quagga","18_07_10_R2",9.822628173,98226.281736
"Mae2_(HL/LG)","ND-13","18_07_10","R3","07","18","LE","quagga","18_07_10_R3",6.44795731,64479.573097
"Mae2_(HL/LG)","ND-14","18_07_10","R4","07","18","LE","quagga","18_07_10_R4",9.374668787,93746.687868
"Mae2_(HL/LG)","ND-15","18_07_25","R1","07","18","LE","control","18_07_25_R1",25.475805125,254758.051249
"Mae2_(HL/LG)","ND-16","18_07_25","R2","07","18","LE","control","18_07_25_R2",24.009895767,240098.957668
"Mae2_(HL/LG)","ND-17","18_07_25","R3","07","18","LE","control","18_07_25_R3",26.588891788,265888.917883
"Mae2_(HL/LG)","ND-18","18_07_25","R1","07","18","LE","quagga","18_07_25_R1",24.348878597,243488.7859897
"Mae2_(HL/LG)","ND-19","18_07_25","R2","07","18","LE","quagga","18_07_25_R2",24.634820881,246348.2087915
"Mae2_(HL/LG)","ND-2","18_06_28","R2","06","18","LE","control","18_06_28_R2",1.997532943,19975.3294248
"Mae2_(HL/LG)","ND-20","18_07_25","R3","07","18","LE","quagga","18_07_25_R3",21.067249189,210672.4918823
"Mae2_(HL/LG)","ND-21","18_07_25","R4","07","18","LE","quagga","18_07_25_R4",25.09521923,250952.1923
"Mae2_(HL/LG)","ND-22","18_08_15","R1","08","18","LE","control","18_08_15_R1",50.30189396,503018.9396
"Mae2_(HL/LG)","ND-23","18_08_15","R2","08","18","LE","control","18_08_15_R2",50.377972469,503779.724683
"Mae2_(HL/LG)","ND-24","18_08_15","R3","08","18","LE","control","18_08_15_R3",54.331171804,543311.718034
"Mae2_(HL/LG)","ND-25","18_08_15","R1","08","18","LE","quagga","18_08_15_R1",56.473306377,564733.063768
"Mae2_(HL/LG)","ND-26","18_08_15","R2","08","18","LE","quagga","18_08_15_R2",54.087342086,540873.420845
"Mae2_(HL/LG)","ND-27","18_08_15","R3","08","18","LE","quagga","18_08_15_R3",56.792912884,567929.128826
"Mae2_(HL/LG)","ND-28","18_08_15","R4","08","18","LE","quagga","18_08_15_R4",56.263244707,562632.4470922
"Mae2_(HL/LG)","ND-29","18_10_4","R1","10","18","LE","control","18_10_4_R1",9.255926713,92559.2671346
"Mae2_(HL/LG)","ND-3","18_06_28","R3","06","18","LE","control","18_06_28_R3",15.03332466,150333.2466129
"Mae2_(HL/LG)","ND-30","18_10_4","R2","10","18","LE","control","18_10_4_R2",20.491844063,204918.440634
"Mae2_(HL/LG)","ND-31","18_10_4","R3","10","18","LE","control","18_10_4_R3",19.039255142,190392.551418
"Mae2_(HL/LG)","ND-32","18_10_4","R1","10","18","LE","quagga","18_10_4_R1",27.611291107,276112.9110763
"Mae2_(HL/LG)","ND-33","18_10_4","R2","10","18","LE","quagga","18_10_4_R2",26.714661712,267146.617121
"Mae2_(HL/LG)","ND-35","19_07_18","R1","07","19","LE","control","19_07_18_R1",4.440523238,44405.23238
"Mae2_(HL/LG)","ND-36","19_07_18","R2","07","19","LE","control","19_07_18_R2",4.736740969,47367.409687
"Mae2_(HL/LG)","ND-37","19_07_18","R3","07","19","LE","control","19_07_18_R3",7.877079526,78770.79526
"Mae2_(HL/LG)","ND-38","19_07_18","R1","07","19","LE","quagga","19_07_18_R1",9.45252318,94525.231804
"Mae2_(HL/LG)","ND-39","19_07_18","R2","07","19","LE","quagga","19_07_18_R2",4.038247307,40382.473074
"Mae2_(HL/LG)","ND-4","18_06_28","R1","06","18","LE","quagga","18_06_28_R1",4.896132355,48961.323554
"Mae2_(HL/LG)","ND-40","19_07_18","R3","07","19","LE","quagga","19_07_18_R3",5.985963947,59859.63947
"Mae2_(HL/LG)","ND-41","19_07_18","R4","07","19","LE","quagga","19_07_18_R4",6.190793862,61907.938627
"Mae2_(HL/LG)","ND-42","19_07_31","R1","07","19","LE","control","19_07_31_R1",6.129147603,61291.4760186
"Mae2_(HL/LG)","ND-43","19_07_31","R2","07","19","LE","control","19_07_31_R2",4.675829089,46758.2908827
"Mae2_(HL/LG)","ND-44","19_07_31","R3","07","19","LE","control","19_07_31_R3",6.277216544,62772.1654251
"Mae2_(HL/LG)","ND-45","19_07_31","R1","07","19","LE","quagga","19_07_31_R1",6.099616344,60996.1634377
"Mae2_(HL/LG)","ND-46","19_07_31","R2","07","19","LE","quagga","19_07_31_R2",5.895450476,58954.5047448
"Mae2_(HL/LG)","ND-47","19_07_31","R3","07","19","LE","quagga","19_07_31_R3",5.233535168,52335.3516916
"Mae2_(HL/LG)","ND-48","19_07_31","R4","07","19","LE","quagga","19_07_31_R4",4.572415762,45724.1576154
"Mae2_(HL/LG)","ND-49","19_08_13","R1","08","19","LE","control","19_08_13_R1",47.054190302,470541.903018
"Mae2_(HL/LG)","ND-5","18_06_28","R2","06","18","LE","quagga","18_06_28_R2",2.542500121,25425.00121
"Mae2_(HL/LG)","ND-50","19_08_13","R2","08","19","LE","control","19_08_13_R2",52.713437468,527134.3746724
"Mae2_(HL/LG)","ND-51","19_08_13","R3","08","19","LE","control","19_08_13_R3",57.68371588,576837.15881
"Mae2_(HL/LG)","ND-52","19_08_13","R4","08","19","LE","control","19_08_13_R4",56.35573845,563557.384496
"Mae2_(HL/LG)","ND-53","19_08_13","R1","08","19","LE","quagga","19_08_13_R1",48.590206084,485902.0608461
"Mae2_(HL/LG)","ND-54","19_08_13","R2","08","19","LE","quagga","19_08_13_R2",56.863186676,568631.8667552
"Mae2_(HL/LG)","ND-55","19_08_13","R3","08","19","LE","quagga","19_08_13_R3",64.01514557,640151.455699
"Mae2_(HL/LG)","ND-56","19_08_13","R4","08","19","LE","quagga","19_08_13_R4",53.728877882,537288.778805
"Mae2_(HL/LG)","ND-57","19_09_18","R1","09","19","LE","control","19_09_18_R1",61.854221741,618542.21741
"Mae2_(HL/LG)","ND-58","19_09_18","R2","09","19","LE","control","19_09_18_R2",64.601769904,646017.699042
"Mae2_(HL/LG)","ND-59","19_09_18","R3","09","19","LE","control","19_09_18_R3",64.689265536,646892.65536
"Mae2_(HL/LG)","ND-6","18_06_28","R3","06","18","LE","quagga","18_06_28_R3",0.882458332,8824.58332
"Mae2_(HL/LG)","ND-60","19_09_18","R1","09","19","LE","quagga","19_09_18_R1",75.576770094,755767.7009313
"Mae2_(HL/LG)","ND-61","19_09_18","R2","09","19","LE","quagga","19_09_18_R2",54.263370746,542633.707467
"Mae2_(HL/LG)","ND-62","19_09_18","R3","09","19","LE","quagga","19_09_18_R3",78.94590369,789459.0368935
"Mae2_(HL/LG)","ND-63","19_09_18","R4","09","19","LE","quagga","19_09_18_R4",72.058900657,720589.00658
"Mae2_(HL/LG)","ND-64","19_06_12","R1","06","19","LH","control","19_06_12_R1",13.888888888,138888.88888
"Mae2_(HL/LG)","ND-65","19_06_12","R2","06","19","LH","control","19_06_12_R2",3.846153846,38461.53846
"Mae2_(HL/LG)","ND-66","19_06_12","R3","06","19","LH","control","19_06_12_R3",9.677419355,96774.19355
"Mae2_(HL/LG)","ND-67","19_06_12","R1","06","19","LH","quagga","19_06_12_R1",5.469739175,54697.39175
"Mae2_(HL/LG)","ND-68","19_06_12","R2","06","19","LH","quagga","19_06_12_R2",6.818181818,68181.81818
"Mae2_(HL/LG)","ND-69","19_06_12","R3","06","19","LH","quagga","19_06_12_R3",4.651162791,46511.62791
"Mae2_(HL/LG)","ND-7","18_06_28","R4","06","18","LE","quagga","18_06_28_R4",3.258305075,32583.0507527
"Mae2_(HL/LG)","ND-70","19_06_12","R4","06","19","LH","quagga","19_06_12_R4",8.333333334,83333.33334
"Mae2_(HL/LG)","ND-71","19_08_22","R1","08","19","LH","control","19_08_22_R1",31.275621544,312756.215428
"Mae2_(HL/LG)","ND-72","19_08_22","R2","08","19","LH","control","19_08_22_R2",33.56608722,335660.8721924
"Mae2_(HL/LG)","ND-73","19_08_22","R3","08","19","LH","control","19_08_22_R3",32.518199781,325181.9978185
"Mae2_(HL/LG)","ND-74","19_08_22","R1","08","19","LH","quagga","19_08_22_R1",45.60845486,456084.5486177
"Mae2_(HL/LG)","ND-75","19_08_22","R2","08","19","LH","quagga","19_08_22_R2",35.442108915,354421.0891386
"Mae2_(HL/LG)","ND-76","19_08_22","R4","08","19","LH","quagga","19_08_22_R4",36.112795581,361127.9558131
"Mae2_(HL/LG)","ND-8","18_07_10","R2","07","18","LE","control","18_07_10_R2",3.974054449,39740.544496
"Mae2_(HL/LG)","ND-9","18_07_10","R3","07","18","LE","control","18_07_10_R3",7.129744968,71297.449684
"Mae2_(LL/LG)","ND-1","18_06_28","R1","06","18","LE","control","18_06_28_R1",0.170648464,1706.4846416
"Mae2_(LL/LG)","ND-10","18_07_10","R1","07","18","LE","control","18_07_10_R1",1.127089001,11270.890012
"Mae2_(LL/LG)","ND-11","18_07_10","R1","07","18","LE","quagga","18_07_10_R1",0.537091741,5370.917408
"Mae2_(LL/LG)","ND-12","18_07_10","R2","07","18","LE","quagga","18_07_10_R2",1.964525635,19645.256348
"Mae2_(LL/LG)","ND-13","18_07_10","R3","07","18","LE","quagga","18_07_10_R3",0.831994492,8319.944916
"Mae2_(LL/LG)","ND-14","18_07_10","R4","07","18","LE","quagga","18_07_10_R4",1.536830949,15368.309489
"Mae2_(LL/LG)","ND-15","18_07_25","R1","07","18","LE","control","18_07_25_R1",0.878476039,8784.760388
"Mae2_(LL/LG)","ND-16","18_07_25","R2","07","18","LE","control","18_07_25_R2",1.005065404,10050.654042
"Mae2_(LL/LG)","ND-17","18_07_25","R3","07","18","LE","control","18_07_25_R3",1.719109382,17191.093828
"Mae2_(LL/LG)","ND-18","18_07_25","R1","07","18","LE","quagga","18_07_25_R1",1.38740049,13874.004899
"Mae2_(LL/LG)","ND-19","18_07_25","R2","07","18","LE","quagga","18_07_25_R2",2.500526931,25005.2693085
"Mae2_(LL/LG)","ND-2","18_06_28","R2","06","18","LE","control","18_06_28_R2",0.38661928,3866.1927928
"Mae2_(LL/LG)","ND-20","18_07_25","R3","07","18","LE","quagga","18_07_25_R3",1.398655547,13986.555477
"Mae2_(LL/LG)","ND-21","18_07_25","R4","07","18","LE","quagga","18_07_25_R4",1.060361376,10603.61376
"Mae2_(LL/LG)","ND-22","18_08_15","R1","08","18","LE","control","18_08_15_R1",4.31159091,43115.90911
"Mae2_(LL/LG)","ND-23","18_08_15","R2","08","18","LE","control","18_08_15_R2",3.048811015,30488.110141
"Mae2_(LL/LG)","ND-24","18_08_15","R3","08","18","LE","control","18_08_15_R3",3.685253901,36852.539008
"Mae2_(LL/LG)","ND-25","18_08_15","R1","08","18","LE","quagga","18_08_15_R1",2.273289875,22732.898754
"Mae2_(LL/LG)","ND-26","18_08_15","R2","08","18","LE","quagga","18_08_15_R2",2.551289721,25512.897207
"Mae2_(LL/LG)","ND-27","18_08_15","R3","08","18","LE","quagga","18_08_15_R3",5.359452966,53594.5296558
"Mae2_(LL/LG)","ND-28","18_08_15","R4","08","18","LE","quagga","18_08_15_R4",3.574971676,35749.7167604
"Mae2_(LL/LG)","ND-29","18_10_4","R1","10","18","LE","control","18_10_4_R1",3.249421079,32494.2107996
"Mae2_(LL/LG)","ND-3","18_06_28","R3","06","18","LE","control","18_06_28_R3",0.081481434,814.8143446
"Mae2_(LL/LG)","ND-30","18_10_4","R2","10","18","LE","control","18_10_4_R2",9.668686989,96686.869895
"Mae2_(LL/LG)","ND-31","18_10_4","R3","10","18","LE","control","18_10_4_R3",12.981310323,129813.103229
"Mae2_(LL/LG)","ND-32","18_10_4","R1","10","18","LE","quagga","18_10_4_R1",12.117185305,121171.853053
"Mae2_(LL/LG)","ND-33","18_10_4","R2","10","18","LE","quagga","18_10_4_R2",17.73494349,177349.434894
"Mae2_(LL/LG)","ND-35","19_07_18","R1","07","19","LE","control","19_07_18_R1",3.806162775,38061.62775
"Mae2_(LL/LG)","ND-36","19_07_18","R2","07","19","LE","control","19_07_18_R2",2.786318217,27863.182174
"Mae2_(LL/LG)","ND-37","19_07_18","R3","07","19","LE","control","19_07_18_R3",2.795092735,27950.927351
"Mae2_(LL/LG)","ND-38","19_07_18","R1","07","19","LE","quagga","19_07_18_R1",2.666096281,26660.96282
"Mae2_(LL/LG)","ND-39","19_07_18","R2","07","19","LE","quagga","19_07_18_R2",1.615298923,16152.98923
"Mae2_(LL/LG)","ND-4","18_06_28","R1","06","18","LE","quagga","18_06_28_R1",0.430859648,4308.5964729
"Mae2_(LL/LG)","ND-40","19_07_18","R3","07","19","LE","quagga","19_07_18_R3",3.865935047,38659.350484
"Mae2_(LL/LG)","ND-41","19_07_18","R4","07","19","LE","quagga","19_07_18_R4",3.77251501,37725.150107
"Mae2_(LL/LG)","ND-42","19_07_31","R1","07","19","LE","control","19_07_31_R1",0.827952396,8279.5239646
"Mae2_(LL/LG)","ND-43","19_07_31","R2","07","19","LE","control","19_07_31_R2",0.765632834,7656.3283311
"Mae2_(LL/LG)","ND-44","19_07_31","R3","07","19","LE","control","19_07_31_R3",1.152147339,11521.4734009
"Mae2_(LL/LG)","ND-45","19_07_31","R1","07","19","LE","quagga","19_07_31_R1",1.140408546,11404.0854464
"Mae2_(LL/LG)","ND-46","19_07_31","R2","07","19","LE","quagga","19_07_31_R2",1.064730186,10647.3018608
"Mae2_(LL/LG)","ND-47","19_07_31","R3","07","19","LE","quagga","19_07_31_R3",0.963777356,9637.7735458
"Mae2_(LL/LG)","ND-48","19_07_31","R4","07","19","LE","quagga","19_07_31_R4",1.172794953,11727.9495182
"Mae2_(LL/LG)","ND-49","19_08_13","R1","08","19","LE","control","19_08_13_R1",20.466288599,204662.885986
"Mae2_(LL/LG)","ND-5","18_06_28","R2","06","18","LE","quagga","18_06_28_R2",1.07350005,10735.000513
"Mae2_(LL/LG)","ND-50","19_08_13","R2","08","19","LE","control","19_08_13_R2",16.262003412,162620.034116
"Mae2_(LL/LG)","ND-51","19_08_13","R3","08","19","LE","control","19_08_13_R3",10.769882438,107698.824384
"Mae2_(LL/LG)","ND-52","19_08_13","R4","08","19","LE","control","19_08_13_R4",16.965222303,169652.223026
"Mae2_(LL/LG)","ND-53","19_08_13","R1","08","19","LE","quagga","19_08_13_R1",15.381805281,153818.0528077
"Mae2_(LL/LG)","ND-54","19_08_13","R2","08","19","LE","quagga","19_08_13_R2",12.836442139,128364.421394
"Mae2_(LL/LG)","ND-55","19_08_13","R3","08","19","LE","quagga","19_08_13_R3",7.973416707,79734.167067
"Mae2_(LL/LG)","ND-56","19_08_13","R4","08","19","LE","quagga","19_08_13_R4",14.241389318,142413.893175
"Mae2_(LL/LG)","ND-57","19_09_18","R1","09","19","LE","control","19_09_18_R1",21.852689125,218526.891247
"Mae2_(LL/LG)","ND-58","19_09_18","R2","09","19","LE","control","19_09_18_R2",14.60176991,146017.6991
"Mae2_(LL/LG)","ND-59","19_09_18","R3","09","19","LE","control","19_09_18_R3",13.559322033,135593.220339
"Mae2_(LL/LG)","ND-6","18_06_28","R3","06","18","LE","quagga","18_06_28_R3",0.160446969,1604.4696946
"Mae2_(LL/LG)","ND-60","19_09_18","R1","09","19","LE","quagga","19_09_18_R1",7.716785998,77167.859981
"Mae2_(LL/LG)","ND-61","19_09_18","R2","09","19","LE","quagga","19_09_18_R2",24.820017121,248200.171213
"Mae2_(LL/LG)","ND-62","19_09_18","R3","09","19","LE","quagga","19_09_18_R3",9.684813463,96848.134625
"Mae2_(LL/LG)","ND-63","19_09_18","R4","09","19","LE","quagga","19_09_18_R4",14.259676911,142596.76911
"Mae2_(LL/LG)","ND-64","19_06_12","R1","06","19","LH","control","19_06_12_R1",11.111111111,111111.11111
"Mae2_(LL/LG)","ND-65","19_06_12","R2","06","19","LH","control","19_06_12_R2",10.256410256,102564.10256
"Mae2_(LL/LG)","ND-66","19_06_12","R3","06","19","LH","control","19_06_12_R3",4.838709678,48387.09678
"Mae2_(LL/LG)","ND-67","19_06_12","R1","06","19","LH","quagga","19_06_12_R1",0.683717397,6837.173968
"Mae2_(LL/LG)","ND-68","19_06_12","R2","06","19","LH","quagga","19_06_12_R2",6.818181818,68181.81818
"Mae2_(LL/LG)","ND-69","19_06_12","R3","06","19","LH","quagga","19_06_12_R3",6.201550388,62015.50388
"Mae2_(LL/LG)","ND-7","18_06_28","R4","06","18","LE","quagga","18_06_28_R4",0.414693373,4146.9337317
"Mae2_(LL/LG)","ND-70","19_06_12","R4","06","19","LH","quagga","19_06_12_R4",10.833333334,108333.33334
"Mae2_(LL/LG)","ND-71","19_08_22","R1","08","19","LH","control","19_08_22_R1",8.962020208,89620.202077
"Mae2_(LL/LG)","ND-72","19_08_22","R2","08","19","LH","control","19_08_22_R2",15.837026536,158370.2653686
"Mae2_(LL/LG)","ND-73","19_08_22","R3","08","19","LH","control","19_08_22_R3",9.134325779,91343.2577993
"Mae2_(LL/LG)","ND-74","19_08_22","R1","08","19","LH","quagga","19_08_22_R1",5.921097649,59210.9764948
"Mae2_(LL/LG)","ND-75","19_08_22","R2","08","19","LH","quagga","19_08_22_R2",9.215641223,92156.4122183
"Mae2_(LL/LG)","ND-76","19_08_22","R4","08","19","LH","quagga","19_08_22_R4",5.646825816,56468.2581667
"Mae2_(LL/LG)","ND-8","18_07_10","R2","07","18","LE","control","18_07_10_R2",0.662342408,6623.424082
"Mae2_(LL/LG)","ND-9","18_07_10","R3","07","18","LE","control","18_07_10_R3",3.089556153,30895.561526
"Mae3_1","ND-1","18_06_28","R1","06","18","LE","control","18_06_28_R1",39.931740611,399317.4061168
"Mae3_1","ND-10","18_07_10","R1","07","18","LE","control","18_07_10_R1",30.994947531,309949.475305
"Mae3_1","ND-11","18_07_10","R1","07","18","LE","quagga","18_07_10_R1",24.0348554,240348.553996
"Mae3_1","ND-12","18_07_10","R2","07","18","LE","quagga","18_07_10_R2",28.321911238,283219.112372
"Mae3_1","ND-13","18_07_10","R3","07","18","LE","quagga","18_07_10_R3",33.071781039,330717.810382
"Mae3_1","ND-14","18_07_10","R4","07","18","LE","quagga","18_07_10_R4",21.054584,210545.840002
"Mae3_1","ND-15","18_07_25","R1","07","18","LE","control","18_07_25_R1",29.115205857,291152.058565
"Mae3_1","ND-16","18_07_25","R2","07","18","LE","control","18_07_25_R2",28.365179182,283651.791813
"Mae3_1","ND-17","18_07_25","R3","07","18","LE","control","18_07_25_R3",24.411353234,244113.532354
"Mae3_1","ND-18","18_07_25","R1","07","18","LE","quagga","18_07_25_R1",34.199422077,341994.2207789
"Mae3_1","ND-19","18_07_25","R2","07","18","LE","quagga","18_07_25_R2",31.025056364,310250.5636255
"Mae3_1","ND-2","18_06_28","R2","06","18","LE","control","18_06_28_R2",28.867572854,288675.728533
"Mae3_1","ND-20","18_07_25","R3","07","18","LE","quagga","18_07_25_R3",35.316052581,353160.5258136
"Mae3_1","ND-21","18_07_25","R4","07","18","LE","quagga","18_07_25_R4",30.838843352,308388.43352
"Mae3_1","ND-22","18_08_15","R1","08","18","LE","control","18_08_15_R1",11.258042934,112580.42934
"Mae3_1","ND-23","18_08_15","R2","08","18","LE","control","18_08_15_R2",7.694618273,76946.182731
"Mae3_1","ND-24","18_08_15","R3","08","18","LE","control","18_08_15_R3",7.896972645,78969.72645
"Mae3_1","ND-25","18_08_15","R1","08","18","LE","quagga","18_08_15_R1",9.93068735,99306.873503
"Mae3_1","ND-26","18_08_15","R2","08","18","LE","quagga","18_08_15_R2",8.980539819,89805.398177
"Mae3_1","ND-27","18_08_15","R3","08","18","LE","quagga","18_08_15_R3",8.990050137,89900.5013672
"Mae3_1","ND-28","18_08_15","R4","08","18","LE","quagga","18_08_15_R4",8.42671895,84267.1895124
"Mae3_1","ND-29","18_10_4","R1","10","18","LE","control","18_10_4_R1",1.673944192,16739.441924
"Mae3_1","ND-3","18_06_28","R3","06","18","LE","control","18_06_28_R3",28.681464931,286814.6493146
"Mae3_1","ND-30","18_10_4","R2","10","18","LE","control","18_10_4_R2",2.164631415,21646.314151
"Mae3_1","ND-31","18_10_4","R3","10","18","LE","control","18_10_4_R3",2.472630539,24726.305379
"Mae3_1","ND-32","18_10_4","R1","10","18","LE","quagga","18_10_4_R1",2.582350966,25823.5096693
"Mae3_1","ND-33","18_10_4","R2","10","18","LE","quagga","18_10_4_R2",2.244929557,22449.29556
"Mae3_1","ND-35","19_07_18","R1","07","19","LE","control","19_07_18_R1",9.726860426,97268.604261
"Mae3_1","ND-36","19_07_18","R2","07","19","LE","control","19_07_18_R2",5.572636432,55726.364324
"Mae3_1","ND-37","19_07_18","R3","07","19","LE","control","19_07_18_R3",8.385278204,83852.782042
"Mae3_1","ND-38","19_07_18","R1","07","19","LE","quagga","19_07_18_R1",9.452523178,94525.231795
"Mae3_1","ND-39","19_07_18","R2","07","19","LE","quagga","19_07_18_R2",9.826401782,98264.017818
"Mae3_1","ND-4","18_06_28","R1","06","18","LE","quagga","18_06_28_R1",26.713298129,267132.9812859
"Mae3_1","ND-40","19_07_18","R3","07","19","LE","quagga","19_07_18_R3",7.233039767,72330.39768
"Mae3_1","ND-41","19_07_18","R4","07","19","LE","quagga","19_07_18_R4",14.316210805,143162.108063
"Mae3_1","ND-42","19_07_31","R1","07","19","LE","control","19_07_31_R1",25.10305669,251030.5668913
"Mae3_1","ND-43","19_07_31","R2","07","19","LE","control","19_07_31_R2",27.658486094,276584.8609361
"Mae3_1","ND-44","19_07_31","R3","07","19","LE","control","19_07_31_R3",25.400213773,254002.137733
"Mae3_1","ND-45","19_07_31","R1","07","19","LE","quagga","19_07_31_R1",25.570261309,255702.6130956
"Mae3_1","ND-46","19_07_31","R2","07","19","LE","quagga","19_07_31_R2",25.445079725,254450.7972328
"Mae3_1","ND-47","19_07_31","R3","07","19","LE","quagga","19_07_31_R3",24.453048695,244530.4869403
"Mae3_1","ND-48","19_07_31","R4","07","19","LE","quagga","19_07_31_R4",19.49214901,194921.4901068
"Mae3_1","ND-49","19_08_13","R1","08","19","LE","control","19_08_13_R1",8.405797103,84057.971016
"Mae3_1","ND-5","18_06_28","R2","06","18","LE","quagga","18_06_28_R2",32.883001569,328830.015705
"Mae3_1","ND-50","19_08_13","R2","08","19","LE","control","19_08_13_R2",8.652613136,86526.131355
"Mae3_1","ND-51","19_08_13","R3","08","19","LE","control","19_08_13_R3",7.894154666,78941.546674
"Mae3_1","ND-52","19_08_13","R4","08","19","LE","control","19_08_13_R4",8.287608596,82876.08596
"Mae3_1","ND-53","19_08_13","R1","08","19","LE","quagga","19_08_13_R1",10.899689833,108996.8983417
"Mae3_1","ND-54","19_08_13","R2","08","19","LE","quagga","19_08_13_R2",5.855219221,58552.192211
"Mae3_1","ND-55","19_08_13","R3","08","19","LE","quagga","19_08_13_R3",6.264827413,62648.274128
"Mae3_1","ND-56","19_08_13","R4","08","19","LE","quagga","19_08_13_R4",9.871872141,98718.7214
"Mae3_1","ND-57","19_09_18","R1","09","19","LE","control","19_09_18_R1",3.889037893,38890.378941
"Mae3_1","ND-58","19_09_18","R2","09","19","LE","control","19_09_18_R2",6.637168141,66371.681412
"Mae3_1","ND-59","19_09_18","R3","09","19","LE","control","19_09_18_R3",2.824858757,28248.587572
"Mae3_1","ND-6","18_06_28","R3","06","18","LE","quagga","18_06_28_R3",43.882246147,438822.4614788
"Mae3_1","ND-60","19_09_18","R1","09","19","LE","quagga","19_09_18_R1",3.579952266,35799.522673
"Mae3_1","ND-61","19_09_18","R2","09","19","LE","quagga","19_09_18_R2",5.353337025,53533.370255
"Mae3_1","ND-62","19_09_18","R3","09","19","LE","quagga","19_09_18_R3",1.980984573,19809.8457207
"Mae3_1","ND-63","19_09_18","R4","09","19","LE","quagga","19_09_18_R4",2.851935381,28519.353825
"Mae3_1","ND-64","19_06_12","R1","06","19","LH","control","19_06_12_R1",8.333333334,83333.33334
"Mae3_1","ND-65","19_06_12","R2","06","19","LH","control","19_06_12_R2",14.102564102,141025.64102
"Mae3_1","ND-66","19_06_12","R3","06","19","LH","control","19_06_12_R3",11.290322581,112903.22581
"Mae3_1","ND-67","19_06_12","R1","06","19","LH","quagga","19_06_12_R1",8.204608762,82046.08762
"Mae3_1","ND-68","19_06_12","R2","06","19","LH","quagga","19_06_12_R2",11.363636364,113636.36364
"Mae3_1","ND-69","19_06_12","R3","06","19","LH","quagga","19_06_12_R3",10.852713179,108527.13179
"Mae3_1","ND-7","18_06_28","R4","06","18","LE","quagga","18_06_28_R4",38.507241809,385072.418093
"Mae3_1","ND-70","19_06_12","R4","06","19","LH","quagga","19_06_12_R4",8.333333333,83333.33333
"Mae3_1","ND-71","19_08_22","R1","08","19","LH","control","19_08_22_R1",7.041587307,70415.8730539
"Mae3_1","ND-72","19_08_22","R2","08","19","LH","control","19_08_22_R2",5.67610243,56761.024313
"Mae3_1","ND-73","19_08_22","R3","08","19","LH","control","19_08_22_R3",7.706049386,77060.4938557
"Mae3_1","ND-74","19_08_22","R1","08","19","LH","quagga","19_08_22_R1",7.969477374,79694.7737605
"Mae3_1","ND-75","19_08_22","R2","08","19","LH","quagga","19_08_22_R2",7.864475782,78644.7577949
"Mae3_1","ND-76","19_08_22","R4","08","19","LH","quagga","19_08_22_R4",6.211508398,62115.0839818
"Mae3_1","ND-8","18_07_10","R2","07","18","LE","control","18_07_10_R2",24.837840305,248378.403056
"Mae3_1","ND-9","18_07_10","R3","07","18","LE","control","18_07_10_R3",28.281321706,282813.217064
"Mae3_2","ND-1","18_06_28","R1","06","18","LE","control","18_06_28_R1",20.307167234,203071.672342
"Mae3_2","ND-10","18_07_10","R1","07","18","LE","control","18_07_10_R1",14.37038476,143703.8476
"Mae3_2","ND-11","18_07_10","R1","07","18","LE","quagga","18_07_10_R1",17.455481575,174554.815752
"Mae3_2","ND-12","18_07_10","R2","07","18","LE","quagga","18_07_10_R2",14.57023179,145702.317896
"Mae3_2","ND-13","18_07_10","R3","07","18","LE","quagga","18_07_10_R3",12.687915993,126879.159929
"Mae3_2","ND-14","18_07_10","R4","07","18","LE","quagga","18_07_10_R4",14.446210915,144462.109149
"Mae3_2","ND-15","18_07_25","R1","07","18","LE","control","18_07_25_R1",9.412243273,94122.43273
"Mae3_2","ND-16","18_07_25","R2","07","18","LE","control","18_07_25_R2",12.619154518,126191.545176
"Mae3_2","ND-17","18_07_25","R3","07","18","LE","control","18_07_25_R3",15.58659174,155865.9174
"Mae3_2","ND-18","18_07_25","R1","07","18","LE","quagga","18_07_25_R1",12.07038426,120703.8426
"Mae3_2","ND-19","18_07_25","R2","07","18","LE","quagga","18_07_25_R2",10.27994405,102799.4405
"Mae3_2","ND-2","18_06_28","R2","06","18","LE","control","18_06_28_R2",30.671796153,306717.961531
"Mae3_2","ND-20","18_07_25","R3","07","18","LE","quagga","18_07_25_R3",15.472627,154726.27
"Mae3_2","ND-21","18_07_25","R4","07","18","LE","quagga","18_07_25_R4",8.924708248,89247.08248
"Mae3_2","ND-22","18_08_15","R1","08","18","LE","control","18_08_15_R1",11.01851011,110185.1011
"Mae3_2","ND-23","18_08_15","R2","08","18","LE","control","18_08_15_R2",3.629536921,36295.36921
"Mae3_2","ND-24","18_08_15","R3","08","18","LE","control","18_08_15_R3",5.369941399,53699.41399
"Mae3_2","ND-25","18_08_15","R1","08","18","LE","quagga","18_08_15_R1",8.255631653,82556.31653
"Mae3_2","ND-26","18_08_15","R2","08","18","LE","quagga","18_08_15_R2",5.000527853,50005.27853
"Mae3_2","ND-27","18_08_15","R3","08","18","LE","quagga","18_08_15_R3",4.149253909,41492.53909
"Mae3_2","ND-28","18_08_15","R4","08","18","LE","quagga","18_08_15_R4",5.447575887,54475.758875
"Mae3_2","ND-29","18_10_4","R1","10","18","LE","control","18_10_4_R1",0.984673055,9846.730546
"Mae3_2","ND-3","18_06_28","R3","06","18","LE","control","18_06_28_R3",13.322214532,133222.145317
"Mae3_2","ND-30","18_10_4","R2","10","18","LE","control","18_10_4_R2",0.577235044,5772.350441
"Mae3_2","ND-31","18_10_4","R3","10","18","LE","control","18_10_4_R3",1.359946796,13599.46796
"Mae3_2","ND-32","18_10_4","R1","10","18","LE","quagga","18_10_4_R1",0.198642382,1986.423821
"Mae3_2","ND-33","18_10_4","R2","10","18","LE","quagga","18_10_4_R2",0.785725344,7857.253445
"Mae3_2","ND-35","19_07_18","R1","07","19","LE","control","19_07_18_R1",0.422906975,4229.06975
"Mae3_2","ND-36","19_07_18","R2","07","19","LE","control","19_07_18_R2",1.114527287,11145.27287
"Mae3_2","ND-37","19_07_18","R3","07","19","LE","control","19_07_18_R3",1.016397358,10163.97358
"Mae3_2","ND-38","19_07_18","R1","07","19","LE","quagga","19_07_18_R1",1.454234335,14542.34335
"Mae3_2","ND-39","19_07_18","R2","07","19","LE","quagga","19_07_18_R2",0.807649462,8076.494616
"Mae3_2","ND-4","18_06_28","R1","06","18","LE","quagga","18_06_28_R1",19.976220008,199762.2000769
"Mae3_2","ND-40","19_07_18","R3","07","19","LE","quagga","19_07_18_R3",0.748245493,7482.454933
"Mae3_2","ND-41","19_07_18","R4","07","19","LE","quagga","19_07_18_R4",1.547698465,15476.984653
"Mae3_2","ND-42","19_07_31","R1","07","19","LE","control","19_07_31_R1",2.598850578,25988.5057836
"Mae3_2","ND-43","19_07_31","R2","07","19","LE","control","19_07_31_R2",2.85745111,28574.5110951
"Mae3_2","ND-44","19_07_31","R3","07","19","LE","control","19_07_31_R3",2.436725409,24367.254087
"Mae3_2","ND-45","19_07_31","R1","07","19","LE","quagga","19_07_31_R1",2.155267524,21552.6752413
"Mae3_2","ND-46","19_07_31","R2","07","19","LE","quagga","19_07_31_R2",2.109743147,21097.431465
"Mae3_2","ND-47","19_07_31","R3","07","19","LE","quagga","19_07_31_R3",2.88012535,28801.253504
"Mae3_2","ND-48","19_07_31","R4","07","19","LE","quagga","19_07_31_R4",2.197134846,21971.348462
"Mae3_2","ND-49","19_08_13","R1","08","19","LE","control","19_08_13_R1",2.558286074,25582.86074
"Mae3_2","ND-5","18_06_28","R2","06","18","LE","quagga","18_06_28_R2",24.464501163,244645.011635
"Mae3_2","ND-50","19_08_13","R2","08","19","LE","control","19_08_13_R2",1.227321012,12273.21012
"Mae3_2","ND-51","19_08_13","R3","08","19","LE","control","19_08_13_R3",1.917151848,19171.5184805
"Mae3_2","ND-52","19_08_13","R4","08","19","LE","control","19_08_13_R4",0.195002555,1950.025552
"Mae3_2","ND-53","19_08_13","R1","08","19","LE","quagga","19_08_13_R1",1.935458943,19354.58943
"Mae3_2","ND-54","19_08_13","R2","08","19","LE","quagga","19_08_13_R2",1.576405175,15764.05175
"Mae3_2","ND-55","19_08_13","R3","08","19","LE","quagga","19_08_13_R3",1.025153577,10251.535767
"Mae3_2","ND-56","19_08_13","R4","08","19","LE","quagga","19_08_13_R4",1.456505726,14565.05726
"Mae3_2","ND-57","19_09_18","R1","09","19","LE","control","19_09_18_R1",2.037115087,20371.15087
"Mae3_2","ND-58","19_09_18","R2","09","19","LE","control","19_09_18_R2",0.884955752,8849.557522
"Mae3_2","ND-59","19_09_18","R3","09","19","LE","control","19_09_18_R3",4.802259887,48022.59887
"Mae3_2","ND-6","18_06_28","R3","06","18","LE","quagga","18_06_28_R3",19.895424209,198954.242095
"Mae3_2","ND-60","19_09_18","R1","09","19","LE","quagga","19_09_18_R1",1.034208433,10342.08433
"Mae3_2","ND-61","19_09_18","R2","09","19","LE","quagga","19_09_18_R2",1.216667506,12166.67506
"Mae3_2","ND-62","19_09_18","R3","09","19","LE","quagga","19_09_18_R3",0.73369799,7336.979897
"Mae3_2","ND-63","19_09_18","R4","09","19","LE","quagga","19_09_18_R4",0.570387076,5703.870765
"Mae3_2","ND-64","19_06_12","R1","06","19","LH","control","19_06_12_R1",2.777777778,27777.77778
"Mae3_2","ND-65","19_06_12","R2","06","19","LH","control","19_06_12_R2",1.282051282,12820.51282
"Mae3_2","ND-66","19_06_12","R3","06","19","LH","control","19_06_12_R3",1.612903226,16129.03226
"Mae3_2","ND-67","19_06_12","R1","06","19","LH","quagga","19_06_12_R1",0,0
"Mae3_2","ND-68","19_06_12","R2","06","19","LH","quagga","19_06_12_R2",0,0
"Mae3_2","ND-69","19_06_12","R3","06","19","LH","quagga","19_06_12_R3",1.550387597,15503.87597
"Mae3_2","ND-7","18_06_28","R4","06","18","LE","quagga","18_06_28_R4",19.549830452,195498.304523
"Mae3_2","ND-70","19_06_12","R4","06","19","LH","quagga","19_06_12_R4",0,0
"Mae3_2","ND-71","19_08_22","R1","08","19","LH","control","19_08_22_R1",1.463186973,14631.86973
"Mae3_2","ND-72","19_08_22","R2","08","19","LH","control","19_08_22_R2",1.681808128,16818.08128
"Mae3_2","ND-73","19_08_22","R3","08","19","LH","control","19_08_22_R3",1.295413474,12954.134738
"Mae3_2","ND-74","19_08_22","R1","08","19","LH","quagga","19_08_22_R1",1.216225463,12162.25463
"Mae3_2","ND-75","19_08_22","R2","08","19","LH","quagga","19_08_22_R2",1.420455978,14204.559775
"Mae3_2","ND-76","19_08_22","R4","08","19","LH","quagga","19_08_22_R4",1.129365163,11293.651633
"Mae3_2","ND-8","18_07_10","R2","07","18","LE","control","18_07_10_R2",17.883245024,178832.450241
"Mae3_2","ND-9","18_07_10","R3","07","18","LE","control","18_07_10_R3",19.963285916,199632.859156
"Mae3_3","ND-1","18_06_28","R1","06","18","LE","control","18_06_28_R1",10.66552901,106655.2901028
"Mae3_3","ND-10","18_07_10","R1","07","18","LE","control","18_07_10_R1",11.270890012,112708.90012
"Mae3_3","ND-11","18_07_10","R1","07","18","LE","quagga","18_07_10_R1",11.816018298,118160.18298
"Mae3_3","ND-12","18_07_10","R2","07","18","LE","quagga","18_07_10_R2",12.114574748,121145.747481
"Mae3_3","ND-13","18_07_10","R3","07","18","LE","quagga","18_07_10_R3",12.89591462,128959.146198
"Mae3_3","ND-14","18_07_10","R4","07","18","LE","quagga","18_07_10_R4",17.673555909,176735.559086
"Mae3_3","ND-15","18_07_25","R1","07","18","LE","control","18_07_25_R1",13.302637159,133026.37159
"Mae3_3","ND-16","18_07_25","R2","07","18","LE","control","18_07_25_R2",10.162327975,101623.279746
"Mae3_3","ND-17","18_07_25","R3","07","18","LE","control","18_07_25_R3",8.824761498,88247.61498
"Mae3_3","ND-18","18_07_25","R1","07","18","LE","quagga","18_07_25_R1",10.544243723,105442.43723
"Mae3_3","ND-19","18_07_25","R2","07","18","LE","quagga","18_07_25_R2",9.168598747,91685.9874655
"Mae3_3","ND-2","18_06_28","R2","06","18","LE","control","18_06_28_R2",9.348444372,93484.4437167
"Mae3_3","ND-20","18_07_25","R3","07","18","LE","quagga","18_07_25_R3",9.098241042,90982.4104226
"Mae3_3","ND-21","18_07_25","R4","07","18","LE","quagga","18_07_25_R4",10.780340656,107803.40656
"Mae3_3","ND-22","18_08_15","R1","08","18","LE","control","18_08_15_R1",1.796496213,17964.962126
"Mae3_3","ND-23","18_08_15","R2","08","18","LE","control","18_08_15_R2",7.839799749,78397.99749
"Mae3_3","ND-24","18_08_15","R3","08","18","LE","control","18_08_15_R3",3.579960933,35799.60933
"Mae3_3","ND-25","18_08_15","R1","08","18","LE","quagga","18_08_15_R1",3.350111395,33501.11395
"Mae3_3","ND-26","18_08_15","R2","08","18","LE","quagga","18_08_15_R2",5.20463103,52046.310298
"Mae3_3","ND-27","18_08_15","R3","08","18","LE","quagga","18_08_15_R3",3.371268801,33712.688006
"Mae3_3","ND-28","18_08_15","R4","08","18","LE","quagga","18_08_15_R4",2.808906317,28089.06317
"Mae3_3","ND-29","18_10_4","R1","10","18","LE","control","18_10_4_R1",2.954019164,29540.191637
"Mae3_3","ND-3","18_06_28","R3","06","18","LE","control","18_06_28_R3",10.266660742,102666.6074223
"Mae3_3","ND-30","18_10_4","R2","10","18","LE","control","18_10_4_R2",6.926820529,69268.205292
"Mae3_3","ND-31","18_10_4","R3","10","18","LE","control","18_10_4_R3",6.305207872,63052.07872
"Mae3_3","ND-32","18_10_4","R1","10","18","LE","quagga","18_10_4_R1",4.668095978,46680.9597803
"Mae3_3","ND-33","18_10_4","R2","10","18","LE","quagga","18_10_4_R2",4.60210559,46021.055896
"Mae3_3","ND-35","19_07_18","R1","07","19","LE","control","19_07_18_R1",5.286337188,52863.37188
"Mae3_3","ND-36","19_07_18","R2","07","19","LE","control","19_07_18_R2",1.950422751,19504.227514
"Mae3_3","ND-37","19_07_18","R3","07","19","LE","control","19_07_18_R3",2.286894056,22868.94056
"Mae3_3","ND-38","19_07_18","R1","07","19","LE","quagga","19_07_18_R1",7.513544066,75135.440662
"Mae3_3","ND-39","19_07_18","R2","07","19","LE","quagga","19_07_18_R2",6.461195693,64611.95693
"Mae3_3","ND-4","18_06_28","R1","06","18","LE","quagga","18_06_28_R1",9.054307729,90543.0772815
"Mae3_3","ND-40","19_07_18","R3","07","19","LE","quagga","19_07_18_R3",6.983624604,69836.246042
"Mae3_3","ND-41","19_07_18","R4","07","19","LE","quagga","19_07_18_R4",10.543695797,105436.957971
"Mae3_3","ND-42","19_07_31","R1","07","19","LE","control","19_07_31_R1",16.927944968,169279.4496744
"Mae3_3","ND-43","19_07_31","R2","07","19","LE","control","19_07_31_R2",12.04613679,120461.3678868
"Mae3_3","ND-44","19_07_31","R3","07","19","LE","control","19_07_31_R3",14.251661274,142516.612741
"Mae3_3","ND-45","19_07_31","R1","07","19","LE","quagga","19_07_31_R1",20.595141023,205951.4102239
"Mae3_3","ND-46","19_07_31","R2","07","19","LE","quagga","19_07_31_R2",17.540046607,175400.46606584
"Mae3_3","ND-47","19_07_31","R3","07","19","LE","quagga","19_07_31_R3",12.316178055,123161.7805481
"Mae3_3","ND-48","19_07_31","R4","07","19","LE","quagga","19_07_31_R4",14.59431751,145943.1750979
"Mae3_3","ND-49","19_08_13","R1","08","19","LE","control","19_08_13_R1",2.832388154,28323.88154
"Mae3_3","ND-5","18_06_28","R2","06","18","LE","quagga","18_06_28_R2",16.111523584,161115.235836
"Mae3_3","ND-50","19_08_13","R2","08","19","LE","control","19_08_13_R2",4.11152539,41115.2539
"Mae3_3","ND-51","19_08_13","R3","08","19","LE","control","19_08_13_R3",5.864229182,58642.29182
"Mae3_3","ND-52","19_08_13","R4","08","19","LE","control","19_08_13_R4",3.997552382,39975.523816
"Mae3_3","ND-53","19_08_13","R1","08","19","LE","quagga","19_08_13_R1",7.7927689,77927.689001
"Mae3_3","ND-54","19_08_13","R2","08","19","LE","quagga","19_08_13_R2",5.348517558,53485.1755782
"Mae3_3","ND-55","19_08_13","R3","08","19","LE","quagga","19_08_13_R3",4.784050024,47840.50024
"Mae3_3","ND-56","19_08_13","R4","08","19","LE","quagga","19_08_13_R4",7.120694658,71206.94658
"Mae3_3","ND-57","19_09_18","R1","09","19","LE","control","19_09_18_R1",1.666730526,16667.305257
"Mae3_3","ND-58","19_09_18","R2","09","19","LE","control","19_09_18_R2",2.21238938,22123.893802
"Mae3_3","ND-59","19_09_18","R3","09","19","LE","control","19_09_18_R3",1.129943503,11299.435028
"Mae3_3","ND-6","18_06_28","R3","06","18","LE","quagga","18_06_28_R3",11.157470054,111574.7005394
"Mae3_3","ND-60","19_09_18","R1","09","19","LE","quagga","19_09_18_R1",0.875099443,8750.9944313
"Mae3_3","ND-61","19_09_18","R2","09","19","LE","quagga","19_09_18_R2",3.163335515,31633.35515
"Mae3_3","ND-62","19_09_18","R3","09","19","LE","quagga","19_09_18_R3",2.421203366,24212.033655
"Mae3_3","ND-63","19_09_18","R4","09","19","LE","quagga","19_09_18_R4",0.950645127,9506.451275
"Mae3_3","ND-64","19_06_12","R1","06","19","LH","control","19_06_12_R1",5.555555556,55555.55556
"Mae3_3","ND-65","19_06_12","R2","06","19","LH","control","19_06_12_R2",3.846153846,38461.53846
"Mae3_3","ND-66","19_06_12","R3","06","19","LH","control","19_06_12_R3",12.903225806,129032.25806
"Mae3_3","ND-67","19_06_12","R1","06","19","LH","quagga","19_06_12_R1",2.734869587,27348.69587
"Mae3_3","ND-68","19_06_12","R2","06","19","LH","quagga","19_06_12_R2",4.545454546,45454.54546
"Mae3_3","ND-69","19_06_12","R3","06","19","LH","quagga","19_06_12_R3",5.426356589,54263.56589
"Mae3_3","ND-7","18_06_28","R4","06","18","LE","quagga","18_06_28_R4",14.346003019,143460.0301957
"Mae3_3","ND-70","19_06_12","R4","06","19","LH","quagga","19_06_12_R4",4.166666666,41666.666663
"Mae3_3","ND-71","19_08_22","R1","08","19","LH","control","19_08_22_R1",5.669849519,56698.4951839
"Mae3_3","ND-72","19_08_22","R2","08","19","LH","control","19_08_22_R2",6.948649267,69486.4926636
"Mae3_3","ND-73","19_08_22","R3","08","19","LH","control","19_08_22_R3",8.50853132,85085.3132123
"Mae3_3","ND-74","19_08_22","R1","08","19","LH","quagga","19_08_22_R1",7.489388377,74893.883782
"Mae3_3","ND-75","19_08_22","R2","08","19","LH","quagga","19_08_22_R2",9.426279182,94262.7918119
"Mae3_3","ND-76","19_08_22","R4","08","19","LH","quagga","19_08_22_R4",9.734052121,97340.5212149
"Mae3_3","ND-8","18_07_10","R2","07","18","LE","control","18_07_10_R2",16.227389001,162273.890011
"Mae3_3","ND-9","18_07_10","R3","07","18","LE","control","18_07_10_R3",11.169933783,111699.337826
"Mae4","ND-1","18_06_28","R1","06","18","LE","control","18_06_28_R1",1.023890785,10238.9078498
"Mae4","ND-10","18_07_10","R1","07","18","LE","control","18_07_10_R1",2.254178002,22541.780026
"Mae4","ND-11","18_07_10","R1","07","18","LE","quagga","18_07_10_R1",1.074183482,10741.834816
"Mae4","ND-12","18_07_10","R2","07","18","LE","quagga","18_07_10_R2",2.455657044,24556.57044
"Mae4","ND-13","18_07_10","R3","07","18","LE","quagga","18_07_10_R3",2.079986229,20799.862286
"Mae4","ND-14","18_07_10","R4","07","18","LE","quagga","18_07_10_R4",3.220985692,32209.85692
"Mae4","ND-15","18_07_25","R1","07","18","LE","control","18_07_25_R1",3.634207771,36342.07771
"Mae4","ND-16","18_07_25","R2","07","18","LE","control","18_07_25_R2",4.355283418,43552.834178
"Mae4","ND-17","18_07_25","R3","07","18","LE","control","18_07_25_R3",2.975047225,29750.472262
"Mae4","ND-18","18_07_25","R1","07","18","LE","quagga","18_07_25_R1",1.872990661,18729.90661
"Mae4","ND-19","18_07_25","R2","07","18","LE","quagga","18_07_25_R2",3.982320669,39823.206681
"Mae4","ND-2","18_06_28","R2","06","18","LE","control","18_06_28_R2",0.965215029,9652.1502826
"Mae4","ND-20","18_07_25","R3","07","18","LE","quagga","18_07_25_R3",2.269198053,22691.9805236
"Mae4","ND-21","18_07_25","R4","07","18","LE","quagga","18_07_25_R4",3.887991712,38879.91712
"Mae4","ND-22","18_08_15","R1","08","18","LE","control","18_08_15_R1",3.113926769,31139.267694
"Mae4","ND-23","18_08_15","R2","08","18","LE","control","18_08_15_R2",4.64580726,46458.072591
"Mae4","ND-24","18_08_15","R3","08","18","LE","control","18_08_15_R3",4.306119337,43061.193372
"Mae4","ND-25","18_08_15","R1","08","18","LE","quagga","18_08_15_R1",3.709051902,37090.519022
"Mae4","ND-26","18_08_15","R2","08","18","LE","quagga","18_08_15_R2",2.041031777,20410.317763
"Mae4","ND-27","18_08_15","R3","08","18","LE","quagga","18_08_15_R3",3.284826012,32848.260117
"Mae4","ND-28","18_08_15","R4","08","18","LE","quagga","18_08_15_R4",4.000563543,40005.635429
"Mae4","ND-29","18_10_4","R1","10","18","LE","control","18_10_4_R1",4.431028746,44310.287461
"Mae4","ND-3","18_06_28","R3","06","18","LE","control","18_06_28_R3",0.611110758,6111.1075846
"Mae4","ND-30","18_10_4","R2","10","18","LE","control","18_10_4_R2",4.329262831,43292.62831
"Mae4","ND-31","18_10_4","R3","10","18","LE","control","18_10_4_R3",3.832577333,38325.77333
"Mae4","ND-32","18_10_4","R1","10","18","LE","quagga","18_10_4_R1",3.674884068,36748.840681
"Mae4","ND-33","18_10_4","R2","10","18","LE","quagga","18_10_4_R2",3.142901377,31429.013775
"Mae4","ND-35","19_07_18","R1","07","19","LE","control","19_07_18_R1",4.854680414,48546.804136
"Mae4","ND-36","19_07_18","R2","07","19","LE","control","19_07_18_R2",5.003843197,50038.431971
"Mae4","ND-37","19_07_18","R3","07","19","LE","control","19_07_18_R3",5.590185469,55901.854692
"Mae4","ND-38","19_07_18","R1","07","19","LE","quagga","19_07_18_R1",7.503514864,75035.148647
"Mae4","ND-39","19_07_18","R2","07","19","LE","quagga","19_07_18_R2",6.461195692,64611.956924
"Mae4","ND-4","18_06_28","R1","06","18","LE","quagga","18_06_28_R1",0.665874001,6658.7400028
"Mae4","ND-40","19_07_18","R3","07","19","LE","quagga","19_07_18_R3",5.736548782,57365.48782
"Mae4","ND-41","19_07_18","R4","07","19","LE","quagga","19_07_18_R4",4.546364242,45463.642422
"Mae4","ND-42","19_07_31","R1","07","19","LE","control","19_07_31_R1",17.590657583,175906.5758319
"Mae4","ND-43","19_07_31","R2","07","19","LE","control","19_07_31_R2",20.53310339,205331.0338961
"Mae4","ND-44","19_07_31","R3","07","19","LE","control","19_07_31_R3",19.266479075,192664.790746
"Mae4","ND-45","19_07_31","R1","07","19","LE","quagga","19_07_31_R1",16.351531992,163515.319917
"Mae4","ND-46","19_07_31","R2","07","19","LE","quagga","19_07_31_R2",19.341782495,193417.8249554
"Mae4","ND-47","19_07_31","R3","07","19","LE","quagga","19_07_31_R3",22.265652809,222656.5280828
"Mae4","ND-48","19_07_31","R4","07","19","LE","quagga","19_07_31_R4",27.001824861,270018.248616
"Mae4","ND-49","19_08_13","R1","08","19","LE","control","19_08_13_R1",5.929426591,59294.265912
"Mae4","ND-5","18_06_28","R2","06","18","LE","quagga","18_06_28_R2",0.904000042,9040.000432
"Mae4","ND-50","19_08_13","R2","08","19","LE","control","19_08_13_R2",6.256797877,62567.978778
"Mae4","ND-51","19_08_13","R3","08","19","LE","control","19_08_13_R3",5.354414561,53544.14562
"Mae4","ND-52","19_08_13","R4","08","19","LE","control","19_08_13_R4",3.116006348,31160.063478
"Mae4","ND-53","19_08_13","R1","08","19","LE","quagga","19_08_13_R1",4.630699681,46306.996808
"Mae4","ND-54","19_08_13","R2","08","19","LE","quagga","19_08_13_R2",5.172628014,51726.280148
"Mae4","ND-55","19_08_13","R3","08","19","LE","quagga","19_08_13_R3",6.264827413,62648.27413
"Mae4","ND-56","19_08_13","R4","08","19","LE","quagga","19_08_13_R4",6.311524811,63115.24811
"Mae4","ND-57","19_09_18","R1","09","19","LE","control","19_09_18_R1",1.851922807,18519.228067
"Mae4","ND-58","19_09_18","R2","09","19","LE","control","19_09_18_R2",1.10619469,11061.9469
"Mae4","ND-59","19_09_18","R3","09","19","LE","control","19_09_18_R3",0.847457627,8474.576271
"Mae4","ND-6","18_06_28","R3","06","18","LE","quagga","18_06_28_R3",0.680239824,6802.3982392
"Mae4","ND-60","19_09_18","R1","09","19","LE","quagga","19_09_18_R1",4.057279236,40572.79236
"Mae4","ND-61","19_09_18","R2","09","19","LE","quagga","19_09_18_R2",1.703334508,17033.34508
"Mae4","ND-62","19_09_18","R3","09","19","LE","quagga","19_09_18_R3",0.880437588,8804.375876
"Mae4","ND-63","19_09_18","R4","09","19","LE","quagga","19_09_18_R4",1.32303577,13230.357705
"Mae4","ND-64","19_06_12","R1","06","19","LH","control","19_06_12_R1",6.944444445,69444.44445
"Mae4","ND-65","19_06_12","R2","06","19","LH","control","19_06_12_R2",6.41025641,64102.5641
"Mae4","ND-66","19_06_12","R3","06","19","LH","control","19_06_12_R3",6.451612904,64516.12904
"Mae4","ND-67","19_06_12","R1","06","19","LH","quagga","19_06_12_R1",12.306913142,123069.13142
"Mae4","ND-68","19_06_12","R2","06","19","LH","quagga","19_06_12_R2",5.681818181,56818.18181
"Mae4","ND-69","19_06_12","R3","06","19","LH","quagga","19_06_12_R3",10.07751938,100775.1938
"Mae4","ND-7","18_06_28","R4","06","18","LE","quagga","18_06_28_R4",2.307983119,23079.831185
"Mae4","ND-70","19_06_12","R4","06","19","LH","quagga","19_06_12_R4",11.666666667,116666.666673
"Mae4","ND-71","19_08_22","R1","08","19","LH","control","19_08_22_R1",4.938256033,49382.560329
"Mae4","ND-72","19_08_22","R2","08","19","LH","control","19_08_22_R2",3.784068288,37840.682876
"Mae4","ND-73","19_08_22","R3","08","19","LH","control","19_08_22_R3",3.753377502,37533.775023
"Mae4","ND-74","19_08_22","R1","08","19","LH","quagga","19_08_22_R1",3.232599257,32325.992568
"Mae4","ND-75","19_08_22","R2","08","19","LH","quagga","19_08_22_R2",3.776334186,37763.341853
"Mae4","ND-76","19_08_22","R4","08","19","LH","quagga","19_08_22_R4",3.385870139,33858.701397
"Mae4","ND-8","18_07_10","R2","07","18","LE","control","18_07_10_R2",3.311712041,33117.120411
"Mae4","ND-9","18_07_10","R3","07","18","LE","control","18_07_10_R3",1.66360716,16636.071596
"Mae5","ND-1","18_06_28","R1","06","18","LE","control","18_06_28_R1",8.105802047,81058.02047
"Mae5","ND-10","18_07_10","R1","07","18","LE","control","18_07_10_R1",5.917217256,59172.17256
"Mae5","ND-11","18_07_10","R1","07","18","LE","quagga","18_07_10_R1",9.936197206,99361.97206
"Mae5","ND-12","18_07_10","R2","07","18","LE","quagga","18_07_10_R2",5.893576905,58935.76905
"Mae5","ND-13","18_07_10","R3","07","18","LE","quagga","18_07_10_R3",12.27191875,122719.1875
"Mae5","ND-14","18_07_10","R4","07","18","LE","quagga","18_07_10_R4",6.762056173,67620.561734
"Mae5","ND-15","18_07_25","R1","07","18","LE","control","18_07_25_R1",4.517876771,45178.76771
"Mae5","ND-16","18_07_25","R2","07","18","LE","control","18_07_25_R2",3.126870147,31268.701465
"Mae5","ND-17","18_07_25","R3","07","18","LE","control","18_07_25_R3",1.031465629,10314.656297
"Mae5","ND-18","18_07_25","R1","07","18","LE","quagga","18_07_25_R1",1.38740049,13874.004899
"Mae5","ND-19","18_07_25","R2","07","18","LE","quagga","18_07_25_R2",2.500526931,25005.2693075
"Mae5","ND-2","18_06_28","R2","06","18","LE","control","18_06_28_R2",8.247877957,82478.77957
"Mae5","ND-20","18_07_25","R3","07","18","LE","quagga","18_07_25_R3",0.786743745,7867.4374563
"Mae5","ND-21","18_07_25","R4","07","18","LE","quagga","18_07_25_R4",5.213443432,52134.43432
"Mae5","ND-22","18_08_15","R1","08","18","LE","control","18_08_15_R1",0.239532828,2395.328284
"Mae5","ND-23","18_08_15","R2","08","18","LE","control","18_08_15_R2",1.161451815,11614.51815
"Mae5","ND-24","18_08_15","R3","08","18","LE","control","18_08_15_R3",1.052929686,10529.29686
"Mae5","ND-25","18_08_15","R1","08","18","LE","quagga","18_08_15_R1",0.957174684,9571.746844
"Mae5","ND-26","18_08_15","R2","08","18","LE","quagga","18_08_15_R2",1.122567477,11225.67477
"Mae5","ND-27","18_08_15","R3","08","18","LE","quagga","18_08_15_R3",0.605099528,6050.995284
"Mae5","ND-28","18_08_15","R4","08","18","LE","quagga","18_08_15_R4",1.787485838,17874.85838
"Mae5","ND-29","18_10_4","R1","10","18","LE","control","18_10_4_R1",1.477009582,14770.095819
"Mae5","ND-3","18_06_28","R3","06","18","LE","control","18_06_28_R3",14.748139635,147481.3963523
"Mae5","ND-30","18_10_4","R2","10","18","LE","control","18_10_4_R2",0.432926283,4329.262831
"Mae5","ND-31","18_10_4","R3","10","18","LE","control","18_10_4_R3",0.741789162,7417.891614
"Mae5","ND-32","18_10_4","R1","10","18","LE","quagga","18_10_4_R1",0.595927146,5959.271462
"Mae5","ND-33","18_10_4","R2","10","18","LE","quagga","18_10_4_R2",0.336739433,3367.394333
"Mae5","ND-35","19_07_18","R1","07","19","LE","control","19_07_18_R1",1.057267438,10572.674376
"Mae5","ND-36","19_07_18","R2","07","19","LE","control","19_07_18_R2",0.835895465,8358.954651
"Mae5","ND-37","19_07_18","R3","07","19","LE","control","19_07_18_R3",1.270496698,12704.96698
"Mae5","ND-38","19_07_18","R1","07","19","LE","quagga","19_07_18_R1",2.181351503,21813.515027
"Mae5","ND-39","19_07_18","R2","07","19","LE","quagga","19_07_18_R2",4.84589677,48458.967698
"Mae5","ND-4","18_06_28","R1","06","18","LE","quagga","18_06_28_R1",22.835561309,228355.61309
"Mae5","ND-40","19_07_18","R3","07","19","LE","quagga","19_07_18_R3",5.6118412,56118.412
"Mae5","ND-41","19_07_18","R4","07","19","LE","quagga","19_07_18_R4",6.867911942,68679.11942
"Mae5","ND-42","19_07_31","R1","07","19","LE","control","19_07_31_R1",1.069438512,10694.3851218
"Mae5","ND-43","19_07_31","R2","07","19","LE","control","19_07_31_R2",1.585953726,15859.5372578
"Mae5","ND-44","19_07_31","R3","07","19","LE","control","19_07_31_R3",1.138904267,11389.0426727
"Mae5","ND-45","19_07_31","R1","07","19","LE","quagga","19_07_31_R1",1.046246371,10462.4637113
"Mae5","ND-46","19_07_31","R2","07","19","LE","quagga","19_07_31_R2",1.084447412,10844.47411768
"Mae5","ND-47","19_07_31","R3","07","19","LE","quagga","19_07_31_R3",1.299978756,12999.7875726
"Mae5","ND-48","19_07_31","R4","07","19","LE","quagga","19_07_31_R4",0.890730343,8907.3034322
"Mae5","ND-49","19_08_13","R1","08","19","LE","control","19_08_13_R1",1.461877756,14618.777564
"Mae5","ND-5","18_06_28","R2","06","18","LE","quagga","18_06_28_R2",4.520000216,45200.00216
"Mae5","ND-50","19_08_13","R2","08","19","LE","control","19_08_13_R2",1.165954961,11659.549612
"Mae5","ND-51","19_08_13","R3","08","19","LE","control","19_08_13_R3",0.338320914,3383.209144
"Mae5","ND-52","19_08_13","R4","08","19","LE","control","19_08_13_R4",0.682508943,6825.089432
"Mae5","ND-53","19_08_13","R1","08","19","LE","quagga","19_08_13_R1",1.222395122,12223.9512207
"Mae5","ND-54","19_08_13","R2","08","19","LE","quagga","19_08_13_R2",0.957103142,9571.031419
"Mae5","ND-55","19_08_13","R3","08","19","LE","quagga","19_08_13_R3",0.455623812,4556.238119
"Mae5","ND-56","19_08_13","R4","08","19","LE","quagga","19_08_13_R4",0.323667939,3236.67939
"Mae5","ND-57","19_09_18","R1","09","19","LE","control","19_09_18_R1",0.185192281,1851.922807
"Mae5","ND-58","19_09_18","R2","09","19","LE","control","19_09_18_R2",0.663716814,6637.168142
"Mae5","ND-59","19_09_18","R3","09","19","LE","control","19_09_18_R3",1.129943502,11299.435028
"Mae5","ND-6","18_06_28","R3","06","18","LE","quagga","18_06_28_R3",5.655755672,56557.5567236
"Mae5","ND-60","19_09_18","R1","09","19","LE","quagga","19_09_18_R1",0.238663485,2386.6348453
"Mae5","ND-61","19_09_18","R2","09","19","LE","quagga","19_09_18_R2",1.460001007,14600.010069
"Mae5","ND-62","19_09_18","R3","09","19","LE","quagga","19_09_18_R3",0.073369799,733.6979897
"Mae5","ND-63","19_09_18","R4","09","19","LE","quagga","19_09_18_R4",0,0
"Mae5","ND-64","19_06_12","R1","06","19","LH","control","19_06_12_R1",1.388888889,13888.88889
"Mae5","ND-65","19_06_12","R2","06","19","LH","control","19_06_12_R2",3.846153846,38461.53846
"Mae5","ND-66","19_06_12","R3","06","19","LH","control","19_06_12_R3",0,0
"Mae5","ND-67","19_06_12","R1","06","19","LH","quagga","19_06_12_R1",2.05115219,20511.5219
"Mae5","ND-68","19_06_12","R2","06","19","LH","quagga","19_06_12_R2",5.681818181,56818.18181
"Mae5","ND-69","19_06_12","R3","06","19","LH","quagga","19_06_12_R3",1.550387597,15503.87597
"Mae5","ND-7","18_06_28","R4","06","18","LE","quagga","18_06_28_R4",7.58296454,75829.6454
"Mae5","ND-70","19_06_12","R4","06","19","LH","quagga","19_06_12_R4",0,0
"Mae5","ND-71","19_08_22","R1","08","19","LH","control","19_08_22_R1",0.457245929,4572.45929
"Mae5","ND-72","19_08_22","R2","08","19","LH","control","19_08_22_R2",0.350376693,3503.766933
"Mae5","ND-73","19_08_22","R3","08","19","LH","control","19_08_22_R3",0.13286292,1328.6292044
"Mae5","ND-74","19_08_22","R1","08","19","LH","quagga","19_08_22_R1",0.192035599,1920.3559948
"Mae5","ND-75","19_08_22","R2","08","19","LH","quagga","19_08_22_R2",0.207871607,2078.7160651
"Mae5","ND-76","19_08_22","R4","08","19","LH","quagga","19_08_22_R4",0.16133788,1613.378805
"Mae5","ND-8","18_07_10","R2","07","18","LE","control","18_07_10_R2",7.948108898,79481.08898
"Mae5","ND-9","18_07_10","R3","07","18","LE","control","18_07_10_R3",5.228479643,52284.796432
"Mae6","ND-1","18_06_28","R1","06","18","LE","control","18_06_28_R1",0.085324232,853.2423208
"Mae6","ND-10","18_07_10","R1","07","18","LE","control","18_07_10_R1",0,0
"Mae6","ND-11","18_07_10","R1","07","18","LE","quagga","18_07_10_R1",0,0
"Mae6","ND-12","18_07_10","R2","07","18","LE","quagga","18_07_10_R2",0,0
"Mae6","ND-13","18_07_10","R3","07","18","LE","quagga","18_07_10_R3",0,0
"Mae6","ND-14","18_07_10","R4","07","18","LE","quagga","18_07_10_R4",0,0
"Mae6","ND-15","18_07_25","R1","07","18","LE","control","18_07_25_R1",0,0
"Mae6","ND-16","18_07_25","R2","07","18","LE","control","18_07_25_R2",0.558369669,5583.69669
"Mae6","ND-17","18_07_25","R3","07","18","LE","control","18_07_25_R3",0.229214584,2292.145844
"Mae6","ND-18","18_07_25","R1","07","18","LE","quagga","18_07_25_R1",0.069370024,693.7002449
"Mae6","ND-19","18_07_25","R2","07","18","LE","quagga","18_07_25_R2",0.092612109,926.1210855
"Mae6","ND-2","18_06_28","R2","06","18","LE","control","18_06_28_R2",0.257746186,2577.461862
"Mae6","ND-20","18_07_25","R3","07","18","LE","quagga","18_07_25_R3",0,0
"Mae6","ND-21","18_07_25","R4","07","18","LE","quagga","18_07_25_R4",0.088363448,883.63448
"Mae6","ND-22","18_08_15","R1","08","18","LE","control","18_08_15_R1",0.359299242,3592.992426
"Mae6","ND-23","18_08_15","R2","08","18","LE","control","18_08_15_R2",0.580725908,5807.259073
"Mae6","ND-24","18_08_15","R3","08","18","LE","control","18_08_15_R3",0.315878906,3158.789058
"Mae6","ND-25","18_08_15","R1","08","18","LE","quagga","18_08_15_R1",0,0
"Mae6","ND-26","18_08_15","R2","08","18","LE","quagga","18_08_15_R2",0.306154767,3061.547665
"Mae6","ND-27","18_08_15","R3","08","18","LE","quagga","18_08_15_R3",0.432213949,4322.139489
"Mae6","ND-28","18_08_15","R4","08","18","LE","quagga","18_08_15_R4",0.851183732,8511.837324
"Mae6","ND-29","18_10_4","R1","10","18","LE","control","18_10_4_R1",0.19693461,1969.3461092
"Mae6","ND-3","18_06_28","R3","06","18","LE","control","18_06_28_R3",0.203703586,2037.0358616
"Mae6","ND-30","18_10_4","R2","10","18","LE","control","18_10_4_R2",0.577235044,5772.350442
"Mae6","ND-31","18_10_4","R3","10","18","LE","control","18_10_4_R3",0.865420688,8654.206883
"Mae6","ND-32","18_10_4","R1","10","18","LE","quagga","18_10_4_R1",1.191854292,11918.542924
"Mae6","ND-33","18_10_4","R2","10","18","LE","quagga","18_10_4_R2",1.571450689,15714.50689
"Mae6","ND-35","19_07_18","R1","07","19","LE","control","19_07_18_R1",4.440523238,44405.232375
"Mae6","ND-36","19_07_18","R2","07","19","LE","control","19_07_18_R2",2.229054573,22290.54573
"Mae6","ND-37","19_07_18","R3","07","19","LE","control","19_07_18_R3",1.524596037,15245.960371
"Mae6","ND-38","19_07_18","R1","07","19","LE","quagga","19_07_18_R1",0,0
"Mae6","ND-39","19_07_18","R2","07","19","LE","quagga","19_07_18_R2",0.269216487,2692.164872
"Mae6","ND-4","18_06_28","R1","06","18","LE","quagga","18_06_28_R1",0.039169059,391.6905884
"Mae6","ND-40","19_07_18","R3","07","19","LE","quagga","19_07_18_R3",0.623537911,6235.379111
"Mae6","ND-41","19_07_18","R4","07","19","LE","quagga","19_07_18_R4",0.870580386,8705.803869
"Mae6","ND-42","19_07_31","R1","07","19","LE","control","19_07_31_R1",0.19548876,1954.8876028
"Mae6","ND-43","19_07_31","R2","07","19","LE","control","19_07_31_R2",0.287112313,2871.1231246
"Mae6","ND-44","19_07_31","R3","07","19","LE","control","19_07_31_R3",0.357562967,3575.6296762
"Mae6","ND-45","19_07_31","R1","07","19","LE","quagga","19_07_31_R1",0.219711738,2197.117379
"Mae6","ND-46","19_07_31","R2","07","19","LE","quagga","19_07_31_R2",0.325334224,3253.342235
"Mae6","ND-47","19_07_31","R3","07","19","LE","quagga","19_07_31_R3",0.369821543,3698.2154308
"Mae6","ND-48","19_07_31","R4","07","19","LE","quagga","19_07_31_R4",0.296910114,2969.1011432
"Mae6","ND-49","19_08_13","R1","08","19","LE","control","19_08_13_R1",0.27410208,2741.020794
"Mae6","ND-5","18_06_28","R2","06","18","LE","quagga","18_06_28_R2",0.282500013,2825.000135
"Mae6","ND-50","19_08_13","R2","08","19","LE","control","19_08_13_R2",0.061366051,613.6605061
"Mae6","ND-51","19_08_13","R3","08","19","LE","control","19_08_13_R3",0.225547276,2255.472762
"Mae6","ND-52","19_08_13","R4","08","19","LE","control","19_08_13_R4",0.195002555,1950.025552
"Mae6","ND-53","19_08_13","R1","08","19","LE","quagga","19_08_13_R1",0.20373252,2037.325203
"Mae6","ND-54","19_08_13","R2","08","19","LE","quagga","19_08_13_R2",0,0
"Mae6","ND-55","19_08_13","R3","08","19","LE","quagga","19_08_13_R3",0.227811906,2278.119059
"Mae6","ND-56","19_08_13","R4","08","19","LE","quagga","19_08_13_R4",0.16183397,1618.339695
"Mae6","ND-57","19_09_18","R1","09","19","LE","control","19_09_18_R1",0.370384561,3703.845613
"Mae6","ND-58","19_09_18","R2","09","19","LE","control","19_09_18_R2",0,0
"Mae6","ND-59","19_09_18","R3","09","19","LE","control","19_09_18_R3",0,0
"Mae6","ND-6","18_06_28","R3","06","18","LE","quagga","18_06_28_R3",0.16044697,1604.4696946
"Mae6","ND-60","19_09_18","R1","09","19","LE","quagga","19_09_18_R1",0,0
"Mae6","ND-61","19_09_18","R2","09","19","LE","quagga","19_09_18_R2",0,0
"Mae6","ND-62","19_09_18","R3","09","19","LE","quagga","19_09_18_R3",0.073369799,733.6979897
"Mae6","ND-63","19_09_18","R4","09","19","LE","quagga","19_09_18_R4",0.190129025,1901.290255
"Mae6","ND-64","19_06_12","R1","06","19","LH","control","19_06_12_R1",0,0
"Mae6","ND-65","19_06_12","R2","06","19","LH","control","19_06_12_R2",0,0
"Mae6","ND-66","19_06_12","R3","06","19","LH","control","19_06_12_R3",6.451612903,64516.12903
"Mae6","ND-67","19_06_12","R1","06","19","LH","quagga","19_06_12_R1",2.051152191,20511.521908
"Mae6","ND-68","19_06_12","R2","06","19","LH","quagga","19_06_12_R2",0,0
"Mae6","ND-69","19_06_12","R3","06","19","LH","quagga","19_06_12_R3",0,0
"Mae6","ND-7","18_06_28","R4","06","18","LE","quagga","18_06_28_R4",0.296209552,2962.095523
"Mae6","ND-70","19_06_12","R4","06","19","LH","quagga","19_06_12_R4",0.833333333,8333.333333
"Mae6","ND-71","19_08_22","R1","08","19","LH","control","19_08_22_R1",1.005941044,10059.4104369
"Mae6","ND-72","19_08_22","R2","08","19","LH","control","19_08_22_R2",0.630678048,6306.7804796
"Mae6","ND-73","19_08_22","R3","08","19","LH","control","19_08_22_R3",0.465020221,4650.2022153
"Mae6","ND-74","19_08_22","R1","08","19","LH","quagga","19_08_22_R1",0.416077131,4160.7713216
"Mae6","ND-75","19_08_22","R2","08","19","LH","quagga","19_08_22_R2",0.450388481,4503.884808
"Mae6","ND-76","19_08_22","R4","08","19","LH","quagga","19_08_22_R4",0.806689402,8066.894023
"Mae6","ND-8","18_07_10","R2","07","18","LE","control","18_07_10_R2",0,0
"Mae6","ND-9","18_07_10","R3","07","18","LE","control","18_07_10_R3",0.475316331,4753.163312
"Mae8","ND-1","18_06_28","R1","06","18","LE","control","18_06_28_R1",6.825938567,68259.38567
"Mae8","ND-10","18_07_10","R1","07","18","LE","control","18_07_10_R1",1.972405752,19724.05752
"Mae8","ND-11","18_07_10","R1","07","18","LE","quagga","18_07_10_R1",2.685458705,26854.587046
"Mae8","ND-12","18_07_10","R2","07","18","LE","quagga","18_07_10_R2",1.145973287,11459.73287
"Mae8","ND-13","18_07_10","R3","07","18","LE","quagga","18_07_10_R3",1.039993115,10399.93115
"Mae8","ND-14","18_07_10","R4","07","18","LE","quagga","18_07_10_R4",1.075781664,10757.816641
"Mae8","ND-15","18_07_25","R1","07","18","LE","control","18_07_25_R1",3.262911002,32629.11002
"Mae8","ND-16","18_07_25","R2","07","18","LE","control","18_07_25_R2",2.568500478,25685.004776
"Mae8","ND-17","18_07_25","R3","07","18","LE","control","18_07_25_R3",1.146072922,11460.72922
"Mae8","ND-18","18_07_25","R1","07","18","LE","quagga","18_07_25_R1",1.803620636,18036.206365
"Mae8","ND-19","18_07_25","R2","07","18","LE","quagga","18_07_25_R2",1.852242171,18522.421714
"Mae8","ND-2","18_06_28","R2","06","18","LE","control","18_06_28_R2",5.670416096,56704.16096
"Mae8","ND-20","18_07_25","R3","07","18","LE","quagga","18_07_25_R3",2.272815265,22728.152652
"Mae8","ND-21","18_07_25","R4","07","18","LE","quagga","18_07_25_R4",1.855632408,18556.32408
"Mae8","ND-22","18_08_15","R1","08","18","LE","control","18_08_15_R1",1.556963384,15569.633844
"Mae8","ND-23","18_08_15","R2","08","18","LE","control","18_08_15_R2",1.306633291,13066.332916
"Mae8","ND-24","18_08_15","R3","08","18","LE","control","18_08_15_R3",1.895273435,18952.734353
"Mae8","ND-25","18_08_15","R1","08","18","LE","quagga","18_08_15_R1",0.358940507,3589.405066
"Mae8","ND-26","18_08_15","R2","08","18","LE","quagga","18_08_15_R2",0.918464299,9184.642996
"Mae8","ND-27","18_08_15","R3","08","18","LE","quagga","18_08_15_R3",0.605099528,6050.995284
"Mae8","ND-28","18_08_15","R4","08","18","LE","quagga","18_08_15_R4",1.532130718,15321.30718
"Mae8","ND-29","18_10_4","R1","10","18","LE","control","18_10_4_R1",0.393869222,3938.692218
"Mae8","ND-3","18_06_28","R3","06","18","LE","control","18_06_28_R3",5.011108219,50111.082187
"Mae8","ND-30","18_10_4","R2","10","18","LE","control","18_10_4_R2",0.721543805,7215.438052
"Mae8","ND-31","18_10_4","R3","10","18","LE","control","18_10_4_R3",0.989052215,9890.522152
"Mae8","ND-32","18_10_4","R1","10","18","LE","quagga","18_10_4_R1",0.397284764,3972.847641
"Mae8","ND-33","18_10_4","R2","10","18","LE","quagga","18_10_4_R2",0.112246478,1122.464778
"Mae8","ND-35","19_07_18","R1","07","19","LE","control","19_07_18_R1",4.440523238,44405.232376
"Mae8","ND-36","19_07_18","R2","07","19","LE","control","19_07_18_R2",7.801691006,78016.910064
"Mae8","ND-37","19_07_18","R3","07","19","LE","control","19_07_18_R3",5.84428481,58442.848096
"Mae8","ND-38","19_07_18","R1","07","19","LE","quagga","19_07_18_R1",3.15084106,31508.4106
"Mae8","ND-39","19_07_18","R2","07","19","LE","quagga","19_07_18_R2",3.36520609,33652.0609
"Mae8","ND-4","18_06_28","R1","06","18","LE","quagga","18_06_28_R1",2.937679413,29376.79413
"Mae8","ND-40","19_07_18","R3","07","19","LE","quagga","19_07_18_R3",3.36710472,33671.0472
"Mae8","ND-41","19_07_18","R4","07","19","LE","quagga","19_07_18_R4",4.836557705,48365.577051
"Mae8","ND-42","19_07_31","R1","07","19","LE","control","19_07_31_R1",6.267139668,62671.3966804
"Mae8","ND-43","19_07_31","R2","07","19","LE","control","19_07_31_R2",5.796934308,57969.3430775
"Mae8","ND-44","19_07_31","R3","07","19","LE","control","19_07_31_R3",7.085043988,70850.439876
"Mae8","ND-45","19_07_31","R1","07","19","LE","quagga","19_07_31_R1",5.733430113,57334.30113
"Mae8","ND-46","19_07_31","R2","07","19","LE","quagga","19_07_31_R2",5.964460766,59644.60765004
"Mae8","ND-47","19_07_31","R3","07","19","LE","quagga","19_07_31_R3",7.161089879,71610.8987926
"Mae8","ND-48","19_07_31","R4","07","19","LE","quagga","19_07_31_R4",7.927500054,79275.0005476
"Mae8","ND-49","19_08_13","R1","08","19","LE","control","19_08_13_R1",1.279143037,12791.43037
"Mae8","ND-5","18_06_28","R2","06","18","LE","quagga","18_06_28_R2",4.40700021,44070.002104
"Mae8","ND-50","19_08_13","R2","08","19","LE","control","19_08_13_R2",0.675026556,6750.265567
"Mae8","ND-51","19_08_13","R3","08","19","LE","control","19_08_13_R3",0.902189105,9021.8910485
"Mae8","ND-52","19_08_13","R4","08","19","LE","control","19_08_13_R4",1.852524274,18525.242742
"Mae8","ND-53","19_08_13","R1","08","19","LE","quagga","19_08_13_R1",0.35653191,3565.319104
"Mae8","ND-54","19_08_13","R2","08","19","LE","quagga","19_08_13_R2",1.126003697,11260.036964
"Mae8","ND-55","19_08_13","R3","08","19","LE","quagga","19_08_13_R3",1.025153577,10251.535767
"Mae8","ND-56","19_08_13","R4","08","19","LE","quagga","19_08_13_R4",0.16183397,1618.339695
"Mae8","ND-57","19_09_18","R1","09","19","LE","control","19_09_18_R1",0,0
"Mae8","ND-58","19_09_18","R2","09","19","LE","control","19_09_18_R2",0.663716814,6637.168142
"Mae8","ND-59","19_09_18","R3","09","19","LE","control","19_09_18_R3",0,0
"Mae8","ND-6","18_06_28","R3","06","18","LE","quagga","18_06_28_R3",2.687486738,26874.8673836
"Mae8","ND-60","19_09_18","R1","09","19","LE","quagga","19_09_18_R1",0.477326969,4773.26969
"Mae8","ND-61","19_09_18","R2","09","19","LE","quagga","19_09_18_R2",1.216667505,12166.675057
"Mae8","ND-62","19_09_18","R3","09","19","LE","quagga","19_09_18_R3",0,0
"Mae8","ND-63","19_09_18","R4","09","19","LE","quagga","19_09_18_R4",0.190129025,1901.290255
"Mae8","ND-64","19_06_12","R1","06","19","LH","control","19_06_12_R1",0,0
"Mae8","ND-65","19_06_12","R2","06","19","LH","control","19_06_12_R2",5.128205128,51282.05128
"Mae8","ND-66","19_06_12","R3","06","19","LH","control","19_06_12_R3",0,0
"Mae8","ND-67","19_06_12","R1","06","19","LH","quagga","19_06_12_R1",2.051152191,20511.521908
"Mae8","ND-68","19_06_12","R2","06","19","LH","quagga","19_06_12_R2",0,0
"Mae8","ND-69","19_06_12","R3","06","19","LH","quagga","19_06_12_R3",2.325581395,23255.813954
"Mae8","ND-7","18_06_28","R4","06","18","LE","quagga","18_06_28_R4",2.54740215,25474.021502
"Mae8","ND-70","19_06_12","R4","06","19","LH","quagga","19_06_12_R4",3.333333333,33333.33333
"Mae8","ND-71","19_08_22","R1","08","19","LH","control","19_08_22_R1",0,0
"Mae8","ND-72","19_08_22","R2","08","19","LH","control","19_08_22_R2",0.560602709,5606.027093
"Mae8","ND-73","19_08_22","R3","08","19","LH","control","19_08_22_R3",0.431804491,4318.044914
"Mae8","ND-74","19_08_22","R1","08","19","LH","quagga","19_08_22_R1",0.192035599,1920.355994
"Mae8","ND-75","19_08_22","R2","08","19","LH","quagga","19_08_22_R2",0.173226339,1732.263388
"Mae8","ND-76","19_08_22","R4","08","19","LH","quagga","19_08_22_R4",0.215117174,2151.17174
"Mae8","ND-8","18_07_10","R2","07","18","LE","control","18_07_10_R2",0.662342408,6623.424082
"Mae8","ND-9","18_07_10","R3","07","18","LE","control","18_07_10_R3",2.376581656,23765.816556
"Mae9","ND-1","18_06_28","R1","06","18","LE","control","18_06_28_R1",0.42662116,4266.211604
"Mae9","ND-10","18_07_10","R1","07","18","LE","control","18_07_10_R1",0,0
"Mae9","ND-11","18_07_10","R1","07","18","LE","quagga","18_07_10_R1",0,0
"Mae9","ND-12","18_07_10","R2","07","18","LE","quagga","18_07_10_R2",0,0
"Mae9","ND-13","18_07_10","R3","07","18","LE","quagga","18_07_10_R3",0,0
"Mae9","ND-14","18_07_10","R4","07","18","LE","quagga","18_07_10_R4",0,0
"Mae9","ND-15","18_07_25","R1","07","18","LE","control","18_07_25_R1",0,0
"Mae9","ND-16","18_07_25","R2","07","18","LE","control","18_07_25_R2",0.111673934,1116.739338
"Mae9","ND-17","18_07_25","R3","07","18","LE","control","18_07_25_R3",0,0
"Mae9","ND-18","18_07_25","R1","07","18","LE","quagga","18_07_25_R1",0,0
"Mae9","ND-19","18_07_25","R2","07","18","LE","quagga","18_07_25_R2",0,0
"Mae9","ND-2","18_06_28","R2","06","18","LE","control","18_06_28_R2",0,0
"Mae9","ND-20","18_07_25","R3","07","18","LE","quagga","18_07_25_R3",0,0
"Mae9","ND-21","18_07_25","R4","07","18","LE","quagga","18_07_25_R4",0,0
"Mae9","ND-22","18_08_15","R1","08","18","LE","control","18_08_15_R1",0,0
"Mae9","ND-23","18_08_15","R2","08","18","LE","control","18_08_15_R2",0,0
"Mae9","ND-24","18_08_15","R3","08","18","LE","control","18_08_15_R3",0.210585937,2105.859372
"Mae9","ND-25","18_08_15","R1","08","18","LE","quagga","18_08_15_R1",0,0
"Mae9","ND-26","18_08_15","R2","08","18","LE","quagga","18_08_15_R2",0,0
"Mae9","ND-27","18_08_15","R3","08","18","LE","quagga","18_08_15_R3",0,0
"Mae9","ND-28","18_08_15","R4","08","18","LE","quagga","18_08_15_R4",0,0
"Mae9","ND-29","18_10_4","R1","10","18","LE","control","18_10_4_R1",0,0
"Mae9","ND-3","18_06_28","R3","06","18","LE","control","18_06_28_R3",0.040740717,407.4071723
"Mae9","ND-30","18_10_4","R2","10","18","LE","control","18_10_4_R2",0,0
"Mae9","ND-31","18_10_4","R3","10","18","LE","control","18_10_4_R3",0.494526108,4945.261076
"Mae9","ND-32","18_10_4","R1","10","18","LE","quagga","18_10_4_R1",0,0
"Mae9","ND-33","18_10_4","R2","10","18","LE","quagga","18_10_4_R2",0,0
"Mae9","ND-35","19_07_18","R1","07","19","LE","control","19_07_18_R1",0,0
"Mae9","ND-36","19_07_18","R2","07","19","LE","control","19_07_18_R2",0,0
"Mae9","ND-37","19_07_18","R3","07","19","LE","control","19_07_18_R3",0,0
"Mae9","ND-38","19_07_18","R1","07","19","LE","quagga","19_07_18_R1",0,0
"Mae9","ND-39","19_07_18","R2","07","19","LE","quagga","19_07_18_R2",0,0
"Mae9","ND-4","18_06_28","R1","06","18","LE","quagga","18_06_28_R1",0.078338118,783.3811769
"Mae9","ND-40","19_07_18","R3","07","19","LE","quagga","19_07_18_R3",0.124707582,1247.075822
"Mae9","ND-41","19_07_18","R4","07","19","LE","quagga","19_07_18_R4",0.193462308,1934.623082
"Mae9","ND-42","19_07_31","R1","07","19","LE","control","19_07_31_R1",0,0
"Mae9","ND-43","19_07_31","R2","07","19","LE","control","19_07_31_R2",0.068360074,683.6007439
"Mae9","ND-44","19_07_31","R3","07","19","LE","control","19_07_31_R3",0.026486146,264.8614575
"Mae9","ND-45","19_07_31","R1","07","19","LE","quagga","19_07_31_R1",0.08369971,836.9970969
"Mae9","ND-46","19_07_31","R2","07","19","LE","quagga","19_07_31_R2",0.049293064,492.9306417
"Mae9","ND-47","19_07_31","R3","07","19","LE","quagga","19_07_31_R3",0.056033567,560.3356713
"Mae9","ND-48","19_07_31","R4","07","19","LE","quagga","19_07_31_R4",0.059382023,593.8202288
"Mae9","ND-49","19_08_13","R1","08","19","LE","control","19_08_13_R1",0,0
"Mae9","ND-5","18_06_28","R2","06","18","LE","quagga","18_06_28_R2",0.113000005,1130.000054
"Mae9","ND-50","19_08_13","R2","08","19","LE","control","19_08_13_R2",0,0
"Mae9","ND-51","19_08_13","R3","08","19","LE","control","19_08_13_R3",0,0
"Mae9","ND-52","19_08_13","R4","08","19","LE","control","19_08_13_R4",0,0
"Mae9","ND-53","19_08_13","R1","08","19","LE","quagga","19_08_13_R1",0.10186626,1018.662601
"Mae9","ND-54","19_08_13","R2","08","19","LE","quagga","19_08_13_R2",0,0
"Mae9","ND-55","19_08_13","R3","08","19","LE","quagga","19_08_13_R3",0,0
"Mae9","ND-56","19_08_13","R4","08","19","LE","quagga","19_08_13_R4",0,0
"Mae9","ND-57","19_09_18","R1","09","19","LE","control","19_09_18_R1",0,0
"Mae9","ND-58","19_09_18","R2","09","19","LE","control","19_09_18_R2",0,0
"Mae9","ND-59","19_09_18","R3","09","19","LE","control","19_09_18_R3",0,0
"Mae9","ND-6","18_06_28","R3","06","18","LE","quagga","18_06_28_R3",0.080223485,802.2348473
"Mae9","ND-60","19_09_18","R1","09","19","LE","quagga","19_09_18_R1",0,0
"Mae9","ND-61","19_09_18","R2","09","19","LE","quagga","19_09_18_R2",0,0
"Mae9","ND-62","19_09_18","R3","09","19","LE","quagga","19_09_18_R3",0,0
"Mae9","ND-63","19_09_18","R4","09","19","LE","quagga","19_09_18_R4",0,0
"Mae9","ND-64","19_06_12","R1","06","19","LH","control","19_06_12_R1",0,0
"Mae9","ND-65","19_06_12","R2","06","19","LH","control","19_06_12_R2",0,0
"Mae9","ND-66","19_06_12","R3","06","19","LH","control","19_06_12_R3",0,0
"Mae9","ND-67","19_06_12","R1","06","19","LH","quagga","19_06_12_R1",0,0
"Mae9","ND-68","19_06_12","R2","06","19","LH","quagga","19_06_12_R2",0,0
"Mae9","ND-69","19_06_12","R3","06","19","LH","quagga","19_06_12_R3",0,0
"Mae9","ND-7","18_06_28","R4","06","18","LE","quagga","18_06_28_R4",0,0
"Mae9","ND-70","19_06_12","R4","06","19","LH","quagga","19_06_12_R4",0,0
"Mae9","ND-71","19_08_22","R1","08","19","LH","control","19_08_22_R1",0,0
"Mae9","ND-72","19_08_22","R2","08","19","LH","control","19_08_22_R2",0,0
"Mae9","ND-73","19_08_22","R3","08","19","LH","control","19_08_22_R3",0.332157301,3321.573011
"Mae9","ND-74","19_08_22","R1","08","19","LH","quagga","19_08_22_R1",0.448083065,4480.830653
"Mae9","ND-75","19_08_22","R2","08","19","LH","quagga","19_08_22_R2",0,0
"Mae9","ND-76","19_08_22","R4","08","19","LH","quagga","19_08_22_R4",0.295786114,2957.861142
"Mae9","ND-8","18_07_10","R2","07","18","LE","control","18_07_10_R2",0,0
"Mae9","ND-9","18_07_10","R3","07","18","LE","control","18_07_10_R3",0.475316331,4753.163312
"Mfl_ae1","ND-1","18_06_28","R1","06","18","LE","control","18_06_28_R1",0.938566553,9385.665529
"Mfl_ae1","ND-10","18_07_10","R1","07","18","LE","control","18_07_10_R1",2.535950252,25359.502523
"Mfl_ae1","ND-11","18_07_10","R1","07","18","LE","quagga","18_07_10_R1",0.402818806,4028.188056
"Mfl_ae1","ND-12","18_07_10","R2","07","18","LE","quagga","18_07_10_R2",0.491131409,4911.314087
"Mfl_ae1","ND-13","18_07_10","R3","07","18","LE","quagga","18_07_10_R3",2.079986229,20799.862289
"Mfl_ae1","ND-14","18_07_10","R4","07","18","LE","quagga","18_07_10_R4",1.075781665,10757.81664
"Mfl_ae1","ND-15","18_07_25","R1","07","18","LE","control","18_07_25_R1",1.25496577,12549.657699
"Mfl_ae1","ND-16","18_07_25","R2","07","18","LE","control","18_07_25_R2",1.45176114,14517.611393
"Mfl_ae1","ND-17","18_07_25","R3","07","18","LE","control","18_07_25_R3",0.229214584,2292.145844
"Mfl_ae1","ND-18","18_07_25","R1","07","18","LE","quagga","18_07_25_R1",0.277480098,2774.80098
"Mfl_ae1","ND-19","18_07_25","R2","07","18","LE","quagga","18_07_25_R2",0.370448434,3704.484342
"Mfl_ae1","ND-2","18_06_28","R2","06","18","LE","control","18_06_28_R2",1.997532943,19975.32943
"Mfl_ae1","ND-20","18_07_25","R3","07","18","LE","quagga","18_07_25_R3",0.611911802,6119.118021
"Mfl_ae1","ND-21","18_07_25","R4","07","18","LE","quagga","18_07_25_R4",0.618544136,6185.44136
"Mfl_ae1","ND-22","18_08_15","R1","08","18","LE","control","18_08_15_R1",2.036029041,20360.290412
"Mfl_ae1","ND-23","18_08_15","R2","08","18","LE","control","18_08_15_R2",1.742177723,17421.777225
"Mfl_ae1","ND-24","18_08_15","R3","08","18","LE","control","18_08_15_R3",2.842910152,28429.101522
"Mfl_ae1","ND-25","18_08_15","R1","08","18","LE","quagga","18_08_15_R1",0.837527849,8375.278488
"Mfl_ae1","ND-26","18_08_15","R2","08","18","LE","quagga","18_08_15_R2",2.347186544,23471.865437
"Mfl_ae1","ND-27","18_08_15","R3","08","18","LE","quagga","18_08_15_R3",0.950870688,9508.706876
"Mfl_ae1","ND-28","18_08_15","R4","08","18","LE","quagga","18_08_15_R4",1.021420478,10214.204789
"Mfl_ae1","ND-29","18_10_4","R1","10","18","LE","control","18_10_4_R1",46.771970091,467719.700909
"Mfl_ae1","ND-3","18_06_28","R3","06","18","LE","control","18_06_28_R3",0.570370041,5703.7004123
"Mfl_ae1","ND-30","18_10_4","R2","10","18","LE","control","18_10_4_R2",11.97762717,119776.2717
"Mfl_ae1","ND-31","18_10_4","R3","10","18","LE","control","18_10_4_R3",13.723099488,137230.994876
"Mfl_ae1","ND-32","18_10_4","R1","10","18","LE","quagga","18_10_4_R1",7.945695283,79456.95283
"Mfl_ae1","ND-33","18_10_4","R2","10","18","LE","quagga","18_10_4_R2",9.316457656,93164.57656
"Mfl_ae1","ND-35","19_07_18","R1","07","19","LE","control","19_07_18_R1",41.867790528,418677.905281
"Mfl_ae1","ND-36","19_07_18","R2","07","19","LE","control","19_07_18_R2",47.924673325,479246.73325
"Mfl_ae1","ND-37","19_07_18","R3","07","19","LE","control","19_07_18_R3",49.041172527,490411.725265
"Mfl_ae1","ND-38","19_07_18","R1","07","19","LE","quagga","19_07_18_R1",44.111774838,441117.748377
"Mfl_ae1","ND-39","19_07_18","R2","07","19","LE","quagga","19_07_18_R2",47.247493501,472474.935004
"Mfl_ae1","ND-4","18_06_28","R1","06","18","LE","quagga","18_06_28_R1",0.665874,6658.740004
"Mfl_ae1","ND-40","19_07_18","R3","07","19","LE","quagga","19_07_18_R3",43.897068936,438970.689372
"Mfl_ae1","ND-41","19_07_18","R4","07","19","LE","quagga","19_07_18_R4",34.726484325,347264.843251
"Mfl_ae1","ND-42","19_07_31","R1","07","19","LE","control","19_07_31_R1",13.856703304,138567.0330319
"Mfl_ae1","ND-43","19_07_31","R2","07","19","LE","control","19_07_31_R2",14.177879424,141778.7942481
"Mfl_ae1","ND-44","19_07_31","R3","07","19","LE","control","19_07_31_R3",12.594162303,125941.6230229
"Mfl_ae1","ND-45","19_07_31","R1","07","19","LE","quagga","19_07_31_R1",11.937671098,119376.7109848
"Mfl_ae1","ND-46","19_07_31","R2","07","19","LE","quagga","19_07_31_R2",13.161248136,131612.48134844
"Mfl_ae1","ND-47","19_07_31","R3","07","19","LE","quagga","19_07_31_R3",13.436849397,134368.4939673
"Mfl_ae1","ND-48","19_07_31","R4","07","19","LE","quagga","19_07_31_R4",13.227345599,132273.4560028
"Mfl_ae1","ND-49","19_08_13","R1","08","19","LE","control","19_08_13_R1",0.365469439,3654.694392
"Mfl_ae1","ND-5","18_06_28","R2","06","18","LE","quagga","18_06_28_R2",1.24300006,12430.000594
"Mfl_ae1","ND-50","19_08_13","R2","08","19","LE","control","19_08_13_R2",0.613660507,6136.6050601
"Mfl_ae1","ND-51","19_08_13","R3","08","19","LE","control","19_08_13_R3",0.451094552,4510.945524
"Mfl_ae1","ND-52","19_08_13","R4","08","19","LE","control","19_08_13_R4",0.877511499,8775.114984
"Mfl_ae1","ND-53","19_08_13","R1","08","19","LE","quagga","19_08_13_R1",0.25466565,2546.656503
"Mfl_ae1","ND-54","19_08_13","R2","08","19","LE","quagga","19_08_13_R2",0.619302034,6193.0203302
"Mfl_ae1","ND-55","19_08_13","R3","08","19","LE","quagga","19_08_13_R3",0.455623812,4556.238118
"Mfl_ae1","ND-56","19_08_13","R4","08","19","LE","quagga","19_08_13_R4",0,0
"Mfl_ae1","ND-57","19_09_18","R1","09","19","LE","control","19_09_18_R1",0.185192281,1851.922807
"Mfl_ae1","ND-58","19_09_18","R2","09","19","LE","control","19_09_18_R2",1.327433628,13274.33628
"Mfl_ae1","ND-59","19_09_18","R3","09","19","LE","control","19_09_18_R3",0.847457627,8474.576271
"Mfl_ae1","ND-6","18_06_28","R3","06","18","LE","quagga","18_06_28_R3",0.882458332,8824.5833203
"Mfl_ae1","ND-60","19_09_18","R1","09","19","LE","quagga","19_09_18_R1",0.556881464,5568.8146383
"Mfl_ae1","ND-61","19_09_18","R2","09","19","LE","quagga","19_09_18_R2",0.973334005,9733.340046
"Mfl_ae1","ND-62","19_09_18","R3","09","19","LE","quagga","19_09_18_R3",0.293479196,2934.791959
"Mfl_ae1","ND-63","19_09_18","R4","09","19","LE","quagga","19_09_18_R4",0.760516102,7605.16102
"Mfl_ae1","ND-64","19_06_12","R1","06","19","LH","control","19_06_12_R1",1.388888889,13888.88889
"Mfl_ae1","ND-65","19_06_12","R2","06","19","LH","control","19_06_12_R2",0,0
"Mfl_ae1","ND-66","19_06_12","R3","06","19","LH","control","19_06_12_R3",4.838709677,48387.09677
"Mfl_ae1","ND-67","19_06_12","R1","06","19","LH","quagga","19_06_12_R1",0,0
"Mfl_ae1","ND-68","19_06_12","R2","06","19","LH","quagga","19_06_12_R2",2.272727273,22727.27273
"Mfl_ae1","ND-69","19_06_12","R3","06","19","LH","quagga","19_06_12_R3",0,0
"Mfl_ae1","ND-7","18_06_28","R4","06","18","LE","quagga","18_06_28_R4",0.710902926,7109.029256
"Mfl_ae1","ND-70","19_06_12","R4","06","19","LH","quagga","19_06_12_R4",1.666666667,16666.66667
"Mfl_ae1","ND-71","19_08_22","R1","08","19","LH","control","19_08_22_R1",0.731593486,7315.934863
"Mfl_ae1","ND-72","19_08_22","R2","08","19","LH","control","19_08_22_R2",0.49052737,4905.273706
"Mfl_ae1","ND-73","19_08_22","R3","08","19","LH","control","19_08_22_R3",1.295413474,12954.1347422
"Mfl_ae1","ND-74","19_08_22","R1","08","19","LH","quagga","19_08_22_R1",0.704130531,7041.3053128
"Mfl_ae1","ND-75","19_08_22","R2","08","19","LH","quagga","19_08_22_R2",0.485033749,4850.3374851
"Mfl_ae1","ND-76","19_08_22","R4","08","19","LH","quagga","19_08_22_R4",0.564682581,5646.8258169
"Mfl_ae1","ND-8","18_07_10","R2","07","18","LE","control","18_07_10_R2",2.318198428,23181.984282
"Mfl_ae1","ND-9","18_07_10","R3","07","18","LE","control","18_07_10_R3",0.712974497,7129.744968
"Mfl_ae2","ND-1","18_06_28","R1","06","18","LE","control","18_06_28_R1",0,0
"Mfl_ae2","ND-10","18_07_10","R1","07","18","LE","control","18_07_10_R1",0.845316751,8453.167509
"Mfl_ae2","ND-11","18_07_10","R1","07","18","LE","quagga","18_07_10_R1",0.134272935,1342.729352
"Mfl_ae2","ND-12","18_07_10","R2","07","18","LE","quagga","18_07_10_R2",0,0
"Mfl_ae2","ND-13","18_07_10","R3","07","18","LE","quagga","18_07_10_R3",0,0
"Mfl_ae2","ND-14","18_07_10","R4","07","18","LE","quagga","18_07_10_R4",0.30736619,3073.661897
"Mfl_ae2","ND-15","18_07_25","R1","07","18","LE","control","18_07_25_R1",0.752979462,7529.794618
"Mfl_ae2","ND-16","18_07_25","R2","07","18","LE","control","18_07_25_R2",0.781717537,7817.175365
"Mfl_ae2","ND-17","18_07_25","R3","07","18","LE","control","18_07_25_R3",0.458429169,4584.291687
"Mfl_ae2","ND-18","18_07_25","R1","07","18","LE","quagga","18_07_25_R1",0.416220147,4162.20147
"Mfl_ae2","ND-19","18_07_25","R2","07","18","LE","quagga","18_07_25_R2",0.185224217,1852.242171
"Mfl_ae2","ND-2","18_06_28","R2","06","18","LE","control","18_06_28_R2",0.322182733,3221.827327
"Mfl_ae2","ND-20","18_07_25","R3","07","18","LE","quagga","18_07_25_R3",0.786743746,7867.4374553
"Mfl_ae2","ND-21","18_07_25","R4","07","18","LE","quagga","18_07_25_R4",0.088363448,883.63448
"Mfl_ae2","ND-22","18_08_15","R1","08","18","LE","control","18_08_15_R1",1.317430556,13174.305562
"Mfl_ae2","ND-23","18_08_15","R2","08","18","LE","control","18_08_15_R2",2.613266583,26132.66583
"Mfl_ae2","ND-24","18_08_15","R3","08","18","LE","control","18_08_15_R3",1.052929686,10529.296861
"Mfl_ae2","ND-25","18_08_15","R1","08","18","LE","quagga","18_08_15_R1",1.675055698,16750.55698
"Mfl_ae2","ND-26","18_08_15","R2","08","18","LE","quagga","18_08_15_R2",1.122567477,11225.67477
"Mfl_ae2","ND-27","18_08_15","R3","08","18","LE","quagga","18_08_15_R3",1.901741376,19017.4137556
"Mfl_ae2","ND-28","18_08_15","R4","08","18","LE","quagga","18_08_15_R4",1.702367465,17023.67465
"Mfl_ae2","ND-29","18_10_4","R1","10","18","LE","control","18_10_4_R1",0.196934611,1969.346109
"Mfl_ae2","ND-3","18_06_28","R3","06","18","LE","control","18_06_28_R3",0.366666455,3666.6645503
"Mfl_ae2","ND-30","18_10_4","R2","10","18","LE","control","18_10_4_R2",1.298778849,12987.78849
"Mfl_ae2","ND-31","18_10_4","R3","10","18","LE","control","18_10_4_R3",0.123631527,1236.315269
"Mfl_ae2","ND-32","18_10_4","R1","10","18","LE","quagga","18_10_4_R1",0.893890719,8938.907193
"Mfl_ae2","ND-33","18_10_4","R2","10","18","LE","quagga","18_10_4_R2",0.561232389,5612.323889
"Mfl_ae2","ND-35","19_07_18","R1","07","19","LE","control","19_07_18_R1",0,0
"Mfl_ae2","ND-36","19_07_18","R2","07","19","LE","control","19_07_18_R2",0,0
"Mfl_ae2","ND-37","19_07_18","R3","07","19","LE","control","19_07_18_R3",0,0
"Mfl_ae2","ND-38","19_07_18","R1","07","19","LE","quagga","19_07_18_R1",0.969489557,9694.895569
"Mfl_ae2","ND-39","19_07_18","R2","07","19","LE","quagga","19_07_18_R2",0,0
"Mfl_ae2","ND-4","18_06_28","R1","06","18","LE","quagga","18_06_28_R1",0.117507177,1175.0717653
"Mfl_ae2","ND-40","19_07_18","R3","07","19","LE","quagga","19_07_18_R3",0.623537911,6235.379111
"Mfl_ae2","ND-41","19_07_18","R4","07","19","LE","quagga","19_07_18_R4",0.193462308,1934.623082
"Mfl_ae2","ND-42","19_07_31","R1","07","19","LE","control","19_07_31_R1",0.183989421,1839.894215
"Mfl_ae2","ND-43","19_07_31","R2","07","19","LE","control","19_07_31_R2",0.246096268,2460.9626778
"Mfl_ae2","ND-44","19_07_31","R3","07","19","LE","control","19_07_31_R3",0.397292186,3972.921862
"Mfl_ae2","ND-45","19_07_31","R1","07","19","LE","quagga","19_07_31_R1",0.292948984,2929.489839
"Mfl_ae2","ND-46","19_07_31","R2","07","19","LE","quagga","19_07_31_R2",0.374627288,3746.272877
"Mfl_ae2","ND-47","19_07_31","R3","07","19","LE","quagga","19_07_31_R3",0.347408116,3474.0811623
"Mfl_ae2","ND-48","19_07_31","R4","07","19","LE","quagga","19_07_31_R4",0.10391854,1039.1854
"Mfl_ae2","ND-49","19_08_13","R1","08","19","LE","control","19_08_13_R1",1.461877757,14618.77757
"Mfl_ae2","ND-5","18_06_28","R2","06","18","LE","quagga","18_06_28_R2",0,0
"Mfl_ae2","ND-50","19_08_13","R2","08","19","LE","control","19_08_13_R2",1.534151265,15341.51265
"Mfl_ae2","ND-51","19_08_13","R3","08","19","LE","control","19_08_13_R3",1.466057295,14660.57295
"Mfl_ae2","ND-52","19_08_13","R4","08","19","LE","control","19_08_13_R4",0.585007666,5850.076656
"Mfl_ae2","ND-53","19_08_13","R1","08","19","LE","quagga","19_08_13_R1",0.814930081,8149.300811
"Mfl_ae2","ND-54","19_08_13","R2","08","19","LE","quagga","19_08_13_R2",1.801605914,18016.05914
"Mfl_ae2","ND-55","19_08_13","R3","08","19","LE","quagga","19_08_13_R3",1.594683341,15946.83341
"Mfl_ae2","ND-56","19_08_13","R4","08","19","LE","quagga","19_08_13_R4",1.132837787,11328.37787
"Mfl_ae2","ND-57","19_09_18","R1","09","19","LE","control","19_09_18_R1",1.851922807,18519.22807
"Mfl_ae2","ND-58","19_09_18","R2","09","19","LE","control","19_09_18_R2",0.663716814,6637.168142
"Mfl_ae2","ND-59","19_09_18","R3","09","19","LE","control","19_09_18_R3",1.97740113,19774.0113
"Mfl_ae2","ND-6","18_06_28","R3","06","18","LE","quagga","18_06_28_R3",0.080223485,802.2348473
"Mfl_ae2","ND-60","19_09_18","R1","09","19","LE","quagga","19_09_18_R1",1.591089897,15910.89897
"Mfl_ae2","ND-61","19_09_18","R2","09","19","LE","quagga","19_09_18_R2",1.460001007,14600.01007
"Mfl_ae2","ND-62","19_09_18","R3","09","19","LE","quagga","19_09_18_R3",1.027177186,10271.77186
"Mfl_ae2","ND-63","19_09_18","R4","09","19","LE","quagga","19_09_18_R4",0.760516102,7605.16102
"Mfl_ae2","ND-64","19_06_12","R1","06","19","LH","control","19_06_12_R1",0,0
"Mfl_ae2","ND-65","19_06_12","R2","06","19","LH","control","19_06_12_R2",2.564102564,25641.02564
"Mfl_ae2","ND-66","19_06_12","R3","06","19","LH","control","19_06_12_R3",0,0
"Mfl_ae2","ND-67","19_06_12","R1","06","19","LH","quagga","19_06_12_R1",0,0
"Mfl_ae2","ND-68","19_06_12","R2","06","19","LH","quagga","19_06_12_R2",1.136363636,11363.63636
"Mfl_ae2","ND-69","19_06_12","R3","06","19","LH","quagga","19_06_12_R3",0,0
"Mfl_ae2","ND-7","18_06_28","R4","06","18","LE","quagga","18_06_28_R4",0.177725731,1777.257314
"Mfl_ae2","ND-70","19_06_12","R4","06","19","LH","quagga","19_06_12_R4",1.666666667,16666.66667
"Mfl_ae2","ND-71","19_08_22","R1","08","19","LH","control","19_08_22_R1",0.548695115,5486.951147
"Mfl_ae2","ND-72","19_08_22","R2","08","19","LH","control","19_08_22_R2",0.490527371,4905.273706
"Mfl_ae2","ND-73","19_08_22","R3","08","19","LH","control","19_08_22_R3",0.896824713,8968.247129
"Mfl_ae2","ND-74","19_08_22","R1","08","19","LH","quagga","19_08_22_R1",0.928172064,9281.720639
"Mfl_ae2","ND-75","19_08_22","R2","08","19","LH","quagga","19_08_22_R2",0.62361482,6236.148196
"Mfl_ae2","ND-76","19_08_22","R4","08","19","LH","quagga","19_08_22_R4",0.806689402,8066.894023
"Mfl_ae2","ND-8","18_07_10","R2","07","18","LE","control","18_07_10_R2",0,0
"Mfl_ae2","ND-9","18_07_10","R3","07","18","LE","control","18_07_10_R3",0.475316331,4753.163312
"Mfl_ae3","ND-1","18_06_28","R1","06","18","LE","control","18_06_28_R1",2.04778157,20477.8157
"Mfl_ae3","ND-10","18_07_10","R1","07","18","LE","control","18_07_10_R1",4.790128255,47901.282553
"Mfl_ae3","ND-11","18_07_10","R1","07","18","LE","quagga","18_07_10_R1",4.162460991,41624.60991
"Mfl_ae3","ND-12","18_07_10","R2","07","18","LE","quagga","18_07_10_R2",3.7653408,37653.408
"Mfl_ae3","ND-13","18_07_10","R3","07","18","LE","quagga","18_07_10_R3",1.871987606,18719.87606
"Mfl_ae3","ND-14","18_07_10","R4","07","18","LE","quagga","18_07_10_R4",2.458929518,24589.29518
"Mfl_ae3","ND-15","18_07_25","R1","07","18","LE","control","18_07_25_R1",0.627482885,6274.828848
"Mfl_ae3","ND-16","18_07_25","R2","07","18","LE","control","18_07_25_R2",0.670043603,6700.436028
"Mfl_ae3","ND-17","18_07_25","R3","07","18","LE","control","18_07_25_R3",1.03146563,10314.6563
"Mfl_ae3","ND-18","18_07_25","R1","07","18","LE","quagga","18_07_25_R1",0.971180343,9711.803429
"Mfl_ae3","ND-19","18_07_25","R2","07","18","LE","quagga","18_07_25_R2",0.463060543,4630.605428
"Mfl_ae3","ND-2","18_06_28","R2","06","18","LE","control","18_06_28_R2",2.384152222,23841.522221
"Mfl_ae3","ND-20","18_07_25","R3","07","18","LE","quagga","18_07_25_R3",1.048991661,10489.91661
"Mfl_ae3","ND-21","18_07_25","R4","07","18","LE","quagga","18_07_25_R4",0.44181724,4418.1724
"Mfl_ae3","ND-22","18_08_15","R1","08","18","LE","control","18_08_15_R1",1.916262627,19162.62627
"Mfl_ae3","ND-23","18_08_15","R2","08","18","LE","control","18_08_15_R2",1.016270338,10162.70338
"Mfl_ae3","ND-24","18_08_15","R3","08","18","LE","control","18_08_15_R3",2.31644531,23164.453096
"Mfl_ae3","ND-25","18_08_15","R1","08","18","LE","quagga","18_08_15_R1",0.598234178,5982.341777
"Mfl_ae3","ND-26","18_08_15","R2","08","18","LE","quagga","18_08_15_R2",3.163599254,31635.99254
"Mfl_ae3","ND-27","18_08_15","R3","08","18","LE","quagga","18_08_15_R3",2.506840904,25068.409036
"Mfl_ae3","ND-28","18_08_15","R4","08","18","LE","quagga","18_08_15_R4",2.723787944,27237.87944
"Mfl_ae3","ND-29","18_10_4","R1","10","18","LE","control","18_10_4_R1",0,0
"Mfl_ae3","ND-3","18_06_28","R3","06","18","LE","control","18_06_28_R3",0.977777214,9777.772135
"Mfl_ae3","ND-30","18_10_4","R2","10","18","LE","control","18_10_4_R2",0.288617522,2886.175221
"Mfl_ae3","ND-31","18_10_4","R3","10","18","LE","control","18_10_4_R3",0,0
"Mfl_ae3","ND-32","18_10_4","R1","10","18","LE","quagga","18_10_4_R1",0,0
"Mfl_ae3","ND-33","18_10_4","R2","10","18","LE","quagga","18_10_4_R2",0.224492956,2244.929556
"Mfl_ae3","ND-35","19_07_18","R1","07","19","LE","control","19_07_18_R1",1.480174413,14801.74413
"Mfl_ae3","ND-36","19_07_18","R2","07","19","LE","control","19_07_18_R2",1.67179093,16717.9093
"Mfl_ae3","ND-37","19_07_18","R3","07","19","LE","control","19_07_18_R3",0.762298019,7622.980186
"Mfl_ae3","ND-38","19_07_18","R1","07","19","LE","quagga","19_07_18_R1",0.969489557,9694.895569
"Mfl_ae3","ND-39","19_07_18","R2","07","19","LE","quagga","19_07_18_R2",1.749907167,17499.07167
"Mfl_ae3","ND-4","18_06_28","R1","06","18","LE","quagga","18_06_28_R1",4.308596473,43085.96473
"Mfl_ae3","ND-40","19_07_18","R3","07","19","LE","quagga","19_07_18_R3",0.997660658,9976.606578
"Mfl_ae3","ND-41","19_07_18","R4","07","19","LE","quagga","19_07_18_R4",0.193462308,1934.623082
"Mfl_ae3","ND-42","19_07_31","R1","07","19","LE","control","19_07_31_R1",1.552410744,15524.1074368
"Mfl_ae3","ND-43","19_07_31","R2","07","19","LE","control","19_07_31_R2",1.927754098,19277.5409751
"Mfl_ae3","ND-44","19_07_31","R3","07","19","LE","control","19_07_31_R3",1.337550361,13375.5036062
"Mfl_ae3","ND-45","19_07_31","R1","07","19","LE","quagga","19_07_31_R1",0.93115927,9311.5927032
"Mfl_ae3","ND-46","19_07_31","R2","07","19","LE","quagga","19_07_31_R2",0.867557929,8675.57929404
"Mfl_ae3","ND-47","19_07_31","R3","07","19","LE","quagga","19_07_31_R3",1.445666031,14456.6603186
"Mfl_ae3","ND-48","19_07_31","R4","07","19","LE","quagga","19_07_31_R4",1.217331469,12173.31469
"Mfl_ae3","ND-49","19_08_13","R1","08","19","LE","control","19_08_13_R1",0.365469439,3654.694392
"Mfl_ae3","ND-5","18_06_28","R2","06","18","LE","quagga","18_06_28_R2",1.751500083,17515.000834
"Mfl_ae3","ND-50","19_08_13","R2","08","19","LE","control","19_08_13_R2",1.227321012,12273.21012
"Mfl_ae3","ND-51","19_08_13","R3","08","19","LE","control","19_08_13_R3",0.56386819,5638.681905
"Mfl_ae3","ND-52","19_08_13","R4","08","19","LE","control","19_08_13_R4",0.39000511,3900.051104
"Mfl_ae3","ND-53","19_08_13","R1","08","19","LE","quagga","19_08_13_R1",0.967729471,9677.294713
"Mfl_ae3","ND-54","19_08_13","R2","08","19","LE","quagga","19_08_13_R2",0.957103142,9571.031419
"Mfl_ae3","ND-55","19_08_13","R3","08","19","LE","quagga","19_08_13_R3",0.455623812,4556.238118
"Mfl_ae3","ND-56","19_08_13","R4","08","19","LE","quagga","19_08_13_R4",0.809169848,8091.698475
"Mfl_ae3","ND-57","19_09_18","R1","09","19","LE","control","19_09_18_R1",0,0
"Mfl_ae3","ND-58","19_09_18","R2","09","19","LE","control","19_09_18_R2",0.221238938,2212.389381
"Mfl_ae3","ND-59","19_09_18","R3","09","19","LE","control","19_09_18_R3",0,0
"Mfl_ae3","ND-6","18_06_28","R3","06","18","LE","quagga","18_06_28_R3",0.762123105,7621.231049
"Mfl_ae3","ND-60","19_09_18","R1","09","19","LE","quagga","19_09_18_R1",0.15910899,1591.089897
"Mfl_ae3","ND-61","19_09_18","R2","09","19","LE","quagga","19_09_18_R2",0,0
"Mfl_ae3","ND-62","19_09_18","R3","09","19","LE","quagga","19_09_18_R3",0.293479196,2934.791959
"Mfl_ae3","ND-63","19_09_18","R4","09","19","LE","quagga","19_09_18_R4",0,0
"Mfl_ae3","ND-64","19_06_12","R1","06","19","LH","control","19_06_12_R1",0,0
"Mfl_ae3","ND-65","19_06_12","R2","06","19","LH","control","19_06_12_R2",0,0
"Mfl_ae3","ND-66","19_06_12","R3","06","19","LH","control","19_06_12_R3",0,0
"Mfl_ae3","ND-67","19_06_12","R1","06","19","LH","quagga","19_06_12_R1",1.367434794,13674.34794
"Mfl_ae3","ND-68","19_06_12","R2","06","19","LH","quagga","19_06_12_R2",2.272727273,22727.27273
"Mfl_ae3","ND-69","19_06_12","R3","06","19","LH","quagga","19_06_12_R3",1.550387597,15503.87597
"Mfl_ae3","ND-7","18_06_28","R4","06","18","LE","quagga","18_06_28_R4",0.592419104,5924.191047
"Mfl_ae3","ND-70","19_06_12","R4","06","19","LH","quagga","19_06_12_R4",0,0
"Mfl_ae3","ND-71","19_08_22","R1","08","19","LH","control","19_08_22_R1",0,0
"Mfl_ae3","ND-72","19_08_22","R2","08","19","LH","control","19_08_22_R2",0,0
"Mfl_ae3","ND-73","19_08_22","R3","08","19","LH","control","19_08_22_R3",0.09964719,996.4719033
"Mfl_ae3","ND-74","19_08_22","R1","08","19","LH","quagga","19_08_22_R1",0,0
"Mfl_ae3","ND-75","19_08_22","R2","08","19","LH","quagga","19_08_22_R2",0.034645268,346.4526775
"Mfl_ae3","ND-76","19_08_22","R4","08","19","LH","quagga","19_08_22_R4",0,0
"Mfl_ae3","ND-8","18_07_10","R2","07","18","LE","control","18_07_10_R2",1.987027225,19870.27225
"Mfl_ae3","ND-9","18_07_10","R3","07","18","LE","control","18_07_10_R3",2.13892349,21389.2349
"Mfl_ae4","ND-1","18_06_28","R1","06","18","LE","control","18_06_28_R1",0,0
"Mfl_ae4","ND-10","18_07_10","R1","07","18","LE","control","18_07_10_R1",1.379712398,13797.12398
"Mfl_ae4","ND-11","18_07_10","R1","07","18","LE","quagga","18_07_10_R1",0,0
"Mfl_ae4","ND-12","18_07_10","R2","07","18","LE","quagga","18_07_10_R2",0,0
"Mfl_ae4","ND-13","18_07_10","R3","07","18","LE","quagga","18_07_10_R3",0.203695203,2036.952031
"Mfl_ae4","ND-14","18_07_10","R4","07","18","LE","quagga","18_07_10_R4",0.451510334,4515.103339
"Mfl_ae4","ND-15","18_07_25","R1","07","18","LE","control","18_07_25_R1",0.245800192,2458.001921
"Mfl_ae4","ND-16","18_07_25","R2","07","18","LE","control","18_07_25_R2",0.218726877,2187.268772
"Mfl_ae4","ND-17","18_07_25","R3","07","18","LE","control","18_07_25_R3",0.785652748,7856.527478
"Mfl_ae4","ND-18","18_07_25","R1","07","18","LE","quagga","18_07_25_R1",0.883152174,8831.521739
"Mfl_ae4","ND-19","18_07_25","R2","07","18","LE","quagga","18_07_25_R2",1.182880173,11828.801727
"Mfl_ae4","ND-2","18_06_28","R2","06","18","LE","control","18_06_28_R2",0,0
"Mfl_ae4","ND-20","18_07_25","R3","07","18","LE","quagga","18_07_25_R3",0.171214731,1712.147308
"Mfl_ae4","ND-21","18_07_25","R4","07","18","LE","quagga","18_07_25_R4",0.778817149,7788.171486
"Mfl_ae4","ND-22","18_08_15","R1","08","18","LE","control","18_08_15_R1",0.234576977,2345.769768
"Mfl_ae4","ND-23","18_08_15","R2","08","18","LE","control","18_08_15_R2",0.426533166,4265.331665
"Mfl_ae4","ND-24","18_08_15","R3","08","18","LE","control","18_08_15_R3",0.517750943,5177.509422
"Mfl_ae4","ND-25","18_08_15","R1","08","18","LE","quagga","18_08_15_R1",0.93737107,9373.710702
"Mfl_ae4","ND-26","18_08_15","R2","08","18","LE","quagga","18_08_15_R2",0.099940177,999.4017665
"Mfl_ae4","ND-27","18_08_15","R3","08","18","LE","quagga","18_08_15_R3",0.50792591,5079.259096
"Mfl_ae4","ND-28","18_08_15","R4","08","18","LE","quagga","18_08_15_R4",0,0
"Mfl_ae4","ND-29","18_10_4","R1","10","18","LE","control","18_10_4_R1",0,0
"Mfl_ae4","ND-3","18_06_28","R3","06","18","LE","control","18_06_28_R3",0.081481434,814.8143446
"Mfl_ae4","ND-30","18_10_4","R2","10","18","LE","control","18_10_4_R2",0,0
"Mfl_ae4","ND-31","18_10_4","R3","10","18","LE","control","18_10_4_R3",0,0
"Mfl_ae4","ND-32","18_10_4","R1","10","18","LE","quagga","18_10_4_R1",0.19453254,1945.325397
"Mfl_ae4","ND-33","18_10_4","R2","10","18","LE","quagga","18_10_4_R2",0.439696547,4396.965475
"Mfl_ae4","ND-35","19_07_18","R1","07","19","LE","control","19_07_18_R1",0.414157176,4141.571756
"Mfl_ae4","ND-36","19_07_18","R2","07","19","LE","control","19_07_18_R2",0.272867025,2728.670254
"Mfl_ae4","ND-37","19_07_18","R3","07","19","LE","control","19_07_18_R3",0.497684224,4976.842236
"Mfl_ae4","ND-38","19_07_18","R1","07","19","LE","quagga","19_07_18_R1",0,0
"Mfl_ae4","ND-39","19_07_18","R2","07","19","LE","quagga","19_07_18_R2",0.664686223,6646.862236
"Mfl_ae4","ND-4","18_06_28","R1","06","18","LE","quagga","18_06_28_R1",0.078338118,783.3811769
"Mfl_ae4","ND-40","19_07_18","R3","07","19","LE","quagga","19_07_18_R3",0.249415164,2494.151644
"Mfl_ae4","ND-41","19_07_18","R4","07","19","LE","quagga","19_07_18_R4",0.568378919,5683.789193
"Mfl_ae4","ND-42","19_07_31","R1","07","19","LE","control","19_07_31_R1",0.236727769,2367.2776854
"Mfl_ae4","ND-43","19_07_31","R2","07","19","LE","control","19_07_31_R2",0.256090983,2560.9098216
"Mfl_ae4","ND-44","19_07_31","R3","07","19","LE","control","19_07_31_R3",0.260477543,2604.775437
"Mfl_ae4","ND-45","19_07_31","R1","07","19","LE","quagga","19_07_31_R1",0.124250776,1242.5077594
"Mfl_ae4","ND-46","19_07_31","R2","07","19","LE","quagga","19_07_31_R2",0.194724601,1947.2460107
"Mfl_ae4","ND-47","19_07_31","R3","07","19","LE","quagga","19_07_31_R3",0.296784687,2967.8468655
"Mfl_ae4","ND-48","19_07_31","R4","07","19","LE","quagga","19_07_31_R4",0.379533033,3795.330324
"Mfl_ae4","ND-49","19_08_13","R1","08","19","LE","control","19_08_13_R1",1.073724008,10737.24008
"Mfl_ae4","ND-5","18_06_28","R2","06","18","LE","quagga","18_06_28_R2",0.110662074,1106.620742
"Mfl_ae4","ND-50","19_08_13","R2","08","19","LE","control","19_08_13_R2",1.021638939,10216.38939
"Mfl_ae4","ND-51","19_08_13","R3","08","19","LE","control","19_08_13_R3",0.333654419,3336.544189
"Mfl_ae4","ND-52","19_08_13","R4","08","19","LE","control","19_08_13_R4",0.954840098,9548.400979
"Mfl_ae4","ND-53","19_08_13","R1","08","19","LE","quagga","19_08_13_R1",1.047466165,10474.66165
"Mfl_ae4","ND-54","19_08_13","R2","08","19","LE","quagga","19_08_13_R2",0.937301008,9373.01008
"Mfl_ae4","ND-55","19_08_13","R3","08","19","LE","quagga","19_08_13_R3",0.223098556,2230.985561
"Mfl_ae4","ND-56","19_08_13","R4","08","19","LE","quagga","19_08_13_R4",0.15848568,1584.856805
"Mfl_ae4","ND-57","19_09_18","R1","09","19","LE","control","19_09_18_R1",0,0
"Mfl_ae4","ND-58","19_09_18","R2","09","19","LE","control","19_09_18_R2",0,0
"Mfl_ae4","ND-59","19_09_18","R3","09","19","LE","control","19_09_18_R3",0.564971751,5649.717514
"Mfl_ae4","ND-6","18_06_28","R3","06","18","LE","quagga","18_06_28_R3",0,0
"Mfl_ae4","ND-60","19_09_18","R1","09","19","LE","quagga","19_09_18_R1",0,0
"Mfl_ae4","ND-61","19_09_18","R2","09","19","LE","quagga","19_09_18_R2",0,0
"Mfl_ae4","ND-62","19_09_18","R3","09","19","LE","quagga","19_09_18_R3",0,0
"Mfl_ae4","ND-63","19_09_18","R4","09","19","LE","quagga","19_09_18_R4",0,0
"Mfl_ae4","ND-64","19_06_12","R1","06","19","LH","control","19_06_12_R1",1.388888889,13888.88889
"Mfl_ae4","ND-65","19_06_12","R2","06","19","LH","control","19_06_12_R2",0,0
"Mfl_ae4","ND-66","19_06_12","R3","06","19","LH","control","19_06_12_R3",0,0
"Mfl_ae4","ND-67","19_06_12","R1","06","19","LH","quagga","19_06_12_R1",0.683717397,6837.173968
"Mfl_ae4","ND-68","19_06_12","R2","06","19","LH","quagga","19_06_12_R2",2.272727273,22727.27273
"Mfl_ae4","ND-69","19_06_12","R3","06","19","LH","quagga","19_06_12_R3",0,0
"Mfl_ae4","ND-7","18_06_28","R4","06","18","LE","quagga","18_06_28_R4",0,0
"Mfl_ae4","ND-70","19_06_12","R4","06","19","LH","quagga","19_06_12_R4",0,0
"Mfl_ae4","ND-71","19_08_22","R1","08","19","LH","control","19_08_22_R1",0.365796743,3657.967431
"Mfl_ae4","ND-72","19_08_22","R2","08","19","LH","control","19_08_22_R2",0.140150677,1401.506773
"Mfl_ae4","ND-73","19_08_22","R3","08","19","LH","control","19_08_22_R3",0.197919936,1979.1993661
"Mfl_ae4","ND-74","19_08_22","R1","08","19","LH","quagga","19_08_22_R1",0.190711216,1907.1121603
"Mfl_ae4","ND-75","19_08_22","R2","08","19","LH","quagga","19_08_22_R2",0.101785407,1017.854073
"Mfl_ae4","ND-76","19_08_22","R4","08","19","LH","quagga","19_08_22_R4",0.080112602,801.1260272
"Mfl_ae4","ND-8","18_07_10","R2","07","18","LE","control","18_07_10_R2",0,0
"Mfl_ae4","ND-9","18_07_10","R3","07","18","LE","control","18_07_10_R3",0.6982233,6982.233003
"Mfl_ae5","ND-1","18_06_28","R1","06","18","LE","control","18_06_28_R1",0,0
"Mfl_ae5","ND-10","18_07_10","R1","07","18","LE","control","18_07_10_R1",0,0
"Mfl_ae5","ND-11","18_07_10","R1","07","18","LE","quagga","18_07_10_R1",0.26854587,2685.458704
"Mfl_ae5","ND-12","18_07_10","R2","07","18","LE","quagga","18_07_10_R2",0,0
"Mfl_ae5","ND-13","18_07_10","R3","07","18","LE","quagga","18_07_10_R3",0,0
"Mfl_ae5","ND-14","18_07_10","R4","07","18","LE","quagga","18_07_10_R4",0,0
"Mfl_ae5","ND-15","18_07_25","R1","07","18","LE","control","18_07_25_R1",0,0
"Mfl_ae5","ND-16","18_07_25","R2","07","18","LE","control","18_07_25_R2",0,0
"Mfl_ae5","ND-17","18_07_25","R3","07","18","LE","control","18_07_25_R3",0,0
"Mfl_ae5","ND-18","18_07_25","R1","07","18","LE","quagga","18_07_25_R1",0,0
"Mfl_ae5","ND-19","18_07_25","R2","07","18","LE","quagga","18_07_25_R2",0,0
"Mfl_ae5","ND-2","18_06_28","R2","06","18","LE","control","18_06_28_R2",0.128873093,1288.730931
"Mfl_ae5","ND-20","18_07_25","R3","07","18","LE","quagga","18_07_25_R3",0,0
"Mfl_ae5","ND-21","18_07_25","R4","07","18","LE","quagga","18_07_25_R4",0,0
"Mfl_ae5","ND-22","18_08_15","R1","08","18","LE","control","18_08_15_R1",0,0
"Mfl_ae5","ND-23","18_08_15","R2","08","18","LE","control","18_08_15_R2",0,0
"Mfl_ae5","ND-24","18_08_15","R3","08","18","LE","control","18_08_15_R3",0,0
"Mfl_ae5","ND-25","18_08_15","R1","08","18","LE","quagga","18_08_15_R1",0,0
"Mfl_ae5","ND-26","18_08_15","R2","08","18","LE","quagga","18_08_15_R2",0,0
"Mfl_ae5","ND-27","18_08_15","R3","08","18","LE","quagga","18_08_15_R3",0,0
"Mfl_ae5","ND-28","18_08_15","R4","08","18","LE","quagga","18_08_15_R4",0,0
"Mfl_ae5","ND-29","18_10_4","R1","10","18","LE","control","18_10_4_R1",0,0
"Mfl_ae5","ND-3","18_06_28","R3","06","18","LE","control","18_06_28_R3",0.040740717,407.4071723
"Mfl_ae5","ND-30","18_10_4","R2","10","18","LE","control","18_10_4_R2",0,0
"Mfl_ae5","ND-31","18_10_4","R3","10","18","LE","control","18_10_4_R3",0,0
"Mfl_ae5","ND-32","18_10_4","R1","10","18","LE","quagga","18_10_4_R1",0,0
"Mfl_ae5","ND-33","18_10_4","R2","10","18","LE","quagga","18_10_4_R2",0,0
"Mfl_ae5","ND-35","19_07_18","R1","07","19","LE","control","19_07_18_R1",0.422906975,4229.06975
"Mfl_ae5","ND-36","19_07_18","R2","07","19","LE","control","19_07_18_R2",0.557263643,5572.636434
"Mfl_ae5","ND-37","19_07_18","R3","07","19","LE","control","19_07_18_R3",0,0
"Mfl_ae5","ND-38","19_07_18","R1","07","19","LE","quagga","19_07_18_R1",0,0
"Mfl_ae5","ND-39","19_07_18","R2","07","19","LE","quagga","19_07_18_R2",0,0
"Mfl_ae5","ND-4","18_06_28","R1","06","18","LE","quagga","18_06_28_R1",0.195845294,1958.452942
"Mfl_ae5","ND-40","19_07_18","R3","07","19","LE","quagga","19_07_18_R3",0,0
"Mfl_ae5","ND-41","19_07_18","R4","07","19","LE","quagga","19_07_18_R4",0,0
"Mfl_ae5","ND-42","19_07_31","R1","07","19","LE","control","19_07_31_R1",0.022998678,229.9867768
"Mfl_ae5","ND-43","19_07_31","R2","07","19","LE","control","19_07_31_R2",0.041016045,410.1604463
"Mfl_ae5","ND-44","19_07_31","R3","07","19","LE","control","19_07_31_R3",0,0
"Mfl_ae5","ND-45","19_07_31","R1","07","19","LE","quagga","19_07_31_R1",0,0
"Mfl_ae5","ND-46","19_07_31","R2","07","19","LE","quagga","19_07_31_R2",0,0
"Mfl_ae5","ND-47","19_07_31","R3","07","19","LE","quagga","19_07_31_R3",0,0
"Mfl_ae5","ND-48","19_07_31","R4","07","19","LE","quagga","19_07_31_R4",0,0
"Mfl_ae5","ND-49","19_08_13","R1","08","19","LE","control","19_08_13_R1",0,0
"Mfl_ae5","ND-5","18_06_28","R2","06","18","LE","quagga","18_06_28_R2",0.113000005,1130.000054
"Mfl_ae5","ND-50","19_08_13","R2","08","19","LE","control","19_08_13_R2",0,0
"Mfl_ae5","ND-51","19_08_13","R3","08","19","LE","control","19_08_13_R3",0,0
"Mfl_ae5","ND-52","19_08_13","R4","08","19","LE","control","19_08_13_R4",0,0
"Mfl_ae5","ND-53","19_08_13","R1","08","19","LE","quagga","19_08_13_R1",0,0
"Mfl_ae5","ND-54","19_08_13","R2","08","19","LE","quagga","19_08_13_R2",0,0
"Mfl_ae5","ND-55","19_08_13","R3","08","19","LE","quagga","19_08_13_R3",0,0
"Mfl_ae5","ND-56","19_08_13","R4","08","19","LE","quagga","19_08_13_R4",0,0
"Mfl_ae5","ND-57","19_09_18","R1","09","19","LE","control","19_09_18_R1",0,0
"Mfl_ae5","ND-58","19_09_18","R2","09","19","LE","control","19_09_18_R2",0,0
"Mfl_ae5","ND-59","19_09_18","R3","09","19","LE","control","19_09_18_R3",0,0
"Mfl_ae5","ND-6","18_06_28","R3","06","18","LE","quagga","18_06_28_R3",0.160446969,1604.469695
"Mfl_ae5","ND-60","19_09_18","R1","09","19","LE","quagga","19_09_18_R1",0,0
"Mfl_ae5","ND-61","19_09_18","R2","09","19","LE","quagga","19_09_18_R2",0,0
"Mfl_ae5","ND-62","19_09_18","R3","09","19","LE","quagga","19_09_18_R3",0,0
"Mfl_ae5","ND-63","19_09_18","R4","09","19","LE","quagga","19_09_18_R4",0,0
"Mfl_ae5","ND-64","19_06_12","R1","06","19","LH","control","19_06_12_R1",0,0
"Mfl_ae5","ND-65","19_06_12","R2","06","19","LH","control","19_06_12_R2",0,0
"Mfl_ae5","ND-66","19_06_12","R3","06","19","LH","control","19_06_12_R3",0,0
"Mfl_ae5","ND-67","19_06_12","R1","06","19","LH","quagga","19_06_12_R1",0,0
"Mfl_ae5","ND-68","19_06_12","R2","06","19","LH","quagga","19_06_12_R2",0,0
"Mfl_ae5","ND-69","19_06_12","R3","06","19","LH","quagga","19_06_12_R3",0,0
"Mfl_ae5","ND-7","18_06_28","R4","06","18","LE","quagga","18_06_28_R4",0,0
"Mfl_ae5","ND-70","19_06_12","R4","06","19","LH","quagga","19_06_12_R4",0,0
"Mfl_ae5","ND-71","19_08_22","R1","08","19","LH","control","19_08_22_R1",0,0
"Mfl_ae5","ND-72","19_08_22","R2","08","19","LH","control","19_08_22_R2",0,0
"Mfl_ae5","ND-73","19_08_22","R3","08","19","LH","control","19_08_22_R3",0.06643146,664.3146022
"Mfl_ae5","ND-74","19_08_22","R1","08","19","LH","quagga","19_08_22_R1",0,0
"Mfl_ae5","ND-75","19_08_22","R2","08","19","LH","quagga","19_08_22_R2",0,0
"Mfl_ae5","ND-76","19_08_22","R4","08","19","LH","quagga","19_08_22_R4",0,0
"Mfl_ae5","ND-8","18_07_10","R2","07","18","LE","control","18_07_10_R2",0,0
"Mfl_ae5","ND-9","18_07_10","R3","07","18","LE","control","18_07_10_R3",0,0
"Mfl_ae6","ND-1","18_06_28","R1","06","18","LE","control","18_06_28_R1",1.109215017,11092.15017
"Mfl_ae6","ND-10","18_07_10","R1","07","18","LE","control","18_07_10_R1",2.535950253,25359.50253
"Mfl_ae6","ND-11","18_07_10","R1","07","18","LE","quagga","18_07_10_R1",2.416912834,24169.12834
"Mfl_ae6","ND-12","18_07_10","R2","07","18","LE","quagga","18_07_10_R2",1.473394226,14733.94226
"Mfl_ae6","ND-13","18_07_10","R3","07","18","LE","quagga","18_07_10_R3",1.871987606,18719.87606
"Mfl_ae6","ND-14","18_07_10","R4","07","18","LE","quagga","18_07_10_R4",2.305246423,23052.46423
"Mfl_ae6","ND-15","18_07_25","R1","07","18","LE","control","18_07_25_R1",0.627482885,6274.828849
"Mfl_ae6","ND-16","18_07_25","R2","07","18","LE","control","18_07_25_R2",0.670043603,6700.436028
"Mfl_ae6","ND-17","18_07_25","R3","07","18","LE","control","18_07_25_R3",0.687643753,6876.437531
"Mfl_ae6","ND-18","18_07_25","R1","07","18","LE","quagga","18_07_25_R1",0.763070269,7630.702694
"Mfl_ae6","ND-19","18_07_25","R2","07","18","LE","quagga","18_07_25_R2",1.203957411,12039.57411
"Mfl_ae6","ND-2","18_06_28","R2","06","18","LE","control","18_06_28_R2",2.061969489,20619.69489
"Mfl_ae6","ND-20","18_07_25","R3","07","18","LE","quagga","18_07_25_R3",0.699327774,6993.277738
"Mfl_ae6","ND-21","18_07_25","R4","07","18","LE","quagga","18_07_25_R4",0.618544136,6185.44136
"Mfl_ae6","ND-22","18_08_15","R1","08","18","LE","control","18_08_15_R1",0.479065657,4790.656568
"Mfl_ae6","ND-23","18_08_15","R2","08","18","LE","control","18_08_15_R2",0.871088861,8710.888611
"Mfl_ae6","ND-24","18_08_15","R3","08","18","LE","control","18_08_15_R3",0.421171874,4211.718744
"Mfl_ae6","ND-25","18_08_15","R1","08","18","LE","quagga","18_08_15_R1",0.957174684,9571.746844
"Mfl_ae6","ND-26","18_08_15","R2","08","18","LE","quagga","18_08_15_R2",0.306154767,3061.547665
"Mfl_ae6","ND-27","18_08_15","R3","08","18","LE","quagga","18_08_15_R3",0.259328369,2593.283693
"Mfl_ae6","ND-28","18_08_15","R4","08","18","LE","quagga","18_08_15_R4",0.085118373,851.1837324
"Mfl_ae6","ND-29","18_10_4","R1","10","18","LE","control","18_10_4_R1",0.196934611,1969.346109
"Mfl_ae6","ND-3","18_06_28","R3","06","18","LE","control","18_06_28_R3",3.38147953,33814.7953
"Mfl_ae6","ND-30","18_10_4","R2","10","18","LE","control","18_10_4_R2",0.288617522,2886.175221
"Mfl_ae6","ND-31","18_10_4","R3","10","18","LE","control","18_10_4_R3",0,0
"Mfl_ae6","ND-32","18_10_4","R1","10","18","LE","quagga","18_10_4_R1",0.198642382,1986.423821
"Mfl_ae6","ND-33","18_10_4","R2","10","18","LE","quagga","18_10_4_R2",0.224492956,2244.929556
"Mfl_ae6","ND-35","19_07_18","R1","07","19","LE","control","19_07_18_R1",0.84581395,8458.139501
"Mfl_ae6","ND-36","19_07_18","R2","07","19","LE","control","19_07_18_R2",2.229054573,22290.54573
"Mfl_ae6","ND-37","19_07_18","R3","07","19","LE","control","19_07_18_R3",1.016397358,10163.97358
"Mfl_ae6","ND-38","19_07_18","R1","07","19","LE","quagga","19_07_18_R1",1.938979114,19389.79114
"Mfl_ae6","ND-39","19_07_18","R2","07","19","LE","quagga","19_07_18_R2",0.807649462,8076.494616
"Mfl_ae6","ND-4","18_06_28","R1","06","18","LE","quagga","18_06_28_R1",2.467650707,24676.50707
"Mfl_ae6","ND-40","19_07_18","R3","07","19","LE","quagga","19_07_18_R3",1.496490987,14964.90987
"Mfl_ae6","ND-41","19_07_18","R4","07","19","LE","quagga","19_07_18_R4",2.12808539,21280.8539
"Mfl_ae6","ND-42","19_07_31","R1","07","19","LE","control","19_07_31_R1",0.609464959,6094.649586
"Mfl_ae6","ND-43","19_07_31","R2","07","19","LE","control","19_07_31_R2",0.888680967,8886.80967
"Mfl_ae6","ND-44","19_07_31","R3","07","19","LE","control","19_07_31_R3",0.741612081,7416.12081
"Mfl_ae6","ND-45","19_07_31","R1","07","19","LE","quagga","19_07_31_R1",0.669597678,6695.976775
"Mfl_ae6","ND-46","19_07_31","R2","07","19","LE","quagga","19_07_31_R2",0.670385673,6703.856727
"Mfl_ae6","ND-47","19_07_31","R3","07","19","LE","quagga","19_07_31_R3",0.706022946,7060.229458
"Mfl_ae6","ND-48","19_07_31","R4","07","19","LE","quagga","19_07_31_R4",0.549283712,5492.837116
"Mfl_ae6","ND-49","19_08_13","R1","08","19","LE","control","19_08_13_R1",0.639571519,6395.715186
"Mfl_ae6","ND-5","18_06_28","R2","06","18","LE","quagga","18_06_28_R2",2.655500127,26555.00127
"Mfl_ae6","ND-50","19_08_13","R2","08","19","LE","control","19_08_13_R2",0.797758658,7977.586579
"Mfl_ae6","ND-51","19_08_13","R3","08","19","LE","control","19_08_13_R3",1.071349562,10713.49562
"Mfl_ae6","ND-52","19_08_13","R4","08","19","LE","control","19_08_13_R4",0.975012776,9750.12776
"Mfl_ae6","ND-53","19_08_13","R1","08","19","LE","quagga","19_08_13_R1",0.509331301,5093.313007
"Mfl_ae6","ND-54","19_08_13","R2","08","19","LE","quagga","19_08_13_R2",0.168900554,1689.005545
"Mfl_ae6","ND-55","19_08_13","R3","08","19","LE","quagga","19_08_13_R3",0.683435718,6834.357178
"Mfl_ae6","ND-56","19_08_13","R4","08","19","LE","quagga","19_08_13_R4",0.971003817,9710.03817
"Mfl_ae6","ND-57","19_09_18","R1","09","19","LE","control","19_09_18_R1",0,0
"Mfl_ae6","ND-58","19_09_18","R2","09","19","LE","control","19_09_18_R2",0.442477876,4424.778761
"Mfl_ae6","ND-59","19_09_18","R3","09","19","LE","control","19_09_18_R3",0.564971751,5649.717514
"Mfl_ae6","ND-6","18_06_28","R3","06","18","LE","quagga","18_06_28_R3",3.369386359,33693.86359
"Mfl_ae6","ND-60","19_09_18","R1","09","19","LE","quagga","19_09_18_R1",0,0
"Mfl_ae6","ND-61","19_09_18","R2","09","19","LE","quagga","19_09_18_R2",0.243333501,2433.335011
"Mfl_ae6","ND-62","19_09_18","R3","09","19","LE","quagga","19_09_18_R3",0,0
"Mfl_ae6","ND-63","19_09_18","R4","09","19","LE","quagga","19_09_18_R4",0.380258051,3802.58051
"Mfl_ae6","ND-64","19_06_12","R1","06","19","LH","control","19_06_12_R1",0,0
"Mfl_ae6","ND-65","19_06_12","R2","06","19","LH","control","19_06_12_R2",0,0
"Mfl_ae6","ND-66","19_06_12","R3","06","19","LH","control","19_06_12_R3",0,0
"Mfl_ae6","ND-67","19_06_12","R1","06","19","LH","quagga","19_06_12_R1",0,0
"Mfl_ae6","ND-68","19_06_12","R2","06","19","LH","quagga","19_06_12_R2",0,0
"Mfl_ae6","ND-69","19_06_12","R3","06","19","LH","quagga","19_06_12_R3",0,0
"Mfl_ae6","ND-7","18_06_28","R4","06","18","LE","quagga","18_06_28_R4",2.665885971,26658.85971
"Mfl_ae6","ND-70","19_06_12","R4","06","19","LH","quagga","19_06_12_R4",0,0
"Mfl_ae6","ND-71","19_08_22","R1","08","19","LH","control","19_08_22_R1",0,0
"Mfl_ae6","ND-72","19_08_22","R2","08","19","LH","control","19_08_22_R2",0.140150677,1401.506773
"Mfl_ae6","ND-73","19_08_22","R3","08","19","LH","control","19_08_22_R3",0.06643146,664.3146022
"Mfl_ae6","ND-74","19_08_22","R1","08","19","LH","quagga","19_08_22_R1",0.224041533,2240.415327
"Mfl_ae6","ND-75","19_08_22","R2","08","19","LH","quagga","19_08_22_R2",0.173226339,1732.263388
"Mfl_ae6","ND-76","19_08_22","R4","08","19","LH","quagga","19_08_22_R4",0.188227527,1882.275272
"Mfl_ae6","ND-8","18_07_10","R2","07","18","LE","control","18_07_10_R2",0.331171204,3311.712041
"Mfl_ae6","ND-9","18_07_10","R3","07","18","LE","control","18_07_10_R3",0.950632662,9506.326624
"Mn","ND-1","18_06_28","R1","06","18","LE","control","18_06_28_R1",0.085324232,853.2423208
"Mn","ND-10","18_07_10","R1","07","18","LE","control","18_07_10_R1",1.972405752,19724.057519
"Mn","ND-11","18_07_10","R1","07","18","LE","quagga","18_07_10_R1",0.402818805,4028.188056
"Mn","ND-12","18_07_10","R2","07","18","LE","quagga","18_07_10_R2",0.327420939,3274.209391
"Mn","ND-13","18_07_10","R3","07","18","LE","quagga","18_07_10_R3",0.207998623,2079.986229
"Mn","ND-14","18_07_10","R4","07","18","LE","quagga","18_07_10_R4",0.461049285,4610.492846
"Mn","ND-15","18_07_25","R1","07","18","LE","control","18_07_25_R1",0.250993154,2509.931539
"Mn","ND-16","18_07_25","R2","07","18","LE","control","18_07_25_R2",0,0
"Mn","ND-17","18_07_25","R3","07","18","LE","control","18_07_25_R3",0.687643753,6876.437531
"Mn","ND-18","18_07_25","R1","07","18","LE","quagga","18_07_25_R1",0.208110073,2081.100735
"Mn","ND-19","18_07_25","R2","07","18","LE","quagga","18_07_25_R2",0.185224217,1852.242171
"Mn","ND-2","18_06_28","R2","06","18","LE","control","18_06_28_R2",0.128873093,1288.730931
"Mn","ND-20","18_07_25","R3","07","18","LE","quagga","18_07_25_R3",0,0
"Mn","ND-21","18_07_25","R4","07","18","LE","quagga","18_07_25_R4",0.088363448,883.63448
"Mn","ND-22","18_08_15","R1","08","18","LE","control","18_08_15_R1",0.479065656,4790.656568
"Mn","ND-23","18_08_15","R2","08","18","LE","control","18_08_15_R2",0.145181477,1451.814768
"Mn","ND-24","18_08_15","R3","08","18","LE","control","18_08_15_R3",0,0
"Mn","ND-25","18_08_15","R1","08","18","LE","quagga","18_08_15_R1",0.358940507,3589.405066
"Mn","ND-26","18_08_15","R2","08","18","LE","quagga","18_08_15_R2",0.204103178,2041.031777
"Mn","ND-27","18_08_15","R3","08","18","LE","quagga","18_08_15_R3",0.17288558,1728.855796
"Mn","ND-28","18_08_15","R4","08","18","LE","quagga","18_08_15_R4",0.680946985,6809.469859
"Mn","ND-29","18_10_4","R1","10","18","LE","control","18_10_4_R1",0,0
"Mn","ND-3","18_06_28","R3","06","18","LE","control","18_06_28_R3",0.040740717,407.4071723
"Mn","ND-30","18_10_4","R2","10","18","LE","control","18_10_4_R2",0,0
"Mn","ND-31","18_10_4","R3","10","18","LE","control","18_10_4_R3",0.247263054,2472.630538
"Mn","ND-32","18_10_4","R1","10","18","LE","quagga","18_10_4_R1",0.496605955,4966.059552
"Mn","ND-33","18_10_4","R2","10","18","LE","quagga","18_10_4_R2",0,0
"Mn","ND-35","19_07_18","R1","07","19","LE","control","19_07_18_R1",0.84581395,8458.1395
"Mn","ND-36","19_07_18","R2","07","19","LE","control","19_07_18_R2",0,0
"Mn","ND-37","19_07_18","R3","07","19","LE","control","19_07_18_R3",0.762298019,7622.980186
"Mn","ND-38","19_07_18","R1","07","19","LE","quagga","19_07_18_R1",0.727117168,7271.171677
"Mn","ND-39","19_07_18","R2","07","19","LE","quagga","19_07_18_R2",0.673041218,6730.41218
"Mn","ND-4","18_06_28","R1","06","18","LE","quagga","18_06_28_R1",0,0
"Mn","ND-40","19_07_18","R3","07","19","LE","quagga","19_07_18_R3",0.249415164,2494.151644
"Mn","ND-41","19_07_18","R4","07","19","LE","quagga","19_07_18_R4",0.290193462,2901.934623
"Mn","ND-42","19_07_31","R1","07","19","LE","control","19_07_31_R1",0.344980165,3449.801652
"Mn","ND-43","19_07_31","R2","07","19","LE","control","19_07_31_R2",0.287112312,2871.1231239
"Mn","ND-44","19_07_31","R3","07","19","LE","control","19_07_31_R3",0.542965988,5429.659879
"Mn","ND-45","19_07_31","R1","07","19","LE","quagga","19_07_31_R1",0.345261303,3452.613025
"Mn","ND-46","19_07_31","R2","07","19","LE","quagga","19_07_31_R2",0.207030869,2070.3086954
"Mn","ND-47","19_07_31","R3","07","19","LE","quagga","19_07_31_R3",0.448268537,4482.685371
"Mn","ND-48","19_07_31","R4","07","19","LE","quagga","19_07_31_R4",0.252373597,2523.7359724
"Mn","ND-49","19_08_13","R1","08","19","LE","control","19_08_13_R1",0.36546944,3654.694392
"Mn","ND-5","18_06_28","R2","06","18","LE","quagga","18_06_28_R2",0.395500019,3955.000189
"Mn","ND-50","19_08_13","R2","08","19","LE","control","19_08_13_R2",0.245464202,2454.642024
"Mn","ND-51","19_08_13","R3","08","19","LE","control","19_08_13_R3",0.169160457,1691.604572
"Mn","ND-52","19_08_13","R4","08","19","LE","control","19_08_13_R4",0.487506388,4875.06388
"Mn","ND-53","19_08_13","R1","08","19","LE","quagga","19_08_13_R1",0.20373252,2037.325203
"Mn","ND-54","19_08_13","R2","08","19","LE","quagga","19_08_13_R2",0.281500924,2815.009241
"Mn","ND-55","19_08_13","R3","08","19","LE","quagga","19_08_13_R3",0.341717859,3417.178589
"Mn","ND-56","19_08_13","R4","08","19","LE","quagga","19_08_13_R4",0.323667939,3236.67939
"Mn","ND-57","19_09_18","R1","09","19","LE","control","19_09_18_R1",0,0
"Mn","ND-58","19_09_18","R2","09","19","LE","control","19_09_18_R2",0,0
"Mn","ND-59","19_09_18","R3","09","19","LE","control","19_09_18_R3",0,0
"Mn","ND-6","18_06_28","R3","06","18","LE","quagga","18_06_28_R3",0.280782196,2807.8219656
"Mn","ND-60","19_09_18","R1","09","19","LE","quagga","19_09_18_R1",0.15910899,1591.089897
"Mn","ND-61","19_09_18","R2","09","19","LE","quagga","19_09_18_R2",0,0
"Mn","ND-62","19_09_18","R3","09","19","LE","quagga","19_09_18_R3",0,0
"Mn","ND-63","19_09_18","R4","09","19","LE","quagga","19_09_18_R4",0,0
"Mn","ND-64","19_06_12","R1","06","19","LH","control","19_06_12_R1",0,0
"Mn","ND-65","19_06_12","R2","06","19","LH","control","19_06_12_R2",2.564102564,25641.02564
"Mn","ND-66","19_06_12","R3","06","19","LH","control","19_06_12_R3",0,0
"Mn","ND-67","19_06_12","R1","06","19","LH","quagga","19_06_12_R1",1.367434794,13674.34794
"Mn","ND-68","19_06_12","R2","06","19","LH","quagga","19_06_12_R2",0,0
"Mn","ND-69","19_06_12","R3","06","19","LH","quagga","19_06_12_R3",0,0
"Mn","ND-7","18_06_28","R4","06","18","LE","quagga","18_06_28_R4",0.236967642,2369.676419
"Mn","ND-70","19_06_12","R4","06","19","LH","quagga","19_06_12_R4",0,0
"Mn","ND-71","19_08_22","R1","08","19","LH","control","19_08_22_R1",0.457245929,4572.459289
"Mn","ND-72","19_08_22","R2","08","19","LH","control","19_08_22_R2",0.770828726,7708.2872526
"Mn","ND-73","19_08_22","R3","08","19","LH","control","19_08_22_R3",0.564667412,5646.674119
"Mn","ND-74","19_08_22","R1","08","19","LH","quagga","19_08_22_R1",0.352065266,3520.652657
"Mn","ND-75","19_08_22","R2","08","19","LH","quagga","19_08_22_R2",0.450388481,4503.884808
"Mn","ND-76","19_08_22","R4","08","19","LH","quagga","19_08_22_R4",0.268896467,2688.9646749
"Mn","ND-8","18_07_10","R2","07","18","LE","control","18_07_10_R2",0,0
"Mn","ND-9","18_07_10","R3","07","18","LE","control","18_07_10_R3",0.237658166,2376.581656
"Mpa","ND-1","18_06_28","R1","06","18","LE","control","18_06_28_R1",0.170648464,1706.484642
"Mpa","ND-10","18_07_10","R1","07","18","LE","control","18_07_10_R1",0.563544501,5635.445006
"Mpa","ND-11","18_07_10","R1","07","18","LE","quagga","18_07_10_R1",0.537091741,5370.917408
"Mpa","ND-12","18_07_10","R2","07","18","LE","quagga","18_07_10_R2",0.327420939,3274.209391
"Mpa","ND-13","18_07_10","R3","07","18","LE","quagga","18_07_10_R3",1.247991738,12479.917374
"Mpa","ND-14","18_07_10","R4","07","18","LE","quagga","18_07_10_R4",0.768415474,7684.154743
"Mpa","ND-15","18_07_25","R1","07","18","LE","control","18_07_25_R1",0,0
"Mpa","ND-16","18_07_25","R2","07","18","LE","control","18_07_25_R2",0.446695736,4466.957352
"Mpa","ND-17","18_07_25","R3","07","18","LE","control","18_07_25_R3",0,0
"Mpa","ND-18","18_07_25","R1","07","18","LE","quagga","18_07_25_R1",0.208110073,2081.100735
"Mpa","ND-19","18_07_25","R2","07","18","LE","quagga","18_07_25_R2",0.370448434,3704.484342
"Mpa","ND-2","18_06_28","R2","06","18","LE","control","18_06_28_R2",0.966548198,9665.481982
"Mpa","ND-20","18_07_25","R3","07","18","LE","quagga","18_07_25_R3",0.087415972,874.1597173
"Mpa","ND-21","18_07_25","R4","07","18","LE","quagga","18_07_25_R4",0.088363448,883.63448
"Mpa","ND-22","18_08_15","R1","08","18","LE","control","18_08_15_R1",0.359299242,3592.992426
"Mpa","ND-23","18_08_15","R2","08","18","LE","control","18_08_15_R2",1.016270338,10162.703379
"Mpa","ND-24","18_08_15","R3","08","18","LE","control","18_08_15_R3",0.421171874,4211.718744
"Mpa","ND-25","18_08_15","R1","08","18","LE","quagga","18_08_15_R1",0.239293671,2392.936711
"Mpa","ND-26","18_08_15","R2","08","18","LE","quagga","18_08_15_R2",0.204103178,2041.031777
"Mpa","ND-27","18_08_15","R3","08","18","LE","quagga","18_08_15_R3",0,0
"Mpa","ND-28","18_08_15","R4","08","18","LE","quagga","18_08_15_R4",0.085118373,851.1837324
"Mpa","ND-29","18_10_4","R1","10","18","LE","control","18_10_4_R1",0,0
"Mpa","ND-3","18_06_28","R3","06","18","LE","control","18_06_28_R3",0.570370041,5703.7004116
"Mpa","ND-30","18_10_4","R2","10","18","LE","control","18_10_4_R2",0,0
"Mpa","ND-31","18_10_4","R3","10","18","LE","control","18_10_4_R3",0.370894581,3708.945807
"Mpa","ND-32","18_10_4","R1","10","18","LE","quagga","18_10_4_R1",0.397284764,3972.847641
"Mpa","ND-33","18_10_4","R2","10","18","LE","quagga","18_10_4_R2",0.112246478,1122.464778
"Mpa","ND-35","19_07_18","R1","07","19","LE","control","19_07_18_R1",0.634360463,6343.604625
"Mpa","ND-36","19_07_18","R2","07","19","LE","control","19_07_18_R2",1.114527287,11145.27287
"Mpa","ND-37","19_07_18","R3","07","19","LE","control","19_07_18_R3",0,0
"Mpa","ND-38","19_07_18","R1","07","19","LE","quagga","19_07_18_R1",0.484744778,4847.447785
"Mpa","ND-39","19_07_18","R2","07","19","LE","quagga","19_07_18_R2",0.807649462,8076.494616
"Mpa","ND-4","18_06_28","R1","06","18","LE","quagga","18_06_28_R1",0.313352471,3133.5247073
"Mpa","ND-40","19_07_18","R3","07","19","LE","quagga","19_07_18_R3",0.249415164,2494.151644
"Mpa","ND-41","19_07_18","R4","07","19","LE","quagga","19_07_18_R4",0.967311541,9673.11541
"Mpa","ND-42","19_07_31","R1","07","19","LE","control","19_07_31_R1",0.425475537,4254.755371
"Mpa","ND-43","19_07_31","R2","07","19","LE","control","19_07_31_R2",0.355472387,3554.7238678
"Mpa","ND-44","19_07_31","R3","07","19","LE","control","19_07_31_R3",0.437021404,4370.2140485
"Mpa","ND-45","19_07_31","R1","07","19","LE","quagga","19_07_31_R1",0.313873911,3138.7391135
"Mpa","ND-46","19_07_31","R2","07","19","LE","quagga","19_07_31_R2",0.571799545,5717.9954437
"Mpa","ND-47","19_07_31","R3","07","19","LE","quagga","19_07_31_R3",0.504302104,5043.0210418
"Mpa","ND-48","19_07_31","R4","07","19","LE","quagga","19_07_31_R4",0.282064609,2820.646087
"Mpa","ND-49","19_08_13","R1","08","19","LE","control","19_08_13_R1",0.365469439,3654.694392
"Mpa","ND-5","18_06_28","R2","06","18","LE","quagga","18_06_28_R2",0.226000011,2260.000108
"Mpa","ND-50","19_08_13","R2","08","19","LE","control","19_08_13_R2",0.552294455,5522.944555
"Mpa","ND-51","19_08_13","R3","08","19","LE","control","19_08_13_R3",0.112773638,1127.736381
"Mpa","ND-52","19_08_13","R4","08","19","LE","control","19_08_13_R4",0.195002556,1950.025552
"Mpa","ND-53","19_08_13","R1","08","19","LE","quagga","19_08_13_R1",0.40746504,4074.650405
"Mpa","ND-54","19_08_13","R2","08","19","LE","quagga","19_08_13_R2",0.056300185,563.0018482
"Mpa","ND-55","19_08_13","R3","08","19","LE","quagga","19_08_13_R3",0,0
"Mpa","ND-56","19_08_13","R4","08","19","LE","quagga","19_08_13_R4",0.323667939,3236.67939
"Mpa","ND-57","19_09_18","R1","09","19","LE","control","19_09_18_R1",1.111153684,11111.53684
"Mpa","ND-58","19_09_18","R2","09","19","LE","control","19_09_18_R2",0,0
"Mpa","ND-59","19_09_18","R3","09","19","LE","control","19_09_18_R3",0,0
"Mpa","ND-6","18_06_28","R3","06","18","LE","quagga","18_06_28_R3",0.601676135,6016.7613553
"Mpa","ND-60","19_09_18","R1","09","19","LE","quagga","19_09_18_R1",0,0
"Mpa","ND-61","19_09_18","R2","09","19","LE","quagga","19_09_18_R2",0,0
"Mpa","ND-62","19_09_18","R3","09","19","LE","quagga","19_09_18_R3",0.293479196,2934.7919587
"Mpa","ND-63","19_09_18","R4","09","19","LE","quagga","19_09_18_R4",0.950645127,9506.451275
"Mpa","ND-64","19_06_12","R1","06","19","LH","control","19_06_12_R1",0,0
"Mpa","ND-65","19_06_12","R2","06","19","LH","control","19_06_12_R2",0,0
"Mpa","ND-66","19_06_12","R3","06","19","LH","control","19_06_12_R3",0,0
"Mpa","ND-67","19_06_12","R1","06","19","LH","quagga","19_06_12_R1",0.683717397,6837.173968
"Mpa","ND-68","19_06_12","R2","06","19","LH","quagga","19_06_12_R2",0,0
"Mpa","ND-69","19_06_12","R3","06","19","LH","quagga","19_06_12_R3",0.775193798,7751.937984
"Mpa","ND-7","18_06_28","R4","06","18","LE","quagga","18_06_28_R4",0.296209552,2962.095523
"Mpa","ND-70","19_06_12","R4","06","19","LH","quagga","19_06_12_R4",0,0
"Mpa","ND-71","19_08_22","R1","08","19","LH","control","19_08_22_R1",0.365796743,3657.967431
"Mpa","ND-72","19_08_22","R2","08","19","LH","control","19_08_22_R2",0.56060271,5606.0270926
"Mpa","ND-73","19_08_22","R3","08","19","LH","control","19_08_22_R3",0.730746062,7307.460624
"Mpa","ND-74","19_08_22","R1","08","19","LH","quagga","19_08_22_R1",0.384071199,3840.711989
"Mpa","ND-75","19_08_22","R2","08","19","LH","quagga","19_08_22_R2",0.658260088,6582.600873
"Mpa","ND-76","19_08_22","R4","08","19","LH","quagga","19_08_22_R4",0.564682582,5646.8258164
"Mpa","ND-8","18_07_10","R2","07","18","LE","control","18_07_10_R2",0,0
"Mpa","ND-9","18_07_10","R3","07","18","LE","control","18_07_10_R3",0.475316331,4753.163312
"Mvi","ND-1","18_06_28","R1","06","18","LE","control","18_06_28_R1",3.071672355,30716.723552
"Mvi","ND-10","18_07_10","R1","07","18","LE","control","18_07_10_R1",9.29848426,92984.8426
"Mvi","ND-11","18_07_10","R1","07","18","LE","quagga","18_07_10_R1",13.528229724,135282.29724
"Mvi","ND-12","18_07_10","R2","07","18","LE","quagga","18_07_10_R2",12.742319721,127423.19721
"Mvi","ND-13","18_07_10","R3","07","18","LE","quagga","18_07_10_R3",8.900906587,89009.065868
"Mvi","ND-14","18_07_10","R4","07","18","LE","quagga","18_07_10_R4",13.492315846,134923.158457
"Mvi","ND-15","18_07_25","R1","07","18","LE","control","18_07_25_R1",3.754511385,37545.113852
"Mvi","ND-16","18_07_25","R2","07","18","LE","control","18_07_25_R2",5.681507653,56815.076527
"Mvi","ND-17","18_07_25","R3","07","18","LE","control","18_07_25_R3",10.054616303,100546.163034
"Mvi","ND-18","18_07_25","R1","07","18","LE","quagga","18_07_25_R1",4.010544243,40105.442435
"Mvi","ND-19","18_07_25","R2","07","18","LE","quagga","18_07_25_R2",4.630605427,46306.054272
"Mvi","ND-2","18_06_28","R2","06","18","LE","control","18_06_28_R2",3.663550963,36635.50963
"Mvi","ND-20","18_07_25","R3","07","18","LE","quagga","18_07_25_R3",5.416173035,54161.7303426
"Mvi","ND-21","18_07_25","R4","07","18","LE","quagga","18_07_25_R4",4.318839696,43188.396964
"Mvi","ND-22","18_08_15","R1","08","18","LE","control","18_08_15_R1",2.27556187,22755.6187
"Mvi","ND-23","18_08_15","R2","08","18","LE","control","18_08_15_R2",1.721151439,17211.514393
"Mvi","ND-24","18_08_15","R3","08","18","LE","control","18_08_15_R3",3.571247032,35712.470318
"Mvi","ND-25","18_08_15","R1","08","18","LE","quagga","18_08_15_R1",2.746926314,27469.263136
"Mvi","ND-26","18_08_15","R2","08","18","LE","quagga","18_08_15_R2",3.461308372,34613.083714
"Mvi","ND-27","18_08_15","R3","08","18","LE","quagga","18_08_15_R3",4.145676968,41456.769667
"Mvi","ND-28","18_08_15","R4","08","18","LE","quagga","18_08_15_R4",3.646001491,36460.014906
"Mvi","ND-29","18_10_4","R1","10","18","LE","control","18_10_4_R1",6.456059814,64560.59814
"Mvi","ND-3","18_06_28","R3","06","18","LE","control","18_06_28_R3",1.911442064,19114.420644
"Mvi","ND-30","18_10_4","R2","10","18","LE","control","18_10_4_R2",4.034673912,40346.739121
"Mvi","ND-31","18_10_4","R3","10","18","LE","control","18_10_4_R3",5.174618874,51746.188736
"Mvi","ND-32","18_10_4","R1","10","18","LE","quagga","18_10_4_R1",3.56323335,35632.3335
"Mvi","ND-33","18_10_4","R2","10","18","LE","quagga","18_10_4_R2",2.354853693,23548.536929
"Mvi","ND-35","19_07_18","R1","07","19","LE","control","19_07_18_R1",2.960348825,29603.48825
"Mvi","ND-36","19_07_18","R2","07","19","LE","control","19_07_18_R2",3.889315911,38893.159107
"Mvi","ND-37","19_07_18","R3","07","19","LE","control","19_07_18_R3",4.309174317,43091.743167
"Mvi","ND-38","19_07_18","R1","07","19","LE","quagga","19_07_18_R1",3.635585839,36355.85839
"Mvi","ND-39","19_07_18","R2","07","19","LE","quagga","19_07_18_R2",4.032677312,40326.773119
"Mvi","ND-4","18_06_28","R1","06","18","LE","quagga","18_06_28_R1",1.992759636,19927.5963532
"Mvi","ND-40","19_07_18","R3","07","19","LE","quagga","19_07_18_R3",6.469313334,64693.133345
"Mvi","ND-41","19_07_18","R4","07","19","LE","quagga","19_07_18_R4",4.054703136,40547.031355
"Mvi","ND-42","19_07_31","R1","07","19","LE","control","19_07_31_R1",1.720618314,17206.1831374
"Mvi","ND-43","19_07_31","R2","07","19","LE","control","19_07_31_R2",1.839781754,18397.817537
"Mvi","ND-44","19_07_31","R3","07","19","LE","control","19_07_31_R3",1.927734753,19277.3475287
"Mvi","ND-45","19_07_31","R1","07","19","LE","quagga","19_07_31_R1",1.304777457,13047.7745714
"Mvi","ND-46","19_07_31","R2","07","19","LE","quagga","19_07_31_R2",1.307116081,13071.160807
"Mvi","ND-47","19_07_31","R3","07","19","LE","quagga","19_07_31_R3",1.874844511,18748.4451173
"Mvi","ND-48","19_07_31","R4","07","19","LE","quagga","19_07_31_R4",2.012231513,20122.315128
"Mvi","ND-49","19_08_13","R1","08","19","LE","control","19_08_13_R1",1.629489603,16294.89603
"Mvi","ND-5","18_06_28","R2","06","18","LE","quagga","18_06_28_R2",4.451810557,44518.105574
"Mvi","ND-50","19_08_13","R2","08","19","LE","control","19_08_13_R2",1.286147777,12861.477779
"Mvi","ND-51","19_08_13","R3","08","19","LE","control","19_08_13_R3",2.196752695,21967.526954
"Mvi","ND-52","19_08_13","R4","08","19","LE","control","19_08_13_R4",0.96290917,9629.091691
"Mvi","ND-53","19_08_13","R1","08","19","LE","quagga","19_08_13_R1",1.980069339,19800.693391
"Mvi","ND-54","19_08_13","R2","08","19","LE","quagga","19_08_13_R2",3.190473233,31904.732322
"Mvi","ND-55","19_08_13","R3","08","19","LE","quagga","19_08_13_R3",2.159499756,21594.997561
"Mvi","ND-56","19_08_13","R4","08","19","LE","quagga","19_08_13_R4",1.608294828,16082.948285
"Mvi","ND-57","19_09_18","R1","09","19","LE","control","19_09_18_R1",0.736937558,7369.375582
"Mvi","ND-58","19_09_18","R2","09","19","LE","control","19_09_18_R2",1.327433628,13274.33628
"Mvi","ND-59","19_09_18","R3","09","19","LE","control","19_09_18_R3",2.259887006,22598.87006
"Mvi","ND-6","18_06_28","R3","06","18","LE","quagga","18_06_28_R3",2.082491011,20824.9101023
"Mvi","ND-60","19_09_18","R1","09","19","LE","quagga","19_09_18_R1",1.113762928,11137.62928
"Mvi","ND-61","19_09_18","R2","09","19","LE","quagga","19_09_18_R2",0.963265032,9632.650321
"Mvi","ND-62","19_09_18","R3","09","19","LE","quagga","19_09_18_R3",1.464359987,14643.599873
"Mvi","ND-63","19_09_18","R4","09","19","LE","quagga","19_09_18_R4",0.570387076,5703.870765
"Mvi","ND-64","19_06_12","R1","06","19","LH","control","19_06_12_R1",4.166666667,41666.66667
"Mvi","ND-65","19_06_12","R2","06","19","LH","control","19_06_12_R2",0,0
"Mvi","ND-66","19_06_12","R3","06","19","LH","control","19_06_12_R3",0,0
"Mvi","ND-67","19_06_12","R1","06","19","LH","quagga","19_06_12_R1",0,0
"Mvi","ND-68","19_06_12","R2","06","19","LH","quagga","19_06_12_R2",2.272727273,22727.27273
"Mvi","ND-69","19_06_12","R3","06","19","LH","quagga","19_06_12_R3",0,0
"Mvi","ND-7","18_06_28","R4","06","18","LE","quagga","18_06_28_R4",3.132467087,31324.670865
"Mvi","ND-70","19_06_12","R4","06","19","LH","quagga","19_06_12_R4",3.333333334,33333.33334
"Mvi","ND-71","19_08_22","R1","08","19","LH","control","19_08_22_R1",5.898787825,58987.87825
"Mvi","ND-72","19_08_22","R2","08","19","LH","control","19_08_22_R2",2.023485814,20234.8581356
"Mvi","ND-73","19_08_22","R3","08","19","LH","control","19_08_22_R3",5.065513379,50655.133786
"Mvi","ND-74","19_08_22","R1","08","19","LH","quagga","19_08_22_R1",2.863317005,28633.1700622
"Mvi","ND-75","19_08_22","R2","08","19","LH","quagga","19_08_22_R2",3.06192487,30619.2487005
"Mvi","ND-76","19_08_22","R4","08","19","LH","quagga","19_08_22_R4",4.114301397,41143.0139788
"Mvi","ND-8","18_07_10","R2","07","18","LE","control","18_07_10_R2",10.583774895,105837.748952
"Mvi","ND-9","18_07_10","R3","07","18","LE","control","18_07_10_R3",11.368255426,113682.554256
"Mwe","ND-1","18_06_28","R1","06","18","LE","control","18_06_28_R1",0.511945392,5119.453925
"Mwe","ND-10","18_07_10","R1","07","18","LE","control","18_07_10_R1",1.127089002,11270.890012
"Mwe","ND-11","18_07_10","R1","07","18","LE","quagga","18_07_10_R1",0.402818806,4028.188056
"Mwe","ND-12","18_07_10","R2","07","18","LE","quagga","18_07_10_R2",0.982262817,9822.628174
"Mwe","ND-13","18_07_10","R3","07","18","LE","quagga","18_07_10_R3",0.831994492,8319.944916
"Mwe","ND-14","18_07_10","R4","07","18","LE","quagga","18_07_10_R4",1.229464759,12294.647589
"Mwe","ND-15","18_07_25","R1","07","18","LE","control","18_07_25_R1",1.003972616,10039.726158
"Mwe","ND-16","18_07_25","R2","07","18","LE","control","18_07_25_R2",1.005065404,10050.654042
"Mwe","ND-17","18_07_25","R3","07","18","LE","control","18_07_25_R3",1.60450209,16045.020906
"Mwe","ND-18","18_07_25","R1","07","18","LE","quagga","18_07_25_R1",1.595510563,15955.105634
"Mwe","ND-19","18_07_25","R2","07","18","LE","quagga","18_07_25_R2",1.852242171,18522.421711
"Mwe","ND-2","18_06_28","R2","06","18","LE","control","18_06_28_R2",0.579928919,5799.289189
"Mwe","ND-20","18_07_25","R3","07","18","LE","quagga","18_07_25_R3",1.223823604,12238.236045
"Mwe","ND-21","18_07_25","R4","07","18","LE","quagga","18_07_25_R4",1.76726896,17672.6896
"Mwe","ND-22","18_08_15","R1","08","18","LE","control","18_08_15_R1",0.239532828,2395.328284
"Mwe","ND-23","18_08_15","R2","08","18","LE","control","18_08_15_R2",0.580725907,5807.259074
"Mwe","ND-24","18_08_15","R3","08","18","LE","control","18_08_15_R3",0.631757812,6317.578116
"Mwe","ND-25","18_08_15","R1","08","18","LE","quagga","18_08_15_R1",1.07682152,10768.215199
"Mwe","ND-26","18_08_15","R2","08","18","LE","quagga","18_08_15_R2",1.224619067,12246.19066
"Mwe","ND-27","18_08_15","R3","08","18","LE","quagga","18_08_15_R3",1.555970216,15559.702157
"Mwe","ND-28","18_08_15","R4","08","18","LE","quagga","18_08_15_R4",1.361893972,13618.939719
"Mwe","ND-29","18_10_4","R1","10","18","LE","control","18_10_4_R1",0.689271138,6892.711382
"Mwe","ND-3","18_06_28","R3","06","18","LE","control","18_06_28_R3",0.692592193,6925.9219286
"Mwe","ND-30","18_10_4","R2","10","18","LE","control","18_10_4_R2",1.587396371,15873.963714
"Mwe","ND-31","18_10_4","R3","10","18","LE","control","18_10_4_R3",0.370894581,3708.945807
"Mwe","ND-32","18_10_4","R1","10","18","LE","quagga","18_10_4_R1",0.397284764,3972.847641
"Mwe","ND-33","18_10_4","R2","10","18","LE","quagga","18_10_4_R2",0.897971822,8979.718222
"Mwe","ND-35","19_07_18","R1","07","19","LE","control","19_07_18_R1",2.325988363,23259.883625
"Mwe","ND-36","19_07_18","R2","07","19","LE","control","19_07_18_R2",0.835895465,8358.95465
"Mwe","ND-37","19_07_18","R3","07","19","LE","control","19_07_18_R3",1.524596038,15245.960372
"Mwe","ND-38","19_07_18","R1","07","19","LE","quagga","19_07_18_R1",0.242372389,2423.723892
"Mwe","ND-39","19_07_18","R2","07","19","LE","quagga","19_07_18_R2",1.749907167,17499.07167
"Mwe","ND-4","18_06_28","R1","06","18","LE","quagga","18_06_28_R1",0.509197766,5091.9776493
"Mwe","ND-40","19_07_18","R3","07","19","LE","quagga","19_07_18_R3",0.748245493,7482.454933
"Mwe","ND-41","19_07_18","R4","07","19","LE","quagga","19_07_18_R4",0.773849232,7738.492328
"Mwe","ND-42","19_07_31","R1","07","19","LE","control","19_07_31_R1",0.70145967,7014.596693
"Mwe","ND-43","19_07_31","R2","07","19","LE","control","19_07_31_R2",0.861336938,8613.3693729
"Mwe","ND-44","19_07_31","R3","07","19","LE","control","19_07_31_R3",0.860799736,8607.9973687
"Mwe","ND-45","19_07_31","R1","07","19","LE","quagga","19_07_31_R1",0.805609705,8056.0970575
"Mwe","ND-46","19_07_31","R2","07","19","LE","quagga","19_07_31_R2",0.93656822,9365.6821927
"Mwe","ND-47","19_07_31","R3","07","19","LE","quagga","19_07_31_R3",0.941363928,9413.6392768
"Mwe","ND-48","19_07_31","R4","07","19","LE","quagga","19_07_31_R4",0.653202251,6532.0225174
"Mwe","ND-49","19_08_13","R1","08","19","LE","control","19_08_13_R1",0.548204159,5482.041588
"Mwe","ND-5","18_06_28","R2","06","18","LE","quagga","18_06_28_R2",0.678000032,6780.000324
"Mwe","ND-50","19_08_13","R2","08","19","LE","control","19_08_13_R2",0.552294456,5522.9445551
"Mwe","ND-51","19_08_13","R3","08","19","LE","control","19_08_13_R3",0.56386819,5638.6819055
"Mwe","ND-52","19_08_13","R4","08","19","LE","control","19_08_13_R4",0.877511499,8775.114984
"Mwe","ND-53","19_08_13","R1","08","19","LE","quagga","19_08_13_R1",0.814930081,8149.300811
"Mwe","ND-54","19_08_13","R2","08","19","LE","quagga","19_08_13_R2",0.563001849,5630.0184812
"Mwe","ND-55","19_08_13","R3","08","19","LE","quagga","19_08_13_R3",0.569529765,5695.297648
"Mwe","ND-56","19_08_13","R4","08","19","LE","quagga","19_08_13_R4",0.647335878,6473.35878
"Mwe","ND-57","19_09_18","R1","09","19","LE","control","19_09_18_R1",0.740769123,7407.691227
"Mwe","ND-58","19_09_18","R2","09","19","LE","control","19_09_18_R2",0.442477876,4424.778761
"Mwe","ND-59","19_09_18","R3","09","19","LE","control","19_09_18_R3",0,0
"Mwe","ND-6","18_06_28","R3","06","18","LE","quagga","18_06_28_R3",0.601676135,6016.7613546
"Mwe","ND-60","19_09_18","R1","09","19","LE","quagga","19_09_18_R1",0.079554495,795.5449483
"Mwe","ND-61","19_09_18","R2","09","19","LE","quagga","19_09_18_R2",0.730000503,7300.005033
"Mwe","ND-62","19_09_18","R3","09","19","LE","quagga","19_09_18_R3",0.513588593,5135.885928
"Mwe","ND-63","19_09_18","R4","09","19","LE","quagga","19_09_18_R4",0.950645127,9506.451275
"Mwe","ND-64","19_06_12","R1","06","19","LH","control","19_06_12_R1",0,0
"Mwe","ND-65","19_06_12","R2","06","19","LH","control","19_06_12_R2",2.564102564,25641.02564
"Mwe","ND-66","19_06_12","R3","06","19","LH","control","19_06_12_R3",3.225806452,32258.06452
"Mwe","ND-67","19_06_12","R1","06","19","LH","quagga","19_06_12_R1",1.367434794,13674.34794
"Mwe","ND-68","19_06_12","R2","06","19","LH","quagga","19_06_12_R2",0,0
"Mwe","ND-69","19_06_12","R3","06","19","LH","quagga","19_06_12_R3",3.100775193,31007.751934
"Mwe","ND-7","18_06_28","R4","06","18","LE","quagga","18_06_28_R4",1.362563941,13625.639408
"Mwe","ND-70","19_06_12","R4","06","19","LH","quagga","19_06_12_R4",2.5,25000.000003
"Mwe","ND-71","19_08_22","R1","08","19","LH","control","19_08_22_R1",2.286229645,22862.296449
"Mwe","ND-72","19_08_22","R2","08","19","LH","control","19_08_22_R2",0.981054741,9810.5474126
"Mwe","ND-73","19_08_22","R3","08","19","LH","control","19_08_22_R3",2.590826949,25908.269484
"Mwe","ND-74","19_08_22","R1","08","19","LH","quagga","19_08_22_R1",2.112391593,21123.9159343
"Mwe","ND-75","19_08_22","R2","08","19","LH","quagga","19_08_22_R2",1.697618121,16976.1811986
"Mwe","ND-76","19_08_22","R4","08","19","LH","quagga","19_08_22_R4",2.178061386,21780.6138614
"Mwe","ND-8","18_07_10","R2","07","18","LE","control","18_07_10_R2",1.65585602,16558.560205
"Mwe","ND-9","18_07_10","R3","07","18","LE","control","18_07_10_R3",0.475316331,4753.163312
"Un","ND-1","18_06_28","R1","06","18","LE","control","18_06_28_R1",0.085324232,853.2423208
"Un","ND-10","18_07_10","R1","07","18","LE","control","18_07_10_R1",0.28177225,2817.722503
"Un","ND-11","18_07_10","R1","07","18","LE","quagga","18_07_10_R1",0.134272935,1342.729352
"Un","ND-12","18_07_10","R2","07","18","LE","quagga","18_07_10_R2",0.327420939,3274.209391
"Un","ND-13","18_07_10","R3","07","18","LE","quagga","18_07_10_R3",0,0
"Un","ND-14","18_07_10","R4","07","18","LE","quagga","18_07_10_R4",0,0
"Un","ND-15","18_07_25","R1","07","18","LE","control","18_07_25_R1",0,0
"Un","ND-16","18_07_25","R2","07","18","LE","control","18_07_25_R2",0.223347868,2233.478676
"Un","ND-17","18_07_25","R3","07","18","LE","control","18_07_25_R3",0,0
"Un","ND-18","18_07_25","R1","07","18","LE","quagga","18_07_25_R1",0.554960196,5549.60196
"Un","ND-19","18_07_25","R2","07","18","LE","quagga","18_07_25_R2",0.185224217,1852.242171
"Un","ND-2","18_06_28","R2","06","18","LE","control","18_06_28_R2",0.128873093,1288.730931
"Un","ND-20","18_07_25","R3","07","18","LE","quagga","18_07_25_R3",0.437079859,4370.798586
"Un","ND-21","18_07_25","R4","07","18","LE","quagga","18_07_25_R4",0,0
"Un","ND-22","18_08_15","R1","08","18","LE","control","18_08_15_R1",0.479065657,4790.656568
"Un","ND-23","18_08_15","R2","08","18","LE","control","18_08_15_R2",0,0
"Un","ND-24","18_08_15","R3","08","18","LE","control","18_08_15_R3",0,0
"Un","ND-25","18_08_15","R1","08","18","LE","quagga","18_08_15_R1",0,0
"Un","ND-26","18_08_15","R2","08","18","LE","quagga","18_08_15_R2",0,0
"Un","ND-27","18_08_15","R3","08","18","LE","quagga","18_08_15_R3",0,0
"Un","ND-28","18_08_15","R4","08","18","LE","quagga","18_08_15_R4",0,0
"Un","ND-29","18_10_4","R1","10","18","LE","control","18_10_4_R1",0,0
"Un","ND-3","18_06_28","R3","06","18","LE","control","18_06_28_R3",0.122222152,1222.221517
"Un","ND-30","18_10_4","R2","10","18","LE","control","18_10_4_R2",0.144308761,1443.08761
"Un","ND-31","18_10_4","R3","10","18","LE","control","18_10_4_R3",0,0
"Un","ND-32","18_10_4","R1","10","18","LE","quagga","18_10_4_R1",0,0
"Un","ND-33","18_10_4","R2","10","18","LE","quagga","18_10_4_R2",0,0
"Un","ND-35","19_07_18","R1","07","19","LE","control","19_07_18_R1",0,0
"Un","ND-36","19_07_18","R2","07","19","LE","control","19_07_18_R2",0,0
"Un","ND-37","19_07_18","R3","07","19","LE","control","19_07_18_R3",0.508198679,5081.986791
"Un","ND-38","19_07_18","R1","07","19","LE","quagga","19_07_18_R1",0,0
"Un","ND-39","19_07_18","R2","07","19","LE","quagga","19_07_18_R2",0.807649462,8076.494616
"Un","ND-4","18_06_28","R1","06","18","LE","quagga","18_06_28_R1",0.156676235,1566.762354
"Un","ND-40","19_07_18","R3","07","19","LE","quagga","19_07_18_R3",0,0
"Un","ND-41","19_07_18","R4","07","19","LE","quagga","19_07_18_R4",0,0
"Un","ND-42","19_07_31","R1","07","19","LE","control","19_07_31_R1",0.310482149,3104.821487
"Un","ND-43","19_07_31","R2","07","19","LE","control","19_07_31_R2",0.109376119,1093.76119
"Un","ND-44","19_07_31","R3","07","19","LE","control","19_07_31_R3",0.238375312,2383.753117
"Un","ND-45","19_07_31","R1","07","19","LE","quagga","19_07_31_R1",0.303411448,3034.114476
"Un","ND-46","19_07_31","R2","07","19","LE","quagga","19_07_31_R2",0.315475611,3154.756107
"Un","ND-47","19_07_31","R3","07","19","LE","quagga","19_07_31_R3",0.212927555,2129.275551
"Un","ND-48","19_07_31","R4","07","19","LE","quagga","19_07_31_R4",0.237528092,2375.280915
"Un","ND-49","19_08_13","R1","08","19","LE","control","19_08_13_R1",0.18273472,1827.347196
"Un","ND-5","18_06_28","R2","06","18","LE","quagga","18_06_28_R2",0,0
"Un","ND-50","19_08_13","R2","08","19","LE","control","19_08_13_R2",0,0
"Un","ND-51","19_08_13","R3","08","19","LE","control","19_08_13_R3",0.056386819,563.8681905
"Un","ND-52","19_08_13","R4","08","19","LE","control","19_08_13_R4",0,0
"Un","ND-53","19_08_13","R1","08","19","LE","quagga","19_08_13_R1",0,0
"Un","ND-54","19_08_13","R2","08","19","LE","quagga","19_08_13_R2",0,0
"Un","ND-55","19_08_13","R3","08","19","LE","quagga","19_08_13_R3",0.113905953,1139.05953
"Un","ND-56","19_08_13","R4","08","19","LE","quagga","19_08_13_R4",0,0
"Un","ND-57","19_09_18","R1","09","19","LE","control","19_09_18_R1",0,0
"Un","ND-58","19_09_18","R2","09","19","LE","control","19_09_18_R2",0,0
"Un","ND-59","19_09_18","R3","09","19","LE","control","19_09_18_R3",0,0
"Un","ND-6","18_06_28","R3","06","18","LE","quagga","18_06_28_R3",0.080223485,802.2348473
"Un","ND-60","19_09_18","R1","09","19","LE","quagga","19_09_18_R1",0.15910899,1591.089897
"Un","ND-61","19_09_18","R2","09","19","LE","quagga","19_09_18_R2",0,0
"Un","ND-62","19_09_18","R3","09","19","LE","quagga","19_09_18_R3",0,0
"Un","ND-63","19_09_18","R4","09","19","LE","quagga","19_09_18_R4",0,0
"Un","ND-64","19_06_12","R1","06","19","LH","control","19_06_12_R1",0,0
"Un","ND-65","19_06_12","R2","06","19","LH","control","19_06_12_R2",0,0
"Un","ND-66","19_06_12","R3","06","19","LH","control","19_06_12_R3",0,0
"Un","ND-67","19_06_12","R1","06","19","LH","quagga","19_06_12_R1",1.367434794,13674.34794
"Un","ND-68","19_06_12","R2","06","19","LH","quagga","19_06_12_R2",2.272727273,22727.27273
"Un","ND-69","19_06_12","R3","06","19","LH","quagga","19_06_12_R3",0,0
"Un","ND-7","18_06_28","R4","06","18","LE","quagga","18_06_28_R4",0.414693373,4146.933733
"Un","ND-70","19_06_12","R4","06","19","LH","quagga","19_06_12_R4",0,0
"Un","ND-71","19_08_22","R1","08","19","LH","control","19_08_22_R1",0,0
"Un","ND-72","19_08_22","R2","08","19","LH","control","19_08_22_R2",0,0
"Un","ND-73","19_08_22","R3","08","19","LH","control","19_08_22_R3",0,0
"Un","ND-74","19_08_22","R1","08","19","LH","quagga","19_08_22_R1",0,0
"Un","ND-75","19_08_22","R2","08","19","LH","quagga","19_08_22_R2",0.069290536,692.9053551
"Un","ND-76","19_08_22","R4","08","19","LH","quagga","19_08_22_R4",0.053779293,537.7929349
"Un","ND-8","18_07_10","R2","07","18","LE","control","18_07_10_R2",0.331171204,3311.712041
"Un","ND-9","18_07_10","R3","07","18","LE","control","18_07_10_R3",0,0
"Unknown","ND-1","18_06_28","R1","06","18","LE","control","18_06_28_R1",0,0
"Unknown","ND-10","18_07_10","R1","07","18","LE","control","18_07_10_R1",0,0
"Unknown","ND-11","18_07_10","R1","07","18","LE","quagga","18_07_10_R1",0,0
"Unknown","ND-12","18_07_10","R2","07","18","LE","quagga","18_07_10_R2",0,0
"Unknown","ND-13","18_07_10","R3","07","18","LE","quagga","18_07_10_R3",0,0
"Unknown","ND-14","18_07_10","R4","07","18","LE","quagga","18_07_10_R4",0,0
"Unknown","ND-15","18_07_25","R1","07","18","LE","control","18_07_25_R1",0,0
"Unknown","ND-16","18_07_25","R2","07","18","LE","control","18_07_25_R2",0.293661085,2936.610852
"Unknown","ND-17","18_07_25","R3","07","18","LE","control","18_07_25_R3",0,0
"Unknown","ND-18","18_07_25","R1","07","18","LE","quagga","18_07_25_R1",0,0
"Unknown","ND-19","18_07_25","R2","07","18","LE","quagga","18_07_25_R2",0,0
"Unknown","ND-2","18_06_28","R2","06","18","LE","control","18_06_28_R2",0,0
"Unknown","ND-20","18_07_25","R3","07","18","LE","quagga","18_07_25_R3",0,0
"Unknown","ND-21","18_07_25","R4","07","18","LE","quagga","18_07_25_R4",0,0
"Unknown","ND-22","18_08_15","R1","08","18","LE","control","18_08_15_R1",0,0
"Unknown","ND-23","18_08_15","R2","08","18","LE","control","18_08_15_R2",0,0
"Unknown","ND-24","18_08_15","R3","08","18","LE","control","18_08_15_R3",0,0
"Unknown","ND-25","18_08_15","R1","08","18","LE","quagga","18_08_15_R1",0,0
"Unknown","ND-26","18_08_15","R2","08","18","LE","quagga","18_08_15_R2",0,0
"Unknown","ND-27","18_08_15","R3","08","18","LE","quagga","18_08_15_R3",0,0
"Unknown","ND-28","18_08_15","R4","08","18","LE","quagga","18_08_15_R4",0,0
"Unknown","ND-29","18_10_4","R1","10","18","LE","control","18_10_4_R1",0,0
"Unknown","ND-3","18_06_28","R3","06","18","LE","control","18_06_28_R3",0.107132997,1071.329972
"Unknown","ND-30","18_10_4","R2","10","18","LE","control","18_10_4_R2",0,0
"Unknown","ND-31","18_10_4","R3","10","18","LE","control","18_10_4_R3",0,0
"Unknown","ND-32","18_10_4","R1","10","18","LE","quagga","18_10_4_R1",0,0
"Unknown","ND-33","18_10_4","R2","10","18","LE","quagga","18_10_4_R2",0,0
"Unknown","ND-35","19_07_18","R1","07","19","LE","control","19_07_18_R1",0,0
"Unknown","ND-36","19_07_18","R2","07","19","LE","control","19_07_18_R2",0,0
"Unknown","ND-37","19_07_18","R3","07","19","LE","control","19_07_18_R3",0.668187152,6681.871521
"Unknown","ND-38","19_07_18","R1","07","19","LE","quagga","19_07_18_R1",0.637349616,6373.496161
"Unknown","ND-39","19_07_18","R2","07","19","LE","quagga","19_07_18_R2",0,0
"Unknown","ND-4","18_06_28","R1","06","18","LE","quagga","18_06_28_R1",0,0
"Unknown","ND-40","19_07_18","R3","07","19","LE","quagga","19_07_18_R3",0,0
"Unknown","ND-41","19_07_18","R4","07","19","LE","quagga","19_07_18_R4",0,0
"Unknown","ND-42","19_07_31","R1","07","19","LE","control","19_07_31_R1",0.151195011,1511.950107
"Unknown","ND-43","19_07_31","R2","07","19","LE","control","19_07_31_R2",0,0
"Unknown","ND-44","19_07_31","R3","07","19","LE","control","19_07_31_R3",0.10447313,1044.731305
"Unknown","ND-45","19_07_31","R1","07","19","LE","quagga","19_07_31_R1",0.220099237,2200.992366
"Unknown","ND-46","19_07_31","R2","07","19","LE","quagga","19_07_31_R2",0,0
"Unknown","ND-47","19_07_31","R3","07","19","LE","quagga","19_07_31_R3",0.029469506,294.6950567
"Unknown","ND-48","19_07_31","R4","07","19","LE","quagga","19_07_31_R4",0,0
"Unknown","ND-49","19_08_13","R1","08","19","LE","control","19_08_13_R1",0,0
"Unknown","ND-5","18_06_28","R2","06","18","LE","quagga","18_06_28_R2",0,0
"Unknown","ND-50","19_08_13","R2","08","19","LE","control","19_08_13_R2",0,0
"Unknown","ND-51","19_08_13","R3","08","19","LE","control","19_08_13_R3",0.14827645,1482.764501
"Unknown","ND-52","19_08_13","R4","08","19","LE","control","19_08_13_R4",0,0
"Unknown","ND-53","19_08_13","R1","08","19","LE","quagga","19_08_13_R1",0,0
"Unknown","ND-54","19_08_13","R2","08","19","LE","quagga","19_08_13_R2",0,0
"Unknown","ND-55","19_08_13","R3","08","19","LE","quagga","19_08_13_R3",0,0
"Unknown","ND-56","19_08_13","R4","08","19","LE","quagga","19_08_13_R4",0,0
"Unknown","ND-57","19_09_18","R1","09","19","LE","control","19_09_18_R1",0,0
"Unknown","ND-58","19_09_18","R2","09","19","LE","control","19_09_18_R2",0,0
"Unknown","ND-59","19_09_18","R3","09","19","LE","control","19_09_18_R3",0,0
"Unknown","ND-6","18_06_28","R3","06","18","LE","quagga","18_06_28_R3",0,0
"Unknown","ND-60","19_09_18","R1","09","19","LE","quagga","19_09_18_R1",0,0
"Unknown","ND-61","19_09_18","R2","09","19","LE","quagga","19_09_18_R2",0,0
"Unknown","ND-62","19_09_18","R3","09","19","LE","quagga","19_09_18_R3",0,0
"Unknown","ND-63","19_09_18","R4","09","19","LE","quagga","19_09_18_R4",0,0
"Unknown","ND-64","19_06_12","R1","06","19","LH","control","19_06_12_R1",0,0
"Unknown","ND-65","19_06_12","R2","06","19","LH","control","19_06_12_R2",0,0
"Unknown","ND-66","19_06_12","R3","06","19","LH","control","19_06_12_R3",0,0
"Unknown","ND-67","19_06_12","R1","06","19","LH","quagga","19_06_12_R1",3.59584705,35958.4705
"Unknown","ND-68","19_06_12","R2","06","19","LH","quagga","19_06_12_R2",0,0
"Unknown","ND-69","19_06_12","R3","06","19","LH","quagga","19_06_12_R3",0,0
"Unknown","ND-7","18_06_28","R4","06","18","LE","quagga","18_06_28_R4",0,0
"Unknown","ND-70","19_06_12","R4","06","19","LH","quagga","19_06_12_R4",0,0
"Unknown","ND-71","19_08_22","R1","08","19","LH","control","19_08_22_R1",0,0
"Unknown","ND-72","19_08_22","R2","08","19","LH","control","19_08_22_R2",0,0
"Unknown","ND-73","19_08_22","R3","08","19","LH","control","19_08_22_R3",0,0
"Unknown","ND-74","19_08_22","R1","08","19","LH","quagga","19_08_22_R1",0,0
"Unknown","ND-75","19_08_22","R2","08","19","LH","quagga","19_08_22_R2",0,0
"Unknown","ND-76","19_08_22","R4","08","19","LH","quagga","19_08_22_R4",0,0
"Unknown","ND-8","18_07_10","R2","07","18","LE","control","18_07_10_R2",0,0
"Unknown","ND-9","18_07_10","R3","07","18","LE","control","18_07_10_R3",0,0
